Date,Adj Close,Close,High,Low,Open,Volume
2015-07-02,46.757774353027344,46.757774353027344,52.8746452331543,41.479736328125,41.479736328125,796705
2015-07-06,47.1253547668457,47.1253547668457,47.23845291137695,43.95853042602539,46.644676208496094,848482
2015-07-07,44.213008880615234,44.213008880615234,47.544769287109375,43.685203552246094,46.99340057373047,452835
2015-07-08,42.06880187988281,42.06880187988281,44.274269104003906,41.74363708496094,43.27992630004883,850392
2015-07-09,40.584354400634766,40.584354400634766,42.43166732788086,40.2601318359375,41.86616516113281,688165
2015-07-10,41.894439697265625,41.894439697265625,42.57304382324219,39.20829391479492,39.21772003173828,900365
2015-07-13,45.08011245727539,45.08011245727539,45.26861572265625,40.754005432128906,41.43260955810547,736122
2015-07-14,43.45899963378906,43.45899963378906,44.985862731933594,42.58246994018555,44.985862731933594,400846
2015-07-15,43.147972106933594,43.147972106933594,43.29877471923828,42.412818908691406,43.11969757080078,224295
2015-07-16,43.21394729614258,43.21394729614258,43.487274169921875,42.723846435546875,43.17625045776367,344082
2015-07-17,46.757774353027344,46.757774353027344,47.30442810058594,43.063148498535156,43.374176025390625,318300
2015-07-20,45.60791778564453,45.60791778564453,46.90857696533203,45.06126403808594,46.90857696533203,198619
2015-07-21,44.627708435058594,44.627708435058594,45.8246955871582,44.42035675048828,45.796417236328125,158089
2015-07-22,44.373233795166016,44.373233795166016,45.852970123291016,44.09048080444336,44.835060119628906,237240
2015-07-23,43.91140365600586,43.91140365600586,44.439208984375,43.82658004760742,44.29783248901367,101007
2015-07-24,42.5070686340332,42.5070686340332,44.29783248901367,42.497642517089844,43.864280700683594,183659
2015-07-27,41.244110107421875,41.244110107421875,42.69557189941406,40.99905776977539,42.318565368652344,212731
2015-07-28,41.366634368896484,41.366634368896484,42.45994186401367,39.96229934692383,41.526859283447266,270343
2015-07-29,40.584354400634766,40.584354400634766,41.762489318847656,40.26390075683594,41.3854866027832,148964
2015-07-30,40.885955810546875,40.885955810546875,42.45051956176758,40.30160140991211,40.30160140991211,93474
2015-07-31,40.30160140991211,40.30160140991211,42.412818908691406,40.0848274230957,40.55607986450195,245409
2015-08-03,40.103675842285156,40.103675842285156,41.902923583984375,39.886898040771484,41.09330749511719,113421
2015-08-04,40.49010467529297,40.49010467529297,40.61262893676758,39.97172546386719,40.103675842285156,216338
2015-08-05,40.26390075683594,40.26390075683594,41.47031021118164,40.113101959228516,40.584354400634766,320634
2015-08-06,39.18944549560547,39.18944549560547,40.245052337646484,38.6993408203125,40.245052337646484,206365
2015-08-07,37.756832122802734,37.756832122802734,39.31196975708008,37.26673126220703,39.17059326171875,216868
2015-08-10,37.813385009765625,37.813385009765625,38.11027145385742,37.43638229370117,37.96418380737305,328592
2015-08-11,37.26673126220703,37.26673126220703,38.0678596496582,36.99340057373047,37.70028305053711,467264
2015-08-12,36.66352462768555,36.66352462768555,37.34684371948242,36.512725830078125,37.25730514526367,383445
2015-08-13,36.69179916381836,36.69179916381836,36.795475006103516,36.286521911621094,36.672950744628906,420899
2015-08-14,37.04995346069336,37.04995346069336,37.35155487060547,36.503299713134766,36.70122528076172,110768
2015-08-17,36.795475006103516,36.795475006103516,37.445804595947266,36.72949981689453,36.99340057373047,300263
2015-08-18,36.644676208496094,36.644676208496094,36.974552154541016,36.47502517700195,36.77662658691406,218354
2015-08-19,35.994346618652344,35.994346618652344,36.503299713134766,35.86239242553711,36.23939514160156,184508
2015-08-20,34.92931365966797,34.92931365966797,35.852970123291016,34.86333465576172,35.815269470214844,158089
2015-08-21,34.59000778198242,34.59000778198242,35.023563385009766,34.3543815612793,34.57115936279297,129230
2015-08-24,33.11969757080078,33.11969757080078,34.48633575439453,31.87558937072754,32.95004653930664,181643
2015-08-25,31.69651222229004,31.69651222229004,34.005653381347656,31.244108200073242,34.005653381347656,283924
2015-08-26,31.573986053466797,31.573986053466797,32.384544372558594,31.22997283935547,32.384544372558594,153739
2015-08-27,32.56361770629883,32.56361770629883,32.63901901245117,31.687088012695312,31.687088012695312,168699
2015-08-28,32.91234588623047,32.91234588623047,33.12912368774414,32.365692138671875,32.365692138671875,110981
2015-08-31,32.39396667480469,32.39396667480469,32.97832107543945,32.13949203491211,32.902923583984375,91352
2015-09-01,30.39585304260254,30.39585304260254,32.35626983642578,30.30160140991211,31.545711517333984,156498
2015-09-02,30.678604125976562,30.678604125976562,31.121583938598633,30.282751083374023,31.121583938598633,81060
2015-09-03,31.102733612060547,31.102733612060547,31.64938735961914,30.51837921142578,30.56550407409668,43819
2015-09-04,30.73515510559082,30.73515510559082,30.857681274414062,30.098962783813477,30.73515510559082,120636
2015-09-08,32.902923583984375,32.902923583984375,33.17625045776367,31.291234970092773,31.291234970092773,123819
2015-09-09,33.656925201416016,33.656925201416016,34.22243118286133,33.063148498535156,33.204524993896484,67374
2015-09-10,36.163997650146484,36.163997650146484,36.42789840698242,33.60037612915039,33.60037612915039,110450
2015-09-11,36.54100036621094,36.54100036621094,36.95570373535156,35.69274139404297,35.815269470214844,253367
2015-09-14,34.495758056640625,34.495758056640625,36.99340057373047,34.26955795288086,36.54100036621094,97400
2015-09-15,34.81621170043945,34.81621170043945,34.886898040771484,34.213008880615234,34.316680908203125,78832
2015-09-16,34.39208221435547,34.39208221435547,34.94816207885742,33.9868049621582,34.90103530883789,70875
2015-09-17,34.81621170043945,34.81621170043945,35.07068634033203,34.40150833129883,34.448631286621094,124880
2015-09-18,34.24128341674805,34.24128341674805,34.542884826660156,33.73232650756836,33.73232650756836,284454
2015-09-21,33.9868049621582,33.9868049621582,34.63713455200195,33.76060485839844,34.46748352050781,110875
2015-09-22,32.45994186401367,32.45994186401367,33.57210159301758,32.39396667480469,33.52497482299805,88275
2015-09-23,32.186614990234375,32.186614990234375,32.51649475097656,31.99811553955078,32.51649475097656,55172
2015-09-24,32.855796813964844,32.855796813964844,33.03015899658203,31.272384643554688,31.856739044189453,170078
2015-09-25,33.072574615478516,33.072574615478516,33.327049255371094,32.45994186401367,32.676719665527344,106100
2015-09-28,31.809614181518555,31.809614181518555,33.034873962402344,31.63996124267578,32.93119812011719,68859
2015-09-29,31.743637084960938,31.743637084960938,32.08293914794922,31.592836380004883,31.753063201904297,82228
2015-09-30,31.753063201904297,31.753063201904297,32.04523849487305,31.234683990478516,32.04523849487305,83182
2015-10-01,32.026390075683594,32.026390075683594,32.243167877197266,31.715362548828125,31.87558937072754,86472
2015-10-02,32.93119812011719,32.93119812011719,32.95947265625,31.724788665771484,31.724788665771484,56976
2015-10-05,33.9868049621582,33.9868049621582,34.11875534057617,33.15739822387695,33.15739822387695,81060
2015-10-06,34.42035675048828,34.42035675048828,34.52403259277344,33.94910430908203,33.94910430908203,43607
2015-10-07,34.38265609741211,34.38265609741211,35.164939880371094,34.30725860595703,34.5334587097168,140158
2015-10-08,33.56267547607422,33.56267547607422,34.684261322021484,33.242225646972656,34.40150833129883,58249
2015-10-09,33.685203552246094,33.685203552246094,33.892555236816406,32.99717330932617,33.58152770996094,133156
2015-10-12,32.98774719238281,32.98774719238281,34.203582763671875,32.846370697021484,33.74175262451172,106631
2015-10-13,32.63901901245117,32.63901901245117,32.86521911621094,31.87558937072754,32.65787124633789,239468
2015-10-14,32.94062042236328,32.94062042236328,33.77002716064453,32.365692138671875,32.704994201660156,76816
2015-10-15,32.73326873779297,32.73326873779297,33.30820083618164,32.13949203491211,32.91234588623047,35968
2015-10-16,32.365692138671875,32.365692138671875,32.95947265625,31.81903839111328,32.7803955078125,126790
2015-10-19,32.45051956176758,32.45051956176758,34.05278015136719,32.25259017944336,32.25259017944336,331138
2015-10-20,31.837888717651367,31.837888717651367,32.76154708862305,31.13100814819336,32.375118255615234,62811
2015-10-21,31.102733612060547,31.102733612060547,31.96041488647461,30.933082580566406,31.96041488647461,188328
2015-10-22,35.3817138671875,35.3817138671875,35.90951919555664,30.42412757873535,31.187559127807617,752567
2015-10-23,38.6050910949707,38.6050910949707,39.764373779296875,35.193214416503906,35.52309036254883,258460
2015-10-26,36.644676208496094,36.644676208496094,38.66164016723633,36.1922721862793,38.4354362487793,126896
2015-10-27,36.35249710083008,36.35249710083008,36.757774353027344,35.494815826416016,36.757774353027344,135384
2015-10-28,37.23845291137695,37.23845291137695,37.74740982055664,36.47879409790039,36.682376861572266,36605
2015-10-29,36.72007369995117,36.72007369995117,37.36098098754883,36.503299713134766,37.106502532958984,37029
2015-10-30,36.39962387084961,36.39962387084961,37.1253547668457,34.94816207885742,36.625823974609375,73527
2015-11-02,36.135719299316406,36.135719299316406,36.74835205078125,35.966068267822266,36.55984878540039,35862
2015-11-03,36.30537033081055,36.30537033081055,36.43732452392578,35.815269470214844,35.928367614746094,83607
2015-11-04,35.05183792114258,35.05183792114258,37.2196044921875,34.985862731933594,36.41847229003906,103766
2015-11-05,34.505184173583984,34.505184173583984,35.34401321411133,34.156455993652344,35.05183792114258,49337
2015-11-06,35.26861572265625,35.26861572265625,36.0131950378418,33.92082977294922,34.40150833129883,63554
2015-11-09,35.032989501953125,35.032989501953125,35.6550407409668,34.514610290527344,35.6550407409668,45411
2015-11-10,35.22148895263672,35.22148895263672,35.994346618652344,34.87276077270508,35.193214416503906,97506
2015-11-11,34.844486236572266,34.844486236572266,36.0131950378418,34.27898025512695,35.504241943359375,63660
2015-11-12,33.96795654296875,33.96795654296875,34.82563781738281,33.81715393066406,34.40150833129883,58461
2015-11-13,34.316680908203125,34.316680908203125,34.505184173583984,33.28934860229492,33.798301696777344,100265
2015-11-16,35.815269470214844,35.815269470214844,36.21112060546875,33.534400939941406,34.316680908203125,94217
2015-11-17,34.86333465576172,34.86333465576172,36.625823974609375,34.59000778198242,36.22054672241211,120742
2015-11-18,35.193214416503906,35.193214416503906,35.325164794921875,34.335533142089844,34.99528884887695,123607
2015-11-19,35.69274139404297,35.69274139404297,35.88124465942383,34.73138427734375,35.11781311035156,61432
2015-11-20,35.636192321777344,35.636192321777344,36.07917022705078,35.164939880371094,36.07917022705078,57612
2015-11-23,34.844486236572266,34.844486236572266,35.664466857910156,34.05278015136719,35.560791015625,124243
2015-11-24,33.96795654296875,33.96795654296875,35.42884063720703,32.99717330932617,34.60886001586914,166683
2015-11-25,34.3543815612793,34.3543815612793,35.984920501708984,33.95853042602539,34.0810546875,281589
2015-11-27,34.39208221435547,34.39208221435547,34.82563781738281,33.656925201416016,34.26955795288086,39151
2015-11-30,35.39113998413086,35.39113998413086,35.47596740722656,34.3543815612793,34.3543815612793,153208
2015-12-01,36.74835205078125,36.74835205078125,37.153629302978516,35.30160140991211,35.54194259643555,255807
2015-12-02,38.4260139465332,38.4260139465332,38.642791748046875,36.757774353027344,36.757774353027344,160954
2015-12-03,37.276153564453125,37.276153564453125,38.71818923950195,37.13478088378906,38.68048858642578,157240
2015-12-04,36.343074798583984,36.343074798583984,37.18190383911133,35.75871658325195,37.18190383911133,59204
2015-12-07,35.551368713378906,35.551368713378906,36.9462776184082,35.17436218261719,36.24882125854492,111829
2015-12-08,35.24033737182617,35.24033737182617,35.41941452026367,34.7125358581543,35.08011245727539,118938
2015-12-09,35.29689025878906,35.29689025878906,35.6456184387207,35.04241180419922,35.08011245727539,121591
2015-12-10,35.193214416503906,35.193214416503906,35.71159362792969,34.91988754272461,35.193214416503906,221855
2015-12-11,34.73138427734375,34.73138427734375,35.155513763427734,34.63713455200195,34.82563781738281,104402
2015-12-14,33.8077278137207,33.8077278137207,34.78793716430664,33.2327995300293,34.684261322021484,278194
2015-12-15,34.28840637207031,34.28840637207031,34.42035675048828,33.15739822387695,33.61922836303711,154906
2015-12-16,35.25918960571289,35.25918960571289,35.74929428100586,34.30725860595703,34.797359466552734,152996
2015-12-17,35.21206283569336,35.21206283569336,35.3817138671875,34.844486236572266,35.023563385009766,129654
2015-12-18,35.89067077636719,35.89067077636719,36.324222564697266,33.93967819213867,35.014137268066406,787156
2015-12-21,37.08765411376953,37.08765411376953,37.163055419921875,36.277095794677734,36.3713493347168,165198
2015-12-22,38.33176040649414,38.33176040649414,38.38831329345703,36.88030242919922,36.99340057373047,127108
2015-12-23,37.78510665893555,37.78510665893555,38.53911590576172,37.70970916748047,38.407161712646484,98036
2015-12-24,37.90763473510742,37.90763473510742,38.284637451171875,37.70028305053711,38.284637451171875,27480
2015-12-28,37.69085693359375,37.69085693359375,38.01131057739258,37.106502532958984,37.803958892822266,40530
2015-12-29,38.04901123046875,38.04901123046875,38.18096160888672,37.08765411376953,37.83223342895508,96551
2015-12-30,38.03958511352539,38.03958511352539,38.53911590576172,37.86521911621094,37.945335388183594,31936
2015-12-31,38.99151611328125,38.99151611328125,39.49104690551758,37.83223342895508,38.02073669433594,81060
2016-01-04,36.852027893066406,36.852027893066406,38.774742126464844,36.69179916381836,38.473140716552734,135702
2016-01-05,36.66352462768555,36.66352462768555,37.295005798339844,35.7398681640625,36.936851501464844,104721
2016-01-06,36.503299713134766,36.503299713134766,36.757774353027344,35.40056610107422,36.12629699707031,24721
2016-01-07,35.57964324951172,35.57964324951172,36.314796447753906,35.25918960571289,35.90951919555664,87426
2016-01-08,35.71159362792969,35.71159362792969,36.03204345703125,35.193214416503906,35.673892974853516,75968
2016-01-11,35.69274139404297,35.69274139404297,36.107444763183594,35.24976348876953,35.664466857910156,101219
2016-01-12,35.57021713256836,35.57021713256836,36.0131950378418,35.13666534423828,36.0131950378418,163288
2016-01-13,34.967010498046875,34.967010498046875,36.0980224609375,34.87276077270508,35.683319091796875,76498
2016-01-14,35.36286544799805,35.36286544799805,36.17341995239258,34.58058547973633,35.00471115112305,71618
2016-01-15,33.30820083618164,33.30820083618164,34.627708435058594,32.62017059326172,34.439208984375,132519
2016-01-19,33.845428466796875,33.845428466796875,33.99623107910156,33.08199691772461,33.77002716064453,97294
2016-01-20,31.894439697265625,31.894439697265625,33.242225646972656,31.322336196899414,33.242225646972656,414108
2016-01-21,31.460886001586914,31.460886001586914,32.26295852661133,31.027332305908203,31.988689422607422,194587
2016-01-22,32.1112174987793,32.1112174987793,32.35626983642578,31.40433692932129,31.932138442993164,105463
2016-01-25,31.894439697265625,31.894439697265625,32.33741760253906,30.90480613708496,31.979265213012695,156922
2016-01-26,32.28086853027344,32.28086853027344,32.3279914855957,30.65975570678711,32.08293914794922,110132
2016-01-27,31.932138442993164,31.932138442993164,32.6861457824707,31.771913528442383,32.233741760253906,135278
2016-01-28,31.715362548828125,31.715362548828125,32.43166732788086,31.291234970092773,32.13949203491211,113421
2016-01-29,33.17625045776367,33.17625045776367,33.21394729614258,29.184730529785156,31.894439697265625,57825
2016-02-01,33.99623107910156,33.99623107910156,34.1753044128418,32.15834045410156,33.034873962402344,63554
2016-02-02,33.8077278137207,33.8077278137207,33.96795654296875,32.04523849487305,33.60037612915039,112572
2016-02-03,33.534400939941406,33.534400939941406,33.93967819213867,32.714420318603516,33.93967819213867,57188
2016-02-04,34.439208984375,34.439208984375,35.014137268066406,31.988689422607422,33.4118766784668,63342
2016-02-05,33.95853042602539,33.95853042602539,34.39208221435547,33.185672760009766,34.3543815612793,58673
2016-02-08,31.809614181518555,31.809614181518555,33.93025588989258,31.34778594970703,33.47785186767578,82652
2016-02-09,30.631479263305664,30.631479263305664,32.46936798095703,30.197925567626953,31.2535343170166,75862
2016-02-10,30.91423225402832,30.91423225402832,31.22525978088379,30.556079864501953,30.857681274414062,43077
2016-02-11,30.414703369140625,30.414703369140625,30.810556411743164,30.08482551574707,30.51837921142578,38833
2016-02-12,30.329877853393555,30.329877853393555,30.61263084411621,30.207351684570312,30.61263084411621,69708
2016-02-16,31.2535343170166,31.2535343170166,31.460886001586914,30.34872817993164,30.810556411743164,144508
2016-02-17,32.03581619262695,32.03581619262695,32.29971694946289,30.25447654724121,31.319509506225586,140901
2016-02-18,31.536287307739258,31.536287307739258,32.601318359375,31.460886001586914,32.4222412109375,48594
2016-02-19,30.791706085205078,30.791706085205078,31.423185348510742,30.636192321777344,31.423185348510742,95808
2016-02-22,31.621112823486328,31.621112823486328,31.687088012695312,30.725730895996094,31.17813491821289,103554
2016-02-23,30.885957717895508,30.885957717895508,31.847314834594727,30.31574058532715,31.555137634277344,61750
2016-02-24,30.16965103149414,30.16965103149414,30.65975570678711,29.51932144165039,30.42412757873535,169336
2016-02-25,30.51837921142578,30.51837921142578,30.69745445251465,29.896324157714844,30.43355369567871,97188
2016-02-26,31.244108200073242,31.244108200073242,31.4326114654541,30.362865447998047,30.69745445251465,55490
2016-02-29,31.99811553955078,31.99811553955078,32.073516845703125,30.537229537963867,31.413761138916016,92731
2016-03-01,32.57304382324219,32.57304382324219,32.99717330932617,31.715362548828125,32.243167877197266,39575
2016-03-02,33.034873962402344,33.034873962402344,33.195098876953125,32.233741760253906,32.58246994018555,30239
2016-03-03,33.27992630004883,33.27992630004883,33.43072509765625,32.384544372558594,33.00659942626953,80106
2016-03-04,32.62017059326172,32.62017059326172,33.553253173828125,32.09236526489258,33.40245056152344,65039
2016-03-07,32.29971694946289,32.29971694946289,32.8746452331543,31.573986053466797,32.35626983642578,69814
2016-03-08,31.82846450805664,31.82846450805664,32.544769287109375,31.583412170410156,32.13006591796875,39788
2016-03-09,31.922714233398438,31.922714233398438,32.186614990234375,31.413761138916016,31.7059383392334,44986
2016-03-10,31.771913528442383,31.771913528442383,32.33741760253906,31.551366806030273,32.08293914794922,51034
2016-03-11,32.22431564331055,32.22431564331055,32.69557189941406,31.677663803100586,32.15834045410156,63766
2016-03-14,32.1112174987793,32.1112174987793,32.4222412109375,32.026390075683594,32.22431564331055,34164
2016-03-15,31.668237686157227,31.668237686157227,32.196041107177734,31.47031021118164,31.932138442993164,56127
2016-03-16,32.5070686340332,32.5070686340332,32.676719665527344,31.479736328125,31.479736328125,33634
2016-03-17,33.15739822387695,33.15739822387695,33.506126403808594,32.63901901245117,32.69557189941406,65464
2016-03-18,32.94062042236328,32.94062042236328,33.6050910949707,32.893497467041016,33.0537223815918,84986
2016-03-21,33.16682434082031,33.16682434082031,33.355323791503906,32.76154708862305,32.76154708862305,32361
2016-03-22,33.15739822387695,33.15739822387695,33.44957733154297,32.16776657104492,32.80867004394531,26313
2016-03-23,33.22337341308594,33.22337341308594,33.48256301879883,32.92177200317383,32.96889877319336,51140
2016-03-24,33.195098876953125,33.195098876953125,33.28934860229492,32.902923583984375,33.025447845458984,55596
2016-03-28,33.195098876953125,33.195098876953125,33.4118766784668,32.884071350097656,33.355323791503906,19629
2016-03-29,33.553253173828125,33.553253173828125,33.93025588989258,33.016021728515625,33.17625045776367,16658
2016-03-30,33.60037612915039,33.60037612915039,34.04335403442383,32.56833267211914,33.88312911987305,62387
2016-03-31,33.04429626464844,33.04429626464844,33.64750289916992,32.73326873779297,33.586238861083984,48488
2016-04-01,32.93119812011719,32.93119812011719,32.99717330932617,32.723846435546875,32.723846435546875,50822
2016-04-04,32.233741760253906,32.233741760253906,32.92177200317383,32.04429626464844,32.92177200317383,21963
2016-04-05,31.737041473388672,31.737041473388672,31.969839096069336,31.573986053466797,31.894439697265625,21538
2016-04-06,31.621112823486328,31.621112823486328,31.969839096069336,31.536287307739258,31.630537033081055,41167
2016-04-07,31.90386390686035,31.90386390686035,32.016963958740234,31.272384643554688,31.4326114654541,70557
2016-04-08,32.28086853027344,32.28086853027344,32.497642517089844,31.56456184387207,32.29029083251953,149283
2016-04-11,32.22431564331055,32.22431564331055,32.63901901245117,32.016963958740234,32.412818908691406,26737
2016-04-12,32.58246994018555,32.58246994018555,32.72855758666992,32.17719268798828,32.17719268798828,44456
2016-04-13,32.723846435546875,32.723846435546875,33.185672760009766,32.723846435546875,32.75212097167969,39151
2016-04-14,32.676719665527344,32.676719665527344,33.17625045776367,31.743637084960938,32.714420318603516,124986
2016-04-15,32.63901901245117,32.63901901245117,32.98774719238281,31.90386390686035,32.704994201660156,269600
2016-04-18,32.902923583984375,32.902923583984375,33.2327995300293,32.704994201660156,32.704994201660156,335488
2016-04-19,32.3279914855957,32.3279914855957,33.27992630004883,32.04523849487305,32.95004653930664,110132
2016-04-20,32.846370697021484,32.846370697021484,33.5909538269043,32.09236526489258,32.196041107177734,122333
2016-04-21,33.87370300292969,33.87370300292969,33.91140365600586,32.65787124633789,32.723846435546875,83819
2016-04-22,34.335533142089844,34.335533142089844,34.59000778198242,33.58152770996094,33.82658004760742,78514
2016-04-25,34.47690963745117,34.47690963745117,34.55230712890625,33.99623107910156,34.22243118286133,30026
2016-04-26,34.82563781738281,34.82563781738281,35.11781311035156,34.1658821105957,34.46748352050781,72466
2016-04-27,35.796417236328125,35.796417236328125,36.07917022705078,34.7125358581543,34.7125358581543,64615
2016-04-28,36.25824737548828,36.25824737548828,36.66352462768555,35.315738677978516,35.551368713378906,134747
2016-04-29,35.372291564941406,35.372291564941406,36.5881233215332,34.985862731933594,36.22054672241211,63872
2016-05-02,35.47596740722656,35.47596740722656,35.54194259643555,35.13666534423828,35.494815826416016,19310
2016-05-03,35.05183792114258,35.05183792114258,35.644676208496094,34.91988754272461,35.27804183959961,48488
2016-05-04,35.13666534423828,35.13666534423828,35.34401321411133,34.55230712890625,34.87276077270508,26843
2016-05-05,35.22148895263672,35.22148895263672,35.8341178894043,35.014137268066406,35.193214416503906,38514
2016-05-06,35.815269470214844,35.815269470214844,35.94721984863281,34.75023651123047,35.193214416503906,100795
2016-05-09,36.56927490234375,36.56927490234375,36.95570373535156,35.485389709472656,35.815269470214844,118195
2016-05-10,37.07822799682617,37.07822799682617,37.323280334472656,35.77756881713867,36.852027893066406,69283
2016-05-11,37.18190383911133,37.18190383911133,37.74740982055664,36.70122528076172,37.03110122680664,114376
2016-05-12,37.65315628051758,37.65315628051758,37.84165954589844,37.323280334472656,37.36098098754883,40955
2016-05-13,37.295005798339844,37.295005798339844,37.794532775878906,36.91800308227539,37.681434631347656,82334
2016-05-16,37.756832122802734,37.756832122802734,37.77568435668945,37.20075225830078,37.22903060913086,300687
2016-05-17,38.444862365722656,38.444862365722656,40.1790771484375,37.587181091308594,37.70970916748047,448273
2016-05-18,38.114986419677734,38.114986419677734,38.77945327758789,37.163055419921875,38.07728576660156,166365
2016-05-19,37.455230712890625,37.455230712890625,38.18096160888672,37.18190383911133,37.78510665893555,169017
2016-05-20,37.615455627441406,37.615455627441406,38.096134185791016,37.502357482910156,37.82280731201172,37135
2016-05-23,37.502357482910156,37.502357482910156,37.90763473510742,37.502357482910156,37.66258239746094,61220
2016-05-24,38.17153549194336,38.17153549194336,38.284637451171875,37.55890655517578,37.69085693359375,129654
2016-05-25,38.32233810424805,38.32233810424805,38.642791748046875,38.20923614501953,38.284637451171875,65464
2016-05-26,38.294063568115234,38.294063568115234,38.473140716552734,37.26673126220703,38.444862365722656,112784
2016-05-27,38.74646759033203,38.74646759033203,38.91611862182617,38.25636291503906,38.25636291503906,25464
2016-05-31,38.71818923950195,38.71818923950195,38.99151611328125,38.36003875732422,38.944393157958984,85729
2016-06-01,38.803016662597656,38.803016662597656,39.30254364013672,38.35061264038086,38.50141525268555,162651
2016-06-02,36.965126037597656,36.965126037597656,39.61357116699219,36.53157424926758,38.473140716552734,986942
2016-06-03,34.91046142578125,34.91046142578125,37.55796432495117,34.806785583496094,36.757774353027344,439042
2016-06-06,34.674835205078125,34.674835205078125,35.11781311035156,34.30725860595703,35.11781311035156,67267
2016-06-07,35.18378829956055,35.18378829956055,35.2874641418457,34.48633575439453,34.48633575439453,178460
2016-06-08,35.34401321411133,35.34401321411133,35.4665412902832,35.023563385009766,35.12723922729492,188009
2016-06-09,35.146087646484375,35.146087646484375,35.47596740722656,34.74081039428711,35.34401321411133,52626
2016-06-10,34.91046142578125,34.91046142578125,35.05183792114258,34.48633575439453,34.91046142578125,57825
2016-06-13,34.495758056640625,34.495758056640625,34.87276077270508,33.94910430908203,34.87276077270508,93580
2016-06-14,34.495758056640625,34.495758056640625,34.57115936279297,34.071632385253906,34.46748352050781,94111
2016-06-15,34.69368362426758,34.69368362426758,34.87276077270508,34.505184173583984,34.542884826660156,76074
2016-06-16,34.81621170043945,34.81621170043945,34.8916130065918,34.326107025146484,34.665409088134766,140689
2016-06-17,34.76908493041992,34.76908493041992,34.91046142578125,34.335533142089844,34.73138427734375,172519
2016-06-20,33.6286506652832,33.6286506652832,35.560791015625,33.51555252075195,35.146087646484375,156179
2016-06-21,32.80867004394531,32.80867004394531,33.836002349853516,31.79076385498047,33.60037612915039,1718077
2016-06-22,31.21583366394043,31.21583366394043,32.77096939086914,31.13100814819336,32.69557189941406,679889
2016-06-23,32.233741760253906,32.233741760253906,32.44109344482422,30.278039932250977,31.4326114654541,1063228
2016-06-24,31.51743507385254,31.51743507385254,31.88030242919922,30.39585304260254,30.69745445251465,1289539
2016-06-27,31.05560874938965,31.05560874938965,31.4326114654541,30.584354400634766,31.206409454345703,1728900
2016-06-28,30.216777801513672,30.216777801513672,31.913288116455078,30.197925567626953,31.479736328125,1544498
2016-06-29,30.593778610229492,30.593778610229492,30.895381927490234,30.25447654724121,30.584354400634766,800843
2016-06-30,30.405277252197266,30.405277252197266,31.159284591674805,30.056549072265625,30.706880569458008,915113
2016-07-01,31.196983337402344,31.196983337402344,31.31008529663086,29.924598693847656,30.141376495361328,657502
2016-07-05,30.150800704956055,30.150800704956055,30.895381927490234,30.037700653076172,30.65975570678711,3598594
2016-07-06,31.272384643554688,31.272384643554688,31.38548469543457,28.60508918762207,29.66069793701172,2986503
2016-07-07,32.12063980102539,32.12063980102539,32.82752227783203,30.933082580566406,30.980207443237305,1570811
2016-07-08,33.242225646972656,33.242225646972656,33.364749908447266,31.413761138916016,31.69651222229004,1115642
2016-07-11,32.51649475097656,32.51649475097656,33.00659942626953,31.413761138916016,32.97832107543945,1357868
2016-07-12,32.27144241333008,32.27144241333008,32.7803955078125,32.21489334106445,32.46936798095703,783336
2016-07-13,31.451461791992188,31.451461791992188,32.45994186401367,31.376060485839844,32.40339279174805,970178
2016-07-14,32.04523849487305,32.04523849487305,32.26201629638672,31.47031021118164,31.913288116455078,1343120
2016-07-15,32.04523849487305,32.04523849487305,32.7803955078125,31.64938735961914,32.08293914794922,508113
2016-07-18,32.47879409790039,32.47879409790039,32.64844512939453,31.621112823486328,31.913288116455078,451456
2016-07-19,32.73326873779297,32.73326873779297,32.75212097167969,32.375118255615234,32.46936798095703,570500
2016-07-20,33.57210159301758,33.57210159301758,33.74175262451172,32.40339279174805,32.497642517089844,544611
2016-07-21,34.071632385253906,34.071632385253906,34.28840637207031,33.58152770996094,33.75117874145508,710127
2016-07-22,34.184730529785156,34.184730529785156,34.46748352050781,33.93967819213867,34.09990692138672,384294
2016-07-25,33.52497482299805,33.52497482299805,34.203582763671875,33.44015121459961,34.024505615234375,312783
2016-07-26,33.88312911987305,33.88312911987305,34.071632385253906,33.15739822387695,33.28934860229492,284985
2016-07-27,33.204524993896484,33.204524993896484,33.93025588989258,33.147972106933594,33.74175262451172,914264
2016-07-28,32.78982162475586,32.78982162475586,33.10084915161133,32.62959671020508,32.8746452331543,458246
2016-07-29,32.375118255615234,32.375118255615234,33.0537223815918,32.34684371948242,32.836944580078125,300263
2016-08-01,32.846370697021484,32.846370697021484,33.265785217285156,32.03581619262695,32.26201629638672,280741
2016-08-02,32.64844512939453,32.64844512939453,33.034873962402344,32.46936798095703,32.97832107543945,657290
2016-08-03,33.147972106933594,33.147972106933594,33.327049255371094,32.52592086791992,32.676719665527344,304295
2016-08-04,32.8746452331543,32.8746452331543,33.204524993896484,32.62017059326172,32.94062042236328,145888
2016-08-05,30.593778610229492,30.593778610229492,33.19792556762695,30.377002716064453,32.026390075683594,1190124
2016-08-08,27.511781692504883,27.511781692504883,30.857681274414062,27.107446670532227,30.358152389526367,1401793
2016-08-09,27.935909271240234,27.935909271240234,28.378887176513672,27.64373207092285,28.26578712463379,1191927
2016-08-10,27.634307861328125,27.634307861328125,28.011310577392578,26.82375144958496,27.907634735107422,723920
2016-08-11,27.681432723999023,27.681432723999023,27.945335388183594,27.332704544067383,27.64373207092285,413896
2016-08-12,27.30443000793457,27.30443000793457,28.03958511352539,27.276155471801758,27.681432723999023,350448
2016-08-15,27.52120590209961,27.52120590209961,28.397737503051758,27.247879028320312,27.511781692504883,331244
2016-08-16,27.596607208251953,27.596607208251953,27.983034133911133,27.530630111694336,27.709707260131836,432251
2016-08-17,26.90857696533203,26.90857696533203,27.888784408569336,26.804901123046875,27.662582397460938,812408
2016-08-18,26.12629508972168,26.12629508972168,27.115928649902344,26.032045364379883,27.021678924560547,781214
2016-08-19,25.721017837524414,25.721017837524414,26.182846069335938,25.664466857910156,25.947219848632812,504612
2016-08-22,26.29594612121582,26.29594612121582,26.380773544311523,25.212064743041992,25.664466857910156,731241
2016-08-23,25.636192321777344,25.636192321777344,26.625825881958008,25.626766204833984,26.446748733520508,525726
2016-08-24,25.014137268066406,25.014137268066406,26.192270278930664,24.91988754272461,25.673892974853516,751612
2016-08-25,25.551366806030273,25.551366806030273,25.636192321777344,24.95758628845215,25.070688247680664,638722
2016-08-26,25.26861572265625,25.26861572265625,25.617341995239258,25.150800704956055,25.48539161682129,482649
2016-08-29,25.984920501708984,25.984920501708984,26.00377082824707,25.362865447998047,25.372289657592773,309494
2016-08-30,26.154571533203125,26.154571533203125,26.25824737548828,25.862394332885742,26.116870880126953,293260
2016-08-31,26.512723922729492,26.512723922729492,26.61639976501465,25.881244659423828,26.22997283935547,409970
2016-09-01,26.25824737548828,26.25824737548828,26.804901123046875,26.07917022705078,26.39962387084961,262491
2016-09-02,26.804901123046875,26.804901123046875,26.90857696533203,26.211122512817383,26.39019775390625,305038
2016-09-06,27.2667293548584,27.2667293548584,27.464656829833984,26.73892593383789,26.8614501953125,880948
2016-09-07,27.624881744384766,27.624881744384766,27.662582397460938,27.04995346069336,27.285579681396484,721798
2016-09-08,27.530630111694336,27.530630111694336,27.776626586914062,27.153629302978516,27.530630111694336,853150
2016-09-09,27.408105850219727,27.408105850219727,27.511781692504883,26.983976364135742,27.323280334472656,565937
2016-09-12,27.61545753479004,27.61545753479004,27.681432723999023,27.059377670288086,27.313854217529297,257611
2016-09-13,27.200754165649414,27.200754165649414,27.549482345581055,26.842601776123047,27.360979080200195,347159
2016-09-14,27.238454818725586,27.238454818725586,27.60603141784668,27.00282859802246,27.0876522064209,236709
2016-09-15,27.577756881713867,27.577756881713867,27.690858840942383,27.059377670288086,27.144203186035156,161909
2016-09-16,26.9934024810791,26.9934024810791,27.70028305053711,26.56927490234375,27.417530059814453,1154580
2016-09-19,27.238454818725586,27.238454818725586,27.549482345581055,26.983976364135742,27.059377670288086,204349
2016-09-20,27.247879028320312,27.247879028320312,27.540056228637695,26.69179916381836,27.229028701782227,110768
2016-09-21,26.96512794494629,26.96512794494629,27.62017059326172,26.79547691345215,27.191328048706055,253685
2016-09-22,26.82375144958496,26.82375144958496,27.246936798095703,26.804901123046875,26.918001174926758,266948
2016-09-23,26.61639976501465,26.61639976501465,26.842601776123047,26.380773544311523,26.710649490356445,373472
2016-09-26,26.43732261657715,26.43732261657715,26.55984878540039,25.99434471130371,26.446748733520508,399785
2016-09-27,26.16399574279785,26.16399574279785,26.61639976501465,26.121583938598633,26.503299713134766,382597
2016-09-28,26.47502326965332,26.47502326965332,26.47502326965332,26.116870880126953,26.211122512817383,262173
2016-09-29,26.22054672241211,26.22054672241211,26.588123321533203,26.154571533203125,26.333648681640625,319043
2016-09-30,26.00377082824707,26.00377082824707,26.503299713134766,25.95664405822754,26.154571533203125,396496
2016-10-03,26.446748733520508,26.446748733520508,26.479736328125,25.87181854248047,25.87181854248047,290820
2016-10-04,26.61639976501465,26.61639976501465,26.78605079650879,26.409048080444336,26.55984878540039,472357
2016-10-05,26.748350143432617,26.748350143432617,27.031103134155273,26.597549438476562,26.748350143432617,288380
2016-10-06,26.34307289123535,26.34307289123535,26.70122528076172,26.248821258544922,26.70122528076172,434055
2016-10-07,26.418472290039062,26.418472290039062,26.55984878540039,26.324222564697266,26.371347427368164,464718
2016-10-10,26.456172943115234,26.456172943115234,26.512723922729492,26.409048080444336,26.456172943115234,107161
2016-10-11,26.30537223815918,26.30537223815918,26.55984878540039,26.286521911621094,26.43732261657715,317876
2016-10-12,26.380773544311523,26.380773544311523,26.512723922729492,26.182846069335938,26.409048080444336,190343
2016-10-13,26.25824737548828,26.25824737548828,26.55984878540039,26.098020553588867,26.34307289123535,180370
2016-10-14,26.116870880126953,26.116870880126953,26.493873596191406,26.05089569091797,26.277097702026367,148434
2016-10-17,26.069746017456055,26.069746017456055,26.211122512817383,25.975494384765625,26.12629508972168,259096
2016-10-18,26.12629508972168,26.12629508972168,26.34307289123535,26.08859634399414,26.286521911621094,117347
2016-10-19,26.314796447753906,26.314796447753906,26.376060485839844,25.918943405151367,26.069746017456055,159256
2016-10-20,26.00377082824707,26.00377082824707,26.286521911621094,25.87181854248047,26.277097702026367,77771
2016-10-21,26.032045364379883,26.032045364379883,26.201696395874023,25.749292373657227,25.7869930267334,119681
2016-10-24,25.9660701751709,25.9660701751709,26.22054672241211,25.82469367980957,26.00377082824707,169230
2016-10-25,25.702167510986328,25.702167510986328,26.08859634399414,25.60791778564453,25.843544006347656,239892
2016-10-26,25.48539161682129,25.48539161682129,25.711593627929688,25.155513763427734,25.626766204833984,259627
2016-10-27,25.296890258789062,25.296890258789062,25.589067459106445,25.070688247680664,25.57021713256836,122015
2016-10-28,25.598491668701172,25.598491668701172,25.83411979675293,25.202638626098633,25.372289657592773,468113
2016-10-31,26.05089569091797,26.05089569091797,26.17342185974121,25.42412757873535,25.589067459106445,341748
2016-11-01,25.82469367980957,25.82469367980957,26.211122512817383,25.60791778564453,26.07917022705078,200953
2016-11-02,25.494815826416016,25.494815826416016,26.13572120666504,25.40056610107422,25.6927433013916,227691
2016-11-03,24.99528694152832,24.99528694152832,25.796417236328125,24.91988754272461,25.494815826416016,303658
2016-11-04,18.00188446044922,18.00188446044922,24.929311752319336,18.00188446044922,24.929311752319336,4151163
2016-11-07,18.765316009521484,18.765316009521484,19.09519386291504,18.38831329345703,18.38831329345703,1577389
2016-11-08,19.104618072509766,19.104618072509766,19.293119430541992,18.755891799926758,18.765316009521484,1132087
2016-11-09,19.245994567871094,19.245994567871094,19.406221389770508,18.840715408325195,18.972667694091797,761480
2016-11-10,19.03864288330078,19.03864288330078,19.547597885131836,18.86899185180664,19.21771812438965,825458
2016-11-11,19.048067092895508,19.048067092895508,19.09519386291504,18.718189239501953,19.03864288330078,651878
2016-11-14,19.189443588256836,19.189443588256836,19.538171768188477,19.00094223022461,19.142318725585938,517344
2016-11-15,19.01036834716797,19.01036834716797,19.321395874023438,18.878416061401367,19.274269104003906,209123
2016-11-16,18.934967041015625,18.934967041015625,19.08576774597168,18.755891799926758,19.048067092895508,202863
2016-11-17,19.03864288330078,19.03864288330078,19.12346839904785,18.78416633605957,18.850141525268555,411244
2016-11-18,19.7737979888916,19.7737979888916,19.924598693847656,19.01036834716797,19.019792556762695,312358
2016-11-21,20.593778610229492,20.593778610229492,20.74458122253418,19.820924758911133,19.820924758911133,480633
2016-11-22,20.442977905273438,20.442977905273438,20.815269470214844,20.39585304260254,20.74458122253418,436495
2016-11-23,20.688030242919922,20.688030242919922,20.716304779052734,20.105560302734375,20.461828231811523,169123
2016-11-25,21.2535343170166,21.2535343170166,21.291234970092773,20.461828231811523,20.640905380249023,119363
2016-11-28,21.187559127807617,21.187559127807617,21.357210159301758,20.942506790161133,21.16870880126953,302916
2016-11-29,20.82940673828125,20.82940673828125,21.583412170410156,20.81998062133789,21.2535343170166,266417
2016-11-30,20.33930206298828,20.33930206298828,21.112157821655273,20.31102752685547,20.82940673828125,462384
2016-12-01,19.811498641967773,19.811498641967773,20.39585304260254,19.670122146606445,20.25447654724121,599041
2016-12-02,19.877473831176758,19.877473831176758,19.971725463867188,19.443920135498047,19.73609733581543,584399
2016-12-05,20.103675842285156,20.103675842285156,20.150800704956055,19.759660720825195,19.9528751373291,468750
2016-12-06,19.811498641967773,19.811498641967773,20.358152389526367,19.670122146606445,20.08482551574707,401164
2016-12-07,19.962299346923828,19.962299346923828,20.09425163269043,19.594722747802734,19.726673126220703,1409963
2016-12-08,19.934024810791016,19.934024810791016,20.179075241088867,19.585296630859375,20.018850326538086,1083175
2016-12-09,19.65127182006836,19.65127182006836,20.230913162231445,19.462770462036133,19.990575790405273,337186
2016-12-12,18.99151611328125,18.99151611328125,19.69839859008789,18.878416061401367,19.48162078857422,544824
2016-12-13,20.43355369567871,20.43355369567871,20.56550407409668,18.878416061401367,19.03864288330078,1041690
2016-12-14,20.87653160095215,20.87653160095215,21.08388328552246,20.288406372070312,20.320451736450195,366363
2016-12-15,20.772855758666992,20.772855758666992,21.17813491821289,20.546653747558594,20.90480613708496,435010
2016-12-16,20.791706085205078,20.791706085205078,20.96135711669922,20.65032958984375,20.716304779052734,1432138
2016-12-19,20.923656463623047,20.923656463623047,21.00848388671875,20.546653747558594,20.772855758666992,584081
2016-12-20,20.688030242919922,20.688030242919922,21.187559127807617,20.546653747558594,20.970781326293945,305568
2016-12-21,21.017908096313477,21.017908096313477,21.027332305908203,20.537229537963867,20.61263084411621,455806
2016-12-22,21.159284591674805,21.159284591674805,21.357210159301758,20.772855758666992,21.08388328552246,615804
2016-12-23,21.357210159301758,21.357210159301758,21.630537033081055,20.98963165283203,21.149858474731445,156391
2016-12-27,21.34778594970703,21.34778594970703,21.81903839111328,21.244108200073242,21.451461791992188,309494
2016-12-28,21.3006591796875,21.3006591796875,21.366634368896484,21.027332305908203,21.366634368896484,293260
2016-12-29,20.980207443237305,20.980207443237305,21.489160537719727,20.885957717895508,21.3006591796875,235224
2016-12-30,20.69745445251465,20.69745445251465,20.951932907104492,20.508953094482422,20.951932907104492,280210
2017-01-03,21.969839096069336,21.969839096069336,22.196041107177734,20.82940673828125,20.82940673828125,443286
2017-01-04,22.233741760253906,22.233741760253906,22.26201629638672,21.762487411499023,21.932138442993164,319255
2017-01-05,22.26201629638672,22.26201629638672,22.483505249023438,22.120641708374023,22.196041107177734,238725
2017-01-06,22.007539749145508,22.007539749145508,22.47879409790039,21.809614181518555,22.35626792907715,284560
2017-01-09,21.63996124267578,21.63996124267578,22.054664611816406,21.61168670654297,22.054664611816406,169548
2017-01-10,21.234683990478516,21.234683990478516,21.592836380004883,21.22525978088379,21.592836380004883,122652
2017-01-11,20.90480613708496,20.90480613708496,21.277097702026367,20.678604125976562,21.2535343170166,191086
2017-01-12,21.093307495117188,21.093307495117188,21.13100814819336,20.60320472717285,20.87653160095215,200953
2017-01-13,21.34778594970703,21.34778594970703,21.498586654663086,21.112157821655273,21.14043426513672,142068
2017-01-17,21.61168670654297,21.61168670654297,21.743637084960938,21.34778594970703,21.357210159301758,195118
2017-01-18,21.21583366394043,21.21583366394043,21.715362548828125,21.05560874938965,21.715362548828125,246364
2017-01-19,21.21583366394043,21.21583366394043,21.234683990478516,20.91423225402832,21.17813491821289,155012
2017-01-20,21.291234970092773,21.291234970092773,21.592836380004883,21.017908096313477,21.376060485839844,170503
2017-01-23,21.338359832763672,21.338359832763672,21.413761138916016,21.102733612060547,21.31008529663086,188115
2017-01-24,21.413761138916016,21.413761138916016,21.743637084960938,21.21583366394043,21.357210159301758,236603
2017-01-25,21.771913528442383,21.771913528442383,21.82846450805664,21.39491081237793,21.498586654663086,264295
2017-01-26,22.016965866088867,22.016965866088867,22.21489143371582,21.771913528442383,21.771913528442383,401801
2017-01-27,22.007539749145508,22.007539749145508,22.492931365966797,21.804901123046875,22.092365264892578,652303
2017-01-30,21.753063201904297,21.753063201904297,22.205467224121094,21.38548469543457,21.941564559936523,400952
2017-01-31,21.69651222229004,21.69651222229004,21.856739044189453,21.423185348510742,21.743637084960938,339414
2017-02-01,21.583412170410156,21.583412170410156,21.979265213012695,21.31008529663086,21.771913528442383,193951
2017-02-02,21.583412170410156,21.583412170410156,21.602262496948242,21.291234970092773,21.479736328125,204667
2017-02-03,22.186616897583008,22.186616897583008,22.252592086791992,21.69651222229004,21.69651222229004,188328
2017-02-06,21.979265213012695,21.979265213012695,22.205467224121094,21.941564559936523,22.092365264892578,168487
2017-02-07,21.687088012695312,21.687088012695312,22.026390075683594,21.376060485839844,21.99811553955078,201484
2017-02-08,21.2535343170166,21.2535343170166,21.658811569213867,21.196983337402344,21.658811569213867,142598
2017-02-09,21.357210159301758,21.357210159301758,21.460886001586914,20.91423225402832,21.2535343170166,240741
2017-02-10,21.86616325378418,21.86616325378418,21.90386390686035,21.3006591796875,21.451461791992188,139522
2017-02-13,21.319509506225586,21.319509506225586,21.988689422607422,21.281810760498047,21.969839096069336,129230
2017-02-14,21.187559127807617,21.187559127807617,21.536287307739258,21.018850326538086,21.366634368896484,305250
2017-02-15,21.00848388671875,21.00848388671875,21.21583366394043,20.810556411743164,21.0744571685791,532198
2017-02-16,24.401508331298828,24.401508331298828,24.458057403564453,21.677663803100586,22.22431755065918,1553304
2017-02-17,25.193214416503906,25.193214416503906,25.353439331054688,23.82657814025879,24.326107025146484,825352
2017-02-21,25.777568817138672,25.777568817138672,26.493873596191406,24.976436614990234,25.098962783813477,752567
2017-02-22,24.976436614990234,24.976436614990234,25.881244659423828,24.929311752319336,25.777568817138672,280741
2017-02-23,24.627710342407227,24.627710342407227,25.08953857421875,24.250707626342773,24.91988754272461,470766
2017-02-24,23.854854583740234,23.854854583740234,24.69368553161621,23.732328414916992,24.56173324584961,316178
2017-02-27,23.732328414916992,23.732328414916992,24.04335594177246,23.553251266479492,23.751178741455078,366363
2017-02-28,23.04429817199707,23.04429817199707,23.675777435302734,22.9123477935791,23.638076782226562,342491
2017-03-01,22.968896865844727,22.968896865844727,23.20452308654785,22.346843719482422,23.09142303466797,317451
2017-03-02,22.13006591796875,22.13006591796875,22.95004653930664,22.092365264892578,22.95004653930664,308751
2017-03-03,22.101791381835938,22.101791381835938,22.403392791748047,21.762487411499023,22.054664611816406,203075
2017-03-06,22.667295455932617,22.667295455932617,22.78982162475586,21.856739044189453,22.271442413330078,412411
2017-03-07,22.280866622924805,22.280866622924805,22.86522102355957,22.12535285949707,22.69556999206543,283605
2017-03-08,21.7059383392334,21.7059383392334,22.285579681396484,21.677663803100586,22.243167877197266,368061
2017-03-09,21.545711517333984,21.545711517333984,21.856739044189453,21.34778594970703,21.762487411499023,387159
2017-03-10,21.338359832763672,21.338359832763672,21.682374954223633,21.281810760498047,21.668237686157227,322968
2017-03-13,21.102733612060547,21.102733612060547,21.442035675048828,21.017908096313477,21.262958526611328,230025
2017-03-14,20.801130294799805,20.801130294799805,20.99905776977539,20.556079864501953,20.99905776977539,361271
2017-03-15,21.187559127807617,21.187559127807617,21.3006591796875,20.867107391357422,20.87653160095215,366682
2017-03-16,21.38548469543457,21.38548469543457,21.672950744628906,21.187559127807617,21.2535343170166,196073
2017-03-17,21.38548469543457,21.38548469543457,21.498586654663086,21.139490127563477,21.498586654663086,442861
2017-03-20,21.121583938598633,21.121583938598633,21.4326114654541,20.99905776977539,21.4326114654541,208274
2017-03-21,20.73515510559082,20.73515510559082,21.262958526611328,20.678604125976562,21.13100814819336,283393
2017-03-22,20.39585304260254,20.39585304260254,20.81998062133789,20.179075241088867,20.73515510559082,375488
2017-03-23,20.273326873779297,20.273326873779297,20.471254348754883,20.141376495361328,20.42412757873535,492198
2017-03-24,20.207351684570312,20.207351684570312,20.556079864501953,19.985862731933594,20.273326873779297,463975
2017-03-27,20.367578506469727,20.367578506469727,20.42412757873535,19.886899948120117,20.018850326538086,436602
2017-03-28,20.754005432128906,20.754005432128906,20.848255157470703,20.197925567626953,20.367578506469727,350767
2017-03-29,21.489160537719727,21.489160537719727,21.56456184387207,20.56550407409668,20.706880569458008,470341
2017-03-30,21.281810760498047,21.281810760498047,21.56456184387207,21.036758422851562,21.460886001586914,248168
2017-03-31,20.96135711669922,20.96135711669922,21.196983337402344,20.51837921142578,21.196983337402344,375276
2017-04-03,20.81998062133789,20.81998062133789,21.00848388671875,20.452402114868164,20.96135711669922,307160
2017-04-04,21.08388328552246,21.08388328552246,21.234683990478516,20.631479263305664,20.791706085205078,269282
2017-04-05,21.34778594970703,21.34778594970703,21.51743507385254,21.159284591674805,21.159284591674805,240104
2017-04-06,21.621112823486328,21.621112823486328,21.847314834594727,21.17813491821289,21.34778594970703,264613
2017-04-07,21.17813491821289,21.17813491821289,21.87558937072754,21.14043426513672,21.677663803100586,180052
2017-04-10,21.489160537719727,21.489160537719727,21.621112823486328,21.22525978088379,21.22525978088379,89230
2017-04-11,21.338359832763672,21.338359832763672,21.573986053466797,21.149858474731445,21.51743507385254,161909
2017-04-12,21.319509506225586,21.319509506225586,21.451461791992188,20.98963165283203,21.338359832763672,247425
2017-04-13,21.05560874938965,21.05560874938965,21.291234970092773,20.96135711669922,21.291234970092773,117877
2017-04-17,21.159284591674805,21.159284591674805,21.366634368896484,20.96135711669922,21.112157821655273,212943
2017-04-18,20.60320472717285,20.60320472717285,21.677663803100586,20.537229537963867,21.065032958984375,182280
2017-04-19,20.56550407409668,20.56550407409668,20.970781326293945,20.49010467529297,20.73515510559082,127320
2017-04-20,20.69745445251465,20.69745445251465,20.90480613708496,20.51837921142578,20.73515510559082,148328
2017-04-21,20.537229537963867,20.537229537963867,20.754005432128906,20.43355369567871,20.754005432128906,192890
2017-04-24,20.414703369140625,20.414703369140625,20.895381927490234,20.320451736450195,20.82940673828125,188964
2017-04-25,20.292177200317383,20.292177200317383,20.640905380249023,20.2262020111084,20.42412757873535,278194
2017-04-26,20.584354400634766,20.584354400634766,20.678604125976562,20.26390266418457,20.367578506469727,199574
2017-04-27,20.377002716064453,20.377002716064453,20.65975570678711,20.16965103149414,20.65975570678711,310343
2017-04-28,20.235626220703125,20.235626220703125,20.452402114868164,20.164939880371094,20.39585304260254,332305
2017-05-01,20.197925567626953,20.197925567626953,20.546653747558594,20.075401306152344,20.245052337646484,202545
2017-05-02,20.113100051879883,20.113100051879883,20.377002716064453,19.839773178100586,20.235626220703125,326894
2017-05-03,20.16965103149414,20.16965103149414,20.25447654724121,19.943450927734375,20.122526168823242,534744
2017-05-04,19.076343536376953,19.076343536376953,20.179075241088867,18.982091903686523,20.150800704956055,788747
2017-05-05,19.538171768188477,19.538171768188477,19.56644630432129,19.08576774597168,19.12346839904785,504824
2017-05-08,20.801130294799805,20.801130294799805,20.975494384765625,18.520263671875,19.491046905517578,968375
2017-05-09,20.414703369140625,20.414703369140625,20.82940673828125,20.0471248626709,20.81998062133789,669385
2017-05-10,20.26390266418457,20.26390266418457,20.471254348754883,19.90574836730957,20.320451736450195,639995
2017-05-11,20.065975189208984,20.065975189208984,20.39585304260254,19.622997283935547,20.26390266418457,636494
2017-05-12,19.820924758911133,19.820924758911133,20.17436408996582,19.151744842529297,20.113100051879883,382491
2017-05-15,20.245052337646484,20.245052337646484,20.48067855834961,19.7737979888916,19.792648315429688,219097
2017-05-16,20.122526168823242,20.122526168823242,20.574928283691406,20.056549072265625,20.34872817993164,277027
2017-05-17,19.076343536376953,19.076343536376953,20.16965103149414,19.048067092895508,19.971725463867188,461323
2017-05-18,19.03864288330078,19.03864288330078,19.17059326171875,18.661640167236328,19.076343536376953,366363
2017-05-19,19.330820083618164,19.330820083618164,19.622997283935547,18.91611671447754,19.03864288330078,545460
2017-05-22,20.113100051879883,20.113100051879883,20.160226821899414,19.330820083618164,19.34967041015625,331563
2017-05-23,20.113100051879883,20.113100051879883,20.593778610229492,20.009424209594727,20.103675842285156,277876
2017-05-24,19.934024810791016,19.934024810791016,20.2262020111084,19.783222198486328,20.113100051879883,157028
2017-05-25,19.792648315429688,19.792648315429688,20.197925567626953,19.69839859008789,19.9528751373291,272040
2017-05-26,19.943450927734375,19.943450927734375,20.08482551574707,19.632421493530273,19.849199295043945,257929
2017-05-30,19.802074432373047,19.802074432373047,19.971725463867188,19.754005432128906,19.962299346923828,131988
2017-05-31,19.896324157714844,19.896324157714844,20.08482551574707,19.585296630859375,19.83034896850586,784397
2017-06-01,20.716304779052734,20.716304779052734,20.87653160095215,19.886899948120117,19.91517448425293,285197
2017-06-02,20.706880569458008,20.706880569458008,20.772855758666992,20.274269104003906,20.725730895996094,165092
2017-06-05,20.69745445251465,20.69745445251465,20.810556411743164,20.471254348754883,20.546653747558594,184720
2017-06-06,20.30160140991211,20.30160140991211,20.65975570678711,20.30160140991211,20.65975570678711,171458
2017-06-07,19.820924758911133,19.820924758911133,20.358152389526367,19.557022094726562,20.358152389526367,150132
2017-06-08,19.73609733581543,19.73609733581543,19.86804962158203,19.538171768188477,19.764373779296875,130079
2017-06-09,19.227144241333008,19.227144241333008,19.820924758911133,19.198869705200195,19.820924758911133,230555
2017-06-12,19.21771812438965,19.21771812438965,19.792648315429688,18.94439125061035,19.142318725585938,183553
2017-06-13,19.30254554748535,19.30254554748535,19.57587242126465,19.09519386291504,19.245994567871094,201908
2017-06-14,18.9255428314209,18.9255428314209,19.495758056640625,18.765316009521484,19.43449592590332,522967
2017-06-15,18.95381736755371,18.95381736755371,18.972667694091797,18.661640167236328,18.803016662597656,110556
2017-06-16,19.132892608642578,19.132892608642578,19.34024429321289,18.65221405029297,18.7464656829834,394268
2017-06-19,19.406221389770508,19.406221389770508,19.453346252441406,19.12346839904785,19.236568450927734,121697
2017-06-20,18.9255428314209,18.9255428314209,19.311969757080078,18.737041473388672,19.311969757080078,175596
2017-06-21,19.51932144165039,19.51932144165039,19.56644630432129,19.029218673706055,19.114042282104492,168062
2017-06-22,19.359094619750977,19.359094619750977,19.73609733581543,19.321395874023438,19.57587242126465,148646
2017-06-23,19.528745651245117,19.528745651245117,19.66069793701172,18.972667694091797,19.293119430541992,167956
2017-06-26,20.0,20.0,20.16965103149414,19.425071716308594,19.594722747802734,518299
2017-06-27,20.065975189208984,20.065975189208984,20.33930206298828,19.86804962158203,19.924598693847656,256232
2017-06-28,20.273326873779297,20.273326873779297,20.320451736450195,19.820924758911133,20.13195037841797,232465
2017-06-29,20.245052337646484,20.245052337646484,20.574928283691406,19.981149673461914,20.235626220703125,223128
2017-06-30,20.51837921142578,20.51837921142578,20.60320472717285,20.160226821899414,20.39585304260254,267903
2017-07-03,20.82940673828125,20.82940673828125,20.96135711669922,20.51837921142578,20.60320472717285,276921
2017-07-05,20.82940673828125,20.82940673828125,20.970781326293945,20.461828231811523,20.81998062133789,219097
2017-07-06,20.78228187561035,20.78228187561035,20.970781326293945,20.664466857910156,20.725730895996094,321907
2017-07-07,21.017908096313477,21.017908096313477,21.102733612060547,20.74458122253418,20.82940673828125,237558
2017-07-10,23.081998825073242,23.081998825073242,24.2601318359375,21.630537033081055,21.630537033081055,1339619
2017-07-11,23.543827056884766,23.543827056884766,23.581527709960938,22.723844528198242,23.072572708129883,439042
2017-07-12,23.279924392700195,23.279924392700195,23.939680099487305,23.166824340820312,23.77945327758789,565937
2017-07-13,24.3072566986084,24.3072566986084,24.882186889648438,23.845428466796875,24.0339298248291,1325507
2017-07-14,24.60886001586914,24.60886001586914,24.65598487854004,24.1856746673584,24.42978286743164,318937
2017-07-17,24.665409088134766,24.665409088134766,25.13666343688965,24.59943389892578,24.59943389892578,300687
2017-07-18,24.420358657836914,24.420358657836914,24.65598487854004,24.3072566986084,24.65598487854004,273208
2017-07-19,23.930253982543945,23.930253982543945,24.63996124267578,23.930253982543945,24.448633193969727,301642
2017-07-20,23.845428466796875,23.845428466796875,24.476909637451172,23.82657814025879,24.0339298248291,255913
2017-07-21,23.892553329467773,23.892553329467773,24.09048080444336,23.43072509765625,23.807729721069336,378353
2017-07-24,23.421300888061523,23.421300888061523,24.137605667114258,23.402450561523438,23.817153930664062,464188
2017-07-25,23.52497673034668,23.52497673034668,23.760602951049805,23.34589958190918,23.468425750732422,172731
2017-07-26,23.977380752563477,23.977380752563477,24.109331130981445,23.166824340820312,23.553251266479492,362756
2017-07-27,23.807729721069336,23.807729721069336,24.321395874023438,23.572101593017578,23.854854583740234,176444
2017-07-28,24.062204360961914,24.062204360961914,24.109331130981445,23.520263671875,23.70405387878418,211988
2017-07-31,24.241281509399414,24.241281509399414,24.34495735168457,23.60980224609375,24.062204360961914,221219
2017-08-01,24.335533142089844,24.335533142089844,24.467483520507812,24.147031784057617,24.420358657836914,248805
2017-08-02,24.533458709716797,24.533458709716797,24.74081039428711,24.09519386291504,24.39208221435547,203182
2017-08-03,24.787935256958008,24.787935256958008,24.806785583496094,24.439207077026367,24.59943389892578,234163
2017-08-04,24.82563591003418,24.82563591003418,24.967012405395508,24.57115936279297,24.806785583496094,335488
2017-08-07,24.77851104736328,24.77851104736328,25.08011245727539,24.637134552001953,24.853910446166992,313738
2017-08-08,25.08011245727539,25.08011245727539,26.248821258544922,24.646560668945312,24.759660720825195,701215
2017-08-09,25.164939880371094,25.164939880371094,25.34401512145996,24.69368553161621,25.014137268066406,560420
2017-08-10,25.023563385009766,25.023563385009766,25.22148895263672,24.646560668945312,24.74081039428711,509917
2017-08-11,25.43826675415039,25.43826675415039,25.57021713256836,24.948162078857422,24.95758628845215,382384
2017-08-14,25.023563385009766,25.023563385009766,25.683317184448242,24.985862731933594,25.617341995239258,250608
2017-08-15,24.580583572387695,24.580583572387695,25.098962783813477,24.4863338470459,25.014137268066406,225887
2017-08-16,24.712535858154297,24.712535858154297,24.806785583496094,24.316682815551758,24.712535858154297,161590
2017-08-17,24.52403450012207,24.52403450012207,24.891611099243164,24.43638038635254,24.674835205078125,408273
2017-08-18,24.74081039428711,24.74081039428711,24.835060119628906,24.278982162475586,24.51460838317871,114694
2017-08-21,24.420358657836914,24.420358657836914,24.835060119628906,24.222431182861328,24.69368553161621,169548
2017-08-22,24.42978286743164,24.42978286743164,24.69368553161621,24.373233795166016,24.439207077026367,86578
2017-08-23,24.316682815551758,24.316682815551758,24.56173324584961,24.26955795288086,24.326107025146484,111829
2017-08-24,24.35438346862793,24.35438346862793,24.588123321533203,24.194156646728516,24.297832489013672,257293
2017-08-25,24.495758056640625,24.495758056640625,24.552309036254883,24.194156646728516,24.42978286743164,111087
2017-08-28,24.231857299804688,24.231857299804688,24.542884826660156,24.09990692138672,24.439207077026367,137930
2017-08-29,24.4863338470459,24.4863338470459,24.56173324584961,24.00565528869629,24.137605667114258,120317
2017-08-30,24.646560668945312,24.646560668945312,24.764373779296875,24.278982162475586,24.439207077026367,109707
2017-08-31,24.51460838317871,24.51460838317871,24.759660720825195,24.458057403564453,24.637134552001953,162970
2017-09-01,24.891611099243164,24.891611099243164,24.979265213012695,24.580583572387695,24.60886001586914,178991
2017-09-05,23.760602951049805,23.760602951049805,24.896324157714844,23.713478088378906,24.844486236572266,340263
2017-09-06,24.0339298248291,24.0339298248291,24.142318725585938,23.713478088378906,23.82657814025879,346204
2017-09-07,23.99622917175293,23.99622917175293,24.25824737548828,23.850141525268555,24.0339298248291,206895
2017-09-08,24.052780151367188,24.052780151367188,24.109331130981445,23.70405387878418,23.986804962158203,145994
2017-09-11,24.147031784057617,24.147031784057617,24.585296630859375,24.118755340576172,24.156455993652344,419413
2017-09-12,23.967954635620117,23.967954635620117,24.2130069732666,23.590951919555664,24.194156646728516,296974
2017-09-13,24.16588020324707,24.16588020324707,24.231857299804688,23.854854583740234,23.95853042602539,240423
2017-09-14,23.99622917175293,23.99622917175293,24.203582763671875,23.939680099487305,24.04335594177246,398936
2017-09-15,23.53440284729004,23.53440284729004,23.986804962158203,23.43072509765625,23.986804962158203,738138
2017-09-18,23.025447845458984,23.025447845458984,23.65692710876465,23.016023635864258,23.60980224609375,413684
2017-09-19,22.8275203704834,22.8275203704834,23.139490127563477,22.770971298217773,23.016023635864258,559253
2017-09-20,22.535343170166016,22.535343170166016,23.053722381591797,22.450517654418945,22.855796813964844,395753
2017-09-21,22.233741760253906,22.233741760253906,22.544769287109375,22.205467224121094,22.544769287109375,197452
2017-09-22,22.38454246520996,22.38454246520996,22.39396858215332,22.100847244262695,22.120641708374023,211563
2017-09-25,22.111215591430664,22.111215591430664,22.252592086791992,21.837888717651367,22.252592086791992,229919
2017-09-26,22.459943771362305,22.459943771362305,22.686145782470703,21.950990676879883,22.111215591430664,235224
2017-09-27,22.167766571044922,22.167766571044922,22.47879409790039,21.932138442993164,21.932138442993164,368273
2017-09-28,21.969839096069336,21.969839096069336,22.20452308654785,21.630537033081055,22.04524040222168,421111
2017-09-29,22.39396858215332,22.39396858215332,22.544769287109375,21.81903839111328,22.120641708374023,252412
2017-10-02,23.60980224609375,23.60980224609375,23.86427879333496,22.855796813964844,23.1385498046875,661321
2017-10-03,24.147031784057617,24.147031784057617,24.278982162475586,23.543827056884766,23.543827056884766,396390
2017-10-04,24.062204360961914,24.062204360961914,24.288406372070312,23.95853042602539,24.137605667114258,269812
2017-10-05,23.901979446411133,23.901979446411133,24.293119430541992,23.807729721069336,24.052780151367188,316284
2017-10-06,23.242223739624023,23.242223739624023,23.70405387878418,23.04429817199707,23.70405387878418,321907
2017-10-09,22.56361961364746,22.56361961364746,23.17624855041504,22.516494750976562,22.9123477935791,387371
2017-10-10,22.86522102355957,22.86522102355957,22.893497467041016,22.38454246520996,22.62017059326172,234269
2017-10-11,22.271442413330078,22.271442413330078,22.855796813964844,22.073516845703125,22.7803955078125,213473
2017-10-12,21.847314834594727,21.847314834594727,22.186616897583008,21.73421287536621,22.186616897583008,142492
2017-10-13,21.988689422607422,21.988689422607422,22.064090728759766,21.61168670654297,21.894439697265625,393843
2017-10-16,21.460886001586914,21.460886001586914,22.139490127563477,21.40433692932129,21.99811553955078,541110
2017-10-17,20.65032958984375,20.65032958984375,21.536287307739258,20.49010467529297,21.442035675048828,499413
2017-10-18,20.537229537963867,20.537229537963867,20.81998062133789,20.31102752685547,20.74458122253418,447212
2017-10-19,20.065975189208984,20.065975189208984,20.65032958984375,19.820924758911133,20.49010467529297,546309
2017-10-20,20.725730895996094,20.725730895996094,20.78228187561035,20.08482551574707,20.2262020111084,324136
2017-10-23,20.574928283691406,20.574928283691406,21.036758422851562,20.48539161682129,20.640905380249023,323923
2017-10-24,20.273326873779297,20.273326873779297,20.716304779052734,19.9528751373291,20.574928283691406,392146
2017-10-25,20.48067855834961,20.48067855834961,20.584354400634766,19.967012405395508,20.26390266418457,237452
2017-10-26,20.009424209594727,20.009424209594727,20.499528884887695,19.86804962158203,20.461828231811523,271934
2017-10-27,19.981149673461914,19.981149673461914,20.26390266418457,19.726673126220703,20.103675842285156,660685
2017-10-30,19.990575790405273,19.990575790405273,20.31102752685547,19.73609733581543,19.943450927734375,324984
2017-10-31,20.471254348754883,20.471254348754883,20.48067855834961,19.9528751373291,20.075401306152344,374003
2017-11-01,21.31008529663086,21.31008529663086,21.724788665771484,20.31102752685547,20.82940673828125,1198930
2017-11-02,21.149858474731445,21.149858474731445,22.412818908691406,20.43355369567871,20.73515510559082,1099939
2017-11-03,20.74458122253418,20.74458122253418,21.159284591674805,20.320451736450195,21.159284591674805,719464
2017-11-06,20.631479263305664,20.631479263305664,20.754005432128906,19.90574836730957,19.90574836730957,737926
2017-11-07,20.61263084411621,20.61263084411621,20.65032958984375,20.43355369567871,20.584354400634766,547158
2017-11-08,20.885957717895508,20.885957717895508,21.05560874938965,20.527803421020508,20.669179916381836,270661
2017-11-09,20.91423225402832,20.91423225402832,21.04618263244629,20.414703369140625,20.725730895996094,180052
2017-11-10,20.885957717895508,20.885957717895508,21.602262496948242,20.763431549072266,20.848255157470703,388963
2017-11-13,20.69745445251465,20.69745445251465,20.980207443237305,20.442977905273438,20.91423225402832,218884
2017-11-14,20.772855758666992,20.772855758666992,21.34778594970703,20.622055053710938,20.78228187561035,398406
2017-11-15,20.895381927490234,20.895381927490234,21.14043426513672,20.61263084411621,20.725730895996094,283711
2017-11-16,20.546653747558594,20.546653747558594,20.87653160095215,20.386428833007812,20.848255157470703,697608
2017-11-17,20.188501358032227,20.188501358032227,20.772855758666992,20.16965103149414,20.556079864501953,285197
2017-11-20,20.556079864501953,20.556079864501953,20.60320472717285,20.207351684570312,20.2262020111084,172731
2017-11-21,20.31102752685547,20.31102752685547,20.640905380249023,20.103675842285156,20.574928283691406,164773
2017-11-22,20.320451736450195,20.320451736450195,20.49010467529297,19.86804962158203,20.273326873779297,250927
2017-11-24,20.405277252197266,20.405277252197266,20.499528884887695,20.25447654724121,20.320451736450195,94323
2017-11-27,19.86804962158203,19.86804962158203,20.39585304260254,19.764373779296875,20.39585304260254,127214
2017-11-28,20.179075241088867,20.179075241088867,20.2262020111084,19.707822799682617,19.858623504638672,175489
2017-11-29,20.471254348754883,20.471254348754883,20.754005432128906,20.141376495361328,20.141376495361328,377186
2017-11-30,19.60414695739746,19.60414695739746,20.546653747558594,19.500471115112305,20.405277252197266,584717
2017-12-01,20.273326873779297,20.273326873779297,20.329877853393555,19.538171768188477,19.538171768188477,417291
2017-12-04,19.83034896850586,19.83034896850586,20.405277252197266,19.594722747802734,20.273326873779297,373366
2017-12-05,20.0471248626709,20.0471248626709,20.113100051879883,19.66069793701172,19.86804962158203,204455
2017-12-06,20.282751083374023,20.282751083374023,20.329877853393555,19.74552345275879,20.009424209594727,350448
2017-12-07,20.08482551574707,20.08482551574707,20.235626220703125,19.764373779296875,20.235626220703125,236391
2017-12-08,19.943450927734375,19.943450927734375,20.197925567626953,19.670122146606445,20.188501358032227,245409
2017-12-11,20.30160140991211,20.30160140991211,20.471254348754883,19.90574836730957,19.90574836730957,245940
2017-12-12,20.329877853393555,20.329877853393555,20.452402114868164,20.065975189208984,20.282751083374023,278619
2017-12-13,20.358152389526367,20.358152389526367,20.65975570678711,20.150800704956055,20.414703369140625,448485
2017-12-14,20.414703369140625,20.414703369140625,20.574928283691406,20.141376495361328,20.452402114868164,281589
2017-12-15,20.452402114868164,20.452402114868164,20.556079864501953,20.0,20.377002716064453,693364
2017-12-18,20.895381927490234,20.895381927490234,21.08388328552246,20.584354400634766,20.584354400634766,438511
2017-12-19,20.631479263305664,20.631479263305664,21.00848388671875,20.499528884887695,20.90480613708496,486787
2017-12-20,20.631479263305664,20.631479263305664,20.688030242919922,20.0,20.640905380249023,261430
2017-12-21,20.631479263305664,20.631479263305664,20.772855758666992,20.556079864501953,20.584354400634766,411774
2017-12-22,19.839773178100586,19.839773178100586,20.706880569458008,19.792648315429688,20.56550407409668,281483
2017-12-26,20.160226821899414,20.160226821899414,20.461828231811523,19.811498641967773,19.981149673461914,325303
2017-12-27,19.51932144165039,19.51932144165039,20.216777801513672,19.491046905517578,20.065975189208984,225463
2017-12-28,19.283695220947266,19.283695220947266,19.594722747802734,18.897266387939453,19.594722747802734,618033
2017-12-29,18.99151611328125,18.99151611328125,19.425071716308594,18.82186508178711,19.321395874023438,1786406
2018-01-02,20.33930206298828,20.33930206298828,20.537229537963867,18.934967041015625,19.25541877746582,206789
2018-01-03,15.956645011901855,15.956645011901855,15.956645011901855,15.956645011901855,15.956645011901855,471296
2018-01-04,20.150800704956055,20.150800704956055,20.942506790161133,20.028274536132812,20.527803421020508,138461
2018-01-05,19.877473831176758,19.877473831176758,20.42412757873535,19.802074432373047,20.13195037841797,179415
2018-01-08,20.141376495361328,20.141376495361328,20.377002716064453,19.802074432373047,19.877473831176758,256125
2018-01-09,19.849199295043945,19.849199295043945,20.188501358032227,19.849199295043945,20.122526168823242,129973
2018-01-10,19.679548263549805,19.679548263549805,19.820924758911133,19.38736915588379,19.7737979888916,130079
2018-01-11,19.670122146606445,19.670122146606445,19.86804962158203,19.48162078857422,19.754947662353516,97294
2018-01-12,19.943450927734375,19.943450927734375,20.0,19.39679527282715,19.7737979888916,274905
2018-01-16,19.90574836730957,19.90574836730957,20.160226821899414,19.8275203704834,20.0,98567
2018-01-17,19.849199295043945,19.849199295043945,19.971725463867188,19.764373779296875,19.896324157714844,86578
2018-01-18,20.113100051879883,20.113100051879883,20.235626220703125,19.528745651245117,19.707822799682617,76392
2018-01-19,19.9528751373291,19.9528751373291,20.202638626098633,19.924598693847656,19.981149673461914,60159
2018-01-22,19.962299346923828,19.962299346923828,20.30160140991211,19.86804962158203,19.981149673461914,146949
2018-01-23,20.216777801513672,20.216777801513672,20.30160140991211,19.792648315429688,19.849199295043945,273101
2018-01-24,21.423185348510742,21.423185348510742,21.555137634277344,20.320451736450195,20.320451736450195,436814
2018-01-25,22.196041107177734,22.196041107177734,22.469369888305664,21.508010864257812,21.508010864257812,568908
2018-01-26,21.979265213012695,21.979265213012695,22.62017059326172,21.555137634277344,22.186616897583008,324029
2018-01-29,22.13006591796875,22.13006591796875,22.497644424438477,21.79076385498047,22.026390075683594,89018
2018-01-30,21.56456184387207,21.56456184387207,22.309141159057617,21.545711517333984,21.941564559936523,151299
2018-01-31,21.159284591674805,21.159284591674805,21.81903839111328,21.149858474731445,21.583412170410156,457185
2018-02-01,21.206409454345703,21.206409454345703,21.319509506225586,20.763431549072266,21.112157821655273,133156
2018-02-02,21.017908096313477,21.017908096313477,21.918001174926758,20.90480613708496,21.206409454345703,362968
2018-02-05,20.48067855834961,20.48067855834961,21.423185348510742,20.329877853393555,21.093307495117188,141219
2018-02-06,20.754005432128906,20.754005432128906,20.91423225402832,20.075401306152344,20.09425163269043,126259
2018-02-07,20.69745445251465,20.69745445251465,20.933082580566406,20.541942596435547,20.74458122253418,167214
2018-02-08,19.68897247314453,19.68897247314453,20.98963165283203,19.679548263549805,20.838830947875977,147161
2018-02-09,20.556079864501953,20.556079864501953,20.721017837524414,19.368520736694336,19.990575790405273,307053
2018-02-12,20.90480613708496,20.90480613708496,21.244108200073242,20.499528884887695,20.61263084411621,154694
2018-02-13,20.933082580566406,20.933082580566406,21.112157821655273,20.716304779052734,20.951932907104492,117347
2018-02-14,21.809614181518555,21.809614181518555,22.054664611816406,20.82469367980957,20.951932907104492,343552
2018-02-15,22.08294105529785,22.08294105529785,22.412818908691406,20.141376495361328,21.498586654663086,530394
2018-02-16,22.08294105529785,22.08294105529785,22.29971694946289,21.451461791992188,22.092365264892578,324029
2018-02-20,21.677663803100586,21.677663803100586,21.96041488647461,20.81998062133789,21.96041488647461,363286
2018-02-21,21.78133773803711,21.78133773803711,22.073516845703125,21.555137634277344,21.771913528442383,191086
2018-02-22,21.479736328125,21.479736328125,22.092365264892578,21.21583366394043,21.837888717651367,202545
2018-02-23,21.281810760498047,21.281810760498047,21.7059383392334,21.262958526611328,21.536287307739258,362013
2018-02-26,20.216777801513672,20.216777801513672,21.413761138916016,19.877473831176758,21.413761138916016,618563
2018-02-27,19.849199295043945,19.849199295043945,20.688030242919922,19.820924758911133,20.075401306152344,156073
2018-02-28,19.50989532470703,19.50989532470703,19.858623504638672,19.189443588256836,19.839773178100586,485195
2018-03-01,19.30254554748535,19.30254554748535,19.594722747802734,19.01036834716797,19.594722747802734,221855
2018-03-02,19.321395874023438,19.321395874023438,19.34495735168457,19.048067092895508,19.227144241333008,191298
2018-03-05,20.141376495361328,20.141376495361328,20.188501358032227,19.12818145751953,19.198869705200195,185887
2018-03-06,20.08482551574707,20.08482551574707,20.461828231811523,19.943450927734375,20.2262020111084,252836
2018-03-07,20.0471248626709,20.0471248626709,20.197925567626953,19.7737979888916,19.934024810791016,83819
2018-03-08,20.08482551574707,20.08482551574707,20.179075241088867,19.839773178100586,20.028274536132812,78196
2018-03-09,20.103675842285156,20.103675842285156,20.179075241088867,19.670122146606445,20.13195037841797,110132
2018-03-12,20.329877853393555,20.329877853393555,20.73515510559082,20.13195037841797,20.13195037841797,185887
2018-03-13,20.216777801513672,20.216777801513672,20.452402114868164,20.08482551574707,20.377002716064453,107692
2018-03-14,20.386428833007812,20.386428833007812,20.42412757873535,20.075401306152344,20.30160140991211,101326
2018-03-15,20.34872817993164,20.34872817993164,20.471254348754883,20.08294105529785,20.452402114868164,112784
2018-03-16,20.122526168823242,20.122526168823242,20.414703369140625,19.934024810791016,20.414703369140625,257293
2018-03-19,20.0,20.0,20.150800704956055,19.802074432373047,20.0,188328
2018-03-20,19.858623504638672,19.858623504638672,20.141376495361328,19.60414695739746,19.990575790405273,100901
2018-03-21,20.160226821899414,20.160226821899414,20.33930206298828,19.764373779296875,19.849199295043945,259733
2018-03-22,19.406221389770508,19.406221389770508,20.245052337646484,19.293119430541992,20.0,190556
2018-03-23,19.330820083618164,19.330820083618164,19.415645599365234,19.293119430541992,19.415645599365234,71936
2018-03-26,19.68897247314453,19.68897247314453,19.717248916625977,19.240339279174805,19.51932144165039,113633
2018-03-27,19.717248916625977,19.717248916625977,20.113100051879883,19.453346252441406,19.7737979888916,344719
2018-03-28,18.52968978881836,18.52968978881836,19.68897247314453,18.48256492614746,19.68897247314453,186312
2018-03-29,18.331762313842773,18.331762313842773,18.897266387939453,17.907634735107422,18.576814651489258,316709
2018-04-02,18.61451530456543,18.61451530456543,18.840715408325195,18.256362915039062,18.256362915039062,150874
2018-04-03,18.4731388092041,18.4731388092041,19.50989532470703,18.331762313842773,19.50989532470703,150980
2018-04-04,18.737041473388672,18.737041473388672,19.00094223022461,18.237512588500977,18.2940616607666,104615
2018-04-05,18.982091903686523,18.982091903686523,19.132892608642578,18.65221405029297,18.850141525268555,68965
2018-04-06,19.03864288330078,19.03864288330078,19.161169052124023,18.803016662597656,18.887842178344727,76710
2018-04-09,18.454288482666016,18.454288482666016,19.283695220947266,18.43543815612793,19.17059326171875,119787
2018-04-10,18.454288482666016,18.454288482666016,18.727615356445312,18.426013946533203,18.576814651489258,248592
2018-04-11,18.426013946533203,18.426013946533203,18.793590545654297,18.407163619995117,18.407163619995117,132095
2018-04-12,18.067861557006836,18.067861557006836,18.52968978881836,18.049009323120117,18.491989135742188,237134
2018-04-13,18.228086471557617,18.228086471557617,18.397737503051758,18.077285766601562,18.13383674621582,102811
2018-04-16,18.256362915039062,18.256362915039062,18.369462966918945,18.077285766601562,18.246936798095703,226736
2018-04-17,19.066917419433594,19.066917419433594,19.104618072509766,18.256362915039062,18.341188430786133,77771
2018-04-18,19.029218673706055,19.029218673706055,19.25541877746582,19.01036834716797,19.132892608642578,129230
2018-04-19,18.718189239501953,18.718189239501953,19.00094223022461,18.671064376831055,18.99151611328125,170715
2018-04-20,18.671064376831055,18.671064376831055,19.048067092895508,18.60508918762207,18.803016662597656,82864
2018-04-23,18.60508918762207,18.60508918762207,18.811498641967773,18.52968978881836,18.680490493774414,147479
2018-04-24,18.378887176513672,18.378887176513672,18.671064376831055,18.322336196899414,18.59566307067871,145994
2018-04-25,18.65221405029297,18.65221405029297,18.727615356445312,18.190385818481445,18.331762313842773,92838
2018-04-26,18.369462966918945,18.369462966918945,19.00094223022461,18.36003875732422,18.65221405029297,199786
2018-04-27,17.70028305053711,17.70028305053711,18.510839462280273,17.681432723999023,18.454288482666016,203818
2018-04-30,17.342130661010742,17.342130661010742,17.86993408203125,17.2196044921875,17.690858840942383,345356
2018-05-01,17.55890655517578,17.55890655517578,17.64373207092285,17.21017837524414,17.455230712890625,166259
2018-05-02,18.586238861083984,18.586238861083984,18.642789840698242,17.511781692504883,17.511781692504883,222280
2018-05-03,18.718189239501953,18.718189239501953,18.77474021911621,18.275211334228516,18.548538208007812,180476
2018-05-04,19.30254554748535,19.30254554748535,19.368520736694336,18.708765029907227,18.708765029907227,94960
2018-05-07,19.66069793701172,19.66069793701172,19.91517448425293,19.25541877746582,19.311969757080078,148646
2018-05-08,19.57587242126465,19.57587242126465,19.764373779296875,19.330820083618164,19.65127182006836,133262
2018-05-09,20.056549072265625,20.056549072265625,20.756832122802734,19.245994567871094,19.50989532470703,193633
2018-05-10,20.25447654724121,20.25447654724121,20.43355369567871,18.557964324951172,20.018850326538086,112678
2018-05-11,20.216777801513672,20.216777801513672,20.537229537963867,20.0471248626709,20.245052337646484,200741
2018-05-14,20.452402114868164,20.452402114868164,20.584354400634766,20.0,20.141376495361328,118620
2018-05-15,19.57587242126465,19.57587242126465,20.282751083374023,19.415645599365234,20.282751083374023,211563
2018-05-16,19.538171768188477,19.538171768188477,20.13195037841797,19.50989532470703,19.60414695739746,198513
2018-05-17,19.962299346923828,19.962299346923828,20.141376495361328,19.538171768188477,19.538171768188477,199362
2018-05-18,20.09425163269043,20.09425163269043,20.16965103149414,19.802074432373047,19.943450927734375,146100
2018-05-21,20.358152389526367,20.358152389526367,20.49010467529297,19.971725463867188,20.16965103149414,165516
2018-05-22,20.452402114868164,20.452402114868164,20.574928283691406,20.188501358032227,20.43355369567871,144402
2018-05-23,20.91423225402832,20.91423225402832,20.951932907104492,20.26390266418457,20.358152389526367,372729
2018-05-24,20.754005432128906,20.754005432128906,21.00848388671875,20.56550407409668,21.00848388671875,102811
2018-05-25,20.527803421020508,20.527803421020508,20.933082580566406,20.442977905273438,20.688030242919922,151086
2018-05-29,20.640905380249023,20.640905380249023,20.848255157470703,20.34872817993164,20.414703369140625,99204
2018-05-30,20.499528884887695,20.499528884887695,20.90480613708496,20.405277252197266,20.669179916381836,223022
2018-05-31,20.42412757873535,20.42412757873535,21.05089569091797,20.16965103149414,20.527803421020508,467158
2018-06-01,19.858623504638672,19.858623504638672,20.367578506469727,19.811498641967773,20.367578506469727,259627
2018-06-04,20.273326873779297,20.273326873779297,20.30160140991211,19.83034896850586,19.90574836730957,142705
2018-06-05,20.367578506469727,20.367578506469727,20.716304779052734,19.69839859008789,20.2262020111084,160529
2018-06-06,20.725730895996094,20.725730895996094,20.87653160095215,20.207351684570312,20.358152389526367,347159
2018-06-07,20.82940673828125,20.82940673828125,20.96135711669922,20.73515510559082,20.857681274414062,102280
2018-06-08,20.688030242919922,20.688030242919922,20.885957717895508,20.593778610229492,20.78228187561035,84562
2018-06-11,20.48067855834961,20.48067855834961,20.82940673828125,20.48067855834961,20.688030242919922,146418
2018-06-12,20.51837921142578,20.51837921142578,20.98963165283203,20.286521911621094,20.471254348754883,208168
2018-06-13,20.30160140991211,20.30160140991211,20.69745445251465,20.188501358032227,20.622055053710938,151299
2018-06-14,20.49010467529297,20.49010467529297,20.622055053710938,20.377002716064453,20.377002716064453,186206
2018-06-15,20.188501358032227,20.188501358032227,20.546653747558594,20.122526168823242,20.43355369567871,273101
2018-06-18,20.028274536132812,20.028274536132812,20.292177200317383,19.849199295043945,20.16965103149414,267796
2018-06-19,19.73609733581543,19.73609733581543,19.962299346923828,19.712535858154297,19.858623504638672,270025
2018-06-20,19.066917419433594,19.066917419433594,19.858623504638672,19.00094223022461,19.858623504638672,710976
2018-06-21,18.48256492614746,18.48256492614746,19.208293914794922,18.12441062927246,19.048067092895508,475328
2018-06-22,18.65221405029297,18.65221405029297,18.737041473388672,18.2940616607666,18.59566307067871,5857463
2018-06-25,18.416587829589844,18.416587829589844,18.887842178344727,18.36003875732422,18.463712692260742,319149
2018-06-26,18.765316009521484,18.765316009521484,18.85956573486328,18.12441062927246,18.426013946533203,164349
2018-06-27,19.12346839904785,19.12346839904785,19.50989532470703,18.727615356445312,18.727615356445312,359255
2018-06-28,18.378887176513672,18.378887176513672,19.08576774597168,17.95475959777832,18.99151611328125,810286
2018-06-29,18.020734786987305,18.020734786987305,18.6993408203125,18.011310577392578,18.38831329345703,739941
2018-07-02,18.26578712463379,18.26578712463379,18.275211334228516,17.540056228637695,17.96418571472168,307902
2018-07-03,18.341188430786133,18.341188430786133,18.69745445251465,18.26578712463379,18.2940616607666,207956
2018-07-05,18.454288482666016,18.454288482666016,18.7464656829834,18.331762313842773,18.397737503051758,368804
2018-07-06,19.17059326171875,19.17059326171875,19.274269104003906,18.320451736450195,18.369462966918945,413047
2018-07-09,19.208293914794922,19.208293914794922,19.500471115112305,18.60508918762207,19.12346839904785,247744
2018-07-10,19.30254554748535,19.30254554748535,19.48162078857422,19.076343536376953,19.198869705200195,278831
2018-07-11,19.283695220947266,19.283695220947266,19.425071716308594,18.967954635620117,19.17059326171875,236709
2018-07-12,19.208293914794922,19.208293914794922,19.538171768188477,19.09519386291504,19.227144241333008,251139
2018-07-13,19.30254554748535,19.30254554748535,19.69839859008789,19.151744842529297,19.330820083618164,226948
2018-07-16,19.472196578979492,19.472196578979492,19.670122146606445,19.203582763671875,19.368520736694336,191617
2018-07-17,19.142318725585938,19.142318725585938,19.538171768188477,19.132892608642578,19.330820083618164,193420
2018-07-18,18.397737503051758,18.397737503051758,19.18001937866211,18.378887176513672,19.066917419433594,185357
2018-07-19,18.114986419677734,18.114986419677734,18.426013946533203,18.09613609313965,18.275211334228516,248380
2018-07-20,18.369462966918945,18.369462966918945,18.397737503051758,17.73798370361328,18.143260955810547,189495
2018-07-23,18.20923614501953,18.20923614501953,18.510839462280273,18.067861557006836,18.2940616607666,129124
2018-07-24,17.540056228637695,17.540056228637695,18.275211334228516,17.511781692504883,18.20923614501953,349706
2018-07-25,17.794532775878906,17.794532775878906,17.86993408203125,17.25730323791504,17.549482345581055,240423
2018-07-26,17.78510856628418,17.78510856628418,18.143260955810547,17.487276077270508,17.78510856628418,177505
2018-07-27,17.624881744384766,17.624881744384766,18.058435440063477,17.61545753479004,17.719133377075195,218778
2018-07-30,17.549482345581055,17.549482345581055,17.987747192382812,17.530630111694336,17.64373207092285,298565
2018-07-31,17.983034133911133,17.983034133911133,18.162111282348633,17.61545753479004,17.61545753479004,401164
2018-08-01,17.653156280517578,17.653156280517578,18.12818145751953,17.64373207092285,17.935909271240234,127002
2018-08-02,17.511781692504883,17.511781692504883,17.841659545898438,17.43638038635254,17.56833267211914,158513
2018-08-03,17.60603141784668,17.60603141784668,17.888784408569336,17.511781692504883,17.55890655517578,105676
2018-08-06,17.747407913208008,17.747407913208008,17.95475959777832,17.681432723999023,17.681432723999023,100158
2018-08-07,17.983034133911133,17.983034133911133,18.067861557006836,17.64373207092285,17.82280921936035,154269
2018-08-08,18.190385818481445,18.190385818481445,18.20923614501953,17.709707260131836,17.945335388183594,167532
2018-08-09,17.77568244934082,17.77568244934082,18.491989135742188,16.96512794494629,16.96512794494629,268009
2018-08-10,17.47408103942871,17.47408103942871,17.879358291625977,17.327991485595703,17.73798370361328,287107
2018-08-13,17.426956176757812,17.426956176757812,17.61545753479004,17.2196044921875,17.455230712890625,403711
2018-08-14,17.55890655517578,17.55890655517578,17.624881744384766,17.2667293548584,17.426956176757812,210290
2018-08-15,17.323280334472656,17.323280334472656,17.52120590209961,17.04052734375,17.483505249023438,226205
2018-08-16,17.492931365966797,17.492931365966797,17.60603141784668,17.153629302978516,17.37982940673828,209335
2018-08-17,16.927427291870117,16.927427291870117,17.4458065032959,16.88030242919922,17.417530059814453,258990
2018-08-20,16.493873596191406,16.493873596191406,16.983976364135742,16.371347427368164,16.96512794494629,264401
2018-08-21,16.983976364135742,16.983976364135742,17.25730323791504,16.39019775390625,16.493873596191406,239574
2018-08-22,16.90857696533203,16.90857696533203,17.153629302978516,16.833175659179688,16.96512794494629,135065
2018-08-23,16.974552154541016,16.974552154541016,17.059377670288086,16.73892593383789,16.88030242919922,149601
2018-08-24,17.238454818725586,17.238454818725586,17.342130661010742,16.96512794494629,17.153629302978516,191829
2018-08-27,17.4458065032959,17.4458065032959,17.86993408203125,17.313854217529297,17.398679733276367,270767
2018-08-28,18.152685165405273,18.152685165405273,18.228086471557617,17.55890655517578,17.55890655517578,304931
2018-08-29,18.812440872192383,18.812440872192383,18.82186508178711,18.011310577392578,18.162111282348633,401058
2018-08-30,18.623939514160156,18.623939514160156,18.86899185180664,18.26107406616211,18.812440872192383,326258
2018-08-31,18.576814651489258,18.576814651489258,18.727615356445312,18.17153549194336,18.548538208007812,314162
2018-09-04,18.671064376831055,18.671064376831055,18.727615356445312,18.199811935424805,18.501413345336914,133156
2018-09-05,18.982091903686523,18.982091903686523,19.104618072509766,18.548538208007812,18.708765029907227,152572
2018-09-06,19.066917419433594,19.066917419433594,19.21771812438965,18.926483154296875,19.00094223022461,190237
2018-09-07,19.03864288330078,19.03864288330078,19.278982162475586,18.963241577148438,19.03864288330078,147479
2018-09-10,19.104618072509766,19.104618072509766,19.198869705200195,18.840715408325195,19.029218673706055,199468
2018-09-11,18.91611671447754,18.91611671447754,19.34024429321289,18.85956573486328,18.99151611328125,227372
2018-09-12,19.30254554748535,19.30254554748535,19.406221389770508,18.85956573486328,18.85956573486328,312677
2018-09-13,19.585296630859375,19.585296630859375,19.811498641967773,19.359094619750977,19.38736915588379,188328
2018-09-14,19.09519386291504,19.09519386291504,19.670122146606445,19.08576774597168,19.57587242126465,163076
2018-09-17,19.236568450927734,19.236568450927734,19.458057403564453,18.963241577148438,19.09519386291504,159256
2018-09-18,19.585296630859375,19.585296630859375,19.594722747802734,19.193214416503906,19.311969757080078,245091
2018-09-19,20.216777801513672,20.216777801513672,20.39585304260254,19.086711883544922,19.60414695739746,302491
2018-09-20,20.377002716064453,20.377002716064453,20.452402114868164,20.179075241088867,20.33930206298828,269812
2018-09-21,20.499528884887695,20.499528884887695,20.640905380249023,20.235626220703125,20.358152389526367,869383
2018-09-24,20.51837921142578,20.51837921142578,20.537229537963867,20.16965103149414,20.358152389526367,281908
2018-09-25,20.30160140991211,20.30160140991211,20.56550407409668,20.30160140991211,20.471254348754883,162439
2018-09-26,20.141376495361328,20.141376495361328,20.499528884887695,20.113100051879883,20.273326873779297,188540
2018-09-27,19.962299346923828,19.962299346923828,20.329877853393555,19.90574836730957,20.188501358032227,188646
2018-09-28,19.641847610473633,19.641847610473633,20.297832489013672,19.34967041015625,19.886899948120117,251139
2018-10-01,19.90574836730957,19.90574836730957,20.2262020111084,19.622997283935547,19.783222198486328,283075
2018-10-02,20.61263084411621,20.61263084411621,20.87653160095215,19.820924758911133,19.962299346923828,253261
2018-10-03,20.631479263305664,20.631479263305664,20.923656463623047,20.461828231811523,20.69745445251465,246152
2018-10-04,20.367578506469727,20.367578506469727,20.631479263305664,20.27050018310547,20.631479263305664,167108
2018-10-05,20.282751083374023,20.282751083374023,20.593778610229492,19.990575790405273,20.30160140991211,143023
2018-10-08,20.60320472717285,20.60320472717285,20.678604125976562,20.13195037841797,20.282751083374023,226099
2018-10-09,20.358152389526367,20.358152389526367,20.73515510559082,20.329877853393555,20.574928283691406,190343
2018-10-10,19.114042282104492,19.114042282104492,20.39585304260254,19.08576774597168,20.367578506469727,287955
2018-10-11,18.557964324951172,18.557964324951172,19.326107025146484,18.52968978881836,19.066917419433594,275860
2018-10-12,18.86899185180664,18.86899185180664,18.934967041015625,18.586238861083984,18.840715408325195,315754
2018-10-15,18.61451530456543,18.61451530456543,18.972667694091797,18.548538208007812,18.91611671447754,319998
2018-10-16,18.633365631103516,18.633365631103516,18.86899185180664,18.285579681396484,18.78416633605957,369016
2018-10-17,18.275211334228516,18.275211334228516,18.78416633605957,18.275211334228516,18.77474021911621,256550
2018-10-18,17.803958892822266,17.803958892822266,18.36003875732422,17.794532775878906,18.26578712463379,223977
2018-10-19,17.662582397460938,17.662582397460938,18.21866226196289,17.653156280517578,17.803958892822266,312783
2018-10-22,17.313854217529297,17.313854217529297,18.086711883544922,17.247879028320312,17.756832122802734,219415
2018-10-23,17.031103134155273,17.031103134155273,17.276155471801758,16.889726638793945,17.25730323791504,280635
2018-10-24,16.29594612121582,16.29594612121582,17.068803787231445,16.234683990478516,17.068803787231445,391085
2018-10-25,16.418472290039062,16.418472290039062,16.606975555419922,16.314796447753906,16.52214813232422,358300
2018-10-26,16.192270278930664,16.192270278930664,16.512723922729492,15.91140365600586,16.16399574279785,204243
2018-10-29,16.29594612121582,16.29594612121582,16.70122528076172,16.192270278930664,16.43732261657715,224720
2018-10-30,16.55984878540039,16.55984878540039,16.625825881958008,16.286521911621094,16.286521911621094,159999
2018-10-31,16.946277618408203,16.946277618408203,17.078227996826172,16.748350143432617,16.767200469970703,243287
2018-11-01,17.106502532958984,17.106502532958984,17.492931365966797,17.031103134155273,17.059377670288086,404135
2018-11-02,17.295005798339844,17.295005798339844,17.502355575561523,17.21017837524414,17.21017837524414,229813
2018-11-05,17.549482345581055,17.549482345581055,17.64373207092285,17.153629302978516,17.295005798339844,322332
2018-11-06,17.52120590209961,17.52120590209961,18.030160903930664,17.464656829833984,17.634307861328125,193314
2018-11-07,18.058435440063477,18.058435440063477,18.114986419677734,17.56833267211914,17.634307861328125,290077
2018-11-08,18.61451530456543,18.61451530456543,18.85956573486328,17.492931365966797,17.492931365966797,787474
2018-11-09,18.275211334228516,18.275211334228516,18.539113998413086,18.077285766601562,18.491989135742188,448909
2018-11-12,17.483505249023438,17.483505249023438,18.284637451171875,17.43638038635254,18.284637451171875,186524
2018-11-13,16.936851501464844,16.936851501464844,17.766258239746094,16.90857696533203,17.681432723999023,308008
2018-11-14,16.90857696533203,16.90857696533203,17.313854217529297,16.83411979675293,17.181903839111328,146842
2018-11-15,17.012252807617188,17.012252807617188,17.04995346069336,16.69179916381836,16.88030242919922,158195
2018-11-16,17.106502532958984,17.106502532958984,17.12535285949707,16.88030242919922,16.88030242919922,164031
2018-11-19,16.8614501953125,16.8614501953125,17.191328048706055,16.8143253326416,17.021678924560547,145888
2018-11-20,16.56927490234375,16.56927490234375,16.82375144958496,16.116870880126953,16.682374954223633,165622
2018-11-21,16.65410041809082,16.65410041809082,16.8143253326416,16.578699111938477,16.663524627685547,118832
2018-11-23,16.550424575805664,16.550424575805664,16.79547691345215,16.30537223815918,16.456172943115234,116922
2018-11-26,17.021678924560547,17.021678924560547,17.2196044921875,16.748350143432617,16.748350143432617,456336
2018-11-27,16.946277618408203,16.946277618408203,17.097078323364258,16.852025985717773,16.974552154541016,1789801
2018-11-28,16.9934024810791,16.9934024810791,17.04995346069336,16.946277618408203,16.946277618408203,1303120
2018-11-29,17.229028701782227,17.229028701782227,17.295005798339844,16.936851501464844,16.95570182800293,2057279
2018-11-30,17.200754165649414,17.200754165649414,17.295005798339844,17.144203186035156,17.229028701782227,962115
2018-12-03,17.247879028320312,17.247879028320312,17.43638038635254,17.163053512573242,17.43638038635254,629385
2018-12-04,16.592836380004883,16.592836380004883,17.342130661010742,16.540998458862305,17.229028701782227,1306622
2018-12-06,16.00377082824707,16.00377082824707,16.361923217773438,15.75871753692627,16.361923217773438,422278
2018-12-07,15.92836856842041,15.92836856842041,16.380773544311523,15.75871753692627,16.032045364379883,293048
2018-12-10,16.182846069335938,16.182846069335938,16.25824737548828,15.362865447998047,15.93779468536377,307690
2018-12-11,15.871818542480469,15.871818542480469,16.371347427368164,15.409991264343262,16.371347427368164,610818
2018-12-12,16.13572120666504,16.13572120666504,16.30537223815918,15.92836856842041,16.05089569091797,1009966
2018-12-13,15.362865447998047,15.362865447998047,16.239397048950195,15.278039932250977,16.182846069335938,232465
2018-12-14,15.39113998413086,15.39113998413086,15.400566101074219,15.146088600158691,15.249764442443848,261112
2018-12-17,15.070688247680664,15.070688247680664,15.617341995239258,14.901037216186523,15.381714820861816,497291
2018-12-18,15.344015121459961,15.344015121459961,15.438265800476074,14.976436614990234,15.080113410949707,466522
2018-12-19,14.684260368347168,14.684260368347168,15.475966453552246,14.505184173583984,15.344015121459961,284879
2018-12-20,14.165881156921387,14.165881156921387,14.806785583496094,14.128181457519531,14.684260368347168,696334
2018-12-21,13.836004257202148,13.836004257202148,14.472195625305176,13.685202598571777,14.1941556930542,866625
2018-12-24,13.317625045776367,13.317625045776367,13.845429420471191,13.26107406616211,13.845429420471191,299733
2018-12-26,13.67577838897705,13.67577838897705,13.732328414916992,13.15739917755127,13.421300888061523,1132618
2018-12-27,13.685202598571777,13.685202598571777,13.746465682983398,13.182846069335938,13.590951919555664,464612
2018-12-28,13.534401893615723,13.534401893615723,14.024504661560059,13.449576377868652,13.741752624511719,236391
2018-12-31,13.647501945495605,13.647501945495605,14.015080451965332,13.279925346374512,13.600377082824707,252306
2019-01-02,14.250706672668457,14.250706672668457,14.316681861877441,13.459000587463379,13.459000587463379,199468
2019-01-03,14.231857299804688,14.231857299804688,14.561734199523926,13.901979446411133,14.137605667114258,185887
2019-01-04,14.89161205291748,14.89161205291748,15.136664390563965,14.09048080444336,14.42978286743164,286046
2019-01-07,15.334589958190918,15.334589958190918,15.475966453552246,14.721960067749023,14.901037216186523,207107
2019-01-08,15.57021713256836,15.57021713256836,15.777567863464355,15.268614768981934,15.494815826416016,203606
2019-01-09,15.843544006347656,15.843544006347656,15.913289070129395,15.504240989685059,15.64561653137207,268433
2019-01-10,15.730443000793457,15.730443000793457,16.022619247436523,15.485390663146973,15.730443000793457,170821
2019-01-11,15.673892974853516,15.673892974853516,15.862394332885742,15.485390663146973,15.57021713256836,182492
2019-01-14,15.92836856842041,15.92836856842041,16.361923217773438,15.494815826416016,15.494815826416016,363605
2019-01-15,14.919886589050293,14.919886589050293,15.881243705749512,14.89161205291748,15.881243705749512,880418
2019-01-16,15.334589958190918,15.334589958190918,15.504240989685059,14.71253490447998,14.863335609436035,819092
2019-01-17,15.400566101074219,15.400566101074219,15.589067459106445,15.098962783813477,15.146088600158691,325833
2019-01-18,15.485390663146973,15.485390663146973,15.664466857910156,15.240339279174805,15.39113998413086,268645
2019-01-22,14.382658004760742,14.382658004760742,15.692743301391602,14.340245246887207,15.221488952636719,774848
2019-01-23,15.39113998413086,15.39113998413086,15.54194164276123,14.703109741210938,14.703109741210938,563073
2019-01-24,15.212063789367676,15.212063789367676,15.523091316223145,15.136664390563965,15.372289657592773,444029
2019-01-25,15.240339279174805,15.240339279174805,15.442977905273438,15.17436408996582,15.315739631652832,547688
2019-01-28,15.17436408996582,15.17436408996582,15.353440284729004,14.876531600952148,15.10838794708252,807739
2019-01-29,15.221488952636719,15.221488952636719,15.419416427612305,15.061263084411621,15.296890258789062,444877
2019-01-30,15.061263084411621,15.061263084411621,15.315739631652832,14.882186889648438,15.315739631652832,350342
2019-01-31,16.4326114654541,16.4326114654541,16.43732261657715,15.17436408996582,15.17436408996582,485938
2019-02-01,16.55984878540039,16.55984878540039,16.79547691345215,16.456172943115234,16.588123321533203,602118
2019-02-04,17.144203186035156,17.144203186035156,17.766258239746094,16.8614501953125,16.96512794494629,1025987
2019-02-05,17.35155487060547,17.35155487060547,17.61545753479004,17.2667293548584,17.313854217529297,621746
2019-02-06,17.332704544067383,17.332704544067383,17.530630111694336,17.21017837524414,17.43638038635254,286046
2019-02-07,17.2667293548584,17.2667293548584,17.37982940673828,16.918001174926758,17.2667293548584,501216
2019-02-08,17.106502532958984,17.106502532958984,17.247879028320312,17.00282859802246,17.181903839111328,362968
2019-02-11,17.2196044921875,17.2196044921875,17.426956176757812,17.106502532958984,17.285579681396484,375382
2019-02-12,17.43638038635254,17.43638038635254,17.832233428955078,17.285579681396484,17.55890655517578,585354
2019-02-13,17.4458065032959,17.4458065032959,17.74458122253418,17.25730323791504,17.73798370361328,372835
2019-02-14,17.370405197143555,17.370405197143555,17.587181091308594,17.229028701782227,17.426956176757812,267054
2019-02-15,17.766258239746094,17.766258239746094,17.978321075439453,17.276155471801758,17.43638038635254,284348
2019-02-19,17.426956176757812,17.426956176757812,17.94910430908203,17.38925552368164,17.860509872436523,561269
2019-02-20,17.60603141784668,17.60603141784668,17.690858840942383,17.229028701782227,17.43638038635254,434586
2019-02-21,17.832233428955078,17.832233428955078,17.898208618164062,17.153629302978516,17.464656829833984,588537
2019-02-22,17.973609924316406,17.973609924316406,18.256362915039062,17.813383102416992,18.020734786987305,407530
2019-02-25,17.91705894470215,17.91705894470215,18.237512588500977,17.860509872436523,18.143260955810547,953733
2019-02-26,18.020734786987305,18.020734786987305,18.152685165405273,17.653156280517578,17.860509872436523,708536
2019-02-27,17.888784408569336,17.888784408569336,18.237512588500977,17.70028305053711,18.020734786987305,368591
2019-02-28,18.491989135742188,18.491989135742188,18.623939514160156,17.803958892822266,18.030160903930664,631295
2019-03-01,19.057493209838867,19.057493209838867,19.076343536376953,18.444862365722656,18.5673885345459,424082
2019-03-04,18.878416061401367,18.878416061401367,19.30254554748535,18.661640167236328,19.132892608642578,297080
2019-03-05,18.68991470336914,18.68991470336914,19.132892608642578,18.666351318359375,18.85956573486328,346523
2019-03-06,18.77474021911621,18.77474021911621,18.897266387939453,18.68991470336914,18.7464656829834,276178
2019-03-07,18.576814651489258,18.576814651489258,18.850141525268555,18.548538208007812,18.7464656829834,354268
2019-03-08,18.463712692260742,18.463712692260742,18.60508918762207,18.273326873779297,18.369462966918945,307053
2019-03-11,18.812440872192383,18.812440872192383,18.850141525268555,18.4731388092041,18.59566307067871,253155
2019-03-12,18.680490493774414,18.680490493774414,18.878416061401367,18.633365631103516,18.850141525268555,249866
2019-03-13,18.661640167236328,18.661640167236328,18.850141525268555,18.463712692260742,18.765316009521484,292836
2019-03-14,18.61451530456543,18.61451530456543,18.718189239501953,18.468425750732422,18.60508918762207,136020
2019-03-15,18.850141525268555,18.850141525268555,18.850141525268555,18.671064376831055,18.671064376831055,438087
2019-03-18,19.30254554748535,19.30254554748535,19.359094619750977,18.850141525268555,18.850141525268555,284985
2019-03-19,19.09519386291504,19.09519386291504,19.48162078857422,18.9255428314209,19.359094619750977,296125
2019-03-20,18.86899185180664,18.86899185180664,19.194156646728516,18.78605079650879,19.076343536376953,303234
2019-03-21,19.208293914794922,19.208293914794922,19.26484489440918,18.850141525268555,18.850141525268555,196816
2019-03-22,18.548538208007812,18.548538208007812,19.154571533203125,18.417530059814453,19.066917419433594,265993
2019-03-25,18.454288482666016,18.454288482666016,18.840715408325195,18.229028701782227,18.454288482666016,217187
2019-03-26,18.228086471557617,18.228086471557617,18.77568244934082,18.190385818481445,18.557964324951172,245515
2019-03-27,18.058435440063477,18.058435440063477,18.284637451171875,17.860509872436523,18.21866226196289,348857
2019-03-28,18.067861557006836,18.067861557006836,18.143260955810547,17.879358291625977,18.00188446044922,186630
2019-03-29,18.228086471557617,18.228086471557617,18.2940616607666,17.78510856628418,18.143260955810547,302491
2019-04-01,18.765316009521484,18.765316009521484,18.897266387939453,18.378887176513672,18.397737503051758,184190
2019-04-02,18.91611671447754,18.91611671447754,19.019792556762695,18.661640167236328,18.718189239501953,630446
2019-04-03,19.029218673706055,19.029218673706055,19.377944946289062,18.972667694091797,19.048067092895508,185993
2019-04-04,20.018850326538086,20.018850326538086,20.037700653076172,19.019792556762695,19.227144241333008,291881
2019-04-05,20.028274536132812,20.028274536132812,20.636192321777344,19.849199295043945,20.113100051879883,554479
2019-04-08,19.66069793701172,19.66069793701172,19.990575790405273,19.491046905517578,19.990575790405273,236179
2019-04-09,19.453346252441406,19.453346252441406,19.726673126220703,19.43449592590332,19.585296630859375,631719
2019-04-10,19.990575790405273,19.990575790405273,20.075401306152344,19.472196578979492,19.491046905517578,412729
2019-04-11,19.51932144165039,19.51932144165039,19.986804962158203,19.443920135498047,19.943450927734375,184084
2019-04-12,19.670122146606445,19.670122146606445,19.820924758911133,19.34967041015625,19.528745651245117,125092
2019-04-15,19.7737979888916,19.7737979888916,19.844486236572266,19.34024429321289,19.73609733581543,171245
2019-04-16,19.43449592590332,19.43449592590332,19.896324157714844,19.34024429321289,19.896324157714844,177399
2019-04-17,19.25541877746582,19.25541877746582,19.707822799682617,19.227144241333008,19.547597885131836,179097
2019-04-18,19.491046905517578,19.491046905517578,19.56644630432129,19.07917022705078,19.25541877746582,156179
2019-04-22,19.25541877746582,19.25541877746582,19.613571166992188,19.057493209838867,19.48162078857422,123394
2019-04-23,19.472196578979492,19.472196578979492,19.65127182006836,19.132892608642578,19.283695220947266,249759
2019-04-24,19.462770462036133,19.462770462036133,19.56644630432129,19.151744842529297,19.472196578979492,309388
2019-04-25,19.12346839904785,19.12346839904785,19.60414695739746,19.01036834716797,19.538171768188477,285940
2019-04-26,19.377944946289062,19.377944946289062,19.50989532470703,18.99151611328125,19.18001937866211,512781
2019-04-29,19.670122146606445,19.670122146606445,19.792648315429688,19.359094619750977,19.415645599365234,150450
2019-04-30,19.726673126220703,19.726673126220703,19.7737979888916,19.236568450927734,19.69839859008789,926571
2019-05-01,19.56644630432129,19.56644630432129,20.018850326538086,19.538171768188477,19.792648315429688,143341
2019-05-02,19.60414695739746,19.60414695739746,19.66069793701172,19.359094619750977,19.557022094726562,127957
2019-05-03,20.30160140991211,20.30160140991211,20.30160140991211,19.500471115112305,19.500471115112305,164455
2019-05-06,20.26390266418457,20.26390266418457,20.386428833007812,19.802074432373047,19.877473831176758,141007
2019-05-07,20.0471248626709,20.0471248626709,20.358152389526367,19.802074432373047,20.34872817993164,297080
2019-05-08,18.548538208007812,18.548538208007812,19.802074432373047,18.058435440063477,19.802074432373047,581110
2019-05-09,18.00188446044922,18.00188446044922,18.557964324951172,17.73798370361328,18.43543815612793,296019
2019-05-10,18.03958511352539,18.03958511352539,18.077285766601562,17.464656829833984,18.058435440063477,882646
2019-05-13,17.078227996826172,17.078227996826172,17.756832122802734,17.04995346069336,17.756832122802734,256019
2019-05-14,16.82375144958496,16.82375144958496,17.35155487060547,16.720075607299805,17.115928649902344,263234
2019-05-15,17.426956176757812,17.426956176757812,17.52120590209961,16.606975555419922,16.8614501953125,216020
2019-05-16,17.153629302978516,17.153629302978516,17.55890655517578,17.068803787231445,17.238454818725586,357451
2019-05-17,16.983976364135742,16.983976364135742,17.238454818725586,16.90857696533203,17.068803787231445,127320
2019-05-20,16.936851501464844,16.936851501464844,16.969839096069336,16.64467430114746,16.87087631225586,200317
2019-05-21,16.96512794494629,16.96512794494629,17.229028701782227,16.90857696533203,16.983976364135742,458352
2019-05-22,16.748350143432617,16.748350143432617,16.95570182800293,16.606975555419922,16.95570182800293,446469
2019-05-23,16.39019775390625,16.39019775390625,16.69179916381836,16.25824737548828,16.588123321533203,197240
2019-05-24,16.39962387084961,16.39962387084961,16.578699111938477,16.34401512145996,16.46559715270996,110238
2019-05-28,16.625825881958008,16.625825881958008,16.69179916381836,16.409048080444336,16.512723922729492,232996
2019-05-29,16.267671585083008,16.267671585083008,16.69179916381836,16.239397048950195,16.635250091552734,259521
2019-05-30,16.060319900512695,16.060319900512695,16.493873596191406,15.92836856842041,16.333648681640625,269812
2019-05-31,16.069746017456055,16.069746017456055,16.07917022705078,15.768142700195312,15.815269470214844,314056
2019-06-03,16.00377082824707,16.00377082824707,16.239397048950195,15.721017837524414,16.060319900512695,190662
2019-06-04,16.211122512817383,16.211122512817383,16.352497100830078,16.098020553588867,16.154571533203125,220900
2019-06-05,16.29594612121582,16.29594612121582,16.46559715270996,16.16399574279785,16.277097702026367,251139
2019-06-06,16.720075607299805,16.720075607299805,16.8614501953125,16.192270278930664,16.192270278930664,317876
2019-06-07,16.52214813232422,16.52214813232422,16.797361373901367,16.52214813232422,16.78605079650879,247531
2019-06-10,16.748350143432617,16.748350143432617,16.88030242919922,16.503299713134766,16.503299713134766,169230
2019-06-11,16.757776260375977,16.757776260375977,16.8614501953125,16.606975555419922,16.833175659179688,247850
2019-06-12,16.889726638793945,16.889726638793945,17.007539749145508,16.64467430114746,16.672950744628906,112997
2019-06-13,17.238454818725586,17.238454818725586,17.238454818725586,16.889726638793945,16.95570182800293,154800
2019-06-14,17.04052734375,17.04052734375,17.30443000793457,17.04052734375,17.229028701782227,162970
2019-06-17,17.35155487060547,17.35155487060547,17.370405197143555,16.852025985717773,16.983976364135742,126790
2019-06-18,17.313854217529297,17.313854217529297,17.756832122802734,17.276155471801758,17.323280334472656,212412
2019-06-19,17.455230712890625,17.455230712890625,17.47408103942871,17.285579681396484,17.313854217529297,93792
2019-06-20,17.78510856628418,17.78510856628418,17.82280921936035,17.48162078857422,17.483505249023438,124986
2019-06-21,17.709707260131836,17.709707260131836,17.91705894470215,17.60603141784668,17.728557586669922,358088
2019-06-24,17.52120590209961,17.52120590209961,17.851083755493164,17.455230712890625,17.624881744384766,123819
2019-06-25,17.04052734375,17.04052734375,17.530630111694336,17.04052734375,17.483505249023438,261112
2019-06-26,16.211122512817383,16.211122512817383,16.361923217773438,15.8058443069458,15.834118843078613,395541
2019-06-27,16.286521911621094,16.286521911621094,16.371347427368164,15.966070175170898,16.192270278930664,366788
2019-06-28,16.239397048950195,16.239397048950195,16.324222564697266,15.975495338439941,16.277097702026367,725830
2019-07-01,16.324222564697266,16.324222564697266,16.804901123046875,16.277097702026367,16.531574249267578,254216
2019-07-02,16.145145416259766,16.145145416259766,16.314796447753906,15.918944358825684,16.29594612121582,200953
2019-07-03,16.43732261657715,16.43732261657715,16.47502326965332,16.192270278930664,16.277097702026367,69708
2019-07-05,16.446748733520508,16.446748733520508,16.804901123046875,16.418472290039062,16.456172943115234,197877
2019-07-08,15.890668869018555,15.890668869018555,16.456172943115234,15.815269470214844,16.446748733520508,272995
2019-07-09,15.90951919555664,15.90951919555664,15.90951919555664,15.607916831970215,15.881243705749512,249653
2019-07-10,15.900094032287598,15.900094032287598,16.145145416259766,15.890668869018555,15.975495338439941,177187
2019-07-11,15.92836856842041,15.92836856842041,16.05089569091797,15.862394332885742,15.93779468536377,185463
2019-07-12,16.069746017456055,16.069746017456055,16.17342185974121,15.947219848632812,16.022619247436523,183235
2019-07-15,16.022619247436523,16.022619247436523,16.16399574279785,15.834118843078613,16.16399574279785,265038
2019-07-16,16.00377082824707,16.00377082824707,16.17342185974121,15.918944358825684,15.93779468536377,137824
2019-07-17,15.984919548034668,15.984919548034668,16.154571533203125,15.75871753692627,15.92836856842041,179415
2019-07-18,15.843544006347656,15.843544006347656,16.013195037841797,15.704052925109863,15.947219848632812,154376
2019-07-19,15.57021713256836,15.57021713256836,15.92836856842041,15.54194164276123,15.834118843078613,197558
2019-07-22,15.523091316223145,15.523091316223145,15.900094032287598,15.362865447998047,15.57021713256836,282226
2019-07-23,15.372289657592773,15.372289657592773,15.730443000793457,15.296890258789062,15.607916831970215,138354
2019-07-24,15.438265800476074,15.438265800476074,15.551366806030273,15.17436408996582,15.306315422058105,161696
2019-07-25,15.54194164276123,15.54194164276123,16.00377082824707,15.45711612701416,15.655041694641113,320316
2019-07-26,15.721017837524414,15.721017837524414,15.796418190002441,15.353440284729004,15.532515525817871,212200
2019-07-29,15.504240989685059,15.504240989685059,15.871818542480469,15.438265800476074,15.730443000793457,208911
2019-07-30,15.711592674255371,15.711592674255371,15.834118843078613,15.312911987304688,15.475966453552246,244348
2019-07-31,15.447690963745117,15.447690963745117,15.834118843078613,15.344015121459961,15.655041694641113,362544
2019-08-01,14.929311752319336,14.929311752319336,15.513666152954102,14.929311752319336,15.447690963745117,316072
2019-08-02,14.665410041809082,14.665410041809082,14.882186889648438,14.485390663146973,14.806785583496094,311722
2019-08-05,14.344958305358887,14.344958305358887,14.476908683776855,14.033929824829102,14.467484474182129,465142
2019-08-06,14.684260368347168,14.684260368347168,14.721960067749023,14.297831535339355,14.297831535339355,266629
2019-08-07,15.551366806030273,15.551366806030273,15.786993026733398,14.844486236572266,14.844486236572266,452198
2019-08-08,16.013195037841797,16.013195037841797,16.22997283935547,15.64561653137207,15.664466857910156,243712
2019-08-09,15.589067459106445,15.589067459106445,15.947219848632812,15.523091316223145,15.881243705749512,183977
2019-08-12,15.17436408996582,15.17436408996582,15.65032958984375,15.146088600158691,15.428840637207031,182068
2019-08-13,15.428840637207031,15.428840637207031,15.607916831970215,15.080113410949707,15.089537620544434,157665
2019-08-14,14.693684577941895,14.693684577941895,15.362865447998047,14.684260368347168,15.249764442443848,300581
2019-08-15,14.590008735656738,14.590008735656738,14.721960067749023,14.401508331298828,14.618285179138184,218460
2019-08-16,14.99528694152832,14.99528694152832,15.117813110351562,14.54288387298584,14.60886001586914,214959
2019-08-19,15.344015121459961,15.344015121459961,15.377002716064453,15.032987594604492,15.221488952636719,169230
2019-08-20,15.306315422058105,15.306315422058105,15.372289657592773,15.10838794708252,15.362865447998047,192253
2019-08-21,15.278039932250977,15.278039932250977,15.447690963745117,15.136664390563965,15.344015121459961,135914
2019-08-22,15.711592674255371,15.711592674255371,15.777567863464355,15.353440284729004,15.372289657592773,224508
2019-08-23,14.42978286743164,14.42978286743164,15.702168464660645,14.410932540893555,15.579642295837402,412941
2019-08-26,15.098962783813477,15.098962783813477,15.127238273620605,14.54288387298584,14.599433898925781,182916
2019-08-27,14.618285179138184,14.618285179138184,15.183789253234863,14.60886001586914,15.164938926696777,178354
2019-08-28,14.806785583496094,14.806785583496094,14.901037216186523,14.514609336853027,14.533458709716797,118089
2019-08-29,15.28746509552002,15.28746509552002,15.419416427612305,14.901037216186523,15.032987594604492,138779
2019-08-30,15.475966453552246,15.475966453552246,15.532515525817871,15.315739631652832,15.325164794921875,176126
2019-09-03,15.447690963745117,15.447690963745117,15.494815826416016,15.164938926696777,15.447690963745117,241059
2019-09-04,15.485390663146973,15.485390663146973,15.673892974853516,15.362865447998047,15.551366806030273,110026
2019-09-05,15.523091316223145,15.523091316223145,15.984919548034668,15.494815826416016,15.692743301391602,276815
2019-09-06,15.6267671585083,15.6267671585083,15.742695808410645,15.485390663146973,15.598491668701172,179946
2019-09-09,16.380773544311523,16.380773544311523,16.39019775390625,15.636192321777344,15.711592674255371,175065
2019-09-10,16.56927490234375,16.56927490234375,16.64467430114746,16.154571533203125,16.248821258544922,189282
2019-09-11,17.4458065032959,17.4458065032959,17.492931365966797,16.545711517333984,16.65410041809082,268645
2019-09-12,17.426956176757812,17.426956176757812,17.747407913208008,17.276155471801758,17.56833267211914,264507
2019-09-13,17.464656829833984,17.464656829833984,17.690858840942383,17.323280334472656,17.47408103942871,184932
2019-09-16,17.624881744384766,17.624881744384766,17.813383102416992,17.21017837524414,17.37982940673828,175702
2019-09-17,17.398679733276367,17.398679733276367,17.596607208251953,17.191328048706055,17.596607208251953,113527
2019-09-18,17.4458065032959,17.4458065032959,17.540056228637695,17.30443000793457,17.360979080200195,136869
2019-09-19,17.417530059814453,17.417530059814453,17.709707260131836,17.38548469543457,17.464656829833984,156604
2019-09-20,16.95570182800293,16.95570182800293,17.408105850219727,16.842601776123047,17.38925552368164,441588
2019-09-23,17.059377670288086,17.059377670288086,17.21017837524414,16.804901123046875,16.804901123046875,122227
2019-09-24,16.578699111938477,16.578699111938477,17.113100051879883,16.55984878540039,17.059377670288086,304295
2019-09-25,16.43732261657715,16.43732261657715,16.73892593383789,16.427898406982422,16.55984878540039,169654
2019-09-26,16.17342185974121,16.17342185974121,16.39962387084961,15.984919548034668,16.361923217773438,184190
2019-09-27,16.17342185974121,16.17342185974121,16.427898406982422,16.060319900512695,16.25824737548828,224932
2019-09-30,16.08859634399414,16.08859634399414,16.267671585083008,15.984919548034668,16.098020553588867,262704
2019-10-01,15.702168464660645,15.702168464660645,16.314796447753906,15.683318138122559,16.182846069335938,151829
2019-10-02,15.796418190002441,15.796418190002441,15.815269470214844,15.410932540893555,15.560791969299316,159999
2019-10-03,15.8058443069458,15.8058443069458,15.92836856842041,15.6267671585083,15.768142700195312,85411
2019-10-04,15.994344711303711,15.994344711303711,16.05089569091797,15.8529691696167,15.8529691696167,138036
2019-10-07,15.956645011901855,15.956645011901855,16.182846069335938,15.768142700195312,15.862394332885742,118938
2019-10-08,15.692743301391602,15.692743301391602,15.92836856842041,15.490103721618652,15.871818542480469,120211
2019-10-09,16.17342185974121,16.17342185974121,16.64467430114746,15.721017837524414,15.721017837524414,292199
2019-10-10,16.267671585083008,16.267671585083008,16.338359832763672,16.111215591430664,16.16399574279785,176020
2019-10-11,16.757776260375977,16.757776260375977,17.04052734375,16.361923217773438,16.52214813232422,268645
2019-10-14,16.78133773803711,16.78133773803711,16.78605079650879,16.512723922729492,16.663524627685547,102387
2019-10-15,16.96041488647461,16.96041488647461,16.974552154541016,16.748350143432617,16.833175659179688,137187
2019-10-16,17.078227996826172,17.078227996826172,17.13477897644043,16.8614501953125,16.90857696533203,154163
2019-10-17,17.398679733276367,17.398679733276367,17.56833267211914,17.181903839111328,17.502355575561523,283287
2019-10-18,17.464656829833984,17.464656829833984,17.488218307495117,17.12535285949707,17.332704544067383,235118
2019-10-21,17.832233428955078,17.832233428955078,18.067861557006836,17.549482345581055,17.549482345581055,257186
2019-10-22,17.86993408203125,17.86993408203125,18.190385818481445,17.70028305053711,17.86993408203125,227160
2019-10-23,17.91705894470215,17.91705894470215,17.981149673461914,17.73798370361328,17.945335388183594,228646
2019-10-24,17.70028305053711,17.70028305053711,18.03958511352539,17.587181091308594,18.03958511352539,205091
2019-10-25,17.540056228637695,17.540056228637695,17.898208618164062,17.530630111694336,17.719133377075195,130927
2019-10-28,17.709707260131836,17.709707260131836,17.78510856628418,17.511781692504883,17.719133377075195,179097
2019-10-29,17.860509872436523,17.860509872436523,18.020734786987305,17.634307861328125,17.634307861328125,173898
2019-10-30,17.624881744384766,17.624881744384766,17.860509872436523,17.60508918762207,17.851083755493164,168487
2019-10-31,17.61545753479004,17.61545753479004,17.634307861328125,17.276155471801758,17.530630111694336,171776
2019-11-01,18.17153549194336,18.17153549194336,18.17153549194336,17.60508918762207,17.78510856628418,145569
2019-11-04,18.331762313842773,18.331762313842773,18.407163619995117,18.17153549194336,18.256362915039062,161484
2019-11-05,18.397737503051758,18.397737503051758,18.633365631103516,18.242223739624023,18.444862365722656,247637
2019-11-06,18.26578712463379,18.26578712463379,18.312911987304688,17.313854217529297,18.312911987304688,838933
2019-11-07,17.426956176757812,17.426956176757812,18.454288482666016,17.37982940673828,18.454288482666016,237452
2019-11-08,17.163053512573242,17.163053512573242,17.502355575561523,17.097078323364258,17.38925552368164,183023
2019-11-11,17.803958892822266,17.803958892822266,17.898208618164062,17.181903839111328,17.398679733276367,211882
2019-11-12,17.492931365966797,17.492931365966797,17.897266387939453,17.4458065032959,17.82280921936035,223977
2019-11-13,17.56361961364746,17.56361961364746,17.667295455932617,17.38925552368164,17.4458065032959,157346
2019-11-14,17.408105850219727,17.408105850219727,17.69556999206543,17.318567276000977,17.56833267211914,107055
2019-11-15,17.059377670288086,17.059377670288086,17.540056228637695,17.04995346069336,17.540056228637695,194694
2019-11-18,16.757776260375977,16.757776260375977,17.097078323364258,16.65410041809082,17.097078323364258,184614
2019-11-19,16.672950744628906,16.672950744628906,17.04995346069336,16.672950744628906,16.852025985717773,197558
2019-11-20,16.61639976501465,16.61639976501465,16.78605079650879,16.427898406982422,16.540998458862305,247956
2019-11-21,16.720075607299805,16.720075607299805,16.983976364135742,16.43732261657715,16.69179916381836,307796
2019-11-22,16.87087631225586,16.87087631225586,16.983976364135742,16.78605079650879,16.82375144958496,159681
2019-11-25,16.918001174926758,16.918001174926758,17.078227996826172,16.852025985717773,16.852025985717773,200529
2019-11-26,16.899152755737305,16.899152755737305,17.021678924560547,16.672950744628906,16.833175659179688,242757
2019-11-27,16.39019775390625,16.39019775390625,16.90857696533203,16.34307289123535,16.710649490356445,235860
2019-11-29,16.776626586914062,16.776626586914062,16.90857696533203,16.192270278930664,16.29594612121582,121485
2019-12-02,16.192270278930664,16.192270278930664,16.540998458862305,16.107446670532227,16.418472290039062,247319
2019-12-03,15.749293327331543,15.749293327331543,16.032045364379883,15.673892974853516,16.022619247436523,248380
2019-12-04,15.890668869018555,15.890668869018555,16.08859634399414,15.796418190002441,15.815269470214844,175489
2019-12-05,16.098020553588867,16.098020553588867,16.267671585083008,15.881243705749512,15.93779468536377,191192
2019-12-06,16.16399574279785,16.16399574279785,16.361923217773438,16.154571533203125,16.248821258544922,129442
2019-12-09,16.145145416259766,16.145145416259766,16.314796447753906,16.098020553588867,16.182846069335938,101750
2019-12-10,16.192270278930664,16.192270278930664,16.192270278930664,15.90951919555664,16.022619247436523,237027
2019-12-11,16.248821258544922,16.248821258544922,16.371347427368164,16.116870880126953,16.145145416259766,139734
2019-12-12,16.55984878540039,16.55984878540039,16.70122528076172,16.267671585083008,16.314796447753906,128169
2019-12-13,16.635250091552734,16.635250091552734,16.767200469970703,16.39962387084961,16.540998458862305,148328
2019-12-16,17.059377670288086,17.059377670288086,17.059377670288086,16.672950744628906,16.69179916381836,178248
2019-12-17,17.097078323364258,17.097078323364258,17.163053512573242,17.021678924560547,17.059377670288086,172413
2019-12-18,17.38925552368164,17.38925552368164,17.483505249023438,17.078227996826172,17.078227996826172,175702
2019-12-19,17.73798370361328,17.73798370361328,17.78510856628418,17.31102752685547,17.408105850219727,137293
2019-12-20,18.2940616607666,18.2940616607666,18.38831329345703,17.73892593383789,17.766258239746094,520102
2019-12-23,18.463712692260742,18.463712692260742,18.48256492614746,18.159284591674805,18.237512588500977,119681
2019-12-24,18.491989135742188,18.491989135742188,18.557964324951172,18.34307289123535,18.52968978881836,51034
2019-12-26,18.5673885345459,18.5673885345459,18.68991470336914,18.42978286743164,18.557964324951172,83819
2019-12-27,18.378887176513672,18.378887176513672,18.765316009521484,18.26578712463379,18.548538208007812,184084
2019-12-30,18.13383674621582,18.13383674621582,18.510839462280273,18.09613609313965,18.491989135742188,229388
2019-12-31,18.190385818481445,18.190385818481445,18.312911987304688,17.91705894470215,18.105560302734375,247850
2020-01-02,18.426013946533203,18.426013946533203,18.444862365722656,18.20923614501953,18.36003875732422,96127
2020-01-03,18.36003875732422,18.36003875732422,18.61451530456543,18.162111282348633,18.162111282348633,265568
2020-01-06,18.48256492614746,18.48256492614746,18.557964324951172,18.18001937866211,18.284637451171875,105782
2020-01-07,18.284637451171875,18.284637451171875,18.52968978881836,18.275211334228516,18.463712692260742,151086
2020-01-08,17.898208618164062,17.898208618164062,18.4731388092041,17.803958892822266,18.331762313842773,126683
2020-01-09,17.96418571472168,17.96418571472168,18.114986419677734,17.70028305053711,18.114986419677734,166895
2020-01-10,17.70028305053711,17.70028305053711,17.96418571472168,17.60603141784668,17.888784408569336,139840
2020-01-13,17.719133377075195,17.719133377075195,17.770971298217773,17.380773544311523,17.70028305053711,134535
2020-01-14,17.540056228637695,17.540056228637695,17.7803955078125,17.47408103942871,17.662582397460938,136020
2020-01-15,17.95475959777832,17.95475959777832,17.95475959777832,17.502355575561523,17.56833267211914,128063
2020-01-16,18.030160903930664,18.030160903930664,18.228086471557617,17.851083755493164,17.95475959777832,87745
2020-01-17,17.690858840942383,17.690858840942383,18.199811935424805,17.672008514404297,18.17153549194336,128169
2020-01-21,17.52120590209961,17.52120590209961,17.672008514404297,17.497644424438477,17.587181091308594,156922
2020-01-22,17.313854217529297,17.313854217529297,17.73798370361328,17.238454818725586,17.549482345581055,189919
2020-01-23,17.078227996826172,17.078227996826172,17.2940616607666,16.983976364135742,17.21017837524414,154906
2020-01-24,16.833175659179688,16.833175659179688,17.04995346069336,16.720075607299805,17.04995346069336,126471
2020-01-27,16.578699111938477,16.578699111938477,16.899152755737305,16.540998458862305,16.550424575805664,134429
2020-01-28,16.286521911621094,16.286521911621094,16.776626586914062,16.277097702026367,16.625825881958008,155649
2020-01-29,16.286521911621094,16.286521911621094,16.39019775390625,15.966070175170898,16.286521911621094,259308
2020-01-30,16.43732261657715,16.43732261657715,16.46559715270996,16.05089569091797,16.192270278930664,164455
2020-01-31,15.721017837524414,15.721017837524414,16.338359832763672,15.702168464660645,16.30537223815918,199574
2020-02-03,15.984919548034668,15.984919548034668,16.098020553588867,15.721017837524414,15.721017837524414,169760
2020-02-04,15.815269470214844,15.815269470214844,16.192270278930664,15.777567863464355,16.192270278930664,145357
2020-02-05,15.984919548034668,15.984919548034668,16.145145416259766,15.862394332885742,15.900094032287598,163394
2020-02-06,16.314796447753906,16.314796447753906,16.380773544311523,16.05089569091797,16.07917022705078,148328
2020-02-07,16.182846069335938,16.182846069335938,16.314796447753906,15.947219848632812,16.314796447753906,193526
2020-02-10,16.17342185974121,16.17342185974121,16.17342185974121,15.953817367553711,16.12629508972168,85517
2020-02-11,16.22054672241211,16.22054672241211,16.380773544311523,16.060319900512695,16.314796447753906,116286
2020-02-12,16.371347427368164,16.371347427368164,16.540998458862305,16.013195037841797,16.39962387084961,146842
2020-02-13,16.12629508972168,16.12629508972168,16.39962387084961,16.107446670532227,16.371347427368164,100689
2020-02-14,16.098020553588867,16.098020553588867,16.192270278930664,15.956645011901855,16.060319900512695,99310
2020-02-18,16.22054672241211,16.22054672241211,16.25824737548828,15.947219848632812,16.098020553588867,65464
2020-02-19,16.4326114654541,16.4326114654541,16.597549438476562,16.211122512817383,16.277097702026367,114482
2020-02-20,17.888784408569336,17.888784408569336,17.992460250854492,16.61639976501465,16.61639976501465,295489
2020-02-21,17.64844512939453,17.64844512939453,17.945335388183594,17.4458065032959,17.926483154296875,230025
2020-02-24,17.031103134155273,17.031103134155273,17.35155487060547,16.899152755737305,17.115928649902344,155967
2020-02-25,16.48444938659668,16.48444938659668,17.04995346069336,16.456172943115234,17.04052734375,172094
2020-02-26,15.966070175170898,15.966070175170898,16.64467430114746,15.947219848632812,16.61639976501465,148540
2020-02-27,15.17436408996582,15.17436408996582,16.267671585083008,15.136664390563965,15.57021713256836,223553
2020-02-28,14.278982162475586,14.278982162475586,14.882186889648438,13.883129119873047,14.599433898925781,701215
2020-03-02,14.514609336853027,14.514609336853027,14.684260368347168,14.137605667114258,14.392083168029785,357027
2020-03-03,14.081055641174316,14.081055641174316,14.703109741210938,13.986804962158203,14.514609336853027,435965
2020-03-04,14.081055641174316,14.081055641174316,14.3732328414917,14.005655288696289,14.184730529785156,311722
2020-03-05,13.562677383422852,13.562677383422852,14.109331130981445,13.477850914001465,13.864278793334961,348963
2020-03-06,13.95853042602539,13.95853042602539,13.996230125427246,13.185673713684082,13.213949203491211,325409
2020-03-09,12.422243118286133,12.422243118286133,13.333647727966309,12.290291786193848,13.176248550415039,330183
2020-03-10,12.214892387390137,12.214892387390137,13.195098876953125,11.875589370727539,13.081997871398926,457503
2020-03-11,11.187559127807617,11.187559127807617,12.112157821655273,11.065032958984375,11.875589370727539,269600
2020-03-12,9.25541877746582,9.25541877746582,10.81998062133789,9.15174388885498,10.76343059539795,743549
2020-03-13,9.820923805236816,9.820923805236816,9.8868989944458,9.000943183898926,9.557022094726562,571667
2020-03-16,8.171536445617676,8.171536445617676,9.320451736450195,8.133835792541504,9.302544593811035,498458
2020-03-17,10.490103721618652,10.490103721618652,10.574929237365723,8.101791381835938,8.595664024353027,618563
2020-03-18,8.510839462280273,8.510839462280273,10.16965103149414,8.32233715057373,9.754947662353516,654000
2020-03-19,9.23656940460205,9.23656940460205,9.590008735656738,8.378888130187988,8.539113998413086,448166
2020-03-20,8.86899185180664,8.86899185180664,9.359094619750977,8.576813697814941,9.330820083618164,427689
2020-03-23,9.63242244720459,9.63242244720459,9.707822799682617,8.463712692260742,9.08576774597168,607847
2020-03-24,10.612629890441895,10.612629890441895,10.980207443237305,9.971725463867188,10.377002716064453,306735
2020-03-25,10.490103721618652,10.490103721618652,11.01696491241455,10.320451736450195,10.584354400634766,270237
2020-03-26,11.517436027526855,11.517436027526855,11.56456184387207,10.34872817993164,10.688030242919922,319573
2020-03-27,10.45240306854248,10.45240306854248,11.460886001586914,10.424127578735352,11.065032958984375,265993
2020-03-30,10.028274536132812,10.028274536132812,10.65032958984375,9.915173530578613,10.508954048156738,323605
2020-03-31,9.915173530578613,9.915173530578613,10.329876899719238,9.69556999206543,9.849199295043945,412835
2020-04-01,9.170594215393066,9.170594215393066,9.679548263549805,9.048068046569824,9.472195625305176,467477
2020-04-02,9.491045951843262,9.491045951843262,9.688973426818848,9.142318725585938,9.198868751525879,386098
2020-04-03,9.000943183898926,9.000943183898926,9.481620788574219,8.704052925109863,9.415645599365234,361058
2020-04-06,9.726673126220703,9.726673126220703,9.764372825622559,9.276155471801758,9.575872421264648,805830
2020-04-07,9.934024810791016,9.934024810791016,10.546653747558594,9.745523452758789,10.018850326538086,342385
2020-04-08,10.292177200317383,10.292177200317383,10.574929237365723,9.839774131774902,10.122526168823242,363286
2020-04-09,10.970782279968262,10.970782279968262,11.31008529663086,10.622055053710938,10.678605079650879,392570
2020-04-13,10.782280921936035,10.782280921936035,10.838830947875977,10.273326873779297,10.772855758666992,336655
2020-04-14,10.838830947875977,10.838830947875977,11.187559127807617,10.593778610229492,11.168708801269531,347690
2020-04-15,10.084826469421387,10.084826469421387,10.45240306854248,9.924598693847656,10.433552742004395,539625
2020-04-16,9.924598693847656,9.924598693847656,10.16965103149414,9.660696983337402,10.065975189208984,460156
2020-04-17,10.574929237365723,10.574929237365723,10.791706085205078,10.320451736450195,10.386427879333496,242545
2020-04-20,10.226202011108398,10.226202011108398,10.56550407409668,10.009425163269043,10.28275203704834,390130
2020-04-21,9.792648315429688,9.792648315429688,9.971725463867188,9.679548263549805,9.736098289489746,392570
2020-04-22,9.557022094726562,9.557022094726562,10.084826469421387,9.557022094726562,10.084826469421387,344082
2020-04-23,9.792648315429688,9.792648315429688,10.197925567626953,9.575872421264648,9.63242244720459,467583
2020-04-24,9.905749320983887,9.905749320983887,10.056550025939941,9.51932144165039,9.83034896850586,279043
2020-04-27,10.094250679016113,10.094250679016113,10.197925567626953,9.962300300598145,10.16965103149414,267054
2020-04-28,10.075401306152344,10.075401306152344,10.36757755279541,9.858624458312988,10.34872817993164,320422
2020-04-29,10.772855758666992,10.772855758666992,10.951931953430176,10.320451736450195,10.556078910827637,320422
2020-04-30,10.084826469421387,10.084826469421387,10.65032958984375,10.047124862670898,10.65032958984375,388220
2020-05-01,9.924598693847656,9.924598693847656,9.952875137329102,9.622997283935547,9.71724796295166,292412
2020-05-04,9.83034896850586,9.83034896850586,9.83034896850586,9.509896278381348,9.802074432373047,380262
2020-05-05,9.425070762634277,9.425070762634277,10.16965103149414,9.387370109558105,10.150800704956055,458776
2020-05-06,8.963241577148438,8.963241577148438,9.8868989944458,8.925541877746582,9.51932144165039,460580
2020-05-07,9.000943183898926,9.000943183898926,9.274270057678223,8.97266674041748,9.095192909240723,345462
2020-05-08,9.377944946289062,9.377944946289062,9.472195625305176,9.038642883300781,9.377944946289062,257293
2020-05-11,9.076342582702637,9.076342582702637,9.387370109558105,8.97266674041748,9.293120384216309,276284
2020-05-12,8.765316009521484,8.765316009521484,9.1470308303833,8.755890846252441,9.08576774597168,303446
2020-05-13,8.171536445617676,8.171536445617676,8.68991470336914,7.935910224914551,8.671065330505371,497715
2020-05-14,8.586238861083984,8.586238861083984,8.642789840698242,7.737983226776123,8.001885414123535,405302
2020-05-15,8.557964324951172,8.557964324951172,8.713478088378906,8.463712692260742,8.595664024353027,221855
2020-05-18,9.15174388885498,9.15174388885498,9.302544593811035,8.963241577148438,8.97266674041748,347902
2020-05-19,8.576813697814941,8.576813697814941,9.189443588256836,8.557964324951172,9.095192909240723,274056
2020-05-20,9.024504661560059,9.024504661560059,9.038642883300781,8.652215003967285,8.708765029907227,308433
2020-05-21,8.746465682983398,8.746465682983398,9.057493209838867,8.737041473388672,8.97266674041748,246470
2020-05-22,8.982091903686523,8.982091903686523,8.982091903686523,8.510839462280273,8.774741172790527,172519
2020-05-26,9.528745651245117,9.528745651245117,9.640905380249023,9.23656940460205,9.274270057678223,276815
2020-05-27,9.688973426818848,9.688973426818848,9.877473831176758,9.443921089172363,9.820923805236816,411986
2020-05-28,9.472195625305176,9.472195625305176,9.849199295043945,9.415645599365234,9.849199295043945,253049
2020-05-29,9.396795272827148,9.396795272827148,9.509896278381348,8.991517066955566,9.321394920349121,427159
2020-06-01,9.65127182006836,9.65127182006836,9.754947662353516,9.3732328414917,9.425070762634277,347053
2020-06-02,9.528745651245117,9.528745651245117,9.750235557556152,9.396795272827148,9.745523452758789,234587
2020-06-03,9.688973426818848,9.688973426818848,9.858624458312988,9.594721794128418,9.698397636413574,366788
2020-06-04,9.773797988891602,9.773797988891602,9.8868989944458,9.557022094726562,9.679548263549805,344188
2020-06-05,10.688030242919922,10.688030242919922,10.904807090759277,10.032987594604492,10.179076194763184,468325
2020-06-08,11.470311164855957,11.470311164855957,11.555136680603027,10.93308162689209,10.989631652832031,366469
2020-06-09,10.857681274414062,10.857681274414062,11.526861190795898,10.680489540100098,11.526861190795898,287743
2020-06-10,10.556078910827637,10.556078910827637,10.876531600952148,10.433552742004395,10.867107391357422,279892
2020-06-11,9.538171768188477,9.538171768188477,10.245052337646484,9.51932144165039,10.056550025939941,333154
2020-06-12,10.122526168823242,10.122526168823242,10.150800704956055,9.71724796295166,10.009425163269043,238619
2020-06-15,10.103675842285156,10.103675842285156,10.131951332092285,9.660696983337402,9.745523452758789,213473
2020-06-16,10.103675842285156,10.103675842285156,10.622055053710938,10.04146957397461,10.56550407409668,349387
2020-06-17,9.594721794128418,9.594721794128418,10.245052337646484,9.594721794128418,10.16965103149414,138142
2020-06-18,9.754947662353516,9.754947662353516,9.873703956604004,9.425070762634277,9.453346252441406,297929
2020-06-19,9.613572120666504,9.613572120666504,9.943449974060059,9.557022094726562,9.943449974060059,387477
2020-06-22,9.51932144165039,9.51932144165039,9.622997283935547,9.404335975646973,9.585296630859375,194269
2020-06-23,9.613572120666504,9.613572120666504,9.773797988891602,9.43449592590332,9.773797988891602,173898
2020-06-24,9.08576774597168,9.08576774597168,9.476908683776855,8.854853630065918,9.443921089172363,547052
2020-06-25,9.198868751525879,9.198868751525879,9.198868751525879,8.840716361999512,9.029217720031738,325303
2020-06-26,8.737041473388672,8.737041473388672,9.208293914794922,8.671065330505371,9.208293914794922,462596
2020-06-29,9.019792556762695,9.019792556762695,9.038642883300781,8.727615356445312,8.887842178344727,212412
2020-06-30,9.161169052124023,9.161169052124023,9.189443588256836,8.831291198730469,8.944392204284668,211988
2020-07-01,9.264843940734863,9.264843940734863,9.46277141571045,9.15174388885498,9.15174388885498,145675
2020-07-02,8.887842178344727,8.887842178344727,9.585296630859375,8.850140571594238,9.481620788574219,212412
2020-07-06,9.83034896850586,9.83034896850586,9.849199295043945,8.887842178344727,8.887842178344727,450395
2020-07-07,8.916116714477539,8.916116714477539,9.698397636413574,8.887842178344727,9.698397636413574,364029
2020-07-08,9.245993614196777,9.245993614196777,9.245993614196777,8.878417015075684,8.916116714477539,183553
2020-07-09,9.010368347167969,9.010368347167969,9.283695220947266,8.963241577148438,9.245993614196777,215595
2020-07-10,9.34967041015625,9.34967041015625,9.387370109558105,8.963241577148438,9.010368347167969,164561
2020-07-13,9.048068046569824,9.048068046569824,9.425070762634277,9.048068046569824,9.425070762634277,235012
2020-07-14,8.89726734161377,8.89726734161377,9.189443588256836,8.77945327758789,9.132892608642578,218354
2020-07-15,9.132892608642578,9.132892608642578,9.311969757080078,9.048068046569824,9.076342582702637,469068
2020-07-16,9.029217720031738,9.029217720031738,9.104618072509766,8.924598693847656,9.104618072509766,179521
2020-07-17,9.293120384216309,9.293120384216309,9.36851978302002,8.97266674041748,8.991517066955566,140795
2020-07-20,9.123468399047852,9.123468399047852,9.330820083618164,9.048068046569824,9.23656940460205,115437
2020-07-21,9.038642883300781,9.038642883300781,9.406221389770508,9.010368347167969,9.198868751525879,177824
2020-07-22,9.18001937866211,9.18001937866211,9.288407325744629,8.963241577148438,9.000943183898926,117983
2020-07-23,9.06691837310791,9.06691837310791,9.165881156921387,8.963241577148438,9.132892608642578,111087
2020-07-24,8.831291198730469,8.831291198730469,9.104618072509766,8.774741172790527,9.06691837310791,157665
2020-07-27,8.774741172790527,8.774741172790527,8.864278793334961,8.595664024353027,8.812440872192383,107267
2020-07-28,8.774741172790527,8.774741172790527,8.963241577148438,8.68991470336914,8.68991470336914,111299
2020-07-29,8.97266674041748,8.97266674041748,8.982091903686523,8.671065330505371,8.78416633605957,145357
2020-07-30,9.46277141571045,9.46277141571045,9.481620788574219,8.859565734863281,8.859565734863281,197983
2020-07-31,9.688973426818848,9.688973426818848,9.981149673461914,9.406221389770508,9.43449592590332,327743
2020-08-03,9.736098289489746,9.736098289489746,9.802074432373047,9.245993614196777,9.604146957397461,265781
2020-08-04,9.688973426818848,9.688973426818848,10.122526168823242,9.641846656799316,9.736098289489746,164667
2020-08-05,9.839774131774902,9.839774131774902,9.919886589050293,9.688973426818848,9.802074432373047,145357
2020-08-06,8.727615356445312,8.727615356445312,9.604146957397461,8.491989135742188,9.481620788574219,677130
2020-08-07,8.878417015075684,8.878417015075684,8.97266674041748,8.520263671875,8.765316009521484,692727
2020-08-10,9.425070762634277,9.425070762634277,9.54759693145752,8.86899185180664,8.86899185180664,286470
2020-08-11,9.500471115112305,9.500471115112305,9.839774131774902,9.43449592590332,9.613572120666504,213155
2020-08-12,9.726673126220703,9.726673126220703,9.924598693847656,9.622997283935547,9.622997283935547,142068
2020-08-13,9.142318725585938,9.142318725585938,9.679548263549805,9.076342582702637,9.641846656799316,135171
2020-08-14,9.198868751525879,9.198868751525879,9.377944946289062,8.916116714477539,9.142318725585938,132519
2020-08-17,8.925541877746582,8.925541877746582,9.198868751525879,8.878417015075684,9.198868751525879,168169
2020-08-18,9.019792556762695,9.019792556762695,9.048068046569824,8.708765029907227,8.878417015075684,409652
2020-08-19,8.850140571594238,8.850140571594238,9.081997871398926,8.821866035461426,9.048068046569824,113315
2020-08-20,8.812440872192383,8.812440872192383,8.925541877746582,8.557964324951172,8.746465682983398,141856
2020-08-21,8.567388534545898,8.567388534545898,8.78416633605957,8.548539161682129,8.78416633605957,265781
2020-08-24,8.831291198730469,8.831291198730469,8.840716361999512,8.482563972473145,8.661640167236328,145888
2020-08-25,9.25541877746582,9.25541877746582,9.283695220947266,8.821866035461426,8.878417015075684,334639
2020-08-26,9.104618072509766,9.104618072509766,9.227144241333008,8.89726734161377,9.227144241333008,239149
2020-08-27,9.302544593811035,9.302544593811035,9.34967041015625,9.076342582702637,9.104618072509766,415275
2020-08-28,9.528745651245117,9.528745651245117,9.557022094726562,9.23656940460205,9.302544593811035,691984
2020-08-31,9.23656940460205,9.23656940460205,9.466541290283203,9.189443588256836,9.425070762634277,334215
2020-09-01,9.114043235778809,9.114043235778809,9.302544593811035,8.859565734863281,9.198868751525879,217611
2020-09-02,9.491045951843262,9.491045951843262,9.528745651245117,9.048068046569824,9.114043235778809,219097
2020-09-03,9.293120384216309,9.293120384216309,9.83034896850586,9.18001937866211,9.481620788574219,307690
2020-09-04,9.377944946289062,9.377944946289062,9.604146957397461,9.038642883300781,9.481620788574219,218884
2020-09-08,9.142318725585938,9.142318725585938,9.293120384216309,8.925541877746582,9.293120384216309,369122
2020-09-09,9.340245246887207,9.340245246887207,9.377944946289062,9.095192909240723,9.264843940734863,193102
2020-09-10,8.963241577148438,8.963241577148438,9.453346252441406,8.934967041015625,9.245993614196777,356390
2020-09-11,8.899999618530273,8.899999618530273,9.229999542236328,8.65999984741211,9.1899995803833,430100
2020-09-14,8.720000267028809,8.720000267028809,9.08899974822998,8.710000038146973,8.920000076293945,177800
2020-09-15,8.369999885559082,8.369999885559082,8.760000228881836,8.3100004196167,8.699999809265137,545400
2020-09-16,8.149999618530273,8.149999618530273,8.449999809265137,8.140000343322754,8.399999618530273,345600
2020-09-17,7.900000095367432,7.900000095367432,8.09000015258789,7.820000171661377,8.09000015258789,268200
2020-09-18,8.369999885559082,8.369999885559082,8.380000114440918,7.929999828338623,8.260000228881836,945200
2020-09-21,8.180000305175781,8.180000305175781,8.270000457763672,8.055000305175781,8.140000343322754,352800
2020-09-22,8.0600004196167,8.0600004196167,8.270000457763672,7.863999843597412,8.149999618530273,260800
2020-09-23,7.599999904632568,7.599999904632568,8.170000076293945,7.590000152587891,8.0600004196167,360400
2020-09-24,7.75,7.75,7.940000057220459,7.550000190734863,7.610000133514404,412000
2020-09-25,7.849999904632568,7.849999904632568,7.889999866485596,7.559999942779541,7.690000057220459,235800
2020-09-28,8.329999923706055,8.329999923706055,8.520000457763672,7.9079999923706055,8.050000190734863,288300
2020-09-29,8.350000381469727,8.350000381469727,8.366999626159668,8.100000381469727,8.3100004196167,138400
2020-09-30,8.25,8.25,8.390999794006348,8.109999656677246,8.3100004196167,247600
2020-10-01,8.819999694824219,8.819999694824219,8.84000015258789,8.267999649047852,8.319999694824219,299900
2020-10-02,8.90999984741211,8.90999984741211,8.920000076293945,8.59000015258789,8.789999961853027,361900
2020-10-05,9.210000038146973,9.210000038146973,9.25,8.920000076293945,8.920000076293945,262500
2020-10-06,8.8100004196167,8.8100004196167,9.380000114440918,8.770000457763672,9.25,212500
2020-10-07,9.170000076293945,9.170000076293945,9.279999732971191,8.930000305175781,9.149999618530273,482100
2020-10-08,9.75,9.75,9.760000228881836,9.25,9.329999923706055,526400
2020-10-09,11.050000190734863,11.050000190734863,11.069999694824219,10.300000190734863,10.390000343322754,1113200
2020-10-12,11.0600004196167,11.0600004196167,11.069999694824219,10.670000076293945,10.970000267028809,367800
2020-10-13,10.710000038146973,10.710000038146973,10.979999542236328,10.699999809265137,10.960000038146973,181900
2020-10-14,10.640000343322754,10.640000343322754,10.949999809265137,10.579999923706055,10.59000015258789,265500
2020-10-15,10.359999656677246,10.359999656677246,10.630000114440918,10.229999542236328,10.630000114440918,257300
2020-10-16,10.15999984741211,10.15999984741211,10.472999572753906,10.15999984741211,10.350000381469727,112200
2020-10-19,10.270000457763672,10.270000457763672,10.420000076293945,10.199999809265137,10.289999961853027,149200
2020-10-20,10.569999694824219,10.569999694824219,10.579999923706055,10.279999732971191,10.390000343322754,182500
2020-10-21,10.609999656677246,10.609999656677246,10.680000305175781,10.399999618530273,10.59000015258789,121900
2020-10-22,10.640000343322754,10.640000343322754,10.819999694824219,10.600000381469727,10.65999984741211,161600
2020-10-23,10.609999656677246,10.609999656677246,10.739999771118164,10.520000457763672,10.699999809265137,185100
2020-10-26,10.34000015258789,10.34000015258789,10.59000015258789,10.15999984741211,10.59000015258789,153700
2020-10-27,10.25,10.25,10.300000190734863,10.079999923706055,10.300000190734863,134800
2020-10-28,9.779999732971191,9.779999732971191,10.100000381469727,9.642000198364258,9.960000038146973,250200
2020-10-29,9.819999694824219,9.819999694824219,9.880000114440918,9.550000190734863,9.729999542236328,120200
2020-10-30,9.800000190734863,9.800000190734863,9.859999656677246,9.569999694824219,9.699999809265137,209800
2020-11-02,9.890000343322754,9.890000343322754,10.050000190734863,9.789999961853027,9.829999923706055,189700
2020-11-03,10.449999809265137,10.449999809265137,10.529999732971191,9.970000267028809,10.100000381469727,160900
2020-11-04,10.039999961853027,10.039999961853027,10.350000381469727,10.0,10.3100004196167,127400
2020-11-05,10.239999771118164,10.239999771118164,10.399999618530273,9.170000076293945,9.25,420800
2020-11-06,9.869999885559082,9.869999885559082,10.34000015258789,9.729999542236328,10.140000343322754,238400
2020-11-09,10.829999923706055,10.829999923706055,11.170000076293945,10.25,10.319999694824219,539400
2020-11-10,11.300000190734863,11.300000190734863,11.420000076293945,10.729999542236328,10.850000381469727,281500
2020-11-11,11.369999885559082,11.369999885559082,11.380000114440918,11.180000305175781,11.329999923706055,185500
2020-11-12,11.350000381469727,11.350000381469727,11.460000038146973,11.005000114440918,11.270000457763672,234500
2020-11-13,11.569999694824219,11.569999694824219,11.680000305175781,11.3100004196167,11.430000305175781,179600
2020-11-16,11.699999809265137,11.699999809265137,11.899999618530273,11.545000076293945,11.760000228881836,183600
2020-11-17,11.880000114440918,11.880000114440918,11.930000305175781,11.470000267028809,11.649999618530273,187000
2020-11-18,11.920000076293945,11.920000076293945,12.399999618530273,11.920000076293945,11.9399995803833,184800
2020-11-19,11.890000343322754,11.890000343322754,11.975000381469727,11.670000076293945,11.819999694824219,108700
2020-11-20,11.800000190734863,11.800000190734863,11.88599967956543,11.619999885559082,11.770000457763672,144200
2020-11-23,12.100000381469727,12.100000381469727,12.220000267028809,11.84000015258789,12.010000228881836,229700
2020-11-24,12.550000190734863,12.550000190734863,12.819999694824219,12.100000381469727,12.319999694824219,228800
2020-11-25,12.140000343322754,12.140000343322754,12.520000457763672,11.9399995803833,12.520000457763672,274500
2020-11-27,11.789999961853027,11.789999961853027,12.1899995803833,11.619999885559082,12.149999618530273,152100
2020-11-30,11.350000381469727,11.350000381469727,11.899999618530273,11.329999923706055,11.899999618530273,349800
2020-12-01,11.390000343322754,11.390000343322754,11.649999618530273,11.380000114440918,11.609999656677246,205700
2020-12-02,11.550000190734863,11.550000190734863,11.59000015258789,11.15999984741211,11.359999656677246,480200
2020-12-03,11.520000457763672,11.520000457763672,11.800000190734863,11.475000381469727,11.5600004196167,168700
2020-12-04,11.84000015258789,11.84000015258789,11.989999771118164,11.600000381469727,11.600000381469727,180100
2020-12-07,11.600000381469727,11.600000381469727,11.979999542236328,11.579999923706055,11.979999542236328,127400
2020-12-08,11.489999771118164,11.489999771118164,11.649999618530273,11.3100004196167,11.430000305175781,289800
2020-12-09,11.359999656677246,11.359999656677246,11.869999885559082,11.279999732971191,11.640000343322754,214800
2020-12-10,11.670000076293945,11.670000076293945,11.899999618530273,11.050000190734863,11.279999732971191,180100
2020-12-11,11.380000114440918,11.380000114440918,11.597999572753906,11.300000190734863,11.569999694824219,265400
2020-12-14,11.550000190734863,11.550000190734863,12.25,11.38700008392334,11.550000190734863,363500
2020-12-15,11.829999923706055,11.829999923706055,11.890000343322754,11.359999656677246,11.739999771118164,268400
2020-12-16,11.640000343322754,11.640000343322754,11.989999771118164,11.569999694824219,11.829999923706055,199400
2020-12-17,11.699999809265137,11.699999809265137,11.699999809265137,11.53600025177002,11.600000381469727,189900
2020-12-18,11.529999732971191,11.529999732971191,11.803000450134277,11.477999687194824,11.779999732971191,668100
2020-12-21,11.020000457763672,11.020000457763672,11.319999694824219,10.859999656677246,11.319999694824219,224800
2020-12-22,10.880000114440918,10.880000114440918,11.081999778747559,10.670000076293945,11.020000457763672,245800
2020-12-23,11.25,11.25,11.300000190734863,10.800000190734863,10.899999618530273,263400
2020-12-24,11.229999542236328,11.229999542236328,11.335000038146973,11.15999984741211,11.270000457763672,67800
2020-12-28,11.300000190734863,11.300000190734863,11.489999771118164,11.239999771118164,11.399999618530273,196400
2020-12-29,11.199999809265137,11.199999809265137,11.350000381469727,11.069999694824219,11.350000381469727,201300
2020-12-30,11.109999656677246,11.109999656677246,11.289999961853027,11.0,11.199999809265137,255100
2020-12-31,11.130000114440918,11.130000114440918,11.239999771118164,10.920000076293945,11.069999694824219,206300
2021-01-04,11.079999923706055,11.079999923706055,11.380000114440918,10.920000076293945,11.180000305175781,226100
2021-01-05,11.069999694824219,11.069999694824219,11.170000076293945,10.850000381469727,11.039999961853027,198800
2021-01-06,11.779999732971191,11.779999732971191,12.039999961853027,10.920000076293945,11.079999923706055,275500
2021-01-07,12.119999885559082,12.119999885559082,12.25,11.739999771118164,11.8100004196167,459700
2021-01-08,11.449999809265137,11.449999809265137,12.180000305175781,11.4399995803833,12.149999618530273,613900
2021-01-11,11.119999885559082,11.119999885559082,11.34000015258789,10.989999771118164,11.260000228881836,499200
2021-01-12,11.710000038146973,11.710000038146973,11.770000457763672,10.9399995803833,11.119999885559082,995300
2021-01-13,11.539999961853027,11.539999961853027,11.800000190734863,11.289999961853027,11.619999885559082,500300
2021-01-14,11.470000267028809,11.470000267028809,11.8100004196167,11.430000305175781,11.569999694824219,257900
2021-01-15,11.470000267028809,11.470000267028809,11.609999656677246,11.180000305175781,11.359999656677246,291900
2021-01-19,11.4399995803833,11.4399995803833,11.59000015258789,11.279999732971191,11.59000015258789,357800
2021-01-20,11.260000228881836,11.260000228881836,11.579999923706055,11.25,11.470000267028809,191000
2021-01-21,11.0,11.0,11.380000114440918,11.0,11.350000381469727,292400
2021-01-22,10.979999542236328,10.979999542236328,11.0,10.65999984741211,10.90999984741211,212700
2021-01-25,10.9399995803833,10.9399995803833,11.149999618530273,10.460000038146973,10.890000343322754,263600
2021-01-26,10.890000343322754,10.890000343322754,11.199999809265137,10.800000190734863,11.039999961853027,297400
2021-01-27,10.350000381469727,10.350000381469727,10.800000190734863,10.289999961853027,10.800000190734863,375500
2021-01-28,10.34000015258789,10.34000015258789,10.569999694824219,10.270000457763672,10.539999961853027,307900
2021-01-29,10.09000015258789,10.09000015258789,10.34000015258789,9.979999542236328,10.329999923706055,282600
2021-02-01,10.085000038146973,10.085000038146973,10.329999923706055,9.970000267028809,10.229999542236328,343200
2021-02-02,10.239999771118164,10.239999771118164,10.34000015258789,10.029999732971191,10.199999809265137,235400
2021-02-03,10.529999732971191,10.529999732971191,10.595000267028809,10.140000343322754,10.220000267028809,221000
2021-02-04,10.729999542236328,10.729999542236328,10.739999771118164,10.449999809265137,10.579999923706055,172000
2021-02-05,11.100000381469727,11.100000381469727,11.130000114440918,10.609999656677246,10.930000305175781,248300
2021-02-08,11.989999771118164,11.989999771118164,12.0,11.10099983215332,11.270000457763672,404400
2021-02-09,11.609999656677246,11.609999656677246,11.9399995803833,11.449000358581543,11.9399995803833,401500
2021-02-10,11.640000343322754,11.640000343322754,11.84000015258789,11.574999809265137,11.84000015258789,230200
2021-02-11,11.739999771118164,11.739999771118164,11.859999656677246,11.479999542236328,11.800000190734863,189000
2021-02-12,11.59000015258789,11.59000015258789,11.770000457763672,11.5,11.680000305175781,187700
2021-02-16,11.930000305175781,11.930000305175781,12.239999771118164,11.600000381469727,11.649999618530273,423600
2021-02-17,12.130000114440918,12.130000114440918,12.300000190734863,11.699999809265137,11.899999618530273,270400
2021-02-18,11.65999984741211,11.65999984741211,12.199999809265137,11.640000343322754,12.09000015258789,179400
2021-02-19,11.760000228881836,11.760000228881836,11.946000099182129,11.670000076293945,11.710000038146973,181900
2021-02-22,11.710000038146973,11.710000038146973,11.930000305175781,11.5,11.579999923706055,215000
2021-02-23,11.520000457763672,11.520000457763672,11.779999732971191,11.369999885559082,11.680000305175781,316500
2021-02-24,11.229999542236328,11.229999542236328,11.6899995803833,11.199999809265137,11.59000015258789,318200
2021-02-25,10.779999732971191,10.779999732971191,11.40999984741211,10.619999885559082,11.40999984741211,450200
2021-02-26,10.970000267028809,10.970000267028809,11.210000038146973,10.692000389099121,10.75,248300
2021-03-01,12.4399995803833,12.4399995803833,12.470000267028809,11.180000305175781,11.329999923706055,371300
2021-03-02,12.5649995803833,12.5649995803833,12.90999984741211,12.229999542236328,12.449999809265137,319600
2021-03-03,13.010000228881836,13.010000228881836,13.140000343322754,12.420000076293945,12.569999694824219,256500
2021-03-04,12.710000038146973,12.710000038146973,13.229999542236328,12.619999885559082,13.029999732971191,236300
2021-03-05,13.0,13.0,13.329999923706055,12.670000076293945,12.869999885559082,233800
2021-03-08,13.350000381469727,13.350000381469727,13.470000267028809,12.760000228881836,13.0,267000
2021-03-09,13.550000190734863,13.550000190734863,13.888999938964844,13.09000015258789,13.5,220100
2021-03-10,14.369999885559082,14.369999885559082,14.5,13.600000381469727,13.640000343322754,360000
2021-03-11,13.819999694824219,13.819999694824219,14.640000343322754,13.729999542236328,14.529999732971191,343900
2021-03-12,14.479999542236328,14.479999542236328,14.489999771118164,13.75,13.75,266500
2021-03-15,14.444999694824219,14.444999694824219,14.510000228881836,14.220000267028809,14.420000076293945,175600
2021-03-16,14.0,14.0,14.289999961853027,13.944999694824219,14.229999542236328,186700
2021-03-17,14.489999771118164,14.489999771118164,14.510000228881836,13.65999984741211,13.850000381469727,222600
2021-03-18,14.0,14.0,14.579999923706055,13.979999542236328,14.34000015258789,162100
2021-03-19,14.289999961853027,14.289999961853027,14.539999961853027,13.819999694824219,13.859999656677246,737400
2021-03-22,14.420000076293945,14.420000076293945,14.529999732971191,14.020000457763672,14.119999885559082,131700
2021-03-23,13.779999732971191,13.779999732971191,14.524999618530273,13.460000038146973,14.524999618530273,266600
2021-03-24,13.430000305175781,13.430000305175781,14.289999961853027,13.380000114440918,13.859999656677246,262800
2021-03-25,13.59000015258789,13.59000015258789,13.640000343322754,13.119999885559082,13.449999809265137,173600
2021-03-26,13.579999923706055,13.579999923706055,13.949999809265137,13.3100004196167,13.819999694824219,172700
2021-03-29,13.130000114440918,13.130000114440918,13.444999694824219,12.989999771118164,13.350000381469727,195800
2021-03-30,13.100000381469727,13.100000381469727,13.449999809265137,12.989999771118164,13.149999618530273,215500
2021-03-31,12.829999923706055,12.829999923706055,13.220000267028809,12.8100004196167,13.130000114440918,308600
2021-04-01,13.239999771118164,13.239999771118164,13.239999771118164,12.720000267028809,12.829999923706055,173500
2021-04-05,13.399999618530273,13.399999618530273,13.550000190734863,13.1899995803833,13.449999809265137,151000
2021-04-06,13.609999656677246,13.609999656677246,13.670000076293945,13.079999923706055,13.319999694824219,226500
2021-04-07,13.770000457763672,13.770000457763672,13.9399995803833,13.59000015258789,13.75,343500
2021-04-08,13.979999542236328,13.979999542236328,14.020000457763672,13.520000457763672,13.770000457763672,181300
2021-04-09,13.890000343322754,13.890000343322754,14.055000305175781,13.819999694824219,13.920000076293945,167100
2021-04-12,13.779999732971191,13.779999732971191,13.9399995803833,13.710000038146973,13.880000114440918,132000
2021-04-13,13.619999885559082,13.619999885559082,13.895000457763672,13.520000457763672,13.520000457763672,119200
2021-04-14,13.779999732971191,13.779999732971191,14.020000457763672,13.630000114440918,13.630000114440918,73900
2021-04-15,13.829999923706055,13.829999923706055,13.930000305175781,13.770000457763672,13.869999885559082,117900
2021-04-16,13.850000381469727,13.850000381469727,13.960000038146973,13.5,13.5,289700
2021-04-19,13.569999694824219,13.569999694824219,13.949999809265137,13.3100004196167,13.779999732971191,237300
2021-04-20,13.770000457763672,13.770000457763672,13.819999694824219,13.319999694824219,13.539999961853027,264200
2021-04-21,13.850000381469727,13.850000381469727,14.0600004196167,13.479999542236328,13.479999542236328,184400
2021-04-22,13.640000343322754,13.640000343322754,13.90999984741211,13.579999923706055,13.90999984741211,128400
2021-04-23,13.899999618530273,13.899999618530273,14.020000457763672,13.5,13.670000076293945,157700
2021-04-26,14.0600004196167,14.0600004196167,14.25,13.979999542236328,14.010000228881836,140600
2021-04-27,13.6899995803833,13.6899995803833,14.119999885559082,13.581000328063965,14.050000190734863,149600
2021-04-28,13.739999771118164,13.739999771118164,13.850000381469727,13.640000343322754,13.729999542236328,126000
2021-04-29,13.920000076293945,13.920000076293945,14.0,13.739999771118164,13.800000190734863,170800
2021-04-30,13.885000228881836,13.885000228881836,14.010000228881836,13.670000076293945,13.779999732971191,248500
2021-05-03,14.220000267028809,14.220000267028809,14.239999771118164,13.960000038146973,13.960000038146973,122800
2021-05-04,14.0600004196167,14.0600004196167,14.180000305175781,13.855999946594238,14.149999618530273,93800
2021-05-05,14.220000267028809,14.220000267028809,14.34000015258789,13.859999656677246,13.930000305175781,182000
2021-05-06,14.470000267028809,14.470000267028809,14.699999809265137,13.890000343322754,14.3100004196167,370300
2021-05-07,14.470000267028809,14.470000267028809,14.510000228881836,13.760000228881836,14.34000015258789,240500
2021-05-10,13.979999542236328,13.979999542236328,14.670000076293945,13.930000305175781,14.569999694824219,156500
2021-05-11,13.8100004196167,13.8100004196167,13.989999771118164,13.520000457763672,13.75,194600
2021-05-12,13.529999732971191,13.529999732971191,13.84000015258789,13.5,13.710000038146973,202000
2021-05-13,13.859999656677246,13.859999656677246,13.9399995803833,13.630000114440918,13.630000114440918,159000
2021-05-14,14.270000457763672,14.270000457763672,14.319999694824219,13.850000381469727,13.949999809265137,176500
2021-05-17,14.079999923706055,14.079999923706055,14.34000015258789,13.970000267028809,14.119999885559082,168800
2021-05-18,13.720000267028809,13.720000267028809,14.149999618530273,13.6899995803833,14.119999885559082,210400
2021-05-19,13.4399995803833,13.4399995803833,13.670000076293945,13.270000457763672,13.670000076293945,293100
2021-05-20,13.770000457763672,13.770000457763672,13.789999961853027,13.149999618530273,13.470000267028809,146900
2021-05-21,13.760000228881836,13.760000228881836,14.140000343322754,13.710000038146973,14.119999885559082,139000
2021-05-24,13.90999984741211,13.90999984741211,13.970000267028809,13.670000076293945,13.859999656677246,141100
2021-05-25,13.850000381469727,13.850000381469727,14.350000381469727,13.850000381469727,13.880000114440918,303600
2021-05-26,14.399999618530273,14.399999618530273,14.449999809265137,13.880000114440918,13.880000114440918,189500
2021-05-27,14.3100004196167,14.3100004196167,14.779999732971191,14.279999732971191,14.489999771118164,240400
2021-05-28,14.270000457763672,14.270000457763672,14.619999885559082,13.930000305175781,14.317000389099121,126200
2021-06-01,14.609999656677246,14.609999656677246,14.670000076293945,14.145999908447266,14.25,197400
2021-06-02,14.279999732971191,14.279999732971191,14.699999809265137,14.234999656677246,14.6899995803833,331100
2021-06-03,14.210000038146973,14.210000038146973,14.329999923706055,13.949999809265137,14.199999809265137,351400
2021-06-04,14.449999809265137,14.449999809265137,14.619999885559082,14.194999694824219,14.3100004196167,195600
2021-06-07,14.319999694824219,14.319999694824219,14.779999732971191,14.279999732971191,14.430000305175781,167300
2021-06-08,13.829999923706055,13.829999923706055,14.350000381469727,13.829999923706055,14.289999961853027,190100
2021-06-09,13.59000015258789,13.59000015258789,13.970000267028809,13.569999694824219,13.880000114440918,359100
2021-06-10,14.010000228881836,14.010000228881836,14.170000076293945,13.699999809265137,13.789999961853027,245300
2021-06-11,13.869999885559082,13.869999885559082,14.229999542236328,13.850000381469727,14.130000114440918,135000
2021-06-14,13.949999809265137,13.949999809265137,13.989999771118164,13.770000457763672,13.949999809265137,259900
2021-06-15,14.069999694824219,14.069999694824219,14.170000076293945,13.78499984741211,13.78499984741211,172800
2021-06-16,14.119999885559082,14.119999885559082,14.180000305175781,13.90999984741211,13.970000267028809,196800
2021-06-17,14.180000305175781,14.180000305175781,14.460000038146973,14.029999732971191,14.100000381469727,173900
2021-06-18,13.949999809265137,13.949999809265137,14.239999771118164,13.75,13.920000076293945,401800
2021-06-21,14.109999656677246,14.109999656677246,14.270000457763672,13.880000114440918,14.100000381469727,164900
2021-06-22,14.140000343322754,14.140000343322754,14.180000305175781,13.880000114440918,14.149999618530273,149600
2021-06-23,14.119999885559082,14.119999885559082,14.300000190734863,14.039999961853027,14.15999984741211,136400
2021-06-24,14.369999885559082,14.369999885559082,14.420999526977539,14.100000381469727,14.229999542236328,174100
2021-06-25,14.470000267028809,14.470000267028809,14.649999618530273,14.34000015258789,14.449999809265137,1171300
2021-06-28,14.15999984741211,14.15999984741211,14.515000343322754,14.0,14.479999542236328,202700
2021-06-29,13.90999984741211,13.90999984741211,14.34000015258789,13.899999618530273,14.140000343322754,131800
2021-06-30,13.859999656677246,13.859999656677246,14.010000228881836,13.729999542236328,13.729999542236328,169900
2021-07-01,13.979999542236328,13.979999542236328,14.130000114440918,13.779999732971191,13.84000015258789,213800
2021-07-02,13.739999771118164,13.739999771118164,14.055000305175781,13.609999656677246,13.960000038146973,183700
2021-07-06,13.630000114440918,13.630000114440918,13.819999694824219,13.420000076293945,13.710000038146973,267500
2021-07-07,13.369999885559082,13.369999885559082,13.729999542236328,13.359999656677246,13.5600004196167,177500
2021-07-08,13.130000114440918,13.130000114440918,13.369999885559082,13.0,13.0,212900
2021-07-09,13.890000343322754,13.890000343322754,13.960000038146973,13.210000038146973,13.260000228881836,234200
2021-07-12,14.270000457763672,14.270000457763672,14.289999961853027,13.619999885559082,13.789999961853027,206800
2021-07-13,14.039999961853027,14.039999961853027,14.260000228881836,13.90999984741211,14.149999618530273,168100
2021-07-14,13.869999885559082,13.869999885559082,14.229999542236328,13.829999923706055,14.09000015258789,108700
2021-07-15,13.6899995803833,13.6899995803833,13.930000305175781,13.6899995803833,13.75,197900
2021-07-16,13.529999732971191,13.529999732971191,13.850000381469727,13.510000228881836,13.850000381469727,249000
2021-07-19,13.050000190734863,13.050000190734863,13.420000076293945,12.920000076293945,13.199999809265137,223400
2021-07-20,13.880000114440918,13.880000114440918,13.979999542236328,13.079999923706055,13.079999923706055,295400
2021-07-21,14.069999694824219,14.069999694824219,14.380000114440918,13.90999984741211,13.90999984741211,128100
2021-07-22,13.989999771118164,13.989999771118164,14.130000114440918,13.819999694824219,14.069999694824219,109000
2021-07-23,14.100000381469727,14.100000381469727,14.180000305175781,13.885000228881836,13.885000228881836,87500
2021-07-26,14.109999656677246,14.109999656677246,14.279999732971191,13.899999618530273,14.079999923706055,174500
2021-07-27,13.920000076293945,13.920000076293945,14.050000190734863,13.739999771118164,13.960000038146973,122500
2021-07-28,14.050000190734863,14.050000190734863,14.170000076293945,13.779999732971191,14.0,94500
2021-07-29,13.75,13.75,14.270000457763672,13.720000267028809,14.180000305175781,118000
2021-07-30,13.649999618530273,13.649999618530273,13.960000038146973,13.510000228881836,13.859999656677246,133500
2021-08-02,13.260000228881836,13.260000228881836,13.920000076293945,13.229999542236328,13.680000305175781,185800
2021-08-03,13.329999923706055,13.329999923706055,13.489999771118164,12.979999542236328,13.359999656677246,199400
2021-08-04,13.039999961853027,13.039999961853027,13.380000114440918,13.0,13.270000457763672,199500
2021-08-05,14.399999618530273,14.399999618530273,14.649999618530273,13.039999961853027,13.039999961853027,345300
2021-08-06,14.100000381469727,14.100000381469727,14.600000381469727,14.09000015258789,14.5600004196167,153500
2021-08-09,13.819999694824219,13.819999694824219,14.399999618530273,13.789999961853027,14.069999694824219,115600
2021-08-10,13.6899995803833,13.6899995803833,13.869999885559082,13.623000144958496,13.869999885559082,114900
2021-08-11,13.890000343322754,13.890000343322754,13.960000038146973,13.5649995803833,13.699999809265137,155900
2021-08-12,13.729999542236328,13.729999542236328,13.9399995803833,13.609999656677246,13.829999923706055,144400
2021-08-13,13.520000457763672,13.520000457763672,13.770000457763672,13.470000267028809,13.6899995803833,102400
2021-08-16,13.369999885559082,13.369999885559082,13.600000381469727,13.279999732971191,13.369999885559082,123600
2021-08-17,13.130000114440918,13.130000114440918,13.279999732971191,13.085000038146973,13.1899995803833,192000
2021-08-18,13.319999694824219,13.319999694824219,13.510000228881836,13.020000457763672,13.039999961853027,175800
2021-08-19,12.899999618530273,12.899999618530273,13.300000190734863,12.84000015258789,13.170000076293945,192300
2021-08-20,13.800000190734863,13.800000190734863,13.829999923706055,12.805000305175781,12.869999885559082,254900
2021-08-23,14.079999923706055,14.079999923706055,14.260000228881836,13.869999885559082,13.880000114440918,150200
2021-08-24,14.25,14.25,14.399999618530273,14.039999961853027,14.15999984741211,164100
2021-08-25,14.520000457763672,14.520000457763672,14.539999961853027,14.09000015258789,14.199999809265137,152300
2021-08-26,14.369999885559082,14.369999885559082,14.649999618530273,14.300000190734863,14.420000076293945,206200
2021-08-27,14.399999618530273,14.399999618530273,14.789999961853027,14.350000381469727,14.430000305175781,220800
2021-08-30,14.220000267028809,14.220000267028809,14.460000038146973,14.210000038146973,14.449999809265137,141500
2021-08-31,14.260000228881836,14.260000228881836,14.479999542236328,14.170000076293945,14.180000305175781,176600
2021-09-01,14.279999732971191,14.279999732971191,14.399999618530273,14.199999809265137,14.270000457763672,114300
2021-09-02,14.3100004196167,14.3100004196167,14.470000267028809,14.229999542236328,14.289999961853027,136800
2021-09-03,14.289999961853027,14.289999961853027,14.430000305175781,14.180000305175781,14.390000343322754,119400
2021-09-07,13.949999809265137,13.949999809265137,14.359999656677246,13.90999984741211,14.140000343322754,233900
2021-09-08,13.90999984741211,13.90999984741211,13.970000267028809,13.630000114440918,13.930000305175781,154000
2021-09-09,13.510000228881836,13.510000228881836,13.899999618530273,13.510000228881836,13.84000015258789,193800
2021-09-10,13.300000190734863,13.300000190734863,13.65999984741211,13.295000076293945,13.65999984741211,190800
2021-09-13,13.619999885559082,13.619999885559082,13.720000267028809,13.3149995803833,13.399999618530273,218800
2021-09-14,13.260000228881836,13.260000228881836,13.680000305175781,13.180000305175781,13.649999618530273,331100
2021-09-15,13.029999732971191,13.029999732971191,13.5600004196167,12.789999961853027,13.34000015258789,331500
2021-09-16,12.920000076293945,12.920000076293945,13.130000114440918,12.8100004196167,13.119999885559082,281800
2021-09-17,12.930000305175781,12.930000305175781,13.0,12.619999885559082,12.869999885559082,1378400
2021-09-20,12.380000114440918,12.380000114440918,12.836999893188477,12.25,12.729999542236328,311400
2021-09-21,12.260000228881836,12.260000228881836,12.520000457763672,12.239999771118164,12.510000228881836,93200
2021-09-22,12.420000076293945,12.420000076293945,12.59000015258789,12.319999694824219,12.319999694824219,248900
2021-09-23,12.65999984741211,12.65999984741211,12.6899995803833,12.489999771118164,12.489999771118164,165300
2021-09-24,12.460000038146973,12.460000038146973,12.529999732971191,12.331999778747559,12.520000457763672,231500
2021-09-27,12.649999618530273,12.649999618530273,12.890000343322754,12.479999542236328,12.479999542236328,161600
2021-09-28,12.390000343322754,12.390000343322754,12.824999809265137,12.380000114440918,12.539999961853027,136600
2021-09-29,12.829999923706055,12.829999923706055,12.890000343322754,12.385000228881836,12.449999809265137,163000
2021-09-30,13.079999923706055,13.079999923706055,13.140000343322754,12.710000038146973,12.920000076293945,261800
2021-10-01,13.15999984741211,13.15999984741211,13.329999923706055,12.960000038146973,13.140000343322754,200800
2021-10-04,13.039999961853027,13.039999961853027,13.270000457763672,12.720000267028809,13.09000015258789,179400
2021-10-05,13.170000076293945,13.170000076293945,13.279999732971191,12.989999771118164,13.0600004196167,132300
2021-10-06,12.789999961853027,12.789999961853027,13.114999771118164,12.680000305175781,13.020000457763672,188700
2021-10-07,12.729999542236328,12.729999542236328,12.979999542236328,12.699999809265137,12.960000038146973,174500
2021-10-08,12.5600004196167,12.5600004196167,12.829999923706055,12.524999618530273,12.524999618530273,180400
2021-10-11,12.5,12.5,12.71500015258789,12.5,12.539999961853027,183200
2021-10-12,12.5600004196167,12.5600004196167,12.619999885559082,12.399999618530273,12.489999771118164,171500
2021-10-13,12.460000038146973,12.460000038146973,12.925000190734863,12.399999618530273,12.569999694824219,110300
2021-10-14,12.859999656677246,12.859999656677246,12.899999618530273,12.5,12.640000343322754,197900
2021-10-15,12.760000228881836,12.760000228881836,13.239999771118164,12.75,13.109999656677246,204000
2021-10-18,12.460000038146973,12.460000038146973,12.829999923706055,12.399999618530273,12.670000076293945,109100
2021-10-19,12.329999923706055,12.329999923706055,12.600000381469727,12.229999542236328,12.600000381469727,198900
2021-10-20,12.5600004196167,12.5600004196167,12.774999618530273,12.34000015258789,12.489999771118164,158500
2021-10-21,12.289999961853027,12.289999961853027,12.65999984741211,12.260000228881836,12.59000015258789,160500
2021-10-22,12.260000228881836,12.260000228881836,12.460000038146973,12.180000305175781,12.319999694824219,154700
2021-10-25,12.210000038146973,12.210000038146973,12.369999885559082,12.149999618530273,12.369999885559082,208400
2021-10-26,11.989999771118164,11.989999771118164,12.260000228881836,11.989999771118164,12.260000228881836,235800
2021-10-27,12.180000305175781,12.180000305175781,12.289999961853027,11.850000381469727,12.09000015258789,267200
2021-10-28,12.140000343322754,12.140000343322754,12.300000190734863,12.0600004196167,12.199999809265137,188800
2021-10-29,12.020000457763672,12.020000457763672,12.15999984741211,11.9399995803833,12.039999961853027,275500
2021-11-01,12.819999694824219,12.819999694824219,12.899999618530273,12.020000457763672,12.170000076293945,256000
2021-11-02,12.800000190734863,12.800000190734863,13.0600004196167,12.720000267028809,12.930000305175781,234300
2021-11-03,13.069999694824219,13.069999694824219,13.170000076293945,12.350000381469727,12.9399995803833,243800
2021-11-04,13.09000015258789,13.09000015258789,13.279999732971191,12.829999923706055,13.0600004196167,249100
2021-11-05,13.399999618530273,13.399999618530273,13.725000381469727,13.125,13.170000076293945,327900
2021-11-08,13.25,13.25,13.539999961853027,13.220000267028809,13.449999809265137,134000
2021-11-09,13.25,13.25,13.430000305175781,13.180000305175781,13.350000381469727,176000
2021-11-10,13.350000381469727,13.350000381469727,13.489999771118164,13.149999618530273,13.319999694824219,172400
2021-11-11,13.430000305175781,13.430000305175781,13.539999961853027,13.229999542236328,13.229999542236328,164100
2021-11-12,13.640000343322754,13.640000343322754,13.649999618530273,13.229999542236328,13.3100004196167,184600
2021-11-15,13.449999809265137,13.449999809265137,14.029999732971191,13.385000228881836,13.6899995803833,247000
2021-11-16,13.0600004196167,13.0600004196167,13.449999809265137,13.029999732971191,13.359999656677246,218100
2021-11-17,12.890000343322754,12.890000343322754,13.180000305175781,12.8149995803833,13.100000381469727,343800
2021-11-18,12.460000038146973,12.460000038146973,13.0,12.270000457763672,12.880000114440918,236700
2021-11-19,12.390000343322754,12.390000343322754,12.520000457763672,12.265000343322754,12.34000015258789,207800
2021-11-22,12.359999656677246,12.359999656677246,12.859999656677246,12.350000381469727,12.520000457763672,683500
2021-11-23,12.5,12.5,12.539999961853027,12.260000228881836,12.375,397000
2021-11-24,12.34000015258789,12.34000015258789,12.479999542236328,12.319999694824219,12.40999984741211,181900
2021-11-26,11.600000381469727,11.600000381469727,12.029999732971191,11.300000190734863,11.699999809265137,334900
2021-11-29,11.569999694824219,11.569999694824219,11.760000228881836,11.430000305175781,11.600000381469727,265500
2021-11-30,11.359999656677246,11.359999656677246,11.569999694824219,10.880000114440918,11.449999809265137,674700
2021-12-01,11.100000381469727,11.100000381469727,11.960000038146973,11.09000015258789,11.619999885559082,301600
2021-12-02,11.430000305175781,11.430000305175781,11.46500015258789,11.170000076293945,11.1899995803833,301100
2021-12-03,11.34000015258789,11.34000015258789,11.670000076293945,11.279999732971191,11.529999732971191,386200
2021-12-06,12.119999885559082,12.119999885559082,12.270000457763672,11.460000038146973,11.630000114440918,366000
2021-12-07,11.770000457763672,11.770000457763672,12.289999961853027,11.720000267028809,12.270000457763672,344600
2021-12-08,11.619999885559082,11.619999885559082,11.90999984741211,11.59000015258789,11.699999809265137,246600
2021-12-09,11.479999542236328,11.479999542236328,11.895000457763672,11.40999984741211,11.895000457763672,285600
2021-12-10,11.420000076293945,11.420000076293945,11.640000343322754,11.34000015258789,11.640000343322754,294800
2021-12-13,11.3100004196167,11.3100004196167,11.470000267028809,11.149999618530273,11.470000267028809,180700
2021-12-14,11.149999618530273,11.149999618530273,11.467000007629395,11.109999656677246,11.420000076293945,150000
2021-12-15,11.119999885559082,11.119999885559082,11.369999885559082,10.819999694824219,11.369999885559082,309500
2021-12-16,10.989999771118164,10.989999771118164,11.329999923706055,10.979999542236328,11.270000457763672,275800
2021-12-17,11.40999984741211,11.40999984741211,11.460000038146973,11.010000228881836,11.09000015258789,606600
2021-12-20,10.9399995803833,10.9399995803833,11.25,10.812999725341797,11.220000267028809,514400
2021-12-21,11.529999732971191,11.529999732971191,11.710000038146973,11.109999656677246,11.109999656677246,179900
2021-12-22,11.619999885559082,11.619999885559082,11.739999771118164,11.4399995803833,11.479999542236328,208400
2021-12-23,11.680000305175781,11.680000305175781,11.789999961853027,11.569999694824219,11.720000267028809,178600
2021-12-27,11.600000381469727,11.600000381469727,11.699999809265137,11.5,11.630000114440918,261900
2021-12-28,11.680000305175781,11.680000305175781,11.800000190734863,11.569999694824219,11.569999694824219,236300
2021-12-29,11.59000015258789,11.59000015258789,11.729999542236328,11.539999961853027,11.649999618530273,76400
2021-12-30,11.670000076293945,11.670000076293945,11.930000305175781,11.579999923706055,11.670000076293945,297000
2021-12-31,11.65999984741211,11.65999984741211,11.770000457763672,11.569999694824219,11.609999656677246,242900
2022-01-03,12.109999656677246,12.109999656677246,12.149999618530273,11.6899995803833,11.6899995803833,119700
2022-01-04,12.130000114440918,12.130000114440918,12.369999885559082,12.109999656677246,12.140000343322754,110500
2022-01-05,11.619999885559082,11.619999885559082,12.289999961853027,11.600000381469727,12.069999694824219,146300
2022-01-06,11.729999542236328,11.729999542236328,11.859999656677246,11.619999885559082,11.819999694824219,231900
2022-01-07,11.75,11.75,11.869999885559082,11.670000076293945,11.75,244000
2022-01-10,11.1899995803833,11.1899995803833,11.75,11.149999618530273,11.670000076293945,212200
2022-01-11,11.399999618530273,11.399999618530273,11.430000305175781,11.029999732971191,11.140000343322754,335000
2022-01-12,11.289999961853027,11.289999961853027,11.430000305175781,11.220000267028809,11.420000076293945,229300
2022-01-13,11.3100004196167,11.3100004196167,11.454999923706055,11.15999984741211,11.289999961853027,358500
2022-01-14,11.359999656677246,11.359999656677246,11.380000114440918,11.079999923706055,11.239999771118164,279400
2022-01-18,10.800000190734863,10.800000190734863,11.319999694824219,10.779999732971191,11.319999694824219,338900
2022-01-19,10.779999732971191,10.779999732971191,10.960000038146973,10.670000076293945,10.890000343322754,278400
2022-01-20,10.569999694824219,10.569999694824219,10.960000038146973,10.5600004196167,10.770000457763672,133500
2022-01-21,10.350000381469727,10.350000381469727,10.760000228881836,10.319999694824219,10.470000267028809,366300
2022-01-24,10.75,10.75,10.75,10.149999618530273,10.1899995803833,474900
2022-01-25,10.970000267028809,10.970000267028809,11.079999923706055,10.569999694824219,10.600000381469727,244300
2022-01-26,10.630000114440918,10.630000114440918,11.170000076293945,10.520000457763672,11.170000076293945,284700
2022-01-27,10.539999961853027,10.539999961853027,10.890000343322754,10.430000305175781,10.680000305175781,264100
2022-01-28,10.729999542236328,10.729999542236328,10.729999542236328,10.329999923706055,10.510000228881836,181300
2022-01-31,10.9399995803833,10.9399995803833,10.960000038146973,10.484999656677246,10.59000015258789,333400
2022-02-01,10.9399995803833,10.9399995803833,11.055000305175781,10.729999542236328,10.890000343322754,362800
2022-02-02,10.510000228881836,10.510000228881836,10.949999809265137,10.5,10.890000343322754,241000
2022-02-03,10.600000381469727,10.600000381469727,10.680000305175781,10.4399995803833,10.600000381469727,210700
2022-02-04,10.670000076293945,10.670000076293945,10.829999923706055,10.4399995803833,10.829999923706055,188800
2022-02-07,10.75,10.75,10.819999694824219,10.579999923706055,10.640000343322754,601900
2022-02-08,11.100000381469727,11.100000381469727,11.100000381469727,10.770000457763672,10.869999885559082,302000
2022-02-09,11.09000015258789,11.09000015258789,11.279999732971191,10.84000015258789,11.140000343322754,116000
2022-02-10,10.949999809265137,10.949999809265137,11.199999809265137,10.880000114440918,10.9399995803833,229200
2022-02-11,11.279999732971191,11.279999732971191,11.40999984741211,10.850000381469727,10.850000381469727,233000
2022-02-14,11.180000305175781,11.180000305175781,11.449999809265137,11.119999885559082,11.260000228881836,199900
2022-02-15,11.609999656677246,11.609999656677246,11.65999984741211,11.3100004196167,11.3100004196167,207500
2022-02-16,11.880000114440918,11.880000114440918,11.899999618530273,11.479999542236328,11.489999771118164,243400
2022-02-17,11.609999656677246,11.609999656677246,11.789999961853027,11.59000015258789,11.729999542236328,158500
2022-02-18,11.279999732971191,11.279999732971191,11.59000015258789,11.210000038146973,11.539999961853027,208400
2022-02-22,11.149999618530273,11.149999618530273,11.34000015258789,11.109999656677246,11.25,132000
2022-02-23,10.84000015258789,10.84000015258789,11.449999809265137,10.800000190734863,11.0,255100
2022-02-24,10.520000457763672,10.520000457763672,10.609999656677246,10.100000381469727,10.449999809265137,294300
2022-02-25,10.510000228881836,10.510000228881836,10.920000076293945,10.390000343322754,10.59000015258789,879900
2022-02-28,10.050000190734863,10.050000190734863,10.5,10.020000457763672,10.420000076293945,706500
2022-03-01,9.670000076293945,9.670000076293945,10.210000038146973,9.569999694824219,10.050000190734863,528900
2022-03-02,10.199999809265137,10.199999809265137,10.260000228881836,9.65999984741211,9.65999984741211,417100
2022-03-03,9.859999656677246,9.859999656677246,10.359999656677246,9.819999694824219,10.220000267028809,363500
2022-03-04,9.760000228881836,9.760000228881836,9.90999984741211,9.529999732971191,9.90999984741211,277500
2022-03-07,9.180000305175781,9.180000305175781,9.75,9.109999656677246,9.710000038146973,367800
2022-03-08,9.380000114440918,9.380000114440918,9.710000038146973,9.149999618530273,9.279999732971191,317100
2022-03-09,9.9399995803833,9.9399995803833,10.050000190734863,9.569999694824219,9.609999656677246,443500
2022-03-10,9.699999809265137,9.699999809265137,9.920000076293945,9.510000228881836,9.800000190734863,383700
2022-03-11,9.6899995803833,9.6899995803833,9.977999687194824,9.649999618530273,9.8100004196167,231300
2022-03-14,9.539999961853027,9.539999961853027,9.779999732971191,9.470000267028809,9.739999771118164,212300
2022-03-15,9.680000305175781,9.680000305175781,9.84000015258789,9.420000076293945,9.5,304300
2022-03-16,9.710000038146973,9.710000038146973,9.829999923706055,9.34000015258789,9.479999542236328,641900
2022-03-17,9.829999923706055,9.829999923706055,9.84000015258789,9.5600004196167,9.65999984741211,348100
2022-03-18,9.819999694824219,9.819999694824219,9.920000076293945,9.609999656677246,9.850000381469727,581200
2022-03-21,9.899999618530273,9.899999618530273,10.0,9.800000190734863,9.890000343322754,311800
2022-03-22,10.119999885559082,10.119999885559082,10.180000305175781,9.880000114440918,9.880000114440918,295100
2022-03-23,9.899999618530273,9.899999618530273,10.069999694824219,9.779999732971191,10.029999732971191,325500
2022-03-24,9.960000038146973,9.960000038146973,10.010000228881836,9.8100004196167,9.90999984741211,219300
2022-03-25,10.020000457763672,10.020000457763672,10.079999923706055,9.899999618530273,10.079999923706055,336100
2022-03-28,9.90999984741211,9.90999984741211,10.079999923706055,9.699999809265137,10.050000190734863,232500
2022-03-29,10.079999923706055,10.079999923706055,10.180000305175781,9.949999809265137,10.180000305175781,394600
2022-03-30,9.880000114440918,9.880000114440918,10.069999694824219,9.850000381469727,10.010000228881836,218400
2022-03-31,9.699999809265137,9.699999809265137,9.90999984741211,9.609999656677246,9.829999923706055,206000
2022-04-01,9.880000114440918,9.880000114440918,9.920000076293945,9.680000305175781,9.800000190734863,272000
2022-04-04,10.640000343322754,10.640000343322754,10.6899995803833,9.880000114440918,9.949999809265137,390000
2022-04-05,10.640000343322754,10.640000343322754,10.800000190734863,10.369999885559082,10.600000381469727,159500
2022-04-06,10.5600004196167,10.5600004196167,10.71500015258789,10.270000457763672,10.539999961853027,313000
2022-04-07,10.460000038146973,10.460000038146973,10.699999809265137,10.430000305175781,10.619999885559082,249100
2022-04-08,10.75,10.75,10.779999732971191,10.4399995803833,10.4399995803833,180800
2022-04-11,10.670000076293945,10.670000076293945,10.9399995803833,10.609999656677246,10.609999656677246,144000
2022-04-12,10.670000076293945,10.670000076293945,10.984999656677246,10.630000114440918,10.779999732971191,238600
2022-04-13,11.100000381469727,11.100000381469727,11.130000114440918,10.640000343322754,10.640000343322754,196400
2022-04-14,10.789999961853027,10.789999961853027,11.1850004196167,10.770000457763672,11.039999961853027,131900
2022-04-18,10.75,10.75,10.9399995803833,10.670000076293945,10.699999809265137,178500
2022-04-19,11.199999809265137,11.199999809265137,11.210000038146973,10.670000076293945,10.670000076293945,140500
2022-04-20,10.850000381469727,10.850000381469727,11.34000015258789,10.850000381469727,11.100000381469727,176900
2022-04-21,10.479999542236328,10.479999542236328,11.0600004196167,10.430000305175781,11.010000228881836,169800
2022-04-22,10.100000381469727,10.100000381469727,10.4399995803833,10.039999961853027,10.430000305175781,189100
2022-04-25,10.15999984741211,10.15999984741211,10.199999809265137,9.850000381469727,9.960000038146973,199100
2022-04-26,9.630000114440918,9.630000114440918,10.039999961853027,9.630000114440918,10.010000228881836,247200
2022-04-27,9.600000381469727,9.600000381469727,9.720000267028809,9.539999961853027,9.710000038146973,153800
2022-04-28,9.819999694824219,9.819999694824219,9.880000114440918,9.234999656677246,9.630000114440918,213900
2022-04-29,9.239999771118164,9.239999771118164,9.779999732971191,9.199999809265137,9.739999771118164,288300
2022-05-02,9.279999732971191,9.279999732971191,9.347999572753906,9.100000381469727,9.25,293600
2022-05-03,9.350000381469727,9.350000381469727,9.4399995803833,9.119999885559082,9.270000457763672,133600
2022-05-04,9.600000381469727,9.600000381469727,9.640000343322754,9.149999618530273,9.449999809265137,106100
2022-05-05,8.744999885559082,8.744999885559082,9.529999732971191,8.600000381469727,9.4399995803833,397100
2022-05-06,8.390000343322754,8.390000343322754,8.8100004196167,8.390000343322754,8.779999732971191,272700
2022-05-09,7.840000152587891,7.840000152587891,8.385000228881836,7.789999961853027,8.1899995803833,388800
2022-05-10,8.270000457763672,8.270000457763672,8.449999809265137,7.909999847412109,7.949999809265137,315100
2022-05-11,8.109999656677246,8.109999656677246,8.479999542236328,8.069999694824219,8.479999542236328,246400
2022-05-12,8.329999923706055,8.329999923706055,8.34000015258789,7.96999979019165,8.0600004196167,291600
2022-05-13,8.489999771118164,8.489999771118164,8.567999839782715,8.319999694824219,8.390000343322754,224600
2022-05-16,8.899999618530273,8.899999618530273,8.949999809265137,8.520000457763672,8.520000457763672,290600
2022-05-17,9.430000305175781,9.430000305175781,9.449999809265137,9.020000457763672,9.039999961853027,265600
2022-05-18,9.319999694824219,9.319999694824219,9.609999656677246,9.25,9.319999694824219,269200
2022-05-19,9.25,9.25,9.4399995803833,9.199999809265137,9.260000228881836,157400
2022-05-20,9.260000228881836,9.260000228881836,9.5,9.079999923706055,9.399999618530273,215200
2022-05-23,9.180000305175781,9.180000305175781,9.449999809265137,9.130000114440918,9.449999809265137,149400
2022-05-24,9.029999732971191,9.029999732971191,9.15999984741211,8.920000076293945,9.100000381469727,230500
2022-05-25,9.279999732971191,9.279999732971191,9.329999923706055,8.989999771118164,8.989999771118164,156400
2022-05-26,9.4399995803833,9.4399995803833,9.699999809265137,9.239999771118164,9.329999923706055,229700
2022-05-27,9.640000343322754,9.640000343322754,9.699999809265137,9.449999809265137,9.470000267028809,123500
2022-05-31,9.510000228881836,9.510000228881836,9.800000190734863,9.430000305175781,9.569999694824219,375300
2022-06-01,9.239999771118164,9.239999771118164,9.65999984741211,9.109999656677246,9.550000190734863,255400
2022-06-02,9.380000114440918,9.380000114440918,9.380000114440918,9.0600004196167,9.239999771118164,183300
2022-06-03,9.069999694824219,9.069999694824219,9.239999771118164,9.039999961853027,9.180000305175781,213800
2022-06-06,9.210000038146973,9.210000038146973,9.28499984741211,9.074999809265137,9.109999656677246,212400
2022-06-07,9.140000343322754,9.140000343322754,9.300000190734863,8.899999618530273,9.109999656677246,186700
2022-06-08,9.020000457763672,9.020000457763672,9.229999542236328,8.989999771118164,9.020000457763672,214500
2022-06-09,8.779999732971191,8.779999732971191,9.024999618530273,8.770000457763672,8.949999809265137,146700
2022-06-10,8.350000381469727,8.350000381469727,8.65999984741211,8.34000015258789,8.600000381469727,318000
2022-06-13,7.869999885559082,7.869999885559082,8.170000076293945,7.829999923706055,8.130000114440918,287300
2022-06-14,7.46999979019165,7.46999979019165,7.920000076293945,7.449999809265137,7.920000076293945,381400
2022-06-15,7.789999961853027,7.789999961853027,7.869999885559082,7.510000228881836,7.610000133514404,250100
2022-06-16,7.070000171661377,7.070000171661377,7.579999923706055,7.005000114440918,7.579999923706055,341700
2022-06-17,7.769999980926514,7.769999980926514,7.809999942779541,7.079999923706055,7.119999885559082,478400
2022-06-21,7.5,7.5,7.920000076293945,7.5,7.909999847412109,229800
2022-06-22,7.519999980926514,7.519999980926514,7.639999866485596,7.400000095367432,7.400000095367432,288600
2022-06-23,7.539999961853027,7.539999961853027,7.670000076293945,7.429999828338623,7.53000020980835,249100
2022-06-24,7.789999961853027,7.789999961853027,7.840000152587891,7.610000133514404,7.639999866485596,762900
2022-06-27,7.840000152587891,7.840000152587891,7.949999809265137,7.71999979019165,7.880000114440918,199200
2022-06-28,7.730000019073486,7.730000019073486,8.15999984741211,7.710000038146973,7.849999904632568,238500
2022-06-29,8.039999961853027,8.039999961853027,8.039999961853027,7.639999866485596,7.670000076293945,349800
2022-06-30,7.800000190734863,7.800000190734863,7.909999847412109,7.690000057220459,7.869999885559082,252200
2022-07-01,8.020000457763672,8.020000457763672,8.029999732971191,7.730000019073486,7.730000019073486,150200
2022-07-05,7.760000228881836,7.760000228881836,7.860000133514404,7.650000095367432,7.809999942779541,186700
2022-07-06,7.690000057220459,7.690000057220459,7.809999942779541,7.590000152587891,7.71999979019165,239900
2022-07-07,7.619999885559082,7.619999885559082,7.769999980926514,7.599999904632568,7.739999771118164,132800
2022-07-08,7.420000076293945,7.420000076293945,7.635000228881836,7.389999866485596,7.550000190734863,150000
2022-07-11,7.0,7.0,7.360000133514404,6.945000171661377,7.340000152587891,393900
2022-07-12,7.139999866485596,7.139999866485596,7.199999809265137,6.909999847412109,6.960000038146973,168500
2022-07-13,7.050000190734863,7.050000190734863,7.070000171661377,6.909999847412109,7.019999980926514,171400
2022-07-14,6.869999885559082,6.869999885559082,7.010000228881836,6.760000228881836,6.949999809265137,245600
2022-07-15,7.03000020980835,7.03000020980835,7.130000114440918,6.934999942779541,7.039999961853027,221800
2022-07-18,7.010000228881836,7.010000228881836,7.179999828338623,6.980000019073486,7.150000095367432,129400
2022-07-19,7.360000133514404,7.360000133514404,7.449999809265137,7.099999904632568,7.130000114440918,344800
2022-07-20,7.449999809265137,7.449999809265137,7.53000020980835,7.309999942779541,7.309999942779541,212200
2022-07-21,7.289999961853027,7.289999961853027,7.480000019073486,7.25,7.349999904632568,171600
2022-07-22,7.119999885559082,7.119999885559082,7.369999885559082,7.03000020980835,7.369999885559082,183000
2022-07-25,7.039999961853027,7.039999961853027,7.159999847412109,7.03000020980835,7.159999847412109,147900
2022-07-26,7.010000228881836,7.010000228881836,7.090000152587891,6.960000038146973,6.980000019073486,170500
2022-07-27,7.170000076293945,7.170000076293945,7.199999809265137,7.070000171661377,7.070000171661377,170200
2022-07-28,7.21999979019165,7.21999979019165,7.21999979019165,7.019999980926514,7.199999809265137,155400
2022-07-29,7.369999885559082,7.369999885559082,7.400000095367432,7.159999847412109,7.230000019073486,118200
2022-08-01,7.380000114440918,7.380000114440918,7.5,7.289999961853027,7.360000133514404,169000
2022-08-02,7.239999771118164,7.239999771118164,7.400000095367432,7.239999771118164,7.389999866485596,109500
2022-08-03,7.590000152587891,7.590000152587891,7.619999885559082,7.269999980926514,7.28000020980835,208000
2022-08-04,7.5,7.5,7.900000095367432,7.480000019073486,7.53000020980835,307800
2022-08-05,7.239999771118164,7.239999771118164,7.519999980926514,7.239999771118164,7.380000114440918,162100
2022-08-08,7.329999923706055,7.329999923706055,7.610000133514404,7.25,7.25,186600
2022-08-09,7.400000095367432,7.400000095367432,7.409999847412109,7.190000057220459,7.329999923706055,151000
2022-08-10,7.880000114440918,7.880000114440918,8.010000228881836,7.510000228881836,7.510000228881836,251900
2022-08-11,7.869999885559082,7.869999885559082,8.050000190734863,7.849999904632568,7.949999809265137,131000
2022-08-12,8.180000305175781,8.180000305175781,8.180000305175781,7.889999866485596,7.929999828338623,115400
2022-08-15,8.039999961853027,8.039999961853027,8.220000267028809,8.015000343322754,8.0600004196167,218900
2022-08-16,8.100000381469727,8.100000381469727,8.239999771118164,7.940000057220459,7.96999979019165,118400
2022-08-17,7.760000228881836,7.760000228881836,8.0,7.75,7.940000057220459,126000
2022-08-18,7.800000190734863,7.800000190734863,7.849999904632568,7.610000133514404,7.71999979019165,123300
2022-08-19,7.599999904632568,7.599999904632568,7.71999979019165,7.550000190734863,7.690000057220459,137400
2022-08-22,7.099999904632568,7.099999904632568,7.510000228881836,7.039999961853027,7.489999771118164,188300
2022-08-23,7.099999904632568,7.099999904632568,7.230000019073486,7.090000152587891,7.090000152587891,130100
2022-08-24,7.110000133514404,7.110000133514404,7.199999809265137,7.070000171661377,7.099999904632568,143200
2022-08-25,7.289999961853027,7.289999961853027,7.309999942779541,7.110000133514404,7.190000057220459,116300
2022-08-26,7.03000020980835,7.03000020980835,7.329999923706055,7.0,7.28000020980835,149100
2022-08-29,7.019999980926514,7.019999980926514,7.070000171661377,6.920000076293945,6.96999979019165,130700
2022-08-30,6.860000133514404,6.860000133514404,7.079999923706055,6.829999923706055,7.050000190734863,136500
2022-08-31,7.0,7.0,7.079999923706055,6.820000171661377,6.829999923706055,292700
2022-09-01,7.039999961853027,7.039999961853027,7.050000190734863,6.835000038146973,6.960000038146973,231100
2022-09-02,6.78000020980835,6.78000020980835,7.110000133514404,6.75,7.110000133514404,251600
2022-09-06,6.699999809265137,6.699999809265137,6.894999980926514,6.670000076293945,6.78000020980835,194100
2022-09-07,6.590000152587891,6.590000152587891,6.769999980926514,6.46999979019165,6.699999809265137,188500
2022-09-08,6.510000228881836,6.510000228881836,6.610000133514404,6.349999904632568,6.53000020980835,252100
2022-09-09,6.96999979019165,6.96999979019165,6.96999979019165,6.539999961853027,6.539999961853027,216000
2022-09-12,7.289999961853027,7.289999961853027,7.349999904632568,7.0,7.059999942779541,174100
2022-09-13,6.889999866485596,6.889999866485596,7.119999885559082,6.860000133514404,7.059999942779541,302300
2022-09-14,6.699999809265137,6.699999809265137,6.960000038146973,6.659999847412109,6.889999866485596,187600
2022-09-15,6.619999885559082,6.619999885559082,6.829999923706055,6.619999885559082,6.670000076293945,329400
2022-09-16,6.78000020980835,6.78000020980835,6.809999942779541,6.5,6.559999942779541,681500
2022-09-19,6.739999771118164,6.739999771118164,6.849999904632568,6.579999923706055,6.800000190734863,236600
2022-09-20,6.599999904632568,6.599999904632568,6.710000038146973,6.599999904632568,6.670000076293945,189300
2022-09-21,6.429999828338623,6.429999828338623,6.679999828338623,6.429999828338623,6.670000076293945,477700
2022-09-22,6.239999771118164,6.239999771118164,6.449999809265137,6.210000038146973,6.409999847412109,312400
2022-09-23,6.289999961853027,6.289999961853027,6.320000171661377,6.190000057220459,6.239999771118164,368300
2022-09-26,6.0,6.0,6.320000171661377,5.960000038146973,6.190000057220459,296900
2022-09-27,5.909999847412109,5.909999847412109,6.190000057220459,5.900000095367432,6.019999980926514,542100
2022-09-28,6.460000038146973,6.460000038146973,6.46999979019165,5.909999847412109,5.909999847412109,217300
2022-09-29,6.25,6.25,6.360000133514404,6.144999980926514,6.360000133514404,237200
2022-09-30,6.190000057220459,6.190000057220459,6.480000019073486,6.179999828338623,6.289999961853027,411600
2022-10-03,6.440000057220459,6.440000057220459,6.539999961853027,6.260000228881836,6.260000228881836,226500
2022-10-04,6.670000076293945,6.670000076293945,6.755000114440918,6.559999942779541,6.559999942779541,378200
2022-10-05,6.940000057220459,6.940000057220459,6.949999809265137,6.400000095367432,6.489999771118164,334900
2022-10-06,7.050000190734863,7.050000190734863,7.099999904632568,6.78000020980835,6.929999828338623,357900
2022-10-07,7.190000057220459,7.190000057220459,7.320000171661377,6.920000076293945,6.920000076293945,270000
2022-10-10,7.510000228881836,7.510000228881836,7.5329999923706055,7.119999885559082,7.179999828338623,199900
2022-10-11,7.5,7.5,7.539999961853027,7.300000190734863,7.449999809265137,224900
2022-10-12,7.449999809265137,7.449999809265137,7.51200008392334,7.300000190734863,7.5,182700
2022-10-13,7.340000152587891,7.340000152587891,7.550000190734863,7.110000133514404,7.260000228881836,278700
2022-10-14,7.090000152587891,7.090000152587891,7.449999809265137,7.090000152587891,7.369999885559082,241000
2022-10-17,7.539999961853027,7.539999961853027,7.614999771118164,7.190000057220459,7.190000057220459,220600
2022-10-18,7.559999942779541,7.559999942779541,7.820000171661377,7.5,7.659999847412109,137700
2022-10-19,7.420000076293945,7.420000076293945,7.590000152587891,7.329999923706055,7.400000095367432,205200
2022-10-20,7.420000076293945,7.420000076293945,7.619999885559082,7.349999904632568,7.409999847412109,170200
2022-10-21,7.670000076293945,7.670000076293945,7.690000057220459,7.340000152587891,7.429999828338623,122500
2022-10-24,7.71999979019165,7.71999979019165,7.760000228881836,7.630000114440918,7.739999771118164,191200
2022-10-25,7.769999980926514,7.769999980926514,7.940000057220459,7.699999809265137,7.71999979019165,194100
2022-10-26,7.619999885559082,7.619999885559082,7.860000133514404,7.605000019073486,7.809999942779541,108600
2022-10-27,7.559999942779541,7.559999942779541,7.880000114440918,7.559999942779541,7.650000095367432,93700
2022-10-28,7.900000095367432,7.900000095367432,7.940000057220459,7.590000152587891,7.599999904632568,163500
2022-10-31,7.78000020980835,7.78000020980835,7.900000095367432,7.760000228881836,7.820000171661377,187000
2022-11-01,8.020000457763672,8.020000457763672,8.164999961853027,7.860000133514404,7.889999866485596,198900
2022-11-02,7.699999809265137,7.699999809265137,8.1850004196167,7.690000057220459,8.050000190734863,166100
2022-11-03,7.570000171661377,7.570000171661377,7.699999809265137,7.460000038146973,7.570000171661377,157100
2022-11-04,7.829999923706055,7.829999923706055,7.849999904632568,7.539999961853027,7.730000019073486,344900
2022-11-07,8.180000305175781,8.180000305175781,8.217000007629395,7.820000171661377,7.940000057220459,216100
2022-11-08,8.239999771118164,8.239999771118164,8.390000343322754,8.130000114440918,8.210000038146973,257000
2022-11-09,7.34499979019165,7.34499979019165,8.050000190734863,7.119999885559082,8.050000190734863,427300
2022-11-10,7.610000133514404,7.610000133514404,8.109999656677246,7.599999904632568,7.739999771118164,444300
2022-11-11,8.0,8.0,8.130000114440918,7.53000020980835,7.550000190734863,297900
2022-11-14,8.1899995803833,8.1899995803833,8.329999923706055,7.940000057220459,7.940000057220459,306300
2022-11-15,8.270000457763672,8.270000457763672,8.479999542236328,8.119999885559082,8.4399995803833,183100
2022-11-16,8.399999618530273,8.399999618530273,8.600000381469727,8.25,8.3100004196167,135300
2022-11-17,8.0,8.0,8.25,7.949999809265137,8.199999809265137,141100
2022-11-18,7.940000057220459,7.940000057220459,8.220000267028809,7.889999866485596,8.220000267028809,297200
2022-11-21,7.690000057220459,7.690000057220459,7.920000076293945,7.590000152587891,7.920000076293945,329900
2022-11-22,7.71999979019165,7.71999979019165,7.800000190734863,7.590000152587891,7.760000228881836,278900
2022-11-23,7.909999847412109,7.909999847412109,7.909999847412109,7.619999885559082,7.650000095367432,239900
2022-11-25,7.739999771118164,7.739999771118164,7.989999771118164,7.730000019073486,7.949999809265137,164200
2022-11-28,7.559999942779541,7.559999942779541,7.789999961853027,7.494999885559082,7.730000019073486,262700
2022-11-29,7.639999866485596,7.639999866485596,7.650000095367432,7.489999771118164,7.539999961853027,172000
2022-11-30,7.739999771118164,7.739999771118164,7.760000228881836,7.460000038146973,7.639999866485596,347900
2022-12-01,7.75,7.75,7.934999942779541,7.710000038146973,7.840000152587891,321700
2022-12-02,7.730000019073486,7.730000019073486,7.739999771118164,7.53000020980835,7.630000114440918,289800
2022-12-05,7.519999980926514,7.519999980926514,7.690000057220459,7.460000038146973,7.690000057220459,187000
2022-12-06,7.28000020980835,7.28000020980835,7.539999961853027,7.260000228881836,7.53000020980835,363200
2022-12-07,6.960000038146973,6.960000038146973,7.25,6.945000171661377,7.25,273000
2022-12-08,6.96999979019165,6.96999979019165,7.019999980926514,6.769999980926514,7.019999980926514,369700
2022-12-09,6.900000095367432,6.900000095367432,7.025000095367432,6.869999885559082,6.949999809265137,271700
2022-12-12,6.889999866485596,6.889999866485596,6.989999771118164,6.829999923706055,6.940000057220459,293000
2022-12-13,7.019999980926514,7.019999980926514,7.349999904632568,6.980000019073486,7.159999847412109,402500
2022-12-14,7.010000228881836,7.010000228881836,7.099999904632568,6.929999828338623,6.929999828338623,320400
2022-12-15,6.900000095367432,6.900000095367432,6.980000019073486,6.78000020980835,6.929999828338623,272800
2022-12-16,6.789999961853027,6.789999961853027,7.099999904632568,6.75,6.889999866485596,1009800
2022-12-19,6.889999866485596,6.889999866485596,6.920000076293945,6.755000114440918,6.78000020980835,300700
2022-12-20,7.079999923706055,7.079999923706055,7.179999828338623,6.820000171661377,6.860000133514404,306900
2022-12-21,7.739999771118164,7.739999771118164,7.789999961853027,7.159999847412109,7.159999847412109,394000
2022-12-22,7.579999923706055,7.579999923706055,7.75,7.449999809265137,7.659999847412109,277500
2022-12-23,7.659999847412109,7.659999847412109,7.699999809265137,7.460000038146973,7.559999942779541,393300
2022-12-27,7.579999923706055,7.579999923706055,7.78000020980835,7.550000190734863,7.650000095367432,177100
2022-12-28,7.389999866485596,7.389999866485596,7.650000095367432,7.369999885559082,7.550000190734863,294100
2022-12-29,7.53000020980835,7.53000020980835,7.639999866485596,7.394999980926514,7.46999979019165,217300
2022-12-30,7.53000020980835,7.53000020980835,7.550000190734863,7.409999847412109,7.449999809265137,247000
2023-01-03,7.829999923706055,7.829999923706055,7.894999980926514,7.599999904632568,7.599999904632568,223800
2023-01-04,7.980000019073486,7.980000019073486,8.010000228881836,7.840000152587891,7.960000038146973,235500
2023-01-05,7.949999809265137,7.949999809265137,8.097999572753906,7.559999942779541,7.650000095367432,277700
2023-01-06,8.210000038146973,8.210000038146973,8.289999961853027,7.9720001220703125,8.079999923706055,244500
2023-01-09,8.529999732971191,8.529999732971191,8.574999809265137,8.279999732971191,8.329999923706055,191500
2023-01-10,8.630000114440918,8.630000114440918,8.710000038146973,8.4399995803833,8.460000038146973,211500
2023-01-11,8.710000038146973,8.710000038146973,8.760000228881836,8.550000190734863,8.729999542236328,212400
2023-01-12,8.899999618530273,8.899999618530273,8.9350004196167,8.710000038146973,8.800000190734863,299500
2023-01-13,9.010000228881836,9.010000228881836,9.045000076293945,8.734999656677246,8.890000343322754,194600
2023-01-17,8.829999923706055,8.829999923706055,9.039999961853027,8.779999732971191,9.0,165800
2023-01-18,8.819999694824219,8.819999694824219,8.90999984741211,8.720000267028809,8.880000114440918,166700
2023-01-19,9.020000457763672,9.020000457763672,9.03499984741211,8.75,8.75,285800
2023-01-20,9.180000305175781,9.180000305175781,9.239999771118164,8.949999809265137,9.119999885559082,194400
2023-01-23,9.09000015258789,9.09000015258789,9.229999542236328,9.039999961853027,9.229999542236328,158500
2023-01-24,9.0600004196167,9.0600004196167,9.1850004196167,9.029999732971191,9.0600004196167,77500
2023-01-25,9.369999885559082,9.369999885559082,9.380000114440918,9.015000343322754,9.180000305175781,249200
2023-01-26,9.8100004196167,9.8100004196167,9.84000015258789,9.399999618530273,9.399999618530273,331900
2023-01-27,9.6899995803833,9.6899995803833,9.859999656677246,9.670000076293945,9.84000015258789,176100
2023-01-30,9.789999961853027,9.789999961853027,9.819999694824219,9.539999961853027,9.609999656677246,261800
2023-01-31,9.84000015258789,9.84000015258789,9.890000343322754,9.710000038146973,9.789999961853027,202900
2023-02-01,9.960000038146973,9.960000038146973,9.979999542236328,9.6899995803833,9.880000114440918,261900
2023-02-02,9.920000076293945,9.920000076293945,10.010000228881836,9.699999809265137,10.010000228881836,255100
2023-02-03,9.6899995803833,9.6899995803833,9.899999618530273,9.664999961853027,9.8100004196167,130800
2023-02-06,9.5600004196167,9.5600004196167,9.6899995803833,9.399999618530273,9.520000457763672,192500
2023-02-07,9.600000381469727,9.600000381469727,9.614999771118164,9.420000076293945,9.5600004196167,159600
2023-02-08,9.350000381469727,9.350000381469727,9.59000015258789,9.265000343322754,9.59000015258789,154700
2023-02-09,9.319999694824219,9.319999694824219,9.539999961853027,9.265000343322754,9.449999809265137,182400
2023-02-10,9.3100004196167,9.3100004196167,9.420000076293945,9.270000457763672,9.270000457763672,82400
2023-02-13,9.420000076293945,9.420000076293945,9.5,9.289999961853027,9.359999656677246,154600
2023-02-14,9.149999618530273,9.149999618530273,9.449999809265137,9.149999618530273,9.369999885559082,124800
2023-02-15,8.880000114440918,8.880000114440918,9.09000015258789,8.779999732971191,9.0600004196167,155900
2023-02-16,9.020000457763672,9.020000457763672,9.09000015258789,8.65999984741211,8.729999542236328,224900
2023-02-17,9.229999542236328,9.229999542236328,9.255000114440918,8.90999984741211,9.079999923706055,172900
2023-02-21,8.550000190734863,8.550000190734863,9.149999618530273,8.550000190734863,9.149999618530273,185000
2023-02-22,8.829999923706055,8.829999923706055,8.880000114440918,8.59000015258789,8.600000381469727,219300
2023-02-23,9.199999809265137,9.199999809265137,9.550000190734863,8.619999885559082,9.0,406700
2023-02-24,8.670000076293945,8.670000076293945,9.029999732971191,8.539999961853027,9.0,284100
2023-02-27,8.75,8.75,9.020000457763672,8.6899995803833,8.729999542236328,309500
2023-02-28,8.819999694824219,8.819999694824219,9.079999923706055,8.779999732971191,8.819999694824219,564500
2023-03-01,8.75,8.75,8.850000381469727,8.65999984741211,8.779999732971191,225100
2023-03-02,8.859999656677246,8.859999656677246,8.899999618530273,8.649999618530273,8.649999618530273,229500
2023-03-03,9.069999694824219,9.069999694824219,9.15999984741211,8.890000343322754,8.890000343322754,180900
2023-03-06,8.930000305175781,8.930000305175781,9.154999732971191,8.850000381469727,9.039999961853027,277500
2023-03-07,8.609999656677246,8.609999656677246,9.0600004196167,8.600000381469727,8.970000267028809,226100
2023-03-08,8.829999923706055,8.829999923706055,8.880000114440918,8.59000015258789,8.640000343322754,230700
2023-03-09,8.40999984741211,8.40999984741211,8.90999984741211,8.395000457763672,8.829999923706055,266500
2023-03-10,8.149999618530273,8.149999618530273,8.40999984741211,8.039999961853027,8.350000381469727,384800
2023-03-13,8.039999961853027,8.039999961853027,8.220000267028809,7.980000019073486,8.0,255300
2023-03-14,8.229999542236328,8.229999542236328,8.449999809265137,8.130000114440918,8.329999923706055,223500
2023-03-15,8.020000457763672,8.020000457763672,8.154999732971191,7.880000114440918,8.0,341000
2023-03-16,7.860000133514404,7.860000133514404,7.920000076293945,7.630000114440918,7.849999904632568,262500
2023-03-17,7.860000133514404,7.860000133514404,7.920000076293945,7.739999771118164,7.769999980926514,1071200
2023-03-20,7.809999942779541,7.809999942779541,7.929999828338623,7.760000228881836,7.869999885559082,248800
2023-03-21,8.15999984741211,8.15999984741211,8.210000038146973,7.900000095367432,7.900000095367432,300400
2023-03-22,7.809999942779541,7.809999942779541,8.140000343322754,7.797999858856201,8.119999885559082,222700
2023-03-23,7.769999980926514,7.769999980926514,8.045000076293945,7.738999843597412,7.869999885559082,347400
2023-03-24,7.860000133514404,7.860000133514404,7.929999828338623,7.619999885559082,7.699999809265137,194500
2023-03-27,7.960000038146973,7.960000038146973,8.050000190734863,7.909999847412109,7.929999828338623,172900
2023-03-28,7.900000095367432,7.900000095367432,8.09000015258789,7.860000133514404,7.880000114440918,170600
2023-03-29,8.15999984741211,8.15999984741211,8.25,7.949999809265137,8.0,228200
2023-03-30,8.140000343322754,8.140000343322754,8.329999923706055,8.119999885559082,8.25,233400
2023-03-31,8.3100004196167,8.3100004196167,8.390000343322754,8.170000076293945,8.279999732971191,344200
2023-04-03,7.960000038146973,7.960000038146973,8.3100004196167,7.889999866485596,8.3100004196167,300700
2023-04-04,7.900000095367432,7.900000095367432,8.020000457763672,7.748000144958496,7.940000057220459,262300
2023-04-05,7.949999809265137,7.949999809265137,8.024999618530273,7.820000171661377,7.849999904632568,108000
2023-04-06,8.010000228881836,8.010000228881836,8.114999771118164,7.940000057220459,7.949999809265137,134300
2023-04-10,8.109999656677246,8.109999656677246,8.140000343322754,7.929999828338623,7.940000057220459,147500
2023-04-11,8.869999885559082,8.869999885559082,8.9399995803833,8.199999809265137,8.270000457763672,403300
2023-04-12,8.850000381469727,8.850000381469727,9.154999732971191,8.800000190734863,9.0,169400
2023-04-13,8.850000381469727,8.850000381469727,9.029999732971191,8.850000381469727,8.850000381469727,142600
2023-04-14,8.729999542236328,8.729999542236328,8.890000343322754,8.670000076293945,8.869999885559082,134200
2023-04-17,8.979999542236328,8.979999542236328,8.989999771118164,8.6899995803833,8.75,128400
2023-04-18,8.970000267028809,8.970000267028809,9.015000343322754,8.890000343322754,8.970000267028809,250800
2023-04-19,8.949999809265137,8.949999809265137,9.039999961853027,8.819999694824219,8.899999618530273,128400
2023-04-20,8.5,8.5,8.90999984741211,8.4350004196167,8.90999984741211,203200
2023-04-21,8.329999923706055,8.329999923706055,8.65999984741211,8.319999694824219,8.479999542236328,145600
2023-04-24,8.260000228881836,8.260000228881836,8.484999656677246,8.239999771118164,8.300000190734863,203900
2023-04-25,7.96999979019165,7.96999979019165,8.289999961853027,7.960000038146973,8.109999656677246,273300
2023-04-26,8.09000015258789,8.09000015258789,8.15999984741211,7.909999847412109,7.940000057220459,283500
2023-04-27,8.59000015258789,8.59000015258789,8.59000015258789,8.149999618530273,8.149999618530273,378500
2023-04-28,8.869999885559082,8.869999885559082,9.055000305175781,8.545000076293945,8.5600004196167,303700
2023-05-01,8.609999656677246,8.609999656677246,8.960000038146973,8.585000038146973,8.84000015258789,239500
2023-05-02,8.390000343322754,8.390000343322754,8.585000038146973,8.34000015258789,8.579999923706055,167700
2023-05-03,8.5,8.5,8.76200008392334,8.380000114440918,8.380000114440918,228400
2023-05-04,8.170000076293945,8.170000076293945,8.380000114440918,8.050000190734863,8.380000114440918,153100
2023-05-05,8.229999542236328,8.229999542236328,8.329999923706055,8.199999809265137,8.329999923706055,168100
2023-05-08,8.359999656677246,8.359999656677246,8.385000228881836,8.180000305175781,8.180000305175781,145400
2023-05-09,8.3100004196167,8.3100004196167,8.399999618530273,7.389999866485596,8.350000381469727,597500
2023-05-10,7.744999885559082,7.744999885559082,8.460000038146973,7.744999885559082,8.430000305175781,242800
2023-05-11,7.630000114440918,7.630000114440918,7.755000114440918,7.550000190734863,7.659999847412109,222000
2023-05-12,7.659999847412109,7.659999847412109,7.75,7.59499979019165,7.699999809265137,200300
2023-05-15,8.260000228881836,8.260000228881836,8.270000457763672,7.710000038146973,7.75,331600
2023-05-16,8.119999885559082,8.119999885559082,8.350000381469727,8.09000015258789,8.229999542236328,355200
2023-05-17,8.25,8.25,8.295000076293945,7.994999885559082,8.220000267028809,427200
2023-05-18,7.75,7.75,8.210000038146973,7.570000171661377,8.210000038146973,415800
2023-05-19,8.069999694824219,8.069999694824219,8.300000190734863,7.809999942779541,7.840000152587891,410300
2023-05-22,8.109999656677246,8.109999656677246,8.274999618530273,7.980000019073486,8.069999694824219,385000
2023-05-23,8.180000305175781,8.180000305175781,8.430000305175781,8.069999694824219,8.069999694824219,346000
2023-05-24,7.679999828338623,7.679999828338623,8.119999885559082,7.659999847412109,8.119999885559082,387600
2023-05-25,7.329999923706055,7.329999923706055,7.670000076293945,7.320000171661377,7.599999904632568,405800
2023-05-26,7.449999809265137,7.449999809265137,7.53000020980835,7.260000228881836,7.369999885559082,231900
2023-05-30,7.289999961853027,7.289999961853027,7.659999847412109,7.28000020980835,7.480000019073486,263700
2023-05-31,7.320000171661377,7.320000171661377,7.5,7.210000038146973,7.420000076293945,540000
2023-06-01,7.28000020980835,7.28000020980835,7.539999961853027,7.260000228881836,7.329999923706055,265800
2023-06-02,7.710000038146973,7.710000038146973,7.75,7.349999904632568,7.369999885559082,323200
2023-06-05,7.920000076293945,7.920000076293945,7.940000057220459,7.679999828338623,7.71999979019165,237500
2023-06-06,8.329999923706055,8.329999923706055,8.350000381469727,7.869999885559082,7.900000095367432,322900
2023-06-07,8.529999732971191,8.529999732971191,8.579999923706055,8.329999923706055,8.380000114440918,303100
2023-06-08,8.460000038146973,8.460000038146973,8.619999885559082,8.319999694824219,8.479999542236328,217100
2023-06-09,7.989999771118164,7.989999771118164,8.489999771118164,7.914999961853027,8.420000076293945,235500
2023-06-12,8.199999809265137,8.199999809265137,8.220000267028809,7.940000057220459,7.989999771118164,168200
2023-06-13,8.4399995803833,8.4399995803833,8.479999542236328,8.229999542236328,8.300000190734863,238100
2023-06-14,8.470000267028809,8.470000267028809,8.65999984741211,8.369999885559082,8.40999984741211,201700
2023-06-15,8.5600004196167,8.5600004196167,8.640000343322754,8.420000076293945,8.420000076293945,293700
2023-06-16,8.420000076293945,8.420000076293945,8.640000343322754,8.369999885559082,8.640000343322754,303500
2023-06-20,8.329999923706055,8.329999923706055,8.390000343322754,8.234999656677246,8.390000343322754,150700
2023-06-21,8.25,8.25,8.350000381469727,8.229999542236328,8.25,139400
2023-06-22,8.170000076293945,8.170000076293945,8.23799991607666,8.109999656677246,8.199999809265137,105200
2023-06-23,8.170000076293945,8.170000076293945,8.289999961853027,7.960000038146973,8.010000228881836,507600
2023-06-26,8.210000038146973,8.210000038146973,8.420000076293945,8.0600004196167,8.0600004196167,144800
2023-06-27,8.640000343322754,8.640000343322754,8.6850004196167,8.210000038146973,8.220000267028809,170000
2023-06-28,8.710000038146973,8.710000038146973,8.850000381469727,8.600000381469727,8.649999618530273,248900
2023-06-29,8.779999732971191,8.779999732971191,8.84000015258789,8.65999984741211,8.710000038146973,207900
2023-06-30,8.75,8.75,8.920000076293945,8.710000038146973,8.880000114440918,157600
2023-07-03,8.75,8.75,8.890000343322754,8.699999809265137,8.699999809265137,74500
2023-07-05,8.640000343322754,8.640000343322754,8.71500015258789,8.399999618530273,8.680000305175781,137600
2023-07-06,8.40999984741211,8.40999984741211,8.609999656677246,8.380000114440918,8.609999656677246,134000
2023-07-07,8.680000305175781,8.680000305175781,8.75,8.399999618530273,8.399999618530273,348300
2023-07-10,8.5600004196167,8.5600004196167,8.774999618530273,8.503000259399414,8.670000076293945,225300
2023-07-11,8.3100004196167,8.3100004196167,8.680000305175781,8.279999732971191,8.579999923706055,132200
2023-07-12,8.430000305175781,8.430000305175781,8.5600004196167,8.350000381469727,8.460000038146973,120000
2023-07-13,8.600000381469727,8.600000381469727,8.619999885559082,8.319999694824219,8.510000228881836,133500
2023-07-14,8.270000457763672,8.270000457763672,8.609999656677246,8.260000228881836,8.609999656677246,92700
2023-07-17,8.170000076293945,8.170000076293945,8.4399995803833,8.15999984741211,8.270000457763672,122100
2023-07-18,8.369999885559082,8.369999885559082,8.57800006866455,8.15999984741211,8.170000076293945,141700
2023-07-19,8.470000267028809,8.470000267028809,8.600000381469727,8.40999984741211,8.40999984741211,146400
2023-07-20,8.5600004196167,8.5600004196167,8.569999694824219,8.390000343322754,8.510000228881836,163900
2023-07-21,8.510000228881836,8.510000228881836,8.699999809265137,8.5,8.619999885559082,121300
2023-07-24,8.579999923706055,8.579999923706055,8.670999526977539,8.479999542236328,8.479999542236328,100200
2023-07-25,8.130000114440918,8.130000114440918,8.579999923706055,8.125,8.579999923706055,139800
2023-07-26,8.25,8.25,8.260000228881836,8.029999732971191,8.109999656677246,98600
2023-07-27,8.270000457763672,8.270000457763672,8.475000381469727,8.239999771118164,8.289999961853027,97900
2023-07-28,8.329999923706055,8.329999923706055,8.479999542236328,8.329999923706055,8.380000114440918,104000
2023-07-31,8.399999618530273,8.399999618530273,8.529999732971191,8.335000038146973,8.369999885559082,132600
2023-08-01,8.329999923706055,8.329999923706055,8.359999656677246,8.164999961853027,8.319999694824219,110400
2023-08-02,8.25,8.25,8.319999694824219,8.180000305175781,8.210000038146973,128200
2023-08-03,8.229999542236328,8.229999542236328,8.354999542236328,8.140000343322754,8.220000267028809,159000
2023-08-04,8.029999732971191,8.029999732971191,8.359999656677246,8.020000457763672,8.239999771118164,143300
2023-08-07,8.229999542236328,8.229999542236328,8.239999771118164,7.920000076293945,8.050000190734863,150700
2023-08-08,8.399999618530273,8.399999618530273,8.40999984741211,8.09000015258789,8.100000381469727,154100
2023-08-09,9.789999961853027,9.789999961853027,9.850000381469727,8.619999885559082,8.619999885559082,802100
2023-08-10,9.3100004196167,9.3100004196167,9.835000038146973,9.239999771118164,9.789999961853027,364400
2023-08-11,9.319999694824219,9.319999694824219,9.420000076293945,9.119999885559082,9.260000228881836,323300
2023-08-14,9.199999809265137,9.199999809265137,9.335000038146973,9.140000343322754,9.300000190734863,333200
2023-08-15,9.149999618530273,9.149999618530273,9.329999923706055,9.069999694824219,9.130000114440918,213500
2023-08-16,9.100000381469727,9.100000381469727,9.21500015258789,9.074999809265137,9.130000114440918,150400
2023-08-17,8.949999809265137,8.949999809265137,9.194000244140625,8.9350004196167,9.100000381469727,156600
2023-08-18,8.649999618530273,8.649999618530273,8.970000267028809,8.640000343322754,8.829999923706055,158000
2023-08-21,8.640000343322754,8.640000343322754,8.729999542236328,8.5600004196167,8.569999694824219,250300
2023-08-22,8.670000076293945,8.670000076293945,8.829999923706055,8.59000015258789,8.619999885559082,472100
2023-08-23,8.65999984741211,8.65999984741211,8.779999732971191,8.609999656677246,8.710000038146973,180200
2023-08-24,8.710000038146973,8.710000038146973,8.800000190734863,8.569999694824219,8.569999694824219,180300
2023-08-25,8.619999885559082,8.619999885559082,8.779999732971191,8.539999961853027,8.710000038146973,119200
2023-08-28,8.890000343322754,8.890000343322754,8.96500015258789,8.649999618530273,8.65999984741211,204700
2023-08-29,9.25,9.25,9.329999923706055,8.920000076293945,8.920000076293945,262900
2023-08-30,9.170000076293945,9.170000076293945,9.270000457763672,9.100000381469727,9.199999809265137,179600
2023-08-31,8.9399995803833,8.9399995803833,9.199999809265137,8.930000305175781,9.149999618530273,337200
2023-09-01,8.739999771118164,8.739999771118164,9.0,8.720999717712402,8.989999771118164,247200
2023-09-05,8.390000343322754,8.390000343322754,8.710000038146973,8.350000381469727,8.710000038146973,273900
2023-09-06,8.40999984741211,8.40999984741211,8.479999542236328,8.274999618530273,8.430000305175781,397200
2023-09-07,7.980000019073486,7.980000019073486,8.399999618530273,7.945000171661377,8.390000343322754,647000
2023-09-08,8.15999984741211,8.15999984741211,8.199999809265137,7.900000095367432,8.0,143300
2023-09-11,8.390000343322754,8.390000343322754,8.4399995803833,8.220000267028809,8.220000267028809,180800
2023-09-12,8.619999885559082,8.619999885559082,8.65999984741211,8.40999984741211,8.40999984741211,203400
2023-09-13,8.869999885559082,8.869999885559082,8.869999885559082,8.5600004196167,8.699999809265137,257300
2023-09-14,8.970000267028809,8.970000267028809,9.229999542236328,8.9399995803833,8.949999809265137,236800
2023-09-15,8.470000267028809,8.470000267028809,9.0600004196167,8.380000114440918,9.010000228881836,702900
2023-09-18,8.25,8.25,8.600000381469727,8.229999542236328,8.600000381469727,307600
2023-09-19,8.270000457763672,8.270000457763672,8.420000076293945,8.239999771118164,8.239999771118164,111100
2023-09-20,8.289999961853027,8.289999961853027,8.489999771118164,8.279999732971191,8.34000015258789,135600
2023-09-21,8.239999771118164,8.239999771118164,8.335000038146973,8.170000076293945,8.220000267028809,148400
2023-09-22,8.100000381469727,8.100000381469727,8.319999694824219,8.09000015258789,8.25,118100
2023-09-25,8.0600004196167,8.0600004196167,8.187999725341797,7.985000133514404,8.0,211000
2023-09-26,7.889999866485596,7.889999866485596,8.024999618530273,7.820000171661377,8.0,204700
2023-09-27,8.069999694824219,8.069999694824219,8.220000267028809,7.940000057220459,8.119999885559082,302800
2023-09-28,8.140000343322754,8.140000343322754,8.258999824523926,8.100000381469727,8.100000381469727,135200
2023-09-29,8.15999984741211,8.15999984741211,8.255000114440918,8.119999885559082,8.140000343322754,173700
2023-10-02,8.199999809265137,8.199999809265137,8.260000228881836,8.050000190734863,8.15999984741211,320500
2023-10-03,7.690000057220459,7.690000057220459,8.15999984741211,7.625,8.15999984741211,179200
2023-10-04,7.679999828338623,7.679999828338623,7.809999942779541,7.670000076293945,7.730000019073486,152200
2023-10-05,7.78000020980835,7.78000020980835,7.849999904632568,7.650000095367432,7.650000095367432,195400
2023-10-06,7.71999979019165,7.71999979019165,7.789999961853027,7.630000114440918,7.769999980926514,136900
2023-10-09,7.849999904632568,7.849999904632568,7.920000076293945,7.659999847412109,7.659999847412109,105300
2023-10-10,7.659999847412109,7.659999847412109,7.869999885559082,7.590000152587891,7.789999961853027,197100
2023-10-11,7.630000114440918,7.630000114440918,7.744999885559082,7.559999942779541,7.670000076293945,129900
2023-10-12,7.400000095367432,7.400000095367432,7.630000114440918,7.34499979019165,7.630000114440918,126100
2023-10-13,7.440000057220459,7.440000057220459,7.570000171661377,7.389999866485596,7.389999866485596,222200
2023-10-16,7.5,7.5,7.639999866485596,7.480000019073486,7.639999866485596,212300
2023-10-17,7.380000114440918,7.380000114440918,7.579999923706055,7.349999904632568,7.429999828338623,164000
2023-10-18,7.260000228881836,7.260000228881836,7.360000133514404,7.215000152587891,7.320000171661377,213000
2023-10-19,7.079999923706055,7.079999923706055,7.329999923706055,7.050000190734863,7.289999961853027,265600
2023-10-20,7.039999961853027,7.039999961853027,7.144999980926514,7.019999980926514,7.090000152587891,158600
2023-10-23,6.989999771118164,6.989999771118164,7.099999904632568,6.96999979019165,7.0,249700
2023-10-24,7.0,7.0,7.130000114440918,6.980000019073486,7.019999980926514,246200
2023-10-25,6.769999980926514,6.769999980926514,6.960000038146973,6.769999980926514,6.960000038146973,212300
2023-10-26,6.71999979019165,6.71999979019165,6.820000171661377,6.599999904632568,6.809999942779541,202300
2023-10-27,6.679999828338623,6.679999828338623,6.699999809265137,6.570000171661377,6.679999828338623,225600
2023-10-30,6.760000228881836,6.760000228881836,6.869999885559082,6.690000057220459,6.78000020980835,199300
2023-10-31,6.829999923706055,6.829999923706055,6.864999771118164,6.650000095367432,6.730000019073486,217100
2023-11-01,6.739999771118164,6.739999771118164,6.789999961853027,6.679999828338623,6.789999961853027,174600
2023-11-02,6.739999771118164,6.739999771118164,6.889999866485596,6.679999828338623,6.800000190734863,213700
2023-11-03,6.860000133514404,6.860000133514404,7.039999961853027,6.75,6.900000095367432,532800
2023-11-06,6.769999980926514,6.769999980926514,7.090000152587891,6.75,6.909999847412109,366300
2023-11-07,6.570000171661377,6.570000171661377,6.760000228881836,6.510000228881836,6.71999979019165,284400
2023-11-08,6.599999904632568,6.599999904632568,6.659999847412109,6.53000020980835,6.599999904632568,204700
2023-11-09,6.389999866485596,6.389999866485596,6.639999866485596,6.360000133514404,6.639999866485596,334700
2023-11-10,7.190000057220459,7.190000057220459,7.355000019073486,6.510000228881836,6.510000228881836,1028900
2023-11-13,7.070000171661377,7.070000171661377,7.269999980926514,7.050000190734863,7.079999923706055,451200
2023-11-14,7.119999885559082,7.119999885559082,7.380000114440918,7.050000190734863,7.329999923706055,424200
2023-11-15,7.119999885559082,7.119999885559082,7.34499979019165,7.099999904632568,7.210000038146973,709100
2023-11-16,6.96999979019165,6.96999979019165,7.130000114440918,6.849999904632568,7.130000114440918,253500
2023-11-17,6.960000038146973,6.960000038146973,7.050000190734863,6.894999980926514,7.019999980926514,286700
2023-11-20,6.989999771118164,6.989999771118164,7.090000152587891,6.940000057220459,6.949999809265137,329500
2023-11-21,6.78000020980835,6.78000020980835,7.010000228881836,6.695000171661377,7.010000228881836,200600
2023-11-22,6.829999923706055,6.829999923706055,6.909999847412109,6.739999771118164,6.880000114440918,172300
2023-11-24,6.989999771118164,6.989999771118164,7.0,6.820000171661377,6.820000171661377,145700
2023-11-27,6.849999904632568,6.849999904632568,6.989999771118164,6.760000228881836,6.989999771118164,218100
2023-11-28,6.920000076293945,6.920000076293945,6.989999771118164,6.739999771118164,6.849999904632568,307900
2023-11-29,6.980000019073486,6.980000019073486,7.070000171661377,6.934999942779541,6.940000057220459,373700
2023-11-30,6.769999980926514,6.769999980926514,7.019999980926514,6.690000057220459,6.96999979019165,276100
2023-12-01,7.159999847412109,7.159999847412109,7.159999847412109,6.619999885559082,6.769999980926514,525500
2023-12-04,7.179999828338623,7.179999828338623,7.324999809265137,7.099999904632568,7.099999904632568,353600
2023-12-05,6.820000171661377,6.820000171661377,7.130000114440918,6.809999942779541,7.130000114440918,299500
2023-12-06,6.860000133514404,6.860000133514404,6.900000095367432,6.789000034332275,6.849999904632568,332100
2023-12-07,7.039999961853027,7.039999961853027,7.170000076293945,6.840000152587891,6.909999847412109,387000
2023-12-08,7.150000095367432,7.150000095367432,7.190000057220459,6.980000019073486,7.03000020980835,251900
2023-12-11,7.050000190734863,7.050000190734863,7.199999809265137,6.980000019073486,7.150000095367432,324800
2023-12-12,6.735000133514404,6.735000133514404,7.050000190734863,6.71999979019165,7.050000190734863,227300
2023-12-13,6.989999771118164,6.989999771118164,6.989999771118164,6.579999923706055,6.75,442600
2023-12-14,7.179999828338623,7.179999828338623,7.400000095367432,7.110000133514404,7.110000133514404,322400
2023-12-15,7.0,7.0,7.239999771118164,6.96999979019165,7.239999771118164,876800
2023-12-18,6.989999771118164,6.989999771118164,7.110000133514404,6.974999904632568,7.050000190734863,394500
2023-12-19,7.210000038146973,7.210000038146973,7.230000019073486,7.0,7.0,292100
2023-12-20,7.090000152587891,7.090000152587891,7.25,7.079999923706055,7.210000038146973,282400
2023-12-21,7.150000095367432,7.150000095367432,7.159999847412109,7.079999923706055,7.110000133514404,144900
2023-12-22,7.199999809265137,7.199999809265137,7.321000099182129,7.139999866485596,7.139999866485596,143100
2023-12-26,7.260000228881836,7.260000228881836,7.28000020980835,7.119999885559082,7.230000019073486,183000
2023-12-27,7.230000019073486,7.230000019073486,7.300000190734863,7.159999847412109,7.28000020980835,252700
2023-12-28,7.28000020980835,7.28000020980835,7.300000190734863,7.179999828338623,7.230000019073486,211400
2023-12-29,7.309999942779541,7.309999942779541,7.315000057220459,7.195000171661377,7.25,193500
2024-01-02,7.309999942779541,7.309999942779541,7.438000202178955,7.159999847412109,7.260000228881836,692800
2024-01-03,7.059999942779541,7.059999942779541,7.289999961853027,7.054999828338623,7.260000228881836,234400
2024-01-04,7.010000228881836,7.010000228881836,7.099999904632568,6.940000057220459,7.090000152587891,241700
2024-01-05,6.989999771118164,6.989999771118164,7.110000133514404,6.949999809265137,6.96999979019165,333400
2024-01-08,7.119999885559082,7.119999885559082,7.130000114440918,6.949999809265137,7.0,123800
2024-01-09,7.090000152587891,7.090000152587891,7.130000114440918,6.96999979019165,6.989999771118164,186500
2024-01-10,7.070000171661377,7.070000171661377,7.139999866485596,7.033999919891357,7.039999961853027,165900
2024-01-11,7.139999866485596,7.139999866485596,7.195000171661377,6.96999979019165,7.039999961853027,232300
2024-01-12,7.130000114440918,7.130000114440918,7.340000152587891,7.119999885559082,7.239999771118164,130400
2024-01-16,7.039999961853027,7.039999961853027,7.125,6.994999885559082,7.079999923706055,293400
2024-01-17,7.019999980926514,7.019999980926514,7.144999980926514,6.945000171661377,6.960000038146973,240700
2024-01-18,7.050000190734863,7.050000190734863,7.139999866485596,6.800000190734863,7.050000190734863,219900
2024-01-19,7.130000114440918,7.130000114440918,7.144999980926514,6.980000019073486,7.079999923706055,239100
2024-01-22,7.110000133514404,7.110000133514404,7.210000038146973,7.0,7.150000095367432,270300
2024-01-23,7.269999980926514,7.269999980926514,7.330999851226807,7.190000057220459,7.199999809265137,156800
2024-01-24,7.059999942779541,7.059999942779541,7.369999885559082,7.002999782562256,7.349999904632568,165600
2024-01-25,7.170000076293945,7.170000076293945,7.199999809265137,7.0,7.139999866485596,281900
2024-01-26,7.289999961853027,7.289999961853027,7.380000114440918,7.190000057220459,7.190000057220459,154700
2024-01-29,7.340000152587891,7.340000152587891,7.349999904632568,7.130000114440918,7.25,119200
2024-01-30,7.25,7.25,7.349999904632568,7.210000038146973,7.300000190734863,147000
2024-01-31,7.039999961853027,7.039999961853027,7.260000228881836,7.010000228881836,7.25,270100
2024-02-01,7.190000057220459,7.190000057220459,7.238999843597412,7.065000057220459,7.070000171661377,172900
2024-02-02,6.840000152587891,6.840000152587891,7.110000133514404,6.820000171661377,7.099999904632568,223700
2024-02-05,6.559999942779541,6.559999942779541,6.760000228881836,6.420000076293945,6.760000228881836,459000
2024-02-06,6.590000152587891,6.590000152587891,6.670000076293945,6.519999980926514,6.559999942779541,245700
2024-02-07,6.710000038146973,6.710000038146973,6.724999904632568,6.489999771118164,6.639999866485596,309600
2024-02-08,6.78000020980835,6.78000020980835,6.791999816894531,6.570000171661377,6.710000038146973,224300
2024-02-09,6.71999979019165,6.71999979019165,6.829999923706055,6.519999980926514,6.829999923706055,312600
2024-02-12,6.940000057220459,6.940000057220459,7.010000228881836,6.75,6.75,276900
2024-02-13,6.329999923706055,6.329999923706055,6.840000152587891,6.300000190734863,6.789999961853027,466900
2024-02-14,6.460000038146973,6.460000038146973,6.53000020980835,6.369999885559082,6.380000114440918,222800
2024-02-15,6.710000038146973,6.710000038146973,6.710000038146973,6.510000228881836,6.519999980926514,252700
2024-02-16,6.650000095367432,6.650000095367432,6.715000152587891,6.510000228881836,6.659999847412109,168100
2024-02-20,6.769999980926514,6.769999980926514,6.795000076293945,6.53000020980835,6.599999904632568,490300
2024-02-21,6.480000019073486,6.480000019073486,6.739999771118164,6.449999809265137,6.739999771118164,207800
2024-02-22,6.46999979019165,6.46999979019165,6.480000019073486,6.360000133514404,6.440000057220459,270200
2024-02-23,5.980000019073486,5.980000019073486,6.480000019073486,5.900000095367432,6.46999979019165,998700
2024-02-26,6.130000114440918,6.130000114440918,6.309999942779541,5.949999809265137,5.949999809265137,650000
2024-02-27,6.340000152587891,6.340000152587891,6.420000076293945,6.135000228881836,6.179999828338623,550300
2024-02-28,6.150000095367432,6.150000095367432,6.340000152587891,6.090000152587891,6.260000228881836,447300
2024-02-29,6.429999828338623,6.429999828338623,6.579999923706055,6.309999942779541,6.320000171661377,562000
2024-03-01,6.429999828338623,6.429999828338623,6.550000190734863,6.309999942779541,6.420000076293945,421200
2024-03-04,6.449999809265137,6.449999809265137,6.539999961853027,6.340000152587891,6.409999847412109,472000
2024-03-05,6.28000020980835,6.28000020980835,6.494999885559082,6.264999866485596,6.400000095367432,515100
2024-03-06,6.25,6.25,6.329999923706055,6.204999923706055,6.320000171661377,533700
2024-03-07,6.199999809265137,6.199999809265137,6.309999942779541,6.114999771118164,6.300000190734863,598800
2024-03-08,6.329999923706055,6.329999923706055,6.385000228881836,6.199999809265137,6.21999979019165,481200
2024-03-11,6.420000076293945,6.420000076293945,6.489999771118164,6.320000171661377,6.329999923706055,523200
2024-03-12,6.159999847412109,6.159999847412109,6.449999809265137,6.130000114440918,6.440000057220459,457500
2024-03-13,6.429999828338623,6.429999828338623,6.630000114440918,6.099999904632568,6.110000133514404,693400
2024-03-14,6.260000228881836,6.260000228881836,6.519999980926514,6.239999771118164,6.429999828338623,527300
2024-03-15,6.300000190734863,6.300000190734863,6.434999942779541,6.175000190734863,6.260000228881836,1353100
2024-03-18,6.269999980926514,6.269999980926514,6.385000228881836,6.215000152587891,6.28000020980835,485400
2024-03-19,6.269999980926514,6.269999980926514,6.429999828338623,6.150000095367432,6.21999979019165,584300
2024-03-20,6.570000171661377,6.570000171661377,6.670000076293945,6.230000019073486,6.230000019073486,750500
2024-03-21,6.739999771118164,6.739999771118164,6.84499979019165,6.539999961853027,6.619999885559082,799500
2024-03-22,6.639999866485596,6.639999866485596,6.860000133514404,6.590000152587891,6.769999980926514,617100
2024-03-25,7.159999847412109,7.159999847412109,7.650000095367432,6.929999828338623,6.949999809265137,1979200
2024-03-26,6.889999866485596,6.889999866485596,7.179999828338623,6.880000114440918,7.130000114440918,1753200
2024-03-27,7.03000020980835,7.03000020980835,7.085000038146973,6.869999885559082,6.900000095367432,718300
2024-03-28,6.96999979019165,6.96999979019165,7.130000114440918,6.954999923706055,7.059999942779541,891300
2024-04-01,7.0,7.0,7.159999847412109,6.920000076293945,7.079999923706055,717400
2024-04-02,6.949999809265137,6.949999809265137,7.03000020980835,6.860000133514404,6.929999828338623,537900
2024-04-03,7.389999866485596,7.389999866485596,7.389999866485596,6.920000076293945,6.920000076293945,515600
2024-04-04,7.28000020980835,7.28000020980835,7.565000057220459,7.25,7.429999828338623,440000
2024-04-05,7.300000190734863,7.300000190734863,7.300000190734863,7.054999828338623,7.230000019073486,338700
2024-04-08,7.400000095367432,7.400000095367432,7.510000228881836,7.28000020980835,7.329999923706055,398600
2024-04-09,7.449999809265137,7.449999809265137,7.519999980926514,7.369999885559082,7.409999847412109,278700
2024-04-10,7.309999942779541,7.309999942779541,7.349999904632568,7.110000133514404,7.199999809265137,454200
2024-04-11,7.639999866485596,7.639999866485596,7.670000076293945,7.300000190734863,7.300000190734863,464100
2024-04-12,7.230000019073486,7.230000019073486,7.614999771118164,7.210000038146973,7.579999923706055,338200
2024-04-15,7.300000190734863,7.300000190734863,7.460000038146973,7.190000057220459,7.300000190734863,802300
2024-04-16,7.260000228881836,7.260000228881836,7.329999923706055,7.170000076293945,7.260000228881836,368600
2024-04-17,7.199999809265137,7.199999809265137,7.489999771118164,7.199999809265137,7.349999904632568,292700
2024-04-18,7.210000038146973,7.210000038146973,7.40500020980835,7.170000076293945,7.230000019073486,461500
2024-04-19,7.289999961853027,7.289999961853027,7.320000171661377,7.179999828338623,7.179999828338623,305100
2024-04-22,7.409999847412109,7.409999847412109,7.519999980926514,7.309999942779541,7.340000152587891,347300
2024-04-23,7.440000057220459,7.440000057220459,7.579999923706055,7.340000152587891,7.369999885559082,272700
2024-04-24,7.46999979019165,7.46999979019165,7.494999885559082,7.230000019073486,7.230000019073486,427000
2024-04-25,7.460000038146973,7.460000038146973,7.554999828338623,7.309999942779541,7.409999847412109,570700
2024-04-26,7.610000133514404,7.610000133514404,7.684999942779541,7.465000152587891,7.480000019073486,409300
2024-04-29,7.71999979019165,7.71999979019165,7.860000133514404,7.644999980926514,7.670000076293945,394300
2024-04-30,7.550000190734863,7.550000190734863,7.670000076293945,7.489999771118164,7.670000076293945,343400
2024-05-01,7.739999771118164,7.739999771118164,7.885000228881836,7.550000190734863,7.550000190734863,351900
2024-05-02,7.96999979019165,7.96999979019165,7.96999979019165,7.744999885559082,7.889999866485596,315000
2024-05-03,8.039999961853027,8.039999961853027,8.15999984741211,7.960000038146973,8.09000015258789,156500
2024-05-06,8.140000343322754,8.140000343322754,8.210000038146973,8.050000190734863,8.050000190734863,249600
2024-05-07,8.210000038146973,8.210000038146973,8.28499984741211,8.170000076293945,8.199999809265137,309700
2024-05-08,8.609999656677246,8.609999656677246,8.680000305175781,7.940000057220459,8.520000457763672,790700
2024-05-09,8.670000076293945,8.670000076293945,8.680000305175781,8.414999961853027,8.569999694824219,506200
2024-05-10,8.380000114440918,8.380000114440918,8.699999809265137,8.279999732971191,8.649999618530273,398500
2024-05-13,8.34000015258789,8.34000015258789,8.84000015258789,8.300000190734863,8.550000190734863,441000
2024-05-14,8.4399995803833,8.4399995803833,8.5600004196167,8.399999618530273,8.430000305175781,320600
2024-05-15,8.460000038146973,8.460000038146973,8.550000190734863,8.364999771118164,8.520000457763672,326700
2024-05-16,8.625,8.625,8.710000038146973,8.4399995803833,8.460000038146973,408300
2024-05-17,8.75,8.75,8.789999961853027,8.555000305175781,8.630000114440918,341400
2024-05-20,8.649999618530273,8.649999618530273,8.845000267028809,8.640000343322754,8.800000190734863,469200
2024-05-21,8.649999618530273,8.649999618530273,8.720000267028809,8.550000190734863,8.609999656677246,271100
2024-05-22,8.550000190734863,8.550000190734863,8.6899995803833,8.444999694824219,8.539999961853027,285200
2024-05-23,8.630000114440918,8.630000114440918,8.670000076293945,8.5,8.550000190734863,389100
2024-05-24,8.539999961853027,8.539999961853027,8.699999809265137,8.529999732971191,8.680000305175781,190100
2024-05-28,8.619999885559082,8.619999885559082,8.65999984741211,8.539999961853027,8.5600004196167,209200
2024-05-29,8.619999885559082,8.619999885559082,8.630000114440918,8.479999542236328,8.5,199100
2024-05-30,8.920000076293945,8.920000076293945,9.010000228881836,8.680000305175781,8.680000305175781,299000
2024-05-31,9.069999694824219,9.069999694824219,9.109999656677246,8.869999885559082,8.970000267028809,334200
2024-06-03,9.039999961853027,9.039999961853027,9.1899995803833,8.9350004196167,9.1899995803833,605500
2024-06-04,8.829999923706055,8.829999923706055,9.085000038146973,8.8100004196167,9.0,456500
2024-06-05,8.960000038146973,8.960000038146973,9.015000343322754,8.8100004196167,8.829999923706055,308600
2024-06-06,9.010000228881836,9.010000228881836,9.09000015258789,8.9399995803833,8.9399995803833,219000
2024-06-07,8.850000381469727,8.850000381469727,9.0,8.789999961853027,8.9399995803833,170300
2024-06-10,8.819999694824219,8.819999694824219,8.850000381469727,8.670000076293945,8.75,234000
2024-06-11,8.699999809265137,8.699999809265137,8.770000457763672,8.645000457763672,8.75,188300
2024-06-12,8.65999984741211,8.65999984741211,8.9399995803833,8.649999618530273,8.920000076293945,271500
2024-06-13,8.359999656677246,8.359999656677246,8.649999618530273,8.3100004196167,8.649999618530273,225000
2024-06-14,8.279999732971191,8.279999732971191,8.350000381469727,8.180000305175781,8.239999771118164,204200
2024-06-17,8.25,8.25,8.305000305175781,8.175999641418457,8.239999771118164,237700
2024-06-18,8.289999961853027,8.289999961853027,8.489999771118164,8.25,8.25,354700
2024-06-20,8.539999961853027,8.539999961853027,8.604999542236328,8.210000038146973,8.229999542236328,347200
2024-06-21,9.0,9.0,9.024999618530273,8.5,8.510000228881836,952200
2024-06-24,9.020000457763672,9.020000457763672,9.25,8.989999771118164,9.039999961853027,631200
2024-06-25,9.149999618530273,9.149999618530273,9.194999694824219,8.850000381469727,9.020000457763672,377500
2024-06-26,9.260000228881836,9.260000228881836,9.399999618530273,9.210000038146973,9.390000343322754,581700
2024-06-27,9.479999542236328,9.479999542236328,9.529999732971191,9.289999961853027,9.289999961853027,412700
2024-06-28,9.609999656677246,9.609999656677246,9.725000381469727,9.510000228881836,9.510000228881836,1467400
2024-07-01,9.630000114440918,9.630000114440918,9.720000267028809,9.529999732971191,9.640000343322754,479100
2024-07-02,9.4399995803833,9.4399995803833,9.65999984741211,9.40999984741211,9.640000343322754,214500
2024-07-03,9.199999809265137,9.199999809265137,9.49899959564209,9.109999656677246,9.489999771118164,127300
2024-07-05,9.109999656677246,9.109999656677246,9.140000343322754,8.942999839782715,9.109999656677246,321700
2024-07-08,9.15999984741211,9.15999984741211,9.210000038146973,9.09000015258789,9.1899995803833,280500
2024-07-09,9.329999923706055,9.329999923706055,9.449999809265137,9.0,9.149999618530273,271500
2024-07-10,9.380000114440918,9.380000114440918,9.390000343322754,9.25,9.34000015258789,207700
2024-07-11,9.8100004196167,9.8100004196167,9.819999694824219,9.430000305175781,9.5,340200
2024-07-12,9.760000228881836,9.760000228881836,9.9350004196167,9.739999771118164,9.880000114440918,307700
2024-07-15,9.869999885559082,9.869999885559082,9.9399995803833,9.680000305175781,9.779999732971191,259800
2024-07-16,10.039999961853027,10.039999961853027,10.069999694824219,9.890000343322754,9.9399995803833,265900
2024-07-17,10.149999618530273,10.149999618530273,10.180000305175781,9.84000015258789,9.930000305175781,360100
2024-07-18,9.880000114440918,9.880000114440918,10.350000381469727,9.819999694824219,10.069999694824219,311300
2024-07-19,9.90999984741211,9.90999984741211,9.970000267028809,9.649999618530273,9.859999656677246,328900
2024-07-22,9.90999984741211,9.90999984741211,9.979999542236328,9.654999732971191,9.890000343322754,224400
2024-07-23,10.069999694824219,10.069999694824219,10.09000015258789,9.819999694824219,9.880000114440918,335900
2024-07-24,9.90999984741211,9.90999984741211,10.199999809265137,9.869999885559082,10.039999961853027,355800
2024-07-25,9.949999809265137,9.949999809265137,10.1899995803833,9.859999656677246,9.90999984741211,238200
2024-07-26,10.199999809265137,10.199999809265137,10.210000038146973,10.039999961853027,10.079999923706055,251200
2024-07-29,10.15999984741211,10.15999984741211,10.300000190734863,10.100000381469727,10.199999809265137,144500
2024-07-30,10.34000015258789,10.34000015258789,10.40999984741211,10.164999961853027,10.210000038146973,206600
2024-07-31,10.479999542236328,10.479999542236328,10.8149995803833,10.359999656677246,10.390000343322754,343700
2024-08-01,10.399999618530273,10.399999618530273,10.579999923706055,10.270000457763672,10.460000038146973,210000
2024-08-02,10.199999809265137,10.199999809265137,10.40999984741211,9.960000038146973,10.029999732971191,383200
2024-08-05,9.880000114440918,9.880000114440918,9.989999771118164,9.3100004196167,9.59000015258789,312500
2024-08-06,10.0600004196167,10.0600004196167,10.145000457763672,9.770000457763672,9.859999656677246,211000
2024-08-07,9.15999984741211,9.15999984741211,9.989999771118164,8.800000190734863,9.989999771118164,776700
2024-08-08,9.420000076293945,9.420000076293945,9.460000038146973,8.930000305175781,9.15999984741211,706500
2024-08-09,9.079999923706055,9.079999923706055,9.529999732971191,9.010000228881836,9.420000076293945,362100
2024-08-12,9.109999656677246,9.109999656677246,9.109999656677246,8.90999984741211,9.050000190734863,248700
2024-08-13,9.529999732971191,9.529999732971191,9.574999809265137,9.270000457763672,9.319999694824219,253900
2024-08-14,9.569999694824219,9.569999694824219,9.640000343322754,9.470000267028809,9.550000190734863,165800
2024-08-15,9.710000038146973,9.710000038146973,9.819999694824219,9.640000343322754,9.640000343322754,222800
2024-08-16,9.75,9.75,9.800000190734863,9.67199993133545,9.680000305175781,243600
2024-08-19,9.729999542236328,9.729999542236328,9.770000457763672,9.5600004196167,9.680000305175781,269000
2024-08-20,9.430000305175781,9.430000305175781,9.75,9.425000190734863,9.75,209100
2024-08-21,9.420000076293945,9.420000076293945,9.475000381469727,9.270000457763672,9.430000305175781,160900
2024-08-22,9.180000305175781,9.180000305175781,9.4399995803833,9.119999885559082,9.399999618530273,187200
2024-08-23,9.369999885559082,9.369999885559082,9.460000038146973,9.220000267028809,9.220000267028809,172600
2024-08-26,9.529999732971191,9.529999732971191,9.59000015258789,9.34000015258789,9.350000381469727,224300
2024-08-27,9.5,9.5,9.640000343322754,9.460000038146973,9.529999732971191,150800
2024-08-28,9.529999732971191,9.529999732971191,9.5649995803833,9.390000343322754,9.460000038146973,175000
2024-08-29,9.399999618530273,9.399999618530273,9.59000015258789,9.359999656677246,9.59000015258789,214000
2024-08-30,9.470000267028809,9.470000267028809,9.5600004196167,9.359999656677246,9.399999618530273,301700
2024-09-03,9.399999618530273,9.399999618530273,9.470000267028809,9.3100004196167,9.4399995803833,259200
2024-09-04,9.25,9.25,9.390000343322754,9.114999771118164,9.319999694824219,506800
2024-09-05,9.479999542236328,9.479999542236328,9.635000228881836,9.279999732971191,9.289999961853027,249900
2024-09-06,9.380000114440918,9.380000114440918,9.569999694824219,9.350000381469727,9.5,190200
2024-09-09,9.210000038146973,9.210000038146973,9.470000267028809,9.164999961853027,9.380000114440918,275500
2024-09-10,9.100000381469727,9.100000381469727,9.1899995803833,8.920000076293945,9.1899995803833,247300
2024-09-11,9.180000305175781,9.180000305175781,9.204999923706055,8.979999542236328,9.029999732971191,231000
2024-09-12,9.40999984741211,9.40999984741211,9.40999984741211,9.199999809265137,9.210000038146973,220800
2024-09-13,9.619999885559082,9.619999885559082,9.65999984741211,9.420000076293945,9.449999809265137,134100
2024-09-16,9.75,9.75,9.760000228881836,9.569999694824219,9.600000381469727,474600
2024-09-17,9.680000305175781,9.680000305175781,9.800000190734863,9.550000190734863,9.789999961853027,216800
2024-09-18,9.680000305175781,9.680000305175781,9.899999618530273,9.640000343322754,9.680000305175781,381800
2024-09-19,9.670000076293945,9.670000076293945,9.869999885559082,9.654999732971191,9.869999885559082,316800
2024-09-20,9.569999694824219,9.569999694824219,9.670000076293945,9.494999885559082,9.670000076293945,1054800
2024-09-23,9.520000457763672,9.520000457763672,9.604999542236328,9.489999771118164,9.569999694824219,260800
2024-09-24,9.569999694824219,9.569999694824219,9.6899995803833,9.489999771118164,9.5600004196167,235400
2024-09-25,9.5,9.5,9.569999694824219,9.454999923706055,9.569999694824219,345600
2024-09-26,9.720000267028809,9.720000267028809,9.75,9.585000038146973,9.600000381469727,187700
2024-09-27,9.869999885559082,9.869999885559082,9.989999771118164,9.729999542236328,9.739999771118164,134200
2024-09-30,9.579999923706055,9.579999923706055,9.869999885559082,9.524999618530273,9.869999885559082,212400
2024-10-01,9.699999809265137,9.699999809265137,9.720000267028809,9.430000305175781,9.550000190734863,234700
2024-10-02,9.729999542236328,9.729999542236328,9.890000343322754,9.468000411987305,9.670000076293945,210900
2024-10-03,9.569999694824219,9.569999694824219,9.710000038146973,9.5,9.65999984741211,283200
2024-10-04,9.779999732971191,9.779999732971191,9.789999961853027,9.579999923706055,9.670000076293945,146900
2024-10-07,9.529999732971191,9.529999732971191,9.760000228881836,9.420000076293945,9.720000267028809,261900
2024-10-08,9.5,9.5,9.657999992370605,9.479999542236328,9.529999732971191,321700
2024-10-09,9.449999809265137,9.449999809265137,9.609999656677246,9.4350004196167,9.5,158900
2024-10-10,9.510000228881836,9.510000228881836,9.529999732971191,9.324999809265137,9.430000305175781,398700
2024-10-11,9.619999885559082,9.619999885559082,9.760000228881836,9.550000190734863,9.550000190734863,169400
2024-10-14,9.59000015258789,9.59000015258789,9.65999984741211,9.520000457763672,9.65999984741211,198600
2024-10-15,9.520000457763672,9.520000457763672,9.640000343322754,9.510000228881836,9.600000381469727,225300
2024-10-16,10.09000015258789,10.09000015258789,10.09000015258789,9.59000015258789,9.609999656677246,298500
2024-10-17,10.0600004196167,10.0600004196167,10.130000114440918,9.989999771118164,10.100000381469727,195100
2024-10-18,10.140000343322754,10.140000343322754,10.170000076293945,10.029999732971191,10.079999923706055,284400
2024-10-21,9.720000267028809,9.720000267028809,10.15999984741211,9.720000267028809,10.140000343322754,262000
2024-10-22,9.65999984741211,9.65999984741211,9.755000114440918,9.529999732971191,9.680000305175781,428200
2024-10-23,9.640000343322754,9.640000343322754,9.670000076293945,9.350000381469727,9.609999656677246,300300
2024-10-24,9.84000015258789,9.84000015258789,9.850000381469727,9.529999732971191,9.680000305175781,147600
2024-10-25,9.949999809265137,9.949999809265137,10.024999618530273,9.850000381469727,9.850000381469727,126200
2024-10-28,9.9399995803833,9.9399995803833,10.130000114440918,9.90999984741211,9.960000038146973,183600
2024-10-29,9.720000267028809,9.720000267028809,9.930000305175781,9.694999694824219,9.850000381469727,99200
2024-10-30,9.850000381469727,9.850000381469727,9.960000038146973,9.640000343322754,9.75,238100
2024-10-31,9.789999961853027,9.789999961853027,9.960000038146973,9.71500015258789,9.90999984741211,169000
2024-11-01,9.899999618530273,9.899999618530273,10.130000114440918,9.869999885559082,9.920000076293945,127800
2024-11-04,9.859999656677246,9.859999656677246,9.96500015258789,9.770000457763672,9.859999656677246,167300
2024-11-05,10.0,10.0,10.109999656677246,9.829999923706055,9.84000015258789,232200
2024-11-06,10.399999618530273,10.399999618530273,10.789999961853027,10.34000015258789,10.5,545800
2024-11-07,8.239999771118164,8.239999771118164,9.65999984741211,8.0,9.649999618530273,1090400
2024-11-08,7.614999771118164,7.614999771118164,8.260000228881836,7.590000152587891,8.1899995803833,440100
2024-11-11,7.460000038146973,7.460000038146973,7.699999809265137,7.289999961853027,7.679999828338623,415700
2024-11-12,6.940000057220459,6.940000057220459,7.46999979019165,6.920000076293945,7.46999979019165,456400
2024-11-13,6.590000152587891,6.590000152587891,6.96999979019165,6.570000171661377,6.960000038146973,394300
2024-11-14,6.53000020980835,6.53000020980835,6.739999771118164,6.460000038146973,6.590000152587891,550900
2024-11-15,6.46999979019165,6.46999979019165,6.579999923706055,6.360000133514404,6.579999923706055,389000
2024-11-18,6.659999847412109,6.659999847412109,6.784999847412109,6.452000141143799,6.46999979019165,386500
2024-11-19,6.980000019073486,6.980000019073486,7.000999927520752,6.710000038146973,6.739999771118164,373400
2024-11-20,7.070000171661377,7.070000171661377,7.090000152587891,6.795000076293945,6.980000019073486,553800
2024-11-21,7.039999961853027,7.039999961853027,7.144999980926514,6.940000057220459,7.099999904632568,220200
2024-11-22,7.110000133514404,7.110000133514404,7.159999847412109,7.019999980926514,7.070000171661377,338600
2024-11-25,7.480000019073486,7.480000019073486,7.650000095367432,7.150000095367432,7.159999847412109,528100
2024-11-26,7.079999923706055,7.079999923706055,7.510000228881836,6.920000076293945,7.5,689100
2024-11-27,7.059999942779541,7.059999942779541,7.264999866485596,7.039999961853027,7.110000133514404,451700
2024-11-29,6.960000038146973,6.960000038146973,7.125,6.90500020980835,7.070000171661377,145000
2024-12-02,7.079999923706055,7.079999923706055,7.258999824523926,6.860000133514404,7.199999809265137,761500
2024-12-03,7.0,7.0,7.110000133514404,6.900000095367432,7.059999942779541,312200
2024-12-04,6.840000152587891,6.840000152587891,6.980000019073486,6.699999809265137,6.96999979019165,360900
2024-12-05,6.849999904632568,6.849999904632568,7.050000190734863,6.840000152587891,6.929999828338623,320200
2024-12-06,6.840000152587891,6.840000152587891,6.980000019073486,6.800000190734863,6.869999885559082,278200
2024-12-09,6.78000020980835,6.78000020980835,7.025000095367432,6.769999980926514,6.909999847412109,299000
2024-12-10,6.829999923706055,6.829999923706055,6.875,6.695000171661377,6.78000020980835,267600
2024-12-11,6.940000057220459,6.940000057220459,6.974999904632568,6.710000038146973,6.869999885559082,227300
2024-12-12,6.769999980926514,6.769999980926514,7.0,6.75,6.920000076293945,460500
2024-12-13,6.710000038146973,6.710000038146973,6.760000228881836,6.644999980926514,6.739999771118164,244100
