Date,Adj Close,Close,High,Low,Open,Volume
2017-08-18,90.0,90.0,90.0,90.0,90.0,100
2017-08-21,90.0,90.0,90.0,90.0,90.0,0
2017-08-22,90.0,90.0,90.0,90.0,90.0,0
2017-08-23,90.0,90.0,90.0,90.0,90.0,0
2017-08-24,90.0,90.0,90.0,90.0,90.0,0
2017-08-25,90.0,90.0,90.0,90.0,90.0,0
2017-08-28,90.0,90.0,90.0,90.0,90.0,0
2017-08-29,90.0,90.0,90.0,90.0,90.0,0
2017-08-30,90.0,90.0,90.0,90.0,90.0,0
2017-08-31,90.0,90.0,90.0,90.0,90.0,0
2017-09-01,90.0,90.0,90.0,90.0,90.0,0
2017-09-05,90.0,90.0,90.0,90.0,90.0,0
2017-09-06,90.0,90.0,90.0,90.0,90.0,0
2017-09-07,90.0,90.0,90.0,90.0,90.0,0
2017-09-08,90.0,90.0,90.0,90.0,90.0,0
2017-09-11,90.0,90.0,90.0,90.0,90.0,0
2017-09-12,90.0,90.0,90.0,90.0,90.0,0
2017-09-13,90.0,90.0,90.0,90.0,90.0,0
2017-09-14,90.0,90.0,90.0,90.0,90.0,0
2017-09-15,90.0,90.0,90.0,90.0,90.0,0
2017-09-18,90.0,90.0,90.0,90.0,90.0,0
2017-09-19,90.0,90.0,90.0,90.0,90.0,0
2017-09-20,90.0,90.0,90.0,90.0,90.0,0
2017-09-21,90.0,90.0,90.0,90.0,90.0,0
2017-09-22,90.0,90.0,90.0,90.0,90.0,0
2017-09-25,90.0,90.0,90.0,90.0,90.0,0
2017-09-26,90.0,90.0,90.0,90.0,90.0,0
2017-09-27,90.0,90.0,90.0,90.0,90.0,0
2017-09-28,90.0,90.0,90.0,90.0,90.0,0
2017-09-29,90.0,90.0,90.0,90.0,90.0,0
2017-10-02,90.0,90.0,90.0,90.0,90.0,0
2017-10-03,90.0,90.0,90.0,90.0,90.0,0
2017-10-04,90.0,90.0,90.0,90.0,90.0,0
2017-10-05,90.0,90.0,90.0,90.0,90.0,0
2017-10-06,90.0,90.0,90.0,90.0,90.0,0
2017-10-09,90.0,90.0,90.0,90.0,90.0,0
2017-10-10,90.0,90.0,90.0,90.0,90.0,0
2017-10-11,90.0,90.0,90.0,90.0,90.0,0
2017-10-12,90.0,90.0,90.0,90.0,90.0,0
2017-10-13,90.0,90.0,90.0,90.0,90.0,0
2017-10-16,90.0,90.0,90.0,90.0,90.0,0
2017-10-17,90.0,90.0,90.0,90.0,90.0,0
2017-10-18,90.0,90.0,90.0,90.0,90.0,0
2017-10-19,90.0,90.0,90.0,90.0,90.0,0
2017-10-20,90.0,90.0,90.0,90.0,90.0,0
2017-10-23,90.0,90.0,90.0,90.0,90.0,0
2017-10-24,90.0,90.0,90.0,90.0,90.0,0
2017-10-25,90.0,90.0,90.0,90.0,90.0,0
2017-10-26,90.0,90.0,90.0,90.0,90.0,0
2017-10-27,90.0,90.0,90.0,90.0,90.0,0
2017-10-30,90.0,90.0,90.0,90.0,90.0,0
2017-10-31,90.0,90.0,90.0,90.0,90.0,0
2017-11-01,30.0,30.0,30.0,30.0,30.0,0
2017-11-02,30.0,30.0,30.0,30.0,30.0,0
2017-11-03,30.0,30.0,30.0,30.0,30.0,0
2017-11-06,30.0,30.0,30.0,30.0,30.0,0
2017-11-07,30.0,30.0,30.0,30.0,30.0,0
2017-11-08,30.0,30.0,30.0,30.0,30.0,0
2017-11-09,30.0,30.0,30.0,30.0,30.0,0
2017-11-10,30.0,30.0,30.0,30.0,30.0,0
2017-11-13,30.0,30.0,30.0,30.0,30.0,0
2017-11-14,30.0,30.0,30.0,30.0,30.0,0
2017-11-15,30.0,30.0,30.0,30.0,30.0,0
2017-11-16,30.0,30.0,30.0,30.0,30.0,0
2017-11-17,30.0,30.0,30.0,30.0,30.0,0
2017-11-20,30.0,30.0,30.0,30.0,30.0,0
2017-11-21,30.0,30.0,30.0,30.0,30.0,0
2017-11-22,30.0,30.0,30.0,30.0,30.0,0
2017-11-24,30.0,30.0,30.0,30.0,30.0,0
2017-11-27,30.0,30.0,30.0,30.0,30.0,0
2017-11-28,30.0,30.0,30.0,30.0,30.0,0
2017-11-29,30.0,30.0,30.0,30.0,30.0,0
2017-11-30,30.0,30.0,30.0,30.0,30.0,0
2017-12-01,30.0,30.0,30.0,30.0,30.0,0
2017-12-04,30.0,30.0,30.0,30.0,30.0,0
2017-12-05,30.0,30.0,30.0,30.0,30.0,0
2017-12-06,30.0,30.0,30.0,30.0,30.0,0
2017-12-07,30.0,30.0,30.0,30.0,30.0,0
2017-12-08,30.0,30.0,30.0,30.0,30.0,0
2017-12-11,30.0,30.0,30.0,30.0,30.0,0
2017-12-12,30.0,30.0,30.0,30.0,30.0,0
2017-12-13,30.0,30.0,30.0,30.0,30.0,0
2017-12-14,7.0,7.0,7.5,7.0,7.5,2600
2017-12-15,7.25,7.25,7.5,7.0,7.0,2900
2017-12-18,7.5,7.5,7.5,7.0,7.0,2700
2017-12-19,7.0,7.0,7.0,7.0,7.0,100
2017-12-20,7.0,7.0,7.0,7.0,7.0,100
2017-12-21,7.0,7.0,7.119999885559082,7.0,7.119999885559082,3000
2017-12-22,4.0,4.0,5.5,3.990000009536743,5.0,55600
2017-12-26,4.099999904632568,4.099999904632568,4.349999904632568,4.0,4.005000114440918,29100
2017-12-27,4.0,4.0,4.050000190734863,4.0,4.0,85500
2017-12-28,4.400000095367432,4.400000095367432,4.5,4.0,4.050000190734863,35000
2017-12-29,4.400000095367432,4.400000095367432,4.400000095367432,4.400000095367432,4.400000095367432,0
2018-01-02,4.199999809265137,4.199999809265137,4.199999809265137,4.0,4.0,11400
2018-01-03,4.0,4.0,4.050000190734863,4.0,4.050000190734863,5100
2018-01-04,4.0,4.0,4.010000228881836,4.0,4.010000228881836,13600
2018-01-05,4.0,4.0,4.0,4.0,4.0,22000
2018-01-08,4.150000095367432,4.150000095367432,4.150000095367432,4.139999866485596,4.150000095367432,5100
2018-01-09,4.199999809265137,4.199999809265137,4.25,4.0,4.099999904632568,31900
2018-01-10,4.199999809265137,4.199999809265137,4.5229997634887695,4.050000190734863,4.099999904632568,23900
2018-01-11,4.050000190734863,4.050000190734863,4.139999866485596,4.03000020980835,4.139999866485596,8100
2018-01-12,4.239999771118164,4.239999771118164,4.300000190734863,4.0,4.300000190734863,9600
2018-01-16,4.050000190734863,4.050000190734863,4.050000190734863,3.993000030517578,4.050000190734863,103700
2018-01-17,4.099999904632568,4.099999904632568,4.099999904632568,4.019999980926514,4.025000095367432,21300
2018-01-18,4.050000190734863,4.050000190734863,4.099999904632568,4.0,4.079999923706055,347000
2018-01-19,4.238999843597412,4.238999843597412,4.349999904632568,4.09499979019165,4.349999904632568,43500
2018-01-22,4.050000190734863,4.050000190734863,4.28000020980835,4.050000190734863,4.199999809265137,21900
2018-01-23,4.099999904632568,4.099999904632568,4.099999904632568,4.050000190734863,4.050000190734863,3600
2018-01-24,4.0,4.0,4.050000190734863,4.0,4.050000190734863,4000
2018-01-25,4.0,4.0,4.050000190734863,4.0,4.050000190734863,13900
2018-01-26,4.0,4.0,4.099999904632568,4.0,4.099999904632568,15600
2018-01-29,4.0,4.0,4.000999927520752,3.990000009536743,4.0,29700
2018-01-30,4.0,4.0,4.0,3.809999942779541,4.0,13500
2018-01-31,4.0,4.0,4.0,3.75,3.809999942779541,5800
2018-02-01,4.050000190734863,4.050000190734863,4.050000190734863,3.9000000953674316,4.0,9300
2018-02-02,4.0,4.0,4.099999904632568,3.9200000762939453,3.9200000762939453,23600
2018-02-05,4.079999923706055,4.079999923706055,4.079999923706055,4.079999923706055,4.079999923706055,1500
2018-02-06,3.859999895095825,3.859999895095825,4.0,3.819999933242798,3.819999933242798,1600
2018-02-07,3.9800000190734863,3.9800000190734863,4.0,3.859999895095825,4.0,7600
2018-02-08,3.9800000190734863,3.9800000190734863,3.9800000190734863,3.9800000190734863,3.9800000190734863,0
2018-02-09,3.9800000190734863,3.9800000190734863,3.9800000190734863,3.9800000190734863,3.9800000190734863,0
2018-02-12,4.0,4.0,4.0,3.75,3.9000000953674316,4300
2018-02-13,3.950000047683716,3.950000047683716,3.950000047683716,3.6700000762939453,3.6700000762939453,700
2018-02-14,3.9000000953674316,3.9000000953674316,3.9000000953674316,3.700000047683716,3.7249999046325684,14300
2018-02-15,3.9000000953674316,3.9000000953674316,4.0,3.700000047683716,4.0,21600
2018-02-16,4.050000190734863,4.050000190734863,4.050000190734863,3.950000047683716,3.990000009536743,8000
2018-02-20,4.050000190734863,4.050000190734863,4.050000190734863,4.0,4.0,5100
2018-02-21,4.050000190734863,4.050000190734863,4.050000190734863,4.050000190734863,4.050000190734863,0
2018-02-22,3.825000047683716,3.825000047683716,4.190000057220459,3.809999942779541,4.090000152587891,6100
2018-02-23,4.0,4.0,4.0,3.8299999237060547,3.8299999237060547,1600
2018-02-26,3.9700000286102295,3.9700000286102295,4.019999980926514,3.9000000953674316,3.9100000858306885,17900
2018-02-27,4.079999923706055,4.079999923706055,4.090000152587891,3.950000047683716,4.0,40600
2018-02-28,4.0,4.0,4.400000095367432,4.0,4.239999771118164,35400
2018-03-01,4.039999961853027,4.039999961853027,4.28000020980835,4.0,4.019999980926514,15000
2018-03-02,4.019999980926514,4.019999980926514,4.139999866485596,4.019999980926514,4.139999866485596,15600
2018-03-05,4.010000228881836,4.010000228881836,4.099999904632568,3.75,4.0,8700
2018-03-06,4.179999828338623,4.179999828338623,4.239999771118164,3.940000057220459,4.010000228881836,54900
2018-03-07,3.890000104904175,3.890000104904175,4.050000190734863,3.890000104904175,4.00600004196167,4600
2018-03-08,3.950000047683716,3.950000047683716,4.099999904632568,3.950000047683716,4.099999904632568,8100
2018-03-09,3.9000000953674316,3.9000000953674316,4.0,3.859999895095825,3.859999895095825,22400
2018-03-12,3.869999885559082,3.869999885559082,4.03000020980835,3.859999895095825,4.03000020980835,4400
2018-03-13,4.0,4.0,4.019999980926514,3.8940000534057617,4.019999980926514,5500
2018-03-14,4.0,4.0,4.03000020980835,3.880000114440918,4.0,16400
2018-03-15,3.9000000953674316,3.9000000953674316,3.9000000953674316,3.9000000953674316,3.9000000953674316,100
2018-03-16,3.859999895095825,3.859999895095825,3.9000000953674316,3.859999895095825,3.9000000953674316,10400
2018-03-19,4.0,4.0,4.0,3.880000114440918,3.940000057220459,6800
2018-03-20,3.880000114440918,3.880000114440918,3.890000104904175,3.8499999046325684,3.890000104904175,5300
2018-03-21,3.4600000381469727,3.4600000381469727,3.7899999618530273,3.430000066757202,3.7899999618530273,8500
2018-03-22,3.9700000286102295,3.9700000286102295,3.990000009536743,3.799999952316284,3.799999952316284,7300
2018-03-23,3.950000047683716,3.950000047683716,3.990000009536743,3.799999952316284,3.799999952316284,4400
2018-03-26,3.9000000953674316,3.9000000953674316,3.9600000381469727,3.8499999046325684,3.9600000381469727,5900
2018-03-27,3.9000000953674316,3.9000000953674316,3.9000000953674316,3.819999933242798,3.9000000953674316,5400
2018-03-28,3.8499999046325684,3.8499999046325684,3.8499999046325684,3.799999952316284,3.8499999046325684,6600
2018-03-29,3.799999952316284,3.799999952316284,3.8499999046325684,3.750999927520752,3.7990000247955322,11900
2018-04-02,3.75,3.75,3.75,3.4509999752044678,3.4509999752044678,6300
2018-04-03,3.9000000953674316,3.9000000953674316,3.9000000953674316,3.440999984741211,3.700000047683716,5300
2018-04-04,3.859999895095825,3.859999895095825,3.859999895095825,3.6500000953674316,3.6500000953674316,7000
2018-04-05,3.75,3.75,3.75,3.700000047683716,3.75,9700
2018-04-06,3.819999933242798,3.819999933242798,3.819999933242798,3.450000047683716,3.5999999046325684,11000
2018-04-09,3.819999933242798,3.819999933242798,3.819999933242798,3.440000057220459,3.4700000286102295,6900
2018-04-10,3.7200000286102295,3.7200000286102295,3.75,3.7200000286102295,3.740000009536743,11200
2018-04-11,3.700000047683716,3.700000047683716,3.7899999618530273,3.700000047683716,3.7899999618530273,4900
2018-04-12,3.7699999809265137,3.7699999809265137,3.7699999809265137,3.75,3.75,4700
2018-04-13,3.819999933242798,3.819999933242798,3.819999933242798,3.75,3.75,10700
2018-04-16,3.8299999237060547,3.8299999237060547,3.8299999237060547,3.799999952316284,3.799999952316284,5100
2018-04-17,3.799999952316284,3.799999952316284,3.799999952316284,3.7699999809265137,3.7699999809265137,9700
2018-04-18,3.8299999237060547,3.8299999237060547,3.8299999237060547,3.799999952316284,3.799999952316284,8800
2018-04-19,3.799999952316284,3.799999952316284,3.799999952316284,3.7899999618530273,3.799999952316284,4000
2018-04-20,3.700000047683716,3.700000047683716,3.799999952316284,3.700000047683716,3.799999952316284,4100
2018-04-23,3.700000047683716,3.700000047683716,3.700000047683716,3.5789999961853027,3.700000047683716,5500
2018-04-24,3.700000047683716,3.700000047683716,3.700000047683716,3.509999990463257,3.700000047683716,9100
2018-04-25,3.700000047683716,3.700000047683716,3.700000047683716,3.5999999046325684,3.5999999046325684,6800
2018-04-26,3.700000047683716,3.700000047683716,3.700000047683716,3.700000047683716,3.700000047683716,3700
2018-04-27,3.799999952316284,3.799999952316284,3.799999952316284,3.7100000381469727,3.7100000381469727,3700
2018-04-30,3.8499999046325684,3.8499999046325684,3.8499999046325684,3.671999931335449,3.799999952316284,16800
2018-05-01,3.799999952316284,3.799999952316284,3.799999952316284,3.630000114440918,3.6600000858306885,20900
2018-05-02,3.799999952316284,3.799999952316284,3.799999952316284,3.6110000610351562,3.6110000610351562,3700
2018-05-03,3.799999952316284,3.799999952316284,3.799999952316284,3.5799999237060547,3.799999952316284,6600
2018-05-04,3.8499999046325684,3.8499999046325684,3.8499999046325684,3.75,3.75,4000
2018-05-07,3.8499999046325684,3.8499999046325684,3.8499999046325684,3.5,3.5999999046325684,5500
2018-05-08,3.9000000953674316,3.9000000953674316,3.9000000953674316,3.506999969482422,3.8499999046325684,7100
2018-05-09,3.630000114440918,3.630000114440918,3.950000047683716,3.563999891281128,3.950000047683716,7500
2018-05-10,3.6700000762939453,3.6700000762939453,4.0,3.6600000858306885,3.7300000190734863,35000
2018-05-11,3.8299999237060547,3.8299999237060547,3.9600000381469727,3.6500000953674316,3.7100000381469727,2300
2018-05-14,3.9000000953674316,3.9000000953674316,3.9000000953674316,3.5999999046325684,3.859999895095825,6000
2018-05-15,4.150000095367432,4.150000095367432,4.150000095367432,3.9000000953674316,3.9000000953674316,22100
2018-05-16,4.224999904632568,4.224999904632568,4.224999904632568,3.9800000190734863,4.099999904632568,8900
2018-05-17,6.949999809265137,6.949999809265137,7.019999980926514,3.799999952316284,3.799999952316284,14700
2018-05-18,4.940000057220459,4.940000057220459,10.25,4.679999828338623,6.980000019073486,1461500
2018-05-21,4.199999809265137,4.199999809265137,5.75,3.799999952316284,5.019999980926514,313300
2018-05-22,4.070000171661377,4.070000171661377,5.0,3.700000047683716,4.230000019073486,237000
2018-05-23,4.090000152587891,4.090000152587891,4.199999809265137,3.5309998989105225,4.039999961853027,88800
2018-05-24,3.950000047683716,3.950000047683716,4.144000053405762,3.569999933242798,4.119999885559082,56000
2018-05-25,3.8450000286102295,3.8450000286102295,3.950000047683716,3.6600000858306885,3.690000057220459,44100
2018-05-29,4.179999828338623,4.179999828338623,4.5,3.7799999713897705,3.7899999618530273,124300
2018-05-30,4.010000228881836,4.010000228881836,4.300000190734863,3.819000005722046,4.0,62400
2018-05-31,4.210000038146973,4.210000038146973,4.389999866485596,4.011000156402588,4.210000038146973,98400
2018-06-01,4.449999809265137,4.449999809265137,4.480000019073486,4.230000019073486,4.380000114440918,34200
2018-06-04,5.559999942779541,5.559999942779541,5.739999771118164,4.239999771118164,4.449999809265137,172400
2018-06-05,4.809999942779541,4.809999942779541,5.769999980926514,4.769999980926514,5.5,108100
2018-06-06,5.340000152587891,5.340000152587891,5.619999885559082,4.840000152587891,4.8470001220703125,81900
2018-06-07,5.449999809265137,5.449999809265137,5.800000190734863,5.230000019073486,5.300000190734863,96600
2018-06-08,5.21999979019165,5.21999979019165,5.570000171661377,4.880000114440918,5.420000076293945,25500
2018-06-11,7.400000095367432,7.400000095367432,8.100000381469727,5.309999942779541,5.309999942779541,674600
2018-06-12,7.050000190734863,7.050000190734863,8.6899995803833,6.289999961853027,7.099999904632568,490100
2018-06-13,7.139999866485596,7.139999866485596,7.400000095367432,6.65500020980835,6.96999979019165,362400
2018-06-14,7.699999809265137,7.699999809265137,8.369999885559082,7.489999771118164,7.510000228881836,381400
2018-06-15,8.319999694824219,8.319999694824219,8.600000381469727,7.710000038146973,7.769999980926514,759500
2018-06-18,8.680000305175781,8.680000305175781,9.0,7.988999843597412,8.289999961853027,263100
2018-06-19,9.520000457763672,9.520000457763672,9.520000457763672,8.414999961853027,8.819999694824219,358900
2018-06-20,10.430000305175781,10.430000305175781,11.109999656677246,9.260000228881836,9.460000038146973,313500
2018-06-21,9.1899995803833,9.1899995803833,10.789999961853027,8.319999694824219,10.449999809265137,371700
2018-06-22,7.900000095367432,7.900000095367432,10.510000228881836,7.25,9.119999885559082,2155400
2018-06-25,6.190000057220459,6.190000057220459,8.029999732971191,6.0,7.889999866485596,505500
2018-06-26,6.340000152587891,6.340000152587891,7.099999904632568,6.165999889373779,6.239999771118164,325100
2018-06-27,6.010000228881836,6.010000228881836,7.0,5.849999904632568,6.300000190734863,230500
2018-06-28,5.760000228881836,5.760000228881836,6.019999980926514,5.349999904632568,6.019999980926514,244900
2018-06-29,5.769999980926514,5.769999980926514,5.974999904632568,5.670000076293945,5.809999942779541,148200
2018-07-02,5.769999980926514,5.769999980926514,6.010000228881836,5.699999809265137,5.78000020980835,83000
2018-07-03,6.03000020980835,6.03000020980835,6.210000038146973,5.6570000648498535,5.659999847412109,82000
2018-07-05,5.880000114440918,5.880000114440918,6.198999881744385,5.800000190734863,6.019999980926514,109400
2018-07-06,5.949999809265137,5.949999809265137,6.0,5.699999809265137,5.699999809265137,29300
2018-07-09,5.989999771118164,5.989999771118164,6.0,5.801000118255615,5.801000118255615,56100
2018-07-10,5.929999828338623,5.929999828338623,6.010000228881836,5.800000190734863,6.010000228881836,85500
2018-07-11,5.860000133514404,5.860000133514404,6.0,5.820000171661377,5.929999828338623,68700
2018-07-12,5.409999847412109,5.409999847412109,5.840000152587891,5.380000114440918,5.840000152587891,67800
2018-07-13,5.539999961853027,5.539999961853027,5.710000038146973,5.400000095367432,5.400000095367432,36300
2018-07-16,5.289999961853027,5.289999961853027,5.539999961853027,5.199999809265137,5.53000020980835,55600
2018-07-17,5.059999942779541,5.059999942779541,5.25,4.989999771118164,5.25,41800
2018-07-18,5.130000114440918,5.130000114440918,5.230000019073486,5.090000152587891,5.210000038146973,19200
2018-07-19,5.119999885559082,5.119999885559082,5.449999809265137,5.114999771118164,5.119999885559082,47600
2018-07-20,4.96999979019165,4.96999979019165,5.130000114440918,4.909999847412109,5.130000114440918,50100
2018-07-23,5.039999961853027,5.039999961853027,5.110000133514404,4.760000228881836,5.110000133514404,62100
2018-07-24,5.380000114440918,5.380000114440918,5.619999885559082,4.980000019073486,5.03000020980835,91500
2018-07-25,5.480000019073486,5.480000019073486,5.550000190734863,5.114999771118164,5.360000133514404,30400
2018-07-26,5.360000133514404,5.360000133514404,5.849999904632568,5.25,5.46999979019165,35100
2018-07-27,4.960000038146973,4.960000038146973,5.579999923706055,4.9079999923706055,5.360000133514404,43100
2018-07-30,4.710000038146973,4.710000038146973,5.960000038146973,4.670000076293945,5.960000038146973,51100
2018-07-31,4.78000020980835,4.78000020980835,4.849999904632568,4.551000118255615,4.690000057220459,20500
2018-08-01,4.650000095367432,4.650000095367432,5.139999866485596,4.599999904632568,4.710000038146973,32200
2018-08-02,4.829999923706055,4.829999923706055,4.880000114440918,4.570000171661377,4.659999847412109,53500
2018-08-03,4.710000038146973,4.710000038146973,4.829999923706055,4.559999942779541,4.78000020980835,48800
2018-08-06,4.5,4.5,5.03000020980835,4.480000019073486,4.940000057220459,49300
2018-08-07,4.980000019073486,4.980000019073486,5.019999980926514,4.53000020980835,4.828999996185303,39800
2018-08-08,5.0,5.0,5.050000190734863,4.84499979019165,5.019999980926514,9600
2018-08-09,4.949999809265137,4.949999809265137,5.0,4.795000076293945,4.853000164031982,8600
2018-08-10,4.650000095367432,4.650000095367432,4.849999904632568,4.650000095367432,4.849999904632568,16700
2018-08-13,4.630000114440918,4.630000114440918,4.940000057220459,4.599999904632568,4.599999904632568,35300
2018-08-14,4.619999885559082,4.619999885559082,4.960000038146973,4.599999904632568,4.690999984741211,27400
2018-08-15,4.46999979019165,4.46999979019165,4.650000095367432,4.420000076293945,4.599999904632568,19600
2018-08-16,4.369999885559082,4.369999885559082,4.460000038146973,4.160999774932861,4.460000038146973,44800
2018-08-17,4.460000038146973,4.460000038146973,4.665999889373779,4.389999866485596,4.389999866485596,37600
2018-08-20,4.389999866485596,4.389999866485596,4.480000019073486,4.25,4.440000057220459,40100
2018-08-21,4.210000038146973,4.210000038146973,4.349999904632568,4.210000038146973,4.349999904632568,52600
2018-08-22,4.460000038146973,4.460000038146973,4.5970001220703125,4.210000038146973,4.210000038146973,78300
2018-08-23,4.380000114440918,4.380000114440918,4.619999885559082,4.309999942779541,4.480000019073486,10000
2018-08-24,4.460000038146973,4.460000038146973,4.599999904632568,4.429999828338623,4.46999979019165,36300
2018-08-27,4.360000133514404,4.360000133514404,4.599999904632568,4.25,4.550000190734863,38700
2018-08-28,4.460000038146973,4.460000038146973,4.534999847412109,4.400000095367432,4.409999847412109,19300
2018-08-29,4.400000095367432,4.400000095367432,4.599999904632568,4.329999923706055,4.599999904632568,31400
2018-08-30,4.489999771118164,4.489999771118164,4.550000190734863,4.460000038146973,4.550000190734863,28800
2018-08-31,5.070000171661377,5.070000171661377,5.110000133514404,4.440000057220459,4.440000057220459,68400
2018-09-04,5.440000057220459,5.440000057220459,5.550000190734863,5.159999847412109,5.260000228881836,123600
2018-09-05,5.420000076293945,5.420000076293945,5.630000114440918,5.039999961853027,5.630000114440918,69700
2018-09-06,5.170000076293945,5.170000076293945,5.579999923706055,5.010000228881836,5.539999961853027,42600
2018-09-07,4.889999866485596,4.889999866485596,5.165999889373779,4.820000171661377,5.150000095367432,37300
2018-09-10,4.929999828338623,4.929999828338623,5.210000038146973,4.809999942779541,5.0,17300
2018-09-11,4.989999771118164,4.989999771118164,5.110000133514404,4.96999979019165,5.110000133514404,7100
2018-09-12,5.0,5.0,5.204999923706055,4.909999847412109,5.0,18500
2018-09-13,4.800000190734863,4.800000190734863,5.0,4.71999979019165,5.0,20000
2018-09-14,4.849999904632568,4.849999904632568,5.110000133514404,4.820000171661377,4.840000152587891,59100
2018-09-17,4.659999847412109,4.659999847412109,4.909999847412109,4.619999885559082,4.820000171661377,40400
2018-09-18,4.519999980926514,4.519999980926514,4.730000019073486,4.25,4.730000019073486,28200
2018-09-19,4.75,4.75,4.940000057220459,4.53000020980835,4.53000020980835,10700
2018-09-20,4.78000020980835,4.78000020980835,4.900000095367432,4.739999771118164,4.78000020980835,12200
2018-09-21,3.509999990463257,3.509999990463257,4.820000171661377,3.509999990463257,4.789999961853027,354100
2018-09-24,4.050000190734863,4.050000190734863,4.170000076293945,3.450000047683716,3.690000057220459,245400
2018-09-25,3.9600000381469727,3.9600000381469727,4.110000133514404,3.8399999141693115,4.110000133514404,68500
2018-09-26,4.150000095367432,4.150000095367432,4.230000019073486,4.0,4.079999923706055,53300
2018-09-27,4.070000171661377,4.070000171661377,4.230000019073486,3.859999895095825,4.139999866485596,44400
2018-09-28,3.9200000762939453,3.9200000762939453,4.130000114440918,3.9000000953674316,4.039000034332275,47000
2018-10-01,3.7799999713897705,3.7799999713897705,3.990000009536743,3.630000114440918,3.940000057220459,53700
2018-10-02,3.690000057220459,3.690000057220459,3.930000066757202,3.6440000534057617,3.740000009536743,32100
2018-10-03,3.7899999618530273,3.7899999618530273,3.8299999237060547,3.5999999046325684,3.7100000381469727,58600
2018-10-04,3.630000114440918,3.630000114440918,3.869999885559082,3.559999942779541,3.75,53300
2018-10-05,3.450000047683716,3.450000047683716,3.7200000286102295,3.359999895095825,3.609999895095825,107100
2018-10-08,3.25,3.25,3.680000066757202,2.890000104904175,3.450000047683716,102700
2018-10-09,2.8399999141693115,2.8399999141693115,3.259999990463257,2.640000104904175,3.049999952316284,102700
2018-10-10,2.7699999809265137,2.7699999809265137,3.0999999046325684,2.7300000190734863,2.859999895095825,115300
2018-10-11,2.799999952316284,2.799999952316284,2.869999885559082,2.759999990463257,2.7699999809265137,25100
2018-10-12,2.8299999237060547,2.8299999237060547,2.990000009536743,2.759999990463257,2.8399999141693115,61200
2018-10-15,2.859999895095825,2.859999895095825,3.134999990463257,2.8299999237060547,2.940000057220459,79100
2018-10-16,3.069999933242798,3.069999933242798,3.200000047683716,2.869999885559082,2.869999885559082,41100
2018-10-17,3.0799999237060547,3.0799999237060547,3.119999885559082,2.9700000286102295,3.0199999809265137,14400
2018-10-18,2.9800000190734863,2.9800000190734863,3.059999942779541,2.940000057220459,3.0399999618530273,10000
2018-10-19,2.7699999809265137,2.7699999809265137,3.0299999713897705,2.759999990463257,3.009999990463257,46800
2018-10-22,2.6600000858306885,2.6600000858306885,3.0,2.609999895095825,2.7899999618530273,33200
2018-10-23,2.6600000858306885,2.6600000858306885,2.7300000190734863,2.5199999809265137,2.5999999046325684,28100
2018-10-24,2.819999933242798,2.819999933242798,2.8299999237060547,2.565000057220459,2.6600000858306885,36300
2018-10-25,2.8499999046325684,2.8499999046325684,2.9000000953674316,2.640000104904175,2.819999933242798,32400
2018-10-26,2.940000057220459,2.940000057220459,2.950000047683716,2.690000057220459,2.819999933242798,54500
2018-10-29,2.9100000858306885,2.9100000858306885,3.1700000762939453,2.7899999618530273,2.9700000286102295,20600
2018-10-30,2.930000066757202,2.930000066757202,3.184999942779541,2.859999895095825,2.9100000858306885,23000
2018-10-31,2.9600000381469727,2.9600000381469727,3.069999933242798,2.880000114440918,2.9700000286102295,21300
2018-11-01,3.049999952316284,3.049999952316284,3.1500000953674316,2.9800000190734863,3.009999990463257,26800
2018-11-02,3.109999895095825,3.109999895095825,3.1700000762939453,3.0199999809265137,3.0899999141693115,21900
2018-11-05,3.049999952316284,3.049999952316284,3.130000114440918,3.049999952316284,3.130000114440918,14500
2018-11-06,3.200000047683716,3.200000047683716,3.259999990463257,3.059999942779541,3.059999942779541,29100
2018-11-07,3.25,3.25,3.5999999046325684,3.190000057220459,3.190000057220459,35300
2018-11-08,3.6600000858306885,3.6600000858306885,3.740000009536743,3.299999952316284,3.299999952316284,47400
2018-11-09,4.050000190734863,4.050000190734863,4.050000190734863,3.7699999809265137,3.9000000953674316,113600
2018-11-12,4.21999979019165,4.21999979019165,4.360000133514404,3.8299999237060547,4.090000152587891,54000
2018-11-13,4.199999809265137,4.199999809265137,4.604000091552734,4.0,4.300000190734863,110300
2018-11-14,3.75,3.75,4.329999923706055,3.4000000953674316,4.289999961853027,59100
2018-11-15,3.890000104904175,3.890000104904175,4.090000152587891,3.75,3.75,17100
2018-11-16,4.050000190734863,4.050000190734863,4.144999980926514,3.799999952316284,3.880000114440918,40400
2018-11-19,3.880000114440918,3.880000114440918,4.199999809265137,3.799999952316284,4.070000171661377,21700
2018-11-20,3.869999885559082,3.869999885559082,3.9200000762939453,3.7899999618530273,3.7899999618530273,9900
2018-11-21,4.21999979019165,4.21999979019165,4.340000152587891,3.990000009536743,3.990000009536743,48600
2018-11-23,4.349999904632568,4.349999904632568,4.349999904632568,4.03000020980835,4.21999979019165,9900
2018-11-26,5.0,5.0,5.320000171661377,4.300000190734863,4.349999904632568,146300
2018-11-27,4.599999904632568,4.599999904632568,4.989999771118164,4.559000015258789,4.989999771118164,114400
2018-11-28,4.840000152587891,4.840000152587891,5.050000190734863,4.630000114440918,4.659999847412109,98000
2018-11-29,4.96999979019165,4.96999979019165,5.005000114440918,4.800000190734863,4.800000190734863,100400
2018-11-30,5.090000152587891,5.090000152587891,5.480000019073486,4.855000019073486,4.949999809265137,200100
2018-12-03,5.46999979019165,5.46999979019165,5.539999961853027,5.005000114440918,5.159999847412109,119600
2018-12-04,5.210000038146973,5.210000038146973,5.75,5.03000020980835,5.519999980926514,85100
2018-12-06,4.630000114440918,4.630000114440918,5.335000038146973,4.630000114440918,4.96999979019165,103800
2018-12-07,4.849999904632568,4.849999904632568,5.150000095367432,4.501999855041504,4.639999866485596,79200
2018-12-10,4.900000095367432,4.900000095367432,4.909999847412109,4.449999809265137,4.840000152587891,74500
2018-12-11,4.980000019073486,4.980000019073486,5.050000190734863,4.900000095367432,4.900000095367432,90500
2018-12-12,5.309999942779541,5.309999942779541,5.590000152587891,4.989999771118164,4.989999771118164,79100
2018-12-13,4.739999771118164,4.739999771118164,5.5,4.445000171661377,5.289999961853027,83900
2018-12-14,5.460000038146973,5.460000038146973,5.739999771118164,4.466000080108643,4.739999771118164,89000
2018-12-17,4.639999866485596,4.639999866485596,5.599999904632568,4.074999809265137,5.460000038146973,240500
2018-12-18,4.309999942779541,4.309999942779541,4.889999866485596,4.179999828338623,4.409999847412109,123700
2018-12-19,4.099999904632568,4.099999904632568,4.659999847412109,4.0,4.289999961853027,109500
2018-12-20,4.139999866485596,4.139999866485596,4.420000076293945,3.7100000381469727,4.25,164400
2018-12-21,4.630000114440918,4.630000114440918,4.730000019073486,4.014999866485596,4.139999866485596,2174400
2018-12-24,4.380000114440918,4.380000114440918,4.739999771118164,4.03000020980835,4.5,144100
2018-12-26,4.150000095367432,4.150000095367432,4.440000057220459,3.950000047683716,4.440000057220459,179500
2018-12-27,4.909999847412109,4.909999847412109,5.630000114440918,4.119999885559082,4.150000095367432,757500
2018-12-28,4.900000095367432,4.900000095367432,5.008999824523926,4.840000152587891,4.960000038146973,197000
2018-12-31,4.949999809265137,4.949999809265137,5.203000068664551,4.699999809265137,4.889999866485596,120900
2019-01-02,5.730000019073486,5.730000019073486,5.730000019073486,4.800000190734863,4.929999828338623,103200
2019-01-03,5.539999961853027,5.539999961853027,5.800000190734863,5.119999885559082,5.630000114440918,112900
2019-01-04,6.0,6.0,6.0,5.249000072479248,5.650000095367432,65300
2019-01-07,5.860000133514404,5.860000133514404,6.360000133514404,5.659999847412109,6.0,123700
2019-01-08,5.940000057220459,5.940000057220459,6.0,5.610000133514404,5.920000076293945,53800
2019-01-09,6.239999771118164,6.239999771118164,7.0,5.949999809265137,5.949999809265137,227700
2019-01-10,6.039999961853027,6.039999961853027,6.260000228881836,5.900000095367432,6.239999771118164,56200
2019-01-11,6.210000038146973,6.210000038146973,6.25,5.909999847412109,6.010000228881836,21200
2019-01-14,6.429999828338623,6.429999828338623,6.480000019073486,6.050000190734863,6.190000057220459,91300
2019-01-15,6.949999809265137,6.949999809265137,7.150000095367432,6.320000171661377,6.5,159200
2019-01-16,6.590000152587891,6.590000152587891,6.949999809265137,6.449999809265137,6.909999847412109,53400
2019-01-17,6.920000076293945,6.920000076293945,6.920000076293945,6.5,6.5,64700
2019-01-18,6.590000152587891,6.590000152587891,6.800000190734863,6.550000190734863,6.800000190734863,40200
2019-01-22,6.309999942779541,6.309999942779541,6.840000152587891,6.050000190734863,6.570000171661377,48100
2019-01-23,6.25,6.25,6.389999866485596,6.01200008392334,6.309999942779541,35900
2019-01-24,6.070000171661377,6.070000171661377,6.25,6.019999980926514,6.25,82600
2019-01-25,6.429999828338623,6.429999828338623,6.480000019073486,6.079999923706055,6.090000152587891,44200
2019-01-28,6.269999980926514,6.269999980926514,6.75,6.21999979019165,6.340000152587891,57000
2019-01-29,6.0,6.0,6.309999942779541,5.989999771118164,6.309999942779541,64600
2019-01-30,5.869999885559082,5.869999885559082,6.340000152587891,5.829999923706055,6.039999961853027,37000
2019-01-31,6.090000152587891,6.090000152587891,6.800000190734863,5.53000020980835,5.869999885559082,101200
2019-02-01,5.820000171661377,5.820000171661377,6.420000076293945,5.639999866485596,6.090000152587891,55200
2019-02-04,5.210000038146973,5.210000038146973,5.809999942779541,5.110000133514404,5.809999942779541,60600
2019-02-05,5.840000152587891,5.840000152587891,5.849999904632568,5.130000114440918,5.329999923706055,53500
2019-02-06,5.579999923706055,5.579999923706055,6.150000095367432,5.559999942779541,5.840000152587891,20100
2019-02-07,5.329999923706055,5.329999923706055,5.860000133514404,5.25,5.510000228881836,26000
2019-02-08,5.539999961853027,5.539999961853027,5.640999794006348,5.260000228881836,5.349999904632568,40400
2019-02-11,5.460000038146973,5.460000038146973,5.675000190734863,5.329999923706055,5.519999980926514,26400
2019-02-12,5.639999866485596,5.639999866485596,5.989999771118164,5.510000228881836,5.539999961853027,67500
2019-02-13,5.690000057220459,5.690000057220459,6.130000114440918,5.4770002365112305,5.800000190734863,55700
2019-02-14,5.679999828338623,5.679999828338623,5.909999847412109,5.670000076293945,5.679999828338623,49900
2019-02-15,5.78000020980835,5.78000020980835,6.0,5.699999809265137,5.699999809265137,80800
2019-02-19,5.789999961853027,5.789999961853027,5.960000038146973,5.760000228881836,5.769999980926514,46000
2019-02-20,5.699999809265137,5.699999809265137,5.949999809265137,5.599999904632568,5.829999923706055,65800
2019-02-21,5.96999979019165,5.96999979019165,6.059999942779541,5.71999979019165,5.760000228881836,82100
2019-02-22,6.179999828338623,6.179999828338623,6.429999828338623,6.070000171661377,6.079999923706055,189600
2019-02-25,6.360000133514404,6.360000133514404,6.610000133514404,6.099999904632568,6.360000133514404,141000
2019-02-26,6.71999979019165,6.71999979019165,7.232999801635742,6.5,6.5,443800
2019-02-27,6.03000020980835,6.03000020980835,6.739999771118164,5.789999961853027,6.739999771118164,157700
2019-02-28,5.949999809265137,5.949999809265137,6.460000038146973,5.922999858856201,6.460000038146973,51900
2019-03-01,5.989999771118164,5.989999771118164,6.199999809265137,5.702000141143799,6.050000190734863,38400
2019-03-04,5.78000020980835,5.78000020980835,6.184000015258789,5.710000038146973,6.099999904632568,63800
2019-03-05,6.150000095367432,6.150000095367432,6.21999979019165,5.630000114440918,6.0,76200
2019-03-06,5.260000228881836,5.260000228881836,6.239999771118164,5.0,6.239999771118164,111000
2019-03-07,5.320000171661377,5.320000171661377,5.570000171661377,5.050000190734863,5.25,109300
2019-03-08,5.289999961853027,5.289999961853027,5.440000057220459,5.170000076293945,5.340000152587891,45700
2019-03-11,5.739999771118164,5.739999771118164,5.889999866485596,5.179999828338623,5.300000190734863,76200
2019-03-12,5.739999771118164,5.739999771118164,6.260000228881836,5.659999847412109,5.769999980926514,56100
2019-03-13,6.099999904632568,6.099999904632568,6.214000225067139,5.769999980926514,5.769999980926514,67900
2019-03-14,5.75,5.75,6.230000019073486,5.710000038146973,6.070000171661377,44300
2019-03-15,6.21999979019165,6.21999979019165,6.340000152587891,5.71999979019165,5.769999980926514,453200
2019-03-18,6.309999942779541,6.309999942779541,6.489999771118164,5.909999847412109,6.28000020980835,62700
2019-03-19,6.28000020980835,6.28000020980835,6.599999904632568,6.03000020980835,6.599999904632568,90700
2019-03-20,6.179999828338623,6.179999828338623,6.329999923706055,6.03000020980835,6.051000118255615,46800
2019-03-21,6.170000076293945,6.170000076293945,6.480000019073486,5.949999809265137,6.199999809265137,48500
2019-03-22,5.730000019073486,5.730000019073486,6.070000171661377,5.550000190734863,6.070000171661377,61000
2019-03-25,5.760000228881836,5.760000228881836,5.960000038146973,5.46999979019165,5.730000019073486,59300
2019-03-26,5.329999923706055,5.329999923706055,5.860000133514404,5.260000228881836,5.860000133514404,69600
2019-03-27,5.239999771118164,5.239999771118164,5.552999973297119,5.019999980926514,5.5279998779296875,99100
2019-03-28,5.389999866485596,5.389999866485596,5.46999979019165,5.150000095367432,5.22599983215332,35200
2019-03-29,5.380000114440918,5.380000114440918,5.71999979019165,5.349999904632568,5.460000038146973,101400
2019-04-01,5.46999979019165,5.46999979019165,5.480000019073486,5.23199987411499,5.460000038146973,37100
2019-04-02,5.449999809265137,5.449999809265137,5.519999980926514,5.230000019073486,5.519999980926514,33200
2019-04-03,5.349999904632568,5.349999904632568,5.519999980926514,5.170000076293945,5.519999980926514,36400
2019-04-04,5.199999809265137,5.199999809265137,5.329999923706055,5.0,5.329999923706055,100300
2019-04-05,5.179999828338623,5.179999828338623,5.329999923706055,4.96999979019165,5.230000019073486,54400
2019-04-08,5.159999847412109,5.159999847412109,5.21999979019165,4.570000171661377,5.159999847412109,33700
2019-04-09,5.0,5.0,5.125,4.909999847412109,5.073999881744385,40800
2019-04-10,5.03000020980835,5.03000020980835,5.099999904632568,4.53000020980835,4.989999771118164,47900
2019-04-11,4.739999771118164,4.739999771118164,5.21999979019165,4.679999828338623,5.03000020980835,36900
2019-04-12,4.71999979019165,4.71999979019165,4.800000190734863,4.46999979019165,4.800000190734863,48900
2019-04-15,4.869999885559082,4.869999885559082,4.980000019073486,4.659999847412109,4.955999851226807,58900
2019-04-16,5.110000133514404,5.110000133514404,5.179999828338623,4.869999885559082,4.920000076293945,38900
2019-04-17,5.0,5.0,5.190000057220459,4.809999942779541,5.085000038146973,39100
2019-04-18,5.0,5.0,5.190000057220459,4.929999828338623,4.929999828338623,55800
2019-04-22,4.619999885559082,4.619999885559082,5.119999885559082,4.550000190734863,5.03000020980835,33000
2019-04-23,4.579999923706055,4.579999923706055,4.734000205993652,4.480000019073486,4.630000114440918,31000
2019-04-24,4.610000133514404,4.610000133514404,5.0,4.519999980926514,5.0,39400
2019-04-25,4.519999980926514,4.519999980926514,4.809999942779541,4.440000057220459,4.599999904632568,35600
2019-04-26,4.78000020980835,4.78000020980835,4.789999961853027,4.480000019073486,4.550000190734863,63200
2019-04-29,4.909999847412109,4.909999847412109,4.989999771118164,4.739999771118164,4.789999961853027,29400
2019-04-30,4.96999979019165,4.96999979019165,5.0,4.820000171661377,4.929999828338623,115000
2019-05-01,4.659999847412109,4.659999847412109,5.03000020980835,4.650000095367432,5.019999980926514,36500
2019-05-02,4.710000038146973,4.710000038146973,5.026000022888184,4.650000095367432,4.960000038146973,85700
2019-05-03,4.880000114440918,4.880000114440918,4.949999809265137,4.75,4.769999980926514,22100
2019-05-06,4.929999828338623,4.929999828338623,5.099999904632568,4.71999979019165,4.760000228881836,29100
2019-05-07,4.800000190734863,4.800000190734863,5.099999904632568,4.699999809265137,4.869999885559082,93100
2019-05-08,5.010000228881836,5.010000228881836,5.190000057220459,4.860000133514404,4.860000133514404,74100
2019-05-09,4.809999942779541,4.809999942779541,5.190000057220459,4.809999942779541,5.010000228881836,49100
2019-05-10,4.96999979019165,4.96999979019165,5.039999961853027,4.710000038146973,4.813000202178955,42500
2019-05-13,4.699999809265137,4.699999809265137,4.940000057220459,4.650000095367432,4.809999942779541,62900
2019-05-14,4.75,4.75,4.840000152587891,4.650000095367432,4.703999996185303,46600
2019-05-15,4.579999923706055,4.579999923706055,4.670000076293945,4.460000038146973,4.670000076293945,97200
2019-05-16,4.360000133514404,4.360000133514404,4.690000057220459,4.199999809265137,4.630000114440918,59800
2019-05-17,4.25,4.25,4.438000202178955,4.139999866485596,4.360000133514404,45700
2019-05-20,4.230000019073486,4.230000019073486,4.289999961853027,4.050000190734863,4.230000019073486,27700
2019-05-21,4.239999771118164,4.239999771118164,4.25,4.111999988555908,4.21999979019165,30900
2019-05-22,4.260000228881836,4.260000228881836,4.309999942779541,4.179999828338623,4.239999771118164,36700
2019-05-23,4.0,4.0,4.239999771118164,3.990000009536743,4.239999771118164,42100
2019-05-24,4.110000133514404,4.110000133514404,4.199999809265137,4.050000190734863,4.089000225067139,38800
2019-05-28,4.099999904632568,4.099999904632568,4.130000114440918,4.079999923706055,4.110000133514404,14900
2019-05-29,3.819999933242798,3.819999933242798,4.079999923706055,3.6700000762939453,4.079999923706055,26600
2019-05-30,3.759999990463257,3.759999990463257,3.819999933242798,3.75,3.7920000553131104,41000
2019-05-31,3.7799999713897705,3.7799999713897705,3.809999942779541,3.5999999046325684,3.75,36200
2019-06-03,3.7100000381469727,3.7100000381469727,3.8499999046325684,3.5799999237060547,3.75,42400
2019-06-04,3.5399999618530273,3.5399999618530273,3.740000009536743,3.5299999713897705,3.740000009536743,31500
2019-06-05,3.359999895095825,3.359999895095825,3.549999952316284,3.140000104904175,3.549999952316284,53600
2019-06-06,3.640000104904175,3.640000104904175,3.6700000762939453,3.299999952316284,3.299999952316284,94800
2019-06-07,3.509999990463257,3.509999990463257,3.7200000286102295,3.5,3.5,102600
2019-06-10,3.559999942779541,3.559999942779541,3.700000047683716,3.5,3.5299999713897705,73800
2019-06-11,3.5299999713897705,3.5299999713897705,3.615999937057495,3.5,3.615999937057495,100600
2019-06-12,3.7200000286102295,3.7200000286102295,3.7200000286102295,3.299999952316284,3.559999942779541,45500
2019-06-13,3.6500000953674316,3.6500000953674316,3.7699999809265137,3.2899999618530273,3.7699999809265137,36700
2019-06-14,3.609999895095825,3.609999895095825,3.7100000381469727,3.4630000591278076,3.7100000381469727,28200
2019-06-17,3.7300000190734863,3.7300000190734863,3.7300000190734863,3.4600000381469727,3.5999999046325684,35900
2019-06-18,3.7200000286102295,3.7200000286102295,3.7300000190734863,3.5399999618530273,3.7300000190734863,20500
2019-06-19,3.8499999046325684,3.8499999046325684,3.880000114440918,3.561000108718872,3.690000057220459,29800
2019-06-20,3.869999885559082,3.869999885559082,3.950000047683716,3.809999942779541,3.809999942779541,23500
2019-06-21,4.010000228881836,4.010000228881836,4.079999923706055,3.549999952316284,3.8399999141693115,80800
2019-06-24,4.170000076293945,4.170000076293945,4.300000190734863,3.9100000858306885,4.010000228881836,48400
2019-06-25,4.349999904632568,4.349999904632568,4.474999904632568,4.130000114440918,4.21999979019165,85100
2019-06-26,4.489999771118164,4.489999771118164,4.599999904632568,4.190000057220459,4.199999809265137,157400
2019-06-27,4.150000095367432,4.150000095367432,4.489999771118164,4.010000228881836,4.489999771118164,85800
2019-06-28,4.150000095367432,4.150000095367432,4.289999961853027,4.010000228881836,4.099999904632568,345200
2019-07-01,3.7899999618530273,3.7899999618530273,4.199999809265137,3.7249999046325684,4.199999809265137,98300
2019-07-02,3.640000104904175,3.640000104904175,4.010000228881836,3.5999999046325684,4.0,67900
2019-07-03,3.630000114440918,3.630000114440918,3.6600000858306885,3.4700000286102295,3.6600000858306885,27500
2019-07-05,3.380000114440918,3.380000114440918,3.5999999046325684,3.059999942779541,3.549999952316284,86500
2019-07-08,3.180000066757202,3.180000066757202,3.4100000858306885,3.109999895095825,3.4100000858306885,99200
2019-07-09,2.930000066757202,2.930000066757202,3.180000066757202,2.9000000953674316,3.180000066757202,88400
2019-07-10,3.0199999809265137,3.0199999809265137,3.0840001106262207,2.799999952316284,2.950000047683716,84200
2019-07-11,2.890000104904175,2.890000104904175,3.049999952316284,2.859999895095825,3.0199999809265137,42900
2019-07-12,2.75,2.75,2.890000104904175,2.75,2.869999885559082,85300
2019-07-15,2.9200000762939453,2.9200000762939453,2.930000066757202,2.6500000953674316,2.7799999713897705,58100
2019-07-16,2.9000000953674316,2.9000000953674316,2.940000057220459,2.819999933242798,2.9200000762939453,35500
2019-07-17,2.7300000190734863,2.7300000190734863,3.009999990463257,2.7100000381469727,2.9000000953674316,138000
2019-07-18,2.450000047683716,2.450000047683716,2.759999990463257,2.259999990463257,2.75,161400
2019-07-19,2.5299999713897705,2.5299999713897705,2.619999885559082,2.375,2.430000066757202,57700
2019-07-22,2.5999999046325684,2.5999999046325684,2.6700000762939453,2.4809999465942383,2.5299999713897705,204600
2019-07-23,2.380000114440918,2.380000114440918,2.609999895095825,2.369999885559082,2.609999895095825,80300
2019-07-24,2.3499999046325684,2.3499999046325684,2.4600000381469727,2.2200000286102295,2.4000000953674316,111700
2019-07-25,2.1700000762939453,2.1700000762939453,2.4140000343322754,2.119999885559082,2.3499999046325684,98500
2019-07-26,2.759999990463257,2.759999990463257,2.880000114440918,2.1700000762939453,2.1700000762939453,264500
2019-07-29,2.690000057220459,2.690000057220459,2.819999933242798,2.549999952316284,2.7799999713897705,181100
2019-07-30,2.680000066757202,2.680000066757202,2.7799999713897705,2.619999885559082,2.6500000953674316,71800
2019-07-31,2.950000047683716,2.950000047683716,3.0199999809265137,2.7300000190734863,2.7300000190734863,105000
2019-08-01,2.6700000762939453,2.6700000762939453,2.990000009536743,2.6500000953674316,2.9600000381469727,50400
2019-08-02,2.5899999141693115,2.5899999141693115,2.634999990463257,2.5,2.630000114440918,21900
2019-08-05,2.859999895095825,2.859999895095825,2.9100000858306885,2.549999952316284,2.549999952316284,167100
2019-08-06,2.7899999618530273,2.7899999618530273,2.9860000610351562,2.700000047683716,2.9000000953674316,168800
2019-08-07,2.680000066757202,2.680000066757202,2.8299999237060547,2.6649999618530273,2.7300000190734863,89500
2019-08-08,2.950000047683716,2.950000047683716,3.049999952316284,2.759999990463257,2.9100000858306885,185400
2019-08-09,2.940000057220459,2.940000057220459,3.049999952316284,2.8450000286102295,3.0,518900
2019-08-12,2.75,2.75,2.9000000953674316,2.7200000286102295,2.9000000953674316,15300
2019-08-13,2.7200000286102295,2.7200000286102295,2.9000000953674316,2.690000057220459,2.7799999713897705,38400
2019-08-14,2.359999895095825,2.359999895095825,2.7100000381469727,2.2699999809265137,2.7100000381469727,121300
2019-08-15,2.680000066757202,2.680000066757202,2.7699999809265137,2.5,2.5,57700
2019-08-16,2.380000114440918,2.380000114440918,2.7699999809265137,2.299999952316284,2.700000047683716,123700
2019-08-19,2.5,2.5,2.609999895095825,2.4000000953674316,2.4100000858306885,52000
2019-08-20,2.7200000286102295,2.7200000286102295,2.7899999618530273,2.5199999809265137,2.5199999809265137,102600
2019-08-21,2.6600000858306885,2.6600000858306885,2.9000000953674316,2.430000066757202,2.9000000953674316,95000
2019-08-22,2.630000114440918,2.630000114440918,2.9000000953674316,2.619999885559082,2.9000000953674316,58000
2019-08-23,2.359999895095825,2.359999895095825,2.765000104904175,2.299999952316284,2.7100000381469727,141600
2019-08-26,2.5,2.5,2.559999942779541,2.4700000286102295,2.4800000190734863,58500
2019-08-27,2.319999933242798,2.319999933242798,2.6050000190734863,2.25,2.509999990463257,136400
2019-08-28,2.3299999237060547,2.3299999237060547,2.440000057220459,2.319999933242798,2.359999895095825,58600
2019-08-29,2.190000057220459,2.190000057220459,2.4100000858306885,2.1050000190734863,2.359999895095825,107000
2019-08-30,2.2200000286102295,2.2200000286102295,2.25,2.109999895095825,2.2200000286102295,43900
2019-09-03,2.009999990463257,2.009999990463257,2.2690000534057617,1.9900000095367432,2.2200000286102295,141800
2019-09-04,1.9800000190734863,1.9800000190734863,2.0899999141693115,1.9299999475479126,2.0299999713897705,77700
2019-09-05,2.0299999713897705,2.0299999713897705,2.119999885559082,1.9700000286102295,2.0399999618530273,102200
2019-09-06,1.9299999475479126,1.9299999475479126,2.1449999809265137,1.9199999570846558,2.0999999046325684,99900
2019-09-09,2.0,2.0,2.0,1.843999981880188,1.9700000286102295,81500
2019-09-10,2.240000009536743,2.240000009536743,2.299999952316284,2.0,2.0399999618530273,138700
2019-09-11,2.640000104904175,2.640000104904175,2.640000104904175,2.25,2.319999933242798,145200
2019-09-12,2.7200000286102295,2.7200000286102295,2.75,2.559999942779541,2.640000104904175,281000
2019-09-13,2.3399999141693115,2.3399999141693115,2.7699999809265137,2.190000057220459,2.7699999809265137,201800
2019-09-16,2.259999990463257,2.259999990463257,2.3299999237060547,2.1700000762939453,2.299999952316284,126400
2019-09-17,2.200000047683716,2.200000047683716,2.240000009536743,2.0999999046325684,2.240000009536743,59300
2019-09-18,2.109999895095825,2.109999895095825,2.2200000286102295,2.0920000076293945,2.2200000286102295,76400
2019-09-19,2.140000104904175,2.140000104904175,2.259999990463257,2.0399999618530273,2.109999895095825,155000
2019-09-20,2.1600000858306885,2.1600000858306885,2.190000057220459,1.9900000095367432,2.130000114440918,458000
2019-09-23,2.194999933242798,2.194999933242798,2.259999990463257,2.049999952316284,2.1600000858306885,66500
2019-09-24,2.049999952316284,2.049999952316284,2.240000009536743,2.0,2.2300000190734863,81200
2019-09-25,2.2300000190734863,2.2300000190734863,2.2699999809265137,1.9800000190734863,2.059999942779541,232600
2019-09-26,2.0799999237060547,2.0799999237060547,2.25,2.0399999618530273,2.2200000286102295,110900
2019-09-27,2.0799999237060547,2.0799999237060547,2.109999895095825,2.0299999713897705,2.0899999141693115,30900
2019-09-30,2.005000114440918,2.005000114440918,2.0999999046325684,2.0,2.0799999237060547,108900
2019-10-01,1.899999976158142,1.899999976158142,2.0399999618530273,1.8799999952316284,2.0399999618530273,84500
2019-10-02,1.899999976158142,1.899999976158142,1.9500000476837158,1.8799999952316284,1.9500000476837158,57200
2019-10-03,1.809999942779541,1.809999942779541,2.200000047683716,1.7000000476837158,1.8799999952316284,307500
2019-10-04,1.8300000429153442,1.8300000429153442,1.8700000047683716,1.809999942779541,1.809999942779541,56400
2019-10-07,1.5099999904632568,1.5099999904632568,1.9700000286102295,1.5,1.7699999809265137,390100
2019-10-08,1.409999966621399,1.409999966621399,1.6299999952316284,1.399999976158142,1.5099999904632568,198100
2019-10-09,1.4900000095367432,1.4900000095367432,1.600000023841858,1.3619999885559082,1.409999966621399,124800
2019-10-10,1.590000033378601,1.590000033378601,1.659999966621399,1.440000057220459,1.5099999904632568,105300
2019-10-11,1.649999976158142,1.649999976158142,1.7000000476837158,1.6299999952316284,1.6399999856948853,67900
2019-10-14,1.5299999713897705,1.5299999713897705,1.6799999475479126,1.5299999713897705,1.6200000047683716,100400
2019-10-15,1.559999942779541,1.559999942779541,1.6100000143051147,1.4299999475479126,1.5199999809265137,143400
2019-10-16,1.5700000524520874,1.5700000524520874,1.590000033378601,1.5119999647140503,1.5299999713897705,41400
2019-10-17,1.590000033378601,1.590000033378601,1.659999966621399,1.5299999713897705,1.5700000524520874,67300
2019-10-18,1.590000033378601,1.590000033378601,1.6150000095367432,1.5700000524520874,1.5800000429153442,77900
2019-10-21,1.6100000143051147,1.6100000143051147,1.6200000047683716,1.5,1.6100000143051147,58000
2019-10-22,1.6100000143051147,1.6100000143051147,1.6799999475479126,1.5800000429153442,1.5800000429153442,35300
2019-10-23,1.7599999904632568,1.7599999904632568,1.8200000524520874,1.600000023841858,1.6299999952316284,126800
2019-10-24,1.7400000095367432,1.7400000095367432,1.8700000047683716,1.6549999713897705,1.7699999809265137,127800
2019-10-25,1.659999966621399,1.659999966621399,1.7599999904632568,1.649999976158142,1.7599999904632568,39300
2019-10-28,1.9500000476837158,1.9500000476837158,2.009999990463257,1.6699999570846558,1.6699999570846558,122800
2019-10-29,1.7599999904632568,1.7599999904632568,1.9800000190734863,1.7000000476837158,1.9800000190734863,65000
2019-10-30,1.6100000143051147,1.6100000143051147,1.7610000371932983,1.600000023841858,1.75,82400
2019-10-31,1.7000000476837158,1.7000000476837158,1.7200000286102295,1.5,1.600000023841858,81600
2019-11-01,1.6799999475479126,1.6799999475479126,1.7799999713897705,1.659999966621399,1.7000000476837158,31900
2019-11-04,1.600000023841858,1.600000023841858,1.7400000095367432,1.5520000457763672,1.7200000286102295,160600
2019-11-05,1.600000023841858,1.600000023841858,1.6299999952316284,1.5800000429153442,1.6299999952316284,39300
2019-11-06,1.4900000095367432,1.4900000095367432,1.6150000095367432,1.4800000190734863,1.5800000429153442,69600
2019-11-07,1.2949999570846558,1.2949999570846558,1.5499999523162842,1.2899999618530273,1.5,108100
2019-11-08,1.4199999570846558,1.4199999570846558,1.4700000286102295,1.2999999523162842,1.440000057220459,146300
2019-11-11,1.3700000047683716,1.3700000047683716,1.4900000095367432,1.340000033378601,1.4500000476837158,47000
2019-11-12,1.4800000190734863,1.4800000190734863,1.5,1.2949999570846558,1.3899999856948853,138000
2019-11-13,1.3600000143051147,1.3600000143051147,1.5230000019073486,1.2999999523162842,1.4800000190734863,88900
2019-11-14,1.2350000143051147,1.2350000143051147,1.409999966621399,1.2300000190734863,1.350000023841858,109300
2019-11-15,1.274999976158142,1.274999976158142,1.2799999713897705,1.1100000143051147,1.2300000190734863,137800
2019-11-18,1.25,1.25,1.399999976158142,1.190000057220459,1.2699999809265137,96800
2019-11-19,1.3600000143051147,1.3600000143051147,1.4299999475479126,1.2300000190734863,1.2799999713897705,147000
2019-11-20,1.399999976158142,1.399999976158142,1.4700000286102295,1.309999942779541,1.399999976158142,156000
2019-11-21,1.4900000095367432,1.4900000095367432,1.5800000429153442,1.4220000505447388,1.440000057220459,78900
2019-11-22,1.5499999523162842,1.5499999523162842,1.6349999904632568,1.440000057220459,1.5199999809265137,151400
2019-11-25,1.7400000095367432,1.7400000095367432,1.8700000047683716,1.6579999923706055,1.690000057220459,299500
2019-11-26,1.7899999618530273,1.7899999618530273,1.809999942779541,1.6799999475479126,1.7699999809265137,107400
2019-11-27,1.8700000047683716,1.8700000047683716,1.899999976158142,1.6799999475479126,1.7400000095367432,82500
2019-11-29,1.9199999570846558,1.9199999570846558,1.9700000286102295,1.7910000085830688,1.9199999570846558,78200
2019-12-02,1.940000057220459,1.940000057220459,1.9500000476837158,1.7599999904632568,1.9500000476837158,83200
2019-12-03,1.9700000286102295,1.9700000286102295,2.140000104904175,1.8600000143051147,1.9500000476837158,78200
2019-12-04,2.009999990463257,2.009999990463257,2.134999990463257,1.9900000095367432,2.119999885559082,143600
2019-12-05,2.0399999618530273,2.0399999618530273,2.0999999046325684,2.0,2.059999942779541,74400
2019-12-06,2.299999952316284,2.299999952316284,2.3299999237060547,2.049999952316284,2.049999952316284,199100
2019-12-09,2.5899999141693115,2.5899999141693115,2.740000009536743,2.380000114440918,2.380000114440918,256900
2019-12-10,2.430000066757202,2.430000066757202,2.740000009536743,2.3399999141693115,2.630000114440918,243000
2019-12-11,2.3399999141693115,2.3399999141693115,2.4600000381469727,2.299999952316284,2.4600000381469727,132800
2019-12-12,2.2200000286102295,2.2200000286102295,2.369999885559082,2.2100000381469727,2.369999885559082,133000
2019-12-13,2.25,2.25,2.3299999237060547,2.0399999618530273,2.25,645700
2019-12-16,2.059999942779541,2.059999942779541,2.299999952316284,2.0199999809265137,2.2899999618530273,167500
2019-12-17,2.0350000858306885,2.0350000858306885,2.1679999828338623,2.0299999713897705,2.1600000858306885,177900
2019-12-18,1.8899999856948853,1.8899999856948853,2.069999933242798,1.8700000047683716,2.0399999618530273,184000
2019-12-19,1.9800000190734863,1.9800000190734863,2.0899999141693115,1.850000023841858,1.8899999856948853,144100
2019-12-20,1.899999976158142,1.899999976158142,2.0899999141693115,1.899999976158142,1.9800000190734863,414200
2019-12-23,1.8200000524520874,1.8200000524520874,2.0799999237060547,1.7799999713897705,1.9900000095367432,149400
2019-12-24,1.7000000476837158,1.7000000476837158,1.850000023841858,1.7000000476837158,1.8200000524520874,62900
2019-12-26,1.6100000143051147,1.6100000143051147,1.75,1.524999976158142,1.7000000476837158,178700
2019-12-27,1.6299999952316284,1.6299999952316284,1.6299999952316284,1.5499999523162842,1.5499999523162842,128900
2019-12-30,1.4600000381469727,1.4600000381469727,1.7300000190734863,1.4500000476837158,1.659999966621399,291800
2019-12-31,1.5449999570846558,1.5449999570846558,1.5499999523162842,1.4800000190734863,1.5299999713897705,517700
2020-01-02,1.6799999475479126,1.6799999475479126,1.690000057220459,1.5199999809265137,1.590000033378601,93300
2020-01-03,1.6399999856948853,1.6399999856948853,1.7100000381469727,1.600000023841858,1.7100000381469727,64200
2020-01-06,1.7899999618530273,1.7899999618530273,1.8300000429153442,1.6200000047683716,1.6399999856948853,115000
2020-01-07,1.8799999952316284,1.8799999952316284,1.9600000381469727,1.815000057220459,1.840000033378601,115600
2020-01-08,1.75,1.75,2.0,1.7200000286102295,2.0,157200
2020-01-09,1.659999966621399,1.659999966621399,1.899999976158142,1.659999966621399,1.899999976158142,93800
2020-01-10,1.6150000095367432,1.6150000095367432,1.7899999618530273,1.5399999618530273,1.6799999475479126,183900
2020-01-13,1.4900000095367432,1.4900000095367432,1.659999966621399,1.4149999618530273,1.659999966621399,114300
2020-01-14,1.4900000095367432,1.4900000095367432,1.5800000429153442,1.4700000286102295,1.4900000095367432,75000
2020-01-15,1.5,1.5,1.5499999523162842,1.440000057220459,1.5499999523162842,152400
2020-01-16,1.7300000190734863,1.7300000190734863,1.7589999437332153,1.5199999809265137,1.5199999809265137,138100
2020-01-17,1.649999976158142,1.649999976158142,1.7300000190734863,1.6299999952316284,1.7300000190734863,287000
2020-01-21,1.6399999856948853,1.6399999856948853,1.6950000524520874,1.5700000524520874,1.690000057220459,217900
2020-01-22,1.559999942779541,1.559999942779541,1.7200000286102295,1.5399999618530273,1.7100000381469727,120600
2020-01-23,1.559999942779541,1.559999942779541,1.6399999856948853,1.5399999618530273,1.5700000524520874,97700
2020-01-24,1.5199999809265137,1.5199999809265137,1.6200000047683716,1.5,1.5800000429153442,112300
2020-01-27,1.5,1.5,1.5299999713897705,1.4800000190734863,1.5099999904632568,159000
2020-01-28,1.4800000190734863,1.4800000190734863,1.5499999523162842,1.4199999570846558,1.5499999523162842,71400
2020-01-29,1.3300000429153442,1.3300000429153442,1.4900000095367432,1.2899999618530273,1.4700000286102295,133100
2020-01-30,1.2300000190734863,1.2300000190734863,1.3550000190734863,1.190000057220459,1.309999942779541,374200
2020-01-31,1.399999976158142,1.399999976158142,1.4199999570846558,1.2300000190734863,1.2300000190734863,124100
2020-02-03,1.309999942779541,1.309999942779541,1.4700000286102295,1.25,1.440000057220459,144000
2020-02-04,1.4500000476837158,1.4500000476837158,1.4700000286102295,1.2350000143051147,1.2999999523162842,307400
2020-02-05,1.5700000524520874,1.5700000524520874,1.6200000047683716,1.3799999952316284,1.440000057220459,170900
2020-02-06,1.8700000047683716,1.8700000047683716,1.8700000047683716,1.5,1.559999942779541,747200
2020-02-07,1.2899999618530273,1.2899999618530273,1.840000033378601,1.2699999809265137,1.840000033378601,662400
2020-02-10,1.3700000047683716,1.3700000047683716,1.399999976158142,1.2300000190734863,1.3300000429153442,200800
2020-02-11,1.3700000047683716,1.3700000047683716,1.3799999952316284,1.2400000095367432,1.3799999952316284,206100
2020-02-12,1.3700000047683716,1.3700000047683716,1.3899999856948853,1.2799999713897705,1.3899999856948853,172000
2020-02-13,1.4600000381469727,1.4600000381469727,1.4700000286102295,1.2999999523162842,1.3700000047683716,194900
2020-02-14,1.440000057220459,1.440000057220459,1.5,1.4199999570846558,1.4800000190734863,172200
2020-02-18,1.5,1.5,1.5099999904632568,1.440000057220459,1.4500000476837158,218700
2020-02-19,1.4700000286102295,1.4700000286102295,1.5099999904632568,1.4199999570846558,1.5,116400
2020-02-20,1.4700000286102295,1.4700000286102295,1.5299999713897705,1.4199999570846558,1.4600000381469727,244900
2020-02-21,1.4500000476837158,1.4500000476837158,1.5099999904632568,1.350000023841858,1.4800000190734863,189400
2020-02-24,1.3300000429153442,1.3300000429153442,1.4500000476837158,1.2940000295639038,1.4299999475479126,156500
2020-02-25,1.1799999475479126,1.1799999475479126,1.347000002861023,1.1430000066757202,1.340000033378601,227300
2020-02-26,1.2200000286102295,1.2200000286102295,1.2300000190734863,1.149999976158142,1.159999966621399,265400
2020-02-27,1.2000000476837158,1.2000000476837158,1.2899999618530273,1.149999976158142,1.2200000286102295,236700
2020-02-28,1.2599999904632568,1.2599999904632568,1.2599999904632568,1.059999942779541,1.190000057220459,301600
2020-03-02,1.340000033378601,1.340000033378601,1.343000054359436,1.2000000476837158,1.3200000524520874,150400
2020-03-03,1.2400000095367432,1.2400000095367432,1.350000023841858,1.2000000476837158,1.350000023841858,111300
2020-03-04,1.3799999952316284,1.3799999952316284,1.3899999856948853,1.2300000190734863,1.2599999904632568,180300
2020-03-05,1.350000023841858,1.350000023841858,1.3600000143051147,1.25,1.3600000143051147,178900
2020-03-06,1.309999942779541,1.309999942779541,1.3849999904632568,1.2899999618530273,1.3200000524520874,118500
2020-03-09,1.159999966621399,1.159999966621399,1.2940000295639038,1.100000023841858,1.2100000381469727,225400
2020-03-10,1.1699999570846558,1.1699999570846558,1.2000000476837158,1.149999976158142,1.159999966621399,136600
2020-03-11,1.149999976158142,1.149999976158142,1.2100000381469727,1.1399999856948853,1.1399999856948853,219500
2020-03-12,1.0800000429153442,1.0800000429153442,1.1649999618530273,1.0099999904632568,1.149999976158142,214800
2020-03-13,1.309999942779541,1.309999942779541,1.309999942779541,0.949999988079071,1.0700000524520874,278200
2020-03-16,1.2599999904632568,1.2599999904632568,1.2699999809265137,0.7200000286102295,0.7200000286102295,405300
2020-03-17,1.350000023841858,1.350000023841858,1.3600000143051147,1.097000002861023,1.2599999904632568,279100
2020-03-18,1.3200000524520874,1.3200000524520874,1.3300000429153442,1.190000057220459,1.2799999713897705,216400
2020-03-19,1.3200000524520874,1.3200000524520874,1.3300000429153442,1.149999976158142,1.2899999618530273,240600
2020-03-20,1.3300000429153442,1.3300000429153442,1.3899999856948853,1.2400000095367432,1.2999999523162842,298600
2020-03-23,1.4500000476837158,1.4500000476837158,1.4500000476837158,1.2059999704360962,1.3600000143051147,267000
2020-03-24,1.6100000143051147,1.6100000143051147,1.6100000143051147,1.2999999523162842,1.4500000476837158,411800
2020-03-25,1.5800000429153442,1.5800000429153442,1.6200000047683716,1.5299999713897705,1.5800000429153442,416300
2020-03-26,1.590000033378601,1.590000033378601,1.6399999856948853,1.4800000190734863,1.600000023841858,201600
2020-03-27,1.5099999904632568,1.5099999904632568,1.590000033378601,1.4199999570846558,1.590000033378601,113600
2020-03-30,1.4299999475479126,1.4299999475479126,1.5499999523162842,1.3899999856948853,1.5299999713897705,53700
2020-03-31,1.5800000429153442,1.5800000429153442,1.5800000429153442,1.465000033378601,1.4700000286102295,217500
2020-04-01,1.4299999475479126,1.4299999475479126,1.5399999618530273,1.4299999475479126,1.5399999618530273,124800
2020-04-02,1.4900000095367432,1.4900000095367432,1.5499999523162842,1.409999966621399,1.440000057220459,159800
2020-04-03,1.5299999713897705,1.5299999713897705,1.5700000524520874,1.4900000095367432,1.5099999904632568,147300
2020-04-06,1.600000023841858,1.600000023841858,1.6100000143051147,1.5299999713897705,1.5800000429153442,228800
2020-04-07,1.590000033378601,1.590000033378601,1.690000057220459,1.5800000429153442,1.659999966621399,219600
2020-04-08,1.7000000476837158,1.7000000476837158,1.7000000476837158,1.6200000047683716,1.659999966621399,286500
2020-04-09,1.6399999856948853,1.6399999856948853,1.7200000286102295,1.6200000047683716,1.6799999475479126,249600
2020-04-13,1.8600000143051147,1.8600000143051147,1.9500000476837158,1.649999976158142,1.6799999475479126,295200
2020-04-14,1.850000023841858,1.850000023841858,1.9700000286102295,1.8300000429153442,1.9700000286102295,191900
2020-04-15,1.7599999904632568,1.7599999904632568,1.850000023841858,1.75,1.850000023841858,112100
2020-04-16,1.899999976158142,1.899999976158142,1.9199999570846558,1.6399999856948853,1.809999942779541,316700
2020-04-17,2.2799999713897705,2.2799999713897705,2.5,1.8700000047683716,1.9199999570846558,579600
2020-04-20,2.2799999713897705,2.2799999713897705,2.440000057220459,2.2200000286102295,2.2799999713897705,408300
2020-04-21,2.1549999713897705,2.1549999713897705,2.3499999046325684,1.9520000219345093,2.2699999809265137,210800
2020-04-22,2.200000047683716,2.200000047683716,2.2200000286102295,2.0799999237060547,2.200000047683716,135100
2020-04-23,2.130000114440918,2.130000114440918,2.184999942779541,2.0399999618530273,2.180000066757202,175900
2020-04-24,2.059999942779541,2.059999942779541,2.140000104904175,2.0399999618530273,2.140000104904175,175900
2020-04-27,1.965000033378601,1.965000033378601,2.049999952316284,1.899999976158142,2.049999952316284,311300
2020-04-28,1.7400000095367432,1.7400000095367432,2.0,1.690000057220459,2.0,393900
2020-04-29,2.240000009536743,2.240000009536743,2.3499999046325684,1.7899999618530273,1.809999942779541,1201700
2020-04-30,2.549999952316284,2.549999952316284,2.799999952316284,2.3499999046325684,2.3499999046325684,2210300
2020-05-01,3.0299999713897705,3.0299999713897705,3.130000114440918,2.549999952316284,2.559999942779541,2392100
2020-05-04,2.8399999141693115,2.8399999141693115,3.140000104904175,2.5299999713897705,3.109999895095825,1023800
2020-05-05,2.6500000953674316,2.6500000953674316,3.0,2.640000104904175,2.9700000286102295,391900
2020-05-06,3.009999990463257,3.009999990463257,3.0199999809265137,2.569999933242798,2.690000057220459,730100
2020-05-07,3.319999933242798,3.319999933242798,3.700000047683716,3.0899999141693115,3.0899999141693115,1568000
2020-05-08,3.380000114440918,3.380000114440918,3.700000047683716,3.130000114440918,3.509999990463257,1318100
2020-05-11,3.365000009536743,3.365000009536743,3.490000009536743,3.309999942779541,3.380000114440918,737900
2020-05-12,3.309999942779541,3.309999942779541,3.430000066757202,3.0199999809265137,3.4000000953674316,531600
2020-05-13,3.200000047683716,3.200000047683716,3.4000000953674316,3.049999952316284,3.4000000953674316,328200
2020-05-14,3.380000114440918,3.380000114440918,3.630000114440918,3.009999990463257,3.190000057220459,821200
2020-05-15,3.4000000953674316,3.4000000953674316,3.5,3.2200000286102295,3.299999952316284,662300
2020-05-18,3.3499999046325684,3.3499999046325684,3.5799999237060547,3.299999952316284,3.5799999237060547,704200
2020-05-19,3.309999942779541,3.309999942779541,3.4700000286102295,3.200000047683716,3.369999885559082,479600
2020-05-20,3.369999885559082,3.369999885559082,3.450000047683716,3.25,3.380000114440918,448000
2020-05-21,3.3299999237060547,3.3299999237060547,3.4200000762939453,3.2799999713897705,3.3499999046325684,286700
2020-05-22,3.2799999713897705,3.2799999713897705,3.359999895095825,3.130000114440918,3.3499999046325684,393600
2020-05-26,3.180000066757202,3.180000066757202,3.2850000858306885,3.119999885559082,3.25,436100
2020-05-27,3.009999990463257,3.009999990463257,3.240000009536743,2.819999933242798,3.240000009536743,687900
2020-05-28,2.940000057220459,2.940000057220459,3.109999895095825,2.890000104904175,3.059999942779541,479600
2020-05-29,2.859999895095825,2.859999895095825,2.9800000190734863,2.700000047683716,2.930000066757202,445100
2020-06-01,2.9000000953674316,2.9000000953674316,3.0,2.859999895095825,2.9000000953674316,587300
2020-06-02,2.9200000762939453,2.9200000762939453,3.0,2.8499999046325684,2.940000057220459,328800
2020-06-03,3.069999933242798,3.069999933242798,3.1500000953674316,2.880000114440918,2.9700000286102295,571100
2020-06-04,3.4700000286102295,3.4700000286102295,4.150000095367432,3.2899999618530273,3.9200000762939453,5150700
2020-06-05,3.299999952316284,3.299999952316284,3.440000057220459,3.0799999237060547,3.440000057220459,982200
2020-06-08,3.2200000286102295,3.2200000286102295,3.390000104904175,3.0999999046325684,3.390000104904175,637100
2020-06-09,3.1600000858306885,3.1600000858306885,3.299999952316284,2.9700000286102295,3.2200000286102295,619400
2020-06-10,2.990000009536743,2.990000009536743,3.1700000762939453,2.9519999027252197,3.1700000762939453,788100
2020-06-11,2.7799999713897705,2.7799999713897705,2.890000104904175,2.680000066757202,2.890000104904175,728800
2020-06-12,3.0899999141693115,3.0899999141693115,3.0899999141693115,2.809999942779541,2.9200000762939453,587800
2020-06-15,3.059999942779541,3.059999942779541,3.194999933242798,2.9200000762939453,3.0999999046325684,619300
2020-06-16,3.0899999141693115,3.0899999141693115,3.1700000762939453,3.049999952316284,3.130000114440918,427200
2020-06-17,3.559999942779541,3.559999942779541,3.799999952316284,3.0299999713897705,3.0999999046325684,1358700
2020-06-18,3.75,3.75,3.940000057220459,3.3499999046325684,3.5899999141693115,3188100
2020-06-19,3.809999942779541,3.809999942779541,3.9000000953674316,3.309999942779541,3.8499999046325684,3496400
2020-06-22,3.630000114440918,3.630000114440918,3.7799999713897705,3.4100000858306885,3.7799999713897705,1066100
2020-06-23,3.5899999141693115,3.5899999141693115,3.7799999713897705,3.509999990463257,3.5799999237060547,825900
2020-06-24,3.440000057220459,3.440000057220459,3.690000057220459,3.2300000190734863,3.619999885559082,953200
2020-06-25,3.390000104904175,3.390000104904175,3.4600000381469727,3.309999942779541,3.450000047683716,384500
2020-06-26,3.3299999237060547,3.3299999237060547,3.427000045776367,3.0999999046325684,3.390000104904175,1720500
2020-06-29,3.2799999713897705,3.2799999713897705,3.4200000762939453,3.188999891281128,3.380000114440918,580500
2020-06-30,3.619999885559082,3.619999885559082,3.6589999198913574,3.2799999713897705,3.309999942779541,917600
2020-07-01,3.569999933242798,3.569999933242798,3.8299999237060547,3.369999885559082,3.7100000381469727,845400
2020-07-02,3.7699999809265137,3.7699999809265137,3.875,3.450000047683716,3.5899999141693115,1007200
2020-07-06,4.590000152587891,4.590000152587891,4.889999866485596,3.809999942779541,3.9100000858306885,3576300
2020-07-07,4.510000228881836,4.510000228881836,4.789999961853027,4.260000228881836,4.550000190734863,1248900
2020-07-08,4.25,4.25,4.5,4.070000171661377,4.5,1066800
2020-07-09,4.130000114440918,4.130000114440918,4.429999828338623,4.078000068664551,4.369999885559082,397400
2020-07-10,4.320000171661377,4.320000171661377,4.46999979019165,4.03000020980835,4.139999866485596,1119300
2020-07-13,3.7100000381469727,3.7100000381469727,4.409999847412109,3.5799999237060547,4.400000095367432,2069200
2020-07-14,3.6600000858306885,3.6600000858306885,3.7699999809265137,3.549999952316284,3.690000057220459,782400
2020-07-15,3.765000104904175,3.765000104904175,3.8299999237060547,3.615000009536743,3.7200000286102295,711000
2020-07-16,3.994999885559082,3.994999885559082,4.159999847412109,3.640000104904175,3.7699999809265137,1050600
2020-07-17,4.230000019073486,4.230000019073486,4.289999961853027,4.010000228881836,4.050000190734863,1155800
2020-07-20,4.130000114440918,4.130000114440918,4.210000038146973,4.059999942779541,4.199999809265137,656900
2020-07-21,4.21999979019165,4.21999979019165,4.309999942779541,4.130000114440918,4.130000114440918,464000
2020-07-22,4.0,4.0,4.251999855041504,3.9200000762939453,4.239999771118164,604400
2020-07-23,3.9100000858306885,3.9100000858306885,4.264999866485596,3.799999952316284,4.079999923706055,1422500
2020-07-24,3.569999933242798,3.569999933242798,3.880000114440918,3.5299999713897705,3.880000114440918,847300
2020-07-27,3.2799999713897705,3.2799999713897705,3.6600000858306885,3.2100000381469727,3.5999999046325684,1003200
2020-07-28,3.2100000381469727,3.2100000381469727,3.359999895095825,3.190000057220459,3.309999942779541,515600
2020-07-29,3.0199999809265137,3.0199999809265137,3.2799999713897705,2.994999885559082,3.25,1328400
2020-07-30,3.140000104904175,3.140000104904175,3.299999952316284,2.700000047683716,3.0999999046325684,1064000
2020-07-31,3.0299999713897705,3.0299999713897705,3.2279999256134033,3.0299999713897705,3.1600000858306885,492300
2020-08-03,3.240000009536743,3.240000009536743,3.244999885559082,2.950000047683716,3.069999933242798,869700
2020-08-04,3.140000104904175,3.140000104904175,3.440000057220459,3.0799999237060547,3.299999952316284,807700
2020-08-05,3.1500000953674316,3.1500000953674316,3.299999952316284,3.0399999618530273,3.2200000286102295,868200
2020-08-06,2.940000057220459,2.940000057220459,3.130000114440918,2.7950000762939453,3.130000114440918,1558100
2020-08-07,3.009999990463257,3.009999990463257,3.0799999237060547,2.9590001106262207,3.0399999618530273,822200
2020-08-10,3.1600000858306885,3.1600000858306885,3.2200000286102295,3.0199999809265137,3.0299999713897705,1275200
2020-08-11,2.8399999141693115,2.8399999141693115,3.1700000762939453,2.809999942779541,3.1500000953674316,715300
2020-08-12,2.7899999618530273,2.7899999618530273,2.950000047683716,2.7799999713897705,2.930000066757202,798900
2020-08-13,2.640000104904175,2.640000104904175,2.799999952316284,2.549999952316284,2.7799999713897705,934700
2020-08-14,2.7200000286102295,2.7200000286102295,2.819999933242798,2.6530001163482666,2.7100000381469727,1079000
2020-08-17,2.869999885559082,2.869999885559082,2.940000057220459,2.7300000190734863,2.8299999237060547,980300
2020-08-18,2.9600000381469727,2.9600000381469727,3.0,2.799999952316284,2.9200000762939453,1123600
2020-08-19,2.859999895095825,2.859999895095825,3.0299999713897705,2.7799999713897705,2.930000066757202,1649700
2020-08-20,2.930000066757202,2.930000066757202,2.9700000286102295,2.7799999713897705,2.8499999046325684,1149700
2020-08-21,2.799999952316284,2.799999952316284,2.950000047683716,2.7799999713897705,2.8299999237060547,868900
2020-08-24,2.700000047683716,2.700000047683716,2.890000104904175,2.6700000762939453,2.8499999046325684,704400
2020-08-25,2.9200000762939453,2.9200000762939453,2.950000047683716,2.700000047683716,2.7799999713897705,954900
2020-08-26,2.799999952316284,2.799999952316284,2.990000009536743,2.7799999713897705,2.940000057220459,896600
2020-08-27,2.680000066757202,2.680000066757202,2.8340001106262207,2.6600000858306885,2.8299999237060547,826900
2020-08-28,2.7699999809265137,2.7699999809265137,2.7899999618530273,2.6500000953674316,2.7200000286102295,614300
2020-08-31,2.700000047683716,2.700000047683716,2.859999895095825,2.684999942779541,2.7799999713897705,720300
2020-09-01,2.6700000762939453,2.6700000762939453,2.7699999809265137,2.619999885559082,2.7300000190734863,805600
2020-09-02,2.5299999713897705,2.5299999713897705,2.7200000286102295,2.4600000381469727,2.7200000286102295,778000
2020-09-03,2.3399999141693115,2.3399999141693115,2.559999942779541,2.299999952316284,2.549999952316284,827200
2020-09-04,2.319999933242798,2.319999933242798,2.4100000858306885,2.1700000762939453,2.4000000953674316,602000
2020-09-08,2.4700000286102295,2.4700000286102295,2.5999999046325684,2.240000009536743,2.380000114440918,849800
2020-09-09,2.5799999237060547,2.5799999237060547,2.640000104904175,2.4600000381469727,2.5,459500
2020-09-10,2.559999942779541,2.559999942779541,2.674999952316284,2.5,2.5899999141693115,585200
2020-09-11,2.490000009536743,2.490000009536743,2.634999990463257,2.4600000381469727,2.559999942779541,348600
2020-09-14,2.700000047683716,2.700000047683716,2.7200000286102295,2.4700000286102295,2.5999999046325684,635000
2020-09-15,2.6549999713897705,2.6549999713897705,2.7300000190734863,2.5899999141693115,2.680000066757202,439000
2020-09-16,2.75,2.75,2.75,2.5250000953674316,2.700000047683716,716800
2020-09-17,2.8399999141693115,2.8399999141693115,2.950000047683716,2.619999885559082,2.7200000286102295,1254300
2020-09-18,3.015000104904175,3.015000104904175,3.265000104904175,2.75,2.869999885559082,3445800
2020-09-21,2.7799999713897705,2.7799999713897705,3.015000104904175,2.6579999923706055,2.9200000762939453,947000
2020-09-22,2.859999895095825,2.859999895095825,2.869999885559082,2.678999900817871,2.7739999294281006,689500
2020-09-23,2.5999999046325684,2.5999999046325684,2.8499999046325684,2.509999990463257,2.8499999046325684,574800
2020-09-24,2.640000104904175,2.640000104904175,2.680000066757202,2.450000047683716,2.5899999141693115,296900
2020-09-25,2.6500000953674316,2.6500000953674316,2.7200000286102295,2.549999952316284,2.6600000858306885,547500
2020-09-28,2.7300000190734863,2.7300000190734863,2.75,2.5209999084472656,2.700000047683716,715200
2020-09-29,2.6500000953674316,2.6500000953674316,2.734999895095825,2.569999933242798,2.7300000190734863,293000
2020-09-30,2.5950000286102295,2.5950000286102295,2.7200000286102295,2.5399999618530273,2.609999895095825,508200
2020-10-01,2.509999990463257,2.509999990463257,2.609999895095825,2.4800000190734863,2.609999895095825,597700
2020-10-02,2.4000000953674316,2.4000000953674316,2.5299999713897705,2.380000114440918,2.4700000286102295,590300
2020-10-05,2.309999942779541,2.309999942779541,2.4200000762939453,2.2899999618530273,2.4200000762939453,667000
2020-10-06,2.2699999809265137,2.2699999809265137,2.4200000762939453,2.259999990463257,2.3499999046325684,791000
2020-10-07,2.200000047683716,2.200000047683716,2.378000020980835,2.190000057220459,2.3499999046325684,659200
2020-10-08,2.190000057220459,2.190000057220459,2.2799999713897705,2.190000057220459,2.2799999713897705,795700
2020-10-09,2.319999933242798,2.319999933242798,2.4200000762939453,2.200000047683716,2.200000047683716,810500
2020-10-12,2.240000009536743,2.240000009536743,2.359999895095825,2.2100000381469727,2.359999895095825,550000
2020-10-13,2.299999952316284,2.299999952316284,2.309999942779541,2.203000068664551,2.240000009536743,371300
2020-10-14,2.259999990463257,2.259999990463257,2.3399999141693115,2.2300000190734863,2.3399999141693115,325200
2020-10-15,2.319999933242798,2.319999933242798,2.319999933242798,2.2100000381469727,2.259999990463257,430600
2020-10-16,2.240000009536743,2.240000009536743,2.3399999141693115,2.2300000190734863,2.319999933242798,354000
2020-10-19,2.109999895095825,2.109999895095825,2.25,2.0899999141693115,2.240000009536743,640100
2020-10-20,2.140000104904175,2.140000104904175,2.1500000953674316,2.0299999713897705,2.109999895095825,450900
2020-10-21,2.0899999141693115,2.0899999141693115,2.1700000762939453,2.0399999618530273,2.1500000953674316,481800
2020-10-22,2.0899999141693115,2.0899999141693115,2.128000020980835,2.0399999618530273,2.0799999237060547,429700
2020-10-23,2.130000114440918,2.130000114440918,2.140000104904175,2.059999942779541,2.109999895095825,300300
2020-10-26,2.140000104904175,2.140000104904175,2.25,1.9900000095367432,2.130000114440918,970900
2020-10-27,2.2300000190734863,2.2300000190734863,2.2899999618530273,2.1440000534057617,2.1500000953674316,910700
2020-10-28,2.0899999141693115,2.0899999141693115,2.2290000915527344,2.059999942779541,2.2200000286102295,653500
2020-10-29,2.1700000762939453,2.1700000762939453,2.180000066757202,2.009999990463257,2.0799999237060547,484400
2020-10-30,2.009999990463257,2.009999990463257,2.1600000858306885,2.0,2.1500000953674316,410700
2020-11-02,1.9199999570846558,1.9199999570846558,2.059999942779541,1.8009999990463257,2.049999952316284,818400
2020-11-03,2.069999933242798,2.069999933242798,2.0999999046325684,1.940000057220459,1.9500000476837158,380400
2020-11-04,2.069999933242798,2.069999933242798,2.109999895095825,1.9980000257492065,2.069999933242798,360600
2020-11-05,2.130000114440918,2.130000114440918,2.1500000953674316,2.049999952316284,2.0999999046325684,313900
2020-11-06,2.1700000762939453,2.1700000762939453,2.180000066757202,2.0299999713897705,2.119999885559082,247800
2020-11-09,1.9900000095367432,1.9900000095367432,2.2899999618530273,1.9700000286102295,2.240000009536743,635900
2020-11-10,1.9700000286102295,1.9700000286102295,2.0299999713897705,1.940000057220459,2.0,467400
2020-11-11,2.009999990463257,2.009999990463257,2.0399999618530273,1.9500000476837158,2.0,553700
2020-11-12,1.9199999570846558,1.9199999570846558,2.049999952316284,1.8899999856948853,2.0299999713897705,743700
2020-11-13,2.0,2.0,2.0399999618530273,1.899999976158142,1.9299999475479126,511900
2020-11-16,2.049999952316284,2.049999952316284,2.049999952316284,1.9199999570846558,2.009999990463257,914700
2020-11-17,1.8799999952316284,1.8799999952316284,1.9199999570846558,1.7799999713897705,1.899999976158142,888200
2020-11-18,1.840000033378601,1.840000033378601,1.899999976158142,1.8300000429153442,1.8799999952316284,646000
2020-11-19,1.9500000476837158,1.9500000476837158,2.0,1.8200000524520874,1.899999976158142,831400
2020-11-20,2.119999885559082,2.119999885559082,2.119999885559082,1.909999966621399,1.940000057220459,839600
2020-11-23,2.240000009536743,2.240000009536743,2.2699999809265137,2.0799999237060547,2.109999895095825,1386600
2020-11-24,2.2100000381469727,2.2100000381469727,2.3499999046325684,2.180000066757202,2.259999990463257,873800
2020-11-25,2.390000104904175,2.390000104904175,2.450000047683716,2.1700000762939453,2.2699999809265137,1045200
2020-11-27,2.490000009536743,2.490000009536743,2.5399999618530273,2.3499999046325684,2.4800000190734863,524800
2020-11-30,2.5,2.5,2.6700000762939453,2.450000047683716,2.6700000762939453,763400
2020-12-01,2.390000104904175,2.390000104904175,2.5799999237060547,2.369999885559082,2.569999933242798,575400
2020-12-02,2.450000047683716,2.450000047683716,2.4800000190734863,2.3299999237060547,2.4100000858306885,343200
2020-12-03,2.3499999046325684,2.3499999046325684,2.440000057220459,2.319999933242798,2.440000057220459,426500
2020-12-04,2.5,2.5,2.509999990463257,2.380000114440918,2.4000000953674316,445900
2020-12-07,2.5299999713897705,2.5299999713897705,2.609999895095825,2.369999885559082,2.5299999713897705,726900
2020-12-08,2.5299999713897705,2.5299999713897705,2.549999952316284,2.430000066757202,2.549999952316284,374300
2020-12-09,2.390000104904175,2.390000104904175,2.5999999046325684,2.380000114440918,2.5899999141693115,524500
2020-12-10,2.5999999046325684,2.5999999046325684,2.640000104904175,2.3949999809265137,2.4800000190734863,822800
2020-12-11,2.8399999141693115,2.8399999141693115,3.1500000953674316,2.5769999027252197,2.630000114440918,2566500
2020-12-14,2.75,2.75,3.049999952316284,2.75,2.890000104904175,877900
2020-12-15,2.9600000381469727,2.9600000381469727,2.990000009536743,2.6500000953674316,2.799999952316284,784300
2020-12-16,2.890000104904175,2.890000104904175,2.950000047683716,2.7799999713897705,2.950000047683716,538900
2020-12-17,3.4000000953674316,3.4000000953674316,3.4800000190734863,2.9600000381469727,2.9600000381469727,2307900
2020-12-18,3.0999999046325684,3.0999999046325684,3.490999937057495,3.0999999046325684,3.384000062942505,1272600
2020-12-21,3.5999999046325684,3.5999999046325684,3.690000057220459,3.0899999141693115,3.130000114440918,1858200
2020-12-22,3.819999933242798,3.819999933242798,3.950000047683716,3.619999885559082,3.619999885559082,1509100
2020-12-23,3.4600000381469727,3.4600000381469727,3.880000114440918,3.359999895095825,3.8499999046325684,1500100
2020-12-24,3.440000057220459,3.440000057220459,3.740000009536743,3.359999895095825,3.740000009536743,526400
2020-12-28,3.319999933242798,3.319999933242798,3.5799999237060547,3.319999933242798,3.494999885559082,589600
2020-12-29,3.305000066757202,3.305000066757202,3.4600000381469727,3.200000047683716,3.430000066757202,616000
2020-12-30,3.369999885559082,3.369999885559082,3.549999952316284,3.309999942779541,3.309999942779541,524200
2020-12-31,3.2799999713897705,3.2799999713897705,3.497999906539917,3.140000104904175,3.4100000858306885,1058700
2021-01-04,3.4100000858306885,3.4100000858306885,3.4700000286102295,3.122999906539917,3.299999952316284,811600
2021-01-05,3.4700000286102295,3.4700000286102295,3.5950000286102295,3.3610000610351562,3.380000114440918,771400
2021-01-06,3.319999933242798,3.319999933242798,3.5,3.299999952316284,3.4700000286102295,494300
2021-01-07,3.7300000190734863,3.7300000190734863,3.9000000953674316,3.559999942779541,3.572000026702881,1411000
2021-01-08,3.890000104904175,3.890000104904175,3.940000057220459,3.5899999141693115,3.700000047683716,928300
2021-01-11,3.700000047683716,3.700000047683716,3.9200000762939453,3.674999952316284,3.880000114440918,588200
2021-01-12,3.869999885559082,3.869999885559082,3.9000000953674316,3.680000066757202,3.75,645300
2021-01-13,3.7100000381469727,3.7100000381469727,3.9000000953674316,3.5999999046325684,3.9000000953674316,771500
2021-01-14,3.869999885559082,3.869999885559082,3.890000104904175,3.5399999618530273,3.7100000381469727,799800
2021-01-15,3.7100000381469727,3.7100000381469727,3.890000104904175,3.619999885559082,3.8299999237060547,642100
2021-01-19,4.070000171661377,4.070000171661377,4.110000133514404,3.7209999561309814,3.809999942779541,2248800
2021-01-20,3.9200000762939453,3.9200000762939453,4.099999904632568,3.8299999237060547,4.059999942779541,908400
2021-01-21,4.199999809265137,4.199999809265137,4.300000190734863,3.75,3.940000057220459,1057600
2021-01-22,4.389999866485596,4.389999866485596,4.449999809265137,4.09499979019165,4.179999828338623,1310800
2021-01-25,4.300000190734863,4.300000190734863,4.557000160217285,4.159999847412109,4.557000160217285,1194500
2021-01-26,4.320000171661377,4.320000171661377,4.389999866485596,4.139999866485596,4.269999980926514,1195900
2021-01-27,4.019999980926514,4.019999980926514,4.349999904632568,3.9600000381469727,4.199999809265137,1203400
2021-01-28,3.940000057220459,3.940000057220459,4.579999923706055,3.8499999046325684,4.079999923706055,1885800
2021-01-29,3.809999942779541,3.809999942779541,4.099999904632568,3.740000009536743,4.019999980926514,910100
2021-02-01,4.0,4.0,4.03000020980835,3.75,3.9700000286102295,657100
2021-02-02,4.110000133514404,4.110000133514404,4.164999961853027,3.9700000286102295,4.019999980926514,626500
2021-02-03,4.199999809265137,4.199999809265137,4.340000152587891,4.119999885559082,4.159999847412109,760700
2021-02-04,4.260000228881836,4.260000228881836,4.300000190734863,4.059999942779541,4.199999809265137,698300
2021-02-05,4.369999885559082,4.369999885559082,4.449999809265137,4.260000228881836,4.349999904632568,567800
2021-02-08,4.5,4.5,4.519999980926514,4.309999942779541,4.443999767303467,1018500
2021-02-09,4.440000057220459,4.440000057220459,4.579999923706055,4.329999923706055,4.510000228881836,617000
2021-02-10,4.820000171661377,4.820000171661377,4.90500020980835,4.440000057220459,4.46999979019165,2278900
2021-02-11,4.46999979019165,4.46999979019165,5.170000076293945,4.230000019073486,4.760000228881836,3667900
2021-02-12,4.800000190734863,4.800000190734863,4.909999847412109,4.508999824523926,4.510000228881836,1131700
2021-02-16,4.860000133514404,4.860000133514404,5.139999866485596,4.75,4.894999980926514,1357000
2021-02-17,4.730000019073486,4.730000019073486,4.949999809265137,4.510000228881836,4.900000095367432,676200
2021-02-18,4.045000076293945,4.045000076293945,4.625,3.9800000190734863,4.599999904632568,1488900
2021-02-19,4.53000020980835,4.53000020980835,4.659999847412109,4.289999961853027,4.289999961853027,1098600
2021-02-22,4.53000020980835,4.53000020980835,4.71999979019165,4.349999904632568,4.449999809265137,766700
2021-02-23,4.139999866485596,4.139999866485596,4.385000228881836,3.7100000381469727,4.300000190734863,1298200
2021-02-24,3.890000104904175,3.890000104904175,4.230000019073486,3.819999933242798,4.179999828338623,1175300
2021-02-25,3.5399999618530273,3.5399999618530273,4.039999961853027,3.490000009536743,3.9700000286102295,1552000
2021-02-26,3.9700000286102295,3.9700000286102295,3.9700000286102295,3.6549999713897705,3.819999933242798,989300
2021-03-01,4.130000114440918,4.130000114440918,4.269999980926514,3.990000009536743,4.039999961853027,1258800
2021-03-02,4.269999980926514,4.269999980926514,4.380000114440918,4.099999904632568,4.190000057220459,938200
2021-03-03,4.130000114440918,4.130000114440918,4.389999866485596,4.119999885559082,4.349999904632568,763500
2021-03-04,3.819999933242798,3.819999933242798,4.119999885559082,3.609999895095825,4.099999904632568,1107900
2021-03-05,3.799999952316284,3.799999952316284,3.8989999294281006,3.369999885559082,3.8399999141693115,980800
2021-03-08,3.799999952316284,3.799999952316284,3.940000057220459,3.7209999561309814,3.7300000190734863,430700
2021-03-09,4.099999904632568,4.099999904632568,4.099999904632568,3.880000114440918,3.9700000286102295,490600
2021-03-10,4.170000076293945,4.170000076293945,4.28000020980835,4.039999961853027,4.21999979019165,416500
2021-03-11,4.190000057220459,4.190000057220459,4.28000020980835,4.110000133514404,4.239999771118164,708300
2021-03-12,4.159999847412109,4.159999847412109,4.28000020980835,4.039999961853027,4.130000114440918,379200
2021-03-15,4.090000152587891,4.090000152587891,4.199999809265137,4.050000190734863,4.199999809265137,466100
2021-03-16,4.110000133514404,4.110000133514404,4.179999828338623,4.0,4.099999904632568,397000
2021-03-17,4.53000020980835,4.53000020980835,4.658999919891357,4.070000171661377,4.119999885559082,1394200
2021-03-18,4.53000020980835,4.53000020980835,5.400000095367432,4.409999847412109,4.559999942779541,5936500
2021-03-19,4.730000019073486,4.730000019073486,5.139999866485596,4.619999885559082,4.619999885559082,1986900
2021-03-22,5.309999942779541,5.309999942779541,5.46999979019165,4.960000038146973,5.070000171661377,3646000
2021-03-23,5.710000038146973,5.710000038146973,6.329999923706055,5.289999961853027,5.380000114440918,7209300
2021-03-24,6.070000171661377,6.070000171661377,6.760000228881836,5.78000020980835,6.290999889373779,11038300
2021-03-25,5.96999979019165,5.96999979019165,6.119999885559082,5.159999847412109,5.429999828338623,6182300
2021-03-26,5.570000171661377,5.570000171661377,6.949999809265137,4.860000133514404,5.980000019073486,14676900
2021-03-29,4.429999828338623,4.429999828338623,5.650000095367432,4.400000095367432,5.5,4540800
2021-03-30,4.110000133514404,4.110000133514404,4.570000171661377,3.880000114440918,4.519999980926514,3275600
2021-03-31,4.340000152587891,4.340000152587891,4.539999961853027,4.119999885559082,4.199999809265137,2278300
2021-04-01,4.21999979019165,4.21999979019165,4.380000114440918,4.0,4.269999980926514,2974100
2021-04-05,4.210000038146973,4.210000038146973,4.440000057220459,4.099999904632568,4.300000190734863,1864100
2021-04-06,4.480000019073486,4.480000019073486,4.699999809265137,4.150000095367432,4.170000076293945,2570100
2021-04-07,4.159999847412109,4.159999847412109,4.46999979019165,4.119999885559082,4.409999847412109,1354100
2021-04-08,4.190000057220459,4.190000057220459,4.2870001792907715,4.050000190734863,4.21999979019165,934400
2021-04-09,4.070000171661377,4.070000171661377,4.230000019073486,4.019999980926514,4.190000057220459,1269600
2021-04-12,3.7899999618530273,3.7899999618530273,4.099999904632568,3.7100000381469727,4.03000020980835,1851600
2021-04-13,3.8399999141693115,3.8399999141693115,3.8499999046325684,3.619999885559082,3.8429999351501465,1214200
2021-04-14,3.8399999141693115,3.8399999141693115,3.930000066757202,3.7300000190734863,3.7699999809265137,1142500
2021-04-15,3.740000009536743,3.740000009536743,3.9100000858306885,3.700000047683716,3.7639999389648438,840900
2021-04-16,3.609999895095825,3.609999895095825,3.7300000190734863,3.509999990463257,3.700000047683716,1335900
2021-04-19,3.569999933242798,3.569999933242798,3.619999885559082,3.4000000953674316,3.5299999713897705,1252200
2021-04-20,3.4600000381469727,3.4600000381469727,3.630000114440918,3.359999895095825,3.559999942779541,1070900
2021-04-21,3.5899999141693115,3.5899999141693115,3.630000114440918,3.369999885559082,3.430000066757202,736100
2021-04-22,3.799999952316284,3.799999952316284,3.9100000858306885,3.5899999141693115,3.6700000762939453,1477200
2021-04-23,3.990000009536743,3.990000009536743,4.010000228881836,3.759999990463257,3.799999952316284,1079300
2021-04-26,4.139999866485596,4.139999866485596,4.159999847412109,3.890000104904175,4.019999980926514,831200
2021-04-27,4.139999866485596,4.139999866485596,4.199999809265137,4.019999980926514,4.159999847412109,844700
2021-04-28,4.320000171661377,4.320000171661377,4.380000114440918,4.099999904632568,4.170000076293945,1480100
2021-04-29,4.320000171661377,4.320000171661377,4.599999904632568,4.159999847412109,4.380000114440918,1900300
2021-04-30,4.289999961853027,4.289999961853027,4.519999980926514,4.199999809265137,4.269999980926514,1053000
2021-05-03,4.239999771118164,4.239999771118164,4.300000190734863,4.11899995803833,4.25,707100
2021-05-04,3.8399999141693115,3.8399999141693115,4.179999828338623,3.7820000648498535,4.159999847412109,1597200
2021-05-05,4.090000152587891,4.090000152587891,4.110000133514404,3.799999952316284,3.869999885559082,853000
2021-05-06,4.0,4.0,4.079999923706055,3.8499999046325684,4.011000156402588,913100
2021-05-07,4.199999809265137,4.199999809265137,4.300000190734863,3.9800000190734863,4.070000171661377,1051900
2021-05-10,3.8399999141693115,3.8399999141693115,4.230000019073486,3.819999933242798,4.159999847412109,828000
2021-05-11,3.9600000381469727,3.9600000381469727,4.0,3.609999895095825,3.680000066757202,837200
2021-05-12,3.8499999046325684,3.8499999046325684,4.050000190734863,3.8299999237060547,3.9000000953674316,618300
2021-05-13,3.7300000190734863,3.7300000190734863,4.019999980926514,3.5899999141693115,3.9000000953674316,787700
2021-05-14,3.950000047683716,3.950000047683716,3.990000009536743,3.7300000190734863,3.799999952316284,503200
2021-05-17,3.940000057220459,3.940000057220459,4.034999847412109,3.8350000381469727,3.950000047683716,395400
2021-05-18,4.039999961853027,4.039999961853027,4.170000076293945,3.880000114440918,3.940000057220459,615100
2021-05-19,4.139999866485596,4.139999866485596,4.245999813079834,3.8949999809265137,3.9700000286102295,691900
2021-05-20,4.25,4.25,4.269999980926514,4.099999904632568,4.159999847412109,547100
2021-05-21,4.230000019073486,4.230000019073486,4.449999809265137,4.150000095367432,4.28000020980835,926200
2021-05-24,4.5,4.5,4.53000020980835,4.236999988555908,4.25,901400
2021-05-25,4.630000114440918,4.630000114440918,4.75,4.440000057220459,4.5,1568000
2021-05-26,4.739999771118164,4.739999771118164,4.880000114440918,4.650000095367432,4.820000171661377,1094500
2021-05-27,4.900000095367432,4.900000095367432,5.0,4.630000114440918,4.75,898700
2021-05-28,4.940000057220459,4.940000057220459,5.099999904632568,4.760000228881836,4.980000019073486,872400
2021-06-01,5.110000133514404,5.110000133514404,5.159999847412109,4.900000095367432,5.041999816894531,783100
2021-06-02,5.170000076293945,5.170000076293945,5.34499979019165,5.110000133514404,5.150000095367432,761900
2021-06-03,5.329999923706055,5.329999923706055,5.590000152587891,5.019999980926514,5.170000076293945,1219700
2021-06-04,5.289999961853027,5.289999961853027,5.739999771118164,5.125,5.420000076293945,2574800
2021-06-07,5.139999866485596,5.139999866485596,5.409999847412109,5.034999847412109,5.409999847412109,986300
2021-06-08,5.289999961853027,5.289999961853027,5.349999904632568,5.050000190734863,5.230000019073486,846600
2021-06-09,5.059999942779541,5.059999942779541,5.380000114440918,4.96999979019165,5.329999923706055,946400
2021-06-10,4.630000114440918,4.630000114440918,5.119999885559082,4.599999904632568,5.090000152587891,1121400
2021-06-11,4.809999942779541,4.809999942779541,4.849999904632568,4.565000057220459,4.650000095367432,723700
2021-06-14,4.78000020980835,4.78000020980835,4.89900016784668,4.639999866485596,4.889999866485596,789800
2021-06-15,4.800000190734863,4.800000190734863,4.849999904632568,4.690000057220459,4.78000020980835,599400
2021-06-16,4.789999961853027,4.789999961853027,4.8379998207092285,4.670000076293945,4.800000190734863,583300
2021-06-17,4.53000020980835,4.53000020980835,4.784999847412109,4.480000019073486,4.769999980926514,958300
2021-06-18,4.449999809265137,4.449999809265137,4.599999904632568,4.445000171661377,4.5,1307800
2021-06-21,4.53000020980835,4.53000020980835,4.579999923706055,4.385000228881836,4.5,576700
2021-06-22,4.389999866485596,4.389999866485596,4.53000020980835,4.269999980926514,4.489999771118164,533700
2021-06-23,4.53000020980835,4.53000020980835,4.570000171661377,4.369999885559082,4.375999927520752,444600
2021-06-24,4.429999828338623,4.429999828338623,4.599999904632568,4.360000133514404,4.539999961853027,709000
2021-06-25,4.559999942779541,4.559999942779541,4.639999866485596,4.420000076293945,4.440000057220459,2739000
2021-06-28,4.579999923706055,4.579999923706055,4.670000076293945,4.360000133514404,4.559999942779541,1244500
2021-06-29,4.739999771118164,4.739999771118164,4.85699987411499,4.349999904632568,4.650000095367432,1331700
2021-06-30,4.71999979019165,4.71999979019165,4.800000190734863,4.53000020980835,4.690000057220459,1235900
2021-07-01,4.710000038146973,4.710000038146973,4.869999885559082,4.639999866485596,4.72599983215332,587600
2021-07-02,4.449999809265137,4.449999809265137,4.75,4.360000133514404,4.710000038146973,660600
2021-07-06,4.5,4.5,4.679999828338623,4.329999923706055,4.480000019073486,653000
2021-07-07,4.21999979019165,4.21999979019165,4.478000164031982,4.170000076293945,4.46999979019165,504400
2021-07-08,4.130000114440918,4.130000114440918,4.239999771118164,4.039999961853027,4.239999771118164,462300
2021-07-09,4.21999979019165,4.21999979019165,4.230000019073486,4.083000183105469,4.170000076293945,318500
2021-07-12,4.110000133514404,4.110000133514404,4.25,4.019999980926514,4.190000057220459,335400
2021-07-13,3.930000066757202,3.930000066757202,4.184999942779541,3.930000066757202,4.059999942779541,567200
2021-07-14,3.8499999046325684,3.8499999046325684,4.039999961853027,3.799999952316284,3.9649999141693115,581400
2021-07-15,3.940000057220459,3.940000057220459,3.990000009536743,3.7899999618530273,3.8499999046325684,497500
2021-07-16,3.6600000858306885,3.6600000858306885,3.9700000286102295,3.619999885559082,3.9189999103546143,790100
2021-07-19,3.5899999141693115,3.5899999141693115,3.6600000858306885,3.509999990463257,3.5989999771118164,681200
2021-07-20,3.619999885559082,3.619999885559082,3.6549999713897705,3.4600000381469727,3.5899999141693115,548000
2021-07-21,3.7699999809265137,3.7699999809265137,3.7799999713897705,3.619999885559082,3.6500000953674316,327800
2021-07-22,3.5999999046325684,3.5999999046325684,3.7799999713897705,3.5799999237060547,3.7799999713897705,274300
2021-07-23,3.5,3.5,3.5999999046325684,3.430000066757202,3.5999999046325684,389400
2021-07-26,3.5399999618530273,3.5399999618530273,3.6600000858306885,3.4600000381469727,3.509999990463257,473200
2021-07-27,3.4700000286102295,3.4700000286102295,3.5299999713897705,3.3410000801086426,3.5,436900
2021-07-28,3.559999942779541,3.559999942779541,3.640000104904175,3.4600000381469727,3.490000009536743,288300
2021-07-29,3.630000114440918,3.630000114440918,3.7200000286102295,3.5399999618530273,3.559999942779541,419600
2021-07-30,3.5399999618530273,3.5399999618530273,3.6500000953674316,3.5,3.569999933242798,264400
2021-08-02,3.6700000762939453,3.6700000762939453,3.7200000286102295,3.5339999198913574,3.5339999198913574,324300
2021-08-03,3.430000066757202,3.430000066757202,3.6700000762939453,3.4000000953674316,3.6700000762939453,329800
2021-08-04,3.309999942779541,3.309999942779541,3.5390000343322754,3.299999952316284,3.4000000953674316,356800
2021-08-05,3.509999990463257,3.509999990463257,3.5950000286102295,3.309999942779541,3.319999933242798,376400
2021-08-06,3.4700000286102295,3.4700000286102295,3.549999952316284,3.4200000762939453,3.5199999809265137,226400
2021-08-09,3.5299999713897705,3.5299999713897705,3.5799999237060547,3.4200000762939453,3.4600000381469727,203800
2021-08-10,3.380000114440918,3.380000114440918,3.5450000762939453,3.3399999141693115,3.509999990463257,617200
2021-08-11,3.630000114440918,3.630000114440918,3.7100000381469727,3.3499999046325684,3.440000057220459,731400
2021-08-12,3.4700000286102295,3.4700000286102295,3.609999895095825,3.4100000858306885,3.5999999046325684,496900
2021-08-13,3.130000114440918,3.130000114440918,3.4860000610351562,2.994999885559082,3.4600000381469727,1635600
2021-08-16,2.940000057220459,2.940000057220459,3.130000114440918,2.930000066757202,3.0899999141693115,776300
2021-08-17,2.7200000286102295,2.7200000286102295,2.930000066757202,2.680000066757202,2.930000066757202,758500
2021-08-18,2.890000104904175,2.890000104904175,3.0,2.7300000190734863,2.8399999141693115,764000
2021-08-19,2.8299999237060547,2.8299999237060547,2.9600000381469727,2.809999942779541,2.869999885559082,663400
2021-08-20,3.0,3.0,3.0299999713897705,2.819999933242798,2.819999933242798,804300
2021-08-23,3.1600000858306885,3.1600000858306885,3.2049999237060547,3.0380001068115234,3.0399999618530273,474300
2021-08-24,3.1500000953674316,3.1500000953674316,3.180000066757202,3.0450000762939453,3.1700000762939453,517700
2021-08-25,3.2300000190734863,3.2300000190734863,3.2699999809265137,3.109999895095825,3.130000114440918,492300
2021-08-26,3.2100000381469727,3.2100000381469727,3.3499999046325684,3.190000057220459,3.259999990463257,377600
2021-08-27,3.299999952316284,3.299999952316284,3.3510000705718994,3.200000047683716,3.2200000286102295,260700
2021-08-30,3.369999885559082,3.369999885559082,3.440000057220459,3.240000009536743,3.3399999141693115,539100
2021-08-31,3.430000066757202,3.430000066757202,3.450000047683716,3.319999933242798,3.4100000858306885,305300
2021-09-01,3.4000000953674316,3.4000000953674316,3.5,3.359999895095825,3.430000066757202,358000
2021-09-02,3.380000114440918,3.380000114440918,3.5199999809265137,3.359999895095825,3.390000104904175,332100
2021-09-03,3.299999952316284,3.299999952316284,3.390000104904175,3.25,3.375,265100
2021-09-07,3.4800000190734863,3.4800000190734863,3.5450000762939453,3.319999933242798,3.319999933242798,509500
2021-09-08,3.309999942779541,3.309999942779541,3.509999990463257,3.2899999618530273,3.5,257900
2021-09-09,3.359999895095825,3.359999895095825,3.3949999809265137,3.2850000858306885,3.299999952316284,286600
2021-09-10,3.25,3.25,3.4240000247955322,3.240000009536743,3.380000114440918,299600
2021-09-13,3.390000104904175,3.390000104904175,3.5199999809265137,3.1689999103546143,3.25,586700
2021-09-14,3.25,3.25,3.430000066757202,3.2100000381469727,3.4000000953674316,409900
2021-09-15,3.359999895095825,3.359999895095825,3.4769999980926514,3.2300000190734863,3.3299999237060547,453500
2021-09-16,3.390000104904175,3.390000104904175,3.450000047683716,3.200000047683716,3.3399999141693115,432000
2021-09-17,3.369999885559082,3.369999885559082,3.569999933242798,3.299999952316284,3.430000066757202,1152700
2021-09-20,3.0399999618530273,3.0399999618530273,3.3540000915527344,3.0399999618530273,3.2899999618530273,743900
2021-09-21,3.0999999046325684,3.0999999046325684,3.1700000762939453,3.0199999809265137,3.0999999046325684,420000
2021-09-22,3.0799999237060547,3.0799999237060547,3.190000057220459,3.0199999809265137,3.0999999046325684,319200
2021-09-23,3.1600000858306885,3.1600000858306885,3.299999952316284,3.0299999713897705,3.0999999046325684,579300
2021-09-24,3.2899999618530273,3.2899999618530273,3.3399999141693115,3.119999885559082,3.119999885559082,512000
2021-09-27,3.259999990463257,3.259999990463257,3.319999933242798,3.2200000286102295,3.259000062942505,495600
2021-09-28,3.069999933242798,3.069999933242798,3.25,3.0399999618530273,3.240000009536743,452100
2021-09-29,2.9800000190734863,2.9800000190734863,3.0899999141693115,2.9700000286102295,3.0799999237060547,306700
2021-09-30,2.990000009536743,2.990000009536743,3.049999952316284,2.950000047683716,3.0299999713897705,320200
2021-10-01,3.1600000858306885,3.1600000858306885,3.180000066757202,2.9700000286102295,3.0,495400
2021-10-04,3.009999990463257,3.009999990463257,3.178999900817871,3.009999990463257,3.1600000858306885,262500
2021-10-05,3.069999933242798,3.069999933242798,3.069999933242798,2.984999895095825,3.009999990463257,236700
2021-10-06,3.009999990463257,3.009999990463257,3.0999999046325684,2.9200000762939453,2.9200000762939453,120700
2021-10-07,2.8399999141693115,2.8399999141693115,3.0950000286102295,2.7799999713897705,3.0799999237060547,443100
2021-10-08,2.7799999713897705,2.7799999713897705,2.924999952316284,2.680000066757202,2.8399999141693115,326900
2021-10-11,2.690000057220459,2.690000057220459,2.8499999046325684,2.6500000953674316,2.690000057220459,302300
2021-10-12,2.7300000190734863,2.7300000190734863,2.7850000858306885,2.690000057220459,2.690000057220459,201200
2021-10-13,2.9100000858306885,2.9100000858306885,2.950000047683716,2.630000114440918,2.700000047683716,402800
2021-10-14,2.8399999141693115,2.8399999141693115,2.950000047683716,2.819999933242798,2.9100000858306885,226000
2021-10-15,2.9100000858306885,2.9100000858306885,2.990000009536743,2.8299999237060547,2.9100000858306885,352500
2021-10-18,2.9800000190734863,2.9800000190734863,3.0199999809265137,2.799999952316284,2.9000000953674316,374700
2021-10-19,3.069999933242798,3.069999933242798,3.1600000858306885,2.9000000953674316,2.950000047683716,430200
2021-10-20,3.0299999713897705,3.0299999713897705,3.0999999046325684,2.9600000381469727,3.069999933242798,137900
2021-10-21,2.890000104904175,2.890000104904175,3.009999990463257,2.890000104904175,3.0,169500
2021-10-22,2.799999952316284,2.799999952316284,2.930000066757202,2.75,2.880000114440918,300400
2021-10-25,2.799999952316284,2.799999952316284,2.940000057220459,2.759999990463257,2.799999952316284,403600
2021-10-26,2.7899999618530273,2.7899999618530273,2.9100000858306885,2.7300000190734863,2.890000104904175,421700
2021-10-27,2.690000057220459,2.690000057220459,2.7799999713897705,2.680000066757202,2.7300000190734863,211500
2021-10-28,2.809999942779541,2.809999942779541,2.8350000381469727,2.5999999046325684,2.690000057220459,1186400
2021-10-29,2.2899999618530273,2.2899999618530273,2.6449999809265137,2.244999885559082,2.450000047683716,2112200
2021-11-01,2.440000057220459,2.440000057220459,2.490000009536743,2.309999942779541,2.309999942779541,605100
2021-11-02,2.4200000762939453,2.4200000762939453,2.5,2.3499999046325684,2.4200000762939453,335000
2021-11-03,2.390000104904175,2.390000104904175,2.4700000286102295,2.359999895095825,2.380000114440918,441300
2021-11-04,2.4000000953674316,2.4000000953674316,2.440000057220459,2.3399999141693115,2.380000114440918,314600
2021-11-05,2.390000104904175,2.390000104904175,2.440000057220459,2.3399999141693115,2.440000057220459,480700
2021-11-08,2.369999885559082,2.369999885559082,2.4200000762939453,2.3299999237060547,2.380000114440918,389400
2021-11-09,2.240000009536743,2.240000009536743,2.369999885559082,2.1500000953674316,2.3499999046325684,618800
2021-11-10,2.299999952316284,2.299999952316284,2.4000000953674316,2.259999990463257,2.380000114440918,513300
2021-11-11,2.259999990463257,2.259999990463257,2.380000114440918,2.2300000190734863,2.369999885559082,331200
2021-11-12,2.2200000286102295,2.2200000286102295,2.315000057220459,2.200000047683716,2.2899999618530273,210200
2021-11-15,2.2799999713897705,2.2799999713897705,2.2799999713897705,2.1500000953674316,2.2200000286102295,381900
2021-11-16,2.2200000286102295,2.2200000286102295,2.2699999809265137,2.1500000953674316,2.2699999809265137,294900
2021-11-17,2.2100000381469727,2.2100000381469727,2.2799999713897705,2.140000104904175,2.2200000286102295,423000
2021-11-18,2.1700000762939453,2.1700000762939453,2.25,2.069999933242798,2.25,495800
2021-11-19,2.0799999237060547,2.0799999237060547,2.1500000953674316,2.049999952316284,2.130000114440918,480100
2021-11-22,2.0,2.0,2.119999885559082,1.9600000381469727,2.0999999046325684,753100
2021-11-23,2.0899999141693115,2.0899999141693115,2.0999999046325684,1.9500000476837158,2.0,368700
2021-11-24,2.1500000953674316,2.1500000953674316,2.180000066757202,2.0399999618530273,2.069999933242798,125200
2021-11-26,2.0399999618530273,2.0399999618530273,2.180000066757202,1.9700000286102295,2.180000066757202,273900
2021-11-29,1.899999976158142,1.899999976158142,2.0399999618530273,1.8799999952316284,2.0399999618530273,544700
2021-11-30,1.8300000429153442,1.8300000429153442,1.8899999856948853,1.7300000190734863,1.8300000429153442,648700
2021-12-01,1.7100000381469727,1.7100000381469727,1.9570000171661377,1.7100000381469727,1.850000023841858,508100
2021-12-02,1.75,1.75,1.7599999904632568,1.659999966621399,1.7200000286102295,401500
2021-12-03,1.7000000476837158,1.7000000476837158,1.784999966621399,1.6100000143051147,1.7699999809265137,423900
2021-12-06,1.7599999904632568,1.7599999904632568,1.7799999713897705,1.6100000143051147,1.7000000476837158,405200
2021-12-07,1.850000023841858,1.850000023841858,1.9199999570846558,1.7699999809265137,1.7899999618530273,323800
2021-12-08,1.850000023841858,1.850000023841858,1.909999966621399,1.7599999904632568,1.7599999904632568,281100
2021-12-09,1.75,1.75,1.899999976158142,1.75,1.899999976158142,321400
2021-12-10,1.659999966621399,1.659999966621399,1.7899999618530273,1.649999976158142,1.7599999904632568,308200
2021-12-13,1.600000023841858,1.600000023841858,1.659999966621399,1.5499999523162842,1.649999976158142,330200
2021-12-14,1.5499999523162842,1.5499999523162842,1.6100000143051147,1.5199999809265137,1.5700000524520874,310700
2021-12-15,1.5700000524520874,1.5700000524520874,1.6200000047683716,1.4600000381469727,1.5399999618530273,378100
2021-12-16,1.5099999904632568,1.5099999904632568,1.649999976158142,1.4800000190734863,1.5800000429153442,359500
2021-12-17,1.5299999713897705,1.5299999713897705,1.5700000524520874,1.4299999475479126,1.5,631900
2021-12-20,1.3300000429153442,1.3300000429153442,1.4500000476837158,1.3200000524520874,1.4299999475479126,577200
2021-12-21,1.3799999952316284,1.3799999952316284,1.3899999856948853,1.340999960899353,1.3600000143051147,288700
2021-12-22,1.3600000143051147,1.3600000143051147,1.3799999952316284,1.309999942779541,1.3799999952316284,424000
2021-12-23,1.3899999856948853,1.3899999856948853,1.3949999809265137,1.340000033378601,1.350000023841858,319200
2021-12-27,1.3700000047683716,1.3700000047683716,1.399999976158142,1.350000023841858,1.3899999856948853,437600
2021-12-28,1.409999966621399,1.409999966621399,1.5700000524520874,1.2899999618530273,1.4900000095367432,17410600
2021-12-29,1.2200000286102295,1.2200000286102295,1.3899999856948853,1.190000057220459,1.3600000143051147,2726900
2021-12-30,1.1799999475479126,1.1799999475479126,1.2319999933242798,1.159999966621399,1.2000000476837158,1106300
2021-12-31,1.2799999713897705,1.2799999713897705,1.2899999618530273,1.1399999856948853,1.159999966621399,1766300
2022-01-03,1.2599999904632568,1.2599999904632568,1.3200000524520874,1.2000000476837158,1.2999999523162842,1097800
2022-01-04,1.1799999475479126,1.1799999475479126,1.2799999713897705,1.1200000047683716,1.25,631300
2022-01-05,1.0700000524520874,1.0700000524520874,1.1799999475479126,1.0549999475479126,1.149999976158142,816700
2022-01-06,1.0149999856948853,1.0149999856948853,1.059999942779541,0.9309999942779541,1.0099999904632568,1324500
2022-01-07,1.0099999904632568,1.0099999904632568,1.0700000524520874,1.0,1.0,446200
2022-01-10,0.9750000238418579,0.9750000238418579,1.0199999809265137,0.9359999895095825,1.0199999809265137,971600
2022-01-11,1.0199999809265137,1.0199999809265137,1.059999942779541,0.949999988079071,1.0199999809265137,680100
2022-01-12,1.0099999904632568,1.0099999904632568,1.0499999523162842,0.9900000095367432,1.0499999523162842,497700
2022-01-13,0.9350000023841858,0.9350000023841858,1.0099999904632568,0.9300000071525574,1.0,372800
2022-01-14,0.8949999809265137,0.8949999809265137,0.949999988079071,0.8809999823570251,0.949999988079071,516500
2022-01-18,0.8569999933242798,0.8569999933242798,0.9599999785423279,0.8399999737739563,0.9309999942779541,637300
2022-01-19,0.8069999814033508,0.8069999814033508,0.9070000052452087,0.800000011920929,0.8799999952316284,777900
2022-01-20,0.8349999785423279,0.8349999785423279,0.9340000152587891,0.8149999976158142,0.8199999928474426,1329600
2022-01-21,0.777999997138977,0.777999997138977,0.8299999833106995,0.7749999761581421,0.8289999961853027,577700
2022-01-24,0.8009999990463257,0.8009999990463257,0.8199999928474426,0.7099999785423279,0.8159999847412109,718600
2022-01-25,0.8230000138282776,0.8230000138282776,0.8650000095367432,0.7670000195503235,0.7900000214576721,371400
2022-01-26,0.8429999947547913,0.8429999947547913,0.9449999928474426,0.8019999861717224,0.8429999947547913,867600
2022-01-27,0.7929999828338623,0.7929999828338623,0.9169999957084656,0.7889999747276306,0.8629999756813049,1557100
2022-01-28,0.8330000042915344,0.8330000042915344,0.9100000262260437,0.7580000162124634,0.7860000133514404,368100
2022-01-31,0.9380000233650208,0.9380000233650208,0.9399999976158142,0.8330000042915344,0.8690000176429749,384900
2022-02-01,1.0,1.0,1.0299999713897705,0.9200000166893005,0.9549999833106995,505500
2022-02-02,0.9089999794960022,0.9089999794960022,1.0199999809265137,0.878000020980835,1.0099999904632568,440800
2022-02-03,0.8970000147819519,0.8970000147819519,0.9350000023841858,0.8600000143051147,0.9100000262260437,364300
2022-02-04,0.9279999732971191,0.9279999732971191,0.9399999976158142,0.8550000190734863,0.8830000162124634,145400
2022-02-07,0.8709999918937683,0.8709999918937683,0.9300000071525574,0.8500000238418579,0.8999999761581421,312600
2022-02-08,0.8569999933242798,0.8569999933242798,0.8999999761581421,0.8349999785423279,0.8759999871253967,258800
2022-02-09,0.8539999723434448,0.8539999723434448,0.8970000147819519,0.8370000123977661,0.8619999885559082,474500
2022-02-10,0.8009999990463257,0.8009999990463257,0.8809999823570251,0.800000011920929,0.8299999833106995,628900
2022-02-11,0.9700000286102295,0.9700000286102295,1.0199999809265137,0.824999988079071,0.8500000238418579,3665800
2022-02-14,0.8809999823570251,0.8809999823570251,0.9800000190734863,0.8790000081062317,0.9800000190734863,898000
2022-02-15,0.9210000038146973,0.9210000038146973,0.949999988079071,0.8799999952316284,0.8799999952316284,622800
2022-02-16,1.0099999904632568,1.0099999904632568,1.0149999856948853,0.9350000023841858,0.949999988079071,880700
2022-02-17,0.9079999923706055,0.9079999923706055,1.0299999713897705,0.8899999856948853,1.0,933800
2022-02-18,0.8980000019073486,0.8980000019073486,0.949999988079071,0.8740000128746033,0.9100000262260437,339700
2022-02-22,0.828000009059906,0.828000009059906,0.8889999985694885,0.8199999928474426,0.8600000143051147,446800
2022-02-23,0.8220000267028809,0.8220000267028809,0.8899999856948853,0.8100000023841858,0.8299999833106995,488400
2022-02-24,0.8360000252723694,0.8360000252723694,0.8410000205039978,0.7799999713897705,0.8100000023841858,686800
2022-02-25,0.8669999837875366,0.8669999837875366,0.8999999761581421,0.8059999942779541,0.8270000219345093,308800
2022-02-28,0.8550000190734863,0.8550000190734863,0.8859999775886536,0.8130000233650208,0.8539999723434448,271900
2022-03-01,0.8379999995231628,0.8379999995231628,0.8999999761581421,0.8299999833106995,0.8899999856948853,274200
2022-03-02,0.8790000081062317,0.8790000081062317,0.8989999890327454,0.8159999847412109,0.8299999833106995,351400
2022-03-03,0.8009999990463257,0.8009999990463257,0.9100000262260437,0.7900000214576721,0.8899999856948853,354700
2022-03-04,0.7799999713897705,0.7799999713897705,0.8199999928474426,0.7749999761581421,0.8050000071525574,220600
2022-03-07,0.8410000205039978,0.8410000205039978,0.8849999904632568,0.75,0.7730000019073486,483000
2022-03-08,0.9409999847412109,0.9409999847412109,0.9700000286102295,0.8299999833106995,0.8379999995231628,466400
2022-03-09,0.8960000276565552,0.8960000276565552,1.0199999809265137,0.8960000276565552,0.9449999928474426,444800
2022-03-10,0.8629999756813049,0.8629999756813049,0.9440000057220459,0.843999981880188,0.9049999713897705,195600
2022-03-11,0.8199999928474426,0.8199999928474426,0.8999999761581421,0.800000011920929,0.8529999852180481,214000
2022-03-14,0.7429999709129333,0.7429999709129333,0.8420000076293945,0.7300000190734863,0.8420000076293945,281800
2022-03-15,0.7789999842643738,0.7789999842643738,0.7929999828338623,0.75,0.7639999985694885,149100
2022-03-16,0.7910000085830688,0.7910000085830688,0.8700000047683716,0.7599999904632568,0.800000011920929,484700
2022-03-17,0.7720000147819519,0.7720000147819519,0.800000011920929,0.75,0.800000011920929,378800
2022-03-18,0.8069999814033508,0.8069999814033508,0.8389999866485596,0.7599999904632568,0.7710000276565552,668000
2022-03-21,0.7480000257492065,0.7480000257492065,0.8100000023841858,0.7400000095367432,0.8090000152587891,402000
2022-03-22,0.7480000257492065,0.7480000257492065,0.7940000295639038,0.7329999804496765,0.7459999918937683,566800
2022-03-23,0.7350000143051147,0.7350000143051147,0.7720000147819519,0.7310000061988831,0.753000020980835,415400
2022-03-24,0.75,0.75,0.777999997138977,0.7149999737739563,0.7350000143051147,326900
2022-03-25,0.7260000109672546,0.7260000109672546,0.7799999713897705,0.7210000157356262,0.75,312800
2022-03-28,0.7590000033378601,0.7590000033378601,0.7730000019073486,0.7149999737739563,0.7350000143051147,370900
2022-03-29,0.8159999847412109,0.8159999847412109,0.8500000238418579,0.7300000190734863,0.7699999809265137,535000
2022-03-30,0.7950000166893005,0.7950000166893005,0.8479999899864197,0.7900000214576721,0.8299999833106995,335800
2022-03-31,0.8159999847412109,0.8159999847412109,0.8389999866485596,0.7799999713897705,0.8059999942779541,254400
2022-04-01,0.8930000066757202,0.8930000066757202,0.9399999976158142,0.8100000023841858,0.8399999737739563,1669200
2022-04-04,0.8859999775886536,0.8859999775886536,0.8999999761581421,0.8399999737739563,0.871999979019165,387800
2022-04-05,0.9509999752044678,0.9509999752044678,0.9940000176429749,0.8849999904632568,0.8999999761581421,1280600
2022-04-06,0.9700000286102295,0.9700000286102295,1.090000033378601,0.9100000262260437,0.9200000166893005,840500
2022-04-07,1.0,1.0,1.100000023841858,0.9599999785423279,0.9900000095367432,704500
2022-04-08,0.9100000262260437,0.9100000262260437,1.059999942779541,0.8999999761581421,1.0399999618530273,464100
2022-04-11,0.906000018119812,0.906000018119812,0.925000011920929,0.8510000109672546,0.875,341200
2022-04-12,0.8600000143051147,0.8600000143051147,0.906000018119812,0.8399999737739563,0.9020000100135803,471000
2022-04-13,0.8610000014305115,0.8610000014305115,0.8899999856948853,0.8399999737739563,0.8399999737739563,254600
2022-04-14,0.8399999737739563,0.8399999737739563,0.8899999856948853,0.8090000152587891,0.8600000143051147,323600
2022-04-18,0.7799999713897705,0.7799999713897705,0.8379999995231628,0.7799999713897705,0.8379999995231628,527500
2022-04-19,0.7879999876022339,0.7879999876022339,0.8100000023841858,0.7799999713897705,0.800000011920929,293100
2022-04-20,0.8100000023841858,0.8100000023841858,0.8500000238418579,0.7799999713897705,0.8190000057220459,259800
2022-04-21,0.7799999713897705,0.7799999713897705,0.8500000238418579,0.7799999713897705,0.8500000238418579,378200
2022-04-22,0.7400000095367432,0.7400000095367432,0.7940000295639038,0.7329999804496765,0.7799999713897705,425300
2022-04-25,0.7799999713897705,0.7799999713897705,0.7929999828338623,0.7400000095367432,0.7540000081062317,379500
2022-04-26,0.7599999904632568,0.7599999904632568,0.8199999928474426,0.7440000176429749,0.7950000166893005,301300
2022-04-27,0.7300000190734863,0.7300000190734863,0.7699999809265137,0.7200000286102295,0.75,437600
2022-04-28,0.722000002861023,0.722000002861023,0.7699999809265137,0.6679999828338623,0.734000027179718,531300
2022-04-29,0.6800000071525574,0.6800000071525574,0.7850000262260437,0.6800000071525574,0.7200000286102295,443400
2022-05-02,0.7350000143051147,0.7350000143051147,0.7400000095367432,0.6899999976158142,0.699999988079071,297900
2022-05-03,0.7509999871253967,0.7509999871253967,0.7799999713897705,0.7379999756813049,0.7789999842643738,301100
2022-05-04,0.7599999904632568,0.7599999904632568,0.7680000066757202,0.7200000286102295,0.7540000081062317,190000
2022-05-05,0.7300000190734863,0.7300000190734863,0.7799999713897705,0.7210000157356262,0.7559999823570251,243000
2022-05-06,0.7300000190734863,0.7300000190734863,0.765999972820282,0.7200000286102295,0.7360000014305115,287400
2022-05-09,0.6520000100135803,0.6520000100135803,0.7210000157356262,0.6299999952316284,0.7110000252723694,548400
2022-05-10,0.6499999761581421,0.6499999761581421,0.6700000166893005,0.6019999980926514,0.6600000262260437,476300
2022-05-11,0.5950000286102295,0.5950000286102295,0.6200000047683716,0.5809999704360962,0.5870000123977661,675700
2022-05-12,0.5740000009536743,0.5740000009536743,0.6230000257492065,0.5600000023841858,0.6200000047683716,370200
2022-05-13,0.6019999980926514,0.6019999980926514,0.6290000081062317,0.5799999833106995,0.5960000157356262,469000
2022-05-16,0.6299999952316284,0.6299999952316284,0.6620000004768372,0.6000000238418579,0.6000000238418579,402700
2022-05-17,0.6679999828338623,0.6679999828338623,0.671999990940094,0.6420000195503235,0.6620000004768372,212300
2022-05-18,0.6499999761581421,0.6499999761581421,0.699999988079071,0.6480000019073486,0.6710000038146973,344400
2022-05-19,0.7400000095367432,0.7400000095367432,0.8199999928474426,0.6489999890327454,0.6489999890327454,928400
2022-05-20,0.699999988079071,0.699999988079071,0.8199999928474426,0.6700000166893005,0.75,463800
2022-05-23,0.6930000185966492,0.6930000185966492,0.75,0.6669999957084656,0.6700000166893005,633200
2022-05-24,0.6299999952316284,0.6299999952316284,0.7419999837875366,0.6150000095367432,0.7059999704360962,468200
2022-05-25,0.6980000138282776,0.6980000138282776,0.7950000166893005,0.640999972820282,0.6489999890327454,845900
2022-05-26,0.7289999723434448,0.7289999723434448,0.7799999713897705,0.6499999761581421,0.6629999876022339,250300
2022-05-27,0.7590000033378601,0.7590000033378601,0.7799999713897705,0.7300000190734863,0.7300000190734863,222700
2022-05-31,0.8399999737739563,0.8399999737739563,0.8700000047683716,0.7599999904632568,0.7689999938011169,371000
2022-06-01,0.7960000038146973,0.7960000038146973,0.8799999952316284,0.7749999761581421,0.8399999737739563,264300
2022-06-02,0.875,0.875,0.8930000066757202,0.7749999761581421,0.7860000133514404,349400
2022-06-03,0.8799999952316284,0.8799999952316284,0.9139999747276306,0.8330000042915344,0.8610000014305115,229300
2022-06-06,0.9300000071525574,0.9300000071525574,0.9399999976158142,0.8799999952316284,0.8799999952316284,404100
2022-06-07,1.0800000429153442,1.0800000429153442,1.1200000047683716,0.8799999952316284,0.9049999713897705,750000
2022-06-08,1.0800000429153442,1.0800000429153442,1.1399999856948853,1.0199999809265137,1.0700000524520874,446500
2022-06-09,1.190000057220459,1.190000057220459,1.25,1.0499999523162842,1.0499999523162842,812700
2022-06-10,1.090000033378601,1.090000033378601,1.2200000286102295,1.0299999713897705,1.190000057220459,447900
2022-06-13,1.0049999952316284,1.0049999952316284,1.059999942779541,0.972000002861023,1.059999942779541,472500
2022-06-14,0.9990000128746033,0.9990000128746033,1.0299999713897705,0.9890000224113464,1.0099999904632568,218100
2022-06-15,1.0199999809265137,1.0199999809265137,1.100000023841858,0.9800000190734863,1.0,365800
2022-06-16,0.9480000138282776,0.9480000138282776,1.0199999809265137,0.9110000133514404,1.0199999809265137,251100
2022-06-17,0.9660000205039978,0.9660000205039978,0.9819999933242798,0.8999999761581421,0.949999988079071,436400
2022-06-21,0.8669999837875366,0.8669999837875366,1.0099999904632568,0.8500000238418579,0.9789999723434448,664000
2022-06-22,0.8999999761581421,0.8999999761581421,0.9150000214576721,0.8669999837875366,0.8790000081062317,410700
2022-06-23,1.0,1.0,1.0099999904632568,0.8799999952316284,0.8899999856948853,377600
2022-06-24,0.8669999837875366,0.8669999837875366,1.0299999713897705,0.8669999837875366,1.0,7464300
2022-06-27,0.7699999809265137,0.7699999809265137,0.8999999761581421,0.75,0.8579999804496765,889400
2022-06-28,0.7599999904632568,0.7599999904632568,0.8299999833106995,0.75,0.7799999713897705,430000
2022-06-29,0.800000011920929,0.800000011920929,0.8899999856948853,0.7509999871253967,0.8199999928474426,2025800
2022-06-30,0.8560000061988831,0.8560000061988831,0.8700000047683716,0.7879999876022339,0.800000011920929,397700
2022-07-01,0.8799999952316284,0.8799999952316284,0.9100000262260437,0.824999988079071,0.8309999704360962,302800
2022-07-05,0.9610000252723694,0.9610000252723694,0.9890000224113464,0.8799999952316284,0.8799999952316284,494500
2022-07-06,0.9739999771118164,0.9739999771118164,1.0199999809265137,0.9300000071525574,0.9900000095367432,330100
2022-07-07,1.0800000429153442,1.0800000429153442,1.090000033378601,0.9900000095367432,0.9900000095367432,350100
2022-07-08,1.1299999952316284,1.1299999952316284,1.149999976158142,1.0499999523162842,1.0499999523162842,286800
2022-07-11,1.100000023841858,1.100000023841858,1.149999976158142,1.0499999523162842,1.1399999856948853,230400
2022-07-12,1.1399999856948853,1.1399999856948853,1.159999966621399,1.0499999523162842,1.090000033378601,390200
2022-07-13,1.149999976158142,1.149999976158142,1.159999966621399,1.0850000381469727,1.1299999952316284,185600
2022-07-14,1.2100000381469727,1.2100000381469727,1.2400000095367432,1.1200000047683716,1.1200000047683716,270800
2022-07-15,1.1100000143051147,1.1100000143051147,1.4299999475479126,1.0700000524520874,1.159999966621399,1302800
2022-07-18,1.1100000143051147,1.1100000143051147,1.2300000190734863,1.100000023841858,1.1200000047683716,295300
2022-07-19,1.100000023841858,1.100000023841858,1.2200000286102295,1.100000023841858,1.1100000143051147,386000
2022-07-20,1.149999976158142,1.149999976158142,1.159999966621399,1.059999942779541,1.0700000524520874,869300
2022-07-21,1.190000057220459,1.190000057220459,1.2000000476837158,1.1100000143051147,1.1399999856948853,217700
2022-07-22,1.2000000476837158,1.2000000476837158,1.2400000095367432,1.1799999475479126,1.1799999475479126,239500
2022-07-25,1.2000000476837158,1.2000000476837158,1.2200000286102295,1.1790000200271606,1.2200000286102295,219200
2022-07-26,1.149999976158142,1.149999976158142,1.2200000286102295,1.1399999856948853,1.1799999475479126,123400
2022-07-27,1.190000057220459,1.190000057220459,1.215000033378601,1.1299999952316284,1.149999976158142,235100
2022-07-28,1.159999966621399,1.159999966621399,1.2200000286102295,1.159999966621399,1.2100000381469727,273300
2022-07-29,1.159999966621399,1.159999966621399,1.2100000381469727,1.1399999856948853,1.1799999475479126,371600
2022-08-01,1.1799999475479126,1.1799999475479126,1.2200000286102295,1.149999976158142,1.149999976158142,220800
2022-08-02,1.2899999618530273,1.2899999618530273,1.2899999618530273,1.1699999570846558,1.1699999570846558,591800
2022-08-03,1.350000023841858,1.350000023841858,1.3839999437332153,1.2799999713897705,1.2799999713897705,328900
2022-08-04,1.2999999523162842,1.2999999523162842,1.3300000429153442,1.2899999618530273,1.3200000524520874,144800
2022-08-05,1.309999942779541,1.309999942779541,1.3200000524520874,1.2699999809265137,1.2899999618530273,146700
2022-08-08,1.399999976158142,1.399999976158142,1.409999966621399,1.2899999618530273,1.3200000524520874,299100
2022-08-09,1.2699999809265137,1.2699999809265137,1.3899999856948853,1.2699999809265137,1.3700000047683716,311000
2022-08-10,1.3799999952316284,1.3799999952316284,1.4199999570846558,1.2899999618530273,1.2899999618530273,266700
2022-08-11,1.2799999713897705,1.2799999713897705,1.409999966621399,1.2599999904632568,1.3700000047683716,397400
2022-08-12,1.2699999809265137,1.2699999809265137,1.3300000429153442,1.190000057220459,1.2999999523162842,275200
2022-08-15,1.2100000381469727,1.2100000381469727,1.2799999713897705,1.190000057220459,1.2300000190734863,340500
2022-08-16,1.059999942779541,1.059999942779541,1.2100000381469727,0.9800000190734863,1.1699999570846558,969000
2022-08-17,1.0399999618530273,1.0399999618530273,1.059999942779541,1.0199999809265137,1.0399999618530273,365800
2022-08-18,1.059999942779541,1.059999942779541,1.100000023841858,1.0099999904632568,1.0499999523162842,239300
2022-08-19,1.0099999904632568,1.0099999904632568,1.100000023841858,1.0099999904632568,1.0199999809265137,116800
2022-08-22,0.9670000076293945,0.9670000076293945,1.0399999618530273,0.949999988079071,1.0199999809265137,193500
2022-08-23,0.9620000123977661,0.9620000123977661,0.9900000095367432,0.949999988079071,0.9700000286102295,138700
2022-08-24,0.9179999828338623,0.9179999828338623,0.9789999723434448,0.9100000262260437,0.949999988079071,149000
2022-08-25,0.921999990940094,0.921999990940094,0.9599999785423279,0.9120000004768372,0.9200000166893005,194200
2022-08-26,0.9100000262260437,0.9100000262260437,0.949999988079071,0.8700000047683716,0.9110000133514404,294400
2022-08-29,0.9660000205039978,0.9660000205039978,0.9779999852180481,0.8999999761581421,0.8999999761581421,70100
2022-08-30,0.9010000228881836,0.9010000228881836,0.9900000095367432,0.8999999761581421,0.9639999866485596,102000
2022-08-31,1.0,1.0,1.0499999523162842,0.8840000033378601,0.8840000033378601,178600
2022-09-01,0.9139999747276306,0.9139999747276306,1.0,0.9010000228881836,0.9700000286102295,132500
2022-09-02,0.9980000257492065,0.9980000257492065,1.0199999809265137,0.925000011920929,0.9300000071525574,235200
2022-09-06,1.0700000524520874,1.0700000524520874,1.0800000429153442,0.9679999947547913,1.0099999904632568,214600
2022-09-07,1.149999976158142,1.149999976158142,1.149999976158142,1.0199999809265137,1.090000033378601,240500
2022-09-08,1.0700000524520874,1.0700000524520874,1.159999966621399,0.9900000095367432,1.1200000047683716,215700
2022-09-09,1.059999942779541,1.059999942779541,1.1799999475479126,1.0399999618530273,1.0700000524520874,283300
2022-09-12,1.090000033378601,1.090000033378601,1.1799999475479126,1.059999942779541,1.100000023841858,287600
2022-09-13,1.1299999952316284,1.1299999952316284,1.159999966621399,1.0199999809265137,1.090000033378601,442300
2022-09-14,1.0299999713897705,1.0299999713897705,1.1200000047683716,1.0299999713897705,1.1200000047683716,358500
2022-09-15,1.0099999904632568,1.0099999904632568,1.0800000429153442,1.0,1.0299999713897705,134900
2022-09-16,0.949999988079071,0.949999988079071,1.0399999618530273,0.949999988079071,0.9850000143051147,100300
2022-09-19,0.8999999761581421,0.8999999761581421,0.9509999752044678,0.8500000238418579,0.9509999752044678,237000
2022-09-20,0.8299999833106995,0.8299999833106995,0.9179999828338623,0.800000011920929,0.8840000033378601,150500
2022-09-21,0.8230000138282776,0.8230000138282776,0.9020000100135803,0.8199999928474426,0.8399999737739563,128800
2022-09-22,0.8169999718666077,0.8169999718666077,0.843999981880188,0.7879999876022339,0.8190000057220459,129500
2022-09-23,0.75,0.75,0.7900000214576721,0.7329999804496765,0.7799999713897705,259900
2022-09-26,0.7099999785423279,0.7099999785423279,0.7799999713897705,0.6650000214576721,0.75,306800
2022-09-27,0.7409999966621399,0.7409999966621399,0.75,0.6539999842643738,0.7300000190734863,291600
2022-09-28,0.7649999856948853,0.7649999856948853,0.7699999809265137,0.6570000052452087,0.7179999947547913,159500
2022-09-29,0.7310000061988831,0.7310000061988831,0.7400000095367432,0.6830000281333923,0.6830000281333923,123500
2022-09-30,0.7099999785423279,0.7099999785423279,0.7799999713897705,0.7099999785423279,0.7279999852180481,131500
2022-10-03,0.7429999709129333,0.7429999709129333,0.7599999904632568,0.7200000286102295,0.7400000095367432,105600
2022-10-04,0.7910000085830688,0.7910000085830688,0.8299999833106995,0.7429999709129333,0.7429999709129333,133400
2022-10-05,0.8379999995231628,0.8379999995231628,0.8700000047683716,0.7900000214576721,0.8019999861717224,74200
2022-10-06,0.7900000214576721,0.7900000214576721,0.8399999737739563,0.7699999809265137,0.8399999737739563,40300
2022-10-07,0.7599999904632568,0.7599999904632568,0.8299999833106995,0.7400000095367432,0.7699999809265137,99400
2022-10-10,0.7749999761581421,0.7749999761581421,0.7799999713897705,0.75,0.7599999904632568,60400
2022-10-11,0.7509999871253967,0.7509999871253967,0.7900000214576721,0.7409999966621399,0.7699999809265137,68900
2022-10-12,0.7599999904632568,0.7599999904632568,0.7799999713897705,0.75,0.7509999871253967,21300
2022-10-13,0.7269999980926514,0.7269999980926514,0.753000020980835,0.7099999785423279,0.7269999980926514,122600
2022-10-14,0.7260000109672546,0.7260000109672546,0.75,0.7099999785423279,0.7269999980926514,79000
2022-10-17,0.75,0.75,0.7799999713897705,0.7200000286102295,0.75,36100
2022-10-18,0.7699999809265137,0.7699999809265137,0.8009999990463257,0.75,0.7739999890327454,104800
2022-10-19,0.7749999761581421,0.7749999761581421,0.800000011920929,0.7120000123977661,0.7730000019073486,141500
2022-10-20,0.7450000047683716,0.7450000047683716,0.800000011920929,0.7409999966621399,0.7799999713897705,154600
2022-10-21,0.7749999761581421,0.7749999761581421,0.800000011920929,0.7509999871253967,0.7580000162124634,163200
2022-10-24,0.7900000214576721,0.7900000214576721,0.8100000023841858,0.7549999952316284,0.800000011920929,359200
2022-10-25,0.8199999928474426,0.8199999928474426,0.8700000047683716,0.7900000214576721,0.800000011920929,431000
2022-10-26,0.7799999713897705,0.7799999713897705,0.8500000238418579,0.7599999904632568,0.8199999928474426,204400
2022-10-27,0.7850000262260437,0.7850000262260437,0.847000002861023,0.75,0.7580000162124634,149300
2022-10-28,0.7720000147819519,0.7720000147819519,0.7929999828338623,0.7549999952316284,0.7910000085830688,129800
2022-10-31,0.7139999866485596,0.7139999866485596,0.800000011920929,0.699999988079071,0.800000011920929,533400
2022-11-01,0.7099999785423279,0.7099999785423279,0.75,0.6990000009536743,0.7200000286102295,370200
2022-11-02,0.699999988079071,0.699999988079071,0.7300000190734863,0.6850000023841858,0.7099999785423279,316000
2022-11-03,0.7099999785423279,0.7099999785423279,0.7400000095367432,0.6850000023841858,0.699999988079071,428900
2022-11-04,0.6970000267028809,0.6970000267028809,0.7300000190734863,0.6850000023841858,0.7289999723434448,217900
2022-11-07,0.699999988079071,0.699999988079071,0.7099999785423279,0.6800000071525574,0.6949999928474426,285600
2022-11-08,0.6949999928474426,0.6949999928474426,0.718999981880188,0.6800000071525574,0.6800000071525574,73200
2022-11-09,0.6959999799728394,0.6959999799728394,0.7099999785423279,0.6800000071525574,0.7099999785423279,92900
2022-11-10,0.7300000190734863,0.7300000190734863,0.75,0.6990000009536743,0.6990000009536743,340500
2022-11-11,0.7599999904632568,0.7599999904632568,0.7900000214576721,0.7099999785423279,0.7099999785423279,219600
2022-11-14,0.75,0.75,0.7770000100135803,0.718999981880188,0.7429999709129333,111400
2022-11-15,0.7749999761581421,0.7749999761581421,0.800000011920929,0.734000027179718,0.75,136300
2022-11-16,0.7059999704360962,0.7059999704360962,0.7699999809265137,0.7009999752044678,0.75,123900
2022-11-17,0.6899999976158142,0.6899999976158142,0.7379999756813049,0.6850000023841858,0.7379999756813049,264100
2022-11-18,0.6700000166893005,0.6700000166893005,0.6949999928474426,0.6499999761581421,0.6949999928474426,354300
2022-11-21,0.6800000071525574,0.6800000071525574,0.6919999718666077,0.6499999761581421,0.6600000262260437,237500
2022-11-22,0.6800000071525574,0.6800000071525574,0.7099999785423279,0.6700000166893005,0.7099999785423279,157600
2022-11-23,0.7300000190734863,0.7300000190734863,0.7319999933242798,0.675000011920929,0.6980000138282776,183900
2022-11-25,0.7099999785423279,0.7099999785423279,0.7369999885559082,0.7020000219345093,0.7089999914169312,35200
2022-11-28,0.7099999785423279,0.7099999785423279,0.7300000190734863,0.6830000281333923,0.7009999752044678,148600
2022-11-29,0.6899999976158142,0.6899999976158142,0.7289999723434448,0.6830000281333923,0.7099999785423279,286400
2022-11-30,0.6800000071525574,0.6800000071525574,0.7170000076293945,0.6499999761581421,0.7099999785423279,289000
2022-12-01,0.6800000071525574,0.6800000071525574,0.6930000185966492,0.6499999761581421,0.6800000071525574,147600
2022-12-02,0.6359999775886536,0.6359999775886536,0.6549999713897705,0.6100000143051147,0.6549999713897705,240900
2022-12-05,0.6050000190734863,0.6050000190734863,0.6570000052452087,0.5879999995231628,0.6499999761581421,469900
2022-12-06,0.6110000014305115,0.6110000014305115,0.6449999809265137,0.5910000205039978,0.6389999985694885,26500
2022-12-07,0.6050000190734863,0.6050000190734863,0.6800000071525574,0.6000000238418579,0.6800000071525574,215400
2022-12-08,0.6019999980926514,0.6019999980926514,0.6499999761581421,0.5699999928474426,0.6499999761581421,515600
2022-12-09,0.597000002861023,0.597000002861023,0.6150000095367432,0.5799999833106995,0.5920000076293945,77000
2022-12-12,0.5830000042915344,0.5830000042915344,0.6100000143051147,0.5619999766349792,0.597000002861023,215800
2022-12-13,0.5799999833106995,0.5799999833106995,0.6000000238418579,0.5600000023841858,0.5899999737739563,851000
2022-12-14,0.5720000267028809,0.5720000267028809,0.6000000238418579,0.5600000023841858,0.5870000123977661,374300
2022-12-15,0.5580000281333923,0.5580000281333923,0.5870000123977661,0.550000011920929,0.5799999833106995,466800
2022-12-16,0.5400000214576721,0.5400000214576721,0.6000000238418579,0.5329999923706055,0.5669999718666077,219400
2022-12-19,0.5009999871253967,0.5009999871253967,0.5400000214576721,0.5,0.5329999923706055,402700
2022-12-20,0.5009999871253967,0.5009999871253967,0.5199999809265137,0.4830000102519989,0.5,334800
2022-12-21,0.5099999904632568,0.5099999904632568,0.5350000262260437,0.5,0.503000020980835,196600
2022-12-22,0.5230000019073486,0.5230000019073486,0.5360000133514404,0.5049999952316284,0.5099999904632568,155100
2022-12-23,0.5789999961853027,0.5789999961853027,0.6000000238418579,0.5199999809265137,0.5230000019073486,479100
2022-12-27,0.5350000262260437,0.5350000262260437,0.574999988079071,0.5009999871253967,0.5600000023841858,171100
2022-12-28,0.5210000276565552,0.5210000276565552,0.5659999847412109,0.5049999952316284,0.5389999747276306,199600
2022-12-29,0.574999988079071,0.574999988079071,0.6000000238418579,0.5049999952316284,0.5049999952316284,350700
2022-12-30,0.6439999938011169,0.6439999938011169,0.6600000262260437,0.550000011920929,0.5569999814033508,785300
2023-01-03,0.6420000195503235,0.6420000195503235,0.699999988079071,0.6299999952316284,0.6660000085830688,136000
2023-01-04,0.6800000071525574,0.6800000071525574,0.699999988079071,0.6399999856948853,0.656000018119812,177600
2023-01-05,0.6949999928474426,0.6949999928474426,0.7099999785423279,0.6460000276565552,0.6589999794960022,79200
2023-01-06,0.7089999914169312,0.7089999914169312,0.7400000095367432,0.6800000071525574,0.7099999785423279,115300
2023-01-09,0.7099999785423279,0.7099999785423279,0.7300000190734863,0.6859999895095825,0.699999988079071,107700
2023-01-10,0.7599999904632568,0.7599999904632568,0.7699999809265137,0.7089999914169312,0.7089999914169312,141600
2023-01-11,0.8199999928474426,0.8199999928474426,0.8299999833106995,0.7599999904632568,0.8100000023841858,240100
2023-01-12,0.7829999923706055,0.7829999923706055,0.8199999928474426,0.7599999904632568,0.8199999928474426,173200
2023-01-13,0.8119999766349792,0.8119999766349792,0.8399999737739563,0.800000011920929,0.800000011920929,248800
2023-01-17,0.7720000147819519,0.7720000147819519,0.8199999928474426,0.7699999809265137,0.800000011920929,137500
2023-01-18,0.7860000133514404,0.7860000133514404,0.8199999928474426,0.7599999904632568,0.7799999713897705,70800
2023-01-19,0.75,0.75,0.800000011920929,0.7400000095367432,0.7620000243186951,206900
2023-01-20,0.7749999761581421,0.7749999761581421,0.7799999713897705,0.7400000095367432,0.7400000095367432,59100
2023-01-23,0.7749999761581421,0.7749999761581421,0.7979999780654907,0.7699999809265137,0.7699999809265137,122500
2023-01-24,0.7799999713897705,0.7799999713897705,0.7870000004768372,0.7300000190734863,0.7680000066757202,109600
2023-01-25,0.7400000095367432,0.7400000095367432,0.7799999713897705,0.7200000286102295,0.7799999713897705,158000
2023-01-26,0.7400000095367432,0.7400000095367432,0.7699999809265137,0.7300000190734863,0.7409999966621399,94700
2023-01-27,0.7829999923706055,0.7829999923706055,0.7929999828338623,0.7099999785423279,0.7179999947547913,56600
2023-01-30,0.75,0.75,0.7850000262260437,0.7480000257492065,0.7829999923706055,88100
2023-01-31,0.7699999809265137,0.7699999809265137,0.777999997138977,0.7390000224113464,0.7400000095367432,71400
2023-02-01,0.7450000047683716,0.7450000047683716,0.7799999713897705,0.7400000095367432,0.7799999713897705,118000
2023-02-02,0.8090000152587891,0.8090000152587891,0.8399999737739563,0.7609999775886536,0.8399999737739563,253800
2023-02-03,0.7900000214576721,0.7900000214576721,0.8199999928474426,0.7450000047683716,0.7900000214576721,195300
2023-02-06,0.7900000214576721,0.7900000214576721,0.8199999928474426,0.765999972820282,0.8199999928474426,50300
2023-02-07,1.0,1.0,1.1799999475479126,0.8299999833106995,0.8299999833106995,703900
2023-02-08,0.949999988079071,0.949999988079071,1.0,0.7599999904632568,0.9800000190734863,412400
2023-02-09,0.9700000286102295,0.9700000286102295,1.090000033378601,0.9399999976158142,0.949999988079071,348900
2023-02-10,1.0199999809265137,1.0199999809265137,1.0399999618530273,0.949999988079071,0.9599999785423279,95000
2023-02-13,1.0449999570846558,1.0449999570846558,1.0499999523162842,0.9919999837875366,1.0499999523162842,57000
2023-02-14,1.100000023841858,1.100000023841858,1.1100000143051147,1.0199999809265137,1.0299999713897705,153400
2023-02-15,1.1299999952316284,1.1299999952316284,1.159999966621399,1.0829999446868896,1.1200000047683716,388900
2023-02-16,1.100000023841858,1.100000023841858,1.1799999475479126,1.090000033378601,1.159999966621399,213800
2023-02-17,1.1299999952316284,1.1299999952316284,1.149999976158142,1.0700000524520874,1.100000023841858,163900
2023-02-21,1.0700000524520874,1.0700000524520874,1.159999966621399,1.0399999618530273,1.0700000524520874,312700
2023-02-22,1.0399999618530273,1.0399999618530273,1.100000023841858,1.0399999618530273,1.059999942779541,180200
2023-02-23,1.0499999523162842,1.0499999523162842,1.0800000429153442,1.0420000553131104,1.059999942779541,102300
2023-02-24,1.0399999618530273,1.0399999618530273,1.0820000171661377,1.0199999809265137,1.0399999618530273,81800
2023-02-27,0.9900000095367432,0.9900000095367432,1.0800000429153442,0.9850000143051147,1.059999942779541,100800
2023-02-28,0.968999981880188,0.968999981880188,1.0,0.9300000071525574,1.0,182500
2023-03-01,1.059999942779541,1.059999942779541,1.149999976158142,0.949999988079071,0.949999988079071,484400
2023-03-02,1.159999966621399,1.159999966621399,1.1799999475479126,1.059999942779541,1.090000033378601,246200
2023-03-03,1.1200000047683716,1.1200000047683716,1.190000057220459,1.100000023841858,1.1699999570846558,343800
2023-03-06,1.3300000429153442,1.3300000429153442,1.399999976158142,1.100000023841858,1.1399999856948853,1421600
2023-03-07,1.2699999809265137,1.2699999809265137,1.3300000429153442,1.2400000095367432,1.309999942779541,654200
2023-03-08,1.25,1.25,1.3200000524520874,1.2300000190734863,1.3200000524520874,137200
2023-03-09,1.2000000476837158,1.2000000476837158,1.309999942779541,1.1699999570846558,1.25,265200
2023-03-10,1.1200000047683716,1.1200000047683716,1.2300000190734863,1.1200000047683716,1.2000000476837158,275800
2023-03-13,0.878000020980835,0.878000020980835,1.1100000143051147,0.8199999928474426,1.100000023841858,487100
2023-03-14,0.9300000071525574,0.9300000071525574,1.0499999523162842,0.8799999952316284,0.8799999952316284,152300
2023-03-15,0.8399999737739563,0.8399999737739563,0.949999988079071,0.7799999713897705,0.9300000071525574,259000
2023-03-16,0.9409999847412109,0.9409999847412109,1.024999976158142,0.8100000023841858,0.8199999928474426,597700
2023-03-17,0.9860000014305115,0.9860000014305115,1.0399999618530273,0.9679999947547913,0.9900000095367432,384800
2023-03-20,1.090000033378601,1.090000033378601,1.100000023841858,0.9860000014305115,0.9900000095367432,514300
2023-03-21,1.1399999856948853,1.1399999856948853,1.2009999752044678,1.1100000143051147,1.1100000143051147,680500
2023-03-22,1.1100000143051147,1.1100000143051147,1.1799999475479126,1.0499999523162842,1.1699999570846558,525600
2023-03-23,1.1299999952316284,1.1299999952316284,1.190000057220459,1.1100000143051147,1.1399999856948853,316800
2023-03-24,1.1200000047683716,1.1200000047683716,1.2000000476837158,1.100000023841858,1.1200000047683716,291200
2023-03-27,1.1299999952316284,1.1299999952316284,1.1799999475479126,1.0729999542236328,1.149999976158142,278000
2023-03-28,1.1100000143051147,1.1100000143051147,1.149999976158142,1.059999942779541,1.1299999952316284,224000
2023-03-29,1.0399999618530273,1.0399999618530273,1.1100000143051147,1.0399999618530273,1.100000023841858,116400
2023-03-30,1.0199999809265137,1.0199999809265137,1.100000023841858,1.0,1.0499999523162842,793100
2023-03-31,1.1399999856948853,1.1399999856948853,1.2200000286102295,1.0099999904632568,1.0099999904632568,701700
2023-04-03,1.2300000190734863,1.2300000190734863,1.350000023841858,1.1399999856948853,1.149999976158142,489900
2023-04-04,1.159999966621399,1.159999966621399,1.2799999713897705,1.1399999856948853,1.2799999713897705,613800
2023-04-05,1.1699999570846558,1.1699999570846558,1.2100000381469727,1.1200000047683716,1.159999966621399,260300
2023-04-06,1.1799999475479126,1.1799999475479126,1.2000000476837158,1.1299999952316284,1.1399999856948853,148600
2023-04-10,1.399999976158142,1.399999976158142,1.559999942779541,1.1699999570846558,1.1799999475479126,2816100
2023-04-11,1.3700000047683716,1.3700000047683716,1.4509999752044678,1.350000023841858,1.3899999856948853,656100
2023-04-12,1.3700000047683716,1.3700000047683716,1.4600000381469727,1.3600000143051147,1.3700000047683716,589400
2023-04-13,1.409999966621399,1.409999966621399,1.4299999475479126,1.3300000429153442,1.4299999475479126,448900
2023-04-14,1.4199999570846558,1.4199999570846558,1.4500000476837158,1.350000023841858,1.4500000476837158,609600
2023-04-17,1.399999976158142,1.399999976158142,1.5099999904632568,1.3700000047683716,1.409999966621399,640200
2023-04-18,1.4149999618530273,1.4149999618530273,1.4900000095367432,1.399999976158142,1.409999966621399,406200
2023-04-19,1.3949999809265137,1.3949999809265137,1.4500000476837158,1.3799999952316284,1.399999976158142,290300
2023-04-20,1.399999976158142,1.399999976158142,1.440000057220459,1.3600000143051147,1.409999966621399,477000
2023-04-21,1.3899999856948853,1.3899999856948853,1.4299999475479126,1.3200000524520874,1.399999976158142,440700
2023-04-24,1.309999942779541,1.309999942779541,1.409999966621399,1.2999999523162842,1.3899999856948853,205900
2023-04-25,1.2899999618530273,1.2899999618530273,1.340000033378601,1.25,1.340000033378601,273600
2023-04-26,1.2400000095367432,1.2400000095367432,1.3489999771118164,1.1699999570846558,1.309999942779541,490100
2023-04-27,1.3300000429153442,1.3300000429153442,1.3700000047683716,1.2300000190734863,1.25,624200
2023-04-28,1.7000000476837158,1.7000000476837158,1.7000000476837158,1.340000033378601,1.340000033378601,2671400
2023-05-01,1.559999942779541,1.559999942779541,1.7300000190734863,1.5499999523162842,1.6200000047683716,772000
2023-05-02,1.4500000476837158,1.4500000476837158,1.690000057220459,1.440000057220459,1.559999942779541,884000
2023-05-03,1.590000033378601,1.590000033378601,1.6050000190734863,1.4199999570846558,1.4500000476837158,464600
2023-05-04,1.5299999713897705,1.5299999713897705,1.590000033378601,1.4500000476837158,1.590000033378601,242400
2023-05-05,1.5299999713897705,1.5299999713897705,1.600000023841858,1.5,1.5299999713897705,354800
2023-05-08,1.440000057220459,1.440000057220459,1.559999942779541,1.409999966621399,1.5399999618530273,300500
2023-05-09,1.399999976158142,1.399999976158142,1.5099999904632568,1.3899999856948853,1.5099999904632568,244800
2023-05-10,1.4600000381469727,1.4600000381469727,1.4700000286102295,1.399999976158142,1.4299999475479126,127000
2023-05-11,1.5499999523162842,1.5499999523162842,1.5700000524520874,1.4199999570846558,1.4199999570846558,255600
2023-05-12,1.559999942779541,1.559999942779541,1.6100000143051147,1.5399999618530273,1.5499999523162842,223500
2023-05-15,1.5499999523162842,1.5499999523162842,1.600000023841858,1.5399999618530273,1.590000033378601,168900
2023-05-16,1.5099999904632568,1.5099999904632568,1.590000033378601,1.4900000095367432,1.5499999523162842,65100
2023-05-17,1.565000057220459,1.565000057220459,1.600000023841858,1.5099999904632568,1.5099999904632568,180600
2023-05-18,1.5800000429153442,1.5800000429153442,1.590000033378601,1.5299999713897705,1.5700000524520874,114100
2023-05-19,1.5049999952316284,1.5049999952316284,1.5700000524520874,1.4500000476837158,1.5700000524520874,285400
2023-05-22,1.4500000476837158,1.4500000476837158,1.5299999713897705,1.4210000038146973,1.5,244700
2023-05-23,1.2899999618530273,1.2899999618530273,1.4600000381469727,1.2799999713897705,1.4600000381469727,295800
2023-05-24,1.225000023841858,1.225000023841858,1.3200000524520874,1.1799999475479126,1.2699999809265137,210600
2023-05-25,1.2100000381469727,1.2100000381469727,1.25,1.1799999475479126,1.190000057220459,250900
2023-05-26,1.2799999713897705,1.2799999713897705,1.3300000429153442,1.190000057220459,1.2000000476837158,215700
2023-05-30,1.2300000190734863,1.2300000190734863,1.2799999713897705,1.190000057220459,1.2799999713897705,119300
2023-05-31,1.1200000047683716,1.1200000047683716,1.2480000257492065,1.1100000143051147,1.2300000190734863,205600
2023-06-01,1.2000000476837158,1.2000000476837158,1.2400000095367432,1.1200000047683716,1.1399999856948853,85800
2023-06-02,1.2300000190734863,1.2300000190734863,1.2799999713897705,1.1799999475479126,1.2000000476837158,124100
2023-06-05,1.2300000190734863,1.2300000190734863,1.2699999809265137,1.159999966621399,1.2100000381469727,124300
2023-06-06,1.2400000095367432,1.2400000095367432,1.309999942779541,1.1799999475479126,1.190000057220459,177400
2023-06-07,1.2599999904632568,1.2599999904632568,1.2999999523162842,1.2100000381469727,1.2699999809265137,86300
2023-06-08,1.2400000095367432,1.2400000095367432,1.2699999809265137,1.2109999656677246,1.25,51400
2023-06-09,1.350000023841858,1.350000023841858,1.3899999856948853,1.2000000476837158,1.2300000190734863,271300
2023-06-12,1.3700000047683716,1.3700000047683716,1.4299999475479126,1.3209999799728394,1.340000033378601,167100
2023-06-13,1.2999999523162842,1.2999999523162842,1.5,1.2999999523162842,1.3799999952316284,385500
2023-06-14,1.440000057220459,1.440000057220459,1.5,1.25,1.2799999713897705,524600
2023-06-15,1.4600000381469727,1.4600000381469727,1.5399999618530273,1.3799999952316284,1.4600000381469727,313800
2023-06-16,1.5299999713897705,1.5299999713897705,1.559999942779541,1.399999976158142,1.399999976158142,384700
2023-06-20,1.590000033378601,1.590000033378601,1.590000033378601,1.4500000476837158,1.5299999713897705,192100
2023-06-21,1.559999942779541,1.559999942779541,1.6100000143051147,1.5099999904632568,1.5199999809265137,225000
2023-06-22,1.5,1.5,1.600000023841858,1.4600000381469727,1.600000023841858,165400
2023-06-23,1.5800000429153442,1.5800000429153442,1.5800000429153442,1.4700000286102295,1.4800000190734863,404800
2023-06-26,1.6299999952316284,1.6299999952316284,1.649999976158142,1.5199999809265137,1.6299999952316284,657500
2023-06-27,1.600000023841858,1.600000023841858,1.7000000476837158,1.4600000381469727,1.7000000476837158,529800
2023-06-28,1.600000023841858,1.600000023841858,1.690000057220459,1.559999942779541,1.559999942779541,372900
2023-06-29,1.6799999475479126,1.6799999475479126,1.7000000476837158,1.600000023841858,1.6399999856948853,165200
2023-06-30,1.7599999904632568,1.7599999904632568,1.7599999904632568,1.6699999570846558,1.7000000476837158,321000
2023-07-03,1.7400000095367432,1.7400000095367432,1.7400000095367432,1.6799999475479126,1.7300000190734863,86400
2023-07-05,1.690000057220459,1.690000057220459,1.809999942779541,1.6399999856948853,1.75,258200
2023-07-06,1.5700000524520874,1.5700000524520874,1.684999942779541,1.5199999809265137,1.6299999952316284,264900
2023-07-07,1.690000057220459,1.690000057220459,1.7200000286102295,1.590000033378601,1.590000033378601,153900
2023-07-10,1.6799999475479126,1.6799999475479126,1.75,1.659999966621399,1.7100000381469727,148400
2023-07-11,1.690000057220459,1.690000057220459,1.75,1.6799999475479126,1.6799999475479126,416900
2023-07-12,1.784999966621399,1.784999966621399,1.7999999523162842,1.690000057220459,1.7100000381469727,322000
2023-07-13,1.7699999809265137,1.7699999809265137,1.7999999523162842,1.75,1.7799999713897705,172200
2023-07-14,1.6799999475479126,1.6799999475479126,1.8300000429153442,1.6699999570846558,1.7899999618530273,226500
2023-07-17,1.7200000286102295,1.7200000286102295,1.75,1.649999976158142,1.6799999475479126,299600
2023-07-18,1.6399999856948853,1.6399999856948853,1.7230000495910645,1.6100000143051147,1.7000000476837158,177400
2023-07-19,1.600000023841858,1.600000023841858,1.690000057220459,1.590000033378601,1.649999976158142,237000
2023-07-20,1.5800000429153442,1.5800000429153442,1.649999976158142,1.5700000524520874,1.590000033378601,145500
2023-07-21,1.6100000143051147,1.6100000143051147,1.649999976158142,1.5499999523162842,1.5800000429153442,157900
2023-07-24,1.6100000143051147,1.6100000143051147,1.6200000047683716,1.5499999523162842,1.6200000047683716,154300
2023-07-25,1.7000000476837158,1.7000000476837158,1.7510000467300415,1.5700000524520874,1.600000023841858,203200
2023-07-26,1.7799999713897705,1.7799999713897705,1.7979999780654907,1.659999966621399,1.7200000286102295,207500
2023-07-27,1.8300000429153442,1.8300000429153442,1.850000023841858,1.7549999952316284,1.809999942779541,207500
2023-07-28,1.909999966621399,1.909999966621399,1.9900000095367432,1.8309999704360962,1.840000033378601,383000
2023-07-31,1.9299999475479126,1.9299999475479126,1.9800000190734863,1.899999976158142,1.899999976158142,214100
2023-08-01,1.940000057220459,1.940000057220459,2.009999990463257,1.8799999952316284,1.9299999475479126,548100
2023-08-02,1.8799999952316284,1.8799999952316284,1.9700000286102295,1.8600000143051147,1.9199999570846558,202500
2023-08-03,1.850000023841858,1.850000023841858,1.9299999475479126,1.8300000429153442,1.8700000047683716,192200
2023-08-04,1.7599999904632568,1.7599999904632568,1.875,1.7599999904632568,1.840000033378601,233000
2023-08-07,1.7300000190734863,1.7300000190734863,1.840000033378601,1.7100000381469727,1.7799999713897705,130100
2023-08-08,1.659999966621399,1.659999966621399,1.7699999809265137,1.659999966621399,1.7300000190734863,153900
2023-08-09,1.5299999713897705,1.5299999713897705,1.659999966621399,1.5199999809265137,1.649999976158142,242300
2023-08-10,1.690000057220459,1.690000057220459,1.7999999523162842,1.4800000190734863,1.4800000190734863,402200
2023-08-11,1.690000057220459,1.690000057220459,1.7599999904632568,1.649999976158142,1.690000057220459,174200
2023-08-14,1.8899999856948853,1.8899999856948853,1.909999966621399,1.6799999475479126,1.7100000381469727,333000
2023-08-15,1.7699999809265137,1.7699999809265137,1.8860000371932983,1.7380000352859497,1.8799999952316284,210300
2023-08-16,1.7699999809265137,1.7699999809265137,1.840000033378601,1.7599999904632568,1.7899999618530273,152800
2023-08-17,1.690000057220459,1.690000057220459,1.7599999904632568,1.690000057220459,1.7599999904632568,316700
2023-08-18,1.6100000143051147,1.6100000143051147,1.6799999475479126,1.600000023841858,1.659999966621399,252100
2023-08-21,1.7599999904632568,1.7599999904632568,1.7999999523162842,1.6399999856948853,1.6399999856948853,274600
2023-08-22,1.7699999809265137,1.7699999809265137,1.809999942779541,1.7400000095367432,1.7999999523162842,163200
2023-08-23,1.7000000476837158,1.7000000476837158,1.7899999618530273,1.6699999570846558,1.7699999809265137,105500
2023-08-24,1.7300000190734863,1.7300000190734863,1.7799999713897705,1.7100000381469727,1.7100000381469727,110800
2023-08-25,1.6799999475479126,1.6799999475479126,1.7799999713897705,1.6699999570846558,1.6699999570846558,141700
2023-08-28,1.6699999570846558,1.6699999570846558,1.7400000095367432,1.621000051498413,1.7100000381469727,100800
2023-08-29,1.75,1.75,1.7899999618530273,1.6200000047683716,1.659999966621399,256200
2023-08-30,2.009999990463257,2.009999990463257,2.069000005722046,1.7300000190734863,1.7899999618530273,736500
2023-08-31,2.140000104904175,2.140000104904175,2.180000066757202,2.0,2.0299999713897705,420600
2023-09-01,1.875,1.875,2.190000057220459,1.850000023841858,2.190000057220459,858600
2023-09-05,1.75,1.75,1.8799999952316284,1.6299999952316284,1.7400000095367432,426400
2023-09-06,1.6399999856948853,1.6399999856948853,1.8200000524520874,1.6200000047683716,1.7599999904632568,428600
2023-09-07,1.6399999856948853,1.6399999856948853,1.6449999809265137,1.5700000524520874,1.6299999952316284,189100
2023-09-08,1.4700000286102295,1.4700000286102295,1.75,1.4500000476837158,1.6699999570846558,909800
2023-09-11,1.4199999570846558,1.4199999570846558,1.5099999904632568,1.3700000047683716,1.5099999904632568,360500
2023-09-12,1.1399999856948853,1.1399999856948853,1.3700000047683716,1.125,1.3700000047683716,732600
2023-09-13,1.0800000429153442,1.0800000429153442,1.1799999475479126,1.0700000524520874,1.1399999856948853,532600
2023-09-14,1.25,1.25,1.2699999809265137,1.0700000524520874,1.100000023841858,481600
2023-09-15,1.3700000047683716,1.3700000047683716,1.3899999856948853,1.2000000476837158,1.2000000476837158,655900
2023-09-18,1.2999999523162842,1.2999999523162842,1.4500000476837158,1.2799999713897705,1.3700000047683716,526600
2023-09-19,1.2300000190734863,1.2300000190734863,1.2899999618530273,1.149999976158142,1.2899999618530273,241500
2023-09-20,1.0750000476837158,1.0750000476837158,1.2300000190734863,1.0700000524520874,1.2300000190734863,382800
2023-09-21,1.0099999904632568,1.0099999904632568,1.0800000429153442,1.0,1.0800000429153442,432800
2023-09-22,1.0499999523162842,1.0499999523162842,1.0750000476837158,1.0199999809265137,1.0199999809265137,158000
2023-09-25,1.0199999809265137,1.0199999809265137,1.059999942779541,1.0099999904632568,1.059999942779541,141000
2023-09-26,1.0099999904632568,1.0099999904632568,1.090000033378601,1.0099999904632568,1.0199999809265137,156600
2023-09-27,0.9700000286102295,0.9700000286102295,1.0789999961853027,0.9599999785423279,1.0,656100
2023-09-28,0.9700000286102295,0.9700000286102295,1.0099999904632568,0.9599999785423279,0.9900000095367432,168500
2023-09-29,0.9559999704360962,0.9559999704360962,0.9900000095367432,0.925000011920929,0.9700000286102295,227000
2023-10-02,0.9210000038146973,0.9210000038146973,0.9739999771118164,0.9100000262260437,0.9599999785423279,226000
2023-10-03,0.9169999957084656,0.9169999957084656,0.9210000038146973,0.8920000195503235,0.9210000038146973,255300
2023-10-04,0.9200000166893005,0.9200000166893005,1.0,0.8399999737739563,0.9100000262260437,444700
2023-10-05,0.9599999785423279,0.9599999785423279,1.0399999618530273,0.8999999761581421,0.9100000262260437,212300
2023-10-06,1.0099999904632568,1.0099999904632568,1.0399999618530273,0.9520000219345093,0.9599999785423279,148800
2023-10-09,1.0,1.0,1.059000015258789,0.9750000238418579,0.996999979019165,44300
2023-10-10,1.0099999904632568,1.0099999904632568,1.0399999618530273,0.9800000190734863,1.0099999904632568,91800
2023-10-11,0.9399999976158142,0.9399999976158142,1.0700000524520874,0.9200000166893005,1.0,209900
2023-10-12,0.9419999718666077,0.9419999718666077,0.9660000205039978,0.9100000262260437,0.9399999976158142,40200
2023-10-13,0.9229999780654907,0.9229999780654907,0.9800000190734863,0.9179999828338623,0.9419999718666077,32300
2023-10-16,0.9700000286102295,0.9700000286102295,1.0,0.9229999780654907,0.9229999780654907,81800
2023-10-17,1.0499999523162842,1.0499999523162842,1.0700000524520874,0.9409999847412109,0.9409999847412109,200500
2023-10-18,1.0399999618530273,1.0399999618530273,1.1299999952316284,1.0099999904632568,1.0099999904632568,303400
2023-10-19,1.0,1.0,1.0499999523162842,0.9670000076293945,1.0399999618530273,294500
2023-10-20,0.9900000095367432,0.9900000095367432,1.0299999713897705,0.9700000286102295,1.0149999856948853,70500
2023-10-23,0.9800000190734863,0.9800000190734863,1.0199999809265137,0.949999988079071,0.9900000095367432,61900
2023-10-24,1.0499999523162842,1.0499999523162842,1.090000033378601,0.9750000238418579,0.9850000143051147,199800
2023-10-25,1.0399999618530273,1.0399999618530273,1.059999942779541,1.0,1.059999942779541,199700
2023-10-26,1.0700000524520874,1.0700000524520874,1.0800000429153442,1.0,1.0099999904632568,246800
2023-10-27,1.0,1.0,1.0800000429153442,1.0,1.0800000429153442,136600
2023-10-30,0.9990000128746033,0.9990000128746033,1.0399999618530273,0.949999988079071,0.9610000252723694,295100
2023-10-31,0.9559999704360962,0.9559999704360962,1.0299999713897705,0.953000009059906,1.0299999713897705,76900
2023-11-01,1.0199999809265137,1.0199999809265137,1.1200000047683716,0.949999988079071,0.9700000286102295,337400
2023-11-02,1.0700000524520874,1.0700000524520874,1.100000023841858,1.0099999904632568,1.0099999904632568,148200
2023-11-03,1.0700000524520874,1.0700000524520874,1.090000033378601,1.0099999904632568,1.0099999904632568,168600
2023-11-06,1.0700000524520874,1.0700000524520874,1.1200000047683716,1.059999942779541,1.0700000524520874,114700
2023-11-07,1.1200000047683716,1.1200000047683716,1.2899999618530273,1.059999942779541,1.0720000267028809,723100
2023-11-08,1.2200000286102295,1.2200000286102295,1.2400000095367432,1.090000033378601,1.149999976158142,466400
2023-11-09,1.1399999856948853,1.1399999856948853,1.190000057220459,1.100000023841858,1.1200000047683716,185400
2023-11-10,1.1200000047683716,1.1200000047683716,1.2100000381469727,1.100000023841858,1.2100000381469727,103600
2023-11-13,1.0700000524520874,1.0700000524520874,1.1200000047683716,1.0299999713897705,1.090000033378601,130400
2023-11-14,1.1200000047683716,1.1200000047683716,1.1399999856948853,1.0499999523162842,1.0800000429153442,133000
2023-11-15,1.1699999570846558,1.1699999570846558,1.1799999475479126,1.0839999914169312,1.100000023841858,100300
2023-11-16,1.0800000429153442,1.0800000429153442,1.1799999475479126,1.0499999523162842,1.149999976158142,85000
2023-11-17,1.1799999475479126,1.1799999475479126,1.190000057220459,1.059999942779541,1.059999942779541,91900
2023-11-20,1.1299999952316284,1.1299999952316284,1.1799999475479126,1.100000023841858,1.149999976158142,115000
2023-11-21,1.0499999523162842,1.0499999523162842,1.1299999952316284,1.0,1.090000033378601,79400
2023-11-22,1.0199999809265137,1.0199999809265137,1.100000023841858,1.0099999904632568,1.100000023841858,58700
2023-11-24,1.0099999904632568,1.0099999904632568,1.0700000524520874,1.0099999904632568,1.0099999904632568,36800
2023-11-27,1.0099999904632568,1.0099999904632568,1.0399999618530273,1.0,1.0,109800
2023-11-28,1.0099999904632568,1.0099999904632568,1.059999942779541,1.0099999904632568,1.0299999713897705,59000
2023-11-29,1.0499999523162842,1.0499999523162842,1.059999942779541,1.0199999809265137,1.0399999618530273,45900
2023-11-30,1.0099999904632568,1.0099999904632568,1.100000023841858,1.0,1.0299999713897705,211300
2023-12-01,1.059999942779541,1.059999942779541,1.0700000524520874,1.0099999904632568,1.0399999618530273,136800
2023-12-04,1.059999942779541,1.059999942779541,1.0700000524520874,1.0199999809265137,1.0499999523162842,91600
2023-12-05,1.0299999713897705,1.0299999713897705,1.0700000524520874,1.0199999809265137,1.0399999618530273,42800
2023-12-06,1.0399999618530273,1.0399999618530273,1.0800000429153442,1.0199999809265137,1.0199999809265137,104300
2023-12-07,1.0499999523162842,1.0499999523162842,1.059999942779541,1.0199999809265137,1.0399999618530273,107800
2023-12-08,1.0700000524520874,1.0700000524520874,1.100000023841858,1.0499999523162842,1.059999942779541,110100
2023-12-11,1.0299999713897705,1.0299999713897705,1.065999984741211,0.9800000190734863,1.0499999523162842,127700
2023-12-12,0.9599999785423279,0.9599999785423279,1.0299999713897705,0.9570000171661377,1.0299999713897705,110800
2023-12-13,1.0299999713897705,1.0299999713897705,1.059999942779541,0.9599999785423279,0.9620000123977661,242200
2023-12-14,1.1150000095367432,1.1150000095367432,1.1200000047683716,1.0299999713897705,1.0299999713897705,187800
2023-12-15,1.100000023841858,1.100000023841858,1.190000057220459,1.0700000524520874,1.1399999856948853,576900
2023-12-18,1.1200000047683716,1.1200000047683716,1.1799999475479126,1.0800000429153442,1.090000033378601,253300
2023-12-19,1.0800000429153442,1.0800000429153442,1.1799999475479126,1.0700000524520874,1.1299999952316284,226500
2023-12-20,1.1200000047683716,1.1200000047683716,1.190000057220459,1.0700000524520874,1.0700000524520874,228700
2023-12-21,1.1399999856948853,1.1399999856948853,1.159999966621399,1.0800000429153442,1.1399999856948853,92600
2023-12-22,1.2100000381469727,1.2100000381469727,1.2269999980926514,1.1200000047683716,1.1299999952316284,183900
2023-12-26,1.1299999952316284,1.1299999952316284,1.2000000476837158,1.1200000047683716,1.190000057220459,287300
2023-12-27,1.2100000381469727,1.2100000381469727,1.2400000095367432,1.1299999952316284,1.1299999952316284,537400
2023-12-28,1.3200000524520874,1.3200000524520874,1.3799999952316284,1.2100000381469727,1.2100000381469727,435000
2023-12-29,1.3899999856948853,1.3899999856948853,1.4700000286102295,1.2999999523162842,1.2999999523162842,447000
2024-01-02,1.25,1.25,1.3899999856948853,1.2200000286102295,1.309999942779541,328600
2024-01-03,1.25,1.25,1.2699999809265137,1.1799999475479126,1.2000000476837158,223200
2024-01-04,1.2699999809265137,1.2699999809265137,1.3700000047683716,1.2400000095367432,1.2400000095367432,149200
2024-01-05,1.2899999618530273,1.2899999618530273,1.3200000524520874,1.2300000190734863,1.25,158100
2024-01-08,1.3600000143051147,1.3600000143051147,1.3700000047683716,1.2619999647140503,1.2799999713897705,88800
2024-01-09,1.399999976158142,1.399999976158142,1.4700000286102295,1.2899999618530273,1.3200000524520874,278900
2024-01-10,1.350000023841858,1.350000023841858,1.4299999475479126,1.3200000524520874,1.399999976158142,112600
2024-01-11,1.2899999618530273,1.2899999618530273,1.350000023841858,1.2799999713897705,1.3200000524520874,139000
2024-01-12,1.2999999523162842,1.2999999523162842,1.3300000429153442,1.2599999904632568,1.3300000429153442,56200
2024-01-16,1.2799999713897705,1.2799999713897705,1.3289999961853027,1.2599999904632568,1.2799999713897705,73900
2024-01-17,1.2999999523162842,1.2999999523162842,1.309999942779541,1.25,1.2599999904632568,28700
2024-01-18,1.340000033378601,1.340000033378601,1.350000023841858,1.2400000095367432,1.2799999713897705,156800
2024-01-19,1.3300000429153442,1.3300000429153442,1.3899999856948853,1.2999999523162842,1.340000033378601,209100
2024-01-22,1.350000023841858,1.350000023841858,1.3899999856948853,1.3300000429153442,1.340000033378601,192100
2024-01-23,1.3200000524520874,1.3200000524520874,1.3799999952316284,1.2999999523162842,1.350000023841858,165900
2024-01-24,1.5149999856948853,1.5149999856948853,1.5299999713897705,1.3200000524520874,1.3300000429153442,714800
2024-01-25,1.3899999856948853,1.3899999856948853,1.5199999809265137,1.3600000143051147,1.5099999904632568,301900
2024-01-26,1.5099999904632568,1.5099999904632568,1.5399999618530273,1.3899999856948853,1.3899999856948853,322700
2024-01-29,1.4700000286102295,1.4700000286102295,1.5099999904632568,1.4299999475479126,1.4800000190734863,156000
2024-01-30,1.440000057220459,1.440000057220459,1.5399999618530273,1.4199999570846558,1.4600000381469727,238400
2024-01-31,1.4299999475479126,1.4299999475479126,1.4700000286102295,1.409999966621399,1.409999966621399,162200
2024-02-01,1.4299999475479126,1.4299999475479126,1.4299999475479126,1.3899999856948853,1.4299999475479126,106200
2024-02-02,1.4299999475479126,1.4299999475479126,1.4800000190734863,1.3899999856948853,1.3899999856948853,107700
2024-02-05,1.5499999523162842,1.5499999523162842,1.5499999523162842,1.4299999475479126,1.4299999475479126,320200
2024-02-06,1.590000033378601,1.590000033378601,1.590000033378601,1.5199999809265137,1.5499999523162842,212500
2024-02-07,1.4700000286102295,1.4700000286102295,1.590000033378601,1.4299999475479126,1.590000033378601,233900
2024-02-08,1.4900000095367432,1.4900000095367432,1.565999984741211,1.0199999809265137,1.399999976158142,675000
2024-02-09,1.399999976158142,1.399999976158142,1.5,1.3799999952316284,1.4600000381469727,70200
2024-02-12,1.5,1.5,1.5299999713897705,1.399999976158142,1.399999976158142,157300
2024-02-13,1.4600000381469727,1.4600000381469727,1.5299999713897705,1.4199999570846558,1.4500000476837158,118700
2024-02-14,1.409999966621399,1.409999966621399,1.440000057220459,1.3600000143051147,1.4299999475479126,233700
2024-02-15,1.440000057220459,1.440000057220459,1.4700000286102295,1.350000023841858,1.440000057220459,151500
2024-02-16,1.4500000476837158,1.4500000476837158,1.534999966621399,1.4299999475479126,1.4299999475479126,178600
2024-02-20,1.5700000524520874,1.5700000524520874,1.590000033378601,1.399999976158142,1.4199999570846558,401900
2024-02-21,1.600000023841858,1.600000023841858,1.6649999618530273,1.5499999523162842,1.5700000524520874,339500
2024-02-22,1.6799999475479126,1.6799999475479126,1.7300000190734863,1.625,1.625,323000
2024-02-23,1.7100000381469727,1.7100000381469727,1.7400000095367432,1.649999976158142,1.6699999570846558,260900
2024-02-26,1.690000057220459,1.690000057220459,1.75,1.600000023841858,1.7000000476837158,277600
2024-02-27,1.6799999475479126,1.6799999475479126,1.75,1.659999966621399,1.6799999475479126,202100
2024-02-28,1.649999976158142,1.649999976158142,1.75,1.6349999904632568,1.7000000476837158,334500
2024-02-29,1.6200000047683716,1.6200000047683716,1.7100000381469727,1.5299999713897705,1.6699999570846558,633300
2024-03-01,1.5800000429153442,1.5800000429153442,1.649999976158142,1.5499999523162842,1.6200000047683716,161700
2024-03-04,1.7200000286102295,1.7200000286102295,1.7400000095367432,1.4950000047683716,1.559999942779541,521700
2024-03-05,1.7200000286102295,1.7200000286102295,1.7799999713897705,1.6200000047683716,1.6299999952316284,243700
2024-03-06,1.899999976158142,1.899999976158142,1.9299999475479126,1.7400000095367432,1.7799999713897705,531500
2024-03-07,1.9299999475479126,1.9299999475479126,2.0299999713897705,1.8300000429153442,1.9299999475479126,533800
2024-03-08,1.8700000047683716,1.8700000047683716,1.9800000190734863,1.809999942779541,1.9500000476837158,359200
2024-03-11,1.8200000524520874,1.8200000524520874,1.9800000190734863,1.7999999523162842,1.850000023841858,332700
2024-03-12,1.8550000190734863,1.8550000190734863,1.909999966621399,1.7100000381469727,1.850000023841858,310600
2024-03-13,1.8700000047683716,1.8700000047683716,1.9299999475479126,1.7599999904632568,1.8700000047683716,314000
2024-03-14,1.8200000524520874,1.8200000524520874,1.9420000314712524,1.8200000524520874,1.850000023841858,302100
2024-03-15,1.840000033378601,1.840000033378601,1.9199999570846558,1.8300000429153442,1.8700000047683716,409800
2024-03-18,1.8799999952316284,1.8799999952316284,1.940000057220459,1.840000033378601,1.840000033378601,208400
2024-03-19,2.059999942779541,2.059999942779541,2.1500000953674316,1.8899999856948853,1.909999966621399,648300
2024-03-20,1.9800000190734863,1.9800000190734863,2.109999895095825,1.9299999475479126,2.0899999141693115,541700
2024-03-21,2.049999952316284,2.049999952316284,2.0799999237060547,1.9500000476837158,1.9900000095367432,514800
2024-03-22,2.0399999618530273,2.0399999618530273,2.0999999046325684,2.010999917984009,2.0399999618530273,558800
2024-03-25,1.9500000476837158,1.9500000476837158,2.049999952316284,1.7799999713897705,2.049999952316284,531700
2024-03-26,1.9199999570846558,1.9199999570846558,1.9700000286102295,1.899999976158142,1.899999976158142,318500
2024-03-27,1.9299999475479126,1.9299999475479126,1.9700000286102295,1.8799999952316284,1.9500000476837158,254300
2024-03-28,1.9500000476837158,1.9500000476837158,1.9700000286102295,1.9249999523162842,1.940000057220459,549100
2024-04-01,1.850000023841858,1.850000023841858,1.9600000381469727,1.8300000429153442,1.9500000476837158,431500
2024-04-02,1.8700000047683716,1.8700000047683716,1.8949999809265137,1.840000033378601,1.8700000047683716,231800
2024-04-03,1.8600000143051147,1.8600000143051147,2.0,1.8600000143051147,1.8700000047683716,327100
2024-04-04,1.899999976158142,1.899999976158142,1.9249999523162842,1.8200000524520874,1.8700000047683716,343400
2024-04-05,1.9500000476837158,1.9500000476837158,1.9700000286102295,1.8799999952316284,1.8799999952316284,197800
2024-04-08,1.9500000476837158,1.9500000476837158,1.9800000190734863,1.909999966621399,1.9800000190734863,257800
2024-04-09,1.8300000429153442,1.8300000429153442,1.9700000286102295,1.8300000429153442,1.9500000476837158,393000
2024-04-10,1.8200000524520874,1.8200000524520874,1.8899999856948853,1.7799999713897705,1.8600000143051147,218100
2024-04-11,1.8300000429153442,1.8300000429153442,1.8600000143051147,1.7699999809265137,1.809999942779541,236600
2024-04-12,1.75,1.75,1.8600000143051147,1.7100000381469727,1.840000033378601,295700
2024-04-15,1.7300000190734863,1.7300000190734863,1.7999999523162842,1.6799999475479126,1.75,411700
2024-04-16,1.659999966621399,1.659999966621399,1.7300000190734863,1.6399999856948853,1.7100000381469727,190600
2024-04-17,1.6699999570846558,1.6699999570846558,1.690000057220459,1.5399999618530273,1.6699999570846558,385400
2024-04-18,1.7000000476837158,1.7000000476837158,1.7389999628067017,1.5800000429153442,1.6699999570846558,524000
2024-04-19,1.659999966621399,1.659999966621399,1.7400000095367432,1.600000023841858,1.690000057220459,291900
2024-04-22,1.7200000286102295,1.7200000286102295,1.7400000095367432,1.6200000047683716,1.6699999570846558,289400
2024-04-23,1.7400000095367432,1.7400000095367432,1.8200000524520874,1.7000000476837158,1.7000000476837158,233000
2024-04-24,1.8799999952316284,1.8799999952316284,1.8899999856948853,1.7400000095367432,1.7400000095367432,292100
2024-04-25,1.850000023841858,1.850000023841858,1.899999976158142,1.7699999809265137,1.899999976158142,296100
2024-04-26,1.8949999809265137,1.8949999809265137,1.940000057220459,1.8300000429153442,1.8600000143051147,313800
2024-04-29,1.9299999475479126,1.9299999475479126,1.9850000143051147,1.8799999952316284,1.9800000190734863,423800
2024-04-30,1.899999976158142,1.899999976158142,1.9600000381469727,1.840000033378601,1.9199999570846558,346500
2024-05-01,1.840000033378601,1.840000033378601,1.9299999475479126,1.840000033378601,1.9299999475479126,143900
2024-05-02,1.909999966621399,1.909999966621399,1.909999966621399,1.8509999513626099,1.8700000047683716,264400
2024-05-03,1.9299999475479126,1.9299999475479126,1.9700000286102295,1.8949999809265137,1.9199999570846558,211400
2024-05-06,1.9500000476837158,1.9500000476837158,1.9800000190734863,1.8700000047683716,1.8700000047683716,246500
2024-05-07,1.8899999856948853,1.8899999856948853,1.9800000190734863,1.8799999952316284,1.9700000286102295,286300
2024-05-08,1.8200000524520874,1.8200000524520874,1.9500000476837158,1.7899999618530273,1.8899999856948853,218100
2024-05-09,1.875,1.875,1.9199999570846558,1.8300000429153442,1.8300000429153442,217200
2024-05-10,1.7999999523162842,1.7999999523162842,1.899999976158142,1.7899999618530273,1.8899999856948853,172400
2024-05-13,1.7999999523162842,1.7999999523162842,1.899999976158142,1.7599999904632568,1.7899999618530273,347500
2024-05-14,1.7999999523162842,1.7999999523162842,1.850000023841858,1.7599999904632568,1.7999999523162842,193500
2024-05-15,1.840000033378601,1.840000033378601,1.8799999952316284,1.7999999523162842,1.7999999523162842,245800
2024-05-16,1.809999942779541,1.809999942779541,1.8799999952316284,1.7999999523162842,1.850000023841858,135500
2024-05-17,1.8300000429153442,1.8300000429153442,1.8700000047683716,1.7999999523162842,1.809999942779541,181800
2024-05-20,1.7699999809265137,1.7699999809265137,1.8600000143051147,1.7599999904632568,1.809999942779541,131500
2024-05-21,1.7999999523162842,1.7999999523162842,1.809999942779541,1.715000033378601,1.7599999904632568,166200
2024-05-22,1.7400000095367432,1.7400000095367432,1.809999942779541,1.7200000286102295,1.7699999809265137,238200
2024-05-23,1.690000057220459,1.690000057220459,1.7799999713897705,1.659999966621399,1.7699999809265137,244200
2024-05-24,1.7599999904632568,1.7599999904632568,1.8200000524520874,1.659999966621399,1.6699999570846558,266100
2024-05-28,1.7000000476837158,1.7000000476837158,1.7999999523162842,1.690000057220459,1.7999999523162842,224500
2024-05-29,1.7200000286102295,1.7200000286102295,1.7300000190734863,1.690000057220459,1.7000000476837158,235800
2024-05-30,1.6799999475479126,1.6799999475479126,1.75,1.649999976158142,1.690000057220459,190200
2024-05-31,1.649999976158142,1.649999976158142,1.7000000476837158,1.590000033378601,1.659999966621399,200700
2024-06-03,1.6399999856948853,1.6399999856948853,1.7100000381469727,1.590000033378601,1.6799999475479126,280800
2024-06-04,1.7300000190734863,1.7300000190734863,1.7350000143051147,1.649999976158142,1.649999976158142,235500
2024-06-05,1.7799999713897705,1.7799999713897705,1.7899999618530273,1.7000000476837158,1.7200000286102295,342600
2024-06-06,1.8300000429153442,1.8300000429153442,1.8799999952316284,1.7599999904632568,1.7799999713897705,457500
2024-06-07,1.7100000381469727,1.7100000381469727,1.8300000429153442,1.6699999570846558,1.7999999523162842,362000
2024-06-10,1.6799999475479126,1.6799999475479126,1.75,1.649999976158142,1.7000000476837158,318000
2024-06-11,1.6799999475479126,1.6799999475479126,1.7100000381469727,1.6299999952316284,1.659999966621399,217600
2024-06-12,1.7799999713897705,1.7799999713897705,1.8300000429153442,1.7100000381469727,1.7400000095367432,589700
2024-06-13,1.850000023841858,1.850000023841858,1.8799999952316284,1.7400000095367432,1.7799999713897705,237100
2024-06-14,1.8200000524520874,1.8200000524520874,1.8899999856948853,1.8200000524520874,1.8300000429153442,267100
2024-06-17,1.7400000095367432,1.7400000095367432,1.8200000524520874,1.7300000190734863,1.809999942779541,207700
2024-06-18,1.649999976158142,1.649999976158142,1.7599999904632568,1.649999976158142,1.7300000190734863,299900
2024-06-20,1.6399999856948853,1.6399999856948853,1.7000000476837158,1.6100000143051147,1.659999966621399,255000
2024-06-21,1.590000033378601,1.590000033378601,1.659999966621399,1.5299999713897705,1.6299999952316284,623100
2024-06-24,1.5399999618530273,1.5399999618530273,1.5800000429153442,1.4800000190734863,1.559999942779541,575000
2024-06-25,1.5099999904632568,1.5099999904632568,1.5800000429153442,1.5099999904632568,1.5499999523162842,408100
2024-06-26,1.5,1.5,1.559999942779541,1.3799999952316284,1.4800000190734863,583100
2024-06-27,1.5449999570846558,1.5449999570846558,1.6299999952316284,1.4500000476837158,1.4500000476837158,526900
2024-06-28,1.5700000524520874,1.5700000524520874,1.6299999952316284,1.5099999904632568,1.5299999713897705,8094900
2024-07-01,1.4800000190734863,1.4800000190734863,1.559999942779541,1.4299999475479126,1.5399999618530273,527100
2024-07-02,1.440000057220459,1.440000057220459,1.4900000095367432,1.4199999570846558,1.4500000476837158,249500
2024-07-03,1.4700000286102295,1.4700000286102295,1.4800000190734863,1.4299999475479126,1.4600000381469727,162000
2024-07-05,1.340000033378601,1.340000033378601,1.4700000286102295,1.3300000429153442,1.4500000476837158,341500
2024-07-08,1.3799999952316284,1.3799999952316284,1.3899999856948853,1.2100000381469727,1.2999999523162842,644800
2024-07-09,1.350000023841858,1.350000023841858,1.409999966621399,1.340000033378601,1.3700000047683716,293800
2024-07-10,1.340000033378601,1.340000033378601,1.3600000143051147,1.3200000524520874,1.3600000143051147,142500
2024-07-11,1.440000057220459,1.440000057220459,1.4600000381469727,1.3300000429153442,1.3300000429153442,378400
2024-07-12,1.409999966621399,1.409999966621399,1.4700000286102295,1.3899999856948853,1.4600000381469727,253500
2024-07-15,1.4199999570846558,1.4199999570846558,1.4299999475479126,1.3700000047683716,1.3899999856948853,342800
2024-07-16,1.5299999713897705,1.5299999713897705,1.5299999713897705,1.440000057220459,1.440000057220459,420500
2024-07-17,1.5299999713897705,1.5299999713897705,1.600000023841858,1.465000033378601,1.5199999809265137,471400
2024-07-18,1.5399999618530273,1.5399999618530273,1.6699999570846558,1.5,1.5399999618530273,564600
2024-07-19,1.4900000095367432,1.4900000095367432,1.6100000143051147,1.4800000190734863,1.600000023841858,294600
2024-07-22,1.4900000095367432,1.4900000095367432,1.534999966621399,1.4500000476837158,1.5099999904632568,226500
2024-07-23,1.5499999523162842,1.5499999523162842,1.590000033378601,1.4850000143051147,1.5,276200
2024-07-24,1.4800000190734863,1.4800000190734863,1.5399999618530273,1.4800000190734863,1.5399999618530273,229600
2024-07-25,1.6100000143051147,1.6100000143051147,1.6299999952316284,1.4800000190734863,1.5,718900
2024-07-26,1.6399999856948853,1.6399999856948853,1.6699999570846558,1.600000023841858,1.6299999952316284,265000
2024-07-29,1.600000023841858,1.600000023841858,1.690000057220459,1.5820000171661377,1.6299999952316284,197700
2024-07-30,1.6449999809265137,1.6449999809265137,1.6799999475479126,1.5800000429153442,1.600000023841858,267400
2024-07-31,1.7000000476837158,1.7000000476837158,1.7599999904632568,1.6549999713897705,1.659999966621399,452900
2024-08-01,1.6150000095367432,1.6150000095367432,1.7400000095367432,1.5,1.7300000190734863,444200
2024-08-02,1.559999942779541,1.559999942779541,1.590000033378601,1.4900000095367432,1.5499999523162842,251000
2024-08-05,1.4800000190734863,1.4800000190734863,1.5499999523162842,1.409999966621399,1.4299999475479126,374000
2024-08-06,1.5099999904632568,1.5099999904632568,1.5800000429153442,1.4700000286102295,1.5,206200
2024-08-07,1.4199999570846558,1.4199999570846558,1.5700000524520874,1.409999966621399,1.5199999809265137,271200
2024-08-08,1.5199999809265137,1.5199999809265137,1.5199999809265137,1.409999966621399,1.440000057220459,204900
2024-08-09,1.4700000286102295,1.4700000286102295,1.5299999713897705,1.440000057220459,1.5099999904632568,130400
2024-08-12,1.4900000095367432,1.4900000095367432,1.5099999904632568,1.440000057220459,1.4600000381469727,257600
2024-08-13,1.5800000429153442,1.5800000429153442,1.7300000190734863,1.4500000476837158,1.6299999952316284,477600
2024-08-14,1.5800000429153442,1.5800000429153442,1.649999976158142,1.559999942779541,1.6100000143051147,143900
2024-08-15,1.659999966621399,1.659999966621399,1.7000000476837158,1.600000023841858,1.600000023841858,260900
2024-08-16,1.7100000381469727,1.7100000381469727,1.7300000190734863,1.621000051498413,1.659999966621399,209300
2024-08-19,1.659999966621399,1.659999966621399,1.7599999904632568,1.6399999856948853,1.7000000476837158,234000
2024-08-20,1.7450000047683716,1.7450000047683716,1.75,1.6399999856948853,1.6699999570846558,173200
2024-08-21,1.75,1.75,1.7999999523162842,1.715000033378601,1.75,256000
2024-08-22,1.6699999570846558,1.6699999570846558,1.7699999809265137,1.6699999570846558,1.7699999809265137,145500
2024-08-23,1.75,1.75,1.7799999713897705,1.6799999475479126,1.7000000476837158,341300
2024-08-26,1.7999999523162842,1.7999999523162842,1.7999999523162842,1.7200000286102295,1.7799999713897705,451100
2024-08-27,1.7899999618530273,1.7899999618530273,1.7949999570846558,1.7100000381469727,1.7899999618530273,227600
2024-08-28,1.7400000095367432,1.7400000095367432,1.815000057220459,1.7200000286102295,1.7799999713897705,153200
2024-08-29,1.75,1.75,1.7699999809265137,1.7200000286102295,1.7699999809265137,205800
2024-08-30,1.7400000095367432,1.7400000095367432,1.7599999904632568,1.7000000476837158,1.75,113300
2024-09-03,1.5800000429153442,1.5800000429153442,1.7300000190734863,1.5,1.7300000190734863,387600
2024-09-04,1.600000023841858,1.600000023841858,1.6399999856948853,1.590000033378601,1.590000033378601,141400
2024-09-05,1.5800000429153442,1.5800000429153442,1.6150000095367432,1.565000057220459,1.600000023841858,83200
2024-09-06,1.5199999809265137,1.5199999809265137,1.6399999856948853,1.5,1.6100000143051147,150900
2024-09-09,1.5299999713897705,1.5299999713897705,1.5700000524520874,1.5,1.5499999523162842,134100
2024-09-10,1.4299999475479126,1.4299999475479126,1.5499999523162842,1.4299999475479126,1.5299999713897705,174500
2024-09-11,1.5,1.5,1.5,1.409999966621399,1.409999966621399,153700
2024-09-12,1.5,1.5,1.5299999713897705,1.4600000381469727,1.5199999809265137,152500
2024-09-13,1.4700000286102295,1.4700000286102295,1.5390000343322754,1.4550000429153442,1.5299999713897705,218400
2024-09-16,1.4700000286102295,1.4700000286102295,1.4900000095367432,1.4500000476837158,1.4900000095367432,100400
2024-09-17,1.4800000190734863,1.4800000190734863,1.5199999809265137,1.4500000476837158,1.4900000095367432,116800
2024-09-18,1.4299999475479126,1.4299999475479126,1.4900000095367432,1.4299999475479126,1.4700000286102295,136900
2024-09-19,1.4500000476837158,1.4500000476837158,1.4900000095367432,1.340000033378601,1.4700000286102295,487800
2024-09-20,1.3799999952316284,1.3799999952316284,1.4900000095367432,1.3799999952316284,1.4500000476837158,1398600
2024-09-23,1.2000000476837158,1.2000000476837158,1.4019999504089355,1.190000057220459,1.3700000047683716,609200
2024-09-24,1.0950000286102295,1.0950000286102295,1.2400000095367432,1.0329999923706055,1.2100000381469727,860900
2024-09-25,1.1799999475479126,1.1799999475479126,1.1799999475479126,1.0700000524520874,1.0700000524520874,565900
2024-09-26,1.149999976158142,1.149999976158142,1.2100000381469727,1.0950000286102295,1.190000057220459,362800
2024-09-27,1.059999942779541,1.059999942779541,1.1549999713897705,1.0499999523162842,1.1549999713897705,480300
2024-09-30,0.9490000009536743,0.9490000009536743,1.090000033378601,0.9459999799728394,1.059999942779541,801200
2024-10-01,0.7300000190734863,0.7300000190734863,1.2000000476837158,0.6399999856948853,0.9610000252723694,7096700
2024-10-02,0.75,0.75,0.7730000019073486,0.6790000200271606,0.7440000176429749,1651700
2024-10-03,0.6919999718666077,0.6919999718666077,0.7300000190734863,0.6620000004768372,0.7300000190734863,1162500
2024-10-04,0.6800000071525574,0.6800000071525574,0.7099999785423279,0.6610000133514404,0.7099999785423279,506300
2024-10-07,0.6259999871253967,0.6259999871253967,0.6899999976158142,0.6200000047683716,0.6800000071525574,657900
2024-10-08,0.6439999938011169,0.6439999938011169,0.6729999780654907,0.6000000238418579,0.6259999871253967,711900
2024-10-09,0.7440000176429749,0.7440000176429749,0.7549999952316284,0.6399999856948853,0.6499999761581421,1409700
2024-10-10,0.7059999704360962,0.7059999704360962,0.75,0.6660000085830688,0.75,988300
2024-10-11,0.7080000042915344,0.7080000042915344,0.7250000238418579,0.6850000023841858,0.7250000238418579,438400
2024-10-14,0.6549999713897705,0.6549999713897705,0.703000009059906,0.6499999761581421,0.699999988079071,373900
2024-10-15,0.6129999756813049,0.6129999756813049,0.6800000071525574,0.5699999928474426,0.6740000247955322,933800
2024-10-16,0.6729999780654907,0.6729999780654907,0.6729999780654907,0.5899999737739563,0.6200000047683716,459600
2024-10-17,0.6639999747276306,0.6639999747276306,0.6899999976158142,0.6269999742507935,0.6620000004768372,190400
2024-10-18,0.6489999890327454,0.6489999890327454,0.6840000152587891,0.6420000195503235,0.6800000071525574,612000
2024-10-21,0.6129999756813049,0.6129999756813049,0.6980000138282776,0.6060000061988831,0.6919999718666077,985100
2024-10-22,0.6230000257492065,0.6230000257492065,0.6460000276565552,0.5929999947547913,0.6129999756813049,340900
2024-10-23,0.6129999756813049,0.6129999756813049,0.6200000047683716,0.5989999771118164,0.6190000176429749,279700
2024-10-24,0.5619999766349792,0.5619999766349792,0.6489999890327454,0.5619999766349792,0.6349999904632568,825500
2024-10-25,0.5849999785423279,0.5849999785423279,0.6150000095367432,0.5619999766349792,0.5730000138282776,295000
2024-10-28,0.6610000133514404,0.6610000133514404,0.675000011920929,0.5910000205039978,0.6069999933242798,841400
2024-10-29,0.621999979019165,0.621999979019165,0.6740000247955322,0.6100000143051147,0.6669999957084656,346700
2024-10-30,0.671999990940094,0.671999990940094,0.6980000138282776,0.6150000095367432,0.6200000047683716,880600
2024-10-31,0.6899999976158142,0.6899999976158142,0.718999981880188,0.6200000047683716,0.6700000166893005,1035600
2024-11-01,0.7739999890327454,0.7739999890327454,0.7900000214576721,0.6809999942779541,0.6809999942779541,1329600
2024-11-04,0.7310000061988831,0.7310000061988831,0.7820000052452087,0.7210000157356262,0.777999997138977,250100
2024-11-05,0.7059999704360962,0.7059999704360962,0.75,0.6850000023841858,0.7459999918937683,351100
2024-11-06,0.9070000052452087,0.9070000052452087,0.9100000262260437,0.7059999704360962,0.7490000128746033,1256000
2024-11-07,0.8510000109672546,0.8510000109672546,0.949999988079071,0.8100000023841858,0.8500000238418579,784700
2024-11-08,0.8859999775886536,0.8859999775886536,0.8970000147819519,0.8240000009536743,0.8399999737739563,211800
2024-11-11,0.9079999923706055,0.9079999923706055,0.949999988079071,0.8859999775886536,0.8899999856948853,721500
2024-11-12,0.8899999856948853,0.8899999856948853,0.9200000166893005,0.8880000114440918,0.8999999761581421,355500
2024-11-13,0.890999972820282,0.890999972820282,0.9129999876022339,0.8859999775886536,0.8899999856948853,377800
2024-11-14,0.8259999752044678,0.8259999752044678,0.9120000004768372,0.8180000185966492,0.9120000004768372,330500
2024-11-15,0.7799999713897705,0.7799999713897705,0.859000027179718,0.7390000224113464,0.8500000238418579,292000
2024-11-18,0.800000011920929,0.800000011920929,0.8610000014305115,0.7919999957084656,0.800000011920929,176600
2024-11-19,0.7699999809265137,0.7699999809265137,0.8169999718666077,0.7559999823570251,0.800000011920929,161900
2024-11-20,0.796999990940094,0.796999990940094,0.8019999861717224,0.7139999866485596,0.7599999904632568,313400
2024-11-21,0.8309999704360962,0.8309999704360962,0.8500000238418579,0.7559999823570251,0.7559999823570251,174500
2024-11-22,0.878000020980835,0.878000020980835,0.8799999952316284,0.8109999895095825,0.828000009059906,249800
2024-11-25,0.9049999713897705,0.9049999713897705,0.9200000166893005,0.8700000047683716,0.8849999904632568,231800
2024-11-26,0.9399999976158142,0.9399999976158142,0.9800000190734863,0.8600000143051147,0.9150000214576721,658700
2024-11-27,0.9700000286102295,0.9700000286102295,0.9890000224113464,0.8799999952316284,0.9490000009536743,495800
2024-11-29,1.0,1.0,1.0199999809265137,0.9319999814033508,0.9900000095367432,260400
2024-12-02,0.949999988079071,0.949999988079071,1.0299999713897705,0.9309999942779541,0.9900000095367432,285300
2024-12-03,1.0499999523162842,1.0499999523162842,1.059999942779541,0.9620000123977661,0.9620000123977661,251400
2024-12-04,1.0299999713897705,1.0299999713897705,1.0700000524520874,1.0,1.0700000524520874,168600
2024-12-05,1.059999942779541,1.059999942779541,1.100000023841858,1.0,1.0399999618530273,315700
2024-12-06,1.059999942779541,1.059999942779541,1.090000033378601,1.0199999809265137,1.0800000429153442,169500
2024-12-09,1.0399999618530273,1.0399999618530273,1.100000023841858,1.0099999904632568,1.059999942779541,219100
2024-12-10,1.1399999856948853,1.1399999856948853,1.149999976158142,1.0299999713897705,1.0299999713897705,507600
2024-12-11,1.159999966621399,1.159999966621399,1.2100000381469727,1.100000023841858,1.1399999856948853,501900
2024-12-12,1.0499999523162842,1.0499999523162842,1.1699999570846558,1.0199999809265137,1.1699999570846558,359000
2024-12-13,1.0199999809265137,1.0199999809265137,1.0700000524520874,1.0099999904632568,1.0700000524520874,282800
2024-12-16,1.0299999713897705,1.0299999713897705,1.059999942779541,0.9639999866485596,1.0099999904632568,370400
2024-12-17,1.0199999809265137,1.0199999809265137,1.034999966621399,0.9800000190734863,1.0099999904632568,181400
2024-12-18,1.0499999523162842,1.0499999523162842,1.149999976158142,1.0199999809265137,1.0700000524520874,745200
2024-12-19,1.090000033378601,1.090000033378601,1.1150000095367432,1.059999942779541,1.0700000524520874,367500
2024-12-20,1.2200000286102295,1.2200000286102295,1.2200000286102295,1.062000036239624,1.0700000524520874,1317500
2024-12-23,1.1799999475479126,1.1799999475479126,1.2200000286102295,1.1299999952316284,1.190000057220459,331000
