Date,Adj Close,Close,High,Low,Open,Volume
1988-12-29,0.49421700835227966,0.5,0.625,0.5,0.0,400
1988-12-30,0.49421700835227966,0.5,0.5,0.5,0.5,0
1989-01-03,0.49421700835227966,0.5,0.5,0.5,0.5,0
1989-01-04,0.49421700835227966,0.5,0.625,0.5,0.0,4000
1989-01-05,0.49421700835227966,0.5,0.625,0.5,0.0,4400
1989-01-06,0.49421700835227966,0.5,0.5,0.5,0.5,0
1989-01-09,0.49421700835227966,0.5,0.5,0.5,0.5,0
1989-01-10,0.49421700835227966,0.5,0.5,0.5,0.5,0
1989-01-11,0.49421700835227966,0.5,0.5,0.5,0.5,0
1989-01-12,0.5251055955886841,0.53125,0.59375,0.53125,0.0,8000
1989-01-13,0.49421700835227966,0.5,0.59375,0.5,0.0,4000
1989-01-16,0.49421700835227966,0.5,0.5,0.5,0.5,0
1989-01-17,0.49421700835227966,0.5,0.53125,0.5,0.0,24800
1989-01-18,0.49421700835227966,0.5,0.5625,0.5,0.0,9200
1989-01-19,0.49421700835227966,0.5,0.5,0.5,0.5,0
1989-01-20,0.49421700835227966,0.5,0.5625,0.5,0.0,12000
1989-01-23,0.5251055955886841,0.53125,0.5625,0.53125,0.0,4400
1989-01-24,0.5251055955886841,0.53125,0.625,0.53125,0.0,6000
1989-01-25,0.5868827104568481,0.59375,0.65625,0.59375,0.0,26800
1989-01-26,0.5868827104568481,0.59375,0.59375,0.59375,0.59375,0
1989-01-27,0.5868827104568481,0.59375,0.625,0.59375,0.0,9200
1989-01-30,0.5868827104568481,0.59375,0.625,0.59375,0.0,6000
1989-01-31,0.5868827104568481,0.59375,0.625,0.59375,0.0,28000
1989-02-01,0.5868827104568481,0.59375,0.6875,0.59375,0.0,28400
1989-02-02,0.6177712678909302,0.625,0.6875,0.625,0.0,16000
1989-02-03,0.6486598253250122,0.65625,0.71875,0.65625,0.0,30000
1989-02-06,0.6486598253250122,0.65625,0.65625,0.65625,0.65625,0
1989-02-07,0.8339911699295044,0.84375,0.90625,0.84375,0.0,108000
1989-02-08,0.8031026124954224,0.8125,0.828125,0.8125,0.0,81200
1989-02-09,0.7722140550613403,0.78125,0.828125,0.78125,0.0,8000
1989-02-10,0.7722140550613403,0.78125,0.828125,0.78125,0.0,12000
1989-02-13,0.7876583933830261,0.796875,0.828125,0.796875,0.0,4000
1989-02-14,0.8185469508171082,0.828125,0.875,0.828125,0.0,23200
1989-02-15,0.8339911699295044,0.84375,0.90625,0.84375,0.0,14800
1989-02-16,0.8957683444023132,0.90625,0.9375,0.90625,0.0,36000
1989-02-17,0.8648797869682312,0.875,0.9375,0.875,0.0,19600
1989-02-21,0.8648797869682312,0.875,0.921875,0.875,0.0,17200
1989-02-22,0.8648797869682312,0.875,0.875,0.875,0.875,0
1989-02-23,0.8339911699295044,0.84375,0.90625,0.84375,0.0,24400
1989-02-24,0.8031026124954224,0.8125,0.90625,0.8125,0.0,8000
1989-02-27,0.8031026124954224,0.8125,0.8125,0.8125,0.8125,0
1989-02-28,0.8031026124954224,0.8125,0.8125,0.8125,0.8125,0
1989-03-01,0.8031026124954224,0.8125,0.8125,0.8125,0.8125,0
1989-03-02,0.8031026124954224,0.8125,0.890625,0.8125,0.0,800
1989-03-03,0.8031026124954224,0.8125,0.90625,0.8125,0.0,25200
1989-03-06,0.8031026124954224,0.8125,0.8125,0.8125,0.8125,0
1989-03-07,0.8648797869682312,0.875,0.9375,0.875,0.0,10000
1989-03-08,0.8648797869682312,0.875,0.9375,0.875,0.0,10000
1989-03-09,0.8648797869682312,0.875,0.9375,0.875,0.0,2000
1989-03-10,0.8648797869682312,0.875,0.921875,0.875,0.0,1200
1989-03-13,0.8648797869682312,0.875,0.921875,0.875,0.0,5600
1989-03-14,0.8803240656852722,0.890625,0.921875,0.890625,0.0,18400
1989-03-15,0.8803240656852722,0.890625,0.890625,0.890625,0.890625,0
1989-03-16,0.8648797869682312,0.875,0.921875,0.875,0.0,1200
1989-03-17,0.8648797869682312,0.875,0.875,0.875,0.875,0
1989-03-20,0.8494355082511902,0.859375,0.921875,0.859375,0.0,20000
1989-03-21,0.8494355082511902,0.859375,0.921875,0.859375,0.0,15200
1989-03-22,0.8494355082511902,0.859375,0.921875,0.859375,0.0,5200
1989-03-23,0.8648797869682312,0.875,0.9375,0.875,0.0,4400
1989-03-27,0.8648797869682312,0.875,0.9375,0.875,0.0,2000
1989-03-28,0.8648797869682312,0.875,0.9375,0.875,0.0,1200
1989-03-29,0.9112126231193542,0.921875,0.96875,0.921875,0.0,10400
1989-03-30,0.8957683444023132,0.90625,0.96875,0.90625,0.0,8800
1989-03-31,0.8803240656852722,0.890625,0.9375,0.890625,0.0,12800
1989-04-03,0.8803240656852722,0.890625,0.9375,0.890625,0.0,800
1989-04-04,0.8648797869682312,0.875,0.9375,0.875,0.0,1600
1989-04-05,0.8648797869682312,0.875,0.921875,0.875,0.0,4800
1989-04-06,0.8648797869682312,0.875,0.921875,0.875,0.0,2400
1989-04-07,0.8339911699295044,0.84375,0.90625,0.84375,0.0,13600
1989-04-10,0.7876583933830261,0.796875,0.84375,0.796875,0.0,47200
1989-04-11,0.8339911699295044,0.84375,0.875,0.84375,0.0,19200
1989-04-12,0.8339911699295044,0.84375,0.84375,0.84375,0.84375,0
1989-04-13,0.8031026124954224,0.8125,0.875,0.8125,0.0,14400
1989-04-14,0.8185469508171082,0.828125,0.859375,0.828125,0.0,11600
1989-04-17,0.8185469508171082,0.828125,0.859375,0.828125,0.0,4000
1989-04-18,0.8648797869682312,0.875,0.953125,0.875,0.0,40800
1989-04-19,0.8957683444023132,0.90625,0.96875,0.90625,0.0,17600
1989-04-20,0.9266569018363953,0.9375,1.0,0.9375,0.0,11200
1989-04-21,0.9884340167045593,1.0,1.03125,1.0,0.0,30000
1989-04-24,0.9266569018363953,0.9375,0.96875,0.9375,0.0,56000
1989-04-25,0.9266569018363953,0.9375,1.0,0.9375,0.0,10000
1989-04-26,0.9266569018363953,0.9375,1.0,0.9375,0.0,6000
1989-04-27,0.9575454592704773,0.96875,1.03125,0.96875,0.0,3600
1989-04-28,0.9575454592704773,0.96875,0.96875,0.96875,0.96875,0
1989-05-01,0.9575454592704773,0.96875,1.03125,0.96875,0.0,11600
1989-05-02,0.9575454592704773,0.96875,1.0,0.96875,0.0,33600
1989-05-03,0.9575454592704773,0.96875,1.0,0.96875,0.0,8800
1989-05-04,0.9266569018363953,0.9375,1.0,0.9375,0.0,4800
1989-05-05,0.9575454592704773,0.96875,1.03125,0.96875,0.0,30400
1989-05-08,0.9884340167045593,1.0,1.03125,1.0,0.0,38400
1989-05-09,0.9575454592704773,0.96875,1.03125,0.96875,0.0,3200
1989-05-10,0.9575454592704773,0.96875,1.03125,0.96875,0.0,45200
1989-05-11,0.9575454592704773,0.96875,1.03125,0.96875,0.0,8800
1989-05-12,0.9884340167045593,1.0,1.03125,1.0,0.0,7600
1989-05-15,0.9884340167045593,1.0,1.03125,1.0,0.0,13200
1989-05-16,0.9575454592704773,0.96875,1.03125,0.96875,0.0,1200
1989-05-17,0.9266569018363953,0.9375,1.03125,0.9375,0.0,10000
1989-05-18,0.9575454592704773,0.96875,1.03125,0.96875,0.0,2800
1989-05-19,0.9575454592704773,0.96875,1.03125,0.96875,0.0,12000
1989-05-22,0.9575454592704773,0.96875,1.03125,0.96875,0.0,8800
1989-05-23,0.9575454592704773,0.96875,1.03125,0.96875,0.0,2800
1989-05-24,0.9575454592704773,0.96875,1.03125,0.96875,0.0,1600
1989-05-25,0.9575454592704773,0.96875,0.96875,0.96875,0.96875,0
1989-05-26,0.9575454592704773,0.96875,0.96875,0.96875,0.96875,0
1989-05-30,0.9575454592704773,0.96875,1.03125,0.96875,0.0,4000
1989-05-31,0.9884340167045593,1.0,1.03125,1.0,0.0,13600
1989-06-01,0.9884340167045593,1.0,1.03125,1.0,0.0,17600
1989-06-02,0.9575454592704773,0.96875,1.0,0.96875,0.0,38800
1989-06-05,0.9266569018363953,0.9375,1.0,0.9375,0.0,4000
1989-06-06,0.9266569018363953,0.9375,0.96875,0.9375,0.0,5600
1989-06-07,0.9266569018363953,0.9375,0.96875,0.9375,0.0,10000
1989-06-08,0.8957683444023132,0.90625,1.0,0.90625,0.0,12000
1989-06-09,0.9266569018363953,0.9375,1.0,0.9375,0.0,4800
1989-06-12,0.9266569018363953,0.9375,1.0,0.9375,0.0,3200
1989-06-13,0.9266569018363953,0.9375,1.0,0.9375,0.0,24800
1989-06-14,0.8957683444023132,0.90625,0.96875,0.90625,0.0,8000
1989-06-15,0.8339911699295044,0.84375,0.90625,0.84375,0.0,12000
1989-06-16,0.8339911699295044,0.84375,0.90625,0.84375,0.0,400
1989-06-19,0.8339911699295044,0.84375,0.90625,0.84375,0.0,2400
1989-06-20,0.7258812189102173,0.734375,0.78125,0.734375,0.0,48400
1989-06-21,0.7104369401931763,0.71875,0.8125,0.71875,0.0,2000
1989-06-22,0.7104369401931763,0.71875,0.8125,0.71875,0.0,2800
1989-06-23,0.6795483827590942,0.6875,0.71875,0.6875,0.0,60000
1989-06-26,0.6795483827590942,0.6875,0.6875,0.6875,0.6875,0
1989-06-27,0.6795483827590942,0.6875,0.71875,0.6875,0.0,21600
1989-06-28,0.6795483827590942,0.6875,0.71875,0.6875,0.0,400
1989-06-29,0.6795483827590942,0.6875,0.75,0.6875,0.0,12000
1989-06-30,0.8031026124954224,0.8125,0.875,0.8125,0.0,66800
1989-07-03,0.8648797869682312,0.875,0.96875,0.875,0.0,13600
1989-07-05,0.8957683444023132,0.90625,0.96875,0.90625,0.0,3600
1989-07-06,0.8957683444023132,0.90625,0.96875,0.90625,0.0,8000
1989-07-07,0.8957683444023132,0.90625,0.96875,0.90625,0.0,400
1989-07-10,0.9266569018363953,0.9375,1.0,0.9375,0.0,25200
1989-07-11,0.9266569018363953,0.9375,0.9375,0.9375,0.9375,0
1989-07-12,0.9266569018363953,0.9375,1.015625,0.9375,0.0,28400
1989-07-13,0.9266569018363953,0.9375,0.9375,0.9375,0.9375,0
1989-07-14,0.9266569018363953,0.9375,0.9375,0.9375,0.9375,0
1989-07-17,0.9266569018363953,0.9375,1.0,0.9375,0.0,16000
1989-07-18,0.9266569018363953,0.9375,1.0,0.9375,0.0,4400
1989-07-19,0.9266569018363953,0.9375,1.0,0.9375,0.0,4000
1989-07-20,0.9266569018363953,0.9375,1.0,0.9375,0.0,4000
1989-07-21,0.9266569018363953,0.9375,0.96875,0.9375,0.0,17200
1989-07-24,0.8957683444023132,0.90625,0.96875,0.90625,0.0,4000
1989-07-25,0.8957683444023132,0.90625,0.9375,0.90625,0.0,3200
1989-07-26,0.8648797869682312,0.875,0.96875,0.875,0.0,16000
1989-07-27,0.8648797869682312,0.875,0.875,0.875,0.875,0
1989-07-28,0.8648797869682312,0.875,0.875,0.875,0.875,0
1989-07-31,0.8648797869682312,0.875,0.96875,0.875,0.0,1600
1989-08-01,0.8957683444023132,0.90625,0.96875,0.90625,0.0,2800
1989-08-02,0.8957683444023132,0.90625,0.96875,0.90625,0.0,6800
1989-08-03,0.8957683444023132,0.90625,0.96875,0.90625,0.0,2800
1989-08-04,0.8648797869682312,0.875,0.9375,0.875,0.0,20000
1989-08-07,0.8648797869682312,0.875,0.875,0.875,0.875,0
1989-08-08,0.8648797869682312,0.875,0.9375,0.875,0.0,8400
1989-08-09,0.8648797869682312,0.875,0.9375,0.875,0.0,1600
1989-08-10,0.8031026124954224,0.8125,0.875,0.8125,0.0,15600
1989-08-11,0.8031026124954224,0.8125,0.875,0.8125,0.0,2400
1989-08-14,0.8031026124954224,0.8125,0.875,0.8125,0.0,1600
1989-08-15,0.8031026124954224,0.8125,0.875,0.8125,0.0,4000
1989-08-16,0.7722140550613403,0.78125,0.84375,0.78125,0.0,16000
1989-08-17,0.7722140550613403,0.78125,0.78125,0.78125,0.78125,0
1989-08-18,0.7722140550613403,0.78125,0.78125,0.78125,0.78125,0
1989-08-21,0.7722140550613403,0.78125,0.78125,0.78125,0.78125,0
1989-08-22,0.7722140550613403,0.78125,0.78125,0.78125,0.78125,0
1989-08-23,0.7722140550613403,0.78125,0.84375,0.78125,0.0,4000
1989-08-24,0.7722140550613403,0.78125,0.78125,0.78125,0.78125,0
1989-08-25,0.7722140550613403,0.78125,0.84375,0.78125,0.0,400
1989-08-28,0.7413254976272583,0.75,0.8125,0.75,0.0,24000
1989-08-29,0.7413254976272583,0.75,0.75,0.75,0.75,0
1989-08-30,0.6795483827590942,0.6875,0.78125,0.6875,0.0,1200
1989-08-31,0.6795483827590942,0.6875,0.75,0.6875,0.0,8000
1989-09-01,0.7104369401931763,0.71875,0.8125,0.71875,0.0,13600
1989-09-05,0.7722140550613403,0.78125,0.84375,0.78125,0.0,36000
1989-09-06,0.8031026124954224,0.8125,0.875,0.8125,0.0,12000
1989-09-07,0.8031026124954224,0.8125,0.875,0.8125,0.0,1600
1989-09-08,0.8031026124954224,0.8125,0.8125,0.8125,0.8125,0
1989-09-11,0.8031026124954224,0.8125,0.875,0.8125,0.0,1200
1989-09-12,0.8031026124954224,0.8125,0.875,0.8125,0.0,2400
1989-09-13,0.8031026124954224,0.8125,0.8125,0.8125,0.8125,0
1989-09-14,0.8339911699295044,0.84375,0.875,0.84375,0.0,14000
1989-09-15,0.8339911699295044,0.84375,0.84375,0.84375,0.84375,0
1989-09-18,0.8031026124954224,0.8125,0.875,0.8125,0.0,24400
1989-09-19,0.8031026124954224,0.8125,0.8125,0.8125,0.8125,0
1989-09-20,0.8031026124954224,0.8125,0.8125,0.8125,0.8125,0
1989-09-21,0.8031026124954224,0.8125,0.8125,0.8125,0.8125,0
1989-09-22,0.8031026124954224,0.8125,0.875,0.8125,0.0,2000
1989-09-25,0.8031026124954224,0.8125,0.875,0.8125,0.0,2000
1989-09-26,0.7413254976272583,0.75,0.8125,0.75,0.0,18000
1989-09-27,0.7413254976272583,0.75,0.84375,0.75,0.0,14000
1989-09-28,0.7413254976272583,0.75,0.84375,0.75,0.0,12800
1989-09-29,0.8031026124954224,0.8125,0.875,0.8125,0.0,10000
1989-10-02,0.8339911699295044,0.84375,0.875,0.84375,0.0,8000
1989-10-03,0.8648797869682312,0.875,0.96875,0.875,0.0,10400
1989-10-04,0.8957683444023132,0.90625,0.96875,0.90625,0.0,1600
1989-10-05,0.8339911699295044,0.84375,0.9375,0.84375,0.0,6000
1989-10-06,0.9575454592704773,0.96875,1.0625,0.96875,0.0,38800
1989-10-09,0.9575454592704773,0.96875,1.0625,0.96875,0.0,20400
1989-10-10,0.9575454592704773,0.96875,1.0625,0.96875,0.0,8400
1989-10-11,0.8957683444023132,0.90625,0.96875,0.90625,0.0,34000
1989-10-12,0.8957683444023132,0.90625,0.96875,0.90625,0.0,5600
1989-10-13,0.8339911699295044,0.84375,0.90625,0.84375,0.0,24000
1989-10-16,0.8031026124954224,0.8125,0.875,0.8125,0.0,6000
1989-10-17,0.8031026124954224,0.8125,0.90625,0.8125,0.0,13200
1989-10-18,0.8339911699295044,0.84375,0.90625,0.84375,0.0,9200
1989-10-19,0.8648797869682312,0.875,0.96875,0.875,0.0,22800
1989-10-20,0.8031026124954224,0.8125,0.90625,0.8125,0.0,18000
1989-10-23,0.7722140550613403,0.78125,0.875,0.78125,0.0,4400
1989-10-24,0.7722140550613403,0.78125,0.875,0.78125,0.0,1200
1989-10-25,0.7722140550613403,0.78125,0.875,0.78125,0.0,14000
1989-10-26,0.7722140550613403,0.78125,0.78125,0.78125,0.78125,0
1989-10-27,0.7722140550613403,0.78125,0.78125,0.78125,0.78125,0
1989-10-30,0.7722140550613403,0.78125,0.78125,0.78125,0.78125,0
1989-10-31,0.7722140550613403,0.78125,0.78125,0.78125,0.78125,0
1989-11-01,0.8031026124954224,0.8125,0.90625,0.8125,0.0,2000
1989-11-02,0.8031026124954224,0.8125,0.90625,0.8125,0.0,23600
1989-11-03,0.8031026124954224,0.8125,0.8125,0.8125,0.8125,0
1989-11-06,0.7413254976272583,0.75,0.875,0.75,0.0,10400
1989-11-07,0.7413254976272583,0.75,0.75,0.75,0.75,0
1989-11-08,0.7413254976272583,0.75,0.75,0.75,0.75,0
1989-11-09,0.7413254976272583,0.75,0.75,0.75,0.75,0
1989-11-10,0.7413254976272583,0.75,0.75,0.75,0.75,0
1989-11-13,0.7722140550613403,0.78125,0.875,0.78125,0.0,6000
1989-11-14,0.7722140550613403,0.78125,0.78125,0.78125,0.78125,0
1989-11-15,0.7722140550613403,0.78125,0.78125,0.78125,0.78125,0
1989-11-16,0.8031026124954224,0.8125,0.875,0.8125,0.0,10000
1989-11-17,0.8031026124954224,0.8125,0.8125,0.8125,0.8125,0
1989-11-20,0.8031026124954224,0.8125,0.8125,0.8125,0.8125,0
1989-11-21,0.8031026124954224,0.8125,0.8125,0.8125,0.8125,0
1989-11-22,0.7722140550613403,0.78125,0.875,0.78125,0.0,4800
1989-11-24,0.7722140550613403,0.78125,0.78125,0.78125,0.78125,0
1989-11-27,0.7413254976272583,0.75,0.875,0.75,0.0,5600
1989-11-28,0.7722140550613403,0.78125,0.84375,0.78125,0.0,30000
1989-11-29,0.8031026124954224,0.8125,0.875,0.8125,0.0,16000
1989-11-30,0.7722140550613403,0.78125,0.875,0.78125,0.0,8000
1989-12-01,0.7722140550613403,0.78125,0.78125,0.78125,0.78125,0
1989-12-04,0.7722140550613403,0.78125,0.875,0.78125,0.0,6000
1989-12-05,0.7722140550613403,0.78125,0.875,0.78125,0.0,4000
1989-12-06,0.7413254976272583,0.75,0.875,0.75,0.0,8000
1989-12-07,0.7413254976272583,0.75,0.84375,0.75,0.0,12000
1989-12-08,0.7413254976272583,0.75,0.75,0.75,0.75,0
1989-12-11,0.7413254976272583,0.75,0.84375,0.75,0.0,400
1989-12-12,0.7413254976272583,0.75,0.75,0.75,0.75,0
1989-12-13,0.7104369401931763,0.71875,0.8125,0.71875,0.0,7600
1989-12-14,0.7104369401931763,0.71875,0.78125,0.71875,0.0,26400
1989-12-15,0.7104369401931763,0.71875,0.78125,0.71875,0.0,13200
1989-12-18,0.7104369401931763,0.71875,0.78125,0.71875,0.0,3200
1989-12-19,0.7104369401931763,0.71875,0.71875,0.71875,0.71875,0
1989-12-20,0.7104369401931763,0.71875,0.71875,0.71875,0.71875,0
1989-12-21,0.7413254976272583,0.75,0.78125,0.75,0.0,16000
1989-12-22,0.7413254976272583,0.75,0.78125,0.75,0.0,18000
1989-12-26,0.7413254976272583,0.75,0.78125,0.75,0.0,2000
1989-12-27,0.7413254976272583,0.75,0.75,0.75,0.75,0
1989-12-28,0.7413254976272583,0.75,0.78125,0.75,0.0,6400
1989-12-29,0.7413254976272583,0.75,0.78125,0.75,0.0,8000
1990-01-02,0.7413254976272583,0.75,0.78125,0.75,0.0,2000
1990-01-03,0.7413254976272583,0.75,0.78125,0.75,0.0,800
1990-01-04,0.7413254976272583,0.75,0.78125,0.75,0.0,800
1990-01-05,0.7413254976272583,0.75,0.75,0.75,0.75,0
1990-01-08,0.7104369401931763,0.71875,0.78125,0.71875,0.0,12000
1990-01-09,0.7104369401931763,0.71875,0.75,0.71875,0.0,4000
1990-01-10,0.7104369401931763,0.71875,0.75,0.71875,0.0,10000
1990-01-11,0.7104369401931763,0.71875,0.71875,0.71875,0.71875,0
1990-01-12,0.6795483827590942,0.6875,0.75,0.6875,0.0,5200
1990-01-15,0.7104369401931763,0.71875,0.75,0.71875,0.0,8000
1990-01-16,0.7104369401931763,0.71875,0.71875,0.71875,0.71875,0
1990-01-17,0.7104369401931763,0.71875,0.71875,0.71875,0.71875,0
1990-01-18,0.7104369401931763,0.71875,0.75,0.71875,0.0,6800
1990-01-19,0.7104369401931763,0.71875,0.75,0.71875,0.0,4000
1990-01-22,0.7104369401931763,0.71875,0.75,0.71875,0.0,26000
1990-01-23,0.7104369401931763,0.71875,0.75,0.71875,0.0,15200
1990-01-24,0.7104369401931763,0.71875,0.75,0.71875,0.0,800
1990-01-25,0.7104369401931763,0.71875,0.75,0.71875,0.0,3200
1990-01-26,0.7104369401931763,0.71875,0.75,0.71875,0.0,400
1990-01-29,0.6795483827590942,0.6875,0.75,0.6875,0.0,5600
1990-01-30,0.6795483827590942,0.6875,0.6875,0.6875,0.6875,0
1990-01-31,0.7104369401931763,0.71875,0.75,0.71875,0.0,7200
1990-02-01,0.7104369401931763,0.71875,0.71875,0.71875,0.71875,0
1990-02-02,0.7104369401931763,0.71875,0.75,0.71875,0.0,16800
1990-02-05,0.7104369401931763,0.71875,0.75,0.71875,0.0,14000
1990-02-06,0.7104369401931763,0.71875,0.71875,0.71875,0.71875,0
1990-02-07,0.7104369401931763,0.71875,0.71875,0.71875,0.71875,0
1990-02-08,0.6795483827590942,0.6875,0.71875,0.6875,0.0,32000
1990-02-09,0.6795483827590942,0.6875,0.75,0.6875,0.0,24400
1990-02-12,0.6795483827590942,0.6875,0.6875,0.6875,0.6875,0
1990-02-13,0.6795483827590942,0.6875,0.75,0.6875,0.0,1200
1990-02-14,0.7104369401931763,0.71875,0.8125,0.71875,0.0,16000
1990-02-15,0.7104369401931763,0.71875,0.8125,0.71875,0.0,1200
1990-02-16,0.7413254976272583,0.75,0.84375,0.75,0.0,1600
1990-02-20,0.7722140550613403,0.78125,0.84375,0.78125,0.0,16000
1990-02-21,0.7104369401931763,0.71875,0.8125,0.71875,0.0,17600
1990-02-22,0.7104369401931763,0.71875,0.71875,0.71875,0.71875,0
1990-02-23,0.7104369401931763,0.71875,0.8125,0.71875,0.0,2000
1990-02-26,0.7104369401931763,0.71875,0.71875,0.71875,0.71875,0
1990-02-27,0.7104369401931763,0.71875,0.8125,0.71875,0.0,4000
1990-02-28,0.7104369401931763,0.71875,0.71875,0.71875,0.71875,0
1990-03-01,0.7413254976272583,0.75,0.8125,0.75,0.0,16000
1990-03-02,0.7413254976272583,0.75,0.8125,0.75,0.0,6000
1990-03-05,0.7413254976272583,0.75,0.75,0.75,0.75,0
1990-03-06,0.7413254976272583,0.75,0.8125,0.75,0.0,1200
1990-03-07,0.7413254976272583,0.75,0.8125,0.75,0.0,1200
1990-03-08,0.7413254976272583,0.75,0.8125,0.75,0.0,5200
1990-03-09,0.7413254976272583,0.75,0.8125,0.75,0.0,6000
1990-03-12,0.7413254976272583,0.75,0.8125,0.75,0.0,4000
1990-03-13,0.7104369401931763,0.71875,0.78125,0.71875,0.0,18000
1990-03-14,0.7104369401931763,0.71875,0.71875,0.71875,0.71875,0
1990-03-15,0.7104369401931763,0.71875,0.78125,0.71875,0.0,12000
1990-03-16,0.7104369401931763,0.71875,0.71875,0.71875,0.71875,0
1990-03-19,0.7104369401931763,0.71875,0.71875,0.71875,0.71875,0
1990-03-20,0.7104369401931763,0.71875,0.71875,0.71875,0.71875,0
1990-03-21,0.7104369401931763,0.71875,0.78125,0.71875,0.0,11200
1990-03-22,0.7104369401931763,0.71875,0.71875,0.71875,0.71875,0
1990-03-23,0.7104369401931763,0.71875,0.78125,0.71875,0.0,8000
1990-03-26,0.7104369401931763,0.71875,0.71875,0.71875,0.71875,0
1990-03-27,0.7104369401931763,0.71875,0.78125,0.71875,0.0,4800
1990-03-28,0.7104369401931763,0.71875,0.71875,0.71875,0.71875,0
1990-03-29,0.7104369401931763,0.71875,0.71875,0.71875,0.71875,0
1990-03-30,0.7104369401931763,0.71875,0.78125,0.71875,0.0,4000
1990-04-02,0.6795483827590942,0.6875,0.78125,0.6875,0.0,5200
1990-04-03,0.6795483827590942,0.6875,0.6875,0.6875,0.6875,0
1990-04-04,0.6795483827590942,0.6875,0.6875,0.6875,0.6875,0
1990-04-05,0.6795483827590942,0.6875,0.75,0.6875,0.0,7600
1990-04-06,0.6795483827590942,0.6875,0.75,0.6875,0.0,4000
1990-04-09,0.6795483827590942,0.6875,0.6875,0.6875,0.6875,0
1990-04-10,0.6795483827590942,0.6875,0.75,0.6875,0.0,1200
1990-04-11,0.6486598253250122,0.65625,0.71875,0.65625,0.0,8000
1990-04-12,0.6486598253250122,0.65625,0.65625,0.65625,0.65625,0
1990-04-16,0.6486598253250122,0.65625,0.75,0.65625,0.0,6000
1990-04-17,0.6486598253250122,0.65625,0.75,0.65625,0.0,800
1990-04-18,0.6486598253250122,0.65625,0.71875,0.65625,0.0,11200
1990-04-19,0.6486598253250122,0.65625,0.75,0.65625,0.0,6800
1990-04-20,0.6486598253250122,0.65625,0.75,0.65625,0.0,16400
1990-04-23,0.6486598253250122,0.65625,0.65625,0.65625,0.65625,0
1990-04-24,0.6486598253250122,0.65625,0.75,0.65625,0.0,2000
1990-04-25,0.6486598253250122,0.65625,0.65625,0.65625,0.65625,0
1990-04-26,0.6486598253250122,0.65625,0.65625,0.65625,0.65625,0
1990-04-27,0.6486598253250122,0.65625,0.75,0.65625,0.0,2000
1990-04-30,0.5868827104568481,0.59375,0.65625,0.59375,0.0,26000
1990-05-01,0.5868827104568481,0.59375,0.625,0.59375,0.0,12000
1990-05-02,0.5868827104568481,0.59375,0.65625,0.59375,0.0,16000
1990-05-03,0.5868827104568481,0.59375,0.65625,0.59375,0.0,4000
1990-05-04,0.5868827104568481,0.59375,0.59375,0.59375,0.59375,0
1990-05-07,0.5868827104568481,0.59375,0.65625,0.59375,0.0,4000
1990-05-08,0.5868827104568481,0.59375,0.65625,0.59375,0.0,2400
1990-05-09,0.6177712678909302,0.625,0.65625,0.625,0.0,4000
1990-05-10,0.49421700835227966,0.5,0.625,0.5,0.0,16000
1990-05-11,0.5251055955886841,0.53125,0.625,0.53125,0.0,14000
1990-05-14,0.49421700835227966,0.5,0.59375,0.5,0.0,20000
1990-05-15,0.4324398934841156,0.4375,0.53125,0.4375,0.0,23200
1990-05-16,0.46332845091819763,0.46875,0.53125,0.46875,0.0,10000
1990-05-17,0.46332845091819763,0.46875,0.5,0.46875,0.0,2400
1990-05-18,0.46332845091819763,0.46875,0.5625,0.46875,0.0,76000
1990-05-21,0.5559941530227661,0.5625,0.65625,0.5625,0.0,16000
1990-05-22,0.5559941530227661,0.5625,0.5625,0.5625,0.5625,0
1990-05-23,0.5559941530227661,0.5625,0.5625,0.5625,0.5625,0
1990-05-24,0.5559941530227661,0.5625,0.5625,0.5625,0.5625,0
1990-05-25,0.5559941530227661,0.5625,0.65625,0.5625,0.0,1600
1990-05-29,0.5559941530227661,0.5625,0.625,0.5625,0.0,4000
1990-05-30,0.5868827104568481,0.59375,0.65625,0.59375,0.0,11200
1990-05-31,0.5868827104568481,0.59375,0.59375,0.59375,0.59375,0
1990-06-01,0.5868827104568481,0.59375,0.59375,0.59375,0.59375,0
1990-06-04,0.5868827104568481,0.59375,0.625,0.59375,0.0,13600
1990-06-05,0.5868827104568481,0.59375,0.59375,0.59375,0.59375,0
1990-06-06,0.5868827104568481,0.59375,0.59375,0.59375,0.59375,0
1990-06-07,0.5868827104568481,0.59375,0.625,0.59375,0.0,2000
1990-06-08,0.5868827104568481,0.59375,0.625,0.59375,0.0,4000
1990-06-11,0.5868827104568481,0.59375,0.625,0.59375,0.0,2800
1990-06-12,0.5868827104568481,0.59375,0.59375,0.59375,0.59375,0
1990-06-13,0.7104369401931763,0.71875,0.8125,0.71875,0.0,44800
1990-06-14,0.8648797869682312,0.875,1.0,0.875,0.0,65600
1990-06-15,0.9575454592704773,0.96875,1.03125,0.96875,0.0,48800
1990-06-18,0.8648797869682312,0.875,1.0,0.875,0.0,40000
1990-06-19,0.8648797869682312,0.875,1.0,0.875,0.0,5200
1990-06-20,0.7722140550613403,0.78125,0.9375,0.78125,0.0,16000
1990-06-21,0.7722140550613403,0.78125,0.96875,0.78125,0.0,4000
1990-06-22,0.7722140550613403,0.78125,0.96875,0.78125,0.0,2800
1990-06-25,0.8031026124954224,0.8125,0.9375,0.8125,0.0,4000
1990-06-26,0.8031026124954224,0.8125,0.8125,0.8125,0.8125,0
1990-06-27,0.8031026124954224,0.8125,0.8125,0.8125,0.8125,0
1990-06-28,0.8031026124954224,0.8125,0.9375,0.8125,0.0,1200
1990-06-29,0.8031026124954224,0.8125,0.9375,0.8125,0.0,800
1990-07-02,0.8031026124954224,0.8125,0.9375,0.8125,0.0,400
1990-07-03,0.8031026124954224,0.8125,0.8125,0.8125,0.8125,0
1990-07-05,0.8031026124954224,0.8125,0.90625,0.8125,0.0,8000
1990-07-06,0.8031026124954224,0.8125,0.9375,0.8125,0.0,2000
1990-07-09,0.7413254976272583,0.75,0.875,0.75,0.0,6000
1990-07-10,0.7413254976272583,0.75,0.84375,0.75,0.0,4000
1990-07-11,0.7413254976272583,0.75,0.84375,0.75,0.0,4000
1990-07-12,0.7413254976272583,0.75,0.75,0.75,0.75,0
1990-07-13,0.7413254976272583,0.75,0.84375,0.75,0.0,6000
1990-07-16,0.7413254976272583,0.75,0.75,0.75,0.75,0
1990-07-17,0.7104369401931763,0.71875,0.8125,0.71875,0.0,8000
1990-07-18,0.7104369401931763,0.71875,0.71875,0.71875,0.71875,0
1990-07-19,0.7104369401931763,0.71875,0.71875,0.71875,0.71875,0
1990-07-20,0.7104369401931763,0.71875,0.71875,0.71875,0.71875,0
1990-07-23,0.5868827104568481,0.59375,0.6875,0.59375,0.0,8000
1990-07-24,0.5868827104568481,0.59375,0.6875,0.59375,0.0,4000
1990-07-25,0.5868827104568481,0.59375,0.59375,0.59375,0.59375,0
1990-07-26,0.5868827104568481,0.59375,0.6875,0.59375,0.0,16000
1990-07-27,0.5868827104568481,0.59375,0.59375,0.59375,0.59375,0
1990-07-30,0.5251055955886841,0.53125,0.625,0.53125,0.0,12000
1990-07-31,0.5251055955886841,0.53125,0.59375,0.53125,0.0,4000
1990-08-01,0.49421700835227966,0.5,0.5625,0.5,0.0,13200
1990-08-02,0.46332845091819763,0.46875,0.5625,0.46875,0.0,4000
1990-08-03,0.46332845091819763,0.46875,0.46875,0.46875,0.46875,0
1990-08-06,0.46332845091819763,0.46875,0.5625,0.46875,0.0,2000
1990-08-07,0.4324398934841156,0.4375,0.53125,0.4375,0.0,20000
1990-08-08,0.4324398934841156,0.4375,0.53125,0.4375,0.0,4000
1990-08-09,0.4324398934841156,0.4375,0.4375,0.4375,0.4375,0
1990-08-10,0.46332845091819763,0.46875,0.53125,0.46875,0.0,2000
1990-08-13,0.4324398934841156,0.4375,0.53125,0.4375,0.0,4000
1990-08-14,0.4324398934841156,0.4375,0.5,0.4375,0.0,6800
1990-08-15,0.46332845091819763,0.46875,0.5625,0.46875,0.0,18000
1990-08-16,0.46332845091819763,0.46875,0.46875,0.46875,0.46875,0
1990-08-17,0.46332845091819763,0.46875,0.5625,0.46875,0.0,32000
1990-08-20,0.46332845091819763,0.46875,0.46875,0.46875,0.46875,0
1990-08-21,0.46332845091819763,0.46875,0.5,0.46875,0.0,2800
1990-08-22,0.46332845091819763,0.46875,0.625,0.46875,0.0,8000
1990-08-23,0.46332845091819763,0.46875,0.46875,0.46875,0.46875,0
1990-08-24,0.46332845091819763,0.46875,0.46875,0.46875,0.46875,0
1990-08-27,0.46332845091819763,0.46875,0.59375,0.46875,0.0,4000
1990-08-28,0.46332845091819763,0.46875,0.59375,0.46875,0.0,8000
1990-08-29,0.46332845091819763,0.46875,0.5625,0.46875,0.0,4000
1990-08-30,0.46332845091819763,0.46875,0.46875,0.46875,0.46875,0
1990-08-31,0.49421700835227966,0.5,0.5625,0.5,0.0,20000
1990-09-04,0.49421700835227966,0.5,0.5625,0.5,0.0,8000
1990-09-05,0.4324398934841156,0.4375,0.5625,0.4375,0.0,8400
1990-09-06,0.4324398934841156,0.4375,0.5625,0.4375,0.0,4000
1990-09-07,0.4324398934841156,0.4375,0.5625,0.4375,0.0,4000
1990-09-10,0.4324398934841156,0.4375,0.5625,0.4375,0.0,10000
1990-09-11,0.4324398934841156,0.4375,0.4375,0.4375,0.4375,0
1990-09-12,0.4324398934841156,0.4375,0.4375,0.4375,0.4375,0
1990-09-13,0.49421700835227966,0.5,0.5625,0.5,0.0,4000
1990-09-14,0.49421700835227966,0.5,0.5625,0.5,0.0,8000
1990-09-17,0.49421700835227966,0.5,0.5,0.5,0.5,0
1990-09-18,0.49421700835227966,0.5,0.5,0.5,0.5,0
1990-09-19,0.49421700835227966,0.5,0.5625,0.5,0.0,5200
1990-09-20,0.49421700835227966,0.5,0.5625,0.5,0.0,8000
1990-09-21,0.37066274881362915,0.375,0.5625,0.375,0.0,10400
1990-09-24,0.37066274881362915,0.375,0.5,0.375,0.0,4000
1990-09-25,0.37066274881362915,0.375,0.375,0.375,0.375,0
1990-09-26,0.37066274881362915,0.375,0.46875,0.375,0.0,8000
1990-09-27,0.37066274881362915,0.375,0.375,0.375,0.375,0
1990-09-28,0.4015513062477112,0.40625,0.46875,0.40625,0.0,28000
1990-10-01,0.49421700835227966,0.5,0.65625,0.5,0.0,30000
1990-10-02,0.5559941530227661,0.5625,0.71875,0.5625,0.0,18000
1990-10-03,0.5559941530227661,0.5625,0.65625,0.5625,0.0,22800
1990-10-04,0.49421700835227966,0.5,0.625,0.5,0.0,1200
1990-10-05,0.5251055955886841,0.53125,0.625,0.53125,0.0,2000
1990-10-08,0.5559941530227661,0.5625,0.71875,0.5625,0.0,12000
1990-10-09,0.5868827104568481,0.59375,0.71875,0.59375,0.0,12000
1990-10-10,0.5868827104568481,0.59375,0.71875,0.59375,0.0,20000
1990-10-11,0.6486598253250122,0.65625,0.71875,0.65625,0.0,23200
1990-10-12,0.6177712678909302,0.625,0.71875,0.625,0.0,8000
1990-10-15,0.7104369401931763,0.71875,0.78125,0.71875,0.0,10000
1990-10-16,0.7104369401931763,0.71875,0.75,0.71875,0.0,44800
1990-10-17,0.7104369401931763,0.71875,0.75,0.71875,0.0,12000
1990-10-18,0.7104369401931763,0.71875,0.71875,0.71875,0.71875,0
1990-10-19,0.7104369401931763,0.71875,0.71875,0.71875,0.71875,0
1990-10-22,0.6177712678909302,0.625,0.71875,0.625,0.0,800
1990-10-23,0.6177712678909302,0.625,0.71875,0.625,0.0,4000
1990-10-24,0.6177712678909302,0.625,0.625,0.625,0.625,0
1990-10-25,0.6177712678909302,0.625,0.625,0.625,0.625,0
1990-10-26,0.6177712678909302,0.625,0.71875,0.625,0.0,18000
1990-10-29,0.5559941530227661,0.5625,0.65625,0.5625,0.0,5200
1990-10-30,0.5559941530227661,0.5625,0.5625,0.5625,0.5625,0
1990-10-31,0.5559941530227661,0.5625,0.5625,0.5625,0.5625,0
1990-11-01,0.5251055955886841,0.53125,0.65625,0.53125,0.0,16000
1990-11-02,0.5251055955886841,0.53125,0.53125,0.53125,0.53125,0
1990-11-05,0.5251055955886841,0.53125,0.53125,0.53125,0.53125,0
1990-11-06,0.4324398934841156,0.4375,0.5625,0.4375,0.0,8000
1990-11-07,0.4324398934841156,0.4375,0.53125,0.4375,0.0,400
1990-11-08,0.4324398934841156,0.4375,0.4375,0.4375,0.4375,0
1990-11-09,0.4324398934841156,0.4375,0.4375,0.4375,0.4375,0
1990-11-12,0.4324398934841156,0.4375,0.5,0.4375,0.0,20000
1990-11-13,0.4324398934841156,0.4375,0.4375,0.4375,0.4375,0
1990-11-14,0.37066274881362915,0.375,0.46875,0.375,0.0,16800
1990-11-15,0.3397741913795471,0.34375,0.4375,0.34375,0.0,2800
1990-11-16,0.3397741913795471,0.34375,0.34375,0.34375,0.34375,0
1990-11-19,0.37066274881362915,0.375,0.46875,0.375,0.0,8400
1990-11-20,0.4015513062477112,0.40625,0.46875,0.40625,0.0,8000
1990-11-21,0.4324398934841156,0.4375,0.5625,0.4375,0.0,18000
1990-11-23,0.4324398934841156,0.4375,0.4375,0.4375,0.4375,0
1990-11-26,0.4324398934841156,0.4375,0.4375,0.4375,0.4375,0
1990-11-27,0.4324398934841156,0.4375,0.5,0.4375,0.0,16400
1990-11-28,0.4324398934841156,0.4375,0.4375,0.4375,0.4375,0
1990-11-29,0.4324398934841156,0.4375,0.4375,0.4375,0.4375,0
1990-11-30,0.46332845091819763,0.46875,0.5625,0.46875,0.0,8000
1990-12-03,0.46332845091819763,0.46875,0.46875,0.46875,0.46875,0
1990-12-04,0.46332845091819763,0.46875,0.46875,0.46875,0.46875,0
1990-12-05,0.46332845091819763,0.46875,0.46875,0.46875,0.46875,0
1990-12-06,0.46332845091819763,0.46875,0.46875,0.46875,0.46875,0
1990-12-07,0.46332845091819763,0.46875,0.46875,0.46875,0.46875,0
1990-12-10,0.46332845091819763,0.46875,0.46875,0.46875,0.46875,0
1990-12-11,0.37066274881362915,0.375,0.5,0.375,0.0,28000
1990-12-12,0.4324398934841156,0.4375,0.59375,0.4375,0.0,28000
1990-12-13,0.46332845091819763,0.46875,0.59375,0.46875,0.0,3600
1990-12-14,0.46332845091819763,0.46875,0.46875,0.46875,0.46875,0
1990-12-17,0.46332845091819763,0.46875,0.46875,0.46875,0.46875,0
1990-12-18,0.46332845091819763,0.46875,0.59375,0.46875,0.0,400
1990-12-19,0.46332845091819763,0.46875,0.59375,0.46875,0.0,4000
1990-12-20,0.46332845091819763,0.46875,0.59375,0.46875,0.0,8000
1990-12-21,0.46332845091819763,0.46875,0.46875,0.46875,0.46875,0
1990-12-24,0.5559941530227661,0.5625,0.625,0.5625,0.0,4800
1990-12-26,0.5868827104568481,0.59375,0.65625,0.59375,0.0,5200
1990-12-27,0.5868827104568481,0.59375,0.59375,0.59375,0.59375,0
1990-12-28,0.6177712678909302,0.625,0.71875,0.625,0.0,2000
1990-12-31,0.6177712678909302,0.625,0.71875,0.625,0.0,800
1991-01-02,0.6177712678909302,0.625,0.6875,0.625,0.0,1200
1991-01-03,0.5559941530227661,0.5625,0.6875,0.5625,0.0,800
1991-01-04,0.5251055955886841,0.53125,0.65625,0.53125,0.0,10000
1991-01-07,0.5251055955886841,0.53125,0.53125,0.53125,0.53125,0
1991-01-08,0.5251055955886841,0.53125,0.53125,0.53125,0.53125,0
1991-01-09,0.5251055955886841,0.53125,0.53125,0.53125,0.53125,0
1991-01-10,0.5251055955886841,0.53125,0.53125,0.53125,0.53125,0
1991-01-11,0.5251055955886841,0.53125,0.53125,0.53125,0.53125,0
1991-01-14,0.5251055955886841,0.53125,0.65625,0.53125,0.0,8000
1991-01-15,0.5251055955886841,0.53125,0.53125,0.53125,0.53125,0
1991-01-16,0.5251055955886841,0.53125,0.65625,0.53125,0.0,4000
1991-01-17,0.5251055955886841,0.53125,0.53125,0.53125,0.53125,0
1991-01-18,0.5251055955886841,0.53125,0.53125,0.53125,0.53125,0
1991-01-21,0.37066274881362915,0.375,0.53125,0.375,0.0,22000
1991-01-22,0.4015513062477112,0.40625,0.46875,0.40625,0.0,6000
1991-01-23,0.4015513062477112,0.40625,0.5,0.40625,0.0,16400
1991-01-24,0.4015513062477112,0.40625,0.40625,0.40625,0.40625,0
1991-01-25,0.46332845091819763,0.46875,0.5625,0.46875,0.0,4000
1991-01-28,0.46332845091819763,0.46875,0.46875,0.46875,0.46875,0
1991-01-29,0.46332845091819763,0.46875,0.46875,0.46875,0.46875,0
1991-01-30,0.46332845091819763,0.46875,0.46875,0.46875,0.46875,0
1991-01-31,0.46332845091819763,0.46875,0.46875,0.46875,0.46875,0
1991-02-01,0.46332845091819763,0.46875,0.5625,0.46875,0.0,800
1991-02-04,0.46332845091819763,0.46875,0.46875,0.46875,0.46875,0
1991-02-05,0.46332845091819763,0.46875,0.46875,0.46875,0.46875,0
1991-02-06,0.46332845091819763,0.46875,0.46875,0.46875,0.46875,0
1991-02-07,0.46332845091819763,0.46875,0.46875,0.46875,0.46875,0
1991-02-08,0.46332845091819763,0.46875,0.46875,0.46875,0.46875,0
1991-02-11,0.46332845091819763,0.46875,0.46875,0.46875,0.46875,0
1991-02-12,0.5251055955886841,0.53125,0.6875,0.53125,0.0,8400
1991-02-13,0.5559941530227661,0.5625,0.6875,0.5625,0.0,2000
1991-02-14,0.5559941530227661,0.5625,0.5625,0.5625,0.5625,0
1991-02-15,0.5559941530227661,0.5625,0.6875,0.5625,0.0,2000
1991-02-19,0.5559941530227661,0.5625,0.5625,0.5625,0.5625,0
1991-02-20,0.5559941530227661,0.5625,0.6875,0.5625,0.0,2000
1991-02-21,0.5559941530227661,0.5625,0.5625,0.5625,0.5625,0
1991-02-22,0.5559941530227661,0.5625,0.6875,0.5625,0.0,1200
1991-02-25,0.5559941530227661,0.5625,0.65625,0.5625,0.0,4000
1991-02-26,0.5559941530227661,0.5625,0.65625,0.5625,0.0,4000
1991-02-27,0.5559941530227661,0.5625,0.5625,0.5625,0.5625,0
1991-02-28,0.5868827104568481,0.59375,0.6875,0.59375,0.0,8000
1991-03-01,0.5559941530227661,0.5625,0.6875,0.5625,0.0,8800
1991-03-04,0.5559941530227661,0.5625,0.6875,0.5625,0.0,400
1991-03-05,0.5559941530227661,0.5625,0.5625,0.5625,0.5625,0
1991-03-06,0.5559941530227661,0.5625,0.625,0.5625,0.0,16800
1991-03-07,0.5559941530227661,0.5625,0.5625,0.5625,0.5625,0
1991-03-08,0.5559941530227661,0.5625,0.625,0.5625,0.0,8400
1991-03-11,0.5559941530227661,0.5625,0.625,0.5625,0.0,10400
1991-03-12,0.5559941530227661,0.5625,0.5625,0.5625,0.5625,0
1991-03-13,0.5559941530227661,0.5625,0.5625,0.5625,0.5625,0
1991-03-14,0.5559941530227661,0.5625,0.5625,0.5625,0.5625,0
1991-03-15,0.5559941530227661,0.5625,0.625,0.5625,0.0,12000
1991-03-18,0.5559941530227661,0.5625,0.5625,0.5625,0.5625,0
1991-03-19,0.5559941530227661,0.5625,0.5625,0.5625,0.5625,0
1991-03-20,0.5559941530227661,0.5625,0.5625,0.5625,0.5625,0
1991-03-21,0.5559941530227661,0.5625,0.5625,0.5625,0.5625,0
1991-03-22,0.5559941530227661,0.5625,0.5625,0.5625,0.5625,0
1991-03-25,0.5251055955886841,0.53125,0.625,0.53125,0.0,21600
1991-03-26,0.5251055955886841,0.53125,0.53125,0.53125,0.53125,0
1991-03-27,0.5251055955886841,0.53125,0.625,0.53125,0.0,800
1991-03-28,0.5251055955886841,0.53125,0.53125,0.53125,0.53125,0
1991-04-01,0.49421700835227966,0.5,0.5625,0.5,0.0,14000
1991-04-02,0.49421700835227966,0.5,0.5,0.5,0.5,0
1991-04-03,0.49421700835227966,0.5,0.5625,0.5,0.0,2000
1991-04-04,0.49421700835227966,0.5,0.5,0.5,0.5,0
1991-04-05,0.49421700835227966,0.5,0.5625,0.5,0.0,24800
1991-04-08,0.49421700835227966,0.5,0.625,0.5,0.0,16800
1991-04-09,0.49421700835227966,0.5,0.625,0.5,0.0,4000
1991-04-10,0.49421700835227966,0.5,0.5,0.5,0.5,0
1991-04-11,0.49421700835227966,0.5,0.5,0.5,0.5,0
1991-04-12,0.49421700835227966,0.5,0.5,0.5,0.5,0
1991-04-15,0.49421700835227966,0.5,0.5,0.5,0.5,0
1991-04-16,0.49421700835227966,0.5,0.5,0.5,0.5,0
1991-04-17,0.49421700835227966,0.5,0.625,0.5,0.0,4000
1991-04-18,0.49421700835227966,0.5,0.625,0.5,0.0,6400
1991-04-19,0.5251055955886841,0.53125,0.625,0.53125,0.0,3200
1991-04-22,0.5251055955886841,0.53125,0.59375,0.53125,0.0,12000
1991-04-23,0.5251055955886841,0.53125,0.625,0.53125,0.0,8000
1991-04-24,0.5251055955886841,0.53125,0.53125,0.53125,0.53125,0
1991-04-25,0.5251055955886841,0.53125,0.625,0.53125,0.0,6000
1991-04-26,0.5251055955886841,0.53125,0.625,0.53125,0.0,8000
1991-04-29,0.5251055955886841,0.53125,0.5625,0.53125,0.0,38800
1991-04-30,0.5251055955886841,0.53125,0.5625,0.53125,0.0,400
1991-05-01,0.5251055955886841,0.53125,0.5625,0.53125,0.0,2800
1991-05-02,0.5251055955886841,0.53125,0.53125,0.53125,0.53125,0
1991-05-03,0.5251055955886841,0.53125,0.5625,0.53125,0.0,800
1991-05-06,0.5251055955886841,0.53125,0.5625,0.53125,0.0,4000
1991-05-07,0.5251055955886841,0.53125,0.5625,0.53125,0.0,5200
1991-05-08,0.5251055955886841,0.53125,0.53125,0.53125,0.53125,0
1991-05-09,0.5251055955886841,0.53125,0.625,0.53125,0.0,4000
1991-05-10,0.5251055955886841,0.53125,0.53125,0.53125,0.53125,0
1991-05-13,0.5251055955886841,0.53125,0.625,0.53125,0.0,4000
1991-05-14,0.5251055955886841,0.53125,0.53125,0.53125,0.53125,0
1991-05-15,0.5251055955886841,0.53125,0.53125,0.53125,0.53125,0
1991-05-16,0.5251055955886841,0.53125,0.625,0.53125,0.0,1200
1991-05-17,0.5251055955886841,0.53125,0.53125,0.53125,0.53125,0
1991-05-20,0.5251055955886841,0.53125,0.53125,0.53125,0.53125,0
1991-05-21,0.5251055955886841,0.53125,0.53125,0.53125,0.53125,0
1991-05-22,0.5251055955886841,0.53125,0.625,0.53125,0.0,16000
1991-05-23,0.5251055955886841,0.53125,0.53125,0.53125,0.53125,0
1991-05-24,0.5251055955886841,0.53125,0.625,0.53125,0.0,2000
1991-05-28,0.5251055955886841,0.53125,0.625,0.53125,0.0,2000
1991-05-29,0.5251055955886841,0.53125,0.625,0.53125,0.0,2000
1991-05-30,0.5251055955886841,0.53125,0.53125,0.53125,0.53125,0
1991-05-31,0.5251055955886841,0.53125,0.53125,0.53125,0.53125,0
1991-06-03,0.5251055955886841,0.53125,0.53125,0.53125,0.53125,0
1991-06-04,0.5251055955886841,0.53125,0.59375,0.53125,0.0,15200
1991-06-05,0.5251055955886841,0.53125,0.59375,0.53125,0.0,4400
1991-06-06,0.5251055955886841,0.53125,0.59375,0.53125,0.0,4000
1991-06-07,0.5251055955886841,0.53125,0.59375,0.53125,0.0,4000
1991-06-10,0.5251055955886841,0.53125,0.625,0.53125,0.0,4000
1991-06-11,0.5251055955886841,0.53125,0.625,0.53125,0.0,2000
1991-06-12,0.5251055955886841,0.53125,0.625,0.53125,0.0,400
1991-06-13,0.5251055955886841,0.53125,0.59375,0.53125,0.0,7600
1991-06-14,0.5251055955886841,0.53125,0.59375,0.53125,0.0,16000
1991-06-17,0.5251055955886841,0.53125,0.59375,0.53125,0.0,22000
1991-06-18,0.49421700835227966,0.5,0.53125,0.5,0.0,60000
1991-06-19,0.49421700835227966,0.5,0.53125,0.5,0.0,26000
1991-06-20,0.49421700835227966,0.5,0.5,0.5,0.5,0
1991-06-21,0.49421700835227966,0.5,0.53125,0.5,0.0,8000
1991-06-24,0.49421700835227966,0.5,0.5625,0.5,0.0,14000
1991-06-25,0.4324398934841156,0.4375,0.5,0.4375,0.0,12000
1991-06-26,0.4324398934841156,0.4375,0.5,0.4375,0.0,12000
1991-06-27,0.4324398934841156,0.4375,0.5,0.4375,0.0,16000
1991-06-28,0.4324398934841156,0.4375,0.5,0.4375,0.0,4000
1991-07-01,0.4324398934841156,0.4375,0.5,0.4375,0.0,24000
1991-07-02,0.4324398934841156,0.4375,0.5,0.4375,0.0,800
1991-07-03,0.4324398934841156,0.4375,0.4375,0.4375,0.4375,0
1991-07-05,0.4324398934841156,0.4375,0.5,0.4375,0.0,5600
1991-07-08,0.46332845091819763,0.46875,0.53125,0.46875,0.0,16000
1991-07-09,0.46332845091819763,0.46875,0.53125,0.46875,0.0,800
1991-07-10,0.49421700835227966,0.5,0.53125,0.5,0.0,1600
1991-07-11,0.5251055955886841,0.53125,0.59375,0.53125,0.0,16000
1991-07-12,0.5251055955886841,0.53125,0.59375,0.53125,0.0,3200
1991-07-15,0.49421700835227966,0.5,0.625,0.5,0.0,24000
1991-07-16,0.49421700835227966,0.5,0.5,0.5,0.5,0
1991-07-17,0.49421700835227966,0.5,0.625,0.5,0.0,4000
1991-07-18,0.49421700835227966,0.5,0.625,0.5,0.0,800
1991-07-19,0.49421700835227966,0.5,0.5,0.5,0.5,0
1991-07-22,0.5251055955886841,0.53125,0.59375,0.53125,0.0,13600
1991-07-23,0.5251055955886841,0.53125,0.53125,0.53125,0.53125,0
1991-07-24,0.5251055955886841,0.53125,0.53125,0.53125,0.53125,0
1991-07-25,0.5251055955886841,0.53125,0.53125,0.53125,0.53125,0
1991-07-26,0.5251055955886841,0.53125,0.59375,0.53125,0.0,1600
1991-07-29,0.5251055955886841,0.53125,0.53125,0.53125,0.53125,0
1991-07-30,0.5251055955886841,0.53125,0.53125,0.53125,0.53125,0
1991-07-31,0.5251055955886841,0.53125,0.53125,0.53125,0.53125,0
1991-08-01,0.5251055955886841,0.53125,0.59375,0.53125,0.0,8000
1991-08-02,0.5251055955886841,0.53125,0.53125,0.53125,0.53125,0
1991-08-05,0.5251055955886841,0.53125,0.59375,0.53125,0.0,6800
1991-08-06,0.5251055955886841,0.53125,0.53125,0.53125,0.53125,0
1991-08-07,0.5559941530227661,0.5625,0.6875,0.5625,0.0,40800
1991-08-08,0.5868827104568481,0.59375,0.6875,0.59375,0.0,8400
1991-08-09,0.5868827104568481,0.59375,0.6875,0.59375,0.0,6400
1991-08-12,0.5868827104568481,0.59375,0.6875,0.59375,0.0,4000
1991-08-13,0.6795483827590942,0.6875,0.78125,0.6875,0.0,16400
1991-08-14,0.6486598253250122,0.65625,0.78125,0.65625,0.0,8000
1991-08-15,0.6486598253250122,0.65625,0.65625,0.65625,0.65625,0
1991-08-16,0.6486598253250122,0.65625,0.65625,0.65625,0.65625,0
1991-08-19,0.6486598253250122,0.65625,0.78125,0.65625,0.0,8000
1991-08-20,0.6795483827590942,0.6875,0.78125,0.6875,0.0,4000
1991-08-21,0.6795483827590942,0.6875,0.78125,0.6875,0.0,10400
1991-08-22,0.6795483827590942,0.6875,0.75,0.6875,0.0,1200
1991-08-23,0.6795483827590942,0.6875,0.75,0.6875,0.0,21200
1991-08-26,0.6795483827590942,0.6875,0.75,0.6875,0.0,12000
1991-08-27,0.7104369401931763,0.71875,0.75,0.71875,0.0,17600
1991-08-28,0.7104369401931763,0.71875,0.78125,0.71875,0.0,24400
1991-08-29,0.7104369401931763,0.71875,0.71875,0.71875,0.71875,0
1991-08-30,0.7104369401931763,0.71875,0.71875,0.71875,0.71875,0
1991-09-03,0.6795483827590942,0.6875,0.75,0.6875,0.0,7200
1991-09-04,0.6177712678909302,0.625,0.75,0.625,0.0,10000
1991-09-05,0.6177712678909302,0.625,0.625,0.625,0.625,0
1991-09-06,0.6177712678909302,0.625,0.625,0.625,0.625,0
1991-09-09,0.6177712678909302,0.625,0.625,0.625,0.625,0
1991-09-10,0.6177712678909302,0.625,0.625,0.625,0.625,0
1991-09-11,0.6177712678909302,0.625,0.625,0.625,0.625,0
1991-09-12,0.6177712678909302,0.625,0.734375,0.625,0.0,400
1991-09-13,0.6177712678909302,0.625,0.71875,0.625,0.0,10000
1991-09-16,0.6177712678909302,0.625,0.71875,0.625,0.0,16000
1991-09-17,0.6177712678909302,0.625,0.625,0.625,0.625,0
1991-09-18,0.6177712678909302,0.625,0.625,0.625,0.625,0
1991-09-19,0.6177712678909302,0.625,0.625,0.625,0.625,0
1991-09-20,0.6486598253250122,0.65625,0.71875,0.65625,0.0,8400
1991-09-23,0.6486598253250122,0.65625,0.71875,0.65625,0.0,2000
1991-09-24,0.6486598253250122,0.65625,0.65625,0.65625,0.65625,0
1991-09-25,0.6486598253250122,0.65625,0.71875,0.65625,0.0,4000
1991-09-26,0.6486598253250122,0.65625,0.71875,0.65625,0.0,0
1991-09-27,0.6486598253250122,0.65625,0.65625,0.65625,0.65625,0
1991-09-30,0.6486598253250122,0.65625,0.71875,0.65625,0.0,12000
1991-10-01,0.6486598253250122,0.65625,0.71875,0.65625,0.0,6400
1991-10-02,0.6486598253250122,0.65625,0.71875,0.65625,0.0,8000
1991-10-03,0.6795483827590942,0.6875,0.765625,0.6875,0.0,28800
1991-10-04,0.7104369401931763,0.71875,0.765625,0.71875,0.0,22800
1991-10-07,0.7104369401931763,0.71875,0.78125,0.71875,0.0,38400
1991-10-08,0.7104369401931763,0.71875,0.765625,0.71875,0.0,2000
1991-10-09,0.7104369401931763,0.71875,0.765625,0.71875,0.0,4000
1991-10-10,0.7413254976272583,0.75,0.90625,0.75,0.0,22000
1991-10-11,0.7413254976272583,0.75,0.875,0.75,0.0,5200
1991-10-14,0.7413254976272583,0.75,0.75,0.75,0.75,0
1991-10-15,0.7413254976272583,0.75,0.75,0.75,0.75,0
1991-10-16,0.7413254976272583,0.75,0.875,0.75,0.0,2000
1991-10-17,0.7413254976272583,0.75,0.75,0.75,0.75,0
1991-10-18,0.7413254976272583,0.75,0.8125,0.75,0.0,12000
1991-10-21,0.7104369401931763,0.71875,0.78125,0.71875,0.0,21600
1991-10-22,0.6177712678909302,0.625,0.78125,0.625,0.0,46000
1991-10-23,0.6486598253250122,0.65625,0.78125,0.65625,0.0,28000
1991-10-24,0.6486598253250122,0.65625,0.78125,0.65625,0.0,800
1991-10-25,0.6177712678909302,0.625,0.75,0.625,0.0,25600
1991-10-28,0.6177712678909302,0.625,0.75,0.625,0.0,2000
1991-10-29,0.6177712678909302,0.625,0.75,0.625,0.0,10000
1991-10-30,0.6177712678909302,0.625,0.75,0.625,0.0,2000
1991-10-31,0.6177712678909302,0.625,0.625,0.625,0.625,0
1991-11-01,0.6177712678909302,0.625,0.75,0.625,0.0,1200
1991-11-04,0.6177712678909302,0.625,0.75,0.625,0.0,6400
1991-11-05,0.6177712678909302,0.625,0.625,0.625,0.625,0
1991-11-06,0.6177712678909302,0.625,0.625,0.625,0.625,0
1991-11-07,0.6795483827590942,0.6875,0.75,0.6875,0.0,16000
1991-11-08,0.7104369401931763,0.71875,0.78125,0.71875,0.0,39600
1991-11-11,0.7104369401931763,0.71875,0.78125,0.71875,0.0,29200
1991-11-12,0.7104369401931763,0.71875,0.78125,0.71875,0.0,4400
1991-11-13,0.7104369401931763,0.71875,0.78125,0.71875,0.0,30000
1991-11-14,0.7722140550613403,0.78125,0.875,0.78125,0.0,61600
1991-11-15,0.8339911699295044,0.84375,1.0,0.84375,0.0,50800
1991-11-18,0.8339911699295044,0.84375,0.96875,0.84375,0.0,19600
1991-11-19,0.7413254976272583,0.75,0.875,0.75,0.0,21600
1991-11-20,0.7722140550613403,0.78125,0.875,0.78125,0.0,6800
1991-11-21,0.7722140550613403,0.78125,0.875,0.78125,0.0,20000
1991-11-22,0.7722140550613403,0.78125,0.875,0.78125,0.0,22800
1991-11-25,0.7722140550613403,0.78125,0.78125,0.78125,0.78125,0
1991-11-26,0.7413254976272583,0.75,0.875,0.75,0.0,12000
1991-11-27,0.7413254976272583,0.75,0.84375,0.75,0.0,6000
1991-11-29,0.7413254976272583,0.75,0.84375,0.75,0.0,12000
1991-12-02,0.7104369401931763,0.71875,0.84375,0.71875,0.0,23600
1991-12-03,0.7722140550613403,0.78125,0.90625,0.78125,0.0,1200
1991-12-04,0.7722140550613403,0.78125,0.90625,0.78125,0.0,4400
1991-12-05,0.7722140550613403,0.78125,0.875,0.78125,0.0,12000
1991-12-06,0.7722140550613403,0.78125,0.78125,0.78125,0.78125,0
1991-12-09,0.7722140550613403,0.78125,0.875,0.78125,0.0,10000
1991-12-10,0.7722140550613403,0.78125,0.84375,0.78125,0.0,1200
1991-12-11,0.7722140550613403,0.78125,0.84375,0.78125,0.0,1200
1991-12-12,0.7722140550613403,0.78125,0.84375,0.78125,0.0,1200
1991-12-13,0.7722140550613403,0.78125,0.78125,0.78125,0.78125,0
1991-12-16,0.7413254976272583,0.75,0.84375,0.75,0.0,9200
1991-12-17,0.7413254976272583,0.75,0.8125,0.75,0.0,1200
1991-12-18,0.7413254976272583,0.75,0.75,0.75,0.75,0
1991-12-19,0.7413254976272583,0.75,0.8125,0.75,0.0,5200
1991-12-20,0.7413254976272583,0.75,0.8125,0.75,0.0,2000
1991-12-23,0.7413254976272583,0.75,0.75,0.75,0.75,0
1991-12-24,0.7413254976272583,0.75,0.8125,0.75,0.0,2000
1991-12-26,0.7413254976272583,0.75,0.75,0.75,0.75,0
1991-12-27,0.7413254976272583,0.75,0.8125,0.75,0.0,13200
1991-12-30,0.7413254976272583,0.75,0.8125,0.75,0.0,6000
1991-12-31,0.7413254976272583,0.75,0.8125,0.75,0.0,4000
1992-01-02,0.7413254976272583,0.75,0.8125,0.75,0.0,2400
1992-01-03,0.7413254976272583,0.75,0.8125,0.75,0.0,6000
1992-01-06,0.7413254976272583,0.75,0.875,0.75,0.0,18400
1992-01-07,0.7413254976272583,0.75,0.75,0.75,0.75,0
1992-01-08,0.7413254976272583,0.75,0.75,0.75,0.75,0
1992-01-09,0.7413254976272583,0.75,0.8125,0.75,0.0,18000
1992-01-10,0.7413254976272583,0.75,0.75,0.75,0.75,0
1992-01-13,0.7413254976272583,0.75,0.8125,0.75,0.0,12800
1992-01-14,0.7413254976272583,0.75,0.75,0.75,0.75,0
1992-01-15,0.7413254976272583,0.75,0.75,0.75,0.75,0
1992-01-16,0.7413254976272583,0.75,0.75,0.75,0.75,0
1992-01-17,0.7413254976272583,0.75,0.8125,0.75,0.0,18400
1992-01-20,0.7413254976272583,0.75,0.8125,0.75,0.0,2800
1992-01-21,0.7413254976272583,0.75,0.8125,0.75,0.0,4000
1992-01-22,0.7413254976272583,0.75,0.8125,0.75,0.0,5600
1992-01-23,0.7413254976272583,0.75,0.75,0.75,0.75,0
1992-01-24,0.7413254976272583,0.75,0.8125,0.75,0.0,1200
1992-01-27,0.7413254976272583,0.75,0.8125,0.75,0.0,1200
1992-01-28,0.7413254976272583,0.75,0.8125,0.75,0.0,1200
1992-01-29,0.7413254976272583,0.75,0.8125,0.75,0.0,3200
1992-01-30,0.7413254976272583,0.75,0.75,0.75,0.75,0
1992-01-31,0.7413254976272583,0.75,0.75,0.75,0.75,0
1992-02-03,0.7413254976272583,0.75,0.8125,0.75,0.0,6000
1992-02-04,0.7413254976272583,0.75,0.75,0.75,0.75,0
1992-02-05,0.7413254976272583,0.75,0.75,0.75,0.75,0
1992-02-06,0.7413254976272583,0.75,0.75,0.75,0.75,0
1992-02-07,0.7104369401931763,0.71875,0.8125,0.71875,0.0,1600
1992-02-10,0.7104369401931763,0.71875,0.71875,0.71875,0.71875,0
1992-02-11,0.7104369401931763,0.71875,0.8125,0.71875,0.0,10800
1992-02-12,0.7104369401931763,0.71875,0.8125,0.71875,0.0,18800
1992-02-13,0.7104369401931763,0.71875,0.8125,0.71875,0.0,5200
1992-02-14,0.7104369401931763,0.71875,0.8125,0.71875,0.0,4000
1992-02-18,0.7104369401931763,0.71875,0.71875,0.71875,0.71875,0
1992-02-19,0.6795483827590942,0.6875,0.8125,0.6875,0.0,2400
1992-02-20,0.6795483827590942,0.6875,0.6875,0.6875,0.6875,0
1992-02-21,0.6795483827590942,0.6875,0.8125,0.6875,0.0,1200
1992-02-24,0.6795483827590942,0.6875,0.6875,0.6875,0.6875,0
1992-02-25,0.6795483827590942,0.6875,0.6875,0.6875,0.6875,0
1992-02-26,0.6795483827590942,0.6875,0.6875,0.6875,0.6875,0
1992-02-27,0.6795483827590942,0.6875,0.8125,0.6875,0.0,26800
1992-02-28,0.7413254976272583,0.75,0.8125,0.75,0.0,13200
1992-03-02,0.7413254976272583,0.75,0.8125,0.75,0.0,13200
1992-03-03,0.7413254976272583,0.75,0.8125,0.75,0.0,4400
1992-03-04,0.7413254976272583,0.75,0.8125,0.75,0.0,6000
1992-03-05,0.7413254976272583,0.75,0.75,0.75,0.75,0
1992-03-06,0.7104369401931763,0.71875,0.8125,0.71875,0.0,4000
1992-03-09,0.7104369401931763,0.71875,0.71875,0.71875,0.71875,0
1992-03-10,0.6795483827590942,0.6875,0.8125,0.6875,0.0,2400
1992-03-11,0.6795483827590942,0.6875,0.8125,0.6875,0.0,4800
1992-03-12,0.7722140550613403,0.78125,0.875,0.78125,0.0,54000
1992-03-13,0.8031026124954224,0.8125,0.9375,0.8125,0.0,55200
1992-03-16,0.8339911699295044,0.84375,0.96875,0.84375,0.0,10400
1992-03-17,0.8339911699295044,0.84375,0.96875,0.84375,0.0,18800
1992-03-18,0.8339911699295044,0.84375,0.96875,0.84375,0.0,4000
1992-03-19,0.8339911699295044,0.84375,0.96875,0.84375,0.0,18000
1992-03-20,0.8031026124954224,0.8125,0.96875,0.8125,0.0,4000
1992-03-23,0.8031026124954224,0.8125,0.96875,0.8125,0.0,12000
1992-03-24,0.8031026124954224,0.8125,0.96875,0.8125,0.0,4000
1992-03-25,0.8339911699295044,0.84375,0.96875,0.84375,0.0,400
1992-03-26,0.8339911699295044,0.84375,0.84375,0.84375,0.84375,0
1992-03-27,0.8648797869682312,0.875,0.96875,0.875,0.0,6400
1992-03-30,0.8339911699295044,0.84375,0.96875,0.84375,0.0,3200
1992-03-31,0.8339911699295044,0.84375,0.96875,0.84375,0.0,2400
1992-04-01,0.8648797869682312,0.875,1.0,0.875,0.0,11200
1992-04-02,0.8648797869682312,0.875,1.0,0.875,0.0,400
1992-04-03,0.8648797869682312,0.875,0.875,0.875,0.875,0
1992-04-06,0.8648797869682312,0.875,1.0,0.875,0.0,2400
1992-04-07,0.8648797869682312,0.875,1.0,0.875,0.0,4000
1992-04-08,0.8957683444023132,0.90625,1.03125,0.90625,0.0,14400
1992-04-09,0.8957683444023132,0.90625,1.03125,0.90625,0.0,3600
1992-04-10,0.9575454592704773,0.96875,1.03125,0.96875,0.0,6400
1992-04-13,1.0810997486114502,1.09375,1.125,1.09375,0.0,34800
1992-04-14,1.0810997486114502,1.09375,1.1875,1.09375,0.0,37200
1992-04-15,1.1119883060455322,1.125,1.25,1.125,0.0,41200
1992-04-16,1.0502111911773682,1.0625,1.1875,1.0625,0.0,44000
1992-04-20,1.0502111911773682,1.0625,1.1875,1.0625,0.0,14800
1992-04-21,1.0502111911773682,1.0625,1.1875,1.0625,0.0,4000
1992-04-22,1.0502111911773682,1.0625,1.1875,1.0625,0.0,24400
1992-04-23,1.0502111911773682,1.0625,1.0625,1.0625,1.0625,0
1992-04-24,1.0502111911773682,1.0625,1.1875,1.0625,0.0,400
1992-04-27,1.0502111911773682,1.0625,1.0625,1.0625,1.0625,0
1992-04-28,1.0502111911773682,1.0625,1.1875,1.0625,0.0,2800
1992-04-29,1.0502111911773682,1.0625,1.0625,1.0625,1.0625,0
1992-04-30,1.0502111911773682,1.0625,1.1875,1.0625,0.0,1200
1992-05-01,1.0502111911773682,1.0625,1.1875,1.0625,0.0,800
1992-05-04,1.0193226337432861,1.03125,1.125,1.03125,0.0,11600
1992-05-05,0.8648797869682312,0.875,0.96875,0.875,0.0,23200
1992-05-06,0.8648797869682312,0.875,0.875,0.875,0.875,0
1992-05-07,0.8648797869682312,0.875,0.9375,0.875,0.0,6000
1992-05-08,0.8648797869682312,0.875,0.875,0.875,0.875,0
1992-05-11,0.8648797869682312,0.875,0.9375,0.875,0.0,4800
1992-05-12,0.8648797869682312,0.875,0.875,0.875,0.875,0
1992-05-13,0.7722140550613403,0.78125,0.90625,0.78125,0.0,2400
1992-05-14,0.7722140550613403,0.78125,0.90625,0.78125,0.0,12000
1992-05-15,0.7722140550613403,0.78125,0.9375,0.78125,0.0,12000
1992-05-18,0.7722140550613403,0.78125,0.78125,0.78125,0.78125,0
1992-05-19,0.7722140550613403,0.78125,0.9375,0.78125,0.0,8000
1992-05-20,0.7722140550613403,0.78125,0.78125,0.78125,0.78125,0
1992-05-21,0.7722140550613403,0.78125,0.9375,0.78125,0.0,9200
1992-05-22,0.7722140550613403,0.78125,0.78125,0.78125,0.78125,0
1992-05-26,0.7722140550613403,0.78125,0.78125,0.78125,0.78125,0
1992-05-27,0.7722140550613403,0.78125,0.78125,0.78125,0.78125,0
1992-05-28,0.7722140550613403,0.78125,0.78125,0.78125,0.78125,0
1992-05-29,0.7722140550613403,0.78125,0.9375,0.78125,0.0,2000
1992-06-01,0.7722140550613403,0.78125,0.78125,0.78125,0.78125,0
1992-06-02,0.7722140550613403,0.78125,0.875,0.78125,0.0,25600
1992-06-03,0.7722140550613403,0.78125,0.78125,0.78125,0.78125,0
1992-06-04,0.7722140550613403,0.78125,0.78125,0.78125,0.78125,0
1992-06-05,0.7722140550613403,0.78125,0.78125,0.78125,0.78125,0
1992-06-08,0.7722140550613403,0.78125,0.78125,0.78125,0.78125,0
1992-06-09,0.7722140550613403,0.78125,0.8125,0.78125,0.0,2000
1992-06-10,0.7413254976272583,0.75,0.8125,0.75,0.0,24800
1992-06-11,0.7413254976272583,0.75,0.8125,0.75,0.0,4000
1992-06-12,0.7413254976272583,0.75,0.8125,0.75,0.0,8000
1992-06-15,0.7413254976272583,0.75,0.75,0.75,0.75,0
1992-06-16,0.7413254976272583,0.75,0.75,0.75,0.75,0
1992-06-17,0.7413254976272583,0.75,0.75,0.75,0.75,0
1992-06-18,0.7413254976272583,0.75,0.75,0.75,0.75,800
1992-06-19,0.7104369401931763,0.71875,0.78125,0.71875,0.75,12400
1992-06-22,0.6486598253250122,0.65625,0.78125,0.65625,0.78125,10000
1992-06-23,0.7104369401931763,0.71875,0.71875,0.71875,0.71875,12000
1992-06-24,0.7104369401931763,0.71875,0.71875,0.71875,0.71875,0
1992-06-25,0.7104369401931763,0.71875,0.71875,0.71875,0.71875,0
1992-06-26,0.7104369401931763,0.71875,0.71875,0.71875,0.71875,0
1992-06-29,0.7104369401931763,0.71875,0.71875,0.71875,0.71875,0
1992-06-30,0.7413254976272583,0.75,0.78125,0.6875,0.6875,8000
1992-07-01,0.7413254976272583,0.75,0.75,0.75,0.75,0
1992-07-02,0.7413254976272583,0.75,0.75,0.75,0.75,0
1992-07-06,0.7413254976272583,0.75,0.75,0.75,0.75,0
1992-07-07,0.7413254976272583,0.75,0.75,0.75,0.75,0
1992-07-08,0.7413254976272583,0.75,0.75,0.75,0.75,0
1992-07-09,0.7413254976272583,0.75,0.75,0.75,0.75,0
1992-07-10,0.7413254976272583,0.75,0.75,0.75,0.75,400
1992-07-13,0.6486598253250122,0.65625,0.65625,0.65625,0.65625,4000
1992-07-14,0.6486598253250122,0.65625,0.65625,0.65625,0.65625,0
1992-07-15,0.6486598253250122,0.65625,0.65625,0.65625,0.65625,0
1992-07-16,0.6486598253250122,0.65625,0.65625,0.65625,0.65625,0
1992-07-17,0.6486598253250122,0.65625,0.65625,0.65625,0.65625,0
1992-07-20,0.7104369401931763,0.71875,0.71875,0.65625,0.65625,4800
1992-07-21,0.6795483827590942,0.6875,0.734375,0.65625,0.734375,36800
1992-07-22,0.6795483827590942,0.6875,0.6875,0.6875,0.6875,0
1992-07-23,0.6486598253250122,0.65625,0.65625,0.65625,0.65625,8000
1992-07-24,0.7104369401931763,0.71875,0.71875,0.71875,0.71875,400
1992-07-27,0.6486598253250122,0.65625,0.65625,0.65625,0.65625,4000
1992-07-28,0.6486598253250122,0.65625,0.65625,0.65625,0.65625,0
1992-07-29,0.6486598253250122,0.65625,0.65625,0.65625,0.65625,0
1992-07-30,0.6177712678909302,0.625,0.625,0.625,0.625,8000
1992-07-31,0.5868827104568481,0.59375,0.625,0.59375,0.625,18400
1992-08-03,0.5868827104568481,0.59375,0.59375,0.59375,0.59375,0
1992-08-04,0.5559941530227661,0.5625,0.5625,0.5625,0.5625,2000
1992-08-05,0.5559941530227661,0.5625,0.5625,0.5625,0.5625,2000
1992-08-06,0.6177712678909302,0.625,0.625,0.625,0.625,1600
1992-08-07,0.6795483827590942,0.6875,0.6875,0.6875,0.6875,8000
1992-08-10,0.6795483827590942,0.6875,0.6875,0.6875,0.6875,400
1992-08-11,0.6795483827590942,0.6875,0.6875,0.6875,0.6875,0
1992-08-12,0.5559941530227661,0.5625,0.5625,0.5625,0.5625,2000
1992-08-13,0.5559941530227661,0.5625,0.5625,0.5625,0.5625,2000
1992-08-14,0.5559941530227661,0.5625,0.5625,0.5625,0.5625,0
1992-08-17,0.5559941530227661,0.5625,0.625,0.5625,0.625,4400
1992-08-18,0.5559941530227661,0.5625,0.5625,0.5625,0.5625,0
1992-08-19,0.6177712678909302,0.625,0.625,0.625,0.625,4000
1992-08-20,0.5559941530227661,0.5625,0.5625,0.5625,0.5625,10000
1992-08-21,0.5251055955886841,0.53125,0.53125,0.53125,0.53125,1600
1992-08-24,0.49421700835227966,0.5,0.53125,0.5,0.53125,14000
1992-08-25,0.5559941530227661,0.5625,0.5625,0.5625,0.5625,2400
1992-08-26,0.49421700835227966,0.5,0.5,0.5,0.5,400
1992-08-27,0.5096613168716431,0.515625,0.515625,0.515625,0.515625,8000
1992-08-28,0.5868827104568481,0.59375,0.59375,0.46875,0.53125,29200
1992-08-31,0.7104369401931763,0.71875,0.71875,0.5625,0.59375,31600
1992-09-01,0.7104369401931763,0.71875,0.71875,0.71875,0.71875,6400
1992-09-02,0.7413254976272583,0.75,0.75,0.71875,0.71875,12000
1992-09-03,0.8957683444023132,0.90625,0.90625,0.8125,0.8125,21600
1992-09-04,0.8031026124954224,0.8125,0.90625,0.8125,0.90625,7600
1992-09-08,0.7722140550613403,0.78125,0.78125,0.78125,0.78125,3200
1992-09-09,0.9266569018363953,0.9375,0.9375,0.9375,0.9375,6000
1992-09-10,0.8957683444023132,0.90625,0.9375,0.875,0.9375,18000
1992-09-11,0.8339911699295044,0.84375,0.90625,0.84375,0.90625,5200
1992-09-14,0.8339911699295044,0.84375,0.96875,0.84375,0.96875,3200
1992-09-15,0.8339911699295044,0.84375,0.84375,0.84375,0.84375,1200
1992-09-16,0.8339911699295044,0.84375,0.9375,0.84375,0.9375,2000
1992-09-17,0.8339911699295044,0.84375,0.84375,0.84375,0.84375,8000
1992-09-18,0.9575454592704773,0.96875,0.96875,0.96875,0.96875,800
1992-09-21,0.9575454592704773,0.96875,0.96875,0.96875,0.96875,0
1992-09-22,0.9575454592704773,0.96875,0.96875,0.96875,0.96875,0
1992-09-23,0.8648797869682312,0.875,0.875,0.875,0.875,4000
1992-09-24,0.8648797869682312,0.875,0.875,0.875,0.875,0
1992-09-25,0.8648797869682312,0.875,0.875,0.875,0.875,2000
1992-09-28,0.9266569018363953,0.9375,0.9375,0.9375,0.9375,800
1992-09-29,0.9266569018363953,0.9375,0.9375,0.9375,0.9375,0
1992-09-30,0.9266569018363953,0.9375,0.9375,0.9375,0.9375,0
1992-10-01,0.9266569018363953,0.9375,0.9375,0.9375,0.9375,0
1992-10-02,0.8648797869682312,0.875,0.875,0.875,0.875,4000
1992-10-05,0.8185469508171082,0.828125,0.828125,0.8125,0.8125,8000
1992-10-06,0.8031026124954224,0.8125,0.8125,0.8125,0.8125,400
1992-10-07,0.8031026124954224,0.8125,0.875,0.8125,0.8125,30000
1992-10-08,0.8031026124954224,0.8125,0.8125,0.8125,0.8125,0
1992-10-09,0.8031026124954224,0.8125,0.828125,0.8125,0.828125,8000
1992-10-12,0.7722140550613403,0.78125,0.78125,0.78125,0.78125,1200
1992-10-13,0.8339911699295044,0.84375,0.84375,0.84375,0.84375,2800
1992-10-14,0.8339911699295044,0.84375,0.84375,0.84375,0.84375,0
1992-10-15,0.8339911699295044,0.84375,0.84375,0.84375,0.84375,0
1992-10-16,0.7258812189102173,0.734375,0.75,0.734375,0.75,7200
1992-10-19,0.7258812189102173,0.734375,0.734375,0.734375,0.734375,0
1992-10-20,0.7258812189102173,0.734375,0.734375,0.734375,0.734375,0
1992-10-21,0.7104369401931763,0.71875,0.78125,0.71875,0.78125,5200
1992-10-22,0.7104369401931763,0.71875,0.71875,0.71875,0.71875,2000
1992-10-23,0.7722140550613403,0.78125,0.78125,0.71875,0.78125,3200
1992-10-26,0.7722140550613403,0.78125,0.78125,0.78125,0.78125,0
1992-10-27,0.7722140550613403,0.78125,0.78125,0.78125,0.78125,0
1992-10-28,0.7413254976272583,0.75,0.75,0.75,0.75,400
1992-10-29,0.7413254976272583,0.75,0.75,0.75,0.75,0
1992-10-30,0.7413254976272583,0.75,0.75,0.75,0.75,0
1992-11-02,0.7413254976272583,0.75,0.75,0.75,0.75,0
1992-11-03,0.7104369401931763,0.71875,0.71875,0.71875,0.71875,400
1992-11-04,0.7722140550613403,0.78125,0.78125,0.78125,0.78125,2000
1992-11-05,0.7104369401931763,0.71875,0.71875,0.71875,0.71875,1600
1992-11-06,0.7104369401931763,0.71875,0.71875,0.71875,0.71875,0
1992-11-09,0.7104369401931763,0.71875,0.71875,0.71875,0.71875,0
1992-11-10,0.7104369401931763,0.71875,0.71875,0.71875,0.71875,0
1992-11-11,0.7722140550613403,0.78125,0.78125,0.71875,0.78125,6400
1992-11-12,0.7104369401931763,0.71875,0.71875,0.71875,0.71875,2000
1992-11-13,0.6795483827590942,0.6875,0.75,0.625,0.6875,22000
1992-11-16,0.6795483827590942,0.6875,0.6875,0.6875,0.6875,0
1992-11-17,0.6177712678909302,0.625,0.625,0.625,0.625,800
1992-11-18,0.6177712678909302,0.625,0.625,0.625,0.625,0
1992-11-19,0.6177712678909302,0.625,0.625,0.625,0.625,1200
1992-11-20,0.6177712678909302,0.625,0.625,0.625,0.625,0
1992-11-23,0.7413254976272583,0.75,0.75,0.75,0.75,400
1992-11-24,0.7413254976272583,0.75,0.75,0.75,0.75,0
1992-11-25,0.6795483827590942,0.6875,0.6875,0.6875,0.6875,5200
1992-11-27,0.6795483827590942,0.6875,0.6875,0.6875,0.6875,0
1992-11-30,0.6177712678909302,0.625,0.625,0.625,0.625,400
1992-12-01,0.7413254976272583,0.75,0.75,0.75,0.75,4000
1992-12-02,0.7413254976272583,0.75,0.75,0.75,0.75,0
1992-12-03,0.7413254976272583,0.75,0.75,0.75,0.75,0
1992-12-04,0.7413254976272583,0.75,0.75,0.75,0.75,0
1992-12-07,0.6177712678909302,0.625,0.625,0.625,0.625,8000
1992-12-08,0.5559941530227661,0.5625,0.625,0.5625,0.625,62400
1992-12-09,0.5559941530227661,0.5625,0.5625,0.5625,0.5625,0
1992-12-10,0.6177712678909302,0.625,0.625,0.5625,0.5625,20400
1992-12-11,0.5868827104568481,0.59375,0.625,0.59375,0.625,5200
1992-12-14,0.6486598253250122,0.65625,0.65625,0.65625,0.65625,1200
1992-12-15,0.6486598253250122,0.65625,0.65625,0.65625,0.65625,0
1992-12-16,0.5559941530227661,0.5625,0.5625,0.5625,0.5625,3600
1992-12-17,0.6486598253250122,0.65625,0.65625,0.65625,0.65625,1200
1992-12-18,0.5559941530227661,0.5625,0.5625,0.5625,0.5625,8400
1992-12-21,0.5559941530227661,0.5625,0.5625,0.5625,0.5625,12400
1992-12-22,0.5559941530227661,0.5625,0.5625,0.5625,0.5625,5600
1992-12-23,0.6177712678909302,0.625,0.625,0.5625,0.5625,24000
1992-12-24,0.5251055955886841,0.53125,0.59375,0.53125,0.59375,9600
1992-12-28,0.49421700835227966,0.5,0.5,0.5,0.5,400
1992-12-29,0.49421700835227966,0.5,0.5,0.5,0.5,0
1992-12-30,0.49421700835227966,0.5,0.5,0.5,0.5,5600
1992-12-31,0.49421700835227966,0.5,0.5,0.5,0.5,6400
1993-01-04,0.5251055955886841,0.53125,0.5625,0.53125,0.5625,10000
1993-01-05,0.5251055955886841,0.53125,0.53125,0.53125,0.53125,0
1993-01-06,0.5559941530227661,0.5625,0.59375,0.5,0.59375,6000
1993-01-07,0.49421700835227966,0.5,0.5,0.5,0.5,3200
1993-01-08,0.49421700835227966,0.5,0.5,0.5,0.5,0
1993-01-11,0.5868827104568481,0.59375,0.59375,0.59375,0.59375,4000
1993-01-12,0.5559941530227661,0.5625,0.5625,0.5625,0.5625,6400
1993-01-13,0.5559941530227661,0.5625,0.5625,0.5625,0.5625,0
1993-01-14,0.5559941530227661,0.5625,0.5625,0.5625,0.5625,0
1993-01-15,0.5559941530227661,0.5625,0.5625,0.5625,0.5625,0
1993-01-18,0.5559941530227661,0.5625,0.5625,0.5625,0.5625,0
1993-01-19,0.6177712678909302,0.625,0.625,0.5625,0.625,38000
1993-01-20,0.5251055955886841,0.53125,0.53125,0.53125,0.53125,4000
1993-01-21,0.5251055955886841,0.53125,0.53125,0.53125,0.53125,0
1993-01-22,0.5251055955886841,0.53125,0.53125,0.53125,0.53125,0
1993-01-25,0.5251055955886841,0.53125,0.53125,0.53125,0.53125,1200
1993-01-26,0.5251055955886841,0.53125,0.53125,0.53125,0.53125,800
1993-01-27,0.5251055955886841,0.53125,0.53125,0.53125,0.53125,0
1993-01-28,0.5868827104568481,0.59375,0.59375,0.59375,0.59375,2000
1993-01-29,0.5868827104568481,0.59375,0.59375,0.59375,0.59375,4000
1993-02-01,0.6177712678909302,0.625,0.625,0.5625,0.625,26800
1993-02-02,0.5559941530227661,0.5625,0.5625,0.5625,0.5625,4000
1993-02-03,0.5559941530227661,0.5625,0.5625,0.5625,0.5625,0
1993-02-04,0.5559941530227661,0.5625,0.5625,0.5625,0.5625,0
1993-02-05,0.6177712678909302,0.625,0.625,0.59375,0.625,20000
1993-02-08,0.6177712678909302,0.625,0.625,0.625,0.625,6400
1993-02-09,0.6177712678909302,0.625,0.625,0.625,0.625,0
1993-02-10,0.6177712678909302,0.625,0.625,0.625,0.625,0
1993-02-11,0.6177712678909302,0.625,0.625,0.625,0.625,0
1993-02-12,0.7104369401931763,0.71875,0.71875,0.71875,0.71875,1200
1993-02-16,0.7104369401931763,0.71875,0.71875,0.71875,0.71875,2000
1993-02-17,0.7104369401931763,0.71875,0.71875,0.71875,0.71875,0
1993-02-18,0.7104369401931763,0.71875,0.71875,0.71875,0.71875,0
1993-02-19,0.7104369401931763,0.71875,0.71875,0.71875,0.71875,0
1993-02-22,0.7104369401931763,0.71875,0.71875,0.71875,0.71875,0
1993-02-23,0.7104369401931763,0.71875,0.71875,0.71875,0.71875,0
1993-02-24,0.6486598253250122,0.65625,0.65625,0.59375,0.59375,8000
1993-02-25,0.6486598253250122,0.65625,0.65625,0.65625,0.65625,0
1993-02-26,0.6177712678909302,0.625,0.71875,0.625,0.6875,20800
1993-03-01,0.7104369401931763,0.71875,0.71875,0.71875,0.71875,5200
1993-03-02,0.6486598253250122,0.65625,0.65625,0.625,0.625,24400
1993-03-03,0.6641041040420532,0.671875,0.671875,0.625,0.625,18800
1993-03-04,0.6177712678909302,0.625,0.6875,0.625,0.65625,14400
1993-03-05,0.6177712678909302,0.625,0.625,0.625,0.625,6000
1993-03-08,0.6177712678909302,0.625,0.625,0.625,0.625,1200
1993-03-09,0.6177712678909302,0.625,0.625,0.625,0.625,0
1993-03-10,0.5559941530227661,0.5625,0.6875,0.5625,0.625,28000
1993-03-11,0.5251055955886841,0.53125,0.53125,0.53125,0.53125,4800
1993-03-12,0.5251055955886841,0.53125,0.53125,0.53125,0.53125,1200
1993-03-15,0.5868827104568481,0.59375,0.59375,0.59375,0.59375,4000
1993-03-16,0.5868827104568481,0.59375,0.59375,0.59375,0.59375,0
1993-03-17,0.5868827104568481,0.59375,0.59375,0.59375,0.59375,0
1993-03-18,0.5868827104568481,0.59375,0.59375,0.59375,0.59375,0
1993-03-19,0.6486598253250122,0.65625,0.65625,0.65625,0.65625,8000
1993-03-22,0.5251055955886841,0.53125,0.53125,0.53125,0.53125,3200
1993-03-23,0.5251055955886841,0.53125,0.59375,0.53125,0.53125,14400
1993-03-24,0.6486598253250122,0.65625,0.65625,0.59375,0.59375,26000
1993-03-25,0.46332845091819763,0.46875,0.5,0.46875,0.5,34000
1993-03-26,0.49421700835227966,0.5,0.59375,0.5,0.59375,9600
1993-03-29,0.49421700835227966,0.5,0.5,0.5,0.5,0
1993-03-30,0.46332845091819763,0.46875,0.46875,0.46875,0.46875,400
1993-03-31,0.46332845091819763,0.46875,0.46875,0.46875,0.46875,8400
1993-04-01,0.46332845091819763,0.46875,0.46875,0.46875,0.46875,0
1993-04-02,0.46332845091819763,0.46875,0.46875,0.46875,0.46875,6000
1993-04-05,0.49421700835227966,0.5,0.59375,0.5,0.5625,65600
1993-04-06,0.49421700835227966,0.5,0.5,0.5,0.5,400
1993-04-07,0.49421700835227966,0.5,0.5,0.5,0.5,2000
1993-04-08,0.49421700835227966,0.5,0.5,0.5,0.5,0
1993-04-12,0.49421700835227966,0.5,0.5,0.5,0.5,25200
1993-04-13,0.5559941530227661,0.5625,0.5625,0.5625,0.5625,4000
1993-04-14,0.49421700835227966,0.5,0.5,0.5,0.5,400
1993-04-15,0.49421700835227966,0.5,0.5,0.5,0.5,0
1993-04-16,0.49421700835227966,0.5,0.5,0.5,0.5,800
1993-04-19,0.5559941530227661,0.5625,0.5625,0.5,0.5,6000
1993-04-20,0.49421700835227966,0.5,0.5,0.5,0.5,5200
1993-04-21,0.49421700835227966,0.5,0.5,0.5,0.5,0
1993-04-22,0.49421700835227966,0.5,0.5,0.5,0.5,0
1993-04-23,0.5559941530227661,0.5625,0.5625,0.5625,0.5625,2000
1993-04-26,0.49421700835227966,0.5,0.5,0.5,0.5,6000
1993-04-27,0.49421700835227966,0.5,0.5,0.5,0.5,0
1993-04-28,0.49421700835227966,0.5,0.5,0.5,0.5,0
1993-04-29,0.46332845091819763,0.46875,0.46875,0.46875,0.46875,24000
1993-04-30,0.46332845091819763,0.46875,0.46875,0.46875,0.46875,0
1993-05-03,0.46332845091819763,0.46875,0.46875,0.46875,0.46875,0
1993-05-04,0.46332845091819763,0.46875,0.46875,0.46875,0.46875,0
1993-05-05,0.46332845091819763,0.46875,0.46875,0.46875,0.46875,0
1993-05-06,0.5868827104568481,0.59375,0.59375,0.46875,0.46875,12000
1993-05-07,0.5868827104568481,0.59375,0.59375,0.59375,0.59375,0
1993-05-10,0.5868827104568481,0.59375,0.59375,0.59375,0.59375,0
1993-05-11,0.5868827104568481,0.59375,0.59375,0.53125,0.53125,4400
1993-05-12,0.49421700835227966,0.5,0.5,0.5,0.5,14000
1993-05-13,0.49421700835227966,0.5,0.5,0.5,0.5,0
1993-05-14,0.49421700835227966,0.5,0.5,0.5,0.5,0
1993-05-17,0.49421700835227966,0.5,0.5,0.5,0.5,0
1993-05-18,0.49421700835227966,0.5,0.5,0.5,0.5,0
1993-05-19,0.49421700835227966,0.5,0.5,0.5,0.5,0
1993-05-20,0.49421700835227966,0.5,0.5,0.5,0.5,0
1993-05-21,0.49421700835227966,0.5,0.5,0.5,0.5,0
1993-05-24,0.49421700835227966,0.5,0.5,0.5,0.5,0
1993-05-25,0.49421700835227966,0.5,0.5,0.5,0.5,0
1993-05-26,0.49421700835227966,0.5,0.5,0.5,0.5,0
1993-05-27,0.49421700835227966,0.5,0.5,0.5,0.5,0
1993-05-28,0.49421700835227966,0.5,0.5,0.5,0.5,0
1993-06-01,0.49421700835227966,0.5,0.5,0.5,0.5,0
1993-06-02,0.49421700835227966,0.5,0.5,0.5,0.5,0
1993-06-03,0.46332845091819763,0.46875,0.46875,0.46875,0.46875,1600
1993-06-04,0.46332845091819763,0.46875,0.46875,0.46875,0.46875,0
1993-06-07,0.49421700835227966,0.5,0.5,0.46875,0.46875,30000
1993-06-08,0.49421700835227966,0.5,0.5,0.4375,0.4375,24400
1993-06-09,0.49421700835227966,0.5,0.5,0.5,0.5,0
1993-06-10,0.49421700835227966,0.5,0.5,0.5,0.5,0
1993-06-11,0.49421700835227966,0.5,0.5,0.5,0.5,0
1993-06-14,0.49421700835227966,0.5,0.5,0.5,0.5,0
1993-06-15,0.4015513062477112,0.40625,0.40625,0.40625,0.40625,2400
1993-06-16,0.4015513062477112,0.40625,0.40625,0.40625,0.40625,0
1993-06-17,0.4015513062477112,0.40625,0.40625,0.40625,0.40625,0
1993-06-18,0.4015513062477112,0.40625,0.40625,0.40625,0.40625,0
1993-06-21,0.4015513062477112,0.40625,0.40625,0.40625,0.40625,0
1993-06-22,0.4015513062477112,0.40625,0.40625,0.40625,0.40625,0
1993-06-23,0.49421700835227966,0.5,0.5,0.40625,0.40625,16000
1993-06-24,0.37066274881362915,0.375,0.375,0.375,0.375,4400
1993-06-25,0.4324398934841156,0.4375,0.5,0.4375,0.4375,42000
1993-06-28,0.4324398934841156,0.4375,0.4375,0.4375,0.4375,0
1993-06-29,0.4324398934841156,0.4375,0.4375,0.4375,0.4375,0
1993-06-30,0.4324398934841156,0.4375,0.4375,0.4375,0.4375,0
1993-07-01,0.46332845091819763,0.46875,0.46875,0.46875,0.46875,24000
1993-07-02,0.49421700835227966,0.5,0.5,0.5,0.5,2000
1993-07-06,0.49421700835227966,0.5,0.5,0.375,0.375,1600
1993-07-07,0.49421700835227966,0.5,0.5,0.5,0.5,0
1993-07-08,0.49421700835227966,0.5,0.5,0.5,0.5,0
1993-07-09,0.37066274881362915,0.375,0.375,0.375,0.375,4000
1993-07-12,0.49421700835227966,0.5,0.5,0.5,0.5,400
1993-07-13,0.37066274881362915,0.375,0.375,0.375,0.375,400
1993-07-14,0.37066274881362915,0.375,0.375,0.375,0.375,0
1993-07-15,0.37066274881362915,0.375,0.375,0.375,0.375,4000
1993-07-16,0.37066274881362915,0.375,0.375,0.375,0.375,5600
1993-07-19,0.37066274881362915,0.375,0.46875,0.375,0.375,24800
1993-07-20,0.37066274881362915,0.375,0.375,0.375,0.375,0
1993-07-21,0.37066274881362915,0.375,0.375,0.375,0.375,800
1993-07-22,0.37066274881362915,0.375,0.375,0.375,0.375,0
1993-07-23,0.37066274881362915,0.375,0.375,0.375,0.375,0
1993-07-26,0.4324398934841156,0.4375,0.4375,0.4375,0.4375,8000
1993-07-27,0.4324398934841156,0.4375,0.4375,0.4375,0.4375,0
1993-07-28,0.4324398934841156,0.4375,0.4375,0.4375,0.4375,0
1993-07-29,0.37066274881362915,0.375,0.375,0.375,0.375,2000
1993-07-30,0.4324398934841156,0.4375,0.4375,0.4375,0.4375,800
1993-08-02,0.4324398934841156,0.4375,0.4375,0.4375,0.4375,0
1993-08-03,0.37066274881362915,0.375,0.375,0.375,0.375,2000
1993-08-04,0.4015513062477112,0.40625,0.40625,0.40625,0.40625,2000
1993-08-05,0.46332845091819763,0.46875,0.46875,0.40625,0.40625,12000
1993-08-06,0.5868827104568481,0.59375,0.59375,0.4375,0.4375,58800
1993-08-09,0.6177712678909302,0.625,0.625,0.53125,0.53125,8000
1993-08-10,0.6177712678909302,0.625,0.625,0.625,0.625,0
1993-08-11,0.6177712678909302,0.625,0.625,0.625,0.625,0
1993-08-12,0.6177712678909302,0.625,0.625,0.625,0.625,0
1993-08-13,0.6177712678909302,0.625,0.625,0.625,0.625,0
1993-08-16,0.6177712678909302,0.625,0.625,0.625,0.625,0
1993-08-17,0.6486598253250122,0.65625,0.65625,0.5625,0.65625,7600
1993-08-18,0.5868827104568481,0.59375,0.625,0.59375,0.625,8000
1993-08-19,0.5251055955886841,0.53125,0.59375,0.53125,0.53125,36000
1993-08-20,0.5251055955886841,0.53125,0.53125,0.53125,0.53125,0
1993-08-23,0.5251055955886841,0.53125,0.53125,0.53125,0.53125,0
1993-08-24,0.5251055955886841,0.53125,0.53125,0.53125,0.53125,0
1993-08-25,0.5251055955886841,0.53125,0.53125,0.53125,0.53125,0
1993-08-26,0.5251055955886841,0.53125,0.53125,0.53125,0.53125,0
1993-08-27,0.5251055955886841,0.53125,0.53125,0.53125,0.53125,0
1993-08-30,0.5559941530227661,0.5625,0.625,0.5625,0.625,18000
1993-08-31,0.6177712678909302,0.625,0.625,0.625,0.625,16000
1993-09-01,0.5251055955886841,0.53125,0.53125,0.53125,0.53125,4000
1993-09-02,0.5251055955886841,0.53125,0.53125,0.53125,0.53125,0
1993-09-03,0.5251055955886841,0.53125,0.53125,0.53125,0.53125,0
1993-09-07,0.5251055955886841,0.53125,0.53125,0.53125,0.53125,0
1993-09-08,0.5868827104568481,0.59375,0.59375,0.59375,0.59375,2400
1993-09-09,0.5868827104568481,0.59375,0.59375,0.59375,0.59375,0
1993-09-10,0.5868827104568481,0.59375,0.59375,0.59375,0.59375,0
1993-09-13,0.5868827104568481,0.59375,0.59375,0.59375,0.59375,0
1993-09-14,0.5868827104568481,0.59375,0.59375,0.59375,0.59375,0
1993-09-15,0.5251055955886841,0.53125,0.53125,0.53125,0.53125,4800
1993-09-16,0.5251055955886841,0.53125,0.53125,0.53125,0.53125,0
1993-09-17,0.5251055955886841,0.53125,0.53125,0.53125,0.53125,0
1993-09-20,0.5868827104568481,0.59375,0.59375,0.5,0.5,10000
1993-09-21,0.5868827104568481,0.59375,0.59375,0.59375,0.59375,0
1993-09-22,0.5868827104568481,0.59375,0.59375,0.59375,0.59375,0
1993-09-23,0.49421700835227966,0.5,0.5,0.5,0.5,8000
1993-09-24,0.49421700835227966,0.5,0.5,0.5,0.5,0
1993-09-27,0.49421700835227966,0.5,0.5,0.5,0.5,0
1993-09-28,0.49421700835227966,0.5,0.5,0.5,0.5,0
1993-09-29,0.49421700835227966,0.5,0.5,0.5,0.5,0
1993-09-30,0.49421700835227966,0.5,0.5,0.5,0.5,0
1993-10-01,0.5251055955886841,0.53125,0.53125,0.5,0.5,12000
1993-10-04,0.5559941530227661,0.5625,0.5625,0.5625,0.5625,4000
1993-10-05,0.5559941530227661,0.5625,0.5625,0.5625,0.5625,0
1993-10-06,0.5559941530227661,0.5625,0.5625,0.46875,0.46875,12000
1993-10-07,0.49421700835227966,0.5,0.5,0.5,0.5,4000
1993-10-08,0.49421700835227966,0.5,0.5,0.5,0.5,0
1993-10-11,0.6177712678909302,0.625,0.625,0.59375,0.59375,10800
1993-10-12,0.6177712678909302,0.625,0.625,0.625,0.625,0
1993-10-13,0.6177712678909302,0.625,0.625,0.625,0.625,0
1993-10-14,0.5559941530227661,0.5625,0.5625,0.5625,0.5625,4000
1993-10-15,0.6177712678909302,0.625,0.625,0.625,0.625,800
1993-10-18,0.6177712678909302,0.625,0.625,0.625,0.625,6000
1993-10-19,0.6177712678909302,0.625,0.625,0.625,0.625,8000
1993-10-20,0.49421700835227966,0.5,0.5,0.5,0.5,4000
1993-10-21,0.49421700835227966,0.5,0.5,0.5,0.5,0
1993-10-22,0.49421700835227966,0.5,0.5,0.5,0.5,0
1993-10-25,0.49421700835227966,0.5,0.5,0.5,0.5,0
1993-10-26,0.5559941530227661,0.5625,0.5625,0.5,0.5,8000
1993-10-27,0.5559941530227661,0.5625,0.5625,0.5625,0.5625,0
1993-10-28,0.49421700835227966,0.5,0.5,0.5,0.5,400
1993-10-29,0.49421700835227966,0.5,0.5,0.5,0.5,0
1993-11-01,0.49421700835227966,0.5,0.5,0.5,0.5,0
1993-11-02,0.49421700835227966,0.5,0.5,0.5,0.5,1200
1993-11-03,0.49421700835227966,0.5,0.5,0.5,0.5,0
1993-11-04,0.49421700835227966,0.5,0.5,0.5,0.5,800
1993-11-05,0.49421700835227966,0.5,0.5,0.5,0.5,0
1993-11-08,0.5559941530227661,0.5625,0.5625,0.5,0.5,7600
1993-11-09,0.5559941530227661,0.5625,0.5625,0.5625,0.5625,0
1993-11-10,0.5559941530227661,0.5625,0.5625,0.5625,0.5625,0
1993-11-11,0.49421700835227966,0.5,0.5,0.5,0.5,7600
1993-11-12,0.49421700835227966,0.5,0.5,0.5,0.5,0
1993-11-15,0.49421700835227966,0.5,0.5,0.5,0.5,4000
1993-11-16,0.49421700835227966,0.5,0.5,0.5,0.5,0
1993-11-17,0.49421700835227966,0.5,0.5,0.5,0.5,400
1993-11-18,0.49421700835227966,0.5,0.5,0.5,0.5,0
1993-11-19,0.49421700835227966,0.5,0.5,0.5,0.5,0
1993-11-22,0.49421700835227966,0.5,0.5,0.5,0.5,0
1993-11-23,0.49421700835227966,0.5,0.5,0.5,0.5,0
1993-11-24,0.49421700835227966,0.5,0.5,0.5,0.5,0
1993-11-26,0.49421700835227966,0.5,0.5,0.5,0.5,0
1993-11-29,0.46332845091819763,0.46875,0.5,0.46875,0.5,20000
1993-11-30,0.5868827104568481,0.59375,0.59375,0.5,0.5,6000
1993-12-01,0.5868827104568481,0.59375,0.59375,0.59375,0.59375,0
1993-12-02,0.46332845091819763,0.46875,0.46875,0.46875,0.46875,1600
1993-12-03,0.46332845091819763,0.46875,0.46875,0.46875,0.46875,0
1993-12-06,0.46332845091819763,0.46875,0.46875,0.46875,0.46875,16800
1993-12-07,0.4324398934841156,0.4375,0.4375,0.4375,0.4375,1200
1993-12-08,0.4324398934841156,0.4375,0.4375,0.4375,0.4375,0
1993-12-09,0.4324398934841156,0.4375,0.4375,0.4375,0.4375,0
1993-12-10,0.4324398934841156,0.4375,0.4375,0.4375,0.4375,0
1993-12-13,0.4324398934841156,0.4375,0.4375,0.4375,0.4375,4000
1993-12-14,0.4478841722011566,0.453125,0.453125,0.40625,0.40625,8800
1993-12-15,0.4324398934841156,0.4375,0.4375,0.375,0.40625,32000
1993-12-16,0.37066274881362915,0.375,0.375,0.375,0.375,4000
1993-12-17,0.3397741913795471,0.34375,0.34375,0.34375,0.34375,2400
1993-12-20,0.3397741913795471,0.34375,0.34375,0.34375,0.34375,0
1993-12-21,0.3397741913795471,0.34375,0.34375,0.34375,0.34375,1200
1993-12-22,0.37066274881362915,0.375,0.40625,0.375,0.40625,20400
1993-12-23,0.37066274881362915,0.375,0.375,0.375,0.375,4000
1993-12-27,0.37066274881362915,0.375,0.375,0.375,0.375,0
1993-12-28,0.3397741913795471,0.34375,0.40625,0.34375,0.40625,3600
1993-12-29,0.3397741913795471,0.34375,0.34375,0.34375,0.34375,0
1993-12-30,0.3397741913795471,0.34375,0.34375,0.34375,0.34375,800
1993-12-31,0.3397741913795471,0.34375,0.34375,0.34375,0.34375,4000
1994-01-03,0.3397741913795471,0.34375,0.34375,0.34375,0.34375,4800
1994-01-04,0.46332845091819763,0.46875,0.46875,0.46875,0.46875,4000
1994-01-05,0.46332845091819763,0.46875,0.46875,0.46875,0.46875,0
1994-01-06,0.46332845091819763,0.46875,0.46875,0.46875,0.46875,0
1994-01-07,0.46332845091819763,0.46875,0.46875,0.46875,0.46875,0
1994-01-10,0.46332845091819763,0.46875,0.46875,0.46875,0.46875,0
1994-01-11,0.3397741913795471,0.34375,0.34375,0.34375,0.34375,4000
1994-01-12,0.46332845091819763,0.46875,0.46875,0.46875,0.46875,800
1994-01-13,0.46332845091819763,0.46875,0.46875,0.46875,0.46875,0
1994-01-14,0.4324398934841156,0.4375,0.4375,0.4375,0.4375,2400
1994-01-17,0.4324398934841156,0.4375,0.4375,0.4375,0.4375,0
1994-01-18,0.4324398934841156,0.4375,0.4375,0.4375,0.4375,0
1994-01-19,0.4324398934841156,0.4375,0.4375,0.4375,0.4375,0
1994-01-20,0.4324398934841156,0.4375,0.4375,0.4375,0.4375,0
1994-01-21,0.4324398934841156,0.4375,0.4375,0.4375,0.4375,0
1994-01-24,0.4324398934841156,0.4375,0.4375,0.4375,0.4375,0
1994-01-25,0.4324398934841156,0.4375,0.4375,0.4375,0.4375,0
1994-01-26,0.4324398934841156,0.4375,0.4375,0.4375,0.4375,0
1994-01-27,0.4324398934841156,0.4375,0.4375,0.4375,0.4375,0
1994-01-28,0.4324398934841156,0.4375,0.4375,0.4375,0.4375,0
1994-01-31,0.3397741913795471,0.34375,0.34375,0.34375,0.34375,2000
1994-02-01,0.3397741913795471,0.34375,0.34375,0.34375,0.34375,0
1994-02-02,0.3397741913795471,0.34375,0.34375,0.34375,0.34375,0
1994-02-03,0.3397741913795471,0.34375,0.34375,0.34375,0.34375,0
1994-02-04,0.3397741913795471,0.34375,0.34375,0.34375,0.34375,0
1994-02-07,0.3397741913795471,0.34375,0.34375,0.34375,0.34375,0
1994-02-08,0.3397741913795471,0.34375,0.34375,0.34375,0.34375,0
1994-02-09,0.3397741913795471,0.34375,0.34375,0.34375,0.34375,0
1994-02-10,0.3397741913795471,0.34375,0.34375,0.34375,0.34375,400
1994-02-11,0.46332845091819763,0.46875,0.46875,0.46875,0.46875,1200
1994-02-14,0.3397741913795471,0.34375,0.34375,0.34375,0.34375,400
1994-02-15,0.3397741913795471,0.34375,0.34375,0.34375,0.34375,0
1994-02-16,0.3397741913795471,0.34375,0.34375,0.34375,0.34375,800
1994-02-17,0.3397741913795471,0.34375,0.34375,0.34375,0.34375,0
1994-02-18,0.3397741913795471,0.34375,0.34375,0.34375,0.34375,0
1994-02-22,0.3397741913795471,0.34375,0.34375,0.34375,0.34375,0
1994-02-23,0.3397741913795471,0.34375,0.34375,0.34375,0.34375,0
1994-02-24,0.3397741913795471,0.34375,0.34375,0.34375,0.34375,0
1994-02-25,0.3397741913795471,0.34375,0.34375,0.34375,0.34375,0
1994-02-28,0.3397741913795471,0.34375,0.34375,0.34375,0.34375,400
1994-03-01,0.3397741913795471,0.34375,0.34375,0.34375,0.34375,0
1994-03-02,0.3397741913795471,0.34375,0.34375,0.34375,0.34375,0
1994-03-03,0.3397741913795471,0.34375,0.34375,0.34375,0.34375,0
1994-03-04,0.46332845091819763,0.46875,0.46875,0.46875,0.46875,800
1994-03-07,0.3397741913795471,0.34375,0.34375,0.34375,0.34375,4000
1994-03-08,0.3397741913795471,0.34375,0.34375,0.34375,0.34375,4000
1994-03-09,0.3397741913795471,0.34375,0.34375,0.34375,0.34375,0
1994-03-10,0.3088856339454651,0.3125,0.3125,0.3125,0.3125,1200
1994-03-11,0.3088856339454651,0.3125,0.3125,0.3125,0.3125,0
1994-03-14,0.3088856339454651,0.3125,0.3125,0.3125,0.3125,0
1994-03-15,0.3397741913795471,0.34375,0.34375,0.34375,0.34375,800
1994-03-16,0.37066274881362915,0.375,0.375,0.375,0.375,3600
1994-03-17,0.37066274881362915,0.375,0.375,0.375,0.375,0
1994-03-18,0.37066274881362915,0.375,0.375,0.375,0.375,0
1994-03-21,0.3397741913795471,0.34375,0.34375,0.34375,0.34375,400
1994-03-22,0.3397741913795471,0.34375,0.34375,0.34375,0.34375,2000
1994-03-23,0.3397741913795471,0.34375,0.34375,0.34375,0.34375,2000
1994-03-24,0.3397741913795471,0.34375,0.4375,0.34375,0.4375,8000
1994-03-25,0.4324398934841156,0.4375,0.4375,0.4375,0.4375,8000
1994-03-28,0.4324398934841156,0.4375,0.4375,0.4375,0.4375,10000
1994-03-29,0.4324398934841156,0.4375,0.4375,0.359375,0.359375,12800
1994-03-30,0.4324398934841156,0.4375,0.4375,0.4375,0.4375,0
1994-03-31,0.37066274881362915,0.375,0.375,0.375,0.375,2800
1994-04-04,0.37066274881362915,0.375,0.375,0.375,0.375,0
1994-04-05,0.46332845091819763,0.46875,0.65625,0.46875,0.5,37200
1994-04-06,0.46332845091819763,0.46875,0.46875,0.46875,0.46875,0
1994-04-07,0.49421700835227966,0.5,0.5,0.46875,0.46875,33200
1994-04-08,0.49421700835227966,0.5,0.5,0.5,0.5,0
1994-04-11,0.4015513062477112,0.40625,0.5,0.40625,0.5,4400
1994-04-12,0.4015513062477112,0.40625,0.5,0.40625,0.5,42800
1994-04-13,0.4015513062477112,0.40625,0.40625,0.40625,0.40625,0
1994-04-14,0.49421700835227966,0.5,0.5,0.5,0.5,800
1994-04-15,0.49421700835227966,0.5,0.5,0.5,0.5,6800
1994-04-18,0.49421700835227966,0.5,0.5,0.5,0.5,0
1994-04-19,0.49421700835227966,0.5,0.5,0.5,0.5,12000
1994-04-20,0.5251055955886841,0.53125,0.53125,0.53125,0.53125,1200
1994-04-21,0.5251055955886841,0.53125,0.53125,0.53125,0.53125,0
1994-04-22,0.5251055955886841,0.53125,0.53125,0.53125,0.53125,0
1994-04-25,0.5251055955886841,0.53125,0.53125,0.53125,0.53125,10000
1994-04-26,0.5251055955886841,0.53125,0.53125,0.53125,0.53125,0
1994-04-28,0.5251055955886841,0.53125,0.53125,0.53125,0.53125,2000
1994-04-29,0.5251055955886841,0.53125,0.53125,0.53125,0.53125,0
1994-05-02,0.5251055955886841,0.53125,0.53125,0.53125,0.53125,800
1994-05-03,0.5096613168716431,0.515625,0.625,0.4375,0.5,36000
1994-05-04,0.4324398934841156,0.4375,0.4375,0.4375,0.4375,4000
1994-05-05,0.4324398934841156,0.4375,0.4375,0.4375,0.4375,12000
1994-05-06,0.4324398934841156,0.4375,0.5625,0.4375,0.5625,4400
1994-05-09,0.5251055955886841,0.53125,0.5625,0.5,0.5625,26000
1994-05-10,0.5559941530227661,0.5625,0.5625,0.4375,0.5,19200
1994-05-11,0.5559941530227661,0.5625,0.5625,0.5625,0.5625,0
1994-05-12,0.5559941530227661,0.5625,0.5625,0.5625,0.5625,0
1994-05-13,0.49421700835227966,0.5,0.5,0.5,0.5,4000
1994-05-16,0.5559941530227661,0.5625,0.5625,0.4375,0.4375,20800
1994-05-17,0.46332845091819763,0.46875,0.5625,0.4375,0.5,46000
1994-05-18,0.4324398934841156,0.4375,0.4375,0.375,0.4375,40800
1994-05-19,0.37066274881362915,0.375,0.375,0.375,0.375,8000
1994-05-20,0.37066274881362915,0.375,0.375,0.375,0.375,0
1994-05-23,0.49421700835227966,0.5,0.5,0.375,0.375,24400
1994-05-24,0.49421700835227966,0.5,0.5,0.5,0.5,0
1994-05-25,0.37066274881362915,0.375,0.5,0.375,0.5,20000
1994-05-26,0.37066274881362915,0.375,0.375,0.375,0.375,0
1994-05-27,0.4324398934841156,0.4375,0.4375,0.375,0.375,26800
1994-05-31,0.37066274881362915,0.375,0.4375,0.375,0.4375,5200
1994-06-01,0.3397741913795471,0.34375,0.375,0.34375,0.34375,20000
1994-06-02,0.3397741913795471,0.34375,0.34375,0.3125,0.34375,9200
1994-06-03,0.3397741913795471,0.34375,0.34375,0.34375,0.34375,0
1994-06-06,0.3397741913795471,0.34375,0.4375,0.34375,0.4375,4800
1994-06-07,0.37066274881362915,0.375,0.4375,0.3125,0.4375,22400
1994-06-08,0.3088856339454651,0.3125,0.3125,0.3125,0.3125,12000
1994-06-09,0.4015513062477112,0.40625,0.40625,0.40625,0.40625,2000
1994-06-10,0.3088856339454651,0.3125,0.40625,0.3125,0.40625,3600
1994-06-13,0.3088856339454651,0.3125,0.3125,0.3125,0.3125,0
1994-06-14,0.3088856339454651,0.3125,0.3125,0.3125,0.3125,0
1994-06-15,0.3397741913795471,0.34375,0.34375,0.3125,0.3125,16000
1994-06-16,0.37066274881362915,0.375,0.375,0.3125,0.3125,5200
1994-06-17,0.3088856339454651,0.3125,0.375,0.3125,0.3125,9200
1994-06-20,0.37066274881362915,0.375,0.375,0.375,0.375,2400
1994-06-21,0.3088856339454651,0.3125,0.3125,0.3125,0.3125,4000
1994-06-22,0.3088856339454651,0.3125,0.3125,0.3125,0.3125,0
1994-06-23,0.3088856339454651,0.3125,0.3125,0.3125,0.3125,0
1994-06-24,0.3088856339454651,0.3125,0.375,0.3125,0.375,8400
1994-06-27,0.3088856339454651,0.3125,0.3125,0.3125,0.3125,4000
1994-06-28,0.37066274881362915,0.375,0.375,0.375,0.375,400
1994-06-29,0.27799707651138306,0.28125,0.28125,0.28125,0.28125,800
1994-06-30,0.27799707651138306,0.28125,0.28125,0.28125,0.28125,0
1994-07-01,0.3088856339454651,0.3125,0.3125,0.3125,0.3125,4000
1994-07-05,0.3088856339454651,0.3125,0.3125,0.3125,0.3125,1200
1994-07-06,0.3088856339454651,0.3125,0.3125,0.3125,0.3125,0
1994-07-07,0.3088856339454651,0.3125,0.3125,0.3125,0.3125,0
1994-07-08,0.3088856339454651,0.3125,0.40625,0.3125,0.40625,18000
1994-07-11,0.3088856339454651,0.3125,0.40625,0.3125,0.40625,16000
1994-07-12,0.3243299126625061,0.328125,0.328125,0.328125,0.328125,4000
1994-07-13,0.37066274881362915,0.375,0.375,0.375,0.375,4000
1994-07-14,0.37066274881362915,0.375,0.375,0.375,0.375,0
1994-07-15,0.3397741913795471,0.34375,0.375,0.34375,0.34375,12000
1994-07-18,0.3397741913795471,0.34375,0.34375,0.34375,0.34375,0
1994-07-19,0.4015513062477112,0.40625,0.40625,0.40625,0.40625,2000
1994-07-20,0.4015513062477112,0.40625,0.40625,0.40625,0.40625,0
1994-07-21,0.3397741913795471,0.34375,0.34375,0.34375,0.34375,800
1994-07-22,0.4324398934841156,0.4375,0.4375,0.34375,0.34375,4400
1994-07-25,0.4324398934841156,0.4375,0.4375,0.4375,0.4375,0
1994-07-26,0.4324398934841156,0.4375,0.4375,0.40625,0.40625,18000
1994-07-27,0.4324398934841156,0.4375,0.4375,0.4375,0.4375,2000
1994-07-28,0.49421700835227966,0.5,0.53125,0.4375,0.4375,16000
1994-07-29,0.4324398934841156,0.4375,0.5,0.4375,0.5,12000
1994-08-01,0.5251055955886841,0.53125,0.53125,0.4375,0.4375,10000
1994-08-02,0.49421700835227966,0.5,0.53125,0.5,0.53125,6000
1994-08-03,0.49421700835227966,0.5,0.5,0.5,0.5,0
1994-08-04,0.4324398934841156,0.4375,0.46875,0.4375,0.46875,4000
1994-08-05,0.4324398934841156,0.4375,0.4375,0.4375,0.4375,8400
1994-08-08,0.4324398934841156,0.4375,0.4375,0.4375,0.4375,0
1994-08-09,0.49421700835227966,0.5,0.5,0.5,0.5,4000
1994-08-10,0.4015513062477112,0.40625,0.40625,0.375,0.375,14000
1994-08-11,0.4015513062477112,0.40625,0.40625,0.40625,0.40625,0
1994-08-12,0.4015513062477112,0.40625,0.40625,0.40625,0.40625,8000
1994-08-15,0.4015513062477112,0.40625,0.40625,0.40625,0.40625,0
1994-08-16,0.37066274881362915,0.375,0.46875,0.375,0.40625,58000
1994-08-17,0.3397741913795471,0.34375,0.421875,0.34375,0.421875,7600
1994-08-18,0.3397741913795471,0.34375,0.34375,0.34375,0.34375,0
1994-08-19,0.4015513062477112,0.40625,0.40625,0.34375,0.34375,4400
1994-08-22,0.3397741913795471,0.34375,0.34375,0.34375,0.34375,4000
1994-08-23,0.3397741913795471,0.34375,0.34375,0.34375,0.34375,800
1994-08-24,0.3397741913795471,0.34375,0.34375,0.34375,0.34375,0
1994-08-25,0.3397741913795471,0.34375,0.34375,0.34375,0.34375,0
1994-08-26,0.3397741913795471,0.34375,0.34375,0.34375,0.34375,4000
1994-08-29,0.3397741913795471,0.34375,0.34375,0.34375,0.34375,400
1994-08-30,0.46332845091819763,0.46875,0.46875,0.46875,0.46875,400
1994-08-31,0.4324398934841156,0.4375,0.4375,0.4375,0.4375,2000
1994-09-01,0.4324398934841156,0.4375,0.4375,0.4375,0.4375,0
1994-09-02,0.3397741913795471,0.34375,0.375,0.34375,0.34375,22000
1994-09-06,0.3397741913795471,0.34375,0.34375,0.34375,0.34375,0
1994-09-07,0.3397741913795471,0.34375,0.34375,0.34375,0.34375,0
1994-09-08,0.3397741913795471,0.34375,0.34375,0.34375,0.34375,0
1994-09-09,0.3397741913795471,0.34375,0.34375,0.34375,0.34375,8000
1994-09-12,0.3397741913795471,0.34375,0.34375,0.34375,0.34375,10000
1994-09-13,0.3397741913795471,0.34375,0.34375,0.34375,0.34375,0
1994-09-14,0.3397741913795471,0.34375,0.34375,0.28125,0.34375,48000
1994-09-15,0.3397741913795471,0.34375,0.34375,0.34375,0.34375,0
1994-09-16,0.27799707651138306,0.28125,0.28125,0.28125,0.28125,4800
1994-09-19,0.27799707651138306,0.28125,0.28125,0.28125,0.28125,0
1994-09-20,0.38610702753067017,0.390625,0.390625,0.3125,0.375,131200
1994-09-21,0.3088856339454651,0.3125,0.3125,0.3125,0.3125,2000
1994-09-22,0.37066274881362915,0.375,0.375,0.375,0.375,4000
1994-09-23,0.37066274881362915,0.375,0.375,0.375,0.375,20000
1994-09-26,0.37066274881362915,0.375,0.375,0.375,0.375,0
1994-09-27,0.37066274881362915,0.375,0.375,0.375,0.375,0
1994-09-28,0.37066274881362915,0.375,0.375,0.375,0.375,0
1994-09-29,0.3088856339454651,0.3125,0.375,0.28125,0.375,96400
1994-09-30,0.3397741913795471,0.34375,0.34375,0.28125,0.28125,10000
1994-10-03,0.37066274881362915,0.375,0.375,0.3125,0.3125,49200
1994-10-04,0.3397741913795471,0.34375,0.34375,0.34375,0.34375,4400
1994-10-05,0.3088856339454651,0.3125,0.3125,0.3125,0.3125,8000
1994-10-06,0.3088856339454651,0.3125,0.3125,0.3125,0.3125,0
1994-10-07,0.3088856339454651,0.3125,0.375,0.3125,0.375,16400
1994-10-10,0.3088856339454651,0.3125,0.3125,0.3125,0.3125,0
1994-10-11,0.3088856339454651,0.3125,0.3125,0.3125,0.3125,8000
1994-10-12,0.3088856339454651,0.3125,0.3125,0.3125,0.3125,4000
1994-10-13,0.3088856339454651,0.3125,0.3125,0.3125,0.3125,0
1994-10-14,0.3088856339454651,0.3125,0.3125,0.3125,0.3125,0
1994-10-17,0.37066274881362915,0.375,0.375,0.375,0.375,4000
1994-10-18,0.3088856339454651,0.3125,0.3125,0.3125,0.3125,8000
1994-10-19,0.3397741913795471,0.34375,0.34375,0.34375,0.34375,4000
1994-10-20,0.4324398934841156,0.4375,0.4375,0.375,0.375,21200
1994-10-21,0.4324398934841156,0.4375,0.4375,0.4375,0.4375,0
1994-10-24,0.4015513062477112,0.40625,0.40625,0.40625,0.40625,2000
1994-10-25,0.3088856339454651,0.3125,0.3125,0.3125,0.3125,2400
1994-10-26,0.3088856339454651,0.3125,0.3125,0.3125,0.3125,15600
1994-10-27,0.3397741913795471,0.34375,0.34375,0.34375,0.34375,2800
1994-10-28,0.3088856339454651,0.3125,0.3125,0.3125,0.3125,16000
1994-10-31,0.3088856339454651,0.3125,0.34375,0.3125,0.3125,60000
1994-11-01,0.37066274881362915,0.375,0.375,0.375,0.375,800
1994-11-02,0.3088856339454651,0.3125,0.3125,0.3125,0.3125,8000
1994-11-03,0.3088856339454651,0.3125,0.375,0.3125,0.375,29200
1994-11-04,0.3397741913795471,0.34375,0.34375,0.28125,0.28125,8800
1994-11-07,0.3397741913795471,0.34375,0.34375,0.3125,0.3125,99600
1994-11-08,0.3397741913795471,0.34375,0.34375,0.34375,0.34375,0
1994-11-09,0.3397741913795471,0.34375,0.40625,0.3125,0.3125,18000
1994-11-10,0.3397741913795471,0.34375,0.34375,0.34375,0.34375,0
1994-11-11,0.3088856339454651,0.3125,0.3125,0.3125,0.3125,8000
1994-11-14,0.37066274881362915,0.375,0.375,0.375,0.375,56000
1994-11-15,0.37066274881362915,0.375,0.375,0.375,0.375,0
1994-11-16,0.3088856339454651,0.3125,0.4375,0.3125,0.4375,8000
1994-11-17,0.3397741913795471,0.34375,0.34375,0.3125,0.3125,12000
1994-11-18,0.3397741913795471,0.34375,0.34375,0.3125,0.3125,26400
1994-11-21,0.3397741913795471,0.34375,0.34375,0.3125,0.3125,8400
1994-11-22,0.3397741913795471,0.34375,0.34375,0.34375,0.34375,0
1994-11-23,0.3243299126625061,0.328125,0.375,0.328125,0.34375,22000
1994-11-25,0.3243299126625061,0.328125,0.34375,0.3125,0.34375,68000
1994-11-28,0.3243299126625061,0.328125,0.328125,0.328125,0.328125,0
1994-11-29,0.3397741913795471,0.34375,0.34375,0.34375,0.34375,4000
1994-11-30,0.3243299126625061,0.328125,0.328125,0.3125,0.3125,24000
1994-12-01,0.36294111609458923,0.3671880066394806,0.375,0.328125,0.328125,20000
1994-12-02,0.3243299126625061,0.328125,0.40625,0.328125,0.40625,28000
1994-12-05,0.3243299126625061,0.328125,0.328125,0.328125,0.328125,0
1994-12-06,0.4015513062477112,0.40625,0.40625,0.328125,0.328125,42000
1994-12-07,0.4015513062477112,0.40625,0.40625,0.328125,0.40625,57600
1994-12-08,0.3397741913795471,0.34375,0.34375,0.34375,0.34375,4000
1994-12-09,0.3397741913795471,0.34375,0.34375,0.328125,0.328125,68000
1994-12-12,0.3397741913795471,0.34375,0.34375,0.34375,0.34375,0
1994-12-13,0.3397741913795471,0.34375,0.34375,0.34375,0.34375,0
1994-12-14,0.2934413552284241,0.296875,0.296875,0.296875,0.296875,8000
1994-12-15,0.2934413552284241,0.296875,0.296875,0.296875,0.296875,0
1994-12-16,0.3397741913795471,0.34375,0.40625,0.296875,0.40625,12000
1994-12-19,0.4015513062477112,0.40625,0.40625,0.40625,0.40625,400
1994-12-20,0.2934413552284241,0.296875,0.375,0.28125,0.375,41600
1994-12-21,0.23166422545909882,0.234375,0.234375,0.234375,0.234375,800
1994-12-22,0.35521847009658813,0.359375,0.359375,0.265625,0.359375,28000
1994-12-23,0.27799707651138306,0.28125,0.28125,0.28125,0.28125,8000
1994-12-27,0.35521847009658813,0.359375,0.359375,0.34375,0.34375,12000
1994-12-28,0.27799707651138306,0.28125,0.28125,0.28125,0.28125,30400
1994-12-29,0.27799707651138306,0.28125,0.28125,0.28125,0.28125,0
1994-12-30,0.38610702753067017,0.390625,0.390625,0.28125,0.28125,8400
1995-01-03,0.38610702753067017,0.390625,0.390625,0.390625,0.390625,0
1995-01-04,0.38610702753067017,0.390625,0.390625,0.390625,0.390625,0
1995-01-05,0.35521847009658813,0.359375,0.390625,0.359375,0.359375,800
1995-01-06,0.35521847009658813,0.359375,0.359375,0.359375,0.359375,0
1995-01-09,0.35521847009658813,0.359375,0.359375,0.359375,0.359375,0
1995-01-10,0.3397741913795471,0.34375,0.34375,0.296875,0.296875,18000
1995-01-11,0.3397741913795471,0.34375,0.34375,0.34375,0.34375,0
1995-01-12,0.3088856339454651,0.3125,0.3125,0.296875,0.296875,8000
1995-01-13,0.3243299126625061,0.328125,0.328125,0.296875,0.296875,9200
1995-01-16,0.3243299126625061,0.328125,0.328125,0.328125,0.328125,0
1995-01-17,0.2934413552284241,0.296875,0.296875,0.296875,0.296875,4000
1995-01-18,0.2934413552284241,0.296875,0.296875,0.296875,0.296875,2800
1995-01-19,0.2934413552284241,0.296875,0.296875,0.296875,0.296875,0
1995-01-20,0.2934413552284241,0.296875,0.296875,0.296875,0.296875,4000
1995-01-23,0.3243299126625061,0.328125,0.328125,0.296875,0.296875,5200
1995-01-24,0.3243299126625061,0.328125,0.328125,0.328125,0.328125,0
1995-01-25,0.38610702753067017,0.390625,0.390625,0.390625,0.390625,400
1995-01-26,0.38610702753067017,0.390625,0.390625,0.390625,0.390625,0
1995-01-27,0.27799707651138306,0.28125,0.28125,0.28125,0.28125,8000
1995-01-30,0.27799707651138306,0.28125,0.28125,0.28125,0.28125,0
1995-01-31,0.27799707651138306,0.28125,0.28125,0.28125,0.28125,4000
1995-02-01,0.27799707651138306,0.28125,0.28125,0.28125,0.28125,0
1995-02-02,0.27799707651138306,0.28125,0.28125,0.28125,0.28125,2800
1995-02-03,0.27799707651138306,0.28125,0.28125,0.28125,0.28125,8000
1995-02-06,0.38610702753067017,0.390625,0.390625,0.390625,0.390625,8000
1995-02-07,0.38610702753067017,0.390625,0.390625,0.390625,0.390625,0
1995-02-08,0.38610702753067017,0.390625,0.390625,0.390625,0.390625,0
1995-02-09,0.27799707651138306,0.28125,0.28125,0.28125,0.28125,1200
1995-02-10,0.27799707651138306,0.28125,0.28125,0.28125,0.28125,0
1995-02-13,0.27799707651138306,0.28125,0.28125,0.28125,0.28125,800
1995-02-14,0.27799707651138306,0.28125,0.28125,0.28125,0.28125,0
1995-02-15,0.27799707651138306,0.28125,0.28125,0.28125,0.28125,0
1995-02-16,0.37066274881362915,0.375,0.375,0.375,0.375,2400
1995-02-17,0.27799707651138306,0.28125,0.28125,0.28125,0.28125,12000
1995-02-21,0.27799707651138306,0.28125,0.28125,0.28125,0.28125,0
1995-02-22,0.27799707651138306,0.28125,0.28125,0.28125,0.28125,0
1995-02-23,0.27799707651138306,0.28125,0.28125,0.28125,0.28125,0
1995-02-24,0.27799707651138306,0.28125,0.28125,0.28125,0.28125,400
1995-02-27,0.27799707651138306,0.28125,0.28125,0.28125,0.28125,0
1995-02-28,0.27799707651138306,0.28125,0.28125,0.28125,0.28125,0
1995-03-01,0.27799707651138306,0.28125,0.28125,0.28125,0.28125,0
1995-03-02,0.27799707651138306,0.28125,0.28125,0.28125,0.28125,8000
1995-03-03,0.27799707651138306,0.28125,0.28125,0.28125,0.28125,0
1995-03-06,0.3397741913795471,0.34375,0.375,0.34375,0.375,8000
1995-03-07,0.3397741913795471,0.34375,0.34375,0.34375,0.34375,0
1995-03-08,0.3088856339454651,0.3125,0.3125,0.3125,0.3125,12000
1995-03-09,0.3088856339454651,0.3125,0.3125,0.3125,0.3125,4000
1995-03-10,0.3088856339454651,0.3125,0.3125,0.28125,0.28125,12000
1995-03-13,0.3088856339454651,0.3125,0.3125,0.3125,0.3125,0
1995-03-14,0.3397741913795471,0.34375,0.34375,0.3125,0.3125,8000
1995-03-15,0.3088856339454651,0.3125,0.3125,0.3125,0.3125,8000
1995-03-16,0.3088856339454651,0.3125,0.3125,0.3125,0.3125,0
1995-03-17,0.3088856339454651,0.3125,0.3125,0.3125,0.3125,0
1995-03-20,0.3088856339454651,0.3125,0.3125,0.3125,0.3125,8000
1995-03-21,0.3088856339454651,0.3125,0.390625,0.3125,0.390625,4400
1995-03-22,0.3088856339454651,0.3125,0.3125,0.28125,0.28125,32800
1995-03-23,0.4015513062477112,0.40625,0.46875,0.328125,0.375,375600
1995-03-24,0.49421700835227966,0.5,0.53125,0.4375,0.4375,243600
1995-03-27,0.4324398934841156,0.4375,0.5,0.421875,0.4726560115814209,83200
1995-03-28,0.4169955849647522,0.421875,0.5,0.421875,0.4375,72000
1995-03-29,0.3397741913795471,0.34375,0.46875,0.34375,0.421875,44400
1995-03-30,0.49421700835227966,0.5,0.5,0.34375,0.390625,106800
1995-03-31,0.47877272963523865,0.484375,0.484375,0.484375,0.484375,8000
1995-04-03,0.5251055955886841,0.53125,0.53125,0.46875,0.46875,4800
1995-04-04,0.5251055955886841,0.53125,0.53125,0.46875,0.53125,101200
1995-04-05,0.4324398934841156,0.4375,0.5625,0.4375,0.5,96000
1995-04-06,0.5058004856109619,0.5117189884185791,0.53125,0.4375,0.53125,26400
1995-04-07,0.5058004856109619,0.5117189884185791,0.5117189884185791,0.5117189884185791,0.5117189884185791,0
1995-04-10,0.4324398934841156,0.4375,0.4375,0.4375,0.4375,8000
1995-04-11,0.46332845091819763,0.46875,0.5,0.4375,0.4375,29200
1995-04-12,0.5251055955886841,0.53125,0.5625,0.5,0.53125,65200
1995-04-13,0.5559941530227661,0.5625,0.5625,0.53125,0.53125,20000
1995-04-17,0.5559941530227661,0.5625,0.59375,0.53125,0.53125,81600
1995-04-18,0.6177712678909302,0.625,0.6289060115814209,0.5625,0.5625,428400
1995-04-19,0.6795483827590942,0.6875,0.6875,0.625,0.6875,182000
1995-04-20,0.6177712678909302,0.625,0.75,0.625,0.6875,196800
1995-04-21,0.7413254976272583,0.75,0.75,0.625,0.734375,80000
1995-04-24,0.7104369401931763,0.71875,0.71875,0.625,0.71875,152000
1995-04-25,0.7104369401931763,0.71875,0.71875,0.625,0.625,47200
1995-04-26,0.7413254976272583,0.75,0.75,0.6875,0.71875,40000
1995-04-27,0.7413254976272583,0.75,0.75,0.65625,0.65625,215600
1995-04-28,0.7413254976272583,0.75,0.75,0.6875,0.6875,79600
1995-05-01,0.8031026124954224,0.8125,0.8164060115814209,0.6757810115814209,0.6875,541200
1995-05-02,0.8185469508171082,0.828125,0.875,0.765625,0.84375,401600
1995-05-03,0.8339911699295044,0.84375,0.875,0.78125,0.875,342400
1995-05-04,0.8648797869682312,0.875,0.875,0.84375,0.84375,212800
1995-05-05,0.8339911699295044,0.84375,0.875,0.8125,0.84375,285600
1995-05-08,0.8494355082511902,0.859375,0.875,0.8125,0.84375,287600
1995-05-09,0.9884340167045593,1.0,1.03125,0.84375,0.84375,437200
1995-05-10,0.9266569018363953,0.9375,1.0,0.90625,0.9375,147600
1995-05-11,0.9884340167045593,1.0,1.0,0.90625,1.0,187200
1995-05-12,0.9266569018363953,0.9375,1.0,0.90625,1.0,436800
1995-05-15,0.9884340167045593,1.0,1.09375,0.9375,0.96875,242000
1995-05-16,1.1119883060455322,1.125,1.125,1.0,1.0625,203600
1995-05-17,0.9884340167045593,1.0,1.125,1.0,1.0,60000
1995-05-18,1.1119883060455322,1.125,1.125,1.0,1.09375,319600
1995-05-19,1.0193226337432861,1.03125,1.125,1.03125,1.125,48000
1995-05-22,1.1119883060455322,1.125,1.125,1.03125,1.03125,256000
1995-05-23,1.1119883060455322,1.125,1.125,1.0625,1.125,161600
1995-05-24,1.0656554698944092,1.078125,1.078125,1.0625,1.0625,74000
1995-05-25,0.9884340167045593,1.0,1.078125,1.0,1.0625,190000
1995-05-26,1.0502111911773682,1.0625,1.0625,1.0,1.0,224400
1995-05-30,1.0038783550262451,1.015625,1.03125,1.0,1.0,88400
1995-05-31,1.0502111911773682,1.0625,1.0625,1.0,1.0,112000
1995-06-01,1.0193226337432861,1.03125,1.0625,0.984375,1.0,323600
1995-06-02,0.9575454592704773,0.96875,1.03125,0.9375,1.03125,168400
1995-06-05,0.9266569018363953,0.9375,0.984375,0.84375,0.9375,335600
1995-06-06,0.8339911699295044,0.84375,0.9375,0.84375,0.84375,187600
1995-06-07,0.7722140550613403,0.78125,0.90625,0.78125,0.90625,263200
1995-06-08,0.9266569018363953,0.9375,0.9375,0.84375,0.84375,92400
1995-06-09,1.0502111911773682,1.0625,1.0625,0.90625,0.96875,138000
1995-06-12,1.0502111911773682,1.0625,1.0625,1.0,1.0625,52800
1995-06-13,1.0038783550262451,1.015625,1.09375,1.0,1.0,327600
1995-06-14,1.0193226337432861,1.03125,1.125,1.0,1.09375,151200
1995-06-15,1.0502111911773682,1.0625,1.125,1.0078129768371582,1.0078129768371582,11200
1995-06-16,0.9884340167045593,1.0,1.09375,1.0,1.09375,52400
1995-06-19,1.0810997486114502,1.09375,1.09375,1.0,1.0,42800
1995-06-20,0.9884340167045593,1.0,1.125,0.96875,1.03125,182800
1995-06-21,1.0810997486114502,1.09375,1.09375,0.96875,1.09375,223200
1995-06-22,0.9266569018363953,0.9375,1.09375,0.9375,1.09375,69600
1995-06-23,1.0502111911773682,1.0625,1.0625,1.0625,1.0625,1200
1995-06-26,1.0502111911773682,1.0625,1.0625,0.90625,1.015625,52800
1995-06-27,0.8957683444023132,0.90625,1.0625,0.90625,0.90625,160400
1995-06-28,0.8339911699295044,0.84375,0.875,0.84375,0.875,16000
1995-06-29,0.8648797869682312,0.875,0.90625,0.8125,0.90625,54000
1995-06-30,0.8648797869682312,0.875,0.875,0.78125,0.8125,108400
1995-07-03,0.8648797869682312,0.875,0.90625,0.875,0.90625,16000
1995-07-05,0.8957683444023132,0.90625,0.90625,0.78125,0.78125,252800
1995-07-06,0.8339911699295044,0.84375,0.84375,0.78125,0.78125,99200
1995-07-07,0.8031026124954224,0.8125,0.875,0.78125,0.78125,90400
1995-07-10,0.7722140550613403,0.78125,0.875,0.78125,0.875,20000
1995-07-11,0.8648797869682312,0.875,0.875,0.78125,0.78125,119200
1995-07-12,0.8648797869682312,0.875,0.875,0.875,0.875,400
1995-07-13,0.8648797869682312,0.875,0.875,0.875,0.875,4000
1995-07-14,0.8031026124954224,0.8125,0.875,0.8125,0.875,14400
1995-07-17,0.8339911699295044,0.84375,0.84375,0.84375,0.84375,400
1995-07-18,0.8339911699295044,0.84375,0.875,0.78125,0.84375,94000
1995-07-19,0.7567698359489441,0.765625,0.875,0.765625,0.78125,54000
1995-07-20,0.8648797869682312,0.875,0.875,0.75,0.75,14000
1995-07-21,0.8648797869682312,0.875,0.875,0.75,0.875,63200
1995-07-24,0.8957683444023132,0.90625,0.90625,0.78125,0.78125,108400
1995-07-25,0.8957683444023132,0.90625,0.90625,0.8125,0.84375,76000
1995-07-26,0.8957683444023132,0.90625,0.90625,0.84375,0.90625,18000
1995-07-27,0.8957683444023132,0.90625,0.90625,0.84375,0.90625,42000
1995-07-28,0.8957683444023132,0.90625,0.90625,0.84375,0.84375,30000
1995-07-31,0.8648797869682312,0.875,0.875,0.875,0.875,22000
1995-08-01,0.8648797869682312,0.875,0.90625,0.875,0.90625,17600
1995-08-02,0.8339911699295044,0.84375,0.90625,0.84375,0.90625,23600
1995-08-03,0.8339911699295044,0.84375,0.84375,0.84375,0.84375,12400
1995-08-04,0.8339911699295044,0.84375,0.90625,0.84375,0.84375,28400
1995-08-07,0.7722140550613403,0.78125,0.84375,0.78125,0.84375,40000
1995-08-08,0.7722140550613403,0.78125,0.84375,0.78125,0.84375,5200
1995-08-09,0.7722140550613403,0.78125,0.84375,0.75,0.84375,66800
1995-08-10,0.7722140550613403,0.78125,0.84375,0.78125,0.8125,122800
1995-08-11,0.7722140550613403,0.78125,0.78125,0.78125,0.78125,4000
1995-08-14,0.7722140550613403,0.78125,0.78125,0.78125,0.78125,800
1995-08-15,0.7722140550613403,0.78125,0.78125,0.78125,0.78125,20400
1995-08-16,0.7876583933830261,0.796875,0.796875,0.78125,0.78125,18000
1995-08-17,0.7722140550613403,0.78125,0.8125,0.78125,0.8125,212800
1995-08-18,0.7722140550613403,0.78125,0.78125,0.78125,0.78125,4000
1995-08-21,0.8031026124954224,0.8125,0.8125,0.78125,0.78125,56800
1995-08-22,0.7722140550613403,0.78125,0.8125,0.78125,0.8125,9200
1995-08-23,0.7722140550613403,0.78125,0.8125,0.78125,0.8125,61200
1995-08-24,0.7104369401931763,0.71875,0.796875,0.71875,0.796875,23600
1995-08-25,0.7722140550613403,0.78125,0.78125,0.71875,0.71875,8000
1995-08-28,0.6023269891738892,0.609375,0.75,0.59375,0.75,76000
1995-08-29,0.5559941530227661,0.5625,0.625,0.53125,0.625,122800
1995-08-30,0.5251055955886841,0.53125,0.65625,0.53125,0.5625,246000
1995-08-31,0.49421700835227966,0.5,0.5625,0.5,0.5625,188400
1995-09-01,0.5559941530227661,0.5625,0.5625,0.5,0.5,46800
1995-09-05,0.5405498743057251,0.546875,0.5625,0.5,0.53125,65600
1995-09-06,0.5868827104568481,0.59375,0.59375,0.5625,0.5625,16800
1995-09-07,0.5559941530227661,0.5625,0.5625,0.53125,0.5625,50400
1995-09-08,0.5096613168716431,0.515625,0.515625,0.5,0.515625,60400
1995-09-11,0.5559941530227661,0.5625,0.5625,0.5,0.5,12000
1995-09-12,0.5559941530227661,0.5625,0.5625,0.5625,0.5625,4000
1995-09-13,0.548272430896759,0.5546879768371582,0.5625,0.53125,0.53125,84800
1995-09-14,0.5251055955886841,0.53125,0.5625,0.53125,0.5625,5600
1995-09-15,0.5096613168716431,0.515625,0.515625,0.515625,0.515625,20800
1995-09-18,0.5559941530227661,0.5625,0.5625,0.5625,0.5625,4800
1995-09-19,0.5251055955886841,0.53125,0.5625,0.515625,0.515625,37600
1995-09-20,0.5096613168716431,0.515625,0.515625,0.515625,0.515625,10000
1995-09-21,0.49421700835227966,0.5,0.53125,0.5,0.5,8000
1995-09-22,0.5559941530227661,0.5625,0.5625,0.5,0.5,16400
1995-09-25,0.5559941530227661,0.5625,0.5625,0.5625,0.5625,22000
1995-09-26,0.5559941530227661,0.5625,0.5625,0.5,0.5,77600
1995-09-27,0.5559941530227661,0.5625,0.5625,0.53125,0.53125,80000
1995-09-28,0.5559941530227661,0.5625,0.5625,0.546875,0.546875,12400
1995-09-29,0.5251055955886841,0.53125,0.53125,0.53125,0.53125,31200
1995-10-02,0.5251055955886841,0.53125,0.53125,0.53125,0.53125,0
1995-10-03,0.5251055955886841,0.53125,0.53125,0.5,0.5,36000
1995-10-04,0.49421700835227966,0.5,0.5,0.5,0.5,10400
1995-10-05,0.49421700835227966,0.5,0.5,0.5,0.5,4000
1995-10-06,0.49421700835227966,0.5,0.5,0.5,0.5,4000
1995-10-09,0.49421700835227966,0.5,0.5,0.5,0.5,0
1995-10-10,0.49421700835227966,0.5,0.5,0.5,0.5,0
1995-10-11,0.49421700835227966,0.5,0.5,0.5,0.5,0
1995-10-12,0.49421700835227966,0.5,0.5,0.5,0.5,1200
1995-10-13,0.49421700835227966,0.5,0.5,0.5,0.5,800
1995-10-16,0.49421700835227966,0.5,0.515625,0.5,0.5,11200
1995-10-17,0.46332845091819763,0.46875,0.515625,0.46875,0.5,124400
1995-10-18,0.46332845091819763,0.46875,0.46875,0.4375,0.4375,56000
1995-10-19,0.47877272963523865,0.484375,0.5,0.453125,0.5,63600
1995-10-20,0.47877272963523865,0.484375,0.484375,0.484375,0.484375,0
1995-10-23,0.35521847009658813,0.359375,0.453125,0.359375,0.4375,176000
1995-10-24,0.4169955849647522,0.421875,0.4375,0.421875,0.4375,44400
1995-10-25,0.49421700835227966,0.5,0.53125,0.4375,0.4375,151600
1995-10-26,0.49421700835227966,0.5,0.5,0.5,0.5,0
1995-10-27,0.5559941530227661,0.5625,0.578125,0.5,0.5,131200
1995-10-30,0.5868827104568481,0.59375,0.59375,0.59375,0.59375,4000
1995-10-31,0.6641041040420532,0.671875,0.6875,0.578125,0.6171879768371582,86800
1995-11-01,0.6177712678909302,0.625,0.7109379768371582,0.625,0.7109379768371582,6000
1995-11-02,0.702715277671814,0.7109379768371582,0.7109379768371582,0.625,0.7109379768371582,42800
1995-11-03,0.6177712678909302,0.625,0.7109379768371582,0.625,0.625,27200
1995-11-06,0.5868827104568481,0.59375,0.7109379768371582,0.59375,0.625,116000
1995-11-07,0.5868827104568481,0.59375,0.59375,0.59375,0.59375,31200
1995-11-08,0.5868827104568481,0.59375,0.59375,0.59375,0.59375,38000
1995-11-09,0.49421700835227966,0.5,0.59375,0.5,0.59375,60400
1995-11-10,0.49421700835227966,0.5,0.5,0.5,0.5,3200
1995-11-13,0.49421700835227966,0.5,0.5,0.5,0.5,0
1995-11-14,0.49421700835227966,0.5,0.5625,0.5,0.5625,36800
1995-11-15,0.49421700835227966,0.5,0.5625,0.5,0.5,43600
1995-11-16,0.49421700835227966,0.5,0.5,0.46875,0.46875,53600
1995-11-17,0.4324398934841156,0.4375,0.4375,0.4375,0.4375,6000
1995-11-20,0.41313478350639343,0.4179689884185791,0.5,0.4179689884185791,0.5,54000
1995-11-21,0.41313478350639343,0.4179689884185791,0.4179689884185791,0.4179689884185791,0.4179689884185791,0
1995-11-22,0.5559941530227661,0.5625,0.5625,0.46875,0.5,112000
1995-11-24,0.5559941530227661,0.5625,0.5625,0.5625,0.5625,8000
1995-11-27,0.5559941530227661,0.5625,0.5625,0.5625,0.5625,6000
1995-11-28,0.49421700835227966,0.5,0.5,0.5,0.5,800
1995-11-29,0.5559941530227661,0.5625,0.5625,0.5,0.5,57200
1995-11-30,0.49421700835227966,0.5,0.5,0.5,0.5,2800
1995-12-01,0.5251055955886841,0.53125,0.53125,0.5,0.5,18400
1995-12-04,0.5559941530227661,0.5625,0.59375,0.5,0.5,61600
1995-12-05,0.6177712678909302,0.625,0.640625,0.5625,0.625,107200
1995-12-06,0.6486598253250122,0.65625,0.65625,0.65625,0.65625,10000
1995-12-07,0.5405498743057251,0.546875,0.578125,0.546875,0.578125,48800
1995-12-08,0.5714384317398071,0.578125,0.609375,0.5625,0.5625,66000
1995-12-11,0.6023269891738892,0.609375,0.609375,0.609375,0.609375,10000
1995-12-12,0.5559941530227661,0.5625,0.609375,0.5625,0.609375,84000
1995-12-13,0.5868827104568481,0.59375,0.625,0.59375,0.625,24000
1995-12-14,0.5251055955886841,0.53125,0.59375,0.515625,0.59375,81600
1995-12-15,0.5559941530227661,0.5625,0.5625,0.53125,0.53125,6400
1995-12-18,0.5559941530227661,0.5625,0.5625,0.5625,0.5625,0
1995-12-19,0.5559941530227661,0.5625,0.5625,0.53125,0.53125,36800
1995-12-20,0.49421700835227966,0.5,0.5625,0.5,0.5625,14400
1995-12-21,0.4478841722011566,0.453125,0.5625,0.453125,0.5625,57600
1995-12-22,0.49421700835227966,0.5,0.53125,0.5,0.53125,12800
1995-12-26,0.46332845091819763,0.46875,0.46875,0.46875,0.46875,18400
1995-12-27,0.46332845091819763,0.46875,0.5,0.453125,0.46875,66800
1995-12-28,0.49421700835227966,0.5,0.5,0.46875,0.46875,28000
1995-12-29,0.46332845091819763,0.46875,0.46875,0.4375,0.46875,25600
1996-01-02,0.46332845091819763,0.46875,0.46875,0.46875,0.46875,0
1996-01-03,0.5251055955886841,0.53125,0.53125,0.53125,0.53125,1600
1996-01-04,0.4324398934841156,0.4375,0.46875,0.4375,0.46875,3200
1996-01-05,0.49421700835227966,0.5,0.5,0.5,0.5,1200
1996-01-08,0.49421700835227966,0.5,0.5,0.5,0.5,0
1996-01-09,0.4478841722011566,0.453125,0.53125,0.4375,0.4375,33200
1996-01-10,0.4324398934841156,0.4375,0.4375,0.40625,0.4375,19600
1996-01-11,0.4169955849647522,0.421875,0.4375,0.375,0.40625,86400
1996-01-12,0.4169955849647522,0.421875,0.421875,0.421875,0.421875,0
1996-01-15,0.4169955849647522,0.421875,0.421875,0.421875,0.421875,0
1996-01-16,0.46332845091819763,0.46875,0.46875,0.4375,0.46875,13600
1996-01-17,0.46332845091819763,0.46875,0.46875,0.46875,0.46875,0
1996-01-18,0.4015513062477112,0.40625,0.4375,0.40625,0.4375,33600
1996-01-19,0.4324398934841156,0.4375,0.4375,0.375,0.40625,194400
1996-01-22,0.4324398934841156,0.4375,0.4375,0.4375,0.4375,0
1996-01-23,0.4324398934841156,0.4375,0.4375,0.4375,0.4375,0
1996-01-24,0.4324398934841156,0.4375,0.4375,0.390625,0.4375,6400
1996-01-25,0.4324398934841156,0.4375,0.4375,0.390625,0.390625,8800
1996-01-26,0.4169955849647522,0.421875,0.421875,0.421875,0.421875,3200
1996-01-29,0.4324398934841156,0.4375,0.4375,0.390625,0.390625,8000
1996-01-30,0.4324398934841156,0.4375,0.4375,0.4375,0.4375,0
1996-01-31,0.42857906222343445,0.4335939884185791,0.4375,0.421875,0.4375,32000
1996-02-01,0.4324398934841156,0.4375,0.4375,0.375,0.375,24000
1996-02-02,0.4324398934841156,0.4375,0.4375,0.4375,0.4375,0
1996-02-05,0.4324398934841156,0.4375,0.4375,0.4375,0.4375,0
1996-02-06,0.4324398934841156,0.4375,0.46875,0.4375,0.4375,52400
1996-02-07,0.4478841722011566,0.453125,0.5,0.4375,0.4375,38000
1996-02-08,0.4401625394821167,0.4453130066394806,0.453125,0.4453130066394806,0.453125,38000
1996-02-09,0.46332845091819763,0.46875,0.46875,0.46875,0.46875,4000
1996-02-12,0.37066274881362915,0.375,0.46875,0.34375,0.4375,152400
1996-02-13,0.37066274881362915,0.375,0.4375,0.375,0.4375,10800
1996-02-14,0.5096613168716431,0.515625,0.515625,0.375,0.375,98000
1996-02-15,0.5251055955886841,0.53125,0.53125,0.46875,0.53125,17600
1996-02-16,0.49421700835227966,0.5,0.515625,0.5,0.515625,104400
1996-02-20,0.49421700835227966,0.5,0.5,0.5,0.5,0
1996-02-21,0.49421700835227966,0.5,0.546875,0.46875,0.53125,66800
1996-02-22,0.49421700835227966,0.5,0.53125,0.484375,0.5,80400
1996-02-23,0.49421700835227966,0.5,0.5,0.484375,0.484375,4000
1996-02-26,0.49421700835227966,0.5,0.5,0.484375,0.484375,8000
1996-02-27,0.49421700835227966,0.5,0.5,0.484375,0.484375,20000
1996-02-28,0.49421700835227966,0.5,0.5,0.484375,0.484375,12800
1996-02-29,0.49421700835227966,0.5,0.5,0.5,0.5,0
1996-03-01,0.49421700835227966,0.5,0.5,0.5,0.5,0
1996-03-04,0.49421700835227966,0.5,0.515625,0.484375,0.484375,21600
1996-03-05,0.5096613168716431,0.515625,0.515625,0.5,0.5,42400
1996-03-06,0.5096613168716431,0.515625,0.515625,0.484375,0.515625,15200
1996-03-07,0.49421700835227966,0.5,0.515625,0.484375,0.484375,30000
1996-03-08,0.48649537563323975,0.4921880066394806,0.515625,0.484375,0.515625,20000
1996-03-11,0.48649537563323975,0.4921880066394806,0.4921880066394806,0.4921880066394806,0.4921880066394806,0
1996-03-12,0.47877272963523865,0.484375,0.484375,0.484375,0.484375,800
1996-03-13,0.47877272963523865,0.484375,0.515625,0.484375,0.515625,17200
1996-03-14,0.47877272963523865,0.484375,0.484375,0.484375,0.484375,12000
1996-03-15,0.49421700835227966,0.5,0.5,0.46875,0.484375,79600
1996-03-18,0.49421700835227966,0.5,0.5,0.5,0.5,20000
1996-03-19,0.5559941530227661,0.5625,0.5625,0.46875,0.5,31600
1996-03-20,0.46332845091819763,0.46875,0.5625,0.46875,0.5625,54400
1996-03-21,0.4478841722011566,0.453125,0.546875,0.4453130066394806,0.546875,132800
1996-03-22,0.47877272963523865,0.484375,0.484375,0.46875,0.484375,23600
1996-03-25,0.46332845091819763,0.46875,0.46875,0.4375,0.4375,13200
1996-03-26,0.46332845091819763,0.46875,0.46875,0.375,0.4375,110400
1996-03-27,0.46332845091819763,0.46875,0.46875,0.40625,0.46875,25200
1996-03-28,0.47877272963523865,0.484375,0.484375,0.4375,0.46875,46000
1996-03-29,0.4324398934841156,0.4375,0.4375,0.4375,0.4375,38000
1996-04-01,0.46332845091819763,0.46875,0.46875,0.4140630066394806,0.421875,75200
1996-04-02,0.4324398934841156,0.4375,0.4375,0.4375,0.4375,10400
1996-04-03,0.47877272963523865,0.484375,0.484375,0.4375,0.484375,54000
1996-04-04,0.4324398934841156,0.4375,0.46875,0.4375,0.46875,14000
1996-04-08,0.46332845091819763,0.46875,0.484375,0.421875,0.484375,28400
1996-04-09,0.46332845091819763,0.46875,0.46875,0.46875,0.46875,12000
1996-04-10,0.49421700835227966,0.5,0.5,0.421875,0.421875,84800
1996-04-11,0.4324398934841156,0.4375,0.453125,0.40625,0.4375,160400
1996-04-12,0.49421700835227966,0.5,0.5,0.5,0.5,400
1996-04-15,0.4169955849647522,0.421875,0.421875,0.421875,0.421875,8000
1996-04-16,0.4324398934841156,0.4375,0.5,0.421875,0.421875,46000
1996-04-17,0.4324398934841156,0.4375,0.4375,0.4375,0.4375,0
1996-04-18,0.4169955849647522,0.421875,0.4375,0.421875,0.421875,8000
1996-04-19,0.4169955849647522,0.421875,0.421875,0.421875,0.421875,0
1996-04-22,0.4324398934841156,0.4375,0.4375,0.421875,0.421875,4000
1996-04-23,0.4478841722011566,0.453125,0.484375,0.421875,0.421875,95200
1996-04-24,0.46332845091819763,0.46875,0.5,0.453125,0.5,29600
1996-04-25,0.49421700835227966,0.5,0.5,0.453125,0.46875,46400
1996-04-26,0.49421700835227966,0.5,0.5,0.5,0.5,11200
1996-04-29,0.47877272963523865,0.484375,0.484375,0.4609380066394806,0.4609380066394806,31200
1996-04-30,0.4478841722011566,0.453125,0.453125,0.453125,0.453125,16000
1996-05-01,0.4478841722011566,0.453125,0.453125,0.453125,0.453125,0
1996-05-02,0.43630072474479675,0.4414060115814209,0.484375,0.4375,0.453125,180800
1996-05-03,0.4478841722011566,0.453125,0.453125,0.453125,0.453125,5600
1996-05-06,0.46332845091819763,0.46875,0.46875,0.453125,0.453125,100000
1996-05-07,0.43630072474479675,0.4414060115814209,0.484375,0.4414060115814209,0.484375,28000
1996-05-08,0.49421700835227966,0.5,0.5,0.46875,0.46875,74000
1996-05-09,0.5251055955886841,0.53125,0.53125,0.53125,0.53125,9200
1996-05-10,0.46332845091819763,0.46875,0.46875,0.46875,0.46875,19200
1996-05-13,0.46332845091819763,0.46875,0.515625,0.46875,0.5,28000
1996-05-14,0.5559941530227661,0.5625,0.5625,0.53125,0.53125,34800
1996-05-15,0.47877272963523865,0.484375,0.484375,0.484375,0.484375,1200
1996-05-16,0.5559941530227661,0.5625,0.625,0.53125,0.5625,172800
1996-05-17,0.5868827104568481,0.59375,0.625,0.5625,0.625,55600
1996-05-20,0.6177712678909302,0.625,0.65625,0.59375,0.59375,26400
1996-05-21,0.8031026124954224,0.8125,0.84375,0.65625,0.65625,307600
1996-05-22,0.7104369401931763,0.71875,0.8125,0.71875,0.75,91600
1996-05-23,0.6795483827590942,0.6875,0.75,0.65625,0.71875,53200
1996-05-24,0.7104369401931763,0.71875,0.71875,0.625,0.625,12800
1996-05-28,0.6949926614761353,0.703125,0.71875,0.625,0.71875,38400
1996-05-29,0.6795483827590942,0.6875,0.6875,0.65625,0.65625,14000
1996-05-30,0.6795483827590942,0.6875,0.6875,0.6875,0.6875,0
1996-05-31,0.6486598253250122,0.65625,0.6875,0.625,0.625,229600
1996-06-03,0.7722140550613403,0.78125,0.78125,0.703125,0.75,240000
1996-06-04,0.7722140550613403,0.78125,0.78125,0.71875,0.78125,80800
1996-06-05,0.7722140550613403,0.78125,0.78125,0.75,0.75,15200
1996-06-06,0.7567698359489441,0.765625,0.78125,0.703125,0.78125,76400
1996-06-07,0.8339911699295044,0.84375,0.859375,0.75,0.75,324400
1996-06-10,0.9266569018363953,0.9375,1.0,0.875,0.890625,340400
1996-06-11,0.9266569018363953,0.9375,1.0625,0.90625,1.0,397600
1996-06-12,0.9266569018363953,0.9375,0.96875,0.921875,0.96875,177200
1996-06-13,0.9421011805534363,0.953125,1.0,0.90625,0.953125,136400
1996-06-14,0.9884340167045593,1.0,1.015625,0.96875,0.96875,148000
1996-06-17,1.0193226337432861,1.03125,1.078125,0.96875,0.96875,327200
1996-06-18,0.9575454592704773,0.96875,1.046875,0.96875,1.046875,60800
1996-06-19,0.9575454592704773,0.96875,0.984375,0.953125,0.953125,125600
1996-06-20,0.9729897379875183,0.984375,0.984375,0.953125,0.953125,26800
1996-06-21,0.9575454592704773,0.96875,0.984375,0.953125,0.96875,38000
1996-06-24,0.9421011805534363,0.953125,0.984375,0.953125,0.96875,58000
1996-06-25,0.9421011805534363,0.953125,1.0,0.953125,0.984375,121200
1996-06-26,0.9421011805534363,0.953125,0.984375,0.921875,0.953125,73200
1996-06-27,0.9112126231193542,0.921875,0.96875,0.921875,0.953125,12400
1996-06-28,0.9112126231193542,0.921875,0.96875,0.921875,0.96875,20800
1996-07-01,0.9112126231193542,0.921875,0.984375,0.921875,0.9375,69200
1996-07-02,0.9729897379875183,0.984375,1.0,0.921875,1.0,16000
1996-07-03,0.9575454592704773,0.96875,0.984375,0.921875,0.921875,18400
1996-07-05,0.9112126231193542,0.921875,0.96875,0.921875,0.921875,39200
1996-07-08,0.8957683444023132,0.90625,0.96875,0.90625,0.96875,33600
1996-07-09,0.9421011805534363,0.953125,0.953125,0.90625,0.90625,17600
1996-07-10,0.9112126231193542,0.921875,0.953125,0.90625,0.953125,44000
1996-07-11,0.8957683444023132,0.90625,0.9375,0.8125,0.90625,105600
1996-07-12,0.8957683444023132,0.90625,0.90625,0.90625,0.90625,8000
1996-07-15,0.8031026124954224,0.8125,0.90625,0.8125,0.875,68000
1996-07-16,0.8031026124954224,0.8125,0.875,0.8125,0.8125,44800
1996-07-17,0.8339911699295044,0.84375,0.875,0.8125,0.8125,102000
1996-07-18,0.8031026124954224,0.8125,0.84375,0.8125,0.8125,20800
1996-07-19,0.8339911699295044,0.84375,0.875,0.84375,0.875,29600
1996-07-22,0.8031026124954224,0.8125,0.8125,0.8125,0.8125,400
1996-07-23,0.8339911699295044,0.84375,0.84375,0.8125,0.84375,30400
1996-07-24,0.8031026124954224,0.8125,0.84375,0.8125,0.8125,38000
1996-07-25,0.8648797869682312,0.875,0.875,0.875,0.875,400
1996-07-26,0.8648797869682312,0.875,0.875,0.8125,0.875,18400
1996-07-29,0.8648797869682312,0.875,0.875,0.8125,0.8125,19600
1996-07-30,0.7413254976272583,0.75,0.875,0.71875,0.8125,71200
1996-07-31,0.7413254976272583,0.75,0.75,0.6875,0.6875,7600
1996-08-01,0.7722140550613403,0.78125,0.78125,0.78125,0.78125,4800
1996-08-02,0.7104369401931763,0.71875,0.78125,0.71875,0.78125,11200
1996-08-05,0.7413254976272583,0.75,0.78125,0.6875,0.78125,15600
1996-08-06,0.7413254976272583,0.75,0.75,0.75,0.75,4000
1996-08-07,0.6795483827590942,0.6875,0.6875,0.6875,0.6875,800
1996-08-08,0.7722140550613403,0.78125,0.78125,0.703125,0.71875,2800
1996-08-09,0.7413254976272583,0.75,0.78125,0.75,0.78125,8000
1996-08-12,0.7722140550613403,0.78125,0.78125,0.75,0.78125,5200
1996-08-13,0.7722140550613403,0.78125,0.78125,0.78125,0.78125,0
1996-08-14,0.7722140550613403,0.78125,0.78125,0.6875,0.6875,19200
1996-08-15,0.7722140550613403,0.78125,0.78125,0.78125,0.78125,0
1996-08-16,0.7722140550613403,0.78125,0.78125,0.734375,0.78125,6000
1996-08-19,0.7722140550613403,0.78125,0.78125,0.78125,0.78125,1600
1996-08-20,0.6795483827590942,0.6875,0.6875,0.6875,0.6875,2800
1996-08-21,0.7413254976272583,0.75,0.78125,0.75,0.78125,12400
1996-08-22,0.7104369401931763,0.71875,0.78125,0.71875,0.78125,6400
1996-08-23,0.7722140550613403,0.78125,0.78125,0.78125,0.78125,9200
1996-08-26,0.7722140550613403,0.78125,0.78125,0.78125,0.78125,0
1996-08-27,0.7104369401931763,0.71875,0.71875,0.71875,0.71875,4800
1996-08-28,0.7104369401931763,0.71875,0.78125,0.71875,0.78125,10800
1996-08-29,0.7722140550613403,0.78125,0.78125,0.71875,0.71875,43200
1996-08-30,0.8339911699295044,0.84375,0.84375,0.78125,0.78125,64400
1996-09-03,0.7722140550613403,0.78125,0.875,0.78125,0.875,16000
1996-09-04,0.8339911699295044,0.84375,0.84375,0.8125,0.828125,16000
1996-09-05,0.7722140550613403,0.78125,0.78125,0.78125,0.78125,2000
1996-09-06,0.8648797869682312,0.875,0.875,0.8125,0.84375,46000
1996-09-09,0.8957683444023132,0.90625,0.90625,0.875,0.875,52000
1996-09-10,0.8648797869682312,0.875,0.90625,0.875,0.90625,2400
1996-09-11,0.9112126231193542,0.921875,0.9375,0.875,0.90625,28000
1996-09-12,0.8957683444023132,0.90625,0.921875,0.875,0.921875,42400
1996-09-13,0.8648797869682312,0.875,0.875,0.875,0.875,16800
1996-09-16,0.8726024031639099,0.8828129768371582,0.90625,0.8828129768371582,0.90625,46000
1996-09-17,0.8957683444023132,0.90625,0.90625,0.90625,0.90625,7200
1996-09-18,0.8957683444023132,0.90625,0.90625,0.90625,0.90625,6000
1996-09-19,0.9266569018363953,0.9375,0.9375,0.90625,0.90625,87600
1996-09-20,0.9266569018363953,0.9375,0.96875,0.890625,0.96875,128800
1996-09-23,0.8648797869682312,0.875,0.90625,0.875,0.875,16000
1996-09-24,0.9266569018363953,0.9375,0.9375,0.90625,0.9375,60400
1996-09-25,0.9266569018363953,0.9375,0.96875,0.90625,0.90625,7200
1996-09-26,0.9266569018363953,0.9375,0.9375,0.9375,0.9375,0
1996-09-27,0.8957683444023132,0.90625,0.90625,0.90625,0.90625,20000
1996-09-30,0.8957683444023132,0.90625,0.90625,0.90625,0.90625,0
1996-10-01,0.9266569018363953,0.9375,0.9375,0.9375,0.9375,800
1996-10-02,0.8957683444023132,0.90625,0.921875,0.890625,0.890625,12000
1996-10-03,0.9112126231193542,0.921875,0.921875,0.921875,0.921875,800
1996-10-04,0.8803240656852722,0.890625,0.890625,0.890625,0.890625,4400
1996-10-07,0.8803240656852722,0.890625,0.890625,0.890625,0.890625,3600
1996-10-08,0.8803240656852722,0.890625,0.9375,0.890625,0.9375,20800
1996-10-09,0.8957683444023132,0.90625,0.90625,0.890625,0.890625,28000
1996-10-10,0.8648797869682312,0.875,0.90625,0.859375,0.90625,30000
1996-10-11,0.8957683444023132,0.90625,0.90625,0.859375,0.859375,15200
1996-10-14,0.9266569018363953,0.9375,0.9375,0.859375,0.859375,800
1996-10-15,0.9266569018363953,0.9375,0.9375,0.9375,0.9375,36000
1996-10-16,0.9575454592704773,0.96875,0.96875,0.9375,0.9375,22000
1996-10-17,0.9575454592704773,0.96875,0.984375,0.875,0.875,77600
1996-10-18,0.9729897379875183,0.984375,1.015625,0.9375,0.96875,268800
1996-10-21,1.0038783550262451,1.015625,1.015625,0.9375,1.015625,88000
1996-10-22,1.0193226337432861,1.03125,1.03125,1.0,1.03125,43600
1996-10-23,1.0347667932510376,1.046875,1.046875,1.03125,1.03125,6000
1996-10-24,0.9729897379875183,0.984375,1.09375,0.984375,1.0,66800
1996-10-25,0.9575454592704773,0.96875,1.09375,0.96875,0.96875,10000
1996-10-28,0.9884340167045593,1.0,1.03125,1.0,1.03125,26000
1996-10-29,0.9884340167045593,1.0,1.0,0.96875,0.96875,13200
1996-10-30,0.9266569018363953,0.9375,1.0,0.9375,0.96875,109200
1996-10-31,0.9575454592704773,0.96875,0.96875,0.90625,0.96875,12400
1996-11-01,0.9575454592704773,0.96875,0.96875,0.90625,0.96875,21600
1996-11-04,0.9575454592704773,0.96875,1.03125,0.96875,0.96875,37600
1996-11-05,0.9575454592704773,0.96875,0.96875,0.96875,0.96875,0
1996-11-06,0.9884340167045593,1.0,1.015625,1.0,1.015625,62400
1996-11-07,0.9729897379875183,0.984375,1.0,0.9375,1.0,166400
1996-11-08,0.9884340167045593,1.0,1.0,0.96875,0.96875,6000
1996-11-11,0.9884340167045593,1.0,1.0,1.0,1.0,2000
1996-11-12,0.9884340167045593,1.0,1.0,0.96875,0.96875,12800
1996-11-13,0.9729897379875183,0.984375,1.015625,0.984375,1.015625,23600
1996-11-14,0.965268075466156,0.9765629768371582,1.0,0.9765629768371582,1.0,16400
1996-11-15,0.9884340167045593,1.0,1.0,0.9765629768371582,0.9765629768371582,70000
1996-11-18,0.9884340167045593,1.0,1.0,1.0,1.0,0
1996-11-19,0.8957683444023132,0.90625,0.90625,0.90625,0.90625,400
1996-11-20,0.8957683444023132,0.90625,0.984375,0.90625,0.984375,8000
1996-11-21,0.996156632900238,1.0078129768371582,1.0078129768371582,0.890625,0.890625,6800
1996-11-22,0.9575454592704773,0.96875,0.96875,0.890625,0.890625,16800
1996-11-25,0.9575454592704773,0.96875,0.96875,0.890625,0.890625,8000
1996-11-26,0.9575454592704773,0.96875,0.96875,0.890625,0.890625,41200
1996-11-27,0.9729897379875183,0.984375,0.984375,0.984375,0.984375,8400
1996-11-29,0.9729897379875183,0.984375,0.984375,0.984375,0.984375,0
1996-12-02,0.9575454592704773,0.96875,0.96875,0.96875,0.96875,8800
1996-12-03,0.9112126231193542,0.921875,0.96875,0.921875,0.96875,28400
1996-12-04,0.9884340167045593,1.0,1.0,0.953125,0.953125,93200
1996-12-05,0.9421011805534363,0.953125,1.0,0.953125,1.0,36000
1996-12-06,0.9421011805534363,0.953125,0.953125,0.953125,0.953125,32000
1996-12-09,0.9421011805534363,0.953125,1.015625,0.953125,0.953125,68000
1996-12-10,0.9421011805534363,0.953125,0.953125,0.953125,0.953125,8000
1996-12-11,1.0038783550262451,1.015625,1.015625,0.953125,1.015625,10400
1996-12-12,0.8803240656852722,0.890625,0.9375,0.890625,0.890625,29200
1996-12-13,0.8803240656852722,0.890625,0.890625,0.890625,0.890625,0
1996-12-16,0.8803240656852722,0.890625,0.890625,0.890625,0.890625,1600
1996-12-17,0.9266569018363953,0.9375,0.9375,0.9375,0.9375,2400
1996-12-18,0.8803240656852722,0.890625,0.984375,0.890625,0.890625,34800
1996-12-19,0.8803240656852722,0.890625,0.890625,0.890625,0.890625,0
1996-12-20,0.8803240656852722,0.890625,0.890625,0.890625,0.890625,0
1996-12-23,0.9266569018363953,0.9375,0.9375,0.9375,0.9375,8000
1996-12-24,0.9266569018363953,0.9375,0.984375,0.890625,0.984375,20000
1996-12-26,0.9729897379875183,0.984375,0.984375,0.984375,0.984375,400
1996-12-27,0.9729897379875183,0.984375,0.984375,0.984375,0.984375,400
1996-12-30,0.8494355082511902,0.859375,0.9375,0.859375,0.890625,70400
1996-12-31,0.9266569018363953,0.9375,0.9375,0.9375,0.9375,6000
1997-01-02,0.9421011805534363,0.953125,0.953125,0.890625,0.9375,33200
1997-01-03,0.8803240656852722,0.890625,0.953125,0.890625,0.890625,16400
1997-01-06,0.8494355082511902,0.859375,0.953125,0.859375,0.953125,12000
1997-01-07,0.8494355082511902,0.859375,0.859375,0.859375,0.859375,2000
1997-01-08,0.8494355082511902,0.859375,0.859375,0.859375,0.859375,2800
1997-01-09,0.9266569018363953,0.9375,0.9375,0.859375,0.859375,16000
1997-01-10,0.8494355082511902,0.859375,0.875,0.859375,0.859375,8800
1997-01-13,0.8957683444023132,0.90625,0.90625,0.84375,0.859375,17600
1997-01-14,0.9112126231193542,0.921875,0.921875,0.828125,0.828125,4400
1997-01-15,0.9112126231193542,0.921875,0.921875,0.921875,0.921875,2000
1997-01-16,0.9112126231193542,0.921875,0.921875,0.921875,0.921875,0
1997-01-17,0.8185469508171082,0.828125,0.828125,0.828125,0.828125,800
1997-01-20,0.9575454592704773,0.96875,0.984375,0.859375,0.921875,121200
1997-01-21,0.9884340167045593,1.0,1.046875,1.0,1.0,101200
1997-01-22,1.0347667932510376,1.046875,1.046875,1.046875,1.046875,4800
1997-01-23,1.0347667932510376,1.046875,1.046875,1.046875,1.046875,0
1997-01-24,1.0347667932510376,1.046875,1.046875,0.96875,0.96875,5200
1997-01-27,1.0347667932510376,1.046875,1.046875,1.046875,1.046875,0
1997-01-28,0.9575454592704773,0.96875,0.96875,0.96875,0.96875,12400
1997-01-29,0.9884340167045593,1.0,1.046875,0.96875,1.046875,12000
1997-01-30,0.9575454592704773,0.96875,0.96875,0.96875,0.96875,12000
1997-01-31,0.9575454592704773,0.96875,0.96875,0.96875,0.96875,0
1997-02-03,0.9884340167045593,1.0,1.0,0.9375,1.0,12000
1997-02-04,0.9884340167045593,1.0,1.0,0.9375,1.0,21600
1997-02-05,0.9266569018363953,0.9375,1.0,0.9375,0.9375,14000
1997-02-06,0.9884340167045593,1.0,1.015625,0.9375,0.9375,42400
1997-02-07,0.9884340167045593,1.0,1.015625,1.0,1.015625,22800
1997-02-10,1.0193226337432861,1.03125,1.03125,0.984375,0.984375,9200
1997-02-11,1.0193226337432861,1.03125,1.03125,0.984375,1.03125,5200
1997-02-12,1.0193226337432861,1.03125,1.03125,0.984375,1.03125,15600
1997-02-13,0.9729897379875183,0.984375,1.015625,0.96875,0.984375,45200
1997-02-14,0.9884340167045593,1.0,1.015625,0.953125,0.953125,12000
1997-02-18,0.9729897379875183,0.984375,1.015625,0.9375,1.015625,49600
1997-02-19,0.9729897379875183,0.984375,1.0,0.921875,0.9375,68800
1997-02-20,0.8648797869682312,0.875,0.96875,0.8125,0.953125,199200
1997-02-21,0.8339911699295044,0.84375,0.875,0.84375,0.875,28000
1997-02-24,0.9112126231193542,0.921875,0.921875,0.84375,0.90625,33600
1997-02-25,0.8339911699295044,0.84375,0.921875,0.84375,0.921875,4000
1997-02-26,0.9112126231193542,0.921875,0.921875,0.921875,0.921875,2000
1997-02-27,0.8339911699295044,0.84375,0.921875,0.84375,0.921875,6000
1997-02-28,0.8339911699295044,0.84375,0.84375,0.84375,0.84375,400
1997-03-03,0.9112126231193542,0.921875,0.921875,0.921875,0.921875,5200
1997-03-04,0.9266569018363953,0.9375,0.9375,0.921875,0.921875,13600
1997-03-05,0.9421011805534363,0.953125,0.953125,0.859375,0.9375,34000
1997-03-06,0.8494355082511902,0.859375,0.953125,0.859375,0.953125,3200
1997-03-07,0.9575454592704773,0.96875,0.96875,0.875,0.953125,20800
1997-03-10,0.9884340167045593,1.0,1.0,1.0,1.0,2400
1997-03-11,0.9884340167045593,1.0,1.0,0.9375,1.0,38400
1997-03-12,0.9112126231193542,0.921875,1.0,0.921875,1.0,6000
1997-03-13,0.9884340167045593,1.0,1.0,1.0,1.0,800
1997-03-14,0.9112126231193542,0.921875,0.9375,0.921875,0.9375,14800
1997-03-17,0.8957683444023132,0.90625,1.0,0.90625,1.0,17600
1997-03-18,0.8957683444023132,0.90625,0.96875,0.90625,0.96875,7600
1997-03-19,0.8957683444023132,0.90625,0.9375,0.90625,0.90625,39200
1997-03-20,0.8648797869682312,0.875,0.875,0.875,0.875,10000
1997-03-21,0.8648797869682312,0.875,0.875,0.875,0.875,0
1997-03-24,0.8957683444023132,0.90625,0.9375,0.828125,0.875,70400
1997-03-25,0.8957683444023132,0.90625,0.90625,0.84375,0.84375,6000
1997-03-26,0.8648797869682312,0.875,0.90625,0.859375,0.859375,20000
1997-03-27,0.8339911699295044,0.84375,0.84375,0.84375,0.84375,4000
1997-03-31,0.8648797869682312,0.875,0.90625,0.875,0.90625,6000
1997-04-01,0.8339911699295044,0.84375,0.875,0.84375,0.875,6800
1997-04-02,0.8339911699295044,0.84375,0.84375,0.84375,0.84375,0
1997-04-03,0.8339911699295044,0.84375,0.84375,0.84375,0.84375,21200
1997-04-04,0.8185469508171082,0.828125,0.90625,0.828125,0.90625,9600
1997-04-07,0.8185469508171082,0.828125,0.828125,0.828125,0.828125,0
1997-04-08,0.8185469508171082,0.828125,0.828125,0.828125,0.828125,0
1997-04-09,0.8185469508171082,0.828125,0.84375,0.828125,0.84375,16000
1997-04-10,0.8185469508171082,0.828125,0.828125,0.828125,0.828125,800
1997-04-11,0.8185469508171082,0.828125,0.875,0.828125,0.875,12800
1997-04-14,0.8648797869682312,0.875,0.875,0.8125,0.875,14800
1997-04-15,0.7876583933830261,0.796875,0.828125,0.796875,0.828125,16000
1997-04-16,0.7722140550613403,0.78125,0.796875,0.78125,0.796875,8000
1997-04-17,0.8339911699295044,0.84375,0.84375,0.8125,0.8125,22800
1997-04-18,0.8339911699295044,0.84375,0.890625,0.84375,0.875,36000
1997-04-21,0.8957683444023132,0.90625,0.90625,0.8125,0.8125,39200
1997-04-22,0.8339911699295044,0.84375,0.84375,0.84375,0.84375,2000
1997-04-23,0.8339911699295044,0.84375,0.875,0.84375,0.875,9600
1997-04-24,0.8339911699295044,0.84375,0.84375,0.84375,0.84375,18400
1997-04-25,0.8031026124954224,0.8125,0.8125,0.8125,0.8125,2000
1997-04-28,0.8031026124954224,0.8125,0.8125,0.8125,0.8125,0
1997-04-29,0.8031026124954224,0.8125,0.890625,0.8125,0.890625,4800
1997-04-30,0.8031026124954224,0.8125,0.8125,0.8125,0.8125,8000
1997-05-01,0.8031026124954224,0.8125,0.8125,0.8125,0.8125,12000
1997-05-02,0.8031026124954224,0.8125,0.875,0.8125,0.84375,26400
1997-05-05,0.8031026124954224,0.8125,0.8125,0.8125,0.8125,4000
1997-05-06,0.8957683444023132,0.90625,0.90625,0.90625,0.90625,12000
1997-05-07,0.8957683444023132,0.90625,0.90625,0.90625,0.90625,1200
1997-05-08,0.9112126231193542,0.921875,0.96875,0.890625,0.90625,63200
1997-05-09,0.9266569018363953,0.9375,0.953125,0.84375,0.953125,46400
1997-05-12,0.9266569018363953,0.9375,0.9375,0.9375,0.9375,400
1997-05-13,0.8648797869682312,0.875,0.875,0.875,0.875,1600
1997-05-14,0.8957683444023132,0.90625,0.9375,0.90625,0.9375,84000
1997-05-15,1.0193226337432861,1.03125,1.0625,0.921875,0.9375,170800
1997-05-16,0.9884340167045593,1.0,1.0625,1.0,1.0,48000
1997-05-19,0.9884340167045593,1.0,1.0,1.0,1.0,12000
1997-05-20,0.9884340167045593,1.0,1.03125,1.0,1.0,33200
1997-05-21,0.8803240656852722,0.890625,1.0,0.890625,0.96875,39600
1997-05-22,0.9266569018363953,0.9375,0.9375,0.875,0.875,30400
1997-05-23,0.8648797869682312,0.875,0.96875,0.875,0.96875,19600
1997-05-27,0.9575454592704773,0.96875,0.96875,0.96875,0.96875,3600
1997-05-28,0.8648797869682312,0.875,0.875,0.875,0.875,10000
1997-05-29,0.8648797869682312,0.875,0.875,0.875,0.875,0
1997-05-30,0.8648797869682312,0.875,0.875,0.875,0.875,0
1997-06-02,0.9575454592704773,0.96875,0.96875,0.96875,0.96875,8800
1997-06-03,0.8957683444023132,0.90625,0.90625,0.90625,0.90625,4400
1997-06-04,0.9266569018363953,0.9375,0.9375,0.90625,0.90625,6000
1997-06-05,0.9266569018363953,0.9375,0.9375,0.9375,0.9375,0
1997-06-06,0.9729897379875183,0.984375,0.984375,0.984375,0.984375,800
1997-06-09,0.9266569018363953,0.9375,0.984375,0.921875,0.921875,40000
1997-06-10,0.9884340167045593,1.0,1.015625,0.9375,0.9375,63200
1997-06-11,0.9884340167045593,1.0,1.0,0.96875,0.96875,19200
1997-06-12,0.9729897379875183,0.984375,1.0,0.984375,1.0,5600
1997-06-13,0.9884340167045593,1.0,1.0,0.96875,0.984375,4400
1997-06-16,0.9575454592704773,0.96875,1.03125,0.96875,1.0,64800
1997-06-17,0.9884340167045593,1.0,1.03125,0.96875,0.96875,60800
1997-06-18,1.0347667932510376,1.046875,1.046875,1.0,1.0,6000
1997-06-19,0.9884340167045593,1.0,1.03125,1.0,1.0,13600
1997-06-20,0.9884340167045593,1.0,1.03125,1.0,1.03125,18000
1997-06-23,1.0347667932510376,1.046875,1.046875,1.046875,1.046875,800
1997-06-24,1.0193226337432861,1.03125,1.03125,1.03125,1.03125,2400
1997-06-25,1.0038783550262451,1.015625,1.046875,0.984375,0.984375,80800
1997-06-26,0.9884340167045593,1.0,1.0,1.0,1.0,1600
1997-06-27,0.9884340167045593,1.0,1.046875,1.0,1.046875,22400
1997-06-30,1.0193226337432861,1.03125,1.03125,1.0,1.0,99600
1997-07-01,1.0038783550262451,1.015625,1.03125,1.0,1.03125,80000
1997-07-02,1.0193226337432861,1.03125,1.0625,1.015625,1.03125,37200
1997-07-03,1.0038783550262451,1.015625,1.046875,1.015625,1.015625,16000
1997-07-07,1.0502111911773682,1.0625,1.0625,1.03125,1.046875,20400
1997-07-08,1.0656554698944092,1.078125,1.078125,1.03125,1.03125,40800
1997-07-09,1.0193226337432861,1.03125,1.078125,1.03125,1.078125,1200
1997-07-10,1.0579338073730469,1.0703129768371582,1.078125,1.0625,1.078125,28000
1997-07-11,1.1737654209136963,1.1875,1.21875,1.0703129768371582,1.0703129768371582,56800
1997-07-14,1.2046539783477783,1.21875,1.296875,1.21875,1.21875,160400
1997-07-15,1.5135396718978882,1.53125,1.53125,1.25,1.3125,162800
1997-07-16,1.4826509952545166,1.5,1.5625,1.4375,1.5390629768371582,145200
1997-07-17,1.3590967655181885,1.375,1.5625,1.375,1.5625,86000
1997-07-18,1.243265151977539,1.2578129768371582,1.375,1.25,1.375,111600
1997-07-21,1.3590967655181885,1.375,1.40625,1.34375,1.34375,44000
1997-07-22,1.2355425357818604,1.25,1.34375,1.25,1.28125,112800
1997-07-23,1.2973196506500244,1.3125,1.3125,1.3125,1.3125,4000
1997-07-24,1.2664310932159424,1.28125,1.34375,1.25,1.25,18400
1997-07-25,1.3282082080841064,1.34375,1.34375,1.3125,1.3125,8000
1997-07-28,1.3282082080841064,1.34375,1.34375,1.34375,1.34375,20000
1997-07-29,1.2509868144989014,1.265625,1.265625,1.265625,1.265625,400
1997-07-30,1.3282082080841064,1.34375,1.34375,1.34375,1.34375,4400
1997-07-31,1.3899853229522705,1.40625,1.40625,1.296875,1.34375,16400
1997-08-01,1.3899853229522705,1.40625,1.40625,1.34375,1.40625,17200
1997-08-04,1.3590967655181885,1.375,1.40625,1.28125,1.40625,21200
1997-08-05,1.3590967655181885,1.375,1.375,1.375,1.375,4000
1997-08-06,1.4826509952545166,1.5,1.5,1.375,1.40625,76400
1997-08-07,1.4517624378204346,1.46875,1.53125,1.4375,1.53125,25600
1997-08-08,1.4517624378204346,1.46875,1.46875,1.4375,1.4375,24800
1997-08-11,1.4208738803863525,1.4375,1.4375,1.375,1.375,2400
1997-08-12,1.3282082080841064,1.34375,1.4375,1.34375,1.4375,38000
1997-08-13,1.2664310932159424,1.28125,1.375,1.28125,1.34375,54000
1997-08-14,1.3127639293670654,1.328125,1.34375,1.28125,1.28125,42800
1997-08-15,1.2973196506500244,1.3125,1.3125,1.28125,1.28125,11600
1997-08-18,1.2509868144989014,1.265625,1.34375,1.25,1.34375,22000
1997-08-19,1.2046539783477783,1.21875,1.265625,1.21875,1.265625,17200
1997-08-20,1.2509868144989014,1.265625,1.3125,1.21875,1.21875,28800
1997-08-21,1.2509868144989014,1.265625,1.265625,1.21875,1.21875,8000
1997-08-22,1.2664310932159424,1.28125,1.28125,1.21875,1.21875,1600
1997-08-25,1.2664310932159424,1.28125,1.28125,1.28125,1.28125,12000
1997-08-26,1.2664310932159424,1.28125,1.28125,1.21875,1.28125,14400
1997-08-27,1.2664310932159424,1.28125,1.28125,1.28125,1.28125,2000
1997-08-28,1.2046539783477783,1.21875,1.21875,1.21875,1.21875,3200
1997-08-29,1.3282082080841064,1.34375,1.34375,1.28125,1.28125,23200
1997-09-02,1.3282082080841064,1.34375,1.40625,1.34375,1.40625,3200
1997-09-03,1.3899853229522705,1.40625,1.40625,1.40625,1.40625,800
1997-09-04,1.3590967655181885,1.375,1.40625,1.34375,1.34375,21200
1997-09-05,1.436318278312683,1.453125,1.453125,1.375,1.375,56000
1997-09-08,1.4826509952545166,1.5,1.5,1.5,1.5,2000
1997-09-09,1.3590967655181885,1.375,1.5,1.375,1.5,10800
1997-09-10,1.4208738803863525,1.4375,1.46875,1.40625,1.40625,18800
1997-09-11,1.4826509952545166,1.5,1.5,1.40625,1.40625,8800
1997-09-12,1.4208738803863525,1.4375,1.4375,1.4375,1.4375,32800
1997-09-15,1.4517624378204346,1.46875,1.46875,1.40625,1.40625,11200
1997-09-16,1.4517624378204346,1.46875,1.46875,1.46875,1.46875,0
1997-09-17,1.4517624378204346,1.46875,1.46875,1.40625,1.40625,2400
1997-09-18,1.4517624378204346,1.46875,1.46875,1.46875,1.46875,16800
1997-09-19,1.4826509952545166,1.5,1.515625,1.46875,1.515625,22000
1997-09-22,1.4826509952545166,1.5,1.5,1.4375,1.4375,2400
1997-09-23,1.4517624378204346,1.46875,1.5,1.46875,1.5,8000
1997-09-24,1.4517624378204346,1.46875,1.5,1.46875,1.5,6400
1997-09-25,1.4208738803863525,1.4375,1.53125,1.40625,1.46875,38800
1997-09-26,1.436318278312683,1.453125,1.453125,1.453125,1.453125,4800
1997-09-29,1.436318278312683,1.453125,1.453125,1.453125,1.453125,0
1997-09-30,1.436318278312683,1.453125,1.453125,1.453125,1.453125,2000
1997-10-01,1.4672067165374756,1.484375,1.484375,1.484375,1.484375,2000
1997-10-02,1.3899853229522705,1.40625,1.484375,1.40625,1.484375,9200
1997-10-03,1.4517624378204346,1.46875,1.46875,1.40625,1.40625,18000
1997-10-06,1.4826509952545166,1.5,1.5,1.4375,1.5,14800
1997-10-07,1.4517624378204346,1.46875,1.5,1.46875,1.5,12400
1997-10-08,1.4826509952545166,1.5,1.5,1.5,1.5,2000
1997-10-09,1.4517624378204346,1.46875,1.46875,1.4375,1.4375,32400
1997-10-10,1.5135396718978882,1.53125,1.5625,1.46875,1.46875,63200
1997-10-13,1.4826509952545166,1.5,1.5,1.5,1.5,12000
1997-10-14,1.4826509952545166,1.5,1.5,1.5,1.5,400
1997-10-15,1.4980953931808472,1.515625,1.59375,1.515625,1.59375,9600
1997-10-16,1.4980953931808472,1.515625,1.59375,1.515625,1.59375,34400
1997-10-17,1.4980953931808472,1.515625,1.515625,1.515625,1.515625,6400
1997-10-20,1.4980953931808472,1.515625,1.515625,1.515625,1.515625,800
1997-10-21,1.6988710165023804,1.71875,1.75,1.5625,1.5625,33200
1997-10-22,1.6988710165023804,1.71875,1.84375,1.71875,1.71875,51600
1997-10-23,1.6679823398590088,1.6875,1.84375,1.6875,1.84375,72800
1997-10-24,1.7915366888046265,1.8125,1.84375,1.734375,1.84375,24800
1997-10-27,1.6370939016342163,1.65625,1.8125,1.625,1.75,62800
1997-10-28,1.7915366888046265,1.8125,1.8125,1.6875,1.6875,43200
1997-10-29,1.8842023611068726,1.90625,2.03125,1.875,1.9375,100400
1997-10-30,2.1004223823547363,2.125,2.125,1.9375,1.9375,31600
1997-10-31,2.2239766120910645,2.25,2.5,2.125,2.125,164800
1997-11-03,2.4093079566955566,2.4375,2.859375,2.21875,2.25,270800
1997-11-04,2.3475308418273926,2.375,2.625,2.25,2.625,109200
1997-11-05,2.2857537269592285,2.3125,2.375,2.25,2.375,36000
1997-11-06,2.3011980056762695,2.328125,2.375,2.25,2.375,30800
1997-11-07,2.1930878162384033,2.21875,2.34375,2.15625,2.34375,21200
1997-11-10,2.0386452674865723,2.0625,2.0625,2.0625,2.0625,2000
1997-11-11,1.9150909185409546,1.9375,2.0625,1.9375,2.0625,21200
1997-11-12,1.8533138036727905,1.875,1.96875,1.71875,1.84375,81200
1997-11-13,1.7297595739364624,1.75,1.875,1.59375,1.875,93600
1997-11-14,1.8842023611068726,1.90625,1.90625,1.71875,1.71875,18800
1997-11-17,1.9150909185409546,1.9375,1.9375,1.75,1.75,22400
1997-11-18,1.7297595739364624,1.75,1.9375,1.75,1.9375,15200
1997-11-19,1.8533138036727905,1.875,1.90625,1.875,1.90625,4400
1997-11-20,1.9768680334091187,2.0,2.0,1.75,1.75,33200
1997-11-21,2.0077567100524902,2.03125,2.0625,1.9375,2.0625,9200
1997-11-24,1.9768680334091187,2.0,2.0625,1.90625,2.0625,13200
1997-11-25,1.9768680334091187,2.0,2.0,2.0,2.0,0
1997-11-26,1.8533138036727905,1.875,1.875,1.875,1.875,6800
1997-11-28,1.8533138036727905,1.875,1.875,1.875,1.875,800
1997-12-01,1.8533138036727905,1.875,1.953125,1.875,1.953125,4800
1997-12-02,1.7915366888046265,1.8125,1.9375,1.8125,1.9375,24800
1997-12-03,1.868758201599121,1.890625,1.890625,1.890625,1.890625,2000
1997-12-04,1.7915366888046265,1.8125,1.890625,1.8125,1.890625,4000
1997-12-05,1.9150909185409546,1.9375,1.9375,1.8125,1.8125,5600
1997-12-08,1.8996466398239136,1.921875,1.9375,1.8125,1.9375,5600
1997-12-09,1.9768680334091187,2.0,2.03125,1.84375,1.84375,9200
1997-12-10,1.8533138036727905,1.875,2.03125,1.8125,2.03125,20000
1997-12-11,1.8224252462387085,1.84375,1.9375,1.84375,1.875,6400
1997-12-12,1.8533138036727905,1.875,1.875,1.875,1.875,18800
1997-12-15,1.8224252462387085,1.84375,1.96875,1.8125,1.90625,21600
1997-12-16,1.9459794759750366,1.96875,1.96875,1.90625,1.9375,14800
1997-12-17,2.1004223823547363,2.125,2.3125,1.96875,1.96875,77600
1997-12-18,2.1621994972229004,2.1875,2.25,2.0625,2.1875,15600
1997-12-19,2.069533586502075,2.09375,2.15625,2.09375,2.15625,8000
1997-12-22,2.069533586502075,2.09375,2.09375,2.09375,2.09375,0
1997-12-23,2.1621994972229004,2.1875,2.1875,2.09375,2.09375,4800
1997-12-24,2.1621994972229004,2.1875,2.1875,2.1875,2.1875,0
1997-12-26,2.2239766120910645,2.25,2.25,2.125,2.125,4400
1997-12-29,2.1621994972229004,2.1875,2.25,2.125,2.25,16000
1997-12-30,2.2239766120910645,2.25,2.25,2.125,2.125,18400
1997-12-31,2.1004223823547363,2.125,2.25,2.125,2.125,6800
1998-01-02,2.3166422843933105,2.34375,2.34375,2.34375,2.34375,800
1998-01-05,2.3475308418273926,2.375,2.375,2.1875,2.1875,9600
1998-01-06,2.1930878162384033,2.21875,2.4375,2.1875,2.1875,27600
1998-01-07,2.069533586502075,2.09375,2.25,2.0,2.1875,60800
1998-01-08,2.2085320949554443,2.234375,2.234375,2.234375,2.234375,1600
1998-01-09,2.0077567100524902,2.03125,2.03125,2.03125,2.03125,3200
1998-01-12,2.0077567100524902,2.03125,2.0625,2.03125,2.03125,13600
1998-01-13,2.0386452674865723,2.0625,2.0625,2.0625,2.0625,800
1998-01-14,2.2239766120910645,2.25,2.25,2.25,2.25,800
1998-01-15,2.1621994972229004,2.1875,2.1875,2.125,2.125,5600
1998-01-16,2.2239766120910645,2.25,2.25,2.125,2.125,4400
1998-01-20,2.2239766120910645,2.25,2.25,2.25,2.25,2800
1998-01-21,2.2239766120910645,2.25,2.25,2.25,2.25,0
1998-01-22,2.2239766120910645,2.25,2.25,2.25,2.25,0
1998-01-23,2.1004223823547363,2.125,2.15625,2.0,2.15625,20400
1998-01-26,2.1004223823547363,2.125,2.125,2.09375,2.125,8800
1998-01-27,2.0386452674865723,2.0625,2.125,2.0,2.09375,10000
1998-01-28,2.0077567100524902,2.03125,2.0625,2.03125,2.0625,1200
1998-01-29,2.0386452674865723,2.0625,2.0625,2.0625,2.0625,2000
1998-01-30,1.9768680334091187,2.0,2.0625,2.0,2.0625,4800
1998-02-02,2.1004223823547363,2.125,2.1875,2.0625,2.0625,22000
1998-02-03,2.1004223823547363,2.125,2.125,2.125,2.125,0
1998-02-04,2.0386452674865723,2.0625,2.0625,2.0625,2.0625,4000
1998-02-05,1.9768680334091187,2.0,2.0,2.0,2.0,19200
1998-02-06,2.0386452674865723,2.0625,2.125,2.0625,2.125,4800
1998-02-09,2.069533586502075,2.09375,2.125,2.0,2.0,3200
1998-02-10,2.0077567100524902,2.03125,2.125,2.03125,2.125,16800
1998-02-11,2.069533586502075,2.09375,2.09375,2.03125,2.03125,4400
1998-02-12,1.9768680334091187,2.0,2.0,2.0,2.0,26400
1998-02-13,2.0386452674865723,2.0625,2.0625,1.9375,1.9375,2400
1998-02-17,2.0386452674865723,2.0625,2.125,2.0,2.125,6400
1998-02-18,2.0077567100524902,2.03125,2.0625,2.03125,2.03125,30800
1998-02-19,1.9768680334091187,2.0,2.03125,1.9375,2.0,21200
1998-02-20,2.069533586502075,2.09375,2.09375,2.03125,2.09375,6000
1998-02-23,2.0077567100524902,2.03125,2.15625,2.0,2.125,20800
1998-02-24,2.0386452674865723,2.0625,2.0625,2.0625,2.0625,2800
1998-02-25,2.0386452674865723,2.0625,2.0625,2.0625,2.0625,400
1998-02-26,2.1313109397888184,2.15625,2.15625,2.15625,2.15625,1600
1998-02-27,2.0386452674865723,2.0625,2.078125,2.0625,2.0625,23600
1998-03-02,2.1313109397888184,2.15625,2.15625,2.0625,2.0625,11200
1998-03-03,2.1004223823547363,2.125,2.125,2.125,2.125,1600
1998-03-04,2.0077567100524902,2.03125,2.03125,2.03125,2.03125,1600
1998-03-05,2.069533586502075,2.09375,2.09375,2.0,2.03125,4000
1998-03-06,2.069533586502075,2.09375,2.09375,2.0,2.0,10400
1998-03-09,2.0077567100524902,2.03125,2.03125,2.03125,2.03125,800
1998-03-10,2.0386452674865723,2.0625,2.09375,2.046875,2.046875,6000
1998-03-11,2.069533586502075,2.09375,2.125,2.0,2.0,14000
1998-03-12,2.1004223823547363,2.125,2.125,2.09375,2.09375,7600
1998-03-13,2.1004223823547363,2.125,2.21875,2.125,2.21875,16400
1998-03-16,2.1004223823547363,2.125,2.21875,2.125,2.21875,4400
1998-03-17,2.069533586502075,2.09375,2.09375,1.9375,2.09375,35600
1998-03-18,2.069533586502075,2.09375,2.09375,2.09375,2.09375,0
1998-03-19,1.9459794759750366,1.96875,1.96875,1.96875,1.96875,2400
1998-03-20,1.9150909185409546,1.9375,2.03125,1.875,1.875,20400
1998-03-23,1.8533138036727905,1.875,2.0,1.875,1.90625,8800
1998-03-24,1.8842023611068726,1.90625,1.9375,1.90625,1.90625,7600
1998-03-25,1.8533138036727905,1.875,1.90625,1.875,1.875,9200
1998-03-26,1.8533138036727905,1.875,2.0,1.875,1.875,14800
1998-03-27,1.9768680334091187,2.0,2.0,2.0,2.0,800
1998-03-30,1.9768680334091187,2.0,2.0,2.0,2.0,0
1998-03-31,1.9768680334091187,2.0,2.0,1.875,1.875,9600
1998-04-01,1.8842023611068726,1.90625,2.0,1.890625,1.9375,16400
1998-04-02,1.8842023611068726,1.90625,1.90625,1.890625,1.890625,3600
1998-04-03,1.8224252462387085,1.84375,1.90625,1.84375,1.90625,7600
1998-04-06,1.7606481313705444,1.78125,1.84375,1.6875,1.75,79600
1998-04-07,1.7297595739364624,1.75,1.75,1.75,1.75,60400
1998-04-08,1.7297595739364624,1.75,1.75,1.75,1.75,2000
1998-04-09,1.7297595739364624,1.75,1.8125,1.71875,1.71875,4000
1998-04-13,1.7297595739364624,1.75,1.75,1.71875,1.71875,6000
1998-04-14,1.6370939016342163,1.65625,1.75,1.65625,1.75,21200
1998-04-15,1.6370939016342163,1.65625,1.65625,1.65625,1.65625,6000
1998-04-16,1.6062052249908447,1.625,1.625,1.59375,1.625,40800
1998-04-17,1.6679823398590088,1.6875,1.6875,1.625,1.625,6000
1998-04-20,1.6679823398590088,1.6875,1.6875,1.625,1.6875,4800
1998-04-21,1.6988710165023804,1.71875,1.71875,1.71875,1.71875,1200
1998-04-22,1.6988710165023804,1.71875,1.71875,1.71875,1.71875,4000
1998-04-23,1.6988710165023804,1.71875,1.71875,1.71875,1.71875,0
1998-04-24,1.6679823398590088,1.6875,1.71875,1.65625,1.65625,4800
1998-04-27,1.6062052249908447,1.625,1.625,1.625,1.625,800
1998-04-28,1.6062052249908447,1.625,1.625,1.625,1.625,0
1998-04-29,1.6370939016342163,1.65625,1.65625,1.65625,1.65625,10000
1998-04-30,1.7297595739364624,1.75,1.75,1.625,1.625,21200
1998-05-01,1.8224252462387085,1.84375,1.84375,1.84375,1.84375,2800
1998-05-04,1.7606481313705444,1.78125,1.78125,1.6875,1.75,6400
1998-05-05,1.7297595739364624,1.75,1.75,1.75,1.75,2000
1998-05-06,1.8533138036727905,1.875,1.875,1.859375,1.875,14800
1998-05-07,1.8533138036727905,1.875,1.875,1.875,1.875,0
1998-05-08,1.8533138036727905,1.875,1.875,1.875,1.875,0
1998-05-11,1.7915366888046265,1.8125,1.8125,1.8125,1.8125,8000
1998-05-12,1.7606481313705444,1.78125,1.84375,1.78125,1.84375,22000
1998-05-13,1.7915366888046265,1.8125,1.875,1.75,1.75,11600
1998-05-14,1.7606481313705444,1.78125,1.78125,1.78125,1.78125,1600
1998-05-15,1.7606481313705444,1.78125,1.78125,1.78125,1.78125,0
1998-05-18,1.7606481313705444,1.78125,1.78125,1.78125,1.78125,0
1998-05-19,1.7297595739364624,1.75,1.765625,1.75,1.75,16800
1998-05-20,1.6679823398590088,1.6875,1.6875,1.6875,1.6875,800
1998-05-21,1.6679823398590088,1.6875,1.6875,1.6875,1.6875,800
1998-05-22,1.7297595739364624,1.75,1.96875,1.75,1.96875,24000
1998-05-26,1.6679823398590088,1.6875,1.6875,1.6875,1.6875,16800
1998-05-27,1.6370939016342163,1.65625,1.6875,1.65625,1.6875,4800
1998-05-28,1.6062052249908447,1.625,1.625,1.625,1.625,8000
1998-05-29,1.6370939016342163,1.65625,1.65625,1.65625,1.65625,4000
1998-06-01,1.6062052249908447,1.625,1.6875,1.625,1.6875,8000
1998-06-02,1.5444281101226807,1.5625,1.625,1.5,1.5,19200
1998-06-03,1.6062052249908447,1.625,1.625,1.625,1.625,8000
1998-06-04,1.5598725080490112,1.578125,1.578125,1.578125,1.578125,2400
1998-06-05,1.5598725080490112,1.578125,1.578125,1.578125,1.578125,0
1998-06-08,1.5598725080490112,1.578125,1.578125,1.578125,1.578125,0
1998-06-09,1.6062052249908447,1.625,1.625,1.625,1.625,4000
1998-06-10,1.6062052249908447,1.625,1.625,1.625,1.625,0
1998-06-11,1.6062052249908447,1.625,1.625,1.625,1.625,0
1998-06-12,1.6062052249908447,1.625,1.625,1.625,1.625,0
1998-06-15,1.6062052249908447,1.625,1.625,1.625,1.625,0
1998-06-16,1.6679823398590088,1.6875,1.6875,1.65625,1.65625,4400
1998-06-17,1.5753167867660522,1.59375,1.59375,1.59375,1.59375,800
1998-06-18,1.5598725080490112,1.578125,1.59375,1.578125,1.59375,8000
1998-06-19,1.5444281101226807,1.5625,1.5625,1.5625,1.5625,7200
1998-06-22,1.5135396718978882,1.53125,1.53125,1.53125,1.53125,4000
1998-06-23,1.5444281101226807,1.5625,1.5625,1.5625,1.5625,4000
1998-06-24,1.5444281101226807,1.5625,1.5625,1.5,1.5,14800
1998-06-25,1.5444281101226807,1.5625,1.5625,1.5625,1.5625,0
1998-06-26,1.4826509952545166,1.5,1.5,1.5,1.5,1200
1998-06-29,1.5753167867660522,1.59375,1.59375,1.59375,1.59375,400
1998-06-30,1.4826509952545166,1.5,1.65625,1.5,1.65625,1600
1998-07-01,1.4826509952545166,1.5,1.5,1.5,1.5,0
1998-07-02,1.5135396718978882,1.53125,1.53125,1.53125,1.53125,400
1998-07-06,1.5135396718978882,1.53125,1.53125,1.53125,1.53125,12800
1998-07-07,1.5444281101226807,1.5625,1.5625,1.5,1.53125,60000
1998-07-08,1.5444281101226807,1.5625,1.625,1.5625,1.5625,3600
1998-07-09,1.5444281101226807,1.5625,1.5625,1.5625,1.5625,3200
1998-07-10,1.5444281101226807,1.5625,1.5625,1.5625,1.5625,0
1998-07-13,1.5444281101226807,1.5625,1.71875,1.5625,1.71875,2400
1998-07-14,1.4826509952545166,1.5,1.71875,1.5,1.71875,29600
1998-07-15,1.5135396718978882,1.53125,1.5625,1.46875,1.5625,48800
1998-07-16,1.4826509952545166,1.5,1.5,1.4375,1.4375,6800
1998-07-17,1.4826509952545166,1.5,1.5,1.5,1.5,4000
1998-07-20,1.4826509952545166,1.5,1.5,1.4375,1.4375,17200
1998-07-21,1.5135396718978882,1.53125,1.5625,1.5,1.5,18400
1998-07-22,1.4826509952545166,1.5,1.5,1.5,1.5,800
1998-07-23,1.5135396718978882,1.53125,1.5625,1.53125,1.5625,8800
1998-07-24,1.4980953931808472,1.515625,1.515625,1.46875,1.46875,11200
1998-07-27,1.5444281101226807,1.5625,1.5625,1.5,1.5,2000
1998-07-28,1.4826509952545166,1.5,1.5,1.5,1.5,17200
1998-07-29,1.5135396718978882,1.53125,1.53125,1.53125,1.53125,2400
1998-07-30,1.5135396718978882,1.53125,1.53125,1.515625,1.515625,12800
1998-07-31,1.5135396718978882,1.53125,1.53125,1.53125,1.53125,0
1998-08-03,1.4517624378204346,1.46875,1.5,1.46875,1.5,6800
1998-08-04,1.4517624378204346,1.46875,1.53125,1.46875,1.46875,5600
1998-08-05,1.4208738803863525,1.4375,1.4375,1.4375,1.4375,4800
1998-08-06,1.4826509952545166,1.5,1.5,1.5,1.5,4000
1998-08-07,1.4826509952545166,1.5,1.5,1.5,1.5,4000
1998-08-10,1.4826509952545166,1.5,1.5,1.46875,1.46875,2400
1998-08-11,1.4517624378204346,1.46875,1.46875,1.46875,1.46875,2400
1998-08-12,1.4826509952545166,1.5,1.5,1.4375,1.4375,800
1998-08-13,1.2973196506500244,1.3125,1.4375,1.3125,1.4375,68800
1998-08-14,1.2973196506500244,1.3125,1.3125,1.3125,1.3125,0
1998-08-17,1.3590967655181885,1.375,1.375,1.375,1.375,2000
1998-08-18,1.2355425357818604,1.25,1.375,1.125,1.375,51200
1998-08-19,1.3590967655181885,1.375,1.375,1.375,1.375,400
1998-08-20,1.3282082080841064,1.34375,1.34375,1.34375,1.34375,3200
1998-08-21,1.2200982570648193,1.234375,1.25,1.234375,1.25,8000
1998-08-24,1.2355425357818604,1.25,1.25,1.25,1.25,6400
1998-08-25,1.1428768634796143,1.15625,1.15625,1.15625,1.15625,2000
1998-08-26,1.1428768634796143,1.15625,1.15625,1.15625,1.15625,0
1998-08-27,1.1428768634796143,1.15625,1.15625,1.15625,1.15625,2800
1998-08-28,1.1428768634796143,1.15625,1.15625,1.15625,1.15625,0
1998-08-31,1.1737654209136963,1.1875,1.375,1.1875,1.375,21200
1998-09-01,1.3590967655181885,1.375,1.375,1.375,1.375,1200
1998-09-02,1.3590967655181885,1.375,1.375,1.28125,1.375,6800
1998-09-03,1.2664310932159424,1.28125,1.28125,1.09375,1.1875,78400
1998-09-04,1.2355425357818604,1.25,1.25,1.09375,1.25,91600
1998-09-08,1.2973196506500244,1.3125,1.46875,1.28125,1.28125,11600
1998-09-09,1.2973196506500244,1.3125,1.3125,1.3125,1.3125,0
1998-09-10,1.2664310932159424,1.28125,1.28125,1.28125,1.28125,7600
1998-09-11,1.2355425357818604,1.25,1.25,1.25,1.25,1600
1998-09-14,1.2355425357818604,1.25,1.25,1.25,1.25,4000
1998-09-15,1.2355425357818604,1.25,1.25,1.25,1.25,1600
1998-09-16,1.2355425357818604,1.25,1.25,1.21875,1.21875,6800
1998-09-17,1.2355425357818604,1.25,1.25,1.25,1.25,0
1998-09-18,1.2355425357818604,1.25,1.34375,1.25,1.34375,12400
1998-09-21,1.2973196506500244,1.3125,1.3125,1.15625,1.15625,8800
1998-09-22,1.3282082080841064,1.34375,1.34375,1.34375,1.34375,800
1998-09-23,1.3590967655181885,1.375,1.375,1.375,1.375,4000
1998-09-24,1.3282082080841064,1.34375,1.34375,1.34375,1.34375,800
1998-09-25,1.3282082080841064,1.34375,1.34375,1.34375,1.34375,0
1998-09-28,1.2355425357818604,1.25,1.25,1.25,1.25,4800
1998-09-29,1.2200982570648193,1.234375,1.25,1.234375,1.25,44000
1998-09-30,1.2664310932159424,1.28125,1.28125,1.25,1.28125,5600
1998-10-01,1.2664310932159424,1.28125,1.28125,1.28125,1.28125,0
1998-10-02,1.2664310932159424,1.28125,1.28125,1.28125,1.28125,0
1998-10-05,1.2664310932159424,1.28125,1.28125,1.28125,1.28125,0
1998-10-06,1.2355425357818604,1.25,1.25,1.25,1.25,3600
1998-10-07,1.2355425357818604,1.25,1.25,1.25,1.25,0
1998-10-08,1.1119883060455322,1.125,1.1875,1.125,1.1875,7200
1998-10-09,1.0502111911773682,1.0625,1.15625,1.0625,1.125,10400
1998-10-12,1.0810997486114502,1.09375,1.09375,1.09375,1.09375,13600
1998-10-13,1.1737654209136963,1.1875,1.1875,1.1875,1.1875,400
1998-10-14,1.0502111911773682,1.0625,1.0625,1.0625,1.0625,1600
1998-10-15,1.0502111911773682,1.0625,1.0625,1.0625,1.0625,0
1998-10-16,1.0502111911773682,1.0625,1.0625,1.0625,1.0625,0
1998-10-19,1.1119883060455322,1.125,1.125,1.125,1.125,400
1998-10-20,1.2046539783477783,1.21875,1.21875,1.1875,1.1875,6800
1998-10-21,1.2046539783477783,1.21875,1.25,1.21875,1.25,4800
1998-10-22,1.2355425357818604,1.25,1.359375,1.25,1.3125,24400
1998-10-23,1.3590967655181885,1.375,1.375,1.34375,1.34375,16400
1998-10-26,1.3590967655181885,1.375,1.375,1.375,1.375,2000
1998-10-27,1.3282082080841064,1.34375,1.375,1.34375,1.359375,18000
1998-10-28,1.3590967655181885,1.375,1.375,1.375,1.375,4800
1998-10-29,1.3282082080841064,1.34375,1.34375,1.34375,1.34375,6000
1998-10-30,1.3282082080841064,1.34375,1.34375,1.34375,1.34375,0
1998-11-02,1.3590967655181885,1.375,1.375,1.375,1.375,8800
1998-11-03,1.4208738803863525,1.4375,1.5,1.4375,1.5,2400
1998-11-04,1.5444281101226807,1.5625,1.5625,1.4375,1.4375,25200
1998-11-05,1.5444281101226807,1.5625,1.5625,1.5625,1.5625,7200
1998-11-06,1.4826509952545166,1.5,1.5,1.5,1.5,2400
1998-11-09,1.4208738803863525,1.4375,1.4375,1.4375,1.4375,2400
1998-11-10,1.4826509952545166,1.5,1.5,1.5,1.5,400
1998-11-11,1.3899853229522705,1.40625,1.4375,1.40625,1.40625,23600
1998-11-12,1.3590967655181885,1.375,1.5,1.3125,1.5,10400
1998-11-13,1.2973196506500244,1.3125,1.34375,1.3125,1.34375,4400
1998-11-16,1.2973196506500244,1.3125,1.3125,1.3125,1.3125,0
1998-11-17,1.2664310932159424,1.28125,1.28125,1.28125,1.28125,400
1998-11-18,1.2664310932159424,1.28125,1.3125,1.28125,1.28125,20000
1998-11-19,1.2664310932159424,1.28125,1.28125,1.25,1.28125,7600
1998-11-20,1.2355425357818604,1.25,1.28125,1.25,1.28125,4400
1998-11-23,1.2355425357818604,1.25,1.25,1.25,1.25,1200
1998-11-24,1.1737654209136963,1.1875,1.25,1.078125,1.25,26400
1998-11-25,1.1737654209136963,1.1875,1.1875,1.1875,1.1875,16400
1998-11-27,1.1119883060455322,1.125,1.125,1.125,1.125,4000
1998-11-30,1.1274325847625732,1.140625,1.1875,1.140625,1.1875,4000
1998-12-01,1.1274325847625732,1.140625,1.140625,1.140625,1.140625,0
1998-12-02,1.1737654209136963,1.1875,1.25,1.1875,1.25,6400
1998-12-03,1.1428768634796143,1.15625,1.1875,1.15625,1.1875,6400
1998-12-04,1.2973196506500244,1.3125,1.3125,1.1875,1.1875,14400
1998-12-07,1.2973196506500244,1.3125,1.3125,1.3125,1.3125,14400
1998-12-08,1.1737654209136963,1.1875,1.3125,1.09375,1.3125,4800
1998-12-09,1.2355425357818604,1.25,1.25,1.1875,1.25,4000
1998-12-10,1.2355425357818604,1.25,1.25,1.25,1.25,1600
1998-12-11,1.2355425357818604,1.25,1.25,1.25,1.25,0
1998-12-14,1.2355425357818604,1.25,1.25,1.25,1.25,0
1998-12-15,1.1737654209136963,1.1875,1.1875,1.15625,1.1875,10800
1998-12-16,1.1737654209136963,1.1875,1.1875,1.1875,1.1875,20400
1998-12-17,1.1737654209136963,1.1875,1.1875,1.1875,1.1875,0
1998-12-18,1.1119883060455322,1.125,1.125,1.09375,1.09375,20800
1998-12-21,0.9575454592704773,0.96875,1.125,0.75,1.0625,38400
1998-12-22,0.9266569018363953,0.9375,1.0,0.875,0.96875,143200
1998-12-23,1.0193226337432861,1.03125,1.125,0.9375,0.9375,22800
1998-12-24,1.0502111911773682,1.0625,1.0625,1.0625,1.0625,4000
1998-12-28,1.0502111911773682,1.0625,1.09375,1.0,1.09375,43200
1998-12-29,0.9884340167045593,1.0,1.0625,1.0,1.0625,3200
1998-12-30,1.0193226337432861,1.03125,1.046875,1.0,1.0,22800
1998-12-31,0.9884340167045593,1.0,1.03125,1.0,1.0,14000
1999-01-04,1.0502111911773682,1.0625,1.0625,1.0625,1.0625,4000
1999-01-05,1.0502111911773682,1.0625,1.0625,1.0625,1.0625,0
1999-01-06,0.9884340167045593,1.0,1.0,0.96875,1.0,29600
1999-01-07,0.9884340167045593,1.0,1.0,1.0,1.0,6400
1999-01-08,0.9575454592704773,0.96875,1.0,0.96875,1.0,10400
1999-01-11,0.8957683444023132,0.90625,1.0,0.90625,0.90625,3200
1999-01-12,0.8957683444023132,0.90625,0.90625,0.90625,0.90625,800
1999-01-13,0.9266569018363953,0.9375,0.9375,0.9375,0.9375,2400
1999-01-14,0.9884340167045593,1.0,1.03125,1.0,1.0,17200
1999-01-15,0.9884340167045593,1.0,1.0,1.0,1.0,4000
1999-01-19,1.0502111911773682,1.0625,1.0625,1.0625,1.0625,400
1999-01-20,1.0502111911773682,1.0625,1.0625,1.0,1.046875,43600
1999-01-21,0.9884340167045593,1.0,1.0,1.0,1.0,400
1999-01-22,1.0347667932510376,1.046875,1.0625,1.0,1.0,21600
1999-01-25,1.0347667932510376,1.046875,1.046875,1.046875,1.046875,0
1999-01-26,1.0193226337432861,1.03125,1.046875,1.03125,1.03125,21200
1999-01-27,0.9884340167045593,1.0,1.0,1.0,1.0,4400
1999-01-28,0.9884340167045593,1.0,1.0,1.0,1.0,8800
1999-01-29,0.9575454592704773,0.96875,1.0,0.96875,1.0,19200
1999-02-01,0.9575454592704773,0.96875,0.96875,0.9375,0.9375,4800
1999-02-02,0.9575454592704773,0.96875,0.96875,0.96875,0.96875,4000
1999-02-03,0.9575454592704773,0.96875,0.96875,0.96875,0.96875,4000
1999-02-04,0.9884340167045593,1.0,1.0625,0.984375,1.0,21200
1999-02-05,1.0193226337432861,1.03125,1.125,0.984375,1.125,16800
1999-02-08,1.0502111911773682,1.0625,1.0625,1.0625,1.0625,1600
1999-02-09,1.0193226337432861,1.03125,1.03125,1.03125,1.03125,8000
1999-02-10,1.0193226337432861,1.03125,1.03125,1.03125,1.03125,0
1999-02-11,0.9884340167045593,1.0,1.0,1.0,1.0,1600
1999-02-12,1.2355425357818604,1.25,1.25,1.25,1.25,2000
1999-02-16,0.9884340167045593,1.0,1.0,0.96875,1.0,10800
1999-02-17,0.9575454592704773,0.96875,1.0,0.96875,1.0,10000
1999-02-18,0.9884340167045593,1.0,1.0,1.0,1.0,4000
1999-02-19,0.9266569018363953,0.9375,0.953125,0.875,0.890625,53200
1999-02-22,0.9112126231193542,0.921875,0.9375,0.921875,0.9375,7200
1999-02-23,0.9112126231193542,0.921875,0.921875,0.921875,0.921875,0
1999-02-24,0.8957683444023132,0.90625,0.9375,0.875,0.875,42000
1999-02-25,0.8957683444023132,0.90625,0.90625,0.90625,0.90625,0
1999-02-26,0.8957683444023132,0.90625,0.90625,0.90625,0.90625,8000
1999-03-01,0.8648797869682312,0.875,0.875,0.875,0.875,2000
1999-03-02,0.9729897379875183,0.984375,0.984375,0.984375,0.984375,4000
1999-03-03,0.9729897379875183,0.984375,0.984375,0.984375,0.984375,2000
1999-03-04,0.9729897379875183,0.984375,0.984375,0.984375,0.984375,4000
1999-03-05,0.9884340167045593,1.0,1.0,0.90625,0.90625,1200
1999-03-08,1.0193226337432861,1.03125,1.03125,0.90625,0.90625,35200
1999-03-09,1.0193226337432861,1.03125,1.0625,1.03125,1.0625,19600
1999-03-10,1.0193226337432861,1.03125,1.03125,1.015625,1.03125,11600
1999-03-11,1.0193226337432861,1.03125,1.03125,1.03125,1.03125,0
1999-03-12,1.0193226337432861,1.03125,1.03125,1.03125,1.03125,400
1999-03-15,1.0502111911773682,1.0625,1.0625,1.03125,1.03125,24400
1999-03-16,0.9112126231193542,0.921875,1.109375,0.921875,1.109375,30400
1999-03-17,0.9575454592704773,0.96875,1.015625,0.96875,1.015625,5200
1999-03-18,0.9884340167045593,1.0,1.0,1.0,1.0,3200
1999-03-19,0.9884340167045593,1.0,1.03125,0.90625,1.03125,19200
1999-03-22,0.9266569018363953,0.9375,0.9375,0.9375,0.9375,8000
1999-03-23,0.9266569018363953,0.9375,0.9375,0.9375,0.9375,13600
1999-03-24,0.9266569018363953,0.9375,1.0,0.890625,1.0,13600
1999-03-25,0.9575454592704773,0.96875,0.96875,0.9375,0.9375,17600
1999-03-26,0.9884340167045593,1.0,1.0,1.0,1.0,5200
1999-03-29,1.1119883060455322,1.125,1.125,1.03125,1.03125,30800
1999-03-30,1.1119883060455322,1.125,1.125,1.09375,1.09375,5600
1999-03-31,0.9884340167045593,1.0,1.09375,0.9375,1.0625,61200
1999-04-01,0.9575454592704773,0.96875,1.0,0.96875,1.0,14000
1999-04-05,0.9884340167045593,1.0,1.0,0.890625,0.890625,6800
1999-04-06,0.9884340167045593,1.0,1.0,1.0,1.0,0
1999-04-07,0.9884340167045593,1.0,1.0,0.9375,0.9375,11200
1999-04-08,0.9575454592704773,0.96875,1.0,0.96875,1.0,20000
1999-04-09,1.0502111911773682,1.0625,1.0625,1.0,1.0,20800
1999-04-12,0.9884340167045593,1.0,1.0,1.0,1.0,17600
1999-04-13,1.1119883060455322,1.125,1.125,1.0625,1.0625,21200
1999-04-14,1.0193226337432861,1.03125,1.125,1.03125,1.125,27200
1999-04-15,1.0193226337432861,1.03125,1.03125,1.015625,1.015625,7600
1999-04-16,1.0502111911773682,1.0625,1.0625,1.0,1.0,7200
1999-04-19,0.9266569018363953,0.9375,1.0625,0.9375,1.0625,22000
1999-04-20,0.9884340167045593,1.0,1.0,1.0,1.0,8000
1999-04-21,0.9884340167045593,1.0,1.0,1.0,1.0,0
1999-04-22,1.1119883060455322,1.125,1.125,1.046875,1.0625,53600
1999-04-23,1.0502111911773682,1.0625,1.0625,1.0625,1.0625,4000
1999-04-26,1.0347667932510376,1.046875,1.0625,1.046875,1.0625,21200
1999-04-27,0.9112126231193542,0.921875,0.921875,0.921875,0.921875,800
1999-04-28,1.0502111911773682,1.0625,1.125,1.015625,1.125,18400
1999-04-29,1.0965439081192017,1.109375,1.109375,1.109375,1.109375,2000
1999-04-30,1.0810997486114502,1.09375,1.09375,1.09375,1.09375,11600
1999-05-03,1.0810997486114502,1.09375,1.09375,1.09375,1.09375,0
1999-05-04,0.9575454592704773,0.96875,1.125,0.96875,1.125,13200
1999-05-05,1.1737654209136963,1.1875,1.1875,1.09375,1.09375,22800
1999-05-06,1.1119883060455322,1.125,1.125,1.109375,1.125,26000
1999-05-07,1.1119883060455322,1.125,1.125,1.125,1.125,2000
1999-05-10,1.0965439081192017,1.109375,1.15625,1.109375,1.15625,28000
1999-05-11,0.9884340167045593,1.0,1.0625,0.96875,1.0625,33600
1999-05-12,1.0502111911773682,1.0625,1.078125,1.0625,1.078125,12000
1999-05-13,1.0116009712219238,1.0234379768371582,1.09375,1.015625,1.09375,12800
1999-05-14,1.2355425357818604,1.25,1.25,1.0625,1.0625,65200
1999-05-17,1.2355425357818604,1.25,1.28125,1.25,1.25,62400
1999-05-18,1.2200982570648193,1.234375,1.3125,1.234375,1.3125,10800
1999-05-19,1.2355425357818604,1.25,1.3125,1.234375,1.234375,20800
1999-05-20,1.2509868144989014,1.265625,1.3125,1.25,1.25,28000
1999-05-21,1.3282082080841064,1.34375,1.375,1.34375,1.375,9600
1999-05-24,1.2973196506500244,1.3125,1.34375,1.3125,1.34375,18800
1999-05-25,1.2973196506500244,1.3125,1.34375,1.28125,1.3125,34400
1999-05-26,1.2973196506500244,1.3125,1.34375,1.3125,1.34375,2800
1999-05-27,1.2973196506500244,1.3125,1.375,1.3125,1.375,10000
1999-05-28,1.3282082080841064,1.34375,1.34375,1.34375,1.34375,4000
1999-06-01,1.2973196506500244,1.3125,1.359375,1.3125,1.34375,35600
1999-06-02,1.2973196506500244,1.3125,1.375,1.3125,1.375,14400
1999-06-03,1.3590967655181885,1.375,1.375,1.3125,1.3125,2000
1999-06-04,1.3590967655181885,1.375,1.375,1.375,1.375,2000
1999-06-07,1.3590967655181885,1.375,1.375,1.375,1.375,0
1999-06-08,1.2973196506500244,1.3125,1.3125,1.3125,1.3125,10400
1999-06-09,1.3590967655181885,1.375,1.375,1.3125,1.3125,24400
1999-06-10,1.3590967655181885,1.375,1.375,1.375,1.375,32000
1999-06-11,1.4208738803863525,1.4375,1.4375,1.4375,1.4375,3600
1999-06-14,1.3899853229522705,1.40625,1.46875,1.40625,1.46875,7200
1999-06-15,1.4826509952545166,1.5,1.5,1.4375,1.4375,5600
1999-06-16,1.5753167867660522,1.59375,1.59375,1.5,1.5,80800
1999-06-17,1.7297595739364624,1.75,1.796875,1.6875,1.6875,43200
1999-06-18,1.9459794759750366,1.96875,1.96875,1.8125,1.8125,137200
1999-06-21,1.7915366888046265,1.8125,1.890625,1.75,1.890625,37600
1999-06-22,1.7297595739364624,1.75,1.78125,1.75,1.78125,10400
1999-06-23,1.8224252462387085,1.84375,1.84375,1.75,1.8125,24000
1999-06-24,1.8224252462387085,1.84375,1.875,1.84375,1.875,38800
1999-06-25,1.7606481313705444,1.78125,1.84375,1.78125,1.84375,17200
1999-06-28,1.6216496229171753,1.640625,1.75,1.640625,1.671875,22000
1999-06-29,1.6216496229171753,1.640625,1.703125,1.640625,1.640625,8000
1999-06-30,1.6679823398590088,1.6875,1.71875,1.6875,1.71875,20000
1999-07-01,1.6679823398590088,1.6875,1.71875,1.65625,1.6875,8000
1999-07-02,1.6370939016342163,1.65625,1.65625,1.65625,1.65625,400
1999-07-06,1.6525381803512573,1.671875,1.671875,1.53125,1.53125,24400
1999-07-07,1.6062052249908447,1.625,1.625,1.625,1.625,8400
1999-07-08,1.5289838314056396,1.546875,1.546875,1.53125,1.53125,22400
1999-07-09,1.5753167867660522,1.59375,1.59375,1.5625,1.59375,28400
1999-07-12,1.7297595739364624,1.75,1.75,1.59375,1.640625,79600
1999-07-13,1.7760924100875854,1.796875,1.9375,1.75,1.75,56800
1999-07-14,1.7760924100875854,1.796875,1.84375,1.796875,1.84375,9600
1999-07-15,1.8224252462387085,1.84375,1.875,1.765625,1.78125,63200
1999-07-16,1.8996466398239136,1.921875,1.9375,1.90625,1.90625,52000
1999-07-19,1.9189517498016357,1.941406011581421,1.96875,1.921875,1.9375,100000
1999-07-20,2.069533586502075,2.09375,2.375,1.9375,1.953125,152800
1999-07-21,2.0386452674865723,2.0625,2.09375,1.96875,2.0625,59600
1999-07-22,1.9459794759750366,1.96875,2.25,1.96875,2.109375,61600
1999-07-23,2.0386452674865723,2.0625,2.0625,1.96875,1.96875,2800
1999-07-26,1.9459794759750366,1.96875,2.0625,1.96875,2.0625,7600
1999-07-27,1.9150909185409546,1.9375,1.9375,1.875,1.9375,11600
1999-07-28,1.8533138036727905,1.875,1.9140629768371582,1.875,1.9140629768371582,12400
1999-07-29,2.069533586502075,2.09375,2.15625,1.984375,1.984375,108800
1999-07-30,2.069533586502075,2.09375,2.15625,2.09375,2.15625,8000
1999-08-02,2.0386452674865723,2.0625,2.0625,1.96875,2.0,57200
1999-08-03,2.069533586502075,2.09375,2.09375,2.09375,2.09375,12800
1999-08-04,2.1004223823547363,2.125,2.125,2.09375,2.09375,30800
1999-08-05,2.084977865219116,2.109375,2.125,2.109375,2.125,36400
1999-08-06,2.0077567100524902,2.03125,2.03125,1.984375,1.984375,8800
1999-08-09,1.9923123121261597,2.015625,2.03125,2.0,2.0,6800
1999-08-10,1.9614237546920776,1.984375,2.125,1.984375,2.09375,68400
1999-08-11,1.8842023611068726,1.90625,1.9375,1.90625,1.9375,4400
1999-08-12,1.8842023611068726,1.90625,2.0,1.90625,1.90625,16400
1999-08-13,1.8842023611068726,1.90625,1.9375,1.90625,1.9375,1200
1999-08-16,1.8378695249557495,1.859375,1.859375,1.859375,1.859375,400
1999-08-17,1.8224252462387085,1.84375,1.90625,1.6875,1.90625,20000
1999-08-18,1.6062052249908447,1.625,1.75,1.5,1.75,80000
1999-08-19,1.5444281101226807,1.5625,1.5625,1.5625,1.5625,8000
1999-08-20,1.5444281101226807,1.5625,1.5625,1.5625,1.5625,31600
1999-08-23,1.5444281101226807,1.5625,1.5625,1.5625,1.5625,0
1999-08-24,1.5753167867660522,1.59375,1.640625,1.515625,1.5625,54000
1999-08-25,1.6216496229171753,1.640625,1.640625,1.5625,1.578125,4800
1999-08-26,1.7297595739364624,1.75,1.75,1.5625,1.578125,30000
1999-08-27,1.8533138036727905,1.875,1.875,1.75,1.75,33600
1999-08-30,1.8533138036727905,1.875,1.875,1.84375,1.875,11600
1999-08-31,1.9073692560195923,1.9296879768371582,1.9375,1.859375,1.875,16400
1999-09-01,1.8842023611068726,1.90625,1.90625,1.765625,1.90625,46800
1999-09-02,2.069533586502075,2.09375,2.296875,1.84375,1.84375,95600
1999-09-03,2.1004223823547363,2.125,2.25,2.09375,2.09375,51200
1999-09-07,2.1621994972229004,2.1875,2.25,2.03125,2.125,157200
1999-09-08,2.2239766120910645,2.25,2.25,2.125,2.1875,108000
1999-09-09,2.1467552185058594,2.171875,2.234375,2.09375,2.234375,85200
1999-09-10,1.9614237546920776,1.984375,2.101562976837158,1.96875,2.046875,39600
1999-09-13,2.054089307785034,2.078125,2.078125,1.96875,1.984375,32400
1999-09-14,2.0386452674865723,2.0625,2.117187976837158,2.046875,2.0625,52400
1999-09-15,2.069533586502075,2.09375,2.09375,2.078125,2.078125,18000
1999-09-16,2.0077567100524902,2.03125,2.085937976837158,2.03125,2.085937976837158,32000
1999-09-17,2.03092360496521,2.054687976837158,2.054687976837158,2.054687976837158,2.054687976837158,9600
1999-09-20,2.069533586502075,2.09375,2.09375,2.015625,2.03125,16400
1999-09-21,2.0386452674865723,2.0625,2.089843988418579,1.953125,2.078125,59200
1999-09-22,2.092700719833374,2.117187976837158,2.117187976837158,2.054687976837158,2.054687976837158,25200
1999-09-23,1.7452038526535034,1.765625,2.09375,1.765625,2.082031011581421,12800
1999-09-24,2.054089307785034,2.078125,2.109375,1.875,1.875,40400
1999-09-27,2.1158666610717773,2.140625,2.140625,2.0625,2.09375,138400
1999-09-28,2.1776437759399414,2.203125,2.234375,2.09375,2.171875,73600
1999-09-29,2.1313109397888184,2.15625,2.15625,2.15625,2.15625,4400
1999-09-30,1.8842023611068726,1.90625,2.03125,1.7578129768371582,1.78125,154800
1999-10-01,1.8533138036727905,1.875,1.953125,1.828125,1.890625,26000
1999-10-04,2.084977865219116,2.109375,2.125,1.953125,1.953125,41600
1999-10-05,2.069533586502075,2.09375,2.125,2.0625,2.0625,14000
1999-10-06,2.0077567100524902,2.03125,2.15625,2.03125,2.09375,36800
1999-10-07,1.8996466398239136,1.921875,2.039062976837158,1.875,2.039062976837158,43600
1999-10-08,1.7529264688491821,1.7734379768371582,1.96875,1.7734379768371582,1.875,30400
1999-10-11,1.7683707475662231,1.7890629768371582,1.7890629768371582,1.7890629768371582,1.7890629768371582,2800
1999-10-12,1.7297595739364624,1.75,1.8125,1.75,1.8125,26400
1999-10-13,1.9768680334091187,2.0,2.03125,1.734375,1.75,75200
1999-10-14,1.9150909185409546,1.9375,1.9375,1.9375,1.9375,400
1999-10-15,1.9150909185409546,1.9375,1.9375,1.90625,1.9296879768371582,45600
1999-10-18,1.9768680334091187,2.0,2.0,1.875,1.875,52000
1999-10-19,2.0077567100524902,2.03125,2.0625,1.9765629768371582,1.9765629768371582,47600
1999-10-20,2.1004223823547363,2.125,2.15625,2.03125,2.03125,32400
1999-10-21,2.1313109397888184,2.15625,2.15625,2.09375,2.09375,18400
1999-10-22,2.1004223823547363,2.125,2.15625,2.109375,2.132812976837158,21200
1999-10-25,2.1004223823547363,2.125,2.125,2.09375,2.09375,2800
1999-10-26,2.084977865219116,2.109375,2.15625,2.078125,2.09375,24800
1999-10-27,2.0077567100524902,2.03125,2.03125,2.03125,2.03125,3600
1999-10-28,1.9768680334091187,2.0,2.015625,2.0,2.0,18000
1999-10-29,1.8842023611068726,1.90625,2.03125,1.90625,2.03125,4400
1999-11-01,1.9150909185409546,1.9375,1.9765629768371582,1.9375,1.9765629768371582,7600
1999-11-02,1.8842023611068726,1.90625,1.90625,1.90625,1.90625,9200
1999-11-03,2.0077567100524902,2.03125,2.03125,1.90625,1.90625,10800
1999-11-04,1.8533138036727905,1.875,1.890625,1.875,1.890625,20800
1999-11-05,1.8533138036727905,1.875,2.03125,1.875,1.984375,32000
1999-11-08,1.8224252462387085,1.84375,1.875,1.84375,1.875,4400
1999-11-09,1.8224252462387085,1.84375,1.84375,1.84375,1.84375,0
1999-11-10,1.9150909185409546,1.9375,1.9375,1.875,1.875,12400
1999-11-11,1.8533138036727905,1.875,2.03125,1.875,2.03125,6800
1999-11-12,1.8533138036727905,1.875,1.875,1.875,1.875,12000
1999-11-15,1.8533138036727905,1.875,1.875,1.875,1.875,0
1999-11-16,1.9150909185409546,1.9375,1.9375,1.8125,1.8125,17600
1999-11-17,1.9150909185409546,1.9375,1.9375,1.9375,1.9375,7600
1999-11-18,1.9150909185409546,1.9375,1.9375,1.8125,1.890625,49200
1999-11-19,1.8224252462387085,1.84375,1.84375,1.84375,1.84375,8800
1999-11-22,1.6679823398590088,1.6875,1.875,1.6875,1.859375,59600
1999-11-23,1.7143152952194214,1.734375,1.734375,1.6875,1.6875,36000
1999-11-24,1.7143152952194214,1.734375,1.734375,1.734375,1.734375,0
1999-11-26,1.8224252462387085,1.84375,1.84375,1.84375,1.84375,12800
1999-11-29,1.7297595739364624,1.75,1.75,1.75,1.75,1200
1999-11-30,1.7297595739364624,1.75,1.75,1.75,1.75,2000
1999-12-01,1.7297595739364624,1.75,1.796875,1.75,1.796875,3600
1999-12-02,1.9150909185409546,1.9375,1.9375,1.75,1.75,8800
1999-12-03,1.8224252462387085,1.84375,1.84375,1.75,1.84375,25600
1999-12-06,1.7683707475662231,1.7890629768371582,1.7890629768371582,1.7890629768371582,1.7890629768371582,400
1999-12-07,1.7683707475662231,1.7890629768371582,1.7890629768371582,1.7890629768371582,1.7890629768371582,0
1999-12-08,1.7297595739364624,1.75,1.7890629768371582,1.75,1.7890629768371582,6000
1999-12-09,1.7297595739364624,1.75,1.75,1.75,1.75,18000
1999-12-10,1.6679823398590088,1.6875,1.6875,1.6875,1.6875,2000
1999-12-13,1.7297595739364624,1.75,1.75,1.75,1.75,10400
1999-12-14,1.6988710165023804,1.71875,1.75,1.6875,1.75,8400
1999-12-15,1.6988710165023804,1.71875,1.71875,1.59375,1.6875,32000
1999-12-16,1.6062052249908447,1.625,1.625,1.609375,1.609375,14000
1999-12-17,1.7143152952194214,1.734375,1.78125,1.6796879768371582,1.6796879768371582,55600
1999-12-20,1.7143152952194214,1.734375,1.734375,1.734375,1.734375,0
1999-12-21,1.5907609462738037,1.609375,1.6796879768371582,1.609375,1.6796879768371582,4400
1999-12-22,1.6370939016342163,1.65625,1.6875,1.65625,1.6875,12000
1999-12-23,1.6525381803512573,1.671875,1.671875,1.671875,1.671875,800
1999-12-27,1.5753167867660522,1.59375,1.640625,1.59375,1.640625,27200
1999-12-28,1.5135396718978882,1.53125,1.625,1.515625,1.515625,26000
1999-12-29,1.5444281101226807,1.5625,1.5625,1.5625,1.5625,27600
1999-12-30,1.7297595739364624,1.75,2.0,1.609375,1.609375,80400
1999-12-31,1.7915366888046265,1.8125,1.8125,1.8125,1.8125,13200
2000-01-03,1.5753167867660522,1.59375,1.59375,1.59375,1.59375,4000
2000-01-04,1.6062052249908447,1.625,1.625,1.625,1.625,1600
2000-01-05,1.6062052249908447,1.625,1.625,1.625,1.625,0
2000-01-06,1.6679823398590088,1.6875,1.6875,1.625,1.625,4400
2000-01-07,1.6370939016342163,1.65625,1.65625,1.53125,1.625,13600
2000-01-10,1.7297595739364624,1.75,1.75,1.5859379768371582,1.609375,15600
2000-01-11,1.7297595739364624,1.75,1.75,1.75,1.75,0
2000-01-12,1.7297595739364624,1.75,1.75,1.75,1.75,400
2000-01-13,1.7143152952194214,1.734375,1.734375,1.734375,1.734375,400
2000-01-14,1.7297595739364624,1.75,1.75,1.75,1.75,1600
2000-01-18,1.6679823398590088,1.6875,1.6875,1.6875,1.6875,6000
2000-01-19,1.7297595739364624,1.75,1.75,1.6875,1.6875,6000
2000-01-20,1.7297595739364624,1.75,1.75,1.75,1.75,2400
2000-01-21,1.6216496229171753,1.640625,1.6875,1.609375,1.609375,27600
2000-01-24,1.6370939016342163,1.65625,1.6875,1.625,1.65625,11200
2000-01-25,1.6679823398590088,1.6875,1.6875,1.578125,1.578125,10400
2000-01-26,1.7143152952194214,1.734375,1.734375,1.6328129768371582,1.6328129768371582,22400
2000-01-27,1.6679823398590088,1.6875,1.6875,1.6875,1.6875,2000
2000-01-28,1.7143152952194214,1.734375,1.75,1.71875,1.75,23200
2000-01-31,1.8533138036727905,1.875,1.890625,1.75,1.75,86800
2000-02-01,1.8533138036727905,1.875,1.9140629768371582,1.875,1.9140629768371582,2000
2000-02-02,1.8147035837173462,1.8359379768371582,1.84375,1.828125,1.84375,31600
2000-02-03,1.8224252462387085,1.84375,1.84375,1.84375,1.84375,9200
2000-02-04,1.7297595739364624,1.75,1.875,1.75,1.84375,22400
2000-02-07,1.8069809675216675,1.828125,1.9375,1.828125,1.875,34400
2000-02-08,1.8842023611068726,1.90625,1.921875,1.828125,1.828125,3200
2000-02-09,1.8378695249557495,1.859375,1.875,1.859375,1.875,3600
2000-02-10,1.8069809675216675,1.828125,1.859375,1.828125,1.84375,12000
2000-02-11,1.8378695249557495,1.859375,1.859375,1.859375,1.859375,400
2000-02-14,1.7452038526535034,1.765625,1.828125,1.765625,1.828125,24800
2000-02-15,1.7297595739364624,1.75,1.765625,1.75,1.765625,10800
2000-02-16,1.7143152952194214,1.734375,1.765625,1.734375,1.765625,16800
2000-02-17,1.868758201599121,1.890625,1.890625,1.734375,1.734375,17200
2000-02-18,1.8224252462387085,1.84375,1.84375,1.84375,1.84375,12800
2000-02-22,1.8533138036727905,1.875,1.875,1.859375,1.859375,6000
2000-02-23,1.8533138036727905,1.875,1.875,1.875,1.875,400
2000-02-24,1.7452038526535034,1.765625,1.765625,1.765625,1.765625,6800
2000-02-25,1.6988710165023804,1.71875,1.765625,1.71875,1.765625,12800
2000-02-28,1.6370939016342163,1.65625,1.703125,1.640625,1.703125,8400
2000-02-29,1.6370939016342163,1.65625,1.65625,1.65625,1.65625,0
2000-03-01,1.6062052249908447,1.625,1.65625,1.625,1.65625,13200
2000-03-02,1.6062052249908447,1.625,1.625,1.625,1.625,1200
2000-03-03,1.640954613685608,1.660156011581421,1.660156011581421,1.65625,1.65625,2000
2000-03-06,1.6525381803512573,1.671875,1.671875,1.65625,1.65625,4400
2000-03-07,1.5984835624694824,1.6171879768371582,1.75,1.59375,1.75,29600
2000-03-08,1.4826509952545166,1.5,1.6171879768371582,1.5,1.6171879768371582,14000
2000-03-09,1.5135396718978882,1.53125,1.5625,1.53125,1.5625,8000
2000-03-10,1.5135396718978882,1.53125,1.53125,1.53125,1.53125,7600
2000-03-13,1.436318278312683,1.453125,1.53125,1.25,1.53125,41200
2000-03-14,1.4826509952545166,1.5,1.5,1.4375,1.4375,12000
2000-03-15,1.4517624378204346,1.46875,1.5625,1.46875,1.484375,38000
2000-03-16,1.4826509952545166,1.5,1.5,1.5,1.5,4000
2000-03-17,1.5135396718978882,1.53125,1.53125,1.5,1.5,13600
2000-03-20,1.6062052249908447,1.625,1.625,1.5625,1.5625,24800
2000-03-21,1.6062052249908447,1.625,1.625,1.625,1.625,10400
2000-03-22,1.6062052249908447,1.625,1.625,1.5,1.515625,10000
2000-03-23,1.6062052249908447,1.625,1.625,1.5625,1.625,24400
2000-03-24,1.6062052249908447,1.625,1.625,1.5,1.5625,24800
2000-03-27,1.4826509952545166,1.5,1.625,1.5,1.625,3200
2000-03-28,1.6062052249908447,1.625,1.625,1.5625,1.5625,9600
2000-03-29,1.5444281101226807,1.5625,1.625,1.5625,1.5625,45600
2000-03-30,1.5444281101226807,1.5625,1.6875,1.5,1.5625,34000
2000-03-31,1.6062052249908447,1.625,1.625,1.625,1.625,1600
2000-04-03,1.5482890605926514,1.566406011581421,1.566406011581421,1.566406011581421,1.566406011581421,800
2000-04-04,1.6062052249908447,1.625,1.625,1.5,1.5,20400
2000-04-05,1.6062052249908447,1.625,1.625,1.5,1.625,24800
2000-04-06,1.6062052249908447,1.625,1.625,1.625,1.625,0
2000-04-07,1.6062052249908447,1.625,1.625,1.625,1.625,3200
2000-04-10,1.5753167867660522,1.59375,1.59375,1.59375,1.59375,3600
2000-04-11,1.6062052249908447,1.625,1.625,1.625,1.625,6800
2000-04-12,1.5444281101226807,1.5625,1.5625,1.5625,1.5625,1600
2000-04-13,1.6062052249908447,1.625,1.625,1.625,1.625,6000
2000-04-14,1.5444281101226807,1.5625,1.5625,1.4375,1.5625,13200
2000-04-17,1.5444281101226807,1.5625,1.5625,1.4375,1.4375,2800
2000-04-18,1.5444281101226807,1.5625,1.5625,1.25,1.25,23200
2000-04-19,1.4826509952545166,1.5,1.5,1.40625,1.40625,2800
2000-04-20,1.4826509952545166,1.5,1.5,1.5,1.5,0
2000-04-24,1.4826509952545166,1.5,1.5,1.5,1.5,4000
2000-04-25,1.4517624378204346,1.46875,1.46875,1.46875,1.46875,1200
2000-04-26,1.5135396718978882,1.53125,1.5625,1.375,1.4609379768371582,50800
2000-04-27,1.5135396718978882,1.53125,1.53125,1.53125,1.53125,0
2000-04-28,1.5135396718978882,1.53125,1.53125,1.53125,1.53125,0
2000-05-01,1.4826509952545166,1.5,1.5,1.421875,1.5,12400
2000-05-02,1.4517624378204346,1.46875,1.46875,1.25,1.359375,38400
2000-05-03,1.3590967655181885,1.375,1.625,1.375,1.390625,43600
2000-05-04,1.6216496229171753,1.640625,1.671875,1.640625,1.65625,42800
2000-05-05,1.6834267377853394,1.703125,1.703125,1.640625,1.65625,13200
2000-05-08,1.6525381803512573,1.671875,1.671875,1.640625,1.640625,8800
2000-05-09,1.6216496229171753,1.640625,1.671875,1.5625,1.671875,25200
2000-05-10,1.6216496229171753,1.640625,1.640625,1.640625,1.640625,1200
2000-05-11,1.6370939016342163,1.65625,1.65625,1.59375,1.59375,18400
2000-05-12,1.6679823398590088,1.6875,1.6875,1.625,1.625,22800
2000-05-15,1.6370939016342163,1.65625,1.65625,1.65625,1.65625,2800
2000-05-16,1.6679823398590088,1.6875,1.6875,1.625,1.65625,36400
2000-05-17,1.6216496229171753,1.640625,1.65625,1.640625,1.65625,6400
2000-05-18,1.6679823398590088,1.6875,1.6875,1.6875,1.6875,800
2000-05-19,1.6679823398590088,1.6875,1.6875,1.6875,1.6875,10400
2000-05-22,1.6988710165023804,1.71875,1.71875,1.6875,1.6875,6800
2000-05-23,1.7297595739364624,1.75,1.8125,1.734375,1.734375,45600
2000-05-24,1.9614237546920776,1.984375,1.984375,1.8125,1.8125,128400
2000-05-25,1.8842023611068726,1.90625,2.0,1.875,1.984375,22800
2000-05-26,1.8533138036727905,1.875,1.96875,1.875,1.96875,10000
2000-05-30,1.8224252462387085,1.84375,1.84375,1.8125,1.8125,6400
2000-05-31,1.7606481313705444,1.78125,1.78125,1.78125,1.78125,6000
2000-06-01,1.7606481313705444,1.78125,1.78125,1.78125,1.78125,0
2000-06-02,1.6679823398590088,1.6875,1.6875,1.6875,1.6875,8000
2000-06-05,1.6370939016342163,1.65625,1.65625,1.65625,1.65625,2800
2000-06-06,1.6370939016342163,1.65625,1.65625,1.65625,1.65625,0
2000-06-07,1.5753167867660522,1.59375,1.59375,1.59375,1.59375,3200
2000-06-08,1.5444281101226807,1.5625,1.5625,1.46875,1.46875,11600
2000-06-09,1.5212621688842773,1.5390629768371582,1.542968988418579,1.5390629768371582,1.542968988418579,4800
2000-06-12,1.5289838314056396,1.546875,1.546875,1.546875,1.546875,2400
2000-06-13,1.5289838314056396,1.546875,1.546875,1.546875,1.546875,0
2000-06-14,1.5907609462738037,1.609375,1.609375,1.546875,1.546875,13200
2000-06-15,1.5212621688842773,1.5390629768371582,1.5390629768371582,1.5390629768371582,1.5390629768371582,2400
2000-06-16,1.5212621688842773,1.5390629768371582,1.5390629768371582,1.5390629768371582,1.5390629768371582,4800
2000-06-19,1.5212621688842773,1.5390629768371582,1.5390629768371582,1.5390629768371582,1.5390629768371582,0
2000-06-20,1.5212621688842773,1.5390629768371582,1.5390629768371582,1.5390629768371582,1.5390629768371582,800
2000-06-21,1.5289838314056396,1.546875,1.546875,1.5,1.5,25200
2000-06-22,1.5289838314056396,1.546875,1.546875,1.546875,1.546875,0
2000-06-23,1.5289838314056396,1.546875,1.546875,1.546875,1.546875,0
2000-06-26,1.6679823398590088,1.6875,1.6875,1.6875,1.6875,2000
2000-06-27,1.6988710165023804,1.71875,1.71875,1.71875,1.71875,2000
2000-06-28,1.625510334968567,1.644531011581421,1.75,1.644531011581421,1.75,11200
2000-06-29,1.6679823398590088,1.6875,1.6875,1.6875,1.6875,4000
2000-06-30,1.6679823398590088,1.6875,1.6875,1.6875,1.6875,0
2000-07-03,1.6216496229171753,1.640625,1.640625,1.640625,1.640625,2000
2000-07-05,1.5598725080490112,1.578125,1.578125,1.578125,1.578125,2400
2000-07-06,1.5598725080490112,1.578125,1.578125,1.578125,1.578125,0
2000-07-07,1.5598725080490112,1.578125,1.578125,1.578125,1.578125,0
2000-07-10,1.5289838314056396,1.546875,1.546875,1.546875,1.546875,3600
2000-07-11,1.5289838314056396,1.546875,1.546875,1.546875,1.546875,0
2000-07-12,1.5289838314056396,1.546875,1.546875,1.546875,1.546875,0
2000-07-13,1.3282082080841064,1.34375,1.34375,1.34375,1.34375,4800
2000-07-14,1.3282082080841064,1.34375,1.34375,1.34375,1.34375,0
2000-07-17,1.4208738803863525,1.4375,1.5,1.4375,1.5,4800
2000-07-18,1.3899853229522705,1.40625,1.4375,1.40625,1.4375,8000
2000-07-19,1.3590967655181885,1.375,1.46875,1.375,1.46875,16000
2000-07-20,1.4517624378204346,1.46875,1.46875,1.375,1.375,8800
2000-07-21,1.3436524868011475,1.359375,1.375,1.359375,1.375,4800
2000-07-24,1.4517624378204346,1.46875,1.46875,1.359375,1.359375,7600
2000-07-25,1.4517624378204346,1.46875,1.46875,1.46875,1.46875,0
2000-07-26,1.4517624378204346,1.46875,1.46875,1.46875,1.46875,0
2000-07-27,1.4517624378204346,1.46875,1.46875,1.46875,1.46875,0
2000-07-28,1.3899853229522705,1.40625,1.40625,1.265625,1.390625,28800
2000-07-31,1.2355425357818604,1.25,1.375,1.0625,1.375,52000
2000-08-01,1.2355425357818604,1.25,1.265625,1.25,1.265625,16000
2000-08-02,1.2355425357818604,1.25,1.25,1.25,1.25,0
2000-08-03,1.2973196506500244,1.3125,1.3125,1.3125,1.3125,800
2000-08-04,1.2973196506500244,1.3125,1.3125,1.3125,1.3125,0
2000-08-07,1.2355425357818604,1.25,1.75,1.125,1.375,22400
2000-08-08,1.2355425357818604,1.25,1.25,1.25,1.25,0
2000-08-09,1.2355425357818604,1.25,1.25,1.25,1.25,0
2000-08-10,1.2355425357818604,1.25,1.25,1.25,1.25,0
2000-08-11,1.2355425357818604,1.25,1.25,1.25,1.25,0
2000-08-14,1.2355425357818604,1.25,1.25,1.25,1.25,0
2000-08-15,1.2355425357818604,1.25,1.25,1.25,1.25,0
2000-08-16,1.2355425357818604,1.25,1.25,1.25,1.25,400
2000-08-17,1.2355425357818604,1.25,1.25,1.25,1.25,0
2000-08-18,1.2973196506500244,1.3125,1.3125,1.3125,1.3125,400
2000-08-21,1.4208738803863525,1.4375,1.4375,1.40625,1.40625,5600
2000-08-22,1.4208738803863525,1.4375,1.4375,1.4375,1.4375,0
2000-08-23,1.5444281101226807,1.5625,1.5625,1.4375,1.4375,44000
2000-08-24,1.4826509952545166,1.5,1.5,1.5,1.5,3200
2000-08-25,1.4826509952545166,1.5,1.5625,1.46875,1.46875,22400
2000-08-28,1.4826509952545166,1.5,1.5,1.5,1.5,0
2000-08-29,1.5444281101226807,1.5625,1.5625,1.5625,1.5625,4000
2000-08-30,1.4517624378204346,1.46875,1.5,1.46875,1.5,14800
2000-08-31,1.3590967655181885,1.375,1.53125,1.375,1.53125,5200
2000-09-01,1.5135396718978882,1.53125,1.53125,1.53125,1.53125,800
2000-09-05,1.5135396718978882,1.53125,1.53125,1.53125,1.53125,0
2000-09-06,1.5135396718978882,1.53125,1.53125,1.53125,1.53125,0
2000-09-07,1.5135396718978882,1.53125,1.53125,1.53125,1.53125,0
2000-09-08,1.3590967655181885,1.375,1.375,1.375,1.375,1600
2000-09-11,1.3590967655181885,1.375,1.375,1.375,1.375,0
2000-09-12,1.3590967655181885,1.375,1.375,1.375,1.375,1600
2000-09-13,1.3590967655181885,1.375,1.375,1.375,1.375,0
2000-09-14,1.3590967655181885,1.375,1.375,1.375,1.375,0
2000-09-15,1.4517624378204346,1.46875,1.46875,1.46875,1.46875,4800
2000-09-18,1.4517624378204346,1.46875,1.46875,1.46875,1.46875,7600
2000-09-19,1.3899853229522705,1.40625,1.40625,1.40625,1.40625,1600
2000-09-20,1.3899853229522705,1.40625,1.40625,1.40625,1.40625,0
2000-09-21,1.4826509952545166,1.5,1.5,1.5,1.5,2000
2000-09-22,1.4826509952545166,1.5,1.5,1.5,1.5,4000
2000-09-25,1.3590967655181885,1.375,1.375,1.375,1.375,800
2000-09-26,1.4208738803863525,1.4375,1.4375,1.375,1.375,4800
2000-09-27,1.4208738803863525,1.4375,1.4375,1.4375,1.4375,0
2000-09-28,1.4208738803863525,1.4375,1.4375,1.4375,1.4375,0
2000-09-29,1.3590967655181885,1.375,1.375,1.375,1.375,5600
2000-10-02,1.2355425357818604,1.25,1.375,1.125,1.375,10000
2000-10-03,1.4208738803863525,1.4375,1.4375,1.4375,1.4375,5200
2000-10-04,1.4517624378204346,1.46875,1.46875,1.46875,1.46875,3600
2000-10-05,1.4517624378204346,1.46875,1.46875,1.46875,1.46875,0
2000-10-06,1.4517624378204346,1.46875,1.46875,1.46875,1.46875,0
2000-10-09,1.4517624378204346,1.46875,1.46875,1.46875,1.46875,0
2000-10-10,1.4517624378204346,1.46875,1.46875,1.46875,1.46875,0
2000-10-11,1.4517624378204346,1.46875,1.46875,1.46875,1.46875,0
2000-10-12,1.4517624378204346,1.46875,1.46875,1.46875,1.46875,0
2000-10-13,1.3590967655181885,1.375,1.375,1.125,1.25,14000
2000-10-16,1.3590967655181885,1.375,1.375,1.375,1.375,0
2000-10-17,1.3282082080841064,1.34375,1.34375,1.34375,1.34375,4000
2000-10-18,1.3590967655181885,1.375,1.4375,1.28125,1.4375,12400
2000-10-19,1.3590967655181885,1.375,1.375,1.375,1.375,0
2000-10-20,1.3590967655181885,1.375,1.375,1.375,1.375,14000
2000-10-23,1.3590967655181885,1.375,1.375,1.375,1.375,0
2000-10-24,1.3590967655181885,1.375,1.40625,1.375,1.40625,17200
2000-10-25,1.3282082080841064,1.34375,1.34375,1.25,1.25,4800
2000-10-26,1.3282082080841064,1.34375,1.34375,1.34375,1.34375,0
2000-10-27,1.4054296016693115,1.421875,1.421875,1.328125,1.328125,14400
2000-10-30,1.4054296016693115,1.421875,1.421875,1.421875,1.421875,0
2000-10-31,1.4054296016693115,1.421875,1.421875,1.421875,1.421875,0
2000-11-01,1.4054296016693115,1.421875,1.421875,1.421875,1.421875,0
2000-11-02,1.4054296016693115,1.421875,1.421875,1.421875,1.421875,0
2000-11-03,1.3590967655181885,1.375,1.3984379768371582,1.375,1.3984379768371582,1200
2000-11-06,1.3590967655181885,1.375,1.375,1.375,1.375,0
2000-11-07,1.3590967655181885,1.375,1.375,1.375,1.375,4000
2000-11-08,1.3590967655181885,1.375,1.375,1.375,1.375,0
2000-11-09,1.3590967655181885,1.375,1.375,1.375,1.375,2800
2000-11-10,1.2355425357818604,1.25,1.25,1.25,1.25,800
2000-11-13,1.2355425357818604,1.25,1.25,1.25,1.25,0
2000-11-14,1.2046539783477783,1.21875,1.25,1.21875,1.25,4000
2000-11-15,1.2046539783477783,1.21875,1.21875,1.21875,1.21875,0
2000-11-16,1.2046539783477783,1.21875,1.21875,1.21875,1.21875,0
2000-11-17,1.2664310932159424,1.28125,1.34375,1.21875,1.34375,21200
2000-11-20,1.2664310932159424,1.28125,1.28125,1.28125,1.28125,0
2000-11-21,1.2355425357818604,1.25,1.25,1.25,1.25,5200
2000-11-22,1.2355425357818604,1.25,1.25,1.25,1.25,8000
2000-11-24,1.2355425357818604,1.25,1.25,1.25,1.25,0
2000-11-27,1.2355425357818604,1.25,1.25,1.25,1.25,0
2000-11-28,1.3282082080841064,1.34375,1.421875,1.3125,1.328125,84000
2000-11-29,1.2973196506500244,1.3125,1.359375,1.3125,1.359375,20000
2000-11-30,1.3590967655181885,1.375,1.375,1.25,1.25,14000
2000-12-01,1.3436524868011475,1.359375,1.375,1.3125,1.34375,26000
2000-12-04,1.3436524868011475,1.359375,1.359375,1.359375,1.359375,0
2000-12-05,1.2818753719329834,1.296875,1.296875,1.296875,1.296875,800
2000-12-06,1.3706802129745483,1.386718988418579,1.484375,1.375,1.375,102800
2000-12-07,1.4208738803863525,1.4375,1.4375,1.34375,1.34375,12800
2000-12-08,1.4208738803863525,1.4375,1.4375,1.4375,1.4375,0
2000-12-11,1.5135396718978882,1.53125,1.53125,1.53125,1.53125,10000
2000-12-12,1.4054296016693115,1.421875,1.5625,1.421875,1.5625,22000
2000-12-13,1.4980953931808472,1.515625,1.515625,1.515625,1.515625,400
2000-12-14,1.4826509952545166,1.5,1.5,1.5,1.5,16000
2000-12-15,1.5135396718978882,1.53125,1.53125,1.515625,1.515625,8000
2000-12-18,1.5135396718978882,1.53125,1.546875,1.53125,1.546875,15600
2000-12-19,1.4826509952545166,1.5,1.5,1.5,1.5,400
2000-12-20,1.3977079391479492,1.4140629768371582,1.5,1.375,1.5,4400
2000-12-21,1.3899853229522705,1.40625,1.4375,1.25,1.25,62000
2000-12-22,1.4054296016693115,1.421875,1.421875,1.25,1.3125,36800
2000-12-26,1.40156888961792,1.417968988418579,1.484375,1.265625,1.394531011581421,47600
2000-12-27,1.40156888961792,1.417968988418579,1.417968988418579,1.417968988418579,1.417968988418579,0
2000-12-28,1.3590967655181885,1.375,1.375,1.0625,1.0625,186400
2000-12-29,1.2973196506500244,1.3125,1.375,1.25,1.25,24000
2001-01-02,1.2973196506500244,1.3125,1.3125,1.3125,1.3125,0
2001-01-03,1.2973196506500244,1.3125,1.3125,1.3125,1.3125,0
2001-01-04,1.2355425357818604,1.25,1.25,1.25,1.25,2000
2001-01-05,1.2355425357818604,1.25,1.25,1.25,1.25,0
2001-01-08,1.2355425357818604,1.25,1.25,1.25,1.25,0
2001-01-09,1.2355425357818604,1.25,1.25,1.25,1.25,3200
2001-01-10,1.2355425357818604,1.25,1.25,1.25,1.25,0
2001-01-11,1.1119883060455322,1.125,1.265625,1.125,1.265625,12400
2001-01-12,1.4208738803863525,1.4375,1.4375,1.15625,1.1875,32800
2001-01-16,1.4208738803863525,1.4375,1.4375,1.4375,1.4375,6800
2001-01-17,1.4208738803863525,1.4375,1.4375,1.296875,1.296875,12800
2001-01-18,1.2973196506500244,1.3125,1.34375,1.136718988418579,1.136718988418579,31600
2001-01-19,1.3590967655181885,1.375,1.375,1.375,1.375,1200
2001-01-22,1.2664310932159424,1.28125,1.28125,1.28125,1.28125,16000
2001-01-23,1.2664310932159424,1.28125,1.28125,1.28125,1.28125,0
2001-01-24,1.2664310932159424,1.28125,1.28125,1.28125,1.28125,0
2001-01-25,1.2664310932159424,1.28125,1.28125,1.28125,1.28125,1200
2001-01-26,1.2664310932159424,1.28125,1.28125,1.28125,1.28125,0
2001-01-29,1.2664310932159424,1.28125,1.28125,1.28125,1.28125,0
2001-01-30,1.3590967655181885,1.375,1.375,1.375,1.375,4000
2001-01-31,1.3590967655181885,1.375,1.375,1.375,1.375,2000
2001-02-01,1.3899853229522705,1.40625,1.40625,1.40625,1.40625,6000
2001-02-02,1.3899853229522705,1.40625,1.40625,1.40625,1.40625,2000
2001-02-05,1.4208738803863525,1.4375,1.4375,1.4375,1.4375,2000
2001-02-06,1.3899853229522705,1.40625,1.40625,1.40625,1.40625,800
2001-02-07,1.4903737306594849,1.5078129768371582,1.5078129768371582,1.375,1.5,12400
2001-02-08,1.4826509952545166,1.5,1.5078129768371582,1.5,1.5078129768371582,19600
2001-02-09,1.4826509952545166,1.5,1.5,1.5,1.5,0
2001-02-12,1.5135396718978882,1.53125,1.53125,1.515625,1.515625,15200
2001-02-13,1.5753167867660522,1.59375,1.59375,1.546875,1.546875,46400
2001-02-14,1.5444281101226807,1.5625,1.609375,1.5625,1.609375,24400
2001-02-15,1.5753167867660522,1.59375,1.59375,1.59375,1.59375,3600
2001-02-16,1.5598725080490112,1.578125,1.578125,1.5546879768371582,1.578125,11600
2001-02-20,1.6062052249908447,1.625,1.625,1.5625,1.625,12000
2001-02-21,1.5367064476013184,1.5546879768371582,1.5625,1.5546879768371582,1.5625,8800
2001-02-22,1.3938462734222412,1.410156011581421,1.5546879768371582,1.410156011581421,1.5546879768371582,4000
2001-02-23,1.5135396718978882,1.53125,1.53125,1.5,1.5,10800
2001-02-26,1.5135396718978882,1.53125,1.53125,1.53125,1.53125,0
2001-02-27,1.5135396718978882,1.53125,1.53125,1.53125,1.53125,4400
2001-02-28,1.5135396718978882,1.53125,1.53125,1.53125,1.53125,0
2001-03-01,1.5135396718978882,1.53125,1.53125,1.53125,1.53125,0
2001-03-02,1.5135396718978882,1.53125,1.53125,1.53125,1.53125,0
2001-03-05,1.5753167867660522,1.59375,1.6875,1.59375,1.65625,18400
2001-03-06,1.6062052249908447,1.625,1.6953129768371582,1.59375,1.65625,10400
2001-03-07,1.6216496229171753,1.640625,1.640625,1.59375,1.59375,23600
2001-03-08,1.5753167867660522,1.59375,1.6015629768371582,1.59375,1.6015629768371582,5600
2001-03-09,1.6062052249908447,1.625,1.640625,1.59375,1.59375,48000
2001-03-12,1.6062052249908447,1.625,1.625,1.625,1.625,0
2001-03-13,1.6062052249908447,1.625,1.625,1.59375,1.59375,20000
2001-03-14,1.6062052249908447,1.625,1.625,1.625,1.625,0
2001-03-15,1.5753167867660522,1.59375,1.59375,1.59375,1.59375,8400
2001-03-16,1.5753167867660522,1.59375,1.59375,1.59375,1.59375,0
2001-03-19,1.5753167867660522,1.59375,1.59375,1.59375,1.59375,0
2001-03-20,1.6216496229171753,1.640625,1.640625,1.625,1.625,28800
2001-03-21,1.6525381803512573,1.671875,1.6875,1.65625,1.65625,32000
2001-03-22,1.7297595739364624,1.75,1.75,1.65625,1.65625,16400
2001-03-23,1.7297595739364624,1.75,1.75,1.75,1.75,0
2001-03-26,1.6062052249908447,1.625,1.625,1.625,1.625,4000
2001-03-27,1.6988710165023804,1.71875,1.71875,1.625,1.625,11600
2001-03-28,1.6062052249908447,1.625,1.625,1.625,1.625,400
2001-03-29,1.7143152952194214,1.734375,1.734375,1.6875,1.6875,11600
2001-03-30,1.6988710165023804,1.71875,1.75,1.71875,1.75,6000
2001-04-02,1.7606481313705444,1.78125,1.78125,1.78125,1.78125,3200
2001-04-03,1.7297595739364624,1.75,1.75,1.75,1.75,2400
2001-04-04,1.7143152952194214,1.734375,1.734375,1.734375,1.734375,2000
2001-04-05,1.7297595739364624,1.75,1.75,1.703125,1.703125,30800
2001-04-06,1.8069809675216675,1.828125,1.828125,1.703125,1.7421879768371582,3600
2001-04-09,1.7915366888046265,1.8125,1.8125,1.7999999523162842,1.7999999523162842,14400
2001-04-10,1.828602910041809,1.850000023841858,1.875,1.8125,1.8125,34800
2001-04-11,1.8533138036727905,1.875,1.875,1.8125,1.850000023841858,26800
2001-04-12,1.828602910041809,1.850000023841858,1.850000023841858,1.850000023841858,1.850000023841858,4000
2001-04-16,1.7940077781677246,1.815000057220459,1.815000057220459,1.6875,1.8125,15600
2001-04-17,1.7940077781677246,1.815000057220459,1.815000057220459,1.815000057220459,1.815000057220459,0
2001-04-18,1.7297595739364624,1.75,1.8125,1.6875,1.774999976158142,31200
2001-04-19,1.7297595739364624,1.75,1.75,1.75,1.75,400
2001-04-20,1.7297595739364624,1.75,1.75,1.75,1.75,400
2001-04-23,1.7297595739364624,1.75,1.75,1.75,1.75,0
2001-04-24,1.7297595739364624,1.75,1.75,1.1875,1.75,55200
2001-04-25,1.766825795173645,1.787500023841858,1.787500023841858,1.787500023841858,1.787500023841858,800
2001-04-26,1.766825795173645,1.787500023841858,1.787500023841858,1.787500023841858,1.787500023841858,0
2001-04-27,1.680337905883789,1.7000000476837158,1.7000000476837158,1.625,1.6875,34000
2001-04-30,1.680337905883789,1.7000000476837158,1.7000000476837158,1.7000000476837158,1.7000000476837158,0
2001-05-01,1.7297595739364624,1.75,1.75,1.7000000476837158,1.7000000476837158,6800
2001-05-02,1.6111475229263306,1.6299999952316284,1.6299999952316284,1.6299999952316284,1.6299999952316284,2000
2001-05-03,1.6111475229263306,1.6299999952316284,1.6299999952316284,1.6299999952316284,1.6299999952316284,0
2001-05-04,1.6111475229263306,1.6299999952316284,1.6299999952316284,1.6299999952316284,1.6299999952316284,0
2001-05-07,1.6111475229263306,1.6299999952316284,1.6299999952316284,1.6299999952316284,1.6299999952316284,0
2001-05-08,1.7297595739364624,1.75,1.787500023841858,1.625,1.787500023841858,16400
2001-05-09,1.766825795173645,1.787500023841858,1.787500023841858,1.787500023841858,1.787500023841858,1600
2001-05-10,1.7297595739364624,1.75,1.75,1.625,1.625,9200
2001-05-11,1.766825795173645,1.787500023841858,1.787500023841858,1.7400000095367432,1.7400000095367432,3600
2001-05-14,1.766825795173645,1.787500023841858,1.787500023841858,1.75,1.75,6400
2001-05-15,1.766825795173645,1.787500023841858,1.787500023841858,1.787500023841858,1.787500023841858,0
2001-05-16,1.766825795173645,1.787500023841858,1.787500023841858,1.787500023841858,1.787500023841858,0
2001-05-17,1.7421150207519531,1.7625000476837158,1.7625000476837158,1.75,1.75,24000
2001-05-18,1.7421150207519531,1.7625000476837158,1.7625000476837158,1.7625000476837158,1.7625000476837158,2000
2001-05-21,1.7297595739364624,1.75,1.75,1.75,1.75,800
2001-05-22,1.8533138036727905,1.875,1.875,1.875,1.875,4000
2001-05-23,1.8533138036727905,1.875,1.875,1.875,1.875,0
2001-05-24,1.7915366888046265,1.8125,1.8125,1.7999999523162842,1.7999999523162842,6000
2001-05-25,1.7297595739364624,1.75,1.8200000524520874,1.75,1.8125,1200
2001-05-29,1.7915366888046265,1.8125,1.9375,1.8125,1.9375,3600
2001-05-30,1.7297595739364624,1.75,1.7999999523162842,1.75,1.7999999523162842,20800
2001-05-31,1.7297595739364624,1.75,1.75,1.75,1.75,400
2001-06-01,1.7050487995147705,1.725000023841858,1.75,1.725000023841858,1.75,14800
2001-06-04,1.7421150207519531,1.7625000476837158,1.7625000476837158,1.75,1.7625000476837158,26000
2001-06-05,1.7421150207519531,1.7625000476837158,1.7625000476837158,1.7625000476837158,1.7625000476837158,0
2001-06-06,1.7421150207519531,1.7625000476837158,1.7625000476837158,1.7625000476837158,1.7625000476837158,0
2001-06-07,1.7421150207519531,1.7625000476837158,1.7625000476837158,1.7625000476837158,1.7625000476837158,0
2001-06-08,1.7421150207519531,1.7625000476837158,1.7625000476837158,1.7625000476837158,1.7625000476837158,0
2001-06-11,1.7421150207519531,1.7625000476837158,1.7625000476837158,1.7625000476837158,1.7625000476837158,0
2001-06-12,1.8533138036727905,1.875,1.875,1.850000023841858,1.850000023841858,1600
2001-06-13,1.7915366888046265,1.8125,1.8125,1.8125,1.8125,2000
2001-06-14,1.7915366888046265,1.8125,1.8125,1.8125,1.8125,0
2001-06-15,1.8533138036727905,1.875,1.875,1.75,1.875,5600
2001-06-18,1.8162474632263184,1.837499976158142,1.837499976158142,1.837499976158142,1.837499976158142,4800
2001-06-19,1.8162474632263184,1.837499976158142,1.837499976158142,1.837499976158142,1.837499976158142,2000
2001-06-20,1.8162474632263184,1.837499976158142,1.837499976158142,1.837499976158142,1.837499976158142,400
2001-06-21,1.7470571994781494,1.7675000429153442,1.7675000429153442,1.7675000429153442,1.7675000429153442,3600
2001-06-22,1.7791812419891357,1.7999999523162842,1.875,1.7999999523162842,1.875,2800
2001-06-25,1.7791812419891357,1.7999999523162842,1.7999999523162842,1.7999999523162842,1.7999999523162842,0
2001-06-26,1.8533138036727905,1.875,1.875,1.7999999523162842,1.7999999523162842,2800
2001-06-27,1.8533138036727905,1.875,1.875,1.875,1.875,0
2001-06-28,1.8113054037094116,1.8324999809265137,1.8324999809265137,1.8250000476837158,1.8250000476837158,10000
2001-06-29,1.8113054037094116,1.8324999809265137,1.8324999809265137,1.8324999809265137,1.8324999809265137,0
2001-07-02,1.8113054037094116,1.8324999809265137,1.8324999809265137,1.8324999809265137,1.8324999809265137,0
2001-07-03,1.8113054037094116,1.8324999809265137,1.8324999809265137,1.8324999809265137,1.8324999809265137,0
2001-07-05,1.8236607313156128,1.8450000286102295,1.8450000286102295,1.8450000286102295,1.8450000286102295,1600
2001-07-06,1.7050487995147705,1.725000023841858,1.8574999570846558,1.725000023841858,1.8574999570846558,8400
2001-07-09,1.7174041271209717,1.7374999523162842,1.7374999523162842,1.7374999523162842,1.7374999523162842,5200
2001-07-10,1.7050487995147705,1.725000023841858,1.725000023841858,1.725000023841858,1.725000023841858,2400
2001-07-11,1.8409583568572998,1.8624999523162842,1.8624999523162842,1.8624999523162842,1.8624999523162842,6400
2001-07-12,1.7915366888046265,1.8125,1.8125,1.8125,1.8125,400
2001-07-13,1.7544703483581543,1.774999976158142,1.774999976158142,1.774999976158142,1.774999976158142,11200
2001-07-16,1.7544703483581543,1.774999976158142,1.774999976158142,1.774999976158142,1.774999976158142,0
2001-07-17,1.7544703483581543,1.774999976158142,1.774999976158142,1.774999976158142,1.774999976158142,0
2001-07-18,1.7297595739364624,1.75,1.75,1.75,1.75,400
2001-07-19,1.7297595739364624,1.75,1.75,1.75,1.75,0
2001-07-20,1.7915366888046265,1.8125,1.8125,1.712499976158142,1.712499976158142,26000
2001-07-23,1.828602910041809,1.850000023841858,1.850000023841858,1.837499976158142,1.837499976158142,9600
2001-07-24,1.8038921356201172,1.8250000476837158,1.840000033378601,1.8250000476837158,1.840000033378601,7200
2001-07-25,1.8162474632263184,1.837499976158142,1.850000023841858,1.837499976158142,1.837499976158142,14800
2001-07-26,1.8162474632263184,1.837499976158142,1.837499976158142,1.837499976158142,1.837499976158142,0
2001-07-27,1.8162474632263184,1.837499976158142,1.837499976158142,1.837499976158142,1.837499976158142,0
2001-07-30,1.8409583568572998,1.8624999523162842,1.875,1.8624999523162842,1.875,4800
2001-07-31,1.8829667568206787,1.9049999713897705,1.9075000286102295,1.75,1.75,29600
2001-08-01,1.8854378461837769,1.9075000286102295,1.9075000286102295,1.9049999713897705,1.9075000286102295,7600
2001-08-02,1.828602910041809,1.850000023841858,1.850000023841858,1.850000023841858,1.850000023841858,1600
2001-08-03,1.9768680334091187,2.0,2.0,1.75,1.875,18000
2001-08-06,1.964512586593628,1.9874999523162842,1.9874999523162842,1.9874999523162842,1.9874999523162842,3600
2001-08-07,1.964512586593628,1.9874999523162842,1.9874999523162842,1.9874999523162842,1.9874999523162842,0
2001-08-08,1.8780245780944824,1.899999976158142,1.9249999523162842,1.899999976158142,1.9249999523162842,6800
2001-08-09,1.8038921356201172,1.8250000476837158,1.9874999523162842,1.7999999523162842,1.899999976158142,19200
2001-08-10,1.8409583568572998,1.8624999523162842,1.8624999523162842,1.8624999523162842,1.8624999523162842,1600
2001-08-13,1.8409583568572998,1.8624999523162842,1.8624999523162842,1.8624999523162842,1.8624999523162842,0
2001-08-14,1.8409583568572998,1.8624999523162842,1.8624999523162842,1.8624999523162842,1.8624999523162842,0
2001-08-15,1.7890654802322388,1.809999942779541,1.809999942779541,1.6875,1.7999999523162842,14800
2001-08-16,1.7890654802322388,1.809999942779541,1.809999942779541,1.809999942779541,1.809999942779541,0
2001-08-17,1.6556270122528076,1.6749999523162842,1.6749999523162842,1.6749999523162842,1.6749999523162842,11600
2001-08-20,1.7174041271209717,1.7374999523162842,1.75,1.7374999523162842,1.75,2800
2001-08-21,1.964512586593628,1.9874999523162842,1.9874999523162842,1.7999999523162842,1.7999999523162842,12000
2001-08-22,1.8409583568572998,1.8624999523162842,1.975000023841858,1.8624999523162842,1.962499976158142,11600
2001-08-23,1.9150909185409546,1.9375,1.9375,1.9375,1.9375,8000
2001-08-24,1.8038921356201172,1.8250000476837158,1.8250000476837158,1.7649999856948853,1.7649999856948853,4000
2001-08-27,1.828602910041809,1.850000023841858,1.850000023841858,1.8250000476837158,1.8250000476837158,14800
2001-08-28,1.8533138036727905,1.875,1.875,1.7999999523162842,1.7999999523162842,800
2001-08-29,1.9027354717254639,1.9249999523162842,1.9249999523162842,1.75,1.8025000095367432,3200
2001-08-30,1.7347016334533691,1.7549999952316284,1.7549999952316284,1.7549999952316284,1.7549999952316284,2000
2001-08-31,1.9027354717254639,1.9249999523162842,2.0,1.9249999523162842,1.9375,7600
2001-09-04,1.939801812171936,1.962499976158142,1.962499976158142,1.962499976158142,1.962499976158142,800
2001-09-05,1.9027354717254639,1.9249999523162842,1.9249999523162842,1.7625000476837158,1.9249999523162842,7600
2001-09-06,1.9768680334091187,2.0,2.0,1.875,1.875,13600
2001-09-07,1.9768680334091187,2.0,2.0,2.0,2.0,0
2001-09-10,1.8804957866668701,1.902500033378601,1.902500033378601,1.899999976158142,1.899999976158142,12400
2001-09-17,1.8804957866668701,1.902500033378601,1.902500033378601,1.902500033378601,1.902500033378601,0
2001-09-18,1.8804957866668701,1.902500033378601,1.902500033378601,1.902500033378601,1.902500033378601,0
2001-09-19,1.9150909185409546,1.9375,1.9375,1.7925000190734863,1.875,6800
2001-09-20,1.9768680334091187,2.0,2.0,1.6924999952316284,1.8125,12800
2001-09-21,1.7297595739364624,1.75,1.7799999713897705,1.5625,1.7799999713897705,13600
2001-09-24,1.8533138036727905,1.875,1.875,1.75,1.75,5200
2001-09-25,1.8533138036727905,1.875,1.875,1.875,1.875,2400
2001-09-26,1.8533138036727905,1.875,1.875,1.875,1.875,0
2001-09-27,1.8533138036727905,1.875,1.875,1.875,1.875,0
2001-09-28,1.9521571397781372,1.975000023841858,1.975000023841858,1.625,1.625,2400
2001-10-01,1.964512586593628,1.9874999523162842,1.9874999523162842,1.9874999523162842,1.9874999523162842,2000
2001-10-02,1.826131820678711,1.847499966621399,1.847499966621399,1.847499966621399,1.847499966621399,800
2001-10-03,1.8533138036727905,1.875,1.875,1.847499966621399,1.847499966621399,9200
2001-10-04,1.8780245780944824,1.899999976158142,1.899999976158142,1.899999976158142,1.899999976158142,2000
2001-10-05,1.8780245780944824,1.899999976158142,1.899999976158142,1.899999976158142,1.899999976158142,2000
2001-10-08,1.8409583568572998,1.8624999523162842,1.9249999523162842,1.8624999523162842,1.9249999523162842,4400
2001-10-09,1.8409583568572998,1.8624999523162842,1.8624999523162842,1.8624999523162842,1.8624999523162842,0
2001-10-10,1.7544703483581543,1.774999976158142,1.899999976158142,1.75,1.899999976158142,20400
2001-10-11,1.8656693696975708,1.8875000476837158,1.8875000476837158,1.850000023841858,1.850000023841858,4400
2001-10-12,1.8409583568572998,1.8624999523162842,1.9500000476837158,1.837499976158142,1.837499976158142,16800
2001-10-15,1.828602910041809,1.850000023841858,1.850000023841858,1.850000023841858,1.850000023841858,1200
2001-10-16,1.828602910041809,1.850000023841858,1.850000023841858,1.75,1.774999976158142,26800
2001-10-17,1.828602910041809,1.850000023841858,1.850000023841858,1.850000023841858,1.850000023841858,2000
2001-10-18,1.8038921356201172,1.8250000476837158,1.875,1.8250000476837158,1.875,12800
2001-10-19,1.7865945100784302,1.8075000047683716,1.8075000047683716,1.8075000047683716,1.8075000047683716,2400
2001-10-22,1.7865945100784302,1.8075000047683716,1.8075000047683716,1.8075000047683716,1.8075000047683716,2400
2001-10-23,1.8038921356201172,1.8250000476837158,1.8250000476837158,1.8250000476837158,1.8250000476837158,8800
2001-10-24,1.8038921356201172,1.8250000476837158,1.8250000476837158,1.8250000476837158,1.8250000476837158,0
2001-10-25,1.8088343143463135,1.8300000429153442,1.8300000429153442,1.8300000429153442,1.8300000429153442,4000
2001-10-26,1.8088343143463135,1.8300000429153442,1.8300000429153442,1.8300000429153442,1.8300000429153442,0
2001-10-29,1.7767101526260376,1.7975000143051147,1.8250000476837158,1.7975000143051147,1.8250000476837158,15200
2001-10-30,1.766825795173645,1.787500023841858,1.787500023841858,1.6375000476837158,1.7625000476837158,13600
2001-10-31,1.7421150207519531,1.7625000476837158,1.774999976158142,1.7625000476837158,1.7625000476837158,8000
2001-11-01,1.7297595739364624,1.75,1.7625000476837158,1.600000023841858,1.7024999856948853,28800
2001-11-02,1.7297595739364624,1.75,1.75,1.75,1.75,0
2001-11-05,1.7297595739364624,1.75,1.75,1.75,1.75,0
2001-11-06,1.7421150207519531,1.7625000476837158,1.7625000476837158,1.7625000476837158,1.7625000476837158,4000
2001-11-07,1.8038921356201172,1.8250000476837158,1.8250000476837158,1.7625000476837158,1.7625000476837158,20400
2001-11-08,1.8038921356201172,1.8250000476837158,1.8250000476837158,1.8250000476837158,1.8250000476837158,0
2001-11-09,1.7594125270843506,1.7799999713897705,1.7825000286102295,1.7799999713897705,1.7825000286102295,10000
2001-11-12,1.7594125270843506,1.7799999713897705,1.7799999713897705,1.7799999713897705,1.7799999713897705,0
2001-11-13,1.672924518585205,1.6924999952316284,1.7300000190734863,1.6675000190734863,1.7300000190734863,20000
2001-11-14,1.672924518585205,1.6924999952316284,1.6924999952316284,1.6924999952316284,1.6924999952316284,0
2001-11-15,1.672924518585205,1.6924999952316284,1.6924999952316284,1.6924999952316284,1.6924999952316284,0
2001-11-16,1.6309161186218262,1.649999976158142,1.75,1.649999976158142,1.75,6800
2001-11-19,1.413460612297058,1.4299999475479126,1.622499942779541,1.3899999856948853,1.6024999618530273,111200
2001-11-20,1.3961631059646606,1.412500023841858,1.475000023841858,1.412500023841858,1.462499976158142,38400
2001-11-21,1.4085184335708618,1.4249999523162842,1.4249999523162842,1.412500023841858,1.412500023841858,6000
2001-11-23,1.4085184335708618,1.4249999523162842,1.4249999523162842,1.4249999523162842,1.4249999523162842,0
2001-11-26,1.3961631059646606,1.412500023841858,1.412500023841858,1.3875000476837158,1.412500023841858,2800
2001-11-27,1.4085184335708618,1.4249999523162842,1.4249999523162842,1.4175000190734863,1.4175000190734863,40400
2001-11-28,1.4085184335708618,1.4249999523162842,1.5950000286102295,1.4249999523162842,1.5950000286102295,2800
2001-11-29,1.4085184335708618,1.4249999523162842,1.4249999523162842,1.4249999523162842,1.4249999523162842,24800
2001-11-30,1.4060474634170532,1.4225000143051147,1.4249999523162842,1.3899999856948853,1.4249999523162842,58800
2001-12-03,1.4060474634170532,1.4225000143051147,1.4225000143051147,1.4225000143051147,1.4225000143051147,0
2001-12-04,1.4085184335708618,1.4249999523162842,1.4249999523162842,1.412500023841858,1.4249999523162842,57200
2001-12-05,1.4085184335708618,1.4249999523162842,1.4249999523162842,1.412500023841858,1.4249999523162842,86000
2001-12-06,1.4085184335708618,1.4249999523162842,1.4249999523162842,1.4225000143051147,1.4249999523162842,38800
2001-12-07,1.4085184335708618,1.4249999523162842,1.4249999523162842,1.4225000143051147,1.4225000143051147,43600
2001-12-10,1.5271306037902832,1.5449999570846558,1.5449999570846558,1.4225000143051147,1.4249999523162842,131600
2001-12-11,1.4579402208328247,1.475000023841858,1.5,1.475000023841858,1.5,54000
2001-12-12,1.524659514427185,1.5425000190734863,1.5425000190734863,1.462499976158142,1.5,28800
2001-12-13,1.556783676147461,1.5750000476837158,1.5750000476837158,1.5,1.5425000190734863,32000
2001-12-14,1.53207266330719,1.5499999523162842,1.6124999523162842,1.5499999523162842,1.5750000476837158,21600
2001-12-17,1.6926932334899902,1.712499976158142,1.712499976158142,1.625,1.625,45200
2001-12-18,1.7174041271209717,1.7374999523162842,1.75,1.7100000381469727,1.712499976158142,27600
2001-12-19,1.7124619483947754,1.7324999570846558,1.7324999570846558,1.6875,1.6875,11600
2001-12-20,1.7174041271209717,1.7374999523162842,1.787500023841858,1.7374999523162842,1.75,36400
2001-12-21,1.7174041271209717,1.7374999523162842,1.75,1.7374999523162842,1.75,13600
2001-12-24,1.7297595739364624,1.75,1.7625000476837158,1.75,1.7625000476837158,16400
2001-12-26,1.7297595739364624,1.75,1.7599999904632568,1.7374999523162842,1.7599999904632568,11200
2001-12-27,1.7297595739364624,1.75,1.7625000476837158,1.7400000095367432,1.7400000095367432,18400
2001-12-28,1.6556270122528076,1.6749999523162842,1.725000023841858,1.6375000476837158,1.725000023841858,22000
2001-12-31,1.6679823398590088,1.6875,1.6875,1.6875,1.6875,2800
2002-01-02,1.680337905883789,1.7000000476837158,1.7000000476837158,1.7000000476837158,1.7000000476837158,400
2002-01-03,1.680337905883789,1.7000000476837158,1.912500023841858,1.7000000476837158,1.725000023841858,16000
2002-01-04,1.6926932334899902,1.712499976158142,1.725000023841858,1.712499976158142,1.725000023841858,6000
2002-01-07,1.7297595739364624,1.75,1.75,1.7000000476837158,1.747499942779541,12000
2002-01-08,1.7297595739364624,1.75,1.75,1.75,1.75,8800
2002-01-09,1.7322306632995605,1.752500057220459,1.7549999952316284,1.747499942779541,1.747499942779541,6800
2002-01-10,1.7297595739364624,1.75,1.7625000476837158,1.75,1.7625000476837158,8000
2002-01-11,1.7297595739364624,1.75,1.75,1.75,1.75,5600
2002-01-14,1.7174041271209717,1.7374999523162842,1.75,1.7374999523162842,1.75,5200
2002-01-15,1.7297595739364624,1.75,1.75,1.75,1.75,2000
2002-01-16,1.7421150207519531,1.7625000476837158,1.7625000476837158,1.712499976158142,1.712499976158142,23600
2002-01-17,1.7421150207519531,1.7625000476837158,1.7625000476837158,1.7625000476837158,1.7625000476837158,2000
2002-01-18,1.7421150207519531,1.7625000476837158,1.7625000476837158,1.662500023841858,1.75,6400
2002-01-22,1.7421150207519531,1.7625000476837158,1.7625000476837158,1.7625000476837158,1.7625000476837158,0
2002-01-23,1.7915366888046265,1.8125,1.9299999475479126,1.787500023841858,1.787500023841858,13600
2002-01-24,1.7915366888046265,1.8125,1.8125,1.8125,1.8125,8000
2002-01-25,1.7915366888046265,1.8125,1.8125,1.8125,1.8125,800
2002-01-28,1.7964787483215332,1.8174999952316284,1.8174999952316284,1.8174999952316284,1.8174999952316284,1200
2002-01-29,1.7964787483215332,1.8174999952316284,1.8174999952316284,1.8174999952316284,1.8174999952316284,0
2002-01-30,1.7964787483215332,1.8174999952316284,1.8174999952316284,1.8174999952316284,1.8174999952316284,0
2002-01-31,1.7915366888046265,1.8125,1.8250000476837158,1.8125,1.8250000476837158,2800
2002-02-01,1.7915366888046265,1.8125,1.8125,1.8125,1.8125,2000
2002-02-04,1.7915366888046265,1.8125,1.8125,1.8125,1.8125,0
2002-02-05,1.7297595739364624,1.75,1.75,1.75,1.75,6400
2002-02-06,1.7297595739364624,1.75,1.75,1.7000000476837158,1.7000000476837158,6000
2002-02-07,1.7297595739364624,1.75,1.75,1.75,1.75,800
2002-02-08,1.7297595739364624,1.75,1.75,1.75,1.75,0
2002-02-11,1.7297595739364624,1.75,1.75,1.75,1.75,0
2002-02-12,1.7297595739364624,1.75,1.75,1.75,1.75,0
2002-02-13,1.7297595739364624,1.75,1.75,1.690000057220459,1.690000057220459,1600
2002-02-14,1.6926932334899902,1.712499976158142,1.712499976158142,1.712499976158142,1.712499976158142,2000
2002-02-15,1.6926932334899902,1.712499976158142,1.712499976158142,1.712499976158142,1.712499976158142,0
2002-02-19,1.6926932334899902,1.712499976158142,1.712499976158142,1.712499976158142,1.712499976158142,0
2002-02-20,1.6309161186218262,1.649999976158142,1.9375,1.5,1.9375,20400
2002-02-21,1.7124619483947754,1.7324999570846558,1.7324999570846558,1.6875,1.7100000381469727,7200
2002-02-22,1.7124619483947754,1.7324999570846558,1.7324999570846558,1.7324999570846558,1.7324999570846558,0
2002-02-25,1.593849778175354,1.6124999523162842,1.625,1.6124999523162842,1.625,4000
2002-02-26,1.593849778175354,1.6124999523162842,1.6124999523162842,1.6124999523162842,1.6124999523162842,0
2002-02-27,1.7297595739364624,1.75,1.75,1.6875,1.6875,2800
2002-02-28,1.6926932334899902,1.712499976158142,1.712499976158142,1.649999976158142,1.6875,7200
2002-03-01,1.7544703483581543,1.774999976158142,1.774999976158142,1.7625000476837158,1.7725000381469727,6000
2002-03-04,1.6062052249908447,1.625,1.809999942779541,1.5625,1.809999942779541,13200
2002-03-05,1.6679823398590088,1.6875,1.6875,1.662500023841858,1.662500023841858,3200
2002-03-06,1.7791812419891357,1.7999999523162842,2.0,1.625,1.8250000476837158,23600
2002-03-07,1.7297595739364624,1.75,1.787500023841858,1.75,1.787500023841858,3200
2002-03-08,1.556783676147461,1.5750000476837158,1.8125,1.5125000476837158,1.725000023841858,19600
2002-03-11,1.7297595739364624,1.75,1.75,1.7000000476837158,1.7000000476837158,1600
2002-03-12,1.6926932334899902,1.712499976158142,1.875,1.712499976158142,1.875,16000
2002-03-13,1.7915366888046265,1.8125,1.8125,1.712499976158142,1.712499976158142,3600
2002-03-14,1.6926932334899902,1.712499976158142,1.875,1.712499976158142,1.7625000476837158,17600
2002-03-15,1.6926932334899902,1.712499976158142,1.712499976158142,1.712499976158142,1.712499976158142,400
2002-03-18,1.6704535484313965,1.690000057220459,1.690000057220459,1.690000057220459,1.690000057220459,12000
2002-03-19,1.7890654802322388,1.809999942779541,1.809999942779541,1.7000000476837158,1.7000000476837158,7600
2002-03-20,1.7915366888046265,1.8125,1.8125,1.8125,1.8125,1200
2002-03-21,1.7915366888046265,1.8125,1.8125,1.8049999475479126,1.8049999475479126,1600
2002-03-22,1.7915366888046265,1.8125,1.8125,1.8125,1.8125,0
2002-03-25,1.7915366888046265,1.8125,1.8125,1.8125,1.8125,2800
2002-03-26,1.8409583568572998,1.8624999523162842,1.875,1.8125,1.8125,4400
2002-03-27,1.8409583568572998,1.8624999523162842,1.8624999523162842,1.8624999523162842,1.8624999523162842,0
2002-03-28,1.8533138036727905,1.875,1.875,1.875,1.875,800
2002-04-01,1.8483716249465942,1.8700000047683716,1.8700000047683716,1.8700000047683716,1.8700000047683716,16000
2002-04-02,1.7322306632995605,1.752500057220459,1.774999976158142,1.75,1.774999976158142,37200
2002-04-03,1.7322306632995605,1.752500057220459,1.752500057220459,1.752500057220459,1.752500057220459,0
2002-04-04,1.7322306632995605,1.752500057220459,1.752500057220459,1.752500057220459,1.752500057220459,0
2002-04-05,1.7322306632995605,1.752500057220459,1.752500057220459,1.752500057220459,1.752500057220459,0
2002-04-08,1.7445861101150513,1.7649999856948853,1.7699999809265137,1.7649999856948853,1.7699999809265137,4000
2002-04-09,1.7544703483581543,1.774999976158142,1.774999976158142,1.7649999856948853,1.774999976158142,6800
2002-04-10,1.7544703483581543,1.774999976158142,1.774999976158142,1.774999976158142,1.774999976158142,0
2002-04-11,1.7544703483581543,1.774999976158142,1.774999976158142,1.774999976158142,1.774999976158142,0
2002-04-12,1.6704535484313965,1.690000057220459,1.7050000429153442,1.690000057220459,1.7050000429153442,16800
2002-04-15,1.7050487995147705,1.725000023841858,1.7625000476837158,1.649999976158142,1.7625000476837158,1200
2002-04-16,1.8409583568572998,1.8624999523162842,1.8624999523162842,1.7450000047683716,1.7450000047683716,9200
2002-04-17,1.8409583568572998,1.8624999523162842,1.8624999523162842,1.8624999523162842,1.8624999523162842,0
2002-04-18,1.7915366888046265,1.8125,1.8125,1.7374999523162842,1.7374999523162842,3200
2002-04-19,1.7322306632995605,1.752500057220459,1.8125,1.75,1.8125,8000
2002-04-22,1.7297595739364624,1.75,1.75,1.75,1.75,400
2002-04-23,1.7297595739364624,1.75,1.75,1.75,1.75,0
2002-04-24,1.7297595739364624,1.75,1.75,1.75,1.75,0
2002-04-25,1.680337905883789,1.7000000476837158,1.712499976158142,1.6875,1.7000000476837158,7600
2002-04-26,1.8162474632263184,1.837499976158142,1.837499976158142,1.587499976158142,1.784999966621399,15600
2002-04-29,1.8162474632263184,1.837499976158142,1.837499976158142,1.837499976158142,1.837499976158142,0
2002-04-30,1.6358582973480225,1.6549999713897705,1.6549999713897705,1.6549999713897705,1.6549999713897705,1600
2002-05-01,1.6926932334899902,1.712499976158142,1.712499976158142,1.712499976158142,1.712499976158142,2000
2002-05-02,1.7297595739364624,1.75,1.75,1.587499976158142,1.6974999904632568,4400
2002-05-03,1.7297595739364624,1.75,1.75,1.75,1.75,0
2002-05-06,1.6062052249908447,1.625,1.625,1.625,1.625,1200
2002-05-07,1.784123420715332,1.8049999475479126,1.8049999475479126,1.5800000429153442,1.5800000429153442,2400
2002-05-08,1.7297595739364624,1.75,1.8450000286102295,1.590000033378601,1.8450000286102295,28400
2002-05-09,1.7297595739364624,1.75,1.752500057220459,1.75,1.752500057220459,13600
2002-05-10,1.7297595739364624,1.75,1.7725000381469727,1.649999976158142,1.7725000381469727,25600
2002-05-13,1.766825795173645,1.787500023841858,1.787500023841858,1.75,1.75,10400
2002-05-14,1.766825795173645,1.787500023841858,1.847499966621399,1.6875,1.847499966621399,12400
2002-05-15,1.766825795173645,1.787500023841858,1.787500023841858,1.787500023841858,1.787500023841858,7600
2002-05-16,1.766825795173645,1.787500023841858,1.787500023841858,1.774999976158142,1.787500023841858,11600
2002-05-17,1.7174041271209717,1.7374999523162842,1.777500033378601,1.7374999523162842,1.777500033378601,3200
2002-05-20,1.7174041271209717,1.7374999523162842,1.7374999523162842,1.7374999523162842,1.7374999523162842,0
2002-05-21,1.7421150207519531,1.7625000476837158,1.777500033378601,1.7625000476837158,1.7675000429153442,10000
2002-05-22,1.766825795173645,1.787500023841858,1.787500023841858,1.774999976158142,1.774999976158142,7200
2002-05-23,1.756941556930542,1.777500033378601,1.777500033378601,1.75,1.75,4800
2002-05-24,1.766825795173645,1.787500023841858,1.787500023841858,1.7799999713897705,1.7799999713897705,17600
2002-05-28,1.766825795173645,1.787500023841858,1.787500023841858,1.7549999952316284,1.7625000476837158,5200
2002-05-29,1.7890654802322388,1.809999942779541,1.809999942779541,1.787500023841858,1.787500023841858,3600
2002-05-30,1.7594125270843506,1.7799999713897705,1.8300000429153442,1.7799999713897705,1.8250000476837158,7600
2002-05-31,1.8162474632263184,1.837499976158142,1.837499976158142,1.8350000381469727,1.8350000381469727,5200
2002-06-03,1.8162474632263184,1.837499976158142,1.8624999523162842,1.837499976158142,1.847499966621399,6000
2002-06-04,1.826131820678711,1.847499966621399,1.847499966621399,1.8450000286102295,1.8450000286102295,4000
2002-06-05,1.7742390632629395,1.7949999570846558,1.7949999570846558,1.7949999570846558,1.7949999570846558,400
2002-06-06,1.7742390632629395,1.7949999570846558,1.847499966621399,1.7949999570846558,1.847499966621399,800
2002-06-07,1.7297595739364624,1.75,1.7949999570846558,1.75,1.7949999570846558,10800
2002-06-10,1.2602533102035522,1.274999976158142,1.5475000143051147,1.2374999523162842,1.475000023841858,349600
2002-06-11,1.4554691314697266,1.472499966621399,1.5199999809265137,1.2999999523162842,1.5,219600
2002-06-12,1.4950065612792969,1.5125000476837158,1.587499976158142,1.472499966621399,1.5499999523162842,65600
2002-06-13,1.53207266330719,1.5499999523162842,1.622499942779541,1.5175000429153442,1.5175000429153442,21600
2002-06-14,1.53207266330719,1.5499999523162842,1.5499999523162842,1.5499999523162842,1.5499999523162842,2800
2002-06-17,1.4851220846176147,1.502500057220459,1.5499999523162842,1.5,1.5499999523162842,18800
2002-06-18,1.5444281101226807,1.5625,1.5750000476837158,1.5099999904632568,1.5425000190734863,15600
2002-06-19,1.5098329782485962,1.527500033378601,1.597499966621399,1.527500033378601,1.5575000047683716,17200
2002-06-20,1.5814945697784424,1.600000023841858,1.6050000190734863,1.590000033378601,1.590000033378601,1200
2002-06-21,1.583965539932251,1.6024999618530273,1.6024999618530273,1.527500033378601,1.527500033378601,2000
2002-06-24,1.4974775314331055,1.5149999856948853,1.6050000190734863,1.5149999856948853,1.6050000190734863,19600
2002-06-25,1.4801799058914185,1.497499942779541,1.5149999856948853,1.497499942779541,1.5149999856948853,3200
2002-06-26,1.4752377271652222,1.4924999475479126,1.4924999475479126,1.4900000095367432,1.4900000095367432,1200
2002-06-27,1.507361888885498,1.524999976158142,1.6050000190734863,1.5,1.5,7200
2002-06-28,1.507361888885498,1.524999976158142,1.524999976158142,1.5,1.5,6400
2002-07-01,1.4554691314697266,1.472499966621399,1.475000023841858,1.4500000476837158,1.475000023841858,4800
2002-07-02,1.3590967655181885,1.375,1.375,1.375,1.375,2400
2002-07-03,1.3343859910964966,1.350000023841858,1.4375,1.274999976158142,1.4375,15600
2002-07-05,1.3838075399398804,1.399999976158142,1.399999976158142,1.399999976158142,1.399999976158142,2800
2002-07-08,1.3343859910964966,1.350000023841858,1.4249999523162842,1.350000023841858,1.412500023841858,4400
2002-07-09,1.3838075399398804,1.399999976158142,1.399999976158142,1.315000057220459,1.350000023841858,11600
2002-07-10,1.53207266330719,1.5499999523162842,1.5499999523162842,1.4225000143051147,1.4299999475479126,32400
2002-07-11,1.53207266330719,1.5499999523162842,1.5499999523162842,1.5499999523162842,1.5499999523162842,0
2002-07-12,1.4752377271652222,1.4924999475479126,1.4924999475479126,1.4924999475479126,1.4924999475479126,4000
2002-07-15,1.4579402208328247,1.475000023841858,1.5,1.277500033378601,1.4249999523162842,5600
2002-07-16,1.4579402208328247,1.475000023841858,1.475000023841858,1.475000023841858,1.475000023841858,0
2002-07-17,1.4826509952545166,1.5,1.5,1.4950000047683716,1.4950000047683716,14000
2002-07-18,1.4826509952545166,1.5,1.5,1.5,1.5,0
2002-07-19,1.507361888885498,1.524999976158142,1.524999976158142,1.5125000476837158,1.5125000476837158,5600
2002-07-22,1.3368569612503052,1.3524999618530273,1.375,1.315000057220459,1.375,7600
2002-07-23,1.3368569612503052,1.3524999618530273,1.3524999618530273,1.3524999618530273,1.3524999618530273,1600
2002-07-24,1.4579402208328247,1.475000023841858,1.475000023841858,1.475000023841858,1.475000023841858,400
2002-07-25,1.3319149017333984,1.347499966621399,1.3524999618530273,1.315000057220459,1.3524999618530273,6400
2002-07-26,1.3838075399398804,1.399999976158142,1.399999976158142,1.3250000476837158,1.3250000476837158,6000
2002-07-29,1.3096750974655151,1.3250000476837158,1.3250000476837158,1.3250000476837158,1.3250000476837158,2400
2002-07-30,1.3096750974655151,1.3250000476837158,1.3250000476837158,1.3250000476837158,1.3250000476837158,0
2002-07-31,1.3195594549179077,1.3350000381469727,1.399999976158142,1.3350000381469727,1.399999976158142,8400
2002-08-01,1.3813365697860718,1.3975000381469727,1.4700000286102295,1.3975000381469727,1.4700000286102295,7200
2002-08-02,1.3813365697860718,1.3975000381469727,1.3975000381469727,1.3975000381469727,1.3975000381469727,0
2002-08-05,1.299790859222412,1.315000057220459,1.315000057220459,1.315000057220459,1.315000057220459,400
2002-08-06,1.299790859222412,1.315000057220459,1.315000057220459,1.315000057220459,1.315000057220459,0
2002-08-07,1.4332294464111328,1.4500000476837158,1.497499942779541,1.3925000429153442,1.3925000429153442,9600
2002-08-08,1.4332294464111328,1.4500000476837158,1.4500000476837158,1.4500000476837158,1.4500000476837158,0
2002-08-09,1.4332294464111328,1.4500000476837158,1.4500000476837158,1.4500000476837158,1.4500000476837158,1200
2002-08-12,1.4332294464111328,1.4500000476837158,1.4500000476837158,1.4500000476837158,1.4500000476837158,0
2002-08-13,1.4579402208328247,1.475000023841858,1.5924999713897705,1.375,1.5,29200
2002-08-14,1.3590967655181885,1.375,1.375,1.375,1.375,5200
2002-08-15,1.3590967655181885,1.375,1.375,1.340000033378601,1.340000033378601,2800
2002-08-16,1.3590967655181885,1.375,1.375,1.375,1.375,0
2002-08-19,1.3590967655181885,1.375,1.375,1.375,1.375,0
2002-08-20,1.3590967655181885,1.375,1.375,1.375,1.375,0
2002-08-21,1.3590967655181885,1.375,1.375,1.375,1.375,0
2002-08-22,1.3838075399398804,1.399999976158142,1.402500033378601,1.399999976158142,1.402500033378601,3600
2002-08-23,1.4801799058914185,1.497499942779541,1.497499942779541,1.497499942779541,1.497499942779541,2400
2002-08-26,1.4801799058914185,1.497499942779541,1.497499942779541,1.497499942779541,1.497499942779541,0
2002-08-27,1.4801799058914185,1.497499942779541,1.497499942779541,1.497499942779541,1.497499942779541,0
2002-08-28,1.4826509952545166,1.5,1.5,1.5,1.5,400
2002-08-29,1.5197173357009888,1.537500023841858,1.537500023841858,1.4325000047683716,1.4325000047683716,1600
2002-08-30,1.5197173357009888,1.537500023841858,1.537500023841858,1.537500023841858,1.537500023841858,0
2002-09-03,1.5197173357009888,1.537500023841858,1.537500023841858,1.537500023841858,1.537500023841858,0
2002-09-04,1.5197173357009888,1.537500023841858,1.537500023841858,1.537500023841858,1.537500023841858,0
2002-09-05,1.5197173357009888,1.537500023841858,1.537500023841858,1.537500023841858,1.537500023841858,0
2002-09-06,1.5197173357009888,1.537500023841858,1.537500023841858,1.537500023841858,1.537500023841858,0
2002-09-09,1.5197173357009888,1.537500023841858,1.537500023841858,1.537500023841858,1.537500023841858,0
2002-09-10,1.5197173357009888,1.537500023841858,1.537500023841858,1.537500023841858,1.537500023841858,0
2002-09-11,1.4208738803863525,1.4375,1.4375,1.4375,1.4375,2400
2002-09-12,1.4801799058914185,1.497499942779541,1.497499942779541,1.497499942779541,1.497499942779541,400
2002-09-13,1.4801799058914185,1.497499942779541,1.497499942779541,1.497499942779541,1.497499942779541,0
2002-09-16,1.4801799058914185,1.497499942779541,1.497499942779541,1.497499942779541,1.497499942779541,0
2002-09-17,1.4777088165283203,1.4950000047683716,1.4950000047683716,1.462499976158142,1.462499976158142,1200
2002-09-18,1.4826509952545166,1.5,1.5,1.4950000047683716,1.497499942779541,5600
2002-09-19,1.4431136846542358,1.4600000381469727,1.4600000381469727,1.4574999809265137,1.4600000381469727,1600
2002-09-20,1.445584774017334,1.462499976158142,1.462499976158142,1.434999942779541,1.434999942779541,17200
2002-09-23,1.4332294464111328,1.4500000476837158,1.4874999523162842,1.4500000476837158,1.4874999523162842,3200
2002-09-24,1.4332294464111328,1.4500000476837158,1.4500000476837158,1.4500000476837158,1.4500000476837158,2400
2002-09-25,1.4357004165649414,1.4524999856948853,1.4524999856948853,1.4524999856948853,1.4524999856948853,800
2002-09-26,1.4159317016601562,1.4325000047683716,1.4474999904632568,1.4325000047683716,1.4474999904632568,1200
2002-09-27,1.4085184335708618,1.4249999523162842,1.4249999523162842,1.4249999523162842,1.4249999523162842,2000
2002-09-30,1.3590967655181885,1.375,1.4249999523162842,1.375,1.4249999523162842,3200
2002-10-01,1.3590967655181885,1.375,1.375,1.375,1.375,0
2002-10-02,1.3788654804229736,1.3949999809265137,1.3949999809265137,1.3949999809265137,1.3949999809265137,2000
2002-10-03,1.3788654804229736,1.3949999809265137,1.3949999809265137,1.350000023841858,1.350000023841858,4000
2002-10-04,1.3838075399398804,1.399999976158142,1.399999976158142,1.350000023841858,1.350000023841858,3600
2002-10-07,1.3294438123703003,1.3450000286102295,1.347499966621399,1.3450000286102295,1.347499966621399,1600
2002-10-08,1.2602533102035522,1.274999976158142,1.350000023841858,1.274999976158142,1.3324999809265137,19200
2002-10-09,1.26272451877594,1.277500033378601,1.3574999570846558,1.277500033378601,1.3574999570846558,8800
2002-10-10,1.3393281698226929,1.3550000190734863,1.3574999570846558,1.252500057220459,1.3224999904632568,5200
2002-10-11,1.3393281698226929,1.3550000190734863,1.3550000190734863,1.3550000190734863,1.3550000190734863,0
2002-10-14,1.3393281698226929,1.3550000190734863,1.3550000190734863,1.3550000190734863,1.3550000190734863,0
2002-10-15,1.3442703485488892,1.3600000143051147,1.3600000143051147,1.3600000143051147,1.3600000143051147,2400
2002-10-16,1.3590967655181885,1.375,1.399999976158142,1.337499976158142,1.3600000143051147,3200
2002-10-17,1.3541545867919922,1.3700000047683716,1.375,1.3700000047683716,1.375,4800
2002-10-18,1.3541545867919922,1.3700000047683716,1.3700000047683716,1.3700000047683716,1.3700000047683716,0
2002-10-21,1.4332294464111328,1.4500000476837158,1.4500000476837158,1.3524999618530273,1.3524999618530273,14800
2002-10-22,1.4307582378387451,1.4474999904632568,1.4474999904632568,1.4474999904632568,1.4474999904632568,400
2002-10-23,1.4307582378387451,1.4474999904632568,1.4474999904632568,1.4149999618530273,1.4149999618530273,1200
2002-10-24,1.4307582378387451,1.4474999904632568,1.4474999904632568,1.4474999904632568,1.4474999904632568,0
2002-10-25,1.4307582378387451,1.4474999904632568,1.4474999904632568,1.4474999904632568,1.4474999904632568,0
2002-10-28,1.4307582378387451,1.4474999904632568,1.4474999904632568,1.4474999904632568,1.4474999904632568,0
2002-10-29,1.4307582378387451,1.4474999904632568,1.4474999904632568,1.4474999904632568,1.4474999904632568,0
2002-10-30,1.4826509952545166,1.5,1.5,1.399999976158142,1.399999976158142,6400
2002-10-31,1.4826509952545166,1.5,1.5,1.5,1.5,0
2002-11-01,1.4826509952545166,1.5,1.5,1.5,1.5,0
2002-11-04,1.4826509952545166,1.5,1.5,1.5,1.5,0
2002-11-05,1.4826509952545166,1.5,1.5,1.5,1.5,0
2002-11-06,1.3467413187026978,1.3624999523162842,1.3624999523162842,1.3624999523162842,1.3624999523162842,1600
2002-11-07,1.3467413187026978,1.3624999523162842,1.3624999523162842,1.3624999523162842,1.3624999523162842,0
2002-11-08,1.3615679740905762,1.377500057220459,1.377500057220459,1.377500057220459,1.377500057220459,2400
2002-11-11,1.3640389442443848,1.3799999952316284,1.3799999952316284,1.3799999952316284,1.3799999952316284,1200
2002-11-12,1.4307582378387451,1.4474999904632568,1.4474999904632568,1.4474999904632568,1.4474999904632568,400
2002-11-13,1.507361888885498,1.524999976158142,1.5625,1.4474999904632568,1.4474999904632568,12000
2002-11-14,1.4826509952545166,1.5,1.5,1.4774999618530273,1.4774999618530273,16400
2002-11-15,1.524659514427185,1.5425000190734863,1.5700000524520874,1.534999966621399,1.534999966621399,28400
2002-11-18,1.5098329782485962,1.527500033378601,1.5499999523162842,1.527500033378601,1.5499999523162842,12400
2002-11-19,1.6506848335266113,1.6699999570846558,1.6699999570846558,1.5924999713897705,1.600000023841858,12800
2002-11-20,1.5963209867477417,1.6150000095367432,1.6649999618530273,1.6150000095367432,1.662500023841858,11200
2002-11-21,1.618560791015625,1.6375000476837158,1.6649999618530273,1.6349999904632568,1.662500023841858,4800
2002-11-22,1.7421150207519531,1.7625000476837158,1.7625000476837158,1.5625,1.6725000143051147,22400
2002-11-25,1.7915366888046265,1.8125,1.8125,1.787500023841858,1.787500023841858,3600
2002-11-26,1.680337905883789,1.7000000476837158,1.8075000047683716,1.7000000476837158,1.8075000047683716,14000
2002-11-27,1.680337905883789,1.7000000476837158,1.7000000476837158,1.7000000476837158,1.7000000476837158,0
2002-11-29,1.7322306632995605,1.752500057220459,1.840000033378601,1.715000033378601,1.715000033378601,18000
2002-12-02,1.7322306632995605,1.752500057220459,1.752500057220459,1.752500057220459,1.752500057220459,0
2002-12-03,1.7717680931091309,1.7925000190734863,1.7925000190734863,1.7925000190734863,1.7925000190734863,400
2002-12-04,1.7717680931091309,1.7925000190734863,1.7925000190734863,1.7925000190734863,1.7925000190734863,0
2002-12-05,1.7717680931091309,1.7925000190734863,1.7925000190734863,1.7925000190734863,1.7925000190734863,0
2002-12-06,1.7322306632995605,1.752500057220459,1.774999976158142,1.75,1.75,9600
2002-12-09,1.8508425951004028,1.872499942779541,1.872499942779541,1.7274999618530273,1.7274999618530273,2800
2002-12-10,1.766825795173645,1.787500023841858,1.8624999523162842,1.784999966621399,1.8624999523162842,16000
2002-12-11,1.6976354122161865,1.7174999713897705,1.7200000286102295,1.7174999713897705,1.7200000286102295,3600
2002-12-12,1.7001065015792847,1.7200000286102295,1.7200000286102295,1.7200000286102295,1.7200000286102295,800
2002-12-13,1.7001065015792847,1.7200000286102295,1.7200000286102295,1.7200000286102295,1.7200000286102295,0
2002-12-16,1.7001065015792847,1.7200000286102295,1.7200000286102295,1.7200000286102295,1.7200000286102295,0
2002-12-17,1.7421150207519531,1.7625000476837158,1.7625000476837158,1.747499942779541,1.747499942779541,4800
2002-12-18,1.756941556930542,1.777500033378601,1.777500033378601,1.75,1.75,2000
2002-12-19,1.6976354122161865,1.7174999713897705,1.7174999713897705,1.7174999713897705,1.7174999713897705,400
2002-12-20,1.7272883653640747,1.747499942779541,1.75,1.747499942779541,1.75,4000
2002-12-23,1.7915366888046265,1.8125,1.8125,1.75,1.752500057220459,20000
2002-12-24,1.8483716249465942,1.8700000047683716,1.8700000047683716,1.8125,1.8125,3600
2002-12-26,1.784123420715332,1.8049999475479126,1.8049999475479126,1.8049999475479126,1.8049999475479126,800
2002-12-27,1.784123420715332,1.8049999475479126,1.8049999475479126,1.8049999475479126,1.8049999475479126,0
2002-12-30,1.6926932334899902,1.712499976158142,1.712499976158142,1.712499976158142,1.712499976158142,800
2002-12-31,1.739643931388855,1.7599999904632568,1.7599999904632568,1.7549999952316284,1.7549999952316284,3600
2003-01-02,1.7791812419891357,1.7999999523162842,1.875,1.75,1.7999999523162842,50400
2003-01-03,1.7791812419891357,1.7999999523162842,1.7999999523162842,1.7999999523162842,1.7999999523162842,0
2003-01-06,1.7421150207519531,1.7625000476837158,1.7999999523162842,1.7625000476837158,1.7999999523162842,4400
2003-01-07,1.7767101526260376,1.7975000143051147,1.7975000143051147,1.5950000286102295,1.7625000476837158,13600
2003-01-08,1.7297595739364624,1.75,1.75,1.747499942779541,1.747499942779541,7600
2003-01-09,1.7297595739364624,1.75,1.75,1.75,1.75,0
2003-01-10,1.7322306632995605,1.752500057220459,1.752500057220459,1.752500057220459,1.752500057220459,400
2003-01-13,1.672924518585205,1.6924999952316284,1.752500057220459,1.652500033378601,1.752500057220459,7200
2003-01-14,1.784123420715332,1.8049999475479126,1.8174999952316284,1.7949999570846558,1.7949999570846558,1600
2003-01-15,1.7322306632995605,1.752500057220459,1.8250000476837158,1.752500057220459,1.8250000476837158,2800
2003-01-16,1.7297595739364624,1.75,1.75,1.7324999570846558,1.75,4800
2003-01-17,1.6852800846099854,1.7050000429153442,1.7324999570846558,1.7050000429153442,1.7324999570846558,3200
2003-01-21,1.7297595739364624,1.75,1.75,1.7450000047683716,1.7450000047683716,3200
2003-01-22,1.7297595739364624,1.75,1.75,1.75,1.75,0
2003-01-23,1.583965539932251,1.6024999618530273,1.752500057220459,1.5525000095367432,1.752500057220459,10400
2003-01-24,1.6556270122528076,1.6749999523162842,1.712499976158142,1.6024999618530273,1.652500033378601,22800
2003-01-27,1.6556270122528076,1.6749999523162842,1.6749999523162842,1.6749999523162842,1.6749999523162842,0
2003-01-28,1.7198752164840698,1.7400000095367432,1.7400000095367432,1.6775000095367432,1.6775000095367432,11600
2003-01-29,1.6926932334899902,1.712499976158142,1.712499976158142,1.5299999713897705,1.6749999523162842,30000
2003-01-30,1.7223461866378784,1.7424999475479126,1.7424999475479126,1.7424999475479126,1.7424999475479126,800
2003-01-31,1.707519769668579,1.7274999618530273,1.7274999618530273,1.7274999618530273,1.7274999618530273,800
2003-02-03,1.7272883653640747,1.747499942779541,1.747499942779541,1.747499942779541,1.747499942779541,1200
2003-02-04,1.6852800846099854,1.7050000429153442,1.7050000429153442,1.7050000429153442,1.7050000429153442,1200
2003-02-05,1.7174041271209717,1.7374999523162842,1.747499942779541,1.7350000143051147,1.747499942779541,7600
2003-02-06,1.672924518585205,1.6924999952316284,1.7024999856948853,1.5724999904632568,1.7024999856948853,8000
2003-02-07,1.680337905883789,1.7000000476837158,1.7000000476837158,1.5674999952316284,1.6924999952316284,22000
2003-02-10,1.7174041271209717,1.7374999523162842,1.7450000047683716,1.7374999523162842,1.7374999523162842,4000
2003-02-11,1.6580981016159058,1.6775000095367432,1.722499966621399,1.6549999713897705,1.722499966621399,12800
2003-02-12,1.6432716846466064,1.662500023841858,1.7074999809265137,1.5299999713897705,1.5299999713897705,10400
2003-02-13,1.6655112504959106,1.684999942779541,1.684999942779541,1.684999942779541,1.684999942779541,400
2003-02-14,1.6655112504959106,1.684999942779541,1.684999942779541,1.684999942779541,1.684999942779541,0
2003-02-18,1.6679823398590088,1.6875,1.6875,1.6875,1.6875,2000
2003-02-19,1.6432716846466064,1.662500023841858,1.7374999523162842,1.649999976158142,1.7350000143051147,48000
2003-02-20,1.677866816520691,1.6974999904632568,1.7274999618530273,1.684999942779541,1.684999942779541,6400
2003-02-21,1.6902222633361816,1.7100000381469727,1.7424999475479126,1.6549999713897705,1.6725000143051147,27200
2003-02-24,1.6902222633361816,1.7100000381469727,1.7100000381469727,1.7100000381469727,1.7100000381469727,0
2003-02-25,1.6531559228897095,1.6725000143051147,1.6725000143051147,1.6725000143051147,1.6725000143051147,1200
2003-02-26,1.7025774717330933,1.722499966621399,1.722499966621399,1.690000057220459,1.7174999713897705,2800
2003-02-27,1.7025774717330933,1.722499966621399,1.722499966621399,1.722499966621399,1.722499966621399,0
2003-02-28,1.6556270122528076,1.6749999523162842,1.715000033378601,1.6675000190734863,1.715000033378601,3200
2003-03-03,1.677866816520691,1.6974999904632568,1.6974999904632568,1.6675000190734863,1.6675000190734863,2400
2003-03-04,1.6531559228897095,1.6725000143051147,1.6974999904632568,1.6725000143051147,1.6875,3600
2003-03-05,1.677866816520691,1.6974999904632568,1.7000000476837158,1.652500033378601,1.6675000190734863,3200
2003-03-06,1.680337905883789,1.7000000476837158,1.7274999618530273,1.6825000047683716,1.7274999618530273,13600
2003-03-07,1.6432716846466064,1.662500023841858,1.662500023841858,1.662500023841858,1.662500023841858,1600
2003-03-10,1.687751054763794,1.7074999809265137,1.7074999809265137,1.659999966621399,1.659999966621399,800
2003-03-11,1.6926932334899902,1.712499976158142,1.7200000286102295,1.7000000476837158,1.712499976158142,11200
2003-03-12,1.6926932334899902,1.712499976158142,1.712499976158142,1.712499976158142,1.712499976158142,400
2003-03-13,1.663040280342102,1.6825000047683716,1.712499976158142,1.6825000047683716,1.712499976158142,1200
2003-03-14,1.663040280342102,1.6825000047683716,1.6825000047683716,1.6825000047683716,1.6825000047683716,0
2003-03-17,1.663040280342102,1.6825000047683716,1.712499976158142,1.6699999570846558,1.6699999570846558,10400
2003-03-18,1.7050487995147705,1.725000023841858,1.75,1.725000023841858,1.725000023841858,8000
2003-03-19,1.7272883653640747,1.747499942779541,1.75,1.7174999713897705,1.722499966621399,4800
2003-03-20,1.6309161186218262,1.649999976158142,1.7274999618530273,1.649999976158142,1.7274999618530273,2400
2003-03-21,1.6309161186218262,1.649999976158142,1.649999976158142,1.649999976158142,1.649999976158142,0
2003-03-24,1.6309161186218262,1.649999976158142,1.649999976158142,1.649999976158142,1.649999976158142,0
2003-03-25,1.6309161186218262,1.649999976158142,1.649999976158142,1.649999976158142,1.649999976158142,0
2003-03-26,1.7297595739364624,1.75,1.75,1.75,1.75,800
2003-03-27,1.680337905883789,1.7000000476837158,1.7000000476837158,1.7000000476837158,1.7000000476837158,400
2003-03-28,1.680337905883789,1.7000000476837158,1.7000000476837158,1.7000000476837158,1.7000000476837158,0
2003-03-31,1.6309161186218262,1.649999976158142,1.6575000286102295,1.649999976158142,1.6575000286102295,1600
2003-04-01,1.6556270122528076,1.6749999523162842,1.6749999523162842,1.6749999523162842,1.6749999523162842,4400
2003-04-02,1.6556270122528076,1.6749999523162842,1.6749999523162842,1.6749999523162842,1.6749999523162842,400
2003-04-03,1.6556270122528076,1.6749999523162842,1.6749999523162842,1.6749999523162842,1.6749999523162842,0
2003-04-04,1.6556270122528076,1.6749999523162842,1.6749999523162842,1.6749999523162842,1.6749999523162842,0
2003-04-07,1.7297595739364624,1.75,1.75,1.7400000095367432,1.7400000095367432,3200
2003-04-08,1.7297595739364624,1.75,1.75,1.75,1.75,0
2003-04-09,1.7297595739364624,1.75,1.75,1.75,1.75,400
2003-04-10,1.7297595739364624,1.75,1.75,1.75,1.75,0
2003-04-11,1.7297595739364624,1.75,1.75,1.75,1.75,0
2003-04-14,1.7050487995147705,1.725000023841858,1.725000023841858,1.725000023841858,1.725000023841858,3200
2003-04-15,1.6580981016159058,1.6775000095367432,1.6775000095367432,1.6775000095367432,1.6775000095367432,400
2003-04-16,1.7050487995147705,1.725000023841858,1.725000023841858,1.722499966621399,1.722499966621399,1600
2003-04-17,1.7297595739364624,1.75,1.75,1.7450000047683716,1.7450000047683716,2800
2003-04-21,1.7297595739364624,1.75,1.75,1.75,1.75,0
2003-04-22,1.7297595739364624,1.75,1.75,1.75,1.75,0
2003-04-23,1.7297595739364624,1.75,1.75,1.75,1.75,0
2003-04-24,1.7297595739364624,1.75,1.75,1.75,1.75,0
2003-04-25,1.7099909782409668,1.7300000190734863,1.7300000190734863,1.7300000190734863,1.7300000190734863,400
2003-04-28,1.7099909782409668,1.7300000190734863,1.7300000190734863,1.7300000190734863,1.7300000190734863,0
2003-04-29,1.7050487995147705,1.725000023841858,1.725000023841858,1.7174999713897705,1.7174999713897705,5600
2003-04-30,1.6926932334899902,1.712499976158142,1.712499976158142,1.712499976158142,1.712499976158142,2400
2003-05-01,1.6926932334899902,1.712499976158142,1.712499976158142,1.690000057220459,1.690000057220459,3600
2003-05-02,1.7272883653640747,1.747499942779541,1.7625000476837158,1.725000023841858,1.725000023841858,13600
2003-05-05,1.7544703483581543,1.774999976158142,1.7899999618530273,1.75,1.75,27200
2003-05-06,1.7791812419891357,1.7999999523162842,1.837499976158142,1.7949999570846558,1.7949999570846558,5200
2003-05-07,1.7791812419891357,1.7999999523162842,1.7999999523162842,1.7999999523162842,1.7999999523162842,0
2003-05-08,1.7791812419891357,1.7999999523162842,1.7999999523162842,1.7999999523162842,1.7999999523162842,0
2003-05-09,1.7791812419891357,1.7999999523162842,1.7999999523162842,1.7999999523162842,1.7999999523162842,0
2003-05-12,1.7791812419891357,1.7999999523162842,1.7999999523162842,1.7999999523162842,1.7999999523162842,0
2003-05-13,1.7791812419891357,1.7999999523162842,1.7999999523162842,1.7999999523162842,1.7999999523162842,0
2003-05-14,1.8533138036727905,1.875,1.875,1.840000033378601,1.840000033378601,12400
2003-05-15,1.9027354717254639,1.9249999523162842,1.9500000476837158,1.899999976158142,1.912500023841858,43600
2003-05-16,2.0114634037017822,2.0350000858306885,2.0374999046325684,1.9375,1.9375,23600
2003-05-19,1.9768680334091187,2.0,2.125,1.9800000190734863,2.059999942779541,8000
2003-05-20,1.9027354717254639,1.9249999523162842,2.0,1.9249999523162842,2.0,6800
2003-05-21,1.9027354717254639,1.9249999523162842,1.9249999523162842,1.9249999523162842,1.9249999523162842,0
2003-05-22,1.964512586593628,1.9874999523162842,1.9874999523162842,1.965000033378601,1.965000033378601,800
2003-05-23,1.964512586593628,1.9874999523162842,1.997499942779541,1.962499976158142,1.997499942779541,7200
2003-05-27,1.9768680334091187,2.0,2.0,1.9950000047683716,2.0,16000
2003-05-28,1.9768680334091187,2.0,2.0,2.0,2.0,2400
2003-05-29,1.939801812171936,1.962499976158142,1.962499976158142,1.962499976158142,1.962499976158142,800
2003-05-30,1.8780245780944824,1.899999976158142,2.0,1.899999976158142,2.0,2400
2003-06-02,1.8533138036727905,1.875,1.962499976158142,1.875,1.9600000381469727,19600
2003-06-03,1.8038921356201172,1.8250000476837158,1.875,1.7374999523162842,1.875,6000
2003-06-04,1.9521571397781372,1.975000023841858,1.9950000047683716,1.8799999952316284,1.8799999952316284,13600
2003-06-05,1.939801812171936,1.962499976158142,1.962499976158142,1.909999966621399,1.909999966621399,10400
2003-06-06,1.8780245780944824,1.899999976158142,1.899999976158142,1.899999976158142,1.899999976158142,400
2003-06-09,1.8038921356201172,1.8250000476837158,1.8949999809265137,1.8250000476837158,1.8949999809265137,4000
2003-06-10,1.8038921356201172,1.8250000476837158,1.875,1.8250000476837158,1.872499942779541,6400
2003-06-11,1.9719258546829224,1.9950000047683716,1.9950000047683716,1.899999976158142,1.9850000143051147,28000
2003-06-12,1.9274464845657349,1.9500000476837158,2.0,1.9500000476837158,1.9950000047683716,21200
2003-06-13,1.9768680334091187,2.0,2.0,2.0,2.0,2400
2003-06-16,1.9200330972671509,1.9424999952316284,2.0,1.9424999952316284,2.0,10800
2003-06-17,1.9200330972671509,1.9424999952316284,1.997499942779541,1.9424999952316284,1.9424999952316284,3200
2003-06-18,1.9743969440460205,1.997499942779541,1.997499942779541,1.9424999952316284,1.9424999952316284,10000
2003-06-19,1.9743969440460205,1.997499942779541,1.997499942779541,1.997499942779541,1.997499942779541,0
2003-06-20,1.9768680334091187,2.0,2.0,1.997499942779541,1.997499942779541,2400
2003-06-23,1.964512586593628,1.9874999523162842,2.007499933242798,1.9550000429153442,2.007499933242798,2800
2003-06-24,1.9521571397781372,1.975000023841858,1.9874999523162842,1.975000023841858,1.9874999523162842,5600
2003-06-25,1.964512586593628,1.9874999523162842,1.9874999523162842,1.9874999523162842,1.9874999523162842,400
2003-06-26,1.964512586593628,1.9874999523162842,1.9874999523162842,1.972499966621399,1.972499966621399,800
2003-06-27,1.9768680334091187,2.0,2.0,1.940000057220459,1.962499976158142,10400
2003-06-30,1.9768680334091187,2.0,2.0,2.0,2.0,0
2003-07-01,1.9768680334091187,2.0,2.0,1.975000023841858,1.975000023841858,800
2003-07-02,1.9768680334091187,2.0,2.0,1.9375,2.0,8800
2003-07-03,2.1621994972229004,2.1875,2.25,2.075000047683716,2.122499942779541,41200
2003-07-07,2.248687505722046,2.2750000953674316,2.2925000190734863,2.2249999046325684,2.2750000953674316,24800
2003-07-08,2.2239766120910645,2.25,2.2925000190734863,2.237499952316284,2.2925000190734863,18800
2003-07-09,2.2635138034820557,2.2899999618530273,2.2899999618530273,2.25,2.25,16000
2003-07-10,2.2635138034820557,2.2899999618530273,2.2899999618530273,2.25,2.25,4800
2003-07-11,2.199265480041504,2.2249999046325684,2.2874999046325684,2.2125000953674316,2.2874999046325684,13600
2003-07-14,2.211621046066284,2.237499952316284,2.237499952316284,2.237499952316284,2.237499952316284,400
2003-07-15,2.211621046066284,2.237499952316284,2.237499952316284,2.237499952316284,2.237499952316284,400
2003-07-16,2.199265480041504,2.2249999046325684,2.2249999046325684,2.1524999141693115,2.1524999141693115,20400
2003-07-17,2.199265480041504,2.2249999046325684,2.2249999046325684,2.2249999046325684,2.2249999046325684,0
2003-07-18,2.199265480041504,2.2249999046325684,2.2249999046325684,2.2249999046325684,2.2249999046325684,4400
2003-07-21,2.2239766120910645,2.25,2.262500047683716,2.174999952316284,2.174999952316284,20800
2003-07-22,2.219034194946289,2.244999885559082,2.262500047683716,2.2249999046325684,2.25,29200
2003-07-23,2.2363319396972656,2.262500047683716,2.262500047683716,2.25,2.262500047683716,19200
2003-07-24,2.226447582244873,2.252500057220459,2.2750000953674316,2.237499952316284,2.262500047683716,22800
2003-07-25,2.2239766120910645,2.25,2.262500047683716,2.25,2.262500047683716,13600
2003-07-28,2.1621994972229004,2.1875,2.2825000286102295,2.1875,2.2825000286102295,8000
2003-07-29,2.248687505722046,2.2750000953674316,2.2874999046325684,2.25,2.25,10400
2003-07-30,2.2239766120910645,2.25,2.262500047683716,2.25,2.262500047683716,2800
2003-07-31,2.2239766120910645,2.25,2.25,2.25,2.25,4400
2003-08-01,2.261042833328247,2.2874999046325684,2.2874999046325684,2.2874999046325684,2.2874999046325684,400
2003-08-04,2.261042833328247,2.2874999046325684,2.2874999046325684,2.2874999046325684,2.2874999046325684,0
2003-08-05,2.2215054035186768,2.247499942779541,2.25,2.1524999141693115,2.244999885559082,12400
2003-08-06,2.219034194946289,2.244999885559082,2.244999885559082,2.200000047683716,2.200000047683716,3600
2003-08-07,2.1621994972229004,2.1875,2.25,2.1549999713897705,2.1549999713897705,5200
2003-08-08,2.2215054035186768,2.247499942779541,2.25,2.1875,2.247499942779541,20400
2003-08-11,2.1621994972229004,2.1875,2.1875,2.1875,2.1875,4000
2003-08-12,2.1621994972229004,2.1875,2.197499990463257,2.1875,2.1875,4000
2003-08-13,2.1696126461029053,2.194999933242798,2.194999933242798,2.190000057220459,2.190000057220459,8000
2003-08-14,2.248687505722046,2.2750000953674316,2.2750000953674316,2.2200000286102295,2.2200000286102295,4000
2003-08-15,2.606994867324829,2.637500047683716,2.7325000762939453,2.2874999046325684,2.309999942779541,116400
2003-08-18,2.841747760772705,2.875,2.875,2.674999952316284,2.747499942779541,188400
2003-08-19,2.7280778884887695,2.759999990463257,2.987499952316284,2.7274999618530273,2.987499952316284,45200
2003-08-20,3.0666165351867676,3.1024999618530273,3.25,2.7774999141693115,2.7774999141693115,61200
2003-08-21,3.5855445861816406,3.627500057220459,3.8125,3.002500057220459,3.377500057220459,195600
2003-08-22,3.5509490966796875,3.5924999713897705,3.75,3.5299999713897705,3.697499990463257,168400
2003-08-25,3.736280679702759,3.7799999713897705,3.805000066757202,3.5250000953674316,3.622499942779541,54800
2003-08-26,3.5855445861816406,3.627500057220459,3.8125,3.627500057220459,3.7750000953674316,47600
2003-08-27,3.6324949264526367,3.674999952316284,3.809999942779541,3.627500057220459,3.627500057220459,55200
2003-08-28,3.657205820083618,3.700000047683716,3.75,3.625,3.625,20800
2003-08-29,3.583073377609253,3.625,3.75,3.512500047683716,3.700000047683716,28800
2003-09-02,3.6349661350250244,3.677500009536743,3.75,3.5225000381469727,3.625,44800
2003-09-03,3.499056339263916,3.5399999618530273,3.684999942779541,3.487499952316284,3.5999999046325684,45600
2003-09-04,3.340907096862793,3.380000114440918,3.490000009536743,3.2125000953674316,3.490000009536743,72800
2003-09-05,3.326080560684204,3.365000009536743,3.452500104904175,3.255000114440918,3.375,55200
2003-09-08,3.3433780670166016,3.382499933242798,3.422499895095825,3.252500057220459,3.362499952316284,20400
2003-09-09,3.138278007507324,3.174999952316284,3.362499952316284,3.127500057220459,3.362499952316284,27600
2003-09-10,3.167931079864502,3.2049999237060547,3.322499990463257,3.137500047683716,3.137500047683716,13200
2003-09-11,3.175344467163086,3.2125000953674316,3.3375000953674316,3.2125000953674316,3.259999990463257,56800
2003-09-12,3.2124104499816895,3.25,3.309999942779541,3.25,3.309999942779541,10000
2003-09-15,3.1160380840301514,3.1524999141693115,3.2774999141693115,3.1500000953674316,3.2774999141693115,16000
2003-09-16,3.113567352294922,3.1500000953674316,3.237499952316284,3.127500057220459,3.177500009536743,24000
2003-09-17,3.2247660160064697,3.262500047683716,3.2674999237060547,3.127500057220459,3.244999885559082,32400
2003-09-18,3.4125685691833496,3.452500104904175,3.5250000953674316,3.127500057220459,3.180000066757202,37600
2003-09-19,3.4348082542419434,3.4749999046325684,3.5250000953674316,3.3125,3.5250000953674316,24800
2003-09-22,3.4348082542419434,3.4749999046325684,3.4749999046325684,3.3125,3.3125,7200
2003-09-23,3.3656179904937744,3.4049999713897705,3.4749999046325684,3.377500057220459,3.4749999046325684,14400
2003-09-24,3.4545767307281494,3.494999885559082,3.494999885559082,3.384999990463257,3.384999990463257,12000
2003-09-25,3.3977420330047607,3.4375,3.547499895095825,3.377500057220459,3.547499895095825,21200
2003-09-26,3.410097599029541,3.450000047683716,3.487499952316284,3.382499933242798,3.4700000286102295,12400
2003-09-29,3.3977420330047607,3.4375,3.447499990463257,3.4000000953674316,3.447499990463257,12000
2003-09-30,3.3977420330047607,3.4375,3.5225000381469727,3.380000114440918,3.380000114440918,14400
2003-10-01,3.4842300415039062,3.5250000953674316,3.549999952316284,3.4549999237060547,3.549999952316284,13600
2003-10-02,3.459519147872925,3.5,3.5225000381469727,3.4625000953674316,3.5225000381469727,6000
2003-10-03,3.424923896789551,3.4649999141693115,3.4649999141693115,3.4649999141693115,3.4649999141693115,400
2003-10-06,3.429866075515747,3.4700000286102295,3.5,3.4674999713897705,3.487499952316284,9200
2003-10-07,3.53365159034729,3.575000047683716,3.5950000286102295,3.4649999141693115,3.5,26800
2003-10-08,3.471874475479126,3.512500047683716,3.625,3.512500047683716,3.619999885559082,8400
2003-10-09,3.518825054168701,3.559999942779541,3.5999999046325684,3.4674999713897705,3.507499933242798,10800
2003-10-10,3.53365159034729,3.575000047683716,3.5999999046325684,3.575000047683716,3.5999999046325684,16000
2003-10-13,3.499056339263916,3.5399999618530273,3.5999999046325684,3.5225000381469727,3.5999999046325684,20800
2003-10-14,3.6349661350250244,3.677500009536743,3.677500009536743,3.575000047683716,3.575000047683716,12000
2003-10-15,3.706627607345581,3.75,3.809999942779541,3.6524999141693115,3.799999952316284,68400
2003-10-16,3.706627607345581,3.75,3.75,3.700000047683716,3.75,48000
2003-10-17,3.706627607345581,3.75,3.75,3.702500104904175,3.75,14000
2003-10-20,4.027868747711182,4.074999809265137,4.137499809265137,3.75,3.799999952316284,57200
2003-10-21,4.2502665519714355,4.300000190734863,4.300000190734863,3.9100000858306885,4.074999809265137,75200
2003-10-22,4.386175632476807,4.4375,4.617499828338623,4.137499809265137,4.352499961853027,116400
2003-10-23,4.1884894371032715,4.237500190734863,4.625,4.199999809265137,4.417500019073486,77600
2003-10-24,3.5731890201568604,3.615000009536743,4.28249979019165,3.569999933242798,4.099999904632568,173600
2003-10-27,3.756049156188965,3.799999952316284,3.9375,3.627500057220459,3.627500057220459,73200
2003-10-28,3.6819167137145996,3.7249999046325684,3.997499942779541,3.6875,3.990000009536743,48800
2003-10-29,3.5657758712768555,3.6075000762939453,3.690000057220459,3.5374999046325684,3.690000057220459,44400
2003-10-30,3.6819167137145996,3.7249999046325684,3.734999895095825,3.637500047683716,3.637500047683716,14000
2003-10-31,3.610255241394043,3.6524999141693115,3.7774999141693115,3.6524999141693115,3.7249999046325684,26400
2003-11-03,3.3384361267089844,3.377500057220459,3.7200000286102295,3.265000104904175,3.6524999141693115,110000
2003-11-04,3.375502109527588,3.4149999618530273,3.4625000953674316,3.4000000953674316,3.4000000953674316,41200
2003-11-05,3.5089406967163086,3.549999952316284,3.549999952316284,3.4700000286102295,3.487499952316284,9200
2003-11-06,3.4619903564453125,3.502500057220459,3.5399999618530273,3.3350000381469727,3.515000104904175,34000
2003-11-07,3.4422216415405273,3.4825000762939453,3.502500057220459,3.367500066757202,3.377500057220459,20800
2003-11-10,3.3903286457061768,3.430000066757202,3.609999895095825,3.372499942779541,3.372499942779541,30800
2003-11-11,3.4743459224700928,3.515000104904175,3.515000104904175,3.140000104904175,3.1449999809265137,21600
2003-11-12,3.3853864669799805,3.424999952316284,3.575000047683716,3.3975000381469727,3.575000047683716,12800
2003-11-13,3.471874475479126,3.512500047683716,3.5325000286102295,3.382499933242798,3.3975000381469727,28800
2003-11-14,3.7931156158447266,3.8375000953674316,3.9375,3.512500047683716,3.567500114440918,98400
2003-11-17,3.706627607345581,3.75,3.875,3.75,3.8424999713897705,22000
2003-11-18,3.768404722213745,3.8125,3.8125,3.737499952316284,3.737499952316284,6000
2003-11-19,3.8351240158081055,3.880000114440918,3.8949999809265137,3.7950000762939453,3.7950000762939453,8000
2003-11-20,3.7313387393951416,3.7750000953674316,3.9000000953674316,3.7750000953674316,3.9000000953674316,8400
2003-11-21,3.763462543487549,3.807499885559082,3.877500057220459,3.799999952316284,3.875,15200
2003-11-24,3.6819167137145996,3.7249999046325684,3.875,3.6875,3.875,10400
2003-11-25,3.8054709434509277,3.8499999046325684,3.8499999046325684,3.492500066757202,3.8324999809265137,22800
2003-11-26,3.6745033264160156,3.7174999713897705,3.875,3.5350000858306885,3.5350000858306885,41600
2003-11-28,3.5707180500030518,3.612499952316284,3.700000047683716,3.612499952316284,3.700000047683716,4400
2003-12-01,3.664619207382202,3.7074999809265137,3.7200000286102295,3.609999895095825,3.609999895095825,21200
2003-12-02,3.583073377609253,3.625,3.637500047683716,3.515000104904175,3.609999895095825,34400
2003-12-03,3.5089406967163086,3.549999952316284,3.549999952316284,3.502500057220459,3.502500057220459,8400
2003-12-04,3.5064697265625,3.547499895095825,3.549999952316284,3.5,3.549999952316284,10000
2003-12-05,3.5806021690368652,3.622499942779541,3.622499942779541,3.505000114440918,3.505000114440918,2000
2003-12-08,3.3112540245056152,3.3499999046325684,3.5,3.1875,3.3450000286102295,63600
2003-12-09,3.47928786277771,3.5199999809265137,3.5250000953674316,3.252500057220459,3.252500057220459,28800
2003-12-10,3.4125685691833496,3.452500104904175,3.515000104904175,3.427500009536743,3.497499942779541,47200
2003-12-11,3.429866075515747,3.4700000286102295,3.569999933242798,3.4375,3.440000057220459,11200
2003-12-12,3.4076263904571533,3.447499990463257,3.512500047683716,3.2799999713897705,3.434999942779541,19200
2003-12-15,3.3853864669799805,3.424999952316284,3.5,3.422499895095825,3.497499942779541,4400
2003-12-16,3.437279224395752,3.4774999618530273,3.5350000858306885,3.3949999809265137,3.3949999809265137,7200
2003-12-17,3.375502109527588,3.4149999618530273,3.4800000190734863,3.4149999618530273,3.4800000190734863,1600
2003-12-18,3.4768166542053223,3.5174999237060547,3.5174999237060547,3.3499999046325684,3.4149999618530273,9600
2003-12-19,3.4323370456695557,3.4725000858306885,3.682499885559082,3.3475000858306885,3.3975000381469727,10800
2003-12-22,3.387857675552368,3.427500009536743,3.427500009536743,3.25,3.325000047683716,10400
2003-12-23,3.3384361267089844,3.377500057220459,3.380000114440918,3.325000047683716,3.325000047683716,4400
2003-12-24,3.360675811767578,3.4000000953674316,3.4000000953674316,3.4000000953674316,3.4000000953674316,1200
2003-12-26,3.1778154373168945,3.2149999141693115,3.325000047683716,3.2149999141693115,3.325000047683716,4000
2003-12-29,3.2321794033050537,3.2699999809265137,3.375,3.262500047683716,3.262500047683716,12000
2003-12-30,3.313724994659424,3.3524999618530273,3.3524999618530273,3.307499885559082,3.3524999618530273,9600
2003-12-31,3.3384361267089844,3.377500057220459,3.4100000858306885,3.2750000953674316,3.2750000953674316,13600
2004-01-02,3.23712158203125,3.2750000953674316,3.2850000858306885,3.247499942779541,3.25,28800
2004-01-05,3.3211381435394287,3.359999895095825,3.359999895095825,3.2699999809265137,3.2699999809265137,14800
2004-01-06,3.2395923137664795,3.2774999141693115,3.3499999046325684,3.2074999809265137,3.2699999809265137,5200
2004-01-07,3.242063522338867,3.2799999713897705,3.372499942779541,3.247499942779541,3.2774999141693115,15200
2004-01-08,3.2247660160064697,3.262500047683716,3.262500047683716,3.247499942779541,3.247499942779541,2000
2004-01-09,3.2247660160064697,3.262500047683716,3.262500047683716,3.25,3.257499933242798,10400
2004-01-12,3.286543369293213,3.325000047683716,3.450000047683716,3.2799999713897705,3.3399999141693115,27200
2004-01-13,3.3087828159332275,3.3475000858306885,3.375,3.25,3.3499999046325684,36800
2004-01-14,3.333493709564209,3.372499942779541,3.375,3.367500066757202,3.375,10800
2004-01-15,3.340907096862793,3.380000114440918,3.382499933242798,3.375,3.375,16000
2004-01-16,3.5015275478363037,3.5425000190734863,3.5425000190734863,3.377500057220459,3.4049999713897705,50800
2004-01-20,3.575660228729248,3.617500066757202,3.872499942779541,3.567500114440918,3.869999885559082,36400
2004-01-21,3.5657758712768555,3.6075000762939453,3.684999942779541,3.6075000762939453,3.6075000762939453,27200
2004-01-22,3.5089406967163086,3.549999952316284,3.6075000762939453,3.549999952316284,3.6075000762939453,6800
2004-01-23,3.5731890201568604,3.615000009536743,3.674999952316284,3.4674999713897705,3.674999952316284,8800
2004-01-26,3.6226108074188232,3.6649999618530273,3.6875,3.622499942779541,3.622499942779541,8400
2004-01-27,3.706627607345581,3.75,3.75,3.684999942779541,3.684999942779541,10800
2004-01-28,3.568246841430664,3.609999895095825,3.75,3.609999895095825,3.75,4000
2004-01-29,3.6547348499298096,3.697499990463257,3.697499990463257,3.512500047683716,3.5625,12800
2004-01-30,3.486701011657715,3.5274999141693115,3.765000104904175,3.5274999141693115,3.6675000190734863,12000
2004-02-02,3.625081777572632,3.6675000190734863,3.930000066757202,3.5,3.5,25600
2004-02-03,3.8054709434509277,3.8499999046325684,3.8499999046325684,3.5174999237060547,3.6675000190734863,8400
2004-02-04,3.657205820083618,3.700000047683716,3.9375,3.697499990463257,3.697499990463257,5200
2004-02-05,3.657205820083618,3.700000047683716,3.700000047683716,3.700000047683716,3.700000047683716,400
2004-02-06,3.499056339263916,3.5399999618530273,3.809999942779541,3.5399999618530273,3.6600000858306885,9600
2004-02-09,3.6473214626312256,3.690000057220459,3.822499990463257,3.5450000762939453,3.5450000762939453,40000
2004-02-10,4.541854381561279,4.59499979019165,5.635000228881836,4.25,5.0,662800
2004-02-11,5.125030040740967,5.184999942779541,5.497499942779541,4.75,5.492499828338623,542800
2004-02-12,5.110204219818115,5.170000076293945,5.300000190734863,4.989999771118164,5.300000190734863,225200
2004-02-13,5.411676406860352,5.474999904632568,5.487500190734863,5.002500057220459,5.002500057220459,225200
2004-02-17,6.839963912963867,6.920000076293945,7.28000020980835,5.684999942779541,7.159999847412109,771200
2004-02-18,6.711467266082764,6.789999961853027,7.472499847412109,6.387499809265137,7.364999771118164,611200
2004-02-19,6.017092227935791,6.087500095367432,6.974999904632568,6.014999866485596,6.552499771118164,465200
2004-02-20,6.106050968170166,6.177499771118164,6.697500228881836,6.0,6.002500057220459,316800
2004-02-23,6.548375606536865,6.625,6.9375,6.202499866485596,6.25,475200
2004-02-24,6.558259963989258,6.635000228881836,6.909999847412109,6.5,6.909999847412109,148800
2004-02-25,6.066514015197754,6.137499809265137,6.860000133514404,5.75,6.637499809265137,359600
2004-02-26,6.195010185241699,6.267499923706055,6.372499942779541,5.957499980926514,5.957499980926514,73600
2004-02-27,6.16535758972168,6.237500190734863,6.449999809265137,5.875,6.449999809265137,125600
2004-03-01,6.590384006500244,6.667500019073486,7.179999828338623,5.877500057220459,6.337500095367432,622000
2004-03-02,6.659574031829834,6.737500190734863,7.1875,6.432499885559082,6.877500057220459,484800
2004-03-03,6.400110244750977,6.474999904632568,6.965000152587891,6.462500095367432,6.965000152587891,185600
2004-03-04,6.91903829574585,7.0,7.005000114440918,6.377500057220459,6.502500057220459,232800
2004-03-05,7.786388874053955,7.877500057220459,7.9375,6.775000095367432,7.119999885559082,939200
2004-03-08,8.6240873336792,8.725000381469727,9.817500114440918,8.164999961853027,9.757499694824219,1519600
2004-03-09,8.031026840209961,8.125,8.920000076293945,7.764999866485596,8.875,716400
2004-03-10,7.171089172363281,7.255000114440918,8.444999694824219,7.15500020980835,8.050000190734863,421800
2004-03-11,7.798744201660156,7.889999866485596,8.079999923706055,6.255000114440918,6.375,630000
2004-03-12,8.698220252990723,8.800000190734863,8.824999809265137,8.125,8.25,601400
2004-03-15,9.217147827148438,9.324999809265137,9.71500015258789,8.800000190734863,9.125,1006200
2004-03-16,10.067200660705566,10.1850004196167,10.25,9.5,9.5,1453000
2004-03-17,10.81840991973877,10.944999694824219,10.949999809265137,10.354999542236328,10.479999542236328,1176400
2004-03-18,9.5383882522583,9.649999618530273,10.664999961853027,9.3149995803833,10.149999618530273,1333800
2004-03-19,9.829976081848145,9.944999694824219,10.385000228881836,9.704999923706055,9.704999923706055,782000
2004-03-22,10.561417579650879,10.6850004196167,10.734999656677246,9.380000114440918,9.664999961853027,1074200
2004-03-23,11.32251262664795,11.454999923706055,11.850000381469727,11.100000381469727,11.104999542236328,1083200
2004-03-24,11.243436813354492,11.375,11.899999618530273,10.954999923706055,11.704999923706055,755200
2004-03-25,10.082026481628418,10.199999809265137,11.744999885559082,9.850000381469727,11.380000114440918,1262200
2004-03-26,9.993067741394043,10.109999656677246,10.600000381469727,10.015000343322754,10.050000190734863,712000
2004-03-29,9.39012336730957,9.5,10.774999618530273,8.725000381469727,10.3100004196167,1873400
2004-03-30,9.60263729095459,9.71500015258789,9.864999771118164,9.324999809265137,9.404999732971191,690600
2004-03-31,10.526822090148926,10.649999618530273,10.720000267028809,9.380000114440918,9.630000114440918,1454600
2004-04-01,10.343961715698242,10.46500015258789,10.989999771118164,10.104999542236328,10.989999771118164,705800
2004-04-02,10.378557205200195,10.5,10.949999809265137,9.789999961853027,10.755000114440918,506400
2004-04-05,10.27971363067627,10.399999618530273,10.670000076293945,10.079999923706055,10.425000190734863,530800
2004-04-06,10.205581665039062,10.324999809265137,10.550000190734863,9.5,10.210000038146973,401200
2004-04-07,10.052374839782715,10.170000076293945,10.494999885559082,10.074999809265137,10.085000038146973,143400
2004-04-08,10.304425239562988,10.425000190734863,10.725000381469727,10.180000305175781,10.180000305175781,368400
2004-04-12,11.925456047058105,12.0649995803833,12.239999771118164,11.25,11.949999809265137,1641800
2004-04-13,13.58602523803711,13.744999885559082,14.119999885559082,12.154999732971191,12.75,1914800
2004-04-14,12.61736011505127,12.765000343322754,13.494999885559082,12.25,13.444999694824219,872200
2004-04-15,11.871092796325684,12.010000228881836,13.020000457763672,11.640000343322754,13.020000457763672,651400
2004-04-16,12.48392105102539,12.630000114440918,12.725000381469727,11.550000190734863,11.600000381469727,431000
2004-04-19,12.00947380065918,12.149999618530273,12.755000114440918,11.845000267028809,12.569999694824219,405200
2004-04-20,11.342281341552734,11.475000381469727,12.390000343322754,11.024999618530273,12.390000343322754,785200
2004-04-21,9.933761596679688,10.050000190734863,11.279999732971191,9.920000076293945,11.005000114440918,961800
2004-04-22,11.060576438903809,11.1899995803833,11.875,10.055000305175781,10.055000305175781,895400
2004-04-23,11.243436813354492,11.375,11.819999694824219,11.175000190734863,11.625,394000
2004-04-26,11.119882583618164,11.25,11.600000381469727,10.84000015258789,11.350000381469727,432000
2004-04-27,10.635550498962402,10.760000228881836,11.595000267028809,10.5,11.574999809265137,792800
2004-04-28,10.378557205200195,10.5,10.944999694824219,10.130000114440918,10.944999694824219,386400
2004-04-29,9.5383882522583,9.649999618530273,10.300000190734863,9.4399995803833,9.774999618530273,542400
2004-04-30,8.288020133972168,8.385000228881836,9.725000381469727,8.15999984741211,9.725000381469727,903400
2004-05-03,7.8877034187316895,7.980000019073486,8.770000457763672,7.630000114440918,8.005000114440918,562600
2004-05-04,8.075506210327148,8.170000076293945,8.510000228881836,7.630000114440918,7.630000114440918,458600
2004-05-05,8.391804695129395,8.489999771118164,9.050000190734863,8.255000114440918,8.625,544000
2004-05-06,8.10021686553955,8.194999694824219,8.739999771118164,7.900000095367432,8.654999732971191,380800
2004-05-07,7.635653018951416,7.724999904632568,8.350000381469727,7.539999961853027,8.029999732971191,320400
2004-05-10,6.592854976654053,6.670000076293945,7.625,6.505000114440918,7.360000133514404,879600
2004-05-11,7.215568542480469,7.300000190734863,7.625,6.724999904632568,6.824999809265137,604200
2004-05-12,7.111783027648926,7.195000171661377,7.420000076293945,6.855000019073486,7.420000076293945,393600
2004-05-13,7.017881393432617,7.099999904632568,7.545000076293945,6.875,7.170000076293945,153200
2004-05-14,6.662045001983643,6.739999771118164,7.275000095367432,6.5,7.125,549800
2004-05-17,6.301267147064209,6.375,7.050000190734863,6.179999828338623,6.465000152587891,606200
2004-05-18,6.103579998016357,6.175000190734863,6.800000190734863,6.125,6.400000095367432,275600
2004-05-19,5.856471538543701,5.925000190734863,6.425000190734863,5.824999809265137,6.114999771118164,354200
2004-05-20,5.540173053741455,5.605000019073486,6.125,5.559999942779541,5.760000228881836,234400
2004-05-21,5.999794960021973,6.070000171661377,6.125,5.425000190734863,5.565000057220459,426000
2004-05-24,5.787281513214111,5.855000019073486,6.309999942779541,5.65500020980835,6.309999942779541,205800
2004-05-25,5.68349552154541,5.75,5.824999809265137,5.53000020980835,5.75,252400
2004-05-26,6.548375606536865,6.625,6.625,5.744999885559082,5.820000171661377,595600
2004-05-27,6.044273853302002,6.114999771118164,6.949999809265137,5.875,6.619999885559082,636000
2004-05-28,5.935546398162842,6.005000114440918,6.394999980926514,5.769999980926514,5.849999904632568,255400
2004-06-01,5.757628440856934,5.824999809265137,6.239999771118164,5.635000228881836,6.239999771118164,206200
2004-06-02,5.564883232116699,5.630000114440918,5.849999904632568,5.449999809265137,5.690000057220459,346600
2004-06-03,5.732917785644531,5.800000190734863,5.974999904632568,5.425000190734863,5.425000190734863,89200
2004-06-04,5.57476806640625,5.639999866485596,5.809999942779541,5.505000114440918,5.505000114440918,83600
2004-06-07,5.283179759979248,5.34499979019165,5.800000190734863,5.25,5.800000190734863,248400
2004-06-08,5.302948474884033,5.364999771118164,5.65500020980835,4.929999828338623,5.164999961853027,439800
2004-06-09,5.298006534576416,5.360000133514404,5.679999828338623,5.255000114440918,5.320000171661377,189000
2004-06-10,5.322717666625977,5.385000228881836,5.449999809265137,5.190000057220459,5.449999809265137,102000
2004-06-14,5.1003193855285645,5.159999847412109,5.394999980926514,5.019999980926514,5.179999828338623,125200
2004-06-15,5.041013240814209,5.099999904632568,5.300000190734863,5.005000114440918,5.014999866485596,77800
2004-06-16,4.942170143127441,5.0,5.170000076293945,4.96999979019165,5.039999961853027,87600
2004-06-17,5.075608730316162,5.135000228881836,5.349999904632568,5.0,5.110000133514404,99600
2004-06-18,5.070666790008545,5.130000114440918,5.235000133514404,5.074999809265137,5.150000095367432,96400
2004-06-21,5.09043550491333,5.150000095367432,5.494999885559082,5.130000114440918,5.130000114440918,210400
2004-06-22,5.036071300506592,5.09499979019165,5.335000038146973,5.050000190734863,5.199999809265137,104800
2004-06-23,5.09043550491333,5.150000095367432,5.215000152587891,5.105000019073486,5.135000228881836,97400
2004-06-24,5.09043550491333,5.150000095367432,5.315000057220459,5.119999885559082,5.119999885559082,107400
2004-06-25,6.671929359436035,6.75,7.0,5.150000095367432,5.150000095367432,1737200
2004-06-28,6.00473690032959,6.074999809265137,7.239999771118164,6.054999828338623,6.954999923706055,853000
2004-06-29,6.785599708557129,6.864999771118164,6.989999771118164,6.079999923706055,6.364999771118164,598000
2004-06-30,7.492330074310303,7.579999923706055,7.599999904632568,6.880000114440918,6.940000057220459,808200
2004-07-01,8.119985580444336,8.21500015258789,8.390000343322754,7.605000019073486,7.860000133514404,1150000
2004-07-02,8.52030086517334,8.619999885559082,8.744999885559082,8.024999618530273,8.395000457763672,1236600
2004-07-06,9.508735656738281,9.619999885559082,9.970000267028809,8.8100004196167,9.170000076293945,1974600
2004-07-07,8.213887214660645,8.3100004196167,10.154999732971191,8.279999732971191,9.960000038146973,2006000
2004-07-08,7.586231231689453,7.675000190734863,8.375,7.485000133514404,8.069999694824219,822000
2004-07-09,7.027766227722168,7.110000133514404,8.050000190734863,7.0,8.050000190734863,671800
2004-07-12,7.6801323890686035,7.769999980926514,7.809999942779541,6.425000190734863,6.835000038146973,1065000
2004-07-13,7.185914993286133,7.269999980926514,8.145000457763672,7.125,7.954999923706055,626600
2004-07-14,7.0574188232421875,7.139999866485596,7.614999771118164,6.96999979019165,7.400000095367432,350000
2004-07-15,7.131551742553711,7.215000152587891,7.28000020980835,6.949999809265137,7.005000114440918,178800
2004-07-16,6.830079078674316,6.909999847412109,7.340000152587891,6.784999847412109,7.079999923706055,175600
2004-07-19,6.350688934326172,6.425000190734863,7.400000095367432,6.349999904632568,6.994999885559082,415800
2004-07-20,7.195800304412842,7.28000020980835,7.304999828338623,5.989999771118164,6.150000095367432,499000
2004-07-21,6.741120338439941,6.820000171661377,7.650000095367432,6.525000095367432,7.625,407400
2004-07-22,6.227134704589844,6.300000190734863,6.769999980926514,6.025000095367432,6.525000095367432,263600
2004-07-23,6.676872253417969,6.755000114440918,7.050000190734863,6.130000114440918,6.130000114440918,239200
2004-07-26,6.360572814941406,6.434999942779541,7.0,6.269999980926514,7.0,91800
2004-07-27,6.227134704589844,6.300000190734863,6.590000152587891,6.074999809265137,6.260000228881836,187600
2004-07-28,6.241960525512695,6.315000057220459,6.494999885559082,6.144999980926514,6.304999828338623,116400
2004-07-29,6.16782808303833,6.239999771118164,6.485000133514404,6.125,6.199999809265137,133600
2004-07-30,6.7460618019104,6.824999809265137,6.994999885559082,6.164999961853027,6.25,300600
2004-08-02,7.215568542480469,7.300000190734863,7.394999980926514,6.480000019073486,6.980000019073486,314200
2004-08-03,6.38034200668335,6.454999923706055,7.625,6.449999809265137,7.625,477400
2004-08-04,6.3457465171813965,6.420000076293945,6.710000038146973,6.295000076293945,6.295000076293945,123000
2004-08-05,6.182654857635498,6.255000114440918,6.635000228881836,6.255000114440918,6.275000095367432,89200
2004-08-06,5.372138500213623,5.434999942779541,6.25,5.284999847412109,6.074999809265137,466800
2004-08-09,5.510519504547119,5.574999809265137,5.690000057220459,5.440000057220459,5.454999923706055,193000
2004-08-10,5.584652423858643,5.650000095367432,5.800000190734863,5.434999942779541,5.684999942779541,81800
2004-08-11,5.485809326171875,5.550000190734863,5.664999961853027,5.324999809265137,5.485000133514404,148200
2004-08-12,5.386965274810791,5.449999809265137,5.824999809265137,5.400000095367432,5.599999904632568,116800
2004-08-13,5.352370262145996,5.414999961853027,5.795000076293945,5.400000095367432,5.795000076293945,67000
2004-08-16,5.411676406860352,5.474999904632568,5.494999885559082,5.175000190734863,5.494999885559082,114200
2004-08-17,4.472663879394531,4.525000095367432,5.050000190734863,4.474999904632568,5.039999961853027,638600
2004-08-18,4.6308135986328125,4.684999942779541,4.75,4.329999923706055,4.34499979019165,191200
2004-08-19,4.492432594299316,4.545000076293945,4.824999809265137,4.519999980926514,4.820000171661377,128800
2004-08-20,4.363935947418213,4.414999961853027,4.614999771118164,4.340000152587891,4.545000076293945,156200
2004-08-23,4.507258892059326,4.559999942779541,4.789999961853027,4.349999904632568,4.375,117600
2004-08-24,4.467721939086914,4.519999980926514,4.690000057220459,4.5,4.590000152587891,71200
2004-08-25,4.586333751678467,4.639999866485596,4.650000095367432,4.5,4.550000190734863,76400
2004-08-26,5.184336185455322,5.244999885559082,5.34499979019165,4.574999809265137,4.695000171661377,328400
2004-08-27,5.64395809173584,5.710000038146973,5.849999904632568,5.199999809265137,5.474999904632568,440400
2004-08-30,5.154683589935303,5.215000152587891,5.795000076293945,5.159999847412109,5.704999923706055,269200
2004-08-31,5.129972457885742,5.190000057220459,5.485000133514404,5.050000190734863,5.15500020980835,134200
2004-09-01,5.045955657958984,5.105000019073486,5.369999885559082,5.050000190734863,5.150000095367432,90800
2004-09-02,5.258469104766846,5.320000171661377,5.449999809265137,5.114999771118164,5.114999771118164,84000
2004-09-03,5.026187419891357,5.085000038146973,5.46999979019165,5.050000190734863,5.159999847412109,89000
2004-09-07,5.184336185455322,5.244999885559082,5.244999885559082,5.019999980926514,5.019999980926514,100600
2004-09-08,5.006418704986572,5.065000057220459,5.284999847412109,5.050000190734863,5.099999904632568,83200
2004-09-09,5.041013240814209,5.099999904632568,5.105000019073486,4.880000114440918,5.074999809265137,107800
2004-09-10,5.09043550491333,5.150000095367432,5.170000076293945,5.025000095367432,5.025000095367432,52800
2004-09-13,5.554998874664307,5.619999885559082,5.619999885559082,5.054999828338623,5.059999942779541,211400
2004-09-14,5.263411045074463,5.324999809265137,5.875,5.255000114440918,5.744999885559082,313400
2004-09-15,5.372138500213623,5.434999942779541,5.5,5.210000038146973,5.230000019073486,98400
2004-09-16,5.199163436889648,5.260000228881836,5.664999961853027,5.105000019073486,5.59499979019165,136800
2004-09-17,5.060781955718994,5.119999885559082,5.34499979019165,5.110000133514404,5.110000133514404,48000
2004-09-20,5.485809326171875,5.550000190734863,5.599999904632568,5.105000019073486,5.105000019073486,171400
2004-09-21,5.293064117431641,5.355000019073486,5.744999885559082,5.25,5.304999828338623,126600
2004-09-22,5.441329479217529,5.505000114440918,5.855000019073486,5.275000095367432,5.275000095367432,234400
2004-09-23,5.752686023712158,5.820000171661377,5.824999809265137,5.505000114440918,5.505000114440918,202800
2004-09-24,5.787281513214111,5.855000019073486,6.210000038146973,5.824999809265137,5.835000038146973,319600
2004-09-27,5.386965274810791,5.449999809265137,5.875,5.300000190734863,5.679999828338623,230600
2004-09-28,5.327659606933594,5.389999866485596,5.724999904632568,5.260000228881836,5.724999904632568,86400
2004-09-29,5.189278602600098,5.25,5.5,5.199999809265137,5.304999828338623,143800
2004-09-30,5.179393768310547,5.239999771118164,5.25,5.105000019073486,5.135000228881836,56800
2004-10-01,5.436387062072754,5.5,5.5,5.275000095367432,5.449999809265137,82400
2004-10-04,5.3424859046936035,5.40500020980835,5.59499979019165,5.364999771118164,5.494999885559082,45200
2004-10-05,5.199163436889648,5.260000228881836,5.474999904632568,5.25,5.474999904632568,84200
2004-10-06,5.0657243728637695,5.125,5.5,5.010000228881836,5.5,123200
2004-10-07,5.016302585601807,5.074999809265137,5.224999904632568,5.054999828338623,5.054999828338623,40600
2004-10-08,4.744483470916748,4.800000190734863,5.074999809265137,4.755000114440918,5.074999809265137,180600
2004-10-11,4.863095760345459,4.920000076293945,5.074999809265137,4.730000019073486,5.074999809265137,76800
2004-10-12,4.62092924118042,4.675000190734863,4.920000076293945,4.630000114440918,4.920000076293945,88400
2004-10-13,4.685176849365234,4.739999771118164,4.795000076293945,4.599999904632568,4.635000228881836,39400
2004-10-14,4.62092924118042,4.675000190734863,4.775000095367432,4.599999904632568,4.775000095367432,20200
2004-10-15,4.517143726348877,4.570000171661377,4.644999980926514,4.53000020980835,4.590000152587891,67400
2004-10-18,4.541854381561279,4.59499979019165,4.71999979019165,4.525000095367432,4.539999961853027,42000
2004-10-19,4.695061683654785,4.75,4.75,4.550000190734863,4.71999979019165,88400
2004-10-20,4.596218585968018,4.650000095367432,4.800000190734863,4.650000095367432,4.670000076293945,34400
2004-10-21,5.001476287841797,5.059999942779541,5.224999904632568,4.639999866485596,4.84499979019165,136600
2004-10-22,4.7197723388671875,4.775000095367432,5.199999809265137,4.775000095367432,5.199999809265137,32200
2004-10-25,4.704946517944336,4.760000228881836,4.885000228881836,4.755000114440918,4.755000114440918,25000
2004-10-26,4.640697956085205,4.695000171661377,4.755000114440918,4.625,4.664999961853027,52000
2004-10-27,4.66046667098999,4.715000152587891,4.744999885559082,4.610000133514404,4.610000133514404,32600
2004-10-28,4.640697956085205,4.695000171661377,4.789999961853027,4.695000171661377,4.75,35400
2004-10-29,4.497375011444092,4.550000190734863,4.690000057220459,4.510000228881836,4.579999923706055,80000
2004-11-01,4.462779521942139,4.514999866485596,4.554999828338623,4.5,4.5,42000
2004-11-02,4.541854381561279,4.59499979019165,4.739999771118164,4.505000114440918,4.505000114440918,67000
2004-11-03,4.492432594299316,4.545000076293945,4.650000095367432,4.514999866485596,4.650000095367432,48000
2004-11-04,4.7000041007995605,4.755000114440918,4.824999809265137,4.385000228881836,4.53000020980835,163800
2004-11-05,4.76919412612915,4.824999809265137,4.824999809265137,4.65500020980835,4.75,66600
2004-11-08,4.793904781341553,4.849999904632568,5.099999904632568,4.630000114440918,4.664999961853027,127600
2004-11-09,4.754367828369141,4.809999942779541,4.875,4.724999904632568,4.835000038146973,37600
2004-11-10,4.665408134460449,4.71999979019165,4.840000152587891,4.699999809265137,4.724999904632568,45600
2004-11-11,4.991591930389404,5.050000190734863,5.239999771118164,4.605000019073486,4.630000114440918,392200
2004-11-12,5.05089807510376,5.110000133514404,5.244999885559082,5.050000190734863,5.050000190734863,135400
2004-11-15,4.956996440887451,5.014999866485596,5.175000190734863,4.75,5.005000114440918,295000
2004-11-16,4.655524253845215,4.710000038146973,4.730000019073486,4.559999942779541,4.730000019073486,136400
2004-11-17,4.670350551605225,4.724999904632568,4.885000228881836,4.579999923706055,4.579999923706055,65200
2004-11-18,4.754367828369141,4.809999942779541,4.840000152587891,4.579999923706055,4.579999923706055,53400
2004-11-19,4.779078483581543,4.835000038146973,4.869999885559082,4.699999809265137,4.775000095367432,66400
2004-11-22,4.640697956085205,4.695000171661377,4.824999809265137,4.550000190734863,4.650000095367432,110200
2004-11-23,4.645639896392822,4.699999809265137,4.699999809265137,4.599999904632568,4.599999904632568,86000
2004-11-24,4.670350551605225,4.724999904632568,4.769999980926514,4.554999828338623,4.554999828338623,33600
2004-11-26,4.571507453918457,4.625,4.800000190734863,4.559999942779541,4.800000190734863,16000
2004-11-29,4.586333751678467,4.639999866485596,4.670000076293945,4.554999828338623,4.554999828338623,61400
2004-11-30,4.611044406890869,4.664999961853027,4.675000190734863,4.574999809265137,4.574999809265137,53600
2004-12-01,4.591276168823242,4.644999980926514,4.664999961853027,4.550000190734863,4.574999809265137,88200
2004-12-02,4.56656551361084,4.619999885559082,4.644999980926514,4.505000114440918,4.505000114440918,75200
2004-12-03,4.556680679321289,4.610000133514404,4.644999980926514,4.545000076293945,4.545000076293945,32600
2004-12-06,4.497375011444092,4.550000190734863,4.614999771118164,4.5,4.610000133514404,52600
2004-12-07,4.447953224182129,4.5,4.75,4.400000095367432,4.514999866485596,142200
2004-12-08,4.472663879394531,4.525000095367432,4.585000038146973,4.429999828338623,4.429999828338623,44200
2004-12-09,4.502316474914551,4.554999828338623,4.565000057220459,4.474999904632568,4.474999904632568,70000
2004-12-10,4.670350551605225,4.724999904632568,4.875,4.585000038146973,4.614999771118164,216400
2004-12-13,4.917459487915039,4.974999904632568,5.125,4.735000133514404,4.735000133514404,237600
2004-12-14,5.09043550491333,5.150000095367432,5.175000190734863,4.849999904632568,5.0,159800
2004-12-15,4.823558330535889,4.880000114440918,5.230000019073486,4.704999923706055,5.105000019073486,244400
2004-12-16,4.872979640960693,4.929999828338623,4.989999771118164,4.704999923706055,4.900000095367432,42000
2004-12-17,4.823558330535889,4.880000114440918,4.985000133514404,4.789999961853027,4.789999961853027,37200
2004-12-20,4.665408134460449,4.71999979019165,4.849999904632568,4.664999961853027,4.710000038146973,65600
2004-12-21,4.601160526275635,4.65500020980835,4.795000076293945,4.65500020980835,4.795000076293945,55200
2004-12-22,4.625871181488037,4.679999828338623,4.739999771118164,4.625,4.630000114440918,83800
2004-12-23,4.571507453918457,4.625,4.71999979019165,4.599999904632568,4.65500020980835,35800
2004-12-27,4.531970024108887,4.585000038146973,4.585000038146973,4.460000038146973,4.545000076293945,103200
2004-12-28,4.413358211517334,4.465000152587891,4.550000190734863,4.454999923706055,4.550000190734863,123600
2004-12-29,4.522085666656494,4.574999809265137,4.599999904632568,4.494999885559082,4.505000114440918,63800
2004-12-30,4.497375011444092,4.550000190734863,4.599999904632568,4.474999904632568,4.505000114440918,86800
2004-12-31,4.517143726348877,4.570000171661377,4.670000076293945,4.505000114440918,4.505000114440918,112200
2005-01-03,4.462779521942139,4.514999866485596,4.684999942779541,4.480000019073486,4.684999942779541,44400
2005-01-04,4.358994007110596,4.409999847412109,4.664999961853027,4.400000095367432,4.664999961853027,94200
2005-01-05,4.344167232513428,4.394999980926514,4.5,4.25,4.5,82800
2005-01-06,4.186018466949463,4.235000133514404,4.494999885559082,4.235000133514404,4.449999809265137,89600
2005-01-07,4.08223295211792,4.130000114440918,4.369999885559082,4.050000190734863,4.369999885559082,74400
2005-01-10,4.092116832733154,4.139999866485596,4.190000057220459,4.099999904632568,4.130000114440918,31600
2005-01-11,3.825239658355713,3.869999885559082,4.130000114440918,3.8450000286102295,4.074999809265137,66000
2005-01-12,3.7313387393951416,3.7750000953674316,4.119999885559082,3.555000066757202,3.8450000286102295,212600
2005-01-13,4.102001190185547,4.150000095367432,4.179999828338623,3.75,3.75,82400
2005-01-14,4.279919147491455,4.329999923706055,4.449999809265137,4.175000190734863,4.199999809265137,107400
2005-01-18,4.126711845397949,4.175000190734863,4.465000152587891,4.175000190734863,4.454999923706055,67000
2005-01-19,4.102001190185547,4.150000095367432,4.394999980926514,4.130000114440918,4.385000228881836,29400
2005-01-20,4.289803504943848,4.340000152587891,4.474999904632568,4.125,4.295000076293945,47400
2005-01-21,4.161307334899902,4.210000038146973,4.375,4.099999904632568,4.375,24800
2005-01-24,4.0772905349731445,4.125,4.34499979019165,4.099999904632568,4.34499979019165,20800
2005-01-25,3.9537360668182373,4.0,4.25,4.0,4.235000133514404,32200
2005-01-26,3.963620662689209,4.010000228881836,4.039999961853027,3.994999885559082,4.0,18600
2005-01-27,3.9043142795562744,3.950000047683716,4.010000228881836,3.9000000953674316,4.005000114440918,23200
2005-01-28,3.7511072158813477,3.7950000762939453,3.950000047683716,3.630000114440918,3.9049999713897705,193200
2005-01-31,3.978447198867798,4.025000095367432,4.125,3.7249999046325684,3.799999952316284,85600
2005-02-01,3.968562364578247,4.014999866485596,4.199999809265137,3.884999990463257,4.125,25600
2005-02-02,3.9339675903320312,3.9800000190734863,4.045000076293945,3.825000047683716,4.039999961853027,52400
2005-02-03,3.7807600498199463,3.825000047683716,3.984999895095825,3.7799999713897705,3.884999990463257,58200
2005-02-04,3.9389095306396484,3.984999895095825,3.984999895095825,3.7899999618530273,3.944999933242798,20200
2005-02-07,3.9537360668182373,4.0,4.079999923706055,3.7799999713897705,3.994999885559082,18000
2005-02-08,3.8005290031433105,3.8450000286102295,4.119999885559082,3.7899999618530273,4.119999885559082,58200
2005-02-09,3.741222858428955,3.7850000858306885,3.825000047683716,3.740000009536743,3.75,47200
2005-02-10,3.66709041595459,3.7100000381469727,3.9100000858306885,3.680000066757202,3.7950000762939453,26000
2005-02-11,3.790644645690918,3.8350000381469727,3.875,3.625,3.674999952316284,61200
2005-02-14,3.7807600498199463,3.825000047683716,3.9200000762939453,3.75,3.869999885559082,26600
2005-02-15,3.7115697860717773,3.755000114440918,3.8550000190734863,3.744999885559082,3.744999885559082,25400
2005-02-16,3.706627607345581,3.75,3.8299999237060547,3.6549999713897705,3.700000047683716,35800
2005-02-17,3.6621479988098145,3.7049999237060547,3.744999885559082,3.6600000858306885,3.6600000858306885,32400
2005-02-18,3.691801071166992,3.734999895095825,3.75,3.625,3.700000047683716,46400
2005-02-22,3.7165117263793945,3.759999990463257,3.7750000953674316,3.684999942779541,3.744999885559082,18800
2005-02-23,3.7016851902008057,3.744999885559082,3.7899999618530273,3.700000047683716,3.7049999237060547,12800
2005-02-24,3.691801071166992,3.734999895095825,3.7699999809265137,3.684999942779541,3.684999942779541,17600
2005-02-25,3.6423792839050293,3.684999942779541,3.7200000286102295,3.684999942779541,3.700000047683716,23400
2005-02-28,3.657205820083618,3.700000047683716,3.7300000190734863,3.6700000762939453,3.6700000762939453,27800
2005-03-01,3.672032356262207,3.7149999141693115,3.7249999046325684,3.6500000953674316,3.6500000953674316,23200
2005-03-02,3.657205820083618,3.700000047683716,3.7249999046325684,3.6449999809265137,3.700000047683716,39600
2005-03-03,3.657205820083618,3.700000047683716,3.7149999141693115,3.625,3.625,26400
2005-03-04,3.6819167137145996,3.7249999046325684,3.7249999046325684,3.625,3.625,19800
2005-03-07,3.6621479988098145,3.7049999237060547,3.8499999046325684,3.625,3.625,37000
2005-03-08,3.6324949264526367,3.674999952316284,3.7149999141693115,3.6649999618530273,3.700000047683716,12400
2005-03-09,3.637437343597412,3.680000066757202,3.755000114440918,3.680000066757202,3.7249999046325684,8200
2005-03-10,3.672032356262207,3.7149999141693115,3.7850000858306885,3.684999942779541,3.700000047683716,40400
2005-03-11,3.672032356262207,3.7149999141693115,3.7200000286102295,3.700000047683716,3.700000047683716,8000
2005-03-14,3.8054709434509277,3.8499999046325684,3.8499999046325684,3.700000047683716,3.7100000381469727,80200
2005-03-15,3.874661445617676,3.9200000762939453,3.924999952316284,3.75,3.8499999046325684,42800
2005-03-16,3.830181837081909,3.875,3.9200000762939453,3.7799999713897705,3.9000000953674316,19400
2005-03-17,3.9191408157348633,3.9649999141693115,3.9700000286102295,3.875,3.9000000953674316,44600
2005-03-18,3.8499505519866943,3.8949999809265137,3.990000009536743,3.825000047683716,3.9149999618530273,24400
2005-03-21,3.77581787109375,3.819999933242798,3.930000066757202,3.819999933242798,3.924999952316284,9400
2005-03-22,3.825239658355713,3.869999885559082,4.050000190734863,3.8550000190734863,3.9100000858306885,17200
2005-03-23,3.8054709434509277,3.8499999046325684,3.950000047683716,3.825000047683716,3.950000047683716,22800
2005-03-24,4.042695045471191,4.090000152587891,4.114999771118164,3.9549999237060547,3.990000009536743,41600
2005-03-28,4.067405700683594,4.114999771118164,4.199999809265137,4.014999866485596,4.090000152587891,35600
2005-03-29,4.08223295211792,4.130000114440918,4.25,4.079999923706055,4.25,39600
2005-03-30,4.151422500610352,4.199999809265137,4.21999979019165,4.125,4.144999980926514,46000
2005-03-31,4.195902347564697,4.244999885559082,4.300000190734863,4.130000114440918,4.130000114440918,52600
2005-04-01,4.176133632659912,4.224999904632568,4.304999828338623,4.119999885559082,4.204999923706055,19600
2005-04-04,4.176133632659912,4.224999904632568,4.440000057220459,4.210000038146973,4.375,36400
2005-04-05,4.24532413482666,4.295000076293945,4.349999904632568,4.15500020980835,4.224999904632568,33200
2005-04-06,4.255208492279053,4.304999828338623,4.599999904632568,4.300000190734863,4.300000190734863,150000
2005-04-07,4.433126926422119,4.485000133514404,4.619999885559082,4.375,4.619999885559082,58800
2005-04-08,4.467721939086914,4.519999980926514,4.539999961853027,4.445000171661377,4.445000171661377,25600
2005-04-11,4.413358211517334,4.465000152587891,4.574999809265137,4.465000152587891,4.53000020980835,16600
2005-04-12,4.200844764709473,4.25,4.454999923706055,4.139999866485596,4.454999923706055,79200
2005-04-13,4.31451416015625,4.364999771118164,4.394999980926514,4.15500020980835,4.15500020980835,8400
2005-04-14,4.240382194519043,4.289999961853027,4.59499979019165,4.284999847412109,4.59499979019165,32200
2005-04-15,3.963620662689209,4.010000228881836,4.275000095367432,4.0,4.275000095367432,32800
2005-04-18,3.9339675903320312,3.9800000190734863,4.045000076293945,3.9749999046325684,4.0,8200
2005-04-19,4.013041973114014,4.059999942779541,4.21999979019165,3.9200000762939453,3.930000066757202,31600
2005-04-20,3.810413122177124,3.8550000190734863,4.25,3.8450000286102295,4.09499979019165,11400
2005-04-21,3.8894877433776855,3.934999942779541,4.09499979019165,3.924999952316284,4.014999866485596,60400
2005-04-22,3.978447198867798,4.025000095367432,4.039999961853027,3.875,3.875,28200
2005-04-25,4.220613479614258,4.269999980926514,4.28000020980835,3.9800000190734863,3.994999885559082,20800
2005-04-26,4.29968786239624,4.349999904632568,4.474999904632568,4.190000057220459,4.449999809265137,44400
2005-04-27,4.294745922088623,4.34499979019165,4.474999904632568,4.050000190734863,4.324999809265137,51200
2005-04-28,4.166249752044678,4.215000152587891,4.449999809265137,4.114999771118164,4.380000114440918,29000
2005-04-29,4.032810688018799,4.079999923706055,4.289999961853027,4.050000190734863,4.09499979019165,18600
2005-05-02,4.052579402923584,4.099999904632568,4.170000076293945,4.03000020980835,4.079999923706055,15000
2005-05-03,4.126711845397949,4.175000190734863,4.175000190734863,4.059999942779541,4.059999942779541,58200
2005-05-04,4.334283351898193,4.385000228881836,4.480000019073486,4.170000076293945,4.199999809265137,48400
2005-05-05,4.20578670501709,4.255000114440918,4.489999771118164,4.099999904632568,4.489999771118164,27400
2005-05-06,4.373820781707764,4.425000190734863,4.949999809265137,4.335000038146973,4.949999809265137,93200
2005-05-09,4.324398994445801,4.375,4.599999904632568,4.269999980926514,4.28000020980835,38200
2005-05-10,4.309572219848633,4.360000133514404,4.474999904632568,4.324999809265137,4.375,16000
2005-05-11,4.309572219848633,4.360000133514404,4.550000190734863,4.204999923706055,4.550000190734863,46400
2005-05-12,4.29968786239624,4.349999904632568,4.5,4.255000114440918,4.5,11200
2005-05-13,4.31451416015625,4.364999771118164,4.364999771118164,4.074999809265137,4.25,19200
2005-05-16,4.294745922088623,4.34499979019165,4.449999809265137,4.125,4.449999809265137,17800
2005-05-17,4.2502665519714355,4.300000190734863,4.335000038146973,4.15500020980835,4.275000095367432,29800
2005-05-18,4.1365966796875,4.184999942779541,4.445000171661377,4.105000019073486,4.445000171661377,33600
2005-05-19,4.26015043258667,4.309999942779541,4.309999942779541,4.099999904632568,4.175000190734863,17600
2005-05-20,4.19096040725708,4.239999771118164,4.269999980926514,4.03000020980835,4.09499979019165,58200
2005-05-23,4.146481037139893,4.195000171661377,4.25,4.099999904632568,4.099999904632568,21400
2005-05-24,5.930603981018066,6.0,6.074999809265137,4.599999904632568,4.704999923706055,1564200
2005-05-25,6.207365989685059,6.28000020980835,6.559999942779541,5.554999828338623,6.0,1002800
2005-05-26,6.00473690032959,6.074999809265137,6.300000190734863,5.934999942779541,6.300000190734863,234000
2005-05-27,6.429763317108154,6.505000114440918,6.849999904632568,5.949999809265137,6.0,507600
2005-05-31,6.454474449157715,6.53000020980835,6.829999923706055,6.199999809265137,6.570000171661377,219000
2005-06-01,6.177712440490723,6.25,6.525000095367432,6.125,6.190000057220459,171000
2005-06-02,6.246903419494629,6.320000171661377,6.75,6.054999828338623,6.204999923706055,245400
2005-06-03,6.078869342803955,6.150000095367432,6.335000038146973,6.0,6.335000038146973,97400
2005-06-06,6.271614074707031,6.34499979019165,6.625,6.034999847412109,6.215000152587891,187800
2005-06-07,6.286440372467041,6.360000133514404,6.574999809265137,6.25,6.329999923706055,83000
2005-06-08,6.291382312774658,6.364999771118164,6.445000171661377,6.190000057220459,6.375,63200
2005-06-09,6.281498432159424,6.355000019073486,6.574999809265137,6.255000114440918,6.489999771118164,86800
2005-06-10,7.235337257385254,7.320000171661377,7.474999904632568,6.394999980926514,6.425000190734863,642000
2005-06-13,7.171089172363281,7.255000114440918,7.699999809265137,7.0,7.449999809265137,266600
2005-06-14,6.844905853271484,6.925000190734863,7.375,6.835000038146973,7.260000228881836,167400
2005-06-15,6.810309886932373,6.889999866485596,7.0,6.875,6.940000057220459,156200
2005-06-16,6.859732151031494,6.940000057220459,7.065000057220459,6.800000190734863,6.894999980926514,115800
2005-06-17,6.775715351104736,6.855000019073486,7.085000038146973,6.849999904632568,6.974999904632568,57200
2005-06-20,6.9684600830078125,7.050000190734863,7.224999904632568,6.829999923706055,6.849999904632568,57200
2005-06-21,7.12166690826416,7.204999923706055,7.284999847412109,6.949999809265137,7.139999866485596,157400
2005-06-22,7.06730318069458,7.150000095367432,7.295000076293945,7.074999809265137,7.105000019073486,85200
2005-06-23,6.844905853271484,6.925000190734863,7.300000190734863,6.614999771118164,7.300000190734863,140200
2005-06-24,6.405052661895752,6.480000019073486,7.394999980926514,6.380000114440918,7.394999980926514,196800
2005-06-27,5.9800262451171875,6.050000190734863,6.735000133514404,5.96999979019165,6.46999979019165,214600
2005-06-28,6.281498432159424,6.355000019073486,6.420000076293945,6.065000057220459,6.065000057220459,76600
2005-06-29,6.246903419494629,6.320000171661377,6.5,6.264999866485596,6.380000114440918,77200
2005-06-30,6.177712440490723,6.25,6.485000133514404,6.224999904632568,6.340000152587891,36200
2005-07-01,5.970141410827637,6.039999961853027,6.199999809265137,5.815000057220459,6.199999809265137,104400
2005-07-05,6.00473690032959,6.074999809265137,6.204999923706055,5.949999809265137,6.0,32800
2005-07-06,6.889384746551514,6.96999979019165,7.474999904632568,6.855000019073486,7.184999942779541,313800
2005-07-07,7.022823810577393,7.105000019073486,7.275000095367432,6.864999771118164,7.175000190734863,207800
2005-07-08,7.195800304412842,7.28000020980835,7.340000152587891,7.025000095367432,7.025000095367432,116200
2005-07-11,7.353949546813965,7.440000057220459,7.46999979019165,7.300000190734863,7.449999809265137,60000
2005-07-12,7.314411640167236,7.400000095367432,7.485000133514404,7.269999980926514,7.375,93200
2005-07-13,7.971720218658447,8.0649995803833,8.369999885559082,7.349999904632568,7.349999904632568,491000
2005-07-14,7.660363674163818,7.75,8.210000038146973,7.650000095367432,8.050000190734863,172200
2005-07-15,8.154581069946289,8.25,8.385000228881836,7.625,7.744999885559082,212200
2005-07-18,8.59937572479248,8.699999809265137,9.074999809265137,8.25,8.25,395800
2005-07-19,8.876136779785156,8.979999542236328,9.085000038146973,8.640000343322754,8.675000190734863,334600
2005-07-20,8.945327758789062,9.050000190734863,9.074999809265137,8.75,9.074999809265137,138600
2005-07-21,8.737756729125977,8.84000015258789,9.074999809265137,8.774999618530273,8.944999694824219,92800
2005-07-22,8.708104133605957,8.8100004196167,9.0,8.694999694824219,8.835000038146973,42800
2005-07-25,8.722930908203125,8.824999809265137,8.899999618530273,8.699999809265137,8.774999618530273,39200
2005-07-26,8.747641563415527,8.850000381469727,8.944999694824219,8.8149995803833,8.824999809265137,41800
2005-07-27,8.821773529052734,8.925000190734863,8.994999885559082,8.829999923706055,8.829999923706055,62200
2005-07-28,8.871195793151855,8.975000381469727,9.0,8.899999618530273,9.0,17000
2005-07-29,8.312729835510254,8.40999984741211,9.0,8.380000114440918,9.0,97400
2005-08-01,8.213887214660645,8.3100004196167,8.954999923706055,8.225000381469727,8.390000343322754,80400
2005-08-02,8.040910720825195,8.135000228881836,8.239999771118164,7.769999980926514,8.145000457763672,121400
2005-08-03,8.302845001220703,8.399999618530273,8.5,8.0,8.095000267028809,43600
2005-08-04,8.154581069946289,8.25,8.5600004196167,8.180000305175781,8.484999656677246,39200
2005-08-05,8.154581069946289,8.25,8.414999961853027,8.239999771118164,8.25,28600
2005-08-08,7.739438533782959,7.829999923706055,8.350000381469727,7.784999847412109,8.300000190734863,61800
2005-08-09,7.571404933929443,7.659999847412109,7.909999847412109,7.630000114440918,7.909999847412109,70000
2005-08-10,7.087072372436523,7.170000076293945,7.900000095367432,7.130000114440918,7.889999866485596,176000
2005-08-11,8.159523010253906,8.255000114440918,8.46500015258789,7.199999809265137,7.199999809265137,174800
2005-08-12,8.683392524719238,8.78499984741211,8.895000457763672,8.350000381469727,8.350000381469727,140400
2005-08-15,8.352267265319824,8.449999809265137,8.845000267028809,8.270000457763672,8.824999809265137,68200
2005-08-16,7.6109418869018555,7.699999809265137,8.5,7.630000114440918,8.5,118800
2005-08-17,7.605999946594238,7.695000171661377,7.864999771118164,7.695000171661377,7.695000171661377,20800
2005-08-18,7.650479316711426,7.739999771118164,7.835000038146973,7.695000171661377,7.695000171661377,14400
2005-08-19,7.339122772216797,7.425000190734863,7.875,7.394999980926514,7.875,50000
2005-08-22,7.586231231689453,7.675000190734863,7.715000152587891,7.449999809265137,7.59499979019165,30400
2005-08-23,7.5516357421875,7.639999866485596,7.650000095367432,7.474999904632568,7.525000095367432,50400
2005-08-24,7.358891487121582,7.445000171661377,7.695000171661377,7.380000114440918,7.695000171661377,44400
2005-08-25,6.963517665863037,7.045000076293945,7.585000038146973,6.989999771118164,7.40500020980835,94800
2005-08-26,7.996431827545166,8.09000015258789,8.845000267028809,7.889999866485596,8.574999809265137,884200
2005-08-29,7.917356491088867,8.010000228881836,8.130000114440918,7.889999866485596,8.050000190734863,145600
2005-08-30,7.947009563446045,8.039999961853027,8.375,8.015000343322754,8.015000343322754,136200
2005-08-31,7.349006652832031,7.434999942779541,8.015000343322754,7.409999847412109,8.015000343322754,163400
2005-09-01,7.255105972290039,7.340000152587891,7.539999961853027,7.340000152587891,7.340000152587891,164600
2005-09-02,7.215568542480469,7.300000190734863,7.434999942779541,7.25,7.25,34800
2005-09-06,7.383602142333984,7.46999979019165,7.550000190734863,7.275000095367432,7.275000095367432,36800
2005-09-07,7.240278720855713,7.324999809265137,7.494999885559082,7.264999866485596,7.434999942779541,53400
2005-09-08,7.284758567810059,7.369999885559082,7.449999809265137,7.349999904632568,7.420000076293945,36400
2005-09-09,7.225452899932861,7.309999942779541,7.369999885559082,7.275000095367432,7.369999885559082,44200
2005-09-12,7.101898193359375,7.184999942779541,7.300000190734863,6.925000190734863,7.300000190734863,139600
2005-09-13,6.849847793579102,6.929999828338623,7.199999809265137,6.804999828338623,7.144999980926514,130400
2005-09-14,6.671929359436035,6.75,6.909999847412109,6.75,6.90500020980835,87800
2005-09-15,6.617565631866455,6.695000171661377,6.784999847412109,6.664999961853027,6.75,17000
2005-09-16,6.627449989318848,6.704999923706055,6.849999904632568,6.664999961853027,6.695000171661377,16800
2005-09-19,6.563201427459717,6.639999866485596,6.800000190734863,6.614999771118164,6.800000190734863,38800
2005-09-20,6.38034200668335,6.454999923706055,6.614999771118164,6.235000133514404,6.514999866485596,115600
2005-09-21,6.148059368133545,6.21999979019165,6.414999961853027,5.75,6.414999961853027,153600
2005-09-22,5.999794960021973,6.070000171661377,6.079999923706055,6.025000095367432,6.03000020980835,38400
2005-09-23,6.232076168060303,6.304999828338623,6.360000133514404,6.050000190734863,6.050000190734863,34400
2005-09-26,6.227134704589844,6.300000190734863,6.440000057220459,6.099999904632568,6.239999771118164,35200
2005-09-27,6.1579437255859375,6.230000019073486,6.335000038146973,6.184999942779541,6.335000038146973,25600
2005-09-28,6.251844882965088,6.324999809265137,6.425000190734863,6.244999885559082,6.34499979019165,74400
2005-09-29,6.365515232086182,6.440000057220459,6.465000152587891,6.150000095367432,6.445000171661377,55600
2005-09-30,6.143117904663086,6.215000152587891,6.440000057220459,6.199999809265137,6.440000057220459,40800
2005-10-03,5.856471538543701,5.925000190734863,6.144999980926514,5.800000190734863,6.099999904632568,117200
2005-10-04,6.4495320320129395,6.525000095367432,7.0,6.28000020980835,6.590000152587891,227800
2005-10-05,6.078869342803955,6.150000095367432,6.5,6.079999923706055,6.5,79000
2005-10-06,5.732917785644531,5.800000190734863,6.275000095367432,5.775000095367432,6.144999980926514,108400
2005-10-07,5.866355895996094,5.934999942779541,6.059999942779541,5.590000152587891,5.875,74400
2005-10-10,5.648900985717773,5.715000152587891,6.139999866485596,5.579999923706055,6.125,33600
2005-10-11,5.52040433883667,5.585000038146973,5.800000190734863,5.53000020980835,5.800000190734863,42200
2005-10-12,5.189278602600098,5.25,5.635000228881836,5.125,5.635000228881836,98200
2005-10-13,5.278237819671631,5.340000152587891,5.349999904632568,5.125,5.139999866485596,29200
2005-10-14,5.223873615264893,5.284999847412109,5.480000019073486,5.199999809265137,5.480000019073486,46400
2005-10-17,5.510519504547119,5.574999809265137,5.574999809265137,5.130000114440918,5.130000114440918,33400
2005-10-18,5.569826126098633,5.635000228881836,5.699999809265137,5.53000020980835,5.690000057220459,9600
2005-10-19,5.4610981941223145,5.525000095367432,5.559999942779541,5.114999771118164,5.389999866485596,24000
2005-10-20,5.609363079071045,5.675000190734863,5.71999979019165,5.550000190734863,5.550000190734863,32200
2005-10-21,5.673611164093018,5.739999771118164,5.849999904632568,5.480000019073486,5.480000019073486,10600
2005-10-24,5.505577564239502,5.570000171661377,5.764999866485596,5.510000228881836,5.730000019073486,57000
2005-10-25,5.386965274810791,5.449999809265137,5.764999866485596,5.400000095367432,5.565000057220459,40000
2005-10-26,5.347427845001221,5.409999847412109,5.605000019073486,5.400000095367432,5.400000095367432,11800
2005-10-27,5.288121700286865,5.349999904632568,5.505000114440918,5.275000095367432,5.454999923706055,22400
2005-10-28,5.293064117431641,5.355000019073486,5.40500020980835,5.255000114440918,5.40500020980835,20600
2005-10-31,5.416618347167969,5.480000019073486,5.585000038146973,5.324999809265137,5.329999923706055,27600
2005-11-01,5.322717666625977,5.385000228881836,5.519999980926514,5.275000095367432,5.425000190734863,17000
2005-11-02,5.288121700286865,5.349999904632568,5.385000228881836,5.340000152587891,5.369999885559082,20800
2005-11-03,5.288121700286865,5.349999904632568,5.369999885559082,5.324999809265137,5.324999809265137,19200
2005-11-04,5.293064117431641,5.355000019073486,5.369999885559082,5.320000171661377,5.340000152587891,10600
2005-11-07,5.456155776977539,5.519999980926514,5.519999980926514,5.25,5.320000171661377,38200
2005-11-08,5.436387062072754,5.5,5.650000095367432,5.494999885559082,5.644999980926514,14000
2005-11-09,5.7922234535217285,5.860000133514404,5.860000133514404,5.53000020980835,5.684999942779541,86600
2005-11-10,5.891067028045654,5.960000038146973,5.960000038146973,5.789999961853027,5.875,41400
2005-11-11,5.886124610900879,5.954999923706055,6.0,5.829999923706055,6.0,28200
2005-11-14,6.256787300109863,6.329999923706055,6.394999980926514,5.954999923706055,6.0,65200
2005-11-15,5.52040433883667,5.585000038146973,6.389999866485596,5.505000114440918,6.389999866485596,141400
2005-11-16,5.7230329513549805,5.789999961853027,5.875,5.650000095367432,5.704999923706055,138000
2005-11-17,5.609363079071045,5.675000190734863,5.840000152587891,5.625,5.840000152587891,16800
2005-11-18,5.663726806640625,5.730000019073486,5.75,5.625,5.75,16400
2005-11-21,5.505577564239502,5.570000171661377,5.75,5.485000133514404,5.75,26800
2005-11-22,5.327659606933594,5.389999866485596,5.579999923706055,5.309999942779541,5.485000133514404,59400
2005-11-23,5.283179759979248,5.34499979019165,5.385000228881836,5.269999980926514,5.385000228881836,35000
2005-11-25,5.302948474884033,5.364999771118164,5.375,5.300000190734863,5.375,5200
2005-11-28,5.604421138763428,5.670000076293945,5.670000076293945,5.320000171661377,5.324999809265137,41200
2005-11-29,5.579710006713867,5.644999980926514,5.695000171661377,5.545000076293945,5.695000171661377,79600
2005-11-30,5.382023811340332,5.445000171661377,5.670000076293945,5.369999885559082,5.644999980926514,32600
2005-12-01,5.475924491882324,5.539999961853027,5.664999961853027,5.340000152587891,5.514999866485596,69600
2005-12-02,5.970141410827637,6.039999961853027,6.320000171661377,5.519999980926514,5.59499979019165,67200
2005-12-05,6.07392692565918,6.144999980926514,6.425000190734863,6.119999885559082,6.425000190734863,53400
2005-12-06,5.678553581237793,5.744999885559082,6.335000038146973,5.630000114440918,6.260000228881836,55400
2005-12-07,5.68349552154541,5.75,5.75,5.639999866485596,5.699999809265137,35600
2005-12-08,5.708206653594971,5.775000095367432,5.920000076293945,5.684999942779541,5.684999942779541,33600
2005-12-09,5.52040433883667,5.585000038146973,5.75,5.579999923706055,5.675000190734863,18600
2005-12-12,5.46604061126709,5.53000020980835,5.570000171661377,5.364999771118164,5.510000228881836,46600
2005-12-13,5.480866432189941,5.545000076293945,5.739999771118164,5.5,5.739999771118164,19200
2005-12-14,5.362254619598389,5.425000190734863,5.605000019073486,5.380000114440918,5.605000019073486,32600
2005-12-15,5.367196559906006,5.429999828338623,5.514999866485596,5.300000190734863,5.510000228881836,15400
2005-12-16,5.406733989715576,5.46999979019165,5.514999866485596,5.445000171661377,5.494999885559082,10800
2005-12-19,5.268353462219238,5.329999923706055,5.510000228881836,5.309999942779541,5.394999980926514,32200
2005-12-20,5.179393768310547,5.239999771118164,5.360000133514404,5.170000076293945,5.25,27400
2005-12-21,5.347427845001221,5.409999847412109,5.550000190734863,5.215000152587891,5.215000152587891,51400
2005-12-22,5.179393768310547,5.239999771118164,5.400000095367432,5.130000114440918,5.400000095367432,35600
2005-12-23,5.283179759979248,5.34499979019165,5.494999885559082,5.25,5.25,10000
2005-12-27,5.189278602600098,5.25,5.315000057220459,5.235000133514404,5.235000133514404,29600
2005-12-28,5.708206653594971,5.775000095367432,6.315000057220459,5.664999961853027,6.0,846800
2005-12-29,6.360572814941406,6.434999942779541,6.610000133514404,5.994999885559082,6.074999809265137,767600
2005-12-30,6.148059368133545,6.21999979019165,6.519999980926514,6.054999828338623,6.489999771118164,196400
2006-01-03,6.563201427459717,6.639999866485596,6.650000095367432,6.25,6.414999961853027,150000
2006-01-04,6.1727705001831055,6.244999885559082,6.650000095367432,6.184999942779541,6.650000095367432,129400
2006-01-05,6.0838117599487305,6.15500020980835,6.195000171661377,6.125,6.125,69600
2006-01-06,6.177712440490723,6.25,6.440000057220459,6.144999980926514,6.150000095367432,82800
2006-01-09,5.994852066040039,6.065000057220459,6.25,6.025000095367432,6.25,62800
2006-01-10,5.999794960021973,6.070000171661377,6.255000114440918,6.025000095367432,6.255000114440918,44200
2006-01-11,6.00473690032959,6.074999809265137,6.125,6.03000020980835,6.045000076293945,23200
2006-01-12,5.816934585571289,5.885000228881836,6.074999809265137,5.755000114440918,6.03000020980835,100800
2006-01-13,5.7032647132873535,5.769999980926514,5.974999904632568,5.769999980926514,5.824999809265137,31000
2006-01-17,5.624189853668213,5.690000057220459,5.755000114440918,5.690000057220459,5.75,38200
2006-01-18,5.62913179397583,5.695000171661377,5.724999904632568,5.625,5.724999904632568,18600
2006-01-19,5.624189853668213,5.690000057220459,5.789999961853027,5.650000095367432,5.789999961853027,20600
2006-01-20,5.6192474365234375,5.684999942779541,5.800000190734863,5.65500020980835,5.664999961853027,28200
2006-01-23,5.594536781311035,5.659999847412109,5.764999866485596,5.635000228881836,5.650000095367432,24200
2006-01-24,5.500635147094727,5.565000057220459,5.675000190734863,5.554999828338623,5.675000190734863,24000
2006-01-25,5.624189853668213,5.690000057220459,5.724999904632568,5.5,5.5,39200
2006-01-26,5.525346279144287,5.590000152587891,5.71999979019165,5.554999828338623,5.71999979019165,33000
2006-01-27,5.5352301597595215,5.599999904632568,5.679999828338623,5.539999961853027,5.539999961853027,25800
2006-01-30,5.6192474365234375,5.684999942779541,5.739999771118164,5.59499979019165,5.724999904632568,48600
2006-01-31,5.64395809173584,5.710000038146973,5.789999961853027,5.684999942779541,5.739999771118164,38000
2006-02-01,5.673611164093018,5.739999771118164,5.789999961853027,5.684999942779541,5.730000019073486,13200
2006-02-02,5.89600944519043,5.965000152587891,6.025000095367432,5.789999961853027,5.789999961853027,56400
2006-02-03,5.891067028045654,5.960000038146973,5.985000133514404,5.840000152587891,5.965000152587891,24000
2006-02-06,5.841645240783691,5.909999847412109,6.110000133514404,5.909999847412109,5.960000038146973,14800
2006-02-07,5.7922234535217285,5.860000133514404,5.90500020980835,5.824999809265137,5.90500020980835,13800
2006-02-08,5.787281513214111,5.855000019073486,5.855000019073486,5.84499979019165,5.855000019073486,5200
2006-02-09,5.915777683258057,5.985000133514404,5.994999885559082,5.869999885559082,5.869999885559082,15600
2006-02-10,5.782339096069336,5.849999904632568,5.934999942779541,5.800000190734863,5.900000095367432,14000
2006-02-13,5.525346279144287,5.590000152587891,5.800000190734863,5.465000152587891,5.75,20600
2006-02-14,5.614305019378662,5.679999828338623,5.684999942779541,5.559999942779541,5.579999923706055,12400
2006-02-15,5.58959436416626,5.65500020980835,5.744999885559082,5.650000095367432,5.704999923706055,11600
2006-02-16,5.584652423858643,5.650000095367432,5.695000171661377,5.599999904632568,5.650000095367432,3200
2006-02-17,5.624189853668213,5.690000057220459,5.724999904632568,5.559999942779541,5.605000019073486,21400
2006-02-21,5.693380355834961,5.760000228881836,5.760000228881836,5.610000133514404,5.724999904632568,28400
2006-02-22,5.579710006713867,5.644999980926514,5.800000190734863,5.59499979019165,5.65500020980835,22400
2006-02-23,5.559941291809082,5.625,5.71999979019165,5.610000133514404,5.610000133514404,12600
2006-02-24,5.658784866333008,5.724999904632568,5.849999904632568,5.630000114440918,5.75,11600
2006-02-27,5.718090534210205,5.784999847412109,5.784999847412109,5.625,5.71999979019165,10400
2006-02-28,5.7032647132873535,5.769999980926514,5.769999980926514,5.704999923706055,5.724999904632568,3200
2006-03-01,5.7773966789245605,5.84499979019165,5.849999904632568,5.684999942779541,5.684999942779541,21200
2006-03-02,5.678553581237793,5.744999885559082,5.860000133514404,5.619999885559082,5.860000133514404,7800
2006-03-03,5.876240253448486,5.945000171661377,5.960000038146973,5.804999828338623,5.84499979019165,14800
2006-03-06,6.370457172393799,6.445000171661377,6.610000133514404,5.860000133514404,5.860000133514404,103000
2006-03-07,6.143117904663086,6.215000152587891,6.590000152587891,6.159999847412109,6.510000228881836,28600
2006-03-08,5.846587181091309,5.914999961853027,6.385000228881836,5.914999961853027,6.349999904632568,29000
2006-03-09,6.133233070373535,6.204999923706055,6.324999809265137,5.925000190734863,5.925000190734863,28400
2006-03-10,6.12829065322876,6.199999809265137,6.300000190734863,6.09499979019165,6.09499979019165,5400
2006-03-13,6.1579437255859375,6.230000019073486,6.349999904632568,6.230000019073486,6.300000190734863,5600
2006-03-14,6.197481632232666,6.269999980926514,6.320000171661377,6.099999904632568,6.105000019073486,3800
2006-03-15,6.177712440490723,6.25,6.269999980926514,6.25,6.264999866485596,5400
2006-03-16,5.930603981018066,6.0,6.119999885559082,5.614999771118164,5.614999771118164,38600
2006-03-17,5.8811821937561035,5.949999809265137,5.980000019073486,5.815000057220459,5.815000057220459,9000
2006-03-20,5.910835266113281,5.980000019073486,6.074999809265137,5.954999923706055,6.074999809265137,9200
2006-03-21,5.955315113067627,6.025000095367432,6.175000190734863,5.804999828338623,6.025000095367432,18600
2006-03-22,5.905893325805664,5.974999904632568,6.039999961853027,5.954999923706055,6.039999961853027,6800
2006-03-23,5.925662040710449,5.994999885559082,6.019999980926514,5.985000133514404,5.985000133514404,800
2006-03-24,5.910835266113281,5.980000019073486,5.980000019073486,5.869999885559082,5.869999885559082,10000
2006-03-27,5.999794960021973,6.070000171661377,6.25,5.789999961853027,5.789999961853027,8600
2006-03-28,5.955315113067627,6.025000095367432,6.085000038146973,5.835000038146973,5.949999809265137,5000
2006-03-29,6.034389972686768,6.105000019073486,6.224999904632568,6.03000020980835,6.085000038146973,21400
2006-03-30,6.16782808303833,6.239999771118164,6.394999980926514,6.175000190734863,6.25,82600
2006-03-31,6.054158687591553,6.125,6.25,6.099999904632568,6.25,12000
2006-04-03,6.088753700256348,6.159999847412109,6.244999885559082,6.144999980926514,6.179999828338623,17000
2006-04-04,5.9800262451171875,6.050000190734863,6.139999866485596,5.900000095367432,6.130000114440918,31800
2006-04-05,5.891067028045654,5.960000038146973,6.0,5.855000019073486,6.0,31600
2006-04-06,6.064043045043945,6.135000228881836,6.300000190734863,6.090000152587891,6.090000152587891,48200
2006-04-07,6.07392692565918,6.144999980926514,6.144999980926514,6.125,6.125,2800
2006-04-10,5.886124610900879,5.954999923706055,6.005000114440918,5.849999904632568,5.994999885559082,25400
2006-04-11,5.836703300476074,5.90500020980835,5.934999942779541,5.900000095367432,5.925000190734863,15400
2006-04-12,5.925662040710449,5.994999885559082,5.994999885559082,5.789999961853027,5.925000190734863,6000
2006-04-13,5.925662040710449,5.994999885559082,6.195000171661377,5.900000095367432,6.090000152587891,12400
2006-04-17,5.816934585571289,5.885000228881836,6.085000038146973,5.875,6.0,16600
2006-04-18,5.89600944519043,5.965000152587891,6.059999942779541,5.855000019073486,5.925000190734863,31600
2006-04-19,5.89600944519043,5.965000152587891,6.0,5.880000114440918,5.994999885559082,14200
2006-04-20,5.871298313140869,5.940000057220459,6.005000114440918,5.824999809265137,5.849999904632568,12800
2006-04-21,5.891067028045654,5.960000038146973,5.974999904632568,5.824999809265137,5.840000152587891,8600
2006-04-24,5.925662040710449,5.994999885559082,5.994999885559082,5.885000228881836,5.949999809265137,13000
2006-04-25,6.00473690032959,6.074999809265137,6.199999809265137,5.900000095367432,5.900000095367432,26000
2006-04-26,5.989910125732422,6.059999942779541,6.085000038146973,6.005000114440918,6.039999961853027,9400
2006-04-27,5.905893325805664,5.974999904632568,6.014999866485596,5.929999828338623,6.014999866485596,15600
2006-04-28,5.876240253448486,5.945000171661377,6.019999980926514,5.885000228881836,5.90500020980835,12600
2006-05-01,6.039331912994385,6.110000133514404,6.139999866485596,5.945000171661377,6.070000171661377,12600
2006-05-02,5.900950908660889,5.96999979019165,6.050000190734863,5.954999923706055,6.005000114440918,12200
2006-05-03,5.95037317276001,6.019999980926514,6.110000133514404,5.974999904632568,6.034999847412109,11000
2006-05-04,5.856471538543701,5.925000190734863,6.019999980926514,5.925000190734863,6.019999980926514,7600
2006-05-05,5.900950908660889,5.96999979019165,6.050000190734863,5.880000114440918,5.900000095367432,17800
2006-05-08,5.925662040710449,5.994999885559082,6.010000228881836,5.929999828338623,6.005000114440918,4600
2006-05-09,5.861413478851318,5.929999828338623,5.974999904632568,5.885000228881836,5.929999828338623,7600
2006-05-10,5.831760883331299,5.900000095367432,6.010000228881836,5.900000095367432,5.949999809265137,7400
2006-05-11,5.639016151428223,5.704999923706055,5.949999809265137,5.695000171661377,5.949999809265137,32200
2006-05-12,5.510519504547119,5.574999809265137,5.704999923706055,5.534999847412109,5.699999809265137,24000
2006-05-15,5.62913179397583,5.695000171661377,5.954999923706055,5.25,5.364999771118164,35400
2006-05-16,5.68349552154541,5.75,5.829999923706055,5.699999809265137,5.829999923706055,9000
2006-05-17,5.554998874664307,5.619999885559082,5.829999923706055,5.574999809265137,5.829999923706055,27000
2006-05-18,5.372138500213623,5.434999942779541,5.804999828338623,5.409999847412109,5.619999885559082,32000
2006-05-19,5.446271896362305,5.510000228881836,5.579999923706055,5.454999923706055,5.46999979019165,8000
2006-05-22,5.362254619598389,5.425000190734863,5.510000228881836,5.295000076293945,5.5,41000
2006-05-23,5.223873615264893,5.284999847412109,5.489999771118164,5.119999885559082,5.34499979019165,30400
2006-05-24,5.199163436889648,5.260000228881836,5.369999885559082,5.09499979019165,5.25,23200
2006-05-25,5.179393768310547,5.239999771118164,5.340000152587891,5.059999942779541,5.215000152587891,23600
2006-05-26,5.3424859046936035,5.40500020980835,5.445000171661377,5.25,5.25,6600
2006-05-30,5.263411045074463,5.324999809265137,5.40500020980835,5.304999828338623,5.400000095367432,6600
2006-05-31,5.327659606933594,5.389999866485596,5.474999904632568,5.389999866485596,5.400000095367432,12600
2006-06-01,5.263411045074463,5.324999809265137,5.440000057220459,5.275000095367432,5.349999904632568,9800
2006-06-02,5.5154619216918945,5.579999923706055,5.625,5.34499979019165,5.355000019073486,12200
2006-06-05,5.811992168426514,5.880000114440918,5.880000114440918,5.519999980926514,5.519999980926514,17600
2006-06-06,5.816934585571289,5.885000228881836,5.900000095367432,5.800000190734863,5.849999904632568,8200
2006-06-07,5.826818466186523,5.894999980926514,5.894999980926514,5.769999980926514,5.829999923706055,15000
2006-06-08,5.693380355834961,5.760000228881836,5.849999904632568,5.760000228881836,5.804999828338623,9200
2006-06-09,5.905893325805664,5.974999904632568,6.0,5.364999771118164,5.364999771118164,25800
2006-06-12,5.989910125732422,6.059999942779541,6.099999904632568,5.914999961853027,5.914999961853027,79400
2006-06-13,6.162886619567871,6.235000133514404,6.25,5.954999923706055,6.03000020980835,47800
2006-06-14,6.108522415161133,6.179999828338623,6.239999771118164,6.0,6.235000133514404,26000
2006-06-15,6.162886619567871,6.235000133514404,6.244999885559082,6.059999942779541,6.224999904632568,11200
2006-06-16,5.9849677085876465,6.054999828338623,6.099999904632568,6.0,6.005000114440918,34800
2006-06-19,6.148059368133545,6.21999979019165,6.34499979019165,6.019999980926514,6.059999942779541,59600
2006-06-20,6.414936542510986,6.489999771118164,6.59499979019165,6.369999885559082,6.5,57800
2006-06-21,6.261729717254639,6.335000038146973,6.59499979019165,6.300000190734863,6.565000057220459,15000
2006-06-22,6.350688934326172,6.425000190734863,6.494999885559082,6.335000038146973,6.335000038146973,21400
2006-06-23,6.217250347137451,6.289999961853027,6.485000133514404,6.224999904632568,6.485000133514404,14800
2006-06-26,6.232076168060303,6.304999828338623,6.335000038146973,6.25,6.25,15400
2006-06-27,6.266671657562256,6.340000152587891,6.369999885559082,6.324999809265137,6.324999809265137,17800
2006-06-28,6.177712440490723,6.25,6.34499979019165,6.25,6.324999809265137,22000
2006-06-29,6.133233070373535,6.204999923706055,6.329999923706055,6.204999923706055,6.324999809265137,21800
2006-06-30,6.3457465171813965,6.420000076293945,6.420000076293945,6.204999923706055,6.204999923706055,15400
2006-07-03,6.301267147064209,6.375,6.400000095367432,6.349999904632568,6.375,8200
2006-07-05,6.321035385131836,6.394999980926514,6.505000114440918,6.355000019073486,6.355000019073486,28200
2006-07-06,6.3457465171813965,6.420000076293945,6.46999979019165,6.300000190734863,6.46999979019165,28000
2006-07-07,6.217250347137451,6.289999961853027,6.394999980926514,6.284999847412109,6.380000114440918,4200
2006-07-10,6.09863805770874,6.170000076293945,6.434999942779541,6.159999847412109,6.34499979019165,21200
2006-07-11,6.014621257781982,6.085000038146973,6.110000133514404,6.079999923706055,6.105000019073486,12000
2006-07-12,6.064043045043945,6.135000228881836,6.199999809265137,6.135000228881836,6.150000095367432,13400
2006-07-13,6.0838117599487305,6.15500020980835,6.184999942779541,6.150000095367432,6.150000095367432,4400
2006-07-14,6.241960525512695,6.315000057220459,6.329999923706055,6.184999942779541,6.264999866485596,12400
2006-07-17,6.1381754875183105,6.210000038146973,6.260000228881836,6.15500020980835,6.25,8200
2006-07-18,6.271614074707031,6.34499979019165,6.360000133514404,6.230000019073486,6.324999809265137,12600
2006-07-19,6.424820899963379,6.5,6.5,6.355000019073486,6.355000019073486,32200
2006-07-20,6.419878959655762,6.494999885559082,6.525000095367432,6.489999771118164,6.525000095367432,26000
2006-07-21,6.3259782791137695,6.400000095367432,6.489999771118164,6.380000114440918,6.489999771118164,28800
2006-07-24,6.301267147064209,6.375,6.485000133514404,6.320000171661377,6.440000057220459,18800
2006-07-25,6.395167827606201,6.46999979019165,6.46999979019165,6.09499979019165,6.269999980926514,8800
2006-07-26,6.271614074707031,6.34499979019165,6.440000057220459,6.135000228881836,6.394999980926514,6000
2006-07-27,6.162886619567871,6.235000133514404,6.414999961853027,6.15500020980835,6.414999961853027,7200
2006-07-28,6.419878959655762,6.494999885559082,6.494999885559082,6.190000057220459,6.190000057220459,11800
2006-07-31,6.56814432144165,6.644999980926514,6.925000190734863,6.125,6.5,62600
2006-08-01,6.301267147064209,6.375,6.650000095367432,5.994999885559082,6.650000095367432,50400
2006-08-02,6.276556015014648,6.349999904632568,6.360000133514404,6.210000038146973,6.210000038146973,4200
2006-08-03,6.123348712921143,6.195000171661377,6.389999866485596,6.195000171661377,6.199999809265137,20600
2006-08-04,6.306209087371826,6.380000114440918,6.394999980926514,6.150000095367432,6.215000152587891,17400
2006-08-07,6.647218704223633,6.724999904632568,6.775000095367432,6.329999923706055,6.400000095367432,44600
2006-08-08,6.612623691558838,6.690000057220459,6.800000190734863,6.554999828338623,6.75,35400
2006-08-09,6.123348712921143,6.195000171661377,6.715000152587891,6.179999828338623,6.635000228881836,28600
2006-08-10,6.439647674560547,6.514999866485596,6.880000114440918,6.210000038146973,6.210000038146973,57400
2006-08-11,6.439647674560547,6.514999866485596,6.659999847412109,6.434999942779541,6.519999980926514,19600
2006-08-14,6.51378059387207,6.590000152587891,6.744999885559082,6.550000190734863,6.574999809265137,24200
2006-08-15,6.276556015014648,6.349999904632568,6.739999771118164,6.349999904632568,6.739999771118164,14400
2006-08-16,6.563201427459717,6.639999866485596,6.75,6.400000095367432,6.400000095367432,52700
2006-08-17,6.711467266082764,6.789999961853027,6.849999904632568,6.519999980926514,6.75,29300
2006-08-18,6.820195198059082,6.900000095367432,6.920000076293945,6.769999980926514,6.880000114440918,27700
2006-08-21,7.096956253051758,7.179999828338623,7.210000038146973,6.900000095367432,7.0,37800
2006-08-22,7.44290828704834,7.53000020980835,7.579999923706055,7.150000095367432,7.329999923706055,86600
2006-08-23,7.353949546813965,7.440000057220459,7.789999961853027,7.400000095367432,7.650000095367432,34900
2006-08-24,7.225452899932861,7.309999942779541,7.519999980926514,7.079999923706055,7.519999980926514,29300
2006-08-25,7.304527282714844,7.389999866485596,7.690000057220459,7.300000190734863,7.369999885559082,37800
2006-08-28,7.33418083190918,7.420000076293945,7.690000057220459,7.400000095367432,7.449999809265137,44200
2006-08-29,7.403370380401611,7.489999771118164,7.599999904632568,7.289999961853027,7.5,22600
2006-08-30,7.33418083190918,7.420000076293945,7.610000133514404,7.349999904632568,7.599999904632568,9500
2006-08-31,7.136493682861328,7.21999979019165,7.5,6.789999961853027,7.360000133514404,55800
2006-09-01,7.116724967956543,7.199999809265137,7.360000133514404,6.889999866485596,7.300000190734863,39300
2006-09-05,6.849847793579102,6.929999828338623,7.199999809265137,6.900000095367432,7.199999809265137,8900
2006-09-06,6.770772933959961,6.849999904632568,7.150000095367432,6.809999942779541,7.0,35000
2006-09-07,6.731235980987549,6.809999942779541,6.940000057220459,6.809999942779541,6.940000057220459,8900
2006-09-08,6.91903829574585,7.0,7.300000190734863,6.5,6.900000095367432,44100
2006-09-11,7.027766227722168,7.110000133514404,7.190000057220459,6.900000095367432,7.070000171661377,29900
2006-09-12,7.037650108337402,7.119999885559082,7.119999885559082,6.909999847412109,6.909999847412109,13800
2006-09-13,7.027766227722168,7.110000133514404,7.190000057220459,7.039999961853027,7.099999904632568,26900
2006-09-14,6.869616508483887,6.949999809265137,7.070000171661377,6.949999809265137,7.010000228881836,23800
2006-09-15,6.928922653198242,7.010000228881836,7.099999904632568,7.0,7.0,20100
2006-09-18,7.027766227722168,7.110000133514404,7.119999885559082,6.699999809265137,7.010000228881836,54800
2006-09-19,6.9684600830078125,7.050000190734863,7.170000076293945,7.010000228881836,7.059999942779541,12800
2006-09-20,7.007997512817383,7.090000152587891,7.179999828338623,7.059999942779541,7.179999828338623,8500
2006-09-21,6.928922653198242,7.010000228881836,7.119999885559082,7.010000228881836,7.050000190734863,11300
2006-09-22,6.928922653198242,7.010000228881836,7.099999904632568,6.889999866485596,7.070000171661377,16800
2006-09-25,6.790541648864746,6.869999885559082,7.0,6.829999923706055,7.0,20500
2006-09-26,6.879500865936279,6.960000038146973,7.0,6.75,6.75,23200
2006-09-27,6.8992695808410645,6.980000019073486,7.090000152587891,6.869999885559082,6.880000114440918,20600
2006-09-28,6.91903829574585,7.0,7.019999980926514,6.849999904632568,6.920000076293945,43300
2006-09-29,6.770772933959961,6.849999904632568,7.0,6.800000190734863,7.0,14900
2006-10-02,6.849847793579102,6.929999828338623,7.010000228881836,6.78000020980835,6.909999847412109,12500
2006-10-03,6.820195198059082,6.900000095367432,6.949999809265137,6.53000020980835,6.670000076293945,12400
2006-10-04,6.859732151031494,6.940000057220459,7.0,6.840000152587891,6.840000152587891,11200
2006-10-05,6.830079078674316,6.909999847412109,6.96999979019165,6.809999942779541,6.96999979019165,15300
2006-10-06,6.928922653198242,7.010000228881836,7.099999904632568,6.820000171661377,6.820000171661377,12300
2006-10-09,7.047534465789795,7.130000114440918,7.150000095367432,6.860000133514404,7.0,28400
2006-10-10,7.344064712524414,7.429999828338623,7.800000190734863,7.289999961853027,7.449999809265137,142100
2006-10-11,7.294642925262451,7.380000114440918,7.519999980926514,7.320000171661377,7.480000019073486,39800
2006-10-12,7.304527282714844,7.389999866485596,7.599999904632568,7.130000114440918,7.5,55500
2006-10-13,7.116724967956543,7.199999809265137,7.400000095367432,7.139999866485596,7.400000095367432,22500
2006-10-16,7.314411640167236,7.400000095367432,7.409999847412109,7.199999809265137,7.199999809265137,28000
2006-10-17,7.33418083190918,7.420000076293945,7.5,7.300000190734863,7.440000057220459,8100
2006-10-18,7.413255214691162,7.5,7.519999980926514,7.400000095367432,7.519999980926514,14600
2006-10-19,7.33418083190918,7.420000076293945,7.449999809265137,7.150000095367432,7.300000190734863,21900
2006-10-20,7.373717784881592,7.460000038146973,7.550000190734863,7.429999828338623,7.5,37400
2006-10-23,7.581289291381836,7.670000076293945,7.75,7.449999809265137,7.449999809265137,54900
2006-10-24,7.51209831237793,7.599999904632568,7.75,7.449999809265137,7.5,33300
2006-10-25,7.8679351806640625,7.960000038146973,8.050000190734863,7.679999828338623,7.75,87400
2006-10-26,8.085390090942383,8.180000305175781,8.329999923706055,7.960000038146973,8.119999885559082,83500
2006-10-27,8.391804695129395,8.489999771118164,8.5,8.199999809265137,8.239999771118164,59700
2006-10-30,8.589491844177246,8.6899995803833,8.819999694824219,8.430000305175781,8.5,82000
2006-10-31,8.470878601074219,8.569999694824219,8.850000381469727,8.359999656677246,8.850000381469727,42800
2006-11-01,8.16446590423584,8.260000228881836,8.609999656677246,8.039999961853027,8.5,28400
2006-11-02,8.431342124938965,8.529999732971191,8.5600004196167,8.270000457763672,8.329999923706055,38500
2006-11-03,8.194117546081543,8.289999961853027,8.729999542236328,8.25,8.449999809265137,21400
2006-11-06,8.144696235656738,8.239999771118164,8.479999542236328,8.220000267028809,8.329999923706055,25000
2006-11-07,8.134811401367188,8.229999542236328,8.300000190734863,8.149999618530273,8.300000190734863,18100
2006-11-08,8.026083946228027,8.119999885559082,8.25,8.0,8.119999885559082,30900
2006-11-09,7.956894397735596,8.050000190734863,8.100000381469727,7.869999885559082,8.100000381469727,27000
2006-11-10,8.065621376037598,8.15999984741211,8.3100004196167,8.09000015258789,8.100000381469727,16000
2006-11-13,8.401689529418945,8.5,8.8100004196167,8.170000076293945,8.229999542236328,34900
2006-11-14,8.49064826965332,8.59000015258789,8.75,8.550000190734863,8.550000190734863,39300
2006-11-15,8.549954414367676,8.649999618530273,8.949999809265137,8.600000381469727,8.949999809265137,38100
2006-11-16,8.38192081451416,8.479999542236328,8.65999984741211,8.3100004196167,8.65999984741211,25000
2006-11-17,8.253423690795898,8.350000381469727,8.479999542236328,8.09000015258789,8.380000114440918,90900
2006-11-20,8.154581069946289,8.25,8.359999656677246,7.849999904632568,7.849999904632568,36700
2006-11-21,8.401689529418945,8.5,8.600000381469727,8.199999809265137,8.25,26200
2006-11-22,8.253423690795898,8.350000381469727,8.539999961853027,8.34000015258789,8.510000228881836,19800
2006-11-24,8.372036933898926,8.470000267028809,8.5,8.359999656677246,8.359999656677246,9700
2006-11-27,8.45111083984375,8.550000190734863,8.899999618530273,8.430000305175781,8.890000343322754,43600
2006-11-28,8.480764389038086,8.579999923706055,8.579999923706055,8.329999923706055,8.4399995803833,15100
2006-11-29,8.540070533752441,8.640000343322754,8.649999618530273,8.529999732971191,8.579999923706055,12100
2006-11-30,8.609260559082031,8.710000038146973,8.8100004196167,8.149999618530273,8.649999618530273,42500
2006-12-01,8.45111083984375,8.550000190734863,8.859999656677246,8.359999656677246,8.760000228881836,15600
2006-12-04,9.31104850769043,9.420000076293945,9.460000038146973,8.390000343322754,8.390000343322754,75300
2006-12-05,9.42966079711914,9.539999961853027,9.609999656677246,9.100000381469727,9.5,83200
2006-12-06,9.943647384643555,10.0600004196167,10.119999885559082,9.5,9.5,68500
2006-12-07,10.368672370910645,10.489999771118164,10.489999771118164,10.180000305175781,10.199999809265137,110300
2006-12-08,10.625665664672852,10.75,10.760000228881836,10.5,10.5,79500
2006-12-11,9.617463111877441,9.729999542236328,10.850000381469727,9.6899995803833,10.760000228881836,142400
2006-12-12,9.785496711730957,9.899999618530273,10.119999885559082,9.75,9.75,67000
2006-12-13,9.765727996826172,9.880000114440918,10.25,9.760000228881836,9.949999809265137,54000
2006-12-14,9.795381546020508,9.90999984741211,10.109999656677246,9.800000190734863,9.960000038146973,35500
2006-12-15,9.479082107543945,9.59000015258789,9.960000038146973,9.5,9.949999809265137,79200
2006-12-18,8.994750022888184,9.100000381469727,10.25,9.010000228881836,10.25,221800
2006-12-19,8.91567611694336,9.020000457763672,9.239999771118164,8.600000381469727,9.119999885559082,116300
2006-12-20,8.945327758789062,9.050000190734863,9.09000015258789,8.800000190734863,9.09000015258789,76000
2006-12-21,9.370353698730469,9.479999542236328,9.510000228881836,9.09000015258789,9.149999618530273,75300
2006-12-22,9.38023853302002,9.489999771118164,9.619999885559082,9.470000267028809,9.489999771118164,32800
2006-12-26,9.231973648071289,9.34000015258789,9.710000038146973,9.270000457763672,9.550000190734863,17100
2006-12-27,9.28139591217041,9.390000343322754,9.550000190734863,9.270000457763672,9.350000381469727,44200
2006-12-28,9.20232105255127,9.3100004196167,9.479999542236328,9.25,9.399999618530273,17600
2006-12-29,9.24185848236084,9.350000381469727,9.390000343322754,9.199999809265137,9.239999771118164,21900
2007-01-03,9.044171333312988,9.149999618530273,9.5,9.0600004196167,9.5,29800
2007-01-04,8.787178993225098,8.890000343322754,9.0600004196167,8.760000228881836,9.0600004196167,47900
2007-01-05,8.589491844177246,8.6899995803833,8.9399995803833,8.640000343322754,8.90999984741211,55900
2007-01-08,8.638914108276367,8.739999771118164,9.5,8.649999618530273,8.680000305175781,28400
2007-01-09,8.747641563415527,8.850000381469727,9.25,8.699999809265137,8.75,63100
2007-01-10,8.846484184265137,8.949999809265137,9.0600004196167,8.75,8.75,37500
2007-01-11,8.609260559082031,8.710000038146973,9.0600004196167,8.710000038146973,9.029999732971191,39900
2007-01-12,8.431342124938965,8.529999732971191,8.800000190734863,8.510000228881836,8.699999809265137,51300
2007-01-16,8.589491844177246,8.6899995803833,8.960000038146973,8.600000381469727,8.600000381469727,24600
2007-01-17,8.737756729125977,8.84000015258789,8.960000038146973,8.729999542236328,8.899999618530273,26700
2007-01-18,8.727871894836426,8.829999923706055,8.970000267028809,8.800000190734863,8.970000267028809,15500
2007-01-19,8.925559043884277,9.029999732971191,9.09000015258789,8.819999694824219,8.819999694824219,19200
2007-01-22,9.044171333312988,9.149999618530273,9.399999618530273,9.069999694824219,9.100000381469727,54200
2007-01-23,9.31104850769043,9.420000076293945,9.420000076293945,9.020000457763672,9.149999618530273,33800
2007-01-24,9.143014907836914,9.25,9.5,9.25,9.5,23800
2007-01-25,9.044171333312988,9.149999618530273,9.210000038146973,8.970000267028809,8.970000267028809,19000
2007-01-26,8.895906448364258,9.0,9.300000190734863,8.640000343322754,9.300000190734863,37700
2007-01-29,8.984865188598633,9.09000015258789,9.140000343322754,8.75,8.960000038146973,10100
2007-01-30,8.836599349975586,8.9399995803833,9.0,8.75,8.9399995803833,27000
2007-01-31,8.826716423034668,8.930000305175781,8.949999809265137,8.859999656677246,8.890000343322754,6700
2007-02-01,8.895906448364258,9.0,9.100000381469727,9.0,9.020000457763672,10200
2007-02-02,8.945327758789062,9.050000190734863,9.09000015258789,8.880000114440918,9.09000015258789,11500
2007-02-05,8.955212593078613,9.0600004196167,9.130000114440918,8.930000305175781,9.119999885559082,16400
2007-02-06,8.955212593078613,9.0600004196167,9.239999771118164,8.989999771118164,9.210000038146973,12500
2007-02-07,8.925559043884277,9.029999732971191,9.039999961853027,8.880000114440918,9.020000457763672,11000
2007-02-08,8.876136779785156,8.979999542236328,9.09000015258789,8.970000267028809,8.989999771118164,50700
2007-02-09,8.876136779785156,8.979999542236328,8.989999771118164,8.949999809265137,8.970000267028809,19300
2007-02-12,8.91567611694336,9.020000457763672,9.09000015258789,8.90999984741211,8.920000076293945,17900
2007-02-13,8.886021614074707,8.989999771118164,9.029999732971191,8.979999542236328,8.979999542236328,17700
2007-02-14,9.291279792785645,9.399999618530273,9.399999618530273,8.970000267028809,9.069999694824219,31900
2007-02-15,9.479082107543945,9.59000015258789,9.600000381469727,9.40999984741211,9.449999809265137,47900
2007-02-16,9.449429512023926,9.5600004196167,9.729999542236328,9.489999771118164,9.729999542236328,24600
2007-02-20,9.192437171936035,9.300000190734863,9.569999694824219,9.069999694824219,9.460000038146973,18600
2007-02-21,9.38023853302002,9.489999771118164,9.5,9.300000190734863,9.489999771118164,23600
2007-02-22,9.45931339263916,9.569999694824219,9.640000343322754,9.430000305175781,9.5,23500
2007-02-23,9.775612831115723,9.890000343322754,9.890000343322754,9.630000114440918,9.630000114440918,46600
2007-02-26,9.864570617675781,9.979999542236328,10.239999771118164,9.899999618530273,9.949999809265137,58000
2007-02-27,9.20232105255127,9.3100004196167,9.920000076293945,9.260000228881836,9.829999923706055,44000
2007-02-28,9.32093334197998,9.430000305175781,9.489999771118164,9.109999656677246,9.25,33000
2007-03-01,9.231973648071289,9.34000015258789,9.449999809265137,9.0,9.109999656677246,59700
2007-03-02,9.172667503356934,9.279999732971191,9.329999923706055,9.210000038146973,9.329999923706055,19100
2007-03-05,8.925559043884277,9.029999732971191,9.180000305175781,8.760000228881836,9.130000114440918,64200
2007-03-06,9.044171333312988,9.149999618530273,9.239999771118164,8.960000038146973,9.239999771118164,6400
2007-03-07,9.054055213928223,9.15999984741211,9.25,9.15999984741211,9.220000267028809,11600
2007-03-08,9.182552337646484,9.289999961853027,9.430000305175781,9.109999656677246,9.109999656677246,15000
2007-03-09,9.212204933166504,9.319999694824219,9.489999771118164,9.220000267028809,9.4399995803833,14300
2007-03-12,9.054055213928223,9.15999984741211,9.300000190734863,9.149999618530273,9.300000190734863,16600
2007-03-13,9.13313102722168,9.239999771118164,9.489999771118164,9.149999618530273,9.210000038146973,26800
2007-03-14,9.034287452697754,9.140000343322754,9.25,9.140000343322754,9.25,13400
2007-03-15,9.004632949829102,9.109999656677246,9.170000076293945,8.960000038146973,8.960000038146973,8500
2007-03-16,9.063940048217773,9.170000076293945,9.1899995803833,9.100000381469727,9.100000381469727,7400
2007-03-19,8.994750022888184,9.100000381469727,9.25,9.079999923706055,9.25,22300
2007-03-20,8.974981307983398,9.079999923706055,9.229999542236328,8.899999618530273,9.100000381469727,8700
2007-03-21,8.974981307983398,9.079999923706055,9.149999618530273,8.960000038146973,9.149999618530273,16800
2007-03-22,9.034287452697754,9.140000343322754,9.149999618530273,9.029999732971191,9.079999923706055,23300
2007-03-23,8.974981307983398,9.079999923706055,9.199999809265137,9.020000457763672,9.199999809265137,26500
2007-03-26,8.886021614074707,8.989999771118164,9.039999961853027,8.960000038146973,9.010000228881836,16200
2007-03-27,8.747641563415527,8.850000381469727,8.960000038146973,8.800000190734863,8.960000038146973,14100
2007-03-28,8.698220252990723,8.800000190734863,8.859999656677246,8.75,8.770000457763672,16600
2007-03-29,8.856369018554688,8.960000038146973,9.039999961853027,8.850000381469727,8.850000381469727,7900
2007-03-30,8.895906448364258,9.0,9.109999656677246,8.949999809265137,9.109999656677246,9900
2007-04-02,9.13313102722168,9.239999771118164,9.25,9.119999885559082,9.170000076293945,23700
2007-04-03,8.806947708129883,8.90999984741211,9.640000343322754,8.75,9.640000343322754,65000
2007-04-04,8.737756729125977,8.84000015258789,9.109999656677246,8.8100004196167,8.970000267028809,25100
2007-04-05,8.668566703796387,8.770000457763672,8.850000381469727,8.760000228881836,8.800000190734863,11000
2007-04-09,8.648797988891602,8.75,8.970000267028809,8.739999771118164,8.770000457763672,33600
2007-04-10,8.59937572479248,8.699999809265137,9.0,8.699999809265137,8.8100004196167,26800
2007-04-11,8.589491844177246,8.6899995803833,8.8100004196167,8.550000190734863,8.729999542236328,28400
2007-04-12,8.658682823181152,8.760000228881836,8.779999732971191,8.649999618530273,8.75,10600
2007-04-13,8.866253852844238,8.970000267028809,9.0,8.829999923706055,8.829999923706055,25900
2007-04-16,8.974981307983398,9.079999923706055,9.140000343322754,8.970000267028809,8.970000267028809,12500
2007-04-17,9.13313102722168,9.239999771118164,9.25,9.109999656677246,9.109999656677246,19600
2007-04-18,9.13313102722168,9.239999771118164,9.649999618530273,9.170000076293945,9.25,34000
2007-04-19,9.24185848236084,9.350000381469727,9.420000076293945,9.119999885559082,9.329999923706055,15500
2007-04-20,9.31104850769043,9.420000076293945,9.430000305175781,9.15999984741211,9.359999656677246,16900
2007-04-23,9.073824882507324,9.180000305175781,9.59000015258789,9.15999984741211,9.420000076293945,16500
2007-04-24,9.02440357208252,9.130000114440918,9.34000015258789,9.079999923706055,9.270000457763672,38300
2007-04-25,8.91567611694336,9.020000457763672,9.229999542236328,8.920000076293945,9.180000305175781,22800
2007-04-26,8.895906448364258,9.0,9.100000381469727,8.960000038146973,8.970000267028809,8200
2007-04-27,8.91567611694336,9.020000457763672,9.069999694824219,8.899999618530273,8.920000076293945,18300
2007-04-30,8.886021614074707,8.989999771118164,9.0,8.949999809265137,8.949999809265137,14300
2007-05-01,8.866253852844238,8.970000267028809,9.0,8.949999809265137,8.949999809265137,12800
2007-05-02,8.955212593078613,9.0600004196167,9.220000267028809,8.949999809265137,8.949999809265137,17800
2007-05-03,9.034287452697754,9.140000343322754,9.170000076293945,9.029999732971191,9.109999656677246,13600
2007-05-04,8.994750022888184,9.100000381469727,9.130000114440918,9.100000381469727,9.130000114440918,15100
2007-05-07,9.014517784118652,9.119999885559082,9.130000114440918,9.039999961853027,9.039999961853027,9400
2007-05-08,9.113361358642578,9.220000267028809,9.220000267028809,9.029999732971191,9.029999732971191,13000
2007-05-09,8.925559043884277,9.029999732971191,9.1899995803833,8.949999809265137,9.0,25300
2007-05-10,8.994750022888184,9.100000381469727,9.170000076293945,8.949999809265137,8.960000038146973,21700
2007-05-11,8.866253852844238,8.970000267028809,9.0600004196167,8.920000076293945,9.0600004196167,13700
2007-05-14,8.984865188598633,9.09000015258789,9.220000267028809,8.949999809265137,8.949999809265137,24100
2007-05-15,9.143014907836914,9.25,9.569999694824219,9.100000381469727,9.300000190734863,54000
2007-05-16,9.113361358642578,9.220000267028809,9.289999961853027,9.100000381469727,9.229999542236328,19600
2007-05-17,9.261627197265625,9.369999885559082,9.369999885559082,9.199999809265137,9.300000190734863,19800
2007-05-18,9.330816268920898,9.4399995803833,9.880000114440918,9.149999618530273,9.329999923706055,83600
2007-05-21,9.36047077178955,9.470000267028809,9.670000076293945,9.399999618530273,9.550000190734863,37000
2007-05-22,9.617463111877441,9.729999542236328,9.739999771118164,9.520000457763672,9.550000190734863,16000
2007-05-23,9.834918975830078,9.949999809265137,9.979999542236328,9.699999809265137,9.779999732971191,35300
2007-05-24,10.012837409973145,10.130000114440918,10.229999542236328,9.960000038146973,10.0,35200
2007-05-25,10.042489051818848,10.15999984741211,10.239999771118164,10.0,10.119999885559082,19900
2007-05-29,10.002952575683594,10.119999885559082,10.180000305175781,10.079999923706055,10.15999984741211,13400
2007-05-30,10.06225872039795,10.180000305175781,10.239999771118164,10.020000457763672,10.020000457763672,11300
2007-05-31,9.904109954833984,10.020000457763672,10.25,9.90999984741211,10.25,32300
2007-06-01,9.785496711730957,9.899999618530273,10.0,9.899999618530273,9.979999542236328,12900
2007-06-04,9.874455451965332,9.989999771118164,10.079999923706055,9.800000190734863,9.949999809265137,18700
2007-06-05,10.10179615020752,10.220000267028809,10.220000267028809,9.9399995803833,9.989999771118164,17800
2007-06-06,9.983183860778809,10.100000381469727,10.199999809265137,9.90999984741211,10.0,29900
2007-06-07,9.923877716064453,10.039999961853027,10.149999618530273,9.989999771118164,10.020000457763672,21900
2007-06-08,9.963415145874023,10.079999923706055,10.180000305175781,10.0600004196167,10.149999618530273,21100
2007-06-11,10.596013069152832,10.720000267028809,10.75,10.130000114440918,10.1899995803833,76300
2007-06-12,9.894225120544434,10.010000228881836,10.630000114440918,9.989999771118164,10.579999923706055,65700
2007-06-13,10.477400779724121,10.600000381469727,10.670000076293945,9.949999809265137,9.989999771118164,85800
2007-06-14,10.230292320251465,10.350000381469727,10.75,10.319999694824219,10.680000305175781,30900
2007-06-15,10.042489051818848,10.15999984741211,10.369999885559082,10.100000381469727,10.170000076293945,29900
2007-06-18,10.358787536621094,10.479999542236328,10.630000114440918,10.25,10.390000343322754,50000
2007-06-19,10.032605171203613,10.149999618530273,10.380000114440918,10.149999618530273,10.329999923706055,21400
2007-06-20,10.309367179870605,10.430000305175781,10.949999809265137,10.25,10.25,106900
2007-06-21,10.012837409973145,10.130000114440918,10.40999984741211,10.109999656677246,10.399999618530273,31600
2007-06-22,10.10179615020752,10.220000267028809,10.449999809265137,10.149999618530273,10.199999809265137,34300
2007-06-25,10.091911315917969,10.210000038146973,10.600000381469727,10.149999618530273,10.149999618530273,34800
2007-06-26,10.368672370910645,10.489999771118164,10.569999694824219,10.050000190734863,10.199999809265137,44800
2007-06-27,11.228610038757324,11.359999656677246,11.399999618530273,10.649999618530273,10.6899995803833,171700
2007-06-28,11.169304847717285,11.300000190734863,11.59000015258789,11.09000015258789,11.25,85300
2007-06-29,11.159420013427734,11.289999961853027,11.449999809265137,11.210000038146973,11.210000038146973,27400
2007-07-02,12.394963264465332,12.539999961853027,12.829999923706055,11.25,11.4399995803833,139900
2007-07-03,13.284552574157715,13.4399995803833,13.489999771118164,12.5600004196167,12.6899995803833,102800
2007-07-05,13.590968132019043,13.75,14.220000267028809,13.300000190734863,13.449999809265137,160800
2007-07-06,13.600852012634277,13.760000228881836,13.960000038146973,13.119999885559082,13.8100004196167,85100
2007-07-09,12.651956558227539,12.800000190734863,14.239999771118164,12.75,13.760000228881836,149200
2007-07-10,12.503689765930176,12.649999618530273,12.9399995803833,12.3100004196167,12.649999618530273,70600
2007-07-11,12.97813892364502,13.130000114440918,13.279999732971191,12.699999809265137,13.279999732971191,66600
2007-07-12,13.05721378326416,13.210000038146973,14.0,13.109999656677246,13.130000114440918,151200
2007-07-13,13.067097663879395,13.220000267028809,13.520000457763672,12.779999732971191,13.079999923706055,58300
2007-07-16,13.422934532165527,13.579999923706055,13.75,12.899999618530273,13.329999923706055,88900
2007-07-17,14.263103485107422,14.430000305175781,14.880000114440918,13.729999542236328,13.729999542236328,240600
2007-07-18,13.689811706542969,13.850000381469727,14.460000038146973,13.239999771118164,14.460000038146973,80400
2007-07-19,13.660158157348633,13.819999694824219,14.100000381469727,13.100000381469727,13.630000114440918,97700
2007-07-20,13.749116897583008,13.90999984741211,14.170000076293945,13.65999984741211,13.789999961853027,32200
2007-07-23,13.502008438110352,13.65999984741211,13.90999984741211,13.40999984741211,13.819999694824219,43700
2007-07-24,13.007791519165039,13.15999984741211,13.729999542236328,13.109999656677246,13.720000267028809,39100
2007-07-25,12.592649459838867,12.739999771118164,13.470000267028809,12.3100004196167,13.109999656677246,64200
2007-07-26,12.553112030029297,12.699999809265137,13.010000228881836,12.329999923706055,12.539999961853027,43500
2007-07-27,12.11820125579834,12.260000228881836,13.0,12.100000381469727,12.8100004196167,44900
2007-07-30,12.019357681274414,12.15999984741211,12.869999885559082,11.59000015258789,12.5,75800
2007-07-31,11.930397987365723,12.069999694824219,12.430000305175781,11.960000038146973,12.369999885559082,38400
2007-08-01,12.29611873626709,12.4399995803833,12.619999885559082,11.890000343322754,11.890000343322754,57800
2007-08-02,12.899064064025879,13.050000190734863,13.199999809265137,12.569999694824219,12.739999771118164,80700
2007-08-03,13.05721378326416,13.210000038146973,13.9399995803833,12.949999809265137,13.3100004196167,99300
2007-08-06,12.474037170410156,12.619999885559082,13.420000076293945,12.279999732971191,13.25,50500
2007-08-07,11.821670532226562,11.960000038146973,12.739999771118164,11.8100004196167,12.739999771118164,82700
2007-08-08,12.019357681274414,12.15999984741211,12.520000457763672,11.829999923706055,12.0,87000
2007-08-09,12.00947380065918,12.149999618530273,12.489999771118164,11.859999656677246,12.0,66300
2007-08-10,11.614099502563477,11.75,12.199999809265137,11.319999694824219,12.130000114440918,71300
2007-08-13,12.088547706604004,12.229999542236328,12.399999618530273,11.829999923706055,12.0,48100
2007-08-14,11.79201889038086,11.930000305175781,12.350000381469727,11.869999885559082,12.119999885559082,56500
2007-08-15,11.604214668273926,11.739999771118164,12.289999961853027,11.09000015258789,11.680000305175781,52600
2007-08-16,11.979820251464844,12.119999885559082,12.300000190734863,11.430000305175781,11.8100004196167,60700
2007-08-17,12.00947380065918,12.149999618530273,12.489999771118164,11.90999984741211,12.300000190734863,49600
2007-08-20,11.79201889038086,11.930000305175781,12.300000190734863,11.529999732971191,12.180000305175781,37500
2007-08-21,12.108317375183105,12.25,12.420000076293945,11.9399995803833,12.300000190734863,40300
2007-08-22,12.731030464172363,12.880000114440918,13.199999809265137,12.350000381469727,12.460000038146973,91300
2007-08-23,12.928717613220215,13.079999923706055,13.4399995803833,13.010000228881836,13.029999732971191,90800
2007-08-24,13.590968132019043,13.75,13.789999961853027,12.850000381469727,13.279999732971191,77200
2007-08-27,13.8380765914917,14.0,14.3100004196167,13.789999961853027,13.869999885559082,81000
2007-08-28,13.432818412780762,13.59000015258789,14.199999809265137,13.510000228881836,14.100000381469727,65000
2007-08-29,13.679927825927734,13.84000015258789,14.119999885559082,13.5,13.539999961853027,49000
2007-08-30,13.590968132019043,13.75,14.199999809265137,13.699999809265137,13.710000038146973,38000
2007-08-31,13.996225357055664,14.15999984741211,14.5,13.800000190734863,13.800000190734863,126300
2007-09-04,16.625459671020508,16.81999969482422,17.5,14.5,14.5,417800
2007-09-05,16.833032608032227,17.030000686645508,17.360000610351562,16.81999969482422,16.979999542236328,394600
2007-09-06,17.04060173034668,17.239999771118164,17.75,16.889999389648438,17.31999969482422,205100
2007-09-07,15.528299331665039,15.710000038146973,17.239999771118164,15.34000015258789,17.239999771118164,442000
2007-09-10,15.488760948181152,15.670000076293945,16.479999542236328,15.59000015258789,16.459999084472656,236200
2007-09-11,15.844598770141602,16.030000686645508,16.389999389648438,15.680000305175781,15.829999923706055,173100
2007-09-12,15.142809867858887,15.319999694824219,16.010000228881836,15.229999542236328,16.0,157900
2007-09-13,15.350379943847656,15.529999732971191,15.65999984741211,15.0,15.510000228881836,111200
2007-09-14,15.192231178283691,15.369999885559082,16.100000381469727,15.229999542236328,15.229999542236328,178000
2007-09-17,15.142809867858887,15.319999694824219,15.850000381469727,15.220000267028809,15.220000267028809,98200
2007-09-18,15.18234634399414,15.359999656677246,15.5,15.010000228881836,15.399999618530273,93700
2007-09-19,15.419571876525879,15.600000381469727,15.850000381469727,15.270000457763672,15.449999809265137,120700
2007-09-20,16.9022216796875,17.100000381469727,17.139999389648438,15.369999885559082,15.390000343322754,302400
2007-09-21,16.931875228881836,17.1299991607666,17.399999618530273,16.700000762939453,17.1200008392334,153800
2007-09-24,16.674882888793945,16.8700008392334,17.469999313354492,16.639999389648438,17.469999313354492,86700
2007-09-25,16.42777442932129,16.6200008392334,16.940000534057617,16.110000610351562,16.940000534057617,63100
2007-09-26,16.5266170501709,16.719999313354492,17.06999969482422,16.3700008392334,16.899999618530273,79400
2007-09-27,16.496965408325195,16.690000534057617,17.139999389648438,16.190000534057617,16.799999237060547,87400
2007-09-28,16.635343551635742,16.829999923706055,17.139999389648438,16.420000076293945,16.649999618530273,64900
2007-10-01,19.669837951660156,19.899999618530273,20.06999969482422,17.0,17.0,573000
2007-10-02,19.037240982055664,19.260000228881836,20.75,18.90999984741211,20.049999237060547,387900
2007-10-03,18.434295654296875,18.649999618530273,19.25,18.489999771118164,18.850000381469727,158500
2007-10-04,18.30579948425293,18.520000457763672,18.65999984741211,17.420000076293945,18.399999618530273,197100
2007-10-05,18.6814022064209,18.899999618530273,19.389999389648438,18.280000686645508,18.850000381469727,131200
2007-10-08,18.928510665893555,19.149999618530273,19.290000915527344,18.5,18.899999618530273,108800
2007-10-09,19.047122955322266,19.270000457763672,19.709999084472656,19.190000534057617,19.399999618530273,82500
2007-10-10,19.20527458190918,19.43000030517578,19.700000762939453,19.309999465942383,19.700000762939453,56400
2007-10-11,18.127880096435547,18.34000015258789,19.649999618530273,18.030000686645508,19.489999771118164,151900
2007-10-12,18.236608505249023,18.450000762939453,18.989999771118164,18.1299991607666,18.1299991607666,90200
2007-10-15,17.68308448791504,17.889999389648438,18.940000534057617,17.770000457763672,18.40999984741211,128400
2007-10-16,17.04060173034668,17.239999771118164,17.649999618530273,17.0,17.549999237060547,118000
2007-10-17,17.001066207885742,17.200000762939453,17.6200008392334,17.049999237060547,17.399999618530273,77900
2007-10-18,17.396440505981445,17.600000381469727,18.1200008392334,17.149999618530273,17.489999771118164,86600
2007-10-19,16.43765640258789,16.6299991607666,17.920000076293945,16.329999923706055,17.510000228881836,127100
2007-10-22,15.735870361328125,15.920000076293945,16.399999618530273,14.859999656677246,16.010000228881836,168800
2007-10-23,16.239971160888672,16.43000030517578,16.75,15.850000381469727,15.979999542236328,87100
2007-10-24,15.982977867126465,16.170000076293945,16.729999542236328,15.869999885559082,16.43000030517578,90200
2007-10-25,15.923672676086426,16.110000610351562,16.450000762939453,15.9399995803833,16.280000686645508,45100
2007-10-26,15.795175552368164,15.979999542236328,16.579999923706055,15.75,16.459999084472656,68700
2007-10-29,15.498645782470703,15.680000305175781,16.0,15.520000457763672,16.0,96900
2007-10-30,15.370149612426758,15.550000190734863,15.960000038146973,15.0,15.550000190734863,91500
2007-10-31,15.370149612426758,15.550000190734863,16.0,15.34000015258789,15.770000457763672,63700
2007-11-01,14.925354957580566,15.100000381469727,15.760000228881836,15.029999732971191,15.430000305175781,64500
2007-11-02,15.202116012573242,15.380000114440918,15.4399995803833,14.529999732971191,15.050000190734863,90600
2007-11-05,14.95500659942627,15.130000114440918,15.34000015258789,14.770000457763672,15.09000015258789,111900
2007-11-06,14.618939399719238,14.789999961853027,15.359999656677246,14.680000305175781,15.220000267028809,51300
2007-11-07,14.292756080627441,14.460000038146973,14.9399995803833,14.199999809265137,14.569999694824219,79100
2007-11-08,13.95668888092041,14.119999885559082,14.4399995803833,13.6899995803833,14.350000381469727,97600
2007-11-09,13.511893272399902,13.670000076293945,14.100000381469727,13.279999732971191,13.710000038146973,99000
2007-11-12,12.849641799926758,13.0,13.760000228881836,13.0,13.319999694824219,106500
2007-11-13,13.34385871887207,13.5,13.609999656677246,13.0,13.0,95200
2007-11-14,13.561314582824707,13.720000267028809,13.850000381469727,13.489999771118164,13.699999809265137,39400
2007-11-15,10.477400779724121,10.600000381469727,12.529999732971191,10.020000457763672,12.529999732971191,562600
2007-11-16,11.238494873046875,11.369999885559082,11.5,10.6899995803833,10.6899995803833,170100
2007-11-19,9.904109954833984,10.020000457763672,11.479999542236328,9.8100004196167,11.399999618530273,271200
2007-11-20,9.894225120544434,10.010000228881836,10.470000267028809,9.869999885559082,10.050000190734863,111000
2007-11-21,9.785496711730957,9.899999618530273,10.449999809265137,9.869999885559082,10.130000114440918,57300
2007-11-23,10.002952575683594,10.119999885559082,10.260000228881836,10.0,10.020000457763672,56300
2007-11-26,9.558156967163086,9.670000076293945,10.130000114440918,9.619999885559082,10.010000228881836,98100
2007-11-27,9.884340286254883,10.0,10.1899995803833,9.739999771118164,9.90999984741211,75600
2007-11-28,9.904109954833984,10.020000457763672,10.15999984741211,9.75,10.149999618530273,55500
2007-11-29,10.269830703735352,10.390000343322754,10.5,9.760000228881836,9.989999771118164,47700
2007-11-30,10.06225872039795,10.180000305175781,10.539999961853027,10.0600004196167,10.199999809265137,90000
2007-12-03,10.28959846496582,10.40999984741211,10.579999923706055,10.050000190734863,10.050000190734863,50500
2007-12-04,10.625665664672852,10.75,10.850000381469727,10.260000228881836,10.260000228881836,62400
2007-12-05,10.902426719665527,11.029999732971191,11.199999809265137,10.720000267028809,11.0600004196167,59400
2007-12-06,12.602534294128418,12.75,12.75,10.890000343322754,11.1899995803833,181900
2007-12-07,12.879295349121094,13.029999732971191,13.390000343322754,12.470000267028809,12.850000381469727,150700
2007-12-10,12.07866382598877,12.220000267028809,13.140000343322754,11.949999809265137,13.029999732971191,83800
2007-12-11,11.831555366516113,11.970000267028809,12.489999771118164,11.859999656677246,12.279999732971191,88800
2007-12-12,11.376875877380371,11.510000228881836,12.550000190734863,11.350000381469727,12.329999923706055,58900
2007-12-13,11.169304847717285,11.300000190734863,11.649999618530273,11.100000381469727,11.449999809265137,50700
2007-12-14,10.902426719665527,11.029999732971191,11.300000190734863,11.010000228881836,11.069999694824219,44200
2007-12-17,10.704740524291992,10.829999923706055,11.029999732971191,10.579999923706055,10.930000305175781,41700
2007-12-18,10.378557205200195,10.5,11.069999694824219,10.5,10.949999809265137,55200
2007-12-19,11.851324081420898,11.989999771118164,12.0,10.520000457763672,10.520000457763672,76100
2007-12-20,11.673406600952148,11.8100004196167,12.260000228881836,11.399999618530273,12.260000228881836,57100
2007-12-21,11.633869171142578,11.770000457763672,12.0600004196167,11.399999618530273,11.960000038146973,20200
2007-12-24,11.535025596618652,11.670000076293945,12.0,11.079999923706055,11.789999961853027,14800
2007-12-26,12.612418174743652,12.760000228881836,12.899999618530273,11.199999809265137,11.529999732971191,43500
2007-12-27,12.701377868652344,12.850000381469727,12.899999618530273,12.300000190734863,12.630000114440918,62600
2007-12-28,12.14785385131836,12.289999961853027,12.90999984741211,12.15999984741211,12.880000114440918,43300
2007-12-31,11.693174362182617,11.829999923706055,12.15999984741211,11.829999923706055,12.119999885559082,30100
2008-01-02,10.477400779724121,10.600000381469727,11.75,10.569999694824219,11.75,134800
2008-01-03,10.625665664672852,10.75,11.350000381469727,10.630000114440918,10.630000114440918,43700
2008-01-04,10.378557205200195,10.5,10.960000038146973,10.279999732971191,10.600000381469727,68900
2008-01-07,10.803584098815918,10.930000305175781,11.180000305175781,10.390000343322754,10.670000076293945,77900
2008-01-08,10.704740524291992,10.829999923706055,11.050000190734863,10.760000228881836,11.0,33400
2008-01-09,10.546591758728027,10.670000076293945,10.920000076293945,10.329999923706055,10.770000457763672,59800
2008-01-10,10.566359519958496,10.6899995803833,10.850000381469727,10.460000038146973,10.670000076293945,26900
2008-01-11,10.339019775390625,10.460000038146973,10.819999694824219,10.430000305175781,10.5,46900
2008-01-14,10.398326873779297,10.520000457763672,10.90999984741211,10.449999809265137,10.550000190734863,28200
2008-01-15,10.131448745727539,10.25,10.6899995803833,10.119999885559082,10.449999809265137,39400
2008-01-16,10.28959846496582,10.40999984741211,10.550000190734863,9.899999618530273,10.079999923706055,74600
2008-01-17,9.71630573272705,9.829999923706055,10.5600004196167,9.819999694824219,10.5600004196167,39700
2008-01-18,9.884340286254883,10.0,10.0600004196167,9.850000381469727,9.850000381469727,30500
2008-01-22,9.548272132873535,9.65999984741211,9.75,9.25,9.529999732971191,58300
2008-01-23,9.548272132873535,9.65999984741211,9.8100004196167,9.260000228881836,9.600000381469727,80000
2008-01-24,9.637231826782227,9.75,9.949999809265137,9.479999542236328,9.8100004196167,42500
2008-01-25,9.894225120544434,10.010000228881836,10.09000015258789,9.760000228881836,9.920000076293945,41200
2008-01-28,9.785496711730957,9.899999618530273,10.149999618530273,9.630000114440918,10.149999618530273,32500
2008-01-29,10.131448745727539,10.25,10.399999618530273,10.050000190734863,10.050000190734863,35600
2008-01-30,10.082026481628418,10.199999809265137,10.369999885559082,10.010000228881836,10.279999732971191,45200
2008-01-31,10.151217460632324,10.270000457763672,10.390000343322754,9.789999961853027,10.109999656677246,26400
2008-02-01,10.32913589477539,10.449999809265137,10.5,10.069999694824219,10.399999618530273,43100
2008-02-04,10.605896949768066,10.729999542236328,11.130000114440918,10.520000457763672,10.520000457763672,47200
2008-02-05,10.764047622680664,10.890000343322754,10.890000343322754,10.449999809265137,10.609999656677246,51800
2008-02-06,10.012837409973145,10.130000114440918,11.0,10.130000114440918,10.869999885559082,32000
2008-02-07,10.052374839782715,10.170000076293945,10.449999809265137,9.90999984741211,10.039999961853027,36800
2008-02-08,9.943647384643555,10.0600004196167,10.359999656677246,9.850000381469727,10.100000381469727,23400
2008-02-11,9.884340286254883,10.0,10.100000381469727,9.720000267028809,10.09000015258789,42900
2008-02-12,9.795381546020508,9.90999984741211,10.40999984741211,9.899999618530273,10.029999732971191,29300
2008-02-13,10.17098617553711,10.289999961853027,10.430000305175781,9.989999771118164,9.989999771118164,21900
2008-02-14,10.14133358001709,10.260000228881836,10.289999961853027,9.970000267028809,10.119999885559082,31700
2008-02-15,9.904109954833984,10.020000457763672,10.399999618530273,9.8100004196167,10.119999885559082,25900
2008-02-19,10.032605171203613,10.149999618530273,10.319999694824219,9.960000038146973,10.119999885559082,21100
2008-02-20,10.042489051818848,10.15999984741211,10.15999984741211,9.979999542236328,10.0,29100
2008-02-21,9.637231826782227,9.75,10.210000038146973,9.630000114440918,10.210000038146973,37500
2008-02-22,9.627346992492676,9.739999771118164,9.890000343322754,9.460000038146973,9.880000114440918,46000
2008-02-25,9.993067741394043,10.109999656677246,10.229999542236328,9.880000114440918,9.920000076293945,33700
2008-02-26,10.002952575683594,10.119999885559082,10.149999618530273,9.930000305175781,10.050000190734863,25900
2008-02-27,10.022721290588379,10.140000343322754,10.210000038146973,9.90999984741211,10.0,21000
2008-02-28,10.754162788391113,10.880000114440918,10.90999984741211,10.069999694824219,10.079999923706055,73200
2008-02-29,10.31925106048584,10.4399995803833,10.75,10.25,10.75,23600
2008-03-03,10.408209800720215,10.529999732971191,10.59000015258789,10.109999656677246,10.399999618530273,43900
2008-03-04,10.378557205200195,10.5,10.5,10.100000381469727,10.359999656677246,29600
2008-03-05,10.596013069152832,10.720000267028809,10.890000343322754,10.369999885559082,10.5,45800
2008-03-06,10.378557205200195,10.5,10.819999694824219,10.399999618530273,10.75,25200
2008-03-07,10.18087100982666,10.300000190734863,10.460000038146973,10.220000267028809,10.329999923706055,18500
2008-03-10,9.31104850769043,9.420000076293945,10.800000190734863,9.40999984741211,10.229999542236328,67300
2008-03-11,10.190754890441895,10.3100004196167,10.34000015258789,9.5,9.5,45900
2008-03-12,9.36047077178955,9.470000267028809,10.289999961853027,9.449999809265137,10.289999961853027,66800
2008-03-13,9.597694396972656,9.710000038146973,10.229999542236328,9.399999618530273,9.399999618530273,39600
2008-03-14,9.568041801452637,9.680000305175781,9.739999771118164,9.380000114440918,9.65999984741211,26900
2008-03-17,9.39012336730957,9.5,9.670000076293945,9.289999961853027,9.399999618530273,27000
2008-03-18,9.587809562683105,9.699999809265137,9.779999732971191,9.529999732971191,9.529999732971191,24300
2008-03-19,9.637231826782227,9.75,10.0,9.279999732971191,9.800000190734863,36500
2008-03-20,9.696537971496582,9.8100004196167,9.819999694824219,9.3100004196167,9.65999984741211,20400
2008-03-24,9.60757827758789,9.720000267028809,10.109999656677246,9.619999885559082,9.680000305175781,39700
2008-03-25,10.2401762008667,10.359999656677246,10.359999656677246,9.800000190734863,9.800000190734863,48600
2008-03-26,10.131448745727539,10.25,10.390000343322754,9.90999984741211,10.390000343322754,26900
2008-03-27,9.983183860778809,10.100000381469727,10.210000038146973,10.039999961853027,10.100000381469727,50300
2008-03-28,10.082026481628418,10.199999809265137,10.550000190734863,9.960000038146973,10.09000015258789,48400
2008-03-31,10.556475639343262,10.680000305175781,10.75,10.100000381469727,10.199999809265137,75900
2008-04-01,10.586128234863281,10.710000038146973,11.09000015258789,10.399999618530273,10.680000305175781,58800
2008-04-02,10.872774124145508,11.0,11.1899995803833,10.630000114440918,10.630000114440918,35900
2008-04-03,10.981501579284668,11.109999656677246,11.319999694824219,11.039999961853027,11.100000381469727,38900
2008-04-04,11.79201889038086,11.930000305175781,11.989999771118164,11.319999694824219,11.329999923706055,50700
2008-04-07,12.404847145080566,12.550000190734863,12.789999961853027,11.449999809265137,12.0,151900
2008-04-08,11.653636932373047,11.789999961853027,12.600000381469727,11.600000381469727,12.600000381469727,66500
2008-04-09,12.14785385131836,12.289999961853027,12.3100004196167,11.460000038146973,11.699999809265137,52100
2008-04-10,11.910630226135254,12.050000190734863,12.4399995803833,12.0,12.170000076293945,20400
2008-04-11,12.177507400512695,12.319999694824219,12.770000457763672,11.789999961853027,11.789999961853027,30400
2008-04-14,12.740914344787598,12.890000343322754,12.9399995803833,12.369999885559082,12.449999809265137,51000
2008-04-15,12.839757919311523,12.989999771118164,13.0,12.779999732971191,12.829999923706055,72500
2008-04-16,12.849641799926758,13.0,13.1899995803833,12.84000015258789,12.890000343322754,43600
2008-04-17,13.284552574157715,13.4399995803833,13.680000305175781,13.0,13.0,52000
2008-04-18,13.185709953308105,13.34000015258789,13.479999542236328,13.319999694824219,13.34000015258789,29700
2008-04-21,13.324090003967285,13.479999542236328,14.050000190734863,13.010000228881836,14.050000190734863,56100
2008-04-22,13.156057357788086,13.3100004196167,13.40999984741211,13.15999984741211,13.260000228881836,21900
2008-04-23,13.264784812927246,13.420000076293945,13.479999542236328,13.050000190734863,13.100000381469727,31400
2008-04-24,13.284552574157715,13.4399995803833,13.449999809265137,13.350000381469727,13.420000076293945,11000
2008-04-25,13.195594787597656,13.350000381469727,13.460000038146973,12.869999885559082,12.869999885559082,24900
2008-04-28,13.037445068359375,13.1899995803833,13.449999809265137,12.5,13.180000305175781,69900
2008-04-29,12.701377868652344,12.850000381469727,13.1899995803833,12.510000228881836,13.1899995803833,26200
2008-04-30,12.592649459838867,12.739999771118164,12.930000305175781,12.520000457763672,12.699999809265137,33800
2008-05-01,12.839757919311523,12.989999771118164,13.0,12.710000038146973,12.859999656677246,12500
2008-05-02,12.444384574890137,12.59000015258789,12.979999542236328,12.5600004196167,12.760000228881836,11200
2008-05-05,12.355424880981445,12.5,12.649999618530273,12.5,12.600000381469727,26100
2008-05-06,12.2269287109375,12.369999885559082,12.569999694824219,12.220000267028809,12.5,29300
2008-05-07,11.752480506896973,11.890000343322754,12.289999961853027,11.890000343322754,12.289999961853027,25200
2008-05-08,11.950167655944824,12.09000015258789,12.15999984741211,12.0,12.0,26200
2008-05-09,11.960052490234375,12.100000381469727,12.3100004196167,12.0,12.010000228881836,16900
2008-05-12,11.960052490234375,12.100000381469727,12.170000076293945,12.050000190734863,12.149999618530273,14400
2008-05-13,12.0391263961792,12.180000305175781,12.239999771118164,12.020000457763672,12.239999771118164,18100
2008-05-14,11.663521766662598,11.800000190734863,12.260000228881836,11.75,12.239999771118164,31200
2008-05-15,12.543228149414062,12.6899995803833,12.75,11.930000305175781,11.930000305175781,28000
2008-05-16,12.533343315124512,12.680000305175781,12.819999694824219,12.079999923706055,12.210000038146973,35900
2008-05-19,12.859526634216309,13.010000228881836,13.25,12.25,12.260000228881836,63800
2008-05-20,12.513574600219727,12.65999984741211,13.020000457763672,12.199999809265137,12.770000457763672,18700
2008-05-21,12.849641799926758,13.0,13.420000076293945,12.600000381469727,12.600000381469727,37900
2008-05-22,12.849641799926758,13.0,13.229999542236328,12.630000114440918,13.010000228881836,30500
2008-05-23,12.543228149414062,12.6899995803833,13.0,12.510000228881836,12.649999618530273,19500
2008-05-27,12.780452728271484,12.930000305175781,12.930000305175781,12.510000228881836,12.680000305175781,12100
2008-05-28,12.632185935974121,12.779999732971191,13.0,12.609999656677246,12.989999771118164,11000
2008-05-29,12.770567893981934,12.920000076293945,12.920000076293945,12.5600004196167,12.619999885559082,19700
2008-05-30,12.780452728271484,12.930000305175781,13.0,12.550000190734863,12.75,30800
2008-06-02,12.780452728271484,12.930000305175781,13.0,12.720000267028809,12.899999618530273,15000
2008-06-03,12.365309715270996,12.510000228881836,12.850000381469727,12.510000228881836,12.819999694824219,24500
2008-06-04,12.533343315124512,12.680000305175781,12.720000267028809,12.25,12.5,22500
2008-06-05,12.602534294128418,12.75,12.84000015258789,12.25,12.579999923706055,22000
2008-06-06,12.404847145080566,12.550000190734863,12.880000114440918,12.399999618530273,12.880000114440918,17400
2008-06-09,12.454269409179688,12.600000381469727,12.729999542236328,12.5,12.619999885559082,24100
2008-06-10,12.355424880981445,12.5,12.649999618530273,12.270000457763672,12.649999618530273,17200
2008-06-11,12.19727611541748,12.34000015258789,12.649999618530273,12.34000015258789,12.5,18500
2008-06-12,12.15773868560791,12.300000190734863,12.380000114440918,11.949999809265137,12.260000228881836,27000
2008-06-13,12.25658130645752,12.399999618530273,12.399999618530273,12.149999618530273,12.279999732971191,10800
2008-06-16,12.33565616607666,12.479999542236328,12.479999542236328,12.15999984741211,12.229999542236328,10500
2008-06-17,12.37519359588623,12.520000457763672,12.5600004196167,12.399999618530273,12.40999984741211,11700
2008-06-18,12.26646614074707,12.40999984741211,12.600000381469727,12.399999618530273,12.59000015258789,16700
2008-06-19,12.26646614074707,12.40999984741211,12.449999809265137,12.220000267028809,12.399999618530273,18900
2008-06-20,11.831555366516113,11.970000267028809,12.729999542236328,11.970000267028809,12.399999618530273,12100
2008-06-23,12.029242515563965,12.170000076293945,12.609999656677246,12.149999618530273,12.550000190734863,18400
2008-06-24,12.07866382598877,12.220000267028809,12.600000381469727,12.0,12.420000076293945,14100
2008-06-25,12.07866382598877,12.220000267028809,12.460000038146973,11.819999694824219,12.25,13100
2008-06-26,12.167623519897461,12.3100004196167,12.779999732971191,12.289999961853027,12.359999656677246,24800
2008-06-27,11.673406600952148,11.8100004196167,12.420000076293945,11.779999732971191,12.170000076293945,430200
2008-06-30,11.752480506896973,11.890000343322754,12.430000305175781,11.75,11.819999694824219,40300
2008-07-01,11.732711791992188,11.869999885559082,11.930000305175781,11.380000114440918,11.600000381469727,34100
2008-07-02,11.060576438903809,11.1899995803833,11.600000381469727,11.010000228881836,11.600000381469727,46700
2008-07-03,10.714625358581543,10.84000015258789,11.079999923706055,10.359999656677246,11.079999923706055,19900
2008-07-07,10.27971363067627,10.399999618530273,10.84000015258789,10.170000076293945,10.6899995803833,40800
2008-07-08,10.50705337524414,10.630000114440918,10.800000190734863,10.350000381469727,10.539999961853027,38800
2008-07-09,10.28959846496582,10.40999984741211,10.760000228881836,10.25,10.710000038146973,48900
2008-07-10,10.843121528625488,10.970000267028809,11.0,10.300000190734863,10.420000076293945,50800
2008-07-11,11.08034610748291,11.210000038146973,11.479999542236328,10.9399995803833,11.09000015258789,16200
2008-07-14,10.981501579284668,11.109999656677246,11.289999961853027,11.0,11.020000457763672,13100
2008-07-15,11.39664363861084,11.529999732971191,11.729999542236328,10.880000114440918,10.949999809265137,19500
2008-07-16,11.722826957702637,11.859999656677246,11.859999656677246,11.420000076293945,11.4399995803833,15400
2008-07-17,11.910630226135254,12.050000190734863,12.050000190734863,11.460000038146973,11.9399995803833,14900
2008-07-18,11.673406600952148,11.8100004196167,12.050000190734863,9.020000457763672,12.039999961853027,13300
2008-07-21,11.821670532226562,11.960000038146973,12.09000015258789,11.630000114440918,11.869999885559082,15900
2008-07-22,12.049010276794434,12.1899995803833,12.1899995803833,11.710000038146973,11.710000038146973,13500
2008-07-23,12.15773868560791,12.300000190734863,12.390000343322754,11.949999809265137,12.199999809265137,19600
2008-07-24,12.315887451171875,12.460000038146973,12.460000038146973,12.229999542236328,12.229999542236328,11100
2008-07-25,12.780452728271484,12.930000305175781,12.949999809265137,12.430000305175781,12.489999771118164,18700
2008-07-28,12.553112030029297,12.699999809265137,13.0,12.699999809265137,12.899999618530273,12200
2008-07-29,13.007791519165039,13.15999984741211,13.15999984741211,12.630000114440918,12.630000114440918,19700
2008-07-30,13.245016098022461,13.399999618530273,13.399999618530273,13.15999984741211,13.380000114440918,26800
2008-07-31,13.215362548828125,13.369999885559082,13.5600004196167,13.199999809265137,13.399999618530273,25900
2008-08-01,13.185709953308105,13.34000015258789,13.569999694824219,13.149999618530273,13.1899995803833,15400
2008-08-04,13.175825119018555,13.329999923706055,13.460000038146973,13.25,13.34000015258789,27800
2008-08-05,13.511893272399902,13.670000076293945,13.6899995803833,13.5,13.550000190734863,24500
2008-08-06,13.600852012634277,13.760000228881836,13.829999923706055,13.600000381469727,13.600000381469727,20900
2008-08-07,13.798539161682129,13.960000038146973,14.0,13.649999618530273,13.779999732971191,25900
2008-08-08,14.70789909362793,14.880000114440918,14.880000114440918,13.770000457763672,13.770000457763672,56000
2008-08-11,15.02419662475586,15.199999809265137,15.479999542236328,14.850000381469727,14.979999542236328,52000
2008-08-12,14.84627914428711,15.020000457763672,15.460000038146973,14.25,14.930000305175781,35200
2008-08-13,14.658476829528809,14.829999923706055,15.0,14.829999923706055,15.0,18500
2008-08-14,14.59917163848877,14.770000457763672,15.0,14.0,14.199999809265137,29800
2008-08-15,12.404847145080566,12.550000190734863,14.319999694824219,12.3100004196167,14.25,132300
2008-08-18,12.276350975036621,12.420000076293945,12.550000190734863,12.100000381469727,12.399999618530273,56600
2008-08-19,11.831555366516113,11.970000267028809,12.420000076293945,11.699999809265137,12.130000114440918,48000
2008-08-20,11.317569732666016,11.449999809265137,12.010000228881836,11.149999618530273,11.90999984741211,58200
2008-08-21,11.238494873046875,11.369999885559082,11.630000114440918,11.109999656677246,11.289999961853027,18100
2008-08-22,11.801901817321777,11.9399995803833,11.960000038146973,11.420000076293945,11.65999984741211,11000
2008-08-25,11.228610038757324,11.359999656677246,11.489999771118164,11.0,11.0,25000
2008-08-26,11.278032302856445,11.40999984741211,11.630000114440918,11.300000190734863,11.300000190734863,15200
2008-08-27,11.17918872833252,11.3100004196167,11.680000305175781,11.239999771118164,11.619999885559082,14400
2008-08-28,11.21872615814209,11.350000381469727,11.59000015258789,11.220000267028809,11.220000267028809,37500
2008-08-29,11.18907356262207,11.319999694824219,11.770000457763672,11.319999694824219,11.5600004196167,32700
2008-09-02,12.276350975036621,12.420000076293945,12.5,11.609999656677246,11.609999656677246,62000
2008-09-03,12.25658130645752,12.399999618530273,12.5600004196167,12.050000190734863,12.069999694824219,26900
2008-09-04,11.495487213134766,11.630000114440918,12.5,11.59000015258789,12.5,14800
2008-09-05,11.347222328186035,11.479999542236328,11.829999923706055,11.319999694824219,11.829999923706055,38900
2008-09-08,11.495487213134766,11.630000114440918,12.350000381469727,11.210000038146973,11.989999771118164,25500
2008-09-09,11.732711791992188,11.869999885559082,12.170000076293945,11.6899995803833,11.6899995803833,11400
2008-09-10,11.861207962036133,12.0,12.4399995803833,11.899999618530273,12.15999984741211,28700
2008-09-11,11.940282821655273,12.079999923706055,12.279999732971191,11.789999961853027,11.869999885559082,27500
2008-09-12,12.019357681274414,12.15999984741211,12.319999694824219,12.050000190734863,12.109999656677246,17300
2008-09-15,11.722826957702637,11.859999656677246,12.380000114440918,11.8100004196167,12.15999984741211,20700
2008-09-16,11.811786651611328,11.949999809265137,12.34000015258789,11.079999923706055,11.819999694824219,40700
2008-09-17,11.021039009094238,11.149999618530273,12.029999732971191,11.050000190734863,11.520000457763672,45800
2008-09-18,11.861207962036133,12.0,12.119999885559082,11.220000267028809,11.460000038146973,64600
2008-09-19,12.30600357055664,12.449999809265137,12.880000114440918,11.619999885559082,12.6899995803833,107400
2008-09-22,11.861207962036133,12.0,12.489999771118164,11.960000038146973,12.34000015258789,12700
2008-09-23,11.801901817321777,11.9399995803833,12.029999732971191,11.489999771118164,11.989999771118164,24200
2008-09-24,12.0391263961792,12.180000305175781,12.300000190734863,11.9399995803833,11.9399995803833,24500
2008-09-25,12.217044830322266,12.359999656677246,12.430000305175781,11.600000381469727,12.220000267028809,17300
2008-09-26,12.108317375183105,12.25,12.300000190734863,11.649999618530273,12.079999923706055,24600
2008-09-29,11.376875877380371,11.510000228881836,12.5,11.109999656677246,11.5600004196167,27500
2008-09-30,11.564678192138672,11.699999809265137,12.220000267028809,11.510000228881836,11.510000228881836,34500
2008-10-01,11.070460319519043,11.199999809265137,11.890000343322754,10.75,11.710000038146973,40700
2008-10-02,10.734393119812012,10.859999656677246,11.5,10.6899995803833,11.210000038146973,33600
2008-10-03,10.823352813720703,10.949999809265137,11.350000381469727,10.710000038146973,11.010000228881836,13500
2008-10-06,11.100113868713379,11.229999542236328,11.300000190734863,10.729999542236328,10.979999542236328,69800
2008-10-07,10.269830703735352,10.390000343322754,11.229999542236328,10.350000381469727,11.229999542236328,20700
2008-10-08,9.666884422302246,9.779999732971191,10.9399995803833,8.609999656677246,10.119999885559082,91000
2008-10-09,9.370353698730469,9.479999542236328,10.600000381469727,9.479999542236328,9.890000343322754,39900
2008-10-10,9.617463111877441,9.729999542236328,9.729999542236328,8.550000190734863,9.130000114440918,64300
2008-10-13,10.764047622680664,10.890000343322754,10.890000343322754,9.510000228881836,9.75,34400
2008-10-14,10.764047622680664,10.890000343322754,11.260000228881836,10.199999809265137,11.260000228881836,19600
2008-10-15,10.10179615020752,10.220000267028809,10.84000015258789,10.220000267028809,10.84000015258789,12700
2008-10-16,10.675087928771973,10.800000190734863,10.800000190734863,10.010000228881836,10.3100004196167,31600
2008-10-17,10.368672370910645,10.489999771118164,11.0,10.449999809265137,10.449999809265137,20300
2008-10-20,10.97161865234375,11.100000381469727,11.100000381469727,10.720000267028809,10.720000267028809,16000
2008-10-21,10.645435333251953,10.770000457763672,11.3100004196167,10.699999809265137,10.699999809265137,12100
2008-10-22,10.121563911437988,10.239999771118164,11.050000190734863,10.239999771118164,10.600000381469727,19300
2008-10-23,9.864570617675781,9.979999542236328,10.539999961853027,9.829999923706055,10.199999809265137,14800
2008-10-24,9.45931339263916,9.569999694824219,10.09000015258789,9.100000381469727,9.100000381469727,29400
2008-10-27,9.063940048217773,9.170000076293945,9.479999542236328,9.109999656677246,9.479999542236328,24400
2008-10-28,9.083708763122559,9.1899995803833,9.25,8.630000114440918,9.199999809265137,34800
2008-10-29,8.895906448364258,9.0,9.489999771118164,8.90999984741211,9.399999618530273,15200
2008-10-30,9.39012336730957,9.5,9.699999809265137,9.15999984741211,9.380000114440918,32300
2008-10-31,9.884340286254883,10.0,10.350000381469727,9.3100004196167,9.680000305175781,13400
2008-11-03,10.773930549621582,10.899999618530273,11.0,10.0,10.0,34900
2008-11-04,10.526822090148926,10.649999618530273,11.100000381469727,9.960000038146973,10.989999771118164,19100
2008-11-05,9.765727996826172,9.880000114440918,10.609999656677246,9.880000114440918,10.520000457763672,10400
2008-11-06,9.765727996826172,9.880000114440918,10.09000015258789,9.880000114440918,9.880000114440918,11100
2008-11-07,9.647116661071777,9.760000228881836,10.050000190734863,9.300000190734863,9.989999771118164,26500
2008-11-10,9.627346992492676,9.739999771118164,10.25,9.010000228881836,9.920000076293945,10100
2008-11-11,9.637231826782227,9.75,9.989999771118164,9.289999961853027,9.670000076293945,15100
2008-11-12,9.034287452697754,9.140000343322754,9.850000381469727,9.069999694824219,9.609999656677246,13200
2008-11-13,9.528504371643066,9.640000343322754,9.720000267028809,8.5,9.0,65400
2008-11-14,9.24185848236084,9.350000381469727,9.720000267028809,9.0,9.350000381469727,21100
2008-11-17,9.28139591217041,9.390000343322754,9.59000015258789,9.279999732971191,9.59000015258789,8600
2008-11-18,8.352267265319824,8.449999809265137,9.399999618530273,8.449999809265137,9.399999618530273,14600
2008-11-19,7.225452899932861,7.309999942779541,8.600000381469727,7.309999942779541,8.380000114440918,31200
2008-11-20,6.592854976654053,6.670000076293945,7.489999771118164,6.670000076293945,7.260000228881836,23600
2008-11-21,6.563201427459717,6.639999866485596,7.039999961853027,5.980000019073486,6.760000228881836,44200
2008-11-24,6.820195198059082,6.900000095367432,7.0,6.75,6.900000095367432,32200
2008-11-25,5.960257530212402,6.03000020980835,7.0,5.429999828338623,7.0,137000
2008-11-26,6.533548831939697,6.610000133514404,6.699999809265137,5.510000228881836,6.039999961853027,62200
2008-11-28,6.721351623535156,6.800000190734863,7.0,6.659999847412109,6.659999847412109,14600
2008-12-01,6.237018585205078,6.309999942779541,7.449999809265137,6.260000228881836,6.960000038146973,46100
2008-12-02,6.58297061920166,6.659999847412109,7.25,6.480000019073486,6.480000019073486,35100
2008-12-03,7.047534465789795,7.130000114440918,7.230000019073486,6.5,6.699999809265137,43900
2008-12-04,6.711467266082764,6.789999961853027,7.300000190734863,6.789999961853027,7.03000020980835,26300
2008-12-05,7.0574188232421875,7.139999866485596,7.340000152587891,6.679999828338623,6.679999828338623,19300
2008-12-08,7.897587776184082,7.989999771118164,8.5,7.0,7.260000228881836,74400
2008-12-09,7.877819061279297,7.96999979019165,8.699999809265137,7.820000171661377,8.130000114440918,30400
2008-12-10,8.42145824432373,8.520000457763672,8.520000457763672,8.020000457763672,8.020000457763672,13600
2008-12-11,8.45111083984375,8.550000190734863,8.699999809265137,8.279999732971191,8.399999618530273,27800
2008-12-12,8.510416984558105,8.609999656677246,8.720000267028809,8.369999885559082,8.390000343322754,13100
2008-12-15,8.372036933898926,8.470000267028809,8.9399995803833,8.390000343322754,8.630000114440918,18000
2008-12-16,8.895906448364258,9.0,9.0,8.520000457763672,8.630000114440918,31000
2008-12-17,9.192437171936035,9.300000190734863,9.5,8.760000228881836,8.760000228881836,51300
2008-12-18,9.24185848236084,9.350000381469727,10.0,9.350000381469727,9.630000114440918,44600
2008-12-19,9.31104850769043,9.420000076293945,10.0,9.359999656677246,9.789999961853027,49200
2008-12-22,9.28139591217041,9.390000343322754,9.65999984741211,9.0,9.4399995803833,29200
2008-12-23,9.073824882507324,9.180000305175781,9.420000076293945,9.079999923706055,9.420000076293945,8000
2008-12-24,8.816831588745117,8.920000076293945,9.229999542236328,8.510000228881836,9.229999542236328,11300
2008-12-26,8.401689529418945,8.5,9.359999656677246,8.5,9.359999656677246,24400
2008-12-29,8.787178993225098,8.890000343322754,9.050000190734863,8.600000381469727,8.600000381469727,19900
2008-12-30,8.836599349975586,8.9399995803833,9.0,8.880000114440918,8.880000114440918,5100
2008-12-31,8.876136779785156,8.979999542236328,9.430000305175781,8.880000114440918,8.880000114440918,53500
2009-01-02,9.093592643737793,9.199999809265137,9.239999771118164,8.779999732971191,8.989999771118164,22500
2009-01-05,9.301164627075195,9.40999984741211,9.720000267028809,9.239999771118164,9.239999771118164,22900
2009-01-06,9.261627197265625,9.369999885559082,9.630000114440918,9.069999694824219,9.529999732971191,8500
2009-01-07,9.004632949829102,9.109999656677246,9.270000457763672,9.0,9.260000228881836,7400
2009-01-08,9.251742362976074,9.359999656677246,9.369999885559082,9.050000190734863,9.239999771118164,9400
2009-01-09,8.955212593078613,9.0600004196167,9.390000343322754,9.050000190734863,9.329999923706055,12800
2009-01-12,8.53018569946289,8.630000114440918,9.5,8.630000114440918,9.020000457763672,19900
2009-01-13,8.500533103942871,8.600000381469727,9.0,8.550000190734863,8.600000381469727,10000
2009-01-14,8.16446590423584,8.260000228881836,8.760000228881836,8.260000228881836,8.550000190734863,8400
2009-01-15,7.9766621589660645,8.069999694824219,8.260000228881836,7.880000114440918,8.260000228881836,11100
2009-01-16,8.006316184997559,8.100000381469727,8.229999542236328,7.610000133514404,8.229999542236328,9100
2009-01-20,7.48244571685791,7.570000171661377,7.989999771118164,7.570000171661377,7.760000228881836,9700
2009-01-21,7.116724967956543,7.199999809265137,7.619999885559082,7.050000190734863,7.619999885559082,30000
2009-01-22,6.830079078674316,6.909999847412109,7.25,6.900000095367432,7.25,22700
2009-01-23,7.304527282714844,7.389999866485596,7.400000095367432,6.800000190734863,6.900000095367432,36300
2009-01-26,7.719669818878174,7.809999942779541,8.069999694824219,7.130000114440918,7.440000057220459,12200
2009-01-27,7.571404933929443,7.659999847412109,7.809999942779541,7.570000171661377,7.809999942779541,8500
2009-01-28,7.828397750854492,7.920000076293945,7.96999979019165,7.75,7.960000038146973,15100
2009-01-29,7.769091606140137,7.860000133514404,7.989999771118164,7.71999979019165,7.880000114440918,7600
2009-01-30,7.314411640167236,7.400000095367432,7.949999809265137,7.400000095367432,7.820000171661377,20300
2009-02-02,7.492330074310303,7.579999923706055,7.679999828338623,7.230000019073486,7.400000095367432,17500
2009-02-03,7.808628559112549,7.900000095367432,7.940000057220459,7.610000133514404,7.610000133514404,12800
2009-02-04,7.917356491088867,8.010000228881836,8.079999923706055,7.880000114440918,7.880000114440918,11600
2009-02-05,7.996431827545166,8.09000015258789,8.1899995803833,8.0,8.1899995803833,19300
2009-02-06,8.055737495422363,8.149999618530273,8.1899995803833,8.0,8.0,6100
2009-02-09,8.609260559082031,8.710000038146973,8.899999618530273,7.949999809265137,8.0,19300
2009-02-10,8.204002380371094,8.300000190734863,8.619999885559082,8.09000015258789,8.470000267028809,13800
2009-02-11,8.698220252990723,8.800000190734863,8.850000381469727,8.449999809265137,8.449999809265137,8700
2009-02-12,8.688334465026855,8.789999961853027,8.920000076293945,8.5600004196167,8.65999984741211,13100
2009-02-13,8.935443878173828,9.039999961853027,9.050000190734863,8.800000190734863,8.800000190734863,17300
2009-02-17,8.579607009887695,8.680000305175781,8.960000038146973,8.680000305175781,8.789999961853027,6500
2009-02-18,8.4609956741333,8.5600004196167,8.720000267028809,8.5600004196167,8.720000267028809,6400
2009-02-19,8.678450584411621,8.779999732971191,8.890000343322754,8.600000381469727,8.600000381469727,10800
2009-02-20,8.52030086517334,8.619999885559082,8.699999809265137,8.600000381469727,8.619999885559082,11600
2009-02-23,8.194117546081543,8.289999961853027,8.630000114440918,8.239999771118164,8.600000381469727,22700
2009-02-24,8.401689529418945,8.5,8.680000305175781,8.119999885559082,8.25,17000
2009-02-25,8.253423690795898,8.350000381469727,8.670000076293945,8.300000190734863,8.579999923706055,10900
2009-02-26,8.194117546081543,8.289999961853027,8.65999984741211,8.289999961853027,8.399999618530273,8900
2009-02-27,8.194117546081543,8.289999961853027,8.399999618530273,8.220000267028809,8.3100004196167,13100
2009-03-02,7.561520099639893,7.650000095367432,8.220000267028809,7.639999866485596,8.199999809265137,23100
2009-03-03,7.235337257385254,7.320000171661377,7.789999961853027,7.210000038146973,7.599999904632568,27900
2009-03-04,7.304527282714844,7.389999866485596,7.599999904632568,7.329999923706055,7.389999866485596,15900
2009-03-05,7.156261920928955,7.239999771118164,7.420000076293945,7.230000019073486,7.269999980926514,11200
2009-03-06,6.741120338439941,6.820000171661377,6.989999771118164,6.429999828338623,6.429999828338623,45500
2009-03-09,6.405052661895752,6.480000019073486,6.75,6.409999847412109,6.75,17600
2009-03-10,6.484127044677734,6.559999942779541,6.71999979019165,6.070000171661377,6.71999979019165,28700
2009-03-11,6.4742431640625,6.550000190734863,6.820000171661377,6.489999771118164,6.820000171661377,13200
2009-03-12,7.185914993286133,7.269999980926514,7.389999866485596,6.579999923706055,6.579999923706055,23300
2009-03-13,6.4742431640625,6.550000190734863,6.78000020980835,6.199999809265137,6.78000020980835,35200
2009-03-16,6.681814193725586,6.760000228881836,7.079999923706055,6.650000095367432,6.670000076293945,23300
2009-03-17,6.869616508483887,6.949999809265137,7.0,6.710000038146973,6.820000171661377,12100
2009-03-18,7.255105972290039,7.340000152587891,7.340000152587891,6.849999904632568,6.940000057220459,7800
2009-03-19,7.5219831466674805,7.610000133514404,7.619999885559082,7.239999771118164,7.369999885559082,13500
2009-03-20,6.681814193725586,6.760000228881836,7.659999847412109,6.760000228881836,7.659999847412109,31300
2009-03-23,7.344064712524414,7.429999828338623,7.429999828338623,6.960000038146973,6.960000038146973,18100
2009-03-24,7.166146755218506,7.25,7.5,7.179999828338623,7.179999828338623,14100
2009-03-25,7.769091606140137,7.860000133514404,7.860000133514404,7.269999980926514,7.309999942779541,14900
2009-03-26,7.927241325378418,8.020000457763672,8.079999923706055,7.900000095367432,7.900000095367432,15100
2009-03-27,7.808628559112549,7.900000095367432,7.960000038146973,7.409999847412109,7.920000076293945,15600
2009-03-30,7.502214431762695,7.590000152587891,8.0,7.590000152587891,7.900000095367432,17900
2009-03-31,7.907472133636475,8.0,8.0,7.409999847412109,8.0,15800
2009-04-01,7.087072372436523,7.170000076293945,7.28000020980835,6.570000171661377,7.110000133514404,52500
2009-04-02,7.304527282714844,7.389999866485596,7.389999866485596,7.010000228881836,7.190000057220459,34000
2009-04-03,7.59117317199707,7.679999828338623,7.679999828338623,7.230000019073486,7.480000019073486,27000
2009-04-06,7.6801323890686035,7.769999980926514,7.869999885559082,7.559999942779541,7.559999942779541,6900
2009-04-07,7.304527282714844,7.389999866485596,7.889999866485596,7.110000133514404,7.659999847412109,10700
2009-04-08,7.6801323890686035,7.769999980926514,7.900000095367432,7.710000038146973,7.889999866485596,18600
2009-04-09,7.907472133636475,8.0,8.020000457763672,7.800000190734863,8.020000457763672,19400
2009-04-13,7.808628559112549,7.900000095367432,8.0,7.539999961853027,8.0,15100
2009-04-14,7.601058006286621,7.690000057220459,7.980000019073486,7.460000038146973,7.769999980926514,18900
2009-04-15,7.956894397735596,8.050000190734863,8.100000381469727,7.480000019073486,7.800000190734863,12700
2009-04-16,8.42145824432373,8.520000457763672,8.550000190734863,8.149999618530273,8.149999618530273,22100
2009-04-17,8.372036933898926,8.470000267028809,8.59000015258789,8.289999961853027,8.569999694824219,11000
2009-04-20,8.174349784851074,8.270000457763672,8.59000015258789,8.1899995803833,8.510000228881836,19300
2009-04-21,8.708104133605957,8.8100004196167,8.829999923706055,8.220000267028809,8.220000267028809,19700
2009-04-22,8.470878601074219,8.569999694824219,8.949999809265137,8.449999809265137,8.670000076293945,14700
2009-04-23,8.213887214660645,8.3100004196167,8.680000305175781,8.289999961853027,8.5600004196167,10900
2009-04-24,8.49064826965332,8.59000015258789,8.729999542236328,8.3100004196167,8.3100004196167,10500
2009-04-27,8.124927520751953,8.220000267028809,8.600000381469727,8.199999809265137,8.479999542236328,18700
2009-04-28,8.42145824432373,8.520000457763672,8.529999732971191,8.149999618530273,8.149999618530273,9500
2009-04-29,8.787178993225098,8.890000343322754,8.899999618530273,8.539999961853027,8.539999961853027,5800
2009-04-30,8.91567611694336,9.020000457763672,9.119999885559082,8.899999618530273,8.899999618530273,30800
2009-05-01,8.777294158935547,8.880000114440918,8.960000038146973,8.6899995803833,8.920000076293945,10300
2009-05-04,8.787178993225098,8.890000343322754,8.930000305175781,8.739999771118164,8.819999694824219,11900
2009-05-05,8.668566703796387,8.770000457763672,8.850000381469727,8.699999809265137,8.829999923706055,13500
2009-05-06,8.540070533752441,8.640000343322754,8.890000343322754,8.550000190734863,8.75,13100
2009-05-07,7.966778755187988,8.0600004196167,8.75,7.900000095367432,8.699999809265137,53900
2009-05-08,8.352267265319824,8.449999809265137,8.510000228881836,8.020000457763672,8.180000305175781,15100
2009-05-11,8.174349784851074,8.270000457763672,8.449999809265137,8.0,8.279999732971191,9700
2009-05-12,8.352267265319824,8.449999809265137,8.479999542236328,8.300000190734863,8.300000190734863,7400
2009-05-13,8.42145824432373,8.520000457763672,8.649999618530273,8.300000190734863,8.300000190734863,20300
2009-05-14,8.648797988891602,8.75,8.789999961853027,8.369999885559082,8.569999694824219,7800
2009-05-15,8.648797988891602,8.75,8.8100004196167,8.3100004196167,8.789999961853027,13700
2009-05-18,9.093592643737793,9.199999809265137,9.199999809265137,8.489999771118164,8.800000190734863,14700
2009-05-19,10.675087928771973,10.800000190734863,11.489999771118164,10.0,10.350000381469727,71800
2009-05-20,10.299482345581055,10.420000076293945,11.1899995803833,10.289999961853027,10.75,52000
2009-05-21,10.536706924438477,10.65999984741211,10.680000305175781,10.289999961853027,10.350000381469727,15800
2009-05-22,10.18087100982666,10.300000190734863,10.680000305175781,10.109999656677246,10.65999984741211,29300
2009-05-26,10.803584098815918,10.930000305175781,10.9399995803833,10.149999618530273,10.4399995803833,22000
2009-05-27,10.6157808303833,10.739999771118164,10.979999542236328,10.539999961853027,10.899999618530273,14700
2009-05-28,10.744277000427246,10.869999885559082,11.0,10.600000381469727,10.869999885559082,20200
2009-05-29,11.090229988098145,11.220000267028809,11.220000267028809,10.760000228881836,11.0,22400
2009-06-01,11.307684898376465,11.4399995803833,11.539999961853027,11.210000038146973,11.319999694824219,26600
2009-06-02,11.653636932373047,11.789999961853027,11.789999961853027,11.210000038146973,11.40999984741211,25600
2009-06-03,11.742596626281738,11.880000114440918,11.880000114440918,11.5,11.75,19700
2009-06-04,12.07866382598877,12.220000267028809,12.239999771118164,11.770000457763672,11.899999618530273,24600
2009-06-05,12.137969970703125,12.279999732971191,12.449999809265137,11.760000228881836,12.350000381469727,17100
2009-06-08,12.15773868560791,12.300000190734863,12.430000305175781,11.699999809265137,12.100000381469727,15200
2009-06-09,12.246697425842285,12.390000343322754,12.5,12.010000228881836,12.380000114440918,18400
2009-06-10,12.23681354522705,12.380000114440918,12.5,12.109999656677246,12.5,19300
2009-06-11,12.632185935974121,12.779999732971191,12.829999923706055,12.260000228881836,12.479999542236328,27600
2009-06-12,12.721145629882812,12.869999885559082,12.869999885559082,12.600000381469727,12.600000381469727,13900
2009-06-15,12.543228149414062,12.6899995803833,12.970000267028809,12.100000381469727,12.699999809265137,31700
2009-06-16,12.207159996032715,12.350000381469727,12.970000267028809,12.289999961853027,12.90999984741211,16900
2009-06-17,12.25658130645752,12.399999618530273,12.8100004196167,11.789999961853027,12.319999694824219,17700
2009-06-18,12.404847145080566,12.550000190734863,12.680000305175781,12.300000190734863,12.380000114440918,10500
2009-06-19,12.25658130645752,12.399999618530273,12.75,12.289999961853027,12.65999984741211,29700
2009-06-22,11.663521766662598,11.800000190734863,12.4399995803833,11.680000305175781,12.390000343322754,39800
2009-06-23,11.999589920043945,12.140000343322754,12.34000015258789,11.600000381469727,11.859999656677246,20100
2009-06-24,12.12808609008789,12.270000457763672,12.90999984741211,11.90999984741211,12.369999885559082,18400
2009-06-25,12.394963264465332,12.539999961853027,12.569999694824219,12.180000305175781,12.229999542236328,13000
2009-06-26,13.106635093688965,13.260000228881836,13.260000228881836,11.619999885559082,12.479999542236328,211200
2009-06-29,13.007791519165039,13.15999984741211,13.5,12.550000190734863,12.880000114440918,35700
2009-06-30,12.750798225402832,12.899999618530273,13.34000015258789,12.899999618530273,13.229999542236328,20200
2009-07-01,13.294437408447266,13.449999809265137,13.75,12.369999885559082,13.020000457763672,21600
2009-07-02,13.600852012634277,13.760000228881836,14.0,13.25,13.3100004196167,23800
2009-07-06,13.670042037963867,13.829999923706055,13.949999809265137,13.15999984741211,13.75,26500
2009-07-07,13.462471961975098,13.619999885559082,14.0,13.260000228881836,13.789999961853027,23700
2009-07-08,13.80842399597168,13.970000267028809,14.300000190734863,13.800000190734863,13.859999656677246,35400
2009-07-09,14.381715774536133,14.550000190734863,14.869999885559082,14.069999694824219,14.069999694824219,46700
2009-07-10,14.559633255004883,14.729999542236328,14.75,14.289999961853027,14.5,28200
2009-07-13,14.59917163848877,14.770000457763672,14.9399995803833,14.489999771118164,14.75,38300
2009-07-14,14.520095825195312,14.6899995803833,14.899999618530273,14.289999961853027,14.899999618530273,41700
2009-07-15,13.215362548828125,13.369999885559082,14.6899995803833,13.199999809265137,14.6899995803833,83800
2009-07-16,12.217044830322266,12.359999656677246,13.470000267028809,12.020000457763672,13.369999885559082,107200
2009-07-17,12.474037170410156,12.619999885559082,12.920000076293945,12.3100004196167,12.390000343322754,60100
2009-07-20,12.602534294128418,12.75,13.010000228881836,12.699999809265137,12.84000015258789,21600
2009-07-21,12.602534294128418,12.75,12.75,12.430000305175781,12.75,33300
2009-07-22,12.711261749267578,12.859999656677246,13.130000114440918,12.479999542236328,12.489999771118164,49400
2009-07-23,12.750798225402832,12.899999618530273,13.369999885559082,12.649999618530273,12.789999961853027,34700
2009-07-24,12.800220489501953,12.949999809265137,13.050000190734863,12.279999732971191,12.800000190734863,21500
2009-07-27,12.434500694274902,12.579999923706055,13.020000457763672,12.3100004196167,12.84000015258789,16800
2009-07-28,12.444384574890137,12.59000015258789,12.949999809265137,12.34000015258789,12.949999809265137,19100
2009-07-29,12.246697425842285,12.390000343322754,12.59000015258789,12.289999961853027,12.5,20700
2009-07-30,12.642070770263672,12.789999961853027,12.859999656677246,12.25,12.5600004196167,17900
2009-07-31,12.889180183410645,13.039999961853027,13.489999771118164,12.8100004196167,12.8100004196167,21900
2009-08-03,12.651956558227539,12.800000190734863,13.170000076293945,12.6899995803833,13.170000076293945,16600
2009-08-04,12.602534294128418,12.75,12.949999809265137,12.569999694824219,12.6899995803833,7900
2009-08-05,12.207159996032715,12.350000381469727,12.789999961853027,12.319999694824219,12.789999961853027,13100
2009-08-06,11.989704132080078,12.130000114440918,12.579999923706055,12.050000190734863,12.199999809265137,14100
2009-08-07,12.23681354522705,12.380000114440918,12.630000114440918,12.1899995803833,12.420000076293945,11300
2009-08-10,12.019357681274414,12.15999984741211,12.8100004196167,12.109999656677246,12.15999984741211,16100
2009-08-11,12.0391263961792,12.180000305175781,12.6899995803833,12.130000114440918,12.130000114440918,17500
2009-08-12,12.19727611541748,12.34000015258789,12.970000267028809,12.149999618530273,12.149999618530273,13600
2009-08-13,12.385078430175781,12.529999732971191,12.630000114440918,12.279999732971191,12.359999656677246,10500
2009-08-14,13.04732894897461,13.199999809265137,14.25,13.1899995803833,13.869999885559082,128000
2009-08-17,12.889180183410645,13.039999961853027,13.369999885559082,12.699999809265137,13.199999809265137,31000
2009-08-18,12.899064064025879,13.050000190734863,13.720000267028809,13.010000228881836,13.029999732971191,15000
2009-08-19,12.879295349121094,13.029999732971191,13.90999984741211,12.640000343322754,13.789999961853027,10500
2009-08-20,13.195594787597656,13.350000381469727,13.5,13.029999732971191,13.069999694824219,20200
2009-08-21,13.610736846923828,13.770000457763672,13.819999694824219,13.399999618530273,13.520000457763672,32100
2009-08-24,13.749116897583008,13.90999984741211,14.149999618530273,13.75,13.75,27500
2009-08-25,13.660158157348633,13.819999694824219,14.109999656677246,13.699999809265137,14.109999656677246,22200
2009-08-26,13.699695587158203,13.859999656677246,13.949999809265137,13.649999618530273,13.770000457763672,17800
2009-08-27,13.01767635345459,13.170000076293945,13.75,12.520000457763672,13.75,99700
2009-08-28,12.750798225402832,12.899999618530273,13.460000038146973,12.899999618530273,13.34000015258789,15700
2009-08-31,12.7606840133667,12.90999984741211,13.15999984741211,12.5,12.84000015258789,33000
2009-09-01,12.15773868560791,12.300000190734863,13.3100004196167,12.199999809265137,12.880000114440918,26700
2009-09-02,11.999589920043945,12.140000343322754,12.680000305175781,12.050000190734863,12.260000228881836,54200
2009-09-03,11.732711791992188,11.869999885559082,12.25,11.029999732971191,12.15999984741211,42100
2009-09-04,11.880976676940918,12.020000457763672,12.279999732971191,11.800000190734863,11.880000114440918,22500
2009-09-08,12.167623519897461,12.3100004196167,12.539999961853027,12.050000190734863,12.050000190734863,17500
2009-09-09,12.088547706604004,12.229999542236328,12.350000381469727,12.029999732971191,12.029999732971191,9900
2009-09-10,11.969935417175293,12.109999656677246,12.710000038146973,11.960000038146973,12.180000305175781,46800
2009-09-11,11.801901817321777,11.9399995803833,12.220000267028809,11.699999809265137,12.119999885559082,21400
2009-09-14,11.623984336853027,11.760000228881836,12.180000305175781,11.710000038146973,11.75,31400
2009-09-15,11.772249221801758,11.90999984741211,12.130000114440918,11.699999809265137,11.699999809265137,18300
2009-09-16,11.871092796325684,12.010000228881836,12.100000381469727,11.819999694824219,11.90999984741211,22700
2009-09-17,11.861207962036133,12.0,12.0600004196167,11.699999809265137,12.029999732971191,25700
2009-09-18,11.505372047424316,11.640000343322754,12.0,11.579999923706055,12.0,55800
2009-09-21,11.821670532226562,11.960000038146973,12.050000190734863,11.289999961853027,11.529999732971191,47200
2009-09-22,11.831555366516113,11.970000267028809,12.470000267028809,11.899999618530273,11.899999618530273,51300
2009-09-23,11.39664363861084,11.529999732971191,12.09000015258789,11.529999732971191,12.020000457763672,23200
2009-09-24,11.39664363861084,11.529999732971191,11.819999694824219,11.359999656677246,11.529999732971191,19600
2009-09-25,11.060576438903809,11.1899995803833,11.520000457763672,11.039999961853027,11.470000267028809,48400
2009-09-28,11.248379707336426,11.380000114440918,11.489999771118164,10.670000076293945,11.199999809265137,22100
2009-09-29,11.08034610748291,11.210000038146973,11.449999809265137,11.079999923706055,11.420000076293945,9200
2009-09-30,10.862890243530273,10.989999771118164,11.270000457763672,10.800000190734863,11.170000076293945,26600
2009-10-01,10.14133358001709,10.260000228881836,11.0,10.210000038146973,11.0,30300
2009-10-02,10.072142601013184,10.1899995803833,10.789999961853027,9.869999885559082,10.15999984741211,167700
2009-10-05,10.477400779724121,10.600000381469727,11.109999656677246,10.25,10.25,45100
2009-10-06,10.872774124145508,11.0,11.09000015258789,10.800000190734863,10.8100004196167,40500
2009-10-07,11.04080867767334,11.170000076293945,11.449999809265137,10.949999809265137,10.949999809265137,29400
2009-10-08,11.317569732666016,11.449999809265137,11.670000076293945,10.989999771118164,11.289999961853027,29400
2009-10-09,11.722826957702637,11.859999656677246,11.890000343322754,11.5,11.5,23000
2009-10-12,11.683290481567383,11.819999694824219,12.140000343322754,11.630000114440918,11.84000015258789,37900
2009-10-13,11.43618106842041,11.569999694824219,11.84000015258789,11.569999694824219,11.84000015258789,22200
2009-10-14,11.673406600952148,11.8100004196167,12.0600004196167,11.5,11.739999771118164,17200
2009-10-15,11.653636932373047,11.789999961853027,11.970000267028809,11.619999885559082,11.800000190734863,13500
2009-10-16,11.801901817321777,11.9399995803833,12.010000228881836,11.5,11.760000228881836,20300
2009-10-19,12.23681354522705,12.380000114440918,12.5,11.4399995803833,11.979999542236328,61700
2009-10-20,11.851324081420898,11.989999771118164,12.329999923706055,11.90999984741211,12.329999923706055,9300
2009-10-21,11.515256881713867,11.649999618530273,12.1899995803833,11.630000114440918,12.119999885559082,15500
2009-10-22,11.465835571289062,11.600000381469727,11.899999618530273,11.399999618530273,11.670000076293945,18100
2009-10-23,11.564678192138672,11.699999809265137,11.930000305175781,11.59000015258789,11.630000114440918,15500
2009-10-26,11.307684898376465,11.4399995803833,11.890000343322754,11.40999984741211,11.739999771118164,6800
2009-10-27,11.643753051757812,11.779999732971191,12.350000381469727,11.420000076293945,11.600000381469727,30200
2009-10-28,11.683290481567383,11.819999694824219,12.199999809265137,11.670000076293945,11.829999923706055,23200
2009-10-29,12.07866382598877,12.220000267028809,12.300000190734863,11.489999771118164,11.710000038146973,31600
2009-10-30,11.90074634552002,12.039999961853027,12.289999961853027,11.75,12.050000190734863,26400
2009-11-02,11.811786651611328,11.949999809265137,12.300000190734863,11.569999694824219,11.569999694824219,25100
2009-11-03,11.386760711669922,11.520000457763672,11.899999618530273,11.260000228881836,11.84000015258789,29200
2009-11-04,11.278032302856445,11.40999984741211,11.729999542236328,11.399999618530273,11.59000015258789,21100
2009-11-05,11.703059196472168,11.84000015258789,11.859999656677246,11.5,11.5,10100
2009-11-06,11.623984336853027,11.760000228881836,11.760000228881836,11.420000076293945,11.670000076293945,13300
2009-11-09,11.515256881713867,11.649999618530273,12.029999732971191,11.539999961853027,11.800000190734863,29600
2009-11-10,11.693174362182617,11.829999923706055,11.949999809265137,11.550000190734863,11.550000190734863,25200
2009-11-11,12.029242515563965,12.170000076293945,12.1899995803833,11.789999961853027,12.0,15400
2009-11-12,11.208842277526855,11.34000015258789,12.130000114440918,11.279999732971191,12.130000114440918,33900
2009-11-13,11.535025596618652,11.670000076293945,11.670000076293945,11.3100004196167,11.399999618530273,12800
2009-11-16,11.643753051757812,11.779999732971191,11.960000038146973,11.539999961853027,11.699999809265137,17900
2009-11-17,11.376875877380371,11.510000228881836,12.289999961853027,11.510000228881836,11.739999771118164,31100
2009-11-18,11.406529426574707,11.539999961853027,11.729999542236328,11.359999656677246,11.529999732971191,9900
2009-11-19,11.090229988098145,11.220000267028809,11.479999542236328,11.140000343322754,11.420000076293945,15300
2009-11-20,11.386760711669922,11.520000457763672,11.569999694824219,11.199999809265137,11.199999809265137,11600
2009-11-23,11.712943077087402,11.850000381469727,11.899999618530273,11.59000015258789,11.670000076293945,14400
2009-11-24,11.614099502563477,11.75,11.819999694824219,11.569999694824219,11.819999694824219,5700
2009-11-25,11.505372047424316,11.640000343322754,11.789999961853027,11.619999885559082,11.760000228881836,2400
2009-11-27,11.376875877380371,11.510000228881836,11.569999694824219,11.510000228881836,11.539999961853027,5900
2009-11-30,11.169304847717285,11.300000190734863,11.550000190734863,11.270000457763672,11.550000190734863,20800
2009-12-01,11.17918872833252,11.3100004196167,11.470000267028809,11.279999732971191,11.34000015258789,16800
2009-12-02,11.416413307189941,11.550000190734863,11.550000190734863,11.3100004196167,11.3100004196167,8600
2009-12-03,11.36699104309082,11.5,11.649999618530273,11.4399995803833,11.5600004196167,15100
2009-12-04,11.772249221801758,11.90999984741211,12.0,11.59000015258789,11.65999984741211,22700
2009-12-07,11.564678192138672,11.699999809265137,11.9399995803833,11.640000343322754,11.9399995803833,6900
2009-12-08,11.535025596618652,11.670000076293945,11.789999961853027,11.600000381469727,11.600000381469727,6100
2009-12-09,11.574563026428223,11.710000038146973,11.859999656677246,11.359999656677246,11.65999984741211,24600
2009-12-10,11.455950736999512,11.59000015258789,11.800000190734863,11.59000015258789,11.760000228881836,5500
2009-12-11,11.554793357849121,11.6899995803833,11.84000015258789,11.569999694824219,11.600000381469727,10000
2009-12-14,11.712943077087402,11.850000381469727,11.850000381469727,11.699999809265137,11.710000038146973,7600
2009-12-15,11.47571849822998,11.609999656677246,11.850000381469727,11.609999656677246,11.819999694824219,7900
2009-12-16,11.376875877380371,11.510000228881836,11.710000038146973,11.510000228881836,11.710000038146973,9800
2009-12-17,11.386760711669922,11.520000457763672,11.600000381469727,11.34000015258789,11.5,9100
2009-12-18,11.722826957702637,11.859999656677246,11.920000076293945,11.5600004196167,11.609999656677246,33600
2009-12-21,11.821670532226562,11.960000038146973,12.050000190734863,11.720000267028809,11.869999885559082,19700
2009-12-22,11.643753051757812,11.779999732971191,12.029999732971191,11.510000228881836,12.0,12800
2009-12-23,11.861207962036133,12.0,12.020000457763672,11.699999809265137,11.789999961853027,9000
2009-12-24,11.890861511230469,12.029999732971191,12.029999732971191,11.880000114440918,12.0,4300
2009-12-28,11.821670532226562,11.960000038146973,12.020000457763672,11.920000076293945,12.020000457763672,14500
2009-12-29,11.841439247131348,11.979999542236328,12.0,11.880000114440918,11.880000114440918,29800
2009-12-30,11.811786651611328,11.949999809265137,11.989999771118164,11.899999618530273,11.920000076293945,18700
2009-12-31,11.742596626281738,11.880000114440918,12.039999961853027,11.880000114440918,11.90999984741211,12200
2010-01-04,11.880976676940918,12.020000457763672,12.039999961853027,11.84000015258789,11.9399995803833,16400
2010-01-05,11.851324081420898,11.989999771118164,12.020000457763672,11.84000015258789,12.010000228881836,14700
2010-01-06,11.999589920043945,12.140000343322754,12.1899995803833,11.84000015258789,12.0,31500
2010-01-07,12.058895111083984,12.199999809265137,12.239999771118164,12.0,12.119999885559082,16800
2010-01-08,12.286235809326172,12.430000305175781,12.649999618530273,12.149999618530273,12.239999771118164,40200
2010-01-11,12.464152336120605,12.609999656677246,12.699999809265137,12.5,12.5,16300
2010-01-12,11.643753051757812,11.779999732971191,12.6899995803833,11.710000038146973,12.600000381469727,46000
2010-01-13,11.930397987365723,12.069999694824219,12.270000457763672,11.770000457763672,11.859999656677246,16300
2010-01-14,11.871092796325684,12.010000228881836,12.229999542236328,11.970000267028809,12.010000228881836,12200
2010-01-15,11.712943077087402,11.850000381469727,12.199999809265137,11.8100004196167,12.069999694824219,17500
2010-01-19,11.930397987365723,12.069999694824219,12.140000343322754,11.800000190734863,11.8100004196167,8800
2010-01-20,12.108317375183105,12.25,12.350000381469727,11.859999656677246,11.979999542236328,21200
2010-01-21,11.950167655944824,12.09000015258789,12.4399995803833,12.039999961853027,12.300000190734863,26600
2010-01-22,11.960052490234375,12.100000381469727,12.699999809265137,12.039999961853027,12.039999961853027,48600
2010-01-25,11.742596626281738,11.880000114440918,12.350000381469727,11.84000015258789,12.130000114440918,16400
2010-01-26,11.594330787658691,11.729999542236328,12.109999656677246,11.729999542236328,11.829999923706055,22400
2010-01-27,11.643753051757812,11.779999732971191,11.899999618530273,11.680000305175781,11.680000305175781,9900
2010-01-28,11.782134056091309,11.920000076293945,12.039999961853027,11.569999694824219,11.569999694824219,19400
2010-01-29,11.811786651611328,11.949999809265137,12.229999542236328,11.880000114440918,11.90999984741211,10500
2010-02-01,11.47571849822998,11.609999656677246,12.09000015258789,11.579999923706055,12.09000015258789,11500
2010-02-02,11.623984336853027,11.760000228881836,11.920000076293945,11.539999961853027,11.539999961853027,20500
2010-02-03,11.712943077087402,11.850000381469727,12.0,11.479999542236328,11.699999809265137,13500
2010-02-04,11.732711791992188,11.869999885559082,11.970000267028809,11.550000190734863,11.850000381469727,25300
2010-02-05,11.347222328186035,11.479999542236328,11.920000076293945,11.350000381469727,11.920000076293945,36500
2010-02-08,11.268147468566895,11.399999618530273,11.75,11.399999618530273,11.529999732971191,6000
2010-02-09,11.663521766662598,11.800000190734863,11.949999809265137,11.34000015258789,11.529999732971191,12300
2010-02-10,11.614099502563477,11.75,11.9399995803833,11.5,11.729999542236328,9700
2010-02-11,11.712943077087402,11.850000381469727,11.850000381469727,11.59000015258789,11.59000015258789,7700
2010-02-12,11.722826957702637,11.859999656677246,11.920000076293945,11.8100004196167,11.829999923706055,5000
2010-02-16,11.910630226135254,12.050000190734863,12.050000190734863,11.890000343322754,11.920000076293945,5700
2010-02-17,12.00947380065918,12.149999618530273,12.149999618530273,11.960000038146973,11.960000038146973,11900
2010-02-18,11.960052490234375,12.100000381469727,12.25,12.0,12.180000305175781,11300
2010-02-19,11.930397987365723,12.069999694824219,12.100000381469727,11.819999694824219,12.100000381469727,22600
2010-02-22,11.880976676940918,12.020000457763672,12.09000015258789,11.989999771118164,12.09000015258789,2100
2010-02-23,11.821670532226562,11.960000038146973,12.170000076293945,11.960000038146973,11.989999771118164,12800
2010-02-24,11.950167655944824,12.09000015258789,12.100000381469727,11.989999771118164,12.020000457763672,5600
2010-02-25,11.861207962036133,12.0,12.050000190734863,11.829999923706055,11.989999771118164,8100
2010-02-26,11.584446907043457,11.720000267028809,11.949999809265137,11.720000267028809,11.949999809265137,11900
2010-03-01,11.693174362182617,11.829999923706055,11.869999885559082,11.5,11.789999961853027,14200
2010-03-02,11.831555366516113,11.970000267028809,11.989999771118164,11.649999618530273,11.6899995803833,11100
2010-03-03,11.861207962036133,12.0,12.050000190734863,11.770000457763672,11.949999809265137,9100
2010-03-04,11.871092796325684,12.010000228881836,12.010000228881836,11.9399995803833,11.949999809265137,5200
2010-03-05,11.861207962036133,12.0,12.100000381469727,11.819999694824219,12.020000457763672,19900
2010-03-08,11.861207962036133,12.0,12.050000190734863,11.960000038146973,11.989999771118164,8200
2010-03-09,11.693174362182617,11.829999923706055,12.050000190734863,11.760000228881836,12.050000190734863,6700
2010-03-10,11.683290481567383,11.819999694824219,11.970000267028809,11.760000228881836,11.890000343322754,11200
2010-03-11,11.861207962036133,12.0,12.0,11.75,11.75,2800
2010-03-12,11.821670532226562,11.960000038146973,12.0,11.829999923706055,12.0,12900
2010-03-15,11.861207962036133,12.0,12.09000015258789,11.989999771118164,12.010000228881836,14200
2010-03-16,11.910630226135254,12.050000190734863,12.130000114440918,11.880000114440918,11.989999771118164,6100
2010-03-17,11.683290481567383,11.819999694824219,12.079999923706055,11.739999771118164,11.970000267028809,11000
2010-03-18,11.643753051757812,11.779999732971191,11.989999771118164,11.779999732971191,11.8100004196167,6100
2010-03-19,11.712943077087402,11.850000381469727,12.010000228881836,11.739999771118164,11.859999656677246,18300
2010-03-22,11.811786651611328,11.949999809265137,11.979999542236328,11.8100004196167,11.8100004196167,5400
2010-03-23,11.782134056091309,11.920000076293945,11.989999771118164,11.779999732971191,11.9399995803833,4600
2010-03-24,11.782134056091309,11.920000076293945,12.0,11.859999656677246,11.859999656677246,8900
2010-03-25,11.762364387512207,11.899999618530273,12.100000381469727,11.899999618530273,11.920000076293945,10200
2010-03-26,11.683290481567383,11.819999694824219,12.039999961853027,11.760000228881836,11.949999809265137,5800
2010-03-29,11.683290481567383,11.819999694824219,11.899999618530273,11.710000038146973,11.899999618530273,6600
2010-03-30,11.821670532226562,11.960000038146973,12.039999961853027,11.899999618530273,11.90999984741211,12000
2010-03-31,11.732711791992188,11.869999885559082,12.100000381469727,11.609999656677246,12.050000190734863,33200
2010-04-01,11.465835571289062,11.600000381469727,12.069999694824219,11.5,11.800000190734863,40700
2010-04-05,11.376875877380371,11.510000228881836,11.600000381469727,11.460000038146973,11.600000381469727,26200
2010-04-06,11.109997749328613,11.239999771118164,11.470000267028809,11.039999961853027,11.449999809265137,26300
2010-04-07,11.001270294189453,11.130000114440918,11.350000381469727,11.069999694824219,11.130000114440918,22800
2010-04-08,10.97161865234375,11.100000381469727,11.199999809265137,11.069999694824219,11.149999618530273,14800
2010-04-09,10.843121528625488,10.970000267028809,11.039999961853027,10.899999618530273,11.039999961853027,28100
2010-04-12,10.734393119812012,10.859999656677246,10.949999809265137,10.800000190734863,10.90999984741211,30400
2010-04-13,10.961732864379883,11.09000015258789,11.130000114440918,10.869999885559082,10.869999885559082,8900
2010-04-14,10.93208122253418,11.0600004196167,11.09000015258789,10.979999542236328,11.079999923706055,11800
2010-04-15,11.159420013427734,11.289999961853027,11.489999771118164,11.079999923706055,11.100000381469727,8300
2010-04-16,10.912311553955078,11.039999961853027,11.470000267028809,11.0,11.229999542236328,14300
2010-04-19,11.208842277526855,11.34000015258789,11.359999656677246,10.960000038146973,11.029999732971191,31600
2010-04-20,10.961732864379883,11.09000015258789,11.5,11.020000457763672,11.390000343322754,50800
2010-04-21,10.941964149475098,11.069999694824219,11.140000343322754,11.010000228881836,11.0600004196167,17700
2010-04-22,11.030923843383789,11.15999984741211,11.239999771118164,10.979999542236328,10.979999542236328,18200
2010-04-23,10.97161865234375,11.100000381469727,11.210000038146973,10.989999771118164,11.210000038146973,17600
2010-04-26,10.951848983764648,11.079999923706055,11.289999961853027,11.029999732971191,11.25,24100
2010-04-27,10.843121528625488,10.970000267028809,11.180000305175781,10.960000038146973,10.960000038146973,16300
2010-04-28,10.912311553955078,11.039999961853027,11.079999923706055,10.970000267028809,10.989999771118164,5200
2010-04-29,10.97161865234375,11.100000381469727,11.199999809265137,11.010000228881836,11.0600004196167,6700
2010-04-30,10.89254379272461,11.020000457763672,11.100000381469727,11.010000228881836,11.100000381469727,17000
2010-05-03,10.981501579284668,11.109999656677246,11.119999885559082,11.020000457763672,11.020000457763672,5200
2010-05-04,10.773930549621582,10.899999618530273,11.020000457763672,10.800000190734863,11.020000457763672,20200
2010-05-05,10.339019775390625,10.460000038146973,10.829999923706055,10.3100004196167,10.800000190734863,37000
2010-05-06,9.568041801452637,9.680000305175781,10.630000114440918,8.069999694824219,10.449999809265137,66400
2010-05-07,9.706421852111816,9.819999694824219,10.050000190734863,9.569999694824219,9.739999771118164,43300
2010-05-10,10.368672370910645,10.489999771118164,10.5,9.90999984741211,10.010000228881836,31300
2010-05-11,10.398326873779297,10.520000457763672,10.680000305175781,10.34000015258789,10.34000015258789,11400
2010-05-12,10.951848983764648,11.079999923706055,11.079999923706055,10.09000015258789,10.09000015258789,23100
2010-05-13,10.862890243530273,10.989999771118164,11.100000381469727,10.890000343322754,11.029999732971191,14300
2010-05-14,10.793699264526367,10.920000076293945,11.100000381469727,10.699999809265137,10.989999771118164,18300
2010-05-17,10.734393119812012,10.859999656677246,10.979999542236328,10.819999694824219,10.949999809265137,8200
2010-05-18,10.684971809387207,10.8100004196167,11.0,10.149999618530273,11.0,15200
2010-05-19,10.556475639343262,10.680000305175781,10.800000190734863,10.520000457763672,10.75,22100
2010-05-20,10.28959846496582,10.40999984741211,10.619999885559082,10.40999984741211,10.520000457763672,18600
2010-05-21,10.06225872039795,10.180000305175781,10.319999694824219,9.90999984741211,10.279999732971191,34500
2010-05-24,10.032605171203613,10.149999618530273,10.420000076293945,10.149999618530273,10.229999542236328,9200
2010-05-25,9.666884422302246,9.779999732971191,10.020000457763672,9.729999542236328,10.010000228881836,13400
2010-05-26,9.805265426635742,9.920000076293945,10.239999771118164,9.729999542236328,9.850000381469727,10300
2010-05-27,10.28959846496582,10.40999984741211,10.600000381469727,9.930000305175781,10.079999923706055,14800
2010-05-28,10.348904609680176,10.470000267028809,10.5,10.119999885559082,10.34000015258789,6100
2010-06-01,10.17098617553711,10.289999961853027,10.880000114440918,10.180000305175781,10.380000114440918,15100
2010-06-02,10.427979469299316,10.550000190734863,10.550000190734863,10.25,10.25,6800
2010-06-03,10.378557205200195,10.5,10.550000190734863,10.350000381469727,10.359999656677246,17600
2010-06-04,10.200638771057129,10.319999694824219,10.550000190734863,10.25,10.369999885559082,20900
2010-06-07,9.923877716064453,10.039999961853027,10.34000015258789,10.010000228881836,10.319999694824219,18900
2010-06-08,9.736075401306152,9.850000381469727,10.100000381469727,9.630000114440918,10.100000381469727,31100
2010-06-09,9.617463111877441,9.729999542236328,10.050000190734863,9.65999984741211,9.819999694824219,23300
2010-06-10,9.844802856445312,9.960000038146973,10.0,9.729999542236328,9.739999771118164,15300
2010-06-11,9.834918975830078,9.949999809265137,9.989999771118164,9.789999961853027,9.9399995803833,3500
2010-06-14,9.548272132873535,9.65999984741211,9.989999771118164,9.630000114440918,9.989999771118164,35500
2010-06-15,9.923877716064453,10.039999961853027,10.069999694824219,9.609999656677246,9.619999885559082,31800
2010-06-16,9.775612831115723,9.890000343322754,10.130000114440918,9.84000015258789,9.949999809265137,12000
2010-06-17,9.913992881774902,10.029999732971191,10.15999984741211,9.829999923706055,10.140000343322754,9100
2010-06-18,9.963415145874023,10.079999923706055,10.180000305175781,9.899999618530273,10.09000015258789,18100
2010-06-21,10.230292320251465,10.350000381469727,10.399999618530273,10.15999984741211,10.1899995803833,13800
2010-06-22,10.27971363067627,10.399999618530273,10.460000038146973,10.34000015258789,10.399999618530273,10200
2010-06-23,10.358787536621094,10.479999542236328,10.5,10.130000114440918,10.399999618530273,10400
2010-06-24,9.933761596679688,10.050000190734863,10.460000038146973,9.90999984741211,10.460000038146973,9400
2010-06-25,9.745959281921387,9.859999656677246,10.119999885559082,9.710000038146973,10.0600004196167,65100
2010-06-28,9.686654090881348,9.800000190734863,9.90999984741211,9.710000038146973,9.90999984741211,4800
2010-06-29,9.5383882522583,9.649999618530273,9.949999809265137,9.600000381469727,9.8100004196167,23100
2010-06-30,9.627346992492676,9.739999771118164,9.90999984741211,9.680000305175781,9.680000305175781,8800
2010-07-01,9.834918975830078,9.949999809265137,10.029999732971191,9.600000381469727,9.649999618530273,12100
2010-07-02,9.874455451965332,9.989999771118164,10.270000457763672,9.850000381469727,9.970000267028809,8800
2010-07-06,9.745959281921387,9.859999656677246,10.09000015258789,9.760000228881836,10.09000015258789,8400
2010-07-07,10.111680030822754,10.229999542236328,10.25,9.90999984741211,9.90999984741211,13500
2010-07-08,10.002952575683594,10.119999885559082,10.25,9.989999771118164,10.25,8700
2010-07-09,9.904109954833984,10.020000457763672,10.069999694824219,9.850000381469727,9.890000343322754,7100
2010-07-12,9.627346992492676,9.739999771118164,10.010000228881836,9.739999771118164,9.859999656677246,11000
2010-07-13,9.923877716064453,10.039999961853027,10.079999923706055,9.800000190734863,9.869999885559082,10700
2010-07-14,9.953530311584473,10.069999694824219,10.09000015258789,9.869999885559082,9.960000038146973,5100
2010-07-15,9.943647384643555,10.0600004196167,10.25,9.880000114440918,10.050000190734863,8600
2010-07-16,9.60757827758789,9.720000267028809,10.09000015258789,9.699999809265137,9.989999771118164,19700
2010-07-19,9.943647384643555,10.0600004196167,10.15999984741211,9.670000076293945,9.789999961853027,14600
2010-07-20,10.022721290588379,10.140000343322754,10.170000076293945,10.010000228881836,10.039999961853027,5500
2010-07-21,9.775612831115723,9.890000343322754,10.25,9.890000343322754,10.239999771118164,11000
2010-07-22,10.230292320251465,10.350000381469727,10.350000381469727,9.989999771118164,10.0,14900
2010-07-23,10.27971363067627,10.399999618530273,10.399999618530273,10.25,10.289999961853027,5100
2010-07-26,10.418094635009766,10.539999961853027,10.600000381469727,10.15999984741211,10.4399995803833,12300
2010-07-27,10.457632064819336,10.579999923706055,10.600000381469727,10.279999732971191,10.539999961853027,12700
2010-07-28,10.348904609680176,10.470000267028809,10.600000381469727,10.470000267028809,10.550000190734863,5800
2010-07-29,10.28959846496582,10.40999984741211,10.59000015258789,10.3100004196167,10.529999732971191,6600
2010-07-30,10.358787536621094,10.479999542236328,10.5600004196167,10.069999694824219,10.229999542236328,10500
2010-08-02,10.526822090148926,10.649999618530273,10.649999618530273,10.430000305175781,10.600000381469727,5500
2010-08-03,10.082026481628418,10.199999809265137,10.699999809265137,10.010000228881836,10.4399995803833,18600
2010-08-04,10.06225872039795,10.180000305175781,10.75,10.149999618530273,10.180000305175781,15600
2010-08-05,10.121563911437988,10.239999771118164,10.350000381469727,10.119999885559082,10.149999618530273,7800
2010-08-06,10.556475639343262,10.680000305175781,10.710000038146973,10.25,10.25,12500
2010-08-09,10.773930549621582,10.899999618530273,10.899999618530273,10.59000015258789,10.680000305175781,11800
2010-08-10,10.793699264526367,10.920000076293945,10.970000267028809,10.510000228881836,10.859999656677246,19800
2010-08-11,10.655319213867188,10.779999732971191,10.819999694824219,10.529999732971191,10.529999732971191,19300
2010-08-12,10.93208122253418,11.0600004196167,11.130000114440918,10.550000190734863,10.550000190734863,25900
2010-08-13,10.872774124145508,11.0,11.270000457763672,11.0,11.0,21300
2010-08-16,11.011155128479004,11.140000343322754,11.149999618530273,10.75,11.050000190734863,13500
2010-08-17,10.93208122253418,11.0600004196167,11.100000381469727,10.279999732971191,10.699999809265137,39100
2010-08-18,10.546591758728027,10.670000076293945,10.920000076293945,10.460000038146973,10.710000038146973,12000
2010-08-19,10.022721290588379,10.140000343322754,10.6899995803833,10.140000343322754,10.59000015258789,16000
2010-08-20,10.111680030822754,10.229999542236328,10.3100004196167,10.100000381469727,10.100000381469727,10700
2010-08-23,9.884340286254883,10.0,10.739999771118164,10.0,10.270000457763672,5700
2010-08-24,9.825033187866211,9.9399995803833,10.149999618530273,9.9399995803833,9.949999809265137,9600
2010-08-25,9.904109954833984,10.020000457763672,10.1899995803833,9.869999885559082,9.899999618530273,7700
2010-08-26,9.686654090881348,9.800000190734863,10.039999961853027,9.800000190734863,10.010000228881836,6500
2010-08-27,10.10179615020752,10.220000267028809,10.729999542236328,10.010000228881836,10.229999542236328,17000
2010-08-30,9.676769256591797,9.789999961853027,10.300000190734863,9.789999961853027,10.1899995803833,17300
2010-08-31,9.913992881774902,10.029999732971191,10.149999618530273,9.789999961853027,9.789999961853027,8600
2010-09-01,9.973299026489258,10.09000015258789,10.260000228881836,9.75,10.109999656677246,33700
2010-09-02,9.795381546020508,9.90999984741211,10.25,9.829999923706055,10.170000076293945,36000
2010-09-03,10.002952575683594,10.119999885559082,10.119999885559082,9.90999984741211,9.979999542236328,9200
2010-09-07,9.696537971496582,9.8100004196167,10.069999694824219,9.8100004196167,10.069999694824219,5000
2010-09-08,9.785496711730957,9.899999618530273,9.920000076293945,9.770000457763672,9.779999732971191,9700
2010-09-09,9.933761596679688,10.050000190734863,10.079999923706055,9.899999618530273,9.90999984741211,16800
2010-09-10,10.002952575683594,10.119999885559082,10.270000457763672,9.899999618530273,10.0,11500
2010-09-13,10.21052360534668,10.329999923706055,10.350000381469727,10.020000457763672,10.170000076293945,17100
2010-09-14,9.923877716064453,10.039999961853027,10.329999923706055,10.039999961853027,10.149999618530273,11300
2010-09-15,9.894225120544434,10.010000228881836,10.119999885559082,9.9399995803833,10.0600004196167,7400
2010-09-16,9.815150260925293,9.930000305175781,10.050000190734863,9.90999984741211,9.970000267028809,7900
2010-09-17,9.904109954833984,10.020000457763672,10.0600004196167,9.930000305175781,10.0600004196167,13300
2010-09-20,10.269830703735352,10.390000343322754,10.399999618530273,9.989999771118164,10.0,10700
2010-09-21,10.052374839782715,10.170000076293945,10.390000343322754,10.15999984741211,10.390000343322754,6200
2010-09-22,9.963415145874023,10.079999923706055,10.220000267028809,10.0,10.220000267028809,7000
2010-09-23,9.904109954833984,10.020000457763672,10.140000343322754,10.010000228881836,10.010000228881836,3300
2010-09-24,10.052374839782715,10.170000076293945,10.170000076293945,10.020000457763672,10.100000381469727,8000
2010-09-27,10.06225872039795,10.180000305175781,10.289999961853027,10.0,10.109999656677246,4100
2010-09-28,10.368672370910645,10.489999771118164,10.5,10.229999542236328,10.229999542236328,18600
2010-09-29,10.50705337524414,10.630000114440918,10.640000343322754,10.119999885559082,10.430000305175781,10800
2010-09-30,10.398326873779297,10.520000457763672,10.619999885559082,10.3100004196167,10.609999656677246,16500
2010-10-01,10.427979469299316,10.550000190734863,10.600000381469727,10.25,10.5600004196167,12200
2010-10-04,10.151217460632324,10.270000457763672,10.520000457763672,10.270000457763672,10.520000457763672,10700
2010-10-05,10.437864303588867,10.5600004196167,10.579999923706055,10.220000267028809,10.420000076293945,17400
2010-10-06,10.31925106048584,10.4399995803833,10.460000038146973,10.119999885559082,10.119999885559082,6100
2010-10-07,10.18087100982666,10.300000190734863,10.5,10.300000190734863,10.4399995803833,3700
2010-10-08,10.348904609680176,10.470000267028809,10.470000267028809,10.25,10.329999923706055,4500
2010-10-11,10.309367179870605,10.430000305175781,10.449999809265137,10.229999542236328,10.399999618530273,10600
2010-10-12,10.259944915771484,10.380000114440918,10.4399995803833,10.199999809265137,10.199999809265137,3700
2010-10-13,10.161102294921875,10.279999732971191,10.390000343322754,10.180000305175781,10.3100004196167,22000
2010-10-14,10.032605171203613,10.149999618530273,10.270000457763672,10.149999618530273,10.210000038146973,15000
2010-10-15,10.14133358001709,10.260000228881836,10.34000015258789,10.140000343322754,10.3100004196167,14200
2010-10-18,10.27971363067627,10.399999618530273,10.399999618530273,10.239999771118164,10.260000228881836,17000
2010-10-19,10.111680030822754,10.229999542236328,10.279999732971191,10.170000076293945,10.25,8300
2010-10-20,10.200638771057129,10.319999694824219,10.34000015258789,10.119999885559082,10.25,14200
2010-10-21,10.032605171203613,10.149999618530273,10.34000015258789,10.079999923706055,10.319999694824219,14400
2010-10-22,10.10179615020752,10.220000267028809,10.220000267028809,10.130000114440918,10.170000076293945,2300
2010-10-25,10.18087100982666,10.300000190734863,10.34000015258789,10.149999618530273,10.220000267028809,10600
2010-10-26,9.963415145874023,10.079999923706055,10.279999732971191,10.0,10.270000457763672,22500
2010-10-27,9.864570617675781,9.979999542236328,10.100000381469727,9.899999618530273,10.0,20600
2010-10-28,9.844802856445312,9.960000038146973,10.010000228881836,9.949999809265137,10.0,4800
2010-10-29,9.805265426635742,9.920000076293945,9.970000267028809,9.789999961853027,9.899999618530273,15000
2010-11-01,9.676769256591797,9.789999961853027,10.0,9.760000228881836,9.949999809265137,23500
2010-11-02,9.864570617675781,9.979999542236328,10.050000190734863,9.850000381469727,9.850000381469727,15900
2010-11-03,9.864570617675781,9.979999542236328,10.09000015258789,9.800000190734863,9.979999542236328,8300
2010-11-04,9.884340286254883,10.0,10.069999694824219,9.880000114440918,10.069999694824219,14000
2010-11-05,9.904109954833984,10.020000457763672,10.149999618530273,9.979999542236328,10.0,43800
2010-11-08,9.785496711730957,9.899999618530273,10.0,9.65999984741211,9.899999618530273,26700
2010-11-09,9.775612831115723,9.890000343322754,9.970000267028809,9.850000381469727,9.920000076293945,26200
2010-11-10,9.844802856445312,9.960000038146973,10.0,9.880000114440918,9.949999809265137,34600
2010-11-11,9.844802856445312,9.960000038146973,10.0,9.880000114440918,9.880000114440918,21900
2010-11-12,9.577925682067871,9.6899995803833,10.0,9.6899995803833,9.920000076293945,17200
2010-11-15,9.854687690734863,9.970000267028809,10.0,9.930000305175781,9.979999542236328,13100
2010-11-16,9.736075401306152,9.850000381469727,9.989999771118164,9.600000381469727,9.6899995803833,35900
2010-11-17,9.726191520690918,9.84000015258789,9.930000305175781,9.680000305175781,9.869999885559082,9800
2010-11-18,9.815150260925293,9.930000305175781,9.970000267028809,9.710000038146973,9.819999694824219,6400
2010-11-19,9.726191520690918,9.84000015258789,9.960000038146973,9.6899995803833,9.960000038146973,9000
2010-11-22,9.736075401306152,9.850000381469727,9.979999542236328,9.770000457763672,9.84000015258789,15300
2010-11-23,9.488966941833496,9.600000381469727,9.829999923706055,9.59000015258789,9.649999618530273,15400
2010-11-24,9.587809562683105,9.699999809265137,9.949999809265137,9.520000457763672,9.84000015258789,32400
2010-11-26,9.765727996826172,9.880000114440918,9.970000267028809,9.529999732971191,9.529999732971191,13600
2010-11-29,9.518620491027832,9.630000114440918,9.850000381469727,9.579999923706055,9.8100004196167,11800
2010-11-30,9.409893035888672,9.520000457763672,9.670000076293945,9.520000457763672,9.600000381469727,19300
2010-12-01,9.39012336730957,9.5,9.760000228881836,9.380000114440918,9.630000114440918,42700
2010-12-02,9.439544677734375,9.550000190734863,9.75,9.3100004196167,9.520000457763672,13100
2010-12-03,9.696537971496582,9.8100004196167,9.8100004196167,9.550000190734863,9.550000190734863,24000
2010-12-06,9.577925682067871,9.6899995803833,9.779999732971191,9.470000267028809,9.720000267028809,11500
2010-12-07,9.469198226928711,9.579999923706055,9.75,9.420000076293945,9.75,40400
2010-12-08,9.587809562683105,9.699999809265137,9.729999542236328,9.479999542236328,9.569999694824219,17500
2010-12-09,9.587809562683105,9.699999809265137,9.699999809265137,9.670000076293945,9.699999809265137,6200
2010-12-10,9.745959281921387,9.859999656677246,9.869999885559082,9.59000015258789,9.699999809265137,14300
2010-12-13,9.696537971496582,9.8100004196167,9.859999656677246,9.789999961853027,9.859999656677246,15400
2010-12-14,9.657000541687012,9.770000457763672,9.899999618530273,9.710000038146973,9.859999656677246,32800
2010-12-15,9.686654090881348,9.800000190734863,9.829999923706055,9.75,9.75,14500
2010-12-16,9.71630573272705,9.829999923706055,9.829999923706055,9.779999732971191,9.800000190734863,9800
2010-12-17,9.409893035888672,9.520000457763672,9.84000015258789,9.5,9.699999809265137,27500
2010-12-20,9.528504371643066,9.640000343322754,9.699999809265137,9.529999732971191,9.59000015258789,7800
2010-12-21,9.657000541687012,9.770000457763672,9.800000190734863,9.680000305175781,9.699999809265137,23900
2010-12-22,9.617463111877441,9.729999542236328,9.850000381469727,9.720000267028809,9.779999732971191,6100
2010-12-23,9.587809562683105,9.699999809265137,9.84000015258789,9.619999885559082,9.630000114440918,50400
2010-12-27,9.577925682067871,9.6899995803833,9.729999542236328,9.479999542236328,9.609999656677246,23100
2010-12-28,9.5383882522583,9.649999618530273,9.739999771118164,9.630000114440918,9.6899995803833,11200
2010-12-29,9.577925682067871,9.6899995803833,9.75,9.640000343322754,9.729999542236328,8000
2010-12-30,9.528504371643066,9.640000343322754,9.739999771118164,9.619999885559082,9.630000114440918,18800
2010-12-31,9.439544677734375,9.550000190734863,9.720000267028809,9.550000190734863,9.619999885559082,8700
2011-01-03,9.498849868774414,9.609999656677246,9.720000267028809,9.539999961853027,9.640000343322754,9600
2011-01-04,9.409893035888672,9.520000457763672,9.649999618530273,9.520000457763672,9.649999618530273,5600
2011-01-05,9.528504371643066,9.640000343322754,9.640000343322754,9.520000457763672,9.539999961853027,8900
2011-01-06,9.577925682067871,9.6899995803833,9.720000267028809,9.600000381469727,9.630000114440918,5600
2011-01-07,9.24185848236084,9.350000381469727,9.670000076293945,9.329999923706055,9.670000076293945,14900
2011-01-10,9.291279792785645,9.399999618530273,9.399999618530273,9.300000190734863,9.390000343322754,10400
2011-01-11,9.5383882522583,9.649999618530273,9.670000076293945,9.40999984741211,9.600000381469727,6400
2011-01-12,9.20232105255127,9.3100004196167,9.619999885559082,9.3100004196167,9.619999885559082,10900
2011-01-13,9.330816268920898,9.4399995803833,9.640000343322754,9.34000015258789,9.350000381469727,24300
2011-01-14,9.291279792785645,9.399999618530273,9.529999732971191,9.319999694824219,9.489999771118164,12700
2011-01-18,9.083708763122559,9.1899995803833,9.319999694824219,9.140000343322754,9.300000190734863,14800
2011-01-19,8.638914108276367,8.739999771118164,9.199999809265137,8.710000038146973,9.109999656677246,27100
2011-01-20,8.747641563415527,8.850000381469727,8.899999618530273,8.600000381469727,8.760000228881836,32600
2011-01-21,8.816831588745117,8.920000076293945,9.020000457763672,8.84000015258789,8.84000015258789,22000
2011-01-24,9.20232105255127,9.3100004196167,9.470000267028809,9.0,9.0,17800
2011-01-25,9.192437171936035,9.300000190734863,9.34000015258789,9.09000015258789,9.279999732971191,15900
2011-01-26,9.291279792785645,9.399999618530273,9.399999618530273,9.260000228881836,9.289999961853027,16400
2011-01-27,9.31104850769043,9.420000076293945,9.470000267028809,9.300000190734863,9.40999984741211,6400
2011-01-28,8.984865188598633,9.09000015258789,9.449999809265137,9.050000190734863,9.449999809265137,15400
2011-01-31,9.083708763122559,9.1899995803833,9.279999732971191,9.029999732971191,9.140000343322754,7800
2011-02-01,9.212204933166504,9.319999694824219,9.34000015258789,9.15999984741211,9.210000038146973,7100
2011-02-02,8.925559043884277,9.029999732971191,9.369999885559082,9.029999732971191,9.220000267028809,13300
2011-02-03,8.876136779785156,8.979999542236328,9.149999618530273,8.819999694824219,9.079999923706055,16200
2011-02-04,8.91567611694336,9.020000457763672,9.020000457763672,8.850000381469727,8.899999618530273,11000
2011-02-07,8.905790328979492,9.010000228881836,9.050000190734863,8.930000305175781,8.989999771118164,6100
2011-02-08,9.113361358642578,9.220000267028809,9.220000267028809,8.90999984741211,9.0,15000
2011-02-09,8.925559043884277,9.029999732971191,9.350000381469727,8.949999809265137,9.15999984741211,3900
2011-02-10,9.093592643737793,9.199999809265137,9.239999771118164,9.0,9.029999732971191,14400
2011-02-11,9.31104850769043,9.420000076293945,9.420000076293945,9.140000343322754,9.15999984741211,11500
2011-02-14,9.291279792785645,9.399999618530273,9.449999809265137,9.270000457763672,9.4399995803833,17100
2011-02-15,9.27151107788086,9.380000114440918,9.449999809265137,9.350000381469727,9.449999809265137,11900
2011-02-16,9.32093334197998,9.430000305175781,9.4399995803833,9.279999732971191,9.3100004196167,12000
2011-02-17,9.32093334197998,9.430000305175781,9.4399995803833,9.270000457763672,9.4399995803833,6500
2011-02-18,9.231973648071289,9.34000015258789,9.449999809265137,9.210000038146973,9.449999809265137,11900
2011-02-22,9.093592643737793,9.199999809265137,9.329999923706055,9.199999809265137,9.239999771118164,14400
2011-02-23,8.965096473693848,9.069999694824219,9.279999732971191,9.050000190734863,9.149999618530273,12600
2011-02-24,9.192437171936035,9.300000190734863,9.350000381469727,9.130000114440918,9.130000114440918,7100
2011-02-25,9.222088813781738,9.329999923706055,9.399999618530273,9.1899995803833,9.239999771118164,11200
2011-02-28,9.093592643737793,9.199999809265137,9.4399995803833,9.09000015258789,9.4399995803833,13300
2011-03-01,8.797061920166016,8.899999618530273,9.210000038146973,8.890000343322754,9.199999809265137,11600
2011-03-02,8.925559043884277,9.029999732971191,9.140000343322754,8.920000076293945,8.949999809265137,11600
2011-03-03,8.886021614074707,8.989999771118164,9.020000457763672,8.899999618530273,9.0,9800
2011-03-04,8.747641563415527,8.850000381469727,8.989999771118164,8.819999694824219,8.979999542236328,15800
2011-03-07,8.4609956741333,8.5600004196167,8.899999618530273,8.5600004196167,8.859999656677246,11700
2011-03-08,8.895906448364258,9.0,9.0,8.420000076293945,8.600000381469727,23400
2011-03-09,8.876136779785156,8.979999542236328,9.050000190734863,8.930000305175781,9.020000457763672,14600
2011-03-10,8.757525444030762,8.859999656677246,8.979999542236328,8.8100004196167,8.880000114440918,9600
2011-03-11,8.609260559082031,8.710000038146973,8.970000267028809,8.6899995803833,8.970000267028809,8800
2011-03-14,8.4609956741333,8.5600004196167,8.6899995803833,8.550000190734863,8.609999656677246,11900
2011-03-15,8.253423690795898,8.350000381469727,8.5600004196167,8.289999961853027,8.399999618530273,22000
2011-03-16,8.154581069946289,8.25,8.40999984741211,8.25,8.300000190734863,15300
2011-03-17,8.223771095275879,8.319999694824219,8.40999984741211,8.289999961853027,8.350000381469727,8700
2011-03-18,8.342382431030273,8.4399995803833,8.4399995803833,8.3100004196167,8.329999923706055,19100
2011-03-21,8.678450584411621,8.779999732971191,8.84000015258789,8.5,8.5,9900
2011-03-22,8.846484184265137,8.949999809265137,8.989999771118164,8.779999732971191,8.779999732971191,5800
2011-03-23,8.905790328979492,9.010000228881836,9.050000190734863,8.869999885559082,8.920000076293945,11600
2011-03-24,8.747641563415527,8.850000381469727,8.960000038146973,8.789999961853027,8.899999618530273,9000
2011-03-25,9.004632949829102,9.109999656677246,9.25,8.510000228881836,8.510000228881836,24100
2011-03-28,9.488966941833496,9.600000381469727,9.65999984741211,9.100000381469727,9.140000343322754,26600
2011-03-29,9.597694396972656,9.710000038146973,9.75,9.550000190734863,9.550000190734863,17300
2011-03-30,9.637231826782227,9.75,9.75,9.630000114440918,9.75,29100
2011-03-31,10.299482345581055,10.420000076293945,10.479999542236328,9.739999771118164,9.739999771118164,74800
2011-04-01,10.18087100982666,10.300000190734863,10.489999771118164,9.65999984741211,10.489999771118164,33800
2011-04-04,9.805265426635742,9.920000076293945,10.369999885559082,9.760000228881836,10.369999885559082,23400
2011-04-05,9.825033187866211,9.9399995803833,9.970000267028809,9.84000015258789,9.880000114440918,11900
2011-04-06,9.854687690734863,9.970000267028809,10.050000190734863,9.739999771118164,9.979999542236328,16000
2011-04-07,9.765727996826172,9.880000114440918,10.130000114440918,9.819999694824219,9.979999542236328,8700
2011-04-08,9.42966079711914,9.539999961853027,9.869999885559082,9.520000457763672,9.8100004196167,9200
2011-04-11,9.31104850769043,9.420000076293945,9.600000381469727,9.399999618530273,9.520000457763672,8200
2011-04-12,9.31104850769043,9.420000076293945,9.529999732971191,9.40999984741211,9.40999984741211,4400
2011-04-13,9.143014907836914,9.25,9.449999809265137,9.25,9.449999809265137,8400
2011-04-14,9.143014907836914,9.25,9.319999694824219,9.229999542236328,9.229999542236328,11200
2011-04-15,9.439544677734375,9.550000190734863,9.59000015258789,9.220000267028809,9.220000267028809,12900
2011-04-18,9.20232105255127,9.3100004196167,9.470000267028809,9.170000076293945,9.470000267028809,9100
2011-04-19,9.27151107788086,9.380000114440918,9.390000343322754,9.260000228881836,9.3100004196167,5000
2011-04-20,9.666884422302246,9.779999732971191,9.779999732971191,9.119999885559082,9.119999885559082,7800
2011-04-21,9.765727996826172,9.880000114440918,9.890000343322754,9.75,9.859999656677246,4000
2011-04-25,9.518620491027832,9.630000114440918,9.930000305175781,9.420000076293945,9.930000305175781,7100
2011-04-26,9.60757827758789,9.720000267028809,9.770000457763672,9.579999923706055,9.59000015258789,5800
2011-04-27,9.676769256591797,9.789999961853027,9.850000381469727,9.670000076293945,9.75,4600
2011-04-28,9.666884422302246,9.779999732971191,9.850000381469727,9.640000343322754,9.770000457763672,4100
2011-04-29,9.479082107543945,9.59000015258789,9.699999809265137,9.329999923706055,9.699999809265137,17000
2011-05-02,9.143014907836914,9.25,9.600000381469727,9.25,9.600000381469727,10000
2011-05-03,9.113361358642578,9.220000267028809,9.430000305175781,9.149999618530273,9.300000190734863,10000
2011-05-04,9.083708763122559,9.1899995803833,9.329999923706055,9.1899995803833,9.329999923706055,9600
2011-05-05,9.113361358642578,9.220000267028809,9.239999771118164,9.100000381469727,9.220000267028809,8400
2011-05-06,9.034287452697754,9.140000343322754,9.260000228881836,9.029999732971191,9.220000267028809,10000
2011-05-09,9.3505859375,9.460000038146973,9.510000228881836,9.069999694824219,9.149999618530273,15000
2011-05-10,9.765727996826172,9.880000114440918,9.880000114440918,9.399999618530273,9.460000038146973,15100
2011-05-11,9.676769256591797,9.789999961853027,9.869999885559082,9.75,9.819999694824219,10300
2011-05-12,9.775612831115723,9.890000343322754,9.960000038146973,9.319999694824219,9.760000228881836,20200
2011-05-13,9.785496711730957,9.899999618530273,10.3100004196167,9.829999923706055,10.0,44000
2011-05-16,9.261627197265625,9.369999885559082,9.800000190734863,9.210000038146973,9.210000038146973,24000
2011-05-17,9.172667503356934,9.279999732971191,9.520000457763672,9.140000343322754,9.369999885559082,14900
2011-05-18,10.06225872039795,10.180000305175781,10.25,9.350000381469727,9.350000381469727,35100
2011-05-19,10.309367179870605,10.430000305175781,10.4399995803833,10.149999618530273,10.210000038146973,27000
2011-05-20,10.072142601013184,10.1899995803833,10.34000015258789,10.140000343322754,10.34000015258789,17000
2011-05-23,9.805265426635742,9.920000076293945,10.039999961853027,9.8100004196167,9.979999542236328,16400
2011-05-24,9.666884422302246,9.779999732971191,9.960000038146973,9.670000076293945,9.920000076293945,19000
2011-05-25,9.834918975830078,9.949999809265137,10.029999732971191,9.890000343322754,10.029999732971191,9300
2011-05-26,10.012837409973145,10.130000114440918,10.149999618530273,9.869999885559082,9.869999885559082,6500
2011-05-27,10.17098617553711,10.289999961853027,10.289999961853027,10.130000114440918,10.149999618530273,4300
2011-05-31,10.32913589477539,10.449999809265137,10.449999809265137,10.279999732971191,10.399999618530273,17900
2011-06-01,10.022721290588379,10.140000343322754,10.359999656677246,10.100000381469727,10.359999656677246,16000
2011-06-02,10.111680030822754,10.229999542236328,10.3100004196167,10.149999618530273,10.210000038146973,6700
2011-06-03,9.993067741394043,10.109999656677246,10.199999809265137,10.050000190734863,10.050000190734863,9100
2011-06-06,9.943647384643555,10.0600004196167,10.119999885559082,10.020000457763672,10.020000457763672,12800
2011-06-07,9.983183860778809,10.100000381469727,10.180000305175781,10.0600004196167,10.100000381469727,12800
2011-06-08,9.993067741394043,10.109999656677246,10.15999984741211,9.850000381469727,10.039999961853027,4800
2011-06-09,10.032605171203613,10.149999618530273,10.199999809265137,9.979999542236328,10.199999809265137,3800
2011-06-10,10.032605171203613,10.149999618530273,10.220000267028809,10.039999961853027,10.1899995803833,7700
2011-06-13,9.973299026489258,10.09000015258789,10.229999542236328,10.0,10.170000076293945,7500
2011-06-14,10.309367179870605,10.430000305175781,10.430000305175781,10.010000228881836,10.220000267028809,14000
2011-06-15,10.091911315917969,10.210000038146973,10.40999984741211,10.180000305175781,10.350000381469727,15200
2011-06-16,10.21052360534668,10.329999923706055,10.359999656677246,9.789999961853027,9.789999961853027,12100
2011-06-17,10.200638771057129,10.319999694824219,10.390000343322754,9.869999885559082,10.390000343322754,19800
2011-06-20,10.14133358001709,10.260000228881836,10.3100004196167,10.09000015258789,10.100000381469727,5100
2011-06-21,10.22040843963623,10.34000015258789,10.380000114440918,9.970000267028809,10.319999694824219,7800
2011-06-22,10.091911315917969,10.210000038146973,10.300000190734863,10.210000038146973,10.239999771118164,3900
2011-06-23,10.259944915771484,10.380000114440918,10.380000114440918,10.109999656677246,10.109999656677246,5200
2011-06-24,10.477400779724121,10.600000381469727,10.600000381469727,10.15999984741211,10.359999656677246,88600
2011-06-27,10.744277000427246,10.869999885559082,10.869999885559082,10.479999542236328,10.579999923706055,23600
2011-06-28,10.872774124145508,11.0,11.010000228881836,10.779999732971191,10.869999885559082,22800
2011-06-29,10.803584098815918,10.930000305175781,10.949999809265137,10.850000381469727,10.930000305175781,4600
2011-06-30,11.050692558288574,11.180000305175781,11.239999771118164,10.829999923706055,10.829999923706055,20000
2011-07-01,11.090229988098145,11.220000267028809,11.220000267028809,11.050000190734863,11.140000343322754,13700
2011-07-05,11.169304847717285,11.300000190734863,11.300000190734863,10.880000114440918,11.199999809265137,25600
2011-07-06,11.238494873046875,11.369999885559082,11.369999885559082,11.149999618530273,11.300000190734863,26100
2011-07-07,11.36699104309082,11.5,11.5,11.350000381469727,11.399999618530273,13700
2011-07-08,11.386760711669922,11.520000457763672,11.550000190734863,11.300000190734863,11.369999885559082,7000
2011-07-11,11.406529426574707,11.539999961853027,11.579999923706055,11.4399995803833,11.529999732971191,24200
2011-07-12,11.535025596618652,11.670000076293945,11.899999618530273,11.260000228881836,11.460000038146973,26700
2011-07-13,10.793699264526367,10.920000076293945,11.720000267028809,10.760000228881836,11.720000267028809,34300
2011-07-14,10.586128234863281,10.710000038146973,11.329999923706055,10.529999732971191,10.970000267028809,42500
2011-07-15,11.001270294189453,11.130000114440918,11.1899995803833,10.75,10.75,15700
2011-07-18,10.93208122253418,11.0600004196167,11.1899995803833,10.649999618530273,11.039999961853027,11200
2011-07-19,11.021039009094238,11.149999618530273,11.149999618530273,10.630000114440918,11.130000114440918,24300
2011-07-20,11.070460319519043,11.199999809265137,11.199999809265137,10.960000038146973,11.149999618530273,4500
2011-07-21,11.021039009094238,11.149999618530273,11.25,10.970000267028809,11.25,11900
2011-07-22,10.714625358581543,10.84000015258789,11.100000381469727,10.819999694824219,11.020000457763672,9800
2011-07-25,10.961732864379883,11.09000015258789,11.229999542236328,10.760000228881836,10.779999732971191,11800
2011-07-26,10.981501579284668,11.109999656677246,11.25,11.020000457763672,11.09000015258789,11300
2011-07-27,10.843121528625488,10.970000267028809,11.180000305175781,10.800000190734863,11.180000305175781,20000
2011-07-28,11.1495361328125,11.279999732971191,11.300000190734863,10.819999694824219,11.020000457763672,16300
2011-07-29,10.97161865234375,11.100000381469727,11.180000305175781,10.90999984741211,11.119999885559082,19400
2011-08-01,10.823352813720703,10.949999809265137,11.289999961853027,10.609999656677246,11.289999961853027,38300
2011-08-02,10.823352813720703,10.949999809265137,11.1899995803833,10.890000343322754,10.890000343322754,17100
2011-08-03,11.100113868713379,11.229999542236328,11.239999771118164,10.699999809265137,11.0,24000
2011-08-04,10.675087928771973,10.800000190734863,11.0600004196167,10.800000190734863,11.0600004196167,12200
2011-08-05,10.744277000427246,10.869999885559082,11.079999923706055,10.5,10.510000228881836,31700
2011-08-08,10.131448745727539,10.25,10.770000457763672,10.25,10.600000381469727,40300
2011-08-09,10.605896949768066,10.729999542236328,10.770000457763672,9.770000457763672,10.260000228881836,79200
2011-08-10,10.032605171203613,10.149999618530273,10.430000305175781,9.800000190734863,10.1899995803833,27000
2011-08-11,10.487284660339355,10.609999656677246,10.850000381469727,10.15999984741211,10.15999984741211,15800
2011-08-12,10.497169494628906,10.619999885559082,10.859999656677246,10.510000228881836,10.75,26500
2011-08-15,10.764047622680664,10.890000343322754,10.890000343322754,10.479999542236328,10.800000190734863,15500
2011-08-16,10.012837409973145,10.130000114440918,10.289999961853027,9.449999809265137,9.5600004196167,51700
2011-08-17,9.973299026489258,10.09000015258789,10.25,10.020000457763672,10.220000267028809,9700
2011-08-18,9.894225120544434,10.010000228881836,10.220000267028809,9.90999984741211,9.920000076293945,21800
2011-08-19,9.913992881774902,10.029999732971191,10.1899995803833,9.920000076293945,9.949999809265137,17400
2011-08-22,9.844802856445312,9.960000038146973,10.050000190734863,9.850000381469727,10.0,11000
2011-08-23,10.27971363067627,10.399999618530273,10.59000015258789,10.0,10.0,7600
2011-08-24,10.358787536621094,10.479999542236328,10.550000190734863,10.279999732971191,10.329999923706055,6000
2011-08-25,10.032605171203613,10.149999618530273,10.4399995803833,10.050000190734863,10.4399995803833,15300
2011-08-26,10.111680030822754,10.229999542236328,10.25,9.989999771118164,10.069999694824219,16100
2011-08-29,10.853004455566406,10.979999542236328,11.0,10.0,10.0,16200
2011-08-30,10.655319213867188,10.779999732971191,10.869999885559082,10.510000228881836,10.869999885559082,5900
2011-08-31,10.368672370910645,10.489999771118164,10.800000190734863,10.390000343322754,10.800000190734863,5100
2011-09-01,10.28959846496582,10.40999984741211,10.8100004196167,10.300000190734863,10.460000038146973,8000
2011-09-02,10.052374839782715,10.170000076293945,10.670000076293945,10.149999618530273,10.270000457763672,11400
2011-09-06,10.17098617553711,10.289999961853027,10.789999961853027,9.8100004196167,9.960000038146973,14800
2011-09-07,10.230292320251465,10.350000381469727,10.600000381469727,10.149999618530273,10.40999984741211,14800
2011-09-08,10.161102294921875,10.279999732971191,10.649999618530273,10.279999732971191,10.5,12300
2011-09-09,9.785496711730957,9.899999618530273,10.229999542236328,9.779999732971191,10.229999542236328,15000
2011-09-12,9.973299026489258,10.09000015258789,10.239999771118164,9.75,9.779999732971191,17800
2011-09-13,10.052374839782715,10.170000076293945,10.199999809265137,10.09000015258789,10.100000381469727,8400
2011-09-14,10.230292320251465,10.350000381469727,10.350000381469727,9.880000114440918,10.229999542236328,7100
2011-09-15,9.983183860778809,10.100000381469727,10.369999885559082,9.90999984741211,10.369999885559082,22300
2011-09-16,10.250060081481934,10.369999885559082,10.369999885559082,10.050000190734863,10.170000076293945,20700
2011-09-19,10.27971363067627,10.399999618530273,10.479999542236328,10.130000114440918,10.130000114440918,5600
2011-09-20,10.190754890441895,10.3100004196167,10.489999771118164,10.079999923706055,10.470000267028809,15500
2011-09-21,9.904109954833984,10.020000457763672,10.199999809265137,10.0,10.100000381469727,7000
2011-09-22,10.121563911437988,10.239999771118164,10.800000190734863,9.800000190734863,9.850000381469727,35700
2011-09-23,10.6157808303833,10.739999771118164,10.949999809265137,10.270000457763672,10.270000457763672,32800
2011-09-26,10.358787536621094,10.479999542236328,10.779999732971191,10.260000228881836,10.779999732971191,19300
2011-09-27,10.586128234863281,10.710000038146973,10.720000267028809,10.369999885559082,10.720000267028809,15700
2011-09-28,10.052374839782715,10.170000076293945,10.75,10.170000076293945,10.609999656677246,12500
2011-09-29,10.477400779724121,10.600000381469727,10.600000381469727,10.199999809265137,10.40999984741211,7600
2011-09-30,10.546591758728027,10.670000076293945,10.850000381469727,10.460000038146973,10.460000038146973,15600
2011-10-03,9.993067741394043,10.109999656677246,10.670000076293945,10.109999656677246,10.579999923706055,17800
2011-10-04,10.497169494628906,10.619999885559082,10.699999809265137,10.100000381469727,10.109999656677246,27700
2011-10-05,10.6157808303833,10.739999771118164,10.739999771118164,10.470000267028809,10.630000114440918,3100
2011-10-06,10.635550498962402,10.760000228881836,10.779999732971191,10.399999618530273,10.430000305175781,5300
2011-10-07,10.487284660339355,10.609999656677246,10.760000228881836,10.5,10.760000228881836,5300
2011-10-10,10.773930549621582,10.899999618530273,10.899999618530273,10.510000228881836,10.729999542236328,11500
2011-10-11,10.764047622680664,10.890000343322754,10.890000343322754,10.649999618530273,10.8100004196167,6100
2011-10-12,10.823352813720703,10.949999809265137,10.949999809265137,10.739999771118164,10.899999618530273,5700
2011-10-13,10.773930549621582,10.899999618530273,10.899999618530273,10.59000015258789,10.59000015258789,4500
2011-10-14,10.872774124145508,11.0,11.0,10.729999542236328,10.920000076293945,9900
2011-10-17,10.645435333251953,10.770000457763672,10.979999542236328,10.760000228881836,10.90999984741211,8100
2011-10-18,10.714625358581543,10.84000015258789,10.930000305175781,10.65999984741211,10.680000305175781,12300
2011-10-19,10.457632064819336,10.579999923706055,10.770000457763672,10.5,10.770000457763672,8800
2011-10-20,10.299482345581055,10.420000076293945,10.5,10.1899995803833,10.5,14800
2011-10-21,10.843121528625488,10.970000267028809,10.970000267028809,10.359999656677246,10.579999923706055,10600
2011-10-24,10.734393119812012,10.859999656677246,11.039999961853027,10.640000343322754,10.979999542236328,19800
2011-10-25,10.339019775390625,10.460000038146973,10.739999771118164,10.460000038146973,10.739999771118164,5000
2011-10-26,10.46751594543457,10.59000015258789,10.65999984741211,10.399999618530273,10.65999984741211,8900
2011-10-27,11.109997749328613,11.239999771118164,11.239999771118164,10.710000038146973,10.90999984741211,28000
2011-10-28,10.754162788391113,10.880000114440918,11.199999809265137,10.760000228881836,11.199999809265137,12600
2011-10-31,10.418094635009766,10.539999961853027,11.0,10.539999961853027,11.0,7400
2011-11-01,10.082026481628418,10.199999809265137,10.479999542236328,10.109999656677246,10.210000038146973,14500
2011-11-02,10.06225872039795,10.180000305175781,10.359999656677246,10.020000457763672,10.359999656677246,7700
2011-11-03,10.388442039489746,10.510000228881836,10.520000457763672,10.130000114440918,10.130000114440918,7500
2011-11-04,10.230292320251465,10.350000381469727,10.470000267028809,10.220000267028809,10.470000267028809,17600
2011-11-07,10.082026481628418,10.199999809265137,10.289999961853027,10.029999732971191,10.289999961853027,2900
2011-11-08,10.121563911437988,10.239999771118164,10.460000038146973,10.020000457763672,10.460000038146973,14800
2011-11-09,9.548272132873535,9.65999984741211,10.100000381469727,9.579999923706055,10.020000457763672,11600
2011-11-10,10.012837409973145,10.130000114440918,10.130000114440918,9.600000381469727,9.8100004196167,11300
2011-11-11,10.14133358001709,10.260000228881836,10.279999732971191,10.029999732971191,10.140000343322754,6400
2011-11-14,9.904109954833984,10.020000457763672,10.319999694824219,9.600000381469727,10.149999618530273,10800
2011-11-15,9.864570617675781,9.979999542236328,10.09000015258789,9.699999809265137,9.960000038146973,13600
2011-11-16,9.38023853302002,9.489999771118164,9.899999618530273,9.489999771118164,9.899999618530273,8800
2011-11-17,9.113361358642578,9.220000267028809,9.619999885559082,9.0,9.539999961853027,21400
2011-11-18,9.152899742126465,9.260000228881836,9.300000190734863,9.100000381469727,9.15999984741211,22000
2011-11-21,8.994750022888184,9.100000381469727,9.279999732971191,9.020000457763672,9.100000381469727,16200
2011-11-22,9.291279792785645,9.399999618530273,9.609999656677246,9.020000457763672,9.050000190734863,39200
2011-11-23,9.014517784118652,9.119999885559082,9.34000015258789,9.0,9.300000190734863,14700
2011-11-25,8.698220252990723,8.800000190734863,9.079999923706055,8.800000190734863,9.010000228881836,4600
2011-11-28,9.13313102722168,9.239999771118164,9.40999984741211,8.84000015258789,9.0,13500
2011-11-29,9.054055213928223,9.15999984741211,9.420000076293945,9.15999984741211,9.350000381469727,4400
2011-11-30,10.190754890441895,10.3100004196167,10.319999694824219,9.260000228881836,9.449999809265137,20000
2011-12-01,9.558156967163086,9.670000076293945,10.180000305175781,9.569999694824219,10.180000305175781,14500
2011-12-02,9.775612831115723,9.890000343322754,9.9399995803833,9.779999732971191,9.850000381469727,3600
2011-12-05,9.775612831115723,9.890000343322754,9.890000343322754,9.520000457763672,9.619999885559082,11400
2011-12-06,9.913992881774902,10.029999732971191,10.100000381469727,9.609999656677246,9.800000190734863,6100
2011-12-07,9.755843162536621,9.869999885559082,10.0600004196167,9.6899995803833,9.880000114440918,6500
2011-12-08,9.34070110321045,9.449999809265137,9.850000381469727,9.420000076293945,9.770000457763672,7400
2011-12-09,9.577925682067871,9.6899995803833,9.710000038146973,9.510000228881836,9.510000228881836,11000
2011-12-12,9.42966079711914,9.539999961853027,9.630000114440918,9.5,9.59000015258789,4300
2011-12-13,9.02440357208252,9.130000114440918,9.550000190734863,9.119999885559082,9.5,4800
2011-12-14,9.073824882507324,9.180000305175781,9.470000267028809,9.100000381469727,9.100000381469727,18000
2011-12-15,9.31104850769043,9.420000076293945,9.5,9.300000190734863,9.5,7800
2011-12-16,9.42966079711914,9.539999961853027,9.550000190734863,9.369999885559082,9.550000190734863,14900
2011-12-19,9.60757827758789,9.720000267028809,9.84000015258789,9.619999885559082,9.619999885559082,6100
2011-12-20,9.726191520690918,9.84000015258789,9.890000343322754,9.670000076293945,9.859999656677246,9700
2011-12-21,9.676769256591797,9.789999961853027,9.949999809265137,9.710000038146973,9.789999961853027,2200
2011-12-22,9.479082107543945,9.59000015258789,9.890000343322754,9.5,9.880000114440918,11700
2011-12-23,9.686654090881348,9.800000190734863,9.800000190734863,9.529999732971191,9.579999923706055,4600
2011-12-27,9.587809562683105,9.699999809265137,9.890000343322754,9.600000381469727,9.710000038146973,5100
2011-12-28,9.31104850769043,9.420000076293945,9.710000038146973,9.380000114440918,9.609999656677246,11400
2011-12-29,9.597694396972656,9.710000038146973,9.8100004196167,9.390000343322754,9.390000343322754,15800
2011-12-30,9.528504371643066,9.640000343322754,9.739999771118164,9.550000190734863,9.550000190734863,12000
2012-01-03,9.439544677734375,9.550000190734863,9.90999984741211,9.520000457763672,9.90999984741211,7200
2012-01-04,9.370353698730469,9.479999542236328,9.539999961853027,9.479999542236328,9.5,1900
2012-01-05,9.291279792785645,9.399999618530273,9.829999923706055,9.34000015258789,9.399999618530273,16800
2012-01-06,9.301164627075195,9.40999984741211,9.59000015258789,9.369999885559082,9.369999885559082,9600
2012-01-09,9.261627197265625,9.369999885559082,9.470000267028809,9.3100004196167,9.40999984741211,9600
2012-01-10,9.36047077178955,9.470000267028809,9.520000457763672,9.369999885559082,9.430000305175781,5500
2012-01-11,9.36047077178955,9.470000267028809,9.539999961853027,9.329999923706055,9.5,5800
2012-01-12,9.34070110321045,9.449999809265137,9.579999923706055,9.359999656677246,9.579999923706055,4900
2012-01-13,9.261627197265625,9.369999885559082,9.539999961853027,9.329999923706055,9.329999923706055,3900
2012-01-17,9.212204933166504,9.319999694824219,9.430000305175781,9.199999809265137,9.430000305175781,8300
2012-01-18,9.222088813781738,9.329999923706055,9.329999923706055,9.199999809265137,9.260000228881836,7000
2012-01-19,9.172667503356934,9.279999732971191,9.479999542236328,9.199999809265137,9.34000015258789,10200
2012-01-20,9.212204933166504,9.319999694824219,9.380000114440918,9.220000267028809,9.3100004196167,4600
2012-01-23,9.093592643737793,9.199999809265137,9.329999923706055,9.109999656677246,9.329999923706055,7200
2012-01-24,9.222088813781738,9.329999923706055,9.329999923706055,9.199999809265137,9.260000228881836,4600
2012-01-25,9.27151107788086,9.380000114440918,9.380000114440918,9.300000190734863,9.34000015258789,2500
2012-01-26,9.24185848236084,9.350000381469727,9.380000114440918,9.300000190734863,9.369999885559082,4400
2012-01-27,9.222088813781738,9.329999923706055,9.329999923706055,9.180000305175781,9.289999961853027,3600
2012-01-30,9.231973648071289,9.34000015258789,9.4399995803833,9.25,9.34000015258789,8000
2012-01-31,9.20232105255127,9.3100004196167,9.359999656677246,9.199999809265137,9.25,4100
2012-02-01,9.034287452697754,9.140000343322754,9.3100004196167,9.100000381469727,9.3100004196167,16300
2012-02-02,9.172667503356934,9.279999732971191,9.3100004196167,9.109999656677246,9.109999656677246,83300
2012-02-03,9.479082107543945,9.59000015258789,9.600000381469727,9.1899995803833,9.300000190734863,21100
2012-02-06,9.42966079711914,9.539999961853027,9.579999923706055,9.380000114440918,9.5,8600
2012-02-07,9.291279792785645,9.399999618530273,9.520000457763672,9.329999923706055,9.520000457763672,9200
2012-02-08,9.36047077178955,9.470000267028809,9.489999771118164,9.40999984741211,9.40999984741211,3900
2012-02-09,9.488966941833496,9.600000381469727,9.649999618530273,9.399999618530273,9.539999961853027,9900
2012-02-10,9.31104850769043,9.420000076293945,9.550000190734863,9.329999923706055,9.550000190734863,8100
2012-02-13,9.439544677734375,9.550000190734863,9.550000190734863,9.460000038146973,9.470000267028809,3200
2012-02-14,9.34070110321045,9.449999809265137,9.5,9.329999923706055,9.470000267028809,4900
2012-02-15,9.044171333312988,9.149999618530273,9.329999923706055,9.149999618530273,9.3100004196167,2600
2012-02-16,9.251742362976074,9.359999656677246,9.380000114440918,9.119999885559082,9.119999885559082,9100
2012-02-17,9.409893035888672,9.520000457763672,9.5600004196167,9.300000190734863,9.369999885559082,12700
2012-02-21,9.38023853302002,9.489999771118164,9.520000457763672,9.300000190734863,9.489999771118164,6900
2012-02-22,9.13313102722168,9.239999771118164,9.550000190734863,9.229999542236328,9.479999542236328,5400
2012-02-23,9.39012336730957,9.5,9.5,9.140000343322754,9.260000228881836,5800
2012-02-24,9.172667503356934,9.279999732971191,9.479999542236328,9.270000457763672,9.380000114440918,5100
2012-02-27,9.400008201599121,9.510000228881836,9.539999961853027,9.369999885559082,9.369999885559082,4200
2012-02-28,9.113361358642578,9.220000267028809,9.5,9.170000076293945,9.460000038146973,10000
2012-02-29,8.994750022888184,9.100000381469727,9.300000190734863,9.0600004196167,9.260000228881836,8800
2012-03-01,8.994750022888184,9.100000381469727,9.260000228881836,9.069999694824219,9.260000228881836,6400
2012-03-02,8.876136779785156,8.979999542236328,9.149999618530273,8.90999984741211,9.140000343322754,15800
2012-03-05,8.994750022888184,9.100000381469727,9.100000381469727,8.899999618530273,8.979999542236328,5300
2012-03-06,8.846484184265137,8.949999809265137,9.0600004196167,8.949999809265137,9.0600004196167,11700
2012-03-07,9.014517784118652,9.119999885559082,9.119999885559082,8.949999809265137,9.029999732971191,6200
2012-03-08,9.103477478027344,9.210000038146973,9.25,9.029999732971191,9.119999885559082,4900
2012-03-09,9.103477478027344,9.210000038146973,9.25,9.119999885559082,9.15999984741211,5200
2012-03-12,9.073824882507324,9.180000305175781,9.229999542236328,9.170000076293945,9.170000076293945,2900
2012-03-13,8.965096473693848,9.069999694824219,9.239999771118164,8.8100004196167,9.239999771118164,23600
2012-03-14,8.895906448364258,9.0,9.079999923706055,8.859999656677246,9.020000457763672,4500
2012-03-15,8.984865188598633,9.09000015258789,9.109999656677246,8.949999809265137,8.949999809265137,8100
2012-03-16,8.935443878173828,9.039999961853027,9.149999618530273,9.029999732971191,9.100000381469727,10300
2012-03-19,8.955212593078613,9.0600004196167,9.119999885559082,9.0600004196167,9.09000015258789,3400
2012-03-20,8.925559043884277,9.029999732971191,9.109999656677246,9.010000228881836,9.109999656677246,3200
2012-03-21,8.965096473693848,9.069999694824219,9.140000343322754,9.0600004196167,9.0600004196167,1300
2012-03-22,8.974981307983398,9.079999923706055,9.170000076293945,8.920000076293945,9.020000457763672,10000
2012-03-23,9.20232105255127,9.3100004196167,9.380000114440918,9.039999961853027,9.079999923706055,6400
2012-03-26,9.301164627075195,9.40999984741211,9.449999809265137,9.260000228881836,9.380000114440918,5500
2012-03-27,9.231973648071289,9.34000015258789,9.460000038146973,9.239999771118164,9.359999656677246,7800
2012-03-28,9.330816268920898,9.4399995803833,9.489999771118164,9.239999771118164,9.239999771118164,4400
2012-03-29,9.301164627075195,9.40999984741211,9.4399995803833,9.260000228881836,9.350000381469727,4400
2012-03-30,9.143014907836914,9.25,9.460000038146973,9.25,9.460000038146973,7200
2012-04-02,9.083708763122559,9.1899995803833,9.229999542236328,8.949999809265137,9.210000038146973,35100
2012-04-03,8.836599349975586,8.9399995803833,9.289999961853027,8.800000190734863,9.1899995803833,34100
2012-04-04,8.727871894836426,8.829999923706055,8.899999618530273,8.720000267028809,8.789999961853027,16100
2012-04-05,8.727871894836426,8.829999923706055,8.869999885559082,8.729999542236328,8.819999694824219,22100
2012-04-09,8.658682823181152,8.760000228881836,8.890000343322754,8.75,8.779999732971191,10500
2012-04-10,8.391804695129395,8.489999771118164,8.819999694824219,8.489999771118164,8.819999694824219,18200
2012-04-11,8.668566703796387,8.770000457763672,8.819999694824219,8.539999961853027,8.619999885559082,12900
2012-04-12,8.589491844177246,8.6899995803833,8.75,8.649999618530273,8.75,17900
2012-04-13,8.45111083984375,8.550000190734863,8.729999542236328,8.520000457763672,8.680000305175781,10600
2012-04-16,8.510416984558105,8.609999656677246,8.649999618530273,8.579999923706055,8.649999618530273,5300
2012-04-17,8.540070533752441,8.640000343322754,8.699999809265137,8.550000190734863,8.59000015258789,14800
2012-04-18,8.500533103942871,8.600000381469727,8.680000305175781,8.550000190734863,8.550000190734863,11000
2012-04-19,8.431342124938965,8.529999732971191,8.680000305175781,8.529999732971191,8.65999984741211,20500
2012-04-20,8.45111083984375,8.550000190734863,8.6899995803833,8.550000190734863,8.6899995803833,10200
2012-04-23,8.292962074279785,8.390000343322754,8.550000190734863,8.34000015258789,8.5,11700
2012-04-24,8.41157341003418,8.510000228881836,8.539999961853027,8.359999656677246,8.4399995803833,8800
2012-04-25,8.441226959228516,8.539999961853027,8.65999984741211,8.510000228881836,8.65999984741211,11800
2012-04-26,8.441226959228516,8.539999961853027,8.609999656677246,8.529999732971191,8.5600004196167,3700
2012-04-27,8.52030086517334,8.619999885559082,8.630000114440918,8.489999771118164,8.529999732971191,11200
2012-04-30,8.243539810180664,8.34000015258789,8.619999885559082,8.34000015258789,8.619999885559082,11000
2012-05-01,8.204002380371094,8.300000190734863,8.550000190734863,8.300000190734863,8.430000305175781,13000
2012-05-02,8.292962074279785,8.390000343322754,8.449999809265137,8.34000015258789,8.350000381469727,8400
2012-05-03,8.253423690795898,8.350000381469727,8.40999984741211,8.289999961853027,8.289999961853027,5000
2012-05-04,8.134811401367188,8.229999542236328,8.390000343322754,8.029999732971191,8.3100004196167,37700
2012-05-07,8.292962074279785,8.390000343322754,8.6899995803833,8.270000457763672,8.270000457763672,8100
2012-05-08,8.302845001220703,8.399999618530273,8.4399995803833,8.220000267028809,8.270000457763672,5900
2012-05-09,8.391804695129395,8.489999771118164,8.670000076293945,8.329999923706055,8.34000015258789,23000
2012-05-10,8.41157341003418,8.510000228881836,8.600000381469727,8.390000343322754,8.520000457763672,15000
2012-05-11,8.441226959228516,8.539999961853027,8.550000190734863,8.5,8.5,4600
2012-05-14,8.352267265319824,8.449999809265137,8.579999923706055,8.420000076293945,8.520000457763672,16600
2012-05-15,9.291279792785645,9.399999618530273,9.4399995803833,8.449999809265137,8.489999771118164,51000
2012-05-16,10.012837409973145,10.130000114440918,10.25,9.0,9.380000114440918,47900
2012-05-17,9.834918975830078,9.949999809265137,10.199999809265137,9.90999984741211,10.199999809265137,15800
2012-05-18,9.874455451965332,9.989999771118164,10.069999694824219,9.8100004196167,9.8100004196167,14200
2012-05-21,10.002952575683594,10.119999885559082,10.119999885559082,9.899999618530273,10.069999694824219,14500
2012-05-22,9.933761596679688,10.050000190734863,10.149999618530273,9.960000038146973,10.140000343322754,7100
2012-05-23,10.032605171203613,10.149999618530273,10.149999618530273,9.90999984741211,9.9399995803833,7600
2012-05-24,9.963415145874023,10.079999923706055,10.130000114440918,9.949999809265137,10.0600004196167,2300
2012-05-25,9.913647651672363,9.960000038146973,10.069999694824219,9.899999618530273,9.970000267028809,6300
2012-05-29,10.013182640075684,10.0600004196167,10.100000381469727,10.0,10.100000381469727,5000
2012-05-30,9.893739700317383,9.9399995803833,10.09000015258789,9.899999618530273,9.899999618530273,7600
2012-05-31,9.824066162109375,9.869999885559082,9.989999771118164,9.819999694824219,9.989999771118164,12300
2012-06-01,9.724532127380371,9.770000457763672,9.970000267028809,9.609999656677246,9.630000114440918,12700
2012-06-04,9.843973159790039,9.890000343322754,9.90999984741211,9.680000305175781,9.8100004196167,3400
2012-06-05,9.953461647033691,10.0,10.09000015258789,9.899999618530273,9.899999618530273,6300
2012-06-06,10.033088684082031,10.079999923706055,10.09000015258789,9.720000267028809,10.09000015258789,5800
2012-06-07,9.983321189880371,10.029999732971191,10.050000190734863,9.829999923706055,9.989999771118164,5300
2012-06-08,10.0231351852417,10.069999694824219,10.100000381469727,9.770000457763672,9.970000267028809,11100
2012-06-11,9.694670677185059,9.739999771118164,10.170000076293945,9.739999771118164,10.119999885559082,12300
2012-06-12,10.003229141235352,10.050000190734863,10.09000015258789,9.65999984741211,9.880000114440918,8600
2012-06-13,9.744438171386719,9.789999961853027,10.079999923706055,9.720000267028809,10.029999732971191,3800
2012-06-14,10.003229141235352,10.050000190734863,10.050000190734863,9.800000190734863,9.800000190734863,4800
2012-06-15,9.724532127380371,9.770000457763672,10.010000228881836,9.760000228881836,10.010000228881836,22100
2012-06-18,9.286579132080078,9.329999923706055,9.829999923706055,9.319999694824219,9.829999923706055,20700
2012-06-19,9.356253623962402,9.399999618530273,9.729999542236328,9.329999923706055,9.4399995803833,22600
2012-06-20,9.515509605407715,9.5600004196167,9.75,9.5,9.5,20700
2012-06-21,9.545369148254395,9.59000015258789,9.75,9.470000267028809,9.59000015258789,8800
2012-06-22,10.192343711853027,10.239999771118164,10.25,9.489999771118164,9.720000267028809,65300
2012-06-25,10.003229141235352,10.050000190734863,10.5,9.630000114440918,9.979999542236328,8700
2012-06-26,10.043042182922363,10.09000015258789,10.149999618530273,9.789999961853027,10.050000190734863,19300
2012-06-27,10.331692695617676,10.380000114440918,10.390000343322754,10.0,10.0,7500
2012-06-28,10.202298164367676,10.25,10.329999923706055,9.949999809265137,10.100000381469727,4700
2012-06-29,10.321739196777344,10.369999885559082,10.399999618530273,10.149999618530273,10.399999618530273,6800
2012-07-02,10.35159969329834,10.399999618530273,10.399999618530273,10.050000190734863,10.300000190734863,10600
2012-07-03,10.152530670166016,10.199999809265137,10.350000381469727,10.1899995803833,10.350000381469727,4300
2012-07-05,10.371506690979004,10.420000076293945,10.420000076293945,10.010000228881836,10.1899995803833,26000
2012-07-06,10.918947219848633,10.970000267028809,10.989999771118164,10.25,10.5,24700
2012-07-09,10.879133224487305,10.930000305175781,11.100000381469727,10.520000457763672,11.0,11600
2012-07-10,10.690016746520996,10.739999771118164,10.930000305175781,10.59000015258789,10.59000015258789,3100
2012-07-11,10.690016746520996,10.739999771118164,10.90999984741211,10.59000015258789,10.770000457763672,7900
2012-07-12,10.699971199035645,10.75,10.899999618530273,10.59000015258789,10.75,39000
2012-07-13,10.690016746520996,10.739999771118164,10.739999771118164,10.569999694824219,10.720000267028809,8900
2012-07-16,10.53076171875,10.579999923706055,10.789999961853027,10.579999923706055,10.789999961853027,1800
2012-07-17,10.680063247680664,10.729999542236328,10.739999771118164,10.5,10.5600004196167,1900
2012-07-18,10.660157203674316,10.710000038146973,10.880000114440918,10.539999961853027,10.770000457763672,18500
2012-07-19,10.490947723388672,10.539999961853027,10.739999771118164,10.460000038146973,10.710000038146973,8300
2012-07-20,10.590482711791992,10.640000343322754,10.670000076293945,10.350000381469727,10.489999771118164,15400
2012-07-23,10.45113468170166,10.5,10.720000267028809,10.329999923706055,10.479999542236328,7400
2012-07-24,10.45113468170166,10.5,10.739999771118164,10.300000190734863,10.739999771118164,14500
2012-07-25,10.48099422454834,10.529999732971191,10.729999542236328,10.5,10.5,6700
2012-07-26,10.48099422454834,10.529999732971191,10.649999618530273,10.319999694824219,10.59000015258789,5400
2012-07-27,10.690016746520996,10.739999771118164,10.75,10.279999732971191,10.5,7200
2012-07-30,10.58052921295166,10.630000114440918,10.760000228881836,10.489999771118164,10.760000228881836,5100
2012-07-31,10.510855674743652,10.5600004196167,10.670000076293945,10.489999771118164,10.670000076293945,3600
2012-08-01,10.43122673034668,10.479999542236328,10.640000343322754,10.420000076293945,10.5600004196167,9300
2012-08-02,10.48099422454834,10.529999732971191,10.640000343322754,10.479999542236328,10.5,10200
2012-08-03,10.660157203674316,10.710000038146973,10.739999771118164,10.489999771118164,10.600000381469727,4900
2012-08-06,10.50090217590332,10.550000190734863,10.65999984741211,10.479999542236328,10.649999618530273,5500
2012-08-07,10.520808219909668,10.569999694824219,10.649999618530273,10.479999542236328,10.649999618530273,7700
2012-08-08,10.152530670166016,10.199999809265137,10.600000381469727,10.020000457763672,10.520000457763672,14100
2012-08-09,10.132623672485352,10.180000305175781,10.4399995803833,10.170000076293945,10.170000076293945,1700
2012-08-10,9.445834159851074,9.489999771118164,10.199999809265137,9.489999771118164,10.020000457763672,10300
2012-08-13,9.535415649414062,9.579999923706055,9.890000343322754,9.579999923706055,9.649999618530273,13500
2012-08-14,9.087510108947754,9.130000114440918,9.850000381469727,9.130000114440918,9.550000190734863,26100
2012-08-15,9.644903182983398,9.6899995803833,10.119999885559082,9.579999923706055,10.029999732971191,26200
2012-08-16,9.794205665588379,9.84000015258789,9.979999542236328,9.569999694824219,9.720000267028809,9600
2012-08-17,9.634950637817383,9.680000305175781,9.859999656677246,9.5600004196167,9.75,18200
2012-08-20,9.704625129699707,9.75,9.890000343322754,9.680000305175781,9.680000305175781,5500
2012-08-21,9.62499713897705,9.670000076293945,9.899999618530273,9.670000076293945,9.760000228881836,11700
2012-08-22,9.664811134338379,9.710000038146973,9.789999961853027,9.5600004196167,9.5600004196167,6100
2012-08-23,9.485648155212402,9.529999732971191,9.710000038146973,9.520000457763672,9.630000114440918,3300
2012-08-24,9.664811134338379,9.710000038146973,9.729999542236328,9.289999961853027,9.479999542236328,8900
2012-08-27,9.734484672546387,9.779999732971191,10.199999809265137,9.399999618530273,9.670000076293945,9700
2012-08-28,9.734484672546387,9.779999732971191,9.800000190734863,9.609999656677246,9.789999961853027,5800
2012-08-29,9.595136642456055,9.640000343322754,10.100000381469727,9.520000457763672,9.819999694824219,37600
2012-08-30,9.415974617004395,9.460000038146973,9.579999923706055,9.359999656677246,9.579999923706055,12400
2012-08-31,9.505556106567383,9.550000190734863,9.739999771118164,9.260000228881836,9.380000114440918,12800
2012-09-04,9.455788612365723,9.5,9.640000343322754,9.390000343322754,9.470000267028809,9500
2012-09-05,9.455788612365723,9.5,9.890000343322754,9.479999542236328,9.479999542236328,5800
2012-09-06,9.406021118164062,9.449999809265137,9.640000343322754,9.350000381469727,9.5600004196167,10200
2012-09-07,9.366207122802734,9.40999984741211,9.529999732971191,9.3100004196167,9.529999732971191,6800
2012-09-10,9.445834159851074,9.489999771118164,9.5,9.40999984741211,9.40999984741211,5500
2012-09-11,9.236811637878418,9.279999732971191,9.5,9.260000228881836,9.34000015258789,19400
2012-09-12,9.34630012512207,9.390000343322754,9.399999618530273,9.25,9.25,4700
2012-09-13,9.415974617004395,9.460000038146973,9.539999961853027,9.100000381469727,9.300000190734863,23800
2012-09-14,9.57522964477539,9.619999885559082,9.640000343322754,9.380000114440918,9.380000114440918,21000
2012-09-17,9.62499713897705,9.670000076293945,9.75,9.470000267028809,9.699999809265137,45500
2012-09-18,9.475695610046387,9.520000457763672,9.6899995803833,9.470000267028809,9.609999656677246,9000
2012-09-19,9.495601654052734,9.539999961853027,9.600000381469727,9.40999984741211,9.520000457763672,13600
2012-09-20,9.465742111206055,9.510000228881836,9.600000381469727,9.220000267028809,9.220000267028809,4800
2012-09-21,9.24676513671875,9.289999961853027,9.550000190734863,9.270000457763672,9.550000190734863,22100
2012-09-24,9.515509605407715,9.5600004196167,9.600000381469727,9.329999923706055,9.329999923706055,12500
2012-09-25,9.396066665649414,9.4399995803833,9.569999694824219,9.40999984741211,9.479999542236328,9700
2012-09-26,9.366207122802734,9.40999984741211,9.5,9.260000228881836,9.399999618530273,12600
2012-09-27,9.445834159851074,9.489999771118164,9.520000457763672,9.350000381469727,9.449999809265137,8000
2012-09-28,9.455788612365723,9.5,9.5,9.380000114440918,9.430000305175781,4300
2012-10-01,9.455788612365723,9.5,9.5,9.380000114440918,9.4399995803833,5000
2012-10-02,9.435880661010742,9.479999542236328,9.5,9.350000381469727,9.5,8300
2012-10-03,9.435880661010742,9.479999542236328,9.5,9.369999885559082,9.5,3400
2012-10-04,9.356253623962402,9.399999618530273,9.5,9.149999618530273,9.40999984741211,10800
2012-10-05,9.19699764251709,9.239999771118164,9.5,9.199999809265137,9.359999656677246,4100
2012-10-08,9.26667308807373,9.3100004196167,9.5,9.199999809265137,9.199999809265137,2800
2012-10-09,9.206952095031738,9.25,9.430000305175781,9.25,9.350000381469727,2000
2012-10-10,9.286579132080078,9.329999923706055,9.34000015258789,9.300000190734863,9.34000015258789,4600
2012-10-11,9.415974617004395,9.460000038146973,9.479999542236328,9.329999923706055,9.329999923706055,2700
2012-10-12,9.316439628601074,9.359999656677246,9.5,9.300000190734863,9.359999656677246,7200
2012-10-15,9.326393127441406,9.369999885559082,9.40999984741211,9.300000190734863,9.40999984741211,3900
2012-10-16,9.336346626281738,9.380000114440918,9.380000114440918,9.199999809265137,9.25,9500
2012-10-17,9.366207122802734,9.40999984741211,9.449999809265137,9.350000381469727,9.350000381469727,5000
2012-10-18,9.276625633239746,9.319999694824219,9.319999694824219,9.300000190734863,9.3100004196167,2200
2012-10-19,9.21690559387207,9.260000228881836,9.390000343322754,9.25,9.25,4700
2012-10-22,9.236811637878418,9.279999732971191,9.34000015258789,9.220000267028809,9.220000267028809,3000
2012-10-23,9.19699764251709,9.239999771118164,9.279999732971191,9.210000038146973,9.279999732971191,1800
2012-10-24,9.24676513671875,9.289999961853027,9.390000343322754,9.239999771118164,9.239999771118164,2800
2012-10-25,9.24676513671875,9.289999961853027,9.390000343322754,9.289999961853027,9.3100004196167,1300
2012-10-26,9.177091598510742,9.220000267028809,9.319999694824219,9.220000267028809,9.319999694824219,3800
2012-10-31,9.316439628601074,9.359999656677246,9.880000114440918,9.100000381469727,9.1899995803833,14000
2012-11-01,9.376160621643066,9.420000076293945,9.640000343322754,9.220000267028809,9.34000015258789,70100
2012-11-02,9.177091598510742,9.220000267028809,9.40999984741211,9.100000381469727,9.40999984741211,7000
2012-11-05,8.729186058044434,8.770000457763672,9.25,8.649999618530273,9.220000267028809,17100
2012-11-06,8.908348083496094,8.949999809265137,8.960000038146973,8.699999809265137,8.699999809265137,2000
2012-11-07,8.530116081237793,8.569999694824219,8.90999984741211,8.529999732971191,8.75,18800
2012-11-08,8.131978034973145,8.170000076293945,8.789999961853027,7.900000095367432,8.59000015258789,41400
2012-11-09,8.251419067382812,8.289999961853027,8.289999961853027,8.0,8.0,18400
2012-11-12,8.19169807434082,8.229999542236328,8.289999961853027,8.170000076293945,8.220000267028809,3500
2012-11-13,8.181745529174805,8.220000267028809,8.229999542236328,8.050000190734863,8.229999542236328,11000
2012-11-14,8.460442543029785,8.5,8.770000457763672,8.069999694824219,8.260000228881836,14900
2012-11-15,8.65951156616211,8.699999809265137,9.079999923706055,8.369999885559082,8.5,9300
2012-11-16,8.131978034973145,8.170000076293945,8.869999885559082,8.100000381469727,8.680000305175781,27500
2012-11-19,8.2116060256958,8.25,8.949999809265137,8.109999656677246,8.210000038146973,20700
2012-11-20,8.19169807434082,8.229999542236328,8.25,8.15999984741211,8.170000076293945,3800
2012-11-21,8.16183853149414,8.199999809265137,8.300000190734863,8.15999984741211,8.170000076293945,4000
2012-11-23,8.29123306274414,8.329999923706055,8.329999923706055,8.149999618530273,8.1899995803833,1700
2012-11-26,8.201651573181152,8.239999771118164,8.3100004196167,8.149999618530273,8.220000267028809,5700
2012-11-27,8.201651573181152,8.239999771118164,8.300000190734863,8.199999809265137,8.289999961853027,28300
2012-11-28,8.2116060256958,8.25,8.350000381469727,8.199999809265137,8.220000267028809,14600
2012-11-29,8.251419067382812,8.289999961853027,8.300000190734863,8.239999771118164,8.25,17900
2012-11-30,8.231513023376465,8.270000457763672,8.319999694824219,8.119999885559082,8.25,7000
2012-12-03,8.181745529174805,8.220000267028809,8.34000015258789,8.069999694824219,8.25,8300
2012-12-04,8.102117538452148,8.140000343322754,8.25,8.100000381469727,8.25,12900
2012-12-05,8.062304496765137,8.100000381469727,8.319999694824219,8.0600004196167,8.180000305175781,4100
2012-12-06,8.171792030334473,8.210000038146973,8.25,8.130000114440918,8.130000114440918,11900
2012-12-07,8.16183853149414,8.199999809265137,8.25,8.149999618530273,8.210000038146973,6400
2012-12-10,8.131978034973145,8.170000076293945,8.229999542236328,7.900000095367432,8.229999542236328,13100
2012-12-11,8.19169807434082,8.229999542236328,8.25,7.980000019073486,8.1899995803833,9000
2012-12-12,8.131978034973145,8.170000076293945,8.5,8.069999694824219,8.220000267028809,45700
2012-12-13,8.171792030334473,8.210000038146973,8.59000015258789,8.079999923706055,8.149999618530273,65000
2012-12-14,8.251419067382812,8.289999961853027,8.300000190734863,8.25,8.25,48500
2012-12-17,8.460442543029785,8.5,8.59000015258789,8.329999923706055,8.329999923706055,13100
2012-12-18,8.530116081237793,8.569999694824219,8.630000114440918,8.4399995803833,8.550000190734863,9700
2012-12-19,8.460442543029785,8.5,8.550000190734863,8.479999542236328,8.520000457763672,12300
2012-12-20,8.500255584716797,8.539999961853027,8.600000381469727,8.34000015258789,8.470000267028809,15800
2012-12-21,8.500255584716797,8.539999961853027,8.550000190734863,8.34000015258789,8.550000190734863,37600
2012-12-24,8.221559524536133,8.260000228881836,8.260000228881836,8.260000228881836,8.260000228881836,500
2012-12-26,8.012537002563477,8.050000190734863,8.34000015258789,8.0,8.34000015258789,4700
2012-12-27,8.2116060256958,8.25,8.34000015258789,8.069999694824219,8.069999694824219,7800
2012-12-28,8.082210540771484,8.119999885559082,8.260000228881836,8.109999656677246,8.260000228881836,21100
2012-12-31,8.699324607849121,8.739999771118164,8.949999809265137,8.100000381469727,8.100000381469727,20100
2013-01-02,8.669465065002441,8.710000038146973,8.789999961853027,8.65999984741211,8.680000305175781,22400
2013-01-03,8.639604568481445,8.680000305175781,8.75,8.649999618530273,8.670000076293945,9000
2013-01-04,8.510210037231445,8.550000190734863,8.720000267028809,8.40999984741211,8.720000267028809,2000
2013-01-07,8.48034954071045,8.520000457763672,8.600000381469727,8.5,8.59000015258789,4400
2013-01-08,8.510210037231445,8.550000190734863,8.550000190734863,8.390000343322754,8.489999771118164,4700
2013-01-09,8.559977531433105,8.600000381469727,8.75,8.550000190734863,8.550000190734863,12800
2013-01-10,8.520163536071777,8.5600004196167,8.739999771118164,8.550000190734863,8.59000015258789,3500
2013-01-11,8.460442543029785,8.5,8.699999809265137,8.5,8.579999923706055,8000
2013-01-14,8.48034954071045,8.520000457763672,8.550000190734863,8.430000305175781,8.510000228881836,4000
2013-01-15,9.027789115905762,9.069999694824219,9.25,8.75,8.989999771118164,60200
2013-01-16,9.24676513671875,9.289999961853027,9.449999809265137,9.199999809265137,9.199999809265137,21000
2013-01-17,9.286579132080078,9.329999923706055,9.40999984741211,9.239999771118164,9.270000457763672,2300
2013-01-18,9.286579132080078,9.329999923706055,9.420000076293945,9.109999656677246,9.34000015258789,18800
2013-01-22,9.794205665588379,9.84000015258789,9.84000015258789,9.300000190734863,9.300000190734863,26900
2013-01-23,9.903694152832031,9.949999809265137,10.0,9.670000076293945,9.869999885559082,28800
2013-01-24,10.162484169006348,10.210000038146973,10.5,9.9399995803833,10.0,28200
2013-01-25,10.291878700256348,10.34000015258789,10.350000381469727,10.100000381469727,10.239999771118164,25800
2013-01-28,10.291878700256348,10.34000015258789,10.359999656677246,10.260000228881836,10.329999923706055,8200
2013-01-29,10.411320686340332,10.460000038146973,10.470000267028809,10.069999694824219,10.369999885559082,12900
2013-01-30,10.262019157409668,10.3100004196167,10.479999542236328,10.25,10.479999542236328,24200
2013-01-31,10.301833152770996,10.350000381469727,10.350000381469727,10.279999732971191,10.300000190734863,13200
2013-02-01,10.182390213012695,10.229999542236328,10.350000381469727,9.960000038146973,10.350000381469727,20200
2013-02-04,9.983321189880371,10.029999732971191,10.229999542236328,9.399999618530273,10.229999542236328,12000
2013-02-05,10.112716674804688,10.15999984741211,10.289999961853027,10.050000190734863,10.289999961853027,3400
2013-02-06,10.052996635437012,10.100000381469727,10.100000381469727,9.920000076293945,9.920000076293945,2100
2013-02-07,10.271971702575684,10.319999694824219,10.350000381469727,10.069999694824219,10.069999694824219,11400
2013-02-08,10.182390213012695,10.229999542236328,10.300000190734863,9.949999809265137,10.300000190734863,4000
2013-02-11,10.202298164367676,10.25,10.34000015258789,10.180000305175781,10.199999809265137,8300
2013-02-12,10.262019157409668,10.3100004196167,10.34000015258789,10.229999542236328,10.25,4200
2013-02-13,10.262019157409668,10.3100004196167,10.399999618530273,10.300000190734863,10.350000381469727,9800
2013-02-14,10.361553192138672,10.40999984741211,10.420000076293945,10.239999771118164,10.319999694824219,6100
2013-02-15,10.43122673034668,10.479999542236328,10.489999771118164,10.0600004196167,10.489999771118164,57300
2013-02-19,10.93885326385498,10.989999771118164,11.0,10.420000076293945,10.420000076293945,21000
2013-02-20,11.058295249938965,11.109999656677246,11.220000267028809,10.899999618530273,10.960000038146973,22400
2013-02-21,11.088155746459961,11.140000343322754,11.220000267028809,10.65999984741211,11.09000015258789,13200
2013-02-22,11.426572799682617,11.479999542236328,11.5,11.15999984741211,11.170000076293945,27100
2013-02-25,11.108062744140625,11.15999984741211,11.40999984741211,11.15999984741211,11.40999984741211,13200
2013-02-26,11.50620174407959,11.5600004196167,11.5600004196167,11.020000457763672,11.220000267028809,14000
2013-02-27,11.73513126373291,11.789999961853027,11.890000343322754,11.550000190734863,11.550000190734863,23500
2013-02-28,11.595782279968262,11.649999618530273,11.739999771118164,11.449999809265137,11.739999771118164,9900
2013-03-01,11.78489875793457,11.84000015258789,11.890000343322754,11.539999961853027,11.539999961853027,10500
2013-03-04,12.69066333770752,12.75,13.0,12.010000228881836,12.010000228881836,79800
2013-03-05,12.74043083190918,12.800000190734863,13.09000015258789,12.75,12.75,49100
2013-03-06,12.919591903686523,12.979999542236328,13.0600004196167,12.75,12.789999961853027,32300
2013-03-07,12.879778861999512,12.9399995803833,13.0,12.75,13.0,8600
2013-03-08,12.939499855041504,13.0,13.0,12.880000114440918,13.0,10700
2013-03-11,12.929546356201172,12.989999771118164,13.199999809265137,12.600000381469727,12.819999694824219,35000
2013-03-12,13.19828987121582,13.260000228881836,13.390000343322754,12.84000015258789,12.930000305175781,13400
2013-03-13,13.307777404785156,13.369999885559082,13.449999809265137,13.25,13.25,23300
2013-03-14,13.586474418640137,13.649999618530273,13.670000076293945,13.34000015258789,13.460000038146973,15200
2013-03-15,13.6063814163208,13.670000076293945,14.0,13.59000015258789,13.630000114440918,59000
2013-03-18,13.516799926757812,13.579999923706055,13.579999923706055,13.140000343322754,13.579999923706055,24600
2013-03-19,13.277917861938477,13.34000015258789,13.5600004196167,13.289999961853027,13.5600004196167,13500
2013-03-20,13.566567420959473,13.630000114440918,13.649999618530273,13.380000114440918,13.380000114440918,5400
2013-03-21,13.546660423278809,13.609999656677246,13.670000076293945,13.199999809265137,13.510000228881836,28800
2013-03-22,13.546660423278809,13.609999656677246,13.699999809265137,13.449999809265137,13.699999809265137,12100
2013-03-25,13.755682945251465,13.819999694824219,13.850000381469727,13.649999618530273,13.649999618530273,8100
2013-03-26,13.855217933654785,13.920000076293945,13.960000038146973,13.75,13.84000015258789,9200
2013-03-27,13.686009407043457,13.75,13.90999984741211,13.550000190734863,13.800000190734863,13100
2013-03-28,13.835310935974121,13.899999618530273,13.920000076293945,13.699999809265137,13.8100004196167,18000
2013-04-01,13.835310935974121,13.899999618530273,13.9399995803833,13.670000076293945,13.9399995803833,40500
2013-04-02,12.421918869018555,12.479999542236328,14.0,12.319999694824219,14.0,93300
2013-04-03,11.536062240600586,11.59000015258789,12.59000015258789,11.579999923706055,12.359999656677246,43800
2013-04-04,11.496248245239258,11.550000190734863,11.649999618530273,11.25,11.600000381469727,55200
2013-04-05,11.944153785705566,12.0,12.149999618530273,11.550000190734863,11.550000190734863,45000
2013-04-08,12.362198829650879,12.420000076293945,12.630000114440918,12.199999809265137,12.489999771118164,24100
2013-04-09,12.451780319213867,12.510000228881836,12.670000076293945,12.369999885559082,12.460000038146973,21100
2013-04-10,12.611035346984863,12.670000076293945,12.670000076293945,12.380000114440918,12.510000228881836,14800
2013-04-11,12.4617338180542,12.520000457763672,12.600000381469727,12.430000305175781,12.5,15500
2013-04-12,12.571221351623535,12.630000114440918,12.680000305175781,12.520000457763672,12.640000343322754,9800
2013-04-15,11.884432792663574,11.9399995803833,12.770000457763672,11.800000190734863,12.630000114440918,25700
2013-04-16,11.585829734802246,11.640000343322754,12.069999694824219,11.489999771118164,12.010000228881836,28500
2013-04-17,11.197644233703613,11.25,11.5600004196167,11.0,11.529999732971191,36900
2013-04-18,11.068248748779297,11.119999885559082,11.630000114440918,11.109999656677246,11.4399995803833,37900
2013-04-19,11.207597732543945,11.260000228881836,11.40999984741211,11.180000305175781,11.180000305175781,28000
2013-04-22,10.839319229125977,10.890000343322754,11.449999809265137,10.819999694824219,11.420000076293945,28200
2013-04-23,10.839319229125977,10.890000343322754,11.0,10.8100004196167,10.850000381469727,16400
2013-04-24,10.928899765014648,10.979999542236328,10.989999771118164,10.710000038146973,10.920000076293945,31600
2013-04-25,10.928899765014648,10.979999542236328,11.039999961853027,10.680000305175781,11.039999961853027,51900
2013-04-26,11.416620254516602,11.470000267028809,11.609999656677246,10.649999618530273,10.970000267028809,55300
2013-04-29,11.974013328552246,12.029999732971191,12.119999885559082,11.5,11.5,37900
2013-04-30,12.620988845825195,12.680000305175781,12.680000305175781,12.050000190734863,12.050000190734863,19500
2013-05-01,12.22284984588623,12.279999732971191,12.880000114440918,12.25,12.680000305175781,33300
2013-05-02,12.660802841186523,12.720000267028809,12.770000457763672,12.25,12.279999732971191,16400
2013-05-03,12.839964866638184,12.899999618530273,12.970000267028809,12.729999542236328,12.890000343322754,7000
2013-05-06,12.830012321472168,12.890000343322754,12.930000305175781,12.720000267028809,12.930000305175781,12200
2013-05-07,13.128615379333496,13.1899995803833,13.210000038146973,12.899999618530273,12.899999618530273,11300
2013-05-08,13.317730903625488,13.380000114440918,13.420000076293945,13.100000381469727,13.109999656677246,7800
2013-05-09,13.078848838806152,13.140000343322754,13.34000015258789,13.140000343322754,13.319999694824219,6300
2013-05-10,13.258009910583496,13.319999694824219,13.319999694824219,13.149999618530273,13.239999771118164,6000
2013-05-13,13.068894386291504,13.130000114440918,13.210000038146973,13.0,13.210000038146973,9400
2013-05-14,13.078848838806152,13.140000343322754,13.210000038146973,13.020000457763672,13.050000190734863,18800
2013-05-15,13.387405395507812,13.449999809265137,13.5,13.0600004196167,13.199999809265137,40300
2013-05-16,16.612327575683594,16.690000534057617,17.1299991607666,13.6899995803833,13.6899995803833,264000
2013-05-17,17.378742218017578,17.459999084472656,17.969999313354492,16.829999923706055,16.969999313354492,168800
2013-05-20,17.070186614990234,17.149999618530273,17.299999237060547,16.5,17.25,69700
2013-05-21,17.916231155395508,18.0,18.3799991607666,16.760000228881836,16.989999771118164,57800
2013-05-22,17.438465118408203,17.520000457763672,18.040000915527344,17.450000762939453,18.040000915527344,24400
2013-05-23,17.229440689086914,17.309999465942383,17.43000030517578,17.020000457763672,17.34000015258789,16400
2013-05-24,17.11995506286621,17.200000762939453,17.309999465942383,17.0,17.309999465942383,25100
2013-05-28,17.110000610351562,17.190000534057617,17.729999542236328,17.0,17.440000534057617,41900
2013-05-29,16.950000762939453,16.950000762939453,17.09000015258789,16.010000228881836,16.950000762939453,26400
2013-05-30,17.420000076293945,17.420000076293945,17.690000534057617,16.770000457763672,16.809999465942383,24300
2013-05-31,17.510000228881836,17.510000228881836,17.600000381469727,17.3799991607666,17.459999084472656,22000
2013-06-03,17.34000015258789,17.34000015258789,17.600000381469727,17.100000381469727,17.510000228881836,46400
2013-06-04,16.829999923706055,16.829999923706055,17.989999771118164,16.739999771118164,17.149999618530273,44800
2013-06-05,16.239999771118164,16.239999771118164,16.850000381469727,16.239999771118164,16.760000228881836,28100
2013-06-06,15.40999984741211,15.40999984741211,16.170000076293945,14.770000457763672,16.170000076293945,82800
2013-06-07,15.699999809265137,15.699999809265137,15.850000381469727,15.09000015258789,15.40999984741211,24700
2013-06-10,16.3799991607666,16.3799991607666,16.389999389648438,15.670000076293945,15.6899995803833,10200
2013-06-11,16.6299991607666,16.6299991607666,16.8700008392334,16.170000076293945,16.170000076293945,6800
2013-06-12,16.760000228881836,16.760000228881836,16.860000610351562,16.5,16.549999237060547,9900
2013-06-13,17.329999923706055,17.329999923706055,17.3700008392334,16.709999084472656,16.709999084472656,6600
2013-06-14,17.06999969482422,17.06999969482422,17.770000457763672,17.030000686645508,17.450000762939453,6600
2013-06-17,16.510000228881836,16.510000228881836,17.459999084472656,16.309999465942383,17.389999389648438,22100
2013-06-18,16.489999771118164,16.489999771118164,16.600000381469727,16.15999984741211,16.170000076293945,22100
2013-06-19,17.149999618530273,17.149999618530273,17.3799991607666,16.5,16.5,17600
2013-06-20,16.510000228881836,16.510000228881836,16.850000381469727,16.459999084472656,16.81999969482422,15300
2013-06-21,17.270000457763672,17.270000457763672,17.280000686645508,16.540000915527344,16.610000610351562,26200
2013-06-24,17.059999465942383,17.059999465942383,17.260000228881836,16.829999923706055,16.889999389648438,17400
2013-06-25,17.139999389648438,17.139999389648438,17.190000534057617,16.920000076293945,17.190000534057617,11100
2013-06-26,17.219999313354492,17.219999313354492,17.399999618530273,16.75,17.100000381469727,21700
2013-06-27,17.350000381469727,17.350000381469727,17.530000686645508,17.219999313354492,17.399999618530273,23000
2013-06-28,17.360000610351562,17.360000610351562,17.399999618530273,17.219999313354492,17.309999465942383,52000
2013-07-01,17.18000030517578,17.18000030517578,17.399999618530273,16.920000076293945,17.31999969482422,29300
2013-07-02,16.799999237060547,16.799999237060547,17.389999389648438,16.780000686645508,17.18000030517578,12700
2013-07-03,16.799999237060547,16.799999237060547,17.31999969482422,16.600000381469727,16.780000686645508,6500
2013-07-05,17.010000228881836,17.010000228881836,17.15999984741211,16.850000381469727,17.15999984741211,6200
2013-07-08,17.40999984741211,17.40999984741211,17.540000915527344,16.979999542236328,17.0,26700
2013-07-09,17.100000381469727,17.100000381469727,17.479999542236328,16.899999618530273,17.479999542236328,9100
2013-07-10,17.049999237060547,17.049999237060547,17.280000686645508,17.040000915527344,17.170000076293945,8800
2013-07-11,17.389999389648438,17.389999389648438,17.739999771118164,17.020000457763672,17.200000762939453,19300
2013-07-12,17.829999923706055,17.829999923706055,18.350000381469727,17.389999389648438,17.399999618530273,37700
2013-07-15,17.790000915527344,17.790000915527344,18.399999618530273,17.549999237060547,17.860000610351562,34900
2013-07-16,17.889999389648438,17.889999389648438,18.15999984741211,17.510000228881836,18.15999984741211,20300
2013-07-17,17.889999389648438,17.889999389648438,18.239999771118164,17.790000915527344,17.979999542236328,16000
2013-07-18,18.799999237060547,18.799999237060547,19.09000015258789,17.920000076293945,17.920000076293945,117100
2013-07-19,19.59000015258789,19.59000015258789,19.700000762939453,18.739999771118164,18.829999923706055,34200
2013-07-22,19.65999984741211,19.65999984741211,19.989999771118164,19.59000015258789,19.790000915527344,34300
2013-07-23,18.719999313354492,18.719999313354492,19.799999237060547,18.649999618530273,19.65999984741211,33800
2013-07-24,18.479999542236328,18.479999542236328,18.700000762939453,17.860000610351562,18.700000762939453,25200
2013-07-25,18.420000076293945,18.420000076293945,18.59000015258789,18.18000030517578,18.219999313354492,9900
2013-07-26,18.350000381469727,18.350000381469727,18.479999542236328,18.260000228881836,18.479999542236328,10000
2013-07-29,18.100000381469727,18.100000381469727,18.5,18.020000457763672,18.270000457763672,19900
2013-07-30,17.559999465942383,17.559999465942383,18.3799991607666,17.549999237060547,18.239999771118164,25500
2013-07-31,17.68000030517578,17.68000030517578,17.93000030517578,17.549999237060547,17.549999237060547,12300
2013-08-01,17.729999542236328,17.729999542236328,17.950000762939453,17.649999618530273,17.649999618530273,9100
2013-08-02,17.719999313354492,17.719999313354492,18.1200008392334,17.25,17.850000381469727,28700
2013-08-05,18.270000457763672,18.270000457763672,18.3799991607666,17.549999237060547,17.649999618530273,7500
2013-08-06,18.399999618530273,18.399999618530273,18.489999771118164,17.829999923706055,18.229999542236328,21500
2013-08-07,17.920000076293945,17.920000076293945,18.40999984741211,17.860000610351562,18.170000076293945,20900
2013-08-08,17.920000076293945,17.920000076293945,18.239999771118164,17.81999969482422,18.06999969482422,9100
2013-08-09,17.739999771118164,17.739999771118164,17.84000015258789,17.600000381469727,17.739999771118164,12100
2013-08-12,17.65999984741211,17.65999984741211,17.670000076293945,17.34000015258789,17.510000228881836,11200
2013-08-13,17.90999984741211,17.90999984741211,17.90999984741211,17.420000076293945,17.559999465942383,28300
2013-08-14,18.65999984741211,18.65999984741211,19.0,18.010000228881836,18.09000015258789,77100
2013-08-15,17.0,17.0,17.770000457763672,16.030000686645508,17.770000457763672,182800
2013-08-16,16.420000076293945,16.420000076293945,16.809999465942383,16.0,16.809999465942383,55600
2013-08-19,15.850000381469727,15.850000381469727,16.719999313354492,15.75,16.5,40200
2013-08-20,16.06999969482422,16.06999969482422,16.280000686645508,15.869999885559082,16.040000915527344,27400
2013-08-21,15.470000267028809,15.470000267028809,16.25,15.470000267028809,16.229999542236328,30100
2013-08-22,16.100000381469727,16.100000381469727,16.15999984741211,14.699999809265137,16.1200008392334,31900
2013-08-23,16.270000457763672,16.270000457763672,16.979999542236328,15.600000381469727,16.200000762939453,26700
2013-08-26,15.4399995803833,15.4399995803833,16.260000228881836,15.34000015258789,16.260000228881836,14300
2013-08-27,14.75,14.75,15.350000381469727,14.510000228881836,15.220000267028809,26500
2013-08-28,14.319999694824219,14.319999694824219,14.850000381469727,14.300000190734863,14.720000267028809,16600
2013-08-29,14.720000267028809,14.720000267028809,14.800000190734863,14.329999923706055,14.329999923706055,5900
2013-08-30,14.170000076293945,14.170000076293945,14.890000343322754,14.020000457763672,14.65999984741211,42000
2013-09-03,14.140000343322754,14.140000343322754,14.430000305175781,14.069999694824219,14.289999961853027,5800
2013-09-04,13.880000114440918,13.880000114440918,14.140000343322754,13.800000190734863,14.140000343322754,30600
2013-09-05,13.0,13.0,13.859999656677246,12.90999984741211,13.859999656677246,46800
2013-09-06,12.829999923706055,12.829999923706055,13.430000305175781,12.6899995803833,13.0,51900
2013-09-09,14.020000457763672,14.020000457763672,14.15999984741211,12.90999984741211,12.90999984741211,26400
2013-09-10,13.6899995803833,13.6899995803833,14.239999771118164,13.4399995803833,14.130000114440918,24000
2013-09-11,13.270000457763672,13.270000457763672,13.920000076293945,13.25,13.65999984741211,13200
2013-09-12,13.130000114440918,13.130000114440918,13.489999771118164,13.130000114440918,13.319999694824219,15100
2013-09-13,13.279999732971191,13.279999732971191,13.84000015258789,13.020000457763672,13.140000343322754,26900
2013-09-16,13.229999542236328,13.229999542236328,13.609999656677246,13.199999809265137,13.470000267028809,41800
2013-09-17,13.210000038146973,13.210000038146973,13.550000190734863,13.130000114440918,13.130000114440918,30500
2013-09-18,13.0600004196167,13.0600004196167,13.460000038146973,12.979999542236328,13.25,62400
2013-09-19,12.84000015258789,12.84000015258789,13.079999923706055,12.5,13.069999694824219,45000
2013-09-20,14.09000015258789,14.09000015258789,14.25,12.829999923706055,12.84000015258789,67400
2013-09-23,13.859999656677246,13.859999656677246,14.170000076293945,13.850000381469727,14.0,14100
2013-09-24,13.710000038146973,13.710000038146973,13.84000015258789,13.699999809265137,13.699999809265137,7600
2013-09-25,13.760000228881836,13.760000228881836,13.979999542236328,13.59000015258789,13.6899995803833,25100
2013-09-26,13.779999732971191,13.779999732971191,13.989999771118164,13.619999885559082,13.829999923706055,18700
2013-09-27,13.619999885559082,13.619999885559082,13.9399995803833,13.260000228881836,13.739999771118164,8500
2013-09-30,13.510000228881836,13.510000228881836,13.609999656677246,13.40999984741211,13.520000457763672,11800
2013-10-01,13.079999923706055,13.079999923706055,13.619999885559082,13.0,13.539999961853027,28600
2013-10-02,13.020000457763672,13.020000457763672,13.130000114440918,12.949999809265137,12.949999809265137,11500
2013-10-03,13.020000457763672,13.020000457763672,13.100000381469727,12.869999885559082,13.0600004196167,9000
2013-10-04,13.34000015258789,13.34000015258789,13.630000114440918,12.850000381469727,12.989999771118164,38700
2013-10-07,13.180000305175781,13.180000305175781,13.789999961853027,13.109999656677246,13.180000305175781,15400
2013-10-08,12.859999656677246,12.859999656677246,13.220000267028809,12.859999656677246,13.220000267028809,13300
2013-10-09,12.920000076293945,12.920000076293945,13.140000343322754,12.899999618530273,12.920000076293945,12000
2013-10-10,13.710000038146973,13.710000038146973,13.710000038146973,13.09000015258789,13.170000076293945,20100
2013-10-11,13.729999542236328,13.729999542236328,13.789999961853027,13.079999923706055,13.640000343322754,13000
2013-10-14,13.899999618530273,13.899999618530273,13.960000038146973,13.529999732971191,13.640000343322754,18600
2013-10-15,13.869999885559082,13.869999885559082,13.949999809265137,13.720000267028809,13.899999618530273,11500
2013-10-16,13.829999923706055,13.829999923706055,14.1899995803833,13.680000305175781,13.960000038146973,12700
2013-10-17,14.029999732971191,14.029999732971191,14.180000305175781,13.670000076293945,13.890000343322754,12100
2013-10-18,15.029999732971191,15.029999732971191,15.229999542236328,14.199999809265137,14.210000038146973,26000
2013-10-21,14.680000305175781,14.680000305175781,15.010000228881836,14.649999618530273,15.0,5700
2013-10-22,14.859999656677246,14.859999656677246,15.350000381469727,14.359999656677246,14.8100004196167,15000
2013-10-23,15.039999961853027,15.039999961853027,15.149999618530273,14.649999618530273,14.779999732971191,7200
2013-10-24,14.979999542236328,14.979999542236328,15.149999618530273,14.800000190734863,15.149999618530273,11200
2013-10-25,15.579999923706055,15.579999923706055,15.680000305175781,14.979999542236328,14.979999542236328,18600
2013-10-28,15.489999771118164,15.489999771118164,15.649999618530273,15.170000076293945,15.649999618530273,16200
2013-10-29,15.390000343322754,15.390000343322754,15.670000076293945,15.359999656677246,15.600000381469727,12600
2013-10-30,15.100000381469727,15.100000381469727,15.390000343322754,14.899999618530273,15.390000343322754,7300
2013-10-31,14.630000114440918,14.630000114440918,15.460000038146973,14.510000228881836,15.460000038146973,11700
2013-11-01,14.569999694824219,14.569999694824219,15.260000228881836,14.5,14.59000015258789,15600
2013-11-04,14.600000381469727,14.600000381469727,14.859999656677246,14.510000228881836,14.569999694824219,10400
2013-11-05,14.979999542236328,14.979999542236328,15.0,14.5,14.569999694824219,7100
2013-11-06,14.970000267028809,14.970000267028809,15.199999809265137,14.850000381469727,15.020000457763672,8500
2013-11-07,14.600000381469727,14.600000381469727,15.109999656677246,14.600000381469727,15.109999656677246,6400
2013-11-08,15.329999923706055,15.329999923706055,15.34000015258789,14.510000228881836,14.600000381469727,22000
2013-11-11,15.220000267028809,15.220000267028809,15.380000114440918,15.020000457763672,15.220000267028809,8900
2013-11-12,15.270000457763672,15.270000457763672,15.399999618530273,15.09000015258789,15.220000267028809,9300
2013-11-13,16.030000686645508,16.030000686645508,16.170000076293945,15.229999542236328,15.229999542236328,33100
2013-11-14,17.190000534057617,17.190000534057617,17.200000762939453,16.0,16.030000686645508,49400
2013-11-15,16.5,16.5,16.8700008392334,15.800000190734863,15.930000305175781,26600
2013-11-18,15.289999961853027,15.289999961853027,16.559999465942383,15.229999542236328,16.559999465942383,17900
2013-11-19,14.84000015258789,14.84000015258789,15.350000381469727,14.8100004196167,15.25,30900
2013-11-20,14.640000343322754,14.640000343322754,14.859999656677246,14.510000228881836,14.8100004196167,9200
2013-11-21,14.75,14.75,14.8100004196167,14.609999656677246,14.609999656677246,27600
2013-11-22,14.819999694824219,14.819999694824219,14.949999809265137,14.520000457763672,14.789999961853027,5600
2013-11-25,14.800000190734863,14.800000190734863,15.020000457763672,14.5,14.739999771118164,14700
2013-11-26,14.829999923706055,14.829999923706055,15.210000038146973,14.699999809265137,14.819999694824219,12400
2013-11-27,14.989999771118164,14.989999771118164,15.079999923706055,14.550000190734863,14.829999923706055,12500
2013-11-29,15.119999885559082,15.119999885559082,15.630000114440918,14.979999542236328,15.119999885559082,16700
2013-12-02,14.630000114440918,14.630000114440918,15.130000114440918,14.539999961853027,15.130000114440918,10600
2013-12-03,14.329999923706055,14.329999923706055,14.90999984741211,14.300000190734863,14.670000076293945,16600
2013-12-04,14.729999542236328,14.729999542236328,14.800000190734863,14.569999694824219,14.600000381469727,7200
2013-12-05,15.470000267028809,15.470000267028809,15.609999656677246,14.130000114440918,14.640000343322754,18600
2013-12-06,15.220000267028809,15.220000267028809,15.890000343322754,15.109999656677246,15.579999923706055,11000
2013-12-09,15.09000015258789,15.09000015258789,15.3100004196167,15.039999961853027,15.15999984741211,7300
2013-12-10,14.819999694824219,14.819999694824219,15.359999656677246,14.760000228881836,15.100000381469727,14500
2013-12-11,14.609999656677246,14.609999656677246,14.890000343322754,14.579999923706055,14.819999694824219,12200
2013-12-12,14.779999732971191,14.779999732971191,14.930000305175781,14.210000038146973,14.600000381469727,16400
2013-12-13,14.800000190734863,14.800000190734863,15.149999618530273,14.739999771118164,14.779999732971191,8800
2013-12-16,14.680000305175781,14.680000305175781,14.9399995803833,14.630000114440918,14.9399995803833,5900
2013-12-17,14.729999542236328,14.729999542236328,15.199999809265137,14.6899995803833,15.199999809265137,5300
2013-12-18,15.140000343322754,15.140000343322754,15.649999618530273,14.609999656677246,14.819999694824219,21900
2013-12-19,15.470000267028809,15.470000267028809,15.84000015258789,14.899999618530273,14.960000038146973,16200
2013-12-20,15.539999961853027,15.539999961853027,15.550000190734863,15.229999542236328,15.520000457763672,34800
2013-12-23,15.640000343322754,15.640000343322754,15.75,15.5,15.65999984741211,7400
2013-12-24,15.550000190734863,15.550000190734863,15.729999542236328,15.34000015258789,15.710000038146973,3400
2013-12-26,15.199999809265137,15.199999809265137,15.5600004196167,14.920000076293945,15.5600004196167,9900
2013-12-27,14.75,14.75,15.260000228881836,14.699999809265137,15.260000228881836,8800
2013-12-30,15.15999984741211,15.15999984741211,15.220000267028809,14.65999984741211,14.680000305175781,29200
2013-12-31,15.979999542236328,15.979999542236328,16.0,15.1899995803833,15.1899995803833,39500
2014-01-02,15.640000343322754,15.640000343322754,15.989999771118164,15.520000457763672,15.899999618530273,9300
2014-01-03,15.670000076293945,15.670000076293945,15.779999732971191,15.550000190734863,15.670000076293945,8800
2014-01-06,15.34000015258789,15.34000015258789,15.670000076293945,15.1899995803833,15.649999618530273,9400
2014-01-07,15.569999694824219,15.569999694824219,15.569999694824219,15.270000457763672,15.4399995803833,12500
2014-01-08,14.3100004196167,14.3100004196167,15.579999923706055,13.680000305175781,15.579999923706055,46200
2014-01-09,13.899999618530273,13.899999618530273,14.789999961853027,13.619999885559082,14.329999923706055,32200
2014-01-10,13.670000076293945,13.670000076293945,14.0,13.449999809265137,13.789999961853027,56100
2014-01-13,14.100000381469727,14.100000381469727,14.1899995803833,13.350000381469727,13.609999656677246,24800
2014-01-14,14.3100004196167,14.3100004196167,14.380000114440918,14.0,14.149999618530273,13700
2014-01-15,14.539999961853027,14.539999961853027,14.600000381469727,14.039999961853027,14.350000381469727,10300
2014-01-16,14.369999885559082,14.369999885559082,14.4399995803833,14.140000343322754,14.4399995803833,9200
2014-01-17,13.949999809265137,13.949999809265137,14.4399995803833,13.800000190734863,14.359999656677246,26300
2014-01-21,14.989999771118164,14.989999771118164,15.600000381469727,14.760000228881836,15.25,53900
2014-01-22,14.649999618530273,14.649999618530273,15.0,14.579999923706055,14.989999771118164,11800
2014-01-23,13.970000267028809,13.970000267028809,14.649999618530273,13.920000076293945,14.649999618530273,23000
2014-01-24,14.039999961853027,14.039999961853027,14.270000457763672,14.0,14.069999694824219,13500
2014-01-27,13.90999984741211,13.90999984741211,14.300000190734863,13.90999984741211,14.1899995803833,10900
2014-01-28,14.020000457763672,14.020000457763672,14.069999694824219,13.890000343322754,14.010000228881836,16100
2014-01-29,14.0,14.0,14.210000038146973,13.8100004196167,13.8100004196167,13700
2014-01-30,14.0,14.0,14.140000343322754,13.930000305175781,14.0600004196167,15400
2014-01-31,14.039999961853027,14.039999961853027,14.729999542236328,13.800000190734863,13.800000190734863,21700
2014-02-03,14.0,14.0,14.3100004196167,13.829999923706055,14.029999732971191,15800
2014-02-04,14.039999961853027,14.039999961853027,14.119999885559082,13.859999656677246,13.949999809265137,26800
2014-02-05,14.0,14.0,14.020000457763672,13.539999961853027,13.920000076293945,19800
2014-02-06,14.010000228881836,14.010000228881836,14.260000228881836,13.75,14.100000381469727,17000
2014-02-07,14.09000015258789,14.09000015258789,14.5,13.760000228881836,14.09000015258789,12800
2014-02-10,14.210000038146973,14.210000038146973,14.399999618530273,14.09000015258789,14.229999542236328,35200
2014-02-11,14.229999542236328,14.229999542236328,14.6899995803833,14.149999618530273,14.260000228881836,22000
2014-02-12,14.029999732971191,14.029999732971191,14.460000038146973,14.029999732971191,14.3100004196167,8400
2014-02-13,14.130000114440918,14.130000114440918,14.319999694824219,13.890000343322754,14.149999618530273,30700
2014-02-14,14.270000457763672,14.270000457763672,14.630000114440918,14.029999732971191,14.029999732971191,11000
2014-02-18,14.569999694824219,14.569999694824219,14.579999923706055,14.170000076293945,14.260000228881836,5100
2014-02-19,14.369999885559082,14.369999885559082,14.800000190734863,14.289999961853027,14.600000381469727,13300
2014-02-20,14.5,14.5,14.680000305175781,14.260000228881836,14.550000190734863,7700
2014-02-21,14.9399995803833,14.9399995803833,15.199999809265137,14.600000381469727,14.609999656677246,16900
2014-02-24,14.739999771118164,14.739999771118164,15.109999656677246,14.569999694824219,15.0,12500
2014-02-25,14.220000267028809,14.220000267028809,14.609999656677246,14.140000343322754,14.609999656677246,10700
2014-02-26,14.079999923706055,14.079999923706055,14.25,14.029999732971191,14.170000076293945,7700
2014-02-27,14.210000038146973,14.210000038146973,14.630000114440918,14.079999923706055,14.09000015258789,7500
2014-02-28,14.359999656677246,14.359999656677246,14.619999885559082,14.0,14.229999542236328,10200
2014-03-03,14.1899995803833,14.1899995803833,14.539999961853027,14.09000015258789,14.260000228881836,9100
2014-03-04,14.460000038146973,14.460000038146973,14.960000038146973,14.020000457763672,14.319999694824219,21700
2014-03-05,14.359999656677246,14.359999656677246,14.5,14.039999961853027,14.5,9000
2014-03-06,14.34000015258789,14.34000015258789,14.430000305175781,14.260000228881836,14.350000381469727,4900
2014-03-07,14.199999809265137,14.199999809265137,14.380000114440918,14.170000076293945,14.380000114440918,6000
2014-03-10,14.180000305175781,14.180000305175781,14.350000381469727,14.149999618530273,14.149999618530273,10200
2014-03-11,14.1899995803833,14.1899995803833,14.359999656677246,14.140000343322754,14.210000038146973,5600
2014-03-12,14.180000305175781,14.180000305175781,14.289999961853027,14.079999923706055,14.079999923706055,3000
2014-03-13,14.260000228881836,14.260000228881836,14.4399995803833,14.09000015258789,14.300000190734863,4200
2014-03-14,14.109999656677246,14.109999656677246,14.390000343322754,14.020000457763672,14.25,22300
2014-03-17,14.039999961853027,14.039999961853027,14.149999618530273,14.0,14.100000381469727,17500
2014-03-18,14.010000228881836,14.010000228881836,14.010000228881836,13.899999618530273,13.899999618530273,35800
2014-03-19,14.0,14.0,14.050000190734863,13.90999984741211,13.920000076293945,11900
2014-03-20,13.989999771118164,13.989999771118164,14.050000190734863,13.890000343322754,13.890000343322754,22300
2014-03-21,14.039999961853027,14.039999961853027,14.0600004196167,13.859999656677246,14.0,34800
2014-03-24,13.920000076293945,13.920000076293945,14.029999732971191,13.800000190734863,13.979999542236328,21100
2014-03-25,13.649999618530273,13.649999618530273,13.899999618530273,13.59000015258789,13.779999732971191,20000
2014-03-26,13.630000114440918,13.630000114440918,13.779999732971191,13.520000457763672,13.699999809265137,19200
2014-03-27,13.989999771118164,13.989999771118164,14.1899995803833,13.640000343322754,13.640000343322754,40700
2014-03-28,13.890000343322754,13.890000343322754,14.119999885559082,13.880000114440918,14.0,21400
2014-03-31,14.699999809265137,14.699999809265137,14.850000381469727,13.989999771118164,13.989999771118164,47700
2014-04-01,14.329999923706055,14.329999923706055,14.479999542236328,13.569999694824219,14.140000343322754,55200
2014-04-02,14.149999618530273,14.149999618530273,14.289999961853027,14.029999732971191,14.199999809265137,33600
2014-04-03,14.079999923706055,14.079999923706055,14.390000343322754,13.819999694824219,14.100000381469727,32100
2014-04-04,14.1899995803833,14.1899995803833,14.449999809265137,14.050000190734863,14.229999542236328,29200
2014-04-07,14.130000114440918,14.130000114440918,14.199999809265137,14.050000190734863,14.100000381469727,19800
2014-04-08,14.149999618530273,14.149999618530273,14.34000015258789,14.069999694824219,14.1899995803833,22200
2014-04-09,14.34000015258789,14.34000015258789,14.5,14.149999618530273,14.149999618530273,17900
2014-04-10,14.300000190734863,14.300000190734863,14.430000305175781,14.199999809265137,14.34000015258789,15700
2014-04-11,14.239999771118164,14.239999771118164,14.470000267028809,14.220000267028809,14.220000267028809,15700
2014-04-14,14.329999923706055,14.329999923706055,14.489999771118164,14.069999694824219,14.359999656677246,22500
2014-04-15,14.329999923706055,14.329999923706055,14.390000343322754,14.210000038146973,14.3100004196167,16000
2014-04-16,14.399999618530273,14.399999618530273,14.5,14.1899995803833,14.380000114440918,20000
2014-04-17,14.380000114440918,14.380000114440918,14.489999771118164,14.210000038146973,14.300000190734863,41000
2014-04-21,14.859999656677246,14.859999656677246,14.890000343322754,14.329999923706055,14.4399995803833,40500
2014-04-22,15.100000381469727,15.100000381469727,15.199999809265137,14.869999885559082,14.890000343322754,42100
2014-04-23,14.970000267028809,14.970000267028809,15.199999809265137,14.930000305175781,15.199999809265137,37100
2014-04-24,14.9399995803833,14.9399995803833,15.0,14.859999656677246,15.0,14300
2014-04-25,14.979999542236328,14.979999542236328,15.029999732971191,14.890000343322754,14.949999809265137,16200
2014-04-28,14.90999984741211,14.90999984741211,15.25,14.859999656677246,14.989999771118164,75200
2014-04-29,14.739999771118164,14.739999771118164,15.069999694824219,14.739999771118164,14.90999984741211,24400
2014-04-30,15.010000228881836,15.010000228881836,15.09000015258789,14.65999984741211,14.850000381469727,35900
2014-05-01,14.960000038146973,14.960000038146973,14.960000038146973,14.710000038146973,14.920000076293945,24800
2014-05-02,14.960000038146973,14.960000038146973,15.039999961853027,14.8100004196167,14.9399995803833,17700
2014-05-05,14.960000038146973,14.960000038146973,15.050000190734863,14.729999542236328,14.949999809265137,14200
2014-05-06,14.949999809265137,14.949999809265137,15.0,14.949999809265137,14.960000038146973,16300
2014-05-07,14.720000267028809,14.720000267028809,15.010000228881836,14.649999618530273,15.010000228881836,75000
2014-05-08,14.800000190734863,14.800000190734863,14.84000015258789,14.460000038146973,14.739999771118164,15000
2014-05-09,14.8100004196167,14.8100004196167,14.869999885559082,14.6899995803833,14.6899995803833,15600
2014-05-12,15.0,15.0,15.039999961853027,14.75,14.880000114440918,57300
2014-05-13,14.350000381469727,14.350000381469727,15.5,14.050000190734863,14.050000190734863,85100
2014-05-14,14.5600004196167,14.5600004196167,14.619999885559082,14.390000343322754,14.510000228881836,45500
2014-05-15,14.329999923706055,14.329999923706055,14.489999771118164,14.199999809265137,14.489999771118164,10800
2014-05-16,14.449999809265137,14.449999809265137,14.479999542236328,14.359999656677246,14.390000343322754,15000
2014-05-19,14.130000114440918,14.130000114440918,14.420000076293945,13.710000038146973,14.359999656677246,101600
2014-05-20,13.510000228881836,13.510000228881836,14.5,13.460000038146973,14.029999732971191,51000
2014-05-21,13.229999542236328,13.229999542236328,13.680000305175781,13.0,13.600000381469727,25500
2014-05-22,12.9399995803833,12.9399995803833,13.210000038146973,12.670000076293945,13.069999694824219,33400
2014-05-23,12.9399995803833,12.9399995803833,12.960000038146973,12.65999984741211,12.949999809265137,26000
2014-05-27,13.130000114440918,13.130000114440918,13.34000015258789,12.890000343322754,12.890000343322754,42800
2014-05-28,13.279999732971191,13.279999732971191,13.40999984741211,13.140000343322754,13.40999984741211,14100
2014-05-29,13.149999618530273,13.149999618530273,13.3100004196167,12.59000015258789,13.289999961853027,33000
2014-05-30,13.140000343322754,13.140000343322754,13.149999618530273,13.079999923706055,13.149999618530273,20100
2014-06-02,13.079999923706055,13.079999923706055,13.199999809265137,13.0,13.109999656677246,9200
2014-06-03,13.010000228881836,13.010000228881836,13.140000343322754,12.90999984741211,13.140000343322754,37700
2014-06-04,13.180000305175781,13.180000305175781,13.239999771118164,13.010000228881836,13.239999771118164,9100
2014-06-05,13.359999656677246,13.359999656677246,13.5,13.140000343322754,13.239999771118164,24100
2014-06-06,13.319999694824219,13.319999694824219,13.5,13.180000305175781,13.399999618530273,44500
2014-06-09,13.279999732971191,13.279999732971191,13.289999961853027,13.15999984741211,13.229999542236328,10000
2014-06-10,13.0,13.0,13.279999732971191,12.630000114440918,13.199999809265137,31700
2014-06-11,13.039999961853027,13.039999961853027,13.149999618530273,12.930000305175781,13.140000343322754,15200
2014-06-12,13.010000228881836,13.010000228881836,13.069999694824219,12.720000267028809,12.970000267028809,27100
2014-06-13,13.029999732971191,13.029999732971191,13.09000015258789,12.979999542236328,12.979999542236328,6200
2014-06-16,13.229999542236328,13.229999542236328,13.329999923706055,13.130000114440918,13.130000114440918,13600
2014-06-17,13.510000228881836,13.510000228881836,13.779999732971191,13.199999809265137,13.199999809265137,13200
2014-06-18,13.369999885559082,13.369999885559082,13.899999618530273,13.260000228881836,13.529999732971191,7800
2014-06-19,13.289999961853027,13.289999961853027,13.449999809265137,13.140000343322754,13.449999809265137,15900
2014-06-20,13.520000457763672,13.520000457763672,13.579999923706055,13.369999885559082,13.369999885559082,19300
2014-06-23,13.649999618530273,13.649999618530273,13.75,13.529999732971191,13.59000015258789,12900
2014-06-24,13.739999771118164,13.739999771118164,13.800000190734863,13.640000343322754,13.680000305175781,21900
2014-06-25,13.770000457763672,13.770000457763672,13.770000457763672,13.699999809265137,13.699999809265137,31400
2014-06-26,13.720000267028809,13.720000267028809,13.800000190734863,13.710000038146973,13.779999732971191,5300
2014-06-27,13.880000114440918,13.880000114440918,13.890000343322754,13.699999809265137,13.699999809265137,19400
2014-06-30,13.979999542236328,13.979999542236328,14.109999656677246,13.770000457763672,13.829999923706055,51700
2014-07-01,13.970000267028809,13.970000267028809,14.5,13.819999694824219,14.010000228881836,40100
2014-07-02,14.260000228881836,14.260000228881836,14.5,13.930000305175781,13.949999809265137,13600
2014-07-03,14.350000381469727,14.350000381469727,14.359999656677246,14.25,14.359999656677246,4900
2014-07-07,13.880000114440918,13.880000114440918,14.369999885559082,13.84000015258789,14.289999961853027,25800
2014-07-08,13.899999618530273,13.899999618530273,14.0,13.819999694824219,13.989999771118164,15300
2014-07-09,13.920000076293945,13.920000076293945,13.930000305175781,13.699999809265137,13.739999771118164,14900
2014-07-10,13.5,13.5,13.75,13.3100004196167,13.75,19600
2014-07-11,13.729999542236328,13.729999542236328,14.029999732971191,13.260000228881836,13.5600004196167,13200
2014-07-14,13.739999771118164,13.739999771118164,13.770000457763672,13.5,13.680000305175781,10700
2014-07-15,13.199999809265137,13.199999809265137,13.75,13.0600004196167,13.75,40600
2014-07-16,13.1899995803833,13.1899995803833,13.420000076293945,13.09000015258789,13.25,27400
2014-07-17,13.050000190734863,13.050000190734863,13.149999618530273,12.90999984741211,13.149999618530273,29600
2014-07-18,12.9399995803833,12.9399995803833,13.149999618530273,12.880000114440918,12.989999771118164,27500
2014-07-21,12.890000343322754,12.890000343322754,13.050000190734863,12.609999656677246,12.899999618530273,23100
2014-07-22,13.270000457763672,13.270000457763672,13.359999656677246,12.600000381469727,12.869999885559082,106800
2014-07-23,13.239999771118164,13.239999771118164,13.4399995803833,12.739999771118164,13.289999961853027,15400
2014-07-24,13.199999809265137,13.199999809265137,13.449999809265137,13.0,13.199999809265137,8400
2014-07-25,12.8100004196167,12.8100004196167,13.039999961853027,12.649999618530273,13.039999961853027,12400
2014-07-28,12.6899995803833,12.6899995803833,12.920000076293945,12.609999656677246,12.850000381469727,6800
2014-07-29,12.609999656677246,12.609999656677246,12.779999732971191,12.600000381469727,12.779999732971191,8400
2014-07-30,12.609999656677246,12.609999656677246,12.8100004196167,12.5,12.8100004196167,15700
2014-07-31,12.489999771118164,12.489999771118164,12.600000381469727,12.34000015258789,12.5600004196167,15000
2014-08-01,12.460000038146973,12.460000038146973,12.65999984741211,12.4399995803833,12.479999542236328,7900
2014-08-04,12.600000381469727,12.600000381469727,12.710000038146973,12.5,12.5,15700
2014-08-05,12.550000190734863,12.550000190734863,12.729999542236328,12.510000228881836,12.5600004196167,11000
2014-08-06,12.65999984741211,12.65999984741211,12.729999542236328,12.4399995803833,12.5,6600
2014-08-07,12.5600004196167,12.5600004196167,12.859999656677246,12.520000457763672,12.710000038146973,10900
2014-08-08,12.770000457763672,12.770000457763672,12.779999732971191,12.640000343322754,12.640000343322754,6100
2014-08-11,13.170000076293945,13.170000076293945,13.210000038146973,12.850000381469727,12.9399995803833,9400
2014-08-12,13.529999732971191,13.529999732971191,13.600000381469727,12.890000343322754,13.149999618530273,15800
2014-08-13,13.460000038146973,13.460000038146973,13.59000015258789,13.199999809265137,13.510000228881836,10400
2014-08-14,13.5600004196167,13.5600004196167,13.619999885559082,13.229999542236328,13.609999656677246,11400
2014-08-15,13.489999771118164,13.489999771118164,13.699999809265137,13.319999694824219,13.649999618530273,9100
2014-08-18,13.329999923706055,13.329999923706055,13.460000038146973,13.270000457763672,13.4399995803833,8600
2014-08-19,13.430000305175781,13.430000305175781,13.619999885559082,13.390000343322754,13.510000228881836,6500
2014-08-20,13.4399995803833,13.4399995803833,13.579999923706055,13.289999961853027,13.449999809265137,6200
2014-08-21,13.359999656677246,13.359999656677246,13.4399995803833,13.3100004196167,13.4399995803833,10900
2014-08-22,13.510000228881836,13.510000228881836,13.510000228881836,13.369999885559082,13.40999984741211,7200
2014-08-25,13.539999961853027,13.539999961853027,13.699999809265137,13.399999618530273,13.600000381469727,20600
2014-08-26,13.520000457763672,13.520000457763672,13.529999732971191,13.460000038146973,13.5,7300
2014-08-27,13.609999656677246,13.609999656677246,13.699999809265137,13.460000038146973,13.489999771118164,3900
2014-08-28,13.819999694824219,13.819999694824219,13.869999885559082,13.619999885559082,13.630000114440918,15000
2014-08-29,13.84000015258789,13.84000015258789,13.850000381469727,13.630000114440918,13.850000381469727,7000
2014-09-02,13.890000343322754,13.890000343322754,13.899999618530273,13.739999771118164,13.84000015258789,7700
2014-09-03,13.819999694824219,13.819999694824219,13.930000305175781,13.800000190734863,13.850000381469727,4400
2014-09-04,13.84000015258789,13.84000015258789,13.930000305175781,13.550000190734863,13.550000190734863,3800
2014-09-05,13.859999656677246,13.859999656677246,13.859999656677246,13.760000228881836,13.800000190734863,4100
2014-09-08,14.09000015258789,14.09000015258789,14.09000015258789,13.8100004196167,13.8100004196167,11400
2014-09-09,14.079999923706055,14.079999923706055,14.140000343322754,14.0,14.140000343322754,14700
2014-09-10,14.25,14.25,14.350000381469727,14.079999923706055,14.079999923706055,11000
2014-09-11,14.25,14.25,14.25,14.079999923706055,14.100000381469727,3400
2014-09-12,14.050000190734863,14.050000190734863,14.260000228881836,14.029999732971191,14.260000228881836,11600
2014-09-15,14.100000381469727,14.100000381469727,14.390000343322754,14.029999732971191,14.050000190734863,10100
2014-09-16,14.149999618530273,14.149999618530273,14.369999885559082,14.09000015258789,14.09000015258789,10100
2014-09-17,14.220000267028809,14.220000267028809,14.220000267028809,14.0600004196167,14.199999809265137,7000
2014-09-18,14.329999923706055,14.329999923706055,14.359999656677246,14.050000190734863,14.25,10700
2014-09-19,14.34000015258789,14.34000015258789,14.399999618530273,14.220000267028809,14.329999923706055,14400
2014-09-22,14.279999732971191,14.279999732971191,14.449999809265137,14.1899995803833,14.329999923706055,30000
2014-09-23,14.300000190734863,14.300000190734863,14.369999885559082,14.279999732971191,14.369999885559082,8700
2014-09-24,14.649999618530273,14.649999618530273,14.75,14.229999542236328,14.229999542236328,7600
2014-09-25,14.0600004196167,14.0600004196167,14.779999732971191,14.029999732971191,14.699999809265137,11000
2014-09-26,14.039999961853027,14.039999961853027,14.4399995803833,13.949999809265137,14.149999618530273,7400
2014-09-29,14.140000343322754,14.140000343322754,14.289999961853027,13.869999885559082,13.869999885559082,13600
2014-09-30,13.869999885559082,13.869999885559082,14.239999771118164,13.84000015258789,14.239999771118164,18000
2014-10-01,13.760000228881836,13.760000228881836,13.920000076293945,13.609999656677246,13.619999885559082,13800
2014-10-02,14.3100004196167,14.3100004196167,14.479999542236328,13.739999771118164,13.739999771118164,10100
2014-10-03,14.5,14.5,14.600000381469727,14.380000114440918,14.430000305175781,9100
2014-10-06,14.390000343322754,14.390000343322754,14.6899995803833,14.390000343322754,14.479999542236328,3600
2014-10-07,14.420000076293945,14.420000076293945,14.670000076293945,14.390000343322754,14.390000343322754,9500
2014-10-08,14.510000228881836,14.510000228881836,14.670000076293945,14.09000015258789,14.09000015258789,8800
2014-10-09,14.0,14.0,14.34000015258789,13.800000190734863,13.8100004196167,3800
2014-10-10,14.199999809265137,14.199999809265137,14.470000267028809,13.920000076293945,13.920000076293945,12000
2014-10-13,14.520000457763672,14.520000457763672,14.800000190734863,14.0,14.0,15700
2014-10-14,14.84000015258789,14.84000015258789,14.899999618530273,14.279999732971191,14.739999771118164,14000
2014-10-15,14.949999809265137,14.949999809265137,14.960000038146973,14.470000267028809,14.720000267028809,20400
2014-10-16,15.050000190734863,15.050000190734863,15.220000267028809,14.65999984741211,14.65999984741211,28900
2014-10-17,15.15999984741211,15.15999984741211,15.279999732971191,14.619999885559082,15.079999923706055,13000
2014-10-20,15.149999618530273,15.149999618530273,15.199999809265137,15.0600004196167,15.170000076293945,7300
2014-10-21,15.130000114440918,15.130000114440918,15.199999809265137,15.0,15.199999809265137,4400
2014-10-22,15.079999923706055,15.079999923706055,15.199999809265137,14.8100004196167,15.09000015258789,8400
2014-10-23,15.140000343322754,15.140000343322754,15.1899995803833,14.949999809265137,15.140000343322754,7000
2014-10-24,15.34000015258789,15.34000015258789,15.369999885559082,15.069999694824219,15.180000305175781,11300
2014-10-27,15.180000305175781,15.180000305175781,15.180000305175781,15.010000228881836,15.039999961853027,4000
2014-10-28,15.59000015258789,15.59000015258789,15.59000015258789,15.289999961853027,15.350000381469727,11500
2014-10-29,15.739999771118164,15.739999771118164,15.739999771118164,15.380000114440918,15.539999961853027,19200
2014-10-30,16.239999771118164,16.239999771118164,16.239999771118164,15.1899995803833,15.670000076293945,13300
2014-10-31,16.549999237060547,16.549999237060547,16.600000381469727,16.149999618530273,16.25,8100
2014-11-03,15.979999542236328,15.979999542236328,16.5,15.869999885559082,16.5,12900
2014-11-04,15.979999542236328,15.979999542236328,16.170000076293945,15.609999656677246,15.819999694824219,18500
2014-11-05,16.1299991607666,16.1299991607666,16.280000686645508,15.75,15.75,11800
2014-11-06,16.510000228881836,16.510000228881836,16.520000457763672,15.930000305175781,16.0,21000
2014-11-07,16.790000915527344,16.790000915527344,16.899999618530273,16.020000457763672,16.5,27500
2014-11-10,17.079999923706055,17.079999923706055,17.1299991607666,16.549999237060547,16.770000457763672,17700
2014-11-11,16.440000534057617,16.440000534057617,16.989999771118164,16.3700008392334,16.889999389648438,32100
2014-11-12,16.8799991607666,16.8799991607666,16.969999313354492,16.25,16.31999969482422,32800
2014-11-13,16.770000457763672,16.770000457763672,17.0,16.549999237060547,16.799999237060547,22300
2014-11-14,16.770000457763672,16.770000457763672,17.040000915527344,16.479999542236328,16.709999084472656,10600
2014-11-17,16.690000534057617,16.690000534057617,17.0,16.40999984741211,16.40999984741211,12400
2014-11-18,17.18000030517578,17.18000030517578,17.239999771118164,16.770000457763672,16.799999237060547,27200
2014-11-19,17.239999771118164,17.239999771118164,17.280000686645508,17.110000610351562,17.209999084472656,14600
2014-11-20,17.280000686645508,17.280000686645508,17.389999389648438,17.079999923706055,17.25,18500
2014-11-21,18.139999389648438,18.139999389648438,18.299999237060547,17.399999618530273,17.5,27900
2014-11-24,18.239999771118164,18.239999771118164,18.5,18.06999969482422,18.139999389648438,32000
2014-11-25,18.18000030517578,18.18000030517578,18.399999618530273,18.030000686645508,18.280000686645508,21400
2014-11-26,18.299999237060547,18.299999237060547,18.420000076293945,18.1200008392334,18.3700008392334,20900
2014-11-28,18.520000457763672,18.520000457763672,18.739999771118164,18.219999313354492,18.219999313354492,6900
2014-12-01,18.110000610351562,18.110000610351562,18.6299991607666,17.760000228881836,18.56999969482422,42800
2014-12-02,18.489999771118164,18.489999771118164,18.65999984741211,17.649999618530273,18.110000610351562,23000
2014-12-03,18.889999389648438,18.889999389648438,19.0,18.09000015258789,18.950000762939453,119400
2014-12-04,18.790000915527344,18.790000915527344,19.0,18.649999618530273,18.809999465942383,28900
2014-12-05,18.90999984741211,18.90999984741211,19.299999237060547,18.739999771118164,18.799999237060547,16300
2014-12-08,18.979999542236328,18.979999542236328,19.350000381469727,18.56999969482422,18.860000610351562,22500
2014-12-09,19.540000915527344,19.540000915527344,19.559999465942383,18.639999389648438,19.100000381469727,9800
2014-12-10,19.309999465942383,19.309999465942383,19.850000381469727,19.15999984741211,19.3799991607666,20200
2014-12-11,19.5,19.5,19.600000381469727,19.299999237060547,19.489999771118164,8700
2014-12-12,19.350000381469727,19.350000381469727,19.6299991607666,19.0,19.290000915527344,27400
2014-12-15,18.899999618530273,18.899999618530273,20.329999923706055,18.68000030517578,20.149999618530273,45000
2014-12-16,18.059999465942383,18.059999465942383,18.920000076293945,18.059999465942383,18.920000076293945,24900
2014-12-17,18.1200008392334,18.1200008392334,18.1200008392334,18.049999237060547,18.100000381469727,44100
2014-12-18,18.729999542236328,18.729999542236328,18.920000076293945,18.3799991607666,18.40999984741211,9900
2014-12-19,18.06999969482422,18.06999969482422,18.670000076293945,18.06999969482422,18.670000076293945,33200
2014-12-22,18.1200008392334,18.1200008392334,18.350000381469727,18.06999969482422,18.06999969482422,5600
2014-12-23,18.329999923706055,18.329999923706055,18.360000610351562,18.079999923706055,18.079999923706055,10100
2014-12-24,18.309999465942383,18.309999465942383,18.350000381469727,18.229999542236328,18.350000381469727,1600
2014-12-26,18.43000030517578,18.43000030517578,18.450000762939453,18.280000686645508,18.280000686645508,7500
2014-12-29,18.489999771118164,18.489999771118164,18.489999771118164,18.34000015258789,18.420000076293945,6300
2014-12-30,18.530000686645508,18.530000686645508,18.549999237060547,18.299999237060547,18.299999237060547,5500
2014-12-31,18.530000686645508,18.530000686645508,18.579999923706055,18.350000381469727,18.549999237060547,10100
2015-01-02,17.59000015258789,17.59000015258789,18.600000381469727,17.31999969482422,18.479999542236328,17400
2015-01-05,17.670000076293945,17.670000076293945,18.049999237060547,17.670000076293945,17.850000381469727,15700
2015-01-06,17.770000457763672,17.770000457763672,18.09000015258789,17.559999465942383,17.950000762939453,6900
2015-01-07,18.06999969482422,18.06999969482422,18.18000030517578,17.739999771118164,18.010000228881836,8000
2015-01-08,18.40999984741211,18.40999984741211,18.510000228881836,18.049999237060547,18.049999237060547,4900
2015-01-09,18.389999389648438,18.389999389648438,18.59000015258789,18.290000915527344,18.489999771118164,6800
2015-01-12,18.540000915527344,18.540000915527344,18.719999313354492,18.459999084472656,18.530000686645508,6400
2015-01-13,18.84000015258789,18.84000015258789,19.06999969482422,18.639999389648438,18.729999542236328,17900
2015-01-14,18.979999542236328,18.979999542236328,19.290000915527344,18.75,18.84000015258789,6800
2015-01-15,18.729999542236328,18.729999542236328,19.020000457763672,18.729999542236328,19.0,15200
2015-01-16,18.979999542236328,18.979999542236328,19.0,18.649999618530273,18.649999618530273,8600
2015-01-20,18.40999984741211,18.40999984741211,19.530000686645508,18.40999984741211,19.0,60500
2015-01-21,18.200000762939453,18.200000762939453,18.56999969482422,18.200000762939453,18.5,5500
2015-01-22,17.8700008392334,17.8700008392334,18.200000762939453,17.829999923706055,18.200000762939453,10500
2015-01-23,18.06999969482422,18.06999969482422,18.200000762939453,17.799999237060547,17.920000076293945,12400
2015-01-26,18.469999313354492,18.469999313354492,18.6200008392334,18.06999969482422,18.079999923706055,6200
2015-01-27,18.420000076293945,18.420000076293945,18.5,18.170000076293945,18.350000381469727,8600
2015-01-28,19.010000228881836,19.010000228881836,19.15999984741211,18.489999771118164,18.489999771118164,20100
2015-01-29,19.149999618530273,19.149999618530273,19.200000762939453,18.709999084472656,19.200000762939453,13800
2015-01-30,18.299999237060547,18.299999237060547,19.200000762939453,18.15999984741211,19.149999618530273,12000
2015-02-02,18.200000762939453,18.200000762939453,18.399999618530273,17.549999237060547,18.399999618530273,15300
2015-02-03,18.56999969482422,18.56999969482422,18.690000534057617,18.219999313354492,18.34000015258789,42300
2015-02-04,20.280000686645508,20.280000686645508,20.68000030517578,18.84000015258789,18.899999618530273,173700
2015-02-05,20.399999618530273,20.399999618530273,21.219999313354492,20.229999542236328,20.290000915527344,89000
2015-02-06,20.489999771118164,20.489999771118164,20.790000915527344,20.290000915527344,20.489999771118164,18500
2015-02-09,20.110000610351562,20.110000610351562,20.75,20.059999465942383,20.440000534057617,19100
2015-02-10,20.149999618530273,20.149999618530273,20.579999923706055,19.81999969482422,20.139999389648438,9200
2015-02-11,19.760000228881836,19.760000228881836,20.420000076293945,19.760000228881836,20.25,10700
2015-02-12,19.719999313354492,19.719999313354492,19.899999618530273,19.540000915527344,19.739999771118164,10000
2015-02-13,19.829999923706055,19.829999923706055,20.059999465942383,19.649999618530273,19.649999618530273,6000
2015-02-17,20.020000457763672,20.020000457763672,20.239999771118164,19.350000381469727,20.059999465942383,6000
2015-02-18,19.760000228881836,19.760000228881836,19.760000228881836,19.510000228881836,19.719999313354492,7000
2015-02-19,19.6299991607666,19.6299991607666,19.989999771118164,19.610000610351562,19.610000610351562,5600
2015-02-20,19.43000030517578,19.43000030517578,19.709999084472656,19.270000457763672,19.709999084472656,5200
2015-02-23,19.43000030517578,19.43000030517578,19.459999084472656,19.010000228881836,19.459999084472656,13900
2015-02-24,19.43000030517578,19.43000030517578,19.639999389648438,19.209999084472656,19.34000015258789,21600
2015-02-25,18.770000457763672,18.770000457763672,19.90999984741211,18.709999084472656,19.34000015258789,29400
2015-02-26,18.799999237060547,18.799999237060547,18.93000030517578,18.149999618530273,18.690000534057617,16500
2015-02-27,18.729999542236328,18.729999542236328,18.90999984741211,18.6299991607666,18.84000015258789,4100
2015-03-02,18.940000534057617,18.940000534057617,19.1299991607666,18.549999237060547,18.729999542236328,10600
2015-03-03,18.719999313354492,18.719999313354492,19.0,18.270000457763672,19.0,13400
2015-03-04,18.639999389648438,18.639999389648438,18.850000381469727,18.520000457763672,18.790000915527344,7200
2015-03-05,18.799999237060547,18.799999237060547,18.969999313354492,18.479999542236328,18.670000076293945,4300
2015-03-06,18.219999313354492,18.219999313354492,18.690000534057617,18.110000610351562,18.649999618530273,6000
2015-03-09,17.549999237060547,17.549999237060547,18.200000762939453,17.479999542236328,18.200000762939453,8400
2015-03-10,17.729999542236328,17.729999542236328,17.760000228881836,16.790000915527344,17.479999542236328,15100
2015-03-11,17.6299991607666,17.6299991607666,17.979999542236328,17.270000457763672,17.600000381469727,45900
2015-03-12,18.479999542236328,18.479999542236328,18.479999542236328,17.5,17.829999923706055,29100
2015-03-13,17.920000076293945,17.920000076293945,18.270000457763672,17.649999618530273,18.270000457763672,15900
2015-03-16,18.670000076293945,18.670000076293945,18.68000030517578,17.299999237060547,17.829999923706055,52700
2015-03-17,17.969999313354492,17.969999313354492,18.280000686645508,17.799999237060547,18.280000686645508,8600
2015-03-18,19.40999984741211,19.40999984741211,19.450000762939453,18.329999923706055,18.329999923706055,23000
2015-03-19,19.709999084472656,19.709999084472656,19.770000457763672,19.40999984741211,19.40999984741211,10200
2015-03-20,20.540000915527344,20.540000915527344,20.549999237060547,19.739999771118164,19.739999771118164,28100
2015-03-23,20.739999771118164,20.739999771118164,20.760000228881836,20.139999389648438,20.139999389648438,13400
2015-03-24,21.350000381469727,21.350000381469727,21.549999237060547,20.600000381469727,20.600000381469727,30200
2015-03-25,21.260000228881836,21.260000228881836,21.75,21.260000228881836,21.489999771118164,27200
2015-03-26,20.8700008392334,20.8700008392334,21.1299991607666,20.860000610351562,21.100000381469727,12900
2015-03-27,21.239999771118164,21.239999771118164,21.239999771118164,20.5,20.81999969482422,140700
2015-03-30,21.899999618530273,21.899999618530273,22.3799991607666,21.309999465942383,21.309999465942383,60600
2015-03-31,21.389999389648438,21.389999389648438,22.020000457763672,21.3799991607666,21.649999618530273,62100
2015-04-01,21.43000030517578,21.43000030517578,21.56999969482422,20.8799991607666,21.56999969482422,15500
2015-04-02,21.200000762939453,21.200000762939453,21.899999618530273,21.09000015258789,21.09000015258789,22000
2015-04-06,21.209999084472656,21.209999084472656,21.309999465942383,21.15999984741211,21.309999465942383,13700
2015-04-07,21.25,21.25,21.290000915527344,20.8799991607666,21.149999618530273,13900
2015-04-08,21.25,21.25,21.350000381469727,20.959999084472656,21.34000015258789,12700
2015-04-09,21.110000610351562,21.110000610351562,21.15999984741211,20.670000076293945,21.100000381469727,13700
2015-04-10,21.190000534057617,21.190000534057617,21.25,20.850000381469727,21.219999313354492,21400
2015-04-13,21.079999923706055,21.079999923706055,21.239999771118164,20.75,21.0,19600
2015-04-14,20.770000457763672,20.770000457763672,21.209999084472656,20.309999465942383,20.920000076293945,37500
2015-04-15,20.6200008392334,20.6200008392334,21.18000030517578,20.389999389648438,20.920000076293945,40100
2015-04-16,20.25,20.25,20.6299991607666,20.1299991607666,20.5,32200
2015-04-17,20.030000686645508,20.030000686645508,20.270000457763672,20.010000228881836,20.100000381469727,49200
2015-04-20,20.239999771118164,20.239999771118164,20.510000228881836,20.059999465942383,20.1299991607666,19000
2015-04-21,20.84000015258789,20.84000015258789,20.8700008392334,20.1299991607666,20.149999618530273,19000
2015-04-22,20.31999969482422,20.31999969482422,20.5,19.979999542236328,20.5,16900
2015-04-23,20.59000015258789,20.59000015258789,20.600000381469727,20.1200008392334,20.25,10100
2015-04-24,20.280000686645508,20.280000686645508,20.760000228881836,20.209999084472656,20.420000076293945,16000
2015-04-27,20.510000228881836,20.510000228881836,20.709999084472656,20.049999237060547,20.459999084472656,20800
2015-04-28,21.079999923706055,21.079999923706055,21.459999084472656,20.309999465942383,20.309999465942383,7800
2015-04-29,21.09000015258789,21.09000015258789,21.239999771118164,20.6299991607666,21.079999923706055,16900
2015-04-30,20.209999084472656,20.209999084472656,21.280000686645508,20.139999389648438,21.110000610351562,29200
2015-05-01,20.360000610351562,20.360000610351562,20.829999923706055,20.200000762939453,20.209999084472656,17100
2015-05-04,20.639999389648438,20.639999389648438,20.850000381469727,20.440000534057617,20.459999084472656,11100
2015-05-05,19.56999969482422,19.56999969482422,20.649999618530273,19.530000686645508,20.639999389648438,16000
2015-05-06,19.959999084472656,19.959999084472656,19.989999771118164,19.420000076293945,19.790000915527344,15400
2015-05-07,19.65999984741211,19.65999984741211,19.780000686645508,19.1200008392334,19.780000686645508,22300
2015-05-08,19.760000228881836,19.760000228881836,19.760000228881836,19.309999465942383,19.719999313354492,12400
2015-05-11,19.530000686645508,19.530000686645508,20.059999465942383,19.360000610351562,19.559999465942383,14100
2015-05-12,19.489999771118164,19.489999771118164,19.559999465942383,19.260000228881836,19.530000686645508,10100
2015-05-13,19.43000030517578,19.43000030517578,19.450000762939453,19.329999923706055,19.43000030517578,6900
2015-05-14,19.459999084472656,19.459999084472656,19.489999771118164,18.479999542236328,19.440000534057617,16700
2015-05-15,19.959999084472656,19.959999084472656,20.0,19.3799991607666,19.3799991607666,17800
2015-05-18,21.469999313354492,21.469999313354492,21.469999313354492,19.729999542236328,20.0,16700
2015-05-19,20.989999771118164,20.989999771118164,21.799999237060547,20.420000076293945,21.510000228881836,14300
2015-05-20,21.020000457763672,21.020000457763672,21.549999237060547,20.84000015258789,21.139999389648438,17600
2015-05-21,20.149999618530273,20.149999618530273,20.979999542236328,19.8799991607666,20.979999542236328,12300
2015-05-22,19.1299991607666,19.1299991607666,20.09000015258789,18.68000030517578,20.09000015258789,21800
2015-05-26,18.610000610351562,18.610000610351562,18.809999465942383,18.1299991607666,18.770000457763672,16400
2015-05-27,19.170000076293945,19.170000076293945,19.440000534057617,18.389999389648438,18.670000076293945,12800
2015-05-28,18.200000762939453,18.200000762939453,19.479999542236328,18.1299991607666,19.469999313354492,18800
2015-05-29,17.860000610351562,17.860000610351562,19.0,17.739999771118164,18.260000228881836,21700
2015-06-01,18.200000762939453,18.200000762939453,18.450000762939453,18.049999237060547,18.049999237060547,10900
2015-06-02,17.969999313354492,17.969999313354492,18.790000915527344,17.5,18.790000915527344,33800
2015-06-03,17.969999313354492,17.969999313354492,18.1200008392334,17.719999313354492,18.1200008392334,16700
2015-06-04,17.989999771118164,17.989999771118164,18.15999984741211,17.56999969482422,18.149999618530273,25300
2015-06-05,18.299999237060547,18.299999237060547,18.299999237060547,17.6200008392334,17.8799991607666,16300
2015-06-08,17.940000534057617,17.940000534057617,18.350000381469727,17.5,18.0,40800
2015-06-09,18.280000686645508,18.280000686645508,18.40999984741211,17.200000762939453,17.799999237060547,34300
2015-06-10,18.530000686645508,18.530000686645508,18.56999969482422,18.1299991607666,18.25,5400
2015-06-11,18.399999618530273,18.399999618530273,19.190000534057617,18.25,18.350000381469727,8600
2015-06-12,18.200000762939453,18.200000762939453,18.700000762939453,18.049999237060547,18.43000030517578,9900
2015-06-15,18.270000457763672,18.270000457763672,18.5,17.299999237060547,18.149999618530273,39300
2015-06-16,18.209999084472656,18.209999084472656,19.100000381469727,17.719999313354492,18.260000228881836,16800
2015-06-17,18.030000686645508,18.030000686645508,18.530000686645508,18.030000686645508,18.440000534057617,8800
2015-06-18,18.389999389648438,18.389999389648438,18.40999984741211,17.899999618530273,17.899999618530273,16600
2015-06-19,19.139999389648438,19.139999389648438,19.139999389648438,17.739999771118164,18.530000686645508,24400
2015-06-22,19.40999984741211,19.40999984741211,19.93000030517578,18.75,18.75,23900
2015-06-23,19.360000610351562,19.360000610351562,19.969999313354492,18.860000610351562,19.690000534057617,44500
2015-06-24,19.09000015258789,19.09000015258789,19.489999771118164,18.8700008392334,19.06999969482422,14900
2015-06-25,19.100000381469727,19.100000381469727,19.8700008392334,18.059999465942383,18.059999465942383,4200
2015-06-26,19.920000076293945,19.920000076293945,19.940000534057617,19.0,19.0,24600
2015-06-29,19.059999465942383,19.059999465942383,19.989999771118164,19.0,19.5,10700
2015-06-30,19.190000534057617,19.190000534057617,19.479999542236328,19.190000534057617,19.440000534057617,9400
2015-07-01,19.610000610351562,19.610000610351562,19.850000381469727,18.950000762939453,19.559999465942383,14300
2015-07-02,19.010000228881836,19.010000228881836,20.0,18.780000686645508,19.639999389648438,12000
2015-07-06,19.299999237060547,19.299999237060547,19.75,18.610000610351562,18.790000915527344,11200
2015-07-07,19.1200008392334,19.1200008392334,19.350000381469727,18.950000762939453,19.219999313354492,11700
2015-07-08,19.059999465942383,19.059999465942383,19.43000030517578,18.549999237060547,18.90999984741211,34300
2015-07-09,18.65999984741211,18.65999984741211,19.110000610351562,18.6200008392334,18.719999313354492,11500
2015-07-10,18.729999542236328,18.729999542236328,18.90999984741211,18.59000015258789,18.90999984741211,8600
2015-07-13,18.93000030517578,18.93000030517578,19.0,18.8700008392334,18.920000076293945,8300
2015-07-14,16.649999618530273,16.649999618530273,18.940000534057617,15.430000305175781,18.93000030517578,117900
2015-07-15,15.300000190734863,15.300000190734863,16.489999771118164,15.130000114440918,16.489999771118164,204000
2015-07-16,15.260000228881836,15.260000228881836,15.720000267028809,15.069999694824219,15.470000267028809,43100
2015-07-17,14.789999961853027,14.789999961853027,15.4399995803833,14.640000343322754,15.220000267028809,31900
2015-07-20,14.949999809265137,14.949999809265137,15.550000190734863,14.149999618530273,14.869999885559082,28900
2015-07-21,14.670000076293945,14.670000076293945,15.569999694824219,14.279999732971191,14.399999618530273,28000
2015-07-22,15.039999961853027,15.039999961853027,15.149999618530273,14.270000457763672,14.520000457763672,39500
2015-07-23,14.369999885559082,14.369999885559082,15.460000038146973,14.1899995803833,15.220000267028809,60500
2015-07-24,14.270000457763672,14.270000457763672,14.470000267028809,14.199999809265137,14.350000381469727,22600
2015-07-27,14.0600004196167,14.0600004196167,14.25,14.0,14.1899995803833,18700
2015-07-28,14.229999542236328,14.229999542236328,14.25,13.989999771118164,14.100000381469727,28000
2015-07-29,14.399999618530273,14.399999618530273,14.5600004196167,14.069999694824219,14.220000267028809,12600
2015-07-30,14.5600004196167,14.5600004196167,14.899999618530273,14.369999885559082,14.369999885559082,25800
2015-07-31,14.720000267028809,14.720000267028809,15.039999961853027,14.359999656677246,14.539999961853027,5200
2015-08-03,15.3100004196167,15.3100004196167,15.350000381469727,14.5600004196167,14.779999732971191,23700
2015-08-04,14.979999542236328,14.979999542236328,15.4399995803833,14.800000190734863,15.210000038146973,17900
2015-08-05,14.8100004196167,14.8100004196167,15.449999809265137,14.800000190734863,15.100000381469727,12600
2015-08-06,14.970000267028809,14.970000267028809,15.479999542236328,14.460000038146973,14.899999618530273,46200
2015-08-07,14.829999923706055,14.829999923706055,15.460000038146973,14.670000076293945,14.960000038146973,8900
2015-08-10,15.350000381469727,15.350000381469727,15.470000267028809,14.949999809265137,14.949999809265137,16400
2015-08-11,14.949999809265137,14.949999809265137,15.270000457763672,14.760000228881836,15.270000457763672,11800
2015-08-12,14.760000228881836,14.760000228881836,14.970000267028809,14.579999923706055,14.899999618530273,12500
2015-08-13,15.399999618530273,15.399999618530273,15.510000228881836,14.75,14.75,10800
2015-08-14,14.84000015258789,14.84000015258789,15.600000381469727,14.510000228881836,15.380000114440918,17000
2015-08-17,14.729999542236328,14.729999542236328,15.119999885559082,14.630000114440918,14.84000015258789,13800
2015-08-18,14.149999618530273,14.149999618530273,14.720000267028809,13.859999656677246,14.720000267028809,31700
2015-08-19,13.720000267028809,13.720000267028809,15.0,13.5600004196167,14.050000190734863,28200
2015-08-20,13.729999542236328,13.729999542236328,14.180000305175781,13.40999984741211,13.739999771118164,68200
2015-08-21,13.880000114440918,13.880000114440918,14.239999771118164,13.5,13.5,29600
2015-08-24,14.199999809265137,14.199999809265137,14.65999984741211,13.75,13.75,21600
2015-08-25,13.600000381469727,13.600000381469727,14.760000228881836,13.510000228881836,14.569999694824219,40100
2015-08-26,14.09000015258789,14.09000015258789,14.149999618530273,13.5,13.920000076293945,10500
2015-08-27,13.739999771118164,13.739999771118164,14.229999542236328,13.149999618530273,14.140000343322754,16200
2015-08-28,14.100000381469727,14.100000381469727,14.270000457763672,13.630000114440918,13.630000114440918,13500
2015-08-31,14.40999984741211,14.40999984741211,14.770000457763672,14.140000343322754,14.140000343322754,31400
2015-09-01,14.069999694824219,14.069999694824219,14.5,14.0,14.319999694824219,17300
2015-09-02,13.970000267028809,13.970000267028809,14.399999618530273,13.819999694824219,14.210000038146973,17300
2015-09-03,13.739999771118164,13.739999771118164,14.369999885559082,13.729999542236328,14.369999885559082,21000
2015-09-04,13.680000305175781,13.680000305175781,14.220000267028809,13.5,13.609999656677246,20500
2015-09-08,13.649999618530273,13.649999618530273,14.210000038146973,13.449999809265137,13.899999618530273,17300
2015-09-09,13.5,13.5,14.0,13.109999656677246,13.739999771118164,72300
2015-09-10,13.399999618530273,13.399999618530273,13.550000190734863,13.220000267028809,13.449999809265137,19300
2015-09-11,13.300000190734863,13.300000190734863,13.550000190734863,13.010000228881836,13.300000190734863,22100
2015-09-14,13.4399995803833,13.4399995803833,13.600000381469727,13.220000267028809,13.550000190734863,18000
2015-09-15,13.369999885559082,13.369999885559082,13.390000343322754,13.220000267028809,13.359999656677246,9500
2015-09-16,13.460000038146973,13.460000038146973,13.5600004196167,13.180000305175781,13.399999618530273,9200
2015-09-17,13.609999656677246,13.609999656677246,14.079999923706055,13.420000076293945,14.079999923706055,15300
2015-09-18,13.399999618530273,13.399999618530273,13.59000015258789,13.359999656677246,13.40999984741211,18100
2015-09-21,13.130000114440918,13.130000114440918,13.550000190734863,13.09000015258789,13.430000305175781,23900
2015-09-22,13.09000015258789,13.09000015258789,13.329999923706055,12.800000190734863,13.0,25100
2015-09-23,12.600000381469727,12.600000381469727,13.449999809265137,12.579999923706055,13.449999809265137,30400
2015-09-24,12.539999961853027,12.539999961853027,12.90999984741211,12.380000114440918,12.760000228881836,29300
2015-09-25,11.720000267028809,11.720000267028809,13.039999961853027,11.239999771118164,12.569999694824219,61800
2015-09-28,11.760000228881836,11.760000228881836,12.729999542236328,11.699999809265137,11.699999809265137,31400
2015-09-29,11.470000267028809,11.470000267028809,12.300000190734863,11.3100004196167,11.630000114440918,26300
2015-09-30,10.479999542236328,10.479999542236328,11.699999809265137,10.15999984741211,11.5,52300
2015-10-01,10.59000015258789,10.59000015258789,10.989999771118164,10.5600004196167,10.59000015258789,43700
2015-10-02,10.300000190734863,10.300000190734863,10.600000381469727,9.890000343322754,10.600000381469727,37900
2015-10-05,12.1899995803833,12.1899995803833,12.25,10.100000381469727,10.5600004196167,80300
2015-10-06,12.079999923706055,12.079999923706055,12.199999809265137,10.90999984741211,12.140000343322754,48100
2015-10-07,12.0600004196167,12.0600004196167,12.289999961853027,11.949999809265137,12.119999885559082,31700
2015-10-08,12.210000038146973,12.210000038146973,12.5600004196167,12.0,12.119999885559082,27300
2015-10-09,12.199999809265137,12.199999809265137,12.5,11.949999809265137,12.220000267028809,17300
2015-10-12,12.300000190734863,12.300000190734863,12.520000457763672,12.0,12.180000305175781,26000
2015-10-13,11.59000015258789,11.59000015258789,12.420000076293945,11.579999923706055,12.270000457763672,15100
2015-10-14,11.420000076293945,11.420000076293945,12.0,11.390000343322754,11.989999771118164,20600
2015-10-15,11.680000305175781,11.680000305175781,12.170000076293945,11.050000190734863,11.539999961853027,24200
2015-10-16,11.470000267028809,11.470000267028809,11.880000114440918,11.319999694824219,11.729999542236328,19400
2015-10-19,11.3100004196167,11.3100004196167,11.600000381469727,11.199999809265137,11.59000015258789,18100
2015-10-20,11.239999771118164,11.239999771118164,11.550000190734863,11.0600004196167,11.289999961853027,35600
2015-10-21,11.180000305175781,11.180000305175781,11.350000381469727,11.100000381469727,11.279999732971191,19300
2015-10-22,11.470000267028809,11.470000267028809,11.670000076293945,11.180000305175781,11.180000305175781,28700
2015-10-23,11.890000343322754,11.890000343322754,12.0,11.220000267028809,11.489999771118164,23200
2015-10-26,11.25,11.25,11.819999694824219,11.119999885559082,11.789999961853027,23100
2015-10-27,11.449999809265137,11.449999809265137,11.779999732971191,11.039999961853027,11.260000228881836,21000
2015-10-28,11.710000038146973,11.710000038146973,11.800000190734863,11.140000343322754,11.800000190734863,27000
2015-10-29,11.359999656677246,11.359999656677246,11.6899995803833,11.149999618530273,11.6899995803833,26300
2015-10-30,11.350000381469727,11.350000381469727,11.699999809265137,11.119999885559082,11.65999984741211,21100
2015-11-02,11.510000228881836,11.510000228881836,11.720000267028809,11.3100004196167,11.630000114440918,18300
2015-11-03,11.859999656677246,11.859999656677246,12.109999656677246,11.329999923706055,11.550000190734863,41400
2015-11-04,12.109999656677246,12.109999656677246,12.140000343322754,11.720000267028809,11.850000381469727,16700
2015-11-05,11.600000381469727,11.600000381469727,12.149999618530273,11.460000038146973,12.140000343322754,17500
2015-11-06,11.199999809265137,11.199999809265137,11.899999618530273,11.010000228881836,11.470000267028809,20100
2015-11-09,11.229999542236328,11.229999542236328,11.520000457763672,11.0,11.15999984741211,21100
2015-11-10,10.800000190734863,10.800000190734863,11.75,10.640000343322754,11.210000038146973,48700
2015-11-11,10.0600004196167,10.0600004196167,11.600000381469727,10.050000190734863,10.869999885559082,19900
2015-11-12,10.3100004196167,10.3100004196167,10.479999542236328,9.880000114440918,10.0,26400
2015-11-13,10.220000267028809,10.220000267028809,10.460000038146973,10.170000076293945,10.350000381469727,18700
2015-11-16,10.539999961853027,10.539999961853027,10.539999961853027,10.109999656677246,10.260000228881836,22700
2015-11-17,10.390000343322754,10.390000343322754,10.640000343322754,10.329999923706055,10.489999771118164,27100
2015-11-18,10.1899995803833,10.1899995803833,10.510000228881836,10.100000381469727,10.319999694824219,20300
2015-11-19,10.289999961853027,10.289999961853027,10.460000038146973,9.949999809265137,10.180000305175781,22000
2015-11-20,10.489999771118164,10.489999771118164,10.680000305175781,10.180000305175781,10.369999885559082,24500
2015-11-23,10.529999732971191,10.529999732971191,10.65999984741211,10.1899995803833,10.390000343322754,23900
2015-11-24,10.6899995803833,10.6899995803833,10.760000228881836,10.289999961853027,10.460000038146973,28400
2015-11-25,11.029999732971191,11.029999732971191,11.140000343322754,10.399999618530273,10.640000343322754,33100
2015-11-27,11.029999732971191,11.029999732971191,11.130000114440918,10.899999618530273,10.899999618530273,8000
2015-11-30,11.0,11.0,11.09000015258789,10.890000343322754,10.9399995803833,19600
2015-12-01,11.470000267028809,11.470000267028809,11.609999656677246,10.949999809265137,11.149999618530273,36500
2015-12-02,11.109999656677246,11.109999656677246,11.579999923706055,10.960000038146973,11.569999694824219,26100
2015-12-03,11.4399995803833,11.4399995803833,11.789999961853027,11.109999656677246,11.109999656677246,37100
2015-12-04,11.25,11.25,11.609999656677246,11.149999618530273,11.399999618530273,26700
2015-12-07,11.5600004196167,11.5600004196167,11.75,11.149999618530273,11.149999618530273,24000
2015-12-08,11.989999771118164,11.989999771118164,12.09000015258789,11.3100004196167,11.539999961853027,27800
2015-12-09,11.720000267028809,11.720000267028809,12.0,11.600000381469727,12.0,19900
2015-12-10,11.579999923706055,11.579999923706055,11.819999694824219,11.550000190734863,11.699999809265137,15400
2015-12-11,11.359999656677246,11.359999656677246,11.699999809265137,11.199999809265137,11.579999923706055,16400
2015-12-14,11.550000190734863,11.550000190734863,11.600000381469727,11.420000076293945,11.449999809265137,31700
2015-12-15,11.229999542236328,11.229999542236328,11.399999618530273,11.199999809265137,11.399999618530273,19500
2015-12-16,11.390000343322754,11.390000343322754,11.399999618530273,11.180000305175781,11.3100004196167,17900
2015-12-17,11.260000228881836,11.260000228881836,11.399999618530273,11.020000457763672,11.399999618530273,18700
2015-12-18,11.140000343322754,11.140000343322754,11.260000228881836,11.0,11.149999618530273,18900
2015-12-21,11.3100004196167,11.3100004196167,11.34000015258789,11.109999656677246,11.1899995803833,9100
2015-12-22,11.350000381469727,11.350000381469727,11.399999618530273,11.15999984741211,11.399999618530273,8000
2015-12-23,11.399999618530273,11.399999618530273,11.399999618530273,11.319999694824219,11.399999618530273,10200
2015-12-24,11.359999656677246,11.359999656677246,11.390000343322754,11.3100004196167,11.380000114440918,1400
2015-12-28,11.289999961853027,11.289999961853027,11.380000114440918,11.020000457763672,11.270000457763672,11600
2015-12-29,11.25,11.25,11.329999923706055,11.220000267028809,11.220000267028809,4100
2015-12-30,11.039999961853027,11.039999961853027,11.210000038146973,11.020000457763672,11.130000114440918,7300
2015-12-31,11.100000381469727,11.100000381469727,11.260000228881836,10.90999984741211,11.069999694824219,16500
2016-01-04,11.0,11.0,11.149999618530273,10.710000038146973,11.069999694824219,38300
2016-01-05,11.210000038146973,11.210000038146973,11.329999923706055,10.930000305175781,10.930000305175781,25700
2016-01-06,11.359999656677246,11.359999656677246,11.390000343322754,11.100000381469727,11.100000381469727,33500
2016-01-07,11.369999885559082,11.369999885559082,11.449999809265137,11.199999809265137,11.199999809265137,24800
2016-01-08,11.300000190734863,11.300000190734863,11.579999923706055,11.279999732971191,11.5,18500
2016-01-11,11.350000381469727,11.350000381469727,11.59000015258789,11.149999618530273,11.5600004196167,11300
2016-01-12,11.380000114440918,11.380000114440918,11.59000015258789,11.239999771118164,11.5,31200
2016-01-13,11.1899995803833,11.1899995803833,11.460000038146973,11.130000114440918,11.350000381469727,22100
2016-01-14,11.239999771118164,11.239999771118164,11.3100004196167,11.130000114440918,11.279999732971191,12800
2016-01-15,11.119999885559082,11.119999885559082,11.180000305175781,11.039999961853027,11.039999961853027,34900
2016-01-19,11.149999618530273,11.149999618530273,11.239999771118164,11.100000381469727,11.15999984741211,18600
2016-01-20,11.880000114440918,11.880000114440918,11.880000114440918,10.90999984741211,11.0600004196167,38700
2016-01-21,12.0,12.0,12.079999923706055,11.670000076293945,11.670000076293945,14400
2016-01-22,12.239999771118164,12.239999771118164,12.239999771118164,11.979999542236328,11.979999542236328,12800
2016-01-25,11.9399995803833,11.9399995803833,12.40999984741211,11.880000114440918,12.25,13200
2016-01-26,12.289999961853027,12.289999961853027,12.300000190734863,11.329999923706055,11.789999961853027,18600
2016-01-27,12.329999923706055,12.329999923706055,12.609999656677246,11.869999885559082,11.869999885559082,14800
2016-01-28,12.649999618530273,12.649999618530273,12.760000228881836,12.100000381469727,12.40999984741211,13900
2016-01-29,12.819999694824219,12.819999694824219,13.319999694824219,12.5600004196167,12.600000381469727,14800
2016-02-01,13.329999923706055,13.329999923706055,13.479999542236328,12.739999771118164,12.90999984741211,11900
2016-02-02,12.529999732971191,12.529999732971191,13.180000305175781,12.470000267028809,13.180000305175781,20200
2016-02-03,12.109999656677246,12.109999656677246,12.600000381469727,12.0,12.600000381469727,8300
2016-02-04,12.039999961853027,12.039999961853027,12.220000267028809,11.880000114440918,12.09000015258789,15300
2016-02-05,11.460000038146973,11.460000038146973,12.180000305175781,11.460000038146973,12.010000228881836,10900
2016-02-08,10.579999923706055,10.579999923706055,11.800000190734863,10.520000457763672,11.6899995803833,28000
2016-02-09,10.699999809265137,10.699999809265137,10.75,10.279999732971191,10.520000457763672,11600
2016-02-10,10.479999542236328,10.479999542236328,10.789999961853027,10.40999984741211,10.789999961853027,22000
2016-02-11,10.670000076293945,10.670000076293945,10.789999961853027,10.4399995803833,10.4399995803833,40200
2016-02-12,10.5600004196167,10.5600004196167,11.1899995803833,10.449999809265137,10.920000076293945,38100
2016-02-16,10.5,10.5,10.720000267028809,10.3100004196167,10.5,44800
2016-02-17,10.300000190734863,10.300000190734863,10.770000457763672,10.170000076293945,10.449999809265137,35000
2016-02-18,10.359999656677246,10.359999656677246,10.520000457763672,10.3100004196167,10.34000015258789,21900
2016-02-19,10.550000190734863,10.550000190734863,10.770000457763672,10.270000457763672,10.380000114440918,13100
2016-02-22,10.479999542236328,10.479999542236328,10.859999656677246,10.34000015258789,10.600000381469727,13200
2016-02-23,10.510000228881836,10.510000228881836,10.569999694824219,10.390000343322754,10.460000038146973,10800
2016-02-24,10.65999984741211,10.65999984741211,10.65999984741211,10.380000114440918,10.5,5000
2016-02-25,11.010000228881836,11.010000228881836,11.180000305175781,10.600000381469727,10.729999542236328,13700
2016-02-26,11.4399995803833,11.4399995803833,11.760000228881836,11.149999618530273,11.149999618530273,8800
2016-02-29,11.289999961853027,11.289999961853027,11.729999542236328,10.329999923706055,11.020000457763672,11700
2016-03-01,11.279999732971191,11.279999732971191,11.399999618530273,11.109999656677246,11.399999618530273,5500
2016-03-02,11.329999923706055,11.329999923706055,11.40999984741211,11.130000114440918,11.130000114440918,7000
2016-03-03,11.520000457763672,11.520000457763672,11.579999923706055,11.289999961853027,11.420000076293945,9900
2016-03-04,11.600000381469727,11.600000381469727,11.850000381469727,11.569999694824219,11.729999542236328,5300
2016-03-07,11.90999984741211,11.90999984741211,12.079999923706055,11.539999961853027,11.539999961853027,5300
2016-03-08,11.869999885559082,11.869999885559082,12.039999961853027,11.859999656677246,11.859999656677246,3000
2016-03-09,11.529999732971191,11.529999732971191,11.640000343322754,11.479999542236328,11.640000343322754,3900
2016-03-10,11.069999694824219,11.069999694824219,12.0,10.880000114440918,11.529999732971191,6400
2016-03-11,11.34000015258789,11.34000015258789,11.350000381469727,11.109999656677246,11.130000114440918,5100
2016-03-14,11.239999771118164,11.239999771118164,11.430000305175781,11.020000457763672,11.020000457763672,6700
2016-03-15,11.239999771118164,11.239999771118164,11.399999618530273,11.239999771118164,11.319999694824219,4000
2016-03-16,11.579999923706055,11.579999923706055,11.65999984741211,10.949999809265137,11.0600004196167,9500
2016-03-17,11.350000381469727,11.350000381469727,11.489999771118164,11.289999961853027,11.489999771118164,10400
2016-03-18,11.130000114440918,11.130000114440918,11.4399995803833,10.539999961853027,11.4399995803833,20400
2016-03-21,11.039999961853027,11.039999961853027,11.0600004196167,10.859999656677246,11.0600004196167,5000
2016-03-22,10.75,10.75,10.800000190734863,10.739999771118164,10.789999961853027,6000
2016-03-23,10.539999961853027,10.539999961853027,10.75,10.5,10.699999809265137,8000
2016-03-24,10.770000457763672,10.770000457763672,10.770000457763672,10.3100004196167,10.470000267028809,10400
2016-03-28,10.350000381469727,10.350000381469727,10.770000457763672,10.3100004196167,10.699999809265137,27300
2016-03-29,10.550000190734863,10.550000190734863,10.579999923706055,10.34000015258789,10.40999984741211,5500
2016-03-30,11.069999694824219,11.069999694824219,11.119999885559082,10.390000343322754,10.390000343322754,10000
2016-03-31,10.829999923706055,10.829999923706055,11.1899995803833,10.430000305175781,10.430000305175781,9700
2016-04-01,10.5600004196167,10.5600004196167,10.779999732971191,10.520000457763672,10.529999732971191,14700
2016-04-04,10.449999809265137,10.449999809265137,10.609999656677246,10.380000114440918,10.600000381469727,5400
2016-04-05,10.319999694824219,10.319999694824219,10.539999961853027,10.319999694824219,10.539999961853027,6600
2016-04-06,10.039999961853027,10.039999961853027,10.399999618530273,10.0,10.369999885559082,18700
2016-04-07,9.890000343322754,9.890000343322754,10.0,9.880000114440918,10.0,17600
2016-04-08,9.710000038146973,9.710000038146973,10.109999656677246,9.649999618530273,9.890000343322754,24300
2016-04-11,9.510000228881836,9.510000228881836,9.9399995803833,9.510000228881836,9.6899995803833,14700
2016-04-12,9.4399995803833,9.4399995803833,9.720000267028809,9.380000114440918,9.640000343322754,8200
2016-04-13,9.5,9.5,9.600000381469727,9.369999885559082,9.449999809265137,17900
2016-04-14,9.470000267028809,9.470000267028809,9.550000190734863,9.4399995803833,9.4399995803833,6300
2016-04-15,9.489999771118164,9.489999771118164,9.6899995803833,9.420000076293945,9.420000076293945,7800
2016-04-18,9.039999961853027,9.039999961853027,9.489999771118164,9.010000228881836,9.460000038146973,12700
2016-04-19,9.010000228881836,9.010000228881836,9.149999618530273,8.880000114440918,9.0,27000
2016-04-20,9.029999732971191,9.029999732971191,9.180000305175781,8.899999618530273,8.970000267028809,28400
2016-04-21,9.329999923706055,9.329999923706055,10.149999618530273,9.020000457763672,9.989999771118164,22200
2016-04-22,9.90999984741211,9.90999984741211,10.079999923706055,9.460000038146973,9.460000038146973,16900
2016-04-25,9.779999732971191,9.779999732971191,10.180000305175781,9.770000457763672,10.180000305175781,20000
2016-04-26,9.930000305175781,9.930000305175781,9.949999809265137,9.770000457763672,9.770000457763672,4800
2016-04-27,9.890000343322754,9.890000343322754,9.989999771118164,9.859999656677246,9.930000305175781,2100
2016-04-28,9.770000457763672,9.770000457763672,10.0,9.65999984741211,9.9399995803833,6200
2016-04-29,9.699999809265137,9.699999809265137,9.920000076293945,9.609999656677246,9.779999732971191,5700
2016-05-02,9.569999694824219,9.569999694824219,9.640000343322754,9.529999732971191,9.619999885559082,2200
2016-05-03,9.380000114440918,9.380000114440918,9.630000114440918,9.359999656677246,9.539999961853027,7200
2016-05-04,9.289999961853027,9.289999961853027,9.609999656677246,9.279999732971191,9.600000381469727,2400
2016-05-05,9.520000457763672,9.520000457763672,9.75,9.260000228881836,9.600000381469727,3900
2016-05-06,9.600000381469727,9.600000381469727,9.630000114440918,9.329999923706055,9.329999923706055,5800
2016-05-09,9.600000381469727,9.600000381469727,9.65999984741211,9.329999923706055,9.430000305175781,16700
2016-05-10,9.720000267028809,9.720000267028809,9.75,9.399999618530273,9.65999984741211,15000
2016-05-11,9.34000015258789,9.34000015258789,9.789999961853027,9.279999732971191,9.420000076293945,8800
2016-05-12,9.510000228881836,9.510000228881836,9.630000114440918,9.350000381469727,9.350000381469727,11200
2016-05-13,9.40999984741211,9.40999984741211,9.6899995803833,9.359999656677246,9.6899995803833,6800
2016-05-16,9.59000015258789,9.59000015258789,9.680000305175781,9.479999542236328,9.489999771118164,6600
2016-05-17,9.300000190734863,9.300000190734863,9.65999984741211,9.289999961853027,9.65999984741211,11700
2016-05-18,9.109999656677246,9.109999656677246,9.289999961853027,9.050000190734863,9.279999732971191,4700
2016-05-19,9.380000114440918,9.380000114440918,9.449999809265137,9.119999885559082,9.119999885559082,6100
2016-05-20,9.479999542236328,9.479999542236328,9.520000457763672,9.369999885559082,9.380000114440918,4300
2016-05-23,9.399999618530273,9.399999618530273,9.4399995803833,9.3100004196167,9.4399995803833,2700
2016-05-24,9.380000114440918,9.380000114440918,9.470000267028809,9.119999885559082,9.470000267028809,8100
2016-05-25,9.199999809265137,9.199999809265137,9.359999656677246,9.109999656677246,9.1899995803833,15800
2016-05-26,9.170000076293945,9.170000076293945,9.220000267028809,9.079999923706055,9.130000114440918,15100
2016-05-27,9.300000190734863,9.300000190734863,9.319999694824219,9.079999923706055,9.079999923706055,15600
2016-05-31,9.470000267028809,9.470000267028809,9.649999618530273,9.40999984741211,9.40999984741211,4700
2016-06-01,9.600000381469727,9.600000381469727,9.720000267028809,9.5,9.5,10200
2016-06-02,9.479999542236328,9.479999542236328,9.630000114440918,9.390000343322754,9.600000381469727,4600
2016-06-03,9.270000457763672,9.270000457763672,9.520000457763672,9.25,9.520000457763672,3500
2016-06-06,9.609999656677246,9.609999656677246,9.720000267028809,9.3100004196167,9.380000114440918,9100
2016-06-07,9.6899995803833,9.6899995803833,9.970000267028809,9.529999732971191,9.529999732971191,11600
2016-06-08,9.699999809265137,9.699999809265137,9.819999694824219,9.680000305175781,9.6899995803833,3000
2016-06-09,9.640000343322754,9.640000343322754,9.770000457763672,9.579999923706055,9.6899995803833,9900
2016-06-10,9.210000038146973,9.210000038146973,9.640000343322754,9.140000343322754,9.640000343322754,10200
2016-06-13,9.069999694824219,9.069999694824219,9.140000343322754,9.039999961853027,9.119999885559082,5400
2016-06-14,8.960000038146973,8.960000038146973,9.170000076293945,8.960000038146973,9.15999984741211,5800
2016-06-15,9.0600004196167,9.0600004196167,9.1899995803833,8.819999694824219,8.819999694824219,9000
2016-06-16,9.0600004196167,9.0600004196167,9.229999542236328,9.039999961853027,9.050000190734863,8900
2016-06-17,9.020000457763672,9.020000457763672,9.149999618530273,9.020000457763672,9.079999923706055,12900
2016-06-20,9.079999923706055,9.079999923706055,9.359999656677246,9.020000457763672,9.180000305175781,5700
2016-06-21,8.9399995803833,8.9399995803833,9.09000015258789,8.920000076293945,8.960000038146973,31400
2016-06-22,8.869999885559082,8.869999885559082,8.979999542236328,8.829999923706055,8.9399995803833,13700
2016-06-23,9.289999961853027,9.289999961853027,9.289999961853027,8.930000305175781,8.970000267028809,8400
2016-06-24,9.029999732971191,9.029999732971191,9.489999771118164,9.010000228881836,9.460000038146973,23700
2016-06-27,8.930000305175781,8.930000305175781,9.100000381469727,8.680000305175781,9.100000381469727,45500
2016-06-28,9.0,9.0,9.270000457763672,8.90999984741211,9.0,6000
2016-06-29,9.09000015258789,9.09000015258789,9.270000457763672,9.0,9.270000457763672,10800
2016-06-30,9.670000076293945,9.670000076293945,9.699999809265137,9.0600004196167,9.1899995803833,23100
2016-07-01,10.399999618530273,10.399999618530273,10.760000228881836,9.569999694824219,9.569999694824219,20200
2016-07-05,10.479999542236328,10.479999542236328,10.579999923706055,10.289999961853027,10.5600004196167,11400
2016-07-06,10.739999771118164,10.739999771118164,10.789999961853027,10.319999694824219,10.529999732971191,7900
2016-07-07,11.680000305175781,11.680000305175781,11.9399995803833,10.630000114440918,10.84000015258789,41000
2016-07-08,12.050000190734863,12.050000190734863,12.069999694824219,11.600000381469727,11.920000076293945,21600
2016-07-11,12.029999732971191,12.029999732971191,12.350000381469727,11.84000015258789,12.239999771118164,21800
2016-07-12,11.850000381469727,11.850000381469727,12.039999961853027,11.8100004196167,12.039999961853027,13900
2016-07-13,11.90999984741211,11.90999984741211,12.25,11.550000190734863,12.0,14000
2016-07-14,11.920000076293945,11.920000076293945,12.0,11.890000343322754,12.0,3700
2016-07-15,12.140000343322754,12.140000343322754,12.5,11.930000305175781,12.010000228881836,26800
2016-07-18,11.880000114440918,11.880000114440918,12.199999809265137,11.869999885559082,12.069999694824219,10100
2016-07-19,11.760000228881836,11.760000228881836,12.130000114440918,11.510000228881836,11.510000228881836,6800
2016-07-20,11.109999656677246,11.109999656677246,11.819999694824219,10.970000267028809,11.819999694824219,14500
2016-07-21,10.930000305175781,10.930000305175781,11.199999809265137,10.6899995803833,11.199999809265137,15400
2016-07-22,10.850000381469727,10.850000381469727,11.640000343322754,10.75,11.020000457763672,8900
2016-07-25,10.449999809265137,10.449999809265137,10.949999809265137,10.100000381469727,10.75,24300
2016-07-26,10.420000076293945,10.420000076293945,10.4399995803833,10.350000381469727,10.420000076293945,5000
2016-07-27,9.869999885559082,9.869999885559082,10.359999656677246,9.229999542236328,10.350000381469727,22000
2016-07-28,9.670000076293945,9.670000076293945,9.869999885559082,9.420000076293945,9.420000076293945,10800
2016-07-29,9.989999771118164,9.989999771118164,10.300000190734863,9.680000305175781,9.760000228881836,7300
2016-08-01,10.109999656677246,10.109999656677246,10.180000305175781,9.850000381469727,9.9399995803833,6300
2016-08-02,9.930000305175781,9.930000305175781,10.239999771118164,9.880000114440918,10.180000305175781,5700
2016-08-03,9.930000305175781,9.930000305175781,9.930000305175781,9.8100004196167,9.84000015258789,13700
2016-08-04,10.15999984741211,10.15999984741211,10.289999961853027,10.020000457763672,10.1899995803833,5800
2016-08-05,10.270000457763672,10.270000457763672,10.270000457763672,10.0600004196167,10.229999542236328,7000
2016-08-08,10.279999732971191,10.279999732971191,10.4399995803833,9.979999542236328,10.1899995803833,4600
2016-08-09,10.600000381469727,10.600000381469727,10.6899995803833,10.329999923706055,10.390000343322754,7100
2016-08-10,10.619999885559082,10.619999885559082,10.789999961853027,10.550000190734863,10.699999809265137,7200
2016-08-11,10.640000343322754,10.640000343322754,10.649999618530273,10.539999961853027,10.600000381469727,5800
2016-08-12,10.600000381469727,10.600000381469727,10.640000343322754,10.550000190734863,10.640000343322754,5100
2016-08-15,10.619999885559082,10.619999885559082,10.640000343322754,10.5,10.5,6500
2016-08-16,10.569999694824219,10.569999694824219,10.640000343322754,10.569999694824219,10.640000343322754,3700
2016-08-17,10.630000114440918,10.630000114440918,11.0,10.399999618530273,10.869999885559082,11600
2016-08-18,10.510000228881836,10.510000228881836,11.029999732971191,10.399999618530273,11.029999732971191,10200
2016-08-19,10.529999732971191,10.529999732971191,10.579999923706055,10.40999984741211,10.489999771118164,11400
2016-08-22,10.819999694824219,10.819999694824219,11.279999732971191,10.460000038146973,10.5600004196167,24800
2016-08-23,10.890000343322754,10.890000343322754,11.140000343322754,10.8100004196167,10.930000305175781,6700
2016-08-24,11.039999961853027,11.039999961853027,11.109999656677246,10.699999809265137,10.699999809265137,4400
2016-08-25,11.029999732971191,11.029999732971191,11.15999984741211,10.90999984741211,11.15999984741211,1900
2016-08-26,11.199999809265137,11.199999809265137,11.279999732971191,11.069999694824219,11.079999923706055,6400
2016-08-29,11.880000114440918,11.880000114440918,11.989999771118164,11.15999984741211,11.289999961853027,17600
2016-08-30,12.350000381469727,12.350000381469727,12.460000038146973,11.869999885559082,11.989999771118164,18800
2016-08-31,12.399999618530273,12.399999618530273,12.600000381469727,12.199999809265137,12.3100004196167,26500
2016-09-01,11.949999809265137,11.949999809265137,12.5,11.75,12.460000038146973,18800
2016-09-02,12.359999656677246,12.359999656677246,12.399999618530273,11.850000381469727,12.050000190734863,11700
2016-09-06,12.710000038146973,12.710000038146973,12.760000228881836,12.329999923706055,12.4399995803833,18300
2016-09-07,12.770000457763672,12.770000457763672,12.850000381469727,12.729999542236328,12.829999923706055,10400
2016-09-08,13.119999885559082,13.119999885559082,13.180000305175781,12.75,12.84000015258789,16100
2016-09-09,13.5,13.5,13.680000305175781,12.920000076293945,12.949999809265137,43300
2016-09-12,13.600000381469727,13.600000381469727,13.65999984741211,13.270000457763672,13.460000038146973,17500
2016-09-13,13.609999656677246,13.609999656677246,13.6899995803833,13.520000457763672,13.609999656677246,8100
2016-09-14,14.5,14.5,14.630000114440918,13.65999984741211,13.65999984741211,34200
2016-09-15,14.399999618530273,14.399999618530273,15.199999809265137,14.220000267028809,14.489999771118164,22400
2016-09-16,15.960000038146973,15.960000038146973,16.149999618530273,14.75,14.9399995803833,159200
2016-09-19,15.800000190734863,15.800000190734863,16.600000381469727,15.699999809265137,16.260000228881836,69300
2016-09-20,15.880000114440918,15.880000114440918,16.06999969482422,15.550000190734863,16.06999969482422,18600
2016-09-21,15.760000228881836,15.760000228881836,16.1200008392334,15.640000343322754,16.09000015258789,31400
2016-09-22,15.920000076293945,15.920000076293945,16.049999237060547,15.760000228881836,15.760000228881836,17000
2016-09-23,15.5600004196167,15.5600004196167,16.040000915527344,15.5,15.779999732971191,15800
2016-09-26,15.760000228881836,15.760000228881836,15.819999694824219,15.569999694824219,15.619999885559082,23400
2016-09-27,15.6899995803833,15.6899995803833,15.90999984741211,15.619999885559082,15.859999656677246,13900
2016-09-28,15.989999771118164,15.989999771118164,16.030000686645508,15.609999656677246,15.630000114440918,14300
2016-09-29,16.270000457763672,16.270000457763672,16.3700008392334,15.90999984741211,15.90999984741211,15900
2016-09-30,16.940000534057617,16.940000534057617,16.979999542236328,16.360000610351562,16.389999389648438,36600
2016-10-03,16.079999923706055,16.079999923706055,16.959999084472656,16.020000457763672,16.75,25700
2016-10-04,15.989999771118164,15.989999771118164,16.299999237060547,15.949999809265137,16.110000610351562,16800
2016-10-05,15.180000305175781,15.180000305175781,16.059999465942383,15.079999923706055,16.059999465942383,34800
2016-10-06,15.0,15.0,15.34000015258789,14.970000267028809,15.0600004196167,25000
2016-10-07,14.930000305175781,14.930000305175781,15.109999656677246,14.6899995803833,15.109999656677246,17300
2016-10-10,15.199999809265137,15.199999809265137,15.199999809265137,14.84000015258789,14.880000114440918,9000
2016-10-11,17.190000534057617,17.190000534057617,17.3799991607666,15.210000038146973,15.34000015258789,344300
2016-10-12,17.969999313354492,17.969999313354492,18.149999618530273,17.110000610351562,17.43000030517578,93600
2016-10-13,17.829999923706055,17.829999923706055,18.100000381469727,17.65999984741211,18.09000015258789,52100
2016-10-14,17.709999084472656,17.709999084472656,18.1200008392334,17.690000534057617,18.0,27800
2016-10-17,18.209999084472656,18.209999084472656,18.31999969482422,17.65999984741211,17.90999984741211,23500
2016-10-18,18.31999969482422,18.31999969482422,18.399999618530273,18.209999084472656,18.389999389648438,22400
2016-10-19,18.399999618530273,18.399999618530273,18.479999542236328,18.299999237060547,18.34000015258789,20900
2016-10-20,17.979999542236328,17.979999542236328,18.440000534057617,17.770000457763672,18.399999618530273,25900
2016-10-21,17.719999313354492,17.719999313354492,18.290000915527344,17.600000381469727,17.959999084472656,9400
2016-10-24,17.34000015258789,17.34000015258789,17.969999313354492,17.25,17.940000534057617,23800
2016-10-25,17.479999542236328,17.479999542236328,17.610000610351562,17.280000686645508,17.489999771118164,14300
2016-10-26,17.299999237060547,17.299999237060547,17.479999542236328,17.25,17.479999542236328,9600
2016-10-27,17.65999984741211,17.65999984741211,17.979999542236328,17.31999969482422,17.329999923706055,17700
2016-10-28,17.860000610351562,17.860000610351562,17.979999542236328,17.65999984741211,17.950000762939453,11400
2016-10-31,17.8799991607666,17.8799991607666,18.440000534057617,17.780000686645508,17.959999084472656,31900
2016-11-01,17.530000686645508,17.530000686645508,18.110000610351562,17.360000610351562,18.100000381469727,23800
2016-11-02,17.229999542236328,17.229999542236328,17.6200008392334,17.18000030517578,17.56999969482422,24000
2016-11-03,17.010000228881836,17.010000228881836,17.31999969482422,17.0,17.209999084472656,15900
2016-11-04,16.309999465942383,16.309999465942383,17.219999313354492,16.229999542236328,17.0,43000
2016-11-07,16.450000762939453,16.450000762939453,16.81999969482422,16.15999984741211,16.219999313354492,68800
2016-11-08,16.860000610351562,16.860000610351562,16.940000534057617,16.459999084472656,16.639999389648438,14500
2016-11-09,15.920000076293945,15.920000076293945,16.850000381469727,15.75,16.190000534057617,50800
2016-11-10,13.819999694824219,13.819999694824219,15.760000228881836,13.479999542236328,15.75,101300
2016-11-11,12.140000343322754,12.140000343322754,13.75,11.949999809265137,13.649999618530273,79100
2016-11-14,12.520000457763672,12.520000457763672,12.5600004196167,11.460000038146973,12.029999732971191,98800
2016-11-15,12.960000038146973,12.960000038146973,13.229999542236328,12.149999618530273,12.15999984741211,45800
2016-11-16,12.470000267028809,12.470000267028809,12.880000114440918,12.260000228881836,12.880000114440918,27900
2016-11-17,12.460000038146973,12.460000038146973,12.949999809265137,11.829999923706055,12.420000076293945,20400
2016-11-18,12.539999961853027,12.539999961853027,12.720000267028809,12.0,12.5,37500
2016-11-21,12.630000114440918,12.630000114440918,12.710000038146973,12.25,12.550000190734863,29000
2016-11-22,12.300000190734863,12.300000190734863,12.829999923706055,12.1899995803833,12.550000190734863,32800
2016-11-23,12.680000305175781,12.680000305175781,12.699999809265137,12.149999618530273,12.369999885559082,22300
2016-11-25,12.859999656677246,12.859999656677246,12.970000267028809,12.600000381469727,12.600000381469727,7400
2016-11-28,12.25,12.25,12.800000190734863,12.15999984741211,12.800000190734863,19400
2016-11-29,12.109999656677246,12.109999656677246,12.329999923706055,11.859999656677246,12.329999923706055,40500
2016-11-30,11.630000114440918,11.630000114440918,12.670000076293945,10.84000015258789,12.149999618530273,200900
2016-12-01,10.850000381469727,10.850000381469727,12.3100004196167,10.119999885559082,11.619999885559082,203300
2016-12-02,11.479999542236328,11.479999542236328,11.630000114440918,10.510000228881836,10.9399995803833,121600
2016-12-05,11.800000190734863,11.800000190734863,12.119999885559082,11.489999771118164,11.489999771118164,66700
2016-12-06,11.65999984741211,11.65999984741211,11.970000267028809,11.489999771118164,11.649999618530273,47600
2016-12-07,11.4399995803833,11.4399995803833,11.84000015258789,11.34000015258789,11.630000114440918,51600
2016-12-08,11.710000038146973,11.710000038146973,11.930000305175781,11.300000190734863,11.449999809265137,35200
2016-12-09,11.510000228881836,11.510000228881836,11.819999694824219,11.369999885559082,11.819999694824219,27100
2016-12-12,11.079999923706055,11.079999923706055,11.569999694824219,10.890000343322754,11.350000381469727,32900
2016-12-13,10.510000228881836,10.510000228881836,11.170000076293945,10.1899995803833,11.069999694824219,117100
2016-12-14,10.579999923706055,10.579999923706055,10.699999809265137,10.210000038146973,10.34000015258789,54500
2016-12-15,10.619999885559082,10.619999885559082,10.729999542236328,10.270000457763672,10.539999961853027,35000
2016-12-16,10.4399995803833,10.4399995803833,10.829999923706055,10.369999885559082,10.6899995803833,44300
2016-12-19,10.789999961853027,10.789999961853027,10.8100004196167,10.460000038146973,10.460000038146973,41800
2016-12-20,10.6899995803833,10.6899995803833,10.789999961853027,10.619999885559082,10.75,25800
2016-12-21,11.34000015258789,11.34000015258789,11.479999542236328,10.739999771118164,10.739999771118164,33100
2016-12-22,11.279999732971191,11.279999732971191,11.699999809265137,11.020000457763672,11.380000114440918,27200
2016-12-23,11.479999542236328,11.479999542236328,11.609999656677246,11.210000038146973,11.239999771118164,22100
2016-12-27,11.720000267028809,11.720000267028809,11.739999771118164,11.380000114440918,11.380000114440918,29300
2016-12-28,11.199999809265137,11.199999809265137,11.600000381469727,10.880000114440918,11.420000076293945,37100
2016-12-29,11.520000457763672,11.520000457763672,11.609999656677246,11.149999618530273,11.149999618530273,24900
2016-12-30,11.510000228881836,11.510000228881836,11.550000190734863,11.270000457763672,11.479999542236328,19400
2017-01-03,11.199999809265137,11.199999809265137,11.699999809265137,11.149999618530273,11.600000381469727,21500
2017-01-04,10.960000038146973,10.960000038146973,11.300000190734863,10.8100004196167,11.270000457763672,22700
2017-01-05,11.0600004196167,11.0600004196167,11.789999961853027,10.920000076293945,10.920000076293945,18200
2017-01-06,11.0,11.0,11.0600004196167,10.600000381469727,10.760000228881836,9600
2017-01-09,10.989999771118164,10.989999771118164,11.09000015258789,10.739999771118164,11.020000457763672,27500
2017-01-10,11.0600004196167,11.0600004196167,11.170000076293945,11.0,11.09000015258789,8000
2017-01-11,11.020000457763672,11.020000457763672,11.229999542236328,10.989999771118164,11.229999542236328,8700
2017-01-12,11.130000114440918,11.130000114440918,11.180000305175781,10.869999885559082,11.119999885559082,8900
2017-01-13,11.210000038146973,11.210000038146973,11.289999961853027,11.010000228881836,11.210000038146973,13200
2017-01-17,11.3100004196167,11.3100004196167,11.5600004196167,11.149999618530273,11.260000228881836,11100
2017-01-18,11.350000381469727,11.350000381469727,11.6899995803833,11.020000457763672,11.239999771118164,32600
2017-01-19,10.779999732971191,10.779999732971191,11.5,10.640000343322754,11.40999984741211,25500
2017-01-20,11.050000190734863,11.050000190734863,11.399999618530273,10.75,10.859999656677246,35800
2017-01-23,10.989999771118164,10.989999771118164,11.050000190734863,10.920000076293945,10.989999771118164,7800
2017-01-24,11.069999694824219,11.069999694824219,11.1899995803833,10.510000228881836,10.850000381469727,16900
2017-01-25,11.0600004196167,11.0600004196167,11.279999732971191,10.9399995803833,11.09000015258789,5300
2017-01-26,11.09000015258789,11.09000015258789,11.25,11.039999961853027,11.229999542236328,10300
2017-01-27,11.029999732971191,11.029999732971191,11.199999809265137,10.9399995803833,11.039999961853027,7600
2017-01-30,11.010000228881836,11.010000228881836,11.069999694824219,11.0,11.020000457763672,9400
2017-01-31,10.770000457763672,10.770000457763672,11.020000457763672,10.569999694824219,11.020000457763672,12700
2017-02-01,10.59000015258789,10.59000015258789,10.739999771118164,10.579999923706055,10.739999771118164,3400
2017-02-02,10.649999618530273,10.649999618530273,10.670000076293945,10.579999923706055,10.630000114440918,6100
2017-02-03,10.800000190734863,10.800000190734863,10.880000114440918,10.710000038146973,10.710000038146973,5600
2017-02-06,10.84000015258789,10.84000015258789,10.920000076293945,10.819999694824219,10.850000381469727,5600
2017-02-07,10.789999961853027,10.789999961853027,10.850000381469727,10.729999542236328,10.84000015258789,5800
2017-02-08,10.699999809265137,10.699999809265137,10.890000343322754,10.6899995803833,10.819999694824219,6800
2017-02-09,10.920000076293945,10.920000076293945,10.920000076293945,10.699999809265137,10.770000457763672,6700
2017-02-10,11.140000343322754,11.140000343322754,11.25,10.880000114440918,10.890000343322754,7500
2017-02-13,10.960000038146973,10.960000038146973,11.319999694824219,10.90999984741211,11.130000114440918,4900
2017-02-14,11.170000076293945,11.170000076293945,11.25,11.020000457763672,11.119999885559082,8200
2017-02-15,11.119999885559082,11.119999885559082,11.25,10.8100004196167,10.899999618530273,4200
2017-02-16,11.170000076293945,11.170000076293945,11.350000381469727,11.029999732971191,11.029999732971191,12600
2017-02-17,11.579999923706055,11.579999923706055,11.819999694824219,11.170000076293945,11.279999732971191,23100
2017-02-21,11.569999694824219,11.569999694824219,11.619999885559082,11.390000343322754,11.5,21900
2017-02-22,11.829999923706055,11.829999923706055,12.09000015258789,11.369999885559082,11.529999732971191,136000
2017-02-23,11.489999771118164,11.489999771118164,11.779999732971191,11.380000114440918,11.779999732971191,22400
2017-02-24,11.079999923706055,11.079999923706055,11.510000228881836,11.029999732971191,11.460000038146973,16100
2017-02-27,10.779999732971191,10.779999732971191,11.300000190734863,10.75,11.050000190734863,12900
2017-02-28,10.510000228881836,10.510000228881836,10.90999984741211,10.40999984741211,10.8100004196167,18800
2017-03-01,10.609999656677246,10.609999656677246,10.90999984741211,10.479999542236328,10.640000343322754,16600
2017-03-02,10.600000381469727,10.600000381469727,10.84000015258789,10.15999984741211,10.609999656677246,40900
2017-03-03,10.819999694824219,10.819999694824219,11.0600004196167,10.279999732971191,10.579999923706055,46800
2017-03-06,10.489999771118164,10.489999771118164,10.729999542236328,10.34000015258789,10.729999542236328,9800
2017-03-07,10.510000228881836,10.510000228881836,10.65999984741211,10.34000015258789,10.430000305175781,28900
2017-03-08,10.3100004196167,10.3100004196167,10.550000190734863,10.229999542236328,10.550000190734863,26500
2017-03-09,10.34000015258789,10.34000015258789,10.479999542236328,10.270000457763672,10.40999984741211,33800
2017-03-10,10.369999885559082,10.369999885559082,10.449999809265137,10.300000190734863,10.399999618530273,11500
2017-03-13,10.600000381469727,10.600000381469727,10.6899995803833,10.369999885559082,10.390000343322754,15600
2017-03-14,10.479999542236328,10.479999542236328,10.8100004196167,10.380000114440918,10.8100004196167,13600
2017-03-15,10.800000190734863,10.800000190734863,11.0,10.199999809265137,10.520000457763672,99200
2017-03-16,11.069999694824219,11.069999694824219,11.140000343322754,10.710000038146973,10.890000343322754,13800
2017-03-17,11.109999656677246,11.109999656677246,11.149999618530273,10.979999542236328,10.979999542236328,21300
2017-03-20,11.100000381469727,11.100000381469727,11.289999961853027,10.779999732971191,11.020000457763672,6200
2017-03-21,10.90999984741211,10.90999984741211,11.5,10.449999809265137,11.5,11000
2017-03-22,10.770000457763672,10.770000457763672,11.210000038146973,10.279999732971191,10.279999732971191,10700
2017-03-23,11.0,11.0,11.180000305175781,10.760000228881836,10.800000190734863,6800
2017-03-24,11.079999923706055,11.079999923706055,11.199999809265137,10.869999885559082,11.100000381469727,9700
2017-03-27,11.25,11.25,11.350000381469727,11.0,11.119999885559082,18100
2017-03-28,10.949999809265137,10.949999809265137,11.199999809265137,10.739999771118164,11.199999809265137,13900
2017-03-29,10.699999809265137,10.699999809265137,11.069999694824219,10.699999809265137,10.970000267028809,3600
2017-03-30,10.779999732971191,10.779999732971191,10.819999694824219,10.5600004196167,10.75,3800
2017-03-31,10.729999542236328,10.729999542236328,10.770000457763672,10.680000305175781,10.6899995803833,8700
2017-04-03,10.579999923706055,10.579999923706055,10.920000076293945,10.510000228881836,10.680000305175781,10200
2017-04-04,10.489999771118164,10.489999771118164,11.010000228881836,10.369999885559082,10.369999885559082,13700
2017-04-05,10.380000114440918,10.380000114440918,10.649999618530273,10.260000228881836,10.5,53000
2017-04-06,10.210000038146973,10.210000038146973,10.770000457763672,10.149999618530273,10.270000457763672,71200
2017-04-07,10.210000038146973,10.210000038146973,10.5600004196167,10.109999656677246,10.109999656677246,47300
2017-04-10,9.479999542236328,9.479999542236328,10.359999656677246,9.399999618530273,10.25,64500
2017-04-11,9.899999618530273,9.899999618530273,10.239999771118164,9.399999618530273,9.510000228881836,18900
2017-04-12,9.270000457763672,9.270000457763672,9.949999809265137,9.199999809265137,9.949999809265137,29600
2017-04-13,9.529999732971191,9.529999732971191,9.649999618530273,9.390000343322754,9.550000190734863,13800
2017-04-17,9.649999618530273,9.649999618530273,9.75,9.489999771118164,9.5,19100
2017-04-18,9.699999809265137,9.699999809265137,9.729999542236328,9.579999923706055,9.670000076293945,9000
2017-04-19,9.75,9.75,9.920000076293945,9.569999694824219,9.579999923706055,16200
2017-04-20,9.600000381469727,9.600000381469727,9.720000267028809,9.5600004196167,9.59000015258789,10200
2017-04-21,9.899999618530273,9.899999618530273,9.899999618530273,9.430000305175781,9.550000190734863,10800
2017-04-24,9.770000457763672,9.770000457763672,10.199999809265137,9.670000076293945,9.9399995803833,25600
2017-04-25,9.449999809265137,9.449999809265137,9.8100004196167,9.430000305175781,9.770000457763672,19700
2017-04-26,9.779999732971191,9.779999732971191,10.720000267028809,9.399999618530273,9.399999618530273,13300
2017-04-27,9.600000381469727,9.600000381469727,9.779999732971191,9.600000381469727,9.760000228881836,2200
2017-04-28,9.600000381469727,9.600000381469727,9.770000457763672,9.529999732971191,9.770000457763672,5400
2017-05-01,9.609999656677246,9.609999656677246,9.90999984741211,9.579999923706055,9.699999809265137,5400
2017-05-02,9.59000015258789,9.59000015258789,9.8100004196167,9.550000190734863,9.729999542236328,4700
2017-05-03,9.699999809265137,9.699999809265137,9.800000190734863,9.220000267028809,9.579999923706055,30400
2017-05-04,9.5,9.5,9.670000076293945,9.199999809265137,9.619999885559082,25100
2017-05-05,9.460000038146973,9.460000038146973,9.829999923706055,9.319999694824219,9.319999694824219,8800
2017-05-08,9.529999732971191,9.529999732971191,9.600000381469727,9.319999694824219,9.369999885559082,7200
2017-05-09,9.649999618530273,9.649999618530273,10.520000457763672,9.479999542236328,9.489999771118164,6300
2017-05-10,9.59000015258789,9.59000015258789,10.039999961853027,9.449999809265137,9.760000228881836,7500
2017-05-11,9.65999984741211,9.65999984741211,9.699999809265137,9.5,9.529999732971191,3600
2017-05-12,9.859999656677246,9.859999656677246,9.899999618530273,9.449999809265137,9.670000076293945,12700
2017-05-15,9.630000114440918,9.630000114440918,10.09000015258789,9.600000381469727,9.899999618530273,8800
2017-05-16,9.899999618530273,9.899999618530273,9.970000267028809,9.149999618530273,9.970000267028809,81700
2017-05-17,9.930000305175781,9.930000305175781,10.109999656677246,9.640000343322754,9.859999656677246,88500
2017-05-18,9.710000038146973,9.710000038146973,10.149999618530273,9.489999771118164,9.979999542236328,14500
2017-05-19,10.130000114440918,10.130000114440918,10.140000343322754,9.619999885559082,9.619999885559082,13400
2017-05-22,10.239999771118164,10.239999771118164,10.479999542236328,10.010000228881836,10.119999885559082,13800
2017-05-23,10.1899995803833,10.1899995803833,10.420000076293945,9.949999809265137,9.949999809265137,5500
2017-05-24,10.25,10.25,10.300000190734863,10.149999618530273,10.25,4700
2017-05-25,9.850000381469727,9.850000381469727,10.279999732971191,9.8100004196167,10.220000267028809,6100
2017-05-26,9.960000038146973,9.960000038146973,10.0600004196167,9.920000076293945,10.050000190734863,4800
2017-05-30,9.970000267028809,9.970000267028809,10.0,9.640000343322754,9.90999984741211,9100
2017-05-31,9.819999694824219,9.819999694824219,9.890000343322754,9.8100004196167,9.890000343322754,900
2017-06-01,9.960000038146973,9.960000038146973,10.010000228881836,9.800000190734863,9.850000381469727,5300
2017-06-02,10.029999732971191,10.029999732971191,10.199999809265137,9.720000267028809,9.90999984741211,8200
2017-06-05,9.5,9.5,9.84000015258789,9.449999809265137,9.720000267028809,6500
2017-06-06,9.119999885559082,9.119999885559082,9.359999656677246,8.3100004196167,9.300000190734863,35000
2017-06-07,9.460000038146973,9.460000038146973,9.609999656677246,9.350000381469727,9.609999656677246,4800
2017-06-08,9.289999961853027,9.289999961853027,9.289999961853027,9.029999732971191,9.039999961853027,5600
2017-06-09,9.579999923706055,9.579999923706055,9.989999771118164,9.430000305175781,9.989999771118164,12000
2017-06-12,9.619999885559082,9.619999885559082,9.960000038146973,9.34000015258789,9.449999809265137,9900
2017-06-13,9.850000381469727,9.850000381469727,9.899999618530273,9.40999984741211,9.40999984741211,6300
2017-06-14,9.760000228881836,9.760000228881836,9.850000381469727,9.5,9.850000381469727,9100
2017-06-15,9.680000305175781,9.680000305175781,9.760000228881836,9.630000114440918,9.760000228881836,8400
2017-06-16,9.75,9.75,9.899999618530273,9.510000228881836,9.510000228881836,22500
2017-06-19,9.649999618530273,9.649999618530273,9.75,9.430000305175781,9.619999885559082,14600
2017-06-20,9.6899995803833,9.6899995803833,9.75,9.350000381469727,9.350000381469727,8500
2017-06-21,9.520000457763672,9.520000457763672,9.720000267028809,9.5,9.5600004196167,3500
2017-06-22,9.420000076293945,9.420000076293945,9.569999694824219,9.380000114440918,9.569999694824219,8000
2017-06-23,9.359999656677246,9.359999656677246,9.550000190734863,9.359999656677246,9.420000076293945,19700
2017-06-26,9.390000343322754,9.390000343322754,9.579999923706055,9.149999618530273,9.579999923706055,25700
2017-06-27,9.3100004196167,9.3100004196167,9.5,9.300000190734863,9.380000114440918,19700
2017-06-28,9.289999961853027,9.289999961853027,9.5,9.15999984741211,9.319999694824219,15600
2017-06-29,9.319999694824219,9.319999694824219,9.399999618530273,9.260000228881836,9.399999618530273,9600
2017-06-30,9.34000015258789,9.34000015258789,9.40999984741211,9.300000190734863,9.40999984741211,4400
2017-07-03,9.470000267028809,9.470000267028809,9.5,9.329999923706055,9.329999923706055,7100
2017-07-05,9.449999809265137,9.449999809265137,9.5,9.430000305175781,9.430000305175781,11200
2017-07-06,9.350000381469727,9.350000381469727,9.5,9.350000381469727,9.5,7600
2017-07-07,9.350000381469727,9.350000381469727,9.430000305175781,9.3100004196167,9.3100004196167,4900
2017-07-10,9.329999923706055,9.329999923706055,9.460000038146973,9.3100004196167,9.430000305175781,5100
2017-07-11,9.319999694824219,9.319999694824219,9.4399995803833,9.319999694824219,9.4399995803833,6100
2017-07-12,9.34000015258789,9.34000015258789,9.390000343322754,9.319999694824219,9.390000343322754,3300
2017-07-13,9.350000381469727,9.350000381469727,9.430000305175781,9.3100004196167,9.359999656677246,6500
2017-07-14,9.369999885559082,9.369999885559082,9.399999618530273,9.319999694824219,9.399999618530273,7000
2017-07-17,9.390000343322754,9.390000343322754,9.460000038146973,9.359999656677246,9.399999618530273,5400
2017-07-18,9.369999885559082,9.369999885559082,9.399999618530273,9.329999923706055,9.369999885559082,6500
2017-07-19,9.359999656677246,9.359999656677246,9.390000343322754,9.319999694824219,9.34000015258789,11100
2017-07-20,9.359999656677246,9.359999656677246,9.390000343322754,9.319999694824219,9.390000343322754,14000
2017-07-21,9.3100004196167,9.3100004196167,9.40999984741211,9.289999961853027,9.40999984741211,16300
2017-07-24,9.350000381469727,9.350000381469727,9.399999618530273,9.199999809265137,9.300000190734863,10400
2017-07-25,9.619999885559082,9.619999885559082,9.710000038146973,9.300000190734863,9.319999694824219,20900
2017-07-26,9.34000015258789,9.34000015258789,9.65999984741211,9.34000015258789,9.649999618530273,6900
2017-07-27,9.329999923706055,9.329999923706055,9.350000381469727,9.220000267028809,9.350000381469727,8700
2017-07-28,9.170000076293945,9.170000076293945,9.430000305175781,9.15999984741211,9.430000305175781,8100
2017-07-31,9.170000076293945,9.170000076293945,9.239999771118164,9.140000343322754,9.239999771118164,9000
2017-08-01,9.170000076293945,9.170000076293945,9.260000228881836,9.130000114440918,9.130000114440918,8300
2017-08-02,9.119999885559082,9.119999885559082,9.15999984741211,9.109999656677246,9.109999656677246,5800
2017-08-03,9.079999923706055,9.079999923706055,9.199999809265137,9.079999923706055,9.170000076293945,8200
2017-08-04,8.75,8.75,9.020000457763672,8.649999618530273,9.020000457763672,10700
2017-08-07,8.979999542236328,8.979999542236328,9.140000343322754,8.850000381469727,8.90999984741211,7700
2017-08-08,9.380000114440918,9.380000114440918,9.420000076293945,8.970000267028809,8.970000267028809,8300
2017-08-09,9.369999885559082,9.369999885559082,9.630000114440918,9.220000267028809,9.329999923706055,7200
2017-08-10,9.479999542236328,9.479999542236328,9.479999542236328,9.329999923706055,9.34000015258789,3800
2017-08-11,9.489999771118164,9.489999771118164,9.6899995803833,9.390000343322754,9.4399995803833,10000
2017-08-14,9.600000381469727,9.600000381469727,9.600000381469727,9.529999732971191,9.529999732971191,4800
2017-08-15,9.489999771118164,9.489999771118164,9.699999809265137,9.489999771118164,9.65999984741211,9800
2017-08-16,9.550000190734863,9.550000190734863,9.550000190734863,9.449999809265137,9.449999809265137,1200
2017-08-17,9.3100004196167,9.3100004196167,9.5,9.270000457763672,9.479999542236328,6200
2017-08-18,9.220000267028809,9.220000267028809,9.270000457763672,9.130000114440918,9.229999542236328,9100
2017-08-21,9.170000076293945,9.170000076293945,9.199999809265137,8.90999984741211,8.90999984741211,3600
2017-08-22,9.229999542236328,9.229999542236328,9.270000457763672,9.229999542236328,9.25,1500
2017-08-23,9.15999984741211,9.15999984741211,9.260000228881836,9.100000381469727,9.220000267028809,5900
2017-08-24,9.260000228881836,9.260000228881836,9.329999923706055,9.109999656677246,9.109999656677246,5300
2017-08-25,9.380000114440918,9.380000114440918,9.430000305175781,9.050000190734863,9.050000190734863,2800
2017-08-28,9.079999923706055,9.079999923706055,9.390000343322754,8.989999771118164,9.239999771118164,5800
2017-08-29,8.880000114440918,8.880000114440918,9.079999923706055,8.819999694824219,9.069999694824219,11600
2017-08-30,8.84000015258789,8.84000015258789,8.899999618530273,8.710000038146973,8.779999732971191,10100
2017-08-31,8.699999809265137,8.699999809265137,8.920000076293945,8.670000076293945,8.800000190734863,8700
2017-09-01,8.479999542236328,8.479999542236328,8.779999732971191,8.300000190734863,8.680000305175781,16300
2017-09-05,8.470000267028809,8.470000267028809,8.640000343322754,8.449999809265137,8.550000190734863,12400
2017-09-06,8.380000114440918,8.380000114440918,8.5,8.369999885559082,8.5,9200
2017-09-07,8.170000076293945,8.170000076293945,8.489999771118164,8.119999885559082,8.380000114440918,23700
2017-09-08,8.149999618530273,8.149999618530273,8.350000381469727,8.130000114440918,8.300000190734863,22700
2017-09-11,8.3100004196167,8.3100004196167,8.399999618530273,8.109999656677246,8.399999618530273,18600
2017-09-12,8.270000457763672,8.270000457763672,8.430000305175781,7.199999809265137,7.980000019073486,19100
2017-09-13,8.380000114440918,8.380000114440918,8.550000190734863,8.260000228881836,8.380000114440918,11800
2017-09-14,8.350000381469727,8.350000381469727,8.380000114440918,8.229999542236328,8.350000381469727,18000
2017-09-15,8.720000267028809,8.720000267028809,8.760000228881836,8.319999694824219,8.359999656677246,42800
2017-09-18,8.880000114440918,8.880000114440918,9.1899995803833,8.75,8.75,37800
2017-09-19,9.1899995803833,9.1899995803833,9.220000267028809,8.989999771118164,9.029999732971191,21000
2017-09-20,9.109999656677246,9.109999656677246,9.359999656677246,9.079999923706055,9.359999656677246,13100
2017-09-21,9.050000190734863,9.050000190734863,9.1899995803833,9.010000228881836,9.130000114440918,11500
2017-09-22,9.050000190734863,9.050000190734863,9.140000343322754,9.020000457763672,9.100000381469727,8200
2017-09-25,9.180000305175781,9.180000305175781,9.279999732971191,9.09000015258789,9.09000015258789,9500
2017-09-26,9.25,9.25,9.289999961853027,9.119999885559082,9.119999885559082,16200
2017-09-27,9.619999885559082,9.619999885559082,9.649999618530273,9.119999885559082,9.220000267028809,17100
2017-09-28,8.970000267028809,8.970000267028809,9.670000076293945,8.829999923706055,9.670000076293945,18500
2017-09-29,8.899999618530273,8.899999618530273,9.239999771118164,8.859999656677246,9.239999771118164,39600
2017-10-02,9.130000114440918,9.130000114440918,9.170000076293945,8.850000381469727,8.920000076293945,9900
2017-10-03,9.3100004196167,9.3100004196167,9.4399995803833,9.1899995803833,9.1899995803833,7400
2017-10-04,9.329999923706055,9.329999923706055,9.470000267028809,9.289999961853027,9.430000305175781,6400
2017-10-05,9.430000305175781,9.430000305175781,9.520000457763672,9.359999656677246,9.510000228881836,5400
2017-10-06,9.770000457763672,9.770000457763672,9.779999732971191,9.470000267028809,9.479999542236328,16100
2017-10-09,9.460000038146973,9.460000038146973,10.0,9.369999885559082,10.0,19800
2017-10-10,9.979999542236328,9.979999542236328,10.0,9.720000267028809,9.819999694824219,16000
2017-10-11,10.140000343322754,10.140000343322754,10.149999618530273,10.010000228881836,10.069999694824219,17000
2017-10-12,10.479999542236328,10.479999542236328,10.670000076293945,10.119999885559082,10.149999618530273,27100
2017-10-13,10.289999961853027,10.289999961853027,10.550000190734863,10.170000076293945,10.470000267028809,13200
2017-10-16,10.5600004196167,10.5600004196167,10.6899995803833,10.210000038146973,10.279999732971191,15400
2017-10-17,10.460000038146973,10.460000038146973,10.75,10.350000381469727,10.75,13600
2017-10-18,10.3100004196167,10.3100004196167,10.5600004196167,10.270000457763672,10.550000190734863,11700
2017-10-19,10.15999984741211,10.15999984741211,10.4399995803833,10.010000228881836,10.40999984741211,8500
2017-10-20,10.069999694824219,10.069999694824219,10.229999542236328,10.010000228881836,10.15999984741211,3400
2017-10-23,10.0600004196167,10.0600004196167,10.069999694824219,10.0,10.0,5700
2017-10-24,10.25,10.25,10.319999694824219,10.039999961853027,10.140000343322754,6800
2017-10-25,10.079999923706055,10.079999923706055,10.1899995803833,10.0600004196167,10.1899995803833,4000
2017-10-26,10.050000190734863,10.050000190734863,10.119999885559082,10.0,10.100000381469727,5500
2017-10-27,9.890000343322754,9.890000343322754,10.010000228881836,9.859999656677246,10.010000228881836,10400
2017-10-30,9.680000305175781,9.680000305175781,9.930000305175781,9.5,9.899999618530273,6800
2017-10-31,10.0600004196167,10.0600004196167,10.100000381469727,9.619999885559082,9.619999885559082,15600
2017-11-01,9.699999809265137,9.699999809265137,10.050000190734863,9.6899995803833,10.050000190734863,4900
2017-11-02,10.050000190734863,10.050000190734863,10.100000381469727,9.890000343322754,9.890000343322754,5900
2017-11-03,9.8100004196167,9.8100004196167,10.010000228881836,9.800000190734863,10.010000228881836,8100
2017-11-06,9.880000114440918,9.880000114440918,9.899999618530273,9.819999694824219,9.899999618530273,3000
2017-11-07,9.329999923706055,9.329999923706055,9.8100004196167,9.329999923706055,9.800000190734863,18500
2017-11-08,9.479999542236328,9.479999542236328,9.529999732971191,9.380000114440918,9.380000114440918,4400
2017-11-09,9.399999618530273,9.399999618530273,9.510000228881836,9.390000343322754,9.510000228881836,1600
2017-11-10,9.479999542236328,9.479999542236328,9.510000228881836,9.380000114440918,9.380000114440918,3000
2017-11-13,9.449999809265137,9.449999809265137,9.520000457763672,9.380000114440918,9.380000114440918,1500
2017-11-14,9.430000305175781,9.430000305175781,9.489999771118164,9.390000343322754,9.489999771118164,2400
2017-11-15,9.40999984741211,9.40999984741211,9.430000305175781,9.380000114440918,9.380000114440918,6700
2017-11-16,10.029999732971191,10.029999732971191,10.029999732971191,9.399999618530273,9.430000305175781,18400
2017-11-17,10.199999809265137,10.199999809265137,10.25,9.579999923706055,9.6899995803833,9500
2017-11-20,10.260000228881836,10.260000228881836,10.270000457763672,9.920000076293945,10.149999618530273,7900
2017-11-21,10.289999961853027,10.289999961853027,10.430000305175781,10.1899995803833,10.300000190734863,10400
2017-11-22,10.239999771118164,10.239999771118164,10.449999809265137,10.239999771118164,10.369999885559082,10800
2017-11-24,10.170000076293945,10.170000076293945,10.229999542236328,9.960000038146973,10.229999542236328,2500
2017-11-27,10.069999694824219,10.069999694824219,10.359999656677246,10.039999961853027,10.279999732971191,7300
2017-11-28,10.229999542236328,10.229999542236328,10.260000228881836,9.9399995803833,10.050000190734863,5800
2017-11-29,10.3100004196167,10.3100004196167,10.399999618530273,9.600000381469727,10.15999984741211,3500
2017-11-30,10.180000305175781,10.180000305175781,10.399999618530273,9.699999809265137,9.699999809265137,8200
2017-12-01,10.09000015258789,10.09000015258789,10.1899995803833,9.770000457763672,10.1899995803833,9000
2017-12-04,10.15999984741211,10.15999984741211,10.380000114440918,9.899999618530273,10.359999656677246,5100
2017-12-05,10.050000190734863,10.050000190734863,10.289999961853027,9.9399995803833,10.220000267028809,5400
2017-12-06,9.619999885559082,9.619999885559082,10.010000228881836,9.600000381469727,10.0,7800
2017-12-07,9.59000015258789,9.59000015258789,9.760000228881836,9.529999732971191,9.579999923706055,6500
2017-12-08,9.449999809265137,9.449999809265137,9.569999694824219,9.380000114440918,9.539999961853027,15100
2017-12-11,8.779999732971191,8.779999732971191,9.40999984741211,8.770000457763672,9.399999618530273,22100
2017-12-12,8.710000038146973,8.710000038146973,9.300000190734863,8.449999809265137,8.930000305175781,16300
2017-12-13,8.600000381469727,8.600000381469727,8.880000114440918,8.489999771118164,8.600000381469727,17400
2017-12-14,8.630000114440918,8.630000114440918,9.220000267028809,8.529999732971191,8.739999771118164,30000
2017-12-15,8.399999618530273,8.399999618530273,8.90999984741211,7.650000095367432,8.630000114440918,56900
2017-12-18,8.079999923706055,8.079999923706055,8.489999771118164,8.050000190734863,8.270000457763672,41600
2017-12-19,8.020000457763672,8.020000457763672,8.09000015258789,7.949999809265137,8.079999923706055,18000
2017-12-20,7.789999961853027,7.789999961853027,8.079999923706055,7.489999771118164,7.900000095367432,147500
2017-12-21,7.840000152587891,7.840000152587891,8.050000190734863,7.789999961853027,7.809999942779541,20500
2017-12-22,7.860000133514404,7.860000133514404,7.960000038146973,7.800000190734863,7.900000095367432,17400
2017-12-26,8.0,8.0,8.069999694824219,7.800000190734863,7.800000190734863,38000
2017-12-27,8.130000114440918,8.130000114440918,8.3100004196167,7.989999771118164,8.029999732971191,26700
2017-12-28,8.079999923706055,8.079999923706055,8.149999618530273,8.050000190734863,8.140000343322754,10400
2017-12-29,8.0,8.0,8.199999809265137,8.0,8.050000190734863,18800
2018-01-02,8.399999618530273,8.399999618530273,8.460000038146973,7.949999809265137,7.96999979019165,35600
2018-01-03,8.130000114440918,8.130000114440918,8.65999984741211,8.0,8.449999809265137,60100
2018-01-04,8.15999984741211,8.15999984741211,8.430000305175781,8.079999923706055,8.220000267028809,67300
2018-01-05,8.239999771118164,8.239999771118164,8.329999923706055,8.109999656677246,8.229999542236328,23100
2018-01-08,8.1899995803833,8.1899995803833,8.489999771118164,7.989999771118164,8.1899995803833,14700
2018-01-09,8.069999694824219,8.069999694824219,8.260000228881836,7.980000019073486,8.180000305175781,12700
2018-01-10,8.0600004196167,8.0600004196167,8.130000114440918,7.96999979019165,7.96999979019165,9000
2018-01-11,8.09000015258789,8.09000015258789,8.25,8.020000457763672,8.020000457763672,19700
2018-01-12,7.989999771118164,7.989999771118164,8.300000190734863,7.960000038146973,8.100000381469727,41900
2018-01-16,8.069999694824219,8.069999694824219,8.180000305175781,8.029999732971191,8.039999961853027,40900
2018-01-17,8.0,8.0,8.199999809265137,7.989999771118164,8.140000343322754,51800
2018-01-18,8.100000381469727,8.100000381469727,8.1899995803833,7.949999809265137,7.949999809265137,39800
2018-01-19,8.180000305175781,8.180000305175781,8.319999694824219,8.0600004196167,8.100000381469727,18900
2018-01-22,8.140000343322754,8.140000343322754,8.260000228881836,8.09000015258789,8.1899995803833,14700
2018-01-23,8.0600004196167,8.0600004196167,8.149999618530273,8.0,8.149999618530273,9300
2018-01-24,7.980000019073486,7.980000019073486,8.050000190734863,7.96999979019165,8.029999732971191,13700
2018-01-25,7.909999847412109,7.909999847412109,7.989999771118164,7.710000038146973,7.989999771118164,11000
2018-01-26,7.860000133514404,7.860000133514404,8.0,7.809999942779541,7.96999979019165,20800
2018-01-29,7.880000114440918,7.880000114440918,7.989999771118164,7.880000114440918,7.889999866485596,14400
2018-01-30,7.820000171661377,7.820000171661377,7.96999979019165,7.809999942779541,7.820000171661377,9400
2018-01-31,7.940000057220459,7.940000057220459,8.069999694824219,7.809999942779541,7.809999942779541,23000
2018-02-01,7.880000114440918,7.880000114440918,7.940000057220459,7.699999809265137,7.829999923706055,14400
2018-02-02,7.710000038146973,7.710000038146973,7.920000076293945,7.650000095367432,7.920000076293945,45400
2018-02-05,7.679999828338623,7.679999828338623,7.849999904632568,7.429999828338623,7.710000038146973,26200
2018-02-06,7.739999771118164,7.739999771118164,7.929999828338623,7.480000019073486,7.480000019073486,23800
2018-02-07,7.570000171661377,7.570000171661377,7.96999979019165,7.489999771118164,7.96999979019165,38500
2018-02-08,7.559999942779541,7.559999942779541,7.710000038146973,7.349999904632568,7.5,45400
2018-02-09,7.340000152587891,7.340000152587891,7.559999942779541,7.309999942779541,7.559999942779541,44100
2018-02-12,7.5,7.5,7.75,7.389999866485596,7.75,16600
2018-02-13,7.199999809265137,7.199999809265137,7.420000076293945,7.199999809265137,7.420000076293945,12200
2018-02-14,7.090000152587891,7.090000152587891,7.349999904632568,7.010000228881836,7.179999828338623,22200
2018-02-15,7.21999979019165,7.21999979019165,7.480000019073486,7.119999885559082,7.119999885559082,7600
2018-02-16,7.050000190734863,7.050000190734863,7.230000019073486,6.889999866485596,7.21999979019165,44200
2018-02-20,6.929999828338623,6.929999828338623,7.400000095367432,6.610000133514404,7.050000190734863,20100
2018-02-21,7.010000228881836,7.010000228881836,7.150000095367432,6.960000038146973,6.980000019073486,15500
2018-02-22,7.03000020980835,7.03000020980835,7.190000057220459,6.929999828338623,7.019999980926514,10400
2018-02-23,7.070000171661377,7.070000171661377,7.179999828338623,6.980000019073486,7.019999980926514,75500
2018-02-26,6.929999828338623,6.929999828338623,7.130000114440918,6.820000171661377,7.059999942779541,19300
2018-02-27,6.630000114440918,6.630000114440918,6.869999885559082,6.610000133514404,6.800000190734863,14400
2018-02-28,6.760000228881836,6.760000228881836,6.900000095367432,6.610000133514404,6.659999847412109,22800
2018-03-01,6.639999866485596,6.639999866485596,6.75,6.550000190734863,6.739999771118164,10100
2018-03-02,6.619999885559082,6.619999885559082,6.820000171661377,6.550000190734863,6.590000152587891,20000
2018-03-05,6.679999828338623,6.679999828338623,6.730000019073486,6.570000171661377,6.630000114440918,5200
2018-03-06,6.570000171661377,6.570000171661377,6.800000190734863,6.539999961853027,6.670000076293945,19300
2018-03-07,6.739999771118164,6.739999771118164,6.809999942779541,6.550000190734863,6.550000190734863,9300
2018-03-08,6.670000076293945,6.670000076293945,6.809999942779541,6.630000114440918,6.800000190734863,8400
2018-03-09,6.650000095367432,6.650000095367432,6.800000190734863,6.599999904632568,6.769999980926514,7300
2018-03-12,6.699999809265137,6.699999809265137,6.78000020980835,6.630000114440918,6.690000057220459,10300
2018-03-13,6.630000114440918,6.630000114440918,6.769999980926514,6.559999942779541,6.559999942779541,7800
2018-03-14,6.53000020980835,6.53000020980835,6.71999979019165,6.5,6.639999866485596,16600
2018-03-15,6.519999980926514,6.519999980926514,6.550000190734863,6.5,6.53000020980835,16600
2018-03-16,6.659999847412109,6.659999847412109,6.690000057220459,6.46999979019165,6.5,23300
2018-03-19,6.559999942779541,6.559999942779541,6.789999961853027,6.5,6.789999961853027,15200
2018-03-20,6.539999961853027,6.539999961853027,6.679999828338623,6.510000228881836,6.639999866485596,13800
2018-03-21,6.320000171661377,6.320000171661377,6.539999961853027,6.25,6.539999961853027,16100
2018-03-22,6.360000133514404,6.360000133514404,6.579999923706055,6.25,6.25,10700
2018-03-23,6.179999828338623,6.179999828338623,6.360000133514404,6.179999828338623,6.360000133514404,15000
2018-03-26,6.079999923706055,6.079999923706055,6.199999809265137,6.070000171661377,6.190000057220459,19500
2018-03-27,6.050000190734863,6.050000190734863,6.130000114440918,6.050000190734863,6.079999923706055,18000
2018-03-28,6.039999961853027,6.039999961853027,6.130000114440918,6.019999980926514,6.019999980926514,15900
2018-03-29,5.989999771118164,5.989999771118164,6.199999809265137,5.909999847412109,6.199999809265137,21500
2018-04-02,5.940000057220459,5.940000057220459,6.050000190734863,5.900000095367432,6.010000228881836,11100
2018-04-03,5.880000114440918,5.880000114440918,5.989999771118164,5.869999885559082,5.920000076293945,9200
2018-04-04,5.989999771118164,5.989999771118164,6.070000171661377,5.800000190734863,5.800000190734863,25900
2018-04-05,6.059999942779541,6.059999942779541,6.119999885559082,6.0,6.039999961853027,13000
2018-04-06,5.769999980926514,5.769999980926514,6.090000152587891,5.760000228881836,6.090000152587891,14200
2018-04-09,5.78000020980835,5.78000020980835,5.880000114440918,5.760000228881836,5.760000228881836,11500
2018-04-10,5.949999809265137,5.949999809265137,6.150000095367432,5.78000020980835,5.849999904632568,15300
2018-04-11,5.849999904632568,5.849999904632568,5.989999771118164,5.820000171661377,5.900000095367432,5100
2018-04-12,5.78000020980835,5.78000020980835,5.840000152587891,5.78000020980835,5.820000171661377,7100
2018-04-13,5.75,5.75,5.800000190734863,5.699999809265137,5.760000228881836,8000
2018-04-16,5.739999771118164,5.739999771118164,5.949999809265137,5.659999847412109,5.75,11200
2018-04-17,5.71999979019165,5.71999979019165,5.840000152587891,5.690000057220459,5.75,8800
2018-04-18,6.010000228881836,6.010000228881836,6.050000190734863,5.730000019073486,5.730000019073486,10500
2018-04-19,5.980000019073486,5.980000019073486,6.090000152587891,5.920000076293945,5.96999979019165,8100
2018-04-20,5.710000038146973,5.710000038146973,5.949999809265137,5.699999809265137,5.929999828338623,13500
2018-04-23,5.650000095367432,5.650000095367432,5.71999979019165,5.650000095367432,5.699999809265137,18400
2018-04-24,5.440000057220459,5.440000057220459,5.710000038146973,5.369999885559082,5.710000038146973,22400
2018-04-25,5.630000114440918,5.630000114440918,5.789999961853027,5.28000020980835,5.369999885559082,31900
2018-04-26,5.800000190734863,5.800000190734863,5.840000152587891,5.539999961853027,5.599999904632568,32300
2018-04-27,5.679999828338623,5.679999828338623,5.840000152587891,5.650000095367432,5.760000228881836,15500
2018-04-30,5.309999942779541,5.309999942779541,5.829999923706055,5.309999942779541,5.690000057220459,9400
2018-05-01,5.130000114440918,5.130000114440918,5.329999923706055,5.090000152587891,5.320000171661377,12600
2018-05-02,5.139999866485596,5.139999866485596,5.230000019073486,5.090000152587891,5.199999809265137,13800
2018-05-03,4.789999961853027,4.789999961853027,5.199999809265137,4.769999980926514,5.190000057220459,35200
2018-05-04,4.900000095367432,4.900000095367432,4.989999771118164,4.760000228881836,4.760000228881836,13800
2018-05-07,4.980000019073486,4.980000019073486,4.989999771118164,4.820000171661377,4.840000152587891,10200
2018-05-08,5.119999885559082,5.119999885559082,5.170000076293945,4.920000076293945,4.989999771118164,14400
2018-05-09,5.150000095367432,5.150000095367432,5.230000019073486,5.010000228881836,5.059999942779541,7400
2018-05-10,4.920000076293945,4.920000076293945,5.170000076293945,4.869999885559082,5.110000133514404,8900
2018-05-11,4.869999885559082,4.869999885559082,4.989999771118164,4.809999942779541,4.96999979019165,14000
2018-05-14,4.96999979019165,4.96999979019165,4.989999771118164,4.820000171661377,4.820000171661377,6200
2018-05-15,5.639999866485596,5.639999866485596,5.739999771118164,4.929999828338623,4.980000019073486,25300
2018-05-16,5.679999828338623,5.679999828338623,5.96999979019165,5.599999904632568,5.739999771118164,21200
2018-05-17,5.840000152587891,5.840000152587891,5.920000076293945,5.75,5.75,11300
2018-05-18,6.059999942779541,6.059999942779541,6.130000114440918,5.820000171661377,5.900000095367432,11900
2018-05-21,5.809999942779541,5.809999942779541,6.150000095367432,5.730000019073486,6.110000133514404,41300
2018-05-22,5.420000076293945,5.420000076293945,5.78000020980835,5.369999885559082,5.78000020980835,30800
2018-05-23,5.480000019073486,5.480000019073486,5.480000019073486,5.159999847412109,5.349999904632568,6300
2018-05-24,5.21999979019165,5.21999979019165,5.25,5.199999809265137,5.210000038146973,4500
2018-05-25,5.179999828338623,5.179999828338623,5.409999847412109,5.170000076293945,5.21999979019165,15700
2018-05-29,5.010000228881836,5.010000228881836,5.400000095367432,4.989999771118164,5.400000095367432,20600
2018-05-30,5.239999771118164,5.239999771118164,5.300000190734863,5.039999961853027,5.199999809265137,13700
2018-05-31,5.099999904632568,5.099999904632568,5.269999980926514,5.090000152587891,5.269999980926514,9800
2018-06-01,5.289999961853027,5.289999961853027,5.300000190734863,5.159999847412109,5.289999961853027,7700
2018-06-04,5.159999847412109,5.159999847412109,5.21999979019165,5.090000152587891,5.150000095367432,11300
2018-06-05,5.739999771118164,5.739999771118164,5.840000152587891,5.190000057220459,5.190000057220459,15800
2018-06-06,5.789999961853027,5.789999961853027,5.989999771118164,5.75,5.78000020980835,24500
2018-06-07,6.070000171661377,6.070000171661377,6.090000152587891,5.599999904632568,5.829999923706055,10400
2018-06-08,6.480000019073486,6.480000019073486,6.539999961853027,5.900000095367432,6.03000020980835,16800
2018-06-11,6.019999980926514,6.019999980926514,6.510000228881836,5.909999847412109,6.5,33800
2018-06-12,6.179999828338623,6.179999828338623,6.300000190734863,5.929999828338623,5.980000019073486,17800
2018-06-13,6.260000228881836,6.260000228881836,6.510000228881836,6.03000020980835,6.090000152587891,25300
2018-06-14,6.070000171661377,6.070000171661377,6.199999809265137,6.019999980926514,6.199999809265137,21100
2018-06-15,6.059999942779541,6.059999942779541,6.159999847412109,6.050000190734863,6.050000190734863,34700
2018-06-18,6.110000133514404,6.110000133514404,6.179999828338623,5.840000152587891,6.059999942779541,22100
2018-06-19,6.179999828338623,6.179999828338623,6.400000095367432,6.039999961853027,6.039999961853027,16700
2018-06-20,6.039999961853027,6.039999961853027,6.21999979019165,6.019999980926514,6.150000095367432,10300
2018-06-21,5.849999904632568,5.849999904632568,6.150000095367432,5.75,6.0,11300
2018-06-22,5.739999771118164,5.739999771118164,6.0,5.739999771118164,5.909999847412109,539600
2018-06-25,5.739999771118164,5.739999771118164,6.170000076293945,5.739999771118164,5.760000228881836,19900
2018-06-26,5.989999771118164,5.989999771118164,6.510000228881836,5.78000020980835,5.78000020980835,16300
2018-06-27,5.550000190734863,5.550000190734863,6.099999904632568,5.46999979019165,5.949999809265137,25100
2018-06-28,5.059999942779541,5.059999942779541,5.559999942779541,5.059999942779541,5.550000190734863,37900
2018-06-29,5.03000020980835,5.03000020980835,5.46999979019165,5.019999980926514,5.159999847412109,15000
2018-07-02,4.420000076293945,4.420000076293945,5.050000190734863,4.300000190734863,5.010000228881836,58600
2018-07-03,4.369999885559082,4.369999885559082,4.539999961853027,4.260000228881836,4.260000228881836,18700
2018-07-05,4.630000114440918,4.630000114440918,4.710000038146973,4.409999847412109,4.409999847412109,15700
2018-07-06,4.539999961853027,4.539999961853027,4.960000038146973,4.360000133514404,4.599999904632568,133400
2018-07-09,4.5,4.5,4.909999847412109,4.25,4.519999980926514,47600
2018-07-10,4.449999809265137,4.449999809265137,4.820000171661377,4.429999828338623,4.570000171661377,26400
2018-07-11,4.449999809265137,4.449999809265137,4.489999771118164,4.349999904632568,4.449999809265137,18700
2018-07-12,4.619999885559082,4.619999885559082,4.670000076293945,4.420000076293945,4.489999771118164,10900
2018-07-13,4.420000076293945,4.420000076293945,4.760000228881836,4.420000076293945,4.619999885559082,7800
2018-07-16,4.170000076293945,4.170000076293945,4.460000038146973,4.159999847412109,4.460000038146973,34600
2018-07-17,4.210000038146973,4.210000038146973,4.380000114440918,4.050000190734863,4.300000190734863,11600
2018-07-18,3.9600000381469727,3.9600000381469727,4.260000228881836,3.9000000953674316,4.150000095367432,31700
2018-07-19,4.03000020980835,4.03000020980835,4.099999904632568,3.950000047683716,4.090000152587891,13900
2018-07-20,3.9200000762939453,3.9200000762939453,4.0,3.9200000762939453,4.0,19700
2018-07-23,3.7699999809265137,3.7699999809265137,3.9200000762939453,3.7699999809265137,3.9200000762939453,10600
2018-07-24,3.7100000381469727,3.7100000381469727,3.9200000762939453,3.6600000858306885,3.7799999713897705,17200
2018-07-25,3.75,3.75,3.75,3.549999952316284,3.690000057220459,13000
2018-07-26,3.75,3.75,3.9800000190734863,3.700000047683716,3.7300000190734863,12500
2018-07-27,3.75,3.75,3.9800000190734863,3.75,3.759999990463257,16000
2018-07-30,3.700000047683716,3.700000047683716,3.990000009536743,3.619999885559082,3.7799999713897705,6100
2018-07-31,3.7200000286102295,3.7200000286102295,3.7699999809265137,3.690000057220459,3.690000057220459,2000
2018-08-01,3.700000047683716,3.700000047683716,3.7200000286102295,3.609999895095825,3.7200000286102295,6600
2018-08-02,3.5999999046325684,3.5999999046325684,3.690000057220459,3.5999999046325684,3.630000114440918,12700
2018-08-03,3.609999895095825,3.609999895095825,3.930000066757202,3.5999999046325684,3.5999999046325684,7300
2018-08-06,3.609999895095825,3.609999895095825,3.799999952316284,3.5999999046325684,3.609999895095825,9000
2018-08-07,3.619999885559082,3.619999885559082,3.7699999809265137,3.5999999046325684,3.5999999046325684,14600
2018-08-08,3.609999895095825,3.609999895095825,3.7200000286102295,3.5999999046325684,3.5999999046325684,7500
2018-08-09,3.7899999618530273,3.7899999618530273,3.8499999046325684,3.5999999046325684,3.5999999046325684,3200
2018-08-10,3.619999885559082,3.619999885559082,3.759999990463257,3.609999895095825,3.700000047683716,7700
2018-08-13,3.5999999046325684,3.5999999046325684,3.680000066757202,3.5999999046325684,3.619999885559082,2600
2018-08-14,3.5999999046325684,3.5999999046325684,3.75,3.5999999046325684,3.609999895095825,6000
2018-08-15,3.5999999046325684,3.5999999046325684,3.7699999809265137,3.5999999046325684,3.609999895095825,5700
2018-08-16,3.5999999046325684,3.5999999046325684,3.5999999046325684,3.5999999046325684,3.5999999046325684,500
2018-08-17,3.690000057220459,3.690000057220459,3.8299999237060547,3.6500000953674316,3.6500000953674316,5600
2018-08-20,3.7300000190734863,3.7300000190734863,3.9700000286102295,3.690000057220459,3.690000057220459,6800
2018-08-21,3.7100000381469727,3.7100000381469727,3.940000057220459,3.7100000381469727,3.7100000381469727,9100
2018-08-22,3.700000047683716,3.700000047683716,3.869999885559082,3.700000047683716,3.7200000286102295,7200
2018-08-23,3.700000047683716,3.700000047683716,3.869999885559082,3.700000047683716,3.7699999809265137,5200
2018-08-24,3.759999990463257,3.759999990463257,3.940000057220459,3.7200000286102295,3.7200000286102295,5800
2018-08-27,3.75,3.75,3.859999895095825,3.75,3.7899999618530273,11800
2018-08-28,3.759999990463257,3.759999990463257,3.8499999046325684,3.75,3.75,5200
2018-08-29,3.8499999046325684,3.8499999046325684,3.890000104904175,3.7899999618530273,3.7899999618530273,7400
2018-08-30,3.509999990463257,3.509999990463257,3.890000104904175,3.5,3.8499999046325684,49800
2018-08-31,3.5999999046325684,3.5999999046325684,3.680000066757202,3.509999990463257,3.509999990463257,16300
2018-09-04,3.5799999237060547,3.5799999237060547,3.6600000858306885,3.569999933242798,3.5799999237060547,9200
2018-09-05,3.3299999237060547,3.3299999237060547,3.6500000953674316,3.2799999713897705,3.619999885559082,34200
2018-09-06,3.549999952316284,3.549999952316284,3.5999999046325684,3.3499999046325684,3.3499999046325684,30800
2018-09-07,3.319999933242798,3.319999933242798,3.5899999141693115,3.319999933242798,3.5299999713897705,19400
2018-09-10,3.200000047683716,3.200000047683716,3.4000000953674316,3.200000047683716,3.309999942779541,26800
2018-09-11,3.2899999618530273,3.2899999618530273,3.559999942779541,3.1600000858306885,3.25,34800
2018-09-12,3.049999952316284,3.049999952316284,3.390000104904175,3.009999990463257,3.299999952316284,33500
2018-09-13,2.9000000953674316,2.9000000953674316,3.1500000953674316,2.9000000953674316,3.0399999618530273,38500
2018-09-14,2.8499999046325684,2.8499999046325684,3.059999942779541,2.759999990463257,2.990000009536743,39400
2018-09-17,3.2100000381469727,3.2100000381469727,3.430000066757202,2.799999952316284,2.8399999141693115,31100
2018-09-18,3.2200000286102295,3.2200000286102295,3.299999952316284,3.109999895095825,3.2200000286102295,8900
2018-09-19,3.0899999141693115,3.0899999141693115,3.3499999046325684,3.0899999141693115,3.299999952316284,19200
2018-09-20,3.240000009536743,3.240000009536743,3.299999952316284,3.1500000953674316,3.240000009536743,24300
2018-09-21,3.109999895095825,3.109999895095825,3.309999942779541,2.809999942779541,3.240000009536743,29200
2018-09-24,2.990000009536743,2.990000009536743,3.1500000953674316,2.869999885559082,3.119999885559082,34200
2018-09-25,3.0199999809265137,3.0199999809265137,3.1500000953674316,3.0199999809265137,3.0199999809265137,18800
2018-09-26,2.869999885559082,2.869999885559082,3.2799999713897705,2.869999885559082,3.0399999618530273,44000
2018-09-27,2.8499999046325684,2.8499999046325684,3.2100000381469727,2.8499999046325684,2.880000114440918,17700
2018-09-28,2.6600000858306885,2.6600000858306885,3.2200000286102295,2.5999999046325684,2.859999895095825,43600
2018-10-01,2.930000066757202,2.930000066757202,2.950000047683716,2.700000047683716,2.7100000381469727,30600
2018-10-02,2.7799999713897705,2.7799999713897705,2.940000057220459,2.7799999713897705,2.9200000762939453,20400
2018-10-03,2.75,2.75,2.890000104904175,2.75,2.7699999809265137,19000
2018-10-04,2.9200000762939453,2.9200000762939453,2.9200000762939453,2.75,2.759999990463257,14300
2018-10-05,2.7899999618530273,2.7899999618530273,2.940000057220459,2.75,2.880000114440918,12100
2018-10-08,2.75,2.75,2.8299999237060547,2.75,2.7799999713897705,10000
2018-10-09,2.619999885559082,2.619999885559082,2.8399999141693115,2.5999999046325684,2.75,45400
2018-10-10,2.5999999046325684,2.5999999046325684,2.6500000953674316,2.4100000858306885,2.619999885559082,31800
2018-10-11,2.5199999809265137,2.5199999809265137,2.640000104904175,2.4700000286102295,2.5999999046325684,12100
2018-10-12,2.609999895095825,2.609999895095825,2.640000104904175,2.4600000381469727,2.5899999141693115,23300
2018-10-15,2.5,2.5,2.640000104904175,2.5,2.5899999141693115,7000
2018-10-16,2.5299999713897705,2.5299999713897705,2.630000114440918,2.4100000858306885,2.5399999618530273,12500
2018-10-17,2.4700000286102295,2.4700000286102295,2.549999952316284,2.440000057220459,2.5199999809265137,8100
2018-10-18,2.3499999046325684,2.3499999046325684,2.5399999618530273,2.2899999618530273,2.5,21200
2018-10-19,2.240000009536743,2.240000009536743,2.359999895095825,2.240000009536743,2.359999895095825,52000
2018-10-22,2.200000047683716,2.200000047683716,2.2899999618530273,2.109999895095825,2.25,58800
2018-10-23,2.3499999046325684,2.3499999046325684,2.4800000190734863,2.009999990463257,2.190000057220459,39300
2018-10-24,2.690000057220459,2.690000057220459,2.7799999713897705,2.180000066757202,2.3299999237060547,50200
2018-10-25,2.7100000381469727,2.7100000381469727,2.950000047683716,2.609999895095825,2.7100000381469727,94800
2018-10-26,2.5199999809265137,2.5199999809265137,2.809999942779541,2.4800000190734863,2.7100000381469727,62000
2018-10-29,2.8399999141693115,2.8399999141693115,2.9000000953674316,2.549999952316284,2.549999952316284,25500
2018-10-30,2.869999885559082,2.869999885559082,2.890000104904175,2.7100000381469727,2.8299999237060547,26700
2018-10-31,2.9000000953674316,2.9000000953674316,2.950000047683716,2.799999952316284,2.8499999046325684,9400
2018-11-01,3.059999942779541,3.059999942779541,3.1600000858306885,2.8299999237060547,2.890000104904175,22000
2018-11-02,3.180000066757202,3.180000066757202,3.3499999046325684,3.0999999046325684,3.109999895095825,34700
2018-11-05,3.049999952316284,3.049999952316284,3.2100000381469727,3.049999952316284,3.190000057220459,8800
2018-11-06,3.390000104904175,3.390000104904175,3.4600000381469727,3.0799999237060547,3.0799999237060547,22000
2018-11-07,3.200000047683716,3.200000047683716,3.380000114440918,3.049999952316284,3.380000114440918,16900
2018-11-08,2.9800000190734863,2.9800000190734863,3.25,2.819999933242798,3.25,43800
2018-11-09,2.990000009536743,2.990000009536743,3.1600000858306885,2.819999933242798,2.890000104904175,20700
2018-11-12,2.9200000762939453,2.9200000762939453,3.240000009536743,2.880000114440918,3.0,10700
2018-11-13,2.880000114440918,2.880000114440918,3.0,2.799999952316284,2.950000047683716,16500
2018-11-14,2.9200000762939453,2.9200000762939453,3.049999952316284,2.859999895095825,2.859999895095825,18900
2018-11-15,2.9600000381469727,2.9600000381469727,3.049999952316284,2.8499999046325684,2.9100000858306885,3300
2018-11-16,2.930000066757202,2.930000066757202,3.0899999141693115,2.8499999046325684,3.0199999809265137,11000
2018-11-19,2.799999952316284,2.799999952316284,3.4000000953674316,2.5899999141693115,2.9200000762939453,88600
2018-11-20,2.819999933242798,2.819999933242798,3.0799999237060547,2.75,2.799999952316284,33900
2018-11-21,2.8399999141693115,2.8399999141693115,3.2699999809265137,2.6600000858306885,2.759999990463257,15300
2018-11-23,2.759999990463257,2.759999990463257,3.059999942779541,2.5899999141693115,2.8299999237060547,6700
2018-11-26,3.25,3.25,3.25,2.690000057220459,2.759999990463257,8300
2018-11-27,2.819999933242798,2.819999933242798,3.1500000953674316,2.75,3.1500000953674316,7300
2018-11-28,2.940000057220459,2.940000057220459,3.009999990463257,2.740000009536743,2.880000114440918,11200
2018-11-29,2.740000009536743,2.740000009536743,2.9800000190734863,2.740000009536743,2.9000000953674316,12000
2018-11-30,2.6500000953674316,2.6500000953674316,2.8499999046325684,2.6500000953674316,2.75,7000
2018-12-03,2.6600000858306885,2.6600000858306885,2.799999952316284,2.5199999809265137,2.700000047683716,15700
2018-12-04,2.7699999809265137,2.7699999809265137,2.7699999809265137,2.5999999046325684,2.6500000953674316,7300
2018-12-06,2.6500000953674316,2.6500000953674316,2.9600000381469727,2.559999942779541,2.700000047683716,7800
2018-12-07,2.5899999141693115,2.5899999141693115,2.7699999809265137,2.509999990463257,2.7699999809265137,5300
2018-12-10,2.509999990463257,2.509999990463257,2.7899999618530273,2.5,2.619999885559082,17900
2018-12-11,2.3499999046325684,2.3499999046325684,2.559999942779541,2.200000047683716,2.509999990463257,38900
2018-12-12,2.490000009536743,2.490000009536743,2.5199999809265137,2.240000009536743,2.440000057220459,27000
2018-12-13,2.5299999713897705,2.5299999713897705,2.609999895095825,2.440000057220459,2.5,24100
2018-12-14,2.3399999141693115,2.3399999141693115,2.700000047683716,2.3399999141693115,2.630000114440918,2700
2018-12-17,2.5799999237060547,2.5799999237060547,2.5799999237060547,2.450000047683716,2.490000009536743,18600
2018-12-18,2.5299999713897705,2.5299999713897705,2.690000057220459,2.440000057220459,2.690000057220459,16700
2018-12-19,2.509999990463257,2.509999990463257,2.5899999141693115,2.490000009536743,2.5199999809265137,5900
2018-12-20,2.4000000953674316,2.4000000953674316,2.549999952316284,2.299999952316284,2.549999952316284,24100
2018-12-21,2.309999942779541,2.309999942779541,2.5,2.309999942779541,2.490000009536743,20800
2018-12-24,2.1700000762939453,2.1700000762939453,2.4100000858306885,2.1700000762939453,2.4100000858306885,13200
2018-12-26,2.059999942779541,2.059999942779541,2.1700000762939453,2.049999952316284,2.1600000858306885,47200
2018-12-27,2.0,2.0,2.1600000858306885,2.0,2.0,29100
2018-12-28,1.9199999570846558,1.9199999570846558,2.0999999046325684,1.8600000143051147,2.0,51300
2018-12-31,1.8799999952316284,1.8799999952316284,2.0,1.809999942779541,1.8700000047683716,47700
2019-01-02,1.9800000190734863,1.9800000190734863,2.0,1.8700000047683716,1.8700000047683716,7500
2019-01-03,2.1600000858306885,2.1600000858306885,2.5,1.9700000286102295,1.9700000286102295,66300
2019-01-04,2.200000047683716,2.200000047683716,2.380000114440918,2.0,2.009999990463257,32300
2019-01-07,2.319999933242798,2.319999933242798,2.5199999809265137,2.309999942779541,2.509999990463257,17300
2019-01-08,2.4000000953674316,2.4000000953674316,2.4000000953674316,2.3299999237060547,2.3499999046325684,5500
2019-01-09,2.369999885559082,2.369999885559082,2.4700000286102295,2.319999933242798,2.430000066757202,6200
2019-01-10,2.319999933242798,2.319999933242798,2.5,2.1700000762939453,2.3499999046325684,12500
2019-01-11,2.440000057220459,2.440000057220459,2.5199999809265137,2.3299999237060547,2.3299999237060547,1000
2019-01-14,2.3399999141693115,2.3399999141693115,2.619999885559082,2.3399999141693115,2.4000000953674316,5200
2019-01-15,2.450000047683716,2.450000047683716,2.7200000286102295,2.369999885559082,2.369999885559082,6700
2019-01-16,2.5999999046325684,2.5999999046325684,2.5999999046325684,2.4700000286102295,2.4700000286102295,14600
2019-01-17,2.700000047683716,2.700000047683716,2.7799999713897705,2.609999895095825,2.75,35100
2019-01-18,2.700000047683716,2.700000047683716,2.859999895095825,2.700000047683716,2.700000047683716,53600
2019-01-22,2.6600000858306885,2.6600000858306885,2.990000009536743,2.6600000858306885,2.6700000762939453,13700
2019-01-23,2.75,2.75,2.7699999809265137,2.690000057220459,2.740000009536743,10500
2019-01-24,2.700000047683716,2.700000047683716,2.8399999141693115,2.700000047683716,2.7100000381469727,12800
2019-01-25,2.7200000286102295,2.7200000286102295,2.880000114440918,2.7100000381469727,2.8299999237060547,2600
2019-01-28,2.75,2.75,2.8499999046325684,2.740000009536743,2.7799999713897705,13700
2019-01-29,2.6600000858306885,2.6600000858306885,2.7699999809265137,2.6500000953674316,2.740000009536743,18800
2019-01-30,2.75,2.75,2.7799999713897705,2.6500000953674316,2.6500000953674316,13800
2019-01-31,2.75,2.75,2.8299999237060547,2.6600000858306885,2.6600000858306885,14500
2019-02-01,2.5199999809265137,2.5199999809265137,2.7899999618530273,2.490000009536743,2.7899999618530273,29300
2019-02-04,2.549999952316284,2.549999952316284,2.5899999141693115,2.450000047683716,2.509999990463257,53800
2019-02-05,2.450000047683716,2.450000047683716,2.5799999237060547,2.430000066757202,2.5799999237060547,13700
2019-02-06,2.450000047683716,2.450000047683716,2.549999952316284,2.450000047683716,2.450000047683716,9800
2019-02-07,2.4600000381469727,2.4600000381469727,2.5299999713897705,2.4600000381469727,2.4800000190734863,4800
2019-02-08,2.5299999713897705,2.5299999713897705,2.859999895095825,2.4600000381469727,2.509999990463257,5100
2019-02-11,2.5399999618530273,2.5399999618530273,2.680000066757202,2.450000047683716,2.569999933242798,29300
2019-02-12,2.5,2.5,2.5799999237060547,2.4600000381469727,2.490000009536743,17700
2019-02-13,2.5,2.5,2.569999933242798,2.5,2.549999952316284,4300
2019-02-14,2.440000057220459,2.440000057220459,2.5,2.4000000953674316,2.5,17900
2019-02-15,2.4200000762939453,2.4200000762939453,2.5199999809265137,2.4200000762939453,2.490000009536743,13200
2019-02-19,2.4000000953674316,2.4000000953674316,2.5199999809265137,2.4000000953674316,2.4200000762939453,16700
2019-02-20,2.309999942779541,2.309999942779541,2.450000047683716,2.309999942779541,2.4000000953674316,19300
2019-02-21,2.299999952316284,2.299999952316284,2.4200000762939453,2.299999952316284,2.299999952316284,14000
2019-02-22,2.380000114440918,2.380000114440918,2.380000114440918,2.259999990463257,2.299999952316284,23200
2019-02-25,2.440000057220459,2.440000057220459,2.450000047683716,2.309999942779541,2.4200000762939453,12400
2019-02-26,2.359999895095825,2.359999895095825,2.4800000190734863,2.359999895095825,2.4800000190734863,9600
2019-02-27,2.3299999237060547,2.3299999237060547,2.4000000953674316,2.3299999237060547,2.3399999141693115,20400
2019-02-28,2.3499999046325684,2.3499999046325684,2.369999885559082,2.3299999237060547,2.3299999237060547,3300
2019-03-01,2.390000104904175,2.390000104904175,2.390000104904175,2.309999942779541,2.3299999237060547,16400
2019-03-04,2.2300000190734863,2.2300000190734863,2.4100000858306885,2.1600000858306885,2.4000000953674316,31500
2019-03-05,2.200000047683716,2.200000047683716,2.2699999809265137,2.0999999046325684,2.180000066757202,46900
2019-03-06,2.180000066757202,2.180000066757202,2.25,2.1700000762939453,2.200000047683716,23100
2019-03-07,2.119999885559082,2.119999885559082,2.200000047683716,2.0999999046325684,2.1700000762939453,10500
2019-03-08,2.2300000190734863,2.2300000190734863,2.240000009536743,2.119999885559082,2.1500000953674316,20100
2019-03-11,2.059999942779541,2.059999942779541,2.2200000286102295,2.059999942779541,2.2200000286102295,21400
2019-03-12,2.130000114440918,2.130000114440918,2.1600000858306885,2.0199999809265137,2.0899999141693115,40700
2019-03-13,2.0999999046325684,2.0999999046325684,2.1700000762939453,2.049999952316284,2.0899999141693115,46400
2019-03-14,2.0999999046325684,2.0999999046325684,2.200000047683716,2.0799999237060547,2.0799999237060547,31600
2019-03-15,2.2300000190734863,2.2300000190734863,2.2300000190734863,2.0999999046325684,2.140000104904175,6600
2019-03-18,2.200000047683716,2.200000047683716,2.299999952316284,2.130000114440918,2.25,28700
2019-03-19,2.190000057220459,2.190000057220459,2.2799999713897705,2.119999885559082,2.240000009536743,34100
2019-03-20,2.200000047683716,2.200000047683716,2.299999952316284,2.0799999237060547,2.180000066757202,28800
2019-03-21,2.2100000381469727,2.2100000381469727,2.240000009536743,2.109999895095825,2.240000009536743,14000
2019-03-22,2.1500000953674316,2.1500000953674316,2.240000009536743,2.059999942779541,2.240000009536743,20900
2019-03-25,2.119999885559082,2.119999885559082,2.200000047683716,2.119999885559082,2.119999885559082,12700
2019-03-26,2.130000114440918,2.130000114440918,2.200000047683716,2.130000114440918,2.1600000858306885,8800
2019-03-27,2.200000047683716,2.200000047683716,2.200000047683716,2.1500000953674316,2.180000066757202,9900
2019-03-28,2.2100000381469727,2.2100000381469727,2.259999990463257,2.140000104904175,2.190000057220459,13200
2019-03-29,2.4200000762939453,2.4200000762939453,2.4200000762939453,2.2100000381469727,2.25,21100
2019-04-01,2.4200000762939453,2.4200000762939453,2.430000066757202,2.319999933242798,2.430000066757202,8600
2019-04-02,2.2200000286102295,2.2200000286102295,2.390000104904175,2.140000104904175,2.390000104904175,30200
2019-04-03,2.2200000286102295,2.2200000286102295,2.299999952316284,2.1700000762939453,2.200000047683716,13300
2019-04-04,2.140000104904175,2.140000104904175,2.319999933242798,2.140000104904175,2.190000057220459,24700
2019-04-05,2.190000057220459,2.190000057220459,2.2899999618530273,2.1600000858306885,2.180000066757202,17100
2019-04-08,2.1500000953674316,2.1500000953674316,2.2699999809265137,2.130000114440918,2.1500000953674316,25400
2019-04-09,2.1600000858306885,2.1600000858306885,2.299999952316284,2.130000114440918,2.180000066757202,5900
2019-04-10,2.1600000858306885,2.1600000858306885,2.2300000190734863,2.0999999046325684,2.130000114440918,58500
2019-04-11,2.130000114440918,2.130000114440918,2.2200000286102295,2.119999885559082,2.140000104904175,7300
2019-04-12,2.2100000381469727,2.2100000381469727,2.2100000381469727,2.119999885559082,2.119999885559082,6200
2019-04-15,1.9900000095367432,1.9900000095367432,2.140000104904175,1.940000057220459,2.130000114440918,20700
2019-04-16,2.0,2.0,2.069999933242798,2.0,2.0299999713897705,13500
2019-04-17,1.940000057220459,1.940000057220459,2.059999942779541,1.940000057220459,2.059999942779541,22600
2019-04-18,1.940000057220459,1.940000057220459,2.0199999809265137,1.940000057220459,2.0199999809265137,11800
2019-04-22,1.9500000476837158,1.9500000476837158,1.9900000095367432,1.9199999570846558,1.940000057220459,15100
2019-04-23,2.0299999713897705,2.0299999713897705,2.0399999618530273,1.899999976158142,1.9600000381469727,14000
2019-04-24,1.9800000190734863,1.9800000190734863,2.0199999809265137,1.9600000381469727,1.9600000381469727,7700
2019-04-25,2.0299999713897705,2.0299999713897705,2.259999990463257,1.9700000286102295,2.0,30600
2019-04-26,2.0899999141693115,2.0899999141693115,2.2200000286102295,1.9800000190734863,2.0399999618530273,22400
2019-04-29,2.049999952316284,2.049999952316284,2.2300000190734863,2.049999952316284,2.130000114440918,18000
2019-04-30,2.109999895095825,2.109999895095825,2.2899999618530273,2.059999942779541,2.059999942779541,24400
2019-05-01,2.190000057220459,2.190000057220459,2.2200000286102295,2.119999885559082,2.119999885559082,13400
2019-05-02,2.509999990463257,2.509999990463257,2.700000047683716,2.0999999046325684,2.1700000762939453,169300
2019-05-03,2.4700000286102295,2.4700000286102295,2.680000066757202,2.319999933242798,2.5999999046325684,55800
2019-05-06,2.4700000286102295,2.4700000286102295,2.4800000190734863,2.309999942779541,2.4700000286102295,30400
2019-05-07,2.4800000190734863,2.4800000190734863,2.569999933242798,2.3499999046325684,2.390000104904175,34900
2019-05-08,2.440000057220459,2.440000057220459,2.5799999237060547,2.319999933242798,2.5,31800
2019-05-09,2.25,2.25,2.450000047683716,2.25,2.369999885559082,26700
2019-05-10,2.2200000286102295,2.2200000286102295,2.359999895095825,2.200000047683716,2.25,29800
2019-05-13,2.319999933242798,2.319999933242798,2.4800000190734863,2.259999990463257,2.259999990463257,27000
2019-05-14,2.3299999237060547,2.3299999237060547,3.0299999713897705,2.3299999237060547,2.380000114440918,40000
2019-05-15,2.700000047683716,2.700000047683716,2.700000047683716,2.390000104904175,2.390000104904175,25000
2019-05-16,2.6700000762939453,2.6700000762939453,2.8299999237060547,2.5199999809265137,2.6600000858306885,25500
2019-05-17,2.6500000953674316,2.6500000953674316,2.9100000858306885,2.5399999618530273,2.5799999237060547,7300
2019-05-20,2.5999999046325684,2.5999999046325684,2.9700000286102295,2.5999999046325684,2.690000057220459,10000
2019-05-21,2.740000009536743,2.740000009536743,2.7899999618530273,2.6500000953674316,2.690000057220459,25900
2019-05-22,2.5299999713897705,2.5299999713897705,2.7200000286102295,2.5199999809265137,2.7200000286102295,13800
2019-05-23,2.4200000762939453,2.4200000762939453,2.490000009536743,2.4200000762939453,2.4800000190734863,9700
2019-05-24,2.2200000286102295,2.2200000286102295,2.4200000762939453,2.200000047683716,2.4200000762939453,18900
2019-05-28,2.2799999713897705,2.2799999713897705,2.569999933242798,2.200000047683716,2.2200000286102295,50100
2019-05-29,2.450000047683716,2.450000047683716,2.450000047683716,2.2100000381469727,2.2899999618530273,11000
2019-05-30,2.299999952316284,2.299999952316284,2.450000047683716,2.299999952316284,2.390000104904175,8700
2019-05-31,2.130000114440918,2.130000114440918,2.309999942779541,2.059999942779541,2.309999942779541,11900
2019-06-03,2.2300000190734863,2.2300000190734863,2.4000000953674316,2.069999933242798,2.1500000953674316,27800
2019-06-04,2.2899999618530273,2.2899999618530273,2.299999952316284,2.1600000858306885,2.2799999713897705,8500
2019-06-05,2.390000104904175,2.390000104904175,2.4100000858306885,2.1500000953674316,2.2799999713897705,40000
2019-06-06,2.0999999046325684,2.0999999046325684,2.4100000858306885,2.0999999046325684,2.369999885559082,30800
2019-06-07,2.4000000953674316,2.4000000953674316,2.5,2.119999885559082,2.2699999809265137,161300
2019-06-10,2.700000047683716,2.700000047683716,2.7200000286102295,2.440000057220459,2.440000057220459,114300
2019-06-11,2.4700000286102295,2.4700000286102295,2.7799999713897705,2.4000000953674316,2.700000047683716,59800
2019-06-12,2.369999885559082,2.369999885559082,2.569999933242798,2.369999885559082,2.559999942779541,11300
2019-06-13,2.319999933242798,2.319999933242798,2.5,2.299999952316284,2.490000009536743,18800
2019-06-14,2.5299999713897705,2.5299999713897705,2.5999999046325684,2.25,2.369999885559082,49000
2019-06-17,2.609999895095825,2.609999895095825,2.7100000381469727,2.5,2.5,59400
2019-06-18,2.759999990463257,2.759999990463257,2.9000000953674316,2.630000114440918,2.630000114440918,58900
2019-06-19,2.890000104904175,2.890000104904175,3.200000047683716,2.7899999618530273,2.809999942779541,102300
2019-06-20,3.6500000953674316,3.6500000953674316,4.75,2.880000114440918,2.890000104904175,2154800
2019-06-21,3.7899999618530273,3.7899999618530273,3.7899999618530273,3.25,3.5,275600
2019-06-24,4.0,4.0,4.099999904632568,3.680000066757202,3.7799999713897705,235100
2019-06-25,3.740000009536743,3.740000009536743,4.019999980926514,3.4600000381469727,4.019999980926514,87700
2019-06-26,3.890000104904175,3.890000104904175,3.890000104904175,3.4800000190734863,3.7899999618530273,52700
2019-06-27,3.5899999141693115,3.5899999141693115,3.859999895095825,3.5299999713897705,3.8399999141693115,53000
2019-06-28,3.640000104904175,3.640000104904175,3.690000057220459,3.4700000286102295,3.619999885559082,38900
2019-07-01,3.3399999141693115,3.3399999141693115,3.640000104904175,3.259999990463257,3.619999885559082,83500
2019-07-02,3.109999895095825,3.109999895095825,3.380000114440918,3.0999999046325684,3.369999885559082,52400
2019-07-03,3.1500000953674316,3.1500000953674316,3.25,3.0999999046325684,3.130000114440918,12500
2019-07-05,3.2699999809265137,3.2699999809265137,3.369999885559082,3.130000114440918,3.130000114440918,20300
2019-07-08,3.2100000381469727,3.2100000381469727,3.2799999713897705,3.0999999046325684,3.2100000381469727,17200
2019-07-09,3.119999885559082,3.119999885559082,3.240000009536743,3.119999885559082,3.140000104904175,10600
2019-07-10,3.130000114440918,3.130000114440918,3.2100000381469727,3.109999895095825,3.1700000762939453,15800
2019-07-11,3.0,3.0,3.1500000953674316,2.880000114440918,3.130000114440918,45800
2019-07-12,3.140000104904175,3.140000104904175,3.200000047683716,3.0,3.049999952316284,21100
2019-07-15,3.180000066757202,3.180000066757202,3.2799999713897705,3.140000104904175,3.190000057220459,9200
2019-07-16,3.359999895095825,3.359999895095825,3.4000000953674316,3.069999933242798,3.180000066757202,32700
2019-07-17,3.2699999809265137,3.2699999809265137,3.740000009536743,3.200000047683716,3.390000104904175,80500
2019-07-18,3.1500000953674316,3.1500000953674316,3.299999952316284,2.950000047683716,3.299999952316284,45800
2019-07-19,3.25,3.25,3.25,3.109999895095825,3.200000047683716,21100
2019-07-22,3.25,3.25,3.4000000953674316,3.130000114440918,3.25,79000
2019-07-23,3.390000104904175,3.390000104904175,3.4600000381469727,3.2200000286102295,3.240000009536743,29000
2019-07-24,3.319999933242798,3.319999933242798,3.4200000762939453,3.299999952316284,3.3399999141693115,7700
2019-07-25,3.4600000381469727,3.4600000381469727,3.640000104904175,3.119999885559082,3.319999933242798,99800
2019-07-26,3.440000057220459,3.440000057220459,3.569999933242798,3.299999952316284,3.4000000953674316,121500
2019-07-29,3.440000057220459,3.440000057220459,3.619999885559082,3.319999933242798,3.4800000190734863,75400
2019-07-30,3.5899999141693115,3.5899999141693115,3.630000114440918,3.4200000762939453,3.4200000762939453,66300
2019-07-31,3.4100000858306885,3.4100000858306885,3.7200000286102295,3.4100000858306885,3.5399999618530273,47700
2019-08-01,3.3399999141693115,3.3399999141693115,3.549999952316284,3.259999990463257,3.390000104904175,12900
2019-08-02,3.2699999809265137,3.2699999809265137,3.380000114440918,3.200000047683716,3.259999990463257,19100
2019-08-05,3.200000047683716,3.200000047683716,3.3299999237060547,3.130000114440918,3.299999952316284,22300
2019-08-06,3.2899999618530273,3.2899999618530273,3.2899999618530273,3.140000104904175,3.2699999809265137,5500
2019-08-07,3.2699999809265137,3.2699999809265137,3.2699999809265137,3.140000104904175,3.200000047683716,13800
2019-08-08,3.1500000953674316,3.1500000953674316,3.3499999046325684,3.1500000953674316,3.259999990463257,5500
2019-08-09,3.190000057220459,3.190000057220459,3.319999933242798,3.0999999046325684,3.140000104904175,12800
2019-08-12,3.049999952316284,3.049999952316284,3.200000047683716,3.0,3.180000066757202,13900
2019-08-13,3.069999933242798,3.069999933242798,3.1700000762939453,3.0,3.0199999809265137,18600
2019-08-14,2.799999952316284,2.799999952316284,3.1500000953674316,2.6700000762939453,3.1500000953674316,61400
2019-08-15,2.7200000286102295,2.7200000286102295,2.9100000858306885,2.690000057220459,2.8299999237060547,18500
2019-08-16,2.509999990463257,2.509999990463257,2.7699999809265137,2.5,2.7699999809265137,36000
2019-08-19,2.6600000858306885,2.6600000858306885,2.7200000286102295,2.509999990463257,2.630000114440918,19100
2019-08-20,2.5299999713897705,2.5299999713897705,2.6700000762939453,2.5299999713897705,2.6500000953674316,18300
2019-08-21,2.4700000286102295,2.4700000286102295,2.569999933242798,2.4000000953674316,2.5299999713897705,39400
2019-08-22,2.559999942779541,2.559999942779541,2.5999999046325684,2.4000000953674316,2.5399999618530273,21900
2019-08-23,2.5899999141693115,2.5899999141693115,2.809999942779541,2.5399999618530273,2.5399999618530273,19300
2019-08-26,2.6700000762939453,2.6700000762939453,2.759999990463257,2.5299999713897705,2.690000057220459,10200
2019-08-27,2.5,2.5,2.799999952316284,2.5,2.6700000762939453,9300
2019-08-28,2.6600000858306885,2.6600000858306885,2.7699999809265137,2.509999990463257,2.5199999809265137,14100
2019-08-29,2.799999952316284,2.799999952316284,2.869999885559082,2.5899999141693115,2.5899999141693115,20900
2019-08-30,2.9200000762939453,2.9200000762939453,2.9200000762939453,2.609999895095825,2.869999885559082,23200
2019-09-03,2.9100000858306885,2.9100000858306885,2.9100000858306885,2.700000047683716,2.880000114440918,5500
2019-09-04,2.859999895095825,2.859999895095825,2.9100000858306885,2.759999990463257,2.7799999713897705,4700
2019-09-05,2.990000009536743,2.990000009536743,2.990000009536743,2.799999952316284,2.859999895095825,11600
2019-09-06,2.9800000190734863,2.9800000190734863,3.0299999713897705,2.930000066757202,3.0299999713897705,7400
2019-09-09,2.9600000381469727,2.9600000381469727,2.9800000190734863,2.9000000953674316,2.930000066757202,17200
2019-09-10,2.799999952316284,2.799999952316284,3.0899999141693115,2.7699999809265137,3.049999952316284,20200
2019-09-11,2.799999952316284,2.799999952316284,2.9800000190734863,2.700000047683716,2.799999952316284,34200
2019-09-12,2.7200000286102295,2.7200000286102295,2.7899999618530273,2.7200000286102295,2.75,6700
2019-09-13,2.7899999618530273,2.7899999618530273,2.809999942779541,2.740000009536743,2.740000009536743,5000
2019-09-16,2.75,2.75,2.880000114440918,2.75,2.7899999618530273,3400
2019-09-17,2.559999942779541,2.559999942779541,2.819999933242798,2.509999990463257,2.819999933242798,26200
2019-09-18,2.509999990463257,2.509999990463257,2.5899999141693115,2.509999990463257,2.509999990463257,29600
2019-09-19,2.450000047683716,2.450000047683716,2.640000104904175,2.450000047683716,2.640000104904175,7400
2019-09-20,2.450000047683716,2.450000047683716,2.569999933242798,2.4100000858306885,2.569999933242798,12100
2019-09-23,2.4200000762939453,2.4200000762939453,2.509999990463257,2.4100000858306885,2.4100000858306885,6900
2019-09-24,2.3299999237060547,2.3299999237060547,2.430000066757202,2.259999990463257,2.4200000762939453,29100
2019-09-25,2.4200000762939453,2.4200000762939453,2.490000009536743,2.4000000953674316,2.4000000953674316,7400
2019-09-26,2.4600000381469727,2.4600000381469727,2.549999952316284,2.450000047683716,2.490000009536743,17100
2019-09-27,2.299999952316284,2.299999952316284,2.5,2.299999952316284,2.5,15100
2019-09-30,2.190000057220459,2.190000057220459,2.369999885559082,2.1500000953674316,2.3499999046325684,37600
2019-10-01,2.25,2.25,2.25,2.1600000858306885,2.1600000858306885,8200
2019-10-02,2.1500000953674316,2.1500000953674316,2.4200000762939453,2.1500000953674316,2.25,10000
2019-10-03,2.0299999713897705,2.0299999713897705,2.240000009536743,2.0,2.1600000858306885,30400
2019-10-04,2.0799999237060547,2.0799999237060547,2.119999885559082,1.9199999570846558,2.0,16800
2019-10-07,2.0799999237060547,2.0799999237060547,2.1500000953674316,2.0799999237060547,2.130000114440918,7800
2019-10-08,2.440000057220459,2.440000057220459,2.440000057220459,2.109999895095825,2.109999895095825,11800
2019-10-09,2.190000057220459,2.190000057220459,2.430000066757202,2.180000066757202,2.430000066757202,7500
2019-10-10,2.190000057220459,2.190000057220459,2.359999895095825,2.180000066757202,2.180000066757202,6100
2019-10-11,2.119999885559082,2.119999885559082,2.259999990463257,2.059999942779541,2.1700000762939453,18100
2019-10-14,2.0899999141693115,2.0899999141693115,2.0899999141693115,1.9299999475479126,2.0799999237060547,21900
2019-10-15,2.2100000381469727,2.2100000381469727,2.369999885559082,1.9800000190734863,2.0299999713897705,36100
2019-10-16,2.119999885559082,2.119999885559082,2.2100000381469727,2.119999885559082,2.200000047683716,3500
2019-10-17,2.1500000953674316,2.1500000953674316,2.2100000381469727,2.009999990463257,2.2100000381469727,6200
2019-10-18,2.1500000953674316,2.1500000953674316,2.450000047683716,2.0999999046325684,2.200000047683716,29000
2019-10-21,2.180000066757202,2.180000066757202,2.299999952316284,2.0899999141693115,2.0899999141693115,4000
2019-10-22,2.2200000286102295,2.2200000286102295,2.2799999713897705,2.049999952316284,2.049999952316284,4200
2019-10-23,2.240000009536743,2.240000009536743,2.2899999618530273,2.1700000762939453,2.1700000762939453,5300
2019-10-24,2.1500000953674316,2.1500000953674316,2.3499999046325684,2.0299999713897705,2.200000047683716,30600
2019-10-25,2.0999999046325684,2.0999999046325684,2.299999952316284,2.0399999618530273,2.140000104904175,27700
2019-10-28,2.009999990463257,2.009999990463257,2.119999885559082,2.0,2.0999999046325684,46300
2019-10-29,2.0,2.0,2.109999895095825,1.9600000381469727,2.0299999713897705,33300
2019-10-30,2.0199999809265137,2.0199999809265137,2.0899999141693115,1.9900000095367432,2.0199999809265137,16800
2019-10-31,2.009999990463257,2.009999990463257,2.059999942779541,1.9800000190734863,2.0,17500
2019-11-01,1.9900000095367432,1.9900000095367432,2.049999952316284,1.9700000286102295,2.009999990463257,16500
2019-11-04,2.0,2.0,2.049999952316284,2.0,2.049999952316284,18200
2019-11-05,1.9700000286102295,1.9700000286102295,2.049999952316284,1.9700000286102295,2.0399999618530273,22200
2019-11-06,2.0,2.0,2.0199999809265137,1.9700000286102295,1.9700000286102295,10100
2019-11-07,1.9700000286102295,1.9700000286102295,2.0,1.9600000381469727,2.0,21200
2019-11-08,1.9500000476837158,1.9500000476837158,2.0,1.9500000476837158,2.0,4000
2019-11-11,1.9800000190734863,1.9800000190734863,1.9800000190734863,1.9500000476837158,1.9800000190734863,6900
2019-11-12,1.9600000381469727,1.9600000381469727,1.9800000190734863,1.9299999475479126,1.9500000476837158,36400
2019-11-13,1.9600000381469727,1.9600000381469727,1.9700000286102295,1.899999976158142,1.9500000476837158,18500
2019-11-14,2.049999952316284,2.049999952316284,2.049999952316284,1.9299999475479126,1.940000057220459,54700
2019-11-15,2.0299999713897705,2.0299999713897705,2.0999999046325684,2.0199999809265137,2.059999942779541,13600
2019-11-18,2.0299999713897705,2.0299999713897705,2.0899999141693115,2.0,2.0199999809265137,6000
2019-11-19,2.069999933242798,2.069999933242798,2.0999999046325684,1.9700000286102295,2.0999999046325684,20100
2019-11-20,1.9900000095367432,1.9900000095367432,2.0899999141693115,1.9900000095367432,2.0299999713897705,6600
2019-11-21,2.0,2.0,2.049999952316284,2.0,2.049999952316284,8400
2019-11-22,1.9800000190734863,1.9800000190734863,2.0899999141693115,1.9800000190734863,2.049999952316284,6100
2019-11-25,1.9900000095367432,1.9900000095367432,2.049999952316284,1.940000057220459,2.0199999809265137,22900
2019-11-26,1.9700000286102295,1.9700000286102295,2.0399999618530273,1.9500000476837158,2.0199999809265137,16800
2019-11-27,1.9299999475479126,1.9299999475479126,1.9800000190734863,1.840000033378601,1.9500000476837158,47300
2019-11-29,2.0399999618530273,2.0399999618530273,2.0399999618530273,1.9500000476837158,1.9600000381469727,16800
2019-12-02,1.9299999475479126,1.9299999475479126,2.0,1.909999966621399,2.0,32100
2019-12-03,1.8700000047683716,1.8700000047683716,1.9700000286102295,1.850000023841858,1.9500000476837158,41100
2019-12-04,1.8799999952316284,1.8799999952316284,1.940000057220459,1.8700000047683716,1.909999966621399,20600
2019-12-05,1.9199999570846558,1.9199999570846558,1.9299999475479126,1.8799999952316284,1.899999976158142,7900
2019-12-06,1.8799999952316284,1.8799999952316284,1.940000057220459,1.8799999952316284,1.899999976158142,20300
2019-12-09,1.9800000190734863,1.9800000190734863,1.9900000095367432,1.8899999856948853,1.8899999856948853,15300
2019-12-10,1.9700000286102295,1.9700000286102295,1.9800000190734863,1.9199999570846558,1.9700000286102295,1400
2019-12-11,1.9199999570846558,1.9199999570846558,1.9800000190734863,1.909999966621399,1.909999966621399,16000
2019-12-12,1.9800000190734863,1.9800000190734863,2.0,1.9199999570846558,1.9199999570846558,12600
2019-12-13,2.0399999618530273,2.0399999618530273,2.0399999618530273,1.9299999475479126,1.9299999475479126,20100
2019-12-16,1.9700000286102295,1.9700000286102295,2.049999952316284,1.9700000286102295,2.0,19800
2019-12-17,2.0199999809265137,2.0199999809265137,2.049999952316284,1.940000057220459,1.9700000286102295,13800
2019-12-18,2.059999942779541,2.059999942779541,2.059999942779541,1.9600000381469727,2.049999952316284,19900
2019-12-19,2.200000047683716,2.200000047683716,2.259999990463257,2.0,2.0899999141693115,47800
2019-12-20,2.200000047683716,2.200000047683716,2.240000009536743,2.0199999809265137,2.240000009536743,33100
2019-12-23,1.9900000095367432,1.9900000095367432,2.2200000286102295,1.9800000190734863,2.2100000381469727,19400
2019-12-24,2.0,2.0,2.0999999046325684,1.9900000095367432,2.009999990463257,74600
2019-12-26,2.0299999713897705,2.0299999713897705,2.049999952316284,2.009999990463257,2.0299999713897705,21900
2019-12-27,2.0999999046325684,2.0999999046325684,2.140000104904175,1.9900000095367432,2.0999999046325684,65200
2019-12-30,1.9600000381469727,1.9600000381469727,2.049999952316284,1.9600000381469727,2.049999952316284,42500
2019-12-31,1.9900000095367432,1.9900000095367432,2.0399999618530273,1.9500000476837158,1.9600000381469727,50500
2020-01-02,2.0299999713897705,2.0299999713897705,2.0399999618530273,1.9700000286102295,1.9700000286102295,12700
2020-01-03,2.009999990463257,2.009999990463257,2.0899999141693115,1.9600000381469727,1.9600000381469727,13800
2020-01-06,2.069999933242798,2.069999933242798,2.0799999237060547,1.9800000190734863,1.9800000190734863,9000
2020-01-07,2.069999933242798,2.069999933242798,2.0899999141693115,2.0299999713897705,2.0299999713897705,18200
2020-01-08,2.140000104904175,2.140000104904175,2.140000104904175,2.0199999809265137,2.0199999809265137,21400
2020-01-09,2.0899999141693115,2.0899999141693115,2.130000114440918,2.0799999237060547,2.130000114440918,19400
2020-01-10,2.049999952316284,2.049999952316284,2.0899999141693115,2.0,2.0399999618530273,50700
2020-01-13,2.119999885559082,2.119999885559082,2.130000114440918,2.0,2.069999933242798,16700
2020-01-14,2.1500000953674316,2.1500000953674316,2.240000009536743,2.0399999618530273,2.0399999618530273,36500
2020-01-15,2.140000104904175,2.140000104904175,2.2300000190734863,2.130000114440918,2.140000104904175,10300
2020-01-16,2.369999885559082,2.369999885559082,2.440000057220459,2.180000066757202,2.180000066757202,74600
2020-01-17,2.4100000858306885,2.4100000858306885,2.5299999713897705,2.380000114440918,2.390000104904175,26900
2020-01-21,2.4800000190734863,2.4800000190734863,2.5,2.4000000953674316,2.450000047683716,26500
2020-01-22,2.4600000381469727,2.4600000381469727,2.5899999141693115,2.450000047683716,2.5299999713897705,39000
2020-01-23,2.5299999713897705,2.5299999713897705,2.5399999618530273,2.4600000381469727,2.4700000286102295,13700
2020-01-24,2.609999895095825,2.609999895095825,2.75,2.5299999713897705,2.5299999713897705,28800
2020-01-27,2.559999942779541,2.559999942779541,2.680000066757202,2.490000009536743,2.619999885559082,7200
2020-01-28,2.6500000953674316,2.6500000953674316,2.7100000381469727,2.5999999046325684,2.619999885559082,14100
2020-01-29,2.559999942779541,2.559999942779541,2.6700000762939453,2.5199999809265137,2.6700000762939453,13200
2020-01-30,2.4600000381469727,2.4600000381469727,2.5399999618530273,2.4600000381469727,2.5199999809265137,14100
2020-01-31,2.25,2.25,2.4800000190734863,2.2300000190734863,2.450000047683716,26200
2020-02-03,2.4000000953674316,2.4000000953674316,2.4600000381469727,2.309999942779541,2.3499999046325684,13400
2020-02-04,2.430000066757202,2.430000066757202,2.4800000190734863,2.3499999046325684,2.4200000762939453,7200
2020-02-05,2.450000047683716,2.450000047683716,2.5799999237060547,2.450000047683716,2.4700000286102295,11000
2020-02-06,2.4200000762939453,2.4200000762939453,2.640000104904175,2.390000104904175,2.4100000858306885,12800
2020-02-07,2.4200000762939453,2.4200000762939453,2.5399999618530273,2.309999942779541,2.3299999237060547,11500
2020-02-10,2.430000066757202,2.430000066757202,2.4700000286102295,2.4100000858306885,2.4700000286102295,4400
2020-02-11,2.4800000190734863,2.4800000190734863,2.4800000190734863,2.380000114440918,2.4100000858306885,3100
2020-02-12,2.4600000381469727,2.4600000381469727,2.490000009536743,2.4000000953674316,2.4200000762939453,7400
2020-02-13,2.450000047683716,2.450000047683716,2.450000047683716,2.4000000953674316,2.4000000953674316,2700
2020-02-14,2.390000104904175,2.390000104904175,2.440000057220459,2.369999885559082,2.4200000762939453,4300
2020-02-18,2.369999885559082,2.369999885559082,2.4000000953674316,2.3299999237060547,2.380000114440918,4900
2020-02-19,2.5399999618530273,2.5399999618530273,2.5399999618530273,2.3299999237060547,2.3299999237060547,3000
2020-02-20,2.559999942779541,2.559999942779541,2.5899999141693115,2.5199999809265137,2.5799999237060547,10800
2020-02-21,2.5199999809265137,2.5199999809265137,2.5399999618530273,2.490000009536743,2.5,4000
2020-02-24,2.2899999618530273,2.2899999618530273,2.5,2.2799999713897705,2.440000057220459,17100
2020-02-25,2.369999885559082,2.369999885559082,2.4200000762939453,2.2699999809265137,2.380000114440918,9800
2020-02-26,2.2699999809265137,2.2699999809265137,2.359999895095825,2.2300000190734863,2.3299999237060547,12200
2020-02-27,2.109999895095825,2.109999895095825,2.2899999618530273,2.0799999237060547,2.2699999809265137,17600
2020-02-28,2.049999952316284,2.049999952316284,2.109999895095825,1.9900000095367432,1.9900000095367432,16600
2020-03-02,2.0999999046325684,2.0999999046325684,2.309999942779541,2.0899999141693115,2.2100000381469727,14200
2020-03-03,2.1600000858306885,2.1600000858306885,2.2799999713897705,2.059999942779541,2.0999999046325684,8700
2020-03-04,2.0799999237060547,2.0799999237060547,2.0999999046325684,2.0799999237060547,2.0899999141693115,9300
2020-03-05,2.2100000381469727,2.2100000381469727,2.450000047683716,2.0799999237060547,2.0799999237060547,16700
2020-03-06,2.190000057220459,2.190000057220459,2.2899999618530273,2.190000057220459,2.2100000381469727,15100
2020-03-09,1.9500000476837158,1.9500000476837158,2.4100000858306885,1.9199999570846558,2.069999933242798,18500
2020-03-10,2.049999952316284,2.049999952316284,2.319999933242798,2.009999990463257,2.1700000762939453,9700
2020-03-11,2.119999885559082,2.119999885559082,2.180000066757202,1.8799999952316284,2.059999942779541,14600
2020-03-12,1.8300000429153442,1.8300000429153442,1.9900000095367432,1.75,1.8600000143051147,23900
2020-03-13,1.9199999570846558,1.9199999570846558,2.2300000190734863,1.7799999713897705,1.7799999713897705,7600
2020-03-16,1.8700000047683716,1.8700000047683716,1.940000057220459,1.7200000286102295,1.940000057220459,34400
2020-03-17,1.8300000429153442,1.8300000429153442,1.8899999856948853,1.75,1.8700000047683716,23400
2020-03-18,1.5,1.5,1.7999999523162842,1.4299999475479126,1.6100000143051147,35800
2020-03-19,1.9299999475479126,1.9299999475479126,2.7699999809265137,1.5,1.5,382500
2020-03-20,1.850000023841858,1.850000023841858,1.9800000190734863,1.8200000524520874,1.8600000143051147,47500
2020-03-23,1.8200000524520874,1.8200000524520874,1.940000057220459,1.8200000524520874,1.940000057220459,28300
2020-03-24,1.8300000429153442,1.8300000429153442,1.9199999570846558,1.8200000524520874,1.909999966621399,28900
2020-03-25,1.850000023841858,1.850000023841858,1.8799999952316284,1.8300000429153442,1.8300000429153442,14600
2020-03-26,1.8899999856948853,1.8899999856948853,1.9600000381469727,1.809999942779541,1.809999942779541,15200
2020-03-27,1.8700000047683716,1.8700000047683716,2.0899999141693115,1.8600000143051147,1.9700000286102295,6200
2020-03-30,1.840000033378601,1.840000033378601,1.9299999475479126,1.840000033378601,1.9299999475479126,17100
2020-03-31,1.9199999570846558,1.9199999570846558,1.9800000190734863,1.8200000524520874,1.840000033378601,3300
2020-04-01,1.8300000429153442,1.8300000429153442,1.9700000286102295,1.8200000524520874,1.9700000286102295,13900
2020-04-02,1.7599999904632568,1.7599999904632568,1.850000023841858,1.7599999904632568,1.8200000524520874,29700
2020-04-03,1.7100000381469727,1.7100000381469727,1.7899999618530273,1.6200000047683716,1.7100000381469727,9000
2020-04-06,1.7100000381469727,1.7100000381469727,1.7999999523162842,1.7000000476837158,1.7200000286102295,12500
2020-04-07,1.7999999523162842,1.7999999523162842,2.109999895095825,1.690000057220459,1.7000000476837158,29000
2020-04-08,1.8600000143051147,1.8600000143051147,2.009999990463257,1.7999999523162842,1.8799999952316284,11600
2020-04-09,1.8899999856948853,1.8899999856948853,2.0,1.8200000524520874,1.9900000095367432,7900
2020-04-13,1.940000057220459,1.940000057220459,1.940000057220459,1.850000023841858,1.8899999856948853,4200
2020-04-14,1.7899999618530273,1.7899999618530273,1.940000057220459,1.7699999809265137,1.9299999475479126,172800
2020-04-15,2.2699999809265137,2.2699999809265137,2.799999952316284,2.0799999237060547,2.1700000762939453,1048100
2020-04-16,2.130000114440918,2.130000114440918,2.5,2.130000114440918,2.2799999713897705,212900
2020-04-17,2.190000057220459,2.190000057220459,2.309999942779541,2.049999952316284,2.049999952316284,55600
2020-04-20,2.3499999046325684,2.3499999046325684,2.369999885559082,2.119999885559082,2.200000047683716,44000
2020-04-21,2.4200000762939453,2.4200000762939453,2.5,2.240000009536743,2.299999952316284,145100
2020-04-22,2.5,2.5,2.549999952316284,2.369999885559082,2.509999990463257,125700
2020-04-23,2.4600000381469727,2.4600000381469727,2.5799999237060547,2.450000047683716,2.450000047683716,54800
2020-04-24,2.680000066757202,2.680000066757202,2.7300000190734863,2.4200000762939453,2.569999933242798,124000
2020-04-27,2.990000009536743,2.990000009536743,2.990000009536743,2.700000047683716,2.7300000190734863,127300
2020-04-28,2.6700000762939453,2.6700000762939453,3.0899999141693115,2.5,3.0,103900
2020-04-29,2.819999933242798,2.819999933242798,2.880000114440918,2.5899999141693115,2.5899999141693115,43700
2020-04-30,2.6600000858306885,2.6600000858306885,2.809999942779541,2.640000104904175,2.809999942779541,49300
2020-05-01,2.5999999046325684,2.5999999046325684,2.7200000286102295,2.549999952316284,2.5799999237060547,15200
2020-05-04,2.4600000381469727,2.4600000381469727,2.549999952316284,2.319999933242798,2.549999952316284,33000
2020-05-05,2.440000057220459,2.440000057220459,2.569999933242798,2.4200000762939453,2.4200000762939453,23300
2020-05-06,2.430000066757202,2.430000066757202,2.509999990463257,2.4100000858306885,2.4100000858306885,15200
2020-05-07,2.549999952316284,2.549999952316284,2.5899999141693115,2.4600000381469727,2.4700000286102295,25500
2020-05-08,2.630000114440918,2.630000114440918,2.6500000953674316,2.5399999618530273,2.549999952316284,12700
2020-05-11,2.5999999046325684,2.5999999046325684,2.640000104904175,2.5799999237060547,2.630000114440918,24000
2020-05-12,2.4700000286102295,2.4700000286102295,2.609999895095825,2.4700000286102295,2.559999942779541,26500
2020-05-13,2.299999952316284,2.299999952316284,2.609999895095825,2.259999990463257,2.490000009536743,17300
2020-05-14,2.2799999713897705,2.2799999713897705,2.4800000190734863,2.25,2.2799999713897705,20400
2020-05-15,2.4700000286102295,2.4700000286102295,2.569999933242798,2.2799999713897705,2.2799999713897705,58400
2020-05-18,2.549999952316284,2.549999952316284,2.640000104904175,2.440000057220459,2.4700000286102295,40100
2020-05-19,2.6600000858306885,2.6600000858306885,2.9000000953674316,2.369999885559082,2.5899999141693115,45000
2020-05-20,2.640000104904175,2.640000104904175,2.7699999809265137,2.569999933242798,2.700000047683716,29400
2020-05-21,2.5,2.5,2.6700000762939453,2.490000009536743,2.619999885559082,18300
2020-05-22,2.609999895095825,2.609999895095825,2.609999895095825,2.5,2.5,9100
2020-05-26,2.5,2.5,2.619999885559082,2.380000114440918,2.619999885559082,55700
2020-05-27,2.490000009536743,2.490000009536743,2.609999895095825,2.4000000953674316,2.5299999713897705,19800
2020-05-28,2.3499999046325684,2.3499999046325684,2.509999990463257,2.3499999046325684,2.5,21800
2020-05-29,2.369999885559082,2.369999885559082,2.4200000762939453,2.299999952316284,2.4200000762939453,19800
2020-06-01,2.490000009536743,2.490000009536743,2.490000009536743,2.309999942779541,2.3299999237060547,20300
2020-06-02,2.4100000858306885,2.4100000858306885,2.490000009536743,2.390000104904175,2.490000009536743,11900
2020-06-03,2.430000066757202,2.430000066757202,2.4800000190734863,2.4000000953674316,2.4000000953674316,20500
2020-06-04,2.430000066757202,2.430000066757202,2.440000057220459,2.4100000858306885,2.440000057220459,11300
2020-06-05,2.4200000762939453,2.4200000762939453,2.4700000286102295,2.390000104904175,2.4700000286102295,17500
2020-06-08,2.380000114440918,2.380000114440918,2.4200000762939453,2.3399999141693115,2.4200000762939453,20400
2020-06-09,2.309999942779541,2.309999942779541,2.3499999046325684,2.299999952316284,2.3399999141693115,24600
2020-06-10,2.4100000858306885,2.4100000858306885,2.4200000762939453,2.2899999618530273,2.309999942779541,21000
2020-06-11,2.2699999809265137,2.2699999809265137,2.309999942779541,2.259999990463257,2.2899999618530273,11600
2020-06-12,2.359999895095825,2.359999895095825,2.359999895095825,2.25,2.2799999713897705,26300
2020-06-15,2.380000114440918,2.380000114440918,2.4000000953674316,2.2899999618530273,2.2899999618530273,13500
2020-06-16,2.380000114440918,2.380000114440918,2.4000000953674316,2.299999952316284,2.369999885559082,8500
2020-06-17,2.4000000953674316,2.4000000953674316,2.450000047683716,2.3499999046325684,2.450000047683716,18500
2020-06-18,2.4200000762939453,2.4200000762939453,2.490000009536743,2.3499999046325684,2.369999885559082,16600
2020-06-19,2.390000104904175,2.390000104904175,2.430000066757202,2.359999895095825,2.430000066757202,19100
2020-06-22,2.369999885559082,2.369999885559082,2.440000057220459,2.299999952316284,2.4000000953674316,21300
2020-06-23,2.430000066757202,2.430000066757202,2.4800000190734863,2.3499999046325684,2.4200000762939453,27900
2020-06-24,2.5,2.5,2.5199999809265137,2.450000047683716,2.450000047683716,29600
2020-06-25,2.5199999809265137,2.5199999809265137,2.559999942779541,2.4800000190734863,2.5,13300
2020-06-26,2.450000047683716,2.450000047683716,2.490000009536743,2.450000047683716,2.4800000190734863,9100
2020-06-29,2.299999952316284,2.299999952316284,2.609999895095825,2.2300000190734863,2.5199999809265137,47600
2020-06-30,2.2799999713897705,2.2799999713897705,2.359999895095825,2.259999990463257,2.259999990463257,15800
2020-07-01,2.299999952316284,2.299999952316284,2.309999942779541,2.259999990463257,2.259999990463257,8500
2020-07-02,2.3299999237060547,2.3299999237060547,2.390000104904175,2.259999990463257,2.369999885559082,5700
2020-07-06,2.3299999237060547,2.3299999237060547,2.5999999046325684,2.25,2.390000104904175,104700
2020-07-07,2.630000114440918,2.630000114440918,2.869999885559082,2.3399999141693115,2.430000066757202,124600
2020-07-08,2.7699999809265137,2.7699999809265137,2.9000000953674316,2.7100000381469727,2.7100000381469727,61800
2020-07-09,2.5399999618530273,2.5399999618530273,2.869999885559082,2.390000104904175,2.8499999046325684,76900
2020-07-10,2.5799999237060547,2.5799999237060547,2.6600000858306885,2.509999990463257,2.5399999618530273,37500
2020-07-13,2.7899999618530273,2.7899999618530273,3.0199999809265137,2.5899999141693115,2.5899999141693115,106500
2020-07-14,2.690000057220459,2.690000057220459,2.809999942779541,2.5299999713897705,2.809999942779541,31800
2020-07-15,2.630000114440918,2.630000114440918,2.7300000190734863,2.5,2.5999999046325684,10600
2020-07-16,2.9800000190734863,2.9800000190734863,3.0,2.690000057220459,2.690000057220459,80200
2020-07-17,2.9200000762939453,2.9200000762939453,3.0,2.9000000953674316,3.0,52000
2020-07-20,2.9200000762939453,2.9200000762939453,2.930000066757202,2.7899999618530273,2.859999895095825,21000
2020-07-21,2.880000114440918,2.880000114440918,2.9000000953674316,2.8299999237060547,2.890000104904175,20800
2020-07-22,2.890000104904175,2.890000104904175,2.9000000953674316,2.75,2.8299999237060547,26500
2020-07-23,2.6600000858306885,2.6600000858306885,2.8399999141693115,2.609999895095825,2.8399999141693115,69200
2020-07-24,2.950000047683716,2.950000047683716,2.950000047683716,2.6600000858306885,2.700000047683716,30600
2020-07-27,3.4000000953674316,3.4000000953674316,3.5,2.9100000858306885,2.940000057220459,233700
2020-07-28,2.9200000762939453,2.9200000762939453,3.390000104904175,2.759999990463257,3.390000104904175,160200
2020-07-29,3.1500000953674316,3.1500000953674316,3.200000047683716,2.950000047683716,3.049999952316284,93900
2020-07-30,2.880000114440918,2.880000114440918,3.1500000953674316,2.799999952316284,3.140000104904175,81000
2020-07-31,2.890000104904175,2.890000104904175,3.0,2.819999933242798,2.819999933242798,60800
2020-08-03,2.930000066757202,2.930000066757202,3.0899999141693115,2.8499999046325684,2.9100000858306885,74000
2020-08-04,2.950000047683716,2.950000047683716,3.0899999141693115,2.9100000858306885,2.990000009536743,48200
2020-08-05,3.0299999713897705,3.0299999713897705,3.069999933242798,2.950000047683716,2.9700000286102295,41100
2020-08-06,3.2699999809265137,3.2699999809265137,3.299999952316284,3.0199999809265137,3.069999933242798,89900
2020-08-07,3.4600000381469727,3.4600000381469727,3.7899999618530273,3.319999933242798,3.319999933242798,195800
2020-08-10,3.430000066757202,3.430000066757202,3.6700000762939453,3.380000114440918,3.5,79400
2020-08-11,3.2200000286102295,3.2200000286102295,3.450000047683716,3.180000066757202,3.450000047683716,58700
2020-08-12,3.3299999237060547,3.3299999237060547,3.4100000858306885,3.140000104904175,3.2100000381469727,48200
2020-08-13,3.5999999046325684,3.5999999046325684,3.75,3.490000009536743,3.5,125600
2020-08-14,4.019999980926514,4.019999980926514,4.050000190734863,3.609999895095825,3.6500000953674316,297600
2020-08-17,4.829999923706055,4.829999923706055,5.590000152587891,4.039999961853027,4.130000114440918,902700
2020-08-18,4.059999942779541,4.059999942779541,4.760000228881836,3.8499999046325684,4.760000228881836,296000
2020-08-19,4.590000152587891,4.590000152587891,4.71999979019165,3.9000000953674316,4.039999961853027,163800
2020-08-20,5.309999942779541,5.309999942779541,5.579999923706055,4.539999961853027,4.539999961853027,382000
2020-08-21,5.820000171661377,5.820000171661377,6.190000057220459,5.059999942779541,5.139999866485596,546300
2020-08-24,4.789999961853027,4.789999961853027,6.090000152587891,4.659999847412109,5.96999979019165,487200
2020-08-25,5.260000228881836,5.260000228881836,5.449999809265137,4.909999847412109,4.96999979019165,251100
2020-08-26,4.730000019073486,4.730000019073486,5.349999904632568,4.730000019073486,5.139999866485596,197900
2020-08-27,4.909999847412109,4.909999847412109,5.03000020980835,4.789999961853027,4.860000133514404,44000
2020-08-28,4.849999904632568,4.849999904632568,4.96999979019165,4.400000095367432,4.75,123200
2020-08-31,4.630000114440918,4.630000114440918,4.929999828338623,4.559999942779541,4.849999904632568,72700
2020-09-01,4.440000057220459,4.440000057220459,4.710000038146973,4.369999885559082,4.659999847412109,96000
2020-09-02,4.849999904632568,4.849999904632568,4.949999809265137,4.28000020980835,4.349999904632568,87300
2020-09-03,4.579999923706055,4.579999923706055,4.940000057220459,4.510000228881836,4.889999866485596,80000
2020-09-04,4.900000095367432,4.900000095367432,4.909999847412109,4.599999904632568,4.639999866485596,68800
2020-09-08,5.389999866485596,5.389999866485596,5.619999885559082,5.03000020980835,5.03000020980835,177900
2020-09-09,5.840000152587891,5.840000152587891,5.900000095367432,5.059999942779541,5.300000190734863,161600
2020-09-10,5.260000228881836,5.260000228881836,6.099999904632568,5.210000038146973,5.840000152587891,195100
2020-09-11,5.599999904632568,5.599999904632568,5.639999866485596,5.269999980926514,5.320000171661377,120500
2020-09-14,6.739999771118164,6.739999771118164,7.139999866485596,5.71999979019165,5.789999961853027,512500
2020-09-15,7.449999809265137,7.449999809265137,7.75,6.71999979019165,6.71999979019165,479800
2020-09-16,7.099999904632568,7.099999904632568,8.890000343322754,6.869999885559082,7.460000038146973,1312200
2020-09-17,6.570000171661377,6.570000171661377,7.329999923706055,6.5,6.619999885559082,247400
2020-09-18,6.789999961853027,6.789999961853027,7.090000152587891,6.5,6.590000152587891,216700
2020-09-21,5.659999847412109,5.659999847412109,6.920000076293945,5.46999979019165,6.71999979019165,345400
2020-09-22,5.71999979019165,5.71999979019165,6.03000020980835,5.369999885559082,5.599999904632568,164200
2020-09-23,5.320000171661377,5.320000171661377,5.869999885559082,5.260000228881836,5.679999828338623,131000
2020-09-24,5.179999828338623,5.179999828338623,5.559999942779541,5.079999923706055,5.559999942779541,94500
2020-09-25,5.210000038146973,5.210000038146973,5.590000152587891,5.170000076293945,5.170000076293945,52700
2020-09-28,5.380000114440918,5.380000114440918,5.510000228881836,5.150000095367432,5.239999771118164,83300
2020-09-29,5.190000057220459,5.190000057220459,5.550000190734863,5.110000133514404,5.380000114440918,63500
2020-09-30,5.03000020980835,5.03000020980835,5.409999847412109,4.849999904632568,5.210000038146973,108500
2020-10-01,5.199999809265137,5.199999809265137,5.300000190734863,4.940000057220459,5.179999828338623,102300
2020-10-02,5.050000190734863,5.050000190734863,5.170000076293945,5.019999980926514,5.130000114440918,19900
2020-10-05,4.75,4.75,5.139999866485596,4.650000095367432,5.019999980926514,179400
2020-10-06,4.820000171661377,4.820000171661377,4.980000019073486,4.75,4.809999942779541,89500
2020-10-07,5.190000057220459,5.190000057220459,5.199999809265137,4.820000171661377,4.96999979019165,91100
2020-10-08,5.380000114440918,5.380000114440918,5.400000095367432,5.170000076293945,5.199999809265137,60300
2020-10-09,5.75,5.75,5.869999885559082,5.400000095367432,5.409999847412109,82000
2020-10-12,5.75,5.75,5.860000133514404,5.590000152587891,5.800000190734863,58000
2020-10-13,6.050000190734863,6.050000190734863,6.139999866485596,5.570000171661377,5.639999866485596,51500
2020-10-14,6.010000228881836,6.010000228881836,6.119999885559082,5.769999980926514,6.039999961853027,49000
2020-10-15,5.460000038146973,5.460000038146973,5.96999979019165,5.309999942779541,5.949999809265137,121100
2020-10-16,5.480000019073486,5.480000019073486,5.639999866485596,5.349999904632568,5.53000020980835,27000
2020-10-19,5.289999961853027,5.289999961853027,5.579999923706055,5.269999980926514,5.579999923706055,23200
2020-10-20,5.289999961853027,5.289999961853027,5.420000076293945,5.25,5.309999942779541,23300
2020-10-21,5.079999923706055,5.079999923706055,5.329999923706055,5.059999942779541,5.289999961853027,14500
2020-10-22,5.21999979019165,5.21999979019165,5.269999980926514,5.050000190734863,5.050000190734863,17800
2020-10-23,5.21999979019165,5.21999979019165,5.300000190734863,5.150000095367432,5.239999771118164,8900
2020-10-26,5.059999942779541,5.059999942779541,5.239999771118164,4.960000038146973,5.130000114440918,40600
2020-10-27,4.849999904632568,4.849999904632568,5.050000190734863,4.75,5.050000190734863,31600
2020-10-28,4.739999771118164,4.739999771118164,4.840000152587891,4.510000228881836,4.75,39000
2020-10-29,4.78000020980835,4.78000020980835,4.869999885559082,4.570000171661377,4.659999847412109,12200
2020-10-30,4.610000133514404,4.610000133514404,4.78000020980835,4.579999923706055,4.739999771118164,14600
2020-11-02,4.739999771118164,4.739999771118164,4.75,4.579999923706055,4.590000152587891,12500
2020-11-03,4.840000152587891,4.840000152587891,4.889999866485596,4.769999980926514,4.769999980926514,9300
2020-11-04,4.639999866485596,4.639999866485596,4.880000114440918,4.510000228881836,4.809999942779541,17400
2020-11-05,4.659999847412109,4.659999847412109,4.869999885559082,4.579999923706055,4.579999923706055,20600
2020-11-06,4.849999904632568,4.849999904632568,4.849999904632568,4.570000171661377,4.639999866485596,26800
2020-11-09,4.690000057220459,4.690000057220459,4.849999904632568,4.650000095367432,4.78000020980835,22100
2020-11-10,4.800000190734863,4.800000190734863,5.059999942779541,4.619999885559082,4.690000057220459,19900
2020-11-11,4.900000095367432,4.900000095367432,5.059999942779541,4.829999923706055,5.059999942779541,23900
2020-11-12,5.119999885559082,5.119999885559082,5.28000020980835,4.909999847412109,4.949999809265137,31400
2020-11-13,5.039999961853027,5.039999961853027,5.25,5.010000228881836,5.159999847412109,13700
2020-11-16,6.110000133514404,6.110000133514404,6.25,5.119999885559082,5.289999961853027,228300
2020-11-17,6.630000114440918,6.630000114440918,6.789999961853027,6.090000152587891,6.329999923706055,200200
2020-11-18,6.769999980926514,6.769999980926514,6.900000095367432,6.070000171661377,6.5,119800
2020-11-19,6.929999828338623,6.929999828338623,7.0,6.340000152587891,6.769999980926514,84800
2020-11-20,7.25,7.25,7.329999923706055,6.900000095367432,6.949999809265137,125300
2020-11-23,7.809999942779541,7.809999942779541,7.869999885559082,7.150000095367432,7.150000095367432,123800
2020-11-24,7.21999979019165,7.21999979019165,8.09000015258789,7.21999979019165,7.739999771118164,121700
2020-11-25,6.829999923706055,6.829999923706055,7.440000057220459,6.800000190734863,7.230000019073486,50600
2020-11-27,7.400000095367432,7.400000095367432,7.960000038146973,6.849999904632568,6.989999771118164,115700
2020-11-30,7.010000228881836,7.010000228881836,7.739999771118164,7.0,7.710000038146973,37400
2020-12-01,6.590000152587891,6.590000152587891,7.159999847412109,6.400000095367432,6.909999847412109,94500
2020-12-02,6.53000020980835,6.53000020980835,7.170000076293945,6.320000171661377,6.579999923706055,98900
2020-12-03,6.46999979019165,6.46999979019165,6.610000133514404,6.300000190734863,6.610000133514404,88100
2020-12-04,6.21999979019165,6.21999979019165,6.679999828338623,6.210000038146973,6.380000114440918,63600
2020-12-07,6.010000228881836,6.010000228881836,6.590000152587891,5.900000095367432,6.300000190734863,65500
2020-12-08,6.139999866485596,6.139999866485596,6.21999979019165,5.949999809265137,5.960000038146973,68700
2020-12-09,5.929999828338623,5.929999828338623,6.440000057220459,5.760000228881836,6.150000095367432,67200
2020-12-10,5.869999885559082,5.869999885559082,6.159999847412109,5.78000020980835,5.889999866485596,44400
2020-12-11,6.400000095367432,6.400000095367432,6.550000190734863,5.869999885559082,5.869999885559082,80500
2020-12-14,6.210000038146973,6.210000038146973,6.599999904632568,6.210000038146973,6.400000095367432,47100
2020-12-15,6.179999828338623,6.179999828338623,6.260000228881836,5.829999923706055,6.199999809265137,53300
2020-12-16,6.099999904632568,6.099999904632568,6.400000095367432,6.099999904632568,6.179999828338623,44400
2020-12-17,6.130000114440918,6.130000114440918,6.329999923706055,5.949999809265137,6.150000095367432,51300
2020-12-18,6.0,6.0,6.699999809265137,6.0,6.309999942779541,154000
2020-12-21,6.019999980926514,6.019999980926514,6.179999828338623,5.849999904632568,5.949999809265137,37800
2020-12-22,6.139999866485596,6.139999866485596,6.289999961853027,6.010000228881836,6.010000228881836,69600
2020-12-23,6.289999961853027,6.289999961853027,6.380000114440918,6.139999866485596,6.28000020980835,29400
2020-12-24,5.840000152587891,5.840000152587891,6.570000171661377,5.840000152587891,6.570000171661377,60600
2020-12-28,5.360000133514404,5.360000133514404,5.949999809265137,5.360000133514404,5.650000095367432,102000
2020-12-29,5.599999904632568,5.599999904632568,5.880000114440918,5.369999885559082,5.369999885559082,26600
2020-12-30,5.610000133514404,5.610000133514404,5.789999961853027,5.510000228881836,5.699999809265137,32900
2020-12-31,5.409999847412109,5.409999847412109,5.670000076293945,5.25,5.619999885559082,103500
2021-01-04,5.210000038146973,5.210000038146973,5.710000038146973,5.210000038146973,5.710000038146973,24900
2021-01-05,5.349999904632568,5.349999904632568,5.460000038146973,5.170000076293945,5.170000076293945,19400
2021-01-06,5.46999979019165,5.46999979019165,5.610000133514404,5.360000133514404,5.360000133514404,26300
2021-01-07,5.559999942779541,5.559999942779541,5.650000095367432,5.400000095367432,5.46999979019165,30000
2021-01-08,5.639999866485596,5.639999866485596,5.710000038146973,5.559999942779541,5.559999942779541,20400
2021-01-11,5.539999961853027,5.539999961853027,5.650000095367432,5.46999979019165,5.489999771118164,20800
2021-01-12,5.559999942779541,5.559999942779541,5.75,5.489999771118164,5.489999771118164,11500
2021-01-13,5.619999885559082,5.619999885559082,5.690000057220459,5.510000228881836,5.599999904632568,25500
2021-01-14,5.829999923706055,5.829999923706055,5.949999809265137,5.5,5.710000038146973,36400
2021-01-15,5.829999923706055,5.829999923706055,5.980000019073486,5.699999809265137,5.75,20100
2021-01-19,5.929999828338623,5.929999828338623,6.010000228881836,5.730000019073486,5.960000038146973,48300
2021-01-20,5.960000038146973,5.960000038146973,6.090000152587891,5.920000076293945,5.929999828338623,30800
2021-01-21,6.050000190734863,6.050000190734863,6.130000114440918,5.889999866485596,5.960000038146973,17600
2021-01-22,6.139999866485596,6.139999866485596,6.239999771118164,5.960000038146973,5.980000019073486,19600
2021-01-25,6.159999847412109,6.159999847412109,6.5,6.119999885559082,6.190000057220459,38300
2021-01-26,6.599999904632568,6.599999904632568,6.599999904632568,6.159999847412109,6.159999847412109,31200
2021-01-27,6.309999942779541,6.309999942779541,6.690000057220459,6.159999847412109,6.690000057220459,29000
2021-01-28,5.840000152587891,5.840000152587891,6.309999942779541,5.710000038146973,6.309999942779541,33200
2021-01-29,6.019999980926514,6.019999980926514,6.150000095367432,5.800000190734863,6.0,34800
2021-02-01,6.199999809265137,6.199999809265137,6.25,5.840000152587891,5.989999771118164,29800
2021-02-02,6.0,6.0,6.239999771118164,5.869999885559082,6.239999771118164,28500
2021-02-03,6.090000152587891,6.090000152587891,6.170000076293945,5.929999828338623,6.0,11300
2021-02-04,6.139999866485596,6.139999866485596,6.21999979019165,6.010000228881836,6.010000228881836,9000
2021-02-05,6.300000190734863,6.300000190734863,6.599999904632568,6.110000133514404,6.119999885559082,63700
2021-02-08,6.289999961853027,6.289999961853027,6.480000019073486,6.150000095367432,6.449999809265137,26400
2021-02-09,6.659999847412109,6.659999847412109,6.889999866485596,6.300000190734863,6.300000190734863,51200
2021-02-10,6.610000133514404,6.610000133514404,6.800000190734863,6.429999828338623,6.75,44200
2021-02-11,6.610000133514404,6.610000133514404,6.699999809265137,6.559999942779541,6.570000171661377,24000
2021-02-12,6.900000095367432,6.900000095367432,6.989999771118164,6.610000133514404,6.610000133514404,64600
2021-02-16,6.769999980926514,6.769999980926514,7.139999866485596,6.760000228881836,6.949999809265137,28600
2021-02-17,6.559999942779541,6.559999942779541,6.849999904632568,6.559999942779541,6.849999904632568,19700
2021-02-18,6.190000057220459,6.190000057220459,6.730000019073486,6.010000228881836,6.559999942779541,159900
2021-02-19,6.159999847412109,6.159999847412109,6.190000057220459,6.010000228881836,6.070000171661377,27300
2021-02-22,6.050000190734863,6.050000190734863,6.150000095367432,5.96999979019165,6.090000152587891,17300
2021-02-23,5.909999847412109,5.909999847412109,6.03000020980835,5.849999904632568,5.989999771118164,40200
2021-02-24,6.199999809265137,6.199999809265137,6.199999809265137,5.909999847412109,5.909999847412109,18700
2021-02-25,5.849999904632568,5.849999904632568,6.199999809265137,5.809999942779541,6.199999809265137,20700
2021-02-26,5.699999809265137,5.699999809265137,6.190000057220459,5.570000171661377,5.949999809265137,36100
2021-03-01,5.820000171661377,5.820000171661377,5.840000152587891,5.510000228881836,5.840000152587891,32900
2021-03-02,5.849999904632568,5.849999904632568,5.900000095367432,5.650000095367432,5.710000038146973,21700
2021-03-03,5.880000114440918,5.880000114440918,5.960000038146973,5.849999904632568,5.860000133514404,12800
2021-03-04,5.949999809265137,5.949999809265137,6.0,5.690000057220459,5.989999771118164,60100
2021-03-05,5.900000095367432,5.900000095367432,6.550000190734863,5.760000228881836,6.440000057220459,31000
2021-03-08,5.840000152587891,5.840000152587891,5.869999885559082,5.610000133514404,5.869999885559082,10200
2021-03-09,6.079999923706055,6.079999923706055,6.090000152587891,5.840000152587891,5.889999866485596,9000
2021-03-10,6.139999866485596,6.139999866485596,6.349999904632568,6.119999885559082,6.119999885559082,7100
2021-03-11,6.519999980926514,6.519999980926514,6.519999980926514,6.159999847412109,6.190000057220459,10200
2021-03-12,6.670000076293945,6.670000076293945,6.699999809265137,6.25,6.429999828338623,51200
2021-03-15,6.800000190734863,6.800000190734863,6.800000190734863,6.400000095367432,6.539999961853027,22100
2021-03-16,6.260000228881836,6.260000228881836,6.679999828338623,6.150000095367432,6.610000133514404,27700
2021-03-17,6.300000190734863,6.300000190734863,6.539999961853027,6.21999979019165,6.260000228881836,7700
2021-03-18,6.480000019073486,6.480000019073486,6.690000057220459,6.300000190734863,6.300000190734863,12700
2021-03-19,6.650000095367432,6.650000095367432,6.650000095367432,6.449999809265137,6.590000152587891,14900
2021-03-22,6.739999771118164,6.739999771118164,6.800000190734863,6.440000057220459,6.619999885559082,17300
2021-03-23,6.409999847412109,6.409999847412109,6.699999809265137,6.409999847412109,6.699999809265137,19900
2021-03-24,6.579999923706055,6.579999923706055,6.71999979019165,6.190000057220459,6.550000190734863,18700
2021-03-25,6.099999904632568,6.099999904632568,7.0,6.019999980926514,6.800000190734863,31000
2021-03-26,5.800000190734863,5.800000190734863,6.179999828338623,5.769999980926514,6.179999828338623,45000
2021-03-29,5.559999942779541,5.559999942779541,5.949999809265137,5.5,5.840000152587891,27200
2021-03-30,5.5,5.5,5.690000057220459,5.329999923706055,5.46999979019165,16600
2021-03-31,5.400000095367432,5.400000095367432,5.550000190734863,5.329999923706055,5.440000057220459,39400
2021-04-01,5.460000038146973,5.460000038146973,5.619999885559082,5.329999923706055,5.590000152587891,22300
2021-04-05,5.429999828338623,5.429999828338623,5.570000171661377,5.400000095367432,5.539999961853027,22800
2021-04-06,5.400000095367432,5.400000095367432,5.409999847412109,5.329999923706055,5.380000114440918,10300
2021-04-07,5.349999904632568,5.349999904632568,5.489999771118164,5.349999904632568,5.420000076293945,10900
2021-04-08,5.230000019073486,5.230000019073486,5.449999809265137,5.130000114440918,5.449999809265137,28200
2021-04-09,5.239999771118164,5.239999771118164,5.329999923706055,5.119999885559082,5.199999809265137,31100
2021-04-12,5.179999828338623,5.179999828338623,5.320000171661377,5.159999847412109,5.269999980926514,26400
2021-04-13,5.239999771118164,5.239999771118164,5.440000057220459,5.099999904632568,5.199999809265137,32500
2021-04-14,5.5,5.5,5.71999979019165,5.199999809265137,5.199999809265137,20500
2021-04-15,5.300000190734863,5.300000190734863,5.739999771118164,5.199999809265137,5.5,28800
2021-04-16,5.340000152587891,5.340000152587891,5.429999828338623,5.170000076293945,5.309999942779541,10300
2021-04-19,5.159999847412109,5.159999847412109,5.46999979019165,5.110000133514404,5.389999866485596,12000
2021-04-20,5.050000190734863,5.050000190734863,5.110000133514404,4.800000190734863,5.070000171661377,38300
2021-04-21,5.010000228881836,5.010000228881836,5.170000076293945,4.860000133514404,5.0,32400
2021-04-22,4.860000133514404,4.860000133514404,5.099999904632568,4.820000171661377,5.090000152587891,26700
2021-04-23,5.0,5.0,5.019999980926514,4.880000114440918,4.900000095367432,28000
2021-04-26,5.0,5.0,5.039999961853027,4.929999828338623,5.039999961853027,19500
2021-04-27,4.980000019073486,4.980000019073486,4.989999771118164,4.849999904632568,4.960000038146973,18500
2021-04-28,5.130000114440918,5.130000114440918,5.130000114440918,4.900000095367432,4.929999828338623,13700
2021-04-29,5.130000114440918,5.130000114440918,5.139999866485596,4.929999828338623,4.989999771118164,8100
2021-04-30,4.980000019073486,4.980000019073486,5.119999885559082,4.789999961853027,5.119999885559082,17900
2021-05-03,4.900000095367432,4.900000095367432,5.010000228881836,4.869999885559082,5.0,14200
2021-05-04,4.949999809265137,4.949999809265137,4.989999771118164,4.889999866485596,4.900000095367432,10900
2021-05-05,4.949999809265137,4.949999809265137,4.949999809265137,4.869999885559082,4.900000095367432,8600
2021-05-06,4.889999866485596,4.889999866485596,4.949999809265137,4.789999961853027,4.949999809265137,7200
2021-05-07,4.869999885559082,4.869999885559082,5.010000228881836,4.820000171661377,5.0,14100
2021-05-10,4.559999942779541,4.559999942779541,4.940000057220459,4.510000228881836,4.849999904632568,19800
2021-05-11,5.139999866485596,5.139999866485596,5.150000095367432,4.559999942779541,4.570000171661377,21300
2021-05-12,4.96999979019165,4.96999979019165,5.119999885559082,4.71999979019165,5.119999885559082,12200
2021-05-13,4.840000152587891,4.840000152587891,5.099999904632568,4.800000190734863,5.079999923706055,23200
2021-05-14,4.730000019073486,4.730000019073486,4.909999847412109,4.730000019073486,4.840000152587891,4500
2021-05-17,5.190000057220459,5.190000057220459,5.210000038146973,4.869999885559082,5.039999961853027,61200
2021-05-18,5.590000152587891,5.590000152587891,5.71999979019165,5.199999809265137,5.25,46500
2021-05-19,5.400000095367432,5.400000095367432,5.599999904632568,5.190000057220459,5.599999904632568,12700
2021-05-20,5.46999979019165,5.46999979019165,5.550000190734863,5.119999885559082,5.550000190734863,5600
2021-05-21,5.28000020980835,5.28000020980835,5.349999904632568,5.139999866485596,5.349999904632568,11600
2021-05-24,5.559999942779541,5.559999942779541,5.75,5.28000020980835,5.28000020980835,34600
2021-05-25,5.309999942779541,5.309999942779541,5.800000190734863,5.260000228881836,5.559999942779541,12800
2021-05-26,5.650000095367432,5.650000095367432,5.789999961853027,5.599999904632568,5.599999904632568,16900
2021-05-27,5.670000076293945,5.670000076293945,5.800000190734863,5.599999904632568,5.800000190734863,9300
2021-05-28,5.710000038146973,5.710000038146973,5.730000019073486,5.599999904632568,5.699999809265137,6000
2021-06-01,5.389999866485596,5.389999866485596,5.75,5.329999923706055,5.75,11100
2021-06-02,5.269999980926514,5.269999980926514,5.78000020980835,5.170000076293945,5.599999904632568,54100
2021-06-03,5.289999961853027,5.289999961853027,5.380000114440918,5.079999923706055,5.269999980926514,18500
2021-06-04,5.369999885559082,5.369999885559082,5.489999771118164,5.090000152587891,5.269999980926514,24600
2021-06-07,5.650000095367432,5.650000095367432,5.710000038146973,5.389999866485596,5.420000076293945,7500
2021-06-08,5.519999980926514,5.519999980926514,5.619999885559082,5.449999809265137,5.619999885559082,8900
2021-06-09,5.559999942779541,5.559999942779541,5.739999771118164,5.449999809265137,5.739999771118164,17900
2021-06-10,5.349999904632568,5.349999904632568,5.650000095367432,5.269999980926514,5.630000114440918,21000
2021-06-11,5.400000095367432,5.400000095367432,5.519999980926514,5.349999904632568,5.440000057220459,4100
2021-06-14,5.269999980926514,5.269999980926514,5.489999771118164,5.269999980926514,5.369999885559082,9700
2021-06-15,5.400000095367432,5.400000095367432,5.46999979019165,5.269999980926514,5.340000152587891,4800
2021-06-16,5.25,5.25,5.400000095367432,5.25,5.269999980926514,11100
2021-06-17,5.099999904632568,5.099999904632568,5.230000019073486,5.059999942779541,5.059999942779541,13700
2021-06-18,5.210000038146973,5.210000038146973,5.239999771118164,5.099999904632568,5.099999904632568,7500
2021-06-21,5.059999942779541,5.059999942779541,5.25,5.050000190734863,5.25,6100
2021-06-22,5.119999885559082,5.119999885559082,5.389999866485596,5.010000228881836,5.130000114440918,17000
2021-06-23,5.380000114440918,5.380000114440918,5.5,5.079999923706055,5.190000057220459,5800
2021-06-24,5.389999866485596,5.389999866485596,5.400000095367432,5.130000114440918,5.400000095367432,8600
2021-06-25,5.159999847412109,5.159999847412109,5.46999979019165,5.150000095367432,5.289999961853027,28400
2021-06-28,5.329999923706055,5.329999923706055,6.099999904632568,5.050000190734863,5.159999847412109,542400
2021-06-29,5.449999809265137,5.449999809265137,5.449999809265137,5.110000133514404,5.190000057220459,50100
2021-06-30,5.179999828338623,5.179999828338623,5.420000076293945,5.179999828338623,5.389999866485596,35600
2021-07-01,5.619999885559082,5.619999885559082,6.25,5.199999809265137,5.25,1548700
2021-07-02,5.510000228881836,5.510000228881836,5.599999904632568,5.300000190734863,5.309999942779541,81800
2021-07-06,5.5,5.5,5.849999904632568,5.380000114440918,5.380000114440918,96700
2021-07-07,6.150000095367432,6.150000095367432,6.210000038146973,5.440000057220459,5.440000057220459,183400
2021-07-08,6.369999885559082,6.369999885559082,6.599999904632568,5.960000038146973,6.130000114440918,127500
2021-07-09,6.239999771118164,6.239999771118164,6.46999979019165,6.170000076293945,6.409999847412109,40200
2021-07-12,6.039999961853027,6.039999961853027,6.21999979019165,6.039999961853027,6.21999979019165,29700
2021-07-13,6.070000171661377,6.070000171661377,6.079999923706055,6.010000228881836,6.079999923706055,17100
2021-07-14,5.840000152587891,5.840000152587891,6.130000114440918,5.840000152587891,6.079999923706055,35400
2021-07-15,5.590000152587891,5.590000152587891,5.889999866485596,5.539999961853027,5.889999866485596,44900
2021-07-16,5.840000152587891,5.840000152587891,6.0,5.670000076293945,5.679999828338623,33400
2021-07-19,5.909999847412109,5.909999847412109,6.03000020980835,5.610000133514404,5.840000152587891,39200
2021-07-20,6.380000114440918,6.380000114440918,6.599999904632568,5.869999885559082,5.920000076293945,121900
2021-07-21,6.619999885559082,6.619999885559082,6.980000019073486,6.340000152587891,6.340000152587891,198000
2021-07-22,7.039999961853027,7.039999961853027,7.039999961853027,6.53000020980835,6.699999809265137,89300
2021-07-23,6.809999942779541,6.809999942779541,7.199999809265137,6.699999809265137,7.010000228881836,118600
2021-07-26,6.760000228881836,6.760000228881836,6.989999771118164,6.510000228881836,6.840000152587891,53900
2021-07-27,6.610000133514404,6.610000133514404,6.800000190734863,6.420000076293945,6.789999961853027,27600
2021-07-28,6.460000038146973,6.460000038146973,6.670000076293945,6.380000114440918,6.380000114440918,6500
2021-07-29,6.5,6.5,6.550000190734863,6.409999847412109,6.550000190734863,4500
2021-07-30,6.349999904632568,6.349999904632568,6.579999923706055,6.349999904632568,6.579999923706055,13500
2021-08-02,5.960000038146973,5.960000038146973,6.309999942779541,5.880000114440918,6.309999942779541,57600
2021-08-03,6.039999961853027,6.039999961853027,6.21999979019165,6.010000228881836,6.010000228881836,13500
2021-08-04,6.050000190734863,6.050000190734863,6.170000076293945,5.96999979019165,6.099999904632568,10200
2021-08-05,5.929999828338623,5.929999828338623,6.099999904632568,5.829999923706055,6.050000190734863,18900
2021-08-06,5.880000114440918,5.880000114440918,6.090000152587891,5.699999809265137,5.889999866485596,14800
2021-08-09,5.940000057220459,5.940000057220459,5.989999771118164,5.900000095367432,5.960000038146973,9700
2021-08-10,5.849999904632568,5.849999904632568,6.03000020980835,5.820000171661377,5.909999847412109,4000
2021-08-11,5.699999809265137,5.699999809265137,5.929999828338623,5.599999904632568,5.929999828338623,12400
2021-08-12,5.690000057220459,5.690000057220459,5.78000020980835,5.400000095367432,5.630000114440918,35000
2021-08-13,5.840000152587891,5.840000152587891,5.840000152587891,5.710000038146973,5.710000038146973,7600
2021-08-16,5.960000038146973,5.960000038146973,6.099999904632568,5.840000152587891,5.840000152587891,19900
2021-08-17,5.840000152587891,5.840000152587891,6.150000095367432,5.75,6.039999961853027,19100
2021-08-18,5.400000095367432,5.400000095367432,5.789999961853027,5.380000114440918,5.769999980926514,31500
2021-08-19,5.400000095367432,5.400000095367432,5.599999904632568,5.309999942779541,5.309999942779541,11900
2021-08-20,5.570000171661377,5.570000171661377,5.590000152587891,5.300000190734863,5.460000038146973,11000
2021-08-23,5.360000133514404,5.360000133514404,5.590000152587891,5.199999809265137,5.550000190734863,38800
2021-08-24,5.440000057220459,5.440000057220459,5.510000228881836,5.300000190734863,5.309999942779541,42600
2021-08-25,5.5,5.5,5.510000228881836,5.360000133514404,5.420000076293945,31700
2021-08-26,5.329999923706055,5.329999923706055,5.5,5.320000171661377,5.409999847412109,22600
2021-08-27,5.440000057220459,5.440000057220459,5.489999771118164,5.349999904632568,5.400000095367432,31700
2021-08-30,5.380000114440918,5.380000114440918,5.440000057220459,5.369999885559082,5.429999828338623,10900
2021-08-31,5.5,5.5,5.639999866485596,5.349999904632568,5.599999904632568,29100
2021-09-01,5.599999904632568,5.599999904632568,5.769999980926514,5.480000019073486,5.5,15300
2021-09-02,5.369999885559082,5.369999885559082,5.650000095367432,5.340000152587891,5.570000171661377,30100
2021-09-03,5.400000095367432,5.400000095367432,5.570000171661377,5.380000114440918,5.400000095367432,14600
2021-09-07,5.300000190734863,5.300000190734863,5.75,5.300000190734863,5.360000133514404,28000
2021-09-08,5.309999942779541,5.309999942779541,5.46999979019165,5.239999771118164,5.239999771118164,8400
2021-09-09,5.150000095367432,5.150000095367432,5.349999904632568,5.059999942779541,5.349999904632568,39100
2021-09-10,5.179999828338623,5.179999828338623,5.21999979019165,5.150000095367432,5.179999828338623,15900
2021-09-13,5.460000038146973,5.460000038146973,5.53000020980835,5.260000228881836,5.300000190734863,16600
2021-09-14,5.679999828338623,5.679999828338623,5.849999904632568,5.570000171661377,5.570000171661377,20700
2021-09-15,5.75,5.75,5.800000190734863,5.599999904632568,5.739999771118164,9300
2021-09-16,5.670000076293945,5.670000076293945,5.789999961853027,5.650000095367432,5.789999961853027,3800
2021-09-17,5.900000095367432,5.900000095367432,5.900000095367432,5.590000152587891,5.650000095367432,17400
2021-09-20,5.619999885559082,5.619999885559082,5.849999904632568,5.429999828338623,5.840000152587891,18600
2021-09-21,5.760000228881836,5.760000228881836,5.789999961853027,5.659999847412109,5.659999847412109,11800
2021-09-22,5.760000228881836,5.760000228881836,5.900000095367432,5.71999979019165,5.820000171661377,6600
2021-09-23,5.809999942779541,5.809999942779541,5.900000095367432,5.769999980926514,5.78000020980835,4100
2021-09-24,5.78000020980835,5.78000020980835,5.869999885559082,5.670000076293945,5.769999980926514,4000
2021-09-27,5.760000228881836,5.760000228881836,5.869999885559082,5.730000019073486,5.75,4000
2021-09-28,5.599999904632568,5.599999904632568,5.71999979019165,5.519999980926514,5.690000057220459,8200
2021-09-29,5.539999961853027,5.539999961853027,5.760000228881836,5.519999980926514,5.659999847412109,5200
2021-09-30,5.599999904632568,5.599999904632568,5.619999885559082,5.369999885559082,5.590000152587891,6800
2021-10-01,5.510000228881836,5.510000228881836,5.659999847412109,5.429999828338623,5.659999847412109,3200
2021-10-04,5.440000057220459,5.440000057220459,5.519999980926514,5.349999904632568,5.489999771118164,6700
2021-10-05,5.489999771118164,5.489999771118164,5.53000020980835,5.46999979019165,5.53000020980835,1100
2021-10-06,5.400000095367432,5.400000095367432,5.5,5.349999904632568,5.400000095367432,8200
2021-10-07,5.489999771118164,5.489999771118164,5.550000190734863,5.420000076293945,5.420000076293945,9100
2021-10-08,5.489999771118164,5.489999771118164,5.550000190734863,5.480000019073486,5.550000190734863,7400
2021-10-11,5.5,5.5,5.550000190734863,5.449999809265137,5.480000019073486,6500
2021-10-12,5.420000076293945,5.420000076293945,5.599999904632568,5.420000076293945,5.420000076293945,8200
2021-10-13,5.460000038146973,5.460000038146973,5.480000019073486,5.360000133514404,5.480000019073486,3200
2021-10-14,5.460000038146973,5.460000038146973,5.550000190734863,5.429999828338623,5.550000190734863,4000
2021-10-15,5.550000190734863,5.550000190734863,5.550000190734863,5.409999847412109,5.480000019073486,3700
2021-10-18,5.519999980926514,5.519999980926514,5.639999866485596,5.480000019073486,5.5,6800
2021-10-19,5.599999904632568,5.599999904632568,5.639999866485596,5.510000228881836,5.619999885559082,4400
2021-10-20,5.510000228881836,5.510000228881836,5.590000152587891,5.449999809265137,5.570000171661377,4400
2021-10-21,5.579999923706055,5.579999923706055,5.630000114440918,5.579999923706055,5.630000114440918,1000
2021-10-22,5.5,5.5,5.550000190734863,5.449999809265137,5.550000190734863,3300
2021-10-25,5.510000228881836,5.510000228881836,5.610000133514404,5.480000019073486,5.559999942779541,4900
2021-10-26,5.46999979019165,5.46999979019165,5.550000190734863,5.449999809265137,5.46999979019165,8900
2021-10-27,5.550000190734863,5.550000190734863,5.619999885559082,5.369999885559082,5.429999828338623,4900
2021-10-28,5.519999980926514,5.519999980926514,5.519999980926514,5.510000228881836,5.510000228881836,700
2021-10-29,5.440000057220459,5.440000057220459,5.599999904632568,5.360000133514404,5.599999904632568,8700
2021-11-01,5.559999942779541,5.559999942779541,5.699999809265137,5.5,5.5,15700
2021-11-02,5.849999904632568,5.849999904632568,5.880000114440918,5.559999942779541,5.559999942779541,25000
2021-11-03,5.789999961853027,5.789999961853027,6.059999942779541,5.670000076293945,5.670000076293945,56900
2021-11-04,5.789999961853027,5.789999961853027,5.889999866485596,5.739999771118164,5.889999866485596,4500
2021-11-05,5.590000152587891,5.590000152587891,5.880000114440918,5.559999942779541,5.559999942779541,20600
2021-11-08,5.789999961853027,5.789999961853027,5.840000152587891,5.610000133514404,5.800000190734863,17900
2021-11-09,5.829999923706055,5.829999923706055,5.840000152587891,5.659999847412109,5.809999942779541,3600
2021-11-10,5.679999828338623,5.679999828338623,5.840000152587891,5.519999980926514,5.840000152587891,13200
2021-11-11,5.659999847412109,5.659999847412109,5.840000152587891,5.53000020980835,5.53000020980835,5800
2021-11-12,5.699999809265137,5.699999809265137,5.800000190734863,5.559999942779541,5.75,5900
2021-11-15,5.480000019073486,5.480000019073486,5.71999979019165,5.449999809265137,5.650000095367432,40200
2021-11-16,5.5,5.5,5.670000076293945,5.489999771118164,5.659999847412109,12000
2021-11-17,5.460000038146973,5.460000038146973,5.670000076293945,5.460000038146973,5.670000076293945,20500
2021-11-18,5.480000019073486,5.480000019073486,5.650000095367432,5.400000095367432,5.46999979019165,28900
2021-11-19,5.340000152587891,5.340000152587891,5.519999980926514,5.309999942779541,5.519999980926514,17500
2021-11-22,5.320000171661377,5.320000171661377,5.480000019073486,5.300000190734863,5.380000114440918,10200
2021-11-23,5.260000228881836,5.260000228881836,5.380000114440918,5.25,5.349999904632568,9800
2021-11-24,5.269999980926514,5.269999980926514,5.389999866485596,5.25,5.300000190734863,18100
2021-11-26,5.230000019073486,5.230000019073486,5.269999980926514,5.21999979019165,5.21999979019165,19300
2021-11-29,5.25,5.25,5.300000190734863,5.199999809265137,5.300000190734863,10800
2021-11-30,5.170000076293945,5.170000076293945,5.269999980926514,5.150000095367432,5.25,48500
2021-12-01,5.130000114440918,5.130000114440918,5.25,5.099999904632568,5.139999866485596,14000
2021-12-02,5.210000038146973,5.210000038146973,5.210000038146973,5.150000095367432,5.190000057220459,4200
2021-12-03,5.150000095367432,5.150000095367432,5.25,5.110000133514404,5.110000133514404,2700
2021-12-06,5.199999809265137,5.199999809265137,5.21999979019165,5.190000057220459,5.199999809265137,6100
2021-12-07,5.269999980926514,5.269999980926514,5.300000190734863,5.150000095367432,5.150000095367432,5400
2021-12-08,5.25,5.25,5.25,5.239999771118164,5.239999771118164,1300
2021-12-09,5.25,5.25,5.400000095367432,5.210000038146973,5.400000095367432,12000
2021-12-10,5.21999979019165,5.21999979019165,5.349999904632568,5.190000057220459,5.349999904632568,14400
2021-12-13,5.130000114440918,5.130000114440918,5.320000171661377,5.050000190734863,5.150000095367432,14600
2021-12-14,5.039999961853027,5.039999961853027,5.179999828338623,5.039999961853027,5.130000114440918,11100
2021-12-15,4.989999771118164,4.989999771118164,5.059999942779541,4.989999771118164,5.059999942779541,12000
2021-12-16,4.880000114440918,4.880000114440918,5.0,4.880000114440918,5.0,13100
2021-12-17,4.960000038146973,4.960000038146973,5.239999771118164,4.869999885559082,4.880000114440918,15900
2021-12-20,4.909999847412109,4.909999847412109,4.989999771118164,4.840000152587891,4.940000057220459,12800
2021-12-21,4.880000114440918,4.880000114440918,5.070000171661377,4.820000171661377,4.860000133514404,16400
2021-12-22,4.929999828338623,4.929999828338623,4.980000019073486,4.820000171661377,4.820000171661377,2100
2021-12-23,4.889999866485596,4.889999866485596,4.920000076293945,4.829999923706055,4.880000114440918,13100
2021-12-27,4.800000190734863,4.800000190734863,4.889999866485596,4.800000190734863,4.880000114440918,7200
2021-12-28,4.880000114440918,4.880000114440918,4.880000114440918,4.800000190734863,4.800000190734863,8900
2021-12-29,4.869999885559082,4.869999885559082,4.929999828338623,4.730000019073486,4.880000114440918,14400
2021-12-30,4.800000190734863,4.800000190734863,4.889999866485596,4.78000020980835,4.849999904632568,8000
2021-12-31,4.599999904632568,4.599999904632568,4.860000133514404,4.599999904632568,4.860000133514404,9000
2022-01-03,4.849999904632568,4.849999904632568,4.849999904632568,4.650000095367432,4.650000095367432,1300
2022-01-04,4.909999847412109,4.909999847412109,4.960000038146973,4.900000095367432,4.900000095367432,4100
2022-01-05,4.820000171661377,4.820000171661377,4.909999847412109,4.820000171661377,4.900000095367432,9400
2022-01-06,4.78000020980835,4.78000020980835,4.840000152587891,4.78000020980835,4.800000190734863,6700
2022-01-07,4.849999904632568,4.849999904632568,4.960000038146973,4.78000020980835,4.949999809265137,16900
2022-01-10,5.050000190734863,5.050000190734863,5.050000190734863,4.760000228881836,4.869999885559082,23100
2022-01-11,5.289999961853027,5.289999961853027,5.329999923706055,4.900000095367432,4.980000019073486,14000
2022-01-12,5.21999979019165,5.21999979019165,5.25,5.099999904632568,5.239999771118164,5500
2022-01-13,5.21999979019165,5.21999979019165,5.25,5.179999828338623,5.230000019073486,4600
2022-01-14,5.199999809265137,5.199999809265137,5.300000190734863,5.159999847412109,5.199999809265137,4900
2022-01-18,5.139999866485596,5.139999866485596,5.239999771118164,5.019999980926514,5.110000133514404,6100
2022-01-19,5.090000152587891,5.090000152587891,5.230000019073486,5.0,5.130000114440918,18900
2022-01-20,5.179999828338623,5.179999828338623,5.349999904632568,4.840000152587891,4.920000076293945,101400
2022-01-21,5.21999979019165,5.21999979019165,5.449999809265137,4.920000076293945,5.449999809265137,11700
2022-01-24,5.090000152587891,5.090000152587891,5.269999980926514,4.949999809265137,5.269999980926514,8100
2022-01-25,5.199999809265137,5.199999809265137,5.440000057220459,4.949999809265137,4.949999809265137,60600
2022-01-26,5.150000095367432,5.150000095367432,5.179999828338623,5.03000020980835,5.139999866485596,5300
2022-01-27,5.03000020980835,5.03000020980835,5.119999885559082,5.03000020980835,5.119999885559082,1100
2022-01-28,5.110000133514404,5.110000133514404,5.110000133514404,5.03000020980835,5.03000020980835,3200
2022-01-31,5.130000114440918,5.130000114440918,5.199999809265137,5.03000020980835,5.150000095367432,10200
2022-02-01,5.050000190734863,5.050000190734863,5.28000020980835,5.010000228881836,5.010000228881836,12100
2022-02-02,5.059999942779541,5.059999942779541,5.150000095367432,5.0,5.110000133514404,14400
2022-02-03,4.920000076293945,4.920000076293945,5.110000133514404,4.920000076293945,5.110000133514404,8500
2022-02-04,4.900000095367432,4.900000095367432,5.090000152587891,4.860000133514404,4.980000019073486,9600
2022-02-07,4.949999809265137,4.949999809265137,4.949999809265137,4.869999885559082,4.880000114440918,30500
2022-02-08,5.0,5.0,5.119999885559082,4.949999809265137,4.989999771118164,2500
2022-02-09,5.070000171661377,5.070000171661377,5.099999904632568,5.0,5.0,8100
2022-02-10,4.96999979019165,4.96999979019165,5.050000190734863,4.900000095367432,5.0,26400
2022-02-11,5.019999980926514,5.019999980926514,5.099999904632568,4.96999979019165,5.0,2200
2022-02-14,5.050000190734863,5.050000190734863,5.21999979019165,4.960000038146973,5.0,13500
2022-02-15,5.099999904632568,5.099999904632568,5.25,5.099999904632568,5.179999828338623,1900
2022-02-16,5.03000020980835,5.03000020980835,5.460000038146973,4.980000019073486,5.460000038146973,2200
2022-02-17,5.110000133514404,5.110000133514404,5.110000133514404,5.110000133514404,5.110000133514404,900
2022-02-18,5.070000171661377,5.070000171661377,5.150000095367432,5.070000171661377,5.150000095367432,700
2022-02-22,4.980000019073486,4.980000019073486,5.130000114440918,4.869999885559082,5.0,10200
2022-02-23,4.550000190734863,4.550000190734863,5.03000020980835,4.550000190734863,5.03000020980835,36100
2022-02-24,4.610000133514404,4.610000133514404,4.71999979019165,4.559999942779541,4.559999942779541,6400
2022-02-25,5.53000020980835,5.53000020980835,5.599999904632568,4.599999904632568,4.599999904632568,87600
2022-02-28,6.289999961853027,6.289999961853027,6.789999961853027,5.769999980926514,5.769999980926514,225400
2022-03-01,6.380000114440918,6.380000114440918,6.5,6.110000133514404,6.150000095367432,37200
2022-03-02,6.349999904632568,6.349999904632568,6.380000114440918,6.170000076293945,6.349999904632568,42700
2022-03-03,6.449999809265137,6.449999809265137,6.75,6.289999961853027,6.380000114440918,155500
2022-03-04,6.539999961853027,6.539999961853027,6.550000190734863,6.25,6.409999847412109,98800
2022-03-07,6.360000133514404,6.360000133514404,6.449999809265137,6.300000190734863,6.449999809265137,34400
2022-03-08,6.320000171661377,6.320000171661377,6.400000095367432,6.289999961853027,6.320000171661377,23600
2022-03-09,6.320000171661377,6.320000171661377,6.400000095367432,6.309999942779541,6.400000095367432,32100
2022-03-10,6.75,6.75,6.96999979019165,6.300000190734863,6.349999904632568,139200
2022-03-11,7.0,7.0,7.090000152587891,6.599999904632568,6.909999847412109,74200
2022-03-14,6.849999904632568,6.849999904632568,7.099999904632568,6.730000019073486,6.940000057220459,41100
2022-03-15,7.090000152587891,7.090000152587891,7.400000095367432,6.75,6.809999942779541,114300
2022-03-16,7.150000095367432,7.150000095367432,7.199999809265137,6.920000076293945,7.199999809265137,31700
2022-03-17,7.130000114440918,7.130000114440918,7.349999904632568,7.019999980926514,7.230000019073486,16200
2022-03-18,7.630000114440918,7.630000114440918,7.670000076293945,7.119999885559082,7.210000038146973,23800
2022-03-21,8.420000076293945,8.420000076293945,9.0,7.019999980926514,7.539999961853027,115600
2022-03-22,8.25,8.25,8.399999618530273,7.559999942779541,8.399999618530273,15700
2022-03-23,8.25,8.25,8.34000015258789,8.180000305175781,8.270000457763672,14800
2022-03-24,7.769999980926514,7.769999980926514,8.130000114440918,7.550000190734863,8.119999885559082,28100
2022-03-25,7.110000133514404,7.110000133514404,7.730000019073486,7.039999961853027,7.730000019073486,49400
2022-03-28,7.650000095367432,7.650000095367432,7.829999923706055,7.019999980926514,7.019999980926514,15900
2022-03-29,7.610000133514404,7.610000133514404,7.869999885559082,7.610000133514404,7.730000019073486,4200
2022-03-30,7.429999828338623,7.429999828338623,7.53000020980835,7.179999828338623,7.25,13700
2022-03-31,7.21999979019165,7.21999979019165,7.480000019073486,7.21999979019165,7.480000019073486,2400
2022-04-01,7.21999979019165,7.21999979019165,7.519999980926514,7.110000133514404,7.460000038146973,4800
2022-04-04,6.880000114440918,6.880000114440918,7.070000171661377,6.829999923706055,7.070000171661377,19500
2022-04-05,6.800000190734863,6.800000190734863,6.920000076293945,6.760000228881836,6.760000228881836,6300
2022-04-06,6.53000020980835,6.53000020980835,6.789999961853027,6.53000020980835,6.690000057220459,3500
2022-04-07,6.519999980926514,6.519999980926514,6.599999904632568,6.519999980926514,6.599999904632568,5300
2022-04-08,6.590000152587891,6.590000152587891,6.619999885559082,6.5,6.619999885559082,5500
2022-04-11,7.090000152587891,7.090000152587891,7.340000152587891,6.590000152587891,6.599999904632568,31600
2022-04-12,7.0,7.0,7.289999961853027,6.989999771118164,7.130000114440918,6700
2022-04-13,6.840000152587891,6.840000152587891,6.96999979019165,6.699999809265137,6.829999923706055,3200
2022-04-14,6.860000133514404,6.860000133514404,6.860000133514404,6.5,6.5,4000
2022-04-18,6.599999904632568,6.599999904632568,6.800000190734863,6.599999904632568,6.800000190734863,3500
2022-04-19,6.800000190734863,6.800000190734863,6.800000190734863,6.659999847412109,6.659999847412109,900
2022-04-20,6.0,6.0,6.5,6.0,6.489999771118164,16700
2022-04-21,5.730000019073486,5.730000019073486,6.21999979019165,5.5,6.010000228881836,17400
2022-04-22,5.699999809265137,5.699999809265137,5.940000057220459,5.599999904632568,5.610000133514404,3000
2022-04-25,5.699999809265137,5.699999809265137,5.849999904632568,5.610000133514404,5.610000133514404,5400
2022-04-26,5.739999771118164,5.739999771118164,5.739999771118164,5.690000057220459,5.699999809265137,2100
2022-04-27,5.599999904632568,5.599999904632568,5.789999961853027,5.599999904632568,5.710000038146973,900
2022-04-28,5.75,5.75,5.75,5.539999961853027,5.630000114440918,5800
2022-04-29,5.71999979019165,5.71999979019165,5.949999809265137,5.559999942779541,5.949999809265137,4400
2022-05-02,5.699999809265137,5.699999809265137,5.909999847412109,5.5,5.550000190734863,5100
2022-05-03,6.070000171661377,6.070000171661377,6.070000171661377,6.070000171661377,6.070000171661377,800
2022-05-04,5.800000190734863,5.800000190734863,5.880000114440918,5.630000114440918,5.880000114440918,1700
2022-05-05,5.78000020980835,5.78000020980835,5.860000133514404,5.5,5.860000133514404,4000
2022-05-06,5.5,5.5,5.619999885559082,5.5,5.619999885559082,1200
2022-05-09,5.320000171661377,5.320000171661377,5.449999809265137,5.300000190734863,5.449999809265137,5300
2022-05-10,5.190000057220459,5.190000057220459,5.489999771118164,5.050000190734863,5.309999942779541,8100
2022-05-11,5.119999885559082,5.119999885559082,5.210000038146973,4.949999809265137,5.210000038146973,4100
2022-05-12,4.909999847412109,4.909999847412109,5.090000152587891,4.630000114440918,5.0,12200
2022-05-13,5.099999904632568,5.099999904632568,5.110000133514404,4.829999923706055,5.0,5900
2022-05-16,5.25,5.25,5.260000228881836,4.989999771118164,4.989999771118164,3700
2022-05-17,5.539999961853027,5.539999961853027,5.539999961853027,5.300000190734863,5.300000190734863,3500
2022-05-18,5.420000076293945,5.420000076293945,5.619999885559082,5.380000114440918,5.480000019073486,6900
2022-05-19,5.210000038146973,5.210000038146973,5.380000114440918,5.050000190734863,5.050000190734863,2300
2022-05-20,5.099999904632568,5.099999904632568,5.25,5.010000228881836,5.099999904632568,3700
2022-05-23,5.170000076293945,5.170000076293945,5.199999809265137,5.079999923706055,5.079999923706055,1700
2022-05-24,5.159999847412109,5.159999847412109,5.230000019073486,5.139999866485596,5.139999866485596,1600
2022-05-25,5.150000095367432,5.150000095367432,5.210000038146973,5.150000095367432,5.199999809265137,1800
2022-05-26,5.28000020980835,5.28000020980835,5.329999923706055,5.150000095367432,5.260000228881836,4700
2022-05-27,5.489999771118164,5.489999771118164,5.489999771118164,5.46999979019165,5.489999771118164,4100
2022-05-31,5.519999980926514,5.519999980926514,5.519999980926514,5.460000038146973,5.480000019073486,3100
2022-06-01,5.519999980926514,5.519999980926514,5.519999980926514,5.5,5.5,3100
2022-06-02,5.480000019073486,5.480000019073486,5.489999771118164,5.349999904632568,5.489999771118164,1400
2022-06-03,5.460000038146973,5.460000038146973,5.5,5.449999809265137,5.480000019073486,1500
2022-06-06,5.550000190734863,5.550000190734863,5.550000190734863,5.449999809265137,5.5,2200
2022-06-07,5.400000095367432,5.400000095367432,5.550000190734863,5.389999866485596,5.539999961853027,7100
2022-06-08,4.96999979019165,4.96999979019165,5.400000095367432,4.96999979019165,5.400000095367432,17300
2022-06-09,5.010000228881836,5.010000228881836,5.010000228881836,4.559999942779541,4.880000114440918,30000
2022-06-10,5.03000020980835,5.03000020980835,5.03000020980835,4.900000095367432,4.900000095367432,1400
2022-06-13,4.78000020980835,4.78000020980835,5.039999961853027,4.75,4.980000019073486,28300
2022-06-14,4.559999942779541,4.559999942779541,4.769999980926514,4.559999942779541,4.769999980926514,33500
2022-06-15,4.75,4.75,4.920000076293945,4.550000190734863,4.619999885559082,17700
2022-06-16,4.590000152587891,4.590000152587891,4.670000076293945,4.579999923706055,4.670000076293945,4700
2022-06-17,4.78000020980835,4.78000020980835,4.809999942779541,4.559999942779541,4.559999942779541,1700
2022-06-21,4.800000190734863,4.800000190734863,4.800000190734863,4.710000038146973,4.78000020980835,2600
2022-06-22,4.670000076293945,4.670000076293945,4.869999885559082,4.670000076293945,4.869999885559082,2800
2022-06-23,4.889999866485596,4.889999866485596,5.010000228881836,4.889999866485596,4.889999866485596,1800
2022-06-24,4.989999771118164,4.989999771118164,5.010000228881836,4.739999771118164,4.889999866485596,8200
2022-06-27,4.929999828338623,4.929999828338623,4.929999828338623,4.880000114440918,4.880000114440918,700
2022-06-28,4.800000190734863,4.800000190734863,4.800000190734863,4.800000190734863,4.800000190734863,300
2022-06-29,4.96999979019165,4.96999979019165,4.989999771118164,4.889999866485596,4.989999771118164,3200
2022-06-30,4.96999979019165,4.96999979019165,4.96999979019165,4.840000152587891,4.960000038146973,1000
2022-07-01,4.860000133514404,4.860000133514404,4.860000133514404,4.78000020980835,4.78000020980835,700
2022-07-05,4.75,4.75,4.820000171661377,4.550000190734863,4.820000171661377,12400
2022-07-06,4.599999904632568,4.599999904632568,4.760000228881836,4.599999904632568,4.75,3400
2022-07-07,4.659999847412109,4.659999847412109,4.710000038146973,4.650000095367432,4.710000038146973,1300
2022-07-08,4.659999847412109,4.659999847412109,4.659999847412109,4.659999847412109,4.659999847412109,300
2022-07-11,4.800000190734863,4.800000190734863,4.880000114440918,4.659999847412109,4.789999961853027,4900
2022-07-12,4.849999904632568,4.849999904632568,4.889999866485596,4.78000020980835,4.78000020980835,16200
2022-07-13,4.760000228881836,4.760000228881836,4.760000228881836,4.760000228881836,4.760000228881836,300
2022-07-14,4.78000020980835,4.78000020980835,4.78000020980835,4.78000020980835,4.78000020980835,900
2022-07-15,4.75,4.75,4.78000020980835,4.75,4.75,800
2022-07-18,4.849999904632568,4.849999904632568,4.849999904632568,4.800000190734863,4.800000190734863,700
2022-07-19,5.150000095367432,5.150000095367432,5.150000095367432,4.75,4.75,8200
2022-07-20,5.079999923706055,5.079999923706055,5.25,5.079999923706055,5.25,4200
2022-07-21,4.929999828338623,4.929999828338623,4.940000057220459,4.929999828338623,4.940000057220459,900
2022-07-22,5.070000171661377,5.070000171661377,5.150000095367432,5.0,5.0,1500
2022-07-25,4.96999979019165,4.96999979019165,5.119999885559082,4.96999979019165,5.119999885559082,900
2022-07-26,5.0,5.0,5.039999961853027,4.960000038146973,5.039999961853027,6800
2022-07-27,5.0,5.0,5.159999847412109,5.0,5.159999847412109,1000
2022-07-28,4.929999828338623,4.929999828338623,5.039999961853027,4.929999828338623,5.03000020980835,2800
2022-07-29,5.320000171661377,5.320000171661377,5.320000171661377,5.0,5.0,3000
2022-08-01,5.309999942779541,5.309999942779541,5.440000057220459,5.039999961853027,5.440000057220459,26300
2022-08-02,5.46999979019165,5.46999979019165,5.480000019073486,5.139999866485596,5.300000190734863,3300
2022-08-03,5.590000152587891,5.590000152587891,5.590000152587891,5.400000095367432,5.440000057220459,4900
2022-08-04,5.699999809265137,5.699999809265137,5.699999809265137,5.309999942779541,5.309999942779541,5900
2022-08-05,5.550000190734863,5.550000190734863,5.679999828338623,5.53000020980835,5.53000020980835,1800
2022-08-08,5.769999980926514,5.769999980926514,5.78000020980835,5.670000076293945,5.699999809265137,5700
2022-08-09,5.550000190734863,5.550000190734863,5.619999885559082,5.550000190734863,5.619999885559082,900
2022-08-10,5.739999771118164,5.739999771118164,5.739999771118164,5.559999942779541,5.71999979019165,22100
2022-08-11,5.78000020980835,5.78000020980835,5.78000020980835,5.53000020980835,5.53000020980835,6700
2022-08-12,6.300000190734863,6.300000190734863,6.300000190734863,5.510000228881836,5.579999923706055,43000
2022-08-15,7.860000133514404,7.860000133514404,8.0,6.179999828338623,6.260000228881836,60100
2022-08-16,7.610000133514404,7.610000133514404,7.849999904632568,7.170000076293945,7.800000190734863,34600
2022-08-17,6.630000114440918,6.630000114440918,8.100000381469727,6.630000114440918,7.75,84600
2022-08-18,6.630000114440918,6.630000114440918,6.869999885559082,6.630000114440918,6.869999885559082,5400
2022-08-19,6.53000020980835,6.53000020980835,6.730000019073486,6.53000020980835,6.659999847412109,4700
2022-08-22,6.050000190734863,6.050000190734863,6.53000020980835,6.050000190734863,6.53000020980835,4700
2022-08-23,6.199999809265137,6.199999809265137,6.199999809265137,6.050000190734863,6.050000190734863,2100
2022-08-24,6.079999923706055,6.079999923706055,6.190000057220459,6.079999923706055,6.150000095367432,4700
2022-08-25,6.53000020980835,6.53000020980835,6.53000020980835,6.050000190734863,6.099999904632568,2300
2022-08-26,6.059999942779541,6.059999942779541,6.510000228881836,6.019999980926514,6.510000228881836,6400
2022-08-29,6.019999980926514,6.019999980926514,6.340000152587891,6.019999980926514,6.329999923706055,2300
2022-08-30,6.159999847412109,6.159999847412109,6.420000076293945,6.019999980926514,6.190000057220459,6400
2022-08-31,6.25,6.25,6.28000020980835,6.050000190734863,6.28000020980835,5600
2022-09-01,6.139999866485596,6.139999866485596,6.480000019073486,6.050000190734863,6.239999771118164,12500
2022-09-02,6.150000095367432,6.150000095367432,6.21999979019165,6.119999885559082,6.21999979019165,2800
2022-09-06,6.099999904632568,6.099999904632568,6.409999847412109,6.099999904632568,6.300000190734863,5700
2022-09-07,6.010000228881836,6.010000228881836,6.159999847412109,6.0,6.130000114440918,11200
2022-09-08,6.010000228881836,6.010000228881836,6.130000114440918,6.0,6.0,7600
2022-09-09,6.179999828338623,6.179999828338623,6.21999979019165,5.800000190734863,6.050000190734863,12600
2022-09-12,6.260000228881836,6.260000228881836,6.380000114440918,6.070000171661377,6.199999809265137,6600
2022-09-13,5.900000095367432,5.900000095367432,5.900000095367432,5.900000095367432,5.900000095367432,1700
2022-09-14,5.849999904632568,5.849999904632568,6.079999923706055,5.849999904632568,5.920000076293945,4700
2022-09-15,5.949999809265137,5.949999809265137,6.070000171661377,5.849999904632568,5.909999847412109,4400
2022-09-16,5.960000038146973,5.960000038146973,6.079999923706055,5.960000038146973,6.0,13600
2022-09-19,5.800000190734863,5.800000190734863,5.980000019073486,5.800000190734863,5.980000019073486,5300
2022-09-20,5.829999923706055,5.829999923706055,6.010000228881836,5.829999923706055,5.829999923706055,5100
2022-09-21,5.949999809265137,5.949999809265137,5.980000019073486,5.949999809265137,5.980000019073486,2700
2022-09-22,5.760000228881836,5.760000228881836,5.869999885559082,5.75,5.829999923706055,10600
2022-09-23,5.769999980926514,5.769999980926514,5.829999923706055,5.519999980926514,5.690000057220459,15300
2022-09-26,5.559999942779541,5.559999942779541,5.789999961853027,5.559999942779541,5.690000057220459,2200
2022-09-27,5.639999866485596,5.639999866485596,5.849999904632568,5.519999980926514,5.730000019073486,5100
2022-09-28,5.619999885559082,5.619999885559082,5.820000171661377,5.550000190734863,5.619999885559082,4500
2022-09-29,5.679999828338623,5.679999828338623,5.679999828338623,5.550000190734863,5.599999904632568,7400
2022-09-30,5.71999979019165,5.71999979019165,5.829999923706055,5.650000095367432,5.699999809265137,2700
2022-10-03,6.480000019073486,6.480000019073486,6.599999904632568,5.739999771118164,5.739999771118164,10100
2022-10-04,6.119999885559082,6.119999885559082,6.630000114440918,5.880000114440918,6.53000020980835,3100
2022-10-05,6.090000152587891,6.090000152587891,6.489999771118164,5.96999979019165,6.119999885559082,8500
2022-10-06,5.989999771118164,5.989999771118164,6.079999923706055,5.900000095367432,5.900000095367432,1700
2022-10-07,5.840000152587891,5.840000152587891,6.059999942779541,5.840000152587891,5.900000095367432,5100
2022-10-10,5.840000152587891,5.840000152587891,6.239999771118164,5.840000152587891,5.940000057220459,3200
2022-10-11,5.659999847412109,5.659999847412109,5.940000057220459,5.659999847412109,5.940000057220459,2900
2022-10-12,5.599999904632568,5.599999904632568,5.599999904632568,5.559999942779541,5.599999904632568,2200
2022-10-13,5.579999923706055,5.579999923706055,5.75,5.539999961853027,5.75,2000
2022-10-14,5.260000228881836,5.260000228881836,5.599999904632568,5.21999979019165,5.599999904632568,9400
2022-10-17,5.320000171661377,5.320000171661377,5.400000095367432,5.260000228881836,5.349999904632568,8700
2022-10-18,5.570000171661377,5.570000171661377,5.570000171661377,5.570000171661377,5.570000171661377,1600
2022-10-19,5.449999809265137,5.449999809265137,5.559999942779541,5.329999923706055,5.380000114440918,1700
2022-10-20,5.5,5.5,5.5,5.329999923706055,5.429999828338623,1300
2022-10-21,5.5,5.5,5.559999942779541,5.360000133514404,5.449999809265137,5100
2022-10-24,5.489999771118164,5.489999771118164,5.5,5.420000076293945,5.5,1700
2022-10-25,5.539999961853027,5.539999961853027,5.550000190734863,5.400000095367432,5.480000019073486,8600
2022-10-26,5.409999847412109,5.409999847412109,5.489999771118164,5.409999847412109,5.449999809265137,1900
2022-10-27,5.559999942779541,5.559999942779541,5.559999942779541,5.420000076293945,5.559999942779541,1800
2022-10-28,5.849999904632568,5.849999904632568,5.849999904632568,5.550000190734863,5.550000190734863,4400
2022-10-31,5.849999904632568,5.849999904632568,6.010000228881836,5.739999771118164,5.789999961853027,5700
2022-11-01,5.880000114440918,5.880000114440918,5.929999828338623,5.800000190734863,5.840000152587891,4000
2022-11-02,5.849999904632568,5.849999904632568,5.989999771118164,5.849999904632568,5.980000019073486,39100
2022-11-03,5.840000152587891,5.840000152587891,5.929999828338623,5.840000152587891,5.920000076293945,1000
2022-11-04,5.980000019073486,5.980000019073486,5.980000019073486,5.829999923706055,5.840000152587891,3600
2022-11-07,6.25,6.25,6.28000020980835,5.960000038146973,6.0,4400
2022-11-08,6.539999961853027,6.539999961853027,6.539999961853027,6.150000095367432,6.25,9500
2022-11-09,6.679999828338623,6.679999828338623,6.78000020980835,6.269999980926514,6.420000076293945,9600
2022-11-10,7.0,7.0,7.099999904632568,6.559999942779541,6.800000190734863,18500
2022-11-11,6.909999847412109,6.909999847412109,7.079999923706055,6.570000171661377,6.690000057220459,21300
2022-11-14,7.25,7.25,7.5,6.900000095367432,7.179999828338623,10300
2022-11-15,7.360000133514404,7.360000133514404,7.539999961853027,7.03000020980835,7.539999961853027,38700
2022-11-16,7.210000038146973,7.210000038146973,7.380000114440918,7.070000171661377,7.300000190734863,20400
2022-11-17,7.659999847412109,7.659999847412109,7.78000020980835,7.210000038146973,7.210000038146973,57800
2022-11-18,7.519999980926514,7.519999980926514,7.869999885559082,7.230000019073486,7.659999847412109,9200
2022-11-21,7.579999923706055,7.579999923706055,7.889999866485596,7.519999980926514,7.880000114440918,37500
2022-11-22,7.289999961853027,7.289999961853027,7.53000020980835,7.230000019073486,7.53000020980835,11500
2022-11-23,7.110000133514404,7.110000133514404,7.550000190734863,7.070000171661377,7.409999847412109,11100
2022-11-25,7.449999809265137,7.449999809265137,7.449999809265137,6.949999809265137,7.039999961853027,4000
2022-11-28,6.989999771118164,6.989999771118164,7.480000019073486,6.809999942779541,7.059999942779541,8800
2022-11-29,6.619999885559082,6.619999885559082,6.989999771118164,6.610000133514404,6.849999904632568,4500
2022-11-30,6.679999828338623,6.679999828338623,6.800000190734863,6.230000019073486,6.800000190734863,21300
2022-12-01,6.789999961853027,6.789999961853027,6.949999809265137,6.480000019073486,6.900000095367432,37100
2022-12-02,6.829999923706055,6.829999923706055,7.460000038146973,6.53000020980835,7.110000133514404,46500
2022-12-05,6.800000190734863,6.800000190734863,7.039999961853027,6.440000057220459,6.920000076293945,9000
2022-12-06,6.599999904632568,6.599999904632568,7.039999961853027,6.389999866485596,6.880000114440918,19400
2022-12-07,6.690000057220459,6.690000057220459,6.75,6.440000057220459,6.679999828338623,9900
2022-12-08,6.610000133514404,6.610000133514404,6.690000057220459,6.46999979019165,6.590000152587891,6800
2022-12-09,6.670000076293945,6.670000076293945,6.75,6.519999980926514,6.690000057220459,8600
2022-12-12,6.690000057220459,6.690000057220459,6.75,6.579999923706055,6.739999771118164,49100
2022-12-13,6.699999809265137,6.699999809265137,7.489999771118164,6.570000171661377,6.75,60700
2022-12-14,6.300000190734863,6.300000190734863,7.019999980926514,6.300000190734863,6.75,21500
2022-12-15,5.849999904632568,5.849999904632568,6.199999809265137,5.849999904632568,6.199999809265137,19300
2022-12-16,5.550000190734863,5.550000190734863,5.909999847412109,5.5,5.650000095367432,20400
2022-12-19,5.849999904632568,5.849999904632568,5.869999885559082,5.510000228881836,5.510000228881836,15000
2022-12-20,5.96999979019165,5.96999979019165,6.269999980926514,5.920000076293945,5.920000076293945,8400
2022-12-21,5.929999828338623,5.929999828338623,6.610000133514404,5.619999885559082,6.0,12800
2022-12-22,5.820000171661377,5.820000171661377,6.519999980926514,5.800000190734863,5.929999828338623,2300
2022-12-23,5.920000076293945,5.920000076293945,6.010000228881836,5.519999980926514,5.960000038146973,16400
2022-12-27,5.630000114440918,5.630000114440918,6.050000190734863,5.619999885559082,6.050000190734863,5700
2022-12-28,5.539999961853027,5.539999961853027,5.809999942779541,5.510000228881836,5.519999980926514,6900
2022-12-29,5.590000152587891,5.590000152587891,5.690000057220459,5.5,5.670000076293945,10000
2022-12-30,5.550000190734863,5.550000190734863,5.570000171661377,5.489999771118164,5.5,11800
2023-01-03,5.619999885559082,5.619999885559082,5.679999828338623,5.519999980926514,5.679999828338623,9100
2023-01-04,5.579999923706055,5.579999923706055,5.829999923706055,5.5,5.619999885559082,11200
2023-01-05,5.519999980926514,5.519999980926514,5.639999866485596,5.5,5.570000171661377,8400
2023-01-06,5.550000190734863,5.550000190734863,5.619999885559082,5.449999809265137,5.619999885559082,9200
2023-01-09,5.449999809265137,5.449999809265137,5.690000057220459,5.400000095367432,5.519999980926514,28800
2023-01-10,5.460000038146973,5.460000038146973,5.599999904632568,5.360000133514404,5.360000133514404,11600
2023-01-11,5.710000038146973,5.710000038146973,5.940000057220459,5.409999847412109,5.489999771118164,66300
2023-01-12,5.869999885559082,5.869999885559082,5.920000076293945,5.440000057220459,5.440000057220459,38700
2023-01-13,5.96999979019165,5.96999979019165,6.050000190734863,5.559999942779541,6.050000190734863,52900
2023-01-17,5.860000133514404,5.860000133514404,6.239999771118164,5.75,5.940000057220459,25600
2023-01-18,5.730000019073486,5.730000019073486,5.96999979019165,5.559999942779541,5.860000133514404,35100
2023-01-19,5.670000076293945,5.670000076293945,5.690000057220459,5.400000095367432,5.690000057220459,32900
2023-01-20,5.570000171661377,5.570000171661377,5.690000057220459,5.409999847412109,5.690000057220459,35800
2023-01-23,5.619999885559082,5.619999885559082,5.860000133514404,5.449999809265137,5.670000076293945,55300
2023-01-24,5.590000152587891,5.590000152587891,5.670000076293945,5.449999809265137,5.639999866485596,15000
2023-01-25,5.550000190734863,5.550000190734863,5.75,5.460000038146973,5.489999771118164,13800
2023-01-26,5.460000038146973,5.460000038146973,5.510000228881836,5.460000038146973,5.510000228881836,7700
2023-01-27,5.489999771118164,5.489999771118164,5.710000038146973,5.449999809265137,5.46999979019165,25000
2023-01-30,5.480000019073486,5.480000019073486,5.53000020980835,5.400000095367432,5.480000019073486,7200
2023-01-31,5.340000152587891,5.340000152587891,5.46999979019165,5.260000228881836,5.46999979019165,14200
2023-02-01,5.409999847412109,5.409999847412109,5.489999771118164,5.269999980926514,5.269999980926514,10600
2023-02-02,5.5,5.5,5.5,5.429999828338623,5.46999979019165,6200
2023-02-03,5.489999771118164,5.489999771118164,5.679999828338623,5.449999809265137,5.510000228881836,50800
2023-02-06,5.489999771118164,5.489999771118164,5.739999771118164,5.380000114440918,5.489999771118164,81000
2023-02-07,5.489999771118164,5.489999771118164,5.650000095367432,5.389999866485596,5.420000076293945,18500
2023-02-08,5.53000020980835,5.53000020980835,5.769999980926514,5.429999828338623,5.559999942779541,7600
2023-02-09,5.449999809265137,5.449999809265137,5.510000228881836,5.429999828338623,5.510000228881836,2700
2023-02-10,5.579999923706055,5.579999923706055,5.599999904632568,5.369999885559082,5.380000114440918,8000
2023-02-13,5.630000114440918,5.630000114440918,5.809999942779541,5.579999923706055,5.599999904632568,42200
2023-02-14,5.699999809265137,5.699999809265137,5.789999961853027,5.590000152587891,5.789999961853027,6800
2023-02-15,5.760000228881836,5.760000228881836,5.800000190734863,5.619999885559082,5.699999809265137,4200
2023-02-16,5.659999847412109,5.659999847412109,5.760000228881836,5.650000095367432,5.760000228881836,4500
2023-02-17,5.659999847412109,5.659999847412109,5.730000019073486,5.650000095367432,5.650000095367432,12700
2023-02-21,5.650000095367432,5.650000095367432,5.75,5.650000095367432,5.650000095367432,18300
2023-02-22,5.659999847412109,5.659999847412109,5.699999809265137,5.650000095367432,5.699999809265137,2000
2023-02-23,5.71999979019165,5.71999979019165,5.820000171661377,5.650000095367432,5.650000095367432,4100
2023-02-24,5.769999980926514,5.769999980926514,5.78000020980835,5.679999828338623,5.699999809265137,22900
2023-02-27,5.900000095367432,5.900000095367432,6.070000171661377,5.75,5.75,36700
2023-02-28,6.019999980926514,6.019999980926514,6.079999923706055,6.0,6.0,17500
2023-03-01,6.019999980926514,6.019999980926514,6.070000171661377,5.960000038146973,6.010000228881836,10600
2023-03-02,6.110000133514404,6.110000133514404,6.159999847412109,6.019999980926514,6.079999923706055,11800
2023-03-03,6.090000152587891,6.090000152587891,6.139999866485596,6.050000190734863,6.059999942779541,11400
2023-03-06,6.090000152587891,6.090000152587891,6.110000133514404,6.039999961853027,6.110000133514404,8800
2023-03-07,6.099999904632568,6.099999904632568,6.329999923706055,6.059999942779541,6.059999942779541,10100
2023-03-08,6.110000133514404,6.110000133514404,6.150000095367432,6.099999904632568,6.099999904632568,10200
2023-03-09,6.099999904632568,6.099999904632568,6.349999904632568,6.059999942779541,6.150000095367432,41700
2023-03-10,6.119999885559082,6.119999885559082,6.130000114440918,6.03000020980835,6.099999904632568,80500
2023-03-13,6.179999828338623,6.179999828338623,6.199999809265137,6.070000171661377,6.099999904632568,22400
2023-03-14,6.099999904632568,6.099999904632568,6.269999980926514,6.099999904632568,6.179999828338623,36700
2023-03-15,6.099999904632568,6.099999904632568,6.260000228881836,6.099999904632568,6.110000133514404,20000
2023-03-16,6.119999885559082,6.119999885559082,6.210000038146973,6.110000133514404,6.159999847412109,12400
2023-03-17,6.110000133514404,6.110000133514404,6.150000095367432,6.079999923706055,6.119999885559082,71600
2023-03-20,6.150000095367432,6.150000095367432,6.300000190734863,6.099999904632568,6.110000133514404,12300
2023-03-21,6.269999980926514,6.269999980926514,6.28000020980835,6.199999809265137,6.21999979019165,6800
2023-03-22,6.480000019073486,6.480000019073486,6.480000019073486,6.159999847412109,6.309999942779541,5200
2023-03-23,6.269999980926514,6.269999980926514,6.349999904632568,6.269999980926514,6.349999904632568,2300
2023-03-24,6.119999885559082,6.119999885559082,6.400000095367432,6.119999885559082,6.28000020980835,3200
2023-03-27,6.25,6.25,6.349999904632568,5.989999771118164,6.119999885559082,8000
2023-03-28,5.949999809265137,5.949999809265137,6.170000076293945,5.880000114440918,6.170000076293945,60600
2023-03-29,6.010000228881836,6.010000228881836,6.050000190734863,5.800000190734863,5.800000190734863,3100
2023-03-30,6.059999942779541,6.059999942779541,6.079999923706055,6.0,6.079999923706055,151100
2023-03-31,6.039999961853027,6.039999961853027,6.050000190734863,6.0,6.050000190734863,65600
2023-04-03,6.010000228881836,6.010000228881836,6.03000020980835,6.0,6.019999980926514,8100
2023-04-04,6.050000190734863,6.050000190734863,6.110000133514404,6.0,6.019999980926514,4600
2023-04-05,6.0,6.0,6.079999923706055,6.0,6.0,3300
2023-04-06,6.090000152587891,6.090000152587891,6.179999828338623,6.0,6.0,6400
2023-04-10,6.079999923706055,6.079999923706055,6.21999979019165,6.0,6.050000190734863,16400
2023-04-11,6.110000133514404,6.110000133514404,6.25,6.0,6.230000019073486,7200
2023-04-12,6.25,6.25,6.25,6.050000190734863,6.050000190734863,8600
2023-04-13,6.079999923706055,6.079999923706055,6.210000038146973,6.050000190734863,6.079999923706055,2900
2023-04-14,6.019999980926514,6.019999980926514,6.079999923706055,6.010000228881836,6.079999923706055,3200
2023-04-17,6.090000152587891,6.090000152587891,6.139999866485596,6.059999942779541,6.059999942779541,3300
2023-04-18,6.059999942779541,6.059999942779541,6.139999866485596,6.0,6.119999885559082,2500
2023-04-19,6.010000228881836,6.010000228881836,6.130000114440918,6.0,6.019999980926514,5100
2023-04-20,6.110000133514404,6.110000133514404,6.110000133514404,6.019999980926514,6.090000152587891,3900
2023-04-21,6.110000133514404,6.110000133514404,6.110000133514404,6.039999961853027,6.050000190734863,2000
2023-04-24,6.090000152587891,6.090000152587891,6.119999885559082,6.070000171661377,6.119999885559082,3500
2023-04-25,6.0,6.0,6.039999961853027,6.0,6.03000020980835,47400
2023-04-26,6.0,6.0,6.050000190734863,5.949999809265137,6.039999961853027,6100
2023-04-27,6.03000020980835,6.03000020980835,6.079999923706055,6.0,6.019999980926514,3600
2023-04-28,6.010000228881836,6.010000228881836,6.099999904632568,6.0,6.0,3600
2023-05-01,6.010000228881836,6.010000228881836,6.099999904632568,5.889999866485596,5.889999866485596,2400
2023-05-02,6.070000171661377,6.070000171661377,6.070000171661377,6.0,6.0,4400
2023-05-03,6.0,6.0,6.050000190734863,6.0,6.050000190734863,2300
2023-05-04,6.090000152587891,6.090000152587891,6.099999904632568,6.0,6.0,4100
2023-05-05,6.010000228881836,6.010000228881836,6.079999923706055,5.610000133514404,6.079999923706055,7900
2023-05-08,6.0,6.0,6.019999980926514,6.0,6.019999980926514,4300
2023-05-09,6.0,6.0,6.0,6.0,6.0,2700
2023-05-10,6.21999979019165,6.21999979019165,6.25,6.050000190734863,6.050000190734863,10400
2023-05-11,6.210000038146973,6.210000038146973,6.21999979019165,6.119999885559082,6.119999885559082,2200
2023-05-12,6.079999923706055,6.079999923706055,6.239999771118164,6.010000228881836,6.210000038146973,2100
2023-05-15,6.090000152587891,6.090000152587891,6.199999809265137,6.0,6.0,6000
2023-05-16,6.0,6.0,6.079999923706055,6.0,6.079999923706055,25200
2023-05-17,6.0,6.0,6.059999942779541,6.0,6.059999942779541,18900
2023-05-18,6.0,6.0,6.050000190734863,5.960000038146973,6.039999961853027,6600
2023-05-19,6.0,6.0,6.170000076293945,6.0,6.0,19900
2023-05-22,6.0,6.0,6.090000152587891,6.0,6.0,8800
2023-05-23,5.75,5.75,6.110000133514404,5.75,6.0,50100
2023-05-24,5.909999847412109,5.909999847412109,5.929999828338623,5.769999980926514,5.769999980926514,14100
2023-05-25,5.900000095367432,5.900000095367432,5.909999847412109,5.889999866485596,5.909999847412109,3500
2023-05-26,6.099999904632568,6.099999904632568,6.130000114440918,5.849999904632568,5.849999904632568,7900
2023-05-30,6.0,6.0,6.170000076293945,6.0,6.119999885559082,3200
2023-05-31,6.0,6.0,6.019999980926514,6.0,6.010000228881836,7300
2023-06-01,6.03000020980835,6.03000020980835,6.03000020980835,6.0,6.0,1100
2023-06-02,6.039999961853027,6.039999961853027,6.139999866485596,6.0,6.139999866485596,14800
2023-06-05,6.0,6.0,6.070000171661377,6.0,6.010000228881836,11500
2023-06-06,6.0,6.0,6.090000152587891,6.0,6.0,9500
2023-06-07,6.0,6.0,6.130000114440918,6.0,6.010000228881836,3000
2023-06-08,6.900000095367432,6.900000095367432,7.190000057220459,6.150000095367432,6.300000190734863,81400
2023-06-09,6.5,6.5,7.039999961853027,6.460000038146973,6.96999979019165,8700
2023-06-12,6.900000095367432,6.900000095367432,6.900000095367432,6.400000095367432,6.559999942779541,13800
2023-06-13,6.869999885559082,6.869999885559082,6.96999979019165,6.809999942779541,6.809999942779541,13700
2023-06-14,6.940000057220459,6.940000057220459,7.0,6.869999885559082,6.869999885559082,9000
2023-06-15,7.0,7.0,7.0,6.880000114440918,6.880000114440918,12700
2023-06-16,6.880000114440918,6.880000114440918,7.0,6.880000114440918,7.0,21000
2023-06-20,7.409999847412109,7.409999847412109,7.409999847412109,6.920000076293945,6.920000076293945,31500
2023-06-21,7.389999866485596,7.389999866485596,7.420000076293945,7.309999942779541,7.409999847412109,14400
2023-06-22,7.079999923706055,7.079999923706055,7.389999866485596,7.079999923706055,7.389999866485596,3300
2023-06-23,6.980000019073486,6.980000019073486,7.059999942779541,6.940000057220459,6.940000057220459,7000
2023-06-26,6.849999904632568,6.849999904632568,7.050000190734863,6.75,7.050000190734863,9600
2023-06-27,6.78000020980835,6.78000020980835,6.860000133514404,6.739999771118164,6.860000133514404,2800
2023-06-28,6.519999980926514,6.519999980926514,6.789999961853027,6.510000228881836,6.789999961853027,10300
2023-06-29,6.590000152587891,6.590000152587891,6.880000114440918,6.519999980926514,6.590000152587891,8900
2023-06-30,6.550000190734863,6.550000190734863,6.78000020980835,6.510000228881836,6.570000171661377,4100
2023-07-03,6.25,6.25,6.599999904632568,6.25,6.599999904632568,4600
2023-07-05,6.400000095367432,6.400000095367432,6.5,6.25,6.269999980926514,7000
2023-07-06,6.380000114440918,6.380000114440918,6.550000190734863,6.159999847412109,6.550000190734863,3700
2023-07-07,6.5,6.5,6.5,6.380000114440918,6.380000114440918,4100
2023-07-10,6.46999979019165,6.46999979019165,6.590000152587891,6.300000190734863,6.570000171661377,21000
2023-07-11,6.329999923706055,6.329999923706055,6.46999979019165,6.329999923706055,6.46999979019165,14100
2023-07-12,6.46999979019165,6.46999979019165,6.550000190734863,6.110000133514404,6.480000019073486,5700
2023-07-13,6.480000019073486,6.480000019073486,6.550000190734863,6.28000020980835,6.550000190734863,6100
2023-07-14,6.309999942779541,6.309999942779541,6.550000190734863,6.28000020980835,6.510000228881836,3600
2023-07-17,6.110000133514404,6.110000133514404,6.320000171661377,6.099999904632568,6.320000171661377,5100
2023-07-18,6.300000190734863,6.300000190734863,6.300000190734863,6.199999809265137,6.199999809265137,11200
2023-07-19,6.28000020980835,6.28000020980835,6.28000020980835,6.21999979019165,6.260000228881836,1300
2023-07-20,6.119999885559082,6.119999885559082,6.21999979019165,6.110000133514404,6.21999979019165,3900
2023-07-21,6.0,6.0,6.119999885559082,5.900000095367432,6.119999885559082,19300
2023-07-24,5.929999828338623,5.929999828338623,6.199999809265137,5.900000095367432,5.949999809265137,43400
2023-07-25,5.840000152587891,5.840000152587891,5.949999809265137,5.769999980926514,5.929999828338623,6700
2023-07-26,5.96999979019165,5.96999979019165,6.050000190734863,5.800000190734863,5.800000190734863,17100
2023-07-27,5.929999828338623,5.929999828338623,6.050000190734863,5.909999847412109,6.050000190734863,2100
2023-07-28,6.010000228881836,6.010000228881836,6.090000152587891,6.010000228881836,6.039999961853027,10100
2023-07-31,6.519999980926514,6.519999980926514,6.579999923706055,6.050000190734863,6.050000190734863,17900
2023-08-01,6.409999847412109,6.409999847412109,6.679999828338623,6.409999847412109,6.440000057220459,9800
2023-08-02,6.650000095367432,6.650000095367432,6.769999980926514,6.329999923706055,6.360000133514404,12200
2023-08-03,6.849999904632568,6.849999904632568,6.869999885559082,6.489999771118164,6.559999942779541,12200
2023-08-04,7.0,7.0,7.260000228881836,6.800000190734863,7.260000228881836,15100
2023-08-07,7.0,7.0,7.199999809265137,7.0,7.019999980926514,11500
2023-08-08,6.800000190734863,6.800000190734863,6.960000038146973,6.75,6.960000038146973,2400
2023-08-09,6.739999771118164,6.739999771118164,6.989999771118164,6.590000152587891,6.869999885559082,6200
2023-08-10,6.550000190734863,6.550000190734863,6.789999961853027,6.550000190734863,6.599999904632568,19000
2023-08-11,6.300000190734863,6.300000190734863,6.699999809265137,6.070000171661377,6.5,11200
2023-08-14,7.5,7.5,8.0,6.829999923706055,6.860000133514404,118700
2023-08-15,8.180000305175781,8.180000305175781,8.180000305175781,7.420000076293945,7.420000076293945,69100
2023-08-16,8.5600004196167,8.5600004196167,9.140000343322754,8.279999732971191,8.279999732971191,80700
2023-08-17,8.600000381469727,8.600000381469727,8.619999885559082,8.279999732971191,8.34000015258789,24600
2023-08-18,8.34000015258789,8.34000015258789,8.859999656677246,8.180000305175781,8.600000381469727,50000
2023-08-21,9.59000015258789,9.59000015258789,9.850000381469727,8.399999618530273,8.399999618530273,239900
2023-08-22,9.989999771118164,9.989999771118164,10.399999618530273,9.609999656677246,9.989999771118164,261300
2023-08-23,10.609999656677246,10.609999656677246,10.680000305175781,9.989999771118164,9.989999771118164,171500
2023-08-24,10.829999923706055,10.829999923706055,11.140000343322754,10.359999656677246,10.600000381469727,175600
2023-08-25,11.020000457763672,11.020000457763672,11.300000190734863,10.850000381469727,11.0,160100
2023-08-28,10.729999542236328,10.729999542236328,11.15999984741211,10.329999923706055,10.850000381469727,209200
2023-08-29,10.819999694824219,10.819999694824219,11.0,10.65999984741211,10.789999961853027,114800
2023-08-30,10.699999809265137,10.699999809265137,10.920000076293945,10.5,10.800000190734863,75900
2023-08-31,10.75,10.75,10.890000343322754,10.350000381469727,10.699999809265137,49300
2023-09-01,10.989999771118164,10.989999771118164,11.100000381469727,10.630000114440918,10.779999732971191,132400
2023-09-05,11.25,11.25,11.640000343322754,10.8100004196167,11.0,202000
2023-09-06,11.529999732971191,11.529999732971191,11.6899995803833,11.359999656677246,11.380000114440918,131100
2023-09-07,11.569999694824219,11.569999694824219,11.75,11.460000038146973,11.529999732971191,137600
2023-09-08,11.199999809265137,11.199999809265137,11.680000305175781,11.15999984741211,11.5600004196167,94900
2023-09-11,10.270000457763672,10.270000457763672,11.40999984741211,9.649999618530273,11.170000076293945,287400
2023-09-12,11.100000381469727,11.100000381469727,11.149999618530273,10.09000015258789,10.279999732971191,284000
2023-09-13,12.0,12.0,12.199999809265137,10.8100004196167,11.130000114440918,172800
2023-09-14,12.489999771118164,12.489999771118164,12.770000457763672,11.960000038146973,11.960000038146973,192500
2023-09-15,12.0,12.0,12.710000038146973,11.680000305175781,12.520000457763672,122100
2023-09-18,11.829999923706055,11.829999923706055,12.25,11.420000076293945,12.029999732971191,64500
2023-09-19,12.350000381469727,12.350000381469727,12.380000114440918,11.699999809265137,11.829999923706055,77200
2023-09-20,12.470000267028809,12.470000267028809,12.960000038146973,12.25,12.40999984741211,91400
2023-09-21,12.050000190734863,12.050000190734863,12.229999542236328,11.630000114440918,12.140000343322754,89600
2023-09-22,12.420000076293945,12.420000076293945,12.449999809265137,11.649999618530273,12.0,79100
2023-09-25,9.649999618530273,9.649999618530273,11.880000114440918,9.399999618530273,11.850000381469727,297000
2023-09-26,10.720000267028809,10.720000267028809,10.829999923706055,9.399999618530273,9.510000228881836,136400
2023-09-27,10.380000114440918,10.380000114440918,10.930000305175781,10.170000076293945,10.739999771118164,65600
2023-09-28,10.609999656677246,10.609999656677246,11.119999885559082,10.239999771118164,10.239999771118164,47500
2023-09-29,10.34000015258789,10.34000015258789,10.90999984741211,10.229999542236328,10.760000228881836,37100
2023-10-02,11.029999732971191,11.029999732971191,11.649999618530273,10.5,10.5,122700
2023-10-03,10.770000457763672,10.770000457763672,11.4399995803833,10.59000015258789,11.050000190734863,47700
2023-10-04,11.600000381469727,11.600000381469727,11.84000015258789,10.779999732971191,10.779999732971191,60700
2023-10-05,11.699999809265137,11.699999809265137,12.0,11.260000228881836,11.680000305175781,74200
2023-10-06,11.829999923706055,11.829999923706055,11.949999809265137,11.260000228881836,11.729999542236328,51800
2023-10-09,10.729999542236328,10.729999542236328,11.609999656677246,10.520000457763672,11.609999656677246,111700
2023-10-10,11.470000267028809,11.470000267028809,11.600000381469727,10.770000457763672,10.770000457763672,56100
2023-10-11,10.819999694824219,10.819999694824219,11.510000228881836,10.569999694824219,11.510000228881836,70100
2023-10-12,10.84000015258789,10.84000015258789,11.0600004196167,10.5600004196167,10.869999885559082,41000
2023-10-13,10.899999618530273,10.899999618530273,11.319999694824219,10.75,10.829999923706055,75100
2023-10-16,11.829999923706055,11.829999923706055,12.050000190734863,10.739999771118164,10.739999771118164,101300
2023-10-17,11.829999923706055,11.829999923706055,11.970000267028809,11.430000305175781,11.899999618530273,65200
2023-10-18,11.270000457763672,11.270000457763672,11.819999694824219,11.170000076293945,11.75,39400
2023-10-19,11.930000305175781,11.930000305175781,12.220000267028809,11.289999961853027,11.289999961853027,48800
2023-10-20,11.289999961853027,11.289999961853027,12.289999961853027,11.199999809265137,12.039999961853027,73700
2023-10-23,11.430000305175781,11.430000305175781,11.680000305175781,10.670000076293945,11.09000015258789,99600
2023-10-24,12.529999732971191,12.529999732971191,12.760000228881836,11.520000457763672,11.630000114440918,120200
2023-10-25,11.699999809265137,11.699999809265137,12.529999732971191,11.300000190734863,12.529999732971191,115500
2023-10-26,11.369999885559082,11.369999885559082,11.890000343322754,11.329999923706055,11.5,65000
2023-10-27,11.670000076293945,11.670000076293945,11.720000267028809,11.430000305175781,11.65999984741211,66400
2023-10-30,12.069999694824219,12.069999694824219,12.550000190734863,11.720000267028809,11.890000343322754,146000
2023-10-31,10.670000076293945,10.670000076293945,12.420000076293945,10.0,12.069999694824219,182700
2023-11-01,10.869999885559082,10.869999885559082,11.25,10.180000305175781,10.75,104500
2023-11-02,10.539999961853027,10.539999961853027,11.0600004196167,10.4399995803833,11.029999732971191,45800
2023-11-03,10.640000343322754,10.640000343322754,10.6899995803833,10.15999984741211,10.619999885559082,61600
2023-11-06,11.65999984741211,11.65999984741211,12.069999694824219,10.6899995803833,10.6899995803833,118300
2023-11-07,12.640000343322754,12.640000343322754,13.149999618530273,11.65999984741211,11.720000267028809,125700
2023-11-08,12.760000228881836,12.760000228881836,13.699999809265137,12.489999771118164,12.75,158000
2023-11-09,12.15999984741211,12.15999984741211,13.029999732971191,11.9399995803833,12.760000228881836,89600
2023-11-10,12.609999656677246,12.609999656677246,12.670000076293945,12.029999732971191,12.109999656677246,105800
2023-11-13,9.380000114440918,9.380000114440918,12.65999984741211,9.0600004196167,12.649999618530273,850400
2023-11-14,13.0,13.0,13.100000381469727,9.670000076293945,10.380000114440918,653900
2023-11-15,14.600000381469727,14.600000381469727,14.930000305175781,12.300000190734863,13.100000381469727,450700
2023-11-16,14.979999542236328,14.979999542236328,15.449999809265137,14.050000190734863,14.3100004196167,314200
2023-11-17,14.680000305175781,14.680000305175781,15.930000305175781,14.5,15.010000228881836,146100
2023-11-20,15.399999618530273,15.399999618530273,15.680000305175781,14.399999618530273,14.920000076293945,240900
2023-11-21,15.399999618530273,15.399999618530273,15.6899995803833,14.699999809265137,15.399999618530273,117100
2023-11-22,15.470000267028809,15.470000267028809,15.869999885559082,15.220000267028809,15.399999618530273,97600
2023-11-24,17.09000015258789,17.09000015258789,17.329999923706055,15.470000267028809,15.640000343322754,167800
2023-11-27,14.970000267028809,14.970000267028809,16.959999084472656,14.720000267028809,16.219999313354492,283200
2023-11-28,14.399999618530273,14.399999618530273,15.260000228881836,13.710000038146973,15.069999694824219,171000
2023-11-29,14.010000228881836,14.010000228881836,14.600000381469727,13.720000267028809,14.350000381469727,102700
2023-11-30,14.0600004196167,14.0600004196167,14.170000076293945,13.300000190734863,13.899999618530273,75600
2023-12-01,14.890000343322754,14.890000343322754,14.9399995803833,13.789999961853027,13.899999618530273,81300
2023-12-04,14.5,14.5,15.300000190734863,14.220000267028809,14.930000305175781,84000
2023-12-05,14.270000457763672,14.270000457763672,14.5600004196167,14.0600004196167,14.350000381469727,60300
2023-12-06,13.390000343322754,13.390000343322754,14.4399995803833,13.319999694824219,14.40999984741211,90200
2023-12-07,13.260000228881836,13.260000228881836,13.430000305175781,12.6899995803833,13.34000015258789,98100
2023-12-08,12.859999656677246,12.859999656677246,13.699999809265137,12.8100004196167,13.25,43300
2023-12-11,12.479999542236328,12.479999542236328,12.720000267028809,11.949999809265137,12.720000267028809,193800
2023-12-12,12.510000228881836,12.510000228881836,13.09000015258789,12.430000305175781,12.430000305175781,105100
2023-12-13,12.760000228881836,12.760000228881836,13.09000015258789,12.270000457763672,12.449999809265137,69300
2023-12-14,12.699999809265137,12.699999809265137,13.100000381469727,12.350000381469727,12.699999809265137,74700
2023-12-15,12.640000343322754,12.640000343322754,13.069999694824219,12.630000114440918,12.75,35700
2023-12-18,12.0,12.0,12.729999542236328,11.960000038146973,12.449999809265137,57100
2023-12-19,12.869999885559082,12.869999885559082,13.020000457763672,12.359999656677246,12.460000038146973,57200
2023-12-20,12.460000038146973,12.460000038146973,13.100000381469727,12.229999542236328,12.520000457763672,74600
2023-12-21,12.760000228881836,12.760000228881836,12.880000114440918,12.199999809265137,12.460000038146973,43000
2023-12-22,12.800000190734863,12.800000190734863,12.9399995803833,12.550000190734863,12.710000038146973,61300
2023-12-26,13.329999923706055,13.329999923706055,13.739999771118164,12.699999809265137,12.699999809265137,77800
2023-12-27,13.6899995803833,13.6899995803833,13.699999809265137,12.770000457763672,13.300000190734863,46800
2023-12-28,13.350000381469727,13.350000381469727,13.880000114440918,13.15999984741211,13.699999809265137,30100
2023-12-29,13.40999984741211,13.40999984741211,13.729999542236328,13.170000076293945,13.350000381469727,37400
2024-01-02,13.390000343322754,13.390000343322754,13.680000305175781,12.829999923706055,13.399999618530273,54900
2024-01-03,13.0600004196167,13.0600004196167,13.680000305175781,13.050000190734863,13.140000343322754,37400
2024-01-04,14.369999885559082,14.369999885559082,14.550000190734863,13.149999618530273,13.149999618530273,90400
2024-01-05,14.329999923706055,14.329999923706055,14.6899995803833,14.010000228881836,14.529999732971191,64600
2024-01-08,14.25,14.25,14.520000457763672,13.819999694824219,14.399999618530273,50400
2024-01-09,13.729999542236328,13.729999542236328,14.25,13.729999542236328,14.0,26200
2024-01-10,13.729999542236328,13.729999542236328,13.8100004196167,13.5,13.770000457763672,27400
2024-01-11,14.420000076293945,14.420000076293945,14.710000038146973,13.819999694824219,13.829999923706055,53300
2024-01-12,14.09000015258789,14.09000015258789,14.9399995803833,13.970000267028809,14.390000343322754,48100
2024-01-16,13.130000114440918,13.130000114440918,13.90999984741211,12.680000305175781,13.90999984741211,98100
2024-01-17,13.779999732971191,13.779999732971191,13.880000114440918,12.869999885559082,12.880000114440918,56100
2024-01-18,14.079999923706055,14.079999923706055,14.149999618530273,13.539999961853027,13.949999809265137,35000
2024-01-19,14.15999984741211,14.15999984741211,14.460000038146973,14.09000015258789,14.170000076293945,24100
2024-01-22,13.619999885559082,13.619999885559082,14.40999984741211,13.020000457763672,14.130000114440918,76000
2024-01-23,13.210000038146973,13.210000038146973,13.829999923706055,12.979999542236328,13.829999923706055,44100
2024-01-24,13.149999618530273,13.149999618530273,13.550000190734863,12.9399995803833,13.550000190734863,36600
2024-01-25,13.079999923706055,13.079999923706055,13.210000038146973,12.739999771118164,13.210000038146973,36200
2024-01-26,12.989999771118164,12.989999771118164,13.130000114440918,12.75,13.079999923706055,22300
2024-01-29,12.619999885559082,12.619999885559082,13.079999923706055,12.380000114440918,13.020000457763672,52000
2024-01-30,12.09000015258789,12.09000015258789,12.630000114440918,11.640000343322754,12.630000114440918,98000
2024-01-31,12.449999809265137,12.449999809265137,12.890000343322754,12.119999885559082,12.119999885559082,61300
2024-02-01,12.619999885559082,12.619999885559082,12.630000114440918,12.210000038146973,12.210000038146973,30300
2024-02-02,12.520000457763672,12.520000457763672,12.75,12.319999694824219,12.539999961853027,30300
2024-02-05,12.40999984741211,12.40999984741211,12.729999542236328,12.329999923706055,12.380000114440918,39500
2024-02-06,11.8100004196167,11.8100004196167,12.510000228881836,11.279999732971191,12.369999885559082,48600
2024-02-07,11.279999732971191,11.279999732971191,11.770000457763672,11.239999771118164,11.770000457763672,41400
2024-02-08,11.760000228881836,11.760000228881836,11.949999809265137,11.199999809265137,11.239999771118164,64300
2024-02-09,11.369999885559082,11.369999885559082,11.869999885559082,11.239999771118164,11.859999656677246,40400
2024-02-12,11.210000038146973,11.210000038146973,12.239999771118164,11.119999885559082,11.479999542236328,89300
2024-02-13,11.15999984741211,11.15999984741211,11.649999618530273,11.050000190734863,11.0600004196167,47500
2024-02-14,11.260000228881836,11.260000228881836,11.369999885559082,11.100000381469727,11.359999656677246,31100
2024-02-15,11.699999809265137,11.699999809265137,11.8100004196167,11.260000228881836,11.270000457763672,27800
2024-02-16,11.430000305175781,11.430000305175781,11.84000015258789,11.319999694824219,11.699999809265137,25900
2024-02-20,10.399999618530273,10.399999618530273,11.369999885559082,10.010000228881836,11.329999923706055,111900
2024-02-21,10.520000457763672,10.520000457763672,10.6899995803833,10.109999656677246,10.4399995803833,84100
2024-02-22,10.399999618530273,10.399999618530273,10.779999732971191,10.149999618530273,10.449999809265137,47000
2024-02-23,10.510000228881836,10.510000228881836,10.520000457763672,9.930000305175781,10.279999732971191,65900
2024-02-26,12.3100004196167,12.3100004196167,12.640000343322754,10.789999961853027,11.010000228881836,131900
2024-02-27,12.199999809265137,12.199999809265137,12.460000038146973,11.9399995803833,12.329999923706055,70800
2024-02-28,11.720000267028809,11.720000267028809,12.279999732971191,11.670000076293945,12.279999732971191,24400
2024-02-29,12.09000015258789,12.09000015258789,12.220000267028809,11.800000190734863,11.960000038146973,20500
2024-03-01,12.319999694824219,12.319999694824219,12.6899995803833,12.0600004196167,12.229999542236328,31300
2024-03-04,12.270000457763672,12.270000457763672,12.489999771118164,12.020000457763672,12.489999771118164,24100
2024-03-05,12.170000076293945,12.170000076293945,12.489999771118164,12.079999923706055,12.180000305175781,20200
2024-03-06,11.920000076293945,11.920000076293945,12.170000076293945,11.699999809265137,12.170000076293945,33200
2024-03-07,11.619999885559082,11.619999885559082,12.210000038146973,11.430000305175781,11.920000076293945,29800
2024-03-08,11.5600004196167,11.5600004196167,11.880000114440918,11.229999542236328,11.600000381469727,14100
2024-03-11,10.699999809265137,10.699999809265137,11.5,10.609999656677246,11.420000076293945,48600
2024-03-12,11.039999961853027,11.039999961853027,11.539999961853027,10.850000381469727,10.850000381469727,66300
2024-03-13,11.15999984741211,11.15999984741211,11.359999656677246,10.899999618530273,11.149999618530273,32200
2024-03-14,11.229999542236328,11.229999542236328,11.369999885559082,10.859999656677246,11.180000305175781,17400
2024-03-15,10.989999771118164,10.989999771118164,11.5,10.970000267028809,11.329999923706055,32000
2024-03-18,10.609999656677246,10.609999656677246,11.229999542236328,10.510000228881836,11.229999542236328,68500
2024-03-19,10.890000343322754,10.890000343322754,11.449999809265137,10.520000457763672,10.520000457763672,34500
2024-03-20,13.579999923706055,13.579999923706055,13.579999923706055,11.859999656677246,11.949999809265137,226800
2024-03-21,14.760000228881836,14.760000228881836,15.470000267028809,13.739999771118164,13.859999656677246,175400
2024-03-22,16.489999771118164,16.489999771118164,16.8799991607666,15.199999809265137,15.4399995803833,241500
2024-03-25,17.510000228881836,17.510000228881836,18.149999618530273,15.859999656677246,16.65999984741211,262600
2024-03-26,19.15999984741211,19.15999984741211,19.280000686645508,17.65999984741211,17.969999313354492,202300
2024-03-27,19.329999923706055,19.329999923706055,19.610000610351562,18.010000228881836,18.110000610351562,222800
2024-03-28,17.219999313354492,17.219999313354492,19.5,17.030000686645508,19.049999237060547,246600
2024-04-01,18.899999618530273,18.899999618530273,19.290000915527344,17.209999084472656,17.209999084472656,145700
2024-04-02,18.549999237060547,18.549999237060547,18.670000076293945,17.360000610351562,18.489999771118164,135800
2024-04-03,18.979999542236328,18.979999542236328,19.5,18.270000457763672,18.469999313354492,108600
2024-04-04,18.440000534057617,18.440000534057617,19.350000381469727,18.40999984741211,19.010000228881836,79100
2024-04-05,20.3700008392334,20.3700008392334,20.549999237060547,19.110000610351562,19.139999389648438,220500
2024-04-08,20.149999618530273,20.149999618530273,20.760000228881836,19.299999237060547,20.399999618530273,173000
2024-04-09,21.389999389648438,21.389999389648438,23.309999465942383,19.81999969482422,20.170000076293945,589800
2024-04-10,21.219999313354492,21.219999313354492,21.760000228881836,20.31999969482422,21.389999389648438,184900
2024-04-11,21.020000457763672,21.020000457763672,22.139999389648438,20.700000762939453,21.219999313354492,115200
2024-04-12,20.68000030517578,20.68000030517578,21.979999542236328,20.5,21.020000457763672,105500
2024-04-15,20.219999313354492,20.219999313354492,20.959999084472656,19.90999984741211,20.75,101000
2024-04-16,20.440000534057617,20.440000534057617,20.559999465942383,19.530000686645508,20.049999237060547,82300
2024-04-17,19.989999771118164,19.989999771118164,20.989999771118164,19.790000915527344,20.989999771118164,129000
2024-04-18,19.1200008392334,19.1200008392334,19.729999542236328,18.510000228881836,19.670000076293945,170600
2024-04-19,19.399999618530273,19.399999618530273,19.68000030517578,19.020000457763672,19.020000457763672,77700
2024-04-22,19.899999618530273,19.899999618530273,20.40999984741211,19.020000457763672,19.790000915527344,94300
2024-04-23,20.469999313354492,20.469999313354492,20.639999389648438,19.90999984741211,19.90999984741211,129500
2024-04-24,21.43000030517578,21.43000030517578,22.68000030517578,20.610000610351562,20.780000686645508,165500
2024-04-25,21.489999771118164,21.489999771118164,21.719999313354492,20.209999084472656,21.219999313354492,80200
2024-04-26,24.8700008392334,24.8700008392334,24.950000762939453,21.600000381469727,21.770000457763672,364100
2024-04-29,20.010000228881836,20.010000228881836,25.010000228881836,19.860000610351562,25.0,647400
2024-04-30,20.450000762939453,20.450000762939453,21.329999923706055,19.579999923706055,19.6200008392334,184800
2024-05-01,20.780000686645508,20.780000686645508,21.149999618530273,19.81999969482422,20.389999389648438,95200
2024-05-02,24.0,24.0,24.1299991607666,21.110000610351562,21.40999984741211,273600
2024-05-03,24.350000381469727,24.350000381469727,25.31999969482422,23.739999771118164,24.479999542236328,197400
2024-05-06,24.6299991607666,24.6299991607666,27.450000762939453,24.329999923706055,25.440000534057617,345400
2024-05-07,25.75,25.75,26.1200008392334,23.860000610351562,24.6299991607666,191900
2024-05-08,25.600000381469727,25.600000381469727,26.520000457763672,25.0,26.010000228881836,161400
2024-05-09,27.309999465942383,27.309999465942383,28.3799991607666,25.739999771118164,25.75,257000
2024-05-10,26.899999618530273,26.899999618530273,28.610000610351562,26.18000030517578,27.899999618530273,215700
2024-05-13,26.770000457763672,26.770000457763672,28.100000381469727,25.450000762939453,27.0,200200
2024-05-14,24.469999313354492,24.469999313354492,26.18000030517578,22.010000228881836,25.399999618530273,332300
2024-05-15,23.059999465942383,23.059999465942383,24.860000610351562,22.360000610351562,24.809999465942383,410000
2024-05-16,19.209999084472656,19.209999084472656,23.0,19.15999984741211,23.0,408100
2024-05-17,18.43000030517578,18.43000030517578,20.239999771118164,18.09000015258789,19.190000534057617,274300
2024-05-20,16.899999618530273,16.899999618530273,18.06999969482422,16.559999465942383,18.020000457763672,419400
2024-05-21,17.229999542236328,17.229999542236328,17.739999771118164,16.579999923706055,17.010000228881836,197900
2024-05-22,15.300000190734863,15.300000190734863,17.290000915527344,15.0600004196167,17.1299991607666,261000
2024-05-23,15.149999618530273,15.149999618530273,15.510000228881836,14.75,15.149999618530273,168400
2024-05-24,15.479999542236328,15.479999542236328,15.670000076293945,14.90999984741211,15.09000015258789,151600
2024-05-28,15.25,15.25,16.040000915527344,14.850000381469727,15.729999542236328,268900
2024-05-29,15.1899995803833,15.1899995803833,15.569999694824219,14.600000381469727,14.869999885559082,122600
2024-05-30,15.680000305175781,15.680000305175781,16.979999542236328,15.670000076293945,16.010000228881836,276800
2024-05-31,15.359999656677246,15.359999656677246,15.899999618530273,15.039999961853027,15.619999885559082,195400
2024-06-03,13.430000305175781,13.430000305175781,14.100000381469727,12.819999694824219,14.010000228881836,538000
2024-06-04,13.670000076293945,13.670000076293945,13.850000381469727,13.0600004196167,13.0600004196167,267400
2024-06-05,12.9399995803833,12.9399995803833,13.779999732971191,12.880000114440918,13.779999732971191,175500
2024-06-06,12.699999809265137,12.699999809265137,13.180000305175781,12.630000114440918,12.890000343322754,169100
2024-06-07,13.119999885559082,13.119999885559082,13.1899995803833,12.630000114440918,12.65999984741211,222200
2024-06-10,13.029999732971191,13.029999732971191,13.359999656677246,12.510000228881836,13.119999885559082,233500
2024-06-11,12.800000190734863,12.800000190734863,13.170000076293945,12.739999771118164,12.90999984741211,136000
2024-06-12,12.550000190734863,12.550000190734863,13.199999809265137,12.510000228881836,13.100000381469727,121000
2024-06-13,12.770000457763672,12.770000457763672,12.770000457763672,12.25,12.510000228881836,105300
2024-06-14,12.1899995803833,12.1899995803833,12.84000015258789,12.069999694824219,12.699999809265137,149900
2024-06-17,12.899999618530273,12.899999618530273,12.949999809265137,12.130000114440918,12.1899995803833,126400
2024-06-18,13.09000015258789,13.09000015258789,13.600000381469727,12.869999885559082,12.970000267028809,204800
2024-06-20,12.4399995803833,12.4399995803833,13.430000305175781,12.199999809265137,12.869999885559082,210600
2024-06-21,12.369999885559082,12.369999885559082,12.529999732971191,11.90999984741211,12.420000076293945,142800
2024-06-24,12.600000381469727,12.600000381469727,12.819999694824219,12.369999885559082,12.369999885559082,113100
2024-06-25,12.649999618530273,12.649999618530273,12.729999542236328,12.34000015258789,12.569999694824219,147100
2024-06-26,13.010000228881836,13.010000228881836,13.199999809265137,12.399999618530273,12.649999618530273,194400
2024-06-27,12.510000228881836,12.510000228881836,13.380000114440918,12.399999618530273,13.0,212400
2024-06-28,12.770000457763672,12.770000457763672,12.989999771118164,12.5,12.779999732971191,664500
2024-07-01,12.300000190734863,12.300000190734863,12.770000457763672,12.100000381469727,12.699999809265137,187400
2024-07-02,12.600000381469727,12.600000381469727,12.779999732971191,12.010000228881836,12.399999618530273,189400
2024-07-03,12.359999656677246,12.359999656677246,12.75,12.319999694824219,12.529999732971191,61300
2024-07-05,12.3100004196167,12.3100004196167,12.470000267028809,12.130000114440918,12.470000267028809,93300
2024-07-08,12.260000228881836,12.260000228881836,12.470000267028809,12.149999618530273,12.239999771118164,104000
2024-07-09,11.920000076293945,11.920000076293945,12.329999923706055,11.819999694824219,12.25,107400
2024-07-10,11.960000038146973,11.960000038146973,12.020000457763672,11.789999961853027,11.930000305175781,83700
2024-07-11,11.800000190734863,11.800000190734863,12.220000267028809,11.640000343322754,12.109999656677246,144300
2024-07-12,11.949999809265137,11.949999809265137,12.359999656677246,11.8100004196167,11.90999984741211,98200
2024-07-15,11.9399995803833,11.9399995803833,12.319999694824219,11.90999984741211,12.039999961853027,98500
2024-07-16,12.710000038146973,12.710000038146973,12.829999923706055,11.800000190734863,11.920000076293945,151000
2024-07-17,13.029999732971191,13.029999732971191,13.100000381469727,12.520000457763672,12.5600004196167,149600
2024-07-18,12.260000228881836,12.260000228881836,13.069999694824219,12.15999984741211,12.970000267028809,148000
2024-07-19,12.149999618530273,12.149999618530273,12.350000381469727,11.930000305175781,12.210000038146973,82300
2024-07-22,12.600000381469727,12.600000381469727,12.649999618530273,12.020000457763672,12.119999885559082,145400
2024-07-23,12.630000114440918,12.630000114440918,12.739999771118164,12.460000038146973,12.579999923706055,162800
2024-07-24,12.010000228881836,12.010000228881836,12.979999542236328,11.960000038146973,12.630000114440918,115400
2024-07-25,11.729999542236328,11.729999542236328,12.119999885559082,11.649999618530273,11.9399995803833,101600
2024-07-26,12.079999923706055,12.079999923706055,12.199999809265137,11.630000114440918,11.800000190734863,101800
2024-07-29,11.829999923706055,11.829999923706055,12.1899995803833,11.579999923706055,12.079999923706055,64700
2024-07-30,11.930000305175781,11.930000305175781,11.930000305175781,11.739999771118164,11.899999618530273,95600
2024-07-31,12.329999923706055,12.329999923706055,12.550000190734863,11.930000305175781,11.930000305175781,117100
2024-08-01,11.770000457763672,11.770000457763672,12.479999542236328,11.670000076293945,12.279999732971191,123500
2024-08-02,11.050000190734863,11.050000190734863,11.569999694824219,11.050000190734863,11.470000267028809,93000
2024-08-05,10.859999656677246,10.859999656677246,10.9399995803833,10.0600004196167,10.359999656677246,125800
2024-08-06,10.800000190734863,10.800000190734863,11.079999923706055,10.529999732971191,10.850000381469727,90100
2024-08-07,11.270000457763672,11.270000457763672,11.460000038146973,10.949999809265137,11.039999961853027,96000
2024-08-08,11.34000015258789,11.34000015258789,11.65999984741211,11.289999961853027,11.3100004196167,80900
2024-08-09,11.369999885559082,11.369999885559082,11.460000038146973,11.140000343322754,11.289999961853027,64300
2024-08-12,11.210000038146973,11.210000038146973,11.369999885559082,11.079999923706055,11.359999656677246,112500
2024-08-13,16.65999984741211,16.65999984741211,16.959999084472656,13.670000076293945,13.770000457763672,1262700
2024-08-14,17.799999237060547,17.799999237060547,18.170000076293945,16.520000457763672,16.899999618530273,456200
2024-08-15,19.0,19.0,19.049999237060547,17.899999618530273,17.93000030517578,286300
2024-08-16,18.6200008392334,18.6200008392334,19.469999313354492,18.31999969482422,19.239999771118164,333100
2024-08-19,19.799999237060547,19.799999237060547,20.139999389648438,18.3799991607666,18.700000762939453,208100
2024-08-20,19.030000686645508,19.030000686645508,20.479999542236328,18.440000534057617,20.110000610351562,237400
2024-08-21,19.149999618530273,19.149999618530273,19.3799991607666,18.850000381469727,19.219999313354492,107600
2024-08-22,18.56999969482422,18.56999969482422,19.450000762939453,18.399999618530273,19.31999969482422,83300
2024-08-23,19.260000228881836,19.260000228881836,19.280000686645508,18.600000381469727,18.84000015258789,81900
2024-08-26,18.670000076293945,18.670000076293945,19.280000686645508,18.670000076293945,19.18000030517578,87600
2024-08-27,19.049999237060547,19.049999237060547,19.219999313354492,18.549999237060547,18.549999237060547,96100
2024-08-28,18.479999542236328,18.479999542236328,19.700000762939453,18.440000534057617,19.010000228881836,86200
2024-08-29,18.790000915527344,18.790000915527344,18.799999237060547,17.81999969482422,18.450000762939453,141900
2024-08-30,19.18000030517578,19.18000030517578,19.350000381469727,18.770000457763672,18.790000915527344,109600
2024-09-03,20.09000015258789,20.09000015258789,20.149999618530273,18.920000076293945,19.40999984741211,200500
2024-09-04,19.969999313354492,19.969999313354492,21.219999313354492,19.739999771118164,20.209999084472656,173400
2024-09-05,20.90999984741211,20.90999984741211,21.229999542236328,20.010000228881836,20.239999771118164,173700
2024-09-06,20.540000915527344,20.540000915527344,21.329999923706055,19.8799991607666,21.079999923706055,156600
2024-09-09,21.799999237060547,21.799999237060547,22.3700008392334,20.34000015258789,20.790000915527344,176900
2024-09-10,20.59000015258789,20.59000015258789,22.0,19.600000381469727,21.799999237060547,212200
2024-09-11,21.270000457763672,21.270000457763672,21.309999465942383,20.299999237060547,20.59000015258789,89600
2024-09-12,20.889999389648438,20.889999389648438,21.6299991607666,20.459999084472656,21.399999618530273,115500
2024-09-13,21.81999969482422,21.81999969482422,21.959999084472656,20.850000381469727,20.93000030517578,108100
2024-09-16,21.969999313354492,21.969999313354492,22.239999771118164,21.209999084472656,21.899999618530273,91200
2024-09-17,22.309999465942383,22.309999465942383,23.15999984741211,21.809999465942383,22.0,111000
2024-09-18,22.1299991607666,22.1299991607666,22.68000030517578,21.920000076293945,22.270000457763672,61400
2024-09-19,21.799999237060547,21.799999237060547,22.6200008392334,21.399999618530273,22.6200008392334,113200
2024-09-20,21.239999771118164,21.239999771118164,21.719999313354492,21.100000381469727,21.719999313354492,93200
2024-09-23,21.5,21.5,21.670000076293945,20.719999313354492,21.010000228881836,178000
2024-09-24,26.56999969482422,26.56999969482422,27.290000915527344,24.899999618530273,24.950000762939453,1064100
2024-09-25,26.299999237060547,26.299999237060547,26.56999969482422,25.950000762939453,26.420000076293945,232600
2024-09-26,26.270000457763672,26.270000457763672,26.639999389648438,26.0,26.299999237060547,166500
2024-09-27,25.969999313354492,25.969999313354492,26.65999984741211,25.93000030517578,26.479999542236328,224100
2024-09-30,25.920000076293945,25.920000076293945,26.540000915527344,25.6200008392334,25.6200008392334,308100
2024-10-01,26.139999389648438,26.139999389648438,26.34000015258789,25.649999618530273,25.850000381469727,241800
2024-10-02,26.309999465942383,26.309999465942383,26.420000076293945,25.959999084472656,25.959999084472656,156600
2024-10-03,26.290000915527344,26.290000915527344,26.700000762939453,26.0,26.149999618530273,126400
2024-10-04,26.489999771118164,26.489999771118164,26.68000030517578,25.899999618530273,26.260000228881836,91400
2024-10-07,26.399999618530273,26.399999618530273,26.489999771118164,26.100000381469727,26.399999618530273,78900
2024-10-08,26.31999969482422,26.31999969482422,26.610000610351562,26.200000762939453,26.5,52200
2024-10-09,26.479999542236328,26.479999542236328,27.06999969482422,26.31999969482422,26.31999969482422,130000
2024-10-10,26.6299991607666,26.6299991607666,26.6299991607666,26.200000762939453,26.450000762939453,42100
2024-10-11,26.6299991607666,26.6299991607666,26.809999465942383,26.520000457763672,26.649999618530273,64700
2024-10-14,26.579999923706055,26.579999923706055,26.90999984741211,26.540000915527344,26.81999969482422,46600
2024-10-15,26.389999389648438,26.389999389648438,26.6299991607666,26.030000686645508,26.399999618530273,61600
2024-10-16,26.729999542236328,26.729999542236328,26.799999237060547,26.25,26.43000030517578,76800
2024-10-17,26.489999771118164,26.489999771118164,27.0,26.299999237060547,26.799999237060547,46400
2024-10-18,26.399999618530273,26.399999618530273,26.65999984741211,26.25,26.549999237060547,67600
2024-10-21,26.6200008392334,26.6200008392334,26.649999618530273,26.1200008392334,26.399999618530273,71100
2024-10-22,26.479999542236328,26.479999542236328,26.850000381469727,26.34000015258789,26.6200008392334,31300
2024-10-23,26.549999237060547,26.549999237060547,26.709999084472656,26.25,26.399999618530273,80800
2024-10-24,26.510000228881836,26.510000228881836,26.780000686645508,26.260000228881836,26.649999618530273,50700
2024-10-25,26.299999237060547,26.299999237060547,26.729999542236328,25.809999465942383,26.729999542236328,106100
2024-10-28,26.3700008392334,26.3700008392334,26.780000686645508,26.190000534057617,26.31999969482422,48000
2024-10-29,26.399999618530273,26.399999618530273,26.579999923706055,25.8799991607666,26.219999313354492,45300
2024-10-30,26.56999969482422,26.56999969482422,26.770000457763672,26.280000686645508,26.40999984741211,78200
2024-10-31,26.610000610351562,26.610000610351562,26.739999771118164,26.25,26.520000457763672,45200
2024-11-01,26.06999969482422,26.06999969482422,26.790000915527344,25.739999771118164,26.780000686645508,96500
2024-11-04,24.75,24.75,25.940000534057617,23.700000762939453,25.920000076293945,104400
2024-11-05,24.84000015258789,24.84000015258789,25.110000610351562,23.760000228881836,24.0,153100
2024-11-06,25.81999969482422,25.81999969482422,26.93000030517578,25.329999923706055,26.93000030517578,124200
2024-11-07,25.0,25.0,26.049999237060547,24.780000686645508,25.75,143900
2024-11-08,23.059999465942383,23.059999465942383,25.219999313354492,22.969999313354492,24.780000686645508,94600
2024-11-11,24.18000030517578,24.18000030517578,24.290000915527344,22.530000686645508,22.549999237060547,114200
2024-11-12,24.149999618530273,24.149999618530273,24.6299991607666,23.3799991607666,24.229999542236328,139600
2024-11-13,23.389999389648438,23.389999389648438,24.149999618530273,23.200000762939453,24.149999618530273,102500
2024-11-14,22.389999389648438,22.389999389648438,23.149999618530273,20.5,22.100000381469727,207900
2024-11-15,23.559999465942383,23.559999465942383,24.979999542236328,23.399999618530273,23.899999618530273,289900
2024-11-18,24.43000030517578,24.43000030517578,25.139999389648438,24.31999969482422,24.739999771118164,183200
2024-11-19,25.34000015258789,25.34000015258789,25.600000381469727,24.389999389648438,24.43000030517578,98600
2024-11-20,24.010000228881836,24.010000228881836,25.139999389648438,23.579999923706055,25.100000381469727,140300
2024-11-21,24.18000030517578,24.18000030517578,24.440000534057617,23.729999542236328,23.729999542236328,67900
2024-11-22,24.260000228881836,24.260000228881836,25.030000686645508,24.010000228881836,24.18000030517578,116900
2024-11-25,24.1200008392334,24.1200008392334,24.350000381469727,23.510000228881836,24.260000228881836,85800
2024-11-26,24.56999969482422,24.56999969482422,25.559999465942383,24.239999771118164,24.239999771118164,168100
2024-11-27,24.809999465942383,24.809999465942383,25.049999237060547,24.360000610351562,24.56999969482422,44300
2024-11-29,24.450000762939453,24.450000762939453,25.260000228881836,24.34000015258789,25.149999618530273,50100
2024-12-02,24.049999237060547,24.049999237060547,24.600000381469727,23.530000686645508,24.549999237060547,104000
2024-12-03,25.270000457763672,25.270000457763672,25.68000030517578,23.959999084472656,23.959999084472656,141300
2024-12-04,25.040000915527344,25.040000915527344,25.31999969482422,24.0,25.18000030517578,82800
2024-12-05,24.389999389648438,24.389999389648438,24.889999389648438,24.059999465942383,24.780000686645508,116600
2024-12-06,24.610000610351562,24.610000610351562,24.75,24.290000915527344,24.559999465942383,34600
2024-12-09,23.790000915527344,23.790000915527344,24.90999984741211,23.59000015258789,24.5,111700
2024-12-10,23.899999618530273,23.899999618530273,24.31999969482422,23.760000228881836,23.799999237060547,40700
2024-12-11,24.399999618530273,24.399999618530273,24.610000610351562,24.010000228881836,24.239999771118164,26100
2024-12-12,24.190000534057617,24.190000534057617,24.75,24.18000030517578,24.229999542236328,34700
2024-12-13,24.450000762939453,24.450000762939453,24.8700008392334,24.200000762939453,24.3799991607666,64000
