Date,Adj Close,Close,High,Low,Open,Volume
2004-04-06,4.208837032318115,45.0,46.31999969482422,45.0,46.22999954223633,5615467
2004-04-07,4.208837032318115,45.0,45.689998626708984,45.0,45.09000015258789,929000
2004-04-08,4.278982639312744,45.75,45.869998931884766,45.150001525878906,45.2400016784668,428600
2004-04-12,4.262146472930908,45.56999969482422,45.75,45.09000015258789,45.75,322100
2004-04-13,4.220056533813477,45.119998931884766,45.720001220703125,45.0,45.720001220703125,1261900
2004-04-14,4.0853753089904785,43.68000030517578,45.150001525878906,43.349998474121094,45.150001525878906,601433
2004-04-15,4.105016708374023,43.88999938964844,44.63999938964844,43.290000915527344,44.61000061035156,99133
2004-04-16,4.051703929901123,43.31999969482422,44.54999923706055,43.16999816894531,43.91999816894531,151467
2004-04-19,3.970334529876709,42.45000076293945,43.7400016784668,42.150001525878906,43.7400016784668,251533
2004-04-20,3.9787518978118896,42.540000915527344,43.20000076293945,42.27000045776367,42.540000915527344,140933
2004-04-21,3.9843645095825195,42.599998474121094,43.04999923706055,41.81999969482422,42.47999954223633,248833
2004-04-22,4.054511070251465,43.349998474121094,43.349998474121094,42.150001525878906,42.45000076293945,212500
2004-04-23,3.9955878257751465,42.720001220703125,43.380001068115234,42.599998474121094,43.22999954223633,28967
2004-04-26,3.928245782852173,42.0,42.65999984741211,41.790000915527344,42.65999984741211,209200
2004-04-27,3.8103978633880615,40.7400016784668,41.81999969482422,39.18000030517578,41.81999969482422,561267
2004-04-28,3.8272342681884766,40.91999816894531,41.400001525878906,40.349998474121094,40.7400016784668,438767
2004-04-29,3.872128486633301,41.400001525878906,42.09000015258789,40.650001525878906,41.25,558700
2004-04-30,3.858098268508911,41.25,41.52000045776367,40.650001525878906,41.099998474121094,371100
2004-05-03,3.8103978633880615,40.7400016784668,41.25,40.349998474121094,41.25,114467
2004-05-04,3.7991743087768555,40.619998931884766,41.130001068115234,40.349998474121094,40.95000076293945,78700
2004-05-05,3.782339334487915,40.439998626708984,40.77000045776367,40.22999954223633,40.5,218700
2004-05-06,3.80478572845459,40.68000030517578,40.95000076293945,40.08000183105469,40.470001220703125,291300
2004-05-07,3.7178049087524414,39.75,40.68000030517578,39.29999923706055,40.2599983215332,337500
2004-05-10,3.599957227706909,38.4900016784668,39.900001525878906,38.040000915527344,39.900001525878906,434900
2004-05-11,3.6701040267944336,39.2400016784668,39.540000915527344,38.70000076293945,39.150001525878906,215667
2004-05-12,3.647657632827759,39.0,39.689998626708984,38.54999923706055,39.27000045776367,203700
2004-05-13,3.6308200359344482,38.81999969482422,39.29999923706055,38.400001525878906,38.90999984741211,133933
2004-05-14,3.6701040267944336,39.2400016784668,39.5099983215332,38.400001525878906,38.54999923706055,189633
2004-05-17,3.6280157566070557,38.790000915527344,39.29999923706055,38.43000030517578,39.150001525878906,205633
2004-05-18,3.686938762664795,39.41999816894531,39.56999969482422,38.400001525878906,38.849998474121094,187033
2004-05-19,3.675718069076538,39.29999923706055,40.77000045776367,39.0,39.45000076293945,199433
2004-05-20,3.667297840118408,39.209999084472656,39.900001525878906,39.150001525878906,39.18000030517578,76367
2004-05-21,3.692551374435425,39.47999954223633,39.720001220703125,39.0,39.36000061035156,127233
2004-05-24,3.647657632827759,39.0,39.869998931884766,38.63999938964844,39.75,263867
2004-05-25,3.6336252689361572,38.849998474121094,39.33000183105469,38.4900016784668,39.150001525878906,295867
2004-05-26,3.714998722076416,39.720001220703125,40.08000183105469,38.880001068115234,39.0,134733
2004-05-27,3.7767279148101807,40.380001068115234,40.470001220703125,39.5099983215332,39.56999969482422,136700
2004-05-28,3.740253448486328,39.9900016784668,40.5,39.9900016784668,40.349998474121094,72967
2004-06-01,3.7683122158050537,40.290000915527344,40.5,39.45000076293945,40.470001220703125,120167
2004-06-02,3.787952184677124,40.5,40.5,39.959999084472656,40.349998474121094,55700
2004-06-03,3.7598934173583984,40.20000076293945,40.5,39.9900016784668,40.5,100933
2004-06-04,3.787952184677124,40.5,40.529998779296875,40.08000183105469,40.349998474121094,88900
2004-06-07,3.7935631275177,40.560001373291016,40.650001525878906,40.31999969482422,40.619998931884766,106933
2004-06-08,3.785146474838257,40.470001220703125,40.529998779296875,40.13999938964844,40.5,76900
2004-06-09,3.7795333862304688,40.40999984741211,40.709999084472656,40.04999923706055,40.5,38900
2004-06-10,3.7683122158050537,40.290000915527344,40.5,39.869998931884766,40.40999984741211,44000
2004-06-14,3.703773021697998,39.599998474121094,40.13999938964844,39.2400016784668,39.75,84100
2004-06-15,3.7655045986175537,40.2599983215332,40.2599983215332,39.599998474121094,40.13999938964844,47867
2004-06-16,3.720611572265625,39.779998779296875,40.5,39.779998779296875,40.290000915527344,91500
2004-06-17,3.6813275814056396,39.36000061035156,40.11000061035156,39.29999923706055,39.810001373291016,116067
2004-06-18,3.731834888458252,39.900001525878906,39.93000030517578,39.029998779296875,39.720001220703125,204033
2004-06-21,3.7290284633636475,39.869998931884766,39.93000030517578,39.45000076293945,39.599998474121094,109267
2004-06-22,3.787952184677124,40.5,40.68000030517578,39.869998931884766,39.900001525878906,104800
2004-06-23,3.8665168285369873,41.34000015258789,41.849998474121094,39.93000030517578,40.5,176067
2004-06-24,3.787952184677124,40.5,41.400001525878906,40.20000076293945,41.279998779296875,120000
2004-06-25,3.858098268508911,41.25,42.0,39.869998931884766,40.529998779296875,1859200
2004-06-28,3.782339334487915,40.439998626708984,41.25,39.75,40.95000076293945,202967
2004-06-29,3.8440685272216797,41.099998474121094,41.25,39.93000030517578,40.16999816894531,185633
2004-06-30,3.8637096881866455,41.310001373291016,41.400001525878906,40.77000045776367,41.099998474121094,149033
2004-07-01,3.762697696685791,40.22999954223633,41.34000015258789,40.22999954223633,41.34000015258789,130700
2004-07-02,3.7739217281341553,40.349998474121094,40.529998779296875,40.02000045776367,40.470001220703125,38733
2004-07-06,3.7486681938171387,40.08000183105469,40.439998626708984,39.900001525878906,40.349998474121094,106967
2004-07-07,3.762697696685791,40.22999954223633,40.5,39.900001525878906,40.290000915527344,66000
2004-07-08,3.664491891860962,39.18000030517578,40.20000076293945,39.18000030517578,40.11000061035156,187800
2004-07-09,3.731834888458252,39.900001525878906,40.2599983215332,39.36000061035156,39.810001373291016,105833
2004-07-12,3.757086992263794,40.16999816894531,40.5,39.630001068115234,39.75,156333
2004-07-13,3.762697696685791,40.22999954223633,40.5,39.84000015258789,40.5,61467
2004-07-14,3.706580400466919,39.630001068115234,40.22999954223633,39.630001068115234,39.93000030517578,101133
2004-07-15,3.731834888458252,39.900001525878906,40.349998474121094,39.720001220703125,39.75,85000
2004-07-16,3.675718069076538,39.29999923706055,40.16999816894531,39.209999084472656,39.720001220703125,144033
2004-07-19,3.8188159465789795,40.83000183105469,41.880001068115234,40.5,41.0099983215332,454500
2004-07-20,3.858098268508911,41.25,41.63999938964844,40.650001525878906,41.25,203200
2004-07-21,3.80478572845459,40.68000030517578,41.970001220703125,40.650001525878906,41.72999954223633,276933
2004-07-22,3.8272342681884766,40.91999816894531,41.54999923706055,40.650001525878906,40.650001525878906,210667
2004-07-23,3.790757417678833,40.529998779296875,41.61000061035156,40.529998779296875,41.220001220703125,137633
2004-07-26,3.7655045986175537,40.2599983215332,41.400001525878906,40.20000076293945,41.25,206400
2004-07-27,3.787952184677124,40.5,40.77000045776367,40.31999969482422,40.31999969482422,158567
2004-07-28,3.8300392627716064,40.95000076293945,41.220001220703125,40.2599983215332,40.2599983215332,101633
2004-07-29,3.824428081512451,40.88999938964844,41.34000015258789,40.529998779296875,41.34000015258789,90267
2004-07-30,3.824428081512451,40.88999938964844,41.130001068115234,40.560001373291016,40.79999923706055,51700
2004-08-02,3.8440685272216797,41.099998474121094,41.400001525878906,40.95000076293945,41.25,107267
2004-08-03,3.8216230869293213,40.86000061035156,41.25,40.68000030517578,41.25,66767
2004-08-04,3.790757417678833,40.529998779296875,41.189998626708984,40.5,40.83000183105469,74000
2004-08-05,3.787952184677124,40.5,40.95000076293945,40.470001220703125,40.95000076293945,88067
2004-08-06,3.712193250656128,39.689998626708984,40.650001525878906,39.630001068115234,40.2599983215332,183367
2004-08-09,3.689744234085083,39.45000076293945,40.04999923706055,39.45000076293945,40.02000045776367,145100
2004-08-10,3.7514760494232178,40.11000061035156,40.20000076293945,39.75,39.93000030517578,149833
2004-08-11,3.675718069076538,39.29999923706055,40.290000915527344,39.29999923706055,40.16999816894531,196000
2004-08-12,3.6841354370117188,39.38999938964844,39.869998931884766,39.29999923706055,39.75,107533
2004-08-13,3.689744234085083,39.45000076293945,39.779998779296875,39.29999923706055,39.720001220703125,83800
2004-08-16,3.73744535446167,39.959999084472656,40.04999923706055,39.65999984741211,39.93000030517578,72267
2004-08-17,3.689744234085083,39.45000076293945,40.2599983215332,39.38999938964844,40.13999938964844,70833
2004-08-18,3.7093873023986816,39.65999984741211,39.869998931884766,39.41999816894531,39.869998931884766,90200
2004-08-19,3.6981630325317383,39.540000915527344,39.84000015258789,39.38999938964844,39.599998474121094,141233
2004-08-20,3.7598934173583984,40.20000076293945,40.2599983215332,39.540000915527344,39.720001220703125,48933
2004-08-23,3.8468759059906006,41.130001068115234,41.25,40.560001373291016,40.79999923706055,176400
2004-08-24,3.8973822593688965,41.66999816894531,41.81999969482422,41.0099983215332,41.400001525878906,152433
2004-08-25,3.942276954650879,42.150001525878906,42.810001373291016,41.849998474121094,42.27000045776367,368867
2004-08-26,3.945080518722534,42.18000030517578,42.689998626708984,42.0,42.65999984741211,193600
2004-08-27,3.945080518722534,42.18000030517578,42.720001220703125,41.880001068115234,42.56999969482422,106233
2004-08-30,3.922635078430176,41.939998626708984,42.84000015258789,41.7599983215332,42.84000015258789,79233
2004-08-31,3.9366633892059326,42.09000015258789,42.45000076293945,41.72999954223633,42.2400016784668,60767
2004-09-01,4.018033504486084,42.959999084472656,44.130001068115234,42.0,42.47999954223633,125900
2004-09-02,4.065735816955566,43.470001220703125,43.79999923706055,43.08000183105469,43.349998474121094,165833
2004-09-03,4.088181972503662,43.709999084472656,44.25,43.13999938964844,43.59000015258789,124100
2004-09-07,4.065735816955566,43.470001220703125,44.220001220703125,43.20000076293945,44.220001220703125,98433
2004-09-08,4.020840167999268,42.9900016784668,44.099998474121094,42.9900016784668,43.77000045776367,63867
2004-09-09,3.9787518978118896,42.540000915527344,43.349998474121094,42.29999923706055,43.11000061035156,132833
2004-09-10,3.9843645095825195,42.599998474121094,42.75,42.18000030517578,42.599998474121094,69733
2004-09-13,4.026451587677002,43.04999923706055,43.31999969482422,42.29999923706055,42.900001525878906,110933
2004-09-14,4.009616851806641,42.869998931884766,43.5,42.84000015258789,43.04999923706055,86033
2004-09-15,4.004005432128906,42.810001373291016,43.20000076293945,42.2400016784668,43.04999923706055,156933
2004-09-16,4.0011982917785645,42.779998779296875,42.959999084472656,42.45000076293945,42.900001525878906,101133
2004-09-17,3.9254395961761475,41.970001220703125,43.13999938964844,41.90999984741211,43.11000061035156,220433
2004-09-20,3.922635078430176,41.939998626708984,42.45000076293945,41.939998626708984,42.38999938964844,93033
2004-09-21,3.9521923065185547,42.119998931884766,42.27000045776367,41.81999969482422,42.0,84233
2004-09-22,3.9437453746795654,42.029998779296875,42.33000183105469,41.54999923706055,42.209999084472656,108733
2004-09-23,3.929671287536621,41.880001068115234,42.33000183105469,41.790000915527344,42.150001525878906,61967
2004-09-24,3.9324872493743896,41.90999984741211,42.060001373291016,41.81999969482422,41.81999969482422,51600
2004-09-27,3.898707866668701,41.54999923706055,42.09000015258789,41.54999923706055,41.63999938964844,77333
2004-09-28,3.929671287536621,41.880001068115234,41.90999984741211,41.279998779296875,41.90999984741211,52167
2004-09-29,3.9662654399871826,42.27000045776367,42.27000045776367,41.34000015258789,41.72999954223633,72067
2004-09-30,3.9831554889678955,42.45000076293945,42.45000076293945,41.70000076293945,41.849998474121094,91933
2004-10-01,3.915595769882202,41.72999954223633,42.720001220703125,41.54999923706055,42.029998779296875,207500
2004-10-04,3.9184107780456543,41.7599983215332,42.060001373291016,41.54999923706055,42.060001373291016,63100
2004-10-05,3.909965991973877,41.66999816894531,41.90999984741211,41.4900016784668,41.63999938964844,63367
2004-10-06,3.828333616256714,40.79999923706055,41.66999816894531,40.529998779296875,41.369998931884766,288533
2004-10-07,3.8536667823791504,41.06999969482422,41.400001525878906,40.68000030517578,40.709999084472656,121100
2004-10-08,3.780480146408081,40.290000915527344,41.25,40.290000915527344,40.79999923706055,162533
2004-10-11,3.8564834594726562,41.099998474121094,41.15999984741211,40.2599983215332,40.5,43867
2004-10-12,3.8564834594726562,41.099998474121094,41.15999984741211,40.68000030517578,41.15999984741211,53633
2004-10-13,3.8227035999298096,40.7400016784668,41.369998931884766,40.7400016784668,41.369998931884766,61133
2004-10-14,3.8001842498779297,40.5,41.15999984741211,40.31999969482422,40.619998931884766,75033
2004-10-15,3.819887638092041,40.709999084472656,41.130001068115234,40.380001068115234,40.68000030517578,40367
2004-10-18,3.8311471939086914,40.83000183105469,41.15999984741211,40.59000015258789,40.59000015258789,55067
2004-10-19,3.8564834594726562,41.099998474121094,41.15999984741211,40.529998779296875,40.97999954223633,84900
2004-10-20,3.828333616256714,40.79999923706055,41.25,40.529998779296875,40.7400016784668,48033
2004-10-21,3.8311471939086914,40.83000183105469,41.040000915527344,40.560001373291016,40.79999923706055,82067
2004-10-22,3.8001842498779297,40.5,40.95000076293945,40.5,40.709999084472656,91900
2004-10-25,3.8255186080932617,40.77000045776367,40.91999816894531,40.5,40.560001373291016,67200
2004-10-26,3.81144380569458,40.619998931884766,40.91999816894531,40.20000076293945,40.560001373291016,103300
2004-10-27,3.8227035999298096,40.7400016784668,40.83000183105469,40.2599983215332,40.5,58767
2004-10-28,3.791740894317627,40.40999984741211,40.83000183105469,40.16999816894531,40.83000183105469,84167
2004-10-29,3.828333616256714,40.79999923706055,41.099998474121094,40.08000183105469,40.08000183105469,133500
2004-11-01,3.864926815032959,41.189998626708984,41.25,40.560001373291016,40.83000183105469,66367
2004-11-02,3.873372793197632,41.279998779296875,41.34000015258789,40.77000045776367,41.34000015258789,86033
2004-11-03,3.92122745513916,41.790000915527344,42.18000030517578,41.25,42.150001525878906,129367
2004-11-04,3.9071526527404785,41.63999938964844,41.970001220703125,41.54999923706055,41.849998474121094,84533
2004-11-05,3.9268572330474854,41.849998474121094,41.939998626708984,41.279998779296875,41.90999984741211,79000
2004-11-08,3.898707866668701,41.54999923706055,42.0,41.4900016784668,41.63999938964844,59933
2004-11-09,3.862114191055298,41.15999984741211,41.220001220703125,40.22999954223633,40.22999954223633,158500
2004-11-10,3.8846325874328613,41.400001525878906,41.66999816894531,40.7400016784668,40.7400016784668,113800
2004-11-11,3.9578213691711426,42.18000030517578,42.29999923706055,41.0099983215332,41.0099983215332,112467
2004-11-12,3.9268572330474854,41.849998474121094,42.29999923706055,41.70000076293945,42.0,58767
2004-11-15,3.9521923065185547,42.119998931884766,42.2400016784668,41.400001525878906,42.119998931884766,86700
2004-11-16,3.9324872493743896,41.90999984741211,42.119998931884766,41.63999938964844,41.849998474121094,58400
2004-11-17,3.969082832336426,42.29999923706055,42.599998474121094,41.849998474121094,42.150001525878906,123633
2004-11-18,3.969082832336426,42.29999923706055,42.47999954223633,41.849998474121094,42.45000076293945,72700
2004-11-19,3.9550063610076904,42.150001525878906,42.720001220703125,41.70000076293945,41.880001068115234,73033
2004-11-22,4.031009197235107,42.959999084472656,43.22999954223633,42.029998779296875,42.029998779296875,106167
2004-11-23,4.042270183563232,43.08000183105469,43.20000076293945,42.5099983215332,43.20000076293945,95533
2004-11-24,4.10701322555542,43.77000045776367,44.040000915527344,42.869998931884766,43.13999938964844,120367
2004-11-26,4.101382255554199,43.709999084472656,43.79999923706055,43.380001068115234,43.79999923706055,34833
2004-11-29,4.137979030609131,44.099998474121094,44.099998474121094,43.650001525878906,43.68000030517578,173000
2004-11-30,4.152052879333496,44.25,44.310001373291016,43.5,43.709999084472656,80167
2004-12-01,4.208351135253906,44.849998474121094,45.150001525878906,43.95000076293945,44.06999969482422,286267
2004-12-02,4.259020805358887,45.38999938964844,45.599998474121094,44.310001373291016,44.61000061035156,217000
2004-12-03,4.253390789031982,45.33000183105469,45.599998474121094,44.880001068115234,45.599998474121094,156100
2004-12-06,4.216796398162842,44.939998626708984,45.45000076293945,44.72999954223633,45.29999923706055,57767
2004-12-07,4.081679821014404,43.5,45.150001525878906,42.779998779296875,44.939998626708984,93900
2004-12-08,4.2365007400512695,45.150001525878906,45.150001525878906,43.5,43.5,117100
2004-12-09,4.222426891326904,45.0,45.09000015258789,44.25,44.54999923706055,44567
2004-12-10,4.233686923980713,45.119998931884766,45.150001525878906,44.4900016784668,44.70000076293945,57633
2004-12-13,4.183016300201416,44.58000183105469,45.18000030517578,44.369998931884766,45.18000030517578,79733
2004-12-14,4.180203437805176,44.54999923706055,44.70000076293945,43.97999954223633,44.70000076293945,90200
2004-12-15,4.222426891326904,45.0,45.119998931884766,44.25,44.61000061035156,161000
2004-12-16,4.202720642089844,44.790000915527344,45.2400016784668,44.34000015258789,45.029998779296875,213867
2004-12-17,4.078863620758057,43.470001220703125,45.27000045776367,43.31999969482422,45.0,662267
2004-12-20,4.109828472137451,43.79999923706055,44.400001525878906,43.349998474121094,44.25,194367
2004-12-21,4.203881740570068,44.25,44.52000045776367,43.5,44.0099983215332,105600
2004-12-22,4.163980960845947,43.83000183105469,44.70000076293945,43.529998779296875,44.70000076293945,124167
2004-12-23,4.203881740570068,44.25,44.90999984741211,43.83000183105469,44.220001220703125,61833
2004-12-27,4.218130588531494,44.400001525878906,44.90999984741211,43.86000061035156,44.54999923706055,66300
2004-12-28,4.258032321929932,44.81999969482422,44.81999969482422,44.099998474121094,44.7599983215332,69367
2004-12-29,4.260881423950195,44.849998474121094,45.119998931884766,44.459999084472656,45.0,122233
2004-12-30,4.275135040283203,45.0,45.209999084472656,44.72999954223633,44.72999954223633,73867
2004-12-31,4.303636074066162,45.29999923706055,45.45000076293945,44.880001068115234,44.880001068115234,138000
2005-01-03,4.2979350090026855,45.2400016784668,45.45000076293945,45.0,45.33000183105469,185233
2005-01-04,4.25518274307251,44.790000915527344,45.41999816894531,44.63999938964844,45.0,133533
2005-01-05,4.269433975219727,44.939998626708984,45.38999938964844,44.400001525878906,44.70000076293945,91200
2005-01-06,4.403387069702148,46.349998474121094,47.54999923706055,45.150001525878906,45.45000076293945,201467
2005-01-07,4.51168966293335,47.4900016784668,48.869998931884766,46.20000076293945,47.25,248433
2005-01-10,4.773899555206299,50.25,52.68000030517578,48.959999084472656,49.529998779296875,744067
2005-01-11,4.773899555206299,50.25,50.849998474121094,48.630001068115234,50.54999923706055,519533
2005-01-12,4.850851058959961,51.060001373291016,51.959999084472656,49.79999923706055,50.25,441300
2005-01-13,4.6997971534729,49.470001220703125,51.2400016784668,49.08000183105469,50.63999938964844,130500
2005-01-14,4.788149356842041,50.400001525878906,50.54999923706055,48.45000076293945,49.349998474121094,114833
2005-01-18,4.790999412536621,50.43000030517578,51.0,49.79999923706055,50.58000183105469,78400
2005-01-19,4.631396770477295,48.75,50.90999984741211,47.939998626708984,50.880001068115234,117300
2005-01-20,4.617144584655762,48.599998474121094,49.5,48.56999969482422,48.900001525878906,46633
2005-01-21,4.651346206665039,48.959999084472656,49.380001068115234,48.2400016784668,49.22999954223633,67700
2005-01-24,4.560142517089844,48.0,49.349998474121094,47.90999984741211,49.31999969482422,80967
2005-01-25,4.639946460723877,48.84000015258789,49.31999969482422,47.90999984741211,48.779998779296875,67667
2005-01-26,4.8708014488220215,51.27000045776367,51.56999969482422,49.560001373291016,49.560001373291016,212133
2005-01-27,4.751098155975342,50.0099983215332,51.29999923706055,49.83000183105469,51.29999923706055,119700
2005-01-28,4.799550533294678,50.52000045776367,50.63999938964844,49.77000045776367,50.400001525878906,47567
2005-01-31,4.8422980308532715,50.970001220703125,51.150001525878906,50.400001525878906,51.0,58933
2005-02-01,4.773899555206299,50.25,51.2400016784668,49.7400016784668,51.209999084472656,175000
2005-02-02,4.7311482429504395,49.79999923706055,50.54999923706055,49.20000076293945,49.88999938964844,96667
2005-02-03,4.67414665222168,49.20000076293945,50.43000030517578,48.93000030517578,50.25,131200
2005-02-04,4.776749134063721,50.279998779296875,50.54999923706055,49.20000076293945,49.709999084472656,167700
2005-02-07,4.719748020172119,49.68000030517578,50.939998626708984,49.470001220703125,49.79999923706055,62833
2005-02-08,4.7311482429504395,49.79999923706055,50.220001220703125,49.5,49.560001373291016,105300
2005-02-09,4.879351615905762,51.36000061035156,51.75,50.0099983215332,50.099998474121094,354600
2005-02-10,4.9506049156188965,52.11000061035156,52.349998474121094,51.150001525878906,51.56999969482422,241333
2005-02-11,4.845150470733643,51.0,52.20000076293945,50.790000915527344,51.93000030517578,211367
2005-02-14,4.799550533294678,50.52000045776367,51.29999923706055,50.06999969482422,51.29999923706055,136367
2005-02-15,4.822352409362793,50.7599983215332,51.2400016784668,50.220001220703125,50.400001525878906,128067
2005-02-16,4.853700637817383,51.09000015258789,51.18000030517578,50.400001525878906,51.18000030517578,95733
2005-02-17,4.799550533294678,50.52000045776367,51.18000030517578,50.279998779296875,51.150001525878906,90800
2005-02-18,4.779599189758301,50.310001373291016,50.70000076293945,50.130001068115234,50.70000076293945,50433
2005-02-22,4.736848831176758,49.86000061035156,50.70000076293945,49.86000061035156,50.70000076293945,85567
2005-02-23,4.7054972648620605,49.529998779296875,50.34000015258789,49.22999954223633,50.15999984741211,87400
2005-02-24,4.7311482429504395,49.79999923706055,49.97999954223633,48.29999923706055,49.97999954223633,73567
2005-02-25,4.810949325561523,50.63999938964844,50.63999938964844,48.9900016784668,49.79999923706055,95900
2005-02-28,4.688394546508789,49.349998474121094,51.0,49.290000915527344,50.70000076293945,119433
2005-03-01,4.816651344299316,50.70000076293945,50.90999984741211,49.290000915527344,49.380001068115234,151000
2005-03-02,4.808101654052734,50.61000061035156,51.060001373291016,50.459999084472656,50.459999084472656,133400
2005-03-03,4.830899715423584,50.849998474121094,51.150001525878906,50.400001525878906,50.61000061035156,86200
2005-03-04,4.8565521240234375,51.119998931884766,51.150001525878906,49.709999084472656,50.66999816894531,194267
2005-03-07,4.845150470733643,51.0,51.540000915527344,50.70000076293945,51.119998931884766,92900
2005-03-08,4.819499492645264,50.72999954223633,51.56999969482422,50.72999954223633,51.27000045776367,179200
2005-03-09,4.808101654052734,50.61000061035156,51.5099983215332,50.459999084472656,51.5099983215332,79400
2005-03-10,4.848001480102539,51.029998779296875,51.56999969482422,50.70000076293945,50.939998626708984,58800
2005-03-11,4.873652458190918,51.29999923706055,51.29999923706055,50.70000076293945,50.7599983215332,62667
2005-03-14,4.913552761077881,51.720001220703125,51.75,51.029998779296875,51.29999923706055,86133
2005-03-15,5.021857738494873,52.86000061035156,53.81999969482422,51.869998931884766,51.93000030517578,140900
2005-03-16,4.922104358673096,51.810001373291016,52.95000076293945,51.630001068115234,52.86000061035156,76467
2005-03-17,4.990507125854492,52.529998779296875,53.130001068115234,51.209999084472656,51.689998626708984,68767
2005-03-18,4.9876580238342285,52.5,53.369998931884766,51.810001373291016,53.310001373291016,156233
2005-03-21,4.981955051422119,52.439998626708984,52.86000061035156,51.599998474121094,52.86000061035156,96367
2005-03-22,5.010885715484619,51.959999084472656,52.650001525878906,51.540000915527344,52.5,98767
2005-03-23,4.921199321746826,51.029998779296875,52.349998474121094,50.939998626708984,51.45000076293945,137900
2005-03-24,4.9125213623046875,50.939998626708984,51.41999816894531,49.97999954223633,51.0,123900
2005-03-28,4.880697727203369,50.61000061035156,51.18000030517578,50.369998931884766,51.0,51400
2005-03-29,4.840193271636963,50.189998626708984,50.4900016784668,49.79999923706055,50.279998779296875,102700
2005-03-30,4.883588790893555,50.63999938964844,50.63999938964844,49.349998474121094,49.68000030517578,74000
2005-03-31,4.8546576499938965,50.34000015258789,50.54999923706055,49.83000183105469,50.369998931884766,72833
2005-04-01,4.880697727203369,50.61000061035156,51.150001525878906,49.86000061035156,49.97999954223633,58200
2005-04-04,5.077428817749023,52.650001525878906,52.88999938964844,50.15999984741211,50.15999984741211,66300
2005-04-05,5.060070037841797,52.470001220703125,52.95000076293945,51.33000183105469,52.95000076293945,58633
2005-04-06,5.0890021324157715,52.77000045776367,53.220001220703125,51.720001220703125,52.04999923706055,99533
2005-04-07,5.08321475982666,52.709999084472656,52.91999816894531,52.22999954223633,52.290000915527344,89300
2005-04-08,5.007995128631592,51.93000030517578,52.79999923706055,51.93000030517578,52.2599983215332,70167
2005-04-11,4.874908447265625,50.54999923706055,52.31999969482422,50.54999923706055,51.869998931884766,39467
2005-04-12,5.036925792694092,52.22999954223633,52.5,50.310001373291016,50.58000183105469,55833
2005-04-13,4.9298787117004395,51.119998931884766,52.20000076293945,50.790000915527344,52.11000061035156,48333
2005-04-14,4.805475234985352,49.83000183105469,51.29999923706055,49.77000045776367,51.150001525878906,78400
2005-04-15,4.773650646209717,49.5,50.220001220703125,48.93000030517578,49.529998779296875,79100
2005-04-18,4.626100540161133,47.970001220703125,50.06999969482422,34.08000183105469,49.5,1011000
2005-04-19,4.7967963218688965,49.7400016784668,49.88999938964844,47.25,47.54999923706055,120667
2005-04-20,4.530628204345703,46.97999954223633,49.88999938964844,46.529998779296875,49.88999938964844,117333
2005-04-21,4.64346170425415,48.150001525878906,48.41999816894531,46.7400016784668,47.189998626708984,179600
2005-04-22,4.7186808586120605,48.93000030517578,49.439998626708984,47.54999923706055,48.18000030517578,90333
2005-04-25,4.811263084411621,49.88999938964844,49.97999954223633,48.36000061035156,48.93000030517578,76567
2005-04-26,4.6608195304870605,48.33000183105469,49.79999923706055,48.33000183105469,49.59000015258789,56667
2005-04-27,4.559560298919678,47.279998779296875,48.33000183105469,47.0099983215332,48.33000183105469,161867
2005-04-28,4.556667804718018,47.25,47.939998626708984,45.900001525878906,46.709999084472656,101167
2005-04-29,4.588491439819336,47.58000183105469,47.90999984741211,46.40999984741211,47.90999984741211,65033
2005-05-02,4.605848789215088,47.7599983215332,48.0,46.83000183105469,47.54999923706055,54967
2005-05-03,4.5942769050598145,47.63999938964844,49.31999969482422,46.91999816894531,46.91999816894531,61867
2005-05-04,4.791009902954102,49.68000030517578,49.709999084472656,47.52000045776367,47.52000045776367,47700
2005-05-05,4.686859130859375,48.599998474121094,49.95000076293945,47.70000076293945,49.95000076293945,53600
2005-05-06,4.701324939727783,48.75,49.380001068115234,48.599998474121094,49.16999816894531,26133
2005-05-09,4.7476115226745605,49.22999954223633,49.22999954223633,48.45000076293945,48.599998474121094,36000
2005-05-10,4.744720458984375,49.20000076293945,49.40999984741211,48.060001373291016,48.720001220703125,44867
2005-05-11,4.6318864822387695,48.029998779296875,49.470001220703125,48.0,48.9900016784668,49367
2005-05-12,4.582706451416016,47.52000045776367,48.869998931884766,47.52000045776367,48.56999969482422,48333
2005-05-13,4.585598468780518,47.54999923706055,48.29999923706055,47.400001525878906,47.52000045776367,52633
2005-05-16,4.724468231201172,48.9900016784668,49.16999816894531,47.400001525878906,47.400001525878906,60633
2005-05-17,4.704216957092285,48.779998779296875,49.95000076293945,48.18000030517578,49.11000061035156,145533
2005-05-18,4.692641735076904,48.65999984741211,49.40999984741211,48.209999084472656,49.02000045776367,73033
2005-05-19,4.6897501945495605,48.630001068115234,48.959999084472656,48.119998931884766,48.630001068115234,58267
2005-05-20,4.69553804397583,48.689998626708984,49.04999923706055,48.209999084472656,49.04999923706055,72000
2005-05-23,4.701324939727783,48.75,49.16999816894531,48.18000030517578,48.630001068115234,79133
2005-05-24,4.73025369644165,49.04999923706055,49.22999954223633,48.0,48.5099983215332,57600
2005-05-25,4.738933563232422,49.13999938964844,49.290000915527344,48.060001373291016,48.5099983215332,54700
2005-05-26,4.7649736404418945,49.40999984741211,49.77000045776367,48.75,48.84000015258789,61367
2005-05-27,4.756292819976807,49.31999969482422,49.529998779296875,49.02000045776367,49.5,26233
2005-05-31,4.741828918457031,49.16999816894531,49.650001525878906,48.84000015258789,48.959999084472656,57033
2005-06-01,4.8373026847839355,50.15999984741211,50.15999984741211,49.08000183105469,49.349998474121094,52700
2005-06-02,4.866228103637695,50.459999084472656,51.119998931884766,49.7400016784668,50.220001220703125,68933
2005-06-03,4.834408283233643,50.130001068115234,50.970001220703125,49.97999954223633,50.459999084472656,44267
2005-06-06,4.9269866943359375,51.09000015258789,51.2400016784668,49.79999923706055,50.130001068115234,45667
2005-06-07,4.840193271636963,50.189998626708984,52.20000076293945,50.189998626708984,51.209999084472656,80400
2005-06-08,4.900948524475098,50.81999969482422,51.27000045776367,50.15999984741211,51.060001373291016,46767
2005-06-09,5.010885715484619,51.959999084472656,52.04999923706055,50.63999938964844,51.060001373291016,89633
2005-06-10,5.045603275299072,52.31999969482422,52.5,51.65999984741211,52.04999923706055,82433
2005-06-13,5.062963962554932,52.5,53.130001068115234,52.04999923706055,52.529998779296875,90267
2005-06-14,5.123719692230225,53.130001068115234,53.34000015258789,52.08000183105469,52.619998931884766,100100
2005-06-15,5.204728603363037,53.970001220703125,53.970001220703125,52.68000030517578,53.25,197000
2005-06-16,5.256801128387451,54.5099983215332,54.599998474121094,53.130001068115234,53.81999969482422,111800
2005-06-17,5.349380970001221,55.470001220703125,55.470001220703125,53.54999923706055,54.75,276167
2005-06-20,5.282840728759766,54.779998779296875,55.5,54.36000061035156,55.439998626708984,142900
2005-06-21,5.315213680267334,54.18000030517578,54.630001068115234,53.70000076293945,54.29999923706055,123367
2005-06-22,5.385848045349121,54.900001525878906,55.02000045776367,53.43000030517578,54.0,171100
2005-06-23,5.329930305480957,54.33000183105469,55.13999938964844,53.970001220703125,53.970001220703125,109267
2005-06-24,5.400561332702637,55.04999923706055,55.470001220703125,53.70000076293945,54.33000183105469,170100
2005-06-27,5.3475871086120605,54.5099983215332,55.11000061035156,54.33000183105469,55.11000061035156,85833
2005-06-28,5.480027198791504,55.86000061035156,55.86000061035156,54.33000183105469,54.630001068115234,74167
2005-06-29,5.518287658691406,56.25,56.25,54.959999084472656,55.59000015258789,55100
2005-06-30,5.427053451538086,55.31999969482422,56.58000183105469,55.22999954223633,56.25,75500
2005-07-01,5.444710731506348,55.5,56.040000915527344,55.22999954223633,55.22999954223633,63867
2005-07-05,5.503571510314941,56.099998474121094,56.279998779296875,55.22999954223633,55.650001525878906,56733
2005-07-06,5.503571510314941,56.099998474121094,56.939998626708984,55.77000045776367,56.040000915527344,75967
2005-07-07,5.485911846160889,55.91999816894531,55.97999954223633,54.47999954223633,55.5,83867
2005-07-08,5.577150344848633,56.849998474121094,56.970001220703125,55.04999923706055,56.040000915527344,58700
2005-07-11,5.591863632202148,57.0,57.0,56.52000045776367,56.70000076293945,72400
2005-07-12,5.577150344848633,56.849998474121094,57.29999923706055,56.72999954223633,56.880001068115234,74067
2005-07-13,5.462367057800293,55.68000030517578,57.0,55.22999954223633,56.849998474121094,65267
2005-07-14,5.403509140014648,55.08000183105469,56.220001220703125,55.04999923706055,56.06999969482422,54933
2005-07-15,5.3976216316223145,55.02000045776367,55.5,54.119998931884766,54.75,63067
2005-07-18,5.188661098480225,52.88999938964844,54.150001525878906,50.58000183105469,51.36000061035156,358967
2005-07-19,5.256353378295898,53.58000183105469,53.790000915527344,52.59000015258789,52.79999923706055,127600
2005-07-20,5.338759422302246,54.41999816894531,54.45000076293945,52.95000076293945,53.220001220703125,98367
2005-07-21,5.253408908843994,53.54999923706055,54.47999954223633,53.43000030517578,54.150001525878906,90900
2005-07-22,5.256353378295898,53.58000183105469,54.0,51.93000030517578,53.34000015258789,155567
2005-07-25,5.3240437507629395,54.27000045776367,54.56999969482422,53.099998474121094,53.310001373291016,111100
2005-07-26,5.326988220214844,54.29999923706055,54.779998779296875,53.52000045776367,54.0,109433
2005-07-27,5.332873821258545,54.36000061035156,54.720001220703125,54.0,54.599998474121094,66000
2005-07-28,5.377020835876465,54.810001373291016,54.810001373291016,53.849998474121094,54.41999816894531,115933
2005-07-29,5.294613361358643,53.970001220703125,54.779998779296875,52.95000076293945,54.38999938964844,193067
2005-08-01,5.338759422302246,54.41999816894531,54.689998626708984,53.400001525878906,53.400001525878906,93833
2005-08-02,5.368190288543701,54.720001220703125,54.869998931884766,54.29999923706055,54.36000061035156,90000
2005-08-03,5.591863632202148,57.0,57.029998779296875,54.2400016784668,54.540000915527344,559633
2005-08-04,5.650726795196533,57.599998474121094,59.040000915527344,56.06999969482422,56.130001068115234,286567
2005-08-05,5.691930770874023,58.02000045776367,58.79999923706055,57.599998474121094,57.599998474121094,280267
2005-08-08,5.680154800415039,57.900001525878906,58.619998931884766,57.060001373291016,57.900001525878906,189733
2005-08-09,5.709587574005127,58.20000076293945,58.68000030517578,57.75,57.75,124500
2005-08-10,5.730190277099609,58.40999984741211,58.83000183105469,57.75,58.20000076293945,115600
2005-08-11,5.789050102233887,59.0099983215332,59.970001220703125,58.22999954223633,58.709999084472656,226200
2005-08-12,5.709587574005127,58.20000076293945,58.79999923706055,57.599998474121094,58.709999084472656,130500
2005-08-15,5.818482398986816,59.310001373291016,59.81999969482422,57.93000030517578,57.959999084472656,119367
2005-08-16,5.5859785079956055,56.939998626708984,58.97999954223633,56.400001525878906,58.97999954223633,111767
2005-08-17,5.568318843841553,56.7599983215332,57.29999923706055,56.43000030517578,56.790000915527344,61800
2005-08-18,5.444710731506348,55.5,56.66999816894531,55.11000061035156,56.43000030517578,91267
2005-08-19,5.591863632202148,57.0,57.41999816894531,55.5,55.5,53933
2005-08-22,5.768448352813721,58.79999923706055,58.79999923706055,57.0,57.29999923706055,75400
2005-08-23,5.780223846435547,58.91999816894531,59.63999938964844,58.349998474121094,58.349998474121094,115767
2005-08-24,5.712530136108398,58.22999954223633,59.400001525878906,58.08000183105469,58.77000045776367,102233
2005-08-25,5.815539836883545,59.279998779296875,59.66999816894531,58.08000183105469,58.5,65900
2005-08-26,5.641899108886719,57.5099983215332,59.279998779296875,57.5099983215332,59.25,61800
2005-08-29,5.6772141456604,57.869998931884766,58.20000076293945,56.130001068115234,57.119998931884766,73267
2005-08-30,5.550661563873291,56.58000183105469,58.13999938964844,55.5,57.209999084472656,104833
2005-08-31,5.659554481506348,57.689998626708984,57.689998626708984,55.650001525878906,56.72999954223633,56000
2005-09-01,5.688985347747803,57.9900016784668,58.439998626708984,57.209999084472656,57.75,69867
2005-09-02,5.603636741638184,57.119998931884766,58.470001220703125,56.70000076293945,57.9900016784668,35833
2005-09-06,5.686044216156006,57.959999084472656,58.86000061035156,57.119998931884766,57.119998931884766,60800
2005-09-07,5.630124568939209,57.38999938964844,58.290000915527344,57.150001525878906,58.11000061035156,62267
2005-09-08,5.630124568939209,57.38999938964844,57.9900016784668,57.0,57.45000076293945,56233
2005-09-09,5.644838333129883,57.540000915527344,58.16999816894531,57.18000030517578,57.41999816894531,43267
2005-09-12,5.7949395179748535,59.06999969482422,59.63999938964844,57.5099983215332,57.630001068115234,71533
2005-09-13,5.950920104980469,60.65999984741211,61.91999816894531,58.77000045776367,59.099998474121094,234233
2005-09-14,6.003897666931152,61.20000076293945,62.220001220703125,60.29999923706055,60.900001525878906,128400
2005-09-15,5.924433708190918,60.38999938964844,61.68000030517578,60.119998931884766,61.349998474121094,104533
2005-09-16,6.003897666931152,61.20000076293945,61.619998931884766,60.45000076293945,60.75,175733
2005-09-19,5.924433708190918,60.38999938964844,61.650001525878906,60.18000030517578,61.5,114567
2005-09-20,5.930450439453125,59.15999984741211,60.540000915527344,58.97999954223633,59.70000076293945,89667
2005-09-21,5.885340213775635,58.709999084472656,59.369998931884766,57.0,59.06999969482422,99233
2005-09-22,5.918417930603027,59.040000915527344,59.790000915527344,58.22999954223633,58.709999084472656,63000
2005-09-23,6.044726371765137,60.29999923706055,60.5099983215332,58.68000030517578,59.15999984741211,54833
2005-09-26,6.00262451171875,59.880001068115234,61.02000045776367,59.7599983215332,60.56999969482422,86900
2005-09-27,6.005631923675537,59.90999984741211,60.540000915527344,58.650001525878906,59.72999954223633,69300
2005-09-28,6.023674964904785,60.09000015258789,60.599998474121094,58.7400016784668,59.58000183105469,74300
2005-09-29,6.01766300201416,60.029998779296875,60.5099983215332,59.040000915527344,60.060001373291016,70633
2005-09-30,5.954507350921631,59.400001525878906,60.060001373291016,57.900001525878906,60.060001373291016,117067
2005-10-03,6.005631923675537,59.90999984741211,60.45000076293945,59.400001525878906,59.66999816894531,75233
2005-10-04,5.996608734130859,59.81999969482422,60.9900016784668,59.220001220703125,60.18000030517578,101267
2005-10-05,5.912402629852295,58.97999954223633,60.540000915527344,58.88999938964844,59.7599983215332,119767
2005-10-06,5.740986347198486,57.27000045776367,59.400001525878906,56.130001068115234,59.400001525878906,129467
2005-10-07,5.798127174377441,57.84000015258789,58.40999984741211,57.0,57.41999816894531,68967
2005-10-10,5.737977981567383,57.2400016784668,58.380001068115234,57.09000015258789,58.380001068115234,70067
2005-10-11,5.674824237823486,56.61000061035156,58.11000061035156,56.459999084472656,57.18000030517578,104433
2005-10-12,5.425215244293213,54.119998931884766,56.90999984741211,52.91999816894531,56.459999084472656,315767
2005-10-13,5.509424686431885,54.959999084472656,55.619998931884766,53.130001068115234,53.459999084472656,137467
2005-10-14,5.461308002471924,54.47999954223633,55.2599983215332,53.15999984741211,54.959999084472656,140400
2005-10-17,5.413187503814697,54.0,54.38999938964844,53.130001068115234,54.38999938964844,131367
2005-10-18,5.389128684997559,53.7599983215332,54.779998779296875,53.15999984741211,53.61000061035156,68100
2005-10-19,5.566561222076416,55.529998779296875,56.279998779296875,53.189998626708984,53.189998626708984,111600
2005-10-20,5.557539939880371,55.439998626708984,55.68000030517578,54.27000045776367,55.5,96100
2005-10-21,5.611673831939697,55.97999954223633,56.279998779296875,55.08000183105469,55.13999938964844,95100
2005-10-24,5.662796497344971,56.4900016784668,56.880001068115234,55.7400016784668,56.099998474121094,98167
2005-10-25,5.596635818481445,55.83000183105469,56.81999969482422,54.630001068115234,56.279998779296875,69867
2005-10-26,5.488369941711426,54.75,56.220001220703125,54.36000061035156,56.06999969482422,78267
2005-10-27,5.413187503814697,54.0,55.439998626708984,53.939998626708984,54.810001373291016,62900
2005-10-28,5.560546398162842,55.470001220703125,56.040000915527344,53.58000183105469,54.33000183105469,96100
2005-10-31,5.617684841156006,56.040000915527344,56.369998931884766,55.20000076293945,55.5,88967
2005-11-01,5.662796497344971,56.4900016784668,56.880001068115234,55.68000030517578,56.099998474121094,87200
2005-11-02,5.743993759155273,57.29999923706055,57.56999969482422,56.70000076293945,56.849998474121094,93733
2005-11-03,5.692870140075684,56.790000915527344,58.349998474121094,56.279998779296875,57.720001220703125,82500
2005-11-04,5.689862251281738,56.7599983215332,57.41999816894531,56.040000915527344,57.029998779296875,39700
2005-11-07,5.566561222076416,55.529998779296875,57.0,55.380001068115234,56.7599983215332,117500
2005-11-08,5.5364885330200195,55.22999954223633,55.83000183105469,54.75,55.20000076293945,86100
2005-11-09,5.575584411621094,55.619998931884766,55.91999816894531,55.08000183105469,55.560001373291016,100467
2005-11-10,5.795115947723389,57.810001373291016,57.93000030517578,55.20000076293945,55.91999816894531,102100
2005-11-11,5.858272552490234,58.439998626708984,58.650001525878906,57.689998626708984,58.04999923706055,84833
2005-11-14,5.801131725311279,57.869998931884766,58.5,57.060001373291016,57.75,51600
2005-11-15,5.798127174377441,57.84000015258789,58.5,56.4900016784668,58.08000183105469,69133
2005-11-16,5.725951671600342,57.119998931884766,58.11000061035156,56.880001068115234,58.11000061035156,51467
2005-11-17,5.8492512702941895,58.349998474121094,58.349998474121094,57.150001525878906,57.150001525878906,49967
2005-11-18,5.828197956085205,58.13999938964844,58.529998779296875,57.65999984741211,58.5,75867
2005-11-21,5.864291667938232,58.5,58.650001525878906,57.65999984741211,58.13999938964844,71433
2005-11-22,5.85225772857666,58.380001068115234,58.650001525878906,57.599998474121094,58.5,169900
2005-11-23,5.783089637756348,57.689998626708984,58.380001068115234,57.47999954223633,58.31999969482422,51267
2005-11-25,5.801131725311279,57.869998931884766,58.290000915527344,57.27000045776367,58.290000915527344,20300
2005-11-28,5.64475154876709,56.310001373291016,57.93000030517578,55.88999938964844,57.599998474121094,93867
2005-11-29,5.7560248374938965,57.41999816894531,57.689998626708984,56.400001525878906,56.400001525878906,51400
2005-11-30,5.704900741577148,56.90999984741211,58.02000045776367,56.790000915527344,57.689998626708984,60133
2005-12-01,5.8612799644470215,58.470001220703125,58.59000015258789,56.43000030517578,57.09000015258789,102133
2005-12-02,5.8161702156066895,58.02000045776367,58.20000076293945,57.0,58.20000076293945,42167
2005-12-05,5.747003078460693,57.33000183105469,58.31999969482422,56.54999923706055,58.31999969482422,72733
2005-12-06,5.819179058074951,58.04999923706055,58.5,57.2400016784668,57.56999969482422,64167
2005-12-07,5.737977981567383,57.2400016784668,58.04999923706055,56.72999954223633,58.04999923706055,64433
2005-12-08,5.67783260345459,56.63999938964844,57.540000915527344,54.900001525878906,57.41999816894531,143267
2005-12-09,5.698885917663574,56.849998474121094,57.29999923706055,56.43000030517578,56.880001068115234,91833
2005-12-12,5.617684841156006,56.040000915527344,57.18000030517578,55.86000061035156,56.939998626708984,97833
2005-12-13,5.560546398162842,55.470001220703125,56.43000030517578,55.11000061035156,56.099998474121094,242667
2005-12-14,5.53949499130249,55.2599983215332,56.06999969482422,54.779998779296875,55.560001373291016,104367
2005-12-15,5.422209739685059,54.09000015258789,55.560001373291016,53.099998474121094,55.560001373291016,251233
2005-12-16,5.389128684997559,53.7599983215332,54.45000076293945,53.279998779296875,54.2400016784668,273733
2005-12-19,5.491380214691162,54.779998779296875,55.11000061035156,53.43000030517578,53.63999938964844,179567
2005-12-20,5.648540496826172,54.9900016784668,55.02000045776367,54.09000015258789,54.36000061035156,134500
2005-12-21,5.685519218444824,55.349998474121094,56.06999969482422,55.04999923706055,55.16999816894531,65033
2005-12-22,5.704007625579834,55.529998779296875,56.099998474121094,54.84000015258789,55.349998474121094,78700
2005-12-23,5.679355621337891,55.290000915527344,55.5,54.65999984741211,55.5,26200
2005-12-27,5.553009986877441,54.060001373291016,55.5,54.029998779296875,55.290000915527344,70367
2005-12-28,5.596151828765869,54.47999954223633,54.689998626708984,53.939998626708984,54.36000061035156,49300
2005-12-29,5.546846389770508,54.0,54.75,54.0,54.720001220703125,52600
2005-12-30,5.525275707244873,53.790000915527344,54.38999938964844,53.34000015258789,54.029998779296875,87500
2006-01-03,5.5869059562683105,54.38999938964844,54.75,53.279998779296875,54.0,130700
2006-01-04,5.568417072296143,54.209999084472656,54.689998626708984,53.81999969482422,54.29999923706055,63033
2006-01-05,5.642375946044922,54.93000030517578,55.20000076293945,53.970001220703125,54.060001373291016,98333
2006-01-06,5.756392955780029,56.040000915527344,56.130001068115234,55.380001068115234,55.5,149233
2006-01-09,5.691681385040283,55.40999984741211,56.25,55.22999954223633,56.25,86967
2006-01-10,5.667027473449707,55.16999816894531,55.79999923706055,54.18000030517578,55.79999923706055,116267
2006-01-11,5.704007625579834,55.529998779296875,55.7400016784668,55.04999923706055,55.04999923706055,98633
2006-01-12,5.626968860626221,54.779998779296875,55.59000015258789,54.65999984741211,55.22999954223633,106533
2006-01-13,5.700925350189209,55.5,56.0099983215332,54.720001220703125,55.22999954223633,56633
2006-01-17,5.676272392272949,55.2599983215332,55.40999984741211,54.38999938964844,55.349998474121094,68600
2006-01-18,5.565338611602783,54.18000030517578,55.20000076293945,54.0,54.630001068115234,126367
2006-01-19,5.568417072296143,54.209999084472656,54.779998779296875,54.060001373291016,54.599998474121094,54733
2006-01-20,5.5098676681518555,53.63999938964844,54.56999969482422,53.61000061035156,54.47999954223633,56433
2006-01-23,5.667027473449707,55.16999816894531,55.31999969482422,53.66999816894531,53.939998626708984,61200
2006-01-24,5.670109272003174,55.20000076293945,55.470001220703125,54.869998931884766,55.16999816894531,46933
2006-01-25,5.580744743347168,54.33000183105469,55.380001068115234,53.66999816894531,55.22999954223633,86000
2006-01-26,5.623885154724121,54.75,55.290000915527344,54.119998931884766,54.779998779296875,57467
2006-01-27,5.626968860626221,54.779998779296875,55.439998626708984,54.36000061035156,55.11000061035156,94733
2006-01-30,5.630050182342529,54.810001373291016,55.04999923706055,54.36000061035156,55.04999923706055,48167
2006-01-31,5.61772346496582,54.689998626708984,55.04999923706055,53.400001525878906,54.27000045776367,94000
2006-02-01,5.596151828765869,54.47999954223633,55.349998474121094,54.150001525878906,54.36000061035156,63867
2006-02-02,5.5098676681518555,53.63999938964844,55.20000076293945,53.43000030517578,55.02000045776367,137567
2006-02-03,5.645458698272705,54.959999084472656,55.20000076293945,54.18000030517578,54.56999969482422,83833
2006-02-06,5.707087516784668,55.560001373291016,55.619998931884766,54.75,55.20000076293945,71100
2006-02-07,5.704007625579834,55.529998779296875,56.220001220703125,55.470001220703125,55.619998931884766,107267
2006-02-08,5.94128942489624,57.84000015258789,58.11000061035156,55.83000183105469,55.83000183105469,306300
2006-02-09,5.898148536682129,57.41999816894531,58.02000045776367,57.0,57.75,185233
2006-02-10,5.981350421905518,58.22999954223633,58.40999984741211,57.150001525878906,57.689998626708984,103567
2006-02-13,5.987512588500977,58.290000915527344,58.5,57.5099983215332,58.439998626708984,109933
2006-02-14,6.012162208557129,58.529998779296875,58.529998779296875,57.869998931884766,58.5,98733
2006-02-15,5.935122966766357,57.779998779296875,58.529998779296875,57.599998474121094,58.5,134667
2006-02-16,5.996757507324219,58.380001068115234,58.439998626708984,57.75,58.04999923706055,93900
2006-02-17,5.956696510314941,57.9900016784668,58.59000015258789,57.900001525878906,58.59000015258789,65333
2006-02-21,5.993677616119385,58.349998474121094,58.5,57.9900016784668,58.470001220703125,89900
2006-02-22,5.981350421905518,58.22999954223633,58.650001525878906,57.810001373291016,58.5,123933
2006-02-23,5.999839782714844,58.40999984741211,58.5,57.93000030517578,58.11000061035156,102167
2006-02-24,5.928965091705322,57.720001220703125,58.349998474121094,56.849998474121094,58.11000061035156,111700
2006-02-27,5.907392501831055,57.5099983215332,57.900001525878906,57.18000030517578,57.599998474121094,110200
2006-02-28,5.790292739868164,56.369998931884766,57.47999954223633,55.439998626708984,57.150001525878906,199433
2006-03-01,5.845762252807617,56.90999984741211,57.09000015258789,56.369998931884766,56.63999938964844,116733
2006-03-02,5.7625579833984375,56.099998474121094,57.09000015258789,55.529998779296875,57.09000015258789,150100
2006-03-03,5.685519218444824,55.349998474121094,56.61000061035156,55.22999954223633,56.099998474121094,166800
2006-03-06,5.61772346496582,54.689998626708984,55.650001525878906,54.060001373291016,55.650001525878906,158600
2006-03-07,5.716334342956543,55.650001525878906,55.7400016784668,54.599998474121094,54.779998779296875,149467
2006-03-08,5.704007625579834,55.529998779296875,56.0099983215332,55.02000045776367,55.79999923706055,74567
2006-03-09,5.685519218444824,55.349998474121094,56.63999938964844,54.869998931884766,55.77000045776367,108267
2006-03-10,5.764481067657471,54.75,54.93000030517578,54.0,54.029998779296875,123867
2006-03-13,5.672882556915283,53.880001068115234,55.619998931884766,53.7599983215332,55.02000045776367,143500
2006-03-14,5.73921537399292,54.5099983215332,55.59000015258789,53.81999969482422,54.0,184700
2006-03-15,5.704472541809082,54.18000030517578,54.779998779296875,53.7599983215332,54.779998779296875,229800
2006-03-16,5.638138771057129,53.54999923706055,54.75,53.4900016784668,54.18000030517578,384633
2006-03-17,5.66972541809082,53.849998474121094,54.630001068115234,53.54999923706055,53.54999923706055,2721000
2006-03-20,5.773959636688232,54.84000015258789,54.900001525878906,54.09000015258789,54.36000061035156,588133
2006-03-21,5.736058712005615,54.47999954223633,55.16999816894531,54.29999923706055,55.02000045776367,387533
2006-03-22,5.707630157470703,54.209999084472656,54.720001220703125,54.0,54.56999969482422,260333
2006-03-23,5.685519218444824,54.0,54.45000076293945,53.849998474121094,54.36000061035156,294267
2006-03-24,5.732896327972412,54.45000076293945,54.720001220703125,53.70000076293945,54.09000015258789,304300
2006-03-27,5.713947296142578,54.27000045776367,55.02000045776367,54.060001373291016,54.599998474121094,381400
2006-03-28,5.707630157470703,54.209999084472656,54.630001068115234,54.0,54.29999923706055,146267
2006-03-29,5.641300678253174,53.58000183105469,54.36000061035156,53.400001525878906,54.29999923706055,421000
2006-03-30,5.657089710235596,53.72999954223633,54.18000030517578,53.63999938964844,53.849998474121094,200100
2006-03-31,5.625504016876221,53.43000030517578,53.939998626708984,53.310001373291016,53.90999984741211,169367
2006-04-03,5.603394031524658,53.220001220703125,53.939998626708984,53.15999984741211,53.34000015258789,230567
2006-04-04,5.701309680938721,54.150001525878906,55.04999923706055,53.25,53.34000015258789,297267
2006-04-05,5.846606254577637,55.529998779296875,55.79999923706055,54.75,55.439998626708984,440000
2006-04-06,5.919254779815674,56.220001220703125,56.61000061035156,55.650001525878906,55.7400016784668,428367
2006-04-07,5.843448638916016,55.5,56.52000045776367,55.11000061035156,56.52000045776367,164733
2006-04-10,5.8592424392700195,55.650001525878906,56.4900016784668,55.5,55.79999923706055,238033
2006-04-11,5.723422050476074,54.36000061035156,55.95000076293945,54.18000030517578,55.7400016784668,153933
2006-04-12,5.742373466491699,54.540000915527344,54.959999084472656,54.150001525878906,54.150001525878906,112967
2006-04-13,5.773959636688232,54.84000015258789,54.869998931884766,54.18000030517578,54.540000915527344,118433
2006-04-17,5.732896327972412,54.45000076293945,54.810001373291016,53.70000076293945,54.65999984741211,229433
2006-04-18,5.849768161773682,55.560001373291016,55.79999923706055,54.38999938964844,54.45000076293945,217967
2006-04-19,5.8781938552856445,55.83000183105469,55.83000183105469,54.720001220703125,55.380001068115234,156767
2006-04-20,5.843448638916016,55.5,55.88999938964844,55.04999923706055,55.68000030517578,151467
2006-04-21,5.8781938552856445,55.83000183105469,56.849998474121094,55.04999923706055,55.470001220703125,135867
2006-04-24,5.783434867858887,54.93000030517578,55.95000076293945,54.630001068115234,55.650001525878906,117833
2006-04-25,5.786594390869141,54.959999084472656,55.40999984741211,54.18000030517578,54.93000030517578,131667
2006-04-26,5.843448638916016,55.5,55.619998931884766,54.959999084472656,55.20000076293945,150033
2006-04-27,5.893987655639648,55.97999954223633,56.459999084472656,54.959999084472656,55.40999984741211,159400
2006-04-28,5.906621932983398,56.099998474121094,56.310001373291016,55.5,55.619998931884766,185267
2006-05-01,5.8908281326293945,55.95000076293945,56.54999923706055,55.619998931884766,56.400001525878906,209833
2006-05-02,5.8781938552856445,55.83000183105469,56.15999984741211,55.08000183105469,56.040000915527344,291700
2006-05-03,5.985588073730469,56.849998474121094,57.119998931884766,55.86000061035156,55.91999816894531,251033
2006-05-04,6.001379489898682,57.0,57.119998931884766,56.52000045776367,56.849998474121094,149000
2006-05-05,6.004538059234619,57.029998779296875,57.150001525878906,56.58000183105469,57.119998931884766,177567
2006-05-08,5.9887471199035645,56.880001068115234,57.33000183105469,56.72999954223633,57.0,89333
2006-05-09,5.941367149353027,56.43000030517578,57.029998779296875,56.34000015258789,56.849998474121094,121733
2006-05-10,5.884509563446045,55.88999938964844,56.54999923706055,55.529998779296875,56.4900016784668,103267
2006-05-11,5.796069622039795,55.04999923706055,56.06999969482422,55.02000045776367,55.709999084472656,211033
2006-05-12,5.717105388641357,54.29999923706055,55.2599983215332,54.150001525878906,54.959999084472656,179500
2006-05-15,5.729736804962158,54.41999816894531,54.599998474121094,53.939998626708984,54.29999923706055,203667
2006-05-16,5.755005836486816,54.65999984741211,54.9900016784668,54.45000076293945,54.599998474121094,185733
2006-05-17,5.742373466491699,54.540000915527344,54.959999084472656,54.29999923706055,54.599998474121094,146567
2006-05-18,5.732896327972412,54.45000076293945,55.02000045776367,54.38999938964844,54.540000915527344,79700
2006-05-19,5.723422050476074,54.36000061035156,54.720001220703125,53.849998474121094,54.36000061035156,192767
2006-05-22,5.720264434814453,54.33000183105469,54.56999969482422,53.34000015258789,54.0,190533
2006-05-23,5.628661632537842,53.459999084472656,54.65999984741211,53.25,54.56999969482422,104800
2006-05-24,5.723422050476074,54.36000061035156,54.720001220703125,53.25,53.52000045776367,182567
2006-05-25,6.032968044281006,57.29999923706055,57.29999923706055,54.150001525878906,54.599998474121094,278033
2006-05-26,5.9887471199035645,56.880001068115234,57.599998474121094,55.86000061035156,57.29999923706055,130533
2006-05-30,5.9097795486450195,56.130001068115234,56.52000045776367,55.7400016784668,55.97999954223633,172200
2006-05-31,6.014013290405273,57.119998931884766,58.04999923706055,55.95000076293945,56.369998931884766,407900
2006-06-01,6.12456750869751,58.16999816894531,58.16999816894531,57.0,57.33000183105469,151667
2006-06-02,6.102456569671631,57.959999084472656,58.2599983215332,57.45000076293945,58.11000061035156,126133
2006-06-05,5.91294002532959,56.15999984741211,57.900001525878906,56.15999984741211,57.810001373291016,120167
2006-06-06,5.963475227355957,56.63999938964844,56.939998626708984,56.040000915527344,56.25,110400
2006-06-07,5.916098117828369,56.189998626708984,57.27000045776367,56.0099983215332,56.880001068115234,81700
2006-06-08,5.966633319854736,56.66999816894531,57.029998779296875,54.869998931884766,55.88999938964844,159000
2006-06-09,5.906621932983398,56.099998474121094,56.970001220703125,55.95000076293945,56.880001068115234,65567
2006-06-12,5.824497699737549,55.31999969482422,56.4900016784668,55.2599983215332,56.310001373291016,88400
2006-06-13,5.720264434814453,54.33000183105469,56.310001373291016,54.029998779296875,55.11000061035156,195800
2006-06-14,5.650773048400879,53.66999816894531,54.869998931884766,53.25,54.45000076293945,190900
2006-06-15,5.73921537399292,54.5099983215332,54.779998779296875,53.52000045776367,53.849998474121094,206233
2006-06-16,5.685519218444824,54.0,54.599998474121094,53.790000915527344,54.2400016784668,386467
2006-06-19,5.75816535949707,54.689998626708984,54.9900016784668,53.90999984741211,54.029998779296875,188167
2006-06-20,5.784075736999512,53.58000183105469,54.599998474121094,53.099998474121094,54.2400016784668,140967
2006-06-21,5.858562469482422,54.27000045776367,54.45000076293945,53.54999923706055,53.7599983215332,126000
2006-06-22,5.913616180419922,54.779998779296875,54.84000015258789,54.060001373291016,54.38999938964844,129433
2006-06-23,5.913616180419922,54.779998779296875,54.900001525878906,54.0,54.38999938964844,147067
2006-06-26,5.958958625793457,55.20000076293945,55.20000076293945,54.45000076293945,54.869998931884766,137367
2006-06-27,5.8844709396362305,54.5099983215332,55.290000915527344,54.29999923706055,55.20000076293945,149367
2006-06-28,5.933045864105225,54.959999084472656,55.11000061035156,54.33000183105469,54.84000015258789,67367
2006-06-29,6.120885372161865,56.70000076293945,56.70000076293945,55.08000183105469,55.13999938964844,181367
2006-06-30,5.984866619110107,55.439998626708984,56.849998474121094,55.40999984741211,56.849998474121094,745867
2006-07-03,6.004298210144043,55.619998931884766,55.709999084472656,55.20000076293945,55.349998474121094,59700
2006-07-05,6.007535934448242,55.650001525878906,55.79999923706055,55.13999938964844,55.77000045776367,122500
2006-07-06,5.955718517303467,55.16999816894531,55.709999084472656,54.75,55.709999084472656,105033
2006-07-07,5.839129447937012,54.09000015258789,55.5,54.0,55.31999969482422,116000
2006-07-10,5.920093059539795,54.84000015258789,55.04999923706055,54.09000015258789,54.09000015258789,78867
2006-07-11,5.939523220062256,55.02000045776367,55.22999954223633,54.0,54.869998931884766,149400
2006-07-12,5.868276596069336,54.36000061035156,55.08000183105469,54.18000030517578,55.04999923706055,130300
2006-07-13,5.829415798187256,54.0,54.56999969482422,53.790000915527344,54.029998779296875,198167
2006-07-14,5.839129447937012,54.09000015258789,55.04999923706055,53.849998474121094,53.849998474121094,288100
2006-07-17,5.816458702087402,53.880001068115234,54.540000915527344,53.790000915527344,54.33000183105469,136500
2006-07-18,5.858562469482422,54.27000045776367,54.540000915527344,53.7599983215332,54.09000015258789,166033
2006-07-19,5.926570892333984,54.900001525878906,55.04999923706055,54.029998779296875,54.29999923706055,199733
2006-07-20,5.900663375854492,54.65999984741211,55.5,54.45000076293945,54.900001525878906,97633
2006-07-21,5.86180305480957,54.29999923706055,54.869998931884766,54.2400016784668,54.38999938964844,128067
2006-07-24,6.0172529220581055,55.7400016784668,55.79999923706055,54.56999969482422,54.779998779296875,87633
2006-07-25,6.039921283721924,55.95000076293945,56.34000015258789,54.900001525878906,55.5,91533
2006-07-26,6.001059532165527,55.59000015258789,56.15999984741211,54.93000030517578,55.7400016784668,108167
2006-07-27,6.0496392250061035,56.040000915527344,56.43000030517578,55.709999084472656,56.099998474121094,119767
2006-07-28,6.153271198272705,57.0,57.060001373291016,56.25,56.61000061035156,182633
2006-07-31,6.2407097816467285,57.810001373291016,57.869998931884766,56.400001525878906,57.150001525878906,138033
2006-08-01,6.166228771209717,57.119998931884766,57.65999984741211,55.86000061035156,57.65999984741211,102200
2006-08-02,6.218042373657227,57.599998474121094,58.31999969482422,57.0,57.41999816894531,98967
2006-08-03,6.289290428161621,58.2599983215332,58.470001220703125,57.18000030517578,57.38999938964844,75367
2006-08-04,6.250427722930908,57.900001525878906,58.97999954223633,57.0,58.5,140567
2006-08-07,6.282812595367432,58.20000076293945,58.439998626708984,57.2400016784668,57.900001525878906,137033
2006-08-08,6.263382434844971,58.02000045776367,58.95000076293945,57.810001373291016,58.20000076293945,128567
2006-08-09,6.2083234786987305,57.5099983215332,59.130001068115234,57.27000045776367,58.08000183105469,213300
2006-08-10,6.321676731109619,58.560001373291016,58.88999938964844,57.060001373291016,57.33000183105469,177067
2006-08-11,6.311960220336914,58.470001220703125,58.86000061035156,57.869998931884766,58.79999923706055,130467
2006-08-14,6.286052703857422,58.22999954223633,59.0099983215332,57.75,58.619998931884766,96867
2006-08-15,6.31519889831543,58.5,58.86000061035156,58.02000045776367,58.86000061035156,123733
2006-08-16,6.347584247589111,58.79999923706055,59.130001068115234,58.5,59.0099983215332,205900
2006-08-17,6.379970073699951,59.099998474121094,59.66999816894531,58.59000015258789,58.79999923706055,164000
2006-08-18,6.350823402404785,58.83000183105469,59.52000045776367,58.529998779296875,59.34000015258789,131600
2006-08-21,6.324918270111084,58.59000015258789,58.88999938964844,58.5,58.529998779296875,76733
2006-08-22,6.328154563903809,58.619998931884766,58.88999938964844,58.40999984741211,58.68000030517578,116133
2006-08-23,6.2309980392456055,57.720001220703125,58.95000076293945,57.47999954223633,58.79999923706055,129600
2006-08-24,6.256905555725098,57.959999084472656,58.470001220703125,57.56999969482422,58.08000183105469,93600
2006-08-25,6.279573440551758,58.16999816894531,58.59000015258789,57.779998779296875,57.779998779296875,108900
2006-08-28,6.331393718719482,58.650001525878906,59.25,57.810001373291016,58.22999954223633,167067
2006-08-29,6.3734941482543945,59.040000915527344,59.15999984741211,58.31999969482422,58.95000076293945,132033
2006-08-30,6.4738898277282715,59.970001220703125,60.060001373291016,58.7400016784668,59.369998931884766,150233
2006-08-31,6.467410564422607,59.90999984741211,60.869998931884766,59.790000915527344,60.29999923706055,143167
2006-09-01,6.4803643226623535,60.029998779296875,60.5099983215332,59.849998474121094,60.029998779296875,111833
2006-09-05,6.509512424468994,60.29999923706055,60.41999816894531,59.880001068115234,60.0,100133
2006-09-06,6.4706501960754395,59.939998626708984,60.209999084472656,59.63999938964844,60.209999084472656,86433
2006-09-07,6.41559362411499,59.43000030517578,60.119998931884766,59.310001373291016,59.90999984741211,123133
2006-09-08,6.460933685302734,59.849998474121094,60.060001373291016,59.400001525878906,59.66999816894531,144400
2006-09-11,6.379970073699951,59.099998474121094,60.060001373291016,58.97999954223633,59.72999954223633,157733
2006-09-12,6.506275177001953,60.27000045776367,60.900001525878906,59.25,59.61000061035156,547600
2006-09-13,6.55809211730957,60.75,61.380001068115234,60.150001525878906,60.45000076293945,150300
2006-09-14,6.532184600830078,60.5099983215332,61.40999984741211,60.27000045776367,60.75,130667
2006-09-15,6.652011394500732,61.619998931884766,61.77000045776367,60.630001068115234,60.9900016784668,225667
2006-09-18,6.681154727935791,61.88999938964844,62.25,61.5,61.86000061035156,164067
2006-09-19,6.6380743980407715,60.09000015258789,61.529998779296875,59.099998474121094,61.529998779296875,206367
2006-09-20,6.870059490203857,62.189998626708984,62.54999923706055,60.27000045776367,60.27000045776367,226200
2006-09-21,6.836918354034424,61.88999938964844,62.369998931884766,61.619998931884766,62.369998931884766,137300
2006-09-22,6.777264595031738,61.349998474121094,62.189998626708984,60.93000030517578,61.95000076293945,148567
2006-09-25,6.754065990447998,61.13999938964844,61.79999923706055,60.630001068115234,61.20000076293945,124900
2006-09-26,6.807092666625977,61.619998931884766,61.88999938964844,60.75,61.13999938964844,145567
2006-09-27,6.896570682525635,62.43000030517578,62.52000045776367,61.380001068115234,61.439998626708984,146333
2006-09-28,6.88994026184082,62.369998931884766,62.52000045776367,61.529998779296875,62.400001525878906,204600
2006-09-29,6.797149181365967,61.529998779296875,62.4900016784668,61.529998779296875,62.040000915527344,115100
2006-10-02,6.813719749450684,61.68000030517578,62.849998474121094,61.08000183105469,61.529998779296875,138500
2006-10-03,6.840233325958252,61.91999816894531,62.310001373291016,61.08000183105469,61.16999816894531,129667
2006-10-04,6.9495954513549805,62.90999984741211,63.27000045776367,61.59000015258789,61.97999954223633,167767
2006-10-05,6.952913761138916,62.939998626708984,63.18000030517578,62.61000061035156,63.060001373291016,176533
2006-10-06,6.946285247802734,62.880001068115234,63.029998779296875,62.459999084472656,62.7599983215332,132000
2006-10-09,6.923083305358887,62.66999816894531,63.0,62.52000045776367,63.0,172367
2006-10-10,6.929710388183594,62.72999954223633,63.0,62.54999923706055,62.970001220703125,157467
2006-10-11,6.863431453704834,62.130001068115234,63.0,61.650001525878906,62.81999969482422,147033
2006-10-12,6.946285247802734,62.880001068115234,63.0,62.15999984741211,62.54999923706055,150867
2006-10-13,6.959537029266357,63.0,63.540000915527344,62.63999938964844,63.0,130400
2006-10-16,6.926399230957031,62.70000076293945,63.209999084472656,62.63999938964844,63.119998931884766,168800
2006-10-17,6.913142681121826,62.58000183105469,62.849998474121094,61.20000076293945,61.650001525878906,185833
2006-10-18,6.909830093383789,62.54999923706055,62.849998474121094,62.279998779296875,62.70000076293945,122733
2006-10-19,6.916454315185547,62.61000061035156,62.70000076293945,62.310001373291016,62.54999923706055,119200
2006-10-20,6.866744041442871,62.15999984741211,62.72999954223633,61.83000183105469,62.70000076293945,180133
2006-10-23,6.9661664962768555,63.060001373291016,63.18000030517578,61.83000183105469,62.130001068115234,102033
2006-10-24,7.042388439178467,63.75,64.08000183105469,63.029998779296875,63.29999923706055,136033
2006-10-25,7.078845024108887,64.08000183105469,64.47000122070312,63.47999954223633,63.93000030517578,121000
2006-10-26,7.2511749267578125,65.63999938964844,65.69999694824219,63.720001220703125,64.16999816894531,156800
2006-10-27,7.141814231872559,64.6500015258789,65.94000244140625,64.47000122070312,65.87999725341797,122267
2006-10-30,7.118612289428711,64.44000244140625,65.22000122070312,64.19999694824219,64.62000274658203,146900
2006-10-31,7.145127296447754,64.68000030517578,65.04000091552734,64.08000183105469,64.70999908447266,116367
2006-11-01,6.9495954513549805,62.90999984741211,65.58000183105469,62.70000076293945,65.0999984741211,233933
2006-11-02,6.860116004943848,62.099998474121094,62.970001220703125,61.22999954223633,62.400001525878906,189000
2006-11-03,6.876683712005615,62.25,62.81999969482422,62.0099983215332,62.43000030517578,118467
2006-11-06,7.125242233276367,64.5,65.06999969482422,62.61000061035156,62.81999969482422,101533
2006-11-07,7.231292724609375,65.45999908447266,67.44000244140625,64.88999938964844,65.25,287233
2006-11-08,7.347282409667969,66.51000213623047,67.31999969482422,63.720001220703125,63.75,296600
2006-11-09,7.440075874328613,67.3499984741211,68.33999633789062,66.66000366210938,67.11000061035156,319400
2006-11-10,7.562697410583496,68.45999908447266,69.08999633789062,67.52999877929688,67.80000305175781,233533
2006-11-13,7.625665664672852,69.02999877929688,69.23999786376953,68.04000091552734,68.61000061035156,169000
2006-11-14,7.711828231811523,69.80999755859375,69.83999633789062,68.58000183105469,69.0,225400
2006-11-15,7.615725517272949,68.94000244140625,69.9000015258789,68.69999694824219,69.75,178167
2006-11-16,7.556073188781738,68.4000015258789,69.33000183105469,67.86000061035156,68.94000244140625,182800
2006-11-17,7.612411975860596,68.91000366210938,69.20999908447266,68.01000213623047,68.16000366210938,145233
2006-11-20,7.4897871017456055,67.80000305175781,69.23999786376953,67.7699966430664,68.97000122070312,165100
2006-11-21,7.486477851867676,67.7699966430664,68.37000274658203,67.58999633789062,67.80000305175781,137833
2006-11-22,7.496415138244629,67.86000061035156,68.4000015258789,67.73999786376953,68.06999969482422,75300
2006-11-24,7.486477851867676,67.7699966430664,68.01000213623047,67.52999877929688,67.86000061035156,205733
2006-11-27,7.324085712432861,66.30000305175781,67.86000061035156,65.87999725341797,67.80000305175781,257033
2006-11-28,7.347282409667969,66.51000213623047,66.77999877929688,65.87999725341797,66.30000305175781,120733
2006-11-29,7.440075874328613,67.3499984741211,67.52999877929688,66.51000213623047,66.87000274658203,142300
2006-11-30,7.446706295013428,67.41000366210938,67.6500015258789,66.98999786376953,67.3499984741211,170500
2006-12-01,7.141814231872559,64.6500015258789,67.26000213623047,64.5,67.11000061035156,763600
2006-12-04,7.290943622589111,66.0,66.08999633789062,64.6500015258789,64.6500015258789,333433
2006-12-05,7.353913307189941,66.56999969482422,66.93000030517578,65.7300033569336,66.2699966430664,291267
2006-12-06,7.416879653930664,67.13999938964844,67.91999816894531,66.44999694824219,66.83999633789062,352133
2006-12-07,7.4897871017456055,67.80000305175781,68.69999694824219,67.80000305175781,68.25,232633
2006-12-08,7.469903945922852,67.62000274658203,68.37000274658203,67.62000274658203,67.88999938964844,182200
2006-12-11,7.552754878997803,68.37000274658203,68.91000366210938,67.70999908447266,67.80000305175781,171200
2006-12-12,7.479848384857178,67.70999908447266,68.66999816894531,67.6500015258789,68.45999908447266,153633
2006-12-13,7.522929668426514,68.0999984741211,68.37000274658203,67.68000030517578,67.80000305175781,120667
2006-12-14,7.4897871017456055,67.80000305175781,68.4000015258789,67.70999908447266,68.37000274658203,143333
2006-12-15,7.46327018737793,67.55999755859375,67.94999694824219,67.55999755859375,67.91999816894531,419400
2006-12-18,7.4897871017456055,67.80000305175781,68.01000213623047,67.55999755859375,67.80000305175781,196433
2006-12-19,7.523679256439209,66.5999984741211,66.95999908447266,66.12000274658203,66.69000244140625,235467
2006-12-20,7.544013500213623,66.77999877929688,66.95999908447266,66.1500015258789,66.72000122070312,510000
2006-12-21,7.496564865112305,66.36000061035156,66.9000015258789,65.87999725341797,66.66000366210938,183933
2006-12-22,7.46267557144165,66.05999755859375,66.62999725341797,65.22000122070312,66.62999725341797,154267
2006-12-26,7.455898284912109,66.0,66.62999725341797,65.81999969482422,66.36000061035156,93133
2006-12-27,7.472845077514648,66.1500015258789,66.56999969482422,65.37000274658203,66.05999755859375,217900
2006-12-28,7.5643486976623535,66.95999908447266,67.11000061035156,66.18000030517578,66.20999908447266,141367
2006-12-29,7.591458320617676,67.19999694824219,67.6500015258789,66.9000015258789,67.0199966430664,150633
2007-01-03,7.69651985168457,68.12999725341797,68.25,67.2300033569336,67.26000213623047,189300
2007-01-04,7.652463436126709,67.73999786376953,68.30999755859375,67.5,68.30999755859375,199300
2007-01-05,7.469455242156982,66.12000274658203,67.11000061035156,65.0999984741211,67.11000061035156,419300
2007-01-08,7.533848762512207,66.69000244140625,66.95999908447266,65.63999938964844,66.2699966430664,246033
2007-01-09,7.581294536590576,67.11000061035156,67.47000122070312,65.87999725341797,66.9000015258789,190600
2007-01-10,7.601626873016357,67.29000091552734,67.70999908447266,66.51000213623047,67.26000213623047,166000
2007-01-11,7.60501766204834,67.31999969482422,68.5199966430664,67.13999938964844,67.5,351367
2007-01-12,7.469455242156982,66.12000274658203,67.19999694824219,66.0,67.16999816894531,2598600
2007-01-16,7.537236213684082,66.72000122070312,66.87000274658203,66.30000305175781,66.44999694824219,574967
2007-01-17,7.4830098152160645,66.23999786376953,66.95999908447266,66.12000274658203,66.83999633789062,545400
2007-01-18,7.428786754608154,65.76000213623047,66.44999694824219,65.48999786376953,66.30000305175781,608033
2007-01-19,7.4830098152160645,66.23999786376953,66.51000213623047,65.81999969482422,65.97000122070312,517267
2007-01-22,7.4830098152160645,66.23999786376953,66.4800033569336,66.0,66.4800033569336,302133
2007-01-23,7.506735324859619,66.44999694824219,66.5999984741211,66.1500015258789,66.36000061035156,300200
2007-01-24,7.533848762512207,66.69000244140625,66.77999877929688,66.44999694824219,66.66000366210938,299533
2007-01-25,7.486398696899414,66.2699966430664,66.80999755859375,66.1500015258789,66.75,279567
2007-01-26,7.506735324859619,66.44999694824219,66.77999877929688,66.08999633789062,66.62999725341797,280733
2007-01-29,7.496564865112305,66.36000061035156,66.83999633789062,66.30000305175781,66.44999694824219,273733
2007-01-30,7.499956130981445,66.38999938964844,66.4800033569336,66.1500015258789,66.36000061035156,230633
2007-01-31,7.523679256439209,66.5999984741211,66.80999755859375,66.1500015258789,66.44999694824219,285300
2007-02-01,7.5643486976623535,66.95999908447266,67.0199966430664,66.5999984741211,66.69000244140625,320567
2007-02-02,7.598239898681641,67.26000213623047,67.31999969482422,66.75,67.0199966430664,280533
2007-02-05,7.608405113220215,67.3499984741211,67.47000122070312,66.95999908447266,67.29000091552734,395633
2007-02-06,7.703299045562744,68.19000244140625,68.25,67.19999694824219,67.44000244140625,490333
2007-02-07,7.710077285766602,68.25,68.7300033569336,67.68000030517578,68.61000061035156,345067
2007-02-08,7.804966926574707,69.08999633789062,69.2699966430664,68.01000213623047,68.76000213623047,552167
2007-02-09,7.791412353515625,68.97000122070312,70.41000366210938,68.12999725341797,69.80999755859375,645300
2007-02-12,7.784638404846191,68.91000366210938,69.72000122070312,67.5,69.51000213623047,496667
2007-02-13,7.920196533203125,70.11000061035156,70.31999969482422,69.08999633789062,69.08999633789062,384833
2007-02-14,7.9676408767700195,70.52999877929688,71.04000091552734,69.98999786376953,70.44000244140625,380767
2007-02-15,7.93375301361084,70.2300033569336,70.91999816894531,69.77999877929688,70.6500015258789,271833
2007-02-16,8.062536239624023,71.37000274658203,71.63999938964844,70.2300033569336,70.2300033569336,256067
2007-02-20,8.174379348754883,72.36000061035156,72.5999984741211,71.5199966430664,72.02999877929688,391133
2007-02-21,7.957479476928711,70.44000244140625,71.7300033569336,69.5999984741211,71.7300033569336,562867
2007-02-22,7.9371418952941895,70.26000213623047,70.91999816894531,69.75,70.55999755859375,299467
2007-02-23,7.8185248374938965,69.20999908447266,70.26000213623047,68.66999816894531,70.26000213623047,391233
2007-02-26,7.737184047698975,68.48999786376953,69.75,67.9800033569336,69.75,427833
2007-02-27,7.46267557144165,66.05999755859375,68.30999755859375,65.8499984741211,67.68000030517578,491300
2007-02-28,7.68635368347168,68.04000091552734,68.43000030517578,65.7300033569336,66.20999908447266,1075233
2007-03-01,7.544013500213623,66.77999877929688,68.30999755859375,66.02999877929688,67.37999725341797,479867
2007-03-02,7.411840915679932,65.61000061035156,66.83999633789062,65.48999786376953,66.30000305175781,378200
2007-03-05,6.879761695861816,60.900001525878906,64.94999694824219,51.900001525878906,64.58999633789062,1470833
2007-03-06,7.191553115844727,63.65999984741211,64.29000091552734,61.709999084472656,62.0099983215332,510367
2007-03-07,7.259334564208984,64.26000213623047,64.68000030517578,63.150001525878906,64.16999816894531,481700
2007-03-08,7.3542304039001465,65.0999984741211,66.41999816894531,64.55999755859375,65.19000244140625,437800
2007-03-09,7.3542304039001465,65.0999984741211,66.44999694824219,64.29000091552734,65.97000122070312,372100
2007-03-12,7.3745598793029785,65.27999877929688,66.0,64.73999786376953,64.80000305175781,339933
2007-03-13,7.022098064422607,62.15999984741211,65.25,61.68000030517578,65.25,1061000
2007-03-14,7.174607276916504,63.5099983215332,64.16999816894531,61.08000183105469,62.279998779296875,500700
2007-03-15,7.3542304039001465,65.0999984741211,65.12999725341797,63.599998474121094,63.599998474121094,268800
2007-03-16,7.262722015380859,64.29000091552734,65.8499984741211,63.869998931884766,65.0999984741211,575600
2007-03-19,7.3542304039001465,65.0999984741211,65.58000183105469,64.5,64.55999755859375,334800
2007-03-20,7.4895806312561035,64.73999786376953,64.80000305175781,63.0,63.5099983215332,317000
2007-03-21,7.444465160369873,64.3499984741211,64.9800033569336,63.45000076293945,64.70999908447266,384200
2007-03-22,7.354230880737305,63.56999969482422,64.62000274658203,63.41999816894531,64.44000244140625,351433
2007-03-23,7.409757614135742,64.05000305175781,64.29000091552734,63.41999816894531,63.599998474121094,253367
2007-03-26,7.458346843719482,64.47000122070312,64.47000122070312,63.810001373291016,64.2300033569336,662433
2007-03-27,7.430579662322998,64.2300033569336,64.86000061035156,63.959999084472656,64.26000213623047,164467
2007-03-28,7.298694133758545,63.09000015258789,64.29000091552734,63.0,63.9900016784668,189467
2007-03-29,7.37852144241333,63.779998779296875,63.84000015258789,63.0,63.75,193767
2007-03-30,7.427109241485596,64.19999694824219,64.3499984741211,63.36000061035156,63.900001525878906,320100
2007-04-02,7.496522426605225,64.80000305175781,64.80000305175781,63.9900016784668,64.6500015258789,207967
2007-04-03,7.611050605773926,65.79000091552734,66.0,64.9800033569336,65.06999969482422,206700
2007-04-04,7.7082295417785645,66.62999725341797,67.41000366210938,65.69999694824219,65.69999694824219,290700
2007-04-05,7.722111701965332,66.75,67.37999725341797,66.4800033569336,66.56999969482422,209533
2007-04-09,7.6665802001953125,66.2699966430664,67.55999755859375,66.12000274658203,67.55999755859375,218400
2007-04-10,7.683933734893799,66.41999816894531,66.66000366210938,65.87999725341797,66.33000183105469,211667
2007-04-11,7.558993339538574,65.33999633789062,66.56999969482422,64.94999694824219,66.56999969482422,268767
2007-04-12,7.427109241485596,64.19999694824219,64.86000061035156,63.09000015258789,64.62000274658203,374267
2007-04-13,7.4166951179504395,64.11000061035156,64.26000213623047,63.45000076293945,64.19999694824219,517000
2007-04-16,7.593698978424072,65.63999938964844,65.7300033569336,63.630001068115234,64.31999969482422,271800
2007-04-17,7.597170829772949,65.66999816894531,66.77999877929688,65.61000061035156,65.8499984741211,245200
2007-04-18,7.638816833496094,66.02999877929688,66.5999984741211,65.5199966430664,65.81999969482422,205933
2007-04-19,7.534700870513916,65.12999725341797,66.5999984741211,64.6500015258789,65.58000183105469,315333
2007-04-20,7.506933689117432,64.88999938964844,66.08999633789062,64.5,65.22000122070312,303733
2007-04-23,7.531225681304932,65.0999984741211,65.43000030517578,64.62000274658203,64.88999938964844,240100
2007-04-24,7.513873100280762,64.94999694824219,65.55000305175781,64.86000061035156,65.45999908447266,191267
2007-04-25,7.6631083488464355,66.23999786376953,66.38999938964844,64.52999877929688,65.4000015258789,306033
2007-04-26,7.6700544357299805,66.30000305175781,66.62999725341797,65.45999908447266,66.30000305175781,230400
2007-04-27,7.69087553024292,66.4800033569336,66.80999755859375,65.7300033569336,66.56999969482422,228033
2007-04-30,7.624935150146484,65.91000366210938,67.2300033569336,65.8499984741211,66.75,263067
2007-05-01,7.617990016937256,65.8499984741211,66.54000091552734,65.5199966430664,66.1500015258789,241433
2007-05-02,7.611050605773926,65.79000091552734,66.83999633789062,65.61000061035156,65.97000122070312,302567
2007-05-03,7.6631083488464355,66.23999786376953,66.66000366210938,65.58000183105469,65.8499984741211,234600
2007-05-04,7.781113624572754,67.26000213623047,67.41000366210938,66.56999969482422,66.66000366210938,195367
2007-05-07,7.7429351806640625,66.93000030517578,67.80000305175781,66.83999633789062,67.47000122070312,281433
2007-05-08,7.763758659362793,67.11000061035156,67.16999816894531,66.05999755859375,66.93000030517578,144900
2007-05-09,7.857464790344238,67.91999816894531,68.22000122070312,66.5999984741211,67.0199966430664,221200
2007-05-10,7.7151689529418945,66.69000244140625,67.86000061035156,66.4800033569336,67.7699966430664,222433
2007-05-11,7.822761058807373,67.62000274658203,67.6500015258789,66.69000244140625,66.87000274658203,200067
2007-05-14,7.826230525970459,67.6500015258789,68.19000244140625,67.08000183105469,67.7699966430664,329167
2007-05-15,7.7325239181518555,66.83999633789062,68.04000091552734,66.83999633789062,67.91999816894531,229867
2007-05-16,7.7082295417785645,66.62999725341797,67.37999725341797,66.08999633789062,67.05000305175781,435367
2007-05-17,7.6700544357299805,66.30000305175781,66.87000274658203,66.08999633789062,66.33000183105469,240433
2007-05-18,7.7082295417785645,66.62999725341797,66.80999755859375,66.08999633789062,66.5999984741211,220200
2007-05-21,7.7359938621521,66.87000274658203,67.44000244140625,66.75,66.77999877929688,321967
2007-05-22,7.683933734893799,66.41999816894531,67.16999816894531,66.30000305175781,67.0199966430664,325367
2007-05-23,7.607580184936523,65.76000213623047,66.75,65.63999938964844,66.5999984741211,291933
2007-05-24,7.541641712188721,65.19000244140625,66.0,64.80000305175781,65.97000122070312,299900
2007-05-25,7.635347366333008,66.0,66.1500015258789,65.45999908447266,65.58000183105469,222500
2007-05-29,7.80887508392334,67.5,67.73999786376953,65.94000244140625,66.2699966430664,346100
2007-05-30,8.058758735656738,69.66000366210938,69.87000274658203,67.52999877929688,67.6500015258789,397967
2007-05-31,8.166349411010742,70.58999633789062,70.7699966430664,69.44999694824219,69.44999694824219,583833
2007-06-01,8.27393913269043,71.5199966430664,71.7300033569336,70.3499984741211,70.70999908447266,511433
2007-06-04,8.2531156539917,71.33999633789062,71.87999725341797,70.58999633789062,71.45999908447266,411100
2007-06-05,8.225351333618164,71.0999984741211,71.4000015258789,70.5,71.25,317300
2007-06-06,8.07264232635498,69.77999877929688,70.94999694824219,69.33000183105469,70.94999694824219,389933
2007-06-07,7.975467205047607,68.94000244140625,70.13999938964844,68.16000366210938,69.77999877929688,455500
2007-06-08,8.024056434631348,69.36000061035156,69.72000122070312,68.33999633789062,69.0,315800
2007-06-11,8.135115623474121,70.31999969482422,70.91999816894531,69.1500015258789,69.44999694824219,251400
2007-06-12,8.017114639282227,69.30000305175781,70.80000305175781,69.2699966430664,70.19999694824219,379733
2007-06-13,8.09346866607666,69.95999908447266,70.44000244140625,69.33000183105469,69.69000244140625,440200
2007-06-14,8.128173828125,70.26000213623047,70.58999633789062,69.9000015258789,70.16999816894531,196800
2007-06-15,8.25658893585205,71.37000274658203,71.4000015258789,70.3499984741211,71.19000244140625,490000
2007-06-18,8.374582290649414,72.38999938964844,72.51000213623047,71.33999633789062,71.69999694824219,549633
2007-06-19,8.388766288757324,70.9800033569336,71.25,70.26000213623047,71.19000244140625,383067
2007-06-20,8.176034927368164,69.18000030517578,71.79000091552734,69.02999877929688,71.25,307800
2007-06-21,8.165399551391602,69.08999633789062,69.36000061035156,67.52999877929688,69.02999877929688,319567
2007-06-22,8.037760734558105,68.01000213623047,69.08999633789062,67.58999633789062,68.8499984741211,565500
2007-06-25,8.016487121582031,67.83000183105469,68.37000274658203,66.80999755859375,68.01000213623047,371133
2007-06-26,7.934937953948975,67.13999938964844,67.86000061035156,66.23999786376953,67.70999908447266,351400
2007-06-27,7.835662841796875,66.30000305175781,66.98999786376953,65.0999984741211,66.56999969482422,518467
2007-06-28,7.800208568572998,66.0,66.56999969482422,65.37000274658203,66.51000213623047,370767
2007-06-29,7.630021095275879,64.55999755859375,67.11000061035156,63.959999084472656,66.2699966430664,451633
2007-07-02,7.796660900115967,65.97000122070312,66.0,63.959999084472656,64.16999816894531,352933
2007-07-03,7.839207172393799,66.33000183105469,66.41999816894531,65.76000213623047,65.97000122070312,213900
2007-07-05,7.807301044464111,66.05999755859375,66.33000183105469,65.45999908447266,66.33000183105469,292267
2007-07-06,7.913665771484375,66.95999908447266,67.08000183105469,65.55000305175781,65.91000366210938,279833
2007-07-09,7.864027976989746,66.54000091552734,67.29000091552734,66.41999816894531,67.11000061035156,245267
2007-07-10,7.750570297241211,65.58000183105469,66.66000366210938,65.5199966430664,66.36000061035156,333433
2007-07-11,7.750570297241211,65.58000183105469,66.51000213623047,65.30999755859375,65.66999816894531,255700
2007-07-12,7.977484703063965,67.5,67.5,65.43000030517578,65.43000030517578,347467
2007-07-13,8.087398529052734,68.43000030517578,68.63999938964844,67.19999694824219,67.47000122070312,343667
2007-07-16,8.066123008728027,68.25,69.44999694824219,67.88999938964844,68.16000366210938,367233
2007-07-17,8.11931037902832,68.69999694824219,68.97000122070312,66.98999786376953,68.58000183105469,348933
2007-07-18,7.977484703063965,67.5,68.69999694824219,66.54000091552734,68.5199966430664,321267
2007-07-19,8.023580551147461,67.88999938964844,68.30999755859375,66.93000030517578,67.70999908447266,250867
2007-07-20,7.750570297241211,65.58000183105469,67.7699966430664,65.55000305175781,67.73999786376953,468933
2007-07-23,7.888848781585693,66.75,67.5,66.1500015258789,66.1500015258789,334233
2007-07-24,7.481107711791992,63.29999923706055,66.5999984741211,63.150001525878906,66.41999816894531,489967
2007-07-25,7.3321943283081055,62.040000915527344,64.0199966430664,59.790000915527344,63.599998474121094,813533
2007-07-26,7.0414605140686035,59.58000183105469,61.2599983215332,57.720001220703125,61.08000183105469,891967
2007-07-27,7.32865047454834,62.0099983215332,62.939998626708984,59.099998474121094,59.310001373291016,799633
2007-07-30,7.399560928344727,62.61000061035156,63.0,60.599998474121094,62.25,526967
2007-07-31,7.477561950683594,63.27000045776367,65.87999725341797,63.18000030517578,63.18000030517578,655067
2007-08-01,7.225827217102051,61.13999938964844,64.16999816894531,56.54999923706055,63.060001373291016,997200
2007-08-02,7.321559429168701,61.95000076293945,62.61000061035156,60.75,60.900001525878906,595167
2007-08-03,7.115915775299072,60.209999084472656,62.130001068115234,60.0,61.97999954223633,417833
2007-08-06,7.158464431762695,60.56999969482422,61.290000915527344,57.75,59.970001220703125,650200
2007-08-07,7.392472743988037,62.54999923706055,62.70000076293945,60.0,60.0,520233
2007-08-08,7.782475471496582,65.8499984741211,66.66000366210938,62.15999984741211,62.220001220703125,596567
2007-08-09,7.622927188873291,64.5,67.44000244140625,63.029998779296875,64.5,672900
2007-08-10,7.8285722732543945,66.23999786376953,66.69000244140625,62.130001068115234,63.029998779296875,575933
2007-08-13,7.722203254699707,65.33999633789062,67.47000122070312,65.06999969482422,67.05000305175781,356500
2007-08-14,7.349926471710205,62.189998626708984,65.87999725341797,62.099998474121094,65.7300033569336,316900
2007-08-15,6.91382360458374,58.5,61.7400016784668,58.349998474121094,61.68000030517578,910000
2007-08-16,7.147827625274658,60.47999954223633,61.08000183105469,54.36000061035156,57.540000915527344,753633
2007-08-17,7.4881978034973145,63.36000061035156,65.0999984741211,60.47999954223633,64.86000061035156,505967
2007-08-20,7.43856143951416,62.939998626708984,64.5,62.040000915527344,63.5099983215332,330967
2007-08-21,7.679659843444824,64.9800033569336,65.25,62.15999984741211,63.29999923706055,277233
2007-08-22,7.7789306640625,65.81999969482422,66.5999984741211,64.9800033569336,65.7300033569336,238467
2007-08-23,7.764751434326172,65.69999694824219,66.0,64.37999725341797,65.97000122070312,204233
2007-08-24,7.832117557525635,66.2699966430664,66.36000061035156,65.4000015258789,66.0,247533
2007-08-27,7.839207172393799,66.33000183105469,66.66000366210938,65.76000213623047,66.5999984741211,160067
2007-08-28,7.505926132202148,63.5099983215332,65.97000122070312,63.209999084472656,65.69999694824219,285900
2007-08-29,7.683206558227539,65.01000213623047,65.06999969482422,63.029998779296875,64.0199966430664,216600
2007-08-30,7.601658344268799,64.31999969482422,65.58000183105469,63.959999084472656,64.91999816894531,159067
2007-08-31,7.743481636047363,65.5199966430664,65.94000244140625,65.01000213623047,65.4000015258789,227700
2007-09-04,7.8604817390441895,66.51000213623047,66.93000030517578,65.61000061035156,66.44999694824219,203767
2007-09-05,7.7328410148620605,65.43000030517578,66.51000213623047,65.12999725341797,66.20999908447266,187067
2007-09-06,7.789572715759277,65.91000366210938,66.51000213623047,64.80000305175781,65.91000366210938,179633
2007-09-07,7.729298114776611,65.4000015258789,65.81999969482422,64.2300033569336,65.76000213623047,288633
2007-09-10,7.700935363769531,65.16000366210938,66.05999755859375,63.900001525878906,65.81999969482422,293533
2007-09-11,7.44564962387085,63.0,63.869998931884766,62.7599983215332,63.27000045776367,539200
2007-09-12,7.274779319763184,60.029998779296875,61.650001525878906,60.0,61.560001373291016,840633
2007-09-13,7.198432445526123,59.400001525878906,59.849998474121094,59.310001373291016,59.400001525878906,3193767
2007-09-14,7.282054424285889,60.09000015258789,60.41999816894531,59.25,59.400001525878906,1177533
2007-09-17,7.271143913269043,60.0,60.18000030517578,59.66999816894531,60.150001525878906,774700
2007-09-18,7.365671157836914,60.779998779296875,61.02000045776367,59.72999954223633,60.2400016784668,749100
2007-09-19,7.442018032073975,61.40999984741211,61.59000015258789,60.65999984741211,61.2599983215332,710600
2007-09-20,7.391119956970215,60.9900016784668,61.5,60.47999954223633,61.5,436233
2007-09-21,7.434744358062744,61.349998474121094,61.650001525878906,61.02000045776367,61.439998626708984,479467
2007-09-24,7.387485027313232,60.959999084472656,61.95000076293945,60.75,61.650001525878906,317600
2007-09-25,7.34749174118042,60.630001068115234,60.900001525878906,60.18000030517578,60.65999984741211,293833
2007-09-26,7.478372097015381,61.709999084472656,62.099998474121094,60.75,60.900001525878906,366167
2007-09-27,7.5874409675598145,62.61000061035156,62.70000076293945,61.2599983215332,62.099998474121094,291033
2007-09-28,7.5619916915893555,62.400001525878906,63.029998779296875,61.97999954223633,62.459999084472656,403567
2007-10-01,7.5329084396362305,62.15999984741211,62.63999938964844,61.91999816894531,62.25,344300
2007-10-02,7.63469934463501,63.0,63.060001373291016,61.95000076293945,62.15999984741211,363000
2007-10-03,7.652882099151611,63.150001525878906,63.689998626708984,62.43000030517578,62.880001068115234,217167
2007-10-04,7.9291815757751465,65.43000030517578,65.48999786376953,63.029998779296875,63.29999923706055,399567
2007-10-05,7.896466255187988,65.16000366210938,65.8499984741211,64.52999877929688,65.63999938964844,269000
2007-10-08,7.860110282897949,64.86000061035156,65.48999786376953,64.55999755859375,65.27999877929688,219333
2007-10-09,7.896466255187988,65.16000366210938,65.27999877929688,63.869998931884766,64.6500015258789,267833
2007-10-10,7.852835178375244,64.80000305175781,65.01000213623047,64.41000366210938,64.94999694824219,238900
2007-10-11,7.700143814086914,63.540000915527344,65.22000122070312,63.29999923706055,64.83000183105469,270167
2007-10-12,7.820118427276611,64.52999877929688,64.7699966430664,63.209999084472656,63.29999923706055,162433
2007-10-15,7.678328990936279,63.36000061035156,64.5,62.61000061035156,64.5,305467
2007-10-16,7.5874409675598145,62.61000061035156,63.36000061035156,61.88999938964844,63.36000061035156,262133
2007-10-17,7.5329084396362305,62.15999984741211,63.060001373291016,61.2599983215332,62.52000045776367,260500
2007-10-18,7.58380651473999,62.58000183105469,62.7599983215332,61.349998474121094,61.650001525878906,194967
2007-10-19,7.289325714111328,60.150001525878906,62.58000183105469,60.150001525878906,62.58000183105469,412733
2007-10-22,7.612890243530273,62.81999969482422,62.970001220703125,59.279998779296875,60.0,362333
2007-10-23,7.631065368652344,62.970001220703125,63.2400016784668,61.86000061035156,63.09000015258789,247067
2007-10-24,7.514726161956787,62.0099983215332,63.0,60.5099983215332,63.0,222133
2007-10-25,7.482011318206787,61.7400016784668,62.34000015258789,60.47999954223633,61.95000076293945,278267
2007-10-26,7.631065368652344,62.970001220703125,63.0,61.5,62.15999984741211,274567
2007-10-29,7.547447681427002,62.279998779296875,63.150001525878906,62.189998626708984,62.90999984741211,280000
2007-10-30,7.467467308044434,61.619998931884766,62.369998931884766,61.5,62.25,265500
2007-10-31,7.5619916915893555,62.400001525878906,62.849998474121094,61.13999938964844,62.099998474121094,274633
2007-11-01,7.427476406097412,61.290000915527344,62.06999969482422,59.939998626708984,61.83000183105469,410867
2007-11-02,7.336585998535156,60.540000915527344,61.529998779296875,59.4900016784668,61.290000915527344,334133
2007-11-05,7.23478889465332,59.70000076293945,60.209999084472656,58.380001068115234,59.970001220703125,415400
2007-11-06,7.423838138580322,61.2599983215332,61.40999984741211,58.88999938964844,58.91999816894531,405433
2007-11-07,6.678546905517578,55.11000061035156,59.040000915527344,54.36000061035156,56.81999969482422,1184000
2007-11-08,6.885775566101074,56.81999969482422,57.38999938964844,54.060001373291016,55.95000076293945,615000
2007-11-09,6.816696643829346,56.25,57.5099983215332,55.5,55.86000061035156,531500
2007-11-12,6.867595672607422,56.66999816894531,58.20000076293945,56.4900016784668,56.81999969482422,309233
2007-11-13,7.005748748779297,57.810001373291016,58.13999938964844,56.72999954223633,57.33000183105469,288933
2007-11-14,6.834877967834473,56.400001525878906,58.40999984741211,56.310001373291016,57.93000030517578,358867
2007-11-15,6.743988513946533,55.650001525878906,57.060001373291016,54.75,56.400001525878906,326800
2007-11-16,6.754893779754639,55.7400016784668,56.58000183105469,54.93000030517578,55.7400016784668,352833
2007-11-19,6.551300525665283,54.060001373291016,55.31999969482422,54.029998779296875,55.11000061035156,510100
2007-11-20,6.533124923706055,53.90999984741211,54.41999816894531,53.099998474121094,54.029998779296875,557133
2007-11-21,6.434963226318359,53.099998474121094,54.150001525878906,52.88999938964844,53.400001525878906,315800
2007-11-23,6.584023952484131,54.33000183105469,54.56999969482422,53.25,53.25,133800
2007-11-26,6.220466613769531,51.33000183105469,54.75,51.33000183105469,54.29999923706055,466000
2007-11-27,6.2568206787109375,51.630001068115234,52.95000076293945,51.150001525878906,51.900001525878906,403167
2007-11-28,6.580386161804199,54.29999923706055,54.84000015258789,52.20000076293945,52.40999984741211,544833
2007-11-29,6.478591442108154,53.459999084472656,55.08000183105469,53.099998474121094,54.27000045776367,501133
2007-11-30,6.4385986328125,53.130001068115234,54.779998779296875,52.5,54.33000183105469,1053300
2007-12-03,6.31135368347168,52.08000183105469,53.310001373291016,51.65999984741211,53.130001068115234,400333
2007-12-04,6.191378593444824,51.09000015258789,52.02000045776367,51.09000015258789,51.959999084472656,334333
2007-12-05,6.347710132598877,52.380001068115234,52.439998626708984,51.45000076293945,51.599998474121094,273400
2007-12-06,6.598564624786377,54.45000076293945,54.65999984741211,52.2599983215332,52.380001068115234,391167
2007-12-07,6.6421918869018555,54.810001373291016,55.470001220703125,54.029998779296875,54.720001220703125,532567
2007-12-10,6.736715793609619,55.59000015258789,56.400001525878906,54.5099983215332,54.5099983215332,269200
2007-12-11,6.496767520904541,53.61000061035156,57.2400016784668,53.43000030517578,55.91999816894531,376700
2007-12-12,6.547666072845459,54.029998779296875,54.93000030517578,53.040000915527344,54.720001220703125,312067
2007-12-13,6.496767520904541,53.61000061035156,53.81999969482422,52.5,53.66999816894531,326733
2007-12-14,6.362253189086914,52.5,54.150001525878906,52.5,53.099998474121094,284967
2007-12-17,6.141185283660889,49.16999816894531,51.2400016784668,49.13999938964844,51.0,573800
2007-12-18,6.152426242828369,49.2599983215332,49.7400016784668,47.849998474121094,49.2599983215332,479067
2007-12-19,6.167412757873535,49.380001068115234,49.86000061035156,48.36000061035156,49.22999954223633,352500
2007-12-20,6.114956378936768,48.959999084472656,49.709999084472656,48.0,49.709999084472656,445000
2007-12-21,6.332278251647949,50.70000076293945,50.70000076293945,49.2599983215332,49.40999984741211,722333
2007-12-24,6.373493194580078,51.029998779296875,51.720001220703125,50.70000076293945,50.72999954223633,203567
2007-12-26,6.560837745666504,52.529998779296875,53.15999984741211,50.25,50.25,496900
2007-12-27,6.358504772186279,50.90999984741211,53.06999969482422,50.880001068115234,52.79999923706055,371933
2007-12-28,6.605801582336426,52.88999938964844,53.4900016784668,50.939998626708984,50.939998626708984,642633
2007-12-31,6.388478755950928,51.150001525878906,52.529998779296875,50.61000061035156,52.11000061035156,418167
2008-01-02,6.25733757019043,50.099998474121094,51.56999969482422,49.709999084472656,51.150001525878906,296467
2008-01-03,6.1861491203308105,49.529998779296875,50.63999938964844,49.529998779296875,50.52000045776367,208933
2008-01-04,6.058750152587891,48.5099983215332,50.06999969482422,48.0,49.95000076293945,340300
2008-01-07,5.995052814483643,48.0,48.84000015258789,46.97999954223633,48.779998779296875,536800
2008-01-08,5.695300579071045,45.599998474121094,48.45000076293945,45.599998474121094,48.119998931884766,506033
2008-01-09,5.758998870849609,46.11000061035156,46.5,44.72999954223633,45.599998474121094,629333
2008-01-10,5.833938121795654,46.709999084472656,47.790000915527344,45.060001373291016,45.779998779296875,303567
2008-01-11,5.702795028686523,45.65999984741211,47.400001525878906,45.09000015258789,46.86000061035156,362433
2008-01-14,5.770239353179932,46.20000076293945,46.40999984741211,44.849998474121094,45.75,312600
2008-01-15,5.646590232849121,45.209999084472656,46.04999923706055,45.0,45.29999923706055,347233
2008-01-16,5.788974285125732,46.349998474121094,47.189998626708984,45.0,45.0,336000
2008-01-17,5.586641788482666,44.72999954223633,46.77000045776367,44.70000076293945,46.40999984741211,356100
2008-01-18,5.403042316436768,43.2599983215332,45.869998931884766,42.29999923706055,45.0,561500
2008-01-22,5.324357986450195,42.630001068115234,44.130001068115234,37.470001220703125,40.68000030517578,546367
2008-01-23,5.699049472808838,45.630001068115234,45.720001220703125,41.15999984741211,41.849998474121094,552400
2008-01-24,5.5604143142700195,44.52000045776367,45.599998474121094,44.369998931884766,45.599998474121094,433700
2008-01-25,5.537930488586426,44.34000015258789,45.45000076293945,44.25,45.2400016784668,377933
2008-01-28,5.541677951812744,44.369998931884766,44.81999969482422,43.79999923706055,44.400001525878906,474033
2008-01-29,5.526691913604736,44.25,44.7599983215332,43.5,44.72999954223633,403767
2008-01-30,5.462995529174805,43.7400016784668,45.150001525878906,43.31999969482422,44.0099983215332,597067
2008-01-31,5.687808990478516,45.540000915527344,46.13999938964844,42.93000030517578,43.20000076293945,627633
2008-02-01,5.815203666687012,46.560001373291016,46.79999923706055,45.150001525878906,45.150001525878906,333500
2008-02-04,5.717782497406006,45.779998779296875,47.06999969482422,45.09000015258789,47.06999969482422,370433
2008-02-05,5.492969512939453,43.97999954223633,45.65999984741211,43.95000076293945,45.29999923706055,401767
2008-02-06,5.39180326461792,43.16999816894531,45.18000030517578,42.779998779296875,45.060001373291016,602967
2008-02-07,5.6316046714782715,45.09000015258789,45.93000030517578,42.630001068115234,42.869998931884766,640967
2008-02-08,5.590389251708984,44.7599983215332,45.150001525878906,43.95000076293945,44.81999969482422,473700
2008-02-11,5.661581039428711,45.33000183105469,45.38999938964844,43.91999816894531,44.70000076293945,715133
2008-02-12,5.627858638763428,45.060001373291016,46.02000045776367,44.72999954223633,45.47999954223633,617467
2008-02-13,5.729025840759277,45.869998931884766,45.93000030517578,44.58000183105469,45.36000061035156,406100
2008-02-14,5.601628303527832,44.849998474121094,46.20000076293945,44.849998474121094,46.16999816894531,396167
2008-02-15,5.624110221862793,45.029998779296875,45.47999954223633,44.189998626708984,44.54999923706055,363567
2008-02-19,5.605377674102783,44.880001068115234,45.810001373291016,44.400001525878906,45.540000915527344,442533
2008-02-20,5.777732849121094,46.2599983215332,46.470001220703125,44.43000030517578,44.70000076293945,536667
2008-02-21,5.7440104484558105,45.9900016784668,47.58000183105469,45.900001525878906,46.68000030517578,401400
2008-02-22,5.755253314971924,46.08000183105469,46.5,44.790000915527344,46.13999938964844,458667
2008-02-25,5.856420516967773,46.88999938964844,47.189998626708984,45.209999084472656,46.20000076293945,350367
2008-02-26,5.920116424560547,47.400001525878906,47.61000061035156,46.02000045776367,46.650001525878906,430700
2008-02-27,6.025030136108398,48.2400016784668,48.689998626708984,46.529998779296875,46.83000183105469,363233
2008-02-28,5.983814716339111,47.90999984741211,48.45000076293945,47.25,47.939998626708984,417000
2008-02-29,5.807708263397217,46.5,48.119998931884766,46.04999923706055,47.130001068115234,345967
2008-03-03,5.620365619659424,45.0,46.31999969482422,44.43000030517578,46.31999969482422,397567
2008-03-04,5.64284610748291,45.18000030517578,45.36000061035156,43.68000030517578,44.43000030517578,531533
2008-03-05,5.721532344818115,45.810001373291016,46.22999954223633,45.18000030517578,45.47999954223633,532433
2008-03-06,5.552920818328857,44.459999084472656,45.65999984741211,44.310001373291016,45.65999984741211,555067
2008-03-07,5.522943496704102,44.220001220703125,45.84000015258789,43.79999923706055,44.34000015258789,845267
2008-03-10,5.369320392608643,42.9900016784668,44.58000183105469,42.810001373291016,44.459999084472656,382867
2008-03-11,5.721532344818115,45.810001373291016,45.810001373291016,42.900001525878906,42.900001525878906,500533
2008-03-12,5.635351181030273,45.119998931884766,46.77000045776367,45.029998779296875,45.869998931884766,444167
2008-03-13,5.747758865356445,46.02000045776367,46.16999816894531,43.79999923706055,44.52000045776367,418433
2008-03-14,5.571654796600342,44.61000061035156,46.5,44.099998474121094,46.5,487633
2008-03-17,5.586641788482666,44.72999954223633,45.38999938964844,43.529998779296875,44.099998474121094,674800
2008-03-18,6.2815728187561035,48.540000915527344,48.900001525878906,45.959999084472656,46.04999923706055,1972767
2008-03-19,6.401926040649414,49.470001220703125,49.560001373291016,47.34000015258789,48.029998779296875,4912733
2008-03-20,6.300989151000977,48.689998626708984,49.7400016784668,47.459999084472656,49.5,1419100
2008-03-24,6.25439977645874,48.33000183105469,49.650001525878906,48.18000030517578,49.529998779296875,677033
2008-03-25,6.273810863494873,48.47999954223633,48.599998474121094,47.400001525878906,48.2400016784668,496233
2008-03-26,6.258282661437988,48.36000061035156,48.41999816894531,47.189998626708984,47.72999954223633,452267
2008-03-27,6.134047985076904,47.400001525878906,49.04999923706055,47.369998931884766,48.630001068115234,661133
2008-03-28,6.141810894012451,47.459999084472656,48.119998931884766,47.15999984741211,47.61000061035156,495233
2008-03-31,6.145695209503174,47.4900016784668,47.90999984741211,46.95000076293945,47.54999923706055,681933
2008-04-01,6.355340957641602,49.11000061035156,49.11000061035156,47.90999984741211,48.29999923706055,479367
2008-04-02,6.355340957641602,49.11000061035156,49.439998626708984,48.33000183105469,49.11000061035156,494600
2008-04-03,6.479571342468262,50.06999969482422,50.25,48.599998474121094,49.02000045776367,449767
2008-04-04,6.471806526184082,50.0099983215332,50.4900016784668,49.20000076293945,50.310001373291016,408000
2008-04-07,6.456277370452881,49.88999938964844,50.939998626708984,49.650001525878906,50.400001525878906,371767
2008-04-08,6.518396377563477,50.369998931884766,50.54999923706055,49.470001220703125,49.95000076293945,410533
2008-04-09,6.3165178298950195,48.810001373291016,50.7599983215332,48.75,50.63999938964844,529500
2008-04-10,6.432986736297607,49.709999084472656,50.400001525878906,48.810001373291016,49.13999938964844,343933
2008-04-11,6.297101020812988,48.65999984741211,49.650001525878906,48.36000061035156,49.20000076293945,351500
2008-04-14,6.168989658355713,47.66999816894531,48.900001525878906,47.66999816894531,48.56999969482422,337500
2008-04-15,6.188399314880371,47.81999969482422,48.45000076293945,47.400001525878906,47.970001220703125,317967
2008-04-16,6.200047492980957,47.90999984741211,48.029998779296875,46.40999984741211,47.06999969482422,514000
2008-04-17,6.231107234954834,48.150001525878906,48.29999923706055,47.15999984741211,47.81999969482422,290667
2008-04-18,6.386399269104004,49.349998474121094,50.040000915527344,48.900001525878906,49.13999938964844,377200
2008-04-21,6.242753505706787,48.2400016784668,49.11000061035156,48.119998931884766,48.2400016784668,252733
2008-04-22,6.145695209503174,47.4900016784668,49.709999084472656,46.88999938964844,49.709999084472656,346567
2008-04-23,6.176752090454102,47.72999954223633,48.060001373291016,46.86000061035156,47.70000076293945,178633
2008-04-24,6.293221473693848,48.630001068115234,49.11000061035156,46.86000061035156,47.72999954223633,357633
2008-04-25,6.425220012664795,49.650001525878906,49.77000045776367,48.38999938964844,48.84000015258789,217767
2008-04-28,6.44851541519165,49.83000183105469,50.189998626708984,47.72999954223633,47.72999954223633,219867
2008-04-29,6.417455196380615,49.59000015258789,50.25,49.40999984741211,49.91999816894531,223533
2008-04-30,6.2815728187561035,48.540000915527344,50.34000015258789,48.38999938964844,49.79999923706055,299000
2008-05-01,6.580513954162598,50.849998474121094,51.060001373291016,48.36000061035156,48.36000061035156,292067
2008-05-02,6.681454181671143,51.630001068115234,52.04999923706055,51.0,51.599998474121094,431133
2008-05-05,6.530040740966797,50.459999084472656,52.08000183105469,49.83000183105469,51.75,343233
2008-05-06,6.530040740966797,50.459999084472656,50.90999984741211,49.529998779296875,50.06999969482422,198067
2008-05-07,6.471806526184082,50.0099983215332,51.5099983215332,49.79999923706055,50.58000183105469,259067
2008-05-08,6.471806526184082,50.0099983215332,50.459999084472656,49.40999984741211,50.099998474121094,241967
2008-05-09,6.592157363891602,50.939998626708984,51.09000015258789,49.349998474121094,49.5,212833
2008-05-12,6.70863151550293,51.84000015258789,51.959999084472656,50.72999954223633,51.18000030517578,360900
2008-05-13,6.953214645385742,53.72999954223633,53.72999954223633,50.130001068115234,50.81999969482422,1282633
2008-05-14,6.988156318664551,54.0,54.119998931884766,53.15999984741211,53.66999816894531,784067
2008-05-15,7.1434478759765625,55.20000076293945,55.439998626708984,53.54999923706055,53.939998626708984,431867
2008-05-16,7.092978000640869,54.810001373291016,55.5,54.150001525878906,55.5,375233
2008-05-19,7.003682613372803,54.119998931884766,55.20000076293945,53.849998474121094,54.720001220703125,841733
2008-05-20,6.980389595031738,53.939998626708984,54.29999923706055,53.459999084472656,54.09000015258789,378533
2008-05-21,6.887214183807373,53.220001220703125,54.540000915527344,53.099998474121094,54.0,403167
2008-05-22,7.007565975189209,54.150001525878906,54.27000045776367,53.58000183105469,53.70000076293945,452800
2008-05-23,6.992038249969482,54.029998779296875,54.29999923706055,53.130001068115234,53.880001068115234,906833
2008-05-27,7.096861839294434,54.84000015258789,54.900001525878906,53.58000183105469,54.27000045776367,398533
2008-05-28,7.065800666809082,54.599998474121094,55.5,53.790000915527344,55.2599983215332,373267
2008-05-29,6.97262716293335,53.880001068115234,54.900001525878906,51.29999923706055,52.380001068115234,841467
2008-05-30,7.007565975189209,54.150001525878906,54.720001220703125,52.5,53.58000183105469,1252767
2008-06-02,6.832864284515381,52.79999923706055,54.09000015258789,52.02000045776367,54.0,730200
2008-06-03,6.984273433685303,53.970001220703125,54.209999084472656,52.529998779296875,52.95000076293945,713067
2008-06-04,7.015334606170654,54.209999084472656,55.31999969482422,53.310001373291016,53.63999938964844,498333
2008-06-05,7.217209815979004,55.77000045776367,55.91999816894531,54.29999923706055,54.630001068115234,650300
2008-06-06,6.937685966491699,53.61000061035156,55.470001220703125,53.52000045776367,55.470001220703125,666700
2008-06-09,6.929917812347412,53.54999923706055,54.959999084472656,53.099998474121094,54.0,354333
2008-06-10,7.015334606170654,54.209999084472656,54.900001525878906,53.099998474121094,53.25,455233
2008-06-11,6.696983337402344,51.75,54.5099983215332,51.65999984741211,54.209999084472656,669400
2008-06-12,6.797921657562256,52.529998779296875,53.72999954223633,51.5099983215332,52.380001068115234,393200
2008-06-13,6.902745246887207,53.34000015258789,53.70000076293945,52.11000061035156,53.220001220703125,438167
2008-06-16,6.964862823486328,53.81999969482422,53.90999984741211,52.77000045776367,53.43000030517578,307667
2008-06-17,6.605025291442871,49.560001373291016,52.7400016784668,49.5,52.16999816894531,612667
2008-06-18,6.569040775299072,49.290000915527344,49.560001373291016,48.540000915527344,49.40999984741211,586167
2008-06-19,6.545051574707031,49.11000061035156,49.5,48.09000015258789,49.290000915527344,356700
2008-06-20,6.381123065948486,47.880001068115234,49.04999923706055,47.70000076293945,48.599998474121094,614967
2008-06-23,6.213201522827148,46.619998931884766,48.540000915527344,46.619998931884766,48.29999923706055,424733
2008-06-24,6.249184608459473,46.88999938964844,47.81999969482422,45.900001525878906,46.439998626708984,344300
2008-06-25,6.249184608459473,46.88999938964844,48.2400016784668,46.380001068115234,46.97999954223633,459267
2008-06-26,6.097253322601318,45.75,46.619998931884766,45.09000015258789,46.59000015258789,516200
2008-06-27,6.045278072357178,45.36000061035156,46.04999923706055,44.61000061035156,45.540000915527344,800167
2008-06-30,5.7294182777404785,42.9900016784668,44.90999984741211,42.869998931884766,44.72999954223633,505033
2008-07-01,5.665446758270264,42.5099983215332,42.810001373291016,40.68000030517578,41.7599983215332,596933
2008-07-02,5.469534873962402,41.040000915527344,42.65999984741211,40.95000076293945,42.09000015258789,618967
2008-07-03,5.4375505447387695,40.79999923706055,41.939998626708984,40.709999084472656,41.189998626708984,247800
2008-07-07,5.333595275878906,40.02000045776367,41.099998474121094,38.939998626708984,40.83000183105469,657700
2008-07-08,5.649453639984131,42.38999938964844,42.38999938964844,39.599998474121094,40.02000045776367,467933
2008-07-09,5.449544429779053,40.88999938964844,42.869998931884766,40.59000015258789,42.599998474121094,552900
2008-07-10,5.597477436065674,42.0,42.56999969482422,40.88999938964844,41.15999984741211,424033
2008-07-11,5.597477436065674,42.0,42.689998626708984,40.79999923706055,41.4900016784668,420000
2008-07-14,5.441547870635986,40.83000183105469,42.75,40.77000045776367,42.38999938964844,701667
2008-07-15,5.241639137268066,39.33000183105469,41.34000015258789,37.97999954223633,40.22999954223633,766667
2008-07-16,5.689435005187988,42.689998626708984,42.720001220703125,39.029998779296875,39.36000061035156,519467
2008-07-17,6.137232780456543,46.04999923706055,47.06999969482422,42.36000061035156,42.900001525878906,823967
2008-07-18,6.089255332946777,45.689998626708984,46.20000076293945,44.81999969482422,45.56999969482422,438033
2008-07-21,6.049276351928711,45.38999938964844,46.650001525878906,44.939998626708984,45.630001068115234,243100
2008-07-22,6.477081775665283,48.599998474121094,48.689998626708984,44.72999954223633,45.209999084472656,368667
2008-07-23,6.537052631378174,49.04999923706055,50.279998779296875,47.400001525878906,47.400001525878906,348467
2008-07-24,6.325150966644287,47.459999084472656,49.11000061035156,47.15999984741211,48.810001373291016,357367
2008-07-25,6.325150966644287,47.459999084472656,49.13999938964844,46.97999954223633,48.09000015258789,335900
2008-07-28,5.99329948425293,44.970001220703125,47.34000015258789,44.970001220703125,46.77000045776367,409667
2008-07-29,6.225194454193115,46.709999084472656,46.77000045776367,44.54999923706055,45.0,388567
2008-07-30,6.353137493133545,47.66999816894531,47.7599983215332,46.13999938964844,47.06999969482422,306733
2008-07-31,6.369131565093994,47.790000915527344,48.599998474121094,47.130001068115234,47.130001068115234,319267
2008-08-01,6.177216053009033,46.349998474121094,48.689998626708984,46.11000061035156,48.119998931884766,729133
2008-08-04,5.9893012046813965,44.939998626708984,46.97999954223633,44.63999938964844,46.380001068115234,656133
2008-08-05,6.297161102294922,47.25,47.459999084472656,44.70000076293945,45.09000015258789,562967
2008-08-06,6.405113220214844,48.060001373291016,49.16999816894531,46.08000183105469,46.7400016784668,516500
2008-08-07,6.181216716766357,46.380001068115234,48.29999923706055,46.11000061035156,46.529998779296875,415133
2008-08-08,6.513063907623291,48.869998931884766,49.349998474121094,46.20000076293945,46.5,351600
2008-08-11,6.633012294769287,49.77000045776367,51.29999923706055,48.41999816894531,49.13999938964844,483933
2008-08-12,6.421107292175293,48.18000030517578,49.79999923706055,47.849998474121094,49.380001068115234,347333
2008-08-13,6.497073650360107,48.75,49.16999816894531,46.7400016784668,48.0,367200
2008-08-14,6.712973594665527,50.369998931884766,50.70000076293945,48.29999923706055,48.36000061035156,225433
2008-08-15,6.728968620300293,50.4900016784668,51.599998474121094,49.2599983215332,51.060001373291016,429700
2008-08-18,6.748960018157959,50.63999938964844,51.599998474121094,49.95000076293945,50.4900016784668,336367
2008-08-19,6.609021186828613,49.59000015258789,50.72999954223633,49.2599983215332,50.099998474121094,307267
2008-08-20,6.688986301422119,50.189998626708984,51.209999084472656,49.16999816894531,49.79999923706055,257767
2008-08-21,6.6210174560546875,49.68000030517578,50.400001525878906,49.04999923706055,50.040000915527344,210367
2008-08-22,6.836918354034424,51.29999923706055,51.29999923706055,49.650001525878906,49.91999816894531,403933
2008-08-25,6.760951995849609,50.72999954223633,51.38999938964844,50.400001525878906,51.18000030517578,249800
2008-08-26,6.744960308074951,50.61000061035156,51.41999816894531,49.79999923706055,50.70000076293945,244500
2008-08-27,6.920880317687988,51.93000030517578,52.22999954223633,50.06999969482422,50.70000076293945,478767
2008-08-28,7.192759990692139,53.970001220703125,54.060001373291016,51.33000183105469,51.959999084472656,432667
2008-08-29,7.076810359954834,53.099998474121094,54.119998931884766,53.040000915527344,53.66999816894531,442067
2008-09-02,6.840917110443115,51.33000183105469,53.939998626708984,50.4900016784668,53.15999984741211,655767
2008-09-03,6.844916820526123,51.36000061035156,51.540000915527344,50.70000076293945,51.29999923706055,520333
2008-09-04,6.70497989654541,50.310001373291016,51.720001220703125,50.25,51.209999084472656,423633
2008-09-05,6.772949695587158,50.81999969482422,51.2400016784668,48.29999923706055,50.970001220703125,490667
2008-09-08,7.052823543548584,52.91999816894531,53.459999084472656,50.81999969482422,52.470001220703125,670700
2008-09-09,6.720973491668701,50.43000030517578,53.459999084472656,50.400001525878906,52.439998626708984,436800
2008-09-10,6.824923992156982,51.209999084472656,52.13999938964844,50.4900016784668,51.150001525878906,466833
2008-09-11,6.936873912811279,52.04999923706055,52.380001068115234,49.97999954223633,50.189998626708984,400800
2008-09-12,6.860908031463623,51.47999954223633,52.5,50.43000030517578,50.58000183105469,322500
2008-09-15,6.4930739402771,48.720001220703125,50.25,48.119998931884766,49.40999984741211,653667
2008-09-16,6.901989459991455,50.130001068115234,50.369998931884766,45.09000015258789,47.06999969482422,766167
2008-09-17,6.096550464630127,44.279998779296875,50.06999969482422,43.97999954223633,48.630001068115234,877667
2008-09-18,7.063075542449951,51.29999923706055,52.650001525878906,44.310001373291016,45.029998779296875,1026800
2008-09-19,7.2902512550354,52.95000076293945,60.869998931884766,51.599998474121094,60.540000915527344,1241900
2008-09-22,7.021773338317871,51.0,52.470001220703125,48.900001525878906,51.75,273933
2008-09-23,6.88546895980835,50.0099983215332,50.849998474121094,48.56999969482422,50.63999938964844,259633
2008-09-24,6.98872709274292,50.7599983215332,51.599998474121094,48.75,50.15999984741211,182067
2008-09-25,7.339818477630615,53.310001373291016,53.43000030517578,50.25,50.25,300667
2008-09-26,7.220034599304199,52.439998626708984,52.86000061035156,50.43000030517578,51.060001373291016,241700
2008-09-29,5.8280720710754395,42.33000183105469,52.5,42.33000183105469,52.5,432533
2008-09-30,7.042424201965332,51.150001525878906,51.75,44.06999969482422,44.06999969482422,529867
2008-10-01,6.546769618988037,47.54999923706055,50.400001525878906,47.099998474121094,49.95000076293945,293400
2008-10-02,6.352640151977539,46.13999938964844,49.2599983215332,45.209999084472656,47.400001525878906,307233
2008-10-03,6.360898494720459,46.20000076293945,50.279998779296875,46.20000076293945,46.5,263867
2008-10-06,6.212203502655029,45.119998931884766,46.439998626708984,38.400001525878906,45.599998474121094,585500
2008-10-07,5.200241565704346,37.77000045776367,45.2400016784668,37.77000045776367,44.790000915527344,359933
2008-10-08,4.9854583740234375,36.209999084472656,41.369998931884766,30.0,36.029998779296875,635900
2008-10-09,4.085019588470459,29.670000076293945,37.650001525878906,29.670000076293945,36.93000030517578,684267
2008-10-10,4.122191429138184,29.940000534057617,32.939998626708984,24.690000534057617,32.939998626708984,1090200
2008-10-13,5.534809112548828,40.20000076293945,40.5,31.200000762939453,37.470001220703125,529733
2008-10-14,5.068066120147705,36.810001373291016,40.77000045776367,35.72999954223633,36.209999084472656,644533
2008-10-15,4.370018005371094,31.739999771118164,36.9900016784668,31.6200008392334,36.27000045776367,448033
2008-10-16,5.1382856369018555,37.31999969482422,37.77000045776367,30.030000686645508,32.90999984741211,655133
2008-10-17,5.026762008666992,36.5099983215332,40.349998474121094,29.729999542236328,35.790000915527344,562267
2008-10-20,5.311764240264893,38.58000183105469,39.630001068115234,36.599998474121094,37.40999984741211,481600
2008-10-21,5.171329021453857,37.560001373291016,40.2599983215332,37.13999938964844,38.15999984741211,400933
2008-10-22,4.729369640350342,34.349998474121094,36.810001373291016,33.29999923706055,36.75,417100
2008-10-23,4.588935375213623,33.33000183105469,35.189998626708984,30.899999618530273,34.380001068115234,488300
2008-10-24,4.3989338874816895,31.950000762939453,33.47999954223633,30.059999465942383,30.600000381469727,356333
2008-10-27,4.134584903717041,30.030000686645508,32.52000045776367,30.0,31.3799991607666,296300
2008-10-28,4.832632064819336,35.099998474121094,35.099998474121094,29.3700008392334,31.920000076293945,340833
2008-10-29,4.931761741638184,35.81999969482422,37.79999923706055,34.7400016784668,35.72999954223633,561967
2008-10-30,5.191980361938477,37.709999084472656,38.63999938964844,36.33000183105469,36.779998779296875,409333
2008-10-31,5.443937301635742,39.540000915527344,40.68000030517578,36.75,37.470001220703125,511333
2008-11-03,5.369590759277344,39.0,39.959999084472656,37.22999954223633,37.31999969482422,310733
2008-11-04,5.443937301635742,39.540000915527344,39.65999984741211,38.54999923706055,39.18000030517578,500567
2008-11-05,4.778934955596924,34.709999084472656,39.36000061035156,34.439998626708984,39.209999084472656,393833
2008-11-06,4.370018005371094,31.739999771118164,35.81999969482422,30.600000381469727,35.459999084472656,492100
2008-11-07,4.403062343597412,31.979999542236328,33.75,30.600000381469727,32.70000076293945,447700
2008-11-10,4.146975994110107,30.1200008392334,34.13999938964844,29.700000762939453,33.29999923706055,362533
2008-11-11,4.064366817474365,29.520000457763672,30.84000015258789,27.030000686645508,29.670000076293945,452100
2008-11-12,3.8289315700531006,27.809999465942383,30.270000457763672,27.65999984741211,29.15999984741211,567867
2008-11-13,4.308063983917236,31.290000915527344,31.31999969482422,25.530000686645508,27.690000534057617,716333
2008-11-14,3.9611051082611084,28.770000457763672,31.979999542236328,28.31999969482422,31.979999542236328,549967
2008-11-17,3.965236186981201,28.799999237060547,30.809999465942383,28.079999923706055,28.530000686645508,450700
2008-11-18,3.845452308654785,27.93000030517578,29.639999389648438,26.43000030517578,28.739999771118164,829700
2008-11-19,3.444798231124878,25.020000457763672,29.3700008392334,24.809999465942383,27.719999313354492,529333
2008-11-20,2.668273448944092,19.3799991607666,25.079999923706055,17.610000610351562,24.93000030517578,1183333
2008-11-21,2.5113162994384766,18.239999771118164,20.25,15.449999809265137,19.59000015258789,932967
2008-11-24,2.940882444381714,21.360000610351562,21.479999542236328,18.329999923706055,18.420000076293945,982567
2008-11-25,3.1474061012268066,22.860000610351562,22.889999389648438,20.459999084472656,22.020000457763672,1095767
2008-11-26,3.3704512119293213,24.479999542236328,24.540000915527344,21.329999923706055,22.649999618530273,548700
2008-11-28,3.5067555904388428,25.469999313354492,25.469999313354492,24.299999237060547,24.510000228881836,258333
2008-12-01,3.1556661128997803,22.920000076293945,25.5,22.799999237060547,25.049999237060547,454833
2008-12-02,3.6347992420196533,26.399999618530273,29.549999237060547,22.829999923706055,23.670000076293945,1078367
2008-12-03,3.8330607414245605,27.84000015258789,28.110000610351562,25.229999542236328,25.350000381469727,437233
2008-12-04,3.7339324951171875,27.1200008392334,27.899999618530273,26.15999984741211,27.270000457763672,578200
2008-12-05,4.072627067565918,29.579999923706055,29.639999389648438,23.43000030517578,26.639999389648438,441900
2008-12-08,4.138715744018555,30.059999465942383,31.020000457763672,28.979999542236328,30.059999465942383,517233
2008-12-09,3.7669742107391357,27.360000610351562,30.65999984741211,27.1200008392334,29.940000534057617,528633
2008-12-10,3.791757822036743,27.540000915527344,28.860000610351562,26.25,27.899999618530273,416533
2008-12-11,3.52740740776062,25.6200008392334,28.049999237060547,25.469999313354492,27.059999465942383,594933
2008-12-12,3.7174081802368164,27.0,27.09000015258789,24.600000381469727,25.469999313354492,418333
2008-12-15,3.6430606842041016,26.459999084472656,27.479999542236328,25.59000015258789,27.1200008392334,501200
2008-12-16,3.8054633140563965,26.010000228881836,26.040000915527344,24.18000030517578,24.479999542236328,589600
2008-12-17,3.7045090198516846,25.31999969482422,25.950000762939453,24.719999313354492,25.40999984741211,531867
2008-12-18,3.7747366428375244,25.799999237060547,26.850000381469727,24.899999618530273,25.469999313354492,430167
2008-12-19,3.9283607006073,26.850000381469727,27.420000076293945,26.040000915527344,26.040000915527344,886567
2008-12-22,3.6035573482513428,24.6299991607666,26.639999389648438,23.790000915527344,26.639999389648438,423833
2008-12-23,3.5421082973480225,24.209999084472656,25.5,23.940000534057617,24.719999313354492,410667
2008-12-24,3.5640549659729004,24.360000610351562,24.510000228881836,23.790000915527344,24.149999618530273,125467
2008-12-26,3.6123361587524414,24.690000534057617,24.690000534057617,23.489999771118164,24.450000762939453,168867
2008-12-29,3.599168300628662,24.600000381469727,25.5,23.850000381469727,25.110000610351562,358567
2008-12-30,3.8976352214813232,26.639999389648438,26.639999389648438,23.3700008392334,24.270000457763672,552000
2008-12-31,4.0863728523254395,27.93000030517578,28.200000762939453,26.219999313354492,26.549999237060547,538867
2009-01-02,4.200492858886719,28.709999084472656,29.219999313354492,26.700000762939453,28.020000457763672,332300
2009-01-05,4.125874996185303,28.200000762939453,28.739999771118164,26.040000915527344,27.0,460600
2009-01-06,4.28388786315918,29.280000686645508,29.90999984741211,27.299999237060547,28.229999542236328,456200
2009-01-07,3.915192127227783,26.760000228881836,29.219999313354492,26.309999465942383,28.709999084472656,327267
2009-01-08,3.9503066539764404,27.0,27.0,25.950000762939453,25.979999542236328,316767
2009-01-09,3.765957832336426,25.739999771118164,27.299999237060547,25.530000686645508,27.0,354833
2009-01-12,3.7571802139282227,25.68000030517578,26.34000015258789,24.6299991607666,24.690000534057617,509567
2009-01-13,3.9327492713928223,26.8799991607666,27.239999771118164,25.229999542236328,25.5,316800
2009-01-14,3.5596656799316406,24.329999923706055,26.8799991607666,24.299999237060547,25.889999389648438,346967
2009-01-15,3.607948064804077,24.65999984741211,25.079999923706055,22.6200008392334,24.299999237060547,498300
2009-01-16,3.665006160736084,25.049999237060547,25.559999465942383,23.700000762939453,24.899999618530273,346900
2009-01-20,3.0154004096984863,20.610000610351562,23.610000610351562,20.610000610351562,23.459999084472656,543900
2009-01-21,3.4894368648529053,23.850000381469727,23.940000534057617,20.850000381469727,21.030000686645508,735400
2009-01-22,3.278754472732544,22.40999984741211,23.579999923706055,21.809999465942383,23.06999969482422,397500
2009-01-23,3.3840951919555664,23.1299991607666,23.399999618530273,21.059999465942383,22.110000610351562,491833
2009-01-26,3.432377576828003,23.459999084472656,24.389999389648438,22.860000610351562,23.3700008392334,304933
2009-01-27,3.485048770904541,23.81999969482422,24.479999542236328,23.489999771118164,23.790000915527344,310100
2009-01-28,3.5421082973480225,24.209999084472656,24.8700008392334,23.670000076293945,24.690000534057617,412500
2009-01-29,3.1163523197174072,21.299999237060547,23.219999313354492,21.239999771118164,23.010000228881836,410233
2009-01-30,2.8749451637268066,19.649999618530273,22.049999237060547,19.5,22.049999237060547,626867
2009-02-02,2.8617773056030273,19.559999465942383,19.709999084472656,18.600000381469727,19.649999618530273,433467
2009-02-03,2.7783823013305664,18.989999771118164,19.6200008392334,18.18000030517578,19.59000015258789,523433
2009-02-04,2.4009079933166504,16.40999984741211,18.93000030517578,16.200000762939453,18.809999465942383,713867
2009-02-05,2.602813243865967,17.790000915527344,18.059999465942383,14.520000457763672,15.930000305175781,900567
2009-02-06,2.5062499046325684,17.1299991607666,17.190000534057617,14.819999694824219,16.229999542236328,793700
2009-02-09,2.5238072872161865,17.25,17.25,16.260000228881836,16.260000228881836,525567
2009-02-10,2.4184658527374268,16.530000686645508,17.549999237060547,16.469999313354492,16.979999542236328,597300
2009-02-11,2.348238468170166,16.049999237060547,17.06999969482422,15.899999618530273,16.559999465942383,439733
2009-02-12,2.229728937149048,15.239999771118164,15.869999885559082,14.279999732971191,15.8100004196167,1186700
2009-02-13,2.172668933868408,14.850000381469727,15.539999961853027,14.699999809265137,14.970000267028809,449633
2009-02-17,2.0102672576904297,13.739999771118164,14.670000076293945,13.5600004196167,14.430000305175781,561867
2009-02-18,1.904924750328064,13.020000457763672,13.4399995803833,12.630000114440918,13.289999961853027,471067
2009-02-19,1.9400395154953003,13.260000228881836,13.619999885559082,12.960000038146973,13.229999542236328,442133
2009-02-20,1.9137040376663208,13.079999923706055,13.170000076293945,12.029999732971191,12.779999732971191,631633
2009-02-23,1.8785901069641113,12.84000015258789,13.319999694824219,12.420000076293945,12.930000305175781,529900
2009-02-24,1.9795421361923218,13.529999732971191,13.649999618530273,12.210000038146973,12.899999618530273,603300
2009-02-25,1.8303087949752808,12.510000228881836,13.40999984741211,12.270000457763672,13.319999694824219,358867
2009-02-26,1.9268721342086792,13.170000076293945,13.770000457763672,12.149999618530273,12.239999771118164,364367
2009-02-27,1.8127528429031372,12.390000343322754,13.170000076293945,12.180000305175781,12.6899995803833,410533
2009-03-02,1.637182354927063,11.1899995803833,12.0600004196167,11.15999984741211,12.0600004196167,444467
2009-03-03,1.5493983030319214,10.59000015258789,11.670000076293945,10.319999694824219,11.3100004196167,530800
2009-03-04,1.5669550895690918,10.710000038146973,11.130000114440918,10.619999885559082,10.829999923706055,715767
2009-03-05,1.2289842367172241,8.399999618530273,11.069999694824219,8.279999732971191,11.069999694824219,887567
2009-03-06,1.189481258392334,8.130000114440918,9.09000015258789,7.829999923706055,8.520000457763672,512100
2009-03-09,1.0885289907455444,7.440000057220459,9.390000343322754,7.260000228881836,8.100000381469727,548933
2009-03-10,1.035858154296875,7.079999923706055,7.679999828338623,6.78000020980835,7.5,805067
2009-03-11,1.009522795677185,6.900000095367432,8.279999732971191,6.75,7.800000190734863,580833
2009-03-12,1.0578045845031738,7.230000019073486,7.349999904632568,6.840000152587891,6.900000095367432,998100
2009-03-13,1.0183013677597046,6.960000038146973,8.3100004196167,6.869999885559082,7.590000152587891,3884767
2009-03-16,1.0534149408340454,7.199999809265137,8.100000381469727,7.079999923706055,7.949999809265137,2455933
2009-03-17,1.0337250232696533,6.300000190734863,7.170000076293945,5.96999979019165,7.170000076293945,1777933
2009-03-18,1.0632604360580444,6.480000019073486,6.71999979019165,6.210000038146973,6.389999866485596,1220767
2009-03-19,1.0337250232696533,6.300000190734863,7.079999923706055,6.239999771118164,6.599999904632568,2159167
2009-03-20,1.0091125965118408,6.150000095367432,6.71999979019165,6.059999942779541,6.420000076293945,1537500
2009-03-23,1.1764779090881348,7.170000076293945,7.349999904632568,6.239999771118164,6.599999904632568,3302800
2009-03-24,1.2207801342010498,7.440000057220459,8.15999984741211,6.690000057220459,7.170000076293945,3181633
2009-03-25,1.0927948951721191,6.659999847412109,8.069999694824219,6.420000076293945,7.949999809265137,2573067
2009-03-26,1.3290749788284302,8.100000381469727,8.100000381469727,6.659999847412109,7.139999866485596,1597533
2009-03-27,1.6342700719833374,9.960000038146973,11.039999961853027,8.15999984741211,8.399999618530273,2481733
2009-03-30,1.5801223516464233,9.630000114440918,9.720000267028809,8.579999923706055,9.6899995803833,1304833
2009-03-31,1.7130306959152222,10.4399995803833,11.15999984741211,9.930000305175781,9.930000305175781,1368433
2009-04-01,1.9837677478790283,12.09000015258789,12.359999656677246,9.899999618530273,10.079999923706055,1316200
2009-04-02,2.372645854949951,14.460000038146973,14.609999656677246,12.75,13.319999694824219,1950833
2009-04-03,2.2889626026153564,13.949999809265137,15.600000381469727,13.4399995803833,14.699999809265137,2490733
2009-04-06,2.1166749000549316,12.899999618530273,14.489999771118164,12.869999885559082,14.489999771118164,1018300
2009-04-07,1.954232931137085,11.90999984741211,13.350000381469727,11.729999542236328,13.350000381469727,1225600
2009-04-08,1.978845238685608,12.0600004196167,12.869999885559082,11.25,12.869999885559082,699400
2009-04-09,2.2249703407287598,13.5600004196167,13.5600004196167,12.630000114440918,12.6899995803833,957900
2009-04-13,2.377567768096924,14.489999771118164,14.729999542236328,13.020000457763672,13.5,484233
2009-04-14,2.2988078594207764,14.010000228881836,14.9399995803833,13.710000038146973,14.25,565133
2009-04-15,2.416947603225708,14.729999542236328,14.789999961853027,13.680000305175781,14.100000381469727,438500
2009-04-16,2.584313154220581,15.75,16.200000762939453,14.880000114440918,14.970000267028809,977033
2009-04-17,2.5597002506256104,15.600000381469727,16.049999237060547,15.149999618530273,15.989999771118164,657600
2009-04-20,2.264350414276123,13.800000190734863,15.75,13.800000190734863,15.09000015258789,511967
2009-04-21,2.3480334281921387,14.3100004196167,14.880000114440918,12.960000038146973,13.649999618530273,540767
2009-04-22,2.2938859462738037,13.979999542236328,14.670000076293945,13.710000038146973,14.010000228881836,317967
2009-04-23,2.313575029373169,14.100000381469727,14.399999618530273,13.619999885559082,14.039999961853027,290867
2009-04-24,2.4415602684020996,14.880000114440918,15.119999885559082,14.1899995803833,14.1899995803833,367633
2009-04-27,2.3283426761627197,14.1899995803833,15.390000343322754,14.15999984741211,14.550000190734863,413700
2009-04-28,2.264350414276123,13.800000190734863,14.1899995803833,13.739999771118164,14.010000228881836,312233
2009-04-29,2.4563281536102295,14.970000267028809,15.0,13.829999923706055,13.890000343322754,390833
2009-04-30,2.362799882888794,14.399999618530273,15.329999923706055,14.399999618530273,15.09000015258789,531900
2009-05-01,2.5203206539154053,15.359999656677246,15.65999984741211,14.369999885559082,14.399999618530273,531433
2009-05-04,2.948578119277954,17.969999313354492,18.0,15.630000114440918,15.75,990200
2009-05-05,3.007647752761841,18.329999923706055,19.31999969482422,17.43000030517578,17.459999084472656,749833
2009-05-06,3.155322313308716,19.229999542236328,19.6200008392334,18.209999084472656,18.75,927867
2009-05-07,2.9190428256988525,17.790000915527344,19.979999542236328,17.549999237060547,19.799999237060547,840267
2009-05-08,3.2980754375457764,20.100000381469727,20.489999771118164,18.389999389648438,18.389999389648438,646967
2009-05-11,3.455594301223755,21.059999465942383,21.719999313354492,20.1299991607666,21.450000762939453,688400
2009-05-12,3.4457497596740723,21.0,21.75,19.350000381469727,21.75,708133
2009-05-13,2.894430160522461,17.639999389648438,19.950000762939453,17.25,19.649999618530273,916500
2009-05-14,3.0174922943115234,18.389999389648438,19.260000228881836,17.700000762939453,17.969999313354492,602667
2009-05-15,2.8452062606811523,17.34000015258789,18.329999923706055,17.25,18.0,451133
2009-05-18,3.037181854248047,18.510000228881836,18.56999969482422,17.489999771118164,17.549999237060547,386067
2009-05-19,2.928887367248535,17.850000381469727,18.989999771118164,17.81999969482422,18.479999542236328,393200
2009-05-20,2.899352788925171,17.670000076293945,19.110000610351562,17.579999923706055,18.0,720700
2009-05-21,2.8698174953460693,17.489999771118164,17.760000228881836,17.309999465942383,17.43000030517578,362300
2009-05-22,2.8353612422943115,17.280000686645508,17.700000762939453,17.25,17.579999923706055,179467
2009-05-26,2.899352788925171,17.670000076293945,18.18000030517578,17.100000381469727,17.280000686645508,357133
2009-05-27,2.791058301925659,17.010000228881836,18.059999465942383,16.979999542236328,17.459999084472656,460267
2009-05-28,2.7664456367492676,16.860000610351562,17.399999618530273,16.290000915527344,17.1299991607666,301067
2009-05-29,2.7122979164123535,16.530000686645508,16.979999542236328,16.079999923706055,16.920000076293945,512367
2009-06-01,2.948578119277954,17.969999313354492,18.239999771118164,16.889999389648438,16.920000076293945,804633
2009-06-02,3.1060969829559326,18.93000030517578,19.860000610351562,17.399999618530273,17.81999969482422,1353333
2009-06-03,3.1996257305145264,19.5,19.530000686645508,18.809999465942383,18.899999618530273,480300
2009-06-04,3.4408271312713623,20.969999313354492,20.969999313354492,19.3799991607666,19.799999237060547,501200
2009-06-05,3.302999496459961,20.1299991607666,21.600000381469727,20.06999969482422,21.450000762939453,446667
2009-06-08,3.2537732124328613,19.829999923706055,20.34000015258789,19.530000686645508,20.040000915527344,329700
2009-06-09,3.234083890914917,19.709999084472656,20.489999771118164,19.649999618530273,20.25,358433
2009-06-10,3.21931529045105,19.6200008392334,20.100000381469727,19.469999313354492,19.829999923706055,390067
2009-06-11,3.3374557495117188,20.34000015258789,20.790000915527344,19.6200008392334,19.920000076293945,592833
2009-06-12,3.352224588394165,20.43000030517578,20.639999389648438,20.1299991607666,20.43000030517578,411567
2009-06-15,3.3965256214141846,20.700000762939453,20.790000915527344,19.799999237060547,20.309999465942383,590533
2009-06-16,3.2226076126098633,18.899999618530273,19.770000457763672,18.75,19.3799991607666,484633
2009-06-17,3.2891054153442383,19.290000915527344,19.649999618530273,18.329999923706055,19.020000457763672,410367
2009-06-18,3.294220209121704,19.31999969482422,19.59000015258789,18.899999618530273,19.260000228881836,289867
2009-06-19,3.2891054153442383,19.290000915527344,19.5,19.049999237060547,19.469999313354492,424833
2009-06-22,3.012882709503174,17.670000076293945,19.229999542236328,17.639999389648438,18.989999771118164,521800
2009-06-23,2.8594250679016113,16.770000457763672,18.0,16.709999084472656,17.90999984741211,411533
2009-06-24,2.9514989852905273,17.309999465942383,17.610000610351562,16.770000457763672,16.829999923706055,302033
2009-06-25,2.971959114074707,17.43000030517578,17.610000610351562,17.06999969482422,17.219999313354492,451767
2009-06-26,2.9514989852905273,17.309999465942383,17.729999542236328,17.010000228881836,17.729999542236328,579133
2009-06-29,3.0333425998687744,17.790000915527344,18.239999771118164,17.25,17.549999237060547,423167
2009-06-30,3.0640347003936768,17.969999313354492,18.270000457763672,17.850000381469727,17.969999313354492,477300
2009-07-01,3.1765708923339844,18.6299991607666,18.899999618530273,18.030000686645508,18.239999771118164,390300
2009-07-02,3.0231122970581055,17.729999542236328,18.780000686645508,17.700000762939453,18.600000381469727,296233
2009-07-06,2.936152458190918,17.219999313354492,17.90999984741211,16.860000610351562,17.520000457763672,351533
2009-07-07,2.782695770263672,16.31999969482422,17.940000534057617,16.290000915527344,17.25,517600
2009-07-08,2.6701595783233643,15.65999984741211,17.040000915527344,15.270000457763672,16.40999984741211,603767
2009-07-09,2.716196298599243,15.930000305175781,16.170000076293945,15.6899995803833,15.6899995803833,241900
2009-07-10,2.6496987342834473,15.539999961853027,16.110000610351562,15.449999809265137,15.84000015258789,203267
2009-07-13,2.7520036697387695,16.139999389648438,16.229999542236328,15.420000076293945,15.600000381469727,442567
2009-07-14,2.7264280319213867,15.989999771118164,16.200000762939453,15.65999984741211,16.200000762939453,620400
2009-07-15,2.9770753383636475,17.459999084472656,17.549999237060547,16.200000762939453,16.350000381469727,455433
2009-07-16,2.8798842430114746,16.889999389648438,17.549999237060547,16.649999618530273,17.34000015258789,398133
2009-07-17,2.890115261077881,16.950000762939453,17.34000015258789,16.530000686645508,16.979999542236328,423033
2009-07-20,2.9054617881774902,17.040000915527344,17.219999313354492,16.739999771118164,17.219999313354492,301200
2009-07-21,2.9924206733703613,17.549999237060547,17.850000381469727,17.100000381469727,17.280000686645508,423000
2009-07-22,2.982189893722534,17.489999771118164,17.940000534057617,17.25,17.940000534057617,274267
2009-07-23,3.16633939743042,18.56999969482422,18.84000015258789,17.399999618530273,17.399999618530273,590967
2009-07-24,3.186800241470337,18.690000534057617,19.079999923706055,18.0,18.690000534057617,539767
2009-07-27,3.283989429473877,19.260000228881836,19.31999969482422,18.389999389648438,18.809999465942383,405000
2009-07-28,3.549983263015747,20.81999969482422,20.90999984741211,19.200000762939453,19.229999542236328,945533
2009-07-29,3.6113662719726562,21.18000030517578,21.989999771118164,20.610000610351562,20.729999542236328,997600
2009-07-30,3.621596336364746,21.239999771118164,21.75,20.90999984741211,21.56999969482422,724100
2009-07-31,3.6420576572418213,21.360000610351562,21.479999542236328,21.0,21.059999465942383,521167
2009-08-03,3.7341322898864746,21.899999618530273,22.079999923706055,21.209999084472656,21.56999969482422,440967
2009-08-04,3.846667766571045,22.559999465942383,22.559999465942383,21.56999969482422,21.809999465942383,696233
2009-08-05,3.810861349105835,22.350000381469727,22.6200008392334,21.899999618530273,22.59000015258789,508200
2009-08-06,3.938741445541382,23.100000381469727,23.190000534057617,22.110000610351562,22.559999465942383,731567
2009-08-07,4.782757759094238,28.049999237060547,30.0,24.84000015258789,24.899999618530273,2694367
2009-08-10,4.65999174118042,27.329999923706055,28.200000762939453,26.280000686645508,28.079999923706055,846433
2009-08-11,4.470728397369385,26.219999313354492,28.139999389648438,25.829999923706055,27.360000610351562,592000
2009-08-12,4.60372257232666,27.0,28.350000381469727,24.780000686645508,24.780000686645508,1848433
2009-08-13,4.731605529785156,27.75,27.75,26.280000686645508,26.309999465942383,5971767
2009-08-14,4.64976167678833,27.270000457763672,27.360000610351562,26.459999084472656,27.329999923706055,1705967
2009-08-17,4.424690246582031,25.950000762939453,26.549999237060547,25.68000030517578,26.399999618530273,1197900
2009-08-18,4.516765117645264,26.489999771118164,26.670000076293945,25.950000762939453,26.399999618530273,825967
2009-08-19,4.496304512023926,26.3700008392334,26.399999618530273,25.950000762939453,26.100000381469727,569833
2009-08-20,4.634416580200195,27.18000030517578,27.239999771118164,26.15999984741211,26.280000686645508,821567
2009-08-21,4.608839511871338,27.030000686645508,28.350000381469727,26.969999313354492,28.350000381469727,910733
2009-08-24,4.639531135559082,27.209999084472656,27.8700008392334,27.030000686645508,27.059999465942383,830667
2009-08-25,4.741837024688721,27.809999465942383,27.809999465942383,27.09000015258789,27.389999389648438,758300
2009-08-26,4.716259479522705,27.65999984741211,27.780000686645508,27.030000686645508,27.780000686645508,795867
2009-08-27,4.813449382781982,28.229999542236328,28.350000381469727,27.299999237060547,27.719999313354492,871500
2009-08-28,4.828795433044434,28.31999969482422,28.799999237060547,27.899999618530273,28.5,689933
2009-08-31,4.736720085144043,27.780000686645508,28.31999969482422,27.299999237060547,27.809999465942383,1520400
2009-09-01,4.624186038970947,27.1200008392334,28.290000915527344,27.030000686645508,27.540000915527344,722433
2009-09-02,4.52699613571167,26.549999237060547,27.299999237060547,26.43000030517578,27.1200008392334,537033
2009-09-03,4.64976167678833,27.270000457763672,27.389999389648438,26.579999923706055,27.030000686645508,374567
2009-09-04,4.700911998748779,27.56999969482422,27.8700008392334,27.209999084472656,27.209999084472656,478933
2009-09-08,4.803219795227051,28.170000076293945,28.229999542236328,27.389999389648438,27.93000030517578,555867
2009-09-09,4.9413299560546875,28.979999542236328,29.25,27.899999618530273,27.899999618530273,637033
2009-09-10,4.910638332366943,28.799999237060547,29.610000610351562,28.559999465942383,28.950000762939453,964533
2009-09-11,5.0640974044799805,29.700000762939453,29.81999969482422,28.799999237060547,28.979999542236328,748967
2009-09-14,5.156171798706055,30.239999771118164,30.540000915527344,29.399999618530273,29.639999389648438,930867
2009-09-15,5.292969703674316,30.18000030517578,30.299999237060547,28.6200008392334,29.549999237060547,941067
2009-09-16,5.413980484008789,30.8700008392334,31.049999237060547,29.850000381469727,30.239999771118164,775167
2009-09-17,5.36136531829834,30.56999969482422,31.6200008392334,30.18000030517578,30.899999618530273,711900
2009-09-18,5.424500942230225,30.93000030517578,31.40999984741211,30.389999389648438,30.809999465942383,746200
2009-09-21,5.329797744750977,30.389999389648438,30.899999618530273,29.639999389648438,30.510000228881836,719900
2009-09-22,5.366627216339111,30.600000381469727,31.110000610351562,30.299999237060547,31.020000457763672,537933
2009-09-23,5.240353107452393,29.8799991607666,30.989999771118164,29.850000381469727,30.899999618530273,503267
2009-09-24,5.114078998565674,29.15999984741211,30.600000381469727,28.889999389648438,30.149999618530273,782233
2009-09-25,4.929931163787842,28.110000610351562,28.950000762939453,27.270000457763672,28.860000610351562,1069833
2009-09-28,5.203524112701416,29.670000076293945,29.700000762939453,28.200000762939453,28.260000228881836,503200
2009-09-29,4.993068218231201,28.469999313354492,29.969999313354492,28.469999313354492,29.940000534057617,863600
2009-09-30,5.024636745452881,28.649999618530273,29.06999969482422,27.780000686645508,28.530000686645508,538933
2009-10-01,4.824700832366943,27.510000228881836,28.709999084472656,27.450000762939453,28.649999618530273,570033
2009-10-02,4.819441318511963,27.479999542236328,27.8700008392334,25.979999542236328,27.030000686645508,595167
2009-10-05,4.9509758949279785,28.229999542236328,28.6200008392334,27.270000457763672,27.56999969482422,461267
2009-10-06,5.077250003814697,28.950000762939453,29.25,28.260000228881836,28.530000686645508,387500
2009-10-07,5.108818054199219,29.1299991607666,29.190000534057617,28.5,28.739999771118164,275933
2009-10-08,5.114078998565674,29.15999984741211,29.700000762939453,28.889999389648438,29.459999084472656,448667
2009-10-09,5.019375324249268,28.6200008392334,29.25,28.229999542236328,29.040000915527344,343167
2009-10-12,5.082510471343994,28.979999542236328,29.219999313354492,28.559999465942383,28.6200008392334,257533
2009-10-13,5.056205749511719,28.829999923706055,29.06999969482422,28.3799991607666,28.979999542236328,274000
2009-10-14,5.203524112701416,29.670000076293945,29.850000381469727,29.280000686645508,29.280000686645508,446800
2009-10-15,5.182478904724121,29.549999237060547,29.700000762939453,29.219999313354492,29.280000686645508,207267
2009-10-16,5.145648002624512,29.34000015258789,29.520000457763672,28.469999313354492,29.309999465942383,328067
2009-10-19,5.14038610458374,29.309999465942383,29.670000076293945,28.920000076293945,29.309999465942383,279767
2009-10-20,5.098294734954834,29.06999969482422,29.3700008392334,28.739999771118164,29.3700008392334,310833
2009-10-21,4.961499214172363,28.290000915527344,29.610000610351562,28.290000915527344,29.06999969482422,371233
2009-10-22,5.1035566329956055,29.100000381469727,29.190000534057617,28.350000381469727,28.350000381469727,387767
2009-10-23,5.077250003814697,28.950000762939453,29.309999465942383,28.5,29.15999984741211,355867
2009-10-26,5.024636745452881,28.649999618530273,29.219999313354492,28.290000915527344,28.889999389648438,514567
2009-10-27,4.98780632019043,28.440000534057617,29.15999984741211,28.440000534057617,28.799999237060547,349967
2009-10-28,4.766829013824463,27.18000030517578,28.709999084472656,27.149999618530273,28.350000381469727,712333
2009-10-29,4.966760635375977,28.31999969482422,28.530000686645508,27.329999923706055,27.540000915527344,731100
2009-10-30,4.735258102416992,27.0,28.079999923706055,26.940000534057617,28.020000457763672,702233
2009-11-02,4.719475269317627,26.90999984741211,27.6299991607666,26.100000381469727,27.149999618530273,739600
2009-11-03,4.635293006896973,26.43000030517578,26.790000915527344,26.06999969482422,26.729999542236328,716600
2009-11-04,4.661597728729248,26.579999923706055,27.270000457763672,26.520000457763672,26.760000228881836,581267
2009-11-05,4.903623580932617,27.959999084472656,28.229999542236328,26.969999313354492,27.0,564767
2009-11-06,4.761567115783691,27.149999618530273,28.020000457763672,26.90999984741211,27.959999084472656,992933
2009-11-09,4.787871837615967,27.299999237060547,27.899999618530273,27.149999618530273,27.75,632800
2009-11-10,4.751042366027832,27.09000015258789,27.450000762939453,27.0,27.030000686645508,474400
2009-11-11,4.861532688140869,27.719999313354492,27.780000686645508,27.149999618530273,27.450000762939453,366800
2009-11-12,4.777349948883057,27.239999771118164,28.049999237060547,27.09000015258789,27.690000534057617,306533
2009-11-13,4.840487480163574,27.600000381469727,27.84000015258789,27.030000686645508,27.479999542236328,288267
2009-11-16,4.966760635375977,28.31999969482422,28.770000457763672,27.75,27.84000015258789,563900
2009-11-17,5.050943374633789,28.799999237060547,28.979999542236328,28.110000610351562,28.110000610351562,370967
2009-11-18,5.098294734954834,29.06999969482422,29.1299991607666,28.350000381469727,28.799999237060547,396233
2009-11-19,5.008852958679199,28.559999465942383,28.950000762939453,28.260000228881836,28.770000457763672,393233
2009-11-20,4.908885478973389,27.989999771118164,28.559999465942383,27.809999465942383,28.40999984741211,409000
2009-11-23,4.977283954620361,28.3799991607666,28.920000076293945,28.229999542236328,28.530000686645508,373300
2009-11-24,5.093033790588379,29.040000915527344,29.040000915527344,28.229999542236328,28.469999313354492,310533
2009-11-25,5.056205749511719,28.829999923706055,29.15999984741211,28.739999771118164,29.15999984741211,188367
2009-11-27,4.929931163787842,28.110000610351562,28.889999389648438,28.049999237060547,28.079999923706055,251000
2009-11-30,5.061466693878174,28.860000610351562,28.860000610351562,27.93000030517578,28.229999542236328,421233
2009-12-01,5.040420055389404,28.739999771118164,29.219999313354492,28.469999313354492,29.010000228881836,474600
2009-12-02,5.098294734954834,29.06999969482422,29.15999984741211,28.559999465942383,28.799999237060547,355600
2009-12-03,5.061466693878174,28.860000610351562,29.639999389648438,28.709999084472656,29.15999984741211,487367
2009-12-04,5.324535369873047,30.360000610351562,30.360000610351562,29.040000915527344,29.670000076293945,809133
2009-12-07,5.298228740692139,30.209999084472656,31.40999984741211,30.09000015258789,30.389999389648438,703067
2009-12-08,5.314013957977295,30.299999237060547,30.84000015258789,29.940000534057617,30.030000686645508,494367
2009-12-09,5.166694641113281,29.459999084472656,29.8799991607666,28.68000030517578,29.729999542236328,870900
2009-12-10,5.1930012702941895,29.610000610351562,29.790000915527344,28.860000610351562,28.860000610351562,5173133
2009-12-11,5.208785533905029,29.700000762939453,29.700000762939453,29.399999618530273,29.610000610351562,921600
2009-12-14,5.256138324737549,29.969999313354492,30.030000686645508,29.489999771118164,29.969999313354492,822167
2009-12-15,5.142462730407715,28.5,29.1299991607666,28.5,29.06999969482422,775367
2009-12-16,5.272373676300049,29.219999313354492,29.280000686645508,28.440000534057617,28.799999237060547,807500
2009-12-17,5.14787483215332,28.530000686645508,29.100000381469727,28.3799991607666,28.770000457763672,492300
2009-12-18,5.088331699371338,28.200000762939453,28.799999237060547,28.170000076293945,28.709999084472656,1103267
2009-12-21,5.099156856536865,28.260000228881836,29.219999313354492,28.139999389648438,28.229999542236328,670633
2009-12-22,5.2074198722839355,28.860000610351562,29.190000534057617,28.350000381469727,28.350000381469727,484700
2009-12-23,5.174941062927246,28.68000030517578,29.06999969482422,28.530000686645508,28.860000610351562,374700
2009-12-24,5.223659515380859,28.950000762939453,29.040000915527344,28.709999084472656,28.709999084472656,152233
2009-12-28,5.169528484344482,28.649999618530273,29.06999969482422,28.5,29.06999969482422,318233
2009-12-29,5.2182464599609375,28.920000076293945,29.040000915527344,28.559999465942383,28.649999618530273,235033
2009-12-30,5.277790546417236,29.25,29.25,28.649999618530273,29.010000228881836,477300
2009-12-31,5.164113521575928,28.6200008392334,29.25,28.59000015258789,29.219999313354492,612267
2010-01-04,5.369812965393066,29.760000228881836,29.81999969482422,28.6200008392334,28.6200008392334,992733
2010-01-05,5.672948360443115,31.440000534057617,31.59000015258789,29.610000610351562,29.8799991607666,1331300
2010-01-06,5.764970779418945,31.950000762939453,32.25,31.290000915527344,31.5,1077933
2010-01-07,5.813689708709717,32.220001220703125,32.369998931884766,31.350000381469727,31.739999771118164,626500
2010-01-08,5.9057111740112305,32.72999954223633,32.7599983215332,31.950000762939453,32.040000915527344,405600
2010-01-11,6.019388675689697,33.36000061035156,33.540000915527344,32.63999938964844,33.119998931884766,641533
2010-01-12,5.9381890296936035,32.90999984741211,33.38999938964844,32.43000030517578,33.09000015258789,675533
2010-01-13,6.046452522277832,33.5099983215332,33.599998474121094,32.400001525878906,32.970001220703125,357800
2010-01-14,6.089756965637207,33.75,33.869998931884766,33.0,33.150001525878906,386133
2010-01-15,6.008560657501221,33.29999923706055,33.75,32.880001068115234,33.75,470800
2010-01-19,6.1493024826049805,34.08000183105469,34.16999816894531,33.29999923706055,33.36000061035156,502367
2010-01-20,6.127649784088135,33.959999084472656,34.04999923706055,33.33000183105469,33.959999084472656,533767
2010-01-21,6.003147602081299,33.27000045776367,34.20000076293945,32.790000915527344,33.810001373291016,902367
2010-01-22,5.802862167358398,32.15999984741211,33.41999816894531,31.979999542236328,33.18000030517578,902367
2010-01-25,5.813689708709717,32.220001220703125,32.4900016784668,31.559999465942383,32.099998474121094,597467
2010-01-26,5.602577209472656,31.049999237060547,32.400001525878906,30.93000030517578,32.25,909533
2010-01-27,5.721664905548096,31.709999084472656,31.860000610351562,29.940000534057617,31.049999237060547,537867
2010-01-28,5.591750621795654,30.989999771118164,31.950000762939453,30.329999923706055,31.829999923706055,530500
2010-01-29,5.575512886047363,30.899999618530273,31.770000457763672,30.65999984741211,31.110000610351562,463667
2010-02-01,5.635056495666504,31.229999542236328,31.5,30.899999618530273,31.170000076293945,273833
2010-02-02,5.683774948120117,31.5,31.770000457763672,31.079999923706055,31.260000228881836,437233
2010-02-03,5.61881685256958,31.139999389648438,31.860000610351562,30.93000030517578,31.440000534057617,342200
2010-02-04,5.37522554397583,29.790000915527344,31.170000076293945,29.459999084472656,30.989999771118164,925067
2010-02-05,5.4455976486206055,30.18000030517578,30.239999771118164,28.770000457763672,29.700000762939453,823300
2010-02-08,5.5646843910217285,30.84000015258789,31.110000610351562,30.0,30.149999618530273,698533
2010-02-09,5.315680503845215,29.459999084472656,31.229999542236328,29.100000381469727,31.229999542236328,1117633
2010-02-10,5.61881685256958,31.139999389648438,31.200000762939453,29.90999984741211,30.329999923706055,715133
2010-02-11,5.6946001052856445,31.559999465942383,31.979999542236328,30.510000228881836,30.959999084472656,498033
2010-02-12,5.781210899353027,32.040000915527344,32.25,31.049999237060547,31.110000610351562,433900
2010-02-16,6.003147602081299,33.27000045776367,33.27000045776367,32.099998474121094,32.34000015258789,632833
2010-02-17,6.143889427185059,34.04999923706055,34.20000076293945,33.45000076293945,33.599998474121094,702400
2010-02-18,6.105997562408447,33.84000015258789,34.02000045776367,33.56999969482422,34.02000045776367,483000
2010-02-19,6.133065223693848,33.9900016784668,34.08000183105469,33.33000183105469,33.75,559333
2010-02-22,6.2629780769348145,34.709999084472656,35.0099983215332,34.02000045776367,34.04999923706055,505600
2010-02-23,6.181779384613037,34.2599983215332,34.650001525878906,33.93000030517578,34.529998779296875,389600
2010-02-24,6.257565975189209,34.68000030517578,35.099998474121094,34.349998474121094,34.5,567067
2010-02-25,6.311695098876953,34.97999954223633,35.06999969482422,34.04999923706055,34.22999954223633,533800
2010-02-26,6.311695098876953,34.97999954223633,35.279998779296875,34.709999084472656,35.15999984741211,910067
2010-03-01,6.457849979400635,35.790000915527344,35.970001220703125,35.06999969482422,35.25,739167
2010-03-02,6.430785179138184,35.63999938964844,36.209999084472656,35.25,36.029998779296875,703833
2010-03-03,6.4740891456604,35.880001068115234,36.029998779296875,35.43000030517578,35.849998474121094,560533
2010-03-04,6.4686760902404785,35.849998474121094,36.2400016784668,35.43000030517578,35.459999084472656,361300
2010-03-05,6.539048194885254,36.2400016784668,36.29999923706055,35.880001068115234,36.09000015258789,718967
2010-03-08,6.506568431854248,36.060001373291016,36.29999923706055,35.7599983215332,36.27000045776367,504900
2010-03-09,6.501155853271484,36.029998779296875,36.029998779296875,35.81999969482422,36.029998779296875,395567
2010-03-10,6.528221607208252,36.18000030517578,36.540000915527344,35.7599983215332,36.18000030517578,603467
2010-03-11,6.685200214385986,37.04999923706055,37.04999923706055,36.119998931884766,36.119998931884766,573900
2010-03-12,6.771811485290527,37.529998779296875,38.06999969482422,36.9900016784668,37.20000076293945,623967
2010-03-15,6.836769104003906,37.88999938964844,38.25,37.560001373291016,37.650001525878906,623967
2010-03-16,6.82016134262085,36.959999084472656,37.349998474121094,36.75,37.04999923706055,665233
2010-03-17,6.875518321990967,37.2599983215332,37.5,36.75,37.22999954223633,840167
2010-03-18,6.936413764953613,37.59000015258789,37.86000061035156,36.0,37.470001220703125,676533
2010-03-19,6.703909873962402,36.33000183105469,37.83000183105469,35.849998474121094,36.33000183105469,689033
2010-03-22,6.792481899261475,36.810001373291016,37.02000045776367,35.7599983215332,36.29999923706055,396467
2010-03-23,7.01945161819458,38.040000915527344,38.040000915527344,36.56999969482422,37.349998474121094,517400
2010-03-24,6.936413764953613,37.59000015258789,38.25,37.290000915527344,37.79999923706055,380667
2010-03-25,6.842305660247803,37.08000183105469,38.099998474121094,37.02000045776367,38.099998474121094,407433
2010-03-26,6.919805526733398,37.5,38.220001220703125,37.22999954223633,37.380001068115234,529033
2010-03-29,7.013912200927734,38.0099983215332,38.099998474121094,37.290000915527344,37.86000061035156,366567
2010-03-30,7.013912200927734,38.0099983215332,38.61000061035156,37.68000030517578,38.099998474121094,334100
2010-03-31,7.0471296310424805,38.189998626708984,38.70000076293945,37.59000015258789,37.709999084472656,477433
2010-04-01,7.030519962310791,38.099998474121094,38.81999969482422,37.650001525878906,38.400001525878906,375467
2010-04-05,7.1855244636535645,38.939998626708984,39.150001525878906,38.310001373291016,38.43000030517578,385167
2010-04-06,7.318386554718018,39.65999984741211,39.84000015258789,38.849998474121094,38.90999984741211,431700
2010-04-07,7.1523118019104,38.7599983215332,39.810001373291016,38.459999084472656,39.630001068115234,485233
2010-04-08,7.157845497131348,38.790000915527344,39.0,38.25,38.70000076293945,305733
2010-04-09,7.119096755981445,38.58000183105469,38.849998474121094,37.79999923706055,38.849998474121094,354233
2010-04-12,7.224276065826416,39.150001525878906,39.33000183105469,38.369998931884766,38.54999923706055,409900
2010-04-13,7.290707588195801,39.5099983215332,39.720001220703125,38.54999923706055,39.09000015258789,363333
2010-04-14,7.473390579223633,40.5,40.83000183105469,39.5099983215332,39.599998474121094,414867
2010-04-15,7.489997386932373,40.59000015258789,40.650001525878906,39.810001373291016,40.2599983215332,466900
2010-04-16,7.368206977844238,39.93000030517578,40.560001373291016,39.0,40.5,528267
2010-04-19,7.207668304443359,39.060001373291016,40.290000915527344,37.650001525878906,40.16999816894531,553633
2010-04-20,7.318386554718018,39.65999984741211,40.470001220703125,38.790000915527344,38.790000915527344,318100
2010-04-21,7.0471296310424805,38.189998626708984,39.29999923706055,37.439998626708984,39.0,1388667
2010-04-22,7.240884304046631,39.2400016784668,39.41999816894531,37.349998474121094,37.650001525878906,446167
2010-04-23,7.456783294677734,40.40999984741211,40.439998626708984,39.2400016784668,39.29999923706055,565367
2010-04-26,7.512142658233643,40.709999084472656,41.06999969482422,39.75,40.22999954223633,706467
2010-04-27,6.864449501037598,37.20000076293945,39.779998779296875,37.20000076293945,38.849998474121094,1169800
2010-04-28,6.919805526733398,37.5,37.5,36.599998474121094,36.65999984741211,6144200
2010-04-29,6.914269924163818,37.470001220703125,37.77000045776367,36.810001373291016,37.5,1316500
2010-04-30,6.703909873962402,36.33000183105469,37.5,36.33000183105469,37.5,971100
2010-05-03,6.969627857208252,37.77000045776367,37.79999923706055,36.630001068115234,36.689998626708984,810767
2010-05-04,6.676229953765869,36.18000030517578,37.40999984741211,35.43000030517578,37.13999938964844,1036167
2010-05-05,6.626405715942383,35.90999984741211,36.47999954223633,32.279998779296875,35.25,1038033
2010-05-06,6.028534889221191,32.66999816894531,36.18000030517578,28.170000076293945,35.459999084472656,1833633
2010-05-07,5.856922149658203,31.739999771118164,32.970001220703125,30.479999542236328,31.889999389648438,1529833
2010-05-10,6.294256210327148,34.11000061035156,34.470001220703125,33.36000061035156,34.439998626708984,799000
2010-05-11,6.438189506530762,34.88999938964844,35.63999938964844,33.2400016784668,33.29999923706055,848400
2010-05-12,6.659619331359863,36.09000015258789,36.27000045776367,35.099998474121094,35.099998474121094,691600
2010-05-13,6.482473373413086,35.130001068115234,36.2400016784668,35.040000915527344,36.060001373291016,543333
2010-05-14,6.211216449737549,33.65999984741211,34.560001373291016,32.849998474121094,34.529998779296875,810567
2010-05-17,6.200145721435547,33.599998474121094,34.68000030517578,32.4900016784668,34.08000183105469,547900
2010-05-18,6.100502014160156,33.060001373291016,34.31999969482422,32.790000915527344,34.20000076293945,550300
2010-05-19,6.023000240325928,32.63999938964844,33.65999984741211,31.649999618530273,33.0,707567
2010-05-20,5.629953384399414,30.510000228881836,31.860000610351562,30.299999237060547,31.649999618530273,945567
2010-05-21,5.807101726531982,31.469999313354492,32.130001068115234,29.190000534057617,29.8799991607666,825333
2010-05-24,5.668703079223633,30.719999313354492,31.6200008392334,30.690000534057617,31.3799991607666,431400
2010-05-25,5.762812614440918,31.229999542236328,31.229999542236328,29.610000610351562,29.729999542236328,751600
2010-05-26,5.762812614440918,31.229999542236328,32.66999816894531,30.780000686645508,31.5,682567
2010-05-27,5.8237080574035645,31.559999465942383,32.400001525878906,30.8700008392334,32.099998474121094,1054833
2010-05-28,5.773884296417236,31.290000915527344,31.829999923706055,30.899999618530273,31.530000686645508,773233
2010-06-01,5.5081658363342285,29.850000381469727,31.229999542236328,29.850000381469727,31.049999237060547,716067
2010-06-02,5.696386337280273,30.8700008392334,30.93000030517578,29.579999923706055,30.420000076293945,639833
2010-06-03,5.707455635070801,30.93000030517578,31.139999389648438,30.209999084472656,30.8700008392334,558667
2010-06-04,5.4804887771606445,29.700000762939453,30.75,29.700000762939453,30.239999771118164,777300
2010-06-07,5.397449016571045,29.25,30.389999389648438,29.25,29.8799991607666,590967
2010-06-08,5.425128936767578,29.399999618530273,29.8799991607666,28.260000228881836,29.43000030517578,676433
2010-06-09,5.452808856964111,29.549999237060547,30.450000762939453,29.399999618530273,29.520000457763672,714900
2010-06-10,5.641026020050049,30.56999969482422,30.75,29.8799991607666,30.239999771118164,539167
2010-06-11,5.779420852661133,31.31999969482422,31.31999969482422,30.059999465942383,30.299999237060547,583133
2010-06-14,5.856922149658203,31.739999771118164,32.52000045776367,31.5,31.799999237060547,765133
2010-06-15,5.930845260620117,31.290000915527344,31.440000534057617,30.510000228881836,31.200000762939453,606333
2010-06-16,5.868296146392822,30.959999084472656,31.440000534057617,30.780000686645508,31.049999237060547,379633
2010-06-17,5.794373512268066,30.56999969482422,31.049999237060547,30.209999084472656,30.959999084472656,417200
2010-06-18,5.862610816955566,30.93000030517578,31.170000076293945,30.209999084472656,30.65999984741211,608333
2010-06-21,5.726139068603516,30.209999084472656,31.770000457763672,29.969999313354492,31.440000534057617,892467
2010-06-22,5.765944004058838,30.420000076293945,31.260000228881836,30.239999771118164,30.270000457763672,596033
2010-06-23,5.692020893096924,30.030000686645508,30.75,29.8799991607666,30.299999237060547,681933
2010-06-24,5.572607040405273,29.399999618530273,30.450000762939453,29.399999618530273,29.760000228881836,726333
2010-06-25,5.674962520599365,29.940000534057617,30.0,29.399999618530273,29.670000076293945,1483367
2010-06-28,5.726139068603516,30.209999084472656,30.540000915527344,29.639999389648438,30.030000686645508,412033
2010-06-29,5.413391590118408,28.559999465942383,29.90999984741211,28.3799991607666,29.790000915527344,754800
2010-06-30,5.3053483963012695,27.989999771118164,29.25,27.959999084472656,28.6200008392334,644100
2010-07-01,5.25985860824585,27.75,28.290000915527344,26.700000762939453,28.049999237060547,769633
2010-07-02,5.265547752380371,27.780000686645508,28.350000381469727,27.299999237060547,27.989999771118164,355000
2010-07-06,5.254172325134277,27.719999313354492,29.010000228881836,27.479999542236328,28.200000762939453,472900
2010-07-07,5.464566230773926,28.829999923706055,28.829999923706055,27.65999984741211,27.719999313354492,562300
2010-07-08,5.623785018920898,29.670000076293945,29.729999542236328,29.15999984741211,29.280000686645508,536000
2010-07-09,5.709080219268799,30.1200008392334,30.299999237060547,29.459999084472656,29.729999542236328,390133
2010-07-12,5.669274806976318,29.90999984741211,30.239999771118164,29.700000762939453,30.0,407033
2010-07-13,5.862610816955566,30.93000030517578,31.079999923706055,30.030000686645508,30.420000076293945,517367
2010-07-14,5.692020893096924,30.030000686645508,30.84000015258789,29.90999984741211,30.780000686645508,557367
2010-07-15,5.629472255706787,29.700000762939453,30.239999771118164,29.399999618530273,30.059999465942383,652367
2010-07-16,5.504371643066406,29.040000915527344,29.90999984741211,28.920000076293945,29.43000030517578,532633
2010-07-19,5.544175624847412,29.25,29.3700008392334,28.5,29.280000686645508,507367
2010-07-20,5.572607040405273,29.399999618530273,29.459999084472656,28.559999465942383,28.649999618530273,377200
2010-07-21,5.504371643066406,29.040000915527344,29.90999984741211,29.010000228881836,29.610000610351562,399467
2010-07-22,5.726139068603516,30.209999084472656,30.270000457763672,29.34000015258789,29.34000015258789,472267
2010-07-23,5.879668235778809,31.020000457763672,31.229999542236328,29.700000762939453,30.0,549900
2010-07-26,5.982023239135742,31.559999465942383,32.0099983215332,31.020000457763672,31.079999923706055,485133
2010-07-27,6.033201694488525,31.829999923706055,32.25,31.559999465942383,31.979999542236328,469833
2010-07-28,5.822807788848877,30.719999313354492,31.950000762939453,30.65999984741211,31.799999237060547,451933
2010-07-29,5.982023239135742,31.559999465942383,31.799999237060547,30.6299991607666,30.959999084472656,327233
2010-07-30,5.743196964263916,30.299999237060547,31.40999984741211,30.299999237060547,31.020000457763672,634833
2010-08-02,5.925159454345703,31.260000228881836,31.290000915527344,30.450000762939453,30.690000534057617,474300
2010-08-03,5.925159454345703,31.260000228881836,31.799999237060547,30.8700008392334,31.440000534057617,467800
2010-08-04,6.055946350097656,31.950000762939453,32.099998474121094,31.350000381469727,31.40999984741211,559433
2010-08-05,5.6863322257995605,30.0,30.8700008392334,29.34000015258789,30.270000457763672,1678167
2010-08-06,5.595353126525879,29.520000457763672,29.760000228881836,28.770000457763672,29.639999389648438,926233
2010-08-09,5.6863322257995605,30.0,30.059999465942383,29.25,29.610000610351562,614100
2010-08-10,5.492998123168945,28.979999542236328,29.8799991607666,28.950000762939453,29.610000610351562,606067
2010-08-11,5.293978691101074,27.93000030517578,29.1299991607666,27.899999618530273,28.920000076293945,715367
2010-08-12,5.3053483963012695,27.989999771118164,28.139999389648438,27.600000381469727,27.809999465942383,615400
2010-08-13,5.231427192687988,27.600000381469727,28.020000457763672,27.600000381469727,27.93000030517578,404867
2010-08-16,5.29966402053833,27.959999084472656,28.079999923706055,27.420000076293945,27.540000915527344,388600
2010-08-17,5.458882808685303,28.799999237060547,29.15999984741211,28.079999923706055,28.40999984741211,614133
2010-08-18,5.492998123168945,28.979999542236328,29.100000381469727,28.5,28.799999237060547,564033
2010-08-19,5.288289546966553,27.899999618530273,29.010000228881836,27.899999618530273,28.829999923706055,702667
2010-08-20,5.407702922821045,28.530000686645508,28.559999465942383,27.450000762939453,27.93000030517578,617300
2010-08-23,5.356525897979736,28.260000228881836,29.040000915527344,28.260000228881836,28.829999923706055,572867
2010-08-24,5.2712321281433105,27.809999465942383,28.139999389648438,27.600000381469727,27.989999771118164,526800
2010-08-25,5.333783149719238,28.139999389648438,28.229999542236328,27.239999771118164,27.809999465942383,549200
2010-08-26,5.22005558013916,27.540000915527344,28.5,27.510000228881836,28.350000381469727,475833
2010-08-27,5.436134338378906,28.68000030517578,28.739999771118164,27.600000381469727,27.959999084472656,544667
2010-08-30,5.328096389770508,28.110000610351562,28.920000076293945,28.079999923706055,28.6200008392334,391833
2010-08-31,5.43044900894165,28.649999618530273,28.799999237060547,28.079999923706055,28.110000610351562,404867
2010-09-01,5.640844345092773,29.760000228881836,29.760000228881836,28.979999542236328,29.010000228881836,647067
2010-09-02,5.731825351715088,30.239999771118164,30.299999237060547,29.309999465942383,29.850000381469727,564300
2010-09-03,5.85123872756958,30.8700008392334,30.989999771118164,30.360000610351562,30.6299991607666,624367
2010-09-07,5.737513065338135,30.270000457763672,30.780000686645508,30.149999618530273,30.75,598467
2010-09-08,5.7886881828308105,30.540000915527344,30.8700008392334,30.299999237060547,30.389999389648438,436500
2010-09-09,5.868296146392822,30.959999084472656,31.200000762939453,30.719999313354492,30.8700008392334,376433
2010-09-10,5.902414798736572,31.139999389648438,31.649999618530273,30.93000030517578,31.139999389648438,591067
2010-09-13,5.982023239135742,31.559999465942383,31.739999771118164,31.110000610351562,31.530000686645508,852700
2010-09-14,5.935287952423096,30.479999542236328,30.959999084472656,30.479999542236328,30.780000686645508,567833
2010-09-15,5.976181983947754,30.690000534057617,30.75,29.969999313354492,30.450000762939453,428900
2010-09-16,5.8651862144470215,30.1200008392334,30.780000686645508,29.969999313354492,30.510000228881836,360433
2010-09-17,5.95865535736084,30.600000381469727,30.65999984741211,29.940000534057617,30.600000381469727,608067
2010-09-20,6.081333160400391,31.229999542236328,31.260000228881836,30.360000610351562,30.6299991607666,543667
2010-09-21,5.976181983947754,30.690000534057617,31.200000762939453,30.65999984741211,31.139999389648438,385133
2010-09-22,5.900237560272217,30.299999237060547,31.139999389648438,30.270000457763672,30.690000534057617,564533
2010-09-23,5.765874862670898,29.610000610351562,30.270000457763672,29.43000030517578,30.030000686645508,540933
2010-09-24,5.935287952423096,30.479999542236328,30.510000228881836,29.969999313354492,30.209999084472656,482967
2010-09-27,5.91192102432251,30.360000610351562,30.600000381469727,30.09000015258789,30.450000762939453,322867
2010-09-28,6.052125930786133,31.079999923706055,31.139999389648438,30.149999618530273,30.56999969482422,482567
2010-09-29,6.017073154449463,30.899999618530273,31.049999237060547,30.450000762939453,30.93000030517578,355767
2010-09-30,5.976181983947754,30.690000534057617,31.5,30.690000534057617,31.079999923706055,577033
2010-10-01,6.040441036224365,31.020000457763672,31.31999969482422,30.84000015258789,31.170000076293945,391867
2010-10-04,5.95865535736084,30.600000381469727,31.31999969482422,30.540000915527344,31.049999237060547,348033
2010-10-05,6.09885835647583,31.31999969482422,31.469999313354492,30.6299991607666,31.110000610351562,742367
2010-10-06,6.093016147613525,31.290000915527344,31.440000534057617,31.079999923706055,31.350000381469727,418767
2010-10-07,6.057968616485596,31.110000610351562,31.469999313354492,31.079999923706055,31.3799991607666,329800
2010-10-08,6.104701519012451,31.350000381469727,31.5,31.110000610351562,31.200000762939453,394433
2010-10-11,6.122227668762207,31.440000534057617,31.530000686645508,31.290000915527344,31.40999984741211,206733
2010-10-12,6.116385459899902,31.40999984741211,31.5,31.200000762939453,31.260000228881836,324267
2010-10-13,6.139753341674805,31.530000686645508,31.770000457763672,31.40999984741211,31.770000457763672,478600
2010-10-14,6.087176322937012,31.260000228881836,31.68000030517578,31.200000762939453,31.59000015258789,425333
2010-10-15,6.087176322937012,31.260000228881836,31.68000030517578,31.110000610351562,31.68000030517578,423700
2010-10-18,6.1923298835754395,31.799999237060547,31.799999237060547,31.31999969482422,31.350000381469727,508633
2010-10-19,6.133909702301025,31.5,32.279998779296875,31.139999389648438,31.350000381469727,608833
2010-10-20,6.303323268890381,32.369998931884766,32.66999816894531,31.68000030517578,31.739999771118164,615567
2010-10-21,6.3208489418029785,32.459999084472656,32.790000915527344,32.0099983215332,32.58000183105469,480400
2010-10-22,6.396793365478516,32.849998474121094,32.880001068115234,32.4900016784668,32.61000061035156,376367
2010-10-25,6.408473491668701,32.90999984741211,33.119998931884766,32.70000076293945,33.0,332133
2010-10-26,6.426002502441406,33.0,33.209999084472656,32.72999954223633,32.849998474121094,367900
2010-10-27,6.396793365478516,32.849998474121094,32.939998626708984,32.0099983215332,32.70000076293945,354500
2010-10-28,6.309166431427002,32.400001525878906,33.150001525878906,32.400001525878906,32.970001220703125,242833
2010-10-29,6.4318413734436035,33.029998779296875,33.150001525878906,32.25,32.25,313567
2010-11-01,6.367583274841309,32.70000076293945,33.45000076293945,32.34000015258789,33.2400016784668,527533
2010-11-02,6.519470691680908,33.47999954223633,33.5099983215332,33.060001373291016,33.060001373291016,455433
2010-11-03,6.542837619781494,33.599998474121094,33.779998779296875,33.029998779296875,33.47999954223633,593167
2010-11-04,6.694725036621094,34.380001068115234,34.380001068115234,33.75,33.900001525878906,805800
2010-11-05,6.665516376495361,34.22999954223633,34.5,33.900001525878906,34.16999816894531,888633
2010-11-08,6.536994934082031,33.56999969482422,34.349998474121094,33.29999923706055,34.31999969482422,656200
2010-11-09,6.478579998016357,33.27000045776367,33.75,33.18000030517578,33.540000915527344,542567
2010-11-10,6.332531452178955,32.52000045776367,33.38999938964844,32.15999984741211,33.119998931884766,834633
2010-11-11,6.244903564453125,32.06999969482422,32.4900016784668,31.5,32.25,711200
2010-11-12,6.040441036224365,31.020000457763672,32.369998931884766,31.020000457763672,31.920000076293945,888533
2010-11-15,6.209854602813721,31.889999389648438,32.369998931884766,31.229999542236328,31.350000381469727,608200
2010-11-16,6.087176322937012,31.260000228881836,31.739999771118164,31.170000076293945,31.6200008392334,667867
2010-11-17,6.122227668762207,31.440000534057617,31.739999771118164,31.200000762939453,31.3799991607666,511600
2010-11-18,6.23322057723999,32.0099983215332,32.189998626708984,31.68000030517578,31.739999771118164,453100
2010-11-19,6.2916388511657715,32.310001373291016,32.4900016784668,31.5,31.829999923706055,386333
2010-11-22,6.315006732940674,32.43000030517578,32.459999084472656,31.829999923706055,32.25,375400
2010-11-23,6.174803733825684,31.709999084472656,32.15999984741211,31.59000015258789,32.0099983215332,406233
2010-11-24,6.285797119140625,32.279998779296875,32.459999084472656,31.920000076293945,31.920000076293945,675700
2010-11-26,6.256587982177734,32.130001068115234,32.43000030517578,31.829999923706055,31.950000762939453,224667
2010-11-29,6.250746250152588,32.099998474121094,32.25,31.59000015258789,32.06999969482422,409967
2010-11-30,6.18064546585083,31.739999771118164,32.189998626708984,31.5,31.799999237060547,710267
2010-12-01,6.361741542816162,32.66999816894531,32.70000076293945,32.189998626708984,32.220001220703125,608533
2010-12-02,6.519470691680908,33.47999954223633,33.47999954223633,32.61000061035156,32.61000061035156,479867
2010-12-03,6.572046756744385,33.75,33.84000015258789,33.0,33.38999938964844,401767
2010-12-06,6.542837619781494,33.599998474121094,34.20000076293945,33.5099983215332,33.630001068115234,1017333
2010-12-07,6.595415115356445,33.869998931884766,34.16999816894531,33.84000015258789,33.900001525878906,500400
2010-12-08,6.595415115356445,33.869998931884766,34.04999923706055,33.540000915527344,34.04999923706055,556933
2010-12-09,6.64215087890625,34.11000061035156,34.20000076293945,33.810001373291016,34.16999816894531,608567
2010-12-10,6.706409454345703,34.439998626708984,34.5,33.84000015258789,34.16999816894531,669433
2010-12-13,6.753141403198242,34.68000030517578,34.91999816894531,34.5,34.59000015258789,592700
2010-12-14,6.75913143157959,33.869998931884766,34.13999938964844,33.720001220703125,33.93000030517578,600300
2010-12-15,6.609457492828369,33.119998931884766,34.08000183105469,33.0,33.720001220703125,522733
2010-12-16,6.6693291664123535,33.41999816894531,33.56999969482422,33.150001525878906,33.29999923706055,376167
2010-12-17,6.567549705505371,32.90999984741211,33.5099983215332,32.849998474121094,33.45000076293945,976333
2010-12-20,6.573535442352295,32.939998626708984,33.09000015258789,32.70000076293945,32.970001220703125,537767
2010-12-21,6.75913143157959,33.869998931884766,33.900001525878906,33.119998931884766,33.119998931884766,401200
2010-12-22,6.7711052894592285,33.93000030517578,34.20000076293945,33.779998779296875,34.02000045776367,245267
2010-12-23,6.777089595794678,33.959999084472656,34.08000183105469,33.75,33.84000015258789,300667
2010-12-27,6.729197025299072,33.720001220703125,33.900001525878906,33.540000915527344,33.900001525878906,315833
2010-12-28,6.723206520080566,33.689998626708984,33.900001525878906,33.540000915527344,33.720001220703125,280167
2010-12-29,6.657355785369873,33.36000061035156,33.869998931884766,33.29999923706055,33.720001220703125,311000
2010-12-30,6.645380973815918,33.29999923706055,33.630001068115234,33.2400016784668,33.41999816894531,272967
2010-12-31,6.627419948577881,33.209999084472656,33.5099983215332,33.119998931884766,33.18000030517578,364500
2011-01-03,6.753144264221191,33.84000015258789,34.5,33.47999954223633,33.5099983215332,511433
2011-01-04,6.813014030456543,34.13999938964844,34.290000915527344,33.75,34.13999938964844,606233
2011-01-05,6.914790630340576,34.650001525878906,34.650001525878906,33.900001525878906,34.290000915527344,348233
2011-01-06,6.813014030456543,34.13999938964844,34.619998931884766,34.08000183105469,34.5,439700
2011-01-07,6.789065361022949,34.02000045776367,34.40999984741211,33.41999816894531,34.31999969482422,295100
2011-01-10,6.926760196685791,34.709999084472656,35.040000915527344,33.84000015258789,34.2599983215332,672467
2011-01-11,6.974656105041504,34.95000076293945,35.15999984741211,34.7400016784668,34.95000076293945,376600
2011-01-12,7.16024923324585,35.880001068115234,36.0,35.310001373291016,35.369998931884766,781467
2011-01-13,7.100383281707764,35.58000183105469,36.0,35.43000030517578,35.70000076293945,456733
2011-01-14,7.208141803741455,36.119998931884766,36.27000045776367,35.54999923706055,35.61000061035156,500567
2011-01-18,7.291956901550293,36.540000915527344,36.540000915527344,35.4900016784668,36.0,623267
2011-01-19,7.004588603973389,35.099998474121094,36.29999923706055,34.88999938964844,36.18000030517578,718567
2011-01-20,6.80103874206543,34.08000183105469,34.5,33.540000915527344,34.2599983215332,1261867
2011-01-21,7.016564846038818,35.15999984741211,35.459999084472656,34.290000915527344,34.290000915527344,1240700
2011-01-24,7.094392776489258,35.54999923706055,35.66999816894531,34.560001373291016,35.310001373291016,503467
2011-01-25,6.974656105041504,34.95000076293945,35.66999816894531,34.68000030517578,35.54999923706055,659233
2011-01-26,7.136299133300781,35.7599983215332,35.880001068115234,34.79999923706055,35.15999984741211,593833
2011-01-27,7.112353324890137,35.63999938964844,36.0,35.54999923706055,35.7599983215332,700067
2011-01-28,6.878868103027344,34.470001220703125,35.81999969482422,34.349998474121094,35.7599983215332,696167
2011-01-31,7.064459800720215,35.400001525878906,35.400001525878906,34.22999954223633,34.529998779296875,591067
2011-02-01,7.190183162689209,36.029998779296875,36.18000030517578,35.400001525878906,35.72999954223633,582400
2011-02-02,7.244061470031738,36.29999923706055,36.45000076293945,35.81999969482422,35.81999969482422,415833
2011-02-03,7.22011661529541,36.18000030517578,36.36000061035156,35.70000076293945,36.119998931884766,307000
2011-02-04,7.208141803741455,36.119998931884766,36.119998931884766,35.130001068115234,35.880001068115234,653000
2011-02-07,7.1841959953308105,36.0,36.38999938964844,35.63999938964844,36.060001373291016,471433
2011-02-08,7.250050067901611,36.33000183105469,36.33000183105469,35.66999816894531,35.939998626708984,515633
2011-02-09,7.154259204864502,35.849998474121094,36.150001525878906,35.72999954223633,36.029998779296875,349067
2011-02-10,7.148273468017578,35.81999969482422,36.060001373291016,35.66999816894531,35.7599983215332,525933
2011-02-11,7.238078594207764,36.27000045776367,36.27000045776367,35.58000183105469,35.58000183105469,423200
2011-02-14,7.22011661529541,36.18000030517578,36.45000076293945,35.81999969482422,36.209999084472656,262267
2011-02-15,7.256036758422852,36.36000061035156,36.47999954223633,36.0,36.029998779296875,291533
2011-02-16,7.327880859375,36.720001220703125,36.84000015258789,36.29999923706055,36.5099983215332,505333
2011-02-17,7.423667907714844,37.20000076293945,37.20000076293945,36.599998474121094,36.65999984741211,545233
2011-02-18,7.315906524658203,36.65999984741211,37.349998474121094,36.540000915527344,37.20000076293945,437967
2011-02-22,7.106367111206055,35.61000061035156,36.540000915527344,35.54999923706055,36.060001373291016,669167
2011-02-23,7.058471202850342,35.369998931884766,36.5099983215332,35.15999984741211,35.790000915527344,386100
2011-02-24,7.226104736328125,36.209999084472656,36.209999084472656,35.130001068115234,35.279998779296875,659367
2011-02-25,7.423667907714844,37.20000076293945,37.2599983215332,36.18000030517578,36.33000183105469,402133
2011-02-28,7.405707836151123,37.11000061035156,37.380001068115234,36.93000030517578,37.20000076293945,480933
2011-03-01,7.208141803741455,36.119998931884766,37.349998474121094,36.029998779296875,37.290000915527344,427400
2011-03-02,7.232089042663574,36.2400016784668,36.38999938964844,35.72999954223633,36.150001525878906,374900
2011-03-03,7.34583854675293,36.810001373291016,37.13999938964844,36.45000076293945,36.56999969482422,623000
2011-03-04,7.279984951019287,36.47999954223633,37.02000045776367,36.18000030517578,37.02000045776367,385300
2011-03-07,7.256036758422852,36.36000061035156,36.9900016784668,36.0,36.75,381167
2011-03-08,7.393735885620117,37.04999923706055,37.13999938964844,36.060001373291016,36.38999938964844,443800
2011-03-09,7.369785785675049,36.93000030517578,37.16999816894531,36.540000915527344,37.04999923706055,400200
2011-03-10,7.226104736328125,36.209999084472656,36.75,36.18000030517578,36.47999954223633,530000
2011-03-11,7.268011569976807,36.41999816894531,36.540000915527344,36.029998779296875,36.150001525878906,416267
2011-03-14,7.2141313552856445,36.150001525878906,36.5099983215332,35.970001220703125,36.09000015258789,545633
2011-03-15,6.962830543518066,34.08000183105469,34.7400016784668,33.29999923706055,34.40999984741211,908700
2011-03-16,6.846377372741699,33.5099983215332,34.560001373291016,33.47999954223633,34.08000183105469,662767
2011-03-17,6.932183742523193,33.93000030517578,34.31999969482422,33.65999984741211,34.08000183105469,357167
2011-03-18,6.962830543518066,34.08000183105469,34.91999816894531,33.779998779296875,34.439998626708984,676867
2011-03-21,7.189611911773682,35.189998626708984,35.220001220703125,34.529998779296875,34.560001373291016,390067
2011-03-22,7.04863977432251,34.5,35.369998931884766,34.290000915527344,35.279998779296875,370167
2011-03-23,7.152834892272949,35.0099983215332,35.130001068115234,34.20000076293945,34.529998779296875,430300
2011-03-24,7.189611911773682,35.189998626708984,35.369998931884766,34.7400016784668,35.15999984741211,324933
2011-03-25,7.250904560089111,35.4900016784668,35.970001220703125,35.06999969482422,35.310001373291016,413167
2011-03-28,7.2631635665893555,35.54999923706055,35.849998474121094,35.25,35.58000183105469,252733
2011-03-29,7.269294738769531,35.58000183105469,35.790000915527344,34.95000076293945,35.400001525878906,239233
2011-03-30,7.373489856719971,36.09000015258789,36.09000015258789,35.72999954223633,35.880001068115234,401267
2011-03-31,7.398006439208984,36.209999084472656,36.33000183105469,35.880001068115234,36.0,473000
2011-04-01,7.477689266204834,36.599998474121094,36.720001220703125,36.33000183105469,36.41999816894531,252367
2011-04-04,7.4409098625183105,36.41999816894531,36.869998931884766,36.29999923706055,36.84000015258789,260833
2011-04-05,7.398006439208984,36.209999084472656,36.599998474121094,36.09000015258789,36.38999938964844,305733
2011-04-06,7.496074199676514,36.689998626708984,36.75,36.29999923706055,36.33000183105469,320433
2011-04-07,7.459300994873047,36.5099983215332,36.810001373291016,36.29999923706055,36.599998474121094,301467
2011-04-08,7.3551025390625,36.0,36.810001373291016,35.849998474121094,36.779998779296875,259033
2011-04-11,7.226387023925781,35.369998931884766,36.41999816894531,35.310001373291016,36.0,261733
2011-04-12,7.085414409637451,34.68000030517578,35.4900016784668,34.68000030517578,35.099998474121094,303400
2011-04-13,7.091543197631836,34.709999084472656,35.15999984741211,34.380001068115234,34.95000076293945,324467
2011-04-14,7.085414409637451,34.68000030517578,34.77000045776367,34.349998474121094,34.380001068115234,234000
2011-04-15,7.17122220993042,35.099998474121094,35.130001068115234,34.5,34.5,317967
2011-04-18,7.06089973449707,34.560001373291016,34.650001525878906,33.9900016784668,34.560001373291016,446433
2011-04-19,6.968958854675293,34.11000061035156,34.77000045776367,33.779998779296875,34.2599983215332,364833
2011-04-20,7.085414409637451,34.68000030517578,35.040000915527344,34.31999969482422,34.77000045776367,335533
2011-04-21,7.140578269958496,34.95000076293945,34.97999954223633,34.380001068115234,34.97999954223633,310433
2011-04-25,7.2570343017578125,35.52000045776367,35.66999816894531,34.619998931884766,34.68000030517578,400333
2011-04-26,7.312201499938965,35.790000915527344,35.790000915527344,34.68000030517578,34.709999084472656,1033333
2011-04-27,7.17122220993042,35.099998474121094,35.61000061035156,34.88999938964844,35.54999923706055,655467
2011-04-28,7.189611911773682,35.189998626708984,35.310001373291016,35.0099983215332,35.040000915527344,269333
2011-04-29,7.2631635665893555,35.54999923706055,35.7599983215332,35.220001220703125,35.279998779296875,466667
2011-05-02,7.134448528289795,34.91999816894531,35.7599983215332,34.88999938964844,35.61000061035156,333800
2011-05-03,7.128320693969727,34.88999938964844,35.06999969482422,34.5,34.91999816894531,352200
2011-05-04,7.085414409637451,34.68000030517578,35.040000915527344,33.9900016784668,35.0099983215332,900933
2011-05-05,6.975089073181152,34.13999938964844,34.59000015258789,33.900001525878906,34.40999984741211,453233
2011-05-06,6.956699371337891,34.04999923706055,34.79999923706055,33.9900016784668,34.619998931884766,359767
2011-05-09,6.981219291687012,34.16999816894531,34.290000915527344,33.720001220703125,34.16999816894531,261000
2011-05-10,7.122189998626709,34.86000061035156,34.86000061035156,34.20000076293945,34.349998474121094,189567
2011-05-11,7.0241241455078125,34.380001068115234,34.83000183105469,33.9900016784668,34.68000030517578,283767
2011-05-12,7.085414409637451,34.68000030517578,34.79999923706055,33.900001525878906,34.2599983215332,253667
2011-05-13,6.907667636871338,33.810001373291016,34.650001525878906,33.75,34.619998931884766,386500
2011-05-16,6.834115505218506,33.45000076293945,33.93000030517578,33.45000076293945,33.720001220703125,307967
2011-05-17,6.6379780769348145,32.4900016784668,33.47999954223633,32.15999984741211,33.33000183105469,753867
2011-05-18,6.772824287414551,33.150001525878906,33.27000045776367,32.189998626708984,32.4900016784668,593267
2011-05-19,6.926054000854492,33.900001525878906,33.9900016784668,33.27000045776367,33.45000076293945,358633
2011-05-20,6.8586320877075195,33.56999969482422,34.13999938964844,33.41999816894531,33.75,416200
2011-05-23,6.766693115234375,33.119998931884766,33.45000076293945,32.790000915527344,33.119998931884766,900000
2011-05-24,6.705401420593262,32.81999969482422,33.33000183105469,32.70000076293945,33.18000030517578,366667
2011-05-25,6.80959939956665,33.33000183105469,33.47999954223633,32.70000076293945,32.849998474121094,410300
2011-05-26,6.852506160736084,33.540000915527344,33.56999969482422,32.790000915527344,33.27000045776367,261700
2011-05-27,6.852506160736084,33.540000915527344,33.75,33.41999816894531,33.65999984741211,234900
2011-05-31,6.993475437164307,34.22999954223633,34.22999954223633,33.689998626708984,34.02000045776367,514300
2011-06-01,6.693142414093018,32.7599983215332,34.470001220703125,32.70000076293945,34.470001220703125,925133
2011-06-02,6.687012195587158,32.72999954223633,33.689998626708984,32.400001525878906,33.209999084472656,766833
2011-06-03,6.631850719451904,32.459999084472656,33.060001373291016,32.099998474121094,32.25,665767
2011-06-06,6.601203918457031,32.310001373291016,32.90999984741211,32.25,32.61000061035156,532700
2011-06-07,6.613461971282959,32.369998931884766,32.90999984741211,32.279998779296875,32.72999954223633,418200
2011-06-08,6.521523952484131,31.920000076293945,32.70000076293945,31.829999923706055,32.459999084472656,741133
2011-06-09,6.515395164489746,31.889999389648438,32.43000030517578,31.829999923706055,32.040000915527344,484767
2011-06-10,6.36216402053833,31.139999389648438,32.130001068115234,31.049999237060547,31.799999237060547,1011167
2011-06-13,6.417325973510742,31.40999984741211,31.6200008392334,31.049999237060547,31.170000076293945,770267
2011-06-14,6.499195098876953,30.959999084472656,31.049999237060547,30.479999542236328,30.93000030517578,507333
2011-06-15,6.278777122497559,29.90999984741211,30.899999618530273,29.610000610351562,30.6299991607666,735200
2011-06-16,6.266182899475098,29.850000381469727,30.600000381469727,29.700000762939453,29.8799991607666,606933
2011-06-17,6.285074710845947,29.940000534057617,30.329999923706055,29.760000228881836,30.1200008392334,746167
2011-06-20,6.329159259796143,30.149999618530273,30.270000457763672,29.760000228881836,30.0,898600
2011-06-21,6.3921380043029785,30.450000762939453,30.780000686645508,30.059999465942383,30.299999237060547,587733
2011-06-22,6.2535881996154785,29.790000915527344,30.510000228881836,29.790000915527344,30.239999771118164,347967
2011-06-23,6.24099063873291,29.729999542236328,29.729999542236328,28.770000457763672,29.459999084472656,663333
2011-06-24,6.115035533905029,29.1299991607666,29.969999313354492,29.06999969482422,29.729999542236328,577600
2011-06-27,6.209502696990967,29.579999923706055,29.700000762939453,29.06999969482422,29.06999969482422,466400
2011-06-28,6.297670841217041,30.0,30.030000686645508,29.549999237060547,29.639999389648438,456800
2011-06-29,6.297670841217041,30.0,30.389999389648438,30.0,30.149999618530273,552267
2011-06-30,6.429922103881836,30.6299991607666,30.899999618530273,30.0,30.299999237060547,562400
2011-07-01,6.5117902755737305,31.020000457763672,31.290000915527344,30.540000915527344,30.540000915527344,415100
2011-07-05,6.5117902755737305,31.020000457763672,31.290000915527344,30.75,31.079999923706055,343700
2011-07-06,6.555875301361084,31.229999542236328,31.229999542236328,30.75,31.110000610351562,425067
2011-07-07,6.675533294677734,31.799999237060547,31.950000762939453,31.31999969482422,31.469999313354492,410400
2011-07-08,6.637745380401611,31.6200008392334,31.6200008392334,31.229999542236328,31.40999984741211,334867
2011-07-11,6.385839462280273,30.420000076293945,31.350000381469727,30.09000015258789,31.170000076293945,1104067
2011-07-12,6.297670841217041,30.0,30.450000762939453,29.940000534057617,30.270000457763672,789267
2011-07-13,6.291371822357178,29.969999313354492,30.420000076293945,29.940000534057617,30.09000015258789,456567
2011-07-14,6.209502696990967,29.579999923706055,30.299999237060547,29.489999771118164,30.209999084472656,450700
2011-07-15,6.2535881996154785,29.790000915527344,29.790000915527344,29.309999465942383,29.729999542236328,386667
2011-07-18,6.014276027679443,28.649999618530273,29.81999969482422,28.469999313354492,29.700000762939453,875900
2011-07-19,6.18431282043457,29.459999084472656,29.549999237060547,28.799999237060547,28.829999923706055,466733
2011-07-20,6.196909427642822,29.520000457763672,29.670000076293945,29.280000686645508,29.579999923706055,532167
2011-07-21,6.310266017913818,30.059999465942383,30.56999969482422,29.700000762939453,29.760000228881836,458700
2011-07-22,6.310266017913818,30.059999465942383,30.270000457763672,29.729999542236328,30.209999084472656,365333
2011-07-25,6.3039703369140625,30.030000686645508,30.239999771118164,29.549999237060547,29.700000762939453,351300
2011-07-26,6.272480487823486,29.8799991607666,30.149999618530273,29.790000915527344,29.90999984741211,294700
2011-07-27,6.096146106719971,29.040000915527344,29.850000381469727,28.950000762939453,29.700000762939453,556367
2011-07-28,6.0709547996521,28.920000076293945,29.3700008392334,28.829999923706055,29.100000381469727,384367
2011-07-29,6.033167839050293,28.739999771118164,29.06999969482422,28.049999237060547,28.59000015258789,764800
2011-08-01,6.146528244018555,29.280000686645508,29.549999237060547,28.799999237060547,29.34000015258789,724967
2011-08-02,5.982789039611816,28.5,29.489999771118164,28.5,29.06999969482422,617567
2011-08-03,5.982789039611816,28.5,28.950000762939453,28.200000762939453,28.530000686645508,711367
2011-08-04,5.560844421386719,26.489999771118164,28.31999969482422,26.399999618530273,28.260000228881836,1342567
2011-08-05,5.12630558013916,24.420000076293945,26.700000762939453,24.1200008392334,26.43000030517578,1957167
2011-08-08,4.742146015167236,22.59000015258789,24.0,22.31999969482422,23.3700008392334,2423133
2011-08-09,5.063327789306641,24.1200008392334,24.149999618530273,21.959999084472656,22.770000457763672,3087967
2011-08-10,4.653979301452637,22.170000076293945,23.760000228881836,22.139999389648438,23.760000228881836,1417367
2011-08-11,5.151495456695557,24.540000915527344,24.959999084472656,22.260000228881836,22.350000381469727,1129100
2011-08-12,5.308936595916748,25.290000915527344,25.829999923706055,24.93000030517578,25.290000915527344,1278967
2011-08-15,5.485272407531738,26.1299991607666,26.25,25.469999313354492,25.469999313354492,604200
2011-08-16,5.4474873542785645,25.950000762939453,26.190000534057617,25.559999465942383,26.06999969482422,561067
2011-08-17,5.52305793762207,26.309999465942383,26.670000076293945,25.829999923706055,26.1299991607666,421500
2011-08-18,5.12630558013916,24.420000076293945,25.59000015258789,24.270000457763672,25.5,794300
2011-08-19,5.0570292472839355,24.09000015258789,25.139999389648438,23.790000915527344,24.0,553867
2011-08-22,5.094815731048584,24.270000457763672,25.170000076293945,23.940000534057617,24.899999618530273,501633
2011-08-23,5.340424537658691,25.440000534057617,25.469999313354492,24.030000686645508,24.540000915527344,695233
2011-08-24,5.359317779541016,25.530000686645508,26.010000228881836,24.600000381469727,25.350000381469727,623567
2011-08-25,5.214471817016602,24.84000015258789,26.040000915527344,24.510000228881836,25.799999237060547,553767
2011-08-26,5.334129333496094,25.40999984741211,25.68000030517578,24.149999618530273,24.56999969482422,439400
2011-08-29,5.743476867675781,27.360000610351562,27.360000610351562,25.799999237060547,25.829999923706055,587533
2011-08-30,5.66790246963501,27.0,27.360000610351562,26.399999618530273,27.18000030517578,442667
2011-08-31,5.724581241607666,27.270000457763672,27.540000915527344,26.8799991607666,27.18000030517578,495233
2011-09-01,5.686796188354492,27.09000015258789,28.440000534057617,27.0,27.1200008392334,975567
2011-09-02,5.365614414215088,25.559999465942383,26.700000762939453,25.530000686645508,26.459999084472656,752167
2011-09-06,5.397104740142822,25.709999084472656,25.829999923706055,24.56999969482422,24.719999313354492,858567
2011-09-07,5.636414051055908,26.850000381469727,26.90999984741211,26.309999465942383,26.34000015258789,840167
2011-09-08,5.485272407531738,26.1299991607666,27.0,25.950000762939453,26.520000457763672,1817867
2011-09-09,5.378210067749023,25.6200008392334,26.280000686645508,25.350000381469727,25.889999389648438,2009633
2011-09-12,5.516758918762207,26.280000686645508,26.280000686645508,25.260000228881836,25.59000015258789,679767
2011-09-13,5.503748416900635,25.3799991607666,25.559999465942383,24.780000686645508,25.440000534057617,720633
2011-09-14,5.464715957641602,25.200000762939453,25.739999771118164,24.65999984741211,25.68000030517578,981667
2011-09-15,5.588319778442383,25.770000457763672,25.799999237060547,25.200000762939453,25.5,446733
2011-09-16,5.445198059082031,25.110000610351562,26.040000915527344,24.8700008392334,25.889999389648438,907700
2011-09-19,5.25002908706665,24.209999084472656,24.809999465942383,23.940000534057617,24.56999969482422,1155867
2011-09-20,5.132928371429443,23.670000076293945,24.389999389648438,23.670000076293945,24.360000610351562,818133
2011-09-21,4.885715484619141,22.530000686645508,23.90999984741211,22.530000686645508,23.700000762939453,910200
2011-09-22,4.872704982757568,22.469999313354492,22.770000457763672,21.510000228881836,21.899999618530273,1400900
2011-09-23,4.911737442016602,22.649999618530273,22.770000457763672,22.049999237060547,22.469999313354492,727733
2011-09-26,5.041848659515381,23.25,23.25,22.200000762939453,22.950000762939453,1193667
2011-09-27,5.132928371429443,23.670000076293945,24.360000610351562,23.43000030517578,23.850000381469727,1030733
2011-09-28,4.840174674987793,22.31999969482422,23.850000381469727,22.31999969482422,23.760000228881836,568733
2011-09-29,5.191478252410889,23.940000534057617,23.940000534057617,22.6200008392334,23.010000228881836,853833
2011-09-30,4.892219066619873,22.559999465942383,23.760000228881836,22.530000686645508,23.399999618530273,730833
2011-10-03,4.618983268737793,21.299999237060547,22.979999542236328,21.270000457763672,22.440000534057617,989767
2011-10-04,4.9052324295043945,22.6200008392334,22.709999084472656,20.399999618530273,21.18000030517578,1451833
2011-10-05,4.846680641174316,22.350000381469727,23.06999969482422,21.989999771118164,22.6200008392334,894167
2011-10-06,4.976792812347412,22.950000762939453,23.190000534057617,21.93000030517578,22.68000030517578,793700
2011-10-07,4.8596930503845215,22.40999984741211,23.219999313354492,22.079999923706055,23.219999313354492,695067
2011-10-10,5.145940780639648,23.729999542236328,23.760000228881836,22.829999923706055,22.979999542236328,814133
2011-10-11,5.035343170166016,23.219999313354492,23.670000076293945,22.950000762939453,23.43000030517578,756233
2011-10-12,5.132928371429443,23.670000076293945,23.90999984741211,23.459999084472656,23.549999237060547,682833
2011-10-13,5.139432430267334,23.700000762939453,23.760000228881836,22.950000762939453,23.459999084472656,618333
2011-10-14,5.224005699157715,24.09000015258789,24.239999771118164,23.579999923706055,24.0,532800
2011-10-17,5.009322166442871,23.100000381469727,24.1200008392334,23.010000228881836,24.0,560733
2011-10-18,5.191478252410889,23.940000534057617,24.1200008392334,23.06999969482422,23.25,853700
2011-10-19,5.035343170166016,23.219999313354492,24.18000030517578,23.1299991607666,23.940000534057617,751333
2011-10-20,5.015827655792236,23.1299991607666,23.579999923706055,22.739999771118164,23.280000686645508,830400
2011-10-21,5.0938944816589355,23.489999771118164,23.700000762939453,22.920000076293945,23.520000457763672,952800
2011-10-24,5.184974670410156,23.90999984741211,23.940000534057617,23.1299991607666,23.25,784500
2011-10-25,5.041848659515381,23.25,23.90999984741211,23.190000534057617,23.8799991607666,1320500
2011-10-26,5.145940780639648,23.729999542236328,23.850000381469727,23.25,23.729999542236328,821733
2011-10-27,5.542782306671143,25.559999465942383,25.770000457763672,24.420000076293945,24.719999313354492,1276800
2011-10-28,5.5622992515563965,25.649999618530273,25.829999923706055,25.40999984741211,25.649999618530273,746833
2011-10-31,5.386647701263428,24.84000015258789,25.649999618530273,24.84000015258789,25.3799991607666,534600
2011-11-01,5.07437801361084,23.399999618530273,24.149999618530273,23.280000686645508,23.90999984741211,1122767
2011-11-02,5.210994720458984,24.030000686645508,24.299999237060547,23.489999771118164,23.940000534057617,633367
2011-11-03,5.47122049331665,25.229999542236328,25.31999969482422,23.639999389648438,24.600000381469727,774067
2011-11-04,5.282557487487793,24.360000610351562,24.540000915527344,23.3700008392334,24.0,1381000
2011-11-07,5.132928371429443,23.670000076293945,24.75,23.43000030517578,24.09000015258789,1263700
2011-11-08,5.158950328826904,23.790000915527344,24.1200008392334,23.399999618530273,23.850000381469727,934700
2011-11-09,4.879210472106934,22.5,23.459999084472656,22.5,23.34000015258789,1022733
2011-11-10,5.028838634490967,23.190000534057617,23.25,22.530000686645508,22.68000030517578,757333
2011-11-11,4.963781833648682,22.889999389648438,23.520000457763672,22.770000457763672,23.489999771118164,771433
2011-11-14,4.9182448387146,22.68000030517578,22.799999237060547,22.440000534057617,22.739999771118164,508100
2011-11-15,4.892219066619873,22.559999465942383,22.860000610351562,22.229999542236328,22.6200008392334,482433
2011-11-16,4.807646751403809,22.170000076293945,22.829999923706055,22.110000610351562,22.260000228881836,579300
2011-11-17,4.697051525115967,21.65999984741211,22.3799991607666,21.540000915527344,22.200000762939453,749800
2011-11-18,4.775119304656982,22.020000457763672,22.139999389648438,21.540000915527344,21.75,661500
2011-11-21,4.631995677947998,21.360000610351562,21.719999313354492,21.149999618530273,21.6299991607666,566733
2011-11-22,4.618983268737793,21.299999237060547,21.65999984741211,21.09000015258789,21.389999389648438,454133
2011-11-23,4.436827659606934,20.459999084472656,21.329999923706055,20.43000030517578,21.149999618530273,797333
2011-11-25,4.332738399505615,19.979999542236328,20.760000228881836,19.889999389648438,20.579999923706055,396700
2011-11-28,4.51489782333374,20.81999969482422,21.1200008392334,20.610000610351562,20.700000762939453,649433
2011-11-29,4.423816680908203,20.399999618530273,20.969999313354492,20.399999618530273,20.940000534057617,450767
2011-11-30,4.690545082092285,21.6299991607666,21.65999984741211,21.030000686645508,21.329999923706055,1252667
2011-12-01,4.677536487579346,21.56999969482422,21.84000015258789,21.299999237060547,21.510000228881836,542967
2011-12-02,4.671027660369873,21.540000915527344,22.229999542236328,21.479999542236328,21.780000686645508,718400
2011-12-05,4.7165703773498535,21.75,22.049999237060547,21.56999969482422,21.93000030517578,650033
2011-12-06,4.7165703773498535,21.75,21.959999084472656,21.600000381469727,21.780000686645508,503567
2011-12-07,4.801141262054443,22.139999389648438,22.229999542236328,21.450000762939453,21.65999984741211,611367
2011-12-08,4.521400451660156,20.850000381469727,21.93000030517578,20.850000381469727,21.93000030517578,1192867
2011-12-09,4.599467754364014,21.209999084472656,21.329999923706055,21.0,21.1200008392334,861000
2011-12-12,4.462850093841553,20.579999923706055,21.18000030517578,20.43000030517578,21.059999465942383,1364100
2011-12-13,4.395025253295898,19.440000534057617,20.25,19.260000228881836,20.100000381469727,949267
2011-12-14,4.266157627105713,18.8700008392334,19.440000534057617,18.719999313354492,19.260000228881836,1078367
2011-12-15,4.272942543029785,18.899999618530273,19.200000762939453,18.809999465942383,19.079999923706055,898400
2011-12-16,4.218681812286377,18.65999984741211,19.31999969482422,18.600000381469727,19.020000457763672,1785667
2011-12-19,4.062685012817383,17.969999313354492,18.8700008392334,17.90999984741211,18.719999313354492,1424200
2011-12-20,4.306853294372559,19.049999237060547,19.170000076293945,18.270000457763672,18.360000610351562,1082200
2011-12-21,4.354331970214844,19.260000228881836,19.40999984741211,18.75,18.989999771118164,547867
2011-12-22,4.442503929138184,19.649999618530273,19.829999923706055,19.200000762939453,19.350000381469727,531700
2011-12-23,4.462850093841553,19.739999771118164,19.829999923706055,19.5,19.68000030517578,353633
2011-12-27,4.435720920562744,19.6200008392334,19.889999389648438,19.5,19.649999618530273,405533
2011-12-28,4.374677658081055,19.350000381469727,19.68000030517578,19.260000228881836,19.6200008392334,691033
2011-12-29,4.395025253295898,19.440000534057617,19.799999237060547,19.290000915527344,19.5,449500
2011-12-30,4.36789608001709,19.31999969482422,19.59000015258789,19.200000762939453,19.3799991607666,512367
2012-01-03,4.544239521026611,20.100000381469727,20.43000030517578,19.530000686645508,19.920000076293945,479100
2012-01-04,4.523893356323242,20.010000228881836,20.34000015258789,19.829999923706055,20.190000534057617,629067
2012-01-05,4.652759075164795,20.579999923706055,20.850000381469727,19.829999923706055,19.920000076293945,955200
2012-01-06,4.652759075164795,20.579999923706055,20.760000228881836,20.34000015258789,20.579999923706055,593433
2012-01-09,4.639194011688232,20.520000457763672,20.729999542236328,20.459999084472656,20.670000076293945,632433
2012-01-10,4.774842739105225,21.1200008392334,21.1200008392334,20.700000762939453,20.729999542236328,559367
2012-01-11,4.788407325744629,21.18000030517578,21.239999771118164,20.90999984741211,20.969999313354492,374900
2012-01-12,4.795188903808594,21.209999084472656,21.299999237060547,21.0,21.239999771118164,592900
2012-01-13,4.795188903808594,21.209999084472656,21.270000457763672,21.0,21.059999465942383,391633
2012-01-17,4.869796276092529,21.540000915527344,21.75,21.209999084472656,21.56999969482422,994267
2012-01-18,5.046141147613525,22.31999969482422,22.31999969482422,21.389999389648438,21.600000381469727,928167
2012-01-19,5.107183933258057,22.59000015258789,22.6200008392334,22.110000610351562,22.31999969482422,626100
2012-01-20,5.147877216339111,22.770000457763672,22.889999389648438,22.530000686645508,22.530000686645508,592400
2012-01-23,5.086835861206055,22.5,22.920000076293945,22.350000381469727,22.860000610351562,511000
2012-01-24,5.100399494171143,22.559999465942383,22.649999618530273,21.899999618530273,22.229999542236328,389567
2012-01-25,5.263179302215576,23.280000686645508,23.34000015258789,22.530000686645508,22.530000686645508,655400
2012-01-26,5.107183933258057,22.59000015258789,23.579999923706055,22.31999969482422,23.399999618530273,899633
2012-01-27,5.107183933258057,22.59000015258789,22.799999237060547,22.40999984741211,22.530000686645508,624933
2012-01-30,5.086835861206055,22.5,22.709999084472656,22.049999237060547,22.31999969482422,1146900
2012-01-31,5.229267597198486,23.1299991607666,23.219999313354492,22.5,22.709999084472656,889300
2012-02-01,5.344568729400635,23.639999389648438,23.700000762939453,23.190000534057617,23.280000686645508,822333
2012-02-02,5.297091484069824,23.43000030517578,23.700000762939453,23.25,23.670000076293945,694967
2012-02-03,5.425957202911377,24.0,24.209999084472656,23.579999923706055,23.729999542236328,657967
2012-02-06,5.398827075958252,23.8799991607666,24.0,23.639999389648438,23.940000534057617,369367
2012-02-07,5.385262966156006,23.81999969482422,24.09000015258789,23.700000762939453,23.760000228881836,521133
2012-02-08,4.822319984436035,21.329999923706055,22.799999237060547,20.190000534057617,22.139999389648438,4140600
2012-02-09,4.781625747680664,21.149999618530273,21.450000762939453,20.790000915527344,21.09000015258789,1680800
2012-02-10,4.76806116104126,21.09000015258789,21.239999771118164,20.850000381469727,21.1200008392334,1190900
2012-02-13,4.890145301818848,21.6299991607666,21.65999984741211,21.149999618530273,21.299999237060547,1101900
2012-02-14,4.876579761505127,21.56999969482422,21.84000015258789,21.420000076293945,21.809999465942383,1381000
2012-02-15,4.94634485244751,21.270000457763672,21.510000228881836,21.059999465942383,21.09000015258789,1270733
2012-02-16,5.016109466552734,21.56999969482422,21.600000381469727,21.1200008392334,21.18000030517578,680433
2012-02-17,5.0230865478515625,21.600000381469727,21.6299991607666,21.420000076293945,21.600000381469727,405400
2012-02-21,4.988204002380371,21.450000762939453,21.6299991607666,21.270000457763672,21.510000228881836,582367
2012-02-22,4.932391166687012,21.209999084472656,21.56999969482422,21.18000030517578,21.450000762939453,350867
2012-02-23,5.044015884399414,21.690000534057617,21.690000534057617,21.149999618530273,21.18000030517578,511867
2012-02-24,4.960297107696533,21.329999923706055,21.6299991607666,21.299999237060547,21.6299991607666,333600
2012-02-27,4.960297107696533,21.329999923706055,21.479999542236328,21.09000015258789,21.270000457763672,269567
2012-02-28,4.974249839782715,21.389999389648438,21.56999969482422,21.239999771118164,21.329999923706055,327867
2012-02-29,4.8975090980529785,21.059999465942383,21.690000534057617,21.059999465942383,21.389999389648438,651967
2012-03-01,4.953321933746338,21.299999237060547,21.479999542236328,21.1200008392334,21.239999771118164,481300
2012-03-02,4.925415992736816,21.18000030517578,21.420000076293945,21.0,21.270000457763672,615433
2012-03-05,4.925415992736816,21.18000030517578,21.209999084472656,21.0,21.030000686645508,453133
2012-03-06,4.751002788543701,20.43000030517578,21.1200008392334,20.399999618530273,20.940000534057617,854633
2012-03-07,4.939368724822998,21.239999771118164,21.299999237060547,20.43000030517578,20.459999084472656,606800
2012-03-08,4.925415992736816,21.18000030517578,21.420000076293945,21.059999465942383,21.329999923706055,436700
2012-03-09,4.939368724822998,21.239999771118164,21.450000762939453,21.059999465942383,21.18000030517578,463233
2012-03-12,4.904486656188965,21.09000015258789,21.299999237060547,20.969999313354492,21.0,675333
2012-03-13,5.002157211303711,21.510000228881836,21.510000228881836,21.059999465942383,21.270000457763672,517467
2012-03-14,4.974249839782715,21.389999389648438,21.450000762939453,21.1200008392334,21.149999618530273,421200
2012-03-15,4.981227397918701,21.420000076293945,21.450000762939453,21.09000015258789,21.360000610351562,548400
2012-03-16,4.932391166687012,21.209999084472656,21.479999542236328,21.18000030517578,21.420000076293945,1251733
2012-03-19,4.91146183013916,21.1200008392334,21.299999237060547,21.09000015258789,21.209999084472656,542067
2012-03-20,4.890532970428467,21.030000686645508,21.209999084472656,20.969999313354492,21.030000686645508,375233
2012-03-21,4.862625598907471,20.90999984741211,21.1200008392334,20.850000381469727,21.059999465942383,319033
2012-03-22,4.771930694580078,20.520000457763672,20.81999969482422,20.43000030517578,20.729999542236328,614167
2012-03-23,4.792860507965088,20.610000610351562,20.760000228881836,20.399999618530273,20.670000076293945,330867
2012-03-26,4.855649471282959,20.8799991607666,21.0,20.610000610351562,20.790000915527344,381400
2012-03-27,4.8277435302734375,20.760000228881836,20.940000534057617,20.729999542236328,20.850000381469727,525267
2012-03-28,4.841695308685303,20.81999969482422,20.850000381469727,20.489999771118164,20.700000762939453,451200
2012-03-29,4.960297107696533,21.329999923706055,21.360000610351562,20.969999313354492,21.059999465942383,1310167
2012-03-30,5.002157211303711,21.510000228881836,21.75,21.18000030517578,21.389999389648438,839933
2012-04-02,5.190523624420166,22.31999969482422,22.950000762939453,21.65999984741211,21.719999313354492,1856900
2012-04-03,5.232382774353027,22.5,22.68000030517578,22.260000228881836,22.559999465942383,1265833
2012-04-04,5.120758533477783,22.020000457763672,22.3799991607666,21.959999084472656,22.229999542236328,794033
2012-04-05,5.092851638793945,21.899999618530273,22.170000076293945,21.780000686645508,21.959999084472656,412867
2012-04-09,5.078897953033447,21.84000015258789,21.8700008392334,21.299999237060547,21.510000228881836,964833
2012-04-10,4.995179653167725,21.479999542236328,22.649999618530273,21.450000762939453,22.170000076293945,867567
2012-04-11,5.002157211303711,21.510000228881836,21.899999618530273,21.299999237060547,21.84000015258789,439433
2012-04-12,5.113780975341797,21.989999771118164,22.079999923706055,21.510000228881836,21.510000228881836,517767
2012-04-13,4.981227397918701,21.420000076293945,22.020000457763672,21.360000610351562,21.8700008392334,317567
2012-04-16,4.988204002380371,21.450000762939453,21.6299991607666,21.239999771118164,21.479999542236328,404833
2012-04-17,5.1068010330200195,21.959999084472656,22.020000457763672,21.600000381469727,21.65999984741211,408733
2012-04-18,5.050992965698242,21.719999313354492,21.809999465942383,21.450000762939453,21.75,364467
2012-04-19,5.0230865478515625,21.600000381469727,21.809999465942383,21.299999237060547,21.75,499933
2012-04-20,5.016109466552734,21.56999969482422,21.84000015258789,21.56999969482422,21.84000015258789,494633
2012-04-23,4.974249839782715,21.389999389648438,21.510000228881836,21.030000686645508,21.299999237060547,473767
2012-04-24,5.050992965698242,21.719999313354492,21.75,21.299999237060547,21.329999923706055,376000
2012-04-25,5.127732753753662,22.049999237060547,22.260000228881836,21.809999465942383,21.93000030517578,357000
2012-04-26,5.134712219238281,22.079999923706055,22.229999542236328,21.899999618530273,21.959999084472656,312833
2012-04-27,5.127732753753662,22.049999237060547,22.200000762939453,21.84000015258789,22.200000762939453,375633
2012-04-30,5.0579681396484375,21.75,22.020000457763672,21.65999984741211,21.959999084472656,355200
2012-05-01,4.995179653167725,21.479999542236328,21.93000030517578,21.479999542236328,21.8700008392334,524100
2012-05-02,5.050992965698242,21.719999313354492,21.75,21.360000610351562,21.389999389648438,347700
2012-05-03,4.995179653167725,21.479999542236328,21.75,21.389999389648438,21.719999313354492,291233
2012-05-04,4.91146183013916,21.1200008392334,21.56999969482422,21.1200008392334,21.389999389648438,418267
2012-05-07,4.925415992736816,21.18000030517578,21.270000457763672,21.030000686645508,21.030000686645508,264333
2012-05-08,4.974249839782715,21.389999389648438,21.450000762939453,21.059999465942383,21.09000015258789,383400
2012-05-09,4.995179653167725,21.479999542236328,21.6299991607666,21.09000015258789,21.09000015258789,415767
2012-05-10,5.030062198638916,21.6299991607666,21.899999618530273,21.420000076293945,21.719999313354492,412433
2012-05-11,5.0370402336120605,21.65999984741211,21.8700008392334,21.450000762939453,21.6299991607666,402500
2012-05-14,4.9672746658325195,21.360000610351562,21.600000381469727,21.360000610351562,21.389999389648438,322867
2012-05-15,4.925415992736816,21.18000030517578,21.479999542236328,21.149999618530273,21.360000610351562,380867
2012-05-16,4.890532970428467,21.030000686645508,21.479999542236328,21.0,21.329999923706055,287133
2012-05-17,4.764955043792725,20.489999771118164,21.059999465942383,20.43000030517578,21.0,564533
2012-05-18,4.5975189208984375,19.770000457763672,20.489999771118164,19.649999618530273,20.459999084472656,659433
2012-05-21,4.716119289398193,20.280000686645508,20.280000686645508,19.649999618530273,19.68000030517578,571667
2012-05-22,4.751002788543701,20.43000030517578,20.610000610351562,19.950000762939453,20.34000015258789,808767
2012-05-23,5.030062198638916,21.6299991607666,21.690000534057617,20.15999984741211,20.280000686645508,1054433
2012-05-24,5.225403785705566,22.469999313354492,22.5,21.6299991607666,21.75,1133000
2012-05-25,5.204474449157715,22.3799991607666,22.68000030517578,22.31999969482422,22.440000534057617,751100
2012-05-29,5.232382774353027,22.5,22.559999465942383,22.290000915527344,22.31999969482422,465200
2012-05-30,5.176568984985352,22.260000228881836,22.530000686645508,22.229999542236328,22.5,470633
2012-05-31,5.190523624420166,22.31999969482422,22.5,22.139999389648438,22.31999969482422,471933
2012-06-01,5.071922302246094,21.809999465942383,22.139999389648438,21.75,21.8700008392334,812767
2012-06-04,5.030062198638916,21.6299991607666,22.020000457763672,21.600000381469727,21.8700008392334,413067
2012-06-05,5.204474449157715,22.3799991607666,22.440000534057617,21.690000534057617,21.75,543500
2012-06-06,5.323078155517578,22.889999389648438,22.889999389648438,22.290000915527344,22.5,538300
2012-06-07,5.239359378814697,22.530000686645508,23.34000015258789,22.5,23.25,662733
2012-06-08,5.288192272186279,22.739999771118164,22.739999771118164,22.290000915527344,22.530000686645508,434767
2012-06-11,5.295170307159424,22.770000457763672,24.0,22.739999771118164,23.010000228881836,1763433
2012-06-12,5.359658718109131,22.440000534057617,22.5,21.959999084472656,22.110000610351562,488800
2012-06-13,5.316665172576904,22.260000228881836,22.59000015258789,22.110000610351562,22.350000381469727,377533
2012-06-14,5.366821765899658,22.469999313354492,22.559999465942383,22.139999389648438,22.260000228881836,465567
2012-06-15,5.381154537200928,22.530000686645508,22.649999618530273,22.229999542236328,22.469999313354492,909667
2012-06-18,5.316665172576904,22.260000228881836,22.530000686645508,22.139999389648438,22.260000228881836,494333
2012-06-19,5.44564151763916,22.799999237060547,22.860000610351562,22.290000915527344,22.290000915527344,756933
2012-06-20,5.381154537200928,22.530000686645508,22.920000076293945,22.40999984741211,22.68000030517578,330800
2012-06-21,5.359658718109131,22.440000534057617,22.649999618530273,22.290000915527344,22.559999465942383,709033
2012-06-22,5.395484924316406,22.59000015258789,22.649999618530273,22.350000381469727,22.5,936967
2012-06-25,5.330997467041016,22.31999969482422,22.3799991607666,22.170000076293945,22.229999542236328,394733
2012-06-26,5.330997467041016,22.31999969482422,22.469999313354492,22.020000457763672,22.260000228881836,750133
2012-06-27,5.416980266571045,22.68000030517578,22.709999084472656,22.170000076293945,22.440000534057617,378100
2012-06-28,5.409814834594727,22.649999618530273,22.709999084472656,22.170000076293945,22.5,532733
2012-06-29,5.495798587799072,23.010000228881836,23.100000381469727,22.68000030517578,23.100000381469727,723233
2012-07-02,5.567452907562256,23.309999465942383,23.34000015258789,22.979999542236328,22.979999542236328,616367
2012-07-03,5.553123474121094,23.25,23.489999771118164,23.15999984741211,23.25,261233
2012-07-05,5.653435707092285,23.670000076293945,23.850000381469727,23.280000686645508,23.3700008392334,740600
2012-07-06,5.653435707092285,23.670000076293945,23.850000381469727,23.43000030517578,23.489999771118164,453233
2012-07-09,5.667766571044922,23.729999542236328,23.760000228881836,23.43000030517578,23.729999542236328,330567
2012-07-10,5.696427822113037,23.850000381469727,23.969999313354492,23.760000228881836,23.81999969482422,566533
2012-07-11,5.710757255554199,23.90999984741211,23.969999313354492,23.459999084472656,23.81999969482422,549033
2012-07-12,5.667766571044922,23.729999542236328,23.940000534057617,23.549999237060547,23.760000228881836,469200
2012-07-13,5.739418983459473,24.030000686645508,24.149999618530273,23.729999542236328,23.850000381469727,422700
2012-07-16,5.768081188201904,24.149999618530273,24.450000762939453,23.90999984741211,24.0,346567
2012-07-17,5.739418983459473,24.030000686645508,24.450000762939453,23.8799991607666,24.239999771118164,396667
2012-07-18,5.682099342346191,23.790000915527344,24.1200008392334,23.670000076293945,23.90999984741211,566367
2012-07-19,5.689260959625244,23.81999969482422,24.0,23.610000610351562,23.940000534057617,494767
2012-07-20,5.603278636932373,23.459999084472656,23.790000915527344,23.280000686645508,23.700000762939453,622400
2012-07-23,5.581782341003418,23.3700008392334,23.459999084472656,22.770000457763672,23.190000534057617,760533
2012-07-24,5.45997428894043,22.860000610351562,23.459999084472656,22.649999618530273,23.399999618530273,464667
2012-07-25,5.48146915435791,22.950000762939453,23.25,22.860000610351562,23.040000915527344,292733
2012-07-26,5.531625270843506,23.15999984741211,23.489999771118164,22.920000076293945,23.25,323733
2012-07-27,5.631939888000488,23.579999923706055,23.90999984741211,23.15999984741211,23.34000015258789,439433
2012-07-30,5.639105319976807,23.610000610351562,23.81999969482422,23.459999084472656,23.549999237060547,282433
2012-07-31,5.502964973449707,23.040000915527344,23.790000915527344,23.040000915527344,23.579999923706055,564433
2012-08-01,5.474302291870117,22.920000076293945,23.670000076293945,22.920000076293945,23.219999313354492,584500
2012-08-02,5.495798587799072,23.010000228881836,23.25,22.68000030517578,22.829999923706055,410200
2012-08-03,5.6462721824646,23.639999389648438,23.700000762939453,23.1299991607666,23.25,370233
2012-08-06,5.696427822113037,23.850000381469727,24.0,23.34000015258789,23.700000762939453,430800
2012-08-07,5.6462721824646,23.639999389648438,24.1200008392334,23.34000015258789,24.0,709633
2012-08-08,5.424147605895996,22.709999084472656,23.3700008392334,22.59000015258789,23.34000015258789,1104100
2012-08-09,5.45280647277832,22.829999923706055,22.979999542236328,22.649999618530273,22.770000457763672,356833
2012-08-10,5.538789749145508,23.190000534057617,23.25,22.770000457763672,22.799999237060547,387567
2012-08-13,5.574617385864258,23.34000015258789,23.459999084472656,22.979999542236328,23.190000534057617,344000
2012-08-14,5.517296314239502,23.100000381469727,23.399999618530273,23.040000915527344,23.34000015258789,763267
2012-08-15,5.538789749145508,23.190000534057617,23.25,23.010000228881836,23.100000381469727,321800
2012-08-16,5.545958042144775,23.219999313354492,23.34000015258789,23.040000915527344,23.25,445033
2012-08-17,5.567452907562256,23.309999465942383,23.399999618530273,23.100000381469727,23.280000686645508,407033
2012-08-20,5.560287952423096,23.280000686645508,23.309999465942383,23.1299991607666,23.25,719367
2012-08-21,5.6462721824646,23.639999389648438,23.81999969482422,23.3700008392334,23.459999084472656,604900
2012-08-22,5.717925548553467,23.940000534057617,24.0,23.489999771118164,23.549999237060547,512833
2012-08-23,5.653435707092285,23.670000076293945,23.850000381469727,23.399999618530273,23.760000228881836,437467
2012-08-24,5.667766571044922,23.729999542236328,23.850000381469727,23.459999084472656,23.549999237060547,318867
2012-08-27,5.639105319976807,23.610000610351562,23.940000534057617,23.549999237060547,23.8799991607666,362733
2012-08-28,5.746584892272949,24.059999465942383,24.299999237060547,23.610000610351562,23.670000076293945,667967
2012-08-29,5.796742916107178,24.270000457763672,24.389999389648438,24.0,24.030000686645508,371133
2012-08-30,5.746584892272949,24.059999465942383,24.270000457763672,24.0,24.209999084472656,267767
2012-08-31,5.746584892272949,24.059999465942383,24.299999237060547,23.850000381469727,24.209999084472656,455467
2012-09-04,5.803907871246338,24.299999237060547,24.56999969482422,24.0,24.149999618530273,675000
2012-09-05,5.861227989196777,24.540000915527344,24.56999969482422,24.239999771118164,24.450000762939453,662133
2012-09-06,5.875561714172363,24.600000381469727,25.049999237060547,24.450000762939453,24.75,797667
2012-09-07,5.868396759033203,24.56999969482422,24.84000015258789,24.540000915527344,24.75,360567
2012-09-10,5.868396759033203,24.56999969482422,24.65999984741211,24.270000457763672,24.329999923706055,553533
2012-09-11,5.934499263763428,24.239999771118164,24.270000457763672,23.850000381469727,24.0,470767
2012-09-12,5.941842555999756,24.270000457763672,24.299999237060547,24.030000686645508,24.18000030517578,422500
2012-09-13,6.022634029388428,24.600000381469727,24.93000030517578,24.149999618530273,24.270000457763672,829800
2012-09-14,6.0960798263549805,24.899999618530273,25.049999237060547,24.239999771118164,24.329999923706055,1000967
2012-09-17,6.015289783477783,24.56999969482422,24.899999618530273,24.510000228881836,24.780000686645508,377967
2012-09-18,5.934499263763428,24.239999771118164,24.6299991607666,24.209999084472656,24.600000381469727,444833
2012-09-19,5.978565216064453,24.420000076293945,24.600000381469727,24.209999084472656,24.299999237060547,426867
2012-09-20,5.905120849609375,24.1200008392334,24.56999969482422,24.030000686645508,24.360000610351562,486400
2012-09-21,5.875741004943848,24.0,24.389999389648438,23.90999984741211,24.389999389648438,923667
2012-09-24,5.897773742675781,24.09000015258789,24.18000030517578,23.8799991607666,24.0,391900
2012-09-25,5.684779644012451,23.219999313354492,24.329999923706055,23.1299991607666,24.18000030517578,691933
2012-09-26,5.640711307525635,23.040000915527344,23.489999771118164,22.920000076293945,23.25,412600
2012-09-27,5.684779644012451,23.219999313354492,23.43000030517578,23.040000915527344,23.040000915527344,354133
2012-09-28,5.7876057624816895,23.639999389648438,23.670000076293945,23.06999969482422,23.100000381469727,591233
2012-10-01,5.684779644012451,23.219999313354492,23.81999969482422,22.979999542236328,23.790000915527344,562300
2012-10-02,5.73619270324707,23.43000030517578,23.549999237060547,23.15999984741211,23.280000686645508,529067
2012-10-03,5.714157581329346,23.34000015258789,23.549999237060547,23.25,23.43000030517578,400900
2012-10-04,5.941842555999756,24.270000457763672,24.389999389648438,23.399999618530273,23.520000457763672,891033
2012-10-05,5.956530570983887,24.329999923706055,24.6299991607666,24.209999084472656,24.299999237060547,494833
2012-10-08,5.912463665008545,24.149999618530273,24.360000610351562,24.030000686645508,24.149999618530273,271167
2012-10-09,5.868393898010254,23.969999313354492,24.479999542236328,23.940000534057617,24.18000030517578,706600
2012-10-10,5.816981315612793,23.760000228881836,24.18000030517578,23.700000762939453,23.940000534057617,355367
2012-10-11,5.861052989959717,23.940000534057617,24.209999084472656,23.790000915527344,23.90999984741211,398833
2012-10-12,5.75822639465332,23.520000457763672,24.09000015258789,23.280000686645508,23.940000534057617,599533
2012-10-15,5.765569686889648,23.549999237060547,23.639999389648438,23.3700008392334,23.459999084472656,509133
2012-10-16,5.839016914367676,23.850000381469727,23.850000381469727,23.43000030517578,23.729999542236328,260433
2012-10-17,5.824328899383545,23.790000915527344,24.149999618530273,23.700000762939453,23.969999313354492,468300
2012-10-18,5.890429496765137,24.059999465942383,24.149999618530273,23.700000762939453,23.81999969482422,209633
2012-10-19,5.83167028427124,23.81999969482422,24.059999465942383,23.760000228881836,23.90999984741211,331833
2012-10-22,5.861052989959717,23.940000534057617,23.969999313354492,23.610000610351562,23.850000381469727,262667
2012-10-23,5.750882625579834,23.489999771118164,23.969999313354492,23.399999618530273,23.700000762939453,286533
2012-10-24,5.73619270324707,23.43000030517578,23.670000076293945,23.280000686645508,23.309999465942383,429767
2012-10-25,5.816981315612793,23.760000228881836,23.790000915527344,23.399999618530273,23.610000610351562,231133
2012-10-26,5.802293300628662,23.700000762939453,23.8799991607666,23.43000030517578,23.81999969482422,147067
2012-10-31,5.839016914367676,23.850000381469727,23.90999984741211,23.489999771118164,23.639999389648438,246933
2012-11-01,5.949187278747559,24.299999237060547,24.510000228881836,23.700000762939453,23.940000534057617,612433
2012-11-02,5.809638023376465,23.729999542236328,24.450000762939453,23.729999542236328,24.360000610351562,355467
2012-11-05,5.853704929351807,23.90999984741211,23.969999313354492,23.579999923706055,23.700000762939453,204200
2012-11-06,5.919809818267822,24.18000030517578,24.18000030517578,23.969999313354492,24.059999465942383,301800
2012-11-07,5.743535041809082,23.459999084472656,24.059999465942383,23.399999618530273,23.90999984741211,710600
2012-11-08,5.721501350402832,23.3700008392334,24.270000457763672,23.309999465942383,23.790000915527344,647433
2012-11-09,5.670089244842529,23.15999984741211,23.399999618530273,22.889999389648438,23.3700008392334,428867
2012-11-12,5.65540075302124,23.100000381469727,23.399999618530273,23.06999969482422,23.280000686645508,584033
2012-11-13,5.603989124298096,22.889999389648438,23.25,22.889999389648438,23.040000915527344,629700
2012-11-14,5.354268550872803,21.8700008392334,23.1299991607666,21.75,23.010000228881836,1257367
2012-11-15,5.567262172698975,22.739999771118164,22.860000610351562,21.6299991607666,21.809999465942383,617900
2012-11-16,5.677433013916016,23.190000534057617,23.190000534057617,22.229999542236328,22.68000030517578,944267
2012-11-19,5.875741004943848,24.0,24.149999618530273,23.25,23.399999618530273,855233
2012-11-20,5.861052989959717,23.940000534057617,24.209999084472656,23.729999542236328,23.90999984741211,505233
2012-11-21,5.890429496765137,24.059999465942383,24.09000015258789,23.81999969482422,24.0,331467
2012-11-23,5.897773742675781,24.09000015258789,24.1200008392334,23.940000534057617,24.1200008392334,246700
2012-11-26,5.934499263763428,24.239999771118164,24.239999771118164,23.8799991607666,24.059999465942383,638667
2012-11-27,5.985909461975098,24.450000762939453,24.510000228881836,23.940000534057617,24.209999084472656,694433
2012-11-28,5.956530570983887,24.329999923706055,24.420000076293945,24.030000686645508,24.420000076293945,506400
2012-11-29,5.963877201080322,24.360000610351562,24.56999969482422,24.270000457763672,24.450000762939453,591867
2012-11-30,5.956530570983887,24.329999923706055,24.540000915527344,24.239999771118164,24.510000228881836,470433
2012-12-03,5.956530570983887,24.329999923706055,24.540000915527344,24.270000457763672,24.450000762939453,349967
2012-12-04,5.956530570983887,24.329999923706055,24.540000915527344,24.209999084472656,24.299999237060547,405700
2012-12-05,5.949187278747559,24.299999237060547,24.719999313354492,24.209999084472656,24.450000762939453,687033
2012-12-06,6.059356212615967,24.75,24.809999465942383,24.18000030517578,24.209999084472656,566300
2012-12-07,6.029976844787598,24.6299991607666,24.780000686645508,24.510000228881836,24.780000686645508,369800
2012-12-10,6.0960798263549805,24.899999618530273,24.93000030517578,24.6299991607666,24.65999984741211,375667
2012-12-11,6.081390380859375,24.84000015258789,25.049999237060547,24.75,24.959999084472656,696267
2012-12-12,6.066699981689453,24.780000686645508,24.989999771118164,24.75,24.899999618530273,769333
2012-12-13,6.081390380859375,24.84000015258789,24.959999084472656,24.65999984741211,24.75,606900
2012-12-14,6.156654357910156,24.540000915527344,24.690000534057617,24.0,24.1200008392334,629933
2012-12-17,6.179234504699707,24.6299991607666,24.719999313354492,24.420000076293945,24.690000534057617,634767
2012-12-18,6.262025356292725,24.959999084472656,25.020000457763672,24.540000915527344,24.6299991607666,436733
2012-12-19,6.337290287017822,25.260000228881836,25.440000534057617,24.75,24.93000030517578,671467
2012-12-20,6.3749237060546875,25.40999984741211,25.770000457763672,25.139999389648438,25.31999969482422,1221067
2012-12-21,6.359869480133057,25.350000381469727,25.40999984741211,24.93000030517578,25.31999969482422,1397733
2012-12-24,6.2921342849731445,25.079999923706055,25.649999618530273,24.93000030517578,25.440000534057617,234000
2012-12-26,6.307186126708984,25.139999389648438,25.350000381469727,25.020000457763672,25.049999237060547,353700
2012-12-27,6.254499912261963,24.93000030517578,25.290000915527344,24.75,25.110000610351562,506833
2012-12-28,6.23192024230957,24.84000015258789,24.959999084472656,24.690000534057617,24.8700008392334,280000
2012-12-31,6.2921342849731445,25.079999923706055,25.200000762939453,24.6299991607666,24.780000686645508,567400
2013-01-02,6.389976501464844,25.469999313354492,25.770000457763672,25.290000915527344,25.68000030517578,731467
2013-01-03,6.359869480133057,25.350000381469727,25.530000686645508,25.260000228881836,25.530000686645508,571600
2013-01-04,6.4802937507629395,25.829999923706055,26.010000228881836,25.350000381469727,25.559999465942383,1048500
2013-01-07,6.487820625305176,25.860000610351562,26.100000381469727,25.649999618530273,25.770000457763672,450233
2013-01-08,6.585665225982666,26.25,26.25,25.739999771118164,25.860000610351562,577233
2013-01-09,6.736194610595703,26.850000381469727,26.8799991607666,26.100000381469727,26.25,997500
2013-01-10,6.743720054626465,26.8799991607666,27.18000030517578,26.610000610351562,26.90999984741211,1230233
2013-01-11,6.71361780166626,26.760000228881836,27.0,26.639999389648438,26.940000534057617,602700
2013-01-14,6.706087589263916,26.729999542236328,26.969999313354492,26.639999389648438,26.790000915527344,662667
2013-01-15,6.600717544555664,26.309999465942383,26.489999771118164,25.559999465942383,26.1299991607666,750700
2013-01-16,6.5931878089904785,26.280000686645508,26.43000030517578,26.190000534057617,26.219999313354492,443867
2013-01-17,6.683509826660156,26.639999389648438,26.670000076293945,26.1299991607666,26.43000030517578,581267
2013-01-18,6.698561191558838,26.700000762939453,26.81999969482422,26.3700008392334,26.520000457763672,428633
2013-01-22,6.751247406005859,26.90999984741211,26.90999984741211,26.639999389648438,26.790000915527344,502833
2013-01-23,6.7587738037109375,26.940000534057617,26.940000534057617,26.700000762939453,26.940000534057617,463167
2013-01-24,6.698561191558838,26.700000762939453,27.0,26.579999923706055,26.90999984741211,391800
2013-01-25,6.630821704864502,26.43000030517578,26.81999969482422,26.34000015258789,26.729999542236328,474833
2013-01-28,6.638349533081055,26.459999084472656,26.549999237060547,26.25,26.43000030517578,579067
2013-01-29,6.728668689727783,26.81999969482422,26.81999969482422,26.34000015258789,26.549999237060547,493367
2013-01-30,6.668453693389893,26.579999923706055,26.90999984741211,26.459999084472656,26.8799991607666,442133
2013-01-31,6.773827075958252,27.0,27.239999771118164,26.459999084472656,26.670000076293945,608700
2013-02-01,6.773827075958252,27.0,27.18000030517578,26.850000381469727,27.18000030517578,644167
2013-02-04,6.721140384674072,26.790000915527344,27.030000686645508,26.700000762939453,26.90999984741211,403867
2013-02-05,6.781354904174805,27.030000686645508,27.209999084472656,26.790000915527344,26.940000534057617,456533
2013-02-06,6.314711570739746,25.170000076293945,26.700000762939453,24.899999618530273,26.700000762939453,1772767
2013-02-07,6.194286823272705,24.690000534057617,25.049999237060547,24.329999923706055,24.989999771118164,1783033
2013-02-08,6.23192024230957,24.84000015258789,25.139999389648438,24.65999984741211,24.65999984741211,757600
2013-02-11,6.2695512771606445,24.989999771118164,25.079999923706055,24.6299991607666,24.899999618530273,634167
2013-02-12,6.254499912261963,24.93000030517578,25.31999969482422,24.899999618530273,25.049999237060547,517967
2013-02-13,6.322238445281982,25.200000762939453,25.229999542236328,24.899999618530273,24.93000030517578,539700
2013-02-14,6.420080184936523,25.59000015258789,25.6200008392334,25.049999237060547,25.139999389648438,454567
2013-02-15,6.427606105804443,25.6200008392334,25.829999923706055,25.40999984741211,25.770000457763672,715033
2013-02-19,6.4727678298950195,25.799999237060547,26.219999313354492,25.59000015258789,25.649999618530273,806100
2013-02-20,6.322238445281982,25.200000762939453,25.920000076293945,25.170000076293945,25.799999237060547,529533
2013-02-21,6.194286823272705,24.690000534057617,25.200000762939453,24.65999984741211,25.200000762939453,621533
2013-02-22,6.322238445281982,25.200000762939453,25.350000381469727,24.899999618530273,24.959999084472656,836567
2013-02-25,6.254499912261963,24.93000030517578,25.649999618530273,24.899999618530273,25.440000534057617,549800
2013-02-26,6.322238445281982,25.200000762939453,25.260000228881836,24.8700008392334,24.959999084472656,376433
2013-02-27,6.442660331726074,25.68000030517578,25.739999771118164,25.170000076293945,25.170000076293945,478067
2013-02-28,6.540505409240723,26.06999969482422,26.309999465942383,25.889999389648438,26.1299991607666,713833
2013-03-01,6.532981872558594,26.040000915527344,26.1299991607666,25.559999465942383,25.920000076293945,590000
2013-03-04,6.563086986541748,26.15999984741211,26.25,25.799999237060547,26.06999969482422,501967
2013-03-05,6.615771293640137,26.3700008392334,26.43000030517578,26.190000534057617,26.34000015258789,573267
2013-03-06,6.585665225982666,26.25,26.549999237060547,26.100000381469727,26.3700008392334,413600
2013-03-07,6.585665225982666,26.25,26.399999618530273,26.100000381469727,26.309999465942383,358300
2013-03-08,6.608244895935059,26.34000015258789,26.610000610351562,26.190000534057617,26.459999084472656,457133
2013-03-11,6.638349533081055,26.459999084472656,26.549999237060547,26.309999465942383,26.399999618530273,367433
2013-03-12,6.578136444091797,26.219999313354492,26.459999084472656,26.010000228881836,26.309999465942383,450667
2013-03-13,6.615771293640137,26.3700008392334,26.399999618530273,26.1299991607666,26.309999465942383,532000
2013-03-14,6.653402328491211,26.520000457763672,26.579999923706055,26.280000686645508,26.459999084472656,455167
2013-03-15,6.570613384246826,26.190000534057617,26.549999237060547,25.799999237060547,26.520000457763672,768867
2013-03-18,6.51039981842041,25.950000762939453,26.219999313354492,25.860000610351562,26.040000915527344,515433
2013-03-19,6.433352470397949,25.049999237060547,25.709999084472656,24.93000030517578,25.469999313354492,717933
2013-03-20,6.494991302490234,25.290000915527344,25.469999313354492,25.139999389648438,25.260000228881836,377533
2013-03-21,6.51810359954834,25.3799991607666,25.5,25.049999237060547,25.170000076293945,386767
2013-03-22,6.541219234466553,25.469999313354492,25.59000015258789,25.290000915527344,25.469999313354492,342933
2013-03-25,6.5874457359313965,25.649999618530273,25.739999771118164,25.3799991607666,25.6200008392334,356500
2013-03-26,6.441059589385986,25.079999923706055,25.5,24.780000686645508,25.139999389648438,1191400
2013-03-27,6.471876621246338,25.200000762939453,25.31999969482422,24.780000686645508,24.899999618530273,644133
2013-03-28,6.441059589385986,25.079999923706055,25.3799991607666,24.959999084472656,25.290000915527344,552467
2013-04-01,6.379421234130859,24.84000015258789,25.200000762939453,24.780000686645508,25.079999923706055,426633
2013-04-02,6.494991302490234,25.290000915527344,25.350000381469727,24.989999771118164,24.989999771118164,377533
2013-04-03,6.333191394805908,24.65999984741211,25.350000381469727,24.6299991607666,25.350000381469727,670067
2013-04-04,6.402535438537598,24.93000030517578,25.260000228881836,24.65999984741211,24.8700008392334,788767
2013-04-05,6.371716022491455,24.809999465942383,24.899999618530273,24.389999389648438,24.600000381469727,628667
2013-04-08,6.433352470397949,25.049999237060547,25.260000228881836,24.780000686645508,24.959999084472656,400200
2013-04-09,6.410238742828369,24.959999084472656,25.290000915527344,24.8700008392334,25.020000457763672,505367
2013-04-10,6.548921585083008,25.5,25.559999465942383,25.049999237060547,25.110000610351562,470000
2013-04-11,6.45646858215332,25.139999389648438,25.5,25.079999923706055,25.5,697867
2013-04-12,6.3871259689331055,24.8700008392334,25.079999923706055,24.75,24.959999084472656,472433
2013-04-15,6.2099199295043945,24.18000030517578,24.809999465942383,24.149999618530273,24.809999465942383,807200
2013-04-16,6.348603248596191,24.719999313354492,24.719999313354492,24.299999237060547,24.510000228881836,610500
2013-04-17,6.248441696166992,24.329999923706055,24.690000534057617,24.0,24.6299991607666,623533
2013-04-18,6.279260635375977,24.450000762939453,24.719999313354492,24.360000610351562,24.510000228881836,574233
2013-04-19,6.39483118057251,24.899999618530273,24.93000030517578,24.450000762939453,24.479999542236328,328167
2013-04-22,6.45646858215332,25.139999389648438,25.229999542236328,24.6299991607666,24.989999771118164,405100
2013-04-23,6.487285614013672,25.260000228881836,25.40999984741211,25.020000457763672,25.31999969482422,480667
2013-04-24,6.494991302490234,25.290000915527344,25.40999984741211,25.139999389648438,25.290000915527344,479067
2013-04-25,6.57203483581543,25.59000015258789,25.770000457763672,25.290000915527344,25.3799991607666,488667
2013-04-26,6.649083614349365,25.889999389648438,25.920000076293945,25.3799991607666,25.59000015258789,900233
2013-04-29,6.718425750732422,26.15999984741211,26.190000534057617,25.770000457763672,25.889999389648438,562133
2013-04-30,6.787763595581055,26.43000030517578,26.43000030517578,26.040000915527344,26.219999313354492,605933
2013-05-01,6.625969409942627,25.799999237060547,26.520000457763672,25.799999237060547,26.459999084472656,649600
2013-05-02,6.756947994232178,26.309999465942383,26.309999465942383,25.770000457763672,25.829999923706055,258633
2013-05-03,6.756947994232178,26.309999465942383,26.729999542236328,26.15999984741211,26.579999923706055,386233
2013-05-06,6.718425750732422,26.15999984741211,26.399999618530273,26.040000915527344,26.3700008392334,317167
2013-05-07,6.733831882476807,26.219999313354492,26.309999465942383,25.950000762939453,26.1299991607666,466600
2013-05-08,6.803177833557129,26.489999771118164,26.489999771118164,25.799999237060547,26.06999969482422,339233
2013-05-09,6.733831882476807,26.219999313354492,26.459999084472656,26.100000381469727,26.3700008392334,1324633
2013-05-10,6.726130485534668,26.190000534057617,26.309999465942383,26.040000915527344,26.219999313354492,380100
2013-05-13,6.772356986999512,26.3700008392334,26.549999237060547,26.06999969482422,26.280000686645508,518200
2013-05-14,6.833991527557373,26.610000610351562,26.760000228881836,26.43000030517578,26.520000457763672,583433
2013-05-15,6.679904937744141,26.010000228881836,26.040000915527344,25.40999984741211,25.530000686645508,8084600
2013-05-16,6.726130485534668,26.190000534057617,26.190000534057617,25.770000457763672,25.950000762939453,1652100
2013-05-17,6.726130485534668,26.190000534057617,26.25,25.920000076293945,26.219999313354492,943800
2013-05-20,6.787763595581055,26.43000030517578,26.459999084472656,26.15999984741211,26.219999313354492,1014733
2013-05-21,6.749239444732666,26.280000686645508,26.43000030517578,26.190000534057617,26.25,767367
2013-05-22,6.579739570617676,25.6200008392334,26.459999084472656,25.530000686645508,26.1299991607666,1122733
2013-05-23,6.679904937744141,26.010000228881836,26.520000457763672,25.049999237060547,25.530000686645508,1209367
2013-05-24,6.610558986663818,25.739999771118164,26.040000915527344,25.40999984741211,25.950000762939453,667533
2013-05-28,6.487285614013672,25.260000228881836,26.34000015258789,25.260000228881836,26.040000915527344,1003900
2013-05-29,6.417943000793457,24.989999771118164,25.229999542236328,24.690000534057617,25.079999923706055,1234400
2013-05-30,6.448762893676758,25.110000610351562,25.31999969482422,24.84000015258789,24.989999771118164,782967
2013-05-31,6.3871259689331055,24.8700008392334,25.170000076293945,24.690000534057617,25.049999237060547,1818767
2013-06-03,6.279260635375977,24.450000762939453,24.989999771118164,24.149999618530273,24.93000030517578,1501600
2013-06-04,6.148284912109375,23.940000534057617,24.719999313354492,23.790000915527344,24.389999389648438,986033
2013-06-05,6.132873058319092,23.8799991607666,24.0,23.579999923706055,23.969999313354492,1186233
2013-06-06,6.155984401702881,23.969999313354492,24.239999771118164,23.34000015258789,23.940000534057617,1621733
2013-06-07,6.217624664306641,24.209999084472656,24.540000915527344,24.059999465942383,24.270000457763672,739567
2013-06-10,6.279260635375977,24.450000762939453,24.540000915527344,24.149999618530273,24.239999771118164,551433
2013-06-11,6.1868062019348145,24.09000015258789,24.450000762939453,24.030000686645508,24.360000610351562,851167
2013-06-12,6.1868062019348145,24.09000015258789,24.299999237060547,23.610000610351562,24.18000030517578,1142300
2013-06-13,6.2099199295043945,24.18000030517578,24.209999084472656,23.81999969482422,23.940000534057617,990200
2013-06-14,6.248441696166992,24.329999923706055,24.540000915527344,24.149999618530273,24.450000762939453,577833
2013-06-17,6.1790995597839355,24.059999465942383,24.6299991607666,24.0,24.420000076293945,1042200
2013-06-18,6.27392053604126,23.81999969482422,23.8799991607666,23.43000030517578,23.489999771118164,710800
2013-06-19,6.163299083709717,23.399999618530273,23.90999984741211,23.309999465942383,23.8799991607666,740167
2013-06-20,6.021069049835205,22.860000610351562,23.549999237060547,22.68000030517578,23.1299991607666,1172067
2013-06-21,5.973658561706543,22.68000030517578,23.280000686645508,22.5,22.920000076293945,1300800
2013-06-24,5.8235273361206055,22.110000610351562,22.5,21.84000015258789,22.469999313354492,942333
2013-06-25,5.926249980926514,22.5,22.709999084472656,22.139999389648438,22.440000534057617,688433
2013-06-26,5.989460468292236,22.739999771118164,23.06999969482422,22.59000015258789,22.709999084472656,547733
2013-06-27,6.115886688232422,23.219999313354492,23.219999313354492,22.68000030517578,22.799999237060547,581300
2013-06-28,6.115886688232422,23.219999313354492,23.34000015258789,22.979999542236328,23.190000534057617,755200
2013-07-01,6.163299083709717,23.399999618530273,23.610000610351562,23.190000534057617,23.190000534057617,551533
2013-07-02,6.171201229095459,23.43000030517578,23.790000915527344,23.100000381469727,23.459999084472656,1666967
2013-07-03,6.147494316101074,23.34000015258789,23.549999237060547,23.1299991607666,23.399999618530273,233200
2013-07-05,6.266022682189941,23.790000915527344,24.0,23.190000534057617,24.0,911000
2013-07-08,6.313429355621338,23.969999313354492,24.0,23.639999389648438,23.790000915527344,772700
2013-07-09,6.376643180847168,24.209999084472656,24.450000762939453,23.8799991607666,24.030000686645508,1286200
2013-07-10,6.384544849395752,24.239999771118164,24.270000457763672,23.969999313354492,24.270000457763672,368933
2013-07-11,6.431955337524414,24.420000076293945,24.600000381469727,24.18000030517578,24.420000076293945,1515533
2013-07-12,6.431955337524414,24.420000076293945,24.510000228881836,24.18000030517578,24.450000762939453,382600
2013-07-15,6.47936487197876,24.600000381469727,24.690000534057617,24.329999923706055,24.479999542236328,420967
2013-07-16,6.455658912658691,24.510000228881836,24.719999313354492,24.420000076293945,24.65999984741211,364167
2013-07-17,6.463560104370117,24.540000915527344,24.75,24.360000610351562,24.65999984741211,500867
2013-07-18,6.47936487197876,24.600000381469727,25.049999237060547,24.510000228881836,24.690000534057617,680933
2013-07-19,6.510970592498779,24.719999313354492,24.8700008392334,24.479999542236328,24.690000534057617,330000
2013-07-22,6.510970592498779,24.719999313354492,24.93000030517578,24.56999969482422,24.690000534057617,465400
2013-07-23,6.534675598144531,24.809999465942383,24.959999084472656,24.600000381469727,24.719999313354492,468333
2013-07-24,6.447756767272949,24.479999542236328,24.8700008392334,24.270000457763672,24.8700008392334,522467
2013-07-25,6.510970592498779,24.719999313354492,24.780000686645508,24.360000610351562,24.360000610351562,482633
2013-07-26,6.510970592498779,24.719999313354492,24.780000686645508,24.389999389648438,24.6299991607666,280000
2013-07-29,6.408252239227295,24.329999923706055,24.65999984741211,24.18000030517578,24.600000381469727,433567
2013-07-30,6.42405366897583,24.389999389648438,24.540000915527344,24.1200008392334,24.479999542236328,550567
2013-07-31,6.42405366897583,24.389999389648438,24.540000915527344,24.0,24.450000762939453,392833
2013-08-01,6.463560104370117,24.540000915527344,24.780000686645508,24.389999389648438,24.600000381469727,767100
2013-08-02,6.471464157104492,24.56999969482422,24.780000686645508,24.360000610351562,24.420000076293945,265800
2013-08-05,6.40034818649292,24.299999237060547,24.540000915527344,24.09000015258789,24.420000076293945,403367
2013-08-06,6.29762601852417,23.90999984741211,24.360000610351562,23.8799991607666,24.299999237060547,482633
2013-08-07,6.266022682189941,23.790000915527344,23.90999984741211,23.520000457763672,23.90999984741211,464700
2013-08-08,6.360837936401367,24.149999618530273,24.75,23.8799991607666,24.1200008392334,803667
2013-08-09,6.376643180847168,24.209999084472656,24.450000762939453,24.1200008392334,24.149999618530273,315900
2013-08-12,6.40034818649292,24.299999237060547,24.450000762939453,24.059999465942383,24.18000030517578,507333
2013-08-13,6.360837936401367,24.149999618530273,24.299999237060547,24.059999465942383,24.270000457763672,338833
2013-08-14,6.305529594421387,23.940000534057617,24.18000030517578,23.8799991607666,24.059999465942383,579700
2013-08-15,6.187002182006836,23.489999771118164,23.940000534057617,23.190000534057617,23.81999969482422,935767
2013-08-16,6.202805042266846,23.549999237060547,23.81999969482422,23.43000030517578,23.43000030517578,393200
2013-08-19,6.139593124389648,23.309999465942383,23.760000228881836,23.280000686645508,23.610000610351562,300600
2013-08-20,6.305529594421387,23.940000534057617,24.0,23.309999465942383,23.399999618530273,559067
2013-08-21,6.194904327392578,23.520000457763672,23.90999984741211,23.459999084472656,23.90999984741211,554400
2013-08-22,6.313429355621338,23.969999313354492,24.09000015258789,23.579999923706055,23.579999923706055,337467
2013-08-23,6.29762601852417,23.90999984741211,24.1200008392334,23.790000915527344,23.969999313354492,535733
2013-08-26,6.313429355621338,23.969999313354492,24.149999618530273,23.850000381469727,23.940000534057617,362300
2013-08-27,6.23441219329834,23.670000076293945,23.90999984741211,23.579999923706055,23.790000915527344,520667
2013-08-28,6.23441219329834,23.670000076293945,23.81999969482422,23.579999923706055,23.729999542236328,353067
2013-08-29,6.313429355621338,23.969999313354492,24.09000015258789,23.670000076293945,23.700000762939453,401433
2013-08-30,6.23441219329834,23.670000076293945,24.030000686645508,23.610000610351562,23.969999313354492,680733
2013-09-03,6.163299083709717,23.399999618530273,24.09000015258789,23.25,23.969999313354492,1012567
2013-09-04,6.281822204589844,23.850000381469727,23.940000534057617,23.399999618530273,23.43000030517578,433333
2013-09-05,6.266022682189941,23.790000915527344,23.969999313354492,23.760000228881836,23.850000381469727,380633
2013-09-06,6.40034818649292,24.299999237060547,24.420000076293945,23.700000762939453,23.790000915527344,832033
2013-09-09,6.542576789855957,24.84000015258789,24.899999618530273,24.299999237060547,24.360000610351562,844733
2013-09-10,6.653200149536133,25.260000228881836,25.260000228881836,24.8700008392334,24.899999618530273,816033
2013-09-11,6.692707538604736,25.40999984741211,25.559999465942383,24.959999084472656,24.989999771118164,1014867
2013-09-12,6.582086086273193,24.989999771118164,25.469999313354492,24.959999084472656,25.469999313354492,804067
2013-09-13,6.6057915687561035,25.079999923706055,25.110000610351562,24.84000015258789,24.989999771118164,563100
2013-09-16,6.613692283630371,25.110000610351562,25.3799991607666,25.079999923706055,25.290000915527344,523900
2013-09-17,6.684808731079102,25.3799991607666,25.440000534057617,25.049999237060547,25.110000610351562,789700
2013-09-18,6.717180252075195,24.899999618530273,24.959999084472656,24.6299991607666,24.719999313354492,665500
2013-09-19,6.660528182983398,24.690000534057617,24.93000030517578,24.6299991607666,24.93000030517578,471767
2013-09-20,6.579601287841797,24.389999389648438,24.780000686645508,24.299999237060547,24.719999313354492,902000
2013-09-23,6.563413619995117,24.329999923706055,24.450000762939453,24.149999618530273,24.299999237060547,443767
2013-09-24,6.555319309234619,24.299999237060547,24.420000076293945,24.149999618530273,24.270000457763672,400900
2013-09-25,6.668622016906738,24.719999313354492,24.84000015258789,24.299999237060547,24.389999389648438,676200
2013-09-26,6.668622016906738,24.719999313354492,24.899999618530273,24.600000381469727,24.75,505867
2013-09-27,6.636250972747803,24.600000381469727,24.780000686645508,24.479999542236328,24.56999969482422,454333
2013-09-30,6.5957865715026855,24.450000762939453,24.6299991607666,24.270000457763672,24.450000762939453,673533
2013-10-01,6.68480920791626,24.780000686645508,24.8700008392334,24.420000076293945,24.510000228881836,846300
2013-10-02,6.628156661987305,24.56999969482422,24.899999618530273,24.510000228881836,24.899999618530273,327367
2013-10-03,6.603878498077393,24.479999542236328,24.600000381469727,24.18000030517578,24.600000381469727,537300
2013-10-04,6.668622016906738,24.719999313354492,24.899999618530273,24.510000228881836,24.6299991607666,901133
2013-10-07,6.579601287841797,24.389999389648438,24.690000534057617,24.299999237060547,24.56999969482422,480400
2013-10-08,6.514856338500977,24.149999618530273,24.479999542236328,24.149999618530273,24.450000762939453,448200
2013-10-09,6.555319309234619,24.299999237060547,24.479999542236328,24.149999618530273,24.18000030517578,378433
2013-10-10,6.676714897155762,24.75,24.84000015258789,24.450000762939453,24.510000228881836,595200
2013-10-11,6.781925678253174,25.139999389648438,25.170000076293945,24.690000534057617,24.719999313354492,671867
2013-10-14,6.757645130157471,25.049999237060547,25.110000610351562,24.780000686645508,25.049999237060547,512700
2013-10-15,6.652433395385742,24.65999984741211,24.989999771118164,24.6299991607666,24.989999771118164,407567
2013-10-16,6.757645130157471,25.049999237060547,25.139999389648438,24.65999984741211,24.780000686645508,513000
2013-10-17,6.822389125823975,25.290000915527344,25.440000534057617,24.809999465942383,24.959999084472656,449567
2013-10-18,6.87094783782959,25.469999313354492,25.5,25.260000228881836,25.440000534057617,514133
2013-10-21,6.862851142883301,25.440000534057617,25.6200008392334,25.40999984741211,25.469999313354492,562200
2013-10-22,6.927597999572754,25.68000030517578,25.770000457763672,25.440000534057617,25.5,635633
2013-10-23,6.935688495635986,25.709999084472656,25.860000610351562,25.6200008392334,25.6200008392334,671267
2013-10-24,6.951876163482666,25.770000457763672,25.889999389648438,25.649999618530273,25.799999237060547,458167
2013-10-25,6.943783283233643,25.739999771118164,25.889999389648438,25.649999618530273,25.860000610351562,541200
2013-10-28,6.968062877655029,25.829999923706055,25.889999389648438,25.559999465942383,25.649999618530273,532833
2013-10-29,6.9923415184021,25.920000076293945,25.920000076293945,25.68000030517578,25.860000610351562,627433
2013-10-30,6.943783283233643,25.739999771118164,25.920000076293945,25.530000686645508,25.530000686645508,382533
2013-10-31,6.911412239074707,25.6200008392334,25.889999389648438,25.59000015258789,25.739999771118164,604533
2013-11-01,6.887132167816162,25.530000686645508,25.68000030517578,25.110000610351562,25.559999465942383,713700
2013-11-04,6.919505596160889,25.649999618530273,25.739999771118164,25.40999984741211,25.59000015258789,529267
2013-11-05,6.8952250480651855,25.559999465942383,25.829999923706055,25.440000534057617,25.59000015258789,410700
2013-11-06,6.951876163482666,25.770000457763672,25.860000610351562,25.559999465942383,25.739999771118164,326200
2013-11-07,6.814295291900635,25.260000228881836,25.860000610351562,25.260000228881836,25.799999237060547,500000
2013-11-08,6.943783283233643,25.739999771118164,25.889999389648438,25.40999984741211,25.649999618530273,757967
2013-11-11,6.976155757904053,25.860000610351562,25.889999389648438,25.6200008392334,25.739999771118164,351733
2013-11-12,6.984249114990234,25.889999389648438,26.040000915527344,25.709999084472656,25.799999237060547,432100
2013-11-13,7.02471399307251,26.040000915527344,26.040000915527344,25.649999618530273,25.799999237060547,375367
2013-11-14,7.048992156982422,26.1299991607666,26.15999984741211,25.920000076293945,26.040000915527344,306967
2013-11-15,7.138014793395996,26.459999084472656,26.489999771118164,26.040000915527344,26.100000381469727,748433
2013-11-18,7.154201507568359,26.520000457763672,26.639999389648438,26.399999618530273,26.520000457763672,584667
2013-11-19,7.121830463409424,26.399999618530273,26.670000076293945,26.34000015258789,26.579999923706055,376067
2013-11-20,7.162293910980225,26.549999237060547,26.790000915527344,26.309999465942383,26.489999771118164,1034567
2013-11-21,7.170387268066406,26.579999923706055,26.760000228881836,26.489999771118164,26.700000762939453,450533
2013-11-22,7.194665908813477,26.670000076293945,26.760000228881836,26.399999618530273,26.579999923706055,491033
2013-11-25,7.138014793395996,26.459999084472656,26.8799991607666,26.399999618530273,26.700000762939453,779567
2013-11-26,7.154201507568359,26.520000457763672,26.610000610351562,26.34000015258789,26.549999237060547,432733
2013-11-27,7.210851192474365,26.729999542236328,26.81999969482422,26.520000457763672,26.610000610351562,484367
2013-11-29,7.299871444702148,27.059999465942383,27.09000015258789,26.700000762939453,26.8799991607666,340767
2013-12-02,7.162293910980225,26.549999237060547,27.149999618530273,26.489999771118164,26.670000076293945,442800
2013-12-03,7.113737106323242,26.3700008392334,26.729999542236328,26.1299991607666,26.43000030517578,418000
2013-12-04,7.113737106323242,26.3700008392334,26.459999084472656,26.010000228881836,26.34000015258789,349333
2013-12-05,7.073270797729492,26.219999313354492,26.34000015258789,26.06999969482422,26.309999465942383,343533
2013-12-06,7.146108150482178,26.489999771118164,26.639999389648438,26.3700008392334,26.3700008392334,354767
2013-12-09,7.170387268066406,26.579999923706055,26.700000762939453,26.3700008392334,26.579999923706055,487667
2013-12-10,7.105642318725586,26.34000015258789,26.549999237060547,26.15999984741211,26.549999237060547,573433
2013-12-11,7.008529186248779,25.979999542236328,26.520000457763672,25.950000762939453,26.43000030517578,450867
2013-12-12,6.9923415184021,25.920000076293945,26.309999465942383,25.889999389648438,26.06999969482422,370233
2013-12-13,7.000434875488281,25.950000762939453,26.1299991607666,25.530000686645508,25.979999542236328,551633
2013-12-16,7.048992156982422,26.1299991607666,26.3700008392334,25.889999389648438,26.15999984741211,483967
2013-12-17,7.065558910369873,25.59000015258789,25.739999771118164,25.200000762939453,25.469999313354492,594367
2013-12-18,7.048992156982422,25.530000686645508,25.860000610351562,25.5,25.68000030517578,964100
2013-12-19,6.941311359405518,25.139999389648438,25.59000015258789,25.139999389648438,25.530000686645508,559133
2013-12-20,7.024141788482666,25.440000534057617,25.6200008392334,25.229999542236328,25.290000915527344,870567
2013-12-23,7.106972694396973,25.739999771118164,25.739999771118164,25.5,25.5,515100
2013-12-24,7.12354040145874,25.799999237060547,25.829999923706055,25.709999084472656,25.770000457763672,199933
2013-12-26,7.073843479156494,25.6200008392334,25.950000762939453,25.59000015258789,25.829999923706055,274233
2013-12-27,7.048992156982422,25.530000686645508,25.739999771118164,25.440000534057617,25.739999771118164,285367
2013-12-30,7.0158586502075195,25.40999984741211,25.649999618530273,25.40999984741211,25.530000686645508,395733
2013-12-31,7.024141788482666,25.440000534057617,25.68000030517578,25.3799991607666,25.3799991607666,457300
2014-01-02,6.974442958831787,25.260000228881836,25.440000534057617,25.139999389648438,25.440000534057617,398200
2014-01-03,7.048992156982422,25.530000686645508,25.649999618530273,25.260000228881836,25.260000228881836,472367
2014-01-06,7.065558910369873,25.59000015258789,25.799999237060547,25.469999313354492,25.739999771118164,478267
2014-01-07,7.090409278869629,25.68000030517578,25.799999237060547,25.559999465942383,25.6200008392334,538433
2014-01-08,7.090409278869629,25.68000030517578,25.68000030517578,25.40999984741211,25.6200008392334,463800
2014-01-09,7.12354040145874,25.799999237060547,25.889999389648438,25.530000686645508,25.709999084472656,641233
2014-01-10,7.156675815582275,25.920000076293945,25.979999542236328,25.59000015258789,25.829999923706055,335767
2014-01-13,7.115257263183594,25.770000457763672,26.1299991607666,25.68000030517578,25.920000076293945,501100
2014-01-14,7.173240661621094,25.979999542236328,26.06999969482422,25.739999771118164,25.770000457763672,390000
2014-01-15,7.388605117797852,26.760000228881836,26.81999969482422,26.010000228881836,26.06999969482422,990267
2014-01-16,7.388605117797852,26.760000228881836,26.790000915527344,26.579999923706055,26.610000610351562,496500
2014-01-17,7.405170440673828,26.81999969482422,26.850000381469727,26.610000610351562,26.670000076293945,397600
2014-01-21,7.454869747161865,27.0,27.270000457763672,26.729999542236328,27.209999084472656,586100
2014-01-22,7.46315336227417,27.030000686645508,27.149999618530273,26.81999969482422,26.90999984741211,621767
2014-01-23,7.446585655212402,26.969999313354492,27.09000015258789,26.8799991607666,27.0,548333
2014-01-24,7.3223347663879395,26.520000457763672,27.0,26.43000030517578,26.8799991607666,631500
2014-01-27,7.214654922485352,26.1299991607666,26.700000762939453,26.040000915527344,26.639999389648438,359333
2014-01-28,7.214654922485352,26.1299991607666,26.34000015258789,26.040000915527344,26.309999465942383,651233
2014-01-29,7.032426357269287,25.469999313354492,26.15999984741211,25.350000381469727,26.06999969482422,885267
2014-01-30,7.140108585357666,25.860000610351562,25.979999542236328,25.469999313354492,25.709999084472656,386833
2014-01-31,6.991008281707764,25.31999969482422,25.649999618530273,25.110000610351562,25.440000534057617,494733
2014-02-03,6.7425150871276855,24.420000076293945,25.350000381469727,24.329999923706055,25.31999969482422,1461833
2014-02-04,6.808778762817383,24.65999984741211,24.84000015258789,24.450000762939453,24.6299991607666,654700
2014-02-05,6.8004984855651855,24.6299991607666,24.809999465942383,24.389999389648438,24.690000534057617,531033
2014-02-06,6.924743175506592,25.079999923706055,25.5,24.8700008392334,24.93000030517578,486733
2014-02-07,6.933028697967529,25.110000610351562,25.229999542236328,24.959999084472656,25.170000076293945,400333
2014-02-10,6.9578776359558105,25.200000762939453,25.229999542236328,24.899999618530273,25.020000457763672,470400
2014-02-11,7.156675815582275,25.920000076293945,26.100000381469727,25.170000076293945,25.229999542236328,896233
2014-02-12,7.330619812011719,26.549999237060547,26.610000610351562,25.950000762939453,26.06999969482422,1325733
2014-02-13,7.413453102111816,26.850000381469727,27.030000686645508,26.280000686645508,26.399999618530273,899933
2014-02-14,7.46315336227417,27.030000686645508,27.18000030517578,26.729999542236328,26.8799991607666,923100
2014-02-18,7.48799991607666,27.1200008392334,27.389999389648438,27.09000015258789,27.18000030517578,727567
2014-02-19,7.363753318786621,26.670000076293945,27.18000030517578,26.579999923706055,27.1200008392334,806533
2014-02-20,7.380318641662598,26.729999542236328,26.940000534057617,26.639999389648438,26.760000228881836,690067
2014-02-21,7.413453102111816,26.850000381469727,27.030000686645508,26.760000228881836,26.850000381469727,433000
2014-02-24,7.579116344451904,27.450000762939453,27.6299991607666,26.969999313354492,27.030000686645508,762267
2014-02-25,7.106972694396973,25.739999771118164,26.100000381469727,25.40999984741211,25.979999542236328,8898733
2014-02-26,7.115257263183594,25.770000457763672,26.1299991607666,25.6200008392334,25.860000610351562,2191967
2014-02-27,7.148391246795654,25.889999389648438,25.979999542236328,25.68000030517578,25.799999237060547,1792067
2014-02-28,7.090409278869629,25.68000030517578,25.950000762939453,25.559999465942383,25.950000762939453,12654400
2014-03-03,7.239506244659424,26.219999313354492,26.34000015258789,25.59000015258789,25.59000015258789,2221500
2014-03-04,7.18152379989624,26.010000228881836,26.459999084472656,25.950000762939453,26.25,2006467
2014-03-05,7.173240661621094,25.979999542236328,26.219999313354492,25.829999923706055,25.950000762939453,1182900
2014-03-06,7.198089599609375,26.06999969482422,26.25,25.950000762939453,25.979999542236328,884800
2014-03-07,7.12354040145874,25.799999237060547,26.219999313354492,25.770000457763672,26.190000534057617,1097433
2014-03-10,7.164956092834473,25.950000762939453,26.010000228881836,25.649999618530273,25.770000457763672,643733
2014-03-11,7.090409278869629,25.68000030517578,26.040000915527344,25.649999618530273,25.889999389648438,613267
2014-03-12,7.082125186920166,25.649999618530273,25.829999923706055,25.559999465942383,25.559999465942383,946300
2014-03-13,7.032426357269287,25.469999313354492,25.860000610351562,25.469999313354492,25.829999923706055,964900
2014-03-14,7.024141788482666,25.440000534057617,25.6200008392334,25.350000381469727,25.469999313354492,599667
2014-03-17,7.007576942443848,25.3799991607666,25.799999237060547,25.350000381469727,25.6200008392334,905867
2014-03-18,7.040708065032959,25.5,25.59000015258789,25.350000381469727,25.5,946300
2014-03-19,7.074639320373535,25.020000457763672,25.229999542236328,24.809999465942383,25.049999237060547,1413000
2014-03-20,7.023744106292725,24.84000015258789,25.170000076293945,24.84000015258789,25.079999923706055,1140933
2014-03-21,6.98981237411499,24.719999313354492,24.989999771118164,24.360000610351562,24.959999084472656,2457033
2014-03-24,7.023744106292725,24.84000015258789,24.959999084472656,24.600000381469727,24.65999984741211,939467
2014-03-25,7.057673931121826,24.959999084472656,25.049999237060547,24.809999465942383,24.899999618530273,749967
2014-03-26,7.015258312225342,24.809999465942383,25.350000381469727,24.75,25.139999389648438,978200
2014-03-27,7.032225608825684,24.8700008392334,24.989999771118164,24.690000534057617,24.75,661733
2014-03-28,7.006775379180908,24.780000686645508,25.020000457763672,24.75,24.809999465942383,533800
2014-03-31,7.049190998077393,24.93000030517578,25.170000076293945,24.780000686645508,24.989999771118164,816300
2014-04-01,7.083122253417969,25.049999237060547,25.110000610351562,24.8700008392334,24.93000030517578,495200
2014-04-02,7.108571529388428,25.139999389648438,25.290000915527344,25.079999923706055,25.170000076293945,553367
2014-04-03,7.091606140136719,25.079999923706055,25.260000228881836,24.93000030517578,25.200000762939453,516733
2014-04-04,7.049190998077393,24.93000030517578,25.110000610351562,24.809999465942383,24.989999771118164,645767
2014-04-07,6.955880165100098,24.600000381469727,24.989999771118164,24.600000381469727,24.93000030517578,1387467
2014-04-08,6.98981237411499,24.719999313354492,24.93000030517578,24.540000915527344,24.93000030517578,909433
2014-04-09,6.98981237411499,24.719999313354492,24.899999618530273,24.600000381469727,24.719999313354492,645500
2014-04-10,6.879536151885986,24.329999923706055,24.780000686645508,24.329999923706055,24.75,803667
2014-04-11,6.837124347686768,24.18000030517578,24.389999389648438,24.18000030517578,24.299999237060547,879933
2014-04-14,6.89650297164917,24.389999389648438,24.540000915527344,24.239999771118164,24.450000762939453,579467
2014-04-15,6.84560489654541,24.209999084472656,24.6299991607666,24.059999465942383,24.329999923706055,870633
2014-04-16,6.913468837738037,24.450000762939453,24.719999313354492,24.18000030517578,24.690000534057617,1517200
2014-04-17,6.913468837738037,24.450000762939453,24.600000381469727,24.329999923706055,24.450000762939453,520133
2014-04-21,6.888017654418945,24.360000610351562,24.600000381469727,24.299999237060547,24.510000228881836,446100
2014-04-22,6.89650297164917,24.389999389648438,24.479999542236328,24.239999771118164,24.420000076293945,492567
2014-04-23,6.8710527420043945,24.299999237060547,24.510000228881836,24.299999237060547,24.389999389648438,525700
2014-04-24,6.8625712394714355,24.270000457763672,24.56999969482422,24.09000015258789,24.56999969482422,656500
2014-04-25,6.803192138671875,24.059999465942383,24.329999923706055,24.059999465942383,24.270000457763672,576367
2014-04-28,6.726848602294922,23.790000915527344,24.18000030517578,23.639999389648438,24.059999465942383,1301633
2014-04-29,6.726848602294922,23.790000915527344,24.0,23.760000228881836,23.940000534057617,790000
2014-04-30,6.777741432189941,23.969999313354492,24.059999465942383,23.700000762939453,23.790000915527344,1262533
2014-05-01,6.78622579574585,24.0,24.270000457763672,23.850000381469727,24.149999618530273,755067
2014-05-02,6.752293109893799,23.8799991607666,24.149999618530273,23.790000915527344,24.030000686645508,626033
2014-05-05,6.837124347686768,24.18000030517578,24.270000457763672,23.90999984741211,24.149999618530273,711133
2014-05-06,6.743812084197998,23.850000381469727,24.239999771118164,23.850000381469727,24.1200008392334,971367
2014-05-07,6.760778427124023,23.90999984741211,24.0,23.760000228881836,23.8799991607666,801300
2014-05-08,6.70988130569458,23.729999542236328,24.030000686645508,23.700000762939453,23.940000534057617,629667
2014-05-09,6.70988130569458,23.729999542236328,23.850000381469727,23.489999771118164,23.700000762939453,747833
2014-05-12,6.777741432189941,23.969999313354492,24.030000686645508,23.610000610351562,23.610000610351562,507500
2014-05-13,6.743812084197998,23.850000381469727,24.0,23.760000228881836,23.969999313354492,619033
2014-05-14,6.726848602294922,23.790000915527344,23.940000534057617,23.670000076293945,23.81999969482422,665900
2014-05-15,6.692915439605713,23.670000076293945,23.729999542236328,23.579999923706055,23.700000762939453,567900
2014-05-16,6.735328674316406,23.81999969482422,23.81999969482422,23.579999923706055,23.639999389648438,571400
2014-05-19,6.837124347686768,24.18000030517578,24.18000030517578,23.700000762939453,23.81999969482422,1227167
2014-05-20,6.837124347686768,24.18000030517578,24.809999465942383,23.90999984741211,24.719999313354492,1388133
2014-05-21,6.930434703826904,24.510000228881836,24.690000534057617,24.360000610351562,24.56999969482422,1253100
2014-05-22,6.9389166831970215,24.540000915527344,24.719999313354492,24.450000762939453,24.600000381469727,651267
2014-05-23,7.023744106292725,24.84000015258789,24.8700008392334,24.56999969482422,24.6299991607666,698967
2014-05-27,7.049190998077393,24.93000030517578,25.200000762939453,24.780000686645508,25.049999237060547,813900
2014-05-28,7.083122253417969,25.049999237060547,25.200000762939453,24.719999313354492,25.079999923706055,926667
2014-05-29,7.091606140136719,25.079999923706055,25.31999969482422,25.020000457763672,25.200000762939453,584567
2014-05-30,7.108571529388428,25.139999389648438,25.229999542236328,24.93000030517578,25.200000762939453,1475733
2014-06-02,7.083122253417969,25.049999237060547,25.290000915527344,24.8700008392334,25.290000915527344,829200
2014-06-03,7.057673931121826,24.959999084472656,25.049999237060547,24.719999313354492,25.020000457763672,625000
2014-06-04,7.023744106292725,24.84000015258789,25.020000457763672,24.690000534057617,24.959999084472656,716167
2014-06-05,7.049190998077393,24.93000030517578,24.989999771118164,24.600000381469727,24.989999771118164,700400
2014-06-06,7.117054462432861,25.170000076293945,25.229999542236328,24.959999084472656,25.079999923706055,597100
2014-06-09,7.1679511070251465,25.350000381469727,25.3799991607666,25.079999923706055,25.170000076293945,661333
2014-06-10,7.142501354217529,25.260000228881836,25.40999984741211,25.110000610351562,25.350000381469727,513833
2014-06-11,7.193397521972656,25.440000534057617,25.469999313354492,25.260000228881836,25.260000228881836,723767
2014-06-12,7.244298458099365,25.6200008392334,25.6200008392334,25.260000228881836,25.440000534057617,728933
2014-06-13,7.176429748535156,25.3799991607666,25.6200008392334,25.260000228881836,25.6200008392334,839967
2014-06-16,7.235812664031982,25.59000015258789,25.649999618530273,25.469999313354492,25.5,821567
2014-06-17,7.286708831787109,25.770000457763672,25.920000076293945,25.709999084472656,25.889999389648438,1434833
2014-06-18,7.295393943786621,25.200000762939453,25.260000228881836,25.049999237060547,25.200000762939453,980533
2014-06-19,7.260654926300049,25.079999923706055,25.31999969482422,25.049999237060547,25.290000915527344,705400
2014-06-20,7.217228889465332,24.93000030517578,25.31999969482422,24.93000030517578,25.200000762939453,1166433
2014-06-23,7.295393943786621,25.200000762939453,25.290000915527344,24.959999084472656,25.110000610351562,1162067
2014-06-24,7.20854377746582,24.899999618530273,25.3799991607666,24.899999618530273,25.290000915527344,1220500
2014-06-25,7.2693376541137695,25.110000610351562,25.110000610351562,24.899999618530273,24.959999084472656,895233
2014-06-26,7.321450233459473,25.290000915527344,25.40999984741211,25.049999237060547,25.170000076293945,1175033
2014-06-27,7.434356212615967,25.68000030517578,25.68000030517578,25.110000610351562,25.3799991607666,10689833
2014-06-30,7.477780342102051,25.829999923706055,25.920000076293945,25.350000381469727,25.559999465942383,1539800
2014-07-01,7.582000255584717,26.190000534057617,26.520000457763672,25.829999923706055,25.829999923706055,2202233
2014-07-02,7.555943012237549,26.100000381469727,26.34000015258789,26.100000381469727,26.219999313354492,930133
2014-07-03,7.521205425262451,25.979999542236328,26.280000686645508,25.889999389648438,26.280000686645508,523100
2014-07-07,7.529891490936279,26.010000228881836,26.1299991607666,25.889999389648438,26.100000381469727,872100
2014-07-08,7.434356212615967,25.68000030517578,26.040000915527344,25.59000015258789,26.040000915527344,766100
2014-07-09,7.582000255584717,26.190000534057617,26.399999618530273,26.040000915527344,26.25,1694800
2014-07-10,7.573315620422363,26.15999984741211,26.190000534057617,25.889999389648438,26.06999969482422,773833
2014-07-11,7.573315620422363,26.15999984741211,26.280000686645508,26.040000915527344,26.100000381469727,552900
2014-07-14,7.6341094970703125,26.3700008392334,26.399999618530273,26.25,26.34000015258789,737267
2014-07-15,7.6341094970703125,26.3700008392334,26.489999771118164,26.1299991607666,26.399999618530273,902300
2014-07-16,7.582000255584717,26.190000534057617,26.399999618530273,26.010000228881836,26.3700008392334,1019167
2014-07-17,7.512517929077148,25.950000762939453,26.25,25.920000076293945,26.219999313354492,494467
2014-07-18,7.573315620422363,26.15999984741211,26.219999313354492,25.950000762939453,26.010000228881836,370100
2014-07-21,7.573315620422363,26.15999984741211,26.219999313354492,26.010000228881836,26.15999984741211,346633
2014-07-22,7.5472612380981445,26.06999969482422,26.219999313354492,26.040000915527344,26.1299991607666,403533
2014-07-23,7.555943012237549,26.100000381469727,26.25,26.06999969482422,26.25,417633
2014-07-24,7.599371433258057,26.25,26.309999465942383,26.1299991607666,26.1299991607666,367167
2014-07-25,7.625423908233643,26.34000015258789,26.399999618530273,26.15999984741211,26.280000686645508,405300
2014-07-28,7.616738319396973,26.309999465942383,26.399999618530273,26.15999984741211,26.309999465942383,428833
2014-07-29,7.616738319396973,26.309999465942383,26.43000030517578,26.25,26.399999618530273,597633
2014-07-30,7.590681552886963,26.219999313354492,26.43000030517578,26.15999984741211,26.43000030517578,498267
2014-07-31,7.373560905456543,25.469999313354492,26.219999313354492,25.260000228881836,26.1299991607666,1030433
2014-08-01,7.321450233459473,25.290000915527344,25.6200008392334,25.110000610351562,25.40999984741211,825267
2014-08-04,7.373560905456543,25.469999313354492,25.59000015258789,25.31999969482422,25.31999969482422,481867
2014-08-05,7.312763690948486,25.260000228881836,25.559999465942383,25.200000762939453,25.5,392533
2014-08-06,7.286710262298584,25.170000076293945,25.440000534057617,25.139999389648438,25.290000915527344,479100
2014-08-07,7.338819980621338,25.350000381469727,25.739999771118164,25.200000762939453,25.40999984741211,611967
2014-08-08,7.451722621917725,25.739999771118164,25.799999237060547,25.350000381469727,25.5,488000
2014-08-11,7.49514627456665,25.889999389648438,25.979999542236328,25.799999237060547,25.829999923706055,427933
2014-08-12,7.460408687591553,25.770000457763672,25.979999542236328,25.649999618530273,25.860000610351562,531833
2014-08-13,7.469095230102539,25.799999237060547,26.010000228881836,25.770000457763672,25.829999923706055,575633
2014-08-14,7.477780342102051,25.829999923706055,25.920000076293945,25.649999618530273,25.889999389648438,384400
2014-08-15,7.451722621917725,25.739999771118164,26.010000228881836,25.530000686645508,25.860000610351562,651900
2014-08-18,7.486464023590088,25.860000610351562,26.06999969482422,25.770000457763672,25.979999542236328,791600
2014-08-19,7.451722621917725,25.739999771118164,25.979999542236328,25.6200008392334,25.950000762939453,689767
2014-08-20,7.5472612380981445,26.06999969482422,26.100000381469727,25.799999237060547,25.799999237060547,700133
2014-08-21,7.564629077911377,26.1299991607666,26.15999984741211,25.950000762939453,26.100000381469727,725233
2014-08-22,7.564629077911377,26.1299991607666,26.190000534057617,26.040000915527344,26.15999984741211,565667
2014-08-25,7.616738319396973,26.309999465942383,26.34000015258789,26.1299991607666,26.25,614467
2014-08-26,7.608052730560303,26.280000686645508,26.3700008392334,26.219999313354492,26.3700008392334,477233
2014-08-27,7.5472612380981445,26.06999969482422,26.3700008392334,26.06999969482422,26.3700008392334,487800
2014-08-28,7.599371433258057,26.25,26.280000686645508,25.889999389648438,26.040000915527344,450533
2014-08-29,7.616738319396973,26.309999465942383,26.43000030517578,26.15999984741211,26.3700008392334,475833
2014-09-02,7.625423908233643,26.34000015258789,26.459999084472656,26.309999465942383,26.399999618530273,484367
2014-09-03,7.625423908233643,26.34000015258789,26.489999771118164,26.34000015258789,26.43000030517578,320667
2014-09-04,7.6341094970703125,26.3700008392334,26.489999771118164,26.309999465942383,26.459999084472656,535400
2014-09-05,7.6341094970703125,26.3700008392334,26.489999771118164,26.15999984741211,26.399999618530273,546500
2014-09-08,7.6514811515808105,26.43000030517578,26.459999084472656,26.3700008392334,26.3700008392334,321800
2014-09-09,7.608052730560303,26.280000686645508,26.459999084472656,26.280000686645508,26.399999618530273,385267
2014-09-10,7.6341094970703125,26.3700008392334,26.610000610351562,26.280000686645508,26.520000457763672,685533
2014-09-11,7.668848991394043,26.489999771118164,26.520000457763672,26.34000015258789,26.399999618530273,389167
2014-09-12,7.6514811515808105,26.43000030517578,26.549999237060547,26.399999618530273,26.520000457763672,513367
2014-09-15,7.573315620422363,26.15999984741211,26.520000457763672,26.1299991607666,26.489999771118164,593833
2014-09-16,7.582000255584717,26.190000534057617,26.25,26.010000228881836,26.15999984741211,644733
2014-09-17,7.590889930725098,25.6200008392334,25.770000457763672,25.559999465942383,25.739999771118164,608500
2014-09-18,7.5819993019104,25.59000015258789,25.889999389648438,25.559999465942383,25.799999237060547,440100
2014-09-19,7.590889930725098,25.6200008392334,25.829999923706055,25.3799991607666,25.739999771118164,886133
2014-09-22,7.439779281616211,25.110000610351562,25.770000457763672,25.049999237060547,25.440000534057617,791700
2014-09-23,7.377560138702393,24.899999618530273,25.170000076293945,24.780000686645508,25.049999237060547,656333
2014-09-24,7.457557678222656,25.170000076293945,25.200000762939453,24.8700008392334,24.8700008392334,591800
2014-09-25,7.342004776000977,24.780000686645508,25.200000762939453,24.65999984741211,25.170000076293945,522467
2014-09-26,7.413114547729492,25.020000457763672,25.049999237060547,24.75,24.84000015258789,292567
2014-09-29,7.324228763580322,24.719999313354492,24.899999618530273,24.65999984741211,24.8700008392334,521800
2014-09-30,7.26201057434082,24.510000228881836,24.899999618530273,24.389999389648438,24.809999465942383,748333
2014-10-01,7.26201057434082,24.510000228881836,24.719999313354492,24.329999923706055,24.600000381469727,535767
2014-10-02,7.279784679412842,24.56999969482422,24.780000686645508,24.149999618530273,24.56999969482422,564033
2014-10-03,7.35978364944458,24.84000015258789,24.84000015258789,24.450000762939453,24.690000534057617,668900
2014-10-06,7.430891990661621,25.079999923706055,25.290000915527344,24.899999618530273,25.049999237060547,951067
2014-10-07,7.404227256774902,24.989999771118164,25.31999969482422,24.84000015258789,25.020000457763672,689400
2014-10-08,7.350894451141357,24.809999465942383,24.93000030517578,24.56999969482422,24.8700008392334,549800
2014-10-09,7.26201057434082,24.510000228881836,24.959999084472656,24.450000762939453,24.809999465942383,482633
2014-10-10,7.110902309417725,24.0,24.75,24.0,24.540000915527344,703033
2014-10-13,7.057569980621338,23.81999969482422,24.239999771118164,23.579999923706055,24.1200008392334,1102700
2014-10-14,7.084237098693848,23.90999984741211,24.1200008392334,23.729999542236328,23.850000381469727,1174900
2014-10-15,6.959794998168945,23.489999771118164,23.8799991607666,22.799999237060547,23.8799991607666,1576567
2014-10-16,7.030905246734619,23.729999542236328,24.059999465942383,22.920000076293945,23.25,1348433
2014-10-17,7.066459655761719,23.850000381469727,24.299999237060547,23.790000915527344,24.030000686645508,1333933
2014-10-20,7.084237098693848,23.90999984741211,24.030000686645508,23.639999389648438,23.940000534057617,653000
2014-10-21,7.119792938232422,24.030000686645508,24.18000030517578,23.760000228881836,24.09000015258789,949700
2014-10-22,7.102012634277344,23.969999313354492,24.239999771118164,23.8799991607666,24.030000686645508,567200
2014-10-23,7.110902309417725,24.0,24.18000030517578,23.850000381469727,24.18000030517578,573533
2014-10-24,7.146457195281982,24.1200008392334,24.270000457763672,23.940000534057617,23.969999313354492,512567
2014-10-27,7.155345916748047,24.149999618530273,24.329999923706055,23.940000534057617,24.030000686645508,607267
2014-10-28,7.208676815032959,24.329999923706055,24.329999923706055,24.18000030517578,24.299999237060547,425433
2014-10-29,7.244232654571533,24.450000762939453,24.600000381469727,24.299999237060547,24.329999923706055,471733
2014-10-30,7.244232654571533,24.450000762939453,24.600000381469727,24.299999237060547,24.450000762939453,433367
2014-10-31,7.333118438720703,24.75,24.809999465942383,24.420000076293945,24.75,585500
2014-11-03,7.297563552856445,24.6299991607666,24.8700008392334,24.56999969482422,24.75,458433
2014-11-04,7.226455211639404,24.389999389648438,24.809999465942383,24.149999618530273,24.6299991607666,395333
2014-11-05,7.244232654571533,24.450000762939453,24.690000534057617,24.450000762939453,24.56999969482422,390367
2014-11-06,7.244232654571533,24.450000762939453,24.899999618530273,24.270000457763672,24.65999984741211,616300
2014-11-07,7.386449337005615,24.93000030517578,25.110000610351562,24.479999542236328,24.690000534057617,605900
2014-11-10,7.342004776000977,24.780000686645508,25.020000457763672,24.600000381469727,24.989999771118164,509367
2014-11-11,7.35978364944458,24.84000015258789,24.989999771118164,24.75,24.8700008392334,246900
2014-11-12,7.342004776000977,24.780000686645508,24.84000015258789,24.6299991607666,24.780000686645508,307867
2014-11-13,7.306453227996826,24.65999984741211,24.899999618530273,24.600000381469727,24.84000015258789,368567
2014-11-14,7.279784679412842,24.56999969482422,24.84000015258789,24.479999542236328,24.75,460700
2014-11-17,7.315340995788574,24.690000534057617,24.75,24.510000228881836,24.56999969482422,464433
2014-11-18,7.342004776000977,24.780000686645508,24.989999771118164,24.75,24.84000015258789,317467
2014-11-19,7.342004776000977,24.780000686645508,24.93000030517578,24.75,24.8700008392334,396167
2014-11-20,7.35978364944458,24.84000015258789,24.959999084472656,24.690000534057617,24.780000686645508,495800
2014-11-21,7.306453227996826,24.65999984741211,25.049999237060547,24.510000228881836,24.989999771118164,633867
2014-11-24,7.324228763580322,24.719999313354492,24.8700008392334,24.56999969482422,24.84000015258789,700867
2014-11-25,7.35978364944458,24.84000015258789,24.93000030517578,24.719999313354492,24.899999618530273,625667
2014-11-26,7.377560138702393,24.899999618530273,24.989999771118164,24.780000686645508,24.93000030517578,361433
2014-11-28,7.324228763580322,24.719999313354492,25.020000457763672,24.329999923706055,24.989999771118164,826767
2014-12-01,7.137568950653076,24.09000015258789,24.75,24.030000686645508,24.719999313354492,1173967
2014-12-02,7.182011127471924,24.239999771118164,24.420000076293945,23.969999313354492,24.299999237060547,1103567
2014-12-03,7.155345916748047,24.149999618530273,24.299999237060547,24.030000686645508,24.299999237060547,699833
2014-12-04,7.173123359680176,24.209999084472656,24.270000457763672,24.030000686645508,24.059999465942383,790433
2014-12-05,7.137568950653076,24.09000015258789,24.209999084472656,23.969999313354492,24.209999084472656,884300
2014-12-08,7.022015571594238,23.700000762939453,24.209999084472656,23.639999389648438,24.059999465942383,1714100
2014-12-09,7.110902309417725,24.0,24.059999465942383,23.489999771118164,23.610000610351562,1165733
2014-12-10,6.862018585205078,23.15999984741211,24.030000686645508,23.1299991607666,23.940000534057617,1580067
2014-12-11,6.710912227630615,22.649999618530273,23.280000686645508,22.559999465942383,23.25,1241000
2014-12-12,6.559805393218994,22.139999389648438,22.709999084472656,22.079999923706055,22.530000686645508,1023067
2014-12-15,6.542031288146973,22.079999923706055,22.920000076293945,22.079999923706055,22.440000534057617,826700
2014-12-16,6.45314359664917,21.780000686645508,22.290000915527344,20.399999618530273,22.079999923706055,1252600
2014-12-17,6.581109523773193,21.600000381469727,21.65999984741211,21.149999618530273,21.209999084472656,1289467
2014-12-18,6.8827409744262695,22.59000015258789,22.649999618530273,21.84000015258789,21.899999618530273,1160933
2014-12-19,6.9284467697143555,22.739999771118164,22.950000762939453,22.6200008392334,22.68000030517578,1100500
2014-12-22,6.873603343963623,22.559999465942383,22.799999237060547,22.440000534057617,22.5,643100
2014-12-23,6.910166263580322,22.68000030517578,22.739999771118164,22.290000915527344,22.469999313354492,715467
2014-12-24,6.901022911071777,22.649999618530273,22.799999237060547,22.440000534057617,22.68000030517578,356400
2014-12-26,6.846181869506836,22.469999313354492,22.68000030517578,22.350000381469727,22.649999618530273,485467
2014-12-29,6.809619426727295,22.350000381469727,22.469999313354492,22.170000076293945,22.3799991607666,689400
2014-12-30,6.818761348724365,22.3799991607666,22.40999984741211,22.170000076293945,22.229999542236328,647467
2014-12-31,6.78219747543335,22.260000228881836,22.469999313354492,22.110000610351562,22.350000381469727,1032067
2015-01-02,6.83704137802124,22.440000534057617,22.59000015258789,22.110000610351562,22.290000915527344,590067
2015-01-05,6.809619426727295,22.350000381469727,22.649999618530273,22.31999969482422,22.649999618530273,1232767
2015-01-06,6.6633710861206055,21.8700008392334,22.3799991607666,21.75,22.350000381469727,1192867
2015-01-07,6.599389553070068,21.65999984741211,22.290000915527344,21.56999969482422,22.079999923706055,947267
2015-01-08,6.75477933883667,22.170000076293945,22.31999969482422,21.719999313354492,21.8700008392334,885200
2015-01-09,6.6633710861206055,21.8700008392334,22.31999969482422,21.65999984741211,22.139999389648438,889633
2015-01-12,6.709075450897217,22.020000457763672,22.110000610351562,21.84000015258789,21.93000030517578,533433
2015-01-13,6.690793991088867,21.959999084472656,22.229999542236328,21.780000686645508,22.110000610351562,578467
2015-01-14,6.571969032287598,21.56999969482422,21.959999084472656,21.389999389648438,21.780000686645508,836867
2015-01-15,6.5079874992370605,21.360000610351562,21.989999771118164,21.360000610351562,21.989999771118164,469533
2015-01-16,6.5262651443481445,21.420000076293945,21.56999969482422,21.239999771118164,21.329999923706055,579167
2015-01-20,6.4897050857543945,21.299999237060547,21.600000381469727,21.1200008392334,21.479999542236328,595200
2015-01-21,6.5262651443481445,21.420000076293945,21.510000228881836,21.209999084472656,21.389999389648438,427567
2015-01-22,6.562829971313477,21.540000915527344,21.600000381469727,21.360000610351562,21.600000381469727,566767
2015-01-23,6.581109523773193,21.600000381469727,21.690000534057617,21.450000762939453,21.600000381469727,566300
2015-01-26,6.581109523773193,21.600000381469727,21.719999313354492,21.450000762939453,21.600000381469727,514500
2015-01-27,6.590249538421631,21.6299991607666,21.690000534057617,21.479999542236328,21.600000381469727,723533
2015-01-28,6.5262651443481445,21.420000076293945,21.75,21.389999389648438,21.719999313354492,701133
2015-01-29,6.4897050857543945,21.299999237060547,21.6299991607666,21.299999237060547,21.540000915527344,472900
2015-01-30,6.5079874992370605,21.360000610351562,21.600000381469727,21.209999084472656,21.329999923706055,1063033
2015-02-02,6.4897050857543945,21.299999237060547,21.510000228881836,21.0,21.479999542236328,1295700
2015-02-03,6.672513961791992,21.899999618530273,22.049999237060547,21.270000457763672,21.299999237060547,962600
2015-02-04,6.562829971313477,21.540000915527344,22.079999923706055,21.540000915527344,21.899999618530273,1374833
2015-02-05,6.791339874267578,22.290000915527344,22.350000381469727,21.959999084472656,22.170000076293945,941700
2015-02-06,6.809619426727295,22.350000381469727,22.739999771118164,22.290000915527344,22.350000381469727,699800
2015-02-09,6.8827409744262695,22.59000015258789,22.709999084472656,22.290000915527344,22.5,503233
2015-02-10,6.791339874267578,22.290000915527344,22.799999237060547,22.229999542236328,22.530000686645508,568433
2015-02-11,6.827901363372803,22.40999984741211,22.6200008392334,22.200000762939453,22.350000381469727,602167
2015-02-12,6.910166263580322,22.68000030517578,22.709999084472656,22.3799991607666,22.59000015258789,406133
2015-02-13,7.04727029800415,23.1299991607666,23.15999984741211,22.739999771118164,22.770000457763672,797800
2015-02-17,7.083834171295166,23.25,23.34000015258789,22.950000762939453,23.219999313354492,473933
2015-02-18,7.0655517578125,23.190000534057617,23.34000015258789,23.010000228881836,23.309999465942383,445667
2015-02-19,7.156955242156982,23.489999771118164,23.549999237060547,23.06999969482422,23.280000686645508,709833
2015-02-20,7.138676643371582,23.43000030517578,23.549999237060547,23.25,23.489999771118164,506700
2015-02-23,7.202656269073486,23.639999389648438,23.639999389648438,23.34000015258789,23.43000030517578,451067
2015-02-24,7.1843791007995605,23.579999923706055,23.670000076293945,23.43000030517578,23.639999389648438,424267
2015-02-25,7.147817134857178,23.459999084472656,23.670000076293945,23.25,23.670000076293945,570667
2015-02-26,7.120394706726074,23.3700008392334,23.760000228881836,23.25,23.549999237060547,508133
2015-02-27,7.120394706726074,23.3700008392334,23.520000457763672,23.280000686645508,23.34000015258789,485300
2015-03-02,7.120394706726074,23.3700008392334,23.549999237060547,23.280000686645508,23.43000030517578,327433
2015-03-03,7.138676643371582,23.43000030517578,23.459999084472656,23.34000015258789,23.3700008392334,318667
2015-03-04,7.083834171295166,23.25,23.520000457763672,23.100000381469727,23.43000030517578,401500
2015-03-05,7.074693202972412,23.219999313354492,23.25,22.799999237060547,23.25,619400
2015-03-06,7.083834171295166,23.25,23.309999465942383,23.040000915527344,23.190000534057617,513200
2015-03-09,7.083834171295166,23.25,23.3700008392334,23.190000534057617,23.3700008392334,383033
2015-03-10,7.0655517578125,23.190000534057617,23.3700008392334,23.15999984741211,23.3700008392334,342200
2015-03-11,7.074693202972412,23.219999313354492,23.280000686645508,23.1299991607666,23.190000534057617,881567
2015-03-12,7.120394706726074,23.3700008392334,23.459999084472656,23.25,23.309999465942383,634300
2015-03-13,7.1295366287231445,23.399999618530273,23.459999084472656,23.219999313354492,23.34000015258789,288567
2015-03-16,7.166098117828369,23.520000457763672,23.700000762939453,23.34000015258789,23.700000762939453,900467
2015-03-17,7.147817134857178,23.459999084472656,23.549999237060547,23.219999313354492,23.43000030517578,508567
2015-03-18,7.06339168548584,22.59000015258789,22.889999389648438,22.40999984741211,22.889999389648438,634800
2015-03-19,6.969590663909912,22.290000915527344,22.530000686645508,22.020000457763672,22.530000686645508,706800
2015-03-20,7.10091495513916,22.709999084472656,22.829999923706055,22.350000381469727,22.3799991607666,822167
2015-03-23,7.11967658996582,22.770000457763672,22.799999237060547,22.649999618530273,22.649999618530273,291667
2015-03-24,7.129054069519043,22.799999237060547,22.889999389648438,22.649999618530273,22.709999084472656,516433
2015-03-25,7.157197952270508,22.889999389648438,22.950000762939453,22.799999237060547,22.920000076293945,399133
2015-03-26,7.147817134857178,22.860000610351562,22.950000762939453,22.799999237060547,22.799999237060547,279900
2015-03-27,7.129054069519043,22.799999237060547,22.889999389648438,22.709999084472656,22.799999237060547,222433
2015-03-30,7.157197952270508,22.889999389648438,22.920000076293945,22.770000457763672,22.860000610351562,365367
2015-03-31,7.204097747802734,23.040000915527344,23.3700008392334,22.770000457763672,22.889999389648438,1070667
2015-04-01,7.232238292694092,23.1299991607666,23.190000534057617,22.770000457763672,23.100000381469727,551900
2015-04-02,7.279139995574951,23.280000686645508,23.34000015258789,23.010000228881836,23.100000381469727,373533
2015-04-06,7.382325172424316,23.610000610351562,23.610000610351562,23.219999313354492,23.219999313354492,675067
2015-04-07,7.476129055023193,23.90999984741211,23.90999984741211,23.489999771118164,23.610000610351562,642733
2015-04-08,7.391703128814697,23.639999389648438,23.969999313354492,23.549999237060547,23.850000381469727,321300
2015-04-09,7.269761085510254,23.25,23.81999969482422,23.1299991607666,23.700000762939453,452233
2015-04-10,7.260380744934082,23.219999313354492,23.34000015258789,23.040000915527344,23.15999984741211,287200
2015-04-13,7.222859859466553,23.100000381469727,23.520000457763672,23.06999969482422,23.280000686645508,414867
2015-04-14,7.222859859466553,23.100000381469727,23.25,22.889999389648438,23.010000228881836,339100
2015-04-15,7.269761085510254,23.25,23.309999465942383,23.040000915527344,23.100000381469727,276133
2015-04-16,7.307281494140625,23.3700008392334,23.399999618530273,23.1299991607666,23.309999465942383,282733
2015-04-17,7.307281494140625,23.3700008392334,23.3700008392334,23.15999984741211,23.280000686645508,218833
2015-04-20,7.34480094909668,23.489999771118164,23.670000076293945,23.3700008392334,23.399999618530273,247633
2015-04-21,7.279139995574951,23.280000686645508,23.549999237060547,23.219999313354492,23.549999237060547,239100
2015-04-22,7.354185581207275,23.520000457763672,23.610000610351562,23.190000534057617,23.309999465942383,341233
2015-04-23,7.419845104217529,23.729999542236328,23.850000381469727,23.489999771118164,23.489999771118164,253367
2015-04-24,7.401085376739502,23.670000076293945,23.850000381469727,23.549999237060547,23.790000915527344,197233
2015-04-27,7.391703128814697,23.639999389648438,23.850000381469727,23.579999923706055,23.760000228881836,250200
2015-04-28,7.532410621643066,24.09000015258789,24.09000015258789,23.43000030517578,23.700000762939453,584933
2015-04-29,7.466748237609863,23.8799991607666,24.09000015258789,23.760000228881836,23.969999313354492,375133
2015-04-30,7.504269599914551,24.0,24.0,23.670000076293945,23.8799991607666,502433
2015-05-01,7.466748237609863,23.8799991607666,24.030000686645508,23.670000076293945,24.0,281267
2015-05-04,7.401085376739502,23.670000076293945,23.969999313354492,23.579999923706055,23.940000534057617,260767
2015-05-05,7.335424423217773,23.459999084472656,23.81999969482422,23.25,23.549999237060547,402367
2015-05-06,7.185336589813232,22.979999542236328,23.549999237060547,22.5,23.549999237060547,670833
2015-05-07,7.194717884063721,23.010000228881836,23.040000915527344,22.530000686645508,22.889999389648438,505467
2015-05-08,7.175957202911377,22.950000762939453,23.3700008392334,22.770000457763672,23.25,280100
2015-05-11,7.185336589813232,22.979999542236328,23.15999984741211,22.860000610351562,23.040000915527344,278433
2015-05-12,7.222859859466553,23.100000381469727,23.100000381469727,22.770000457763672,22.979999542236328,219767
2015-05-13,7.250999450683594,23.190000534057617,23.25,22.950000762939453,23.190000534057617,346533
2015-05-14,7.21347713470459,23.06999969482422,23.399999618530273,23.040000915527344,23.280000686645508,240800
2015-05-15,7.326042652130127,23.43000030517578,23.43000030517578,23.040000915527344,23.15999984741211,278933
2015-05-18,7.288519859313965,23.309999465942383,23.520000457763672,23.1299991607666,23.399999618530273,346200
2015-05-19,7.241617679595947,23.15999984741211,23.25,22.829999923706055,23.25,388667
2015-05-20,7.34480094909668,23.489999771118164,23.489999771118164,22.950000762939453,23.1299991607666,654433
2015-05-21,7.250999450683594,23.190000534057617,23.489999771118164,23.15999984741211,23.43000030517578,496233
2015-05-22,7.260380744934082,23.219999313354492,23.25,23.06999969482422,23.190000534057617,287733
2015-05-26,7.2979021072387695,23.34000015258789,23.34000015258789,23.100000381469727,23.25,412633
2015-05-27,7.354185581207275,23.520000457763672,23.549999237060547,23.190000534057617,23.280000686645508,604033
2015-05-28,7.4479875564575195,23.81999969482422,23.81999969482422,23.399999618530273,23.459999084472656,415267
2015-05-29,7.363561630249023,23.549999237060547,23.850000381469727,23.399999618530273,23.850000381469727,407300
2015-06-01,7.382325172424316,23.610000610351562,23.700000762939453,23.489999771118164,23.639999389648438,341800
2015-06-02,7.410465240478516,23.700000762939453,23.729999542236328,23.549999237060547,23.549999237060547,212733
2015-06-03,7.429227352142334,23.760000228881836,23.790000915527344,23.610000610351562,23.700000762939453,324700
2015-06-04,7.391703128814697,23.639999389648438,23.729999542236328,23.549999237060547,23.729999542236328,406533
2015-06-05,7.391703128814697,23.639999389648438,23.81999969482422,23.190000534057617,23.549999237060547,609700
2015-06-08,7.354185581207275,23.520000457763672,23.700000762939453,23.489999771118164,23.670000076293945,260233
2015-06-09,7.354185581207275,23.520000457763672,23.639999389648438,23.43000030517578,23.43000030517578,277867
2015-06-10,7.260380744934082,23.219999313354492,23.700000762939453,23.190000534057617,23.610000610351562,799533
2015-06-11,7.269761085510254,23.25,23.43000030517578,22.979999542236328,23.15999984741211,473967
2015-06-12,7.232238292694092,23.1299991607666,23.309999465942383,22.979999542236328,23.25,360200
2015-06-15,7.194717884063721,23.010000228881836,23.1299991607666,22.860000610351562,23.1299991607666,470767
2015-06-16,7.194717884063721,23.010000228881836,23.040000915527344,22.799999237060547,22.979999542236328,475967
2015-06-17,7.20435094833374,22.440000534057617,22.68000030517578,22.31999969482422,22.530000686645508,545133
2015-06-18,7.194716453552246,22.40999984741211,22.559999465942383,22.31999969482422,22.469999313354492,550767
2015-06-19,7.146560192108154,22.260000228881836,22.3799991607666,22.170000076293945,22.260000228881836,524233
2015-06-22,7.040615558624268,21.93000030517578,22.350000381469727,21.780000686645508,22.290000915527344,834600
2015-06-23,7.0502448081970215,21.959999084472656,22.049999237060547,21.809999465942383,21.899999618530273,570733
2015-06-24,7.021350860595703,21.8700008392334,22.049999237060547,21.809999465942383,21.8700008392334,637700
2015-06-25,6.915404319763184,21.540000915527344,21.8700008392334,21.510000228881836,21.8700008392334,455400
2015-06-26,6.944299221038818,21.6299991607666,21.719999313354492,21.510000228881836,21.690000534057617,299267
2015-06-29,6.809460639953613,21.209999084472656,21.479999542236328,20.850000381469727,21.450000762939453,808267
2015-06-30,6.819087982177734,21.239999771118164,21.600000381469727,21.09000015258789,21.209999084472656,763033
2015-07-01,6.876881122589111,21.420000076293945,21.65999984741211,21.239999771118164,21.65999984741211,337267
2015-07-02,6.905773639678955,21.510000228881836,21.56999969482422,21.329999923706055,21.540000915527344,271167
2015-07-06,6.963562488555908,21.690000534057617,21.690000534057617,21.18000030517578,21.329999923706055,688500
2015-07-07,6.934667110443115,21.600000381469727,21.75,21.239999771118164,21.719999313354492,462033
2015-07-08,6.847984313964844,21.329999923706055,21.56999969482422,21.270000457763672,21.479999542236328,317033
2015-07-09,6.867246627807617,21.389999389648438,21.56999969482422,21.270000457763672,21.510000228881836,376767
2015-07-10,6.953930854797363,21.65999984741211,21.719999313354492,21.450000762939453,21.450000762939453,298867
2015-07-13,6.905773639678955,21.510000228881836,21.8700008392334,21.360000610351562,21.780000686645508,347800
2015-07-14,6.905773639678955,21.510000228881836,21.600000381469727,21.420000076293945,21.510000228881836,245867
2015-07-15,6.896143436431885,21.479999542236328,21.6299991607666,21.209999084472656,21.209999084472656,273600
2015-07-16,6.876881122589111,21.420000076293945,21.6299991607666,21.420000076293945,21.510000228881836,245867
2015-07-17,6.905773639678955,21.510000228881836,21.56999969482422,21.360000610351562,21.450000762939453,327033
2015-07-20,6.838351726531982,21.299999237060547,21.56999969482422,21.239999771118164,21.450000762939453,341333
2015-07-21,6.847984313964844,21.329999923706055,21.329999923706055,21.18000030517578,21.299999237060547,401533
2015-07-22,6.549407005310059,20.399999618530273,21.18000030517578,20.34000015258789,21.059999465942383,1273400
2015-07-23,6.530146598815918,20.34000015258789,20.579999923706055,20.280000686645508,20.520000457763672,648800
2015-07-24,6.462726593017578,20.1299991607666,20.34000015258789,19.950000762939453,20.25,631967
2015-07-27,6.404937267303467,19.950000762939453,20.15999984741211,19.799999237060547,20.040000915527344,544100
2015-07-28,6.433831214904785,20.040000915527344,20.100000381469727,19.829999923706055,19.889999389648438,234333
2015-07-29,6.597567081451416,20.549999237060547,20.579999923706055,19.950000762939453,19.950000762939453,387233
2015-07-30,6.607197284698486,20.579999923706055,20.670000076293945,20.399999618530273,20.549999237060547,277467
2015-07-31,6.607197284698486,20.579999923706055,20.670000076293945,20.520000457763672,20.610000610351562,317133
2015-08-03,6.626460552215576,20.639999389648438,20.700000762939453,20.489999771118164,20.520000457763672,492167
2015-08-04,6.559039115905762,20.43000030517578,20.760000228881836,20.34000015258789,20.610000610351562,375800
2015-08-05,6.587934494018555,20.520000457763672,20.700000762939453,20.3700008392334,20.459999084472656,430633
2015-08-06,6.587934494018555,20.520000457763672,20.81999969482422,20.3700008392334,20.549999237060547,881567
2015-08-07,6.559039115905762,20.43000030517578,20.700000762939453,20.43000030517578,20.549999237060547,496100
2015-08-10,6.597567081451416,20.549999237060547,20.549999237060547,20.309999465942383,20.43000030517578,399667
2015-08-11,6.587934494018555,20.520000457763672,20.760000228881836,20.459999084472656,20.579999923706055,668200
2015-08-12,6.568671703338623,20.459999084472656,20.610000610351562,20.399999618530273,20.43000030517578,691800
2015-08-13,6.559039115905762,20.43000030517578,20.579999923706055,20.34000015258789,20.489999771118164,477533
2015-08-14,6.462726593017578,20.1299991607666,20.489999771118164,20.1299991607666,20.3700008392334,599133
2015-08-17,6.356780052185059,19.799999237060547,20.100000381469727,18.479999542236328,20.040000915527344,1863233
2015-08-18,6.404937267303467,19.950000762939453,19.979999542236328,19.709999084472656,19.799999237060547,645667
2015-08-19,6.366409778594971,19.829999923706055,19.979999542236328,19.770000457763672,19.829999923706055,487200
2015-08-20,6.250834941864014,19.469999313354492,19.770000457763672,19.440000534057617,19.68000030517578,576267
2015-08-21,6.212307929992676,19.350000381469727,19.6200008392334,19.31999969482422,19.350000381469727,603733
2015-08-24,6.058203220367432,18.8700008392334,18.93000030517578,18.299999237060547,18.780000686645508,1220500
2015-08-25,6.048572540283203,18.84000015258789,19.31999969482422,18.84000015258789,19.049999237060547,469767
2015-08-26,6.144886493682861,19.139999389648438,19.200000762939453,18.780000686645508,19.110000610351562,390400
2015-08-27,6.327885150909424,19.709999084472656,19.799999237060547,19.200000762939453,19.350000381469727,396933
2015-08-28,6.356780052185059,19.799999237060547,19.979999542236328,19.3799991607666,19.6200008392334,345800
2015-08-31,6.270095348358154,19.530000686645508,19.799999237060547,19.3799991607666,19.799999237060547,843367
2015-09-01,6.087098598480225,18.959999084472656,19.200000762939453,18.780000686645508,18.899999618530273,604033
2015-09-02,6.183413982391357,19.260000228881836,19.290000915527344,18.8700008392334,19.079999923706055,581533
2015-09-03,6.212307929992676,19.350000381469727,19.5,19.229999542236328,19.290000915527344,430600
2015-09-04,6.212307929992676,19.350000381469727,19.5,19.200000762939453,19.290000915527344,249333
2015-09-08,6.260463237762451,19.5,19.559999465942383,19.350000381469727,19.5,306367
2015-09-09,6.212307929992676,19.350000381469727,19.709999084472656,19.290000915527344,19.559999465942383,329167
2015-09-10,6.202674388885498,19.31999969482422,19.40999984741211,19.049999237060547,19.350000381469727,370000
2015-09-11,6.154516696929932,19.170000076293945,19.31999969482422,18.93000030517578,19.229999542236328,400367
2015-09-14,6.048572540283203,18.84000015258789,19.200000762939453,18.780000686645508,19.200000762939453,627867
2015-09-15,6.087098598480225,18.959999084472656,19.110000610351562,18.780000686645508,18.84000015258789,847567
2015-09-16,6.154516696929932,19.170000076293945,19.170000076293945,18.8700008392334,18.959999084472656,731367
2015-09-17,6.065033435821533,18.299999237060547,18.65999984741211,18.239999771118164,18.6299991607666,628167
2015-09-18,5.856236934661865,17.670000076293945,18.6299991607666,17.670000076293945,18.209999084472656,1090267
2015-09-21,5.876122951507568,17.729999542236328,18.0,17.549999237060547,17.81999969482422,539833
2015-09-22,5.816465854644775,17.549999237060547,17.760000228881836,17.489999771118164,17.489999771118164,768400
2015-09-23,5.756811141967773,17.3700008392334,17.760000228881836,17.25,17.549999237060547,706100
2015-09-24,5.77669620513916,17.43000030517578,17.579999923706055,16.950000762939453,17.219999313354492,1200700
2015-09-25,5.77669620513916,17.43000030517578,17.610000610351562,17.34000015258789,17.459999084472656,627600
2015-09-28,5.597728729248047,16.889999389648438,17.459999084472656,16.829999923706055,17.459999084472656,1101767
2015-09-29,5.369046211242676,16.200000762939453,16.889999389648438,16.139999389648438,16.799999237060547,1114167
2015-09-30,5.448586940765381,16.440000534057617,16.59000015258789,16.079999923706055,16.200000762939453,1057933
2015-10-01,5.587784290313721,16.860000610351562,16.950000762939453,16.469999313354492,16.649999618530273,612200
2015-10-02,5.418760299682617,16.350000381469727,16.770000457763672,16.229999542236328,16.68000030517578,593500
2015-10-05,5.538071155548096,16.709999084472656,16.709999084472656,16.40999984741211,16.440000534057617,739167
2015-10-06,5.687212944030762,17.15999984741211,17.309999465942383,16.649999618530273,16.829999923706055,939600
2015-10-07,5.8462934494018555,17.639999389648438,17.670000076293945,17.010000228881836,17.190000534057617,529800
2015-10-08,5.856236934661865,17.670000076293945,17.670000076293945,17.43000030517578,17.579999923706055,245467
2015-10-09,5.816465854644775,17.549999237060547,17.790000915527344,17.520000457763672,17.610000610351562,268267
2015-10-12,5.77669620513916,17.43000030517578,17.760000228881836,17.399999618530273,17.670000076293945,237500
2015-10-13,5.756811141967773,17.3700008392334,17.729999542236328,17.34000015258789,17.489999771118164,232133
2015-10-14,5.756811141967773,17.3700008392334,17.520000457763672,17.280000686645508,17.280000686645508,208100
2015-10-15,5.6772685050964355,17.1299991607666,17.399999618530273,17.06999969482422,17.280000686645508,490767
2015-10-16,5.6374993324279785,17.010000228881836,17.309999465942383,16.860000610351562,17.25,453100
2015-10-19,5.617614269256592,16.950000762939453,17.100000381469727,16.860000610351562,16.950000762939453,231900
2015-10-20,5.597728729248047,16.889999389648438,17.1299991607666,16.799999237060547,16.950000762939453,444500
2015-10-21,5.617614269256592,16.950000762939453,17.040000915527344,16.829999923706055,16.920000076293945,276567
2015-10-22,5.6374993324279785,17.010000228881836,17.280000686645508,16.979999542236328,17.010000228881836,377133
2015-10-23,5.756811141967773,17.3700008392334,17.3700008392334,17.1299991607666,17.15999984741211,418267
2015-10-26,5.6772685050964355,17.1299991607666,17.459999084472656,16.979999542236328,17.459999084472656,285433
2015-10-27,5.398873805999756,16.290000915527344,17.100000381469727,16.260000228881836,17.100000381469727,614633
2015-10-28,5.488358497619629,16.559999465942383,16.59000015258789,16.170000076293945,16.3799991607666,591533
2015-10-29,5.259675979614258,15.869999885559082,16.530000686645508,15.869999885559082,16.440000534057617,698033
2015-10-30,5.309390068054199,16.020000457763672,16.170000076293945,15.779999732971191,16.020000457763672,720333
2015-11-02,5.448586940765381,16.440000534057617,16.469999313354492,16.049999237060547,16.049999237060547,661633
2015-11-03,5.567899703979492,16.799999237060547,16.799999237060547,16.3799991607666,16.40999984741211,349233
2015-11-04,5.448586940765381,16.440000534057617,16.770000457763672,16.3799991607666,16.770000457763672,348500
2015-11-05,5.587784290313721,16.860000610351562,16.889999389648438,16.5,16.799999237060547,490500
2015-11-06,5.856236934661865,17.670000076293945,17.729999542236328,16.860000610351562,16.860000610351562,946400
2015-11-09,5.826408386230469,17.579999923706055,17.850000381469727,17.43000030517578,17.639999389648438,955900
2015-11-10,5.816465854644775,17.549999237060547,17.790000915527344,17.459999084472656,17.489999771118164,533900
2015-11-11,5.8462934494018555,17.639999389648438,17.729999542236328,17.399999618530273,17.639999389648438,473267
2015-11-12,5.816465854644775,17.549999237060547,17.639999389648438,17.399999618530273,17.459999084472656,434367
2015-11-13,5.826408386230469,17.579999923706055,17.639999389648438,17.25,17.459999084472656,444433
2015-11-16,5.9158935546875,17.850000381469727,17.90999984741211,17.34000015258789,17.549999237060547,408767
2015-11-17,5.975549221038818,18.030000686645508,18.329999923706055,17.729999542236328,17.790000915527344,647433
2015-11-18,6.025263786315918,18.18000030517578,18.329999923706055,18.0,18.030000686645508,503400
2015-11-19,6.045147895812988,18.239999771118164,18.270000457763672,18.030000686645508,18.209999084472656,319733
2015-11-20,6.0352044105529785,18.209999084472656,18.299999237060547,18.059999465942383,18.18000030517578,322033
2015-11-23,6.134634017944336,18.510000228881836,18.540000915527344,18.1200008392334,18.299999237060547,546133
2015-11-24,6.15451717376709,18.56999969482422,18.600000381469727,18.270000457763672,18.329999923706055,588033
2015-11-25,6.174403667449951,18.6299991607666,18.8700008392334,18.389999389648438,18.600000381469727,416333
2015-11-27,6.234058856964111,18.809999465942383,18.84000015258789,18.600000381469727,18.65999984741211,206767
2015-11-30,6.313601970672607,19.049999237060547,19.049999237060547,18.65999984741211,18.719999313354492,555133
2015-12-01,6.244003772735596,18.84000015258789,19.170000076293945,18.809999465942383,19.139999389648438,330333
2015-12-02,6.194288730621338,18.690000534057617,18.899999618530273,18.600000381469727,18.809999465942383,337800
2015-12-03,6.204230308532715,18.719999313354492,18.809999465942383,18.360000610351562,18.75,541500
2015-12-04,6.204230308532715,18.719999313354492,18.899999618530273,18.6299991607666,18.75,498267
2015-12-07,5.826408386230469,17.579999923706055,18.719999313354492,17.549999237060547,18.600000381469727,1007033
2015-12-08,5.896008014678955,17.790000915527344,17.81999969482422,17.25,17.399999618530273,859800
2015-12-09,5.508243083953857,16.6200008392334,17.850000381469727,16.5,17.81999969482422,1279900
2015-12-10,5.627556324005127,16.979999542236328,17.190000534057617,16.3799991607666,16.59000015258789,566067
2015-12-11,5.398873805999756,16.290000915527344,16.799999237060547,16.079999923706055,16.68000030517578,588233
2015-12-14,4.8917975425720215,14.760000228881836,16.440000534057617,14.34000015258789,16.290000915527344,1646433
2015-12-15,5.418760299682617,16.350000381469727,16.350000381469727,15.0,15.029999732971191,1470267
2015-12-16,5.498300552368164,16.59000015258789,16.829999923706055,15.899999618530273,15.989999771118164,879167
2015-12-17,5.405458927154541,15.720000267028809,16.110000610351562,15.569999694824219,15.84000015258789,724000
2015-12-18,5.343564033508301,15.539999961853027,15.869999885559082,15.479999542236328,15.869999885559082,1232000
2015-12-21,5.343564033508301,15.539999961853027,15.84000015258789,15.359999656677246,15.720000267028809,396900
2015-12-22,5.312616348266602,15.449999809265137,15.6899995803833,15.270000457763672,15.449999809265137,1115567
2015-12-23,5.580827713012695,16.229999542236328,16.290000915527344,15.630000114440918,15.630000114440918,720333
2015-12-24,5.6530375480651855,16.440000534057617,16.5,16.229999542236328,16.290000915527344,230233
2015-12-28,5.374511241912842,15.630000114440918,16.440000534057617,15.569999694824219,16.229999542236328,665867
2015-12-29,5.395143508911133,15.6899995803833,15.899999618530273,15.569999694824219,15.630000114440918,388500
2015-12-30,5.395143508911133,15.6899995803833,15.8100004196167,15.539999961853027,15.539999961853027,469200
2015-12-31,5.384827613830566,15.65999984741211,15.989999771118164,15.479999542236328,15.539999961853027,721067
2016-01-04,5.467352390289307,15.899999618530273,15.930000305175781,15.390000343322754,15.479999542236328,793600
2016-01-05,5.622091293334961,16.350000381469727,16.649999618530273,15.869999885559082,16.020000457763672,852833
2016-01-06,5.6014580726623535,16.290000915527344,16.799999237060547,16.020000457763672,16.049999237060547,603200
2016-01-07,5.374511241912842,15.630000114440918,16.170000076293945,15.630000114440918,16.020000457763672,486100
2016-01-08,5.333247184753418,15.510000228881836,15.84000015258789,15.479999542236328,15.75,329633
2016-01-11,5.312616348266602,15.449999809265137,15.75,15.270000457763672,15.600000381469727,600767
2016-01-12,5.240407466888428,15.239999771118164,15.65999984741211,14.90999984741211,15.510000228881836,730733
2016-01-13,5.137248992919922,14.9399995803833,15.479999542236328,14.819999694824219,15.270000457763672,850967
2016-01-14,5.1991448402404785,15.119999885559082,15.329999923706055,14.760000228881836,14.760000228881836,720767
2016-01-15,5.157880783081055,15.0,15.0600004196167,14.579999923706055,14.819999694824219,1030900
2016-01-19,5.147563934326172,14.970000267028809,15.300000190734863,14.789999961853027,15.119999885559082,937133
2016-01-20,4.982512950897217,14.489999771118164,14.970000267028809,13.829999923706055,14.640000343322754,919867
2016-01-21,5.034092903137207,14.640000343322754,15.029999732971191,14.1899995803833,14.1899995803833,691167
2016-01-22,5.219775676727295,15.180000305175781,15.449999809265137,14.789999961853027,14.789999961853027,756200
2016-01-25,5.085669994354248,14.789999961853027,15.239999771118164,14.760000228881836,15.149999618530273,382033
2016-01-26,5.2094597816467285,15.149999618530273,15.210000038146973,14.819999694824219,14.90999984741211,347400
2016-01-27,5.188827037811279,15.09000015258789,15.420000076293945,14.9399995803833,15.149999618530273,335367
2016-01-28,5.240407466888428,15.239999771118164,15.420000076293945,15.0600004196167,15.300000190734863,241833
2016-01-29,5.230090141296387,15.210000038146973,15.300000190734863,14.880000114440918,15.270000457763672,567100
2016-02-01,5.188827037811279,15.09000015258789,15.210000038146973,14.9399995803833,15.09000015258789,482467
2016-02-02,5.044407367706299,14.670000076293945,15.0,14.640000343322754,14.970000267028809,312767
2016-02-03,5.1991448402404785,15.119999885559082,15.210000038146973,14.430000305175781,14.670000076293945,391600
2016-02-04,5.281669616699219,15.359999656677246,15.390000343322754,15.0600004196167,15.0600004196167,300267
2016-02-05,5.281669616699219,15.359999656677246,15.600000381469727,15.210000038146973,15.359999656677246,449867
2016-02-08,5.1991448402404785,15.119999885559082,15.359999656677246,14.850000381469727,15.239999771118164,651267
2016-02-09,5.1991448402404785,15.119999885559082,15.75,14.880000114440918,15.0600004196167,559367
2016-02-10,4.879354476928711,14.1899995803833,14.9399995803833,14.130000114440918,14.850000381469727,816033
2016-02-11,4.415145397186279,12.84000015258789,13.890000343322754,12.779999732971191,13.710000038146973,1033333
2016-02-12,4.662725448608398,13.5600004196167,13.649999618530273,12.8100004196167,12.930000305175781,1178667
2016-02-16,4.662725448608398,13.5600004196167,13.890000343322754,13.350000381469727,13.800000190734863,642400
2016-02-17,4.961881637573242,14.430000305175781,14.579999923706055,13.5,13.649999618530273,436233
2016-02-18,4.992828369140625,14.520000457763672,15.0,14.25,14.430000305175781,497033
2016-02-19,4.869039535522461,14.15999984741211,14.520000457763672,14.069999694824219,14.460000038146973,332900
2016-02-22,4.899988174438477,14.25,14.369999885559082,14.100000381469727,14.100000381469727,383400
2016-02-23,4.961881637573242,14.430000305175781,14.550000190734863,14.25,14.34000015258789,241900
2016-02-24,4.97219705581665,14.460000038146973,14.520000457763672,14.010000228881836,14.34000015258789,242800
2016-02-25,5.023776054382324,14.609999656677246,14.729999542236328,14.279999732971191,14.430000305175781,411600
2016-02-26,5.126932621002197,14.90999984741211,15.0,14.520000457763672,14.699999809265137,354467
2016-02-29,5.281669616699219,15.359999656677246,15.510000228881836,14.819999694824219,14.90999984741211,383533
2016-03-01,5.281669616699219,15.359999656677246,15.569999694824219,15.239999771118164,15.420000076293945,306867
2016-03-02,5.487985610961914,15.960000038146973,15.960000038146973,15.149999618530273,15.270000457763672,349067
2016-03-03,5.539565086364746,16.110000610351562,16.260000228881836,15.8100004196167,16.049999237060547,393100
2016-03-04,5.642721652984619,16.40999984741211,16.920000076293945,16.139999389648438,16.260000228881836,552767
2016-03-07,5.714931964874268,16.6200008392334,17.100000381469727,16.290000915527344,16.350000381469727,369733
2016-03-08,5.539565086364746,16.110000610351562,16.59000015258789,15.630000114440918,16.469999313354492,379167
2016-03-09,5.539565086364746,16.110000610351562,16.3799991607666,16.020000457763672,16.229999542236328,348600
2016-03-10,5.487985610961914,15.960000038146973,16.200000762939453,15.449999809265137,16.079999923706055,304033
2016-03-11,5.704615592956543,16.59000015258789,16.59000015258789,15.989999771118164,16.049999237060547,415733
2016-03-14,5.787142276763916,16.829999923706055,17.100000381469727,16.440000534057617,16.6200008392334,850200
2016-03-15,5.77682638168335,16.799999237060547,17.010000228881836,16.469999313354492,16.889999389648438,469833
2016-03-16,5.818090438842773,16.920000076293945,16.950000762939453,16.200000762939453,16.68000030517578,398567
2016-03-17,5.946430206298828,16.68000030517578,16.860000610351562,16.260000228881836,16.260000228881836,271600
2016-03-18,5.9143452644348145,16.59000015258789,17.040000915527344,16.40999984741211,16.68000030517578,497933
2016-03-21,5.957125186920166,16.709999084472656,16.739999771118164,16.31999969482422,16.5,276433
2016-03-22,5.935733795166016,16.649999618530273,16.799999237060547,16.5,16.59000015258789,255267
2016-03-23,5.721834182739258,16.049999237060547,16.889999389648438,16.020000457763672,16.68000030517578,421133
2016-03-24,5.850173473358154,16.40999984741211,16.530000686645508,15.630000114440918,15.930000305175781,526867
2016-03-28,5.764614582061768,16.170000076293945,16.59000015258789,16.049999237060547,16.3799991607666,309433
2016-03-29,5.828783988952637,16.350000381469727,16.440000534057617,15.930000305175781,16.049999237060547,317267
2016-03-30,5.818090438842773,16.31999969482422,16.649999618530273,15.960000038146973,16.5,370733
2016-03-31,5.935733795166016,16.649999618530273,16.649999618530273,16.290000915527344,16.290000915527344,268767
2016-04-01,6.074769973754883,17.040000915527344,17.190000534057617,16.530000686645508,16.559999465942383,529333
2016-04-04,5.999906063079834,16.829999923706055,17.309999465942383,16.799999237060547,17.100000381469727,294667
2016-04-05,6.042685508728027,16.950000762939453,17.190000534057617,16.6200008392334,16.799999237060547,233000
2016-04-06,6.181720733642578,17.34000015258789,17.579999923706055,17.040000915527344,17.190000534057617,642700
2016-04-07,6.1603312492370605,17.280000686645508,17.3700008392334,17.100000381469727,17.219999313354492,365900
2016-04-08,6.22450065612793,17.459999084472656,17.850000381469727,17.3700008392334,17.3700008392334,245567
2016-04-11,6.213804721832275,17.43000030517578,17.639999389648438,17.43000030517578,17.459999084472656,149367
2016-04-12,6.288671016693115,17.639999389648438,17.729999542236328,17.43000030517578,17.549999237060547,260433
2016-04-13,6.320755481719971,17.729999542236328,17.90999984741211,17.639999389648438,17.639999389648438,253033
2016-04-14,6.235195159912109,17.489999771118164,17.850000381469727,17.489999771118164,17.700000762939453,220567
2016-04-15,6.192416667938232,17.3700008392334,17.579999923706055,17.280000686645508,17.459999084472656,171500
2016-04-18,6.203110694885254,17.399999618530273,17.549999237060547,17.25,17.309999465942383,196867
2016-04-19,6.288671016693115,17.639999389648438,17.790000915527344,17.399999618530273,17.399999618530273,246233
2016-04-20,6.203110694885254,17.399999618530273,17.700000762939453,17.219999313354492,17.579999923706055,308500
2016-04-21,6.138939380645752,17.219999313354492,17.579999923706055,17.06999969482422,17.489999771118164,450000
2016-04-22,6.192416667938232,17.3700008392334,17.459999084472656,17.25,17.25,210100
2016-04-25,6.1496357917785645,17.25,17.489999771118164,17.25,17.399999618530273,187500
2016-04-26,6.1603312492370605,17.280000686645508,17.520000457763672,17.25,17.25,663933
2016-04-27,6.192416667938232,17.3700008392334,17.43000030517578,17.25,17.25,284533
2016-04-28,6.192416667938232,17.3700008392334,17.760000228881836,17.1299991607666,17.309999465942383,355733
2016-04-29,6.22450065612793,17.459999084472656,17.639999389648438,17.34000015258789,17.489999771118164,248833
2016-05-02,6.117550373077393,17.15999984741211,17.639999389648438,17.1299991607666,17.459999084472656,412533
2016-05-03,6.106855392456055,17.1299991607666,17.25,16.829999923706055,17.190000534057617,300933
2016-05-04,6.074769973754883,17.040000915527344,17.25,16.920000076293945,17.010000228881836,154567
2016-05-05,6.053380966186523,16.979999542236328,17.219999313354492,16.889999389648438,17.010000228881836,171100
2016-05-06,6.096158981323242,17.100000381469727,17.25,16.920000076293945,16.950000762939453,155833
2016-05-09,5.957125186920166,16.709999084472656,17.190000534057617,16.6200008392334,17.040000915527344,305533
2016-05-10,6.074769973754883,17.040000915527344,17.06999969482422,16.799999237060547,16.860000610351562,179067
2016-05-11,6.096158981323242,17.100000381469727,17.399999618530273,16.920000076293945,16.920000076293945,265567
2016-05-12,6.096158981323242,17.100000381469727,17.3700008392334,16.979999542236328,17.1299991607666,163767
2016-05-13,6.042685508728027,16.950000762939453,17.15999984741211,16.950000762939453,17.06999969482422,160700
2016-05-16,6.085464954376221,17.06999969482422,17.34000015258789,16.950000762939453,16.950000762939453,180433
2016-05-17,6.117550373077393,17.15999984741211,17.34000015258789,16.950000762939453,16.950000762939453,193200
2016-05-18,6.074769973754883,17.040000915527344,17.190000534057617,16.799999237060547,17.15999984741211,197967
2016-05-19,5.721834182739258,16.049999237060547,16.799999237060547,15.65999984741211,16.5,793533
2016-05-20,5.572103977203369,15.630000114440918,16.020000457763672,15.449999809265137,15.8100004196167,741333
2016-05-23,5.507935047149658,15.449999809265137,15.75,15.119999885559082,15.600000381469727,712067
2016-05-24,5.518629550933838,15.479999542236328,15.569999694824219,15.09000015258789,15.390000343322754,509033
2016-05-25,5.679055213928223,15.930000305175781,15.930000305175781,15.149999618530273,15.600000381469727,369867
2016-05-26,5.6362738609313965,15.8100004196167,15.960000038146973,15.75,15.930000305175781,490667
2016-05-27,5.614886283874512,15.75,16.049999237060547,15.75,15.779999732971191,254233
2016-05-31,5.593493938446045,15.6899995803833,15.960000038146973,15.6899995803833,15.8100004196167,304300
2016-06-01,5.679055213928223,15.930000305175781,15.930000305175781,15.65999984741211,15.6899995803833,394233
2016-06-02,5.66835880279541,15.899999618530273,16.020000457763672,15.8100004196167,15.8100004196167,261733
2016-06-03,5.689749240875244,15.960000038146973,15.989999771118164,15.779999732971191,15.869999885559082,280867
2016-06-06,5.818090438842773,16.31999969482422,16.469999313354492,15.869999885559082,15.989999771118164,737700
2016-06-07,5.860870838165283,16.440000534057617,16.559999465942383,16.020000457763672,16.229999542236328,411200
2016-06-08,5.882259368896484,16.5,16.649999618530273,16.350000381469727,16.5,250800
2016-06-09,5.882259368896484,16.5,16.6200008392334,16.200000762939453,16.469999313354492,344800
2016-06-10,5.860870838165283,16.440000534057617,16.530000686645508,16.260000228881836,16.40999984741211,310167
2016-06-13,5.96782112121582,16.739999771118164,16.770000457763672,16.3799991607666,16.3799991607666,471733
2016-06-14,5.957125186920166,16.709999084472656,16.950000762939453,16.40999984741211,16.799999237060547,538333
2016-06-15,6.03198766708374,16.920000076293945,16.979999542236328,16.709999084472656,16.709999084472656,442633
2016-06-16,6.053380966186523,16.979999542236328,17.100000381469727,16.709999084472656,16.829999923706055,459233
2016-06-17,6.064465522766113,16.40999984741211,16.68000030517578,16.3799991607666,16.3799991607666,543833
2016-06-20,5.931424617767334,16.049999237060547,16.770000457763672,16.049999237060547,16.5,423300
2016-06-21,6.009032726287842,16.260000228881836,16.350000381469727,16.020000457763672,16.049999237060547,229967
2016-06-22,5.997946262359619,16.229999542236328,16.440000534057617,16.200000762939453,16.200000762939453,205967
2016-06-23,6.119900226593018,16.559999465942383,16.6200008392334,16.350000381469727,16.440000534057617,400533
2016-06-24,6.075554370880127,16.440000534057617,16.649999618530273,16.110000610351562,16.40999984741211,718467
2016-06-27,5.831643104553223,15.779999732971191,16.440000534057617,15.75,16.3799991607666,382100
2016-06-28,5.898164749145508,15.960000038146973,16.139999389648438,15.779999732971191,16.110000610351562,627767
2016-06-29,6.108814239501953,16.530000686645508,16.59000015258789,16.079999923706055,16.200000762939453,312967
2016-06-30,6.142074108123779,16.6200008392334,16.739999771118164,16.440000534057617,16.530000686645508,314500
2016-07-01,6.230767250061035,16.860000610351562,16.920000076293945,16.559999465942383,16.559999465942383,306133
2016-07-05,6.130987167358398,16.59000015258789,16.770000457763672,16.40999984741211,16.649999618530273,259767
2016-07-06,6.186422348022461,16.739999771118164,16.920000076293945,16.6200008392334,16.920000076293945,345500
2016-07-07,6.29728889465332,17.040000915527344,17.06999969482422,16.649999618530273,16.649999618530273,326300
2016-07-08,6.108814239501953,16.530000686645508,16.860000610351562,16.5,16.739999771118164,545700
2016-07-11,6.119900226593018,16.559999465942383,16.649999618530273,16.290000915527344,16.530000686645508,477000
2016-07-12,6.197508811950684,16.770000457763672,16.799999237060547,16.59000015258789,16.59000015258789,267000
2016-07-13,6.119900226593018,16.559999465942383,16.829999923706055,16.530000686645508,16.770000457763672,258333
2016-07-14,6.119900226593018,16.559999465942383,16.739999771118164,16.559999465942383,16.649999618530273,194933
2016-07-15,6.142074108123779,16.6200008392334,16.709999084472656,16.469999313354492,16.469999313354492,298500
2016-07-18,6.186422348022461,16.739999771118164,16.799999237060547,16.530000686645508,16.530000686645508,257033
2016-07-19,6.2196831703186035,16.829999923706055,16.950000762939453,16.68000030517578,16.799999237060547,272167
2016-07-20,6.2862019538879395,17.010000228881836,17.010000228881836,16.770000457763672,16.799999237060547,254433
2016-07-21,6.252939224243164,16.920000076293945,17.100000381469727,16.799999237060547,17.100000381469727,327500
2016-07-22,6.319460868835449,17.100000381469727,17.15999984741211,16.889999389648438,16.920000076293945,302767
2016-07-25,6.319460868835449,17.100000381469727,17.1299991607666,16.950000762939453,16.950000762939453,244867
2016-07-26,6.29728889465332,17.040000915527344,17.15999984741211,16.920000076293945,17.100000381469727,269300
2016-07-27,6.363809585571289,17.219999313354492,17.25,17.100000381469727,17.100000381469727,141500
2016-07-28,6.3305487632751465,17.1299991607666,17.25,17.040000915527344,17.100000381469727,160267
2016-07-29,6.385983943939209,17.280000686645508,17.309999465942383,17.100000381469727,17.100000381469727,253133
2016-08-01,6.3305487632751465,17.1299991607666,17.280000686645508,17.06999969482422,17.219999313354492,263033
2016-08-02,6.252939224243164,16.920000076293945,17.190000534057617,16.920000076293945,17.100000381469727,221467
2016-08-03,6.374897003173828,17.25,17.25,16.920000076293945,16.920000076293945,189733
2016-08-04,6.3305487632751465,17.1299991607666,17.280000686645508,16.950000762939453,17.280000686645508,275367
2016-08-05,6.252939224243164,16.920000076293945,17.06999969482422,16.260000228881836,16.5,1563733
2016-08-08,6.175334930419922,16.709999084472656,16.829999923706055,16.559999465942383,16.799999237060547,594000
2016-08-09,6.29728889465332,17.040000915527344,17.100000381469727,16.59000015258789,16.649999618530273,430933
2016-08-10,6.4081573486328125,17.34000015258789,17.399999618530273,16.979999542236328,16.979999542236328,417100
2016-08-11,6.5522847175598145,17.729999542236328,17.760000228881836,17.219999313354492,17.309999465942383,400567
2016-08-12,6.585545539855957,17.81999969482422,17.8799991607666,17.43000030517578,17.520000457763672,472967
2016-08-15,6.629894256591797,17.940000534057617,18.0,17.729999542236328,17.760000228881836,388100
2016-08-16,6.696412086486816,18.1200008392334,18.270000457763672,17.90999984741211,17.969999313354492,412567
2016-08-17,6.663152694702148,18.030000686645508,18.149999618530273,17.969999313354492,18.059999465942383,223367
2016-08-18,6.729671955108643,18.209999084472656,18.270000457763672,18.030000686645508,18.030000686645508,258167
2016-08-19,6.718584060668945,18.18000030517578,18.18000030517578,17.969999313354492,18.0,244500
2016-08-22,6.718584060668945,18.18000030517578,18.389999389648438,18.059999465942383,18.059999465942383,289700
2016-08-23,6.740760803222656,18.239999771118164,18.420000076293945,18.18000030517578,18.329999923706055,318967
2016-08-24,6.807281017303467,18.420000076293945,18.420000076293945,18.149999618530273,18.239999771118164,275533
2016-08-25,6.76293420791626,18.299999237060547,18.420000076293945,18.239999771118164,18.420000076293945,266433
2016-08-26,6.796194553375244,18.389999389648438,18.540000915527344,18.270000457763672,18.360000610351562,336367
2016-08-29,6.840542793273926,18.510000228881836,18.540000915527344,18.299999237060547,18.299999237060547,261433
2016-08-30,6.862712860107422,18.56999969482422,18.809999465942383,18.450000762939453,18.450000762939453,304367
2016-08-31,6.796194553375244,18.389999389648438,18.600000381469727,18.239999771118164,18.56999969482422,316333
2016-09-01,6.774019241333008,18.329999923706055,18.389999389648438,18.18000030517578,18.329999923706055,217533
2016-09-02,6.751845836639404,18.270000457763672,18.420000076293945,18.209999084472656,18.270000457763672,250567
2016-09-06,6.785106658935547,18.360000610351562,18.389999389648438,18.270000457763672,18.299999237060547,217667
2016-09-07,6.774019241333008,18.329999923706055,18.360000610351562,18.18000030517578,18.299999237060547,325800
2016-09-08,6.807281017303467,18.420000076293945,18.450000762939453,18.299999237060547,18.299999237060547,165133
2016-09-09,6.685327529907227,18.09000015258789,18.360000610351562,18.059999465942383,18.360000610351562,414933
2016-09-12,6.663152694702148,18.030000686645508,18.149999618530273,17.850000381469727,18.0,499533
2016-09-13,6.740760803222656,18.239999771118164,18.270000457763672,17.760000228881836,17.850000381469727,536033
2016-09-14,6.607717037200928,17.8799991607666,18.389999389648438,17.850000381469727,18.299999237060547,305233
2016-09-15,6.663152694702148,18.030000686645508,18.1200008392334,17.760000228881836,17.790000915527344,253033
2016-09-16,6.652064800262451,18.0,18.329999923706055,17.90999984741211,18.1200008392334,1003633
2016-09-19,6.640695571899414,17.520000457763672,18.09000015258789,17.43000030517578,17.489999771118164,435567
2016-09-20,6.617950916290283,17.459999084472656,17.729999542236328,17.43000030517578,17.610000610351562,422833
2016-09-21,6.663437366485596,17.579999923706055,17.700000762939453,17.3700008392334,17.579999923706055,1002533
2016-09-22,6.731662750244141,17.760000228881836,17.790000915527344,17.549999237060547,17.700000762939453,402400
2016-09-23,6.663437366485596,17.579999923706055,17.8799991607666,17.579999923706055,17.700000762939453,209867
2016-09-26,6.629322052001953,17.489999771118164,17.670000076293945,17.43000030517578,17.549999237060547,302633
2016-09-27,6.629322052001953,17.489999771118164,17.639999389648438,17.43000030517578,17.489999771118164,213633
2016-09-28,6.663437366485596,17.579999923706055,17.639999389648438,17.34000015258789,17.43000030517578,344300
2016-09-29,6.595210075378418,17.399999618530273,17.700000762939453,17.3700008392334,17.489999771118164,195633
2016-09-30,6.595210075378418,17.399999618530273,17.700000762939453,17.34000015258789,17.3700008392334,384300
2016-10-03,6.629322052001953,17.489999771118164,17.790000915527344,17.280000686645508,17.280000686645508,374567
2016-10-04,6.663437366485596,17.579999923706055,17.639999389648438,17.459999084472656,17.459999084472656,179667
2016-10-05,6.777145862579346,17.8799991607666,17.90999984741211,17.549999237060547,17.549999237060547,424867
2016-10-06,6.765776634216309,17.850000381469727,18.0,17.610000610351562,17.969999313354492,345333
2016-10-07,6.777145862579346,17.8799991607666,17.90999984741211,17.729999542236328,17.81999969482422,174767
2016-10-10,6.777145862579346,17.8799991607666,17.940000534057617,17.729999542236328,17.8799991607666,290700
2016-10-11,6.743032932281494,17.790000915527344,17.850000381469727,17.670000076293945,17.81999969482422,189733
2016-10-12,6.754405975341797,17.81999969482422,17.940000534057617,17.639999389648438,17.700000762939453,152533
2016-10-13,6.765776634216309,17.850000381469727,17.940000534057617,17.520000457763672,17.670000076293945,289000
2016-10-14,6.686178207397461,17.639999389648438,17.969999313354492,17.610000610351562,17.790000915527344,299567
2016-10-17,6.663437366485596,17.579999923706055,17.670000076293945,17.520000457763672,17.549999237060547,306467
2016-10-18,6.697548866271973,17.670000076293945,17.700000762939453,17.549999237060547,17.610000610351562,157800
2016-10-19,6.743032932281494,17.790000915527344,17.850000381469727,17.670000076293945,17.700000762939453,216967
2016-10-20,6.765776634216309,17.850000381469727,17.940000534057617,17.639999389648438,17.700000762939453,304533
2016-10-21,6.822632312774658,18.0,18.059999465942383,17.81999969482422,17.850000381469727,256800
2016-10-24,6.879486560821533,18.149999618530273,18.18000030517578,17.850000381469727,17.850000381469727,259900
2016-10-25,6.924971580505371,18.270000457763672,18.299999237060547,18.09000015258789,18.149999618530273,258100
2016-10-26,6.924971580505371,18.270000457763672,18.299999237060547,18.09000015258789,18.149999618530273,367533
2016-10-27,6.845372676849365,18.059999465942383,18.299999237060547,18.030000686645508,18.239999771118164,508267
2016-10-28,6.8681159019470215,18.1200008392334,18.18000030517578,18.0,18.149999618530273,337367
2016-10-31,6.720293045043945,17.729999542236328,18.0,17.700000762939453,17.940000534057617,403900
2016-11-01,6.686178207397461,17.639999389648438,17.81999969482422,17.610000610351562,17.81999969482422,245667
2016-11-02,6.606581687927246,17.43000030517578,17.639999389648438,17.399999618530273,17.639999389648438,207200
2016-11-03,6.504242420196533,17.15999984741211,17.459999084472656,17.1299991607666,17.399999618530273,267167
2016-11-04,6.4928693771362305,17.1299991607666,17.3700008392334,16.950000762939453,17.06999969482422,312733
2016-11-07,6.595210075378418,17.399999618530273,17.399999618530273,17.100000381469727,17.100000381469727,393133
2016-11-08,6.777145862579346,17.8799991607666,18.149999618530273,16.979999542236328,16.979999542236328,581433
2016-11-09,6.890858173370361,18.18000030517578,18.450000762939453,17.219999313354492,17.219999313354492,917933
2016-11-10,6.822632312774658,18.0,18.6299991607666,17.90999984741211,18.299999237060547,1019433
2016-11-11,6.777145862579346,17.8799991607666,18.059999465942383,17.81999969482422,18.0,867367
2016-11-14,6.788517475128174,17.90999984741211,18.030000686645508,17.81999969482422,17.8799991607666,767000
2016-11-15,6.777145862579346,17.8799991607666,18.0,17.81999969482422,18.0,997067
2016-11-16,6.822632312774658,18.0,18.1200008392334,17.850000381469727,17.940000534057617,962867
2016-11-17,6.879486560821533,18.149999618530273,18.18000030517578,17.90999984741211,18.1200008392334,930233
2016-11-18,6.845372676849365,18.059999465942383,18.209999084472656,17.90999984741211,18.209999084472656,890467
2016-11-21,6.845372676849365,18.059999465942383,18.18000030517578,18.059999465942383,18.149999618530273,613733
2016-11-22,6.879486560821533,18.149999618530273,18.209999084472656,18.059999465942383,18.1200008392334,507233
2016-11-23,6.85674524307251,18.09000015258789,18.18000030517578,18.030000686645508,18.030000686645508,584367
2016-11-25,7.0614237785339355,18.6299991607666,18.6299991607666,18.059999465942383,18.149999618530273,669467
2016-11-28,6.9818267822265625,18.420000076293945,18.719999313354492,18.299999237060547,18.6299991607666,551900
2016-11-29,6.970453262329102,18.389999389648438,18.600000381469727,18.239999771118164,18.479999542236328,597900
2016-11-30,7.0045671463012695,18.479999542236328,18.75,18.329999923706055,18.450000762939453,720767
2016-12-01,6.8681159019470215,18.1200008392334,18.600000381469727,17.850000381469727,18.600000381469727,935467
2016-12-02,6.788517475128174,17.90999984741211,18.149999618530273,17.81999969482422,18.09000015258789,562967
2016-12-05,6.822632312774658,18.0,18.09000015258789,17.850000381469727,17.850000381469727,499567
2016-12-06,6.822632312774658,18.0,18.09000015258789,17.8799991607666,18.09000015258789,732400
2016-12-07,6.924971580505371,18.270000457763672,18.360000610351562,17.969999313354492,18.0,375167
2016-12-08,6.913598537445068,18.239999771118164,18.360000610351562,18.149999618530273,18.270000457763672,518467
2016-12-09,6.902228832244873,18.209999084472656,18.239999771118164,18.030000686645508,18.18000030517578,512767
2016-12-12,6.936342239379883,18.299999237060547,18.479999542236328,18.149999618530273,18.209999084472656,624333
2016-12-13,6.959084510803223,18.360000610351562,18.479999542236328,18.270000457763672,18.420000076293945,425733
2016-12-14,6.913598537445068,18.239999771118164,18.450000762939453,18.18000030517578,18.209999084472656,665000
2016-12-15,6.902228832244873,18.209999084472656,18.420000076293945,18.1200008392334,18.209999084472656,1166167
2016-12-16,6.993198871612549,18.450000762939453,18.56999969482422,18.149999618530273,18.149999618530273,1335267
2016-12-19,6.876643657684326,17.700000762939453,18.149999618530273,17.700000762939453,18.0,915067
2016-12-20,6.864986419677734,17.670000076293945,17.8799991607666,17.549999237060547,17.81999969482422,727733
2016-12-21,6.853331565856934,17.639999389648438,17.729999542236328,17.549999237060547,17.700000762939453,560033
2016-12-22,6.853331565856934,17.639999389648438,17.729999542236328,17.549999237060547,17.639999389648438,642133
2016-12-23,6.830023765563965,17.579999923706055,17.639999389648438,17.459999084472656,17.610000610351562,499633
2016-12-27,6.795054912567139,17.489999771118164,17.700000762939453,17.309999465942383,17.549999237060547,642567
2016-12-28,6.760090351104736,17.399999618530273,17.549999237060547,17.25,17.43000030517578,368600
2016-12-29,6.853331565856934,17.639999389648438,17.670000076293945,17.309999465942383,17.43000030517578,378700
2016-12-30,6.830023765563965,17.579999923706055,17.729999542236328,17.459999084472656,17.549999237060547,471867
2017-01-03,6.92326545715332,17.81999969482422,17.8799991607666,17.520000457763672,17.549999237060547,432867
2017-01-04,7.098094940185547,18.270000457763672,18.540000915527344,17.90999984741211,17.90999984741211,728300
2017-01-05,7.133061408996582,18.360000610351562,18.56999969482422,18.270000457763672,18.299999237060547,506200
2017-01-06,7.1097493171691895,18.299999237060547,18.540000915527344,18.239999771118164,18.420000076293945,280900
2017-01-09,7.0864386558532715,18.239999771118164,18.389999389648438,18.209999084472656,18.360000610351562,145967
2017-01-10,7.0864386558532715,18.239999771118164,18.360000610351562,18.239999771118164,18.329999923706055,158067
2017-01-11,7.168029308319092,18.450000762939453,18.450000762939453,18.149999618530273,18.239999771118164,306933
2017-01-12,7.016506195068359,18.059999465942383,18.420000076293945,18.059999465942383,18.420000076293945,231400
2017-01-13,7.028163433074951,18.09000015258789,18.239999771118164,17.969999313354492,18.1200008392334,320300
2017-01-17,7.00485372543335,18.030000686645508,18.1200008392334,18.0,18.09000015258789,213933
2017-01-18,6.934920787811279,17.850000381469727,18.09000015258789,17.81999969482422,18.0,268700
2017-01-19,6.899954319000244,17.760000228881836,18.0,17.700000762939453,17.8799991607666,187733
2017-01-20,6.92326545715332,17.81999969482422,17.850000381469727,17.700000762939453,17.760000228881836,175433
2017-01-23,6.876643657684326,17.700000762939453,17.90999984741211,17.700000762939453,17.8799991607666,208633
2017-01-24,6.911609649658203,17.790000915527344,17.90999984741211,17.670000076293945,17.729999542236328,271767
2017-01-25,6.946573734283447,17.8799991607666,17.940000534057617,17.760000228881836,17.90999984741211,247500
2017-01-26,6.876643657684326,17.700000762939453,17.90999984741211,17.639999389648438,17.850000381469727,260300
2017-01-27,6.830023765563965,17.579999923706055,17.760000228881836,17.549999237060547,17.729999542236328,215867
2017-01-30,6.864986419677734,17.670000076293945,17.760000228881836,17.489999771118164,17.520000457763672,222467
2017-01-31,6.830023765563965,17.579999923706055,17.670000076293945,17.459999084472656,17.610000610351562,438400
2017-02-01,6.981542587280273,17.969999313354492,18.059999465942383,17.639999389648438,17.670000076293945,358100
2017-02-02,6.946573734283447,17.8799991607666,17.969999313354492,17.729999542236328,17.940000534057617,228167
2017-02-03,7.016506195068359,18.059999465942383,18.299999237060547,17.90999984741211,17.940000534057617,385800
2017-02-06,7.063130855560303,18.18000030517578,18.239999771118164,17.579999923706055,17.940000534057617,353900
2017-02-07,6.899954319000244,17.760000228881836,18.059999465942383,17.760000228881836,18.059999465942383,321567
2017-02-08,7.00485372543335,18.030000686645508,18.059999465942383,17.610000610351562,17.639999389648438,306033
2017-02-09,7.028163433074951,18.09000015258789,18.450000762939453,18.030000686645508,18.09000015258789,442600
2017-02-10,7.133061408996582,18.360000610351562,18.360000610351562,18.09000015258789,18.09000015258789,305267
2017-02-13,7.133061408996582,18.360000610351562,18.540000915527344,18.299999237060547,18.360000610351562,308100
2017-02-14,7.191338062286377,18.510000228881836,18.56999969482422,18.239999771118164,18.360000610351562,265500
2017-02-15,7.249613285064697,18.65999984741211,18.719999313354492,18.360000610351562,18.56999969482422,290067
2017-02-16,7.249613285064697,18.65999984741211,18.719999313354492,18.510000228881836,18.719999313354492,279900
2017-02-17,7.307890892028809,18.809999465942383,18.84000015258789,18.56999969482422,18.690000534057617,300400
2017-02-21,7.272925853729248,18.719999313354492,19.020000457763672,18.65999984741211,18.8700008392334,438267
2017-02-22,7.331201553344727,18.8700008392334,18.959999084472656,18.600000381469727,18.600000381469727,377300
2017-02-23,7.389479160308838,19.020000457763672,19.110000610351562,18.899999618530273,19.020000457763672,422700
2017-02-24,7.366166591644287,18.959999084472656,19.020000457763672,18.600000381469727,18.989999771118164,262433
2017-02-27,7.366166591644287,18.959999084472656,19.020000457763672,18.56999969482422,18.75,312800
2017-02-28,7.377823829650879,18.989999771118164,19.049999237060547,18.809999465942383,18.959999084472656,387067
2017-03-01,7.459409713745117,19.200000762939453,19.260000228881836,18.93000030517578,19.079999923706055,430267
2017-03-02,7.436097145080566,19.139999389648438,19.229999542236328,18.959999084472656,19.170000076293945,371833
2017-03-03,7.4943766593933105,19.290000915527344,19.350000381469727,19.110000610351562,19.200000762939453,498333
2017-03-06,7.587620258331299,19.530000686645508,19.6200008392334,19.079999923706055,19.200000762939453,533000
2017-03-07,7.506030559539795,19.31999969482422,19.739999771118164,19.260000228881836,19.530000686645508,428900
2017-03-08,7.529342174530029,19.3799991607666,19.6200008392334,19.31999969482422,19.31999969482422,340267
2017-03-09,7.377823829650879,18.989999771118164,19.530000686645508,18.959999084472656,19.440000534057617,493200
2017-03-10,7.436097145080566,19.139999389648438,19.260000228881836,18.989999771118164,18.989999771118164,339433
2017-03-13,7.447754383087158,19.170000076293945,19.350000381469727,19.170000076293945,19.200000762939453,340800
2017-03-14,7.401133060455322,19.049999237060547,19.31999969482422,19.049999237060547,19.260000228881836,312800
2017-03-15,7.529342174530029,19.3799991607666,19.530000686645508,18.989999771118164,19.049999237060547,307333
2017-03-16,7.529342174530029,19.3799991607666,19.530000686645508,19.200000762939453,19.5,610133
2017-03-17,7.565140247344971,19.020000457763672,19.110000610351562,18.84000015258789,19.049999237060547,460233
2017-03-20,7.55320930480957,18.989999771118164,19.170000076293945,18.8700008392334,19.110000610351562,296233
2017-03-21,7.410018444061279,18.6299991607666,19.020000457763672,18.540000915527344,19.020000457763672,419833
2017-03-22,7.350356101989746,18.479999542236328,18.780000686645508,18.360000610351562,18.75,398833
2017-03-23,7.33842658996582,18.450000762939453,18.75,18.420000076293945,18.540000915527344,303933
2017-03-24,7.374221324920654,18.540000915527344,18.719999313354492,18.479999542236328,18.56999969482422,182033
2017-03-27,7.362290382385254,18.510000228881836,18.600000381469727,18.299999237060547,18.479999542236328,245433
2017-03-28,7.445816993713379,18.719999313354492,18.84000015258789,18.510000228881836,18.510000228881836,342500
2017-03-29,7.589003086090088,19.079999923706055,19.079999923706055,18.719999313354492,18.780000686645508,363567
2017-03-30,7.720258712768555,19.40999984741211,19.5,19.049999237060547,19.200000762939453,620433
2017-03-31,7.827651500701904,19.68000030517578,19.709999084472656,19.31999969482422,19.3799991607666,554667
2017-04-03,7.827651500701904,19.68000030517578,19.799999237060547,19.530000686645508,19.649999618530273,395400
2017-04-04,7.827651500701904,19.68000030517578,19.739999771118164,19.530000686645508,19.6200008392334,254500
2017-04-05,7.7560553550720215,19.5,19.770000457763672,19.40999984741211,19.739999771118164,262167
2017-04-06,7.946976184844971,19.979999542236328,20.010000228881836,19.5,19.530000686645508,537400
2017-04-07,7.875380992889404,19.799999237060547,19.950000762939453,19.68000030517578,19.889999389648438,361667
2017-04-10,7.875380992889404,19.799999237060547,19.920000076293945,19.709999084472656,19.799999237060547,294133
2017-04-11,7.9708404541015625,20.040000915527344,20.040000915527344,19.709999084472656,19.889999389648438,416700
2017-04-12,7.9231109619140625,19.920000076293945,20.06999969482422,19.829999923706055,20.040000915527344,229967
2017-04-13,7.875380992889404,19.799999237060547,19.920000076293945,19.68000030517578,19.799999237060547,343567
2017-04-17,7.8515167236328125,19.739999771118164,19.860000610351562,19.68000030517578,19.799999237060547,335567
2017-04-18,7.875380992889404,19.799999237060547,19.920000076293945,19.649999618530273,19.770000457763672,222567
2017-04-19,7.839584827423096,19.709999084472656,19.860000610351562,19.68000030517578,19.770000457763672,150533
2017-04-20,7.935042858123779,19.950000762939453,20.010000228881836,19.709999084472656,19.739999771118164,327800
2017-04-21,7.899247646331787,19.860000610351562,20.100000381469727,19.799999237060547,20.100000381469727,217500
2017-04-24,7.9708404541015625,20.040000915527344,20.15999984741211,19.950000762939453,19.950000762939453,181367
2017-04-25,7.994705677032471,20.100000381469727,20.219999313354492,20.06999969482422,20.15999984741211,178533
2017-04-26,7.994705677032471,20.100000381469727,20.399999618530273,20.040000915527344,20.15999984741211,348800
2017-04-27,8.066301345825195,20.280000686645508,20.309999465942383,20.06999969482422,20.219999313354492,239233
2017-04-28,8.102096557617188,20.3700008392334,20.399999618530273,20.15999984741211,20.280000686645508,269133
2017-05-01,8.114029884338379,20.399999618530273,20.459999084472656,20.25,20.399999618530273,233967
2017-05-02,8.090165138244629,20.34000015258789,20.459999084472656,20.280000686645508,20.399999618530273,236633
2017-05-03,7.8873162269592285,19.829999923706055,20.34000015258789,19.709999084472656,20.34000015258789,332000
2017-05-04,7.8634490966796875,19.770000457763672,20.100000381469727,19.59000015258789,19.829999923706055,383667
2017-05-05,7.899247646331787,19.860000610351562,19.889999389648438,19.59000015258789,19.799999237060547,310033
2017-05-08,7.875380992889404,19.799999237060547,20.06999969482422,19.649999618530273,19.920000076293945,233900
2017-05-09,7.696393966674805,19.350000381469727,19.860000610351562,19.200000762939453,19.799999237060547,574233
2017-05-10,7.6844635009765625,19.31999969482422,19.68000030517578,19.139999389648438,19.350000381469727,487533
2017-05-11,7.6844635009765625,19.31999969482422,19.3799991607666,19.079999923706055,19.290000915527344,274567
2017-05-12,7.696393966674805,19.350000381469727,19.440000534057617,19.139999389648438,19.31999969482422,410567
2017-05-15,7.720258712768555,19.40999984741211,19.469999313354492,19.290000915527344,19.350000381469727,193933
2017-05-16,7.7441253662109375,19.469999313354492,19.5,19.260000228881836,19.469999313354492,229933
2017-05-17,7.600935935974121,19.110000610351562,19.5,19.020000457763672,19.3799991607666,301233
2017-05-18,7.517408847808838,18.899999618530273,19.139999389648438,18.540000915527344,19.110000610351562,453533
2017-05-19,7.4696807861328125,18.780000686645508,19.020000457763672,18.56999969482422,18.6299991607666,675333
2017-05-22,7.529340744018555,18.93000030517578,18.989999771118164,18.65999984741211,18.8700008392334,328267
2017-05-23,7.61286735534668,19.139999389648438,19.229999542236328,18.719999313354492,18.93000030517578,277933
2017-05-24,7.6725311279296875,19.290000915527344,19.31999969482422,19.110000610351562,19.200000762939453,221500
2017-05-25,7.61286735534668,19.139999389648438,19.40999984741211,19.139999389648438,19.350000381469727,242533
2017-05-26,7.648667335510254,19.229999542236328,19.260000228881836,19.049999237060547,19.229999542236328,210433
2017-05-30,7.55320930480957,18.989999771118164,19.229999542236328,18.959999084472656,19.229999542236328,222500
2017-05-31,7.493544578552246,18.84000015258789,19.079999923706055,18.75,18.84000015258789,392900
2017-06-01,7.648667335510254,19.229999542236328,19.229999542236328,18.8700008392334,18.8700008392334,272300
2017-06-02,7.648667335510254,19.229999542236328,19.440000534057617,19.139999389648438,19.229999542236328,163433
2017-06-05,7.61286735534668,19.139999389648438,19.290000915527344,19.110000610351562,19.200000762939453,169667
2017-06-06,7.589003086090088,19.079999923706055,19.170000076293945,19.020000457763672,19.170000076293945,141433
2017-06-07,7.600935935974121,19.110000610351562,19.260000228881836,19.049999237060547,19.139999389648438,176800
2017-06-08,7.648667335510254,19.229999542236328,19.3799991607666,19.170000076293945,19.170000076293945,247433
2017-06-09,7.660599708557129,19.260000228881836,19.40999984741211,19.139999389648438,19.229999542236328,193000
2017-06-12,7.600935935974121,19.110000610351562,19.440000534057617,19.079999923706055,19.290000915527344,220833
2017-06-13,7.648667335510254,19.229999542236328,19.260000228881836,19.079999923706055,19.200000762939453,191667
2017-06-14,7.648667335510254,19.229999542236328,19.350000381469727,18.899999618530273,19.139999389648438,277867
2017-06-15,7.600935935974121,19.110000610351562,19.229999542236328,18.93000030517578,19.049999237060547,271600
2017-06-16,7.708329200744629,19.3799991607666,19.440000534057617,19.049999237060547,19.110000610351562,369667
2017-06-19,7.757193565368652,19.049999237060547,19.200000762939453,18.899999618530273,19.139999389648438,298200
2017-06-20,7.744976043701172,19.020000457763672,19.139999389648438,18.899999618530273,18.959999084472656,241267
2017-06-21,7.757193565368652,19.049999237060547,19.139999389648438,18.989999771118164,19.049999237060547,204100
2017-06-22,7.6594624519348145,18.809999465942383,19.020000457763672,18.75,19.020000457763672,278000
2017-06-23,7.732761383056641,18.989999771118164,19.020000457763672,18.780000686645508,18.780000686645508,186100
2017-06-26,7.806056976318359,19.170000076293945,19.229999542236328,18.959999084472656,19.020000457763672,233300
2017-06-27,7.732761383056641,18.989999771118164,19.200000762939453,18.959999084472656,19.170000076293945,223933
2017-06-28,7.732761383056641,18.989999771118164,19.110000610351562,18.959999084472656,19.049999237060547,168667
2017-06-29,7.744976043701172,19.020000457763672,19.110000610351562,18.809999465942383,18.989999771118164,223833
2017-06-30,7.806056976318359,19.170000076293945,19.31999969482422,18.959999084472656,19.079999923706055,304833
2017-07-03,7.854920864105225,19.290000915527344,19.31999969482422,19.139999389648438,19.229999542236328,116433
2017-07-05,7.842706680297852,19.260000228881836,19.31999969482422,19.079999923706055,19.229999542236328,219000
2017-07-06,7.867135524749756,19.31999969482422,19.440000534057617,18.959999084472656,19.229999542236328,409233
2017-07-07,7.781621932983398,19.110000610351562,19.260000228881836,18.8700008392334,19.260000228881836,258033
2017-07-10,7.867135524749756,19.31999969482422,19.40999984741211,19.020000457763672,19.049999237060547,217000
2017-07-11,7.854920864105225,19.290000915527344,19.3799991607666,19.110000610351562,19.31999969482422,169767
2017-07-12,7.842706680297852,19.260000228881836,19.31999969482422,19.170000076293945,19.31999969482422,137767
2017-07-13,7.793838977813721,19.139999389648438,19.290000915527344,19.110000610351562,19.260000228881836,123367
2017-07-14,7.744976043701172,19.020000457763672,19.260000228881836,18.989999771118164,19.139999389648438,318100
2017-07-17,7.781621932983398,19.110000610351562,19.200000762939453,18.989999771118164,19.020000457763672,180700
2017-07-18,7.781621932983398,19.110000610351562,19.229999542236328,18.959999084472656,19.079999923706055,197733
2017-07-19,7.781621932983398,19.110000610351562,19.139999389648438,18.989999771118164,19.110000610351562,167200
2017-07-20,7.757193565368652,19.049999237060547,19.170000076293945,19.020000457763672,19.110000610351562,138433
2017-07-21,7.757193565368652,19.049999237060547,19.229999542236328,19.049999237060547,19.079999923706055,156933
2017-07-24,7.781621932983398,19.110000610351562,19.260000228881836,19.049999237060547,19.110000610351562,164733
2017-07-25,7.793838977813721,19.139999389648438,19.260000228881836,19.049999237060547,19.170000076293945,180933
2017-07-26,7.793838977813721,19.139999389648438,19.229999542236328,19.079999923706055,19.110000610351562,140100
2017-07-27,7.769408702850342,19.079999923706055,19.260000228881836,19.049999237060547,19.170000076293945,205767
2017-07-28,7.806056976318359,19.170000076293945,19.200000762939453,19.049999237060547,19.079999923706055,146433
2017-07-31,7.806056976318359,19.170000076293945,19.229999542236328,19.079999923706055,19.170000076293945,173700
2017-08-01,7.818273544311523,19.200000762939453,19.229999542236328,19.110000610351562,19.170000076293945,173267
2017-08-02,7.793838977813721,19.139999389648438,19.229999542236328,19.020000457763672,19.229999542236328,134633
2017-08-03,7.757193565368652,19.049999237060547,19.170000076293945,19.049999237060547,19.110000610351562,126300
2017-08-04,7.769408702850342,19.079999923706055,19.260000228881836,19.049999237060547,19.229999542236328,169967
2017-08-07,7.842706680297852,19.260000228881836,19.31999969482422,19.049999237060547,19.079999923706055,171733
2017-08-08,7.781621932983398,19.110000610351562,19.290000915527344,19.049999237060547,19.170000076293945,253433
2017-08-09,7.744976043701172,19.020000457763672,19.110000610351562,18.93000030517578,19.020000457763672,390900
2017-08-10,7.6594624519348145,18.809999465942383,19.049999237060547,18.809999465942383,18.959999084472656,243600
2017-08-11,7.683896541595459,18.8700008392334,18.959999084472656,18.690000534057617,18.75,345067
2017-08-14,7.720544815063477,18.959999084472656,19.110000610351562,18.8700008392334,18.93000030517578,219800
2017-08-15,7.732761383056641,18.989999771118164,19.049999237060547,18.780000686645508,18.8700008392334,249600
2017-08-16,7.683896541595459,18.8700008392334,19.079999923706055,18.84000015258789,18.959999084472656,135567
2017-08-17,7.561734199523926,18.56999969482422,18.959999084472656,18.479999542236328,18.84000015258789,300833
2017-08-18,7.4517903327941895,18.299999237060547,18.56999969482422,18.239999771118164,18.510000228881836,450433
2017-08-21,7.512872695922852,18.450000762939453,18.540000915527344,18.239999771118164,18.270000457763672,171833
2017-08-22,7.52508544921875,18.479999542236328,18.56999969482422,18.270000457763672,18.450000762939453,177633
2017-08-23,7.52508544921875,18.479999542236328,18.56999969482422,18.299999237060547,18.420000076293945,181033
2017-08-24,7.439573764801025,18.270000457763672,18.540000915527344,18.270000457763672,18.479999542236328,336633
2017-08-25,7.439573764801025,18.270000457763672,18.56999969482422,18.239999771118164,18.389999389648438,287567
2017-08-28,7.402927875518799,18.18000030517578,18.329999923706055,18.030000686645508,18.209999084472656,384167
2017-08-29,7.402927875518799,18.18000030517578,18.420000076293945,17.06999969482422,18.059999465942383,444600
2017-08-30,7.3662800788879395,18.09000015258789,18.18000030517578,18.0,18.18000030517578,230900
2017-08-31,7.207469940185547,17.700000762939453,18.209999084472656,17.15999984741211,18.149999618530273,1018133
2017-09-01,7.3784966468811035,18.1200008392334,18.209999084472656,17.610000610351562,17.729999542236328,477367
2017-09-05,7.341847896575928,18.030000686645508,18.149999618530273,17.850000381469727,18.1200008392334,325800
2017-09-06,7.280763626098633,17.8799991607666,17.940000534057617,17.549999237060547,17.940000534057617,615200
2017-09-07,7.305196285247803,17.940000534057617,18.0,17.790000915527344,17.850000381469727,291767
2017-09-08,7.25633430480957,17.81999969482422,18.0,17.81999969482422,17.90999984741211,226067
2017-09-11,7.329629898071289,18.0,18.059999465942383,17.850000381469727,17.850000381469727,257600
2017-09-12,7.329629898071289,18.0,18.059999465942383,17.8799991607666,18.030000686645508,204800
2017-09-13,7.341847896575928,18.030000686645508,18.059999465942383,17.940000534057617,18.0,236667
2017-09-14,7.341847896575928,18.030000686645508,18.09000015258789,17.969999313354492,18.0,218500
2017-09-15,7.3784966468811035,18.1200008392334,18.1200008392334,18.0,18.030000686645508,387200
2017-09-18,7.341847896575928,18.030000686645508,18.209999084472656,17.969999313354492,18.059999465942383,343400
2017-09-19,7.390708923339844,18.149999618530273,18.209999084472656,18.059999465942383,18.149999618530273,227733
2017-09-20,7.47839879989624,17.90999984741211,17.940000534057617,17.729999542236328,17.81999969482422,334600
2017-09-21,7.453342914581299,17.850000381469727,17.8799991607666,17.700000762939453,17.8799991607666,327067
2017-09-22,7.378183841705322,17.670000076293945,17.790000915527344,17.670000076293945,17.729999542236328,250567
2017-09-25,7.403236389160156,17.729999542236328,17.790000915527344,17.549999237060547,17.610000610351562,254867
2017-09-26,7.415764808654785,17.760000228881836,17.81999969482422,17.670000076293945,17.790000915527344,236767
2017-09-27,7.440816402435303,17.81999969482422,17.8799991607666,17.549999237060547,17.760000228881836,349067
2017-09-28,7.528504848480225,18.030000686645508,18.09000015258789,17.760000228881836,17.790000915527344,329433
2017-09-29,7.653770446777344,18.329999923706055,18.329999923706055,18.030000686645508,18.030000686645508,373433
2017-10-02,7.691348552703857,18.420000076293945,18.420000076293945,18.09000015258789,18.270000457763672,327367
2017-10-03,7.66629695892334,18.360000610351562,18.479999542236328,18.329999923706055,18.389999389648438,261967
2017-10-04,7.691348552703857,18.420000076293945,18.510000228881836,18.299999237060547,18.389999389648438,244467
2017-10-05,7.741456031799316,18.540000915527344,18.600000381469727,18.360000610351562,18.510000228881836,449533
2017-10-06,7.578609466552734,18.149999618530273,18.479999542236328,18.149999618530273,18.479999542236328,306467
2017-10-09,7.578609466552734,18.149999618530273,18.270000457763672,18.149999618530273,18.149999618530273,204400
2017-10-10,7.616190433502197,18.239999771118164,18.299999237060547,18.149999618530273,18.239999771118164,175833
2017-10-11,7.578609466552734,18.149999618530273,18.239999771118164,18.149999618530273,18.149999618530273,178267
2017-10-12,7.528504848480225,18.030000686645508,18.209999084472656,18.030000686645508,18.1200008392334,182567
2017-10-13,7.553557872772217,18.09000015258789,18.149999618530273,18.0,18.030000686645508,187900
2017-10-16,7.541029453277588,18.059999465942383,18.149999618530273,18.0,18.030000686645508,224733
2017-10-17,7.541029453277588,18.059999465942383,18.149999618530273,18.0,18.09000015258789,198333
2017-10-18,7.541029453277588,18.059999465942383,18.1200008392334,18.0,18.030000686645508,191267
2017-10-19,7.553557872772217,18.09000015258789,18.149999618530273,17.850000381469727,17.940000534057617,282133
2017-10-20,7.528504848480225,18.030000686645508,18.299999237060547,18.030000686645508,18.1200008392334,184633
2017-10-23,7.653770446777344,18.329999923706055,18.360000610351562,17.969999313354492,18.030000686645508,291000
2017-10-24,7.541029453277588,18.059999465942383,18.329999923706055,18.030000686645508,18.329999923706055,396333
2017-10-25,7.4658684730529785,17.8799991607666,18.1200008392334,17.81999969482422,18.030000686645508,373600
2017-10-26,7.428289890289307,17.790000915527344,18.030000686645508,17.729999542236328,17.8799991607666,345733
2017-10-27,7.4658684730529785,17.8799991607666,17.969999313354492,17.790000915527344,17.81999969482422,237400
2017-10-30,7.428289890289307,17.790000915527344,18.09000015258789,17.790000915527344,17.850000381469727,327667
2017-10-31,7.415764808654785,17.760000228881836,18.0,17.729999542236328,17.8799991607666,338567
2017-11-01,7.403236389160156,17.729999542236328,17.8799991607666,17.700000762939453,17.760000228881836,189300
2017-11-02,7.3531317710876465,17.610000610351562,17.850000381469727,17.549999237060547,17.700000762939453,452367
2017-11-03,7.6287150382995605,18.270000457763672,18.420000076293945,17.459999084472656,17.700000762939453,531800
2017-11-06,7.591136932373047,18.18000030517578,18.299999237060547,18.030000686645508,18.299999237060547,318567
2017-11-07,7.691348552703857,18.420000076293945,18.450000762939453,18.270000457763672,18.389999389648438,327900
2017-11-08,7.728930950164795,18.510000228881836,18.510000228881836,18.360000610351562,18.389999389648438,247533
2017-11-09,7.653770446777344,18.329999923706055,18.540000915527344,18.299999237060547,18.389999389648438,232100
2017-11-10,7.591136932373047,18.18000030517578,18.389999389648438,18.149999618530273,18.329999923706055,243100
2017-11-13,7.616190433502197,18.239999771118164,18.239999771118164,18.030000686645508,18.18000030517578,244467
2017-11-14,7.603662014007568,18.209999084472656,18.270000457763672,18.09000015258789,18.209999084472656,135167
2017-11-15,7.553557872772217,18.09000015258789,18.18000030517578,17.940000534057617,18.149999618530273,218167
2017-11-16,7.641242980957031,18.299999237060547,18.360000610351562,18.09000015258789,18.149999618530273,249800
2017-11-17,7.603662014007568,18.209999084472656,18.360000610351562,18.059999465942383,18.239999771118164,193633
2017-11-20,7.566084384918213,18.1200008392334,18.329999923706055,18.059999465942383,18.18000030517578,281200
2017-11-21,7.578609466552734,18.149999618530273,18.239999771118164,18.09000015258789,18.18000030517578,198067
2017-11-22,7.603662014007568,18.209999084472656,18.239999771118164,18.09000015258789,18.1200008392334,155100
2017-11-24,7.603662014007568,18.209999084472656,18.299999237060547,18.1200008392334,18.299999237060547,134900
2017-11-27,7.591136932373047,18.18000030517578,18.270000457763672,18.149999618530273,18.239999771118164,152467
2017-11-28,7.578609466552734,18.149999618530273,18.209999084472656,18.0,18.149999618530273,236867
2017-11-29,7.566084384918213,18.1200008392334,18.270000457763672,18.1200008392334,18.149999618530273,302767
2017-11-30,7.528504848480225,18.030000686645508,18.18000030517578,17.969999313354492,18.149999618530273,413367
2017-12-01,7.403236389160156,17.729999542236328,18.09000015258789,17.700000762939453,18.030000686645508,417433
2017-12-04,7.453342914581299,17.850000381469727,17.969999313354492,17.760000228881836,17.850000381469727,376867
2017-12-05,7.453342914581299,17.850000381469727,17.940000534057617,17.760000228881836,17.940000534057617,345100
2017-12-06,7.34060525894165,17.579999923706055,17.790000915527344,17.579999923706055,17.790000915527344,326400
2017-12-07,7.3531317710876465,17.610000610351562,17.760000228881836,17.610000610351562,17.639999389648438,256833
2017-12-08,7.3531317710876465,17.610000610351562,17.700000762939453,17.549999237060547,17.670000076293945,413467
2017-12-11,7.440816402435303,17.81999969482422,17.850000381469727,17.610000610351562,17.639999389648438,453700
2017-12-12,7.403236389160156,17.729999542236328,17.90999984741211,17.729999542236328,17.850000381469727,254700
2017-12-13,7.39070987701416,17.700000762939453,17.850000381469727,17.610000610351562,17.790000915527344,277567
2017-12-14,7.415764808654785,17.760000228881836,17.760000228881836,17.639999389648438,17.729999542236328,278467
2017-12-15,7.328078269958496,17.549999237060547,17.90999984741211,17.520000457763672,17.760000228881836,1587500
2017-12-18,7.428289890289307,17.790000915527344,17.969999313354492,17.639999389648438,17.639999389648438,446267
2017-12-19,7.403236389160156,17.729999542236328,17.940000534057617,17.700000762939453,17.850000381469727,392200
2017-12-20,7.428941249847412,17.34000015258789,17.43000030517578,17.15999984741211,17.280000686645508,528300
2017-12-21,7.428941249847412,17.34000015258789,17.43000030517578,17.280000686645508,17.3700008392334,292100
2017-12-22,7.351825714111328,17.15999984741211,17.34000015258789,17.06999969482422,17.280000686645508,458500
2017-12-26,7.274707317352295,16.979999542236328,17.190000534057617,16.979999542236328,17.100000381469727,398067
2017-12-27,7.261856555938721,16.950000762939453,17.040000915527344,16.799999237060547,17.010000228881836,819100
2017-12-28,7.326119899749756,17.100000381469727,17.219999313354492,16.889999389648438,16.920000076293945,601033
2017-12-29,7.274707317352295,16.979999542236328,17.219999313354492,16.979999542236328,17.100000381469727,437033
2018-01-02,7.377532958984375,17.219999313354492,17.219999313354492,16.979999542236328,17.219999313354492,372333
2018-01-03,7.326119899749756,17.100000381469727,17.34000015258789,17.040000915527344,17.219999313354492,387967
2018-01-04,7.351825714111328,17.15999984741211,17.309999465942383,17.1299991607666,17.190000534057617,313600
2018-01-05,7.377532958984375,17.219999313354492,17.280000686645508,17.15999984741211,17.25,398333
2018-01-08,7.390383720397949,17.25,17.309999465942383,17.190000534057617,17.190000534057617,444967
2018-01-09,7.351825714111328,17.15999984741211,17.34000015258789,17.1299991607666,17.25,272000
2018-01-10,7.287561416625977,17.010000228881836,17.15999984741211,16.979999542236328,17.100000381469727,318633
2018-01-11,7.41609001159668,17.309999465942383,17.34000015258789,16.979999542236328,17.06999969482422,277833
2018-01-12,7.454648971557617,17.399999618530273,17.43000030517578,17.25,17.309999465942383,229333
2018-01-16,7.390383720397949,17.25,17.549999237060547,17.15999984741211,17.520000457763672,267600
2018-01-17,7.41609001159668,17.309999465942383,17.3700008392334,17.1299991607666,17.25,251233
2018-01-18,7.377532958984375,17.219999313354492,17.34000015258789,17.1299991607666,17.309999465942383,216633
2018-01-19,7.428941249847412,17.34000015258789,17.399999618530273,17.15999984741211,17.219999313354492,231067
2018-01-22,7.428941249847412,17.34000015258789,17.399999618530273,17.309999465942383,17.34000015258789,264200
2018-01-23,7.454648971557617,17.399999618530273,17.459999084472656,17.34000015258789,17.399999618530273,176167
2018-01-24,7.467502117156982,17.43000030517578,17.489999771118164,17.3700008392334,17.399999618530273,183400
2018-01-25,7.454648971557617,17.399999618530273,17.459999084472656,17.309999465942383,17.459999084472656,295067
2018-01-26,7.454648971557617,17.399999618530273,17.43000030517578,17.309999465942383,17.43000030517578,218333
2018-01-29,7.41609001159668,17.309999465942383,17.43000030517578,17.25,17.399999618530273,239567
2018-01-30,7.338971138000488,17.1299991607666,17.34000015258789,17.100000381469727,17.1299991607666,372233
2018-01-31,7.390383720397949,17.25,17.399999618530273,17.100000381469727,17.15999984741211,438800
2018-02-01,7.48035192489624,17.459999084472656,17.459999084472656,17.190000534057617,17.25,228300
2018-02-02,7.300413608551025,17.040000915527344,17.399999618530273,17.040000915527344,17.309999465942383,325533
2018-02-05,6.953388690948486,16.229999542236328,17.010000228881836,16.049999237060547,16.950000762939453,653433
2018-02-06,6.991947174072266,16.31999969482422,16.469999313354492,15.960000038146973,16.049999237060547,485767
2018-02-07,6.966241359710693,16.260000228881836,16.770000457763672,16.200000762939453,16.649999618530273,400367
2018-02-08,7.043358325958252,16.440000534057617,16.920000076293945,16.440000534057617,16.889999389648438,606667
2018-02-09,6.812007427215576,15.899999618530273,16.68000030517578,15.899999618530273,16.559999465942383,732700
2018-02-12,6.927681922912598,16.170000076293945,16.31999969482422,15.960000038146973,16.079999923706055,477233
2018-02-13,7.043358325958252,16.440000534057617,16.469999313354492,16.170000076293945,16.170000076293945,183133
2018-02-14,7.017653465270996,16.3799991607666,16.530000686645508,16.229999542236328,16.469999313354492,292000
2018-02-15,6.953388690948486,16.229999542236328,16.440000534057617,16.139999389648438,16.40999984741211,303567
2018-02-16,7.069065570831299,16.5,16.5,16.229999542236328,16.229999542236328,236000
2018-02-20,6.953388690948486,16.229999542236328,16.440000534057617,16.170000076293945,16.31999969482422,203267
2018-02-21,6.914830207824707,16.139999389648438,16.31999969482422,16.110000610351562,16.229999542236328,178233
2018-02-22,6.914830207824707,16.139999389648438,16.260000228881836,16.110000610351562,16.139999389648438,154933
2018-02-23,6.914830207824707,16.139999389648438,16.229999542236328,16.079999923706055,16.200000762939453,194467
2018-02-26,6.914830207824707,16.139999389648438,16.200000762939453,16.079999923706055,16.079999923706055,212033
2018-02-27,6.837712287902832,15.960000038146973,16.229999542236328,15.930000305175781,16.139999389648438,219833
2018-02-28,6.734889984130859,15.720000267028809,16.170000076293945,15.720000267028809,16.020000457763672,266200
2018-03-01,6.824860095977783,15.930000305175781,16.020000457763672,15.720000267028809,15.75,276467
2018-03-02,6.863418102264404,16.020000457763672,16.020000457763672,15.779999732971191,15.899999618530273,214933
2018-03-05,6.9405341148376465,16.200000762939453,16.229999542236328,15.869999885559082,15.989999771118164,321900
2018-03-06,6.953388690948486,16.229999542236328,16.260000228881836,16.020000457763672,16.170000076293945,197700
2018-03-07,6.876270771026611,16.049999237060547,16.229999542236328,16.020000457763672,16.170000076293945,184033
2018-03-08,6.889124870300293,16.079999923706055,16.260000228881836,16.049999237060547,16.170000076293945,238333
2018-03-09,6.927681922912598,16.170000076293945,16.229999542236328,16.020000457763672,16.139999389648438,316900
2018-03-12,7.056210994720459,16.469999313354492,16.469999313354492,16.200000762939453,16.260000228881836,428933
2018-03-13,7.069065570831299,16.5,16.530000686645508,16.40999984741211,16.5,292167
2018-03-14,7.133327484130859,16.649999618530273,16.68000030517578,16.5,16.59000015258789,256533
2018-03-15,6.966241359710693,16.260000228881836,16.68000030517578,16.200000762939453,16.68000030517578,363833
2018-03-16,7.043358325958252,16.440000534057617,16.59000015258789,16.229999542236328,16.350000381469727,463167
2018-03-19,7.043358325958252,16.440000534057617,16.530000686645508,16.3799991607666,16.469999313354492,307800
2018-03-20,6.9790940284729,16.290000915527344,16.5,16.290000915527344,16.469999313354492,225533
2018-03-21,6.991947174072266,16.31999969482422,16.40999984741211,16.260000228881836,16.290000915527344,173233
2018-03-22,7.210444927215576,16.829999923706055,17.06999969482422,16.350000381469727,16.350000381469727,839700
2018-03-23,7.056210994720459,16.469999313354492,16.920000076293945,16.350000381469727,16.889999389648438,499833
2018-03-26,7.095852851867676,16.110000610351562,16.290000915527344,15.989999771118164,16.200000762939453,335400
2018-03-27,6.99014139175415,15.869999885559082,16.170000076293945,15.75,16.110000610351562,586133
2018-03-28,6.8712158203125,15.600000381469727,15.84000015258789,15.569999694824219,15.84000015258789,458133
2018-03-29,6.897643089294434,15.65999984741211,15.84000015258789,15.600000381469727,15.6899995803833,574967
2018-04-02,6.99014139175415,15.869999885559082,15.899999618530273,15.539999961853027,15.720000267028809,498800
2018-04-03,6.9769287109375,15.84000015258789,15.960000038146973,15.75,15.869999885559082,268833
2018-04-04,7.003354072570801,15.899999618530273,15.960000038146973,15.720000267028809,15.779999732971191,233767
2018-04-05,7.16192102432251,16.260000228881836,16.290000915527344,15.960000038146973,16.079999923706055,307633
2018-04-06,7.082638263702393,16.079999923706055,16.31999969482422,15.960000038146973,16.170000076293945,276367
2018-04-09,7.148709774017334,16.229999542236328,16.350000381469727,16.020000457763672,16.110000610351562,274867
2018-04-10,7.18834924697876,16.31999969482422,16.440000534057617,16.200000762939453,16.31999969482422,284633
2018-04-11,7.148709774017334,16.229999542236328,16.40999984741211,16.200000762939453,16.260000228881836,211467
2018-04-12,7.16192102432251,16.260000228881836,16.440000534057617,16.200000762939453,16.350000381469727,360767
2018-04-13,7.148709774017334,16.229999542236328,16.40999984741211,16.229999542236328,16.260000228881836,343267
2018-04-16,7.227991580963135,16.40999984741211,16.40999984741211,16.229999542236328,16.31999969482422,150200
2018-04-17,7.227991580963135,16.40999984741211,16.440000534057617,16.290000915527344,16.350000381469727,164033
2018-04-18,7.254418849945068,16.469999313354492,16.5,16.40999984741211,16.440000534057617,128867
2018-04-19,7.201563358306885,16.350000381469727,16.5,16.290000915527344,16.440000534057617,132900
2018-04-20,7.16192102432251,16.260000228881836,16.3799991607666,16.200000762939453,16.3799991607666,119100
2018-04-23,7.122280597686768,16.170000076293945,16.31999969482422,16.110000610351562,16.31999969482422,122233
2018-04-24,7.056212902069092,16.020000457763672,16.170000076293945,15.989999771118164,16.170000076293945,175433
2018-04-25,7.056212902069092,16.020000457763672,16.079999923706055,15.960000038146973,16.020000457763672,103267
2018-04-26,7.056212902069092,16.020000457763672,16.049999237060547,15.960000038146973,15.989999771118164,129233
2018-04-27,7.095852851867676,16.110000610351562,16.170000076293945,15.960000038146973,16.020000457763672,118400
2018-04-30,7.095852851867676,16.110000610351562,16.31999969482422,16.049999237060547,16.170000076293945,235733
2018-05-01,7.082638263702393,16.079999923706055,16.170000076293945,16.020000457763672,16.079999923706055,124700
2018-05-02,7.056212902069092,16.020000457763672,16.139999389648438,16.020000457763672,16.110000610351562,113667
2018-05-03,7.056212902069092,16.020000457763672,16.110000610351562,15.989999771118164,15.989999771118164,108700
2018-05-04,7.122280597686768,16.170000076293945,16.229999542236328,15.960000038146973,16.020000457763672,304700
2018-05-07,7.135493755340576,16.200000762939453,16.260000228881836,16.139999389648438,16.200000762939453,167067
2018-05-08,7.16192102432251,16.260000228881836,16.350000381469727,16.170000076293945,16.200000762939453,152067
2018-05-09,7.175137519836426,16.290000915527344,16.350000381469727,16.229999542236328,16.290000915527344,128567
2018-05-10,7.241206645965576,16.440000534057617,16.440000534057617,16.290000915527344,16.31999969482422,179167
2018-05-11,7.241206645965576,16.440000534057617,16.440000534057617,16.290000915527344,16.40999984741211,231133
2018-05-14,7.386557102203369,16.770000457763672,16.770000457763672,16.3799991607666,16.440000534057617,304833
2018-05-15,7.373345375061035,16.739999771118164,16.799999237060547,16.68000030517578,16.799999237060547,153800
2018-05-16,7.386557102203369,16.770000457763672,16.799999237060547,16.68000030517578,16.709999084472656,140667
2018-05-17,7.452626705169678,16.920000076293945,16.920000076293945,16.770000457763672,16.770000457763672,183333
2018-05-18,7.465841770172119,16.950000762939453,17.190000534057617,16.68000030517578,16.920000076293945,514133
2018-05-21,7.333700656890869,16.649999618530273,16.860000610351562,16.6200008392334,16.799999237060547,614333
2018-05-22,7.505480766296387,17.040000915527344,17.15999984741211,16.59000015258789,16.59000015258789,426867
2018-05-23,7.571552753448486,17.190000534057617,17.219999313354492,16.860000610351562,16.979999542236328,310067
2018-05-24,7.545123100280762,17.1299991607666,17.190000534057617,16.920000076293945,17.15999984741211,292333
2018-05-25,7.571552753448486,17.190000534057617,17.25,16.950000762939453,17.06999969482422,245867
2018-05-29,7.611194610595703,17.280000686645508,17.309999465942383,17.040000915527344,17.15999984741211,273500
2018-05-30,7.584765911102295,17.219999313354492,17.309999465942383,17.190000534057617,17.309999465942383,210967
2018-05-31,7.518697261810303,17.06999969482422,17.25,17.040000915527344,17.219999313354492,251100
2018-06-01,7.584765911102295,17.219999313354492,17.25,17.040000915527344,17.100000381469727,252767
2018-06-04,7.624408721923828,17.309999465942383,17.309999465942383,17.15999984741211,17.25,208700
2018-06-05,7.584765911102295,17.219999313354492,17.309999465942383,17.15999984741211,17.25,167700
2018-06-06,7.624408721923828,17.309999465942383,17.309999465942383,17.190000534057617,17.190000534057617,137333
2018-06-07,7.650836944580078,17.3700008392334,17.399999618530273,17.25,17.25,135067
2018-06-08,7.664050102233887,17.399999618530273,17.549999237060547,17.309999465942383,17.309999465942383,161567
2018-06-11,7.584765911102295,17.219999313354492,17.3700008392334,17.1299991607666,17.3700008392334,321433
2018-06-12,7.597978591918945,17.25,17.280000686645508,17.190000534057617,17.219999313354492,158133
2018-06-13,7.545123100280762,17.1299991607666,17.280000686645508,17.1299991607666,17.25,116433
2018-06-14,7.584765911102295,17.219999313354492,17.219999313354492,17.15999984741211,17.15999984741211,149033
2018-06-15,7.558338642120361,17.15999984741211,17.219999313354492,17.1299991607666,17.15999984741211,189933
2018-06-18,7.597978591918945,17.25,17.3700008392334,17.15999984741211,17.219999313354492,224200
2018-06-19,7.571552753448486,17.190000534057617,17.399999618530273,17.15999984741211,17.309999465942383,382933
2018-06-20,7.612259387969971,16.829999923706055,17.010000228881836,16.799999237060547,16.799999237060547,186300
2018-06-21,7.530844211578369,16.649999618530273,16.920000076293945,16.649999618530273,16.860000610351562,204600
2018-06-22,7.5444135665893555,16.68000030517578,16.889999389648438,16.649999618530273,16.739999771118164,348233
2018-06-25,7.490137100219727,16.559999465942383,16.799999237060547,16.530000686645508,16.649999618530273,320200
2018-06-26,7.503706932067871,16.59000015258789,16.649999618530273,16.5,16.59000015258789,222767
2018-06-27,7.490137100219727,16.559999465942383,16.709999084472656,16.559999465942383,16.59000015258789,243467
2018-06-28,7.476569652557373,16.530000686645508,16.68000030517578,16.5,16.59000015258789,223367
2018-06-29,7.557982921600342,16.709999084472656,16.799999237060547,16.530000686645508,16.6200008392334,229533
2018-07-02,7.557982921600342,16.709999084472656,16.799999237060547,16.6200008392334,16.739999771118164,129800
2018-07-03,7.680105686187744,16.979999542236328,17.06999969482422,16.770000457763672,16.770000457763672,123000
2018-07-05,7.666536808013916,16.950000762939453,17.010000228881836,16.799999237060547,17.010000228881836,148567
2018-07-06,7.652966022491455,16.920000076293945,17.100000381469727,16.799999237060547,16.860000610351562,275400
2018-07-09,7.747949123382568,17.1299991607666,17.280000686645508,17.010000228881836,17.010000228881836,307800
2018-07-10,7.693674564361572,17.010000228881836,17.15999984741211,16.889999389648438,17.100000381469727,192467
2018-07-11,7.72081184387207,17.06999969482422,17.1299991607666,16.950000762939453,16.979999542236328,149167
2018-07-12,7.707242012023926,17.040000915527344,17.1299991607666,16.979999542236328,17.100000381469727,193433
2018-07-13,7.707242012023926,17.040000915527344,17.190000534057617,17.010000228881836,17.010000228881836,199067
2018-07-16,7.761519908905029,17.15999984741211,17.15999984741211,16.979999542236328,17.040000915527344,182700
2018-07-17,7.870073318481445,17.399999618530273,17.459999084472656,17.100000381469727,17.15999984741211,329167
2018-07-18,8.087177276611328,17.8799991607666,17.8799991607666,17.399999618530273,17.43000030517578,420600
2018-07-19,7.937917709350586,17.549999237060547,17.940000534057617,17.520000457763672,17.8799991607666,201067
2018-07-20,7.965056896209717,17.610000610351562,17.81999969482422,17.549999237060547,17.610000610351562,188767
2018-07-23,7.937917709350586,17.549999237060547,17.81999969482422,17.489999771118164,17.700000762939453,197333
2018-07-24,7.951487064361572,17.579999923706055,17.700000762939453,17.399999618530273,17.700000762939453,220567
2018-07-25,8.005763053894043,17.700000762939453,17.729999542236328,17.489999771118164,17.670000076293945,167300
2018-07-26,8.060039520263672,17.81999969482422,17.8799991607666,17.639999389648438,17.700000762939453,210433
2018-07-27,8.073607444763184,17.850000381469727,17.969999313354492,17.700000762939453,17.790000915527344,300933
2018-07-30,8.087177276611328,17.8799991607666,17.90999984741211,17.700000762939453,17.850000381469727,186267
2018-07-31,8.073607444763184,17.850000381469727,18.0,17.700000762939453,18.0,234900
2018-08-01,8.032902717590332,17.760000228881836,17.850000381469727,17.639999389648438,17.850000381469727,166100
2018-08-02,8.005763053894043,17.700000762939453,17.81999969482422,17.670000076293945,17.790000915527344,166067
2018-08-03,8.019333839416504,17.729999542236328,17.790000915527344,17.610000610351562,17.729999542236328,136500
2018-08-06,8.019333839416504,17.729999542236328,17.760000228881836,17.639999389648438,17.760000228881836,145867
2018-08-07,7.97862434387207,17.639999389648438,17.760000228881836,17.639999389648438,17.729999542236328,90333
2018-08-08,8.046469688415527,17.790000915527344,17.81999969482422,17.610000610351562,17.639999389648438,149467
2018-08-09,7.82936429977417,17.309999465942383,17.81999969482422,17.1299991607666,17.81999969482422,383933
2018-08-10,7.82936429977417,17.309999465942383,17.399999618530273,17.15999984741211,17.190000534057617,236733
2018-08-13,7.7886576652526855,17.219999313354492,17.399999618530273,17.190000534057617,17.3700008392334,198733
2018-08-14,7.707242012023926,17.040000915527344,17.219999313354492,17.010000228881836,17.1299991607666,297900
2018-08-15,7.666536808013916,16.950000762939453,17.100000381469727,16.920000076293945,17.040000915527344,259333
2018-08-16,7.734381675720215,17.100000381469727,17.25,17.040000915527344,17.040000915527344,281833
2018-08-17,7.72081184387207,17.06999969482422,17.15999984741211,17.010000228881836,17.06999969482422,220167
2018-08-20,7.652966022491455,16.920000076293945,17.1299991607666,16.860000610351562,17.040000915527344,317033
2018-08-21,7.747949123382568,17.1299991607666,17.15999984741211,16.950000762939453,16.979999542236328,210267
2018-08-22,7.802226543426514,17.25,17.25,17.010000228881836,17.1299991607666,191433
2018-08-23,7.666536808013916,16.950000762939453,17.190000534057617,16.860000610351562,17.1299991607666,335033
2018-08-24,7.612259387969971,16.829999923706055,17.010000228881836,16.829999923706055,16.950000762939453,326367
2018-08-27,7.747949123382568,17.1299991607666,17.15999984741211,16.950000762939453,16.950000762939453,416667
2018-08-28,7.530844211578369,16.649999618530273,17.190000534057617,16.559999465942383,17.190000534057617,591033
2018-08-29,7.557982921600342,16.709999084472656,16.829999923706055,16.59000015258789,16.6200008392334,338233
2018-08-30,7.503706932067871,16.59000015258789,16.709999084472656,16.59000015258789,16.68000030517578,260967
2018-08-31,7.517275333404541,16.6200008392334,16.649999618530273,16.530000686645508,16.59000015258789,251100
2018-09-04,7.476569652557373,16.530000686645508,16.709999084472656,16.530000686645508,16.59000015258789,140033
2018-09-05,7.585120677947998,16.770000457763672,16.770000457763672,16.3799991607666,16.530000686645508,483667
2018-09-06,7.490137100219727,16.559999465942383,16.770000457763672,16.440000534057617,16.770000457763672,336600
2018-09-07,7.422291278839111,16.40999984741211,16.59000015258789,16.31999969482422,16.559999465942383,358733
2018-09-10,7.435861587524414,16.440000534057617,16.530000686645508,16.3799991607666,16.469999313354492,161233
2018-09-11,7.449429035186768,16.469999313354492,16.5,16.3799991607666,16.5,205100
2018-09-12,7.517275333404541,16.6200008392334,16.649999618530273,16.3799991607666,16.5,209033
2018-09-13,7.422291278839111,16.40999984741211,16.770000457763672,16.40999984741211,16.68000030517578,249567
2018-09-14,7.381586074829102,16.31999969482422,16.5,16.260000228881836,16.440000534057617,229800
2018-09-17,7.476569652557373,16.530000686645508,16.559999465942383,16.260000228881836,16.31999969482422,359000
2018-09-18,7.476569652557373,16.530000686645508,16.649999618530273,16.440000534057617,16.5,333467
2018-09-19,7.557982921600342,16.709999084472656,16.739999771118164,16.530000686645508,16.59000015258789,286600
2018-09-20,7.612259387969971,16.829999923706055,16.920000076293945,16.649999618530273,16.799999237060547,377200
2018-09-21,7.668025970458984,16.5,16.59000015258789,16.350000381469727,16.40999984741211,296300
2018-09-24,7.654083728790283,16.469999313354492,16.6200008392334,16.350000381469727,16.530000686645508,264967
2018-09-25,7.626200199127197,16.40999984741211,16.559999465942383,16.3799991607666,16.440000534057617,251600
2018-09-26,7.598316669464111,16.350000381469727,16.469999313354492,16.350000381469727,16.440000534057617,232433
2018-09-27,7.654083728790283,16.469999313354492,16.469999313354492,16.290000915527344,16.3799991607666,357400
2018-09-28,7.584376811981201,16.31999969482422,16.469999313354492,16.290000915527344,16.40999984741211,317000
2018-10-01,7.612258434295654,16.3799991607666,16.469999313354492,16.229999542236328,16.440000534057617,254367
2018-10-02,7.640143871307373,16.440000534057617,16.5,16.350000381469727,16.40999984741211,242367
2018-10-03,7.640143871307373,16.440000534057617,16.530000686645508,16.3799991607666,16.440000534057617,233933
2018-10-04,7.584376811981201,16.31999969482422,16.440000534057617,16.260000228881836,16.3799991607666,163100
2018-10-05,7.598316669464111,16.350000381469727,16.40999984741211,16.260000228881836,16.350000381469727,277067
2018-10-08,7.514665603637695,16.170000076293945,16.440000534057617,16.079999923706055,16.31999969482422,265900
2018-10-09,7.654083728790283,16.469999313354492,16.5,16.110000610351562,16.229999542236328,361867
2018-10-10,7.542551040649414,16.229999542236328,16.5,16.200000762939453,16.440000534057617,366700
2018-10-11,7.431015491485596,15.989999771118164,16.350000381469727,15.960000038146973,15.989999771118164,380367
2018-10-12,7.389188766479492,15.899999618530273,16.40999984741211,15.779999732971191,16.110000610351562,328400
2018-10-15,7.403131008148193,15.930000305175781,16.049999237060547,15.84000015258789,15.899999618530273,201667
2018-10-16,7.431015491485596,15.989999771118164,16.049999237060547,15.84000015258789,15.930000305175781,170100
2018-10-17,7.417074680328369,15.960000038146973,16.049999237060547,15.899999618530273,16.020000457763672,223800
2018-10-18,7.33342170715332,15.779999732971191,16.079999923706055,15.779999732971191,15.960000038146973,189767
2018-10-19,7.305540084838867,15.720000267028809,15.869999885559082,15.6899995803833,15.779999732971191,241900
2018-10-22,7.207944393157959,15.510000228881836,15.75,15.510000228881836,15.630000114440918,227100
2018-10-23,7.040643215179443,15.149999618530273,15.449999809265137,15.149999618530273,15.449999809265137,369767
2018-10-24,6.998818397521973,15.0600004196167,15.329999923706055,15.0600004196167,15.239999771118164,285600
2018-10-25,7.012759208679199,15.09000015258789,15.300000190734863,15.0600004196167,15.119999885559082,258167
2018-10-26,6.970935344696045,15.0,15.149999618530273,14.90999984741211,15.119999885559082,304200
2018-10-29,6.956991672515869,14.970000267028809,15.210000038146973,14.9399995803833,15.09000015258789,219233
2018-10-30,6.929109573364258,14.90999984741211,15.09000015258789,14.850000381469727,14.970000267028809,271533
2018-10-31,7.207944393157959,15.510000228881836,15.899999618530273,15.239999771118164,15.329999923706055,636667
2018-11-01,7.33342170715332,15.779999732971191,15.8100004196167,15.029999732971191,15.449999809265137,602000
2018-11-02,7.305540084838867,15.720000267028809,15.989999771118164,15.65999984741211,15.8100004196167,482033
2018-11-05,7.444958686828613,16.020000457763672,16.079999923706055,15.75,15.75,305100
2018-11-06,7.542551040649414,16.229999542236328,16.260000228881836,16.049999237060547,16.049999237060547,218633
2018-11-07,7.514665603637695,16.170000076293945,16.290000915527344,16.079999923706055,16.139999389648438,328100
2018-11-08,7.472841739654541,16.079999923706055,16.469999313354492,15.989999771118164,16.139999389648438,301800
2018-11-09,7.514665603637695,16.170000076293945,16.170000076293945,15.960000038146973,15.960000038146973,182467
2018-11-12,7.417074680328369,15.960000038146973,16.200000762939453,15.930000305175781,16.170000076293945,236200
2018-11-13,7.417074680328369,15.960000038146973,16.139999389648438,15.899999618530273,15.989999771118164,193833
2018-11-14,7.389188766479492,15.899999618530273,16.049999237060547,15.75,15.960000038146973,287633
2018-11-15,7.305540084838867,15.720000267028809,15.989999771118164,15.720000267028809,15.899999618530273,343367
2018-11-16,7.277653217315674,15.65999984741211,15.720000267028809,15.569999694824219,15.720000267028809,335700
2018-11-19,7.291595458984375,15.6899995803833,15.720000267028809,15.569999694824219,15.600000381469727,264133
2018-11-20,7.1940016746521,15.479999542236328,15.6899995803833,15.359999656677246,15.6899995803833,403100
2018-11-21,7.249771595001221,15.600000381469727,15.779999732971191,15.479999542236328,15.600000381469727,251933
2018-11-23,7.291595458984375,15.6899995803833,15.720000267028809,15.510000228881836,15.510000228881836,74600
2018-11-26,7.291595458984375,15.6899995803833,15.869999885559082,15.6899995803833,15.75,386900
2018-11-27,7.277653217315674,15.65999984741211,15.75,15.630000114440918,15.6899995803833,153300
2018-11-28,7.417074680328369,15.960000038146973,15.989999771118164,15.65999984741211,15.65999984741211,235900
2018-11-29,7.389188766479492,15.899999618530273,16.200000762939453,15.779999732971191,15.960000038146973,253400
2018-11-30,7.319480895996094,15.75,15.899999618530273,15.6899995803833,15.899999618530273,164533
2018-12-03,7.668025970458984,16.5,16.579999923706055,15.800000190734863,15.880000114440918,702100
2018-12-04,7.198652267456055,15.489999771118164,16.420000076293945,15.479999542236328,16.360000610351562,673500
2018-12-06,7.091763019561768,15.260000228881836,15.369999885559082,14.920000076293945,15.199999809265137,605400
2018-12-07,6.994170665740967,15.050000190734863,15.369999885559082,15.050000190734863,15.149999618530273,409200
2018-12-10,6.924461364746094,14.899999618530273,15.15999984741211,14.65999984741211,15.119999885559082,568300
2018-12-11,6.822221279144287,14.680000305175781,15.180000305175781,14.649999618530273,15.0,459800
2018-12-12,6.83151388168335,14.699999809265137,14.979999542236328,14.649999618530273,14.800000190734863,808900
2018-12-13,6.71533203125,14.449999809265137,14.800000190734863,14.449999809265137,14.739999771118164,466800
2018-12-14,6.617740631103516,14.239999771118164,14.5,14.220000267028809,14.359999656677246,353100
2018-12-17,6.287781238555908,13.529999732971191,14.239999771118164,13.510000228881836,14.170000076293945,733200
2018-12-18,6.390021800994873,13.75,13.819999694824219,13.34000015258789,13.380000114440918,1104500
2018-12-19,6.317955017089844,13.149999618530273,13.489999771118164,13.119999885559082,13.489999771118164,620600
2018-12-20,6.034488677978516,12.5600004196167,13.109999656677246,12.350000381469727,13.0600004196167,1182000
2018-12-21,5.957614898681641,12.399999618530273,12.979999542236328,12.380000114440918,12.539999961853027,959700
2018-12-24,5.9480061531066895,12.380000114440918,12.600000381469727,12.050000190734863,12.380000114440918,633600
2018-12-26,6.068119049072266,12.630000114440918,12.630000114440918,12.170000076293945,12.449999809265137,1114200
2018-12-27,6.05850887298584,12.609999656677246,12.739999771118164,12.25,12.5600004196167,974800
2018-12-28,6.1113600730896,12.720000267028809,12.9399995803833,12.630000114440918,12.680000305175781,504100
2018-12-31,5.957614898681641,12.399999618530273,12.75,12.319999694824219,12.6899995803833,1192100
2019-01-02,6.1113600730896,12.720000267028809,12.930000305175781,12.260000228881836,12.350000381469727,487800
2019-01-03,6.1690144538879395,12.84000015258789,13.069999694824219,12.640000343322754,12.699999809265137,506500
2019-01-04,6.4044365882873535,13.329999923706055,13.460000038146973,12.949999809265137,12.949999809265137,635600
2019-01-07,6.668685436248779,13.880000114440918,14.079999923706055,13.329999923706055,13.420000076293945,729900
2019-01-08,6.841648578643799,14.239999771118164,14.260000228881836,13.930000305175781,13.970000267028809,381700
2019-01-09,6.808017730712891,14.170000076293945,14.359999656677246,13.859999656677246,14.260000228881836,434900
2019-01-10,6.841648578643799,14.239999771118164,14.420000076293945,14.0,14.100000381469727,338200
2019-01-11,6.846450328826904,14.25,14.329999923706055,14.119999885559082,14.149999618530273,270800
2019-01-14,6.783994197845459,14.119999885559082,14.270000457763672,14.109999656677246,14.170000076293945,205900
2019-01-15,6.832039833068848,14.220000267028809,14.289999961853027,14.100000381469727,14.100000381469727,159000
2019-01-16,6.952151298522949,14.470000267028809,14.550000190734863,14.260000228881836,14.300000190734863,255000
2019-01-17,6.9809770584106445,14.529999732971191,14.569999694824219,14.350000381469727,14.479999542236328,216700
2019-01-18,6.9809770584106445,14.529999732971191,14.609999656677246,14.470000267028809,14.59000015258789,174300
2019-01-22,6.880084991455078,14.319999694824219,14.600000381469727,14.300000190734863,14.600000381469727,285000
2019-01-23,6.894497871398926,14.350000381469727,14.479999542236328,14.199999809265137,14.380000114440918,299800
2019-01-24,6.937737941741943,14.4399995803833,14.569999694824219,14.359999656677246,14.369999885559082,405600
2019-01-25,7.033830165863037,14.640000343322754,14.65999984741211,14.380000114440918,14.5,498700
2019-01-28,7.096287250518799,14.770000457763672,14.819999694824219,14.489999771118164,14.59000015258789,440100
2019-01-29,7.048243045806885,14.670000076293945,14.850000381469727,14.65999984741211,14.8100004196167,289700
2019-01-30,7.230815410614014,15.050000190734863,15.0600004196167,14.649999618530273,14.699999809265137,537600
2019-01-31,7.35092830657959,15.300000190734863,15.3100004196167,15.0600004196167,15.0600004196167,497900
2019-02-01,7.317296504974365,15.229999542236328,15.329999923706055,15.0,15.289999961853027,736800
2019-02-04,7.365342617034912,15.329999923706055,15.399999618530273,15.180000305175781,15.210000038146973,450200
2019-02-05,7.418190956115723,15.4399995803833,15.489999771118164,15.300000190734863,15.3100004196167,234800
2019-02-06,7.437408447265625,15.479999542236328,15.539999961853027,15.350000381469727,15.449999809265137,343200
2019-02-07,7.293274879455566,15.180000305175781,15.399999618530273,14.949999809265137,15.199999809265137,845200
2019-02-08,7.355731964111328,15.3100004196167,15.350000381469727,15.020000457763672,15.130000114440918,359400
2019-02-11,7.379754066467285,15.359999656677246,15.609999656677246,15.270000457763672,15.319999694824219,297700
2019-02-12,7.379754066467285,15.359999656677246,15.489999771118164,15.3100004196167,15.460000038146973,425700
2019-02-13,7.370144844055176,15.34000015258789,15.5,15.329999923706055,15.399999618530273,224700
2019-02-14,7.355731964111328,15.3100004196167,15.430000305175781,15.3100004196167,15.329999923706055,356700
2019-02-15,7.360536575317383,15.319999694824219,15.479999542236328,15.300000190734863,15.34000015258789,264100
2019-02-19,7.365342617034912,15.329999923706055,15.390000343322754,15.289999961853027,15.300000190734863,347800
2019-02-20,7.3989739418029785,15.399999618530273,15.460000038146973,15.3100004196167,15.3100004196167,402800
2019-02-21,7.45662784576416,15.520000457763672,15.569999694824219,15.380000114440918,15.390000343322754,324200
2019-02-22,7.571935653686523,15.760000228881836,15.789999961853027,15.520000457763672,15.539999961853027,349500
2019-02-25,7.504673480987549,15.619999885559082,15.850000381469727,15.449999809265137,15.819999694824219,373300
2019-02-26,7.45662784576416,15.520000457763672,15.649999618530273,15.470000267028809,15.609999656677246,261000
2019-02-27,7.3989739418029785,15.399999618530273,15.739999771118164,15.399999618530273,15.5600004196167,362200
2019-02-28,7.360536575317383,15.319999694824219,15.569999694824219,15.319999694824219,15.4399995803833,257600
2019-03-01,7.278860569000244,15.149999618530273,15.489999771118164,15.149999618530273,15.369999885559082,634300
2019-03-04,7.408581733703613,15.420000076293945,15.460000038146973,15.199999809265137,15.199999809265137,417000
2019-03-05,7.3989739418029785,15.399999618530273,15.479999542236328,15.25,15.390000343322754,477000
2019-03-06,7.374950408935547,15.350000381469727,15.460000038146973,15.34000015258789,15.460000038146973,410000
2019-03-07,7.355731964111328,15.3100004196167,15.380000114440918,15.229999542236328,15.3100004196167,419000
2019-03-08,7.3989739418029785,15.399999618530273,15.449999809265137,15.25,15.300000190734863,279900
2019-03-11,7.475846767425537,15.5600004196167,15.579999923706055,15.369999885559082,15.399999618530273,222500
2019-03-12,7.485454082489014,15.579999923706055,15.630000114440918,15.470000267028809,15.550000190734863,280500
2019-03-13,7.509475231170654,15.630000114440918,15.649999618530273,15.529999732971191,15.59000015258789,264300
2019-03-14,7.54310941696167,15.699999809265137,15.770000457763672,15.619999885559082,15.619999885559082,511900
2019-03-15,7.552718639373779,15.720000267028809,15.75,15.680000305175781,15.710000038146973,473900
2019-03-18,7.634396076202393,15.890000343322754,15.899999618530273,15.710000038146973,15.710000038146973,445600
2019-03-19,7.615176677703857,15.850000381469727,15.979999542236328,15.800000190734863,15.9399995803833,816900
2019-03-20,7.54100227355957,15.25,15.460000038146973,15.210000038146973,15.449999809265137,544600
2019-03-21,7.575616359710693,15.319999694824219,15.329999923706055,15.239999771118164,15.239999771118164,516700
2019-03-22,7.481664657592773,15.130000114440918,15.329999923706055,15.100000381469727,15.289999961853027,860300
2019-03-25,7.481664657592773,15.130000114440918,15.279999732971191,15.09000015258789,15.119999885559082,367200
2019-03-26,7.555837631225586,15.279999732971191,15.329999923706055,15.130000114440918,15.149999618530273,313800
2019-03-27,7.521224021911621,15.210000038146973,15.319999694824219,15.199999809265137,15.319999694824219,171400
2019-03-28,7.545948505401611,15.260000228881836,15.279999732971191,15.1899995803833,15.229999542236328,220300
2019-03-29,7.486608982086182,15.140000343322754,15.350000381469727,15.119999885559082,15.3100004196167,342500
2019-04-01,7.536057472229004,15.239999771118164,15.3100004196167,15.210000038146973,15.239999771118164,252000
2019-04-02,7.5261688232421875,15.220000267028809,15.3100004196167,15.119999885559082,15.239999771118164,209200
2019-04-03,7.5261688232421875,15.220000267028809,15.34000015258789,15.199999809265137,15.279999732971191,224100
2019-04-04,7.5261688232421875,15.220000267028809,15.270000457763672,15.199999809265137,15.229999542236328,268800
2019-04-05,7.536057472229004,15.239999771118164,15.289999961853027,15.210000038146973,15.25,356100
2019-04-08,7.570672988891602,15.3100004196167,15.430000305175781,15.229999542236328,15.229999542236328,651300
2019-04-09,7.521224021911621,15.210000038146973,15.300000190734863,15.170000076293945,15.300000190734863,232300
2019-04-10,7.531114101409912,15.229999542236328,15.300000190734863,15.199999809265137,15.210000038146973,164300
2019-04-11,7.555837631225586,15.279999732971191,15.359999656677246,15.239999771118164,15.270000457763672,133300
2019-04-12,7.56572961807251,15.300000190734863,15.34000015258789,15.180000305175781,15.289999961853027,237100
2019-04-15,7.550891399383545,15.270000457763672,15.329999923706055,15.210000038146973,15.3100004196167,210600
2019-04-16,7.600340843200684,15.369999885559082,15.40999984741211,15.279999732971191,15.300000190734863,250400
2019-04-17,7.585506439208984,15.34000015258789,15.40999984741211,15.279999732971191,15.380000114440918,203200
2019-04-18,7.560782432556152,15.289999961853027,15.350000381469727,15.229999542236328,15.350000381469727,151700
2019-04-22,7.590452671051025,15.350000381469727,15.380000114440918,15.25,15.260000228881836,217600
2019-04-23,7.644845485687256,15.460000038146973,15.479999542236328,15.3100004196167,15.350000381469727,146800
2019-04-24,7.704185962677002,15.579999923706055,15.670000076293945,15.4399995803833,15.479999542236328,448100
2019-04-25,7.674515247344971,15.520000457763672,15.630000114440918,15.430000305175781,15.600000381469727,210600
2019-04-26,7.733856678009033,15.640000343322754,15.65999984741211,15.479999542236328,15.539999961853027,189800
2019-04-29,7.748690605163574,15.670000076293945,15.75,15.579999923706055,15.579999923706055,204400
2019-04-30,7.72891092300415,15.630000114440918,15.670000076293945,15.479999542236328,15.579999923706055,211300
2019-05-01,7.699239730834961,15.569999694824219,15.710000038146973,15.5600004196167,15.630000114440918,190200
2019-05-02,7.748690605163574,15.670000076293945,15.6899995803833,15.5,15.529999732971191,148200
2019-05-03,7.812973499298096,15.800000190734863,15.829999923706055,15.619999885559082,15.670000076293945,247900
2019-05-06,7.852533340454102,15.880000114440918,15.90999984741211,15.550000190734863,15.619999885559082,256300
2019-05-07,7.8228631019592285,15.819999694824219,15.880000114440918,15.720000267028809,15.850000381469727,207500
2019-05-08,7.8228631019592285,15.819999694824219,15.890000343322754,15.640000343322754,15.779999732971191,190000
2019-05-09,7.793194770812988,15.760000228881836,15.770000457763672,15.579999923706055,15.760000228881836,245700
2019-05-10,7.803083896636963,15.779999732971191,15.819999694824219,15.670000076293945,15.729999542236328,241700
2019-05-13,7.615176677703857,15.399999618530273,15.670000076293945,15.359999656677246,15.670000076293945,396200
2019-05-14,7.704185962677002,15.579999923706055,15.6899995803833,15.40999984741211,15.420000076293945,238600
2019-05-15,7.758581161499023,15.6899995803833,15.710000038146973,15.510000228881836,15.520000457763672,189000
2019-05-16,7.778358459472656,15.729999542236328,15.800000190734863,15.550000190734863,15.609999656677246,221600
2019-05-17,7.847588539123535,15.869999885559082,15.949999809265137,15.600000381469727,15.670000076293945,486800
2019-05-20,7.8228631019592285,15.819999694824219,15.979999542236328,15.75,15.819999694824219,336900
2019-05-21,7.877257823944092,15.930000305175781,15.989999771118164,15.800000190734863,15.84000015258789,317900
2019-05-22,7.901983737945557,15.979999542236328,16.0,15.859999656677246,15.970000267028809,264500
2019-05-23,7.911873817443848,16.0,16.0,15.850000381469727,15.949999809265137,309000
2019-05-24,7.926709175109863,16.030000686645508,16.040000915527344,15.869999885559082,16.0,297800
2019-05-28,7.9415411949157715,16.059999465942383,16.1200008392334,15.970000267028809,16.0,260600
2019-05-29,7.872314453125,15.920000076293945,16.030000686645508,15.890000343322754,15.979999542236328,311800
2019-05-30,7.887147426605225,15.949999809265137,16.020000457763672,15.890000343322754,15.960000038146973,200600
2019-05-31,7.679460525512695,15.529999732971191,15.899999618530273,15.520000457763672,15.890000343322754,626500
2019-06-03,7.763525009155273,15.699999809265137,15.789999961853027,15.529999732971191,15.529999732971191,609000
2019-06-04,7.872314453125,15.920000076293945,15.989999771118164,15.699999809265137,15.779999732971191,327100
2019-06-05,7.911873817443848,16.0,16.010000228881836,15.90999984741211,15.90999984741211,318500
2019-06-06,7.931652069091797,16.040000915527344,16.079999923706055,15.960000038146973,15.960000038146973,266300
2019-06-07,7.9662652015686035,16.110000610351562,16.1299991607666,16.010000228881836,16.049999237060547,256700
2019-06-10,7.971210956573486,16.1200008392334,16.190000534057617,16.06999969482422,16.1200008392334,392700
2019-06-11,7.99099063873291,16.15999984741211,16.219999313354492,16.079999923706055,16.110000610351562,324700
2019-06-12,8.010770797729492,16.200000762939453,16.200000762939453,16.049999237060547,16.149999618530273,274900
2019-06-13,8.094833374023438,16.3700008392334,16.440000534057617,16.200000762939453,16.200000762939453,431000
2019-06-14,8.055274963378906,16.290000915527344,16.399999618530273,16.239999771118164,16.3700008392334,296500
2019-06-17,8.060218811035156,16.299999237060547,16.3799991607666,16.209999084472656,16.34000015258789,375500
2019-06-18,8.129449844360352,16.440000534057617,16.520000457763672,16.329999923706055,16.350000381469727,583200
2019-06-19,8.144702911376953,16.020000457763672,16.1200008392334,15.949999809265137,16.059999465942383,568900
2019-06-20,8.043017387390137,15.819999694824219,16.110000610351562,15.760000228881836,16.079999923706055,395100
2019-06-21,8.098943710327148,15.930000305175781,16.010000228881836,15.779999732971191,15.779999732971191,292300
2019-06-24,8.043017387390137,15.819999694824219,16.079999923706055,15.8100004196167,16.0,273200
2019-06-25,7.966759204864502,15.670000076293945,15.869999885559082,15.670000076293945,15.819999694824219,267400
2019-06-26,7.885412216186523,15.510000228881836,15.720000267028809,15.5,15.649999618530273,382900
2019-06-27,7.936253070831299,15.609999656677246,15.699999809265137,15.479999542236328,15.550000190734863,350200
2019-06-28,8.032851219177246,15.800000190734863,15.850000381469727,15.640000343322754,15.640000343322754,274700
2019-07-01,8.048104286193848,15.829999923706055,15.970000267028809,15.800000190734863,15.869999885559082,222900
2019-07-02,8.098943710327148,15.930000305175781,16.06999969482422,15.859999656677246,15.859999656677246,341000
2019-07-03,8.231130599975586,16.190000534057617,16.219999313354492,16.020000457763672,16.020000457763672,251500
2019-07-05,8.185373306274414,16.100000381469727,16.229999542236328,16.079999923706055,16.190000534057617,353600
2019-07-08,8.266718864440918,16.260000228881836,16.299999237060547,16.09000015258789,16.100000381469727,428600
2019-07-09,8.297223091125488,16.31999969482422,16.360000610351562,16.200000762939453,16.260000228881836,512000
2019-07-10,8.368399620056152,16.459999084472656,16.479999542236328,16.360000610351562,16.399999618530273,307500
2019-07-11,8.327727317810059,16.3799991607666,16.459999084472656,16.34000015258789,16.440000534057617,350800
2019-07-12,8.312475204467773,16.350000381469727,16.420000076293945,16.260000228881836,16.3799991607666,346800
2019-07-15,8.353148460388184,16.43000030517578,16.440000534057617,16.34000015258789,16.350000381469727,200500
2019-07-16,8.322644233703613,16.3700008392334,16.549999237060547,16.360000610351562,16.43000030517578,270300
2019-07-17,8.27180290222168,16.270000457763672,16.43000030517578,16.229999542236328,16.389999389648438,195400
2019-07-18,8.29213809967041,16.309999465942383,16.329999923706055,16.200000762939453,16.260000228881836,286700
2019-07-19,8.307391166687012,16.34000015258789,16.43000030517578,16.299999237060547,16.360000610351562,160900
2019-07-22,8.29213809967041,16.309999465942383,16.34000015258789,16.260000228881836,16.34000015258789,129500
2019-07-23,8.36331558227539,16.450000762939453,16.469999313354492,16.290000915527344,16.309999465942383,189900
2019-07-24,8.434494972229004,16.59000015258789,16.600000381469727,16.40999984741211,16.440000534057617,204300
2019-07-25,8.403987884521484,16.530000686645508,16.6299991607666,16.510000228881836,16.610000610351562,224600
2019-07-26,8.398907661437988,16.520000457763672,16.6200008392334,16.510000228881836,16.510000228881836,379100
2019-07-29,8.348063468933105,16.420000076293945,16.600000381469727,16.399999618530273,16.540000915527344,238100
2019-07-30,8.44974422454834,16.6200008392334,16.649999618530273,16.329999923706055,16.399999618530273,324200
2019-07-31,8.312475204467773,16.350000381469727,16.6299991607666,16.290000915527344,16.6200008392334,346200
2019-08-01,8.236215591430664,16.200000762939453,16.399999618530273,16.139999389648438,16.360000610351562,420500
2019-08-02,8.226044654846191,16.18000030517578,16.200000762939453,16.079999923706055,16.200000762939453,372600
2019-08-05,8.058270454406738,15.850000381469727,16.149999618530273,15.789999961853027,16.100000381469727,528800
2019-08-06,8.17520523071289,16.079999923706055,16.1299991607666,15.9399995803833,15.970000267028809,377300
2019-08-07,8.190458297729492,16.110000610351562,16.1299991607666,15.609999656677246,15.699999809265137,666000
2019-08-08,8.30230712890625,16.329999923706055,16.34000015258789,15.949999809265137,16.110000610351562,621900
2019-08-09,8.226044654846191,16.18000030517578,16.360000610351562,16.18000030517578,16.329999923706055,266000
2019-08-12,8.129448890686035,15.989999771118164,16.18000030517578,15.970000267028809,16.18000030517578,346700
2019-08-13,8.236215591430664,16.200000762939453,16.290000915527344,16.030000686645508,16.030000686645508,276400
2019-08-14,8.083690643310547,15.899999618530273,16.110000610351562,15.869999885559082,16.06999969482422,382300
2019-08-15,8.048104286193848,15.829999923706055,16.09000015258789,15.8100004196167,15.970000267028809,398100
2019-08-16,8.159952163696289,16.049999237060547,16.1299991607666,15.899999618530273,15.899999618530273,344500
2019-08-19,8.29213809967041,16.309999465942383,16.350000381469727,16.110000610351562,16.149999618530273,386900
2019-08-20,8.266718864440918,16.260000228881836,16.399999618530273,16.239999771118164,16.299999237060547,277300
2019-08-21,8.327727317810059,16.3799991607666,16.459999084472656,16.309999465942383,16.350000381469727,244100
2019-08-22,8.29213809967041,16.309999465942383,16.459999084472656,16.25,16.420000076293945,195600
2019-08-23,8.231130599975586,16.190000534057617,16.34000015258789,16.110000610351562,16.329999923706055,292600
2019-08-26,8.287054061889648,16.299999237060547,16.329999923706055,16.229999542236328,16.270000457763672,194900
2019-08-27,8.246380805969238,16.219999313354492,16.350000381469727,16.15999984741211,16.309999465942383,263100
2019-08-28,8.26163387298584,16.25,16.270000457763672,16.079999923706055,16.200000762939453,189600
2019-08-29,8.337895393371582,16.399999618530273,16.40999984741211,16.290000915527344,16.31999969482422,148400
2019-08-30,8.312475204467773,16.350000381469727,16.459999084472656,16.260000228881836,16.459999084472656,206500
2019-09-03,8.297223091125488,16.31999969482422,16.34000015258789,16.219999313354492,16.299999237060547,262700
2019-09-04,8.322644233703613,16.3700008392334,16.469999313354492,16.34000015258789,16.43000030517578,242400
2019-09-05,8.337895393371582,16.399999618530273,16.479999542236328,16.3799991607666,16.450000762939453,211600
2019-09-06,8.312475204467773,16.350000381469727,16.40999984741211,16.329999923706055,16.399999618530273,141600
2019-09-09,8.454827308654785,16.6299991607666,16.6299991607666,16.399999618530273,16.40999984741211,260500
2019-09-10,8.526007652282715,16.770000457763672,16.790000915527344,16.579999923706055,16.6299991607666,277400
2019-09-11,8.551427841186523,16.81999969482422,16.81999969482422,16.600000381469727,16.739999771118164,231500
2019-09-12,8.531092643737793,16.780000686645508,16.860000610351562,16.729999542236328,16.809999465942383,228100
2019-09-13,8.632771492004395,16.979999542236328,17.0,16.81999969482422,16.81999969482422,378000
2019-09-16,8.546342849731445,16.809999465942383,17.0,16.709999084472656,16.90999984741211,388100
2019-09-17,8.612436294555664,16.940000534057617,16.950000762939453,16.670000076293945,16.829999923706055,439400
2019-09-18,8.602267265319824,16.920000076293945,16.979999542236328,16.860000610351562,16.889999389648438,401700
2019-09-19,8.565705299377441,16.399999618530273,16.65999984741211,16.350000381469727,16.540000915527344,413200
2019-09-20,8.654497146606445,16.56999969482422,16.610000610351562,16.399999618530273,16.420000076293945,404600
2019-09-23,8.591821670532227,16.450000762939453,16.56999969482422,16.43000030517578,16.5,303100
2019-09-24,8.513476371765137,16.299999237060547,16.6299991607666,16.280000686645508,16.56999969482422,382300
2019-09-25,8.523923873901367,16.31999969482422,16.3700008392334,16.200000762939453,16.31999969482422,201200
2019-09-26,8.539592742919922,16.350000381469727,16.40999984741211,16.299999237060547,16.31999969482422,215000
2019-09-27,8.461248397827148,16.200000762939453,16.420000076293945,16.170000076293945,16.329999923706055,208900
2019-09-30,8.40379524230957,16.09000015258789,16.350000381469727,16.079999923706055,16.260000228881836,237500
2019-10-01,8.304556846618652,15.899999618530273,16.18000030517578,15.869999885559082,16.09000015258789,321600
2019-10-02,8.053855895996094,15.420000076293945,15.84000015258789,15.180000305175781,15.8100004196167,704400
2019-10-03,8.00162410736084,15.319999694824219,15.640000343322754,15.279999732971191,15.399999618530273,441400
2019-10-04,8.07474422454834,15.460000038146973,15.460000038146973,15.319999694824219,15.319999694824219,351800
2019-10-07,8.158313751220703,15.619999885559082,15.630000114440918,15.390000343322754,15.520000457763672,395800
2019-10-08,8.04863166809082,15.40999984741211,15.640000343322754,15.40999984741211,15.579999923706055,345600
2019-10-09,8.132197380065918,15.569999694824219,15.649999618530273,15.470000267028809,15.470000267028809,328000
2019-10-10,8.132197380065918,15.569999694824219,15.729999542236328,15.569999694824219,15.600000381469727,283200
2019-10-11,8.137423515319824,15.579999923706055,15.770000457763672,15.569999694824219,15.699999809265137,403800
2019-10-14,8.079968452453613,15.470000267028809,15.619999885559082,15.470000267028809,15.550000190734863,198300
2019-10-15,8.132197380065918,15.569999694824219,15.6899995803833,15.479999542236328,15.479999542236328,255600
2019-10-16,8.137423515319824,15.579999923706055,15.65999984741211,15.569999694824219,15.59000015258789,328800
2019-10-17,8.215766906738281,15.729999542236328,15.770000457763672,15.59000015258789,15.649999618530273,241600
2019-10-18,8.267997741699219,15.829999923706055,15.890000343322754,15.729999542236328,15.729999542236328,246600
2019-10-21,8.3881254196167,16.059999465942383,16.25,15.869999885559082,15.869999885559082,674000
2019-10-22,8.382902145385742,16.049999237060547,16.18000030517578,16.020000457763672,16.09000015258789,251200
2019-10-23,8.35156536102295,15.989999771118164,16.110000610351562,15.970000267028809,16.059999465942383,305400
2019-10-24,8.362010955810547,16.010000228881836,16.06999969482422,15.880000114440918,16.040000915527344,307500
2019-10-25,8.299335479736328,15.890000343322754,16.049999237060547,15.850000381469727,16.030000686645508,312000
2019-10-28,8.35156536102295,15.989999771118164,16.18000030517578,15.9399995803833,15.989999771118164,296500
2019-10-29,8.3150053024292,15.920000076293945,15.989999771118164,15.850000381469727,15.970000267028809,272700
2019-10-30,8.294111251831055,15.880000114440918,15.930000305175781,15.84000015258789,15.930000305175781,233200
2019-10-31,8.278441429138184,15.850000381469727,15.920000076293945,15.800000190734863,15.880000114440918,219500
2019-11-01,8.304556846618652,15.899999618530273,15.930000305175781,15.859999656677246,15.880000114440918,703100
2019-11-04,8.335895538330078,15.960000038146973,16.059999465942383,15.920000076293945,15.979999542236328,536000
2019-11-05,8.325450897216797,15.9399995803833,16.350000381469727,15.899999618530273,16.079999923706055,366600
2019-11-06,8.701504707336426,16.65999984741211,16.719999313354492,16.030000686645508,16.219999313354492,1622100
2019-11-07,8.529146194458008,16.329999923706055,16.690000534057617,16.290000915527344,16.690000534057617,630800
2019-11-08,8.544815063476562,16.360000610351562,16.530000686645508,16.280000686645508,16.280000686645508,354400
2019-11-11,8.534369468688965,16.34000015258789,16.510000228881836,16.280000686645508,16.360000610351562,440800
2019-11-12,8.576152801513672,16.420000076293945,16.43000030517578,16.290000915527344,16.34000015258789,413900
2019-11-13,8.529146194458008,16.329999923706055,16.520000457763672,16.260000228881836,16.389999389648438,407000
2019-11-14,8.576152801513672,16.420000076293945,16.489999771118164,16.34000015258789,16.399999618530273,443800
2019-11-15,8.570930480957031,16.40999984741211,16.549999237060547,16.399999618530273,16.5,408100
2019-11-18,8.586600303649902,16.440000534057617,16.520000457763672,16.389999389648438,16.440000534057617,288100
2019-11-19,8.59704303741455,16.459999084472656,16.549999237060547,16.450000762939453,16.5,371600
2019-11-20,8.659724235534668,16.579999923706055,16.600000381469727,16.459999084472656,16.469999313354492,505500
2019-11-21,8.591821670532227,16.450000762939453,16.600000381469727,16.270000457763672,16.56999969482422,505400
2019-11-22,8.544815063476562,16.360000610351562,16.5,16.260000228881836,16.489999771118164,389200
2019-11-25,8.649276733398438,16.559999465942383,16.579999923706055,16.389999389648438,16.389999389648438,369800
2019-11-26,8.659724235534668,16.579999923706055,16.610000610351562,16.530000686645508,16.549999237060547,311000
2019-11-27,8.785073280334473,16.81999969482422,16.81999969482422,16.540000915527344,16.600000381469727,467700
2019-11-29,8.816410064697266,16.8799991607666,16.899999618530273,16.790000915527344,16.829999923706055,255600
2019-12-02,8.785073280334473,16.81999969482422,16.950000762939453,16.780000686645508,16.950000762939453,410000
2019-12-03,8.785073280334473,16.81999969482422,16.84000015258789,16.6299991607666,16.75,390600
2019-12-04,8.873863220214844,16.989999771118164,17.040000915527344,16.81999969482422,16.81999969482422,424600
2019-12-05,8.842527389526367,16.93000030517578,17.040000915527344,16.8700008392334,17.0,444800
2019-12-06,8.941762924194336,17.1200008392334,17.149999618530273,16.989999771118164,17.030000686645508,703600
2019-12-09,8.973101615905762,17.18000030517578,17.219999313354492,17.15999984741211,17.190000534057617,610000
2019-12-10,8.967877388000488,17.170000076293945,17.229999542236328,17.139999389648438,17.15999984741211,762300
2019-12-11,8.962656021118164,17.15999984741211,17.209999084472656,17.049999237060547,17.200000762939453,395700
2019-12-12,9.051444053649902,17.329999923706055,17.420000076293945,17.209999084472656,17.239999771118164,443000
2019-12-13,9.161128997802734,17.540000915527344,17.559999465942383,17.350000381469727,17.399999618530273,439000
2019-12-16,9.354381561279297,17.90999984741211,18.0,17.600000381469727,17.6200008392334,1040100
2019-12-17,9.495400428771973,18.18000030517578,18.329999923706055,17.90999984741211,17.90999984741211,1284500
2019-12-18,9.453617095947266,18.100000381469727,18.260000228881836,18.06999969482422,18.209999084472656,861200
2019-12-19,9.437548637390137,17.6200008392334,17.760000228881836,17.489999771118164,17.579999923706055,832200
2019-12-20,9.405409812927246,17.559999465942383,17.690000534057617,17.5,17.639999389648438,1210700
2019-12-23,9.416123390197754,17.579999923706055,17.600000381469727,17.489999771118164,17.559999465942383,414800
2019-12-24,9.437548637390137,17.6200008392334,17.6299991607666,17.549999237060547,17.59000015258789,206300
2019-12-26,9.421481132507324,17.59000015258789,17.6299991607666,17.469999313354492,17.6200008392334,361000
2019-12-27,9.383987426757812,17.520000457763672,17.600000381469727,17.489999771118164,17.56999969482422,358200
2019-12-30,9.373272895812988,17.5,17.56999969482422,17.399999618530273,17.520000457763672,531100
2019-12-31,9.351847648620605,17.459999084472656,17.540000915527344,17.440000534057617,17.469999313354492,429400
2020-01-02,9.442903518676758,17.6299991607666,17.68000030517578,17.450000762939453,17.479999542236328,441500
2020-01-03,9.421481132507324,17.59000015258789,17.739999771118164,17.510000228881836,17.68000030517578,511000
2020-01-06,9.400054931640625,17.549999237060547,17.6200008392334,17.510000228881836,17.600000381469727,512700
2020-01-07,9.400054931640625,17.549999237060547,17.68000030517578,17.549999237060547,17.549999237060547,477600
2020-01-08,9.367916107177734,17.489999771118164,17.610000610351562,17.459999084472656,17.559999465942383,514100
2020-01-09,9.367916107177734,17.489999771118164,17.579999923706055,17.40999984741211,17.5,529500
2020-01-10,9.3464937210083,17.450000762939453,17.56999969482422,17.450000762939453,17.510000228881836,323900
2020-01-13,9.405409812927246,17.559999465942383,17.639999389648438,17.450000762939453,17.450000762939453,558200
2020-01-14,9.432191848754883,17.610000610351562,17.700000762939453,17.56999969482422,17.610000610351562,641200
2020-01-15,9.437548637390137,17.6200008392334,17.65999984741211,17.559999465942383,17.559999465942383,490400
2020-01-16,9.416123390197754,17.579999923706055,17.65999984741211,17.530000686645508,17.639999389648438,543300
2020-01-17,9.400054931640625,17.549999237060547,17.639999389648438,17.510000228881836,17.600000381469727,454500
2020-01-21,9.367916107177734,17.489999771118164,17.559999465942383,17.469999313354492,17.549999237060547,581000
2020-01-22,9.437548637390137,17.6200008392334,17.690000534057617,17.5,17.5,457600
2020-01-23,9.45361614227295,17.649999618530273,17.700000762939453,17.549999237060547,17.6200008392334,252400
2020-01-24,9.4107666015625,17.56999969482422,17.68000030517578,17.5,17.68000030517578,267300
2020-01-27,9.29293155670166,17.350000381469727,17.649999618530273,17.34000015258789,17.510000228881836,433700
2020-01-28,9.400054931640625,17.549999237060547,17.6200008392334,17.3799991607666,17.440000534057617,318500
2020-01-29,9.405409812927246,17.559999465942383,17.6299991607666,17.549999237060547,17.549999237060547,345000
2020-01-30,9.400054931640625,17.549999237060547,17.639999389648438,17.5,17.549999237060547,554000
2020-01-31,9.250082015991211,17.270000457763672,17.579999923706055,17.260000228881836,17.520000457763672,493200
2020-02-03,9.314356803894043,17.389999389648438,17.43000030517578,16.75,17.239999771118164,729000
2020-02-04,9.32507038116455,17.40999984741211,17.540000915527344,17.309999465942383,17.489999771118164,431400
2020-02-05,9.287574768066406,17.34000015258789,17.68000030517578,17.219999313354492,17.59000015258789,744000
2020-02-06,9.169740676879883,17.1200008392334,17.239999771118164,16.920000076293945,17.229999542236328,889600
2020-02-07,9.1268892288208,17.040000915527344,17.15999984741211,16.950000762939453,17.059999465942383,782100
2020-02-10,9.1268892288208,17.040000915527344,17.049999237060547,16.959999084472656,17.030000686645508,427200
2020-02-11,9.137601852416992,17.059999465942383,17.100000381469727,17.0,17.040000915527344,418800
2020-02-12,9.10546588897705,17.0,17.149999618530273,17.0,17.1299991607666,396500
2020-02-13,9.234014511108398,17.239999771118164,17.239999771118164,16.989999771118164,17.020000457763672,477100
2020-02-14,9.19116497039795,17.15999984741211,17.270000457763672,17.06999969482422,17.25,428600
2020-02-18,9.244726181030273,17.260000228881836,17.290000915527344,17.110000610351562,17.110000610351562,455200
2020-02-19,9.078686714172363,16.950000762939453,17.260000228881836,16.899999618530273,17.25,999800
2020-02-20,9.22330093383789,17.219999313354492,17.309999465942383,16.989999771118164,17.0,533400
2020-02-21,9.201878547668457,17.18000030517578,17.270000457763672,17.06999969482422,17.190000534057617,349200
2020-02-24,9.084041595458984,16.959999084472656,17.110000610351562,16.84000015258789,16.899999618530273,710800
2020-02-25,8.725179672241211,16.290000915527344,17.100000381469727,16.110000610351562,17.0,1080800
2020-02-26,8.78409481048584,16.399999618530273,16.670000076293945,16.149999618530273,16.260000228881836,643800
2020-02-27,8.382386207580566,15.649999618530273,16.299999237060547,15.649999618530273,15.979999542236328,1232800
2020-02-28,8.162781715393066,15.239999771118164,15.489999771118164,15.029999732971191,15.350000381469727,1923400
2020-03-02,8.462727546691895,15.800000190734863,15.8100004196167,15.130000114440918,15.210000038146973,1207200
2020-03-03,8.403810501098633,15.6899995803833,16.1200008392334,15.510000228881836,15.949999809265137,1180900
2020-03-04,8.559138298034668,15.979999542236328,16.139999389648438,15.640000343322754,15.960000038146973,657600
2020-03-05,8.393097877502441,15.670000076293945,15.90999984741211,15.59000015258789,15.699999809265137,542100
2020-03-06,8.216341972351074,15.34000015258789,15.479999542236328,15.029999732971191,15.449999809265137,1459900
2020-03-09,7.000494480133057,13.069999694824219,14.5600004196167,13.069999694824219,14.529999732971191,2332800
2020-03-10,7.241523265838623,13.520000457763672,13.789999961853027,13.0,13.520000457763672,846700
2020-03-11,6.743400573730469,12.59000015258789,13.229999542236328,12.359999656677246,13.119999885559082,1779600
2020-03-12,5.7846503257751465,10.800000190734863,11.390000343322754,10.520000457763672,11.390000343322754,2338100
2020-03-13,5.993538856506348,11.1899995803833,11.850000381469727,10.579999923706055,11.569999694824219,1911300
2020-03-16,5.361513614654541,10.010000228881836,10.680000305175781,9.260000228881836,9.960000038146973,1569400
2020-03-17,5.415072917938232,10.109999656677246,10.600000381469727,9.770000457763672,10.109999656677246,2161300
2020-03-18,4.86338996887207,9.079999923706055,9.789999961853027,8.770000457763672,9.600000381469727,1862100
2020-03-19,4.384377956390381,7.78000020980835,8.619999885559082,5.199999809265137,8.460000038146973,2568600
2020-03-20,4.3674702644348145,7.75,8.649999618530273,7.610000133514404,7.840000152587891,1177400
2020-03-23,3.5052480697631836,6.21999979019165,7.679999828338623,6.019999980926514,7.659999847412109,1310800
2020-03-24,3.6630399227142334,6.5,7.28000020980835,6.440000057220459,6.440000057220459,1325200
2020-03-25,4.305481433868408,7.639999866485596,8.869999885559082,6.650000095367432,6.659999847412109,1801700
2020-03-26,4.902838230133057,8.699999809265137,9.300000190734863,7.710000038146973,7.710000038146973,1609200
2020-03-27,4.37874174118042,7.769999980926514,8.390000343322754,7.760000228881836,8.34000015258789,1344100
2020-03-30,4.06879186630249,7.21999979019165,7.800000190734863,7.179999828338623,7.769999980926514,941700
2020-03-31,3.8039262294769287,6.75,7.25,6.53000020980835,7.150000095367432,1333500
2020-04-01,3.3869035243988037,6.010000228881836,6.579999923706055,6.0,6.570000171661377,981300
2020-04-02,3.4038093090057373,6.039999961853027,6.329999923706055,5.610000133514404,5.980000019073486,1076600
2020-04-03,3.060047149658203,5.429999828338623,6.03000020980835,5.25,6.0,1055600
2020-04-06,3.3756320476531982,5.989999771118164,6.480000019073486,5.820000171661377,5.920000076293945,1316700
2020-04-07,3.6179566383361816,6.420000076293945,6.96999979019165,6.269999980926514,6.429999828338623,1520300
2020-04-08,4.142053127288818,7.349999904632568,7.570000171661377,6.460000038146973,6.619999885559082,1317100
2020-04-09,5.398756980895996,9.579999923706055,9.899999618530273,7.730000019073486,7.730000019073486,3489400
2020-04-13,4.936651229858398,8.760000228881836,9.770000457763672,8.0600004196167,9.539999961853027,2391000
2020-04-14,4.874660968780518,8.649999618530273,9.0,8.40999984741211,8.9399995803833,939100
2020-04-15,4.559075832366943,8.09000015258789,8.319999694824219,7.840000152587891,8.300000190734863,1018300
2020-04-16,4.333658218383789,7.690000057220459,8.0600004196167,7.480000019073486,7.989999771118164,991300
2020-04-17,4.440731048583984,7.880000114440918,8.25,7.71999979019165,8.170000076293945,823900
2020-04-20,4.254762649536133,7.550000190734863,7.920000076293945,7.340000152587891,7.679999828338623,717500
2020-04-21,4.15895938873291,7.380000114440918,7.579999923706055,7.199999809265137,7.300000190734863,417700
2020-04-22,4.119511604309082,7.309999942779541,7.639999866485596,7.150000095367432,7.550000190734863,517200
2020-04-23,4.220948696136475,7.489999771118164,7.590000152587891,7.25,7.400000095367432,490000
2020-04-24,4.54217004776001,8.0600004196167,8.100000381469727,7.400000095367432,7.480000019073486,464600
2020-04-27,4.908473968505859,8.710000038146973,8.800000190734863,8.1899995803833,8.199999809265137,847400
2020-04-28,4.705597400665283,8.350000381469727,9.210000038146973,8.329999923706055,8.899999618530273,984200
2020-04-29,5.139527797698975,9.119999885559082,9.1899995803833,8.520000457763672,8.529999732971191,667000
2020-04-30,4.9648284912109375,8.8100004196167,9.039999961853027,8.569999694824219,9.039999961853027,438100
2020-05-01,4.8183064460754395,8.550000190734863,8.640000343322754,8.359999656677246,8.630000114440918,357900
2020-05-04,4.564712047576904,8.100000381469727,8.479999542236328,7.789999961853027,8.479999542236328,722800
2020-05-05,4.485815048217773,7.960000038146973,8.479999542236328,7.849999904632568,8.199999809265137,705200
2020-05-06,4.6774210929870605,8.300000190734863,8.390000343322754,7.869999885559082,7.929999828338623,509700
2020-05-07,4.812671661376953,8.539999961853027,8.760000228881836,8.359999656677246,8.4399995803833,595500
2020-05-08,4.947920799255371,8.779999732971191,8.869999885559082,8.619999885559082,8.739999771118164,325900
2020-05-11,4.863389492034912,8.630000114440918,8.800000190734863,8.460000038146973,8.75,284800
2020-05-12,4.666149139404297,8.279999732971191,8.710000038146973,8.239999771118164,8.619999885559082,305300
2020-05-13,4.513993263244629,8.010000228881836,8.460000038146973,7.71999979019165,8.260000228881836,548700
2020-05-14,4.592887878417969,8.149999618530273,8.220000267028809,7.449999809265137,7.789999961853027,451200
2020-05-15,4.621066093444824,8.199999809265137,8.380000114440918,7.989999771118164,8.130000114440918,297900
2020-05-18,4.981734752655029,8.84000015258789,8.989999771118164,8.279999732971191,8.600000381469727,1475400
2020-05-19,4.936651229858398,8.760000228881836,8.989999771118164,8.630000114440918,8.949999809265137,516300
2020-05-20,5.150798797607422,9.140000343322754,9.180000305175781,8.84000015258789,8.84000015258789,657200
2020-05-21,5.612904071807861,9.960000038146973,10.539999961853027,9.75,9.75,1935800
2020-05-22,5.336767673492432,9.470000267028809,9.890000343322754,9.260000228881836,9.640000343322754,1374500
2020-05-26,5.595998287200928,9.930000305175781,10.069999694824219,9.739999771118164,9.84000015258789,1030300
2020-05-27,5.810144424438477,10.3100004196167,10.390000343322754,9.970000267028809,10.359999656677246,874200
2020-05-28,5.6805291175842285,10.079999923706055,10.5,10.039999961853027,10.5,1161800
2020-05-29,5.69180154800415,10.100000381469727,10.15999984741211,9.739999771118164,10.0,690500
2020-06-01,5.849592685699463,10.380000114440918,10.489999771118164,10.149999618530273,10.15999984741211,468200
2020-06-02,5.866500377655029,10.40999984741211,10.579999923706055,10.210000038146973,10.569999694824219,646800
2020-06-03,6.0862812995910645,10.800000190734863,10.880000114440918,10.5,10.5,832800
2020-06-04,6.170814037322998,10.949999809265137,11.0600004196167,10.65999984741211,10.829999923706055,668500
2020-06-05,6.424407005310059,11.399999618530273,11.9399995803833,11.300000190734863,11.5,903900
2020-06-08,6.700545310974121,11.890000343322754,11.9399995803833,11.6899995803833,11.850000381469727,828300
2020-06-09,6.593472003936768,11.699999809265137,11.880000114440918,11.34000015258789,11.880000114440918,630000
2020-06-10,6.306063175201416,11.1899995803833,11.6899995803833,10.880000114440918,11.649999618530273,804000
2020-06-11,5.742520332336426,10.1899995803833,10.899999618530273,10.050000190734863,10.890000343322754,1205800
2020-06-12,6.103188991546631,10.829999923706055,11.0600004196167,10.449999809265137,10.8100004196167,748100
2020-06-15,6.255346775054932,11.100000381469727,11.319999694824219,10.369999885559082,10.619999885559082,865900
2020-06-16,6.424407005310059,11.399999618530273,11.859999656677246,11.1899995803833,11.760000228881836,1170700
2020-06-17,6.148656845092773,10.479999542236328,10.989999771118164,10.329999923706055,10.8100004196167,847800
2020-06-18,6.025450706481934,10.270000457763672,10.619999885559082,10.109999656677246,10.1899995803833,711900
2020-06-19,5.925710678100586,10.100000381469727,10.420000076293945,9.90999984741211,10.420000076293945,1216900
2020-06-22,5.743832111358643,9.789999961853027,9.9399995803833,9.619999885559082,9.9399995803833,592800
2020-06-23,5.73209810256958,9.770000457763672,9.949999809265137,9.729999542236328,9.9399995803833,390500
2020-06-24,5.567821502685547,9.489999771118164,9.6899995803833,9.020000457763672,9.640000343322754,751500
2020-06-25,5.626490592956543,9.59000015258789,9.720000267028809,9.300000190734863,9.329999923706055,470200
2020-06-26,5.4446120262146,9.279999732971191,9.59000015258789,9.140000343322754,9.529999732971191,335000
2020-06-29,5.544352054595947,9.449999809265137,9.609999656677246,9.239999771118164,9.420000076293945,375900
2020-06-30,5.614756107330322,9.569999694824219,9.670000076293945,9.350000381469727,9.350000381469727,372800
2020-07-01,5.532618522644043,9.430000305175781,9.729999542236328,9.34000015258789,9.529999732971191,408000
2020-07-02,5.585422515869141,9.520000457763672,9.920000076293945,9.5,9.59000015258789,430900
2020-07-06,5.655826568603516,9.640000343322754,9.90999984741211,9.520000457763672,9.800000190734863,440600
2020-07-07,5.39767599105835,9.199999809265137,9.59000015258789,9.119999885559082,9.539999961853027,517700
2020-07-08,5.497415542602539,9.369999885559082,9.420000076293945,9.180000305175781,9.390000343322754,407200
2020-07-09,5.297935485839844,9.029999732971191,9.380000114440918,9.029999732971191,9.3100004196167,629000
2020-07-10,5.39767599105835,9.199999809265137,9.210000038146973,9.010000228881836,9.079999923706055,439400
2020-07-13,5.39767599105835,9.199999809265137,9.390000343322754,9.119999885559082,9.329999923706055,430500
2020-07-14,5.462213039398193,9.3100004196167,9.350000381469727,9.109999656677246,9.130000114440918,344400
2020-07-15,5.626490592956543,9.59000015258789,9.600000381469727,9.399999618530273,9.399999618530273,305300
2020-07-16,5.655826568603516,9.640000343322754,9.789999961853027,9.510000228881836,9.569999694824219,488900
2020-07-17,5.603023529052734,9.550000190734863,9.699999809265137,9.479999542236328,9.619999885559082,255100
2020-07-20,5.497415542602539,9.369999885559082,9.510000228881836,9.279999732971191,9.460000038146973,284800
2020-07-21,5.603023529052734,9.550000190734863,9.579999923706055,9.359999656677246,9.399999618530273,283800
2020-07-22,5.66756010055542,9.65999984741211,9.680000305175781,9.449999809265137,9.460000038146973,602700
2020-07-23,5.702762603759766,9.720000267028809,9.770000457763672,9.579999923706055,9.619999885559082,262200
2020-07-24,5.608889102935791,9.5600004196167,9.8100004196167,9.520000457763672,9.75,318000
2020-07-27,5.52675199508667,9.420000076293945,9.5600004196167,9.319999694824219,9.550000190734863,302400
2020-07-28,5.597156047821045,9.539999961853027,9.670000076293945,9.369999885559082,9.40999984741211,406700
2020-07-29,5.696894645690918,9.710000038146973,9.779999732971191,9.449999809265137,9.5600004196167,462700
2020-07-30,5.5502190589904785,9.460000038146973,9.510000228881836,9.25,9.5,635100
2020-07-31,5.556086540222168,9.470000267028809,9.640000343322754,9.3100004196167,9.4399995803833,393900
2020-08-03,5.573688507080078,9.5,9.640000343322754,9.369999885559082,9.460000038146973,456400
2020-08-04,5.649960041046143,9.630000114440918,9.710000038146973,9.430000305175781,9.539999961853027,400300
2020-08-05,5.796635627746582,9.880000114440918,9.880000114440918,9.699999809265137,9.829999923706055,413200
2020-08-06,5.720363140106201,9.75,9.930000305175781,9.710000038146973,9.819999694824219,325700
2020-08-07,5.644093036651611,9.619999885559082,9.640000343322754,8.859999656677246,9.460000038146973,1283200
2020-08-10,5.820102691650391,9.920000076293945,10.010000228881836,9.5600004196167,9.649999618530273,644200
2020-08-11,5.790768623352051,9.869999885559082,10.399999618530273,9.84000015258789,10.0600004196167,501300
2020-08-12,5.749699115753174,9.800000190734863,10.069999694824219,9.720000267028809,10.0,317400
2020-08-13,5.691028594970703,9.699999809265137,9.9399995803833,9.680000305175781,9.75,252500
2020-08-14,5.7379655838012695,9.779999732971191,9.880000114440918,9.579999923706055,9.619999885559082,231400
2020-08-17,5.632358551025391,9.600000381469727,9.75,9.449999809265137,9.75,436700
2020-08-18,5.4739484786987305,9.329999923706055,9.640000343322754,9.3100004196167,9.640000343322754,511200
2020-08-19,5.4094109535217285,9.220000267028809,9.390000343322754,9.199999809265137,9.300000190734863,319600
2020-08-20,5.385942459106445,9.180000305175781,9.25,9.109999656677246,9.149999618530273,305700
2020-08-21,5.292069911956787,9.020000457763672,9.180000305175781,8.970000267028809,9.140000343322754,590100
2020-08-24,5.515016555786133,9.399999618530273,9.40999984741211,9.020000457763672,9.050000190734863,569700
2020-08-25,5.438745975494385,9.270000457763672,9.449999809265137,9.170000076293945,9.430000305175781,320400
2020-08-26,5.292069911956787,9.020000457763672,9.270000457763672,8.949999809265137,9.239999771118164,475800
2020-08-27,5.327272415161133,9.079999923706055,9.1899995803833,8.970000267028809,8.970000267028809,464100
2020-08-28,5.385942459106445,9.180000305175781,9.199999809265137,9.010000228881836,9.15999984741211,462900
2020-08-31,5.315537452697754,9.0600004196167,9.1899995803833,9.020000457763672,9.119999885559082,226600
2020-09-01,5.309670448303223,9.050000190734863,9.050000190734863,8.949999809265137,9.029999732971191,452800
2020-09-02,5.327272415161133,9.079999923706055,9.130000114440918,8.869999885559082,9.0600004196167,467300
2020-09-03,5.233399391174316,8.920000076293945,9.260000228881836,8.899999618530273,9.079999923706055,348700
2020-09-04,5.204065322875977,8.869999885559082,9.079999923706055,8.720000267028809,8.9399995803833,431600
2020-09-08,5.186463832855225,8.84000015258789,8.920000076293945,8.630000114440918,8.800000190734863,435100
2020-09-09,5.215799331665039,8.890000343322754,8.960000038146973,8.819999694824219,8.899999618530273,349600
2020-09-10,5.262734413146973,8.970000267028809,9.069999694824219,8.90999984741211,8.949999809265137,302300
2020-09-11,5.3624749183654785,9.140000343322754,9.170000076293945,9.020000457763672,9.050000190734863,255300
2020-09-14,5.432877540588379,9.260000228881836,9.350000381469727,9.109999656677246,9.109999656677246,388500
2020-09-15,5.497415542602539,9.369999885559082,9.4399995803833,9.300000190734863,9.350000381469727,453900
2020-09-16,5.52675199508667,9.420000076293945,9.710000038146973,9.380000114440918,9.399999618530273,648300
2020-09-17,5.509150505065918,9.390000343322754,9.479999542236328,9.350000381469727,9.449999809265137,516600
2020-09-18,5.4237380027771,8.890000343322754,9.100000381469727,8.850000381469727,9.079999923706055,988600
2020-09-21,5.320021152496338,8.720000267028809,8.770000457763672,8.619999885559082,8.710000038146973,545000
2020-09-22,5.259012222290039,8.619999885559082,8.819999694824219,8.539999961853027,8.720000267028809,499900
2020-09-23,5.045478820800781,8.270000457763672,8.6899995803833,8.25,8.59000015258789,513700
2020-09-24,4.886854648590088,8.010000228881836,8.289999961853027,7.980000019073486,8.239999771118164,669400
2020-09-25,4.996671199798584,8.1899995803833,8.229999542236328,7.949999809265137,7.980000019073486,477900
2020-09-28,5.216304779052734,8.550000190734863,8.65999984741211,8.289999961853027,8.329999923706055,607100
2020-09-29,5.045478820800781,8.270000457763672,8.520000457763672,8.25,8.510000228881836,394300
2020-09-30,5.045478820800781,8.270000457763672,8.430000305175781,8.260000228881836,8.319999694824219,402800
2020-10-01,5.106488227844238,8.369999885559082,8.399999618530273,8.220000267028809,8.3100004196167,318900
2020-10-02,5.259012222290039,8.619999885559082,8.649999618530273,8.210000038146973,8.210000038146973,355000
2020-10-05,5.356626987457275,8.779999732971191,8.890000343322754,8.609999656677246,8.649999618530273,375400
2020-10-06,5.252910614013672,8.609999656677246,8.869999885559082,8.569999694824219,8.819999694824219,280500
2020-10-07,5.228506565093994,8.569999694824219,8.829999923706055,8.510000228881836,8.760000228881836,453200
2020-10-08,5.3261213302612305,8.729999542236328,8.729999542236328,8.569999694824219,8.579999923706055,417700
2020-10-09,5.149194717407227,8.4399995803833,8.75,8.420000076293945,8.75,333600
2020-10-12,5.075982093811035,8.319999694824219,8.449999809265137,8.289999961853027,8.4399995803833,347400
2020-10-13,5.002771377563477,8.199999809265137,8.329999923706055,8.140000343322754,8.3100004196167,254400
2020-10-14,5.021074295043945,8.229999542236328,8.420000076293945,8.149999618530273,8.170000076293945,194200
2020-10-15,5.082083702087402,8.329999923706055,8.350000381469727,8.119999885559082,8.149999618530273,175000
2020-10-16,5.082083702087402,8.329999923706055,8.369999885559082,8.199999809265137,8.300000190734863,266600
2020-10-19,4.9600653648376465,8.130000114440918,8.319999694824219,8.119999885559082,8.319999694824219,228300
2020-10-20,4.990570545196533,8.180000305175781,8.279999732971191,8.130000114440918,8.130000114440918,184100
2020-10-21,4.978368282318115,8.15999984741211,8.25,8.050000190734863,8.140000343322754,283700
2020-10-22,5.002771377563477,8.199999809265137,8.25,8.069999694824219,8.119999885559082,182500
2020-10-23,5.075982093811035,8.319999694824219,8.350000381469727,8.210000038146973,8.289999961853027,244900
2020-10-26,4.941763401031494,8.100000381469727,8.399999618530273,8.020000457763672,8.239999771118164,358000
2020-10-27,4.874652862548828,7.989999771118164,8.149999618530273,7.980000019073486,8.109999656677246,346500
2020-10-28,4.606212139129639,7.550000190734863,7.96999979019165,7.550000190734863,7.909999847412109,557800
2020-10-29,4.636715412139893,7.599999904632568,7.730000019073486,7.400000095367432,7.53000020980835,354800
2020-10-30,4.618412971496582,7.570000171661377,7.599999904632568,7.329999923706055,7.519999980926514,471500
2020-11-02,4.709926605224609,7.71999979019165,7.849999904632568,7.619999885559082,7.639999866485596,358900
2020-11-03,4.758734703063965,7.800000190734863,7.860000133514404,7.659999847412109,7.800000190734863,601600
2020-11-04,4.850247859954834,7.949999809265137,7.96999979019165,7.53000020980835,7.590000152587891,421300
2020-11-05,5.027176380157471,8.239999771118164,8.319999694824219,7.929999828338623,7.989999771118164,527700
2020-11-06,5.228506565093994,8.569999694824219,8.699999809265137,8.3100004196167,8.399999618530273,655600
2020-11-09,5.576260566711426,9.140000343322754,9.260000228881836,8.65999984741211,8.989999771118164,1090500
2020-11-10,5.844701766967773,9.579999923706055,9.600000381469727,9.210000038146973,9.220000267028809,925700
2020-11-11,5.924014091491699,9.710000038146973,9.800000190734863,9.569999694824219,9.680000305175781,524700
2020-11-12,5.869105815887451,9.619999885559082,9.819999694824219,9.510000228881836,9.649999618530273,337700
2020-11-13,6.076538562774658,9.960000038146973,10.0,9.649999618530273,9.649999618530273,611400
2020-11-16,6.33277702331543,10.380000114440918,10.420000076293945,9.989999771118164,10.0,662000
2020-11-17,6.290071487426758,10.3100004196167,10.4399995803833,9.989999771118164,10.15999984741211,480700
2020-11-18,6.344979763031006,10.399999618530273,10.770000457763672,10.300000190734863,10.3100004196167,462200
2020-11-19,6.564612865447998,10.760000228881836,10.8100004196167,10.5,10.539999961853027,459000
2020-11-20,6.4547953605651855,10.579999923706055,10.8100004196167,10.40999984741211,10.8100004196167,449900
2020-11-23,6.625622272491455,10.859999656677246,11.039999961853027,10.59000015258789,10.59000015258789,411200
2020-11-24,6.790347099304199,11.130000114440918,11.260000228881836,10.8100004196167,10.899999618530273,546300
2020-11-25,6.765944480895996,11.09000015258789,11.149999618530273,10.960000038146973,11.039999961853027,259300
2020-11-27,6.778144836425781,11.109999656677246,11.25,11.010000228881836,11.109999656677246,229700
2020-11-30,6.619521617889404,10.850000381469727,11.109999656677246,10.800000190734863,11.100000381469727,402700
2020-12-01,6.71103572845459,11.0,11.239999771118164,10.970000267028809,11.039999961853027,409100
2020-12-02,6.796449184417725,11.140000343322754,11.210000038146973,10.859999656677246,11.0,404400
2020-12-03,6.875760078430176,11.270000457763672,11.40999984741211,11.109999656677246,11.180000305175781,473200
2020-12-04,7.052689075469971,11.5600004196167,11.59000015258789,11.25,11.289999961853027,585900
2020-12-07,6.991679668426514,11.460000038146973,11.600000381469727,11.210000038146973,11.539999961853027,450500
2020-12-08,6.93066930770874,11.359999656677246,11.520000457763672,11.289999961853027,11.399999618530273,343400
2020-12-09,6.857459545135498,11.239999771118164,11.4399995803833,11.050000190734863,11.390000343322754,476300
2020-12-10,6.845256328582764,11.220000267028809,11.239999771118164,10.960000038146973,11.140000343322754,369200
2020-12-11,6.875760078430176,11.270000457763672,11.279999732971191,11.020000457763672,11.220000267028809,234700
2020-12-14,6.857459545135498,11.239999771118164,11.569999694824219,11.229999542236328,11.390000343322754,480400
2020-12-15,6.961174011230469,11.40999984741211,11.529999732971191,11.239999771118164,11.34000015258789,394900
2020-12-16,7.083193302154541,11.609999656677246,11.699999809265137,11.5,11.5,494200
2020-12-17,7.3089280128479,11.979999542236328,11.979999542236328,11.5,11.619999885559082,916900
2020-12-18,6.900081634521484,10.970000267028809,11.680000305175781,10.90999984741211,11.550000190734863,1348800
2020-12-21,6.812021255493164,10.829999923706055,10.970000267028809,10.670000076293945,10.760000228881836,933100
2020-12-22,6.673641204833984,10.609999656677246,10.869999885559082,10.539999961853027,10.789999961853027,492700
2020-12-23,6.799440860748291,10.8100004196167,11.0,10.739999771118164,10.760000228881836,584000
2020-12-24,6.761702537536621,10.75,10.850000381469727,10.609999656677246,10.779999732971191,221300
2020-12-28,6.667353630065918,10.600000381469727,10.9399995803833,10.550000190734863,10.789999961853027,699000
2020-12-29,6.692511081695557,10.640000343322754,10.670000076293945,10.399999618530273,10.59000015258789,503600
2020-12-30,6.661062240600586,10.59000015258789,10.779999732971191,10.529999732971191,10.649999618530273,545400
2020-12-31,6.68622350692749,10.630000114440918,10.649999618530273,10.460000038146973,10.539999961853027,523200
2021-01-04,6.642192840576172,10.5600004196167,10.739999771118164,10.399999618530273,10.640000343322754,407900
2021-01-05,6.767993450164795,10.760000228881836,11.010000228881836,10.59000015258789,10.59000015258789,841300
2021-01-06,6.862342834472656,10.90999984741211,11.149999618530273,10.6899995803833,10.890000343322754,752200
2021-01-07,7.007011413574219,11.140000343322754,11.3100004196167,10.949999809265137,11.09000015258789,816700
2021-01-08,7.359249114990234,11.699999809265137,11.760000228881836,11.1899995803833,11.3100004196167,879900
2021-01-11,7.227158546447754,11.489999771118164,11.680000305175781,11.380000114440918,11.600000381469727,818500
2021-01-12,7.42214822769165,11.800000190734863,11.819999694824219,11.470000267028809,11.619999885559082,516000
2021-01-13,7.466176986694336,11.869999885559082,11.890000343322754,11.760000228881836,11.829999923706055,464000
2021-01-14,7.573106288909912,12.039999961853027,12.119999885559082,11.850000381469727,11.899999618530273,667000
2021-01-15,7.648585796356201,12.15999984741211,12.25,11.920000076293945,11.949999809265137,444100
2021-01-19,7.598264694213867,12.079999923706055,12.390000343322754,11.90999984741211,12.390000343322754,573000
2021-01-20,7.591975212097168,12.069999694824219,12.229999542236328,12.010000228881836,12.079999923706055,342300
2021-01-21,7.736644744873047,12.300000190734863,12.390000343322754,12.149999618530273,12.220000267028809,330800
2021-01-22,7.742933750152588,12.3100004196167,12.350000381469727,12.069999694824219,12.149999618530273,361400
2021-01-25,7.736644744873047,12.300000190734863,12.390000343322754,12.130000114440918,12.25,348800
2021-01-26,7.799544811248779,12.399999618530273,12.5,12.300000190734863,12.380000114440918,353200
2021-01-27,7.736644744873047,12.300000190734863,12.479999542236328,12.229999542236328,12.300000190734863,265200
2021-01-28,7.680035591125488,12.210000038146973,12.4399995803833,12.079999923706055,12.369999885559082,562400
2021-01-29,7.6171345710754395,12.109999656677246,12.449999809265137,11.869999885559082,12.149999618530273,660700
2021-02-01,7.711485385894775,12.260000228881836,12.300000190734863,11.970000267028809,12.170000076293945,298300
2021-02-02,7.9882426261901855,12.699999809265137,12.920000076293945,12.279999732971191,12.420000076293945,648400
2021-02-03,8.032273292541504,12.770000457763672,12.930000305175781,12.420000076293945,12.739999771118164,349300
2021-02-04,8.183231353759766,13.010000228881836,13.239999771118164,12.739999771118164,12.800000190734863,434600
2021-02-05,8.522890090942383,13.550000190734863,13.859999656677246,13.0,13.0,981400
2021-02-08,8.447410583496094,13.430000305175781,13.779999732971191,13.289999961853027,13.75,507300
2021-02-09,8.397089958190918,13.350000381469727,13.4399995803833,13.239999771118164,13.329999923706055,379800
2021-02-10,8.592079162597656,13.65999984741211,13.859999656677246,13.420000076293945,13.5,401500
2021-02-11,8.604659080505371,13.680000305175781,13.989999771118164,13.550000190734863,13.550000190734863,423300
2021-02-12,8.73045825958252,13.880000114440918,13.960000038146973,13.680000305175781,13.680000305175781,227700
2021-02-16,8.799646377563477,13.989999771118164,14.25,13.720000267028809,13.949999809265137,482500
2021-02-17,8.787068367004395,13.970000267028809,14.130000114440918,13.850000381469727,14.0,231300
2021-02-18,8.66126823425293,13.770000457763672,14.010000228881836,13.729999542236328,13.949999809265137,327200
2021-02-19,8.868837356567383,14.100000381469727,14.130000114440918,13.800000190734863,13.800000190734863,374400
2021-02-22,8.736746788024902,13.890000343322754,14.180000305175781,13.84000015258789,14.100000381469727,362600
2021-02-23,8.648690223693848,13.75,13.850000381469727,13.399999618530273,13.829999923706055,505900
2021-02-24,8.761908531188965,13.930000305175781,14.029999732971191,13.720000267028809,13.75,258300
2021-02-25,8.6298189163208,13.720000267028809,14.09000015258789,13.65999984741211,14.0600004196167,272300
2021-02-26,8.699007987976074,13.829999923706055,13.989999771118164,13.600000381469727,13.600000381469727,269100
2021-03-01,8.849967956542969,14.069999694824219,14.3100004196167,13.90999984741211,13.90999984741211,423500
2021-03-02,8.950605392456055,14.229999542236328,14.359999656677246,14.0600004196167,14.100000381469727,288800
2021-03-03,8.994634628295898,14.300000190734863,14.550000190734863,14.289999961853027,14.3100004196167,291200
2021-03-04,8.805937767028809,14.0,14.4399995803833,13.729999542236328,14.300000190734863,362400
2021-03-05,8.805937767028809,14.0,14.09000015258789,13.529999732971191,13.899999618530273,399900
2021-03-08,8.969477653503418,14.260000228881836,14.279999732971191,13.90999984741211,14.140000343322754,343700
2021-03-09,8.950605392456055,14.229999542236328,14.520000457763672,14.100000381469727,14.260000228881836,341200
2021-03-10,9.000925064086914,14.3100004196167,14.430000305175781,14.180000305175781,14.319999694824219,286200
2021-03-11,9.032377243041992,14.359999656677246,14.380000114440918,14.180000305175781,14.279999732971191,358000
2021-03-12,9.101564407348633,14.470000267028809,14.729999542236328,14.380000114440918,14.5,376300
2021-03-15,9.35316276550293,14.869999885559082,14.9399995803833,14.460000038146973,14.5,453900
2021-03-16,9.283973693847656,14.760000228881836,14.9399995803833,14.40999984741211,14.9399995803833,480000
2021-03-17,9.365745544433594,14.890000343322754,14.930000305175781,14.670000076293945,14.760000228881836,847200
2021-03-18,8.959659576416016,13.899999618530273,14.529999732971191,13.859999656677246,14.289999961853027,886100
2021-03-19,8.914538383483887,13.829999923706055,14.149999618530273,13.760000228881836,14.020000457763672,1236800
2021-03-22,8.869417190551758,13.760000228881836,13.960000038146973,13.59000015258789,13.800000190734863,504000
2021-03-23,8.688936233520508,13.479999542236328,13.760000228881836,13.40999984741211,13.65999984741211,461800
2021-03-24,8.57291030883789,13.300000190734863,13.779999732971191,13.25,13.619999885559082,348900
2021-03-25,8.77917766571045,13.619999885559082,13.710000038146973,13.210000038146973,13.239999771118164,452200
2021-03-26,8.811406135559082,13.670000076293945,13.789999961853027,13.550000190734863,13.640000343322754,239000
2021-03-29,8.785621643066406,13.630000114440918,13.9399995803833,13.529999732971191,13.6899995803833,246800
2021-03-30,8.882309913635254,13.779999732971191,13.859999656677246,13.640000343322754,13.640000343322754,211000
2021-03-31,8.843634605407715,13.720000267028809,13.960000038146973,13.720000267028809,13.859999656677246,294700
2021-04-01,8.94032096862793,13.869999885559082,13.90999984741211,13.729999542236328,13.779999732971191,367900
2021-04-05,9.095019340515137,14.109999656677246,14.199999809265137,13.890000343322754,13.890000343322754,397600
2021-04-06,9.146587371826172,14.1899995803833,14.229999542236328,14.0600004196167,14.149999618530273,306300
2021-04-07,9.230381965637207,14.319999694824219,14.460000038146973,14.140000343322754,14.229999542236328,271700
2021-04-08,9.185261726379395,14.25,14.319999694824219,14.140000343322754,14.319999694824219,223400
2021-04-09,9.262612342834473,14.369999885559082,14.390000343322754,14.199999809265137,14.25,215800
2021-04-12,9.294839859008789,14.420000076293945,14.489999771118164,14.300000190734863,14.430000305175781,211600
2021-04-13,9.140140533447266,14.180000305175781,14.420000076293945,14.15999984741211,14.369999885559082,237700
2021-04-14,9.133694648742676,14.170000076293945,14.329999923706055,14.0600004196167,14.180000305175781,210700
2021-04-15,9.140140533447266,14.180000305175781,14.239999771118164,14.079999923706055,14.180000305175781,156400
2021-04-16,9.236827850341797,14.329999923706055,14.390000343322754,14.239999771118164,14.239999771118164,224000
2021-04-19,9.185261726379395,14.25,14.449999809265137,14.239999771118164,14.369999885559082,160900
2021-04-20,9.05634593963623,14.050000190734863,14.380000114440918,14.020000457763672,14.260000228881836,175800
2021-04-21,9.28839111328125,14.40999984741211,14.40999984741211,14.010000228881836,14.050000190734863,293400
2021-04-22,9.140140533447266,14.180000305175781,14.430000305175781,14.149999618530273,14.420000076293945,196900
2021-04-23,9.21104621887207,14.289999961853027,14.350000381469727,14.199999809265137,14.260000228881836,170000
2021-04-26,9.24327278137207,14.34000015258789,14.430000305175781,14.289999961853027,14.289999961853027,129900
2021-04-27,9.333513259887695,14.479999542236328,14.630000114440918,14.350000381469727,14.350000381469727,194800
2021-04-28,9.37218952178955,14.539999961853027,14.630000114440918,14.449999809265137,14.510000228881836,118600
2021-04-29,9.507551193237305,14.75,14.770000457763672,14.579999923706055,14.640000343322754,198800
2021-04-30,9.365744590759277,14.529999732971191,14.720000267028809,14.470000267028809,14.6899995803833,223600
2021-05-03,9.346405982971191,14.5,14.670000076293945,14.460000038146973,14.649999618530273,245500
2021-05-04,9.28839111328125,14.40999984741211,14.59000015258789,14.319999694824219,14.5,148800
2021-05-05,9.404417991638184,14.59000015258789,14.630000114440918,14.329999923706055,14.449999809265137,233400
2021-05-06,9.488214492797852,14.720000267028809,14.75,14.539999961853027,14.640000343322754,298500
2021-05-07,9.71381664276123,15.069999694824219,15.180000305175781,14.720000267028809,14.770000457763672,503800
2021-05-10,9.56556224822998,14.84000015258789,15.270000457763672,14.8100004196167,15.119999885559082,402700
2021-05-11,9.46242904663086,14.680000305175781,14.84000015258789,14.369999885559082,14.720000267028809,394500
2021-05-12,8.991886138916016,13.949999809265137,14.84000015258789,13.859999656677246,14.84000015258789,776500
2021-05-13,9.178814888000488,14.239999771118164,14.359999656677246,13.890000343322754,13.890000343322754,290800
2021-05-14,9.391525268554688,14.569999694824219,14.619999885559082,14.260000228881836,14.34000015258789,260200
2021-05-17,9.423754692077637,14.619999885559082,14.630000114440918,14.34000015258789,14.449999809265137,165900
2021-05-18,9.352853775024414,14.510000228881836,14.6899995803833,14.5,14.670000076293945,204200
2021-05-19,9.404417991638184,14.59000015258789,14.600000381469727,14.289999961853027,14.420000076293945,218800
2021-05-20,9.423754692077637,14.619999885559082,14.649999618530273,14.489999771118164,14.59000015258789,268900
2021-05-21,9.06923770904541,14.069999694824219,14.699999809265137,13.880000114440918,14.699999809265137,963700
2021-05-24,9.037007331848145,14.020000457763672,14.1899995803833,13.40999984741211,14.0600004196167,1005700
2021-05-25,8.837188720703125,13.710000038146973,14.239999771118164,13.699999809265137,14.079999923706055,717000
2021-05-26,9.024115562438965,14.0,14.100000381469727,13.670000076293945,13.720000267028809,330500
2021-05-27,9.06923770904541,14.069999694824219,14.15999984741211,13.949999809265137,14.079999923706055,355100
2021-05-28,9.178814888000488,14.239999771118164,14.289999961853027,13.949999809265137,14.0600004196167,232800
2021-06-01,9.301286697387695,14.430000305175781,14.479999542236328,14.270000457763672,14.279999732971191,265200
2021-06-02,9.333513259887695,14.479999542236328,14.510000228881836,14.359999656677246,14.449999809265137,207000
2021-06-03,9.39797592163086,14.579999923706055,14.699999809265137,14.420000076293945,14.460000038146973,232800
2021-06-04,9.41731071472168,14.609999656677246,14.649999618530273,14.520000457763672,14.579999923706055,193700
2021-06-07,9.488214492797852,14.720000267028809,14.890000343322754,14.630000114440918,14.630000114440918,279300
2021-06-08,9.578455924987793,14.859999656677246,14.930000305175781,14.739999771118164,14.869999885559082,199200
2021-06-09,9.578455924987793,14.859999656677246,14.970000267028809,14.800000190734863,14.869999885559082,250300
2021-06-10,9.55911636352539,14.829999923706055,14.989999771118164,14.789999961853027,14.960000038146973,334500
2021-06-11,9.726707458496094,15.09000015258789,15.109999656677246,14.899999618530273,14.90999984741211,475500
2021-06-14,9.746045112609863,15.119999885559082,15.180000305175781,14.880000114440918,15.130000114440918,611700
2021-06-15,9.54622745513916,14.8100004196167,15.180000305175781,14.75,15.149999618530273,538100
2021-06-16,9.539620399475098,14.4399995803833,14.529999732971191,14.119999885559082,14.390000343322754,676400
2021-06-17,9.262151718139648,14.020000457763672,14.40999984741211,13.9399995803833,14.289999961853027,483500
2021-06-18,8.945045471191406,13.539999961853027,14.069999694824219,13.529999732971191,13.899999618530273,955000
2021-06-21,9.182875633239746,13.899999618530273,13.930000305175781,13.680000305175781,13.930000305175781,332600
2021-06-22,9.096991539001465,13.770000457763672,13.899999618530273,13.649999618530273,13.899999618530273,290600
2021-06-23,9.12341594696045,13.8100004196167,14.010000228881836,13.8100004196167,13.829999923706055,275000
2021-06-24,9.229120254516602,13.970000267028809,14.050000190734863,13.859999656677246,13.920000076293945,182300
2021-06-25,9.143237113952637,13.84000015258789,14.039999961853027,13.819999694824219,14.039999961853027,255100
2021-06-28,9.163056373596191,13.869999885559082,13.9399995803833,13.699999809265137,13.920000076293945,163500
2021-06-29,8.991290092468262,13.609999656677246,13.960000038146973,13.59000015258789,13.829999923706055,349000
2021-06-30,9.017714500427246,13.649999618530273,13.789999961853027,13.520000457763672,13.600000381469727,223700
2021-07-01,9.044142723083496,13.6899995803833,13.819999694824219,13.619999885559082,13.680000305175781,232500
2021-07-02,9.242332458496094,13.989999771118164,14.0600004196167,13.65999984741211,13.75,300200
2021-07-06,9.156449317932129,13.859999656677246,14.100000381469727,13.8100004196167,14.0,262600
2021-07-07,9.083780288696289,13.75,13.920000076293945,13.550000190734863,13.890000343322754,310400
2021-07-08,8.97146987915039,13.579999923706055,13.720000267028809,13.319999694824219,13.539999961853027,326600
2021-07-09,9.12341594696045,13.8100004196167,13.859999656677246,13.569999694824219,13.699999809265137,207300
2021-07-12,9.262151718139648,14.020000457763672,14.029999732971191,13.699999809265137,13.729999542236328,294700
2021-07-13,9.196087837219238,13.920000076293945,13.960000038146973,13.75,13.9399995803833,215700
2021-07-14,9.143237113952637,13.84000015258789,14.029999732971191,13.800000190734863,13.920000076293945,186600
2021-07-15,9.044142723083496,13.6899995803833,13.859999656677246,13.569999694824219,13.729999542236328,200900
2021-07-16,8.97146987915039,13.579999923706055,13.75,13.550000190734863,13.6899995803833,172000
2021-07-19,8.892194747924805,13.460000038146973,13.619999885559082,13.170000076293945,13.390000343322754,754300
2021-07-20,9.050747871398926,13.699999809265137,13.770000457763672,13.430000305175781,13.489999771118164,319900
2021-07-21,9.169660568237305,13.880000114440918,13.989999771118164,13.75,13.760000228881836,198100
2021-07-22,9.090385437011719,13.760000228881836,13.880000114440918,13.720000267028809,13.880000114440918,119000
2021-07-23,9.070566177368164,13.729999542236328,13.949999809265137,13.649999618530273,13.949999809265137,166300
2021-07-26,9.149842262268066,13.850000381469727,13.949999809265137,13.720000267028809,13.720000267028809,107100
2021-07-27,9.12341594696045,13.8100004196167,13.84000015258789,13.65999984741211,13.800000190734863,101600
2021-07-28,9.12341594696045,13.8100004196167,13.880000114440918,13.65999984741211,13.819999694824219,171700
2021-07-29,9.070566177368164,13.729999542236328,13.90999984741211,13.710000038146973,13.859999656677246,166000
2021-07-30,9.083780288696289,13.75,13.819999694824219,13.670000076293945,13.720000267028809,158000
2021-08-02,9.063960075378418,13.720000267028809,13.9399995803833,13.680000305175781,13.850000381469727,158800
2021-08-03,9.063960075378418,13.720000267028809,13.760000228881836,13.520000457763672,13.760000228881836,297900
2021-08-04,8.978075981140137,13.59000015258789,13.890000343322754,13.579999923706055,13.789999961853027,220200
2021-08-05,9.12341594696045,13.8100004196167,13.8100004196167,13.59000015258789,13.640000343322754,199400
2021-08-06,9.103598594665527,13.779999732971191,13.859999656677246,13.640000343322754,13.819999694824219,276400
2021-08-09,9.030928611755371,13.670000076293945,13.789999961853027,13.609999656677246,13.770000457763672,278500
2021-08-10,9.096991539001465,13.770000457763672,13.819999694824219,13.600000381469727,13.649999618530273,254600
2021-08-11,9.083780288696289,13.75,13.880000114440918,13.670000076293945,13.760000228881836,205400
2021-08-12,9.077174186706543,13.739999771118164,13.800000190734863,13.550000190734863,13.720000267028809,247300
2021-08-13,9.13663101196289,13.829999923706055,13.869999885559082,13.770000457763672,13.779999732971191,127500
2021-08-16,9.063960075378418,13.720000267028809,13.859999656677246,13.699999809265137,13.800000190734863,172800
2021-08-17,8.991290092468262,13.609999656677246,13.739999771118164,13.5,13.680000305175781,175800
2021-08-18,8.964864730834961,13.569999694824219,13.670000076293945,13.550000190734863,13.59000015258789,183800
2021-08-19,8.727035522460938,13.210000038146973,13.550000190734863,13.020000457763672,13.5,616000
2021-08-20,9.017714500427246,13.649999618530273,13.6899995803833,13.210000038146973,13.210000038146973,313100
2021-08-23,9.024319648742676,13.65999984741211,13.779999732971191,13.489999771118164,13.739999771118164,426900
2021-08-24,9.017714500427246,13.649999618530273,13.75,13.59000015258789,13.680000305175781,210900
2021-08-25,9.11681079864502,13.800000190734863,13.890000343322754,13.59000015258789,13.640000343322754,205200
2021-08-26,9.077174186706543,13.739999771118164,13.899999618530273,13.619999885559082,13.829999923706055,263900
2021-08-27,9.196087837219238,13.920000076293945,14.0,13.699999809265137,13.699999809265137,157400
2021-08-30,9.011110305786133,13.640000343322754,14.0,13.630000114440918,14.0,253900
2021-08-31,9.083780288696289,13.75,13.800000190734863,13.680000305175781,13.680000305175781,189800
2021-09-01,9.083780288696289,13.75,13.850000381469727,13.649999618530273,13.75,150900
2021-09-02,9.12341594696045,13.8100004196167,13.850000381469727,13.65999984741211,13.75,192100
2021-09-03,9.169660568237305,13.880000114440918,13.880000114440918,13.760000228881836,13.84000015258789,121200
2021-09-07,9.017714500427246,13.649999618530273,13.899999618530273,13.640000343322754,13.899999618530273,371500
2021-09-08,9.004502296447754,13.630000114440918,13.949999809265137,13.619999885559082,13.640000343322754,191400
2021-09-09,9.044142723083496,13.6899995803833,13.850000381469727,13.630000114440918,13.630000114440918,232800
2021-09-10,9.030928611755371,13.670000076293945,13.829999923706055,13.65999984741211,13.729999542236328,172400
2021-09-13,9.004502296447754,13.630000114440918,13.770000457763672,13.520000457763672,13.770000457763672,307500
2021-09-14,8.978075981140137,13.59000015258789,13.739999771118164,13.539999961853027,13.699999809265137,203400
2021-09-15,9.057353973388672,13.710000038146973,13.739999771118164,13.550000190734863,13.550000190734863,267600
2021-09-16,8.978075981140137,13.59000015258789,13.729999542236328,13.529999732971191,13.699999809265137,331800
2021-09-17,8.865768432617188,13.420000076293945,13.630000114440918,13.40999984741211,13.609999656677246,680400
2021-09-20,8.641748428344727,12.729999542236328,12.960000038146973,12.350000381469727,12.930000305175781,1131100
2021-09-21,8.75715160369873,12.899999618530273,13.0600004196167,12.800000190734863,12.800000190734863,434800
2021-09-22,8.81824779510498,12.989999771118164,13.109999656677246,12.920000076293945,12.930000305175781,306300
2021-09-23,8.8114595413208,12.979999542236328,13.130000114440918,12.9399995803833,12.9399995803833,434900
2021-09-24,8.77751636505127,12.930000305175781,13.079999923706055,12.920000076293945,12.9399995803833,196700
2021-09-27,8.865768432617188,13.0600004196167,13.1899995803833,12.930000305175781,12.930000305175781,343800
2021-09-28,8.82503604888916,13.0,13.180000305175781,12.949999809265137,13.039999961853027,274600
2021-09-29,8.892923355102539,13.100000381469727,13.260000228881836,13.0,13.010000228881836,360000
2021-09-30,8.804670333862305,12.970000267028809,13.239999771118164,12.960000038146973,13.170000076293945,268000
2021-10-01,8.899710655212402,13.109999656677246,13.170000076293945,13.0,13.050000190734863,242200
2021-10-04,8.906497955322266,13.119999885559082,13.229999542236328,13.0600004196167,13.069999694824219,263600
2021-10-05,8.954018592834473,13.1899995803833,13.270000457763672,13.100000381469727,13.170000076293945,232600
2021-10-06,8.9947509765625,13.25,13.300000190734863,13.140000343322754,13.170000076293945,295400
2021-10-07,8.967597007751465,13.210000038146973,13.449999809265137,13.199999809265137,13.34000015258789,215300
2021-10-08,9.055846214294434,13.34000015258789,13.449999809265137,13.270000457763672,13.279999732971191,324800
2021-10-11,9.049057960510254,13.329999923706055,13.479999542236328,13.289999961853027,13.479999542236328,255900
2021-10-12,9.049057960510254,13.329999923706055,13.470000267028809,13.279999732971191,13.329999923706055,271600
2021-10-13,9.096576690673828,13.399999618530273,13.5,13.300000190734863,13.3100004196167,308300
2021-10-14,9.096576690673828,13.399999618530273,13.5,13.329999923706055,13.470000267028809,157900
2021-10-15,9.089789390563965,13.390000343322754,13.569999694824219,13.369999885559082,13.5,255300
2021-10-18,9.062633514404297,13.350000381469727,13.479999542236328,13.329999923706055,13.399999618530273,191500
2021-10-19,9.103363990783691,13.40999984741211,13.4399995803833,13.34000015258789,13.4399995803833,144800
2021-10-20,9.103363990783691,13.40999984741211,13.460000038146973,13.369999885559082,13.390000343322754,197400
2021-10-21,9.144094467163086,13.470000267028809,13.5,13.399999618530273,13.40999984741211,215900
2021-10-22,9.103363990783691,13.40999984741211,13.569999694824219,13.399999618530273,13.479999542236328,173000
2021-10-25,9.110153198242188,13.420000076293945,13.489999771118164,13.40999984741211,13.449999809265137,159100
2021-10-26,9.096576690673828,13.399999618530273,13.479999542236328,13.34000015258789,13.420000076293945,242200
2021-10-27,9.042269706726074,13.319999694824219,13.470000267028809,13.300000190734863,13.380000114440918,274300
2021-10-28,9.144094467163086,13.470000267028809,13.479999542236328,13.289999961853027,13.350000381469727,245600
2021-10-29,9.116944313049316,13.430000305175781,13.489999771118164,13.390000343322754,13.40999984741211,185500
2021-11-01,9.021903038024902,13.289999961853027,13.470000267028809,13.270000457763672,13.470000267028809,307500
2021-11-02,8.9947509765625,13.25,13.350000381469727,13.170000076293945,13.34000015258789,243200
2021-11-03,9.042269706726074,13.319999694824219,13.369999885559082,13.229999542236328,13.270000457763672,180100
2021-11-04,9.021903038024902,13.289999961853027,13.40999984741211,13.210000038146973,13.390000343322754,188300
2021-11-05,9.137308120727539,13.460000038146973,13.479999542236328,13.25,13.270000457763672,200100
2021-11-08,8.9947509765625,13.25,13.470000267028809,13.210000038146973,13.40999984741211,308500
2021-11-09,8.960806846618652,13.199999809265137,13.239999771118164,13.050000190734863,13.199999809265137,363100
2021-11-10,8.838616371154785,13.020000457763672,13.270000457763672,13.020000457763672,13.210000038146973,503200
2021-11-11,8.913288116455078,13.130000114440918,13.149999618530273,13.029999732971191,13.069999694824219,366600
2021-11-12,8.947230339050293,13.180000305175781,13.229999542236328,13.109999656677246,13.109999656677246,383300
2021-11-15,8.872557640075684,13.069999694824219,13.25,13.0600004196167,13.199999809265137,457300
2021-11-16,8.872557640075684,13.069999694824219,13.180000305175781,13.050000190734863,13.149999618530273,433500
2021-11-17,8.831827163696289,13.010000228881836,13.069999694824219,12.960000038146973,13.050000190734863,452500
2021-11-18,8.920075416564941,13.140000343322754,13.140000343322754,13.0,13.0,497000
2021-11-19,8.879344940185547,13.079999923706055,13.109999656677246,12.960000038146973,13.079999923706055,328800
2021-11-22,8.831827163696289,13.010000228881836,13.180000305175781,12.989999771118164,13.100000381469727,433600
2021-11-23,8.82503604888916,13.0,13.069999694824219,12.979999542236328,13.050000190734863,384500
2021-11-24,8.88613224029541,13.09000015258789,13.119999885559082,12.970000267028809,13.0,220600
2021-11-26,8.770729064941406,12.920000076293945,13.0,12.699999809265137,12.960000038146973,436200
2021-11-29,8.913288116455078,13.130000114440918,13.149999618530273,12.970000267028809,12.989999771118164,450800
2021-11-30,8.913288116455078,13.130000114440918,13.15999984741211,12.970000267028809,13.039999961853027,378600
2021-12-01,8.763941764831543,12.90999984741211,13.229999542236328,12.90999984741211,13.229999542236328,268900
2021-12-02,8.933653831481934,13.15999984741211,13.199999809265137,12.970000267028809,12.970000267028809,285400
2021-12-03,8.845402717590332,13.029999732971191,13.229999542236328,12.960000038146973,13.199999809265137,406700
2021-12-06,8.920075416564941,13.140000343322754,13.210000038146973,13.079999923706055,13.130000114440918,311800
2021-12-07,8.940441131591797,13.170000076293945,13.279999732971191,13.149999618530273,13.220000267028809,250000
2021-12-08,9.021903038024902,13.289999961853027,13.3100004196167,13.210000038146973,13.229999542236328,198600
2021-12-09,8.9947509765625,13.25,13.329999923706055,13.180000305175781,13.279999732971191,285600
2021-12-10,9.042269706726074,13.319999694824219,13.369999885559082,13.220000267028809,13.34000015258789,368400
2021-12-13,8.88613224029541,13.09000015258789,13.369999885559082,13.050000190734863,13.369999885559082,438600
2021-12-14,8.865768432617188,13.0600004196167,13.1899995803833,13.050000190734863,13.079999923706055,364200
2021-12-15,8.88613224029541,13.09000015258789,13.149999618530273,12.920000076293945,13.0600004196167,466100
2021-12-16,8.69605541229248,12.8100004196167,13.119999885559082,12.75,13.09000015258789,1296800
2021-12-17,8.55636215209961,12.25,12.430000305175781,12.109999656677246,12.329999923706055,1979600
2021-12-20,8.409679412841797,12.039999961853027,12.149999618530273,11.75,12.079999923706055,1350600
2021-12-21,8.668118476867676,12.40999984741211,12.550000190734863,12.140000343322754,12.140000343322754,849200
2021-12-22,8.814797401428223,12.619999885559082,12.65999984741211,12.369999885559082,12.550000190734863,456900
2021-12-23,9.101173400878906,13.029999732971191,13.100000381469727,12.649999618530273,12.649999618530273,604300
2021-12-27,9.045294761657715,12.949999809265137,13.069999694824219,12.869999885559082,13.029999732971191,360800
2021-12-28,9.059263229370117,12.970000267028809,13.199999809265137,12.930000305175781,12.979999542236328,479600
2021-12-29,9.101173400878906,13.029999732971191,13.220000267028809,12.930000305175781,13.0,394000
2021-12-30,8.9964017868042,12.880000114440918,13.149999618530273,12.869999885559082,13.010000228881836,382400
2021-12-31,8.933539390563965,12.789999961853027,12.920000076293945,12.770000457763672,12.829999923706055,269700
2022-01-03,9.115142822265625,13.050000190734863,13.140000343322754,12.850000381469727,12.859999656677246,373500
2022-01-04,9.150068283081055,13.100000381469727,13.34000015258789,13.09000015258789,13.119999885559082,458600
2022-01-05,9.05228042602539,12.960000038146973,13.210000038146973,12.90999984741211,13.1899995803833,245300
2022-01-06,9.150068283081055,13.100000381469727,13.210000038146973,13.0,13.039999961853027,390100
2022-01-07,9.20594596862793,13.180000305175781,13.300000190734863,13.140000343322754,13.140000343322754,251000
2022-01-10,9.233884811401367,13.220000267028809,13.239999771118164,13.100000381469727,13.15999984741211,239900
2022-01-11,9.39453411102295,13.449999809265137,13.470000267028809,13.199999809265137,13.270000457763672,353700
2022-01-12,9.429458618164062,13.5,13.579999923706055,13.399999618530273,13.470000267028809,244700
2022-01-13,9.359610557556152,13.399999618530273,13.569999694824219,13.369999885559082,13.5600004196167,210200
2022-01-14,9.247854232788086,13.239999771118164,13.380000114440918,13.1899995803833,13.380000114440918,382700
2022-01-18,9.408502578735352,13.470000267028809,13.569999694824219,13.199999809265137,13.220000267028809,375400
2022-01-19,9.310717582702637,13.329999923706055,13.5600004196167,13.229999542236328,13.470000267028809,328300
2022-01-20,9.226901054382324,13.210000038146973,13.390000343322754,13.210000038146973,13.350000381469727,309300
2022-01-21,9.024340629577637,12.920000076293945,13.25,12.84000015258789,13.199999809265137,400700
2022-01-24,8.926553726196289,12.779999732971191,12.800000190734863,12.289999961853027,12.75,637300
2022-01-25,9.080218315124512,13.0,13.09000015258789,12.65999984741211,12.800000190734863,306500
2022-01-26,9.017356872558594,12.90999984741211,13.15999984741211,12.819999694824219,13.119999885559082,235700
2022-01-27,9.059263229370117,12.970000267028809,13.079999923706055,12.890000343322754,13.050000190734863,286800
2022-01-28,9.038311004638672,12.9399995803833,12.970000267028809,12.789999961853027,12.920000076293945,281700
2022-01-31,9.157052040100098,13.109999656677246,13.119999885559082,12.850000381469727,12.890000343322754,278500
2022-02-01,9.233884811401367,13.220000267028809,13.239999771118164,13.039999961853027,13.039999961853027,257500
2022-02-02,9.296748161315918,13.3100004196167,13.329999923706055,13.140000343322754,13.329999923706055,236800
2022-02-03,9.16403579711914,13.119999885559082,13.319999694824219,13.100000381469727,13.229999542236328,268000
2022-02-04,9.401519775390625,13.460000038146973,13.5,13.0,13.09000015258789,442900
2022-02-07,9.513277053833008,13.619999885559082,13.989999771118164,13.600000381469727,13.6899995803833,483100
2022-02-08,9.52724552154541,13.640000343322754,13.6899995803833,13.539999961853027,13.670000076293945,318600
2022-02-09,9.443427085876465,13.520000457763672,13.75,13.510000228881836,13.680000305175781,165800
2022-02-10,9.429458618164062,13.5,13.699999809265137,13.4399995803833,13.520000457763672,269100
2022-02-11,9.436443328857422,13.510000228881836,13.6899995803833,13.460000038146973,13.529999732971191,218600
2022-02-14,9.408502578735352,13.470000267028809,13.59000015258789,13.40999984741211,13.479999542236328,226600
2022-02-15,9.506290435791016,13.609999656677246,13.6899995803833,13.520000457763672,13.600000381469727,286900
2022-02-16,9.562169075012207,13.6899995803833,13.710000038146973,13.569999694824219,13.600000381469727,269500
2022-02-17,9.548200607299805,13.670000076293945,13.670000076293945,13.529999732971191,13.670000076293945,205700
2022-02-18,9.46438217163086,13.550000190734863,13.729999542236328,13.550000190734863,13.6899995803833,221100
2022-02-22,9.408502578735352,13.470000267028809,13.619999885559082,13.369999885559082,13.550000190734863,481000
2022-02-23,9.331669807434082,13.359999656677246,13.609999656677246,13.34000015258789,13.529999732971191,250700
2022-02-24,9.296748161315918,13.3100004196167,13.319999694824219,12.930000305175781,13.0,536000
2022-02-25,9.471366882324219,13.5600004196167,13.600000381469727,13.369999885559082,13.369999885559082,253100
2022-02-28,9.387548446655273,13.4399995803833,13.5,13.270000457763672,13.5,492700
2022-03-01,9.219914436340332,13.199999809265137,13.470000267028809,13.050000190734863,13.430000305175781,673900
2022-03-02,9.422473907470703,13.489999771118164,13.619999885559082,13.220000267028809,13.220000267028809,389500
2022-03-03,9.408502578735352,13.470000267028809,13.510000228881836,13.40999984741211,13.5,149600
2022-03-04,9.338656425476074,13.369999885559082,13.40999984741211,13.279999732971191,13.380000114440918,287200
2022-03-07,9.09419059753418,13.020000457763672,13.329999923706055,13.0,13.329999923706055,482000
2022-03-08,9.247854232788086,13.239999771118164,13.34000015258789,13.029999732971191,13.15999984741211,647100
2022-03-09,9.296748161315918,13.3100004196167,13.539999961853027,13.270000457763672,13.479999542236328,245200
2022-03-10,9.17800521850586,13.140000343322754,13.329999923706055,13.09000015258789,13.210000038146973,437400
2022-03-11,9.12911319732666,13.069999694824219,13.220000267028809,13.029999732971191,13.15999984741211,373700
2022-03-14,9.240867614746094,13.229999542236328,13.369999885559082,13.119999885559082,13.140000343322754,398500
2022-03-15,9.16403579711914,13.119999885559082,13.380000114440918,13.119999885559082,13.210000038146973,427200
2022-03-16,9.254839897155762,13.25,13.289999961853027,13.09000015258789,13.260000228881836,341400
2022-03-17,9.429458618164062,13.5,13.539999961853027,13.15999984741211,13.300000190734863,578800
2022-03-18,9.364873886108398,13.050000190734863,13.270000457763672,12.960000038146973,13.109999656677246,1478900
2022-03-21,9.357696533203125,13.039999961853027,13.170000076293945,12.960000038146973,13.079999923706055,554500
2022-03-22,9.44381046295166,13.15999984741211,13.210000038146973,13.050000190734863,13.109999656677246,420000
2022-03-23,9.364873886108398,13.050000190734863,13.15999984741211,13.050000190734863,13.15999984741211,254800
2022-03-24,9.379225730895996,13.069999694824219,13.1899995803833,13.039999961853027,13.069999694824219,288200
2022-03-25,9.515572547912598,13.260000228881836,13.329999923706055,13.079999923706055,13.100000381469727,244400
2022-03-28,9.544278144836426,13.300000190734863,13.359999656677246,13.170000076293945,13.279999732971191,290200
2022-03-29,9.551453590393066,13.3100004196167,13.430000305175781,13.279999732971191,13.399999618530273,359900
2022-03-30,9.544278144836426,13.300000190734863,13.359999656677246,13.220000267028809,13.319999694824219,184700
2022-03-31,9.486867904663086,13.220000267028809,13.430000305175781,13.220000267028809,13.34000015258789,207300
2022-04-01,9.601686477661133,13.380000114440918,13.390000343322754,13.220000267028809,13.270000457763672,170300
2022-04-04,9.529923439025879,13.279999732971191,13.390000343322754,13.270000457763672,13.34000015258789,219400
2022-04-05,9.486867904663086,13.220000267028809,13.380000114440918,13.199999809265137,13.260000228881836,263900
2022-04-06,9.400754928588867,13.100000381469727,13.239999771118164,13.029999732971191,13.199999809265137,252500
2022-04-07,9.465337753295898,13.1899995803833,13.319999694824219,13.050000190734863,13.1899995803833,455500
2022-04-08,9.501219749450684,13.239999771118164,13.329999923706055,13.140000343322754,13.1899995803833,225500
2022-04-11,9.472515106201172,13.199999809265137,13.239999771118164,13.109999656677246,13.199999809265137,216600
2022-04-12,9.436634063720703,13.149999618530273,13.289999961853027,13.119999885559082,13.15999984741211,221400
2022-04-13,9.544278144836426,13.300000190734863,13.319999694824219,13.130000114440918,13.130000114440918,202500
2022-04-14,9.544278144836426,13.300000190734863,13.380000114440918,13.199999809265137,13.279999732971191,335400
2022-04-18,9.580156326293945,13.350000381469727,13.449999809265137,13.239999771118164,13.239999771118164,269100
2022-04-19,9.630391120910645,13.420000076293945,13.4399995803833,13.279999732971191,13.350000381469727,263700
2022-04-20,9.752385139465332,13.59000015258789,13.59000015258789,13.399999618530273,13.399999618530273,452500
2022-04-21,9.630391120910645,13.420000076293945,13.729999542236328,13.399999618530273,13.59000015258789,291200
2022-04-22,9.422281265258789,13.130000114440918,13.460000038146973,13.109999656677246,13.460000038146973,248700
2022-04-25,9.44381046295166,13.15999984741211,13.170000076293945,12.880000114440918,13.079999923706055,376300
2022-04-26,9.149590492248535,12.75,13.15999984741211,12.729999542236328,13.119999885559082,459900
2022-04-27,9.214173316955566,12.84000015258789,13.0,12.789999961853027,12.819999694824219,343600
2022-04-28,9.242878913879395,12.880000114440918,12.970000267028809,12.710000038146973,12.970000267028809,233100
2022-04-29,9.10653018951416,12.6899995803833,12.9399995803833,12.680000305175781,12.880000114440918,351700
2022-05-02,8.912775993347168,12.420000076293945,12.789999961853027,12.210000038146973,12.699999809265137,404900
2022-05-03,9.142411231994629,12.739999771118164,12.760000228881836,12.420000076293945,12.430000305175781,305000
2022-05-04,9.300287246704102,12.960000038146973,12.970000267028809,12.670000076293945,12.8100004196167,257300
2022-05-05,9.07065200805664,12.640000343322754,12.930000305175781,12.489999771118164,12.930000305175781,202400
2022-05-06,9.085002899169922,12.65999984741211,12.75,12.529999732971191,12.630000114440918,236300
2022-05-09,8.49655818939209,11.84000015258789,12.569999694824219,11.770000457763672,12.529999732971191,741600
2022-05-10,8.654434204101562,12.0600004196167,12.270000457763672,11.84000015258789,11.9399995803833,278400
2022-05-11,8.68313980102539,12.100000381469727,12.3100004196167,12.029999732971191,12.0600004196167,248100
2022-05-12,8.561144828796387,11.930000305175781,12.130000114440918,11.770000457763672,12.109999656677246,429100
2022-05-13,8.747723579406738,12.1899995803833,12.279999732971191,11.9399995803833,11.970000267028809,365900
2022-05-16,8.862543106079102,12.350000381469727,12.40999984741211,12.180000305175781,12.180000305175781,277200
2022-05-17,8.977361679077148,12.510000228881836,12.550000190734863,12.329999923706055,12.5,234100
2022-05-18,8.754900932312012,12.199999809265137,12.449999809265137,12.149999618530273,12.449999809265137,278700
2022-05-19,8.546791076660156,11.90999984741211,12.289999961853027,11.880000114440918,12.130000114440918,376100
2022-05-20,8.48938274383545,11.829999923706055,12.449999809265137,11.699999809265137,12.380000114440918,649800
2022-05-23,8.747723579406738,12.1899995803833,12.25,11.880000114440918,12.050000190734863,287800
2022-05-24,8.575496673583984,11.949999809265137,12.270000457763672,11.859999656677246,12.15999984741211,218800
2022-05-25,8.711844444274902,12.140000343322754,12.229999542236328,11.890000343322754,11.930000305175781,257500
2022-05-26,8.848189353942871,12.329999923706055,12.390000343322754,12.170000076293945,12.180000305175781,154800
2022-05-27,8.984537124633789,12.520000457763672,12.539999961853027,12.329999923706055,12.350000381469727,313300
2022-05-31,8.89842414855957,12.399999618530273,12.609999656677246,12.350000381469727,12.510000228881836,245500
2022-06-01,8.912775993347168,12.420000076293945,12.569999694824219,12.3100004196167,12.5,469800
2022-06-02,8.912775993347168,12.420000076293945,12.479999542236328,12.350000381469727,12.479999542236328,171400
2022-06-03,8.740549087524414,12.180000305175781,12.420000076293945,12.15999984741211,12.420000076293945,423400
2022-06-06,8.805133819580078,12.270000457763672,12.3100004196167,12.180000305175781,12.239999771118164,189300
2022-06-07,8.790782928466797,12.25,12.329999923706055,12.199999809265137,12.220000267028809,160800
2022-06-08,8.726195335388184,12.15999984741211,12.239999771118164,12.100000381469727,12.239999771118164,312500
2022-06-09,8.611377716064453,12.0,12.180000305175781,11.970000267028809,12.100000381469727,355200
2022-06-10,8.575496673583984,11.949999809265137,11.970000267028809,11.729999542236328,11.899999618530273,428600
2022-06-13,8.015758514404297,11.170000076293945,11.720000267028809,11.109999656677246,11.710000038146973,797600
2022-06-14,7.958347797393799,11.09000015258789,11.350000381469727,11.010000228881836,11.279999732971191,656100
2022-06-15,7.928680896759033,10.6899995803833,10.90999984741211,10.510000228881836,10.819999694824219,592100
2022-06-16,7.468832492828369,10.069999694824219,10.479999542236328,10.010000228881836,10.449999809265137,835700
2022-06-17,7.654253959655762,10.319999694824219,10.4399995803833,10.039999961853027,10.069999694824219,1339700
2022-06-21,7.728424072265625,10.420000076293945,10.619999885559082,10.300000190734863,10.430000305175781,336600
2022-06-22,7.787759304046631,10.5,10.550000190734863,10.3100004196167,10.3100004196167,225200
2022-06-23,7.76550817489624,10.470000267028809,10.579999923706055,10.420000076293945,10.489999771118164,275800
2022-06-24,7.965764999389648,10.739999771118164,10.8100004196167,10.5600004196167,10.5600004196167,211900
2022-06-27,8.091851234436035,10.90999984741211,10.979999542236328,10.770000457763672,10.819999694824219,220500
2022-06-28,8.032515525817871,10.829999923706055,11.140000343322754,10.829999923706055,11.0,222300
2022-06-29,7.950931072235107,10.720000267028809,10.880000114440918,10.720000267028809,10.880000114440918,160600
2022-06-30,7.988015651702881,10.770000457763672,10.850000381469727,10.600000381469727,10.600000381469727,205900
2022-07-01,8.188273429870605,11.039999961853027,11.039999961853027,10.710000038146973,10.779999732971191,145700
2022-07-05,8.19568920135498,11.050000190734863,11.069999694824219,10.760000228881836,10.869999885559082,214100
2022-07-06,8.17343807220459,11.020000457763672,11.100000381469727,10.920000076293945,11.050000190734863,237400
2022-07-07,8.321775436401367,11.220000267028809,11.239999771118164,11.0600004196167,11.140000343322754,375000
2022-07-08,8.381111145019531,11.300000190734863,11.350000381469727,11.119999885559082,11.3100004196167,201900
2022-07-11,8.262441635131836,11.140000343322754,11.34000015258789,11.109999656677246,11.300000190734863,198700
2022-07-12,8.314359664916992,11.210000038146973,11.329999923706055,11.050000190734863,11.050000190734863,155300
2022-07-13,8.284692764282227,11.170000076293945,11.1899995803833,11.039999961853027,11.09000015258789,132000
2022-07-14,8.166023254394531,11.010000228881836,11.069999694824219,10.960000038146973,11.029999732971191,165800
2022-07-15,8.247608184814453,11.119999885559082,11.210000038146973,11.09000015258789,11.180000305175781,175700
2022-07-18,8.344027519226074,11.25,11.380000114440918,11.170000076293945,11.220000267028809,208000
2022-07-19,8.403362274169922,11.329999923706055,11.390000343322754,11.25,11.300000190734863,186300
2022-07-20,8.410778999328613,11.34000015258789,11.520000457763672,11.279999732971191,11.279999732971191,235900
2022-07-21,8.351445198059082,11.260000228881836,11.329999923706055,11.140000343322754,11.180000305175781,203600
2022-07-22,8.373693466186523,11.289999961853027,11.380000114440918,11.270000457763672,11.300000190734863,128200
2022-07-25,8.277275085449219,11.15999984741211,11.279999732971191,11.119999885559082,11.279999732971191,169300
2022-07-26,8.306943893432617,11.199999809265137,11.25,11.109999656677246,11.119999885559082,151800
2022-07-27,8.373693466186523,11.289999961853027,11.3100004196167,11.170000076293945,11.270000457763672,169400
2022-07-28,8.48494815826416,11.4399995803833,11.470000267028809,11.229999542236328,11.34000015258789,180300
2022-07-29,8.529451370239258,11.5,11.529999732971191,11.390000343322754,11.489999771118164,177400
2022-08-01,8.588787078857422,11.579999923706055,11.630000114440918,11.430000305175781,11.619999885559082,181800
2022-08-02,9.159887313842773,12.350000381469727,12.4399995803833,11.609999656677246,11.699999809265137,684500
2022-08-03,9.61973762512207,12.970000267028809,13.140000343322754,12.520000457763672,12.65999984741211,652900
2022-08-04,9.79774284362793,13.210000038146973,13.270000457763672,12.899999618530273,13.239999771118164,566500
2022-08-05,9.686488151550293,13.0600004196167,13.289999961853027,12.819999694824219,13.180000305175781,437000
2022-08-08,9.886746406555176,13.329999923706055,13.449999809265137,13.119999885559082,13.170000076293945,483800
2022-08-09,9.842245101928711,13.270000457763672,13.329999923706055,13.130000114440918,13.329999923706055,174500
2022-08-10,10.027667045593262,13.520000457763672,13.550000190734863,13.270000457763672,13.329999923706055,321100
2022-08-11,10.064750671386719,13.569999694824219,13.600000381469727,13.460000038146973,13.59000015258789,207200
2022-08-12,10.124086380004883,13.649999618530273,13.6899995803833,13.5600004196167,13.579999923706055,225600
2022-08-15,9.908994674682617,13.359999656677246,13.65999984741211,13.239999771118164,13.529999732971191,297000
2022-08-16,9.960915565490723,13.430000305175781,13.550000190734863,13.199999809265137,13.289999961853027,337100
2022-08-17,9.871912002563477,13.3100004196167,13.399999618530273,13.229999542236328,13.399999618530273,282300
2022-08-18,9.946080207824707,13.40999984741211,13.520000457763672,13.270000457763672,13.350000381469727,214500
2022-08-19,9.812575340270996,13.229999542236328,13.390000343322754,13.149999618530273,13.270000457763672,189600
2022-08-22,9.753241539001465,13.149999618530273,13.229999542236328,13.0600004196167,13.199999809265137,276400
2022-08-23,9.849660873413086,13.279999732971191,13.3100004196167,13.130000114440918,13.130000114440918,167500
2022-08-24,9.960915565490723,13.430000305175781,13.5,13.220000267028809,13.220000267028809,231900
2022-08-25,9.960915565490723,13.430000305175781,13.460000038146973,13.279999732971191,13.399999618530273,238800
2022-08-26,9.827409744262695,13.25,13.420000076293945,13.220000267028809,13.319999694824219,242600
2022-08-29,9.790325164794922,13.199999809265137,13.229999542236328,13.100000381469727,13.15999984741211,239600
2022-08-30,9.65682315826416,13.020000457763672,13.15999984741211,12.890000343322754,12.899999618530273,389600
2022-08-31,9.768074035644531,13.170000076293945,13.289999961853027,13.020000457763672,13.130000114440918,201100
2022-09-01,9.575234413146973,12.90999984741211,13.149999618530273,12.819999694824219,13.109999656677246,227400
2022-09-02,9.575234413146973,12.90999984741211,13.039999961853027,12.859999656677246,12.949999809265137,151800
2022-09-06,9.456564903259277,12.75,12.899999618530273,12.600000381469727,12.859999656677246,209300
2022-09-07,9.53073501586914,12.850000381469727,12.899999618530273,12.699999809265137,12.720000267028809,170600
2022-09-08,9.597484588623047,12.9399995803833,12.970000267028809,12.699999809265137,12.779999732971191,212100
2022-09-09,9.649405479431152,13.010000228881836,13.119999885559082,12.920000076293945,12.960000038146973,200200
2022-09-12,9.61973762512207,12.970000267028809,13.0600004196167,12.819999694824219,13.0600004196167,353600
2022-09-13,9.352726936340332,12.609999656677246,13.0,12.539999961853027,12.869999885559082,316400
2022-09-14,9.323060035705566,12.569999694824219,12.6899995803833,12.539999961853027,12.609999656677246,171100
2022-09-15,9.374979972839355,12.640000343322754,12.770000457763672,12.529999732971191,12.569999694824219,224800
2022-09-16,9.323060035705566,12.569999694824219,12.65999984741211,12.40999984741211,12.619999885559082,826400
2022-09-19,9.25456428527832,12.15999984741211,12.289999961853027,12.010000228881836,12.289999961853027,363100
2022-09-20,9.15562629699707,12.029999732971191,12.119999885559082,12.020000457763672,12.119999885559082,160900
2022-09-21,9.109963417053223,11.970000267028809,12.130000114440918,11.930000305175781,12.0,174900
2022-09-22,8.691375732421875,11.420000076293945,12.0,11.40999984741211,12.0,296500
2022-09-23,8.463054656982422,11.119999885559082,11.350000381469727,10.989999771118164,11.350000381469727,404800
2022-09-26,8.059690475463867,10.59000015258789,11.100000381469727,10.5,11.039999961853027,437300
2022-09-27,8.19668197631836,10.770000457763672,10.930000305175781,10.649999618530273,10.649999618530273,358400
2022-09-28,8.24234390258789,10.829999923706055,10.9399995803833,10.739999771118164,10.800000190734863,167800
2022-09-29,7.808538436889648,10.260000228881836,10.760000228881836,10.130000114440918,10.760000228881836,291800
2022-09-30,7.778096675872803,10.220000267028809,10.539999961853027,10.1899995803833,10.25,281800
2022-10-03,7.846593379974365,10.3100004196167,10.479999542236328,10.0600004196167,10.34000015258789,314600
2022-10-04,8.348896980285645,10.970000267028809,10.970000267028809,10.319999694824219,10.510000228881836,307800
2022-10-05,8.151018142700195,10.710000038146973,10.819999694824219,10.460000038146973,10.770000457763672,252900
2022-10-06,8.04446792602539,10.569999694824219,10.8100004196167,10.5600004196167,10.739999771118164,151000
2022-10-07,7.975971698760986,10.479999542236328,10.699999809265137,10.40999984741211,10.569999694824219,237000
2022-10-10,7.816150665283203,10.270000457763672,10.569999694824219,10.229999542236328,10.520000457763672,249100
2022-10-11,7.983583927154541,10.489999771118164,10.609999656677246,10.140000343322754,10.420000076293945,394200
2022-10-12,7.983583927154541,10.489999771118164,10.699999809265137,10.40999984741211,10.479999542236328,225200
2022-10-13,8.105353355407715,10.649999618530273,10.649999618530273,10.210000038146973,10.449999809265137,200900
2022-10-14,8.105353355407715,10.649999618530273,10.779999732971191,10.550000190734863,10.649999618530273,122400
2022-10-17,8.19668197631836,10.770000457763672,10.930000305175781,10.680000305175781,10.850000381469727,127300
2022-10-18,8.288010597229004,10.890000343322754,10.970000267028809,10.829999923706055,10.890000343322754,129700
2022-10-19,8.097742080688477,10.640000343322754,10.880000114440918,10.5600004196167,10.819999694824219,187200
2022-10-20,8.082521438598633,10.619999885559082,10.890000343322754,10.529999732971191,10.720000267028809,140700
2022-10-21,8.006416320800781,10.520000457763672,10.609999656677246,10.40999984741211,10.569999694824219,202000
2022-10-24,8.151018142700195,10.710000038146973,10.710000038146973,10.529999732971191,10.630000114440918,220300
2022-10-25,8.409780502319336,11.050000190734863,11.15999984741211,10.5600004196167,10.75,324700
2022-10-26,8.303232192993164,10.90999984741211,11.140000343322754,10.90999984741211,11.0600004196167,174800
2022-10-27,8.326064109802246,10.9399995803833,11.109999656677246,10.869999885559082,11.039999961853027,208300
2022-10-28,8.50110912322998,11.170000076293945,11.199999809265137,10.970000267028809,11.069999694824219,247900
2022-10-31,8.34128475189209,10.960000038146973,11.180000305175781,10.960000038146973,11.170000076293945,140700
2022-11-01,8.493498802185059,11.15999984741211,11.289999961853027,10.970000267028809,11.050000190734863,210200
2022-11-02,8.379338264465332,11.010000228881836,11.300000190734863,10.979999542236328,11.109999656677246,172700
2022-11-03,8.417391777038574,11.0600004196167,11.100000381469727,10.739999771118164,10.890000343322754,274800
2022-11-04,9.026243209838867,11.859999656677246,12.109999656677246,11.25,11.25,413700
2022-11-07,9.22412109375,12.119999885559082,12.119999885559082,11.8100004196167,11.90999984741211,340100
2022-11-08,9.178457260131836,12.0600004196167,12.1899995803833,11.949999809265137,12.010000228881836,266000
2022-11-09,9.079520225524902,11.930000305175781,12.220000267028809,11.90999984741211,12.0,157300
2022-11-10,9.33828067779541,12.270000457763672,12.369999885559082,12.0,12.0,257800
2022-11-11,9.33828067779541,12.270000457763672,12.399999618530273,12.229999542236328,12.380000114440918,134400
2022-11-14,9.292617797851562,12.210000038146973,12.3100004196167,12.039999961853027,12.25,149100
2022-11-15,9.33828067779541,12.270000457763672,12.449999809265137,12.199999809265137,12.3100004196167,124200
2022-11-16,9.269784927368164,12.180000305175781,12.279999732971191,12.109999656677246,12.239999771118164,146700
2022-11-17,9.300230026245117,12.220000267028809,12.229999542236328,11.989999771118164,12.130000114440918,190400
2022-11-18,9.345892906188965,12.279999732971191,12.399999618530273,12.220000267028809,12.260000228881836,132200
2022-11-21,9.39916706085205,12.350000381469727,12.399999618530273,12.09000015258789,12.229999542236328,180200
2022-11-22,9.421998977661133,12.380000114440918,12.430000305175781,12.279999732971191,12.3100004196167,150300
2022-11-23,9.475274085998535,12.449999809265137,12.520000457763672,12.319999694824219,12.319999694824219,221400
2022-11-25,9.513325691223145,12.5,12.539999961853027,12.399999618530273,12.420000076293945,46400
2022-11-28,9.285006523132324,12.199999809265137,12.5,12.149999618530273,12.479999542236328,207700
2022-11-29,9.353504180908203,12.289999961853027,12.3100004196167,12.1899995803833,12.1899995803833,110600
2022-11-30,9.429609298706055,12.390000343322754,12.40999984741211,12.180000305175781,12.199999809265137,156400
2022-12-01,9.330671310424805,12.260000228881836,12.470000267028809,12.239999771118164,12.380000114440918,287000
2022-12-02,9.368722915649414,12.3100004196167,12.359999656677246,12.149999618530273,12.199999809265137,133600
2022-12-05,9.285006523132324,12.199999809265137,12.3100004196167,12.1899995803833,12.229999542236328,201000
2022-12-06,9.170846939086914,12.050000190734863,12.25,12.029999732971191,12.149999618530273,226500
2022-12-07,9.14040470123291,12.010000228881836,12.109999656677246,11.989999771118164,12.010000228881836,132600
2022-12-08,9.231732368469238,12.130000114440918,12.25,12.0,12.0,204700
2022-12-09,9.208902359008789,12.100000381469727,12.25,12.050000190734863,12.100000381469727,225100
2022-12-12,9.246953010559082,12.149999618530273,12.239999771118164,12.069999694824219,12.100000381469727,162600
2022-12-13,9.330671310424805,12.260000228881836,12.399999618530273,12.210000038146973,12.399999618530273,224000
2022-12-14,9.246953010559082,12.149999618530273,12.270000457763672,12.069999694824219,12.260000228881836,245400
2022-12-15,9.19367790222168,12.079999923706055,12.170000076293945,11.949999809265137,12.09000015258789,503800
2022-12-16,8.895336151123047,11.329999923706055,11.680000305175781,11.210000038146973,11.569999694824219,575000
2022-12-19,8.722611427307129,11.109999656677246,11.319999694824219,11.020000457763672,11.270000457763672,309000
2022-12-20,8.75401496887207,11.149999618530273,11.239999771118164,11.020000457763672,11.020000457763672,215300
2022-12-21,8.84822940826416,11.270000457763672,11.4399995803833,11.239999771118164,11.270000457763672,171700
2022-12-22,8.887484550476074,11.319999694824219,11.319999694824219,11.020000457763672,11.199999809265137,215800
2022-12-23,9.107316017150879,11.600000381469727,11.630000114440918,11.300000190734863,11.319999694824219,248700
2022-12-27,9.099465370178223,11.59000015258789,11.729999542236328,11.539999961853027,11.600000381469727,278300
2022-12-28,8.918889045715332,11.359999656677246,11.649999618530273,11.350000381469727,11.5600004196167,244700
2022-12-29,9.075911521911621,11.5600004196167,11.680000305175781,11.359999656677246,11.359999656677246,228900
2022-12-30,8.95029354095459,11.399999618530273,11.640000343322754,11.3100004196167,11.489999771118164,215300
2023-01-03,9.130868911743164,11.630000114440918,11.75,11.520000457763672,11.520000457763672,225100
2023-01-04,9.248638153076172,11.779999732971191,11.859999656677246,11.640000343322754,11.640000343322754,172100
2023-01-05,9.22508430480957,11.75,11.869999885559082,11.670000076293945,11.850000381469727,359900
2023-01-06,9.319296836853027,11.869999885559082,12.029999732971191,11.779999732971191,11.800000190734863,208800
2023-01-09,9.397809982299805,11.970000267028809,12.020000457763672,11.899999618530273,11.899999618530273,144600
2023-01-10,9.4135103225708,11.989999771118164,12.050000190734863,11.960000038146973,12.050000190734863,98700
2023-01-11,9.570533752441406,12.1899995803833,12.220000267028809,11.989999771118164,12.09000015258789,149400
2023-01-12,9.798218727111816,12.479999542236328,12.479999542236328,12.180000305175781,12.25,219700
2023-01-13,9.711853981018066,12.369999885559082,12.430000305175781,12.279999732971191,12.289999961853027,104800
2023-01-17,9.829621315002441,12.520000457763672,12.619999885559082,12.40999984741211,12.449999809265137,195100
2023-01-18,9.65689468383789,12.300000190734863,12.579999923706055,12.270000457763672,12.520000457763672,126000
2023-01-19,9.586236000061035,12.210000038146973,12.319999694824219,12.079999923706055,12.1899995803833,148600
2023-01-20,9.641194343566895,12.279999732971191,12.319999694824219,12.15999984741211,12.25,110400
2023-01-23,9.758959770202637,12.430000305175781,12.460000038146973,12.239999771118164,12.260000228881836,129000
2023-01-24,9.75110912322998,12.420000076293945,12.479999542236328,12.319999694824219,12.4399995803833,86900
2023-01-25,9.696151733398438,12.350000381469727,12.399999618530273,12.270000457763672,12.399999618530273,100800
2023-01-26,9.680448532104492,12.329999923706055,12.449999809265137,12.300000190734863,12.350000381469727,128400
2023-01-27,9.727556228637695,12.390000343322754,12.460000038146973,12.270000457763672,12.3100004196167,123100
2023-01-30,9.625492095947266,12.260000228881836,12.470000267028809,12.260000228881836,12.369999885559082,109800
2023-01-31,9.75110912322998,12.420000076293945,12.460000038146973,12.3100004196167,12.34000015258789,139100
2023-02-01,9.876727104187012,12.579999923706055,12.640000343322754,12.399999618530273,12.460000038146973,164500
2023-02-02,9.876727104187012,12.579999923706055,12.739999771118164,12.529999732971191,12.680000305175781,155500
2023-02-03,9.884578704833984,12.59000015258789,12.670000076293945,12.489999771118164,12.520000457763672,123100
2023-02-06,9.758959770202637,12.430000305175781,12.569999694824219,12.329999923706055,12.569999694824219,166200
2023-02-07,9.884578704833984,12.59000015258789,12.600000381469727,12.390000343322754,12.470000267028809,144800
2023-02-08,9.664746284484863,12.3100004196167,12.579999923706055,12.279999732971191,12.5,135800
2023-02-09,9.46846866607666,12.0600004196167,12.369999885559082,12.050000190734863,12.359999656677246,176300
2023-02-10,9.586236000061035,12.210000038146973,12.420000076293945,12.029999732971191,12.149999618530273,88400
2023-02-13,9.70400333404541,12.359999656677246,12.430000305175781,12.199999809265137,12.229999542236328,140600
2023-02-14,9.65689468383789,12.300000190734863,12.460000038146973,12.270000457763672,12.369999885559082,109300
2023-02-15,9.633341789245605,12.270000457763672,12.3100004196167,12.149999618530273,12.1899995803833,89700
2023-02-16,9.633341789245605,12.270000457763672,12.380000114440918,12.15999984741211,12.199999809265137,100600
2023-02-17,9.711853981018066,12.369999885559082,12.399999618530273,12.130000114440918,12.130000114440918,195800
2023-02-21,9.492022514343262,12.09000015258789,12.359999656677246,12.0,12.170000076293945,193400
2023-02-22,9.806066513061523,12.489999771118164,12.770000457763672,12.260000228881836,12.380000114440918,308900
2023-02-23,9.884578704833984,12.59000015258789,12.670000076293945,12.470000267028809,12.619999885559082,216200
2023-02-24,9.868876457214355,12.569999694824219,12.699999809265137,12.5,12.550000190734863,148400
2023-02-27,9.947389602661133,12.670000076293945,12.84000015258789,12.65999984741211,12.6899995803833,221200
2023-02-28,9.923836708068848,12.640000343322754,12.770000457763672,12.579999923706055,12.760000228881836,156500
2023-03-01,9.900280952453613,12.609999656677246,12.760000228881836,12.579999923706055,12.6899995803833,99800
2023-03-02,9.994495391845703,12.729999542236328,12.739999771118164,12.579999923706055,12.609999656677246,192000
2023-03-03,10.049453735351562,12.800000190734863,12.829999923706055,12.729999542236328,12.800000190734863,152800
2023-03-06,9.923836708068848,12.640000343322754,12.819999694824219,12.630000114440918,12.819999694824219,216600
2023-03-07,9.782513618469238,12.460000038146973,12.710000038146973,12.329999923706055,12.65999984741211,197200
2023-03-08,9.735407829284668,12.399999618530273,12.569999694824219,12.350000381469727,12.460000038146973,147600
2023-03-09,9.484169960021973,12.079999923706055,12.479999542236328,12.050000190734863,12.479999542236328,266700
2023-03-10,8.903186798095703,11.34000015258789,12.119999885559082,11.3100004196167,11.989999771118164,794900
2023-03-13,8.732596397399902,10.75,10.899999618530273,10.390000343322754,10.859999656677246,700200
2023-03-14,8.90318775177002,10.960000038146973,11.239999771118164,10.880000114440918,10.979999542236328,312100
2023-03-15,8.854446411132812,10.899999618530273,10.899999618530273,10.619999885559082,10.800000190734863,298000
2023-03-16,9.016912460327148,11.100000381469727,11.170000076293945,10.65999984741211,10.880000114440918,254600
2023-03-17,8.789459228515625,10.819999694824219,10.989999771118164,10.760000228881836,10.989999771118164,535500
2023-03-20,8.626992225646973,10.619999885559082,11.010000228881836,10.460000038146973,10.850000381469727,563600
2023-03-21,8.854446411132812,10.899999618530273,10.979999542236328,10.710000038146973,10.729999542236328,255900
2023-03-22,8.708226203918457,10.720000267028809,11.0,10.720000267028809,10.920000076293945,192300
2023-03-23,8.667609214782715,10.670000076293945,10.949999809265137,10.600000381469727,10.699999809265137,164300
2023-03-24,8.797581672668457,10.829999923706055,10.829999923706055,10.479999542236328,10.550000190734863,137300
2023-03-27,8.862569808959961,10.90999984741211,11.0600004196167,10.869999885559082,10.949999809265137,311900
2023-03-28,8.911312103271484,10.970000267028809,11.119999885559082,10.789999961853027,10.789999961853027,208800
2023-03-29,9.025036811828613,11.109999656677246,11.119999885559082,10.979999542236328,11.079999923706055,272600
2023-03-30,9.155011177062988,11.270000457763672,11.34000015258789,11.180000305175781,11.229999542236328,417200
2023-03-31,9.260614395141602,11.399999618530273,11.6899995803833,11.300000190734863,11.390000343322754,257000
2023-04-03,9.203751564025879,11.329999923706055,11.489999771118164,11.260000228881836,11.34000015258789,170800
2023-04-04,9.130640029907227,11.239999771118164,11.380000114440918,11.15999984741211,11.319999694824219,120200
2023-04-05,9.122517585754395,11.229999542236328,11.279999732971191,11.170000076293945,11.260000228881836,170600
2023-04-06,9.195627212524414,11.319999694824219,11.350000381469727,11.1899995803833,11.279999732971191,134800
2023-04-10,8.984419822692871,11.0600004196167,11.319999694824219,10.949999809265137,11.25,198500
2023-04-11,9.033160209655762,11.119999885559082,11.180000305175781,11.0600004196167,11.109999656677246,124800
2023-04-12,9.122517585754395,11.229999542236328,11.270000457763672,11.109999656677246,11.180000305175781,150100
2023-04-13,9.268736839294434,11.40999984741211,11.449999809265137,11.220000267028809,11.229999542236328,185600
2023-04-14,9.228120803833008,11.359999656677246,11.529999732971191,11.3100004196167,11.430000305175781,153000
2023-04-17,9.333724021911621,11.489999771118164,11.520000457763672,11.289999961853027,11.350000381469727,112600
2023-04-18,9.155011177062988,11.270000457763672,11.609999656677246,11.229999542236328,11.510000228881836,147000
2023-04-19,9.252490997314453,11.390000343322754,11.399999618530273,11.220000267028809,11.229999542236328,192100
2023-04-20,9.138763427734375,11.25,11.460000038146973,11.210000038146973,11.359999656677246,86300
2023-04-21,9.219998359680176,11.350000381469727,11.350000381469727,11.210000038146973,11.260000228881836,201700
2023-04-24,9.187504768371582,11.3100004196167,11.380000114440918,11.1899995803833,11.210000038146973,128300
2023-04-25,9.07377815246582,11.170000076293945,11.350000381469727,11.170000076293945,11.300000190734863,102200
2023-04-26,8.927556037902832,10.989999771118164,11.380000114440918,10.899999618530273,11.149999618530273,538600
2023-04-27,9.04128360748291,11.130000114440918,11.1899995803833,11.020000457763672,11.050000190734863,140900
2023-04-28,9.195627212524414,11.319999694824219,11.390000343322754,11.100000381469727,11.100000381469727,126100
2023-05-01,9.07377815246582,11.170000076293945,11.380000114440918,11.140000343322754,11.289999961853027,168000
2023-05-02,9.065653800964355,11.15999984741211,11.15999984741211,10.779999732971191,11.100000381469727,260600
2023-05-03,9.155011177062988,11.270000457763672,11.579999923706055,11.210000038146973,11.5,243700
2023-05-04,9.114392280578613,11.220000267028809,11.260000228881836,11.029999732971191,11.239999771118164,172500
2023-05-05,9.138763427734375,11.25,11.449999809265137,11.25,11.34000015258789,180900
2023-05-08,9.203751564025879,11.329999923706055,11.40999984741211,11.199999809265137,11.229999542236328,106900
2023-05-09,9.14688777923584,11.260000228881836,11.380000114440918,11.220000267028809,11.270000457763672,86500
2023-05-10,9.211874008178711,11.34000015258789,11.430000305175781,11.289999961853027,11.369999885559082,101700
2023-05-11,9.211874008178711,11.34000015258789,11.359999656677246,11.210000038146973,11.319999694824219,159200
2023-05-12,9.244367599487305,11.380000114440918,11.430000305175781,11.270000457763672,11.380000114440918,119900
2023-05-15,9.276860237121582,11.420000076293945,11.5,11.380000114440918,11.380000114440918,110400
2023-05-16,9.228120803833008,11.359999656677246,11.5,11.34000015258789,11.5,80100
2023-05-17,9.32559871673584,11.479999542236328,11.510000228881836,11.34000015258789,11.380000114440918,158300
2023-05-18,9.382465362548828,11.550000190734863,11.59000015258789,11.460000038146973,11.529999732971191,108000
2023-05-19,9.439329147338867,11.619999885559082,11.6899995803833,11.550000190734863,11.569999694824219,119100
2023-05-22,9.455574989318848,11.640000343322754,11.699999809265137,11.579999923706055,11.609999656677246,145200
2023-05-23,9.406835556030273,11.579999923706055,11.75,11.569999694824219,11.680000305175781,161300
2023-05-24,9.309354782104492,11.460000038146973,11.600000381469727,11.430000305175781,11.550000190734863,100500
2023-05-25,9.301230430603027,11.449999809265137,11.489999771118164,11.380000114440918,11.430000305175781,88100
2023-05-26,9.455574989318848,11.640000343322754,11.680000305175781,11.479999542236328,11.539999961853027,122700
2023-05-30,9.488067626953125,11.680000305175781,11.739999771118164,11.640000343322754,11.680000305175781,143100
2023-05-31,9.455574989318848,11.640000343322754,11.6899995803833,11.5600004196167,11.649999618530273,136500
2023-06-01,9.650533676147461,11.880000114440918,11.90999984741211,11.640000343322754,11.649999618530273,253500
2023-06-02,9.788631439208984,12.050000190734863,12.119999885559082,11.789999961853027,11.979999542236328,183800
2023-06-05,9.829249382019043,12.100000381469727,12.220000267028809,11.979999542236328,12.100000381469727,165600
2023-06-06,9.991714477539062,12.300000190734863,12.34000015258789,12.100000381469727,12.130000114440918,163000
2023-06-07,10.194799423217773,12.550000190734863,12.630000114440918,12.210000038146973,12.210000038146973,235700
2023-06-08,10.162304878234863,12.510000228881836,12.569999694824219,12.350000381469727,12.510000228881836,272400
2023-06-09,10.064825057983398,12.390000343322754,12.5,12.270000457763672,12.5,274000
2023-06-12,10.274334907531738,12.260000228881836,12.420000076293945,11.989999771118164,12.010000228881836,401700
2023-06-13,10.3665189743042,12.369999885559082,12.380000114440918,12.170000076293945,12.220000267028809,228800
2023-06-14,10.31623649597168,12.3100004196167,12.460000038146973,12.239999771118164,12.359999656677246,205100
2023-06-15,10.475462913513184,12.5,12.529999732971191,12.279999732971191,12.289999961853027,196300
2023-06-16,10.240813255310059,12.220000267028809,12.5,12.1899995803833,12.5,756700
2023-06-20,10.232433319091797,12.210000038146973,12.300000190734863,12.149999618530273,12.220000267028809,204600
2023-06-21,10.1989107131958,12.170000076293945,12.279999732971191,12.15999984741211,12.210000038146973,177700
2023-06-22,10.10672664642334,12.0600004196167,12.180000305175781,12.020000457763672,12.180000305175781,144200
2023-06-23,10.022923469543457,11.960000038146973,12.029999732971191,11.930000305175781,12.029999732971191,224900
2023-06-26,10.123486518859863,12.079999923706055,12.109999656677246,12.020000457763672,12.020000457763672,157400
2023-06-27,10.307854652404785,12.300000190734863,12.3100004196167,12.0600004196167,12.109999656677246,209700
2023-06-28,10.425182342529297,12.4399995803833,12.4399995803833,12.25,12.3100004196167,180800
2023-06-29,10.567646980285645,12.609999656677246,12.65999984741211,12.449999809265137,12.489999771118164,354100
2023-06-30,10.525747299194336,12.5600004196167,12.770000457763672,12.539999961853027,12.649999618530273,340800
2023-07-03,10.609548568725586,12.65999984741211,12.6899995803833,12.5600004196167,12.579999923706055,108600
2023-07-05,10.500603675842285,12.529999732971191,12.609999656677246,12.489999771118164,12.520000457763672,283200
2023-07-06,10.450322151184082,12.470000267028809,12.510000228881836,12.350000381469727,12.510000228881836,171900
2023-07-07,10.525747299194336,12.5600004196167,12.65999984741211,12.479999542236328,12.479999542236328,128800
2023-07-10,10.601167678833008,12.649999618530273,12.6899995803833,12.529999732971191,12.5600004196167,255900
2023-07-11,10.710113525390625,12.779999732971191,12.84000015258789,12.680000305175781,12.729999542236328,197200
2023-07-12,10.802298545837402,12.890000343322754,12.949999809265137,12.84000015258789,12.850000381469727,159500
2023-07-13,10.860960006713867,12.960000038146973,13.010000228881836,12.880000114440918,12.890000343322754,212400
2023-07-14,10.902862548828125,13.010000228881836,13.079999923706055,12.880000114440918,12.979999542236328,202600
2023-07-17,10.978285789489746,13.100000381469727,13.180000305175781,12.970000267028809,13.079999923706055,196200
2023-07-18,11.179414749145508,13.34000015258789,13.529999732971191,13.15999984741211,13.15999984741211,271100
2023-07-19,11.145894050598145,13.300000190734863,13.4399995803833,13.289999961853027,13.34000015258789,160500
2023-07-20,11.078849792480469,13.220000267028809,13.380000114440918,13.15999984741211,13.34000015258789,120200
2023-07-21,11.062088966369629,13.199999809265137,13.34000015258789,13.199999809265137,13.329999923706055,101100
2023-07-24,11.246458053588867,13.420000076293945,13.479999542236328,13.229999542236328,13.229999542236328,189200
2023-07-25,11.179414749145508,13.34000015258789,13.510000228881836,13.329999923706055,13.420000076293945,246200
2023-07-26,11.321880340576172,13.510000228881836,13.579999923706055,13.369999885559082,13.380000114440918,161600
2023-07-27,11.321880340576172,13.510000228881836,13.699999809265137,13.470000267028809,13.529999732971191,274300
2023-07-28,11.447586059570312,13.65999984741211,13.670000076293945,13.470000267028809,13.510000228881836,221400
2023-07-31,11.397303581237793,13.600000381469727,13.739999771118164,13.569999694824219,13.699999809265137,171800
2023-08-01,11.422444343566895,13.630000114440918,13.65999984741211,13.5600004196167,13.600000381469727,118700
2023-08-02,11.41406536102295,13.619999885559082,13.699999809265137,13.550000190734863,13.630000114440918,158300
2023-08-03,11.447586059570312,13.65999984741211,13.930000305175781,13.59000015258789,13.630000114440918,313500
2023-08-04,11.506248474121094,13.729999542236328,13.869999885559082,13.680000305175781,13.680000305175781,151600
2023-08-07,11.69899845123291,13.960000038146973,14.029999732971191,13.869999885559082,13.920000076293945,291200
2023-08-08,11.665474891662598,13.920000076293945,13.960000038146973,13.760000228881836,13.930000305175781,211100
2023-08-09,11.606812477111816,13.850000381469727,14.0,13.800000190734863,13.899999618530273,256800
2023-08-10,11.598433494567871,13.84000015258789,13.960000038146973,13.739999771118164,13.850000381469727,168500
2023-08-11,11.422444343566895,13.630000114440918,13.84000015258789,13.630000114440918,13.84000015258789,256700
2023-08-14,11.514629364013672,13.739999771118164,13.770000457763672,13.59000015258789,13.699999809265137,174300
2023-08-15,11.481107711791992,13.699999809265137,13.75,13.640000343322754,13.6899995803833,170700
2023-08-16,11.305120468139648,13.489999771118164,13.779999732971191,13.460000038146973,13.670000076293945,369500
2023-08-17,11.062088966369629,13.199999809265137,13.5600004196167,13.170000076293945,13.470000267028809,355300
2023-08-18,11.129131317138672,13.279999732971191,13.420000076293945,13.100000381469727,13.15999984741211,228400
2023-08-21,11.078849792480469,13.220000267028809,13.34000015258789,13.109999656677246,13.25,135500
2023-08-22,10.944764137268066,13.0600004196167,13.25,13.039999961853027,13.220000267028809,210000
2023-08-23,11.062088966369629,13.199999809265137,13.260000228881836,13.170000076293945,13.170000076293945,203200
2023-08-24,11.062088966369629,13.199999809265137,13.359999656677246,13.170000076293945,13.220000267028809,118300
2023-08-25,11.095610618591309,13.239999771118164,13.279999732971191,13.119999885559082,13.229999542236328,113900
2023-08-28,11.196173667907715,13.359999656677246,13.380000114440918,13.220000267028809,13.220000267028809,110400
2023-08-29,11.27997875213623,13.460000038146973,13.460000038146973,13.319999694824219,13.399999618530273,148500
2023-08-30,11.388923645019531,13.59000015258789,13.649999618530273,13.4399995803833,13.5,166400
2023-08-31,11.355401992797852,13.550000190734863,13.680000305175781,13.539999961853027,13.670000076293945,151200
2023-09-01,11.430826187133789,13.640000343322754,13.680000305175781,13.569999694824219,13.649999618530273,137400
2023-09-05,11.338642120361328,13.529999732971191,13.699999809265137,13.510000228881836,13.65999984741211,156800
2023-09-06,11.238076210021973,13.40999984741211,13.579999923706055,13.390000343322754,13.569999694824219,153300
2023-09-07,11.31350040435791,13.5,13.539999961853027,13.40999984741211,13.420000076293945,177200
2023-09-08,11.41406536102295,13.619999885559082,13.729999542236328,13.510000228881836,13.59000015258789,320300
2023-09-11,11.396822929382324,13.220000267028809,13.300000190734863,13.130000114440918,13.25,276200
2023-09-12,11.3795804977417,13.199999809265137,13.289999961853027,13.199999809265137,13.229999542236328,199000
2023-09-13,11.422685623168945,13.25,13.289999961853027,13.180000305175781,13.180000305175781,199300
2023-09-14,11.500273704528809,13.34000015258789,13.399999618530273,13.3100004196167,13.3100004196167,180100
2023-09-15,11.55199909210205,13.399999618530273,13.460000038146973,13.329999923706055,13.350000381469727,269600
2023-09-18,11.681312561035156,13.550000190734863,13.600000381469727,13.4399995803833,13.460000038146973,210600
2023-09-19,11.741659164428711,13.619999885559082,13.670000076293945,13.550000190734863,13.579999923706055,154900
2023-09-20,11.802005767822266,13.6899995803833,13.720000267028809,13.609999656677246,13.619999885559082,211500
2023-09-21,11.646829605102539,13.510000228881836,13.65999984741211,13.510000228881836,13.649999618530273,171200
2023-09-22,11.71579647064209,13.59000015258789,13.649999618530273,13.5,13.5,105900
2023-09-25,11.71579647064209,13.59000015258789,13.65999984741211,13.529999732971191,13.539999961853027,168600
2023-09-26,11.698554039001465,13.569999694824219,13.720000267028809,13.520000457763672,13.5600004196167,195100
2023-09-27,11.758901596069336,13.640000343322754,13.720000267028809,13.569999694824219,13.600000381469727,193400
2023-09-28,11.983043670654297,13.899999618530273,13.930000305175781,13.619999885559082,13.699999809265137,341500
2023-09-29,11.853731155395508,13.75,13.989999771118164,13.739999771118164,13.949999809265137,230900
2023-10-02,11.646829605102539,13.510000228881836,13.819999694824219,13.479999542236328,13.800000190734863,168400
2023-10-03,11.422685623168945,13.25,13.5,13.180000305175781,13.489999771118164,194500
2023-10-04,11.319234848022461,13.130000114440918,13.300000190734863,13.050000190734863,13.289999961853027,435200
2023-10-05,11.353717803955078,13.170000076293945,13.239999771118164,13.109999656677246,13.130000114440918,104700
2023-10-06,11.448548316955566,13.279999732971191,13.350000381469727,13.09000015258789,13.140000343322754,118400
2023-10-09,11.526137351989746,13.369999885559082,13.4399995803833,13.270000457763672,13.270000457763672,85100
2023-10-10,11.560619354248047,13.40999984741211,13.529999732971191,13.380000114440918,13.380000114440918,83300
2023-10-11,11.474411964416504,13.3100004196167,13.470000267028809,13.260000228881836,13.359999656677246,151400
2023-10-12,11.362340927124023,13.180000305175781,13.369999885559082,13.0600004196167,13.359999656677246,177300
2023-10-13,11.301993370056152,13.109999656677246,13.279999732971191,13.039999961853027,13.1899995803833,190000
2023-10-16,11.560619354248047,13.40999984741211,13.470000267028809,13.210000038146973,13.210000038146973,148500
2023-10-17,11.5175142288208,13.359999656677246,13.430000305175781,13.260000228881836,13.40999984741211,135700
2023-10-18,11.396822929382324,13.220000267028809,13.399999618530273,13.220000267028809,13.319999694824219,152300
2023-10-19,11.215784072875977,13.010000228881836,13.25,13.0,13.229999542236328,147900
2023-10-20,11.103713035583496,12.880000114440918,13.069999694824219,12.819999694824219,13.039999961853027,133100
2023-10-23,10.965778350830078,12.720000267028809,12.869999885559082,12.680000305175781,12.850000381469727,238600
2023-10-24,11.051986694335938,12.819999694824219,12.880000114440918,12.710000038146973,12.760000228881836,133800
2023-10-25,10.931295394897461,12.680000305175781,12.829999923706055,12.569999694824219,12.75,141600
2023-10-26,10.974398612976074,12.729999542236328,12.829999923706055,12.609999656677246,12.640000343322754,114700
2023-10-27,10.819223403930664,12.550000190734863,12.760000228881836,12.510000228881836,12.729999542236328,99100
2023-10-30,11.008882522583008,12.770000457763672,12.779999732971191,12.5600004196167,12.600000381469727,195000
2023-10-31,11.008882522583008,12.770000457763672,12.9399995803833,12.720000267028809,12.800000190734863,105800
2023-11-01,11.25026798248291,13.050000190734863,13.0600004196167,12.770000457763672,12.770000457763672,94100
2023-11-02,11.491653442382812,13.329999923706055,13.359999656677246,13.140000343322754,13.170000076293945,220000
2023-11-03,11.655450820922852,13.520000457763672,13.569999694824219,13.420000076293945,13.5,150300
2023-11-06,11.577862739562988,13.430000305175781,13.539999961853027,13.34000015258789,13.539999961853027,165000
2023-11-07,11.500273704528809,13.34000015258789,13.430000305175781,13.300000190734863,13.300000190734863,147900
2023-11-08,11.164057731628418,12.949999809265137,13.350000381469727,12.899999618530273,13.350000381469727,283100
2023-11-09,11.25026798248291,13.050000190734863,13.149999618530273,12.90999984741211,12.90999984741211,214700
2023-11-10,11.345097541809082,13.15999984741211,13.180000305175781,13.010000228881836,13.039999961853027,176800
2023-11-13,11.353717803955078,13.170000076293945,13.210000038146973,13.050000190734863,13.09000015258789,149900
2023-11-14,11.5175142288208,13.359999656677246,13.390000343322754,13.239999771118164,13.34000015258789,119300
2023-11-15,11.534756660461426,13.380000114440918,13.430000305175781,13.34000015258789,13.390000343322754,122400
2023-11-16,11.396822929382324,13.220000267028809,13.420000076293945,13.220000267028809,13.350000381469727,118500
2023-11-17,11.405444145202637,13.229999542236328,13.34000015258789,13.220000267028809,13.25,128900
2023-11-20,11.43992805480957,13.270000457763672,13.3100004196167,13.180000305175781,13.260000228881836,157900
2023-11-21,11.448548316955566,13.279999732971191,13.369999885559082,13.239999771118164,13.270000457763672,107300
2023-11-22,11.43992805480957,13.270000457763672,13.350000381469727,13.210000038146973,13.300000190734863,122200
2023-11-24,11.595104217529297,13.449999809265137,13.460000038146973,13.3100004196167,13.34000015258789,131200
2023-11-27,11.560619354248047,13.40999984741211,13.449999809265137,13.359999656677246,13.430000305175781,140300
2023-11-28,11.500273704528809,13.34000015258789,13.4399995803833,13.3100004196167,13.4399995803833,130400
2023-11-29,11.508893966674805,13.350000381469727,13.420000076293945,13.34000015258789,13.350000381469727,141800
2023-11-30,11.612345695495605,13.470000267028809,13.520000457763672,13.369999885559082,13.420000076293945,155000
2023-12-01,11.698554039001465,13.569999694824219,13.569999694824219,13.40999984741211,13.470000267028809,150100
2023-12-04,11.75027847290039,13.630000114440918,13.649999618530273,13.479999542236328,13.569999694824219,272200
2023-12-05,11.707174301147461,13.579999923706055,13.6899995803833,13.539999961853027,13.579999923706055,216600
2023-12-06,11.724416732788086,13.600000381469727,13.6899995803833,13.569999694824219,13.609999656677246,177400
2023-12-07,11.845109939575195,13.739999771118164,13.819999694824219,13.569999694824219,13.600000381469727,253600
2023-12-08,11.939939498901367,13.850000381469727,13.880000114440918,13.75,13.760000228881836,264300
2023-12-11,11.851298332214355,13.369999885559082,13.550000190734863,13.329999923706055,13.449999809265137,383400
2023-12-12,11.89561939239502,13.420000076293945,13.470000267028809,13.329999923706055,13.329999923706055,219800
2023-12-13,12.134949684143066,13.6899995803833,13.6899995803833,13.350000381469727,13.430000305175781,241800
2023-12-14,12.152678489685059,13.710000038146973,13.829999923706055,13.649999618530273,13.75,258100
2023-12-15,12.081765174865723,13.630000114440918,13.770000457763672,13.569999694824219,13.770000457763672,380800
2023-12-18,11.993124008178711,13.529999732971191,13.680000305175781,13.5,13.680000305175781,272400
2023-12-19,12.152678489685059,13.710000038146973,13.710000038146973,13.510000228881836,13.600000381469727,205300
2023-12-20,12.037444114685059,13.579999923706055,13.760000228881836,13.579999923706055,13.680000305175781,210600
2023-12-21,12.099493026733398,13.649999618530273,13.699999809265137,13.5600004196167,13.699999809265137,188200
2023-12-22,12.081765174865723,13.630000114440918,13.720000267028809,13.59000015258789,13.59000015258789,183800
2023-12-26,12.099493026733398,13.649999618530273,13.760000228881836,13.600000381469727,13.630000114440918,229300
2023-12-27,12.108358383178711,13.65999984741211,13.6899995803833,13.600000381469727,13.640000343322754,189300
2023-12-28,12.232455253601074,13.800000190734863,13.819999694824219,13.600000381469727,13.680000305175781,373900
2023-12-29,12.12608528137207,13.680000305175781,13.890000343322754,13.630000114440918,13.779999732971191,456000
2024-01-02,11.993124008178711,13.529999732971191,13.649999618530273,13.510000228881836,13.630000114440918,364300
2024-01-03,11.939940452575684,13.470000267028809,13.539999961853027,13.40999984741211,13.5,162700
2024-01-04,12.170406341552734,13.729999542236328,13.84000015258789,13.5,13.539999961853027,259700
2024-01-05,12.25904655456543,13.829999923706055,13.84000015258789,13.680000305175781,13.680000305175781,222800
2024-01-08,12.294504165649414,13.869999885559082,13.960000038146973,13.8100004196167,13.829999923706055,192600
2024-01-09,12.276775360107422,13.850000381469727,13.899999618530273,13.770000457763672,13.770000457763672,226700
2024-01-10,12.383145332336426,13.970000267028809,13.989999771118164,13.850000381469727,13.880000114440918,153000
2024-01-11,12.303367614746094,13.880000114440918,13.9399995803833,13.65999984741211,13.9399995803833,204600
2024-01-12,12.329959869384766,13.90999984741211,14.0,13.869999885559082,14.0,188100
2024-01-16,12.143813133239746,13.699999809265137,13.850000381469727,13.6899995803833,13.850000381469727,172300
2024-01-17,12.072900772094727,13.619999885559082,13.699999809265137,13.59000015258789,13.600000381469727,145100
2024-01-18,12.143813133239746,13.699999809265137,13.720000267028809,13.600000381469727,13.6899995803833,137100
2024-01-19,12.223590850830078,13.789999961853027,13.8100004196167,13.65999984741211,13.760000228881836,142800
2024-01-22,12.365416526794434,13.949999809265137,13.979999542236328,13.8100004196167,13.8100004196167,188300
2024-01-23,12.374281883239746,13.960000038146973,14.029999732971191,13.890000343322754,14.0,171900
2024-01-24,12.365416526794434,13.949999809265137,14.010000228881836,13.949999809265137,14.0,173200
2024-01-25,12.516106605529785,14.119999885559082,14.140000343322754,13.90999984741211,13.979999542236328,173800
2024-01-26,12.569291114807129,14.180000305175781,14.1899995803833,14.119999885559082,14.130000114440918,163200
2024-01-29,12.54269790649414,14.149999618530273,14.199999809265137,14.069999694824219,14.1899995803833,130300
2024-01-30,12.551562309265137,14.15999984741211,14.220000267028809,14.029999732971191,14.029999732971191,189200
2024-01-31,12.294504165649414,13.869999885559082,14.210000038146973,13.859999656677246,14.210000038146973,242200
2024-02-01,12.152678489685059,13.710000038146973,13.899999618530273,13.529999732971191,13.880000114440918,264200
2024-02-02,12.196998596191406,13.760000228881836,13.859999656677246,13.6899995803833,13.75,179800
2024-02-05,12.143813133239746,13.699999809265137,13.75,13.520000457763672,13.600000381469727,163900
2024-02-06,12.17927074432373,13.739999771118164,13.75,13.609999656677246,13.649999618530273,154100
2024-02-07,12.108358383178711,13.65999984741211,13.789999961853027,13.569999694824219,13.779999732971191,202100
2024-02-08,12.12608528137207,13.680000305175781,13.720000267028809,13.569999694824219,13.65999984741211,96000
2024-02-09,12.188135147094727,13.75,13.75,13.630000114440918,13.720000267028809,111400
2024-02-12,12.338824272155762,13.920000076293945,13.930000305175781,13.720000267028809,13.75,145200
2024-02-13,12.134949684143066,13.6899995803833,13.779999732971191,13.680000305175781,13.779999732971191,159900
2024-02-14,12.276775360107422,13.850000381469727,13.869999885559082,13.75,13.75,93700
2024-02-15,12.578153610229492,14.1899995803833,14.199999809265137,13.84000015258789,13.850000381469727,235300
2024-02-16,12.604745864868164,14.220000267028809,14.270000457763672,14.020000457763672,14.170000076293945,268000
2024-02-20,12.4806489944458,14.079999923706055,14.220000267028809,14.010000228881836,14.149999618530273,186900
2024-02-21,12.507242202758789,14.109999656677246,14.180000305175781,14.0600004196167,14.109999656677246,165500
2024-02-22,12.61361026763916,14.229999542236328,14.350000381469727,14.09000015258789,14.100000381469727,326500
2024-02-23,12.649068832397461,14.270000457763672,14.34000015258789,14.229999542236328,14.270000457763672,145700
2024-02-26,12.498377799987793,14.100000381469727,14.279999732971191,14.100000381469727,14.130000114440918,224200
2024-02-27,13.012495994567871,14.680000305175781,14.6899995803833,14.119999885559082,14.289999961853027,422300
2024-02-28,12.932719230651855,14.59000015258789,14.739999771118164,14.5,14.739999771118164,246000
2024-02-29,13.056815147399902,14.729999542236328,14.739999771118164,14.529999732971191,14.699999809265137,345300
2024-03-01,13.065680503845215,14.739999771118164,14.770000457763672,14.59000015258789,14.699999809265137,192300
2024-03-04,13.065680503845215,14.739999771118164,14.800000190734863,14.630000114440918,14.739999771118164,203600
2024-03-05,13.092273712158203,14.770000457763672,14.859999656677246,14.729999542236328,14.779999732971191,236600
2024-03-06,13.039087295532227,14.710000038146973,14.949999809265137,14.619999885559082,14.8100004196167,299000
2024-03-07,13.13659381866455,14.819999694824219,14.850000381469727,14.720000267028809,14.739999771118164,232400
2024-03-08,13.127729415893555,14.8100004196167,15.029999732971191,14.800000190734863,14.890000343322754,359400
2024-03-11,13.145922660827637,14.449999809265137,14.489999771118164,14.329999923706055,14.430000305175781,260100
2024-03-12,13.30967903137207,14.630000114440918,14.630000114440918,14.470000267028809,14.529999732971191,174100
2024-03-13,13.31877613067627,14.640000343322754,14.739999771118164,14.59000015258789,14.600000381469727,339100
2024-03-14,12.991266250610352,14.279999732971191,14.59000015258789,14.270000457763672,14.5600004196167,475100
2024-03-15,13.064044952392578,14.359999656677246,14.460000038146973,14.25,14.25,585300
2024-03-18,13.054948806762695,14.350000381469727,14.569999694824219,14.350000381469727,14.569999694824219,545300
2024-03-19,13.118631362915039,14.420000076293945,14.460000038146973,14.34000015258789,14.350000381469727,421300
2024-03-20,13.27328872680664,14.59000015258789,14.600000381469727,14.380000114440918,14.430000305175781,366400
2024-03-21,13.382458686828613,14.710000038146973,14.760000228881836,14.520000457763672,14.609999656677246,451300
2024-03-22,13.364262580871582,14.6899995803833,14.770000457763672,14.640000343322754,14.770000457763672,184300
2024-03-25,13.364262580871582,14.6899995803833,14.829999923706055,14.640000343322754,14.710000038146973,442600
2024-03-26,13.546215057373047,14.890000343322754,14.920000076293945,14.760000228881836,14.789999961853027,370500
2024-03-27,13.573507308959961,14.920000076293945,14.930000305175781,14.819999694824219,14.920000076293945,196200
2024-03-28,13.68267822265625,15.039999961853027,15.149999618530273,14.949999809265137,15.0,493100
2024-04-01,13.537117958068848,14.880000114440918,15.149999618530273,14.859999656677246,15.149999618530273,289300
2024-04-02,13.60989761352539,14.960000038146973,15.029999732971191,14.829999923706055,14.880000114440918,217300
2024-04-03,13.55531120300293,14.899999618530273,15.039999961853027,14.859999656677246,14.970000267028809,190400
2024-04-04,13.418848991394043,14.75,15.029999732971191,14.75,15.010000228881836,183900
2024-04-05,13.491629600524902,14.829999923706055,14.850000381469727,14.670000076293945,14.670000076293945,223800
2024-04-08,13.55531120300293,14.899999618530273,14.930000305175781,14.819999694824219,14.829999923706055,127900
2024-04-09,13.628091812133789,14.979999542236328,15.039999961853027,14.9399995803833,15.0,283700
2024-04-10,13.60989761352539,14.960000038146973,15.020000457763672,14.859999656677246,14.899999618530273,232300
2024-04-11,13.782750129699707,15.149999618530273,15.149999618530273,14.859999656677246,14.960000038146973,159800
2024-04-12,13.573507308959961,14.920000076293945,15.1899995803833,14.859999656677246,15.140000343322754,199100
2024-04-15,13.509824752807617,14.850000381469727,15.069999694824219,14.850000381469727,14.979999542236328,239500
2024-04-16,13.437045097351074,14.770000457763672,14.90999984741211,14.75,14.84000015258789,186000
2024-04-17,13.537117958068848,14.880000114440918,14.930000305175781,14.760000228881836,14.770000457763672,187800
2024-04-18,13.65538501739502,15.010000228881836,15.029999732971191,14.829999923706055,14.859999656677246,177500
2024-04-19,13.928311347961426,15.3100004196167,15.369999885559082,14.960000038146973,15.0,462200
2024-04-22,13.882823944091797,15.260000228881836,15.380000114440918,15.1899995803833,15.300000190734863,313100
2024-04-23,13.882823944091797,15.260000228881836,15.329999923706055,15.170000076293945,15.25,246800
2024-04-24,13.873725891113281,15.25,15.34000015258789,15.180000305175781,15.25,155900
2024-04-25,13.69177532196045,15.050000190734863,15.239999771118164,15.039999961853027,15.229999542236328,156000
2024-04-26,13.810043334960938,15.180000305175781,15.260000228881836,15.0600004196167,15.079999923706055,175400
2024-04-29,13.882823944091797,15.260000228881836,15.289999961853027,15.1899995803833,15.279999732971191,134800
2024-04-30,13.828237533569336,15.199999809265137,15.279999732971191,15.149999618530273,15.25,164000
2024-05-01,13.910115242004395,15.289999961853027,15.359999656677246,15.229999542236328,15.239999771118164,127900
2024-05-02,13.828237533569336,15.199999809265137,15.399999618530273,15.149999618530273,15.380000114440918,174500
2024-05-03,13.882823944091797,15.260000228881836,15.279999732971191,15.170000076293945,15.270000457763672,125000
2024-05-06,14.037480354309082,15.430000305175781,15.4399995803833,15.300000190734863,15.300000190734863,164900
2024-05-07,13.95560359954834,15.34000015258789,15.479999542236328,15.3100004196167,15.4399995803833,146900
2024-05-08,13.891921043395996,15.270000457763672,15.350000381469727,15.079999923706055,15.319999694824219,214100
2024-05-09,14.010188102722168,15.399999618530273,15.550000190734863,15.3100004196167,15.359999656677246,199400
2024-05-10,14.164846420288086,15.569999694824219,15.609999656677246,15.399999618530273,15.4399995803833,210600
2024-05-13,14.1830415725708,15.59000015258789,15.630000114440918,15.539999961853027,15.569999694824219,166100
2024-05-14,14.328601837158203,15.75,15.789999961853027,15.59000015258789,15.59000015258789,164800
2024-05-15,14.292211532592773,15.710000038146973,15.880000114440918,15.699999809265137,15.789999961853027,203300
2024-05-16,14.119359970092773,15.520000457763672,15.75,15.5,15.75,214800
2024-05-17,14.092065811157227,15.489999771118164,15.680000305175781,15.470000267028809,15.600000381469727,181900
2024-05-20,14.173943519592285,15.579999923706055,15.630000114440918,15.5,15.5,160800
2024-05-21,14.22852897644043,15.640000343322754,15.699999809265137,15.600000381469727,15.649999618530273,142200
2024-05-22,14.010188102722168,15.399999618530273,15.65999984741211,15.369999885559082,15.640000343322754,153400
2024-05-23,13.910115242004395,15.289999961853027,15.430000305175781,15.239999771118164,15.430000305175781,265400
2024-05-24,14.073872566223145,15.470000267028809,15.470000267028809,15.239999771118164,15.25,149100
2024-05-28,14.046578407287598,15.4399995803833,15.529999732971191,15.40999984741211,15.420000076293945,202500
2024-05-29,14.128456115722656,15.529999732971191,15.5600004196167,15.369999885559082,15.399999618530273,152900
2024-05-30,14.283114433288574,15.699999809265137,15.720000267028809,15.5600004196167,15.600000381469727,317900
2024-05-31,14.656113624572754,16.110000610351562,16.139999389648438,15.699999809265137,15.710000038146973,618200
2024-06-03,14.656113624572754,16.110000610351562,16.149999618530273,16.0,16.139999389648438,241700
2024-06-04,14.492358207702637,15.930000305175781,16.200000762939453,15.880000114440918,16.200000762939453,277700
2024-06-05,14.519649505615234,15.960000038146973,16.149999618530273,15.829999923706055,16.020000457763672,143900
2024-06-06,14.701600074768066,16.15999984741211,16.190000534057617,15.979999542236328,15.979999542236328,242600
2024-06-07,14.76528263092041,16.229999542236328,16.360000610351562,16.079999923706055,16.149999618530273,249000
2024-06-10,14.437771797180176,15.869999885559082,16.100000381469727,15.789999961853027,16.079999923706055,492000
2024-06-11,14.270000457763672,15.3100004196167,15.470000267028809,15.270000457763672,15.4399995803833,220000
2024-06-12,14.40048885345459,15.449999809265137,15.529999732971191,15.300000190734863,15.40999984741211,233400
2024-06-13,14.186113357543945,15.220000267028809,15.399999618530273,15.130000114440918,15.359999656677246,309900
2024-06-14,14.139510154724121,15.170000076293945,15.229999542236328,15.0600004196167,15.15999984741211,223900
2024-06-17,14.23271656036377,15.270000457763672,15.279999732971191,15.069999694824219,15.119999885559082,180400
2024-06-18,14.167471885681152,15.199999809265137,15.369999885559082,15.15999984741211,15.319999694824219,140900
2024-06-20,14.074265480041504,15.100000381469727,15.3100004196167,15.09000015258789,15.210000038146973,262000
2024-06-21,14.00901985168457,15.029999732971191,15.130000114440918,14.949999809265137,15.100000381469727,336800
2024-06-24,14.083584785461426,15.109999656677246,15.199999809265137,15.0600004196167,15.100000381469727,219200
2024-06-25,13.887850761413574,14.899999618530273,15.09000015258789,14.899999618530273,15.079999923706055,204700
2024-06-26,14.176793098449707,15.210000038146973,15.220000267028809,14.90999984741211,14.90999984741211,241600
2024-06-27,14.186113357543945,15.220000267028809,15.359999656677246,15.170000076293945,15.270000457763672,333400
2024-06-28,14.111547470092773,15.140000343322754,15.399999618530273,15.09000015258789,15.329999923706055,209300
2024-07-01,14.139510154724121,15.170000076293945,15.289999961853027,15.079999923706055,15.25,180800
2024-07-02,14.242037773132324,15.279999732971191,15.289999961853027,15.039999961853027,15.149999618530273,253000
2024-07-03,14.307282447814941,15.350000381469727,15.470000267028809,15.239999771118164,15.239999771118164,74900
2024-07-05,14.44709300994873,15.5,15.529999732971191,15.350000381469727,15.420000076293945,251700
2024-07-08,14.465734481811523,15.520000457763672,15.600000381469727,15.479999542236328,15.569999694824219,135000
2024-07-09,14.409810066223145,15.460000038146973,15.59000015258789,15.430000305175781,15.579999923706055,108300
2024-07-10,14.50301742553711,15.5600004196167,15.569999694824219,15.460000038146973,15.5,131200
2024-07-11,14.558941841125488,15.619999885559082,15.640000343322754,15.520000457763672,15.640000343322754,87800
2024-07-12,14.568262100219727,15.630000114440918,15.699999809265137,15.600000381469727,15.649999618530273,107900
2024-07-15,14.512337684631348,15.569999694824219,15.640000343322754,15.529999732971191,15.630000114440918,125900
2024-07-16,14.428450584411621,15.479999542236328,15.640000343322754,15.479999542236328,15.619999885559082,135500
2024-07-17,14.568262100219727,15.630000114440918,15.640000343322754,15.449999809265137,15.460000038146973,185400
2024-07-18,14.40048885345459,15.449999809265137,15.670000076293945,15.449999809265137,15.630000114440918,168600
2024-07-19,14.297962188720703,15.34000015258789,15.5,15.329999923706055,15.420000076293945,139900
2024-07-22,14.512337684631348,15.569999694824219,15.59000015258789,15.34000015258789,15.34000015258789,96500
2024-07-23,14.381848335266113,15.430000305175781,15.569999694824219,15.369999885559082,15.569999694824219,168900
2024-07-24,13.09559154510498,14.050000190734863,15.300000190734863,13.930000305175781,15.289999961853027,2940100
2024-07-25,13.300646781921387,14.270000457763672,14.460000038146973,14.199999809265137,14.319999694824219,870100
2024-07-26,13.44045639038086,14.420000076293945,14.4399995803833,14.25,14.319999694824219,558700
2024-07-29,13.53366470336914,14.520000457763672,14.6899995803833,14.359999656677246,14.359999656677246,643600
2024-07-30,13.365891456604004,14.34000015258789,14.670000076293945,14.279999732971191,14.600000381469727,777400
2024-07-31,13.235401153564453,14.199999809265137,14.479999542236328,13.819999694824219,14.399999618530273,2399900
2024-08-01,12.871893882751465,13.8100004196167,14.300000190734863,13.760000228881836,14.260000228881836,681500
2024-08-02,12.480424880981445,13.390000343322754,13.770000457763672,13.279999732971191,13.710000038146973,847000
2024-08-05,12.329031944274902,13.029999732971191,13.180000305175781,12.260000228881836,12.569999694824219,1016900
2024-08-06,12.423651695251465,13.130000114440918,13.260000228881836,12.960000038146973,13.079999923706055,654900
2024-08-07,12.31956958770752,13.020000457763672,13.289999961853027,12.979999542236328,13.229999542236328,529500
2024-08-08,12.622354507446289,13.34000015258789,13.5,13.229999542236328,13.229999542236328,659700
2024-08-09,12.414189338684082,13.119999885559082,13.34000015258789,13.020000457763672,13.289999961853027,786000
2024-08-12,12.357418060302734,13.0600004196167,13.119999885559082,12.949999809265137,13.069999694824219,561800
2024-08-13,12.423651695251465,13.130000114440918,13.180000305175781,13.0,13.039999961853027,585700
2024-08-14,12.612892150878906,13.329999923706055,13.380000114440918,13.149999618530273,13.149999618530273,514900
2024-08-15,12.868367195129395,13.600000381469727,13.880000114440918,13.420000076293945,13.489999771118164,608600
2024-08-16,13.123842239379883,13.869999885559082,13.899999618530273,13.550000190734863,13.550000190734863,508400
2024-08-19,13.057608604431152,13.800000190734863,13.949999809265137,13.760000228881836,13.850000381469727,438800
2024-08-20,12.97244930267334,13.710000038146973,13.8100004196167,13.680000305175781,13.800000190734863,385700
2024-08-21,12.97244930267334,13.710000038146973,13.800000190734863,13.619999885559082,13.770000457763672,296500
2024-08-22,12.95352554321289,13.6899995803833,13.770000457763672,13.640000343322754,13.720000267028809,264400
2024-08-23,13.067070960998535,13.8100004196167,13.850000381469727,13.720000267028809,13.75,402100
2024-08-26,13.067070960998535,13.8100004196167,13.890000343322754,13.770000457763672,13.84000015258789,373500
2024-08-27,13.133304595947266,13.880000114440918,14.0,13.779999732971191,13.800000190734863,454800
2024-08-28,13.067070960998535,13.8100004196167,14.0,13.779999732971191,13.899999618530273,338700
2024-08-29,13.1143798828125,13.859999656677246,13.920000076293945,13.779999732971191,13.800000190734863,248200
2024-08-30,13.180614471435547,13.930000305175781,13.979999542236328,13.850000381469727,13.850000381469727,294300
2024-09-03,13.133304595947266,13.880000114440918,13.979999542236328,13.829999923706055,13.829999923706055,262000
2024-09-04,13.142765998840332,13.890000343322754,13.960000038146973,13.859999656677246,13.899999618530273,219500
2024-09-05,13.161690711975098,13.90999984741211,13.979999542236328,13.859999656677246,13.960000038146973,211100
2024-09-06,13.142765998840332,13.890000343322754,13.949999809265137,13.75,13.869999885559082,409500
2024-09-09,13.123842239379883,13.869999885559082,14.0,13.850000381469727,13.949999809265137,494000
2024-09-10,13.084928512573242,13.449999809265137,13.5,13.3100004196167,13.449999809265137,704700
2024-09-11,13.046013832092285,13.40999984741211,13.510000228881836,13.329999923706055,13.479999542236328,470800
2024-09-12,13.289228439331055,13.65999984741211,13.779999732971191,13.449999809265137,13.449999809265137,649100
2024-09-13,13.386513710021973,13.760000228881836,13.789999961853027,13.640000343322754,13.699999809265137,299800
2024-09-16,13.230856895446777,13.600000381469727,13.829999923706055,13.59000015258789,13.760000228881836,576200
2024-09-17,13.230856895446777,13.600000381469727,13.6899995803833,13.489999771118164,13.680000305175781,339900
2024-09-18,13.279499053955078,13.649999618530273,13.75,13.539999961853027,13.600000381469727,349300
2024-09-19,13.357327461242676,13.729999542236328,13.800000190734863,13.649999618530273,13.800000190734863,325500
2024-09-20,13.347599983215332,13.720000267028809,13.770000457763672,13.649999618530273,13.760000228881836,613500
2024-09-23,13.221128463745117,13.59000015258789,13.699999809265137,13.579999923706055,13.640000343322754,418900
2024-09-24,13.20167064666748,13.569999694824219,13.640000343322754,13.5600004196167,13.59000015258789,523700
2024-09-25,12.958456039428711,13.319999694824219,13.579999923706055,13.289999961853027,13.550000190734863,650100
2024-09-26,12.977913856506348,13.34000015258789,13.800000190734863,13.3100004196167,13.40999984741211,773000
2024-09-27,13.036285400390625,13.399999618530273,13.529999732971191,13.329999923706055,13.329999923706055,343700
2024-09-30,13.026556968688965,13.390000343322754,13.479999542236328,13.350000381469727,13.399999618530273,427800
2024-10-01,12.880627632141113,13.239999771118164,13.420000076293945,13.229999542236328,13.40999984741211,392900
2024-10-02,12.812528610229492,13.170000076293945,13.34000015258789,13.149999618530273,13.149999618530273,345000
2024-10-03,12.86117172241211,13.220000267028809,13.279999732971191,13.15999984741211,13.180000305175781,433000
2024-10-04,13.026556968688965,13.390000343322754,13.430000305175781,13.25,13.260000228881836,454300
2024-10-07,12.948728561401367,13.3100004196167,13.430000305175781,13.289999961853027,13.369999885559082,226400
2024-10-08,12.91954231262207,13.279999732971191,13.3100004196167,13.210000038146973,13.300000190734863,363400
2024-10-09,12.977913856506348,13.34000015258789,13.369999885559082,13.239999771118164,13.300000190734863,358300
2024-10-10,13.15302848815918,13.520000457763672,13.550000190734863,13.3100004196167,13.329999923706055,437400
2024-10-11,13.046013832092285,13.40999984741211,13.59000015258789,13.359999656677246,13.59000015258789,373800
2024-10-14,12.958456039428711,13.319999694824219,13.420000076293945,13.319999694824219,13.359999656677246,385800
2024-10-15,12.958456039428711,13.319999694824219,13.430000305175781,13.300000190734863,13.359999656677246,335000
2024-10-16,13.026556968688965,13.390000343322754,13.4399995803833,13.3100004196167,13.329999923706055,296300
2024-10-17,13.026556968688965,13.390000343322754,13.4399995803833,13.369999885559082,13.420000076293945,331200
2024-10-18,12.987643241882324,13.350000381469727,13.40999984741211,13.319999694824219,13.350000381469727,336300
2024-10-21,13.046013832092285,13.40999984741211,13.420000076293945,13.300000190734863,13.34000015258789,234300
2024-10-22,12.92927074432373,13.289999961853027,13.460000038146973,13.279999732971191,13.40999984741211,319600
2024-10-23,12.89035701751709,13.25,13.3100004196167,13.149999618530273,13.300000190734863,360400
2024-10-24,13.104385375976562,13.470000267028809,13.479999542236328,13.239999771118164,13.260000228881836,300900
2024-10-25,13.123842239379883,13.489999771118164,13.5600004196167,13.369999885559082,13.5,442400
2024-10-28,13.1724853515625,13.539999961853027,13.569999694824219,13.420000076293945,13.489999771118164,256500
2024-10-29,13.007099151611328,13.369999885559082,13.5600004196167,13.359999656677246,13.5600004196167,278000
2024-10-30,13.055742263793945,13.420000076293945,13.470000267028809,13.359999656677246,13.359999656677246,162000
2024-10-31,13.007099151611328,13.369999885559082,13.489999771118164,13.34000015258789,13.430000305175781,208700
2024-11-01,12.91954231262207,13.279999732971191,13.4399995803833,13.25,13.430000305175781,310800
2024-11-04,12.783343315124512,13.140000343322754,13.34000015258789,13.069999694824219,13.25,343000
2024-11-05,12.851442337036133,13.210000038146973,13.220000267028809,13.109999656677246,13.140000343322754,302900
2024-11-06,13.104385375976562,13.470000267028809,13.479999542236328,13.359999656677246,13.399999618530273,493100
2024-11-07,13.279499053955078,13.649999618530273,13.729999542236328,13.4399995803833,13.5,453400
2024-11-08,13.084928512573242,13.449999809265137,13.649999618530273,13.350000381469727,13.630000114440918,541200
2024-11-11,13.279499053955078,13.649999618530273,13.729999542236328,13.489999771118164,13.5,521800
2024-11-12,13.16275691986084,13.529999732971191,13.670000076293945,13.510000228881836,13.670000076293945,447900
2024-11-13,13.347599983215332,13.720000267028809,13.75,13.550000190734863,13.579999923706055,485500
2024-11-14,13.240585327148438,13.609999656677246,13.729999542236328,13.510000228881836,13.729999542236328,412400
2024-11-15,13.376785278320312,13.75,13.770000457763672,13.640000343322754,13.699999809265137,301100
2024-11-18,13.44488525390625,13.819999694824219,13.869999885559082,13.710000038146973,13.760000228881836,383300
2024-11-19,13.45461368560791,13.829999923706055,13.84000015258789,13.729999542236328,13.800000190734863,248900
2024-11-20,13.39624309539795,13.770000457763672,13.859999656677246,13.739999771118164,13.84000015258789,272600
2024-11-21,13.44488525390625,13.819999694824219,13.9399995803833,13.779999732971191,13.84000015258789,378400
2024-11-22,13.610270500183105,13.989999771118164,14.0,13.859999656677246,13.90999984741211,259400
2024-11-25,13.658913612365723,14.039999961853027,14.140000343322754,14.010000228881836,14.020000457763672,382400
2024-11-26,13.639457702636719,14.020000457763672,14.09000015258789,13.9399995803833,14.09000015258789,266400
2024-11-27,13.6686429977417,14.050000190734863,14.09000015258789,14.020000457763672,14.020000457763672,248300
2024-11-29,13.785385131835938,14.170000076293945,14.199999809265137,14.119999885559082,14.119999885559082,151200
2024-12-02,13.804841995239258,14.1899995803833,14.220000267028809,14.010000228881836,14.199999809265137,418800
2024-12-03,13.717286109924316,14.100000381469727,14.199999809265137,14.0600004196167,14.199999809265137,366900
2024-12-04,13.804841995239258,14.1899995803833,14.210000038146973,14.050000190734863,14.100000381469727,337400
2024-12-05,13.717286109924316,14.100000381469727,14.170000076293945,14.079999923706055,14.140000343322754,438600
2024-12-06,13.795114517211914,14.180000305175781,14.210000038146973,14.100000381469727,14.199999809265137,366500
2024-12-09,13.619999885559082,14.0,14.279999732971191,13.979999542236328,14.220000267028809,751800
2024-12-10,13.630000114440918,13.630000114440918,13.65999984741211,13.449999809265137,13.579999923706055,478500
2024-12-11,13.680000305175781,13.680000305175781,13.75,13.579999923706055,13.65999984741211,480900
2024-12-12,13.670000076293945,13.670000076293945,13.75,13.640000343322754,13.680000305175781,298000
2024-12-13,13.710000038146973,13.710000038146973,13.75,13.539999961853027,13.720000267028809,412500
2024-12-16,13.520000457763672,13.520000457763672,13.65999984741211,13.470000267028809,13.65999984741211,573200
2024-12-17,13.449999809265137,13.449999809265137,13.5,13.369999885559082,13.460000038146973,424200
2024-12-18,13.210000038146973,13.210000038146973,13.600000381469727,13.180000305175781,13.430000305175781,403000
2024-12-19,13.369999885559082,13.369999885559082,13.479999542236328,13.25,13.25,344600
2024-12-20,13.420000076293945,13.420000076293945,13.520000457763672,13.319999694824219,13.34000015258789,736400
