Date,Close,High,Low,Open,Volume
2012-08-07,8.445735931396484,8.502418748491646,8.385718756123513,8.422396060115616,199873
2012-08-08,8.459074974060059,8.472411773345792,8.425732021899849,8.462408696908554,81075
2012-08-09,8.552433013916016,8.579107243888329,8.445736094026762,8.48241339872512,107417
2012-08-10,8.635791778564453,8.662466013838658,8.535763555277162,8.575774590206505,66338
2012-08-13,8.585774421691895,8.665797097267749,8.54242904424136,8.632454156786887,44735
2012-08-14,8.559104919433594,8.615787758739673,8.55577055994923,8.615787758739673,39065
2012-08-15,8.53576374053955,8.602449012190453,8.515758222640674,8.55243489946129,39745
2012-08-16,8.53576374053955,8.569106694346976,8.502420786732126,8.555769258438426,30315
2012-08-17,8.502419471740723,8.535762420391299,8.475745240013032,8.534928671784975,19195
2012-08-20,8.475748062133789,8.502422302743048,8.462410623847129,8.489084864456387,34195
2012-08-21,8.459074974060059,8.489082931443939,8.435734462373171,8.46907741453338,35500
2012-08-22,8.485748291015625,8.519090603606552,8.469076498756314,8.469076498756314,5795
2012-08-23,8.52242374420166,8.535761176103186,8.505752590288509,8.512421306239272,18726
2012-08-24,8.505751609802246,8.525757119384677,8.502417252211227,8.512420324984284,17250
2012-08-27,8.565770149230957,8.582441303897918,8.529092845807103,8.529092845807103,32029
2012-08-28,8.529096603393555,8.582445084987624,8.505756722191657,8.582445084987624,18530
2012-08-29,8.591761589050293,8.600517338530652,8.553372329169747,8.553372329169747,16019
2012-08-30,8.623414993286133,8.637558302155592,8.57694375426147,8.590413939257395,13515
2012-08-31,8.637595176696777,8.688073060829826,8.613988945935333,8.654398871883046,49700
2012-09-04,8.674604415893555,8.681339511300973,8.647630634973284,8.681339511300973,20974
2012-09-05,8.671234130859375,8.677969224140663,8.654397039950004,8.654397039950004,5155
2012-09-06,8.647661209106445,8.657763205872927,8.607251295159141,8.654396301813295,21307
2012-09-07,8.647661209106445,8.647661209106445,8.573576473918687,8.607251295159141,13150
2012-09-10,8.637557983398438,8.651028167897264,8.627455987318065,8.644293075647852,11545
2012-09-11,8.613988876342773,8.647663707311478,8.593784234679143,8.637561065332674,25861
2012-09-12,8.627460479736328,8.630827385320472,8.600520739004589,8.610622740345189,14195
2012-09-13,8.61594009399414,8.61594009399414,8.59378224148281,8.610619331915068,24499
2012-09-14,8.623414993286133,8.637558302155592,8.613986120706494,8.617353666955475,16405
2012-09-17,8.617352485656738,8.620720031444083,8.597147853226348,8.620720031444083,11634
2012-09-18,8.634193420410156,8.644296062274766,8.613988778974907,8.613988778974907,8382
2012-09-19,8.627460479736328,8.644297576833385,8.553375711003481,8.644297576833385,79395
2012-09-20,8.617352485656738,8.627455123018775,8.587045215864311,8.627455123018775,10000
2012-09-21,8.592703819274902,8.613986223679612,8.583678949370253,8.613986223679612,26927
2012-09-24,8.58704948425293,8.607254126726497,8.579641265214555,8.607254126726497,8322
2012-09-25,8.58704948425293,8.597152126636715,8.56684484177936,8.58704948425293,19150
2012-09-26,8.570208549499512,8.583678091015749,8.570208549499512,8.570241948772738,6600
2012-09-27,8.58704948425293,8.593784579175454,8.570212389240623,8.570212389240623,12372
2012-09-28,8.620722770690918,8.620722770690918,8.566843305560477,8.583680397553533,22100
2012-10-01,8.637557983398438,8.637557983398438,8.610618256694531,8.63419043727373,4470
2012-10-02,8.603887557983398,8.630793899151977,8.573580269678498,8.61062265367206,10500
2012-10-03,8.58367919921875,8.603883835248501,8.570175614392179,8.593781838380526,16044
2012-10-04,8.58367919921875,8.587046745606008,8.563474563189,8.58367919921875,7350
2012-10-05,8.576947212219238,8.610622045991924,8.573579664612566,8.58031475982591,12587
2012-10-08,8.58367919921875,8.603883835248501,8.563474563189,8.603883835248501,3900
2012-10-09,8.570208549499512,8.587045636968238,8.570208549499512,8.587045636968238,6010
2012-10-10,8.58704948425293,8.603886579265236,8.573579294407882,8.58704948425293,4031
2012-10-11,8.617352485656738,8.630822026512437,8.583677670076964,8.583677670076964,2700
2012-10-12,8.603887557983398,8.634194846288297,8.570213364128245,8.634194846288297,14550
2012-10-15,8.58704948425293,8.600519674097978,8.5634772943181,8.573579294407882,17596
2012-10-16,8.58704948425293,8.58704948425293,8.573579294407882,8.573579294407882,3264
2012-10-17,8.603887557983398,8.603887557983398,8.570213364128245,8.570213364128245,7000
2012-10-18,8.603853225708008,8.630826362535657,8.603853225708008,8.61735681491302,12626
2012-10-19,8.573576927185059,8.630823933632218,8.560107383353047,8.630823933632218,17770
2012-10-22,8.610621452331543,8.610621452331543,8.593784357753051,8.593784357753051,1400
2012-10-23,8.597148895263672,8.60051644145919,8.563474075602265,8.590413802872638,5100
2012-10-24,8.593785285949707,8.593785285949707,8.57694754725862,8.587050190473272,1655
2012-10-25,8.573576927185059,8.587047113310897,8.563474929884507,8.570210022947425,4400
2012-10-26,8.573576927185059,8.607251750205828,8.570210022947425,8.573576927185059,5600
2012-10-31,8.58367919921875,8.60725138163576,8.553371924027225,8.587046745606008,13675
2012-11-01,8.620386123657227,8.62072268565148,8.603884951530633,8.603884951530633,7900
2012-11-02,8.603887557983398,8.671237230281859,8.58031536536716,8.58031536536716,5355
2012-11-05,8.640929222106934,8.640929222106934,8.58704974567446,8.60388684119935,5400
2012-11-06,8.627460479736328,8.637562481076928,8.590418095369905,8.620725383979872,5293
2012-11-07,8.58031177520752,8.627456783007737,8.553372046019026,8.627456783007737,9929
2012-11-08,8.661133766174316,8.661133766174316,8.563510856406028,8.563510856406028,3300
2012-11-09,8.667865753173828,8.667865753173828,8.587046568428578,8.647661117560963,4191
2012-11-12,8.597148895263672,9.543407538216035,8.597148895263672,8.842973986892554,1583
2012-11-13,8.58031177520752,8.617354143701876,8.502860134077329,8.597149507383957,19006
2012-11-14,8.334490776062012,8.570214004423839,8.300815937396877,8.570214004423839,85346
2012-11-15,8.283977508544922,8.368164270537667,8.206525841662161,8.334489437281764,24793
2012-11-16,8.5062255859375,8.536532854098411,8.364791881951133,8.364791881951133,17527
2012-11-19,8.48265552520752,8.550004527249774,8.445613156593302,8.529766491588354,10160
2012-11-20,8.502861976623535,8.54966979031768,8.455717600901071,8.51404174506802,16946
2012-11-21,8.56684398651123,8.573174435579443,8.455717500559878,8.472554593891259,18600
2012-11-23,8.533166885375977,8.570209251594244,8.509594704071178,8.566841705365876,2800
2012-11-26,8.570208549499512,8.570208549499512,8.536533732268344,8.570208549499512,8325
2012-11-27,8.553373336791992,8.57021107150938,8.553373336791992,8.566843524565902,7639
2012-11-28,8.575966835021973,8.630928651022142,8.44187964584533,8.630928651022142,18302
2012-11-29,8.730608940124512,8.730608940124512,8.589681838273123,8.62061711971396,42903
2012-11-30,8.723730087280273,8.727167411963524,8.696232145416923,8.727167411963524,23094
2012-12-03,8.683860778808594,8.713421255036925,8.668393141121907,8.713421255036925,4000
2012-12-04,8.630927085876465,8.689360308792502,8.610303132657057,8.689360308792502,6843
2012-12-05,8.66186237335205,8.66186237335205,8.627489773536604,8.63780109455927,2984
2012-12-06,8.66182804107666,8.661862788027344,8.630961603620579,8.661862788027344,4700
2012-12-07,8.66186237335205,8.716858270815642,8.517497978609423,8.66186237335205,23213
2012-12-10,8.658427238464355,8.658427238464355,8.658392491506543,8.658392491506543,600
2012-12-11,8.644679069519043,8.658428376972951,8.599995131499972,8.658428376972951,2303
2012-12-12,8.60343074798584,8.641240024761405,8.60343074798584,8.641240024761405,5736
2012-12-13,8.620614051818848,8.624051376933776,8.61373940158899,8.624051376933776,1136
2012-12-14,8.620614051818848,8.627488702048703,8.599990756732007,8.627488702048703,2675
2012-12-17,8.61717700958252,8.661861581940734,8.61717700958252,8.62748898526582,7332
2012-12-18,8.627490043640137,8.656672236908845,8.627490043640137,8.64811334193394,4100
2012-12-19,8.658427238464355,8.658427238464355,8.627491956363851,8.630929282775348,5400
2012-12-20,8.627490043640137,8.675611291526621,8.624052717990697,8.675611291526621,5493
2012-12-21,8.624740600585938,8.627490854725744,8.593118250602755,8.593118250602755,6950
2012-12-24,8.624740600585938,8.624740600585938,8.624740600585938,8.624740600585938,0
2012-12-26,8.615392684936523,8.627491837721541,8.610305205900396,8.613742532264624,4724
2012-12-27,8.672173500061035,8.692797452849879,8.606866283038089,8.61377502531315,13359
2012-12-28,8.658427238464355,8.682487867741864,8.658427238464355,8.661864564875854,2300
2012-12-31,8.692800521850586,8.696237192925915,8.644678603956597,8.644678603956597,2200
2013-01-02,8.687986373901367,8.69623582551166,8.62405394342525,8.630928595700983,7050
2013-01-03,8.747795104980469,8.761543753996596,8.692799197710107,8.692799197710107,11450
2013-01-04,8.730608940124512,8.76498154790355,8.713422964036475,8.758106895227149,7100
2013-01-07,8.764981269836426,8.764981269836426,8.7649471784834,8.7649471784834,1200
2013-01-08,8.747795104980469,8.77529305861565,8.696235868261942,8.77529305861565,1880
2013-01-09,8.768414497375488,8.782163140262515,8.696231991510032,8.70654396537728,4266
2013-01-10,8.747108459472656,8.782134050266725,8.730609554130147,8.782134050266725,6181
2013-01-11,8.75810718536377,8.771821744213831,8.713423252692815,8.727171902898114,17071
2013-01-14,8.723730087280273,8.747791360063022,8.723730087280273,8.730604736646773,1200
2013-01-15,8.734146118164062,8.751160975882463,8.70310791799598,8.720294543630315,8900
2013-01-16,8.775291442871094,8.782165438312022,8.740918843255216,8.740918843255216,8199
2013-01-17,8.765117645263672,8.782165941657661,8.74779399567458,8.782165941657661,1635
2013-01-18,8.754669189453125,8.801725090126688,8.754669189453125,8.775293146588464,2575
2013-01-22,8.799354553222656,8.80966587710014,8.754669964410242,8.76498194389072,8450
2013-01-23,8.813104629516602,8.816541956566239,8.768454780438672,8.799355976921149,10413
2013-01-24,8.850910186767578,8.850910186767578,8.789039641730623,8.813100263555489,5770
2013-01-25,8.850910186767578,8.868096157898833,8.850910186767578,8.861222162807996,5500
2013-01-28,8.83372688293457,8.864662164793797,8.83372688293457,8.864662164793797,4280
2013-01-29,8.799354553222656,8.864662445393032,8.799354553222656,8.864662445393032,8350
2013-01-30,8.813104629516602,8.833728591814427,8.77391988787445,8.799355976921149,9150
2013-01-31,8.764981269836426,8.833726483213574,8.764981269836426,8.799353876525,4840
2013-02-01,8.799354553222656,8.799354553222656,8.76498194389072,8.76498194389072,5400
2013-02-04,8.83372688293457,8.83372688293457,8.76498166644674,8.799354274690655,11773
2013-02-05,8.868099212646484,8.868099212646484,8.823415278951517,8.847475909064423,4370
2013-02-06,8.82341480255127,8.85091275771033,8.82341480255127,8.82341480255127,1900
2013-02-07,8.793924331665039,8.816541325766558,8.785606040136253,8.806230000958491,5900
2013-02-08,8.8027925491333,8.850913812495643,8.799355222378413,8.799355222378413,6400
2013-02-11,8.840599060058594,8.840599060058594,8.802789788816877,8.806227114493913,9100
2013-02-12,8.849535942077637,8.868096713389692,8.843039573777995,8.868096713389692,1970
2013-02-13,8.850910186767578,8.861222162807996,8.785602316383818,8.861222162807996,8009
2013-02-14,8.82341480255127,8.846169470258888,8.82341480255127,8.826852128896522,1400
2013-02-15,8.864659309387207,8.868095979061934,8.830286712215093,8.868095979061934,10881
2013-02-19,8.864659309387207,8.868095979061934,8.837195454113655,8.868095979061934,4400
2013-02-20,8.850910186767578,8.864315296698178,8.84059821072716,8.847472861420773,9079
2013-02-21,8.861222267150879,8.86465959253816,8.840598314827194,8.86465959253816,5350
2013-02-22,8.868099212646484,8.868099212646484,8.84403858253358,8.861225215187797,9410
2013-02-25,8.868099212646484,8.868099212646484,8.837163929471892,8.868099212646484,11815
2013-02-26,8.891117095947266,8.898131944439314,8.838507070202455,8.891117095947266,11322
2013-02-27,8.859549522399902,8.891115666566611,8.85604209871775,8.887608242884458,7593
2013-02-28,8.88760757446289,8.88760757446289,8.859548856088582,8.863056279506948,3000
2013-03-01,8.891117095947266,8.891117095947266,8.863058370951848,8.863058370951848,6800
2013-03-04,8.961264610290527,8.961264610290527,8.894625548827804,8.894625548827804,4122
2013-03-05,8.943726539611816,8.961262990727846,8.898131365326503,8.943726539611816,12353
2013-03-06,8.968278884887695,9.03842603547974,8.954950939654664,8.96126403603393,9636
2013-03-07,8.961264610290527,9.010367886440722,8.961264610290527,8.961264610290527,16727
2013-03-08,8.957755088806152,8.996335410116458,8.905144404248441,8.996335410116458,10482
2013-03-11,8.908655166625977,8.985465965341508,8.908655166625977,8.943728746485203,7075
2013-03-12,8.930258750915527,8.943727179831077,8.908653606115616,8.93671233129343,4835
2013-03-13,8.936676979064941,8.940219189693957,8.908653042245287,8.912195921847038,4710
2013-03-14,8.926191329956055,8.936712934499933,8.908654207428222,8.933205509994366,4500
2013-03-15,8.952916145324707,8.954249408062255,8.919737102678345,8.940219711056802,4210
2013-03-18,8.92268180847168,8.943725681586596,8.898130511675499,8.929731442412773,7850
2013-03-19,8.936711311340332,8.95074100681441,8.90865258936488,8.90865258936488,3565
2013-03-20,8.957755088806152,8.957755088806152,8.908651827817131,8.915666674954512,10052
2013-03-21,8.943726539611816,8.943726539611816,8.93811452738887,8.940219115594065,8650
2013-03-22,8.975290298461914,8.975290298461914,8.94372415967467,8.94372415967467,1500
2013-03-25,8.968316078186035,8.978802897939886,8.954251591167345,8.964177142627404,5037
2013-03-26,9.013874053955078,9.013874053955078,8.943726908651065,9.013874053955078,3845
2013-03-27,9.006857872009277,9.013872719295561,8.996335601079853,9.013872719295561,5600
2013-03-28,9.04189682006836,9.04189682006836,8.996336433017815,9.013873552855273,4545
2013-04-01,9.020888328552246,9.045440297948806,9.01040151151019,9.041932873749298,1731
2013-04-02,9.024395942687988,9.048947243628517,9.024395942687988,9.048947243628517,2159
2013-04-03,8.99633502960205,9.041930865093832,8.99633502960205,9.041930865093832,7155
2013-04-04,9.00405216217041,9.00405216217041,8.964769418918843,8.9787991134314,4620
2013-04-05,9.013874053955078,9.031410505794703,8.971785632978118,8.971785632978118,1644
2013-04-08,9.024395942687988,9.024395942687988,9.013874338840779,9.013874338840779,5750
2013-04-09,9.031410217285156,9.035759209036415,9.013873766005736,9.035759209036415,5435
2013-04-10,9.035619735717773,9.04544092554147,9.035619735717773,9.042284042851053,1100
2013-04-11,9.045405387878418,9.045405387878418,9.013874692710607,9.034568028454691,3140
2013-04-12,9.045438766479492,9.048945521112513,9.038985187321773,9.038985187321773,1403
2013-04-15,9.024395942687988,9.045440488327964,9.01738109414133,9.045440488327964,2541
2013-04-16,9.045438766479492,9.045438766479492,9.024394224845459,9.045438766479492,5868
2013-04-17,9.055960655212402,9.059468078929187,9.031409358167574,9.031409358167574,1614
2013-04-18,9.03361988067627,9.059468987295663,9.031410263720684,9.031410263720684,2039
2013-04-19,9.06294059753418,9.062976053087924,9.034917330622157,9.034917330622157,1021
2013-04-22,9.031410217285156,9.062976364766302,9.003351493854442,9.062976364766302,8300
2013-04-23,9.04189682006836,9.062976150454713,8.996336433017815,9.062976150454713,6950
2013-04-24,9.048912048339844,9.052419472454757,9.031410383320896,9.048946834922711,1460
2013-04-25,9.059469223022461,9.06297664718219,9.003351774412328,9.06297664718219,8350
2013-04-26,9.013874053955078,9.062976654284233,9.00335178146765,9.017380809144798,14050
2013-04-29,9.115586280822754,9.227821173231204,9.045439807553835,9.055961410609173,21603
2013-04-30,9.055960655212402,9.055960655212402,9.017379663300432,9.020922542568806,22700
2013-05-01,9.048912048339844,9.048946834922711,9.031410383320896,9.048946834922711,10996
2013-05-02,9.048946380615234,9.048946380615234,9.003351207355998,9.003351207355998,3166
2013-05-03,9.017416000366211,9.048946692375361,9.017416000366211,9.048946692375361,3645
2013-05-06,9.013874053955078,9.031410505794703,9.013874053955078,9.020888233307275,20854
2013-05-07,9.017380714416504,9.045440107421548,9.006859111012362,9.031375624336052,17050
2013-05-08,8.982306480407715,9.041931343764716,8.922681617050715,9.031409072946662,47787
2013-05-09,9.027902603149414,9.034917451102576,8.98581485337588,8.98581485337588,19250
2013-05-10,9.041933059692383,9.04544048396402,9.003352061677152,9.041933059692383,5070
2013-05-13,9.045438766479492,9.045438766479492,9.031409072056803,9.041895887323353,18782
2013-05-14,9.045438766479492,9.048630434994209,9.045438766479492,9.048630434994209,3521
2013-05-15,9.055611610412598,9.05596215215042,9.047544467633237,9.055611610412598,2550
2013-05-16,9.08401870727539,9.08401870727539,9.02439384642452,9.066482258955038,20715
2013-05-17,9.073502540588379,9.0805167227342,9.066487689469534,9.0805167227342,5300
2013-05-20,9.041933059692383,9.083670271271144,9.041933059692383,9.069991784892704,6138
2013-05-21,9.061575889587402,9.066486150742639,9.041934844966454,9.048949025921857,8235
2013-05-22,9.068658828735352,9.119094695043078,9.045440789766982,9.066484667135466,7000
2013-05-23,9.066483497619629,9.09450676459533,9.04894637793073,9.04894637793073,1320
2013-05-24,9.069991111755371,9.069991111755371,8.992829121451553,9.05596141571005,8210
2013-05-28,8.992829322814941,9.098050038592731,8.943726723502284,9.073498738936403,43017
2013-05-29,8.995309829711914,9.070010413571543,8.908940501124873,9.05569278459756,51612
2013-05-30,9.077169418334961,9.087906957588404,8.984106876159668,9.005582637368693,27359
2013-05-31,9.052115440368652,9.052115440368652,9.002004414020657,9.048536032579351,46813
2013-06-03,8.959051132202148,9.098644595148084,8.959051132202148,9.027057818779756,23630
2013-06-04,9.009162902832031,9.073590875298166,8.984107731917913,9.009162902832031,12645
2013-06-05,9.04853343963623,9.04853343963623,9.00200183441161,9.009160647938787,3150
2013-06-06,9.06285285949707,9.06285285949707,8.987722845551886,9.04495650349279,27050
2013-06-07,9.095995903015137,9.10580360153137,9.070010212591678,9.073553436544014,8309
2013-06-10,9.105443954467773,9.112960503687829,9.070008988916662,9.10938177970858,19000
2013-06-11,8.969793319702148,9.091490492981233,8.966213910758357,9.091490492981233,14100
2013-06-12,8.966209411621094,9.00558220754354,8.892833271848783,8.959051280027827,22915
2013-06-13,9.009162902832031,9.012742310491506,8.948278837510724,8.951893745684846,16475
2013-06-14,9.009162902832031,9.009162902832031,9.009162902832031,9.009162902832031,200
2013-06-17,8.90178394317627,9.080750240779553,8.8946251274236,9.080750240779553,7802
2013-06-18,8.916099548339844,8.948313531670028,8.908940733665993,8.930417177687545,16352
2013-06-19,9.002004623413086,9.044956835181575,8.912521474705795,8.912521474705795,6529
2013-06-20,8.933998107910156,8.994846682255638,8.933998107910156,8.933998107910156,6080
2013-06-21,8.93041706085205,8.955472229180591,8.923258246271859,8.933995785440013,1410
2013-06-24,8.848092079162598,8.912520045129906,8.76576775940532,8.912520045129906,18458
2013-06-25,8.78939437866211,8.840900859336507,8.679867071252009,8.840900859336507,18210
2013-06-26,8.82303524017334,8.837352866656046,8.679862388856316,8.837352866656046,9540
2013-06-27,8.882597923278809,8.89820381265516,8.790823633192447,8.85883101191528,9877
2013-06-28,8.88388729095459,8.90178433111622,8.88388729095459,8.90178433111622,1700
2013-07-01,8.973367691040039,8.973367691040039,8.862408806884115,8.862408806884115,1176
2013-07-02,8.916099548339844,8.966209885652509,8.912520141002918,8.948313531670028,2924
2013-07-03,8.966209411621094,8.966209411621094,8.948313058584766,8.948313058584766,1912
2013-07-05,8.93041706085205,8.941154600020205,8.855250873164298,8.876762817415859,6202
2013-07-08,8.912522315979004,8.912522315979004,8.876728916577019,8.876728916577019,3450
2013-07-09,8.82303524017334,8.855678636619581,8.787241856668581,8.84093227327672,18715
2013-07-10,8.790823936462402,8.838750997304691,8.787244528753275,8.797982751880657,3915
2013-07-11,8.93041706085205,8.93041706085205,8.79440231463693,8.805140536507219,7245
2013-07-12,8.912522315979004,8.926839948820723,8.883887732997877,8.912522315979004,5010
2013-07-15,8.835206031799316,8.873147199877826,8.808719239213765,8.869567792874037,4975
2013-07-16,8.840932846069336,8.855249790777611,8.794401239687826,8.855249790777611,1750
2013-07-17,8.843259811401367,8.844512569806252,8.823036808965673,8.83019562347991,2531
2013-07-18,8.844511032104492,8.844511032104492,8.823035274997677,8.844511032104492,1400
2013-07-19,8.844476699829102,8.844512200338274,8.816951516582119,8.823036440394818,1750
2013-07-22,8.8731107711792,8.880305085495882,8.84451169915034,8.84451169915034,9055
2013-07-23,8.88388729095459,8.894625515051567,8.830197535874253,8.894625515051567,4930
2013-07-24,8.826617240905762,8.883886398263774,8.826617240905762,8.883886398263774,3460
2013-07-25,8.855249404907227,8.865951441789932,8.80513907655876,8.80513907655876,1800
2013-07-26,8.88388729095459,8.88388729095459,8.801562954317923,8.858832117430586,2300
2013-07-29,8.808720588684082,8.880306691620426,8.808720588684082,8.830196351294767,5105
2013-07-30,8.833416938781738,8.87046240286039,8.797981286256032,8.869531879897428,1809
2013-07-31,8.787242889404297,8.83341676234628,8.787242889404297,8.797981110528353,6860
2013-08-01,8.858798027038574,8.858798027038574,8.787246720925555,8.826619532846152,8994
2013-08-02,8.805142402648926,8.808721810697634,8.787245362405386,8.787245362405386,2900
2013-08-05,8.783307075500488,8.805141256945914,8.783307075500488,8.805141256945914,5649
2013-08-06,8.787242889404297,8.797981110528353,8.751450184394947,8.769346536899622,2650
2013-08-07,8.78366470336914,8.794402242449157,8.78366470336914,8.78366470336914,800
2013-08-08,8.779373168945312,8.779373168945312,8.751454735287666,8.772930506001428,2464
2013-08-09,8.73355484008789,8.765768826994911,8.73355484008789,8.75503060379183,3950
2013-08-12,8.74071216583252,8.769346740124842,8.7156569986645,8.7156569986645,1500
2013-08-13,8.702056884765625,8.755030479999805,8.66916292691356,8.74071353196702,2445
2013-08-14,8.608277320861816,8.740712661157568,8.601119188909669,8.619015542843247,2450
2013-08-15,8.679862976074219,8.679862976074219,8.311192261626987,8.590379852609535,17298
2013-08-16,8.450786590576172,8.676283766444367,8.42931014891096,8.676283766444367,10164
2013-08-19,8.132227897644043,8.450788355175604,8.125069764963026,8.443629539792376,28493
2013-08-20,8.393516540527344,8.393516540527344,8.132225323369521,8.232446658902797,8820
2013-08-21,8.375334739685059,8.486579681383587,8.33982740349351,8.486579681383587,4200
2013-08-22,8.407835006713867,8.432890174459164,8.357724671223274,8.404255599507094,8210
2013-08-23,8.52344799041748,8.554588085042969,8.3949504684322,8.40425638187442,7115
2013-08-26,8.511636734008789,8.590381653392093,8.511636734008789,8.586802245778916,3400
2013-08-27,8.509847640991211,8.554553716590462,8.354147147259255,8.479423696928462,8640
2013-08-28,8.477188110351562,8.649109333521555,8.422271825611718,8.422271825611718,5879
2013-08-29,8.385680198669434,8.513696933164217,8.367387109194235,8.411290803069365,3500
2013-08-30,8.689350128173828,8.736912579722029,8.488123351708667,8.505904229174638,10546
2013-09-03,8.6710205078125,8.6710205078125,8.543369432455968,8.543369432455968,200
2013-09-04,8.563127517700195,8.87228524725977,8.557639031678056,8.788135905178951,3215
2013-09-05,8.561297416687012,8.674716120542254,8.5173937174435,8.5173937174435,910
2013-09-06,8.689314842224121,8.689314842224121,8.616177367400896,8.663740522267997,1500
2013-09-09,8.667399406433105,8.689314968808198,8.51044197005655,8.597884400988278,4396
2013-09-10,8.681998252868652,8.681998252868652,8.564957066426016,8.63081331998531,7954
2013-09-11,8.736912727355957,8.91618835765229,8.682032759923262,8.68935027500406,7895
2013-09-12,8.689350128173828,8.78081697162829,8.67105703861759,8.729595762601514,7150
2013-09-13,8.773500442504883,8.875943569906083,8.598249917257963,8.755207350893143,6600
2013-09-16,8.81282901763916,8.835695725364138,8.678372664562444,8.678372664562444,1350
2013-09-17,8.828383445739746,8.853994759759303,8.725940981009327,8.835700964031048,9935
2013-09-18,8.777161598205566,8.81740724815006,8.663742863987425,8.755209742707162,7972
2013-09-19,8.787771224975586,8.787771224975586,8.682035678509179,8.76252697578293,1200
2013-09-20,8.773500442504883,8.776683973592574,8.689351104552136,8.718620469832949,2910
2013-09-23,8.769841194152832,8.769841194152832,8.663740012632474,8.700326891646508,1600
2013-09-24,8.76252555847168,8.773501135170557,8.671058697518266,8.671058697518266,2200
2013-09-25,8.75154972076416,8.77716033145557,8.663741613606408,8.711304076628055,4491
2013-09-26,8.758867263793945,8.769842841073627,8.689352250396468,8.722280377909126,3100
2013-09-27,8.764900207519531,8.769839494545302,8.587930256804427,8.733253320458395,3970
2013-09-30,8.707609176635742,8.72923165035694,8.645447966641772,8.671059275599063,6766
2013-10-01,8.707609176635742,8.707609176635742,8.707609176635742,8.707609176635742,0
2013-10-02,8.678377151489258,8.682035910357303,8.608862826507078,8.682035910357303,2700
2013-10-03,8.663703918457031,8.67105841992743,8.513735312470137,8.67105841992743,2766
2013-10-04,8.655508041381836,8.670911391026962,8.561297294519582,8.586907901685626,3447
2013-10-07,8.63447093963623,8.63447093963623,8.597884059390633,8.597884059390633,3046
2013-10-08,8.514467239379883,8.634472139521462,8.513772193931972,8.634472139521462,11447
2013-10-09,8.510077476501465,8.510077476501465,8.506455005558355,8.506455005558355,525
2013-10-10,8.506420135498047,8.568983310527827,8.506420135498047,8.568581356451364,5900
2013-10-11,8.72191333770752,8.72191333770752,8.546662816952965,8.546662816952965,300
2013-10-14,8.586872100830078,8.586908388340925,8.45885534525341,8.506417804423524,3100
2013-10-15,8.53199291229248,8.586872892653037,8.327143614136748,8.495442313620698,3104
2013-10-16,8.3820219039917,8.5612968425259,8.378728812742763,8.5612968425259,2100
2013-10-17,8.51739501953125,8.519809534942846,8.506418744124026,8.519809534942846,500
2013-10-18,8.557273864746094,8.58325014136582,8.511540432966855,8.58325014136582,700
2013-10-21,8.560935020446777,8.59386315637602,8.466175038546048,8.466175038546048,3498
2013-10-22,8.521015167236328,8.634470852139964,8.513734637038645,8.513734637038645,14185
2013-10-23,8.535686492919922,8.553943296446233,8.488124037528788,8.543004008468309,6230
2013-10-24,8.54296875,8.568616347111726,8.499467695360822,8.561298830084176,5651
2013-10-25,8.568614959716797,8.571908051197042,8.568614959716797,8.571908051197042,1000
2013-10-28,8.575933456420898,8.575933456420898,8.475320044504372,8.56495718140141,3874
2013-10-29,8.561297416687012,8.57959120623574,8.488124352002252,8.495441169985027,3927
2013-10-30,8.53199291229248,8.561298569188093,8.477149219446117,8.561298569188093,5162
2013-10-31,8.506420135498047,8.554275699216129,8.418612011388177,8.505030044316946,1425
2013-11-01,8.484469413757324,8.488128173314225,8.42227189696408,8.480810654200424,1000
2013-11-04,8.524676322937012,8.524676322937012,8.45150254260406,8.480808900524893,4050
2013-11-05,8.524712562561035,8.535652551382437,8.491784431379894,8.535652551382437,2471
2013-11-06,8.506420135498047,8.521055171768161,8.470198909215371,8.521055171768161,1176
2013-11-07,8.442025184631348,8.506418072496608,8.442025184631348,8.48775861512864,2717
2013-11-08,8.469828605651855,8.484426648572196,8.414948645358136,8.451535518166134,4069
2013-11-11,8.493245124816895,8.50641609293111,8.451572416176615,8.451572416176615,2800
2013-11-12,8.506420135498047,8.506420135498047,8.374707600414773,8.491639251307827,3545
2013-11-13,8.330070495605469,8.433244972243152,8.268605028120081,8.268605028120081,2400
2013-11-14,8.498955726623535,8.498955726623535,8.36007223620321,8.403975943952705,2000
2013-11-15,8.495444297790527,8.499103057047334,8.374708033663786,8.499103057047334,2600
2013-11-18,8.444218635559082,8.495439842619051,8.396656185837196,8.45153615023525,4120
2013-11-19,8.488123893737793,8.502758226749966,8.486294165963347,8.486294165963347,5513
2013-11-20,8.485198020935059,8.502723494517332,8.422269191149738,8.502723494517332,1569
2013-11-21,8.502720832824707,8.502720832824707,8.469829003038871,8.49906207558859,960
2013-11-22,8.4515380859375,8.50239363826237,8.433244295057149,8.433244295057149,3861
2013-11-25,8.414949417114258,8.50275750120462,8.382021298350793,8.50275750120462,6149
2013-11-26,8.513691902160645,8.54149954604805,8.443256578581796,8.443256578581796,5500
2013-11-27,8.480719566345215,8.525592983131238,8.439513146187199,8.525592983131238,14992
2013-11-29,8.495651245117188,8.548047101901659,8.47693792923701,8.548047101901659,2714
2013-12-02,8.41788101196289,8.491909080779859,8.413314577146275,8.432027894125726,7052
2013-12-03,8.379260063171387,8.412120273274326,8.248644422135708,8.409574718797602,19904
2013-12-04,8.357142448425293,8.364664898063037,8.274843080311316,8.274843080311316,38668
2013-12-05,8.289811134338379,8.353434996621472,8.289811134338379,8.293553798453877,21067
2013-12-06,8.274839401245117,8.330940089628342,8.237413482028371,8.237413482028371,5784
2013-12-09,8.278585433959961,8.293555379435452,8.233674169852838,8.241159499510747,5450
2013-12-10,8.214959144592285,8.278583000300312,8.214959144592285,8.267355009114148,15571
2013-12-11,8.177533149719238,8.222443686391392,8.15507788138316,8.158819831239082,26624
2013-12-12,8.136363983154297,8.211215824061204,8.12139404327695,8.211215824061204,13904
2013-12-13,8.121768951416016,8.170422153444994,8.102681580066735,8.140107504464485,6425
2013-12-16,8.046541213989258,8.13374319104569,7.96046210720771,8.128877657801176,9546
2013-12-17,7.971688747406006,8.04654057315739,7.934263548370229,8.04654057315739,10614
2013-12-18,7.990405082702637,8.005375025210537,7.934266549077691,7.952979155672612,13698
2013-12-19,7.986661434173584,8.01285936571337,7.896839648677135,7.896839648677135,14779
2013-12-20,8.042426109313965,8.046542825252908,7.971690978551719,8.021092997499272,27871
2013-12-23,8.147592544555664,8.19246596149014,7.994146902396637,7.994146902396637,11834
2013-12-24,8.121842384338379,8.162561245653364,8.08022479846262,8.08022479846262,2646
2013-12-26,8.162564277648926,8.252386084450533,8.121396395681689,8.121396395681689,8571
2013-12-27,8.155076026916504,8.155076026916504,8.083966860542377,8.098936798082223,6024
2013-12-30,8.185019493103027,8.192504107584032,8.143813067646093,8.16630617230002,33933
2013-12-31,8.25613021850586,8.259872883685466,8.076486572927148,8.076486572927148,13646
2014-01-02,8.25613021850586,8.25613021850586,8.136367788120053,8.23367494126862,5457
2014-01-03,8.297294616699219,8.308522606547863,8.181274910290028,8.181274910290028,3300
2014-01-06,8.316007614135742,8.353433534901587,8.301037674133443,8.312264950675152,6405
2014-01-07,8.353432655334473,8.372145970667026,8.345947329201453,8.372108137147567,4714
2014-01-08,8.364664077758789,8.379634022329162,8.361295465464305,8.374806320496658,4437
2014-01-09,8.367130279541016,8.372145719158667,8.330977140503789,8.345947078480128,6000
2014-01-10,8.45036506652832,8.461967107010866,8.338462090454685,8.338462090454685,22546
2014-01-13,8.4395112991333,8.473194551035185,8.435769350113047,8.45822461343432,21675
2014-01-14,8.471214294433594,8.514365933654231,8.455831752273701,8.488167998842032,13133
2014-01-15,8.514365196228027,8.514365196228027,8.45822666737257,8.473196608608633,16770
2014-01-16,8.514365196228027,8.529335851304214,8.514365196228027,8.514365196228027,7475
2014-01-17,8.555159568786621,8.55553433487575,8.518108408614948,8.518108408614948,7939
2014-01-21,8.581732749938965,8.581732749938965,8.533078828921802,8.533078828921802,18347
2014-01-22,8.521849632263184,8.570502828490751,8.503136315375619,8.536819571933185,5060
2014-01-23,8.585439682006836,8.600822228452106,8.539705356253641,8.566764189867936,10794
2014-01-24,8.589218139648438,8.589218139648438,8.521851610891947,8.536559574678861,2227
2014-01-27,8.570502281188965,8.60792819873407,8.56893040550119,8.58921559688152,5063
2014-01-28,8.641613960266113,8.641613960266113,8.60793069608725,8.60793069608725,9134
2014-01-29,8.645356178283691,8.716427533666439,8.62290090793682,8.641613514252517,2924
2014-01-30,8.67529582977295,8.67529582977295,8.622899966735938,8.622899966735938,5975
2014-01-31,8.7576322555542,8.778740507111051,8.716464383537453,8.778740507111051,1452
2014-02-03,8.720206260681152,8.78005033055871,8.656582407541416,8.753889519039843,4133
2014-02-04,8.738920211791992,8.772603472591372,8.720206892547814,8.772603472591372,1890
2014-02-05,8.84371280670166,8.84371280670166,8.74266372828862,8.74266372828862,28080
2014-02-06,8.795056343078613,8.873650120948058,8.795056343078613,8.869908171959942,8248
2014-02-07,8.745132446289062,8.832484347100987,8.745132446289062,8.821256355960497,3550
2014-02-10,8.795056343078613,8.795056343078613,8.708977239553048,8.76511575429407,4672
2014-02-11,8.795056343078613,8.843709532163516,8.795056343078613,8.824996931863156,2400
2014-02-12,8.82050609588623,8.82050609588623,8.82050609588623,8.82050609588623,500
2014-02-13,8.888625144958496,8.892367809627734,8.847456547437162,8.847456547437162,9518
2014-02-14,8.903593063354492,8.903593063354492,8.83248388420499,8.903555229830475,6050
2014-02-18,8.914820671081543,8.941018602835669,8.914820671081543,8.94064455062207,4576
2014-02-19,8.974705696105957,9.000903639052456,8.956255063099468,8.982153906915324,10233
2014-02-20,8.9335355758667,9.057040643098025,8.9335355758667,9.034584657172163,2424
2014-02-21,8.967217445373535,8.967217445373535,8.955990167104348,8.967217445373535,10040
2014-02-24,9.027099609375,9.027099609375,8.963475746650643,8.963512866340773,6805
2014-02-25,8.959733963012695,9.07201104292944,8.92605069626962,9.068268378420179,9687
2014-02-26,9.076634407043457,9.095759654261778,8.96188584194787,9.06515998826605,16825
2014-02-27,9.026907920837402,9.103406701536946,9.000133311114892,9.065157675963873,13435
2014-02-28,8.969537734985352,9.05368665091727,8.92363786203375,9.026912029009557,6653
2014-03-03,8.965714454650879,9.023088760001041,8.961889403687017,8.988664030880168,7331
2014-03-04,9.038384437561035,9.038384437561035,8.961885639080188,8.961885639080188,8925
2014-03-05,9.095757484436035,9.172256266399504,9.080457290311294,9.118707046069735,3985
2014-03-06,9.114882469177246,9.133969046490028,9.084282808897834,9.103407322989924,11164
2014-03-07,9.109526634216309,9.145481213203622,9.084281898776137,9.114881555989879,6780
2014-03-10,9.168434143066406,9.168434143066406,9.114884905651698,9.122535005154841,1396
2014-03-11,9.134007453918457,9.176082262553187,9.103407792062333,9.11641281250072,10413
2014-03-12,9.225808143615723,9.37115637039792,9.172258182545598,9.172258182545598,32335
2014-03-13,9.173022270202637,9.288536118295747,9.13400720992965,9.218194761731542,7023
2014-03-14,9.264056205749512,9.26788125467842,9.157340039980891,9.157340039980891,1000
2014-03-17,9.256023406982422,9.34055530654929,9.195971673552592,9.34055530654929,5892
2014-03-18,9.278401374816895,9.278401374816895,9.17990872089421,9.233457954975608,5730
2014-03-19,9.314545631408691,9.314545631408691,9.21050692752601,9.283181397655412,7154
2014-03-20,9.221600532531738,9.313782547954888,9.210508399615538,9.313782547954888,9495
2014-03-21,9.1875581741333,9.2564076014292,9.1875581741333,9.199032592313586,5075
2014-03-24,9.241070747375488,9.271708352805963,9.115267245938997,9.271708352805963,1931
2014-03-25,9.25640869140625,9.25640869140625,9.095798188772266,9.095798188772266,7122
2014-03-26,9.161547660827637,9.25644506307879,9.161547660827637,9.256407126296317,18006
2014-03-27,9.233454704284668,9.244929848785189,9.182659552917839,9.244929848785189,23716
2014-03-28,9.244550704956055,9.244550704956055,9.191766043687402,9.233457842635872,23802
2014-03-31,9.309919357299805,9.309919357299805,9.194214338663139,9.283183405056207,3450
2014-04-01,9.31745433807373,9.317607544328604,9.191383829151652,9.275532729418423,5636
2014-04-02,9.279391288757324,9.317603099154065,9.192641571311583,9.317603099154065,3354
2014-04-03,9.25640869140625,9.414685351969974,9.225809023399686,9.2487585920162,8030
2014-04-04,9.329082489013672,9.329082489013672,9.279358301861421,9.294657771156869,9276
2014-04-07,9.329117774963379,9.447653418088949,9.294654403251636,9.332904156960964,17416
2014-04-08,9.325260162353516,9.405584770659376,9.294660485273628,9.321435841078147,46576
2014-04-09,9.315235137939453,9.332906383918193,9.30613176879889,9.30613176879889,4655
2014-04-10,9.332905769348145,9.382630676626942,9.313781253966145,9.329080720361045,2625
2014-04-11,9.332905769348145,9.43388472803638,9.332905769348145,9.43388472803638,750
2014-04-14,9.4285306930542,9.462955407625659,9.390280929135514,9.390280929135514,4225
2014-04-15,9.321434020996094,9.466782276356728,9.321434020996094,9.443832705416355,17052
2014-04-16,9.333673477172852,9.378808045481348,9.332908175356739,9.33673322532993,1702
2014-04-17,9.294656753540039,9.397930895803576,9.283182335213128,9.397930895803576,34396
2014-04-21,9.317604064941406,9.36732823072337,9.264054121537766,9.32142911300976,6950
2014-04-22,9.294656753540039,9.366948944945937,9.294656753540039,9.325256418334396,7639
2014-04-23,9.332905769348145,9.352031014283643,9.294656009030646,9.294656009030646,7000
2014-04-24,9.352031707763672,9.37115622456381,9.311869055197699,9.332906461409982,3303
2014-04-25,9.397932052612305,9.451481290205514,9.31378314645817,9.348207864783417,19101
2014-04-28,9.413994789123535,9.447616261617847,9.37115540830839,9.447616261617847,7101
2014-04-29,9.466780662536621,9.466780662536621,9.372113060186258,9.38263176373114,9647
2014-04-30,9.543280601501465,9.543280601501465,9.394106585534258,9.520330303935056,10809
2014-05-01,9.520330429077148,9.543280726945232,9.424706376620998,9.424706376620998,3690
2014-05-02,9.478255271911621,9.550929018294159,9.447655607762778,9.550929018294159,3461
2014-05-05,9.562407493591309,9.581340873662848,9.504535638852758,9.50503319454052,11574
2014-05-06,9.485905647277832,9.619779465716167,9.466781128738193,9.558580130924977,12100
2014-05-07,9.520330429077148,9.535630627655872,9.485905711828645,9.512681059341409,6956
2014-05-08,9.543280601501465,9.543280601501465,9.505030835111063,9.505030835111063,9750
2014-05-09,9.50503158569336,9.543242688759669,9.489731386107545,9.54289833942701,5030
2014-05-12,9.515546798706055,9.527939722365696,9.505066034516119,9.505066034516119,825
2014-05-13,9.562407493591309,9.581532016756974,9.496656457873542,9.512683295628303,17243
2014-05-14,9.585469245910645,9.673328651482286,9.508855178899328,9.51268022820981,9530
2014-05-15,9.568829536437988,9.593003291645356,9.558578580215906,9.585353193649144,3066
2014-05-16,9.734529495239258,9.738353815590933,9.56623094717233,9.63508038636124,21170
2014-05-19,9.74600601196289,9.811030415234505,9.654245649500721,9.665682135332334,8816
2014-05-20,9.75365161895752,9.80322331972346,9.688627245648997,9.768913148484845,10987
2014-05-21,9.75365161895752,9.761301716888756,9.669540667156053,9.68097714771776,4422
2014-05-22,9.734529495239258,9.734529495239258,9.73449082889461,9.734529495239258,1799
2014-05-23,9.811025619506836,9.811025619506836,9.71926530189803,9.71926530189803,3700
2014-05-27,9.807050704956055,9.81102823154932,9.761304042257816,9.761304042257816,8442
2014-05-28,9.840630531311035,9.910892989188278,9.789885836469988,9.910892989188278,5297
2014-05-29,9.797694206237793,9.81721122726645,9.766466525875966,9.786023006815912,11940
2014-05-30,9.836335182189941,9.848045838029854,9.782077075826564,9.848045838029854,713
2014-06-02,9.793672561645508,9.832784774203228,9.758658223146336,9.789885899679343,9743
2014-06-03,9.731332778930664,9.75865689912398,9.57909796955279,9.739139883136307,14561
2014-06-04,9.579099655151367,9.74304440516002,9.563602334663493,9.72352738573801,7982
2014-06-05,9.658339500427246,9.68839603756402,9.583041807008179,9.583041807008179,3700
2014-06-06,9.6649751663208,9.735237624453768,9.661071613699354,9.735198164547429,5565
2014-06-09,9.692261695861816,9.702293447550767,9.575235512547831,9.702293447550767,5759
2014-06-10,9.6688814163208,9.688398440346266,9.627192385906447,9.627192385906447,8164
2014-06-11,9.776183128356934,9.813265754011805,9.688393788729114,9.813265754011805,4344
2014-06-12,9.700106620788574,9.766465527842078,9.700106620788574,9.766465527842078,4500
2014-06-13,9.750811576843262,9.766464501427523,9.602519027379826,9.766464501427523,1830
2014-06-16,9.696203231811523,9.754755034429456,9.688396126255382,9.754716319048098,2834
2014-06-17,9.692261695861816,9.754755771360344,9.661072731188979,9.754755771360344,5835
2014-06-18,9.719624519348145,9.778176326275673,9.64159440700452,9.778176326275673,2551
2014-06-19,9.758265495300293,9.797690398515467,9.658726790969105,9.797300266713968,2848
2014-06-20,9.718334197998047,9.759047137530615,9.718334197998047,9.758657005674005,8049
2014-06-23,9.622034072875977,9.719620626849416,9.582999302381335,9.719620626849416,5213
2014-06-24,9.618133544921875,9.754364780423174,9.594674257692276,9.602520078531576,8193
2014-06-25,9.793750762939453,9.797693775788568,9.668918222272453,9.719624206050574,5300
2014-06-26,9.762560844421387,9.774271501201508,9.758657292161347,9.762560844421387,949
2014-06-27,9.661110877990723,9.832824765078092,9.661110877990723,9.778175769799406,1700
2014-06-30,9.767829895019531,9.797691360345091,9.754753033122201,9.793787808367881,6947
2014-07-01,9.758655548095703,9.758655548095703,9.758655548095703,9.758655548095703,361
2014-07-02,9.680588722229004,9.758697001710427,9.657168150809243,9.758697001710427,14151
2014-07-03,9.680588722229004,9.680588722229004,9.66107170346696,9.66107170346696,6018
2014-07-07,9.704010009765625,9.746947599821725,9.629843998539213,9.633747551185502,6050
2014-07-08,9.6688814163208,9.77603147150783,9.6688814163208,9.700109101477588,5472
2014-07-09,9.637689590454102,9.750850921024306,9.637689590454102,9.739141007889922,2338
2014-07-10,9.684494018554688,9.684494018554688,9.637652867281538,9.637652867281538,5250
2014-07-11,9.66107177734375,9.71392497241102,9.653264671968616,9.680588796255037,4908
2014-07-14,9.66107177734375,9.7195848632237,9.66107177734375,9.672782435406452,3998
2014-07-15,9.66107177734375,9.66107177734375,9.66107177734375,9.66107177734375,0
2014-07-16,9.7469482421875,9.7469482421875,9.657168758985618,9.657168758985618,6021
2014-07-17,9.73473072052002,9.73473072052002,9.684493043609923,9.684493043609923,1650
2014-07-18,9.7469482421875,9.7469482421875,9.700107096398078,9.700107096398078,644
2014-07-21,9.72742748260498,9.739138136813612,9.676682803420185,9.719620379799228,1464
2014-07-22,9.746906280517578,9.750848547490726,9.692296762491809,9.692296762491809,3150
2014-07-23,9.740078926086426,9.740078926086426,9.740078926086426,9.740078926086426,280
2014-07-24,9.750848770141602,9.750848770141602,9.707911190576008,9.707911190576008,750
2014-07-25,9.735235214233398,9.754752227982133,9.711813904303298,9.727428110923364,2162
2014-07-28,9.614229202270508,9.750850558461709,9.614229202270508,9.750850558461709,28147
2014-07-29,9.645066261291504,9.700105379605786,9.614228719979915,9.692298275180441,3011
2014-07-30,9.614229202270508,9.692298761387335,9.610326394388512,9.641554069129944,27047
2014-07-31,9.508831977844238,9.631048924847121,9.508831977844238,9.598611409178776,8398
2014-08-01,9.579099655151367,9.696203260736567,9.543968424570494,9.579099655151367,5674
2014-08-04,9.633749961853027,9.661074092687867,9.586908062902781,9.629846408229946,6565
2014-08-05,9.614229202270508,9.641514609225757,9.610326394388512,9.641514609225757,500
2014-08-06,9.576169967651367,9.64151407631958,9.563483981419823,9.64151407631958,1010
2014-08-07,9.649321556091309,9.649321556091309,9.583001370663252,9.634527070369508,2071
2014-08-08,9.602519035339355,9.641514353961158,9.59080837842393,9.59080837842393,1019
2014-08-11,9.731332778930664,9.743042690712693,9.594711433437642,9.594711433437642,5144
2014-08-12,9.739140510559082,9.7430433183869,9.731333405850483,9.731333405850483,1612
2014-08-13,9.746789932250977,9.762559745547435,9.730472892063773,9.743041986444151,3400
2014-08-14,9.762560844421387,9.762560844421387,9.722706342708634,9.762560844421387,904
2014-08-15,9.778178215026855,9.778178215026855,9.700109372219261,9.71181928915068,4018
2014-08-18,9.8367280960083,9.8367280960083,9.778175549207305,9.785982654717646,7726
2014-08-19,9.754752159118652,9.83672525424262,9.727428042252779,9.83672525424262,7942
2014-08-20,9.822285652160645,9.836728723823928,9.778176173285896,9.789886832298825,5121
2014-08-21,9.8367280960083,9.8367280960083,9.754754977202843,9.766465635468354,7270
2014-08-22,9.813305854797363,9.832823616734112,9.782078180225055,9.832823616734112,578
2014-08-25,9.821115493774414,9.821115493774414,9.766467235303274,9.813308386985199,10285
2014-08-26,9.832784652709961,9.832824112615924,9.789847063336696,9.797692883884553,14139
2014-08-27,9.894844055175781,9.910784563529527,9.843038923196657,9.85897867146513,10527
2014-08-28,9.906759262084961,9.906759262084961,9.86296390822992,9.864598091585902,24630
2014-08-29,9.898831367492676,9.906801623429033,9.898831367492676,9.906801623429033,1778
2014-09-02,9.870935440063477,9.886875190572237,9.862965184766406,9.881535590776135,2136
2014-09-03,9.886476516723633,9.890461644215321,9.831084536734243,9.831084536734243,4805
2014-09-04,9.843040466308594,9.886875350982924,9.843040466308594,9.882890223269731,18142
2014-09-05,9.886874198913574,9.886874198913574,9.811198585877623,9.847023686510632,13077
2014-09-08,9.85104751586914,9.85104751586914,9.85104751586914,9.85104751586914,600
2014-09-09,9.831083297729492,9.886873555411237,9.823113043750599,9.823113043750599,5333
2014-09-10,9.83965015411377,9.862603966791381,9.835067600498308,9.835067600498308,940
2014-09-11,9.80318832397461,9.842998549895128,9.795218069869627,9.842998549895128,4722
2014-09-12,9.781665802001953,9.82311019858594,9.767319957063277,9.787244826154218,11124
2014-09-15,9.767322540283203,9.858380751483264,9.767322540283203,9.791232541532954,9800
2014-09-16,9.773062705993652,9.819129199030098,9.771309189082485,9.771309189082485,10344
2014-09-17,9.817336082458496,9.823114251273646,9.771348638651208,9.823114251273646,11831
2014-09-18,9.843040466308594,9.882890223269731,9.823155112268438,9.870935600215548,4172
2014-09-19,9.86296272277832,9.87491810273963,9.839092247370798,9.87491810273963,2317
2014-09-22,9.763337135314941,9.854992770899488,9.763337135314941,9.827137928071407,4182
2014-09-23,9.8390531539917,9.8390531539917,9.827097773506623,9.827097773506623,500
2014-09-24,9.743452072143555,9.858818569359462,9.743452072143555,9.827097932202562,7301
2014-09-25,9.80318832397461,9.815142945046816,9.752259570775083,9.814744660367147,3830
2014-09-26,9.79920482635498,9.839055343421055,9.79920482635498,9.819129704845322,3329
2014-09-29,9.771347999572754,9.842998960382166,9.771347999572754,9.842998960382166,3171
2014-09-30,9.819087028503418,9.823111679367095,9.77533120673396,9.823111679367095,1706
2014-10-01,9.763337135314941,9.84303815065772,9.7473966282123,9.842639105920505,7631
2014-10-02,9.779278755187988,9.795178979583564,9.728150097297206,9.739428242982065,3234
2014-10-03,9.8142671585083,9.83905430063017,9.8142671585083,9.829490147144552,2715
2014-10-06,9.811197280883789,9.84303801011812,9.811197280883789,9.842997725602366,8429
2014-10-07,9.827099800109863,9.827099800109863,9.659768523753717,9.659768523753717,6075
2014-10-08,9.763337135314941,9.823112516779418,9.739427134746192,9.823112516779418,11450
2014-10-09,9.811159133911133,9.819128628382344,9.78326324296331,9.811159133911133,6162
2014-10-10,9.828292846679688,9.8310823592975,9.803187233119376,9.823112106079412,5800
2014-10-13,9.787248611450195,9.83108425250609,9.771348386466698,9.81514374300019,11023
2014-10-14,9.787248611450195,9.82311399775314,9.763338607276676,9.803228645393169,12965
2014-10-15,9.731457710266113,9.767402903171636,9.731457710266113,9.767323094217392,11755
2014-10-16,9.699616432189941,9.823112801037135,9.663751050256352,9.671681779606054,6072
2014-10-17,9.727473258972168,9.771308900199298,9.715517876796042,9.771308900199298,2010
2014-10-20,9.743452072143555,9.906798949886367,9.743452072143555,9.906798949886367,725
2014-10-21,9.783263206481934,9.811159097325735,9.783263206481934,9.795218588272135,14905
2014-10-22,9.807172775268555,9.823112522294933,9.803187648490658,9.803187648490658,1179
2014-10-23,9.823113441467285,9.882888828558652,9.80318856579859,9.882888828558652,4307
2014-10-24,9.827099800109863,9.827099800109863,9.80318979429407,9.819129544809472,9010
2014-10-27,9.827056884765625,9.827056884765625,9.799240809777372,9.822513856013718,3140
2014-10-28,9.843040466308594,9.843040466308594,9.803588234007766,9.81912970002944,5609
2014-10-29,9.86296272277832,9.950633228905682,9.85897759612455,9.942663735683333,7087
2014-10-30,9.938679695129395,9.938679695129395,9.847023292246853,9.863003325038136,14171
2014-10-31,9.942663192749023,9.962588064844653,9.922737560568244,9.922737560568244,25950
2014-11-03,9.996979713439941,9.996979713439941,9.922778674820552,9.982513771674723,3430
2014-11-04,10.022361755371094,10.022361755371094,9.963702193864805,9.974541766351248,7705
2014-11-05,10.014392852783203,10.022363105388449,9.978528236229847,10.022363105388449,2019
2014-11-06,10.002476692199707,10.002476692199707,9.986536948773395,9.986536948773395,900
2014-11-07,9.949515342712402,9.949515342712402,9.949515342712402,9.949515342712402,500
2014-11-10,9.962590217590332,10.03033586147336,9.954619962995785,9.954619962995785,2100
2014-11-11,9.962590217590332,10.015232206214133,9.962590217590332,10.00554871932356,2811
2014-11-12,9.962631225585938,9.962631225585938,9.962631225585938,9.962631225585938,215
2014-11-13,10.030335426330566,10.030335426330566,10.002440296545128,10.002440296545128,1697
2014-11-14,10.030335426330566,10.030335426330566,10.006425423669517,10.0196159436231,4540
2014-11-17,10.054243087768555,10.054243087768555,10.03033309067517,10.03033309067517,5090
2014-11-18,10.042289733886719,10.062214607292823,10.042289733886719,10.062214607292823,7815
2014-11-19,10.054243087768555,10.054243087768555,10.046272835375724,10.046313119886198,900
2014-11-20,10.07417106628418,10.102066196074244,10.07417106628418,10.102066196074244,4098
2014-11-21,10.04627513885498,10.074171028626047,10.04627513885498,10.074171028626047,1004
2014-11-24,10.102065086364746,10.102065086364746,10.022404357304897,10.022404357304897,6102
2014-11-25,10.201982498168945,10.201982498168945,10.06774591697725,10.16944032017904,9779
2014-11-26,10.157236099243164,10.193805799187635,10.08808387820632,10.08808387820632,1075
2014-11-28,10.192748069763184,10.193845921086826,10.169439483568926,10.169439483568926,3572
2014-12-01,10.169440269470215,10.181643877105598,10.169440269470215,10.181643877105598,6782
2014-12-02,10.169440269470215,10.169440269470215,10.132830222430785,10.169440269470215,3819
2014-12-03,10.197911262512207,10.217843272062945,10.116556232326856,10.116556232326856,6730
2014-12-04,10.189779281616211,10.199542012974605,10.141006745762171,10.141006745762171,1408
2014-12-05,10.210119247436523,10.210119247436523,10.165373457320543,10.165373457320543,2174
2014-12-08,10.21825122833252,10.21825122833252,10.16943758653588,10.177573322813073,2574
2014-12-09,10.210119247436523,10.217847656635879,10.169441326955342,10.17350919659014,4049
2014-12-10,10.193848609924316,10.20999827870824,10.173510035939124,10.173510035939124,4476
2014-12-11,10.185710906982422,10.2101173443753,10.185710906982422,10.204950848314038,1735
2014-12-12,10.169440269470215,10.183677423778136,10.014905463825052,10.17350813868201,5999
2014-12-15,10.169440269470215,10.169440269470215,10.149101699277962,10.149101699277962,1039
2014-12-16,10.157236099243164,10.185711182148541,10.095813062040639,10.185711182148541,12193
2014-12-17,10.141005516052246,10.16943947738397,10.070999067379429,10.16943947738397,4897
2014-12-18,10.165371894836426,10.173507632855507,10.165371894836426,10.169439763845967,22959
2014-12-19,10.173506736755371,10.173506736755371,10.04862557434895,10.051473004818154,3405
2014-12-22,10.128762245178223,10.17350803016395,10.096789553863948,10.17350803016395,1560
2014-12-23,10.116559028625488,10.173507643082937,10.116559028625488,10.161263690974586,7369
2014-12-24,10.116559028625488,10.116559028625488,10.116559028625488,10.116559028625488,0
2014-12-26,10.119812965393066,10.119812965393066,10.022999545408847,10.088083897584228,4099
2014-12-29,10.12225341796875,10.14381242445546,10.035202732043826,10.035202732043826,2237
2014-12-30,10.169440269470215,10.216952019789241,10.035203688947876,10.035488432034034,790
2014-12-31,10.128762245178223,10.169440160995546,10.088125450296607,10.169440160995546,2300
2015-01-02,10.230457305908203,10.230457305908203,10.108424326460694,10.108424326460694,2309
2015-01-05,10.210119247436523,10.340287972282864,10.171109440576325,10.230457819743714,2920
2015-01-06,10.210119247436523,10.234525689378511,10.189821020202956,10.210119247436523,2460
2015-01-07,10.234526634216309,10.234526634216309,10.189780839969456,10.189780839969456,2628
2015-01-08,10.271135330200195,10.291473901695468,10.242661019760106,10.250796758704922,1979
2015-01-09,10.291472434997559,10.291472434997559,10.25079529780415,10.291432089931295,1195
2015-01-12,10.2507963180542,10.2507963180542,10.2507963180542,10.2507963180542,620
2015-01-13,10.315879821777344,10.315879821777344,10.307744083855226,10.311811952816285,4361
2015-01-14,10.315879821777344,10.315879821777344,10.315879821777344,10.315879821777344,0
2015-01-15,10.226387977600098,10.315879540570547,10.214185146916238,10.315879540570547,3796
2015-01-16,10.238590240478516,10.238590240478516,10.238590240478516,10.238590240478516,227
2015-01-20,10.268206596374512,10.319949152053976,10.25079692165729,10.275609917206621,1844
2015-01-21,10.291311264038086,10.295541289467407,10.25079627909795,10.295541289467407,1345
2015-01-22,10.29960823059082,10.31994757516834,10.262998186217946,10.31994757516834,1361
2015-01-23,10.25897216796875,10.25897216796875,10.258931047032672,10.258931047032672,1775
2015-01-26,10.291472434997559,10.319947517246266,10.258930259722836,10.291472434997559,6971
2015-01-27,10.372824668884277,10.372824668884277,10.291468870938628,10.291468870938628,2553
2015-01-28,10.372824668884277,10.372824668884277,10.29553673842255,10.303672473390392,4300
2015-01-29,10.303677558898926,10.303677558898926,10.299609689407257,10.299609689407257,1000
2015-01-30,10.311811447143555,10.311811447143555,10.300583881084277,10.311811447143555,5670
2015-02-02,10.311811447143555,10.372827926833958,10.267065666632831,10.368760058072379,3214
2015-02-03,10.262999534606934,10.286917955244588,10.262999534606934,10.271541827691811,4676
2015-02-04,10.275200843811035,10.340081911666726,10.271132975271293,10.295539410643153,5565
2015-02-05,10.332149505615234,10.335810820080109,10.279309111118467,10.279309111118467,1963
2015-02-06,10.275200843811035,10.319417480866136,10.275200843811035,10.315878753341863,2515
2015-02-09,10.332149505615234,10.332149505615234,10.275200897494498,10.275200897494498,555
2015-02-10,10.324012756347656,10.324012756347656,10.291470586916663,10.291470586916663,916
2015-02-11,10.311811447143555,10.363065196979496,10.311811447143555,10.340285752607967,1050
2015-02-12,10.433845520019531,10.433845520019531,10.332151117727202,10.332151117727202,1758
2015-02-13,10.413098335266113,10.413098335266113,10.413098335266113,10.413098335266113,408
2015-02-17,10.405370712280273,10.429777150416761,10.304082869007157,10.429777150416761,6020
2015-02-18,10.311811447143555,10.372787581768995,10.30778392344694,10.30778392344694,2700
2015-02-19,10.336219787597656,10.413466635630295,10.332151918086847,10.332151918086847,3350
2015-02-20,10.384993553161621,10.393129293145456,10.336262131013537,10.336262131013537,1000
2015-02-23,10.380964279174805,10.380964279174805,10.311812057865671,10.337845488441653,5385
2015-02-24,10.413463592529297,10.413463592529297,10.312216887076708,10.312216887076708,1000
2015-02-25,10.453207015991211,10.486418126143223,10.399238467109614,10.486418126143223,3674
2015-02-26,10.390935897827148,10.395087385419004,10.357724788907595,10.39097707222249,8163
2015-02-27,10.498869895935059,10.503020590800805,10.399235799224453,10.44074987421802,3550
2015-03-02,10.449055671691895,10.482266782299835,10.382633450476014,10.482266782299835,11887
2015-03-03,10.468154907226562,10.475627270705033,10.42830203806953,10.44905869126701,2416
2015-03-04,10.440752983093262,10.440752983093262,10.389691186162969,10.419996335323468,2111
2015-03-05,10.399239540100098,10.440712455626237,10.395130018142355,10.440712455626237,4500
2015-03-06,10.378479957580566,10.390934418583129,10.332814392386354,10.378479957580566,6225
2015-03-09,10.32036304473877,10.37848229219414,10.32036304473877,10.3701793163247,9240
2015-03-10,10.295453071594238,10.324513484186108,10.253897813883718,10.253939780093559,3495
2015-03-11,10.357725143432617,10.378481790287063,10.291302923320005,10.291302923320005,6024
2015-03-12,10.3867826461792,10.41999374945829,10.370176698632072,10.378479672405636,7755
2015-03-13,10.378479957580566,10.399236600769655,10.378479957580566,10.386782931582275,1200
2015-03-16,10.399239540100098,10.407833112702676,10.378482891044172,10.378482891044172,2018
2015-03-17,10.382633209228516,10.432449478075243,10.382633209228516,10.432449478075243,5558
2015-03-18,10.378479957580566,10.428297009775633,10.378479957580566,10.398406778458593,3732
2015-03-19,10.46151065826416,10.46151065826416,10.383090847166361,10.424148057984866,3580
2015-03-20,10.420037269592285,10.453207205950202,10.390936472260492,10.424147583016026,4800
2015-03-23,10.419998168945312,10.540388172462961,10.419998168945312,10.42830114624046,2876
2015-03-24,10.446521759033203,10.486416576442894,10.446521759033203,10.486416576442894,523
2015-03-25,10.440794944763184,10.440794944763184,10.440752978549279,10.440752978549279,1220
2015-03-26,10.502983093261719,10.519630220199268,10.399239439753462,10.407542416021876,2625
2015-03-27,10.502983093261719,10.50302426766244,10.461510969951167,10.461510969951167,1030
2015-03-30,10.503024101257324,10.503024101257324,10.419954749119373,10.419996715334829,18335
2015-03-31,10.503024101257324,10.503024101257324,10.503024101257324,10.503024101257324,0
2015-04-01,10.498869895935059,10.498869895935059,10.46835650842143,10.46835650842143,2168
2015-04-02,10.498869895935059,10.498869895935059,10.482263949211584,10.482263949211584,661
2015-04-06,10.498869895935059,10.498869895935059,10.482263949211584,10.494676443052763,2256
2015-04-07,10.498869895935059,10.498869895935059,10.498869895935059,10.498869895935059,0
2015-04-08,10.482267379760742,10.482267379760742,10.432450315101725,10.432866018176446,3212
2015-04-09,10.572351455688477,10.572351455688477,10.503023273223633,10.503023273223633,405
2015-04-10,10.577749252319336,10.577749252319336,10.561144091940328,10.565295579988925,4184
2015-04-13,10.545697212219238,10.586048903233973,10.545697212219238,10.586048903233973,965
2015-04-14,10.544953346252441,10.574054937807306,10.544953346252441,10.574054937807306,900
2015-04-15,10.54458236694336,10.586054498291203,10.54458236694336,10.586054498291203,2231
2015-04-16,10.540804862976074,10.54458261506322,10.503026550289036,10.54454064883798,4213
2015-04-17,10.606807708740234,10.606807708740234,10.586051062598512,10.586051062598512,2743
2015-04-20,10.586051940917969,10.586051940917969,10.552840829246525,10.586051940917969,1781
2015-04-21,10.524819374084473,10.586052040127559,10.523781304136941,10.548689440170115,4576
2015-04-22,10.598508834838867,10.615113998574277,10.498875476979785,10.52378361849067,2500
2015-04-23,10.606807708740234,10.606807708740234,10.606807708740234,10.606807708740234,1000
2015-04-24,10.586051940917969,10.62756602846111,10.515478229639234,10.515478229639234,4264
2015-04-27,10.615111351013184,10.623414326717779,10.51340266998561,10.51340266998561,5058
2015-04-28,10.610956192016602,10.677378391042131,10.610956192016602,10.62341065126454,4131
2015-04-29,10.648321151733398,10.664927101099215,10.608260051112852,10.61095855747556,2466
2015-04-30,10.62756633758545,10.689837074803753,10.606808897302425,10.606808897302425,5882
2015-05-01,10.606807708740234,10.659115818939682,10.606807708740234,10.619262171514444,6101
2015-05-04,10.503024101257324,10.523781541599487,10.498914579404346,10.498914579404346,1749
2015-05-05,10.626982688903809,10.677338968405234,10.561141671338198,10.656623499125462,3240
2015-05-06,10.469813346862793,10.58605264131113,10.407542607335811,10.58605264131113,8882
2015-05-07,10.411694526672363,10.495013306958585,10.407543038289939,10.407543038289939,3141
2015-05-08,10.440752983093262,10.565253278944175,10.407541871572377,10.440752983093262,5198
2015-05-11,10.407540321350098,10.482265509095475,10.407540321350098,10.482265509095475,2860
2015-05-12,10.47396469116211,10.482267667469069,10.46566171485515,10.46566171485515,358
2015-05-13,10.51962947845459,10.540386125846664,10.51962947845459,10.540386125846664,302
2015-05-14,10.49891471862793,10.556992794325307,10.46441690543625,10.556992794325307,3804
2015-05-15,10.551595687866211,10.565253711519226,10.486460162112797,10.486460162112797,1951
2015-05-18,10.523781776428223,10.561144378062444,10.521457006403256,10.521457006403256,3313
2015-05-19,10.498869895935059,10.536231692432633,10.444943327100315,10.511323564162543,30450
2015-05-20,10.474671363830566,10.544538781960354,10.474671363830566,10.511327667364236,2288
2015-05-21,10.581904411315918,10.61096404592174,10.486422528520889,10.498876996987237,55740
2015-05-22,10.62341594696045,10.62341594696045,10.569447388464852,10.586053342406718,5420
2015-05-26,10.622417449951172,10.627565041132486,10.515518427118787,10.627565041132486,10008
2015-05-27,10.642766952514648,10.693607741683953,10.596162222359641,10.676661081327444,8182
2015-05-28,10.651241302490234,10.668188773212039,10.604637374205033,10.608874241885486,2403
2015-05-29,10.647002220153809,10.65551878303694,10.647002220153809,10.655475953752111,2870
2015-06-01,10.655477523803711,10.655477523803711,10.600441884689955,10.655477523803711,3100
2015-06-02,10.651241302490234,10.651241302490234,10.634294639868312,10.634294639868312,1100
2015-06-03,10.621622085571289,10.634289853617434,10.608996338700088,10.634289853617434,2185
2015-06-04,10.634294509887695,10.713987703060246,10.61311017174437,10.61311017174437,4380
2015-06-05,10.608875274658203,10.669376102501037,10.608875274658203,10.65547920748029,4185
2015-06-08,10.642766952514648,10.642766952514648,10.634293218286507,10.634293218286507,1415
2015-06-09,10.593790054321289,10.668187762896531,10.57921516623284,10.668187762896531,7690
2015-06-10,10.553793907165527,10.587688034526206,10.553793907165527,10.566080255600111,2450
2015-06-11,10.553540229797363,10.608872435484683,10.524136712503596,10.524136712503596,4000
2015-06-12,10.570741653442383,10.570741653442383,10.553794185265597,10.553794185265597,942
2015-06-15,10.545320510864258,10.591925240514447,10.545320510864258,10.565657149551605,3823
2015-06-16,10.553793907165527,10.591924901458757,10.54108330636787,10.545320173300423,2756
2015-06-17,10.587689399719238,10.5919262671981,10.587689399719238,10.5919262671981,1745
2015-06-18,10.590018272399902,10.59192457962672,10.588704302263912,10.59192457962672,1707
2015-06-19,10.524137496948242,10.591925757145992,10.524137496948242,10.591925757145992,1641
2015-06-22,10.596159934997559,10.608870533595972,10.528795136195285,10.528795136195285,3584
2015-06-23,10.624975204467773,10.624975204467773,10.541087148069591,10.608876235596437,3163
2015-06-24,10.570741653442383,10.638529909950009,10.490242795802168,10.490242795802168,4500
2015-06-25,10.59192943572998,10.603792344979592,10.528378020735618,10.54659582905464,4800
2015-06-26,10.570741653442383,10.574554268112328,10.570741653442383,10.570783674629928,1200
2015-06-29,10.672425270080566,10.676662137613809,10.56650600604908,10.56650600604908,2146
2015-06-30,10.603876113891602,10.603876113891602,10.553840177924602,10.554475344526722,928
2015-07-01,10.603876113891602,10.603876113891602,10.603876113891602,10.603876113891602,0
2015-07-02,10.603876113891602,10.603876113891602,10.603876113891602,10.603876113891602,0
2015-07-06,10.627938270568848,10.627938270568848,10.604636711931402,10.604636711931402,800
2015-07-07,10.54955768585205,10.621582811913804,10.54955768585205,10.613109077530117,3934
2015-07-08,10.59192943572998,10.710516507021675,10.59192943572998,10.710516507021675,2260
2015-07-09,10.706315994262695,10.706315994262695,10.706315994262695,10.706315994262695,300
2015-07-10,10.596159934997559,10.68852167870699,10.596159934997559,10.651237579391484,2000
2015-07-13,10.596159934997559,10.596159934997559,10.596159934997559,10.596159934997559,0
2015-07-14,10.651241302490234,10.651241302490234,10.490244371132494,10.612898579297015,14656
2015-07-15,10.566505432128906,10.697803064936158,10.56226856482579,10.697803064936158,6155
2015-07-16,10.672425270080566,10.731739799346245,10.57074287358232,10.634294270381243,6997
2015-07-17,10.716995239257812,10.740254775659386,10.676703383475498,10.740254775659386,1521
2015-07-20,10.702080726623535,10.77834271313791,10.570741087681954,10.740211719880723,6612
2015-07-21,10.634294509887695,10.634294509887695,10.591926641700917,10.61311017174437,1020
2015-07-22,10.583452224731445,10.596162826798713,10.567818725615586,10.567818725615586,2218
2015-07-23,10.583452224731445,10.680897749614363,10.583452224731445,10.583452224731445,2631
2015-07-24,10.668187141418457,10.668187141418457,10.591925151035044,10.591925151035044,570
2015-07-27,10.541085243225098,10.591968868851964,10.541085243225098,10.591968868851964,1702
2015-07-28,10.583452224731445,10.583452224731445,10.57921535737569,10.57921535737569,553
2015-07-29,10.579177856445312,10.58294845181608,10.522447608648784,10.58294845181608,2202
2015-07-30,10.553793907165527,10.583451167593653,10.490242519376721,10.583451167593653,2093
2015-07-31,10.655477523803711,10.655477523803711,10.559726582713484,10.63429399478634,3199
2015-08-03,10.74021053314209,10.74021053314209,10.621580699661088,10.621580699661088,410
2015-08-04,10.596159934997559,10.596159934997559,10.575018433278968,10.575018433278968,400
2015-08-05,10.515666961669922,10.625823120029967,10.511430093106068,10.579218373927626,5351
2015-08-06,10.583452224731445,10.706318953748896,10.502954169271549,10.706318953748896,2747
2015-08-07,10.54955768585205,10.570742021811265,10.54955768585205,10.566462325330624,902
2015-08-10,10.481768608093262,10.562267462249721,10.473294874371588,10.562267462249721,8945
2015-08-11,10.50719165802002,10.50719165802002,10.50719165802002,10.50719165802002,475
2015-08-12,10.422499656677246,10.570744793676488,10.422499656677246,10.570744793676488,1020
2015-08-13,10.435165405273438,10.5071905362309,10.426692478413615,10.5071905362309,5466
2015-08-14,10.426690101623535,10.556758590395592,10.426690101623535,10.456347359122072,3238
2015-08-17,10.490242004394531,10.490242004394531,10.480497130118078,10.480497130118078,1778
2015-08-18,10.50719165802002,10.591927400463701,10.502955598187771,10.545322661309683,5711
2015-08-19,10.560152053833008,10.570744628474555,10.50719241302522,10.50719241302522,5650
2015-08-20,10.587689399719238,10.69784552987008,10.507190533820577,10.507190533820577,2708
2015-08-21,10.456348419189453,10.591924928984495,10.422877736005127,10.591924928984495,4672
2015-08-24,10.354668617248535,10.397036489142586,8.490489526809831,9.43528927197741,21020
2015-08-25,10.657806396484375,10.672380474661942,10.346191836885566,10.346191836885566,3810
2015-08-26,10.59192943572998,10.655480850724343,10.521302296390276,10.655480850724343,2647
2015-08-27,10.637622833251953,10.68516531577975,10.637622833251953,10.68516531577975,3135
2015-08-28,10.52514362335205,10.663575302678613,10.52514362335205,10.598685556134024,2900
2015-08-31,10.533797264099121,10.598687019603705,10.525145076667041,10.598687019603705,956
2015-09-01,10.492742538452148,10.641946138564748,10.492742538452148,10.512165814548364,7379
2015-09-02,10.425646781921387,10.513637361109087,10.425646781921387,10.44295033064743,1799
2015-09-03,10.470118522644043,10.512166535291763,10.470118522644043,10.507841266800803,1180
2015-09-04,10.475825309753418,10.475825309753418,10.339123926689865,10.356428296121637,581
2015-09-08,10.425646781921387,10.468473704484763,10.38238667242934,10.38238667242934,6851
2015-09-09,10.425646781921387,10.425646781921387,10.425646781921387,10.425646781921387,364
2015-09-10,10.36940860748291,10.36940860748291,10.3174971351083,10.339126777744724,4464
2015-09-11,10.295868873596191,10.360759465646451,10.295868873596191,10.300194968074086,2057
2015-09-14,10.300192832946777,10.346048764812455,10.278606096294148,10.304518926527916,4746
2015-09-15,10.183393478393555,10.32052728713653,9.984397262676435,10.32052728713653,9282
2015-09-16,10.122830390930176,10.36504302773677,10.122830390930176,10.36504302773677,2300
2015-09-17,10.196369171142578,10.468907293836219,10.157435153614914,10.468907293836219,2081
2015-09-18,10.291543006896973,10.424350716675498,10.127154726750996,10.320526930586617,1855
2015-09-21,10.274236679077148,10.274236679077148,10.274236679077148,10.274236679077148,828
2015-09-22,10.255765914916992,10.274237832509604,10.20934807438052,10.20934807438052,1150
2015-09-23,10.184861183166504,10.317496413258082,10.079566235314,10.114174156181768,11114
2015-09-24,10.278562545776367,10.279384363235206,10.269910359156514,10.279384363235206,414
2015-09-25,10.166089057922363,10.274238941517282,10.166089057922363,10.274238941517282,1323
2015-09-28,10.122830390930176,10.248284669945338,10.122830390930176,10.183394895507744,1867
2015-09-29,9.906526565551758,10.252606597061819,9.720508682696762,10.122826275826329,7280
2015-09-30,9.794050216674805,9.867592148165436,9.625336713597779,9.750790936483277,20061
2015-10-01,9.988722801208496,10.070916939547226,9.86326854663264,10.070916939547226,3454
2015-10-02,10.040635108947754,10.040635108947754,9.993049719767415,9.99387153745089,3434
2015-10-05,10.079567909240723,10.079567909240723,10.036308619810328,10.079567909240723,2223
2015-10-06,10.049283981323242,10.187715658920933,10.036306527247136,10.036306527247136,20241
2015-10-07,10.08821964263916,10.092545736410894,10.057937811355039,10.057937811355039,2344
2015-10-08,10.144455909729004,10.144455909729004,10.096869713334577,10.096869713334577,2202
2015-10-09,10.295868873596191,10.334759992635112,10.144459692460664,10.144459692460664,600
2015-10-12,10.278562545776367,10.278562545776367,10.27423645246644,10.27423645246644,1211
2015-10-13,10.339126586914062,10.373734509564365,10.300236302044675,10.339126586914062,8075
2015-10-14,10.338735580444336,10.339125036063646,10.295864932960216,10.295864932960216,3267
2015-10-15,10.339126586914062,10.339126586914062,10.295866477321693,10.295866477321693,3455
2015-10-16,10.322299003601074,10.339127285558678,10.2958671730431,10.317497641859898,3185
2015-10-19,10.31749439239502,10.373689037247434,10.31749439239502,10.339124029281608,2892
2015-10-20,10.352104187011719,10.373733827827474,10.330473721078056,10.355780912405592,2117
2015-10-21,10.470724105834961,10.470724105834961,10.347779050956847,10.373734787360146,2379
2015-10-22,10.425646781921387,10.529470549631524,10.404016314616383,10.529470549631524,4372
2015-10-23,10.488805770874023,10.49053604315394,10.38238618703895,10.42564629450853,1721
2015-10-26,10.468910217285156,10.468910217285156,10.464584122449796,10.464584122449796,2180
2015-10-27,10.46025562286377,10.479722632588425,10.442951247500506,10.468907810545401,4976
2015-10-28,10.46025562286377,10.46717671291465,10.46025562286377,10.46717671291465,1354
2015-10-29,10.43429946899414,10.447276924881237,10.43429946899414,10.447276924881237,649
2015-10-30,10.425646781921387,10.425646781921387,10.373518304601982,10.425646781921387,4030
2015-11-02,10.41262435913086,10.63718678605639,10.40401507936491,10.63718678605639,2300
2015-11-03,10.425646781921387,10.425646781921387,10.412668501538384,10.416994594999386,3019
2015-11-04,10.46025562286377,10.482793721902848,10.425647697255274,10.425647697255274,870
2015-11-05,10.505550384521484,10.505550384521484,10.483703731154117,10.490539009943076,1095
2015-11-06,10.46025562286377,10.473190173130531,10.373735396283514,10.425690603392928,3002
2015-11-09,10.538122177124023,10.538122177124023,10.516838260491841,10.516838260491841,5672
2015-11-10,10.555425643920898,10.555425643920898,10.546773457524614,10.555425643920898,1766
2015-11-11,10.598689079284668,10.598689079284668,10.555428958835384,10.555428958835384,386
2015-11-12,10.252606391906738,10.598685591373826,10.252606391906738,10.598685591373826,6339
2015-11-13,10.31749439239502,10.457656320688608,10.31316829999415,10.457656320688608,2771
2015-11-16,10.399646759033203,10.51216561378372,10.231019886044875,10.253038982731555,7117
2015-11-17,10.628971099853516,10.628971099853516,10.628971099853516,10.628971099853516,701
2015-11-18,10.300237655639648,10.628926739184905,10.261259903144143,10.261259903144143,5864
2015-11-19,10.43429946899414,10.66357665759148,10.382387170091762,10.395365451096858,14153
2015-11-20,10.421363830566406,10.579219626302574,10.421363830566406,10.477558490462032,3994
2015-11-23,10.512166976928711,10.559753183508343,10.43429976405025,10.43429976405025,6315
2015-11-24,10.585668563842773,10.585711469990262,10.3521081248712,10.542452171903259,7889
2015-11-25,10.451251029968262,10.451251029968262,10.119772746608223,10.119772746608223,2300
2015-11-27,10.420270919799805,10.495395892535221,10.420270919799805,10.45120458335925,1850
2015-11-30,10.353985786437988,10.384919454206862,10.274441587672747,10.384919454206862,4409
2015-12-01,10.353985786437988,10.353985786437988,10.247927135710745,10.247927135710745,994
2015-12-02,10.358404159545898,10.358404159545898,10.23908787110491,10.298746015325404,2699
2015-12-03,10.236879348754883,10.35836015876326,10.230250103714322,10.309794301167319,5765
2015-12-04,10.163965225219727,10.252303196071887,10.163965225219727,10.252303196071887,2537
2015-12-07,9.943005561828613,10.16396124098036,9.943005561828613,10.16396124098036,12808
2015-12-08,9.525490760803223,9.832530607771805,9.280141247784625,9.832530607771805,32094
2015-12-09,9.501096725463867,9.867883216499163,9.125471802625492,9.125471802625492,26165
2015-12-10,9.439229965209961,9.611531351778103,9.24036945188924,9.412759340783914,22636
2015-12-11,9.15640640258789,9.50109769206205,9.15640640258789,9.408296677326316,28568
2015-12-14,9.019412994384766,9.445857628432035,8.882420675311938,9.125516318157914,20859
2015-12-15,9.23573112487793,9.29340093736685,9.019415383759195,9.019415383759195,10400
2015-12-16,9.45690631866455,9.479002400296915,9.03709088220157,9.038946902485929,12503
2015-12-17,9.51338005065918,9.620411367862136,9.448065348927003,9.554124826523594,17329
2015-12-18,9.611618041992188,9.669022330950757,9.479442780722836,9.651301638328116,5237
2015-12-21,9.708792686462402,9.708792686462402,9.638086933301748,9.638086933301748,4168
2015-12-22,9.771944046020508,9.916493620936123,9.664604217944303,9.744147574510743,6317
2015-12-23,9.757404327392578,9.894396634499792,9.68232402327527,9.770661973711016,11563
2015-12-24,9.7308931350708,9.783127217023166,9.656032797354783,9.757407593704283,3883
2015-12-28,9.819271087646484,9.872256154369063,9.713212451894591,9.713212451894591,8172
2015-12-29,9.7308931350708,9.832532595565354,9.7308931350708,9.766246027541925,2396
2015-12-30,9.69995403289795,9.766240563837506,9.602733000832893,9.766240563837506,5570
2015-12-31,9.83694839477539,9.93858781995676,9.728238056404706,9.894396509001641,3182
2016-01-04,9.832528114318848,9.832528114318848,9.717631055433005,9.810432882674249,2926
2016-01-05,9.89439868927002,9.942965396594625,9.881141883077701,9.920913987413327,4300
2016-01-06,9.987199783325195,10.009295020542401,9.894397932678533,9.894397932678533,3571
2016-01-07,9.85462474822998,9.85462474822998,9.836992558692188,9.836992558692188,1201
2016-01-08,9.88114070892334,9.965103281095388,9.854625413930787,9.965103281095388,3744
2016-01-11,9.810434341430664,9.83257340607827,9.717632500390309,9.8325295763607,6294
2016-01-12,9.722053527832031,9.973942961646985,9.64250931865271,9.943009289828213,11889
2016-01-13,9.585058212280273,9.943006199454492,9.288977549514687,9.943006199454492,8347
2016-01-14,9.633667945861816,9.65576402104572,9.406083850181659,9.62924957370412,15493
2016-01-15,9.337589263916016,9.470163214529276,9.19617772423195,9.470163214529276,14187
2016-01-19,9.169659614562988,9.302232669429197,8.784843240574414,9.293395083882661,35637
2016-01-20,9.169659614562988,9.235946141996092,8.833806920305813,9.107792301342615,31743
2016-01-21,9.16524600982666,9.406087853111744,9.16524600982666,9.169665226744119,3310
2016-01-22,9.605389595031738,9.605389595031738,9.367950467768303,9.403878202236191,4183
2016-01-25,9.479001998901367,9.54528855523285,9.28014148702763,9.41713381582993,15065
2016-01-26,9.576220512390137,9.735087216217606,9.43480899274337,9.456904226608499,13602
2016-01-27,9.744146347045898,9.88997708003301,9.600304808809819,9.600304808809819,10194
2016-01-28,9.96510124206543,10.03580699515283,9.898814703905874,9.943006010305265,4298
2016-01-29,9.969522476196289,10.000456144077374,9.873141764447011,10.000412314357217,1700
2016-02-01,10.083094596862793,10.083094596862793,9.943008898759217,9.94305272848323,1891
2016-02-02,10.0730619430542,10.0730619430542,9.943007371570285,10.03138999646925,6270
2016-02-03,10.004875183105469,10.004875183105469,10.004875183105469,10.004875183105469,100
2016-02-04,10.13705062866211,10.15512448657822,10.072045258888092,10.072045258888092,4425
2016-02-05,10.133028984069824,10.133028984069824,10.133028984069824,10.133028984069824,304
2016-02-08,9.810434341430664,10.113143442943912,9.80601512586882,9.876720889099955,9508
2016-02-09,9.429065704345703,9.93770627650217,9.059185823063803,9.722053078409935,22154
2016-02-10,9.61157512664795,9.660185661377659,9.501097251629007,9.50551646777528,18810
2016-02-11,9.470162391662598,9.73053620212043,9.240412910800325,9.611573919059353,42773
2016-02-12,9.296050071716309,9.425972330129635,9.26688391924632,9.425972330129635,15936
2016-02-16,9.642509460449219,9.92091419667088,9.547145247514223,9.92091419667088,7518
2016-02-17,9.74410343170166,9.832529889715824,9.545331441794215,9.832529889715824,2398
2016-02-18,9.7308931350708,9.766246027541925,9.69801493664386,9.69801493664386,4980
2016-02-19,9.810479164123535,9.832530571567952,9.7220526999773,9.7220526999773,4518
2016-02-22,9.89881706237793,9.943008379306255,9.700001230241087,9.807076397533802,3586
2016-02-23,9.941192626953125,10.124188392617858,9.903232730024053,9.943004816721254,9096
2016-02-24,10.084418296813965,10.084418296813965,10.084418296813965,10.084418296813965,161
2016-02-25,10.186434745788574,10.186434745788574,10.186434745788574,10.186434745788574,1000
2016-02-26,10.27233600616455,10.380846497574613,10.22956530273001,10.22956530273001,3956
2016-02-29,10.281335830688477,10.281335830688477,9.883508797875056,9.883508797875056,3180
2016-03-01,10.280475616455078,10.280475616455078,10.057576742377275,10.19999628575088,1164
2016-03-02,10.209854125976562,10.281380392618752,10.15478436805532,10.16608824670722,2961
2016-03-03,10.281380653381348,10.281380653381348,10.273242515942874,10.273242515942874,1850
2016-03-04,10.281380653381348,10.281380653381348,10.281380653381348,10.281380653381348,0
2016-03-07,10.301406860351562,10.30850498361415,10.301406860351562,10.30850498361415,850
2016-03-08,10.308506965637207,10.353765594806505,10.29946507076201,10.353719889472373,1055
2016-03-09,10.342414855957031,10.384191247932309,10.342414855957031,10.383241784478324,1972
2016-03-10,10.37632942199707,10.385371319172254,10.11409543188646,10.28590355132513,7457
2016-03-11,10.353719711303711,10.396174791794007,10.353719711303711,10.396174791794007,832
2016-03-14,10.210394859313965,10.285900064915563,10.210394859313965,10.285900064915563,200
2016-03-15,10.218082427978516,10.231645702067906,10.14574209161899,10.227125185614664,2583
2016-03-16,10.299466133117676,10.299466133117676,10.172870105794212,10.195476138861135,1484
2016-03-17,10.371807098388672,10.41702002961025,10.303988132738775,10.30850864973249,6663
2016-03-18,10.444146156311035,10.444146156311035,10.358241683812984,10.376327199018819,3851
2016-03-21,10.502918243408203,10.511960997470279,10.444142066733692,10.444142066733692,6081
2016-03-22,10.579782485961914,10.579782485961914,10.484836132449479,10.484836132449479,871
2016-03-23,10.602389335632324,10.606909851374285,10.466750579526686,10.466750579526686,1600
2016-03-24,10.796353340148926,10.900749503042663,10.579784208227402,10.58430558708755,6440
2016-03-28,10.748880386352539,10.822667773171638,10.748880386352539,10.819999616297038,789
2016-03-29,10.749332427978516,10.900749901717809,10.548135804350126,10.747072169648197,2748
2016-03-30,10.828410148620605,10.828410148620605,10.624998098616311,10.634040857157181,1270
2016-03-31,10.726725578308105,10.82388735870667,10.726725578308105,10.739836972828158,630
2016-04-01,10.81489086151123,10.823933619337504,10.629518637896872,10.629518637896872,8808
2016-04-04,10.80584716796875,10.828454060576824,10.670209261779409,10.796804410925521,3967
2016-04-05,10.918923377990723,10.964090589836616,10.78323978350812,10.78323978350812,6133
2016-04-06,10.959571838378906,11.01843858944665,10.918880289407554,10.918880289407554,6348
2016-04-07,10.896316528320312,11.017351134634719,10.896271685357416,10.964090630184593,6233
2016-04-08,11.108773231506348,11.108773231506348,10.941486528972392,10.96590093947335,4187
2016-04-11,11.190155029296875,11.190155029296875,11.054517131463408,11.12233608038014,4273
2016-04-12,11.190155029296875,11.190155029296875,11.099729189164748,11.099729189164748,3382
2016-04-13,11.212760925292969,11.212760925292969,11.090732006600199,11.090732006600199,2159
2016-04-14,11.257975578308105,11.289624368143171,11.126859040082142,11.217284030701636,1640
2016-04-15,11.256890296936035,11.256890296936035,11.13590051367538,11.15113763755587,1107
2016-04-18,11.10018539428711,11.226328695880612,11.10018539428711,11.226328695880612,5117
2016-04-19,11.13590145111084,11.215883207152979,11.13590145111084,11.215883207152979,3033
2016-04-20,11.122336387634277,11.181112581688545,11.07712346631921,11.167549308949347,6220
2016-04-21,11.122336387634277,11.122336387634277,11.122336387634277,11.122336387634277,0
2016-04-22,11.23084831237793,11.253454344733493,11.077124877738493,11.15398659505821,3537
2016-04-25,11.257975578308105,11.260779126421287,11.235369546244442,11.244412304015846,2753
2016-04-26,11.203720092773438,11.245541335850477,11.203720092773438,11.245541335850477,1296
2016-04-27,11.077125549316406,11.280583302311038,10.988644322552076,11.280583302311038,3055
2016-04-28,11.052709579467773,11.052709579467773,11.052709579467773,11.052709579467773,619
2016-04-29,11.031864166259766,11.031909009220362,11.031864166259766,11.031909009220362,415
2016-05-02,11.09068775177002,11.09068775177002,11.004828129310777,11.004828129310777,600
2016-05-03,11.03195571899414,11.149463258476217,11.03195571899414,11.149463258476217,1500
2016-05-04,11.077125549316406,11.157107307537036,11.068082790879998,11.068082790879998,11651
2016-05-05,11.077125549316406,11.077125549316406,11.014279844203717,11.045476757153887,4725
2016-05-06,11.077125549316406,11.077125549316406,11.077125549316406,11.077125549316406,0
2016-05-09,11.10063648223877,11.101541103051062,11.013873084197241,11.072604447801801,3290
2016-05-10,11.158506393432617,11.189567046444377,11.108772094457265,11.158506393432617,1765
2016-05-11,11.190155029296875,11.190155029296875,11.131378836866299,11.163027622203126,6439
2016-05-12,11.292923927307129,11.294144173393693,11.1901550606061,11.1901550606061,5169
2016-05-13,11.389093399047852,11.389093399047852,11.277507695729541,11.293468344881482,9579
2016-05-16,11.30318832397461,11.415542388456524,11.30318832397461,11.415542388456524,3955
2016-05-17,11.370959281921387,11.416217038098056,11.226323492474712,11.312227941352191,8461
2016-05-18,11.27380084991455,11.416221277612285,11.271540591478356,11.307665057671466,5036
2016-05-19,11.36644172668457,11.366486569658457,11.14494416899143,11.316753124522519,2650
2016-05-20,11.335288047790527,11.389091847530226,11.30318738196516,11.30318738196516,4000
2016-05-23,11.312230110168457,11.325793383078993,11.25792958846463,11.28957837507556,3653
2016-05-24,11.402655601501465,11.416174894413937,11.303187858795392,11.407176980128758,3020
2016-05-25,11.370959281921387,11.398131527865075,11.307706563793944,11.371004124880194,16200
2016-05-26,11.432046890258789,11.493623152553209,11.415106815011335,11.493623152553209,1779
2016-05-27,11.520391464233398,11.576705462147585,11.520391464233398,11.541255543819572,4800
2016-05-31,11.447460174560547,11.521268906577756,11.308983181645276,11.401301763865623,5078
2016-06-01,11.442892074584961,11.525886188002646,11.355143718299086,11.493620726403876,9126
2016-06-02,11.521313667297363,11.521313667297363,11.35514146660617,11.44284402390288,2005
2016-06-03,11.516653060913086,11.516653060913086,11.355142641838361,11.355142641838361,602
2016-06-06,11.428998947143555,11.47054222822842,11.40130371989211,11.47054222822842,2102
2016-06-07,11.416535377502441,11.465879137266393,11.373607204531481,11.465879137266393,2477
2016-06-08,11.34591007232666,11.456691839167085,11.288995630366545,11.456691839167085,6850
2016-06-09,11.42022705078125,11.44279913844944,11.401302523734378,11.401302523734378,2310
2016-06-10,11.358468055725098,11.442847068198352,11.313416319004848,11.442847068198352,2342
2016-06-13,11.419767379760742,11.442847470429992,11.385886352515852,11.396688169506927,3080
2016-06-14,11.433614730834961,11.493621202052902,11.401303486301039,11.419766677285258,6887
2016-06-15,11.451615333557129,11.490896822383645,11.451615333557129,11.490896822383645,1800
2016-06-16,11.475200653076172,11.475200653076172,11.475200653076172,11.475200653076172,400
2016-06-17,11.544393539428711,11.572088758967114,11.542547308848171,11.572088758967114,1593
2016-06-20,11.572092056274414,11.631637191435365,11.539780810870443,11.54439682884464,1403
2016-06-21,11.64594841003418,11.64594841003418,11.572093871691624,11.572093871691624,3601
2016-06-22,11.620415687561035,11.62447792249285,11.609014312969137,11.609014312969137,2799
2016-06-23,11.60901927947998,11.627483351312874,11.562859980313151,11.60901927947998,2116
2016-06-24,11.572092056274414,11.58132409222281,11.44750887423384,11.475158320062498,5594
2016-06-27,11.544393539428711,11.549009556087638,11.544393539428711,11.544393539428711,2032
2016-06-28,11.544625282287598,11.577998302267106,11.544625282287598,11.570612498842632,3966
2016-06-29,11.55362606048584,11.55362606048584,11.55362606048584,11.55362606048584,700
2016-06-30,11.622865676879883,11.650560900266735,11.58593841889232,11.650560900266735,2296
2016-07-01,11.83980941772461,11.86288949683873,11.595166742019913,11.595166742019913,16045
2016-07-05,11.83980941772461,11.83980941772461,11.83980941772461,11.83980941772461,0
2016-07-06,11.765960693359375,11.855048169624306,11.724371629401169,11.747497501431953,4605
2016-07-07,11.909050941467285,12.00598553771975,11.798269174618197,11.839812447238508,14811
2016-07-08,11.83980941772461,11.909047894236977,11.814421770906577,11.909047894236977,2900
2016-07-11,11.752113342285156,11.779947677686982,11.729034130891089,11.775193434094705,1387
2016-07-12,11.885971069335938,11.982904779729298,11.747494088655374,11.747494088655374,24192
2016-07-13,11.83980941772461,11.84165564797074,11.823653802552224,11.84165564797074,1000
2016-07-14,11.83980941772461,11.844425433547434,11.830577386078962,11.836116957232349,1791
2016-07-15,11.83980941772461,11.83980941772461,11.669021234355105,11.816730219025485,1469
2016-07-18,11.70137882232666,11.789035584865797,11.70137882232666,11.71033352368947,1800
2016-07-19,11.752113342285156,11.75797602896682,11.752113342285156,11.75797602896682,460
2016-07-20,11.747499465942383,11.747499465942383,11.720680246708849,11.720680246708849,1485
2016-07-21,11.724461555480957,11.816733474533565,11.719798876378789,11.719798876378789,1702
2016-07-22,11.705995559692383,11.705995559692383,11.705995559692383,11.705995559692383,615
2016-07-25,11.747499465942383,11.816737987975827,11.655180849620741,11.655180849620741,1920
2016-07-26,11.747499465942383,11.747499465942383,11.747499465942383,11.747499465942383,0
2016-07-27,11.747499465942383,11.790888986705506,11.724419371654186,11.724419371654186,3187
2016-07-28,11.764391899108887,11.764391899108887,11.764391899108887,11.764391899108887,255
2016-07-29,11.756723403930664,11.79365065170073,11.756723403930664,11.789035516092627,1610
2016-08-01,11.793654441833496,11.812118511859854,11.72441594006529,11.72441594006529,3082
2016-08-02,11.788993835449219,11.788993835449219,11.637822988579222,11.72446378826723,5734
2016-08-03,11.742830276489258,11.742830276489258,11.540237960906163,11.65979040593395,2608
2016-08-04,11.79236125946045,11.79365370906538,11.664546973768614,11.79365370906538,3076
2016-08-05,11.79236125946045,11.79236125946045,11.79236125946045,11.79236125946045,0
2016-08-08,11.738263130187988,11.750033401695086,11.738263130187988,11.750033401695086,964
2016-08-09,11.7094144821167,11.720723416803217,11.585938875812293,11.709690932524762,4904
2016-08-10,11.720863342285156,11.814336169136501,11.706693055778056,11.814336169136501,1700
2016-08-11,11.763187408447266,11.80283866625887,11.696257367145758,11.752109144418947,4865
2016-08-12,11.793654441833496,11.793654441833496,11.770575234715867,11.793608660237016,1295
2016-08-15,11.719802856445312,11.719849518468791,11.719802856445312,11.719849518468791,966
2016-08-16,11.770206451416016,11.770575345437274,11.752111275237231,11.770575345437274,3446
2016-08-17,11.801273345947266,11.801273345947266,11.783040821393133,11.793656871471539,350
2016-08-18,11.742879867553711,11.742879867553711,11.742879867553711,11.742879867553711,1500
2016-08-19,11.812763214111328,11.812763214111328,11.812763214111328,11.812763214111328,1000
2016-08-22,11.793654441833496,11.848999989900772,11.793654441833496,11.848999989900772,1473
2016-08-23,11.801457405090332,11.809304547875973,11.801457405090332,11.809304547875973,300
2016-08-24,11.844429969787598,11.844429969787598,11.770575449167227,11.770575449167227,11487
2016-08-25,11.885971069335938,11.885971069335938,11.829610411710677,11.829610411710677,5687
2016-08-26,11.92289924621582,11.927468601310295,11.881355972711408,11.881355972711408,4100
2016-08-29,12.000862121582031,12.000862121582031,11.826688535270758,11.956494490338589,1674
2016-08-30,12.000862121582031,12.000862121582031,12.000862121582031,12.000862121582031,0
2016-08-31,12.005620956420898,12.005620956420898,11.96977864537287,11.996200873367872,4137
2016-09-01,11.977360725402832,12.005620074136587,11.947970355908808,12.000910032956211,2044
2016-09-02,12.005620956420898,12.005620956420898,11.938975171426158,11.977361605610385,5405
2016-09-06,12.005620956420898,12.005620956420898,12.005620956420898,12.005620956420898,154
2016-09-07,11.98206901550293,11.98206901550293,11.845480536278812,11.916129346962707,3739
2016-09-08,11.935396194458008,11.977361649479064,11.9161320077587,11.977361649479064,4588
2016-09-09,11.821937561035156,11.93968594132764,11.821937561035156,11.93968594132764,10052
2016-09-12,11.812511444091797,11.934922192411657,11.812511444091797,11.821931525309466,4698
2016-09-13,11.66650676727295,11.8934781395474,11.661796725457522,11.8934781395474,3740
2016-09-14,11.704184532165527,11.751236432775602,11.553466808987858,11.727733839531354,6445
2016-09-15,11.7374849319458,11.763060018028758,11.7374849319458,11.751285363025445,1700
2016-09-16,11.743514060974121,11.774834985486525,11.743514060974121,11.765038493824177,1873
2016-09-19,11.661799430847168,11.887876100342874,11.661799430847168,11.887876100342874,15743
2016-09-20,11.704184532165527,11.774786638489921,11.661795060228247,11.727733839531354,10317
2016-09-21,11.727690696716309,11.741726497827424,11.661798611469376,11.72773741085211,6724
2016-09-22,11.859611511230469,11.869031592892467,11.732443103838776,11.732443103838776,16435
2016-09-23,11.798382759094238,11.85725692635189,11.788963575077872,11.788963575077872,2515
2016-09-26,11.869032859802246,11.963230991431724,11.869032859802246,11.963184277308253,3094
2016-09-27,11.845483779907227,11.876569336988114,11.827680307080332,11.876569336988114,714
2016-09-28,11.836061477661133,11.840771518560015,11.836061477661133,11.840771518560015,350
2016-09-29,11.864319801330566,11.864319801330566,11.86384816847316,11.86384816847316,364
2016-09-30,11.878829002380371,11.897386187385136,11.878829002380371,11.897386187385136,700
2016-10-03,11.963229179382324,11.963229179382324,11.963182465265929,11.963182465265929,930
2016-10-04,11.774832725524902,11.919521624268018,11.75128341941323,11.919521624268018,10908
2016-10-05,11.892582893371582,11.93968241123287,11.807803940890981,11.807803940890981,8900
2016-10-06,11.812559127807617,11.812559127807617,11.812559127807617,11.812559127807617,242
2016-10-07,11.727734565734863,11.817223556293616,11.680635049738228,11.774834081731498,12700
2016-10-10,11.727734565734863,11.80309343199006,11.704185256910819,11.798949350140465,20484
2016-10-11,11.817221641540527,11.84077094654886,11.661793892779686,11.704183360473406,20600
2016-10-12,11.723021507263184,11.77012101113829,11.624113357638947,11.704182244722132,68386
2016-10-13,11.647664070129395,11.7041836612898,11.600564560553794,11.7041836612898,6704
2016-10-14,11.657086372375488,11.737155284402517,11.657086372375488,11.737155284402517,4171
2016-10-17,11.680635452270508,11.710214477564678,11.657086142634919,11.68181318725686,1332
2016-10-18,11.723021507263184,11.723021507263184,11.722833752465078,11.722833752465078,355
2016-10-19,11.751285552978516,11.760704738124266,11.71831526074826,11.71831526074826,3896
2016-10-20,11.727734565734863,11.760703957427944,11.708895298345338,11.760703957427944,2199
2016-10-21,11.727781295776367,11.727781295776367,11.727781295776367,11.727781295776367,100
2016-10-24,11.80497932434082,11.80497932434082,11.80497932434082,11.80497932434082,100
2016-10-25,11.80497932434082,11.80497932434082,11.80497932434082,11.80497932434082,0
2016-10-26,11.776717185974121,11.79503900346044,11.751284041828244,11.774833349187222,4600
2016-10-27,11.706070899963379,11.751286586032318,11.626944347691424,11.751286586032318,3662
2016-10-28,11.727734565734863,11.788964206035054,11.661795782348703,11.770124040296981,4981
2016-10-31,11.770123481750488,11.784205992912746,11.700416129515519,11.751284215254973,5266
2016-11-01,11.765275955200195,11.770127038592426,11.746859805285252,11.770127038592426,5394
2016-11-02,11.77954387664795,11.77954387664795,11.70230117510516,11.708895053305783,5660
2016-11-03,11.73743724822998,11.774833700353875,11.725379614416035,11.774833700353875,1474
2016-11-04,11.774832725524902,11.84077150131634,11.727733214953114,11.727733214953114,9591
2016-11-07,11.788958549499512,11.839354082136305,11.78179871501138,11.836057144548922,2474
2016-11-08,11.77954387664795,11.799984899069877,11.77954387664795,11.799984899069877,2225
2016-11-09,11.683601379394531,11.75858383173226,11.591146049177295,11.591146049177295,12807
2016-11-10,11.67592716217041,11.683038490037069,11.619407557227158,11.67592716217041,3553
2016-11-11,11.640836715698242,11.70889560342982,11.59114725954448,11.657086044648727,4385
2016-11-14,11.520498275756836,11.633537483706386,11.492238922943764,11.633537483706386,8941
2016-11-15,11.562887191772461,11.634761367013299,11.492238364001576,11.492238364001576,7971
2016-11-16,11.595855712890625,11.608525121050816,11.58643563106635,11.591145671978488,1580
2016-11-17,11.628825187683105,11.690053923300791,11.628825187683105,11.687981433416113,6514
2016-11-18,11.638245582580566,11.640506725876051,11.638245582580566,11.638717215568303,1100
2016-11-21,11.690058708190918,11.690058708190918,11.63240896921944,11.681251296337392,7102
2016-11-22,11.840770721435547,11.840770721435547,11.68030324119061,11.680632935047852,6231
2016-11-23,11.803095817565918,11.82193598711186,11.751287148012032,11.798385775179431,5624
2016-11-25,11.8313570022583,11.8313570022583,11.69891343871744,11.77483738752471,21126
2016-11-28,11.992746353149414,11.99755510238298,11.904988284693312,11.92542478105462,4425
2016-11-29,11.992746353149414,12.069684506536209,11.913883966329086,11.913883966329086,10349
2016-11-30,11.987933158874512,12.021593473853335,11.949464096445173,11.959081591346207,7085
2016-12-01,11.90378475189209,11.90378475189209,11.850408832732153,11.850408832732153,3250
2016-12-02,11.862909317016602,11.973507764688547,11.862909317016602,11.973507764688547,509
2016-12-05,11.89176082611084,11.96389020826159,11.89176082611084,11.96389020826159,4692
2016-12-06,11.89176082611084,11.954273629903051,11.89176082611084,11.954273629903051,3075
2016-12-07,11.906192779541016,11.95908811316808,11.906192779541016,11.95908811316808,1604
2016-12-08,11.930232048034668,11.940233841640769,11.925423299398558,11.940233841640769,1350
2016-12-09,11.939706802368164,11.939706802368164,11.935042049720632,11.935522649482193,1789
2016-12-12,11.907726287841797,11.925421342622174,11.781162575909557,11.925421342622174,4043
2016-12-13,11.896573066711426,11.901381815889973,11.886955568354333,11.886955568354333,1245
2016-12-14,11.829253196716309,11.896573855328354,11.814826948224363,11.895083445651998,2031
2016-12-15,11.853296279907227,11.853296279907227,11.817520026685115,11.824444699482996,2151
2016-12-16,11.814825057983398,11.834060052895275,11.80366945798754,11.813382341647504,3264
2016-12-19,11.805207252502441,11.886954144394872,11.785973175267467,11.886954144394872,4852
2016-12-20,11.689804077148438,11.866521751363763,11.689804077148438,11.810020082228215,15551
2016-12-21,11.808093070983887,11.820836301055701,11.781164811669903,11.790926305671222,3092
2016-12-22,11.747504234313965,11.824442378459839,11.747504234313965,11.824442378459839,440
2016-12-23,11.792948722839355,11.824445438523433,11.751642817724532,11.805210438921602,20466
2016-12-27,11.840646743774414,11.840646743774414,11.810015850197168,11.810015850197168,627
2016-12-28,11.788374900817871,11.8869519359169,11.598434410770857,11.8869519359169,24440
2016-12-29,11.757121086120605,11.878442240239579,11.713987264238789,11.713987264238789,2563
2016-12-30,11.733078002929688,11.733078002929688,11.646522361364239,11.651331110026211,700
2017-01-03,11.805207252502441,11.805207252502441,11.66575721173007,11.66575721173007,1295
2017-01-04,11.805207252502441,11.805207252502441,11.761929432254977,11.761929432254977,1645
2017-01-05,11.867671012878418,11.88089484174679,11.72826867042228,11.74750366411263,5103
2017-01-06,12.0167875289917,12.04515850354415,11.872528740530939,11.872528740530939,5209
2017-01-09,12.045639991760254,12.078291424488002,12.01678841537495,12.01678841537495,5900
2017-01-10,12.045639991760254,12.045639991760254,12.045639991760254,12.045639991760254,0
2017-01-11,12.021596908569336,12.040831903867074,12.016788159744902,12.040831903867074,3081
2017-01-12,12.045639991760254,12.045639991760254,12.011979666448221,12.011979666448221,1550
2017-01-13,11.925424575805664,11.92547318608699,11.925424575805664,11.92547318608699,803
2017-01-17,12.040831565856934,12.041745072188172,11.973510001379756,12.02159657109916,2441
2017-01-18,11.973509788513184,11.973509788513184,11.973509788513184,11.973509788513184,528
2017-01-19,11.999094009399414,11.999094009399414,11.901382749827004,11.930234329987226,4147
2017-01-20,12.012076377868652,12.012076377868652,11.90667094578242,11.97836835830761,3774
2017-01-23,12.05045223236084,12.05045223236084,12.011695153917977,12.026409397935746,8632
2017-01-24,12.053815841674805,12.060019614442982,12.040833227314431,12.052036521868438,2200
2017-01-25,11.973557472229004,11.998033202786836,11.973557472229004,11.998033202786836,731
2017-01-26,12.05045223236084,12.05045223236084,12.011983146975483,12.011983146975483,1431
2017-01-27,12.083965301513672,12.083965301513672,12.052372288217787,12.060018776978392,3457
2017-01-30,11.985963821411133,12.075597499139297,11.985963821411133,12.075597499139297,4492
2017-01-31,12.023327827453613,12.071991302481969,12.02159711809068,12.071991302481969,2201
2017-02-01,12.026405334472656,12.026405334472656,11.9975537594758,11.9975537594758,2260
2017-02-02,12.021549224853516,12.021596917956522,12.0078438779644,12.021596917956522,776
2017-02-03,12.09372615814209,12.09372615814209,12.026405509776444,12.026405509776444,6864
2017-02-06,12.117769241333008,12.141812066674246,12.093725498816774,12.093725498816774,2254
2017-02-07,12.117769241333008,12.146620815177492,12.097187834426112,12.146620815177492,1236
2017-02-08,12.117769241333008,12.117769241333008,12.117769241333008,12.117769241333008,0
2017-02-09,12.204324722290039,12.237985963907363,12.084108753753327,12.11776999537065,4698
2017-02-10,12.189899444580078,12.189899444580078,12.050929997148875,12.050929997148875,1691
2017-02-13,12.117818832397461,12.189900543786251,12.117818832397461,12.177782825843119,3110
2017-02-14,12.141814231872559,12.165857061501251,12.112962652883093,12.112962652883093,617
2017-02-15,12.137006759643555,12.137006759643555,12.1177726773517,12.1177726773517,1455
2017-02-16,12.122576713562012,12.16561423179245,12.122576713562012,12.134646736149868,2388
2017-02-17,12.213940620422363,12.353391565907222,12.127384987662786,12.127384987662786,19036
2017-02-21,12.286067008972168,12.353388549778872,12.189894820522849,12.189894820522849,2792
2017-02-22,12.300498962402344,12.324541791386647,12.28607271470668,12.28607271470668,4100
2017-02-23,12.314923286437988,12.319732034918722,12.300497040995785,12.30530578947652,2604
2017-02-24,12.373632431030273,12.415835740065246,12.315479326352206,12.415835740065246,3704
2017-02-27,12.32239818572998,12.32509766987683,12.27489419129974,12.286672141722702,1284
2017-02-28,12.3667631149292,12.371669736762714,12.298058240987613,12.337317767802396,3403
2017-03-01,12.261252403259277,12.293150123830632,12.261252403259277,12.293150123830632,758
2017-03-02,12.312777519226074,12.342221922212445,12.21978105516704,12.293147293221363,2975
2017-03-03,12.317688941955566,12.317688941955566,12.269988376371916,12.288244529727297,1688
2017-03-06,12.34713363647461,12.415837578585004,12.342226078320866,12.415837578585004,2075
2017-03-07,12.302961349487305,12.324897928599027,12.302961349487305,12.324897928599027,4125
2017-03-08,12.219535827636719,12.317685085698336,12.219535827636719,12.247360914844158,3858
2017-03-09,12.175369262695312,12.219536337062271,12.072313379852897,12.219536337062271,10625
2017-03-10,12.182878494262695,12.253888774005219,12.0968506972763,12.101758254176676,8600
2017-03-13,12.240394592285156,12.293149664824496,12.212177306985552,12.219538175147036,5800
2017-03-14,12.219535827636719,12.244073610162472,12.15328521884823,12.244073610162472,3303
2017-03-15,12.253889083862305,12.253889083862305,12.219537120711813,12.224494286838379,5800
2017-03-16,12.253889083862305,12.253889083862305,12.224444677736281,12.224444677736281,5930
2017-03-17,12.309589385986328,12.342223752338581,12.293149116070627,12.293149116070627,2557
2017-03-20,12.360380172729492,12.381481823923314,12.302717552070149,12.342222306711529,1439
2017-03-21,12.311602592468262,12.440373794531652,12.268613024977784,12.269005217731191,1108
2017-03-22,12.317688941955566,12.317688941955566,12.317688941955566,12.317688941955566,750
2017-03-23,12.312777519226074,12.41023973801849,12.293147293221363,12.41023973801849,1897
2017-03-24,12.312777519226074,12.312777519226074,12.312777519226074,12.312777519226074,280
2017-03-27,12.317688941955566,12.317688941955566,12.312781383914023,12.312781383914023,1140
2017-03-28,12.317688941955566,12.317688941955566,12.317688941955566,12.317688941955566,540
2017-03-29,12.3667631149292,12.3667631149292,12.31768847240548,12.348360006980185,500
2017-03-30,12.440372467041016,12.440372467041016,12.416963523071226,12.421871080080047,996
2017-03-31,12.436594009399414,12.436594009399414,12.436594009399414,12.436594009399414,500
2017-04-03,12.499259948730469,12.542936546245647,12.420740916988187,12.420740916988187,900
2017-04-04,12.468292236328125,12.468292236328125,12.468292236328125,12.468292236328125,207
2017-04-05,12.53277587890625,12.563055207345379,12.53277587890625,12.553240095965963,3187
2017-04-06,12.3667631149292,12.582690044400032,12.327503588114416,12.327503588114416,2300
2017-04-07,12.3667631149292,12.3667631149292,12.3667631149292,12.3667631149292,0
2017-04-10,12.440372467041016,12.567966141207991,12.420251764111088,12.567966141207991,2400
2017-04-11,12.452149391174316,12.452149391174316,12.391296812501334,12.440371442527264,2600
2017-04-12,12.3912992477417,12.410929478018252,12.3912992477417,12.396206805310838,3100
2017-04-13,12.440372467041016,12.440372467041016,12.394978266725014,12.435464910032195,11519
2017-04-17,12.4649076461792,12.4649076461792,12.347129101808294,12.347129101808294,3340
2017-04-18,12.455095291137695,12.455095291137695,12.452985500089607,12.452985500089607,300
2017-04-19,12.450139999389648,12.450139999389648,12.445282050691677,12.445282050691677,632
2017-04-20,12.483409881591797,12.483409881591797,12.464908495848258,12.464908495848258,1000
2017-04-21,12.496411323547363,12.496411323547363,12.440368966479065,12.48944358673751,3472
2017-04-24,12.489447593688965,12.489447593688965,12.489447593688965,12.489447593688965,100
2017-04-25,12.582691192626953,12.582691192626953,12.51904176204205,12.51904176204205,505
2017-04-26,12.583767890930176,12.58759527989921,12.583767890930176,12.58759527989921,340
2017-04-27,12.57282543182373,12.57282543182373,12.563059925865124,12.563059925865124,1403
2017-04-28,12.489447593688965,12.563059079682917,12.489447593688965,12.563059079682917,1125
2017-05-01,12.489447593688965,12.524191750811779,12.489447593688965,12.524191750811779,1335
2017-05-02,12.550202369689941,12.550202369689941,12.550202369689941,12.550202369689941,250
2017-05-03,12.550202369689941,12.550202369689941,12.550202369689941,12.550202369689941,0
2017-05-04,12.538516998291016,12.538516998291016,12.48944331512034,12.48944331512034,1300
2017-05-05,12.489498138427734,12.575084151702924,12.489498138427734,12.575084151702924,999
2017-05-08,12.489498138427734,12.489498138427734,12.489498138427734,12.489498138427734,0
2017-05-09,12.504166603088379,12.504166603088379,12.499259046955961,12.499259046955961,470
2017-05-10,12.504166603088379,12.504166603088379,12.504166603088379,12.504166603088379,0
2017-05-11,12.513099670410156,12.513099670410156,12.513099670410156,12.513099670410156,300
2017-05-12,12.529199600219727,12.529199600219727,12.529199600219727,12.529199600219727,321
2017-05-15,12.513982772827148,12.513982772827148,12.513982772827148,12.513982772827148,150
2017-05-16,12.538468360900879,12.53851703396741,12.538468360900879,12.53851703396741,1300
2017-05-17,12.574395179748535,12.574395179748535,12.554029238646098,12.554029238646098,306
2017-05-18,12.557610511779785,12.56796570943826,12.489446672036209,12.529981987031956,1800
2017-05-19,12.557610511779785,12.557610511779785,12.557610511779785,12.557610511779785,0
2017-05-22,12.548042297363281,12.570174509493555,12.53361447254721,12.570174509493555,1133
2017-05-23,12.61213493347168,12.617041555126992,12.576751470706679,12.576751470706679,1600
2017-05-24,12.666753768920898,12.666753768920898,12.555452464480709,12.58268879946461,5852
2017-05-25,12.646485328674316,12.656300442806332,12.634609096735826,12.656300442806332,3785
2017-05-26,12.669384956359863,12.763578158673663,12.649304262313692,12.749456532842583,8990
2017-05-30,12.649300575256348,12.732727505950074,12.649300575256346,12.719407239704857,3951
2017-05-31,12.669336318969727,12.803841841293215,12.600331845543446,12.803841841293215,11445
2017-06-01,12.634284019470215,12.669337370311736,12.629276261473972,12.669337370311736,3808
2017-06-02,12.634284019470215,12.634284019470215,12.634284019470215,12.634284019470215,0
2017-06-05,12.634284019470215,12.634284019470215,12.634284019470215,12.634284019470215,0
2017-06-06,12.639492988586426,12.848662169845488,12.628876693923559,12.644349835942313,13631
2017-06-07,12.627974510192871,12.699784213078681,12.604238520322616,12.644299629458187,6584
2017-06-08,12.62426471710205,12.64930349957342,12.589211376774022,12.644295743079146,13124
2017-06-09,12.62426471710205,12.62426471710205,12.62426471710205,12.62426471710205,0
2017-06-12,12.614249229431152,12.817809788015797,12.614249229431152,12.644294811050203,6674
2017-06-13,12.746354103088379,12.746354103088379,12.6042371358504,12.6042371358504,1550
2017-06-14,12.61925983428955,12.669335496581688,12.589213290755827,12.589213290755827,11585
2017-06-15,12.649300575256348,12.649300575256346,12.643692042100465,12.643692042100465,1684
2017-06-16,12.629276275634766,12.634284033636623,12.579200605880546,12.579200605880546,3584
2017-06-19,12.669336318969727,12.763780735779852,12.629275213456364,12.684359591711775,2814
2017-06-20,12.743948936462402,12.743948936462404,12.669334980119732,12.669334980119732,3286
2017-06-21,12.744449615478516,12.744449615478514,12.669334219348844,12.669334219348844,7716
2017-06-22,12.740242958068848,12.794525015275283,12.719410575788977,12.794525015275283,21082
2017-06-23,12.744449615478516,12.77449520085122,12.735535369101445,12.764479687349672,12685
2017-06-26,12.781557083129883,12.781557083129883,12.749457960205483,12.749457960205483,1335
2017-06-27,12.73413372039795,12.75947241654537,12.73413372039795,12.74905670236513,2401
2017-06-28,12.739439964294434,12.776996701642412,12.734432208288345,12.735082653041376,12280
2017-06-29,12.719411849975586,12.758572262567316,12.719411849975586,12.739442878582263,1300
2017-06-30,12.669336318969727,12.729578410544935,12.669336318969728,12.72442069722514,2140
2017-07-03,12.669336318969727,12.669336318969728,12.669336318969728,12.669336318969728,0
2017-07-05,12.709397315979004,12.730580235428976,12.709397315979002,12.730580235428976,2122
2017-07-06,12.729429244995117,12.729429244995117,12.669337105428754,12.729429244995117,3591
2017-07-07,12.729429244995117,12.729429244995117,12.72847793336819,12.72847793336819,400
2017-07-10,12.70504093170166,12.769489424342506,12.699382729223679,12.699382729223679,2090
2017-07-11,12.674341201782227,12.76442924066773,12.674341201782227,12.76442924066773,3305
2017-07-12,12.679350852966309,12.721916311542223,12.674343095773139,12.69938188173898,12268
2017-07-13,12.710394859313965,12.724416193524306,12.679347346382,12.724416193524306,3201
2017-07-14,12.684361457824707,12.684361457824707,12.684361457824707,12.684361457824707,151
2017-07-17,12.719411849975586,12.719411849975586,12.694374019349253,12.714404092823916,740
2017-07-18,12.689363479614258,12.689363479614258,12.669383077385742,12.669383077385742,1200
2017-07-19,12.684361457824707,12.71941481091441,12.684361457824707,12.71941481091441,969
2017-07-20,12.719411849975586,12.719411849975586,12.684358505045916,12.689366262197584,1200
2017-07-21,12.674341201782227,12.73443332398835,12.669333445337394,12.729425567543517,3352
2017-07-24,12.700185775756836,12.700185775756836,12.679353387053865,12.69497743979804,1540
2017-07-25,12.709397315979004,12.736889838002991,12.709397315979002,12.709397315979002,4812
2017-07-26,12.754462242126465,12.754462242126467,12.709444015312368,12.709444015312368,1600
2017-07-27,12.764381408691406,12.769489455100107,12.756870249948323,12.764481697560687,1335
2017-07-28,12.745450019836426,12.745450019836426,12.74124361897102,12.74124361897102,1227
2017-07-31,12.754462242126465,12.754462242126467,12.694371080482137,12.69442074733539,2970
2017-08-01,12.719411849975586,12.719411849975586,12.719411849975586,12.719411849975586,286
2017-08-02,12.719411849975586,12.744450635733932,12.694423686214003,12.739442878582263,4774
2017-08-03,12.754462242126465,12.754462242126467,12.714401149319649,12.714401149319649,790
2017-08-04,12.754462242126465,12.754462242126467,12.754462242126467,12.754462242126467,0
2017-08-07,12.794526100158691,12.794526100158691,12.726322034321335,12.78951929821606,5602
2017-08-08,12.789519309997559,12.799533869024046,12.789519309997559,12.794526111944801,559
2017-08-09,12.744449615478516,12.769487444100445,12.709395318223097,12.709395318223097,822
2017-08-10,12.744449615478516,12.744449615478514,12.674341976099617,12.744449615478514,1279
2017-08-11,12.659319877624512,12.668282835883806,12.649304363951565,12.649804853095626,2300
2017-08-14,12.734431266784668,12.802885557538284,12.734431266784668,12.802885557538284,572
2017-08-15,12.804542541503906,12.824573571252909,12.795779204771737,12.814558056378408,986
2017-08-16,12.829581260681152,12.829581260681154,12.804542473627631,12.809851097638445,3231
2017-08-17,12.789519309997559,12.818713874728472,12.789519309997559,12.794526111944801,1000
2017-08-18,12.810997009277344,12.810997009277344,12.810997009277344,12.810997009277344,195
2017-08-21,12.769539833068848,12.769539833068848,12.769490166197485,12.769490166197485,482
2017-08-22,12.812504768371582,12.834588377360557,12.812504768371584,12.834588377360557,702
2017-08-23,12.782058715820312,12.79452700983138,12.78205871582031,12.792524097885524,3754
2017-08-24,12.889670372009277,12.894678128616803,12.789518105254508,12.78956777211386,10542
2017-08-25,12.824570655822754,12.83458521328856,12.669333075954608,12.83458521328856,9175
2017-08-28,12.89467716217041,12.894677162170408,12.844600554980273,12.86963933614126,6937
2017-08-29,12.948653221130371,12.948653221130371,12.865156049049363,12.865156049049363,600
2017-08-30,12.892447471618652,12.948657424711573,12.877118193247078,12.948605768318282,2753
2017-08-31,12.938435554504395,12.948860398089073,12.904862801875579,12.928215387168107,4155
2017-09-01,12.90261459350586,12.902665275240931,12.90261459350586,12.902665275240931,843
2017-09-05,12.943548202514648,12.98437722356224,12.921064024850068,12.943548202514648,2925
2017-09-06,12.872004508972168,12.979313326157676,12.872004508972168,12.979313326157676,1726
2017-09-07,12.958161354064941,12.958161354064943,12.877168033273259,12.877168033273259,1220
2017-09-08,12.963985443115234,12.974204635385146,12.902665416251947,12.902665416251947,1762
2017-09-11,12.89040470123291,12.928218158905604,12.890404701232908,12.928218158905604,350
2017-09-12,12.928215980529785,12.984425928810412,12.897608108151424,12.897608108151424,1900
2017-09-13,12.877119064331055,13.076407493834006,12.87200897964521,13.076407493834006,4534
2017-09-14,12.985448837280273,13.020145362910954,12.985448837280275,13.020145362910954,500
2017-09-15,13.030467987060547,13.030467987060547,12.917998369632292,13.020197136257142,1688
2017-09-18,12.974204063415527,13.107063303554893,12.974204063415527,13.107063303554893,6780
2017-09-19,12.91002368927002,13.001133853250252,12.91002368927002,12.979314391964143,3860
2017-09-20,12.932814598083496,12.985192224060413,12.912885954273486,12.912885954273486,1103
2017-09-21,12.89755630493164,12.979315697146037,12.897556304931639,12.979315697146037,3972
2017-09-22,12.919990539550781,12.951212444496333,12.902718785241605,12.90777818801904,1861
2017-09-25,12.919990539550781,12.919990539550781,12.919990539550781,12.919990539550781,0
2017-09-26,12.946256637573242,12.953716600914637,12.917998639512476,12.923108724147822,3155
2017-09-27,12.89755630493164,12.902666388776144,12.836237248095259,12.902666388776144,3175
2017-09-28,12.989537239074707,12.989537239074707,12.882227416284849,12.882227416284849,2760
2017-09-29,12.979315757751465,13.004866177093291,12.979315757751465,12.979315757751465,2851
2017-10-02,12.979315757751465,13.004866177093291,12.979315757751465,13.004866177093291,1800
2017-10-03,13.004865646362305,13.004865646362303,13.004865646362303,13.004865646362303,490
2017-10-04,12.989537239074707,13.00481583583635,12.902872430102478,12.902872430102478,1398
2017-10-05,12.9950532913208,12.995053291320803,12.91283387140587,12.91283387140587,760
2017-10-06,12.938435554504395,12.979315249200743,12.928215387168107,12.969095081864456,2295
2017-10-09,12.971805572509766,12.989537360816078,12.971805572509767,12.984427276383055,600
2017-10-10,13.00282096862793,13.004865781832198,12.973847583440456,12.98953553069304,1296
2017-10-11,12.989537239074707,12.989537239074707,12.979317070304447,12.984427154689577,15906
2017-10-12,12.988205909729004,12.989534355937469,12.988154253346723,12.989534355937469,701
2017-10-13,13.166648864746094,13.166648864746094,12.997202243413382,12.997202243413382,5896
2017-10-16,13.107063293457031,13.107063293457031,13.05340888151383,13.055963435804532,3212
2017-10-17,13.011198997497559,13.112171616511652,13.011198997497559,13.107061533967507,2772
2017-10-18,13.015083312988281,13.025814195021049,13.015083312988281,13.025814195021049,1400
2017-10-19,13.009977340698242,13.108089407025433,13.00997734069824,13.00997734069824,3964
2017-10-20,13.081515312194824,13.09919544191861,13.077733674745636,13.077733674745636,1235
2017-10-23,13.026683807373047,13.026683807373047,13.015083538511368,13.015083538511368,354
2017-10-24,13.04063606262207,13.063119262535116,13.04063606262207,13.04063606262207,1050
2017-10-25,13.015083312988281,13.032202042509038,13.009973229927628,13.032202042509038,3777
2017-10-26,13.015083312988281,13.032968116376228,13.009973229927628,13.009973229927628,2151
2017-10-27,13.055964469909668,13.055964469909668,13.009974691844644,13.03041502638412,8253
2017-10-30,13.081515312194824,13.09331928413996,13.035525532638783,13.035525532638783,8600
2017-10-31,13.107063293457031,13.107063293457031,13.071293685494897,13.071293685494897,965
2017-11-01,13.1027250289917,13.111462757932475,13.07640852936762,13.107068065261648,3856
2017-11-02,13.112175941467285,13.112175941467287,13.040636711549734,13.091736579197518,6275
2017-11-03,13.035526275634766,13.081516057812124,13.025306107451158,13.07640597372032,2325
2017-11-06,13.035526275634766,13.107065503622263,13.009975855175746,13.081516057812124,8885
2017-11-07,13.020195007324219,13.081515036991858,13.020195007324217,13.081515036991858,2200
2017-11-08,13.048299789428711,13.107064289065766,13.032969538573864,13.032969538573864,3100
2017-11-09,13.137722969055176,13.16327338549919,13.137722969055174,13.16327338549919,1200
2017-11-10,13.121012687683105,13.147891548494478,13.020193080748236,13.147891548494478,1560
2017-11-13,13.096844673156738,13.096844673156737,13.056476667775915,13.076405312471982,1645
2017-11-14,13.047842025756836,13.081517122041332,13.047842025756836,13.081517122041332,1150
2017-11-15,13.076406478881836,13.076406478881836,13.076406478881836,13.076406478881836,910
2017-11-16,13.076508522033691,13.081516268073306,13.055965847203609,13.055965847203609,1068
2017-11-17,13.076508522033691,13.076508522033691,13.076508522033691,13.076508522033691,0
2017-11-20,13.057036399841309,13.152542226840447,13.05703639984131,13.12750350150513,855
2017-11-21,13.127509117126465,13.132619202493947,13.119690481837905,13.132619202493947,1720
2017-11-22,13.168384552001953,13.168384552001953,13.148557271266634,13.148557271266634,430
2017-11-24,13.168384552001953,13.168384552001953,13.168384552001953,13.168384552001953,0
2017-11-27,13.183662414550781,13.18371309628607,13.15816365380808,13.16020749224847,1454
2017-11-28,13.168384552001953,13.179933165747851,13.061074743407385,13.15816438458365,5771
2017-11-29,13.2443208694458,13.322535165034218,13.223464188078296,13.322535165034218,1600
2017-11-30,13.348608016967773,13.348608016967773,13.271331576446958,13.271331576446958,3900
2017-12-01,13.254749298095703,13.348606847722962,13.244373171540568,13.32253475363278,3256
2017-12-04,13.431093215942383,13.431093215942383,13.31220688469827,13.31220688469827,509
2017-12-05,13.320027351379395,13.323051772804755,13.244315371817287,13.244315371817287,2275
2017-12-06,13.288901329040527,13.327747401432209,13.239104282402067,13.288015186269309,4939
2017-12-07,13.311796188354492,13.317323891075368,13.296466211791055,13.296466211791055,963
2017-12-08,13.249588012695312,13.306892915890698,13.249588012695312,13.296464077922202,4399
2017-12-11,13.2443208694458,13.286035226729538,13.239106450466743,13.285879082579298,4487
2017-12-12,13.2443208694458,13.306892902645771,13.2443208694458,13.306892902645771,1713
2017-12-13,13.259960174560547,13.286031267137227,13.259960174560547,13.259960174560547,539
2017-12-14,13.288591384887695,13.288591384887694,13.259965286355612,13.259965286355612,350
2017-12-15,13.288591384887695,13.288591384887694,13.288591384887694,13.288591384887694,0
2017-12-18,13.400753021240234,13.442467386511728,13.33677269479052,13.442467386511728,2456
2017-12-19,13.37989616394043,13.447682633267265,13.26716304259494,13.327805666603913,3055
2017-12-20,13.46269416809082,13.462694168090822,13.462694168090822,13.462694168090822,239
2017-12-21,13.400753021240234,13.452895231917912,13.395538601262682,13.395538601262682,2230
2017-12-22,13.239108085632324,13.239108085632322,13.239108085632322,13.239108085632322,229
2017-12-26,13.239108085632324,13.358828892607146,13.239108085632322,13.358828892607146,4088
2017-12-27,13.171316146850586,13.296459172659223,13.171316146850586,13.286030338538078,8176
2017-12-28,13.203390121459961,13.24432177168341,13.203390121459961,13.218250669560815,2985
2017-12-29,13.218249320983887,13.244320420446607,13.218249320983887,13.244320420446607,500
2018-01-02,13.207823753356934,13.296466905844522,13.207823753356934,13.296466905844522,1001
2018-01-03,13.376346588134766,13.376346588134766,13.16610595877295,13.257825227249226,4872
2018-01-04,13.35382080078125,13.353820800781252,13.166105708073932,13.327748707600422,4190
2018-01-05,13.223461151123047,13.304960422441422,13.213084032082019,13.218246733341552,5999
2018-01-08,13.218249320983887,13.27039251445802,13.202606064577038,13.223463739786169,3222
2018-01-09,13.197389602661133,13.266218328917844,13.181747343224586,13.197389602661131,2247
2018-01-10,13.16657543182373,13.192177104064392,13.16657543182373,13.192177104064392,4896
2018-01-11,13.216944694519043,13.216944694519043,13.1924380215854,13.1924380215854,2084
2018-01-12,13.218249320983887,13.218249320983887,13.166106127509753,13.19103051232837,3666
2018-01-16,13.192176818847656,13.463320620885852,13.176534557473424,13.21824891205248,3933
2018-01-17,13.166105270385742,13.218248460465311,13.119176498768992,13.218248460465311,19565
2018-01-18,13.140035629272461,13.186964406091548,13.087892433412502,13.134821210231589,2312
2018-01-19,13.061349868774414,13.216162295960254,13.05232831856593,13.15046142193064,9435
2018-01-22,13.082676887512207,13.258138144656826,13.072248050328742,13.258138144656826,3982
2018-01-23,13.103532791137695,13.218091860133912,13.103532791137695,13.155780407020107,1150
2018-01-24,13.108747482299805,13.194418894593081,13.108747482299803,13.166105090056597,9842
2018-01-25,13.119176864624023,13.179141186795736,13.108696310877393,13.108748027407554,9485
2018-01-26,13.103532791137695,13.10874720942055,13.087890530837727,13.10874720942055,1000
2018-01-29,13.093107223510742,13.108749486527913,12.983606409646715,13.108749486527913,7495
2018-01-30,13.046178817749023,13.13482195738868,13.00446445759794,13.061821081212685,18713
2018-01-31,13.155677795410156,13.155677795410154,13.035749141995492,13.06182024245999,4068
2018-02-01,13.1394624710083,13.1394624710083,13.1394624710083,13.1394624710083,332
2018-02-02,13.046698570251465,13.087891782441332,13.035748589174895,13.087891782441332,6750
2018-02-05,13.01937484741211,13.06181920026734,13.019374847412111,13.045654801013502,4125
2018-02-06,13.041585922241211,13.166051676337327,12.970567203855818,12.988817168598871,21121
2018-02-07,13.129607200622559,13.129607200622557,13.087892841543525,13.116779510581278,6965
2018-02-08,13.1243896484375,13.150460743682558,13.11917523047878,13.150460743682558,6237
2018-02-09,13.155677795410156,13.166106633415447,13.060673527771826,13.145248957404863,2868
2018-02-12,13.145245552062988,13.166103222670289,13.061816858730738,13.155674387366638,7826
2018-02-13,13.145245552062988,13.145245552062988,13.119174458352338,13.145245552062988,5538
2018-02-14,13.119176864624023,13.166105637549478,13.082676928915037,13.113962446015789,5952
2018-02-15,13.209909439086914,13.232069978767184,13.060780802389226,13.060780802389226,7176
2018-02-16,13.176536560058594,13.211472076259069,13.046179057868576,13.046179057868576,2010
2018-02-20,13.236499786376953,13.267785305816322,13.072249068859984,13.239106498601595,7070
2018-02-21,13.2443208694458,13.364249522317955,13.072249021331793,13.102439542508273,8991
2018-02-22,13.447678565979004,13.494606345370862,13.31179338004471,13.31179338004471,14350
2018-02-23,13.468537330627441,13.478913458595283,13.39746687106817,13.426822968952456,4466
2018-02-26,13.510247230529785,13.510247230529783,13.374675351221619,13.374675351221619,6846
2018-02-27,13.507925987243652,13.598369016137172,13.433443851005345,13.598369016137172,2520
2018-02-28,13.428122520446777,13.428122520446777,13.332359201368462,13.357044852443126,1700
2018-03-01,13.444084167480469,13.444084167480469,13.406843100133134,13.406843100133134,634
2018-03-02,13.433652877807617,13.433652877807617,13.406839316884001,13.406892083504044,727
2018-03-05,13.433652877807617,13.433652877807617,13.433652877807617,13.433652877807617,0
2018-03-06,13.408706665039062,13.462706218779966,13.40870666503906,13.462706218779966,1000
2018-03-07,13.429666519165039,13.47440856601688,13.406842920376334,13.406842920376334,3020
2018-03-08,13.699451446533203,13.699451446533203,13.42812238349291,13.42812238349291,5050
2018-03-09,13.479247093200684,13.65422831899743,13.406840123972568,13.646247367235405,4005
2018-03-12,13.505529403686523,13.587726613887142,13.412159875370419,13.587726613887142,3537
2018-03-13,13.519523620605469,13.519523620605469,13.479781213574359,13.479781213574359,350
2018-03-14,13.589694023132324,13.589694023132324,13.550484362245951,13.55293192182302,920
2018-03-15,13.53771686553955,13.610550033770023,13.451690010742274,13.610550033770023,3002
2018-03-16,13.43397331237793,13.558466021673834,13.43397331237793,13.539845490752281,2864
2018-03-19,13.518568992614746,13.64572138696554,13.460046723854528,13.550489768873419,3956
2018-03-20,13.433652877807617,13.58240502393817,13.433652877807617,13.58240502393817,1329
2018-03-21,13.476006507873535,13.486647103996532,13.455151507728596,13.476592014640937,1577
2018-03-22,13.521810531616211,13.52181053161621,13.36960010977593,13.36960010977593,1815
2018-03-23,13.630289077758789,13.630289077758787,13.54261224937232,13.54261224937232,1578
2018-03-26,13.42280101776123,13.646248403961161,13.390880252516336,13.561125686812886,5200
2018-03-27,13.42280101776123,13.42280101776123,13.42280101776123,13.42280101776123,0
2018-03-28,13.536280632019043,13.536280632019043,13.536280632019043,13.536280632019043,100
2018-03-29,13.502603530883789,13.59490859842545,13.491963952224381,13.491963952224381,1035
2018-04-02,13.562721252441406,13.562721252441406,13.486642941653692,13.513243409008462,702
2018-04-03,13.527291297912598,13.583153914649518,13.527291297912598,13.534527430225381,1990
2018-04-04,13.425726890563965,13.489462884734806,13.385559312260215,13.486642914542148,2991
2018-04-05,13.406842231750488,13.568043276288263,13.40684223175049,13.445785020552044,2200
2018-04-06,13.428122520446777,13.456851922067441,13.406842346619886,13.456851922067441,1870
2018-04-09,13.497282028198242,13.520478030922105,13.444080084683247,13.444080084683247,5101
2018-04-10,13.433442115783691,13.495262280876068,13.433442115783691,13.495262280876068,5002
2018-04-11,13.571767807006836,13.571767807006838,13.502499424062234,13.502499424062234,3500
2018-04-12,13.454723358154297,13.497284718501165,13.433442170609425,13.497284718501165,3639
2018-04-13,13.539312362670898,13.539312362670898,13.465361966347091,13.465894706317314,633
2018-04-16,13.56655502319336,13.56655502319336,13.566341927159643,13.566341927159643,603
2018-04-17,13.619221687316895,13.619221687316893,13.574532413209473,13.593046396090715,1320
2018-04-18,13.513617515563965,13.591984081165863,13.497337995028003,13.590547205202581,1177
2018-04-19,13.513617515563965,13.634491661746267,13.513617515563965,13.569001168953745,1330
2018-04-20,13.634013175964355,13.646248945510012,13.50260397409321,13.593046991495322,4563
2018-04-23,13.597939491271973,13.614325556005431,13.502601372625543,13.502601372625543,1345
2018-04-24,13.502603530883789,13.678702003039584,13.502444216258178,13.539845607791648,2404
2018-04-25,13.507925987243652,13.560596222685744,13.507925987243654,13.539847772554072,1995
2018-04-26,13.518568992614746,13.590498048288197,13.518568992614746,13.590498048288197,2397
2018-04-27,13.545166015625,13.580492260990498,13.513245247507845,13.518565544651192,1673
2018-04-30,13.53984546661377,13.55048504516224,13.518564280031175,13.534525169968122,2281
2018-05-01,13.55048656463623,13.56644745636294,13.5398469848947,13.5398469848947,2211
2018-05-02,13.656891822814941,13.67817199913333,13.529207720675496,13.566448790289956,3561
2018-05-03,13.647419929504395,13.693705396007013,13.624968743518593,13.693705396007013,1271
2018-05-04,13.555804252624512,13.660611957162752,13.4972830237101,13.646247258847959,5626
2018-05-07,13.587723731994629,13.672846427604059,13.523881202916266,13.55580196008416,2490
2018-05-08,13.587723731994629,13.587723731994627,13.587723731994627,13.587723731994627,0
2018-05-09,13.625394821166992,13.625394821166992,13.624969643876613,13.624969643876613,439
2018-05-10,13.593047142028809,13.68875769073728,13.50792442055978,13.630289220571532,7105
2018-05-11,13.619649887084961,13.619649887084961,13.619649887084961,13.619649887084961,287
2018-05-14,13.593047142028809,13.65635796523142,13.593047142028809,13.65635796523142,1000
2018-05-15,13.617466926574707,13.626830973895443,13.566446669179902,13.566446669179902,950
2018-05-16,13.598901748657227,13.598901748657227,13.598901748657227,13.598901748657227,400
2018-05-17,13.646249771118164,13.65689036551344,13.640929473920526,13.65689036551344,585
2018-05-18,13.629276275634766,13.629330057002637,13.6143270848519,13.6143270848519,1625
2018-05-21,13.603687286376953,13.638055611939834,13.603687286376953,13.638055611939834,1456
2018-05-22,13.671252250671387,13.671252250671387,13.614326198598668,13.614326198598668,1548
2018-05-23,13.667317390441895,13.667317390441896,13.593047343006619,13.593047343006619,2902
2018-05-24,13.630289077758789,13.630289077758787,13.571766826833422,13.62284086507686,1760
2018-05-25,13.662210464477539,13.662210464477539,13.622308743445679,13.634491746922322,700
2018-05-29,13.688807487487793,13.720729262170195,13.64624613598725,13.659068424272801,4511
2018-05-30,13.8493070602417,13.914454141373104,13.728077614071081,13.914454141373104,1109
2018-05-31,13.822162628173828,13.822162628173826,13.762444638524647,13.762444638524647,5912
2018-06-01,13.803053855895996,13.803053855895998,13.75761326036058,13.790024231357517,2282
2018-06-04,13.827264785766602,13.827264785766603,13.784158200678265,13.789587296395629,4170
2018-06-05,13.779650688171387,13.816730691839497,13.779650688171387,13.816730691839497,2579
2018-06-06,13.810867309570312,13.837577877795177,13.757337446248572,13.837577877795177,3288
2018-06-07,13.746156692504883,13.811304810957331,13.746156692504881,13.811304810957331,470
2018-06-08,13.746156692504883,13.746156692504881,13.746156692504881,13.746156692504881,0
2018-06-11,13.811033248901367,13.811033248901365,13.811033248901365,13.811033248901365,151
2018-06-12,13.778727531433105,13.846535821220574,13.778727531433105,13.811302102017281,2925
2018-06-13,13.84827709197998,13.848277091979982,13.835138740452479,13.835138740452479,779
2018-06-14,13.782317161560059,13.800449704790397,13.681012668994773,13.800449704790397,9759
2018-06-15,13.789534568786621,13.789534568786621,13.762443969192063,13.762443969192063,305
2018-06-18,13.753920555114746,13.811305576628696,13.744257322577157,13.811305576628696,2151
2018-06-19,13.747023582458496,13.762442089180443,13.719010361347088,13.762442089180443,4766
2018-06-20,13.768470764160156,13.768470764160156,13.740728836178803,13.740728836178803,1898
2018-06-21,13.768470764160156,13.768470764160156,13.768470764160156,13.768470764160156,0
2018-06-22,13.780956268310547,13.789588147901345,13.746971348904353,13.763203755869968,1976
2018-06-25,13.778999328613281,13.78144205888886,13.735295270109226,13.735295270109226,1451
2018-06-26,13.78958797454834,13.789587974548338,13.789587974548338,13.789587974548338,531
2018-06-27,13.871564865112305,13.871564865112305,13.843876788461223,13.843876788461223,4353
2018-06-28,13.871023178100586,13.871023178100586,13.871023178100586,13.871023178100586,100
2018-06-29,13.835464477539062,13.856691074270367,13.83546447753906,13.856691074270367,688
2018-07-02,13.930744171142578,13.93074417114258,13.84388068887546,13.84388068887546,1116
2018-07-03,13.930744171142578,13.93074417114258,13.93074417114258,13.93074417114258,0
2018-07-05,13.914347648620605,13.914347648620604,13.907941045548446,13.907941045548446,300
2018-07-06,13.925312042236328,13.92531204223633,13.898167598248156,13.92531204223633,2367
2018-07-09,13.963315963745117,13.963315963745117,13.963315963745117,13.963315963745117,100
2018-07-10,14.001264572143555,14.001319453338521,13.827591477435089,13.827591477435089,3096
2018-07-11,14.01760482788086,14.036606146078297,13.944422312224965,13.944422312224965,3174
2018-07-12,14.066466331481934,14.066466331481932,14.017605500773273,14.017605500773273,1900
2018-07-13,14.066466331481934,14.071895427726698,13.9736850130331,13.979114109277866,600
2018-07-16,13.903650283813477,13.985030804077109,13.903650283813475,13.985030804077109,1160
2018-07-17,13.947734832763672,13.947734832763674,13.947734832763674,13.947734832763674,261
2018-07-18,13.985034942626953,14.014894460596835,13.968747650417622,14.014894460596835,1150
2018-07-19,14.020425796508789,14.031175260216974,13.99377010873535,13.99377010873535,986
2018-07-20,14.043228149414062,14.043228149414062,14.0121736835047,14.0121736835047,651
2018-07-23,14.056638717651367,14.056638717651367,14.056638717651367,14.056638717651367,214
2018-07-24,14.007563591003418,14.023035947268976,13.898169828098942,14.014077885827847,2809
2018-07-25,13.925312042236328,13.92531204223633,13.903596694144623,13.925258196539854,2453
2018-07-26,13.925312042236328,13.92531204223633,13.919882946339861,13.92531204223633,624
2018-07-27,13.925312042236328,13.92531204223633,13.92531204223633,13.92531204223633,0
2018-07-30,13.898171424865723,13.905065746901027,13.898171424865723,13.898171424865723,550
2018-07-31,13.963315963745117,13.979603252934236,13.89816887797716,13.979603252934236,2883
2018-08-01,13.898171424865723,13.941603168501466,13.898171424865723,13.903654367968297,5109
2018-08-02,13.822162628173828,13.822706262661972,13.795018181560042,13.795018181560042,3100
2018-08-03,13.898171424865723,13.898171424865723,13.822165096882335,13.822165096882335,4539
2018-08-06,13.898171424865723,13.898171424865723,13.898171424865723,13.898171424865723,1427
2018-08-07,13.87645149230957,14.07726902132963,13.876451492309569,13.995889533433301,6521
2018-08-08,13.979602813720703,13.979602813720701,13.952458368085924,13.968744621269101,16152
2018-08-09,14.009462356567383,14.039321868128994,13.979602845005768,14.028463675653093,1762
2018-08-10,13.94485855102539,13.979603526047864,13.944858551025389,13.979603526047864,1361
2018-08-13,13.952402114868164,13.952456996056736,13.924660191793139,13.952456996056736,695
2018-08-14,13.952457427978516,13.952457427978516,13.9133136778928,13.952457427978516,2110
2018-08-15,13.952457427978516,13.952457427978516,13.952457427978516,13.952457427978516,329
2018-08-16,13.925312042236328,13.983348383588474,13.899796430566512,13.983348383588474,4661
2018-08-17,14.001317977905273,14.001317977905273,13.909025421101733,13.92525782716993,4626
2018-08-20,13.979602813720703,13.979602813720701,13.979602813720701,13.979602813720701,1670
2018-08-21,13.995890617370605,14.001319713796166,13.970916566714168,14.001156105702472,2474
2018-08-22,14.006746292114258,14.006746292114258,13.995889135906628,13.995889135906628,1636
2018-08-23,14.006746292114258,14.006746292114258,13.938721574637114,13.938721574637114,1800
2018-08-24,14.033891677856445,14.033891677856445,13.882422700460053,13.882422700460053,9969
2018-08-27,13.979602813720703,13.979602813720701,13.97602000369948,13.979602813720701,1000
2018-08-28,14.061034202575684,14.061034202575685,13.920967070350573,14.061034202575685,4657
2018-08-29,14.094751358032227,14.115327664597086,14.049365644342034,14.077325025025331,2784
2018-08-30,14.174251556396484,14.246257839938451,14.174251556396484,14.201946037033382,2652
2018-08-31,14.184774398803711,14.285030864631103,14.174250834770005,14.285030864631103,1041
2018-09-04,14.179794311523438,14.179794311523438,14.174255202675797,14.179794311523438,1550
2018-09-05,14.208205223083496,14.298989320976364,14.193526536042457,14.193526536042457,800
2018-09-06,14.174251556396484,14.179790663819206,14.174251556396484,14.179790663819206,780
2018-09-07,14.241275787353516,14.276448016125894,14.174253949642026,14.174253949642026,2010
2018-09-10,14.174251556396484,14.246257839938451,14.174251556396484,14.190868878664652,3645
2018-09-11,14.163727760314941,14.184775947156552,14.124401468742784,14.126505970483912,1350
2018-09-12,14.080092430114746,14.196410546194215,14.080092430114746,14.196410546194215,1735
2018-09-13,14.167549133300781,14.16754913330078,14.16754913330078,14.16754913330078,120
2018-09-14,14.18034553527832,14.180345535278319,14.096707435555793,14.102245487000781,1347
2018-09-17,14.09670639038086,14.196407156150707,14.09670639038086,14.196407156150707,1543
2018-09-18,14.144562721252441,14.16815912916375,14.134980477251744,14.16317361544387,1213
2018-09-19,14.168713569641113,14.168713569641113,14.15076719824458,14.15076719824458,477
2018-09-20,14.196409225463867,14.196409225463869,14.157636523711174,14.190871173622243,4742
2018-09-21,14.129940032958984,14.201946317925122,14.129940032958986,14.201946317925122,1900
2018-09-24,14.18798828125,14.18798828125,14.18798828125,14.18798828125,307
2018-09-25,14.18798828125,14.18798828125,14.18798828125,14.18798828125,0
2018-09-26,14.184223175048828,14.201892750179075,14.18422317504883,14.184445035184995,758
2018-09-27,14.184223175048828,14.18422317504883,14.18422317504883,14.18422317504883,0
2018-09-28,14.170315742492676,14.170315742492676,14.170315742492676,14.170315742492676,266
2018-10-01,14.162564277648926,14.207485669278599,14.162564277648928,14.207485669278599,2129
2018-10-02,14.20748519897461,14.207485198974611,14.136807962870337,14.152095181011548,1992
2018-10-03,14.134424209594727,14.207482731538127,14.102241821333338,14.207482731538127,2658
2018-10-04,14.157634735107422,14.172756086880618,14.102244715396887,14.102244715396887,1107
2018-10-05,14.102245330810547,14.146558193694164,14.096707279426893,14.146558193694164,2497
2018-10-08,14.069010734558105,14.107562626697897,14.013620716389322,14.06679530286763,1392
2018-10-09,14.069010734558105,14.069010734558107,14.069010734558107,14.069010734558107,500
2018-10-10,14.12440013885498,14.158465172866913,14.124400138854979,14.124400138854979,1924
2018-10-11,13.94161605834961,14.076546111861024,13.94161605834961,14.002545191089263,562
2018-10-12,14.041316986083984,14.076489211017847,13.952693374982161,13.980387857272689,8229
2018-10-15,13.990413665771484,14.041316829379875,13.924997680808888,14.041316829379875,3267
2018-10-16,13.99146556854248,13.99146556854248,13.980387353434805,13.99146556854248,1807
2018-10-17,13.997004508972168,13.997059445762051,13.991465401484467,13.997059445762051,1206
2018-10-18,14.01362133026123,14.019160437968424,14.01362133026123,14.01362133026123,1413
2018-10-19,13.924996376037598,13.958231019073377,13.924442782263336,13.958231019073377,1950
2018-10-22,13.997004508972168,13.997004508972168,13.987366271777756,13.987366271777756,1693
2018-10-23,13.953801155090332,13.980388450845064,13.95380115509033,13.980388450845064,1386
2018-10-24,14.041316986083984,14.107729229379446,13.941615159475237,14.074550576127976,5055
2018-10-25,13.935800552368164,14.013622752125249,13.924999132771678,13.9416164575793,2510
2018-10-26,13.954407691955566,13.954407691955566,13.90837911974544,13.908932713480247,1746
2018-10-29,13.969308853149414,14.041316193402569,13.969308853149414,13.970084307061587,3410
2018-10-30,13.94161605834961,13.98592786675749,13.91092963184184,13.98592786675749,2770
2018-10-31,14.01362133026123,14.01362133026123,13.947707744556137,13.958010506021052,4550
2018-11-01,14.01362133026123,14.01362133026123,13.985926848202034,14.002544171323613,8176
2018-11-02,14.01362133026123,14.01362133026123,14.01362133026123,14.01362133026123,0
2018-11-05,14.026468276977539,14.046851933919314,13.985756956346709,14.013617297240847,5097
2018-11-06,14.000216484069824,14.000216484069822,14.000216484069822,14.000216484069822,250
2018-11-07,14.155583381652832,14.157632946295708,14.046853977348276,14.151927972547497,1775
2018-11-08,14.17563533782959,14.179789403908353,14.17563533782959,14.179789403908353,247
2018-11-09,14.135479927062988,14.167605273470388,14.063472581613249,14.063472581613249,1020
2018-11-12,14.102245330810547,14.102245330810545,14.102245330810545,14.102245330810545,203
2018-11-13,14.06347370147705,14.124402836097524,14.04131832482762,14.04131832482762,5510
2018-11-14,14.146224021911621,14.146224021911621,14.146224021911621,14.146224021911621,256
2018-11-15,14.16317367553711,14.16317367553711,14.052394693900483,14.157634567983767,4359
2018-11-16,14.156862258911133,14.179794148146607,14.156862258911133,14.179794148146607,220
2018-11-19,14.137309074401855,14.159409514748678,14.137309074401857,14.159409514748678,377
2018-11-20,14.09576416015625,14.09576416015625,14.09576416015625,14.09576416015625,500
2018-11-21,14.09576416015625,14.09576416015625,14.09576416015625,14.09576416015625,0
2018-11-23,14.10119342803955,14.10119342803955,14.08369077646801,14.08369077646801,688
2018-11-26,14.09670639038086,14.141018193993036,14.09670639038086,14.141018193993036,719
2018-11-27,14.102245330810547,14.129940870112806,14.102245330810545,14.124401762252354,1150
2018-11-28,14.152095794677734,14.207485815042633,14.147830797973372,14.147830797973372,4347
2018-11-29,14.30225944519043,14.307912641723723,14.23979394170705,14.296607326894124,4871
2018-11-30,14.307857513427734,14.358791275660176,14.307857513427734,14.358791275660176,905
2018-12-03,14.276817321777344,14.358787035333382,14.177437319557637,14.353133840098131,5663
2018-12-04,14.257317543029785,14.30791165377085,14.257317543029787,14.29095314357893,2453
2018-12-06,14.160929679870605,14.217460554644365,14.143971172204205,14.155277562806308,2702
2018-12-07,14.18919849395752,14.189198493957518,14.177892101094344,14.177892101094344,340
2018-12-10,14.18919849395752,14.237644759238401,14.189198493957518,14.189198493957518,2381
2018-12-11,14.18919849395752,14.200504886820694,14.189198493957518,14.200504886820694,1750
2018-12-12,14.154712677001953,14.154712677001951,14.13831916401816,14.13831916401816,1550
2018-12-13,14.233406066894531,14.233406066894533,14.233406066894533,14.233406066894533,521
2018-12-14,14.155280113220215,14.26834080490158,14.143973720580993,14.26834080490158,1250
2018-12-17,14.104402542114258,14.268340923801286,14.104402542114258,14.268340923801286,3709
2018-12-18,14.076138496398926,14.121306926986689,13.855669198956965,13.855669198956965,4002
2018-12-19,14.047192573547363,14.076135686393222,14.010843051502151,14.076135686393222,966
2018-12-20,14.019603729248047,14.183543166420964,13.957420734317635,13.998065949016475,7394
2018-12-21,13.312971115112305,14.12277336194536,12.764624055293929,13.822708669410225,70823
2018-12-24,13.51082992553711,13.74780700157595,13.098156292972362,13.098156292972362,8400
2018-12-26,13.606475830078125,13.65158709319763,13.160336026109697,13.30313229101795,19498
2018-12-27,13.312971115112305,13.6003169256345,13.188604040848293,13.49952226562675,13093
2018-12-28,13.669114112854004,13.895236543035198,13.45429699550427,13.488216168709048,9059
2018-12-31,13.638020515441895,13.725586272292068,13.53909230051056,13.725586272292068,7795
2019-01-02,13.90654468536377,13.90654468536377,13.640849852984541,13.652156245476622,2958
2019-01-03,13.96307373046875,13.96307373046875,13.736950223358278,13.917849244694013,6505
2019-01-04,14.201576232910156,14.217460817062795,13.963073493240662,13.963073493240662,3455
2019-01-07,14.172240257263184,14.211811557824019,14.104969046309764,14.119836857302499,5381
2019-01-08,14.104402542114258,14.104402542114258,14.047871656684023,14.05861197501492,4395
2019-01-09,14.076138496398926,14.189200282810607,14.076138496398926,14.104404482120398,1900
2019-01-10,14.17003345489502,14.189198038177006,14.10440225090091,14.143973546413958,3019
2019-01-11,14.209774017333984,14.217461846088097,14.197449770116664,14.197449770116664,3205
2019-01-14,14.187447547912598,14.240077377046344,14.186372545563817,14.240077377046344,1252
2019-01-15,14.115711212158203,14.268344315632266,14.104405894974255,14.268344315632266,13782
2019-01-16,14.143975257873535,14.20327613999806,14.115709273203285,14.132668864005435,2403
2019-01-17,14.18919849395752,14.189198493957518,14.127014411447023,14.157880022938656,2375
2019-01-18,14.138317108154297,14.194847979454435,14.132663913200613,14.142726017970357,6963
2019-01-22,14.155280113220215,14.27399400122119,14.132667327941773,14.27399400122119,4981
2019-01-23,14.143975257873535,14.18919975510887,14.132668864005435,14.16093377043862,2050
2019-01-24,14.211808204650879,14.223114595925479,14.132665622202328,14.143972013476926,8142
2019-01-25,14.211808204650879,14.234420987200076,14.178455105156587,14.2005028916131,4658
2019-01-28,14.228768348693848,14.245161861918135,14.211808761117894,14.217461956976544,1821
2019-01-29,14.273993492126465,14.273993492126463,14.211526914995185,14.223115805301516,12222
2019-01-30,14.353137016296387,14.357885571956395,14.245729517768677,14.26636266061834,12750
2019-01-31,14.35878849029541,14.358788490295412,14.291290863443209,14.358788490295412,7600
2019-02-01,14.330525398254395,14.330525398254393,14.31186974190936,14.327190411254325,4455
2019-02-04,14.35878849029541,14.358788490295412,14.285977312243087,14.307910806259502,6554
2019-02-05,14.30225944519043,14.358790332286386,14.285300933827534,14.358790332286386,4828
2019-02-06,14.359525680541992,14.370096715975189,14.301411941584117,14.306216565603938,10478
2019-02-07,14.34488296508789,14.34488296508789,14.267152867838083,14.267152867838083,1289
2019-02-08,14.35878849029541,14.358788490295412,14.326057532456346,14.326057532456346,1651
2019-02-11,14.331650733947754,14.358785637139992,14.33052074195278,14.358785637139992,3485
2019-02-12,14.375748634338379,14.415319928290295,14.358789046257463,14.358789046257463,6559
2019-02-13,14.415322303771973,14.415322303771973,14.409669106813418,14.409669106813418,375
2019-02-14,14.415322303771973,14.415322303771973,14.40627697299087,14.415322303771973,901
2019-02-15,14.35878849029541,14.466197054175318,14.347482098679242,14.445224269192854,3797
2019-02-19,14.401525497436523,14.420972577290577,14.347482109964524,14.347482109964524,2606
2019-02-20,14.415322303771973,14.415322303771973,14.3700978063406,14.3700978063406,2800
2019-02-21,14.402484893798828,14.471847858942537,14.37009250768275,14.471847858942537,3000
2019-02-22,14.398362159729004,14.398362159729002,14.348163756621803,14.348163756621803,8277
2019-02-25,14.384227752685547,14.40966659544694,14.336177204267848,14.40966659544694,8772
2019-02-26,14.409669876098633,14.443587981423669,14.396046349990552,14.39881634117153,5643
2019-02-27,14.580240249633789,14.609088721158734,14.476383991346149,14.476383991346149,6646
2019-02-28,14.637939453125,14.637939453125,14.54008310570489,14.626399623401122,2421
2019-03-01,14.53408145904541,14.557160015251252,14.478114502085598,14.55139010107514,4180
2019-03-04,14.56869888305664,14.56869888305664,14.505230931802606,14.505230931802606,1086
2019-03-05,14.560447692871094,14.56292821643073,14.516770008949907,14.534079749442142,1212
2019-03-06,14.487921714782715,14.557158476580614,14.487921714782713,14.557158476580614,4900
2019-03-07,14.510997772216797,14.510997772216795,14.482149309846896,14.482149309846896,2022
2019-03-08,14.516775131225586,14.528314962292265,14.505235300158908,14.511005215692247,3249
2019-03-11,14.552715301513672,14.591777494060372,14.515096962935736,14.516769720582474,6744
2019-03-12,14.585895538330078,14.643708037410732,14.539794546591784,14.574471261152755,4676
2019-03-13,14.61485767364502,14.620743140020274,14.511001422192972,14.603087841393084,8797
2019-03-14,14.586009979248047,14.649072952900369,14.580240064916428,14.604414718382513,4335
2019-03-15,14.586009979248047,14.666786578893452,14.539851765093726,14.539851765093726,9282
2019-03-18,14.603316307067871,14.666323145303116,14.60331630706787,14.655244427323025,2122
2019-03-19,14.64047908782959,14.654614995886458,14.62640150621313,14.65288501165404,3384
2019-03-20,14.654670715332031,14.666787205796737,14.65467071533203,14.666787205796737,852
2019-03-21,14.618322372436523,14.666788338036802,14.568701983632003,14.666788338036802,4155
2019-03-22,14.666784286499023,14.666784286499025,14.627953198310928,14.648378449742728,1860
2019-03-25,14.616242408752441,14.649764696529783,14.591779425429419,14.613415227855556,3146
2019-03-26,14.593972206115723,14.661016784369288,14.593972206115723,14.661016784369288,600
2019-03-27,14.609087944030762,14.666728758583478,14.583586090247039,14.583989973228897,4141
2019-03-28,14.620627403259277,14.654149689907632,14.591778933996943,14.59754774745056,3508
2019-03-29,14.64612865447998,14.64612865447998,14.64612865447998,14.64612865447998,367
2019-04-01,14.6831693649292,14.6831693649292,14.6831693649292,14.6831693649292,527
2019-04-02,14.61485767364502,14.701404183022198,14.58023928999386,14.695634268997242,4483
2019-04-03,14.680922508239746,14.680922508239744,14.626398303388445,14.632168217729657,3741
2019-04-04,14.741792678833008,14.793720805256964,14.684095738805139,14.710117027943747,11467
2019-04-05,14.731812477111816,14.73890959314889,14.689924195561323,14.712945527609632,1060
2019-04-08,14.753331184387207,14.822569046911434,14.748080706089455,14.822569046911434,1085
2019-04-09,14.738795280456543,14.753335070341565,14.712946765105395,14.753335070341565,3835
2019-04-10,14.713521003723145,14.857188894834263,14.713521003723143,14.857188894834263,775
2019-04-11,14.759102821350098,14.759102821350098,14.67832622272186,14.712944607777017,7643
2019-04-12,14.81679916381836,14.85718745849957,14.679536187823862,14.85718745849957,4495
2019-04-15,14.776412963867188,14.828341093104022,14.77641296386719,14.828341093104022,1400
2019-04-16,14.695635795593262,14.80491641587011,14.695635795593263,14.776413499835323,2886
2019-04-17,14.741792678833008,14.741792678833008,14.712944208819073,14.712944208819073,701
2019-04-18,14.780740737915039,14.780740737915037,14.707752363009504,14.707752363009504,361
2019-04-22,14.729677200317383,14.767873307968431,14.655247174134276,14.712945218620757,2015
2019-04-23,14.799491882324219,14.810512276061184,14.718715279538792,14.810512276061184,4827
2019-04-24,14.885979652404785,14.886036878330065,14.72015652891972,14.785642796414425,3995
2019-04-25,14.885289192199707,14.885289192199707,14.753333896449982,14.753333896449982,1898
2019-04-26,14.828341484069824,14.880269614675802,14.712945393723503,14.880269614675802,2968
2019-04-29,14.799491882324219,14.828341455103782,14.799491882324219,14.828341455103782,1201
2019-04-30,14.914886474609375,14.914886474609375,14.811030224030118,14.823666148553821,3950
2019-05-01,14.918863296508789,15.001429281474769,14.789332446370627,14.789332446370627,1200
2019-05-02,14.865842819213867,14.865842819213865,14.796894382824528,14.826031182956113,1500
2019-05-03,14.943733215332031,14.965889550378831,14.86295663000271,14.86353329118408,2031
2019-05-06,14.877612113952637,14.877612113952637,14.877612113952637,14.877612113952637,194
2019-05-07,14.868725776672363,14.926423806289124,14.811027747055602,14.811027747055602,2704
2019-05-08,14.776412963867188,14.844496413266713,14.767180880703373,14.811031349858862,5904
2019-05-09,14.799491882324219,14.799491882324219,14.776413324599243,14.776413324599243,1348
2019-05-10,14.753331184387207,14.776410838728113,14.741791357216755,14.776410838728113,3583
2019-05-13,14.83941650390625,14.839877612771419,14.741791283311292,14.741791283311292,525
2019-05-14,14.84438419342041,14.84438419342041,14.770646365410062,14.770646365410062,265
2019-05-15,14.799491882324219,14.857189927384672,14.73602502320653,14.764873495487418,2131
2019-05-16,14.77064323425293,14.828341278626697,14.759103405278443,14.828341278626697,3600
2019-05-17,14.77064323425293,14.77064323425293,14.77064323425293,14.77064323425293,0
2019-05-20,14.845649719238281,14.845649719238281,14.816801247693943,14.816801247693943,1600
2019-05-21,14.84178638458252,14.897579471088186,14.841786384582521,14.857191166327487,801
2019-05-22,14.89180850982666,14.9898948575682,14.874499866430247,14.874499866430247,4694
2019-05-23,14.828341484069824,14.960815112896704,14.828341484069824,14.886038428744309,3000
2019-05-24,14.920658111572266,14.929947421032404,14.920658111572267,14.929947421032404,500
2019-05-28,14.893364906311035,15.001432763314224,14.886036686473926,14.989892935530484,3886
2019-05-29,14.917885780334473,14.966755617971508,14.857187784638509,14.897576080206306,8953
2019-05-30,15.006448745727539,15.033706961098893,14.93580308715397,14.982900567167182,5719
2019-05-31,15.100643157958984,15.23752037973394,15.08298230540251,15.183652982808763,6252
2019-06-03,15.011748313903809,15.041772214772932,14.983489600115478,15.032647589951985,2700
2019-06-04,15.018223762512207,15.041771941646536,14.947576979324177,15.041771941646536,8289
2019-06-05,15.029998779296875,15.035886104946862,14.99202592186685,15.024111453646887,4058
2019-06-06,15.10653018951416,15.106530189514158,14.982840219152726,15.012335234735449,6276
2019-06-07,15.128607749938965,15.259067641999506,15.086279195678289,15.259067641999506,2202
2019-06-10,15.007391929626465,15.15068649727312,15.006449822753636,15.106532115326267,3300
2019-06-11,15.13808536529541,15.138085365295412,14.971124738793888,14.971124738793888,866
2019-06-12,15.079861640930176,15.08298215903662,15.018222705911427,15.018222705911427,1630
2019-06-13,15.080038070678711,15.080038070678711,15.034000602885667,15.034000602885667,821
2019-06-14,15.035884857177734,15.171289967213047,15.012335556532047,15.047658384608116,3980
2019-06-17,15.04177188873291,15.154217222862764,15.030056751064503,15.03588568613943,3423
2019-06-18,15.1137113571167,15.20125429217474,15.065319187479421,15.065319187479421,3930
2019-06-19,15.029998779296875,15.056019568403713,15.029998779296875,15.056019568403713,1783
2019-06-20,15.04177188873291,15.138911074913175,15.030586756334271,15.079803135516322,2381
2019-06-21,15.053542137145996,15.053542137145994,15.031288659679118,15.041767489617603,1337
2019-06-24,15.064144134521484,15.064144134521484,15.064144134521484,15.064144134521484,479
2019-06-25,15.064144134521484,15.064144134521484,15.064144134521484,15.064144134521484,0
2019-06-26,15.064144134521484,15.064144134521484,15.064144134521484,15.064144134521484,0
2019-06-27,15.08298110961914,15.082981109619142,15.059431810887563,15.059431810887563,588
2019-06-28,15.177175521850586,15.19483637238213,15.100641426572805,15.100641426572805,3028
2019-07-01,15.15627670288086,15.194837952319176,15.05354551891381,15.11806916456258,1766
2019-07-02,15.218388557434082,15.218388557434082,15.118894663854435,15.118894663854435,1200
2019-07-03,15.225688934326172,15.247824515641257,15.12654874895059,15.12654874895059,2200
2019-07-05,15.209850311279297,15.235341091468058,15.159514414027125,15.235164797362529,2075
2019-07-08,15.206552505493164,15.218443935146409,15.130077924139586,15.218443935146409,2534
2019-07-09,15.158866882324219,15.188950293144478,15.158866882324219,15.188950293144478,450
2019-07-10,15.194955825805664,15.224274547474572,15.13749741953228,15.158690891488579,1650
2019-07-11,15.18129825592041,15.25371022166325,15.179237748265562,15.25371022166325,1241
2019-07-12,15.265486717224121,15.26548671722412,15.130669987000495,15.130669987000495,3845
2019-07-15,15.247820854187012,15.24782085418701,15.170109969358036,15.170109969358036,5256
2019-07-16,15.217679977416992,15.217679977416994,15.177176126647096,15.177176126647096,501
2019-07-17,15.277263641357422,15.277263641357422,15.277263641357422,15.277263641357422,134
2019-07-18,15.19990062713623,15.19990062713623,15.141912217220893,15.141912217220893,1768
2019-07-19,15.201312065124512,15.201312065124512,15.201312065124512,15.201312065124512,100
2019-07-22,15.206611633300781,15.215559962621086,15.147151113474202,15.179354543838988,4665
2019-07-23,15.218388557434082,15.277260690456906,15.159516424411258,15.27137336486537,3556
2019-07-24,15.2533597946167,15.253359794616697,15.200021272556453,15.200021272556453,2080
2019-07-25,15.241935729980469,15.247823055183073,15.159515422928969,15.179826301865583,4209
2019-07-26,15.2133207321167,15.247819348983953,15.200839785383648,15.247819348983953,4655
2019-07-29,15.247820854187012,15.24782085418701,15.226921582614649,15.24782085418701,1421
2019-07-30,15.2401123046875,15.306696464852287,15.207026275389975,15.247824330793573,2434
2019-07-31,15.306692123413086,15.306692123413086,15.289030151337172,15.289030151337172,2167
2019-08-01,15.252947807312012,15.306697308471726,15.177179504718309,15.183713616888454,2419
2019-08-02,15.253005027770996,15.311582962714196,15.253005027770994,15.28962367627355,2900
2019-08-05,15.365564346313477,15.377338994444962,15.24693751747478,15.306692228548304,5644
2019-08-06,15.336127281188965,15.338011494329495,15.230865118960415,15.300804460711234,3494
2019-08-07,15.206611633300781,15.224273607435435,15.101230429881053,15.218386282723884,3245
2019-08-08,15.335129737854004,15.36556686015688,15.07120734606534,15.155040249366754,1999
2019-08-09,15.218326568603516,15.26542404278204,15.173643312995043,15.173643312995043,2724
2019-08-12,15.13007926940918,15.207024349485684,15.106529969611087,15.188950273119572,5038
2019-08-13,15.184477806091309,15.294862630647835,15.135966604202363,15.226512164026378,5864
2019-08-14,15.100643157958984,15.147740636263675,15.059433004803935,15.059433004803935,2700
2019-08-15,15.100643157958984,15.11241780825827,15.085337010883876,15.11241780825827,7588
2019-08-16,15.122544288635254,15.159515523344327,15.100643393820805,15.159515523344327,2470
2019-08-19,15.159516334533691,15.20072649053758,15.141854357863796,15.147741683420428,2077
2019-08-20,15.18895149230957,15.192425721730883,15.176058440526923,15.176058440526923,3000
2019-08-21,15.163931846618652,15.18730373228507,15.130081127617027,15.175646984658325,3200
2019-08-22,15.306692123413086,15.306692123413086,15.17134542990439,15.17134542990439,8161
2019-08-23,15.365564346313477,15.424436464078653,15.306692228548304,15.312579552614046,4348
2019-08-26,15.206611633300781,15.42443815605868,15.206611633300783,15.318468557035507,2830
2019-08-27,15.283145904541016,15.283145904541014,15.277259702222777,15.277259702222777,1970
2019-08-28,15.365564346313477,15.39499984374994,15.273959919466405,15.39499984374994,1702
2019-08-29,15.465042114257812,15.483060051439537,15.332914011495287,15.483060051439537,5472
2019-08-30,15.495067596435547,15.525097485405716,15.362939521536207,15.465639107110976,10588
2019-09-03,15.467020988464355,15.565697499218075,15.32990759351112,15.454469491171212,1275
2019-09-04,15.368948936462402,15.495672461553923,15.363663491537906,15.495672461553923,872
2019-09-05,15.444021224975586,15.465041578197289,15.368948207605696,15.368948207605696,1359
2019-09-06,15.315614700317383,15.404981549841354,15.314894166203626,15.404981549841354,1915
2019-09-09,15.441017150878906,15.453029108185461,15.302883078423404,15.453029108185461,1133
2019-09-10,15.36396312713623,15.36396312713623,15.36396312713623,15.36396312713623,200
2019-09-11,15.194777488708496,15.326906725729636,15.182766677134712,15.315495022830442,13874
2019-09-12,15.187752723693848,15.284867908176,15.175981325032183,15.254838011726454,2976
2019-09-13,15.254836082458496,15.254836082458494,15.194777442678395,15.224807335330082,5335
2019-09-16,15.320901870727539,15.320901870727539,15.19916366643698,15.305887496016782,4652
2019-09-17,15.40258502960205,15.531110492412715,15.332917717602227,15.344928533103126,2462
2019-09-18,15.339277267456055,15.404981041380768,15.339277267456055,15.404981041380768,1473
2019-09-19,15.376154899597168,15.398977161330723,15.338919663054014,15.37495439112471,9809
2019-09-20,15.386964797973633,15.386964797973633,15.349908266808649,15.386964797973633,462
2019-09-23,15.416994094848633,15.416994094848631,15.416994094848631,15.416994094848631,400
2019-09-24,15.344924926757812,15.413091586751863,15.248831552192453,15.413091586751863,9960
2019-09-25,15.284865379333496,15.374952762730564,15.284865379333496,15.344922871249388,19759
2019-09-26,15.28492546081543,15.296757570658851,15.277058007005321,15.292552354739092,4506
2019-09-27,15.284865379333496,15.332912060180147,15.224806741894374,15.332912060180147,8100
2019-09-30,15.237419128417969,15.314894301943562,15.237419128417969,15.284865555639245,10101
2019-10-01,15.236818313598633,15.356934439919463,15.236818313598631,15.28822824935068,11803
2019-10-02,15.200785636901855,15.256399654481713,15.194779657496076,15.256399654481713,6913
2019-10-03,15.242828369140625,15.314898986046519,15.224811574056847,15.224811574056847,16573
2019-10-04,15.27885913848877,15.30888788393071,15.242823269330591,15.28684687183609,6900
2019-10-07,15.326910972595215,15.326910972595213,15.302887051744406,15.302887051744406,2481
2019-10-08,15.230814933776855,15.332914288605108,15.224808954607735,15.286188389251986,10319
2019-10-09,15.254836082458496,15.266187072589549,15.236819292390757,15.236819292390757,1277
2019-10-10,15.254836082458496,15.311591033113764,15.254836082458494,15.260842060988832,941
2019-10-11,15.325403213500977,15.338916950089434,15.284864294781903,15.299878666695518,722
2019-10-14,15.284865379333496,15.320900103587677,15.278859401037261,15.278859401037261,2484
2019-10-15,15.356694221496582,15.356934781374209,15.290870165838752,15.326906035507125,3773
2019-10-16,15.335918426513672,15.356879215979607,15.320904049667568,15.344926823516628,3075
2019-10-17,15.31489372253418,15.36294040211728,15.31489372253418,15.36294040211728,1447
2019-10-18,15.368948936462402,15.3689489364624,15.316457618132288,15.350930999050744,2213
2019-10-21,15.396695137023926,15.40216042888399,15.326907564041568,15.391770532180828,1630
2019-10-22,15.453031539916992,15.453031539916994,15.381862457237398,15.381862457237398,3072
2019-10-23,15.453031539916992,15.453031539916994,15.453031539916994,15.453031539916994,0
2019-10-24,15.45279312133789,15.458797955799778,15.445826047091952,15.458797955799778,2160
2019-10-25,15.452251434326172,15.48306143379891,15.452251434326174,15.48306143379891,323
2019-10-28,15.404982566833496,15.453029250980402,15.404982566833494,15.453029250980402,1100
2019-10-29,15.417654991149902,15.456993405826353,15.380959298661464,15.405582321388534,5199
2019-10-30,15.435015678405762,15.43501567840576,15.40054114723563,15.40054114723563,880
2019-10-31,15.374954223632812,15.420719026553288,15.374954223632812,15.392971014710213,4380
2019-11-01,15.417597770690918,15.42936917049817,15.417597770690918,15.419340111981967,1012
2019-11-04,15.447022438049316,15.447022438049316,15.380958966867173,15.447022438049316,3201
2019-11-05,15.435015678405762,15.435075245630244,15.43501567840576,15.43501567840576,1900
2019-11-06,15.430386543273926,15.495068510879072,15.404981129698315,15.404981129698315,1699
2019-11-07,15.441017150878906,15.482577881666543,15.404982424482535,15.404982424482535,2098
2019-11-08,15.51320743560791,15.51320743560791,15.480054847098616,15.494769093303029,1122
2019-11-11,15.50557804107666,15.50557804107666,15.477051077962392,15.477051077962392,1799
2019-11-12,15.497952461242676,15.525099071256339,15.477652643703129,15.525099071256339,600
2019-11-13,15.523420333862305,15.523420333862305,15.477175551588296,15.508165397881552,688
2019-11-14,15.47705364227295,15.501196692275425,15.47705364227295,15.501076412324284,1208
2019-11-15,15.477112770080566,15.477112770080566,15.477112770080566,15.477112770080566,491
2019-11-18,15.549125671386719,15.5551316512744,15.487866509370027,15.52510289735953,1966
2019-11-19,15.465042114257812,15.465042114257812,15.410989448236013,15.410989448236013,1437
2019-11-20,15.53290843963623,15.543117343827422,15.471047887107872,15.496572438632572,2026
2019-11-21,15.530388832092285,15.531109366417734,15.481620457152063,15.531109366417734,670
2019-11-22,15.499812126159668,15.54912002323741,15.499812126159666,15.54912002323741,1679
2019-11-25,15.540657043457031,15.555130732451573,15.490567884377072,15.49507208264589,3213
2019-11-26,15.513689994812012,15.546362614521716,15.504622031218222,15.546362614521716,923
2019-11-27,15.602380752563477,15.602380752563477,15.473688586765789,15.575232913372034,11021
2019-11-29,15.554275512695312,15.554275512695312,15.553294842797094,15.553294842797094,700
2019-12-02,15.583934783935547,15.662069270126114,15.583934783935547,15.61616831312425,2144
2019-12-03,15.688115119934082,15.688115119934082,15.504269322298473,15.58393618526393,2120
2019-12-04,15.59619426727295,15.661581226967225,15.596194267272947,15.661581226967225,1113
2019-12-05,15.54716682434082,15.617640634636095,15.522653584835197,15.617640634636095,1334
2019-12-06,15.632962226867676,15.700372472697914,15.626833916441681,15.626833916441681,2699
2019-12-09,15.632962226867676,15.632962226867676,15.632962226867676,15.632962226867676,0
2019-12-10,15.590063095092773,15.669116301744651,15.577377505930784,15.639946342919755,7236
2019-12-11,15.583934783935547,15.62683178220314,15.583934783935547,15.62683178220314,211
2019-12-12,15.59619426727295,15.635659512926718,15.590065956558497,15.596194267272947,2988
2019-12-13,15.59619426727295,15.612617859462295,15.596194267272947,15.612617859462295,2232
2019-12-16,15.59619426727295,15.640990664017433,15.565552713700693,15.596194267272947,3400
2019-12-17,15.673102378845215,15.67585970952159,15.63418766489501,15.67585970952159,3270
2019-12-18,15.712565422058105,15.712626202547753,15.602318964681226,15.712626202547753,2595
2019-12-19,15.761652946472168,15.780037877408649,15.737140874079204,15.737140874079204,1591
2019-12-20,15.761652946472168,15.761652946472168,15.761652946472168,15.761652946472168,0
2019-12-23,15.69510555267334,15.696698703340303,15.688119300629005,15.688119300629005,600
2019-12-24,15.761652946472168,15.767781256784328,15.608448695235191,15.608448695235191,2966
2019-12-26,15.719858169555664,15.719858169555664,15.632960769624217,15.651345699188427,5514
2019-12-27,15.651346206665039,15.741981609709837,15.639089586558157,15.741981609709837,1575
2019-12-30,15.645220756530762,15.769622083674632,15.639092445357077,15.703437959397009,3272
2019-12-31,15.716733932495117,15.716733932495117,15.602320493797471,15.657474118136104,4255
2020-01-02,15.694242477416992,15.740632017389515,15.690871497945091,15.730214007669321,3439
2020-01-03,15.706493377685547,15.731006609656045,15.688109622562905,15.69423793055553,3029
2020-01-06,15.727948188781738,15.829062381622661,15.727948188781737,15.829062381622661,330
2020-01-07,15.724881172180176,15.780034785326645,15.633081603043196,15.724329472408948,6010
2020-01-08,15.791067123413086,15.82293363321046,15.783713852931653,15.78616494309213,3584
2020-01-09,15.835190773010254,15.902601014487754,15.835190773010254,15.902601014487754,1518
2020-01-10,15.81067943572998,15.81067943572998,15.780039050746565,15.791682023006418,2837
2020-01-13,15.897027015686035,15.897027015686033,15.832436043360465,15.832436043360465,2440
2020-01-14,15.896471977233887,15.896471977233887,15.87195873823417,15.87195873823417,1490
2020-01-15,15.87808609008789,15.927111396274146,15.87808609008789,15.90560211738519,5984
2020-01-16,15.87808609008789,15.87808609008789,15.87808609008789,15.87808609008789,0
2020-01-17,15.871960639953613,15.871960639953615,15.82906363541992,15.847448566872522,2706
2020-01-21,15.866199493408203,15.90260116441191,15.866199493408203,15.871959613971613,3532
2020-01-22,15.841320037841797,15.92098573532592,15.841320037841799,15.865771330088673,1061
2020-01-23,15.81067943572998,15.867242703835476,15.81067943572998,15.84132098956916,761
2020-01-24,15.81067943572998,15.833476798540561,15.808534585404026,15.81067943572998,1687
2020-01-27,15.87202262878418,15.893409181751624,15.841320295789926,15.85443485688162,2146
2020-01-28,15.89953899383545,15.91277628602709,15.81754375787576,15.81754375787576,2277
2020-01-29,15.871960639953613,15.871960639953615,15.836172615844278,15.836172615844278,2469
2020-01-30,15.85970401763916,15.871960638606522,15.821893873155833,15.871960638606522,3658
2020-01-31,15.842545509338379,15.859704311468299,15.780038611415925,15.798423543207578,1224
2020-02-03,15.85970401763916,15.859704017639162,15.838255515374135,15.859704017639162,3015
2020-02-04,15.63823413848877,15.91835277189697,15.63823413848877,15.830291174910617,10764
2020-02-05,15.88703727722168,15.88703727722168,15.777894201445479,15.777894201445479,1763
2020-02-06,15.85970401763916,15.896473880541244,15.810678702625427,15.853576876011191,1835
2020-02-07,15.846831321716309,15.890341965624133,15.829060043543722,15.859700420156205,5785
2020-02-10,15.841320037841797,15.896473662582995,15.841320037841799,15.89034535218334,3825
2020-02-11,15.933243751525879,15.933243751525879,15.878090121954441,15.896475054763519,5644
2020-02-12,15.988153457641602,16.01291099462721,15.985947826543361,16.01291099462721,460
2020-02-13,15.85970401763916,15.96388295815031,15.804551560997457,15.927114264103936,19680
2020-02-14,15.893959999084473,15.902601348885462,15.893959999084473,15.902601348885462,1464
2020-02-18,15.798426628112793,15.902605590896714,15.798426628112793,15.902605590896714,4775
2020-02-19,15.841320037841797,15.896473662582995,15.79842303389991,15.89034535218334,2135
2020-02-20,15.829059600830078,15.835187909752264,15.800624855235947,15.835125960415459,4684
2020-02-21,15.788005828857422,15.828206284766665,15.783102478974039,15.783102478974039,678
2020-02-24,15.829059600830078,15.853572836518824,15.74878027346147,15.780034298307998,10107
2020-02-25,15.669729232788086,15.798421400161189,15.626832233282242,15.76165154156569,7871
2020-02-26,15.731012344360352,15.810678039595953,15.693385711801271,15.693385711801271,7078
2020-02-27,15.697013854980469,15.792696770007263,15.653237513833027,15.778312603852031,22737
2020-02-28,15.709517478942871,15.806575684413673,15.590695161623325,15.590695161623325,17340
2020-03-02,15.778307914733887,15.891564551800442,15.60320260218325,15.684501326893834,12249
2020-03-03,15.85335636138916,15.965924761395828,15.85335636138916,15.884624831250717,6695
2020-03-04,15.990935325622559,16.028457718696764,15.943031860388743,15.951411388358553,964
2020-03-05,15.834593772888184,15.98781213031457,15.834593772888185,15.922209657607185,5096
2020-03-06,15.766115188598633,15.872115938687738,15.71308260753319,15.803325070882403,3930
2020-03-09,15.48438549041748,15.984688255529562,15.00909726715306,15.553177567926346,39326
2020-03-10,15.797074317932129,15.804203778139504,15.439295174231068,15.678251969168919,18791
2020-03-11,15.202958106994629,15.724961554004217,15.20295810699463,15.634469807674762,15178
2020-03-12,12.3574857711792,14.643245814484013,10.737754512969191,14.383713028590634,52233
2020-03-13,13.132955551147461,14.283652704387524,12.357485937931848,12.763981942618557,51477
2020-03-16,12.217466354370117,13.25584584182134,12.132351795497147,12.676432024956295,20317
2020-03-17,10.756518363952637,12.507578938170191,9.649597341648812,12.507578938170191,41102
2020-03-18,7.00424337387085,9.380683249757686,5.0092849985084715,9.380683249757686,43425
2020-03-19,11.256820678710938,12.970358794443504,6.897929393349235,6.897929393349235,14483
2020-03-20,9.312329292297363,11.25681958745951,9.230592204854663,10.831561767749445,13419
2020-03-23,3.3086917400360107,8.380076057906384,2.820458657845118,7.5983525227879625,135055
2020-03-24,2.0574963092803955,3.971155476960466,2.0574963092803955,3.639704866883974,145445
2020-03-25,3.046783685684204,3.8210653778585666,2.3452334808977042,2.470246824047529,115191
2020-03-26,5.459558010101318,7.0042442013854815,3.352031294102045,3.352031294102045,158657
2020-03-27,6.366356372833252,6.660283979326576,5.628409198216611,5.628409198216611,33409
2020-03-30,3.894921064376831,5.153120468698446,3.208192879666012,4.996775789941277,116786
2020-03-31,3.87109637260437,4.064963843187287,3.4708538623107335,3.944765874252052,52948
2020-04-01,3.18943190574646,3.7084962759301963,2.896129326576894,3.7084962759301963,29541
2020-04-02,2.295140266418457,3.420821938632525,2.27012513802729,3.245716039894357,40784
2020-04-03,1.7948375940322876,2.4646185410269705,1.594716362961189,2.43272428831873,82894
2020-04-06,2.689129590988159,2.9893114974324004,1.976197525907596,1.976197525907596,91862
2020-04-07,3.564659357070923,3.9762838848469744,2.9580419984452075,2.9580419984452075,117827
2020-04-08,5.665933132171631,5.78475486150197,3.846080318909657,3.9211257158142603,85392
2020-04-09,6.647778034210205,8.204971411954432,6.159982640446145,6.235028039763092,187315
2020-04-13,6.1287126541137695,8.12992479110397,5.972367946592539,7.81723537606151,54754
2020-04-14,5.872308254241943,6.635270104725322,5.62841026153527,6.635270104725322,55410
2020-04-15,5.24692964553833,5.422035585890119,4.684088228367239,5.422035585890119,42923
2020-04-16,5.040554523468018,5.772247335247602,5.003031524613966,5.753486134024493,23835
2020-04-17,5.334481716156006,5.7785007478712425,5.225165537754287,5.47206523769802,22971
2020-04-20,5.19064474105835,5.50327155328967,5.126606053545543,5.228167139275616,8257
2020-04-21,5.19064474105835,5.628409830842309,5.19064474105835,5.19064474105835,15647
2020-04-22,5.25943660736084,5.701204223708506,4.903721095816252,5.65342539745002,37348
2020-04-23,5.0718231201171875,5.30634022869413,5.009285582341378,5.194272808319471,11918
2020-04-24,5.003032207489014,5.278136690058261,5.003032207489014,5.221915105129824,19920
2020-04-27,5.534604072570801,5.615902813090192,5.140615253496228,5.159376455430868,23663
2020-04-28,6.428895473480225,6.672793479994931,5.816024385469519,5.816024385469519,42891
2020-04-29,7.307553291320801,7.592100665786189,6.629017106886142,6.629017106886142,115063
2020-04-30,7.648383617401123,8.211224982057669,7.2856639051683185,7.2856639051683185,83941
2020-05-01,6.635270595550537,7.404487031659677,6.42264224870208,7.404487031659677,35497
2020-05-04,6.16623592376709,6.622762844556957,6.066175392198849,6.622762844556957,28754
2020-05-05,6.191249847412109,7.148079835567271,6.191249847412109,6.303818221643939,28667
2020-05-06,6.034905433654785,6.22564616647691,5.997383038074917,6.22564616647691,9333
2020-05-07,5.966115474700928,6.1693635249194685,5.966115474700928,6.072429949536695,15733
2020-05-08,5.97236967086792,6.310074312755753,5.54085781953975,5.697202572199077,60492
2020-05-11,5.615902423858643,6.097444479266185,5.534603688973971,6.097444479266185,9898
2020-05-12,5.490826606750488,5.790883544980351,5.478319338810232,5.7785009262699605,4251
2020-05-13,5.159376621246338,5.628410859541459,5.159376621246338,5.534604250445585,8291
2020-05-14,5.578379154205322,5.628409412380531,4.702848741527578,4.934238834689851,22549
2020-05-15,5.684694766998291,5.684694766998291,5.253182956289833,5.534603961711803,13483
2020-05-18,6.560225009918213,6.566478942525166,5.816024325518144,5.816024325518144,14604
2020-05-19,6.641523361206055,6.897928596048022,6.028652370257718,6.028652370257718,17267
2020-05-20,6.847899436950684,6.997990242990493,6.629017160577923,6.672793496570906,4750
2020-05-21,6.441403388977051,7.435756027976657,6.260043514948734,7.435756027976657,8720
2020-05-22,6.131840705871582,6.3819920436479105,6.0349065406264,6.3819920436479105,7278
2020-05-26,6.341341495513916,6.566477657640525,6.066174478729226,6.566477657640525,36414
2020-05-27,6.635270595550537,6.635270595550536,6.372611382870133,6.410134383142129,15744
2020-05-28,7.035512924194336,7.097112905915614,6.7228234608968105,6.81663006132294,19422
2020-05-29,6.857717037200928,7.173095668791383,6.485178686376761,7.173095668791383,11518
2020-06-01,6.569980144500732,6.847898406216093,6.510193845253341,6.804122076812252,5721
2020-06-02,6.4539103507995605,6.83539187885779,6.4539103507995605,6.829137946435368,4081
2020-06-03,6.9604668617248535,7.085542515851314,6.441402449794221,6.441402449794221,8361
2020-06-04,7.416992664337158,7.629684183490419,7.004242734453035,7.004242734453035,11921
2020-06-05,8.473884582519531,8.817843111748024,7.861012923754756,8.161195118931415,35366
2020-06-08,10.107437133789062,10.118631709114013,8.949173131785997,8.949173131785997,48179
2020-06-09,9.224337577819824,10.012315032690081,9.199322448922722,9.693371691946256,32591
2020-06-10,9.042980194091797,9.443222961284851,7.535816927811143,9.286878214219922,63973
2020-06-11,8.487641334533691,8.755303759544208,8.286269629568626,8.286269629568626,15589
2020-06-12,8.755304336547852,9.050232753539603,8.505153022638167,8.730289205156883,19195
2020-06-15,9.08675479888916,9.093008730716551,8.267508814549418,8.292523945451217,12908
2020-06-16,9.599567413330078,10.012317437471346,9.380684535602866,9.44322267107003,26236
2020-06-17,9.493252754211426,9.59956722457039,9.411953418265876,9.59956722457039,14570
2020-06-18,9.318146705627441,9.405699978870297,9.236847961825788,9.399446045836976,28456
2020-06-19,9.518267631530762,9.787180170109488,9.349415031495154,9.449475566446107,34507
2020-06-22,9.480744361877441,9.624581824066208,9.380683829784985,9.483245696257407,6584
2020-06-23,9.693374633789062,9.693374633789062,9.380685129473285,9.455730538940124,17961
2020-06-24,9.130533218383789,9.637089851084065,8.73029046209578,9.637027228258464,54923
2020-06-25,9.093009948730469,9.191819818489378,8.992949411720105,9.191819818489378,39427
2020-06-26,8.836602210998535,9.06799228745431,8.761869346777852,9.06799228745431,40131
2020-06-29,8.817842483520508,8.874126081973873,8.536484132031523,8.836541060188233,16465
2020-06-30,8.94291877746582,9.13053257489111,8.861619445367934,8.911649711826968,10086
2020-07-01,9.243099212646484,9.386936657915003,8.93040978843672,9.09926236378571,18016
2020-07-02,9.380685806274414,9.525148334292195,9.380685806274414,9.380685806274414,7447
2020-07-06,9.380685806274414,9.505761497743151,9.04304376393872,9.380685806274414,15601
2020-07-07,9.380685806274414,9.411954878243584,9.324464218845364,9.324464218845364,5734
2020-07-08,9.308765411376953,9.380683844379318,9.074310938088239,9.272117940255129,5919
2020-07-09,9.430713653564453,9.430713653564453,8.892888020585694,9.324399194100032,28458
2020-07-10,9.380685806274414,9.380685806274414,9.174310766249013,9.255610114805677,132036
2020-07-13,9.474491119384766,9.493252917824064,9.311893041099196,9.386938445632811,9114
2020-07-14,9.380685806274414,9.593314779975238,9.175123670273388,9.175123670273388,11985
2020-07-15,9.65584945678711,9.65584945678711,9.393190880996066,9.393190880996066,8506
2020-07-16,9.51201343536377,9.58705883449706,9.346287806189535,9.346287806189535,3241
2020-07-17,9.380685806274414,9.405513076066564,9.349416734305244,9.380685806274414,11244
2020-07-20,9.042980194091797,9.436969028264363,8.811590040004647,9.405699959569802,20021
2020-07-21,8.774065017700195,8.881067723467712,8.724034757873575,8.724034757873575,8635
2020-07-22,9.20557689666748,9.399444007393727,8.63648223502732,8.833726206439758,18371
2020-07-23,9.130533218383789,9.130533218383789,8.974188475578641,9.036726014855983,4748
2020-07-24,9.017339706420898,9.130533750536538,9.017339706420898,9.130533750536538,1251
2020-07-27,9.230594635009766,9.311893980558617,9.061742010468015,9.067995943912061,14730
2020-07-28,9.286876678466797,9.311891810004166,8.936664240535855,9.030470834699042,10936
2020-07-29,9.286876678466797,9.286876678466797,8.830349782400091,8.830349782400091,17577
2020-07-30,9.099263191223145,9.336907246801552,9.04923292651272,9.143039523742814,4036
2020-07-31,9.161802291870117,9.161802291870117,8.94685986600521,9.099264748483233,5010
2020-08-03,9.193071365356445,9.249355571912147,9.016089109573112,9.218086502002546,7439
2020-08-04,9.343161582946777,9.39319244942175,9.211831974918649,9.39319244942175,9159
2020-08-05,9.20557689666748,9.255607157268303,9.136784841035539,9.255607157268303,7204
2020-08-06,9.108955383300781,9.239034292633363,9.074246839635745,9.074246839635745,11611
2020-08-07,9.224337577819824,9.224337577819824,9.011708683990607,9.024216546643016,5649
2020-08-10,9.924763679504395,9.924763679504395,9.224339340159526,9.224339340159526,36460
2020-08-11,10.318753242492676,10.512620393666248,10.087362493428152,10.193676968487676,28867
2020-08-12,10.450079917907715,10.556394369173777,10.162406222020415,10.46884171265425,6789
2020-08-13,10.284356117248535,10.31875214859435,10.068600819918824,10.31875214859435,8150
2020-08-14,10.337514877319336,10.520499967492619,10.006063591439247,10.006063591439247,13703
2020-08-17,10.318753242492676,10.318753242492676,10.087362493428152,10.318753242492676,3581
2020-08-18,9.981045722961426,10.21843924851203,9.849716150432682,10.15615162086385,29409
2020-08-19,9.981045722961426,10.093613501980562,9.943522732349912,9.96228452585952,17946
2020-08-20,9.962285995483398,10.024824123592232,9.943524199206074,9.943524199206074,28894
2020-08-21,9.880987167358398,9.956032567040676,9.818449036085923,9.943524702223053,21005
2020-08-24,9.899747848510742,10.068600436238174,9.880986648676958,9.880986648676958,9100
2020-08-25,9.755910873413086,9.909128629122245,9.630834618916989,9.880986531501401,11320
2020-08-26,9.493252754211426,9.75722525383982,9.399445552855246,9.755911963756175,41321
2020-08-27,9.505760192871094,9.505760192871094,9.399445720614652,9.443222653925332,18255
2020-08-28,9.449475288391113,9.53702855210082,9.405698954740169,9.418206819444904,17981
2020-08-31,9.161802291870117,9.393193051266088,9.114023458427745,9.393193051266088,24102
2020-09-01,9.143036842346191,9.261859133492045,9.130529578040516,9.130529578040516,20087
2020-09-02,8.755304336547852,9.193069434093688,8.755304336547852,9.130531903820156,33091
2020-09-03,8.636483192443848,8.830350324661666,8.59896019462966,8.724035859997256,18603
2020-09-04,8.636483192443848,8.911649656252557,8.229986534489392,8.62397532770318,14742
2020-09-08,8.880379676818848,8.924156602497742,8.536421185153126,8.661497434055393,25398
2020-09-09,8.830350875854492,8.861619943250169,8.455123856329937,8.861619943250169,14766
2020-09-10,8.849108695983887,8.849108695983887,8.736540931348957,8.792825111870235,4587
2020-09-11,8.874127388000488,8.87725435444273,8.817843781263731,8.87725435444273,1980
2020-09-14,9.186816215515137,9.33065367948825,8.892888547949243,8.892888547949243,5687
2020-09-15,9.199323654174805,9.255607850669302,8.917903268110114,9.186815789883672,4775
2020-09-16,9.436967849731445,9.436967849731445,9.201324740486486,9.218084992612514,12846
2020-09-17,9.336906433105469,9.336906433105469,9.124277528412534,9.224338049113268,8706
2020-09-18,9.211831092834473,9.211831092834473,9.067994229266679,9.130532359066125,15094
2020-09-21,8.817842483520508,9.067993798005833,8.817842483520508,8.97418720417578,9933
2020-09-22,8.849108695983887,8.911646806875892,8.792825111870235,8.911646806875892,3255
2020-09-23,8.661498069763184,8.86161912844222,8.611467805093424,8.84911126407088,19276
2020-09-24,8.542675971984863,8.611468035048611,8.50515357068447,8.611468035048611,7475
2020-09-25,8.523913383483887,8.652115993800805,8.35506081590099,8.430106202690816,6611
2020-09-28,8.992949485778809,9.005456754804182,8.598960670750047,8.598960670750047,6231
2020-09-29,8.94291877746582,8.955426045876669,8.795954347885562,8.79908131409023,5809
2020-09-30,8.910774230957031,9.0179642235165,8.855365558484795,9.005456358633529,10553
2020-10-01,9.680865287780762,9.84971788058075,9.130532369133215,9.130532369133215,24574
2020-10-02,9.693374633789062,9.69775226776443,9.555791084895908,9.555791084895908,5645
2020-10-05,10.006064414978027,10.006064414978027,9.780928180347871,9.780928180347871,7992
2020-10-06,10.006064414978027,10.131140697291585,9.906003866253513,10.018572281772549,4766
2020-10-07,10.181169509887695,10.31875244642641,10.006062978352883,10.299990648928363,7377
2020-10-08,10.256213188171387,10.318751313482874,10.106122403113137,10.106122403113137,3800
2020-10-09,10.256213188171387,10.315624943984288,10.256213188171387,10.256213188171387,1992
2020-10-12,10.406305313110352,10.406305313110352,10.274976306580726,10.274976306580726,2644
2020-10-13,10.55639362335205,10.72524618569478,10.381350349085173,10.412556785570645,6707
2020-10-14,10.63144302368164,10.63144302368164,10.418814067782746,10.418814067782746,5921
2020-10-15,10.537635803222656,10.631442409448768,10.518874004851149,10.631442409448768,2488
2020-10-16,10.537635803222656,10.537635803222656,10.537635803222656,10.537635803222656,0
2020-10-19,10.756518363952637,10.962893368719818,10.631442097444664,10.78778683417179,3934
2020-10-20,10.63144302368164,10.637696956833466,10.63144302368164,10.637696956833466,801
2020-10-21,10.700233459472656,10.700233459472656,10.631441398136662,10.693979527277056,892
2020-10-22,10.69404125213623,10.753389790686258,10.631441098349796,10.631441098349796,11745
2020-10-23,10.712739944458008,10.712739944458008,10.712739944458008,10.712739944458008,200
2020-10-26,10.819053649902344,10.900353568544555,10.450080032225841,10.450080032225841,6589
2020-10-27,10.787784576416016,10.787784576416016,10.787784576416016,10.787784576416016,272
2020-10-28,10.63144302368164,10.63144302368164,10.543890345187666,10.550144278339491,16466
2020-10-29,10.759581565856934,10.759581565856934,10.56264891090196,10.568902842845393,2227
2020-10-30,10.750263214111328,10.925368536016792,10.456334378943364,10.51261857321742,4300
2020-11-02,10.63144302368164,10.647389777888534,10.537636412035843,10.537636412035843,3315
2020-11-03,10.637696266174316,10.712741073492312,10.637696266174316,10.712741073492312,1132
2020-11-04,10.958827018737793,10.981652737007769,10.67521723067023,10.775277755481852,1959
2020-11-05,10.825308799743652,11.050445593238042,10.631441668021056,10.70648766345773,13443
2020-11-06,11.938483238220215,12.72646079151637,11.763376717660318,12.257426618803105,53067
2020-11-09,12.401263236999512,12.545100094217664,12.163619785631067,12.538846162232238,72452
2020-11-10,12.409269332885742,12.43253281685073,12.185509041802739,12.43253281685073,12664
2020-11-11,12.595131874084473,12.710827840524507,12.376250192312959,12.420026528667261,37551
2020-11-12,12.520085334777832,12.807759044060086,12.382501219194545,12.807759044060086,19829
2020-11-13,12.620144844055176,12.820265876645019,12.494067830121692,12.588875187203362,15597
2020-11-16,12.85779094696045,13.03915141598451,12.657669872737827,12.776492207863393,38665
2020-11-17,13.195494651794434,13.445645966088788,12.901565813784956,12.901565813784956,34028
2020-11-18,13.376853942871094,13.501930196758158,13.198621056412136,13.326823679879379,14390
2020-11-19,13.858394622802734,13.889663086827793,13.254903963158638,13.254903963158638,20041
2020-11-20,13.780223846435547,14.121055391689088,13.567594926856334,13.820873808570992,34261
2020-11-23,13.839635848999023,13.939697579910215,13.820875243615934,13.833383109081796,20841
2020-11-24,13.852141380310059,14.07727814949609,13.839633516951833,13.964709764903073,35937
2020-11-25,14.036004066467285,14.377398620772802,13.78310092158727,13.914680408205236,30829
2020-11-27,13.876747131347656,14.541702435576259,13.594644764604036,14.541702435576259,9873
2020-11-30,13.299103736877441,13.735691517427052,13.282312194805352,13.735691517427052,34266
2020-12-01,13.205072402954102,13.68196022472097,13.158055564423444,13.433441002485374,36671
2020-12-02,13.30582332611084,13.500608841024718,13.198355897576564,13.198355897576564,11825
2020-12-03,13.48045825958252,13.490532930691115,13.305823367394286,13.312540241837619,10990
2020-12-04,13.369630813598633,13.578520065308533,13.369630813598633,13.578520065308533,17279
2020-12-07,13.30582332611084,13.516594566571897,13.30582332611084,13.36627391480047,5552
2020-12-08,13.36620807647705,13.399859068417824,13.305824102131433,13.305824102131433,16733
2020-12-09,13.372991561889648,13.593568452484082,13.329332516177308,13.500609621064937,15882
2020-12-10,13.490530967712402,13.507323791933649,13.372988884839394,13.372988884839394,578
2020-12-11,13.46581745147705,13.567777384190665,13.359558103856644,13.567777384190665,15518
2020-12-14,13.421554565429688,13.547627613173718,13.35284207047749,13.547627613173718,7790
2020-12-15,13.413290023803711,13.446874394086283,13.265522637898588,13.446874394086283,20929
2020-12-16,13.403215408325195,13.493891286791467,13.198355232654661,13.28567331463525,7329
2020-12-17,13.440156936645508,13.715542355445544,13.272238935859502,13.574490568606707,14224
2020-12-18,13.634940147399902,13.702107598991114,13.49765099860209,13.567773976921275,23346
2020-12-21,13.574490547180176,13.950627790748248,13.507324371861932,13.930477169485169,29389
2020-12-22,13.6550931930542,13.679541949923188,13.319257156549067,13.66852694198148,14608
2020-12-23,13.500608444213867,13.702109546514901,13.433440983075934,13.655092708052177,17222
2020-12-24,13.581205368041992,13.668523432537263,13.567772903676358,13.62184225594642,5190
2020-12-28,13.48045825958252,13.614793186223562,13.473741385139187,13.614793186223562,11923
2020-12-29,13.48045825958252,13.567776346233039,13.433441419591997,13.567776346233039,13723
2020-12-30,13.339405059814453,13.497247093628552,13.325971313626537,13.426721847810812,15911
2020-12-31,13.420007705688477,13.585910533421568,13.231940345236131,13.31925715100146,15257
2021-01-04,13.198354721069336,13.527676267561555,13.151337885415792,13.433440180449745,6591
2021-01-05,13.366273880004883,13.500608805879425,13.366273880004883,13.500608805879425,4965
2021-01-06,13.480121612548828,13.514041633815815,13.277276631345954,13.36627296920051,11553
2021-01-07,13.39985466003418,13.460305232361925,13.399854660034181,13.433437741944058,1722
2021-01-08,13.460308074951172,13.480457415907315,13.366273119742502,13.433440578859344,5733
2021-01-11,13.265520095825195,13.44559582922338,13.19835264924409,13.44559582922338,10653
2021-01-12,13.171488761901855,13.399857351879989,13.097604429522837,13.218505598465699,13036
2021-01-13,13.306496620178223,13.312540910701943,13.178207258424356,13.198356601653916,6765
2021-01-14,13.406573295593262,13.554341964218647,13.379707080187668,13.399857702576423,16382
2021-01-15,13.433441162109375,13.4871748755133,13.198355685549904,13.386424323020037,8326
2021-01-19,13.406573295593262,13.574491305494657,13.198355322027101,13.366273331928497,11543
2021-01-20,13.567776679992676,13.581142530229402,13.46534658415954,13.581142530229402,4674
2021-01-21,13.467024803161621,13.655093448320839,13.433441711328433,13.655093448320839,7263
2021-01-22,13.309182167053223,13.500608600793187,13.274725357735518,13.500608600793187,8815
2021-01-25,13.27224063873291,13.36640883813019,13.211790048204918,13.332691229260902,23127
2021-01-26,13.870025634765625,13.870025634765625,13.272238003899405,13.272238003899405,19977
2021-01-27,13.542786598205566,13.903609379968339,13.460306011318917,13.460306011318917,14624
2021-01-28,14.138696670532227,14.205864134274872,13.493892093273587,13.89864175138258,21504
2021-01-29,13.910330772399902,14.172283803917015,13.90361517771888,14.172283803917015,6996
2021-02-01,14.051380157470703,14.286465644915985,14.004363316204216,14.16778078909555,6193
2021-02-02,14.128621101379395,14.25691044934009,14.031228349198248,14.071529593550075,7578
2021-02-03,14.407362937927246,14.420795402440707,14.038010518850662,14.252877425453734,7906
2021-02-04,14.723051071166992,14.776784782768916,14.36706443110879,14.373781305198124,5376
2021-02-05,14.894326210021973,15.075677958980158,14.847309374613408,14.946582796297594,33083
2021-02-08,14.964851379394531,15.119335619108153,14.817082731744486,14.817082731744486,8013
2021-02-09,15.367453575134277,15.482040143573311,14.978286109212625,14.978286109212625,3714
2021-02-10,15.482040405273438,15.676825916786244,15.333601710800428,15.374572978615607,10251
2021-02-11,15.515625,15.630144954158816,15.44845753709442,15.591322111917105,10323
2021-02-12,15.66675090789795,15.882760610175891,15.35442330556389,15.35442330556389,15385
2021-02-16,15.952210426330566,15.952210426330566,15.704229283335353,15.871609220486885,6944
2021-02-17,16.133560180664062,16.167143264957588,15.90720681038857,15.90720681038857,10093
2021-02-18,15.791008949279785,16.368915034548838,15.791008949279787,16.133561824652126,16028
2021-02-19,16.44925308227539,16.614888199469654,15.965649528370916,16.388802477898192,44039
2021-02-22,16.482833862304688,16.489549455890074,16.388798897642165,16.422383271133373,4555
2021-02-23,16.623886108398438,16.751504178649295,16.507350946602536,16.518433855057488,11876
2021-02-24,16.590299606323242,16.791800702305824,16.234312970233777,16.711199495245157,6402
2021-02-25,16.978321075439453,16.978321075439453,16.66276502895117,16.806822882758244,37853
2021-02-26,16.669620513916016,16.876516859905575,16.669620513916016,16.755369593325927,7314
2021-03-01,16.71078109741211,16.899428811369,16.354064611265954,16.724499955781482,23844
2021-03-02,16.82740020751953,16.86169931671387,16.299185551992977,16.299185551992977,2494
2021-03-03,16.738222122192383,16.80682165594291,16.1722789127119,16.80682165594291,10820
2021-03-04,16.806819915771484,16.820540082786465,16.522132338132774,16.693287692627305,15196
2021-03-05,16.803390502929688,16.890373430796892,16.502238987011886,16.738220363920227,12566
2021-03-08,16.806819915771484,16.84111902488179,16.637517294110562,16.637517294110562,47643
2021-03-09,16.9302978515625,16.978317124991925,16.7725879032371,16.806818972214227,8883
2021-03-10,17.05377769470215,17.1498162469886,16.33348462727234,17.012617193641834,14086
2021-03-11,17.027502059936523,17.08121560750617,16.772519720227617,17.08121560750617,11885
2021-03-12,16.882280349731445,16.894285169348567,16.74508128974102,16.74508128974102,2170
2021-03-15,16.772520065307617,17.08121595893732,16.772520065307617,17.040056768138776,8021
2021-03-16,16.62845802307129,16.994366135325837,16.60101900348612,16.87541574147208,3549
2021-03-17,16.87541961669922,16.985726568076625,16.607950937491943,16.628461841587693,7967
2021-03-18,16.889141082763672,17.074358119914805,16.806821381919743,16.970088243415507,5196
2021-03-19,17.05377769470215,17.074288598593736,16.861699281702105,17.074288598593736,6294
2021-03-22,17.033199310302734,17.073124660514342,16.902860326186286,17.073124660514342,7002
2021-03-23,17.067493438720703,17.067493438720703,16.985175068476288,16.99340638212997,4747
2021-03-24,17.074356079101562,17.074356079101562,17.040056971098764,17.040056971098764,7679
2021-03-25,17.046913146972656,17.074352165400036,17.046363607716565,17.074352165400036,2846
2021-03-26,17.046913146972656,17.046913146972656,16.998893883404644,17.046913146972656,3391
2021-03-29,16.882280349731445,17.07435746360539,16.854840014362477,17.07435746360539,5244
2021-03-30,16.98140525817871,17.068594920747948,16.670993991946343,16.670993991946343,2344
2021-03-31,16.935853958129883,16.935853958129883,16.875417714611253,16.895996654599582,1623
2021-04-01,16.94401741027832,16.94401741027832,16.93489374865386,16.94401741027832,1766
2021-04-05,16.94401741027832,16.94401741027832,16.882277972817857,16.94401741027832,2222
2021-04-06,16.916580200195312,16.985179733190048,16.875421003769375,16.985179733190048,8241
2021-04-07,17.142953872680664,17.14981395527401,16.847976863301636,16.847976863301636,11696
2021-04-08,17.11551284790039,17.11551284790039,17.11551284790039,17.11551284790039,419
2021-04-09,16.875215530395508,17.10865857990588,16.875215530395508,17.10865857990588,397
2021-04-12,17.001436233520508,17.012616743160258,16.950877301631742,16.950877301631742,1929
2021-04-13,16.950878143310547,17.00157315413578,16.85483958879843,17.00157315413578,3241
2021-04-14,17.00575828552246,17.00575828552246,16.932424870019876,16.932424870019876,1366
2021-04-15,17.099056243896484,17.099056243896484,16.944021992558884,16.944021992558884,2399
2021-04-16,17.012617111206055,17.101796887977468,17.009255761892316,17.101796887977468,2801
2021-04-19,17.13444709777832,17.197832531260342,17.081213748731663,17.081213748731663,21542
2021-04-20,17.232135772705078,17.273294964937037,17.218415605818716,17.23899454772113,3806
2021-04-21,17.163536071777344,17.23899437202904,17.163536071777344,17.17039615515061,6421
2021-04-22,17.104473114013672,17.277137089203247,17.088077213093715,17.277137089203247,1045
2021-04-23,17.252710342407227,17.252710342407227,17.218411242310562,17.232131405719947,1216
2021-04-26,17.190290451049805,17.24187650146679,17.08121734358618,17.108657678627647,2372
2021-04-27,17.104127883911133,17.245854089337964,17.005757718505567,17.238994006110314,15951
2021-04-28,17.101795196533203,17.101795196533203,16.99203648861412,17.00918604139641,2919
2021-04-29,17.149816513061523,17.149816513061523,17.059883080428406,17.059883080428406,936
2021-04-30,17.012617111206055,17.149816163888012,17.012617111206055,17.070927166545385,9803
2021-05-03,17.204692840576172,17.25271210899915,17.01837677066808,17.01837677066808,5230
2021-05-04,17.13609504699707,17.13609504699707,17.12237488080402,17.123679382586825,1118
2021-05-05,17.046913146972656,17.15166448817134,17.046913146972656,17.13609159239514,3381
2021-05-06,16.945114135742188,17.20311632209062,16.945114135742188,17.13609476369964,7281
2021-05-07,17.064069747924805,17.141587525734124,16.978320653714125,17.050349578828534,5520
2021-05-10,17.067493438720703,17.067493438720703,16.978314986218102,17.046914500373052,4051
2021-05-11,17.01947784423828,17.0469181791928,16.992038817710952,17.00575898518821,2383
2021-05-12,16.94401741027832,17.02976648359263,16.882277972817857,17.02976648359263,4987
2021-05-13,16.941204071044922,17.046915814054135,16.854837421303582,16.985176377399565,2975
2021-05-14,17.11640739440918,17.11640739440918,16.992723090674335,16.992723090674335,1238
2021-05-17,17.012617111206055,17.081216637547033,17.012617111206055,17.081216637547033,1870
2021-05-18,17.046913146972656,17.129231510681596,17.012612738404933,17.019472820118477,9703
2021-05-19,17.094938278198242,17.140899402185184,17.046918998148115,17.046918998148115,3518
2021-05-20,17.232135772705078,17.233576350975333,17.15036431078155,17.18411518860281,3986
2021-05-21,17.252710342407227,17.252710342407227,17.22492851619404,17.22492851619404,1636
2021-05-24,17.275144577026367,17.275144577026367,17.184113385852925,17.252712904660974,1879
2021-05-25,17.492813110351562,17.533972304251602,17.28701583242418,17.355614052781853,9239
2021-05-26,17.458511352539062,17.492810457516338,17.417350856453947,17.492810457516338,2066
2021-05-27,17.791536331176758,17.791536331176758,17.50446324086533,17.50446324086533,2757
2021-05-28,17.77732276916504,17.791536331350276,17.4694548487478,17.784534385795716,3792
2021-06-01,17.601091384887695,17.791539530472107,17.49746444172526,17.791539530472107,5265
2021-06-02,17.656265258789062,17.665506813433883,17.539474444222783,17.62349646885844,4354
2021-06-03,17.561317443847656,17.616491652866273,17.539471587452088,17.539471587452088,1981
2021-06-04,17.623497009277344,17.662777624176677,17.619996703574046,17.619996703574046,1213
2021-06-07,17.60942268371582,17.706117120931744,17.563980144420395,17.623496021920634,5634
2021-06-08,17.73552703857422,17.749530933580925,17.595140862424593,17.749530933580925,6003
2021-06-09,17.72138023376465,17.819546374377456,17.679510116488604,17.819546374377456,4722
2021-06-10,17.756807327270508,17.756807327270508,17.756807327270508,17.756807327270508,815
2021-06-11,17.753028869628906,17.753028869628906,17.744977232043134,17.744977232043134,641
2021-06-14,17.770532608032227,17.77753455441949,17.72152031880611,17.72152031880611,2122
2021-06-15,17.605993270874023,17.605993270874023,17.50446704151686,17.595489682519414,2694
2021-06-16,17.595487594604492,17.81954586795599,17.462454622424012,17.595487594604492,8197
2021-06-17,17.819547653198242,17.819547653198242,17.707519173041323,17.77753597152578,6399
2021-06-18,17.784536361694336,17.79538984592935,17.784536361694336,17.79538984592935,2149
2021-06-21,17.802112579345703,17.819547333442987,17.798541492983688,17.798541492983688,901
2021-06-22,17.777463912963867,17.77753335816464,17.638548137215867,17.71451718040437,1806
2021-06-23,17.777530670166016,17.854550728112894,17.75652617107827,17.79853650473819,1973
2021-06-24,17.700515747070312,17.77753448606462,17.679509907989296,17.679509907989296,6172
2021-06-25,17.74252700805664,17.74252700805664,17.714519221165666,17.714519221165666,1493
2021-06-28,17.854555130004883,17.854555130004883,17.504465813730278,17.74252665563579,5000
2021-06-29,17.725019454956055,17.78453398761049,17.725019454956055,17.78453398761049,1528
2021-06-30,17.77564239501953,17.77564239501953,17.532470693263726,17.546473248624736,2755
2021-07-01,17.77564239501953,17.77564239501953,17.77564239501953,17.77564239501953,0
2021-07-02,17.840545654296875,17.840545654296875,17.804837474023937,17.804837474023937,940
2021-07-06,17.854555130004883,17.854555130004883,17.83614013068348,17.854555130004883,1452
2021-07-07,17.847551345825195,17.847551345825195,17.847551345825195,17.847551345825195,320
2021-07-08,17.847551345825195,17.847551345825195,17.847551345825195,17.847551345825195,0
2021-07-09,17.854555130004883,17.854555130004883,17.588487837249478,17.854555130004883,2143
2021-07-12,17.784536361694336,17.833548650537075,17.714518233854122,17.714518233854122,4984
2021-07-13,17.80162239074707,17.80162239074707,17.80162239074707,17.80162239074707,455
2021-07-14,17.784046173095703,17.854554423563826,17.72656156946759,17.85448497835918,2377
2021-07-15,17.750228881835938,17.784537486195156,17.750228881835938,17.784537486195156,1236
2021-07-16,17.783275604248047,17.854554429414122,17.735524013131972,17.784536301809673,2941
2021-07-19,17.783275604248047,17.783275604248047,17.783275604248047,17.783275604248047,0
2021-07-20,17.810230255126953,17.854550977466747,17.781032558664034,17.781032558664034,917
2021-07-21,17.67951202392578,17.77753661373298,17.67951202392578,17.712069809687495,10535
2021-07-22,17.651500701904297,17.72151882438772,17.651500701904297,17.72151882438772,1242
2021-07-23,17.827247619628906,17.827247619628906,17.827247619628906,17.827247619628906,298
2021-07-26,17.693511962890625,17.723759353057122,17.679508071624525,17.686510017257575,1561
2021-07-27,17.8316593170166,17.8316593170166,17.69351410476163,17.69351410476163,208
2021-07-28,17.707515716552734,17.741263411531218,17.707515716552734,17.722008395061106,1435
2021-07-29,17.66550636291504,17.75484895661686,17.66550636291504,17.749528385407906,10017
2021-07-30,17.54647445678711,17.6865107039157,17.54647445678711,17.651500974391237,12374
2021-08-02,17.658504486083984,17.749528455434096,17.57448379874438,17.58148574527014,5312
2021-08-03,17.6094913482666,17.65850363610299,17.6094913482666,17.644501079210222,2610
2021-08-04,17.623497009277344,17.700517089598094,17.609493115494516,17.63049895616876,4146
2021-08-05,17.61649513244629,17.637010850274574,17.532474440384792,17.588488680254063,13148
2021-08-06,17.65843391418457,17.727681464840366,17.54647489309227,17.630496910555614,7260
2021-08-09,17.840545654296875,17.840545654296875,17.714584106867623,17.82654176551155,6369
2021-08-10,17.82654571533203,17.854553499108356,17.672506911016153,17.840549607220193,11112
2021-08-11,17.63749885559082,17.76493080196097,17.63749885559082,17.76493080196097,4083
2021-08-12,17.644500732421875,17.784045524121304,17.623494894268557,17.623494894268557,5894
2021-08-13,17.71451759338379,17.8055415569305,17.637498857480413,17.8055415569305,15055
2021-08-16,18.05060386657715,18.064606422893394,17.924571511338534,17.99458963485828,75816
2021-08-17,18.24658203125,18.24665147644478,17.966580341386955,18.071606850098075,12332
2021-08-18,18.246652603149414,18.253654548893785,18.078609911738326,18.138125782823174,3407
2021-08-19,18.16263198852539,18.246652666781646,18.134624205450237,18.176634544578366,3155
2021-08-20,18.155630111694336,18.190638505186605,18.134343822540707,18.190638505186605,4765
2021-08-23,18.10031509399414,18.20464181267403,18.10031509399414,18.186437822577822,4376
2021-08-24,18.120620727539062,18.16963434903938,18.11431991104255,18.11431991104255,2024
2021-08-25,18.14862823486328,18.169213394676373,18.127622397397335,18.169213394676373,5423
2021-08-26,18.06460952758789,18.134627663141384,18.06460952758789,18.1066212102109,4551
2021-08-27,18.036602020263672,18.162563609102044,17.994591675581386,18.064608471556937,10684
2021-08-30,18.3469181060791,18.362137437873752,18.097779225405155,18.21924088582113,17161
2021-08-31,18.364421844482422,18.364421844482422,18.32641167430456,18.32641167430456,3026
2021-09-01,18.147722244262695,18.326413121502828,18.13350317976555,18.326413121502828,6681
2021-09-02,18.10492706298828,18.175589036257858,18.097782097975315,18.097852961637468,3696
2021-09-03,18.1429386138916,18.183521691172803,18.076348570632078,18.090638501739218,5415
2021-09-07,18.14064598083496,18.24067410319549,18.04061922123682,18.07634267458976,6669
2021-09-08,18.062057495117188,18.140649379771556,18.040622601431824,18.09063599060169,4578
2021-09-09,18.079418182373047,18.140577604163727,18.06205658711439,18.10849681028743,1022
2021-09-10,18.040624618530273,18.140580544388268,18.040624618530273,18.04776958389093,5838
2021-09-13,18.05491065979004,18.090634116134833,18.04062073214712,18.090634116134833,2628
2021-09-14,18.0977840423584,18.11207397391961,18.060988081831574,18.06206057621825,1941
2021-09-15,18.090635299682617,18.090635299682617,18.090635299682617,18.090635299682617,837
2021-09-16,18.14064598083496,18.14064598083496,18.06205411090602,18.11206749070509,3485
2021-09-17,18.183521270751953,18.183521270751953,18.094211247541505,18.14065147842172,2510
2021-09-20,18.090635299682617,18.176373508386902,18.076345371104804,18.076345371104804,1257
2021-09-21,18.090635299682617,18.090635299682617,18.090635299682617,18.090635299682617,0
2021-09-22,18.162080764770508,18.162080764770508,18.090704722124563,18.090704722124563,2591
2021-09-23,18.062057495117188,18.09063599060169,18.040622601431824,18.09063599060169,1840
2021-09-24,18.10492706298828,18.10492706298828,18.047268571723997,18.07634720293641,3488
2021-09-27,18.2192440032959,18.231390307692088,18.102640571302672,18.104855060772415,5920
2021-09-28,18.20494842529297,18.219238351062643,18.119211596199577,18.219238351062643,2877
2021-09-29,18.4621639251709,18.4621639251709,18.15493729687563,18.2692539916698,6617
2021-09-30,18.147794723510742,18.362067350133085,18.147794723510742,18.290334248385708,2008
2021-10-01,18.14786720275879,18.36206760594342,18.14786720275879,18.36206760594342,2002
2021-10-04,18.14064598083496,18.14064598083496,18.07634267458976,18.07634267458976,3297
2021-10-05,18.283544540405273,18.301192315336515,18.19294808654976,18.301192315336515,3126
2021-10-06,18.31926727294922,18.462091595612915,18.28354381706156,18.387143747003254,5126
2021-10-07,18.14064598083496,18.319265973124434,18.133501017611895,18.319265973124434,3471
2021-10-08,18.13350486755371,18.309553364585856,18.119216300836353,18.140649832293732,3848
2021-10-11,18.14064598083496,18.325767712498312,18.14064598083496,18.29783244621763,2500
2021-10-12,18.154937744140625,18.154937744140625,18.154937744140625,18.154937744140625,650
2021-10-13,18.154937744140625,18.154937744140625,18.154937744140625,18.154937744140625,0
2021-10-14,18.183521270751953,18.290620799623245,18.124862508559104,18.231391039814962,3664
2021-10-15,18.14064598083496,18.20494928708016,18.070056251673872,18.083487637812826,2741
2021-10-18,18.20494842529297,18.20494842529297,18.1477900849766,18.1477900849766,980
2021-10-19,18.20494842529297,18.20494842529297,18.20494842529297,18.20494842529297,0
2021-10-20,18.272829055786133,18.272829055786133,18.227958733153677,18.227958733153677,409
2021-10-21,18.29068946838379,18.29068946838379,18.276399540386535,18.276399540386535,543
2021-10-22,18.333559036254883,18.340704000700377,18.262110754562546,18.326414071809385,2517
2021-10-25,18.30497932434082,18.38814463355847,18.290689396399806,18.297834360370313,2734
2021-10-26,18.312122344970703,18.391858941122514,18.312122344970703,18.35141896418134,2260
2021-10-27,18.397865295410156,18.397865295410156,18.304983468291695,18.351423700469503,1566
2021-10-28,18.376426696777344,18.376426696777344,18.326413310499138,18.326413310499138,279
2021-10-29,18.49074363708496,18.49074363708496,18.34784844054854,18.34784844054854,2720
2021-11-01,18.4621639251709,18.4621639251709,18.4621639251709,18.4621639251709,223
2021-11-02,18.469308853149414,18.469308853149414,18.39786057835089,18.451447125140405,2797
2021-11-03,18.49789047241211,18.49789047241211,18.42930126173127,18.49789047241211,1175
2021-11-04,18.533613204956055,18.812259993279095,18.35506405296417,18.512178312484064,8220
2021-11-05,18.46573829650879,18.522896651863565,18.46216649550779,18.50610741556738,1654
2021-11-08,18.52646827697754,18.53361324114882,18.448661347860728,18.52646827697754,5615
2021-11-09,18.505891799926758,18.533614480807636,18.505891799926758,18.510465231428316,765
2021-11-10,18.52646827697754,18.52646827697754,18.426441504104716,18.526396050561157,2867
2021-11-11,18.597917556762695,18.60506252131848,18.42672731310492,18.46216595572807,4198
2021-11-12,18.483600616455078,18.555047535587224,18.390717441163083,18.390717441163083,5850
2021-11-15,18.040624618530273,18.112072909374042,17.833424711359623,17.833424711359623,62167
2021-11-16,18.06212615966797,18.169227025872026,18.040620404943304,18.047765368635176,10582
2021-11-17,18.062057495117188,18.119215848848842,18.040622601431824,18.062057495117188,7428
2021-11-18,18.076345443725586,18.16201278911906,18.06670117279754,18.076274580070326,4214
2021-11-19,18.040624618530273,18.076348082570757,18.019189722448303,18.0692044799729,4557
2021-11-22,18.058483123779297,18.091491958423916,17.9691731168736,17.9691731168736,7875
2021-11-23,18.111995697021484,18.112067923430004,18.047764615648497,18.047764615648497,3428
2021-11-24,18.040624618530273,18.09063801329207,17.99775618912913,18.019189722448303,10273
2021-11-26,18.07420539855957,18.112072487602727,17.997755770019882,18.04062419842276,4267
2021-11-29,18.226364135742188,18.248245025863493,18.153356888335722,18.189897376657697,8751
2021-11-30,18.05132484436035,18.31389001452698,18.05132484436035,18.0950852423488,7109
2021-12-01,18.0075626373291,18.138845209223746,17.854399173079404,18.065910292491406,12004
2021-12-02,18.0914363861084,18.204411841618207,17.941920440401628,18.138844288245014,4693
2021-12-03,18.073205947875977,18.08779181996212,17.99304972950653,17.99304972950653,6807
2021-12-06,18.08778953552246,18.08778953552246,17.905526671097373,17.971094226863695,6592
2021-12-07,18.08778953552246,18.124257688926956,18.03002615067352,18.072473328427915,5346
2021-12-08,18.058618545532227,18.08786540985043,18.058618545532227,18.08786540985043,1301
2021-12-09,18.04403305053711,18.167949678588524,18.04403305053711,18.167949678588524,2396
2021-12-10,18.095081329345703,18.131549479048267,18.058614570760813,18.124255849107755,1575
2021-12-13,18.029441833496094,18.051322725480905,17.985681440644278,18.047092336230104,5904
2021-12-14,17.96380043029785,18.040382856181196,17.931199584707834,18.029515443945257,2392
2021-12-15,18.08778953552246,18.09508316620336,17.941921095257907,17.941921095257907,12282
2021-12-16,18.146137237548828,18.146137237548828,18.093405525682172,18.093405525682172,1621
2021-12-17,18.211782455444336,18.248250616819742,18.146141156086717,18.17531568518704,5641
2021-12-20,18.160724639892578,18.233587218214605,17.871611404550524,17.871611404550524,6401
2021-12-21,18.211782455444336,18.2993046516272,18.16072842063688,18.226369719994498,8592
2021-12-22,18.29200553894043,18.29200553894043,18.175310239738074,18.21009931112606,8770
2021-12-23,18.270126342773438,18.292007235071928,18.270126342773438,18.292007235071928,252
2021-12-27,18.343135833740234,18.41599702439637,18.233660420194425,18.233660420194425,3514
2021-12-28,18.400827407836914,18.400827407836914,18.25554183340478,18.34306262688822,3540
2021-12-29,18.270126342773438,18.29930086583809,18.255540472358938,18.255540472358938,1472
2021-12-30,18.343061447143555,18.372235970506946,18.255612997416804,18.372235970506946,1747
2021-12-31,18.39411735534668,18.397764866699504,18.372237851701662,18.37953148328933,1823
2022-01-03,18.445171356201172,18.554573039356388,18.34306191295414,18.46705085816149,7769
2022-01-04,18.364940643310547,18.386820142694255,18.364940643310547,18.379527903644828,1304
2022-01-05,18.49622344970703,18.49622344970703,18.437875798712785,18.488929819443033,3270
2022-01-06,18.452463150024414,18.452463150024414,18.445170910292514,18.452463150024414,1516
2022-01-07,18.430583953857422,18.452463455651195,18.416361164797177,18.452463455651195,850
2022-01-10,18.49622344970703,18.49622344970703,18.43517703031451,18.43517703031451,1000
2022-01-11,18.452463150024414,18.496224935122868,18.452463150024414,18.452463150024414,1642
2022-01-12,18.39776039123535,18.45246052815945,18.39776039123535,18.45246052815945,4145
2022-01-13,18.45756721496582,18.50351722510118,18.350427499831703,18.350427499831703,2550
2022-01-14,18.48893165588379,18.51803245059051,18.48893165588379,18.51803245059051,1100
2022-01-18,18.40870475769043,18.452392818293582,18.364944358951586,18.415998389333236,3610
2022-01-19,18.53998565673828,18.56915878953495,18.452463476112538,18.452463476112538,1996
2022-01-20,18.364940643310547,18.56915672351963,18.364940643310547,18.508111696055494,1736
2022-01-21,18.364940643310547,18.47434231358223,18.364940643310547,18.47434231358223,1008
2022-01-24,18.23358726501465,18.39265741536258,18.17895806788518,18.3731108187528,11706
2022-01-25,18.124258041381836,18.233659721487193,18.124258041381836,18.197192958491353,1470
2022-01-26,18.211782455444336,18.303681109215873,18.197196582012285,18.23366335226958,2350
2022-01-27,18.240955352783203,18.30666898440431,18.23366172116058,18.240955352783203,3702
2022-01-28,18.306596755981445,18.335769891528784,18.16072690489076,18.335769891528784,3813
2022-01-31,18.240955352783203,18.328476150018698,18.197194954165454,18.328476150018698,3438
2022-02-01,18.240955352783203,18.270128488155706,18.240955352783203,18.270128488155706,1729
2022-02-02,18.299230575561523,18.299230575561523,18.299230575561523,18.299230575561523,116
2022-02-03,18.284637451171875,18.284709789283777,18.189895391341903,18.23365577569065,3454
2022-02-04,18.197193145751953,18.284713934289748,18.131551858789685,18.25546707257028,3521
2022-02-07,18.17151641845703,18.240147203907767,18.17151641845703,18.240147203907767,1265
2022-02-08,18.233659744262695,18.255540636758234,18.19040989063651,18.197192981221306,3331
2022-02-09,18.270126342773438,18.270126342773438,18.036735722727514,18.2628341031251,9722
2022-02-10,18.160724639892578,18.430583413418276,18.05861659153477,18.171665781586505,6961
2022-02-11,18.240955352783203,18.289092208598124,18.058618735571596,18.289092208598124,1710
2022-02-14,18.0659122467041,18.270056028168565,18.058618615130126,18.087791750308057,2744
2022-02-15,18.095081329345703,18.270124274564992,18.058614570760813,18.058614570760813,2128
2022-02-16,18.160724639892578,18.26283407936821,18.160724639892578,18.233659556341507,2770
2022-02-17,18.270126342773438,18.270126342773438,18.197192817347457,18.197192817347457,2105
2022-02-18,18.089393615722656,18.233658087025212,18.089393615722656,18.146135916115696,3031
2022-02-22,18.08778953552246,18.160724451213643,18.08778953552246,18.08778953552246,3229
2022-02-23,17.868986129760742,18.14613713927336,17.125052495796307,18.14613713927336,8294
2022-02-24,17.635595321655273,17.796051021092605,17.53202799318792,17.540779515214922,4413
2022-02-25,18.213624954223633,18.213624954223633,17.7040311816162,17.908077356479236,2701
2022-02-28,17.7739315032959,18.049668843607304,17.70685995101927,18.004954949232577,5177
2022-03-01,17.811195373535156,17.92298083605571,17.714315018398484,17.73667125804503,4914
2022-03-02,17.811195373535156,17.960094354441473,17.74412381173697,17.74412381173697,2472
2022-03-03,17.878265380859375,17.878265380859375,17.878265380859375,17.878265380859375,700
2022-03-04,17.82982635498047,17.885719797920693,17.699410216692353,17.833553342605445,5986
2022-03-07,17.514965057373047,17.915530962525338,17.513101563461817,17.870815637232027,6935
2022-03-08,17.155385971069336,17.47583866682418,17.155385971069336,17.47583866682418,11137
2022-03-09,17.325376510620117,17.4013163762399,17.17789326051039,17.23617186585267,3854
2022-03-10,17.40131378173828,17.40131378173828,17.237360453632185,17.274623219760475,1927
2022-03-11,17.188920974731445,17.28714315287267,17.185193987407292,17.185193987407292,482
2022-03-14,16.507030487060547,17.78138890652,16.36543479124739,17.78138890652,9471
2022-03-15,16.357982635498047,16.544292226237527,15.76179109227409,16.544292226237527,24197
2022-03-16,16.514480590820312,16.57409959787843,16.41014768382592,16.43995647664035,6080
2022-03-17,16.969079971313477,17.5354613680128,16.68588856224904,17.14048447491958,6118
2022-03-18,17.170366287231445,17.304434082737192,16.961625121894606,16.961625121894606,4684
2022-03-21,17.550365447998047,17.930437239310603,17.427401839254635,17.87081821840449,5950
2022-03-22,17.841005325317383,17.922980571861817,17.736670996597436,17.922980571861817,2134
2022-03-23,17.811195373535156,17.960243604515412,17.706862464706543,17.885719489025284,2378
2022-03-24,17.848459243774414,18.02731627913394,17.773935123683938,17.863362930649018,3475
2022-03-25,17.751577377319336,18.037898735481956,17.56578945326236,18.037898735481956,3511
2022-03-28,17.848459243774414,18.25833977212799,17.5354590765379,18.221078422797433,2137
2022-03-29,17.866790771484375,17.96769661690556,17.866790771484375,17.96769661690556,310
2022-03-30,17.870817184448242,17.870817184448242,17.870817184448242,17.870817184448242,1409
2022-03-31,17.867834091186523,17.908151512167503,17.792565144874093,17.908151512167503,1423
2022-04-01,17.867834091186523,17.867834091186523,17.867834091186523,17.867834091186523,0
2022-04-04,17.684507369995117,17.921643029026193,17.565269336478877,17.865078664224615,3231
2022-04-05,17.41621971130371,17.513100064957584,16.95417133948021,17.513100064957584,10056
2022-04-06,17.188920974731445,17.53918244745499,16.9541705233313,17.53918244745499,4694
2022-04-07,17.550365447998047,17.550365447998047,16.89463013236902,17.010068692911855,3188
2022-04-08,16.812578201293945,17.252268978730978,16.76786429450884,17.122970068574244,8157
2022-04-11,16.507030487060547,16.84238833992605,16.395245009915197,16.84238833992605,9584
2022-04-12,16.328170776367188,16.72582981767826,16.216385317453025,16.648623467635893,6344
2022-04-13,16.40269660949707,16.84231202348188,16.335625042829367,16.656077767701866,5827
2022-04-14,16.707271575927734,16.75012339911251,16.35797953802464,16.40269343333507,3102
2022-04-18,16.663528442382812,16.825170530248023,16.663528442382812,16.73060000148522,1504
2022-04-19,16.581554412841797,16.581554412841797,16.372887148965592,16.372887148965592,928
2022-04-20,16.473493576049805,16.797673285476634,16.473493576049805,16.797673285476634,1765
2022-04-21,16.447410583496094,16.745505646938803,16.439958029231352,16.745505646938803,1995
2022-04-22,16.581554412841797,16.726726423433963,16.469768937041113,16.477221491618415,4129
2022-04-25,16.417600631713867,16.581552549704266,16.175397610168943,16.432504317764423,1966
2022-04-26,16.23874282836914,16.581551755408416,16.209006529156706,16.42505239865463,9692
2022-04-27,16.38779067993164,16.760409844335985,16.298884541030887,16.298884541030887,3867
2022-04-28,16.507030487060547,16.507030487060547,16.112055039718353,16.499577932393596,2905
2022-04-29,16.097145080566406,16.879644606258434,16.097145080566406,16.879644606258434,3052
2022-05-02,15.836240768432617,16.099235043596916,15.761790564670449,16.082243277444352,6984
2022-05-03,16.098041534423828,16.20148036186707,15.913967868882994,15.933194120823977,6126
2022-05-04,15.799053192138672,16.022624122957044,15.78414808436963,16.022624122957044,8657
2022-05-05,15.389168739318848,16.097070271056005,15.158145292412577,15.784145502002348,12450
2022-05-06,15.322099685668945,15.76179041462477,15.277385783814088,15.351909901191727,10563
2022-05-09,15.620197296142578,15.761793000245019,14.919823423694899,15.761793000245019,3054
2022-05-10,15.396621704101562,15.597836367161795,15.284760918245672,15.284760918245672,4535
2022-05-11,15.211136817932129,15.500959193774703,15.202864098015485,15.351912356609864,3471
2022-05-12,14.763171195983887,15.940573808268903,14.68864707730133,15.940573808268903,9787
2022-05-13,15.09107494354248,15.238110422140043,14.981897810075207,14.981897810075207,8171
2022-05-16,14.950152397155762,15.091003258137349,14.874957360302899,15.053815822093709,6973
2022-05-17,15.09107494354248,15.454527281084328,15.068717283763462,15.068717283763462,3111
2022-05-18,14.95693588256836,15.277388652463397,14.949781827499775,15.086831803169874,6454
2022-05-19,14.994196891784668,15.454902063892435,14.994196891784668,15.454902063892435,848
2022-05-20,15.217768669128418,15.389173165439916,14.930479290900388,15.366816922443322,6844
2022-05-23,15.19540786743164,15.426432754514884,15.03145595977864,15.128336309430596,9263
2022-05-24,15.202862739562988,15.56802937691724,15.143243725738404,15.337005876025655,3855
2022-05-25,15.37427043914795,15.560580073958624,15.366371554255348,15.366371554255348,1863
2022-05-26,15.724157333374023,15.81015665330984,15.553125265476147,15.553125265476147,4372
2022-05-27,15.912176132202148,15.912176132202148,15.522583549429477,15.522583549429477,8844
2022-05-31,15.82050895690918,15.826774214180656,15.7746749573769,15.826774214180656,1879
2022-06-01,16.23301887512207,16.23301887512207,15.910955519538703,16.042042182473576,1452
2022-06-02,16.003847122192383,16.52712284212067,15.95037242535778,16.27129054411771,1265
2022-06-03,16.168466567993164,16.168466567993164,15.912175341008687,15.935093064868624,1328
2022-06-06,16.263572692871094,16.324532175584938,16.263572692871094,16.317045923321835,1146
2022-06-07,16.347604751586914,16.347604751586914,16.339965508965427,16.339965508965427,368
2022-06-08,16.423995971679688,16.454552942632457,16.233019274334573,16.347605001334326,1784
2022-06-09,16.23301887512207,16.4402662947512,16.23301887512207,16.4402662947512,598
2022-06-10,15.912176132202148,16.233016997012797,15.912176132202148,16.233016997012797,2104
2022-06-13,15.606614112854004,15.705921342749894,15.583696387322767,15.660087348723822,3570
2022-06-14,15.583696365356445,15.889258753493554,15.430915899806092,15.698282078778313,5077
2022-06-15,15.37744140625,15.698282282210807,15.37744140625,15.698282282210807,1802
2022-06-16,15.01794719696045,15.331606318049934,14.789233292896482,15.278133085376924,12233
2022-06-17,14.850345611572266,15.0833373718122,14.789233138151651,14.972570558413494,5308
2022-06-21,14.636451721191406,14.995487332553129,14.636451721191406,14.85798535548267,4864
2022-06-22,14.705206871032715,14.97715839751183,14.514230158421901,14.514230158421901,2625
2022-06-23,14.850345611572266,14.850345611572266,14.720481423423923,14.836824314732667,2278
2022-06-24,14.857985496520996,15.033683683086897,14.819789288330783,14.857985496520996,6127
2022-06-27,15.006948471069336,15.155832831434164,14.919099369560508,14.97257260899749,3201
2022-06-28,15.01076602935791,15.144450573103086,14.972571278022928,15.087156989064244,5295
2022-06-29,14.735762596130371,14.972573291736774,14.514228928890804,14.857987565284422,7095
2022-06-30,14.751039505004883,15.27813559085978,14.705205506202539,15.209383864137987,1500
2022-07-01,14.720483779907227,14.735762264967263,14.70520529484719,14.735762264967263,647
2022-07-05,14.705206871032715,15.262782756259774,14.705206871032715,14.705206871032715,6308
2022-07-06,14.804509162902832,15.201740941800981,14.705201946696395,15.117712207175902,8168
2022-07-07,14.854167938232422,15.018408021719601,14.688400880352535,15.018408021719601,7012
2022-07-08,14.766316413879395,14.87929793009872,14.766316413879395,14.87929793009872,2849
2022-07-11,14.819790840148926,15.12535325248505,14.743399872805766,14.743399872805766,6128
2022-07-12,14.751039505004883,14.819791231726677,14.430198599315366,14.743400262365068,5162
2022-07-13,14.946678161621094,14.946678161621094,14.93437931414843,14.93437931414843,1250
2022-07-14,14.819790840148926,14.819790840148926,14.521867670250767,14.521943436149447,1940
2022-07-15,15.003129005432129,15.00312900543213,14.231582966718053,14.942016520040747,1706
2022-07-18,14.896180152893066,15.18646404810986,14.582978532907966,15.076080431177942,8970
2022-07-19,14.72812271118164,15.102055101459875,14.728122711181639,14.896181672180795,1530
2022-07-20,14.861042976379395,14.888543084486292,14.667010874202468,14.667010874202468,2698
2022-07-21,14.842708587646484,14.888542585300101,14.739581000148458,14.739581000148458,1726
2022-07-22,14.811387062072754,14.896180752984135,14.651730840419965,14.651730840419965,2338
2022-07-25,14.911460876464844,15.194029806656896,14.896182390990436,14.896182390990436,1538
2022-07-26,15.09479808807373,15.09479808807373,14.972573120319009,14.972573120319009,994
2022-07-27,15.17393684387207,15.17393684387207,15.17393684387207,15.17393684387207,188
2022-07-28,15.27049732208252,15.27049732208252,15.27049732208252,15.27049732208252,483
2022-07-29,15.399747848510742,15.509214988904132,15.20403435591043,15.255139905614918,4955
2022-08-01,15.751757621765137,15.751757621765137,15.484389971326117,15.484389971326117,1455
2022-08-02,15.797591209411621,15.797591209411621,15.660087766627598,15.794840324615535,2878
2022-08-03,15.889259338378906,16.13371071492327,15.837543286576379,15.889259338378908,3982
2022-08-04,15.618301391601562,15.858626438405986,15.618301391601562,15.858626438405986,884
2022-08-05,15.545502662658691,15.792473262808597,15.544739175534772,15.6600883838159,6027
2022-08-08,15.583696365356445,15.583696365356447,15.566890907545735,15.568417881690491,2115
2022-08-09,15.576823234558105,15.576823234558105,15.576823234558105,15.576823234558105,211
2022-08-10,15.576056480407715,15.728838396686296,15.556806116316539,15.575980714518165,1751
2022-08-11,15.658942222595215,15.658942222595215,15.621892700775861,15.621892700775861,210
2022-08-12,15.810730934143066,15.963817383285226,15.660087935134742,15.963817383285226,2111
2022-08-15,15.851066589355469,16.033181598433856,15.851066589355469,15.965652321485653,14037
2022-08-16,15.941205978393555,16.002624437375708,15.889259713605005,15.96534470185232,739
2022-08-17,15.736479759216309,15.927456451786806,15.660088790780803,15.927456451786806,3441
2022-08-18,15.85870361328125,15.965650087365873,15.835785887247503,15.91981609233481,1721
2022-08-19,15.774672508239746,15.858702708533082,15.568417356812297,15.858702708533082,2105
2022-08-22,15.774672508239746,15.774672508239746,15.774672508239746,15.774672508239746,0
2022-08-23,15.652447700500488,15.684684630007393,15.652447700500488,15.65787224687582,1644
2022-08-24,15.738007545471191,15.767036085833615,15.706000822279835,15.713562842280888,1544
2022-08-25,15.927453994750977,15.927453994750977,15.774672081448744,15.774672081448744,2857
2022-08-26,15.973291397094727,16.00766726207703,15.927457396130524,15.96565215409459,2707
2022-08-29,16.04203987121582,16.04203987121582,15.965648913755148,15.965648913755148,847
2022-08-30,16.171749114990234,16.36440069098264,15.928977508132549,15.928977508132549,3958
2022-08-31,15.881994247436523,15.881994247436523,15.881994247436523,15.881994247436523,340
2022-09-01,15.913315773010254,15.913315773010254,15.811508798277268,15.811508798277268,1258
2022-09-02,15.795846939086914,16.195246320536842,15.341628298289255,16.046450121083858,3185
2022-09-06,15.506085395812988,15.921147831349971,15.310380648530524,15.310380648530524,5117
2022-09-07,15.404278755187988,15.780183519920666,15.404278755187987,15.780183519920666,635
2022-09-08,15.537412643432617,15.662791910905426,15.310302570001804,15.662791910905426,3867
2022-09-09,15.231989860534668,15.497237404122172,15.231989860534668,15.358779190144494,8338
2022-09-12,15.114518165588379,15.64313565068002,15.114518165588379,15.231989713639488,2317
2022-09-13,14.887486457824707,15.083192695936242,14.887486457824707,15.067529624551433,1972
2022-09-14,14.918732643127441,14.942227248959439,14.918732643127441,14.942227248959439,1305
2022-09-15,14.777770042419434,15.529265852970443,14.605479247294358,15.529265852970443,3260
2022-09-16,14.785600662231445,14.793432198108047,14.566323632537564,14.715119826767511,2825
2022-09-19,14.918732643127441,15.192830402983581,14.628973306429259,14.785599530838038,2510
2022-09-20,14.70650577545166,15.091026314339008,14.706505775451662,15.036207050639282,2927
2022-09-21,14.381424903869629,14.7229503832614,14.381424903869629,14.7229503832614,2164
2022-09-22,12.93740177154541,14.096442217613696,12.036873712782041,14.096442217613696,13995
2022-09-23,12.984390258789062,13.359041823156524,12.725955529326635,13.359041823156524,797
2022-09-26,12.232580184936523,13.563910795280394,12.060368532721215,13.563910795280394,2355
2022-09-27,11.934988021850586,13.026600821725596,11.747035631000122,13.026600821725596,8001
2022-09-28,11.590408325195312,11.893403482081617,11.065707354784497,11.55125139144625,21043
2022-09-29,11.18317699432373,11.551250962940603,10.88879683683352,11.512094030644107,15951
2022-09-30,11.606071472167969,11.606071472167969,11.222335137346754,11.472938336110577,1042
2022-10-03,11.480769157409668,11.726438607194229,11.480769157409668,11.726438607194229,1419
2022-10-04,12.169928550720215,12.624147936460322,11.754866845572625,11.754866845572625,4646
2022-10-05,11.55133056640625,12.138603950538323,11.449522830746703,12.138603950538323,4936
2022-10-06,11.534570693969727,11.55125173196524,11.534570693969727,11.55125173196524,1810
2022-10-07,11.378960609436035,11.480768331984622,11.261490562494927,11.472936796360191,2876
2022-10-10,11.198841094970703,11.371131164792033,11.144021085976023,11.363299628241874,4224
2022-10-11,11.237996101379395,11.253658424934168,11.089199919899377,11.253658424934168,4836
2022-10-12,11.222335815429688,11.504264431073853,10.96390106437508,11.300649693203534,4044
2022-10-13,11.230164527893066,11.5120930726247,11.198839134033996,11.316309174291435,4152
2022-10-14,11.159684181213379,11.289684999520736,11.159684181213379,11.289684999520736,650
2022-10-17,11.668721199035645,11.747035064877377,11.363298765336912,11.363298765336912,5667
2022-10-18,12.38920783996582,12.843426534060331,11.997639948721828,11.997639948721828,2344
2022-10-19,12.357880592346191,12.357880592346191,12.357880592346191,12.357880592346191,105
2022-10-20,12.549750328063965,12.960818632634266,12.549750328063965,12.960818632634266,383
2022-10-21,12.545833587646484,12.545833587646484,12.385290090802247,12.530170516010417,1629
2022-10-24,12.671136856079102,13.838008961101579,12.545835253775541,13.26632021387747,7922
2022-10-25,12.843425750732422,12.921739622947404,12.530171755585362,12.530171755585362,2799
2022-10-26,13.41511344909668,13.41511344909668,12.959329406591852,12.959329406591852,1601
2022-10-27,12.600652694702148,13.000052054392334,12.530170366891367,13.000052054392334,7539
2022-10-28,13.375957489013672,13.375957489013672,13.375957489013672,13.375957489013672,301
2022-10-31,13.234992980957031,13.313306849401956,13.214004822389834,13.214004822389834,1425
2022-11-01,13.485596656799316,13.963309927392942,12.655473205921139,13.963309927392942,1550
2022-11-02,13.704874038696289,13.704874038696289,13.60698208127703,13.60698208127703,539
2022-11-03,13.509089469909668,14.01812732510576,13.509089469909668,13.509089469909668,4403
2022-11-04,13.509089469909668,13.509089469909668,13.509089469909668,13.509089469909668,0
2022-11-07,13.704874038696289,13.900657953534807,13.626560174018337,13.744030224178902,5136
2022-11-08,13.665719032287598,13.68138061160428,13.665719032287598,13.68138061160428,1056
2022-11-09,13.797910690307617,13.900658713426235,13.775357120576881,13.775357120576881,2009
2022-11-10,13.595236778259277,14.10427470504529,13.571742168575172,13.720538375815439,13178
2022-11-11,13.516922950744629,14.550661880833928,13.46993522493499,14.464516472088862,4685
2022-11-14,13.477765083312988,13.665718971404402,13.313307298374067,13.313307298374067,3427
2022-11-15,13.744029998779297,13.744029998779297,13.156757430669552,13.469933717470685,4718
2022-11-16,13.744029998779297,13.744029998779297,13.744029998779297,13.744029998779297,0
2022-11-17,13.570176124572754,13.744032363609877,13.532586837891804,13.532586837891804,923
2022-11-18,13.603069305419922,13.603069305419922,13.313308406399862,13.313308406399862,212
2022-11-21,13.603069305419922,13.603069305419922,13.603069305419922,13.603069305419922,0
2022-11-22,13.54041862487793,13.54824866836764,13.54041862487793,13.54041862487793,1807
2022-11-23,13.548248291015625,13.548248291015625,13.548248291015625,13.548248291015625,360
2022-11-25,13.548248291015625,13.548248291015625,13.548248291015625,13.548248291015625,290
2022-11-28,13.458266258239746,13.548247521093199,13.458266258239746,13.548247521093199,4087
2022-11-29,13.926960945129395,13.926960945129395,13.450618389609863,13.450618389609863,578
2022-11-30,13.523283004760742,13.725123049607916,13.52328300476074,13.652460510269547,3515
2022-12-01,13.482915878295898,13.5555784190707,13.079235780621378,13.523283272096403,10916
2022-12-02,13.482915878295898,13.482915878295898,13.337590796746293,13.337590796746293,3096
2022-12-05,13.394104957580566,13.442546135208023,13.124850422559396,13.442546135208023,1986
2022-12-06,13.402177810668945,13.668606578944923,13.394104024973654,13.668606578944923,1785
2022-12-07,13.361810684204102,13.402098002504088,12.917763190497693,13.402098002504088,8465
2022-12-08,13.361810684204102,13.361810684204102,13.361810684204102,13.361810684204102,0
2022-12-09,12.950056076049805,13.119681024844992,12.255725933044095,13.119600949155606,12998
2022-12-12,13.119603157043457,13.119603157043457,12.958212117840818,12.958212117840818,1337
2022-12-13,13.119603157043457,13.119603157043457,13.119603157043457,13.119603157043457,0
2022-12-14,13.20615291595459,13.434473387703362,13.20615291595459,13.434473387703362,1257
2022-12-15,13.151897430419922,13.21648618007558,13.151897430419922,13.21648618007558,1377
2022-12-16,13.081655502319336,13.081655502319336,13.059857973734374,13.059857973734374,717
2022-12-19,13.122265815734863,13.394104318977877,12.861246770729554,13.36180917548782,3172
2022-12-20,13.200339317321777,13.886514166134836,13.200339317321777,13.507135509699955,10251
2022-12-21,13.458693504333496,13.466767290468939,13.200418583365257,13.450619718198054,2141
2022-12-22,13.410253524780273,13.725123512589649,13.410253524780273,13.725123512589649,821
2022-12-23,13.474842071533203,13.474842071533203,13.474842071533203,13.474842071533203,600
2022-12-27,13.260486602783203,13.442546405772443,13.095381289300688,13.369883867910108,3756
2022-12-28,13.087307929992676,13.216567052712936,13.087307929992676,13.216486977010563,494
2022-12-29,12.917762756347656,13.240706517272884,12.804732055044497,12.998499081558293,4995
2022-12-30,12.952157974243164,13.88651521196738,12.925837705030096,13.88651521196738,700
2023-01-03,13.079235076904297,13.079235076904297,13.079235076904297,13.079235076904297,340
2023-01-04,13.079235076904297,13.079235076904297,13.079235076904297,13.079235076904297,0
2023-01-05,13.079235076904297,13.079235076904297,13.079235076904297,13.079235076904297,0
2023-01-06,13.523283004760742,13.52328300476074,13.33355286983085,13.33355286983085,1819
2023-01-09,13.482915878295898,13.878522189226842,13.103617292258038,13.595945812871207,27161
2023-01-10,13.652459144592285,13.902740343989901,13.652459144592285,13.902740343989901,1093
2023-01-11,14.007699966430664,14.007699966430664,13.620167434797313,13.813933700613989,3179
2023-01-12,14.532483100891113,14.532483100891113,13.765490321266043,14.209539339965886,7749
2023-01-13,14.831204414367676,14.928086755520743,14.726246748215297,14.734320533297561,2835
2023-01-17,15.315620422363281,15.331767993816607,14.911940375533195,14.911940375533195,5823
2023-01-18,15.259105682373047,15.529572118408792,14.879646987247598,15.529572118408792,2109
2023-01-19,15.194436073303223,15.194436073303223,15.194436073303223,15.194436073303223,202
2023-01-20,15.259105682373047,15.259105682373045,15.259105682373045,15.259105682373045,308
2023-01-23,15.259105682373047,15.291400825745693,15.041361391275757,15.259025606679007,2291
2023-01-24,15.17836856842041,15.299473809803997,15.097633794054168,15.097633794054168,1708
2023-01-25,15.00083065032959,15.00083065032959,14.960383185661643,14.96845697143999,1023
2023-01-26,15.2550687789917,15.2550687789917,15.025051359633025,15.025051359633025,544
2023-01-27,14.774689674377441,14.93616231537542,14.774689674377441,14.93616231537542,573
2023-01-30,15.194517135620117,15.194517135620117,14.895794755075642,14.895794755075642,817
2023-01-31,15.380208015441895,15.389412099682058,15.218736932763164,15.218736932763164,2604
2023-02-01,15.612164497375488,15.654712410673742,15.33984245309427,15.428652560069912,5436
2023-02-02,15.937288284301758,15.937288284301758,15.735448258097454,15.735448258097454,6307
2023-02-03,16.068405151367188,16.429780647199525,15.743524157971148,15.743524157971148,1734
2023-02-06,16.139131546020508,16.314571267054788,15.783892597507105,15.783892597507105,1536
2023-02-07,15.743521690368652,16.340484435738453,15.428248291039498,15.75966926168248,5978
2023-02-08,15.945362091064453,16.292527182978176,15.945362091064453,16.292527182978176,873
2023-02-09,15.42057991027832,16.249415786269978,15.380210976897818,16.249415786269978,4039
2023-02-10,15.097636222839355,15.85655369540688,14.694036202101639,15.85655369540688,2678
2023-02-13,15.259105682373047,15.27525325405937,15.178369363858621,15.27525325405937,827
2023-02-14,15.162302017211914,15.743440533979124,15.10570544580635,15.531104451537686,1734
2023-02-15,15.097636222839355,15.201542146710656,15.097636222839355,15.148176310597133,2618
2023-02-16,15.12185287475586,15.236739925250806,15.12185287475586,15.138000444810412,1443
2023-02-17,15.12185287475586,15.12185287475586,15.12185287475586,15.12185287475586,0
2023-02-21,15.08786678314209,15.23488731127338,15.08786678314209,15.234078854670267,1600
2023-02-22,15.137922286987305,15.138002362683396,15.137922286987305,15.138002362683396,401
2023-02-23,15.380208015441895,15.380208015441895,15.170295761951252,15.339840629751476,3293
2023-02-24,15.275254249572754,16.171424517645097,15.275254249572756,16.171424517645097,1420
2023-02-27,15.150198936462402,15.520619254828175,15.109363891750043,15.313124353469833,1711
2023-02-28,15.520620346069336,15.744713652166194,15.520620346069336,15.562118696034531,815
2023-03-01,15.769615173339844,15.769615173339844,15.520621882774561,15.537220274567709,749
2023-03-02,15.14712905883789,15.354623977452109,15.14712905883789,15.354623977452109,1384
2023-03-03,15.14712905883789,15.379772478101412,15.14712905883789,15.354623977452109,1231
2023-03-06,15.479039192199707,15.479039192199707,15.147129938895997,15.147129938895997,2109
2023-03-07,15.333874702453613,15.464513611277868,15.333874702453613,15.464513611277868,307
2023-03-08,14.964533805847168,15.360184967031849,14.964533805847168,15.172028720377746,3460
2023-03-09,14.732138633728027,15.142979252736373,14.723838647347394,15.107954038417953,3109
2023-03-10,14.541243553161621,15.188626653879439,14.541243553161621,14.906433451955076,12816
2023-03-13,14.176053047180176,14.831737762394537,13.89385982582977,14.325449644725758,5758
2023-03-14,14.783931732177734,15.147130185929113,14.004165098785723,15.147130185929113,430
2023-03-15,14.635030746459961,14.635030746459961,14.524643933813389,14.557843879816886,722
2023-03-16,14.312999725341797,14.524643839020888,14.192652296455378,14.524643839020888,1526
2023-03-17,14.474846839904785,14.748740085693239,14.17605363247713,14.640841834984055,5954
2023-03-20,14.225852966308594,14.92303611029453,14.225852966308594,14.624244465058274,5319
2023-03-21,14.491443634033203,14.524643579226197,14.483145230795474,14.524643579226197,437
2023-03-22,14.69894027709961,14.939635158974447,14.607643583164933,14.898136805646022,2400
2023-03-23,14.350351333618164,14.732141277272659,14.134390176795042,14.707241313662697,1609
2023-03-24,14.508045196533203,14.566143523927288,14.383548554537208,14.391848541745032,2527
2023-03-27,14.31714916229248,14.640840723730143,14.080605085386406,14.640840723730143,2247
2023-03-28,14.31714916229248,14.31714916229248,14.093054273730756,14.101354260313846,994
2023-03-29,14.31714916229248,14.32544914887557,13.900167841300835,14.32544914887557,795
2023-03-30,14.532946586608887,14.682343204912641,14.117956683792166,14.682343204912641,2373
2023-03-31,14.8981351852417,14.8981351852417,14.458245405726021,14.665740315921251,1577
2023-04-03,14.615941047668457,14.773636029546202,14.615941047668457,14.766000929082448,911
2023-04-04,14.516345977783203,14.516345977783203,14.516345977783203,14.516345977783203,267
2023-04-05,14.516345977783203,14.516345977783203,14.516345977783203,14.516345977783203,0
2023-04-06,14.215229034423828,14.363878443759827,14.215229034423828,14.363878443759827,712
2023-04-10,14.516345977783203,14.516345977783203,14.068157725469646,14.225852741862147,2270
2023-04-11,14.462231636047363,14.73214032193129,14.462231636047363,14.73214032193129,622
2023-04-12,14.026656150817871,14.441645987132368,13.968557827023536,14.441645987132368,5856
2023-04-13,14.42504596710205,14.42504596710205,14.188501887812498,14.192652672676154,1552
2023-04-14,14.259050369262695,14.400146970403243,14.21755043771517,14.400146970403243,3055
2023-04-17,14.259050369262695,14.259050369262695,14.259050369262695,14.259050369262695,1432
2023-04-18,14.034955978393555,14.17605258446326,14.034955978393555,14.17605258446326,1160
2023-04-19,14.222034454345703,14.222034454345703,14.222034454345703,14.222034454345703,156
2023-04-20,14.222034454345703,14.222034454345703,14.222034454345703,14.222034454345703,0
2023-04-21,14.19265365600586,14.19265365600586,14.184353668764075,14.184353668764075,2880
2023-04-24,14.254899978637695,14.254899978637695,14.254899978637695,14.254899978637695,100
2023-04-25,14.254899978637695,14.254899978637695,14.254899978637695,14.254899978637695,0
2023-04-26,14.358649253845215,14.358649253845215,14.358649253845215,14.358649253845215,133
2023-04-27,14.42504596710205,14.42504596710205,14.308849319889102,14.308849319889102,2362
2023-04-28,14.649142265319824,14.832153585323391,14.508045644551025,14.524645619479292,2346
2023-05-01,14.499744415283203,14.640841023968045,14.47492835723539,14.5080444020365,1233
2023-05-02,14.275652885437012,14.46654785538666,14.23415294649526,14.46654785538666,2493
2023-05-03,14.358649253845215,14.358649253845215,13.968559335485663,14.11795594598189,7365
2023-05-04,14.292749404907227,14.292749404907227,14.02665747377156,14.27565234888109,2343
2023-05-05,14.292749404907227,14.292749404907227,14.292749404907227,14.292749404907227,0
2023-05-08,14.109655380249023,14.155304518592484,13.968558763124106,14.155304518592484,2245
2023-05-09,14.109655380249023,14.109655380249023,14.109655380249023,14.109655380249023,0
2023-05-10,14.109655380249023,14.109655380249023,14.109655380249023,14.109655380249023,0
2023-05-11,14.109655380249023,14.109655380249023,14.109655380249023,14.109655380249023,717
2023-05-12,14.109655380249023,14.109655380249023,14.109655380249023,14.109655380249023,0
2023-05-15,14.126253128051758,14.126253128051758,14.026654879814556,14.026654879814556,259
2023-05-16,14.126253128051758,14.126253128051758,14.126253128051758,14.126253128051758,0
2023-05-17,14.267350196838379,14.267350196838379,13.985239316843028,14.130402798845955,3646
2023-05-18,14.234151840209961,14.234151840209961,14.181282362692542,14.181282362692542,1495
2023-05-19,14.234151840209961,14.234151840209961,14.234151840209961,14.234151840209961,0
2023-05-22,14.203027725219727,14.203027725219727,14.203027725219727,14.203027725219727,282
2023-05-23,14.267350196838379,14.267350196838379,13.968557025262548,14.039603197576113,2545
2023-05-24,14.126253128051758,14.126253128051758,13.89385827087192,13.89385827087192,1571
2023-05-25,14.126253128051758,14.199789452093949,14.126253128051758,14.199789452093949,920
2023-05-26,14.267350196838379,14.267350196838379,14.048401847851718,14.126253597267626,2309
2023-05-30,14.70854663848877,14.70854663848877,14.70854663848877,14.70854663848877,0
2023-05-31,14.58875560760498,14.58875560760498,14.58875560760498,14.58875560760498,554
2023-06-01,14.57164478302002,14.57164478302002,14.563088131397022,14.563088131397022,506
2023-06-02,14.75988483428955,14.75988483428955,14.563086761515782,14.563086761515782,3483
2023-06-05,14.961217880249023,14.961217880249023,14.822175164145706,14.822175164145706,379
2023-06-06,14.674321174621582,14.674321174621582,14.674321174621582,14.674321174621582,1210
2023-06-07,14.554533004760742,14.759887769185926,14.554533004760742,14.759887769185926,1401
2023-06-08,14.931015968322754,14.931015968322754,14.588756431983034,14.588756431983034,221
2023-06-09,14.931015968322754,14.931015968322754,14.931015968322754,14.931015968322754,134
2023-06-12,14.931015968322754,14.931015968322754,14.931015968322754,14.931015968322754,0
2023-06-13,14.768442153930664,14.854007033972518,14.597312393846956,14.597312393846956,2088
2023-06-14,14.58875560760498,14.622982212110651,14.58875560760498,14.622982212110651,683
2023-06-15,14.59731388092041,14.59731388092041,14.59731388092041,14.59731388092041,269
2023-06-16,14.605870246887207,14.97379811893185,14.58875694306781,14.871119928029946,2976
2023-06-20,14.879674911499023,14.956683138036988,14.773404668646352,14.913901515300028,3416
2023-06-21,15.059361457824707,15.230404717638132,14.875141314468193,14.93101495640295,3258
2023-06-22,14.982356071472168,15.221937449698546,14.760059360085902,14.760059360085902,5679
2023-06-23,14.973797798156738,14.973797798156738,14.691434819243502,14.691434819243502,600
2023-06-26,14.973797798156738,14.973797798156738,14.731221699357514,14.973797798156738,1073
2023-06-27,14.631624221801758,14.631624221801758,14.631624221801758,14.631624221801758,259
2023-06-28,14.657207489013672,14.657207489013672,14.640095818419779,14.640095818419779,500
2023-06-29,15.029417037963867,15.029417037963867,15.029417037963867,15.029417037963867,121
2023-06-30,14.896788597106934,14.973796825628455,14.896788597106934,14.973796825628455,578
2023-07-03,15.2304048538208,15.2304048538208,15.2304048538208,15.2304048538208,601
2023-07-05,15.011959075927734,15.011959075927734,15.011959075927734,15.011959075927734,222
2023-07-06,15.01315689086914,15.059362483174423,14.905346018176044,15.008024205513104,3917
2023-07-07,15.016578674316406,15.033691976913952,14.828337241786484,14.828337241786484,4284
2023-07-10,15.434051513671875,15.434051513671875,15.179153686630121,15.179153686630121,4990
2023-07-11,15.287649154663086,15.287649154663088,15.136542566493787,15.136542566493787,557
2023-07-12,15.058677673339844,15.273274522735875,15.058677673339844,15.273274522735875,573
2023-07-13,14.72566032409668,15.17444799202021,14.725660324096681,14.956685032980346,1037
2023-07-14,15.067917823791504,15.067917823791504,15.029413710891989,15.029413710891989,662
2023-07-17,15.217312812805176,15.217312812805176,15.217312812805176,15.217312812805176,101
2023-07-18,15.384507179260254,15.384507179260254,15.384507179260254,15.384507179260254,192
2023-07-19,15.384507179260254,15.384507179260254,15.233914679589738,15.233914679589738,390
2023-07-20,14.888232231140137,14.948127158467724,14.819780652477986,14.819780652477986,1851
2023-07-21,15.09350299835205,15.09350299835205,14.999467956865681,14.999467956865681,923
2023-07-24,15.101973533630371,15.410177841180658,14.588757195779902,15.23049141199335,4909
2023-07-25,14.896788597106934,15.358837968236065,14.896788597106934,15.298941410041508,3926
2023-07-26,15.452959060668945,15.453130422187602,14.939571374876252,14.939571374876252,2071
2023-07-27,15.19635009765625,15.19635009765625,15.19635009765625,15.19635009765625,375
2023-07-28,15.350282669067383,15.358839320991676,14.896789909166765,15.153482938837618,4218
2023-07-31,15.127813339233398,15.375522108294714,14.973796881614497,15.36739304485005,1781
2023-08-01,15.127813339233398,15.127813339233398,15.127813339233398,15.127813339233398,0
2023-08-02,15.127813339233398,15.127813339233398,15.127813339233398,15.127813339233398,0
2023-08-03,14.973797798156738,15.2989424036875,14.973797798156738,15.051832568764699,1429
2023-08-04,15.093587875366211,15.187709413695716,15.05936289998287,15.187709413695716,1598
2023-08-07,15.254364013671875,15.38450737416196,15.254364013671875,15.38450737416196,2225
2023-08-08,15.016578674316406,15.401619822689385,15.016578674316406,15.401619822689385,2949
2023-08-09,15.273275375366211,15.273275375366213,15.247605418010773,15.247605418010773,1081
2023-08-10,15.872224807739258,15.989620501171574,15.18770899863473,15.230490624698353,4254
2023-08-11,16.12797737121582,16.248708899008314,15.401704859866284,15.401704859866284,10720
2023-08-14,15.95779037475586,16.077581870486156,15.876504628950777,16.04335526255907,5931
2023-08-15,15.942387580871582,16.043353780106617,15.495741159990233,15.99201550497429,4342
2023-08-16,15.658313751220703,16.170759762790734,15.589862168833406,15.598418820633626,8418
2023-08-17,15.599702835083008,15.649758349284035,15.589861788145113,15.649758349284035,1335
2023-08-18,15.718207359313965,15.722484868402814,15.718207359313965,15.722484868402814,753
2023-08-21,15.641201972961426,15.658313644430706,15.628366179341409,15.628366179341409,523
2023-08-22,15.786660194396973,15.846555118527338,15.658312063244155,15.658312063244155,2211
2023-08-23,15.529967308044434,15.803773638824222,15.529967308044434,15.803773638824222,544
2023-08-24,15.529967308044434,16.22303978683258,15.401620794493217,15.401620794493217,1778
2023-08-25,15.726764678955078,15.940676069012769,15.435846689929857,15.435846689929857,2053
2023-08-28,15.654037475585938,15.786663140924654,15.654037475585938,15.786663140924654,431
2023-08-29,15.666955947875977,15.778104285744847,15.589861221606428,15.589861221606428,5470
2023-08-30,15.918350219726562,16.00639452841343,15.847915108638169,15.847915108638169,1759
2023-08-31,15.918350219726562,15.918350219726562,15.71584948526062,15.71584948526062,977
2023-09-01,16.12965202331543,16.200087118990403,15.997586428837995,15.997586428837995,2424
2023-09-05,16.12965202331543,16.12965202331543,16.12965202331543,16.12965202331543,0
2023-09-06,15.88233757019043,16.279326990002996,15.88233757019043,16.279326990002996,1380
2023-09-07,15.993184089660645,15.993184089660645,15.689431391847883,15.689431391847883,484
2023-09-08,15.921605110168457,16.279327345161402,15.921605110168457,16.279327345161402,951
2023-09-11,16.032804489135742,16.032804489135742,15.953566469210926,15.953566469210926,505
2023-09-12,16.103239059448242,16.164869554987796,16.103239059448242,16.11204197654956,2908
2023-09-13,16.112043380737305,16.112043380737305,16.1032404628688,16.1032404628688,1617
2023-09-14,16.288131713867188,16.288131713867188,16.10324021399248,16.10324021399248,3442
2023-09-15,16.076824188232422,16.631500290062835,16.076824188232422,16.288129449849006,2529
2023-09-18,16.314544677734375,16.80759033170506,16.147260701112057,16.80759033170506,5980
2023-09-19,16.728351593017578,16.85161259369373,16.587481398157635,16.587481398157635,4903
2023-09-20,16.552265167236328,16.87362712540912,16.156068322291308,16.772200437545443,12709
2023-09-21,16.552265167236328,16.552265167236328,16.552265167236328,16.552265167236328,0
2023-09-22,16.552265167236328,16.552265167236328,16.552265167236328,16.552265167236328,0
2023-09-25,16.02400016784668,16.032803085385698,15.90954208817777,16.032803085385698,2507
2023-09-26,16.103239059448242,16.459815977728525,15.795172226308315,15.918345893524531,2913
2023-09-27,15.935956954956055,15.935956954956055,15.935956954956055,15.935956954956055,344
2023-09-28,15.935956954956055,15.935956954956055,15.935956954956055,15.935956954956055,0
2023-09-29,15.935956954956055,15.935956954956055,15.935956954956055,15.935956954956055,0
2023-10-02,15.645413398742676,15.645413398742676,15.592585809240838,15.627804202242062,2041
2023-10-03,15.39017391204834,15.469324612890894,15.39017391204834,15.469324612890894,846
2023-10-04,15.390082359313965,16.622697347668392,15.390082359313965,15.407691552693127,935
2023-10-05,15.900737762451172,15.9975866500831,15.900737762451172,15.9975866500831,388
2023-10-06,15.900737762451172,15.900737762451172,15.900737762451172,15.900737762451172,0
2023-10-09,15.900737762451172,15.900737762451172,15.900737762451172,15.900737762451172,0
2023-10-10,15.900737762451172,15.900737762451172,15.900737762451172,15.900737762451172,0
2023-10-11,15.83910846710205,15.83910846710205,15.83910846710205,15.83910846710205,169
2023-10-12,15.548562049865723,16.332858006602073,15.548562049865723,16.332858006602073,1110
2023-10-13,15.548562049865723,15.548562049865723,15.548562049865723,15.548562049865723,0
2023-10-16,16.006393432617188,16.006393432617188,15.530955205839854,15.759869721032045,3866
2023-10-17,16.006393432617188,16.006393432617188,16.006393432617188,16.006393432617188,0
2023-10-18,15.196474075317383,15.196474075317383,15.196474075317383,15.196474075317383,190
2023-10-19,15.284432411193848,15.548036324823691,15.249214020164588,15.275627813436532,3348
2023-10-20,15.77289867401123,15.77289867401123,15.77289867401123,15.77289867401123,407
2023-10-23,15.478127479553223,15.663020661370558,15.16997329606113,15.663020661370558,5629
2023-10-24,15.478127479553223,15.478127479553223,15.478127479553223,15.478127479553223,0
2023-10-25,15.16997241973877,15.495823102604325,15.16997241973877,15.495735778738972,839
2023-10-26,14.87942886352539,15.23160436670307,14.87942886352539,15.23160436670307,1370
2023-10-27,14.307143211364746,15.011494205432916,14.007793619059465,14.976277495382124,9939
2023-10-30,14.483229637145996,14.509641745914376,14.456815849072633,14.456815849072633,1474
2023-10-31,15.12595272064209,15.12595272064209,14.500839726280713,14.500839726280713,1261
2023-11-01,15.733545303344727,16.719549490614238,15.10341448634447,15.10341448634447,2973
2023-11-02,15.434106826782227,17.194986030687797,15.434106826782227,17.194986030687797,3058
2023-11-03,15.60183048248291,16.455416296510762,15.60183048248291,16.455416296510762,445
2023-11-06,15.23169231414795,15.847911658297717,15.231603310975192,15.847911658297717,1592
2023-11-07,15.23160457611084,15.23160457611084,15.222801657802478,15.23160457611084,819
2023-11-08,15.187582015991211,15.86578451354496,15.029102630613783,15.029102630613783,3147
2023-11-09,15.222801208496094,15.222801208496094,15.187582819080985,15.187582819080985,548
2023-11-10,15.303184509277344,15.303184509277344,15.187582816139967,15.187582816139967,1609
2023-11-13,15.623401641845703,15.623401641845703,15.029103896618565,15.029103896618565,786
2023-11-14,15.623401641845703,15.623401641845703,15.623401641845703,15.623401641845703,0
2023-11-15,15.623401641845703,15.623401641845703,15.623401641845703,15.623401641845703,0
2023-11-16,15.623401641845703,15.623401641845703,15.623401641845703,15.623401641845703,0
2023-11-17,15.962369918823242,16.446612727936767,15.909544010679976,16.349763830252993,3706
2023-11-20,15.971172332763672,15.971172332763672,15.847911337516182,15.9255657645221,1134
2023-11-21,15.627888679504395,16.173674592589492,15.627888679504393,16.138456206003294,2725
2023-11-22,15.971172332763672,16.15606550494002,15.83910674081206,15.83910674081206,5707
2023-11-24,16.138458251953125,16.138458251953125,15.97997885083424,15.97997885083424,761
2023-11-27,16.24419593811035,16.248510072631046,15.891931488855006,15.891931488855006,700
2023-11-28,16.618297576904297,16.63150363362746,16.112044131316228,16.112044131316228,3603
2023-11-29,16.618867874145508,16.799900251354153,16.351843520778775,16.799900251354153,6704
2023-11-30,16.655073165893555,16.87720068205433,16.618867382111436,16.87720068205433,1700
2023-12-01,16.425884246826172,17.198083806972033,16.302058430145053,17.198083806972033,1847
2023-12-04,16.51938819885254,16.51938819885254,16.38352371222557,16.38352371222557,819
2023-12-05,17.28868865966797,17.59644555311989,16.519296426038164,16.864073992145954,8827
2023-12-06,17.306793212890625,17.333947117029833,17.13481100531004,17.13481100531004,988
2023-12-07,17.017139434814453,17.288690579079987,16.935674264181703,16.935674264181703,2240
2023-12-08,17.017139434814453,17.017139434814453,17.017139434814453,17.017139434814453,0
2023-12-11,17.130287170410156,17.288692453355115,16.854302423593598,17.09860645911502,2080
2023-12-12,17.28868865966797,17.28868865966797,17.10765458358958,17.1257583364912,3722
2023-12-13,17.424467086791992,17.424467086791992,17.152917640962162,17.152917640962162,5200
2023-12-14,17.41541290283203,17.424464780023914,17.216276784017754,17.29321515044519,12099
2023-12-15,17.514982223510742,17.514982223510742,17.225329052664172,17.225329052664172,5004
2023-12-18,17.422019958496094,17.605498728071627,17.20722476720565,17.51498168335631,6765
2023-12-19,17.605499267578125,17.732222098181474,17.33847492704316,17.51489071722765,8867
2023-12-20,17.904203414916992,18.012822485263545,17.451619926712034,17.451619926712034,5994
2023-12-21,17.75937843322754,18.046315879507922,17.52684030339821,17.52684030339821,3636
2023-12-22,17.75937843322754,17.75937843322754,17.75937843322754,17.75937843322754,0
2023-12-26,17.68696403503418,18.02187485871007,17.41541289874852,18.02187485871007,1462
2023-12-27,17.650758743286133,17.755577871428383,17.650758743286133,17.755577871428383,600
2023-12-28,17.822738647460938,17.96729417316924,17.686963943257158,17.686963943257158,5940
2023-12-29,17.822738647460938,17.822738647460938,17.822738647460938,17.822738647460938,0
2024-01-02,17.324893951416016,17.804633030993894,17.23446841877351,17.78652927860178,1249
2024-01-03,17.967565536499023,17.967565536499023,17.39730935202097,17.39730935202097,3570
2024-01-04,17.831790924072266,17.922306244589823,17.632653075407866,17.877048584331046,3274
2024-01-05,17.83188247680664,17.94946366468213,17.83179270040594,17.94946366468213,498
2024-01-08,17.83188247680664,17.83188247680664,17.83188247680664,17.83188247680664,0
2024-01-09,17.741273880004883,17.98793106345324,17.741273880004883,17.92230624753886,4293
2024-01-10,17.741273880004883,17.741273880004883,17.741273880004883,17.741273880004883,0
2024-01-11,17.650758743286133,17.75032767841073,17.650758743286133,17.732223921757303,3413
2024-01-12,17.877050399780273,17.920317445592655,17.877050399780273,17.877050399780273,695
2024-01-16,17.877050399780273,17.877050399780273,17.79151248091134,17.79151248091134,3695
2024-01-17,17.804636001586914,17.92230695883061,17.804636001586914,17.83179163470583,6921
2024-01-18,17.958515167236328,17.98567080141008,17.958515167236328,17.98567080141008,815
2024-01-19,17.867998123168945,17.96756705539279,17.831792337386137,17.96756705539279,1332
2024-01-22,17.831790924072266,17.967565631317676,17.782006461906164,17.967565631317676,2718
2024-01-23,17.886098861694336,17.886098861694336,17.774309999269025,17.867905332238923,2828
2024-01-24,17.813688278198242,17.967566749712994,17.69601559185034,17.877049697092108,24417
2024-01-25,17.84084129333496,17.895152558073196,17.84084129333496,17.84084129333496,5344
2024-01-26,17.841114044189453,17.922306432568693,17.786531723899206,17.91126393626705,9191
2024-01-29,17.967565536499023,17.967565536499023,17.659808614250025,17.659808614250025,4310
2024-01-30,17.967472076416016,17.967472076416016,17.77811124373416,17.828166755827823,713
2024-01-31,17.822738647460938,17.967565228807505,17.741273479644864,17.857677201292454,8535
2024-02-01,17.769784927368164,17.967472524362826,17.650755254280764,17.899675816419144,6215
2024-02-02,17.831790924072266,17.96068565206494,17.804635292035556,17.96068565206494,1949
2024-02-05,17.967565536499023,17.967565536499023,17.505930153125526,17.65075673695222,1411
2024-02-06,17.877050399780273,17.967567455959088,17.650758622567867,17.967567455959088,1893
2024-02-07,17.741273880004883,17.958513756927097,17.621791861374213,17.822739049659347,5510
2024-02-08,17.84491539001465,17.854148546534184,17.732311625146092,17.732311625146092,2226
2024-02-09,17.75032615661621,17.863199254176287,17.734304523263134,17.768428185248432,1526
2024-02-12,17.78653335571289,17.87705041195334,17.77748147744192,17.78653335571289,2125
2024-02-13,17.61454963684082,17.801104982255055,17.61454963684082,17.801104982255055,1963
2024-02-14,17.886098861694336,17.896689022035908,17.72316853698698,17.896689022035908,2430
2024-02-15,17.901397705078125,18.01282402352603,17.783182909962466,17.783182909962466,33357
2024-02-16,17.804636001586914,17.904113427022665,17.668861288930604,17.895153052180834,8860
2024-02-20,17.89515495300293,17.89515495300293,17.750328347256843,17.80364171999412,2686
2024-02-21,17.732311248779297,17.904203683903212,17.732311248779297,17.904203683903212,4513
2024-02-22,17.886098861694336,17.89515073823018,17.75032416659451,17.84989135555096,8696
2024-02-23,18.039979934692383,18.04903181254528,17.786532534218775,17.786532534218775,16384
2024-02-26,18.049030303955078,18.049030303955078,17.86799621496683,17.9856688907499,2890
2024-02-27,18.0128231048584,18.04903061386536,17.962496531925304,17.962496531925304,6796
2024-02-28,18.296829223632812,18.296829223632812,18.11097956873972,18.296829223632812,5006
2024-02-29,18.19061851501465,18.306123648887702,18.12027397607301,18.306123648887702,2953
2024-03-01,18.121200561523438,18.306121478039252,18.121200561523438,18.214125386911206,4826
2024-03-04,18.222490310668945,18.287537160285602,18.129565480190696,18.129565480190696,4400
2024-03-05,18.241071701049805,18.397742425619256,18.129655500044265,18.129655500044265,5388
2024-03-06,18.213102340698242,18.28688531341182,17.73928127299517,18.28688531341182,10546
2024-03-07,17.93451690673828,18.210223381732682,17.914722813853807,17.914722813853807,3902
2024-03-08,18.16673469543457,18.194148309663714,18.036640993720017,18.110980505041727,6431
2024-03-11,18.1573486328125,18.1573486328125,17.841499224995516,17.850790112432886,1165
2024-03-12,18.073810577392578,18.157348807418643,18.056153991825784,18.056153991825784,1104
2024-03-13,18.138856887817383,18.138856887817383,17.92977647677874,18.073810042692827,4043
2024-03-14,18.01805305480957,18.16515285324284,18.01805305480957,18.16515285324284,2426
2024-03-15,18.20390510559082,18.213197765936975,18.008762783109024,18.213197765936975,2181
2024-03-18,18.315412521362305,18.668526506363538,18.185318828147977,18.278243654326914,5148
2024-03-19,18.41762924194336,18.445507220356497,18.222488710232103,18.27824289466481,1975
2024-03-20,18.389753341674805,18.389753341674805,18.166733055448876,18.166733055448876,896
2024-03-21,18.41762924194336,18.444948916382934,18.38975303592379,18.38975303592379,1361
2024-03-22,18.399044036865234,18.399044036865234,18.377578578244155,18.377578578244155,2021
2024-03-25,18.399044036865234,18.399044036865234,18.16673286583212,18.16673286583212,7707
2024-03-26,18.352582931518555,18.42692243705428,18.248786244045352,18.42692243705428,1504
2024-03-27,18.25259780883789,18.352583855063106,18.129565327233127,18.352583855063106,4591
2024-03-28,18.278335571289062,18.278335571289062,18.25965808735815,18.25965808735815,554
2024-04-01,18.371170043945312,18.371170043945312,18.148151505572528,18.148151505572528,472
2024-04-02,18.212919235229492,18.212919235229492,18.212919235229492,18.212919235229492,275
2024-04-03,18.371074676513672,18.371074676513672,18.22248959937312,18.22248959937312,715
2024-04-04,18.241071701049805,18.380459816475337,18.130770335563856,18.3711671572874,2154
2024-04-05,18.259658813476562,18.373306469080923,18.222489945466407,18.222489945466407,1503
2024-04-08,18.380367279052734,18.380461215916068,18.2596584096688,18.371168556020613,3621
2024-04-09,18.380460739135742,18.380460739135742,18.259751872882934,18.259751872882934,3096
2024-04-10,18.343292236328125,18.38046287927374,18.208551314240985,18.30612336577632,1650
2024-04-11,18.237354278564453,18.306119599386967,18.231780101184516,18.306119599386967,988
2024-04-12,18.259658813476562,18.314578204262055,18.259658813476562,18.259658813476562,704
2024-04-15,18.191360473632812,18.25501422348521,18.129565964845046,18.25501422348521,3215
2024-04-16,18.120086669921875,18.259566965935267,18.120086669921875,18.213197601491046,1389
2024-04-17,18.120086669921875,18.120086669921875,18.120086669921875,18.120086669921875,0
2024-04-18,18.24032974243164,18.24032974243164,18.24032974243164,18.24032974243164,152
2024-04-19,18.2519474029541,18.2519474029541,18.157071167462373,18.157071167462373,561
2024-04-22,18.318572998046875,18.318572998046875,18.138857597147222,18.138857597147222,999
2024-04-23,18.324705123901367,18.324705123901367,18.300359524931306,18.300359524931306,1368
2024-04-24,18.343292236328125,18.343292236328125,18.343292236328125,18.343292236328125,246
2024-04-25,18.343292236328125,18.343292236328125,18.343292236328125,18.343292236328125,0
2024-04-26,18.343292236328125,18.343292236328125,18.343292236328125,18.343292236328125,0
2024-04-29,18.278242111206055,18.296827429351524,18.171935722015977,18.17602463379946,552
2024-04-30,18.157442092895508,18.157442092895508,18.157442092895508,18.157442092895508,525
2024-05-01,18.21319580078125,18.26002952774915,18.21319580078125,18.26002952774915,821
2024-05-02,18.33399772644043,18.343290386239584,18.25965822044083,18.343290386239584,9287
2024-05-03,18.465301513671875,18.49197072252395,18.063960671479837,18.343291699877238,4124
2024-05-06,18.519847869873047,18.538433189965332,18.519847869873047,18.538433189965332,678
2024-05-07,18.538339614868164,18.538339614868164,18.51036946971273,18.51036946971273,443
2024-05-08,18.538339614868164,18.538339614868164,18.5128791792077,18.5128791792077,1268
2024-05-09,18.519847869873047,18.538433189965332,18.460375200056472,18.460375200056472,3971
2024-05-10,18.53843116760254,18.53843116760254,18.40833571354237,18.538337230747928,3993
2024-05-13,18.631357192993164,18.631357192993164,18.501263490519612,18.538434132594208,2980
2024-05-14,18.713687896728516,18.713687896728516,18.631264499344336,18.631264499344336,1433
2024-05-15,18.724281311035156,18.724281311035156,18.724281311035156,18.724281311035156,511
2024-05-16,18.724281311035156,18.724281311035156,18.724281311035156,18.724281311035156,0
2024-05-17,18.399044036865234,19.049516024715388,18.399044036865234,19.049516024715388,3704
2024-05-20,18.5477237701416,19.205164835259566,18.501262243074784,19.07553550869312,4232
2024-05-21,18.649940490722656,18.817204817124512,18.55701566801123,18.817204817124512,529
2024-05-22,18.58489418029785,18.659233686123297,18.51984733424979,18.659233686123297,2638
2024-05-23,18.5477237701416,18.58480224524032,18.5477237701416,18.553577986358192,1486
2024-05-24,18.5477237701416,18.5477237701416,18.5477237701416,18.5477237701416,0
2024-05-28,18.582569122314453,18.752157048330442,18.547722093966676,18.584892730175902,3474
2024-05-29,18.649940490722656,18.649940490722656,18.584893646542728,18.584893646542728,2665
2024-05-30,18.752159118652344,18.752159118652344,18.612772762265845,18.64297257822492,766
2024-05-31,18.74799156188965,18.871962006802033,18.700311740842476,18.871962006802033,1912
2024-06-03,18.786136627197266,18.833816447618496,18.786136627197266,18.833816447618496,992
2024-06-04,19.057628631591797,19.057628631591797,18.738740951164214,18.738740951164214,487
2024-06-05,19.072219848632812,19.692066629939653,18.976858385615923,18.976858385615923,11451
2024-06-06,19.54902458190918,19.54902458190918,18.824280037681493,18.824280037681493,27354
2024-06-07,19.357826232910156,19.549025706055858,19.118279412012495,19.118279412012495,8724
2024-06-10,19.11036491394043,19.119899423136903,19.072219601680143,19.081755929745214,1091
2024-06-11,19.081754684448242,19.081754684448242,19.081754684448242,19.081754684448242,120
2024-06-12,19.364215850830078,19.364215850830078,19.148508942163776,19.148508942163776,348
2024-06-13,19.339231491088867,19.35830232850838,19.339231491088867,19.339231491088867,3141
2024-06-14,19.234333038330078,19.282012858540654,19.119898923408726,19.262942021777555,4415
2024-06-17,19.30108642578125,19.3130072908312,19.23433394678624,19.310622754047483,4664
2024-06-18,19.30108642578125,19.30108642578125,19.30108642578125,19.30108642578125,0
2024-06-20,19.30108642578125,19.30108642578125,19.30108642578125,19.30108642578125,0
2024-06-21,19.291549682617188,19.310622338739467,19.129435743315003,19.13897207137614,3637
2024-06-24,19.31062126159668,19.320157589125884,19.239099714561885,19.239099714561885,8715
2024-06-25,19.224796295166016,19.549024158424984,19.224796295166016,19.549024158424984,3313
2024-06-26,19.215261459350586,19.215261459350586,19.177117964818613,19.215261459350586,1813
2024-06-27,19.11989974975586,19.173112570400093,19.11989974975586,19.173112570400093,1390
2024-06-28,19.100828170776367,19.30451962302556,19.072219187202883,19.119899007623463,3158
2024-07-01,19.072219848632812,19.129435998895495,18.94825121991889,19.129435998895495,4205
2024-07-02,19.333126068115234,19.52995128422584,18.929177202493054,18.929177202493054,1160
2024-07-03,19.167579650878906,19.45976631884211,19.167579650878906,19.45976631884211,628
2024-07-05,19.272478103637695,19.272478103637695,19.272478103637695,19.272478103637695,634
2024-07-08,19.307950973510742,19.307950973510742,19.307950973510742,19.307950973510742,363
2024-07-09,19.520416259765625,19.520416259765625,19.520416259765625,19.520416259765625,205
2024-07-10,19.55112075805664,19.596417858198414,19.528615898594136,19.596417858198414,1043
2024-07-11,19.503726959228516,19.503726959228516,19.501344241489395,19.501438822651558,2621
2024-07-12,19.501344680786133,19.52041551747121,19.501344680786133,19.52041551747121,443
2024-07-15,19.644386291503906,19.64800947770499,19.644386291503906,19.64800947770499,948
2024-07-16,20.34996223449707,20.3691312908269,19.6920665433654,19.6920665433654,1177
2024-07-17,20.502635955810547,22.180991489527177,20.502635955810547,20.502635955810547,14086
2024-07-18,20.502635955810547,20.502635955810547,20.502635955810547,20.502635955810547,0
2024-07-19,20.502635955810547,20.502635955810547,20.502635955810547,20.502635955810547,601
2024-07-22,20.502635955810547,21.3132056480698,20.47860506401522,20.493099627799428,2976
2024-07-23,20.07732582092285,20.5026354911418,20.07732582092285,20.5026354911418,1101
2024-07-24,20.216552734375,20.39773750409613,20.197480078972188,20.39773750409613,350
2024-07-25,19.882789611816406,20.07360711955449,19.491809249330814,20.07360711955449,5667
2024-07-26,20.121191024780273,20.121191024780273,19.835106653918793,19.835106653918793,1106
2024-07-29,20.121191024780273,20.121191024780273,20.08304571445134,20.11165469719804,1575
2024-07-30,20.03536605834961,20.21655264614856,20.025924311852954,20.21655264614856,1247
2024-07-31,20.03536605834961,20.03536605834961,20.03536605834961,20.03536605834961,0
2024-08-01,20.283306121826172,20.311913287348705,20.0258307189117,20.054439703302844,2702
2024-08-02,19.758817672729492,20.273768444283565,19.758817672729492,20.12491042815323,2334
2024-08-05,19.81842041015625,19.892326501192823,19.625314760236947,19.796965035217962,3290
2024-08-06,20.264232635498047,20.264232635498047,19.93046844008084,19.972427918362047,3217
2024-08-07,20.34052276611328,20.34052276611328,20.063976519085237,20.273770286446812,2466
2024-08-08,20.216552734375,20.33098502905482,20.11165494852806,20.33098502905482,950
2024-08-09,20.22608757019043,20.350058013444336,20.22608757019043,20.288072791817385,1001
2024-08-12,19.89232635498047,20.187945260347874,19.87325369815195,19.87325369815195,2199
2024-08-13,19.85417938232422,19.85417938232422,19.835106727089393,19.835106727089393,1144
2024-08-14,19.878116607666016,19.878116607666016,19.878116607666016,19.878116607666016,1116
2024-08-15,20.149703979492188,20.1497985606563,20.02582993753562,20.02582993753562,1428
2024-08-16,20.121191024780273,20.121191024780273,19.873251964247725,19.873251964247725,1654
2024-08-19,19.981964111328125,20.175737269615787,19.90186114149672,20.1593347132593,6165
2024-08-20,20.02583122253418,20.1974814954606,20.02583122253418,20.1974814954606,1162
2024-08-21,20.349294662475586,20.349294662475586,19.978150884780007,19.978150884780007,7644
2024-08-22,20.254697799682617,20.264234128124798,20.20701797634038,20.20701797634038,1038
2024-08-23,20.474027633666992,20.474027633666992,20.33727963213383,20.340522674932515,3550
2024-08-26,20.741132736206055,21.07480235119561,20.502635417627644,20.502635417627644,3333
2024-08-27,20.855375289916992,20.9603676546647,20.59799630416368,20.741037578864912,1315
2024-08-28,20.512266159057617,20.741037985678904,20.512266159057617,20.741037985678904,1237
2024-08-29,20.512266159057617,20.512266159057617,20.512266159057617,20.512266159057617,0
2024-08-30,20.869403839111328,20.976876090476065,20.86930507145822,20.976876090476065,2389
2024-09-03,20.95733642578125,20.967105105530038,20.794366074504783,20.794366074504783,595
2024-09-04,20.884057998657227,20.884057998657227,20.817033898874055,20.817033898874055,1799
2024-09-05,20.938772201538086,20.938772201538086,20.78147073796489,20.859633222109547,926
2024-09-06,20.810779571533203,20.810779571533203,20.810779571533203,20.810779571533203,169
2024-09-09,20.95733642578125,20.95733642578125,20.888942622755618,20.947565882491872,1217
2024-09-10,21.18136978149414,21.18136978149414,21.18136978149414,21.18136978149414,514
2024-09-11,21.18136978149414,21.18136978149414,21.18136978149414,21.18136978149414,0
2024-09-12,21.250444412231445,21.250444412231445,21.250444412231445,21.250444412231445,290
2024-09-13,21.309066772460938,21.309066772460938,21.309066772460938,21.309066772460938,414
2024-09-16,21.39699935913086,21.406769902267982,21.30906633443732,21.30906633443732,4528
2024-09-17,21.5924072265625,21.777945057725127,21.43608225815178,21.43608225815178,4102
2024-09-18,21.73896026611328,21.73896026611328,21.54355313628258,21.56798042516679,3913
2024-09-19,22.03207015991211,22.03207015991211,21.71942022793647,21.846435427514443,3549
2024-09-20,22.071151733398438,22.071151733398438,22.071151733398438,22.071151733398438,352
2024-09-23,22.071151733398438,22.071151733398438,22.071151733398438,22.071151733398438,0
2024-09-24,21.826990127563477,21.934367330899956,21.79758159500789,21.826893223457724,1231
2024-09-25,22.06138038635254,22.10534689671082,21.92459651570032,21.92459651570032,3910
2024-09-26,22.032852172851562,22.051610571863186,21.96367754824283,22.051610571863186,1729
2024-09-27,22.15908432006836,22.37403067233392,21.856204945616774,22.178625405785365,4075
2024-09-30,22.082094192504883,22.178625591380666,22.0125300884772,22.178625591380666,678
2024-10-01,22.080923080444336,22.159085564160186,21.983219509914374,22.159085564160186,1547
2024-10-02,22.51853370666504,22.54012655083726,22.325180194976664,22.44649854730737,1820
2024-10-03,22.422883987426758,22.469291737822473,22.26655902458313,22.26655902458313,1515
2024-10-04,22.471637725830078,22.471637725830078,22.325180211581234,22.413113235303364,1679
2024-10-07,22.37403106689453,22.461964090631234,22.338566026951895,22.461964090631234,679
2024-10-08,22.47173500061035,22.47173500061035,22.47173500061035,22.47173500061035,1646
2024-10-09,22.47173500061035,22.47173500061035,22.47173500061035,22.47173500061035,0
2024-10-10,22.393474578857422,22.403438929805855,22.29313224169293,22.295379671512233,2885
2024-10-11,22.520586013793945,22.65737175589479,22.374031591973576,22.38380213523368,1920
2024-10-14,22.667043685913086,22.66714245356449,22.49704033181852,22.520586167205195,1671
2024-10-15,22.755075454711914,22.755075454711914,22.56943885879258,22.715993281448647,964
2024-10-16,22.906513214111328,22.970605962832437,22.52058515597017,22.52058515597017,3094
2024-10-17,23.330936431884766,23.330936431884766,22.907100232651754,22.940709185733795,7238
2024-10-18,23.224050521850586,23.351063858800508,23.155658581682122,23.205974177991347,2645
2024-10-21,23.00910186767578,23.126346522604802,22.91140016269893,23.123610845048802,5247
2024-10-22,22.999332427978516,22.999332427978516,22.950479713563897,22.960250256446823,1547
2024-10-23,22.69645118713379,22.96025025432684,22.501045920114887,22.603046809805416,2871
2024-10-24,22.69645118713379,22.69645118713379,22.69645118713379,22.69645118713379,0
2024-10-25,22.51081657409668,22.599921763913493,22.51081657409668,22.569437968137617,2975
2024-10-28,22.32645034790039,22.584094156969453,22.203052278354075,22.510817876065293,5520
2024-10-29,22.42806053161621,22.569438033341243,22.11375019650188,22.170124160842274,1175
2024-10-30,22.15908432006836,22.247017342254384,21.47213297497939,22.03206912644832,12806
2024-10-31,22.12977409362793,22.374032089945104,21.690110818381388,22.227477664862924,22352
2024-11-01,21.96367835998535,22.00764487342046,21.836665023139812,21.897142506313195,7989
2024-11-04,21.846435546875,22.234413518725923,21.80735337339422,21.96367834023614,63992
2024-11-05,21.885515213012695,22.149314285626023,21.871739921296523,21.969344720934803,53272
2024-11-06,21.846435546875,21.90505694355557,21.699879259862676,21.797094582386606,23026
2024-11-07,21.973447799682617,22.13954330170144,21.90984329857294,22.120002215924988,5417
2024-11-08,21.973447799682617,22.374030740397334,21.973447799682617,22.154198184263524,3653
2024-11-11,22.168855667114258,22.41311365681592,21.983219073149634,22.061381555312543,6475
2024-11-12,21.895286560058594,22.178626729241316,21.885516016617057,22.178626729241316,7031
2024-11-13,21.920394897460938,21.99298911875567,21.826893614974942,21.826893614974942,6102
2024-11-14,21.934368133544922,22.393572481486377,21.83666456534403,22.02230115857167,31682
2024-11-15,21.86597442626953,22.16885567536148,21.69011023899299,21.69011023899299,7392
2024-11-18,21.787811279296875,22.080921976228986,21.787811279296875,22.080921976228986,16688
2024-11-19,21.826601028442383,21.87564755159274,21.81194428219148,21.87564755159274,2750
2024-11-20,21.826894760131836,21.846435847140807,21.74873227563658,21.826894760131836,5806
2024-11-21,21.826894760131836,21.934368875140546,21.758502819141068,21.934368875140546,10825
2024-11-22,21.758403778076172,22.03695650971477,21.690110605596765,21.758502545728135,11613
2024-11-25,21.983219146728516,22.14443031497067,21.836664725125107,21.983219146728516,8623
2024-11-26,21.953907012939453,22.0320694935694,21.944136469918142,21.983218642003383,3221
2024-11-27,21.934268951416016,22.188394382629347,21.74882803345171,22.080922136825713,9845
2024-11-29,21.860000610351562,21.979999542236328,21.825000762939453,21.979999542236328,11614
2024-12-02,22.200000762939453,22.239599227905273,21.84830093383789,21.940000534057617,14292
2024-12-03,22.199899673461914,22.200000762939453,22.098800659179688,22.173799514770508,4472
2024-12-04,22.280000686645508,22.299999237060547,22.024200439453125,22.079999923706055,6853
2024-12-05,22.278200149536133,22.395999908447266,22.110000610351562,22.185199737548828,2974
2024-12-06,22.1299991607666,22.260000228881836,22.036699295043945,22.260000228881836,2680
2024-12-09,22.041099548339844,22.25,22.000099182128906,22.020000457763672,3720
2024-12-10,22.136600494384766,22.143999099731445,22.0,22.0,4824
2024-12-11,22.199899673461914,22.199899673461914,22.020000457763672,22.139999389648438,4554
2024-12-12,22.110000610351562,22.200000762939453,22.03510093688965,22.200000762939453,1184
2024-12-13,22.020000457763672,22.09510040283203,21.860000610351562,22.040000915527344,15324
2024-12-16,22.170000076293945,22.170000076293945,21.850000381469727,21.850000381469727,6421
2024-12-17,22.260000228881836,22.260000228881836,21.96500015258789,22.229999542236328,3169
2024-12-18,22.18000030517578,22.25,22.025239944458008,22.025239944458008,2663
2024-12-19,22.152000427246094,22.15250015258789,22.010000228881836,22.125,1975
2024-12-20,22.350000381469727,22.350000381469727,22.015499114990234,22.015499114990234,1162
2024-12-23,22.280000686645508,22.280000686645508,22.239999771118164,22.260000228881836,2105
2024-12-24,22.240999221801758,22.5,21.900100708007812,22.360000610351562,7537
2024-12-26,22.091299057006836,22.512699127197266,22.040000915527344,22.040000915527344,3234
2024-12-27,22.010000228881836,22.5,22.010000228881836,22.5,473
2024-12-30,21.550100326538086,22.25,21.550100326538086,22.25,3472
2024-12-31,21.8439998626709,21.950000762939453,21.8439998626709,21.848100662231445,3316
2025-01-02,21.760000228881836,21.97879981994629,21.760000228881836,21.8799991607666,3204
2025-01-03,21.969999313354492,21.969999313354492,21.809999465942383,21.969999313354492,3090
2025-01-06,22.165000915527344,22.165000915527344,21.899999618530273,21.899999618530273,1750
2025-01-07,22.125,22.375,22.020000457763672,22.040000915527344,4001
2025-01-08,22.249900817871094,22.249900817871094,22.06999969482422,22.127500534057617,1293
2025-01-10,22.0049991607666,22.25,21.950000762939453,22.25,3443
