Date,Close,High,Low,Open,Volume
2021-06-24,1331.199951171875,1431.199951171875,1312.0,1360.0,162425
2021-06-25,1380.0,1434.4000244140625,1328.9599609375,1345.5999755859375,34093
2021-06-28,1379.199951171875,1416.0,1360.0,1416.0,16569
2021-06-29,1388.0,1409.5999755859375,1368.0,1368.0,15570
2021-06-30,1372.800048828125,1416.800048828125,1358.4000244140625,1415.199951171875,34831
2021-07-01,1348.0,1406.4000244140625,1334.4000244140625,1396.800048828125,19741
2021-07-02,1336.0,1356.0,1326.0,1338.4000244140625,11653
2021-07-06,1336.0,1344.800048828125,1327.199951171875,1337.5999755859375,10606
2021-07-07,1320.0,1360.0,1320.0,1337.5999755859375,10748
2021-07-08,1280.0,1335.199951171875,1264.0,1320.0,18711
2021-07-09,1320.0,1328.0,1287.280029296875,1292.0,7676
2021-07-12,1300.0,1340.0,1300.0,1320.0,12076
2021-07-13,1304.0,1322.9599609375,1281.5999755859375,1300.800048828125,10700
2021-07-14,1278.4000244140625,1314.4000244140625,1272.800048828125,1307.199951171875,13379
2021-07-15,1191.199951171875,1286.4000244140625,1184.800048828125,1278.4000244140625,24321
2021-07-16,1100.0,1205.5999755859375,1076.0,1192.800048828125,25175
2021-07-19,1004.0,1072.800048828125,987.2000122070312,1064.0,27114
2021-07-20,964.0,1021.5999755859375,931.2000122070312,1012.7999877929688,34886
2021-07-21,990.4000244140625,1001.5999755859375,956.0,974.4000244140625,21568
2021-07-22,1029.5999755859375,1037.5999755859375,946.4000244140625,983.2000122070312,13199
2021-07-23,1004.0,1039.199951171875,983.5999755859375,1028.0,6475
2021-07-26,992.0,1036.800048828125,960.7999877929688,1006.4000244140625,4665
2021-07-27,1003.2000122070312,1038.4000244140625,980.7999877929688,988.0,6039
2021-07-28,980.0,1008.0,970.4000244140625,1002.4000244140625,6080
2021-07-29,929.5999755859375,1004.7999877929688,921.5999755859375,993.5999755859375,10038
2021-07-30,886.4000244140625,930.7999877929688,882.4000244140625,924.7999877929688,5703
2021-08-02,873.5999755859375,900.0,818.4000244140625,895.2000122070312,23355
2021-08-03,679.2000122070312,884.0,638.4000244140625,880.0,93129
2021-08-04,754.4000244140625,771.2000122070312,667.2000122070312,688.7999877929688,84090
2021-08-05,716.7999877929688,775.2000122070312,675.2000122070312,761.5999755859375,36283
2021-08-06,713.5999755859375,730.4000244140625,668.0,692.7999877929688,20533
2021-08-09,711.2000122070312,751.2000122070312,708.0,732.0,16880
2021-08-10,685.5999755859375,715.2000122070312,664.7999877929688,713.5999755859375,13610
2021-08-11,675.2000122070312,690.4000244140625,669.5999755859375,688.7999877929688,8166
2021-08-12,720.7999877929688,784.0,680.7999877929688,691.2000122070312,41253
2021-08-13,672.0,720.7999877929688,669.5999755859375,720.0,17581
2021-08-16,791.2000122070312,795.2000122070312,684.7999877929688,701.5999755859375,50714
2021-08-17,760.0,794.4000244140625,736.7999877929688,792.0,28519
2021-08-18,746.4000244140625,760.4000244140625,732.7999877929688,760.0,17259
2021-08-19,748.7999877929688,757.2000122070312,727.2000122070312,736.0,12255
2021-08-20,792.0,800.7999877929688,753.5999755859375,756.7999877929688,15901
2021-08-23,824.7999877929688,854.4000244140625,793.5999755859375,814.4000244140625,16690
2021-08-24,819.2000122070312,840.0,806.0,835.2000122070312,11285
2021-08-25,816.7999877929688,826.7999877929688,807.2000122070312,825.5999755859375,7213
2021-08-26,830.4000244140625,842.4000244140625,808.0,828.0,10353
2021-08-27,796.7999877929688,837.1199951171875,788.0,829.5999755859375,13970
2021-08-30,789.5999755859375,798.4000244140625,784.0,792.0,16370
2021-08-31,740.7999877929688,788.7999877929688,728.7999877929688,788.7999877929688,19554
2021-09-01,768.0,784.0,740.7999877929688,744.0,26331
2021-09-02,776.7999877929688,784.7999877929688,756.0,768.7999877929688,12024
2021-09-03,807.2000122070312,813.5999755859375,768.0,768.0,12295
2021-09-07,812.7999877929688,833.5999755859375,798.4000244140625,816.0,18908
2021-09-08,757.5999755859375,809.5999755859375,749.5999755859375,803.2000122070312,18794
2021-09-09,773.5999755859375,781.9199829101562,752.8800048828125,757.5999755859375,7548
2021-09-10,772.0,793.5999755859375,766.7999877929688,784.0,10331
2021-09-13,790.4000244140625,820.7999877929688,780.0,797.5999755859375,18006
2021-09-14,804.7999877929688,823.2000122070312,785.5999755859375,785.5999755859375,11963
2021-09-15,825.5999755859375,833.5999755859375,792.7999877929688,799.2000122070312,13504
2021-09-16,820.7999877929688,828.7999877929688,784.7999877929688,822.4000244140625,12699
2021-09-17,748.7999877929688,815.2000122070312,748.0,815.2000122070312,90055
2021-09-20,716.0,727.2000122070312,692.7999877929688,719.2000122070312,29813
2021-09-21,735.2000122070312,743.2000122070312,707.2000122070312,728.0,16634
2021-09-22,721.5999755859375,752.0,720.4000244140625,740.0,14648
2021-09-23,709.5999755859375,725.5999755859375,705.5999755859375,723.2000122070312,11986
2021-09-24,692.0,710.4000244140625,692.0,710.4000244140625,9828
2021-09-27,704.7999877929688,717.5999755859375,680.7999877929688,688.7999877929688,11035
2021-09-28,680.7999877929688,701.5999755859375,661.5999755859375,700.0,15988
2021-09-29,672.0,696.0,667.2000122070312,677.5999755859375,9611
2021-09-30,652.7999877929688,680.7999877929688,641.5999755859375,677.5999755859375,14115
2021-10-01,656.7999877929688,658.4000244140625,633.5999755859375,648.0,14584
2021-10-04,636.7999877929688,654.4000244140625,619.2000122070312,649.5999755859375,10940
2021-10-05,656.0,672.7999877929688,628.0,637.2000122070312,13391
2021-10-06,625.5999755859375,653.5999755859375,616.7999877929688,644.0,21194
2021-10-07,632.7999877929688,652.0,624.0,630.4000244140625,9286
2021-10-08,575.2000122070312,642.4000244140625,573.5999755859375,633.5999755859375,28190
2021-10-11,556.0,583.2000122070312,540.7999877929688,580.0,33639
2021-10-12,583.2000122070312,588.7999877929688,543.2000122070312,561.5999755859375,23883
2021-10-13,612.0,614.4000244140625,583.2000122070312,584.0,14519
2021-10-14,627.2000122070312,636.7999877929688,616.7999877929688,617.5999755859375,10774
2021-10-15,628.7999877929688,644.7999877929688,613.5999755859375,637.5999755859375,8799
2021-10-18,645.5999755859375,647.2000122070312,614.4000244140625,620.0,8424
2021-10-19,664.0,667.5999755859375,636.0,644.7999877929688,9661
2021-10-20,672.0,686.4000244140625,662.4000244140625,667.2000122070312,6935
2021-10-21,697.5999755859375,714.4000244140625,673.5999755859375,676.0,13314
2021-10-22,715.2000122070312,724.0,688.7999877929688,701.5999755859375,10556
2021-10-25,725.5999755859375,740.0,712.0,720.0,11193
2021-10-26,753.5999755859375,766.4000244140625,727.2000122070312,728.7999877929688,15129
2021-10-27,696.0,760.0,687.2000122070312,755.2000122070312,13420
2021-10-28,720.0,730.4000244140625,699.2000122070312,701.5999755859375,8619
2021-10-29,700.0,724.239990234375,697.5999755859375,722.4000244140625,8131
2021-11-01,680.0,692.0,652.7999877929688,688.7999877929688,15865
2021-11-02,608.7999877929688,650.7999877929688,590.4000244140625,644.7999877929688,57738
2021-11-03,632.0,639.2000122070312,600.1599731445312,607.2000122070312,12370
2021-11-04,612.0,646.4000244140625,596.7999877929688,634.4000244140625,13349
2021-11-05,604.0,627.760009765625,598.4000244140625,612.7999877929688,10641
2021-11-08,603.2000122070312,615.5999755859375,597.5999755859375,605.5999755859375,12225
2021-11-09,589.5999755859375,613.5999755859375,577.5999755859375,604.0,18805
2021-11-10,584.0,596.0,573.5999755859375,584.0,17998
2021-11-11,395.20001220703125,474.3999938964844,394.0,471.20001220703125,165370
2021-11-12,379.20001220703125,414.3999938964844,376.79998779296875,397.6000061035156,99018
2021-11-15,366.3999938964844,388.79998779296875,365.6000061035156,384.0,51890
2021-11-16,384.0,397.6000061035156,354.3999938964844,367.20001220703125,163696
2021-11-17,354.3999938964844,390.3999938964844,352.79998779296875,388.0,55233
2021-11-18,315.20001220703125,368.0,308.79998779296875,366.3999938964844,58931
2021-11-19,329.6000061035156,335.20001220703125,312.0,321.6000061035156,28031
2021-11-22,328.79998779296875,332.0,307.20001220703125,332.0,38673
2021-11-23,306.3999938964844,332.0,298.3999938964844,322.3999938964844,34459
2021-11-24,321.6000061035156,322.3999938964844,298.3999938964844,312.0,34736
2021-11-26,298.3999938964844,313.6000061035156,288.79998779296875,310.3999938964844,21535
2021-11-29,267.20001220703125,307.20001220703125,264.79998779296875,307.20001220703125,51725
2021-11-30,266.3999938964844,280.79998779296875,258.0,264.0,47985
2021-12-01,268.79998779296875,308.0,256.79998779296875,272.0,79928
2021-12-02,262.3999938964844,285.6000061035156,256.0,265.6000061035156,82144
2021-12-03,268.79998779296875,272.79998779296875,245.60000610351562,259.20001220703125,61603
2021-12-06,302.3999938964844,304.79998779296875,260.0,270.3999938964844,62736
2021-12-07,330.3999938964844,372.79998779296875,315.6000061035156,338.3999938964844,138399
2021-12-08,316.0,332.0,311.20001220703125,332.0,65068
2021-12-09,348.0,362.0,320.0,320.0,95630
2021-12-10,348.0,364.0,338.3999938964844,348.0,74590
2021-12-13,328.0,345.6000061035156,313.6000061035156,340.79998779296875,54876
2021-12-14,302.3999938964844,338.0,300.79998779296875,317.20001220703125,49419
2021-12-15,321.6000061035156,327.20001220703125,300.0,319.20001220703125,33159
2021-12-16,296.79998779296875,316.0,296.0,316.0,39298
2021-12-17,302.3999938964844,310.3999938964844,281.6000061035156,288.0,35134
2021-12-20,287.20001220703125,301.6000061035156,279.20001220703125,297.6000061035156,32198
2021-12-21,293.6000061035156,303.20001220703125,285.6000061035156,290.3999938964844,30733
2021-12-22,280.79998779296875,296.79998779296875,276.0,292.0,57421
2021-12-23,300.79998779296875,318.3999938964844,283.20001220703125,284.0,121700
2021-12-27,284.79998779296875,302.79998779296875,280.0,302.79998779296875,55059
2021-12-28,282.3999938964844,287.6000061035156,274.3999938964844,283.20001220703125,39645
2021-12-29,268.79998779296875,280.79998779296875,266.3999938964844,280.79998779296875,53106
2021-12-30,273.6000061035156,276.0,267.20001220703125,270.3999938964844,74896
2021-12-31,275.20001220703125,285.6000061035156,268.79998779296875,272.79998779296875,80205
2022-01-03,297.6000061035156,304.0,268.79998779296875,278.3999938964844,68439
2022-01-04,280.0,301.20001220703125,277.6000061035156,298.3999938964844,28523
2022-01-05,257.6000061035156,281.6000061035156,252.0,280.0,52034
2022-01-06,246.39999389648438,263.20001220703125,244.8000030517578,258.3999938964844,69924
2022-01-07,236.0,244.0,232.8000030517578,242.39999389648438,46159
2022-01-10,247.1999969482422,247.1999969482422,225.60000610351562,236.0,43581
2022-01-11,256.79998779296875,262.3999938964844,243.1999969482422,245.60000610351562,61073
2022-01-12,250.39999389648438,268.0,249.60000610351562,260.0,29556
2022-01-13,239.1999969482422,252.8000030517578,236.0,252.8000030517578,21766
2022-01-14,240.0,241.60000610351562,231.1199951171875,237.60000610351562,22760
2022-01-18,229.60000610351562,242.0,229.60000610351562,237.60000610351562,23689
2022-01-19,224.0,234.39999389648438,224.0,232.8000030517578,19561
2022-01-20,221.60000610351562,238.8000030517578,219.60000610351562,224.0,34626
2022-01-21,216.0,222.32000732421875,209.60000610351562,219.1999969482422,40010
2022-01-24,225.60000610351562,226.39999389648438,195.1999969482422,208.0,49555
2022-01-25,225.60000610351562,231.1999969482422,217.60000610351562,219.1999969482422,32274
2022-01-26,215.1999969482422,231.60000610351562,214.0,227.1999969482422,25011
2022-01-27,203.1999969482422,219.60000610351562,197.60000610351562,219.1999969482422,44524
2022-01-28,212.8000030517578,215.1999969482422,200.8000030517578,201.60000610351562,40844
2022-01-31,222.39999389648438,224.8000030517578,212.0,212.0,40589
2022-02-01,235.1999969482422,235.60000610351562,213.60000610351562,225.60000610351562,56549
2022-02-02,222.39999389648438,236.8000030517578,215.60000610351562,235.1999969482422,39880
2022-02-03,216.0,224.8000030517578,212.0,218.8000030517578,32391
2022-02-04,222.39999389648438,228.8000030517578,210.39999389648438,216.0,35920
2022-02-07,245.60000610351562,247.1999969482422,224.0,224.0,63868
2022-02-08,284.0,287.20001220703125,240.8000030517578,244.0,95464
2022-02-09,292.79998779296875,304.7200012207031,275.20001220703125,284.79998779296875,69475
2022-02-10,305.6000061035156,324.79998779296875,284.0,292.79998779296875,65914
2022-02-11,305.6000061035156,315.3599853515625,296.0,304.0,46246
2022-02-14,236.8000030517578,308.0,214.39999389648438,308.0,185455
2022-02-15,284.79998779296875,292.0,240.0,240.0,119365
2022-02-16,300.0,313.6000061035156,269.6000061035156,272.0,94171
2022-02-17,285.6000061035156,301.6000061035156,272.79998779296875,293.6000061035156,46270
2022-02-18,284.0,292.79998779296875,271.6000061035156,284.0,41868
2022-02-22,264.0,280.0,258.3999938964844,280.0,56658
2022-02-23,268.79998779296875,283.6000061035156,264.79998779296875,268.0,45583
2022-02-24,276.0,279.20001220703125,244.0,245.1999969482422,43906
2022-02-25,268.79998779296875,283.20001220703125,268.0,279.20001220703125,37274
2022-02-28,265.6000061035156,276.0,259.20001220703125,263.20001220703125,46914
2022-03-01,249.60000610351562,268.79998779296875,248.0,266.3999938964844,70138
2022-03-02,200.8000030517578,240.8000030517578,184.0,188.0,182883
2022-03-03,176.0,193.60000610351562,163.1999969482422,168.8000030517578,212055
2022-03-04,166.39999389648438,185.60000610351562,155.1999969482422,171.1999969482422,141066
2022-03-07,143.1999969482422,166.39999389648438,138.0,163.1999969482422,165011
2022-03-08,145.60000610351562,163.1999969482422,143.1999969482422,146.39999389648438,126221
2022-03-09,176.0,192.8000030517578,156.0,158.39999389648438,120760
2022-03-10,180.8000030517578,188.8000030517578,157.60000610351562,170.39999389648438,73618
2022-03-11,164.0,191.1999969482422,164.0,184.0,50414
2022-03-14,156.0,172.8000030517578,154.39999389648438,164.8000030517578,60914
2022-03-15,166.39999389648438,174.8000030517578,157.75999450683594,158.39999389648438,47658
2022-03-16,168.8000030517578,181.60000610351562,162.39999389648438,175.1999969482422,105761
2022-03-17,181.60000610351562,186.39999389648438,164.8000030517578,166.39999389648438,90833
2022-03-18,180.0,191.1999969482422,176.8000030517578,182.39999389648438,375479
2022-03-21,176.8000030517578,188.8000030517578,172.8000030517578,187.1999969482422,73760
2022-03-22,177.60000610351562,185.1999969482422,177.1999969482422,180.0,59370
2022-03-23,179.1999969482422,189.60000610351562,172.8000030517578,173.60000610351562,42625
2022-03-24,176.8000030517578,180.39999389648438,171.60000610351562,179.1999969482422,28904
2022-03-25,164.0,177.60000610351562,160.8000030517578,175.1999969482422,50350
2022-03-28,160.0,170.39999389648438,154.39999389648438,164.0,47383
2022-03-29,158.39999389648438,163.1999969482422,152.8000030517578,152.8000030517578,44958
2022-03-30,156.0,165.60000610351562,156.0,160.0,35765
2022-03-31,154.39999389648438,158.24000549316406,150.39999389648438,156.8000030517578,36069
2022-04-01,161.60000610351562,161.60000610351562,152.0,152.0,35210
2022-04-04,159.1999969482422,164.8000030517578,158.39999389648438,160.0,22399
2022-04-05,151.1999969482422,161.1999969482422,151.1999969482422,160.0,21716
2022-04-06,148.8000030517578,150.39999389648438,143.1999969482422,150.39999389648438,34730
2022-04-07,152.0,153.60000610351562,144.0,147.1999969482422,24394
2022-04-08,146.39999389648438,153.60000610351562,145.60000610351562,151.1999969482422,14690
2022-04-11,144.8000030517578,148.0,140.0,144.0,28911
2022-04-12,147.1999969482422,154.39999389648438,143.1999969482422,144.0,21455
2022-04-13,152.0,154.39999389648438,144.0,148.8000030517578,15425
2022-04-14,148.8000030517578,153.60000610351562,145.1999969482422,152.0,16024
2022-04-18,140.0,148.8000030517578,136.8000030517578,148.8000030517578,36580
2022-04-19,146.39999389648438,148.8000030517578,138.8000030517578,140.0,20035
2022-04-20,151.1999969482422,152.8000030517578,142.39999389648438,148.8000030517578,24396
2022-04-21,144.0,153.60000610351562,143.1999969482422,152.0,20816
2022-04-22,142.39999389648438,146.0,139.60000610351562,140.0,14018
2022-04-25,151.1999969482422,152.0,140.8000030517578,141.60000610351562,18136
2022-04-26,144.8000030517578,147.60000610351562,143.60000610351562,144.8000030517578,19295
2022-04-27,144.8000030517578,148.0,141.83999633789062,145.60000610351562,20019
2022-04-28,149.60000610351562,150.0,138.39999389648438,144.8000030517578,28060
2022-04-29,144.0,155.60000610351562,143.1999969482422,146.39999389648438,24166
2022-05-02,139.1999969482422,146.8000030517578,135.1999969482422,146.39999389648438,40104
2022-05-03,134.39999389648438,140.0,128.8000030517578,139.1999969482422,50066
2022-05-04,179.1999969482422,185.60000610351562,145.44000244140625,146.39999389648438,191516
2022-05-05,182.39999389648438,192.0,173.60000610351562,176.8000030517578,63753
2022-05-06,183.1999969482422,190.39999389648438,166.39999389648438,177.60000610351562,52975
2022-05-09,170.39999389648438,187.1999969482422,168.8000030517578,177.60000610351562,47330
2022-05-10,148.8000030517578,179.1999969482422,147.1999969482422,176.8000030517578,34706
2022-05-11,134.39999389648438,149.60000610351562,133.60000610351562,146.39999389648438,23890
2022-05-12,134.39999389648438,137.60000610351562,128.0,134.39999389648438,40605
2022-05-13,147.1999969482422,148.8000030517578,134.8000030517578,136.0,53218
2022-05-16,154.39999389648438,161.60000610351562,143.1999969482422,147.1999969482422,29060
2022-05-17,161.60000610351562,164.0,155.1999969482422,155.1999969482422,17571
2022-05-18,156.0,169.1999969482422,152.8000030517578,160.0,26956
2022-05-19,155.1999969482422,160.0,148.8000030517578,152.8000030517578,21195
2022-05-20,153.60000610351562,159.60000610351562,147.1999969482422,157.60000610351562,16473
2022-05-23,156.8000030517578,160.39999389648438,143.1999969482422,155.1999969482422,40495
2022-05-24,144.0,156.8000030517578,140.8000030517578,156.8000030517578,32944
2022-05-25,140.0,146.39999389648438,139.1999969482422,143.1999969482422,21181
2022-05-26,139.1999969482422,143.1999969482422,136.0,139.1999969482422,23655
2022-05-27,144.8000030517578,149.60000610351562,138.39999389648438,147.1999969482422,16479
2022-05-31,136.0,147.1999969482422,134.39999389648438,142.39999389648438,30835
2022-06-01,128.8000030517578,138.39999389648438,125.5999984741211,137.60000610351562,37799
2022-06-02,137.60000610351562,139.1999969482422,127.19999694824219,128.8000030517578,47396
2022-06-03,134.39999389648438,139.1999969482422,131.1999969482422,135.1999969482422,13613
2022-06-06,132.8000030517578,141.60000610351562,130.39999389648438,136.0,23730
2022-06-07,136.8000030517578,138.39999389648438,129.60000610351562,129.60000610351562,18775
2022-06-08,142.39999389648438,149.60000610351562,133.60000610351562,133.60000610351562,17653
2022-06-09,132.8000030517578,140.0,131.1999969482422,140.0,22960
2022-06-10,128.0,132.0,125.04000091552734,129.60000610351562,16275
2022-06-13,121.5999984741211,124.80000305175781,118.4000015258789,121.5999984741211,23649
2022-06-14,124.0,126.4000015258789,117.5999984741211,120.80000305175781,18908
2022-06-15,130.39999389648438,131.1999969482422,123.19999694824219,124.0,16058
2022-06-16,121.5999984741211,130.39999389648438,118.4000015258789,121.5999984741211,18623
2022-06-17,123.19999694824219,126.80000305175781,120.80000305175781,120.80000305175781,19873
2022-06-21,130.39999389648438,132.0,123.19999694824219,127.19999694824219,19959
2022-06-22,132.0,137.60000610351562,124.0,126.4000015258789,13968
2022-06-23,143.1999969482422,144.0,130.39999389648438,132.0,21269
2022-06-24,158.39999389648438,159.1999969482422,139.1999969482422,142.39999389648438,152604
2022-06-27,152.8000030517578,158.39999389648438,148.39999389648438,158.39999389648438,16315
2022-06-28,153.60000610351562,159.1999969482422,151.1999969482422,152.8000030517578,14736
2022-06-29,146.39999389648438,152.8000030517578,141.60000610351562,152.8000030517578,11364
2022-06-30,145.60000610351562,147.1999969482422,138.8000030517578,144.0,14734
2022-07-01,145.60000610351562,151.1999969482422,141.60000610351562,144.8000030517578,12035
2022-07-05,159.1999969482422,160.8000030517578,144.0800018310547,150.39999389648438,18034
2022-07-06,158.39999389648438,163.1999969482422,153.60000610351562,156.0,18246
2022-07-07,166.39999389648438,170.39999389648438,155.1999969482422,155.1999969482422,17325
2022-07-08,163.1999969482422,171.60000610351562,161.1999969482422,164.0,41263
2022-07-11,145.60000610351562,162.8000030517578,144.0,160.0,15938
2022-07-12,144.8000030517578,148.0,140.0,146.39999389648438,15563
2022-07-13,144.0,151.1999969482422,139.1999969482422,139.1999969482422,7886
2022-07-14,137.60000610351562,144.39999389648438,136.8000030517578,141.60000610351562,10225
2022-07-15,144.0,144.8000030517578,136.39999389648438,140.0,13761
2022-07-18,140.0,150.8000030517578,138.8000030517578,148.0,11210
2022-07-19,147.1999969482422,150.39999389648438,140.0,141.60000610351562,13038
2022-07-20,145.60000610351562,152.0,142.39999389648438,148.8000030517578,10488
2022-07-21,147.1999969482422,152.0,143.1999969482422,143.1999969482422,8909
2022-07-22,136.8000030517578,149.60000610351562,136.0,149.60000610351562,16438
2022-07-25,135.1999969482422,139.1999969482422,134.39999389648438,139.1999969482422,11856
2022-07-26,136.8000030517578,141.60000610351562,132.39999389648438,135.1999969482422,13369
2022-07-27,136.8000030517578,138.39999389648438,133.1999969482422,138.39999389648438,8996
2022-07-28,139.1999969482422,139.1999969482422,132.8000030517578,134.39999389648438,9845
2022-07-29,134.39999389648438,139.1999969482422,131.1999969482422,139.1999969482422,17538
2022-08-01,142.39999389648438,143.60000610351562,130.39999389648438,132.8000030517578,12249
2022-08-02,154.39999389648438,157.60000610351562,136.8000030517578,137.60000610351562,16296
2022-08-03,160.0,166.39999389648438,152.8000030517578,154.39999389648438,26406
2022-08-04,160.0,168.0,158.0,160.0,14276
2022-08-05,164.0,164.8000030517578,149.60000610351562,156.0,20028
2022-08-08,162.39999389648438,168.0,159.60000610351562,165.60000610351562,16674
2022-08-09,155.1999969482422,162.39999389648438,152.0,162.39999389648438,26369
2022-08-10,136.8000030517578,157.60000610351562,132.0,157.60000610351562,46956
2022-08-11,140.8000030517578,148.8000030517578,135.1999969482422,136.8000030517578,24340
2022-08-12,157.60000610351562,157.60000610351562,140.0,140.0,29464
2022-08-15,157.60000610351562,162.39999389648438,147.1999969482422,154.39999389648438,23076
2022-08-16,154.39999389648438,159.1999969482422,148.8000030517578,155.1999969482422,9186
2022-08-17,144.8000030517578,152.0,144.0,150.39999389648438,8629
2022-08-18,152.8000030517578,154.0,143.1999969482422,146.39999389648438,12278
2022-08-19,143.1999969482422,150.39999389648438,142.39999389648438,147.1999969482422,11209
2022-08-22,133.60000610351562,140.0,132.9600067138672,140.0,19963
2022-08-23,133.60000610351562,136.8000030517578,124.0,132.8000030517578,20365
2022-08-24,132.8000030517578,136.8000030517578,130.39999389648438,132.8000030517578,15580
2022-08-25,138.39999389648438,138.39999389648438,130.0,132.8000030517578,13361
2022-08-26,128.0,137.1999969482422,127.19999694824219,136.0,13710
2022-08-29,125.5999984741211,129.1999969482422,121.5999984741211,124.0,13806
2022-08-30,124.0,127.19999694824219,121.5999984741211,126.4000015258789,11686
2022-08-31,120.80000305175781,125.19999694824219,120.80000305175781,123.19999694824219,14868
2022-09-01,119.19999694824219,120.80000305175781,112.0,120.0,16470
2022-09-02,114.4000015258789,120.0,113.5999984741211,120.0,9843
2022-09-06,119.19999694824219,121.5999984741211,116.0,116.4000015258789,25898
2022-09-07,127.19999694824219,128.0,116.80000305175781,117.5999984741211,17470
2022-09-08,129.60000610351562,129.60000610351562,122.4000015258789,124.0,17944
2022-09-09,130.39999389648438,132.0,126.0,128.0,16360
2022-09-12,134.39999389648438,136.0,128.8000030517578,129.60000610351562,18730
2022-09-13,121.5999984741211,132.0,116.0,126.4000015258789,38883
2022-09-14,121.5999984741211,124.0,118.4000015258789,122.4000015258789,16940
2022-09-15,121.5999984741211,125.19999694824219,117.5999984741211,119.19999694824219,22134
2022-09-16,110.4000015258789,120.0,110.4000015258789,118.4000015258789,173503
2022-09-19,100.0,112.0,93.5999984741211,112.0,30500
2022-09-20,95.19999694824219,100.0,90.4000015258789,100.0,29163
2022-09-21,94.4000015258789,98.4000015258789,90.4000015258789,94.4000015258789,20328
2022-09-22,90.4000015258789,95.19999694824219,86.4000015258789,92.80000305175781,21693
2022-09-23,84.80000305175781,92.0,83.19999694824219,88.0,20596
2022-09-26,89.5999984741211,94.4000015258789,84.80000305175781,84.80000305175781,19498
2022-09-27,92.0,94.4000015258789,88.80000305175781,92.0,13808
2022-09-28,94.4000015258789,98.80000305175781,87.19999694824219,92.0,14270
2022-09-29,89.5999984741211,92.0,87.19999694824219,92.0,13123
2022-09-30,84.0,94.4000015258789,84.0,91.19999694824219,19216
2022-10-03,89.5999984741211,90.4000015258789,83.19999694824219,86.4000015258789,16860
2022-10-04,94.4000015258789,96.0,89.5999984741211,89.5999984741211,16286
2022-10-05,91.19999694824219,92.0,85.19999694824219,90.4000015258789,15494
2022-10-06,85.5999984741211,92.0,82.4000015258789,92.0,21761
2022-10-07,80.80000305175781,86.4000015258789,80.80000305175781,85.5999984741211,41410
2022-10-10,72.80000305175781,81.5999984741211,72.0,80.80000305175781,25796
2022-10-11,93.5999984741211,98.4000015258789,64.0,70.0,127608
2022-10-12,83.19999694824219,93.5999984741211,75.36000061035156,91.19999694824219,44286
2022-10-13,84.0,89.5999984741211,78.4000015258789,80.0,17513
2022-10-14,77.44000244140625,87.19999694824219,76.08000183105469,85.5999984741211,14445
2022-10-17,84.80000305175781,87.19999694824219,80.80000305175781,82.4000015258789,17874
2022-10-18,82.4000015258789,89.5999984741211,81.19999694824219,88.0,14073
2022-10-19,76.80000305175781,83.19999694824219,74.0,83.19999694824219,21723
2022-10-20,83.19999694824219,87.19999694824219,76.4800033569336,77.5999984741211,26289
2022-10-21,84.0,84.80000305175781,79.76000213623047,84.0,10868
2022-10-24,82.4000015258789,86.4000015258789,79.68000030517578,86.4000015258789,13603
2022-10-25,88.0,88.80000305175781,80.0,83.19999694824219,24870
2022-10-26,84.0,87.19999694824219,82.4000015258789,87.19999694824219,18684
2022-10-27,81.5999984741211,93.5999984741211,80.0,84.80000305175781,10581
2022-10-28,82.4000015258789,86.4000015258789,79.19999694824219,81.5999984741211,20808
2022-10-31,82.4000015258789,91.19999694824219,81.5999984741211,81.5999984741211,14359
2022-11-01,83.19999694824219,91.19999694824219,81.5999984741211,84.0,12870
2022-11-02,78.16000366210938,84.80000305175781,77.5999984741211,84.80000305175781,10665
2022-11-03,80.0,83.19999694824219,76.0,79.5999984741211,7710
2022-11-04,79.36000061035156,84.0,77.5199966430664,81.5999984741211,12141
2022-11-07,76.23999786376953,80.0,73.5999984741211,80.0,14956
2022-11-08,78.23999786376953,80.0,72.80000305175781,78.87999725341797,9174
2022-11-09,71.44000244140625,76.0,69.5999984741211,73.5999984741211,25760
2022-11-10,81.5999984741211,84.0,72.0,73.5999984741211,51170
2022-11-11,74.63999938964844,88.0,73.5999984741211,80.80000305175781,25956
2022-11-14,75.5199966430664,88.0,72.0,75.19999694824219,33431
2022-11-15,81.5999984741211,84.4000015258789,76.80000305175781,80.0,16601
2022-11-16,74.95999908447266,81.5999984741211,72.87999725341797,79.19999694824219,14314
2022-11-17,75.5999984741211,77.91999816894531,72.87999725341797,75.19999694824219,11164
2022-11-18,77.44000244140625,79.44000244140625,74.80000305175781,79.19999694824219,5770
2022-11-21,75.76000213623047,77.5999984741211,72.08000183105469,74.4000015258789,12730
2022-11-22,75.76000213623047,77.5999984741211,73.44000244140625,77.5999984741211,5556
2022-11-23,80.80000305175781,84.0,74.4000015258789,75.12000274658203,16561
2022-11-25,77.91999816894531,81.5999984741211,77.5999984741211,77.5999984741211,5143
2022-11-28,76.72000122070312,82.4000015258789,76.08000183105469,76.55999755859375,13250
2022-11-29,76.4800033569336,80.0,76.0,76.23999786376953,8004
2022-11-30,78.95999908447266,80.0,73.5999984741211,74.80000305175781,8811
2022-12-01,82.4000015258789,83.19999694824219,78.31999969482422,80.0,15818
2022-12-02,78.4000015258789,82.4000015258789,74.16000366210938,79.83999633789062,14528
2022-12-05,76.0,80.80000305175781,75.36000061035156,79.19999694824219,12950
2022-12-06,72.0,76.0,68.08000183105469,75.19999694824219,17686
2022-12-07,68.4800033569336,72.80000305175781,68.31999969482422,71.19999694824219,7909
2022-12-08,68.80000305175781,71.19999694824219,66.80000305175781,68.80000305175781,7924
2022-12-09,65.76000213623047,70.0,65.19999694824219,67.68000030517578,11181
2022-12-12,69.68000030517578,72.0,65.5999984741211,67.19999694824219,12141
2022-12-13,58.400001525878906,70.4000015258789,52.79999923706055,64.87999725341797,39918
2022-12-14,44.560001373291016,60.0,42.0,60.0,97894
2022-12-15,43.84000015258789,48.79999923706055,42.400001525878906,44.560001373291016,51845
2022-12-16,45.36000061035156,47.20000076293945,42.0,44.400001525878906,72844
2022-12-19,47.599998474121094,49.279998779296875,44.08000183105469,47.279998779296875,29751
2022-12-20,45.91999816894531,47.68000030517578,42.560001373291016,47.20000076293945,15179
2022-12-21,45.68000030517578,47.52000045776367,45.599998474121094,46.400001525878906,11718
2022-12-22,43.68000030517578,46.47999954223633,40.880001068115234,46.47999954223633,22850
2022-12-23,43.91999816894531,45.599998474121094,42.400001525878906,42.400001525878906,9589
2022-12-27,42.63999938964844,45.119998931884766,39.20000076293945,44.400001525878906,26001
2022-12-28,41.91999816894531,44.0,40.2400016784668,41.20000076293945,24801
2022-12-29,46.880001068115234,47.20000076293945,40.400001525878906,40.79999923706055,25281
2022-12-30,52.0,52.400001525878906,41.599998474121094,42.79999923706055,28586
2023-01-03,45.20000076293945,53.599998474121094,44.08000183105469,52.0,16779
2023-01-04,44.15999984741211,46.63999938964844,43.20000076293945,46.63999938964844,11914
2023-01-05,44.2400016784668,46.400001525878906,42.400001525878906,44.400001525878906,15659
2023-01-06,46.720001220703125,47.91999816894531,42.0,42.400001525878906,18225
2023-01-09,52.0,55.84000015258789,47.20000076293945,47.599998474121094,21085
2023-01-10,65.19999694824219,65.5999984741211,52.0,53.7599983215332,46456
2023-01-11,63.36000061035156,70.16000366210938,61.599998474121094,65.5999984741211,18673
2023-01-12,63.68000030517578,65.19999694824219,60.2400016784668,64.0,17728
2023-01-13,73.68000030517578,73.68000030517578,61.599998474121094,63.599998474121094,26681
2023-01-17,83.19999694824219,86.4000015258789,70.4000015258789,73.68000030517578,28256
2023-01-18,69.5999984741211,85.5999984741211,69.27999877929688,85.5999984741211,36003
2023-01-19,64.95999908447266,72.72000122070312,57.599998474121094,70.4000015258789,25321
2023-01-20,75.27999877929688,76.0,64.0,68.63999938964844,24841
2023-01-23,75.5199966430664,77.5999984741211,72.0,76.55999755859375,12425
2023-01-24,74.08000183105469,77.19999694824219,71.12000274658203,72.80000305175781,8140
2023-01-25,69.36000061035156,72.87999725341797,68.0,70.4000015258789,8305
2023-01-26,69.36000061035156,73.5999984741211,68.0,72.80000305175781,7680
2023-01-27,79.04000091552734,82.4000015258789,65.83999633789062,70.4000015258789,17201
2023-01-30,71.36000061035156,80.80000305175781,71.27999877929688,78.08000183105469,8465
2023-01-31,70.95999908447266,76.80000305175781,68.0,76.0,13318
2023-02-01,76.16000366210938,77.36000061035156,69.04000091552734,70.08000183105469,10056
2023-02-02,74.72000122070312,80.0,73.04000091552734,73.44000244140625,11991
2023-02-03,72.80000305175781,77.04000091552734,71.5999984741211,73.19999694824219,10345
2023-02-06,71.19999694824219,73.83999633789062,68.80000305175781,70.4000015258789,11108
2023-02-07,72.0,75.5999984741211,68.80000305175781,75.19999694824219,6853
2023-02-08,68.0,72.0,67.12000274658203,72.0,7955
2023-02-09,62.400001525878906,71.04000091552734,60.31999969482422,70.16000366210938,14751
2023-02-10,64.4000015258789,65.27999877929688,60.08000183105469,63.52000045776367,7736
2023-02-13,66.80000305175781,69.36000061035156,64.23999786376953,65.5999984741211,8393
2023-02-14,69.44000244140625,70.4000015258789,64.0,65.27999877929688,7500
2023-02-15,74.16000366210938,76.87999725341797,68.0,71.19999694824219,18779
2023-02-16,69.76000213623047,74.4000015258789,68.0,73.5999984741211,6674
2023-02-17,69.5999984741211,72.0,68.0,71.44000244140625,4929
2023-02-21,58.400001525878906,69.5999984741211,58.15999984741211,68.0,21798
2023-02-22,60.720001220703125,64.0,56.880001068115234,61.599998474121094,12784
2023-02-23,61.36000061035156,62.400001525878906,58.400001525878906,61.84000015258789,5163
2023-02-24,57.91999816894531,66.80000305175781,57.599998474121094,59.68000030517578,7838
2023-02-27,64.72000122070312,68.4800033569336,59.20000076293945,60.2400016784668,12160
2023-02-28,69.5999984741211,74.4000015258789,63.20000076293945,63.20000076293945,15118
2023-03-01,40.31999969482422,66.4000015258789,40.2400016784668,62.400001525878906,89831
2023-03-02,39.599998474121094,47.20000076293945,39.20000076293945,45.599998474121094,132563
2023-03-03,36.400001525878906,40.0,36.0,40.0,62738
2023-03-06,36.47999954223633,39.599998474121094,34.400001525878906,37.7599983215332,40470
2023-03-07,39.279998779296875,41.119998931884766,36.0,38.31999969482422,60638
2023-03-08,36.400001525878906,40.880001068115234,36.0,40.880001068115234,36669
2023-03-09,30.799999237060547,38.15999984741211,28.799999237060547,36.63999938964844,75126
2023-03-10,29.760000228881836,33.599998474121094,27.200000762939453,33.599998474121094,103038
2023-03-13,30.399999618530273,33.52000045776367,27.360000610351562,29.600000381469727,42935
2023-03-14,28.639999389648438,32.0,27.520000457763672,30.31999969482422,36265
2023-03-15,29.040000915527344,31.920000076293945,27.200000762939453,29.600000381469727,33026
2023-03-16,25.040000915527344,30.399999618530273,22.559999465942383,30.399999618530273,106225
2023-03-17,22.0,25.600000381469727,20.079999923706055,24.799999237060547,143290
2023-03-20,21.040000915527344,22.399999618530273,20.079999923706055,21.600000381469727,53736
2023-03-21,21.600000381469727,23.040000915527344,20.799999237060547,21.600000381469727,51229
2023-03-22,20.479999542236328,22.15999984741211,20.0,21.280000686645508,43321
2023-03-23,19.360000610351562,21.520000457763672,18.079999923706055,20.8799991607666,64168
2023-03-24,17.600000381469727,19.84000015258789,17.200000762939453,19.280000686645508,52385
2023-03-27,17.920000076293945,18.399999618530273,17.200000762939453,17.68000030517578,89124
2023-03-28,16.399999618530273,19.200000762939453,16.399999618530273,17.600000381469727,87595
2023-03-29,16.719999313354492,17.1200008392334,16.079999923706055,16.8799991607666,43109
2023-03-30,17.440000534057617,17.84000015258789,16.799999237060547,16.8799991607666,38071
2023-03-31,17.600000381469727,18.399999618530273,16.799999237060547,17.600000381469727,48076
2023-04-03,16.799999237060547,18.079999923706055,16.0,17.1200008392334,48875
2023-04-04,15.920000076293945,17.1200008392334,15.520000457763672,16.959999084472656,55814
2023-04-05,15.920000076293945,16.239999771118164,15.359999656677246,16.239999771118164,44506
2023-04-06,16.079999923706055,16.639999389648438,15.4399995803833,16.15999984741211,36751
2023-04-10,16.079999923706055,16.239999771118164,15.600000381469727,16.15999984741211,38003
2023-04-11,16.399999618530273,17.200000762939453,15.84000015258789,16.399999618530273,66201
2023-04-12,15.4399995803833,16.719999313354492,15.359999656677246,16.079999923706055,52255
2023-04-13,15.199999809265137,15.920000076293945,15.119999885559082,15.920000076293945,55604
2023-04-14,14.479999542236328,15.920000076293945,14.079999923706055,15.4399995803833,52140
2023-04-17,15.199999809265137,16.0,14.239999771118164,15.039999961853027,46304
2023-04-18,14.720000267028809,16.0,14.479999542236328,16.0,31291
2023-04-19,13.600000381469727,15.199999809265137,13.119999885559082,14.640000343322754,59934
2023-04-20,13.119999885559082,14.720000267028809,12.880000114440918,14.720000267028809,48198
2023-04-21,14.0,14.640000343322754,12.880000114440918,12.960000038146973,73044
2023-04-24,14.079999923706055,14.239999771118164,13.600000381469727,14.239999771118164,50239
2023-04-25,13.520000457763672,14.720000267028809,13.359999656677246,13.680000305175781,76413
2023-04-26,13.359999656677246,13.600000381469727,12.880000114440918,13.359999656677246,41048
2023-04-27,13.4399995803833,13.84000015258789,12.800000190734863,12.800000190734863,24348
2023-04-28,12.880000114440918,14.800000190734863,12.640000343322754,14.800000190734863,79609
2023-05-01,12.880000114440918,13.520000457763672,12.800000190734863,12.880000114440918,19198
2023-05-02,12.079999923706055,13.4399995803833,11.359999656677246,12.880000114440918,29595
2023-05-03,11.920000076293945,12.399999618530273,10.399999618530273,11.920000076293945,34123
2023-05-04,11.760000228881836,12.319999694824219,11.199999809265137,12.319999694824219,26208
2023-05-05,12.15999984741211,12.800000190734863,11.4399995803833,12.319999694824219,13459
2023-05-08,13.600000381469727,14.479999542236328,12.0,12.640000343322754,27946
2023-05-09,20.799999237060547,22.0,13.600000381469727,14.239999771118164,216039
2023-05-10,19.920000076293945,37.20000076293945,18.0,21.520000457763672,327506
2023-05-11,17.1200008392334,21.68000030517578,16.959999084472656,21.68000030517578,69520
2023-05-12,15.520000457763672,17.200000762939453,15.279999732971191,16.0,53549
2023-05-15,14.239999771118164,16.719999313354492,13.84000015258789,16.15999984741211,43908
2023-05-16,13.520000457763672,14.239999771118164,13.199999809265137,13.84000015258789,25024
2023-05-17,13.760000228881836,14.399999618530273,13.039999961853027,14.399999618530273,28716
2023-05-18,14.479999542236328,15.119999885559082,13.199999809265137,14.0,33833
2023-05-19,16.719999313354492,26.959999084472656,16.0,26.559999465942383,884173
2023-05-22,15.100000381469727,15.470000267028809,11.770000457763672,13.569999694824219,589900
2023-05-23,14.380000114440918,15.899999618530273,13.479999542236328,13.84000015258789,223500
2023-05-24,10.539999961853027,14.15999984741211,10.414999961853027,14.010000228881836,567900
2023-05-25,8.069999694824219,10.42199993133545,7.800000190734863,10.420000076293945,426400
2023-05-26,11.770000457763672,15.800000190734863,7.570000171661377,7.670000076293945,5765700
2023-05-30,9.260000228881836,11.204999923706055,9.010000228881836,11.0,495500
2023-05-31,9.260000228881836,9.579999923706055,8.802000045776367,9.020000457763672,218500
2023-06-01,10.59000015258789,11.359999656677246,9.020000457763672,9.079999923706055,538700
2023-06-02,10.609999656677246,10.930000305175781,9.630000114440918,10.539999961853027,201700
2023-06-05,10.569999694824219,11.100000381469727,10.312000274658203,10.670000076293945,112300
2023-06-06,10.399999618530273,10.609999656677246,10.131999969482422,10.40999984741211,113700
2023-06-07,10.520000457763672,10.78499984741211,10.140000343322754,10.569999694824219,135100
2023-06-08,10.850000381469727,10.9350004196167,10.359999656677246,10.380000114440918,84700
2023-06-09,10.609999656677246,10.899999618530273,10.260000228881836,10.800000190734863,79700
2023-06-12,11.010000228881836,11.15999984741211,10.5,10.5,56500
2023-06-13,11.630000114440918,12.050000190734863,11.130000114440918,11.130000114440918,125700
2023-06-14,11.279999732971191,11.680000305175781,11.0,11.34000015258789,90000
2023-06-15,11.779999732971191,11.800000190734863,10.710000038146973,11.010000228881836,117500
2023-06-16,11.4399995803833,11.710000038146973,11.34000015258789,11.529999732971191,116600
2023-06-20,11.619999885559082,11.869999885559082,11.050000190734863,11.260000228881836,93000
2023-06-21,13.180000305175781,13.489999771118164,11.550000190734863,11.829999923706055,122700
2023-06-22,13.770000457763672,13.989999771118164,12.760000228881836,13.010000228881836,139800
2023-06-23,13.619999885559082,14.569999694824219,13.35200023651123,13.5,396100
2023-06-26,12.479999542236328,14.199999809265137,12.479999542236328,14.1899995803833,115000
2023-06-27,11.40999984741211,13.029999732971191,11.40999984741211,12.640000343322754,93800
2023-06-28,11.029999732971191,11.399999618530273,10.65999984741211,11.399999618530273,71800
2023-06-29,10.920000076293945,11.470000267028809,10.729999542236328,11.100000381469727,54500
2023-06-30,12.220000267028809,12.470000267028809,10.819999694824219,12.34000015258789,1664700
2023-07-03,11.25,11.880000114440918,11.020000457763672,11.800000190734863,139300
2023-07-05,10.84000015258789,11.399999618530273,10.5,10.920000076293945,154400
2023-07-06,11.760000228881836,12.319000244140625,10.369999885559082,10.5600004196167,131700
2023-07-07,12.430000305175781,13.104999542236328,11.652000427246094,12.140000343322754,165400
2023-07-10,12.84000015258789,13.60099983215332,12.609999656677246,12.729999542236328,113400
2023-07-11,13.920000076293945,13.920000076293945,12.619999885559082,13.029999732971191,144000
2023-07-12,14.789999961853027,15.119999885559082,13.9399995803833,14.25,140500
2023-07-13,13.960000038146973,15.100000381469727,13.670000076293945,15.0,115500
2023-07-14,12.630000114440918,14.515000343322754,12.630000114440918,14.289999961853027,60100
2023-07-17,12.239999771118164,12.99899959564209,12.119999885559082,12.75,30800
2023-07-18,11.850000381469727,12.649999618530273,11.850000381469727,12.100000381469727,73100
2023-07-19,12.220000267028809,12.449999809265137,11.824999809265137,11.949999809265137,35600
2023-07-20,12.25,12.470000267028809,11.821999549865723,12.149999618530273,20700
2023-07-21,12.380000114440918,12.649999618530273,12.100000381469727,12.350000381469727,26000
2023-07-24,12.289999961853027,12.6899995803833,12.100000381469727,12.680000305175781,23400
2023-07-25,12.920000076293945,12.920000076293945,12.114999771118164,12.289999961853027,26900
2023-07-26,12.739999771118164,13.09000015258789,12.5,12.739999771118164,45300
2023-07-27,12.399999618530273,12.800000190734863,12.220000267028809,12.800000190734863,31400
2023-07-28,12.319999694824219,12.65999984741211,11.710000038146973,12.59000015258789,53600
2023-07-31,12.640000343322754,12.850000381469727,12.399999618530273,12.399999618530273,18000
2023-08-01,12.989999771118164,13.180000305175781,12.300000190734863,12.609999656677246,44900
2023-08-02,13.420000076293945,13.779000282287598,12.75,12.800000190734863,20800
2023-08-03,14.949999809265137,15.461000442504883,13.220000267028809,13.220000267028809,121100
2023-08-04,15.130000114440918,15.682999610900879,14.760000228881836,14.859999656677246,146100
2023-08-07,15.149999618530273,16.0,14.75,16.0,131600
2023-08-08,17.579999923706055,22.0,14.819999694824219,15.5,886400
2023-08-09,15.40999984741211,16.81999969482422,14.710000038146973,16.059999465942383,164300
2023-08-10,13.739999771118164,15.289999961853027,13.359999656677246,14.899999618530273,121300
2023-08-11,13.930000305175781,14.359999656677246,13.149999618530273,13.970000267028809,157000
2023-08-14,12.600000381469727,13.930000305175781,12.550000190734863,13.930000305175781,56800
2023-08-15,11.720000267028809,13.039999961853027,11.718000411987305,13.039999961853027,71000
2023-08-16,10.4399995803833,11.84000015258789,10.4399995803833,11.479999542236328,73100
2023-08-17,10.710000038146973,11.289999961853027,10.29800033569336,10.369999885559082,83300
2023-08-18,9.569999694824219,10.715999603271484,9.520000457763672,10.3100004196167,71000
2023-08-21,8.829999923706055,9.600000381469727,8.789999961853027,9.600000381469727,39900
2023-08-22,8.720000267028809,9.458999633789062,8.67300033569336,8.729999542236328,32700
2023-08-23,8.640000343322754,8.75100040435791,8.348999977111816,8.550000190734863,42500
2023-08-24,8.6899995803833,9.048999786376953,8.515999794006348,8.960000038146973,16500
2023-08-25,8.430000305175781,8.989999771118164,8.279999732971191,8.539999961853027,41400
2023-08-28,8.3100004196167,8.581999778747559,8.029999732971191,8.5,23300
2023-08-29,8.65999984741211,8.869999885559082,8.210000038146973,8.260000228881836,16400
2023-08-30,9.0,9.0,8.460000038146973,8.619999885559082,17600
2023-08-31,8.460000038146973,9.489999771118164,8.25,9.489999771118164,76700
2023-09-01,8.550000190734863,8.880000114440918,8.420000076293945,8.579999923706055,23900
2023-09-05,8.25,8.850000381469727,8.199999809265137,8.5600004196167,17400
2023-09-06,7.869999885559082,8.402000427246094,7.809999942779541,8.289999961853027,20200
2023-09-07,7.380000114440918,8.010000228881836,7.159999847412109,7.869999885559082,46700
2023-09-08,6.889999866485596,7.28000020980835,6.75,7.28000020980835,47200
2023-09-11,6.760000228881836,7.179999828338623,6.75,6.800000190734863,25800
2023-09-12,6.599999904632568,6.96999979019165,6.599999904632568,6.75,22300
2023-09-13,6.25,6.75,6.25,6.590000152587891,40300
2023-09-14,6.369999885559082,6.599999904632568,6.110000133514404,6.300000190734863,39600
2023-09-15,6.329999923706055,6.659999847412109,6.25,6.25,52000
2023-09-18,6.289999961853027,6.46999979019165,6.199999809265137,6.300000190734863,25300
2023-09-19,6.269999980926514,6.449999809265137,6.010000228881836,6.369999885559082,46900
2023-09-20,6.199999809265137,6.480000019073486,6.150000095367432,6.300000190734863,9200
2023-09-21,5.96999979019165,6.400000095367432,5.875,6.150000095367432,31100
2023-09-22,5.889999866485596,6.150000095367432,5.800000190734863,6.150000095367432,33400
2023-09-25,5.760000228881836,6.150000095367432,5.690000057220459,5.960000038146973,19100
2023-09-26,5.900000095367432,6.039999961853027,5.760000228881836,5.760000228881836,7900
2023-09-27,6.099999904632568,6.190000057220459,5.639999866485596,6.0,31500
2023-09-28,5.980000019073486,6.190000057220459,5.820000171661377,6.099999904632568,7200
2023-09-29,5.96999979019165,6.074999809265137,5.820000171661377,6.070000171661377,12100
2023-10-02,5.809999942779541,6.260000228881836,5.599999904632568,6.21999979019165,17900
2023-10-03,5.900000095367432,5.920000076293945,5.800000190734863,5.829999923706055,10000
2023-10-04,5.619999885559082,6.190000057220459,5.619999885559082,6.190000057220459,6700
2023-10-05,5.800000190734863,6.039999961853027,5.659999847412109,5.809999942779541,16700
2023-10-06,5.909999847412109,6.026000022888184,5.820000171661377,5.820000171661377,2800
2023-10-09,6.0,6.199999809265137,5.71999979019165,5.929999828338623,5700
2023-10-10,6.599999904632568,6.695000171661377,6.010000228881836,6.130000114440918,60300
2023-10-11,6.630000114440918,6.730000019073486,6.429999828338623,6.5,4600
2023-10-12,6.71999979019165,6.860000133514404,6.630000114440918,6.743000030517578,7300
2023-10-13,6.900000095367432,7.76800012588501,6.510000228881836,6.659999847412109,62300
2023-10-16,7.400000095367432,7.849999904632568,6.909999847412109,7.114999771118164,33000
2023-10-17,7.409999847412109,7.619999885559082,7.28000020980835,7.440000057220459,8600
2023-10-18,7.429999828338623,7.800000190734863,7.389999866485596,7.559999942779541,20500
2023-10-19,7.170000076293945,7.320000171661377,7.039999961853027,7.289999961853027,4900
2023-10-20,7.409999847412109,7.429999828338623,7.199999809265137,7.199999809265137,4300
2023-10-23,7.21999979019165,7.590000152587891,7.175000190734863,7.25,33400
2023-10-24,7.340000152587891,7.699999809265137,7.179999828338623,7.380000114440918,18100
2023-10-25,7.340000152587891,7.400000095367432,6.25,7.230000019073486,115300
2023-10-26,7.090000152587891,7.21999979019165,6.784999847412109,7.139999866485596,20900
2023-10-27,6.929999828338623,7.389999866485596,6.916999816894531,7.21999979019165,40500
2023-10-30,7.340000152587891,7.409999847412109,7.010000228881836,7.010000228881836,14400
2023-10-31,7.260000228881836,7.349999904632568,7.09499979019165,7.349999904632568,6200
2023-11-01,7.090000152587891,7.284999847412109,7.090000152587891,7.230000019073486,4500
2023-11-02,7.119999885559082,7.440000057220459,7.119999885559082,7.21999979019165,5800
2023-11-03,7.090000152587891,7.409999847412109,6.989999771118164,7.349999904632568,31500
2023-11-06,7.550000190734863,7.889999866485596,7.129000186920166,7.159999847412109,18900
2023-11-07,7.619999885559082,7.869999885559082,6.710000038146973,6.710000038146973,16500
2023-11-08,7.440000057220459,7.699999809265137,7.006999969482422,7.5,6400
2023-11-09,7.099999904632568,7.289999961853027,6.96999979019165,7.040999889373779,7300
2023-11-10,6.849999904632568,7.0,6.619999885559082,7.0,3100
2023-11-13,7.039999961853027,7.230000019073486,6.627999782562256,6.820000171661377,14900
2023-11-14,6.78000020980835,7.25,6.60099983215332,7.210000038146973,23900
2023-11-15,7.400000095367432,7.60699987411499,6.699999809265137,6.699999809265137,14600
2023-11-16,7.300000190734863,7.440000057220459,7.074999809265137,7.440000057220459,11600
2023-11-17,7.639999866485596,7.840000152587891,7.252999782562256,7.269999980926514,25100
2023-11-20,7.889999866485596,7.960000038146973,7.400000095367432,7.510000228881836,15000
2023-11-21,7.5,7.920000076293945,7.323999881744385,7.71999979019165,18200
2023-11-22,7.570000171661377,7.869999885559082,7.400000095367432,7.650000095367432,10700
2023-11-24,7.75,7.960000038146973,7.679999828338623,7.860000133514404,3600
2023-11-27,7.53000020980835,7.75,7.5,7.5,8500
2023-11-28,7.010000228881836,7.670000076293945,7.010000228881836,7.260000228881836,10100
2023-11-29,6.71999979019165,7.260000228881836,6.695000171661377,6.929999828338623,35900
2023-11-30,6.460000038146973,6.888999938964844,6.460000038146973,6.880000114440918,7800
2023-12-01,6.519999980926514,6.656000137329102,6.381999969482422,6.525000095367432,5600
2023-12-04,6.519999980926514,6.934999942779541,6.289999961853027,6.289999961853027,5900
2023-12-05,6.534999847412109,6.900000095367432,6.421000003814697,6.809999942779541,11600
2023-12-06,6.369999885559082,6.869999885559082,6.329999923706055,6.644999980926514,16400
2023-12-07,6.519999980926514,6.53000020980835,6.320000171661377,6.320000171661377,9800
2023-12-08,6.510000228881836,6.659999847412109,6.429999828338623,6.429999828338623,4500
2023-12-11,6.570000171661377,6.578999996185303,6.264999866485596,6.429999828338623,15400
2023-12-12,6.510000228881836,6.78000020980835,6.099999904632568,6.340000152587891,12600
2023-12-13,6.829999923706055,6.829999923706055,6.198999881744385,6.510000228881836,7500
2023-12-14,6.989999771118164,7.0,6.639999866485596,6.949999809265137,17300
2023-12-15,6.190000057220459,6.690000057220459,5.75,6.690000057220459,75700
2023-12-18,5.329999923706055,6.03000020980835,5.0,5.78000020980835,128300
2023-12-19,5.519999980926514,6.0,5.269999980926514,5.550000190734863,27200
2023-12-20,5.210000038146973,5.510000228881836,5.059999942779541,5.5,17600
2023-12-21,5.050000190734863,5.380000114440918,4.940000057220459,5.210000038146973,69600
2023-12-22,5.260000228881836,5.400000095367432,5.070000171661377,5.070000171661377,10200
2023-12-26,5.210000038146973,5.53000020980835,5.045000076293945,5.170000076293945,42700
2023-12-27,5.099999904632568,5.5,5.050000190734863,5.119999885559082,37800
2023-12-28,5.260000228881836,5.369999885559082,5.090000152587891,5.090000152587891,27300
2023-12-29,7.630000114440918,8.5,5.300000190734863,5.300000190734863,429700
2024-01-02,8.25,8.449999809265137,6.760000228881836,7.400000095367432,125800
2024-01-03,9.149999618530273,11.210000038146973,8.100000381469727,8.359999656677246,241200
2024-01-04,11.770000457763672,12.829999923706055,9.229999542236328,9.229999542236328,382400
2024-01-05,11.470000267028809,13.460000038146973,11.25,11.3100004196167,123300
2024-01-08,10.319999694824219,11.600000381469727,9.640000343322754,11.600000381469727,64200
2024-01-09,10.239999771118164,10.319999694824219,9.906000137329102,10.319999694824219,21700
2024-01-10,12.130000114440918,12.199999809265137,10.09000015258789,10.09000015258789,54300
2024-01-11,11.720000267028809,12.760000228881836,11.520000457763672,12.289999961853027,18900
2024-01-12,11.270000457763672,12.239999771118164,11.0,11.630000114440918,17100
2024-01-16,10.640000343322754,11.420000076293945,10.4399995803833,11.086000442504883,23400
2024-01-17,10.350000381469727,11.0,10.199999809265137,10.989999771118164,19100
2024-01-18,10.479999542236328,10.670000076293945,10.180000305175781,10.180000305175781,15700
2024-01-19,11.529999732971191,11.682999610900879,10.25,10.34000015258789,29300
2024-01-22,12.0,12.25,11.390000343322754,11.390000343322754,16900
2024-01-23,13.25,13.32800006866455,12.204000473022461,12.25,26900
2024-01-24,14.449999809265137,14.979999542236328,12.899999618530273,13.25,84400
2024-01-25,14.949999809265137,15.0,13.970000267028809,14.65999984741211,15200
2024-01-26,16.350000381469727,16.350000381469727,14.520000457763672,15.0,29200
2024-01-29,13.119999885559082,16.59000015258789,13.119999885559082,16.5,60000
2024-01-30,11.289999961853027,13.329999923706055,11.140000343322754,12.90999984741211,26800
2024-01-31,11.239999771118164,11.423999786376953,11.029999732971191,11.119999885559082,3800
2024-02-01,6.25,11.850000381469727,6.039999961853027,11.109999656677246,201900
2024-02-02,6.53000020980835,8.039999961853027,5.25,6.989999771118164,158200
2024-02-05,6.599999904632568,6.849999904632568,5.980000019073486,6.53000020980835,24500
2024-02-06,7.260000228881836,7.449999809265137,6.440000057220459,6.440000057220459,41100
2024-02-07,7.309999942779541,7.460000038146973,7.090000152587891,7.420000076293945,7100
2024-02-08,6.940000057220459,7.420000076293945,6.739999771118164,7.420000076293945,8800
2024-02-09,7.269999980926514,7.449999809265137,6.40500020980835,6.710000038146973,10600
2024-02-12,7.230000019073486,7.442999839782715,6.760000228881836,6.760000228881836,6800
2024-02-13,7.349999904632568,7.435999870300293,6.909999847412109,7.010000228881836,5000
2024-02-14,7.400000095367432,7.489999771118164,7.119999885559082,7.119999885559082,6600
2024-02-15,8.380000114440918,8.760000228881836,7.110000133514404,7.5,49800
2024-02-16,8.210000038146973,8.350000381469727,7.941999912261963,8.279999732971191,2900
2024-02-20,8.210000038146973,8.510000228881836,7.800000190734863,8.149999618530273,4900
2024-02-21,8.279999732971191,8.489999771118164,7.880000114440918,8.489999771118164,2800
2024-02-22,7.760000228881836,8.395000457763672,7.25,8.119999885559082,12000
2024-02-23,7.519999980926514,7.800000190734863,7.5,7.734000205993652,18500
2024-02-26,7.519999980926514,8.109999656677246,7.510000228881836,7.699999809265137,5300
2024-02-27,8.149999618530273,8.164999961853027,7.520999908447266,8.164999961853027,4200
2024-02-28,7.664999961853027,8.0,7.360000133514404,8.0,3400
2024-02-29,7.809999942779541,8.0,7.639999866485596,7.639999866485596,4300
2024-03-01,7.929999828338623,8.0,7.590000152587891,7.824999809265137,2300
2024-03-04,7.989999771118164,8.149999618530273,7.690000057220459,7.760000228881836,7400
2024-03-05,8.550000190734863,8.795000076293945,7.760000228881836,7.920000076293945,26500
2024-03-06,10.100000381469727,10.979999542236328,8.57699966430664,9.857000350952148,74100
2024-03-07,9.199999809265137,11.35200023651123,8.319999694824219,10.5600004196167,62700
2024-03-08,8.010000228881836,9.300000190734863,8.010000228881836,9.210000038146973,31400
2024-03-11,8.0,8.5,7.699999809265137,8.050000190734863,37600
2024-03-12,7.46999979019165,8.319999694824219,7.409999847412109,8.0,14400
2024-03-13,7.309999942779541,7.730000019073486,7.0,7.420000076293945,26900
2024-03-14,6.980000019073486,7.480000019073486,6.565999984741211,7.480000019073486,19700
2024-03-15,7.610000133514404,7.610000133514404,6.980000019073486,6.989999771118164,36900
2024-03-18,7.300000190734863,7.599999904632568,7.070000171661377,7.379000186920166,14700
2024-03-19,6.550000190734863,7.300000190734863,6.550000190734863,7.010000228881836,12600
2024-03-20,6.800000190734863,7.099999904632568,6.5,6.75,32300
2024-03-21,6.5,6.84499979019165,6.360000133514404,6.679999828338623,17600
2024-03-22,6.559999942779541,7.099999904632568,6.320000171661377,6.320000171661377,12100
2024-03-25,6.599999904632568,6.769000053405762,6.559999942779541,6.559999942779541,4000
2024-03-26,6.300000190734863,6.829999923706055,6.300000190734863,6.829999923706055,6400
2024-03-27,6.5,6.760000228881836,6.289999961853027,6.289999961853027,14300
2024-03-28,6.5,6.829999923706055,6.360000133514404,6.360000133514404,6200
2024-04-01,6.301000118255615,6.695000171661377,6.301000118255615,6.489999771118164,9300
2024-04-02,6.380000114440918,6.690000057220459,6.25,6.489999771118164,6600
2024-04-03,6.329999923706055,6.5,6.329999923706055,6.4120001792907715,2200
2024-04-04,6.360000133514404,6.5,6.28000020980835,6.5,3500
2024-04-05,6.369999885559082,6.369999885559082,6.070000171661377,6.179999828338623,5100
2024-04-08,6.150000095367432,6.159999847412109,6.150000095367432,6.159999847412109,1300
2024-04-09,6.090000152587891,6.204999923706055,6.090000152587891,6.159999847412109,6300
2024-04-10,6.489999771118164,6.489999771118164,6.034999847412109,6.284999847412109,2600
2024-04-11,6.440000057220459,6.630000114440918,6.239999771118164,6.630000114440918,2500
2024-04-12,6.059999942779541,6.429999828338623,6.059999942779541,6.239999771118164,3400
2024-04-15,6.070000171661377,6.579999923706055,5.599999904632568,6.03000020980835,10000
2024-04-16,5.909999847412109,6.25,5.909999847412109,6.0,6000
2024-04-17,5.840000152587891,6.380000114440918,5.835000038146973,6.380000114440918,4200
2024-04-18,6.309999942779541,6.309999942779541,5.739999771118164,6.099999904632568,3200
2024-04-19,5.820000171661377,5.820000171661377,5.820000171661377,5.820000171661377,1200
2024-04-22,6.366000175476074,6.366000175476074,5.75,5.75,4400
2024-04-23,6.150000095367432,6.275000095367432,6.019999980926514,6.199999809265137,5800
2024-04-24,6.460000038146973,6.460000038146973,6.159999847412109,6.159999847412109,2200
2024-04-25,6.335000038146973,6.539999961853027,6.039999961853027,6.289999961853027,6800
2024-04-26,6.110000133514404,6.478000164031982,5.949999809265137,6.079999923706055,15800
2024-04-29,6.289999961853027,6.478000164031982,6.150000095367432,6.478000164031982,6800
2024-04-30,6.382999897003174,6.382999897003174,6.349999904632568,6.380000114440918,1500
2024-05-01,6.150000095367432,6.300000190734863,6.050000190734863,6.077000141143799,3300
2024-05-02,6.059999942779541,6.308000087738037,6.039999961853027,6.139999866485596,4700
2024-05-03,6.25,6.25,6.25,6.25,900
2024-05-06,6.25,6.375,6.191999912261963,6.191999912261963,2900
2024-05-07,6.300000190734863,6.489999771118164,6.300000190734863,6.34499979019165,3800
2024-05-08,6.420000076293945,6.420000076293945,6.110000133514404,6.300000190734863,5700
2024-05-09,6.050000190734863,6.409999847412109,6.010000228881836,6.010000228881836,14200
2024-05-10,6.159999847412109,6.329999923706055,6.019999980926514,6.019999980926514,22700
2024-05-13,6.070000171661377,6.289999961853027,6.019999980926514,6.019999980926514,16300
2024-05-14,6.09499979019165,6.232999801635742,5.665999889373779,6.039999961853027,24300
2024-05-15,6.159999847412109,6.244999885559082,5.900000095367432,5.900000095367432,7800
2024-05-16,6.119999885559082,6.179999828338623,6.071000099182129,6.090000152587891,24800
2024-05-17,5.989999771118164,6.079999923706055,5.760000228881836,5.760000228881836,5100
2024-05-20,5.900000095367432,5.929999828338623,5.900000095367432,5.929999828338623,2700
2024-05-21,6.170000076293945,6.170000076293945,5.900000095367432,5.900000095367432,1000
2024-05-22,5.960000038146973,6.150000095367432,5.900000095367432,6.150000095367432,5300
2024-05-23,5.96999979019165,6.090000152587891,5.900000095367432,6.059999942779541,3600
2024-05-24,5.949999809265137,6.079999923706055,5.900000095367432,5.941999912261963,12200
2024-05-28,5.980000019073486,6.230000019073486,5.909999847412109,5.909999847412109,2700
2024-05-29,6.039999961853027,6.039999961853027,5.866000175476074,6.0,1900
2024-05-30,6.039999961853027,6.039999961853027,5.909999847412109,5.909999847412109,700
2024-05-31,6.0,6.070000171661377,5.901000022888184,5.901000022888184,4200
2024-06-03,5.949999809265137,5.949999809265137,5.889999866485596,5.889999866485596,2900
2024-06-04,5.880000114440918,5.880000114440918,5.809999942779541,5.809999942779541,500
2024-06-05,5.829999923706055,5.855000019073486,5.814000129699707,5.814000129699707,2600
2024-06-06,5.800000190734863,5.986000061035156,5.800000190734863,5.849999904632568,4400
2024-06-07,5.550000190734863,5.775000095367432,5.550000190734863,5.75,11200
2024-06-10,5.579999923706055,5.949999809265137,5.559999942779541,5.559999942779541,14200
2024-06-11,5.630000114440918,5.809999942779541,5.559999942779541,5.559999942779541,2400
2024-06-12,5.400000095367432,5.730000019073486,5.400000095367432,5.730000019073486,8900
2024-06-13,5.320000171661377,5.803999900817871,5.300000190734863,5.6519999504089355,9600
2024-06-14,5.389999866485596,5.690000057220459,5.389999866485596,5.525000095367432,4100
2024-06-17,5.329999923706055,5.535999774932861,5.329999923706055,5.380000114440918,14200
2024-06-18,5.289999961853027,5.482999801635742,5.289999961853027,5.349999904632568,15800
2024-06-20,5.25,5.489999771118164,5.25,5.289999961853027,10300
2024-06-21,5.150000095367432,5.230000019073486,5.0,5.199999809265137,20500
2024-06-24,5.289999961853027,5.449999809265137,5.056000232696533,5.159999847412109,15900
2024-06-25,5.170000076293945,5.400000095367432,5.050000190734863,5.050000190734863,9800
2024-06-26,5.230000019073486,5.260000228881836,5.059999942779541,5.1570000648498535,9200
2024-06-27,5.199999809265137,5.25,5.079999923706055,5.25,2200
2024-06-28,5.440000057220459,5.445000171661377,5.110000133514404,5.289999961853027,10300
2024-07-01,5.269999980926514,5.5,5.099999904632568,5.369999885559082,15400
2024-07-02,5.300000190734863,5.5,5.130000114440918,5.13100004196167,3100
2024-07-03,5.28000020980835,5.28000020980835,5.28000020980835,5.28000020980835,300
2024-07-05,5.139999866485596,5.260000228881836,5.099999904632568,5.150000095367432,5300
2024-07-08,5.010000228881836,5.320000171661377,5.0,5.239999771118164,10200
2024-07-09,5.150000095367432,5.400000095367432,5.048999786376953,5.050000190734863,115700
2024-07-10,5.099999904632568,5.300000190734863,5.039999961853027,5.059999942779541,15600
2024-07-11,5.059999942779541,5.300000190734863,5.03000020980835,5.03000020980835,16500
2024-07-12,5.130000114440918,5.25,5.039999961853027,5.040999889373779,290200
2024-07-15,5.170000076293945,5.420000076293945,5.150000095367432,5.159999847412109,3700
2024-07-16,5.179999828338623,5.626999855041504,5.119999885559082,5.119999885559082,8300
2024-07-17,5.199999809265137,5.309999942779541,5.099999904632568,5.099999904632568,7100
2024-07-18,5.179999828338623,5.260000228881836,5.1519999504089355,5.179999828338623,1800
2024-07-19,5.239999771118164,5.539999961853027,5.176000118255615,5.199999809265137,10800
2024-07-22,5.21999979019165,5.275000095367432,5.159999847412109,5.159999847412109,2000
2024-07-23,5.289999961853027,5.389999866485596,5.110000133514404,5.110000133514404,3800
2024-07-24,5.210000038146973,5.360000133514404,5.210000038146973,5.360000133514404,500
2024-07-25,6.010000228881836,6.349999904632568,5.208000183105469,5.409999847412109,17200
2024-07-26,6.03000020980835,6.320000171661377,5.940000057220459,6.050000190734863,4400
2024-07-29,6.269999980926514,6.289999961853027,5.96999979019165,5.96999979019165,4100
2024-07-30,6.639999866485596,6.820000171661377,6.269999980926514,6.269999980926514,13300
2024-07-31,6.53000020980835,6.96999979019165,6.409999847412109,6.539999961853027,1900
2024-08-01,6.650000095367432,6.670000076293945,6.131999969482422,6.440000057220459,11100
2024-08-02,6.21999979019165,6.590000152587891,6.21999979019165,6.590000152587891,1700
2024-08-05,5.659999847412109,6.140999794006348,5.260000228881836,5.889999866485596,14900
2024-08-06,5.349999904632568,5.839000225067139,5.159999847412109,5.730000019073486,10500
2024-08-07,5.164000034332275,5.389999866485596,5.150000095367432,5.349999904632568,3300
2024-08-08,5.159999847412109,5.441999912261963,5.03000020980835,5.090000152587891,7000
2024-08-09,5.309999942779541,5.340000152587891,5.03000020980835,5.159999847412109,1200
2024-08-12,5.559999942779541,5.559999942779541,5.039999961853027,5.039999961853027,17700
2024-08-13,5.5,5.75,5.0980000495910645,5.75,9800
2024-08-14,5.590000152587891,5.590000152587891,5.086999893188477,5.572000026702881,3400
2024-08-15,5.099999904632568,5.559999942779541,5.099999904632568,5.449999809265137,16900
2024-08-16,5.059999942779541,5.333000183105469,5.03000020980835,5.099999904632568,10500
2024-08-19,5.085000038146973,5.239999771118164,4.690000057220459,5.03000020980835,41200
2024-08-20,5.291999816894531,5.291999816894531,5.050000190734863,5.199999809265137,1400
2024-08-21,5.144999980926514,5.197999954223633,5.041999816894531,5.0879998207092285,2600
2024-08-22,5.03000020980835,5.360000133514404,5.019999980926514,5.099999904632568,10500
2024-08-23,5.014999866485596,5.199999809265137,4.861000061035156,5.010000228881836,2500
2024-08-26,4.900000095367432,5.039999961853027,4.840000152587891,5.010000228881836,8000
2024-08-27,5.005000114440918,5.005000114440918,4.809999942779541,4.809999942779541,2100
2024-08-28,4.860000133514404,4.880000114440918,4.739999771118164,4.809999942779541,4800
2024-08-29,4.922999858856201,5.050000190734863,4.809999942779541,4.809999942779541,4000
2024-08-30,5.019999980926514,5.15500020980835,5.0,5.0,2900
2024-09-03,5.119999885559082,5.505000114440918,5.0269999504089355,5.099999904632568,15300
2024-09-04,5.0,5.400000095367432,5.0,5.050000190734863,20100
2024-09-05,5.28000020980835,5.309999942779541,4.900000095367432,5.190000057220459,7900
2024-09-06,5.0,5.281000137329102,4.900000095367432,5.199999809265137,7000
2024-09-09,4.920000076293945,5.079999923706055,4.7789998054504395,4.800000190734863,19600
2024-09-10,5.015999794006348,5.015999794006348,4.869999885559082,4.900000095367432,9300
2024-09-11,5.050000190734863,5.050000190734863,5.0,5.0,900
2024-09-12,5.460000038146973,5.5,5.099999904632568,5.099999904632568,8900
2024-09-13,5.264999866485596,5.489999771118164,5.050000190734863,5.461999893188477,12200
2024-09-16,5.130000114440918,5.291999816894531,5.099999904632568,5.164999961853027,10700
2024-09-17,5.0,5.429999828338623,5.0,5.03000020980835,6700
2024-09-18,5.039999961853027,5.203999996185303,4.940000057220459,5.190000057220459,8700
2024-09-19,5.389999866485596,5.5,4.933000087738037,4.933000087738037,12100
2024-09-20,5.360000133514404,5.360000133514404,4.860000133514404,4.860000133514404,3400
2024-09-23,5.190000057220459,5.190000057220459,4.909999847412109,5.050000190734863,10400
2024-09-24,5.170000076293945,5.170000076293945,5.0,5.0,1900
2024-09-25,5.0,5.394999980926514,5.0,5.130000114440918,7700
2024-09-26,5.059999942779541,5.284999847412109,5.019999980926514,5.119999885559082,6500
2024-09-27,5.110000133514404,5.224999904632568,5.0,5.0,2500
2024-09-30,5.21999979019165,5.349999904632568,5.090000152587891,5.090000152587891,10300
2024-10-01,5.288000106811523,5.550000190734863,5.150000095367432,5.150000095367432,7900
2024-10-02,5.208000183105469,5.210000038146973,5.119999885559082,5.119999885559082,2400
2024-10-03,5.28000020980835,5.369999885559082,5.019999980926514,5.210000038146973,8900
2024-10-04,5.199999809265137,5.5289998054504395,5.139999866485596,5.139999866485596,17200
2024-10-07,5.360000133514404,5.380000114440918,5.179999828338623,5.380000114440918,8500
2024-10-08,5.550000190734863,5.550000190734863,5.369999885559082,5.380000114440918,12100
2024-10-09,5.557000160217285,5.639999866485596,5.5,5.53000020980835,2500
2024-10-10,5.60099983215332,5.60099983215332,5.559999942779541,5.559999942779541,6700
2024-10-11,5.849999904632568,5.900000095367432,5.699999809265137,5.7270002365112305,29300
2024-10-14,5.840000152587891,5.920000076293945,5.78000020980835,5.781000137329102,3200
2024-10-15,5.78000020980835,5.78000020980835,5.78000020980835,5.78000020980835,800
2024-10-16,5.960000038146973,6.0,5.539999961853027,5.860000133514404,5900
2024-10-17,5.622000217437744,5.622000217437744,5.619999885559082,5.620999813079834,1800
2024-10-18,5.574999809265137,5.574999809265137,5.25,5.25,2400
2024-10-21,5.625999927520752,5.625999927520752,5.539999961853027,5.539999961853027,1200
2024-10-22,5.535999774932861,5.535999774932861,5.535999774932861,5.535999774932861,400
2024-10-23,5.5,5.551000118255615,5.5,5.551000118255615,2500
2024-10-24,5.110000133514404,5.25,5.050000190734863,5.25,7300
2024-10-25,5.110000133514404,5.304999828338623,5.025000095367432,5.025000095367432,5700
2024-10-28,5.0279998779296875,5.177000045776367,5.019999980926514,5.050000190734863,1500
2024-10-29,4.989999771118164,5.204999923706055,4.900000095367432,5.204999923706055,4400
2024-10-30,5.050000190734863,5.190000057220459,4.78000020980835,5.026000022888184,13100
2024-10-31,5.139999866485596,5.159999847412109,4.78000020980835,4.800000190734863,9200
2024-11-01,5.110000133514404,5.202000141143799,5.019000053405762,5.054999828338623,6900
2024-11-04,4.960000038146973,5.330999851226807,4.929999828338623,5.099999904632568,11100
2024-11-05,4.940000057220459,5.210000038146973,4.75,5.145999908447266,16500
2024-11-06,4.935999870300293,5.21999979019165,4.849999904632568,5.085000038146973,9300
2024-11-07,5.25,5.519999980926514,5.000999927520752,5.380000114440918,27500
2024-11-08,5.050000190734863,5.110000133514404,4.916999816894531,5.039999961853027,6200
2024-11-11,5.010000228881836,5.010000228881836,4.809999942779541,4.880000114440918,9300
2024-11-12,5.110000133514404,5.190000057220459,5.010000228881836,5.010000228881836,3200
2024-11-13,4.659999847412109,5.239999771118164,4.659999847412109,5.03000020980835,18900
2024-11-14,5.070000171661377,5.070000171661377,4.679999828338623,4.699999809265137,15000
2024-11-15,5.0,5.25,5.0,5.0,4200
2024-11-18,5.03000020980835,5.03000020980835,4.800000190734863,4.800000190734863,7400
2024-11-19,4.940000057220459,5.25,4.760000228881836,5.0,18800
2024-11-20,4.949999809265137,4.96999979019165,4.949999809265137,4.96999979019165,1800
2024-11-21,5.065000057220459,5.230000019073486,4.829999923706055,5.230000019073486,5100
2024-11-22,5.0,5.090000152587891,4.943999767303467,4.943999767303467,3800
2024-11-25,4.860000133514404,4.96999979019165,4.739999771118164,4.820000171661377,11500
2024-11-26,4.900000095367432,5.0,4.849999904632568,5.0,7300
2024-11-27,4.7729997634887695,5.099999904632568,4.7729997634887695,4.96999979019165,2300
2024-11-29,5.050000190734863,5.099999904632568,4.989999771118164,4.989999771118164,3100
2024-12-02,5.03000020980835,5.239999771118164,4.880000114440918,5.239999771118164,5900
2024-12-03,5.25,5.25,4.925000190734863,5.03000020980835,7000
2024-12-04,5.309999942779541,5.329999923706055,5.105000019073486,5.105000019073486,3600
2024-12-05,5.920000076293945,5.949999809265137,5.329999923706055,5.340000152587891,10500
2024-12-06,5.599999904632568,6.0,5.369999885559082,5.849999904632568,21800
2024-12-09,5.349999904632568,5.5,5.150000095367432,5.5,6600
2024-12-10,5.239999771118164,5.360000133514404,4.960000038146973,4.960000038146973,3700
2024-12-11,5.0,5.190000057220459,5.0,5.03000020980835,6500
2024-12-12,5.010000228881836,5.170000076293945,4.949999809265137,4.980000019073486,2500
2024-12-13,5.159999847412109,5.184000015258789,4.923999786376953,5.0,2700
2024-12-16,4.650000095367432,4.909999847412109,4.650000095367432,4.880000114440918,17700
2024-12-17,4.050000190734863,4.671000003814697,3.990000009536743,4.590000152587891,37300
2024-12-18,4.059999942779541,4.264999866485596,4.039999961853027,4.050000190734863,8900
2024-12-19,3.950000047683716,4.248000144958496,3.950000047683716,4.0,7000
2024-12-20,3.819999933242798,3.9600000381469727,3.7899999618530273,3.819999933242798,13500
2024-12-23,4.309999942779541,4.369999885559082,4.21999979019165,4.369999885559082,172000
2024-12-24,7.539999961853027,7.639999866485596,7.03000020980835,7.059999942779541,780100
2024-12-26,7.269999980926514,7.449999809265137,7.190000057220459,7.28000020980835,75300
