Date,Close,High,Low,Open,Volume
2000-04-11,21.9375,22.1875,17.625,18.0,4895500
2000-04-12,18.5,21.6875,18.0,21.625,783800
2000-04-13,18.0,19.75,17.953125,18.75,143400
2000-04-14,18.015625,18.25,17.875,18.0,226700
2000-04-17,18.0,18.3125,17.953125,18.3125,58300
2000-04-18,18.0,18.25,17.953125,18.0,104000
2000-04-19,18.0,18.125,17.953125,18.125,78000
2000-04-20,15.0,18.109375,14.5,18.0,35400
2000-04-24,14.625,15.75,14.375,14.578125,29900
2000-04-25,13.0,16.0,11.0,16.0,155900
2000-04-26,13.3125,13.75,12.875,13.1875,130800
2000-04-27,14.125,14.5,13.25,13.25,177200
2000-04-28,14.375,14.5,14.0625,14.375,94300
2000-05-01,16.75,17.375,15.0,15.0,99700
2000-05-02,17.875,18.5,16.3125,16.3125,155100
2000-05-03,18.25,19.0,17.375,18.0,105000
2000-05-04,19.25,19.375,17.6875,17.875,29200
2000-05-05,18.625,20.109375,18.25,18.5,45000
2000-05-08,17.3125,18.625,17.3125,18.5,27200
2000-05-09,17.5,17.625,17.5,17.5,121200
2000-05-10,16.375,17.25,14.625,17.25,86200
2000-05-11,15.9375,16.4375,15.0,16.25,75400
2000-05-12,16.375,16.625,15.625,15.625,13900
2000-05-15,15.75,16.5,15.75,16.5,31900
2000-05-16,14.625,16.0,14.515625,16.0,34400
2000-05-17,13.5,14.625,13.5,14.5,60500
2000-05-18,12.5,13.0,12.125,12.75,140100
2000-05-19,12.0,12.375,11.75,12.125,16200
2000-05-22,10.75,12.125,10.625,12.09375,157400
2000-05-23,10.875,11.8125,10.875,11.6875,26800
2000-05-24,9.75,11.375,9.625,11.25,116100
2000-05-25,10.75,11.25,9.875,10.5,85300
2000-05-26,10.5625,11.375,10.5625,10.96875,7200
2000-05-30,10.75,10.875,10.5625,10.875,61500
2000-05-31,10.5,10.875,9.875,10.71875,91300
2000-06-01,9.875,10.0,9.0,10.0,350300
2000-06-02,10.640625,11.25,10.25,10.25,6200
2000-06-05,10.875,11.125,10.75,11.0,14700
2000-06-06,10.75,10.875,10.375,10.875,112000
2000-06-07,11.5,11.5,10.375,10.875,137700
2000-06-08,12.0,13.0,11.8125,11.875,212100
2000-06-09,12.0,12.5,11.875,12.5,85000
2000-06-12,13.0,13.125,11.875,12.25,72400
2000-06-13,13.375,13.625,13.125,13.1875,67600
2000-06-14,15.0,15.625,13.5625,13.5625,178800
2000-06-15,14.625,15.25,13.875,15.0,36800
2000-06-16,14.875,15.125,14.875,14.96875,13200
2000-06-19,14.875,15.375,14.875,14.9375,6900
2000-06-20,14.875,14.875,14.875,14.875,4100
2000-06-21,14.25,15.0625,13.875,15.0625,55100
2000-06-22,14.0,14.25,14.0,14.125,24200
2000-06-23,13.625,14.125,13.25,14.0,38400
2000-06-26,16.0,16.5,13.375,13.75,148500
2000-06-27,14.0,16.0,14.0,15.65625,20900
2000-06-28,14.6875,15.3125,14.0,14.0,48600
2000-06-29,15.25,15.75,13.625,14.5,76400
2000-06-30,16.0625,16.5,15.0,15.0,33700
2000-07-03,15.75,16.25,15.75,16.25,6000
2000-07-05,15.625,16.125,14.875,16.125,49300
2000-07-06,15.0,15.875,15.0,15.625,33000
2000-07-07,15.75,15.875,15.5,15.875,30800
2000-07-10,17.0,17.375,15.5,15.5,51100
2000-07-11,17.5,18.0,16.875,16.875,23100
2000-07-12,18.8125,19.5,17.875,17.875,76700
2000-07-13,19.0,19.75,18.5,18.65625,24600
2000-07-14,19.0,19.25,18.5,19.21875,3600
2000-07-17,18.5,19.0625,18.375,19.0625,25000
2000-07-18,16.625,18.25,15.875,18.0,47900
2000-07-19,16.625,16.875,16.125,16.75,25500
2000-07-20,15.9375,16.875,15.9375,16.875,9800
2000-07-21,16.1875,16.25,15.9375,15.9375,16000
2000-07-24,15.375,16.375,15.375,16.375,19300
2000-07-25,15.875,16.0,15.4375,16.0,4600
2000-07-26,14.25,16.125,14.0,16.125,35100
2000-07-27,14.875,15.125,14.5,15.125,15200
2000-07-28,15.0,15.0,14.5,14.5625,11000
2000-07-31,15.375,15.375,14.8125,15.25,14600
2000-08-01,15.5,15.5625,15.375,15.5,5400
2000-08-02,15.5,15.5625,15.375,15.5,18900
2000-08-03,14.625,15.0,14.625,14.875,1900
2000-08-04,14.375,15.375,14.375,14.875,13400
2000-08-07,15.0,15.125,14.375,15.125,4600
2000-08-08,14.5,14.5,14.5,14.5,3200
2000-08-09,14.5,14.875,14.5,14.875,19900
2000-08-10,14.625,15.0,14.125,15.0,5700
2000-08-11,14.8125,14.875,14.28125,14.875,2200
2000-08-14,13.125,14.875,13.125,14.875,18000
2000-08-15,13.3125,13.75,13.3125,13.75,5500
2000-08-16,13.3125,14.0,13.3125,14.0,12300
2000-08-17,13.5,13.5,13.125,13.125,2900
2000-08-18,13.875,14.0,13.5,13.75,7500
2000-08-21,13.875,14.0,13.75,13.75,9000
2000-08-22,13.625,14.0,13.625,13.875,29900
2000-08-23,13.875,13.9375,13.375,13.9375,30100
2000-08-24,13.125,13.875,13.0,13.125,50000
2000-08-25,12.625,13.5,12.625,13.375,10000
2000-08-28,13.171875,13.171875,12.5,12.5,5800
2000-08-29,13.75,13.75,12.875,13.25,27000
2000-08-30,14.0,14.0,13.6875,13.84375,10000
2000-08-31,13.875,14.0,13.5,14.0,2800
2000-09-01,13.5,13.640625,13.5,13.625,2900
2000-09-05,13.4375,14.0,13.125,14.0,51200
2000-09-06,13.625,13.625,13.5,13.5,7700
2000-09-07,13.3125,13.625,13.125,13.5,28300
2000-09-08,12.125,13.3125,11.875,13.3125,25800
2000-09-11,11.75,12.0,11.1875,11.75,31500
2000-09-12,11.9375,12.0625,11.5,11.5,42100
2000-09-13,11.5,12.375,11.375,12.0,40900
2000-09-14,11.75,12.0,11.5,11.5,24400
2000-09-15,12.375,12.375,12.125,12.125,3800
2000-09-18,12.125,12.375,12.125,12.375,13100
2000-09-19,11.375,12.0,10.625,12.0,37300
2000-09-20,11.375,11.5,11.3125,11.5,8600
2000-09-21,11.5,11.5,11.25,11.25,3500
2000-09-22,11.0,11.0,10.5625,10.75,14600
2000-09-25,10.0,11.375,10.0,11.375,87900
2000-09-26,10.0,10.125,9.9375,10.125,86900
2000-09-27,10.125,10.625,10.0,10.0,27900
2000-09-28,10.0625,10.5,10.0,10.0,93700
2000-09-29,10.0,10.25,9.953125,10.25,3300
2000-10-02,9.0,10.0,9.0,10.0,129500
2000-10-03,8.5,9.125,8.375,9.0625,145200
2000-10-04,7.5,8.5,7.0,8.375,41000
2000-10-05,7.75,7.875,7.5,7.75,145300
2000-10-06,7.5625,8.0,7.5625,7.875,30700
2000-10-09,7.3125,7.75,7.125,7.6875,19700
2000-10-10,7.0,7.4375,6.875,7.40625,66700
2000-10-11,7.25,7.3125,6.8125,7.125,172300
2000-10-12,7.9375,7.9375,7.375,7.5,114900
2000-10-13,10.625,10.75,7.9375,8.0,39500
2000-10-16,11.75,11.8125,11.3125,11.3125,71700
2000-10-17,9.25,11.0,9.25,11.0,38200
2000-10-18,9.234375,9.234375,8.0,8.25,20600
2000-10-19,9.375,10.0,8.75,9.75,152100
2000-10-20,8.5,9.375,8.25,9.375,185700
2000-10-23,8.125,8.5,7.875,8.5,178200
2000-10-24,8.375,8.875,8.375,8.375,1000
2000-10-25,8.625,8.625,8.3125,8.5,12000
2000-10-26,8.4375,8.75,8.25,8.75,3400
2000-10-27,8.75,8.75,8.375,8.375,1700
2000-10-30,9.25,9.75,9.125,9.125,18600
2000-10-31,9.5,9.625,9.4375,9.4375,5300
2000-11-01,9.4375,9.5,9.375,9.4375,15400
2000-11-02,10.625,10.625,9.5,9.5,38800
2000-11-03,11.0,11.125,10.125,10.5,12000
2000-11-06,10.375,11.25,10.375,11.25,18600
2000-11-07,10.0,10.3125,9.75,10.3125,26800
2000-11-08,9.9375,10.0,9.75,10.0,12300
2000-11-09,9.75,10.0,9.75,9.75,31200
2000-11-10,9.625,9.625,9.5,9.5,1000
2000-11-13,9.625,9.6875,9.5,9.6875,12800
2000-11-14,9.625,9.875,9.5,9.875,16300
2000-11-15,9.9375,10.125,9.5,9.8125,22300
2000-11-16,10.0,10.0,9.75,9.8125,15800
2000-11-17,10.0,10.0,9.75,9.875,6000
2000-11-20,10.0,10.0625,9.75,9.875,23400
2000-11-21,9.875,10.0,9.875,10.0,6200
2000-11-22,9.6875,10.0,9.6875,9.875,65600
2000-11-24,9.75,9.75,9.75,9.75,300
2000-11-27,9.5,10.0,9.4375,9.75,36300
2000-11-28,9.3125,9.5,9.3125,9.5,3000
2000-11-29,9.625,9.9375,9.25,9.5,18900
2000-11-30,9.03125,9.3125,8.9375,9.125,16200
2000-12-01,9.125,9.125,8.75,9.03125,16500
2000-12-04,9.0,9.375,8.96875,9.375,30700
2000-12-05,8.96875,9.375,8.96875,8.96875,19600
2000-12-06,8.96875,8.96875,8.875,8.96875,2800
2000-12-07,8.875,8.875,8.875,8.875,3100
2000-12-08,8.875,9.0,8.875,9.0,11300
2000-12-11,9.625,9.625,9.0,9.125,19000
2000-12-12,9.4375,9.5625,9.4375,9.5,16300
2000-12-13,9.0625,9.6875,9.0,9.6875,20600
2000-12-14,9.0,9.0625,9.0,9.0,28900
2000-12-15,9.0,9.125,8.875,9.125,19900
2000-12-18,8.9375,8.9375,8.75,8.9375,20200
2000-12-19,8.875,8.9375,8.875,8.9375,14100
2000-12-20,8.3125,8.84375,8.25,8.84375,28100
2000-12-21,8.375,8.375,8.125,8.25,41800
2000-12-22,8.3125,8.3125,8.25,8.25,4900
2000-12-26,7.625,8.375,7.625,8.375,24500
2000-12-27,6.875,7.5,5.5,7.5,53700
2000-12-28,6.5625,6.875,6.375,6.625,86400
2000-12-29,6.9375,7.125,6.5,6.75,23700
2001-01-02,6.875,6.9375,6.875,6.9375,4100
2001-01-03,7.75,8.125,6.75,6.875,47900
2001-01-04,8.0,8.234375,7.75,8.234375,3000
2001-01-05,7.6875,8.125,7.6875,8.125,1100
2001-01-08,7.6875,7.96875,7.6875,7.96875,7700
2001-01-09,7.5625,7.9375,7.5625,7.75,3400
2001-01-10,7.625,7.8125,7.625,7.6875,3400
2001-01-11,8.5,8.75,7.53125,7.53125,22400
2001-01-12,8.5,8.625,8.4375,8.5,6100
2001-01-16,8.375,8.5,8.375,8.4375,9400
2001-01-17,10.0,10.125,8.5,8.5625,77800
2001-01-18,10.0,10.125,9.875,10.0,69300
2001-01-19,9.75,10.0625,9.625,10.0,12500
2001-01-22,9.625,9.625,9.375,9.625,23600
2001-01-23,9.625,9.625,9.5625,9.625,1200
2001-01-24,9.5,9.5,9.5,9.5,4300
2001-01-25,9.625,9.625,9.375,9.375,16000
2001-01-26,9.6875,9.6875,9.6875,9.6875,300
2001-01-29,9.75,9.875,9.5,9.5,29900
2001-01-30,9.875,9.875,9.75,9.75,5800
2001-01-31,10.1875,10.375,9.875,9.875,27000
2001-02-01,10.25,10.25,10.0625,10.25,5000
2001-02-02,9.4375,10.21875,9.4375,10.21875,12100
2001-02-05,9.25,9.375,9.125,9.25,15600
2001-02-06,9.125,9.125,9.125,9.125,200
2001-02-07,9.125,9.125,9.125,9.125,0
2001-02-08,8.375,9.25,8.375,9.125,11900
2001-02-09,7.75,8.25,7.375,8.25,13500
2001-02-12,8.0,8.0,7.75,8.0,4600
2001-02-13,8.0625,8.0625,7.96875,7.96875,2100
2001-02-14,8.28125,8.75,8.0,8.125,4600
2001-02-15,8.875,8.875,8.75,8.75,4200
2001-02-16,8.75,8.75,8.625,8.625,5900
2001-02-20,8.75,8.8125,8.75,8.75,4000
2001-02-21,7.4375,7.625,7.0,7.25,42200
2001-02-22,7.25,7.25,7.0,7.15625,14200
2001-02-23,7.125,7.1875,7.0,7.1875,22000
2001-02-26,7.0,7.125,6.9375,7.125,31700
2001-02-27,7.0,7.0,7.0,7.0,0
2001-02-28,7.125,7.125,7.125,7.125,1600
2001-03-01,7.0,7.125,7.0,7.0,51100
2001-03-02,6.6875,6.75,6.6875,6.75,700
2001-03-05,7.0,7.21875,7.0,7.0,33900
2001-03-06,7.25,7.3125,7.0,7.0,83300
2001-03-07,8.0,8.0,7.25,7.265625,12400
2001-03-08,8.0,8.0,8.0,8.0,0
2001-03-09,7.5,7.625,7.5,7.625,4300
2001-03-12,6.9375,7.5,6.875,7.5,30500
2001-03-13,6.8125,6.9375,6.75,6.9375,13600
2001-03-14,6.625,7.0,6.3125,6.8125,5800
2001-03-15,6.5,7.0,6.5,6.5,3200
2001-03-16,6.0625,6.5,6.0625,6.125,7000
2001-03-19,6.0,6.4375,5.9375,6.4375,6000
2001-03-20,5.9375,6.25,5.9375,6.125,1200
2001-03-21,4.6875,6.4375,4.375,6.375,24200
2001-03-22,4.75,5.0,4.75,5.0,6400
2001-03-23,5.9375,5.9375,4.75,4.75,11000
2001-03-26,5.8125,6.234375,5.75,5.75,3500
2001-03-27,5.9375,6.0,5.5625,5.8125,5600
2001-03-28,5.5,5.5625,5.5,5.5625,3400
2001-03-29,5.5,5.625,5.3125,5.3125,11600
2001-03-30,5.5,5.625,5.5,5.625,8000
2001-04-02,5.6875,5.6875,5.375,5.375,300
2001-04-03,4.625,5.5,4.625,5.3125,6900
2001-04-04,4.6875,5.0,4.4375,5.0,3200
2001-04-05,5.25,6.59375,4.84375,4.84375,30700
2001-04-06,5.375,5.375,4.25,5.125,14200
2001-04-09,5.380000114440918,5.380000114440918,5.050000190734863,5.380000114440918,12200
2001-04-10,6.25,6.25,5.0,5.0,9400
2001-04-11,6.380000114440918,6.5,6.199999809265137,6.199999809265137,10400
2001-04-12,6.349999904632568,6.349999904632568,6.0,6.0,26000
2001-04-16,6.300000190734863,6.349999904632568,6.300000190734863,6.349999904632568,4000
2001-04-17,6.0,6.0,5.679999828338623,5.679999828338623,2000
2001-04-18,6.920000076293945,7.099999904632568,6.25,6.25,13700
2001-04-19,7.050000190734863,7.050000190734863,7.0,7.0,300
2001-04-20,7.400000095367432,8.199999809265137,7.099999904632568,7.099999904632568,12800
2001-04-23,6.880000114440918,7.809999942779541,6.880000114440918,7.400000095367432,40200
2001-04-24,6.75,7.0,6.75,6.900000095367432,3100
2001-04-25,6.0,6.849999904632568,5.949999809265137,6.849999904632568,6500
2001-04-26,6.0,6.0,6.0,6.0,0
2001-04-27,6.449999809265137,6.449999809265137,6.050000190734863,6.050000190734863,300
2001-04-30,6.860000133514404,6.949999809265137,6.070000171661377,6.199999809265137,21100
2001-05-01,6.920000076293945,6.920000076293945,6.769999980926514,6.860000133514404,43000
2001-05-02,7.869999885559082,7.869999885559082,6.989999771118164,7.050000190734863,58300
2001-05-03,7.820000171661377,7.869999885559082,7.590000152587891,7.639999866485596,8200
2001-05-04,7.699999809265137,7.849999904632568,7.699999809265137,7.710000038146973,9000
2001-05-07,8.600000381469727,8.600000381469727,7.699999809265137,7.860000133514404,46000
2001-05-08,8.699999809265137,8.75,8.300000190734863,8.670000076293945,9200
2001-05-09,8.5600004196167,9.0,8.5600004196167,8.699999809265137,1800
2001-05-10,8.350000381469727,8.600000381469727,8.350000381469727,8.5600004196167,16800
2001-05-11,7.800000190734863,8.279999732971191,7.800000190734863,8.25,3900
2001-05-14,7.400000095367432,7.900000095367432,7.400000095367432,7.900000095367432,8000
2001-05-15,7.800000190734863,7.900000095367432,7.199999809265137,7.599999904632568,9900
2001-05-16,7.579999923706055,7.849999904632568,7.550000190734863,7.849999904632568,3100
2001-05-17,8.260000228881836,8.260000228881836,7.599999904632568,7.599999904632568,49300
2001-05-18,8.25,8.399999618530273,8.149999618530273,8.399999618530273,3000
2001-05-21,9.75,9.75,8.300000190734863,8.300000190734863,18100
2001-05-22,10.970000267028809,11.25,9.779999732971191,9.789999961853027,437100
2001-05-23,8.100000381469727,10.75,7.789999961853027,10.75,427700
2001-05-24,7.650000095367432,8.289999961853027,7.650000095367432,7.909999847412109,29400
2001-05-25,7.519999980926514,7.880000114440918,7.519999980926514,7.699999809265137,6700
2001-05-29,7.0,7.550000190734863,6.949999809265137,7.5,15700
2001-05-30,6.400000095367432,6.989999771118164,6.199999809265137,6.960000038146973,38900
2001-05-31,6.75,6.940000057220459,6.400000095367432,6.400000095367432,10400
2001-06-01,6.75,6.900000095367432,6.150000095367432,6.900000095367432,1764200
2001-06-04,6.25,6.989999771118164,6.25,6.730000019073486,111500
2001-06-05,6.090000152587891,6.599999904632568,5.829999923706055,6.389999866485596,39000
2001-06-06,6.099999904632568,6.25,5.599999904632568,6.130000114440918,919600
2001-06-07,6.550000190734863,6.550000190734863,5.900000095367432,6.0,32900
2001-06-08,6.230000019073486,6.690000057220459,6.150000095367432,6.690000057220459,12400
2001-06-11,6.110000133514404,6.199999809265137,6.110000133514404,6.179999828338623,4300
2001-06-12,6.079999923706055,6.079999923706055,6.079999923706055,6.079999923706055,1000
2001-06-13,6.079999923706055,6.079999923706055,6.050000190734863,6.079999923706055,3200
2001-06-14,5.849999904632568,6.050000190734863,5.849999904632568,6.050000190734863,14500
2001-06-15,5.75,5.849999904632568,5.710000038146973,5.849999904632568,3000
2001-06-18,5.550000190734863,5.900000095367432,5.550000190734863,5.900000095367432,5100
2001-06-19,5.300000190734863,5.5,5.300000190734863,5.5,11400
2001-06-20,5.400000095367432,5.5,5.300000190734863,5.320000171661377,21900
2001-06-21,5.5,5.5,5.409999847412109,5.449999809265137,12500
2001-06-22,5.550000190734863,5.699999809265137,5.400000095367432,5.400000095367432,12600
2001-06-25,6.0,6.0,5.550000190734863,5.800000190734863,14400
2001-06-26,6.03000020980835,6.159999847412109,5.949999809265137,6.010000228881836,18200
2001-06-27,6.199999809265137,6.389999866485596,6.019999980926514,6.170000076293945,28400
2001-06-28,6.230000019073486,6.400000095367432,6.150000095367432,6.400000095367432,12000
2001-06-29,5.860000133514404,6.159999847412109,5.860000133514404,6.159999847412109,21700
2001-07-02,5.900000095367432,6.0,5.800000190734863,6.0,8100
2001-07-03,4.75,5.610000133514404,4.25,5.610000133514404,74400
2001-07-05,4.800000190734863,4.880000114440918,4.650000095367432,4.880000114440918,8800
2001-07-06,4.849999904632568,4.849999904632568,4.699999809265137,4.809999942779541,900
2001-07-09,4.25,4.849999904632568,4.25,4.840000152587891,6900
2001-07-10,4.449999809265137,4.769999980926514,4.349999904632568,4.769999980926514,5700
2001-07-11,4.460000038146973,4.460000038146973,4.449999809265137,4.449999809265137,400
2001-07-12,4.650000095367432,4.96999979019165,4.5,4.53000020980835,20800
2001-07-13,4.800000190734863,4.889999866485596,4.599999904632568,4.889999866485596,3100
2001-07-16,4.570000171661377,4.849999904632568,4.570000171661377,4.769999980926514,5600
2001-07-17,4.550000190734863,4.579999923706055,4.5,4.550000190734863,3700
2001-07-18,4.539999961853027,4.800000190734863,4.449999809265137,4.800000190734863,28700
2001-07-19,4.5,4.5,4.5,4.5,100
2001-07-20,4.349999904632568,4.5,4.349999904632568,4.440000057220459,17900
2001-07-23,4.300000190734863,4.599999904632568,4.199999809265137,4.599999904632568,12400
2001-07-24,4.25,4.25,4.199999809265137,4.25,13600
2001-07-25,4.050000190734863,4.150000095367432,4.050000190734863,4.150000095367432,4700
2001-07-26,4.099999904632568,4.159999847412109,4.0,4.050000190734863,27100
2001-07-27,4.050000190734863,4.050000190734863,3.9000000953674316,4.0,21900
2001-07-30,3.9000000953674316,4.090000152587891,3.8499999046325684,4.090000152587891,12500
2001-07-31,3.8399999141693115,3.950000047683716,3.799999952316284,3.950000047683716,10600
2001-08-01,4.010000228881836,4.010000228881836,4.0,4.0,1000
2001-08-02,4.25,4.489999771118164,4.099999904632568,4.099999904632568,12600
2001-08-03,4.28000020980835,4.340000152587891,4.159999847412109,4.340000152587891,6600
2001-08-06,4.199999809265137,4.320000171661377,4.190000057220459,4.320000171661377,1400
2001-08-07,4.150000095367432,4.150000095367432,4.150000095367432,4.150000095367432,600
2001-08-08,4.099999904632568,4.199999809265137,4.099999904632568,4.159999847412109,6700
2001-08-09,4.0,4.099999904632568,4.0,4.099999904632568,1700
2001-08-10,4.0,4.050000190734863,4.0,4.0,2000
2001-08-13,4.0,4.0,4.0,4.0,0
2001-08-14,4.0,4.0,4.0,4.0,0
2001-08-15,4.0,4.0,4.0,4.0,0
2001-08-16,4.099999904632568,4.099999904632568,4.0,4.0,1600
2001-08-17,4.099999904632568,4.099999904632568,4.099999904632568,4.099999904632568,1800
2001-08-20,4.0,4.0,4.0,4.0,500
2001-08-21,4.0,4.0,4.0,4.0,0
2001-08-22,4.050000190734863,4.050000190734863,4.0,4.010000228881836,1000
2001-08-23,4.199999809265137,4.199999809265137,4.099999904632568,4.099999904632568,1000
2001-08-24,4.25,4.25,4.25,4.25,700
2001-08-27,4.349999904632568,4.349999904632568,4.25,4.25,6000
2001-08-28,4.550000190734863,4.550000190734863,4.400000095367432,4.400000095367432,15400
2001-08-29,4.460000038146973,4.460000038146973,4.460000038146973,4.460000038146973,500
2001-08-30,4.460000038146973,4.460000038146973,4.460000038146973,4.460000038146973,0
2001-08-31,4.400000095367432,4.400000095367432,4.28000020980835,4.400000095367432,1000
2001-09-04,4.449999809265137,4.449999809265137,4.150000095367432,4.150000095367432,2200
2001-09-05,4.199999809265137,4.300000190734863,4.150000095367432,4.300000190734863,2700
2001-09-06,4.050000190734863,4.150000095367432,4.0,4.150000095367432,2700
2001-09-07,3.950000047683716,4.130000114440918,3.950000047683716,4.050000190734863,6400
2001-09-10,3.799999952316284,3.9600000381469727,3.7899999618530273,3.9600000381469727,10600
2001-09-17,3.5999999046325684,3.759999990463257,3.5999999046325684,3.75,900
2001-09-18,3.5999999046325684,3.5999999046325684,3.5999999046325684,3.5999999046325684,2700
2001-09-19,3.5,3.6500000953674316,3.5,3.6500000953674316,4200
2001-09-20,3.0999999046325684,3.5,2.5399999618530273,3.5,17500
2001-09-21,2.700000047683716,2.9000000953674316,2.5999999046325684,2.9000000953674316,800
2001-09-24,2.8499999046325684,3.049999952316284,2.700000047683716,2.75,3300
2001-09-25,2.799999952316284,3.190000057220459,2.799999952316284,3.0399999618530273,3200
2001-09-26,3.0,3.0,2.5999999046325684,2.799999952316284,7200
2001-09-27,3.0,3.0,3.0,3.0,0
2001-09-28,2.4600000381469727,2.5999999046325684,2.200000047683716,2.5999999046325684,14700
2001-10-01,3.1500000953674316,3.1500000953674316,2.5999999046325684,2.5999999046325684,1800
2001-10-02,3.109999895095825,3.1500000953674316,3.109999895095825,3.1500000953674316,700
2001-10-03,3.0,3.109999895095825,2.8299999237060547,3.109999895095825,2800
2001-10-04,3.0399999618530273,3.200000047683716,2.990000009536743,2.990000009536743,1700
2001-10-05,3.0,3.0,2.75,2.75,600
2001-10-08,3.0,3.0,3.0,3.0,0
2001-10-09,3.0,3.0,3.0,3.0,0
2001-10-10,3.0,3.0,3.0,3.0,0
2001-10-11,3.049999952316284,3.049999952316284,3.049999952316284,3.049999952316284,100
2001-10-12,3.049999952316284,3.049999952316284,3.049999952316284,3.049999952316284,1000
2001-10-15,2.9000000953674316,2.950000047683716,2.9000000953674316,2.950000047683716,200
2001-10-16,2.8399999141693115,2.8399999141693115,2.4200000762939453,2.4200000762939453,405500
2001-10-17,3.0899999141693115,3.25,2.9800000190734863,2.9800000190734863,5700
2001-10-18,2.950000047683716,2.950000047683716,2.5,2.8499999046325684,1600
2001-10-19,2.950000047683716,2.950000047683716,2.950000047683716,2.950000047683716,2000
2001-10-22,2.9000000953674316,2.950000047683716,2.9000000953674316,2.950000047683716,1500
2001-10-23,2.5999999046325684,2.9000000953674316,2.509999990463257,2.9000000953674316,1900
2001-10-24,2.5999999046325684,2.5999999046325684,2.5999999046325684,2.5999999046325684,2200
2001-10-25,2.549999952316284,2.549999952316284,2.549999952316284,2.549999952316284,100
2001-10-26,2.609999895095825,2.700000047683716,2.549999952316284,2.559999942779541,10900
2001-10-29,2.5999999046325684,2.5999999046325684,2.5999999046325684,2.5999999046325684,4100
2001-10-30,2.5,2.5999999046325684,2.5,2.5999999046325684,10900
2001-10-31,2.5,2.5,2.5,2.5,500
2001-11-01,2.5,2.5,2.4000000953674316,2.5,18300
2001-11-02,2.5,2.5,2.4600000381469727,2.4600000381469727,1600
2001-11-05,2.5999999046325684,3.0,2.5,2.5,5400
2001-11-06,2.5199999809265137,2.5199999809265137,2.5199999809265137,2.5199999809265137,2000
2001-11-07,2.7100000381469727,2.7100000381469727,2.619999885559082,2.619999885559082,189700
2001-11-08,2.8499999046325684,2.8499999046325684,2.7200000286102295,2.7200000286102295,258600
2001-11-09,2.950000047683716,3.0,2.880000114440918,3.0,13300
2001-11-12,2.9000000953674316,3.0,2.8299999237060547,2.9800000190734863,15900
2001-11-13,3.0,3.0,2.950000047683716,2.950000047683716,8100
2001-11-14,3.0,3.009999990463257,3.0,3.009999990463257,1500
2001-11-15,3.0999999046325684,3.109999895095825,3.049999952316284,3.049999952316284,3800
2001-11-16,3.1500000953674316,3.180000066757202,3.0999999046325684,3.0999999046325684,6600
2001-11-19,3.3499999046325684,3.3499999046325684,3.200000047683716,3.2100000381469727,5000
2001-11-20,2.950000047683716,3.3499999046325684,2.049999952316284,3.1600000858306885,32000
2001-11-21,2.950000047683716,2.950000047683716,2.950000047683716,2.950000047683716,0
2001-11-23,3.009999990463257,3.009999990463257,3.009999990463257,3.009999990463257,500
2001-11-26,3.5,3.5,3.0,3.0,31800
2001-11-27,4.099999904632568,4.5,3.490000009536743,3.5,9300
2001-11-28,3.8299999237060547,3.9100000858306885,3.5999999046325684,3.9100000858306885,6100
2001-11-29,3.700000047683716,3.75,3.700000047683716,3.75,1400
2001-11-30,3.5,3.6500000953674316,3.5,3.6500000953674316,10100
2001-12-03,3.5999999046325684,3.5999999046325684,3.5,3.5,6400
2001-12-04,3.5999999046325684,3.5999999046325684,3.549999952316284,3.549999952316284,1000
2001-12-05,4.0,4.0,3.6500000953674316,3.6500000953674316,13500
2001-12-06,4.050000190734863,4.050000190734863,3.9600000381469727,3.9600000381469727,12400
2001-12-07,4.139999866485596,4.139999866485596,4.050000190734863,4.050000190734863,1700
2001-12-10,4.059999942779541,4.150000095367432,4.059999942779541,4.099999904632568,38700
2001-12-11,4.059999942779541,4.199999809265137,3.990000009536743,4.199999809265137,13200
2001-12-12,4.0,4.099999904632568,3.9700000286102295,4.099999904632568,12900
2001-12-13,3.9100000858306885,3.9800000190734863,3.9000000953674316,3.9800000190734863,2300
2001-12-14,3.799999952316284,3.9100000858306885,3.799999952316284,3.9100000858306885,1800
2001-12-17,3.9100000858306885,3.9100000858306885,3.809999942779541,3.809999942779541,800
2001-12-18,3.609999895095825,3.809999942779541,3.609999895095825,3.809999942779541,1500
2001-12-19,3.609999895095825,3.799999952316284,3.609999895095825,3.799999952316284,1000
2001-12-20,3.799999952316284,3.799999952316284,3.6600000858306885,3.799999952316284,3700
2001-12-21,3.799999952316284,3.799999952316284,3.799999952316284,3.799999952316284,0
2001-12-24,3.690000057220459,3.700000047683716,3.690000057220459,3.700000047683716,300
2001-12-26,3.880000114440918,3.880000114440918,3.690000057220459,3.690000057220459,400
2001-12-27,4.050000190734863,4.050000190734863,3.9100000858306885,3.990000009536743,96200
2001-12-28,4.03000020980835,4.090000152587891,4.03000020980835,4.03000020980835,3500
2001-12-31,4.25,4.25,4.019999980926514,4.019999980926514,3000
2002-01-02,4.150000095367432,4.150000095367432,4.150000095367432,4.150000095367432,1000
2002-01-03,4.150000095367432,4.150000095367432,4.150000095367432,4.150000095367432,0
2002-01-04,4.150000095367432,4.150000095367432,4.150000095367432,4.150000095367432,200
2002-01-07,4.150000095367432,4.150000095367432,4.150000095367432,4.150000095367432,200
2002-01-08,4.539999961853027,4.550000190734863,4.150000095367432,4.150000095367432,18500
2002-01-09,4.5,4.550000190734863,4.400000095367432,4.449999809265137,19800
2002-01-10,4.349999904632568,4.5,4.349999904632568,4.5,24400
2002-01-11,4.03000020980835,4.25,3.950000047683716,4.25,41300
2002-01-14,3.930000066757202,4.0,3.930000066757202,4.0,4400
2002-01-15,3.950000047683716,3.950000047683716,3.950000047683716,3.950000047683716,1000
2002-01-16,3.9000000953674316,3.950000047683716,3.9000000953674316,3.9000000953674316,7400
2002-01-17,3.950000047683716,3.950000047683716,3.9100000858306885,3.9100000858306885,1500
2002-01-18,3.75,4.050000190734863,3.700000047683716,3.9000000953674316,6000
2002-01-22,3.6500000953674316,3.950000047683716,3.549999952316284,3.75,83400
2002-01-23,3.799999952316284,3.8499999046325684,3.7899999618530273,3.8499999046325684,7500
2002-01-24,3.950000047683716,3.950000047683716,3.75,3.75,2200
2002-01-25,3.8499999046325684,4.0,3.8499999046325684,4.0,2100
2002-01-28,3.950000047683716,3.950000047683716,3.799999952316284,3.950000047683716,3700
2002-01-29,3.8499999046325684,4.010000228881836,3.8499999046325684,4.0,12000
2002-01-30,4.0,4.0,3.75,3.799999952316284,11800
2002-01-31,3.940000057220459,4.0,3.9000000953674316,3.990000009536743,14900
2002-02-01,3.8499999046325684,3.940000057220459,3.8499999046325684,3.940000057220459,11800
2002-02-04,3.880000114440918,3.9000000953674316,3.809999942779541,3.809999942779541,8700
2002-02-05,3.7799999713897705,3.8499999046325684,3.7799999713897705,3.799999952316284,5200
2002-02-06,3.799999952316284,3.799999952316284,3.700000047683716,3.700000047683716,2400
2002-02-07,3.6500000953674316,3.799999952316284,3.6500000953674316,3.700000047683716,1600
2002-02-08,3.75,3.75,3.75,3.75,100
2002-02-11,3.5999999046325684,3.799999952316284,3.5999999046325684,3.609999895095825,5200
2002-02-12,3.5999999046325684,3.5999999046325684,3.5999999046325684,3.5999999046325684,0
2002-02-13,3.859999895095825,3.859999895095825,3.700000047683716,3.700000047683716,5200
2002-02-14,3.700000047683716,3.7799999713897705,3.700000047683716,3.7799999713897705,3700
2002-02-15,3.9000000953674316,3.9000000953674316,3.700000047683716,3.700000047683716,21700
2002-02-19,3.9000000953674316,3.9000000953674316,3.9000000953674316,3.9000000953674316,0
2002-02-20,3.7300000190734863,3.7300000190734863,3.5999999046325684,3.609999895095825,42200
2002-02-21,3.7300000190734863,3.7300000190734863,3.7300000190734863,3.7300000190734863,0
2002-02-22,3.700000047683716,3.700000047683716,3.700000047683716,3.700000047683716,1000
2002-02-25,3.75,3.799999952316284,3.75,3.75,2000
2002-02-26,3.799999952316284,3.799999952316284,3.799999952316284,3.799999952316284,2500
2002-02-27,3.700000047683716,3.8499999046325684,3.700000047683716,3.799999952316284,800
2002-02-28,3.6500000953674316,4.349999904632568,3.509999990463257,3.8499999046325684,29300
2002-03-01,3.450000047683716,3.680000066757202,3.450000047683716,3.5,7100
2002-03-04,3.509999990463257,3.640000104904175,3.1500000953674316,3.640000104904175,29000
2002-03-05,3.549999952316284,3.609999895095825,3.5,3.5299999713897705,6200
2002-03-06,3.799999952316284,3.9000000953674316,3.569999933242798,3.569999933242798,6900
2002-03-07,3.5,3.799999952316284,3.5,3.799999952316284,1000
2002-03-08,3.799999952316284,3.8499999046325684,3.5,3.5,4900
2002-03-11,3.700000047683716,3.8499999046325684,3.5,3.8499999046325684,1600
2002-03-12,3.700000047683716,3.700000047683716,3.700000047683716,3.700000047683716,500
2002-03-13,3.680000066757202,3.700000047683716,3.680000066757202,3.700000047683716,2000
2002-03-14,3.75,3.75,3.75,3.75,500
2002-03-15,3.8299999237060547,3.8299999237060547,3.8299999237060547,3.8299999237060547,100
2002-03-18,3.8399999141693115,3.8399999141693115,3.799999952316284,3.799999952316284,4900
2002-03-19,3.8399999141693115,3.8399999141693115,3.8399999141693115,3.8399999141693115,0
2002-03-20,3.8399999141693115,3.8399999141693115,3.8399999141693115,3.8399999141693115,0
2002-03-21,3.8399999141693115,3.8399999141693115,3.8399999141693115,3.8399999141693115,0
2002-03-22,3.7100000381469727,3.75,3.7100000381469727,3.75,1000
2002-03-25,3.7100000381469727,3.7100000381469727,3.7100000381469727,3.7100000381469727,0
2002-03-26,3.700000047683716,3.75,3.700000047683716,3.75,4200
2002-03-27,3.700000047683716,3.700000047683716,3.700000047683716,3.700000047683716,0
2002-03-28,3.75,3.75,3.75,3.75,200
2002-04-01,3.700000047683716,3.75,3.700000047683716,3.75,700
2002-04-02,3.700000047683716,3.700000047683716,3.700000047683716,3.700000047683716,900
2002-04-03,3.700000047683716,3.700000047683716,3.700000047683716,3.700000047683716,0
2002-04-04,3.5,3.700000047683716,3.5,3.700000047683716,4700
2002-04-05,3.25,3.5999999046325684,3.25,3.5999999046325684,2100
2002-04-08,3.180000066757202,3.25,3.180000066757202,3.25,25300
2002-04-09,3.130000114440918,3.2200000286102295,3.130000114440918,3.2200000286102295,2300
2002-04-10,3.0999999046325684,3.0999999046325684,3.0999999046325684,3.0999999046325684,300
2002-04-11,3.0999999046325684,3.0999999046325684,3.0999999046325684,3.0999999046325684,0
2002-04-12,3.0999999046325684,3.0999999046325684,3.0999999046325684,3.0999999046325684,0
2002-04-15,3.0999999046325684,3.0999999046325684,3.0999999046325684,3.0999999046325684,0
2002-04-16,3.190000057220459,3.190000057220459,3.190000057220459,3.190000057220459,1000
2002-04-17,3.049999952316284,3.119999885559082,3.049999952316284,3.119999885559082,3500
2002-04-18,3.049999952316284,3.049999952316284,3.049999952316284,3.049999952316284,1200
2002-04-19,2.799999952316284,3.0299999713897705,2.7799999713897705,3.0,28700
2002-04-22,2.9600000381469727,2.9800000190734863,2.799999952316284,2.9800000190734863,4200
2002-04-23,2.819999933242798,2.819999933242798,2.809999942779541,2.809999942779541,400
2002-04-24,2.799999952316284,2.990000009536743,2.799999952316284,2.950000047683716,12100
2002-04-25,2.5999999046325684,2.869999885559082,2.5,2.7799999713897705,32100
2002-04-26,2.5999999046325684,2.5999999046325684,2.5999999046325684,2.5999999046325684,0
2002-04-29,2.5199999809265137,2.700000047683716,2.5199999809265137,2.5999999046325684,20200
2002-04-30,2.5,2.5999999046325684,2.5,2.549999952316284,8700
2002-05-01,2.5,2.549999952316284,2.5,2.5,10100
2002-05-02,2.5199999809265137,2.5899999141693115,2.5199999809265137,2.5899999141693115,1000
2002-05-03,2.549999952316284,2.549999952316284,2.549999952316284,2.549999952316284,2000
2002-05-06,2.5199999809265137,2.5199999809265137,2.5199999809265137,2.5199999809265137,2100
2002-05-07,2.299999952316284,2.5199999809265137,2.299999952316284,2.5199999809265137,4500
2002-05-08,2.630000114440918,2.630000114440918,2.4000000953674316,2.4000000953674316,4300
2002-05-09,2.630000114440918,2.630000114440918,2.630000114440918,2.630000114440918,800
2002-05-10,2.5,2.549999952316284,2.5,2.5,338300
2002-05-13,2.630000114440918,2.630000114440918,2.630000114440918,2.630000114440918,800
2002-05-14,2.75,2.75,2.700000047683716,2.700000047683716,8300
2002-05-15,2.5199999809265137,2.75,2.4800000190734863,2.75,16700
2002-05-16,2.549999952316284,2.549999952316284,2.5,2.5,16200
2002-05-17,2.549999952316284,2.549999952316284,2.5399999618530273,2.5399999618530273,2000
2002-05-20,2.5999999046325684,2.6700000762939453,2.569999933242798,2.6700000762939453,15500
2002-05-21,2.690000057220459,2.690000057220459,2.690000057220459,2.690000057220459,4000
2002-05-22,2.5999999046325684,2.5999999046325684,2.5999999046325684,2.5999999046325684,1500
2002-05-23,2.690000057220459,2.690000057220459,2.5999999046325684,2.5999999046325684,1900
2002-05-24,2.690000057220459,2.690000057220459,2.690000057220459,2.690000057220459,0
2002-05-28,2.5999999046325684,2.5999999046325684,2.5999999046325684,2.5999999046325684,2100
2002-05-29,2.5999999046325684,2.690000057220459,2.569999933242798,2.690000057220459,112000
2002-05-30,2.5999999046325684,2.6600000858306885,2.569999933242798,2.569999933242798,3600
2002-05-31,2.569999933242798,2.640000104904175,2.569999933242798,2.640000104904175,10200
2002-06-03,2.5999999046325684,2.5999999046325684,2.569999933242798,2.569999933242798,10900
2002-06-04,2.5999999046325684,2.5999999046325684,2.5999999046325684,2.5999999046325684,0
2002-06-05,2.430000066757202,2.5999999046325684,2.430000066757202,2.549999952316284,8200
2002-06-06,2.369999885559082,2.4600000381469727,2.369999885559082,2.450000047683716,6400
2002-06-07,2.4600000381469727,2.4600000381469727,2.3499999046325684,2.430000066757202,1600
2002-06-10,2.5,2.5,2.3399999141693115,2.450000047683716,2000
2002-06-11,2.299999952316284,2.4000000953674316,2.299999952316284,2.4000000953674316,2800
2002-06-12,2.190000057220459,2.309999942779541,2.130000114440918,2.299999952316284,27200
2002-06-13,2.2699999809265137,2.2699999809265137,2.2699999809265137,2.2699999809265137,500
2002-06-14,2.2699999809265137,2.2699999809265137,2.2699999809265137,2.2699999809265137,900
2002-06-17,2.3499999046325684,2.369999885559082,2.25,2.25,4600
2002-06-18,2.380000114440918,2.4200000762939453,2.359999895095825,2.4200000762939453,5600
2002-06-19,2.200000047683716,2.390000104904175,2.200000047683716,2.390000104904175,278500
2002-06-20,2.200000047683716,2.200000047683716,2.200000047683716,2.200000047683716,0
2002-06-21,2.25,2.390000104904175,2.25,2.390000104904175,1900
2002-06-24,2.2100000381469727,2.2100000381469727,2.2100000381469727,2.2100000381469727,2000
2002-06-25,2.1500000953674316,2.200000047683716,2.1500000953674316,2.200000047683716,5900
2002-06-26,2.130000114440918,2.130000114440918,2.130000114440918,2.130000114440918,2000
2002-06-27,2.200000047683716,2.2300000190734863,2.1600000858306885,2.1600000858306885,14500
2002-06-28,2.2300000190734863,2.2300000190734863,2.1700000762939453,2.1700000762939453,13800
2002-07-01,2.2200000286102295,2.2200000286102295,2.140000104904175,2.200000047683716,3400
2002-07-02,2.1700000762939453,2.1700000762939453,2.1500000953674316,2.1500000953674316,300
2002-07-03,2.190000057220459,2.190000057220459,2.190000057220459,2.190000057220459,2100
2002-07-05,2.1700000762939453,2.190000057220459,2.1600000858306885,2.190000057220459,3300
2002-07-08,2.1700000762939453,2.1700000762939453,2.1700000762939453,2.1700000762939453,0
2002-07-09,2.1500000953674316,2.200000047683716,2.1500000953674316,2.190000057220459,6600
2002-07-10,2.0999999046325684,2.200000047683716,2.0999999046325684,2.200000047683716,12700
2002-07-11,2.1700000762939453,2.1700000762939453,2.1600000858306885,2.1600000858306885,1100
2002-07-12,2.1600000858306885,2.2300000190734863,2.1600000858306885,2.190000057220459,3400
2002-07-15,2.190000057220459,2.190000057220459,2.190000057220459,2.190000057220459,100
2002-07-16,2.1500000953674316,2.190000057220459,2.1500000953674316,2.190000057220459,3500
2002-07-17,2.1500000953674316,2.180000066757202,2.1500000953674316,2.180000066757202,900
2002-07-18,2.140000104904175,2.140000104904175,2.140000104904175,2.140000104904175,300
2002-07-19,2.119999885559082,2.119999885559082,2.119999885559082,2.119999885559082,100
2002-07-22,2.0999999046325684,2.119999885559082,2.0899999141693115,2.119999885559082,4100
2002-07-23,2.009999990463257,2.0899999141693115,2.009999990463257,2.0899999141693115,5100
2002-07-24,1.8200000524520874,2.0,1.6799999475479126,2.0,363100
2002-07-25,1.8200000524520874,1.8200000524520874,1.8200000524520874,1.8200000524520874,0
2002-07-26,1.8200000524520874,1.8200000524520874,1.8200000524520874,1.8200000524520874,0
2002-07-29,1.7400000095367432,1.8600000143051147,1.7400000095367432,1.8600000143051147,2400
2002-07-30,1.690000057220459,1.7200000286102295,1.690000057220459,1.7200000286102295,1600
2002-07-31,1.590000033378601,1.690000057220459,1.590000033378601,1.690000057220459,3400
2002-08-01,1.5499999523162842,1.6100000143051147,1.4900000095367432,1.600000023841858,3600
2002-08-02,1.899999976158142,1.899999976158142,1.600000023841858,1.600000023841858,6200
2002-08-05,1.899999976158142,1.899999976158142,1.899999976158142,1.899999976158142,0
2002-08-06,1.7100000381469727,1.7100000381469727,1.7100000381469727,1.7100000381469727,100
2002-08-07,1.809999942779541,1.9299999475479126,1.809999942779541,1.9299999475479126,700
2002-08-08,1.809999942779541,1.809999942779541,1.809999942779541,1.809999942779541,0
2002-08-09,1.809999942779541,1.809999942779541,1.809999942779541,1.809999942779541,0
2002-08-12,1.7000000476837158,1.809999942779541,1.7000000476837158,1.809999942779541,2100
2002-08-13,1.600000023841858,1.7000000476837158,1.600000023841858,1.6100000143051147,400
2002-08-14,1.5700000524520874,1.5700000524520874,1.5700000524520874,1.5700000524520874,200
2002-08-15,1.5499999523162842,1.5700000524520874,1.5,1.5700000524520874,8400
2002-08-16,1.5099999904632568,1.5199999809265137,1.5099999904632568,1.5199999809265137,2100
2002-08-19,1.5,1.5099999904632568,1.5,1.5099999904632568,300
2002-08-20,1.5099999904632568,1.5099999904632568,1.5099999904632568,1.5099999904632568,800
2002-08-21,1.5,1.5499999523162842,1.5,1.5099999904632568,6400
2002-08-22,1.5,1.5,1.4700000286102295,1.4700000286102295,5800
2002-08-23,1.5,1.5,1.350000023841858,1.4700000286102295,13700
2002-08-26,1.5299999713897705,1.5299999713897705,1.309999942779541,1.5199999809265137,1000
2002-08-27,1.5299999713897705,1.5299999713897705,1.5299999713897705,1.5299999713897705,2000
2002-08-28,1.5099999904632568,1.5199999809265137,1.5,1.5,4100
2002-08-29,1.5199999809265137,1.5700000524520874,1.4500000476837158,1.5099999904632568,15200
2002-08-30,1.4900000095367432,1.6100000143051147,1.4700000286102295,1.6100000143051147,5000
2002-09-03,1.3899999856948853,1.4500000476837158,1.3200000524520874,1.4500000476837158,3100
2002-09-04,1.5099999904632568,1.5099999904632568,1.5099999904632568,1.5099999904632568,100
2002-09-05,1.5099999904632568,1.5099999904632568,1.5099999904632568,1.5099999904632568,0
2002-09-06,1.5099999904632568,1.5099999904632568,1.5099999904632568,1.5099999904632568,0
2002-09-09,1.409999966621399,1.409999966621399,1.409999966621399,1.409999966621399,100
2002-09-10,1.409999966621399,1.409999966621399,1.409999966621399,1.409999966621399,0
2002-09-11,1.409999966621399,1.409999966621399,1.409999966621399,1.409999966621399,0
2002-09-12,1.4500000476837158,1.4500000476837158,1.399999976158142,1.399999976158142,2100
2002-09-13,1.4500000476837158,1.4500000476837158,1.4500000476837158,1.4500000476837158,0
2002-09-16,1.350000023841858,1.3799999952316284,1.350000023841858,1.3799999952316284,1200
2002-09-17,1.2999999523162842,1.3300000429153442,1.2999999523162842,1.3300000429153442,700
2002-09-18,1.3300000429153442,1.350000023841858,1.2699999809265137,1.2999999523162842,5200
2002-09-19,1.25,1.2699999809265137,1.25,1.2699999809265137,3700
2002-09-20,1.25,1.25,1.25,1.25,0
2002-09-23,1.2300000190734863,1.2300000190734863,1.2300000190734863,1.2300000190734863,500
2002-09-24,1.2300000190734863,1.2300000190734863,1.2300000190734863,1.2300000190734863,100
2002-09-25,1.2000000476837158,1.2000000476837158,1.2000000476837158,1.2000000476837158,200
2002-09-26,1.2000000476837158,1.2000000476837158,1.2000000476837158,1.2000000476837158,0
2002-09-27,1.2000000476837158,1.2000000476837158,1.2000000476837158,1.2000000476837158,0
2002-09-30,1.1200000047683716,1.1799999475479126,0.8100000023841858,1.1799999475479126,84000
2002-10-01,1.149999976158142,1.149999976158142,1.149999976158142,1.149999976158142,200
2002-10-02,1.149999976158142,1.159999966621399,1.149999976158142,1.159999966621399,2600
2002-10-03,1.100000023841858,1.1200000047683716,1.100000023841858,1.1200000047683716,700
2002-10-04,1.100000023841858,1.100000023841858,1.100000023841858,1.100000023841858,0
2002-10-07,1.0,1.0499999523162842,1.0,1.0499999523162842,3300
2002-10-08,0.949999988079071,0.949999988079071,0.949999988079071,0.949999988079071,4100
2002-10-09,0.9100000262260437,0.949999988079071,0.9100000262260437,0.9100000262260437,7000
2002-10-10,0.9100000262260437,0.9200000166893005,0.9100000262260437,0.9200000166893005,1100
2002-10-11,0.8600000143051147,0.9100000262260437,0.8600000143051147,0.9100000262260437,2400
2002-10-14,0.8700000047683716,0.8700000047683716,0.8700000047683716,0.8700000047683716,1200
2002-10-15,1.149999976158142,1.149999976158142,0.9900000095367432,1.0,91800
2002-10-16,0.9900000095367432,1.0499999523162842,0.9900000095367432,1.0499999523162842,5000
2002-10-17,1.100000023841858,1.100000023841858,1.100000023841858,1.100000023841858,2800
2002-10-18,1.149999976158142,1.149999976158142,0.9900000095367432,1.0700000524520874,5600
2002-10-21,1.149999976158142,1.1699999570846558,1.149999976158142,1.1699999570846558,800
2002-10-22,1.149999976158142,1.149999976158142,1.149999976158142,1.149999976158142,0
2002-10-23,1.0800000429153442,1.100000023841858,1.0800000429153442,1.100000023841858,600
2002-10-24,1.100000023841858,1.100000023841858,1.100000023841858,1.100000023841858,4300
2002-10-25,1.100000023841858,1.100000023841858,1.100000023841858,1.100000023841858,100
2002-10-28,1.0700000524520874,1.100000023841858,1.0700000524520874,1.100000023841858,500
2002-10-29,1.0700000524520874,1.0700000524520874,1.0700000524520874,1.0700000524520874,0
2002-10-30,1.090000033378601,1.090000033378601,1.090000033378601,1.090000033378601,1000
2002-10-31,1.090000033378601,1.090000033378601,1.090000033378601,1.090000033378601,1100
2002-11-01,1.1299999952316284,1.1299999952316284,1.090000033378601,1.090000033378601,3300
2002-11-04,1.149999976158142,1.2200000286102295,1.1100000143051147,1.1100000143051147,2100
2002-11-05,1.149999976158142,1.149999976158142,1.149999976158142,1.149999976158142,0
2002-11-06,1.399999976158142,1.5499999523162842,1.2400000095367432,1.2400000095367432,7700
2002-11-07,1.4900000095367432,1.5,1.399999976158142,1.399999976158142,5900
2002-11-08,1.3300000429153442,1.399999976158142,1.3300000429153442,1.399999976158142,3400
2002-11-11,1.3300000429153442,1.3300000429153442,1.3300000429153442,1.3300000429153442,0
2002-11-12,1.4700000286102295,1.4700000286102295,1.3200000524520874,1.399999976158142,2400
2002-11-13,1.4500000476837158,1.4700000286102295,1.4500000476837158,1.4700000286102295,500
2002-11-14,1.4600000381469727,1.4600000381469727,1.2899999618530273,1.440000057220459,3600
2002-11-15,1.4500000476837158,1.4500000476837158,1.4500000476837158,1.4500000476837158,100
2002-11-18,1.409999966621399,1.409999966621399,1.409999966621399,1.409999966621399,1600
2002-11-19,1.3899999856948853,1.3899999856948853,1.3899999856948853,1.3899999856948853,1000
2002-11-20,1.340000033378601,1.340000033378601,1.340000033378601,1.340000033378601,500
2002-11-21,1.5299999713897705,1.5299999713897705,1.3300000429153442,1.3300000429153442,2500
2002-11-22,1.5,1.5,1.5,1.5,1500
2002-11-25,1.5299999713897705,1.5299999713897705,1.3799999952316284,1.399999976158142,3500
2002-11-26,1.5399999618530273,1.5399999618530273,1.5399999618530273,1.5399999618530273,4000
2002-11-27,1.5499999523162842,1.5499999523162842,1.4900000095367432,1.4900000095367432,9700
2002-11-29,1.6200000047683716,1.6200000047683716,1.340000033378601,1.5,3300
2002-12-02,1.6100000143051147,1.659999966621399,1.5,1.5499999523162842,8500
2002-12-03,1.7200000286102295,1.7699999809265137,1.6699999570846558,1.6699999570846558,2700
2002-12-04,1.7799999713897705,1.7899999618530273,1.7400000095367432,1.7400000095367432,2400
2002-12-05,1.75,1.75,1.75,1.75,100
2002-12-06,1.7899999618530273,1.7899999618530273,1.7100000381469727,1.7100000381469727,2900
2002-12-09,1.7100000381469727,1.7599999904632568,1.7100000381469727,1.7599999904632568,2000
2002-12-10,1.7100000381469727,1.7100000381469727,1.7100000381469727,1.7100000381469727,0
2002-12-11,1.75,1.75,1.75,1.75,2000
2002-12-12,1.840000033378601,1.840000033378601,1.7799999713897705,1.7799999713897705,400
2002-12-13,1.8200000524520874,1.8200000524520874,1.8200000524520874,1.8200000524520874,100
2002-12-16,1.8700000047683716,1.8700000047683716,1.8700000047683716,1.8700000047683716,1200
2002-12-17,1.8700000047683716,1.8700000047683716,1.75,1.75,3700
2002-12-18,2.0,2.0,1.7400000095367432,1.7400000095367432,2400
2002-12-19,1.9500000476837158,2.009999990463257,1.9500000476837158,2.0,2800
2002-12-20,1.9500000476837158,1.9500000476837158,1.9500000476837158,1.9500000476837158,0
2002-12-23,1.899999976158142,2.2699999809265137,1.899999976158142,1.9199999570846558,16100
2002-12-24,1.899999976158142,1.899999976158142,1.899999976158142,1.899999976158142,0
2002-12-26,1.7699999809265137,1.899999976158142,1.7699999809265137,1.899999976158142,10200
2002-12-27,1.4700000286102295,1.7200000286102295,1.4700000286102295,1.7200000286102295,1900
2002-12-30,1.3200000524520874,1.4199999570846558,1.3200000524520874,1.4199999570846558,3600
2002-12-31,1.5,1.5,1.0,1.159999966621399,97300
2003-01-02,1.4700000286102295,1.5099999904632568,1.4199999570846558,1.4199999570846558,3700
2003-01-03,1.5,1.5,1.5,1.5,400
2003-01-06,1.5099999904632568,1.5099999904632568,1.5099999904632568,1.5099999904632568,500
2003-01-07,1.5099999904632568,1.5099999904632568,1.5099999904632568,1.5099999904632568,0
2003-01-08,1.4800000190734863,1.5,1.4800000190734863,1.4900000095367432,2500
2003-01-09,1.600000023841858,1.7899999618530273,1.4700000286102295,1.4700000286102295,20800
2003-01-10,1.600000023841858,1.600000023841858,1.600000023841858,1.600000023841858,0
2003-01-13,1.7000000476837158,1.7000000476837158,1.690000057220459,1.690000057220459,1200
2003-01-14,1.7699999809265137,1.7699999809265137,1.75,1.75,19000
2003-01-15,1.7799999713897705,1.7799999713897705,1.75,1.75,88400
2003-01-16,1.840000033378601,1.840000033378601,1.7899999618530273,1.7899999618530273,500
2003-01-17,1.8700000047683716,1.8700000047683716,1.8700000047683716,1.8700000047683716,400
2003-01-21,1.909999966621399,1.909999966621399,1.8600000143051147,1.8600000143051147,1700
2003-01-22,1.909999966621399,1.909999966621399,1.909999966621399,1.909999966621399,0
2003-01-23,1.909999966621399,1.909999966621399,1.8799999952316284,1.909999966621399,2700
2003-01-24,2.009999990463257,2.0199999809265137,1.8799999952316284,1.8799999952316284,12500
2003-01-27,2.0,2.0299999713897705,1.909999966621399,1.909999966621399,137700
2003-01-28,2.0,2.0,2.0,2.0,1500
2003-01-29,2.0299999713897705,2.0299999713897705,2.0,2.0,7500
2003-01-30,2.0999999046325684,2.0999999046325684,2.059999942779541,2.069999933242798,2400
2003-01-31,2.0999999046325684,2.0999999046325684,2.0999999046325684,2.0999999046325684,0
2003-02-03,2.130000114440918,2.130000114440918,2.109999895095825,2.109999895095825,500
2003-02-04,2.059999942779541,2.1700000762939453,2.059999942779541,2.1700000762939453,2700
2003-02-05,2.0999999046325684,2.200000047683716,2.0999999046325684,2.0999999046325684,18000
2003-02-06,2.200000047683716,2.200000047683716,2.0799999237060547,2.0999999046325684,19100
2003-02-07,2.200000047683716,2.200000047683716,2.200000047683716,2.200000047683716,0
2003-02-10,2.119999885559082,2.119999885559082,2.119999885559082,2.119999885559082,2000
2003-02-11,2.200000047683716,2.2100000381469727,2.200000047683716,2.200000047683716,26900
2003-02-12,2.200000047683716,2.200000047683716,2.200000047683716,2.200000047683716,10500
2003-02-13,2.1600000858306885,2.1700000762939453,2.0999999046325684,2.1700000762939453,3000
2003-02-14,2.190000057220459,2.200000047683716,2.1500000953674316,2.1500000953674316,2600
2003-02-18,2.299999952316284,2.299999952316284,2.109999895095825,2.109999895095825,34200
2003-02-19,2.3499999046325684,2.3499999046325684,2.3499999046325684,2.3499999046325684,200
2003-02-20,2.4000000953674316,2.4000000953674316,2.390000104904175,2.390000104904175,2100
2003-02-21,2.4200000762939453,2.4200000762939453,2.4000000953674316,2.4000000953674316,400
2003-02-24,2.4600000381469727,2.490000009536743,2.4000000953674316,2.4000000953674316,10300
2003-02-25,2.619999885559082,2.619999885559082,2.5799999237060547,2.5799999237060547,5100
2003-02-26,2.5799999237060547,2.5899999141693115,2.5799999237060547,2.5899999141693115,1000
2003-02-27,2.5999999046325684,2.609999895095825,2.5799999237060547,2.609999895095825,4000
2003-02-28,2.5799999237060547,2.609999895095825,2.5799999237060547,2.609999895095825,2500
2003-03-03,2.4000000953674316,2.5799999237060547,2.4000000953674316,2.5799999237060547,7600
2003-03-04,2.130000114440918,2.3499999046325684,1.9500000476837158,2.3499999046325684,18200
2003-03-05,2.1500000953674316,2.1500000953674316,2.0899999141693115,2.140000104904175,60400
2003-03-06,2.200000047683716,2.200000047683716,2.190000057220459,2.190000057220459,1500
2003-03-07,2.119999885559082,2.130000114440918,2.119999885559082,2.130000114440918,400
2003-03-10,2.119999885559082,2.119999885559082,2.119999885559082,2.119999885559082,0
2003-03-11,2.119999885559082,2.119999885559082,2.119999885559082,2.119999885559082,0
2003-03-12,2.1500000953674316,2.1500000953674316,2.1500000953674316,2.1500000953674316,500
2003-03-13,2.1500000953674316,2.1600000858306885,2.130000114440918,2.130000114440918,20400
2003-03-14,2.1500000953674316,2.1500000953674316,2.1500000953674316,2.1500000953674316,0
2003-03-17,2.1500000953674316,2.1600000858306885,2.140000104904175,2.140000104904175,3600
2003-03-18,2.140000104904175,2.1500000953674316,2.140000104904175,2.1500000953674316,3500
2003-03-19,2.1700000762939453,2.1700000762939453,2.130000114440918,2.1500000953674316,4300
2003-03-20,2.1500000953674316,2.2100000381469727,2.119999885559082,2.119999885559082,6800
2003-03-21,2.2100000381469727,2.2699999809265137,2.2100000381469727,2.2200000286102295,1300
2003-03-24,2.180000066757202,2.180000066757202,2.180000066757202,2.180000066757202,100
2003-03-25,2.2100000381469727,2.3299999237060547,2.140000104904175,2.140000104904175,4500
2003-03-26,2.2100000381469727,2.2200000286102295,2.200000047683716,2.2200000286102295,4400
2003-03-27,2.2100000381469727,2.2100000381469727,2.2100000381469727,2.2100000381469727,0
2003-03-28,2.2200000286102295,2.2200000286102295,2.2200000286102295,2.2200000286102295,1000
2003-03-31,2.2200000286102295,2.2200000286102295,2.2200000286102295,2.2200000286102295,100
2003-04-01,2.2200000286102295,2.2200000286102295,2.2200000286102295,2.2200000286102295,0
2003-04-02,2.2300000190734863,2.2300000190734863,2.2200000286102295,2.2200000286102295,900
2003-04-03,2.2200000286102295,2.240000009536743,2.2200000286102295,2.2300000190734863,3500
2003-04-04,2.3399999141693115,2.3399999141693115,2.2100000381469727,2.2100000381469727,2100
2003-04-07,2.25,2.25,2.25,2.25,600
2003-04-08,2.25,2.309999942779541,2.2200000286102295,2.2699999809265137,36300
2003-04-09,2.25,2.25,2.25,2.25,0
2003-04-10,2.299999952316284,2.319999933242798,2.299999952316284,2.319999933242798,12700
2003-04-11,2.25,2.259999990463257,2.25,2.259999990463257,400
2003-04-14,2.299999952316284,2.299999952316284,2.2899999618530273,2.2899999618530273,1300
2003-04-15,2.319999933242798,2.319999933242798,2.25,2.25,200
2003-04-16,2.390000104904175,2.390000104904175,2.3499999046325684,2.3499999046325684,600
2003-04-17,2.390000104904175,2.390000104904175,2.390000104904175,2.390000104904175,0
2003-04-21,2.4000000953674316,2.4000000953674316,2.4000000953674316,2.4000000953674316,4600
2003-04-22,2.4000000953674316,2.4000000953674316,2.4000000953674316,2.4000000953674316,0
2003-04-23,2.2899999618530273,2.2899999618530273,2.2899999618530273,2.2899999618530273,100
2003-04-24,2.380000114440918,2.380000114440918,2.380000114440918,2.380000114440918,100
2003-04-25,2.380000114440918,2.380000114440918,2.380000114440918,2.380000114440918,0
2003-04-28,2.380000114440918,2.380000114440918,2.380000114440918,2.380000114440918,0
2003-04-29,2.5,2.5,2.4000000953674316,2.450000047683716,21800
2003-04-30,2.5,2.5,2.5,2.5,0
2003-05-01,2.509999990463257,2.549999952316284,2.5,2.5,6200
2003-05-02,2.509999990463257,2.509999990463257,2.509999990463257,2.509999990463257,0
2003-05-05,2.7300000190734863,2.7300000190734863,2.549999952316284,2.549999952316284,5500
2003-05-06,2.6500000953674316,2.759999990463257,2.6500000953674316,2.75,1400
2003-05-07,2.6500000953674316,2.6500000953674316,2.6500000953674316,2.6500000953674316,0
2003-05-08,2.7200000286102295,2.7200000286102295,2.7200000286102295,2.7200000286102295,100
2003-05-09,2.799999952316284,2.799999952316284,2.7300000190734863,2.7300000190734863,500
2003-05-12,2.700000047683716,2.7300000190734863,2.630000114440918,2.7300000190734863,3700
2003-05-13,2.7300000190734863,2.740000009536743,2.6500000953674316,2.6500000953674316,16200
2003-05-14,2.75,2.75,2.75,2.75,400
2003-05-15,2.680000066757202,2.75,2.680000066757202,2.75,4900
2003-05-16,2.799999952316284,2.799999952316284,2.75,2.75,5800
2003-05-19,2.5899999141693115,2.799999952316284,2.5899999141693115,2.7300000190734863,9500
2003-05-20,2.8499999046325684,2.8499999046325684,2.7100000381469727,2.7100000381469727,22500
2003-05-21,2.7799999713897705,2.8499999046325684,2.7799999713897705,2.7799999713897705,2100
2003-05-22,3.0299999713897705,3.0799999237060547,2.809999942779541,2.809999942779541,467800
2003-05-23,3.359999895095825,3.450000047683716,3.049999952316284,3.119999885559082,9300
2003-05-27,3.2200000286102295,3.369999885559082,3.1600000858306885,3.2699999809265137,6100
2003-05-28,3.430000066757202,3.430000066757202,3.259999990463257,3.2899999618530273,27200
2003-05-29,3.690000057220459,3.819999933242798,3.3399999141693115,3.369999885559082,51000
2003-05-30,3.9700000286102295,4.050000190734863,3.740000009536743,3.740000009536743,28800
2003-06-02,3.700000047683716,4.019999980926514,3.640000104904175,4.019999980926514,12000
2003-06-03,3.819999933242798,3.819999933242798,3.700000047683716,3.700000047683716,1600
2003-06-04,3.9000000953674316,4.0,3.609999895095825,3.75,21800
2003-06-05,4.139999866485596,4.139999866485596,3.9000000953674316,3.9000000953674316,24700
2003-06-06,4.300000190734863,5.28000020980835,4.139999866485596,4.139999866485596,25800
2003-06-09,3.990000009536743,4.179999828338623,3.990000009536743,4.139999866485596,4600
2003-06-10,3.9800000190734863,3.9800000190734863,3.9800000190734863,3.9800000190734863,100
2003-06-11,3.9800000190734863,3.9800000190734863,3.9800000190734863,3.9800000190734863,0
2003-06-12,3.890000104904175,3.890000104904175,3.890000104904175,3.890000104904175,100
2003-06-13,3.690000057220459,3.8399999141693115,3.690000057220459,3.8399999141693115,900
2003-06-16,3.6600000858306885,3.700000047683716,3.6600000858306885,3.700000047683716,3600
2003-06-17,3.5399999618530273,3.690000057220459,3.509999990463257,3.6600000858306885,2900
2003-06-18,3.5999999046325684,3.5999999046325684,3.559999942779541,3.5899999141693115,4000
2003-06-19,3.5999999046325684,3.5999999046325684,3.5999999046325684,3.5999999046325684,0
2003-06-20,3.549999952316284,3.7300000190734863,3.549999952316284,3.559999942779541,1300
2003-06-23,3.549999952316284,3.549999952316284,3.5299999713897705,3.5299999713897705,2800
2003-06-24,3.4600000381469727,3.559999942779541,3.4600000381469727,3.559999942779541,3500
2003-06-25,3.4600000381469727,3.5,3.440000057220459,3.440000057220459,10000
2003-06-26,3.5399999618530273,3.5399999618530273,3.5399999618530273,3.5399999618530273,400
2003-06-27,3.4600000381469727,3.5,3.430000066757202,3.4600000381469727,2800
2003-06-30,3.4600000381469727,3.5,3.4200000762939453,3.5,6600
2003-07-01,3.549999952316284,3.549999952316284,3.549999952316284,3.549999952316284,1000
2003-07-02,3.549999952316284,3.549999952316284,3.549999952316284,3.549999952316284,0
2003-07-03,3.549999952316284,3.549999952316284,3.549999952316284,3.549999952316284,0
2003-07-07,3.390000104904175,3.4600000381469727,3.130000114440918,3.4600000381469727,8700
2003-07-08,3.490000009536743,3.609999895095825,3.490000009536743,3.490000009536743,7600
2003-07-09,3.559999942779541,3.569999933242798,3.559999942779541,3.569999933242798,1000
2003-07-10,3.6700000762939453,3.859999895095825,3.559999942779541,3.6500000953674316,7500
2003-07-11,3.630000114440918,3.819999933242798,3.619999885559082,3.680000066757202,4300
2003-07-14,3.509999990463257,3.799999952316284,3.5,3.799999952316284,10000
2003-07-15,3.7799999713897705,3.9000000953674316,3.5,3.5,4100
2003-07-16,3.700000047683716,3.700000047683716,3.6500000953674316,3.6500000953674316,3600
2003-07-17,3.6500000953674316,3.6600000858306885,3.6500000953674316,3.6600000858306885,1400
2003-07-18,3.5,3.6600000858306885,3.450000047683716,3.5,3400
2003-07-21,3.5,3.5,3.5,3.5,1900
2003-07-22,3.700000047683716,3.700000047683716,3.5999999046325684,3.609999895095825,5800
2003-07-23,3.559999942779541,3.559999942779541,3.559999942779541,3.559999942779541,1500
2003-07-24,3.5899999141693115,3.5899999141693115,3.549999952316284,3.549999952316284,1900
2003-07-25,3.559999942779541,3.5999999046325684,3.559999942779541,3.5999999046325684,3100
2003-07-28,3.4700000286102295,3.4800000190734863,3.4700000286102295,3.4800000190734863,700
2003-07-29,3.4000000953674316,3.4100000858306885,3.4000000953674316,3.4100000858306885,15200
2003-07-30,3.2100000381469727,3.3499999046325684,3.200000047683716,3.2100000381469727,5500
2003-07-31,3.2200000286102295,3.4100000858306885,3.200000047683716,3.2100000381469727,24100
2003-08-01,3.2699999809265137,3.309999942779541,3.25,3.309999942779541,800
2003-08-04,3.2799999713897705,3.299999952316284,3.25,3.25,2800
2003-08-05,3.3499999046325684,3.3499999046325684,3.1500000953674316,3.3399999141693115,1700
2003-08-06,3.4700000286102295,3.630000114440918,3.299999952316284,3.4000000953674316,45500
2003-08-07,3.5,3.5,3.5,3.5,19600
2003-08-08,3.5,3.5,3.5,3.5,0
2003-08-11,3.630000114440918,3.6700000762939453,3.1700000762939453,3.369999885559082,8900
2003-08-12,3.490000009536743,3.490000009536743,3.490000009536743,3.490000009536743,100
2003-08-13,3.430000066757202,3.440000057220459,3.4200000762939453,3.4200000762939453,2600
2003-08-14,3.430000066757202,3.430000066757202,3.430000066757202,3.430000066757202,500
2003-08-15,3.4800000190734863,3.4800000190734863,3.4800000190734863,3.4800000190734863,100
2003-08-18,3.4800000190734863,3.4800000190734863,3.4800000190734863,3.4800000190734863,400
2003-08-19,3.440000057220459,3.509999990463257,3.440000057220459,3.5,900
2003-08-20,3.609999895095825,3.630000114440918,3.549999952316284,3.549999952316284,700
2003-08-21,3.609999895095825,3.609999895095825,3.609999895095825,3.609999895095825,0
2003-08-22,3.559999942779541,3.609999895095825,3.559999942779541,3.609999895095825,900
2003-08-25,3.7200000286102295,3.799999952316284,3.5999999046325684,3.5999999046325684,1700
2003-08-26,3.7300000190734863,3.9000000953674316,3.7300000190734863,3.890000104904175,500
2003-08-27,3.9600000381469727,3.9600000381469727,3.680000066757202,3.8499999046325684,11800
2003-08-28,3.950000047683716,3.9800000190734863,3.950000047683716,3.9800000190734863,700
2003-08-29,4.010000228881836,4.050000190734863,3.9700000286102295,3.9700000286102295,5400
2003-09-02,4.050000190734863,4.050000190734863,3.950000047683716,4.0,22200
2003-09-03,4.050000190734863,4.050000190734863,3.990000009536743,3.990000009536743,39900
2003-09-04,3.990000009536743,4.0,3.990000009536743,3.990000009536743,37000
2003-09-05,3.990000009536743,3.990000009536743,3.9600000381469727,3.9600000381469727,17500
2003-09-08,4.0,4.079999923706055,3.990000009536743,3.990000009536743,67100
2003-09-09,4.699999809265137,4.699999809265137,4.0,4.090000152587891,238200
2003-09-10,5.039999961853027,5.039999961853027,4.400000095367432,4.539999961853027,204800
2003-09-11,5.78000020980835,5.78000020980835,4.78000020980835,5.039999961853027,80400
2003-09-12,5.579999923706055,5.75,5.429999828338623,5.699999809265137,104400
2003-09-15,4.929999828338623,5.579999923706055,4.829999923706055,5.570000171661377,107200
2003-09-16,4.800000190734863,5.03000020980835,4.769999980926514,4.860000133514404,129100
2003-09-17,5.5,5.590000152587891,4.820000171661377,4.880000114440918,347300
2003-09-18,5.25,5.5,5.199999809265137,5.5,49900
2003-09-19,4.980000019073486,5.25,4.900000095367432,5.199999809265137,21400
2003-09-22,4.900000095367432,5.0,4.550000190734863,4.920000076293945,66200
2003-09-23,4.900000095367432,5.0,4.900000095367432,4.989999771118164,35600
2003-09-24,4.880000114440918,5.090000152587891,4.849999904632568,4.949999809265137,74600
2003-09-25,4.610000133514404,4.949999809265137,4.610000133514404,4.880000114440918,161100
2003-09-26,4.5,4.610000133514404,4.300000190734863,4.599999904632568,29300
2003-09-29,4.449999809265137,4.449999809265137,4.260000228881836,4.349999904632568,21400
2003-09-30,4.550000190734863,4.550000190734863,4.400000095367432,4.440000057220459,2800
2003-10-01,4.619999885559082,4.639999866485596,4.449999809265137,4.449999809265137,9000
2003-10-02,4.940000057220459,4.940000057220459,4.659999847412109,4.690000057220459,4300
2003-10-03,5.239999771118164,5.289999961853027,4.989999771118164,4.989999771118164,13500
2003-10-06,5.019999980926514,5.460000038146973,5.019999980926514,5.289999961853027,5600
2003-10-07,4.96999979019165,5.25,4.659999847412109,5.019999980926514,23100
2003-10-08,4.800000190734863,4.949999809265137,4.71999979019165,4.949999809265137,10500
2003-10-09,4.829999923706055,5.090000152587891,4.820000171661377,4.900000095367432,11800
2003-10-10,4.78000020980835,4.820000171661377,4.75,4.820000171661377,11700
2003-10-13,5.039999961853027,5.099999904632568,4.75,4.75,6800
2003-10-14,4.900000095367432,5.050000190734863,4.809999942779541,5.050000190734863,10800
2003-10-15,5.300000190734863,5.489999771118164,4.900000095367432,4.96999979019165,99200
2003-10-16,5.329999923706055,5.329999923706055,5.0,5.199999809265137,83500
2003-10-17,5.389999866485596,5.389999866485596,5.150000095367432,5.230000019073486,7900
2003-10-20,6.130000114440918,6.849999904632568,5.349999904632568,5.389999866485596,136200
2003-10-21,6.110000133514404,6.5,5.800000190734863,6.349999904632568,63800
2003-10-22,5.989999771118164,6.309999942779541,5.849999904632568,5.889999866485596,26900
2003-10-23,5.639999866485596,6.199999809265137,5.639999866485596,6.0,35100
2003-10-24,5.849999904632568,6.110000133514404,5.619999885559082,5.639999866485596,15400
2003-10-27,5.699999809265137,5.840000152587891,5.699999809265137,5.840000152587891,900
2003-10-28,5.960000038146973,6.199999809265137,5.71999979019165,5.889999866485596,59400
2003-10-29,5.699999809265137,6.0,5.699999809265137,6.0,7600
2003-10-30,5.78000020980835,5.800000190734863,5.570000171661377,5.650000095367432,11500
2003-10-31,5.920000076293945,6.199999809265137,5.650000095367432,6.0,36600
2003-11-03,6.070000171661377,6.199999809265137,5.920000076293945,6.0,37800
2003-11-04,5.860000133514404,6.099999904632568,5.75,6.099999904632568,30900
2003-11-05,5.900000095367432,6.0,5.619999885559082,5.800000190734863,16700
2003-11-06,5.900000095367432,5.900000095367432,5.739999771118164,5.820000171661377,6500
2003-11-07,5.71999979019165,6.099999904632568,5.710000038146973,5.900000095367432,20100
2003-11-10,5.96999979019165,6.210000038146973,5.670000076293945,5.670000076293945,47800
2003-11-11,6.5,6.639999866485596,6.019999980926514,6.019999980926514,81900
2003-11-12,6.639999866485596,6.699999809265137,6.28000020980835,6.449999809265137,46800
2003-11-13,7.190000057220459,7.369999885559082,6.630000114440918,6.630000114440918,328300
2003-11-14,7.099999904632568,7.199999809265137,6.789999961853027,7.199999809265137,56300
2003-11-17,6.900000095367432,7.099999904632568,6.53000020980835,7.0,43200
2003-11-18,6.800000190734863,7.0,6.769999980926514,6.820000171661377,13700
2003-11-19,6.639999866485596,6.980000019073486,6.619999885559082,6.840000152587891,89700
2003-11-20,6.610000133514404,6.949999809265137,6.5,6.949999809265137,29500
2003-11-21,6.099999904632568,6.699999809265137,6.079999923706055,6.699999809265137,87100
2003-11-24,6.650000095367432,6.699999809265137,6.079999923706055,6.079999923706055,16800
2003-11-25,6.5,6.650000095367432,6.46999979019165,6.650000095367432,42400
2003-11-26,6.5,6.650000095367432,6.099999904632568,6.599999904632568,10800
2003-11-28,6.400000095367432,6.5,6.369999885559082,6.369999885559082,8700
2003-12-01,6.489999771118164,6.869999885559082,6.340000152587891,6.369999885559082,32800
2003-12-02,6.900000095367432,7.070000171661377,6.309999942779541,6.309999942779541,315400
2003-12-03,7.059999942779541,7.599999904632568,6.820000171661377,6.820000171661377,397600
2003-12-04,6.900000095367432,7.170000076293945,6.599999904632568,7.170000076293945,69700
2003-12-05,6.880000114440918,6.949999809265137,6.610000133514404,6.949999809265137,11700
2003-12-08,6.599999904632568,6.900000095367432,6.349999904632568,6.900000095367432,123600
2003-12-09,6.349999904632568,6.610000133514404,6.349999904632568,6.610000133514404,22700
2003-12-10,6.090000152587891,6.5,6.079999923706055,6.5,84100
2003-12-11,6.0,6.389999866485596,5.900000095367432,6.070000171661377,29100
2003-12-12,6.190000057220459,6.190000057220459,6.019999980926514,6.019999980926514,4800
2003-12-15,5.949999809265137,6.21999979019165,5.949999809265137,6.199999809265137,11100
2003-12-16,5.380000114440918,6.0,5.320000171661377,5.829999923706055,103100
2003-12-17,5.179999828338623,5.369999885559082,5.010000228881836,5.300000190734863,26800
2003-12-18,5.340000152587891,5.579999923706055,5.25,5.380000114440918,22200
2003-12-19,5.480000019073486,5.5,5.360000133514404,5.440000057220459,10200
2003-12-22,5.75,5.869999885559082,5.269999980926514,5.769999980926514,138100
2003-12-23,5.690000057220459,6.019999980926514,5.559999942779541,5.789999961853027,91100
2003-12-24,5.320000171661377,5.75,5.269999980926514,5.670000076293945,20000
2003-12-26,5.300000190734863,5.360000133514404,5.300000190734863,5.360000133514404,8900
2003-12-29,5.579999923706055,5.769999980926514,5.320000171661377,5.570000171661377,37600
2003-12-30,5.75,5.840000152587891,5.599999904632568,5.679999828338623,30000
2003-12-31,5.880000114440918,5.880000114440918,5.659999847412109,5.659999847412109,14200
2004-01-02,5.900000095367432,6.090000152587891,5.75,5.949999809265137,40100
2004-01-05,6.230000019073486,6.46999979019165,5.949999809265137,5.989999771118164,103200
2004-01-06,6.380000114440918,6.46999979019165,6.139999866485596,6.139999866485596,111500
2004-01-07,7.21999979019165,7.21999979019165,6.199999809265137,6.420000076293945,232900
2004-01-08,7.079999923706055,7.199999809265137,6.829999923706055,7.130000114440918,84200
2004-01-09,7.340000152587891,7.449999809265137,7.130000114440918,7.139999866485596,71700
2004-01-12,8.199999809265137,8.210000038146973,7.179999828338623,7.289999961853027,115300
2004-01-13,7.889999866485596,8.15999984741211,7.769999980926514,8.15999984741211,47100
2004-01-14,8.010000228881836,8.100000381469727,7.809999942779541,7.809999942779541,57000
2004-01-15,8.0,8.100000381469727,7.909999847412109,8.010000228881836,39800
2004-01-16,8.15999984741211,8.15999984741211,7.909999847412109,7.920000076293945,60000
2004-01-20,8.050000190734863,8.15999984741211,8.050000190734863,8.15999984741211,85300
2004-01-21,7.420000076293945,7.949999809265137,7.179999828338623,7.949999809265137,49600
2004-01-22,7.829999923706055,7.900000095367432,7.25,7.25,12400
2004-01-23,7.659999847412109,7.860000133514404,7.5,7.5,5900
2004-01-26,8.079999923706055,8.140000343322754,7.699999809265137,7.699999809265137,29100
2004-01-27,7.869999885559082,8.149999618530273,7.730000019073486,7.849999904632568,4600
2004-01-28,7.630000114440918,7.869999885559082,7.610000133514404,7.869999885559082,27500
2004-01-29,7.460000038146973,7.849999904632568,7.460000038146973,7.849999904632568,7100
2004-01-30,7.670000076293945,7.929999828338623,7.449999809265137,7.449999809265137,4400
2004-02-02,7.010000228881836,7.5,6.960000038146973,7.449999809265137,17200
2004-02-03,6.789999961853027,7.010000228881836,6.739999771118164,7.010000228881836,12200
2004-02-04,6.75,6.829999923706055,6.559999942779541,6.829999923706055,9500
2004-02-05,6.650000095367432,6.730000019073486,6.480000019073486,6.650000095367432,13600
2004-02-06,6.639999866485596,6.639999866485596,6.559999942779541,6.579999923706055,9500
2004-02-09,6.840000152587891,7.099999904632568,6.650000095367432,6.659999847412109,16500
2004-02-10,6.71999979019165,6.829999923706055,6.599999904632568,6.829999923706055,11100
2004-02-11,6.989999771118164,7.0,6.599999904632568,6.650000095367432,16100
2004-02-12,7.699999809265137,7.820000171661377,7.0,7.010000228881836,55000
2004-02-13,7.800000190734863,7.800000190734863,7.25,7.489999771118164,18700
2004-02-17,7.5,7.949999809265137,7.349999904632568,7.5,10800
2004-02-18,7.190000057220459,7.760000228881836,7.159999847412109,7.75,27500
2004-02-19,7.199999809265137,7.489999771118164,7.199999809265137,7.420000076293945,22500
2004-02-20,7.0,7.559999942779541,6.960000038146973,7.559999942779541,7700
2004-02-23,6.96999979019165,7.329999923706055,6.760000228881836,6.960000038146973,23700
2004-02-24,6.639999866485596,7.199999809265137,6.599999904632568,7.199999809265137,20700
2004-02-25,6.340000152587891,6.690000057220459,6.199999809265137,6.639999866485596,111100
2004-02-26,6.5,6.599999904632568,6.309999942779541,6.5,14900
2004-02-27,6.400000095367432,6.590000152587891,6.159999847412109,6.5,51500
2004-03-01,6.21999979019165,6.699999809265137,6.0,6.159999847412109,109700
2004-03-02,6.269999980926514,6.5,6.110000133514404,6.5,4000
2004-03-03,6.320000171661377,6.5,6.25,6.25,2900
2004-03-04,6.639999866485596,6.639999866485596,6.289999961853027,6.289999961853027,17900
2004-03-05,6.420000076293945,6.5,6.420000076293945,6.5,1100
2004-03-08,6.309999942779541,6.739999771118164,6.309999942779541,6.420000076293945,11500
2004-03-09,6.349999904632568,6.590000152587891,6.210000038146973,6.349999904632568,25300
2004-03-10,5.71999979019165,6.5,5.519999980926514,6.340000152587891,56300
2004-03-11,5.699999809265137,6.300000190734863,5.53000020980835,5.53000020980835,37800
2004-03-12,5.650000095367432,6.159999847412109,5.539999961853027,6.159999847412109,12500
2004-03-15,5.650000095367432,5.650000095367432,5.650000095367432,5.650000095367432,0
2004-03-16,5.150000095367432,5.710000038146973,5.150000095367432,5.5,34400
2004-03-17,5.489999771118164,5.5,5.159999847412109,5.400000095367432,57200
2004-03-18,5.460000038146973,5.659999847412109,5.349999904632568,5.5,25500
2004-03-19,5.800000190734863,6.489999771118164,5.579999923706055,5.579999923706055,8600
2004-03-22,5.5,5.809999942779541,5.400000095367432,5.809999942779541,2200
2004-03-23,5.400000095367432,5.71999979019165,5.400000095367432,5.71999979019165,7000
2004-03-24,5.409999847412109,5.510000228881836,5.349999904632568,5.400000095367432,6500
2004-03-25,5.789999961853027,5.820000171661377,5.449999809265137,5.480000019073486,11500
2004-03-26,5.849999904632568,5.849999904632568,5.739999771118164,5.739999771118164,3300
2004-03-29,5.570000171661377,5.849999904632568,5.570000171661377,5.849999904632568,3800
2004-03-30,5.820000171661377,5.829999923706055,5.650000095367432,5.820000171661377,16600
2004-03-31,5.980000019073486,5.980000019073486,5.760000228881836,5.829999923706055,27200
2004-04-01,6.159999847412109,6.400000095367432,5.909999847412109,5.989999771118164,33500
2004-04-02,6.239999771118164,6.269999980926514,6.170000076293945,6.210000038146973,6400
2004-04-05,6.320000171661377,6.400000095367432,6.159999847412109,6.309999942779541,9000
2004-04-06,6.480000019073486,6.550000190734863,6.340000152587891,6.340000152587891,14200
2004-04-07,6.78000020980835,7.21999979019165,6.489999771118164,6.489999771118164,203000
2004-04-08,7.300000190734863,7.300000190734863,6.849999904632568,6.900000095367432,77400
2004-04-12,7.010000228881836,7.320000171661377,6.980000019073486,7.230000019073486,16500
2004-04-13,6.570000171661377,7.0,6.480000019073486,7.0,31800
2004-04-14,6.599999904632568,6.599999904632568,6.480000019073486,6.480000019073486,2100
2004-04-15,6.369999885559082,6.53000020980835,6.360000133514404,6.53000020980835,3000
2004-04-16,6.579999923706055,6.579999923706055,6.150000095367432,6.360000133514404,7800
2004-04-19,6.900000095367432,7.0,6.599999904632568,6.650000095367432,9000
2004-04-20,6.590000152587891,7.0,6.409999847412109,7.0,13300
2004-04-21,6.420000076293945,6.53000020980835,6.360000133514404,6.360000133514404,9500
2004-04-22,6.199999809265137,6.599999904632568,6.199999809265137,6.449999809265137,5300
2004-04-23,6.449999809265137,6.5,6.199999809265137,6.429999828338623,6400
2004-04-26,6.309999942779541,6.349999904632568,6.21999979019165,6.340000152587891,2300
2004-04-27,6.150000095367432,6.300000190734863,6.150000095367432,6.289999961853027,12100
2004-04-28,5.829999923706055,6.159999847412109,5.789999961853027,6.150000095367432,76800
2004-04-29,5.400000095367432,5.840000152587891,5.309999942779541,5.78000020980835,144500
2004-04-30,5.400000095367432,5.550000190734863,5.170000076293945,5.300000190734863,8600
2004-05-03,5.25,5.320000171661377,5.110000133514404,5.320000171661377,15600
2004-05-04,5.28000020980835,5.380000114440918,5.150000095367432,5.380000114440918,9900
2004-05-05,5.179999828338623,5.380000114440918,5.179999828338623,5.289999961853027,1300
2004-05-06,5.179999828338623,5.230000019073486,5.070000171661377,5.179999828338623,10500
2004-05-07,5.130000114440918,5.349999904632568,5.079999923706055,5.159999847412109,10100
2004-05-10,5.090000152587891,5.28000020980835,5.050000190734863,5.130000114440918,29400
2004-05-11,5.059999942779541,5.349999904632568,5.059999942779541,5.119999885559082,11400
2004-05-12,5.340000152587891,5.349999904632568,5.0,5.050000190734863,16900
2004-05-13,4.929999828338623,5.329999923706055,4.869999885559082,5.329999923706055,56500
2004-05-14,4.550000190734863,5.170000076293945,4.550000190734863,5.099999904632568,35600
2004-05-17,4.380000114440918,4.590000152587891,4.199999809265137,4.579999923706055,85700
2004-05-18,4.480000019073486,4.550000190734863,4.260000228881836,4.519999980926514,22600
2004-05-19,4.659999847412109,5.0,4.340000152587891,4.340000152587891,7500
2004-05-20,4.300000190734863,4.610000133514404,4.300000190734863,4.610000133514404,28400
2004-05-21,4.25,4.590000152587891,4.25,4.429999828338623,45700
2004-05-24,4.25,4.420000076293945,4.159999847412109,4.300000190734863,54300
2004-05-25,4.150000095367432,4.409999847412109,4.150000095367432,4.340000152587891,62800
2004-05-26,4.210000038146973,4.260000228881836,4.150000095367432,4.170000076293945,8600
2004-05-27,4.199999809265137,4.300000190734863,4.190000057220459,4.210000038146973,9000
2004-05-28,4.170000076293945,4.349999904632568,3.9700000286102295,4.349999904632568,152900
2004-06-01,4.010000228881836,4.150000095367432,3.9800000190734863,4.150000095367432,44100
2004-06-02,4.0,4.070000171661377,3.9200000762939453,4.03000020980835,64800
2004-06-03,3.9800000190734863,4.03000020980835,3.9700000286102295,4.010000228881836,29300
2004-06-04,4.0,4.179999828338623,3.9800000190734863,4.0,41100
2004-06-07,4.019999980926514,4.239999771118164,3.9600000381469727,4.130000114440918,553000
2004-06-08,4.179999828338623,4.550000190734863,3.990000009536743,4.110000133514404,141900
2004-06-09,4.300000190734863,4.409999847412109,4.179999828338623,4.199999809265137,140400
2004-06-10,4.25,4.5,4.110000133514404,4.5,54700
2004-06-14,4.130000114440918,4.300000190734863,4.050000190734863,4.289999961853027,17200
2004-06-15,4.179999828338623,4.25,4.150000095367432,4.239999771118164,18000
2004-06-16,4.0,4.150000095367432,3.9800000190734863,4.150000095367432,17500
2004-06-17,3.869999885559082,4.010000228881836,3.8299999237060547,4.010000228881836,24200
2004-06-18,3.9000000953674316,3.9100000858306885,3.890000104904175,3.9100000858306885,7800
2004-06-21,3.9800000190734863,4.019999980926514,3.809999942779541,4.010000228881836,174200
2004-06-22,3.9000000953674316,4.019999980926514,3.880000114440918,4.019999980926514,60200
2004-06-23,3.8499999046325684,3.990000009536743,3.8499999046325684,3.990000009536743,31000
2004-06-24,3.950000047683716,3.9700000286102295,3.9000000953674316,3.9000000953674316,13800
2004-06-25,3.9100000858306885,3.9600000381469727,3.799999952316284,3.9600000381469727,20100
2004-06-28,3.930000066757202,3.940000057220459,3.799999952316284,3.799999952316284,3200
2004-06-29,3.950000047683716,3.9800000190734863,3.9100000858306885,3.950000047683716,6800
2004-06-30,3.950000047683716,3.990000009536743,3.930000066757202,3.950000047683716,21500
2004-07-01,3.950000047683716,3.9600000381469727,3.859999895095825,3.940000057220459,40800
2004-07-02,3.8299999237060547,4.110000133514404,3.809999942779541,3.930000066757202,24300
2004-07-06,3.569999933242798,3.8299999237060547,3.509999990463257,3.8299999237060547,101700
2004-07-07,3.7899999618530273,3.799999952316284,3.4200000762939453,3.5,165000
2004-07-08,4.070000171661377,4.099999904632568,3.7899999618530273,3.7899999618530273,46300
2004-07-09,4.059999942779541,4.110000133514404,3.880000114440918,4.0,35400
2004-07-12,4.059999942779541,4.150000095367432,4.0,4.0,31400
2004-07-13,4.150000095367432,4.199999809265137,4.059999942779541,4.119999885559082,39500
2004-07-14,4.130000114440918,4.199999809265137,3.9800000190734863,3.9800000190734863,32300
2004-07-15,4.119999885559082,4.25,4.079999923706055,4.25,9000
2004-07-16,4.0,4.079999923706055,3.9100000858306885,4.079999923706055,8300
2004-07-19,4.099999904632568,4.099999904632568,3.9000000953674316,3.9000000953674316,21500
2004-07-20,4.050000190734863,4.230000019073486,4.050000190734863,4.070000171661377,5600
2004-07-21,4.070000171661377,4.090000152587891,4.050000190734863,4.050000190734863,25700
2004-07-22,4.099999904632568,4.099999904632568,4.070000171661377,4.070000171661377,27600
2004-07-23,4.099999904632568,4.150000095367432,4.079999923706055,4.090000152587891,28800
2004-07-26,3.7200000286102295,4.179999828338623,3.7200000286102295,4.179999828338623,7400
2004-07-27,3.7300000190734863,3.7699999809265137,3.569999933242798,3.700000047683716,15600
2004-07-28,3.740000009536743,3.740000009536743,3.740000009536743,3.740000009536743,300
2004-07-29,3.6500000953674316,3.7200000286102295,3.640000104904175,3.700000047683716,3300
2004-07-30,3.640000104904175,3.6500000953674316,3.5,3.559999942779541,5900
2004-08-02,3.619999885559082,3.619999885559082,3.509999990463257,3.509999990463257,6800
2004-08-03,3.5,3.680000066757202,3.4100000858306885,3.680000066757202,14600
2004-08-04,3.5,3.5199999809265137,3.5,3.5,15300
2004-08-05,3.4000000953674316,3.549999952316284,3.4000000953674316,3.549999952316284,45800
2004-08-06,3.2899999618530273,3.640000104904175,3.1500000953674316,3.5,44700
2004-08-09,3.319999933242798,3.5,3.299999952316284,3.359999895095825,25500
2004-08-10,3.109999895095825,3.3499999046325684,3.109999895095825,3.3499999046325684,16000
2004-08-11,3.119999885559082,3.1600000858306885,3.0,3.1600000858306885,15700
2004-08-12,3.009999990463257,3.180000066757202,3.0,3.0,24100
2004-08-13,3.2200000286102295,3.7799999713897705,3.1700000762939453,3.75,84200
2004-08-16,3.109999895095825,3.3299999237060547,3.0999999046325684,3.25,20900
2004-08-17,3.140000104904175,3.559999942779541,3.140000104904175,3.3399999141693115,48200
2004-08-18,3.3299999237060547,3.430000066757202,3.1700000762939453,3.190000057220459,28200
2004-08-19,3.390000104904175,3.440000057220459,3.3499999046325684,3.440000057220459,7800
2004-08-20,3.5,3.5,3.390000104904175,3.390000104904175,6100
2004-08-23,3.640000104904175,3.75,3.390000104904175,3.549999952316284,15100
2004-08-24,3.799999952316284,3.819999933242798,3.4800000190734863,3.4800000190734863,3900
2004-08-25,3.890000104904175,3.9000000953674316,3.7899999618530273,3.819999933242798,5600
2004-08-26,3.869999885559082,3.890000104904175,3.7899999618530273,3.819999933242798,31100
2004-08-27,3.7100000381469727,3.799999952316284,3.700000047683716,3.799999952316284,700
2004-08-30,3.5799999237060547,3.700000047683716,3.440000057220459,3.700000047683716,4600
2004-08-31,3.5799999237060547,3.5999999046325684,3.490000009536743,3.5799999237060547,30400
2004-09-01,3.869999885559082,3.9000000953674316,3.5799999237060547,3.5799999237060547,22200
2004-09-02,3.740000009536743,3.869999885559082,3.559999942779541,3.7899999618530273,6000
2004-09-03,3.609999895095825,3.6600000858306885,3.5899999141693115,3.5899999141693115,1200
2004-09-07,3.75,3.799999952316284,3.75,3.7699999809265137,5300
2004-09-08,3.8299999237060547,3.8299999237060547,3.7899999618530273,3.7899999618530273,3500
2004-09-09,3.8499999046325684,3.8499999046325684,3.75,3.75,2200
2004-09-10,3.890000104904175,3.890000104904175,3.700000047683716,3.880000114440918,2800
2004-09-13,3.880000114440918,3.880000114440918,3.7100000381469727,3.799999952316284,3800
2004-09-14,3.75,3.8399999141693115,3.690000057220459,3.75,10700
2004-09-15,3.6500000953674316,3.809999942779541,3.6500000953674316,3.809999942779541,4200
2004-09-16,3.5999999046325684,3.7300000190734863,3.5399999618530273,3.7200000286102295,8700
2004-09-17,3.5999999046325684,3.5999999046325684,3.5,3.569999933242798,2500
2004-09-20,3.450000047683716,3.630000114440918,3.4100000858306885,3.609999895095825,53700
2004-09-21,3.5199999809265137,3.549999952316284,3.490000009536743,3.549999952316284,5000
2004-09-22,3.5,3.549999952316284,3.490000009536743,3.549999952316284,77300
2004-09-23,3.450000047683716,3.450000047683716,3.369999885559082,3.450000047683716,3600
2004-09-24,3.5399999618530273,3.5399999618530273,3.5,3.5,24000
2004-09-27,3.4600000381469727,3.549999952316284,3.450000047683716,3.5399999618530273,2000
2004-09-28,3.4000000953674316,3.4800000190734863,3.4000000953674316,3.4800000190734863,800
2004-09-29,3.299999952316284,3.380000114440918,3.2899999618530273,3.380000114440918,4500
2004-09-30,3.1500000953674316,3.259999990463257,3.069999933242798,3.259999990463257,6600
2004-10-01,3.390000104904175,3.390000104904175,3.190000057220459,3.2200000286102295,39500
2004-10-04,3.509999990463257,3.5799999237060547,3.440000057220459,3.5,19400
2004-10-05,3.5,3.5799999237060547,3.5,3.549999952316284,7800
2004-10-06,4.090000152587891,4.320000171661377,3.5799999237060547,3.630000114440918,205600
2004-10-07,4.199999809265137,4.599999904632568,4.170000076293945,4.46999979019165,213900
2004-10-08,4.300000190734863,4.5,4.239999771118164,4.400000095367432,67900
2004-10-11,4.28000020980835,4.630000114440918,4.159999847412109,4.630000114440918,94500
2004-10-12,4.150000095367432,4.360000133514404,3.9000000953674316,4.360000133514404,61100
2004-10-13,3.799999952316284,4.269999980926514,3.799999952316284,4.199999809265137,61500
2004-10-14,3.609999895095825,3.990000009536743,3.5999999046325684,3.990000009536743,54100
2004-10-15,3.5999999046325684,3.799999952316284,3.559999942779541,3.559999942779541,27400
2004-10-18,3.5999999046325684,4.0,3.509999990463257,4.0,56800
2004-10-19,3.5899999141693115,3.8499999046325684,3.5899999141693115,3.700000047683716,21600
2004-10-20,3.609999895095825,3.7799999713897705,3.5999999046325684,3.7799999713897705,19000
2004-10-21,3.630000114440918,3.7100000381469727,3.609999895095825,3.609999895095825,26800
2004-10-22,3.8499999046325684,4.0,3.609999895095825,3.809999942779541,28000
2004-10-25,3.8299999237060547,3.950000047683716,3.609999895095825,3.950000047683716,15900
2004-10-26,3.8499999046325684,4.199999809265137,3.700000047683716,4.199999809265137,17900
2004-10-27,3.859999895095825,3.940000057220459,3.759999990463257,3.759999990463257,7400
2004-10-28,3.9200000762939453,4.0,3.819999933242798,4.0,37800
2004-10-29,3.75,3.950000047683716,3.75,3.950000047683716,13700
2004-11-01,3.880000114440918,4.159999847412109,3.8399999141693115,3.940000057220459,25600
2004-11-02,3.9600000381469727,4.070000171661377,3.8499999046325684,3.8499999046325684,16800
2004-11-03,3.950000047683716,4.25,3.890000104904175,4.25,21400
2004-11-04,3.9000000953674316,4.090000152587891,3.799999952316284,4.090000152587891,13500
2004-11-05,3.990000009536743,4.239999771118164,3.880000114440918,4.239999771118164,25300
2004-11-08,3.9700000286102295,4.079999923706055,3.880000114440918,3.880000114440918,22700
2004-11-09,3.950000047683716,4.119999885559082,3.950000047683716,4.119999885559082,17100
2004-11-10,3.9800000190734863,4.150000095367432,3.880000114440918,4.090000152587891,138800
2004-11-11,3.799999952316284,4.019999980926514,3.7699999809265137,3.859999895095825,26800
2004-11-12,3.7300000190734863,3.819999933242798,3.559999942779541,3.809999942779541,40000
2004-11-15,3.7699999809265137,3.9700000286102295,3.640000104904175,3.9700000286102295,15700
2004-11-16,3.5999999046325684,3.869999885559082,3.5799999237060547,3.869999885559082,16100
2004-11-17,3.640000104904175,3.7300000190734863,3.5,3.5,28900
2004-11-18,3.640000104904175,3.6500000953674316,3.569999933242798,3.5799999237060547,8500
2004-11-19,3.5999999046325684,3.6700000762939453,3.5999999046325684,3.640000104904175,5200
2004-11-22,3.549999952316284,3.569999933242798,3.5,3.559999942779541,11000
2004-11-23,3.569999933242798,3.5899999141693115,3.4000000953674316,3.4000000953674316,26400
2004-11-24,3.4700000286102295,3.5199999809265137,3.4000000953674316,3.4600000381469727,16400
2004-11-26,3.509999990463257,3.5999999046325684,3.5,3.5999999046325684,1700
2004-11-29,3.559999942779541,3.559999942779541,3.359999895095825,3.359999895095825,27900
2004-11-30,3.5199999809265137,3.569999933242798,3.369999885559082,3.369999885559082,25300
2004-12-01,3.4000000953674316,3.5399999618530273,3.4000000953674316,3.490000009536743,8400
2004-12-02,3.450000047683716,3.5,3.299999952316284,3.299999952316284,18100
2004-12-03,3.619999885559082,3.630000114440918,3.5199999809265137,3.549999952316284,59600
2004-12-06,3.75,3.7799999713897705,3.6500000953674316,3.6500000953674316,44100
2004-12-07,3.75,3.75,3.7300000190734863,3.75,26500
2004-12-08,3.4600000381469727,3.740000009536743,3.4000000953674316,3.7300000190734863,46200
2004-12-09,3.5,3.5399999618530273,3.4000000953674316,3.4600000381469727,9700
2004-12-10,3.5999999046325684,3.5999999046325684,3.5,3.5999999046325684,13900
2004-12-13,3.549999952316284,3.6500000953674316,3.5,3.6500000953674316,10400
2004-12-14,3.5799999237060547,3.8399999141693115,3.309999942779541,3.569999933242798,103200
2004-12-15,3.5199999809265137,3.619999885559082,3.380000114440918,3.5,5900
2004-12-16,3.430000066757202,3.5199999809265137,3.4200000762939453,3.4200000762939453,17300
2004-12-17,3.430000066757202,3.4600000381469727,3.369999885559082,3.4000000953674316,7900
2004-12-20,3.450000047683716,3.5299999713897705,3.299999952316284,3.299999952316284,22900
2004-12-21,3.4800000190734863,3.5,3.4200000762939453,3.4700000286102295,7500
2004-12-22,3.4200000762939453,3.490000009536743,3.4200000762939453,3.490000009536743,10200
2004-12-23,3.490000009536743,3.5,3.440000057220459,3.450000047683716,15300
2004-12-27,3.450000047683716,3.4800000190734863,3.4200000762939453,3.430000066757202,16100
2004-12-28,3.450000047683716,3.450000047683716,3.430000066757202,3.450000047683716,16400
2004-12-29,3.450000047683716,3.490000009536743,3.4100000858306885,3.4800000190734863,20500
2004-12-30,3.430000066757202,3.4800000190734863,3.4000000953674316,3.440000057220459,29300
2004-12-31,3.4700000286102295,3.640000104904175,3.4200000762939453,3.640000104904175,48300
2005-01-03,3.5299999713897705,3.549999952316284,3.4200000762939453,3.5,30700
2005-01-04,3.5,3.5399999618530273,3.440000057220459,3.5399999618530273,17500
2005-01-05,3.490000009536743,3.5399999618530273,3.440000057220459,3.440000057220459,29300
2005-01-06,3.490000009536743,3.5,3.4800000190734863,3.4800000190734863,13300
2005-01-07,3.490000009536743,3.490000009536743,3.4700000286102295,3.4800000190734863,9900
2005-01-10,3.4700000286102295,3.509999990463257,3.440000057220459,3.440000057220459,15400
2005-01-11,3.359999895095825,3.450000047683716,3.2799999713897705,3.450000047683716,13500
2005-01-12,3.4100000858306885,3.450000047683716,3.299999952316284,3.3499999046325684,25200
2005-01-13,3.5199999809265137,3.5399999618530273,3.390000104904175,3.4100000858306885,25900
2005-01-14,3.450000047683716,3.490000009536743,3.4100000858306885,3.490000009536743,18300
2005-01-18,3.5899999141693115,3.640000104904175,3.450000047683716,3.559999942779541,53600
2005-01-19,3.6600000858306885,3.7899999618530273,3.640000104904175,3.7899999618530273,16300
2005-01-20,3.799999952316284,3.799999952316284,3.6500000953674316,3.6500000953674316,64600
2005-01-21,3.7100000381469727,3.8499999046325684,3.7100000381469727,3.799999952316284,16000
2005-01-24,3.740000009536743,3.7699999809265137,3.609999895095825,3.759999990463257,25300
2005-01-25,3.7100000381469727,3.7799999713897705,3.6500000953674316,3.6500000953674316,29100
2005-01-26,3.630000114440918,3.690000057220459,3.5799999237060547,3.6500000953674316,40900
2005-01-27,3.5999999046325684,3.630000114440918,3.5,3.630000114440918,42100
2005-01-28,3.609999895095825,3.609999895095825,3.559999942779541,3.569999933242798,7900
2005-01-31,3.8399999141693115,3.9100000858306885,3.609999895095825,3.680000066757202,48000
2005-02-01,3.809999942779541,3.8499999046325684,3.809999942779541,3.8499999046325684,4700
2005-02-02,3.799999952316284,3.8399999141693115,3.740000009536743,3.8399999141693115,13900
2005-02-03,3.680000066757202,3.759999990463257,3.6500000953674316,3.700000047683716,6100
2005-02-04,3.7899999618530273,3.8499999046325684,3.680000066757202,3.75,7400
2005-02-07,3.799999952316284,3.819999933242798,3.7799999713897705,3.809999942779541,3800
2005-02-08,3.799999952316284,3.8399999141693115,3.799999952316284,3.8399999141693115,2400
2005-02-09,3.75,3.799999952316284,3.75,3.799999952316284,2200
2005-02-10,3.680000066757202,3.7899999618530273,3.5999999046325684,3.7899999618530273,6500
2005-02-11,3.700000047683716,3.7100000381469727,3.569999933242798,3.569999933242798,9400
2005-02-14,3.700000047683716,3.759999990463257,3.630000114440918,3.690000057220459,6100
2005-02-15,3.700000047683716,3.7200000286102295,3.609999895095825,3.609999895095825,6700
2005-02-16,3.7799999713897705,3.799999952316284,3.740000009536743,3.799999952316284,6500
2005-02-17,3.680000066757202,3.680000066757202,3.5,3.5999999046325684,61300
2005-02-18,3.7200000286102295,3.75,3.609999895095825,3.700000047683716,14800
2005-02-22,3.700000047683716,3.7200000286102295,3.700000047683716,3.700000047683716,7300
2005-02-23,3.700000047683716,3.7100000381469727,3.5299999713897705,3.5999999046325684,28400
2005-02-24,3.640000104904175,3.6700000762939453,3.549999952316284,3.549999952316284,2600
2005-02-25,3.619999885559082,3.619999885559082,3.450000047683716,3.5199999809265137,9800
2005-02-28,3.5199999809265137,3.5899999141693115,3.5199999809265137,3.5899999141693115,1700
2005-03-01,3.5,3.5199999809265137,3.5,3.509999990463257,2600
2005-03-02,3.5,3.5,3.4700000286102295,3.5,8300
2005-03-03,3.4700000286102295,3.4700000286102295,3.4700000286102295,3.4700000286102295,1300
2005-03-04,3.4700000286102295,3.4700000286102295,3.4700000286102295,3.4700000286102295,0
2005-03-07,3.450000047683716,3.4600000381469727,3.4000000953674316,3.4000000953674316,8200
2005-03-08,3.450000047683716,3.450000047683716,3.430000066757202,3.450000047683716,3200
2005-03-09,3.4700000286102295,3.5,3.390000104904175,3.390000104904175,16200
2005-03-10,3.450000047683716,3.450000047683716,3.450000047683716,3.450000047683716,600
2005-03-11,3.4100000858306885,3.430000066757202,3.390000104904175,3.4200000762939453,700
2005-03-14,3.3399999141693115,3.4100000858306885,3.3299999237060547,3.4100000858306885,5800
2005-03-15,3.390000104904175,3.390000104904175,3.2699999809265137,3.309999942779541,4900
2005-03-16,3.2699999809265137,3.3499999046325684,3.2699999809265137,3.3299999237060547,3300
2005-03-17,3.190000057220459,3.2699999809265137,3.140000104904175,3.2699999809265137,12300
2005-03-18,3.2100000381469727,3.2100000381469727,3.180000066757202,3.190000057220459,10900
2005-03-21,3.109999895095825,3.190000057220459,3.0199999809265137,3.190000057220459,12000
2005-03-22,3.109999895095825,3.119999885559082,3.069999933242798,3.0799999237060547,38300
2005-03-23,3.069999933242798,3.0799999237060547,3.049999952316284,3.049999952316284,26800
2005-03-24,3.059999942779541,3.069999933242798,3.049999952316284,3.069999933242798,2900
2005-03-28,2.950000047683716,3.0299999713897705,2.930000066757202,3.0,25000
2005-03-29,2.7699999809265137,2.950000047683716,2.7300000190734863,2.950000047683716,41700
2005-03-30,2.890000104904175,2.890000104904175,2.740000009536743,2.740000009536743,59600
2005-03-31,2.9800000190734863,3.059999942779541,2.9000000953674316,2.940000057220459,35900
2005-04-01,3.0,3.0999999046325684,3.0,3.0999999046325684,3500
2005-04-04,2.8499999046325684,2.990000009536743,2.8499999046325684,2.990000009536743,91000
2005-04-05,2.880000114440918,3.069999933242798,2.799999952316284,2.9200000762939453,215200
2005-04-06,2.9200000762939453,3.059999942779541,2.880000114440918,2.9000000953674316,11800
2005-04-07,2.8299999237060547,2.9100000858306885,2.799999952316284,2.9100000858306885,44500
2005-04-08,2.859999895095825,2.859999895095825,2.859999895095825,2.859999895095825,1000
2005-04-11,2.9000000953674316,2.940000057220459,2.9000000953674316,2.9100000858306885,32500
2005-04-12,2.7799999713897705,2.890000104904175,2.7799999713897705,2.8399999141693115,70100
2005-04-13,2.509999990463257,2.7100000381469727,2.4100000858306885,2.7100000381469727,57300
2005-04-14,2.4800000190734863,2.490000009536743,2.4100000858306885,2.450000047683716,8200
2005-04-15,2.5199999809265137,2.5199999809265137,2.4800000190734863,2.4800000190734863,1100
2005-04-18,2.2899999618530273,2.4700000286102295,2.2799999713897705,2.4700000286102295,67500
2005-04-19,2.309999942779541,2.4700000286102295,2.2899999618530273,2.359999895095825,28700
2005-04-20,2.3299999237060547,2.509999990463257,2.309999942779541,2.509999990463257,2400
2005-04-21,2.5,2.5,2.3299999237060547,2.3399999141693115,17200
2005-04-22,2.559999942779541,2.559999942779541,2.5199999809265137,2.549999952316284,14200
2005-04-25,2.509999990463257,2.549999952316284,2.5,2.509999990463257,1200
2005-04-26,2.5399999618530273,2.5799999237060547,2.509999990463257,2.5799999237060547,2900
2005-04-27,2.5,2.509999990463257,2.5,2.509999990463257,3000
2005-04-28,2.440000057220459,2.450000047683716,2.440000057220459,2.450000047683716,3100
2005-04-29,2.359999895095825,2.5199999809265137,2.2899999618530273,2.2899999618530273,7800
2005-05-02,2.3299999237060547,2.3399999141693115,2.3299999237060547,2.3399999141693115,1200
2005-05-03,2.390000104904175,2.390000104904175,2.299999952316284,2.3299999237060547,2800
2005-05-04,2.450000047683716,2.5199999809265137,2.450000047683716,2.5199999809265137,700
2005-05-05,2.450000047683716,2.450000047683716,2.440000057220459,2.440000057220459,800
2005-05-06,2.4800000190734863,2.5,2.380000114440918,2.490000009536743,7700
2005-05-09,2.4200000762939453,2.5999999046325684,2.359999895095825,2.380000114440918,24400
2005-05-10,2.319999933242798,2.549999952316284,2.2300000190734863,2.549999952316284,36900
2005-05-11,2.359999895095825,2.359999895095825,2.299999952316284,2.299999952316284,1400
2005-05-12,2.359999895095825,2.359999895095825,2.2699999809265137,2.3499999046325684,3800
2005-05-13,2.440000057220459,2.440000057220459,2.309999942779541,2.309999942779541,3600
2005-05-16,2.4000000953674316,2.440000057220459,2.3499999046325684,2.440000057220459,2900
2005-05-17,2.5199999809265137,2.559999942779541,2.4000000953674316,2.4000000953674316,10300
2005-05-18,2.5999999046325684,2.5999999046325684,2.490000009536743,2.569999933242798,2500
2005-05-19,2.490000009536743,2.559999942779541,2.359999895095825,2.559999942779541,17700
2005-05-20,2.390000104904175,2.440000057220459,2.2699999809265137,2.440000057220459,16000
2005-05-23,2.309999942779541,2.4200000762939453,2.309999942779541,2.390000104904175,6000
2005-05-24,2.319999933242798,2.369999885559082,2.319999933242798,2.369999885559082,1900
2005-05-25,2.369999885559082,2.5,2.319999933242798,2.319999933242798,74000
2005-05-26,2.299999952316284,2.3299999237060547,2.299999952316284,2.3299999237060547,1900
2005-05-27,2.2799999713897705,2.3499999046325684,2.2799999713897705,2.3499999046325684,1400
2005-05-31,2.2799999713897705,2.3499999046325684,2.2699999809265137,2.2699999809265137,13200
2005-06-01,2.3299999237060547,2.3399999141693115,2.2699999809265137,2.299999952316284,6300
2005-06-02,2.259999990463257,2.380000114440918,2.259999990463257,2.299999952316284,11400
2005-06-03,2.299999952316284,2.3499999046325684,2.2799999713897705,2.299999952316284,8200
2005-06-06,2.3299999237060547,2.3299999237060547,2.299999952316284,2.309999942779541,3200
2005-06-07,2.319999933242798,2.3399999141693115,2.259999990463257,2.3399999141693115,8700
2005-06-08,2.25,2.299999952316284,2.25,2.299999952316284,3000
2005-06-09,2.299999952316284,2.3399999141693115,2.2100000381469727,2.3399999141693115,4900
2005-06-10,2.299999952316284,2.5799999237060547,2.25,2.5799999237060547,7400
2005-06-13,2.4000000953674316,2.5999999046325684,2.319999933242798,2.5999999046325684,6800
2005-06-14,2.440000057220459,2.509999990463257,2.3399999141693115,2.3399999141693115,13700
2005-06-15,2.390000104904175,2.5299999713897705,2.309999942779541,2.5,5800
2005-06-16,2.3499999046325684,2.490000009536743,2.259999990463257,2.259999990463257,17500
2005-06-17,2.299999952316284,2.380000114440918,2.299999952316284,2.380000114440918,800
2005-06-20,2.259999990463257,2.549999952316284,2.2200000286102295,2.299999952316284,28700
2005-06-21,2.2699999809265137,2.309999942779541,2.2200000286102295,2.2200000286102295,28100
2005-06-22,2.259999990463257,2.319999933242798,2.25,2.319999933242798,8600
2005-06-23,2.2200000286102295,2.2699999809265137,2.2100000381469727,2.2699999809265137,29800
2005-06-24,2.4000000953674316,2.4000000953674316,2.200000047683716,2.2200000286102295,79000
2005-06-27,2.4000000953674316,2.4100000858306885,2.3499999046325684,2.4000000953674316,6400
2005-06-28,2.3299999237060547,2.4100000858306885,2.3299999237060547,2.4100000858306885,600
2005-06-29,2.3399999141693115,2.3399999141693115,2.299999952316284,2.3399999141693115,6300
2005-06-30,2.369999885559082,2.4800000190734863,2.3499999046325684,2.369999885559082,26000
2005-07-01,2.380000114440918,2.380000114440918,2.3499999046325684,2.380000114440918,2800
2005-07-05,2.3399999141693115,2.359999895095825,2.299999952316284,2.359999895095825,2600
2005-07-06,2.299999952316284,2.3499999046325684,2.299999952316284,2.3499999046325684,20800
2005-07-07,2.2100000381469727,2.259999990463257,2.130000114440918,2.259999990463257,9200
2005-07-08,2.25,2.25,2.140000104904175,2.200000047683716,2300
2005-07-11,2.880000114440918,3.109999895095825,2.5899999141693115,2.5899999141693115,1115200
2005-07-12,2.8399999141693115,3.0399999618530273,2.7799999713897705,3.0,158700
2005-07-13,2.7899999618530273,3.0,2.75,3.0,84300
2005-07-14,2.7100000381469727,2.880000114440918,2.6500000953674316,2.809999942779541,75000
2005-07-15,2.7899999618530273,2.799999952316284,2.6500000953674316,2.700000047683716,3800
2005-07-18,2.6700000762939453,2.7899999618530273,2.6500000953674316,2.7899999618530273,19000
2005-07-19,2.740000009536743,2.75,2.5299999713897705,2.7200000286102295,37000
2005-07-20,2.880000114440918,2.9000000953674316,2.680000066757202,2.7100000381469727,38900
2005-07-21,2.809999942779541,3.0,2.799999952316284,3.0,10200
2005-07-22,2.9000000953674316,2.9700000286102295,2.859999895095825,2.9200000762939453,17100
2005-07-25,2.880000114440918,2.9600000381469727,2.7300000190734863,2.9600000381469727,13400
2005-07-26,2.869999885559082,2.880000114440918,2.809999942779541,2.8499999046325684,5800
2005-07-27,2.880000114440918,2.9700000286102295,2.869999885559082,2.9600000381469727,10500
2005-07-28,2.9000000953674316,2.950000047683716,2.8299999237060547,2.8299999237060547,9100
2005-07-29,2.9600000381469727,3.059999942779541,2.9000000953674316,2.950000047683716,24800
2005-08-01,2.940000057220459,3.1500000953674316,2.880000114440918,2.990000009536743,21000
2005-08-02,2.880000114440918,3.0,2.7899999618530273,2.9000000953674316,40500
2005-08-03,2.9800000190734863,3.0999999046325684,2.9000000953674316,2.930000066757202,13100
2005-08-04,2.700000047683716,2.950000047683716,2.6500000953674316,2.8399999141693115,120000
2005-08-05,2.640000104904175,2.9000000953674316,2.640000104904175,2.9000000953674316,33300
2005-08-08,2.690000057220459,2.75,2.680000066757202,2.680000066757202,22100
2005-08-09,2.759999990463257,2.7899999618530273,2.640000104904175,2.640000104904175,22000
2005-08-10,2.7799999713897705,2.8399999141693115,2.7200000286102295,2.8299999237060547,8100
2005-08-11,2.75,2.75,2.700000047683716,2.7100000381469727,10500
2005-08-12,2.7899999618530273,2.799999952316284,2.6600000858306885,2.75,11700
2005-08-15,2.799999952316284,2.819999933242798,2.7899999618530273,2.7899999618530273,5100
2005-08-16,2.7899999618530273,2.819999933242798,2.7899999618530273,2.819999933242798,700
2005-08-17,2.7899999618530273,2.799999952316284,2.6700000762939453,2.7300000190734863,17100
2005-08-18,2.8299999237060547,2.8299999237060547,2.740000009536743,2.7899999618530273,15700
2005-08-19,2.7899999618530273,2.799999952316284,2.700000047683716,2.7300000190734863,6100
2005-08-22,2.700000047683716,2.75,2.700000047683716,2.75,1100
2005-08-23,2.6500000953674316,2.690000057220459,2.559999942779541,2.5999999046325684,13600
2005-08-24,2.5399999618530273,2.5899999141693115,2.5,2.5899999141693115,16000
2005-08-25,2.490000009536743,2.5999999046325684,2.3499999046325684,2.509999990463257,48200
2005-08-26,2.5799999237060547,2.5799999237060547,2.319999933242798,2.4800000190734863,83000
2005-08-29,2.4200000762939453,2.4800000190734863,2.309999942779541,2.309999942779541,8300
2005-08-30,2.3499999046325684,2.509999990463257,2.2799999713897705,2.509999990463257,2100
2005-08-31,2.2699999809265137,2.309999942779541,2.2200000286102295,2.2699999809265137,26600
2005-09-01,2.4000000953674316,2.4000000953674316,2.25,2.25,16600
2005-09-02,2.450000047683716,2.4800000190734863,2.4000000953674316,2.4800000190734863,400
2005-09-06,2.3499999046325684,2.440000057220459,2.2699999809265137,2.430000066757202,6300
2005-09-07,2.3499999046325684,2.3499999046325684,2.3499999046325684,2.3499999046325684,0
2005-09-08,2.2300000190734863,2.3499999046325684,2.2100000381469727,2.3499999046325684,28900
2005-09-09,2.25,2.2799999713897705,2.2100000381469727,2.259999990463257,109300
2005-09-12,2.299999952316284,2.299999952316284,2.200000047683716,2.200000047683716,7000
2005-09-13,2.2300000190734863,2.299999952316284,2.2300000190734863,2.299999952316284,2000
2005-09-14,2.4200000762939453,2.4200000762939453,2.259999990463257,2.2699999809265137,400
2005-09-15,2.2899999618530273,2.440000057220459,2.2899999618530273,2.440000057220459,1500
2005-09-16,2.3299999237060547,2.3299999237060547,2.2899999618530273,2.2899999618530273,300
2005-09-19,2.319999933242798,2.319999933242798,2.25,2.2799999713897705,5300
2005-09-20,2.319999933242798,2.319999933242798,2.319999933242798,2.319999933242798,0
2005-09-21,2.25,2.2799999713897705,2.2100000381469727,2.2699999809265137,16400
2005-09-22,2.25,2.3299999237060547,2.2300000190734863,2.2799999713897705,13400
2005-09-23,2.240000009536743,2.2899999618530273,2.2300000190734863,2.2899999618530273,3900
2005-09-26,2.2699999809265137,2.2699999809265137,2.2300000190734863,2.2300000190734863,3200
2005-09-27,2.259999990463257,2.299999952316284,2.25,2.299999952316284,27200
2005-09-28,2.200000047683716,2.2699999809265137,2.200000047683716,2.259999990463257,5800
2005-09-29,2.2100000381469727,2.240000009536743,2.200000047683716,2.200000047683716,1600
2005-09-30,2.25,2.25,2.1600000858306885,2.200000047683716,5800
2005-10-03,2.2100000381469727,2.299999952316284,2.2100000381469727,2.299999952316284,2700
2005-10-04,2.319999933242798,2.440000057220459,2.2100000381469727,2.440000057220459,8500
2005-10-05,2.2300000190734863,2.2799999713897705,2.1600000858306885,2.2100000381469727,10200
2005-10-06,2.200000047683716,2.299999952316284,2.200000047683716,2.299999952316284,11700
2005-10-07,2.200000047683716,2.319999933242798,2.200000047683716,2.319999933242798,3600
2005-10-10,2.2200000286102295,2.2200000286102295,2.2100000381469727,2.2100000381469727,1900
2005-10-11,2.3399999141693115,2.509999990463257,2.2899999618530273,2.4100000858306885,73300
2005-10-12,2.25,2.299999952316284,2.25,2.299999952316284,3300
2005-10-13,2.4700000286102295,2.549999952316284,2.25,2.25,14300
2005-10-14,2.3499999046325684,2.450000047683716,2.299999952316284,2.450000047683716,2600
2005-10-17,2.3399999141693115,2.4600000381469727,2.3299999237060547,2.4600000381469727,5900
2005-10-18,2.430000066757202,2.430000066757202,2.3499999046325684,2.3499999046325684,2200
2005-10-19,2.2799999713897705,2.2799999713897705,2.2799999713897705,2.2799999713897705,1000
2005-10-20,2.2699999809265137,2.2699999809265137,2.240000009536743,2.25,1100
2005-10-21,2.3399999141693115,2.3399999141693115,2.200000047683716,2.200000047683716,3100
2005-10-24,2.2699999809265137,2.390000104904175,2.25,2.359999895095825,7600
2005-10-25,2.2200000286102295,2.390000104904175,2.200000047683716,2.200000047683716,2600
2005-10-26,2.369999885559082,2.4600000381469727,2.3499999046325684,2.4600000381469727,3000
2005-10-27,2.2200000286102295,2.299999952316284,2.2100000381469727,2.299999952316284,8600
2005-10-28,2.25,2.3299999237060547,2.25,2.25,7400
2005-10-31,2.2200000286102295,2.299999952316284,2.200000047683716,2.299999952316284,14100
2005-11-01,2.130000114440918,2.200000047683716,2.0999999046325684,2.200000047683716,22400
2005-11-02,2.130000114440918,2.4600000381469727,2.130000114440918,2.25,9500
2005-11-03,2.119999885559082,2.1600000858306885,2.0,2.1600000858306885,13800
2005-11-04,2.3299999237060547,2.3299999237060547,2.0999999046325684,2.0999999046325684,5800
2005-11-07,2.299999952316284,2.4600000381469727,2.190000057220459,2.25,18900
2005-11-08,2.299999952316284,2.299999952316284,2.299999952316284,2.299999952316284,0
2005-11-09,2.200000047683716,2.200000047683716,2.200000047683716,2.200000047683716,100
2005-11-10,2.1500000953674316,2.200000047683716,2.1500000953674316,2.1500000953674316,4100
2005-11-11,2.059999942779541,2.180000066757202,2.0299999713897705,2.1500000953674316,25500
2005-11-14,2.069999933242798,2.0999999046325684,2.069999933242798,2.0999999046325684,5700
2005-11-15,2.049999952316284,2.069999933242798,2.0,2.009999990463257,22300
2005-11-16,2.0,2.0199999809265137,1.9500000476837158,2.009999990463257,8400
2005-11-17,2.0,2.009999990463257,1.9500000476837158,1.9500000476837158,4800
2005-11-18,2.2300000190734863,2.240000009536743,1.940000057220459,1.940000057220459,15000
2005-11-21,2.2300000190734863,2.380000114440918,2.119999885559082,2.2799999713897705,22400
2005-11-22,2.200000047683716,2.3499999046325684,2.200000047683716,2.3499999046325684,17400
2005-11-23,2.0999999046325684,2.200000047683716,2.049999952316284,2.200000047683716,9900
2005-11-25,2.119999885559082,2.119999885559082,2.0999999046325684,2.0999999046325684,2300
2005-11-28,2.130000114440918,2.130000114440918,2.130000114440918,2.130000114440918,1500
2005-11-29,2.259999990463257,2.2799999713897705,2.119999885559082,2.119999885559082,7700
2005-11-30,2.1700000762939453,2.3399999141693115,2.1700000762939453,2.3399999141693115,2800
2005-12-01,2.299999952316284,2.309999942779541,2.1700000762939453,2.309999942779541,10900
2005-12-02,2.369999885559082,2.4000000953674316,2.2699999809265137,2.3499999046325684,17200
2005-12-05,2.299999952316284,2.430000066757202,2.1700000762939453,2.430000066757202,2700
2005-12-06,2.299999952316284,2.299999952316284,2.299999952316284,2.299999952316284,0
2005-12-07,2.309999942779541,2.4200000762939453,2.2100000381469727,2.2100000381469727,196700
2005-12-08,2.4200000762939453,2.5199999809265137,2.25,2.3399999141693115,26800
2005-12-09,2.2799999713897705,2.2799999713897705,2.259999990463257,2.259999990463257,1500
2005-12-12,2.3299999237060547,2.369999885559082,2.25,2.299999952316284,9500
2005-12-13,2.2200000286102295,2.2899999618530273,2.190000057220459,2.200000047683716,21700
2005-12-14,2.240000009536743,2.240000009536743,2.190000057220459,2.240000009536743,3100
2005-12-15,2.1700000762939453,2.190000057220459,2.1700000762939453,2.1700000762939453,4100
2005-12-16,2.190000057220459,2.190000057220459,2.190000057220459,2.190000057220459,800
2005-12-19,2.1500000953674316,2.2200000286102295,2.1500000953674316,2.2200000286102295,10600
2005-12-20,2.1600000858306885,2.1600000858306885,2.119999885559082,2.1500000953674316,5400
2005-12-21,2.140000104904175,2.1600000858306885,2.130000114440918,2.140000104904175,4400
2005-12-22,2.1700000762939453,2.2200000286102295,2.0999999046325684,2.119999885559082,256700
2005-12-23,2.140000104904175,2.180000066757202,2.0799999237060547,2.0799999237060547,7900
2005-12-27,2.1500000953674316,2.2200000286102295,2.0999999046325684,2.0999999046325684,14900
2005-12-28,2.1500000953674316,2.200000047683716,2.1500000953674316,2.1500000953674316,18400
2005-12-29,2.140000104904175,2.180000066757202,2.140000104904175,2.1500000953674316,42200
2005-12-30,2.319999933242798,2.319999933242798,2.0799999237060547,2.0799999237060547,43700
2006-01-03,2.359999895095825,2.440000057220459,2.140000104904175,2.4200000762939453,22000
2006-01-04,2.4100000858306885,2.4100000858306885,2.299999952316284,2.299999952316284,22100
2006-01-05,2.440000057220459,2.9000000953674316,2.2699999809265137,2.4800000190734863,60500
2006-01-06,2.5799999237060547,2.630000114440918,2.450000047683716,2.549999952316284,19700
2006-01-09,2.640000104904175,2.690000057220459,2.440000057220459,2.5799999237060547,35400
2006-01-10,2.5,2.609999895095825,2.4700000286102295,2.5799999237060547,49000
2006-01-11,2.630000114440918,2.630000114440918,2.5,2.5799999237060547,23100
2006-01-12,2.569999933242798,2.640000104904175,2.569999933242798,2.640000104904175,8800
2006-01-13,2.450000047683716,2.5799999237060547,2.450000047683716,2.5,15900
2006-01-17,2.5,2.5,2.4000000953674316,2.450000047683716,9700
2006-01-18,2.5,2.5,2.319999933242798,2.369999885559082,9400
2006-01-19,2.5999999046325684,2.5999999046325684,2.549999952316284,2.5799999237060547,15800
2006-01-20,2.5999999046325684,2.630000114440918,2.4700000286102295,2.630000114440918,4600
2006-01-23,2.5,2.640000104904175,2.4600000381469727,2.4600000381469727,3700
2006-01-24,2.630000114440918,2.630000114440918,2.450000047683716,2.5,8600
2006-01-25,2.619999885559082,2.640000104904175,2.549999952316284,2.559999942779541,2500
2006-01-26,2.630000114440918,2.630000114440918,2.490000009536743,2.490000009536743,19700
2006-01-27,2.630000114440918,2.630000114440918,2.4700000286102295,2.4700000286102295,2900
2006-01-30,2.569999933242798,2.5999999046325684,2.4700000286102295,2.5999999046325684,2900
2006-01-31,2.4800000190734863,2.549999952316284,2.4700000286102295,2.549999952316284,14300
2006-02-01,2.5299999713897705,2.5299999713897705,2.5199999809265137,2.5199999809265137,5400
2006-02-02,2.549999952316284,2.5899999141693115,2.5299999713897705,2.5299999713897705,9100
2006-02-03,2.4700000286102295,2.509999990463257,2.4700000286102295,2.509999990463257,1100
2006-02-06,2.4700000286102295,2.4700000286102295,2.390000104904175,2.390000104904175,200
2006-02-07,2.4800000190734863,2.5999999046325684,2.4800000190734863,2.4800000190734863,2300
2006-02-08,2.440000057220459,2.5899999141693115,2.3399999141693115,2.5,5300
2006-02-09,2.450000047683716,2.450000047683716,2.430000066757202,2.440000057220459,2900
2006-02-10,2.5199999809265137,2.5799999237060547,2.5199999809265137,2.5799999237060547,1100
2006-02-13,2.450000047683716,2.5999999046325684,2.4200000762939453,2.5899999141693115,15800
2006-02-14,2.4000000953674316,2.4700000286102295,2.4000000953674316,2.450000047683716,4200
2006-02-15,2.390000104904175,2.4100000858306885,2.3299999237060547,2.3299999237060547,12100
2006-02-16,2.0799999237060547,2.309999942779541,2.059999942779541,2.309999942779541,21100
2006-02-17,2.0799999237060547,2.2799999713897705,2.049999952316284,2.049999952316284,7800
2006-02-21,2.0999999046325684,2.200000047683716,2.0999999046325684,2.200000047683716,23700
2006-02-22,2.1700000762939453,2.2300000190734863,2.140000104904175,2.2300000190734863,5100
2006-02-23,2.0999999046325684,2.119999885559082,2.049999952316284,2.119999885559082,92500
2006-02-24,2.190000057220459,2.190000057220459,2.190000057220459,2.190000057220459,2000
2006-02-27,2.1500000953674316,2.200000047683716,2.130000114440918,2.130000114440918,8500
2006-02-28,2.1500000953674316,2.190000057220459,2.0199999809265137,2.1500000953674316,11000
2006-03-01,2.240000009536743,2.5,2.1600000858306885,2.5,46300
2006-03-02,2.180000066757202,2.2699999809265137,2.009999990463257,2.009999990463257,16100
2006-03-03,2.130000114440918,2.200000047683716,2.069999933242798,2.200000047683716,700
2006-03-06,2.200000047683716,2.3299999237060547,2.1500000953674316,2.3299999237060547,29600
2006-03-07,2.200000047683716,2.200000047683716,2.0999999046325684,2.200000047683716,8600
2006-03-08,2.180000066757202,2.200000047683716,2.180000066757202,2.190000057220459,4800
2006-03-09,2.130000114440918,2.180000066757202,2.119999885559082,2.1500000953674316,11200
2006-03-10,2.0999999046325684,2.119999885559082,2.0,2.0299999713897705,9300
2006-03-13,2.009999990463257,2.049999952316284,1.4500000476837158,2.0199999809265137,40800
2006-03-14,2.0,2.0,2.0,2.0,100
2006-03-15,1.9800000190734863,2.140000104904175,1.9800000190734863,1.9900000095367432,4000
2006-03-16,2.0,2.0999999046325684,1.9600000381469727,1.9800000190734863,11200
2006-03-17,2.109999895095825,2.109999895095825,2.109999895095825,2.109999895095825,700
2006-03-20,2.180000066757202,2.180000066757202,2.180000066757202,2.180000066757202,2800
2006-03-21,2.049999952316284,2.180000066757202,2.049999952316284,2.049999952316284,1000
2006-03-22,2.0799999237060547,2.0799999237060547,2.049999952316284,2.049999952316284,1300
2006-03-23,2.0,2.049999952316284,1.899999976158142,2.049999952316284,11700
2006-03-24,2.0,2.0,2.0,2.0,0
2006-03-27,1.940000057220459,2.0,1.9199999570846558,2.0,2700
2006-03-28,1.9500000476837158,2.0,1.9199999570846558,1.9199999570846558,2500
2006-03-29,1.9700000286102295,1.9700000286102295,1.9500000476837158,1.9500000476837158,1100
2006-03-30,1.899999976158142,1.9600000381469727,1.840000033378601,1.9600000381469727,23800
2006-03-31,1.9900000095367432,2.0899999141693115,1.840000033378601,1.8799999952316284,17600
2006-04-03,1.899999976158142,1.9500000476837158,1.8300000429153442,1.9500000476837158,13400
2006-04-04,1.7899999618530273,1.850000023841858,1.6100000143051147,1.850000023841858,38600
2006-04-05,1.9600000381469727,1.9600000381469727,1.690000057220459,1.8200000524520874,69900
2006-04-06,1.850000023841858,2.0,1.7799999713897705,2.0,9200
2006-04-07,1.7699999809265137,1.8200000524520874,1.7200000286102295,1.8200000524520874,30000
2006-04-10,1.7200000286102295,1.8200000524520874,1.6799999475479126,1.7400000095367432,35300
2006-04-11,1.850000023841858,1.940000057220459,1.7000000476837158,1.7000000476837158,232700
2006-04-12,1.850000023841858,1.8600000143051147,1.7599999904632568,1.850000023841858,45600
2006-04-13,1.850000023841858,1.940000057220459,1.8300000429153442,1.940000057220459,6800
2006-04-17,1.7899999618530273,1.7999999523162842,1.7599999904632568,1.7599999904632568,9600
2006-04-18,1.850000023841858,1.850000023841858,1.850000023841858,1.850000023841858,700
2006-04-19,1.75,1.7999999523162842,1.75,1.7999999523162842,5000
2006-04-20,1.7999999523162842,1.7999999523162842,1.7599999904632568,1.7999999523162842,13700
2006-04-21,1.7999999523162842,1.7999999523162842,1.7999999523162842,1.7999999523162842,800
2006-04-24,1.7899999618530273,1.7899999618530273,1.7899999618530273,1.7899999618530273,5600
2006-04-25,1.7899999618530273,1.9900000095367432,1.7799999713897705,1.850000023841858,41300
2006-04-26,1.7899999618530273,1.7999999523162842,1.7699999809265137,1.7999999523162842,23700
2006-04-27,1.7899999618530273,1.840000033378601,1.7799999713897705,1.840000033378601,15300
2006-04-28,1.7899999618530273,1.809999942779541,1.7899999618530273,1.809999942779541,5500
2006-05-01,1.7799999713897705,1.7999999523162842,1.7599999904632568,1.7899999618530273,36100
2006-05-02,1.7899999618530273,1.8899999856948853,1.7799999713897705,1.8899999856948853,5200
2006-05-03,1.7899999618530273,1.7899999618530273,1.7699999809265137,1.7699999809265137,800
2006-05-04,1.7899999618530273,1.840000033378601,1.7899999618530273,1.7899999618530273,55600
2006-05-05,1.7899999618530273,1.809999942779541,1.7899999618530273,1.7899999618530273,12900
2006-05-08,1.840000033378601,1.850000023841858,1.809999942779541,1.8200000524520874,17000
2006-05-09,1.840000033378601,1.850000023841858,1.7999999523162842,1.8200000524520874,29400
2006-05-10,2.4000000953674316,2.4800000190734863,1.9900000095367432,1.9900000095367432,135600
2006-05-11,2.140000104904175,2.5,2.109999895095825,2.5,83600
2006-05-12,2.109999895095825,2.180000066757202,2.009999990463257,2.0999999046325684,39700
2006-05-15,2.0,2.130000114440918,2.0,2.109999895095825,22400
2006-05-16,2.0199999809265137,2.0799999237060547,2.009999990463257,2.0399999618530273,13400
2006-05-17,1.940000057220459,2.0199999809265137,1.899999976158142,2.0199999809265137,26400
2006-05-18,2.0,2.0,1.940000057220459,1.940000057220459,2100
2006-05-19,1.9800000190734863,2.0999999046325684,1.850000023841858,1.9500000476837158,13700
2006-05-22,1.8700000047683716,2.0,1.809999942779541,1.940000057220459,12900
2006-05-23,1.809999942779541,1.9500000476837158,1.809999942779541,1.9500000476837158,29100
2006-05-24,1.7699999809265137,1.850000023841858,1.7100000381469727,1.850000023841858,30500
2006-05-25,1.809999942779541,1.850000023841858,1.7999999523162842,1.7999999523162842,8900
2006-05-26,1.809999942779541,1.809999942779541,1.75,1.75,3400
2006-05-30,1.7300000190734863,1.8300000429153442,1.7000000476837158,1.7100000381469727,18800
2006-05-31,1.7599999904632568,1.899999976158142,1.7300000190734863,1.7300000190734863,246000
2006-06-01,1.9199999570846558,1.9500000476837158,1.75,1.7899999618530273,182800
2006-06-02,1.940000057220459,2.069999933242798,1.940000057220459,1.9500000476837158,4900
2006-06-05,2.049999952316284,2.140000104904175,2.049999952316284,2.140000104904175,600
2006-06-06,2.0899999141693115,2.119999885559082,1.850000023841858,2.119999885559082,27600
2006-06-07,2.0899999141693115,2.0899999141693115,2.0899999141693115,2.0899999141693115,0
2006-06-08,1.9700000286102295,2.0999999046325684,1.9700000286102295,1.9800000190734863,9400
2006-06-09,1.9700000286102295,2.0299999713897705,1.8799999952316284,2.0299999713897705,2800
2006-06-12,1.899999976158142,2.049999952316284,1.899999976158142,2.049999952316284,21000
2006-06-13,1.7999999523162842,2.0,1.7599999904632568,1.899999976158142,23400
2006-06-14,1.7999999523162842,1.7999999523162842,1.7699999809265137,1.7699999809265137,400
2006-06-15,1.899999976158142,1.899999976158142,1.8300000429153442,1.8899999856948853,18400
2006-06-16,1.8600000143051147,2.0,1.75,2.0,10500
2006-06-19,1.8600000143051147,1.899999976158142,1.8600000143051147,1.899999976158142,3100
2006-06-20,1.899999976158142,1.9199999570846558,1.8600000143051147,1.9199999570846558,19900
2006-06-21,2.059999942779541,2.059999942779541,1.8200000524520874,1.899999976158142,13500
2006-06-22,1.9700000286102295,2.049999952316284,1.9700000286102295,2.0,13100
2006-06-23,2.0,2.0,2.0,2.0,3200
2006-06-26,1.9199999570846558,2.0,1.9199999570846558,1.9500000476837158,4500
2006-06-27,1.850000023841858,2.0,1.7999999523162842,1.9199999570846558,11000
2006-06-28,1.840000033378601,1.850000023841858,1.7400000095367432,1.850000023841858,29400
2006-06-29,1.940000057220459,1.9500000476837158,1.899999976158142,1.899999976158142,2400
2006-06-30,2.0,2.0,1.9500000476837158,1.9500000476837158,4100
2006-07-03,2.059999942779541,2.0799999237060547,1.9500000476837158,1.9500000476837158,56400
2006-07-05,1.9800000190734863,2.0999999046325684,1.9600000381469727,2.0899999141693115,15500
2006-07-06,1.9600000381469727,1.9600000381469727,1.9600000381469727,1.9600000381469727,100
2006-07-07,1.9600000381469727,1.9600000381469727,1.9600000381469727,1.9600000381469727,100
2006-07-10,1.9900000095367432,2.0999999046325684,1.9800000190734863,2.0999999046325684,12000
2006-07-11,1.840000033378601,2.049999952316284,1.7999999523162842,2.049999952316284,16600
2006-07-12,1.8600000143051147,1.899999976158142,1.840000033378601,1.899999976158142,3800
2006-07-13,1.940000057220459,1.940000057220459,1.7599999904632568,1.7999999523162842,7400
2006-07-14,1.9800000190734863,2.049999952316284,1.559999942779541,1.7999999523162842,107700
2006-07-17,1.8600000143051147,1.9700000286102295,1.7799999713897705,1.8700000047683716,1800
2006-07-18,1.9199999570846558,2.049999952316284,1.850000023841858,1.850000023841858,37500
2006-07-19,1.8700000047683716,1.8700000047683716,1.8200000524520874,1.8200000524520874,2200
2006-07-20,1.8700000047683716,2.0,1.8700000047683716,1.9900000095367432,2600
2006-07-21,1.850000023841858,1.8799999952316284,1.8300000429153442,1.8700000047683716,7800
2006-07-24,1.9600000381469727,2.0,1.909999966621399,1.9900000095367432,9600
2006-07-25,1.8899999856948853,1.9199999570846558,1.840000033378601,1.9199999570846558,9200
2006-07-26,1.8300000429153442,1.899999976158142,1.7999999523162842,1.7999999523162842,3200
2006-07-27,1.840000033378601,1.9800000190734863,1.840000033378601,1.9299999475479126,3200
2006-07-28,1.8600000143051147,1.8600000143051147,1.8600000143051147,1.8600000143051147,1000
2006-07-31,1.8700000047683716,2.0,1.8700000047683716,1.8799999952316284,14200
2006-08-01,1.9500000476837158,1.9700000286102295,1.8700000047683716,1.8700000047683716,7300
2006-08-02,2.0,2.0,1.9600000381469727,2.0,3600
2006-08-03,2.0299999713897705,2.0299999713897705,1.899999976158142,1.899999976158142,12100
2006-08-04,1.9800000190734863,1.9800000190734863,1.9800000190734863,1.9800000190734863,1100
2006-08-07,1.9800000190734863,1.9800000190734863,1.9199999570846558,1.9199999570846558,300
2006-08-08,1.909999966621399,1.9700000286102295,1.899999976158142,1.909999966621399,6700
2006-08-09,1.9500000476837158,1.9900000095367432,1.909999966621399,1.9900000095367432,3300
2006-08-10,1.9299999475479126,1.9299999475479126,1.8700000047683716,1.899999976158142,4700
2006-08-11,1.9299999475479126,1.940000057220459,1.8600000143051147,1.940000057220459,4800
2006-08-14,1.940000057220459,1.9500000476837158,1.8200000524520874,1.8300000429153442,3500
2006-08-15,2.0,2.0,1.9199999570846558,1.9600000381469727,7700
2006-08-16,1.8799999952316284,2.049999952316284,1.8600000143051147,2.0,23600
2006-08-17,1.8799999952316284,1.8799999952316284,1.8799999952316284,1.8799999952316284,0
2006-08-18,1.9800000190734863,2.0,1.899999976158142,1.940000057220459,8900
2006-08-21,1.9500000476837158,2.0,1.9299999475479126,2.0,2900
2006-08-22,1.9500000476837158,1.9500000476837158,1.9500000476837158,1.9500000476837158,2000
2006-08-23,1.899999976158142,1.909999966621399,1.899999976158142,1.909999966621399,14100
2006-08-24,1.9500000476837158,1.9900000095367432,1.9500000476837158,1.9900000095367432,500
2006-08-25,1.899999976158142,1.899999976158142,1.8700000047683716,1.8700000047683716,7700
2006-08-28,1.8700000047683716,1.8899999856948853,1.8600000143051147,1.8899999856948853,1600
2006-08-29,1.9199999570846558,1.9600000381469727,1.7799999713897705,1.7799999713897705,13700
2006-08-30,1.899999976158142,1.9900000095367432,1.899999976158142,1.9199999570846558,26300
2006-08-31,1.909999966621399,1.9199999570846558,1.899999976158142,1.899999976158142,17100
2006-09-01,1.909999966621399,1.9199999570846558,1.909999966621399,1.9199999570846558,4100
2006-09-05,1.940000057220459,1.9700000286102295,1.8799999952316284,1.9600000381469727,25100
2006-09-06,1.940000057220459,1.9900000095367432,1.8600000143051147,1.9900000095367432,50500
2006-09-07,1.9900000095367432,1.9900000095367432,1.8899999856948853,1.8899999856948853,2700
2006-09-08,1.899999976158142,1.909999966621399,1.8600000143051147,1.909999966621399,7500
2006-09-11,1.9600000381469727,1.9600000381469727,1.9500000476837158,1.9500000476837158,1600
2006-09-12,1.9700000286102295,1.9900000095367432,1.899999976158142,1.899999976158142,6400
2006-09-13,1.9299999475479126,1.9800000190734863,1.899999976158142,1.9800000190734863,8100
2006-09-14,1.899999976158142,1.909999966621399,1.8899999856948853,1.909999966621399,5400
2006-09-15,1.9500000476837158,1.9900000095367432,1.9500000476837158,1.9900000095367432,15200
2006-09-18,1.940000057220459,2.0,1.899999976158142,2.0,18500
2006-09-19,1.940000057220459,1.9800000190734863,1.940000057220459,1.9800000190734863,200
2006-09-20,1.8899999856948853,1.9800000190734863,1.8899999856948853,1.9800000190734863,3500
2006-09-21,1.8200000524520874,1.8799999952316284,1.8200000524520874,1.8799999952316284,6700
2006-09-22,1.940000057220459,1.940000057220459,1.7599999904632568,1.7599999904632568,16600
2006-09-25,1.899999976158142,1.9700000286102295,1.8200000524520874,1.850000023841858,3000
2006-09-26,1.899999976158142,1.899999976158142,1.8600000143051147,1.8600000143051147,7700
2006-09-27,1.899999976158142,1.899999976158142,1.899999976158142,1.899999976158142,0
2006-09-28,1.899999976158142,1.899999976158142,1.899999976158142,1.899999976158142,4300
2006-09-29,1.8600000143051147,1.899999976158142,1.8200000524520874,1.899999976158142,4900
2006-10-02,1.8600000143051147,1.899999976158142,1.8200000524520874,1.8200000524520874,4900
2006-10-03,1.9600000381469727,1.9600000381469727,1.9600000381469727,1.9600000381469727,600
2006-10-04,1.909999966621399,1.909999966621399,1.909999966621399,1.909999966621399,5000
2006-10-05,1.899999976158142,1.899999976158142,1.899999976158142,1.899999976158142,1200
2006-10-06,1.8700000047683716,1.9600000381469727,1.8200000524520874,1.8200000524520874,17700
2006-10-09,1.899999976158142,1.940000057220459,1.899999976158142,1.899999976158142,41200
2006-10-10,1.9199999570846558,1.9299999475479126,1.9199999570846558,1.9299999475479126,6000
2006-10-11,1.9800000190734863,1.9800000190734863,1.8300000429153442,1.8300000429153442,51200
2006-10-12,1.9600000381469727,1.9900000095367432,1.909999966621399,1.9900000095367432,65300
2006-10-13,1.9500000476837158,1.9900000095367432,1.940000057220459,1.9900000095367432,72700
2006-10-16,2.049999952316284,2.0899999141693115,1.9900000095367432,1.9900000095367432,54500
2006-10-17,2.25,2.4000000953674316,1.9199999570846558,2.0199999809265137,218800
2006-10-18,2.1700000762939453,2.2899999618530273,2.0799999237060547,2.2799999713897705,26000
2006-10-19,2.1700000762939453,2.190000057220459,2.0999999046325684,2.1500000953674316,5000
2006-10-20,2.180000066757202,2.190000057220459,2.0999999046325684,2.190000057220459,2500
2006-10-23,2.190000057220459,2.190000057220459,2.069999933242798,2.069999933242798,7600
2006-10-24,2.130000114440918,2.180000066757202,2.0399999618530273,2.0399999618530273,1500
2006-10-25,2.119999885559082,2.119999885559082,2.0799999237060547,2.0799999237060547,200
2006-10-26,2.180000066757202,2.2100000381469727,2.049999952316284,2.049999952316284,11400
2006-10-27,2.200000047683716,2.200000047683716,2.200000047683716,2.200000047683716,1000
2006-10-30,2.140000104904175,2.200000047683716,2.069999933242798,2.0799999237060547,25700
2006-10-31,2.2100000381469727,2.2100000381469727,2.049999952316284,2.140000104904175,21800
2006-11-01,2.180000066757202,2.180000066757202,2.0999999046325684,2.109999895095825,4500
2006-11-02,2.140000104904175,2.180000066757202,2.0999999046325684,2.0999999046325684,1700
2006-11-03,2.1600000858306885,2.180000066757202,2.109999895095825,2.109999895095825,1100
2006-11-06,2.319999933242798,2.4000000953674316,2.200000047683716,2.25,48800
2006-11-07,2.299999952316284,2.319999933242798,2.2200000286102295,2.319999933242798,20000
2006-11-08,2.2899999618530273,2.319999933242798,2.2200000286102295,2.259999990463257,11800
2006-11-09,2.259999990463257,2.319999933242798,2.25,2.259999990463257,159900
2006-11-10,2.309999942779541,2.309999942779541,2.180000066757202,2.259999990463257,9800
2006-11-13,2.309999942779541,2.309999942779541,2.200000047683716,2.309999942779541,2600
2006-11-14,2.309999942779541,2.309999942779541,2.25,2.309999942779541,5300
2006-11-15,2.2899999618530273,2.299999952316284,2.190000057220459,2.200000047683716,18000
2006-11-16,2.2699999809265137,2.2899999618530273,2.200000047683716,2.200000047683716,5200
2006-11-17,2.3399999141693115,2.390000104904175,2.309999942779541,2.309999942779541,21200
2006-11-20,2.319999933242798,2.3399999141693115,2.200000047683716,2.3399999141693115,12600
2006-11-21,2.4600000381469727,2.490000009536743,2.319999933242798,2.319999933242798,118000
2006-11-22,2.4100000858306885,2.450000047683716,2.4000000953674316,2.4100000858306885,10500
2006-11-24,2.4200000762939453,2.4200000762939453,2.380000114440918,2.380000114440918,1600
2006-11-27,2.369999885559082,2.390000104904175,2.319999933242798,2.369999885559082,9300
2006-11-28,2.3299999237060547,2.369999885559082,2.319999933242798,2.3299999237060547,4400
2006-11-29,2.5,2.5,2.4000000953674316,2.4000000953674316,36400
2006-11-30,2.450000047683716,2.5,2.4000000953674316,2.5,4800
2006-12-01,2.450000047683716,2.450000047683716,2.4100000858306885,2.450000047683716,6400
2006-12-04,2.5,2.5,2.450000047683716,2.4600000381469727,4900
2006-12-05,2.5,2.5,2.4000000953674316,2.450000047683716,9200
2006-12-06,2.5999999046325684,2.6500000953674316,2.4000000953674316,2.450000047683716,261800
2006-12-07,2.700000047683716,2.7200000286102295,2.5,2.630000114440918,33300
2006-12-08,2.7100000381469727,2.9000000953674316,2.630000114440918,2.9000000953674316,27400
2006-12-11,2.6500000953674316,2.75,2.490000009536743,2.7100000381469727,32400
2006-12-12,2.630000114440918,2.7100000381469727,2.509999990463257,2.5399999618530273,10200
2006-12-13,2.6600000858306885,2.7200000286102295,2.5799999237060547,2.609999895095825,6400
2006-12-14,2.7200000286102295,2.7200000286102295,2.680000066757202,2.680000066757202,5000
2006-12-15,2.609999895095825,2.7300000190734863,2.5899999141693115,2.680000066757202,9500
2006-12-18,2.640000104904175,2.7300000190734863,2.5299999713897705,2.7300000190734863,3700
2006-12-19,2.690000057220459,2.690000057220459,2.690000057220459,2.690000057220459,400
2006-12-20,2.700000047683716,2.700000047683716,2.700000047683716,2.700000047683716,200
2006-12-21,2.619999885559082,2.700000047683716,2.559999942779541,2.5799999237060547,2000
2006-12-22,2.509999990463257,2.640000104904175,2.509999990463257,2.549999952316284,1800
2006-12-26,2.509999990463257,2.5399999618530273,2.509999990463257,2.5399999618530273,4100
2006-12-27,2.5799999237060547,2.640000104904175,2.4000000953674316,2.440000057220459,9500
2006-12-28,2.609999895095825,2.700000047683716,2.4800000190734863,2.4800000190734863,13800
2006-12-29,2.630000114440918,2.700000047683716,2.509999990463257,2.700000047683716,27300
2007-01-03,2.5999999046325684,2.630000114440918,2.549999952316284,2.569999933242798,8200
2007-01-04,2.5899999141693115,2.7300000190734863,2.5,2.5199999809265137,7700
2007-01-05,2.700000047683716,2.700000047683716,2.299999952316284,2.4100000858306885,1600
2007-01-08,2.5999999046325684,2.6500000953674316,2.4200000762939453,2.440000057220459,2400
2007-01-09,2.4700000286102295,2.5,2.4100000858306885,2.4200000762939453,3700
2007-01-10,2.4200000762939453,2.430000066757202,2.4000000953674316,2.4200000762939453,3700
2007-01-11,2.5899999141693115,2.5899999141693115,2.369999885559082,2.369999885559082,8700
2007-01-12,2.569999933242798,2.569999933242798,2.4100000858306885,2.569999933242798,17100
2007-01-16,2.5399999618530273,2.549999952316284,2.5,2.5199999809265137,1200
2007-01-17,2.549999952316284,2.549999952316284,2.490000009536743,2.490000009536743,2200
2007-01-18,2.4800000190734863,2.4800000190734863,2.4800000190734863,2.4800000190734863,1900
2007-01-19,2.4800000190734863,2.4800000190734863,2.4800000190734863,2.4800000190734863,2200
2007-01-22,2.509999990463257,2.559999942779541,2.369999885559082,2.5,14600
2007-01-23,2.549999952316284,2.549999952316284,2.1700000762939453,2.4100000858306885,26600
2007-01-24,2.549999952316284,2.5799999237060547,2.440000057220459,2.5399999618530273,37800
2007-01-25,2.549999952316284,2.549999952316284,2.4800000190734863,2.490000009536743,1100
2007-01-26,2.549999952316284,2.569999933242798,2.4100000858306885,2.440000057220459,1900
2007-01-29,2.5,2.6500000953674316,2.440000057220459,2.549999952316284,6500
2007-01-30,2.549999952316284,2.559999942779541,2.5,2.5,2900
2007-01-31,2.559999942779541,2.559999942779541,2.559999942779541,2.559999942779541,600
2007-02-01,2.559999942779541,2.700000047683716,2.549999952316284,2.559999942779541,20500
2007-02-02,2.509999990463257,2.549999952316284,2.509999990463257,2.5399999618530273,2000
2007-02-05,2.4600000381469727,2.4600000381469727,2.4600000381469727,2.4600000381469727,1300
2007-02-06,2.5399999618530273,2.549999952316284,2.390000104904175,2.390000104904175,1900
2007-02-07,2.6700000762939453,2.6700000762939453,2.440000057220459,2.440000057220459,11000
2007-02-08,2.680000066757202,2.680000066757202,2.549999952316284,2.559999942779541,1100
2007-02-09,2.680000066757202,2.700000047683716,2.5999999046325684,2.700000047683716,5400
2007-02-12,2.680000066757202,2.690000057220459,2.680000066757202,2.690000057220459,200
2007-02-13,2.680000066757202,2.690000057220459,2.5899999141693115,2.5899999141693115,2700
2007-02-14,2.690000057220459,2.690000057220459,2.5999999046325684,2.5999999046325684,500
2007-02-15,2.700000047683716,2.700000047683716,2.619999885559082,2.619999885559082,800
2007-02-16,2.819999933242798,2.869999885559082,2.6600000858306885,2.700000047683716,46600
2007-02-20,2.890000104904175,2.890000104904175,2.609999895095825,2.609999895095825,33100
2007-02-21,2.869999885559082,2.869999885559082,2.799999952316284,2.799999952316284,9400
2007-02-22,2.8399999141693115,2.869999885559082,2.700000047683716,2.869999885559082,2800
2007-02-23,3.0199999809265137,3.0899999141693115,2.8499999046325684,2.8499999046325684,129300
2007-02-26,3.0199999809265137,3.0799999237060547,2.950000047683716,3.049999952316284,51800
2007-02-27,2.940000057220459,3.0999999046325684,2.9000000953674316,3.0899999141693115,30600
2007-02-28,2.990000009536743,3.0299999713897705,2.7899999618530273,2.950000047683716,17600
2007-03-01,2.990000009536743,3.0299999713897705,2.609999895095825,2.7899999618530273,9200
2007-03-02,2.8499999046325684,3.059999942779541,2.8499999046325684,3.059999942779541,25000
2007-03-05,2.8299999237060547,2.8299999237060547,2.630000114440918,2.6600000858306885,34500
2007-03-06,2.700000047683716,2.8299999237060547,2.2300000190734863,2.759999990463257,35800
2007-03-07,2.6500000953674316,2.690000057220459,2.509999990463257,2.509999990463257,46800
2007-03-08,2.6500000953674316,2.6500000953674316,2.6500000953674316,2.6500000953674316,0
2007-03-09,2.619999885559082,2.640000104904175,2.3299999237060547,2.5999999046325684,12000
2007-03-12,2.549999952316284,2.5899999141693115,2.5,2.5899999141693115,7300
2007-03-13,2.549999952316284,2.549999952316284,2.549999952316284,2.549999952316284,200
2007-03-14,2.609999895095825,2.6500000953674316,2.549999952316284,2.549999952316284,20200
2007-03-15,2.6700000762939453,2.680000066757202,2.5999999046325684,2.6700000762939453,6400
2007-03-16,2.7100000381469727,2.7100000381469727,2.680000066757202,2.680000066757202,10100
2007-03-19,2.7899999618530273,2.8399999141693115,2.559999942779541,2.7200000286102295,14300
2007-03-20,2.8499999046325684,2.8499999046325684,2.690000057220459,2.799999952316284,36400
2007-03-21,2.8499999046325684,2.859999895095825,2.5999999046325684,2.8499999046325684,23700
2007-03-22,2.890000104904175,2.890000104904175,2.809999942779541,2.8399999141693115,9100
2007-03-23,2.880000114440918,2.890000104904175,2.680000066757202,2.809999942779541,23800
2007-03-26,2.880000114440918,2.890000104904175,2.7799999713897705,2.880000114440918,16200
2007-03-27,2.9000000953674316,2.9000000953674316,2.75,2.75,31800
2007-03-28,2.7699999809265137,2.869999885559082,2.7699999809265137,2.869999885559082,1700
2007-03-29,2.8499999046325684,2.890000104904175,2.680000066757202,2.7200000286102295,25800
2007-03-30,2.890000104904175,2.9000000953674316,2.7100000381469727,2.7100000381469727,6700
2007-04-02,2.799999952316284,2.890000104904175,2.799999952316284,2.809999942779541,2200
2007-04-03,2.880000114440918,2.880000114440918,2.75,2.75,2500
2007-04-04,2.869999885559082,2.869999885559082,2.869999885559082,2.869999885559082,800
2007-04-05,2.880000114440918,2.9000000953674316,2.799999952316284,2.9000000953674316,900
2007-04-09,2.869999885559082,2.869999885559082,2.740000009536743,2.740000009536743,1500
2007-04-10,2.880000114440918,2.880000114440918,2.880000114440918,2.880000114440918,200
2007-04-11,2.869999885559082,2.869999885559082,2.7300000190734863,2.7300000190734863,2500
2007-04-12,2.799999952316284,2.8299999237060547,2.7300000190734863,2.7300000190734863,4300
2007-04-13,2.7799999713897705,2.8299999237060547,2.690000057220459,2.819999933242798,24900
2007-04-16,2.700000047683716,2.700000047683716,2.700000047683716,2.700000047683716,20100
2007-04-17,2.740000009536743,2.7899999618530273,2.640000104904175,2.7699999809265137,3000
2007-04-18,2.559999942779541,2.8399999141693115,2.559999942779541,2.740000009536743,6000
2007-04-19,2.680000066757202,2.680000066757202,2.559999942779541,2.630000114440918,3800
2007-04-20,2.7799999713897705,2.7799999713897705,2.690000057220459,2.740000009536743,2600
2007-04-23,2.7899999618530273,2.8399999141693115,2.6600000858306885,2.6600000858306885,15800
2007-04-24,2.799999952316284,2.8499999046325684,2.7899999618530273,2.7899999618530273,81500
2007-04-25,2.7899999618530273,2.880000114440918,2.759999990463257,2.880000114440918,9900
2007-04-26,2.799999952316284,2.799999952316284,2.640000104904175,2.75,17700
2007-04-27,2.799999952316284,2.799999952316284,2.640000104904175,2.759999990463257,1300
2007-04-30,2.799999952316284,2.799999952316284,2.700000047683716,2.700000047683716,8800
2007-05-01,2.7899999618530273,2.799999952316284,2.700000047683716,2.700000047683716,6800
2007-05-02,2.7899999618530273,2.7899999618530273,2.7699999809265137,2.7699999809265137,1200
2007-05-03,2.7100000381469727,2.7899999618530273,2.7100000381469727,2.7100000381469727,1800
2007-05-04,2.7799999713897705,2.799999952316284,2.700000047683716,2.799999952316284,25400
2007-05-07,2.799999952316284,2.799999952316284,2.7300000190734863,2.7300000190734863,54400
2007-05-08,2.8299999237060547,2.8499999046325684,2.819999933242798,2.8499999046325684,7300
2007-05-09,2.950000047683716,2.950000047683716,2.700000047683716,2.7200000286102295,9100
2007-05-10,2.940000057220459,2.950000047683716,2.890000104904175,2.950000047683716,7200
2007-05-11,2.940000057220459,2.950000047683716,2.9000000953674316,2.9000000953674316,5400
2007-05-14,2.880000114440918,2.950000047683716,2.809999942779541,2.950000047683716,21400
2007-05-15,2.799999952316284,2.8499999046325684,2.640000104904175,2.8499999046325684,14500
2007-05-16,2.809999942779541,2.809999942779541,2.7100000381469727,2.7100000381469727,1700
2007-05-17,2.9000000953674316,2.9000000953674316,2.7799999713897705,2.809999942779541,6400
2007-05-18,2.940000057220459,2.950000047683716,2.880000114440918,2.9000000953674316,75300
2007-05-21,2.890000104904175,2.930000066757202,2.890000104904175,2.9000000953674316,16000
2007-05-22,2.9000000953674316,2.930000066757202,2.880000114440918,2.880000114440918,12500
2007-05-23,2.9000000953674316,2.9200000762939453,2.9000000953674316,2.9100000858306885,10100
2007-05-24,2.8499999046325684,2.8499999046325684,2.740000009536743,2.809999942779541,32400
2007-05-25,2.799999952316284,2.890000104904175,2.799999952316284,2.799999952316284,3800
2007-05-29,2.6600000858306885,2.799999952316284,2.630000114440918,2.740000009536743,32300
2007-05-30,2.8499999046325684,2.8499999046325684,2.7200000286102295,2.7200000286102295,80900
2007-05-31,2.890000104904175,2.950000047683716,2.809999942779541,2.890000104904175,30000
2007-06-01,2.930000066757202,2.950000047683716,2.890000104904175,2.950000047683716,52600
2007-06-04,2.9800000190734863,3.0899999141693115,2.890000104904175,2.9100000858306885,130800
2007-06-05,2.9700000286102295,3.0199999809265137,2.890000104904175,2.950000047683716,79300
2007-06-06,2.869999885559082,3.009999990463257,2.8499999046325684,3.0,32000
2007-06-07,2.990000009536743,2.990000009536743,2.809999942779541,2.809999942779541,200
2007-06-08,2.950000047683716,3.0199999809265137,2.930000066757202,2.9800000190734863,31800
2007-06-11,2.9700000286102295,3.0,2.8299999237060547,2.950000047683716,20900
2007-06-12,2.940000057220459,2.940000057220459,2.809999942779541,2.819999933242798,8100
2007-06-13,2.890000104904175,2.930000066757202,2.890000104904175,2.9000000953674316,47500
2007-06-14,2.8399999141693115,2.950000047683716,2.7899999618530273,2.950000047683716,7100
2007-06-15,2.8399999141693115,2.890000104904175,2.8399999141693115,2.880000114440918,1000
2007-06-18,2.809999942779541,2.859999895095825,2.809999942779541,2.8399999141693115,9400
2007-06-19,2.8299999237060547,2.8399999141693115,2.7300000190734863,2.759999990463257,5600
2007-06-20,2.8299999237060547,2.8299999237060547,2.619999885559082,2.8299999237060547,2400
2007-06-21,2.9000000953674316,2.9000000953674316,2.6700000762939453,2.6700000762939453,4300
2007-06-22,2.890000104904175,2.9000000953674316,2.75,2.9000000953674316,1500
2007-06-25,2.9000000953674316,2.9000000953674316,2.5899999141693115,2.700000047683716,34700
2007-06-26,2.7799999713897705,2.869999885559082,2.7100000381469727,2.7100000381469727,20600
2007-06-27,2.759999990463257,2.759999990463257,2.619999885559082,2.75,46800
2007-06-28,2.6500000953674316,2.7100000381469727,2.5399999618530273,2.6600000858306885,23900
2007-06-29,2.6500000953674316,2.700000047683716,2.5899999141693115,2.700000047683716,7400
2007-07-02,2.490000009536743,2.619999885559082,2.319999933242798,2.619999885559082,51200
2007-07-03,2.4000000953674316,2.490000009536743,2.4000000953674316,2.490000009536743,6200
2007-07-05,2.450000047683716,2.490000009536743,2.2100000381469727,2.4000000953674316,25900
2007-07-06,2.450000047683716,2.5399999618530273,2.450000047683716,2.5299999713897705,14300
2007-07-09,2.6600000858306885,2.6600000858306885,2.450000047683716,2.450000047683716,135500
2007-07-10,2.630000114440918,2.6600000858306885,2.509999990463257,2.6600000858306885,28500
2007-07-11,2.5999999046325684,2.5999999046325684,2.5399999618530273,2.5399999618530273,9800
2007-07-12,2.619999885559082,2.630000114440918,2.619999885559082,2.630000114440918,700
2007-07-13,2.619999885559082,2.680000066757202,2.619999885559082,2.680000066757202,1200
2007-07-16,2.569999933242798,2.569999933242798,2.549999952316284,2.549999952316284,1200
2007-07-17,2.5999999046325684,2.5999999046325684,2.5899999141693115,2.5899999141693115,1100
2007-07-18,2.5,2.559999942779541,2.5,2.559999942779541,2100
2007-07-19,2.490000009536743,2.549999952316284,2.390000104904175,2.5,30300
2007-07-20,2.490000009536743,2.490000009536743,2.490000009536743,2.490000009536743,4300
2007-07-23,2.7200000286102295,2.7699999809265137,2.440000057220459,2.5,10100
2007-07-24,2.680000066757202,2.7899999618530273,2.680000066757202,2.759999990463257,8000
2007-07-25,2.680000066757202,2.690000057220459,2.680000066757202,2.690000057220459,3100
2007-07-26,2.559999942779541,2.680000066757202,2.5299999713897705,2.680000066757202,3100
2007-07-27,2.5,2.5999999046325684,2.390000104904175,2.5999999046325684,12200
2007-07-30,2.700000047683716,2.700000047683716,2.390000104904175,2.5999999046325684,25700
2007-07-31,2.7100000381469727,2.7699999809265137,2.6500000953674316,2.7699999809265137,6600
2007-08-01,2.7699999809265137,3.049999952316284,2.7100000381469727,2.799999952316284,182000
2007-08-02,2.859999895095825,2.869999885559082,2.680000066757202,2.7100000381469727,52200
2007-08-03,2.819999933242798,2.8299999237060547,2.75,2.759999990463257,5900
2007-08-06,2.6500000953674316,2.75,2.6500000953674316,2.75,34700
2007-08-07,2.6500000953674316,2.6500000953674316,2.609999895095825,2.619999885559082,2700
2007-08-08,2.690000057220459,2.740000009536743,2.5999999046325684,2.7200000286102295,44400
2007-08-09,2.5899999141693115,2.75,2.430000066757202,2.75,14200
2007-08-10,2.440000057220459,2.630000114440918,2.3499999046325684,2.630000114440918,114600
2007-08-13,2.4800000190734863,2.5399999618530273,2.4100000858306885,2.5399999618530273,5100
2007-08-14,2.359999895095825,2.5,2.3399999141693115,2.450000047683716,7200
2007-08-15,2.549999952316284,2.6500000953674316,2.299999952316284,2.299999952316284,121200
2007-08-16,2.5,2.5,2.4100000858306885,2.4600000381469727,11000
2007-08-17,2.559999942779541,2.5899999141693115,2.4100000858306885,2.5899999141693115,11000
2007-08-20,2.559999942779541,2.559999942779541,2.559999942779541,2.559999942779541,0
2007-08-21,2.4800000190734863,2.5399999618530273,2.440000057220459,2.450000047683716,4400
2007-08-22,2.4700000286102295,2.4800000190734863,2.319999933242798,2.4100000858306885,21600
2007-08-23,2.4700000286102295,2.5,2.359999895095825,2.450000047683716,11400
2007-08-24,2.5399999618530273,2.5399999618530273,2.3299999237060547,2.3299999237060547,31900
2007-08-27,2.5,2.559999942779541,2.440000057220459,2.5,3100
2007-08-28,2.4700000286102295,2.5799999237060547,2.3299999237060547,2.569999933242798,9200
2007-08-29,2.569999933242798,2.5799999237060547,2.450000047683716,2.4600000381469727,5900
2007-08-30,2.569999933242798,2.569999933242798,2.4600000381469727,2.559999942779541,15700
2007-08-31,2.559999942779541,2.569999933242798,2.5,2.5,2300
2007-09-04,2.5399999618530273,2.5399999618530273,2.4000000953674316,2.5299999713897705,3200
2007-09-05,2.4800000190734863,2.5199999809265137,2.4800000190734863,2.5199999809265137,400
2007-09-06,2.5399999618530273,2.549999952316284,2.5,2.5,3000
2007-09-07,2.509999990463257,2.509999990463257,2.4600000381469727,2.5,700
2007-09-10,2.5299999713897705,2.5299999713897705,2.430000066757202,2.4600000381469727,4200
2007-09-11,2.549999952316284,2.549999952316284,2.450000047683716,2.450000047683716,1100
2007-09-12,2.549999952316284,2.549999952316284,2.549999952316284,2.549999952316284,100
2007-09-13,2.5399999618530273,2.549999952316284,2.5399999618530273,2.549999952316284,600
2007-09-14,2.549999952316284,2.549999952316284,2.549999952316284,2.549999952316284,100
2007-09-17,2.450000047683716,2.5199999809265137,2.430000066757202,2.430000066757202,11000
2007-09-18,2.5,2.5,2.430000066757202,2.450000047683716,27000
2007-09-19,2.75,2.75,2.5,2.5,66800
2007-09-20,2.690000057220459,2.7200000286102295,2.690000057220459,2.7200000286102295,1200
2007-09-21,2.640000104904175,2.640000104904175,2.640000104904175,2.640000104904175,200
2007-09-24,2.680000066757202,2.7300000190734863,2.609999895095825,2.7300000190734863,700
2007-09-25,2.700000047683716,2.700000047683716,2.680000066757202,2.680000066757202,2800
2007-09-26,2.700000047683716,2.700000047683716,2.700000047683716,2.700000047683716,300
2007-09-27,2.7100000381469727,2.7100000381469727,2.7100000381469727,2.7100000381469727,700
2007-09-28,2.7100000381469727,2.7100000381469727,2.700000047683716,2.700000047683716,300
2007-10-01,2.7100000381469727,2.7300000190734863,2.5,2.5,4400
2007-10-02,2.7100000381469727,2.7100000381469727,2.7100000381469727,2.7100000381469727,0
2007-10-03,2.7300000190734863,2.7300000190734863,2.7300000190734863,2.7300000190734863,7800
2007-10-04,2.7899999618530273,2.7899999618530273,2.740000009536743,2.740000009536743,1600
2007-10-05,2.7899999618530273,2.7899999618530273,2.7899999618530273,2.7899999618530273,1000
2007-10-08,2.7799999713897705,2.7799999713897705,2.6700000762939453,2.6700000762939453,2800
2007-10-09,2.7899999618530273,2.7899999618530273,2.7799999713897705,2.7799999713897705,1500
2007-10-10,2.799999952316284,2.799999952316284,2.799999952316284,2.799999952316284,2500
2007-10-11,2.8299999237060547,2.8299999237060547,2.6700000762939453,2.7100000381469727,39700
2007-10-12,2.809999942779541,2.8299999237060547,2.799999952316284,2.8299999237060547,41200
2007-10-15,2.859999895095825,2.859999895095825,2.799999952316284,2.8399999141693115,58800
2007-10-16,2.8499999046325684,2.8499999046325684,2.8499999046325684,2.8499999046325684,300
2007-10-17,2.859999895095825,2.859999895095825,2.799999952316284,2.799999952316284,11700
2007-10-18,2.869999885559082,2.9000000953674316,2.7200000286102295,2.7899999618530273,16900
2007-10-19,2.859999895095825,2.859999895095825,2.75,2.819999933242798,1500
2007-10-22,2.8499999046325684,2.8499999046325684,2.75,2.75,8100
2007-10-23,2.819999933242798,2.8399999141693115,2.75,2.799999952316284,25800
2007-10-24,2.8299999237060547,2.990000009536743,2.8299999237060547,2.9000000953674316,28900
2007-10-25,2.869999885559082,2.990000009536743,2.799999952316284,2.9000000953674316,44000
2007-10-26,2.869999885559082,2.869999885559082,2.869999885559082,2.869999885559082,0
2007-10-29,2.8399999141693115,2.990000009536743,2.7699999809265137,2.7699999809265137,18900
2007-10-30,2.8399999141693115,2.8399999141693115,2.75,2.7699999809265137,4200
2007-10-31,2.7899999618530273,2.8499999046325684,2.7699999809265137,2.8499999046325684,4300
2007-11-01,2.7699999809265137,2.799999952316284,2.75,2.759999990463257,150800
2007-11-02,2.7699999809265137,2.809999942779541,2.6700000762939453,2.809999942779541,2900
2007-11-05,2.809999942779541,2.809999942779541,2.7799999713897705,2.7799999713897705,9100
2007-11-06,2.8399999141693115,2.8399999141693115,2.2100000381469727,2.809999942779541,127400
2007-11-07,2.700000047683716,2.740000009536743,2.259999990463257,2.6500000953674316,37900
2007-11-08,2.5399999618530273,2.549999952316284,2.3399999141693115,2.549999952316284,25500
2007-11-09,2.4000000953674316,2.5,2.299999952316284,2.4200000762939453,24400
2007-11-12,2.3499999046325684,2.4200000762939453,2.2799999713897705,2.4200000762939453,75500
2007-11-13,2.5,2.5999999046325684,2.2899999618530273,2.2899999618530273,23400
2007-11-14,2.299999952316284,2.640000104904175,2.0999999046325684,2.430000066757202,44900
2007-11-15,2.380000114440918,2.4800000190734863,2.1700000762939453,2.1700000762939453,11000
2007-11-16,2.440000057220459,2.5899999141693115,2.200000047683716,2.5899999141693115,3100
2007-11-19,2.299999952316284,2.4000000953674316,2.299999952316284,2.4000000953674316,3700
2007-11-20,2.299999952316284,2.4000000953674316,2.25,2.4000000953674316,15300
2007-11-21,2.369999885559082,2.4000000953674316,2.299999952316284,2.299999952316284,1800
2007-11-23,2.299999952316284,2.299999952316284,2.299999952316284,2.299999952316284,3000
2007-11-26,2.319999933242798,2.319999933242798,2.2300000190734863,2.2699999809265137,8200
2007-11-27,2.390000104904175,2.4000000953674316,2.299999952316284,2.299999952316284,8900
2007-11-28,2.299999952316284,2.4000000953674316,2.299999952316284,2.359999895095825,6600
2007-11-29,2.549999952316284,2.549999952316284,2.299999952316284,2.299999952316284,236200
2007-11-30,2.5899999141693115,2.5899999141693115,2.430000066757202,2.5799999237060547,153300
2007-12-03,2.5899999141693115,2.630000114440918,2.5,2.509999990463257,5000
2007-12-04,2.5999999046325684,2.6700000762939453,2.4100000858306885,2.450000047683716,9100
2007-12-05,2.559999942779541,2.609999895095825,2.509999990463257,2.609999895095825,3100
2007-12-06,2.569999933242798,2.5899999141693115,2.369999885559082,2.5299999713897705,95300
2007-12-07,2.549999952316284,2.549999952316284,2.5399999618530273,2.5399999618530273,300
2007-12-10,2.509999990463257,2.609999895095825,2.5,2.549999952316284,20400
2007-12-11,2.4100000858306885,2.5299999713897705,2.3399999141693115,2.5199999809265137,28700
2007-12-12,2.4000000953674316,2.5999999046325684,2.3299999237060547,2.4000000953674316,11700
2007-12-13,2.450000047683716,2.450000047683716,2.450000047683716,2.450000047683716,100
2007-12-14,2.430000066757202,2.430000066757202,2.430000066757202,2.430000066757202,100
2007-12-17,2.430000066757202,2.430000066757202,2.430000066757202,2.430000066757202,0
2007-12-18,2.440000057220459,2.4600000381469727,2.299999952316284,2.430000066757202,62000
2007-12-19,2.299999952316284,2.4600000381469727,2.2200000286102295,2.359999895095825,29800
2007-12-20,2.299999952316284,2.299999952316284,2.25,2.299999952316284,1900
2007-12-21,2.299999952316284,2.299999952316284,2.190000057220459,2.190000057220459,5900
2007-12-24,2.299999952316284,2.4000000953674316,2.180000066757202,2.4000000953674316,35900
2007-12-26,2.299999952316284,2.299999952316284,2.1500000953674316,2.299999952316284,92900
2007-12-27,2.299999952316284,2.299999952316284,2.200000047683716,2.299999952316284,6900
2007-12-28,2.3499999046325684,2.450000047683716,2.1700000762939453,2.299999952316284,16200
2007-12-31,2.5899999141693115,2.5999999046325684,2.299999952316284,2.309999942779541,13500
2008-01-02,2.490000009536743,2.5,2.369999885559082,2.490000009536743,2100
2008-01-03,2.5,2.5,2.3499999046325684,2.4200000762939453,34000
2008-01-04,2.369999885559082,2.549999952316284,2.369999885559082,2.549999952316284,600
2008-01-07,2.5,2.5,2.25,2.3299999237060547,1200
2008-01-08,2.490000009536743,2.549999952316284,2.450000047683716,2.490000009536743,6900
2008-01-09,2.490000009536743,2.5,2.380000114440918,2.4100000858306885,11100
2008-01-10,2.490000009536743,2.490000009536743,2.4000000953674316,2.490000009536743,7600
2008-01-11,2.490000009536743,2.490000009536743,2.2799999713897705,2.2799999713897705,7200
2008-01-14,2.450000047683716,2.5,2.380000114440918,2.4200000762939453,8300
2008-01-15,2.450000047683716,2.450000047683716,2.299999952316284,2.309999942779541,3000
2008-01-16,2.440000057220459,2.440000057220459,2.259999990463257,2.3399999141693115,24100
2008-01-17,2.440000057220459,2.440000057220459,2.299999952316284,2.299999952316284,1100
2008-01-18,2.440000057220459,2.440000057220459,2.440000057220459,2.440000057220459,0
2008-01-22,2.390000104904175,2.390000104904175,2.0899999141693115,2.2100000381469727,8000
2008-01-23,2.369999885559082,2.450000047683716,2.0799999237060547,2.25,5000
2008-01-24,2.450000047683716,2.450000047683716,2.25,2.259999990463257,4700
2008-01-25,2.450000047683716,2.450000047683716,2.450000047683716,2.450000047683716,1000
2008-01-28,2.4000000953674316,2.4000000953674316,2.200000047683716,2.380000114440918,16700
2008-01-29,2.450000047683716,2.450000047683716,2.109999895095825,2.109999895095825,12300
2008-01-30,2.450000047683716,2.450000047683716,2.3499999046325684,2.450000047683716,3800
2008-01-31,2.549999952316284,2.549999952316284,2.2100000381469727,2.2100000381469727,33000
2008-02-01,2.490000009536743,2.5,2.490000009536743,2.5,1600
2008-02-04,2.490000009536743,2.490000009536743,2.450000047683716,2.450000047683716,1600
2008-02-05,2.490000009536743,2.490000009536743,2.490000009536743,2.490000009536743,100
2008-02-06,2.5199999809265137,2.5199999809265137,2.319999933242798,2.319999933242798,10700
2008-02-07,2.5299999713897705,2.5299999713897705,2.490000009536743,2.5,10500
2008-02-08,2.5,2.5399999618530273,2.5,2.5299999713897705,800
2008-02-11,2.5199999809265137,2.549999952316284,2.3299999237060547,2.549999952316284,1300
2008-02-12,2.5,2.5,2.309999942779541,2.309999942779541,1000
2008-02-13,2.549999952316284,2.549999952316284,2.440000057220459,2.5,5500
2008-02-14,2.5299999713897705,2.5299999713897705,2.369999885559082,2.380000114440918,600
2008-02-15,2.5,2.5,2.5,2.5,100
2008-02-19,2.5399999618530273,2.549999952316284,2.2200000286102295,2.259999990463257,5000
2008-02-20,2.5399999618530273,2.5399999618530273,2.5399999618530273,2.5399999618530273,0
2008-02-21,2.359999895095825,2.5,2.319999933242798,2.5,5200
2008-02-22,2.4800000190734863,2.490000009536743,2.309999942779541,2.490000009536743,2200
2008-02-25,2.490000009536743,2.490000009536743,2.1600000858306885,2.4100000858306885,8300
2008-02-26,2.5,2.5,2.4700000286102295,2.4700000286102295,900
2008-02-27,2.4800000190734863,2.490000009536743,2.4000000953674316,2.4000000953674316,4400
2008-02-28,2.4800000190734863,2.4800000190734863,2.4000000953674316,2.4800000190734863,8400
2008-02-29,2.490000009536743,2.5,2.490000009536743,2.490000009536743,2900
2008-03-03,2.490000009536743,2.490000009536743,2.4000000953674316,2.4100000858306885,600
2008-03-04,2.4800000190734863,2.4800000190734863,2.369999885559082,2.4000000953674316,2200
2008-03-05,2.4800000190734863,2.4800000190734863,2.4800000190734863,2.4800000190734863,0
2008-03-06,2.430000066757202,2.430000066757202,2.259999990463257,2.430000066757202,700
2008-03-07,2.4000000953674316,2.4000000953674316,2.1500000953674316,2.259999990463257,10100
2008-03-10,2.200000047683716,2.319999933242798,2.119999885559082,2.140000104904175,20000
2008-03-11,2.180000066757202,2.359999895095825,2.0899999141693115,2.200000047683716,13700
2008-03-12,1.9199999570846558,2.1600000858306885,1.75,2.069999933242798,54800
2008-03-13,1.8899999856948853,1.940000057220459,1.8300000429153442,1.940000057220459,4500
2008-03-14,1.9199999570846558,1.9199999570846558,1.8899999856948853,1.8899999856948853,1900
2008-03-17,1.9199999570846558,1.9199999570846558,1.7999999523162842,1.7999999523162842,3100
2008-03-18,1.9199999570846558,1.9199999570846558,1.899999976158142,1.899999976158142,5100
2008-03-19,1.9299999475479126,1.9900000095367432,1.7000000476837158,1.8899999856948853,23900
2008-03-20,1.9800000190734863,1.9800000190734863,1.9800000190734863,1.9800000190734863,200
2008-03-24,2.069999933242798,2.069999933242798,1.9800000190734863,1.9900000095367432,50100
2008-03-25,2.0999999046325684,2.119999885559082,2.049999952316284,2.049999952316284,53300
2008-03-26,2.119999885559082,2.119999885559082,2.0,2.0899999141693115,8700
2008-03-27,1.9600000381469727,2.1600000858306885,1.899999976158142,2.1500000953674316,12900
2008-03-28,2.1500000953674316,2.1500000953674316,2.1500000953674316,2.1500000953674316,100
2008-03-31,2.119999885559082,2.1500000953674316,1.75,1.899999976158142,13600
2008-04-01,2.109999895095825,2.109999895095825,1.7899999618530273,2.0899999141693115,1200
2008-04-02,2.0,2.0,2.0,2.0,200
2008-04-03,2.0899999141693115,2.0899999141693115,2.0899999141693115,2.0899999141693115,200
2008-04-04,2.140000104904175,2.140000104904175,2.140000104904175,2.140000104904175,400
2008-04-07,2.140000104904175,2.1700000762939453,1.8600000143051147,2.1700000762939453,2800
2008-04-08,2.140000104904175,2.140000104904175,2.140000104904175,2.140000104904175,0
2008-04-09,2.0899999141693115,2.0899999141693115,1.8799999952316284,2.0899999141693115,1400
2008-04-10,1.9900000095367432,2.1600000858306885,1.9299999475479126,1.9299999475479126,1700
2008-04-11,2.130000114440918,2.1700000762939453,1.9900000095367432,1.9900000095367432,1300
2008-04-14,2.119999885559082,2.119999885559082,2.119999885559082,2.119999885559082,100
2008-04-15,2.0999999046325684,2.109999895095825,2.0999999046325684,2.109999895095825,2100
2008-04-16,2.049999952316284,2.0999999046325684,1.75,1.8200000524520874,195900
2008-04-17,1.6299999952316284,1.9600000381469727,1.6200000047683716,1.809999942779541,219400
2008-04-18,1.6100000143051147,1.850000023841858,1.6100000143051147,1.7000000476837158,10800
2008-04-21,1.6299999952316284,1.7699999809265137,1.6299999952316284,1.7699999809265137,23600
2008-04-22,1.5499999523162842,1.6299999952316284,1.5299999713897705,1.6100000143051147,65800
2008-04-23,1.4500000476837158,1.5499999523162842,1.4299999475479126,1.5499999523162842,126500
2008-04-24,1.6399999856948853,1.6699999570846558,1.559999942779541,1.559999942779541,8000
2008-04-25,1.649999976158142,1.7000000476837158,1.5299999713897705,1.5299999713897705,15800
2008-04-28,1.5499999523162842,1.600000023841858,1.5399999618530273,1.5399999618530273,10400
2008-04-29,1.600000023841858,1.7200000286102295,1.5499999523162842,1.5499999523162842,15200
2008-04-30,1.7000000476837158,1.7999999523162842,1.6200000047683716,1.649999976158142,20200
2008-05-01,1.5700000524520874,1.6799999475479126,1.5700000524520874,1.6799999475479126,1000
2008-05-02,1.5800000429153442,1.600000023841858,1.559999942779541,1.600000023841858,5000
2008-05-05,1.649999976158142,1.649999976158142,1.5499999523162842,1.5700000524520874,20400
2008-05-06,1.6100000143051147,1.649999976158142,1.600000023841858,1.649999976158142,10500
2008-05-07,1.6799999475479126,1.6799999475479126,1.590000033378601,1.590000033378601,4200
2008-05-08,1.5499999523162842,1.7000000476837158,1.5499999523162842,1.7000000476837158,7600
2008-05-09,1.600000023841858,1.7000000476837158,1.5800000429153442,1.5800000429153442,8400
2008-05-12,1.6100000143051147,1.6399999856948853,1.5399999618530273,1.5800000429153442,25500
2008-05-13,1.649999976158142,1.649999976158142,1.649999976158142,1.649999976158142,400
2008-05-14,1.590000033378601,1.6699999570846558,1.590000033378601,1.600000023841858,14600
2008-05-15,1.559999942779541,1.590000033378601,1.559999942779541,1.590000033378601,6300
2008-05-16,1.600000023841858,1.600000023841858,1.5499999523162842,1.5499999523162842,1600
2008-05-19,1.559999942779541,1.590000033378601,1.559999942779541,1.5800000429153442,7400
2008-05-20,1.559999942779541,1.559999942779541,1.5499999523162842,1.559999942779541,2300
2008-05-21,1.600000023841858,1.6100000143051147,1.590000033378601,1.590000033378601,6000
2008-05-22,1.5499999523162842,1.659999966621399,1.5499999523162842,1.659999966621399,23900
2008-05-23,1.7000000476837158,1.7000000476837158,1.7000000476837158,1.7000000476837158,200
2008-05-27,1.5199999809265137,1.7000000476837158,1.5199999809265137,1.7000000476837158,14700
2008-05-28,1.5199999809265137,1.5499999523162842,1.5,1.5,27000
2008-05-29,1.5199999809265137,1.659999966621399,1.5,1.659999966621399,20800
2008-05-30,1.5099999904632568,1.5099999904632568,1.5,1.5,600
2008-06-02,1.5499999523162842,1.5499999523162842,1.4500000476837158,1.4500000476837158,7300
2008-06-03,1.5099999904632568,1.590000033378601,1.4500000476837158,1.590000033378601,5800
2008-06-04,1.5,1.5,1.4500000476837158,1.5,25800
2008-06-05,1.559999942779541,1.559999942779541,1.5,1.5,6300
2008-06-06,1.5,1.5299999713897705,1.5,1.5299999713897705,4100
2008-06-09,1.5399999618530273,1.5499999523162842,1.5,1.5,11300
2008-06-10,1.5399999618530273,1.5399999618530273,1.5399999618530273,1.5399999618530273,0
2008-06-11,1.5,1.5,1.5,1.5,1000
2008-06-12,1.5,1.5,1.5,1.5,0
2008-06-13,1.5700000524520874,1.5700000524520874,1.5,1.5099999904632568,2800
2008-06-16,1.409999966621399,1.559999942779541,1.25,1.4600000381469727,33600
2008-06-17,1.4500000476837158,1.4700000286102295,1.3600000143051147,1.4700000286102295,5000
2008-06-18,1.5499999523162842,1.5499999523162842,1.4500000476837158,1.4500000476837158,3900
2008-06-19,1.5499999523162842,1.5499999523162842,1.5499999523162842,1.5499999523162842,0
2008-06-20,1.4199999570846558,1.4199999570846558,1.409999966621399,1.409999966621399,1800
2008-06-23,1.4199999570846558,1.4199999570846558,1.4199999570846558,1.4199999570846558,0
2008-06-24,1.4199999570846558,1.4199999570846558,1.4199999570846558,1.4199999570846558,0
2008-06-25,1.4199999570846558,1.4199999570846558,1.4199999570846558,1.4199999570846558,0
2008-06-26,1.5,1.5299999713897705,1.4600000381469727,1.5299999713897705,3500
2008-06-27,1.5,1.5,1.5,1.5,0
2008-06-30,1.649999976158142,1.649999976158142,1.350000023841858,1.3899999856948853,18500
2008-07-01,1.600000023841858,1.600000023841858,1.4700000286102295,1.4700000286102295,1400
2008-07-02,1.600000023841858,1.600000023841858,1.600000023841858,1.600000023841858,0
2008-07-03,1.600000023841858,1.600000023841858,1.600000023841858,1.600000023841858,0
2008-07-07,1.3600000143051147,1.4900000095367432,1.3200000524520874,1.4900000095367432,11200
2008-07-08,1.3600000143051147,1.3600000143051147,1.3600000143051147,1.3600000143051147,4600
2008-07-09,1.3600000143051147,1.3600000143051147,1.3600000143051147,1.3600000143051147,0
2008-07-10,1.4900000095367432,1.5,1.3600000143051147,1.3600000143051147,2200
2008-07-11,1.4900000095367432,1.4900000095367432,1.4900000095367432,1.4900000095367432,0
2008-07-14,1.3200000524520874,1.5299999713897705,1.3200000524520874,1.4800000190734863,1400
2008-07-15,1.4900000095367432,1.5199999809265137,1.2999999523162842,1.440000057220459,5900
2008-07-16,1.5,1.5,1.4299999475479126,1.440000057220459,600
2008-07-17,1.5,1.5,1.5,1.5,8600
2008-07-18,1.5199999809265137,1.5199999809265137,1.5099999904632568,1.5099999904632568,3400
2008-07-21,1.5299999713897705,1.5299999713897705,1.5199999809265137,1.5299999713897705,1400
2008-07-22,1.5,1.5299999713897705,1.350000023841858,1.5299999713897705,1800
2008-07-23,1.5,1.5299999713897705,1.5,1.5299999713897705,4700
2008-07-24,1.3600000143051147,1.399999976158142,1.309999942779541,1.399999976158142,9500
2008-07-25,1.25,1.3600000143051147,1.25,1.340000033378601,3400
2008-07-28,1.2599999904632568,1.2699999809265137,1.2599999904632568,1.2599999904632568,1600
2008-07-29,1.4800000190734863,1.4800000190734863,1.2599999904632568,1.2599999904632568,4300
2008-07-30,1.4800000190734863,1.5,1.4800000190734863,1.5,20900
2008-07-31,1.3200000524520874,1.5,1.2799999713897705,1.3600000143051147,7900
2008-08-01,1.3200000524520874,1.3200000524520874,1.3200000524520874,1.3200000524520874,0
2008-08-04,1.3200000524520874,1.3300000429153442,1.3200000524520874,1.3300000429153442,800
2008-08-05,1.2999999523162842,1.2999999523162842,1.2799999713897705,1.2999999523162842,1200
2008-08-06,1.25,1.2999999523162842,1.25,1.2899999618530273,5400
2008-08-07,1.2799999713897705,1.2799999713897705,1.2699999809265137,1.2699999809265137,400
2008-08-08,1.2000000476837158,1.2799999713897705,1.1100000143051147,1.2799999713897705,30000
2008-08-11,1.2999999523162842,1.2999999523162842,1.25,1.2599999904632568,3400
2008-08-12,1.3700000047683716,1.3700000047683716,1.3600000143051147,1.3600000143051147,500
2008-08-13,1.2999999523162842,1.2999999523162842,1.2999999523162842,1.2999999523162842,3200
2008-08-14,1.3700000047683716,1.3700000047683716,1.309999942779541,1.309999942779541,16000
2008-08-15,1.3300000429153442,1.3300000429153442,1.3300000429153442,1.3300000429153442,2800
2008-08-18,1.309999942779541,1.309999942779541,1.309999942779541,1.309999942779541,1000
2008-08-19,1.309999942779541,1.309999942779541,1.309999942779541,1.309999942779541,0
2008-08-20,1.5,1.5,1.2999999523162842,1.4900000095367432,8700
2008-08-21,1.5,1.5,1.5,1.5,500
2008-08-22,1.4500000476837158,1.4500000476837158,1.4500000476837158,1.4500000476837158,3000
2008-08-25,1.4500000476837158,1.4500000476837158,1.4500000476837158,1.4500000476837158,400
2008-08-26,1.3700000047683716,1.3799999952316284,1.3700000047683716,1.3799999952316284,200
2008-08-27,1.3799999952316284,1.3799999952316284,1.3799999952316284,1.3799999952316284,1000
2008-08-28,1.4500000476837158,1.4500000476837158,1.440000057220459,1.440000057220459,3200
2008-08-29,1.4900000095367432,1.4900000095367432,1.4900000095367432,1.4900000095367432,10600
2008-09-02,1.4500000476837158,1.4900000095367432,1.4500000476837158,1.4500000476837158,5200
2008-09-03,1.4500000476837158,1.4500000476837158,1.4500000476837158,1.4500000476837158,4200
2008-09-04,1.4600000381469727,1.4600000381469727,1.4600000381469727,1.4600000381469727,2500
2008-09-05,1.4500000476837158,1.4600000381469727,1.4500000476837158,1.4600000381469727,1100
2008-09-08,1.4500000476837158,1.4500000476837158,1.440000057220459,1.4500000476837158,2000
2008-09-09,1.4500000476837158,1.4500000476837158,1.4500000476837158,1.4500000476837158,2000
2008-09-10,1.3200000524520874,1.3600000143051147,1.149999976158142,1.3600000143051147,3600
2008-09-11,1.3300000429153442,1.3300000429153442,1.3300000429153442,1.3300000429153442,100
2008-09-12,1.350000023841858,1.3700000047683716,1.350000023841858,1.3600000143051147,7100
2008-09-15,1.25,1.350000023841858,1.25,1.350000023841858,3100
2008-09-16,1.2899999618530273,1.2899999618530273,1.25,1.25,4900
2008-09-17,1.399999976158142,1.399999976158142,1.149999976158142,1.25,8100
2008-09-18,1.399999976158142,1.399999976158142,1.399999976158142,1.399999976158142,0
2008-09-19,1.4500000476837158,1.4600000381469727,1.3899999856948853,1.3899999856948853,3400
2008-09-22,1.2599999904632568,1.2599999904632568,1.2599999904632568,1.2599999904632568,200
2008-09-23,1.25,1.25,1.25,1.25,1500
2008-09-24,1.25,1.25,1.2000000476837158,1.2400000095367432,13300
2008-09-25,1.25,1.25,1.25,1.25,200
2008-09-26,1.25,1.25,1.25,1.25,0
2008-09-29,1.25,1.25,1.25,1.25,9200
2008-09-30,1.4700000286102295,1.4700000286102295,1.159999966621399,1.159999966621399,4800
2008-10-01,1.159999966621399,1.159999966621399,1.159999966621399,1.159999966621399,1000
2008-10-02,1.2000000476837158,1.2000000476837158,1.2000000476837158,1.2000000476837158,300
2008-10-03,1.2000000476837158,1.2699999809265137,1.2000000476837158,1.2699999809265137,3400
2008-10-06,1.159999966621399,1.2599999904632568,1.159999966621399,1.2599999904632568,3400
2008-10-07,1.149999976158142,1.149999976158142,1.149999976158142,1.149999976158142,1500
2008-10-08,1.059999942779541,1.149999976158142,1.059999942779541,1.149999976158142,4900
2008-10-09,0.9900000095367432,1.0700000524520874,0.949999988079071,1.059999942779541,19900
2008-10-10,1.149999976158142,1.149999976158142,0.949999988079071,1.149999976158142,4800
2008-10-13,1.0499999523162842,1.0499999523162842,1.0499999523162842,1.0499999523162842,2000
2008-10-14,0.8999999761581421,0.9100000262260437,0.8999999761581421,0.9100000262260437,2100
2008-10-15,0.8500000238418579,0.8500000238418579,0.8500000238418579,0.8500000238418579,1200
2008-10-16,0.800000011920929,0.8500000238418579,0.800000011920929,0.8500000238418579,6500
2008-10-17,0.8999999761581421,0.8999999761581421,0.8899999856948853,0.8899999856948853,1900
2008-10-20,0.8999999761581421,0.8999999761581421,0.8999999761581421,0.8999999761581421,0
2008-10-21,0.949999988079071,1.0499999523162842,0.949999988079071,1.0499999523162842,400
2008-10-22,0.8999999761581421,0.8999999761581421,0.8999999761581421,0.8999999761581421,100
2008-10-23,0.800000011920929,0.800000011920929,0.800000011920929,0.800000011920929,1000
2008-10-24,0.800000011920929,0.800000011920929,0.800000011920929,0.800000011920929,4000
2008-10-27,0.800000011920929,0.800000011920929,0.800000011920929,0.800000011920929,500
2008-10-28,0.8299999833106995,0.8500000238418579,0.800000011920929,0.800000011920929,6200
2008-10-29,0.9100000262260437,0.9100000262260437,0.8899999856948853,0.8899999856948853,800
2008-10-30,0.9100000262260437,0.9100000262260437,0.9100000262260437,0.9100000262260437,0
2008-10-31,0.9100000262260437,0.9100000262260437,0.9100000262260437,0.9100000262260437,0
2008-11-03,0.9100000262260437,0.9100000262260437,0.9100000262260437,0.9100000262260437,0
2008-11-04,0.9100000262260437,0.9100000262260437,0.9100000262260437,0.9100000262260437,0
2008-11-05,0.800000011920929,0.800000011920929,0.800000011920929,0.800000011920929,400
2008-11-06,0.800000011920929,0.8100000023841858,0.800000011920929,0.8100000023841858,800
2008-11-07,0.800000011920929,0.800000011920929,0.800000011920929,0.800000011920929,0
2008-11-10,0.800000011920929,0.8500000238418579,0.800000011920929,0.8500000238418579,2100
2008-11-11,0.800000011920929,0.800000011920929,0.800000011920929,0.800000011920929,0
2008-11-12,0.800000011920929,0.800000011920929,0.800000011920929,0.800000011920929,0
2008-11-13,0.800000011920929,0.800000011920929,0.800000011920929,0.800000011920929,0
2008-11-14,0.7400000095367432,0.7799999713897705,0.6299999952316284,0.7799999713897705,1000
2008-11-17,0.5600000023841858,0.7099999785423279,0.5600000023841858,0.7099999785423279,700
2008-11-18,0.5899999737739563,0.6399999856948853,0.5899999737739563,0.6200000047683716,5700
2008-11-19,0.5199999809265137,0.6700000166893005,0.5199999809265137,0.6200000047683716,8200
2008-11-20,0.550000011920929,0.550000011920929,0.550000011920929,0.550000011920929,2300
2008-11-21,0.550000011920929,0.550000011920929,0.550000011920929,0.550000011920929,0
2008-11-24,0.699999988079071,0.7200000286102295,0.699999988079071,0.7200000286102295,1000
2008-11-25,0.699999988079071,0.699999988079071,0.699999988079071,0.699999988079071,0
2008-11-26,0.699999988079071,0.699999988079071,0.699999988079071,0.699999988079071,100
2008-11-28,1.0,1.0,0.8999999761581421,0.8999999761581421,18400
2008-12-01,0.9800000190734863,0.9800000190734863,0.9800000190734863,0.9800000190734863,500
2008-12-02,0.9399999976158142,0.9399999976158142,0.9399999976158142,0.9399999976158142,200
2008-12-03,0.9399999976158142,0.9399999976158142,0.9399999976158142,0.9399999976158142,0
2008-12-04,0.8600000143051147,0.8600000143051147,0.7799999713897705,0.7799999713897705,300
2008-12-05,0.8600000143051147,0.8600000143051147,0.8600000143051147,0.8600000143051147,0
2008-12-08,0.699999988079071,0.7599999904632568,0.5400000214576721,0.5400000214576721,7400
2008-12-09,0.9100000262260437,0.9100000262260437,0.9100000262260437,0.9100000262260437,300
2008-12-10,0.9100000262260437,0.9100000262260437,0.9100000262260437,0.9100000262260437,0
2008-12-11,0.7099999785423279,0.7099999785423279,0.7099999785423279,0.7099999785423279,100
2008-12-12,0.699999988079071,0.7200000286102295,0.5600000023841858,0.5600000023841858,9000
2008-12-15,0.8600000143051147,0.8600000143051147,0.8600000143051147,0.8600000143051147,500
2008-12-16,0.8600000143051147,0.8600000143051147,0.8600000143051147,0.8600000143051147,0
2008-12-17,0.8199999928474426,0.8199999928474426,0.6399999856948853,0.75,2400
2008-12-18,0.7900000214576721,0.7900000214576721,0.5400000214576721,0.550000011920929,11300
2008-12-19,0.6499999761581421,0.6499999761581421,0.5600000023841858,0.5600000023841858,3200
2008-12-22,0.6000000238418579,0.6200000047683716,0.5699999928474426,0.5699999928474426,12100
2008-12-23,0.5600000023841858,0.6600000262260437,0.5600000023841858,0.6600000262260437,13500
2008-12-24,0.550000011920929,0.550000011920929,0.5299999713897705,0.550000011920929,9500
2008-12-26,0.6000000238418579,0.6000000238418579,0.4099999964237213,0.5099999904632568,15600
2008-12-29,0.46000000834465027,0.4699999988079071,0.44999998807907104,0.4699999988079071,13100
2008-12-30,0.550000011920929,0.5899999737739563,0.4099999964237213,0.5899999737739563,15500
2008-12-31,0.5799999833106995,0.5799999833106995,0.4399999976158142,0.44999998807907104,35600
2009-01-02,0.5799999833106995,0.5799999833106995,0.550000011920929,0.550000011920929,700
2009-01-05,0.5199999809265137,0.5199999809265137,0.47999998927116394,0.47999998927116394,2500
2009-01-06,0.550000011920929,0.550000011920929,0.5199999809265137,0.5199999809265137,7100
2009-01-07,0.5899999737739563,0.5899999737739563,0.550000011920929,0.550000011920929,8500
2009-01-08,0.6200000047683716,0.7799999713897705,0.5899999737739563,0.5899999737739563,2000
2009-01-09,0.6200000047683716,0.6200000047683716,0.6200000047683716,0.6200000047683716,0
2009-01-12,0.6200000047683716,0.6200000047683716,0.6200000047683716,0.6200000047683716,0
2009-01-13,0.6399999856948853,0.6399999856948853,0.6100000143051147,0.6100000143051147,7900
2009-01-14,0.6100000143051147,0.6100000143051147,0.6100000143051147,0.6100000143051147,200
2009-01-15,0.6100000143051147,0.6100000143051147,0.6100000143051147,0.6100000143051147,0
2009-01-16,0.6000000238418579,0.6100000143051147,0.6000000238418579,0.6100000143051147,1000
2009-01-20,0.6000000238418579,0.6000000238418579,0.6000000238418579,0.6000000238418579,100
2009-01-21,0.6000000238418579,0.6000000238418579,0.6000000238418579,0.6000000238418579,200
2009-01-22,0.6000000238418579,0.6000000238418579,0.6000000238418579,0.6000000238418579,0
2009-01-23,0.6000000238418579,0.6000000238418579,0.6000000238418579,0.6000000238418579,0
2009-01-26,0.550000011920929,0.6000000238418579,0.41999998688697815,0.6000000238418579,14600
2009-01-27,0.6000000238418579,0.6000000238418579,0.5799999833106995,0.5799999833106995,5900
2009-01-28,0.6000000238418579,0.6000000238418579,0.6000000238418579,0.6000000238418579,0
2009-01-29,0.6000000238418579,0.6000000238418579,0.6000000238418579,0.6000000238418579,0
2009-01-30,0.47999998927116394,0.5699999928474426,0.47999998927116394,0.5600000023841858,31100
2009-02-02,0.6000000238418579,0.6000000238418579,0.5799999833106995,0.5799999833106995,200
2009-02-03,0.6000000238418579,0.6000000238418579,0.6000000238418579,0.6000000238418579,0
2009-02-04,0.5299999713897705,0.5299999713897705,0.5299999713897705,0.5299999713897705,300
2009-02-05,0.41999998688697815,0.5400000214576721,0.41999998688697815,0.5299999713897705,11500
2009-02-06,0.5799999833106995,0.5799999833106995,0.5799999833106995,0.5799999833106995,1000
2009-02-09,0.5799999833106995,0.5799999833106995,0.5799999833106995,0.5799999833106995,0
2009-02-10,0.5799999833106995,0.5799999833106995,0.5799999833106995,0.5799999833106995,0
2009-02-11,0.5799999833106995,0.5799999833106995,0.5799999833106995,0.5799999833106995,0
2009-02-12,0.550000011920929,0.550000011920929,0.550000011920929,0.550000011920929,2900
2009-02-13,0.550000011920929,0.550000011920929,0.550000011920929,0.550000011920929,1400
2009-02-17,0.5,0.5299999713897705,0.5,0.5299999713897705,1400
2009-02-18,0.4699999988079071,0.5099999904632568,0.4699999988079071,0.5099999904632568,3400
2009-02-19,0.4300000071525574,0.47999998927116394,0.41999998688697815,0.46000000834465027,57600
2009-02-20,0.38999998569488525,0.41999998688697815,0.38999998569488525,0.41999998688697815,37600
2009-02-23,0.4000000059604645,0.44999998807907104,0.3400000035762787,0.4300000071525574,80400
2009-02-24,0.4099999964237213,0.44999998807907104,0.4000000059604645,0.4000000059604645,2300
2009-02-25,0.4099999964237213,0.4099999964237213,0.4099999964237213,0.4099999964237213,0
2009-02-26,0.5099999904632568,0.5099999904632568,0.5099999904632568,0.5099999904632568,100
2009-02-27,0.5699999928474426,0.5699999928474426,0.5400000214576721,0.5400000214576721,5900
2009-03-02,0.5699999928474426,0.5699999928474426,0.5699999928474426,0.5699999928474426,0
2009-03-03,0.46000000834465027,0.49000000953674316,0.3700000047683716,0.3700000047683716,2100
2009-03-04,0.5699999928474426,0.5699999928474426,0.5699999928474426,0.5699999928474426,700
2009-03-05,0.5699999928474426,0.5699999928474426,0.5,0.5,1200
2009-03-06,0.550000011920929,0.550000011920929,0.550000011920929,0.550000011920929,600
2009-03-09,0.5,0.5,0.44999998807907104,0.44999998807907104,3000
2009-03-10,0.5,0.5,0.5,0.5,8600
2009-03-11,0.5699999928474426,0.5699999928474426,0.5699999928474426,0.5699999928474426,5400
2009-03-12,0.6000000238418579,0.6000000238418579,0.5899999737739563,0.5899999737739563,200
2009-03-13,0.6800000071525574,1.0,0.6800000071525574,1.0,21900
2009-03-16,0.6499999761581421,0.6499999761581421,0.6399999856948853,0.6399999856948853,200
2009-03-17,0.6499999761581421,0.6499999761581421,0.6499999761581421,0.6499999761581421,4300
2009-03-18,0.6499999761581421,0.6499999761581421,0.6499999761581421,0.6499999761581421,0
2009-03-19,0.6499999761581421,0.6499999761581421,0.6499999761581421,0.6499999761581421,0
2009-03-20,0.6499999761581421,0.6499999761581421,0.6499999761581421,0.6499999761581421,0
2009-03-23,0.6499999761581421,0.6499999761581421,0.6499999761581421,0.6499999761581421,0
2009-03-24,0.6499999761581421,0.6499999761581421,0.6499999761581421,0.6499999761581421,0
2009-03-25,0.6499999761581421,0.6499999761581421,0.6499999761581421,0.6499999761581421,0
2009-03-26,0.800000011920929,0.800000011920929,0.800000011920929,0.800000011920929,3100
2009-03-27,0.699999988079071,0.7099999785423279,0.6700000166893005,0.7099999785423279,6400
2009-03-30,0.699999988079071,0.699999988079071,0.699999988079071,0.699999988079071,0
2009-03-31,0.699999988079071,0.7099999785423279,0.699999988079071,0.7099999785423279,500
2009-04-01,0.699999988079071,0.699999988079071,0.699999988079071,0.699999988079071,0
2009-04-02,0.8399999737739563,0.8399999737739563,0.7900000214576721,0.7900000214576721,3500
2009-04-03,0.8399999737739563,0.8399999737739563,0.8399999737739563,0.8399999737739563,0
2009-04-06,0.8399999737739563,0.8399999737739563,0.8399999737739563,0.8399999737739563,0
2009-04-07,0.8399999737739563,0.8399999737739563,0.8399999737739563,0.8399999737739563,0
2009-04-08,0.8399999737739563,0.8399999737739563,0.8399999737739563,0.8399999737739563,0
2009-04-09,0.7400000095367432,0.7599999904632568,0.7099999785423279,0.7599999904632568,1500
2009-04-13,0.699999988079071,0.699999988079071,0.699999988079071,0.699999988079071,200
2009-04-14,0.6800000071525574,0.699999988079071,0.6800000071525574,0.699999988079071,4100
2009-04-15,0.6800000071525574,0.6800000071525574,0.6800000071525574,0.6800000071525574,0
2009-04-16,0.6600000262260437,0.6800000071525574,0.550000011920929,0.550000011920929,1800
2009-04-17,0.7699999809265137,0.7699999809265137,0.7699999809265137,0.7699999809265137,1200
2009-04-20,0.7799999713897705,1.0,0.7799999713897705,1.0,22900
2009-04-21,0.8700000047683716,0.8700000047683716,0.6899999976158142,0.7799999713897705,5800
2009-04-22,0.800000011920929,0.8100000023841858,0.699999988079071,0.7400000095367432,11900
2009-04-23,0.800000011920929,0.800000011920929,0.800000011920929,0.800000011920929,200
2009-04-24,0.8299999833106995,0.8899999856948853,0.699999988079071,0.8899999856948853,31300
2009-04-27,0.8299999833106995,0.8299999833106995,0.8299999833106995,0.8299999833106995,0
2009-04-28,0.8100000023841858,0.8100000023841858,0.8100000023841858,0.8100000023841858,100
2009-04-29,0.8899999856948853,0.8899999856948853,0.699999988079071,0.699999988079071,2600
2009-04-30,0.800000011920929,0.8299999833106995,0.75,0.8299999833106995,6100
2009-05-01,0.800000011920929,0.800000011920929,0.800000011920929,0.800000011920929,0
2009-05-04,0.7400000095367432,0.8100000023841858,0.699999988079071,0.800000011920929,13000
2009-05-05,0.7599999904632568,0.7900000214576721,0.7599999904632568,0.7900000214576721,5700
2009-05-06,0.8299999833106995,0.8299999833106995,0.800000011920929,0.8299999833106995,7000
2009-05-07,0.9200000166893005,0.9200000166893005,0.8899999856948853,0.8899999856948853,2000
2009-05-08,0.9200000166893005,0.9200000166893005,0.7099999785423279,0.7200000286102295,900
2009-05-11,0.7599999904632568,0.8799999952316284,0.7599999904632568,0.8500000238418579,4000
2009-05-12,0.8399999737739563,0.8399999737739563,0.8299999833106995,0.8399999737739563,2400
2009-05-13,0.8399999737739563,0.8399999737739563,0.8399999737739563,0.8399999737739563,1100
2009-05-14,0.800000011920929,0.8100000023841858,0.800000011920929,0.8100000023841858,43700
2009-05-15,0.800000011920929,0.800000011920929,0.800000011920929,0.800000011920929,0
2009-05-18,0.8500000238418579,0.8500000238418579,0.8500000238418579,0.8500000238418579,5100
2009-05-19,0.8500000238418579,0.8500000238418579,0.8500000238418579,0.8500000238418579,2000
2009-05-20,0.9200000166893005,0.9200000166893005,0.9200000166893005,0.9200000166893005,1600
2009-05-21,0.9200000166893005,0.9200000166893005,0.9200000166893005,0.9200000166893005,0
2009-05-22,0.9200000166893005,0.9200000166893005,0.9200000166893005,0.9200000166893005,0
2009-05-26,0.9100000262260437,0.9399999976158142,0.9100000262260437,0.9399999976158142,1600
2009-05-27,0.8999999761581421,0.8999999761581421,0.800000011920929,0.800000011920929,9500
2009-05-28,0.8999999761581421,0.8999999761581421,0.7799999713897705,0.7799999713897705,1100
2009-05-29,0.8199999928474426,0.8199999928474426,0.8199999928474426,0.8199999928474426,8800
2009-06-01,0.8199999928474426,0.8199999928474426,0.8199999928474426,0.8199999928474426,0
2009-06-02,0.8299999833106995,0.8299999833106995,0.8299999833106995,0.8299999833106995,2100
2009-06-03,0.8299999833106995,0.8299999833106995,0.8299999833106995,0.8299999833106995,700
2009-06-04,0.8199999928474426,0.8299999833106995,0.8199999928474426,0.8299999833106995,6400
2009-06-05,0.8199999928474426,0.8199999928474426,0.8199999928474426,0.8199999928474426,0
2009-06-08,0.7699999809265137,0.7799999713897705,0.7699999809265137,0.7799999713897705,500
2009-06-09,0.7699999809265137,0.7799999713897705,0.7699999809265137,0.7799999713897705,2400
2009-06-10,0.7699999809265137,0.7699999809265137,0.7699999809265137,0.7699999809265137,0
2009-06-11,0.6800000071525574,0.7200000286102295,0.6800000071525574,0.7099999785423279,50400
2009-06-12,0.6800000071525574,0.6800000071525574,0.6800000071525574,0.6800000071525574,0
2009-06-15,0.6800000071525574,0.6800000071525574,0.6800000071525574,0.6800000071525574,0
2009-06-16,0.7699999809265137,0.7699999809265137,0.7099999785423279,0.7099999785423279,4600
2009-06-17,0.7699999809265137,0.7699999809265137,0.7699999809265137,0.7699999809265137,0
2009-06-18,0.7699999809265137,0.7699999809265137,0.7699999809265137,0.7699999809265137,600
2009-06-19,0.7699999809265137,0.7699999809265137,0.7699999809265137,0.7699999809265137,0
2009-06-22,1.190000057220459,1.2100000381469727,0.8999999761581421,1.0800000429153442,630300
2009-06-23,1.0,1.0299999713897705,0.8600000143051147,0.9200000166893005,82900
2009-06-24,0.9800000190734863,0.9800000190734863,0.949999988079071,0.9599999785423279,27700
2009-06-25,0.9300000071525574,1.059999942779541,0.9300000071525574,0.9599999785423279,38300
2009-06-26,0.949999988079071,0.9800000190734863,0.9200000166893005,0.9300000071525574,17600
2009-06-29,0.9700000286102295,1.0399999618530273,0.949999988079071,0.949999988079071,6500
2009-06-30,0.9700000286102295,1.0700000524520874,0.8600000143051147,0.9900000095367432,92200
2009-07-01,1.1299999952316284,1.3200000524520874,1.0499999523162842,1.100000023841858,104700
2009-07-02,1.190000057220459,1.2000000476837158,1.1399999856948853,1.190000057220459,37400
2009-07-06,1.059999942779541,1.0800000429153442,1.0,1.0700000524520874,63400
2009-07-07,1.100000023841858,1.149999976158142,1.0299999713897705,1.100000023841858,16100
2009-07-08,1.0800000429153442,1.0800000429153442,0.9800000190734863,1.0199999809265137,11500
2009-07-09,1.0,1.0700000524520874,1.0,1.0700000524520874,34400
2009-07-10,1.0499999523162842,1.0700000524520874,1.0,1.0,8900
2009-07-13,1.0499999523162842,1.059999942779541,1.0099999904632568,1.0099999904632568,21400
2009-07-14,1.0,1.0399999618530273,0.9900000095367432,1.0099999904632568,176800
2009-07-15,0.9900000095367432,1.0399999618530273,0.9900000095367432,1.0,19600
2009-07-16,1.100000023841858,1.100000023841858,0.9900000095367432,0.9900000095367432,35400
2009-07-17,1.059999942779541,1.1399999856948853,1.0499999523162842,1.0499999523162842,26500
2009-07-20,1.0299999713897705,1.0700000524520874,0.9900000095367432,1.0499999523162842,203600
2009-07-21,0.9900000095367432,1.090000033378601,0.9900000095367432,1.090000033378601,152800
2009-07-22,1.0,1.0,0.949999988079071,0.9800000190734863,24800
2009-07-23,0.9900000095367432,1.0499999523162842,0.9700000286102295,1.0499999523162842,76800
2009-07-24,1.0,1.0,0.9700000286102295,1.0,20300
2009-07-27,0.9200000166893005,1.0,0.8899999856948853,1.0,179100
2009-07-28,1.149999976158142,1.2200000286102295,1.0,1.2200000286102295,113300
2009-07-29,1.2999999523162842,1.350000023841858,1.1399999856948853,1.2000000476837158,30600
2009-07-30,1.2300000190734863,1.399999976158142,1.2300000190734863,1.399999976158142,900
2009-07-31,1.309999942779541,1.309999942779541,1.159999966621399,1.159999966621399,6000
2009-08-03,1.3700000047683716,1.399999976158142,1.309999942779541,1.399999976158142,16000
2009-08-04,1.25,1.399999976158142,1.149999976158142,1.399999976158142,54100
2009-08-05,1.25,1.340000033378601,1.25,1.25,49300
2009-08-06,1.2999999523162842,1.350000023841858,1.2000000476837158,1.3200000524520874,89700
2009-08-07,1.4900000095367432,1.4900000095367432,1.2000000476837158,1.25,37600
2009-08-10,1.399999976158142,1.4800000190734863,1.3200000524520874,1.4800000190734863,24500
2009-08-11,1.399999976158142,1.4500000476837158,1.350000023841858,1.350000023841858,10000
2009-08-12,1.4299999475479126,1.4500000476837158,1.350000023841858,1.4299999475479126,6400
2009-08-13,1.399999976158142,1.4299999475479126,1.399999976158142,1.4299999475479126,6500
2009-08-14,1.3600000143051147,1.3700000047683716,1.3600000143051147,1.3600000143051147,2200
2009-08-17,1.2200000286102295,1.3600000143051147,1.2200000286102295,1.3600000143051147,6500
2009-08-18,1.340000033378601,1.409999966621399,1.340000033378601,1.340000033378601,14300
2009-08-19,1.350000023841858,1.4199999570846558,1.350000023841858,1.350000023841858,17000
2009-08-20,1.3200000524520874,1.399999976158142,1.3200000524520874,1.350000023841858,5600
2009-08-21,1.3700000047683716,1.3700000047683716,1.350000023841858,1.350000023841858,400
2009-08-24,1.350000023841858,1.4199999570846558,1.350000023841858,1.3700000047683716,14200
2009-08-25,1.3799999952316284,1.3899999856948853,1.340000033378601,1.340000033378601,8600
2009-08-26,1.4600000381469727,1.5499999523162842,1.399999976158142,1.4199999570846558,132300
2009-08-27,1.5499999523162842,1.590000033378601,1.4800000190734863,1.590000033378601,14000
2009-08-28,1.600000023841858,1.7000000476837158,1.5700000524520874,1.600000023841858,27800
2009-08-31,1.6699999570846558,1.7400000095367432,1.600000023841858,1.7400000095367432,12200
2009-09-01,1.5800000429153442,1.75,1.5499999523162842,1.690000057220459,60600
2009-09-02,1.6799999475479126,1.809999942779541,1.600000023841858,1.809999942779541,32000
2009-09-03,1.850000023841858,1.8899999856948853,1.649999976158142,1.7000000476837158,33700
2009-09-04,1.9900000095367432,2.0,1.850000023841858,1.8700000047683716,98600
2009-09-08,2.1600000858306885,2.25,2.0,2.0,168400
2009-09-09,2.259999990463257,2.299999952316284,2.119999885559082,2.240000009536743,97300
2009-09-10,2.380000114440918,2.380000114440918,2.119999885559082,2.200000047683716,160900
2009-09-11,2.25,2.380000114440918,2.25,2.380000114440918,91300
2009-09-14,2.200000047683716,2.3499999046325684,2.119999885559082,2.200000047683716,62700
2009-09-15,2.200000047683716,2.319999933242798,2.140000104904175,2.140000104904175,28900
2009-09-16,2.200000047683716,2.2699999809265137,2.0999999046325684,2.25,38600
2009-09-17,2.2200000286102295,2.2699999809265137,2.190000057220459,2.190000057220459,24400
2009-09-18,2.240000009536743,2.259999990463257,2.200000047683716,2.200000047683716,16400
2009-09-21,2.430000066757202,2.5,2.2699999809265137,2.2699999809265137,36100
2009-09-22,2.4000000953674316,2.4800000190734863,2.309999942779541,2.4800000190734863,6200
2009-09-23,2.299999952316284,2.3499999046325684,2.2699999809265137,2.2699999809265137,17000
2009-09-24,2.3499999046325684,2.450000047683716,2.3299999237060547,2.390000104904175,16800
2009-09-25,2.240000009536743,2.4000000953674316,2.1700000762939453,2.4000000953674316,23200
2009-09-28,2.259999990463257,2.4000000953674316,2.200000047683716,2.2899999618530273,12500
2009-09-29,2.6500000953674316,2.690000057220459,2.369999885559082,2.5,353200
2009-09-30,2.6700000762939453,2.75,2.609999895095825,2.6500000953674316,136100
2009-10-01,2.75,2.75,2.6700000762939453,2.7100000381469727,42500
2009-10-02,2.809999942779541,2.9000000953674316,2.6500000953674316,2.6500000953674316,139600
2009-10-05,3.0,3.0,2.859999895095825,2.9000000953674316,96100
2009-10-06,2.799999952316284,3.0,2.6700000762939453,3.0,110000
2009-10-07,2.700000047683716,2.819999933242798,2.630000114440918,2.809999942779541,36000
2009-10-08,2.690000057220459,2.8499999046325684,2.5999999046325684,2.7899999618530273,54800
2009-10-09,2.890000104904175,2.890000104904175,2.640000104904175,2.7200000286102295,68600
2009-10-12,2.859999895095825,2.9000000953674316,2.799999952316284,2.9000000953674316,27400
2009-10-13,3.0,3.25,2.8299999237060547,3.0,266300
2009-10-14,3.0,3.0999999046325684,2.890000104904175,3.0799999237060547,138600
2009-10-15,3.0399999618530273,3.1500000953674316,2.8499999046325684,2.930000066757202,57000
2009-10-16,3.0799999237060547,3.0999999046325684,2.9600000381469727,3.0999999046325684,39900
2009-10-19,3.200000047683716,3.2200000286102295,3.0799999237060547,3.0799999237060547,26200
2009-10-20,3.180000066757202,3.200000047683716,3.069999933242798,3.200000047683716,45700
2009-10-21,3.0899999141693115,3.180000066757202,3.0899999141693115,3.180000066757202,19100
2009-10-22,3.0799999237060547,3.0899999141693115,2.950000047683716,3.0399999618530273,36200
2009-10-23,3.0799999237060547,3.0899999141693115,3.0,3.0799999237060547,11800
2009-10-26,3.0799999237060547,3.0899999141693115,2.9700000286102295,3.0899999141693115,13600
2009-10-27,2.9800000190734863,3.069999933242798,2.890000104904175,3.0299999713897705,26700
2009-10-28,2.75,2.9000000953674316,2.740000009536743,2.880000114440918,57400
2009-10-29,2.7300000190734863,2.819999933242798,2.5999999046325684,2.75,35300
2009-10-30,3.0199999809265137,3.119999885559082,2.6500000953674316,2.740000009536743,234500
2009-11-02,3.1500000953674316,3.190000057220459,2.690000057220459,2.9200000762939453,52700
2009-11-03,3.009999990463257,3.190000057220459,2.859999895095825,3.140000104904175,158900
2009-11-04,2.990000009536743,3.0999999046325684,2.8299999237060547,3.0,73600
2009-11-05,2.880000114440918,3.0,2.759999990463257,2.9100000858306885,49400
2009-11-06,2.869999885559082,2.9100000858306885,2.8299999237060547,2.859999895095825,13600
2009-11-09,2.990000009536743,3.049999952316284,2.75,2.799999952316284,83800
2009-11-10,2.9800000190734863,3.0,2.8299999237060547,3.0,103800
2009-11-11,2.990000009536743,3.049999952316284,2.859999895095825,3.049999952316284,42500
2009-11-12,2.950000047683716,2.9800000190734863,2.809999942779541,2.9600000381469727,48100
2009-11-13,3.119999885559082,3.200000047683716,2.8499999046325684,2.890000104904175,92700
2009-11-16,3.0399999618530273,3.180000066757202,2.8299999237060547,3.119999885559082,159800
2009-11-17,3.069999933242798,3.0799999237060547,2.9600000381469727,3.0199999809265137,38200
2009-11-18,3.0799999237060547,3.119999885559082,2.9200000762939453,3.049999952316284,115800
2009-11-19,3.1500000953674316,3.1500000953674316,3.0,3.119999885559082,34400
2009-11-20,3.140000104904175,3.1500000953674316,3.0299999713897705,3.109999895095825,29900
2009-11-23,3.5999999046325684,3.8499999046325684,3.0999999046325684,3.1500000953674316,1705100
2009-11-24,3.680000066757202,3.680000066757202,3.450000047683716,3.6600000858306885,210200
2009-11-25,3.690000057220459,3.75,3.5999999046325684,3.690000057220459,110600
2009-11-27,3.609999895095825,3.640000104904175,3.450000047683716,3.450000047683716,59300
2009-11-30,3.9200000762939453,3.9700000286102295,3.5399999618530273,3.549999952316284,329000
2009-12-01,4.0,4.099999904632568,3.7699999809265137,4.0,520200
2009-12-02,4.170000076293945,4.300000190734863,4.050000190734863,4.099999904632568,332800
2009-12-03,4.400000095367432,4.590000152587891,4.300000190734863,4.300000190734863,284300
2009-12-04,4.5,4.5,4.300000190734863,4.460000038146973,163200
2009-12-07,4.489999771118164,4.550000190734863,4.340000152587891,4.449999809265137,118300
2009-12-08,4.829999923706055,4.849999904632568,4.449999809265137,4.789999961853027,764800
2009-12-09,4.699999809265137,4.829999923706055,4.579999923706055,4.829999923706055,295800
2009-12-10,4.889999866485596,5.0,4.699999809265137,4.699999809265137,301500
2009-12-11,5.059999942779541,5.130000114440918,4.860000133514404,5.0,239600
2009-12-14,5.0,5.349999904632568,4.909999847412109,5.179999828338623,445800
2009-12-15,4.730000019073486,4.940000057220459,4.550000190734863,4.940000057220459,236800
2009-12-16,4.510000228881836,4.800000190734863,4.409999847412109,4.590000152587891,247600
2009-12-17,4.789999961853027,4.800000190734863,4.510000228881836,4.510000228881836,99400
2009-12-18,4.820000171661377,4.96999979019165,4.71999979019165,4.75,99900
2009-12-21,5.730000019073486,5.849999904632568,5.159999847412109,5.199999809265137,1354100
2009-12-22,5.929999828338623,5.989999771118164,5.630000114440918,5.78000020980835,509900
2009-12-23,5.869999885559082,6.0,5.75,5.949999809265137,414300
2009-12-24,6.0,6.079999923706055,5.75,5.880000114440918,273000
2009-12-28,6.190000057220459,6.25,6.0,6.190000057220459,375800
2009-12-29,5.980000019073486,6.289999961853027,5.670000076293945,6.25,412100
2009-12-30,6.119999885559082,6.119999885559082,5.909999847412109,5.909999847412109,157600
2009-12-31,6.460000038146973,6.550000190734863,6.349999904632568,6.420000076293945,463500
2010-01-04,6.400000095367432,6.699999809265137,6.150000095367432,6.599999904632568,608500
2010-01-05,6.5,6.659999847412109,6.420000076293945,6.539999961853027,243300
2010-01-06,6.579999923706055,6.71999979019165,6.460000038146973,6.71999979019165,136100
2010-01-07,6.269999980926514,6.599999904632568,6.210000038146973,6.539999961853027,186400
2010-01-08,6.269999980926514,6.380000114440918,6.179999828338623,6.210000038146973,170400
2010-01-11,6.400000095367432,6.460000038146973,6.21999979019165,6.309999942779541,153700
2010-01-12,6.119999885559082,6.300000190734863,6.099999904632568,6.300000190734863,104000
2010-01-13,5.78000020980835,6.059999942779541,5.179999828338623,6.03000020980835,651100
2010-01-14,5.78000020980835,5.889999866485596,5.380000114440918,5.739999771118164,281300
2010-01-15,5.519999980926514,5.800000190734863,5.400000095367432,5.789999961853027,184100
2010-01-19,5.53000020980835,5.659999847412109,5.199999809265137,5.489999771118164,248300
2010-01-20,5.440000057220459,5.550000190734863,5.260000228881836,5.5,109300
2010-01-21,5.190000057220459,5.5,5.050000190734863,5.420000076293945,171000
2010-01-22,4.920000076293945,5.110000133514404,4.789999961853027,5.099999904632568,260300
2010-01-25,4.650000095367432,5.0,4.570000171661377,4.900000095367432,278100
2010-01-26,4.559999942779541,4.670000076293945,4.420000076293945,4.570000171661377,202900
2010-01-27,4.690000057220459,4.710000038146973,4.559999942779541,4.659999847412109,127400
2010-01-28,4.539999961853027,4.840000152587891,4.510000228881836,4.75,108200
2010-01-29,4.489999771118164,4.619999885559082,4.400000095367432,4.510000228881836,148700
2010-02-01,4.480000019073486,4.5,4.309999942779541,4.460000038146973,135800
2010-02-02,4.550000190734863,4.619999885559082,4.349999904632568,4.460000038146973,123500
2010-02-03,4.400000095367432,4.619999885559082,4.380000114440918,4.579999923706055,193200
2010-02-04,4.800000190734863,4.889999866485596,4.25,4.300000190734863,945400
2010-02-05,4.630000114440918,4.800000190734863,4.5,4.769999980926514,162700
2010-02-08,4.739999771118164,4.889999866485596,4.659999847412109,4.699999809265137,116600
2010-02-09,4.800000190734863,4.980000019073486,4.739999771118164,4.849999904632568,142400
2010-02-10,4.889999866485596,4.920000076293945,4.650000095367432,4.840000152587891,58000
2010-02-11,4.789999961853027,4.900000095367432,4.760000228881836,4.849999904632568,75900
2010-02-12,4.920000076293945,4.96999979019165,4.710000038146973,4.760000228881836,105600
2010-02-16,5.179999828338623,5.300000190734863,5.050000190734863,5.199999809265137,385500
2010-02-17,4.489999771118164,5.400000095367432,4.230000019073486,5.340000152587891,1895200
2010-02-18,4.78000020980835,4.840000152587891,4.539999961853027,4.559999942779541,409800
2010-02-19,4.760000228881836,4.840000152587891,4.619999885559082,4.739999771118164,212200
2010-02-22,4.650000095367432,4.860000133514404,4.519999980926514,4.820000171661377,114100
2010-02-23,4.550000190734863,4.789999961853027,4.510000228881836,4.659999847412109,279300
2010-02-24,4.550000190734863,4.599999904632568,4.510000228881836,4.539999961853027,107000
2010-02-25,4.570000171661377,4.71999979019165,4.489999771118164,4.650000095367432,275600
2010-02-26,4.650000095367432,4.670000076293945,4.489999771118164,4.539999961853027,42200
2010-03-01,4.909999847412109,4.980000019073486,4.650000095367432,4.699999809265137,218600
2010-03-02,5.019999980926514,5.099999904632568,4.929999828338623,4.949999809265137,172200
2010-03-03,5.179999828338623,5.199999809265137,4.96999979019165,5.070000171661377,152000
2010-03-04,5.130000114440918,5.179999828338623,4.949999809265137,5.139999866485596,100100
2010-03-05,5.130000114440918,5.199999809265137,5.039999961853027,5.170000076293945,44100
2010-03-08,5.699999809265137,5.929999828338623,5.400000095367432,5.400000095367432,943600
2010-03-09,5.409999847412109,5.699999809265137,5.25,5.699999809265137,410600
2010-03-10,5.269999980926514,5.599999904632568,5.170000076293945,5.599999904632568,1389500
2010-03-11,5.269999980926514,5.429999828338623,5.21999979019165,5.349999904632568,327100
2010-03-12,5.159999847412109,5.400000095367432,5.0,5.28000020980835,218500
2010-03-15,4.730000019073486,5.179999828338623,4.619999885559082,5.150000095367432,485000
2010-03-16,4.869999885559082,4.989999771118164,4.730000019073486,4.75,283800
2010-03-17,5.099999904632568,5.179999828338623,4.869999885559082,4.869999885559082,341800
2010-03-18,5.300000190734863,5.400000095367432,5.019999980926514,5.070000171661377,232200
2010-03-19,5.119999885559082,5.360000133514404,5.050000190734863,5.349999904632568,187000
2010-03-22,5.289999961853027,5.329999923706055,4.929999828338623,5.090000152587891,221300
2010-03-23,5.46999979019165,5.5,5.179999828338623,5.199999809265137,270900
2010-03-24,5.349999904632568,5.440000057220459,5.239999771118164,5.440000057220459,136400
2010-03-25,5.230000019073486,5.579999923706055,5.150000095367432,5.380000114440918,212300
2010-03-26,5.25,5.340000152587891,5.130000114440918,5.199999809265137,65500
2010-03-29,5.389999866485596,5.440000057220459,5.25,5.25,80900
2010-03-30,5.510000228881836,5.550000190734863,5.360000133514404,5.429999828338623,167900
2010-03-31,5.480000019073486,5.599999904632568,5.429999828338623,5.539999961853027,70000
2010-04-01,5.380000114440918,5.53000020980835,5.369999885559082,5.53000020980835,42700
2010-04-05,5.769999980926514,5.789999961853027,5.409999847412109,5.449999809265137,293400
2010-04-06,5.849999904632568,5.929999828338623,5.659999847412109,5.769999980926514,138200
2010-04-07,5.809999942779541,5.940000057220459,5.730000019073486,5.880000114440918,164800
2010-04-08,5.929999828338623,5.96999979019165,5.71999979019165,5.789999961853027,86700
2010-04-09,5.920000076293945,5.96999979019165,5.78000020980835,5.900000095367432,103900
2010-04-12,5.980000019073486,6.099999904632568,5.920000076293945,5.96999979019165,135700
2010-04-13,5.869999885559082,6.019999980926514,5.849999904632568,6.0,125300
2010-04-14,5.949999809265137,6.0,5.809999942779541,5.949999809265137,154300
2010-04-15,5.980000019073486,6.0,5.869999885559082,5.900000095367432,84400
2010-04-16,5.789999961853027,6.079999923706055,5.71999979019165,6.0,95700
2010-04-19,5.949999809265137,6.079999923706055,5.760000228881836,5.789999961853027,137400
2010-04-20,5.929999828338623,6.0,5.840000152587891,5.980000019073486,55300
2010-04-21,6.0,6.179999828338623,5.949999809265137,6.170000076293945,179000
2010-04-22,6.039999961853027,6.150000095367432,5.900000095367432,6.0,144500
2010-04-23,6.0,6.190000057220459,5.909999847412109,6.070000171661377,220900
2010-04-26,5.949999809265137,6.0,5.900000095367432,5.949999809265137,228800
2010-04-27,5.849999904632568,6.0,5.809999942779541,5.949999809265137,73200
2010-04-28,5.610000133514404,5.869999885559082,5.5,5.840000152587891,177700
2010-04-29,5.690000057220459,5.809999942779541,5.550000190734863,5.610000133514404,114600
2010-04-30,5.539999961853027,5.760000228881836,5.510000228881836,5.699999809265137,109000
2010-05-03,5.690000057220459,5.800000190734863,5.510000228881836,5.610000133514404,283000
2010-05-04,5.380000114440918,5.75,5.150000095367432,5.690000057220459,166000
2010-05-05,5.099999904632568,5.329999923706055,4.429999828338623,5.320000171661377,341200
2010-05-06,4.639999866485596,5.199999809265137,4.5,5.0,271700
2010-05-07,4.460000038146973,4.940000057220459,4.300000190734863,4.739999771118164,277400
2010-05-10,5.010000228881836,5.090000152587891,4.829999923706055,4.989999771118164,162500
2010-05-11,5.099999904632568,5.150000095367432,4.900000095367432,5.010000228881836,86600
2010-05-12,5.199999809265137,5.210000038146973,5.0,5.090000152587891,107700
2010-05-13,5.21999979019165,5.289999961853027,5.03000020980835,5.21999979019165,59900
2010-05-14,4.929999828338623,5.210000038146973,4.860000133514404,5.210000038146973,86600
2010-05-17,4.849999904632568,4.980000019073486,4.75,4.929999828338623,104700
2010-05-18,4.550000190734863,4.940000057220459,4.510000228881836,4.869999885559082,116700
2010-05-19,4.440000057220459,4.550000190734863,4.300000190734863,4.510000228881836,147500
2010-05-20,4.150000095367432,4.300000190734863,4.050000190734863,4.300000190734863,143900
2010-05-21,4.199999809265137,4.320000171661377,3.809999942779541,3.9800000190734863,172800
2010-05-24,4.110000133514404,4.320000171661377,4.050000190734863,4.230000019073486,69700
2010-05-25,4.0,4.010000228881836,3.75,3.890000104904175,103000
2010-05-26,4.03000020980835,4.210000038146973,3.950000047683716,4.010000228881836,94600
2010-05-27,4.409999847412109,4.440000057220459,4.090000152587891,4.199999809265137,79400
2010-05-28,4.340000152587891,4.53000020980835,4.199999809265137,4.349999904632568,73800
2010-06-01,4.139999866485596,4.349999904632568,4.099999904632568,4.349999904632568,89000
2010-06-02,4.380000114440918,4.440000057220459,4.059999942779541,4.190000057220459,52300
2010-06-03,4.449999809265137,4.550000190734863,4.400000095367432,4.429999828338623,40000
2010-06-04,4.170000076293945,4.369999885559082,4.090000152587891,4.289999961853027,56900
2010-06-07,3.890000104904175,4.159999847412109,3.8399999141693115,4.159999847412109,92700
2010-06-08,3.890000104904175,3.9100000858306885,3.630000114440918,3.9100000858306885,112700
2010-06-09,4.179999828338623,4.269999980926514,4.050000190734863,4.150000095367432,68600
2010-06-10,4.409999847412109,4.46999979019165,4.230000019073486,4.260000228881836,95200
2010-06-11,4.349999904632568,4.489999771118164,4.25,4.400000095367432,71300
2010-06-14,4.619999885559082,4.809999942779541,4.420000076293945,4.420000076293945,122300
2010-06-15,4.960000038146973,4.96999979019165,4.670000076293945,4.730000019073486,91000
2010-06-16,4.829999923706055,4.849999904632568,4.75,4.849999904632568,73400
2010-06-17,4.849999904632568,4.940000057220459,4.760000228881836,4.940000057220459,33400
2010-06-18,4.860000133514404,4.940000057220459,4.75,4.840000152587891,25800
2010-06-21,4.550000190734863,4.829999923706055,4.440000057220459,4.760000228881836,225700
2010-06-22,4.28000020980835,4.610000133514404,4.260000228881836,4.550000190734863,48800
2010-06-23,4.309999942779541,4.309999942779541,4.159999847412109,4.309999942779541,16900
2010-06-24,4.199999809265137,4.289999961853027,4.199999809265137,4.289999961853027,16500
2010-06-25,4.260000228881836,4.400000095367432,4.179999828338623,4.179999828338623,62300
2010-06-28,4.329999923706055,4.389999866485596,4.28000020980835,4.28000020980835,78000
2010-06-29,4.199999809265137,4.28000020980835,4.119999885559082,4.28000020980835,66600
2010-06-30,4.150000095367432,4.309999942779541,4.150000095367432,4.21999979019165,114000
2010-07-01,4.010000228881836,4.190000057220459,3.869999885559082,4.190000057220459,86200
2010-07-02,4.019999980926514,4.019999980926514,3.859999895095825,4.019999980926514,44300
2010-07-06,3.990000009536743,4.150000095367432,3.940000057220459,4.090000152587891,39800
2010-07-07,3.9600000381469727,4.03000020980835,3.880000114440918,3.930000066757202,97000
2010-07-08,4.070000171661377,4.25,4.010000228881836,4.03000020980835,105800
2010-07-09,4.230000019073486,4.360000133514404,4.070000171661377,4.070000171661377,66500
2010-07-12,4.349999904632568,4.429999828338623,4.230000019073486,4.239999771118164,38000
2010-07-13,4.679999828338623,4.75,4.409999847412109,4.409999847412109,153400
2010-07-14,4.800000190734863,4.909999847412109,4.650000095367432,4.699999809265137,179300
2010-07-15,4.760000228881836,4.840000152587891,4.650000095367432,4.840000152587891,100600
2010-07-16,4.599999904632568,4.769999980926514,4.5,4.730000019073486,71800
2010-07-19,4.5,4.599999904632568,4.369999885559082,4.590000152587891,51400
2010-07-20,4.539999961853027,4.590000152587891,4.440000057220459,4.489999771118164,38800
2010-07-21,4.539999961853027,4.699999809265137,4.409999847412109,4.559999942779541,68200
2010-07-22,4.460000038146973,4.699999809265137,4.460000038146973,4.690000057220459,40100
2010-07-23,4.679999828338623,4.690000057220459,4.309999942779541,4.460000038146973,126100
2010-07-26,4.829999923706055,4.929999828338623,4.679999828338623,4.730000019073486,50600
2010-07-27,5.070000171661377,5.099999904632568,4.849999904632568,4.849999904632568,263300
2010-07-28,5.070000171661377,5.349999904632568,4.96999979019165,5.079999923706055,315700
2010-07-29,4.78000020980835,5.099999904632568,4.699999809265137,5.099999904632568,155800
2010-07-30,5.03000020980835,5.059999942779541,4.690000057220459,4.690000057220459,64600
2010-08-02,5.079999923706055,5.28000020980835,5.03000020980835,5.099999904632568,174000
2010-08-03,6.050000190734863,6.5,5.579999923706055,5.699999809265137,2275800
2010-08-04,6.300000190734863,6.380000114440918,5.849999904632568,6.070000171661377,652500
2010-08-05,6.179999828338623,6.340000152587891,6.019999980926514,6.150000095367432,251200
2010-08-06,6.25,6.28000020980835,5.860000133514404,6.150000095367432,256200
2010-08-09,6.71999979019165,6.889999866485596,6.300000190734863,6.329999923706055,1057000
2010-08-10,6.650000095367432,6.869999885559082,6.449999809265137,6.739999771118164,603900
2010-08-11,5.840000152587891,6.480000019073486,5.599999904632568,6.480000019073486,741400
2010-08-12,5.590000152587891,5.75,5.5,5.630000114440918,348700
2010-08-13,5.5,5.690000057220459,5.369999885559082,5.619999885559082,216600
2010-08-16,5.480000019073486,5.590000152587891,5.199999809265137,5.400000095367432,384200
2010-08-17,5.619999885559082,5.869999885559082,5.550000190734863,5.550000190734863,291800
2010-08-18,5.610000133514404,5.630000114440918,5.400000095367432,5.579999923706055,230800
2010-08-19,5.300000190734863,5.630000114440918,5.25,5.610000133514404,248800
2010-08-20,5.360000133514404,5.389999866485596,5.21999979019165,5.25,161900
2010-08-23,5.230000019073486,5.570000171661377,5.21999979019165,5.449999809265137,184200
2010-08-24,5.059999942779541,5.139999866485596,4.96999979019165,5.139999866485596,274200
2010-08-25,4.900000095367432,5.059999942779541,4.900000095367432,4.960000038146973,189100
2010-08-26,4.619999885559082,5.039999961853027,4.599999904632568,4.989999771118164,211100
2010-08-27,4.800000190734863,4.800000190734863,4.519999980926514,4.650000095367432,211700
2010-08-30,4.71999979019165,4.849999904632568,4.650000095367432,4.760000228881836,115700
2010-08-31,4.639999866485596,4.849999904632568,4.610000133514404,4.690000057220459,141200
2010-09-01,4.809999942779541,5.03000020980835,4.670000076293945,4.809999942779541,226000
2010-09-02,4.670000076293945,4.800000190734863,4.659999847412109,4.78000020980835,130600
2010-09-03,4.75,4.840000152587891,4.650000095367432,4.75,275800
2010-09-07,4.630000114440918,4.849999904632568,4.619999885559082,4.800000190734863,163100
2010-09-08,4.610000133514404,4.840000152587891,4.550000190734863,4.630000114440918,145400
2010-09-09,4.630000114440918,4.679999828338623,4.550000190734863,4.679999828338623,123400
2010-09-10,4.639999866485596,4.679999828338623,4.579999923706055,4.679999828338623,115200
2010-09-13,5.269999980926514,5.309999942779541,4.739999771118164,4.739999771118164,440600
2010-09-14,5.630000114440918,5.679999828338623,5.179999828338623,5.300000190734863,291600
2010-09-15,5.510000228881836,5.579999923706055,5.309999942779541,5.579999923706055,192300
2010-09-16,5.429999828338623,5.510000228881836,5.309999942779541,5.480000019073486,129700
2010-09-17,5.380000114440918,5.570000171661377,5.28000020980835,5.570000171661377,91200
2010-09-20,5.730000019073486,5.800000190734863,5.289999961853027,5.369999885559082,226500
2010-09-21,5.650000095367432,5.809999942779541,5.550000190734863,5.75,77500
2010-09-22,5.559999942779541,5.670000076293945,5.460000038146973,5.590000152587891,81600
2010-09-23,5.420000076293945,5.590000152587891,5.360000133514404,5.489999771118164,101400
2010-09-24,5.909999847412109,5.96999979019165,5.510000228881836,5.510000228881836,199100
2010-09-27,5.96999979019165,6.139999866485596,5.789999961853027,5.900000095367432,231500
2010-09-28,6.010000228881836,6.050000190734863,5.75,6.010000228881836,96400
2010-09-29,6.179999828338623,6.28000020980835,6.0,6.0,124800
2010-09-30,5.900000095367432,6.25,5.849999904632568,6.179999828338623,160400
2010-10-01,5.96999979019165,6.159999847412109,5.869999885559082,5.980000019073486,75400
2010-10-04,5.659999847412109,5.940000057220459,5.639999866485596,5.940000057220459,120600
2010-10-05,5.699999809265137,5.869999885559082,5.46999979019165,5.610000133514404,374500
2010-10-06,5.599999904632568,5.739999771118164,5.510000228881836,5.650000095367432,126900
2010-10-07,5.670000076293945,5.730000019073486,5.5,5.630000114440918,112800
2010-10-08,5.570000171661377,5.639999866485596,5.510000228881836,5.619999885559082,98000
2010-10-11,5.559999942779541,5.639999866485596,5.510000228881836,5.599999904632568,90500
2010-10-12,5.809999942779541,5.849999904632568,5.53000020980835,5.550000190734863,145800
2010-10-13,6.090000152587891,6.21999979019165,5.960000038146973,6.0,294200
2010-10-14,5.940000057220459,6.150000095367432,5.929999828338623,6.130000114440918,53300
2010-10-15,5.880000114440918,6.039999961853027,5.71999979019165,6.039999961853027,94300
2010-10-18,6.010000228881836,6.179999828338623,5.900000095367432,6.150000095367432,122200
2010-10-19,5.869999885559082,6.039999961853027,5.670000076293945,5.909999847412109,136600
2010-10-20,5.789999961853027,5.889999866485596,5.659999847412109,5.869999885559082,163000
2010-10-21,5.619999885559082,5.849999904632568,5.550000190734863,5.800000190734863,75600
2010-10-22,5.849999904632568,5.849999904632568,5.559999942779541,5.579999923706055,89000
2010-10-25,5.840000152587891,5.980000019073486,5.760000228881836,5.889999866485596,121900
2010-10-26,5.889999866485596,5.920000076293945,5.800000190734863,5.849999904632568,92600
2010-10-27,6.019999980926514,6.019999980926514,5.800000190734863,5.869999885559082,127100
2010-10-28,6.0,6.179999828338623,5.909999847412109,6.110000133514404,190600
2010-10-29,5.920000076293945,6.0,5.840000152587891,5.980000019073486,242000
2010-11-01,6.050000190734863,6.139999866485596,5.949999809265137,5.96999979019165,550000
2010-11-02,6.309999942779541,6.489999771118164,6.239999771118164,6.369999885559082,611000
2010-11-03,6.199999809265137,6.340000152587891,6.039999961853027,6.300000190734863,250900
2010-11-04,6.590000152587891,6.670000076293945,6.269999980926514,6.300000190734863,559100
2010-11-05,6.650000095367432,6.650000095367432,6.360000133514404,6.590000152587891,231700
2010-11-08,6.699999809265137,6.730000019073486,6.570000171661377,6.650000095367432,97900
2010-11-09,6.699999809265137,6.739999771118164,6.519999980926514,6.679999828338623,206000
2010-11-10,7.010000228881836,7.289999961853027,6.679999828338623,6.75,736000
2010-11-11,6.920000076293945,7.210000038146973,6.730000019073486,6.800000190734863,257300
2010-11-12,6.920000076293945,7.0,6.760000228881836,6.869999885559082,138400
2010-11-15,7.03000020980835,7.150000095367432,6.869999885559082,7.010000228881836,268800
2010-11-16,6.849999904632568,7.03000020980835,6.75,6.949999809265137,185700
2010-11-17,6.710000038146973,6.840000152587891,6.650000095367432,6.829999923706055,77300
2010-11-18,7.010000228881836,7.070000171661377,6.820000171661377,6.820000171661377,192700
2010-11-19,7.03000020980835,7.099999904632568,6.849999904632568,6.980000019073486,91200
2010-11-22,7.110000133514404,7.25,6.96999979019165,7.019999980926514,339500
2010-11-23,6.869999885559082,7.199999809265137,6.699999809265137,6.989999771118164,297100
2010-11-24,7.079999923706055,7.090000152587891,6.940000057220459,6.980000019073486,105400
2010-11-26,7.010000228881836,7.079999923706055,6.980000019073486,7.019999980926514,38000
2010-11-29,6.809999942779541,6.949999809265137,6.650000095367432,6.929999828338623,127300
2010-11-30,6.650000095367432,6.849999904632568,6.550000190734863,6.639999866485596,187300
2010-12-01,7.400000095367432,7.550000190734863,6.710000038146973,6.809999942779541,688600
2010-12-02,7.420000076293945,7.659999847412109,7.300000190734863,7.400000095367432,384700
2010-12-03,7.639999866485596,7.699999809265137,7.199999809265137,7.329999923706055,180100
2010-12-06,7.860000133514404,8.079999923706055,7.809999942779541,7.900000095367432,663600
2010-12-07,7.670000076293945,8.0,7.639999866485596,7.960000038146973,276300
2010-12-08,7.610000133514404,7.800000190734863,7.53000020980835,7.650000095367432,220800
2010-12-09,7.570000171661377,7.75,7.5,7.710000038146973,188000
2010-12-10,7.630000114440918,7.800000190734863,7.579999923706055,7.610000133514404,157200
2010-12-13,7.619999885559082,7.800000190734863,7.590000152587891,7.690000057220459,274800
2010-12-14,7.300000190734863,7.760000228881836,7.28000020980835,7.650000095367432,272800
2010-12-15,7.349999904632568,7.53000020980835,7.21999979019165,7.21999979019165,184900
2010-12-16,7.199999809265137,7.5,7.019999980926514,7.409999847412109,186000
2010-12-17,7.360000133514404,7.360000133514404,7.110000133514404,7.179999828338623,132900
2010-12-20,7.960000038146973,8.0,7.5,7.5,279500
2010-12-21,7.900000095367432,8.149999618530273,7.78000020980835,7.980000019073486,471900
2010-12-22,8.25,8.3100004196167,7.900000095367432,8.100000381469727,506100
2010-12-23,8.260000228881836,8.380000114440918,8.199999809265137,8.380000114440918,223800
2010-12-27,8.210000038146973,8.260000228881836,8.0,8.260000228881836,152100
2010-12-28,8.199999809265137,8.3100004196167,8.0,8.279999732971191,113000
2010-12-29,8.319999694824219,8.380000114440918,8.130000114440918,8.260000228881836,70300
2010-12-30,8.1899995803833,8.390000343322754,8.149999618530273,8.350000381469727,178100
2010-12-31,8.3100004196167,8.479999542236328,8.029999732971191,8.140000343322754,170300
2011-01-03,8.430000305175781,8.550000190734863,8.3100004196167,8.430000305175781,223700
2011-01-04,8.390000343322754,8.470000267028809,8.329999923706055,8.470000267028809,134300
2011-01-05,8.300000190734863,8.399999618530273,8.199999809265137,8.369999885559082,155300
2011-01-06,8.729999542236328,9.0,8.399999618530273,8.420000076293945,432500
2011-01-07,8.680000305175781,8.899999618530273,8.470000267028809,8.8100004196167,258000
2011-01-10,8.729999542236328,9.0,8.460000038146973,8.949999809265137,295500
2011-01-11,8.609999656677246,8.899999618530273,8.5,8.800000190734863,290300
2011-01-12,8.5,8.710000038146973,8.399999618530273,8.699999809265137,192000
2011-01-13,8.779999732971191,8.8100004196167,8.4399995803833,8.5,354400
2011-01-14,9.600000381469727,9.649999618530273,8.789999961853027,8.890000343322754,1193400
2011-01-18,9.529999732971191,9.649999618530273,9.25,9.640000343322754,324300
2011-01-19,9.399999618530273,9.680000305175781,9.300000190734863,9.550000190734863,259500
2011-01-20,9.09000015258789,9.300000190734863,8.899999618530273,9.300000190734863,279500
2011-01-21,9.069999694824219,9.300000190734863,9.020000457763672,9.15999984741211,115300
2011-01-24,9.619999885559082,9.84000015258789,9.149999618530273,9.199999809265137,264500
2011-01-25,9.8100004196167,10.0,9.539999961853027,9.619999885559082,275100
2011-01-26,10.0,10.180000305175781,9.930000305175781,9.970000267028809,583100
2011-01-27,10.0600004196167,10.180000305175781,9.979999542236328,10.170000076293945,239500
2011-01-28,9.210000038146973,10.180000305175781,8.819999694824219,10.119999885559082,561700
2011-01-31,9.0,9.300000190734863,8.84000015258789,9.210000038146973,309600
2011-02-01,9.489999771118164,9.699999809265137,9.050000190734863,9.119999885559082,240900
2011-02-02,9.829999923706055,9.989999771118164,9.350000381469727,9.479999542236328,275500
2011-02-03,9.359999656677246,9.829999923706055,9.329999923706055,9.760000228881836,277700
2011-02-04,9.760000228881836,9.760000228881836,9.25,9.329999923706055,171600
2011-02-07,9.869999885559082,10.0,9.760000228881836,9.770000457763672,234600
2011-02-08,10.0,10.199999809265137,9.819999694824219,9.899999618530273,308900
2011-02-09,9.829999923706055,10.0,9.609999656677246,10.0,145600
2011-02-10,9.579999923706055,9.739999771118164,9.350000381469727,9.6899995803833,186900
2011-02-11,9.899999618530273,9.960000038146973,9.399999618530273,9.550000190734863,173700
2011-02-14,10.199999809265137,10.239999771118164,9.649999618530273,9.989999771118164,467800
2011-02-15,11.0600004196167,11.4399995803833,10.069999694824219,10.600000381469727,1736600
2011-02-16,10.829999923706055,11.220000267028809,10.760000228881836,11.130000114440918,543700
2011-02-17,10.75,11.050000190734863,10.600000381469727,10.8100004196167,382900
2011-02-18,10.569999694824219,10.75,10.510000228881836,10.75,264900
2011-02-22,10.15999984741211,10.449999809265137,10.010000228881836,10.300000190734863,443900
2011-02-23,9.520000457763672,10.170000076293945,9.25,10.109999656677246,582500
2011-02-24,9.380000114440918,9.630000114440918,9.119999885559082,9.399999618530273,442900
2011-02-25,9.819999694824219,10.119999885559082,9.489999771118164,9.489999771118164,561500
2011-02-28,9.399999618530273,9.550000190734863,9.199999809265137,9.539999961853027,646100
2011-03-01,9.050000190734863,9.470000267028809,8.920000076293945,9.399999618530273,519300
2011-03-02,9.329999923706055,9.420000076293945,8.609999656677246,9.0,335800
2011-03-03,10.140000343322754,10.470000267028809,9.619999885559082,9.619999885559082,731300
2011-03-04,10.390000343322754,10.390000343322754,10.0,10.180000305175781,301900
2011-03-07,9.84000015258789,10.5,9.5,10.430000305175781,545100
2011-03-08,10.109999656677246,10.140000343322754,9.710000038146973,9.819999694824219,265900
2011-03-09,9.9399995803833,10.09000015258789,9.890000343322754,10.09000015258789,238200
2011-03-10,9.239999771118164,9.800000190734863,9.09000015258789,9.779999732971191,353700
2011-03-11,9.390000343322754,9.520000457763672,8.960000038146973,9.149999618530273,190600
2011-03-14,9.039999961853027,9.270000457763672,8.899999618530273,9.25,161200
2011-03-15,9.0600004196167,9.119999885559082,8.5,8.550000190734863,276000
2011-03-16,8.970000267028809,9.25,8.829999923706055,9.210000038146973,224200
2011-03-17,9.010000228881836,9.229999542236328,9.010000228881836,9.180000305175781,125000
2011-03-18,9.239999771118164,9.279999732971191,9.050000190734863,9.25,179200
2011-03-21,9.670000076293945,9.800000190734863,9.359999656677246,9.539999961853027,228400
2011-03-22,9.729999542236328,9.8100004196167,9.460000038146973,9.789999961853027,152700
2011-03-23,9.640000343322754,9.6899995803833,9.5,9.6899995803833,113600
2011-03-24,9.850000381469727,9.930000305175781,9.569999694824219,9.680000305175781,123000
2011-03-25,9.970000267028809,10.140000343322754,9.859999656677246,9.899999618530273,120600
2011-03-28,9.850000381469727,10.25,9.819999694824219,10.0600004196167,187800
2011-03-29,9.619999885559082,9.9399995803833,9.600000381469727,9.90999984741211,165200
2011-03-30,9.420000076293945,9.729999542236328,9.210000038146973,9.6899995803833,278000
2011-03-31,9.779999732971191,9.800000190734863,9.359999656677246,9.399999618530273,107700
2011-04-01,9.59000015258789,9.90999984741211,9.5,9.890000343322754,115700
2011-04-04,9.239999771118164,9.680000305175781,9.239999771118164,9.609999656677246,159700
2011-04-05,9.1899995803833,9.329999923706055,9.09000015258789,9.199999809265137,138000
2011-04-06,9.180000305175781,9.430000305175781,9.100000381469727,9.270000457763672,73800
2011-04-07,9.220000267028809,9.390000343322754,9.09000015258789,9.149999618530273,145600
2011-04-08,10.069999694824219,10.140000343322754,9.760000228881836,9.800000190734863,755200
2011-04-11,10.5600004196167,10.800000190734863,10.15999984741211,10.15999984741211,721200
2011-04-12,10.09000015258789,10.579999923706055,9.949999809265137,10.5600004196167,468500
2011-04-13,10.229999542236328,10.5,10.0600004196167,10.260000228881836,144200
2011-04-14,10.0,10.199999809265137,9.90999984741211,10.199999809265137,182400
2011-04-15,10.09000015258789,10.119999885559082,9.9399995803833,10.0,69400
2011-04-18,9.890000343322754,9.989999771118164,9.449999809265137,9.949999809265137,197400
2011-04-19,9.5600004196167,10.050000190734863,9.399999618530273,9.920000076293945,172400
2011-04-20,10.079999923706055,10.170000076293945,9.770000457763672,9.770000457763672,163800
2011-04-21,10.149999618530273,10.34000015258789,10.020000457763672,10.25,122000
2011-04-25,10.079999923706055,10.149999618530273,9.850000381469727,10.100000381469727,100900
2011-04-26,10.260000228881836,10.359999656677246,10.079999923706055,10.149999618530273,124000
2011-04-27,10.390000343322754,10.449999809265137,10.220000267028809,10.289999961853027,107000
2011-04-28,10.029999732971191,10.380000114440918,9.880000114440918,10.380000114440918,136000
2011-04-29,9.859999656677246,10.149999618530273,9.699999809265137,10.029999732971191,186000
2011-05-02,9.640000343322754,9.970000267028809,9.550000190734863,9.920000076293945,240000
2011-05-03,9.220000267028809,9.65999984741211,9.069999694824219,9.5600004196167,280000
2011-05-04,9.829999923706055,10.0,9.539999961853027,10.0,534400
2011-05-05,10.300000190734863,10.59000015258789,9.720000267028809,9.90999984741211,929000
2011-05-06,10.760000228881836,10.920000076293945,10.260000228881836,10.510000228881836,584500
2011-05-09,11.479999542236328,11.550000190734863,10.649999618530273,10.800000190734863,964300
2011-05-10,11.390000343322754,11.789999961853027,11.1899995803833,11.520000457763672,429100
2011-05-11,11.369999885559082,11.479999542236328,11.199999809265137,11.399999618530273,260600
2011-05-12,11.430000305175781,11.460000038146973,10.850000381469727,11.270000457763672,238100
2011-05-13,11.119999885559082,11.59000015258789,11.069999694824219,11.489999771118164,188000
2011-05-16,10.600000381469727,10.979999542236328,10.5,10.960000038146973,310400
2011-05-17,10.739999771118164,10.819999694824219,10.0600004196167,10.520000457763672,365300
2011-05-18,10.8100004196167,11.199999809265137,10.739999771118164,10.75,199300
2011-05-19,10.460000038146973,10.84000015258789,10.399999618530273,10.739999771118164,162700
2011-05-20,10.180000305175781,10.520000457763672,10.029999732971191,10.479999542236328,259600
2011-05-23,10.020000457763672,10.069999694824219,9.770000457763672,9.960000038146973,190700
2011-05-24,9.8100004196167,10.350000381469727,9.800000190734863,10.130000114440918,170100
2011-05-25,10.0600004196167,10.289999961853027,9.649999618530273,9.699999809265137,178400
2011-05-26,10.220000267028809,10.369999885559082,10.0600004196167,10.09000015258789,65600
2011-05-27,10.180000305175781,10.300000190734863,10.100000381469727,10.270000457763672,357400
2011-05-31,10.25,10.390000343322754,10.079999923706055,10.350000381469727,127400
2011-06-01,10.239999771118164,10.5,10.020000457763672,10.220000267028809,240000
2011-06-02,10.260000228881836,10.5,10.09000015258789,10.279999732971191,182500
2011-06-03,10.260000228881836,10.460000038146973,10.029999732971191,10.170000076293945,164000
2011-06-06,9.720000267028809,10.260000228881836,9.579999923706055,10.199999809265137,352300
2011-06-07,10.0600004196167,10.170000076293945,9.829999923706055,9.84000015258789,98800
2011-06-08,10.0,10.119999885559082,9.970000267028809,9.989999771118164,159600
2011-06-09,10.260000228881836,10.4399995803833,9.989999771118164,10.020000457763672,112600
2011-06-10,10.119999885559082,10.3100004196167,9.960000038146973,10.119999885559082,144100
2011-06-13,10.300000190734863,10.319999694824219,9.989999771118164,10.229999542236328,174400
2011-06-14,10.399999618530273,10.75,10.350000381469727,10.5,298800
2011-06-15,10.199999809265137,10.300000190734863,9.979999542236328,10.270000457763672,196100
2011-06-16,10.329999923706055,10.5,10.25,10.3100004196167,133800
2011-06-17,10.1899995803833,10.489999771118164,10.029999732971191,10.470000267028809,130200
2011-06-20,9.9399995803833,10.119999885559082,9.880000114440918,10.119999885559082,191200
2011-06-21,10.15999984741211,10.329999923706055,9.9399995803833,10.020000457763672,156500
2011-06-22,10.039999961853027,10.229999542236328,10.020000457763672,10.09000015258789,62300
2011-06-23,10.359999656677246,10.380000114440918,9.75,9.890000343322754,94100
2011-06-24,9.970000267028809,10.430000305175781,9.869999885559082,10.399999618530273,74000
2011-06-27,9.899999618530273,10.140000343322754,9.850000381469727,10.020000457763672,126900
2011-06-28,9.770000457763672,10.020000457763672,9.699999809265137,9.9399995803833,170000
2011-06-29,9.819999694824219,9.90999984741211,9.729999542236328,9.899999618530273,93400
2011-06-30,10.119999885559082,10.180000305175781,9.8100004196167,9.880000114440918,102000
2011-07-01,10.0,10.1899995803833,9.9399995803833,10.109999656677246,142300
2011-07-05,10.470000267028809,10.579999923706055,10.119999885559082,10.180000305175781,351100
2011-07-06,10.529999732971191,10.59000015258789,10.199999809265137,10.470000267028809,112600
2011-07-07,11.050000190734863,11.4399995803833,10.8100004196167,10.850000381469727,650300
2011-07-08,10.550000190734863,10.880000114440918,10.239999771118164,10.880000114440918,422000
2011-07-11,10.550000190734863,10.75,10.300000190734863,10.550000190734863,171000
2011-07-12,9.710000038146973,10.489999771118164,9.600000381469727,10.460000038146973,780500
2011-07-13,9.369999885559082,9.899999618530273,9.270000457763672,9.869999885559082,532700
2011-07-14,9.329999923706055,9.75,9.319999694824219,9.510000228881836,231000
2011-07-15,9.470000267028809,9.59000015258789,9.289999961853027,9.520000457763672,106100
2011-07-18,9.359999656677246,9.470000267028809,9.279999732971191,9.399999618530273,202800
2011-07-19,9.609999656677246,9.630000114440918,9.4399995803833,9.460000038146973,180900
2011-07-20,9.529999732971191,9.8100004196167,9.350000381469727,9.699999809265137,121600
2011-07-21,9.510000228881836,9.59000015258789,9.449999809265137,9.520000457763672,69200
2011-07-22,9.600000381469727,9.670000076293945,9.390000343322754,9.529999732971191,72400
2011-07-25,9.350000381469727,9.600000381469727,9.319999694824219,9.449999809265137,81500
2011-07-26,9.270000457763672,9.399999618530273,9.25,9.3100004196167,124400
2011-07-27,8.9399995803833,9.350000381469727,8.75,9.25,169100
2011-07-28,8.670000076293945,9.0,8.65999984741211,8.800000190734863,143400
2011-07-29,8.539999961853027,8.59000015258789,8.300000190734863,8.5,401400
2011-08-01,8.800000190734863,9.0,8.720000267028809,8.920000076293945,189200
2011-08-02,8.399999618530273,9.180000305175781,8.0,8.25,520700
2011-08-03,8.399999618530273,8.4399995803833,8.029999732971191,8.369999885559082,213200
2011-08-04,7.860000133514404,8.279999732971191,7.829999923706055,8.25,199600
2011-08-05,7.739999771118164,8.079999923706055,7.429999828338623,7.940000057220459,175300
2011-08-08,6.989999771118164,7.420000076293945,6.539999961853027,7.059999942779541,326500
2011-08-09,7.380000114440918,7.480000019073486,6.829999923706055,7.0,178100
2011-08-10,6.900000095367432,7.190000057220459,6.679999828338623,6.849999904632568,352800
2011-08-11,7.0,7.0,6.679999828338623,6.889999866485596,357100
2011-08-12,7.119999885559082,7.289999961853027,6.869999885559082,7.050000190734863,140500
2011-08-15,7.260000228881836,7.360000133514404,6.880000114440918,7.050000190734863,161000
2011-08-16,7.150000095367432,7.239999771118164,7.070000171661377,7.119999885559082,95300
2011-08-17,7.199999809265137,7.300000190734863,7.099999904632568,7.119999885559082,105900
2011-08-18,6.619999885559082,7.130000114440918,6.579999923706055,7.0,159600
2011-08-19,6.260000228881836,6.670000076293945,6.159999847412109,6.460000038146973,226000
2011-08-22,6.139999866485596,6.480000019073486,6.090000152587891,6.409999847412109,176400
2011-08-23,6.639999866485596,6.730000019073486,6.179999828338623,6.21999979019165,159100
2011-08-24,6.420000076293945,6.579999923706055,6.300000190734863,6.510000228881836,82700
2011-08-25,6.389999866485596,6.5,6.230000019073486,6.309999942779541,141600
2011-08-26,6.559999942779541,6.699999809265137,6.28000020980835,6.329999923706055,100700
2011-08-29,6.96999979019165,7.03000020980835,6.579999923706055,6.650000095367432,92600
2011-08-30,6.800000190734863,6.900000095367432,6.699999809265137,6.900000095367432,41000
2011-08-31,6.820000171661377,6.880000114440918,6.610000133514404,6.880000114440918,113700
2011-09-01,6.650000095367432,7.070000171661377,6.650000095367432,6.889999866485596,80500
2011-09-02,6.380000114440918,6.5,6.289999961853027,6.5,63600
2011-09-06,6.079999923706055,6.170000076293945,5.900000095367432,6.019999980926514,114300
2011-09-07,6.480000019073486,6.659999847412109,6.230000019073486,6.230000019073486,89500
2011-09-08,6.139999866485596,6.429999828338623,6.059999942779541,6.369999885559082,78500
2011-09-09,6.090000152587891,6.28000020980835,6.03000020980835,6.03000020980835,78500
2011-09-12,6.050000190734863,6.130000114440918,5.880000114440918,5.909999847412109,131400
2011-09-13,6.309999942779541,6.320000171661377,6.099999904632568,6.099999904632568,60500
2011-09-14,6.519999980926514,6.619999885559082,6.170000076293945,6.340000152587891,133300
2011-09-15,6.739999771118164,6.769999980926514,6.480000019073486,6.630000114440918,148100
2011-09-16,6.710000038146973,6.78000020980835,6.610000133514404,6.71999979019165,85200
2011-09-19,6.400000095367432,6.539999961853027,6.329999923706055,6.539999961853027,72400
2011-09-20,6.349999904632568,6.53000020980835,6.329999923706055,6.389999866485596,47900
2011-09-21,6.079999923706055,6.340000152587891,6.039999961853027,6.320000171661377,50800
2011-09-22,5.489999771118164,5.809999942779541,5.110000133514404,5.789999961853027,261000
2011-09-23,5.710000038146973,5.730000019073486,5.460000038146973,5.460000038146973,86900
2011-09-26,5.730000019073486,5.769999980926514,5.440000057220459,5.769999980926514,50800
2011-09-27,5.510000228881836,5.980000019073486,5.420000076293945,5.949999809265137,115900
2011-09-28,5.360000133514404,5.650000095367432,5.340000152587891,5.570000171661377,52000
2011-09-29,5.329999923706055,5.570000171661377,5.139999866485596,5.519999980926514,62600
2011-09-30,5.369999885559082,5.460000038146973,5.239999771118164,5.239999771118164,130700
2011-10-03,5.480000019073486,5.599999904632568,5.300000190734863,5.380000114440918,234500
2011-10-04,5.539999961853027,5.559999942779541,5.440000057220459,5.510000228881836,300700
2011-10-05,5.619999885559082,5.679999828338623,5.480000019073486,5.559999942779541,108600
2011-10-06,5.78000020980835,5.880000114440918,5.590000152587891,5.610000133514404,55000
2011-10-07,5.900000095367432,5.96999979019165,5.730000019073486,5.800000190734863,92700
2011-10-10,6.019999980926514,6.079999923706055,5.849999904632568,5.849999904632568,326900
2011-10-11,6.099999904632568,6.150000095367432,5.980000019073486,5.980000019073486,102900
2011-10-12,6.380000114440918,6.389999866485596,6.010000228881836,6.190000057220459,134000
2011-10-13,6.460000038146973,6.5,6.170000076293945,6.300000190734863,70800
2011-10-14,6.429999828338623,6.539999961853027,6.269999980926514,6.539999961853027,112900
2011-10-17,6.21999979019165,6.349999904632568,6.110000133514404,6.349999904632568,104800
2011-10-18,6.349999904632568,6.420000076293945,6.21999979019165,6.230000019073486,113400
2011-10-19,6.380000114440918,6.449999809265137,6.199999809265137,6.340000152587891,53700
2011-10-20,6.230000019073486,6.400000095367432,6.139999866485596,6.230000019073486,120000
2011-10-21,6.190000057220459,6.349999904632568,6.099999904632568,6.25,104800
2011-10-24,6.5,6.519999980926514,6.110000133514404,6.190000057220459,152400
2011-10-25,6.769999980926514,6.869999885559082,6.420000076293945,6.489999771118164,139400
2011-10-26,7.440000057220459,7.559999942779541,6.880000114440918,6.960000038146973,260700
2011-10-27,7.699999809265137,7.989999771118164,7.519999980926514,7.840000152587891,447500
2011-10-28,7.78000020980835,7.809999942779541,7.389999866485596,7.480000019073486,317800
2011-10-31,7.269999980926514,7.619999885559082,7.159999847412109,7.519999980926514,295600
2011-11-01,6.800000190734863,7.130000114440918,6.210000038146973,6.25,664200
2011-11-02,6.659999847412109,7.010000228881836,6.630000114440918,6.78000020980835,197100
2011-11-03,6.920000076293945,6.960000038146973,6.510000228881836,6.75,316300
2011-11-04,6.900000095367432,7.039999961853027,6.789999961853027,6.909999847412109,75400
2011-11-07,6.670000076293945,6.869999885559082,6.550000190734863,6.820000171661377,171000
2011-11-08,6.829999923706055,6.880000114440918,6.599999904632568,6.769999980926514,47600
2011-11-09,6.599999904632568,6.710000038146973,6.53000020980835,6.599999904632568,126800
2011-11-10,6.539999961853027,6.650000095367432,6.429999828338623,6.599999904632568,58200
2011-11-11,6.809999942779541,6.849999904632568,6.539999961853027,6.539999961853027,33400
2011-11-14,6.849999904632568,6.860000133514404,6.53000020980835,6.699999809265137,124300
2011-11-15,7.110000133514404,7.199999809265137,6.820000171661377,6.849999904632568,121600
2011-11-16,7.050000190734863,7.139999866485596,6.920000076293945,7.03000020980835,72100
2011-11-17,6.78000020980835,7.03000020980835,6.730000019073486,7.03000020980835,63900
2011-11-18,6.730000019073486,6.900000095367432,6.650000095367432,6.869999885559082,102800
2011-11-21,6.449999809265137,6.570000171661377,6.309999942779541,6.53000020980835,83900
2011-11-22,6.409999847412109,6.53000020980835,6.329999923706055,6.420000076293945,60800
2011-11-23,6.130000114440918,6.369999885559082,6.019999980926514,6.369999885559082,70300
2011-11-25,5.800000190734863,6.019999980926514,5.480000019073486,6.019999980926514,108400
2011-11-28,6.050000190734863,6.079999923706055,5.880000114440918,6.050000190734863,68000
2011-11-29,6.099999904632568,6.150000095367432,6.010000228881836,6.050000190734863,62400
2011-11-30,6.460000038146973,6.539999961853027,6.039999961853027,6.349999904632568,110500
2011-12-01,6.360000133514404,6.570000171661377,6.360000133514404,6.440000057220459,54300
2011-12-02,6.449999809265137,6.539999961853027,6.380000114440918,6.449999809265137,154900
2011-12-05,6.519999980926514,6.75,6.489999771118164,6.610000133514404,191500
2011-12-06,6.699999809265137,6.75,6.590000152587891,6.590000152587891,115900
2011-12-07,6.739999771118164,6.829999923706055,6.579999923706055,6.659999847412109,161900
2011-12-08,6.46999979019165,6.730000019073486,6.28000020980835,6.599999904632568,138900
2011-12-09,6.679999828338623,6.71999979019165,6.28000020980835,6.46999979019165,67800
2011-12-12,6.789999961853027,6.800000190734863,6.590000152587891,6.610000133514404,65600
2011-12-13,6.789999961853027,6.900000095367432,6.71999979019165,6.71999979019165,86800
2011-12-14,6.860000133514404,6.860000133514404,6.659999847412109,6.670000076293945,70000
2011-12-15,6.989999771118164,7.199999809265137,6.96999979019165,7.159999847412109,131900
2011-12-16,7.119999885559082,7.139999866485596,6.980000019073486,7.070000171661377,38800
2011-12-19,6.960000038146973,7.230000019073486,6.889999866485596,7.230000019073486,47700
2011-12-20,7.199999809265137,7.25,7.150000095367432,7.150000095367432,82300
2011-12-21,7.119999885559082,7.150000095367432,6.849999904632568,7.139999866485596,41400
2011-12-22,7.260000228881836,7.329999923706055,7.03000020980835,7.130000114440918,44500
2011-12-23,7.269999980926514,7.309999942779541,7.230000019073486,7.25,15900
2011-12-27,7.480000019073486,7.519999980926514,7.190000057220459,7.190000057220459,73100
2011-12-28,7.340000152587891,7.46999979019165,7.210000038146973,7.46999979019165,78400
2011-12-29,7.309999942779541,7.420000076293945,7.230000019073486,7.409999847412109,89100
2011-12-30,7.369999885559082,7.510000228881836,7.320000171661377,7.320000171661377,38800
2012-01-03,7.380000114440918,7.619999885559082,7.340000152587891,7.590000152587891,76300
2012-01-04,7.289999961853027,7.369999885559082,7.210000038146973,7.340000152587891,61100
2012-01-05,7.409999847412109,7.409999847412109,7.150000095367432,7.25,27500
2012-01-06,7.349999904632568,7.409999847412109,7.239999771118164,7.349999904632568,29100
2012-01-09,7.389999866485596,7.5,7.360000133514404,7.409999847412109,143500
2012-01-10,7.989999771118164,8.100000381469727,7.489999771118164,7.610000133514404,235700
2012-01-11,8.0,8.180000305175781,7.949999809265137,7.989999771118164,201100
2012-01-12,8.029999732971191,8.180000305175781,8.0,8.180000305175781,203600
2012-01-13,7.989999771118164,8.09000015258789,7.869999885559082,8.0,30600
2012-01-17,8.0,8.130000114440918,8.0,8.130000114440918,32800
2012-01-18,8.279999732971191,8.3100004196167,8.029999732971191,8.029999732971191,67300
2012-01-19,8.350000381469727,8.399999618530273,8.220000267028809,8.3100004196167,80200
2012-01-20,8.529999732971191,8.550000190734863,8.279999732971191,8.3100004196167,42500
2012-01-23,8.520000457763672,8.579999923706055,8.449999809265137,8.550000190734863,100300
2012-01-24,8.470000267028809,8.5,8.430000305175781,8.479999542236328,58200
2012-01-25,8.550000190734863,8.649999618530273,8.5,8.510000228881836,67400
2012-01-26,8.420000076293945,8.670000076293945,8.380000114440918,8.649999618530273,86500
2012-01-27,8.899999618530273,8.90999984741211,8.210000038146973,8.350000381469727,222700
2012-01-30,8.760000228881836,8.880000114440918,8.5,8.710000038146973,173100
2012-01-31,8.59000015258789,8.8100004196167,8.5,8.770000457763672,78500
2012-02-01,8.649999618530273,8.979999542236328,8.510000228881836,8.600000381469727,208300
2012-02-02,8.739999771118164,8.789999961853027,8.630000114440918,8.670000076293945,49800
2012-02-03,8.930000305175781,9.119999885559082,8.84000015258789,8.869999885559082,85600
2012-02-06,8.5600004196167,8.869999885559082,8.5,8.869999885559082,108400
2012-02-07,8.430000305175781,8.619999885559082,8.399999618530273,8.550000190734863,65800
2012-02-08,8.649999618530273,8.699999809265137,8.479999542236328,8.479999542236328,85400
2012-02-09,8.619999885559082,8.800000190734863,8.529999732971191,8.710000038146973,64800
2012-02-10,8.630000114440918,8.699999809265137,8.479999542236328,8.579999923706055,45300
2012-02-13,8.760000228881836,8.800000190734863,8.529999732971191,8.75,87800
2012-02-14,9.010000228881836,9.069999694824219,8.470000267028809,8.569999694824219,220600
2012-02-15,8.579999923706055,9.1899995803833,8.460000038146973,8.880000114440918,624900
2012-02-16,8.680000305175781,8.75,8.520000457763672,8.600000381469727,187900
2012-02-17,8.680000305175781,8.84000015258789,8.539999961853027,8.550000190734863,133200
2012-02-21,8.319999694824219,8.6899995803833,8.149999618530273,8.6899995803833,338900
2012-02-22,7.880000114440918,8.449999809265137,7.820000171661377,8.319999694824219,416900
2012-02-23,7.929999828338623,7.980000019073486,7.710000038146973,7.789999961853027,107500
2012-02-24,7.869999885559082,7.929999828338623,7.760000228881836,7.900000095367432,89000
2012-02-27,7.539999961853027,7.800000190734863,7.53000020980835,7.789999961853027,141500
2012-02-28,7.429999828338623,7.670000076293945,7.210000038146973,7.590000152587891,342000
2012-02-29,7.380000114440918,7.590000152587891,7.349999904632568,7.449999809265137,120900
2012-03-01,7.570000171661377,7.739999771118164,7.409999847412109,7.409999847412109,93600
2012-03-02,7.599999904632568,7.710000038146973,7.349999904632568,7.710000038146973,94800
2012-03-05,7.519999980926514,7.619999885559082,7.349999904632568,7.599999904632568,173200
2012-03-06,7.449999809265137,7.489999771118164,7.309999942779541,7.380000114440918,85800
2012-03-07,7.449999809265137,7.519999980926514,7.409999847412109,7.5,17100
2012-03-08,7.659999847412109,7.710000038146973,7.489999771118164,7.5,51800
2012-03-09,7.599999904632568,7.75,7.559999942779541,7.690000057220459,39500
2012-03-12,7.869999885559082,7.989999771118164,7.670000076293945,7.889999866485596,137700
2012-03-13,8.0600004196167,8.1899995803833,7.880000114440918,7.920000076293945,176900
2012-03-14,8.350000381469727,8.380000114440918,7.96999979019165,8.170000076293945,146600
2012-03-15,8.609999656677246,8.649999618530273,8.050000190734863,8.350000381469727,188700
2012-03-16,8.65999984741211,8.710000038146973,8.529999732971191,8.699999809265137,134000
2012-03-19,8.720000267028809,8.800000190734863,8.569999694824219,8.670000076293945,153700
2012-03-20,8.779999732971191,8.8100004196167,8.5600004196167,8.699999809265137,88500
2012-03-21,8.5,8.850000381469727,8.449999809265137,8.800000190734863,111600
2012-03-22,8.529999732971191,8.609999656677246,8.40999984741211,8.40999984741211,96300
2012-03-23,8.720000267028809,8.819999694824219,8.529999732971191,8.539999961853027,35700
2012-03-26,9.170000076293945,9.170000076293945,8.920000076293945,9.0,200400
2012-03-27,9.039999961853027,9.279999732971191,9.010000228881836,9.270000457763672,64300
2012-03-28,8.789999961853027,9.100000381469727,8.65999984741211,8.979999542236328,72100
2012-03-29,8.859999656677246,8.90999984741211,8.640000343322754,8.760000228881836,58700
2012-03-30,8.960000038146973,9.010000228881836,8.59000015258789,8.930000305175781,65500
2012-04-02,9.15999984741211,9.1899995803833,8.9399995803833,8.989999771118164,83600
2012-04-03,9.09000015258789,9.270000457763672,9.0,9.239999771118164,87500
2012-04-04,8.90999984741211,9.010000228881836,8.729999542236328,9.0,53400
2012-04-05,8.869999885559082,9.0,8.84000015258789,8.970000267028809,56500
2012-04-09,8.5,8.6899995803833,8.4399995803833,8.640000343322754,73200
2012-04-10,8.149999618530273,8.520000457763672,8.130000114440918,8.5,95000
2012-04-11,8.130000114440918,8.279999732971191,8.069999694824219,8.260000228881836,89100
2012-04-12,8.420000076293945,8.449999809265137,8.119999885559082,8.1899995803833,42100
2012-04-13,8.260000228881836,8.420000076293945,8.220000267028809,8.420000076293945,24100
2012-04-16,8.149999618530273,8.319999694824219,8.020000457763672,8.319999694824219,44700
2012-04-17,8.380000114440918,8.4399995803833,8.140000343322754,8.3100004196167,69400
2012-04-18,8.3100004196167,8.430000305175781,8.220000267028809,8.430000305175781,71500
2012-04-19,8.380000114440918,8.600000381469727,8.350000381469727,8.359999656677246,32600
2012-04-20,8.369999885559082,8.510000228881836,8.100000381469727,8.510000228881836,82600
2012-04-23,8.199999809265137,8.300000190734863,8.149999618530273,8.300000190734863,165400
2012-04-24,8.09000015258789,8.279999732971191,8.010000228881836,8.25,72400
2012-04-25,8.149999618530273,8.25,8.119999885559082,8.170000076293945,41500
2012-04-26,8.399999618530273,8.470000267028809,8.170000076293945,8.170000076293945,77400
2012-04-27,8.529999732971191,8.649999618530273,8.369999885559082,8.5,27400
2012-04-30,8.829999923706055,8.880000114440918,8.529999732971191,8.550000190734863,122000
2012-05-01,8.59000015258789,8.979999542236328,8.59000015258789,8.789999961853027,61000
2012-05-02,8.489999771118164,9.210000038146973,8.430000305175781,9.010000228881836,437300
2012-05-03,8.470000267028809,8.75,8.319999694824219,8.630000114440918,167700
2012-05-04,8.390000343322754,8.470000267028809,8.1899995803833,8.40999984741211,87900
2012-05-07,8.520000457763672,8.670000076293945,8.289999961853027,8.34000015258789,76000
2012-05-08,8.359999656677246,8.510000228881836,8.25,8.40999984741211,53000
2012-05-09,8.3100004196167,8.350000381469727,8.1899995803833,8.279999732971191,71000
2012-05-10,8.40999984741211,8.479999542236328,8.279999732971191,8.420000076293945,36000
2012-05-11,8.300000190734863,8.470000267028809,8.199999809265137,8.350000381469727,54900
2012-05-14,8.020000457763672,8.220000267028809,7.860000133514404,8.180000305175781,67200
2012-05-15,7.570000171661377,7.880000114440918,7.5,7.860000133514404,252000
2012-05-16,7.389999866485596,7.710000038146973,7.369999885559082,7.670000076293945,140600
2012-05-17,7.099999904632568,7.380000114440918,6.929999828338623,7.380000114440918,108100
2012-05-18,7.010000228881836,7.139999866485596,6.820000171661377,7.079999923706055,79700
2012-05-21,6.989999771118164,7.150000095367432,6.949999809265137,7.119999885559082,146300
2012-05-22,6.989999771118164,7.079999923706055,6.869999885559082,7.0,59000
2012-05-23,7.019999980926514,7.059999942779541,6.949999809265137,6.980000019073486,199000
2012-05-24,7.039999961853027,7.130000114440918,6.949999809265137,7.019999980926514,125200
2012-05-25,7.0,7.059999942779541,6.980000019073486,7.010000228881836,116900
2012-05-29,7.0,7.050000190734863,6.989999771118164,7.03000020980835,122100
2012-05-30,7.0,7.03000020980835,6.949999809265137,6.949999809265137,122400
2012-05-31,7.170000076293945,7.199999809265137,6.960000038146973,7.010000228881836,387400
2012-06-01,7.03000020980835,7.099999904632568,6.96999979019165,6.989999771118164,64600
2012-06-04,7.449999809265137,7.550000190734863,7.150000095367432,7.150000095367432,226700
2012-06-05,7.619999885559082,7.650000095367432,7.480000019073486,7.480000019073486,83600
2012-06-06,7.980000019073486,7.989999771118164,7.730000019073486,7.730000019073486,85900
2012-06-07,8.079999923706055,8.140000343322754,7.960000038146973,8.039999961853027,145900
2012-06-08,7.960000038146973,8.09000015258789,7.840000152587891,8.050000190734863,42800
2012-06-11,7.820000171661377,8.0,7.820000171661377,7.96999979019165,147100
2012-06-12,7.869999885559082,7.920000076293945,7.760000228881836,7.840000152587891,36500
2012-06-13,8.039999961853027,8.069999694824219,7.920000076293945,7.920000076293945,141900
2012-06-14,8.09000015258789,8.15999984741211,8.039999961853027,8.130000114440918,172100
2012-06-15,8.229999542236328,8.229999542236328,8.039999961853027,8.069999694824219,48000
2012-06-18,8.199999809265137,8.229999542236328,8.100000381469727,8.1899995803833,8000
2012-06-19,8.479999542236328,8.680000305175781,8.350000381469727,8.350000381469727,151500
2012-06-20,8.40999984741211,8.550000190734863,8.369999885559082,8.520000457763672,99400
2012-06-21,8.380000114440918,8.609999656677246,8.329999923706055,8.529999732971191,78600
2012-06-22,8.510000228881836,8.600000381469727,8.369999885559082,8.399999618530273,41700
2012-06-25,8.539999961853027,8.640000343322754,8.399999618530273,8.470000267028809,55900
2012-06-26,8.609999656677246,8.710000038146973,8.550000190734863,8.579999923706055,112200
2012-06-27,8.729999542236328,8.760000228881836,8.619999885559082,8.699999809265137,43900
2012-06-28,8.4399995803833,8.720000267028809,8.289999961853027,8.699999809265137,60700
2012-06-29,8.720000267028809,8.720000267028809,8.550000190734863,8.680000305175781,144100
2012-07-02,8.489999771118164,8.569999694824219,8.319999694824219,8.569999694824219,162600
2012-07-03,8.430000305175781,8.489999771118164,7.25,8.390000343322754,207500
2012-07-05,8.170000076293945,8.390000343322754,8.149999618530273,8.350000381469727,522500
2012-07-06,7.96999979019165,8.149999618530273,7.920000076293945,8.0,190700
2012-07-09,8.109999656677246,8.300000190734863,8.079999923706055,8.119999885559082,115800
2012-07-10,8.25,8.279999732971191,8.079999923706055,8.210000038146973,411800
2012-07-11,8.199999809265137,8.520000457763672,8.050000190734863,8.239999771118164,136100
2012-07-12,8.279999732971191,8.34000015258789,8.0600004196167,8.199999809265137,48500
2012-07-13,8.460000038146973,8.640000343322754,8.289999961853027,8.289999961853027,38300
2012-07-16,8.420000076293945,8.550000190734863,8.329999923706055,8.5,11500
2012-07-17,8.300000190734863,8.520000457763672,8.079999923706055,8.4399995803833,63500
2012-07-18,8.59000015258789,8.619999885559082,8.140000343322754,8.260000228881836,136600
2012-07-19,8.739999771118164,8.84000015258789,8.5600004196167,8.680000305175781,43900
2012-07-20,8.729999542236328,8.779999732971191,8.529999732971191,8.6899995803833,34900
2012-07-23,8.619999885559082,8.6899995803833,8.399999618530273,8.430000305175781,21200
2012-07-24,8.5,8.649999618530273,8.449999809265137,8.649999618530273,24100
2012-07-25,8.550000190734863,8.65999984741211,8.470000267028809,8.510000228881836,45800
2012-07-26,8.630000114440918,8.819999694824219,8.600000381469727,8.699999809265137,45600
2012-07-27,8.960000038146973,8.970000267028809,8.550000190734863,8.680000305175781,143400
2012-07-30,8.869999885559082,9.180000305175781,8.729999542236328,8.949999809265137,115200
2012-07-31,8.15999984741211,8.550000190734863,8.130000114440918,8.460000038146973,497600
2012-08-01,7.820000171661377,8.140000343322754,7.78000020980835,8.140000343322754,99600
2012-08-02,7.849999904632568,8.0,7.400000095367432,7.760000228881836,126200
2012-08-03,7.96999979019165,8.1899995803833,7.940000057220459,7.940000057220459,23800
2012-08-06,8.100000381469727,8.270000457763672,8.050000190734863,8.170000076293945,42200
2012-08-07,8.079999923706055,8.220000267028809,8.069999694824219,8.199999809265137,39800
2012-08-08,7.929999828338623,8.050000190734863,7.809999942779541,8.050000190734863,76000
2012-08-09,7.949999809265137,7.980000019073486,7.840000152587891,7.909999847412109,33000
2012-08-10,7.909999847412109,7.96999979019165,7.75,7.96999979019165,43300
2012-08-13,7.659999847412109,7.889999866485596,7.650000095367432,7.849999904632568,143000
2012-08-14,7.730000019073486,7.809999942779541,7.650000095367432,7.809999942779541,38300
2012-08-15,7.710000038146973,7.75,7.639999866485596,7.690000057220459,15000
2012-08-16,7.809999942779541,7.840000152587891,7.730000019073486,7.760000228881836,9900
2012-08-17,7.53000020980835,7.75,7.46999979019165,7.710000038146973,138000
2012-08-20,7.449999809265137,7.480000019073486,7.21999979019165,7.400000095367432,56000
2012-08-21,7.300000190734863,7.559999942779541,7.269999980926514,7.489999771118164,105000
2012-08-22,7.170000076293945,7.300000190734863,7.150000095367432,7.28000020980835,91900
2012-08-23,7.210000038146973,7.25,6.980000019073486,7.0,833000
2012-08-24,7.260000228881836,7.28000020980835,7.090000152587891,7.199999809265137,34600
2012-08-27,7.289999961853027,7.340000152587891,7.159999847412109,7.159999847412109,94100
2012-08-28,7.389999866485596,7.420000076293945,7.199999809265137,7.320000171661377,57500
2012-08-29,7.5,7.539999961853027,7.360000133514404,7.429999828338623,56700
2012-08-30,7.510000228881836,7.619999885559082,7.46999979019165,7.53000020980835,58900
2012-08-31,7.860000133514404,7.860000133514404,7.550000190734863,7.599999904632568,70600
2012-09-04,7.579999923706055,7.769999980926514,7.320000171661377,7.769999980926514,83400
2012-09-05,7.599999904632568,7.679999828338623,7.440000057220459,7.579999923706055,99800
2012-09-06,7.510000228881836,7.699999809265137,7.480000019073486,7.619999885559082,54400
2012-09-07,7.449999809265137,7.5,7.420000076293945,7.5,41300
2012-09-10,7.449999809265137,7.46999979019165,7.400000095367432,7.460000038146973,37700
2012-09-11,7.489999771118164,7.53000020980835,7.449999809265137,7.5,31900
2012-09-12,7.440000057220459,7.559999942779541,7.420000076293945,7.449999809265137,21000
2012-09-13,7.590000152587891,7.75,7.480000019073486,7.480000019073486,87200
2012-09-14,7.510000228881836,7.639999866485596,7.389999866485596,7.579999923706055,24800
2012-09-17,7.599999904632568,7.619999885559082,7.489999771118164,7.5,34000
2012-09-18,7.610000133514404,7.619999885559082,7.510000228881836,7.599999904632568,40100
2012-09-19,7.739999771118164,7.820000171661377,7.619999885559082,7.619999885559082,68600
2012-09-20,7.760000228881836,7.800000190734863,7.659999847412109,7.769999980926514,97800
2012-09-21,7.769999980926514,7.880000114440918,7.760000228881836,7.760000228881836,22600
2012-09-24,7.840000152587891,7.869999885559082,7.75,7.78000020980835,53700
2012-09-25,7.869999885559082,7.900000095367432,7.800000190734863,7.829999923706055,110400
2012-09-26,7.650000095367432,7.849999904632568,7.599999904632568,7.849999904632568,35300
2012-09-27,7.659999847412109,7.789999961853027,7.480000019073486,7.769999980926514,116400
2012-09-28,7.800000190734863,7.809999942779541,7.550000190734863,7.579999923706055,176600
2012-10-01,7.78000020980835,7.989999771118164,7.710000038146973,7.809999942779541,64900
2012-10-02,7.730000019073486,7.940000057220459,7.630000114440918,7.909999847412109,84800
2012-10-03,7.670000076293945,7.760000228881836,7.53000020980835,7.75,42800
2012-10-04,7.380000114440918,7.650000095367432,7.320000171661377,7.650000095367432,61400
2012-10-05,7.420000076293945,7.420000076293945,7.210000038146973,7.400000095367432,62300
2012-10-08,7.429999828338623,7.460000038146973,7.25,7.349999904632568,24800
2012-10-09,7.550000190734863,7.610000133514404,7.369999885559082,7.610000133514404,69700
2012-10-10,7.679999828338623,7.679999828338623,7.5,7.550000190734863,170200
2012-10-11,7.71999979019165,7.840000152587891,7.71999979019165,7.739999771118164,24500
2012-10-12,7.639999866485596,7.730000019073486,7.510000228881836,7.71999979019165,44400
2012-10-15,7.730000019073486,7.800000190734863,7.619999885559082,7.800000190734863,40500
2012-10-16,7.650000095367432,7.75,7.460000038146973,7.75,43500
2012-10-17,7.559999942779541,7.670000076293945,7.449999809265137,7.650000095367432,36800
2012-10-18,7.579999923706055,7.650000095367432,7.5,7.519999980926514,43800
2012-10-19,7.510000228881836,7.550000190734863,7.380000114440918,7.53000020980835,30000
2012-10-22,7.329999923706055,7.460000038146973,7.0,7.429999828338623,132000
2012-10-23,7.21999979019165,7.25,7.090000152587891,7.170000076293945,31600
2012-10-24,7.199999809265137,7.230000019073486,7.119999885559082,7.179999828338623,36900
2012-10-25,7.269999980926514,7.300000190734863,7.159999847412109,7.210000038146973,89700
2012-10-26,7.210000038146973,7.340000152587891,7.190000057220459,7.289999961853027,22200
2012-10-31,7.53000020980835,7.550000190734863,6.869999885559082,6.920000076293945,117000
2012-11-01,7.909999847412109,7.920000076293945,7.53000020980835,7.53000020980835,42500
2012-11-02,7.800000190734863,7.900000095367432,7.650000095367432,7.900000095367432,19900
2012-11-05,7.579999923706055,7.78000020980835,7.550000190734863,7.690000057220459,28500
2012-11-06,7.550000190734863,7.619999885559082,7.5,7.53000020980835,23800
2012-11-07,7.489999771118164,7.619999885559082,7.429999828338623,7.46999979019165,42700
2012-11-08,7.510000228881836,7.610000133514404,7.480000019073486,7.510000228881836,54100
2012-11-09,7.53000020980835,7.639999866485596,7.449999809265137,7.449999809265137,135900
2012-11-12,7.519999980926514,7.599999904632568,7.46999979019165,7.53000020980835,58600
2012-11-13,7.510000228881836,7.53000020980835,7.46999979019165,7.5,156600
2012-11-14,7.449999809265137,7.659999847412109,7.420000076293945,7.550000190734863,145000
2012-11-15,7.5,7.619999885559082,7.369999885559082,7.519999980926514,24900
2012-11-16,7.400000095367432,7.489999771118164,7.349999904632568,7.46999979019165,31500
2012-11-19,7.449999809265137,7.5,7.449999809265137,7.449999809265137,21100
2012-11-20,7.429999828338623,7.46999979019165,7.369999885559082,7.429999828338623,26600
2012-11-21,7.5,7.5,7.360000133514404,7.460000038146973,20700
2012-11-23,7.730000019073486,7.820000171661377,7.510000228881836,7.510000228881836,20500
2012-11-26,7.900000095367432,7.940000057220459,7.760000228881836,7.889999866485596,102600
2012-11-27,7.820000171661377,7.96999979019165,7.809999942779541,7.96999979019165,46100
2012-11-28,7.800000190734863,7.820000171661377,7.650000095367432,7.78000020980835,53300
2012-11-29,7.789999961853027,7.869999885559082,7.75,7.869999885559082,10500
2012-11-30,7.71999979019165,7.849999904632568,7.630000114440918,7.849999904632568,46400
2012-12-03,7.610000133514404,7.769999980926514,7.519999980926514,7.710000038146973,106700
2012-12-04,7.670000076293945,7.699999809265137,7.579999923706055,7.650000095367432,47200
2012-12-05,7.650000095367432,7.730000019073486,7.550000190734863,7.650000095367432,51600
2012-12-06,7.670000076293945,7.75,7.610000133514404,7.650000095367432,48800
2012-12-07,7.650000095367432,7.679999828338623,7.610000133514404,7.679999828338623,51300
2012-12-10,7.639999866485596,7.71999979019165,7.570000171661377,7.579999923706055,66200
2012-12-11,7.659999847412109,7.739999771118164,7.510000228881836,7.739999771118164,58900
2012-12-12,7.619999885559082,7.75,7.579999923706055,7.75,44300
2012-12-13,7.659999847412109,7.699999809265137,7.550000190734863,7.690000057220459,60600
2012-12-14,7.690000057220459,7.699999809265137,7.650000095367432,7.659999847412109,47000
2012-12-17,7.800000190734863,7.829999923706055,7.679999828338623,7.679999828338623,40700
2012-12-18,8.0,8.039999961853027,7.820000171661377,7.900000095367432,38400
2012-12-19,7.989999771118164,8.140000343322754,7.949999809265137,8.039999961853027,48400
2012-12-20,7.809999942779541,7.929999828338623,7.71999979019165,7.920000076293945,21700
2012-12-21,7.860000133514404,7.989999771118164,7.599999904632568,7.599999904632568,22200
2012-12-24,7.690000057220459,7.849999904632568,7.650000095367432,7.78000020980835,12900
2012-12-26,8.0,8.0,7.849999904632568,7.949999809265137,38500
2012-12-27,7.940000057220459,7.980000019073486,7.849999904632568,7.980000019073486,6300
2012-12-28,7.96999979019165,8.0,7.909999847412109,7.949999809265137,19000
2012-12-31,7.980000019073486,8.0,7.829999923706055,7.909999847412109,79700
2013-01-02,8.25,8.359999656677246,8.130000114440918,8.130000114440918,85800
2013-01-03,7.980000019073486,8.149999618530273,7.909999847412109,8.149999618530273,29400
2013-01-04,7.989999771118164,8.039999961853027,7.820000171661377,8.029999732971191,56200
2013-01-07,7.860000133514404,7.989999771118164,7.829999923706055,7.920000076293945,43500
2013-01-08,7.78000020980835,7.980000019073486,7.679999828338623,7.920000076293945,48800
2013-01-09,7.820000171661377,7.860000133514404,7.78000020980835,7.789999961853027,28300
2013-01-10,7.840000152587891,7.929999828338623,7.679999828338623,7.849999904632568,71000
2013-01-11,7.889999866485596,7.920000076293945,7.75,7.880000114440918,32100
2013-01-14,7.840000152587891,8.050000190734863,7.71999979019165,7.820000171661377,115300
2013-01-15,7.840000152587891,7.909999847412109,7.75,7.809999942779541,52100
2013-01-16,8.270000457763672,8.420000076293945,7.869999885559082,7.869999885559082,171100
2013-01-17,8.420000076293945,8.460000038146973,8.350000381469727,8.380000114440918,85800
2013-01-18,8.829999923706055,8.899999618530273,8.460000038146973,8.460000038146973,87000
2013-01-22,9.390000343322754,9.5,8.800000190734863,8.800000190734863,319100
2013-01-23,9.180000305175781,9.390000343322754,9.0,9.390000343322754,70400
2013-01-24,9.109999656677246,9.289999961853027,8.989999771118164,9.0600004196167,166800
2013-01-25,9.399999618530273,9.489999771118164,9.069999694824219,9.069999694824219,303100
2013-01-28,9.350000381469727,9.399999618530273,9.180000305175781,9.329999923706055,90300
2013-01-29,9.260000228881836,9.350000381469727,9.029999732971191,9.350000381469727,96200
2013-01-30,9.140000343322754,9.34000015258789,9.050000190734863,9.210000038146973,62600
2013-01-31,9.0,9.239999771118164,8.949999809265137,9.100000381469727,289700
2013-02-01,9.069999694824219,9.369999885559082,8.90999984741211,9.0,222700
2013-02-04,9.020000457763672,9.130000114440918,8.90999984741211,8.979999542236328,25200
2013-02-05,9.109999656677246,9.119999885559082,8.979999542236328,9.020000457763672,30500
2013-02-06,9.210000038146973,9.289999961853027,9.100000381469727,9.119999885559082,49100
2013-02-07,9.239999771118164,9.300000190734863,9.180000305175781,9.279999732971191,41300
2013-02-08,9.270000457763672,9.449999809265137,9.149999618530273,9.279999732971191,206200
2013-02-11,9.300000190734863,9.40999984741211,9.199999809265137,9.3100004196167,23600
2013-02-12,9.1899995803833,9.449999809265137,9.109999656677246,9.329999923706055,38900
2013-02-13,9.09000015258789,9.1899995803833,8.949999809265137,9.1899995803833,58500
2013-02-14,9.170000076293945,9.1899995803833,8.949999809265137,9.069999694824219,28500
2013-02-15,9.010000228881836,9.170000076293945,8.989999771118164,9.170000076293945,29200
2013-02-19,9.079999923706055,9.130000114440918,8.880000114440918,9.0,77000
2013-02-20,9.460000038146973,9.670000076293945,9.109999656677246,9.109999656677246,305300
2013-02-21,9.039999961853027,9.109999656677246,8.619999885559082,9.0,175900
2013-02-22,9.020000457763672,9.119999885559082,8.789999961853027,9.020000457763672,33000
2013-02-25,8.710000038146973,8.84000015258789,8.680000305175781,8.84000015258789,90300
2013-02-26,9.0,9.020000457763672,8.84000015258789,8.84000015258789,44300
2013-02-27,9.130000114440918,9.279999732971191,8.979999542236328,8.989999771118164,57200
2013-02-28,8.970000267028809,9.140000343322754,8.899999618530273,9.09000015258789,64500
2013-03-01,9.0,9.039999961853027,8.770000457763672,8.920000076293945,37100
2013-03-04,9.050000190734863,9.149999618530273,9.0,9.100000381469727,85100
2013-03-05,9.050000190734863,9.140000343322754,8.949999809265137,9.140000343322754,68600
2013-03-06,9.210000038146973,9.239999771118164,9.0600004196167,9.100000381469727,20200
2013-03-07,9.300000190734863,9.329999923706055,9.149999618530273,9.180000305175781,88400
2013-03-08,9.3100004196167,9.3100004196167,9.180000305175781,9.1899995803833,78000
2013-03-11,9.270000457763672,9.319999694824219,9.09000015258789,9.180000305175781,110500
2013-03-12,9.25,9.359999656677246,9.210000038146973,9.210000038146973,73400
2013-03-13,9.350000381469727,9.40999984741211,9.25,9.25,219200
2013-03-14,9.289999961853027,9.489999771118164,9.229999542236328,9.359999656677246,136000
2013-03-15,9.270000457763672,9.329999923706055,9.140000343322754,9.3100004196167,61600
2013-03-18,9.140000343322754,9.220000267028809,9.050000190734863,9.149999618530273,33400
2013-03-19,9.1899995803833,9.279999732971191,9.050000190734863,9.15999984741211,33600
2013-03-20,9.270000457763672,9.300000190734863,9.210000038146973,9.220000267028809,28800
2013-03-21,9.180000305175781,9.279999732971191,9.0,9.149999618530273,36800
2013-03-22,9.25,9.25,9.100000381469727,9.15999984741211,19200
2013-03-25,9.109999656677246,9.279999732971191,9.079999923706055,9.279999732971191,48800
2013-03-26,9.029999732971191,9.180000305175781,8.920000076293945,9.180000305175781,70900
2013-03-27,9.0,9.0600004196167,8.920000076293945,8.920000076293945,34600
2013-03-28,9.0,9.010000228881836,8.920000076293945,8.949999809265137,30400
2013-04-01,8.850000381469727,8.90999984741211,8.8100004196167,8.90999984741211,31700
2013-04-02,8.75,9.0,8.710000038146973,8.90999984741211,69800
2013-04-03,8.789999961853027,8.829999923706055,8.720000267028809,8.779999732971191,142100
2013-04-04,8.850000381469727,8.869999885559082,8.770000457763672,8.770000457763672,7800
2013-04-05,8.920000076293945,8.979999542236328,8.729999542236328,8.75,51900
2013-04-08,8.800000190734863,8.890000343322754,8.710000038146973,8.890000343322754,80200
2013-04-09,8.819999694824219,8.899999618530273,8.720000267028809,8.819999694824219,83100
2013-04-10,9.020000457763672,9.100000381469727,8.850000381469727,8.850000381469727,48500
2013-04-11,8.9399995803833,9.09000015258789,8.9399995803833,9.039999961853027,107000
2013-04-12,9.050000190734863,9.100000381469727,8.9399995803833,8.949999809265137,23500
2013-04-15,8.9399995803833,8.979999542236328,8.850000381469727,8.920000076293945,16400
2013-04-16,8.850000381469727,8.899999618530273,8.8100004196167,8.850000381469727,34900
2013-04-17,8.760000228881836,8.779999732971191,8.25,8.760000228881836,57300
2013-04-18,8.789999961853027,8.899999618530273,8.760000228881836,8.760000228881836,17700
2013-04-19,8.6899995803833,8.789999961853027,8.569999694824219,8.789999961853027,94600
2013-04-22,8.640000343322754,8.789999961853027,8.5,8.649999618530273,59500
2013-04-23,8.819999694824219,8.880000114440918,8.649999618530273,8.649999618530273,11300
2013-04-24,8.899999618530273,8.970000267028809,8.649999618530273,8.720000267028809,28600
2013-04-25,8.920000076293945,9.039999961853027,8.84000015258789,8.84000015258789,71200
2013-04-26,8.829999923706055,8.890000343322754,8.739999771118164,8.800000190734863,48700
2013-04-29,8.819999694824219,8.970000267028809,8.729999542236328,8.829999923706055,30900
2013-04-30,9.170000076293945,9.170000076293945,8.710000038146973,8.710000038146973,49300
2013-05-01,9.34000015258789,9.34000015258789,9.0,9.0600004196167,89000
2013-05-02,9.239999771118164,9.289999961853027,9.15999984741211,9.25,66100
2013-05-03,9.279999732971191,9.319999694824219,9.220000267028809,9.220000267028809,72800
2013-05-06,9.350000381469727,9.5,9.229999542236328,9.449999809265137,201100
2013-05-07,9.369999885559082,9.380000114440918,9.199999809265137,9.34000015258789,101400
2013-05-08,9.5600004196167,9.600000381469727,9.329999923706055,9.399999618530273,270900
2013-05-09,9.350000381469727,9.529999732971191,9.210000038146973,9.529999732971191,89800
2013-05-10,9.350000381469727,9.399999618530273,9.229999542236328,9.25,32300
2013-05-13,9.199999809265137,9.319999694824219,9.180000305175781,9.319999694824219,32300
2013-05-14,9.149999618530273,9.199999809265137,9.069999694824219,9.170000076293945,11900
2013-05-15,9.25,9.300000190734863,9.029999732971191,9.079999923706055,66100
2013-05-16,9.289999961853027,9.300000190734863,9.069999694824219,9.140000343322754,78600
2013-05-17,9.25,9.289999961853027,9.170000076293945,9.199999809265137,47800
2013-05-20,9.270000457763672,9.3100004196167,9.149999618530273,9.149999618530273,81400
2013-05-21,9.390000343322754,9.390000343322754,9.210000038146973,9.210000038146973,130500
2013-05-22,9.170000076293945,9.40999984741211,9.170000076293945,9.260000228881836,85200
2013-05-23,9.199999809265137,9.260000228881836,9.020000457763672,9.020000457763672,67100
2013-05-24,9.100000381469727,9.15999984741211,9.029999732971191,9.130000114440918,70400
2013-05-28,9.239999771118164,9.300000190734863,9.199999809265137,9.220000267028809,60300
2013-05-29,9.369999885559082,9.40999984741211,9.260000228881836,9.260000228881836,110400
2013-05-30,9.350000381469727,9.399999618530273,9.239999771118164,9.359999656677246,131400
2013-05-31,9.420000076293945,9.59000015258789,9.3100004196167,9.3100004196167,112800
2013-06-03,9.5600004196167,9.600000381469727,9.470000267028809,9.569999694824219,73300
2013-06-04,9.430000305175781,9.59000015258789,9.399999618530273,9.59000015258789,58900
2013-06-05,9.399999618530273,9.489999771118164,9.279999732971191,9.420000076293945,38700
2013-06-06,9.550000190734863,9.600000381469727,9.460000038146973,9.460000038146973,166800
2013-06-07,9.5,9.619999885559082,9.479999542236328,9.550000190734863,74000
2013-06-10,9.579999923706055,9.640000343322754,9.470000267028809,9.550000190734863,120500
2013-06-11,9.600000381469727,9.710000038146973,9.510000228881836,9.510000228881836,148100
2013-06-12,9.579999923706055,9.649999618530273,9.579999923706055,9.630000114440918,72200
2013-06-13,9.739999771118164,9.760000228881836,9.600000381469727,9.630000114440918,172800
2013-06-14,9.720000267028809,9.770000457763672,9.710000038146973,9.75,21200
2013-06-17,10.15999984741211,10.3100004196167,9.890000343322754,9.899999618530273,202200
2013-06-18,10.25,10.3100004196167,10.15999984741211,10.239999771118164,168500
2013-06-19,9.359999656677246,10.020000457763672,9.199999809265137,10.020000457763672,679900
2013-06-20,9.279999732971191,9.369999885559082,9.199999809265137,9.300000190734863,126500
2013-06-21,9.270000457763672,9.359999656677246,9.239999771118164,9.34000015258789,116800
2013-06-24,8.850000381469727,9.270000457763672,8.680000305175781,9.270000457763672,175500
2013-06-25,8.949999809265137,9.079999923706055,8.8100004196167,8.930000305175781,45800
2013-06-26,9.130000114440918,9.520000457763672,9.079999923706055,9.489999771118164,173200
2013-06-27,9.039999961853027,9.369999885559082,9.010000228881836,9.229999542236328,76400
2013-06-28,9.050000190734863,9.1899995803833,8.9399995803833,9.0600004196167,93400
2013-07-01,9.039999961853027,9.130000114440918,8.989999771118164,9.130000114440918,36400
2013-07-02,9.09000015258789,9.140000343322754,9.0,9.100000381469727,134800
2013-07-03,9.050000190734863,9.140000343322754,9.0,9.09000015258789,46800
2013-07-05,9.0600004196167,9.109999656677246,9.029999732971191,9.109999656677246,12500
2013-07-08,9.15999984741211,9.289999961853027,9.140000343322754,9.180000305175781,69200
2013-07-09,9.180000305175781,9.270000457763672,9.149999618530273,9.260000228881836,53900
2013-07-10,9.199999809265137,9.289999961853027,8.949999809265137,9.1899995803833,151300
2013-07-11,9.1899995803833,9.380000114440918,9.140000343322754,9.300000190734863,163500
2013-07-12,9.149999618530273,9.210000038146973,9.069999694824219,9.170000076293945,75200
2013-07-15,9.199999809265137,9.34000015258789,9.180000305175781,9.319999694824219,62800
2013-07-16,9.220000267028809,9.279999732971191,9.180000305175781,9.279999732971191,41700
2013-07-17,9.260000228881836,9.329999923706055,9.229999542236328,9.260000228881836,53100
2013-07-18,9.0600004196167,9.289999961853027,8.979999542236328,9.270000457763672,44400
2013-07-19,9.220000267028809,9.239999771118164,9.0600004196167,9.0600004196167,63700
2013-07-22,9.069999694824219,9.319999694824219,8.970000267028809,9.180000305175781,54400
2013-07-23,9.039999961853027,9.149999618530273,8.890000343322754,9.069999694824219,38400
2013-07-24,9.09000015258789,9.1899995803833,9.079999923706055,9.130000114440918,47400
2013-07-25,9.010000228881836,9.0600004196167,8.699999809265137,8.979999542236328,46900
2013-07-26,9.029999732971191,9.0600004196167,8.819999694824219,8.960000038146973,27200
2013-07-29,9.069999694824219,9.140000343322754,9.0600004196167,9.09000015258789,35500
2013-07-30,9.149999618530273,9.210000038146973,9.079999923706055,9.130000114440918,42600
2013-07-31,8.930000305175781,9.180000305175781,8.850000381469727,9.149999618530273,173200
2013-08-01,8.920000076293945,9.270000457763672,8.890000343322754,9.149999618530273,54700
2013-08-02,8.859999656677246,8.899999618530273,8.75,8.880000114440918,41100
2013-08-05,8.84000015258789,9.0,8.779999732971191,8.970000267028809,37100
2013-08-06,8.920000076293945,9.020000457763672,8.8100004196167,8.819999694824219,10100
2013-08-07,8.880000114440918,8.989999771118164,8.880000114440918,8.949999809265137,20500
2013-08-08,8.84000015258789,8.960000038146973,8.75,8.949999809265137,13100
2013-08-09,8.760000228881836,8.899999618530273,8.729999542236328,8.859999656677246,13700
2013-08-12,8.75,8.829999923706055,8.699999809265137,8.710000038146973,18200
2013-08-13,8.8100004196167,8.960000038146973,8.720000267028809,8.9399995803833,54700
2013-08-14,8.850000381469727,8.949999809265137,8.770000457763672,8.84000015258789,35100
2013-08-15,8.75,8.899999618530273,8.6899995803833,8.84000015258789,55500
2013-08-16,8.600000381469727,9.029999732971191,8.550000190734863,8.789999961853027,355900
2013-08-19,8.619999885559082,8.640000343322754,8.5600004196167,8.5600004196167,219700
2013-08-20,8.670000076293945,8.699999809265137,8.619999885559082,8.619999885559082,7900
2013-08-21,8.770000457763672,8.779999732971191,8.609999656677246,8.649999618530273,30700
2013-08-22,8.800000190734863,8.979999542236328,8.710000038146973,8.739999771118164,23800
2013-08-23,8.859999656677246,8.930000305175781,8.800000190734863,8.8100004196167,22900
2013-08-26,8.819999694824219,8.899999618530273,8.760000228881836,8.829999923706055,20100
2013-08-27,8.710000038146973,8.850000381469727,8.65999984741211,8.739999771118164,27700
2013-08-28,8.789999961853027,8.859999656677246,8.729999542236328,8.75,15300
2013-08-29,8.890000343322754,9.0,8.84000015258789,8.859999656677246,35600
2013-08-30,8.859999656677246,8.890000343322754,8.84000015258789,8.890000343322754,17900
2013-09-03,8.989999771118164,9.149999618530273,8.819999694824219,9.069999694824219,148800
2013-09-04,8.960000038146973,9.0,8.850000381469727,8.930000305175781,27800
2013-09-05,8.949999809265137,8.979999542236328,8.930000305175781,8.930000305175781,6400
2013-09-06,8.930000305175781,8.989999771118164,8.930000305175781,8.989999771118164,14800
2013-09-09,8.90999984741211,8.989999771118164,8.84000015258789,8.960000038146973,35100
2013-09-10,8.890000343322754,8.989999771118164,8.760000228881836,8.989999771118164,32500
2013-09-11,8.949999809265137,8.970000267028809,8.84000015258789,8.930000305175781,12300
2013-09-12,8.890000343322754,8.970000267028809,8.84000015258789,8.930000305175781,7200
2013-09-13,8.829999923706055,8.890000343322754,8.789999961853027,8.890000343322754,4600
2013-09-16,8.920000076293945,8.979999542236328,8.800000190734863,8.979999542236328,76800
2013-09-17,8.890000343322754,8.930000305175781,8.800000190734863,8.920000076293945,39500
2013-09-18,8.760000228881836,8.880000114440918,8.75,8.880000114440918,24800
2013-09-19,8.729999542236328,8.789999961853027,8.699999809265137,8.75,8400
2013-09-20,8.649999618530273,8.739999771118164,8.5,8.739999771118164,61500
2013-09-23,8.619999885559082,8.680000305175781,8.5,8.649999618530273,42400
2013-09-24,8.520000457763672,8.720000267028809,8.5,8.65999984741211,66200
2013-09-25,8.600000381469727,8.680000305175781,8.399999618530273,8.520000457763672,78300
2013-09-26,8.710000038146973,8.729999542236328,8.529999732971191,8.630000114440918,22500
2013-09-27,8.899999618530273,8.899999618530273,8.65999984741211,8.65999984741211,36000
2013-09-30,8.869999885559082,8.9399995803833,8.819999694824219,8.930000305175781,61700
2013-10-01,8.880000114440918,9.0,8.829999923706055,8.829999923706055,382000
2013-10-02,8.850000381469727,8.970000267028809,8.729999542236328,8.899999618530273,83200
2013-10-03,8.8100004196167,8.920000076293945,8.65999984741211,8.819999694824219,14400
2013-10-04,8.800000190734863,8.850000381469727,8.710000038146973,8.770000457763672,31900
2013-10-07,8.770000457763672,8.800000190734863,8.720000267028809,8.739999771118164,19900
2013-10-08,8.65999984741211,8.739999771118164,8.65999984741211,8.739999771118164,13300
2013-10-09,8.640000343322754,8.75,8.319999694824219,8.65999984741211,100100
2013-10-10,8.75,8.84000015258789,8.609999656677246,8.609999656677246,26000
2013-10-11,8.850000381469727,8.949999809265137,8.739999771118164,8.800000190734863,15000
2013-10-14,8.819999694824219,8.890000343322754,8.720000267028809,8.8100004196167,17800
2013-10-15,8.75,8.8100004196167,8.710000038146973,8.720000267028809,30400
2013-10-16,8.710000038146973,8.829999923706055,8.600000381469727,8.75,33600
2013-10-17,8.779999732971191,8.850000381469727,8.6899995803833,8.6899995803833,84700
2013-10-18,8.850000381469727,8.880000114440918,8.760000228881836,8.8100004196167,50500
2013-10-21,8.989999771118164,9.069999694824219,8.920000076293945,8.930000305175781,83400
2013-10-22,9.069999694824219,9.119999885559082,9.0,9.029999732971191,23400
2013-10-23,8.90999984741211,9.0600004196167,8.880000114440918,9.020000457763672,52600
2013-10-24,9.0,9.100000381469727,9.0,9.010000228881836,34000
2013-10-25,9.050000190734863,9.109999656677246,8.949999809265137,9.0,50300
2013-10-28,8.880000114440918,9.09000015258789,8.8100004196167,9.0600004196167,77300
2013-10-29,8.84000015258789,9.020000457763672,8.789999961853027,9.020000457763672,255300
2013-10-30,8.75,9.0600004196167,8.75,8.979999542236328,1284700
2013-10-31,8.789999961853027,8.829999923706055,8.670000076293945,8.789999961853027,110600
2013-11-01,8.800000190734863,8.819999694824219,8.710000038146973,8.819999694824219,46600
2013-11-04,9.0,9.029999732971191,8.859999656677246,8.899999618530273,148600
2013-11-05,8.9399995803833,9.079999923706055,8.930000305175781,9.0,84000
2013-11-06,9.180000305175781,9.229999542236328,9.010000228881836,9.09000015258789,77000
2013-11-07,9.199999809265137,9.329999923706055,9.1899995803833,9.329999923706055,71200
2013-11-08,9.229999542236328,9.239999771118164,9.109999656677246,9.180000305175781,112300
2013-11-11,9.229999542236328,9.369999885559082,9.100000381469727,9.260000228881836,70300
2013-11-12,9.199999809265137,9.279999732971191,9.140000343322754,9.279999732971191,50700
2013-11-13,9.229999542236328,9.270000457763672,9.1899995803833,9.220000267028809,55500
2013-11-14,9.210000038146973,9.300000190734863,9.149999618530273,9.25,19200
2013-11-15,9.180000305175781,9.210000038146973,9.170000076293945,9.180000305175781,23600
2013-11-18,9.170000076293945,9.260000228881836,9.149999618530273,9.199999809265137,54500
2013-11-19,9.039999961853027,9.239999771118164,8.979999542236328,9.199999809265137,15800
2013-11-20,9.140000343322754,9.1899995803833,9.079999923706055,9.130000114440918,27300
2013-11-21,9.09000015258789,9.210000038146973,9.010000228881836,9.15999984741211,16000
2013-11-22,9.09000015258789,9.170000076293945,9.020000457763672,9.039999961853027,43700
2013-11-25,9.100000381469727,9.100000381469727,9.020000457763672,9.050000190734863,28300
2013-11-26,9.020000457763672,9.09000015258789,8.9399995803833,9.039999961853027,32800
2013-11-27,8.989999771118164,9.0600004196167,8.949999809265137,9.010000228881836,29600
2013-11-29,9.050000190734863,9.050000190734863,8.960000038146973,9.0,19100
2013-12-02,8.859999656677246,9.039999961853027,8.75,9.010000228881836,34800
2013-12-03,8.640000343322754,8.859999656677246,8.529999732971191,8.819999694824219,43700
2013-12-04,8.579999923706055,8.640000343322754,8.479999542236328,8.619999885559082,90500
2013-12-05,8.539999961853027,8.800000190734863,8.5,8.65999984741211,24300
2013-12-06,8.510000228881836,8.579999923706055,8.460000038146973,8.460000038146973,20900
2013-12-09,8.579999923706055,8.59000015258789,8.5,8.529999732971191,104400
2013-12-10,8.90999984741211,9.0,8.680000305175781,8.729999542236328,113100
2013-12-11,8.850000381469727,8.960000038146973,8.819999694824219,8.930000305175781,51500
2013-12-12,8.930000305175781,8.989999771118164,8.739999771118164,8.850000381469727,88000
2013-12-13,8.949999809265137,9.069999694824219,8.930000305175781,8.989999771118164,89300
2013-12-16,9.050000190734863,9.100000381469727,8.899999618530273,9.029999732971191,132400
2013-12-17,9.09000015258789,9.229999542236328,8.899999618530273,9.069999694824219,881300
2013-12-18,9.149999618530273,9.270000457763672,9.0600004196167,9.15999984741211,740800
2013-12-19,9.140000343322754,9.25,9.079999923706055,9.09000015258789,80200
2013-12-20,9.180000305175781,9.289999961853027,9.050000190734863,9.119999885559082,147600
2013-12-23,9.399999618530273,9.630000114440918,9.210000038146973,9.300000190734863,318100
2013-12-24,9.329999923706055,9.430000305175781,9.270000457763672,9.399999618530273,114400
2013-12-26,9.470000267028809,9.5,9.420000076293945,9.4399995803833,77600
2013-12-27,9.550000190734863,9.609999656677246,9.4399995803833,9.449999809265137,75600
2013-12-30,9.720000267028809,9.8100004196167,9.619999885559082,9.739999771118164,106200
2013-12-31,9.84000015258789,9.859999656677246,9.729999542236328,9.800000190734863,75000
2014-01-02,10.010000228881836,10.119999885559082,9.819999694824219,10.0,393100
2014-01-03,10.0,10.100000381469727,9.90999984741211,10.050000190734863,60900
2014-01-06,9.949999809265137,10.09000015258789,9.899999618530273,10.0600004196167,173500
2014-01-07,10.300000190734863,10.319999694824219,10.109999656677246,10.109999656677246,459700
2014-01-08,10.300000190734863,10.390000343322754,10.210000038146973,10.270000457763672,159600
2014-01-09,10.539999961853027,10.960000038146973,10.520000457763672,10.890000343322754,233100
2014-01-10,10.59000015258789,10.829999923706055,10.460000038146973,10.829999923706055,236300
2014-01-13,10.800000190734863,10.989999771118164,10.75,10.899999618530273,345000
2014-01-14,10.899999618530273,10.979999542236328,10.850000381469727,10.979999542236328,178600
2014-01-15,11.180000305175781,11.229999542236328,10.869999885559082,10.989999771118164,295800
2014-01-16,11.100000381469727,11.199999809265137,11.039999961853027,11.119999885559082,169000
2014-01-17,11.0,11.180000305175781,11.0,11.039999961853027,68500
2014-01-21,11.119999885559082,11.15999984741211,10.920000076293945,11.079999923706055,137200
2014-01-22,11.199999809265137,11.270000457763672,11.039999961853027,11.119999885559082,59400
2014-01-23,11.069999694824219,11.260000228881836,10.930000305175781,11.1899995803833,86500
2014-01-24,10.729999542236328,11.039999961853027,10.680000305175781,11.020000457763672,91500
2014-01-27,10.65999984741211,10.890000343322754,10.430000305175781,10.859999656677246,161500
2014-01-28,10.729999542236328,10.800000190734863,10.569999694824219,10.609999656677246,89500
2014-01-29,10.670000076293945,10.779999732971191,10.600000381469727,10.630000114440918,50000
2014-01-30,10.6899995803833,10.800000190734863,10.670000076293945,10.789999961853027,71200
2014-01-31,10.75,10.779999732971191,10.380000114440918,10.5600004196167,60900
2014-02-03,10.550000190734863,10.729999542236328,10.489999771118164,10.649999618530273,114600
2014-02-04,10.539999961853027,10.649999618530273,10.470000267028809,10.579999923706055,72300
2014-02-05,10.819999694824219,10.949999809265137,10.420000076293945,10.510000228881836,82200
2014-02-06,10.9399995803833,11.029999732971191,10.859999656677246,10.859999656677246,62500
2014-02-07,11.029999732971191,11.180000305175781,10.899999618530273,10.979999542236328,103400
2014-02-10,10.970000267028809,11.029999732971191,10.84000015258789,10.970000267028809,38100
2014-02-11,10.989999771118164,11.119999885559082,10.979999542236328,11.079999923706055,119000
2014-02-12,11.0,11.130000114440918,10.989999771118164,11.010000228881836,174700
2014-02-13,11.239999771118164,11.319999694824219,10.930000305175781,11.0,94700
2014-02-14,11.199999809265137,11.260000228881836,11.100000381469727,11.1899995803833,57200
2014-02-18,11.600000381469727,12.25,11.539999961853027,11.800000190734863,560500
2014-02-19,10.930000305175781,11.4399995803833,10.880000114440918,11.40999984741211,277300
2014-02-20,11.079999923706055,11.210000038146973,10.979999542236328,10.979999542236328,188600
2014-02-21,11.0,11.100000381469727,10.899999618530273,11.039999961853027,90000
2014-02-24,11.289999961853027,11.329999923706055,11.100000381469727,11.140000343322754,108000
2014-02-25,11.100000381469727,11.289999961853027,11.010000228881836,11.260000228881836,115500
2014-02-26,11.09000015258789,11.140000343322754,11.050000190734863,11.100000381469727,94100
2014-02-27,11.199999809265137,11.3100004196167,11.119999885559082,11.130000114440918,178500
2014-02-28,11.329999923706055,11.390000343322754,11.229999542236328,11.229999542236328,85900
2014-03-03,11.399999618530273,11.5,11.369999885559082,11.449999809265137,144500
2014-03-04,11.600000381469727,11.680000305175781,11.5,11.5,120500
2014-03-05,11.739999771118164,11.75,11.59000015258789,11.710000038146973,93500
2014-03-06,11.670000076293945,11.819999694824219,11.600000381469727,11.800000190734863,59500
2014-03-07,11.65999984741211,11.770000457763672,11.5,11.640000343322754,61100
2014-03-10,11.539999961853027,11.789999961853027,11.390000343322754,11.739999771118164,77700
2014-03-11,11.420000076293945,11.640000343322754,11.3100004196167,11.520000457763672,88300
2014-03-12,11.220000267028809,11.34000015258789,11.039999961853027,11.270000457763672,71200
2014-03-13,11.100000381469727,11.369999885559082,10.90999984741211,11.279999732971191,92200
2014-03-14,11.020000457763672,11.199999809265137,10.970000267028809,11.039999961853027,40100
2014-03-17,11.239999771118164,11.369999885559082,11.020000457763672,11.020000457763672,96800
2014-03-18,11.40999984741211,11.430000305175781,11.229999542236328,11.25,63400
2014-03-19,11.390000343322754,11.579999923706055,11.210000038146973,11.479999542236328,47500
2014-03-20,11.5,11.600000381469727,11.25,11.319999694824219,75800
2014-03-21,11.239999771118164,11.850000381469727,11.1899995803833,11.510000228881836,68300
2014-03-24,11.4399995803833,11.770000457763672,11.25,11.59000015258789,208400
2014-03-25,11.479999542236328,11.579999923706055,11.3100004196167,11.520000457763672,83400
2014-03-26,11.300000190734863,11.59000015258789,11.229999542236328,11.59000015258789,49800
2014-03-27,10.970000267028809,11.359999656677246,10.899999618530273,11.25,57800
2014-03-28,11.0600004196167,11.210000038146973,10.989999771118164,11.050000190734863,44700
2014-03-31,11.199999809265137,11.220000267028809,11.020000457763672,11.119999885559082,60200
2014-04-01,11.239999771118164,11.260000228881836,11.180000305175781,11.239999771118164,59300
2014-04-02,11.25,11.25,10.960000038146973,11.210000038146973,60300
2014-04-03,11.15999984741211,11.289999961853027,11.029999732971191,11.220000267028809,218400
2014-04-04,10.90999984741211,11.1899995803833,10.859999656677246,11.15999984741211,68900
2014-04-07,10.75,10.890000343322754,10.619999885559082,10.890000343322754,71500
2014-04-08,10.869999885559082,10.979999542236328,10.720000267028809,10.720000267028809,93300
2014-04-09,10.869999885559082,10.989999771118164,10.84000015258789,10.989999771118164,27100
2014-04-10,10.529999732971191,10.829999923706055,10.510000228881836,10.819999694824219,62800
2014-04-11,10.399999618530273,10.59000015258789,10.350000381469727,10.5,89400
2014-04-14,10.350000381469727,10.460000038146973,10.289999961853027,10.390000343322754,50500
2014-04-15,10.109999656677246,10.399999618530273,9.960000038146973,10.399999618530273,111700
2014-04-16,10.109999656677246,10.529999732971191,10.0600004196167,10.229999542236328,58400
2014-04-17,10.140000343322754,10.229999542236328,10.050000190734863,10.050000190734863,28400
2014-04-21,10.180000305175781,10.229999542236328,10.069999694824219,10.170000076293945,12600
2014-04-22,10.390000343322754,10.479999542236328,10.239999771118164,10.25,56000
2014-04-23,10.359999656677246,10.449999809265137,10.25,10.449999809265137,47400
2014-04-24,10.279999732971191,10.5,10.130000114440918,10.5,44000
2014-04-25,9.9399995803833,10.170000076293945,9.899999618530273,10.170000076293945,132800
2014-04-28,9.829999923706055,10.0,9.710000038146973,10.0,46400
2014-04-29,9.760000228881836,9.949999809265137,9.630000114440918,9.930000305175781,135200
2014-04-30,10.5,10.800000190734863,10.170000076293945,10.279999732971191,634300
2014-05-01,10.569999694824219,10.729999542236328,10.479999542236328,10.5,95100
2014-05-02,10.470000267028809,10.630000114440918,10.289999961853027,10.550000190734863,86900
2014-05-05,10.680000305175781,10.6899995803833,10.489999771118164,10.520000457763672,51800
2014-05-06,10.449999809265137,10.699999809265137,10.430000305175781,10.619999885559082,60500
2014-05-07,10.289999961853027,10.5600004196167,10.210000038146973,10.529999732971191,223200
2014-05-08,10.260000228881836,10.529999732971191,10.1899995803833,10.300000190734863,86100
2014-05-09,10.380000114440918,10.380000114440918,10.149999618530273,10.279999732971191,73200
2014-05-12,10.710000038146973,10.880000114440918,10.489999771118164,10.579999923706055,89500
2014-05-13,10.670000076293945,10.850000381469727,10.609999656677246,10.84000015258789,109200
2014-05-14,10.4399995803833,10.710000038146973,10.350000381469727,10.640000343322754,82300
2014-05-15,10.479999542236328,10.579999923706055,10.270000457763672,10.470000267028809,147900
2014-05-16,10.470000267028809,10.5,10.350000381469727,10.5,39600
2014-05-19,10.59000015258789,10.600000381469727,10.420000076293945,10.420000076293945,177100
2014-05-20,10.539999961853027,10.649999618530273,10.5,10.609999656677246,28000
2014-05-21,10.520000457763672,10.649999618530273,10.399999618530273,10.529999732971191,135700
2014-05-22,10.529999732971191,10.609999656677246,10.5,10.520000457763672,25100
2014-05-23,10.529999732971191,10.619999885559082,10.479999542236328,10.5,37900
2014-05-27,10.630000114440918,10.670000076293945,10.5600004196167,10.65999984741211,62200
2014-05-28,10.899999618530273,10.899999618530273,10.600000381469727,10.649999618530273,106900
2014-05-29,10.899999618530273,10.989999771118164,10.720000267028809,10.829999923706055,84600
2014-05-30,10.9399995803833,10.979999542236328,10.760000228881836,10.920000076293945,59500
2014-06-02,10.800000190734863,11.079999923706055,10.760000228881836,11.0,66700
2014-06-03,10.680000305175781,10.800000190734863,10.539999961853027,10.699999809265137,70600
2014-06-04,10.789999961853027,10.800000190734863,10.720000267028809,10.779999732971191,28800
2014-06-05,10.75,10.859999656677246,10.65999984741211,10.699999809265137,50600
2014-06-06,10.850000381469727,10.850000381469727,10.739999771118164,10.8100004196167,30000
2014-06-09,11.260000228881836,11.319999694824219,10.960000038146973,11.0,119600
2014-06-10,11.619999885559082,11.75,11.270000457763672,11.329999923706055,167500
2014-06-11,11.779999732971191,11.800000190734863,11.529999732971191,11.550000190734863,198200
2014-06-12,11.710000038146973,11.800000190734863,11.630000114440918,11.789999961853027,185000
2014-06-13,11.670000076293945,11.789999961853027,11.369999885559082,11.770000457763672,141100
2014-06-16,11.670000076293945,11.739999771118164,11.529999732971191,11.529999732971191,152300
2014-06-17,11.779999732971191,11.800000190734863,11.4399995803833,11.600000381469727,116500
2014-06-18,11.729999542236328,11.869999885559082,11.680000305175781,11.779999732971191,69800
2014-06-19,11.680000305175781,11.739999771118164,11.630000114440918,11.680000305175781,40400
2014-06-20,11.65999984741211,11.789999961853027,11.619999885559082,11.760000228881836,44100
2014-06-23,11.680000305175781,11.699999809265137,11.550000190734863,11.569999694824219,50700
2014-06-24,11.670000076293945,11.880000114440918,11.65999984741211,11.710000038146973,67200
2014-06-25,11.710000038146973,11.75,11.579999923706055,11.6899995803833,36500
2014-06-26,11.779999732971191,11.84000015258789,11.6899995803833,11.829999923706055,30500
2014-06-27,12.0,12.130000114440918,11.800000190734863,11.800000190734863,133500
2014-06-30,12.010000228881836,12.130000114440918,11.760000228881836,11.899999618530273,72900
2014-07-01,12.020000457763672,12.130000114440918,12.0,12.069999694824219,54000
2014-07-02,11.899999618530273,12.039999961853027,11.869999885559082,12.0,45600
2014-07-03,12.079999923706055,12.1899995803833,11.890000343322754,11.930000305175781,88900
2014-07-07,11.829999923706055,11.930000305175781,11.59000015258789,11.930000305175781,65500
2014-07-08,11.739999771118164,11.800000190734863,11.529999732971191,11.770000457763672,70100
2014-07-09,11.680000305175781,11.720000267028809,11.579999923706055,11.720000267028809,46500
2014-07-10,11.510000228881836,11.640000343322754,11.350000381469727,11.569999694824219,36400
2014-07-11,11.5,11.630000114440918,11.319999694824219,11.5,27600
2014-07-14,11.479999542236328,11.640000343322754,11.350000381469727,11.579999923706055,185900
2014-07-15,11.579999923706055,11.630000114440918,11.4399995803833,11.5,116900
2014-07-16,11.869999885559082,12.020000457763672,11.670000076293945,11.670000076293945,363500
2014-07-17,11.619999885559082,11.899999618530273,11.569999694824219,11.880000114440918,62900
2014-07-18,11.829999923706055,11.920000076293945,11.6899995803833,11.6899995803833,28900
2014-07-21,11.720000267028809,11.920000076293945,11.65999984741211,11.75,47900
2014-07-22,11.550000190734863,11.710000038146973,11.460000038146973,11.710000038146973,94000
2014-07-23,11.229999542236328,11.5,11.180000305175781,11.489999771118164,97800
2014-07-24,11.069999694824219,11.25,10.949999809265137,11.180000305175781,67700
2014-07-25,10.880000114440918,11.390000343322754,10.619999885559082,10.949999809265137,64700
2014-07-28,10.899999618530273,10.989999771118164,10.729999542236328,10.920000076293945,74000
2014-07-29,11.289999961853027,11.3100004196167,10.920000076293945,10.970000267028809,155500
2014-07-30,10.569999694824219,10.680000305175781,10.380000114440918,10.670000076293945,200300
2014-07-31,10.130000114440918,10.4399995803833,9.770000457763672,10.40999984741211,303500
2014-08-01,10.119999885559082,10.210000038146973,9.890000343322754,10.050000190734863,60000
2014-08-04,10.079999923706055,10.359999656677246,10.0,10.170000076293945,130100
2014-08-05,10.220000267028809,10.239999771118164,10.029999732971191,10.029999732971191,64300
2014-08-06,10.579999923706055,10.739999771118164,10.3100004196167,10.3100004196167,73300
2014-08-07,10.520000457763672,10.710000038146973,10.430000305175781,10.640000343322754,52100
2014-08-08,10.6899995803833,10.75,10.470000267028809,10.529999732971191,49200
2014-08-11,10.729999542236328,10.90999984741211,10.65999984741211,10.789999961853027,145800
2014-08-12,10.59000015258789,10.739999771118164,10.460000038146973,10.680000305175781,65000
2014-08-13,10.789999961853027,10.819999694824219,10.5600004196167,10.609999656677246,53500
2014-08-14,10.90999984741211,10.989999771118164,10.649999618530273,10.720000267028809,35100
2014-08-15,11.050000190734863,11.050000190734863,10.760000228881836,10.989999771118164,92100
2014-08-18,10.859999656677246,11.050000190734863,10.859999656677246,11.029999732971191,63900
2014-08-19,10.920000076293945,11.079999923706055,10.739999771118164,10.9399995803833,37000
2014-08-20,10.829999923706055,11.100000381469727,10.680000305175781,10.949999809265137,55900
2014-08-21,10.770000457763672,10.84000015258789,10.670000076293945,10.829999923706055,24200
2014-08-22,10.699999809265137,10.819999694824219,10.699999809265137,10.819999694824219,25300
2014-08-25,10.59000015258789,10.6899995803833,10.520000457763672,10.5600004196167,28100
2014-08-26,11.079999923706055,11.180000305175781,10.649999618530273,10.649999618530273,114100
2014-08-27,11.180000305175781,11.260000228881836,10.970000267028809,11.239999771118164,39700
2014-08-28,11.140000343322754,11.1899995803833,11.029999732971191,11.140000343322754,32300
2014-08-29,11.15999984741211,11.220000267028809,11.0600004196167,11.100000381469727,22500
2014-09-02,11.170000076293945,11.229999542236328,11.069999694824219,11.229999542236328,24800
2014-09-03,11.1899995803833,11.270000457763672,11.079999923706055,11.1899995803833,30000
2014-09-04,11.039999961853027,11.149999618530273,11.029999732971191,11.100000381469727,31500
2014-09-05,11.140000343322754,11.210000038146973,11.0600004196167,11.09000015258789,31000
2014-09-08,11.210000038146973,11.239999771118164,11.130000114440918,11.130000114440918,30300
2014-09-09,11.170000076293945,11.239999771118164,11.109999656677246,11.15999984741211,156500
2014-09-10,11.050000190734863,11.130000114440918,11.020000457763672,11.09000015258789,23500
2014-09-11,11.09000015258789,11.09000015258789,11.0,11.069999694824219,24900
2014-09-12,11.020000457763672,11.260000228881836,10.9399995803833,11.140000343322754,31800
2014-09-15,10.920000076293945,11.100000381469727,10.75,11.0600004196167,48100
2014-09-16,10.949999809265137,11.09000015258789,10.920000076293945,11.0600004196167,42400
2014-09-17,11.100000381469727,11.1899995803833,11.029999732971191,11.0600004196167,67000
2014-09-18,11.4399995803833,11.4399995803833,11.119999885559082,11.180000305175781,49700
2014-09-19,11.3100004196167,11.489999771118164,11.25,11.430000305175781,50500
2014-09-22,11.260000228881836,11.380000114440918,11.1899995803833,11.319999694824219,63600
2014-09-23,10.829999923706055,11.1899995803833,10.829999923706055,11.15999984741211,54300
2014-09-24,10.90999984741211,11.029999732971191,10.869999885559082,10.869999885559082,20700
2014-09-25,10.789999961853027,10.949999809265137,10.789999961853027,10.949999809265137,17000
2014-09-26,10.869999885559082,10.920000076293945,10.779999732971191,10.869999885559082,20700
2014-09-29,10.850000381469727,10.960000038146973,10.75,10.760000228881836,22800
2014-09-30,10.800000190734863,10.90999984741211,10.75,10.8100004196167,75100
2014-10-01,10.489999771118164,10.8100004196167,10.390000343322754,10.75,68800
2014-10-02,10.510000228881836,10.550000190734863,10.390000343322754,10.430000305175781,53300
2014-10-03,10.449999809265137,10.65999984741211,10.449999809265137,10.550000190734863,15300
2014-10-06,10.300000190734863,10.539999961853027,10.239999771118164,10.539999961853027,13800
2014-10-07,10.350000381469727,10.350000381469727,10.199999809265137,10.25,42100
2014-10-08,10.359999656677246,10.399999618530273,10.1899995803833,10.25,24200
2014-10-09,10.0600004196167,10.380000114440918,10.0600004196167,10.380000114440918,8900
2014-10-10,10.09000015258789,10.399999618530273,9.770000457763672,10.0,41800
2014-10-13,9.880000114440918,10.0,9.800000190734863,9.949999809265137,35200
2014-10-14,9.829999923706055,9.9399995803833,9.710000038146973,9.90999984741211,18700
2014-10-15,9.869999885559082,9.869999885559082,9.5,9.65999984741211,34300
2014-10-16,10.180000305175781,10.569999694824219,9.699999809265137,9.699999809265137,77600
2014-10-17,10.229999542236328,10.470000267028809,10.229999542236328,10.300000190734863,55200
2014-10-20,10.260000228881836,10.3100004196167,10.069999694824219,10.15999984741211,9000
2014-10-21,10.220000267028809,10.359999656677246,10.15999984741211,10.279999732971191,16500
2014-10-22,9.970000267028809,10.239999771118164,9.850000381469727,10.239999771118164,21900
2014-10-23,10.239999771118164,10.3100004196167,9.949999809265137,10.0,37500
2014-10-24,10.289999961853027,10.479999542236328,10.270000457763672,10.350000381469727,28100
2014-10-27,10.109999656677246,10.220000267028809,9.989999771118164,10.199999809265137,26400
2014-10-28,10.539999961853027,10.539999961853027,10.0600004196167,10.0600004196167,42200
2014-10-29,10.039999961853027,10.300000190734863,9.739999771118164,9.960000038146973,349500
2014-10-30,10.010000228881836,10.109999656677246,9.800000190734863,9.800000190734863,79700
2014-10-31,10.170000076293945,10.329999923706055,9.9399995803833,9.9399995803833,38300
2014-11-03,10.300000190734863,10.329999923706055,10.119999885559082,10.149999618530273,31200
2014-11-04,10.399999618530273,10.40999984741211,10.220000267028809,10.25,44100
2014-11-05,10.529999732971191,10.5600004196167,10.229999542236328,10.40999984741211,38300
2014-11-06,10.479999542236328,10.529999732971191,10.4399995803833,10.529999732971191,29700
2014-11-07,10.369999885559082,10.40999984741211,10.1899995803833,10.40999984741211,43600
2014-11-10,10.75,10.75,10.510000228881836,10.640000343322754,28700
2014-11-11,10.670000076293945,10.829999923706055,10.59000015258789,10.649999618530273,29600
2014-11-12,10.529999732971191,10.600000381469727,10.4399995803833,10.59000015258789,23200
2014-11-13,10.5,10.609999656677246,10.4399995803833,10.600000381469727,33300
2014-11-14,10.550000190734863,10.6899995803833,10.520000457763672,10.59000015258789,6900
2014-11-17,10.579999923706055,10.699999809265137,10.550000190734863,10.649999618530273,23000
2014-11-18,10.6899995803833,10.710000038146973,10.609999656677246,10.670000076293945,29400
2014-11-19,10.420000076293945,10.739999771118164,10.40999984741211,10.739999771118164,22200
2014-11-20,10.4399995803833,10.569999694824219,10.390000343322754,10.460000038146973,29200
2014-11-21,10.390000343322754,10.529999732971191,10.359999656677246,10.520000457763672,30100
2014-11-24,10.510000228881836,10.59000015258789,10.300000190734863,10.300000190734863,31700
2014-11-25,10.649999618530273,10.710000038146973,10.479999542236328,10.479999542236328,27900
2014-11-26,10.75,10.75,10.520000457763672,10.529999732971191,22700
2014-11-28,10.609999656677246,10.75,10.550000190734863,10.699999809265137,23500
2014-12-01,10.319999694824219,10.5600004196167,10.260000228881836,10.5,29500
2014-12-02,10.279999732971191,10.300000190734863,10.079999923706055,10.199999809265137,33600
2014-12-03,10.430000305175781,10.470000267028809,10.279999732971191,10.34000015258789,37000
2014-12-04,10.539999961853027,10.569999694824219,10.289999961853027,10.369999885559082,19900
2014-12-05,10.510000228881836,10.640000343322754,10.460000038146973,10.630000114440918,23800
2014-12-08,10.210000038146973,10.510000228881836,10.180000305175781,10.369999885559082,18300
2014-12-09,10.1899995803833,10.270000457763672,9.960000038146973,10.130000114440918,39000
2014-12-10,9.90999984741211,10.180000305175781,9.850000381469727,10.180000305175781,26100
2014-12-11,9.869999885559082,10.09000015258789,9.859999656677246,10.010000228881836,20300
2014-12-12,10.010000228881836,10.140000343322754,9.779999732971191,9.850000381469727,25300
2014-12-15,10.130000114440918,10.229999542236328,10.050000190734863,10.119999885559082,31800
2014-12-16,10.15999984741211,10.279999732971191,9.930000305175781,9.9399995803833,26200
2014-12-17,10.079999923706055,10.170000076293945,10.0,10.0600004196167,19400
2014-12-18,10.039999961853027,10.130000114440918,9.970000267028809,10.130000114440918,28600
2014-12-19,10.010000228881836,10.09000015258789,9.949999809265137,9.989999771118164,15500
2014-12-22,9.979999542236328,9.989999771118164,9.779999732971191,9.899999618530273,24900
2014-12-23,10.069999694824219,10.140000343322754,9.84000015258789,9.869999885559082,44000
2014-12-24,10.020000457763672,10.039999961853027,9.960000038146973,9.989999771118164,21800
2014-12-26,10.0,10.050000190734863,9.9399995803833,9.989999771118164,70000
2014-12-29,9.989999771118164,10.0,9.880000114440918,9.899999618530273,56500
2014-12-30,10.029999732971191,10.130000114440918,10.0,10.119999885559082,73500
2014-12-31,10.390000343322754,10.399999618530273,10.199999809265137,10.199999809265137,73700
2015-01-02,10.34000015258789,10.760000228881836,10.319999694824219,10.489999771118164,164700
2015-01-05,10.350000381469727,10.470000267028809,10.260000228881836,10.40999984741211,42900
2015-01-06,10.100000381469727,10.300000190734863,10.039999961853027,10.289999961853027,83100
2015-01-07,10.25,10.430000305175781,10.100000381469727,10.140000343322754,9700
2015-01-08,10.670000076293945,10.6899995803833,10.289999961853027,10.460000038146973,130400
2015-01-09,10.989999771118164,11.15999984741211,10.699999809265137,10.699999809265137,156000
2015-01-12,11.350000381469727,11.520000457763672,11.300000190734863,11.479999542236328,107500
2015-01-13,11.119999885559082,11.5,11.119999885559082,11.5,88800
2015-01-14,11.050000190734863,11.149999618530273,10.800000190734863,11.130000114440918,68100
2015-01-15,10.760000228881836,11.140000343322754,10.6899995803833,11.020000457763672,41800
2015-01-16,10.90999984741211,10.970000267028809,10.75,10.800000190734863,70000
2015-01-20,11.140000343322754,11.329999923706055,11.100000381469727,11.300000190734863,85300
2015-01-21,11.09000015258789,11.260000228881836,10.960000038146973,11.260000228881836,99100
2015-01-22,11.050000190734863,11.109999656677246,10.899999618530273,11.100000381469727,56100
2015-01-23,10.84000015258789,11.039999961853027,10.8100004196167,11.039999961853027,56400
2015-01-26,11.0,11.020000457763672,10.789999961853027,10.949999809265137,62100
2015-01-27,11.199999809265137,11.220000267028809,10.970000267028809,11.109999656677246,362300
2015-01-28,11.15999984741211,11.350000381469727,11.130000114440918,11.279999732971191,44800
2015-01-29,11.199999809265137,11.220000267028809,11.0,11.220000267028809,39800
2015-01-30,11.119999885559082,11.199999809265137,11.050000190734863,11.149999618530273,41600
2015-02-02,11.239999771118164,11.300000190734863,11.0600004196167,11.210000038146973,78700
2015-02-03,11.329999923706055,11.390000343322754,11.279999732971191,11.300000190734863,48200
2015-02-04,11.319999694824219,11.390000343322754,11.260000228881836,11.3100004196167,28500
2015-02-05,11.279999732971191,11.460000038146973,11.130000114440918,11.420000076293945,46300
2015-02-06,11.289999961853027,11.350000381469727,11.180000305175781,11.300000190734863,22300
2015-02-09,11.289999961853027,11.350000381469727,11.239999771118164,11.279999732971191,43000
2015-02-10,11.289999961853027,11.350000381469727,11.1899995803833,11.350000381469727,26500
2015-02-11,11.1899995803833,11.210000038146973,11.050000190734863,11.199999809265137,24700
2015-02-12,11.0,11.239999771118164,10.90999984741211,11.239999771118164,32400
2015-02-13,11.020000457763672,11.09000015258789,10.930000305175781,10.930000305175781,50200
2015-02-17,11.109999656677246,11.220000267028809,11.020000457763672,11.149999618530273,104700
2015-02-18,10.9399995803833,11.199999809265137,10.930000305175781,11.130000114440918,75500
2015-02-19,11.170000076293945,11.40999984741211,10.899999618530273,11.199999809265137,140600
2015-02-20,11.449999809265137,11.5,10.979999542236328,11.170000076293945,45700
2015-02-23,11.5,11.569999694824219,11.40999984741211,11.40999984741211,90200
2015-02-24,11.449999809265137,11.489999771118164,11.359999656677246,11.449999809265137,26000
2015-02-25,11.220000267028809,11.489999771118164,11.199999809265137,11.350000381469727,52600
2015-02-26,11.239999771118164,11.260000228881836,11.119999885559082,11.199999809265137,87400
2015-02-27,11.1899995803833,11.279999732971191,11.119999885559082,11.119999885559082,43200
2015-03-02,11.4399995803833,11.489999771118164,11.289999961853027,11.3100004196167,37100
2015-03-03,11.550000190734863,11.569999694824219,11.390000343322754,11.5,32300
2015-03-04,11.449999809265137,11.600000381469727,11.4399995803833,11.59000015258789,23600
2015-03-05,11.350000381469727,11.5,11.289999961853027,11.430000305175781,40600
2015-03-06,11.430000305175781,11.470000267028809,11.199999809265137,11.260000228881836,38200
2015-03-09,11.380000114440918,11.4399995803833,11.199999809265137,11.4399995803833,32100
2015-03-10,11.170000076293945,11.449999809265137,11.119999885559082,11.25,70000
2015-03-11,11.109999656677246,11.239999771118164,11.020000457763672,11.239999771118164,22700
2015-03-12,11.399999618530273,11.569999694824219,11.210000038146973,11.569999694824219,77000
2015-03-13,11.380000114440918,11.479999542236328,11.319999694824219,11.4399995803833,35800
2015-03-16,11.699999809265137,11.729999542236328,11.420000076293945,11.5,54700
2015-03-17,11.619999885559082,11.649999618530273,11.479999542236328,11.579999923706055,39400
2015-03-18,11.9399995803833,11.9399995803833,11.649999618530273,11.680000305175781,55700
2015-03-19,12.0,12.0,11.84000015258789,11.850000381469727,49200
2015-03-20,11.9399995803833,12.100000381469727,11.850000381469727,12.0,56300
2015-03-23,11.979999542236328,12.010000228881836,11.850000381469727,11.859999656677246,58700
2015-03-24,11.970000267028809,12.100000381469727,11.920000076293945,12.020000457763672,51100
2015-03-25,11.739999771118164,11.989999771118164,11.539999961853027,11.989999771118164,48600
2015-03-26,11.5,11.640000343322754,11.399999618530273,11.59000015258789,46700
2015-03-27,11.489999771118164,11.630000114440918,11.350000381469727,11.5600004196167,34600
2015-03-30,11.5600004196167,11.59000015258789,11.449999809265137,11.5600004196167,22900
2015-03-31,11.520000457763672,11.600000381469727,11.359999656677246,11.520000457763672,13900
2015-04-01,11.579999923706055,11.649999618530273,11.510000228881836,11.579999923706055,25000
2015-04-02,11.739999771118164,11.84000015258789,11.609999656677246,11.800000190734863,20500
2015-04-06,11.739999771118164,11.84000015258789,11.649999618530273,11.84000015258789,17900
2015-04-07,11.779999732971191,11.869999885559082,11.760000228881836,11.779999732971191,39300
2015-04-08,11.850000381469727,11.880000114440918,11.699999809265137,11.75,9100
2015-04-09,11.800000190734863,11.890000343322754,11.739999771118164,11.800000190734863,13800
2015-04-10,11.829999923706055,11.890000343322754,11.779999732971191,11.869999885559082,3500
2015-04-13,11.869999885559082,11.930000305175781,11.789999961853027,11.789999961853027,24700
2015-04-14,11.84000015258789,11.949999809265137,11.8100004196167,11.890000343322754,57700
2015-04-15,11.84000015258789,12.069999694824219,11.819999694824219,11.949999809265137,47800
2015-04-16,11.819999694824219,11.850000381469727,11.75,11.789999961853027,28700
2015-04-17,11.640000343322754,11.859999656677246,11.640000343322754,11.859999656677246,17600
2015-04-20,11.65999984741211,11.760000228881836,11.630000114440918,11.720000267028809,41500
2015-04-21,11.609999656677246,11.640000343322754,11.520000457763672,11.619999885559082,22100
2015-04-22,12.0,12.09000015258789,11.6899995803833,11.920000076293945,45100
2015-04-23,11.899999618530273,11.989999771118164,11.729999542236328,11.869999885559082,30400
2015-04-24,11.859999656677246,11.920000076293945,11.8100004196167,11.850000381469727,20600
2015-04-27,11.75,11.899999618530273,11.680000305175781,11.819999694824219,7800
2015-04-28,11.680000305175781,11.75,11.649999618530273,11.75,11400
2015-04-29,11.390000343322754,11.600000381469727,11.390000343322754,11.5600004196167,29000
2015-04-30,11.029999732971191,11.399999618530273,11.029999732971191,11.399999618530273,10400
2015-05-01,11.039999961853027,11.260000228881836,11.010000228881836,11.1899995803833,29300
2015-05-04,10.960000038146973,11.069999694824219,10.960000038146973,11.039999961853027,7800
2015-05-05,10.84000015258789,11.050000190734863,10.819999694824219,10.930000305175781,19900
2015-05-06,10.789999961853027,10.930000305175781,10.569999694824219,10.930000305175781,63100
2015-05-07,10.960000038146973,11.140000343322754,10.579999923706055,10.680000305175781,69100
2015-05-08,11.0600004196167,11.130000114440918,10.949999809265137,10.949999809265137,45200
2015-05-11,11.399999618530273,11.460000038146973,11.1899995803833,11.1899995803833,24100
2015-05-12,11.359999656677246,11.399999618530273,11.229999542236328,11.319999694824219,24600
2015-05-13,11.779999732971191,11.84000015258789,11.720000267028809,11.800000190734863,131900
2015-05-14,11.789999961853027,11.829999923706055,11.520000457763672,11.800000190734863,103400
2015-05-15,11.760000228881836,11.819999694824219,11.699999809265137,11.800000190734863,22200
2015-05-18,11.930000305175781,12.079999923706055,11.850000381469727,11.930000305175781,59700
2015-05-19,11.970000267028809,12.100000381469727,11.949999809265137,11.989999771118164,125000
2015-05-20,12.010000228881836,12.0600004196167,11.970000267028809,12.0,27000
2015-05-21,12.140000343322754,12.170000076293945,12.020000457763672,12.100000381469727,50800
2015-05-22,12.149999618530273,12.329999923706055,12.149999618530273,12.15999984741211,42900
2015-05-26,11.949999809265137,12.170000076293945,11.880000114440918,12.149999618530273,62800
2015-05-27,12.079999923706055,12.149999618530273,11.9399995803833,11.949999809265137,44900
2015-05-28,12.260000228881836,12.300000190734863,11.970000267028809,12.0600004196167,44700
2015-05-29,12.239999771118164,12.300000190734863,11.800000190734863,12.300000190734863,35800
2015-06-01,12.239999771118164,12.5,12.229999542236328,12.289999961853027,45600
2015-06-02,12.609999656677246,12.609999656677246,12.350000381469727,12.380000114440918,44400
2015-06-03,12.8100004196167,12.9399995803833,12.619999885559082,12.770000457763672,234400
2015-06-04,12.890000343322754,13.020000457763672,12.850000381469727,12.850000381469727,45700
2015-06-05,12.949999809265137,13.100000381469727,12.890000343322754,12.890000343322754,32000
2015-06-08,12.920000076293945,13.039999961853027,12.84000015258789,12.989999771118164,16200
2015-06-09,12.710000038146973,12.859999656677246,12.579999923706055,12.859999656677246,15500
2015-06-10,12.739999771118164,12.829999923706055,12.550000190734863,12.619999885559082,54300
2015-06-11,12.710000038146973,12.770000457763672,12.680000305175781,12.729999542236328,6700
2015-06-12,12.710000038146973,12.970000267028809,12.5,12.65999984741211,178500
2015-06-15,12.75,12.920000076293945,12.600000381469727,12.65999984741211,65800
2015-06-16,12.770000457763672,12.890000343322754,12.6899995803833,12.789999961853027,12500
2015-06-17,13.0,13.0,12.8100004196167,12.880000114440918,33100
2015-06-18,12.970000267028809,13.210000038146973,12.859999656677246,12.979999542236328,111500
2015-06-19,12.890000343322754,13.010000228881836,12.859999656677246,12.949999809265137,20000
2015-06-22,12.880000114440918,13.34000015258789,12.859999656677246,13.199999809265137,159900
2015-06-23,12.989999771118164,13.050000190734863,12.75,12.949999809265137,42600
2015-06-24,13.0600004196167,13.15999984741211,12.960000038146973,13.039999961853027,89600
2015-06-25,13.020000457763672,13.109999656677246,12.970000267028809,12.970000267028809,67400
2015-06-26,12.989999771118164,13.109999656677246,12.890000343322754,13.050000190734863,45000
2015-06-29,12.569999694824219,12.800000190734863,12.470000267028809,12.630000114440918,58000
2015-06-30,12.5,12.6899995803833,12.489999771118164,12.680000305175781,20000
2015-07-01,12.649999618530273,12.680000305175781,12.539999961853027,12.65999984741211,27400
2015-07-02,12.819999694824219,12.9399995803833,12.6899995803833,12.789999961853027,31900
2015-07-06,12.819999694824219,13.0600004196167,12.6899995803833,12.6899995803833,44300
2015-07-07,12.729999542236328,12.869999885559082,12.569999694824219,12.869999885559082,59700
2015-07-08,12.380000114440918,12.670000076293945,12.289999961853027,12.609999656677246,59100
2015-07-09,12.369999885559082,12.569999694824219,12.300000190734863,12.470000267028809,26000
2015-07-10,12.430000305175781,12.479999542236328,12.380000114440918,12.460000038146973,79200
2015-07-13,12.489999771118164,12.600000381469727,12.479999542236328,12.569999694824219,32700
2015-07-14,12.460000038146973,12.569999694824219,12.260000228881836,12.569999694824219,115200
2015-07-15,12.350000381469727,12.489999771118164,12.34000015258789,12.470000267028809,9700
2015-07-16,12.399999618530273,12.479999542236328,12.140000343322754,12.420000076293945,78400
2015-07-17,12.34000015258789,12.489999771118164,12.289999961853027,12.489999771118164,71200
2015-07-20,12.350000381469727,12.460000038146973,12.229999542236328,12.40999984741211,57500
2015-07-21,12.479999542236328,12.5,12.380000114440918,12.399999618530273,35100
2015-07-22,12.329999923706055,12.399999618530273,12.279999732971191,12.329999923706055,33400
2015-07-23,12.289999961853027,12.470000267028809,12.289999961853027,12.430000305175781,46400
2015-07-24,11.989999771118164,12.279999732971191,11.970000267028809,12.279999732971191,65600
2015-07-27,12.199999809265137,12.239999771118164,12.140000343322754,12.149999618530273,67500
2015-07-28,12.170000076293945,12.350000381469727,12.010000228881836,12.25,54100
2015-07-29,12.359999656677246,12.789999961853027,12.199999809265137,12.789999961853027,100700
2015-07-30,12.449999809265137,12.479999542236328,12.270000457763672,12.329999923706055,87400
2015-07-31,12.489999771118164,12.65999984741211,12.460000038146973,12.65999984741211,44800
2015-08-03,12.25,12.4399995803833,12.15999984741211,12.4399995803833,85200
2015-08-04,12.180000305175781,12.3100004196167,12.130000114440918,12.3100004196167,32200
2015-08-05,12.100000381469727,12.380000114440918,12.050000190734863,12.239999771118164,61800
2015-08-06,11.829999923706055,12.149999618530273,11.819999694824219,12.100000381469727,40900
2015-08-07,11.930000305175781,12.010000228881836,11.760000228881836,11.770000457763672,34400
2015-08-10,12.130000114440918,12.1899995803833,12.020000457763672,12.020000457763672,30600
2015-08-11,12.140000343322754,12.210000038146973,12.119999885559082,12.170000076293945,33000
2015-08-12,12.100000381469727,12.119999885559082,11.920000076293945,11.930000305175781,29000
2015-08-13,12.170000076293945,12.359999656677246,12.09000015258789,12.140000343322754,40000
2015-08-14,12.149999618530273,12.210000038146973,11.949999809265137,12.100000381469727,11500
2015-08-17,12.109999656677246,12.210000038146973,11.970000267028809,12.199999809265137,42200
2015-08-18,12.010000228881836,12.180000305175781,11.970000267028809,12.119999885559082,33600
2015-08-19,12.039999961853027,12.100000381469727,11.9399995803833,12.0600004196167,8900
2015-08-20,11.649999618530273,11.90999984741211,11.609999656677246,11.869999885559082,32100
2015-08-21,11.300000190734863,11.649999618530273,11.25,11.649999618530273,55600
2015-08-24,10.3100004196167,10.65999984741211,10.130000114440918,10.609999656677246,99800
2015-08-25,10.289999961853027,11.0,10.239999771118164,11.0,36000
2015-08-26,10.800000190734863,10.800000190734863,10.329999923706055,10.489999771118164,66000
2015-08-27,11.199999809265137,11.220000267028809,10.859999656677246,10.859999656677246,22100
2015-08-28,11.069999694824219,11.210000038146973,11.0,11.210000038146973,8800
2015-08-31,10.930000305175781,11.130000114440918,10.869999885559082,10.930000305175781,25900
2015-09-01,10.579999923706055,10.829999923706055,10.579999923706055,10.579999923706055,24400
2015-09-02,10.649999618530273,10.779999732971191,10.600000381469727,10.729999542236328,43600
2015-09-03,10.720000267028809,10.800000190734863,10.680000305175781,10.800000190734863,36900
2015-09-04,10.710000038146973,10.829999923706055,10.609999656677246,10.640000343322754,36400
2015-09-08,10.880000114440918,10.970000267028809,10.819999694824219,10.9399995803833,20700
2015-09-09,10.850000381469727,11.100000381469727,10.850000381469727,11.100000381469727,19000
2015-09-10,10.609999656677246,10.920000076293945,10.600000381469727,10.899999618530273,42500
2015-09-11,10.510000228881836,10.640000343322754,10.460000038146973,10.630000114440918,64000
2015-09-14,10.380000114440918,10.539999961853027,10.359999656677246,10.5,28900
2015-09-15,10.4399995803833,10.579999923706055,10.399999618530273,10.430000305175781,108800
2015-09-16,10.390000343322754,10.510000228881836,10.380000114440918,10.470000267028809,26100
2015-09-17,10.289999961853027,10.430000305175781,10.279999732971191,10.380000114440918,31700
2015-09-18,10.239999771118164,10.279999732971191,10.0,10.210000038146973,45700
2015-09-21,10.529999732971191,10.600000381469727,10.260000228881836,10.260000228881836,29400
2015-09-22,10.220000267028809,10.449999809265137,10.15999984741211,10.449999809265137,9900
2015-09-23,10.100000381469727,11.15999984741211,9.890000343322754,10.1899995803833,18100
2015-09-24,10.09000015258789,10.199999809265137,9.90999984741211,10.069999694824219,21100
2015-09-25,9.880000114440918,10.319999694824219,9.859999656677246,10.199999809265137,11000
2015-09-28,9.5600004196167,9.899999618530273,9.430000305175781,9.899999618530273,39900
2015-09-29,9.630000114440918,9.649999618530273,9.579999923706055,9.579999923706055,3500
2015-09-30,9.619999885559082,9.979999542236328,9.600000381469727,9.770000457763672,12700
2015-10-01,9.680000305175781,9.720000267028809,9.609999656677246,9.65999984741211,8700
2015-10-02,9.960000038146973,10.010000228881836,9.550000190734863,9.550000190734863,7900
2015-10-05,10.09000015258789,10.270000457763672,9.869999885559082,9.989999771118164,14600
2015-10-06,9.899999618530273,10.119999885559082,9.850000381469727,10.109999656677246,39200
2015-10-07,10.479999542236328,10.600000381469727,10.09000015258789,10.09000015258789,40800
2015-10-08,10.460000038146973,10.489999771118164,10.329999923706055,10.40999984741211,36400
2015-10-09,10.350000381469727,10.449999809265137,10.079999923706055,10.319999694824219,81400
2015-10-12,10.279999732971191,10.4399995803833,10.130000114440918,10.399999618530273,10500
2015-10-13,10.109999656677246,10.260000228881836,10.079999923706055,10.119999885559082,6200
2015-10-14,10.239999771118164,10.359999656677246,10.09000015258789,10.09000015258789,5100
2015-10-15,10.279999732971191,10.380000114440918,10.180000305175781,10.1899995803833,5300
2015-10-16,10.390000343322754,10.449999809265137,10.319999694824219,10.319999694824219,11600
2015-10-19,10.449999809265137,10.449999809265137,10.300000190734863,10.380000114440918,20800
2015-10-20,10.399999618530273,10.579999923706055,10.289999961853027,10.449999809265137,25900
2015-10-21,10.1899995803833,10.5600004196167,9.960000038146973,10.550000190734863,81000
2015-10-22,9.970000267028809,10.1899995803833,9.899999618530273,10.170000076293945,55000
2015-10-23,10.289999961853027,10.329999923706055,10.029999732971191,10.09000015258789,23500
2015-10-26,10.140000343322754,10.199999809265137,10.0,10.199999809265137,36000
2015-10-27,10.199999809265137,10.229999542236328,10.0,10.140000343322754,21900
2015-10-28,10.300000190734863,10.510000228881836,10.239999771118164,10.369999885559082,72200
2015-10-29,10.239999771118164,10.460000038146973,10.239999771118164,10.369999885559082,44800
2015-10-30,10.289999961853027,10.300000190734863,10.140000343322754,10.300000190734863,15900
2015-11-02,10.4399995803833,10.550000190734863,10.390000343322754,10.40999984741211,49500
2015-11-03,10.640000343322754,10.75,10.489999771118164,10.489999771118164,35100
2015-11-04,10.770000457763672,10.899999618530273,10.75,10.84000015258789,26900
2015-11-05,10.829999923706055,10.920000076293945,10.770000457763672,10.859999656677246,10400
2015-11-06,10.859999656677246,10.899999618530273,10.710000038146973,10.789999961853027,10300
2015-11-09,10.869999885559082,10.970000267028809,10.75,10.869999885559082,16500
2015-11-10,10.819999694824219,10.899999618530273,10.710000038146973,10.75,12500
2015-11-11,10.760000228881836,10.930000305175781,10.729999542236328,10.930000305175781,12100
2015-11-12,10.699999809265137,10.789999961853027,10.699999809265137,10.739999771118164,8900
2015-11-13,10.579999923706055,10.729999542236328,10.579999923706055,10.710000038146973,20900
2015-11-16,10.640000343322754,10.649999618530273,10.5,10.630000114440918,6100
2015-11-17,10.720000267028809,10.770000457763672,10.630000114440918,10.720000267028809,10700
2015-11-18,10.859999656677246,10.9399995803833,10.8100004196167,10.9399995803833,13600
2015-11-19,10.960000038146973,11.0,10.920000076293945,10.979999542236328,12300
2015-11-20,10.970000267028809,11.0,10.520000457763672,10.970000267028809,4200
2015-11-23,10.899999618530273,11.010000228881836,10.899999618530273,11.0,16200
2015-11-24,10.720000267028809,10.800000190734863,10.680000305175781,10.779999732971191,9900
2015-11-25,10.819999694824219,10.9399995803833,10.75,10.90999984741211,12200
2015-11-27,10.640000343322754,10.720000267028809,10.600000381469727,10.720000267028809,2900
2015-11-30,10.550000190734863,10.569999694824219,10.420000076293945,10.569999694824219,13400
2015-12-01,10.569999694824219,10.600000381469727,10.520000457763672,10.529999732971191,15000
2015-12-02,10.520000457763672,10.789999961853027,10.470000267028809,10.609999656677246,78500
2015-12-03,10.600000381469727,10.8100004196167,10.4399995803833,10.609999656677246,36700
2015-12-04,10.800000190734863,10.800000190734863,10.649999618530273,10.649999618530273,32100
2015-12-07,10.789999961853027,10.800000190734863,10.6899995803833,10.800000190734863,5100
2015-12-08,10.819999694824219,10.880000114440918,10.720000267028809,10.739999771118164,9100
2015-12-09,11.050000190734863,11.199999809265137,10.920000076293945,10.920000076293945,128900
2015-12-10,11.039999961853027,11.079999923706055,10.960000038146973,11.0,31400
2015-12-11,10.84000015258789,11.020000457763672,10.8100004196167,10.90999984741211,19100
2015-12-14,10.649999618530273,10.75,10.5600004196167,10.680000305175781,28200
2015-12-15,10.420000076293945,10.539999961853027,10.359999656677246,10.529999732971191,53300
2015-12-16,10.619999885559082,10.619999885559082,10.470000267028809,10.5,36900
2015-12-17,10.510000228881836,10.760000228881836,10.510000228881836,10.6899995803833,15600
2015-12-18,10.34000015258789,10.529999732971191,10.34000015258789,10.529999732971191,26200
2015-12-21,10.579999923706055,10.579999923706055,10.40999984741211,10.460000038146973,17100
2015-12-22,10.430000305175781,10.4399995803833,10.34000015258789,10.4399995803833,10900
2015-12-23,10.350000381469727,10.390000343322754,10.229999542236328,10.270000457763672,56400
2015-12-24,10.3100004196167,10.319999694824219,10.180000305175781,10.199999809265137,18600
2015-12-28,10.319999694824219,10.329999923706055,10.15999984741211,10.210000038146973,25100
2015-12-29,10.210000038146973,10.25,10.180000305175781,10.220000267028809,31900
2015-12-30,9.960000038146973,10.140000343322754,9.960000038146973,10.119999885559082,13800
2015-12-31,9.800000190734863,10.039999961853027,9.739999771118164,10.0,25100
2016-01-04,9.930000305175781,9.949999809265137,9.819999694824219,9.84000015258789,16900
2016-01-05,10.029999732971191,10.109999656677246,10.0,10.0600004196167,20100
2016-01-06,10.039999961853027,10.079999923706055,10.0,10.029999732971191,5700
2016-01-07,9.829999923706055,9.930000305175781,9.819999694824219,9.920000076293945,18300
2016-01-08,9.680000305175781,9.869999885559082,9.680000305175781,9.869999885559082,10100
2016-01-11,9.40999984741211,9.739999771118164,9.319999694824219,9.710000038146973,50300
2016-01-12,9.630000114440918,9.65999984741211,9.479999542236328,9.479999542236328,22200
2016-01-13,9.350000381469727,9.65999984741211,9.3100004196167,9.649999618530273,21500
2016-01-14,9.359999656677246,9.399999618530273,9.039999961853027,9.199999809265137,24700
2016-01-15,9.199999809265137,9.279999732971191,9.010000228881836,9.109999656677246,36800
2016-01-19,9.020000457763672,9.149999618530273,8.899999618530273,9.09000015258789,30200
2016-01-20,9.020000457763672,9.029999732971191,8.569999694824219,8.729999542236328,40500
2016-01-21,8.800000190734863,8.920000076293945,8.800000190734863,8.890000343322754,16900
2016-01-22,8.970000267028809,8.989999771118164,8.90999984741211,8.9399995803833,18500
2016-01-25,8.850000381469727,8.880000114440918,8.789999961853027,8.859999656677246,20200
2016-01-26,8.850000381469727,8.869999885559082,8.729999542236328,8.789999961853027,11300
2016-01-27,8.880000114440918,8.880000114440918,8.710000038146973,8.739999771118164,61200
2016-01-28,9.069999694824219,9.140000343322754,8.899999618530273,8.949999809265137,14200
2016-01-29,9.239999771118164,9.270000457763672,9.119999885559082,9.119999885559082,9900
2016-02-01,9.3100004196167,9.3100004196167,9.140000343322754,9.210000038146973,17400
2016-02-02,9.5600004196167,9.680000305175781,9.5600004196167,9.619999885559082,65200
2016-02-03,9.65999984741211,9.760000228881836,9.59000015258789,9.710000038146973,41400
2016-02-04,9.770000457763672,9.789999961853027,9.609999656677246,9.630000114440918,14000
2016-02-05,9.630000114440918,9.770000457763672,9.619999885559082,9.770000457763672,21400
2016-02-08,9.539999961853027,9.579999923706055,9.430000305175781,9.5,47300
2016-02-09,9.350000381469727,9.470000267028809,9.329999923706055,9.449999809265137,13700
2016-02-10,9.430000305175781,9.489999771118164,9.40999984741211,9.470000267028809,12500
2016-02-11,9.270000457763672,9.270000457763672,9.170000076293945,9.229999542236328,10500
2016-02-12,9.300000190734863,9.380000114440918,9.300000190734863,9.34000015258789,4600
2016-02-16,9.510000228881836,9.550000190734863,9.420000076293945,9.420000076293945,14900
2016-02-17,9.729999542236328,9.760000228881836,9.479999542236328,9.5,73300
2016-02-18,9.960000038146973,9.960000038146973,9.75,9.899999618530273,63300
2016-02-19,9.949999809265137,10.0,9.850000381469727,9.859999656677246,20800
2016-02-22,10.359999656677246,10.470000267028809,10.3100004196167,10.380000114440918,93200
2016-02-23,10.350000381469727,10.390000343322754,10.239999771118164,10.3100004196167,57500
2016-02-24,10.5600004196167,10.5600004196167,10.319999694824219,10.329999923706055,34700
2016-02-25,10.510000228881836,10.510000228881836,10.4399995803833,10.489999771118164,6900
2016-02-26,10.680000305175781,10.680000305175781,10.5600004196167,10.609999656677246,51700
2016-02-29,10.680000305175781,10.710000038146973,10.5,10.5,17800
2016-03-01,11.25,11.470000267028809,10.770000457763672,10.770000457763672,63800
2016-03-02,10.9399995803833,11.0600004196167,10.90999984741211,11.029999732971191,25500
2016-03-03,10.930000305175781,11.029999732971191,10.890000343322754,10.930000305175781,18400
2016-03-04,10.880000114440918,11.0,10.880000114440918,10.930000305175781,5000
2016-03-07,10.670000076293945,10.680000305175781,10.5600004196167,10.5600004196167,27600
2016-03-08,10.609999656677246,10.619999885559082,10.449999809265137,10.520000457763672,182000
2016-03-09,10.539999961853027,10.59000015258789,10.4399995803833,10.4399995803833,11500
2016-03-10,10.420000076293945,10.539999961853027,10.40999984741211,10.449999809265137,23800
2016-03-11,10.630000114440918,10.720000267028809,10.449999809265137,10.449999809265137,12500
2016-03-14,10.789999961853027,10.869999885559082,10.760000228881836,10.819999694824219,33900
2016-03-15,10.5,10.739999771118164,10.489999771118164,10.739999771118164,18900
2016-03-16,10.649999618530273,10.699999809265137,10.5600004196167,10.5600004196167,8800
2016-03-17,10.65999984741211,10.720000267028809,10.529999732971191,10.670000076293945,27700
2016-03-18,10.670000076293945,10.789999961853027,10.65999984741211,10.720000267028809,13500
2016-03-21,10.520000457763672,10.75,10.460000038146973,10.710000038146973,35700
2016-03-22,10.449999809265137,10.510000228881836,10.430000305175781,10.479999542236328,13700
2016-03-23,10.229999542236328,10.460000038146973,10.220000267028809,10.460000038146973,17200
2016-03-24,10.220000267028809,10.25,10.15999984741211,10.15999984741211,17600
2016-03-28,10.039999961853027,10.109999656677246,9.9399995803833,10.069999694824219,20700
2016-03-29,10.229999542236328,10.350000381469727,10.0600004196167,10.0600004196167,33200
2016-03-30,10.34000015258789,10.390000343322754,10.239999771118164,10.300000190734863,20100
2016-03-31,10.40999984741211,10.510000228881836,10.350000381469727,10.430000305175781,13700
2016-04-01,10.399999618530273,10.4399995803833,10.380000114440918,10.40999984741211,6800
2016-04-04,10.510000228881836,10.579999923706055,10.470000267028809,10.470000267028809,24000
2016-04-05,10.390000343322754,10.479999542236328,10.380000114440918,10.449999809265137,10400
2016-04-06,10.470000267028809,10.489999771118164,10.420000076293945,10.430000305175781,2900
2016-04-07,10.520000457763672,10.569999694824219,10.510000228881836,10.529999732971191,13500
2016-04-08,10.479999542236328,10.539999961853027,10.449999809265137,10.510000228881836,7600
2016-04-11,10.609999656677246,10.739999771118164,10.600000381469727,10.6899995803833,32300
2016-04-12,10.680000305175781,10.729999542236328,10.600000381469727,10.6899995803833,22500
2016-04-13,10.640000343322754,10.65999984741211,10.529999732971191,10.65999984741211,10200
2016-04-14,10.680000305175781,10.6899995803833,10.539999961853027,10.579999923706055,111500
2016-04-15,10.609999656677246,10.90999984741211,10.59000015258789,10.680000305175781,41700
2016-04-18,10.649999618530273,10.75,10.550000190734863,10.550000190734863,19900
2016-04-19,10.739999771118164,10.770000457763672,10.680000305175781,10.729999542236328,13400
2016-04-20,10.720000267028809,10.800000190734863,10.680000305175781,10.680000305175781,10700
2016-04-21,10.770000457763672,10.859999656677246,10.770000457763672,10.8100004196167,13100
2016-04-22,10.720000267028809,10.829999923706055,10.699999809265137,10.729999542236328,26900
2016-04-25,10.760000228881836,10.800000190734863,10.710000038146973,10.720000267028809,10000
2016-04-26,10.819999694824219,10.90999984741211,10.75,10.850000381469727,11200
2016-04-27,11.029999732971191,11.260000228881836,10.819999694824219,10.819999694824219,10200
2016-04-28,10.890000343322754,11.25,10.890000343322754,11.029999732971191,9500
2016-04-29,11.050000190734863,11.180000305175781,10.8100004196167,10.8100004196167,10500
2016-05-02,11.199999809265137,11.239999771118164,11.0,11.079999923706055,42300
2016-05-03,11.3100004196167,11.34000015258789,11.1899995803833,11.210000038146973,36200
2016-05-04,11.130000114440918,11.380000114440918,11.130000114440918,11.149999618530273,80600
2016-05-05,11.25,11.390000343322754,11.210000038146973,11.239999771118164,27300
2016-05-06,11.289999961853027,11.289999961853027,11.149999618530273,11.210000038146973,13500
2016-05-09,11.420000076293945,11.460000038146973,11.34000015258789,11.34000015258789,19400
2016-05-10,11.4399995803833,11.489999771118164,11.40999984741211,11.4399995803833,8900
2016-05-11,11.430000305175781,11.5,11.380000114440918,11.430000305175781,11800
2016-05-12,11.34000015258789,11.449999809265137,11.329999923706055,11.430000305175781,10800
2016-05-13,11.300000190734863,11.430000305175781,11.260000228881836,11.399999618530273,15300
2016-05-16,11.279999732971191,11.380000114440918,11.149999618530273,11.210000038146973,19100
2016-05-17,11.510000228881836,11.529999732971191,11.399999618530273,11.40999984741211,68300
2016-05-18,11.510000228881836,11.630000114440918,11.399999618530273,11.399999618530273,143700
2016-05-19,11.319999694824219,11.420000076293945,11.319999694824219,11.329999923706055,16400
2016-05-20,11.430000305175781,11.579999923706055,11.399999618530273,11.399999618530273,17500
2016-05-23,11.649999618530273,11.680000305175781,11.319999694824219,11.359999656677246,91500
2016-05-24,11.760000228881836,11.880000114440918,11.720000267028809,11.720000267028809,22600
2016-05-25,11.770000457763672,11.960000038146973,11.760000228881836,11.850000381469727,24600
2016-05-26,11.720000267028809,11.8100004196167,11.649999618530273,11.649999618530273,11400
2016-05-27,11.779999732971191,11.819999694824219,11.739999771118164,11.779999732971191,7800
2016-05-31,11.859999656677246,11.859999656677246,11.670000076293945,11.670000076293945,95100
2016-06-01,11.859999656677246,11.869999885559082,11.6899995803833,11.710000038146973,6600
2016-06-02,11.829999923706055,11.899999618530273,11.609999656677246,11.6899995803833,12800
2016-06-03,11.829999923706055,11.890000343322754,11.779999732971191,11.880000114440918,5500
2016-06-06,11.779999732971191,11.850000381469727,11.710000038146973,11.729999542236328,15100
2016-06-07,11.5600004196167,11.649999618530273,11.520000457763672,11.649999618530273,19500
2016-06-08,11.600000381469727,11.640000343322754,11.5,11.59000015258789,8800
2016-06-09,11.59000015258789,11.609999656677246,11.520000457763672,11.59000015258789,5300
2016-06-10,11.470000267028809,11.59000015258789,11.40999984741211,11.59000015258789,11200
2016-06-13,11.470000267028809,11.65999984741211,11.449999809265137,11.510000228881836,37000
2016-06-14,11.569999694824219,11.579999923706055,11.420000076293945,11.550000190734863,17400
2016-06-15,11.460000038146973,11.489999771118164,11.369999885559082,11.449999809265137,11500
2016-06-16,11.40999984741211,11.470000267028809,11.380000114440918,11.460000038146973,31900
2016-06-17,11.40999984741211,11.449999809265137,11.319999694824219,11.380000114440918,8000
2016-06-20,11.520000457763672,11.600000381469727,11.510000228881836,11.569999694824219,4600
2016-06-21,11.569999694824219,11.59000015258789,11.5,11.569999694824219,4700
2016-06-22,11.569999694824219,11.640000343322754,11.529999732971191,11.600000381469727,5000
2016-06-23,11.609999656677246,11.670000076293945,11.569999694824219,11.600000381469727,9500
2016-06-24,11.170000076293945,11.359999656677246,11.050000190734863,11.050000190734863,19900
2016-06-27,10.670000076293945,10.960000038146973,10.670000076293945,10.960000038146973,20200
2016-06-28,10.949999809265137,11.050000190734863,10.84000015258789,10.880000114440918,76400
2016-06-29,10.869999885559082,10.9399995803833,10.84000015258789,10.930000305175781,9800
2016-06-30,10.9399995803833,10.960000038146973,10.850000381469727,10.859999656677246,20800
2016-07-01,10.949999809265137,10.970000267028809,10.890000343322754,10.930000305175781,3900
2016-07-05,10.8100004196167,10.869999885559082,10.779999732971191,10.869999885559082,62600
2016-07-06,10.859999656677246,10.90999984741211,10.770000457763672,10.770000457763672,1100
2016-07-07,10.899999618530273,11.0,10.880000114440918,10.960000038146973,16900
2016-07-08,11.050000190734863,11.09000015258789,11.010000228881836,11.010000228881836,1400
2016-07-11,11.569999694824219,11.739999771118164,11.529999732971191,11.550000190734863,66900
2016-07-12,11.8100004196167,11.899999618530273,11.779999732971191,11.819999694824219,19500
2016-07-13,11.670000076293945,11.800000190734863,11.630000114440918,11.770000457763672,4600
2016-07-14,11.65999984741211,11.789999961853027,11.649999618530273,11.789999961853027,18300
2016-07-15,11.630000114440918,11.729999542236328,11.600000381469727,11.619999885559082,7300
2016-07-18,11.520000457763672,11.550000190734863,11.479999542236328,11.520000457763672,10800
2016-07-19,11.4399995803833,11.5,11.369999885559082,11.449999809265137,24000
2016-07-20,11.399999618530273,11.5,11.359999656677246,11.420000076293945,14500
2016-07-21,11.279999732971191,11.380000114440918,11.25,11.300000190734863,8200
2016-07-22,11.300000190734863,11.300000190734863,11.210000038146973,11.300000190734863,7500
2016-07-25,11.3100004196167,11.4399995803833,11.270000457763672,11.430000305175781,12500
2016-07-26,11.289999961853027,11.420000076293945,11.180000305175781,11.420000076293945,49300
2016-07-27,11.3100004196167,11.390000343322754,11.25,11.390000343322754,47000
2016-07-28,11.25,11.329999923706055,11.229999542236328,11.3100004196167,6000
2016-07-29,11.270000457763672,11.34000015258789,11.25,11.25,10700
2016-08-01,11.239999771118164,11.350000381469727,11.239999771118164,11.279999732971191,20100
2016-08-02,11.430000305175781,11.4399995803833,11.289999961853027,11.369999885559082,31800
2016-08-03,11.319999694824219,11.550000190734863,11.270000457763672,11.550000190734863,24200
2016-08-04,11.100000381469727,11.1899995803833,11.050000190734863,11.180000305175781,26400
2016-08-05,11.15999984741211,11.289999961853027,11.109999656677246,11.15999984741211,28300
2016-08-08,11.369999885559082,11.430000305175781,11.279999732971191,11.329999923706055,21600
2016-08-09,11.170000076293945,11.329999923706055,10.9399995803833,11.319999694824219,41800
2016-08-10,11.270000457763672,11.34000015258789,11.149999618530273,11.319999694824219,38200
2016-08-11,11.279999732971191,11.319999694824219,11.1899995803833,11.300000190734863,10000
2016-08-12,11.270000457763672,11.350000381469727,11.140000343322754,11.350000381469727,79400
2016-08-15,11.399999618530273,11.5,11.350000381469727,11.40999984741211,14300
2016-08-16,11.520000457763672,11.550000190734863,11.369999885559082,11.470000267028809,20500
2016-08-17,11.550000190734863,11.600000381469727,11.430000305175781,11.550000190734863,21900
2016-08-18,11.800000190734863,11.829999923706055,11.649999618530273,11.649999618530273,41700
2016-08-19,11.789999961853027,11.979999542236328,11.789999961853027,11.920000076293945,62600
2016-08-22,12.0,12.0,11.960000038146973,11.989999771118164,27900
2016-08-23,12.039999961853027,12.149999618530273,12.0,12.140000343322754,45100
2016-08-24,12.0,12.100000381469727,12.0,12.050000190734863,25600
2016-08-25,12.039999961853027,12.130000114440918,12.010000228881836,12.130000114440918,26500
2016-08-26,11.989999771118164,12.140000343322754,11.920000076293945,12.09000015258789,33900
2016-08-29,11.829999923706055,11.890000343322754,11.800000190734863,11.850000381469727,10100
2016-08-30,11.770000457763672,11.850000381469727,11.760000228881836,11.850000381469727,3000
2016-08-31,11.729999542236328,11.829999923706055,11.65999984741211,11.819999694824219,19700
2016-09-01,11.829999923706055,11.829999923706055,11.680000305175781,11.729999542236328,9000
2016-09-02,11.869999885559082,11.930000305175781,11.779999732971191,11.789999961853027,16300
2016-09-06,11.800000190734863,11.880000114440918,11.75,11.779999732971191,30400
2016-09-07,11.90999984741211,11.949999809265137,11.800000190734863,11.819999694824219,28800
2016-09-08,11.880000114440918,11.949999809265137,11.84000015258789,11.949999809265137,7300
2016-09-09,11.529999732971191,11.819999694824219,11.460000038146973,11.819999694824219,34100
2016-09-12,11.420000076293945,11.510000228881836,11.359999656677246,11.40999984741211,22800
2016-09-13,11.25,11.4399995803833,11.199999809265137,11.399999618530273,16300
2016-09-14,11.5,11.539999961853027,11.3100004196167,11.380000114440918,65200
2016-09-15,11.619999885559082,11.65999984741211,11.420000076293945,11.460000038146973,45600
2016-09-16,11.850000381469727,11.899999618530273,11.680000305175781,11.699999809265137,61000
2016-09-19,11.899999618530273,11.949999809265137,11.789999961853027,11.819999694824219,26700
2016-09-20,12.029999732971191,12.050000190734863,11.84000015258789,11.84000015258789,78900
2016-09-21,12.069999694824219,12.100000381469727,11.979999542236328,12.050000190734863,27500
2016-09-22,12.130000114440918,12.149999618530273,12.0,12.119999885559082,51700
2016-09-23,12.25,12.260000228881836,12.079999923706055,12.130000114440918,120500
2016-09-26,12.149999618530273,12.199999809265137,12.010000228881836,12.100000381469727,17600
2016-09-27,12.050000190734863,12.079999923706055,11.960000038146973,12.0600004196167,8500
2016-09-28,12.069999694824219,12.109999656677246,11.869999885559082,11.890000343322754,8100
2016-09-29,11.8100004196167,11.930000305175781,11.770000457763672,11.930000305175781,8500
2016-09-30,11.819999694824219,11.930000305175781,11.8100004196167,11.829999923706055,3500
2016-10-03,11.859999656677246,11.920000076293945,11.760000228881836,11.760000228881836,17300
2016-10-04,11.770000457763672,11.930000305175781,11.739999771118164,11.930000305175781,8100
2016-10-05,11.779999732971191,11.850000381469727,11.670000076293945,11.75,5300
2016-10-06,11.760000228881836,11.84000015258789,11.75,11.84000015258789,17000
2016-10-07,11.720000267028809,11.729999542236328,11.6899995803833,11.729999542236328,6600
2016-10-10,12.010000228881836,12.0600004196167,11.90999984741211,11.949999809265137,37700
2016-10-11,11.90999984741211,11.989999771118164,11.899999618530273,11.989999771118164,6200
2016-10-12,11.949999809265137,12.199999809265137,11.920000076293945,11.920000076293945,9100
2016-10-13,11.899999618530273,12.229999542236328,11.640000343322754,11.729999542236328,39200
2016-10-14,12.010000228881836,12.010000228881836,11.859999656677246,11.859999656677246,7200
2016-10-17,11.90999984741211,12.039999961853027,11.84000015258789,12.039999961853027,25700
2016-10-18,12.229999542236328,12.229999542236328,11.9399995803833,12.0,24800
2016-10-19,12.140000343322754,12.1899995803833,12.100000381469727,12.1899995803833,10000
2016-10-20,12.25,12.270000457763672,12.029999732971191,12.119999885559082,19400
2016-10-21,12.260000228881836,12.270000457763672,12.1899995803833,12.25,10900
2016-10-24,12.25,12.270000457763672,12.180000305175781,12.270000457763672,15300
2016-10-25,12.260000228881836,12.34000015258789,12.180000305175781,12.199999809265137,15300
2016-10-26,12.260000228881836,12.380000114440918,12.25,12.25,4100
2016-10-27,12.149999618530273,12.300000190734863,12.100000381469727,12.1899995803833,87200
2016-10-28,12.09000015258789,12.489999771118164,12.039999961853027,12.15999984741211,6100
2016-10-31,11.970000267028809,12.069999694824219,11.859999656677246,11.970000267028809,45500
2016-11-01,12.470000267028809,12.479999542236328,12.079999923706055,12.079999923706055,30600
2016-11-02,12.270000457763672,12.760000228881836,12.25,12.399999618530273,198100
2016-11-03,12.170000076293945,12.25,12.140000343322754,12.220000267028809,34100
2016-11-04,12.350000381469727,12.420000076293945,11.829999923706055,11.829999923706055,41900
2016-11-07,12.329999923706055,12.390000343322754,12.210000038146973,12.289999961853027,60800
2016-11-08,12.489999771118164,12.630000114440918,12.3100004196167,12.3100004196167,44900
2016-11-09,12.399999618530273,12.510000228881836,12.199999809265137,12.199999809265137,30500
2016-11-10,12.34000015258789,12.40999984741211,12.270000457763672,12.34000015258789,13800
2016-11-11,12.399999618530273,12.399999618530273,12.260000228881836,12.329999923706055,7200
2016-11-14,12.109999656677246,12.25,12.0600004196167,12.25,13600
2016-11-15,12.109999656677246,12.130000114440918,12.0,12.119999885559082,5200
2016-11-16,12.220000267028809,12.350000381469727,12.130000114440918,12.140000343322754,21000
2016-11-17,12.390000343322754,12.399999618530273,12.260000228881836,12.34000015258789,17700
2016-11-18,12.399999618530273,12.430000305175781,12.220000267028809,12.329999923706055,7400
2016-11-21,12.680000305175781,12.6899995803833,12.420000076293945,12.449999809265137,21900
2016-11-22,12.579999923706055,12.640000343322754,12.489999771118164,12.489999771118164,12500
2016-11-23,12.520000457763672,12.59000015258789,12.449999809265137,12.5600004196167,3500
2016-11-25,12.539999961853027,12.619999885559082,12.510000228881836,12.510000228881836,8400
2016-11-28,12.430000305175781,12.550000190734863,12.420000076293945,12.5,37600
2016-11-29,12.680000305175781,12.699999809265137,12.470000267028809,12.5,17400
2016-11-30,12.569999694824219,12.760000228881836,12.5600004196167,12.699999809265137,132600
2016-12-01,12.829999923706055,12.829999923706055,12.550000190734863,12.640000343322754,64500
2016-12-02,13.109999656677246,13.180000305175781,12.5,12.760000228881836,105600
2016-12-05,13.489999771118164,13.75,13.359999656677246,13.399999618530273,191900
2016-12-06,13.6899995803833,13.770000457763672,13.649999618530273,13.6899995803833,114600
2016-12-07,13.770000457763672,13.800000190734863,13.649999618530273,13.710000038146973,63300
2016-12-08,13.8100004196167,13.850000381469727,13.770000457763672,13.8100004196167,26800
2016-12-09,13.800000190734863,13.960000038146973,13.640000343322754,13.930000305175781,51100
2016-12-12,13.6899995803833,13.8100004196167,13.449999809265137,13.600000381469727,86800
2016-12-13,13.59000015258789,13.6899995803833,13.479999542236328,13.5600004196167,43100
2016-12-14,13.149999618530273,13.420000076293945,12.470000267028809,13.279999732971191,72500
2016-12-15,13.029999732971191,13.130000114440918,12.90999984741211,13.130000114440918,112500
2016-12-16,13.0,13.210000038146973,13.0,13.15999984741211,36200
2016-12-19,13.520000457763672,13.609999656677246,13.1899995803833,13.1899995803833,39200
2016-12-20,13.5600004196167,13.729999542236328,13.470000267028809,13.6899995803833,101900
2016-12-21,13.770000457763672,13.899999618530273,13.6899995803833,13.8100004196167,65000
2016-12-22,13.579999923706055,13.630000114440918,13.34000015258789,13.520000457763672,24600
2016-12-23,13.529999732971191,13.59000015258789,13.520000457763672,13.550000190734863,8700
2016-12-27,13.359999656677246,13.470000267028809,13.3100004196167,13.4399995803833,42000
2016-12-28,13.270000457763672,13.350000381469727,13.170000076293945,13.300000190734863,50800
2016-12-29,13.229999542236328,13.350000381469727,13.170000076293945,13.279999732971191,8600
2016-12-30,13.15999984741211,13.210000038146973,13.130000114440918,13.1899995803833,8800
2017-01-03,13.15999984741211,13.220000267028809,13.039999961853027,13.1899995803833,12900
2017-01-04,13.800000190734863,13.850000381469727,13.15999984741211,13.15999984741211,44800
2017-01-05,14.149999618530273,14.40999984741211,13.850000381469727,13.850000381469727,207500
2017-01-06,14.149999618530273,14.270000457763672,14.09000015258789,14.270000457763672,16300
2017-01-09,14.119999885559082,14.5,14.09000015258789,14.300000190734863,154300
2017-01-10,14.15999984741211,14.3100004196167,14.09000015258789,14.239999771118164,45500
2017-01-11,14.130000114440918,14.1899995803833,13.8100004196167,14.029999732971191,72000
2017-01-12,14.180000305175781,14.210000038146973,14.069999694824219,14.100000381469727,12300
2017-01-13,14.260000228881836,14.300000190734863,14.020000457763672,14.020000457763672,19300
2017-01-17,14.029999732971191,14.149999618530273,13.970000267028809,14.0600004196167,125000
2017-01-18,14.350000381469727,14.739999771118164,13.960000038146973,13.970000267028809,371100
2017-01-19,14.229999542236328,14.399999618530273,14.15999984741211,14.350000381469727,86800
2017-01-20,14.229999542236328,14.270000457763672,14.220000267028809,14.25,67900
2017-01-23,14.039999961853027,14.199999809265137,14.0,14.199999809265137,63100
2017-01-24,14.359999656677246,14.5600004196167,14.010000228881836,14.050000190734863,209300
2017-01-25,14.449999809265137,14.5600004196167,14.369999885559082,14.380000114440918,50400
2017-01-26,14.770000457763672,14.960000038146973,14.770000457763672,14.850000381469727,309900
2017-01-27,14.84000015258789,15.020000457763672,14.84000015258789,14.890000343322754,186500
2017-01-30,14.65999984741211,14.960000038146973,14.630000114440918,14.960000038146973,108900
2017-01-31,15.0,15.050000190734863,14.8100004196167,14.8100004196167,115500
2017-02-01,15.470000267028809,15.529999732971191,15.109999656677246,15.109999656677246,138800
2017-02-02,15.380000114440918,15.59000015258789,15.34000015258789,15.399999618530273,97000
2017-02-03,15.489999771118164,15.670000076293945,15.40999984741211,15.470000267028809,263400
2017-02-06,15.279999732971191,15.4399995803833,15.25,15.390000343322754,89800
2017-02-07,15.25,15.350000381469727,15.180000305175781,15.279999732971191,78100
2017-02-08,15.420000076293945,15.4399995803833,15.079999923706055,15.210000038146973,75300
2017-02-09,15.319999694824219,15.359999656677246,15.239999771118164,15.34000015258789,54800
2017-02-10,15.4399995803833,15.470000267028809,15.319999694824219,15.460000038146973,82500
2017-02-13,15.9399995803833,15.970000267028809,15.479999542236328,15.489999771118164,188600
2017-02-14,15.760000228881836,16.299999237060547,15.300000190734863,16.18000030517578,527600
2017-02-15,16.690000534057617,16.780000686645508,15.90999984741211,15.920000076293945,502600
2017-02-16,16.760000228881836,16.889999389648438,16.549999237060547,16.549999237060547,202700
2017-02-17,17.0,17.040000915527344,16.68000030517578,16.81999969482422,104200
2017-02-21,17.799999237060547,17.899999618530273,17.5,17.520000457763672,332400
2017-02-22,18.030000686645508,18.280000686645508,17.850000381469727,18.0,258800
2017-02-23,18.149999618530273,18.25,18.0,18.200000762939453,214000
2017-02-24,17.68000030517578,17.90999984741211,17.520000457763672,17.610000610351562,188300
2017-02-27,17.030000686645508,17.350000381469727,17.0,17.34000015258789,300500
2017-02-28,16.65999984741211,17.040000915527344,16.59000015258789,17.020000457763672,168000
2017-03-01,16.829999923706055,16.989999771118164,16.719999313354492,16.729999542236328,143000
2017-03-02,16.760000228881836,16.920000076293945,16.709999084472656,16.8700008392334,125800
2017-03-03,16.649999618530273,16.90999984741211,16.579999923706055,16.790000915527344,90700
2017-03-06,16.850000381469727,16.989999771118164,16.739999771118164,16.989999771118164,165300
2017-03-07,16.8799991607666,16.969999313354492,16.799999237060547,16.829999923706055,155700
2017-03-08,16.950000762939453,17.079999923706055,16.84000015258789,17.079999923706055,90100
2017-03-09,16.690000534057617,17.0,16.670000076293945,16.989999771118164,49700
2017-03-10,16.780000686645508,16.860000610351562,16.5,16.65999984741211,74500
2017-03-13,16.979999542236328,17.0,16.8700008392334,16.920000076293945,51500
2017-03-14,17.049999237060547,17.049999237060547,16.920000076293945,17.0,50000
2017-03-15,17.020000457763672,17.040000915527344,16.8700008392334,16.920000076293945,62400
2017-03-16,16.93000030517578,17.100000381469727,16.829999923706055,17.06999969482422,87800
2017-03-17,17.0,17.040000915527344,16.75,16.93000030517578,53500
2017-03-20,16.90999984741211,17.079999923706055,16.8799991607666,17.030000686645508,84400
2017-03-21,16.459999084472656,17.059999465942383,16.350000381469727,17.040000915527344,117300
2017-03-22,16.299999237060547,16.399999618530273,16.15999984741211,16.280000686645508,124800
2017-03-23,16.90999984741211,16.979999542236328,16.549999237060547,16.610000610351562,120400
2017-03-24,16.809999465942383,17.010000228881836,16.68000030517578,16.920000076293945,64100
2017-03-27,18.770000457763672,18.989999771118164,17.190000534057617,17.25,548000
2017-03-28,18.309999465942383,18.469999313354492,17.969999313354492,18.420000076293945,265000
2017-03-29,17.899999618530273,18.079999923706055,17.639999389648438,18.040000915527344,180000
2017-03-30,18.6200008392334,18.84000015258789,17.899999618530273,18.040000915527344,205900
2017-03-31,18.59000015258789,18.65999984741211,18.43000030517578,18.6200008392334,136500
2017-04-03,18.8799991607666,19.110000610351562,18.700000762939453,18.770000457763672,196500
2017-04-04,18.690000534057617,18.899999618530273,18.5,18.899999618530273,122000
2017-04-05,18.260000228881836,18.770000457763672,18.170000076293945,18.739999771118164,139000
2017-04-06,18.239999771118164,18.43000030517578,18.110000610351562,18.25,108200
2017-04-07,18.149999618530273,18.260000228881836,18.079999923706055,18.25,92100
2017-04-10,18.010000228881836,18.190000534057617,18.0,18.15999984741211,63500
2017-04-11,18.059999465942383,18.09000015258789,17.68000030517578,18.020000457763672,223300
2017-04-12,18.18000030517578,18.31999969482422,18.1299991607666,18.31999969482422,97300
2017-04-13,17.8700008392334,18.18000030517578,17.829999923706055,18.06999969482422,59500
2017-04-17,17.93000030517578,17.950000762939453,17.760000228881836,17.760000228881836,43400
2017-04-18,17.56999969482422,17.639999389648438,17.09000015258789,17.549999237060547,136100
2017-04-19,18.170000076293945,18.229999542236328,18.09000015258789,18.15999984741211,82400
2017-04-20,18.600000381469727,18.68000030517578,18.200000762939453,18.489999771118164,100400
2017-04-21,18.40999984741211,18.549999237060547,18.280000686645508,18.549999237060547,80200
2017-04-24,18.65999984741211,18.739999771118164,18.520000457763672,18.649999618530273,97000
2017-04-25,19.030000686645508,19.239999771118164,18.739999771118164,18.739999771118164,101100
2017-04-26,19.100000381469727,19.25,19.030000686645508,19.079999923706055,79900
2017-04-27,20.200000762939453,20.459999084472656,19.25,19.25,232200
2017-04-28,20.06999969482422,20.40999984741211,19.799999237060547,20.40999984741211,88500
2017-05-01,20.18000030517578,20.34000015258789,19.899999618530273,19.969999313354492,119200
2017-05-02,19.690000534057617,20.34000015258789,19.600000381469727,20.34000015258789,110300
2017-05-03,19.0,19.639999389648438,18.920000076293945,19.59000015258789,188500
2017-05-04,19.100000381469727,19.299999237060547,18.93000030517578,18.93000030517578,94900
2017-05-05,19.139999389648438,19.31999969482422,18.850000381469727,19.219999313354492,115000
2017-05-08,19.219999313354492,19.549999237060547,19.170000076293945,19.190000534057617,214800
2017-05-09,22.1299991607666,22.600000381469727,21.360000610351562,21.670000076293945,1160600
2017-05-10,23.100000381469727,23.450000762939453,22.5,22.760000228881836,814300
2017-05-11,23.790000915527344,23.989999771118164,22.799999237060547,22.850000381469727,447400
2017-05-12,23.799999237060547,24.309999465942383,23.479999542236328,24.0,350400
2017-05-15,25.479999542236328,26.219999313354492,24.639999389648438,24.649999618530273,673300
2017-05-16,25.549999237060547,25.6299991607666,24.68000030517578,25.469999313354492,377000
2017-05-17,23.790000915527344,24.899999618530273,23.68000030517578,24.860000610351562,363400
2017-05-18,24.270000457763672,24.34000015258789,23.389999389648438,23.510000228881836,331800
2017-05-19,24.739999771118164,25.25,24.510000228881836,24.719999313354492,288300
2017-05-22,26.040000915527344,26.299999237060547,24.440000534057617,24.639999389648438,556100
2017-05-23,25.459999084472656,25.889999389648438,24.950000762939453,25.8799991607666,348000
2017-05-24,24.829999923706055,25.290000915527344,24.549999237060547,25.170000076293945,305100
2017-05-25,24.610000610351562,24.81999969482422,24.209999084472656,24.260000228881836,261100
2017-05-26,24.760000228881836,24.889999389648438,24.549999237060547,24.639999389648438,191600
2017-05-30,24.59000015258789,24.75,24.200000762939453,24.5,152000
2017-05-31,24.479999542236328,24.899999618530273,24.270000457763672,24.799999237060547,164400
2017-06-01,25.649999618530273,25.850000381469727,24.450000762939453,24.5,452100
2017-06-02,26.809999465942383,27.290000915527344,25.989999771118164,26.0,690200
2017-06-05,27.520000457763672,28.0,26.360000610351562,26.770000457763672,557500
2017-06-06,27.93000030517578,28.40999984741211,27.3700008392334,27.549999237060547,456400
2017-06-07,27.489999771118164,28.18000030517578,27.25,28.0,319500
2017-06-08,27.270000457763672,27.3799991607666,26.010000228881836,27.040000915527344,404400
2017-06-09,25.280000686645508,27.579999923706055,23.5,27.31999969482422,716100
2017-06-12,23.899999618530273,25.280000686645508,23.600000381469727,25.110000610351562,762700
2017-06-13,24.610000610351562,25.219999313354492,24.200000762939453,24.530000686645508,381800
2017-06-14,23.829999923706055,24.700000762939453,23.559999465942383,24.6299991607666,209200
2017-06-15,23.270000457763672,23.440000534057617,22.899999618530273,23.079999923706055,226900
2017-06-16,23.31999969482422,23.690000534057617,22.989999771118164,23.389999389648438,165500
2017-06-19,24.329999923706055,24.59000015258789,23.65999984741211,23.68000030517578,303300
2017-06-20,24.1299991607666,24.93000030517578,24.0,24.700000762939453,250100
2017-06-21,24.219999313354492,24.420000076293945,24.1200008392334,24.1299991607666,138600
2017-06-22,23.760000228881836,24.15999984741211,23.600000381469727,24.1200008392334,136200
2017-06-23,23.950000762939453,24.270000457763672,23.440000534057617,23.59000015258789,108200
2017-06-26,23.649999618530273,24.799999237060547,23.56999969482422,24.5,260900
2017-06-27,22.579999923706055,23.6200008392334,22.399999618530273,23.6200008392334,316100
2017-06-28,23.440000534057617,23.600000381469727,22.260000228881836,22.690000534057617,224600
2017-06-29,22.510000228881836,23.469999313354492,22.149999618530273,23.440000534057617,258000
2017-06-30,22.09000015258789,22.899999618530273,21.969999313354492,22.65999984741211,231300
2017-07-03,22.56999969482422,22.799999237060547,22.270000457763672,22.5,192500
2017-07-05,22.860000610351562,23.010000228881836,22.520000457763672,22.799999237060547,248800
2017-07-06,22.229999542236328,22.649999618530273,21.739999771118164,22.489999771118164,177900
2017-07-07,23.0,23.170000076293945,22.40999984741211,22.40999984741211,110900
2017-07-10,23.479999542236328,23.670000076293945,23.040000915527344,23.489999771118164,179800
2017-07-11,23.959999084472656,24.0,23.329999923706055,23.6200008392334,156000
2017-07-12,24.479999542236328,24.719999313354492,24.09000015258789,24.420000076293945,155000
2017-07-13,23.649999618530273,24.479999542236328,23.100000381469727,24.420000076293945,223600
2017-07-14,24.020000457763672,24.200000762939453,23.559999465942383,23.670000076293945,213100
2017-07-17,24.229999542236328,24.860000610351562,23.579999923706055,24.280000686645508,341800
2017-07-18,24.739999771118164,24.850000381469727,24.219999313354492,24.309999465942383,219000
2017-07-19,25.729999542236328,25.920000076293945,24.559999465942383,24.600000381469727,511300
2017-07-20,25.149999618530273,25.860000610351562,24.770000457763672,25.799999237060547,244300
2017-07-21,24.950000762939453,25.270000457763672,24.81999969482422,24.8799991607666,96300
2017-07-24,25.399999618530273,25.579999923706055,24.920000076293945,24.950000762939453,269800
2017-07-25,25.639999389648438,25.940000534057617,25.31999969482422,25.459999084472656,208000
2017-07-26,25.100000381469727,25.780000686645508,25.010000228881836,25.600000381469727,304700
2017-07-27,23.6299991607666,25.56999969482422,22.84000015258789,25.100000381469727,520800
2017-07-28,23.540000915527344,23.93000030517578,23.200000762939453,23.450000762939453,217400
2017-07-31,23.31999969482422,23.770000457763672,23.149999618530273,23.59000015258789,178500
2017-08-01,23.75,23.950000762939453,22.81999969482422,23.25,423100
2017-08-02,22.969999313354492,24.6200008392334,20.549999237060547,24.389999389648438,1090600
2017-08-03,23.360000610351562,23.360000610351562,22.520000457763672,22.979999542236328,375700
2017-08-04,23.540000915527344,24.170000076293945,22.780000686645508,23.360000610351562,260600
2017-08-07,24.739999771118164,24.81999969482422,24.100000381469727,24.100000381469727,406000
2017-08-08,24.729999542236328,25.100000381469727,24.420000076293945,25.0,370100
2017-08-09,25.459999084472656,25.469999313354492,24.280000686645508,24.610000610351562,370500
2017-08-10,22.850000381469727,25.09000015258789,22.799999237060547,25.0,405800
2017-08-11,23.0,23.100000381469727,21.6200008392334,22.520000457763672,353500
2017-08-14,24.43000030517578,24.6200008392334,23.5,23.75,313500
2017-08-15,23.600000381469727,24.549999237060547,23.549999237060547,24.420000076293945,297400
2017-08-16,23.90999984741211,24.329999923706055,23.75,23.809999465942383,174500
2017-08-17,23.1200008392334,23.889999389648438,23.059999465942383,23.809999465942383,165800
2017-08-18,23.540000915527344,23.979999542236328,23.030000686645508,23.030000686645508,146200
2017-08-21,23.200000762939453,23.459999084472656,22.579999923706055,23.459999084472656,238100
2017-08-22,23.270000457763672,23.520000457763672,22.920000076293945,23.360000610351562,243200
2017-08-23,22.899999618530273,23.239999771118164,22.639999389648438,23.190000534057617,260200
2017-08-24,23.18000030517578,23.40999984741211,22.950000762939453,23.1299991607666,186400
2017-08-25,23.0,23.239999771118164,22.75,23.200000762939453,95300
2017-08-28,22.8799991607666,23.049999237060547,22.690000534057617,23.0,190800
2017-08-29,23.0,23.209999084472656,22.350000381469727,22.40999984741211,233100
2017-08-30,23.610000610351562,23.729999542236328,23.110000610351562,23.15999984741211,145700
2017-08-31,23.389999389648438,24.200000762939453,23.299999237060547,24.100000381469727,113600
2017-09-01,23.360000610351562,23.6299991607666,23.010000228881836,23.399999618530273,131100
2017-09-05,23.360000610351562,24.290000915527344,22.860000610351562,24.200000762939453,182500
2017-09-06,23.530000686645508,23.90999984741211,23.1299991607666,23.829999923706055,120900
2017-09-07,23.84000015258789,24.280000686645508,23.719999313354492,23.940000534057617,153200
2017-09-08,23.65999984741211,23.700000762939453,23.34000015258789,23.700000762939453,95900
2017-09-11,24.280000686645508,24.8700008392334,23.760000228881836,24.030000686645508,270800
2017-09-12,24.649999618530273,24.84000015258789,24.239999771118164,24.56999969482422,191800
2017-09-13,25.100000381469727,25.1200008392334,24.649999618530273,24.780000686645508,162700
2017-09-14,25.600000381469727,26.040000915527344,25.209999084472656,25.270000457763672,235700
2017-09-15,25.760000228881836,26.030000686645508,25.479999542236328,25.479999542236328,165100
2017-09-18,26.600000381469727,26.729999542236328,26.020000457763672,26.139999389648438,347900
2017-09-19,26.90999984741211,27.290000915527344,26.40999984741211,26.790000915527344,199900
2017-09-20,26.25,26.950000762939453,25.700000762939453,26.950000762939453,190100
2017-09-21,26.290000915527344,26.559999465942383,25.399999618530273,26.219999313354492,139300
2017-09-22,26.75,26.860000610351562,26.0,26.1299991607666,102900
2017-09-25,25.459999084472656,26.190000534057617,24.700000762939453,26.190000534057617,314100
2017-09-26,25.3700008392334,25.690000534057617,24.81999969482422,25.530000686645508,102000
2017-09-27,27.299999237060547,27.780000686645508,25.950000762939453,26.020000457763672,285900
2017-09-28,27.34000015258789,27.389999389648438,26.559999465942383,26.860000610351562,206200
2017-09-29,28.110000610351562,28.260000228881836,27.459999084472656,27.5,302400
2017-10-02,30.459999084472656,30.719999313354492,28.3799991607666,28.40999984741211,913200
2017-10-03,28.1299991607666,29.84000015258789,27.549999237060547,29.68000030517578,1033500
2017-10-04,28.739999771118164,29.100000381469727,28.100000381469727,28.1200008392334,325200
2017-10-05,28.040000915527344,28.989999771118164,27.799999237060547,28.8799991607666,195300
2017-10-06,28.489999771118164,28.75,27.670000076293945,27.790000915527344,186600
2017-10-09,28.639999389648438,29.209999084472656,28.489999771118164,29.040000915527344,144100
2017-10-10,28.65999984741211,29.020000457763672,28.25,28.600000381469727,130800
2017-10-11,29.239999771118164,29.280000686645508,28.579999923706055,28.809999465942383,158600
2017-10-12,30.399999618530273,31.18000030517578,29.18000030517578,29.290000915527344,484800
2017-10-13,30.15999984741211,30.75,30.110000610351562,30.75,189600
2017-10-16,30.440000534057617,30.549999237060547,29.329999923706055,30.0,220000
2017-10-17,30.520000457763672,30.639999389648438,30.079999923706055,30.200000762939453,137000
2017-10-18,30.489999771118164,30.6200008392334,29.860000610351562,30.3799991607666,185000
2017-10-19,30.079999923706055,30.260000228881836,28.5,29.450000762939453,302100
2017-10-20,30.040000915527344,30.739999771118164,29.940000534057617,30.3799991607666,151900
2017-10-23,30.860000610351562,31.260000228881836,30.260000228881836,30.56999969482422,218400
2017-10-24,31.0,31.350000381469727,30.219999313354492,30.559999465942383,235100
2017-10-25,30.520000457763672,31.15999984741211,29.520000457763672,30.90999984741211,209800
2017-10-26,30.09000015258789,30.739999771118164,29.719999313354492,30.40999984741211,159600
2017-10-27,30.479999542236328,30.610000610351562,29.709999084472656,30.549999237060547,105200
2017-10-30,30.549999237060547,30.729999542236328,30.010000228881836,30.3799991607666,209600
2017-10-31,31.260000228881836,31.690000534057617,30.020000457763672,30.329999923706055,489700
2017-11-01,25.770000457763672,29.229999542236328,23.3799991607666,29.229999542236328,1931800
2017-11-02,26.899999618530273,27.329999923706055,26.15999984741211,26.34000015258789,523900
2017-11-03,27.479999542236328,28.209999084472656,26.8799991607666,26.959999084472656,365400
2017-11-06,27.690000534057617,28.399999618530273,27.059999465942383,28.079999923706055,448900
2017-11-07,28.0,28.100000381469727,27.530000686645508,27.709999084472656,246600
2017-11-08,27.989999771118164,28.350000381469727,27.139999389648438,28.18000030517578,312000
2017-11-09,27.40999984741211,27.8799991607666,26.940000534057617,27.65999984741211,176000
2017-11-10,27.489999771118164,27.75,27.1200008392334,27.399999618530273,130800
2017-11-13,27.790000915527344,28.020000457763672,27.329999923706055,27.889999389648438,220800
2017-11-14,27.719999313354492,28.299999237060547,27.3799991607666,28.09000015258789,150200
2017-11-15,27.1200008392334,27.6200008392334,26.799999237060547,27.270000457763672,146500
2017-11-16,27.559999465942383,27.700000762939453,27.1299991607666,27.200000762939453,161700
2017-11-17,27.200000762939453,27.719999313354492,27.200000762939453,27.5,93300
2017-11-20,27.649999618530273,27.889999389648438,27.3700008392334,27.399999618530273,106100
2017-11-21,28.309999465942383,28.5,27.739999771118164,27.809999465942383,136500
2017-11-22,29.479999542236328,29.889999389648438,28.110000610351562,28.420000076293945,642500
2017-11-24,31.3799991607666,31.8799991607666,29.829999923706055,29.8700008392334,620100
2017-11-27,29.549999237060547,30.989999771118164,29.309999465942383,30.889999389648438,717100
2017-11-28,30.020000457763672,30.489999771118164,29.0,30.0,825900
2017-11-29,28.139999389648438,30.229999542236328,27.270000457763672,30.139999389648438,576500
2017-11-30,27.809999465942383,29.450000762939453,27.5,29.3700008392334,428500
2017-12-01,26.81999969482422,27.709999084472656,25.84000015258789,27.579999923706055,434000
2017-12-04,26.09000015258789,27.579999923706055,25.799999237060547,27.559999465942383,408800
2017-12-05,26.399999618530273,27.200000762939453,26.030000686645508,26.200000762939453,198900
2017-12-06,26.450000762939453,26.549999237060547,25.889999389648438,26.020000457763672,136500
2017-12-07,26.860000610351562,27.170000076293945,26.59000015258789,26.709999084472656,128800
2017-12-08,26.860000610351562,27.56999969482422,26.6200008392334,27.040000915527344,154900
2017-12-11,26.56999969482422,27.1299991607666,26.209999084472656,26.799999237060547,157200
2017-12-12,25.850000381469727,26.389999389648438,25.520000457763672,26.389999389648438,190900
2017-12-13,25.84000015258789,26.200000762939453,25.719999313354492,25.920000076293945,117300
2017-12-14,25.889999389648438,26.329999923706055,25.75,25.8700008392334,108100
2017-12-15,26.639999389648438,26.950000762939453,25.969999313354492,26.020000457763672,128800
2017-12-18,27.389999389648438,27.489999771118164,26.81999969482422,26.8799991607666,144700
2017-12-19,26.950000762939453,27.5,26.520000457763672,27.440000534057617,120500
2017-12-20,27.239999771118164,27.3700008392334,27.0,27.280000686645508,82100
2017-12-21,26.649999618530273,27.3700008392334,26.399999618530273,27.1299991607666,98400
2017-12-22,26.790000915527344,26.8799991607666,26.100000381469727,26.6200008392334,76100
2017-12-26,26.40999984741211,26.530000686645508,26.15999984741211,26.34000015258789,95900
2017-12-27,26.25,26.65999984741211,25.989999771118164,26.219999313354492,97400
2017-12-28,26.139999389648438,26.399999618530273,26.020000457763672,26.290000915527344,85500
2017-12-29,25.90999984741211,26.34000015258789,25.809999465942383,26.229999542236328,106000
2018-01-02,26.610000610351562,26.889999389648438,26.15999984741211,26.31999969482422,136200
2018-01-03,27.31999969482422,27.450000762939453,26.8799991607666,26.8799991607666,129700
2018-01-04,27.850000381469727,28.299999237060547,27.68000030517578,27.799999237060547,163200
2018-01-05,28.219999313354492,28.3700008392334,27.899999618530273,28.149999618530273,80100
2018-01-08,28.25,28.34000015258789,27.579999923706055,27.940000534057617,89000
2018-01-09,27.600000381469727,28.5,27.290000915527344,28.5,219700
2018-01-10,26.969999313354492,27.6299991607666,26.809999465942383,27.520000457763672,150600
2018-01-11,26.709999084472656,27.3700008392334,26.489999771118164,27.200000762939453,119100
2018-01-12,26.760000228881836,26.809999465942383,26.25,26.75,131600
2018-01-16,27.149999618530273,27.579999923706055,26.799999237060547,27.079999923706055,108700
2018-01-17,27.8700008392334,27.979999542236328,26.940000534057617,27.049999237060547,135800
2018-01-18,28.040000915527344,28.190000534057617,27.540000915527344,27.649999618530273,181800
2018-01-19,28.100000381469727,28.25,27.700000762939453,28.059999465942383,155700
2018-01-22,28.540000915527344,28.670000076293945,28.15999984741211,28.309999465942383,103900
2018-01-23,28.229999542236328,28.719999313354492,27.899999618530273,28.469999313354492,71900
2018-01-24,27.360000610351562,28.260000228881836,26.549999237060547,28.229999542236328,289600
2018-01-25,26.719999313354492,28.1200008392334,26.649999618530273,27.799999237060547,183200
2018-01-26,27.229999542236328,27.299999237060547,26.450000762939453,26.93000030517578,245800
2018-01-29,26.579999923706055,27.040000915527344,26.270000457763672,26.920000076293945,100300
2018-01-30,26.889999389648438,27.100000381469727,26.420000076293945,26.450000762939453,209300
2018-01-31,27.1200008392334,27.299999237060547,26.770000457763672,27.190000534057617,120000
2018-02-01,26.200000762939453,27.200000762939453,26.100000381469727,26.68000030517578,256600
2018-02-02,25.06999969482422,25.8700008392334,24.3700008392334,25.8700008392334,272800
2018-02-05,24.3700008392334,25.399999618530273,24.299999237060547,24.940000534057617,223400
2018-02-06,25.049999237060547,25.43000030517578,24.309999465942383,24.469999313354492,189200
2018-02-07,24.969999313354492,25.489999771118164,24.68000030517578,25.1299991607666,159000
2018-02-08,24.5,25.399999618530273,23.950000762939453,25.399999618530273,288100
2018-02-09,25.540000915527344,25.709999084472656,24.639999389648438,24.809999465942383,614300
2018-02-12,25.520000457763672,25.950000762939453,25.0,25.700000762939453,460500
2018-02-13,25.329999923706055,26.100000381469727,24.56999969482422,25.950000762939453,275600
2018-02-14,27.5,27.729999542236328,25.799999237060547,25.809999465942383,346900
2018-02-15,27.5,27.690000534057617,26.520000457763672,27.350000381469727,171300
2018-02-16,27.100000381469727,27.809999465942383,27.09000015258789,27.469999313354492,86500
2018-02-20,28.030000686645508,28.190000534057617,26.719999313354492,26.950000762939453,239300
2018-02-21,27.450000762939453,27.93000030517578,27.3700008392334,27.809999465942383,162200
2018-02-22,26.790000915527344,27.399999618530273,26.690000534057617,27.239999771118164,169100
2018-02-23,26.600000381469727,26.68000030517578,25.270000457763672,26.479999542236328,377100
2018-02-26,27.1299991607666,27.290000915527344,26.440000534057617,26.56999969482422,166300
2018-02-27,27.020000457763672,27.600000381469727,26.760000228881836,27.229999542236328,571700
2018-02-28,27.389999389648438,27.829999923706055,27.1200008392334,27.31999969482422,129900
2018-03-01,26.770000457763672,27.399999618530273,26.600000381469727,27.350000381469727,92300
2018-03-02,27.459999084472656,27.520000457763672,26.190000534057617,26.56999969482422,121100
2018-03-05,27.34000015258789,27.530000686645508,27.190000534057617,27.360000610351562,132700
2018-03-06,27.719999313354492,28.18000030517578,27.43000030517578,27.469999313354492,226200
2018-03-07,27.709999084472656,27.850000381469727,27.139999389648438,27.559999465942383,259600
2018-03-08,27.670000076293945,28.079999923706055,27.56999969482422,27.8799991607666,216000
2018-03-09,28.690000534057617,28.799999237060547,27.8799991607666,27.8799991607666,131400
2018-03-12,28.649999618530273,28.739999771118164,28.040000915527344,28.309999465942383,165000
2018-03-13,28.1299991607666,29.0,28.059999465942383,28.6299991607666,193700
2018-03-14,28.110000610351562,28.520000457763672,27.81999969482422,28.229999542236328,77200
2018-03-15,28.31999969482422,28.3799991607666,27.959999084472656,28.190000534057617,104400
2018-03-16,28.610000610351562,28.6299991607666,28.110000610351562,28.31999969482422,112700
2018-03-19,28.489999771118164,28.579999923706055,27.850000381469727,28.5,116400
2018-03-20,28.899999618530273,28.959999084472656,28.139999389648438,28.450000762939453,182900
2018-03-21,29.6200008392334,29.65999984741211,28.780000686645508,28.860000610351562,175500
2018-03-22,28.600000381469727,29.260000228881836,28.440000534057617,28.860000610351562,188700
2018-03-23,27.40999984741211,28.600000381469727,27.360000610351562,28.600000381469727,125400
2018-03-26,28.290000915527344,28.309999465942383,27.350000381469727,27.719999313354492,123300
2018-03-27,26.989999771118164,28.56999969482422,26.790000915527344,28.3799991607666,107600
2018-03-28,26.6299991607666,27.3700008392334,26.399999618530273,27.079999923706055,131100
2018-03-29,27.1299991607666,27.739999771118164,26.68000030517578,26.780000686645508,83500
2018-04-02,26.40999984741211,27.239999771118164,26.229999542236328,26.780000686645508,81300
2018-04-03,26.520000457763672,26.729999542236328,26.290000915527344,26.290000915527344,84800
2018-04-04,26.489999771118164,26.600000381469727,25.760000228881836,26.1200008392334,182900
2018-04-05,26.420000076293945,26.799999237060547,26.1299991607666,26.59000015258789,74000
2018-04-06,25.950000762939453,26.649999618530273,25.84000015258789,26.110000610351562,57400
2018-04-09,26.399999618530273,27.170000076293945,26.239999771118164,26.290000915527344,159400
2018-04-10,27.34000015258789,27.6200008392334,27.0,27.1299991607666,154200
2018-04-11,28.15999984741211,28.81999969482422,27.25,27.290000915527344,378800
2018-04-12,28.489999771118164,28.639999389648438,28.25,28.440000534057617,87100
2018-04-13,28.65999984741211,29.100000381469727,28.489999771118164,28.729999542236328,100300
2018-04-16,28.549999237060547,28.959999084472656,28.459999084472656,28.90999984741211,77500
2018-04-17,28.799999237060547,28.90999984741211,28.6299991607666,28.65999984741211,40400
2018-04-18,28.229999542236328,28.850000381469727,28.059999465942383,28.809999465942383,66400
2018-04-19,27.010000228881836,28.0,26.600000381469727,28.0,164400
2018-04-20,27.059999465942383,27.219999313354492,26.700000762939453,26.93000030517578,114800
2018-04-23,27.200000762939453,27.920000076293945,27.040000915527344,27.68000030517578,165700
2018-04-24,26.06999969482422,27.309999465942383,26.0,27.190000534057617,234100
2018-04-25,26.649999618530273,26.84000015258789,25.8799991607666,26.079999923706055,181400
2018-04-26,27.309999465942383,27.479999542236328,27.020000457763672,27.270000457763672,98400
2018-04-27,26.690000534057617,27.43000030517578,26.309999465942383,27.43000030517578,97500
2018-04-30,26.25,26.690000534057617,26.079999923706055,26.649999618530273,175200
2018-05-01,26.440000534057617,26.670000076293945,26.09000015258789,26.15999984741211,169700
2018-05-02,27.0,27.610000610351562,26.020000457763672,26.100000381469727,243500
2018-05-03,26.899999618530273,27.1299991607666,26.420000076293945,26.93000030517578,134300
2018-05-04,27.520000457763672,27.780000686645508,26.780000686645508,26.899999618530273,112900
2018-05-07,27.299999237060547,27.350000381469727,26.889999389648438,27.25,156900
2018-05-08,26.940000534057617,27.209999084472656,26.729999542236328,27.0,128100
2018-05-09,26.8700008392334,27.110000610351562,26.770000457763672,26.809999465942383,96400
2018-05-10,27.299999237060547,27.329999923706055,26.670000076293945,26.950000762939453,101900
2018-05-11,27.40999984741211,27.530000686645508,27.149999618530273,27.260000228881836,98000
2018-05-14,27.989999771118164,28.290000915527344,27.56999969482422,27.56999969482422,181800
2018-05-15,28.709999084472656,28.75,27.829999923706055,28.020000457763672,289700
2018-05-16,29.329999923706055,29.40999984741211,28.719999313354492,28.719999313354492,154100
2018-05-17,29.6200008392334,29.729999542236328,29.170000076293945,29.299999237060547,231200
2018-05-18,28.0,29.079999923706055,28.0,29.079999923706055,203000
2018-05-21,28.190000534057617,28.670000076293945,27.84000015258789,28.610000610351562,113000
2018-05-22,28.760000228881836,28.809999465942383,28.25,28.729999542236328,124900
2018-05-23,28.690000534057617,28.729999542236328,28.229999542236328,28.5,122900
2018-05-24,28.399999618530273,28.709999084472656,28.149999618530273,28.65999984741211,62900
2018-05-25,28.670000076293945,28.809999465942383,28.31999969482422,28.399999618530273,43200
2018-05-29,28.6200008392334,28.75,28.3799991607666,28.3799991607666,67400
2018-05-30,28.93000030517578,29.31999969482422,28.690000534057617,28.690000534057617,111800
2018-05-31,29.15999984741211,30.079999923706055,29.149999618530273,29.84000015258789,170300
2018-06-01,29.889999389648438,29.889999389648438,29.280000686645508,29.280000686645508,113900
2018-06-04,30.68000030517578,30.8799991607666,29.989999771118164,29.989999771118164,237900
2018-06-05,31.860000610351562,32.0,30.6299991607666,30.690000534057617,350600
2018-06-06,31.3799991607666,31.950000762939453,31.15999984741211,31.950000762939453,112400
2018-06-07,31.010000228881836,31.549999237060547,30.209999084472656,31.5,141800
2018-06-08,30.600000381469727,31.0,30.25,30.93000030517578,110200
2018-06-11,30.5,30.8700008392334,29.809999465942383,30.700000762939453,119800
2018-06-12,30.360000610351562,30.65999984741211,30.100000381469727,30.65999984741211,61700
2018-06-13,30.06999969482422,30.56999969482422,29.760000228881836,30.489999771118164,188000
2018-06-14,29.979999542236328,30.459999084472656,29.709999084472656,30.079999923706055,254400
2018-06-15,29.59000015258789,29.920000076293945,29.469999313354492,29.899999618530273,69200
2018-06-18,29.75,30.100000381469727,29.0,29.079999923706055,215000
2018-06-19,29.559999465942383,29.799999237060547,29.0,29.149999618530273,210200
2018-06-20,29.920000076293945,30.239999771118164,29.530000686645508,29.639999389648438,283400
2018-06-21,30.1299991607666,30.5,29.780000686645508,29.969999313354492,204700
2018-06-22,29.469999313354492,30.290000915527344,29.40999984741211,30.219999313354492,117300
2018-06-25,28.299999237060547,29.139999389648438,27.8700008392334,29.139999389648438,177800
2018-06-26,28.239999771118164,28.559999465942383,27.899999618530273,28.170000076293945,96100
2018-06-27,27.6299991607666,28.399999618530273,27.489999771118164,28.360000610351562,126600
2018-06-28,27.31999969482422,27.610000610351562,27.1200008392334,27.559999465942383,75500
2018-06-29,27.25,27.600000381469727,27.200000762939453,27.510000228881836,106600
2018-07-02,27.139999389648438,27.399999618530273,26.989999771118164,27.149999618530273,188400
2018-07-03,27.190000534057617,27.579999923706055,27.139999389648438,27.329999923706055,67300
2018-07-05,27.299999237060547,27.579999923706055,27.200000762939453,27.280000686645508,65000
2018-07-06,27.719999313354492,27.950000762939453,26.959999084472656,27.239999771118164,171900
2018-07-09,27.920000076293945,27.979999542236328,27.510000228881836,27.790000915527344,54200
2018-07-10,27.969999313354492,28.34000015258789,27.940000534057617,27.940000534057617,52000
2018-07-11,27.209999084472656,27.90999984741211,27.149999618530273,27.90999984741211,64400
2018-07-12,27.280000686645508,27.43000030517578,27.100000381469727,27.34000015258789,117000
2018-07-13,27.190000534057617,27.579999923706055,27.0,27.34000015258789,73500
2018-07-16,26.920000076293945,27.290000915527344,26.850000381469727,27.25,60100
2018-07-17,27.43000030517578,27.479999542236328,26.860000610351562,26.860000610351562,86300
2018-07-18,28.739999771118164,28.780000686645508,27.639999389648438,27.639999389648438,193900
2018-07-19,28.34000015258789,28.56999969482422,27.920000076293945,28.56999969482422,96100
2018-07-20,28.31999969482422,28.479999542236328,28.030000686645508,28.329999923706055,63900
2018-07-23,28.420000076293945,28.489999771118164,27.399999618530273,28.270000457763672,84300
2018-07-24,28.479999542236328,28.729999542236328,28.270000457763672,28.469999313354492,147000
2018-07-25,28.8700008392334,28.899999618530273,28.15999984741211,28.469999313354492,136000
2018-07-26,28.81999969482422,29.290000915527344,28.489999771118164,28.709999084472656,151000
2018-07-27,28.6299991607666,29.219999313354492,28.299999237060547,28.959999084472656,83800
2018-07-30,27.84000015258789,28.329999923706055,27.600000381469727,28.170000076293945,160700
2018-07-31,27.989999771118164,28.469999313354492,27.90999984741211,28.030000686645508,99300
2018-08-01,27.290000915527344,27.600000381469727,25.649999618530273,26.399999618530273,590300
2018-08-02,27.770000457763672,27.850000381469727,26.770000457763672,26.899999618530273,147600
2018-08-03,27.540000915527344,28.06999969482422,27.350000381469727,27.760000228881836,63500
2018-08-06,28.049999237060547,28.280000686645508,27.440000534057617,27.440000534057617,94700
2018-08-07,27.5,28.040000915527344,27.149999618530273,28.030000686645508,101700
2018-08-08,28.079999923706055,28.219999313354492,27.780000686645508,28.030000686645508,75800
2018-08-09,28.0,28.1299991607666,27.790000915527344,28.030000686645508,68500
2018-08-10,28.030000686645508,28.049999237060547,27.719999313354492,27.850000381469727,100800
2018-08-13,28.149999618530273,28.329999923706055,27.979999542236328,27.979999542236328,102500
2018-08-14,28.219999313354492,28.440000534057617,28.079999923706055,28.329999923706055,43900
2018-08-15,27.8799991607666,28.059999465942383,27.6299991607666,27.989999771118164,88500
2018-08-16,27.90999984741211,28.139999389648438,27.260000228881836,28.040000915527344,110900
2018-08-17,27.6299991607666,27.770000457763672,27.079999923706055,27.770000457763672,147400
2018-08-20,28.079999923706055,28.3799991607666,27.559999465942383,27.700000762939453,158400
2018-08-21,28.329999923706055,28.540000915527344,28.06999969482422,28.06999969482422,44600
2018-08-22,28.0,28.469999313354492,27.950000762939453,28.350000381469727,118500
2018-08-23,28.229999542236328,28.3799991607666,27.940000534057617,27.940000534057617,130900
2018-08-24,28.3700008392334,28.649999618530273,28.360000610351562,28.360000610351562,36100
2018-08-27,28.790000915527344,28.850000381469727,28.190000534057617,28.260000228881836,84200
2018-08-28,28.559999465942383,28.729999542236328,28.350000381469727,28.719999313354492,43400
2018-08-29,29.239999771118164,29.420000076293945,28.100000381469727,28.530000686645508,573400
2018-08-30,29.90999984741211,30.459999084472656,29.239999771118164,29.3700008392334,255000
2018-08-31,29.450000762939453,30.139999389648438,29.40999984741211,29.950000762939453,120700
2018-09-04,29.049999237060547,29.399999618530273,28.6299991607666,29.399999618530273,130400
2018-09-05,28.649999618530273,29.010000228881836,28.3700008392334,28.93000030517578,65700
2018-09-06,27.389999389648438,28.770000457763672,27.309999465942383,28.729999542236328,172600
2018-09-07,27.09000015258789,27.719999313354492,26.969999313354492,27.329999923706055,111000
2018-09-10,27.040000915527344,27.229999542236328,26.5,27.149999618530273,144500
2018-09-11,26.920000076293945,27.200000762939453,26.530000686645508,27.100000381469727,82700
2018-09-12,26.149999618530273,27.149999618530273,25.829999923706055,27.079999923706055,230600
2018-09-13,26.200000762939453,26.8799991607666,25.889999389648438,26.56999969482422,343000
2018-09-14,26.510000228881836,26.59000015258789,26.15999984741211,26.239999771118164,54900
2018-09-17,26.15999984741211,26.489999771118164,26.06999969482422,26.450000762939453,71400
2018-09-18,26.15999984741211,26.489999771118164,26.110000610351562,26.260000228881836,52300
2018-09-19,26.059999465942383,26.280000686645508,25.940000534057617,26.1299991607666,86200
2018-09-20,26.09000015258789,26.270000457763672,25.989999771118164,26.100000381469727,77200
2018-09-21,26.299999237060547,26.43000030517578,26.010000228881836,26.1299991607666,113100
2018-09-24,26.440000534057617,26.549999237060547,26.059999465942383,26.219999313354492,49700
2018-09-25,26.18000030517578,26.549999237060547,26.06999969482422,26.450000762939453,38000
2018-09-26,26.139999389648438,26.450000762939453,26.100000381469727,26.100000381469727,40400
2018-09-27,26.260000228881836,26.34000015258789,26.040000915527344,26.15999984741211,73000
2018-09-28,26.309999465942383,26.65999984741211,26.010000228881836,26.010000228881836,53600
2018-10-01,26.170000076293945,26.43000030517578,26.09000015258789,26.299999237060547,55600
2018-10-02,26.100000381469727,26.520000457763672,25.979999542236328,26.170000076293945,55500
2018-10-03,26.360000610351562,26.420000076293945,26.18000030517578,26.290000915527344,99800
2018-10-04,25.6299991607666,26.31999969482422,25.579999923706055,26.270000457763672,111500
2018-10-05,24.81999969482422,25.549999237060547,24.610000610351562,25.549999237060547,184100
2018-10-08,24.43000030517578,24.579999923706055,23.959999084472656,24.549999237060547,119000
2018-10-09,24.40999984741211,24.6299991607666,24.170000076293945,24.5,64900
2018-10-10,23.8700008392334,24.260000228881836,23.760000228881836,23.989999771118164,129700
2018-10-11,23.780000686645508,24.420000076293945,23.43000030517578,23.469999313354492,154500
2018-10-12,24.209999084472656,24.860000610351562,24.1200008392334,24.860000610351562,95000
2018-10-15,24.079999923706055,24.31999969482422,24.040000915527344,24.18000030517578,56900
2018-10-16,24.399999618530273,24.510000228881836,24.030000686645508,24.239999771118164,112100
2018-10-17,24.729999542236328,24.780000686645508,24.40999984741211,24.6200008392334,94300
2018-10-18,24.059999465942383,24.670000076293945,23.899999618530273,24.670000076293945,55700
2018-10-19,23.93000030517578,24.760000228881836,23.600000381469727,24.190000534057617,46000
2018-10-22,23.440000534057617,24.079999923706055,23.280000686645508,24.040000915527344,97000
2018-10-23,22.809999465942383,23.09000015258789,22.559999465942383,23.09000015258789,142600
2018-10-24,21.690000534057617,22.709999084472656,21.6299991607666,22.6299991607666,169900
2018-10-25,22.399999618530273,22.610000610351562,21.799999237060547,21.799999237060547,174000
2018-10-26,22.149999618530273,22.440000534057617,21.860000610351562,21.989999771118164,97700
2018-10-29,21.079999923706055,21.950000762939453,20.829999923706055,21.729999542236328,287000
2018-10-30,21.899999618530273,22.200000762939453,21.139999389648438,21.139999389648438,98400
2018-10-31,22.559999465942383,22.75,21.950000762939453,22.059999465942383,306600
2018-11-01,25.530000686645508,26.1200008392334,22.8799991607666,23.860000610351562,394900
2018-11-02,24.56999969482422,24.75,22.43000030517578,24.389999389648438,176500
2018-11-05,24.170000076293945,24.790000915527344,23.950000762939453,24.690000534057617,101800
2018-11-06,23.899999618530273,24.239999771118164,23.81999969482422,24.079999923706055,88500
2018-11-07,23.639999389648438,24.030000686645508,23.5,24.030000686645508,100000
2018-11-08,23.799999237060547,23.950000762939453,23.280000686645508,23.479999542236328,101500
2018-11-09,23.450000762939453,23.700000762939453,23.209999084472656,23.440000534057617,30800
2018-11-12,22.790000915527344,23.1299991607666,22.68000030517578,23.010000228881836,75600
2018-11-13,23.010000228881836,23.600000381469727,22.979999542236328,23.09000015258789,43000
2018-11-14,23.350000381469727,23.540000915527344,23.079999923706055,23.079999923706055,100800
2018-11-15,23.600000381469727,23.65999984741211,23.229999542236328,23.229999542236328,89300
2018-11-16,23.510000228881836,23.59000015258789,23.040000915527344,23.110000610351562,56200
2018-11-19,22.81999969482422,23.3700008392334,22.780000686645508,23.34000015258789,69100
2018-11-20,22.5,23.100000381469727,22.079999923706055,22.469999313354492,86400
2018-11-21,23.100000381469727,23.34000015258789,22.690000534057617,22.700000762939453,109900
2018-11-23,23.049999237060547,23.440000534057617,22.799999237060547,22.799999237060547,57400
2018-11-26,24.0,24.170000076293945,23.149999618530273,23.290000915527344,128200
2018-11-27,24.09000015258789,24.229999542236328,23.520000457763672,23.729999542236328,81400
2018-11-28,24.670000076293945,24.719999313354492,23.899999618530273,24.290000915527344,75300
2018-11-29,24.40999984741211,24.700000762939453,24.3799991607666,24.530000686645508,44400
2018-11-30,24.770000457763672,24.84000015258789,24.200000762939453,24.389999389648438,47200
2018-12-03,25.520000457763672,25.6200008392334,25.059999465942383,25.25,144000
2018-12-04,24.59000015258789,25.25,24.56999969482422,25.229999542236328,169300
2018-12-06,24.270000457763672,24.399999618530273,23.899999618530273,24.010000228881836,98700
2018-12-07,24.059999465942383,24.600000381469727,24.059999465942383,24.270000457763672,72600
2018-12-10,23.760000228881836,24.139999389648438,23.6200008392334,24.0,116900
2018-12-11,23.950000762939453,24.459999084472656,23.950000762939453,24.059999465942383,95100
2018-12-12,24.149999618530273,24.56999969482422,24.040000915527344,24.170000076293945,39800
2018-12-13,23.719999313354492,24.280000686645508,23.68000030517578,24.139999389648438,46200
2018-12-14,23.239999771118164,23.8700008392334,23.110000610351562,23.469999313354492,30500
2018-12-17,23.030000686645508,23.469999313354492,22.670000076293945,22.950000762939453,78000
2018-12-18,23.670000076293945,23.809999465942383,23.0,23.030000686645508,85000
2018-12-19,23.030000686645508,23.56999969482422,22.860000610351562,23.420000076293945,116700
2018-12-20,22.899999618530273,23.079999923706055,22.670000076293945,22.770000457763672,153600
2018-12-21,21.860000610351562,23.389999389648438,21.709999084472656,23.389999389648438,101200
2018-12-24,21.450000762939453,22.030000686645508,21.149999618530273,21.3799991607666,114800
2018-12-26,21.920000076293945,21.969999313354492,21.260000228881836,21.540000915527344,131400
2018-12-27,22.6299991607666,22.690000534057617,21.450000762939453,21.450000762939453,176000
2018-12-28,22.520000457763672,23.18000030517578,22.520000457763672,22.760000228881836,137200
2018-12-31,22.780000686645508,22.780000686645508,22.43000030517578,22.559999465942383,62100
2019-01-02,23.309999465942383,23.799999237060547,22.209999084472656,22.329999923706055,107100
2019-01-03,21.920000076293945,22.790000915527344,21.8700008392334,22.790000915527344,48400
2019-01-04,22.610000610351562,22.809999465942383,22.1299991607666,22.260000228881836,44500
2019-01-07,22.6200008392334,22.829999923706055,22.260000228881836,22.3700008392334,96500
2019-01-08,22.399999618530273,22.549999237060547,22.1299991607666,22.329999923706055,154000
2019-01-09,22.610000610351562,22.889999389648438,22.290000915527344,22.290000915527344,138600
2019-01-10,22.889999389648438,22.93000030517578,22.450000762939453,22.520000457763672,92400
2019-01-11,23.1299991607666,23.3700008392334,22.8799991607666,22.8799991607666,43700
2019-01-14,22.770000457763672,22.93000030517578,22.600000381469727,22.81999969482422,38100
2019-01-15,23.020000457763672,23.260000228881836,22.700000762939453,22.719999313354492,117800
2019-01-16,23.149999618530273,23.579999923706055,22.989999771118164,23.020000457763672,188000
2019-01-17,23.469999313354492,23.510000228881836,22.809999465942383,23.09000015258789,94500
2019-01-18,23.6299991607666,24.040000915527344,23.5,23.520000457763672,108000
2019-01-22,22.850000381469727,23.3799991607666,22.709999084472656,23.3799991607666,53400
2019-01-23,22.93000030517578,23.1299991607666,22.719999313354492,22.950000762939453,48700
2019-01-24,23.649999618530273,24.329999923706055,23.190000534057617,23.190000534057617,128900
2019-01-25,24.68000030517578,24.729999542236328,23.829999923706055,23.829999923706055,93300
2019-01-28,24.440000534057617,24.770000457763672,24.06999969482422,24.18000030517578,81800
2019-01-29,23.969999313354492,24.510000228881836,23.950000762939453,24.389999389648438,56100
2019-01-30,24.559999465942383,24.65999984741211,24.1299991607666,24.360000610351562,34300
2019-01-31,24.649999618530273,24.940000534057617,24.389999389648438,24.829999923706055,42400
2019-02-01,24.950000762939453,25.049999237060547,24.649999618530273,24.75,75000
2019-02-04,24.889999389648438,25.18000030517578,24.700000762939453,24.790000915527344,59700
2019-02-05,24.899999618530273,25.1299991607666,24.739999771118164,24.829999923706055,58700
2019-02-06,24.81999969482422,25.1200008392334,23.690000534057617,24.18000030517578,252800
2019-02-07,24.079999923706055,24.739999771118164,24.030000686645508,24.739999771118164,69400
2019-02-08,24.270000457763672,24.350000381469727,23.799999237060547,23.799999237060547,65800
2019-02-11,24.110000610351562,24.209999084472656,23.920000076293945,24.010000228881836,50800
2019-02-12,24.34000015258789,24.610000610351562,23.790000915527344,24.209999084472656,321400
2019-02-13,24.209999084472656,24.920000076293945,23.600000381469727,23.600000381469727,461300
2019-02-14,24.6200008392334,25.479999542236328,24.190000534057617,24.190000534057617,188700
2019-02-15,24.93000030517578,25.209999084472656,24.65999984741211,24.8799991607666,98100
2019-02-19,24.559999465942383,24.8799991607666,24.360000610351562,24.600000381469727,207100
2019-02-20,25.200000762939453,25.540000915527344,24.68000030517578,24.799999237060547,92700
2019-02-21,25.110000610351562,25.3700008392334,24.850000381469727,25.100000381469727,79300
2019-02-22,25.510000228881836,25.610000610351562,24.860000610351562,25.309999465942383,68700
2019-02-25,25.610000610351562,25.989999771118164,25.399999618530273,25.68000030517578,137700
2019-02-26,25.700000762939453,25.75,25.489999771118164,25.530000686645508,64100
2019-02-27,25.200000762939453,25.68000030517578,25.1299991607666,25.68000030517578,34000
2019-02-28,24.700000762939453,25.139999389648438,24.65999984741211,25.06999969482422,38700
2019-03-01,24.920000076293945,25.209999084472656,24.670000076293945,24.950000762939453,35800
2019-03-04,25.18000030517578,25.329999923706055,25.020000457763672,25.059999465942383,69200
2019-03-05,25.0,25.170000076293945,24.770000457763672,25.170000076293945,40500
2019-03-06,24.709999084472656,25.15999984741211,24.709999084472656,25.09000015258789,41600
2019-03-07,24.100000381469727,24.75,24.0,24.65999984741211,32000
2019-03-08,24.079999923706055,24.280000686645508,23.81999969482422,23.920000076293945,37000
2019-03-11,24.299999237060547,24.440000534057617,24.049999237060547,24.229999542236328,77400
2019-03-12,24.280000686645508,24.59000015258789,24.040000915527344,24.389999389648438,71000
2019-03-13,24.200000762939453,24.420000076293945,24.139999389648438,24.40999984741211,51700
2019-03-14,24.31999969482422,24.6200008392334,24.100000381469727,24.219999313354492,62600
2019-03-15,24.520000457763672,25.280000686645508,24.31999969482422,24.399999618530273,56800
2019-03-18,24.6299991607666,24.729999542236328,24.260000228881836,24.440000534057617,52100
2019-03-19,24.770000457763672,24.8700008392334,24.610000610351562,24.729999542236328,37200
2019-03-20,24.670000076293945,24.950000762939453,24.600000381469727,24.899999618530273,42100
2019-03-21,25.309999465942383,25.510000228881836,24.6299991607666,24.6299991607666,37900
2019-03-22,24.739999771118164,25.25,24.739999771118164,25.170000076293945,104300
2019-03-25,24.450000762939453,24.790000915527344,24.100000381469727,24.520000457763672,71400
2019-03-26,24.600000381469727,25.06999969482422,24.350000381469727,24.75,36500
2019-03-27,24.299999237060547,24.729999542236328,24.200000762939453,24.639999389648438,22500
2019-03-28,24.65999984741211,24.729999542236328,24.290000915527344,24.290000915527344,62900
2019-03-29,25.18000030517578,25.31999969482422,24.8700008392334,24.899999618530273,67400
2019-04-01,25.600000381469727,25.940000534057617,25.43000030517578,25.56999969482422,167300
2019-04-02,25.969999313354492,25.969999313354492,25.450000762939453,25.700000762939453,70300
2019-04-03,26.770000457763672,26.93000030517578,26.139999389648438,26.239999771118164,99600
2019-04-04,26.860000610351562,26.889999389648438,26.479999542236328,26.579999923706055,56100
2019-04-05,27.399999618530273,27.469999313354492,26.8700008392334,26.8700008392334,146000
2019-04-08,28.0,28.100000381469727,27.68000030517578,27.700000762939453,136200
2019-04-09,27.84000015258789,28.079999923706055,27.040000915527344,27.940000534057617,65900
2019-04-10,27.950000762939453,28.56999969482422,27.950000762939453,27.959999084472656,134400
2019-04-11,27.639999389648438,28.209999084472656,27.600000381469727,28.15999984741211,65300
2019-04-12,28.09000015258789,28.110000610351562,27.600000381469727,27.81999969482422,34700
2019-04-15,28.020000457763672,28.290000915527344,27.670000076293945,28.260000228881836,68600
2019-04-16,28.489999771118164,28.68000030517578,28.1200008392334,28.25,69400
2019-04-17,28.760000228881836,29.15999984741211,28.65999984741211,28.969999313354492,63600
2019-04-18,28.719999313354492,29.399999618530273,28.40999984741211,28.670000076293945,99700
2019-04-22,28.43000030517578,28.809999465942383,28.219999313354492,28.56999969482422,40300
2019-04-23,28.40999984741211,28.969999313354492,28.280000686645508,28.43000030517578,42300
2019-04-24,28.350000381469727,29.1299991607666,28.31999969482422,28.420000076293945,43000
2019-04-25,28.040000915527344,28.719999313354492,27.639999389648438,28.5,41100
2019-04-26,28.25,28.299999237060547,26.950000762939453,27.760000228881836,44900
2019-04-29,27.790000915527344,28.170000076293945,27.65999984741211,27.940000534057617,62900
2019-04-30,27.860000610351562,28.0,27.510000228881836,27.520000457763672,40000
2019-05-01,27.389999389648438,27.68000030517578,25.639999389648438,26.459999084472656,226800
2019-05-02,27.389999389648438,27.6299991607666,26.770000457763672,27.3700008392334,54000
2019-05-03,28.149999618530273,28.229999542236328,27.459999084472656,27.459999084472656,72400
2019-05-06,27.8799991607666,27.989999771118164,27.25,27.260000228881836,97000
2019-05-07,27.959999084472656,28.040000915527344,27.329999923706055,27.670000076293945,76800
2019-05-08,27.600000381469727,27.8700008392334,27.06999969482422,27.8700008392334,50800
2019-05-09,27.450000762939453,27.540000915527344,26.75,27.280000686645508,42100
2019-05-10,27.18000030517578,27.469999313354492,26.709999084472656,27.34000015258789,29200
2019-05-13,25.969999313354492,26.299999237060547,25.850000381469727,26.219999313354492,60500
2019-05-14,26.290000915527344,26.43000030517578,25.90999984741211,25.940000534057617,72900
2019-05-15,26.75,26.809999465942383,25.780000686645508,25.799999237060547,55000
2019-05-16,26.690000534057617,26.760000228881836,26.5,26.639999389648438,42100
2019-05-17,26.450000762939453,26.90999984741211,26.309999465942383,26.309999465942383,57900
2019-05-20,25.59000015258789,26.0,25.3700008392334,26.0,58600
2019-05-21,25.969999313354492,26.149999618530273,25.479999542236328,25.610000610351562,70000
2019-05-22,25.780000686645508,26.030000686645508,25.600000381469727,25.600000381469727,39300
2019-05-23,25.40999984741211,25.440000534057617,25.049999237060547,25.329999923706055,60900
2019-05-24,25.329999923706055,25.889999389648438,25.329999923706055,25.43000030517578,50600
2019-05-28,25.09000015258789,25.489999771118164,24.850000381469727,25.06999969482422,82700
2019-05-29,25.399999618530273,25.6200008392334,24.899999618530273,24.899999618530273,69000
2019-05-30,25.780000686645508,25.940000534057617,25.34000015258789,25.34000015258789,69400
2019-05-31,25.350000381469727,25.729999542236328,25.280000686645508,25.479999542236328,42500
2019-06-03,25.31999969482422,25.510000228881836,25.049999237060547,25.18000030517578,78000
2019-06-04,25.6200008392334,25.760000228881836,25.40999984741211,25.479999542236328,85100
2019-06-05,25.729999542236328,25.809999465942383,25.40999984741211,25.639999389648438,46700
2019-06-06,26.559999465942383,26.59000015258789,25.75,25.75,93200
2019-06-07,26.420000076293945,26.690000534057617,26.399999618530273,26.610000610351562,42700
2019-06-10,26.739999771118164,27.170000076293945,26.510000228881836,26.520000457763672,36800
2019-06-11,26.700000762939453,26.899999618530273,26.510000228881836,26.649999618530273,135500
2019-06-12,26.31999969482422,26.559999465942383,26.309999465942383,26.540000915527344,63400
2019-06-13,26.700000762939453,26.850000381469727,26.299999237060547,26.299999237060547,56700
2019-06-14,26.440000534057617,26.530000686645508,26.190000534057617,26.329999923706055,58100
2019-06-17,25.670000076293945,26.079999923706055,25.170000076293945,25.739999771118164,312700
2019-06-18,26.360000610351562,26.549999237060547,25.56999969482422,25.610000610351562,292100
2019-06-19,26.020000457763672,26.479999542236328,25.959999084472656,26.40999984741211,101600
2019-06-20,25.530000686645508,25.979999542236328,25.270000457763672,25.93000030517578,161400
2019-06-21,25.56999969482422,25.65999984741211,25.1299991607666,25.549999237060547,275900
2019-06-24,25.239999771118164,25.75,25.219999313354492,25.399999618530273,279100
2019-06-25,25.1200008392334,25.59000015258789,25.040000915527344,25.1200008392334,334200
2019-06-26,24.959999084472656,25.299999237060547,24.81999969482422,25.15999984741211,464000
2019-06-27,25.6200008392334,25.700000762939453,24.790000915527344,24.790000915527344,413300
2019-06-28,25.59000015258789,26.100000381469727,25.59000015258789,25.799999237060547,135500
2019-07-01,25.889999389648438,25.979999542236328,25.6299991607666,25.719999313354492,430700
2019-07-02,25.8700008392334,25.989999771118164,25.610000610351562,25.989999771118164,198600
2019-07-03,25.809999465942383,26.100000381469727,25.5,25.860000610351562,200400
2019-07-05,25.850000381469727,26.100000381469727,25.700000762939453,25.93000030517578,52600
2019-07-08,25.190000534057617,25.920000076293945,25.06999969482422,25.920000076293945,72300
2019-07-09,25.299999237060547,25.34000015258789,25.06999969482422,25.09000015258789,59900
2019-07-10,25.43000030517578,25.790000915527344,25.34000015258789,25.510000228881836,64100
2019-07-11,25.110000610351562,25.610000610351562,25.020000457763672,25.610000610351562,45800
2019-07-12,25.020000457763672,25.229999542236328,24.809999465942383,25.1299991607666,65700
2019-07-15,25.200000762939453,25.260000228881836,24.959999084472656,24.989999771118164,57500
2019-07-16,25.030000686645508,25.25,24.950000762939453,25.190000534057617,75600
2019-07-17,25.290000915527344,25.399999618530273,25.100000381469727,25.209999084472656,40500
2019-07-18,26.040000915527344,26.1200008392334,25.34000015258789,25.3799991607666,89100
2019-07-19,26.030000686645508,26.34000015258789,25.989999771118164,26.040000915527344,92700
2019-07-22,26.93000030517578,27.149999618530273,26.420000076293945,26.469999313354492,92100
2019-07-23,27.600000381469727,27.6200008392334,27.110000610351562,27.139999389648438,182100
2019-07-24,28.729999542236328,28.75,27.8700008392334,27.8700008392334,100900
2019-07-25,28.079999923706055,28.579999923706055,28.049999237060547,28.530000686645508,99700
2019-07-26,28.239999771118164,28.309999465942383,27.81999969482422,28.270000457763672,45300
2019-07-29,28.479999542236328,28.700000762939453,28.059999465942383,28.360000610351562,221400
2019-07-30,29.389999389648438,29.799999237060547,28.280000686645508,28.280000686645508,621000
2019-07-31,29.049999237060547,29.59000015258789,28.809999465942383,29.559999465942383,147800
2019-08-01,28.700000762939453,29.3799991607666,28.3700008392334,29.079999923706055,172800
2019-08-02,28.34000015258789,28.700000762939453,28.030000686645508,28.549999237060547,115000
2019-08-05,27.040000915527344,27.520000457763672,26.799999237060547,27.510000228881836,136300
2019-08-06,26.8700008392334,27.6299991607666,26.809999465942383,27.25,92700
2019-08-07,27.790000915527344,28.010000228881836,26.329999923706055,27.31999969482422,188000
2019-08-08,28.459999084472656,28.700000762939453,27.969999313354492,28.170000076293945,123500
2019-08-09,28.239999771118164,28.559999465942383,27.81999969482422,28.079999923706055,112800
2019-08-12,27.959999084472656,28.139999389648438,27.780000686645508,27.809999465942383,116000
2019-08-13,28.760000228881836,28.850000381469727,27.780000686645508,27.829999923706055,129800
2019-08-14,27.920000076293945,28.579999923706055,27.540000915527344,28.350000381469727,94800
2019-08-15,27.649999618530273,27.969999313354492,27.079999923706055,27.6200008392334,108200
2019-08-16,28.399999618530273,28.530000686645508,27.850000381469727,27.850000381469727,68900
2019-08-19,28.700000762939453,29.079999923706055,28.579999923706055,28.850000381469727,59100
2019-08-20,28.440000534057617,28.950000762939453,28.43000030517578,28.700000762939453,44900
2019-08-21,28.709999084472656,28.760000228881836,28.25,28.760000228881836,70800
2019-08-22,28.93000030517578,29.030000686645508,28.3700008392334,28.68000030517578,42300
2019-08-23,27.93000030517578,28.760000228881836,27.850000381469727,28.709999084472656,68600
2019-08-26,27.649999618530273,28.049999237060547,27.5,27.850000381469727,68900
2019-08-27,27.420000076293945,27.920000076293945,27.110000610351562,27.920000076293945,48400
2019-08-28,27.18000030517578,27.530000686645508,26.979999542236328,27.239999771118164,34700
2019-08-29,27.959999084472656,28.010000228881836,27.5,27.5,55100
2019-08-30,27.700000762939453,28.06999969482422,27.65999984741211,27.770000457763672,29500
2019-09-03,27.770000457763672,28.020000457763672,27.239999771118164,27.399999618530273,65900
2019-09-04,28.360000610351562,28.450000762939453,27.950000762939453,28.049999237060547,117300
2019-09-05,29.93000030517578,30.0,28.729999542236328,28.809999465942383,161000
2019-09-06,29.5,29.899999618530273,29.020000457763672,29.829999923706055,57200
2019-09-09,30.5,30.59000015258789,29.459999084472656,29.469999313354492,128400
2019-09-10,30.809999465942383,31.0,30.100000381469727,30.270000457763672,112000
2019-09-11,31.25,31.25,30.719999313354492,30.790000915527344,55000
2019-09-12,31.420000076293945,31.790000915527344,31.149999618530273,31.309999465942383,40700
2019-09-13,31.84000015258789,31.889999389648438,31.020000457763672,31.020000457763672,36900
2019-09-16,31.739999771118164,31.799999237060547,31.110000610351562,31.299999237060547,65200
2019-09-17,31.809999465942383,31.889999389648438,31.100000381469727,31.729999542236328,68800
2019-09-18,31.6299991607666,31.979999542236328,31.280000686645508,31.799999237060547,27700
2019-09-19,31.420000076293945,31.690000534057617,31.209999084472656,31.579999923706055,29000
2019-09-20,31.25,31.549999237060547,30.549999237060547,31.549999237060547,49100
2019-09-23,31.270000457763672,31.510000228881836,30.81999969482422,30.81999969482422,87500
2019-09-24,31.25,31.700000762939453,30.559999465942383,31.510000228881836,157800
2019-09-25,31.600000381469727,31.639999389648438,30.690000534057617,30.959999084472656,79900
2019-09-26,32.0099983215332,32.31999969482422,31.690000534057617,31.75,137600
2019-09-27,31.559999465942383,32.38999938964844,31.260000228881836,32.38999938964844,56400
2019-09-30,31.770000457763672,31.799999237060547,31.200000762939453,31.6299991607666,115400
2019-10-01,31.25,32.15999984741211,31.170000076293945,31.940000534057617,37500
2019-10-02,30.84000015258789,31.110000610351562,30.100000381469727,31.110000610351562,52200
2019-10-03,31.010000228881836,31.059999465942383,30.110000610351562,30.84000015258789,45100
2019-10-04,31.600000381469727,31.709999084472656,30.799999237060547,31.139999389648438,27200
2019-10-07,32.0,32.189998626708984,31.469999313354492,31.469999313354492,57500
2019-10-08,31.450000762939453,31.969999313354492,31.270000457763672,31.860000610351562,42600
2019-10-09,32.09000015258789,32.13999938964844,31.540000915527344,31.8700008392334,29900
2019-10-10,31.799999237060547,32.38999938964844,31.579999923706055,32.0,60700
2019-10-11,32.18000030517578,32.70000076293945,32.060001373291016,32.16999816894531,62000
2019-10-14,32.16999816894531,32.5,31.68000030517578,32.2599983215332,24600
2019-10-15,32.56999969482422,32.779998779296875,32.16999816894531,32.310001373291016,34800
2019-10-16,32.310001373291016,32.720001220703125,31.920000076293945,32.45000076293945,33700
2019-10-17,32.810001373291016,33.15999984741211,32.459999084472656,32.7599983215332,50800
2019-10-18,33.0,33.16999816894531,32.5,32.81999969482422,45500
2019-10-21,33.45000076293945,33.650001525878906,33.2599983215332,33.380001068115234,32700
2019-10-22,32.91999816894531,33.599998474121094,32.86000061035156,33.599998474121094,72100
2019-10-23,32.689998626708984,32.7599983215332,31.93000030517578,32.31999969482422,63400
2019-10-24,34.70000076293945,35.29999923706055,32.810001373291016,32.810001373291016,157700
2019-10-25,35.0,35.20000076293945,34.560001373291016,34.560001373291016,73400
2019-10-28,34.630001068115234,35.810001373291016,34.099998474121094,35.400001525878906,375600
2019-10-29,34.08000183105469,34.4900016784668,33.91999816894531,34.130001068115234,66000
2019-10-30,33.66999816894531,33.91999816894531,33.33000183105469,33.86000061035156,42400
2019-10-31,33.5099983215332,33.720001220703125,33.150001525878906,33.59000015258789,37400
2019-11-01,34.79999923706055,34.84000015258789,33.31999969482422,33.779998779296875,91400
2019-11-04,34.77000045776367,35.0,34.560001373291016,34.939998626708984,110900
2019-11-05,35.209999084472656,35.599998474121094,34.59000015258789,34.689998626708984,41100
2019-11-06,34.849998474121094,35.029998779296875,34.290000915527344,35.0,49700
2019-11-07,36.04999923706055,36.95000076293945,34.68000030517578,34.72999954223633,323000
2019-11-08,36.27000045776367,36.529998779296875,35.88999938964844,36.0,117900
2019-11-11,36.439998626708984,36.59000015258789,35.63999938964844,35.880001068115234,70800
2019-11-12,36.79999923706055,37.20000076293945,36.52000045776367,36.70000076293945,66100
2019-11-13,36.61000061035156,37.20000076293945,36.560001373291016,36.59000015258789,59600
2019-11-14,36.790000915527344,36.79999923706055,36.27000045776367,36.400001525878906,54000
2019-11-15,37.349998474121094,37.470001220703125,37.029998779296875,37.040000915527344,71600
2019-11-18,36.869998931884766,37.52000045776367,36.720001220703125,37.41999816894531,44400
2019-11-19,36.38999938964844,37.04999923706055,36.31999969482422,37.040000915527344,43700
2019-11-20,35.79999923706055,36.290000915527344,35.36000061035156,36.11000061035156,37600
2019-11-21,34.439998626708984,35.5099983215332,34.36000061035156,35.470001220703125,47100
2019-11-22,34.119998931884766,34.97999954223633,33.54999923706055,34.599998474121094,25500
2019-11-25,35.33000183105469,35.34000015258789,34.33000183105469,34.369998931884766,41500
2019-11-26,35.70000076293945,35.77000045776367,35.29999923706055,35.380001068115234,35700
2019-11-27,35.66999816894531,35.93000030517578,35.439998626708984,35.720001220703125,41800
2019-11-29,36.119998931884766,36.279998779296875,35.650001525878906,36.20000076293945,76000
2019-12-02,35.20000076293945,36.099998474121094,35.119998931884766,36.099998474121094,71000
2019-12-03,34.849998474121094,35.34000015258789,34.630001068115234,34.65999984741211,254400
2019-12-04,35.45000076293945,35.72999954223633,34.79999923706055,35.029998779296875,62200
2019-12-05,35.54999923706055,35.779998779296875,35.310001373291016,35.459999084472656,121000
2019-12-06,35.970001220703125,36.040000915527344,35.630001068115234,35.959999084472656,36400
2019-12-09,35.75,36.20000076293945,35.650001525878906,35.970001220703125,103600
2019-12-10,35.84000015258789,36.47999954223633,35.77000045776367,36.0,54100
2019-12-11,36.619998931884766,36.68000030517578,35.84000015258789,35.84000015258789,46600
2019-12-12,37.279998779296875,37.459999084472656,36.5,36.58000183105469,48100
2019-12-13,37.15999984741211,37.630001068115234,36.810001373291016,37.150001525878906,29600
2019-12-16,37.689998626708984,37.88999938964844,37.38999938964844,37.400001525878906,64100
2019-12-17,37.7400016784668,38.099998474121094,37.369998931884766,37.650001525878906,43700
2019-12-18,37.38999938964844,37.720001220703125,37.2599983215332,37.619998931884766,33600
2019-12-19,37.150001525878906,37.4900016784668,36.970001220703125,37.349998474121094,55200
2019-12-20,38.040000915527344,38.18000030517578,37.02000045776367,37.349998474121094,61600
2019-12-23,38.31999969482422,38.43000030517578,37.65999984741211,38.099998474121094,104400
2019-12-24,38.34000015258789,38.470001220703125,38.18000030517578,38.20000076293945,26600
2019-12-26,38.150001525878906,38.31999969482422,37.880001068115234,37.880001068115234,32600
2019-12-27,38.099998474121094,38.310001373291016,37.959999084472656,38.15999984741211,26500
2019-12-30,37.83000183105469,37.959999084472656,37.56999969482422,37.90999984741211,26200
2019-12-31,37.83000183105469,38.09000015258789,37.65999984741211,37.849998474121094,26400
2020-01-02,37.95000076293945,38.45000076293945,37.72999954223633,38.31999969482422,62200
2020-01-03,37.619998931884766,37.75,37.25,37.61000061035156,29300
2020-01-06,36.41999816894531,37.150001525878906,36.22999954223633,36.91999816894531,67200
2020-01-07,37.20000076293945,37.5,36.599998474121094,36.81999969482422,32400
2020-01-08,37.540000915527344,37.88999938964844,37.25,37.59000015258789,69100
2020-01-09,37.52000045776367,38.189998626708984,37.13999938964844,37.970001220703125,55900
2020-01-10,37.56999969482422,37.95000076293945,36.959999084472656,37.52000045776367,68800
2020-01-13,37.9900016784668,38.04999923706055,37.58000183105469,37.88999938964844,62400
2020-01-14,39.06999969482422,39.150001525878906,38.310001373291016,38.33000183105469,81600
2020-01-15,39.0,39.709999084472656,38.709999084472656,39.689998626708984,140100
2020-01-16,39.77000045776367,40.5099983215332,39.59000015258789,39.720001220703125,131600
2020-01-17,39.880001068115234,39.900001525878906,39.2400016784668,39.790000915527344,44800
2020-01-21,40.27000045776367,40.720001220703125,40.0099983215332,40.279998779296875,331700
2020-01-22,40.54999923706055,41.41999816894531,40.38999938964844,40.84000015258789,147200
2020-01-23,40.93000030517578,41.369998931884766,40.4900016784668,40.7400016784668,185800
2020-01-24,39.970001220703125,41.2599983215332,39.63999938964844,41.2599983215332,74100
2020-01-27,38.09000015258789,39.0,38.040000915527344,38.5,61800
2020-01-28,38.470001220703125,38.58000183105469,38.11000061035156,38.45000076293945,35400
2020-01-29,38.380001068115234,39.130001068115234,38.27000045776367,38.59000015258789,78600
2020-01-30,38.79999923706055,39.18000030517578,37.709999084472656,37.869998931884766,203200
2020-01-31,38.040000915527344,38.66999816894531,37.5,38.65999984741211,259000
2020-02-03,38.400001525878906,38.5,37.40999984741211,37.75,123500
2020-02-04,39.5,39.7599983215332,38.83000183105469,38.83000183105469,85400
2020-02-05,39.65999984741211,39.93000030517578,39.119998931884766,39.650001525878906,388700
2020-02-06,40.459999084472656,40.91999816894531,39.630001068115234,40.0099983215332,133000
2020-02-07,40.13999938964844,40.20000076293945,39.709999084472656,40.09000015258789,64900
2020-02-10,39.849998474121094,40.099998474121094,39.369998931884766,39.689998626708984,129500
2020-02-11,41.47999954223633,41.90999984741211,40.119998931884766,40.13999938964844,435200
2020-02-12,41.540000915527344,42.13999938964844,40.75,41.83000183105469,76400
2020-02-13,41.45000076293945,41.720001220703125,40.15999984741211,40.15999984741211,162900
2020-02-14,39.959999084472656,41.95000076293945,39.540000915527344,41.95000076293945,208600
2020-02-18,38.029998779296875,39.439998626708984,37.619998931884766,38.900001525878906,132900
2020-02-19,39.18000030517578,39.34000015258789,38.11000061035156,38.150001525878906,120500
2020-02-20,38.709999084472656,39.150001525878906,38.0,39.150001525878906,55100
2020-02-21,38.29999923706055,38.439998626708984,37.779998779296875,38.439998626708984,100500
2020-02-24,37.099998474121094,37.400001525878906,36.0099983215332,36.279998779296875,241000
2020-02-25,36.08000183105469,37.400001525878906,36.02000045776367,37.18000030517578,143100
2020-02-26,36.70000076293945,37.220001220703125,36.22999954223633,36.7400016784668,81100
2020-02-27,36.040000915527344,36.33000183105469,35.08000183105469,35.40999984741211,183500
2020-02-28,35.34000015258789,36.33000183105469,34.43000030517578,34.709999084472656,164700
2020-03-02,35.79999923706055,35.939998626708984,34.66999816894531,35.470001220703125,99100
2020-03-03,36.40999984741211,36.86000061035156,35.630001068115234,35.939998626708984,335100
2020-03-04,37.2599983215332,37.31999969482422,35.93000030517578,36.61000061035156,77300
2020-03-05,36.59000015258789,36.689998626708984,35.72999954223633,36.189998626708984,127800
2020-03-06,36.5099983215332,36.59000015258789,35.709999084472656,35.7599983215332,213600
2020-03-09,32.5,33.84000015258789,30.06999969482422,30.3799991607666,313900
2020-03-10,34.66999816894531,34.79999923706055,33.95000076293945,34.7599983215332,180100
2020-03-11,33.13999938964844,34.56999969482422,32.70000076293945,33.86000061035156,110800
2020-03-12,30.239999771118164,32.599998474121094,30.0,31.09000015258789,152600
2020-03-13,32.47999954223633,33.08000183105469,30.200000762939453,32.119998931884766,64500
2020-03-16,28.709999084472656,30.200000762939453,27.5,28.84000015258789,104000
2020-03-17,30.59000015258789,31.219999313354492,27.260000228881836,28.040000915527344,298000
2020-03-18,26.81999969482422,29.299999237060547,25.700000762939453,28.360000610351562,105300
2020-03-19,28.059999465942383,29.450000762939453,26.760000228881836,26.799999237060547,112400
2020-03-20,28.540000915527344,31.389999389648438,28.1299991607666,28.420000076293945,92300
2020-03-23,28.899999618530273,29.5,27.420000076293945,28.049999237060547,149000
2020-03-24,31.93000030517578,32.25,29.989999771118164,29.989999771118164,97200
2020-03-25,31.770000457763672,33.439998626708984,31.200000762939453,31.389999389648438,69900
2020-03-26,34.54999923706055,34.68000030517578,32.2400016784668,32.5,96200
2020-03-27,32.060001373291016,33.79999923706055,31.709999084472656,33.79999923706055,71800
2020-03-30,33.25,33.77000045776367,32.75,33.0099983215332,41500
2020-03-31,32.650001525878906,33.72999954223633,32.09000015258789,33.25,70700
2020-04-01,32.0,32.849998474121094,31.65999984741211,31.65999984741211,83700
2020-04-02,32.0,32.65999984741211,31.540000915527344,31.540000915527344,139100
2020-04-03,31.760000228881836,32.2599983215332,31.260000228881836,31.739999771118164,72700
2020-04-06,34.2599983215332,34.66999816894531,32.7599983215332,32.7599983215332,47800
2020-04-07,35.630001068115234,36.209999084472656,34.720001220703125,36.029998779296875,77500
2020-04-08,35.630001068115234,35.9900016784668,34.59000015258789,35.900001525878906,35300
2020-04-09,35.5,36.529998779296875,34.88999938964844,36.529998779296875,48000
2020-04-13,35.2400016784668,36.060001373291016,35.20000076293945,35.75,50000
2020-04-14,36.13999938964844,36.84000015258789,35.209999084472656,36.150001525878906,51900
2020-04-15,35.029998779296875,35.380001068115234,34.349998474121094,35.2400016784668,44000
2020-04-16,36.459999084472656,36.790000915527344,35.5,35.900001525878906,158400
2020-04-17,36.779998779296875,38.220001220703125,36.310001373291016,37.56999969482422,66300
2020-04-20,36.65999984741211,37.880001068115234,36.540000915527344,37.7599983215332,100600
2020-04-21,35.40999984741211,36.58000183105469,35.06999969482422,36.310001373291016,81400
2020-04-22,38.41999816894531,38.79999923706055,36.5,36.5,155800
2020-04-23,37.65999984741211,38.810001373291016,37.40999984741211,38.79999923706055,60100
2020-04-24,37.959999084472656,38.70000076293945,36.849998474121094,38.18000030517578,70600
2020-04-27,38.29999923706055,38.65999984741211,37.709999084472656,37.900001525878906,56100
2020-04-28,37.970001220703125,38.880001068115234,37.65999984741211,38.599998474121094,74900
2020-04-29,39.97999954223633,39.9900016784668,38.61000061035156,38.61000061035156,52900
2020-04-30,38.310001373291016,40.27000045776367,38.0,39.900001525878906,70400
2020-05-01,36.52000045776367,38.13999938964844,35.459999084472656,37.84000015258789,162900
2020-05-04,36.31999969482422,36.33000183105469,35.65999984741211,36.0,120600
2020-05-05,38.099998474121094,38.86000061035156,37.81999969482422,38.5,101600
2020-05-06,39.15999984741211,39.630001068115234,38.47999954223633,39.06999969482422,92500
2020-05-07,39.75,40.0,39.38999938964844,39.880001068115234,77400
2020-05-08,41.77000045776367,41.900001525878906,40.52000045776367,40.88999938964844,110900
2020-05-11,42.0099983215332,42.5,41.279998779296875,42.349998474121094,119200
2020-05-12,41.040000915527344,43.0099983215332,40.869998931884766,42.95000076293945,125200
2020-05-13,39.91999816894531,41.470001220703125,39.13999938964844,41.31999969482422,102000
2020-05-14,43.31999969482422,43.790000915527344,39.130001068115234,43.790000915527344,236600
2020-05-15,43.02000045776367,43.79999923706055,41.709999084472656,43.0,164300
2020-05-18,44.029998779296875,45.09000015258789,43.18000030517578,45.09000015258789,153700
2020-05-19,44.63999938964844,45.86000061035156,44.380001068115234,44.439998626708984,145400
2020-05-20,46.22999954223633,47.290000915527344,45.369998931884766,45.369998931884766,172200
2020-05-21,45.16999816894531,46.959999084472656,44.869998931884766,46.650001525878906,90500
2020-05-22,47.099998474121094,47.97999954223633,44.70000076293945,44.72999954223633,197500
2020-05-26,47.630001068115234,49.060001373291016,46.65999984741211,48.75,161200
2020-05-27,47.5,48.65999984741211,46.79999923706055,47.84000015258789,110000
2020-05-28,46.36000061035156,47.810001373291016,46.040000915527344,47.810001373291016,60800
2020-05-29,47.70000076293945,47.75,46.27000045776367,46.56999969482422,118000
2020-06-01,48.13999938964844,48.72999954223633,47.810001373291016,48.06999969482422,134300
2020-06-02,47.9900016784668,48.79999923706055,47.310001373291016,48.400001525878906,304600
2020-06-03,48.209999084472656,48.72999954223633,47.619998931884766,48.11000061035156,117100
2020-06-04,47.880001068115234,48.720001220703125,46.029998779296875,47.08000183105469,160000
2020-06-05,49.2599983215332,49.439998626708984,47.709999084472656,48.29999923706055,101400
2020-06-08,49.68000030517578,51.22999954223633,49.0,49.97999954223633,179700
2020-06-09,50.189998626708984,50.86000061035156,49.31999969482422,49.439998626708984,116400
2020-06-10,49.72999954223633,50.86000061035156,48.880001068115234,50.86000061035156,141900
2020-06-11,46.15999984741211,48.91999816894531,45.689998626708984,48.029998779296875,159500
2020-06-12,47.43000030517578,48.380001068115234,45.33000183105469,46.84000015258789,165200
2020-06-15,47.91999816894531,48.209999084472656,46.709999084472656,46.709999084472656,194600
2020-06-16,49.939998626708984,51.20000076293945,49.61000061035156,50.59000015258789,444400
2020-06-17,49.630001068115234,50.720001220703125,49.5,49.90999984741211,198100
2020-06-18,49.150001525878906,49.83000183105469,48.4900016784668,48.5099983215332,180500
2020-06-19,48.09000015258789,49.400001525878906,48.06999969482422,48.900001525878906,195300
2020-06-22,47.540000915527344,47.77000045776367,45.04999923706055,47.040000915527344,228100
2020-06-23,48.02000045776367,48.15999984741211,47.27000045776367,47.54999923706055,121100
2020-06-24,47.84000015258789,48.25,47.099998474121094,47.36000061035156,209000
2020-06-25,48.20000076293945,48.31999969482422,46.95000076293945,47.25,79600
2020-06-26,46.90999984741211,48.2599983215332,46.77000045776367,48.2599983215332,85500
2020-06-29,46.56999969482422,47.189998626708984,46.27000045776367,46.79999923706055,155400
2020-06-30,48.189998626708984,48.290000915527344,46.849998474121094,46.90999984741211,117000
2020-07-01,47.7400016784668,48.22999954223633,46.68000030517578,47.97999954223633,164000
2020-07-02,48.650001525878906,49.060001373291016,48.150001525878906,48.22999954223633,97200
2020-07-06,49.400001525878906,49.7400016784668,48.79999923706055,49.45000076293945,131600
2020-07-07,48.470001220703125,49.439998626708984,48.310001373291016,49.150001525878906,93800
2020-07-08,48.72999954223633,48.849998474121094,48.029998779296875,48.47999954223633,66800
2020-07-09,49.41999816894531,49.66999816894531,48.08000183105469,49.0,129100
2020-07-10,48.81999969482422,49.220001220703125,47.790000915527344,49.220001220703125,88500
2020-07-13,48.18000030517578,50.529998779296875,48.16999816894531,49.81999969482422,114400
2020-07-14,48.56999969482422,48.970001220703125,47.560001373291016,47.939998626708984,75400
2020-07-15,48.029998779296875,49.189998626708984,47.11000061035156,48.939998626708984,108600
2020-07-16,47.86000061035156,48.810001373291016,47.34000015258789,47.59000015258789,37900
2020-07-17,48.709999084472656,49.849998474121094,47.880001068115234,47.959999084472656,124400
2020-07-20,49.529998779296875,49.779998779296875,48.5,49.02000045776367,110800
2020-07-21,49.84000015258789,50.970001220703125,49.45000076293945,50.66999816894531,99400
2020-07-22,49.95000076293945,50.75,49.650001525878906,49.88999938964844,71100
2020-07-23,50.220001220703125,51.31999969482422,49.7400016784668,49.7400016784668,97000
2020-07-24,48.599998474121094,49.630001068115234,48.20000076293945,49.630001068115234,78100
2020-07-27,50.470001220703125,50.47999954223633,49.279998779296875,49.459999084472656,117400
2020-07-28,49.150001525878906,50.470001220703125,49.040000915527344,50.470001220703125,87000
2020-07-29,49.4900016784668,50.209999084472656,49.15999984741211,49.63999938964844,88100
2020-07-30,51.0,51.630001068115234,49.0099983215332,49.380001068115234,253300
2020-07-31,51.400001525878906,51.689998626708984,49.369998931884766,51.40999984741211,162500
2020-08-03,53.61000061035156,54.040000915527344,51.5,51.970001220703125,339800
2020-08-04,55.63999938964844,57.0,52.5,53.0,488900
2020-08-05,56.33000183105469,57.869998931884766,55.7400016784668,56.7400016784668,329200
2020-08-06,55.0,57.06999969482422,54.61000061035156,55.880001068115234,283800
2020-08-07,53.90999984741211,55.13999938964844,52.79999923706055,54.58000183105469,139900
2020-08-10,53.189998626708984,54.650001525878906,52.689998626708984,54.0099983215332,71900
2020-08-11,53.060001373291016,53.7599983215332,52.7400016784668,52.88999938964844,92600
2020-08-12,54.619998931884766,54.68000030517578,53.45000076293945,53.79999923706055,113200
2020-08-13,55.040000915527344,56.16999816894531,54.04999923706055,55.029998779296875,140900
2020-08-14,54.959999084472656,55.5,54.220001220703125,54.81999969482422,52100
2020-08-17,56.58000183105469,56.72999954223633,55.279998779296875,55.529998779296875,82400
2020-08-18,55.97999954223633,56.95000076293945,55.77000045776367,56.88999938964844,56400
2020-08-19,55.45000076293945,56.0,54.689998626708984,55.88999938964844,92400
2020-08-20,54.119998931884766,55.0,53.68000030517578,54.86000061035156,57300
2020-08-21,54.20000076293945,54.61000061035156,53.18000030517578,54.15999984741211,70100
2020-08-24,54.0,55.06999969482422,53.72999954223633,55.06999969482422,60000
2020-08-25,54.04999923706055,54.45000076293945,53.7400016784668,53.7400016784668,53100
2020-08-26,54.38999938964844,55.130001068115234,54.04999923706055,54.380001068115234,57100
2020-08-27,52.93000030517578,54.77000045776367,51.90999984741211,54.650001525878906,164500
2020-08-28,53.84000015258789,54.16999816894531,52.79999923706055,53.0099983215332,55300
2020-08-31,53.08000183105469,54.33000183105469,53.040000915527344,53.75,108700
2020-09-01,53.77000045776367,53.880001068115234,52.939998626708984,53.0,87400
2020-09-02,54.72999954223633,55.08000183105469,54.119998931884766,54.18000030517578,94400
2020-09-03,51.86000061035156,53.06999969482422,51.18000030517578,53.06999969482422,259000
2020-09-04,50.5099983215332,51.70000076293945,48.47999954223633,51.54999923706055,181800
2020-09-08,46.93000030517578,49.130001068115234,46.88999938964844,48.97999954223633,233500
2020-09-09,47.7400016784668,48.4900016784668,47.41999816894531,47.70000076293945,126700
2020-09-10,47.31999969482422,48.209999084472656,47.2599983215332,47.689998626708984,116600
2020-09-11,46.79999923706055,48.150001525878906,46.06999969482422,47.880001068115234,131600
2020-09-14,48.349998474121094,49.0,48.04999923706055,48.11000061035156,66100
2020-09-15,49.2599983215332,49.970001220703125,48.84000015258789,49.31999969482422,185000
2020-09-16,49.849998474121094,49.90999984741211,48.650001525878906,49.36000061035156,208500
2020-09-17,50.11000061035156,50.27000045776367,48.79999923706055,48.79999923706055,191600
2020-09-18,49.619998931884766,50.9900016784668,49.27000045776367,50.52000045776367,33600
2020-09-21,49.7400016784668,49.81999969482422,48.43000030517578,48.47999954223633,59700
2020-09-22,50.38999938964844,50.779998779296875,49.0,49.70000076293945,58200
2020-09-23,49.290000915527344,50.83000183105469,49.25,49.900001525878906,122100
2020-09-24,50.029998779296875,50.650001525878906,48.75,48.75,61100
2020-09-25,50.52000045776367,50.59000015258789,49.130001068115234,49.959999084472656,64600
2020-09-28,51.63999938964844,51.91999816894531,50.41999816894531,51.130001068115234,86300
2020-09-29,52.45000076293945,52.900001525878906,51.43000030517578,51.59000015258789,100000
2020-09-30,52.13999938964844,52.900001525878906,52.0,52.290000915527344,69400
2020-10-01,54.02000045776367,54.11000061035156,53.189998626708984,53.189998626708984,66100
2020-10-02,52.560001373291016,53.040000915527344,52.09000015258789,52.75,53000
2020-10-05,53.779998779296875,54.0,53.060001373291016,53.060001373291016,31900
2020-10-06,53.22999954223633,54.33000183105469,53.209999084472656,53.79999923706055,44300
2020-10-07,53.88999938964844,54.4900016784668,53.36000061035156,53.90999984741211,58600
2020-10-08,55.08000183105469,55.16999816894531,54.02000045776367,54.09000015258789,45000
2020-10-09,56.04999923706055,56.58000183105469,55.529998779296875,55.61000061035156,55200
2020-10-12,56.849998474121094,57.13999938964844,56.380001068115234,56.380001068115234,47000
2020-10-13,58.5099983215332,59.0,51.939998626708984,56.72999954223633,1970700
2020-10-14,58.369998931884766,59.400001525878906,56.88999938964844,58.61000061035156,1671100
2020-10-15,57.31999969482422,58.060001373291016,56.7599983215332,57.16999816894531,268800
2020-10-16,56.470001220703125,57.97999954223633,55.709999084472656,57.97999954223633,83700
2020-10-19,57.689998626708984,57.810001373291016,57.2599983215332,57.40999984741211,252900
2020-10-20,57.75,58.81999969482422,57.220001220703125,58.81999969482422,166700
2020-10-21,58.31999969482422,59.060001373291016,57.41999816894531,57.68000030517578,176400
2020-10-22,57.279998779296875,58.29999923706055,56.439998626708984,58.20000076293945,84400
2020-10-23,57.47999954223633,57.61000061035156,56.310001373291016,57.09000015258789,143700
2020-10-26,56.63999938964844,57.34000015258789,56.29999923706055,56.45000076293945,185200
2020-10-27,56.90999984741211,57.599998474121094,56.400001525878906,57.20000076293945,80600
2020-10-28,55.25,56.310001373291016,54.720001220703125,56.310001373291016,114400
2020-10-29,56.540000915527344,57.209999084472656,55.529998779296875,55.880001068115234,136800
2020-10-30,55.630001068115234,56.22999954223633,54.91999816894531,56.060001373291016,128200
2020-11-02,56.5099983215332,56.97999954223633,55.34000015258789,56.040000915527344,201100
2020-11-03,58.36000061035156,59.27000045776367,56.09000015258789,56.25,228200
2020-11-04,60.20000076293945,60.93000030517578,58.880001068115234,59.70000076293945,172300
2020-11-05,61.810001373291016,62.279998779296875,60.720001220703125,61.02000045776367,113800
2020-11-06,62.88999938964844,63.09000015258789,61.5,61.95000076293945,51200
2020-11-09,61.540000915527344,65.0,61.40999984741211,64.47000122070312,92300
2020-11-10,59.29999923706055,60.63999938964844,59.099998474121094,60.0099983215332,118000
2020-11-11,60.90999984741211,61.650001525878906,59.61000061035156,59.88999938964844,122400
2020-11-12,60.5099983215332,61.84000015258789,59.13999938964844,60.33000183105469,142600
2020-11-13,60.90999984741211,61.54999923706055,60.43000030517578,60.43000030517578,119700
2020-11-16,61.95000076293945,62.20000076293945,61.0099983215332,61.0099983215332,132700
2020-11-17,61.9900016784668,62.099998474121094,60.29999923706055,61.9900016784668,126100
2020-11-18,61.47999954223633,62.22999954223633,60.95000076293945,61.93000030517578,73900
2020-11-19,61.630001068115234,61.869998931884766,60.970001220703125,61.540000915527344,84100
2020-11-20,61.439998626708984,62.66999816894531,61.36000061035156,61.63999938964844,107000
2020-11-23,62.0,62.29999923706055,60.54999923706055,62.119998931884766,121900
2020-11-24,63.689998626708984,63.970001220703125,61.5,62.06999969482422,214000
2020-11-25,63.09000015258789,64.0,61.68000030517578,63.9900016784668,91100
2020-11-27,65.22000122070312,65.37999725341797,63.689998626708984,63.689998626708984,51300
2020-11-30,64.54000091552734,65.54000091552734,63.5099983215332,65.08999633789062,95000
2020-12-01,64.70999908447266,65.19999694824219,64.20999908447266,64.75,127300
2020-12-02,65.16999816894531,65.5199966430664,64.36000061035156,64.9800033569336,84300
2020-12-03,65.63999938964844,66.76000213623047,65.33000183105469,65.33000183105469,80100
2020-12-04,67.48999786376953,67.5199966430664,65.43000030517578,66.0,123400
2020-12-07,69.5199966430664,69.88999938964844,65.87000274658203,67.37000274658203,251500
2020-12-08,69.94999694824219,70.5,68.33000183105469,69.19999694824219,162100
2020-12-09,68.08000183105469,71.25,67.0199966430664,70.73999786376953,214200
2020-12-10,68.33000183105469,68.6500015258789,67.0,67.56999969482422,97300
2020-12-11,68.29000091552734,69.44000244140625,67.31999969482422,68.0,62300
2020-12-14,70.1500015258789,70.54000091552734,69.16999816894531,69.16999816894531,92200
2020-12-15,71.33999633789062,72.0,70.05999755859375,70.05999755859375,85600
2020-12-16,70.95999908447266,72.52999877929688,70.56999969482422,70.56999969482422,158100
2020-12-17,70.23999786376953,71.6500015258789,69.7300033569336,71.6500015258789,48400
2020-12-18,70.87999725341797,71.6500015258789,69.88999938964844,70.38999938964844,70900
2020-12-21,69.9800033569336,70.55000305175781,67.75,68.55000305175781,112400
2020-12-22,70.0,70.33000183105469,68.66999816894531,70.01000213623047,81800
2020-12-23,69.13999938964844,70.37999725341797,68.97000122070312,70.12999725341797,58000
2020-12-24,70.33999633789062,71.41000366210938,69.75,70.27999877929688,52800
2020-12-28,70.12000274658203,71.80999755859375,69.43000030517578,71.69999694824219,41200
2020-12-29,68.91999816894531,71.25,68.55000305175781,71.16999816894531,33600
2020-12-30,70.44999694824219,71.08000183105469,69.31999969482422,69.31999969482422,47900
2020-12-31,70.5999984741211,71.33999633789062,69.31999969482422,71.0999984741211,48700
2021-01-04,70.72000122070312,72.4000015258789,69.37999725341797,70.80000305175781,89300
2021-01-05,70.9000015258789,71.81999969482422,70.02999877929688,70.02999877929688,316300
2021-01-06,70.83000183105469,71.44000244140625,69.62000274658203,70.06999969482422,94300
2021-01-07,74.19999694824219,74.19999694824219,71.76000213623047,71.9000015258789,110400
2021-01-08,76.23999786376953,76.91999816894531,74.37000274658203,74.87999725341797,173000
2021-01-11,77.80000305175781,78.80000305175781,76.11000061035156,76.11000061035156,132600
2021-01-12,77.51000213623047,78.37000274658203,76.91000366210938,78.37000274658203,45400
2021-01-13,76.98999786376953,77.06999969482422,75.66000366210938,76.61000061035156,61700
2021-01-14,80.06999969482422,81.08999633789062,77.7699966430664,77.7699966430664,92100
2021-01-15,78.16000366210938,80.91999816894531,77.04000091552734,78.69999694824219,174000
2021-01-19,80.0,80.66000366210938,78.30000305175781,79.18000030517578,157700
2021-01-20,79.72000122070312,81.16000366210938,78.4800033569336,80.75,77100
2021-01-21,79.4000015258789,80.16000366210938,77.77999877929688,79.23999786376953,120600
2021-01-22,77.83999633789062,80.47000122070312,76.95999908447266,79.3499984741211,113400
2021-01-25,77.43000030517578,79.94000244140625,76.8499984741211,77.94000244140625,60500
2021-01-26,76.45999908447266,78.12000274658203,75.62000274658203,77.94000244140625,131500
2021-01-27,71.4000015258789,75.11000061035156,70.75,74.93000030517578,116700
2021-01-28,72.30000305175781,74.97000122070312,72.30000305175781,73.9000015258789,176300
2021-01-29,69.62999725341797,73.75,69.45999908447266,72.51000213623047,122200
2021-02-01,73.08999633789062,73.25,70.9000015258789,71.36000061035156,103700
2021-02-02,74.5999984741211,75.12999725341797,73.55000305175781,74.4800033569336,134900
2021-02-03,75.4800033569336,76.33999633789062,73.7699966430664,74.87999725341797,514500
2021-02-04,76.62000274658203,76.62000274658203,74.81999969482422,75.7300033569336,69300
2021-02-05,75.30000305175781,76.94999694824219,75.12000274658203,76.94999694824219,76900
2021-02-08,78.12999725341797,78.41999816894531,76.26000213623047,76.41999816894531,125500
2021-02-09,78.05999755859375,79.06999969482422,77.22000122070312,78.8499984741211,81200
2021-02-10,77.72000122070312,78.98999786376953,77.19000244140625,77.43000030517578,71500
2021-02-11,81.6500015258789,81.8499984741211,78.83999633789062,78.83999633789062,98000
2021-02-12,83.86000061035156,84.73999786376953,81.38999938964844,81.75,113700
2021-02-16,84.45999908447266,85.75,83.58999633789062,83.58999633789062,98900
2021-02-17,83.06999969482422,83.95999908447266,80.22000122070312,83.95999908447266,131400
2021-02-18,83.55000305175781,85.25,81.08999633789062,85.05999755859375,326600
2021-02-19,84.6500015258789,86.51000213623047,83.5999984741211,85.86000061035156,226200
2021-02-22,81.55999755859375,84.1500015258789,81.01000213623047,84.08999633789062,174100
2021-02-23,82.44999694824219,82.93000030517578,78.9000015258789,81.37000274658203,290400
2021-02-24,87.69000244140625,88.5,82.0,82.0,158400
2021-02-25,82.01000213623047,85.97000122070312,79.79000091552734,85.70999908447266,350900
2021-02-26,84.0,84.01000213623047,80.75,82.36000061035156,203500
2021-03-01,89.58000183105469,89.83999633789062,86.43000030517578,86.5,403800
2021-03-02,87.22000122070312,90.02999877929688,87.0,90.02999877929688,183800
2021-03-03,86.7300033569336,87.01000213623047,84.19000244140625,86.5999984741211,183100
2021-03-04,79.0,85.58000183105469,76.76000213623047,85.58000183105469,695400
2021-03-05,81.61000061035156,82.0199966430664,77.30000305175781,78.94999694824219,160900
2021-03-08,77.04000091552734,80.7300033569336,76.91999816894531,80.36000061035156,203100
2021-03-09,82.47000122070312,83.33000183105469,78.91000366210938,78.91000366210938,127800
2021-03-10,80.5199966430664,84.80000305175781,80.0999984741211,82.87000274658203,103200
2021-03-11,84.2300033569336,84.6500015258789,82.55000305175781,82.94000244140625,111600
2021-03-12,83.66000366210938,83.88999938964844,81.75,82.55000305175781,70000
2021-03-15,84.6500015258789,84.6500015258789,83.31999969482422,84.33000183105469,111900
2021-03-16,86.66999816894531,88.25,85.69000244140625,85.94000244140625,194300
2021-03-17,87.30000305175781,88.11000061035156,84.08000183105469,86.52999877929688,204000
2021-03-18,84.5999984741211,86.68000030517578,84.43000030517578,86.44000244140625,251200
2021-03-19,85.5199966430664,86.11000061035156,83.5999984741211,84.66000366210938,114200
2021-03-22,88.13999938964844,89.94000244140625,86.94000244140625,86.94000244140625,152300
2021-03-23,85.62999725341797,89.76000213623047,85.19000244140625,88.66000366210938,92800
2021-03-24,85.83000183105469,89.48999786376953,85.5999984741211,87.63999938964844,160200
2021-03-25,84.48999786376953,85.0199966430664,81.80000305175781,83.33000183105469,182700
2021-03-26,87.8499984741211,88.16999816894531,80.0199966430664,84.98999786376953,109000
2021-03-29,86.75,87.61000061035156,85.0999984741211,87.0,57700
2021-03-30,87.05000305175781,87.97000122070312,84.81999969482422,85.37999725341797,202900
2021-03-31,91.01000213623047,91.38999938964844,88.4000015258789,88.4000015258789,75700
2021-04-01,95.58999633789062,96.33999633789062,91.76000213623047,93.18000030517578,227800
2021-04-05,98.54000091552734,98.63999938964844,95.69999694824219,97.77999877929688,153200
2021-04-06,98.16999816894531,99.79000091552734,96.38999938964844,98.20999908447266,240400
2021-04-07,97.61000061035156,98.58999633789062,96.27999877929688,98.58999633789062,98400
2021-04-08,97.69999694824219,99.66000366210938,97.44999694824219,99.66000366210938,141200
2021-04-09,96.88999938964844,97.25,95.98999786376953,97.0199966430664,103300
2021-04-12,95.73999786376953,97.9800033569336,94.87999725341797,95.4000015258789,141500
2021-04-13,95.23999786376953,96.19000244140625,93.26000213623047,95.86000061035156,106900
2021-04-14,94.86000061035156,96.69999694824219,93.44999694824219,95.63999938964844,63900
2021-04-15,95.29000091552734,96.31999969482422,94.55000305175781,95.3499984741211,66900
2021-04-16,94.97000122070312,95.19999694824219,93.43000030517578,95.0,58600
2021-04-19,93.19000244140625,95.30999755859375,91.51000213623047,95.2699966430664,56800
2021-04-20,90.04000091552734,92.08000183105469,87.91999816894531,91.94000244140625,146500
2021-04-21,94.58999633789062,94.6500015258789,90.95999908447266,91.2300033569336,96500
2021-04-22,95.08000183105469,95.76000213623047,93.9000015258789,95.08000183105469,97300
2021-04-23,97.27999877929688,97.7699966430664,94.83000183105469,95.77999877929688,73700
2021-04-26,98.41000366210938,99.31999969482422,97.0199966430664,98.05000305175781,170600
2021-04-27,98.0,98.5199966430664,97.05000305175781,97.77999877929688,83300
2021-04-28,97.63999938964844,98.08999633789062,96.62999725341797,97.86000061035156,94300
2021-04-29,96.4800033569336,98.18000030517578,95.63999938964844,98.18000030517578,55800
2021-04-30,94.37000274658203,95.94999694824219,93.25,94.87999725341797,50800
2021-05-03,92.6500015258789,95.20999908447266,92.08000183105469,94.23999786376953,68000
2021-05-04,89.62000274658203,91.54000091552734,87.94000244140625,91.54000091552734,83100
2021-05-05,89.69000244140625,92.37999725341797,89.62999725341797,91.79000091552734,266100
2021-05-06,91.94000244140625,93.2699966430664,86.91000366210938,93.2699966430664,156800
2021-05-07,92.86000061035156,94.52999877929688,92.44999694824219,92.81999969482422,80700
2021-05-10,88.30000305175781,91.27999877929688,87.69999694824219,90.93000030517578,133100
2021-05-11,86.1500015258789,87.36000061035156,83.63999938964844,84.52999877929688,211300
2021-05-12,84.41000366210938,85.69999694824219,83.45999908447266,84.58000183105469,201400
2021-05-13,86.12999725341797,87.23999786376953,85.73999786376953,86.0999984741211,89400
2021-05-14,88.80999755859375,89.0,85.80000305175781,86.91000366210938,127200
2021-05-17,87.43000030517578,88.0,85.37000274658203,87.48999786376953,83500
2021-05-18,88.79000091552734,89.55999755859375,86.5199966430664,86.5999984741211,391700
2021-05-19,91.41000366210938,91.5,84.91000366210938,84.91999816894531,186500
2021-05-20,94.05000305175781,94.9800033569336,91.76000213623047,92.06999969482422,164600
2021-05-21,94.2300033569336,95.19000244140625,93.54000091552734,95.11000061035156,284400
2021-05-24,97.69999694824219,98.37000274658203,95.19999694824219,95.33000183105469,237200
2021-05-25,97.95999908447266,99.33000183105469,96.2300033569336,98.4000015258789,101900
2021-05-26,98.18000030517578,98.29000091552734,97.20999908447266,97.20999908447266,114500
2021-05-27,98.47000122070312,99.4000015258789,97.20999908447266,97.20999908447266,118300
2021-05-28,100.22000122070312,100.55000305175781,98.44999694824219,99.04000091552734,70300
2021-06-01,99.94999694824219,102.36000061035156,99.7699966430664,101.68000030517578,179000
2021-06-02,100.58000183105469,101.02999877929688,97.75,99.47000122070312,137400
2021-06-03,98.5999984741211,99.75,96.8499984741211,99.0,136700
2021-06-04,102.7300033569336,103.80000305175781,99.88999938964844,99.88999938964844,125900
2021-06-07,101.11000061035156,102.30000305175781,99.27999877929688,102.30000305175781,120000
2021-06-08,99.61000061035156,101.69000244140625,99.30999755859375,101.08999633789062,70500
2021-06-09,100.0199966430664,101.37999725341797,99.66000366210938,100.45999908447266,41100
2021-06-10,101.20999908447266,101.66999816894531,99.29000091552734,99.29000091552734,55200
2021-06-11,101.26000213623047,101.98999786376953,100.70999908447266,101.72000122070312,33900
2021-06-14,101.0,103.29000091552734,100.22000122070312,101.26000213623047,158300
2021-06-15,99.98999786376953,102.80000305175781,99.5199966430664,101.47000122070312,101700
2021-06-16,99.72000122070312,100.81999969482422,99.0,100.75,90900
2021-06-17,100.88999938964844,101.2699966430664,97.30000305175781,97.69999694824219,223100
2021-06-18,98.33999633789062,100.81999969482422,97.47000122070312,99.55999755859375,111700
2021-06-21,98.44999694824219,99.3499984741211,96.8499984741211,97.48999786376953,74200
2021-06-22,99.36000061035156,99.37999725341797,96.68000030517578,97.16000366210938,70900
2021-06-23,100.0,101.11000061035156,99.62000274658203,100.05999755859375,86800
2021-06-24,102.3499984741211,102.6500015258789,100.76000213623047,101.5,48500
2021-06-25,102.08000183105469,103.0199966430664,101.4000015258789,102.62999725341797,55000
2021-06-28,103.2699966430664,103.36000061035156,101.80999755859375,101.80999755859375,97000
2021-06-29,103.4000015258789,104.06999969482422,102.9800033569336,103.44999694824219,58300
2021-06-30,102.88999938964844,103.1500015258789,101.7699966430664,103.1500015258789,91800
2021-07-01,100.5,102.30999755859375,99.62000274658203,102.30999755859375,60800
2021-07-02,98.88999938964844,100.98999786376953,96.69999694824219,100.20999908447266,150300
2021-07-06,100.1500015258789,100.66000366210938,98.76000213623047,99.18000030517578,80900
2021-07-07,99.5,101.0,98.47000122070312,100.93000030517578,110900
2021-07-08,97.45999908447266,99.13999938964844,95.05999755859375,97.18000030517578,85700
2021-07-09,99.2699966430664,99.73999786376953,97.94000244140625,97.94999694824219,32500
2021-07-12,98.69000244140625,99.38999938964844,98.19999694824219,98.19999694824219,63500
2021-07-13,97.3499984741211,98.87999725341797,97.0,98.87999725341797,75300
2021-07-14,96.69000244140625,100.2300033569336,96.0199966430664,99.26000213623047,57600
2021-07-15,93.80000305175781,96.16999816894531,92.2699966430664,95.87000274658203,119700
2021-07-16,93.05000305175781,96.01000213623047,92.88999938964844,94.5199966430664,144700
2021-07-19,92.33000183105469,92.79000091552734,90.6500015258789,91.98999786376953,59900
2021-07-20,93.81999969482422,94.5,90.37999725341797,91.83000183105469,99100
2021-07-21,97.08000183105469,97.29000091552734,93.5,93.5199966430664,112300
2021-07-22,95.83000183105469,97.95999908447266,95.5,96.47000122070312,90700
2021-07-23,97.4800033569336,97.62999725341797,95.48999786376953,96.25,26100
2021-07-26,96.77999877929688,98.5199966430664,96.16999816894531,96.6500015258789,51600
2021-07-27,93.33000183105469,96.5199966430664,91.41999816894531,96.2699966430664,64600
2021-07-28,95.0999984741211,95.95999908447266,93.38999938964844,93.95999908447266,42800
2021-07-29,96.58999633789062,96.87000274658203,95.0199966430664,95.43000030517578,32700
2021-07-30,97.80000305175781,98.29000091552734,95.76000213623047,95.76000213623047,33700
2021-08-02,97.75,99.8499984741211,97.4800033569336,99.0,36300
2021-08-03,96.61000061035156,98.11000061035156,95.5199966430664,98.0,59800
2021-08-04,97.0,99.75,96.86000061035156,97.5,64300
2021-08-05,99.48999786376953,100.0,96.0,97.91999816894531,152200
2021-08-06,101.16000366210938,102.9000015258789,100.04000091552734,100.16000366210938,84100
2021-08-09,100.37999725341797,102.05000305175781,99.83000183105469,102.05000305175781,84000
2021-08-10,97.54000091552734,100.88999938964844,97.08000183105469,100.41999816894531,50100
2021-08-11,97.23999786376953,98.0,95.87999725341797,98.0,66600
2021-08-12,95.04000091552734,97.44999694824219,94.52999877929688,97.0199966430664,41100
2021-08-13,94.88999938964844,95.76000213623047,93.9000015258789,94.79000091552734,29100
2021-08-16,95.5999984741211,97.11000061035156,94.61000061035156,96.20999908447266,67100
2021-08-17,94.5,94.94999694824219,93.12000274658203,94.51000213623047,81100
2021-08-18,94.47000122070312,95.68000030517578,94.27999877929688,94.76000213623047,61400
2021-08-19,94.80000305175781,95.29000091552734,91.97000122070312,92.81999969482422,66100
2021-08-20,94.0199966430664,95.37000274658203,92.70999908447266,95.37000274658203,32000
2021-08-23,95.5,95.98999786376953,93.94000244140625,93.94999694824219,73300
2021-08-24,95.5999984741211,96.0,94.2300033569336,95.9800033569336,58300
2021-08-25,97.69999694824219,98.05999755859375,95.77999877929688,96.0,72300
2021-08-26,98.0199966430664,98.87000274658203,97.44999694824219,97.83000183105469,44900
2021-08-27,100.6500015258789,100.94000244140625,96.30999755859375,98.18000030517578,47000
2021-08-30,101.31999969482422,101.91999816894531,99.6500015258789,100.97000122070312,65100
2021-08-31,101.1500015258789,101.51000213623047,99.47000122070312,101.31999969482422,110600
2021-09-01,100.41000366210938,101.04000091552734,99.83000183105469,101.0,119300
2021-09-02,100.4000015258789,101.0,99.45999908447266,99.45999908447266,91300
2021-09-03,100.93000030517578,101.7699966430664,98.70999908447266,99.86000061035156,64400
2021-09-07,103.22000122070312,103.2699966430664,101.0199966430664,101.55000305175781,36100
2021-09-08,99.9800033569336,103.29000091552734,99.87000274658203,103.29000091552734,37300
2021-09-09,100.37000274658203,102.81999969482422,98.5199966430664,99.87000274658203,77500
2021-09-10,100.87999725341797,102.41000366210938,99.76000213623047,100.80999755859375,95100
2021-09-13,103.22000122070312,103.80999755859375,101.8499984741211,102.73999786376953,72100
2021-09-14,105.66000366210938,106.55000305175781,104.51000213623047,105.66999816894531,137500
2021-09-15,105.80999755859375,106.27999877929688,103.58999633789062,106.16999816894531,48900
2021-09-16,106.05999755859375,106.29000091552734,104.2300033569336,105.55000305175781,26400
2021-09-17,105.04000091552734,106.81999969482422,103.37999725341797,106.81999969482422,63600
2021-09-20,101.91999816894531,103.76000213623047,101.30000305175781,103.13999938964844,67300
2021-09-21,104.08000183105469,104.72000122070312,101.5,102.98999786376953,53100
2021-09-22,104.69999694824219,104.80999755859375,102.6500015258789,103.80000305175781,53100
2021-09-23,108.63999938964844,109.44999694824219,105.58999633789062,106.37999725341797,157400
2021-09-24,109.62000274658203,110.29000091552734,108.0,108.0,113900
2021-09-27,107.77999877929688,110.1500015258789,105.80000305175781,109.87999725341797,75300
2021-09-28,103.61000061035156,106.5,102.62000274658203,106.08000183105469,47700
2021-09-29,100.73999786376953,105.0999984741211,100.06999969482422,103.61000061035156,160700
2021-09-30,102.29000091552734,102.9800033569336,101.16000366210938,101.5999984741211,73600
2021-10-01,102.80000305175781,103.12999725341797,100.3499984741211,102.6500015258789,50400
2021-10-04,98.19999694824219,104.41000366210938,97.47000122070312,101.66999816894531,68000
2021-10-05,99.9000015258789,101.1500015258789,98.6500015258789,99.51000213623047,72800
2021-10-06,99.0199966430664,99.7699966430664,97.87999725341797,98.48999786376953,55000
2021-10-07,98.97000122070312,100.5999984741211,98.62999725341797,100.5999984741211,76400
2021-10-08,97.19000244140625,99.5199966430664,96.77999877929688,99.5199966430664,44700
2021-10-11,99.43000030517578,100.72000122070312,96.25,96.30999755859375,67700
2021-10-12,98.72000122070312,102.77999877929688,98.4800033569336,102.66000366210938,113800
2021-10-13,100.30000305175781,100.94999694824219,99.23999786376953,99.69000244140625,70900
2021-10-14,103.66000366210938,103.87999725341797,101.4800033569336,102.19999694824219,67400
2021-10-15,103.83000183105469,104.77999877929688,103.26000213623047,104.23999786376953,37800
2021-10-18,102.6500015258789,103.8499984741211,101.76000213623047,103.62000274658203,95900
2021-10-19,104.43000030517578,104.9800033569336,103.02999877929688,103.02999877929688,26400
2021-10-20,102.26000213623047,103.88999938964844,101.81999969482422,103.88999938964844,20000
2021-10-21,101.41000366210938,102.0,100.48999786376953,101.54000091552734,46400
2021-10-22,103.47000122070312,105.3499984741211,102.31999969482422,102.31999969482422,51400
2021-10-25,103.81999969482422,105.0,103.7300033569336,103.7300033569336,108300
2021-10-26,102.75,104.56999969482422,101.62999725341797,104.30000305175781,40800
2021-10-27,102.06999969482422,104.70999908447266,101.43000030517578,103.02999877929688,51700
2021-10-28,105.02999877929688,106.1500015258789,103.33000183105469,103.33000183105469,67300
2021-10-29,108.62000274658203,108.68000030517578,104.0,104.25,81600
2021-11-01,111.18000030517578,111.41000366210938,108.30000305175781,108.80000305175781,213700
2021-11-02,110.8499984741211,111.58999633789062,110.0999984741211,111.18000030517578,218000
2021-11-03,111.18000030517578,112.16000366210938,110.41000366210938,111.30999755859375,89300
2021-11-04,123.75,124.86000061035156,113.9000015258789,117.36000061035156,368800
2021-11-05,126.05000305175781,130.7899932861328,123.2699966430664,125.81999969482422,328900
2021-11-08,128.77000427246094,130.4499969482422,125.97000122070312,127.76000213623047,207500
2021-11-09,128.9499969482422,130.8699951171875,128.50999450683594,129.6999969482422,235200
2021-11-10,127.05999755859375,130.58999633789062,125.08000183105469,127.54000091552734,255000
2021-11-11,131.5800018310547,131.85000610351562,127.55999755859375,128.16000366210938,352000
2021-11-12,131.77999877929688,133.50999450683594,130.4499969482422,131.86000061035156,228200
2021-11-15,131.66000366210938,133.19000244140625,131.1999969482422,132.25999450683594,135100
2021-11-16,132.52999877929688,133.0,132.00999450683594,132.00999450683594,91500
2021-11-17,140.63999938964844,141.67999267578125,135.89999389648438,138.60000610351562,518000
2021-11-18,136.9499969482422,141.6300048828125,136.75999450683594,141.6300048828125,508200
2021-11-19,134.60000610351562,138.33999633789062,134.27999877929688,136.9499969482422,431300
2021-11-22,132.8300018310547,136.47000122070312,130.6199951171875,134.60000610351562,539900
2021-11-23,129.0,132.24000549316406,125.19999694824219,132.02999877929688,159800
2021-11-24,130.57000732421875,130.66000366210938,125.68000030517578,127.37999725341797,460600
2021-11-26,126.41999816894531,129.57000732421875,125.0999984741211,128.38999938964844,59400
2021-11-29,130.89999389648438,131.5800018310547,128.2100067138672,129.22000122070312,113800
2021-11-30,128.5500030517578,132.88999938964844,125.52999877929688,130.2899932861328,279900
2021-12-01,129.13999938964844,134.32000732421875,128.83999633789062,132.0800018310547,164700
2021-12-02,129.35000610351562,130.67999267578125,125.2699966430664,128.27999877929688,287800
2021-12-03,124.9800033569336,130.5399932861328,123.38999938964844,129.33999633789062,158700
2021-12-06,123.91000366210938,124.97000122070312,120.44999694824219,124.0,221200
2021-12-07,129.4600067138672,131.0500030517578,126.80999755859375,126.80999755859375,149000
2021-12-08,132.25,133.7100067138672,130.32000732421875,133.7100067138672,111900
2021-12-09,128.97000122070312,133.49000549316406,128.32000732421875,131.2100067138672,108300
2021-12-10,131.0,132.47000122070312,128.02000427246094,130.97999572753906,125600
2021-12-13,127.33000183105469,131.7899932861328,126.44999694824219,130.3300018310547,130500
2021-12-14,127.04000091552734,128.00999450683594,124.0,124.43000030517578,102100
2021-12-15,131.30999755859375,131.55999755859375,124.5199966430664,126.0,133800
2021-12-16,128.3699951171875,135.92999267578125,126.4800033569336,133.13999938964844,205300
2021-12-17,126.66999816894531,130.58999633789062,125.91000366210938,127.93000030517578,260200
2021-12-20,126.16999816894531,127.02999877929688,124.0,124.0,77000
2021-12-21,131.64999389648438,132.67999267578125,127.3499984741211,129.2100067138672,103000
2021-12-22,133.52000427246094,133.77000427246094,130.5800018310547,131.57000732421875,67300
2021-12-23,137.0,137.8699951171875,133.60000610351562,134.1699981689453,215500
2021-12-27,145.72999572753906,146.49000549316406,139.52000427246094,139.77999877929688,187700
2021-12-28,143.16000366210938,148.94000244140625,141.41000366210938,148.0399932861328,139400
2021-12-29,144.02999877929688,146.8000030517578,143.32000732421875,144.25,84100
2021-12-30,143.66000366210938,144.6300048828125,143.0,143.5,93100
2021-12-31,146.5,146.5800018310547,142.44000244140625,143.66000366210938,132300
2022-01-03,147.1199951171875,148.63999938964844,143.94000244140625,146.61000061035156,103100
2022-01-04,144.8300018310547,149.14999389648438,140.94000244140625,148.5,98500
2022-01-05,136.9499969482422,143.82000732421875,136.3800048828125,139.05999755859375,410900
2022-01-06,137.0,139.0,132.33999633789062,137.5800018310547,178900
2022-01-07,131.99000549316406,137.5,131.3300018310547,137.42999267578125,135200
2022-01-10,131.36000061035156,132.42999267578125,125.30000305175781,131.8000030517578,188500
2022-01-11,135.11000061035156,136.16000366210938,130.02000427246094,130.69000244140625,118800
2022-01-12,138.17999267578125,139.7899932861328,135.5399932861328,137.74000549316406,112600
2022-01-13,135.11000061035156,144.99000549316406,134.8000030517578,142.14999389648438,208300
2022-01-14,142.14999389648438,142.80999755859375,133.94000244140625,133.94000244140625,115400
2022-01-18,131.14999389648438,139.4600067138672,130.1699981689453,138.74000549316406,237400
2022-01-19,124.12000274658203,134.2100067138672,123.33000183105469,133.8699951171875,238500
2022-01-20,119.9000015258789,128.75,119.26000213623047,127.20999908447266,221700
2022-01-21,114.22000122070312,119.6500015258789,113.81999969482422,118.5,317900
2022-01-24,116.83000183105469,116.83000183105469,108.36000061035156,111.7699966430664,318500
2022-01-25,113.19999694824219,115.41999816894531,110.56999969482422,114.30999755859375,214700
2022-01-26,118.27999877929688,122.01000213623047,116.01000213623047,117.0,195700
2022-01-27,109.30000305175781,119.58999633789062,108.54000091552734,119.58999633789062,119200
2022-01-28,109.37000274658203,109.37000274658203,104.23999786376953,108.62000274658203,178500
2022-01-31,118.30000305175781,118.3499984741211,110.0,110.66000366210938,141600
2022-02-01,116.22000122070312,118.70999908447266,114.02999877929688,118.70999908447266,196400
2022-02-02,118.41999816894531,119.58000183105469,114.08000183105469,119.38999938964844,215700
2022-02-03,111.29000091552734,116.2699966430664,110.44000244140625,114.6500015258789,232900
2022-02-04,115.95999908447266,116.63999938964844,110.70999908447266,111.5,147700
2022-02-07,115.66999816894531,118.77999877929688,114.76000213623047,115.97000122070312,95900
2022-02-08,118.55000305175781,118.88999938964844,114.95999908447266,115.01000213623047,58400
2022-02-09,121.37000274658203,121.7699966430664,118.0,119.97000122070312,350900
2022-02-10,118.43000030517578,122.47000122070312,117.69000244140625,118.0199966430664,137000
2022-02-11,112.45999908447266,119.38999938964844,110.88999938964844,118.02999877929688,130000
2022-02-14,111.91999816894531,114.7699966430664,110.33000183105469,112.12000274658203,70500
2022-02-15,118.4800033569336,118.91000366210938,115.51000213623047,116.45999908447266,340300
2022-02-16,118.61000061035156,119.19999694824219,115.0,117.55000305175781,56300
2022-02-17,117.0,119.94000244140625,116.80999755859375,119.72000122070312,170800
2022-02-18,114.94000244140625,117.70999908447266,113.0999984741211,117.05999755859375,129600
2022-02-22,112.6500015258789,115.91999816894531,111.0,113.62999725341797,81700
2022-02-23,108.62999725341797,115.63999938964844,108.12999725341797,114.16999816894531,116500
2022-02-24,112.5,112.80999755859375,100.45999908447266,100.45999908447266,198600
2022-02-25,108.83999633789062,112.7699966430664,107.76000213623047,111.9000015258789,198800
2022-02-28,104.77999877929688,109.41999816894531,103.93000030517578,106.73999786376953,237000
2022-03-01,105.44999694824219,108.95999908447266,103.79000091552734,105.29000091552734,175600
2022-03-02,111.18000030517578,111.5199966430664,106.45999908447266,106.87999725341797,218100
2022-03-03,106.87999725341797,112.2699966430664,105.7300033569336,112.2699966430664,104400
2022-03-04,100.30000305175781,106.80000305175781,99.6500015258789,105.02999877929688,188600
2022-03-07,99.66000366210938,105.87999725341797,98.9800033569336,105.87999725341797,243200
2022-03-08,105.83999633789062,107.80000305175781,99.75,100.05999755859375,200000
2022-03-09,110.93000030517578,111.5199966430664,107.94999694824219,108.94999694824219,121200
2022-03-10,107.51000213623047,108.12999725341797,104.45999908447266,108.12999725341797,96400
2022-03-11,105.62999725341797,109.93000030517578,105.08000183105469,108.37999725341797,78200
2022-03-14,99.69999694824219,104.94999694824219,99.5999984741211,104.94999694824219,171800
2022-03-15,104.98999786376953,105.2300033569336,99.97000122070312,101.7699966430664,433900
2022-03-16,111.04000091552734,111.04000091552734,106.55999755859375,106.91000366210938,91900
2022-03-17,111.91000366210938,111.93000030517578,108.80999755859375,109.83999633789062,308700
2022-03-18,114.98999786376953,115.30000305175781,111.20999908447266,111.20999908447266,76400
2022-03-21,113.6500015258789,115.5199966430664,112.27999877929688,115.13999938964844,128900
2022-03-22,115.08999633789062,120.0,113.25,115.12000274658203,186600
2022-03-23,111.87000274658203,115.1500015258789,110.61000061035156,114.54000091552734,126700
2022-03-24,114.6500015258789,114.83999633789062,112.01000213623047,113.52999877929688,75100
2022-03-25,111.18000030517578,115.0,110.2300033569336,115.0,241300
2022-03-28,112.62999725341797,112.7699966430664,109.30000305175781,110.61000061035156,115400
2022-03-29,116.6500015258789,117.4800033569336,114.48999786376953,115.4800033569336,62400
2022-03-30,110.87000274658203,116.12000274658203,110.0,116.12000274658203,195100
2022-03-31,108.87999725341797,111.37000274658203,108.87999725341797,111.33000183105469,120200
2022-04-01,107.1500015258789,111.08000183105469,105.93000030517578,109.66999816894531,71800
2022-04-04,109.73999786376953,110.58000183105469,107.69000244140625,107.69000244140625,116900
2022-04-05,103.75,109.5999984741211,103.4800033569336,109.55999755859375,182600
2022-04-06,101.76000213623047,103.0999984741211,99.6500015258789,103.0,221900
2022-04-07,103.25,104.44999694824219,102.08000183105469,102.08000183105469,171200
2022-04-08,101.48999786376953,102.38999938964844,100.2300033569336,102.36000061035156,131700
2022-04-11,99.05000305175781,100.98999786376953,98.9800033569336,99.44999694824219,191900
2022-04-12,98.51000213623047,101.58999633789062,98.4000015258789,100.62000274658203,125900
2022-04-13,99.87000274658203,101.91000366210938,97.29000091552734,98.25,160800
2022-04-14,97.18000030517578,100.27999877929688,97.18000030517578,100.27999877929688,88800
2022-04-18,97.66999816894531,99.47000122070312,95.48999786376953,96.16999816894531,177100
2022-04-19,101.01000213623047,101.48999786376953,97.0,98.33000183105469,133100
2022-04-20,102.7699966430664,104.87999725341797,101.70999908447266,102.52999877929688,122400
2022-04-21,99.9000015258789,103.69000244140625,99.68000030517578,103.44000244140625,118500
2022-04-22,98.36000061035156,102.98999786376953,98.36000061035156,99.4000015258789,102900
2022-04-25,100.91999816894531,101.8499984741211,98.8499984741211,98.8499984741211,145500
2022-04-26,96.91000366210938,100.0,96.81999969482422,99.0,159500
2022-04-27,95.01000213623047,98.11000061035156,94.01000213623047,94.36000061035156,220500
2022-04-28,99.76000213623047,100.81999969482422,95.51000213623047,97.44000244140625,129700
2022-04-29,98.61000061035156,101.9800033569336,98.0199966430664,98.3499984741211,139700
2022-05-02,99.55999755859375,100.18000030517578,95.73999786376953,98.38999938964844,115900
2022-05-03,99.81999969482422,100.7300033569336,97.5,98.11000061035156,84700
2022-05-04,104.66999816894531,104.66999816894531,98.2699966430664,100.44000244140625,69500
2022-05-05,99.27999877929688,103.55999755859375,97.19999694824219,103.55999755859375,85400
2022-05-06,97.2300033569336,99.3499984741211,95.0,98.26000213623047,68100
2022-05-09,91.25,95.33999633789062,90.55999755859375,94.19999694824219,139500
2022-05-10,95.19000244140625,97.0,91.91000366210938,94.3499984741211,172600
2022-05-11,91.44999694824219,96.12000274658203,90.9800033569336,94.31999969482422,214400
2022-05-12,97.43000030517578,97.43000030517578,91.45999908447266,93.5199966430664,188800
2022-05-13,100.4000015258789,102.44000244140625,98.5,98.5,113800
2022-05-16,98.75,101.66999816894531,96.7699966430664,99.48999786376953,120900
2022-05-17,102.4800033569336,102.56999969482422,100.63999938964844,101.01000213623047,137400
2022-05-18,98.58999633789062,102.47000122070312,97.5,101.45999908447266,100300
2022-05-19,99.19000244140625,101.11000061035156,96.54000091552734,96.83999633789062,111300
2022-05-20,98.6500015258789,100.5199966430664,95.0,100.5199966430664,63200
2022-05-23,101.73999786376953,102.56999969482422,99.12999725341797,99.45999908447266,107700
2022-05-24,97.97000122070312,100.05000305175781,96.87000274658203,99.7699966430664,106800
2022-05-25,100.91999816894531,101.69999694824219,96.76000213623047,96.76000213623047,92600
2022-05-26,106.80000305175781,107.54000091552734,99.13999938964844,99.13999938964844,1698300
2022-05-27,108.70999908447266,110.75,108.29000091552734,108.56999969482422,135900
2022-05-31,106.22000122070312,108.37000274658203,103.88999938964844,107.9000015258789,190800
2022-06-01,106.86000061035156,108.4000015258789,104.95999908447266,107.7300033569336,118900
2022-06-02,109.88999938964844,110.7699966430664,106.69000244140625,107.1500015258789,129800
2022-06-03,108.79000091552734,110.16999816894531,107.26000213623047,108.0,74500
2022-06-06,108.4000015258789,111.0,107.18000030517578,110.61000061035156,98800
2022-06-07,109.12000274658203,109.23999786376953,105.77999877929688,106.8499984741211,96300
2022-06-08,106.62999725341797,108.7699966430664,105.05000305175781,108.4800033569336,61200
2022-06-09,103.41999816894531,107.13999938964844,103.2699966430664,106.22000122070312,61500
2022-06-10,100.45999908447266,102.76000213623047,99.6500015258789,101.9000015258789,92300
2022-06-13,94.80000305175781,98.98999786376953,93.37000274658203,97.56999969482422,131000
2022-06-14,94.47000122070312,95.7300033569336,93.56999969482422,95.18000030517578,74500
2022-06-15,97.37000274658203,99.08999633789062,94.68000030517578,95.51000213623047,80100
2022-06-16,90.55999755859375,95.16000366210938,89.87999725341797,93.7300033569336,195800
2022-06-17,89.83000183105469,92.4800033569336,88.0,90.51000213623047,159800
2022-06-21,95.79000091552734,95.95999908447266,91.55000305175781,91.55000305175781,92400
2022-06-22,93.87000274658203,95.69000244140625,93.45999908447266,93.81999969482422,55100
2022-06-23,93.7300033569336,95.29000091552734,92.30000305175781,95.29000091552734,85900
2022-06-24,95.9000015258789,97.27999877929688,94.1500015258789,94.93000030517578,128600
2022-06-27,95.81999969482422,96.8499984741211,93.55999755859375,96.8499984741211,286200
2022-06-28,92.93000030517578,97.16999816894531,92.52999877929688,97.16999816894531,98600
2022-06-29,89.36000061035156,92.37999725341797,88.0,91.88999938964844,124000
2022-06-30,88.52999877929688,89.75,86.38999938964844,89.05999755859375,196400
2022-07-01,83.48999786376953,87.68000030517578,82.0,87.68000030517578,155000
2022-07-05,83.86000061035156,84.44000244140625,81.62999725341797,82.0199966430664,211200
2022-07-06,83.54000091552734,84.19000244140625,81.93000030517578,83.7699966430664,94100
2022-07-07,86.4000015258789,86.75,84.61000061035156,85.25,67000
2022-07-08,87.30000305175781,87.62999725341797,84.87999725341797,85.79000091552734,112700
2022-07-11,89.51000213623047,89.83999633789062,86.70999908447266,87.91000366210938,132000
2022-07-12,88.63999938964844,90.97000122070312,87.83000183105469,90.22000122070312,86300
2022-07-13,89.5199966430664,90.05999755859375,86.41999816894531,86.41999816894531,55200
2022-07-14,91.5,91.93000030517578,87.16999816894531,89.33999633789062,150800
2022-07-15,94.55000305175781,95.19999694824219,90.94999694824219,92.43000030517578,116600
2022-07-18,93.30999755859375,96.54000091552734,92.79000091552734,96.27999877929688,82900
2022-07-19,97.87000274658203,98.26000213623047,94.77999877929688,94.77999877929688,92300
2022-07-20,100.80000305175781,101.08999633789062,97.43000030517578,97.62999725341797,111700
2022-07-21,104.41999816894531,104.97000122070312,101.80000305175781,102.23999786376953,113200
2022-07-22,101.52999877929688,105.66999816894531,100.20999908447266,104.41000366210938,120700
2022-07-25,102.33999633789062,103.31999969482422,101.11000061035156,102.69999694824219,61400
2022-07-26,100.08000183105469,101.68000030517578,99.69999694824219,101.68000030517578,52600
2022-07-27,104.0999984741211,105.16000366210938,101.7300033569336,102.08000183105469,59200
2022-07-28,104.23999786376953,105.73999786376953,101.70999908447266,103.4000015258789,80300
2022-07-29,105.3499984741211,106.08000183105469,102.79000091552734,104.19000244140625,88400
2022-08-01,105.4000015258789,106.7300033569336,104.13999938964844,105.08000183105469,58000
2022-08-02,104.2300033569336,105.93000030517578,103.75,105.01000213623047,109900
2022-08-03,106.7300033569336,107.41999816894531,103.2699966430664,103.94999694824219,108200
2022-08-04,108.6500015258789,110.19000244140625,106.19999694824219,106.7300033569336,145400
2022-08-05,107.62000274658203,108.4800033569336,105.66000366210938,106.75,67300
2022-08-08,105.9000015258789,107.6500015258789,104.19999694824219,105.95999908447266,98000
2022-08-09,98.08999633789062,103.52999877929688,97.33000183105469,103.06999969482422,97600
2022-08-10,105.31999969482422,105.6500015258789,99.88999938964844,101.62000274658203,98100
2022-08-11,105.8499984741211,108.69999694824219,105.7699966430664,106.9800033569336,86800
2022-08-12,110.0,110.16999816894531,106.12000274658203,106.12000274658203,58700
2022-08-15,109.75,110.68000030517578,108.80999755859375,108.80999755859375,99600
2022-08-16,108.62999725341797,110.62000274658203,107.20999908447266,108.75,88200
2022-08-17,106.73999786376953,107.62000274658203,105.38999938964844,107.52999877929688,49300
2022-08-18,109.25,110.98999786376953,108.1500015258789,108.23999786376953,80200
2022-08-19,107.62999725341797,109.1500015258789,107.04000091552734,107.55999755859375,105900
2022-08-22,105.79000091552734,106.6500015258789,105.05999755859375,106.22000122070312,91000
2022-08-23,108.61000061035156,109.37000274658203,105.33999633789062,105.33999633789062,88200
2022-08-24,107.56999969482422,108.45999908447266,106.0999984741211,107.5,460200
2022-08-25,110.22000122070312,110.33999633789062,106.94000244140625,106.94000244140625,237200
2022-08-26,105.13999938964844,110.33000183105469,104.11000061035156,110.0,140800
2022-08-29,101.4000015258789,103.6500015258789,101.02999877929688,102.63999938964844,112600
2022-08-30,98.51000213623047,100.97000122070312,97.62999725341797,100.88999938964844,268700
2022-08-31,99.31999969482422,99.58999633789062,97.45999908447266,98.80000305175781,129900
2022-09-01,97.80000305175781,98.0999984741211,95.7300033569336,97.72000122070312,109600
2022-09-02,97.12999725341797,99.7300033569336,96.62000274658203,98.8499984741211,50600
2022-09-06,95.56999969482422,96.93000030517578,94.44000244140625,95.98999786376953,103500
2022-09-07,97.4000015258789,98.11000061035156,94.1500015258789,96.05999755859375,72700
2022-09-08,98.61000061035156,98.98999786376953,96.0199966430664,96.63999938964844,60200
2022-09-09,100.5199966430664,101.37000274658203,99.70999908447266,100.12999725341797,55300
2022-09-12,100.26000213623047,102.41999816894531,99.58999633789062,100.5199966430664,101700
2022-09-13,95.9000015258789,97.66999816894531,94.76000213623047,95.97000122070312,132200
2022-09-14,96.75,98.48999786376953,95.23999786376953,96.04000091552734,56600
2022-09-15,94.83999633789062,95.80000305175781,93.8499984741211,94.87999725341797,83300
2022-09-16,94.69999694824219,95.58999633789062,92.55000305175781,93.41999816894531,90900
2022-09-19,94.1500015258789,94.77999877929688,92.7699966430664,93.04000091552734,96200
2022-09-20,91.80999755859375,93.5,91.6500015258789,93.5,63300
2022-09-21,90.86000061035156,93.5,90.5,90.7699966430664,91100
2022-09-22,88.16999816894531,90.23999786376953,86.30999755859375,89.93000030517578,138000
2022-09-23,87.48999786376953,87.70999908447266,84.95999908447266,86.62999725341797,99000
2022-09-26,87.05999755859375,88.44000244140625,86.52999877929688,87.12999725341797,90500
2022-09-27,87.68000030517578,89.56999969482422,86.19999694824219,88.45999908447266,72700
2022-09-28,89.58000183105469,90.4800033569336,87.30000305175781,87.88999938964844,136800
2022-09-29,87.11000061035156,87.80999755859375,86.16000366210938,87.80999755859375,92800
2022-09-30,85.30000305175781,87.11000061035156,84.9800033569336,86.06999969482422,95200
2022-10-03,87.55999755859375,89.05000305175781,84.37000274658203,84.5,117500
2022-10-04,90.0199966430664,90.9800033569336,89.16000366210938,89.9000015258789,68200
2022-10-05,89.76000213623047,90.44000244140625,87.2300033569336,88.8499984741211,64700
2022-10-06,87.33999633789062,89.4000015258789,87.02999877929688,87.87999725341797,164200
2022-10-07,81.9800033569336,85.2300033569336,80.80000305175781,85.2300033569336,170700
2022-10-10,79.08000183105469,81.52999877929688,78.05000305175781,81.52999877929688,240000
2022-10-11,74.36000061035156,77.8499984741211,72.16999816894531,77.37000274658203,530500
2022-10-12,72.2300033569336,74.87000274658203,71.98999786376953,73.66999816894531,356500
2022-10-13,73.86000061035156,74.93000030517578,67.4000015258789,69.16999816894531,397900
2022-10-14,70.25,74.86000061035156,70.01000213623047,74.86000061035156,167700
2022-10-17,70.36000061035156,72.0,70.02999877929688,71.5,196700
2022-10-18,69.5,71.55000305175781,68.47000122070312,70.88999938964844,237200
2022-10-19,70.83999633789062,72.45999908447266,69.88999938964844,70.79000091552734,194400
2022-10-20,70.6500015258789,72.33000183105469,69.37999725341797,70.83999633789062,193200
2022-10-21,72.93000030517578,73.5999984741211,69.55000305175781,70.56999969482422,190200
2022-10-24,72.88999938964844,73.54000091552734,71.54000091552734,72.27999877929688,167900
2022-10-25,74.75,75.23999786376953,73.58000183105469,73.58000183105469,125600
2022-10-26,73.73999786376953,75.76000213623047,73.31999969482422,74.0999984741211,121400
2022-10-27,73.12999725341797,75.26000213623047,72.7300033569336,73.98999786376953,104800
2022-10-28,76.11000061035156,76.30000305175781,73.11000061035156,73.43000030517578,151200
2022-10-31,73.70999908447266,75.1500015258789,73.20999908447266,75.1500015258789,148100
2022-11-01,74.55999755859375,75.44999694824219,74.16000366210938,75.12000274658203,52800
2022-11-02,73.16999816894531,77.0,73.16999816894531,74.1500015258789,145800
2022-11-03,77.25,78.38999938964844,73.0199966430664,73.16999816894531,245900
2022-11-04,80.9000015258789,82.18000030517578,78.29000091552734,79.0,300500
2022-11-07,83.80000305175781,84.37000274658203,80.68000030517578,80.68000030517578,453000
2022-11-08,84.55000305175781,86.47000122070312,84.27999877929688,84.27999877929688,332700
2022-11-09,82.80999755859375,84.25,82.38999938964844,83.51000213623047,177900
2022-11-10,87.62999725341797,88.75,86.77999877929688,88.0,289800
2022-11-11,89.88999938964844,90.69999694824219,86.26000213623047,87.69999694824219,161500
2022-11-14,87.45999908447266,90.95999908447266,87.36000061035156,90.30999755859375,181500
2022-11-15,89.51000213623047,91.3499984741211,88.86000061035156,90.31999969482422,146500
2022-11-16,85.8499984741211,88.66000366210938,85.54000091552734,87.87000274658203,76500
2022-11-17,86.52999877929688,87.18000030517578,84.29000091552734,84.29000091552734,77000
2022-11-18,86.30000305175781,87.37000274658203,85.31999969482422,87.37000274658203,68500
2022-11-21,85.70999908447266,86.0,84.87000274658203,85.3499984741211,104900
2022-11-22,85.9800033569336,86.37999725341797,84.12999725341797,85.27999877929688,70600
2022-11-23,86.30000305175781,87.51000213623047,84.80999755859375,85.55000305175781,93200
2022-11-25,85.58000183105469,87.7699966430664,85.26000213623047,85.68000030517578,34900
2022-11-28,82.37000274658203,84.68000030517578,81.76000213623047,84.44000244140625,149900
2022-11-29,82.3499984741211,84.12000274658203,81.73999786376953,83.33999633789062,90800
2022-11-30,85.56999969482422,85.56999969482422,80.70999908447266,82.4800033569336,206300
2022-12-01,86.55999755859375,88.6500015258789,85.06999969482422,87.08000183105469,110000
2022-12-02,86.25,86.25,84.54000091552734,84.91000366210938,38800
2022-12-05,86.72000122070312,88.43000030517578,85.94000244140625,86.0,75900
2022-12-06,85.8499984741211,87.61000061035156,85.4800033569336,86.94000244140625,63500
2022-12-07,83.94000244140625,85.20999908447266,82.75,85.0,71500
2022-12-08,85.73999786376953,85.98999786376953,83.80999755859375,84.06999969482422,38400
2022-12-09,84.86000061035156,86.16000366210938,83.93000030517578,83.93000030517578,47800
2022-12-12,85.48999786376953,85.62999725341797,83.83999633789062,84.13999938964844,67000
2022-12-13,89.06999969482422,90.36000061035156,87.86000061035156,90.36000061035156,113600
2022-12-14,88.1500015258789,90.83000183105469,87.41000366210938,88.91000366210938,153000
2022-12-15,85.86000061035156,86.4800033569336,84.22000122070312,85.79000091552734,129500
2022-12-16,84.81999969482422,87.01000213623047,82.31999969482422,85.12999725341797,141000
2022-12-19,83.08999633789062,84.72000122070312,82.44000244140625,84.4000015258789,62200
2022-12-20,82.66000366210938,84.94999694824219,82.23999786376953,82.23999786376953,107200
2022-12-21,85.75,86.76000213623047,82.63999938964844,82.63999938964844,145000
2022-12-22,82.05999755859375,84.66000366210938,80.41999816894531,84.66000366210938,117200
2022-12-23,81.6500015258789,82.41999816894531,80.30000305175781,81.33000183105469,58000
2022-12-27,79.76000213623047,81.47000122070312,79.5199966430664,81.36000061035156,97200
2022-12-28,79.2300033569336,80.4000015258789,79.20999908447266,79.20999908447266,69200
2022-12-29,81.7300033569336,82.23999786376953,79.62999725341797,79.8499984741211,204600
2022-12-30,81.68000030517578,82.2300033569336,80.94999694824219,81.04000091552734,79600
2023-01-03,82.91999816894531,83.68000030517578,81.91000366210938,82.97000122070312,88000
2023-01-04,84.27999877929688,85.73999786376953,82.20999908447266,83.2699966430664,97900
2023-01-05,83.73999786376953,84.9800033569336,82.37999725341797,82.87000274658203,63900
2023-01-06,86.86000061035156,87.83000183105469,83.04000091552734,84.62000274658203,107500
2023-01-09,88.27999877929688,91.0999984741211,87.47000122070312,87.80000305175781,77300
2023-01-10,89.37000274658203,90.05000305175781,87.19999694824219,88.41000366210938,50600
2023-01-11,89.8499984741211,90.5199966430664,88.12999725341797,89.06999969482422,101300
2023-01-12,91.0,92.05000305175781,88.66999816894531,90.0,66500
2023-01-13,90.56999969482422,91.87999725341797,90.12999725341797,90.2699966430664,82400
2023-01-17,89.33000183105469,90.55000305175781,88.5,89.75,57800
2023-01-18,90.48999786376953,91.98999786376953,90.43000030517578,90.75,65800
2023-01-19,89.86000061035156,90.55999755859375,89.18000030517578,90.12999725341797,79800
2023-01-20,92.69999694824219,93.36000061035156,89.6500015258789,90.08999633789062,52200
2023-01-23,96.4800033569336,97.88999938964844,93.69000244140625,93.69999694824219,121600
2023-01-24,94.69999694824219,95.95999908447266,94.3499984741211,95.66999816894531,60400
2023-01-25,94.58000183105469,95.20999908447266,92.7699966430664,93.86000061035156,166900
2023-01-26,94.7300033569336,94.79000091552734,92.37999725341797,94.36000061035156,66800
2023-01-27,92.98999786376953,94.18000030517578,92.33999633789062,93.56999969482422,44500
2023-01-30,89.62000274658203,91.23999786376953,89.25,91.23999786376953,60100
2023-01-31,90.69999694824219,91.01000213623047,89.19999694824219,89.5999984741211,94300
2023-02-01,95.01000213623047,95.68000030517578,91.13999938964844,91.13999938964844,78500
2023-02-02,96.30000305175781,99.0,95.9000015258789,97.6500015258789,132000
2023-02-03,96.06999969482422,96.7300033569336,95.01000213623047,95.01000213623047,61200
2023-02-06,93.62999725341797,95.51000213623047,92.69999694824219,94.86000061035156,83400
2023-02-07,95.11000061035156,95.18000030517578,92.52999877929688,93.05000305175781,86800
2023-02-08,93.0199966430664,94.66999816894531,91.9800033569336,94.16999816894531,105800
2023-02-09,93.51000213623047,95.76000213623047,92.79000091552734,94.73999786376953,66900
2023-02-10,91.18000030517578,93.26000213623047,89.7300033569336,92.8499984741211,94800
2023-02-13,90.63999938964844,91.6500015258789,89.2699966430664,89.66000366210938,68800
2023-02-14,91.12000274658203,91.80999755859375,89.01000213623047,89.7300033569336,104300
2023-02-15,92.54000091552734,93.0,88.7699966430664,90.0,111200
2023-02-16,91.86000061035156,92.55999755859375,89.81999969482422,89.81999969482422,127400
2023-02-17,91.30000305175781,92.0999984741211,90.30999755859375,92.0999984741211,113500
2023-02-21,89.36000061035156,90.81999969482422,88.97000122070312,89.25,141400
2023-02-22,88.4000015258789,90.13999938964844,87.91000366210938,89.08000183105469,105100
2023-02-23,88.87000274658203,89.9800033569336,86.9000015258789,89.9800033569336,91000
2023-02-24,87.69999694824219,88.25,86.81999969482422,87.16000366210938,72200
2023-02-27,88.81999969482422,89.4000015258789,87.76000213623047,87.80000305175781,189200
2023-02-28,90.58000183105469,91.94999694824219,88.62999725341797,88.62999725341797,79600
2023-03-01,91.56999969482422,92.20999908447266,90.06999969482422,90.97000122070312,100600
2023-03-02,91.4000015258789,91.47000122070312,89.16000366210938,90.05999755859375,94900
2023-03-03,92.51000213623047,92.8499984741211,91.04000091552734,91.26000213623047,97600
2023-03-06,92.44000244140625,93.69999694824219,91.8499984741211,92.97000122070312,91600
2023-03-07,91.7699966430664,93.1500015258789,90.79000091552734,92.62999725341797,111000
2023-03-08,94.16999816894531,95.2699966430664,92.91999816894531,92.97000122070312,165400
2023-03-09,95.76000213623047,96.75,94.55000305175781,94.55000305175781,145400
2023-03-10,94.01000213623047,96.9800033569336,93.41000366210938,96.41000366210938,235000
2023-03-13,94.87000274658203,95.91999816894531,93.41000366210938,93.41000366210938,166000
2023-03-14,98.23999786376953,98.31999969482422,96.18000030517578,96.47000122070312,91700
2023-03-15,97.25,97.83999633789062,94.77999877929688,97.08000183105469,122000
2023-03-16,100.26000213623047,100.83000183105469,96.80999755859375,97.01000213623047,570700
2023-03-17,99.91000366210938,101.38999938964844,99.37000274658203,100.70999908447266,96200
2023-03-20,100.58000183105469,101.52999877929688,99.41999816894531,100.79000091552734,91000
2023-03-21,100.30000305175781,102.6500015258789,99.0,101.45999908447266,268900
2023-03-22,100.37999725341797,103.4800033569336,99.22000122070312,99.22000122070312,132700
2023-03-23,103.63999938964844,104.9800033569336,101.4800033569336,101.66999816894531,137500
2023-03-24,102.1500015258789,103.55999755859375,101.05000305175781,102.81999969482422,114200
2023-03-27,101.27999877929688,103.55000305175781,100.47000122070312,103.55000305175781,91300
2023-03-28,99.22000122070312,100.37999725341797,96.70999908447266,100.37999725341797,73200
2023-03-29,101.95999908447266,102.62000274658203,100.43000030517578,100.52999877929688,66900
2023-03-30,103.12999725341797,104.69999694824219,101.95999908447266,102.20999908447266,104400
2023-03-31,104.47000122070312,104.76000213623047,102.80000305175781,102.83000183105469,59700
2023-04-03,103.0,103.25,99.5999984741211,102.97000122070312,130100
2023-04-04,99.30999755859375,103.5,98.7699966430664,102.94999694824219,153500
2023-04-05,98.05000305175781,98.76000213623047,96.91000366210938,98.45999908447266,68600
2023-04-06,96.43000030517578,97.6500015258789,96.16000366210938,97.48999786376953,64900
2023-04-10,97.16999816894531,97.29000091552734,95.4000015258789,95.77999877929688,43000
2023-04-11,97.43000030517578,98.5,97.08999633789062,97.5,84400
2023-04-12,96.01000213623047,98.25,95.11000061035156,98.0199966430664,95900
2023-04-13,96.31999969482422,97.16000366210938,95.98999786376953,96.55999755859375,42600
2023-04-14,95.55000305175781,97.9800033569336,94.4000015258789,96.29000091552734,50500
2023-04-17,93.63999938964844,94.55000305175781,91.12000274658203,94.0999984741211,126600
2023-04-18,93.26000213623047,94.63999938964844,92.5,93.4800033569336,119000
2023-04-19,92.0999984741211,93.69999694824219,91.37999725341797,91.63999938964844,100300
2023-04-20,92.61000061035156,93.87999725341797,90.26000213623047,90.43000030517578,76200
2023-04-21,93.37000274658203,93.9800033569336,92.41000366210938,93.47000122070312,55200
2023-04-24,93.93000030517578,95.44000244140625,93.08000183105469,94.0999984741211,66100
2023-04-25,90.25,93.69999694824219,90.20999908447266,93.69999694824219,74000
2023-04-26,91.02999877929688,91.72000122070312,90.0,91.12000274658203,243700
2023-04-27,91.37000274658203,92.51000213623047,90.30000305175781,92.0999984741211,324600
2023-04-28,91.44999694824219,92.0,90.0199966430664,91.63999938964844,91700
2023-05-01,90.73999786376953,91.80000305175781,90.66000366210938,90.7699966430664,90500
2023-05-02,89.01000213623047,90.79000091552734,87.8499984741211,90.79000091552734,110500
2023-05-03,90.22000122070312,91.63999938964844,89.23999786376953,89.66000366210938,97300
2023-05-04,89.47000122070312,91.55000305175781,88.73999786376953,90.16000366210938,109600
2023-05-05,92.86000061035156,93.48999786376953,89.83000183105469,89.83000183105469,53700
2023-05-08,93.08999633789062,93.55999755859375,92.30999755859375,93.37999725341797,44500
2023-05-09,90.8499984741211,92.3499984741211,90.41999816894531,92.3499984741211,69600
2023-05-10,91.2699966430664,92.30000305175781,90.73999786376953,91.29000091552734,64600
2023-05-11,93.05999755859375,95.94000244140625,91.0999984741211,93.86000061035156,85100
2023-05-12,94.12000274658203,94.30000305175781,89.58999633789062,92.02999877929688,68400
2023-05-15,96.30000305175781,97.22000122070312,94.16000366210938,94.16000366210938,70900
2023-05-16,96.0,97.29000091552734,95.2300033569336,95.88999938964844,98800
2023-05-17,97.13999938964844,99.0,97.05999755859375,97.11000061035156,119000
2023-05-18,99.76000213623047,100.29000091552734,97.5999984741211,97.72000122070312,104200
2023-05-19,100.4000015258789,101.43000030517578,98.86000061035156,99.58000183105469,80100
2023-05-22,100.2300033569336,101.80999755859375,100.16999816894531,100.83000183105469,68600
2023-05-23,99.1500015258789,99.76000213623047,97.83000183105469,99.55999755859375,85900
2023-05-24,100.5999984741211,100.87999725341797,97.4800033569336,98.13999938964844,130600
2023-05-25,106.20999908447266,107.13999938964844,102.75,102.81999969482422,161900
2023-05-26,111.5199966430664,112.56999969482422,105.58999633789062,106.8499984741211,219200
2023-05-30,109.31999969482422,112.38999938964844,107.63999938964844,111.5199966430664,380000
2023-05-31,107.98999786376953,110.2300033569336,107.01000213623047,109.0,182700
2023-06-01,110.93000030517578,111.23999786376953,107.7300033569336,108.30000305175781,150500
2023-06-02,111.91000366210938,112.16999816894531,108.56999969482422,112.0,185000
2023-06-05,112.75,113.11000061035156,111.18000030517578,111.91000366210938,153700
2023-06-06,114.3499984741211,115.29000091552734,112.30000305175781,112.41000366210938,203400
2023-06-07,115.08000183105469,117.38999938964844,114.11000061035156,115.19000244140625,139400
2023-06-08,114.83000183105469,116.48999786376953,114.23999786376953,115.62999725341797,133400
2023-06-09,116.5199966430664,117.0,115.0999984741211,115.0999984741211,171600
2023-06-12,119.0,119.4800033569336,116.26000213623047,117.20999908447266,150000
2023-06-13,118.5199966430664,119.61000061035156,117.5999984741211,118.94000244140625,124800
2023-06-14,117.01000213623047,117.75,115.05000305175781,115.29000091552734,227100
2023-06-15,115.93000030517578,116.5999984741211,114.9000015258789,116.26000213623047,158500
2023-06-16,112.98999786376953,115.58000183105469,108.5,115.56999969482422,323900
2023-06-20,113.02999877929688,113.72000122070312,111.51000213623047,112.80000305175781,138800
2023-06-21,112.05999755859375,113.19000244140625,110.62000274658203,113.05000305175781,102300
2023-06-22,112.51000213623047,113.12000274658203,111.05000305175781,111.62999725341797,57400
2023-06-23,112.68000030517578,113.31999969482422,110.66000366210938,111.1500015258789,157500
2023-06-26,111.3499984741211,116.33000183105469,110.7699966430664,112.6500015258789,286000
2023-06-27,114.83999633789062,115.05999755859375,110.05000305175781,111.30999755859375,120100
2023-06-28,112.47000122070312,114.2300033569336,112.19999694824219,112.69999694824219,153600
2023-06-29,114.37000274658203,115.0,111.38999938964844,112.19999694824219,105100
2023-06-30,117.30000305175781,117.97000122070312,115.16999816894531,115.61000061035156,159600
2023-07-03,114.6500015258789,117.54000091552734,111.01000213623047,116.79000091552734,149600
2023-07-05,112.5,113.69999694824219,111.70999908447266,113.11000061035156,126900
2023-07-06,111.66999816894531,112.08000183105469,110.05999755859375,111.47000122070312,184500
2023-07-07,111.58999633789062,114.04000091552734,111.05999755859375,111.66999816894531,55500
2023-07-10,112.37999725341797,113.62000274658203,110.8499984741211,110.8499984741211,95200
2023-07-11,109.58999633789062,112.04000091552734,108.1500015258789,112.04000091552734,100700
2023-07-12,111.54000091552734,112.0199966430664,109.83999633789062,110.3499984741211,208400
2023-07-13,114.16000366210938,115.12000274658203,112.63999938964844,112.63999938964844,111400
2023-07-14,115.83000183105469,116.66999816894531,114.2300033569336,114.23999786376953,109400
2023-07-17,118.55999755859375,118.87999725341797,115.88999938964844,115.88999938964844,77200
2023-07-18,117.44000244140625,119.1500015258789,115.41000366210938,118.86000061035156,65300
2023-07-19,118.33000183105469,120.4000015258789,117.66999816894531,120.0,152700
2023-07-20,112.41000366210938,116.81999969482422,111.58000183105469,116.73999786376953,94300
2023-07-21,114.62000274658203,114.66999816894531,112.45999908447266,112.79000091552734,177100
2023-07-24,115.13999938964844,115.91999816894531,114.43000030517578,114.75,86900
2023-07-25,115.1500015258789,116.1500015258789,114.18000030517578,114.18000030517578,102100
2023-07-26,116.01000213623047,117.70999908447266,114.93000030517578,116.2300033569336,113200
2023-07-27,119.87999725341797,120.98999786376953,117.80999755859375,117.80999755859375,98700
2023-07-28,123.0,124.33999633789062,120.18000030517578,121.0,117400
2023-07-31,123.94000244140625,124.98999786376953,123.02999877929688,123.70999908447266,197800
2023-08-01,126.37000274658203,126.4800033569336,123.27999877929688,123.47000122070312,152700
2023-08-02,121.5,124.94000244140625,120.0,124.94000244140625,293900
2023-08-03,119.55000305175781,120.44000244140625,113.19999694824219,116.94000244140625,219800
2023-08-04,118.79000091552734,120.7300033569336,117.48999786376953,120.55999755859375,107200
2023-08-07,122.2699966430664,122.7699966430664,119.18000030517578,119.18000030517578,138500
2023-08-08,120.61000061035156,122.20999908447266,119.7699966430664,121.27999877929688,118700
2023-08-09,119.25,121.66000366210938,118.36000061035156,121.66000366210938,79300
2023-08-10,118.9000015258789,122.94000244140625,118.58999633789062,120.13999938964844,86900
2023-08-11,116.95999908447266,119.1500015258789,116.06999969482422,118.11000061035156,57900
2023-08-14,118.62999725341797,118.72000122070312,115.94000244140625,116.22000122070312,90200
2023-08-15,118.01000213623047,118.62999725341797,117.4000015258789,118.62999725341797,58300
2023-08-16,117.54000091552734,118.16000366210938,116.62000274658203,117.73999786376953,90800
2023-08-17,117.25,117.6500015258789,116.86000061035156,117.36000061035156,186300
2023-08-18,118.5,119.16000366210938,115.86000061035156,115.86000061035156,142400
2023-08-21,121.12999725341797,121.19999694824219,118.30999755859375,118.30999755859375,118800
2023-08-22,120.36000061035156,122.58999633789062,120.02999877929688,121.12999725341797,74000
2023-08-23,124.97000122070312,125.06999969482422,120.95999908447266,120.95999908447266,152300
2023-08-24,120.97000122070312,126.0,120.83999633789062,126.0,78200
2023-08-25,121.08999633789062,121.48999786376953,118.63999938964844,120.08000183105469,87900
2023-08-28,120.69999694824219,123.12999725341797,120.41999816894531,121.2699966430664,54900
2023-08-29,126.33000183105469,127.37000274658203,120.4800033569336,120.63999938964844,295600
2023-08-30,129.0,131.50999450683594,126.80999755859375,127.1500015258789,211000
2023-08-31,128.94000244140625,129.99000549316406,128.00999450683594,129.0,210700
2023-09-01,127.76000213623047,129.97999572753906,126.63999938964844,128.91000366210938,181500
2023-09-05,127.18000030517578,127.41999816894531,124.13999938964844,126.79000091552734,152600
2023-09-06,126.77999877929688,129.41000366210938,126.23999786376953,127.19000244140625,72800
2023-09-07,120.61000061035156,124.87999725341797,118.69999694824219,124.87999725341797,161600
2023-09-08,119.23999786376953,121.33000183105469,118.08000183105469,120.70999908447266,56100
2023-09-11,118.04000091552734,120.7699966430664,116.43000030517578,120.7699966430664,146800
2023-09-12,117.08000183105469,120.0,117.08000183105469,118.11000061035156,40500
2023-09-13,117.0,119.3499984741211,116.12000274658203,116.62999725341797,72000
2023-09-14,116.95999908447266,118.04000091552734,114.66999816894531,116.91999816894531,77700
2023-09-15,112.47000122070312,116.2699966430664,112.23999786376953,116.2699966430664,98400
2023-09-18,113.13999938964844,114.02999877929688,112.08999633789062,112.08999633789062,33900
2023-09-19,112.23999786376953,113.70999908447266,110.87999725341797,113.70999908447266,181000
2023-09-20,111.66999816894531,113.70999908447266,111.19999694824219,112.91999816894531,84700
2023-09-21,110.5,111.41999816894531,109.05999755859375,110.2699966430664,173500
2023-09-22,109.63999938964844,112.44000244140625,108.98999786376953,112.11000061035156,106600
2023-09-25,110.61000061035156,112.18000030517578,109.47000122070312,109.47000122070312,113500
2023-09-26,107.94000244140625,111.12999725341797,107.2699966430664,110.6500015258789,100200
2023-09-27,109.44999694824219,109.8499984741211,107.47000122070312,108.58000183105469,63500
2023-09-28,110.7699966430664,112.33000183105469,108.0999984741211,108.7699966430664,63800
2023-09-29,112.44000244140625,113.31999969482422,110.75,111.86000061035156,72600
2023-10-02,109.94000244140625,113.66999816894531,108.54000091552734,111.73999786376953,91400
2023-10-03,105.61000061035156,109.9800033569336,104.76000213623047,108.66999816894531,111600
2023-10-04,109.01000213623047,110.16000366210938,106.55000305175781,107.08000183105469,114300
2023-10-05,108.62000274658203,110.18000030517578,107.8499984741211,109.51000213623047,38900
2023-10-06,110.6500015258789,110.93000030517578,107.30999755859375,107.30999755859375,48600
2023-10-09,106.30999755859375,107.94000244140625,105.0,107.77999877929688,173800
2023-10-10,107.08000183105469,109.08000183105469,105.73999786376953,106.2699966430664,212000
2023-10-11,107.80000305175781,108.20999908447266,106.73999786376953,106.83999633789062,110600
2023-10-12,109.4800033569336,111.81999969482422,107.13999938964844,107.13999938964844,110600
2023-10-13,106.05999755859375,109.5,105.87000274658203,109.5,56400
2023-10-16,104.05999755859375,105.2300033569336,100.36000061035156,105.2300033569336,264900
2023-10-17,103.77999877929688,105.19000244140625,99.98999786376953,101.95999908447266,162700
2023-10-18,104.0999984741211,104.47000122070312,100.22000122070312,102.16000366210938,124700
2023-10-19,98.18000030517578,105.80999755859375,98.06999969482422,105.77999877929688,180000
2023-10-20,96.43000030517578,98.63999938964844,95.75,97.7699966430664,248700
2023-10-23,95.9800033569336,97.51000213623047,94.69999694824219,96.16000366210938,155200
2023-10-24,95.30000305175781,96.33999633789062,94.3499984741211,96.25,158500
2023-10-25,92.30000305175781,94.25,91.48999786376953,93.68000030517578,124900
2023-10-26,91.25,94.13999938964844,90.94000244140625,92.69999694824219,96600
2023-10-27,90.8499984741211,92.2699966430664,90.58999633789062,92.2699966430664,106100
2023-10-30,93.0,93.51000213623047,91.38999938964844,92.3499984741211,199000
2023-10-31,94.97000122070312,95.62999725341797,92.68000030517578,93.62000274658203,151900
2023-11-01,97.36000061035156,97.94000244140625,95.41000366210938,96.12999725341797,219600
2023-11-02,99.0199966430664,100.95999908447266,98.19000244140625,99.61000061035156,158600
2023-11-03,100.41000366210938,103.0999984741211,99.05999755859375,99.05999755859375,209200
2023-11-06,99.58999633789062,100.7699966430664,98.55000305175781,100.52999877929688,88100
2023-11-07,99.91000366210938,100.72000122070312,98.86000061035156,100.02999877929688,89100
2023-11-08,101.58999633789062,101.8499984741211,100.16999816894531,100.4800033569336,157600
2023-11-09,106.5999984741211,108.37999725341797,102.2300033569336,104.87999725341797,276300
2023-11-10,111.75,113.2300033569336,107.0,107.0,159700
2023-11-13,112.91999816894531,113.69000244140625,110.94000244140625,111.97000122070312,133000
2023-11-14,117.19000244140625,117.37000274658203,115.19000244140625,115.68000030517578,165000
2023-11-15,119.8499984741211,121.0,117.6500015258789,118.41000366210938,157200
2023-11-16,120.27999877929688,123.88999938964844,119.0,121.31999969482422,189600
2023-11-17,121.88999938964844,122.1500015258789,119.29000091552734,119.55999755859375,138900
2023-11-20,121.69000244140625,122.16000366210938,120.66999816894531,121.37999725341797,97200
2023-11-21,122.87000274658203,124.19999694824219,121.0,121.02999877929688,98600
2023-11-22,124.55999755859375,126.55999755859375,124.05000305175781,124.87999725341797,106100
2023-11-24,124.91000366210938,126.0,124.58000183105469,125.02999877929688,29300
2023-11-27,125.0,125.73999786376953,124.0,125.5199966430664,50900
2023-11-28,124.62999725341797,125.80000305175781,123.44999694824219,125.6500015258789,94900
2023-11-29,126.88999938964844,127.63999938964844,125.33000183105469,125.44000244140625,90400
2023-11-30,128.61000061035156,128.80999755859375,125.2300033569336,126.4000015258789,141700
2023-12-01,128.0800018310547,129.5399932861328,126.94999694824219,128.3800048828125,133800
2023-12-04,127.45999908447266,128.58999633789062,125.25,127.8499984741211,117400
2023-12-05,126.22000122070312,127.44000244140625,125.93000030517578,127.26000213623047,69700
2023-12-06,125.0,127.47000122070312,124.77999877929688,127.4000015258789,88900
2023-12-07,126.3499984741211,126.97000122070312,124.44000244140625,125.4800033569336,171000
2023-12-08,127.0,128.11000061035156,124.41999816894531,126.54000091552734,84500
2023-12-11,130.13999938964844,131.50999450683594,127.47000122070312,127.47000122070312,86000
2023-12-12,129.8800048828125,131.41000366210938,128.82000732421875,130.66000366210938,198400
2023-12-13,130.67999267578125,131.88999938964844,128.60000610351562,130.25,116100
2023-12-14,133.66000366210938,134.4600067138672,130.1999969482422,130.1999969482422,104000
2023-12-15,132.39999389648438,135.0,132.0800018310547,134.11000061035156,124500
2023-12-18,133.14999389648438,134.0800018310547,132.39999389648438,133.00999450683594,121500
2023-12-19,134.6999969482422,135.3300018310547,133.39999389648438,134.2100067138672,158400
2023-12-20,130.83999633789062,135.0800018310547,130.02000427246094,134.39999389648438,142800
2023-12-21,135.38999938964844,135.69000244140625,131.75,133.02000427246094,107500
2023-12-22,135.25999450683594,136.5,134.6199951171875,135.0800018310547,74400
2023-12-26,135.97000122070312,136.64999389648438,135.07000732421875,135.07000732421875,64200
2023-12-27,135.17999267578125,135.99000549316406,134.00999450683594,135.6199951171875,71000
2023-12-28,137.38999938964844,138.5,136.0,137.74000549316406,123900
2023-12-29,137.38999938964844,137.69000244140625,134.77000427246094,136.7899932861328,54100
2024-01-02,135.64999389648438,136.83999633789062,134.50999450683594,136.82000732421875,157600
2024-01-03,132.10000610351562,134.75,131.99000549316406,134.75,234200
2024-01-04,131.9600067138672,133.57000732421875,131.1199951171875,131.42999267578125,64500
2024-01-05,129.32000732421875,131.9199981689453,128.74000549316406,131.3000030517578,70300
2024-01-08,131.4600067138672,132.33999633789062,129.11000061035156,129.11000061035156,48600
2024-01-09,130.9499969482422,131.52000427246094,129.1199951171875,129.5399932861328,82500
2024-01-10,131.0,131.99000549316406,129.9600067138672,130.72000122070312,51600
2024-01-11,133.44000244140625,133.52000427246094,131.0,131.8800048828125,77700
2024-01-12,133.8000030517578,134.0399932861328,132.9499969482422,133.63999938964844,34300
2024-01-16,133.60000610351562,134.57000732421875,132.33999633789062,132.5399932861328,63100
2024-01-17,132.36000061035156,133.3300018310547,129.38999938964844,132.27000427246094,81200
2024-01-18,137.7100067138672,142.77000427246094,135.27000427246094,135.27000427246094,639100
2024-01-19,144.42999267578125,144.60000610351562,138.24000549316406,138.60000610351562,180800
2024-01-22,142.72999572753906,146.32000732421875,141.22000122070312,145.24000549316406,168900
2024-01-23,145.82000732421875,145.97999572753906,141.61000061035156,142.4499969482422,226200
2024-01-24,149.0399932861328,153.6699981689453,147.27000427246094,148.7100067138672,392500
2024-01-25,147.97999572753906,152.89999389648438,147.77000427246094,150.22999572753906,227300
2024-01-26,145.7100067138672,148.5500030517578,144.6699981689453,146.75,144800
2024-01-29,146.57000732421875,146.9499969482422,143.80999755859375,146.22000122070312,72000
2024-01-30,146.25,148.0,145.8800048828125,146.19000244140625,46900
2024-01-31,144.80999755859375,148.17999267578125,143.00999450683594,145.0,123300
2024-02-01,144.99000549316406,145.97000122070312,142.52999877929688,145.44000244140625,84300
2024-02-02,146.75,146.86000061035156,143.83999633789062,144.25,54000
2024-02-05,148.8300018310547,150.0,146.19000244140625,147.50999450683594,56000
2024-02-06,146.0,149.8000030517578,144.63999938964844,149.49000549316406,68900
2024-02-07,148.0,149.1699981689453,145.6199951171875,146.4499969482422,44100
2024-02-08,149.99000549316406,152.5500030517578,147.7899932861328,148.6199951171875,94100
2024-02-09,160.66000366210938,161.05999755859375,150.5,150.5,190400
2024-02-12,157.24000549316406,161.07000732421875,156.91000366210938,159.72000122070312,159300
2024-02-13,153.22999572753906,155.75999450683594,151.33999633789062,152.5,101900
2024-02-14,157.42999267578125,158.32000732421875,154.63999938964844,154.63999938964844,155000
2024-02-15,166.9499969482422,172.0500030517578,162.77999877929688,163.17999267578125,250400
2024-02-16,168.9499969482422,170.99000549316406,166.02000427246094,169.0800018310547,142900
2024-02-20,161.63999938964844,167.4199981689453,158.1300048828125,166.47999572753906,243300
2024-02-21,158.27999877929688,159.64999389648438,154.5399932861328,159.36000061035156,195600
2024-02-22,164.64999389648438,166.4600067138672,161.89999389648438,163.83999633789062,102000
2024-02-23,161.82000732421875,166.7899932861328,161.2899932861328,165.0500030517578,78200
2024-02-26,167.10000610351562,168.24000549316406,163.36000061035156,163.52000427246094,117500
2024-02-27,165.27999877929688,167.8800048828125,164.64999389648438,167.64999389648438,248800
2024-02-28,167.39999389648438,168.22999572753906,163.8800048828125,164.47000122070312,134000
2024-02-29,173.4499969482422,173.49000549316406,168.19000244140625,168.24000549316406,277600
2024-03-01,183.66000366210938,184.75,176.77999877929688,176.77999877929688,425700
2024-03-04,187.6699981689453,190.50999450683594,183.5,185.5800018310547,399200
2024-03-05,182.91000366210938,187.41000366210938,181.14999389648438,185.47000122070312,165000
2024-03-06,184.27999877929688,185.52999877929688,181.14999389648438,184.82000732421875,301800
2024-03-07,182.0399932861328,186.7100067138672,181.82000732421875,184.83999633789062,250900
2024-03-08,175.3300018310547,183.25999450683594,173.7100067138672,183.1199951171875,251000
2024-03-11,168.25,169.7899932861328,165.24000549316406,169.7899932861328,280900
2024-03-12,172.07000732421875,172.85000610351562,168.16000366210938,169.1699981689453,188200
2024-03-13,169.66000366210938,171.52000427246094,168.2899932861328,171.24000549316406,116200
2024-03-14,169.64999389648438,171.44000244140625,167.80999755859375,170.6300048828125,74300
2024-03-15,168.92999267578125,170.75,166.38999938964844,167.80999755859375,152300
2024-03-18,170.3300018310547,172.64999389648438,168.55999755859375,170.89999389648438,95200
2024-03-19,176.4600067138672,176.86000061035156,168.3000030517578,169.82000732421875,205600
2024-03-20,181.02999877929688,181.55999755859375,175.6300048828125,176.47000122070312,173400
2024-03-21,183.75999450683594,188.6699981689453,183.2100067138672,185.0,167100
2024-03-22,183.13999938964844,184.13999938964844,180.8699951171875,182.52000427246094,54700
2024-03-25,180.8699951171875,183.30999755859375,180.3800048828125,182.36000061035156,78500
2024-03-26,178.92999267578125,182.89999389648438,178.08999633789062,182.33999633789062,77500
2024-03-27,179.74000549316406,180.72000122070312,176.22000122070312,180.42999267578125,68900
2024-03-28,177.3800048828125,180.4199981689453,175.9499969482422,180.4199981689453,165400
2024-04-01,178.10000610351562,181.3300018310547,177.22999572753906,177.4199981689453,196900
2024-04-02,177.3699951171875,178.1699981689453,171.94000244140625,175.4499969482422,162300
2024-04-03,178.92999267578125,181.1199951171875,173.8800048828125,174.17999267578125,190500
2024-04-04,176.0500030517578,182.9199981689453,174.72000122070312,178.6199951171875,164700
2024-04-05,179.11000061035156,182.39999389648438,175.89999389648438,177.92999267578125,84300
2024-04-08,180.3300018310547,182.30999755859375,179.19000244140625,181.0,85200
2024-04-09,174.9499969482422,180.3699951171875,172.25,180.3699951171875,115300
2024-04-10,174.30999755859375,176.1999969482422,172.3300018310547,172.3300018310547,114400
2024-04-11,174.8000030517578,176.61000061035156,170.3000030517578,172.97000122070312,135000
2024-04-12,170.47999572753906,173.1199951171875,167.91000366210938,173.1199951171875,119700
2024-04-15,170.47000122070312,174.5,169.6999969482422,173.9600067138672,74000
2024-04-16,175.99000549316406,178.69000244140625,170.7100067138672,172.17999267578125,240100
2024-04-17,170.1199951171875,175.22000122070312,166.60000610351562,175.22000122070312,137900
2024-04-18,170.0,171.8000030517578,168.11000061035156,170.49000549316406,162200
2024-04-19,159.9199981689453,169.88999938964844,158.47999572753906,168.1999969482422,223800
2024-04-22,162.77999877929688,163.42999267578125,158.8300018310547,161.3699951171875,166800
2024-04-23,168.17999267578125,169.0,162.17999267578125,163.57000732421875,171400
2024-04-24,166.57000732421875,173.13999938964844,164.77000427246094,170.0,936400
2024-04-25,170.9199981689453,171.02999877929688,164.1199951171875,166.75,83800
2024-04-26,174.33999633789062,177.14999389648438,170.9199981689453,170.9199981689453,158700
2024-04-29,174.08999633789062,174.47999572753906,171.5,173.47000122070312,101200
2024-04-30,169.89999389648438,174.22999572753906,169.47000122070312,172.99000549316406,97700
2024-05-01,167.33999633789062,171.27999877929688,165.14999389648438,169.38999938964844,210000
2024-05-02,174.22000122070312,175.11000061035156,167.91000366210938,170.67999267578125,188300
2024-05-03,178.2899932861328,181.6300048828125,175.22999572753906,177.52999877929688,210000
2024-05-06,182.10000610351562,182.77999877929688,177.8000030517578,178.85000610351562,129000
2024-05-07,183.52999877929688,185.77000427246094,181.5399932861328,182.72000122070312,168100
2024-05-08,181.1199951171875,183.9499969482422,178.2899932861328,182.3300018310547,218200
2024-05-09,193.13999938964844,198.7100067138672,183.63999938964844,186.64999389648438,491900
2024-05-10,193.5,196.83999633789062,189.5,194.08999633789062,165100
2024-05-13,193.5,195.60000610351562,190.82000732421875,193.0,118200
2024-05-14,200.0,200.08999633789062,193.19000244140625,195.16000366210938,132000
2024-05-15,202.14999389648438,203.02000427246094,198.27999877929688,200.0,116200
2024-05-16,194.52000427246094,198.24000549316406,193.25999450683594,197.97999572753906,213900
2024-05-17,196.22999572753906,197.2100067138672,193.19000244140625,195.52999877929688,171600
2024-05-20,203.41000366210938,205.16000366210938,196.35000610351562,196.35000610351562,116200
2024-05-21,204.08999633789062,206.7899932861328,201.6699981689453,203.1699981689453,125500
2024-05-22,207.8800048828125,209.64999389648438,204.75999450683594,204.75999450683594,165800
2024-05-23,210.77000427246094,217.3000030517578,209.10000610351562,211.7100067138672,291400
2024-05-24,213.61000061035156,217.57000732421875,210.35000610351562,211.99000549316406,181700
2024-05-28,219.11000061035156,219.74000549316406,213.6999969482422,216.14999389648438,118300
2024-05-29,215.99000549316406,217.8800048828125,215.0,216.5399932861328,131600
2024-05-30,211.63999938964844,216.94000244140625,211.07000732421875,216.35000610351562,118700
2024-05-31,208.64999389648438,212.5,203.0,212.14999389648438,235300
2024-06-03,213.11000061035156,213.49000549316406,204.72999572753906,209.99000549316406,171600
2024-06-04,207.58999633789062,214.72000122070312,203.75,214.3699951171875,127000
2024-06-05,218.52000427246094,218.69000244140625,208.3699951171875,210.6699981689453,291100
2024-06-06,219.8000030517578,223.44000244140625,218.0800018310547,219.85000610351562,192800
2024-06-07,219.5,223.27000427246094,216.67999267578125,220.39999389648438,125300
2024-06-10,225.22999572753906,226.3800048828125,218.24000549316406,219.0,202400
2024-06-11,224.8300018310547,225.42999267578125,219.22999572753906,224.77000427246094,82500
2024-06-12,234.8800048828125,235.0,226.4499969482422,227.8699951171875,127100
2024-06-13,237.30999755859375,239.30999755859375,232.35000610351562,233.27000427246094,216900
2024-06-14,237.97999572753906,239.83999633789062,235.2100067138672,236.5800018310547,112100
2024-06-17,239.08999633789062,242.02000427246094,234.25999450683594,235.97999572753906,312200
2024-06-18,241.11000061035156,242.92999267578125,237.36000061035156,239.4499969482422,197200
2024-06-20,232.77000427246094,237.97000122070312,230.05999755859375,237.58999633789062,360700
2024-06-21,228.89999389648438,231.77999877929688,225.0,231.77999877929688,176000
2024-06-24,224.13999938964844,227.97000122070312,221.63999938964844,227.4600067138672,294900
2024-06-25,234.14999389648438,235.92999267578125,224.14999389648438,224.47999572753906,215700
2024-06-26,230.52000427246094,237.14999389648438,230.16000366210938,233.02999877929688,134100
2024-06-27,235.1699981689453,239.1699981689453,230.94000244140625,230.94000244140625,155400
2024-06-28,234.52999877929688,242.75999450683594,233.24000549316406,237.74000549316406,93500
2024-07-01,232.85000610351562,235.86000061035156,227.0500030517578,234.9199981689453,188800
2024-07-02,235.5399932861328,238.6999969482422,229.41000366210938,234.10000610351562,186500
2024-07-03,238.58999633789062,240.3300018310547,236.00999450683594,236.1999969482422,66600
2024-07-05,238.52999877929688,240.99000549316406,237.61000061035156,238.08999633789062,52600
2024-07-08,239.88999938964844,244.97000122070312,237.88999938964844,241.19000244140625,229400
2024-07-09,244.49000549316406,246.33999633789062,241.38999938964844,242.97000122070312,119000
2024-07-10,242.44000244140625,247.2100067138672,241.07000732421875,246.8699951171875,305400
2024-07-11,231.74000549316406,241.9499969482422,229.4499969482422,241.9499969482422,199800
2024-07-12,235.9199981689453,239.97999572753906,231.47000122070312,231.47000122070312,133700
2024-07-15,240.25,242.17999267578125,238.94000244140625,239.6699981689453,124500
2024-07-16,241.7100067138672,242.14999389648438,237.1300048828125,239.63999938964844,108000
2024-07-17,209.8300018310547,233.3000030517578,209.22000122070312,232.38999938964844,478200
2024-07-18,206.4600067138672,214.02000427246094,198.13999938964844,214.02000427246094,312200
2024-07-19,203.5800018310547,209.39999389648438,202.77000427246094,208.5,167900
2024-07-22,215.32000732421875,218.02000427246094,206.8699951171875,206.8699951171875,212000
2024-07-23,216.97999572753906,220.6300048828125,212.85000610351562,212.85000610351562,230800
2024-07-24,205.6699981689453,214.1300048828125,205.10000610351562,214.1300048828125,132800
2024-07-25,197.17999267578125,206.66000366210938,197.0399932861328,206.1300048828125,231200
2024-07-26,198.60000610351562,202.5399932861328,195.66000366210938,200.8800048828125,184700
2024-07-29,201.3800048828125,206.77000427246094,198.5800018310547,199.8699951171875,237200
2024-07-30,197.6199951171875,202.88999938964844,194.66000366210938,202.88999938964844,175400
2024-07-31,206.47000122070312,207.1300048828125,202.0,202.50999450683594,172100
2024-08-01,189.22999572753906,201.6999969482422,186.11000061035156,201.6999969482422,286200
2024-08-02,172.8699951171875,182.8300018310547,171.00999450683594,182.8300018310547,328000
2024-08-05,176.2100067138672,177.0,158.0,161.00999450683594,406300
2024-08-06,182.49000549316406,186.16000366210938,174.52000427246094,178.94000244140625,232300
2024-08-07,180.9600067138672,191.9499969482422,180.0800018310547,188.77999877929688,478900
2024-08-08,216.22000122070312,216.7899932861328,201.8800048828125,201.8800048828125,433800
2024-08-09,225.44000244140625,226.63999938964844,213.9199981689453,216.02999877929688,297400
2024-08-12,223.63999938964844,225.08999633789062,217.72000122070312,221.80999755859375,270100
2024-08-13,229.02999877929688,229.74000549316406,223.00999450683594,229.3300018310547,226200
2024-08-14,226.72000122070312,228.55999755859375,224.6199951171875,226.0399932861328,354200
2024-08-15,236.41000366210938,236.63999938964844,227.6699981689453,229.8000030517578,214400
2024-08-16,232.92999267578125,236.10000610351562,229.77999877929688,233.60000610351562,127800
2024-08-19,234.0399932861328,234.38999938964844,226.0500030517578,231.4600067138672,208900
2024-08-20,230.67999267578125,234.97000122070312,228.14999389648438,233.63999938964844,123100
2024-08-21,230.1300048828125,232.52000427246094,227.72000122070312,228.4600067138672,273200
2024-08-22,223.35000610351562,230.1699981689453,221.5,229.9499969482422,104300
2024-08-23,223.00999450683594,228.0,220.60000610351562,225.6699981689453,97200
2024-08-26,218.61000061035156,221.67999267578125,215.36000061035156,221.67999267578125,125600
2024-08-27,224.9499969482422,226.3699951171875,217.3000030517578,218.72999572753906,239600
2024-08-28,219.88999938964844,227.6300048828125,219.74000549316406,225.0399932861328,135600
2024-08-29,220.35000610351562,230.49000549316406,220.22999572753906,224.13999938964844,189300
2024-08-30,223.5500030517578,225.25999450683594,217.9600067138672,224.66000366210938,77300
2024-09-03,201.66000366210938,216.85000610351562,198.6199951171875,216.3699951171875,371600
2024-09-04,207.3699951171875,210.35000610351562,197.02000427246094,197.66000366210938,243900
2024-09-05,199.8300018310547,206.17999267578125,199.4600067138672,205.30999755859375,146300
2024-09-06,197.1999969482422,200.6699981689453,194.3300018310547,199.5,296400
2024-09-09,196.00999450683594,199.47999572753906,193.9199981689453,198.55999755859375,151700
2024-09-10,198.02000427246094,199.4600067138672,195.8699951171875,198.5,125600
2024-09-11,201.67999267578125,201.69000244140625,195.6999969482422,198.16000366210938,254400
2024-09-12,204.83999633789062,206.97999572753906,197.10000610351562,200.58999633789062,90700
2024-09-13,206.7100067138672,209.22999572753906,203.0800018310547,207.17999267578125,54000
2024-09-16,189.27000427246094,198.60000610351562,186.7899932861328,197.0399932861328,310200
2024-09-17,194.7100067138672,197.3300018310547,188.25999450683594,189.4499969482422,264500
2024-09-18,192.33999633789062,197.8000030517578,191.97000122070312,195.8300018310547,125000
2024-09-19,205.3000030517578,206.9199981689453,196.61000061035156,196.63999938964844,173000
2024-09-20,200.38999938964844,203.39999389648438,200.11000061035156,203.22999572753906,218500
2024-09-23,201.1699981689453,206.63999938964844,200.61000061035156,204.22999572753906,161800
2024-09-24,203.14999389648438,204.3800048828125,201.0,203.00999450683594,78000
2024-09-25,200.6199951171875,206.4499969482422,200.35000610351562,202.97000122070312,94400
2024-09-26,211.7899932861328,218.92999267578125,208.11000061035156,215.97999572753906,283800
2024-09-27,209.61000061035156,213.27000427246094,206.82000732421875,211.25,127500
2024-09-30,208.33999633789062,211.8300018310547,207.0800018310547,210.88999938964844,274500
2024-10-01,197.8800048828125,209.91000366210938,197.0800018310547,208.66000366210938,153000
2024-10-02,200.11000061035156,203.75,196.66000366210938,196.66000366210938,84500
2024-10-03,199.69000244140625,202.6300048828125,197.74000549316406,197.74000549316406,72300
2024-10-04,202.60000610351562,206.11000061035156,199.6699981689453,205.3300018310547,144100
2024-10-07,200.57000732421875,203.1300048828125,199.5,201.60000610351562,64200
2024-10-08,208.75999450683594,211.27000427246094,203.4499969482422,203.88999938964844,257100
2024-10-09,210.72000122070312,210.9499969482422,205.36000061035156,208.88999938964844,74000
2024-10-10,210.0800018310547,210.72000122070312,203.2899932861328,207.75,76700
2024-10-11,216.49000549316406,218.0500030517578,209.0,209.0,130800
2024-10-14,221.55999755859375,223.17999267578125,219.7899932861328,219.7899932861328,74600
2024-10-15,198.74000549316406,223.39999389648438,197.5,221.4600067138672,236300
2024-10-16,188.57000732421875,203.44000244140625,188.0,201.8800048828125,321700
2024-10-17,187.1999969482422,197.69000244140625,186.6300048828125,195.16000366210938,410500
2024-10-18,184.2100067138672,188.60000610351562,183.94000244140625,187.47999572753906,376600
2024-10-21,186.02999877929688,188.77999877929688,184.27999877929688,187.02000427246094,385100
2024-10-22,182.4499969482422,188.0,182.00999450683594,185.5800018310547,368900
2024-10-23,182.8800048828125,185.69000244140625,180.0,181.0,408900
2024-10-24,183.55999755859375,186.82000732421875,183.27999877929688,184.60000610351562,131000
2024-10-25,184.24000549316406,186.0399932861328,182.72000122070312,184.07000732421875,113700
2024-10-28,189.05999755859375,190.99000549316406,186.61000061035156,186.61000061035156,149200
2024-10-29,199.6699981689453,200.02000427246094,188.24000549316406,189.05999755859375,252700
2024-10-30,197.5800018310547,200.2899932861328,195.86000061035156,196.5399932861328,195900
2024-10-31,185.3000030517578,197.27999877929688,183.0800018310547,197.27999877929688,182800
2024-11-01,184.99000549316406,187.99000549316406,184.32000732421875,185.75999450683594,118400
2024-11-04,182.52000427246094,186.47999572753906,181.3300018310547,183.55999755859375,137900
2024-11-05,181.2899932861328,184.6300048828125,180.89999389648438,182.94000244140625,200900
2024-11-06,191.30999755859375,191.63999938964844,185.8800048828125,185.8800048828125,272700
2024-11-07,206.3699951171875,207.42999267578125,192.6300048828125,203.99000549316406,409500
2024-11-08,197.67999267578125,208.0,196.19000244140625,207.11000061035156,336300
2024-11-11,199.27999877929688,200.63999938964844,194.0800018310547,197.36000061035156,245800
2024-11-12,203.8300018310547,207.6300048828125,201.3000030517578,202.07000732421875,202800
2024-11-13,189.47000122070312,205.17999267578125,189.3000030517578,204.1199951171875,392500
2024-11-14,190.25999450683594,193.11000061035156,188.02999877929688,192.02999877929688,230500
2024-11-15,178.6699981689453,185.91000366210938,178.22999572753906,185.25999450683594,286000
2024-11-18,177.2100067138672,179.63999938964844,175.58999633789062,179.63999938964844,177300
2024-11-19,176.9600067138672,178.17999267578125,174.66000366210938,176.88999938964844,181000
2024-11-20,174.17999267578125,177.61000061035156,172.97999572753906,176.9600067138672,455800
2024-11-21,179.72000122070312,181.4199981689453,174.13999938964844,175.19000244140625,403000
2024-11-22,179.75999450683594,181.1199951171875,176.6199951171875,179.0,133000
2024-11-25,176.10000610351562,182.97999572753906,175.30999755859375,180.50999450683594,166000
2024-11-26,174.52999877929688,178.8800048828125,172.99000549316406,177.22999572753906,136400
2024-11-27,172.38999938964844,174.6199951171875,168.02999877929688,174.6199951171875,292100
2024-11-29,183.75999450683594,186.69000244140625,176.67999267578125,176.67999267578125,163100
2024-12-02,190.5,192.19000244140625,182.3800048828125,183.74000549316406,214200
2024-12-03,189.91000366210938,191.75999450683594,187.0,187.0,160200
2024-12-04,189.75999450683594,195.0,189.33999633789062,194.38999938964844,222400
2024-12-05,185.88999938964844,188.9600067138672,185.22999572753906,188.9600067138672,172500
2024-12-06,195.17999267578125,195.9199981689453,185.0,185.50999450683594,259300
2024-12-09,198.5,204.47999572753906,193.50999450683594,196.3699951171875,353100
2024-12-10,190.3000030517578,199.02000427246094,189.1199951171875,198.5,150600
2024-12-11,192.0,193.6699981689453,190.47000122070312,192.4499969482422,151100
2024-12-12,189.5500030517578,191.74000549316406,187.86000061035156,190.4499969482422,77700
2024-12-13,188.3300018310547,193.75,184.77000427246094,191.41000366210938,109800
2024-12-16,190.41000366210938,193.5500030517578,188.67999267578125,190.3800048828125,122200
2024-12-17,197.64999389648438,201.0,187.94000244140625,187.94000244140625,245300
2024-12-18,196.5800018310547,207.63999938964844,195.00999450683594,198.4199981689453,241400
2024-12-19,194.8800048828125,197.7100067138672,191.39999389648438,196.89999389648438,179700
2024-12-20,193.52999877929688,196.85000610351562,188.75999450683594,191.3000030517578,82600
2024-12-23,199.1699981689453,199.33999633789062,193.97000122070312,193.97000122070312,61900
2024-12-24,203.14999389648438,204.3800048828125,199.5,199.5,135200
2024-12-26,202.44000244140625,205.24000549316406,202.16000366210938,203.14999389648438,95100
2024-12-27,200.0500030517578,201.58999633789062,195.00999450683594,201.58999633789062,83400
2024-12-30,197.17999267578125,200.50999450683594,195.25999450683594,198.16000366210938,101400
2024-12-31,196.9499969482422,199.10000610351562,195.72000122070312,197.7899932861328,72300
2025-01-02,202.8300018310547,210.5,200.39999389648438,200.8800048828125,206400
2025-01-03,204.63999938964844,207.5399932861328,202.2100067138672,203.49000549316406,251100
2025-01-06,214.6199951171875,220.57000732421875,213.02999877929688,218.7899932861328,425200
2025-01-07,216.41000366210938,223.00999450683594,214.6300048828125,222.05999755859375,163600
2025-01-08,219.7100067138672,219.97999572753906,211.8300018310547,218.05999755859375,103800
2025-01-10,217.72000122070312,219.08999633789062,210.66000366210938,215.7899932861328,112700
