Date,Adj Close,Close,High,Low,Open,Volume
2023-05-19,0.20000000298023224,0.20000000298023224,0.2199999988079071,0.1599999964237213,0.1599999964237213,789100
2023-05-22,0.20999999344348907,0.20999999344348907,0.20999999344348907,0.20000000298023224,0.20999999344348907,116800
2023-05-23,0.18000000715255737,0.18000000715255737,0.2029999941587448,0.18000000715255737,0.20000000298023224,379400
2023-05-24,0.18000000715255737,0.18000000715255737,0.18000000715255737,0.18000000715255737,0.18000000715255737,14500
2023-05-25,0.17000000178813934,0.17000000178813934,0.18000000715255737,0.1599999964237213,0.18000000715255737,123000
2023-05-26,0.17000000178813934,0.17000000178813934,0.18000000715255737,0.1599999964237213,0.17000000178813934,262400
2023-05-30,0.18000000715255737,0.18000000715255737,0.18000000715255737,0.18000000715255737,0.18000000715255737,600
2023-05-31,0.17000000178813934,0.17000000178813934,0.17000000178813934,0.17000000178813934,0.17000000178813934,80700
2023-06-01,0.1899999976158142,0.1899999976158142,0.1899999976158142,0.1889999955892563,0.1889999955892563,10100
2023-06-02,0.17000000178813934,0.17000000178813934,0.17000000178813934,0.17000000178813934,0.17000000178813934,90000
2023-06-05,0.17000000178813934,0.17000000178813934,0.17000000178813934,0.17000000178813934,0.17000000178813934,99000
2023-06-06,0.17000000178813934,0.17000000178813934,0.17000000178813934,0.17000000178813934,0.17000000178813934,112000
2023-06-07,0.17000000178813934,0.17000000178813934,0.17000000178813934,0.17000000178813934,0.17000000178813934,0
2023-06-08,0.17000000178813934,0.17000000178813934,0.17000000178813934,0.17000000178813934,0.17000000178813934,100
2023-06-09,0.17000000178813934,0.17000000178813934,0.17000000178813934,0.17000000178813934,0.17000000178813934,0
2023-06-12,0.17000000178813934,0.17000000178813934,0.17000000178813934,0.17000000178813934,0.17000000178813934,0
2023-06-13,0.20000000298023224,0.20000000298023224,0.20000000298023224,0.1899999976158142,0.1899999976158142,21100
2023-06-14,0.20000000298023224,0.20000000298023224,0.20000000298023224,0.20000000298023224,0.20000000298023224,0
2023-06-15,0.20000000298023224,0.20000000298023224,0.20000000298023224,0.20000000298023224,0.20000000298023224,0
2023-06-16,0.20000000298023224,0.20000000298023224,0.20000000298023224,0.20000000298023224,0.20000000298023224,0
2023-06-20,0.20000000298023224,0.20000000298023224,0.20000000298023224,0.20000000298023224,0.20000000298023224,0
2023-06-21,0.20000000298023224,0.20000000298023224,0.20000000298023224,0.20000000298023224,0.20000000298023224,0
2023-06-22,0.20000000298023224,0.20000000298023224,0.20000000298023224,0.20000000298023224,0.20000000298023224,0
2023-06-23,0.20000000298023224,0.20000000298023224,0.20000000298023224,0.20000000298023224,0.20000000298023224,0
2023-06-26,0.20000000298023224,0.20000000298023224,0.20000000298023224,0.20000000298023224,0.20000000298023224,0
2023-06-27,0.20000000298023224,0.20000000298023224,0.20000000298023224,0.20000000298023224,0.20000000298023224,0
2023-06-28,0.20000000298023224,0.20000000298023224,0.20000000298023224,0.20000000298023224,0.20000000298023224,100000
2023-06-29,0.20000000298023224,0.20000000298023224,0.20000000298023224,0.20000000298023224,0.20000000298023224,0
2023-06-30,0.20999999344348907,0.20999999344348907,0.20999999344348907,0.20999999344348907,0.20999999344348907,3900
2023-07-03,0.20999999344348907,0.20999999344348907,0.20999999344348907,0.20999999344348907,0.20999999344348907,0
2023-07-05,0.20999999344348907,0.20999999344348907,0.20999999344348907,0.20999999344348907,0.20999999344348907,0
2023-07-06,0.20999999344348907,0.20999999344348907,0.20999999344348907,0.20999999344348907,0.20999999344348907,0
2023-07-07,0.20999999344348907,0.20999999344348907,0.20999999344348907,0.20999999344348907,0.20999999344348907,0
2023-07-10,0.20999999344348907,0.20999999344348907,0.20999999344348907,0.20999999344348907,0.20999999344348907,0
2023-07-11,0.20999999344348907,0.20999999344348907,0.20999999344348907,0.20999999344348907,0.20999999344348907,0
2023-07-12,0.20999999344348907,0.20999999344348907,0.20999999344348907,0.20999999344348907,0.20999999344348907,0
2023-07-13,0.20999999344348907,0.20999999344348907,0.20999999344348907,0.20999999344348907,0.20999999344348907,0
2023-07-14,0.20999999344348907,0.20999999344348907,0.20999999344348907,0.20999999344348907,0.20999999344348907,0
2023-07-17,0.20999999344348907,0.20999999344348907,0.20999999344348907,0.20999999344348907,0.20999999344348907,0
2023-07-18,0.20999999344348907,0.20999999344348907,0.20999999344348907,0.20999999344348907,0.20999999344348907,0
2023-07-19,0.20999999344348907,0.20999999344348907,0.20999999344348907,0.20000000298023224,0.20000000298023224,50700
2023-07-20,0.20999999344348907,0.20999999344348907,0.20999999344348907,0.20999999344348907,0.20999999344348907,0
2023-07-21,0.20999999344348907,0.20999999344348907,0.20999999344348907,0.20999999344348907,0.20999999344348907,0
2023-07-24,0.20999999344348907,0.20999999344348907,0.20999999344348907,0.20999999344348907,0.20999999344348907,0
2023-07-25,0.20999999344348907,0.20999999344348907,0.20999999344348907,0.20999999344348907,0.20999999344348907,0
2023-07-26,0.20999999344348907,0.20999999344348907,0.20999999344348907,0.20999999344348907,0.20999999344348907,0
2023-07-27,0.20999999344348907,0.20999999344348907,0.20999999344348907,0.20999999344348907,0.20999999344348907,0
2023-07-28,0.20999999344348907,0.20999999344348907,0.20999999344348907,0.20999999344348907,0.20999999344348907,0
2023-07-31,0.20999999344348907,0.20999999344348907,0.20999999344348907,0.20999999344348907,0.20999999344348907,200
2023-08-01,0.20000000298023224,0.20000000298023224,0.20200000703334808,0.20000000298023224,0.20200000703334808,95000
2023-08-02,0.1899999976158142,0.1899999976158142,0.1899999976158142,0.17000000178813934,0.17000000178813934,400
2023-08-03,0.20200000703334808,0.20200000703334808,0.20200000703334808,0.1940000057220459,0.1979999989271164,4000
2023-08-04,0.20200000703334808,0.20200000703334808,0.20200000703334808,0.20200000703334808,0.20200000703334808,0
2023-08-07,0.20200000703334808,0.20200000703334808,0.20200000703334808,0.20200000703334808,0.20200000703334808,0
2023-08-08,0.20200000703334808,0.20200000703334808,0.20200000703334808,0.20200000703334808,0.20200000703334808,0
2023-08-09,0.20200000703334808,0.20200000703334808,0.20200000703334808,0.20200000703334808,0.20200000703334808,0
2023-08-10,0.20200000703334808,0.20200000703334808,0.20200000703334808,0.20200000703334808,0.20200000703334808,0
2023-08-11,0.20999999344348907,0.20999999344348907,0.20999999344348907,0.20499999821186066,0.20499999821186066,17100
2023-08-14,0.25,0.25,0.2549999952316284,0.24400000274181366,0.25,94900
2023-08-15,0.2800000011920929,0.2800000011920929,0.2800000011920929,0.25,0.25,10500
2023-08-16,0.2879999876022339,0.2879999876022339,0.40700000524520874,0.2849999964237213,0.289000004529953,12400
2023-08-17,0.28299999237060547,0.28299999237060547,0.42399999499320984,0.21199999749660492,0.42399999499320984,7000
2023-08-18,0.28299999237060547,0.28299999237060547,0.28299999237060547,0.28299999237060547,0.28299999237060547,0
2023-08-21,0.30399999022483826,0.30399999022483826,0.32899999618530273,0.2770000100135803,0.3240000009536743,1600
2023-08-22,0.30399999022483826,0.30399999022483826,0.30399999022483826,0.30399999022483826,0.30399999022483826,400
2023-08-23,0.27399998903274536,0.27399998903274536,0.27399998903274536,0.26499998569488525,0.26499998569488525,1300
2023-08-24,0.28999999165534973,0.28999999165534973,0.28999999165534973,0.28999999165534973,0.28999999165534973,500
2023-08-25,0.2840000092983246,0.2840000092983246,0.3199999928474426,0.257999986410141,0.3199999928474426,4600
2023-08-28,0.2840000092983246,0.2840000092983246,0.2840000092983246,0.2840000092983246,0.2840000092983246,0
2023-08-29,0.2840000092983246,0.2840000092983246,0.2840000092983246,0.2840000092983246,0.2840000092983246,0
2023-08-30,0.2199999988079071,0.2199999988079071,0.23100000619888306,0.2199999988079071,0.23100000619888306,300
2023-08-31,0.2199999988079071,0.2199999988079071,0.2199999988079071,0.2199999988079071,0.2199999988079071,0
2023-09-01,0.2840000092983246,0.2840000092983246,0.2840000092983246,0.2840000092983246,0.2840000092983246,200
2023-09-05,0.23999999463558197,0.23999999463558197,0.2590000033378601,0.23999999463558197,0.2590000033378601,700
2023-09-06,0.23999999463558197,0.23999999463558197,0.23999999463558197,0.23999999463558197,0.23999999463558197,0
2023-09-07,0.23999999463558197,0.23999999463558197,0.23999999463558197,0.23999999463558197,0.23999999463558197,0
2023-09-08,0.23999999463558197,0.23999999463558197,0.23999999463558197,0.23999999463558197,0.23999999463558197,0
2023-09-11,0.23999999463558197,0.23999999463558197,0.23999999463558197,0.23000000417232513,0.23000000417232513,2600
2023-09-12,0.210999995470047,0.210999995470047,0.210999995470047,0.210999995470047,0.210999995470047,100
2023-09-13,0.210999995470047,0.210999995470047,0.210999995470047,0.210999995470047,0.210999995470047,0
2023-09-14,0.210999995470047,0.210999995470047,0.210999995470047,0.210999995470047,0.210999995470047,0
2023-09-15,0.23199999332427979,0.23199999332427979,0.23199999332427979,0.23199999332427979,0.23199999332427979,100
2023-09-18,0.210999995470047,0.210999995470047,0.210999995470047,0.210999995470047,0.210999995470047,400
2023-09-19,0.22699999809265137,0.22699999809265137,0.22699999809265137,0.22699999809265137,0.22699999809265137,900
2023-09-20,0.23000000417232513,0.23000000417232513,0.257999986410141,0.23000000417232513,0.23000000417232513,800
2023-09-21,0.23000000417232513,0.23000000417232513,0.23000000417232513,0.23000000417232513,0.23000000417232513,0
2023-09-22,0.23000000417232513,0.23000000417232513,0.23000000417232513,0.23000000417232513,0.23000000417232513,0
2023-09-25,0.2280000001192093,0.2280000001192093,0.2280000001192093,0.210999995470047,0.210999995470047,300
2023-09-26,0.2280000001192093,0.2280000001192093,0.2280000001192093,0.2280000001192093,0.2280000001192093,0
2023-09-27,0.25,0.25,0.25,0.210999995470047,0.210999995470047,3200
2023-09-28,0.25,0.25,0.25,0.25,0.25,0
2023-09-29,0.25,0.25,0.25,0.25,0.25,200
2023-10-02,0.25,0.25,0.25,0.25,0.25,0
2023-10-03,0.25,0.25,0.25,0.25,0.25,0
2023-10-04,0.25,0.25,0.25,0.25,0.25,0
2023-10-05,0.25,0.25,0.25,0.25,0.25,0
2023-10-06,0.25,0.25,0.25,0.25,0.25,0
2023-10-09,0.2150000035762787,0.2150000035762787,0.21899999678134918,0.210999995470047,0.21899999678134918,25000
2023-10-10,0.22699999809265137,0.22699999809265137,0.22699999809265137,0.20999999344348907,0.20999999344348907,1000
2023-10-11,0.22699999809265137,0.22699999809265137,0.22699999809265137,0.22699999809265137,0.22699999809265137,0
2023-10-12,0.23399999737739563,0.23399999737739563,0.23399999737739563,0.23000000417232513,0.23000000417232513,275200
2023-10-13,0.23399999737739563,0.23399999737739563,0.23399999737739563,0.23399999737739563,0.23399999737739563,0
2023-10-16,0.23399999737739563,0.23399999737739563,0.23399999737739563,0.23399999737739563,0.23399999737739563,0
2023-10-17,0.23399999737739563,0.23399999737739563,0.23399999737739563,0.23399999737739563,0.23399999737739563,0
2023-10-18,0.23399999737739563,0.23399999737739563,0.23399999737739563,0.23399999737739563,0.23399999737739563,0
2023-10-19,0.23399999737739563,0.23399999737739563,0.23399999737739563,0.23399999737739563,0.23399999737739563,0
2023-10-20,0.23399999737739563,0.23399999737739563,0.23399999737739563,0.23399999737739563,0.23399999737739563,0
2023-10-23,0.23399999737739563,0.23399999737739563,0.23399999737739563,0.23399999737739563,0.23399999737739563,0
2023-10-24,0.23399999737739563,0.23399999737739563,0.23399999737739563,0.23399999737739563,0.23399999737739563,0
2023-10-25,0.23399999737739563,0.23399999737739563,0.23399999737739563,0.23399999737739563,0.23399999737739563,0
2023-10-26,0.23399999737739563,0.23399999737739563,0.23399999737739563,0.23399999737739563,0.23399999737739563,0
2023-10-27,0.23399999737739563,0.23399999737739563,0.23399999737739563,0.23399999737739563,0.23399999737739563,0
2023-10-30,0.23399999737739563,0.23399999737739563,0.23399999737739563,0.23399999737739563,0.23399999737739563,0
2023-10-31,0.23000000417232513,0.23000000417232513,0.23000000417232513,0.23000000417232513,0.23000000417232513,2400
2023-11-01,0.23000000417232513,0.23000000417232513,0.23000000417232513,0.23000000417232513,0.23000000417232513,1500
2023-11-02,0.23000000417232513,0.23000000417232513,0.23000000417232513,0.23000000417232513,0.23000000417232513,0
2023-11-03,0.23999999463558197,0.23999999463558197,0.23999999463558197,0.2199999988079071,0.23000000417232513,55700
2023-11-06,0.23999999463558197,0.23999999463558197,0.23999999463558197,0.23999999463558197,0.23999999463558197,0
2023-11-07,0.23999999463558197,0.23999999463558197,0.23999999463558197,0.23999999463558197,0.23999999463558197,0
2023-11-08,0.27399998903274536,0.27399998903274536,0.27399998903274536,0.20800000429153442,0.20800000429153442,600
2023-11-09,0.27399998903274536,0.27399998903274536,0.27399998903274536,0.27399998903274536,0.27399998903274536,0
2023-11-10,0.27399998903274536,0.27399998903274536,0.27399998903274536,0.27399998903274536,0.27399998903274536,0
2023-11-13,0.27399998903274536,0.27399998903274536,0.27399998903274536,0.27399998903274536,0.27399998903274536,0
2023-11-14,0.27399998903274536,0.27399998903274536,0.27399998903274536,0.27399998903274536,0.27399998903274536,0
2023-11-15,0.21799999475479126,0.21799999475479126,0.21799999475479126,0.21799999475479126,0.21799999475479126,100
2023-11-16,0.21799999475479126,0.21799999475479126,0.21799999475479126,0.21799999475479126,0.21799999475479126,0
2023-11-17,0.21799999475479126,0.21799999475479126,0.21799999475479126,0.21799999475479126,0.21799999475479126,0
2023-11-20,0.20000000298023224,0.20000000298023224,0.20999999344348907,0.20000000298023224,0.20999999344348907,31200
2023-11-21,0.20000000298023224,0.20000000298023224,0.20000000298023224,0.20000000298023224,0.20000000298023224,0
2023-11-22,0.20000000298023224,0.20000000298023224,0.20000000298023224,0.20000000298023224,0.20000000298023224,0
2023-11-24,0.20000000298023224,0.20000000298023224,0.20000000298023224,0.20000000298023224,0.20000000298023224,300
2023-11-27,0.19699999690055847,0.19699999690055847,0.19699999690055847,0.19699999690055847,0.19699999690055847,200
2023-11-28,0.20000000298023224,0.20000000298023224,0.20000000298023224,0.20000000298023224,0.20000000298023224,17200
2023-11-29,0.19599999487400055,0.19599999487400055,0.1979999989271164,0.19599999487400055,0.19599999487400055,1000
2023-11-30,0.12999999523162842,0.12999999523162842,0.17000000178813934,0.12999999523162842,0.17000000178813934,1000
2023-12-01,0.12999999523162842,0.12999999523162842,0.2199999988079071,0.12999999523162842,0.2199999988079071,2400
2023-12-04,0.15000000596046448,0.15000000596046448,0.15000000596046448,0.15000000596046448,0.15000000596046448,800
2023-12-05,0.14000000059604645,0.14000000059604645,0.14000000059604645,0.14000000059604645,0.14000000059604645,25300
2023-12-06,0.1469999998807907,0.1469999998807907,0.1469999998807907,0.1469999998807907,0.1469999998807907,200
2023-12-07,0.1509999930858612,0.1509999930858612,0.1509999930858612,0.013000000268220901,0.013000000268220901,2600
2023-12-08,0.18000000715255737,0.18000000715255737,0.18000000715255737,0.1509999930858612,0.18000000715255737,6300
2023-12-11,0.14000000059604645,0.14000000059604645,0.1899999976158142,0.10000000149011612,0.1899999976158142,2600
2023-12-12,0.14000000059604645,0.14000000059604645,0.14000000059604645,0.14000000059604645,0.14000000059604645,400
2023-12-13,0.14000000059604645,0.14000000059604645,0.14000000059604645,0.14000000059604645,0.14000000059604645,0
2023-12-14,0.164000004529953,0.164000004529953,0.164000004529953,0.14000000059604645,0.14000000059604645,1800
2023-12-15,0.164000004529953,0.164000004529953,0.164000004529953,0.164000004529953,0.164000004529953,100
2023-12-18,0.164000004529953,0.164000004529953,0.164000004529953,0.164000004529953,0.164000004529953,300
2023-12-19,0.1899999976158142,0.1899999976158142,0.1899999976158142,0.1899999976158142,0.1899999976158142,100
2023-12-20,0.19599999487400055,0.19599999487400055,0.19599999487400055,0.19599999487400055,0.19599999487400055,300
2023-12-21,0.19599999487400055,0.19599999487400055,0.19599999487400055,0.19599999487400055,0.19599999487400055,0
2023-12-22,0.19599999487400055,0.19599999487400055,0.19599999487400055,0.19599999487400055,0.19599999487400055,0
2023-12-26,0.19599999487400055,0.19599999487400055,0.19599999487400055,0.19599999487400055,0.19599999487400055,0
2023-12-27,0.15000000596046448,0.15000000596046448,0.15000000596046448,0.1379999965429306,0.15000000596046448,1500
2023-12-28,0.15000000596046448,0.15000000596046448,0.15000000596046448,0.15000000596046448,0.15000000596046448,200
2023-12-29,0.15000000596046448,0.15000000596046448,0.15000000596046448,0.15000000596046448,0.15000000596046448,0
2024-01-02,0.20000000298023224,0.20000000298023224,0.20000000298023224,0.18000000715255737,0.18000000715255737,200
2024-01-03,0.15000000596046448,0.15000000596046448,0.15000000596046448,0.15000000596046448,0.15000000596046448,200
2024-01-04,0.15000000596046448,0.15000000596046448,0.15000000596046448,0.15000000596046448,0.15000000596046448,0
2024-01-05,0.15000000596046448,0.15000000596046448,0.15000000596046448,0.15000000596046448,0.15000000596046448,100
2024-01-08,0.15000000596046448,0.15000000596046448,0.15000000596046448,0.15000000596046448,0.15000000596046448,0
2024-01-09,0.15000000596046448,0.15000000596046448,0.15000000596046448,0.15000000596046448,0.15000000596046448,700
2024-01-10,0.15000000596046448,0.15000000596046448,0.15000000596046448,0.15000000596046448,0.15000000596046448,100
2024-01-11,0.15000000596046448,0.15000000596046448,0.15000000596046448,0.15000000596046448,0.15000000596046448,0
2024-01-12,0.15000000596046448,0.15000000596046448,0.15000000596046448,0.15000000596046448,0.15000000596046448,0
2024-01-16,0.15000000596046448,0.15000000596046448,0.15000000596046448,0.15000000596046448,0.15000000596046448,0
2024-01-17,0.15000000596046448,0.15000000596046448,0.15000000596046448,0.15000000596046448,0.15000000596046448,0
2024-01-18,0.15000000596046448,0.15000000596046448,0.15000000596046448,0.15000000596046448,0.15000000596046448,0
2024-01-19,0.15000000596046448,0.15000000596046448,0.15000000596046448,0.15000000596046448,0.15000000596046448,100
2024-01-22,0.15000000596046448,0.15000000596046448,0.15000000596046448,0.15000000596046448,0.15000000596046448,44600
2024-01-23,0.10999999940395355,0.10999999940395355,0.15000000596046448,0.10999999940395355,0.15000000596046448,7600
2024-01-24,0.10999999940395355,0.10999999940395355,0.10999999940395355,0.10999999940395355,0.10999999940395355,0
2024-01-25,0.12099999934434891,0.12099999934434891,0.14000000059604645,0.12099999934434891,0.14000000059604645,1400
2024-01-26,0.12099999934434891,0.12099999934434891,0.12099999934434891,0.12099999934434891,0.12099999934434891,100
2024-01-29,0.12099999934434891,0.12099999934434891,0.12099999934434891,0.12099999934434891,0.12099999934434891,0
2024-01-30,0.10000000149011612,0.10000000149011612,0.12999999523162842,0.10000000149011612,0.12999999523162842,78000
2024-01-31,0.10000000149011612,0.10000000149011612,0.10000000149011612,0.10000000149011612,0.10000000149011612,0
2024-02-01,0.10000000149011612,0.10000000149011612,0.10000000149011612,0.10000000149011612,0.10000000149011612,0
2024-02-02,0.10000000149011612,0.10000000149011612,0.10000000149011612,0.10000000149011612,0.10000000149011612,0
2024-02-05,0.10000000149011612,0.10000000149011612,0.10000000149011612,0.10000000149011612,0.10000000149011612,0
2024-02-06,0.10000000149011612,0.10000000149011612,0.10000000149011612,0.10000000149011612,0.10000000149011612,0
2024-02-07,0.10000000149011612,0.10000000149011612,0.10000000149011612,0.10000000149011612,0.10000000149011612,0
2024-02-08,0.10000000149011612,0.10000000149011612,0.10000000149011612,0.10000000149011612,0.10000000149011612,0
2024-02-09,0.10000000149011612,0.10000000149011612,0.10000000149011612,0.10000000149011612,0.10000000149011612,0
2024-02-12,0.20000000298023224,0.20000000298023224,0.20000000298023224,0.10100000351667404,0.10100000351667404,1100
2024-02-13,0.17000000178813934,0.17000000178813934,0.17000000178813934,0.17000000178813934,0.17000000178813934,100
2024-02-14,0.12099999934434891,0.12099999934434891,0.12099999934434891,0.12099999934434891,0.12099999934434891,600
2024-02-15,0.12099999934434891,0.12099999934434891,0.12099999934434891,0.12099999934434891,0.12099999934434891,0
2024-02-16,0.10100000351667404,0.10100000351667404,0.20000000298023224,0.10100000351667404,0.11100000143051147,2300
2024-02-20,0.10100000351667404,0.10100000351667404,0.10100000351667404,0.10100000351667404,0.10100000351667404,0
2024-02-21,0.10100000351667404,0.10100000351667404,0.10100000351667404,0.10100000351667404,0.10100000351667404,0
2024-02-22,0.10100000351667404,0.10100000351667404,0.10100000351667404,0.10100000351667404,0.10100000351667404,0
2024-02-23,0.11100000143051147,0.11100000143051147,0.11100000143051147,0.11100000143051147,0.11100000143051147,200
2024-02-26,0.11100000143051147,0.11100000143051147,0.11100000143051147,0.11100000143051147,0.11100000143051147,0
2024-02-27,0.10100000351667404,0.10100000351667404,0.10100000351667404,0.10100000351667404,0.10100000351667404,100
2024-02-28,0.10100000351667404,0.10100000351667404,0.10100000351667404,0.10100000351667404,0.10100000351667404,0
2024-02-29,0.11599999666213989,0.11599999666213989,0.2199999988079071,0.10100000351667404,0.10100000351667404,7600
2024-03-01,0.1120000034570694,0.1120000034570694,0.18000000715255737,0.1120000034570694,0.12700000405311584,18400
2024-03-04,0.10499999672174454,0.10499999672174454,0.12999999523162842,0.10499999672174454,0.12999999523162842,400
2024-03-05,0.10499999672174454,0.10499999672174454,0.10499999672174454,0.10499999672174454,0.10499999672174454,0
2024-03-06,0.15000000596046448,0.15000000596046448,0.20000000298023224,0.11100000143051147,0.17000000178813934,9100
2024-03-07,0.1899999976158142,0.1899999976158142,0.21799999475479126,0.1599999964237213,0.17000000178813934,9000
2024-03-08,0.20000000298023224,0.20000000298023224,0.20000000298023224,0.1899999976158142,0.20000000298023224,4400
2024-03-11,0.15000000596046448,0.15000000596046448,0.15000000596046448,0.15000000596046448,0.15000000596046448,100
2024-03-12,0.15000000596046448,0.15000000596046448,0.15000000596046448,0.15000000596046448,0.15000000596046448,0
2024-03-13,0.10199999809265137,0.10199999809265137,0.15000000596046448,0.10199999809265137,0.15000000596046448,7800
2024-03-14,0.10199999809265137,0.10199999809265137,0.10199999809265137,0.10199999809265137,0.10199999809265137,0
2024-03-15,0.10199999809265137,0.10199999809265137,0.10199999809265137,0.10199999809265137,0.10199999809265137,0
2024-03-18,0.17100000381469727,0.17100000381469727,0.1979999989271164,0.12999999523162842,0.1379999965429306,9300
2024-03-19,0.17000000178813934,0.17000000178813934,0.17000000178813934,0.17000000178813934,0.17000000178813934,300
2024-03-20,0.17000000178813934,0.17000000178813934,0.17000000178813934,0.17000000178813934,0.17000000178813934,0
2024-03-21,0.17000000178813934,0.17000000178813934,0.17000000178813934,0.17000000178813934,0.17000000178813934,0
2024-03-22,0.17000000178813934,0.17000000178813934,0.17000000178813934,0.17000000178813934,0.17000000178813934,0
2024-03-25,0.17000000178813934,0.17000000178813934,0.17000000178813934,0.17000000178813934,0.17000000178813934,0
2024-03-26,0.13899999856948853,0.13899999856948853,0.13899999856948853,0.13899999856948853,0.13899999856948853,100
2024-03-27,0.20000000298023224,0.20000000298023224,0.20000000298023224,0.19599999487400055,0.19599999487400055,300
2024-03-28,0.20000000298023224,0.20000000298023224,0.20000000298023224,0.20000000298023224,0.20000000298023224,0
2024-04-01,0.14000000059604645,0.14000000059604645,0.14000000059604645,0.14000000059604645,0.14000000059604645,2300
2024-04-02,0.14000000059604645,0.14000000059604645,0.14000000059604645,0.14000000059604645,0.14000000059604645,0
2024-04-03,0.14000000059604645,0.14000000059604645,0.14000000059604645,0.14000000059604645,0.14000000059604645,0
2024-04-04,0.14000000059604645,0.14000000059604645,0.14000000059604645,0.14000000059604645,0.14000000059604645,0
2024-04-05,0.17000000178813934,0.17000000178813934,0.17000000178813934,0.14000000059604645,0.14000000059604645,300
2024-04-08,0.17000000178813934,0.17000000178813934,0.17000000178813934,0.17000000178813934,0.17000000178813934,0
2024-04-09,0.1809999942779541,0.1809999942779541,0.1809999942779541,0.1809999942779541,0.1809999942779541,100
2024-04-10,0.1809999942779541,0.1809999942779541,0.1809999942779541,0.1809999942779541,0.1809999942779541,0
2024-04-11,0.17599999904632568,0.17599999904632568,0.17599999904632568,0.17100000381469727,0.17100000381469727,9100
2024-04-12,0.19099999964237213,0.19099999964237213,0.20000000298023224,0.19099999964237213,0.20000000298023224,500
2024-04-15,0.17599999904632568,0.17599999904632568,0.17599999904632568,0.17599999904632568,0.17599999904632568,100
2024-04-16,0.20000000298023224,0.20000000298023224,0.20000000298023224,0.20000000298023224,0.20000000298023224,100
2024-04-17,0.20000000298023224,0.20000000298023224,0.20000000298023224,0.20000000298023224,0.20000000298023224,100
2024-04-18,0.20000000298023224,0.20000000298023224,0.20000000298023224,0.20000000298023224,0.20000000298023224,100
2024-04-19,0.20000000298023224,0.20000000298023224,0.20000000298023224,0.20000000298023224,0.20000000298023224,0
2024-04-22,0.20000000298023224,0.20000000298023224,0.20000000298023224,0.20000000298023224,0.20000000298023224,0
2024-04-23,0.20000000298023224,0.20000000298023224,0.20000000298023224,0.20000000298023224,0.20000000298023224,0
2024-04-24,0.17100000381469727,0.17100000381469727,0.1850000023841858,0.17000000178813934,0.17100000381469727,5000
2024-04-25,0.11999999731779099,0.11999999731779099,0.17100000381469727,0.11999999731779099,0.17100000381469727,2900
2024-04-26,0.11999999731779099,0.11999999731779099,0.11999999731779099,0.11999999731779099,0.11999999731779099,0
2024-04-29,0.20999999344348907,0.20999999344348907,0.20999999344348907,0.1599999964237213,0.20000000298023224,11500
2024-04-30,0.20000000298023224,0.20000000298023224,0.20000000298023224,0.1899999976158142,0.20000000298023224,800
2024-05-01,0.20000000298023224,0.20000000298023224,0.20000000298023224,0.20000000298023224,0.20000000298023224,0
2024-05-02,0.1720000058412552,0.1720000058412552,0.1720000058412552,0.1720000058412552,0.1720000058412552,100
2024-05-03,0.20000000298023224,0.20000000298023224,0.20000000298023224,0.20000000298023224,0.20000000298023224,5400
2024-05-06,0.20000000298023224,0.20000000298023224,0.20000000298023224,0.164000004529953,0.17000000178813934,25800
2024-05-07,0.16500000655651093,0.16500000655651093,0.20000000298023224,0.10999999940395355,0.15000000596046448,31700
2024-05-08,0.16500000655651093,0.16500000655651093,0.16500000655651093,0.16500000655651093,0.16500000655651093,0
2024-05-09,0.16500000655651093,0.16500000655651093,0.16500000655651093,0.16500000655651093,0.16500000655651093,0
2024-05-10,0.19200000166893005,0.19200000166893005,0.19200000166893005,0.19200000166893005,0.19200000166893005,200
2024-05-13,0.19200000166893005,0.19200000166893005,0.19200000166893005,0.19200000166893005,0.19200000166893005,0
2024-05-14,0.19200000166893005,0.19200000166893005,0.19200000166893005,0.19200000166893005,0.19200000166893005,0
2024-05-15,0.19200000166893005,0.19200000166893005,0.19200000166893005,0.19200000166893005,0.19200000166893005,0
2024-05-16,0.19200000166893005,0.19200000166893005,0.19200000166893005,0.19200000166893005,0.19200000166893005,0
2024-05-17,0.1469999998807907,0.1469999998807907,0.19499999284744263,0.10499999672174454,0.15000000596046448,2000
2024-05-20,0.15000000596046448,0.15000000596046448,0.15000000596046448,0.15000000596046448,0.15000000596046448,6200
2024-05-21,0.28999999165534973,0.28999999165534973,0.28999999165534973,0.1599999964237213,0.17000000178813934,21300
2024-05-22,0.17100000381469727,0.17100000381469727,0.18299999833106995,0.17100000381469727,0.1720000058412552,1000
2024-05-23,0.17100000381469727,0.17100000381469727,0.17100000381469727,0.17100000381469727,0.17100000381469727,0
2024-05-24,0.1550000011920929,0.1550000011920929,0.18000000715255737,0.11599999666213989,0.11599999666213989,10600
2024-05-28,0.1550000011920929,0.1550000011920929,0.1550000011920929,0.1550000011920929,0.1550000011920929,0
2024-05-29,0.1550000011920929,0.1550000011920929,0.1550000011920929,0.1550000011920929,0.1550000011920929,0
2024-05-30,0.1550000011920929,0.1550000011920929,0.1550000011920929,0.1550000011920929,0.1550000011920929,0
2024-05-31,0.1550000011920929,0.1550000011920929,0.1550000011920929,0.1550000011920929,0.1550000011920929,0
2024-06-03,0.1550000011920929,0.1550000011920929,0.1550000011920929,0.1550000011920929,0.1550000011920929,0
2024-06-04,0.18199999630451202,0.18199999630451202,0.2800000011920929,0.17299999296665192,0.1889999955892563,124800
2024-06-05,0.16599999368190765,0.16599999368190765,0.1899999976158142,0.12200000137090683,0.1899999976158142,30100
2024-06-06,0.18000000715255737,0.18000000715255737,0.18000000715255737,0.17499999701976776,0.17499999701976776,800
2024-06-07,0.18000000715255737,0.18000000715255737,0.18000000715255737,0.1599999964237213,0.18000000715255737,71200
2024-06-10,0.18000000715255737,0.18000000715255737,0.18000000715255737,0.18000000715255737,0.18000000715255737,1100
2024-06-11,0.18000000715255737,0.18000000715255737,0.18000000715255737,0.18000000715255737,0.18000000715255737,0
2024-06-12,0.18000000715255737,0.18000000715255737,0.18000000715255737,0.18000000715255737,0.18000000715255737,0
2024-06-13,0.20000000298023224,0.20000000298023224,0.20000000298023224,0.20000000298023224,0.20000000298023224,2200
2024-06-14,0.19200000166893005,0.19200000166893005,0.19200000166893005,0.12600000202655792,0.12600000202655792,4200
2024-06-17,0.20000000298023224,0.20000000298023224,0.20000000298023224,0.16899999976158142,0.18000000715255737,34200
2024-06-18,0.20000000298023224,0.20000000298023224,0.20000000298023224,0.20000000298023224,0.20000000298023224,0
2024-06-20,0.2370000034570694,0.2370000034570694,0.2370000034570694,0.2370000034570694,0.2370000034570694,300
2024-06-21,0.23000000417232513,0.23000000417232513,0.23000000417232513,0.20200000703334808,0.23000000417232513,3200
2024-06-24,0.23000000417232513,0.23000000417232513,0.23000000417232513,0.23000000417232513,0.23000000417232513,0
2024-06-25,0.20999999344348907,0.20999999344348907,0.20999999344348907,0.20999999344348907,0.20999999344348907,300
2024-06-26,0.1469999998807907,0.1469999998807907,0.1469999998807907,0.1469999998807907,0.1469999998807907,700
2024-06-27,0.25,0.25,0.25,0.15299999713897705,0.15299999713897705,900
2024-06-28,0.25,0.25,0.25,0.25,0.25,0
2024-07-01,0.17900000512599945,0.17900000512599945,0.17900000512599945,0.17900000512599945,0.17900000512599945,500
2024-07-02,0.25,0.25,0.25,0.23999999463558197,0.23999999463558197,2100
2024-07-03,0.25,0.25,0.25,0.23000000417232513,0.23000000417232513,1000
2024-07-05,0.23000000417232513,0.23000000417232513,0.23000000417232513,0.2199999988079071,0.2199999988079071,300
2024-07-08,0.23000000417232513,0.23000000417232513,0.23000000417232513,0.23000000417232513,0.23000000417232513,0
2024-07-09,0.23000000417232513,0.23000000417232513,0.23000000417232513,0.23000000417232513,0.23000000417232513,0
2024-07-10,0.20000000298023224,0.20000000298023224,0.20399999618530273,0.20000000298023224,0.20000000298023224,26600
2024-07-11,0.20000000298023224,0.20000000298023224,0.20000000298023224,0.20000000298023224,0.20000000298023224,0
2024-07-12,0.20000000298023224,0.20000000298023224,0.20000000298023224,0.20000000298023224,0.20000000298023224,0
2024-07-15,0.20000000298023224,0.20000000298023224,0.20000000298023224,0.20000000298023224,0.20000000298023224,0
2024-07-16,0.20000000298023224,0.20000000298023224,0.20000000298023224,0.20000000298023224,0.20000000298023224,0
2024-07-17,0.20999999344348907,0.20999999344348907,0.20999999344348907,0.19599999487400055,0.20000000298023224,5500
2024-07-18,0.20999999344348907,0.20999999344348907,0.20999999344348907,0.20999999344348907,0.20999999344348907,0
2024-07-19,0.20999999344348907,0.20999999344348907,0.20999999344348907,0.20999999344348907,0.20999999344348907,0
2024-07-22,0.20999999344348907,0.20999999344348907,0.20999999344348907,0.20999999344348907,0.20999999344348907,0
2024-07-23,0.23899999260902405,0.23899999260902405,0.23899999260902405,0.21899999678134918,0.21899999678134918,1000
2024-07-24,0.23899999260902405,0.23899999260902405,0.23899999260902405,0.23899999260902405,0.23899999260902405,0
2024-07-25,0.23899999260902405,0.23899999260902405,0.23899999260902405,0.23899999260902405,0.23899999260902405,0
2024-07-26,0.23899999260902405,0.23899999260902405,0.23899999260902405,0.23899999260902405,0.23899999260902405,300
2024-07-29,0.23899999260902405,0.23899999260902405,0.23899999260902405,0.23899999260902405,0.23899999260902405,0
2024-07-30,0.23999999463558197,0.23999999463558197,0.23999999463558197,0.23999999463558197,0.23999999463558197,100
2024-07-31,0.23999999463558197,0.23999999463558197,0.23999999463558197,0.23999999463558197,0.23999999463558197,0
2024-08-01,0.1899999976158142,0.1899999976158142,0.1899999976158142,0.1899999976158142,0.1899999976158142,500
2024-08-02,0.1899999976158142,0.1899999976158142,0.1899999976158142,0.1899999976158142,0.1899999976158142,0
2024-08-05,0.1899999976158142,0.1899999976158142,0.1899999976158142,0.1899999976158142,0.1899999976158142,0
2024-08-06,0.1899999976158142,0.1899999976158142,0.1899999976158142,0.1899999976158142,0.1899999976158142,0
2024-08-07,0.1899999976158142,0.1899999976158142,0.1899999976158142,0.1899999976158142,0.1899999976158142,0
2024-08-08,0.1899999976158142,0.1899999976158142,0.1899999976158142,0.1899999976158142,0.1899999976158142,0
2024-08-09,0.1899999976158142,0.1899999976158142,0.1899999976158142,0.1899999976158142,0.1899999976158142,0
2024-08-12,0.18000000715255737,0.18000000715255737,0.18700000643730164,0.18000000715255737,0.18700000643730164,400
2024-08-13,0.1979999989271164,0.1979999989271164,0.2150000035762787,0.18700000643730164,0.20100000500679016,32200
2024-08-14,0.1979999989271164,0.1979999989271164,0.1979999989271164,0.1979999989271164,0.1979999989271164,0
2024-08-15,0.1979999989271164,0.1979999989271164,0.1979999989271164,0.1979999989271164,0.1979999989271164,0
2024-08-16,0.1979999989271164,0.1979999989271164,0.1979999989271164,0.1979999989271164,0.1979999989271164,0
2024-08-19,0.1979999989271164,0.1979999989271164,0.1979999989271164,0.1979999989271164,0.1979999989271164,0
2024-08-20,0.1979999989271164,0.1979999989271164,0.1979999989271164,0.1979999989271164,0.1979999989271164,0
2024-08-21,0.25,0.25,0.25,0.23000000417232513,0.23000000417232513,800
2024-08-22,0.25,0.25,0.25,0.25,0.25,0
2024-08-23,0.25,0.25,0.25,0.25,0.25,0
2024-08-26,0.25,0.25,0.25,0.25,0.25,0
2024-08-27,0.27000001072883606,0.27000001072883606,0.27000001072883606,0.20000000298023224,0.20000000298023224,33600
2024-08-28,0.27000001072883606,0.27000001072883606,0.27000001072883606,0.27000001072883606,0.27000001072883606,0
2024-08-29,0.27000001072883606,0.27000001072883606,0.27000001072883606,0.27000001072883606,0.27000001072883606,0
2024-08-30,0.27000001072883606,0.27000001072883606,0.27000001072883606,0.27000001072883606,0.27000001072883606,0
2024-09-03,0.19300000369548798,0.19300000369548798,0.20999999344348907,0.19300000369548798,0.20999999344348907,2400
2024-09-04,0.19300000369548798,0.19300000369548798,0.19300000369548798,0.19300000369548798,0.19300000369548798,0
2024-09-05,0.19300000369548798,0.19300000369548798,0.19300000369548798,0.19300000369548798,0.19300000369548798,0
2024-09-06,0.27000001072883606,0.27000001072883606,0.27000001072883606,0.25,0.25,700
2024-09-09,0.27000001072883606,0.27000001072883606,0.27000001072883606,0.27000001072883606,0.27000001072883606,100
2024-09-10,0.27000001072883606,0.27000001072883606,0.27000001072883606,0.27000001072883606,0.27000001072883606,0
2024-09-11,0.27000001072883606,0.27000001072883606,0.27000001072883606,0.27000001072883606,0.27000001072883606,0
2024-09-12,0.27000001072883606,0.27000001072883606,0.27000001072883606,0.27000001072883606,0.27000001072883606,0
2024-09-13,0.27000001072883606,0.27000001072883606,0.27000001072883606,0.27000001072883606,0.27000001072883606,0
2024-09-16,0.27000001072883606,0.27000001072883606,0.27000001072883606,0.27000001072883606,0.27000001072883606,0
2024-09-17,0.25,0.25,0.25,0.10000000149011612,0.10000000149011612,1100
2024-09-18,0.28299999237060547,0.28299999237060547,0.28299999237060547,0.11999999731779099,0.11999999731779099,1500
2024-09-19,0.2720000147819519,0.2720000147819519,0.2720000147819519,0.2720000147819519,0.2720000147819519,200
2024-09-20,0.2720000147819519,0.2720000147819519,0.2720000147819519,0.2720000147819519,0.2720000147819519,0
2024-09-23,0.2720000147819519,0.2720000147819519,0.2720000147819519,0.2720000147819519,0.2720000147819519,0
2024-09-24,0.2720000147819519,0.2720000147819519,0.2720000147819519,0.2720000147819519,0.2720000147819519,0
2024-09-25,0.2720000147819519,0.2720000147819519,0.2720000147819519,0.2720000147819519,0.2720000147819519,0
2024-09-26,0.2720000147819519,0.2720000147819519,0.2720000147819519,0.2720000147819519,0.2720000147819519,0
2024-09-27,0.2720000147819519,0.2720000147819519,0.2720000147819519,0.2720000147819519,0.2720000147819519,0
2024-09-30,0.2720000147819519,0.2720000147819519,0.2720000147819519,0.2720000147819519,0.2720000147819519,0
2024-10-01,0.2720000147819519,0.2720000147819519,0.2720000147819519,0.2720000147819519,0.2720000147819519,0
2024-10-02,0.2720000147819519,0.2720000147819519,0.2720000147819519,0.2720000147819519,0.2720000147819519,0
2024-10-03,0.21799999475479126,0.21799999475479126,0.21799999475479126,0.21799999475479126,0.21799999475479126,1200
2024-10-04,0.21799999475479126,0.21799999475479126,0.21799999475479126,0.21799999475479126,0.21799999475479126,0
2024-10-07,0.20000000298023224,0.20000000298023224,0.20000000298023224,0.20000000298023224,0.20000000298023224,1200
2024-10-08,0.2150000035762787,0.2150000035762787,0.2150000035762787,0.20000000298023224,0.20000000298023224,4600
2024-10-09,0.2150000035762787,0.2150000035762787,0.2150000035762787,0.2150000035762787,0.2150000035762787,0
2024-10-10,0.2150000035762787,0.2150000035762787,0.2150000035762787,0.2150000035762787,0.2150000035762787,0
2024-10-11,0.2150000035762787,0.2150000035762787,0.2150000035762787,0.2150000035762787,0.2150000035762787,0
2024-10-14,0.2150000035762787,0.2150000035762787,0.2150000035762787,0.2150000035762787,0.2150000035762787,0
2024-10-15,0.1899999976158142,0.1899999976158142,0.1899999976158142,0.1899999976158142,0.1899999976158142,900
2024-10-16,0.1899999976158142,0.1899999976158142,0.1899999976158142,0.1899999976158142,0.1899999976158142,0
2024-10-17,0.1899999976158142,0.1899999976158142,0.1899999976158142,0.1899999976158142,0.1899999976158142,0
2024-10-18,0.1899999976158142,0.1899999976158142,0.1899999976158142,0.1899999976158142,0.1899999976158142,0
2024-10-21,0.1899999976158142,0.1899999976158142,0.1899999976158142,0.1899999976158142,0.1899999976158142,0
2024-10-22,0.1899999976158142,0.1899999976158142,0.1899999976158142,0.1899999976158142,0.1899999976158142,0
2024-10-23,0.1899999976158142,0.1899999976158142,0.1899999976158142,0.1899999976158142,0.1899999976158142,0
2024-10-24,0.20000000298023224,0.20000000298023224,0.20000000298023224,0.20000000298023224,0.20000000298023224,300
2024-10-25,0.20000000298023224,0.20000000298023224,0.20000000298023224,0.20000000298023224,0.20000000298023224,0
2024-10-28,0.20000000298023224,0.20000000298023224,0.20000000298023224,0.20000000298023224,0.20000000298023224,0
2024-10-29,0.20000000298023224,0.20000000298023224,0.20000000298023224,0.20000000298023224,0.20000000298023224,0
2024-10-30,0.1899999976158142,0.1899999976158142,0.1899999976158142,0.1899999976158142,0.1899999976158142,1500
2024-10-31,0.1289999932050705,0.1289999932050705,0.1899999976158142,0.1289999932050705,0.1899999976158142,700
2024-11-01,0.1899999976158142,0.1899999976158142,0.20000000298023224,0.1899999976158142,0.1899999976158142,28000
2024-11-04,0.1899999976158142,0.1899999976158142,0.1899999976158142,0.1899999976158142,0.1899999976158142,0
2024-11-05,0.1899999976158142,0.1899999976158142,0.1899999976158142,0.1899999976158142,0.1899999976158142,0
2024-11-06,0.1899999976158142,0.1899999976158142,0.1899999976158142,0.1899999976158142,0.1899999976158142,0
2024-11-07,0.1899999976158142,0.1899999976158142,0.1899999976158142,0.1899999976158142,0.1899999976158142,0
2024-11-08,0.21199999749660492,0.21199999749660492,0.21199999749660492,0.21199999749660492,0.21199999749660492,100
2024-11-11,0.23899999260902405,0.23899999260902405,0.23899999260902405,0.23899999260902405,0.23899999260902405,200
2024-11-12,0.23899999260902405,0.23899999260902405,0.23899999260902405,0.23899999260902405,0.23899999260902405,0
2024-11-13,0.23899999260902405,0.23899999260902405,0.23899999260902405,0.23899999260902405,0.23899999260902405,0
2024-11-14,0.2199999988079071,0.2199999988079071,0.23999999463558197,0.2199999988079071,0.23999999463558197,85200
2024-11-15,0.2199999988079071,0.2199999988079071,0.2199999988079071,0.2199999988079071,0.2199999988079071,0
2024-11-18,0.24699999392032623,0.24699999392032623,0.24699999392032623,0.2370000034570694,0.2370000034570694,400
2024-11-19,0.24699999392032623,0.24699999392032623,0.24699999392032623,0.24699999392032623,0.24699999392032623,0
2024-11-20,0.24699999392032623,0.24699999392032623,0.24699999392032623,0.24699999392032623,0.24699999392032623,0
2024-11-21,0.20000000298023224,0.20000000298023224,0.2199999988079071,0.20000000298023224,0.20000000298023224,27000
2024-11-22,0.20000000298023224,0.20000000298023224,0.20000000298023224,0.20000000298023224,0.20000000298023224,0
2024-11-25,0.20000000298023224,0.20000000298023224,0.20000000298023224,0.20000000298023224,0.20000000298023224,0
2024-11-26,0.20000000298023224,0.20000000298023224,0.20000000298023224,0.20000000298023224,0.20000000298023224,0
2024-11-27,0.1899999976158142,0.1899999976158142,0.1899999976158142,0.1899999976158142,0.1899999976158142,500
2024-11-29,0.1899999976158142,0.1899999976158142,0.1899999976158142,0.1899999976158142,0.1899999976158142,0
2024-12-02,0.1899999976158142,0.1899999976158142,0.1899999976158142,0.1899999976158142,0.1899999976158142,0
2024-12-03,0.1899999976158142,0.1899999976158142,0.1899999976158142,0.1899999976158142,0.1899999976158142,0
2024-12-04,0.1899999976158142,0.1899999976158142,0.1899999976158142,0.1899999976158142,0.1899999976158142,0
2024-12-05,0.1899999976158142,0.1899999976158142,0.1899999976158142,0.1899999976158142,0.1899999976158142,0
2024-12-06,0.1899999976158142,0.1899999976158142,0.1899999976158142,0.1899999976158142,0.1899999976158142,0
2024-12-09,0.1899999976158142,0.1899999976158142,0.1899999976158142,0.1899999976158142,0.1899999976158142,0
2024-12-10,0.1899999976158142,0.1899999976158142,0.1899999976158142,0.1899999976158142,0.1899999976158142,0
2024-12-11,0.1899999976158142,0.1899999976158142,0.1899999976158142,0.1899999976158142,0.1899999976158142,0
2024-12-12,0.1899999976158142,0.1899999976158142,0.1899999976158142,0.1899999976158142,0.1899999976158142,0
2024-12-13,0.1899999976158142,0.1899999976158142,0.1899999976158142,0.1899999976158142,0.1899999976158142,1200
2024-12-16,0.1899999976158142,0.1899999976158142,0.1899999976158142,0.16899999976158142,0.1899999976158142,120500
2024-12-17,0.23600000143051147,0.23600000143051147,0.23600000143051147,0.16500000655651093,0.16500000655651093,1500
2024-12-18,0.22499999403953552,0.22499999403953552,0.25,0.22499999403953552,0.25,400
2024-12-19,0.22499999403953552,0.22499999403953552,0.22499999403953552,0.22499999403953552,0.22499999403953552,0
2024-12-20,0.22499999403953552,0.22499999403953552,0.22499999403953552,0.22499999403953552,0.22499999403953552,0
2024-12-23,0.22499999403953552,0.22499999403953552,0.22499999403953552,0.22499999403953552,0.22499999403953552,0
2024-12-24,0.22499999403953552,0.22499999403953552,0.22499999403953552,0.22499999403953552,0.22499999403953552,0
2024-12-26,0.22499999403953552,0.22499999403953552,0.22499999403953552,0.22499999403953552,0.22499999403953552,0
2024-12-27,0.22499999403953552,0.22499999403953552,0.22499999403953552,0.22499999403953552,0.22499999403953552,0
2024-12-30,0.22499999403953552,0.22499999403953552,0.22499999403953552,0.22499999403953552,0.22499999403953552,0
2024-12-31,0.22499999403953552,0.22499999403953552,0.22499999403953552,0.22499999403953552,0.22499999403953552,0
2025-01-02,0.22499999403953552,0.22499999403953552,0.22499999403953552,0.22499999403953552,0.22499999403953552,0
2025-01-03,0.22499999403953552,0.22499999403953552,0.22499999403953552,0.22499999403953552,0.22499999403953552,0
2025-01-06,0.22499999403953552,0.22499999403953552,0.22499999403953552,0.22499999403953552,0.22499999403953552,0
2025-01-07,0.22499999403953552,0.22499999403953552,0.22499999403953552,0.22499999403953552,0.22499999403953552,0
2025-01-08,0.18000000715255737,0.18000000715255737,0.18000000715255737,0.18000000715255737,0.18000000715255737,200
2025-01-10,0.18000000715255737,0.18000000715255737,0.18000000715255737,0.18000000715255737,0.18000000715255737,0
2025-01-13,0.18000000715255737,0.18000000715255737,0.18000000715255737,0.18000000715255737,0.18000000715255737,0
2025-01-14,0.18000000715255737,0.18000000715255737,0.18000000715255737,0.18000000715255737,0.18000000715255737,2300
2025-01-15,0.18000000715255737,0.18000000715255737,0.18000000715255737,0.18000000715255737,0.18000000715255737,0
2025-01-16,0.14000000059604645,0.14000000059604645,0.14000000059604645,0.14000000059604645,0.14000000059604645,700
2025-01-17,0.14000000059604645,0.14000000059604645,0.14000000059604645,0.14000000059604645,0.14000000059604645,0
2025-01-21,0.14000000059604645,0.14000000059604645,0.14000000059604645,0.14000000059604645,0.14000000059604645,0
2025-01-22,0.10999999940395355,0.10999999940395355,0.12999999523162842,0.10999999940395355,0.12999999523162842,400
2025-01-23,0.125,0.125,0.19099999964237213,0.125,0.14800000190734863,3800
2025-01-24,0.125,0.125,0.125,0.125,0.125,0
2025-01-27,0.1899999976158142,0.1899999976158142,0.1899999976158142,0.1899999976158142,0.1899999976158142,200
2025-01-28,0.20999999344348907,0.20999999344348907,0.20999999344348907,0.19300000369548798,0.19300000369548798,1100
2025-01-29,0.12999999523162842,0.12999999523162842,0.13199999928474426,0.12999999523162842,0.13199999928474426,2600
2025-01-30,0.12999999523162842,0.12999999523162842,0.12999999523162842,0.12999999523162842,0.12999999523162842,0
2025-01-31,0.12999999523162842,0.12999999523162842,0.12999999523162842,0.12999999523162842,0.12999999523162842,0
2025-02-03,0.12999999523162842,0.12999999523162842,0.12999999523162842,0.12999999523162842,0.12999999523162842,0
2025-02-04,0.12999999523162842,0.12999999523162842,0.12999999523162842,0.12999999523162842,0.12999999523162842,0
2025-02-05,0.12999999523162842,0.12999999523162842,0.12999999523162842,0.12999999523162842,0.12999999523162842,0
2025-02-06,0.12999999523162842,0.12999999523162842,0.12999999523162842,0.12999999523162842,0.12999999523162842,0
2025-02-07,0.13099999725818634,0.13099999725818634,0.13099999725818634,0.13099999725818634,0.13099999725818634,400
2025-02-10,0.13099999725818634,0.13099999725818634,0.13099999725818634,0.13099999725818634,0.13099999725818634,500
2025-02-11,0.13199999928474426,0.13199999928474426,0.1379999965429306,0.13199999928474426,0.13199999928474426,2000
2025-02-12,0.13199999928474426,0.13199999928474426,0.13199999928474426,0.13199999928474426,0.13199999928474426,0
2025-02-13,0.13199999928474426,0.13199999928474426,0.13199999928474426,0.13199999928474426,0.13199999928474426,0
2025-02-14,0.23000000417232513,0.23000000417232513,0.2759999930858612,0.17599999904632568,0.23000000417232513,8700
2025-02-18,0.25999999046325684,0.25999999046325684,0.27799999713897705,0.23999999463558197,0.23999999463558197,500
2025-02-19,0.20999999344348907,0.20999999344348907,0.2199999988079071,0.16699999570846558,0.20999999344348907,30600
2025-02-20,0.21199999749660492,0.21199999749660492,0.21299999952316284,0.20000000298023224,0.20000000298023224,100500
2025-02-21,0.21199999749660492,0.21199999749660492,0.21199999749660492,0.21199999749660492,0.21199999749660492,0
2025-02-24,0.21799999475479126,0.21799999475479126,0.24500000476837158,0.1899999976158142,0.24500000476837158,17800
2025-02-25,0.15199999511241913,0.15199999511241913,0.24500000476837158,0.15199999511241913,0.20000000298023224,8000
2025-02-26,0.24300000071525574,0.24300000071525574,0.30000001192092896,0.19300000369548798,0.23600000143051147,72900
2025-02-27,0.289000004529953,0.289000004529953,0.29499998688697815,0.1770000010728836,0.23999999463558197,20500
2025-02-28,0.289000004529953,0.289000004529953,0.28999999165534973,0.2199999988079071,0.28999999165534973,4400
2025-03-03,0.23800000548362732,0.23800000548362732,0.28999999165534973,0.1770000010728836,0.23800000548362732,5200
2025-03-04,0.28999999165534973,0.28999999165534973,0.28999999165534973,0.1770000010728836,0.27399998903274536,5000
2025-03-05,0.2370000034570694,0.2370000034570694,0.28999999165534973,0.1770000010728836,0.23800000548362732,3700
2025-03-06,0.24799999594688416,0.24799999594688416,0.28999999165534973,0.1770000010728836,0.27300000190734863,6100
2025-03-07,0.19099999964237213,0.19099999964237213,0.28999999165534973,0.1899999976158142,0.28999999165534973,367900
2025-03-10,0.2199999988079071,0.2199999988079071,0.25,0.2199999988079071,0.25,1000
2025-03-11,0.27000001072883606,0.27000001072883606,0.2800000011920929,0.27000001072883606,0.2800000011920929,1100
2025-03-12,0.24799999594688416,0.24799999594688416,0.27000001072883606,0.24799999594688416,0.27000001072883606,3600
2025-03-13,0.24799999594688416,0.24799999594688416,0.24799999594688416,0.24799999594688416,0.24799999594688416,0
2025-03-14,0.257999986410141,0.257999986410141,0.28999999165534973,0.1899999976158142,0.2540000081062317,5700
2025-03-17,0.28999999165534973,0.28999999165534973,0.28999999165534973,0.23199999332427979,0.2409999966621399,1100
2025-03-18,0.24799999594688416,0.24799999594688416,0.2540000081062317,0.19300000369548798,0.2540000081062317,1000
2025-03-19,0.2709999978542328,0.2709999978542328,0.2809999883174896,0.23100000619888306,0.2800000011920929,3000
2025-03-20,0.24899999797344208,0.24899999797344208,0.28600001335144043,0.23399999737739563,0.2540000081062317,43500
2025-03-21,0.24899999797344208,0.24899999797344208,0.24899999797344208,0.24899999797344208,0.24899999797344208,0
2025-03-24,0.23800000548362732,0.23800000548362732,0.2549999952316284,0.19200000166893005,0.2549999952316284,4400
2025-03-25,0.23000000417232513,0.23000000417232513,0.23000000417232513,0.23000000417232513,0.23000000417232513,200
2025-03-26,0.26899999380111694,0.26899999380111694,0.27000001072883606,0.23999999463558197,0.27000001072883606,12600
2025-03-27,0.2680000066757202,0.2680000066757202,0.28600001335144043,0.23999999463558197,0.25200000405311584,19500
2025-03-28,0.26499998569488525,0.26499998569488525,0.26499998569488525,0.25099998712539673,0.25600001215934753,1100
2025-03-31,0.25999999046325684,0.25999999046325684,0.25999999046325684,0.23999999463558197,0.23999999463558197,1500
2025-04-01,0.23000000417232513,0.23000000417232513,0.23000000417232513,0.23000000417232513,0.23000000417232513,100
2025-04-02,0.23000000417232513,0.23000000417232513,0.23000000417232513,0.23000000417232513,0.23000000417232513,0
2025-04-03,0.25999999046325684,0.25999999046325684,0.25999999046325684,0.23000000417232513,0.25999999046325684,32200
2025-04-04,0.25999999046325684,0.25999999046325684,0.25999999046325684,0.2409999966621399,0.25999999046325684,2700
2025-04-07,0.2329999953508377,0.2329999953508377,0.25999999046325684,0.2329999953508377,0.25999999046325684,400
2025-04-08,0.21199999749660492,0.21199999749660492,0.21199999749660492,0.21199999749660492,0.21199999749660492,200
2025-04-09,0.25999999046325684,0.25999999046325684,0.25999999046325684,0.25699999928474426,0.25699999928474426,1100
2025-04-10,0.25999999046325684,0.25999999046325684,0.25999999046325684,0.25999999046325684,0.25999999046325684,0
2025-04-11,0.25999999046325684,0.25999999046325684,0.25999999046325684,0.25999999046325684,0.25999999046325684,0
2025-04-14,0.25999999046325684,0.25999999046325684,0.25999999046325684,0.25999999046325684,0.25999999046325684,0
2025-04-15,0.25999999046325684,0.25999999046325684,0.25999999046325684,0.25999999046325684,0.25999999046325684,200
2025-04-16,0.20999999344348907,0.20999999344348907,0.20999999344348907,0.20999999344348907,0.20999999344348907,4700
2025-04-17,0.20999999344348907,0.20999999344348907,0.20999999344348907,0.20999999344348907,0.20999999344348907,0
2025-04-21,0.20999999344348907,0.20999999344348907,0.20999999344348907,0.20999999344348907,0.20999999344348907,0
2025-04-22,0.20100000500679016,0.20100000500679016,0.23000000417232513,0.20000000298023224,0.20999999344348907,4600
2025-04-23,0.23100000619888306,0.23100000619888306,0.23100000619888306,0.20999999344348907,0.20999999344348907,2400
2025-04-24,0.20999999344348907,0.20999999344348907,0.25999999046325684,0.20999999344348907,0.25999999046325684,3600
2025-04-25,0.23499999940395355,0.23499999940395355,0.23499999940395355,0.21799999475479126,0.21799999475479126,1500
2025-04-28,0.23499999940395355,0.23499999940395355,0.23499999940395355,0.23499999940395355,0.23499999940395355,0
2025-04-29,0.20100000500679016,0.20100000500679016,0.23100000619888306,0.20100000500679016,0.21199999749660492,3600
2025-04-30,0.20999999344348907,0.20999999344348907,0.20999999344348907,0.20999999344348907,0.20999999344348907,200
2025-05-01,0.20999999344348907,0.20999999344348907,0.20999999344348907,0.20999999344348907,0.20999999344348907,0
2025-05-02,0.26899999380111694,0.26899999380111694,0.27000001072883606,0.1850000023841858,0.1889999955892563,14600
2025-05-05,0.21400000154972076,0.21400000154972076,0.21400000154972076,0.21400000154972076,0.21400000154972076,500
2025-05-06,0.26899999380111694,0.26899999380111694,0.26899999380111694,0.26899999380111694,0.26899999380111694,1200
2025-05-07,0.26899999380111694,0.26899999380111694,0.26899999380111694,0.26899999380111694,0.26899999380111694,0
2025-05-08,0.26899999380111694,0.26899999380111694,0.26899999380111694,0.26899999380111694,0.26899999380111694,0
2025-05-09,0.26899999380111694,0.26899999380111694,0.26899999380111694,0.26899999380111694,0.26899999380111694,0
2025-05-12,0.28999999165534973,0.28999999165534973,0.28999999165534973,0.26899999380111694,0.28999999165534973,4000
2025-05-13,0.28999999165534973,0.28999999165534973,0.28999999165534973,0.28999999165534973,0.28999999165534973,0
2025-05-14,0.28999999165534973,0.28999999165534973,0.28999999165534973,0.28999999165534973,0.28999999165534973,0
2025-05-15,0.28999999165534973,0.28999999165534973,0.28999999165534973,0.28999999165534973,0.28999999165534973,0
2025-05-16,0.28999999165534973,0.28999999165534973,0.28999999165534973,0.28999999165534973,0.28999999165534973,0
