Date,Close,High,Low,Open,Volume
2006-11-29,8.649024963378906,9.33348000554366,8.632431730255444,9.126069338753801,12208800
2006-11-30,8.939399719238281,9.063846598173225,8.711248294670947,8.827398556768442,1883400
2006-12-01,9.20903205871582,9.229772804714829,8.831544784830925,9.063844463096535,777800
2006-12-04,9.155106544494629,9.209033759988529,8.943547573144718,9.209033759988529,960800
2006-12-05,9.126070022583008,9.179996451857237,9.034809607192404,9.034809607192404,675000
2006-12-06,9.001620292663574,9.097028978097068,8.926952350599572,9.063843313980694,945600
2006-12-07,9.084583282470703,9.097028202156082,8.860580266593924,8.860580266593924,657200
2006-12-08,9.084583282470703,9.13436217000364,9.022360266460963,9.113620637194677,775100
2006-12-11,9.126070022583008,9.126070022583008,9.08458772787493,9.109476788216192,357200
2006-12-12,9.001620292663574,9.084584057350186,8.997471985747946,9.022361036033066,236100
2006-12-13,8.873024940490723,9.080435534078322,8.78591287096407,9.01406420742698,266300
2006-12-14,9.02236557006836,9.030662188068936,8.794214113515764,8.794214113515764,241200
2006-12-15,9.02236557006836,9.167553220242302,8.794214113515764,8.794214113515764,315300
2006-12-18,8.922807693481445,9.022364726553512,8.798360808734637,8.810805734572009,363100
2006-12-19,8.711248397827148,8.877176780496354,8.678062721293307,8.819102044364366,302400
2006-12-20,8.823250770568848,9.080439578080481,8.715397118925301,9.080439578080481,164400
2006-12-21,8.752727508544922,8.839839581066366,8.694652002321975,8.835691274106965,114300
2006-12-22,8.727840423583984,8.74028455605606,8.64902415602257,8.727840423583984,79000
2006-12-26,8.893768310546875,8.968436266245762,8.63243046560077,8.678061058796487,57000
2006-12-27,9.155106544494629,9.304442475143716,8.918658515106166,8.922806823314074,453400
2006-12-28,9.25466251373291,9.437184098046783,9.00162207154353,9.00162207154353,184200
2006-12-29,9.23392105102539,9.42473844482098,9.196587075507342,9.196587075507342,119100
2007-01-03,9.53674030303955,9.603111638771889,9.14680811220552,9.14680811220552,567600
2007-01-04,9.60311222076416,9.64459450591307,9.370812531622562,9.449628794284612,292400
2007-01-05,9.657037734985352,9.715112449282309,9.337625223934811,9.640444507352713,288000
2007-01-08,9.748300552368164,10.283420409278405,9.669484283810542,9.723411495900592,501400
2007-01-09,9.374961853027344,9.793931475040258,9.333479563392714,9.536741912272648,571200
2007-01-10,9.063846588134766,9.466223009798233,8.922807266890059,9.399851657590009,542000
2007-01-11,9.395698547363281,9.54088610282184,8.972580799869833,9.233918557936944,877800
2007-01-12,9.607258796691895,9.669481817595171,9.457922913557121,9.457922913557121,384500
2007-01-16,9.793931007385254,9.847857427489108,9.44548105702685,9.511852400789515,512700
2007-01-17,9.97645092010498,10.038674741657779,9.545037224005384,9.831264113038475,431400
2007-01-18,9.95571231842041,10.034528595813072,9.876896041027749,10.034528595813072,196800
2007-01-19,9.95571231842041,10.03867690422415,9.876896041027749,9.99719461132228,319100
2007-01-22,9.97645092010498,10.059415488036205,9.91422788976094,9.955710173726555,309600
2007-01-23,9.856151580810547,10.055265562352101,9.810520996670704,10.055265562352101,361400
2007-01-24,9.893488883972168,9.968156850005066,9.628002694609764,9.968156850005066,153500
2007-01-25,9.852006912231445,10.001342849140546,9.731708342786021,9.984749615613346,179700
2007-01-26,9.934967994689941,9.968153658835186,9.694371731834748,9.934967994689941,261700
2007-01-29,10.084306716918945,10.163122994331856,9.926674953302053,10.017935364742472,297100
2007-01-30,10.04281997680664,10.171415107011384,9.984745267171323,10.121636219317843,249100
2007-01-31,10.063562393188477,10.134082028740425,9.889337457778291,9.889337457778291,113600
2007-02-01,10.034527778625488,10.20045614551124,9.997193797175086,10.20045614551124,269300
2007-02-02,10.246084213256836,10.266824957293153,9.893486026178772,10.121637375412929,180000
2007-02-05,10.515718460083008,10.68164679575592,10.200454226700117,10.26267725367637,251500
2007-02-06,10.295863151550293,10.49082964264296,10.059415169016296,10.49082964264296,179700
2007-02-07,10.362236976623535,10.399570960856447,9.99719454226819,10.266828257454502,221400
2007-02-08,10.337346076965332,10.474237064376153,10.15067618903749,10.412014032136467,111000
2007-02-09,10.154824256896973,10.470088509503714,10.154824256896973,10.374679809575147,88100
2007-02-12,10.121641159057617,10.358089210778145,10.046973186680827,10.113344541858204,81100
2007-02-13,10.270975112915039,10.412014413130557,10.154824868264376,10.154824868264376,77500
2007-02-14,10.266828536987305,10.412016169489519,10.25023530300582,10.266828536987305,39000
2007-02-15,10.200455665588379,10.445200291933157,10.12578770620064,10.436903676177003,105900
2007-02-16,10.100898742675781,10.470089443909746,10.08845381892754,10.470089443909746,74300
2007-02-20,10.37053108215332,10.453495647294039,10.038674404007907,10.042821920177083,305800
2007-02-21,10.37053108215332,10.494977138655667,10.241936718273063,10.349790336472505,96700
2007-02-22,10.494979858398438,10.577944445039181,10.407867754513697,10.470090798889787,92800
2007-02-23,10.465937614440918,10.57793951686246,10.391269679493224,10.51571650147557,123400
2007-02-26,10.258530616760254,10.474237883862596,10.183862655747223,10.474237883862596,85900
2007-02-27,9.404001235961914,10.07601225683266,9.38740800006457,10.042825785037973,529000
2007-02-28,9.74000072479248,9.852002628778122,9.374958449205318,9.374958449205318,491300
2007-03-01,9.673630714416504,9.769039405033807,9.325180826658045,9.333477440940078,219200
2007-03-02,9.640446662902832,9.852005615270542,9.545037956308223,9.731707061661742,175900
2007-03-05,9.578221321105957,9.748297945366728,9.50770168729964,9.524294123437734,126200
2007-03-06,9.90178394317627,10.05941567573636,9.727558980236815,9.773188781362519,225800
2007-03-07,9.918374061584473,10.266823905930938,9.905929141711889,10.17556353382442,222400
2007-03-08,10.246084213256836,10.370530259892073,10.080155096131628,10.192157012828542,240600
2007-03-09,10.287569046020508,10.681649640503226,10.212901868488798,10.37053363155653,195800
2007-03-12,10.403718948364258,10.548906572435559,10.212901515911442,10.341495906964813,150000
2007-03-13,10.21290111541748,10.51572048523972,10.163122209524643,10.47008988743869,82100
2007-03-14,10.403718948364258,10.544758264181077,9.976452692659317,10.13823354974855,300300
2007-03-15,10.337346076965332,10.66505446873903,10.333197769321515,10.470088756732338,110500
2007-03-16,10.424459457397461,10.636018426231105,10.154825756761637,10.391273783337803,203300
2007-03-19,10.660909652709961,10.694095331057637,10.47423971749867,10.51572201323551,119100
2007-03-20,10.768758773803711,11.1089128477387,10.420309667778493,10.594534616395455,232500
2007-03-21,11.017653465270996,11.10061804144436,10.785353759677944,10.785353759677944,209300
2007-03-22,10.97617244720459,11.150397444360644,10.785355007619303,11.096471017454476,113500
2007-03-23,10.980317115783691,11.034244316022631,10.706535181180557,10.847574455516556,75300
2007-03-26,10.872467041015625,11.034247903116686,10.806095689305574,10.918097642019633,100800
2007-03-27,10.540614128112793,10.80609963181298,10.515725059943204,10.80609963181298,229900
2007-03-28,10.573790550231934,10.573790550231934,10.35393506563446,10.436899608443303,108800
2007-03-29,10.822689056396484,10.889060408925602,10.50742473627871,10.50742473627871,74500
2007-03-30,11.245809555053711,11.303884303794547,10.826839803344123,10.826839803344123,302800
2007-04-02,11.324621200561523,11.461512198240088,11.245805723043665,11.245805723043665,188800
2007-04-03,11.569363594055176,11.602549260068333,11.337063931963078,11.366101290823504,128200
2007-04-04,11.888775825500488,11.921961490680605,11.581808224782238,11.598400661767963,190600
2007-04-05,11.934409141540527,12.02981785185477,11.814110583241732,11.926112525545676,76000
2007-04-09,12.154263496398926,12.336785085775904,11.988335138423865,11.988335138423865,288000
2007-04-10,12.07129955291748,12.502713277930917,11.988334979425876,12.195745621946076,342800
2007-04-11,12.042262077331543,12.092040187995556,11.971742427883521,12.092040187995556,129500
2007-04-12,12.025670051574707,12.096189708090545,11.67307176899551,12.071300650264039,250800
2007-04-13,11.946853637695312,12.071300507776666,11.909519655791794,11.967595178313308,74900
2007-04-16,11.83070182800293,12.071298112978194,11.644031955518363,11.967592804088707,105200
2007-04-17,11.7394437789917,12.017374112547069,11.664776601303823,11.830704981513984,230600
2007-04-18,11.7394437789917,11.822408364701245,11.623294308449049,11.63159092526179,46300
2007-04-19,11.614996910095215,11.780925279140515,11.50299496428631,11.780925279140515,108700
2007-04-20,11.598402976989746,11.726998147539883,11.552773172764082,11.614996208496406,127500
2007-04-23,11.619146347045898,11.81411210071433,11.453217961880323,11.486403638913437,33200
2007-04-24,11.55692195892334,11.635737438215271,11.200175378854473,11.33706637961434,176000
2007-04-25,12.009076118469238,12.083743282674497,11.53203102359259,11.610847286663942,318200
2007-04-26,12.029817581176758,12.137671213056507,11.851444297345207,11.930260565105183,184700
2007-04-27,12.141818046569824,12.195744460356956,11.930259116404187,11.938555731204895,76700
2007-04-30,12.129373550415039,12.282857764784351,12.067150519641606,12.228930557894284,33900
2007-05-01,12.224784851074219,12.278712069436875,11.768482000855059,11.801667677074796,69200
2007-05-02,11.838998794555664,12.295301534267475,11.668921355008797,12.295301534267475,221300
2007-05-03,11.428325653076172,11.78922050550992,11.283138841783817,11.78922050550992,565100
2007-05-04,11.797520637512207,11.80581646405269,11.308031267218029,11.42832905974969,370600
2007-05-07,11.78506851196289,11.934404375395783,11.66891830804747,11.814105865139611,246200
2007-05-08,11.536178588867188,11.84314621487504,11.498844613562703,11.84314621487504,229400
2007-05-09,11.955154418945312,12.046415647040837,11.573518641915417,11.714558002418366,502100
2007-05-10,11.822407722473145,12.00078101821265,11.77677712369079,11.905372303675808,76100
2007-05-11,11.992480278015137,12.009073505033337,11.805810430103454,11.855589319949441,89500
2007-05-14,12.18330192565918,12.332637055594603,12.009076948060487,12.1293747135976,68100
2007-05-15,12.017372131347656,12.41974927713093,11.97174232881803,12.26211674851208,86000
2007-05-16,12.237227439880371,12.26626480212736,11.648181206041167,11.934408103292084,66900
2007-05-17,12.009076118469238,12.324339588337086,11.967593833104907,12.324339588337086,138800
2007-05-18,12.175007820129395,12.208193499314117,11.992486189008913,12.009079424205776,47600
2007-05-21,12.058852195739746,12.237225438900149,11.934406151827613,12.2289288249837,72100
2007-05-22,12.079595565795898,12.16670765152769,11.988334381266856,11.988334381266856,56900
2007-05-23,11.76018238067627,12.137669647976235,11.76018238067627,12.071298312486705,50100
2007-05-24,11.619146347045898,11.747740746648102,11.515441007416294,11.722851686675503,132400
2007-05-25,11.337064743041992,11.635735758527995,11.075727703392833,11.62329162738821,295400
2007-05-29,11.324621200561523,11.731146676851091,11.212620050612765,11.473957122104991,118600
2007-05-30,11.29557991027832,11.403433505996164,10.976167429638002,11.23750520151047,151900
2007-05-31,11.43662166595459,11.635735674846613,11.245804271901921,11.245804271901921,156600
2007-06-01,11.498846054077148,11.519587593627326,11.28313958121713,11.382696597431485,122100
2007-06-04,11.324621200561523,11.465660506195055,11.29973214404056,11.461512198240088,83900
2007-06-05,11.220915794372559,11.440771367146878,11.15039614206448,11.274843006189295,174000
2007-06-06,11.06743049621582,11.283137724794202,11.038393136831942,11.283137724794202,92800
2007-06-07,10.694093704223633,11.038395361407412,10.059416812264148,11.034247053343888,466800
2007-06-08,11.088173866271973,11.117211232530453,10.407867144071393,10.407867144071393,183700
2007-06-11,11.361955642700195,11.449068530877122,10.980319998630662,10.980319998630662,97100
2007-06-12,11.581809043884277,11.623291326095348,11.353657678536472,11.590105658568236,159200
2007-06-13,11.478104591369629,11.598402348438322,11.29558301073188,11.536179316078046,108600
2007-06-14,11.498846054077148,11.67721933816451,11.432474709934246,11.440771325754316,69800
2007-06-15,11.43662166595459,11.656477211944994,11.320472223038614,11.598401699278266,59200
2007-06-18,11.660624504089355,11.7021059922569,11.158690426933628,11.158690426933628,115600
2007-06-19,11.768477439880371,11.967591420030459,11.627438172805235,11.627438172805235,67400
2007-06-20,11.370255470275879,11.785076905284,11.28314334870454,11.785076905284,24300
2007-06-21,11.308029174804688,11.648182527502717,11.216768770073882,11.411734503856959,125000
2007-06-22,11.299731254577637,11.328768616767881,11.146247828369553,11.295582946949205,139100
2007-06-25,11.096468925476074,11.332916921780665,10.992763608415551,11.2001742425366,74400
2007-06-26,11.030099868774414,11.26239960553104,11.021803251802298,11.09647122213345,191300
2007-06-27,11.125507354736328,11.254101738686746,10.893207643778736,10.905652567854785,112400
2007-06-28,11.308029174804688,11.361955597779966,11.07987697616437,11.07987697616437,18300
2007-06-29,11.395142555236816,11.540330190509012,11.245807402599064,11.266548154262681,36700
2007-07-02,11.726998329162598,11.888778382813982,11.390992506828255,11.532031811983916,46100
2007-07-03,12.162555694580078,12.278705898580519,11.68136323562024,11.68136323562024,85100
2007-07-05,12.100340843200684,12.29945493474846,11.851447833161428,11.851447833161428,79400
2007-07-06,12.121076583862305,12.299449847127159,12.108632452793705,12.266264178929656,146900
2007-07-09,11.988333702087402,12.32019116948611,11.95929634182187,11.996630316794334,31200
2007-07-10,11.83070182800293,12.112780394775733,11.756033879009104,12.071298112978194,22800
2007-07-11,12.014089584350586,12.168651485546732,11.855349430033737,12.168651485546732,132900
2007-07-12,12.11434555053711,12.172828343056608,11.85952630295651,12.097635725949658,116600
2007-07-13,11.955608367919922,12.164476432513593,11.851174335623085,12.164476432513593,460100
2007-07-16,11.880416870117188,12.143590306023707,11.755095541349098,11.94725459341943,40100
2007-07-17,11.95142936706543,12.085104783653517,11.759270358143807,11.947251910701011,285900
2007-07-18,11.959781646728516,12.009910318636488,11.796864857371968,12.005732862913472,29000
2007-07-19,11.993199348449707,12.089279227351433,11.922184998256458,11.922184998256458,20400
2007-07-20,12.03915786743164,12.072576733534287,11.95143364270042,12.001561543470084,24700
2007-07-23,11.780158042907715,12.323214640564217,11.775980586400404,12.064217914489536,81500
2007-07-24,11.471030235290527,11.796864603767158,11.370773690398071,11.746736729705026,56700
2007-07-25,11.696611404418945,11.788513064331319,11.241278968148306,11.512807287825776,162300
2007-07-26,11.191147804260254,11.629770284840104,10.978102348994325,11.567110044295582,245400
2007-07-27,11.007345199584961,11.274696019600057,10.965571434765529,11.274696019600057,76000
2007-07-30,11.182791709899902,11.362418298086215,10.961391366847545,11.145195410197273,128500
2007-07-31,11.153550148010254,11.35824066724297,10.969746107503454,11.270515703704326,56200
2007-08-01,10.727460861206055,11.207857113214624,10.694042012286367,11.053294438980945,108700
2007-08-02,10.648088455200195,10.965567848521946,10.648088455200195,10.907085074962266,51100
2007-08-03,10.47264289855957,10.735817062596121,10.397450280263413,10.6522695318741,102200
2007-08-06,10.480997085571289,10.531124963120392,10.409981928403187,10.435045867177738,96600
2007-08-07,10.639737129211426,10.639737129211426,10.46428795267088,10.501884261698732,115000
2007-08-08,10.940511703491211,11.362425376621578,10.681514899387043,10.681514899387043,310700
2007-08-09,10.631382942199707,10.890378850687862,10.535303043791235,10.890378850687862,142200
2007-08-10,10.790122032165527,10.927974895421857,10.455933514201178,10.610495404971585,115200
2007-08-13,10.89455509185791,11.05329442483116,10.844426420158449,10.957215333906083,132300
2007-08-14,10.535301208496094,11.262161723584898,10.535301208496094,11.262161723584898,147100
2007-08-15,10.35150146484375,10.660626101746683,10.242889976726218,10.510240841773419,50100
2007-08-16,9.733247756958008,10.234531238360466,9.190191316078785,10.234531238360466,218200
2007-08-17,9.766668319702148,9.958827313505347,9.407415865078525,9.670589221184683,306200
2007-08-20,10.021489143371582,10.109214140441734,9.816798545899085,9.820976002594653,320600
2007-08-21,10.067439079284668,10.255419825869707,9.699830904897773,9.837683771100785,195300
2007-08-22,10.773414611816406,10.794301098516897,10.180229306362811,10.226179736457567,104900
2007-08-23,10.790122032165527,10.948861379006525,10.702397844987988,10.861137191828986,182400
2007-08-24,10.777593612670898,10.852786255954184,10.468468921104058,10.815189934312542,188100
2007-08-27,10.75252628326416,11.136843497285874,10.689866032484511,10.756703739551913,70300
2007-08-28,10.798476219177246,10.96557046693886,10.539479537570577,10.623027059835495,98200
2007-08-29,10.773414611816406,10.886202755474802,10.556191644350381,10.731640841647033,434000
2007-08-30,10.606317520141602,11.011521978157335,10.506060968805158,10.756702745530388,195600
2007-08-31,11.090893745422363,11.38330935018965,10.497708418972936,10.907090425000822,304200
2007-09-04,11.700789451599121,12.005736644518583,10.990637690364862,10.990637690364862,222800
2007-09-05,11.805222511291504,11.96396188180181,11.659014714093248,11.692433570872701,83900
2007-09-06,11.826106071472168,12.009910136658736,11.420902433697972,11.989023655128348,64300
2007-09-07,11.688253402709961,11.813574684136874,11.425080066219403,11.813574684136874,51800
2007-09-10,11.579643249511719,11.742560854054993,11.46267766311668,11.725851029273818,59700
2007-09-11,11.788511276245117,11.880413718986112,11.525337910142039,11.537870278725347,27300
2007-09-12,11.77180004119873,11.84699264506449,11.55039968501268,11.667366046222543,93400
2007-09-13,11.963956832885742,12.14776086598969,11.775976141619301,11.830281462180347,91900
2007-09-14,11.884590148925781,12.02662046019885,11.696608620250183,11.98902415446373,47900
2007-09-17,11.796867370605469,11.838641139966997,11.633950546540722,11.838641139966997,25900
2007-09-18,11.972312927246094,11.976490382589947,11.709139614728397,11.75091257463066,29200
2007-09-19,11.763449668884277,12.281442388203025,11.604710285854521,12.08928414575814,63800
2007-09-20,11.596352577209473,12.02662098566151,11.546223901783033,11.909654607511992,75100
2007-09-21,11.922186851501465,12.11016758966594,11.817752842487339,11.817752842487339,20600
2007-09-24,11.984848022460938,12.022444332348897,11.62977220505705,11.872059092797057,28400
2007-09-25,11.92636489868164,12.114346455491434,11.738384138640198,11.955607093894104,24900
2007-09-26,11.955608367919922,12.110170289528916,11.654837844973235,12.034977658792243,43900
2007-09-27,11.943075180053711,12.110169460942249,11.72167475989616,12.060041575059879,59200
2007-09-28,12.03079891204834,12.110168991179714,11.65065913898468,11.855349724729086,39900
2007-10-01,11.968134880065918,12.12687498820996,11.383304705905145,11.95977996979137,108000
2007-10-02,11.692431449890137,11.963959711564586,11.496095801521774,11.959782255628888,72900
2007-10-03,11.270517349243164,11.730027119216311,11.253808323176466,11.730027119216311,144500
2007-10-04,11.39166259765625,11.562934319270013,11.287228582195745,11.374952772733783,158900
2007-10-05,11.730029106140137,11.867881980805855,11.404194676581008,11.508628696684383,82300
2007-10-08,11.688253402709961,11.746736986083137,11.408370243321864,11.55457800660249,110700
2007-10-09,11.817754745483398,12.022445340499928,11.529516611094724,11.62559572363482,68100
2007-10-10,12.127781867980957,12.211915257948988,11.88800274963418,11.984755586448587,29400
2007-10-11,12.009998321533203,12.29605095698133,11.988965369896707,12.232951299716166,60600
2007-10-12,12.451696395874023,12.464315844767185,12.04365043140898,12.434869394209006,58100
2007-10-15,12.66623592376709,12.784021726658164,12.325496359346351,12.510589366918104,90900
2007-10-16,12.762988090515137,12.826087739007406,12.569481592469206,12.716714640521543,41300
2007-10-17,12.884979248046875,13.03641902998476,12.720920019184483,12.805053409673414,79500
2007-10-18,13.040626525878906,13.22992626413226,12.79664064232765,12.79664064232765,54000
2007-10-19,12.59472370147705,13.120555509961413,12.577896698474833,13.086902306312641,59000
2007-10-22,12.544243812561035,12.758783292139436,12.371771039198029,12.61996372327761,77600
2007-10-23,12.952288627624512,13.208893987443977,12.598929611708398,12.70409596638925,150000
2007-10-24,12.758783340454102,12.935462865343261,12.573690313818865,12.699890432942944,46800
2007-10-25,12.556859970092773,13.057451925856137,12.540032972151955,12.548446471122364,76000
2007-10-26,12.66623592376709,12.796641977977467,12.140404154130204,12.57368901880341,168800
2007-10-29,12.683061599731445,13.05745434986326,12.464315400024969,12.662028650756257,51600
2007-10-30,12.61996078491211,12.855533161570929,12.241362121835845,12.851326411693298,68600
2007-10-31,12.922842979431152,13.099522509333886,12.38439169009384,12.52321126342058,368000
2007-11-01,12.8597412109375,13.053247713085025,12.439075808931795,12.678854959698153,119600
2007-11-02,12.863947868347168,13.032213867463252,12.451695969923867,12.868154618619515,51300
2007-11-05,12.615753173828125,13.01959230860235,12.615753173828125,12.670440116148653,149200
2007-11-06,12.582104682922363,12.784023924613527,12.35494573660874,12.741958017694675,172200
2007-11-07,12.001585960388184,12.54845074189954,11.904832294009905,12.392804167395461,66300
2007-11-08,11.568297386169434,12.405421355285943,11.458924296417536,11.925863102213043,197400
2007-11-09,11.257003784179688,11.538849573781041,10.869991667150297,11.433683246353004,139200
2007-11-12,11.286449432373047,11.530435262723522,10.848957958317694,11.147629922041833,52900
2007-11-13,11.816492080688477,11.816492080688477,11.282246788053524,11.336933743679019,82700
2007-11-14,11.736563682556152,11.976342815488428,11.72394423494215,11.976342815488428,98900
2007-11-15,11.564091682434082,12.077303178600062,11.454718582787777,11.60615838266044,54700
2007-11-16,11.395828247070312,11.67346740771397,11.299075376436623,11.67346740771397,35600
2007-11-19,11.168668746948242,11.879593669337991,11.017229711968598,11.500994878355227,47700
2007-11-20,11.219145774841309,11.383205017137831,11.038259532126917,11.3074851199685,29300
2007-11-21,11.046675682067871,11.568300784809313,10.878409649305429,11.265421925836915,81500
2007-11-23,10.996191024780273,11.26541737069495,10.739585729458625,10.983571578898063,68200
2007-11-26,10.895235061645508,11.505200288845273,10.588149473819165,10.588149473819165,91600
2007-11-27,10.958329200744629,11.063495510933562,10.726963639271087,11.008809382671636,87500
2007-11-28,11.084531784057617,11.198111617547722,10.93729875572105,11.017225394364694,61900
2007-11-29,11.257003784179688,11.39161655491071,11.16445770489096,11.240176786660607,63500
2007-11-30,11.400031089782715,11.41685728647567,11.013018937579023,11.084532078823907,151900
2007-12-03,11.244384765625,11.707116817379651,11.18128512273925,11.36637810391221,35500
2007-12-04,11.193906784057617,11.269626686012666,11.07191343038435,11.198113534427963,27100
2007-12-05,11.235971450805664,11.433684684750853,11.084532465859407,11.22755875334318,128300
2007-12-06,11.252798080444336,11.467337504615838,11.101358298121985,11.172871439512488,83200
2007-12-07,11.240180969238281,11.408447797621141,11.046675239895976,11.408447797621141,120600
2007-12-10,11.294868469238281,11.46313450331115,11.19390884879456,11.35376138057485,211400
2007-12-11,11.160255432128906,11.644020571875362,10.941509190769485,11.404241377535728,130200
2007-12-12,10.840547561645508,11.38320551097526,10.743794712111955,11.059293762434427,92200
2007-12-13,10.781655311584473,10.886821675851161,10.46195027028674,10.46195027028674,83100
2007-12-14,10.529257774353027,10.869996605356977,10.411471145275572,10.869996605356977,32600
2007-12-17,10.33154296875,10.718555205157614,10.33154296875,10.516635986776855,40400
2007-12-18,10.37781810760498,10.659664029873197,10.276858482034307,10.34837165044134,157400
2007-12-19,10.306302070617676,10.579734414060912,10.180102774368663,10.50401451536928,166600
2007-12-20,10.302098274230957,10.815309909107931,10.03287260378478,10.424091657624249,355800
2007-12-21,10.56711483001709,10.668074426189653,10.344161886997128,10.487188182163813,138900
2007-12-24,10.781655311584473,10.781655311584473,10.634423043495655,10.65124924455337,29500
2007-12-26,10.79427719116211,11.034056409455088,10.76062398161846,10.827930400705759,45800
2007-12-27,10.865785598754883,11.118184960871712,10.81109945810137,10.815305405389335,61100
2007-12-28,10.575530052185059,10.996195537823041,10.394643764983808,10.996195537823041,56000
2007-12-31,10.56711483001709,10.94571351625309,10.335748386727195,10.487188182163813,95200
2008-01-02,10.411470413208008,10.705936564018801,10.306304045397825,10.63863015280874,107800
2008-01-03,10.3820219039917,10.579734347499413,10.339955204721502,10.499807699121591,62600
2008-01-04,10.37781810760498,10.495604738615324,10.045491971373538,10.386231610324815,56100
2008-01-07,10.003423690795898,10.47036174806046,9.885637087711325,10.47036174806046,218600
2008-01-08,9.936116218566895,10.083348453606101,9.679510090603413,10.01183530986327,201900
2008-01-09,10.184308052062988,10.184308052062988,9.734196242075674,9.999215870057787,167400
2008-01-10,10.13256549835205,10.314943328733783,10.115600551487484,10.293736942910133,50800
2008-01-11,9.924737930297852,10.153770736114044,9.886565795995153,10.149529297972453,77100
2008-01-14,9.789017677307129,10.064704756036289,9.759328411609317,10.064704756036289,81700
2008-01-15,9.576949119567871,9.759326934358901,9.381847797959036,9.759326934358901,83600
2008-01-16,9.360640525817871,9.585431915701248,9.330951264865135,9.466674062918612,46400
2008-01-17,9.301262855529785,9.564225598592168,9.263090713960768,9.48364068547692,120100
2008-01-18,9.17402172088623,9.559984558987596,9.04254035498877,9.479398840353532,96500
2008-01-22,9.0764741897583,9.280058467041716,9.017095644460307,9.0764741897583,135800
2008-01-23,9.038299560546875,9.292780241920555,8.911059624345928,9.06798882506231,289600
2008-01-24,9.084954261779785,9.246124895896635,9.038299242627016,9.123126403091732,195200
2008-01-25,9.42850399017334,9.500606843554955,9.118886188170114,9.118886188170114,321800
2008-01-28,9.305503845214844,9.466674472635884,9.14433240882208,9.14433240882208,142300
2008-01-29,9.466673851013184,9.627845276822734,9.28853748031254,9.28853748031254,273800
2008-01-30,9.339437484741211,9.67026172116166,9.284299572689818,9.534538874530504,221600
2008-01-31,9.988360404968262,10.090153328109897,8.991645650357647,8.991645650357647,244500
2008-02-01,9.86535930633545,9.979875707990779,9.666016569691122,9.967151393705208,79200
2008-02-04,9.72115421295166,9.91625552285961,9.716912774609533,9.903532016804876,35200
2008-02-05,9.623603820800781,9.848394396270592,9.428501696593301,9.708430163044829,63500
2008-02-06,9.589674949645996,9.721156331012713,9.564226314048447,9.64057060289745,26100
2008-02-07,9.755084991455078,9.822946387547468,9.543017926423447,9.822946387547468,95100
2008-02-08,9.695706367492676,9.814463404887048,9.564224206132272,9.695706367492676,71200
2008-02-11,9.704192161560059,9.895052914907515,9.598158589471906,9.65329649998204,25300
2008-02-12,9.589674949645996,9.852637712379428,9.559985683754011,9.801742059127974,82500
2008-02-13,9.555743217468262,9.716913847404879,9.432743918881794,9.716913847404879,111300
2008-02-14,9.470915794372559,9.68298287513233,9.470915794372559,9.674499997748729,97900
2008-02-15,9.547258377075195,9.593913385426323,9.352156276765406,9.41577703687024,69600
2008-02-19,9.750845909118652,9.90353449170562,9.657536669188755,9.657536669188755,848600
2008-02-20,9.772048950195312,9.886564529461605,9.636325373966345,9.886564529461605,269200
2008-02-21,10.009564399719238,10.068942911751286,9.721153097326631,9.721153097326631,124500
2008-02-22,9.912015914916992,10.030772964847804,9.899291598579378,9.979877317440806,19000
2008-02-25,9.882325172424316,10.081668736652288,9.882325172424316,9.882325172424316,54100
2008-02-26,9.962909698486328,10.005323269372015,9.79749766190089,9.79749766190089,98200
2008-02-27,9.950188636779785,10.068946512281778,9.856879397510118,9.856879397510118,129400
2008-02-28,9.755084991455078,9.96715205648671,9.69146503373992,9.83142926430193,77900
2008-02-29,9.585434913635254,9.780536294613979,9.585434913635254,9.738122704714101,74000
2008-03-03,9.632084846496582,9.733877740529516,9.441224990370886,9.64056772249459,145100
2008-03-04,9.538778305053711,9.644811857767476,9.424261873969611,9.632087540211973,88200
2008-03-05,9.674500465393066,9.738120430901906,9.526053339891272,9.538777656581741,45700
2008-03-06,9.479397773742676,9.674499081252677,9.453949952974336,9.640568383904345,61800
2008-03-07,9.470915794372559,9.530294318114347,9.297020852867282,9.530294318114347,58900
2008-03-10,9.216435432434082,9.500605362161268,9.203711924920698,9.470916099334385,93600
2008-03-11,9.415781021118164,9.479400999171952,9.097680321877306,9.343678163598026,84500
2008-03-12,9.449707984924316,9.543017195158313,9.38184659403203,9.441225108819882,72800
2008-03-13,9.504846572875977,9.623604430305091,9.174021632948117,9.432743732467534,175300
2008-03-14,9.415781021118164,9.65753742310571,9.207954519052187,9.65753742310571,133500
2008-03-17,9.080711364746094,9.398811951952906,8.91105788003012,9.398811951952906,65000
2008-03-18,9.288538932800293,9.462433892227928,9.140091799174511,9.237643281196583,78100
2008-03-19,9.0425386428833,9.475155607569553,8.928022244765486,9.271571439118931,127200
2008-03-20,8.881368637084961,9.118883516108761,8.491165217060047,9.101917763121248,168900
2008-03-24,9.05102252960205,9.106159611350627,8.775335502915839,8.885610475384658,229900
2008-03-25,9.084954261779785,9.203712124636034,9.017092856996715,9.106160647410086,62100
2008-03-26,9.114645957946777,9.165542429604209,9.012853823603887,9.093439566656498,29900
2008-03-27,9.140091896057129,9.24188481828712,9.025576274249048,9.190988357172126,456000
2008-03-28,9.144330978393555,9.21643380782264,9.101917406557929,9.152813854555,27700
2008-03-31,9.45819091796875,9.466673794849804,9.076470357009645,9.118883932443248,39000
2008-04-01,9.789017677307129,9.950188323511743,9.3394356346578,9.47939989364164,103000
2008-04-02,9.755084991455078,10.0350134525791,9.682982156985457,9.784774251124043,576200
2008-04-03,9.844151496887207,9.890806504029161,9.640567334948482,9.640567334948482,117900
2008-04-04,9.755084991455078,9.945945673572208,9.674499280230995,9.797498566255735,196500
2008-04-07,10.170736312866211,10.25556346303552,9.784774316642006,9.7974986318589,308300
2008-04-08,10.102874755859375,10.23859754679731,10.068944058124892,10.166494712990076,110000
2008-04-09,9.763568878173828,10.179220174478484,9.759327439357854,10.018049544330138,101400
2008-04-10,9.962124824523926,10.00491680270577,9.790953646977886,9.790953646977886,93400
2008-04-11,9.51280403137207,9.816632211145224,9.388705795164062,9.517083393476465,512100
2008-04-14,9.307398796081543,9.654018936501718,9.059201527500893,9.452893831063799,203900
2008-04-15,9.273162841796875,9.320234995414584,9.221811327286225,9.290279469164004,97800
2008-04-16,9.217536926269531,9.367310543828832,8.571367832638693,8.579925742067081,248400
2008-04-17,9.286004066467285,9.350192869170902,9.140509011696468,9.217535901422773,205200
2008-04-18,9.3287935256958,9.414379116876553,9.217533399847385,9.294559452464437,335900
2008-04-21,9.226088523864746,9.367304135385986,9.18757510106764,9.367304135385986,159000
2008-04-22,9.273162841796875,9.333072261888772,9.226090688179166,9.256045398225114,143900
2008-04-23,9.307398796081543,9.354470959224273,9.256047271179947,9.28600280349201,165500
2008-04-24,9.559874534606934,9.564153895966589,9.264605130428416,9.341632002492787,405200
2008-04-25,9.29455852508545,9.495684399431166,9.21753248015379,9.495684399431166,156500
2008-04-28,9.31595516204834,9.363026497074118,9.230369580939408,9.337351149223275,164700
2008-04-29,9.298842430114746,9.337355879504122,9.166185446776344,9.166185446776344,88200
2008-04-30,9.307398796081543,9.320236881358142,9.247489363867013,9.25176872562588,104600
2008-05-01,9.290278434753418,9.39298145233942,9.19185559378842,9.19185559378842,43200
2008-05-02,9.307398796081543,9.38014631357267,9.196137838965416,9.354470959224273,42900
2008-05-05,9.307398796081543,9.328794788671075,9.247489363867013,9.307398796081543,60300
2008-05-06,9.256050109863281,9.307401650513578,9.208978748489313,9.26460883600584,119000
2008-05-07,9.179019927978516,9.315956220345157,9.149064399844214,9.28600150841554,56000
2008-05-08,8.896590232849121,9.140508149847033,8.840959343867768,9.140508149847033,177400
2008-05-09,8.49006175994873,8.755375730831805,8.263260422860602,8.45582767286043,351300
2008-05-12,8.49006175994873,8.549971208302003,8.387359498683828,8.549971208302003,122600
2008-05-13,8.425869941711426,8.507175359402229,8.254699567356148,8.451545293813536,209300
2008-05-14,8.507179260253906,8.605602984818193,8.344567534104172,8.404476988548005,287600
2008-05-15,8.545689582824707,8.575645115275304,8.5071761430216,8.511455504800256,152100
2008-05-16,8.537131309509277,8.588482016242292,8.43014971824327,8.575644747661421,215600
2008-05-19,8.605598449707031,8.86663294665196,8.558526293905059,8.86663294665196,188800
2008-05-20,8.515735626220703,8.63127595593674,8.464384912705714,8.63127595593674,72400
2008-05-21,8.220465660095215,8.524293825116738,8.181953035435273,8.502897831838455,66900
2008-05-22,8.113483428955078,8.280375265096996,8.066412084170484,8.271816541970793,74000
2008-05-23,8.293213844299316,8.490060426289201,7.8738461392926755,8.490060426289201,227000
2008-05-27,8.246138572692871,8.383074834449772,8.18622834602085,8.293209902543992,99300
2008-05-28,7.980825901031494,8.301770648924489,7.92091647594364,8.280374658880168,230700
2008-05-29,8.096368789672852,8.3445661079271,7.711235132547977,8.019341895006884,1078500
2008-05-30,8.57564640045166,8.59704239634662,8.130602503233165,8.130602503233165,647600
2008-06-02,8.631274223327637,8.674067020136647,8.47294111999571,8.55852671361373,339900
2008-06-03,8.678346633911133,8.785328220943645,8.520013525972931,8.63983319728305,85800
2008-06-04,8.605598449707031,8.70830066728933,8.579922283157954,8.652669789304333,158200
2008-06-05,8.733980178833008,8.772493630801224,8.605602549742331,8.605602549742331,240700
2008-06-06,8.49006175994873,9.04636587918487,8.451548309948766,9.04636587918487,201500
2008-06-09,8.464384078979492,8.579923581110226,8.41303255431766,8.451545993762835,373300
2008-06-10,8.455825805664062,8.541410596383663,8.434428995830533,8.481501161259459,168000
2008-06-11,8.374520301818848,8.477222549494023,8.344565581605869,8.413033746722652,42100
2008-06-12,8.25469970703125,8.515734226263158,8.18623073992587,8.515734226263158,153100
2008-06-13,8.126321792602539,8.301771541688689,7.916637966041159,7.916637966041159,81000
2008-06-16,8.241864204406738,8.387359274697797,8.12632385749237,8.151999218071674,168900
2008-06-17,8.122041702270508,8.336004871347422,8.019339479058155,8.237582009461173,239100
2008-06-18,7.963709354400635,8.139159086429256,7.84816904807797,8.139159086429256,118100
2008-06-19,7.967991352081299,8.0321801603195,7.822496284765385,7.920919178477626,74600
2008-06-20,7.788259506225586,7.852448292268249,7.484431388523427,7.7497460713590485,186200
2008-06-23,7.398848056793213,7.736909497916818,7.390289332662272,7.736909497916818,91700
2008-06-24,7.326098918914795,7.381728981091514,7.124973027203917,7.296143391060756,437500
2008-06-25,7.296143054962158,7.463034866213756,7.266188344692667,7.30470177681191,202600
2008-06-26,7.197722434997559,7.279028685381668,7.116416184613449,7.279028685381668,161200
2008-06-27,7.099298000335693,7.2533517429325425,7.073622648637789,7.189162139380713,178500
2008-06-30,7.095019817352295,7.142091983453411,7.017992933261323,7.142091983453411,110600
2008-07-01,6.98375940322876,7.035110935401727,6.842543710009241,6.945245958150262,155000
2008-07-02,7.120694637298584,7.21483896241403,6.932407619477269,6.966641696917943,151800
2008-07-03,7.381730079650879,7.488711675008138,7.069344017096833,7.120694725793631,88100
2008-07-07,7.279026985168457,7.445917993002195,7.23195482759291,7.283306346421207,133200
2008-07-08,7.441640377044678,7.514387902993572,7.291866779095391,7.3346587692495335,228900
2008-07-09,7.167768478393555,7.488713335635057,7.116416942104723,7.488713335635057,161800
2008-07-10,6.994846820831299,7.289549308606716,6.921171612196367,7.289549308606716,106700
2008-07-11,6.74781608581543,6.9861787474855435,6.591797362512419,6.934172093075675,191000
2008-07-14,6.830158233642578,6.912501328788315,6.56145916881336,6.752148681066464,138000
2008-07-15,6.95583963394165,6.990510454282997,6.587462064487643,6.652470162609254,91500
2008-07-16,7.194202423095703,7.332885707854185,6.574460771040852,7.03818331443362,183800
2008-07-17,7.4629034996032715,7.571249954266246,7.159533922517651,7.202872669706411,259400
2008-07-18,7.367557525634766,7.458568133586703,7.311217743562285,7.458568133586703,338300
2008-07-21,7.241873264312744,7.402226306336995,7.020847327035009,7.367555490036814,105200
2008-07-22,7.532243251800537,7.57558198798432,7.1508641919420555,7.168200017062624,248300
2008-07-23,7.610253810882568,7.670928380153876,7.497573412656136,7.649258595907785,69700
2008-07-24,7.683929443359375,7.740270055922799,7.519243215764693,7.670928399396853,463900
2008-07-25,7.601586818695068,8.056641547512873,7.410896848037755,7.579917034178466,154100
2008-07-28,7.545244216918945,7.653590631092529,7.471568622216207,7.653590631092529,57700
2008-07-29,7.727267265319824,7.740269134352069,7.462901714654416,7.64492374801758,102200
2008-07-30,7.740268230438232,7.80094195893455,7.605918079314164,7.80094195893455,96400
2008-07-31,7.740268230438232,7.787940091420673,7.614585990990083,7.675259719486401,76400
2008-08-01,7.722932815551758,7.839947149512869,7.627588261926555,7.627588261926555,57500
2008-08-04,7.683929443359375,7.7879419281482924,7.597252786010818,7.744604012782889,68600
2008-08-05,7.783607006072998,7.792274918718304,7.445566679082535,7.792274918718304,89000
2008-08-06,7.636259078979492,7.696932833765816,7.5625834510455645,7.662261998656787,67300
2008-08-07,7.298215866088867,7.644924124513499,7.168200475834054,7.644924124513499,64200
2008-08-08,6.882164478302002,7.228873096414889,6.882164478302002,7.228873096414889,356400
2008-08-11,6.860495567321777,6.934171169057721,6.535456293772197,6.83015870071597,164700
2008-08-12,6.860495567321777,6.92550325670817,6.79115392176061,6.92550325670817,30400
2008-08-13,6.804155349731445,6.851828040845468,6.73481370444793,6.804155349731445,53100
2008-08-14,6.782486915588379,6.825825656508806,6.726147131024234,6.812824199556223,32800
2008-08-15,6.873497486114502,6.899500811608117,6.687141904427472,6.73481418563879,56900
2008-08-18,6.882164478302002,6.916835298782412,6.760816606620565,6.825824291694139,48700
2008-08-19,6.804155349731445,6.895166362493261,6.760817028083652,6.8734969950149605,330100
2008-08-20,6.986179351806641,7.103192887769768,6.7911554141717625,6.84316165977143,332200
2008-08-21,6.93850564956665,6.9905114743587315,6.864830042263134,6.864830042263134,87800
2008-08-22,6.973176956176758,7.068521525953627,6.825825731401217,7.055520482167263,150900
2008-08-25,6.925504684448242,6.973177385581205,6.856163024591818,6.942840512721244,70000
2008-08-26,6.799824237823486,6.912504665195886,6.713147144963556,6.8951692466239,71500
2008-08-27,6.864830493927002,6.869164450714437,6.635136157208238,6.869164450714437,29800
2008-08-28,6.804155349731445,6.830158673367167,6.71314433696963,6.79548785072541,143800
2008-08-29,6.539790630340576,6.79115431677504,6.500785849116464,6.730480166725439,167900
2008-09-02,6.691473007202148,6.812821264171465,6.64380074337693,6.6524686531498896,143100
2008-09-03,6.583128452301025,6.721812154215408,6.513786807998235,6.721812154215408,177800
2008-09-04,6.240755558013916,6.565794918604411,6.175747851219385,6.5094551264805744,134200
2008-09-05,6.1844162940979,6.253757964150215,6.141077543660726,6.253757964150215,75000
2008-09-08,6.197417259216309,6.3274330868407755,6.0717353889514065,6.3274330868407755,123300
2008-09-09,6.12807559967041,6.245089555311113,6.080402895294375,6.158412474594125,122600
2008-09-10,6.00239372253418,6.171413926414458,5.967722890286486,6.119407678042917,58000
2008-09-11,6.032730579376221,6.041398080757753,5.850708503965901,5.91571621090862,43900
2008-09-12,6.141075611114502,6.214751215687215,5.738026764135402,5.898379428996947,52600
2008-09-15,5.9590559005737305,6.093405706369892,5.941720481758966,6.045732994647551,26000
2008-09-16,5.980721950531006,5.989389448462437,5.378315758526936,5.71202290171654,61200
2008-09-17,5.499665260314941,5.9113820740244805,5.382651316891498,5.889712702780471,132100
2008-09-18,5.69035530090332,5.820371116649017,5.1832939088113195,5.811703202721825,129500
2008-09-19,5.803035259246826,5.928717108437559,5.755362562903161,5.911381695215004,90300
2008-09-22,5.599343776702881,5.898379754530451,5.5820083636883675,5.807368732877043,67600
2008-09-23,5.382650375366211,5.668684868489539,5.382650375366211,5.551670945533999,246800
2008-09-24,5.282970905303955,5.51266559798017,5.2699694514967925,5.378315864276936,130400
2008-09-25,5.347980976104736,5.438992012985133,5.282972856442214,5.386985765240466,104400
2008-09-26,5.170290946960449,5.28297090206812,5.074945988045867,5.204961765964158,99800
2008-09-29,4.892925262451172,5.1876277144362115,4.32518972935803,5.1876277144362115,71900
2008-09-30,5.2049641609191895,5.278639788529556,4.888592275302507,5.066280407783171,99300
2008-10-01,5.027275085449219,5.230966099285712,4.931930100547936,5.200629227716208,48800
2008-10-02,4.758574485778809,5.074946241632158,4.641560569121499,5.074946241632158,100200
2008-10-03,4.810581684112549,4.970934351808456,4.680565884726755,4.732572121819306,51800
2008-10-06,4.203841209411621,4.754241247071315,4.060823961405789,4.728237923202612,80300
2008-10-07,3.865799903869629,4.329522401853125,3.7921243127290505,4.329522401853125,90900
2008-10-08,3.7834577560424805,3.896138160866856,3.467086327084308,3.692447136733059,144600
2008-10-09,3.680889368057251,4.058302803689784,3.654248245299427,3.87181621472386,104200
2008-10-10,3.6054065227508545,3.6542480849767127,3.3567578189462917,3.507723186576006,61400
2008-10-13,4.040543556213379,4.058304169547323,3.725292351951048,3.725292351951048,125700
2008-10-14,4.036101818084717,4.373553771224838,3.987259831728537,4.373553771224838,189100
2008-10-15,3.680889368057251,3.929538294493911,3.632047803688568,3.929538294493911,382900
2008-10-16,3.8451757431030273,3.867376611919633,3.578766587642817,3.578766587642817,358400
2008-10-17,3.9517388343811035,4.195947509190338,3.7474916329792713,3.840734929781114,318200
2008-10-20,4.040543556213379,4.107145750354064,3.911779003680676,3.911779003680676,96200
2008-10-21,3.8673763275146484,4.044982418093722,3.8318551093988336,3.9561793728041854,25700
2008-10-22,3.561006546020508,3.8140953899910635,3.481083574894471,3.8096551308293014,47500
2008-10-23,3.4810826778411865,3.6142874542430676,3.3434378551449258,3.5610056283715776,43300
2008-10-24,3.3256778717041016,3.5521260062282956,3.125870868543043,3.5521260062282956,88400
2008-10-27,3.1347506046295166,3.374519049479142,3.0592679068577513,3.2990363517073766,27900
2008-10-28,3.4189205169677734,3.4189205169677734,3.196912685691342,3.2679553356715534,66400
2008-10-29,3.5299246311187744,3.600967073371041,3.338997961704218,3.338997961704218,90300
2008-10-30,3.676450252532959,3.7208519964416924,3.4810835109166387,3.4810835109166387,66200
2008-10-31,3.7608134746551514,3.7652533102810852,3.5787670871530985,3.5876471818513784,82900
2008-11-03,3.9073374271392822,3.9428586418313074,3.680889365892912,3.680889365892912,58100
2008-11-04,4.0494232177734375,4.062743570486698,3.920658679021574,3.9295391964613335,46000
2008-11-05,3.9117789268493652,3.9783811196819165,3.8584966644476264,3.9783811196819165,53700
2008-11-06,3.7474915981292725,3.8851366248695904,3.69420977523033,3.8851366248695904,175500
2008-11-07,3.8629369735717773,3.889578105117589,3.7741339074964397,3.7741339074964397,41100
2008-11-10,3.9472994804382324,4.306951937985223,3.809654435665234,4.306951937985223,42400
2008-11-11,3.965059757232666,4.000580974167531,3.6586887318615697,4.000580974167531,23500
2008-11-12,3.8895771503448486,3.9384187188355617,3.8096541987724852,3.8096541987724852,24600
2008-11-13,4.1293463706970215,4.1293463706970215,3.7918943145144146,3.8362960568607987,41200
2008-11-14,4.0494232177734375,4.16042714509216,3.965060419327614,4.022782512346915,63900
2008-11-17,3.9472994804382324,4.053863140196871,3.743052254177671,3.9694999253031917,6900
2008-11-18,3.996140956878662,4.0982643558557665,3.8718166901185214,3.8718166901185214,58900
2008-11-19,3.729732036590576,3.951739905993501,3.7119714239761983,3.8718173609520043,42900
2008-11-20,3.4588828086853027,3.5787672690536154,3.4278016287687163,3.5787672690536154,39400
2008-11-21,3.4855222702026367,3.5965263772298175,3.334557116560852,3.5965263772298175,57100
2008-11-24,3.6231689453125,3.658690176270742,3.41892165557937,3.445562790521289,47600
2008-11-25,3.65868878364563,3.716410867843345,3.596526864852947,3.596526864852947,33100
2008-11-26,3.69865083694458,3.7164114484380346,3.6720101314275877,3.6853304841860837,5200
2008-11-28,3.769693374633789,3.951739752732423,3.6942106680885423,3.9073384346417064,11900
2008-12-01,3.778573513031006,3.8185349917138374,3.663129335379792,3.694210297268062,24200
2008-12-02,3.7608134746551514,3.849616538870005,3.663129892295607,3.7474926974381146,66100
2008-12-03,3.618727684020996,3.7830138610412543,3.418920709320109,3.600967073457503,361500
2008-12-04,3.6720099449157715,3.8806970135024605,3.4899633687697387,3.4899633687697387,46500
2008-12-05,3.663128614425659,3.774132511832497,3.467761729582848,3.6009662794371744,85900
2008-12-08,3.8762571811676025,3.960620408336553,3.6409289590975904,3.6409289590975904,102200
2008-12-09,3.9073374271392822,4.062742635555321,3.743051703327096,3.8762560466990497,135500
2008-12-10,3.9339780807495117,4.089383710807092,3.769692358845191,3.876256001683733,92700
2008-12-11,4.080503940582275,4.209268471718482,3.956179667903334,3.9872606302114812,366400
2008-12-12,4.071624755859375,4.155987568144562,3.9028987078425526,3.9028987078425526,15300
2008-12-15,4.120466232299805,4.147107364850276,3.725292467500602,4.124906491632623,36300
2008-12-16,4.413515567779541,4.48455843058265,4.080503815709928,4.080503815709928,65400
2008-12-17,4.351353645324707,4.466797821009504,4.324712518841161,4.440156694525958,201600
2008-12-18,4.346913814544678,4.533400447932407,4.298072238541751,4.533400447932407,92500
2008-12-19,4.537840843200684,4.639964257037041,4.044983115801095,4.044983115801095,113400
2008-12-22,4.506759166717529,4.702126311028015,4.462357850971595,4.462357850971595,30200
2008-12-23,4.577801704406738,4.755407801491456,4.444596919870031,4.444596919870031,38800
2008-12-24,4.817571640014648,4.826451735897391,4.711007525296471,4.724328304290285,12000
2008-12-26,4.861972332000732,4.946335560835847,4.65328481290201,4.65328481290201,26800
2008-12-29,4.848651885986328,4.9729761738857094,4.804250142870489,4.853092144987193,40900
2008-12-30,4.848651885986328,4.928574854216276,4.737647951643137,4.7953700483151644,27600
2008-12-31,4.928574085235596,4.981855914593463,4.7998095584258325,4.7998095584258325,12600
2009-01-02,5.021818161010742,5.0395787735147755,4.972976159039847,4.99073677154388,8800
2009-01-05,5.044018745422363,5.044018745422363,4.959655939609034,4.995177165577426,37800
2009-01-06,4.97297477722168,5.1328206687887254,4.964094685160336,5.1328206687887254,17500
2009-01-07,4.888612747192383,4.999616667391413,4.782049085428439,4.884172488757297,13700
2009-01-08,4.799809455871582,5.008496510536102,4.755407720632225,4.755407720632225,13800
2009-01-09,4.706565856933594,4.817569764658949,4.666604382401057,4.817569764658949,22000
2009-01-12,4.660818576812744,4.755937340909468,4.56569981271602,4.656289009007338,81600
2009-01-13,4.370931148529053,4.665346470800689,4.284871550919317,4.651758204222984,65000
2009-01-14,4.0085768699646,4.262226678960016,3.985929457599143,4.262226678960016,39000
2009-01-15,4.031222343444824,4.162576767706375,3.8002200331664415,3.985927967608983,106200
2009-01-16,3.9542224407196045,3.976869850411611,3.8681628022460726,3.976869850411611,66500
2009-01-20,3.7685139179229736,3.9179861956892124,3.7368078080826654,3.8681622470882493,26700
2009-01-21,3.777573347091675,3.777573347091675,3.637159761803202,3.754925938888581,46900
2009-01-22,3.7005717754364014,3.768513556277994,3.668865668638766,3.7594548537486587,31500
2009-01-23,3.573747158050537,3.714160520946788,3.573747158050537,3.714160520946788,41800
2009-01-26,3.505805730819702,3.6281014905281133,3.505805730819702,3.5601594737951237,41300
2009-01-27,3.637160062789917,3.650748768014312,3.4650405669333915,3.4650405669333915,36400
2009-01-28,3.927044630050659,3.976868569757756,3.637158829663154,3.637158829663154,62100
2009-01-29,3.7956905364990234,3.9225153959437793,3.7232191882448777,3.913456693393665,26000
2009-01-30,3.8409860134124756,4.03122357305411,3.6643371594334098,3.723220254747576,96100
2009-02-02,3.8138089179992676,3.8364563255525246,3.68245447254642,3.736807991496215,12500
2009-02-03,3.994987964630127,3.994987964630127,3.7051024830561854,3.7413381682529283,64000
2009-02-04,3.9632811546325684,4.035752512345997,3.9043980684995665,3.958751586784638,12000
2009-02-05,3.949692726135254,4.026693648637452,3.8545739649244997,3.8772213713010313,36800
2009-02-06,4.026693820953369,4.053870364197505,3.81380888304526,4.0402820925754375,112800
2009-02-09,3.827396869659424,3.981398709786304,3.6915128676672744,3.981398709786304,112500
2009-02-10,3.677924156188965,3.800219872911468,3.628100215281621,3.786631171966779,30000
2009-02-11,3.6960437297821045,3.700573298893165,3.6643376099316534,3.6643376099316534,12000
2009-02-12,3.591865062713623,3.668866205292655,3.5737472230415044,3.614512470294614,5600
2009-02-13,3.7322781085968018,3.7594550817597074,3.6462184855137125,3.659806756113498,5300
2009-02-17,3.6054530143737793,3.6688656597792297,3.5556288546928263,3.56015842192821,16600
2009-02-18,3.505805730819702,3.605454079623211,3.4922174570621345,3.5329827102982714,28200
2009-02-19,3.5646884441375732,3.66886635034352,3.4922170825839,3.5103349229723184,16000
2009-02-20,3.600924015045166,3.6281009907802804,3.4197456166889895,3.4197456166889895,25900
2009-02-23,3.505805730819702,3.5601594737951237,3.397098676832293,3.5556299052214566,28700
2009-02-24,3.523922920227051,3.5646879474298996,3.365391514945795,3.523922920227051,10200
2009-02-25,3.3699214458465576,3.465040212881146,3.2521552710488053,3.44692237306329,90800
2009-02-26,3.347273349761963,3.5148636575869863,3.265743087347204,3.433333179190585,44000
2009-02-27,3.2612144947052,3.3789806804716207,3.1162717626624756,3.224978811694519,39500
2009-03-02,3.08003568649292,3.1842133698414603,3.0573882795112755,3.111741797089206,13700
2009-03-03,3.0664474964141846,3.111742098787319,2.9033867118891985,3.016623325812886,43600
2009-03-04,3.138917922973633,3.1751538100343057,3.093623334124837,3.1751538100343057,5200
2009-03-05,3.012094020843506,3.061918192226832,3.0030351002266924,3.0166233731610603,5500
2009-03-06,3.021153211593628,3.0392710544472434,2.944152271474901,2.944152271474901,8600
2009-03-09,2.9532101154327393,3.007563624162887,2.944151197311048,2.944151197311048,5500
2009-03-10,3.116272211074829,3.120801564112057,2.9441524760254185,2.984917733269157,10900
2009-03-11,3.1706247329711914,3.1706247329711914,3.111741650380411,3.1208005695496337,9400
2009-03-12,3.1706247329711914,3.1842132197158595,3.1525068946327464,3.1706247329711914,68300
2009-03-13,3.2566843032836914,3.4197450508032996,3.1570359846955105,3.1706244703144995,121000
2009-03-16,3.238567352294922,3.351803971494173,3.234037783855731,3.351803971494173,16600
2009-03-17,3.206860065460205,3.292919896321969,3.152506556278558,3.1751539597617344,80600
2009-03-18,3.415215492248535,3.4242744106902427,3.1389181558039763,3.2702725811995617,45100
2009-03-19,3.2657437324523926,3.455981264980755,3.2204491332746126,3.3789803383876857,1053800
2009-03-20,3.1298604011535645,3.252155953581196,3.098154282808973,3.2159202663406727,77400
2009-03-23,3.238567352294922,3.292920877674952,3.170625337579029,3.170625337579029,103400
2009-03-24,3.215919256210327,3.270272769998502,3.2068603372456317,3.270272769998502,118500
2009-03-25,3.1978015899658203,3.2793318650253136,3.075506069385742,3.2793318650253136,57500
2009-03-26,3.2748026847839355,3.3291562043366234,3.1570365097714235,3.1570365097714235,42200
2009-03-27,3.32462739944458,3.3291567521617824,3.193272930919872,3.193272930919872,35100
2009-03-30,3.2113897800445557,3.26574329172259,3.1343888638431787,3.1343888638431787,28000
2009-03-31,3.288391590118408,3.3200977058916674,3.2340378476839216,3.265744179438896,44500
2009-04-01,3.3382155895233154,3.3880397640483295,3.3019799047712026,3.3019799047712026,19000
2009-04-02,3.614511728286743,3.64168848221592,3.487686660635611,3.5420403844756057,123100
2009-04-03,3.8047502040863037,3.8409858874041984,3.578277183349461,3.578277183349461,53300
2009-04-06,3.7458670139312744,3.7685139888357324,3.6824543610940617,3.7232196070634584,13600
2009-04-07,3.677924156188965,3.732277664077872,3.5375108194851346,3.696041992151934,22400
2009-04-08,3.7685139179229736,3.7685139179229736,3.6371594789173898,3.6371594789173898,51500
2009-04-09,3.8795580863952637,3.9492505662084083,3.870265519436722,3.9492505662084083,4000
2009-04-13,4.051466464996338,4.088635845520655,3.740172570784701,3.740172570784701,23400
2009-04-14,4.102574825286865,4.209437141535954,3.9167278967154444,4.0235897698705045,40500
2009-04-15,4.0886359214782715,4.1118668955110405,4.046820256838082,4.046820256838082,3900
2009-04-16,4.0886359214782715,4.102574328660343,4.060758664020153,4.0886359214782715,12000
2009-04-17,3.9724819660186768,4.028236044460023,3.9027890356464727,4.000358783692336,104000
2009-04-20,3.7169413566589355,3.8284494910161584,3.6983566675993984,3.8284494910161584,20800
2009-04-21,3.7355268001556396,3.781988753735034,3.628664705707657,3.689065068123259,156400
2009-04-22,3.8842039108276367,3.958543116908712,3.781988333267368,3.781988333267368,8000
2009-04-23,4.018943786621094,4.03288263962752,3.7866348869760813,3.7866348869760813,37200
2009-04-24,4.0886359214782715,4.135097426449835,3.9817736181651227,4.060758664020153,139200
2009-04-27,3.4846324920654297,3.8516804301725642,3.4102937364630637,3.8516804301725642,245400
2009-04-28,3.7262344360351562,3.833096302074539,3.461402026587905,3.4846330018859444,75900
2009-04-29,3.8005731105804443,4.083989761697675,3.6890647420129645,3.6890647420129645,76400
2009-04-30,3.7773420810699463,3.874911819071531,3.6797723430683615,3.837742437270354,33300
2009-05-01,3.9260196685791016,3.9353122357191226,3.7308801895785506,3.7308801895785506,5200
2009-05-04,4.111867427825928,4.14903681385265,3.8609738505985374,3.8609738505985374,89100
2009-05-05,4.214081764221191,4.214081764221191,4.088635234473125,4.1397430142825,25000
2009-05-06,4.22337532043457,4.279129395970083,4.1350977018495065,4.214082752964983,27000
2009-05-07,4.269836902618408,4.372052931088165,4.153682465796325,4.293067878601627,17900
2009-05-08,4.4463911056518555,4.4742683617256835,4.320944561054513,4.320944561054513,23700
2009-05-11,4.399929046630859,4.4185137339654545,4.23731270013273,4.32559029729248,7100
2009-05-12,4.390636920928955,4.399929487073407,4.17691277363991,4.399929487073407,16200
2009-05-13,4.097928047180176,4.293067520197705,4.093282206846597,4.293067520197705,20600
2009-05-14,4.074697494506836,4.125805282655536,4.028235546666946,4.065404927701269,17200
2009-05-15,4.0932817459106445,4.181558905623593,3.9957120203890035,3.9957120203890035,61400
2009-05-18,4.149035930633545,4.17691274267234,4.065404608329282,4.065404608329282,80300
2009-05-19,4.251250743865967,4.251250743865967,4.153681032870984,4.153681032870984,16500
2009-05-20,4.181559085845947,4.2977135048972235,4.17691280274135,4.279128815572777,11800
2009-05-21,4.097928047180176,4.209436633971603,4.065404949375246,4.209436633971603,5400
2009-05-22,4.158328533172607,4.172266940799446,4.093282335518035,4.153682249598998,2000
2009-05-26,4.3162994384765625,4.3162994384765625,4.079344248962601,4.079344248962601,31000
2009-05-27,4.274482250213623,4.320944192003715,4.209436063420192,4.237312874019115,47000
2009-05-28,4.367406368255615,4.376698935292841,4.181559458450945,4.367406368255615,15500
2009-05-29,4.469621181488037,4.497498431966963,4.385989873145124,4.395282437669387,10800
2009-06-01,4.441747188568115,4.530024392015193,4.42316249083746,4.469624013617026,45700
2009-06-02,4.511437892913818,4.618299751422711,4.418514441363919,4.5253762998728115,31400
2009-06-03,4.334881782531738,4.488205541289285,4.255896762190719,4.483559259364794,20600
2009-06-04,4.3720526695251465,4.390637360581069,4.325591163432333,4.344175854488256,6800
2009-06-05,4.404574871063232,4.460329375970017,4.3162977172996335,4.3906364663834845,30800
2009-06-08,4.362760543823242,4.413868333433372,4.334883285703362,4.390637358849136,6400
2009-06-09,4.427806377410889,4.460329916396139,4.367406025688509,4.423160537350667,10900
2009-06-10,4.520730018615723,4.646177010586667,4.390637186385607,4.464975947659958,45800
2009-06-11,4.962116241455078,4.962116241455078,4.57183737620438,4.57183737620438,17200
2009-06-12,5.250179767608643,5.264118173663552,4.822731475110626,4.822731475110626,44100
2009-06-15,5.134024143218994,5.143316264040245,5.073623807052437,5.143316264040245,45100
2009-06-16,4.739099502563477,5.208363391954446,4.739099502563477,5.157255614700591,21000
2009-06-17,4.75303840637207,4.827377603502458,4.641530275317377,4.808792914993343,15100
2009-06-18,4.75303840637207,4.766977255074351,4.669407529628013,4.739100000763715,4000
2009-06-19,4.622946739196777,4.836670931874828,4.622946739196777,4.8273788068509305,7400
2009-06-22,4.464975357055664,4.729807712932322,4.464975357055664,4.720515147455217,15100
2009-06-23,4.511437892913818,4.511437892913818,4.4138681580129315,4.492853202603839,27200
2009-06-24,4.460331439971924,4.6322399875518485,4.460331439971924,4.464977281619089,21200
2009-06-25,4.595069408416748,4.715869678815445,4.534669051670406,4.534669051670406,47600
2009-06-26,4.92494535446167,4.92494535446167,4.6368821334185135,4.6368821334185135,33700
2009-06-29,4.785562515258789,4.869193401993253,4.7344542834329735,4.822731896717213,4500
2009-06-30,4.790208339691162,4.873839218411667,4.753038518700572,4.873839218411667,20400
2009-07-01,4.878486156463623,4.948178638604077,4.813439514863603,4.873839872829194,29200
2009-07-02,4.757684707641602,4.804146650640736,4.697284358980297,4.799500367722037,3200
2009-07-06,4.683345794677734,4.753038263721796,4.576483949730986,4.753038263721796,9600
2009-07-07,4.5671916007995605,4.739100083275432,4.446390901840106,4.613653544428254,17100
2009-07-08,4.469621181488037,4.692637856037852,4.376697751714725,4.576483458047745,13800
2009-07-09,4.344175338745117,4.562545321953693,4.344175338745117,4.474268160691876,22100
2009-07-10,4.446124076843262,4.559401014440183,4.394205592975307,4.559401014440183,10100
2009-07-13,4.554681301116943,4.611320223415465,4.42252486603971,4.436684371553058,10700
2009-07-14,4.823714733123779,4.823714733123779,4.526362408809034,4.526362408809034,8900
2009-07-15,5.012510299682617,5.097468246326899,4.7387574161873,4.7387574161873,33900
2009-07-16,5.054989337921143,5.069148845836148,4.970031390185826,5.017230350066034,29600
2009-07-17,5.116347789764404,5.182425793243504,5.05970930815833,5.05970930815833,4900
2009-07-20,5.073869228363037,5.229625177968088,5.040830223938534,5.191866187162177,31900
2009-07-21,5.059709072113037,5.106907579521543,5.003070593149259,5.073868579323327,13900
2009-07-22,5.050270080566406,5.092749060562973,4.979472080653934,5.059710053953513,28200
2009-07-23,5.144667148590088,5.234345088038731,5.050269672951519,5.135227626087566,90300
2009-07-24,5.121068477630615,5.163547007065089,5.050270028327756,5.116348490985884,14800
2009-07-27,5.111627578735352,5.210745029713154,5.073868592660248,5.121067550315438,11400
2009-07-28,5.267383098602295,5.654412900791559,5.102187659919783,5.11634716606455,112300
2009-07-29,5.139946937561035,5.215464908156909,5.08330845961413,5.163545965780288,5800
2009-07-30,5.111627578735352,5.168266057848007,5.088028099907757,5.125787085982861,4200
2009-07-31,5.182426452636719,5.182426452636719,5.102188931077627,5.168266942964255,9000
2009-08-03,5.517536640167236,5.541136117865927,5.158826289613012,5.182425317189105,33500
2009-08-04,5.56473445892334,5.715770365148518,5.5175355131667185,5.560014474323177,18500
2009-08-05,5.607214450836182,5.682732417830998,5.446738545910902,5.446738545910902,16100
2009-08-06,5.611936092376709,5.753532097215433,5.607216105516026,5.753532097215433,4700
2009-08-07,5.994243144989014,6.291595422472889,5.630812883701503,5.772408820493582,112000
2009-08-10,5.989525318145752,6.06976328463263,5.9706458230972315,6.041444267121183,7400
2009-08-11,5.744091510772705,6.027284368295692,5.6544135775039495,6.027284368295692,6700
2009-08-12,5.758251190185547,5.781850670702742,5.687453198756615,5.7204922014070965,15400
2009-08-13,5.706333160400391,5.81017061310503,5.706333160400391,5.81017061310503,23500
2009-08-14,5.706333160400391,5.753531675176908,5.597775721181293,5.753531675176908,62200
2009-08-17,5.5505757331848145,5.6355332172824175,5.423138831854557,5.6355332172824175,45600
2009-08-18,5.555295467376709,5.69689141784752,5.550575482328336,5.635532962586312,31500
2009-08-19,5.593055248260498,5.663853233631851,5.522256812766532,5.578895291088137,68800
2009-08-20,5.57417631149292,5.611935300806995,5.569456325297996,5.597775342222223,10900
2009-08-21,5.644975662231445,5.833770654230049,5.602496676501068,5.833770654230049,7000
2009-08-24,5.635533809661865,5.833768710264693,5.635533809661865,5.734651259963279,13000
2009-08-25,5.668574333190918,5.805450795227378,5.621375366920676,5.621375366920676,6500
2009-08-26,5.597774982452393,5.654413462783341,5.569455967348232,5.654413462783341,5300
2009-08-27,5.56473445892334,5.607213420079797,5.446737544654293,5.479776536610425,26900
2009-08-28,5.588334083557129,5.673292008177142,5.550575105975461,5.550575105975461,5800
2009-08-31,5.427859306335449,5.569455726090461,5.427859306335449,5.437299277709668,6700
2009-09-01,5.191864490509033,5.635532712553165,5.191864490509033,5.55529522090348,14400
2009-09-02,5.4514594078063965,5.545856881726139,5.333462452876053,5.333462452876053,11500
2009-09-03,5.408979892730713,5.503377357238926,5.408979892730713,5.47505834294777,42200
2009-09-04,5.635533809661865,5.635533809661865,5.408979894757271,5.408979894757271,16900
2009-09-08,5.545856475830078,5.762970875016416,5.493937981504751,5.493937981504751,51400
2009-09-09,5.644975662231445,5.706334147161683,5.597776689170411,5.659135174100649,37500
2009-09-10,5.692172050476074,5.805448994236154,5.588334626968052,5.644973098848093,30400
2009-09-11,5.970645427703857,6.050883388877146,5.67801304876942,5.67801304876942,24200
2009-09-14,5.937605857849121,5.975364841832057,5.77240996533183,5.847928383420297,9300
2009-09-15,5.998963832855225,6.088641300011492,5.899846395407477,6.088641300011492,36600
2009-09-16,6.065042972564697,6.088642000764335,5.9470460310760656,6.0178440159202005,12800
2009-09-17,6.2679972648620605,6.27271725044487,5.961205403941021,5.961205403941021,36800
2009-09-18,6.093362331390381,6.277437732577047,6.055603343986342,6.206639293602497,23300
2009-09-21,5.899848937988281,6.060324901121203,5.899848937988281,6.013125929568196,29000
2009-09-22,5.899848937988281,6.088643923954805,5.8337704678386215,5.932887948001735,46700
2009-09-23,5.904566764831543,6.013123729513267,5.838488318858371,5.847928289764218,57900
2009-09-24,5.668574333190918,5.947047243915401,5.635534876752668,5.857369298026482,15400
2009-09-25,5.711052417755127,5.980085313012783,5.517537046473646,5.517537046473646,31900
2009-09-28,5.890406608581543,6.131120457040976,5.6260937339035,5.6260937339035,22100
2009-09-29,5.829049110412598,5.947046052322792,5.829049110412598,5.890407124098,33800
2009-09-30,5.932887554168701,6.20192095396564,5.767692064944579,5.928168017424891,7400
2009-10-01,5.522257328033447,5.8432091852589725,5.475058816756118,5.748811712581658,17400
2009-10-02,5.611936092376709,5.654414623754693,5.475059624275946,5.493939121595958,14800
2009-10-05,5.663853168487549,5.663853168487549,5.593055183930498,5.597774719477722,8000
2009-10-06,5.86680793762207,5.9281663997756215,5.7582505199280645,5.781849997698292,5900
2009-10-07,5.81960916519165,5.81960916519165,5.692172701418881,5.77713019389319,5100
2009-10-08,5.720491886138916,5.885687790532337,5.701612392790178,5.885687790532337,31600
2009-10-09,5.876236438751221,5.876236438751221,5.623032886302522,5.67080689218492,11500
2009-10-12,5.947896480560303,6.038667848041358,5.8619031050020185,5.957451553183967,5400
2009-10-13,5.981338977813721,6.1151068097118015,5.981338977813721,6.067332356228438,33600
2009-10-14,6.15810489654541,6.15810489654541,6.095998277463373,6.10555289660851,2400
2009-10-15,5.990894317626953,6.2011009359599125,5.990894317626953,6.2011009359599125,22000
2009-10-16,5.9717864990234375,6.062557453339687,5.885792627641932,5.924012024786789,20300
2009-10-19,6.1389946937561035,6.1389946937561035,5.919233004302451,5.971784544272084,9800
2009-10-20,6.143772602081299,6.143772602081299,6.1246629071918965,6.138995520067247,3100
2009-10-21,6.416085720062256,6.425640338802405,6.186768947355393,6.186768947355393,12200
2009-10-22,6.406530857086182,6.420863013474787,6.29665023208848,6.406530857086182,15800
2009-10-23,6.22976541519165,6.392198022396269,6.153326648415591,6.392198022396269,40900
2009-10-26,5.9717864990234375,6.172438561839518,5.752024737634929,6.019560973260086,32100
2009-10-27,5.86668062210083,5.9144550775510165,5.651696483796937,5.909677540883803,26100
2009-10-28,5.81412935256958,5.885790583424451,5.637364588264702,5.747245202990304,62800
2009-10-29,5.718581676483154,5.83801738134765,5.6660296747517,5.81413014925254,6100
2009-10-30,5.546593189239502,5.73769056349359,5.4797094955199155,5.728135489755939,9300
2009-11-02,5.8523478507995605,5.8523478507995605,5.551369906656558,5.6564734242011605,5700
2009-11-03,5.637365818023682,5.752023994647896,5.603923508133298,5.752023994647896,61000
2009-11-04,5.675583839416504,5.699471067679876,5.623032301725873,5.689915994130134,40700
2009-11-05,5.44149112701416,5.709026863028825,5.255171254867067,5.623033461401079,80800
2009-11-06,5.489264011383057,5.580035387755725,5.431934936858154,5.470154319874756,20500
2009-11-09,5.651696681976318,5.651696681976318,5.494041611317817,5.556148223336467,21400
2009-11-10,5.756799221038818,5.804573214310585,5.565701881119023,5.565701881119023,12600
2009-11-11,5.728135585784912,5.852348812790785,5.718580967498076,5.718580967498076,15000
2009-11-12,5.728135585784912,5.728135585784912,5.618254969625794,5.728135585784912,7100
2009-11-13,5.656473159790039,5.732911912390839,5.5227053427386394,5.704247152360087,17900
2009-11-16,5.7090253829956055,5.7090253829956055,5.6182544671395425,5.6182544671395425,4400
2009-11-17,5.756799221038818,5.785463525879696,5.752021685028368,5.766353837448808,54000
2009-11-18,5.713805675506592,5.737692914025493,5.685140898161675,5.732915375199476,20800
2009-11-19,5.680362701416016,5.756801485203133,5.651697929690301,5.666030087747614,58200
2009-11-20,5.704248428344727,5.804574427477948,5.627809658645321,5.627809658645321,12400
2009-11-23,5.871459007263184,5.990894707537545,5.8045748510895665,5.8045748510895665,11400
2009-11-24,5.809352397918701,5.971785023454428,5.809352397918701,5.876236554201365,47300
2009-11-25,5.976562023162842,5.976562023162842,5.8857906438300285,5.8905681807656505,58800
2009-11-27,6.086440086364746,6.086440086364746,5.771130070630648,5.809349438864429,2300
2009-11-30,5.809352397918701,5.9096784045371775,5.809352397918701,5.885791173321151,35400
2009-12-01,5.904901027679443,5.990894880150215,5.828462250199226,5.90012394579522,10700
2009-12-02,6.119882106781006,6.282314186842821,5.9001205212729175,5.9001205212729175,44200
2009-12-03,6.306203842163086,6.339646142533842,6.067332481053795,6.115106935520039,18500
2009-12-04,6.449527263641357,6.449527263641357,6.229765575692841,6.258430341777865,10900
2009-12-07,6.296650409698486,6.4447504263172934,6.296650409698486,6.4447504263172934,12200
2009-12-08,6.043446063995361,6.258430682302988,6.043446063995361,6.229765914658296,53500
2009-12-09,5.924010753631592,6.091220921969288,5.895346439729221,6.091220921969288,41000
2009-12-10,5.9717864990234375,6.03389313328662,5.823685993378749,5.9717864990234375,30000
2009-12-11,5.881014347076416,6.0338919045233155,5.881014347076416,6.019559747415434,10800
2009-12-14,6.105552673339844,6.153327134151632,5.990894514124782,6.010004207327293,17400
2009-12-15,6.449527263641357,6.511633877149742,6.048223272117024,6.158104343896782,121800
2009-12-16,6.6645121574401855,6.841276943768157,6.588073380175231,6.6024055370096475,279900
2009-12-17,6.583293914794922,6.7027295831977876,6.5450745373548775,6.7027295831977876,178900
2009-12-18,6.697955131530762,6.697955131530762,6.425641390879457,6.688400055615128,207800
2009-12-21,6.69317626953125,7.643884265735456,6.564185503853681,6.712285961971149,9600
2009-12-22,6.6884002685546875,6.7839487526975315,6.640625798677709,6.650180874897549,27100
2009-12-23,6.6884002685546875,6.745729359040394,6.578519625693193,6.745729359040394,12100
2009-12-24,6.592850685119629,6.807834852497337,6.592850685119629,6.60240530413522,13100
2009-12-28,6.592850685119629,7.0801481008017,6.521188992253036,6.592850685119629,79800
2009-12-29,6.444749355316162,6.678843185012135,6.411307509819872,6.635846721778752,17400
2009-12-30,6.406530857086182,6.497302243973102,6.377866544308971,6.4925247066398875,4900
2009-12-31,6.344423770904541,6.401752847843952,6.344423770904541,6.349201307885576,4300
2010-01-04,6.502079010009766,6.592850392489601,6.3062045449683515,6.4351953130362185,57500
2010-01-05,6.53074312210083,6.640623730744796,6.482968667101125,6.5211880488565015,18400
2010-01-06,6.583293914794922,6.721839271917809,6.568961762157635,6.611958675680413,22500
2010-01-07,6.740949630737305,6.8173888488269245,6.549852724540663,6.631069023576976,32200
2010-01-08,6.846054553985596,6.975045333698952,6.678844385233702,6.678844385233702,54700
2010-01-11,6.736174583435059,6.812613368990509,6.707509811046214,6.812613368990509,10600
2010-01-12,6.664697170257568,6.74196894674675,6.490835212580792,6.74196894674675,12300
2010-01-13,6.437709331512451,6.577764505649349,6.350778374952997,6.57293490571249,21100
2010-01-14,6.29765510559082,6.379756474575124,6.26384882209472,6.350779331166988,86200
2010-01-15,6.2735090255737305,6.3749283602849625,6.075499957941368,6.3749283602849625,81300
2010-01-19,6.133450984954834,6.273506148606622,6.133450984954834,6.273506148606622,81200
2010-01-20,6.191406726837158,6.191406726837158,6.061010721715845,6.061010721715845,36100
2010-01-21,6.104475021362305,6.201064721265375,5.945101901378234,6.118963361203761,41800
2010-01-22,5.901637077331543,6.056180614356242,5.863001193075369,6.056180614356242,59500
2010-01-25,5.8388543128967285,6.027204154876544,5.795388823031811,6.027204154876544,48600
2010-01-26,5.747092247009277,5.853341143606922,5.708456368351226,5.853341143606922,74900
2010-01-27,5.558743953704834,5.780900546224892,5.524937205324391,5.674651620956309,97500
2010-01-28,5.747092247009277,5.949930840252052,5.636014211011379,5.640843810987636,257700
2010-01-29,5.829195976257324,6.104477299430557,5.790560081877957,6.104477299430557,150400
2010-02-01,5.964420318603516,6.0851575682871815,5.891977692447682,5.925784435550827,17900
2010-02-02,6.070670127868652,6.138283168658999,5.916126561006328,6.017545891903768,101400
2010-02-03,5.988568305969238,6.138282720877726,5.920955730687317,6.036863397378718,16700
2010-02-04,5.8340253829956055,5.959592265815249,5.7905598881291,5.877490877862111,20100
2010-02-05,5.790558338165283,5.838853421884474,5.698798231790083,5.838853421884474,19300
2010-02-08,5.920956134796143,5.954762424744403,5.71328787236847,5.751923763902527,15400
2010-02-09,5.988568305969238,6.0513517405711115,5.858172296085443,5.920955730687317,4500
2010-02-10,6.094817161560059,6.143112252421483,5.974079894982618,5.974079894982618,18900
2010-02-11,6.326632022857666,6.326632022857666,6.099645866098294,6.138281748877414,18800
2010-02-12,6.249358177185059,6.316971184814449,6.181745630131601,6.273505712808122,22400
2010-02-16,6.321804523468018,6.360440419088083,6.278339025751392,6.326634125564577,46600
2010-02-17,6.283167839050293,6.370098362993959,6.239702346790386,6.307315385925369,7300
2010-02-18,6.283167839050293,6.466688550494263,6.259020292175217,6.365269222079863,14300
2010-02-19,6.230041027069092,6.3218015819022595,6.138280932811916,6.138280932811916,20900
2010-02-22,6.399074554443359,6.399074554443359,6.157600042954931,6.205895129483048,4400
2010-02-23,6.2010650634765625,6.341120251209087,6.176917522024187,6.283166428069013,13900
2010-02-24,6.278337001800537,6.2831666023401755,6.109304667521638,6.278337001800537,80800
2010-02-25,6.133450984954834,6.49566266273456,6.085156370929783,6.3169716236323445,70100
2010-02-26,6.14794397354126,6.196239084673732,6.099649322985101,6.1141376720943175,17000
2010-03-01,6.114135265350342,6.273508424545644,6.094817320616855,6.273508424545644,26700
2010-03-02,6.027203559875488,6.181747559758298,5.964420592464187,6.089986987862868,42100
2010-03-03,6.326632022857666,6.379756246534943,6.104475466589697,6.3507791041625765,110700
2010-03-04,6.795092582702637,6.8868531546775875,6.326632363629113,6.326632363629113,203400
2010-03-05,7.012420654296875,7.104180774116651,6.7323097724905505,6.886853786689922,52100
2010-03-08,7.123497486114502,7.123497486114502,6.944806418003127,6.964124358864464,42500
2010-03-09,7.422926425933838,7.451903569958306,7.123498087036029,7.123498087036029,132000
2010-03-10,7.345654487609863,7.456732539242947,7.205599292616458,7.311848204169545,68900
2010-03-11,7.176623344421387,7.3166785627390105,7.176623344421387,7.297360617473688,11400
2010-03-12,7.210428237915039,7.2394049180655955,7.171792357330281,7.19111029762266,8000
2010-03-15,7.041398525238037,7.292532302712675,7.041398525238037,7.1814537594216015,13100
2010-03-16,7.075205326080322,7.229749377381338,7.055887377239724,7.055887377239724,55000
2010-03-17,7.084861755371094,7.2345756850928655,7.012419590741341,7.094520495719571,24500
2010-03-18,7.05588436126709,7.171792465343059,7.0269076806801225,7.08969110271993,27800
2010-03-19,7.099350929260254,7.171793562966891,7.002761211560842,7.099350929260254,18200
2010-03-22,7.224917888641357,7.249065433531373,7.0848626809705975,7.17179365834421,16000
2010-03-23,7.2538933753967285,7.287699654164365,7.09451979980757,7.19110995727397,38800
2010-03-24,7.2925310134887695,7.340825643297128,7.195940832719819,7.268383468296531,28000
2010-03-25,7.089691638946533,7.355313226913417,7.089691638946533,7.292530260701073,6900
2010-03-26,7.113839626312256,7.220088551364919,7.060715394073989,7.089692541116033,65400
2010-03-29,7.157304286956787,7.244235257430294,7.05588497492972,7.123498003139789,47000
2010-03-30,7.234576225280762,7.234576225280762,7.152475314172259,7.16213405524193,43400
2010-03-31,7.258723258972168,7.278041200330719,7.133156870429615,7.157303951695765,17700
2010-04-01,7.200769424438477,7.364972156035703,7.181451483107983,7.28287079023709,7300
2010-04-05,7.307018756866455,7.364972584227311,7.258723670444369,7.316677497805225,30700
2010-04-06,7.307018756866455,7.340825041016268,7.249064929505599,7.258723670444369,36600
2010-04-07,7.268381595611572,7.316676212976913,7.186280239456895,7.311847073643577,46700
2010-04-08,7.239406585693359,7.311849223909269,7.205600297538282,7.26838373309495,83300
2010-04-09,7.37946081161499,7.37946081161499,7.210428932908166,7.258723558006086,55000
2010-04-12,7.43798828125,7.477007198956658,7.374582423691134,7.398969363543342,52400
2010-04-13,7.3453192710876465,7.428234131423204,7.267280961999771,7.379460711528302,45800
2010-04-14,7.340442180633545,7.345319662425565,7.286790811205846,7.330687217049503,19000
2010-04-15,7.716000080108643,7.716000080108643,7.32581080726905,7.32581080726905,36900
2010-04-16,7.681857109069824,7.842810268429433,7.608696751230806,7.7257535098301195,30400
2010-04-19,7.56480073928833,7.779404807750688,7.56480073928833,7.608697142304825,16900
2010-04-20,7.633083820343018,7.803791955424835,7.594064897777273,7.608697342596113,44400
2010-04-21,7.501397132873535,7.686737298526865,7.48188766623331,7.681859815581215,44300
2010-04-22,7.686734676361084,7.69648917378247,7.398969792725835,7.4672531352444045,22600
2010-04-23,7.594064712524414,7.7208764403407075,7.5843102146920565,7.6916124817014,10600
2010-04-26,7.574556827545166,7.716000564107383,7.540415380315699,7.594066292410909,29500
2010-04-27,7.3014235496521,7.652593880212369,7.2136307344408905,7.535537103358946,31800
2010-04-28,7.267279624938965,7.330685477764712,7.0624300896995225,7.247770167541978,45200
2010-04-29,7.320932865142822,7.535536951722315,7.306300419473879,7.306300419473879,82700
2010-04-30,7.389215469360352,7.555046126148912,7.272158699324517,7.345319529453605,111700
2010-05-03,7.257528305053711,7.40872654976642,7.242896321887852,7.40872654976642,17900
2010-05-04,7.0673112869262695,7.2624064286358765,6.906358062472724,7.2624064286358765,36700
2010-05-05,6.96976375579834,6.994150705980085,6.725895184265658,6.725895184265658,28100
2010-05-06,6.642979145050049,7.0136594470409666,6.501535406809086,7.0136594470409666,21200
2010-05-07,6.6576104164123535,6.872214974700569,6.530799139397269,6.681997361464508,20600
2010-05-10,6.989271640777588,7.140470325564168,6.935620734636431,6.940497751454877,46700
2010-05-11,7.0721869468688965,7.218508149142916,7.023413057730131,7.033168021614795,35300
2010-05-12,7.0721869468688965,7.09657389143828,7.008781077045412,7.028290539672462,26200
2010-05-13,7.052678108215332,7.072187572568449,7.023413679114497,7.072187572568449,50300
2010-05-14,6.950252532958984,6.955130014791696,6.803931333973499,6.901478644916399,11200
2010-05-17,6.716140270233154,6.950253861238106,6.613715457882898,6.950253861238106,11300
2010-05-18,6.584451198577881,6.877093660127179,6.584451198577881,6.789300828633915,20900
2010-05-19,6.413741111755371,6.584449241100042,6.243033447552931,6.584449241100042,30700
2010-05-20,5.974778652191162,6.418619277645455,5.784561041935487,6.418619277645455,54200
2010-05-21,6.282053470611572,6.306440416958337,6.0186754733796075,6.0186754733796075,37500
2010-05-24,6.213770866394043,6.267422247882891,6.155242467159056,6.267422247882891,24500
2010-05-25,6.155241012573242,6.155241012573242,5.98941035469147,6.145486514243746,15200
2010-05-26,6.2430338859558105,6.340581195941848,6.135731612400037,6.135731612400037,13100
2010-05-27,6.6576104164123535,6.6576104164123535,6.223524748081612,6.3454590082000975,31500
2010-05-28,6.579573154449463,6.633224531404394,6.452761400918955,6.574695671973136,15900
2010-06-01,6.438128471374512,6.711261403011778,6.350336125429392,6.535675780837013,37800
2010-06-02,6.482024669647217,6.530798555389992,6.394231861367121,6.443005747109896,25000
2010-06-03,6.433250427246094,6.482024310284852,6.399108988204295,6.482024310284852,24300
2010-06-04,6.228402137756348,6.443006227719801,6.179628248375331,6.355213412890883,38700
2010-06-07,6.296684741973877,6.340581147417219,6.233278874682633,6.330826183922138,8100
2010-06-08,6.37960147857666,6.37960147857666,6.218648266536516,6.218648266536516,8900
2010-06-09,6.306440353393555,6.369846227199127,6.2625439434402885,6.369846227199127,8200
2010-06-10,6.555186748504639,6.633225079142886,6.379601551138911,6.462516899513874,27400
2010-06-11,6.681997299194336,6.681997299194336,6.579572503043623,6.603959447868514,16900
2010-06-14,6.828319549560547,6.896602912507401,6.78442313517631,6.78442313517631,31900
2010-06-15,6.891725540161133,6.940498972925283,6.750281794403078,6.940498972925283,39100
2010-06-16,6.857583045959473,6.881969526055087,6.823441136569486,6.838073582797605,27000
2010-06-17,6.950252532958984,6.950252532958984,6.750280429240471,6.9404975692935595,38500
2010-06-18,6.974639892578125,7.04780026385914,6.891724557050416,7.04780026385914,21300
2010-06-21,6.911233901977539,6.984394272004951,6.867337493904176,6.984394272004951,6900
2010-06-22,6.72589635848999,7.028293384166682,6.706386887967057,7.028293384166682,12200
2010-06-23,6.6576104164123535,6.803931621582993,6.486902731331848,6.6868748435033964,13900
2010-06-24,6.555186748504639,6.847829209256554,6.486903848766929,6.847829209256554,188800
2010-06-25,6.681997299194336,6.735648670837552,6.4430062632234355,6.4430062632234355,13000
2010-06-28,6.70638370513916,6.7795440685928705,6.681996762273841,6.7795440685928705,4900
2010-06-29,6.301563262939453,6.50641287869618,6.243034867743579,6.50641287869618,18500
2010-06-30,6.189383029937744,6.394232630469235,6.189383029937744,6.262543867351735,17700
2010-07-01,6.467392921447754,6.467392921447754,5.999165369099901,6.116222140901298,39800
2010-07-02,6.4722700119018555,6.50153397051173,6.413741164397636,6.443005588149746,13000
2010-07-06,6.399109363555908,6.594204442012384,6.335703497943221,6.5405530744942855,8300
2010-07-07,6.408863544464111,6.5259202981635545,6.301561287668525,6.4137405603449436,6900
2010-07-08,6.477147579193115,6.477147579193115,6.330826378270843,6.403987211303117,28900
2010-07-09,6.457638740539551,6.560063544564917,6.423497294245202,6.491780651976219,2100
2010-07-12,6.552443504333496,6.685763507024868,6.433936259725093,6.685763507024868,9200
2010-07-13,6.5968828201293945,6.616633947968846,6.522816208457457,6.54750523598278,3500
2010-07-14,6.577132225036621,6.577132225036621,6.419123189522298,6.49318980719362,3400
2010-07-15,6.552443504333496,6.596883191294581,6.463563188603208,6.596883191294581,7100
2010-07-16,6.532690048217773,6.567254867238007,6.493187801540872,6.55244164246015,16100
2010-07-19,6.49318790435791,6.582068196240288,6.404308083379466,6.577130297601504,4200
2010-07-20,6.616634845733643,6.690701938359257,6.305554657779991,6.424061440896058,49900
2010-07-21,6.6462602615356445,6.6462602615356445,6.414184177671475,6.4438111021472375,16000
2010-07-22,6.567257404327393,6.646261928202543,6.503066110952805,6.646261928202543,24800
2010-07-23,6.552443504333496,6.557380933393133,6.438874159688789,6.512940775527989,21100
2010-07-26,6.745018005371094,7.154854351812531,6.468502154494627,6.527755551111012,36500
2010-07-27,6.6462602615356445,6.70057574035322,6.606758009503954,6.70057574035322,59200
2010-07-28,6.715392112731934,6.715392112731934,6.522818204198753,6.522818204198753,5800
2010-07-29,6.666011810302734,6.9326522638786825,6.56231827441742,6.9326522638786825,17500
2010-07-30,6.621572971343994,6.666013134250321,6.433936989575121,6.448750691146638,10300
2010-08-02,6.641322612762451,6.764767272742809,6.621571486001754,6.735140818053766,37900
2010-08-03,6.616634845733643,6.661075007128192,6.601821615570159,6.616634845733643,27100
2010-08-04,6.6561360359191895,6.7400784448475966,6.626509580358587,6.626509580358587,148600
2010-08-05,6.631448745727539,6.6511998768393665,6.596883913103758,6.646261976335381,79500
2010-08-06,6.512940883636475,6.616634430075002,6.512940883636475,6.616634430075002,16000
2010-08-09,6.404310703277588,6.804271238557692,6.23642584811147,6.5475065260538425,19500
2010-08-10,6.290740966796875,6.389496619551909,6.275927736609645,6.389496619551909,25300
2010-08-11,5.950033664703369,6.201860924688524,5.885842374653972,6.201860924688524,151200
2010-08-12,5.979660511016846,5.979660511016846,5.69326887282505,5.831527262293175,14500
2010-08-13,5.940157890319824,5.950033690787988,5.910531430723504,5.940157890319824,5000
2010-08-16,5.999411106109619,6.0290380357492435,5.905593358908272,5.910531258998888,109000
2010-08-17,6.221611976623535,6.290740695114502,5.969784719795956,6.024100208739441,98400
2010-08-18,6.295679092407227,6.325306024745776,6.14260747198226,6.14260747198226,11400
2010-08-19,6.098168849945068,6.2512400263270465,6.098168849945068,6.2512400263270465,4100
2010-08-20,6.157421112060547,6.206798704259119,6.043851755286023,6.108043048957866,4600
2010-08-23,6.12779426574707,6.261114755447022,6.12779426574707,6.187047659756788,8000
2010-08-24,6.112981796264648,6.1524840638572975,6.019163557553975,6.029039359904225,8900
2010-08-25,6.122856616973877,6.122856616973877,6.033976757756399,6.093230154202763,7500
2010-08-26,5.994473934173584,6.162358306322578,5.945095872956526,6.162358306322578,5300
2010-08-27,6.0241007804870605,6.117919008634918,5.989536417961072,5.994474318580248,25700
2010-08-30,5.875966548919678,5.959908968553165,5.875966548919678,5.959908968553165,15300
2010-08-31,5.910531520843506,6.024100402534503,5.856215559248602,5.920406850558157,15000
2010-09-01,6.093229293823242,6.093229293823242,5.93028235887823,5.9599088174660135,13800
2010-09-02,6.014224529266357,6.033975657814685,5.8809040583871095,6.033975657814685,7800
2010-09-03,5.703144073486328,6.068540198104511,5.703144073486328,6.068540198104511,24200
2010-09-07,5.787088394165039,5.950035380943462,5.668581109404553,5.777212590891574,26600
2010-09-08,5.722896099090576,5.801900628042665,5.683393834614531,5.683393834614531,16300
2010-09-09,5.940157890319824,5.945095790553906,5.742646589997403,5.811775780562293,75100
2010-09-10,5.935219764709473,5.979659448890587,5.925343965399872,5.925343965399872,35700
2010-09-13,6.004349708557129,6.0191629396576785,5.925345181482029,5.935220982818479,53200
2010-09-14,6.112981796264648,6.157421965032422,5.885843522154828,5.974723859690376,64200
2010-09-15,6.236425876617432,6.275928140260123,6.122856515466601,6.162358779109291,21800
2010-09-16,6.216674327850342,6.216674327850342,6.112980775016863,6.201861097703873,1000
2010-09-17,6.290740966796875,6.290740966796875,6.196923214405617,6.196923214405617,1200
2010-09-20,6.438874244689941,6.498127632324332,6.26111408178677,6.2907405401519325,24100
2010-09-21,6.601820468902588,6.656135950670727,6.438873552694157,6.438873552694157,46800
2010-09-22,6.754892349243164,6.799332504841454,6.641323010391531,6.641323010391531,37500
2010-09-23,6.759831428527832,6.789458363128401,6.685764798382637,6.720329162996508,46700
2010-09-24,6.962281703948975,6.967219134370718,6.819085861826254,6.819085861826254,107500
2010-09-27,6.962281703948975,6.967219134370718,6.873401363698945,6.967219134370718,31400
2010-09-28,7.026469707489014,7.065972431281609,6.962278899723045,6.962278899723045,38600
2010-09-29,7.159790515899658,7.18447954289391,7.011656824838171,7.011656824838171,55800
2010-09-30,7.209167957305908,7.233856511298285,7.149914109193054,7.15978990751319,125900
2010-10-01,7.406681537628174,7.5202504285044895,7.228921350250585,7.228921350250585,48300
2010-10-04,7.411620140075684,7.411620140075684,7.352366738672989,7.406682238899416,56400
2010-10-05,7.411620140075684,7.470873541478378,7.396806436546879,7.411620140075684,95900
2010-10-06,7.554813861846924,7.554813861846924,7.431369192440615,7.431369192440615,206100
2010-10-07,7.589377403259277,7.604190630143507,7.485683873261684,7.485683873261684,318000
2010-10-08,7.727635860443115,7.732573760072737,7.554813611542614,7.554813611542614,170500
2010-10-11,7.549876689910889,7.742450562275559,7.490623299391933,7.742450562275559,387400
2010-10-12,7.5408935546875,7.685622799749443,7.520930916608157,7.6656601616701,39200
2010-10-13,7.6307244300842285,7.68562155693852,7.580817604982687,7.610761795232963,10900
2010-10-14,7.660670757293701,7.660670757293701,7.495978854842941,7.580819719667278,162900
2010-10-15,7.5858073234558105,7.660667550655192,7.515938349205751,7.660667550655192,31300
2010-10-18,7.535902976989746,7.6506880227684215,7.386182958887581,7.39117373721191,55000
2010-10-19,7.481006145477295,7.481006145477295,7.351248751228487,7.3662210877588725,3100
2010-10-20,7.291361331939697,7.490988215818051,7.261417608723429,7.451062934231761,14300
2010-10-21,7.296350479125977,7.326294671591428,7.196537297485792,7.241453348210573,18400
2010-10-22,7.326295375823975,7.326295375823975,7.116687436257846,7.161603491300136,14900
2010-10-25,7.436089515686035,7.441080294145532,7.241453915233935,7.241453915233935,8300
2010-10-26,7.466034412384033,7.466034412384033,7.3662212135447165,7.436090214758801,3000
2010-10-27,7.4310994148254395,7.436089717473525,7.38618335936477,7.38618335936477,2500
2010-10-28,7.500969886779785,7.520932529139233,7.376203253046503,7.476016464843742,4900
2010-10-29,7.535902976989746,7.600781191418761,7.436089314290425,7.436089314290425,3600
2010-11-01,7.705584526062012,7.735528717611284,7.5159397247214805,7.605771347475739,7700
2010-11-02,7.73552942276001,7.820370751278929,7.700594926056979,7.820370751278929,2000
2010-11-03,7.680633068084717,7.815380766149254,7.640707788958419,7.815380766149254,126300
2010-11-04,7.73552942276001,7.8153799729079765,7.6456973158701365,7.7554920602970014,41500
2010-11-05,7.72055721282959,7.730538293171209,7.700594576199551,7.700594576199551,40000
2010-11-08,7.805397987365723,7.805397987365723,7.645696429634456,7.7055843353036435,49900
2010-11-09,7.71057653427124,7.835343146398435,7.71057653427124,7.755492590788527,19100
2010-11-10,7.675640106201172,7.740518785316171,7.625733283513717,7.690611962628715,16500
2010-11-11,7.505958557128906,7.685622287877155,7.505958557128906,7.645697014377545,5000
2010-11-12,7.4909892082214355,7.565849002126403,7.4909892082214355,7.530914495097013,7200
2010-11-15,7.505958557128906,7.610762519052085,7.476014364030796,7.490986698553253,5400
2010-11-16,7.391174793243408,7.50595985542227,7.331286396688393,7.50595985542227,18000
2010-11-17,7.306331634521484,7.446070081153287,7.296350078931543,7.446070081153287,23100
2010-11-18,7.406145095825195,7.46104222584312,7.351247489860485,7.351247489860485,11600
2010-11-19,7.500969886779785,7.505960666356382,7.4211193173419945,7.4311008764951865,13800
2010-11-22,7.55087423324585,7.55087423324585,7.331284763972879,7.351247399729805,29200
2010-11-23,7.366219520568848,7.416125870545108,7.236462153926392,7.416125870545108,32900
2010-11-24,7.545884132385254,7.545884132385254,7.381192253626699,7.38618303200043,10400
2010-11-26,7.451061725616455,7.610762826056962,7.381192256200322,7.436089390490041,17100
2010-11-29,7.520933151245117,7.610765287266707,7.321306711138223,7.436091795212943,43000
2010-11-30,7.5658440589904785,7.730535878737757,7.4310964228093646,7.4310964228093646,10300
2010-12-01,7.61575174331665,7.710574129544071,7.550873068130856,7.705583352388231,24900
2010-12-02,7.685622692108154,7.700595027418092,7.376201568238535,7.436089481637801,11800
2010-12-03,7.700594902038574,7.715566761157914,7.565846742124048,7.570837520479435,52300
2010-12-06,7.705584526062012,7.7455102734432995,7.670650032543511,7.7455102734432995,10200
2010-12-07,7.690611839294434,7.775453150934468,7.665658428350883,7.735527883803479,37500
2010-12-08,7.73552942276001,7.7554920602970014,7.680632288519988,7.695604147686026,11900
2010-12-09,7.73552942276001,7.775454697833993,7.635716235075051,7.775454697833993,29500
2010-12-10,7.860296249389648,7.860296249389648,7.715567004153046,7.715567004153046,44000
2010-12-13,7.990053653717041,8.01500659444455,7.855305489243681,7.860296267767917,68100
2010-12-14,7.9850616455078125,8.08986512269621,7.930164518035781,7.9750800899964815,91200
2010-12-15,7.940146446228027,8.054931491195763,7.940146446228027,8.054931491195763,89000
2010-12-16,8.034971237182617,8.05493340318366,7.9850643943392265,7.9850643943392265,200900
2010-12-17,8.044951438903809,8.04994126564187,7.970091187268046,8.005026161743475,5200
2010-12-20,8.02498722076416,8.084875604215537,7.990052727039842,8.054930936543068,11000
2010-12-21,8.064916610717773,8.069907391211686,7.980075246109352,8.024991318660518,1800
2010-12-22,8.119810104370117,8.124800882319482,8.029978005068696,8.029978005068696,14400
2010-12-23,8.11482048034668,8.11482048034668,8.064913645649863,8.109829701687628,8300
2010-12-27,8.049939155578613,8.129790640862174,8.034967775501368,8.039958552824931,3600
2010-12-28,7.955118179321289,8.129792085048214,7.930165240164249,8.129792085048214,6700
2010-12-29,7.975080966949463,8.064913072642476,7.935155692407417,7.960109107982899,57800
2010-12-30,7.810389041900635,7.975080917348992,7.78543610242716,7.975080917348992,9200
2010-12-31,7.715564727783203,7.805396810718368,7.715564727783203,7.745508914077156,4200
2011-01-03,7.830349922180176,7.905210151644917,7.705583349018978,7.825359620973224,16100
2011-01-04,7.810389041900635,7.875267731614656,7.750501130460034,7.78543610242716,19800
2011-01-05,7.840332508087158,7.865285921192009,7.775453824393253,7.790425681877456,141200
2011-01-06,7.810389041900635,7.855305094467789,7.760482687006873,7.820370598447474,16200
2011-01-07,7.815380096435547,7.855305372140577,7.77046404228068,7.820370874885382,25800
2011-01-10,7.7954182624816895,7.8353435423039945,7.725548784819216,7.8353435423039945,15800
2011-01-11,7.8353447914123535,7.850316654745809,7.780447641891716,7.795419505225171,11600
2011-01-12,8.017888069152832,8.05822960683868,7.901906268533284,7.927119849814205,65800
2011-01-13,8.022932052612305,8.043102824399341,7.96746255042524,7.972505363599282,21900
2011-01-14,8.027974128723145,8.058230043171278,7.93720542356056,8.058230043171278,10600
2011-01-18,7.992673873901367,8.038057736899223,7.9573746725799275,8.007801828233985,57000
2011-01-19,8.058229446411133,8.058229446411133,7.8666073866728,8.017887909528426,7700
2011-01-20,7.7607102394104,7.962417911017764,7.740539472249665,7.932161519822148,8600
2011-01-21,7.715325355529785,7.770794841129887,7.695154589774385,7.770794841129887,6000
2011-01-24,7.770794868469238,7.790965634295603,7.710282570990143,7.710282570990143,6200
2011-01-25,7.740540027618408,7.760710796226358,7.695155678023257,7.760710796226358,32700
2011-01-26,7.881735801696777,7.957376067528804,7.765753515724045,7.801052723233528,73400
2011-01-27,7.896862030029297,7.901904841556631,7.770794627299815,7.851477688101247,7200
2011-01-28,7.775841236114502,7.816182786215783,7.715328910962582,7.780884050104465,49200
2011-01-31,7.649771213531494,7.846436565186961,7.6195148206194805,7.811137359971436,7500
2011-02-01,7.896862030029297,7.982587902358063,7.609428505696951,7.649770036097667,20800
2011-02-02,7.685070514678955,7.957376147690129,7.654814600404984,7.957376147690129,14300
2011-02-03,7.589259147644043,7.796009649509191,7.584216335181706,7.7354973426883475,72700
2011-02-04,7.493448734283447,7.654815390397987,7.493448734283446,7.654815390397987,20600
2011-02-07,7.513617038726807,7.538830615549846,7.4178060238900345,7.538830615549846,8300
2011-02-08,7.589259147644043,7.6094299165843235,7.412764558734783,7.4732768655556265,21300
2011-02-09,7.528746128082275,7.579172805204588,7.503532549066609,7.538831271143129,46600
2011-02-10,7.372422218322754,7.45814809721445,7.321995541915824,7.453105285301053,21800
2011-02-11,7.437978744506836,7.46823514083026,7.352252849317758,7.417807973927589,5400
2011-02-14,7.453106880187988,7.548918403409142,7.402680192990275,7.412765338066171,7100
2011-02-15,7.367380142211914,7.382508579463027,7.090032192001685,7.090032192001685,3100
2011-02-16,7.417806625366211,7.453105347235291,7.306867166894652,7.402678670409322,15600
2011-02-17,7.564046382904053,7.564046382904052,7.352253045710009,7.352253045710009,21500
2011-02-18,7.42789363861084,7.629601839429159,7.427893638610839,7.624559026204145,35500
2011-02-22,7.03960657119751,7.311912249529841,6.979094251669122,7.105161704247222,171200
2011-02-23,7.261484622955322,7.261484622955322,6.878239956526653,7.024478173154351,15700
2011-02-24,7.140458583831787,7.432934959430448,7.120287815890812,7.296782396056126,7400
2011-02-25,7.185842990875244,7.236270151595881,7.1001171061955874,7.195928615382989,45000
2011-02-28,7.221141338348389,7.281653639512819,7.1707146611658725,7.281653639512819,33100
2011-03-01,7.513617038726807,7.685068784032695,7.206012748030875,7.246354278584145,157300
2011-03-02,7.468233585357666,7.669941249138769,7.38755003893622,7.629599716382549,28800
2011-03-03,7.483361721038818,7.513617630883786,7.327037917143101,7.422849420439868,37400
2011-03-04,7.473278522491455,7.498492109484297,7.427894162086176,7.448065416407787,13400
2011-03-07,7.367380142211914,7.493447567183494,7.3371242295278085,7.468234466916427,24000
2011-03-08,7.377466201782227,7.417807741677637,7.286697496563009,7.377466201782227,45100
2011-03-09,7.448064804077148,7.543875849681987,7.362338903894808,7.4329363645797,11300
2011-03-10,7.337122917175293,7.6043856756566255,7.271567810206481,7.357293682326545,46200
2011-03-11,7.458148956298828,7.6648994594730135,7.3018251353400885,7.3018251353400885,33000
2011-03-14,7.513617038726807,7.528745473366017,7.256439901676952,7.367378870243957,12800
2011-03-15,7.42789363861084,7.574132336681419,7.115246432297038,7.316954633115358,71300
2011-03-16,7.135416030883789,7.463191622970625,7.115245262209912,7.463191622970625,54900
2011-03-17,7.306868076324463,7.337124470913039,7.120288338937294,7.256441393222271,32400
2011-03-18,7.311910629272461,7.382508560199594,7.291739860566002,7.352252166685377,91600
2011-03-21,7.342166423797607,7.377465145926902,7.24131210758416,7.362337190858493,19200
2011-03-22,7.3925933837890625,7.458148499471918,7.357294660309462,7.357294660309462,43300
2011-03-23,7.362336158752441,7.412762828880966,7.362336158752442,7.372421300414565,1600
2011-03-24,7.407720565795898,7.443019766497994,7.357293891935601,7.397635423387434,24500
2011-03-25,7.402680397033691,7.4531070856213395,7.3724239991538,7.397637583902188,3100
2011-03-28,7.407720565795898,7.41780618911335,7.3724218460027915,7.40267823504616,14400
2011-03-29,7.432936191558838,7.432936191558838,7.352253106420422,7.367381064656595,51500
2011-03-30,7.518661022186279,7.569088183692299,7.427892323839064,7.427892323839064,3900
2011-03-31,7.594300270080566,7.624556176303345,7.5035315895943135,7.5438731184973244,12100
2011-04-01,7.841394424438477,7.917034691832943,7.664899825972601,7.664899825972601,21300
2011-04-04,7.876692771911621,7.876692771911621,7.79096688318054,7.8565220028519,22200
2011-04-05,7.861565589904785,7.861565589904785,7.811138421832612,7.841394818857739,3300
2011-04-06,7.876692771911621,7.917034310031063,7.8413940462843765,7.861564815344098,47500
2011-04-07,7.826267242431641,7.927121102584803,7.664900585277442,7.927121102584803,28300
2011-04-08,7.871650218963623,7.881735844280562,7.765753557681194,7.836351492172509,62500
2011-04-11,7.9422478675842285,8.033016568533236,7.780881715594054,7.871649935633994,64700
2011-04-12,7.968742847442627,8.101215182427884,7.912696392345995,7.912696392345995,28000
2011-04-13,7.927982330322266,8.055359935022189,7.88722104978385,8.055359935022189,5600
2011-04-14,7.943267822265625,8.01969419375773,7.887221362991531,7.902507026015567,39400
2011-04-15,8.096120834350586,8.13688162950911,7.933077167809486,7.994218360547271,27400
2011-04-18,7.805698394775391,8.034978440656259,7.7955084404623145,7.963646816836996,24800
2011-04-19,7.973835468292236,7.973835468292236,7.851553121073639,7.851553121073639,81900
2011-04-20,8.27954387664795,8.396731033666695,7.984027887923227,7.994217843099782,13100
2011-04-21,8.305020332336426,8.432397950757622,8.28464041873237,8.305020332336426,4600
2011-04-25,8.223496437072754,8.305018012344282,8.10630929409666,8.289733324364517,12600
2011-04-26,8.305020332336426,8.422208479862647,8.136882400800062,8.136882400800062,17300
2011-04-27,8.43239688873291,8.4782529033343,8.310114507067203,8.330495389918479,13100
2011-04-28,8.442586898803711,8.641295637381168,8.442586898803711,8.508823792872153,23500
2011-04-29,8.559774398803711,8.559774398803711,8.233688051211638,8.437492018456684,10000
2011-05-02,8.325400352478027,8.427302825349686,8.289734778517149,8.427302825349686,8200
2011-05-03,8.152165412902832,8.48334693843924,8.096119450615618,8.310113345669947,21200
2011-05-04,8.192925453186035,8.20311589225723,8.014596656695142,8.040072268466252,9400
2011-05-05,8.192925453186035,8.192925453186033,8.131784276479497,8.131784276479497,1900
2011-05-06,8.299925804138184,8.391636869998534,8.254069785300974,8.391636869998534,6900
2011-05-09,8.503729820251465,8.503729820251465,8.305020080701539,8.335591407902497,37700
2011-05-10,8.65658187866211,8.661677099455941,8.47315781734021,8.508824362897023,23200
2011-05-11,8.75848388671875,8.8247198099001,8.626011068542098,8.651486199347092,12000
2011-05-12,8.789054870605469,8.86038601944439,8.580155673165185,8.748294075295512,32100
2011-05-13,8.676962852478027,8.987763549636353,8.66167718993686,8.855290723054933,62100
2011-05-16,8.814530372619629,8.875672054053734,8.544490456805308,8.61072638752937,13000
2011-05-17,9.048907279968262,9.094763306176326,8.783961566724836,8.794152010729789,19300
2011-05-18,8.941908836364746,9.074381682243043,8.941908836364746,9.064192210878673,39600
2011-05-19,9.171186447143555,9.171186447143555,8.926621708455059,9.028523197001658,81200
2011-05-20,9.0896635055542,9.176280292337486,8.926620370859482,9.176280292337486,5200
2011-05-23,8.870576858520508,9.023429604825308,8.80434092760551,9.023429604825308,12700
2011-05-24,8.79924488067627,8.870576026015529,8.60563038359261,8.870576026015529,20000
2011-05-25,8.789054870605469,8.814530003243936,8.73300841262402,8.73300841262402,12800
2011-05-26,8.855290412902832,8.93171775111783,8.829815281373817,8.850196164048208,9000
2011-05-27,8.96738338470459,8.96738338470459,8.885861797082965,8.885861797082965,11500
2011-05-31,9.074378967285156,9.12023497605471,8.896050152271764,8.901145372336588,36800
2011-06-01,9.008143424987793,9.196661716163078,8.992857764157135,8.992857764157135,89600
2011-06-02,9.048907279968262,9.06928719616394,8.982670365750291,9.018336919767629,9200
2011-06-03,9.171186447143555,9.171186447143555,9.00304806781848,9.00814328801789,13000
2011-06-06,9.104949951171875,9.120234638987593,9.03871306459102,9.120234638987593,19100
2011-06-07,9.247614860534668,9.308756544694178,9.018335731518233,9.018335731518233,21400
2011-06-08,9.186471939086914,9.298563865974437,9.166091058663438,9.283278205656828,11900
2011-06-09,9.222139358520508,9.23232980077705,9.191569003564938,9.191569003564938,2400
2011-06-10,9.069286346435547,9.176284054834172,9.013240853287828,9.176284054834172,46000
2011-06-13,8.840004920959473,9.089664880193816,8.687151230206643,9.018333740930828,18700
2011-06-14,8.96738338470459,9.008144178515403,8.880766576379866,8.982668074999905,35000
2011-06-15,8.962287902832031,9.018334357118896,8.824719863299158,8.896051007435927,18200
2011-06-16,8.580154418945312,9.008143193044827,8.549584069885025,8.941906302964686,23400
2011-06-17,8.722817420959473,8.727911669147261,8.371255015357475,8.727911669147261,11100
2011-06-20,8.610726356506348,8.85529113773353,8.590346443977776,8.748294410376909,24100
2011-06-21,8.778863906860352,8.804340009798105,8.682057631138765,8.71262798285011,14800
2011-06-22,8.75848388671875,8.789054238047532,8.666771860918457,8.68205752248982,8900
2011-06-23,8.63110637664795,8.748293534442364,8.483347895400591,8.666771948862428,10500
2011-06-24,8.661676406860352,8.71262763891055,8.585250044692016,8.671866847633176,13700
2011-06-27,8.636201858520508,8.692247342918703,8.56996496084902,8.631106637790856,14100
2011-06-28,8.697340965270996,8.697340965270996,8.585249045260612,8.692245745477733,7300
2011-06-29,8.661676406860352,8.763578870960748,8.60053473403733,8.615820395196566,41900
2011-06-30,8.840004920959473,9.166091239663286,8.722817771652023,9.166091239663286,20000
2011-07-01,9.0896635055542,9.17118507290156,8.875669148313948,9.17118507290156,8100
2011-07-05,9.517655372619629,9.680698561320032,9.013240143147483,9.013240143147483,21100
2011-07-06,9.604269981384277,9.670505897144958,9.54312831376271,9.54312831376271,3100
2011-07-07,9.43613338470459,9.634842141168651,9.39027736831842,9.634842141168651,16500
2011-07-08,9.446322441101074,9.680696737755008,9.41065589995411,9.431036780609519,5200
2011-07-11,9.30875301361084,9.415749705535369,9.30875301361084,9.39027458035726,3600
2011-07-12,9.077322006225586,9.324183791035235,9.020750126961833,9.324183791035235,7600
2011-07-13,9.25732707977295,9.355043584723111,9.077323301477918,9.349900507521346,6100
2011-07-14,9.308755874633789,9.370470832566921,9.252183012410441,9.370470832566921,4700
2011-07-15,9.411614418029785,9.411614418029785,9.247039889771143,9.252182966396921,800
2011-07-18,9.097894668579102,9.740764538132202,9.097894668579102,9.236753814886976,1100
2011-07-19,9.221325874328613,9.267612584960329,8.94360561053832,8.995035398011517,3000
2011-07-20,9.067036628723145,9.180182358810196,9.036179148218322,9.180182358810196,1700
2011-07-21,9.087608337402344,9.103037567108647,9.087608337402344,9.103037567108647,1100
2011-07-22,9.04132080078125,9.226467616525909,8.933319145557842,8.938461240713892,3100
2011-07-25,9.082464218139648,9.62247444362523,8.866459931757127,9.031034439297821,13900
2011-07-26,8.748172760009766,8.923033432158274,8.177304037351902,8.881889802296362,16600
2011-07-27,8.475595474243164,8.712172078170594,8.269877327963766,8.712172078170594,3100
2011-07-28,8.244163513183594,8.665885988250198,8.244163513183594,8.377880562999614,13100
2011-07-29,8.38302230834961,8.44988132093419,8.197875971283414,8.311021200281472,8500
2011-08-01,8.377881050109863,8.676172645983897,7.981872954276963,8.403595453863533,16600
2011-08-02,8.290450096130371,8.485882100776392,7.879012799649008,7.909870768549881,15700
2011-08-03,7.981871604919434,8.604169095220053,7.909870011357117,8.259590846088024,17500
2011-08-04,7.333858966827393,7.976728781791841,7.200141927601809,7.431574962894861,17200
2011-08-05,7.544719696044922,9.08246407552716,7.020137725789844,7.369859039293229,8600
2011-08-08,6.9481353759765625,7.46243110197683,6.937849226030657,7.46243110197683,4600
2011-08-09,7.277285575866699,7.457289307052809,7.153854698152589,7.189855248201527,7900
2011-08-10,7.981871604919434,8.578454695813475,7.215570437023452,8.578454695813475,15100
2011-08-11,7.899584770202637,8.449881711342965,7.879012954022583,7.904727846865347,111200
2011-08-12,7.93558406829834,8.4807373222173,7.879011218412125,7.879011218412125,15800
2011-08-15,7.909871578216553,8.367595139196354,7.909871578216553,7.9510152139820605,3000
2011-08-16,7.971585273742676,8.280162964398421,7.719580437640557,8.280162964398421,29900
2011-08-17,7.714437961578369,8.182447119438804,7.637293778150889,7.971585893630982,34700
2011-08-18,7.354431629180908,7.539577980666751,7.205285834532947,7.5344349038411105,27100
2011-08-19,7.014995098114014,7.585863276596937,6.896706805535868,7.585863276596937,12400
2011-08-22,7.246430397033691,7.488149643643207,6.92756695003454,7.107570247767311,89700
2011-08-23,7.158999919891357,7.431576645831534,7.092141385137945,7.431576645831534,12200
2011-08-24,7.097280979156494,8.419021302845374,6.989278859173677,7.184711290117375,21900
2011-08-25,7.148711681365967,7.189855307610637,7.025280802631959,7.0921393178972245,10600
2011-08-26,7.246430397033691,7.452148591719961,7.056140944331175,7.44186292722108,700
2011-08-29,7.246430397033691,7.246430397033691,7.246430397033691,7.246430397033691,0
2011-08-30,7.2412848472595215,7.292714623607581,7.164140673208128,7.292714623607581,3000
2011-08-31,7.447004795074463,7.8481559716796365,7.24128662025449,7.8481559716796365,6900
2011-09-01,7.385289669036865,7.627008902986735,7.24128694029838,7.627008902986735,21100
2011-09-02,6.886422157287598,7.740153257900553,6.768133847308873,7.359574416260934,39100
2011-09-06,7.061282634735107,7.066425711566935,6.701275594510785,6.701275594510785,28500
2011-09-07,7.344144344329834,7.344144344329835,6.999566097619256,7.112711318001869,31600
2011-09-08,7.405860900878906,7.472719427972815,7.2464294435918015,7.31328797068571,17400
2011-09-09,7.225857257843018,7.34414507556596,7.200142365586055,7.323573259854545,37000
2011-09-12,7.2001423835754395,7.256714754305482,7.020138627797744,7.225857275896651,17300
2011-09-13,7.462432384490967,7.735009028785106,7.117854149612976,7.210427553153544,42700
2011-09-14,7.457289218902588,7.457289218902588,7.3287152668525435,7.400716856570022,600
2011-09-15,7.354431629180908,7.416147079676189,7.267001285028227,7.267001285028227,2100
2011-09-16,7.287573337554932,7.416147319529477,7.194999913582596,7.194999913582596,5000
2011-09-19,7.2515716552734375,7.2515716552734375,7.138426431345976,7.138426431345976,4800
2011-09-20,7.246430397033691,7.405861875297835,7.200143680611564,7.303002777954699,27400
2011-09-21,6.9481353759765625,7.225855048397882,6.8915625322153335,7.097281116897816,61100
2011-09-22,6.536700248718262,6.829848725173343,6.495556620109505,6.829848725173343,5000
2011-09-23,6.4081268310546875,6.814420565932993,6.18697944064357,6.572701359469965,2800
2011-09-26,6.474985122680664,6.644702721615184,6.264123893123882,6.552129307479713,3800
2011-09-27,6.737277030944824,6.742419617602837,6.526415282899696,6.5727019961176305,8700
2011-09-28,6.634415149688721,6.809275787667761,6.634415149688721,6.809275787667761,3900
2011-09-29,6.665274143218994,6.809276841890895,6.634416176839648,6.726989585506952,2700
2011-09-30,6.680703163146973,6.690989315864483,6.536700458397123,6.536700458397123,14100
2011-10-03,7.133283615112305,7.194999060284382,6.690989346143698,6.840135127927243,11400
2011-10-04,7.097280979156494,7.174425140371099,6.932706016510391,6.958420900405465,20500
2011-10-05,6.984137535095215,7.189855676884323,6.850420497696924,7.189855676884323,19400
2011-10-06,7.138425350189209,7.17956897257307,6.999565256790678,6.999565256790678,3100
2011-10-07,7.169284343719482,7.1847135732419245,6.87613584938389,6.958423111620494,6600
2011-10-10,7.169284343719482,7.231000280867707,7.169284343719482,7.194999235786114,3300
2011-10-11,7.277285575866699,7.323572277627168,7.081853598054712,7.184712662816471,5700
2011-10-12,7.273646354675293,7.273646354675293,7.1800615334949915,7.190459626589687,600
2011-10-13,7.216456413269043,7.440021141972823,7.117671790702787,7.440021141972823,6300
2011-10-14,7.2788472175598145,7.741574112032821,7.226855253387254,7.741574112032821,2500
2011-10-17,7.060479640960693,7.076077027195402,6.311798655879098,6.311798655879098,10600
2011-10-18,7.060479640960693,7.278845031574486,7.060479640960693,7.278845031574486,700
2011-10-19,7.039685249328613,7.252851415221203,6.992892579580069,7.252851415221203,5600
2011-10-20,6.90970516204834,7.076078642072978,6.608152981587642,6.86291249683339,16800
2011-10-21,6.961696147918701,7.0396835818049315,6.821318171925073,6.821318171925073,9300
2011-10-24,7.096873760223389,7.159264297290084,6.930500316930794,6.930500316930794,22500
2011-10-25,7.060479640960693,7.091674909262079,6.899305492927446,6.935699559419089,1300
2011-10-26,7.06567907333374,7.070878367457771,6.8265169977800575,6.97729305655312,3500
2011-10-27,7.2372541427612305,7.242453438559145,7.091677331244624,7.0968761312104,2200
2011-10-28,7.200860500335693,7.278847958703217,7.1228725461360005,7.206059300616605,19800
2011-10-31,7.018887996673584,7.034485386722096,6.956497940647448,7.018887996673585,16200
2011-11-01,6.790124416351318,6.977294583284132,6.7693277311365625,6.977294583284132,6100
2011-11-02,6.758928298950195,6.784924276189485,6.758928298950194,6.784924276189485,400
2011-11-03,6.940901279449463,6.940901279449463,6.862913329353362,6.914905296084096,1000
2011-11-04,6.862911224365234,6.9408991505409245,6.862911224365235,6.9408991505409245,17400
2011-11-07,6.800521373748779,6.862911418959172,6.706936058017189,6.790123280796383,21900
2011-11-08,7.174861431121826,7.174861431121826,6.784923315254683,6.784923315254683,296400
2011-11-09,6.686140060424805,6.8941073949045775,6.6289493037546965,6.8941073949045775,18800
2011-11-10,6.675741195678711,6.795321990137255,6.639347127075153,6.795321990137255,1600
2011-11-11,7.003289699554443,7.0032896995544425,6.7745256945895145,6.7745256945895145,5000
2011-11-14,7.096873760223389,7.096873760223389,6.50936741463842,6.920102224640993,37900
2011-11-15,6.821318626403809,7.226854202129132,6.686139935884686,6.992891389050371,19400
2011-11-16,6.613351345062256,6.914903483038225,6.6029527561096995,6.758928119573962,571900
2011-11-17,6.587355613708496,6.587355613708497,6.587355613708497,6.587355613708497,200
2011-11-18,6.7277326583862305,6.758927928530142,6.706935976900956,6.758927928530142,3200
2011-11-21,6.675741195678711,6.67574119567871,6.436579110929623,6.618549949779409,600
2011-11-22,6.883708477020264,6.883708477020264,6.6081523049853645,6.74333099158061,1700
2011-11-23,6.90970516204834,7.055281957069898,6.82131912682723,6.920103752465921,18900
2011-11-25,7.22165584564209,7.226854644955963,6.774526379731981,6.774526379731981,5600
2011-11-28,7.304841995239258,7.725974951439439,7.039683914175715,7.28404531216557,12200
2011-11-29,7.26324987411499,7.590798060545959,7.102075180792278,7.247651987262001,4700
2011-11-30,7.2112555503845215,7.715575656166844,7.107272151210835,7.715575656166844,22300
2011-12-01,7.050083637237549,7.138469182638532,6.821319590811134,6.9357016140243415,10300
2011-12-02,7.06567907333374,7.12286982120215,6.966894468305057,6.966894468305057,7400
2011-12-05,6.951298236846924,7.221655626237512,6.8941074794752515,7.164464373033778,82300
2011-12-06,7.12807035446167,7.185261112272055,7.055281711567672,7.060481006595543,2400
2011-12-07,7.018887996673584,7.15926599460646,7.018887996673585,7.107274033335301,36900
2011-12-08,7.018887996673584,7.024087291967119,7.018887996673585,7.024087291967119,900
2011-12-09,7.096873760223389,7.1644630955189985,6.883707662046758,6.972093677753943,5400
2011-12-12,7.076076030731201,7.507607457167623,6.940897876013116,7.180059913204666,4800
2011-12-13,6.847315788269043,7.122872015932576,6.847315788269042,6.95649851935567,54300
2011-12-14,6.883708477020264,6.8889077716967035,6.883708477020264,6.8889077716967035,1100
2011-12-15,6.852513790130615,7.04488323318326,6.852513790130614,6.956497205857445,65900
2011-12-16,6.790124416351318,6.9720952880224205,6.680941695015823,6.9720952880224205,7000
2011-12-19,6.634148597717285,6.836916141411406,6.628949302793833,6.836916141411406,2300
2011-12-20,6.821318626403809,7.2112568134790935,6.665343252407285,6.821318626403809,17800
2011-12-21,6.774526596069336,6.9824939460598365,6.6705431689901316,6.852514538252809,7600
2011-12-22,6.722534656524658,6.83691617033214,6.675741993679754,6.764128024424116,28100
2011-12-23,6.62894868850708,6.758928074556239,6.540562666327092,6.660143959324961,19200
2011-12-27,6.498969554901123,6.660144218028763,6.358591574515885,6.358591574515885,30900
2011-12-28,6.368991374969482,6.498970790785186,6.119431134602749,6.483373399720295,40200
2011-12-29,6.368991374969482,6.5197674774824135,6.368991374969482,6.498970790785186,19800
2011-12-30,6.5145673751831055,6.634148680759089,6.426181343706266,6.436579933683334,7500
2012-01-03,6.795321941375732,6.831716505550129,6.72773260314556,6.831716505550129,7800
2012-01-04,6.784924030303955,6.862911463363538,6.6601439390758195,6.6601439390758195,66500
2012-01-05,6.904504299163818,6.904504299163818,6.654944135789786,6.904504299163818,93700
2012-01-06,6.904504299163818,6.904504299163818,6.904504299163818,6.904504299163818,0
2012-01-09,7.018887996673584,7.018887996673585,6.764128477275504,6.764128477275504,1200
2012-01-10,7.486813545227051,7.492012840437557,7.2840459903381705,7.2840459903381705,3200
2012-01-11,7.4358744621276855,7.572409001882157,7.39911535558043,7.462131181435125,2200
2012-01-12,7.483137130737305,7.483137130737305,7.2573300254819175,7.2573300254819175,700
2012-01-13,7.661683559417725,7.6984426756199165,7.467384586797657,7.624924443215533,15200
2012-01-17,7.561905860900879,7.7929643821114105,7.56190586090088,7.666932734617621,3700
2012-01-18,7.7824625968933105,7.982012984096385,7.7824625968933105,7.866483707125064,19600
2012-01-19,7.819223403930664,8.02402476623723,7.708945554686592,7.708945554686592,4200
2012-01-20,7.719446659088135,7.861232656277222,7.719446659088136,7.8454783227193365,30300
2012-01-23,7.630173206329346,7.630173206329347,7.567157381939633,7.567157381939633,1000
2012-01-24,7.824472427368164,7.87698586680229,7.808718595860037,7.87698586680229,1200
2012-01-25,7.913747310638428,7.913747310638427,7.829726183378882,7.829726183378882,2000
2012-01-26,7.903244972229004,8.003019936306039,7.903244972229005,8.003019936306039,300
2012-01-27,7.8769850730896,7.908493233736256,7.472632932284492,7.908493233736256,6500
2012-01-30,7.808718204498291,7.929498908821314,7.656429838738132,7.819221092180837,4500
2012-01-31,7.8769850730896,7.908493233736256,7.682686168050016,7.908493233736256,6900
2012-02-01,7.966257572174072,8.024021948807862,7.719445234183842,7.834974488256643,8500
2012-02-02,8.07128620147705,8.07128620147705,8.07128620147705,8.07128620147705,400
2012-02-03,8.034526824951172,8.066034492440533,7.971510989167108,8.066034492440533,23600
2012-02-06,8.134302139282227,8.139553584368656,8.034527186666908,8.045029576034398,1100
2012-02-07,8.144804000854492,8.218322219558477,8.071285281345203,8.218322219558477,21700
2012-02-08,8.202569007873535,8.202569007873535,8.123799338784947,8.14480461726226,8200
2012-02-09,8.260333061218262,8.265584505824512,8.123799007093037,8.144804284712713,1600
2012-02-10,8.202569007873535,8.202569007873535,8.139553172441596,8.16055845091891,1200
2012-02-13,8.307595252990723,8.417873589048382,8.20782030719354,8.276087586235963,4000
2012-02-14,8.260333061218262,8.28133883964326,8.260333061218262,8.28133883964326,600
2012-02-15,8.297093391418457,8.365360674797598,8.239328497356295,8.239328497356295,13000
2012-02-16,8.396866798400879,8.491390788886644,8.197316430044975,8.302343308720388,13400
2012-02-17,8.402117729187012,8.423123504283012,8.402117729187012,8.402117729187012,3500
2012-02-21,8.423124313354492,8.444129088857592,8.24983015780366,8.24983015780366,17500
2012-02-22,8.449381828308105,8.475638052114338,8.381114544640095,8.433627493057926,10300
2012-02-23,8.402117729187012,8.402117729187012,8.297091357733223,8.339101906314738,3800
2012-02-24,8.69619083404541,8.717196607365496,8.454630450526839,8.454630450526839,3200
2012-02-27,8.612170219421387,8.790715296057101,8.507144351854203,8.68043798486999,17900
2012-02-28,8.612170219421387,8.669935097630134,8.59641689017206,8.622673106661242,31600
2012-02-29,8.638428688049316,8.727701239290571,8.612171466148595,8.659433463959294,5800
2012-03-01,8.664684295654297,8.879988491962925,8.664684295654297,8.858983717538209,4700
2012-03-02,8.711945533752441,8.83272573063739,8.606918665915696,8.83272573063739,11100
2012-03-05,8.591166496276855,8.759208706205207,8.585915052015272,8.701443820938369,35600
2012-03-06,8.470385551452637,8.585915325668516,8.297092392544732,8.554407660705373,24600
2012-03-07,8.564908981323242,8.717197854856238,8.396866777156175,8.501893655565864,34600
2012-03-08,8.66993522644043,8.696191443319703,8.53340069512517,8.675186670138379,14700
2012-03-09,8.706696510314941,8.706696510314941,8.664685951825067,8.706696510314941,3000
2012-03-12,8.753955841064453,8.843228375800136,8.701442408582801,8.701442408582801,1200
2012-03-13,8.774962425231934,8.932502755210965,8.517647654704534,8.517647654704534,8500
2012-03-14,8.816973686218262,8.86948612617723,8.344354214508126,8.675187694463633,299800
2012-03-15,8.790715217590332,8.869484867965229,8.690939792923224,8.848480095283465,54400
2012-03-16,8.7802152633667,8.864236385380867,8.738204702359617,8.816975380657333,3100
2012-03-19,8.748705863952637,8.801219305235627,8.559657875978107,8.801219305235627,3800
2012-03-20,8.701443672180176,8.79071621987975,8.585914905232137,8.585914905232137,1400
2012-03-21,8.58591365814209,8.722448181945934,8.522897338844002,8.722448181945934,6400
2012-03-22,8.459884643554688,8.5544086509972,8.354857746038402,8.486140867128396,9600
2012-03-23,8.402117729187012,8.570159923513074,8.375861011122254,8.428373946446527,280800
2012-03-26,8.54915714263916,8.680440262756777,8.423125467519531,8.423125467519531,126300
2012-03-27,8.617422103881836,8.68043842893423,8.55440678043995,8.55440678043995,6800
2012-03-28,8.66993522644043,8.685689557534277,8.496641590849999,8.675186670138379,12900
2012-03-29,8.554408073425293,8.554408073425293,8.417873516516877,8.438878293635511,1700
2012-03-30,8.423124313354492,8.522898749812734,8.35485653934561,8.35485653934561,900
2012-04-02,8.396866798400879,8.486139344791818,8.307594252009942,8.428374461359285,8800
2012-04-03,8.47563648223877,8.501893702792318,8.360107716634806,8.38111299227237,102400
2012-04-04,8.438878059387207,8.438878059387207,8.255082007855727,8.39686750470542,900
2012-04-05,8.438878059387207,8.438878059387207,8.438878059387207,8.438878059387207,0
2012-04-09,8.33385181427002,8.33385181427002,8.33385181427002,8.33385181427002,100
2012-04-10,8.118548393249512,8.333852636084371,8.013521994403895,8.234077682382377,2700
2012-04-11,8.414046287536621,8.414046287536621,8.29202694098046,8.360994595707389,2000
2012-04-12,8.48831844329834,8.504234404658632,8.382214563945752,8.387519884399183,8000
2012-04-13,8.233671188354492,8.435268356480716,8.201839763630527,8.435268356480716,11000
2012-04-16,8.265501022338867,8.477708806169886,8.069208695809357,8.27611166450205,23100
2012-04-17,8.652779579162598,8.652779579162598,8.334467931931812,8.350383387807545,68800
2012-04-18,8.589119911193848,8.626256152871383,8.56789862344286,8.56789862344286,18600
2012-04-19,8.536066055297852,8.536066055297852,8.530760734384618,8.530760734384618,500
2012-04-20,8.64747428894043,8.764189318916642,8.626254018327037,8.626254018327037,60500
2012-04-23,8.753578186035156,9.061279681796087,8.700525994651604,8.753578186035156,76100
2012-04-24,8.7323579788208,8.83846237463891,8.668696150839146,8.83846237463891,18900
2012-04-25,8.64747428894043,8.764189318916642,8.456487299930897,8.764189318916642,16000
2012-04-26,8.5944242477417,8.615644521172992,8.371605305393652,8.615644521172992,1600
2012-04-27,8.668696403503418,8.758884839011555,8.546677053076685,8.546677053076685,29000
2012-04-30,8.5944242477417,8.817242684146457,8.56789764109436,8.817242684146457,13100
2012-05-01,8.599726676940918,8.647473546580178,8.154090407508578,8.551980819188016,8900
2012-05-02,8.70583438873291,8.769497243247786,8.514846837075028,8.514846837075028,42000
2012-05-03,8.817242622375488,8.83846289565812,8.732358493585254,8.737663814877555,26700
2012-05-04,8.583812713623047,8.84376736045028,8.54137115928159,8.785409843773348,40000
2012-05-07,8.562594413757324,8.567899736384215,8.562594413757324,8.567899736384215,200
2012-05-08,8.403435707092285,8.620948795757402,8.403435707092285,8.46709803748623,1200
2012-05-09,8.212449073791504,8.536066586429378,7.979020504460586,8.536066586429378,1000
2012-05-10,8.424657821655273,8.557287318245688,8.212449514035333,8.318553920816957,4200
2012-05-11,8.35568904876709,8.467098256321714,8.276111260203747,8.467098256321714,2200
2012-05-14,8.313249588012695,8.355691153395743,8.223061135087875,8.355691153395743,19000
2012-05-15,8.170007705688477,8.191228485211955,8.101040551694641,8.191228485211955,34100
2012-05-16,8.037378311157227,8.185924284927493,7.979021289568192,8.053294276453325,2400
2012-05-17,8.02676773071289,8.079819427609563,7.973715527872914,8.079819427609563,1600
2012-05-18,7.692537784576416,8.334466819940863,7.4750247281703315,7.862303973782501,27000
2012-05-21,7.83047342300415,7.851694197621648,7.639485945503499,7.639485945503499,1400
2012-05-22,7.819863796234131,7.872915992625407,7.819863796234132,7.872915992625407,500
2012-05-23,7.644791126251221,7.803947185952043,7.639485806207788,7.803947185952043,9900
2012-05-24,7.899442195892334,7.9843253064928215,7.480331457844995,7.48563627280009,28100
2012-05-25,7.825170516967773,8.010852731612138,7.692540508205608,7.846391298131987,2600
2012-05-29,8.164702415466309,8.164702415466309,7.957799447686875,7.957799447686875,1200
2012-05-30,8.121869087219238,8.238690510066974,8.066239636140597,8.127431607909692,3700
2012-05-31,8.177496910095215,8.222000252775654,7.938291575818278,8.21087468236639,134800
2012-06-01,7.827033042907715,7.88266248903733,7.676834387192499,7.88266248903733,12800
2012-06-04,7.877099514007568,7.899351186568877,7.7658411512010215,7.7658411512010215,6600
2012-06-05,7.871535778045654,7.871535778045655,7.426502365558156,7.426502365558156,500
2012-06-06,7.526635646820068,7.988358273273665,7.526635646820068,7.921603252276708,61000
2012-06-07,7.676834583282471,7.793655998721267,7.67683458328247,7.788092947861865,26300
2012-06-08,7.6601457595825195,7.754714969094295,7.509946573462839,7.6323310365394255,23000
2012-06-11,7.482132434844971,7.782530300026527,7.4153774126403755,7.782530300026527,17100
2012-06-12,7.598952770233154,7.643456112008793,7.526634707217319,7.598952770233153,5800
2012-06-13,7.732463359832764,7.776966704856013,7.504383583958182,7.749152512107773,38200
2012-06-14,7.732463359832764,7.7936558571310215,7.654582771302938,7.7936558571310215,13200
2012-06-15,7.932727813720703,8.26650285388158,7.732462259102531,7.7880916977235,66200
2012-06-18,8.11074161529541,8.177496627005132,7.999483262445875,7.999483262445875,13100
2012-06-19,8.444518089294434,8.522398679189635,8.22756388061124,8.288755848460575,8500
2012-06-20,8.400014877319336,8.46676989708807,8.233127062636632,8.416703499631085,40300
2012-06-21,8.483457565307617,8.483457565307617,8.31656976939395,8.372199211539066,27900
2012-06-22,8.878425598144531,9.089816746971985,8.483458023063024,8.489021073682045,33400
2012-06-25,8.78941822052002,8.945179911976256,8.58359013846529,8.58359013846529,12000
2012-06-26,8.889551162719727,9.023061194353769,8.78385585363987,8.828359197517884,36400
2012-06-27,9.011935234069824,9.023060273120928,8.78385495682932,8.78385495682932,14000
2012-06-28,8.945180892944336,9.01193644141081,8.87286282420709,8.889551446062848,6000
2012-06-29,9.123194694519043,9.151009949763212,8.978558550379846,9.000810754575182,16500
2012-07-02,9.04531478881836,9.084255088073805,8.911804736638155,8.911804736638155,10800
2012-07-03,9.062003135681152,9.100943431466474,8.956307289232791,8.956307289232791,4300
2012-07-05,9.067564010620117,9.123193452491593,9.011935629791992,9.123193452491593,9800
2012-07-06,8.92849063873291,8.934053688838887,8.900676449246342,8.906239499352319,1500
2012-07-09,9.228890419006348,9.234453469980824,9.039750930048017,9.056440082971452,3800
2012-07-10,9.123194694519043,9.290083042853574,9.0675652450742,9.290083042853574,1600
2012-07-11,9.24558162689209,9.262269722481209,9.045315991472911,9.13432270476061,3300
2012-07-12,9.123194694519043,9.317897237054249,8.989684652477514,9.317897237054249,9800
2012-07-13,9.189949035644531,9.206637125549534,9.167696834380054,9.206637125549534,6200
2012-07-16,9.545976638793945,9.607169136812962,9.345711053308765,9.345711053308765,14800
2012-07-17,9.65723705291748,9.818561308022796,9.479223642714256,9.479223642714256,5400
2012-07-18,9.634984016418457,9.634984016418457,9.54041426776127,9.54041426776127,1100
2012-07-19,9.612732887268066,9.640547082368283,9.540414282337855,9.634984031139533,4500
2012-07-20,9.568228721618652,9.646109310085226,9.456969828629168,9.646109310085226,11000
2012-07-23,9.290082931518555,9.507036614605566,9.278956829554225,9.507036614605566,28700
2012-07-24,9.290082931518555,9.401340768031401,9.23445348274039,9.267830727589896,75200
2012-07-25,9.317896842956543,9.351274086794369,9.201075959002422,9.351274086794369,8700
2012-07-26,9.317896842956543,9.345711035980823,9.29008264993226,9.345711035980823,22300
2012-07-27,9.456968307495117,9.712862234750098,9.329021343867625,9.329021343867625,34100
2012-07-30,9.379087448120117,9.484782209117467,9.379087448120117,9.379087448120117,9800
2012-07-31,9.345710754394531,9.479221847810052,9.290082370022052,9.290082370022052,9700
2012-08-01,9.390213012695312,9.456968551683897,9.329021584752681,9.384651023735952,1500
2012-08-02,9.351275444030762,9.351275444030762,9.317898195348588,9.317898195348588,70000
2012-08-03,9.568228721618652,9.568228721618652,9.540413467849561,9.540413467849561,700
2012-08-06,9.568228721618652,9.657235411592863,9.568228721618652,9.657235411592863,2100
2012-08-07,9.568228721618652,9.596042914344302,9.568228721618652,9.568228721618652,7300
2012-08-08,9.601606369018555,9.623857511926449,9.596043318030711,9.596043318030711,1500
2012-08-09,9.57935619354248,9.662800914986493,9.57935619354248,9.6405487063231,600
2012-08-10,9.679486274719238,9.874188801320148,9.545976243604061,9.545976243604061,3000
2012-08-13,9.735116004943848,9.735116004943848,9.65167236568159,9.662798467194808,9700
2012-08-14,9.685049057006836,9.735115449918458,9.673922956127946,9.696175157885724,108000
2012-08-15,9.779618263244629,9.779618263244629,9.507035172720776,9.507035172720776,2000
2012-08-16,9.729552268981934,9.762929510127552,9.623856434136885,9.690611977471486,3900
2012-08-17,9.757367134094238,9.757367134094238,9.696174643549698,9.696174643549698,2000
2012-08-20,9.740678787231445,9.790745181617577,9.740678787231445,9.768492979204447,1300
2012-08-21,9.746240615844727,9.824121192439144,9.746240615844727,9.81855814253336,900
2012-08-22,9.746240615844727,9.746240615844727,9.746240615844727,9.746240615844727,0
2012-08-23,9.885315895080566,9.902003987493465,9.812997291146287,9.812997291146287,3900
2012-08-24,9.957633972167969,10.063329827641821,9.957633972167969,10.063329827641821,300
2012-08-27,9.840811729431152,9.863062871147788,9.81855952667109,9.835248678741136,5200
2012-08-28,9.712862968444824,9.74067821984101,9.623856286063727,9.623856286063727,900
2012-08-29,9.607168197631836,9.67392267890545,9.60160514735181,9.607168197631836,1900
2012-08-30,9.418028831481934,9.429154932159175,9.100942389484104,9.123193529795223,2800
2012-08-31,9.540411949157715,9.540411949157717,9.429154134922262,9.501471661123144,2600
2012-09-04,9.290082931518555,9.290082931518555,9.267830727589896,9.267830727589896,1500
2012-09-05,9.295646667480469,9.334588031670071,9.234455217269888,9.234455217269888,1200
2012-09-06,9.24001693725586,9.384653085978295,9.24001693725586,9.384653085978295,5200
2012-09-07,9.479220390319824,9.4959084786483,9.479220390319822,9.4959084786483,400
2012-09-10,9.390213012695312,9.451405501681238,9.262266045764097,9.418028262708596,20500
2012-09-11,9.618297576904297,9.618297576904297,9.445846142567802,9.484786446758717,5700
2012-09-12,9.618297576904297,9.623859568036961,9.557105064007882,9.562668116184257,1100
2012-09-13,9.740678787231445,9.740678787231445,9.65723515026903,9.65723515026903,500
2012-09-14,10.052203178405762,10.05776622955399,9.868626734688288,9.868626734688288,700
2012-09-17,10.068892478942871,10.163462227757254,9.735116832477784,9.851937725166623,156400
2012-09-18,10.046639442443848,10.085579736783625,9.979884955302355,9.979884955302355,2800
2012-09-19,10.02439022064209,10.096707772405466,9.996574961468756,10.057767470606445,2900
2012-09-20,9.929819107055664,10.002136648954513,9.762930757911127,9.762930757911127,1300
2012-09-21,9.812997817993164,9.902004519118995,9.812997817993164,9.890879477260945,1800
2012-09-24,9.952070236206055,9.952070236206055,9.952070236206055,9.952070236206055,500
2012-09-25,9.935381889343262,9.979885235702461,9.935381889343262,9.979885235702461,800
2012-09-26,9.929819107055664,9.957633301391336,9.868626606264984,9.87418965734082,3500
2012-09-27,10.013263702392578,10.068893157392369,9.957634247392788,10.0021375991839,12200
2012-09-28,9.985445976257324,9.985445976257324,9.929816540918651,9.940942640195031,13400
2012-10-01,9.991009712219238,9.991009712219238,9.97432162142925,9.97432162142925,300
2012-10-02,10.013263702392578,10.024389805601256,9.974323402205805,10.024389805601256,6700
2012-10-03,9.985445976257324,10.024386262681427,9.92425349128046,10.024386262681427,12000
2012-10-04,10.08001708984375,10.11895738164463,10.013261546011256,10.11339433123831,89100
2012-10-05,10.124519348144531,10.274717448861894,10.018823523826695,10.018823523826695,25800
2012-10-08,10.041075706481934,10.107831250111538,10.01326151557823,10.107831250111538,4300
2012-10-09,10.118956565856934,10.118956565856932,9.918691011548185,10.013260738744728,56100
2012-10-10,9.968759536743164,10.03551508950165,9.968759536743164,10.03551508950165,12000
2012-10-11,10.013263702392578,10.013263702392578,9.940946153623372,9.940946153623372,1300
2012-10-12,9.979883193969727,9.979883193969727,9.979883193969727,9.979883193969727,200
2012-10-15,10.096705436706543,10.096705436706543,10.041075992272434,10.041075992272434,3300
2012-10-16,10.814325332641602,11.009027898885424,10.219092591501285,10.219092591501285,59800
2012-10-17,10.669686317443848,10.819885490752892,10.508361043657834,10.77538214988836,5000
2012-10-18,10.597369194030762,10.61405834705909,10.497237458991247,10.497237458991247,3500
2012-10-19,10.580679893493652,10.664123527017182,10.263593449478222,10.40822851502921,13100
2012-10-22,10.319220542907715,10.525049136877804,10.27471720651462,10.474982750805166,3200
2012-10-23,10.06333065032959,10.124523160244935,9.551541546516345,10.096707900718116,148500
2012-10-24,10.330349922180176,10.330349922180176,10.124522323902516,10.124522323902516,13400
2012-10-25,10.742006301879883,10.875516354966527,10.335913091110891,10.335913091110891,25800
2012-10-26,10.675251007080078,10.75313160029229,10.62518460828837,10.652998802708872,5400
2012-10-31,10.658559799194336,10.736440377393826,10.569553120953977,10.736440377393826,5800
2012-11-01,10.380414009094238,10.819885425910707,10.13008205507937,10.703063493689324,8500
2012-11-02,10.925581932067871,10.925581932067871,10.552865997468636,10.552865997468636,600
2012-11-05,10.641871452331543,10.714190047012167,10.625183362054,10.697500895691242,4700
2012-11-06,10.775382995605469,10.792071086587361,10.602931607807463,10.658561053515095,1600
2012-11-07,10.636307716369629,10.636307716369627,10.458293314641274,10.636307716369627,16600
2012-11-08,10.486111640930176,10.591807490884806,10.391541893295722,10.569555286244455,125700
2012-11-09,10.285844802856445,10.753130433513448,10.202401167605563,10.35816339817236,3000
2012-11-12,10.374853134155273,10.45829678264118,10.219091939926532,10.219091939926532,1000
2012-11-13,10.308097839355469,10.3359120330098,10.263594492882454,10.291408686536785,2400
2012-11-14,10.096705436706543,10.374851597833684,10.052202093367937,10.352600456686082,45700
2012-11-15,9.946505546569824,10.0410752770587,9.824121626366766,10.0410752770587,5000
2012-11-16,10.013263702392578,10.146773757765914,9.957634247392788,10.05220400257935,3600
2012-11-19,10.146770477294922,10.163459626712305,10.02994961450302,10.124519339115004,21000
2012-11-20,10.397103309631348,10.397103309631348,10.313659677437617,10.341473867821076,4900
2012-11-21,10.563989639282227,10.563989639282227,10.380413240282122,10.430479627376991,1600
2012-11-23,10.424917221069336,10.486109711527607,10.424917221069336,10.486109711527607,700
2012-11-26,10.291410446166992,10.547304466878838,10.18571458233035,10.547304466878838,5500
2012-11-27,10.319220542907715,10.391539127698517,10.207962732446594,10.213525782126135,11900
2012-11-28,10.619622230529785,10.619622230529785,10.263595426364743,10.363727169253483,54200
2012-11-29,10.83100700378418,10.931139753388589,10.65855674671158,10.65855674671158,7100
2012-11-30,11.392867088317871,11.431807383102079,11.064654516503179,11.064654516503179,8100
2012-12-03,11.442935943603516,11.52637960193467,11.020153538876155,11.392869536396086,8700
2012-12-04,11.376180648803711,11.426247052523129,11.187041137206709,11.426247052523129,12500
2012-12-05,11.598692893981934,11.743328997194938,11.43180459287007,11.4429306918195,4300
2012-12-06,12.2606840133667,12.26624600319839,11.125847099878253,11.125847099878253,32800
2012-12-07,12.483201026916504,12.488764077918114,12.2106178940985,12.238432088063066,54900
2012-12-10,12.794721603393555,12.83922494044189,12.355250221628408,12.355250221628408,36700
2012-12-11,13.083992958068848,13.106244094597512,12.822534941815553,12.889290473487911,22200
2012-12-12,13.145187377929688,13.345452957587323,13.039492598482312,13.223069026154002,19200
2012-12-13,12.961613655090332,13.1451901210708,12.956051664311095,13.1451901210708,2700
2012-12-14,12.789158821105957,12.961609123144491,12.677901006679889,12.922668835043204,14200
2012-12-17,13.245319366455078,13.634724400888508,12.889292633974243,12.972736266769019,61100
2012-12-18,13.145187377929688,13.55684463856892,13.022803446496368,13.284260461348952,27400
2012-12-19,12.95048713684082,13.16187777680507,12.928234932084836,13.072871079868174,9200
2012-12-20,12.739093780517578,12.989425746276714,12.622272903858903,12.794723224135538,29600
2012-12-21,12.366378784179688,12.683465256434019,12.027041169491024,12.611147717218111,32200
2012-12-24,12.30518627166748,12.444259348123271,11.9547215248146,12.444259348123271,3400
2012-12-26,12.2606840133667,12.672340228736978,12.216179606365461,12.271809054073545,12500
2012-12-27,11.910218238830566,12.299623279156362,11.55975455137205,12.294060228746751,13700
2012-12-28,11.882403373718262,12.121609222544148,11.565316945662856,11.843463084103503,12600
2012-12-31,12.099360466003418,12.099360466003418,11.075782300317801,11.270484864853016,13200
2013-01-02,12.499887466430664,12.983862229155935,11.865714590691589,12.399755744769243,13600
2013-01-03,12.62783432006836,12.711277944174583,12.405316574394094,12.52770154672359,9100
2013-01-04,13.011678695678711,13.045057003114994,12.260684816102374,12.750221653689014,167300
2013-01-07,12.861475944519043,12.878164031209636,12.8002834638718,12.833660698296137,5000
2013-01-08,12.822534561157227,12.917104275943753,12.77803122837787,12.917104275943753,27100
2013-01-09,13.456709861755371,13.467834900393214,12.83366207317567,12.894854560378509,80000
2013-01-10,13.517903327941895,13.551281632022443,13.167439623443538,13.406645497470343,13900
2013-01-11,13.456709861755371,13.673663500320686,13.362140136552467,13.673663500320686,16400
2013-01-14,13.59578800201416,13.718171961081111,13.239760106562162,13.456714887192947,7500
2013-01-15,13.76267147064209,13.76267147064209,13.57353200243975,13.67922783726891,4400
2013-01-16,14.13538932800293,14.22995907529279,13.645852499177698,13.645852499177698,5600
2013-01-17,14.13538932800293,14.419098569872506,14.13538932800293,14.419098569872506,34300
2013-01-18,14.07419490814209,14.24108323645854,13.985188224123998,14.168764642541735,16600
2013-01-22,14.2077054977417,14.307837217973496,14.07419441534597,14.307837217973496,26900
2013-01-23,13.923995971679688,14.352340215389537,13.573531245593175,14.352340215389537,37300
2013-01-24,13.985188484191895,14.179891006993412,13.935122090870264,14.040817927998525,12600
2013-01-25,14.057509422302246,14.241085874728928,13.929562422953495,14.057509422302246,9400
2013-01-28,14.13538932800293,14.263336321088177,13.962938986842662,14.263336321088177,15600
2013-01-29,14.318964958190918,14.34121716148636,14.213269114624467,14.252210470391493,11500
2013-01-30,14.463600158691406,14.558169894478432,14.257771535727864,14.385719574293875,30100
2013-01-31,14.808505058288574,15.008769612996595,14.56929914192826,14.56929914192826,31800
2013-02-01,15.20903205871582,15.298038744710666,14.802938921233915,15.014329535210825,30100
2013-02-04,15.537246704101562,15.73194925383326,15.203471056139158,15.203471056139158,29200
2013-02-05,15.726385116577148,16.176981626636046,15.670755668917709,15.73751121831773,35600
2013-02-06,14.880819320678711,15.837641713714959,14.791812635793635,15.681880545687765,14700
2013-02-07,14.858565330505371,15.242407276023773,14.569294169968284,15.0699569774461,166000
2013-02-08,15.16452693939209,15.50386555315047,14.68055221257347,14.964261388840487,47900
2013-02-11,15.464926719665527,15.670755353550206,15.13115216251288,15.17565550753613,169700
2013-02-12,15.025456428527832,15.537245430507015,14.936449737839578,15.537245430507015,11300
2013-02-13,15.047709465026855,15.381485127648384,14.825192710293697,15.075524722520738,19400
2013-02-14,15.092206954956055,15.431545537295147,14.975386101979549,15.264658301316375,41600
2013-02-15,15.381479263305664,15.381479263305662,15.092207061918684,15.242406211989982,12700
2013-02-19,15.01432991027832,15.409298017659967,15.01432991027832,15.409298017659967,30800
2013-02-20,14.964264869689941,15.07552377055269,14.908635419258566,14.964264869689941,24400
2013-02-21,14.930885314941406,15.008765896875795,14.741745849349305,15.003202846588573,72500
2013-02-22,14.858565330505371,15.081083076978402,14.819625043185566,14.975387253508037,25600
2013-02-25,14.658304214477539,14.997641839889555,14.647178112387047,14.997641839889555,21800
2013-02-26,14.964264869689941,15.07552377055269,14.747311180155448,14.747311180155448,54400
2013-02-27,15.142276763916016,15.403734836759295,14.858567549728031,14.997640631523508,13400
2013-02-28,15.353669166564941,15.954464865815403,15.042145745742634,15.136714427222092,44200
2013-03-01,15.48718547821045,15.576192205932266,14.997647414696571,15.203476135705701,24200
2013-03-04,15.709695816040039,15.776451364811475,15.509430230769183,15.55393357626899,23300
2013-03-05,15.637377738952637,15.95446419734893,15.592874394985497,15.670754981667136,37900
2013-03-06,15.715258598327637,15.787576135637819,15.531682168647315,15.581748564109533,47800
2013-03-07,15.743071556091309,15.759760706950846,15.63181373349111,15.69856821484256,20500
2013-03-08,15.69300651550293,15.77645121594068,15.681881475015546,15.75419901287903,13100
2013-03-11,15.743071556091309,15.76532375723736,15.49830370974486,15.72082041598861,9600
2013-03-12,15.83764362335205,15.965591676714745,15.698570528819843,15.793140275543484,32600
2013-03-13,15.79870319366455,15.965591542324521,15.631815906048077,15.832080438979144,13500
2013-03-14,16.460689544677734,16.549696229431543,15.798701398408328,15.948900576821647,37100
2013-03-15,16.67764663696289,16.755528297926364,16.38281233095557,16.38281233095557,149800
2013-03-18,16.544132232666016,16.777775032041045,16.43843640267549,16.605324722825262,19000
2013-03-19,16.79446792602539,16.91685187258119,15.364796621583737,16.549698971870242,39300
2013-03-20,16.588638305664062,17.612216351472863,16.466254366224735,16.983606440155036,47200
2013-03-21,16.577510833740234,16.83896890513466,16.521882450165034,16.544133591386434,10500
2013-03-22,16.749963760375977,16.827844353386656,16.633141809816458,16.660957065208486,43600
2013-03-25,16.889036178588867,16.9780428701958,16.777777283558475,16.905724270113005,16000
2013-03-26,17.25062370300293,17.43976316278902,16.88347088366365,16.9335372736684,47300
2013-03-27,18.08506202697754,18.112878340089413,16.90572292640099,17.206121282480517,47300
2013-03-28,18.58016586303711,19.16427242259913,17.77910349830111,17.97380709954643,31600
2013-04-01,18.146255493164062,19.053012599377137,18.023872621676183,18.641355335044636,37800
2013-04-02,18.80824089050293,19.014068419561088,18.168503982942106,18.246384554905386,18500
2013-04-03,18.964006423950195,19.358973485806196,18.691422236898344,19.047451125846273,41600
2013-04-04,18.836057662963867,19.303343280974367,18.680296497655945,19.069699410925757,12900
2013-04-05,19.108640670776367,19.192085369041713,17.88479924346346,17.88479924346346,28900
2013-04-08,18.696983337402344,19.336718167915606,18.379896916607382,19.292215890269134,45200
2013-04-09,18.591293334960938,18.69699026243189,18.43553212237726,18.69699026243189,139200
2013-04-10,18.635793685913086,18.785992874748484,18.59685339126171,18.735926478470017,356100
2013-04-11,18.30202293395996,18.69142596150551,17.71791520951062,18.496724447732735,200800
2013-04-12,18.93619155883789,18.93619155883789,18.15181945277403,18.190759746387446,74700
2013-04-15,18.396589279174805,18.980695867802112,18.37433707413887,18.908379384565933,21200
2013-04-16,17.85698127746582,18.85830907567534,17.795789848386708,18.646917415821484,76000
2013-04-17,16.360559463500977,17.439767020840225,16.165856910526045,17.356323372720556,105800
2013-04-18,16.599763870239258,16.85565784288423,16.06016067072043,16.360557989088157,46100
2013-04-19,17.295127868652344,17.328505109901343,16.62201362703008,16.80559004546463,43700
2013-04-22,16.91684913635254,17.49539365058876,16.638702980133598,17.49539365058876,25900
2013-04-23,16.850093841552734,16.98916691296452,16.749961060369316,16.9224113718278,14300
2013-04-24,16.57194709777832,16.838967130555567,16.154727898672643,16.838967130555567,47800
2013-04-25,17.08930206298828,17.328507963592962,16.160293717060544,16.549698819585863,59400
2013-04-26,17.194995880126953,17.3285059123489,16.883472471609085,17.055922797265335,16800
2013-04-29,16.939102172851562,17.32850617412054,16.61645265818027,17.32850617412054,36200
2013-04-30,17.01698112487793,17.178305336182092,16.71102079179291,16.93910054432029,43700
2013-05-01,16.79446792602539,17.10599137428605,16.77777877197724,17.10599137428605,4200
2013-05-02,16.57194709777832,16.877907419371837,16.521880709002176,16.877907419371837,39100
2013-05-03,16.644268035888672,17.022547023688517,16.494068838783996,16.521884094383108,63200
2013-05-06,17.183870315551758,17.467579540775763,16.438438483247925,16.438438483247925,61800
2013-05-07,17.628904342651367,17.90704944830973,17.2784395784228,17.37857236820239,38100
2013-05-08,18.09062957763672,18.485596682706042,17.5677144108149,17.5677144108149,20800
2013-05-09,18.079498291015625,18.213009365959664,17.94042522723858,17.94042522723858,9100
2013-05-10,17.85698127746582,18.051684848045063,17.189431180398334,18.034994636683816,12900
2013-05-13,17.57883644104004,17.767975903069157,17.411948118697286,17.767975903069157,14900
2013-05-14,17.97380828857422,18.04612477299589,17.478707328843793,17.478707328843793,11700
2013-05-15,17.706783294677734,18.090625266372832,17.63446576487247,18.079499166081767,23400
2013-05-16,17.04323387145996,18.09423351024925,16.51489344807196,17.810179612391583,31800
2013-05-17,16.827356338500977,17.196626253794527,16.64556090176617,17.185263835827385,11700
2013-05-20,16.605789184570312,16.901205473066188,16.09449242899178,16.895524265566706,33300
2013-05-21,16.225160598754883,16.566025540306075,15.515025755348143,16.566025540306075,37600
2013-05-22,15.70818042755127,16.156986108934273,15.622964474406796,16.156986108934273,33700
2013-05-23,15.94678783416748,15.986555211935714,15.520706929085357,15.520706929085357,36600
2013-05-24,16.16266632080078,16.3103733859051,15.81043903031158,15.81043903031158,22100
2013-05-28,17.13413429260254,17.225031470527764,16.196756468011255,16.196756468011255,19400
2013-05-29,16.600112915039062,17.009151308040508,16.475129563610764,17.009151308040508,52600
2013-05-30,16.36150550842285,16.69668922377917,16.36150550842285,16.617154472196223,9200
2013-05-31,15.850207328796387,16.662601652351302,15.32186690390657,16.401272585697637,36500
2013-06-03,15.816122055053711,15.895656804413504,15.515024515423544,15.850208221410808,20600
2013-06-04,15.759309768676758,16.04336366014587,15.259375396466147,15.90701792227025,35900
2013-06-05,15.736586570739746,15.821802524442454,15.628645784807176,15.634326992864642,36000
2013-06-06,15.032134056091309,15.747950118321342,15.032134056091309,15.645691609642588,58900
2013-06-07,15.657049179077148,15.992232835961728,15.29346056831945,15.29346056831945,21300
2013-06-10,15.043495178222656,15.605921803627343,14.867382053155662,15.605921803627343,14700
2013-06-11,14.543559074401855,15.077580679609792,14.424255879686022,15.043493433359796,17200
2013-06-12,14.123162269592285,14.907150668663057,13.805021076028105,14.679907732959919,32600
2013-06-13,14.498114585876465,15.242335668321303,14.072033639780736,14.100438602755167,37000
2013-06-14,14.168608665466309,14.685586670579388,14.089072837586098,14.685586670579388,10100
2013-06-17,14.07771110534668,14.373126325891329,14.077711105346678,14.168608262988046,18200
2013-06-18,13.84478759765625,14.117479082284168,13.78797660079719,13.9640897158386,6900
2013-06-19,13.481196403503418,13.93000203800062,13.151693957808831,13.912958415720382,23100
2013-06-20,13.634586334228516,13.941365046866848,12.674483909790979,13.350532452265421,38800
2013-06-21,12.969900131225586,13.753888364082856,12.873321768579876,13.753888364082856,21600
2013-06-24,12.969900131225586,13.18010047942374,12.066608705180291,12.907407930813784,34900
2013-06-25,13.9186429977417,14.429939870738702,12.293854121463871,13.09488614199446,393500
2013-06-26,14.344721794128418,14.44130016242217,13.805018956561044,13.90727853282262,64100
2013-06-27,15.299140930175781,16.276285809366833,14.446979358129564,14.446979358129564,138500
2013-06-28,14.873064994812012,15.901339990370891,14.685589431162272,15.162800153830666,39000
2013-07-01,14.884424209594727,15.134390851612523,14.748077389392812,14.96964015953623,22800
2013-07-02,14.390169143676758,14.98100171884826,14.310634406088107,14.76512016885116,23700
2013-07-03,14.657182693481445,15.145755811124086,14.259507832433988,14.259507832433988,22600
2013-07-05,14.668546676635742,14.975325480991293,14.492433520568605,14.975325480991293,68300
2013-07-08,14.759444236755371,14.759444236755371,14.623098459193141,14.623098459193141,22600
2013-07-09,14.117478370666504,14.475385790752204,14.00385638267571,14.00385638267571,490100
2013-07-10,14.24814224243164,14.34472060270392,14.06066672938305,14.17428871214321,69900
2013-07-11,14.486751556396484,14.543562563529694,14.168611433462289,14.265189820514792,82200
2013-07-12,14.566286087036133,14.600373340927598,14.214059798796187,14.486751328449014,34500
2013-07-15,14.61173152923584,14.628775152511881,14.464023378248887,14.464023378248887,61800
2013-07-16,14.481066703796387,14.628774851746483,14.350402178771922,14.429936918599065,48400
2013-07-17,14.45266342163086,14.617414127991996,14.23110063227666,14.23110063227666,81000
2013-07-18,15.060541152954102,15.219611761315917,14.53788182099942,14.606054164883147,47000
2013-07-19,14.770803451538086,15.054857364067663,14.65150132839391,14.981003823585034,45400
2013-07-22,15.384356498718262,15.463891230107572,14.668540665476119,14.668540665476119,86300
2013-07-23,16.115413665771484,16.253348596762088,15.322286442313787,15.529189386904385,182200
2013-07-24,15.615400314331055,16.14989891635501,15.305045863010237,16.109668027378497,32400
2013-07-25,15.69011116027832,16.264840522870337,15.615396825473434,16.264840522870337,64700
2013-07-26,16.207372665405273,16.26484473959693,15.523444239670978,15.615400873829088,25000
2013-07-29,15.724596977233887,16.24185322596724,15.41424257026826,16.24185322596724,66900
2013-07-30,15.782071113586426,15.86828141320388,15.149869557788412,15.770577357018997,53200
2013-07-31,15.822303771972656,15.897018125784804,15.517696737671812,15.897018125784804,33800
2013-08-01,15.902764320373535,16.149898165405855,15.477464648354209,15.89126946799774,40600
2013-08-02,16.24185562133789,16.420021457422433,15.897017705922044,15.908512558884793,103400
2013-08-05,16.78784942626953,16.95452151993424,16.48899089700355,16.569452682243284,200200
2013-08-06,16.72463035583496,16.902796211863407,16.695893220211254,16.787849861787848,64900
2013-08-07,16.95452117919922,17.12693960016487,16.207373226735292,16.707387305261427,117200
2013-08-08,17.67293357849121,17.690175859544713,16.89704847043748,16.96601649844187,98600
2013-08-09,17.695920944213867,17.701667274261464,17.420049964922015,17.48327055754028,22100
2013-08-12,17.264873504638672,17.63844743439804,17.224641521622598,17.63844743439804,49800
2013-08-13,17.011991500854492,17.425796299555632,16.408524936179756,17.425796299555632,112400
2013-08-14,16.828081130981445,17.023489260015566,16.672903893887955,16.9085429148627,97800
2013-08-15,16.351055145263672,16.672903366824002,16.253351083835234,16.672903366824002,17700
2013-08-16,16.09242820739746,16.557958859315605,16.09242820739746,16.454507359731647,43800
2013-08-19,15.374013900756836,16.08667833881687,15.207341822007319,15.902765076892928,51100
2013-08-20,15.994721412658691,16.13265635655594,15.287804414106722,15.374013617016317,45400
2013-08-21,15.672877311706543,16.103924535265843,15.546436091221556,15.954494699553445,21300
2013-08-22,16.09242820739746,16.287836351898346,15.66712845060426,15.713106773062723,12000
2013-08-23,16.356800079345703,16.471746411051736,16.149898216968086,16.276338304877154,22700
2013-08-26,15.977482795715332,16.51772893863058,15.730349983052893,16.51772893863058,59600
2013-08-27,15.925753593444824,16.103920524075605,15.678620834309926,15.793566074235796,59900
2013-08-28,15.586668968200684,16.264849050825593,15.552184399093608,15.994726503412531,23500
2013-08-29,15.293549537658691,15.678618275802593,15.270559835699377,15.580914234894161,11400
2013-08-30,15.684368133544922,15.707356742859867,15.259067351018725,15.460222889519603,20700
2013-09-03,15.230332374572754,15.948744279033733,15.201596336878143,15.84529278939782,42500
2013-09-04,15.592406272888184,15.833792635836902,15.092392368628898,15.333778731577617,10600
2013-09-05,15.54068374633789,15.718849556198412,15.448726032380566,15.626892938450442,10200
2013-09-06,15.79931354522705,15.862534139900777,15.575169394961305,15.655631172757316,8700
2013-09-09,15.988972663879395,16.149897299887762,15.920005745739665,15.97747781211964,16400
2013-09-10,15.701606750488281,16.253347534603748,15.55792440306989,16.1269063673016,23200
2013-09-11,15.925753593444824,16.07518339193701,15.661378555026769,15.69011459095586,25600
2013-09-12,15.87977409362793,16.069434766756274,15.747586584279869,16.069434766756274,11600
2013-09-13,16.034954071044922,16.069437536773513,15.753336725807259,15.908513965900342,18200
2013-09-16,16.224609375,16.3165659837997,15.891266394048783,16.25909392545682,11000
2013-09-17,16.000473022460938,16.224617227872013,15.862538042499525,16.224617227872013,42800
2013-09-18,16.506229400634766,16.552207712762073,15.78781758851472,16.103919443573197,35900
2013-09-19,16.207372665405273,16.511978604975432,16.08093147128071,16.425769397478398,64300
2013-09-20,15.644133567810059,16.20162177649541,15.316537991602011,16.16139089467468,50600
2013-09-23,15.098143577575684,15.580916424471823,14.569392416508935,15.580916424471823,44800
2013-09-24,15.506199836730957,15.54643072164092,15.178604235367676,15.178604235367676,34800
2013-09-25,15.598156929016113,15.70735583150238,15.115384103108797,15.552178616844436,35000
2013-09-26,15.770576477050781,15.85678567564843,15.506200358980637,15.511947785048406,84200
2013-09-27,15.736090660095215,15.839542128609125,15.494704265632544,15.695859777052995,11200
2013-09-30,15.305046081542969,15.626895390369596,14.942966979374923,15.626895390369596,114200
2013-10-01,15.965984344482422,16.02345641189879,15.345276588984696,15.351022918758796,21600
2013-10-02,16.270591735839844,16.333812331229705,15.833797187038904,16.017711546699445,46700
2013-10-03,16.32231903076172,16.37404477805357,15.701611159469119,16.299330418748465,15300
2013-10-04,16.01771354675293,16.374045265130306,15.8337991641279,16.374045265130306,12700
2013-10-07,15.701606750488281,16.14414864362716,15.48895749018628,16.017708572534332,8000
2013-10-08,15.672877311706543,16.06369363646054,15.667129883847245,15.85104319050565,11400
2013-10-09,15.707357406616211,15.799314040180857,15.552180176397291,15.684368796329819,50800
2013-10-10,16.213123321533203,16.305081076435275,15.799318357418159,15.799318357418159,10000
2013-10-11,16.299327850341797,16.36829477172355,16.27633814574158,16.322316458732566,6600
2013-10-14,16.28209114074707,16.32806946946372,16.063694353395444,16.32806946946372,23700
2013-10-15,15.920004844665527,16.264841608265172,15.822300802656471,16.264841608265172,12600
2013-10-16,15.874027252197266,16.167138295231457,15.782069535387079,16.00621475728475,5100
2013-10-17,15.977482795715332,16.15564976493605,15.805064350376934,15.856790103220403,5800
2013-10-18,15.822303771972656,16.075183966574958,15.782071785540456,16.075183966574958,7100
2013-10-21,15.914261817932129,15.920009245075335,15.730348534188153,15.902766963645721,39400
2013-10-22,15.980507850646973,16.247817631763542,15.893341665864533,16.015374102884312,14900
2013-10-23,16.09091567993164,16.096726905522615,15.85847219818237,15.934015914109153,44000
2013-10-24,15.777118682861328,16.212950696798814,15.608597547162129,16.212950696798814,12500
2013-10-25,15.614407539367676,15.91658353610994,14.899642250645023,15.91658353610994,8900
2013-10-28,15.823607444763184,15.93982975892438,15.265742996896954,15.60859760445654,8800
2013-10-29,16.149028778076172,16.15483889599099,15.806174185441469,15.806174185441469,25200
2013-10-30,15.730628967285156,16.236194558622195,15.515619141596687,16.236194558622195,22800
2013-10-31,15.800363540649414,15.875907268481225,15.393586552200242,15.614408725945149,11400
2013-11-01,15.817793846130371,15.85266120017679,15.422640475672653,15.800361277485127,23700
2013-11-04,15.881718635559082,15.974696043734168,15.788741227383994,15.858474837704376,7900
2013-11-05,15.1262788772583,15.73644333602586,15.050734030589842,15.73644333602586,4900
2013-11-06,15.294798851013184,15.347098784385258,15.20182143799132,15.207632664852461,104600
2013-11-07,15.149521827697754,15.358721565647436,15.149521827697754,15.306421631160015,7300
2013-11-08,15.259932518005371,15.370343611030243,14.789234228509299,15.1495214249805,9800
2013-11-11,14.9635648727417,15.399396859326407,14.963564872741697,15.196008377244597,12700
2013-11-12,14.888020515441895,15.207630181976153,14.888020515441895,14.98680913919616,21900
2013-11-13,14.748555183410645,15.050732318963183,14.68463390701241,14.911266204487738,13600
2013-11-14,15.050732612609863,15.137898797310399,14.760177924689293,14.998432680113906,17200
2013-11-15,15.480751037597656,15.794550584327446,15.085596545439252,15.143707695764547,15400
2013-11-18,15.67251968383789,15.858475617712548,14.975189088226138,15.660898338528003,4800
2013-11-19,15.207630157470703,15.806173124944168,15.161141458624668,15.69576204954308,9600
2013-11-20,15.23087215423584,15.573726683382674,15.230872154235842,15.318039424110161,7600
2013-11-21,15.492374420166016,15.56210802642177,15.294797162215787,15.294797162215787,4500
2013-11-22,15.515616416931152,15.66089372005456,15.440071598615377,15.492371516410033,6700
2013-11-25,15.620269775390625,16.05433104630595,15.495402166399826,15.78675840855335,9900
2013-11-26,15.548914909362793,15.727297025430753,15.287288486267625,15.727297025430753,5800
2013-11-27,15.780811309814453,15.93540755365194,15.46567037004412,15.60242919642576,7300
2013-11-29,16.33379364013672,16.35163219262958,15.941354558243102,15.941354558243102,5400
2013-12-02,16.238658905029297,16.428932284581872,16.155414585004742,16.274336014284504,21400
2013-12-03,16.500282287597656,16.500282287597656,15.90567752047702,16.22081845533365,24000
2013-12-04,16.476499557495117,16.500284295451138,16.23865784852858,16.310010928277904,4500
2013-12-05,16.648937225341797,16.857049167482337,16.470556208717813,16.55380053192649,8500
2013-12-06,16.767860412597656,17.065162894139323,16.488395354112352,16.857050930236365,27100
2013-12-09,16.886777877807617,17.023536724072112,16.738126662097834,16.845155718867883,6800
2013-12-10,16.833261489868164,16.898668380473037,16.77974696739484,16.851100042065486,12300
2013-12-11,16.327850341796875,16.886779276721004,16.31595910548528,16.886779276721004,18500
2013-12-12,16.39325523376465,16.470554497959967,16.202981866697293,16.339740707512114,2100
2013-12-13,16.607315063476562,16.70839794199359,16.143522832495115,16.417041676648946,26100
2013-12-16,16.755962371826172,16.975965498623097,16.59541881392447,16.59541881392447,37300
2013-12-17,16.482446670532227,16.916509089732887,16.482446670532227,16.732180762545692,20800
2013-12-18,16.625150680541992,16.690557575460737,16.321903212017514,16.559744919741966,46200
2013-12-19,16.506229400634766,16.57758134159982,16.387307986868137,16.422985091469318,29700
2013-12-20,16.04244041442871,16.535962450972495,15.870005577961521,16.535962450972495,105900
2013-12-23,16.107845306396484,16.220820544251566,15.90567956881107,16.220820544251566,17600
2013-12-24,16.084062576293945,16.191091642979934,16.006764435975665,16.17325422127819,26100
2013-12-26,16.006763458251953,16.090007778759052,15.947302743267391,16.048385618505502,17900
2013-12-27,16.060277938842773,16.167306998661456,15.935410324348044,16.113792468752113,7500
2013-12-30,16.202980041503906,16.262440745544154,15.965138359461514,16.113789552502833,54200
2013-12-31,15.875953674316406,16.25055431871308,15.727302426931868,16.113795443307865,24700
2014-01-02,15.542973518371582,15.923521469527548,15.542973518371582,15.780816413138677,7700
2014-01-03,15.709460258483887,15.965140526681768,15.644053361748963,15.644053361748963,29300
2014-01-06,15.852168083190918,15.935412414359456,15.72730158643811,15.780816123366156,44800
2014-01-07,15.822433471679688,16.03054423623999,15.757026583321531,15.870001808453273,87400
2014-01-08,15.94730281829834,15.994871163686032,15.810543967073574,15.810543967073574,57400
2014-01-09,16.018653869628906,16.11379054832525,15.846217930667612,15.917571006749206,66200
2014-01-10,16.214876174926758,16.440825541812533,15.91757371979771,16.095954739227594,47900
2014-01-13,16.244604110717773,16.428931294283664,15.905679532054489,16.256496479752666,33800
2014-01-14,16.143522262573242,16.250551322414992,16.072170312091277,16.22082153206731,58100
2014-01-15,16.006763458251953,16.167307048474626,16.006763458251953,16.07217035814685,78900
2014-01-16,16.16730499267578,16.19108859517405,15.768919727291463,15.852164037213402,55200
2014-01-17,16.04244041442871,16.292174525337547,15.92352011130762,16.226768755562553,109100
2014-01-21,15.959192276000977,16.20892632724553,15.89378538773355,16.185141591832426,30200
2014-01-22,15.858109474182129,16.04838282167784,15.757026616560205,16.04838282167784,3700
2014-01-23,15.41215991973877,15.905681969116701,15.328915591977331,15.899735783688183,41300
2014-01-24,14.984042167663574,15.435940840379276,14.823498591396339,15.328912923653164,105500
2014-01-27,14.942416191101074,15.192150220144587,14.829442110287905,15.037553990177251,35300
2014-01-28,15.067290306091309,15.097020101487438,14.829448540565275,14.97809978578392,74700
2014-01-29,14.894850730895996,15.5489162791967,14.86512094265817,15.22783025657702,82100
2014-01-30,14.894850730895996,15.102962650916956,14.894850730895996,14.966203810432994,79600
2014-01-31,14.758091926574707,14.85322861011134,14.264569955433897,14.835391190772427,142700
2014-02-03,14.58565616607666,15.311073614479985,14.508356906897111,14.865120014058238,31300
2014-02-04,14.722418785095215,14.906746003131179,14.526199195800428,14.704580228206982,46700
2014-02-05,14.58565616607666,14.859173829958378,14.377544259056114,14.746198600298312,72900
2014-02-06,15.019718170166016,15.144584640324073,14.716469570200962,14.7224157546064,17200
2014-02-07,15.031608581542969,15.346748375162308,15.025662397911852,15.204043370371153,18700
2014-02-10,14.835390090942383,15.257558951073626,14.769983200565402,15.067285598106382,16400
2014-02-11,14.817553520202637,15.156478117261189,14.793768780841926,14.948366184330157,21500
2014-02-12,14.847282409667969,15.132693594089844,14.698631200036903,14.936474042741589,21800
2014-02-13,14.93647289276123,15.162422214992047,14.752144590444926,14.764036958488296,27700
2014-02-14,15.519185066223145,15.762972936572343,14.966202436463726,15.025663141599326,15600
2014-02-18,15.073232650756836,15.5251324571544,15.061340281981417,15.5251324571544,47500
2014-02-19,14.942416191101074,15.233773503417261,14.787819961133739,15.132690655134923,57500
2014-02-20,14.995930671691895,15.108905886358286,14.93647110682185,15.037553954866832,75900
2014-02-21,14.894850730895996,14.960257625961683,14.585657077218936,14.847282389244238,168700
2014-02-24,15.085127830505371,15.245670302414295,14.787825360432587,14.787825360432587,44000
2014-02-25,15.06134033203125,15.168369383128274,14.942418912119289,15.019718175297678,13500
2014-02-26,14.966204643249512,15.305129238143081,14.716470552151284,15.227831103952129,46600
2014-02-27,14.823497772216797,15.132692538877556,14.740253463546072,15.079178016412477,26400
2014-02-28,14.639171600341797,14.865120939611657,14.484574206475589,14.865120939611657,29800
2014-03-03,14.389435768127441,14.621331263583345,14.329975064797608,14.621331263583345,17900
2014-03-04,15.05539608001709,15.10891061243431,14.567820237210292,14.567820237210292,22400
2014-03-05,14.966204643249512,15.138639466038,14.91269011414855,15.037557726757058,21500
2014-03-06,14.954314231872559,15.34675340725595,14.948368046291726,15.1148578401982,20800
2014-03-07,15.239724159240723,15.239724159240723,15.013774780370248,15.049450759324762,10000
2014-03-10,15.709460258483887,15.846219102458043,15.239721880330801,15.239721880330801,43500
2014-03-11,15.67378044128418,15.899729730958667,15.578643778882451,15.745132371026239,19300
2014-03-12,16.054332733154297,16.084062525308887,15.572703068712954,15.667839764550285,225400
2014-03-13,16.04244041442871,16.208930199740895,16.006764436904273,16.208930199740895,18600
2014-03-14,15.959192276000977,16.090004918417225,15.911623939293376,16.090004918417225,35500
2014-03-17,15.988923072814941,16.547851915083267,15.988923072814941,16.048383780991347,18600
2014-03-18,15.727298736572266,16.048384765839188,15.590538759138324,16.048384765839188,97600
2014-03-19,16.048383712768555,16.45866134991109,15.816488199396924,15.816488199396924,38300
2014-03-20,15.929464340209961,16.12568389367406,15.929464340209961,16.08406060186881,41100
2014-03-21,16.607315063476562,16.631098669770594,16.0781170645974,16.0781170645974,14000
2014-03-24,16.583532333374023,16.89272719150994,16.411097480952943,16.648939243319425,10400
2014-03-25,17.005701065063477,17.082999206224983,16.631099327576095,16.631099327576095,82500
2014-03-26,17.184080123901367,17.374353496498838,17.011645305279448,17.09488962226115,24900
2014-03-27,16.958131790161133,17.42192288003401,16.63109841912585,17.207865890138386,33800
2014-03-28,16.886777877807617,17.148404335010092,16.862994273035813,17.08299743717978,20400
2014-03-31,17.21381187438965,17.279217640538825,16.928400667659478,16.928400667659478,20400
2014-04-01,17.45760154724121,17.60030659793977,17.166245260300116,17.243543404133902,14300
2014-04-02,17.30299949645996,17.481380478581958,17.18407808563288,17.481380478581958,6300
2014-04-03,17.005701065063477,17.30894971260887,16.98191632370985,17.201920644755333,6000
2014-04-04,17.778682708740234,17.81435867801424,17.18407792828659,17.18407792828659,32000
2014-04-07,17.737064361572266,18.046259185943402,17.61814292631603,17.832201056129716,15100
2014-04-08,17.97490692138672,18.105720732984867,17.79652589444968,17.826255687566217,19500
2014-04-09,17.903554916381836,18.14734284846601,17.606252449535873,17.986799244180656,70800
2014-04-10,17.713279724121094,17.91544433770102,17.70733353929245,17.91544433770102,23700
2014-04-11,17.998685836791992,18.11760610488118,17.546786096168574,17.707329648913447,35300
2014-04-14,17.903554916381836,18.04625996437363,17.867877803794705,17.95706945114362,59200
2014-04-15,17.838144302368164,17.98084932069287,17.77868359453654,17.96301076810778,22800
2014-04-16,18.284099578857422,18.284099578857422,17.957067357110734,17.97490477720531,37700
2014-04-17,18.1473388671875,18.1830148378289,17.986795298123212,18.165176285448872,3800
2014-04-21,17.951122283935547,18.25437091962752,17.951122283935547,18.18301783247459,7300
2014-04-22,18.183012008666992,18.230580340160415,18.010577232297774,18.075982979277175,8400
2014-04-23,17.832197189331055,18.11760721111405,17.641923841475723,18.11760721111405,45600
2014-04-24,17.945175170898438,17.99868969996623,17.588412021819426,17.850038482359874,54200
2014-04-25,18.111665725708008,18.111665725708008,17.80841820772006,17.957069441059563,75600
2014-04-28,18.1473388671875,18.1830148378289,17.980849113996534,18.1830148378289,10600
2014-04-29,17.6954402923584,18.236530609632947,17.534896712300572,18.236530609632947,10800
2014-04-30,17.505168914794922,17.689496119834878,17.118675949084487,17.570574683869115,14100
2014-05-01,17.707332611083984,18.18301603125251,17.624087161965445,17.624087161965445,4200
2014-05-02,17.766794204711914,17.80841750105518,17.540844838014202,17.74895678325509,24800
2014-05-05,17.35651397705078,17.635977817482154,17.32083687341549,17.46948806954,15600
2014-05-06,17.64787483215332,17.754903903003353,17.36246473263252,17.36246473263252,3700
2014-05-07,17.760847091674805,17.778684511060774,17.570572589980856,17.61814093187466,21000
2014-05-08,18.313827514648438,18.31977369878433,17.683546739786284,17.683546739786284,11800
2014-05-09,18.43275260925293,18.43275260925293,18.111665406521137,18.313831171029552,9400
2014-05-12,19.08681869506836,19.152225604910424,18.426807947309033,18.432754133123673,21600
2014-05-13,19.31871223449707,19.41979396846394,19.098706810738374,19.16411370600515,18500
2014-05-14,18.896541595458984,19.205735240052746,18.801404914950336,19.18195050286624,15900
2014-05-15,18.644908905029297,19.045092223153915,18.638845381239662,19.045092223153915,10300
2014-05-16,18.92989158630371,19.330074989035047,18.584278752717477,18.584278752717477,20700
2014-05-19,18.8692569732666,19.123919221167018,18.8692569732666,19.026903985134382,10900
2014-05-20,18.687355041503906,18.869257311261986,18.553960968880574,18.820750270626313,10500
2014-05-21,18.73586082458496,18.808621958904265,18.590339712445346,18.778304337729974,4800
2014-05-22,18.66916847229004,18.86319666443413,18.66916847229004,18.8086260908312,22500
2014-05-23,18.760114669799805,18.9723333891763,18.578212414691816,18.717671157224302,16200
2014-05-27,18.820749282836914,18.838938699308716,18.66916464424383,18.699481109362843,2800
2014-05-28,18.723731994628906,18.820747216657047,18.608528514624723,18.78436607470941,21600
2014-05-29,18.481199264526367,18.838939111962,18.43875574983045,18.723734460288057,33200
2014-05-30,18.105268478393555,18.59640235309141,18.099204954446797,18.566085889856566,18500
2014-06-02,18.396310806274414,18.475134305087522,18.13558505739429,18.13558505739429,6900
2014-06-03,18.4084415435791,18.766181434925272,18.30536392816581,18.456948588685403,18600
2014-06-04,18.493330001831055,18.735865245965048,18.438759427338496,18.51152057882833,13700
2014-06-05,18.741926193237305,18.76011676773204,18.47513688314343,18.47513688314343,8900
2014-06-06,19.560482025146484,19.70600430542885,18.766179947308032,18.911701071091308,49700
2014-06-09,19.681751251220703,19.98492056431898,19.49378775741868,19.56048306338173,16400
2014-06-10,19.493785858154297,19.639305818984525,19.208805991447825,19.639305818984525,21800
2014-06-11,19.627178192138672,19.93641214754381,19.530164116775847,19.530164116775847,19500
2014-06-12,19.645370483398438,19.645370483398438,19.524102307476603,19.524102307476603,161400
2014-06-13,19.712066650390625,19.948540644695214,19.58473610091766,19.778764265733088,67000
2014-06-16,19.699941635131836,19.851526281310758,19.239123015468955,19.372518244265812,32400
2014-06-17,20.063743591308594,20.10012473858227,19.70600373861081,19.70600373861081,20600
2014-06-18,20.07587242126465,20.12437830893424,19.857590144255695,20.069807739682002,6400
2014-06-19,19.675687789916992,20.23958286600169,19.627179592276164,20.087998217871355,11400
2014-06-20,19.72418975830078,20.17894361239992,19.554415726263038,19.869712009331497,17400
2014-06-23,19.269441604614258,19.669623841569436,18.942018197333937,19.669623841569436,108300
2014-06-24,19.239120483398438,19.433148619931462,19.239120483398438,19.305818089018757,12900
2014-06-25,19.342201232910156,19.457405891469715,19.293694190858623,19.293694190858623,9200
2014-06-26,19.02690315246582,19.41496061011676,18.93595260144571,19.233058351577537,73400
2014-06-27,19.129980087280273,19.29369176732711,19.06934715970645,19.06934715970645,11900
2014-06-30,19.560482025146484,19.560482025146484,18.948081062912355,19.014778678333514,30200
2014-07-01,19.584735870361328,19.8272722300245,19.31188420048887,19.584735870361328,11100
2014-07-02,19.663557052612305,19.71812760822446,19.46346424436849,19.5726053555928,5300
2014-07-03,19.572608947753906,19.69994180955016,19.518038382126413,19.69994180955016,5200
2014-07-07,19.257312774658203,19.736319634939413,19.178488114340407,19.621116141396516,29800
2014-07-08,19.31794548034668,19.402832502465305,19.18455026673291,19.18455026673291,65900
2014-07-09,19.463470458984375,19.54835981603972,19.281569319862726,19.281569319862726,9100
2014-07-10,19.22093391418457,19.451343227805207,19.15423629868927,19.166363348142795,12900
2014-07-11,19.572608947753906,19.663560661465777,19.24518671048804,19.24518671048804,18900
2014-07-14,19.627178192138672,19.64536992145533,19.481658235593436,19.572607630184706,11800
2014-07-15,19.645370483398438,19.78482807615922,19.621116385614457,19.621116385614457,23200
2014-07-16,19.590801239013672,19.706004741747606,19.560482458243172,19.706004741747606,8200
2014-07-17,19.634471893310547,19.819007107088247,19.591414028734064,19.745191613690587,10200
2014-07-18,19.695981979370117,19.825155562266016,19.68367939816897,19.763645002737714,11400
2014-07-21,19.96048927307129,20.052755147790336,19.62217519957227,19.62217519957227,19300
2014-07-22,20.003543853759766,20.206530621869835,19.89897306387195,20.028149021554302,18200
2014-07-23,20.101961135864258,20.145019004032513,19.94818236484111,20.145019004032513,12200
2014-07-24,20.66171646118164,20.72937949813658,20.040451237871405,20.040451237871405,53400
2014-07-25,20.69862174987793,20.81549276113839,20.28649345857844,20.63095872097222,13300
2014-07-28,20.6186580657959,20.809344588126606,20.520239745410535,20.661715934309633,9200
2014-07-29,20.45257568359375,20.78473837815113,20.409517817241245,20.68632006270573,6600
2014-07-30,20.47102928161621,20.612505469614366,20.30494792705894,20.532542198013996,8500
2014-07-31,19.406877517700195,20.391062912248902,19.271552641900083,20.231131700388904,34100
2014-08-01,19.800552368164062,19.997388993994367,19.38842641610614,19.38842641610614,10800
2014-08-04,19.96048927307129,19.991244564644305,19.78210529687812,19.89897634344692,4900
2014-08-05,19.76979637145996,20.14501690917412,19.572959752737383,19.775948835688684,8200
2014-08-06,20.05889892578125,20.20037508292152,19.665224559373602,19.665224559373602,7400
2014-08-07,19.92972755432129,20.224982481865908,19.874367108751823,20.077353844854805,2700
2014-08-08,20.51408576965332,20.51408576965332,19.948181055735173,19.948181055735173,8400
2014-08-11,20.69862174987793,20.729377032159352,20.14501728290179,20.391064234108434,38500
2014-08-12,21.061542510986328,21.1107504998798,20.69862450029496,20.69862450029496,53500
2014-08-13,21.781227111816406,21.990366354219148,20.93236755777255,21.012333183347202,80800
2014-08-14,21.3752498626709,21.92885439482764,21.36909974408156,21.842736309231555,27700
2014-08-15,21.44291114807129,21.83658440701484,21.282979920076897,21.436758683506582,14900
2014-08-18,21.842737197875977,21.89809765334392,21.633597960161296,21.633597960161296,13800
2014-08-19,21.79967498779297,21.97805890285029,21.756617125051893,21.891943177368145,13700
2014-08-20,21.446430206298828,21.90527794144841,21.446430206298828,21.52185900494192,26100
2014-08-21,22.320125579833984,22.37669597698739,21.377287225785157,21.402430157355987,26500
2014-08-22,21.76699447631836,22.144128841584614,21.660138220910437,22.144128841584614,11200
2014-08-25,21.867563247680664,22.10641388735839,21.81099285454399,21.842420317895083,10200
2014-08-26,21.842418670654297,21.98698690937616,21.68527896798772,21.79841974572858,7600
2014-08-27,21.823562622070312,21.91156047171389,21.785848230325247,21.91156047171389,4300
2014-08-28,21.829849243164062,21.999560425607307,21.56585566898244,21.641282061925505,86600
2014-08-29,21.691566467285156,22.06241631220048,21.01900863972444,21.886420588431143,19000
2014-09-02,21.905275344848633,22.181842778232216,21.704136701166988,21.84870495145306,17700
2014-09-03,21.974416732788086,22.106413515298176,21.90527487592231,21.961845268106877,13200
2014-09-04,22.28241539001465,22.408127660317213,21.942992979526363,22.081276716635397,14400
2014-09-05,22.420696258544922,22.885830929568318,21.94299251874112,22.244700522474375,17000
2014-09-08,22.18812370300293,22.502403082359233,22.18812370300293,22.269837013008754,5600
2014-09-09,21.773279190063477,22.018416769289512,21.15729177622933,21.993276236422567,23600
2014-09-10,21.653852462768555,21.74185031650405,21.358429041432228,21.6224250004004,11800
2014-09-11,21.19500732421875,21.565857178984256,21.19500732421875,21.565857178984256,14300
2014-09-12,21.100723266601562,21.503000601559286,21.056724332950687,21.195008066003176,57600
2014-09-15,21.1761474609375,21.213861856320765,20.868154957473823,21.132148531871263,61400
2014-09-16,20.893301010131836,21.207580492007835,19.54818401246342,21.019010884672507,33100
2014-09-17,21.371000289916992,21.371000289916992,20.94358009229772,20.94358009229772,85300
2014-09-18,21.42757225036621,21.46528664624652,21.320715994252925,21.42128771660041,12900
2014-09-19,21.73556900024414,21.766996467263912,21.496715934922218,21.55328633466262,14000
2014-09-22,21.616140365600586,21.77956702369484,21.433857707634658,21.666426228940953,12600
2014-09-23,21.188724517822266,21.57214591323833,21.09444210112545,21.53443150790214,24900
2014-09-24,21.616140365600586,21.678997694776044,21.239005981595575,21.333288378715856,58200
2014-09-25,21.402427673339844,21.546995916450303,21.182433042032986,21.452713530645212,22500
2014-09-26,21.201292037963867,21.496715497008058,21.182436037688532,21.339575767348297,14700
2014-09-29,21.57843017578125,21.836139252611538,20.868157881975968,21.03786908834159,45400
2014-09-30,22.200695037841797,22.244693958876958,21.26414383550896,21.44642405218547,44900
2014-10-01,22.628116607666016,22.728685918900737,21.766991730358615,22.16298204460448,53700
2014-10-02,22.565263748168945,22.72240346118471,22.244697390870208,22.697260531639373,31100
2014-10-03,22.841833114624023,23.00525739215862,22.653265902772663,22.653265902772663,16100
2014-10-06,23.256681442260742,23.482963050746303,22.904687562642966,22.904687562642966,24200
2014-10-07,22.6344051361084,23.174966178577474,22.470980875664274,23.174966178577474,22800
2014-10-08,22.728687286376953,22.78525767721015,22.313838552854076,22.64697396678197,14600
2014-10-09,23.34467315673828,23.38238754746131,22.489832815775035,22.728685828164533,15000
2014-10-10,22.716115951538086,23.332103323144715,22.64068956258425,23.332103323144715,20000
2014-10-13,22.420696258544922,22.892115463958522,22.420696258544922,22.6281218598527,29100
2014-10-14,21.936704635620117,22.621833872143817,21.84241984982554,22.565263480219414,50000
2014-10-15,21.107006072998047,21.666423032436732,20.987578364065126,21.622424107386156,37100
2014-10-16,21.641281127929688,21.804705371880218,20.71101432924108,20.836726577228557,50700
2014-10-17,22.200695037841797,22.998964944533288,21.848701271799147,21.892702590595672,91400
2014-10-20,22.910966873168945,23.024107639773145,21.99327167538941,21.99327167538941,19400
2014-10-21,22.77268409729004,23.042964561966574,22.634400399708152,23.042964561966574,70100
2014-10-22,23.288103103637695,23.35096042241119,22.477261674671144,22.628116841965994,18200
2014-10-23,23.916664123535156,24.161801695089178,23.174964477531738,23.23153487079511,69100
2014-10-24,23.734378814697266,24.017230749264677,23.72180974894893,24.004659285754848,39100
2014-10-27,23.552099227905273,23.690380534746247,23.413815523302738,23.564670691756554,11500
2014-10-28,24.40065574645996,24.463510675913383,23.577242743153686,23.6966704659818,102900
2014-10-29,24.18694496154785,24.2875142845533,23.174964800064497,23.1875362651604,114800
2014-10-30,24.44465446472168,24.953788020823488,23.77209665480056,23.80981105080279,76300
2014-10-31,24.890928268432617,25.148637288261806,24.205799059946003,24.44465208249259,61800
2014-11-03,25.224069595336914,25.412636787780265,24.595510688684445,24.777790949314586,50900
2014-11-04,25.12349510192871,25.53205686861383,24.972639940325863,25.330918251650996,73600
2014-11-05,24.997783660888672,25.393776374632758,24.702360258820374,25.230349744558648,95200
2014-11-06,24.721220016479492,24.884644257804155,24.639506696936333,24.872072793431236,11700
2014-11-07,24.44465446472168,24.890930694153106,24.356656605144988,24.702363509665645,47100
2014-11-10,23.866384506225586,24.476085067656026,23.853813039279515,24.476085067656026,32200
2014-11-11,23.87266731262207,24.10523343988302,23.75324198192309,23.885238778658064,32100
2014-11-12,24.1429443359375,24.846929547502796,23.878950780761123,23.878950780761123,61400
2014-11-13,23.77838706970215,24.293805235094933,23.476676653009704,24.155521493924415,85100
2014-11-14,23.973234176635742,24.168088283502907,23.816094463996272,23.816094463996272,21700
2014-11-17,23.0681095123291,24.708648440263808,23.017823655065033,23.797237658326566,17500
2014-11-18,23.570955276489258,24.061230378956537,22.628117065429688,23.181249487291208,46800
2014-11-19,24.224658966064453,24.44465360728955,23.62124303776553,23.696669429362455,41700
2014-11-20,24.111520767211914,24.532654096395426,23.828668771168207,23.99837996879443,18100
2014-11-21,24.570369720458984,24.903505200322982,24.04866463532044,24.243518775148473,13400
2014-11-24,23.74066925048828,24.576651316346496,23.70295485439051,24.388084131381337,27300
2014-11-25,24.086376190185547,24.520080955999223,23.910380470335678,23.910380470335678,15100
2014-11-26,23.570955276489258,24.124087698350777,23.281818800560433,24.023518385081555,56300
2014-11-28,22.98639678955078,23.426388460980622,22.628118439414322,23.426388460980622,29300
2014-12-01,22.61554718017578,22.961254068809897,22.51497785988655,22.77268689298781,25600
2014-12-02,22.452125549316406,22.88583034400569,22.452125549316406,22.558979415550372,14500
2014-12-03,22.797828674316406,22.860683597170915,22.41440741072371,22.41440741072371,13700
2014-12-04,22.866973876953125,23.130967468917532,22.59669335312559,22.709834149042326,64500
2014-12-05,22.923540115356445,23.086964347714527,22.82297080365266,22.84182680029664,33600
2014-12-08,23.262962341308594,23.445244986075224,22.942398377892935,22.948682911474442,19000
2014-12-09,22.57154655456543,23.28181867442203,22.433262850408862,23.011538196895046,61700
2014-12-10,22.778974533081055,22.973826248463844,22.34526737765629,22.59669188508403,85300
2014-12-11,22.062416076660156,22.86068615457453,21.873848889240183,22.86068615457453,25200
2014-12-12,21.89899444580078,22.313843266966288,21.68528430169963,21.89899444580078,33600
2014-12-15,21.11957550048828,21.81727617788455,20.92472379986305,21.81727617788455,115900
2014-12-16,21.056724548339844,21.54071522121224,20.271025871162983,20.981298146704248,83300
2014-12-17,21.96184539794922,22.67211757118547,20.497304521474952,21.063006048903464,170500
2014-12-18,23.20010757446289,23.40753315050974,22.10641409608142,22.10641409608142,80200
2014-12-19,23.495529174804688,23.797237118257005,23.09325191686826,23.09325191686826,27500
2014-12-22,23.093257904052734,23.508106733574053,23.04925656965661,23.508106733574053,18700
2014-12-23,22.59040641784668,23.438962387093877,21.20129179878811,23.099539999395,43000
2014-12-24,22.59040641784668,22.829259475608332,22.52755148579665,22.52755148579665,11700
2014-12-26,23.193822860717773,23.269249252439156,22.527549606853896,22.59669146499923,86600
2014-12-29,22.904680252075195,23.382386250354074,22.885824256640447,23.1498201815338,13600
2014-12-30,22.898399353027344,23.26924917457909,22.791543100497982,22.816686030241566,20200
2014-12-31,22.841833114624023,23.130969665980256,22.835548579925927,22.854404581782408,5800
2015-01-02,22.31383514404297,22.88582349830376,22.131552535009202,22.88582349830376,17300
2015-01-05,22.106414794921875,22.546406493186026,21.999560935588992,22.244698516657945,77000
2015-01-06,23.049251556396484,23.099537414619228,21.98070344454182,22.074985832066925,65500
2015-01-07,23.187536239624023,23.319533026342974,22.753831484220992,23.017825057658893,11500
2015-01-08,22.910966873168945,23.52695415925773,22.910966873168945,23.300672626049334,18200
2015-01-09,23.23153305053711,23.344673828198943,23.07439334798029,23.07439334798029,26000
2015-01-12,23.187536239624023,23.250393565034326,22.470979514279108,23.093253848151257,22300
2015-01-13,22.854400634765625,23.495530962545065,22.77897424260386,23.250393389697997,19500
2015-01-14,23.20010757446289,23.426389149146075,22.42698045946986,22.42698045946986,32600
2015-01-15,23.04296875,23.225251403076435,22.929827958280963,23.20639300594868,15300
2015-01-16,23.558382034301758,23.633808414119713,23.130961885731047,23.130961885731047,18600
2015-01-20,23.709243774414062,24.010951775214494,23.602387508722757,23.671529375153238,55600
2015-01-21,23.501815795898438,23.822382162757528,23.445245401615175,23.822382162757528,14200
2015-01-22,23.589813232421875,23.897808128626917,23.445244982451918,23.740668413734127,55600
2015-01-23,23.413818359375,23.979522312397528,23.09325438450347,23.57095807990772,69400
2015-01-26,23.690383911132812,23.702955376775797,23.29439353330737,23.29439353330737,5400
2015-01-27,24.375513076782227,24.488653869220297,23.476673668947495,23.552102462414133,29700
2015-01-28,24.042377471923828,24.38179984699031,23.89152228375144,24.38179984699031,16500
2015-01-29,23.885234832763672,24.01094707459369,23.671524740981113,23.98580414667537,28500
2015-01-30,23.288103103637695,23.910377371806835,22.992682097567652,23.910377371806835,35200
2015-02-02,23.860095977783203,23.96695224079572,23.124683193848632,23.520673586230945,22500
2015-02-03,23.8223819732666,24.28122965757577,23.262962568576672,23.96066329326657,86400
2015-02-04,23.514387130737305,23.75952470535237,23.306963951356014,23.75952470535237,37700
2015-02-05,24.224658966064453,24.362940284365187,23.47038785680992,23.47038785680992,32200
2015-02-06,24.199514389038086,24.469794871437884,23.979519762787834,24.136659466612755,22600
2015-02-09,24.262371063232422,24.664650748188983,24.004662026263148,24.218372134805602,16600
2015-02-10,24.708650588989258,24.708650588989258,24.155518099790967,24.293801821531005,10200
2015-02-11,23.904096603393555,24.63951183717946,23.734385395596806,24.63951183717946,21600
2015-02-12,24.777788162231445,24.922358804530262,24.08008986844652,24.08008986844652,21800
2015-02-13,24.36294174194336,24.97893156975039,24.249803346660045,24.853219311059938,15400
2015-02-17,24.350374221801758,24.947503292452392,24.287516889580285,24.34408728969858,16400
2015-02-18,24.010950088500977,24.834360700208837,23.834951968742647,24.40065592910535,12800
2015-02-19,23.853811264038086,24.136663254868964,23.60238673935242,23.809812331882387,9800
2015-02-20,23.690383911132812,23.985807359338185,23.558387118524333,23.985807359338185,10300
2015-02-23,23.929237365722656,23.92923736572266,23.288106993707157,23.72809870757214,11400
2015-02-24,23.514387130737305,24.036092141543147,22.15041553956658,22.15041553956658,20900
2015-02-25,23.09954071044922,23.64638630895587,23.036685776464374,23.42639164224688,20700
2015-02-26,23.23153305053711,23.350960759047698,22.86697018744131,22.86697018744131,18900
2015-02-27,23.77838706970215,24.017237752753893,23.149828097490246,23.187540101255156,32800
2015-03-02,23.797237396240234,24.0675178816538,23.665240619018245,23.834949391011303,12800
2015-03-03,23.376102447509766,23.765810655550148,23.36353098295088,23.765810655550148,25800
2015-03-04,23.29439353942871,23.545815659068758,23.256679142489848,23.350963935956052,33000
2015-03-05,22.910966873168945,23.39495739747328,22.75382718596993,23.39495739747328,15700
2015-03-06,22.062416076660156,22.778975225275065,22.01841714618756,22.70354643209757,13800
2015-03-09,22.370410919189453,22.659547432198316,22.024704010351734,22.024704010351734,18400
2015-03-10,21.79213523864746,22.364126121823073,21.622426450922337,22.288697329765416,27200
2015-03-11,21.433853149414062,22.01212846603995,21.389854227229222,21.603564305453354,47400
2015-03-12,22.458406448364258,22.4772624457624,21.578425535201085,21.578425535201085,45000
2015-03-13,22.43326187133789,22.43954880184965,22.219551791405554,22.282409107715914,104600
2015-03-16,22.628116607666016,22.734970451832243,22.31383721033732,22.382979061391474,8700
2015-03-17,22.47098159790039,22.62183679511137,22.320126400689407,22.502409064638755,24100
2015-03-18,23.21896743774414,23.244110371951987,22.219558581722872,22.426984192294352,34300
2015-03-19,22.954967498779297,23.03668081356534,22.75382887604558,23.024109349924295,18800
2015-03-20,23.853811264038086,24.09266432271327,22.87954542696458,23.187537952054452,38500
2015-03-23,23.790952682495117,24.010949729462922,23.72181321971742,23.828667078542644,10200
2015-03-24,23.966947555541992,24.06122993625632,23.65895269058088,23.904090237304256,12100
2015-03-25,24.09265899658203,24.193228304671184,23.790948674553135,23.904089445873613,12900
2015-03-26,23.99837875366211,24.05494915000647,23.627528910462836,24.048662218322708,18600
2015-03-27,24.036094665527344,24.073806666959396,23.74695573389672,24.02980773344731,10600
2015-03-30,24.256086349487305,24.369227135390748,23.891521062073597,23.973234384728695,15300
2015-03-31,24.450942993164062,24.53894085848791,24.08637766795156,24.105233668303242,21400
2015-04-01,24.9097900390625,25.255496956740217,24.450942326833975,24.576652189435375,45800
2015-04-02,25.192636489868164,25.494344409788805,25.048065863671543,25.048065863671543,7700
2015-04-06,25.406341552734375,26.569176588663968,25.12977658738781,25.12977658738781,28000
2015-04-07,25.58863067626953,25.770913321567836,25.1989248535118,25.381207498810106,17900
2015-04-08,25.437776565551758,25.833766901256503,25.337207248867145,25.51320295362481,17000
2015-04-09,25.19891929626465,25.58862503307857,24.83435408606748,25.343487514796248,8200
2015-04-10,25.092071533203125,25.63891953301846,24.872076865067335,25.142357398926762,11700
2015-04-13,24.985214233398438,25.148638479029408,24.985214233398438,25.148638479029408,34300
2015-04-14,25.136066436767578,25.481773283045843,24.985211275935573,25.129779506278798,13400
2015-04-15,25.31206512451172,25.44406190727398,25.016641698343268,25.28063766162952,15800
2015-04-16,25.6137752532959,26.041195498423384,25.293211268331245,25.299495802335212,18000
2015-04-17,25.48177719116211,25.613773978533434,25.173782289533875,25.488061724853303,12600
2015-04-20,25.418920516967773,25.632630634373182,25.17378293477725,25.475490912685732,7400
2015-04-21,25.6263427734375,25.821196866226188,25.418917216814553,25.544629457395594,10700
2015-04-22,26.399473190307617,26.588040376400297,25.532061256967044,25.645202048175026,16200
2015-04-23,26.04747200012207,27.864008680626203,25.97833255635139,26.770315473531888,43300
2015-04-24,25.928054809570312,26.24233426180753,25.29949590509588,26.24233426180753,17900
2015-04-27,25.651485443115234,26.52518178983581,25.393776431508723,26.022335230330608,70700
2015-04-28,25.928054809570312,26.223478261957116,25.58234789166176,25.58234789166176,91700
2015-04-29,25.651485443115234,25.97204937549932,25.550916131214194,25.909194454721746,15100
2015-04-30,25.10464096069336,25.708059311558525,24.985215635942247,25.626345985275204,44300
2015-05-01,24.802928924560547,25.123495245639752,24.746358538356066,25.123495245639752,3700
2015-05-04,25.092071533203125,25.129785932495853,24.72750859775495,24.72750859775495,82300
2015-05-05,25.664058685302734,25.814911464727395,25.13606916179303,25.13606916179303,156100
2015-05-06,25.70806121826172,26.17948041616802,25.582348952600967,25.796059084895635,43200
2015-05-07,25.085784912109375,25.752058190951374,25.079500378297723,25.714343794795916,142000
2015-05-08,25.330921173095703,25.51948834852585,25.173781460610293,25.456633422636376,39500
2015-05-11,25.48177719116211,25.796056626481537,25.205209753513454,25.205209753513454,66100
2015-05-12,25.764629364013672,26.028622940821084,25.34978060205786,25.34978060205786,43800
2015-05-13,25.544631958007812,26.009766574362093,25.519489027878006,25.8777673900615,72000
2015-05-14,25.726913452148438,26.31775789715623,25.620057202765192,25.890337695146613,93200
2015-05-15,25.965768814086914,26.185763468218962,25.764630159519932,25.83376962384579,97400
2015-05-18,25.6137752532959,26.07262296396707,25.53206192467278,26.07262296396707,47800
2015-05-19,25.418920516967773,25.758342891275515,25.286923726213164,25.758342891275515,50400
2015-05-20,25.387493133544922,25.41892059843076,25.11092808568294,25.400064599051632,66800
2015-05-21,25.783483505249023,25.858909893507697,25.280636920588428,25.400062235144805,92900
2015-05-22,25.58863067626953,25.70177146316077,25.048069671736226,25.607489072592585,53600
2015-05-26,25.449424743652344,26.089908191996653,25.292572977138654,26.089908191996653,54300
2015-05-27,25.521310806274414,25.73698505624964,25.233747632754124,25.73698505624964,54600
2015-05-28,24.854692459106445,25.384072834358044,24.769732115747424,25.384072834358044,120500
2015-05-29,24.560590744018555,25.050756847278077,24.37759370348433,24.972328475714672,51000
2015-06-01,24.501771926879883,24.750120969804456,24.266491786750205,24.658623691557104,32600
2015-06-02,24.57366371154785,24.639020698663124,24.325314639852223,24.44295472354558,46300
2015-06-03,24.90043830871582,25.23375267194725,24.540983646753848,24.540983646753848,70900
2015-06-04,24.94618797302246,25.06382804804268,24.769730353606082,24.802407598197487,27600
2015-06-05,25.08343505859375,25.19453818293321,24.835083525269187,24.835083525269187,48000
2015-06-08,25.37099838256836,25.384069778383967,25.03768651516882,25.25335831334174,59400
2015-06-09,25.22721290588379,25.5213130484549,25.227212905883786,25.39060159696623,27700
2015-06-10,25.207612991333008,25.488641805561407,25.06383011155639,25.462499010490358,68900
2015-06-11,25.429819107055664,25.54092472794553,25.08343583444364,25.318715979279695,76100
2015-06-12,25.299108505249023,25.469034168169788,25.20107677028457,25.259896808508838,18400
2015-06-15,24.95272445678711,25.357927767084767,24.841618835492355,25.17493320626271,48900
2015-06-16,24.769725799560547,25.10303762209406,24.75665440550444,24.946183386534262,40500
2015-06-17,25.416746139526367,25.45596032561264,24.802405516190564,24.828548306914744,97100
2015-06-18,25.397140502929688,25.652026481812552,25.27296349252046,25.5605292066355,45300
2015-06-19,25.573598861694336,25.671630581378018,25.194535898199376,25.436350465155435,34700
2015-06-22,25.723918914794922,25.776202005603142,25.580136052123045,25.65856193489231,47900
2015-06-23,25.573598861694336,25.750058948861277,25.553990523266727,25.553990523266727,75500
2015-06-24,25.30564308166504,25.501709026357386,25.299106137410835,25.501709026357386,15600
2015-06-25,25.50823974609375,25.61280840084071,25.22067656881796,25.38406524767967,10900
2015-06-26,25.723918914794922,25.789273401583664,25.253358631951592,25.41021289060399,24600
2015-06-29,25.58013343811035,25.821948006254516,25.482101717945014,25.599739283520698,48500
2015-06-30,25.65202522277832,26.070299884837542,25.599739643464098,25.704310802092543,37700
2015-07-01,25.90691566467285,25.991878499179307,25.580138216847786,25.808883926193776,26200
2015-07-02,26.214082717895508,26.364400018656283,25.84809114227341,25.906911172407078,98600
2015-07-06,26.174869537353516,26.27290375570754,25.887306319622787,25.972269142655357,98400
2015-07-07,26.606216430664062,26.72385649906974,25.848092930446263,26.05723027580884,50700
2015-07-08,26.48857879638672,26.704253105987465,26.37093871717068,26.52779298716341,52300
2015-07-09,26.861099243164062,26.95913345296571,26.58007050105376,26.763067526475936,98300
2015-07-10,27.403553009033203,27.514656128523438,27.037561422903465,27.253235703956808,27400
2015-07-13,27.449302673339844,27.68458280943811,27.05717077525194,27.44276822205436,24000
2015-07-14,27.684581756591797,27.867576302991687,27.351267412090618,27.455836080478228,111600
2015-07-15,27.72379493713379,27.906791986469873,27.67804629807823,27.68458324257979,46700
2015-07-16,27.86758041381836,28.050574987212304,27.64537164907683,27.854509016702497,37000
2015-07-17,28.370813369750977,28.52766761651768,27.808755850748,27.913324517554578,17000
2015-07-20,28.04403305053711,28.697587773218576,27.98521302577124,28.45577322389819,47400
2015-07-21,27.893720626831055,28.33160117067872,27.736866369069688,28.161678010124934,85800
2015-07-22,28.305458068847656,28.527666791020852,27.416623180154872,27.959072344419273,49800
2015-07-23,28.9197998046875,29.070117109018447,28.33159948938058,28.455776496564095,31400
2015-07-24,28.318532943725586,28.906730814862268,28.266247358852684,28.776019345793923,19200
2015-07-27,28.723730087280273,28.965544632617025,28.08324676877733,28.1551381859861,85700
2015-07-28,28.789087295532227,28.952475989029132,28.638769996688705,28.906727354299086,20200
2015-07-29,29.351152420043945,29.782498583134945,28.756417521037957,28.945949053046768,116600
2015-07-30,28.782556533813477,29.305399921393526,28.370816275356844,29.305399921393526,69800
2015-07-31,28.985151290893555,29.16814831069049,28.370810741946514,28.96554544678131,75500
2015-08-03,28.717195510864258,29.09625847171133,28.59955545357472,29.07665262653427,24400
2015-08-04,28.625701904296875,28.91980208514143,28.43617039962884,28.756413372796,46900
2015-08-05,27.900253295898438,28.82176545695443,27.815292967605917,28.540736695707015,146100
2015-08-06,27.72379493713379,28.24010385574807,27.55387177680083,28.102857938581394,137300
2015-08-07,28.03750228881836,28.07017953062868,27.74340212629799,27.74993657741456,162200
2015-08-10,28.84790802001953,29.00476226652603,28.03750147689137,28.135533199483472,161000
2015-08-11,28.259716033935547,28.749882227338045,27.932938571667215,28.638776593747437,55700
2015-08-12,27.99175453186035,28.220497724839156,27.61922598554459,28.220497724839156,52600
2015-08-13,28.168212890625,28.632238726467843,27.880649655648018,27.880649655648018,57000
2015-08-14,27.84797477722168,28.122466639407357,27.730334695395214,28.122466639407357,118400
2015-08-17,28.396955490112305,28.44923857572589,27.78914934953352,27.78914934953352,50300
2015-08-18,27.6584415435791,28.403493686908,27.553872865447218,28.403493686908,52100
2015-08-19,27.403553009033203,27.73033040957678,26.567003661438044,27.58001310450038,35300
2015-08-20,26.25983238220215,26.913387190135275,26.18140650332202,26.913387190135275,64000
2015-08-21,25.86115837097168,26.364395771465055,25.76312417217058,26.01801259043079,51000
2015-08-24,24.63248062133789,25.201075117929513,23.429939635577245,24.81547766887817,129900
2015-08-25,25.462495803833008,26.07683894506369,25.253358455830945,25.253358455830945,52400
2015-08-26,25.31871795654297,25.88077307707242,24.723983096478907,25.776204392658325,52100
2015-08-27,26.78268051147461,26.81535775908243,25.606282145793713,25.606282145793713,66300
2015-08-28,26.671567916870117,27.057165285436014,26.33171917736176,26.665030973797155,22200
2015-08-31,27.312061309814453,27.638838777049045,26.52126043745416,26.606220783892915,100000
2015-09-01,26.6781063079834,27.0440978876249,26.34479446230788,26.893780585213303,33800
2015-09-02,26.985280990600586,27.135598310468282,26.70425219903064,26.978744045802795,23500
2015-09-03,27.3316650390625,27.48198236315179,26.82842747939972,27.08985043014616,55900
2015-09-04,27.15519905090332,27.266304653541816,26.887241706216173,27.037558997810084,33400
2015-09-08,26.880706787109375,27.390478679550107,26.475501058802354,26.795743973998103,59000
2015-09-09,25.91998291015625,27.08330964028695,25.887305669230468,27.024489609375077,28400
2015-09-10,26.30558204650879,26.38400792845135,25.84155871310403,25.84155871310403,28900
2015-09-11,26.47550392150879,26.658500961313255,25.93958918353126,26.25983213335379,44200
2015-09-14,26.07029914855957,26.6846422225832,25.919981851946904,26.416682375835993,20500
2015-09-15,26.671567916870117,26.74999378195257,26.0441535168706,26.0441535168706,16400
2015-09-16,27.063705444335938,27.37741146395361,26.854568097924158,26.854568097924158,83200
2015-09-17,27.312061309814453,27.58001873322225,26.50818903959107,26.906855455401324,43500
2015-09-18,27.0767765045166,27.488516740898685,27.024490922004805,27.155202385170494,59200
2015-09-21,26.521255493164062,27.220558943227587,26.312115659458247,27.142130570670247,23200
2015-09-22,26.645429611206055,26.697712699014605,26.102977928149272,26.102977928149272,26800
2015-09-23,26.370941162109375,26.665041387416487,26.15526932562701,26.665041387416487,29600
2015-09-24,26.161800384521484,26.468971968120833,25.580136954984468,26.037625857994534,41600
2015-09-25,26.050695419311523,26.364401432476015,25.795809439434986,26.364401432476015,24300
2015-09-28,25.527849197387695,26.096441126578696,25.390600806385596,25.88076686437075,21100
2015-09-29,25.469032287597656,25.750061061350443,25.148789326886178,25.54092371713169,25200
2015-09-30,25.91998291015625,26.024551576986944,25.625882755596894,25.73045142242759,70300
2015-10-01,26.384008407592773,26.468971235556573,25.67163352646682,26.096445173171922,20500
2015-10-02,26.24022674560547,26.24022674560547,25.658560867677824,26.05069525144187,28900
2015-10-05,26.207548141479492,26.416685491267092,26.044159431138315,26.416685491267092,27000
2015-10-06,26.5081787109375,26.62581875275379,26.168329978258566,26.168329978258566,45400
2015-10-07,26.606216430664062,27.08984810001116,26.508184702401874,26.658502013561616,27500
2015-10-08,26.848031997680664,26.848031997680664,26.51471765829205,26.593143535101387,30100
2015-10-09,26.76306915283203,27.089846547877322,26.48857484457488,26.854566424546526,47500
2015-10-12,26.6781063079834,26.85456640032232,26.625823221242424,26.85456640032232,18900
2015-10-13,26.625829696655273,26.730398388682044,26.403620914459108,26.455904013915355,11000
2015-10-14,26.606216430664062,26.926459393127033,26.58661058363439,26.61928782638845,17100
2015-10-15,27.33819580078125,27.449298909195434,26.599678251104937,26.658498277063465,28400
2015-10-16,26.906850814819336,27.416625271102973,26.861102176745824,27.30551965498603,35500
2015-10-19,26.756532669067383,26.900315523157115,26.49511224440226,26.697712637222832,39300
2015-10-20,26.880706787109375,26.95259820642557,26.44936076432565,26.77613812986221,33500
2015-10-21,27.4166259765625,27.442768768452556,26.651965519018397,26.795748381299852,39100
2015-10-22,27.913326263427734,28.331600956815546,27.527728813002003,27.560406055964084,50100
2015-10-23,27.553869247436523,28.115926753511136,27.21402046485388,28.115926753511136,23900
2015-10-26,28.076719284057617,28.122467929854484,27.566947234827257,27.566947234827257,28900
2015-10-27,28.050573348999023,28.089787538056424,27.645370034528284,27.867578786292356,56500
2015-10-28,27.057172775268555,28.161679614579857,26.959138546943166,28.102859576207422,58700
2015-10-29,26.442829132080078,27.259772710009745,26.227157323925898,27.03102950543502,45600
2015-10-30,26.880706787109375,27.083307158149438,26.54739247811855,26.560463871913626,31100
2015-11-02,27.318592071533203,27.573478062643613,26.939531557170355,26.939531557170355,22400
2015-11-03,28.11592674255371,29.789027865436143,27.044097309579662,27.305517723924233,113200
2015-11-04,27.606157302856445,28.233569345551995,27.468908892861798,28.148606519005565,30100
2015-11-05,27.566938400268555,27.847967130451444,27.240161038950163,27.638829818656745,90100
2015-11-06,27.33819580078125,27.67804206952668,27.050630121378013,27.397013333626315,50400
2015-11-09,27.01141929626465,27.298982491746695,26.99181095824269,27.240162463907918,17700
2015-11-10,27.135595321655273,27.22055814287071,26.92645798721241,26.98527801834407,20800
2015-11-11,26.95259666442871,27.23362288904787,26.93952527138147,27.194411203019445,29500
2015-11-12,26.789213180541992,27.089847799526794,26.632358926703002,26.8414962697458,11900
2015-11-13,26.42975616455078,26.70425048683717,26.22715576486067,26.70425048683717,22400
2015-11-16,26.553936004638672,26.638896345699273,26.01802119174754,26.338261693221625,20000
2015-11-17,26.76306915283203,26.861100875477415,26.27943751119499,26.599680455309386,28100
2015-11-18,26.416683197021484,27.04409768500823,26.3121145312093,26.78267477392095,50200
2015-11-19,27.22709083557129,27.29244531344661,26.606213323301656,26.606213323301656,18500
2015-11-20,27.717262268066406,27.847973742250588,27.285916148438407,27.285916148438407,45800
2015-11-23,27.65190887451172,27.802226203196877,27.612694682766595,27.684586121075608,21600
2015-11-24,27.370880126953125,27.802226264646457,27.351271784480172,27.540803305329362,27800
2015-11-25,27.48851776123047,27.51465806034286,27.253237617421753,27.51465806034286,29000
2015-11-27,27.122526168823242,27.5146580800426,27.122526168823242,27.4427691410397,11200
2015-11-30,26.521255493164062,27.122524724087793,26.272903966293335,27.122524724087793,41700
2015-12-01,26.416683197021484,26.848031748249593,26.076836902967127,26.665034713243035,36400
2015-12-02,24.88083267211914,26.40361665291556,24.80240678903557,26.40361665291556,53000
2015-12-03,24.09656524658203,24.769728398991695,23.704433356200944,24.769728398991695,82300
2015-12-04,24.691299438476562,24.822010896529015,23.92664152250731,23.946247368625386,84500
2015-12-07,24.45602035522461,24.619409061477413,24.279562746411735,24.606340158917334,32300
2015-12-08,24.52791404724121,24.59980548352166,24.10310486766933,24.10310486766933,17400
2015-12-09,24.46908950805664,24.789332439928668,22.207790619136315,22.253539253244668,75800
2015-12-10,24.38413429260254,24.573663319427187,24.318777306530166,24.540986072948048,14000
2015-12-11,23.358049392700195,24.174992883737204,23.32536965856777,24.10310145762776,19400
2015-12-14,23.61947250366211,23.85475265477179,23.266552276997587,23.37112095603367,39800
2015-12-15,24.24034881591797,24.331846093489617,23.782859934945908,23.887428608329763,37100
2015-12-16,24.991939544677734,25.089971280168022,24.292633533987566,24.33184772405208,25000
2015-12-17,25.129182815551758,25.240285935993132,24.939651323266634,25.037685541514453,57300
2015-12-18,24.377593994140625,25.33832036578052,24.37759399414063,25.14225442076174,20400
2015-12-21,24.28609848022461,24.645553154340575,24.057355276636432,24.50177278056255,43000
2015-12-22,24.71744155883789,24.756655743124984,24.305701349721105,24.305701349721105,40500
2015-12-23,24.76319122314453,24.97886550601685,24.671693949118843,24.87429683668553,34600
2015-12-24,24.28609848022461,24.76319322850419,24.240349839506973,24.68476734343309,18400
2015-12-28,24.26649284362793,24.52137884216484,23.99853544861298,23.99853544861298,51100
2015-12-29,24.488697052001953,24.540980135095516,24.279559733400703,24.3775914491187,56100
2015-12-30,25.116111755371094,25.31871464566686,24.09003089463811,24.338382422562955,49600
2015-12-31,25.129182815551758,25.462494669989617,24.972328564977996,24.972328564977996,14500
2016-01-04,24.645549774169922,25.076895822572173,24.377592418239946,24.73704704305622,144100
2016-01-05,24.554052352905273,24.83508110166265,24.488697873567382,24.6782268608927,24700
2016-01-06,24.442955017089844,24.67169824195502,24.19460344929754,24.19460344929754,22300
2016-01-07,23.697895050048828,24.632478577965564,23.691360599267295,23.94624656267848,46300
2016-01-08,23.253482818603516,23.907037670259186,22.841742563988547,23.907037670259186,400900
2016-01-11,23.443012237548828,24.95925932024747,23.1031634096179,24.95925932024747,40400
2016-01-12,23.89396095275879,24.116169652559385,23.586789443092663,23.586789443092663,92700
2016-01-13,23.848215103149414,24.220741129612144,23.469152132720033,24.00506685475812,97300
2016-01-14,23.6717586517334,23.985464696289416,23.482227137382672,23.848218769255038,39300
2016-01-15,22.24700927734375,23.096630144252526,22.116297799408382,22.952847269212214,110600
2016-01-19,22.946308135986328,23.04433985460304,22.521496542639866,22.521496542639866,122600
2016-01-20,22.475751876831055,22.73063788059447,21.965979869304224,22.58032055768564,59200
2016-01-21,22.59992790222168,22.91363393094428,22.28621938038518,22.39732500126767,54000
2016-01-22,23.01166343688965,23.29922913857453,22.874417530056586,22.874417530056586,38000
2016-01-25,22.704496383666992,23.01820240969812,22.469216240865176,22.985522672998187,31600
2016-01-26,22.998592376708984,23.050877957090357,22.717563614943355,22.717563614943355,34300
2016-01-27,23.031272888183594,23.626007672965407,22.874418634860202,22.998593152785627,28200
2016-01-28,23.567190170288086,23.88743066942031,23.188127138368582,23.318838614655103,136100
2016-01-29,24.26649284362793,24.540984690324922,23.763255298236153,23.763255298236153,145200
2016-02-01,23.554115295410156,24.07042417929239,23.37765520244609,23.93971272230638,66500
2016-02-02,23.547578811645508,23.802464786538106,22.22739780719646,23.18812416774277,484100
2016-02-03,24.52791404724121,24.619411332283953,23.49529862489793,23.704435988742496,113000
2016-02-04,24.11617660522461,24.704374514428828,24.05735656499278,24.697840062453764,28600
2016-02-05,23.371118545532227,24.181527594311618,23.34497824830479,24.037744740549055,26600
2016-02-08,23.514902114868164,23.65868497300613,22.90056148183884,22.90056148183884,18100
2016-02-09,23.3319091796875,23.560652385197454,23.142377670485562,23.142377670485562,22000
2016-02-10,23.462617874145508,23.7893952679742,23.3319064179913,23.377655053678225,15400
2016-02-11,22.82867431640625,23.09663174281831,22.580322740451532,23.09663174281831,38000
2016-02-12,23.710969924926758,23.724041321522,22.77638625983557,23.03127475377188,28700
2016-02-16,23.429941177368164,24.05735574961399,23.397263932372255,24.05735574961399,35500
2016-02-17,24.34491729736328,24.776263383310134,23.253481933343906,23.606399645035832,35900
2016-02-18,24.684764862060547,25.135716772281,24.527910614571784,24.534447558653728,21900
2016-02-19,24.80240821838379,24.83508546379229,24.612876704654852,24.612876704654852,31800
2016-02-22,25.135719299316406,25.357928051282403,25.10304205496251,25.148790695680752,14100
2016-02-23,24.893898010253906,25.024609445660644,24.776257967699166,25.024609445660644,9600
2016-02-24,24.684764862060547,24.887367745668183,24.279561587958963,24.58673064574086,82000
2016-02-25,25.116111755371094,25.240286272776633,24.671694281448225,24.85468883196455,40400
2016-02-26,24.514841079711914,25.33832157856481,24.462557988657533,25.33832157856481,23700
2016-02-29,24.710906982421875,25.063824666757522,24.51483855509654,24.51483855509654,31100
2016-03-01,26.30558204650879,26.567004977135777,25.005006830965968,25.005006830965968,48000
2016-03-02,26.848031997680664,27.044097936260847,26.214083052928192,26.24022584290253,37400
2016-03-03,26.514719009399414,27.031027918690537,26.50818455812969,26.795747783159708,78900
2016-03-04,26.848031997680664,28.74333939477399,26.80881781271916,27.03102654127368,79500
2016-03-07,26.233688354492188,27.194414674647387,26.07683660412825,26.763068621476126,25500
2016-03-08,26.32518768310547,26.880710782964986,26.116050337522584,26.233690406052183,83400
2016-03-09,27.5734806060791,27.638837592593692,26.12259040905272,26.12259040905272,53400
2016-03-10,26.815353393554688,27.743402531838797,26.763070304516674,27.743402531838797,151500
2016-03-11,27.05063819885254,27.41009291232834,26.985283702989378,27.168278285897596,56300
2016-03-14,27.09638023376465,27.19441444675579,26.612751098896137,26.92645709010875,84500
2016-03-15,26.58007049560547,26.880707575482585,26.488573229469896,26.880707575482585,61200
2016-03-16,26.861099243164062,27.070236563834957,26.25983006951362,26.521252966908996,60900
2016-03-17,27.48851776123047,27.71072650892605,27.076777509565215,27.076777509565215,56700
2016-03-18,28.253171920776367,28.65837517311792,27.26630533206221,27.481977106024463,80300
2016-03-21,28.04403305053711,28.704122223475487,27.939464394632612,28.30545593685506,17300
2016-03-22,28.41656494140625,28.49499082633503,27.828367064769502,27.828367064769502,72800
2016-03-23,28.20089340209961,28.33813932530543,28.037504685964883,28.311996532376526,58400
2016-03-24,28.44923973083496,28.612628431321014,27.70418765551676,27.9525391783274,24000
2016-03-28,28.18128204345703,28.593022262103148,28.05057058592182,28.43616801443816,51500
2016-03-29,29.488391876220703,29.488391876220703,28.037501915622034,28.227030912844643,46500
2016-03-30,30.102745056152344,30.38377391361739,29.481867289819938,29.704076095882655,64300
2016-03-31,29.795560836791992,30.29879828813806,29.4099634386496,30.21383547346574,46200
2016-04-01,29.821706771850586,30.16155557328952,29.24657783917594,29.52760660780595,58000
2016-04-04,29.455717086791992,29.828243154331062,29.070119622991946,29.789031458662055,50300
2016-04-05,29.128938674926758,29.272721535823088,28.756412619980658,29.017835550135107,65300
2016-04-06,29.586423873901367,30.05698409236931,29.017831938661622,29.08318641650949,46800
2016-04-07,29.87398910522461,30.017771958037088,29.331539921355724,29.46878583006926,33100
2016-04-08,30.48832893371582,30.658252065330743,30.07005181529173,30.279191621060487,37300
2016-04-11,30.1680908203125,30.795502858083804,30.050450751591153,30.795502858083804,40500
2016-04-12,29.87398910522461,30.279194873493648,29.69752901125848,30.279194873493648,29000
2016-04-13,30.47526741027832,30.501407712991416,29.92628116347562,30.161561339693097,26700
2016-04-14,30.338016510009766,30.651725048181437,30.226913376455904,30.540619421513547,20700
2016-04-15,29.762887954711914,30.22691129187225,29.48839362602057,30.22691129187225,32500
2016-04-18,29.762887954711914,30.030845338872066,29.5798909045464,29.606033696443454,24700
2016-04-19,30.396831512451172,30.540614360861863,29.756348131615503,29.906665430811397,45700
2016-04-20,30.436046600341797,30.573292508929367,29.998166084434697,30.436046600341797,54000
2016-04-21,29.887065887451172,30.52101495117873,29.775962748879696,30.45565796397715,28100
2016-04-22,30.357620239257812,30.54061478112512,29.919737237214918,29.99816560639832,44900
2016-04-25,30.07659149169922,30.65172040031912,29.69752851987071,30.586363425979556,77600
2016-04-26,30.25604248046875,30.709746440249102,27.425463565116317,27.425463565116317,81700
2016-04-27,31.122819900512695,31.210852970800367,30.26281127762521,30.31698626955787,62000
2016-04-28,31.44109344482422,31.867712491189852,31.00770381565543,31.00770381565543,57900
2016-04-29,31.44109344482422,31.62393017898092,30.567541020477528,30.567541020477528,81400
2016-05-02,31.915111541748047,32.00991519197392,31.305655814287835,31.51558002779207,42200
2016-05-03,31.623929977416992,31.881256036798057,31.353060169309984,31.664558640388886,45600
2016-05-04,31.095733642578125,31.522352679812744,30.933213826721246,31.366603446614114,24000
2016-05-05,31.508817672729492,31.739056295073038,31.210862872193516,31.359841564064812,23600
2016-05-06,31.427555084228516,31.502044423864128,30.337307658375817,31.38692383082553,30300
2016-05-09,31.122819900512695,31.33951470183174,30.784233950550966,31.33951470183174,20100
2016-05-10,31.535903930664062,31.84740247116621,31.224405390161916,31.312438484897395,68900
2016-05-11,31.75937271118164,31.813545136234733,31.427557243607623,31.454644747737458,23500
2016-05-12,31.86771011352539,32.09794865974385,31.556209080496348,31.948970017130215,35600
2016-05-13,31.312435150146484,31.82708474559212,31.31243515014648,31.651021158078315,53300
2016-05-16,31.549442291259766,31.79322461458895,31.339518049902733,31.495267293539474,82700
2016-05-17,31.3056640625,31.508815164109755,30.67589383926527,31.508815164109755,36700
2016-05-18,30.78424072265625,31.149914249027404,30.567545873667353,31.149914249027404,29800
2016-05-19,30.398258209228516,30.89936675017636,30.316998272363694,30.47951814609334,38600
2016-05-20,30.635263442993164,30.777468947788037,30.33053551614254,30.608175942116162,21400
2016-05-23,30.513370513916016,30.994162002348965,30.438881182399843,30.628488511200192,24100
2016-05-24,30.49982452392578,30.7977792448984,30.38470395189155,30.736833667516965,52300
2016-05-25,30.49982452392578,30.906126650998072,30.405020866489313,30.7977792448984,21500
2016-05-26,30.5201473236084,30.66912601703413,30.38471238260379,30.66912601703413,18800
2016-05-27,31.143142700195312,31.34629379192708,30.472741255953572,30.479511839621907,26400
2016-05-31,30.994163513183594,31.556214943756313,30.8858160938439,31.292118270566196,30800
2016-06-01,30.628482818603516,31.17699295338081,30.533679171823508,30.946754418398374,28700
2016-06-02,30.587862014770508,30.899363138892262,30.411798408272574,30.48628775136242,25400
2016-06-03,30.98061752319336,31.109279267105993,30.37116171896287,30.84518261300813,21600
2016-06-06,30.587862014770508,31.041568657587497,30.520145839165114,31.041568657587497,29800
2016-06-07,31.13636589050293,31.163453388419725,30.68943250769977,30.68943250769977,36200
2016-06-08,31.40045738220215,31.454632369141894,31.170218854119348,31.339511813497715,13600
2016-06-09,31.508817672729492,31.596850770944954,31.14991727853768,31.170231615354083,17300
2016-06-10,31.05510711669922,31.28534569100765,30.648802382692892,31.149910779672204,30500
2016-06-13,30.18155860900879,30.79778508235218,30.032579928681898,30.791014498340235,25800
2016-06-14,30.046123504638672,30.120612844367585,29.524700709742678,30.093525342065,14400
2016-06-15,30.303449630737305,30.506600731732252,30.0935253625589,30.20864595582009,44400
2016-06-16,30.032575607299805,30.398249088281982,29.666904709523674,30.0461193565813,31000
2016-06-17,30.49982452392578,30.68266125607009,30.10706356231077,30.168009139692206,141900
2016-06-20,31.000934600830078,31.149913273546968,30.60817616803958,30.8451853444471,48300
2016-06-21,31.671335220336914,31.793226388803618,30.967075709908446,31.06187937800339,50400
2016-06-22,31.894800186157227,31.94220201952962,31.420781852433254,31.881259019370408,31700
2016-06-23,32.38914108276367,32.450084088686346,31.9692925428937,32.21307489941009,35700
2016-06-24,30.675888061523438,31.522352978139455,30.553996906874254,31.33274566344336,46900
2016-06-27,30.398258209228516,30.730073708170668,29.897152251487494,30.269596427258648,56000
2016-06-28,30.398258209228516,31.332756524397833,30.093530216976912,30.736844293239898,65400
2016-06-29,31.231168746948242,31.30565807270106,30.553996815676648,30.553996815676648,63200
2016-06-30,32.125030517578125,32.16566175712005,30.95352356777715,31.37337196009385,29700
2016-07-01,31.86771011352539,32.301099710358784,31.691643975308224,32.301099710358784,20200
2016-07-05,30.939987182617188,31.5629867544588,30.76392360245685,31.5629867544588,37800
2016-07-06,31.075422286987305,31.305660867502347,30.66234695872154,30.702978208179307,31400
2016-07-07,31.02802085876465,31.231171942289855,30.818096608638434,31.231171942289855,24400
2016-07-08,31.508817672729492,31.800001888728875,31.177004783097296,31.251494129032945,35000
2016-07-11,31.75937271118164,32.030240002860246,31.64425211023314,31.725512039416063,21600
2016-07-12,32.037010192871094,32.32819437718675,31.8270859301858,31.969291438840514,21500
2016-07-13,31.75937271118164,32.152131188237924,31.698427118492805,32.14536060380875,30200
2016-07-14,31.901575088500977,32.328194195270804,31.827085751089673,31.962520675182382,28400
2016-07-15,32.15890121459961,32.233387968870936,31.840629530179214,31.840629530179214,40500
2016-07-18,32.4907112121582,32.55842995991876,32.003146561106604,32.15889838935283,27000
2016-07-19,32.924102783203125,32.985048368135345,32.15212709619915,32.348507601337005,35100
2016-07-20,33.54032516479492,33.70284756605203,32.71417715942193,32.964730052454286,35200
2016-07-21,33.67576217651367,33.72316400834612,33.26268685636852,33.63513092785467,32600
2016-07-22,33.696075439453125,33.858597845723246,33.45229570485697,33.65544677529011,18000
2016-07-25,32.9918212890625,33.85860063878952,32.81575511914531,33.85860063878952,28200
2016-07-26,33.431976318359375,33.431976318359375,32.91055364009281,33.01213045940408,33300
2016-07-27,33.20851516723633,33.60804674656146,32.890243503799276,33.53355741399482,40200
2016-07-28,32.463626861572266,33.21528824377545,32.40268127427994,33.21528824377545,37900
2016-07-29,33.594505310058594,33.70962331689333,32.00314946649738,32.544889164939015,56900
2016-08-01,33.10016632080078,33.58095779523041,33.06630823924487,33.58095779523041,21900
2016-08-02,32.876705169677734,33.350726159654236,32.28079299418709,33.07308570002903,34400
2016-08-03,32.93764114379883,33.012130466883185,32.00314318882327,32.86992498637986,34200
2016-08-04,32.903785705566406,33.059534946693326,32.61937213853018,32.87669820714276,27000
2016-08-05,33.201744079589844,33.445526425724346,32.91733306457047,33.04599482138309,88400
2016-08-08,33.790889739990234,34.20396256230291,33.106944453839915,33.106944453839915,72700
2016-08-09,34.40033721923828,34.65766330355244,33.919545717308665,33.93986005076293,45200
2016-08-10,34.44097137451172,34.83372982592577,34.203959603659456,34.30553644591134,41900
2016-08-11,34.752464294433594,34.799866124314065,34.36647648928919,34.53576947692116,22500
2016-08-12,34.82018280029297,35.057194548856906,34.48836996879208,34.921759632992675,28900
2016-08-15,35.09782028198242,35.856252075124885,34.88112290073597,35.00301404753458,26100
2016-08-16,35.04365158081055,35.233258917327106,34.34616523587644,35.185857083197966,13800
2016-08-17,34.738922119140625,35.131683108178066,34.407109294945926,35.04365002732379,28500
2016-08-18,35.578617095947266,35.79531192683004,34.7660101885338,34.7660101885338,30400
2016-08-19,35.497352600097656,36.28287454686673,35.389005190751234,35.504125766235184,12900
2016-08-22,35.30774688720703,35.85625712505194,34.28521832639185,35.36192188594999,44100
2016-08-23,34.210723876953125,35.510892653811275,34.04820148824299,35.510892653811275,26800
2016-08-24,34.407108306884766,34.6779755416644,33.85859808790651,34.29198773011875,39600
2016-08-25,34.83372116088867,34.928527395569965,34.203951095280345,34.400331563740096,18700
2016-08-26,33.8924560546875,35.51089662450092,33.74347998018483,34.94884524141035,29300
2016-08-29,33.926307678222656,34.02111390439496,33.82473345356063,34.00757015779892,7600
2016-08-30,34.021121978759766,34.29876239185829,33.58772973444432,34.09560872790793,21800
2016-08-31,33.33040237426758,34.23103967501442,33.24236930230693,33.96694304233833,39800
2016-09-01,34.31230545043945,34.43419662224828,33.20851690369085,33.20851690369085,49000
2016-09-02,34.887901306152344,35.26711855128229,34.43419472865703,34.56285906027216,11600
2016-09-06,34.867584228515625,35.07750587606962,34.59671441999996,35.07750587606962,59600
2016-09-07,35.31452178955078,35.42963979272905,34.61026227051092,34.894673278273416,90000
2016-09-08,34.752464294433594,35.38900499797563,34.752464294433594,35.29420133821469,23800
2016-09-09,33.939857482910156,34.54254010637942,33.79088141017328,34.54254010637942,39000
2016-09-12,33.56064224243164,33.75702014159663,33.059533870727535,33.59450032275623,50000
2016-09-13,32.18598556518555,33.3981241115456,31.894801387384945,33.3981241115456,58800
2016-09-14,31.72550392150879,32.206297955564956,30.67588794551547,32.05731930417804,77200
2016-09-15,31.1905460357666,31.888032431437267,30.933219929485556,31.73905375150512,85100
2016-09-16,30.851957321166992,31.170226405321422,30.60140182068021,31.055108404994673,44500
2016-09-19,30.24249839782715,31.319201873677486,30.16800907194978,30.933214078863774,64500
2016-09-20,29.96486473083496,30.702982406064017,29.809115461427833,30.391483867249754,45100
2016-09-21,30.316993713378906,30.438884891949893,29.53824480397609,30.168015032190713,38800
2016-09-22,30.858728408813477,31.028021411970542,30.587858570479682,30.655577321666243,33500
2016-09-23,30.22218132019043,30.845178201451375,29.897139132157893,30.80454954245086,56100
2016-09-26,30.24249839782715,30.28990022643894,29.727848865810834,29.951314260237023,33100
2016-09-27,31.72550392150879,31.969286229885228,30.23572774046326,30.23572774046326,202500
2016-09-28,31.915111541748047,32.24692431753859,30.994157368344048,31.827078473735853,37100
2016-09-29,31.10250473022461,32.050546397798115,30.791006284641156,31.98960082512259,47400
2016-09-30,31.86771011352539,32.064087998636566,30.892580937444492,31.17699447487001,91700
2016-10-03,32.05055236816406,32.17921411968802,31.590075196217196,31.888029949686143,40500
2016-10-04,32.538108825683594,32.78866170190024,31.79999136162417,31.79999136162417,49500
2016-10-05,32.876705169677734,33.22206438970334,32.727729063210006,32.727729063210006,29000
2016-10-06,33.10694122314453,33.2491467341559,32.639693437018735,32.82253020112179,35000
2016-10-07,31.678102493286133,33.147566944809085,31.62393008141015,33.14079377882087,60300
2016-10-10,32.11826705932617,32.639689791334,31.942200898800884,31.942200898800884,41700
2016-10-11,32.43653869628906,32.70063535371873,31.840626633879754,31.840626633879754,48400
2016-10-12,32.7344970703125,32.80898640928477,32.30110737069896,32.30110737069896,42600
2016-10-13,32.71417999267578,32.85638549158793,32.33496274570388,32.48394141115823,38600
2016-10-14,32.28756332397461,33.04599529135209,32.17921590006354,33.01890778957274,37600
2016-10-17,32.131813049316406,32.524571479894284,31.854172622857583,32.30110605528414,63800
2016-10-18,32.876705169677734,32.97150885103172,32.19276248047643,32.19276248047643,80700
2016-10-19,33.01890182495117,33.24236979945348,32.90378383799366,32.92409816905536,30700
2016-10-20,33.05953598022461,33.44552380360749,32.77512498750295,32.98504664883386,41300
2016-10-21,33.16110610961914,33.28299724849815,32.910550666809186,32.944411325657704,22000
2016-10-24,33.12725067138672,33.61481530373942,33.01213267941788,33.33040432367101,23200
2016-10-25,33.03244400024414,33.601268491734956,32.77512054169779,33.31008437209051,38600
2016-10-26,32.82929611206055,33.11370967680578,32.43653772090551,33.11370967680578,54900
2016-10-27,32.71417999267578,33.09339465644152,32.52457007758675,33.012134740378315,58200
2016-10-28,31.847394943237305,32.94441532636857,31.698418875675923,32.81575100681286,63400
2016-10-31,31.623929977416992,32.05054902106345,31.380147666761875,31.786449795716447,63900
2016-11-01,30.059659957885742,31.786447770745752,29.890366984405237,31.786447770745752,87500
2016-11-02,29.931005477905273,30.235733420622772,29.917461726761562,29.991951066448774,129500
2016-11-03,29.470523834228516,30.086750210841952,29.436665753070724,29.903913472742666,61200
2016-11-04,30.642032623291016,31.055107951525713,29.47052538767811,29.47052538767811,59600
2016-11-07,32.3078727722168,33.005361629906716,31.231169279796628,31.231169279796628,64300
2016-11-08,32.11826705932617,32.646460374489855,31.71196490661658,32.050550894943264,46500
2016-11-09,28.522485733032227,29.9851772428491,26.31490600906287,29.727853726371023,160500
2016-11-10,26.775381088256836,28.224528732660975,26.54514250846886,28.224528732660975,87200
2016-11-11,25.366859436035156,26.511281631055404,24.919926073347295,26.511281631055404,232200
2016-11-14,25.86119842529297,25.88828592596972,25.21788707506077,25.407494413385525,186600
2016-11-15,27.560897827148438,27.899483789193983,25.989859169913586,25.989859169913586,332800
2016-11-16,27.235857009887695,27.466095579210688,27.086878352323986,27.147823931944956,68800
2016-11-17,27.09364891052246,27.736962787443005,27.005618415866252,27.201996320504424,40300
2016-11-18,26.341991424560547,27.479640573565295,26.19978334353035,27.147825162103018,101600
2016-11-21,26.531599044799805,26.816010043554574,26.42325162862568,26.565457128003064,49100
2016-11-22,26.226865768432617,27.019158186105646,25.86796551007104,26.70088658600047,108500
2016-11-23,25.759624481201172,26.40970900599461,25.44135280245164,26.098210494098538,83100
2016-11-25,26.165925979614258,26.22687156367137,25.766394391507873,25.766394391507873,37500
2016-11-28,25.576786041259766,26.450338517023376,25.52938420922975,26.22687052327664,56800
2016-11-29,25.326231002807617,25.949227933242142,25.19079610130267,25.515838314991015,74100
2016-11-30,25.515840530395508,25.671589776527018,25.326233201749517,25.63095852758597,69000
2016-12-01,24.55425262451172,25.617414912946444,24.439134638322823,25.570010502109167,62400
2016-12-02,24.04637336730957,24.906382002272547,23.877080389951644,24.513623638069184,42900
2016-12-05,24.337560653686523,24.38496248684235,24.14795332106321,24.188584570856563,58800
2016-12-06,24.493310928344727,24.886071943169128,24.263074919496834,24.42559475906079,70700
2016-12-07,24.8183536529541,25.12307897189682,24.57457133123508,24.57457133123508,47400
2016-12-08,25.414268493652344,25.414268493652344,24.547489018387797,24.845443817208334,155000
2016-12-09,25.44135284423828,25.563244015738036,25.07567932973901,25.333005423261415,45400
2016-12-12,25.184019088745117,25.515834417588998,25.143390432743555,25.346541462367842,27300
2016-12-13,25.407493591308594,25.59710092349847,25.18402559276524,25.400720424755434,42900
2016-12-14,24.55425262451172,25.515838091904353,24.391732810691412,25.30591386724677,74500
2016-12-15,24.479772567749023,24.554259329219025,24.100555259944002,24.3646519669198,52300
2016-12-16,23.789052963256836,24.37819187698628,23.714563630319724,24.33079004388196,90200
2016-12-19,24.134410858154297,24.31724761716532,23.829682926469257,23.829682926469257,36800
2016-12-20,23.931259155273438,24.296932663982336,23.816138569254903,24.296932663982336,27800
2016-12-21,23.761964797973633,23.998973956857796,23.701019216659695,23.931257792378346,30300
2016-12-22,23.199913024902344,23.9380306540931,23.118653103151036,23.701021472649142,86200
2016-12-23,23.52495765686035,23.6265319122917,23.19991280650236,23.19991280650236,50900
2016-12-27,23.017078399658203,23.61298792520074,22.929045312600625,23.61298792520074,74000
2016-12-28,23.09833526611328,23.260855084973013,22.78006362797122,23.125422763658552,47700
2016-12-29,23.484323501586914,23.701018319566472,23.21345368750947,23.240541185558417,44500
2016-12-30,23.389524459838867,23.748424838630584,23.18637335077198,23.430153131728343,58600
2017-01-03,23.111879348754883,23.74842005102838,23.02384627206402,23.74842005102838,55900
2017-01-04,22.746206283569336,23.111879762643582,22.49565338118411,23.091562847224328,47700
2017-01-05,22.427936553955078,22.908730650852743,22.39407846963429,22.847785065792827,50400
2017-01-06,22.651405334472656,22.705577754596288,22.42116673673296,22.42793732054604,36200
2017-01-09,21.784624099731445,22.624318597274556,21.67627667261683,22.624318597274556,81200
2017-01-10,21.886201858520508,22.069038633777502,21.689821331406716,21.845570602950108,50800
2017-01-11,21.28351593017578,21.865884257018084,21.256428430507267,21.865884257018084,75800
2017-01-12,21.47989273071289,21.750761239046657,21.405404698172937,21.405404698172937,48500
2017-01-13,21.825254440307617,21.913287528406443,21.48666842184202,21.513755923288784,33300
2017-01-17,21.47989273071289,21.886196139015002,21.385089075696808,21.886196139015002,68000
2017-01-18,20.646976470947266,21.520529070171072,20.49799907899735,21.50021344288567,132000
2017-01-19,20.409963607788086,21.20902677213865,20.349018024635715,20.78240898167514,104100
2017-01-20,21.696592330932617,21.72367983193953,20.477681909287412,20.565714995956743,144700
2017-01-23,22.881641387939453,22.969671883752795,21.764306608958588,21.93359960073108,188100
2017-01-24,23.944799423217773,23.992201250800367,23.091561360319318,23.4030624056982,190700
2017-01-25,24.310476303100586,24.452681805879333,23.728107958532895,23.951573379584318,492200
2017-01-26,23.409833908081055,24.574570478917217,23.260855253707323,24.37818999509838,313700
2017-01-27,23.00353240966797,23.829680447945425,22.834239418918468,23.396290804939667,236400
2017-01-30,23.5181827545166,23.74842133299401,22.800379519685592,22.874868851429184,97300
2017-01-31,23.16605567932129,23.70102222961646,23.08479575497469,23.70102222961646,103300
2017-02-01,23.31502914428711,23.450464043371674,22.935811943491498,23.226996072401267,75300
2017-02-02,23.348886489868164,23.673928687538037,23.13896227372052,23.321798994260902,83200
2017-02-03,23.504638671875,23.741650413447903,23.33534567783982,23.552040503548362,81800
2017-02-06,23.28117561340332,23.531728546572648,22.95613334202535,23.524957962738384,50200
2017-02-07,23.30825424194336,23.36242923082311,22.996755805501742,23.348885483603173,106700
2017-02-08,24.642288208007812,24.68291945720575,23.355662981880116,23.355662981880116,124700
2017-02-09,25.01473045349121,25.129851026189424,24.804808806015668,24.83189372029236,84600
2017-02-10,25.17048454284668,25.292375721816924,24.960562854891815,25.292375721816924,81800
2017-02-13,25.184019088745117,25.36685579036862,25.068901119133365,25.36685579036862,49000
2017-02-14,25.27206039428711,25.590332080571326,24.730323277467637,25.109540550844436,101200
2017-02-15,25.150163650512695,25.312686041170572,24.459448010826815,25.055359998964672,105300
2017-02-16,24.892841339111328,25.23142733578872,24.716777757449787,25.23142733578872,86600
2017-02-17,25.25174331665039,25.292371981494544,24.65583126127763,24.798036754644272,60000
2017-02-21,25.908599853515625,25.976318604145376,25.062134844690274,25.197569762743573,98000
2017-02-22,25.847654342651367,26.13883851316728,25.509068338163676,26.00340617793717,73600
2017-02-23,25.69867706298828,26.132066715279052,25.44135098823835,25.712220812523128,71400
2017-02-24,25.265289306640625,25.583558403371597,25.082452549008984,25.42780914684234,58800
2017-02-27,25.393951416015625,25.62419001218242,25.26528965879542,25.312691494782147,44800
2017-02-28,25.98986053466797,26.436793924708784,25.448123483589104,25.448123483589104,112100
2017-03-01,26.829551696777344,27.012388431633845,25.488751557702276,25.854425027415285,112100
2017-03-02,25.928913116455078,26.707659264911268,25.83410946213918,26.653486855247543,76200
2017-03-03,27.053016662597656,27.086874739380747,26.450334112959343,26.47741902446241,154200
2017-03-06,26.944671630859375,27.107191446958556,26.61285624958087,27.086877115747633,79900
2017-03-07,27.28325843811035,27.63538816148383,26.775379476491942,26.775379476491942,47500
2017-03-08,26.782150268554688,27.249400570144964,26.52482420269381,27.249400570144964,69400
2017-03-09,26.193012237548828,27.00561912536561,26.050806742562564,26.8363261313707,103500
2017-03-10,26.727975845336914,27.012386804735815,26.199780004272682,26.450335468359306,58800
2017-03-13,26.917587280273438,27.019164114613556,26.788925528887997,26.856641696310607,60500
2017-03-14,26.531599044799805,26.917586876370514,26.314904212451555,26.788925126915665,78300
2017-03-15,26.992074966430664,27.10042237761569,26.490966575196143,26.606087152633634,73600
2017-03-16,27.35097885131836,27.601531788033288,27.073338412470363,27.195229588862787,38600
2017-03-17,27.74373435974121,27.85885234608088,27.2968009963412,27.466093976162508,89600
2017-03-20,27.54735565185547,27.85208355174003,27.506724404135518,27.84531038551702,34900
2017-03-21,27.608306884765625,28.38705325147151,27.262947666447158,27.64216497319517,72800
2017-03-22,27.757278442382812,27.89948392717583,27.34420315333137,27.547354214922237,33500
2017-03-23,28.37350845336914,28.447995205103815,27.736965106205897,27.885943776087718,78200
2017-03-24,29.2199764251709,29.219976425170902,28.38705248956164,28.508943671201703,72700
2017-03-27,29.037139892578125,29.253834754349068,28.867846870369167,29.084541732140114,100400
2017-03-28,28.813669204711914,29.21997397044795,28.752723619011824,28.98296221130036,62800
2017-03-29,29.308000564575195,29.348631810690886,28.759492949646013,28.82720910996623,93600
2017-03-30,29.389266967773438,29.51792872278584,29.098082789876585,29.260602629554754,61500
2017-03-31,29.24028778076172,30.03935096420016,29.077765360737704,29.362178949978176,554100
2017-04-03,29.517927169799805,29.524697753094234,28.942332011146018,29.219972423928194,98600
2017-04-04,29.741392135620117,29.870056465132407,29.104851404075553,29.375721229485126,61700
2017-04-05,30.06643295288086,30.405018897921387,29.822650659138763,29.910681144941154,85100
2017-04-06,30.06643295288086,30.283127751050337,29.639813938832187,30.120605360820353,46000
2017-04-07,30.37116050720215,30.69620531196034,29.937770878465823,30.20186752202665,106700
2017-04-10,30.316993713378906,30.770697757788135,30.222190037425122,30.50660106528647,39200
2017-04-11,29.822660446166992,30.296681441426347,29.538246815728737,30.276364521476513,66800
2017-04-12,29.70076560974121,30.066439125425976,29.159028503100604,29.89037295126385,62600
2017-04-13,30.01903533935547,30.2357301679305,29.592416265445703,29.639818097746108,83500
2017-04-17,30.18155860900879,30.48628655367451,30.0732111823728,30.289906035644776,69600
2017-04-18,29.95808982849121,30.377935736951315,29.91745857933464,30.066437243035953,51900
2017-04-19,29.565332412719727,29.94454970110251,29.30123571927007,29.94454970110251,132400
2017-04-20,29.748165130615234,30.235729780260765,29.687219549409544,29.903914375206206,36500
2017-04-21,29.77525520324707,29.849744540404256,29.416352268144852,29.59918902756531,72700
2017-04-24,30.10029411315918,30.54045433686294,30.032575367292896,30.310215767329613,44700
2017-04-25,30.20186996459961,30.222186881043847,29.84296963362743,30.100295715203075,52900
2017-04-26,29.565332412719727,30.201873227270333,29.504386823215462,30.201873227270333,125300
2017-04-27,29.98517608642578,30.066438588375064,29.55178640885456,29.75493749731529,53300
2017-04-28,30.039344787597656,30.283127075904762,29.930997390928464,30.012257292628934,85200
2017-05-01,29.931005477905273,30.20864591833535,29.565331946644278,30.20864591833535,35400
2017-05-02,31.28534507751465,31.420779986194265,29.443436519166298,29.931001157130513,116400
2017-05-03,30.49982452392578,31.684875408293536,30.472737026599383,31.684875408293536,69800
2017-05-04,29.76171112060547,30.472741232727863,29.456983191636937,30.472741232727863,77400
2017-05-05,30.486282348632812,30.486282348632812,29.80233721347601,29.80233721347601,95000
2017-05-08,30.357620239257812,30.655574972022812,30.046119174087554,30.655574972022812,65500
2017-05-09,29.76171112060547,30.41856623059733,29.61950561482225,30.31021880954255,343300
2017-05-10,30.41856575012207,30.486284501715588,29.639819480843453,29.842970569211516,200300
2017-05-11,30.98493194580078,31.090464842630272,30.436150683538468,31.062324347137857,160400
2017-05-12,30.140655517578125,30.752754910976833,29.781839372173728,30.576864064745376,119000
2017-05-15,30.478370666503906,30.70351077224555,30.20398133037389,30.429121436115533,118500
2017-05-16,30.597972869873047,30.942717426398076,30.091406372584135,30.942717426398076,70200
2017-05-17,29.84515953063965,30.358763198391227,29.134561644430775,30.06326516100153,94900
2017-05-18,29.408950805664062,29.838124926924543,28.88831537099641,29.68334011364857,97200
2017-05-19,30.147693634033203,30.612045417156505,29.53559416625286,29.53559416625286,87100
2017-05-22,29.809978485107422,30.37986576666083,29.50744602891155,30.225080970314703,64500
2017-05-23,29.964767456054688,30.147692772227376,29.6411289130437,29.852197411360365,45900
2017-05-24,30.541685104370117,30.633149091920533,29.99994099946566,30.154725796261562,79200
2017-05-25,30.914575576782227,31.27339442242583,30.654257863979037,30.654257863979037,133900
2017-05-26,31.378925323486328,31.540747260891955,31.01307473179377,31.01307473179377,62200
2017-05-30,30.67536163330078,31.12564444125612,30.548720012919787,30.99196568425327,138200
2017-05-31,30.35875701904297,30.710538663834285,30.253221452053193,30.710538663834285,148900
2017-06-01,30.485401153564453,30.88643204716741,30.400971619419803,30.422080344896557,86100
2017-06-02,30.457263946533203,30.7949740976749,30.31655071258707,30.654260863728766,57400
2017-06-05,31.29450035095215,31.442248023846997,30.47133244435393,30.47133244435393,64900
2017-06-06,30.9005069732666,31.597036004331986,30.731653239838554,31.280431899302265,124400
2017-06-07,31.02714729309082,31.280430566321208,30.872365158024593,30.872365158024593,43600
2017-06-08,30.949758529663086,31.146755444352472,30.675366519212158,31.146755444352472,59400
2017-06-09,31.02714729309082,31.329679793462496,30.914577247641933,31.048256021781075,57500
2017-06-12,31.01307487487793,31.188965718722162,30.90050215829159,31.160822539575577,50900
2017-06-13,31.59703826904297,31.836249978446236,31.020116384696593,31.210078861329944,96900
2017-06-14,32.50463104248047,32.5327742238464,31.80106761162107,31.82921079298701,108000
2017-06-15,32.24431228637695,32.32873914387496,31.723674183396163,32.29356151024091,109200
2017-06-16,32.223201751708984,32.49759103609823,31.85031402511655,32.441307362216946,109900
2017-06-19,32.490562438964844,32.504634030941546,32.18802992117008,32.39206397900966,107000
2017-06-20,31.39299964904785,32.406132710899875,31.34375042341688,32.406132710899875,160300
2017-06-21,31.801067352294922,31.850316577342948,31.407070868029216,31.625176496014397,226800
2017-06-22,32.58906173706055,32.73680943079316,31.89956981575988,31.941784592775686,90500
2017-06-23,32.95490646362305,33.18004651436955,32.63126797616008,32.79308721989156,94600
2017-06-26,33.08155059814453,33.36297434107885,32.849373393439436,33.236335401281266,62200
2017-06-27,32.8704833984375,33.01823107051561,32.66644936525453,33.01823107051561,36900
2017-06-28,33.855464935302734,33.975072090828455,32.91972715046719,33.088580837951646,96300
2017-06-29,33.50368881225586,33.95396896495989,32.814196992942634,33.95396896495989,76900
2017-06-30,33.89768600463867,34.05950527019605,31.878459727958326,33.67958037686231,89300
2017-07-03,33.51072692871094,34.19318163090032,33.41222847791339,34.19318163090032,30800
2017-07-05,33.144874572753906,33.53886838723413,32.990089754847205,33.53886838723413,37500
2017-07-06,33.5881233215332,33.623300960438264,32.779024207307685,33.08859118710678,89300
2017-07-07,33.38408279418945,33.93286136971587,32.96194315742342,33.93286136971587,92800
2017-07-10,33.96804428100586,33.975081418847026,33.20819711094423,33.52480121675396,40300
2017-07-11,34.13689422607422,34.305747927902104,33.31372370704936,33.77104096027219,74500
2017-07-12,35.24148941040039,35.347024989751596,33.68661500243108,34.58014080692581,129000
2017-07-13,35.157066345214844,35.501810931661275,34.88971148356548,35.501810931661275,106100
2017-07-14,35.98727035522461,36.050591170993364,35.36109665089734,35.41738301330578,70400
2017-07-17,36.353126525878906,36.55012614050558,35.63549408277093,36.092808769697314,74900
2017-07-18,36.451622009277344,36.59936968437078,36.022447890678954,36.37422960311941,77100
2017-07-19,36.65565872192383,36.66973031454454,36.19834403921917,36.64862426755441,61200
2017-07-20,36.198333740234375,36.94410914977429,36.00133418347573,36.75414941314586,92200
2017-07-21,36.40237045288086,36.697865784142934,36.22647960792544,36.22647960792544,96200
2017-07-24,36.374229431152344,36.52197710554727,35.89580608978466,36.35312070346632,94300
2017-07-25,35.49477767944336,36.72601375475887,35.43145685964329,36.72601375475887,66300
2017-07-26,35.966163635253906,36.07873368247373,35.135958530552095,35.56513267429069,61600
2017-07-27,35.628456115722656,36.0505958367762,35.43849364383083,36.0505958367762,52900
2017-07-28,35.57920455932617,35.60734774233381,34.995248273266746,35.536989784814715,59800
2017-07-31,35.59326934814453,35.76212573003641,34.88970601071047,35.76212573003641,72600
2017-08-01,35.164100646972656,35.78323722984712,35.065602194127486,35.78323722984712,34700
2017-08-02,35.642520904541016,35.80434016069745,34.82638748694957,35.375166067295844,41100
2017-08-03,35.7128791809082,35.80434317997258,35.354063005934954,35.572168639432604,51400
2017-08-04,35.783233642578125,36.00133657090431,35.36109400771349,36.00133657090431,59000
2017-08-07,35.80434036254883,35.966159619617535,35.36813181376008,35.90987594423253,57900
2017-08-08,35.445526123046875,35.99430473601538,35.36813371683204,35.88173469530693,95800
2017-08-09,33.961002349853516,35.17816659186636,33.80621755800735,35.17816659186636,103300
2017-08-10,33.49665451049805,34.038398660382114,33.39815606213393,33.953969118457366,154100
2017-08-11,34.18614196777344,34.319818032930016,33.06747617698406,33.5881142168485,139100
2017-08-14,34.46757888793945,34.67161027409325,34.333900098111,34.67161027409325,50100
2017-08-15,34.551998138427734,34.69974580459741,34.22835962666141,34.45349969431462,40800
2017-08-16,34.64346694946289,34.945996776808364,34.474610533289855,34.65050140335766,39900
2017-08-17,33.799190521240234,34.882678934121785,33.735869700126855,34.61532405787843,73600
2017-08-18,34.03136444091797,34.88971273690572,33.70772588743728,34.15097162695836,74500
2017-08-21,34.734928131103516,34.88971295498859,34.20022106913584,34.20022106913584,56200
2017-08-22,34.48164367675781,34.77714172286021,34.2353975415738,34.77714172286021,59500
2017-08-23,34.74196243286133,34.84749533553784,34.17911223360887,34.2565019553524,78800
2017-08-24,34.847496032714844,35.05856721005359,34.70678549299769,35.05856721005359,60500
2017-08-25,34.68567657470703,35.28370710075116,34.49571412647288,35.248526782133304,55300
2017-08-28,34.010250091552734,34.706778940734175,33.89064293471588,34.706778940734175,78400
2017-08-29,33.778079986572266,34.07357803060438,33.58108307980524,33.96100798618299,83300
2017-08-30,33.69364929199219,34.22132181842902,33.651437207561244,33.82732804970686,52200
2017-08-31,34.03136444091797,34.277613266821525,33.749940662018886,33.792152752718835,89400
2017-09-01,33.92582702636719,34.41831924502879,33.68661536992528,34.23539394722324,40600
2017-09-05,33.250404357910156,34.059503323329814,32.870482170174526,34.059503323329814,66400
2017-09-06,33.3348388671875,33.651442974079195,33.11673321935506,33.257446453960455,36500
2017-09-07,33.10969543457031,33.79215012534737,32.87751821824595,32.87751821824595,93500
2017-09-08,32.75791549682617,33.19412408831591,32.652379904811454,32.86344840495929,49200
2017-09-11,32.525733947753906,33.531829771502736,32.46241313773191,33.09562123795188,115300
2017-09-12,32.40613555908203,32.743845714753625,32.328743145179466,32.743845714753625,75500
2017-09-13,32.7368049621582,32.83530341120139,32.27245321389643,32.30763084800022,43100
2017-09-14,33.03229904174805,33.714753650144935,32.51166099409532,32.78605026471564,99000
2017-09-15,33.194122314453125,33.264477582782156,32.85641219548718,32.954910644700405,150600
2017-09-18,32.9689826965332,33.14487355369876,32.835303927403224,33.088587191142665,90500
2017-09-19,33.01823425292969,33.243374351286064,32.800128608448716,33.17301907700533,40000
2017-09-20,32.95490646362305,33.28558208735496,32.70162323556295,33.20115255541419,38000
2017-09-21,32.23024368286133,32.86344919859646,32.08249331369631,32.86344919859646,88600
2017-09-22,32.750877380371094,33.011195099976526,32.23024194116023,32.41316725345233,122700
2017-09-25,32.159881591796875,32.94787451312688,32.075454737326275,32.546840915658564,62000
2017-09-26,32.43427276611328,32.51166517215825,32.068422147524934,32.16692059744345,72500
2017-09-27,31.67442512512207,32.5890570237961,31.414107414211472,32.5890570237961,58700
2017-09-28,31.52667999267578,31.794032178336387,31.35078912553408,31.695533722158096,54500
2017-09-29,31.23118019104004,31.681460356282102,30.984934064386252,31.512606636257075,107800
2017-10-02,31.266357421875,31.64628231284631,31.09750370403094,31.42817668642616,42800
2017-10-03,31.11861228942871,31.568892485631803,30.935686966176835,31.371895570763368,67300
2017-10-04,31.104537963867188,31.31560645180023,30.999005061841384,31.266357227411902,44900
2017-10-05,30.605010986328125,31.336717640247798,30.443191710075407,30.98493590477276,91600
2017-10-06,30.386899948120117,30.590933962595475,30.182868617525934,30.590933962595475,57400
2017-10-09,29.620014190673828,30.288399869991956,29.3245188896024,30.288399869991956,58000
2017-10-10,29.394878387451172,29.894410447901578,29.25416785266883,29.894410447901578,86300
2017-10-11,29.634090423583984,29.767769190728306,29.00088495752245,29.233059489913913,42200
2017-10-12,29.64815902709961,29.915513850572047,29.057165707986478,29.387841340073937,46300
2017-10-13,29.669269561767578,30.112515289197493,29.542630609240614,29.760733562258547,83500
2017-10-16,28.888317108154297,29.73962826460156,28.803887559173177,29.605952171203928,69300
2017-10-17,29.08531379699707,29.317488345200147,28.31139505781131,28.846102111159023,70500
2017-10-18,29.162704467773438,29.901445526354127,29.04309729004966,29.120489696127137,64200
2017-10-19,29.964767456054688,30.056231456081818,29.03606391635612,29.134562369978457,94300
2017-10-20,29.317487716674805,30.077337532063783,29.092347627051755,30.077337532063783,160200
2017-10-23,29.12752342224121,29.54966035374221,28.972738628212973,29.268233943487438,208700
2017-10-24,29.029029846191406,29.218992319912996,28.89535374270519,29.06421016952944,143600
2017-10-25,28.656137466430664,29.183810025757264,28.564673471327257,29.134560801597296,67400
2017-10-26,27.628938674926758,28.867209240925728,27.56561785324102,28.867209240925728,106100
2017-10-27,28.198822021484375,28.339532552688784,27.481187040040226,27.643006298030375,90600
2017-10-30,28.39581871032715,28.536531924412166,27.938501435521175,28.191784684097943,97900
2017-10-31,28.423961639404297,28.557637715472172,28.24807079431858,28.473210861317792,55000
2017-11-01,28.114398956298828,28.508395512492356,27.755582724889084,28.416931499042043,76700
2017-11-02,28.255109786987305,28.26214424101319,27.945542816095315,28.121433689441574,46000
2017-11-03,28.445070266723633,28.64910430969477,26.847980926155007,28.16364381546126,107700
2017-11-06,28.39581871032715,28.782778036149953,27.882217760215966,28.613921642471666,59500
2017-11-07,28.205856323242188,28.67020805181822,27.854074629354848,28.452102435410794,136300
2017-11-08,28.051071166992188,28.508388436858006,27.93146668083481,28.34656918176675,65700
2017-11-09,27.77668571472168,28.051075040983164,27.403797931225988,27.70633044066344,47200
2017-11-10,27.030906677246094,27.861111769606307,26.974622996413697,27.720401225584514,53600
2017-11-13,26.58765983581543,26.981653597023836,26.348448187704093,26.953513102566955,80600
2017-11-14,26.988691329956055,27.31232983635234,26.643944097399125,26.65801568687913,90300
2017-11-15,27.185688018798828,27.227902786934308,26.756513936339164,26.946476367126944,201000
2017-11-16,27.551546096801758,27.70633092308299,27.417870000210872,27.43194159204387,244500
2017-11-17,27.65004539489746,27.903328687814795,27.40379924005105,27.40379924005105,163400
2017-11-20,27.57968521118164,27.579685211181637,27.291224330870918,27.516364399216783,28800
2017-11-21,27.762615203857422,27.868150802934668,27.3967618599732,27.840007618663165,88000
2017-11-22,28.044036865234375,28.0651429078744,26.756514586566464,27.628934362065525,54100
2017-11-24,28.353609085083008,28.416929908715385,27.882222818838937,28.198826937000828,60000
2017-11-27,28.452102661132812,29.662232556547735,28.297320539633738,28.846099127609644,149100
2017-11-28,28.10032081604004,28.592815725564584,28.001822370911402,28.52246046015308,103600
2017-11-29,29.2752742767334,29.31045191088635,28.430997637655384,28.430997637655384,150900
2017-11-30,28.487289428710938,29.218993483742445,28.318432995160922,29.204921890623115,204800
2017-12-01,28.255109786987305,28.515427528052875,28.14253973540097,28.43100066033356,175500
2017-12-04,29.12049102783203,29.240098211025554,28.29732307219604,28.325463570698993,157900
2017-12-05,29.211952209472656,29.352665423933924,28.761672070301653,29.113453764514166,96600
2017-12-06,29.05716896057129,29.169739001389775,28.663175159647334,29.169739001389775,96800
2017-12-07,29.14863395690918,29.338596410531657,28.733531413930038,28.803886685398407,89100
2017-12-08,28.90239143371582,29.176780784156605,28.46618010769425,29.176780784156605,88700
2017-12-11,29.17677879333496,29.34563252798546,28.726498589091328,28.881280731874,42800
2017-12-12,28.97274398803711,29.24713331266163,28.8109247115632,29.24713331266163,25900
2017-12-13,29.72555923461914,29.901450117664226,28.916460099059005,29.099388120399745,151700
2017-12-14,29.690378189086914,29.866269051956053,28.480248193705137,29.676306597991594,107700
2017-12-15,29.950693130493164,30.04215712216966,29.45819822346455,29.683338292297975,65100
2017-12-18,29.746660232543945,30.21101197760862,29.556697789033656,30.02104953409833,59900
2017-12-19,29.38784408569336,29.845158693855236,29.373772495366335,29.732588655120466,44700
2017-12-20,29.38080406188965,29.521517267453223,28.888311868238876,29.40191278724694,65000
2017-12-21,28.881275177001953,29.472268502373616,28.627991939859644,29.472268502373616,113100
2017-12-22,28.55764389038086,29.07124494701936,28.473217017971184,29.07124494701936,33200
2017-12-26,28.49432373046875,28.867211552543772,28.3887881245809,28.564679011806017,23900
2017-12-27,28.712427139282227,28.7898168691156,28.339536662644147,28.501355944102215,38600
2017-12-28,28.663179397583008,28.867210781564637,28.550609340120708,28.733534677041245,49700
2017-12-29,29.183813095092773,29.486345608968648,28.726498439241638,28.726498439241638,127600
2018-01-02,30.1265869140625,30.92864882296002,29.20491782225344,29.21195495977378,225300
2018-01-03,30.372831344604492,30.415046115711977,30.070301545252526,30.232120808675738,73200
2018-01-04,30.640186309814453,31.09750360495794,29.97883766324954,30.316547781743207,137900
2018-01-05,30.738683700561523,30.900502959025737,30.52058076622693,30.668328434753207,86500
2018-01-08,30.422082901000977,30.738684287060558,30.260260955567823,30.738684287060558,40300
2018-01-09,29.943660736083984,30.55576017256242,29.669268742190816,30.47836776535267,48100
2018-01-10,29.169742584228516,29.950698512527556,28.86721005914183,29.950698512527556,62700
2018-01-11,28.754640579223633,29.788879822116343,28.297325897285518,29.408954873639612,88900
2018-01-12,29.204912185668945,29.479304134491,28.677239696511332,28.740560502565486,168900
2018-01-16,30.07733726501465,30.393941351949007,29.45116622856755,29.45116622856755,109100
2018-01-17,29.964767456054688,30.267299954398478,29.81701977562118,30.070303047153804,228300
2018-01-18,30.1265869140625,30.365798596004005,29.93662445923705,29.971802095194004,103300
2018-01-19,30.203977584838867,30.28136998981811,29.725554248495758,30.28136998981811,169000
2018-01-22,29.809978485107422,30.330616546710917,29.479305534569594,30.330616546710917,105200
2018-01-23,29.746660232543945,29.774803413185786,29.5004141116314,29.697411008361435,29800
2018-01-24,29.999942779541016,30.29544080151402,29.831089067454755,29.96476514651316,50600
2018-01-25,29.72555923461914,30.37283639596175,29.620023631239338,30.035126222581013,50200
2018-01-26,29.93662452697754,30.36579866471563,29.78184239164039,29.943661664513808,82400
2018-01-29,29.5074462890625,29.92958591448794,29.415984984852695,29.92958591448794,55900
2018-01-30,28.536531448364258,30.288402748659866,28.51542272208078,29.415985666872857,72300
2018-01-31,28.796852111816406,28.986814564647368,28.445070388177193,28.796852111816406,100800
2018-02-01,29.254167556762695,29.73962533816676,28.585781787781638,28.585781787781638,37700
2018-02-02,28.754640579223633,29.577811300923223,28.642070522328513,29.03606706340237,66500
2018-02-05,27.65004539489746,28.76167702850537,27.488226109729563,28.649106974306754,36200
2018-02-06,28.19178581237793,28.346570622454315,27.101263056366918,27.27011677292167,119900
2018-02-07,28.73352813720703,29.050132190472834,28.03699922002226,28.36767486275335,372100
2018-02-08,27.572650909423828,28.965706232005395,27.12237072643362,28.902388097411393,121700
2018-02-09,27.861106872558594,27.966642445906917,27.516362342865495,27.635966821037886,114200
2018-02-12,27.98775291442871,28.276213818814046,27.85407682640481,28.114394548927788,51600
2018-02-13,28.036998748779297,28.24806990332968,27.832967414665127,27.832967414665127,85800
2018-02-14,28.149572372436523,28.3184287808576,27.811862239475936,27.811862239475936,30100
2018-02-15,28.30436134338379,28.536538603548653,28.18475682794028,28.318432936473958,118900
2018-02-16,28.198822021484375,28.430996545076727,28.08624930231069,28.29732046688,59000
2018-02-20,28.895355224609375,29.014962425552685,28.13550797463596,28.45210942986039,323400
2018-02-21,28.944599151611328,29.549664132313065,28.916455970210897,29.085312374731977,68300
2018-02-22,29.17677879333496,29.535594992378567,28.951638691213144,28.951638691213144,107600
2018-02-23,29.113454818725586,29.577806564545238,28.972741599169026,29.528557340282656,64600
2018-02-26,28.585779190063477,28.91645213406518,28.325458822466658,28.81091924363614,94700
2018-02-27,27.720394134521484,28.832022714444815,27.706322546942594,28.5646679182077,76000
2018-02-28,27.551546096801758,28.142539534378983,27.220870398430655,27.847044157531226,84300
2018-03-01,27.79075813293457,28.044041421288725,26.974624583727714,27.502297206504952,91800
2018-03-02,27.931467056274414,28.001822321561924,27.30529607001902,27.734467482482977,122600
2018-03-05,27.917400360107422,28.051076461138436,27.453048549721718,27.70633184336516,48200
2018-03-06,28.26213836669922,28.42396029835885,27.84703856840743,28.17067706396434,43100
2018-03-07,28.233997344970703,28.255103386148793,27.945536485385297,28.1495678124961,56600
2018-03-08,28.62799835205078,28.76167713708503,28.18475527165393,28.381752196274753,46900
2018-03-09,28.47321319580078,28.803886186634106,28.39582078819675,28.77574568886298,63700
2018-03-12,28.726491928100586,28.86016799402607,28.473208700973473,28.473208700973473,43300
2018-03-13,28.77574348449707,28.979774826145164,28.698351082821684,28.72649426231843,111000
2018-03-14,28.64910316467285,28.916455330417104,28.550604715832183,28.860171652743055,72100
2018-03-15,28.438030242919922,28.88127591931131,28.40285261105295,28.522459780058178,46700
2018-03-16,28.38878631591797,28.63503515267367,28.16364620932416,28.606891968379,61400
2018-03-19,27.92443084716797,28.416925772187025,27.783720311918028,28.360642094863334,34400
2018-03-20,27.92443084716797,28.21289173864062,27.650041545996594,27.952574027770524,91900
2018-03-21,28.642070770263672,28.698357141139397,27.92443564488949,27.92443564488949,54700
2018-03-22,28.255109786987305,28.824997182826596,28.23400374102791,28.395823022440656,79100
2018-03-23,27.333436965942383,28.480246057310165,27.256047246545737,28.381747610913187,83000
2018-03-26,27.59375762939453,28.07218095996368,27.080156665317944,27.678184486588677,76900
2018-03-27,27.326400756835938,27.657076391817366,27.23493676939574,27.657076391817366,46500
2018-03-28,27.263080596923828,27.650039913781335,27.136438975569554,27.37565062880749,49000
2018-03-29,27.727432250976562,27.88925150369935,27.234937356148233,27.234937356148233,37100
2018-04-02,27.40379524230957,27.818897759838503,27.05904799193548,27.769648536053833,43200
2018-04-03,27.565616607666016,27.734470335277035,27.333439377348856,27.43897497001695,23600
2018-04-04,27.818899154663086,27.90332601625829,27.2067970274236,27.33343866175718,49100
2018-04-05,28.212892532348633,28.388783390240782,27.98071799554937,27.98071799554937,56700
2018-04-06,27.98775291442871,28.473213407969027,27.74854123636173,28.15660932172133,53100
2018-04-09,27.79075813293457,28.388786031862743,27.544511982524558,28.02996982928219,26100
2018-04-10,28.36064338684082,28.63503270051208,27.952575301158348,28.14253775305727,40900
2018-04-11,28.70538902282715,28.89535148168444,28.163644829170796,28.163644829170796,25000
2018-04-12,29.226028442382812,29.408953771526484,28.55060812632375,28.91645878461109,65200
2018-04-13,30.08437156677246,30.527617286244293,29.24009758438245,29.24009758438245,96500
2018-04-16,30.83014678955078,30.85125283189836,29.943658120495755,30.11251182703896,121400
2018-04-17,31.11861228942871,31.393001616247364,30.415048811890966,30.95679301166083,132600
2018-04-18,31.210079193115234,32.518707812357604,30.330624764471917,30.95679588824485,78700
2018-04-19,30.457263946533203,31.30857512027884,30.36579994188596,31.30857512027884,48500
2018-04-20,29.943660736083984,30.605009398262897,29.44412865787963,30.605009398262897,47700
2018-04-23,29.817020416259766,30.633153928799178,29.73259086801382,30.035123372857722,42600
2018-04-24,29.985870361328125,30.379866818449283,29.838122696363175,30.07029989892063,30300
2018-04-25,30.260263442993164,30.358764582535017,29.690378754135672,30.077338123035833,140400
2018-04-26,30.37986946105957,30.562794773992618,30.07030251460306,30.288405462652285,115500
2018-04-27,30.091405868530273,30.668327621275957,30.006979015023447,30.485402324697613,58900
2018-04-30,29.641130447387695,30.288407566915332,29.486345621465126,30.288407566915332,134600
2018-05-01,29.43006134033203,29.78184307655088,29.06420801259863,29.739628302007223,77200
2018-05-02,29.6622371673584,30.443193084799695,29.43006260707902,29.43709706119825,99000
2018-05-03,29.80295181274414,29.88737868557257,29.430063997526826,29.676310161560544,117700
2018-05-04,29.240097045898438,29.73258929859572,29.05013459819456,29.73258929859572,44700
2018-05-07,28.353609085083008,29.1697426541882,28.318431446149866,29.106421830555824,65800
2018-05-08,28.297325134277344,28.796854580537534,27.945543380480288,28.438035688690736,60900
2018-05-09,28.438030242919922,28.80388351887521,28.177712546446813,28.381746568709023,76900
2018-05-10,29.415987014770508,29.528557052542535,28.452103214723532,28.663174383942312,85600
2018-05-11,29.050134658813477,29.514486415098084,28.796851394679784,29.211953925591896,92800
2018-05-14,28.578746795654297,29.211954978818625,28.44507070537809,29.141597022977262,34600
2018-05-15,28.32546043395996,28.445067603908278,27.98775033438795,28.438030467150632,133400
2018-05-16,29.02199363708496,29.06420841220904,28.4943210255016,28.4943210255016,50000
2018-05-17,28.33953285217285,29.071239431246177,28.269177585827155,29.071239431246177,57000
2018-05-18,28.093286514282227,28.374712945205886,27.783719587371287,28.374712945205886,79100
2018-05-21,28.072175979614258,28.466169699208525,27.94553437435012,28.149565686048184,44400
2018-05-22,27.720394134521484,28.297315805851486,27.368612496691927,28.05810418477215,79200
2018-05-23,28.38878631591797,28.61392642251178,27.67115390357631,27.861113687860893,153300
2018-05-24,28.0792179107666,28.585784466753495,27.80482858756758,28.585784466753495,93700
2018-05-25,28.536531448364258,28.606886712292432,28.149569445115446,28.32546028881717,105300
2018-05-29,27.59375762939453,28.867205675981218,27.35454596410996,28.564673196830686,77000
2018-05-30,28.55033302307129,28.601721931019608,27.896957364455144,27.90429743681114,112700
2018-05-31,27.95568084716797,28.68246821555378,27.588615727644132,28.68246821555378,176600
2018-06-01,28.293384552001953,28.315407566495324,27.948342389018865,28.205286893058364,159000
2018-06-04,28.440210342407227,28.67513182500916,28.322749601106256,28.48425637009198,50600
2018-06-05,27.985050201416016,28.308069371314264,27.867589448858084,28.308069371314264,123000
2018-06-06,28.029094696044922,28.23465028108836,27.95568278723935,28.087823662992413,74300
2018-06-07,28.249340057373047,28.454895692147023,27.779497006183675,28.021758604240794,56000
2018-06-08,28.572351455688477,28.638423298231846,28.058462458667815,28.37413872854336,41000
2018-06-11,28.792593002319336,28.880687859507848,28.454890915540844,28.454890915540844,70400
2018-06-12,29.328510284423828,29.512042885952784,28.851324400254448,29.299144396062736,100900
2018-06-13,28.880687713623047,29.291801712567803,28.396161800806187,29.144975084338604,150000
2018-06-14,28.814619064331055,29.115612425340323,28.542991592319108,28.939419891841705,65300
2018-06-15,28.601720809936523,29.06422376382841,28.418188202890494,28.535648959380538,163500
2018-06-18,28.983469009399414,29.01283489868455,28.344776320117173,28.64576968407642,43600
2018-06-19,29.027515411376953,29.152316229654833,28.623744269233374,28.638424412160685,79600
2018-06-20,29.064218521118164,29.26977410777554,28.535643812016538,29.262434037031273,122200
2018-06-21,29.181684494018555,29.269779361185357,28.660452562594074,28.932080036641498,114600
2018-06-22,29.350534439086914,29.438629307102524,29.130295868805206,29.438629307102524,79100
2018-06-25,29.548751831054688,29.62216375888794,29.020176989101568,29.33585331965851,91100
2018-06-26,29.989221572875977,30.20212003155269,29.563427456007396,29.563427456007396,83400
2018-06-27,29.783668518066406,30.172756713193305,29.695573658893068,30.10668486869203,44800
2018-06-28,30.642606735229492,30.899551276895764,29.61482296759347,29.76898969259323,71000
2018-06-29,30.576528549194336,33.072569924332,30.297558247098898,30.86283892218062,60400
2018-07-02,30.040611267089844,30.833473354729943,29.717594935357717,30.613234819436,66300
2018-07-03,31.039030075073242,31.097761846876967,30.150733030179563,30.150733030179563,105000
2018-07-05,31.721771240234375,31.839231982322268,30.664624561443336,31.1197845869733,59700
2018-07-06,33.41761016845703,33.8066983147266,31.62633332094056,31.62633332094056,116600
2018-07-09,33.30015563964844,33.44698228083707,32.85233564424147,33.29281276732212,56300
2018-07-10,33.388248443603516,33.55709809038,33.204715853565794,33.204715853565794,100400
2018-07-11,33.395599365234375,33.557106179067716,33.11662897699751,33.11662897699751,60200
2018-07-12,33.894798278808594,34.03428484323037,33.12396194039591,33.35888343780768,138300
2018-07-13,33.28547286987305,33.740632939505794,32.71285204677103,33.46166540031958,104400
2018-07-16,33.99757385253906,34.034279805986024,32.91840145819315,33.19737174526255,86900
2018-07-17,34.012264251708984,34.09301624680447,33.55710136761433,33.65987917999527,99100
2018-07-18,33.63785171508789,34.070988724621145,33.37356434649337,34.070988724621145,61900
2018-07-19,33.94619369506836,33.990239730347874,33.40293592257551,33.6011514827897,60100
2018-07-20,34.680320739746094,34.79043861758644,33.652537076991784,34.173768980030886,67800
2018-07-23,34.819801330566406,34.871190228970306,33.88011541634091,34.50412506866535,49600
2018-07-24,35.722782135009766,35.869608762706555,34.827142226495845,35.07674665343489,68900
2018-07-25,36.552345275878906,37.15433184788523,35.73011739176107,35.73011739176107,106100
2018-07-26,36.66246795654297,37.0442160671637,36.295402788694375,36.295402788694375,93700
2018-07-27,36.508304595947266,36.91207575739864,35.9944127538795,36.70652014076563,56400
2018-07-30,36.229331970214844,36.7432237798212,36.13389704022664,36.3541355870622,100900
2018-07-31,35.597984313964844,36.19262814541628,35.48786363381483,36.04580150537801,235600
2018-08-01,35.79619598388672,36.03112028119343,35.33369586229215,35.69341817908792,127900
2018-08-02,35.56861877441406,35.86961212922375,35.15016466651974,35.59798466280653,50200
2018-08-03,36.42020797729492,36.493619893845924,35.42179022948468,35.70810062471274,106800
2018-08-06,36.36147689819336,36.611081339913525,35.5098857677043,36.258699092864795,53200
2018-08-07,37.227752685546875,37.4479912500268,36.36882144392956,36.684497746528734,49300
2018-08-08,37.11763381958008,37.47735614524801,36.8680293729903,37.330529505991926,44500
2018-08-09,37.191043853759766,37.44064828769715,36.83866161769847,37.12497200946795,61300
2018-08-10,36.54500961303711,37.08826732931652,36.244016267668634,37.08826732931652,77000
2018-08-13,36.95612335205078,37.286482582350715,36.4642545423853,36.62576412175085,59600
2018-08-14,37.4039421081543,38.328945122271634,36.868027285624045,37.26445554854001,87500
2018-08-15,36.26604080200195,37.41862523991534,35.97238753863539,37.34521052383117,49600
2018-08-16,35.30432891845703,36.34679267934255,34.87853196790825,35.6713940963156,58200
2018-08-17,35.16484832763672,35.385086894099835,34.482106811261325,35.31167217162192,93800
2018-08-20,34.724365234375,35.27496300067212,34.672976333559404,35.08409034056921,52400
2018-08-21,35.23825454711914,35.35571528359014,34.62158498052516,34.73904571699616,187500
2018-08-22,36.36147689819336,36.412865800857645,34.95928798159969,34.966630853686105,73100
2018-08-23,35.7154426574707,36.677151623923535,35.664053756995436,36.36881822107195,38500
2018-08-24,36.376155853271484,36.58905431267093,35.686074378528446,36.42754475030103,102200
2018-08-27,37.8737907409668,38.24085597288139,36.706523191458984,36.706523191458984,42200
2018-08-28,38.09402847290039,38.98966851501049,37.976567713319184,38.56387151122523,177200
2018-08-29,39.136497497558594,39.37141903072483,37.63152775007509,38.1601025999419,137700
2018-08-30,38.74006271362305,39.268637513736024,38.48311538557465,38.98232429668462,30600
2018-08-31,38.69601058959961,38.86486023628082,37.881125442214376,38.681327646346666,68000
2018-09-04,37.16902542114258,38.43907076199567,36.647790673925655,38.43907076199567,42600
2018-09-05,37.63151931762695,37.719616973187605,36.84600009202999,37.06624143044667,74000
2018-09-06,37.95454025268555,38.123389899785856,37.27179879239708,37.286481735686465,129200
2018-09-07,38.08668899536133,38.152760848687805,37.46267642494782,37.954545288708374,109700
2018-09-10,37.660892486572266,38.3289511011117,37.25712128885907,38.3289511011117,57900
2018-09-11,39.246604919433594,39.34938271271062,37.41862205218397,37.54342285816755,57100
2018-09-12,39.613677978515625,39.96606025462015,39.099786109014495,39.37141638890612,183700
2018-09-13,40.20832061767578,40.70018662032414,39.91466735008997,39.91466735008997,60000
2018-09-14,39.64303970336914,40.54601971610989,39.3200233509978,40.17895453367129,86800
2018-09-17,39.62835693359375,39.72379466558165,38.92359245234104,39.63569980554634,110000
2018-09-18,41.30217361450195,41.757336462791585,39.80454977971211,39.80454977971211,76400
2018-09-19,40.80296325683594,41.45633877317392,40.6194306825619,41.30216928241526,92100
2018-09-20,41.27280807495117,41.29483108870996,40.802965111530554,40.96447187990329,86600
2018-09-21,40.377174377441406,41.529758949267716,40.098204024879536,41.529758949267716,61700
2018-09-24,40.32577896118164,40.604749268712915,40.11288049489501,40.23034123483161,55500
2018-09-25,39.96605682373047,40.685504259076865,39.53291978811033,40.49463159275441,38500
2018-09-26,40.45792770385742,40.63411743555639,40.039473590465754,40.10554543997419,44700
2018-09-27,41.25078582763672,41.566462121072206,40.45792645842762,40.45792645842762,63200
2018-09-28,41.80872344970703,41.94820720622121,40.5900671965508,41.24344275148905,248400
2018-10-01,42.513492584228516,42.65297635609675,41.478368802245,42.06567257917087,96400
2018-10-02,41.683921813964844,42.50614985066171,41.61784996816751,42.50614985066171,62400
2018-10-03,39.899986267089844,41.91150480272852,39.76050249874965,41.28015220832036,98200
2018-10-04,40.046810150146484,40.45792415552983,39.591650115944056,40.20097685198334,98600
2018-10-05,39.79720687866211,40.44324239153222,39.21724321143195,40.37717054589226,141200
2018-10-08,39.224586486816406,39.43014209737232,38.725377603621894,38.982322116816796,177200
2018-10-09,40.450584411621094,40.72221467927305,39.02637242647961,39.0851042034266,112400
2018-10-10,39.18053436279297,40.42121639490676,39.17319429181223,40.42121639490676,44800
2018-10-11,38.20414352416992,39.70911015943629,37.46267031330466,39.18053541905591,84100
2018-10-12,38.7620849609375,39.22458790185844,38.49779756612553,39.092444204452455,35000
2018-10-15,38.4464111328125,38.96030301125719,38.211489611321,38.96030301125719,33200
2018-10-16,39.679744720458984,39.738476492489106,38.77676472913358,38.87954252970126,56700
2018-10-17,38.710693359375,39.67240513449477,38.60057548619904,39.62101623358231,46400
2018-10-18,37.2938232421875,38.63728319977041,36.83866318464193,38.47577361785722,77700
2018-10-19,37.82973861694336,37.97656525704467,36.95612444909267,37.565451224858045,80600
2018-10-22,37.646202087402344,38.130727988821874,37.38925759440901,38.130727988821874,45300
2018-10-23,37.2350959777832,37.5581123559633,36.93410261615381,37.21307016074717,29300
2018-10-24,35.80354309082031,37.53609143517107,35.620010474689686,37.24243812916789,67000
2018-10-25,36.522987365722656,37.139657013163315,35.7374680624987,36.05314435824125,70700
2018-10-26,35.759490966796875,36.33211458080353,35.44381467203885,36.33211458080353,98800
2018-10-29,32.40451431274414,36.3247706282703,31.765821670465957,36.3247706282703,129300
2018-10-30,30.980302810668945,32.375148862038664,30.613237618126625,32.375148862038664,243200
2018-10-31,30.66462516784668,31.51621626494566,29.959860701382368,30.972958571742925,197800
2018-11-01,31.905303955078125,32.316417954307234,30.928912057575868,30.928912057575868,83300
2018-11-02,31.58228874206543,32.75689620972847,31.5088740250333,32.20629843417046,72400
2018-11-05,33.77733612060547,33.89479686440982,31.57494507391004,31.57494507391004,102400
2018-11-06,32.88169860839844,33.696583734066415,32.38982982423133,33.549757105935115,58200
2018-11-07,33.278133392333984,34.48210683701799,33.1019408587407,33.34420244188549,88500
2018-11-08,29.335853576660156,33.18269855921389,29.122955063398845,32.91107106326858,210900
2018-11-09,29.137632369995117,30.099344129628587,28.190606353797367,29.32116495615139,178500
2018-11-12,29.431285858154297,29.695573232363323,28.33009033260672,29.042197668616033,96200
2018-11-13,28.785249710083008,29.438625258948985,28.44755042872295,29.438625258948985,90700
2018-11-14,27.588621139526367,29.16699978280847,26.443376733782312,29.16699978280847,211700
2018-11-15,27.977706909179688,28.21996845823227,27.57393579376877,27.57393579376877,102200
2018-11-16,27.676715850830078,27.98504926580431,27.331673676514495,27.98504926580431,87200
2018-11-19,27.544572830200195,27.66203358169525,27.162824687719958,27.603301805705115,36600
2018-11-20,26.678300857543945,27.61064687183049,26.678300857543945,27.096754993024895,44800
2018-11-21,26.74437141418457,27.412429984104016,26.700322580827077,27.052704846231098,64900
2018-11-23,26.303895950317383,26.75905605526245,26.083654570051092,26.634252419745852,32900
2018-11-26,25.143964767456055,26.37730399322701,25.07055285183269,26.17174838909354,100100
2018-11-27,24.857654571533203,25.68722266693615,24.66677910863372,25.05587010585878,84300
2018-11-28,24.909048080444336,25.15865256237764,24.512616938464575,24.94575404533455,107500
2018-11-29,26.25250244140625,26.36262312398971,24.909045236508593,24.909045236508593,120800
2018-11-30,26.25250244140625,26.949926896635823,26.017580932347805,26.2598453138373,147800
2018-12-03,26.465396881103516,27.03067755085724,26.164403568687618,26.788416006954137,95500
2018-12-04,26.27452850341797,26.553496047724995,25.73127075834712,26.39932933105764,121500
2018-12-06,26.23047637939453,26.50944668919145,25.694561574051093,25.92948305583219,126200
2018-12-07,26.215791702270508,27.265598229736153,25.885432515221044,26.289206410773044,101000
2018-12-10,25.34952163696289,26.090994904002326,24.87967863235603,26.090994904002326,54900
2018-12-11,25.261425018310547,25.841388662032898,24.842970946380497,25.841388662032898,92500
2018-12-12,25.885438919067383,26.16440927942245,25.09257947448649,25.62849437695447,52400
2018-12-13,25.393569946289062,25.92948478742127,25.349521115331633,25.892778828532656,90000
2018-12-14,24.828289031982422,25.188014147562242,24.68146239704198,25.173331204019682,105300
2018-12-17,24.960432052612305,25.56241871925415,24.769559392658696,24.769559392658696,108700
2018-12-18,25.71658706665039,25.95150857107568,24.97511659339904,25.202698026023334,116000
2018-12-19,26.612224578857422,27.38306086863078,25.687221591226386,25.723927547789884,117600
2018-12-20,28.080488204956055,28.30806964041275,26.626910328051856,26.626910328051856,163200
2018-12-21,28.491600036621094,28.623743724332158,28.00707411517555,28.46223415035529,204600
2018-12-24,28.102508544921875,28.609060272298713,28.021753759369915,28.498939601003315,49500
2018-12-26,28.792593002319336,28.79993307354962,27.214211641731325,28.175923401029717,79500
2018-12-27,29.15966033935547,29.2771210911556,28.190608436883103,28.484258916140814,92700
2018-12-28,29.306482315063477,29.306482315063477,28.26401855919107,29.29914224375503,57500
2018-12-31,27.911638259887695,29.31382721768718,27.874932299832416,29.31382721768718,90100
2019-01-02,29.570770263671875,29.644184980606003,27.54457168453669,27.54457168453669,66300
2019-01-03,29.144973754882812,29.673545671717978,28.74120264603439,29.578110748134538,61400
2019-01-04,29.908477783203125,29.93050080203373,29.233076267379907,29.592801444364927,70300
2019-01-07,31.185850143432617,31.391405700532246,30.246164396137818,30.348942174687632,103800
2019-01-08,31.868595123291016,32.052127692026964,31.0170041163756,31.802523286526686,83500
2019-01-09,31.49419403076172,32.09618071084099,30.789426746352355,31.846576272723844,74300
2019-01-10,31.824552536010742,31.912650202619552,31.442807182647115,31.707091781017635,124200
2019-01-11,31.942007064819336,32.154905516897514,31.163830764855284,31.817206262177837,31500
2019-01-14,32.41919708251953,32.41919708251953,31.70708972624874,31.736455613215295,115600
2019-01-15,33.03586196899414,33.168005640908895,32.06681024194242,32.507287281335124,83200
2019-01-16,33.703922271728516,33.872771906227115,33.03586380458845,33.27078527871563,55900
2019-01-17,33.96086883544922,34.107695465877676,33.043205895877705,33.549757630831614,96400
2019-01-18,33.59380340576172,34.29122779466284,33.33685890481737,34.12972102284854,176100
2019-01-22,34.18844985961914,34.25452170252815,33.49836834516891,33.593803273438034,64500
2019-01-23,33.61582565307617,34.6069003949547,33.38824426175912,34.56285437117281,76000
2019-01-24,33.02853012084961,34.19579764635938,32.75689983846776,33.858095511571875,82800
2019-01-25,32.947776794433594,33.60849254750386,32.485273806944534,33.45432581850268,87700
2019-01-28,32.81563186645508,33.072576405259234,32.48527260193157,32.65412227035793,62900
2019-01-29,32.529319763183594,33.13864655262425,32.44122209685447,33.13864655262425,166100
2019-01-30,32.353126525878906,32.74955761426393,31.956695437493888,32.60273097406741,193700
2019-01-31,32.90372848510742,33.417620390505796,32.58071207623573,32.58071207623573,265500
2019-02-01,32.764244079589844,32.999165608957796,32.54400549586808,32.999165608957796,55100
2019-02-04,32.92574691772461,33.10193944378649,31.964037897779317,32.70550836051116,45800
2019-02-05,33.072566986083984,33.153321761133334,32.85232847262144,33.153321761133334,256500
2019-02-06,32.80094528198242,33.09459855130757,32.610069816775535,32.947771916644996,203000
2019-02-07,33.02853012084961,33.0725761554631,32.441223521472416,32.70551093109507,188000
2019-02-08,32.455902099609375,33.035865748194084,32.24300362600461,32.95511096162089,124600
2019-02-11,32.86701583862305,33.138643281781164,32.367806980638655,33.138643281781164,198700
2019-02-12,33.03586196899414,34.555511395529095,32.80094050792007,32.9257413089036,163700
2019-02-13,32.32376480102539,33.29281683045642,32.22832985301813,33.00650638546347,146200
2019-02-14,33.06522750854492,33.29280609632559,32.22831946209475,32.301731367736636,132500
2019-02-15,32.95511245727539,33.15332799681869,32.5366583628457,32.9330894419323,83600
2019-02-19,33.21939468383789,33.24876056672447,32.4852644145818,33.021179175080576,68000
2019-02-20,33.08725357055664,33.53507351751826,33.02852460072566,33.329517922382415,87700
2019-02-21,34.76841354370117,34.77575361492856,32.88903885468205,33.16800916956821,121100
2019-02-22,35.09877395629883,35.32635257841878,34.54817617945103,35.05472512597637,98300
2019-02-25,35.16484832763672,35.53191353857036,35.04738757215737,35.39242696610497,79700
2019-02-26,34.93726348876953,35.436472351097684,34.61424714275692,35.28964572091557,70100
2019-02-27,34.53348922729492,35.01801510265686,34.36463959805354,35.01801510265686,110200
2019-02-28,33.476348876953125,34.40869492565124,33.388254003201844,34.40869492565124,73200
2019-03-01,32.60272979736328,34.14440246257124,32.26503049743927,33.69658528683817,214300
2019-03-04,33.64519500732422,33.689241035650625,32.79360111988007,32.881698777502926,121000
2019-03-05,33.29281234741211,34.041625687592905,33.10927974836246,33.76999822513528,107800
2019-03-06,32.947776794433594,33.88012284201321,32.933093848745074,33.45432581850268,106400
2019-03-07,31.84657859802246,33.03586910154208,31.78784681983121,32.96979725131959,58200
2019-03-08,31.67772102355957,31.919982546869807,31.002319745497683,31.743792857277747,77900
2019-03-11,32.206298828125,32.31641950477766,31.809870553242718,31.809870553242718,75900
2019-03-12,32.154911041259766,32.551342130379254,31.89062364851344,32.35312658581951,47300
2019-03-13,31.32533836364746,32.49260564547068,31.090416893134535,32.213638149539605,101400
2019-03-14,31.68506622314453,31.81720991197318,30.958275934586975,31.24458912737243,56400
2019-03-15,31.905303955078125,32.19161434005634,31.773160269628946,32.00808175476415,72200
2019-03-18,32.008079528808594,32.38982761572643,31.82454695627991,31.868595781861323,52100
2019-03-19,32.69816589355469,32.92574450579404,32.03744746982916,32.03744746982916,114600
2019-03-20,33.109283447265625,33.17535530232433,32.345789878291875,32.690829298722385,66600
2019-03-21,33.006500244140625,33.25610467803563,32.87435655557944,32.984477229542115,100200
2019-03-22,31.67772102355957,32.830305278044186,31.52355154456074,32.705501680805575,76300
2019-03-25,31.986059188842773,32.49995099495808,31.428121353950615,31.655699970591147,61500
2019-03-26,32.51462936401367,32.58070119836927,32.02276064148098,32.11819835788009,60500
2019-03-27,32.28705596923828,32.3971766539116,32.00808562175512,32.38249370925614,59400
2019-03-28,31.9934024810791,32.382490676308194,31.912647693280213,32.353124789747675,55100
2019-03-29,33.1019401550293,33.190035019710486,32.18427714651826,32.18427714651826,125900
2019-04-01,33.630516052246094,33.953532433711,33.38825166578341,33.454323516592744,135700
2019-04-02,33.858089447021484,33.96086724335765,32.85233169653702,33.75531165068532,56800
2019-04-03,33.57177734375,34.438051297554225,33.505705506579005,34.01959726229953,88100
2019-04-04,34.21781921386719,34.232502158278045,33.39559393025614,33.71861030583916,68000
2019-04-05,35.57596206665039,35.6053279577011,34.37198853842643,34.37198853842643,91800
2019-04-08,36.00909423828125,36.39818524033062,35.113457087483276,35.49520241704529,163300
2019-04-09,35.862266540527344,36.22933171617444,35.37774062069258,36.00175309958367,66900
2019-04-10,35.744808197021484,36.06782736559587,35.700762165296055,35.97238962938205,59000
2019-04-11,35.319007873535156,35.63468411488732,35.27495904899134,35.63468411488732,59800
2019-04-12,35.61266326904297,35.74480696061891,35.32635287079014,35.56127436681734,81300
2019-04-15,35.61266326904297,35.93568242644422,35.25294095346357,35.62734621260531,71300
2019-04-16,35.730125427246094,36.001755693142364,35.377743169297545,35.72278535541779,42100
2019-04-17,36.02376937866211,36.280713833380574,35.451148707869805,35.88428564616987,51000
2019-04-18,35.79619598388672,36.4422315003886,35.72278406631191,35.99441152192088,77100
2019-04-22,35.928340911865234,36.20731124911951,35.65671344691212,35.65671344691212,53200
2019-04-23,35.693416595458984,35.91365513889712,35.16484465130447,35.91365513889712,66700
2019-04-24,35.495201110839844,35.64937061187686,33.66721811747186,35.64937061187686,54200
2019-04-25,36.06782913208008,36.36882249904819,35.26762684421578,35.49520548723718,79200
2019-04-26,36.332122802734375,36.47160660155884,35.36306788292333,36.111881393399315,151100
2019-04-29,35.363059997558594,36.49362148483716,34.85651103010869,36.49362148483716,130000
2019-04-30,36.10453414916992,36.28072388106146,35.296991810282215,35.370403731822805,117700
2019-05-01,36.097190856933594,37.0442197564144,36.038461880481165,36.18528852234013,80100
2019-05-02,36.47894287109375,36.47894287109375,35.78152114921001,36.15592646516354,54400
2019-05-03,36.57437515258789,36.985489171820575,36.427548517112996,36.69183590087078,44800
2019-05-06,35.68607711791992,36.4495733616602,35.377740911588816,35.70076006112474,51500
2019-05-07,35.480525970458984,35.53191487788789,34.62159188824579,35.53191487788789,44200
2019-05-08,36.22198486328125,36.57436702987017,34.92257404871209,35.54658361028911,52100
2019-05-09,36.111873626708984,36.442232869174354,35.2235765084573,35.7374683522384,48100
2019-05-10,36.170597076416016,36.53031932391033,35.42178389937623,36.177937146565355,22200
2019-05-13,35.906314849853516,36.02377559234034,35.1575015663181,35.53190960832831,73400
2019-05-14,36.90473556518555,37.05156220536665,34.915242852163054,36.22199406875587,82500
2019-05-15,36.508304595947266,36.69918006895098,36.1485822668395,36.51564746824715,101000
2019-05-16,36.85334777832031,37.00017442295213,36.51564845600686,36.51564845600686,96400
2019-05-17,37.3896598815918,37.71630686982349,36.83512038705693,36.89589036975957,97600
2019-05-20,37.9138069152832,38.35440153560673,37.1769517940297,37.230126607129435,74800
2019-05-21,37.80746078491211,38.17208935037247,37.50360219812335,38.17208935037247,33200
2019-05-22,37.8834228515625,38.08852695684927,37.42763788279866,37.898616070229316,22100
2019-05-23,37.9138069152832,38.28603350479136,37.336479131138894,37.63273963206887,33500
2019-05-24,37.31369400024414,38.21767176742103,37.22253757674923,38.12651244611567,29300
2019-05-28,37.966983795166016,38.33161234676041,37.38205792141769,37.53398720903455,59000
2019-05-29,37.799861907958984,37.97458247515592,37.30609533738169,37.92900281878148,57400
2019-05-30,38.361995697021484,38.55190656680872,37.86822627645071,37.951787522806676,83500
2019-05-31,36.911075592041016,37.73908707385133,36.35653621766307,37.73908707385133,159300
2019-06-03,36.01469802856445,37.07820008206236,35.87036680753958,37.02502526916847,61900
2019-06-04,36.721168518066406,36.85790458589427,36.128647489352396,36.128647489352396,43700
2019-06-05,37.24532699584961,37.2529250550753,36.48568335067015,36.75156036516928,63700
2019-06-06,37.11617660522461,37.32128066884848,36.310953566309735,37.32128066884848,58300
2019-06-07,37.594764709472656,37.72390273626163,37.22253805389707,37.30609931725957,24000
2019-06-10,38.908939361572266,39.34953106618866,37.83024413005929,37.83024413005929,31300
2019-06-11,40.10917663574219,40.337069108539865,39.24318350042499,39.273569936214024,42400
2019-06-12,39.8660888671875,40.39024181708376,39.79012567948423,39.79012567948423,40600
2019-06-13,39.995235443115234,40.15475989863104,39.60022043578302,39.911674186089726,66900
2019-06-14,39.129234313964844,39.85089619831329,38.36199567549137,39.85089619831329,71200
2019-06-17,38.445556640625,39.212795273487195,38.445556640625,39.06086599929184,49600
2019-06-18,38.536712646484375,39.51665341218436,38.210065724584375,38.95451597283255,144800
2019-06-19,39.030487060546875,39.182416352639706,38.415174731585495,38.60508562224898,103900
2019-06-20,39.59261703491211,40.29149053752526,39.35712941268095,39.5242490063718,55700
2019-06-21,38.43036651611328,39.888880711019056,38.263244011268206,39.45588412829327,52900
2019-06-24,38.931732177734375,39.16722272289917,38.52912202104926,38.52912202104926,31600
2019-06-25,38.75701141357422,39.09125350773951,38.69623854310237,38.84057266156803,89400
2019-06-26,39.34953308105469,39.5318487977619,38.84816848237236,38.96971132757383,98600
2019-06-27,38.650665283203125,39.25837955382687,38.46834955311089,38.734226538753305,65300
2019-06-28,37.131370544433594,39.13682867520394,37.009827715229626,38.65065735838805,72700
2019-07-01,37.07060623168945,37.88342463281625,36.72117087935295,37.46562124216953,57100
2019-07-02,37.480804443359375,37.7618716822596,36.857897104278045,37.41243642332316,95900
2019-07-03,37.511199951171875,38.18728225857142,37.366865819607774,37.48840867377162,46600
2019-07-05,38.09612274169922,38.149297554954785,37.54158043578835,37.60235330682899,110700
2019-07-08,38.453155517578125,38.70383927890548,38.15689499805319,38.210069814490474,54800
2019-07-09,38.68104553222656,38.87855446450576,38.36959181391858,38.49113465770194,87900
2019-07-10,38.36959457397461,38.77980278792987,37.76947836964397,38.77980278792987,47300
2019-07-11,38.82537841796875,38.93932320037747,38.18727778392628,38.627869491964475,40600
2019-07-12,38.483543395996094,38.89375162199623,37.95179231390076,38.89375162199623,83100
2019-07-15,39.27356719970703,39.296355576055944,38.3923809078947,38.43036250107949,53600
2019-07-16,38.99250793457031,39.27357525918846,38.703842551070096,39.27357525918846,57100
2019-07-17,39.364723205566406,39.56982728406575,39.03807629141669,39.068462724781725,45600
2019-07-18,39.303955078125,39.62300394997673,39.136832584597,39.29635702052286,55000
2019-07-19,39.07605743408203,39.69136966249198,38.78739501386874,39.493863643513954,49900
2019-07-22,38.67344665527344,38.992498400671074,38.551903823171884,38.969707127407865,77100
2019-07-23,37.54917526245117,38.939321243068285,37.44282564509147,38.81018324993429,44900
2019-07-24,38.544315338134766,39.21279958154048,37.59476089235485,37.685917307762864,66700
2019-07-25,38.33161163330078,38.825381084412605,37.87582667674378,38.43796126331008,87300
2019-07-26,38.103721618652344,39.045680926999474,37.56437537569896,38.42277342711889,43200
2019-07-29,38.74941635131836,38.886152422640215,37.6175490804777,37.95179120048101,64100
2019-07-30,39.06086730957031,39.326744272783365,38.17208580710005,38.681045560245934,88700
2019-07-31,37.46561813354492,38.99250322984639,37.07060315584031,38.99250322984639,75100
2019-08-01,36.92626953125,37.799857782848804,36.91107631411656,37.37445929435195,89100
2019-08-02,35.78680419921875,36.804726561059034,35.45255921909188,36.804726561059034,59900
2019-08-05,35.13351058959961,35.490543948836326,34.95119488123345,35.262648588926155,43500
2019-08-06,35.08793258666992,35.76401774286096,34.9436013633806,35.21707348987405,41100
2019-08-07,35.217079162597656,35.217079162597656,34.586573558531136,34.700521262194634,37500
2019-08-08,35.11072540283203,35.520930712759146,35.11072540283203,35.29303822995294,29800
2019-08-09,35.391788482666016,35.77161020800143,34.84484427088389,35.17149118649713,18800
2019-08-12,34.79166793823242,35.04235165692936,34.50300262822646,35.04235165692936,63800
2019-08-13,34.61695098876953,34.936002737295055,34.487812996187344,34.73089866277358,65500
2019-08-14,32.70265197753906,34.18395737676069,32.611495569254494,34.05481937317504,87100
2019-08-15,33.16603469848633,33.219209511027266,32.47475923764419,32.64947689282298,73700
2019-08-16,33.690189361572266,33.811732210334306,33.10526639414941,33.15844120936967,123200
2019-08-19,33.333160400390625,33.8573134163497,33.112863071351654,33.8573134163497,98600
2019-08-20,33.682594299316406,33.97885481292271,32.98372074354375,33.26479093659444,51800
2019-08-21,34.1155891418457,34.465024453019474,33.60662939267652,33.88009861589297,30700
2019-08-22,33.91808319091797,34.586567379701485,33.7205742595606,34.22193885005321,46700
2019-08-23,33.29518127441406,33.98645685309332,33.27238999529005,33.84972076959101,49800
2019-08-26,34.03202819824219,34.22953713088696,33.561050039936156,33.67499772398583,28600
2019-08-27,34.1839599609375,34.487818541936576,33.887699438259006,34.29030959494412,49400
2019-08-28,33.92567825317383,34.23713196913168,33.85731022294845,33.963659848230165,42400
2019-08-29,34.685325622558594,34.70811400257762,33.9028936652625,34.130786158883566,45200
2019-08-30,35.53611755371094,35.71083518909974,34.7308973991199,34.7308973991199,46200
2019-09-03,35.498146057128906,35.756425004148845,35.163903907142696,35.58930248025052,90500
2019-09-04,35.55891799926758,36.00710783968486,35.46016351976943,35.68046085949207,47600
2019-09-05,36.38692855834961,36.46289175705269,35.57411016142347,35.80959781608919,49100
2019-09-06,36.59202575683594,37.275706061341,36.47808097129174,36.56164221937679,39700
2019-09-09,36.04508590698242,36.81992265164205,35.756420555565676,36.81992265164205,45000
2019-09-10,36.242591857910156,36.44769595725948,35.80959528077606,35.80959528077606,35900
2019-09-11,36.06787109375,36.189413931305126,36.02988950035336,36.12104590406725,28300
2019-09-12,36.02229309082031,36.37173130035988,35.862768652571134,36.07547080137999,83800
2019-09-13,36.1666259765625,36.37173006066781,35.8779606473243,35.8779606473243,24600
2019-09-16,35.78680419921875,36.440098044583245,35.72603133090119,35.86276738680585,24200
2019-09-17,36.1666259765625,36.212202730045995,35.53612050714879,35.58170015844214,52500
2019-09-18,36.30336380004883,36.32615217790002,35.938735265379755,35.938735265379755,22200
2019-09-19,36.105857849121094,36.4552960926341,35.771615722511086,36.219805543411674,15800
2019-09-20,36.3945198059082,36.69078030593029,36.045084492949336,36.19701377183014,41300
2019-09-23,36.242591857910156,36.478082393713464,35.98431294367139,36.242591857910156,14900
2019-09-24,36.43250274658203,36.83511578515564,36.3261531167811,36.47808240127246,51000
2019-09-25,35.69565200805664,36.35654109106705,35.39179342622117,36.295768215575876,139500
2019-09-26,35.498146057128906,35.642477301888995,35.41458479517974,35.6196889205612,36600
2019-09-27,35.38419723510742,35.99950664357826,35.353810798246855,35.50574008473957,43700
2019-09-30,36.12104797363281,36.19701406258841,35.574106622202486,35.62728143556641,75000
2019-10-01,36.47808074951172,36.52366040213826,36.113452221929215,36.113452221929215,36300
2019-10-02,36.17422103881836,36.37172996274797,35.79439930582586,36.18181909625173,40700
2019-10-03,36.64521026611328,36.74396185234395,36.15144074371794,36.17422912549263,32700
2019-10-04,37.184547424316406,37.26810866739238,36.68318286367031,36.698376080394105,37300
2019-10-07,36.57683563232422,37.45802197516389,36.39451991754602,37.19974306961726,21000
2019-10-08,36.50087356567383,37.39725322499872,36.36413748897611,36.6300144815818,26700
2019-10-09,37.29090118408203,37.511198504322586,36.75155497064628,36.75155497064628,36900
2019-10-10,37.92140197753906,38.06573609656078,36.91867279337019,37.48840541609387,63500
2019-10-11,38.93932342529297,39.20520038140214,38.324014062426095,38.711430961349315,62100
2019-10-14,39.030487060546875,39.15962507524914,38.86336454946373,38.96971418458565,37400
2019-10-15,38.47594451904297,39.1368335541148,38.46075130127224,38.94692267869566,58300
2019-10-16,39.22039031982422,39.258371911004524,38.50632365527191,38.56709651940813,53600
2019-10-17,39.524253845214844,40.010425264217695,39.02288920714187,39.493870304884844,38100
2019-10-18,39.577423095703125,41.50691817903278,39.296355826969226,39.92686128953995,125600
2019-10-21,40.0939826965332,40.21552553969267,39.37232369529195,39.37232369529195,98700
2019-10-22,40.526981353759766,41.12710044070894,40.07879155307508,40.390245285902736,68600
2019-10-23,40.04080581665039,40.625731624724054,39.790124983367285,40.58775003153689,34700
2019-10-24,40.43582534790039,40.62573623318894,40.018021979827616,40.43582534790039,46000
2019-10-25,40.344669342041016,40.504193791820995,40.02561754467089,40.185144892261036,25900
2019-10-28,41.01314926147461,41.332198104908336,40.25350584627849,40.701695577156585,48900
2019-10-29,42.47926712036133,42.684371232369905,41.14989087045444,41.70443322763148,123100
2019-10-30,42.06905746459961,42.89706898809601,41.552499657401306,42.540035618994544,71400
2019-10-31,42.31214904785156,42.8059156485619,41.689241528437655,42.06146526920895,137700
2019-11-01,41.6132698059082,42.608403829413724,41.484131802467694,42.608403829413724,56400
2019-11-04,41.165077209472656,41.85635262797515,41.096709183563185,41.85635262797515,53400
2019-11-05,40.914398193359375,41.32460636700017,40.66371445464226,41.172677091821,27800
2019-11-06,41.55250549316406,42.03867693343955,40.800457054243296,40.800457054243296,33500
2019-11-07,41.91712951660156,42.1602152103137,41.30941528232121,41.7500070154957,31600
2019-11-08,42.05386734008789,42.16021697330787,41.605677530225,41.73481554261778,49300
2019-11-11,42.21338653564453,42.3273342129459,41.712021971576185,41.94751248568776,38500
2019-11-12,41.681640625,42.21339168762146,41.43855492171193,42.15262171070452,34600
2019-11-13,41.81837463378906,41.90193588351439,41.362589687045485,41.43855287889941,42500
2019-11-14,41.096710205078125,41.93991491298397,40.967572207266876,41.65884764295197,42000
2019-11-15,41.924720764160156,42.053861656910954,41.415761046014104,41.44614747934485,21700
2019-11-18,41.69683074951172,41.879146462353866,41.560094689332594,41.62846271942216,20100
2019-11-19,41.99308776855469,42.213385058128104,41.81837012786844,41.871544935998614,45400
2019-11-20,41.385379791259766,41.87914925233588,40.95997836482788,41.78039478055863,36100
2019-11-21,40.69410705566406,41.28662813105733,40.65612545556635,41.28662813105733,46300
2019-11-22,41.34739685058594,41.8487614557535,40.299087986031935,40.85362740554984,70200
2019-11-25,41.15748596191406,41.41576487347486,40.8840138322838,41.20306561612246,53600
2019-11-26,41.43855285644531,41.453746074369874,40.952381474099596,41.058731101761474,49900
2019-11-27,41.241050720214844,41.50692481451971,40.997965006047465,41.50692481451971,46900
2019-11-29,40.42062759399414,41.57528599472872,40.26110316372543,41.111903022968356,53900
2019-12-02,39.82051086425781,40.42822798228003,39.72175929571769,40.42822798228003,110700
2019-12-03,40.025611877441406,40.1395595527562,39.44068607992434,39.44068607992434,68000
2019-12-04,40.14716339111328,40.45102199243412,39.98004376841617,40.23832271019577,53400
2019-12-05,40.42062759399414,40.55736364788441,40.0711922997456,40.0711922997456,58800
2019-12-06,40.61812973022461,40.75486576127371,40.32946445380879,40.70169096006676,32400
2019-12-09,41.142295837402344,41.27903191249889,40.534581557978946,40.534581557978946,48300
2019-12-10,41.89434051513672,41.90193567516033,41.07392413770571,41.09671251558657,53200
2019-12-11,42.403297424316406,42.5856131285443,41.96270572729786,42.008282479997476,49400
2019-12-12,43.011009216308594,43.08697529626548,42.47925824784898,42.47925824784898,62900
2019-12-13,46.49777603149414,46.824422954915015,43.13255523276083,43.13255523276083,107700
2019-12-16,47.47012710571289,47.63724671757912,46.497781383189384,46.97635763501993,62800
2019-12-17,46.11035919189453,47.743590913118254,45.43427696748849,47.743590913118254,160900
2019-12-18,46.46739196777344,47.021934278380286,45.95083704860365,46.31546558450527,83800
2019-12-19,45.882469177246094,46.771250693270844,45.85967790142826,46.68768944349552,36700
2019-12-20,46.1407470703125,46.1939218830328,45.29754232887633,45.89006332650825,64300
2019-12-23,45.662174224853516,46.429412934824796,45.14561637936012,46.315468141084004,38700
2019-12-24,46.11795425415039,46.20911355674801,45.662169332401746,45.662169332401746,21200
2019-12-26,46.37623596191406,46.37623596191406,45.66217210178436,46.36864080180855,15900
2019-12-27,46.28507995605469,46.642113338144455,46.004012664734056,46.497779214588135,32600
2019-12-30,45.30513381958008,46.34584451000463,44.92531210359056,46.13314527634961,54500
2019-12-31,45.53303527832031,45.62419459461666,45.03926868852808,45.213986364713975,25500
2020-01-02,46.13315200805664,46.13315200805664,44.34799084154073,45.37350846523112,160600
2020-01-03,45.40388870239258,45.99640965758687,45.27474781088551,45.5862015050017,33400
2020-01-06,45.15320587158203,45.608993682759106,44.51510525418198,45.47225762918696,47400
2020-01-07,44.7581901550293,45.1532050921064,44.34038684202017,45.1532050921064,26700
2020-01-08,45.47225570678711,45.65456850530258,44.57587623695862,44.81136674100159,32400
2020-01-09,45.282352447509766,45.859680270069894,45.1380183185121,45.798910292973645,33200
2020-01-10,45.98882293701172,46.38383794556162,45.63938758638266,45.63938758638266,28200
2020-01-13,46.75605773925781,46.89279380369655,46.17872994325762,46.29267473174988,24800
2020-01-14,46.98395538330078,47.03713020334288,46.50538200292185,46.7256764440347,53100
2020-01-15,47.576473236083984,47.70561124018866,46.664900456144586,46.84721327344648,54600
2020-01-16,48.64756774902344,49.22489839991526,47.8955194505172,47.8955194505172,174700
2020-01-17,49.0501823425293,49.19451646736358,47.51570206912699,48.753921830431686,34100
2020-01-21,47.91071701049805,48.86027141913771,47.8119625406127,48.837483040629586,45800
2020-01-22,47.8575439453125,48.320926977321506,47.75878947181627,48.24496088316664,35300
2020-01-23,47.03712463378906,47.72840300810449,46.71807575131426,47.698016572304034,43400
2020-01-24,46.816829681396484,47.08270374707378,45.73053924538356,47.01433571621248,44300
2020-01-27,45.55582046508789,45.852080958912666,44.97848979697969,45.852080958912666,50000
2020-01-28,46.65730667114258,46.79404274554598,45.85208634166727,45.85208634166727,35300
2020-01-29,46.429412841796875,47.13588157325292,46.09517072389268,46.862409432326686,49200
2020-01-30,46.680091857910156,46.885195942753185,45.47225862348558,45.7077462448236,31500
2020-01-31,46.1407470703125,46.39902597401538,45.61659120519815,46.28507829086618,58600
2020-02-03,46.97635269165039,47.333386052820785,46.38383170741858,46.38383170741858,20200
2020-02-04,46.96875762939453,47.94110035380506,46.748460325329674,47.72840110729273,39600
2020-02-05,47.10549545288086,47.66763295721356,46.892796185311276,47.4397404708447,26600
2020-02-06,47.05231475830078,47.36376846025439,46.8396155173012,47.36376846025439,54500
2020-02-07,46.77885055541992,46.96876144030329,46.01160895771744,46.3838355671253,52200
2020-02-10,46.64970779418945,47.887927525841135,46.026800348334994,46.38383372503573,34200
2020-02-11,48.427276611328125,48.57160784350708,46.20911882258952,46.748465050943196,46300
2020-02-12,49.17172622680664,49.74905111304135,47.81955882844809,48.61718392261652,104900
2020-02-13,49.96174621582031,50.060503571657584,45.2671524491883,49.11854733416485,43500
2020-02-14,49.07297134399414,49.855403260010874,47.492914293479465,49.74146136592708,34400
2020-02-18,50.28839874267578,50.4555212444977,48.936234203382185,49.186917956115074,31600
2020-02-19,50.85053253173828,50.94928409019173,49.9161685724503,50.52388562839916,38300
2020-02-20,49.832611083984375,50.637837113080465,49.103354039315704,50.637837113080465,72700
2020-02-21,50.25041961669922,50.71380262394853,49.18691753783816,49.56673929488711,34900
2020-02-24,48.389286041259766,48.63236880405459,47.70560580967864,48.366494768333965,52800
2020-02-25,46.61932373046875,48.87546309757086,46.490185718254594,48.87546309757086,76200
2020-02-26,43.375640869140625,46.77884615628204,43.25409803015771,46.76365293918295,70700
2020-02-27,39.67617416381836,42.236171592981975,38.711426704657214,41.90952470138373,113200
2020-02-28,39.56223678588867,40.07879172490641,38.01256327540508,38.72662715675648,177000
2020-03-02,40.75487518310547,41.02074925060577,39.281164929503824,39.7977227444844,153200
2020-03-03,39.93446350097656,41.901940525162814,39.80532548095775,40.9751744132712,103800
2020-03-04,40.557369232177734,41.165083501026665,40.29909030569066,40.618142107967735,87400
2020-03-05,39.25838088989258,39.8509019616895,39.25078283123295,39.600221084317845,92800
2020-03-06,37.199745178222656,38.301225995850366,37.002236234533314,38.08852673139428,79200
2020-03-09,33.1280517578125,34.799267949554206,32.117724564955125,34.799267949554206,108400
2020-03-10,34.70051956176758,34.9284120601167,33.53826579171986,34.33589098484693,94900
2020-03-11,31.935415267944336,33.86491056413413,31.57838187515839,33.74336481526219,88100
2020-03-12,27.848529815673828,30.089478657597496,25.75191508931417,29.61090245458772,123700
2020-03-13,27.69659996032715,29.101942105300292,26.329242306744774,28.668945563296038,94000
2020-03-16,22.462657928466797,24.809956445302465,22.34871169393113,24.809956445302465,109000
2020-03-17,22.249958038330078,23.374230031577067,19.500048026242506,22.5462185293993,170000
2020-03-18,20.062185287475586,21.163668973244057,19.5228390826696,19.97862403645859,112800
2020-03-19,18.823965072631836,20.100164842061975,18.56568618563999,20.100164842061975,131700
2020-03-20,18.550491333007812,20.001410067846805,18.35298388102649,19.006277649202808,219100
2020-03-23,15.82337474822998,18.66444139025846,15.61067403719871,18.51251355286903,139800
2020-03-24,17.4414119720459,18.27702001157739,16.43108629621281,16.43108629621281,328500
2020-03-25,18.88473892211914,18.983491945083653,17.47180147002409,17.714887171695267,310200
2020-03-26,21.232038497924805,21.270020097107587,18.86954651634643,18.991089372417488,247000
2020-03-27,20.510374069213867,21.634646077863216,19.75073058516891,20.373638010260983,129000
2020-03-30,20.084970474243164,22.325917475634917,19.910251403492897,20.32805611314216,111400
2020-03-31,20.46479606628418,21.057317062342857,20.168534119349864,20.555952473875525,134600
2020-04-01,17.813640594482422,20.571145852664063,17.699692910742737,20.358445151775637,135100
2020-04-02,17.874412536621094,19.583610455608955,17.83642949130057,17.85162270942878,88000
2020-04-03,17.274293899536133,18.117498691307095,16.8109108771892,18.026340829127097,71200
2020-04-06,18.869544982910156,18.9151231880066,17.471800802775697,17.471800802775697,204200
2020-04-07,18.550491333007812,21.14087513388192,18.44414172382739,19.44687075011353,237500
2020-04-08,18.846755981445312,19.40889203194118,18.611266887742804,19.04426347738793,200200
2020-04-09,21.026933670043945,21.87773363361394,19.317735684639572,20.054589405630292,186300
2020-04-13,21.892925262451172,21.892925262451172,19.90266011981287,21.04212536066693,135100
2020-04-14,22.386693954467773,22.79690214967343,21.657436872642197,22.79690214967343,197500
2020-04-15,21.095300674438477,21.756189718443462,20.90538979645233,21.619453654468636,102800
2020-04-16,21.16366958618164,21.44473688589806,20.768654595812812,21.140879758270145,376100
2020-04-17,22.531024932861328,22.994407907628634,21.953695728747693,22.34111406764914,222900
2020-04-20,22.561410903930664,22.70574211531948,21.854942268009488,22.234763990641955,156200
2020-04-21,21.01173973083496,22.477851962089357,20.669899565913717,21.877732883428735,206800
2020-04-22,20.715478897094727,21.64224345910521,20.41162178241137,21.64224345910521,164200
2020-04-23,20.821828842163086,21.080107755804264,20.502778504659577,20.981354735367358,46500
2020-04-24,20.06978416442871,20.981357072823755,19.933048083278933,20.981357072823755,113900
2020-04-27,19.910255432128906,20.783846615928358,19.659573135178235,20.442006461493357,141900
2020-04-28,20.753459930419922,20.928177585512753,20.29767354629973,20.37363818513726,108200
2020-04-29,21.756187438964844,22.637373704582927,21.277612714100055,21.718205846909097,180500
2020-04-30,22.060049057006836,22.409484389297727,21.368772103869738,22.409484389297727,303500
2020-05-01,20.533164978027344,21.725805079039453,20.23690301837294,21.64984043684845,95900
2020-05-04,22.485448837280273,22.54622026188488,20.062185564474607,20.130553598267923,136800
2020-05-05,23.00200653076172,23.351441857883458,22.751324224681543,22.83488402743824,160500
2020-05-06,23.32865333557129,23.738861558781494,22.082838344616075,23.131147282438736,141700
2020-05-07,23.32865333557129,24.004737098020872,23.16912888137074,23.594528874810667,133100
2020-05-08,23.921175003051758,24.278206946773103,23.53375662212601,23.53375662212601,83300
2020-05-11,23.47298812866211,24.194650164454664,23.11595614034346,23.76165352254123,118200
2020-05-12,23.13114356994629,23.617314912991173,23.009600734185067,23.564140103458747,218300
2020-05-13,22.629779815673828,23.38942329067213,22.318324657931978,22.96402190146152,260900
2020-05-14,22.508237838745117,22.569009265031273,21.36117734870709,22.242363754308876,189800
2020-05-15,21.65743637084961,22.538622715424687,21.15607177648465,22.523429497679086,132100
2020-05-18,23.503368377685547,23.541349970024037,22.181588969418822,22.363903220672352,116900
2020-05-19,22.62218475341797,23.776841813175402,22.341116010937675,23.488177910462305,125700
2020-05-20,23.647701263427734,23.746455728753585,22.79690136395492,22.97161901934068,69100
2020-05-21,23.404617309570312,24.07310444323668,23.381828930428217,23.59452819658154,73800
2020-05-22,23.83001708984375,23.91357688908807,23.176723220105536,23.260284468254838,57200
2020-05-26,26.526752471923828,26.572332130020197,24.300997995469867,24.300997995469867,158800
2020-05-27,27.430727005004883,27.567463065615165,26.078562514314246,26.800221514656354,179600
2020-05-28,26.5571346282959,27.552268602689903,26.215294492220874,27.362357737960423,135900
2020-05-29,26.777435302734375,27.24081833474338,26.010196587536484,27.24081833474338,148800
2020-06-01,28.425859451293945,28.43345750935414,26.898977233735305,26.906572393985407,152800
2020-06-02,30.6820011138916,30.818737178446224,28.866453576295267,29.223486955722343,190600
2020-06-03,31.707523345947266,31.897434235207633,30.393337442192554,30.393337442192554,204400
2020-06-04,31.760692596435547,31.836655779701587,30.963064683093673,31.487220500182296,196100
2020-06-05,33.226802825927734,33.81932373698477,32.60389258628656,32.75582184235003,198900
2020-06-08,33.46989822387695,33.895296787371194,32.983723883324366,32.983723883324366,155500
2020-06-09,31.51761245727539,32.70265455168367,31.077017803234217,32.70265455168367,176900
2020-06-10,29.603307723999023,31.198557893411607,29.48936004140815,30.58324562347878,226000
2020-06-11,26.838207244873047,28.342301083118567,26.59511864984005,28.10681054614196,293400
2020-06-12,26.98253631591797,28.630961249601903,26.336837629795294,28.084019923460293,429400
2020-06-15,27.651025772094727,27.894111470933396,25.83547529329138,25.83547529329138,117300
2020-06-16,28.684141159057617,28.987999759220898,27.400344513879013,28.433460277061723,223700
2020-06-17,28.084022521972656,29.0487701627917,27.886513579355462,28.874049599011055,92800
2020-06-18,26.777435302734375,27.962480291258544,26.655892449896783,27.856127759441733,154900
2020-06-19,27.825742721557617,28.220757696466233,27.149660457933074,27.26360524631573,185900
2020-06-22,27.354759216308594,27.84093345592453,27.218026062009162,27.825740239266867,139500
2020-06-23,29.132328033447266,29.428591442447438,27.620639041013167,27.70420029243808,118900
2020-06-24,28.167583465576172,28.760104491303082,27.51428956653876,28.760104491303082,197500
2020-06-25,27.99286460876465,28.084023924282935,27.468711584680737,27.93209462956273,87200
2020-06-26,27.726987838745117,27.932091932138785,27.354761247517345,27.78016265209051,147200
2020-06-29,28.15998649597168,28.15998649597168,27.483904192215352,27.97767366461345,89300
2020-06-30,28.22075843811035,28.471439297388137,27.66621610839654,27.98526789943476,148300
2020-07-01,28.479034423828125,28.76010169099707,28.038439828656976,28.205562316178423,157200
2020-07-02,28.744909286499023,29.808411313456524,28.65375288064292,28.889240503922014,72000
2020-07-06,29.101945877075195,29.724853365526236,28.82087567296639,29.42099478187734,80900
2020-07-07,28.07642364501953,28.904435193051476,27.95488079841897,28.805680724622885,67800
2020-07-08,28.28912925720215,28.55500336106827,27.86372779320596,27.86372779320596,129400
2020-07-09,26.929365158081055,28.53221355574128,26.92936515808106,28.37268620357505,113300
2020-07-10,26.53434944152832,26.944557654129586,26.116546068461187,26.944557654129586,73800
2020-07-13,26.314048767089844,26.944554224479475,26.306453607590726,26.944554224479475,116300
2020-07-14,25.964616775512695,26.344438550581273,25.683549473348798,26.200107319266877,77100
2020-07-15,26.97494125366211,27.33957270865693,26.352033772912076,26.352033772912076,94900
2020-07-16,26.420400619506836,26.967344879574895,26.207701361840392,26.87618846883357,115600
2020-07-17,25.850669860839844,26.557138615525947,25.592390930117933,26.435595759763295,101700
2020-07-20,25.18218421936035,25.85826649850441,25.007463657104825,25.850668440418463,103700
2020-07-21,26.154525756835938,26.671083565105917,25.227759765914513,25.227759765914513,179600
2020-07-22,26.610313415527344,26.610313415527344,25.91903788051277,26.25328290698812,113400
2020-07-23,26.686279296875,27.043309802543355,26.420402309970218,26.73945411469391,210000
2020-07-24,25.546810150146484,26.678677272979655,25.501230499729317,26.42799644020975,129600
2020-07-27,25.835474014282227,25.91903526246064,25.280934610146367,25.524020296950855,89000
2020-07-28,25.524023056030273,25.827881646287178,24.771977536750374,25.827881646287178,87100
2020-07-29,25.941829681396484,26.010197720208005,25.402480531745464,25.52402338987591,120200
2020-07-30,25.007463455200195,25.57719609902194,24.847939010404527,25.57719609902194,157300
2020-07-31,25.265745162963867,25.296131602801562,24.39215675120812,25.098625539477343,96100
2020-08-03,24.76437759399414,25.29612863758016,24.58206477195954,25.29612863758016,75500
2020-08-04,24.69601058959961,24.961887571368543,24.430136505640856,24.688415429119438,66400
2020-08-05,24.589658737182617,25.20497100172076,24.414941083802383,24.84034247756072,134600
2020-08-06,26.27606773376465,26.30645416802809,24.58965830367185,25.022654849591376,184100
2020-08-07,25.881052017211914,26.05576966235054,25.60757991253936,26.04817450291398,95900
2020-08-10,28.02324867248535,28.061230268494146,25.919035798125925,25.926633856013698,120900
2020-08-11,28.67654037475586,29.018380508453983,28.251138997508214,28.79048805192517,118700
2020-08-12,28.479034423828125,29.46657033648887,28.2359458520652,28.919626121189463,121100
2020-08-13,28.684141159057617,28.874052059707072,28.000463655405788,28.289129035779872,78000
2020-08-14,29.88437271118164,29.88437271118164,28.509417056952415,28.70692597191625,61800
2020-08-17,29.322237014770508,30.089478548311753,28.995590088262436,29.884374462052506,73900
2020-08-18,27.947282791137695,29.557726068981907,27.7193903392047,29.557726068981907,149600
2020-08-19,28.182771682739258,28.58538469384802,27.764968352246658,28.084020117694923,78200
2020-08-20,27.795358657836914,28.61577221589162,27.430730087833677,28.61577221589162,100200
2020-08-21,27.0812931060791,27.802952144061237,26.83820740738426,27.795356983768944,55800
2020-08-24,27.210432052612305,27.787762780248453,27.10408241799781,27.316781687226804,81900
2020-08-25,28.030847549438477,28.137197180494656,27.142063108250174,27.47630521982819,79300
2020-08-26,26.838207244873047,28.04603767293119,26.838207244873047,28.030847352438588,89300
2020-08-27,27.073694229125977,27.34716635633897,26.739452127982332,26.739452127982332,57800
2020-08-28,28.51701545715332,28.577785425543563,27.263602620971074,27.309182270621072,72500
2020-08-31,27.69659996032715,28.479034697581547,27.575057122182265,28.258737397878374,93000
2020-09-01,28.463844299316406,28.463844299316406,27.52188503705547,27.71179592157653,60200
2020-09-02,28.266334533691406,28.58538631725915,27.711795114772038,28.403070598390432,79600
2020-09-03,27.787763595581055,28.433459480577692,27.73458587890329,28.159987327653372,95800
2020-09-04,28.48662757873535,28.72211807659769,27.689002586092684,27.924490186145412,55700
2020-09-08,28.235950469970703,29.162716564617906,27.962481215405727,28.304318508064515,121300
2020-09-09,28.327104568481445,28.630960205746327,28.144788867874713,28.630960205746327,55100
2020-09-10,27.916894912719727,28.851255945734827,27.726984062973333,28.463839087288406,80000
2020-09-11,27.99286460876465,28.615772109088233,27.726990516362,27.848533372576107,73700
2020-09-14,28.95001220703125,29.056361825881645,28.387874781638022,28.82087131427736,79900
2020-09-15,28.600582122802734,29.284259610339944,28.494229586785107,29.238682849856982,54300
2020-09-16,28.927223205566406,29.46656934539613,28.486628625214426,28.638557890777513,41400
2020-09-17,28.524614334106445,28.600580426757023,28.06882936944352,28.524614334106445,66600
2020-09-18,28.357494354248047,28.67654324576868,28.1295989770932,28.524613960268812,67000
2020-09-21,26.81541633605957,27.734584322395396,26.382419750833268,27.734584322395396,135900
2020-09-22,26.336843490600586,27.066103584089944,26.28366866786216,26.845806233996175,122100
2020-09-23,25.706336975097656,26.74704779187525,25.44805806095467,26.336839593328726,90600
2020-09-24,27.050907135009766,27.415535689329634,25.258147902912796,25.53921520352829,78300
2020-09-25,27.050907135009766,27.407940528906583,26.443192877809988,26.99013426038471,57200
2020-09-28,27.795358657836914,27.89411313444517,26.572332032599444,27.301589172605915,47600
2020-09-29,27.651025772094727,28.19796714557668,27.590252898480006,27.848531815722357,44100
2020-09-30,27.92449378967285,28.433456441619878,27.58265653286319,27.58265653286319,57500
2020-10-01,27.506690979003906,28.038442018994935,27.24841206802598,27.666215421658205,67800
2020-10-02,27.901702880859375,28.144788547024003,27.21042747436439,27.33956836453232,44800
2020-10-05,28.425859451293945,28.714524803569397,28.1144057204581,28.182773753949387,51000
2020-10-06,28.053634643554688,29.01078417704198,27.87891698656137,28.463842828396373,50500
2020-10-07,28.494224548339844,28.790487928144344,28.137194097176636,28.137194097176636,46900
2020-10-08,28.927223205566406,29.299446863495767,28.56259180909111,28.805677474868162,34800
2020-10-09,28.957609176635742,29.24627451571006,28.57778742967847,28.934820799117492,43800
2020-10-12,29.474166870117188,29.565323277646936,28.89683909201552,29.16271315473143,51400
2020-10-13,29.01078987121582,29.43619135726814,28.813283797790792,29.231087224589906,55200
2020-10-14,28.98799705505371,29.185503098268082,28.79049101183934,28.942417399938037,99300
2020-10-15,29.02597999572754,29.481767874552943,28.55500179563717,28.55500179563717,79000
2020-10-16,28.88164710998535,29.155119242083394,28.54740500287112,29.063959932844,54700
2020-10-19,29.20069694519043,29.398205890466322,28.904436425086757,29.124733749505957,68300
2020-10-20,30.77315902709961,31.084612767614647,29.253871922575488,29.253871922575488,80200
2020-10-21,30.332563400268555,31.221344851971466,30.29458180706763,31.054225262325424,126200
2020-10-22,30.50728416442871,30.727581484437472,30.21102365025629,30.42372291216262,62900
2020-10-23,31.13019561767578,31.631560297692417,30.773162184184528,30.773162184184528,47900
2020-10-26,29.778024673461914,30.83392863559093,29.32223685170609,30.83392863559093,53400
2020-10-27,29.702058792114258,30.104671805442283,29.55013241495942,29.702058792114258,53900
2020-10-28,28.152389526367188,29.041171042199057,27.909303834969922,29.033575882134777,77700
2020-10-29,27.050907135009766,28.10681120023379,26.883784627601017,28.046038325608734,76900
2020-10-30,27.483903884887695,27.49909710363269,26.686278736541603,26.96734603879857,60700
2020-11-02,27.354759216308594,27.65102259441839,27.22562122143311,27.65102259441839,28200
2020-11-03,28.836071014404297,29.23868410204489,27.757378468893137,27.757378468893137,47000
2020-11-04,30.089479446411133,30.666807230372438,28.570192449048772,28.66894691526412,49600
2020-11-05,31.25933074951172,31.578379624127052,30.446512447637488,30.446512447637488,42600
2020-11-06,31.274517059326172,32.00377691801956,31.09220426801,31.312501547175813,35900
2020-11-09,35.16389465332031,35.62727760377665,33.340749283809096,33.340749283809096,81500
2020-11-10,34.19915008544922,35.824786681744186,34.145975273257136,35.027161601053,143200
2020-11-11,34.90562438964844,34.943605990510825,34.062419520575574,34.32069846337438,72400
2020-11-12,34.55618667602539,35.163900941941286,34.28271453191069,34.60176343483771,41500
2020-11-13,35.16389465332031,35.16389465332031,34.52579406377235,34.84484290964149,20200
2020-11-16,36.18941879272461,37.64793593712241,35.779210574193016,35.98431468345881,58500
2020-11-17,36.090667724609375,36.143845444898865,35.475358236549425,36.022299681734886,52900
2020-11-18,36.28057098388672,36.82751521157165,36.029890144737706,36.18941457854252,41300
2020-11-19,36.652801513671875,36.69078311184421,36.105857226997614,36.105857226997614,46700
2020-11-20,36.462886810302734,36.83511338819426,36.28816915874055,36.63760446186491,21100
2020-11-23,36.69078063964844,37.1845500760496,36.39452013693174,36.7059738574557,36000
2020-11-24,37.412437438964844,37.966976773064125,37.18454499859398,37.19973821432665,57200
2020-11-25,36.705970764160156,37.93659232474146,36.59962114628161,37.93659232474146,58500
2020-11-27,36.090667724609375,37.38206248012176,35.37660375288394,36.516069202251835,30900
2020-11-30,35.36900329589844,36.234996444105846,35.11072438346727,35.88556112076076,75800
2020-12-01,40.048404693603516,40.19273590979253,35.81719079458014,36.1742212552182,119700
2020-12-02,40.261104583740234,40.54217186095693,39.66858359452399,40.1395617424187,63000
2020-12-03,39.759742736816406,40.61814074273173,39.478675440260275,40.58015624773459,100900
2020-12-04,39.25838088989258,40.420634653128175,39.0001019538613,39.759745542446204,118100
2020-12-07,37.75428771972656,39.62301029114955,37.473220397474414,39.14443400897182,138200
2020-12-08,37.237728118896484,37.92900365112269,36.971851130926254,37.27570971780359,226500
2020-12-09,37.382057189941406,38.39997962990293,37.260514341788245,37.62514288624773,236900
2020-12-10,36.69837951660156,38.187280121227424,36.45529382187938,37.13137609143857,255400
2020-12-11,38.156890869140625,38.232856954266666,36.03748490798661,36.318555076238184,627900
2020-12-14,37.17695236206055,38.55950331939789,37.002234702376164,37.693510181044836,79800
2020-12-15,37.100982666015625,37.564365589852756,36.70596776205298,37.26050707978626,60500
2020-12-16,38.30122375488281,38.39997822094946,37.032620504944276,37.21493621938962,56800
2020-12-17,39.607810974121094,40.21552518455175,38.065735621813936,38.453152525397876,79100
2020-12-18,39.524253845214844,40.13197101677864,39.02288920714187,39.759744394086326,82400
2020-12-21,37.8150520324707,38.726624800697294,37.53398475235257,38.55950230547627,65400
2020-12-22,37.609954833984375,37.95179504693486,36.842716042971475,37.95179504693486,50300
2020-12-23,39.15202713012695,39.509057608670986,37.95938705340684,37.95938705340684,66100
2020-12-24,38.81018829345703,39.37992094433115,38.75701347786692,39.34953450747676,14200
2020-12-28,38.1189079284668,39.04567384958623,37.602350159102826,39.04567384958623,64200
2020-12-29,39.2052001953125,39.417899440942335,38.14169817154355,38.42276834362285,43700
2020-12-30,39.50905990600586,40.07119741011312,39.4406918703416,39.44828992864329,33200
2020-12-31,39.25838088989258,39.585027864808914,37.830250131966075,39.585027864808914,69800
2021-01-04,39.02288818359375,40.063601929022774,38.901345332031035,39.79772494898486,52800
2021-01-05,39.54704666137695,39.66099146212072,39.08366360404538,39.08366360404538,22500
2021-01-06,41.65884780883789,41.894338326608285,39.53944184233395,39.53944184233395,128500
2021-01-07,41.26383590698242,41.932323018114275,41.187872713862696,41.803182112438655,176100
2021-01-08,40.8916130065918,41.879149025587004,40.38265032970488,41.60567688849076,80000
2021-01-11,39.80532455444336,40.58775651067802,39.37232794780765,40.58775651067802,64700
2021-01-12,39.59261703491211,40.397840160185766,39.55463544079191,39.8812823662834,64100
2021-01-13,38.544315338134766,39.888881883286146,38.4607540832565,39.600219418192395,69300
2021-01-14,40.01801681518555,40.15475286677125,38.54430957875166,38.58229117134552,42800
2021-01-15,38.703834533691406,39.71415881994105,38.60508007335399,39.47107314665648,32900
2021-01-19,38.551910400390625,39.357133611571044,38.43036754755303,38.7418212890625,34500
2021-01-20,38.567100524902344,39.13683314520713,37.853036683998596,38.7494133406263,26900
2021-01-21,37.670719146728516,38.53671222401724,36.37172953079542,38.53671222401724,81200
2021-01-22,36.37932586669922,37.39724824785838,35.48294632667205,37.39724824785838,75300
2021-01-25,36.462886810302734,36.84270854791005,35.315826437764976,36.19701275310156,32300
2021-01-26,37.01742935180664,37.26051505275126,36.30336546750811,36.78193881122461,21000
2021-01-27,35.65766906738281,36.43250587683301,35.14111119441601,36.43250587683301,30800
2021-01-28,36.22739791870117,36.318557226248934,35.391791217516854,36.15143472688806,22400
2021-01-29,35.42218017578125,36.242593717462626,34.24473323197183,36.22740049845609,83100
2021-02-01,36.44769287109375,36.65279695307613,35.71083778743225,35.779205814759706,22500
2021-02-02,36.88829040527344,37.46561820592002,36.42490739403615,36.75914949990416,37500
2021-02-03,36.15903091430664,36.99464053704257,35.74122755184373,36.88829090635856,23900
2021-02-04,36.02229309082031,36.402114837781184,35.55131493597562,36.18182042687945,14800
2021-02-05,37.06300735473633,37.07060251476024,36.493274725212935,36.538851480976405,27000
2021-02-08,37.07820129394531,37.49600465082877,36.73636113001883,37.49600465082877,28500
2021-02-09,36.7895393371582,37.0478182739629,36.47048752213578,37.0478182739629,35400
2021-02-10,36.933868408203125,37.22253376717212,36.56923985373131,37.01742966194232,17500
2021-02-11,36.59202575683594,37.70110746167858,36.27297687994022,37.01742715717352,27200
2021-02-12,36.54644775390625,36.70597218690733,36.1210463680935,36.70597218690733,32200
2021-02-16,36.3945198059082,37.458021860263855,36.151434118822905,36.89588439774787,44900
2021-02-17,37.5567741394043,37.5567741394043,35.839981079636665,36.35653889892463,40700
2021-02-18,36.288169860839844,37.38965350077442,35.84757524574203,37.38965350077442,62200
2021-02-19,36.04508590698242,36.728763342051444,36.02989268871732,36.44010088844478,38700
2021-02-22,35.65766906738281,36.19701821855807,35.201884072558144,36.045088921013075,71100
2021-02-23,36.96425247192383,37.07820015567123,35.52852672531838,35.680456004378264,63000
2021-02-24,36.75914764404297,37.23772384926827,36.59962320823784,36.93386529723095,37400
2021-02-25,35.103126525878906,36.79713123556688,34.98158367802986,36.690781605925224,83200
2021-02-26,35.29303741455078,35.72603399122177,35.03475850058826,35.255055817928955,47000
2021-03-01,37.03261947631836,37.473214083600745,35.59689376950145,35.59689376950145,43100
2021-03-02,38.65825653076172,38.703836183123705,37.07060152944316,37.19974242889717,67000
2021-03-03,38.98490524291992,39.547042723165056,38.232859780346764,38.68864473355413,85200
2021-03-04,37.792266845703125,39.364728772081435,37.60235595703125,38.84817092306912,90300
2021-03-05,38.8785514831543,38.91653307558465,37.29089657796331,38.28603052737336,108800
2021-03-08,38.59748840332031,39.34953386746869,38.11131411498805,39.00009854275712,113800
2021-03-09,38.78739547729492,39.12923271046382,38.04294524639125,38.98490149863272,69000
2021-03-10,39.410308837890625,39.714164524235365,38.453156326269664,39.21279988884684,137700
2021-03-11,39.410308837890625,39.744550962212905,38.60508561834715,39.07606381575813,162300
2021-03-12,38.460750579833984,39.676179000593784,38.134103648415426,39.56223421616564,236900
2021-03-15,40.29149627685547,40.29149627685547,38.26324640645175,39.045681266269355,55500
2021-03-16,42.10703659057617,42.95024128222888,39.509054489327035,40.25350761907809,351200
2021-03-17,43.3300666809082,45.434279559845464,41.78798837886809,42.09944210331382,399700
2021-03-18,43.497188568115234,45.98122333406947,43.07179003304967,43.444013751232035,400600
2021-03-19,40.352264404296875,43.48959306471937,40.20793317358196,43.48959306471937,252600
2021-03-22,41.12709426879883,41.65884524202005,39.60021227061341,40.139558402993515,272300
2021-03-23,39.91167068481445,41.14229235882412,39.76733656341028,41.02074951321588,173100
2021-03-24,37.792266845703125,40.64093017578125,37.64793561352417,40.116777166258544,281700
2021-03-25,37.298500061035156,37.98218046859401,36.09826466508899,37.48081580232098,333500
2021-03-26,37.3212890625,38.83297813013367,36.66039707625029,37.496006734257094,145900
2021-03-29,38.179683685302734,40.39784436614315,36.35654089743066,37.32128855713825,1036800
2021-03-30,38.172088623046875,38.26324503822252,36.77434436650947,37.982177734375,167500
2021-03-31,38.3771858215332,39.03047962460208,37.6327356196995,38.096118568286016,267900
2021-04-01,39.623008728027344,39.99523535455025,38.04295160000765,38.71143585911084,104000
2021-04-05,39.0380859375,39.96485209946374,38.21767231859299,39.15962880318291,320500
2021-04-06,38.87095642089844,39.65339119473544,38.74941357707084,38.74941357707084,74900
2021-04-07,39.32674789428711,39.615413261742916,38.74182199872598,39.34194111339639,116900
2021-04-08,40.321876525878906,40.96757231220882,39.01528883836725,39.47867181581312,219700
2021-04-09,40.48140335083008,40.88401348390502,40.018020345995126,40.54977138265507,352500
2021-04-12,39.091251373291016,40.44341868935944,38.946920160516036,40.44341868935944,207000
2021-04-13,41.12709426879883,41.45374117101431,38.97730489843731,39.357126608193944,412400
2021-04-14,40.625732421875,41.76519762670706,40.30668355547076,41.14988537288619,251100
2021-04-15,40.67891311645508,40.808054031875216,38.50633201469882,40.808054031875216,326700
2021-04-16,40.49660110473633,41.04354252278837,39.88128874939114,40.52698464620953,318800
2021-04-19,39.84330368041992,40.96757575573838,38.73422482342051,40.96757575573838,222000
2021-04-20,39.54704666137695,39.926868459476886,38.87096142659838,39.6230098618728,111600
2021-04-21,39.83570861816406,40.1091807728529,39.23559238738611,39.47867810315168,186800
2021-04-22,40.8536262512207,41.20306446140527,39.79772225637006,39.812915474013735,184600
2021-04-23,41.27143478393555,41.529710804791655,40.23072105112183,41.3777844155375,190000
2021-04-26,40.48899841308594,41.33979833100055,40.09398344103022,41.279028357197376,144900
2021-04-27,39.227989196777344,40.70929457567768,39.000096730287275,40.2990863973096,255700
2021-04-28,39.07605743408203,39.9040688979775,38.460748103481826,39.592615204098095,134400
2021-04-29,38.544315338134766,39.334342434687905,37.99737105006627,39.334342434687905,105600
2021-04-30,37.77707290649414,38.64306607867448,37.670723274515524,38.26324430857362,143000
2021-05-03,38.30881881713867,38.863358179242454,37.57196375484541,38.126503116949195,249500
2021-05-04,38.529117584228516,38.779798421546936,37.936593709293426,37.936593709293426,111300
2021-05-05,38.02016067504883,38.77980425655954,37.67072532302837,38.74182265704606,69100
2021-05-06,38.14170455932617,38.46075637901402,37.815057578655214,38.187284218655975,184600
2021-05-07,38.179683685302734,38.74182118936132,38.020159234703335,38.33161297541128,160900
2021-05-10,39.402713775634766,40.70170656875164,37.67072724855953,37.67072724855953,251900
2021-05-11,39.15202713012695,39.89647742084453,38.74941410004366,39.19760388604618,148500
2021-05-12,37.9138069152832,39.0684653813818,37.63273963206887,38.76460682268902,86300
2021-05-13,38.21766662597656,38.78739926734158,37.739090395843135,38.10371893857953,86800
2021-05-14,39.698974609375,40.12437608303588,38.66586171244509,38.66586171244509,213900
2021-05-17,39.577423095703125,40.17754212440807,38.92413215444781,39.72175720766067,155100
2021-05-18,39.06086730957031,39.87368851910966,38.93172930574882,39.87368851910966,253600
2021-05-19,38.339210510253906,38.893749948440146,37.989772278432184,38.55950493520286,177100
2021-05-20,38.89374542236328,39.00009504226825,37.830243427694015,38.45315082811722,103300
2021-05-21,37.76947784423828,39.12164242201046,37.60235533766054,39.12164242201046,144800
2021-05-24,39.091251373291016,39.40270507292844,37.777068548098455,37.777068548098455,322400
2021-05-25,37.86823272705078,39.387519944149076,37.76188308550356,39.387519944149076,206600
2021-05-26,38.832977294921875,38.9925046420605,37.830248045128386,38.33161267002513,210500
2021-05-27,38.7722053527832,39.197603862763415,38.126506632147496,39.197603862763415,158500
2021-05-28,38.75701141357422,38.931729069465845,38.07333110981571,38.931729069465845,225300
2021-06-01,39.486270904541016,39.744549824335195,38.69624092660469,39.15962395015985,162900
2021-06-02,39.767337799072266,40.13956440533156,39.357132493529704,39.48627050320919,142800
2021-06-03,39.197601318359375,39.34953058969453,38.62027356465757,38.977306917623714,175400
2021-06-04,39.303955078125,39.69896713913859,38.711431190984776,39.32674345531157,79600
2021-06-07,39.539451599121094,40.37506135695347,39.44829517205576,39.55464481993374,289700
2021-06-08,39.72935485839844,39.942057010986275,39.45588273207836,39.53944398154394,68700
2021-06-09,40.002830505371094,40.24591621731404,39.50146586226248,39.896480868622334,105400
2021-06-10,40.549766540527344,40.686502587849404,39.94205238454577,40.24590801363172,113600
2021-06-11,39.97243881225586,40.52697820084059,39.60781029227453,40.29908573807849,198200
2021-06-14,39.759742736816406,40.321880227738774,39.45588416369997,40.321880227738774,332600
2021-06-15,40.41304016113281,40.68651232119912,39.41790600040496,39.41790600040496,144800
2021-06-16,40.0635986328125,40.67131284062672,39.72935364515724,40.41303394007944,133200
2021-06-17,39.24319076538086,40.10158889956807,38.74182607328605,39.660994192491444,114700
2021-06-18,38.741825103759766,39.197610122326864,38.4455645519101,38.977315672112034,68800
2021-06-21,39.25078201293945,39.357134547284794,38.726628990955035,38.90894472345107,27800
2021-06-22,38.916534423828125,39.235586186477995,38.21766382590627,39.235586186477995,64600
2021-06-23,39.4330940246582,39.964845054969565,38.91653621210545,38.91653621210545,70200
2021-06-24,40.367462158203125,40.83844039885888,39.72176622984943,39.72176622984943,51800
2021-06-25,40.899208068847656,41.0131557583012,40.25351222277121,40.602947553640576,605200
2021-06-28,40.185142517089844,40.82324317630454,40.05600161456032,40.82324317630454,68900
2021-06-29,39.585025787353516,40.169951667603726,39.03048634452647,40.169951667603726,128900
2021-06-30,39.66098403930664,39.80531815017016,38.56709850871842,39.19000590919627,163800
2021-07-01,39.463478088378906,39.820508541913355,38.665853039754964,39.820508541913355,95900
2021-07-02,39.91926956176758,40.139566895510086,39.265975619116155,39.70657028660118,63700
2021-07-06,39.000099182128906,39.82811075075218,38.39238493401323,39.70656790112905,60900
2021-07-07,40.15475845336914,40.29149452397847,38.55950526219702,39.03048634887812,164000
2021-07-08,40.07119369506836,40.694101118787756,39.486267865905525,39.59261748978788,98800
2021-07-09,39.79772186279297,40.26870001384929,39.69137223814895,40.24591163651413,31700
2021-07-12,39.129234313964844,39.68377660350505,38.89374669015917,39.68377660350505,89300
2021-07-13,37.76947784423828,39.12164242201046,37.75428462565756,39.12164242201046,91700
2021-07-14,37.670719146728516,38.050540875210224,37.20733617433125,37.85303485143606,117100
2021-07-15,37.480804443359375,37.7618716822596,37.2073323632145,37.5491724633956,72000
2021-07-16,37.34407043457031,37.70869892866048,37.207334387060286,37.495999698226974,35300
2021-07-19,35.414581298828125,36.979448046609555,35.01956630721892,36.6148194923111,207000
2021-07-20,35.49054718017578,36.2122062262306,35.31582951339755,35.55891521481163,82500
2021-07-21,35.65766906738281,35.96912282333541,35.52093298937335,35.672862286918345,74000
2021-07-22,35.66526412963867,35.72603410486489,35.31582880311021,35.57410771789431,72400
2021-07-23,35.79440689086914,36.15903548407167,35.65767080619188,35.70325046702112,66900
2021-07-26,36.21220779418945,36.51606638301894,35.58170513441213,35.923545322392734,91400
2021-07-27,35.984310150146484,36.50846599595142,35.361402740247456,36.50846599595142,83700
2021-07-28,36.98704147338867,37.09339399899136,36.10585511735085,36.33375048868944,183700
2021-07-29,36.97944641113281,37.480811013345786,36.56164305892367,36.705974283051184,97800
2021-07-30,37.16176223754883,37.38965762792601,36.76675012926498,36.9642561834069,69500
2021-08-02,37.08579635620117,37.59475902066128,36.92627191272668,37.23012758156237,74000
2021-08-03,37.1541633605957,37.38965388811965,36.698378421050606,36.94905926845742,61900
2021-08-04,36.3945198059082,37.123776867164096,36.3945198059082,36.92627083308603,53600
2021-08-05,35.67285919189453,36.84271091433973,35.59689599861786,36.622413596903286,81700
2021-08-06,35.71084213256836,36.10585712765624,35.39179323142633,35.74882662844637,79000
2021-08-09,35.61968231201172,36.04508370400491,35.45255981911977,35.83238155910336,50500
2021-08-10,35.93873596191406,36.02229431492456,35.399386860565976,35.76401830011203,37300
2021-08-11,36.55404281616211,36.60721762702079,35.96152183927406,35.96152183927406,43800
2021-08-12,36.43250274658203,36.97944701162689,36.17422383228974,36.47808240127246,49000
2021-08-13,37.222530364990234,37.3516683651037,36.39451885932602,36.675586134368764,31400
2021-08-16,37.328880310058594,37.382055122070994,36.81232250952966,36.99463822057925,49500
2021-08-17,36.44769287109375,36.96425065583236,36.212202355230325,36.96425065583236,55500
2021-08-18,36.22739791870117,36.75155379476572,36.19701438066194,36.2425911366258,145700
2021-08-19,35.74882507324219,35.93873595312973,35.141107939354015,35.93873595312973,65300
2021-08-20,35.703243255615234,36.341343889287565,35.08033583915057,35.596893632971494,61000
2021-08-23,36.06028366088867,36.18942168566981,35.65007540956545,35.70325023127656,25800
2021-08-24,36.40970993041992,36.5616391963937,35.870363789132256,36.31095547286551,60500
2021-08-25,36.37932586669922,36.61481638918429,36.090660532332016,36.51606192519895,26900
2021-08-26,36.21220779418945,36.265385510373335,36.03749011984609,36.21980585270583,29900
2021-08-27,37.002235412597656,37.002235412597656,36.121049039383315,36.41730955052631,35200
2021-08-30,36.87309646606445,37.15416375181647,36.6755875317879,37.15416375181647,36700
2021-08-31,36.667991638183594,37.085794978442316,36.5464487956027,36.705973233150765,42900
2021-09-01,37.3896598815918,37.52639596493578,36.34894603638362,36.683191083584674,59900
2021-09-02,37.25291442871094,37.97457626534007,37.13896675531329,37.31368439612923,55100
2021-09-03,37.35166931152344,37.60235305618009,37.17695165516121,37.17695165516121,38300
2021-09-07,37.34407043457031,37.64792896188363,37.19214117091366,37.45042004978707,49100
2021-09-08,38.179683685302734,38.194876904094606,37.13137766895511,37.13137766895511,63600
2021-09-09,37.29090118408203,38.2784371982992,37.13897189778475,38.134105970112344,46600
2021-09-10,37.199745178222656,37.602355328174575,37.03262267168708,37.49600569594653,25900
2021-09-13,37.11617660522461,37.71629558051561,37.108578548529515,37.617541128146435,22800
2021-09-14,36.531253814697266,37.28330210910969,36.531253814697266,37.13896799826752,40200
2021-09-15,37.07820129394531,37.184550923209095,36.402116126264005,36.6755882574052,53900
2021-09-16,36.90348434448242,38.09612446335847,36.789536655036635,37.085797170223536,7200
2021-09-17,36.31095504760742,37.05540525456954,36.27297345601123,36.7971263747819,67100
2021-09-20,35.824790954589844,36.12105148579804,35.619686841181796,35.71844131752129,42500
2021-09-21,35.59689712524414,36.455295145926804,35.46775621521446,36.20461138412163,41800
2021-09-22,35.75641632080078,36.15902641480805,35.68045313628196,35.90074753051043,70500
2021-09-23,36.47808074951172,36.96425211962172,35.839980101789855,35.839980101789855,64500
2021-09-24,36.40970993041992,36.72116362165178,36.18181748036412,36.18181748036412,71700
2021-09-27,36.67558670043945,36.71357119311547,36.03748605413558,36.516062263315966,85700
2021-09-28,36.1362419128418,36.53125688986693,35.99191068765975,36.31855763216495,107800
2021-09-29,35.505741119384766,36.31096143498327,35.12591934098994,36.31096143498327,88000
2021-09-30,35.589298248291016,36.47808268592442,35.4449670206935,35.4829486176602,481500
2021-10-01,35.900753021240234,36.181823222128706,35.764019847756074,35.764019847756074,45300
2021-10-04,35.893157958984375,35.9919124324806,35.28544369479641,35.9919124324806,47000
2021-10-05,36.083065032958984,36.20460787294708,35.51333242717542,36.07546987325155,38500
2021-10-06,36.705970764160156,36.804725222680126,35.44496277052505,35.71843487238973,59900
2021-10-07,36.53885269165039,37.38965553301893,36.24259217813157,36.81992288461808,61600
2021-10-08,37.670719146728516,38.05813603474354,36.645201638951825,36.645201638951825,62900
2021-10-11,37.1541633605957,38.202472198921384,36.91107767313032,36.91107767313032,44100
2021-10-12,37.57196807861328,37.693510926790125,36.804729392836364,37.08579668590592,87200
2021-10-13,37.891021728515625,37.891021728515625,37.37446387392322,37.37446387392322,42300
2021-10-14,37.99736785888672,38.33920801022035,37.868226958245145,38.01256107648043,56200
2021-10-15,38.40757369995117,38.65065937101714,37.73908665561485,37.73908665561485,51100
2021-10-18,38.384788513183594,38.772208355127056,37.670724603415785,38.179684402356514,37100
2021-10-19,38.088531494140625,38.56710779682011,38.088531494140625,38.48354653310348,61700
2021-10-20,38.62786865234375,38.71142989631311,37.95938449620848,37.95938449620848,38000
2021-10-21,38.16449737548828,38.270847020398776,37.647939473514015,38.270847020398776,53500
2021-10-22,37.95938491821289,38.3999766215725,37.79985758803886,38.18727737842026,52200
2021-10-25,37.73149108886719,37.830245554821644,37.496003459496514,37.746684306537865,42100
2021-10-26,37.25291442871094,38.11890747354201,37.23012315534558,37.739085759296124,38700
2021-10-27,37.07060623168945,37.207342308309876,36.007106955298745,37.040219792927076,119800
2021-10-28,36.94906234741211,37.40485022274785,36.77434467610031,37.07820325965748,31600
2021-10-29,36.75914764404297,36.94146335482734,36.500868744154225,36.86549726791305,48600
2021-11-01,36.326148986816406,36.87309318967851,36.27297417796145,36.57683271239812,35600
2021-11-02,36.17422103881836,36.61481564003838,35.9539266360182,36.151432662137964,30300
2021-11-03,36.74395751953125,36.80473039417815,36.014700410629395,36.060280066614574,59200
2021-11-04,37.131370544433594,37.35166493012167,36.55403993235751,36.55403993235751,42400
2021-11-05,37.306095123291016,37.52639244778798,37.222533869322504,37.344076721146656,138600
2021-11-08,38.13410949707031,38.14930271688625,37.4428339334024,37.5871651749382,43000
2021-11-09,38.384788513183594,38.65066550031955,37.966985130895935,37.989773510606646,37200
2021-11-10,37.898616790771484,38.468349461463326,37.860635192287404,38.331613388672466,38100
2021-11-11,39.379913330078125,39.40270170440763,37.222525993327956,37.81504690837167,74600
2021-11-12,39.35713195800781,40.31428152166359,38.9849053568133,39.31914746362118,72900
2021-11-15,39.19001007080078,40.13196932885839,38.74182026941863,40.093984833875574,30000
2021-11-16,38.84817123413086,39.797725685093425,38.69624194241481,39.00010052584691,58400
2021-11-17,39.21279525756836,39.21279525756836,38.52911787068165,38.9621144183862,42100
2021-11-18,38.87095642089844,39.10644694860627,38.513925947172986,39.03048375789277,40700
2021-11-19,38.62786865234375,38.90134076067628,38.37718781824548,38.71902795366114,38200
2021-11-22,38.06573486328125,38.741817090026245,38.02775326922555,38.53671300475362,29300
2021-11-23,37.75428771972656,38.096127921282076,37.526395217959674,37.95179378184176,36800
2021-11-24,37.75428771972656,37.99737344131929,37.154168576752475,37.4656223386563,36300
2021-11-26,35.90835189819336,37.18455332749578,35.27025118354214,37.18455332749578,69200
2021-11-29,35.17908477783203,36.00709614986051,34.95878750962963,36.00709614986051,40100
2021-11-30,34.404258728027344,35.30823355274978,34.077611754007826,35.08793621719052,104900
2021-12-01,34.79927062988281,36.57683657929905,34.79927062988281,36.57683657929905,81200
2021-12-02,36.04508590698242,36.25778516707366,34.86004096259533,34.86004096259533,125400
2021-12-03,36.242591857910156,36.979447003964005,35.88556137191104,35.88556137191104,86200
2021-12-06,36.804725646972656,37.12377450428634,36.53884870140146,36.53884870140146,75500
2021-12-07,37.62514114379883,37.89101810406534,36.84270927616098,37.21493586141012,43800
2021-12-08,38.16449737548828,38.23286541833224,37.49601016743738,37.61755303273659,50800
2021-12-09,38.248050689697266,38.30882356322617,38.01256304929802,38.13410589854573,61000
2021-12-10,40.24406814575195,40.24406814575195,38.32542785668776,39.0123475243938,68000
2021-12-13,39.05183029174805,40.22828184368858,38.93339751233752,40.22828184368858,57700
2021-12-14,39.99140930175781,40.14142534556008,38.301740170981276,38.99655718659378,71000
2021-12-15,40.4019775390625,40.512518999288794,39.359753581074884,40.04667624443472,38700
2021-12-16,40.70991134643555,40.8994049751625,40.29933780159792,40.741491609925426,40700
2021-12-17,40.686222076416016,41.144170530948095,40.30723180987925,40.67832776358994,33100
2021-12-20,39.77822494506836,40.66253555456028,39.50187580888867,40.24406770588003,27800
2021-12-21,40.55989456176758,40.56779188704178,39.912452438849634,40.094051764843975,26000
2021-12-22,41.19154357910156,41.341562634497656,40.6625372585597,40.68622320964457,47500
2021-12-23,41.80740737915039,41.97321506842888,40.75728598982574,41.017843511789465,60200
2021-12-27,42.131126403808594,42.32062003610732,41.90215217049622,42.00479631162711,25300
2021-12-28,42.42325973510742,42.952269011438474,42.075852770972006,42.13112199226749,47700
2021-12-29,42.28903579711914,42.810147754879885,42.0600615853289,42.407468553187165,35200
2021-12-30,42.21797561645508,42.58906853909503,42.052164936183246,42.22586992887434,14000
2021-12-31,42.39168167114258,42.589072632007934,41.925838883022465,42.012691387714746,20900
2022-01-03,42.12322998046875,42.6048644084534,41.87056979069763,42.43116241045266,21800
2022-01-04,41.78370666503906,42.63643684772783,41.69685719408782,42.367985087838356,42300
2022-01-05,42.10744094848633,42.620655636288845,41.72844765553304,41.72844765553304,43900
2022-01-06,42.415367126464844,42.77066841707846,41.94162705240203,42.13901799694151,34600
2022-01-07,43.29178237915039,43.53654521694967,42.5811737908212,42.5811737908212,34900
2022-01-10,44.11293029785156,44.270843666094535,43.0786036091567,43.0786036091567,71500
2022-01-11,43.41021728515625,44.20767840842445,43.323364785399626,44.18398944634282,107600
2022-01-12,44.91828536987305,45.15515391417966,43.75762558723963,43.820792138759764,67600
2022-01-13,45.155155181884766,45.93682471318315,44.99724482254509,45.28938260165994,81100
2022-01-14,46.158870697021484,46.22726517707821,44.57720717073901,45.406511848094596,39100
2022-01-18,45.184226989746094,45.85109199026033,44.89354308218454,45.85109199026033,60400
2022-01-19,44.76529312133789,45.89382964865032,44.49170870631569,45.57749828029031,35700
2022-01-20,43.66240692138672,45.141473779391625,43.66240692138672,45.141473779391625,65800
2022-01-21,44.37202072143555,44.42331576642374,43.17508633049213,43.36317685913908,74200
2022-01-24,43.87615203857422,44.0300437144091,42.36288606712065,44.0300437144091,52200
2022-01-25,43.73080825805664,43.91034744522157,42.74761188025714,43.44012436681553,35300
2022-01-26,44.0300407409668,44.60285718125874,43.884700424373555,44.01294130465276,71200
2022-01-27,43.782100677490234,44.85079091036034,43.50851623878619,44.39766729526622,37600
2022-01-28,44.71400451660156,44.83369731645586,43.8077571683423,44.75675147920893,53600
2022-01-31,45.96222686767578,45.96222686767578,44.90208801147384,44.91918744610725,25600
2022-02-01,46.82573699951172,46.94542979748468,45.88528753001079,46.081929425405384,36300
2022-02-02,47.72343063354492,47.91152115760299,46.58634592513581,47.22756006291513,52800
2022-02-03,47.766178131103516,48.0910608777764,47.10786455083279,47.71488308678618,29700
2022-02-04,46.14176940917969,47.466944613241324,45.7655883691271,47.381447439873156,45400
2022-02-07,46.560699462890625,47.11641973842579,45.91093717798273,47.11641973842579,21900
2022-02-08,49.07426071166992,49.253799902378425,46.817184020281786,46.817184020281786,114300
2022-02-09,50.44218063354492,50.510578376139414,49.11700535392348,49.54448146098742,78200
2022-02-10,49.7069206237793,50.81835783681524,49.339290915111306,50.083101680863095,38400
2022-02-11,49.920658111572266,50.5362247352124,49.87791115412699,49.89501058938186,39600
2022-02-14,49.270896911621094,49.76676749887156,48.64678218796275,49.57012888139432,74500
2022-02-15,50.26264572143555,50.587525242208294,49.63853094346582,49.63853094346582,44900
2022-02-16,50.66447067260742,51.220190959104215,50.313940368298645,50.313940368298645,36000
2022-02-17,50.6046257019043,50.78416816440426,50.219899774194616,50.58752626445743,14500
2022-02-18,50.85255813598633,51.28858559869202,50.45072954513675,50.84401004871427,37600
2022-02-22,51.049198150634766,51.24583677709944,50.459282271240745,50.70721920688995,60000
2022-02-23,49.83517074584961,51.587822322503804,49.83517074584961,51.587822322503804,27000
2022-02-24,49.32219314575195,49.37349145382817,47.92007200550796,48.43304530211836,40200
2022-02-25,49.60432815551758,49.90356012772123,49.17685204586443,49.553029848261,32100
2022-02-28,49.6983757019043,49.73257131359387,48.364649004489365,48.903269840554785,44800
2022-03-01,48.38174819946289,49.60433018397639,47.9799195963142,49.33929381105516,42600
2022-03-02,48.34754943847656,48.60403446307378,47.66358828575598,48.41594718444064,75300
2022-03-03,48.159461975097656,48.70663089517512,47.85167864220808,48.45014261017779,35700
2022-03-04,47.560997009277344,47.59519262237161,46.80008998974487,47.24466231242797,34600
2022-03-07,44.37202072143555,47.54389261763661,44.29507489256942,47.54389261763661,45200
2022-03-08,43.74790573120117,45.739946069407964,43.56836653870763,44.44896958731777,42200
2022-03-09,45.29536819458008,45.66299790985011,44.389117667875176,44.389117667875176,39700
2022-03-10,45.01323699951172,45.89383676813488,45.01323699951172,45.32956841694404,19200
2022-03-11,44.84224319458008,47.851675306611675,44.80804432411313,45.09018011338975,60000
2022-03-14,45.150028228759766,45.62025130077883,44.79949794655822,44.79949794655822,27700
2022-03-15,46.41535568237305,46.52649712008485,44.987583813633414,44.987583813633414,39100
2022-03-16,46.37260818481445,47.86022316789126,45.92803265499156,46.93687649932355,31800
2022-03-17,47.50969314575195,47.526792580992996,46.17596654940448,46.603442646279255,24900
2022-03-18,49.7069206237793,49.84371284597781,47.10786514062361,47.372901497988664,88700
2022-03-21,48.68952941894531,50.16859636324802,48.509990236076035,49.364942453225616,42800
2022-03-22,48.997310638427734,49.36494033695249,48.63822902669911,48.63822902669911,29200
2022-03-23,49.36494827270508,49.58723444035968,48.45014629203871,49.04861356687163,25900
2022-03-24,50.01470184326172,50.08309958218676,49.41623467320236,49.68127101946136,20500
2022-03-25,50.177146911621094,50.41653576190614,49.818068528269585,50.202797697134805,47800
2022-03-28,49.313636779785156,50.288281639924925,49.048600457960866,50.288281639924925,39200
2022-03-29,50.26264572143555,50.407986044720595,48.55274114791273,49.74967239254821,37600
2022-03-30,50.11730194091797,50.45928415883979,49.82661803409965,50.14295272716179,58200
2022-03-31,51.0320930480957,51.3997227363065,49.77531559576413,50.20279167402007,98600
2022-04-01,52.24612808227539,53.007034998333296,51.493769252982574,51.57071507940324,85600
2022-04-04,52.75910186767578,53.49436131478244,52.254679916385214,52.51116493571955,86700
2022-04-05,53.425968170166016,53.913290697526044,52.38292536917168,52.62231095836354,161300
2022-04-06,51.006446838378906,53.69099615702247,50.8953021419875,53.35756532923198,60900
2022-04-07,50.43363571166992,51.015000253290644,49.946309918558896,51.015000253290644,43200
2022-04-08,49.48463821411133,52.11788950517926,49.236701273513425,50.433635753970535,65600
2022-04-11,49.82661437988281,50.587521334501645,49.00586103072434,49.68982215502307,25300
2022-04-12,50.11730194091797,51.05775140951092,49.82661803409965,50.26264552501919,17600
2022-04-13,51.280029296875,51.29712873115142,50.48492354063146,50.48492354063146,43100
2022-04-14,51.02354431152344,51.36552647432496,50.85255323012268,51.2885806507638,15400
2022-04-18,51.049198150634766,51.38262900687417,50.527676755436104,50.527676755436104,22500
2022-04-19,50.49348068237305,51.245836308563334,50.15149848037093,50.749965703182646,29900
2022-04-20,51.05774688720703,51.19453910998293,50.58752056386753,50.86110827080317,30600
2022-04-21,50.56187057495117,51.887045779962186,50.20279223069866,51.6220126957902,95000
2022-04-22,48.91181182861328,50.27118588062148,48.63822740090956,50.27118588062148,25400
2022-04-25,48.270606994628906,48.732282028154174,47.71488994587525,48.4501461983162,64100
2022-04-26,48.775028228759766,49.117010454477594,47.56954561211151,48.14236535098125,37900
2022-04-27,48.86052703857422,52.998496452540685,48.50999671319497,48.95456905545482,82200
2022-04-28,49.441890716552734,49.441890716552734,48.25350433666482,48.87761909453433,38900
2022-04-29,47.81747817993164,49.75822012102375,47.783279308217544,49.62142789555128,47600
2022-05-02,48.253501892089844,48.253501892089844,47.23610992925035,47.87732409118587,51000
2022-05-03,48.817771911621094,48.9716635767159,47.9371721424328,48.31334995634011,38800
2022-05-04,49.52738952636719,49.52738952636719,48.19366269623374,48.7151841476587,66900
2022-05-05,48.12526321411133,49.41623968408339,47.89442571390758,49.41623968408339,23600
2022-05-06,47.791831970214844,48.04831699235125,47.02237364242161,47.937172286918006,32600
2022-05-09,46.227272033691406,47.2617635660409,46.07338035400818,47.2617635660409,58500
2022-05-10,47.21046447753906,48.142362564223085,46.2016205575918,46.89412979557687,59100
2022-05-11,47.116416931152344,47.41564890083697,46.30421167737195,47.41564890083697,60900
2022-05-12,47.09931945800781,47.749081731275126,45.99643027570145,46.68894277046256,38700
2022-05-13,48.433048248291016,49.06571111279614,47.23611374477474,47.23611374477474,27600
2022-05-16,49.58722686767578,49.86936265497332,48.35609689195578,48.4757896763667,37800
2022-05-17,50.929508209228516,51.151797633425325,49.99761007252081,50.05745647256206,32200
2022-05-18,49.09990692138672,50.45072975138648,48.92036773548401,50.25409112948581,46100
2022-05-19,49.561580657958984,50.023252372712996,48.817769887053366,49.2965442987575,35800
2022-05-20,49.535980224609375,50.321564561826655,48.9092784912288,49.90670742261356,26900
2022-05-23,50.612850189208984,51.28368522739261,48.944586224935954,49.871399164292576,52000
2022-05-24,50.25977325439453,50.76290033742718,49.6772048757696,50.76290033742718,27100
2022-05-25,50.303916931152344,50.7364280929272,50.06559301118922,50.25978025300096,26400
2022-05-26,50.71876907348633,50.76290238011232,50.36569925332291,50.65698177077884,29500
2022-05-27,52.060447692871094,52.351733606698055,50.80704414976982,50.80704414976982,19700
2022-05-31,50.983577728271484,52.3870385787405,50.86883179221376,52.3870385787405,47300
2022-06-01,50.63933181762695,51.56614479938932,50.330395279424735,51.56614479938932,61200
2022-06-02,50.807044982910156,51.10715621700656,50.339222450045966,51.10715621700656,93000
2022-06-03,51.760337829589844,51.822125140125,50.25095632853515,50.31274363907031,33800
2022-06-06,52.334075927734375,52.4135172289034,51.60145022060272,52.07809802761689,24600
2022-06-07,51.77798843383789,52.607706097461595,51.460223219254786,52.157540954905976,51200
2022-06-08,51.64558410644531,51.78681271375326,50.90413307628968,51.53966349275325,45900
2022-06-09,50.40983200073242,51.67206408573508,50.26860340080267,51.67206408573508,48200
2022-06-10,48.83866500854492,49.659553957659504,48.73274102975453,49.50950003843975,32000
2022-06-13,46.66727066040039,48.097214072026645,46.25241352783227,48.097214072026645,58400
2022-06-14,47.064476013183594,47.31162522374928,46.62313621308461,46.98503471447956,30200
2022-06-15,47.894195556640625,48.4061513616359,47.27632250530921,47.48816373229267,27700
2022-06-16,44.716548919677734,46.81732733483394,44.61945362380731,46.81732733483394,74300
2022-06-17,46.879112243652344,47.373410645154735,44.97252451762306,44.97252451762306,72900
2022-06-21,47.44403076171875,48.00894519390408,44.743029844782555,47.24984016297169,34900
2022-06-22,47.258670806884766,47.602915342841364,46.92325158616685,47.00269289193805,35200
2022-06-23,47.329280853271484,48.132519182487314,46.83498241508055,47.488163456163015,17700
2022-06-24,49.1740837097168,49.818439466096436,47.61174028651314,47.61174028651314,33500
2022-06-27,49.38592529296875,49.78313179443903,48.73274089420034,48.873969498372496,52600
2022-06-28,47.576438903808594,49.95967148659133,47.576438903808594,49.95084617081956,39800
2022-06-29,47.408721923828125,48.37967153312053,46.95855679593155,47.94715703465432,62000
2022-06-30,45.210853576660156,46.94973022927005,45.06962496476561,46.94973022927005,116800
2022-07-01,45.36973571777344,45.36973571777344,44.019233552864506,44.99018319588169,134600
2022-07-05,44.38996124267578,44.663589784349796,42.501027294843745,44.38996124267578,100100
2022-07-06,43.74560546875,44.62828513494399,43.08359571910451,44.62828513494399,80500
2022-07-07,43.83387756347656,44.52236671161219,43.763264932282304,44.301696767501426,35400
2022-07-08,44.31052017211914,44.72537732795889,43.25130389314167,43.93979295925695,26300
2022-07-11,43.5425910949707,44.05454356861215,43.18068918651729,44.05454356861215,18900
2022-07-12,42.642250061035156,43.61319621435408,42.536326091209084,43.61319621435408,43900
2022-07-13,42.63343048095703,43.304268964438805,42.23622392720545,42.33331923669539,61900
2022-07-14,41.58304214477539,42.121477312679296,41.28293090531203,42.121477312679296,71900
2022-07-15,42.65990447998047,42.99532028629747,41.980240819040304,42.068507427617355,27300
2022-07-18,43.27778625488281,44.028066048631764,42.74817976165905,43.28661493782492,70900
2022-07-19,42.48337173461914,43.957445107421066,42.209739835855494,43.83387049738445,84800
2022-07-20,42.42158508300781,43.07476613673514,42.25387379495584,42.615772315846826,77500
2022-07-21,42.28245544433594,42.63027514206218,41.56005833220227,42.425150792175565,127100
2022-07-22,42.65703201293945,42.76405267116581,41.86328554156166,42.59459961000492,38500
2022-07-25,43.33483123779297,43.74507990279735,42.67486318363905,42.69270052587295,33200
2022-07-26,41.99706268310547,43.985880484233654,41.90787937088907,42.96917575561546,39000
2022-07-27,42.425148010253906,42.558926378511266,41.49762660905348,41.7027509454896,54800
2022-07-28,43.81643295288086,43.88777892568531,42.19327209660555,42.19327209660555,43600
2022-07-29,43.3259162902832,44.08398465892409,43.254566918016835,43.66481560217248,57100
2022-08-01,45.73390197753906,46.72385245174465,43.47753070355279,43.47753070355279,144100
2022-08-02,45.43959426879883,45.85875994331298,45.09177456781082,45.680393308434866,95300
2022-08-03,46.71493911743164,46.71493911743164,45.43067747162205,45.93902990571309,71800
2022-08-04,48.52538299560547,48.52538299560547,46.87546781917156,47.07167179664652,109600
2022-08-05,48.70375442504883,48.82861243304896,48.11513567152998,48.284585339226496,44600
2022-08-08,48.641326904296875,49.54209070528356,48.3559361909867,48.85536823821668,25700
2022-08-09,48.60565185546875,48.72159289505862,48.23107782281388,48.43620218385711,33900
2022-08-10,48.99806594848633,50.068282875870025,48.27567215914984,49.07833230309325,55700
2022-08-11,49.28345489501953,49.50641660508085,48.864289193549716,49.50641660508085,36000
2022-08-12,49.399391174316406,49.47965751828514,48.92671348323686,49.13183782846242,31100
2022-08-15,48.88212203979492,49.75613145454168,48.59673134935211,49.07832601314598,119800
2022-08-16,48.899959564208984,49.238858884035835,48.40944112370229,48.8910391914041,23800
2022-08-17,48.694828033447266,48.694828033447266,47.78514740127007,48.302416713642884,26100
2022-08-18,48.873207092285156,49.2567015130367,47.91893122728734,48.45404138286254,21700
2022-08-19,48.03487014770508,48.77510123732224,47.50868038915468,48.77510123732224,20600
2022-08-22,46.17982864379883,47.4551699070358,45.81417157265488,47.41949521664963,28200
2022-08-23,48.26674270629883,48.26674270629883,46.2600876207018,46.2600876207018,37100
2022-08-24,48.26674270629883,48.65023706149405,48.07945571481982,48.07945571481982,29800
2022-08-25,49.087249755859375,49.265619800162945,48.15081127592264,48.43620198595811,40500
2022-08-26,49.5599250793457,49.88099046310535,48.81077365128168,49.14075600586778,95900
2022-08-29,47.85649871826172,49.818562340907526,47.85649871826172,49.720458649456404,99700
2022-08-30,46.81303787231445,49.41722877532222,45.98362011435469,48.27566601259283,45500
2022-08-31,46.61682891845703,47.205447623327316,46.491970920776254,47.02707759715823,81100
2022-09-01,46.830875396728516,46.92006212071894,45.983623632636224,46.37603501181713,36000
2022-09-02,47.39273452758789,47.60677923899916,46.99140282002005,47.151935503047184,16500
2022-09-06,46.42954635620117,47.74055885918317,46.07280626979245,47.74055885918317,14600
2022-09-07,47.687049865722656,47.99919488736663,46.41170865936203,46.46521729042923,32100
2022-09-08,48.03487014770508,48.338098201821,47.10734864074748,47.42841403947323,25800
2022-09-09,49.247779846191406,49.283451131461625,48.650240739753094,48.650240739753094,14700
2022-09-12,50.66581726074219,50.7193258906721,49.45290508448996,49.45290508448996,22800
2022-09-13,48.86428451538086,50.17529693158225,48.837526799289755,49.45290323750454,31000
2022-09-14,50.246646881103516,51.03147298697546,48.70375238575754,49.20318439684616,101000
2022-09-15,50.94228744506836,51.21876117339229,49.16751424676861,50.00584900053641,149400
2022-09-16,49.345882415771484,50.380424511893075,48.36484894740379,50.380424511893075,62800
2022-09-19,51.67359924316406,51.67359924316406,48.89995872063765,48.89995872063765,144100
2022-09-20,51.102813720703125,51.48630806255001,50.282316413949374,51.43279603736495,98000
2022-09-21,50.353668212890625,51.236598019055485,50.24664755224579,50.24664755224579,50800
2022-09-22,49.81856155395508,51.013636372333046,49.67586620558721,50.6123046418842,32100
2022-09-23,47.66920852661133,49.042653311000294,46.92005713531965,49.042653311000294,45300
2022-09-26,46.456298828125,47.75839430822418,46.32252045049988,47.34814560662452,49700
2022-09-27,46.982486724853516,47.374898067271026,46.63466703919079,46.63466703919079,30700
2022-09-28,47.6602897644043,48.05270451727419,46.57223902757288,46.81303806170884,32900
2022-09-29,45.78741455078125,47.33922946964035,45.6803938880713,47.33922946964035,54700
2022-09-30,44.71719741821289,46.30468361260701,44.71719741821289,45.32365350638884,48800
2022-10-03,46.50981140136719,46.643586378425105,44.610176788440285,45.24338719204075,38400
2022-10-04,47.892173767089844,47.892173767089844,46.95573530894888,47.49975899833038,65700
2022-10-05,46.866546630859375,47.78515110854105,46.572238968704376,47.535431701905296,23600
2022-10-06,46.68818283081055,47.21437262636224,45.939031315145854,46.46522111069755,30500
2022-10-07,47.65137481689453,48.09729821708847,46.44738299722111,46.44738299722111,62600
2022-10-10,48.58781433105469,48.641326365004176,47.14302343567479,47.606784190193466,148300
2022-10-11,48.0705451965332,49.81856415586607,47.68705078986698,48.257832213149086,169100
2022-10-12,47.73163986206055,48.623486638103245,47.73163986206055,47.98135587067235,55100
2022-10-13,49.60451889038086,49.649110550699156,46.98249047943322,47.16977749404542,42100
2022-10-14,49.09616470336914,50.17529849384161,48.74834500248343,49.77397016335839,34500
2022-10-17,49.60451889038086,50.166383336343074,49.265619550261334,49.898829972307695,33400
2022-10-18,49.94342041015625,50.91553355065324,49.024819302006755,50.47852712512914,45900
2022-10-19,50.763919830322266,51.19200930174738,49.328049294643634,49.9255850365432,219700
2022-10-20,51.45064163208008,51.958994045443085,50.48744883912277,50.77283954830461,170000
2022-10-21,51.905487060546875,52.52978053248551,51.28119358860824,51.30794790527858,89300
2022-10-24,54.465084075927734,55.16964386795772,52.07493436781693,52.36032507307265,115000
2022-10-25,55.59772872924805,55.651240761128875,54.40265390091345,54.893168952381835,56400
2022-10-26,56.29336929321289,56.881988047530804,55.294501825730336,55.78501688730767,144200
2022-10-27,56.56983947753906,57.33682822488428,55.89203404411175,56.57875644808072,145500
2022-10-28,56.846309661865234,57.7916683804305,55.91878828540027,56.83738928975251,134600
2022-10-31,56.873069763183594,57.32791012560252,55.82960725791296,56.84631544837233,146500
2022-11-01,57.488441467285156,57.93436484832608,57.015763772061916,57.53303652708957,113400
2022-11-02,56.85523223876953,57.8095080214306,56.76604892159812,57.50628338219762,76300
2022-11-03,57.26548385620117,57.88978071668215,56.248779019340674,56.248779019340674,227800
2022-11-04,58.13949203491211,59.89643122789315,57.67572791273653,58.28218397725408,255300
2022-11-07,58.33570098876953,58.95107063842198,57.97004054391363,58.31786024283704,98300
2022-11-08,58.35353088378906,59.01349554825503,58.14840314529602,59.01349554825503,72500
2022-11-09,58.0413932800293,58.7459530916399,58.0413932800293,58.469475947684266,75100
2022-11-10,59.816162109375,60.03912380007705,59.32564366813017,59.59320041867296,67300
2022-11-11,59.71806335449219,60.0569627028258,58.93324058791632,59.94102506361331,92400
2022-11-14,60.520721435546875,61.77822182390001,59.477262363546245,59.83399562271685,156100
2022-11-15,61.94767761230469,61.956597985451914,60.55639878838442,60.966647497892936,86400
2022-11-16,62.9376335144043,63.071411906117405,61.091510760668044,61.93876256776497,99500
2022-11-17,62.420352935791016,62.49170230973532,60.69017484527188,61.91200055387676,66600
2022-11-18,62.24198913574219,62.98222361451346,61.974432373408845,62.98222361451346,109700
2022-11-21,62.15280532836914,62.32225159254875,61.46607948575613,62.02794732139424,84400
2022-11-22,62.4827880859375,62.589812157386326,61.94768133719632,62.001189970795,114000
2022-11-23,63.722442626953125,63.77595805469587,62.224139930909956,62.224139930909956,54000
2022-11-25,63.10708236694336,64.08811249998696,63.044653362229255,64.08811249998696,30700
2022-11-28,61.09149932861328,63.05355935907297,60.87745802447686,62.43818975914946,104100
2022-11-29,60.49397277832031,61.91200598760069,60.23533637826102,61.029079521364764,60100
2022-11-30,62.00118637084961,62.07253574767277,60.271008210520016,61.002322312329696,118600
2022-12-01,63.35679244995117,63.6154288178928,61.81389461478232,62.17063466726217,90600
2022-12-02,62.27766036987305,62.786012746707826,61.77822156150413,62.786012746707826,36200
2022-12-05,60.12831497192383,62.705751908869495,59.89643968235727,62.518464880718795,64500
2022-12-06,61.83174133300781,62.23306967816142,60.20858040145685,60.46721679438408,98200
2022-12-07,61.20744323730469,62.22414804168953,61.10933954528062,61.53742900177212,44200
2022-12-08,61.037994384765625,61.680125140151354,59.85183656185868,61.448243077539665,39800
2022-12-09,58.46947479248047,61.03799796466831,58.317862467525266,61.03799796466831,54500
2022-12-12,59.2186279296875,59.40591493816918,57.97004106889194,58.63000578510135,32800
2022-12-13,59.09376907348633,59.54860602857345,58.13057292580025,59.37023939570606,84000
2022-12-14,56.560916900634766,57.78274934687112,55.63339890480873,57.09602356753922,236700
2022-12-15,56.034732818603516,56.587676849854695,55.5442143854267,56.45389847678368,125000
2022-12-16,54.1618537902832,55.651239661340654,54.15293681954203,55.651239661340654,64900
2022-12-19,55.01802444458008,56.418223561304075,54.58993841546625,56.186344904664416,75400
2022-12-20,54.25996017456055,55.4996266988181,54.063752787253385,55.249910680154876,85300
2022-12-21,56.09716033935547,56.16850630821981,54.41156717204123,54.55426251189518,61700
2022-12-22,55.999061584472656,56.489576645764046,55.169643785400154,56.489576645764046,51900
2022-12-23,58.52298355102539,58.52298355102539,56.27552603177945,56.436058711725586,60500
2022-12-27,57.88977813720703,58.92431687061188,57.74707938542651,58.92431687061188,51000
2022-12-28,57.63113784790039,58.89755856501468,57.52411379131659,57.97003715403997,49300
2022-12-29,56.667945861816406,58.228677744556194,56.5609217974696,58.228677744556194,47400
2022-12-30,55.15180587768555,56.35579768874932,54.91992720817809,56.35579768874932,62100
2023-01-03,56.659027099609375,56.774968138218675,55.29450256058482,55.29450256058482,33700
2023-01-04,58.68352127075195,58.71918915446947,57.185218397329535,57.185218397329535,38600
2023-01-05,59.120521545410156,59.120521545410156,58.21975442772654,58.7191864275904,54100
2023-01-06,61.118255615234375,61.787140665984936,59.22754489316651,59.91426388473349,57900
2023-01-09,62.62548065185547,62.91979171603271,61.474997513549646,61.555260456006636,61000
2023-01-10,61.93875503540039,63.285445554171936,61.590935341795614,62.72358454240672,51100
2023-01-11,62.41143798828125,62.786011986836584,62.17063555760236,62.35792255688002,47800
2023-01-12,62.99113082885742,63.44597455723851,62.0903705486572,62.83059814850236,53100
2023-01-13,64.19513702392578,65.61317020006062,62.268744628892144,62.99113837490413,65900
2023-01-17,64.19513702392578,65.32777949015762,64.07027220935768,64.6499740025438,50200
2023-01-18,63.927574157714844,65.56856888204011,63.731366787578,64.31106852545942,39900
2023-01-19,64.63213348388672,64.93535810544643,63.30328376400639,63.66893738437255,67300
2023-01-20,65.53290557861328,65.88963885369225,64.84617973515903,64.94428342708106,46300
2023-01-23,66.88851165771484,67.33443506876628,65.97883089304048,65.9877444622006,54100
2023-01-24,67.94088745117188,68.03899114055908,66.36232165655666,66.36232165655666,52800
2023-01-25,67.09363555908203,68.30654090742176,67.0044454386041,67.96764158405854,37100
2023-01-26,67.8606185913086,67.8606185913086,66.4960940992062,67.2541693097084,56200
2023-01-27,66.19286346435547,68.0211451251377,65.88963204676331,67.93196181558132,41300
2023-01-30,64.2397232055664,65.82720940334687,62.71466601092615,65.82720940334687,44700
2023-01-31,65.14940643310547,65.14940643310547,63.78487521885668,64.03459801915261,49400
2023-02-01,67.59307098388672,68.09250302335877,65.17616692965414,65.17616692965414,84600
2023-02-02,66.1661148071289,68.24411263397556,66.1661148071289,67.7803553020948,41500
2023-02-03,65.76477813720703,65.94315157164901,65.22075106959788,65.47938744635066,37500
2023-02-06,65.88964080810547,66.13044326060262,64.89969029062006,65.6220908438602,18000
2023-02-07,66.39799499511719,66.54961413024164,65.14049447985967,65.40804445123823,25100
2023-02-08,66.57636260986328,67.33443100201595,65.56857140703309,66.82607861628996,96800
2023-02-09,66.60311889648438,67.82495145468255,66.54961026616583,67.56631506772449,45400
2023-02-10,65.76477813720703,66.52284652189577,65.34560907158188,66.31772557760098,62000
2023-02-13,67.99440002441406,68.02115434048055,65.63992495104489,65.63992495104489,39100
2023-02-14,68.00331115722656,69.0021819149022,67.78926985352835,67.99439078499945,43000
2023-02-15,68.2708740234375,68.2708740234375,67.1382247976003,67.92305432208616,30200
2023-02-16,68.53841400146484,69.30540266827187,67.34334275110274,67.34334275110274,43200
2023-02-17,70.00997161865234,70.33103700098879,68.00331638117505,68.00331638117505,49100
2023-02-21,68.82381439208984,69.77809017469326,68.32438237255936,69.171634092013,58000
2023-02-22,68.6008529663086,69.29649236888528,67.83386418801867,69.0646171041937,98300
2023-02-23,68.4581527709961,69.56404074430526,68.21735035803957,69.28757045204051,42600
2023-02-24,68.26194763183594,68.39572599846467,67.32550586968514,67.68224591261165,25900
2023-02-27,68.33330535888672,69.3856848718952,68.2262812916439,68.91300034476116,43500
2023-02-28,69.55513000488281,69.87619539712168,68.60977457454118,68.8238159012834,29700
2023-03-01,71.19613647460938,72.39120800109937,69.76026248551216,70.17051122464686,45500
2023-03-02,70.7591781616211,71.4601215206532,69.4119014770676,71.15061604775842,58600
2023-03-03,73.27165222167969,73.32627614244578,71.76052468749448,72.37043739872615,55300
2023-03-06,73.82695007324219,74.01811643842697,72.5889143266442,73.73591946294329,41200
2023-03-07,73.33537292480469,74.30031679420847,73.0895895942712,74.30031679420847,40600
2023-03-08,74.69176483154297,74.81920908625658,73.6084817212863,73.7996481033567,41400
2023-03-09,73.94529724121094,75.65669635448927,73.7541239279301,75.15601757244988,76200
2023-03-10,72.7254638671875,73.92708598314756,72.37043962464409,73.92708598314756,109900
2023-03-13,72.35224151611328,72.92574065436928,70.22208896152222,72.71636398442071,108700
2023-03-14,74.94664764404297,75.21973947830315,72.9894582451546,72.9894582451546,60300
2023-03-15,73.51744842529297,74.3094224157121,72.77098626979048,74.22749694574767,103700
2023-03-16,76.02082824707031,76.19378433139917,72.60712810775689,73.31717662550358,84700
2023-03-17,74.60982513427734,76.01171874454569,73.75412212594969,75.49283663092348,77700
2023-03-20,74.56431579589844,75.50194430053993,74.12735913261795,74.87382126744627,36000
2023-03-21,75.90247344970703,76.4759794519383,75.10139440960627,75.21063530174315,83400
2023-03-22,76.65804290771484,77.55925772239812,75.34717994440092,75.63848205344956,78200
2023-03-23,77.40451049804688,78.71537355453539,77.1496220026609,77.36809686367879,89200
2023-03-24,77.44092559814453,77.76864136846936,75.79324854664914,76.77638891243288,86700
2023-03-27,78.56970977783203,78.76998127071069,77.24064353304338,78.07813618945434,61800
2023-03-28,80.37215423583984,80.52690697015407,78.46958181008038,78.46958181008038,66500
2023-03-29,81.59198760986328,81.59198760986328,80.60884718566541,80.60884718566541,104300
2023-03-30,80.5997314453125,81.38260717967434,79.58017057272285,80.7089723426154,108400
2023-03-31,81.48274230957031,81.6010814051843,80.03532994843206,80.26290994051372,164200
2023-04-03,80.86372375488281,81.37350071028193,79.3070774559118,81.37350071028193,83600
2023-04-04,82.1199722290039,82.8391259137661,81.0640045651189,81.0640045651189,69700
2023-04-05,78.80640411376953,82.40216542656461,78.56971896313476,82.16548722112044,46900
2023-04-06,79.1068115234375,79.78044639695968,78.69716334527043,79.17963879224817,51800
2023-04-10,79.76224517822266,80.0717506611312,78.58793148181687,79.04309150622885,34300
2023-04-11,82.10176086425781,82.5933344847587,79.81685577966762,80.19918850277158,95300
2023-04-12,81.84688568115234,83.50366802899676,81.58289201177382,82.5205206282474,63800
2023-04-13,82.06534576416016,82.89373331607074,81.4918397445704,82.04713547565787,107500
2023-04-14,82.03804779052734,82.2929363007046,80.91835104060182,82.1108681182987,73800
2023-04-17,82.12907409667969,82.2929319796456,80.47229192233128,81.60108681321277,70200
2023-04-18,78.66985321044922,82.58423201227417,77.91428593901944,81.80135625190918,103900
2023-04-19,78.48778533935547,79.3981052677726,78.00531688852477,78.00531688852477,175700
2023-04-20,75.74772644042969,78.28752007632879,75.64759068471682,78.28752007632879,102100
2023-04-21,71.51473999023438,75.92069258734259,70.95034601138008,75.74772955759525,157100
2023-04-24,74.20018768310547,74.61893406400829,70.78648756631986,70.78648756631986,237300
2023-04-25,74.68265533447266,75.34718506030204,73.28076166911882,74.10005107681789,178700
2023-04-26,75.01947784423828,76.08455062439336,74.10915780406663,75.28346454412022,104500
2023-04-27,77.52285766601562,77.81415979997811,75.68400730240992,76.29392006020785,96400
2023-04-28,79.63480377197266,81.14593149550655,77.77774997260528,77.83236695502487,129800
2023-05-01,78.27841186523438,79.54375606128498,77.87787580326372,79.54375606128498,48900
2023-05-02,80.17188262939453,80.48139504285166,78.05994049384108,78.58792776402706,96800
2023-05-03,79.02487182617188,80.38125353829099,78.16917580468133,80.17187689605576,60200
2023-05-04,74.73726654052734,79.06128630502717,74.20018110347017,78.97025569902308,189600
2023-05-05,77.2679672241211,77.59568301419422,75.15602487986719,75.45643217829941,69900
2023-05-08,77.53195190429688,78.01442038790857,76.84921191159573,77.71402006946474,43100
2023-05-09,78.615234375,79.11591314428341,76.9038353053236,77.60477863713007,31900
2023-05-10,80.70897674560547,81.05489585481719,78.59702762034249,79.51645279019361,130500
2023-05-11,79.980712890625,80.69076135395987,79.46183078701951,80.69076135395987,392300
2023-05-12,79.73492431640625,80.21739974340817,79.09770310367215,80.09905370019302,88100
2023-05-15,80.7271728515625,80.90013586325439,79.21603841195754,79.64388989654907,57900
2023-05-16,82.77539825439453,83.38531099032363,80.63614763370009,80.7180731003814,111400
2023-05-17,83.33979797363281,84.15908040957228,82.08355194083694,83.33069282906737,61700
2023-05-18,82.60243225097656,84.47769611458091,82.17458075323582,83.09400586890061,77800
2023-05-19,80.68165588378906,83.53096181513861,80.3175334544552,82.60243156284285,84900
2023-05-22,77.82325744628906,81.51005634710853,77.68670805270489,80.86372995901347,138800
2023-05-23,76.65804290771484,77.90518375171158,76.57611744510278,77.82325134390939,84100
2023-05-24,76.91293334960938,77.21334061057395,75.68400276270644,76.75818061948469,149000
2023-05-25,76.77638244628906,77.25885786127073,76.3212224641929,77.24975271697556,39500
2023-05-26,79.2160415649414,79.36169609536144,76.9493467605042,77.02217402571421,31100
2023-05-30,76.83100891113281,80.12636284571313,76.33033013617097,80.12636284571313,60700
2023-05-31,75.23794555664062,76.51239488076205,74.245693195684,76.51239488076205,89500
2023-06-01,76.03903198242188,76.80370442905416,75.23795284588444,75.23795284588444,40000
2023-06-02,76.40315246582031,77.95069357812467,76.36673883497681,76.74907154104872,31000
2023-06-05,75.60208129882812,76.34854344590931,74.43686582601713,76.3212280110386,42300
2023-06-06,79.22515106201172,79.4618362143526,75.43822335051088,75.43822335051088,48600
2023-06-07,78.5333023071289,79.89878228909853,78.40585806442698,79.32528319693981,48500
2023-06-08,77.36809539794922,78.5606193290422,76.97665751739635,78.53330389489066,35000
2023-06-09,79.14322662353516,79.87147848955688,77.70491929124542,77.70491929124542,58700
2023-06-12,79.30709075927734,79.6530099020115,78.232912747934,79.08860893157981,46900
2023-06-13,79.62569427490234,79.78955215839719,78.61523848421591,79.1341206244178,50900
2023-06-14,81.16413116455078,81.92879659911794,79.65299669358689,79.65299669358689,61000
2023-06-15,81.59198760986328,82.03804945692512,80.56332840284158,80.56332840284158,54000
2023-06-16,81.25516510009766,82.05624419938984,80.99117146681957,81.96521358847784,69800
2023-06-20,78.07150268554688,81.81095428591723,77.85701740799429,81.43794043323521,72000
2023-06-21,79.19986724853516,79.45164751712778,76.8405646847854,78.07150546216126,54100
2023-06-22,77.91297912597656,79.39570021466054,76.66338370624763,79.39570021466054,30300
2023-06-23,78.04353332519531,78.51911908369476,76.53283031824654,77.91297953486433,43500
2023-06-26,77.80107116699219,79.12526364206113,76.67270937220968,78.18340522431872,54800
2023-06-27,79.833984375,80.0298150432517,78.13677813550451,78.39788569317345,41400
2023-06-28,79.87129211425781,80.1976765844043,79.24649796931341,80.02982069766499,40500
2023-06-29,79.54490661621094,80.25362513804284,78.92010536469252,80.25362513804284,26900
2023-06-30,79.11593627929688,80.1790282944986,78.58439382901992,80.1790282944986,38100
2023-07-03,80.74786376953125,81.50321879134074,79.18121836642442,79.18121836642442,23100
2023-07-05,79.47030639648438,80.5054165506895,78.86415972105779,80.5054165506895,21100
2023-07-06,79.2931137084961,80.04846157912098,78.25800367819303,78.8734775836261,55700
2023-07-07,80.05779266357422,81.23278382922237,79.61018172452094,79.61018172452094,27200
2023-07-10,80.7385482788086,81.0556054532236,79.98319321304999,79.98319321304999,31300
2023-07-11,81.56849670410156,81.60579880197304,79.51692400905631,81.04628156319623,43400
2023-07-12,81.8016357421875,82.96729970998054,81.58715044166836,82.3331782269152,29000
2023-07-13,82.8740463256836,83.36828669960654,81.73635717797137,82.42642824073278,24200
2023-07-14,82.96729278564453,83.27502975497416,81.90420790491274,83.27502975497416,25600
2023-07-17,83.20975494384766,83.4615352157294,82.0161091342906,82.90201796682167,42300
2023-07-18,86.93054962158203,87.0331286109765,83.51748240641544,83.51748240641544,52300
2023-07-19,86.61347961425781,87.86307489564878,85.87677924587193,87.19165141485927,39100
2023-07-20,83.43355560302734,87.08907567377909,82.76213209724693,87.08907567377909,56300
2023-07-21,81.82960510253906,83.83454841686986,81.69905131599174,83.81589381042151,34300
2023-07-24,79.53558349609375,81.83893659980936,78.91078932636267,81.8296092961072,125800
2023-07-25,77.95026397705078,79.33041300700833,77.22289092511049,79.33041300700833,114500
2023-07-26,81.33536529541016,81.33536529541016,77.95027278181827,78.04353158538824,59400
2023-07-27,82.75281524658203,83.82522753072969,80.91572767641266,81.33537097785218,33900
2023-07-28,84.24485778808594,85.16806871748521,83.42423296548996,83.48018255588465,59600
2023-07-31,84.48731994628906,85.23334770490074,83.68534259590831,85.23334770490074,48000
2023-08-01,82.01610565185547,84.95357997720454,81.699048499641,84.95357997720454,61300
2023-08-02,79.70343017578125,82.00678301322944,79.32108902932022,82.00678301322944,41400
2023-08-03,78.8175277709961,80.23497906909137,78.62169708796607,79.59153031438707,40200
2023-08-04,81.24211120605469,81.49389147017001,79.26514273193793,79.26514273193793,84300
2023-08-07,82.85538482666016,83.2936755715013,81.21412813788719,81.21412813788719,37300
2023-08-08,82.55697631835938,82.85538598278674,80.03914521941894,82.85538598278674,48900
2023-08-09,82.39844512939453,83.26569930081844,81.54983844874809,83.26569930081844,54300
2023-08-10,83.4428939819336,83.62939737400784,82.82741998172153,83.16313177917387,20400
2023-08-11,82.33317565917969,83.36828579946965,81.80163319102928,83.23773200832028,22400
2023-08-14,82.14666748046875,82.33317798355328,80.9903308199375,81.75500609596355,55500
2023-08-15,82.90201568603516,83.34962662698761,81.82027620187941,81.96948459196199,24800
2023-08-16,83.22840118408203,83.983749103015,82.98594110449763,82.98594110449763,20500
2023-08-17,81.30738830566406,83.26570217876449,80.77584586704184,83.26570217876449,37600
2023-08-18,82.21194458007812,82.47305214779409,80.15104460350362,81.20480929204714,22500
2023-08-21,81.39131164550781,82.84605785579136,81.29805996029816,82.84605785579136,25400
2023-08-22,80.82247161865234,82.07206703693852,80.43081025016703,82.07206703693852,36900
2023-08-23,81.7083740234375,82.31451352060806,81.09290010892002,81.40063706617876,34600
2023-08-24,81.48456573486328,82.51967583491988,81.27941486720825,81.70837832354691,23000
2023-08-25,82.42642211914062,83.19109732504478,81.4752435419028,81.4752435419028,33100
2023-08-28,83.52681732177734,84.48732329669201,82.60361344773729,82.60361344773729,73600
2023-08-29,86.716064453125,86.716064453125,83.52680981863942,83.54545731007751,24500
2023-08-30,88.58112335205078,89.35512583897078,86.4269788812383,86.93054650713874,33300
2023-08-31,86.35237884521484,90.30630873580174,86.11924606911295,89.64421250543006,42000
2023-09-01,85.6436538696289,87.83510767348726,84.93493534739807,87.12638203660865,28300
2023-09-05,87.39682006835938,87.90970792944155,84.86966151857102,84.86966151857102,37600
2023-09-06,87.29423522949219,87.49006590312116,86.61348440860786,87.39681421777131,29400
2023-09-07,85.85814666748047,88.20812214373885,85.43851047642845,87.2942455586683,21400
2023-09-08,86.4269790649414,87.15435215457232,85.79285765853157,85.79285765853157,20200
2023-09-11,88.96347045898438,89.21525073147156,87.27558429025592,87.30356620021925,44900
2023-09-12,90.96841430664062,90.96841430664062,88.96347096017769,89.49501341810992,35000
2023-09-13,91.06166076660156,93.44893803850424,91.06166076660156,91.1455851482009,67800
2023-09-14,91.46265411376953,91.85431547732487,91.15491713612697,91.45332681045217,61800
2023-09-15,90.12913513183594,91.11761585288725,88.31069515966006,90.85650827484713,66800
2023-09-18,90.47725677490234,90.47725677490234,88.22517672469715,90.06438056309973,26900
2023-09-19,90.59925842285156,91.10596986490843,89.76411308727127,90.92768515720913,33600
2023-09-20,91.23734283447266,91.84727509741987,90.4021903844268,90.82445944242735,33200
2023-09-21,90.43972778320312,92.8231786850056,89.62335380713556,89.97993037008278,71300
2023-09-22,89.52013397216797,91.61268652031973,88.97587987584038,91.265495619587,27200
2023-09-25,90.63678741455078,91.50946826299821,89.07910325231263,89.07910325231263,48000
2023-09-26,89.15416717529297,90.64616587152653,87.18359975270518,89.94239128066194,66800
2023-09-27,88.13134765625,89.50136138495567,87.83107077268664,89.50136138495567,47100
2023-09-28,89.14478302001953,89.25738953376545,87.60586312798613,88.70374979013823,55500
2023-09-29,81.55340576171875,89.94239429802364,80.52119726649016,89.94239429802364,236300
2023-10-02,79.78926849365234,83.03601434690523,77.92192195556488,81.97566322912998,143300
2023-10-03,79.76112365722656,81.28127941481686,78.94474252014119,79.20749105882885,114200
2023-10-04,83.33629608154297,83.65534429757159,79.26379039806244,79.98632918865344,107400
2023-10-05,61.0031852722168,73.89633413824752,47.13413117380465,73.89633413824752,1085400
2023-10-06,61.12516784667969,62.22305447743171,54.03112234438627,61.93216327419791,1127700
2023-10-09,61.41606521606445,61.641278259726384,59.17337413980079,60.95626778046182,165000
2023-10-10,66.41755676269531,67.40284411072966,61.64127636534885,61.64127636534885,360700
2023-10-11,64.7003402709961,68.15352783416556,63.808895332226676,66.89612068607688,226900
2023-10-12,61.78202438354492,64.96309224442463,61.58496834953744,64.7472648781313,179200
2023-10-13,62.26997756958008,63.32095022277581,61.59435280389465,61.59435280389465,83400
2023-10-16,62.720394134521484,62.86115049806681,61.64127871872805,62.26998236217568,181100
2023-10-17,62.45764923095703,62.711012102934,61.60373974932232,61.782024451239316,146500
2023-10-18,64.07164001464844,64.07164001464844,61.51928292372921,62.194907701815545,122400
2023-10-19,63.83705139160156,64.60651138864512,59.09830280115047,64.1748637960759,421400
2023-10-20,64.2686996459961,64.87863911364278,60.99380358134863,64.10917910867549,197200
2023-10-23,63.12388610839844,64.75664832126525,62.30751216113042,63.79951086418258,124600
2023-10-24,60.158653259277344,63.48047022367069,59.999129155549724,63.48047022367069,188100
2023-10-25,58.07548141479492,60.39324698923533,57.74705468867629,59.623787019829244,251600
2023-10-26,57.625064849853516,59.24843785195891,57.40924106594638,57.99102707385182,151200
2023-10-27,53.261661529541016,57.5499981629233,52.379598630060386,57.52184474407942,318800
2023-10-30,56.56471252441406,56.64916562430424,51.61014020974507,54.500309779690596,211300
2023-10-31,57.39985656738281,58.44144358276764,55.973543147298244,56.80868846101535,72200
2023-11-01,58.5446662902832,58.75110799849801,57.343558707032635,58.24438939447056,96400
2023-11-02,60.609066009521484,60.78735786841738,59.60501809799549,59.60501809799549,64700
2023-11-03,61.8101806640625,63.11450903531894,60.993799539085906,60.993799539085906,93300
2023-11-06,63.76198196411133,63.99657351976908,61.76326448720706,61.81956416963176,84400
2023-11-07,61.68819046020508,63.94965638276375,61.603740940689995,63.80890002440617,93700
2023-11-08,58.25377655029297,61.30346675976949,57.99103157505237,61.078253712777794,182500
2023-11-09,56.77115249633789,58.3663756790937,56.46148994633993,58.19746948447351,175700
2023-11-10,57.906578063964844,58.18808721155366,56.34889029575151,56.45211115177012,225200
2023-11-13,55.682647705078125,57.42800932373528,55.222846714737656,57.15588228005587,165000
2023-11-14,57.20280075073242,58.05671382055677,56.283202335504875,57.897193290172694,294300
2023-11-15,59.24843978881836,59.88652907496097,57.240336744609586,57.240336744609586,163800
2023-11-16,60.121116638183594,60.2900228250718,58.844938150398264,58.844938150398264,91900
2023-11-17,63.733829498291016,63.855821684075636,59.90529732900154,60.41201234787225,183900
2023-11-20,62.87053680419922,64.55959886559042,62.36381818578186,63.86520270748176,107000
2023-11-21,62.682865142822266,63.71506653295122,62.32628140427821,62.61717979506404,93900
2023-11-22,64.18424987792969,64.40945576264777,60.36509970851252,63.21773383188339,63900
2023-11-24,66.04220581054688,67.23393480763868,64.12793804165437,64.12793804165437,75900
2023-11-27,66.36125946044922,68.48196909781917,65.01000982826079,65.01000982826079,91400
2023-11-28,66.65215301513672,67.7875753087093,66.06098486005335,66.16420571939325,94700
2023-11-29,65.77008056640625,67.22455097472009,65.131998451876,67.22455097472009,83100
2023-11-30,67.2057876586914,68.43504505020215,65.497961516014,65.67624622004415,125900
2023-12-01,68.39750671386719,68.58517707639555,66.72721614620224,67.18701354581255,48600
2023-12-04,67.337158203125,69.07313418165046,66.89612495881062,68.25675303839839,146800
2023-12-05,67.51544189453125,68.06908164797612,64.7660287778447,66.68029659047791,77500
2023-12-06,67.14009857177734,69.08251614866425,67.09317740223553,68.17229986920944,36400
2023-12-07,66.92427825927734,67.4872965572168,66.64276553072459,66.95242810029941,46300
2023-12-08,67.14009857177734,67.91893700834814,66.51138783207746,66.51138783207746,54400
2023-12-11,66.53015899658203,67.29961892464551,66.42693815118135,66.66152967997101,75700
2023-12-12,65.62933349609375,66.95242609873894,65.30089960287879,66.95242609873894,114400
2023-12-13,66.06097412109375,66.2674158062141,64.409447799296,65.28212854874516,44400
2023-12-14,75.66046142578125,76.05458065666772,66.62399781990257,66.62399781990257,174400
2023-12-15,77.97822570800781,78.5224797937299,74.57195915753819,75.09744191110956,127000
2023-12-18,80.8590087890625,81.24374234392519,76.88033834903337,77.91253967405287,131900
2023-12-19,80.32414245605469,81.70354186688563,79.60160365756337,81.70354186688563,84400
2023-12-20,79.36701202392578,80.877782123642,79.36701202392578,79.56406805964977,64400
2023-12-21,79.188720703125,80.75579049257641,78.19405485147705,79.95818067800028,43100
2023-12-22,78.13774108886719,80.03324459797055,77.83746422672354,80.03324459797055,45200
2023-12-26,79.44207763671875,79.88310369098772,78.17527767160686,78.17527767160686,21900
2023-12-27,79.8268051147461,80.29598817223471,79.32008655355855,79.44207873037139,62300
2023-12-28,80.07078552246094,80.63380378220823,79.44208191839589,80.1364708667787,28700
2023-12-29,79.41392517089844,80.21154213048862,78.79460723097036,79.93941508626554,29800
2024-01-02,77.3589096069336,79.99571626260368,76.47684311322229,79.77051038560968,112800
2024-01-03,75.02237701416016,78.08145291993637,74.9285418232569,76.37362667249883,38100
2024-01-04,74.534423828125,75.71676718561363,74.43120297854934,74.61887334550568,26500
2024-01-05,75.5666275024414,76.13903144628138,73.68050947176924,73.68050947176924,144200
2024-01-08,75.70738220214844,76.40177115714673,73.08933975225739,74.96607207540518,68000
2024-01-09,71.55042266845703,75.11621708805963,70.79034833825636,75.06929591444673,66200
2024-01-10,71.45658111572266,71.97267818366588,70.77157070148453,71.55041629542457,40700
2024-01-11,71.3345947265625,71.65364295443324,69.83321025202166,71.65364295443324,43700
2024-01-12,70.97801971435547,71.86008624471039,70.17102419917246,71.37213180525896,34800
2024-01-16,68.1910629272461,70.03964529400781,67.19639714986779,70.03964529400781,47600
2024-01-17,68.2661361694336,68.44442802562004,65.7982358171715,67.60928274006055,61000
2024-01-18,68.48196411132812,68.89484034508202,67.14010024350559,68.25675108291817,28200
2024-01-19,69.12943267822266,69.51416623682294,67.39345672939362,67.90956097649995,92600
2024-01-22,66.84920501708984,70.20855767770303,66.84920501708984,69.3452625056737,40700
2024-01-23,66.84920501708984,67.44038029552594,65.96714567139284,67.38407345619126,88000
2024-01-24,66.71782684326172,67.71249975610154,66.15480862720362,67.71249975610154,136900
2024-01-25,68.2098388671875,68.941763330876,66.66153326214182,67.48729291055552,59900
2024-01-26,69.63615417480469,70.35870015100545,67.48729473832111,70.35870015100545,52000
2024-01-29,69.4297103881836,69.83320812459594,68.40689470702537,69.12943350242318,31500
2024-01-30,69.78629302978516,70.75280901711496,68.05969559406259,69.53293016059904,58700
2024-01-31,68.97930145263672,70.60267097152938,68.4068974971892,70.54637129039223,47100
2024-02-01,69.62677001953125,69.9458182541613,68.57580444467,69.28895761070697,54100
2024-02-02,70.58390808105469,70.6777432710449,69.1106734047934,69.1106734047934,62800
2024-02-05,71.3533706665039,71.54104105325136,67.75942620287582,70.37746890525112,37200
2024-02-06,72.4981689453125,72.84535983028688,70.7997213879427,71.68178783787512,77300
2024-02-07,71.23137664794922,72.81721054572276,70.65897273363984,72.11343594542423,40400
2024-02-08,72.0477523803711,72.150973230362,70.58390346655928,70.58390346655928,76400
2024-02-09,70.46190643310547,71.85069139971645,69.84258853496478,71.7005565477171,53500
2024-02-12,69.3827896118164,70.82787422090486,69.22326193870943,70.40560519326633,23600
2024-02-13,68.57579803466797,69.56107816900307,68.03154396475028,68.34120650375505,27800
2024-02-14,68.93238067626953,69.43909928692267,68.50073308034264,69.27019308337162,43100
2024-02-15,68.88545989990234,69.636148495982,68.53826186024762,68.83853873051254,29400
2024-02-16,68.00340270996094,68.88546926846175,67.6092906064817,68.32244379587281,28900
2024-02-20,67.1025619506836,68.29428375005055,66.84919909404091,68.29428375005055,35200
2024-02-21,66.6802978515625,67.0368815785756,66.0140587289403,66.55831282657502,24600
2024-02-22,66.58646392822266,68.73532336064511,65.976524473394,68.73532336064511,69000
2024-02-23,66.6240005493164,67.56236675423635,66.14543178024076,66.58646504201968,28500
2024-02-26,66.21111297607422,67.46852733457995,66.15481329824273,67.46852733457995,32200
2024-02-27,66.17357635498047,66.63338091340057,65.77007863260768,66.2111118592902,57300
2024-02-28,64.70972442626953,65.79823252234146,64.27807688584397,65.79823252234146,75000
2024-02-29,65.29151916503906,65.63871006255405,64.8598715903139,65.188298314652,71100
2024-03-01,65.72315979003906,66.5301551754594,65.28212659577855,65.45103277317268,59300
2024-03-04,65.03815460205078,65.93898523360544,65.03815460205078,65.21644645884244,48900
2024-03-05,64.19363403320312,65.34782042947982,64.10917735394351,65.22583540295575,37700
2024-03-06,64.5877456665039,65.46980500445171,64.38130396214407,64.56897433383531,38900
2024-03-07,63.50862121582031,65.09446229769266,62.832996443444735,65.09446229769266,65000
2024-03-08,63.81828308105469,64.63465703964673,63.34910001182598,63.34910001182598,48300
2024-03-11,62.95498275756836,64.80356525349123,62.38258598167676,63.54615802511335,50200
2024-03-12,62.86114501953125,63.16142189464711,62.044771068616626,62.7766955042637,40100
2024-03-13,64.2686996459961,64.5783622131474,62.52333792462729,62.86115033258035,76800
2024-03-14,65.06629943847656,65.34781212133005,63.790128177924856,64.27807538115066,48600
2024-03-15,65.74192810058594,65.91083428861504,64.89740431960581,65.32905187586564,84800
2024-03-18,65.13199615478516,66.20173296425853,64.90678313024785,65.99529127134868,19400
2024-03-19,64.52205657958984,64.76602661681025,63.396012937231575,64.76602661681025,27600
2024-03-20,65.37596130371094,65.65747398374796,64.04348322442073,64.17485389932737,24200
2024-03-21,66.03282928466797,66.37064167514532,64.3343816661108,65.3008976658566,52300
2024-03-22,68.74470520019531,69.43909413699896,66.22988366670495,67.02749345131035,46100
2024-03-25,70.19917297363281,71.80377831293428,68.78224516941,69.22327126872153,99100
2024-03-26,72.54508209228516,73.35207752428067,69.94581110260098,70.09594595830244,98700
2024-03-27,74.13092803955078,74.34675541045837,72.31988103019259,72.31988103019259,52200
2024-03-28,74.21537780761719,74.66579672446173,73.84003706260685,74.66579672446173,61600
2024-04-01,73.2863998413086,74.21538038809179,72.08529223351496,73.71804744041155,77200
2024-04-02,75.2006607055664,75.53847308339307,71.48473170863846,71.99145027537847,54000
2024-04-03,77.85623931884766,77.85623931884766,74.64702885730814,74.64702885730814,77600
2024-04-04,78.88844299316406,79.88310883445779,77.4715080832558,77.90315565889583,57300
2024-04-05,79.99571990966797,80.67134473061795,78.52248523699438,78.72892694996978,64500
2024-04-08,78.86967468261719,80.11769617227863,78.30664928733289,79.62036327772076,33400
2024-04-09,78.81336975097656,79.99571308679643,78.11898081496543,79.08549678949191,80600
2024-04-10,77.30260467529297,78.90721001189509,76.80527173671152,77.84685878735664,51100
2024-04-11,76.43930053710938,77.94068484347835,75.70737613520231,77.94068484347835,62300
2024-04-12,74.65641021728516,76.5425282241331,74.40305450133995,76.5425282241331,45000
2024-04-15,74.38428497314453,75.39772217983976,74.14031491755064,74.75025437486717,58700
2024-04-16,72.36680603027344,74.1027821190315,71.7944020588587,74.1027821190315,34000
2024-04-17,71.42842864990234,72.96734844972653,70.6683472561997,72.96734844972653,59300
2024-04-18,70.65897369384766,71.37212681057565,70.37746098623649,71.16568511288287,26200
2024-04-19,70.47129821777344,70.60266890936701,69.67368840190798,70.42438420458474,13200
2024-04-22,71.42842864990234,71.74746968098454,70.05841503099374,70.64019741924128,54700
2024-04-23,76.59883117675781,77.03986444110723,71.6911799055561,71.6911799055561,57700
2024-04-24,76.06395721435547,77.9969963359916,74.29983144388868,76.59882562917333,67400
2024-04-25,80.0051040649414,80.94347026316302,73.37085532988122,74.675183772676,48800
2024-04-26,82.68882751464844,83.35506662043188,79.28255381654807,79.28255381654807,58400
2024-04-29,83.33629608154297,83.6741084706718,82.50115077485381,83.12047587464521,28400
2024-04-30,82.80142211914062,83.54273219240326,82.36977457505702,82.36977457505702,44400
2024-05-01,80.8027114868164,82.4167024449902,78.16590483954745,82.4167024449902,31000
2024-05-02,82.27594757080078,84.14329427855213,80.80271294342926,80.80271294342926,33200
2024-05-03,81.34696960449219,83.72103498692162,81.25312725550336,83.31753722743431,31700
2024-05-06,81.27189636230469,82.97972254328617,81.04669048106699,82.96095836950215,20800
2024-05-07,81.20620727539062,82.1164235840626,80.94346589951945,80.94346589951945,20600
2024-05-08,79.65790557861328,81.10299037543345,79.34824301661627,80.86839882710224,22000
2024-05-09,82.9609603881836,83.56151419220794,78.46618536553831,78.83214761614171,31300
2024-05-10,83.05479431152344,83.89932532279693,82.29471282179432,83.89932532279693,18000
2024-05-13,82.91403198242188,84.01191863847903,82.91403198242188,83.22369452412993,9900
2024-05-14,81.3563461303711,83.56151241290553,81.07484056775978,83.56151241290553,57700
2024-05-15,82.08827209472656,84.44356592333713,81.90998023932755,82.03196525876795,33000
2024-05-16,83.20492553710938,84.45295424583085,81.28127920812038,81.28127920812038,70400
2024-05-17,83.43951416015625,83.89931871624424,82.97033109741245,83.89931871624424,22500
2024-05-20,84.56555938720703,84.95028578308346,83.43951572007113,83.43951572007113,18100
2024-05-21,82.84185791015625,84.65831582073154,82.44572035554776,83.92400289153069,17000
2024-05-22,81.29594421386719,82.3297763523303,80.45534883396343,82.03992121449129,21400
2024-05-23,79.96259307861328,81.26695963076972,79.05436409389984,80.24279153924849,24000
2024-05-24,78.38768005371094,80.34906916080573,78.38768005371094,79.43117618160672,34100
2024-05-28,77.14128875732422,79.4601667535395,76.26205190928393,79.12199873506246,57800
2024-05-29,76.51325988769531,77.05432867688826,73.8658707485512,76.36832864158738,58100
2024-05-30,76.3973159790039,76.78379685775184,75.37314791610508,76.78379685775184,28500
2024-05-31,79.0447006225586,79.51814321718551,76.25238741669979,76.25238741669979,24200
2024-06-03,69.43102264404297,78.41667136366252,67.87544251761949,78.41667136366252,284500
2024-06-04,69.65324401855469,73.44074761539429,68.64840409878077,69.47933537096672,76800
2024-06-05,71.07356262207031,73.02528781131116,69.15082958125217,70.26195938247227,112600
2024-06-06,72.14604187011719,76.58089691937687,70.98660659229633,71.26680504826348,98700
2024-06-07,68.91893768310547,72.14603699004348,68.53245682613746,72.14603699004348,67800
2024-06-10,70.8416748046875,70.99627010536794,66.70634634111124,68.91894182440987,55600
2024-06-11,67.60491180419922,70.84167538053238,67.59524775495072,70.84167538053238,117500
2024-06-12,66.81262969970703,68.38753064693836,65.72082064506864,68.21361461700099,69800
2024-06-13,67.89476776123047,68.37786702837644,66.81263012058977,67.74017982892886,39300
2024-06-14,66.45513153076172,68.59042932733134,66.31986433072632,67.87544450264289,68900
2024-06-17,66.06864929199219,67.17011496752646,64.99616839136523,66.45513015761162,51400
2024-06-18,67.15079498291016,68.1846270712399,66.06865002152848,66.06865002152848,22500
2024-06-20,67.90442657470703,68.53245704787336,67.17011368124288,67.53727381372957,26100
2024-06-21,66.3102035522461,69.42136404952662,66.18460039502101,68.08801270991064,50900
2024-06-24,67.19911193847656,68.64840975996914,66.67736383815804,66.86093654958702,36200
2024-06-25,66.99620056152344,67.66287988649958,64.97684923153706,67.19910873378453,84300
2024-06-26,65.42130279541016,67.88511204122248,65.42130279541016,66.65803575731238,54200
2024-06-27,64.59037017822266,65.73048473710666,64.02031658453554,65.40198077562795,25100
2024-06-28,65.36332702636719,66.20391496536843,64.59036531292016,64.59036531292016,32200
2024-07-01,65.41163635253906,66.01068208407735,64.9961706972726,66.00101803492892,32600
2024-07-02,63.92369842529297,65.46961460242917,62.13622524360975,65.44062982590629,73500
2024-07-03,65.93338012695312,67.63389146202078,64.2425328404026,64.2425328404026,58000
2024-07-05,64.8125991821289,66.12662977306667,64.55172145090064,66.12662977306667,21200
2024-07-08,64.94786834716797,65.63386843981208,63.81741780174781,64.60970032565467,66100
2024-07-09,66.09764099121094,66.4841144827062,64.10726712676546,65.00583200035972,56400
2024-07-10,70.5324935913086,70.54215764075482,66.18460015074848,66.18460015074848,66100
2024-07-11,70.29093933105469,71.18950421117803,69.72088576690054,70.53248895074904,54600
2024-07-12,72.35860443115234,72.7354212530772,70.48417699895519,70.48417699895519,36700
2024-07-15,70.31026458740234,72.01077608364065,69.97209657234328,71.99145535628436,57300
2024-07-16,71.01558685302734,71.62428922945281,69.7788540029195,70.89964038401376,118300
2024-07-17,69.92378997802734,70.51317166858843,68.68704967272048,69.23778990917144,91900
2024-07-18,67.34403228759766,69.98175742768781,67.33437561011519,69.98175742768781,38600
2024-07-19,68.41651153564453,68.46482440791338,67.28606109104322,67.91409157299151,29900
2024-07-22,69.92378997802734,70.7933627541905,68.22327850830143,68.38753048855361,46700
2024-07-23,68.89961242675781,70.46485664483637,68.54212370081774,69.92378784567765,53400
2024-07-24,68.19429016113281,69.16048863650785,67.95274054228905,68.4744886035727,45600
2024-07-25,66.89958190917969,68.9382613288175,66.88992523169064,68.19429172913662,28400
2024-07-26,66.98654174804688,68.10732814096193,65.52757999315284,66.35851126774075,37300
2024-07-29,64.91887664794922,66.77397591517645,64.21354853127458,66.77397591517645,32900
2024-07-30,64.01065063476562,64.92853626130184,63.76910100972878,64.54206275845053,40500
2024-07-31,66.619384765625,66.73533124135119,64.97685023614056,65.04448383743674,120000
2024-08-01,64.4454345703125,66.92856432678069,63.807747417553024,66.61938111330443,24600
2024-08-02,62.22318649291992,63.76910265883208,61.61448039007425,63.112087366880694,36400
2024-08-05,60.31977462768555,62.300484566234864,59.44053411128632,59.62411050543388,39900
2024-08-06,60.41638946533203,61.459885587546495,60.15551543477841,60.870503928046254,25700
2024-08-07,60.85118103027344,63.0637727920114,60.31010854391243,61.61447872913413,35500
2024-08-08,62.49372100830078,62.60000343596959,61.09273240728944,62.010621744900654,32800
2024-08-09,61.83670425415039,62.474398805095916,61.682112640945206,62.474398805095916,32200
2024-08-12,62.3294677734375,62.60966622515135,61.34394485364571,61.8367044706642,51400
2024-08-13,63.672481536865234,63.672481536865234,62.26183263553828,62.26183263553828,61800
2024-08-14,63.662818908691406,64.04929978501738,62.89952120511275,63.76910133396879,34100
2024-08-15,64.4454345703125,64.65799941173542,63.662816173718376,64.65799941173542,35200
2024-08-16,63.95268249511719,64.61935446230629,63.74011764095179,64.44543843358093,28700
2024-08-19,63.624168395996094,64.12659573334363,63.52755002235523,63.80774846597032,32900
2024-08-20,62.03960418701172,63.71113081894895,62.03960418701172,63.295665173196426,30800
2024-08-21,60.00092697143555,62.08791932526414,59.6434345489393,61.83670564456038,83300
2024-08-22,59.37289810180664,59.98160418409841,59.13134847867948,59.778699699497984,90000
2024-08-23,60.12653350830078,60.8705068116223,59.9526174796929,60.11687314482472,89100
2024-08-26,59.063716888427734,60.59997269121049,58.986419237235076,60.59997269121049,54700
2024-08-27,57.36320495605469,59.0154072222712,57.08301018713339,58.938109571703365,92500
2024-08-28,59.450191497802734,60.87050444769035,57.653061729150174,57.84630216296045,156200
2024-08-29,61.83670425415039,62.020284328787966,58.348727065093954,58.348727065093954,192800
2024-08-30,61.90433883666992,62.75459087991015,61.67245325606071,62.52270529930094,118300
2024-09-03,60.078224182128906,61.51785791083746,59.855998965138824,61.51785791083746,68200
2024-09-04,61.643463134765625,61.83670357057462,59.585459312046105,59.585459312046105,114900
2024-09-05,61.80772018432617,62.3198042178374,61.334281290241485,62.107239365094706,172900
2024-09-06,61.382591247558594,63.76910278895026,61.01543846100209,63.76910278895026,117500
2024-09-09,63.914031982421875,63.9913296312614,61.827043378566515,62.116902190205224,127500
2024-09-10,64.04930114746094,64.2811867295853,62.91885064165617,63.91403394359591,105000
2024-09-11,64.4937515258789,64.92853791340454,63.10242329138133,64.05896513835329,102800
2024-09-12,66.89958190917969,66.98654360714784,64.4357801632283,64.49374971420072,86600
2024-09-13,69.1798095703125,69.3440615424573,67.06383991551283,67.37302313370101,141900
2024-09-16,69.51798248291016,69.87547859891447,68.71604329153764,69.3633945486312,35800
2024-09-17,70.97694396972656,71.51801279405076,68.94792850700095,69.51798210812683,63500
2024-09-18,70.0010757446289,71.4020679398628,69.99141906747883,71.13153354947536,42000
2024-09-19,70.29093933105469,71.19916825998844,69.150824831237,71.19916825998844,71700
2024-09-20,69.9334487915039,70.61944888130964,69.09286076600743,69.87547923705863,90300
2024-09-23,69.95277404785156,70.31992683026759,69.11217868500603,69.93344594948196,36200
2024-09-24,70.71607208251953,72.11705698880392,70.10736229676738,70.31026310151486,77900
2024-09-25,68.13631439208984,70.95761959023707,68.08800889040992,70.95761959023707,171600
2024-09-26,66.88026428222656,69.6242646042299,66.49378339097697,68.86096687117717,192300
2024-09-27,66.16527557373047,67.63389402918578,65.70149705692333,67.20876433640501,168800
2024-09-30,65.52758026123047,66.63870998147019,65.11211462223682,66.0396642733951,163800
2024-10-01,64.87056732177734,66.07831545834829,63.904368812520595,65.0541473974192,123500
2024-10-02,65.75946807861328,67.4213306913856,64.92853677222712,64.92853677222712,113300
2024-10-03,64.28118896484375,64.97685310691703,63.48890644115141,64.9382042799674,81300
2024-10-04,65.53724670410156,67.14113239755667,64.19423136488874,64.80293377246049,44900
2024-10-07,66.1169662475586,66.50344713704511,64.7353020434134,65.29569896459337,50000
2024-10-08,65.22806549072266,66.20392070850541,64.28118767818461,65.7304854879913,76800
2024-10-09,64.82225036621094,65.74980736362274,64.25219681996721,65.08312807532961,94600
2024-10-10,66.6966781616211,67.06383829224522,64.13625078186053,64.25219725019066,49600
2024-10-11,66.14595031738281,66.69668318327497,65.48893502372991,66.31986634721768,37600
2024-10-14,66.35851287841797,66.88026094988206,65.43096320854053,65.99136010435487,45100
2024-10-15,65.99136352539062,66.8706003675331,65.66285218713803,66.10730263294222,73200
2024-10-16,66.51309967041016,67.35369499980139,65.76913008600204,66.55174849410153,70900
2024-10-17,66.70634460449219,67.3536958233418,66.29087895911672,66.50344380626363,43200
2024-10-18,67.34403228759766,67.89476513598885,67.0541771614236,67.13147481034049,40400
2024-10-21,65.6435317993164,67.24741755799347,65.38265406295591,67.24741755799347,45200
2024-10-22,65.68217468261719,66.34884660869368,65.17974735439019,65.97202979827806,44600
2024-10-23,63.102420806884766,65.45994747329303,62.50338246290259,65.37299314781541,57900
2024-10-24,63.01546859741211,63.604850283805106,62.145888455888866,63.421270206286394,71100
2024-10-25,63.77876663208008,65.81744610740306,63.27633927156394,63.27633927156394,61000
2024-10-28,66.9478988647461,66.9962043696653,63.97200554155126,64.56138725073951,76500
2024-10-29,67.0541763305664,67.80780996939414,65.52758095516641,66.67735951115253,65100
2024-10-30,65.0058364868164,66.97688238981564,64.98651575951193,66.30054636151142,55200
2024-10-31,64.78361511230469,65.90440158650051,64.24253891680442,64.86090539322484,106800
2024-11-01,62.19419860839844,65.03481711770287,62.020282587705566,64.88022919459219,38800
2024-11-04,62.4647331237793,63.85605392051482,61.78839345152187,62.667633919730115,48100
2024-11-05,62.36811828613281,62.64830937391965,61.044423641492074,62.51304216895021,67100
2024-11-06,63.933353424072266,64.08794872348072,59.962280657265225,62.88020059001323,82900
2024-11-07,65.6435317993164,65.96237171824268,64.19423397534453,64.19423397534453,65600
2024-11-08,64.12659454345703,65.28602974865258,63.76909845895893,65.20873210257041,61900
2024-11-11,62.79323959350586,64.29085024435884,62.15555240508805,64.29085024435884,54100
2024-11-12,63.054115295410156,63.334313741086945,61.98163438563362,62.41642075597137,37000
2024-11-13,63.624168395996094,64.44543562920755,62.86087071266728,62.86087071266728,50400
2024-11-14,63.624168395996094,64.24253483310892,63.14106915628237,63.662817219754324,57900
2024-11-15,60.957462310791016,62.60000046556303,60.426053883417495,60.99611113461029,76500
2024-11-18,62.60000228881836,62.74493353948447,61.14104047606287,61.25698695089768,67100
2024-11-19,64.68000030517578,65.19999694824219,62.369998931884766,62.40999984741211,91400
2024-11-20,65.12000274658203,65.80000305175781,63.95000076293945,64.61000061035156,67100
2024-11-21,65.70999908447266,65.97000122070312,64.48999786376953,65.19999694824219,68400
2024-11-22,65.31999969482422,65.80000305175781,64.76000213623047,65.80000305175781,78600
2024-11-25,66.11000061035156,66.80999755859375,65.5,65.5,64000
2024-11-26,63.63999938964844,65.80000305175781,62.68000030517578,65.80000305175781,153100
2024-11-27,64.87000274658203,64.93000030517578,63.220001220703125,63.220001220703125,68400
2024-11-29,65.2300033569336,65.2300033569336,63.81999969482422,64.98999786376953,41300
2024-12-02,62.93000030517578,64.0,62.650001525878906,64.0,97800
2024-12-03,65.08000183105469,65.4800033569336,62.84000015258789,63.38999938964844,52500
2024-12-04,66.81999969482422,67.18000030517578,64.27999877929688,65.52999877929688,76400
2024-12-05,70.20999908447266,70.45999908447266,66.83999633789062,66.94000244140625,88700
2024-12-06,72.5199966430664,73.30000305175781,70.22000122070312,70.22000122070312,198100
2024-12-09,72.83999633789062,73.9000015258789,71.2699966430664,72.5,105700
2024-12-10,73.29000091552734,73.69999694824219,72.11000061035156,73.1500015258789,57000
2024-12-11,72.91000366210938,73.7300033569336,71.98999786376953,73.7300033569336,94700
2024-12-12,70.55000305175781,72.5199966430664,70.4000015258789,72.4000015258789,83800
2024-12-13,72.66999816894531,73.02999877929688,70.69999694824219,70.69999694824219,100000
2024-12-16,74.04000091552734,74.29000091552734,72.19999694824219,72.44000244140625,104600
2024-12-17,73.80000305175781,74.52999877929688,73.36000061035156,73.55000305175781,89500
2024-12-18,71.94999694824219,74.62999725341797,71.38999938964844,73.36000061035156,216200
2024-12-19,71.83999633789062,73.0199966430664,71.41000366210938,72.51000213623047,69700
2024-12-20,72.0999984741211,73.11000061035156,71.3499984741211,71.3499984741211,173400
2024-12-23,71.94000244140625,72.16999816894531,69.86000061035156,71.56999969482422,56300
2024-12-24,71.80000305175781,72.41999816894531,71.12999725341797,72.41999816894531,16700
2024-12-26,71.7699966430664,72.1500015258789,71.04000091552734,72.02999877929688,34700
2024-12-27,69.58000183105469,71.8499984741211,69.44000244140625,71.5199966430664,41900
2024-12-30,69.01000213623047,69.23999786376953,67.61000061035156,69.0999984741211,67200
2024-12-31,68.63999938964844,69.3499984741211,68.36000061035156,69.3499984741211,33200
2025-01-02,70.36000061035156,70.7699966430664,68.5199966430664,68.58000183105469,32100
2025-01-03,69.06999969482422,70.5,68.4800033569336,70.02999877929688,41600
2025-01-06,71.62999725341797,73.19999694824219,69.19999694824219,69.19999694824219,71900
2025-01-07,73.7699966430664,74.6500015258789,71.83999633789062,71.83999633789062,97400
2025-01-08,72.2300033569336,73.97000122070312,71.58000183105469,73.81999969482422,56300
