Date,Close,High,Low,Open,Volume
2009-06-04,21.4173583984375,21.696958383099034,21.372623510144525,21.696958383099034,108575
2009-06-05,21.808795928955078,21.93182058860727,21.316699423524625,21.316699423524625,100500
2009-06-08,21.618667602539062,21.83116415744381,21.585114841287275,21.77524288869083,35000
2009-06-09,21.048282623291016,21.506826342938876,19.86277950419008,21.450907209587946,210450
2009-06-10,20.791048049926758,21.439719711236442,20.600920038861272,21.13775131721869,103350
2009-06-11,21.02591896057129,21.1713121538641,20.444352586936127,20.846975132809902,88825
2009-06-12,20.8022403717041,20.880528030188778,20.29895951976161,20.43316845800584,40350
2009-06-15,21.193674087524414,21.350249354923037,20.690393394917376,21.193674087524418,72850
2009-06-16,21.585121154785156,21.70814584884729,21.327889642817883,21.518017745832587,44675
2009-06-17,21.585121154785156,21.66341095393855,21.0594738738287,21.137761539803183,26300
2009-06-18,21.696962356567383,21.786434282717348,21.41736232070136,21.41736232070136,27025
2009-06-19,21.998929977416992,22.300898515351673,21.652226544887668,21.909458055048812,38900
2009-06-22,22.312076568603516,22.334442943092597,21.853532827313607,21.853532827313607,102425
2009-06-23,22.23379135131836,22.47984071976109,22.14431943547884,22.345631779412443,96925
2009-06-24,22.390357971191406,22.40154222190761,22.177861473938936,22.300886098639477,29150
2009-06-25,22.412731170654297,22.42391329053673,22.334441399230208,22.36799415841196,56925
2009-06-26,22.647598266601562,22.703517409050146,22.323261267499838,22.42391743045013,25775
2009-06-29,22.81536293029785,22.916019115762175,22.31208413615526,22.692340362758475,51500
2009-06-30,22.96074867248535,22.96074867248535,22.4350994010099,22.815355503838738,65300
2009-07-01,22.848907470703125,22.927195112706283,22.591676037498956,22.927195112706283,13725
2009-07-02,22.367996215820312,22.714699559875587,22.323259199463063,22.435099607177836,31700
2009-07-06,22.043655395507812,22.367992307897758,21.808792500200312,22.26733617185798,27150
2009-07-07,22.40154266357422,22.871270537027375,21.831158664868404,22.043653033132685,47800
2009-07-08,22.088394165039062,22.367994091178794,22.05484140595816,22.08839416503906,25450
2009-07-09,21.84233856201172,22.211410236645833,21.80878581588959,22.166673241816326,15875
2009-07-10,21.83116912841797,21.83116912841797,21.529200607928278,21.78643210322893,24750
2009-07-13,21.518009185791016,21.831161858293136,21.428537298387276,21.831161858293136,18050
2009-07-14,21.529193878173828,21.68576915103446,21.32788159410838,21.562746636577437,11250
2009-07-15,21.585121154785156,21.842354799931336,21.38381092792745,21.518017745832587,21575
2009-07-16,21.495649337768555,21.529202108999716,21.260786338687165,21.31670549089352,10425
2009-07-17,21.920639038085938,22.177870509828875,21.596302034705094,21.596302034705094,14600
2009-07-20,22.021297454833984,22.177872778314086,21.808800849268994,21.808800849268994,21875
2009-07-21,22.15550422668457,22.289713170274503,21.99892890347864,22.021297416273427,25500
2009-07-22,21.696962356567383,22.088402833415607,21.305521879719155,22.032483679513998,73275
2009-07-23,21.76405906677246,21.864715219346706,20.98118048730183,21.618668031486507,54050
2009-07-24,22.479835510253906,22.60285803278713,21.6074829330947,21.652219947236414,54325
2009-07-27,22.066024780273438,22.5804897331362,21.976552892798793,22.367993200442143,51250
2009-07-28,22.0324764251709,22.479835908624572,21.618667569739824,21.69695521269693,17475
2009-07-29,21.64103126525879,22.099574900487536,21.43971900917245,22.099574900487536,16325
2009-07-30,21.920639038085938,22.177870509828875,21.540382891518743,21.864717761721014,22575
2009-07-31,21.954187393188477,22.02129291786483,21.68577169401813,21.81998061019248,13550
2009-08-03,21.920639038085938,22.088398600823567,21.741695220075325,22.054845835004613,61450
2009-08-04,22.11077117919922,22.189058847334515,21.887090298944965,21.99893073907209,35800
2009-08-05,22.446279525756836,22.446279525756836,22.077207744809336,22.177863878993012,16425
2009-08-06,22.435094833374023,22.479831840212004,22.26733532408739,22.435094833374023,26625
2009-08-07,22.479835510253906,22.513386137681945,22.31207597357897,22.513386137681945,18625
2009-08-10,22.78180694580078,22.871278852647237,22.367998043399343,22.42391718523643,21225
2009-08-11,22.938386917114258,23.206802692272316,22.535762187787686,22.71470603789306,35200
2009-08-12,22.79298210144043,22.893638232526627,22.535750714521427,22.64759109719252,19625
2009-08-13,22.98311996459961,23.039041246496836,22.658785062310844,22.69233783144918,20300
2009-08-14,22.938386917114258,23.039043099445898,22.681155399235152,22.98312181305112,13075
2009-08-17,22.658784866333008,23.072591682899493,22.36800060251881,22.971937642712625,13100
2009-08-18,22.569305419921875,22.781801952045058,22.367993140350233,22.69233006481078,37825
2009-08-19,22.479835510253906,22.591675912429945,22.334442347471583,22.468651256718477,15575
2009-08-20,22.927196502685547,23.20679646003537,22.479836997561506,22.916012248410148,41000
2009-08-21,24.593610763549805,24.60479501726632,23.184426792943157,23.37455483976735,65725
2009-08-24,24.045589447021484,25.11925195189339,23.93374906946955,24.92912608318621,24125
2009-08-25,24.157438278198242,24.548878670021303,23.54231705299671,23.564685562970265,15075
2009-08-26,24.07915496826172,24.45941117366326,23.77718642870539,24.45941117366326,13425
2009-08-27,23.833105087280273,24.22454554158379,23.821920830508304,24.157442134130832,16700
2009-08-28,24.1462459564209,24.392293084394844,23.765989946620746,23.911380946519483,22400
2009-08-31,23.85547637939453,24.179813464022303,23.620613359364032,24.157444947872985,16475
2009-09-01,23.877830505371094,23.88901475670547,23.65414974503921,23.82190924869921,18050
2009-09-02,23.777183532714844,23.900208211589803,23.710080132046066,23.900208211589803,23850
2009-09-03,23.989681243896484,24.045600391535533,23.743631874655676,23.821919534621845,20100
2009-09-04,24.45940589904785,24.58242843319842,23.967309362910257,24.358749740902017,28325
2009-09-08,25.141624450683594,25.26464909886514,24.59360886005924,24.627161618611876,42900
2009-09-09,25.15280532836914,25.443589463938345,25.02978069669583,25.33174908361514,32775
2009-09-10,25.54424476623535,25.54424476623535,25.007413517870564,25.085701141609874,30450
2009-09-11,25.499513626098633,25.823850579805654,23.83309824285804,25.01860352208551,27575
2009-09-14,25.443586349487305,25.94686693274819,25.376482982778377,25.5330582161584,18025
2009-09-15,24.98505210876465,25.555436272017147,24.52650835396568,25.555436272017147,30400
2009-09-16,24.761375427246094,25.108080964673057,24.392303510935715,24.895584366440197,36800
2009-09-17,25.34294319152832,25.342943191528324,24.470590445538885,24.716639804580822,27600
2009-09-18,26.148195266723633,26.181748040064146,24.772563557448517,25.32057938960253,52325
2009-09-21,25.499513626098633,26.707385279267974,25.398857477236334,26.271210056316843,21975
2009-09-22,25.7343807220459,25.857405387768907,25.242284192332285,25.4883335237783,17800
2009-09-23,26.349504470825195,26.68502576433326,25.72320104272712,25.7791201917224,21500
2009-09-24,26.472524642944336,26.617915685439623,25.92450897018758,26.550812291455525,23750
2009-09-25,25.577800750732422,26.550807244677287,25.27583233543449,26.550807244677287,16975
2009-09-28,26.260032653808594,26.841601191589277,25.644913479772864,25.667281992728768,18975
2009-09-29,26.68503189086914,26.81923873254147,26.19293516065225,26.528454398012368,58250
2009-09-30,26.852783203125,27.233039358870037,26.37187088067224,26.606735980716472,238400
2009-10-01,26.360689163208008,27.602113916678586,26.01398574071021,26.49489810946652,33950
2009-10-02,26.450153350830078,26.841593685377475,26.114634283034142,26.114634283034142,19975
2009-10-05,26.56199073791504,26.908694019730625,26.327127843736793,26.707381748619007,22400
2009-10-06,27.400785446166992,27.60209768054928,26.56198589169249,26.56198589169249,30400
2009-10-07,26.56199073791504,28.12774976530391,26.28239083541067,28.12774976530391,84175
2009-10-08,25.13043975830078,26.886329027972078,25.063336375547266,26.886329027972078,43275
2009-10-09,24.75018882751465,25.096894332110598,24.369934824359785,24.828478612318538,46175
2009-10-12,26.002805709838867,26.204118095352744,24.71664585405257,25.13045275033848,18425
2009-10-13,26.57318878173828,26.729764125787895,25.756757154652334,26.56200452385201,26450
2009-10-14,26.65146255493164,26.796853565273064,26.30475927398059,26.729750186129174,20025
2009-10-15,26.65146255493164,26.785671446397384,26.483703040482936,26.528437915519543,31975
2009-10-16,26.349504470825195,26.673841507898445,26.2824010653951,26.56200107672909,11650
2009-10-19,26.584367752075195,26.830414977097842,26.338318393873895,26.360686905197404,15975
2009-10-20,26.65146255493164,26.886327581702197,26.338309896963555,26.752118690236458,18275
2009-10-21,26.51438331604004,26.925636851299995,26.285910824481352,26.811399516072683,33925
2009-10-22,26.65146255493164,26.868513225116523,25.931771209122918,26.40014221711972,23050
2009-10-23,26.914213180541992,26.9599089866678,26.274487147052454,26.628620928943597,13100
2009-10-26,27.119844436645508,27.211233885119352,26.651473240855005,26.959913446540355,12525
2009-10-27,27.256921768188477,27.38258086146831,26.86851618046021,27.108412595818187,8550
2009-10-28,26.400144577026367,27.782409826895684,26.33160087785427,27.55393736634229,23575
2009-10-29,26.30875015258789,26.662883815364683,26.274478309521015,26.594342308126162,7600
2009-10-30,26.594358444213867,26.640052083799016,26.274494251531593,26.331611845737168,14175
2009-11-02,27.268341064453125,27.371152239991616,26.377292718991885,26.77712218857944,14525
2009-11-03,27.451133728027344,27.531099226513938,26.959914604299524,27.485403410866503,14125
2009-11-04,27.565366744995117,27.89665484573791,27.268352682193207,27.53109706484672,14400
2009-11-05,28.033737182617188,28.159396294897892,27.63390758433344,27.74814492368537,19525
2009-11-06,27.096994400024414,28.353600851944865,26.845673981198786,27.82811210924687,18150
2009-11-09,27.439695358276367,27.55393265848232,27.22264470577458,27.291186214340044,5675
2009-11-10,27.039884567260742,27.485407948900164,26.3658864274542,27.41686639300874,17200
2009-11-11,27.119844436645508,27.302623333593196,26.354456988590925,27.16554025033059,19025
2009-11-12,26.537220001220703,27.234065490534903,26.44583060744958,27.1997936507851,15675
2009-11-13,26.662904739379883,26.72002234375313,26.274498928730374,26.548667351736448,8375
2009-11-16,26.845664978027344,27.10840926126037,26.491531284152597,26.845664978027344,45625
2009-11-17,26.2630615234375,27.451126260316684,26.125978471579643,26.959907270218398,32475
2009-11-18,26.971336364746094,26.98276031772889,26.33160807108694,26.38872783600092,23350
2009-11-19,27.67959976196289,27.873802575013595,26.605774493466907,26.822823030073767,24950
2009-11-20,28.26220703125,28.467833787015174,27.428278236331973,27.770988043343383,30950
2009-11-23,28.285058975219727,28.63919278359663,28.125127999610054,28.570651248177647,34300
2009-11-24,28.26220703125,28.50210563927464,28.159393653367417,28.456409836262015,23100
2009-11-25,27.965194702148438,28.719158124591452,27.930925024062194,28.50210956705818,29350
2009-11-27,27.668180465698242,27.965196710858045,27.462555845722633,27.462555845722633,15400
2009-11-30,28.52495574951172,28.650617048229478,27.42828245527143,27.98804305490193,255350
2009-12-01,28.707731246948242,29.13040872440876,28.387869329957912,28.92478196126018,90825
2009-12-02,28.559228897094727,28.821973280012894,28.456415498753483,28.650618342409576,32100
2009-12-03,27.416852951049805,28.69630704747957,27.336887478565888,28.582069724404388,46825
2009-12-04,27.942346572875977,28.93620862841402,27.80526350384072,28.18224521203182,27475
2009-12-07,27.896652221679688,28.079431094932453,27.725297300367224,28.079431094932453,10950
2009-12-08,27.47397232055664,28.147970174009593,27.451126597563547,27.82810826314775,12325
2009-12-09,27.359739303588867,27.862380110988052,27.165536480172268,27.622483659124264,14275
2009-12-10,27.074148178100586,27.78241579041058,26.95991083385494,27.61106086349017,14075
2009-12-11,27.234073638916016,27.64532712337981,27.06271874668799,27.39400458114275,27075
2009-12-14,26.560077667236328,27.485395892004057,26.50296009219845,27.485395892004057,59550
2009-12-15,26.617198944091797,26.91421516916745,26.52580950398361,26.560081361110225,26150
2009-12-16,26.68573760986328,26.879940405715377,26.28590806794476,26.697161560077603,46675
2009-12-17,26.75547218322754,27.022793913552864,26.662490615425018,26.860076724112307,38000
2009-12-18,27.76665687561035,27.848015500861035,26.708990313638886,26.86008680355268,61625
2009-12-21,27.545825958251953,28.498887905607187,27.406352450827583,27.89450640152858,27775
2009-12-22,27.255252838134766,28.05721814376667,27.197137964414928,27.778273400478735,31075
2009-12-23,26.95305633544922,27.452833057430833,26.73222429662717,27.290113662946293,31125
2009-12-24,27.10415267944336,27.32498473568976,26.801962027962883,27.127398625754658,48075
2009-12-28,27.069290161132812,27.27849705970677,26.894947753704148,27.27849705970677,15975
2009-12-29,26.75547218322754,27.03441688663511,26.73222623706305,26.999547967388374,58450
2009-12-30,26.964693069458008,26.97631383077209,26.743860917931492,26.743860917931492,32775
2009-12-31,26.70897674560547,27.139017825144048,26.66248707630287,27.022790326604827,21450
2010-01-04,26.697357177734375,26.929812204448705,26.62762155646225,26.929812204448705,17625
2010-01-05,26.37193489074707,26.732238352165144,26.267330302455303,26.732238352165144,33000
2010-01-06,26.534645080566406,26.72060825087797,26.453286470662082,26.499776154812043,14075
2010-01-07,26.592756271362305,26.720606775211806,26.20920697666953,26.592756271362305,21300
2010-01-08,26.70897674560547,26.732222688684345,26.395163164606114,26.464900993842736,17400
2010-01-11,26.68573760986328,26.88332374272619,26.476530719351707,26.88332374272619,38825
2010-01-12,26.058107376098633,26.662488630242947,25.802408637893855,26.557884097146612,85325
2010-01-13,26.6508731842041,26.75547774684065,26.17434227301799,26.418418107932673,161750
2010-01-14,25.60482406616211,26.7322258359585,25.60482406616211,26.685733944327104,270275
2010-01-15,26.104598999023438,26.151090891365367,25.151537374568328,25.22127521308122,1739350
2010-01-19,25.941877365112305,26.697352751395233,25.83727284211951,26.232444991902284,318175
2010-01-20,27.069290161132812,27.324988959515956,26.12784914169891,26.139472116651206,447450
2010-01-21,27.17389488220215,27.487708582834287,27.02280062829926,27.41797294386803,228900
2010-01-22,26.441661834716797,27.232006367330523,26.4416618347168,27.17389149472321,134175
2010-01-25,27.011180877685547,27.487711865092656,26.441668288268662,26.616008514929952,93800
2010-01-26,27.429597854614258,27.53420242887003,26.906574983335382,27.08091520147629,99225
2010-01-27,27.022809982299805,27.60394568084389,26.941451339200718,27.40635945466463,60475
2010-01-28,27.452836990356445,27.452836990356445,26.97630392772798,26.99954987553534,90550
2010-01-29,26.9763126373291,27.603940129630683,26.883331032935125,27.476089592267847,191000
2010-02-01,26.894947052001953,27.266873373348535,26.75547578992485,27.02279755628574,72100
2010-02-02,27.057666778564453,27.35985747220437,26.75547608492453,27.12740241037189,60775
2010-02-03,26.860082626342773,27.208763028007354,26.73223211119966,27.208763028007354,60150
2010-02-04,26.76709747314453,27.115777828370273,26.650869949117407,26.82521012673028,79525
2010-02-05,26.918197631835938,27.046048158112896,26.74385741582125,26.964689538429784,41025
2010-02-08,26.75547218322754,27.66204191508828,26.743849210145292,26.987924994306127,78225
2010-02-09,26.918197631835938,27.476087209825376,26.778726345766636,26.883328701890548,78150
2010-02-10,26.778715133666992,27.046036834087136,26.708977302975065,26.987921975177194,53575
2010-02-11,26.8717098236084,26.96469142645038,26.732236310917283,26.96469142645038,41125
2010-02-12,26.906564712524414,26.91818768487789,26.15108924439085,26.91818768487789,87950
2010-02-16,26.906564712524414,27.080904864115958,26.674111916020788,26.964679574291797,68425
2010-02-17,27.208763122558594,27.313367686792656,26.918195381209735,26.987931018413796,56150
2010-02-18,27.127405166625977,27.34823727611869,26.9181960330914,27.34823727611869,55725
2010-02-19,26.88332748413086,27.406350325339176,26.743856204379323,27.243633093343707,57775
2010-02-22,27.313358306884766,27.313358306884766,26.91818613701121,27.080903306892612,71275
2010-02-23,27.080913543701172,27.348237559799383,27.011177904084953,27.313368631563268,59275
2010-02-24,27.313358306884766,27.336604250255018,26.848450523755634,27.22037675025894,54050
2010-02-25,27.429597854614258,27.638807003125805,27.08091520147629,27.19714275252228,67275
2010-02-26,27.37148094177246,27.696917617207244,27.3133682789851,27.534200387917846,59150
2010-03-01,27.917741775512695,27.940987720749877,27.23200190900333,27.452833955045843,60750
2010-03-02,27.85963249206543,27.906124391851055,27.208761413057278,27.871255467011835,62900
2010-03-03,27.65042495727539,27.95261343150446,27.54582040202081,27.95261343150446,38950
2010-03-04,27.708538055419922,27.813142612341643,27.54582084103315,27.75502773802081,30675
2010-03-05,27.88287353515625,28.03396996601392,27.66204148374795,27.836383860407633,44400
2010-03-08,27.85963249206543,27.95261407478088,27.73178420136656,27.894501416904646,28325
2010-03-09,27.88287353515625,28.115328559465556,27.673664456648954,27.673664456648954,42775
2010-03-10,27.987478256225586,28.196687336091973,27.778269176359203,27.98747825622559,45700
2010-03-11,28.173437118530273,28.243172728960733,27.766641993451604,27.952605099169553,34500
2010-03-12,28.185070037841797,28.312920549469183,28.10371142748105,28.185070037841797,75975
2010-03-15,28.185070037841797,28.266428648202545,27.98748389117032,28.243182697569225,47100
2010-03-16,27.89449691772461,28.196687567022614,27.848005025437793,28.138572701664092,36075
2010-03-17,28.15020179748535,28.312921239025723,27.766652470117776,27.894502984858942,134375
2010-03-18,28.010726928710938,28.20831305483362,27.76664890615674,28.02234990281882,56225
2010-03-19,27.90612030029297,28.02234781586011,27.75502386499905,27.906120300292972,59525
2010-03-22,27.848003387451172,27.894495277003394,27.673663235340964,27.824759659530372,70000
2010-03-23,28.08046531677246,28.115334242523666,27.77827461082958,27.88287917122734,58900
2010-03-24,28.1269474029541,28.150191128488217,27.801510860070596,28.08045551817571,51850
2010-03-25,29.010284423828125,29.544930261066167,27.894505276845244,28.126960374228062,59750
2010-03-26,29.28923797607422,29.335727675831535,28.824327677361453,29.056782826717836,38775
2010-03-29,29.30085563659668,29.44032915481723,28.88243951564776,29.44032915481723,26275
2010-03-30,29.579795837402344,29.881984326143716,29.19624652200122,29.277605131805117,66050
2010-03-31,30.230669021606445,30.230669021606445,29.440324385717755,29.579797881344703,83625
2010-04-01,29.916851043701172,30.195795778235354,29.730887887345048,30.195795778235354,34625
2010-04-05,30.683950424194336,30.788554979500404,29.974966703276888,29.986587461105785,52825
2010-04-06,30.846675872802734,31.079128761292733,30.312030017249,30.567728859644852,43500
2010-04-07,30.83504295349121,31.69512301898055,30.590964949891887,30.9164015490725,46050
2010-04-08,30.312021255493164,30.90477960761726,30.219039683602453,30.776929114946707,68100
2010-04-09,30.590978622436523,30.61422457923673,30.32365676980347,30.32365676980347,44300
2010-04-12,31.03263282775879,31.07912250936237,30.672327265266286,30.683950239881117,18750
2010-04-13,30.776939392089844,30.928035882401627,30.614222141159875,30.928035882401627,31650
2010-04-14,31.03263282775879,31.218595987884584,30.869913400006915,30.951272005454985,39850
2010-04-15,30.590978622436523,31.125624544559074,30.50961999049224,30.939661323870308,50275
2010-04-16,30.17254638671875,30.75368173823665,29.788997143391153,30.60258752225839,70525
2010-04-19,30.335277557373047,30.718826949450545,30.06795572404613,30.219049998622474,60825
2010-04-20,30.83504295349121,30.846665926696463,30.277151323916524,30.39337883911356,49825
2010-04-21,31.035659790039062,31.389680083750154,30.98845843468601,31.307076023788444,60200
2010-04-22,31.519487380981445,31.720098217491277,30.61084041635876,30.85865261103987,105450
2010-04-23,31.802696228027344,31.861698473031225,31.413275558944175,31.566682746429084,62500
2010-04-26,32.239315032958984,32.616934765284356,31.495876466292305,31.779091265536334,49350
2010-04-27,31.802696228027344,32.262920041273446,31.649286789751066,31.873499372190278,42350
2010-04-28,31.507692337036133,32.29833487136003,31.224475152413415,31.802708174458598,46850
2010-04-29,32.87655258178711,32.900152128803455,31.377872182869694,31.507679820020574,51450
2010-04-30,31.991506576538086,33.08896545552657,31.861698934699028,32.78214882531968,40325
2010-05-03,32.109519958496094,32.51074164363913,31.849906853729667,32.12132086109348,50125
2010-05-04,32.00332260131836,32.19213257825183,30.445636915428498,31.873514898129418,70700
2010-05-05,31.73189926147461,32.097720480197886,31.153668553843843,31.920709196587023,42125
2010-05-06,31.5430965423584,31.849913319803388,30.38663486253746,31.566698352344737,71250
2010-05-07,31.02385139465332,32.097708338438984,30.410218212264052,31.59028098572444,61800
2010-05-10,31.554880142211914,31.908900345479932,30.83504108794573,31.779092712535867,56125
2010-05-11,32.782142639160156,32.852945770988086,31.484073218096164,31.484073218096164,43150
2010-05-12,32.805747985839844,32.98275922290904,32.29832282538779,32.65234079794343,32800
2010-05-13,32.60513687133789,32.900152595746924,32.41632698777942,32.69954181311713,30200
2010-05-14,32.55794906616211,33.04177487534485,32.310134584185036,32.392740912038924,53375
2010-05-17,32.90016174316406,33.51379516073673,32.21572516226901,32.546143675760135,39300
2010-05-18,31.979711532592773,33.218776928827936,31.86170476847709,33.018166105068815,36250
2010-05-19,31.189069747924805,32.050515316440496,30.941255313364813,31.97971215690558,46250
2010-05-20,30.799650192260742,31.318878634226742,30.77604838790048,30.88225425672971,63125
2010-05-21,31.578475952148438,31.63747818277765,30.575422275916075,30.575422275916075,52050
2010-05-24,30.917652130126953,31.838099848370412,30.882249429120822,31.48408184147548,39675
2010-05-25,31.259872436523438,31.53128641964492,30.50463274408389,30.5400331979221,62750
2010-05-26,31.059263229370117,31.519487159568964,30.70524516780053,31.519487159568964,52100
2010-05-27,31.873506546020508,32.01511286621797,31.2716740582016,31.33067631648523,37725
2010-05-28,31.41327476501465,32.06230844681933,31.18906218824212,31.814494072325203,43250
2010-06-01,30.115211486816406,31.389679571641967,30.103410585472716,31.389679571641967,45250
2010-06-02,29.784791946411133,30.091608618102477,29.005950491652992,30.091608618102477,101475
2010-06-03,29.64318084716797,30.19780959630607,29.289160628976365,30.138807352003138,35975
2010-06-04,28.368703842163086,29.57236589266951,28.286097575736704,29.407157861397977,72400
2010-06-07,28.592931747436523,29.100359300451373,28.262515480946483,28.486725875838435,32850
2010-06-08,28.66373062133789,29.041350411606746,28.262509031479357,28.72273286952059,41050
2010-06-09,29.182958602905273,29.64318472162827,28.628329781275394,28.793537887549903,67075
2010-06-10,29.619583129882812,29.654983581025228,29.182958809195917,29.359967817282953,27150
2010-06-11,29.961803436279297,30.127013812107844,29.43077635546496,29.43077635546496,31875
2010-06-14,30.36301612854004,30.55182600160526,29.914593242707948,30.06800042052673,30300
2010-06-15,30.917652130126953,30.953052580341488,30.43382647033447,30.610835473781936,38975
2010-06-16,30.82324981689453,31.259871912723035,30.72884485692147,30.858650270139563,40225
2010-06-17,30.799650192260742,31.200871863217387,30.740645681360093,30.858652452369448,52425
2010-06-18,30.445629119873047,30.941255745117115,30.339423253692754,30.941255745117115,73550
2010-06-21,30.622642517089844,30.96485969229895,30.481033935449908,30.740647042532405,43650
2010-06-22,29.79660415649414,30.858660884190865,29.7494005348757,30.68165180470684,42150
2010-06-23,29.784791946411133,30.221416277492736,29.41897302088333,29.690386989797773,27175
2010-06-24,29.336366653442383,29.902796348486962,29.100353155111378,29.67858375015166,38500
2010-06-25,30.115211486816406,30.45742862261634,29.194761439134478,29.418974063081063,171700
2010-06-28,29.843780517578125,30.10339344696075,29.60776712665537,30.091592552335566,28675
2010-06-29,29.8201961517334,29.997205172953404,29.466175858501554,29.72579119036327,50900
2010-06-30,30.115211486816406,30.433829070720744,29.761191198880994,29.91460066555721,46100
2010-07-01,30.66983985900879,30.681640760165404,29.772991628232024,30.245016420537755,52200
2010-07-02,30.66983985900879,30.917654281714146,30.138812811711748,30.681640760165404,45675
2010-07-06,29.79660415649414,31.401491278840115,29.65499554243138,30.858660884190865,58500
2010-07-07,30.976648330688477,31.035650570049516,29.831988231229754,29.93819406271255,52275
2010-07-08,31.5430965423584,31.838112414810215,31.13007387076735,31.13007387076735,32125
2010-07-09,31.77910804748535,31.8381103177725,31.413289019961898,31.44868948181725,30950
2010-07-12,31.602088928222656,31.81449838413084,31.283471368172954,31.81449838413084,24000
2010-07-13,32.829341888427734,32.97095039386652,31.779086871757244,31.83808910272875,61050
2010-07-14,32.3143310546875,32.937143034890056,32.15862920186622,32.75748634795513,11950
2010-07-15,31.955020904541016,32.49399101971881,31.73943194468632,32.25444950779278,50525
2010-07-16,31.30825424194336,31.871181482011483,30.889056022053012,31.73943216464082,63375
2010-07-19,31.83525276184082,31.895137575771994,30.94894426579601,31.392097371588807,21125
2010-07-20,32.7335319519043,32.74550936912141,31.440000590419665,31.475932842071007,33700
2010-07-21,32.32632064819336,33.21262928411835,32.11073162888142,32.889245755150434,40975
2010-07-22,33.06888961791992,33.51204259027655,32.61375694503317,32.64968919324797,55700
2010-07-23,33.380306243896484,33.4880984540521,32.64969962138664,32.889241165951375,38175
2010-07-26,33.73960494995117,33.89530677161291,33.404244192849696,33.535993469649966,30775
2010-07-27,33.512054443359375,34.17079885354163,33.320420287350544,33.83543793829652,28200
2010-07-28,32.66167449951172,33.368326227234796,32.54190259432052,33.368326227234796,28400
2010-07-29,32.74552917480469,32.99704823511569,32.21853392079956,32.87727855942101,20675
2010-07-30,33.28448486328125,33.61984343917957,32.350266792295315,32.422129017922245,23450
2010-08-02,33.94322204589844,34.13485614324417,32.87725709385548,33.67972573316272,43650
2010-08-03,32.997047424316406,33.775564003963055,32.82936805489593,33.5000878170379,30575
2010-08-04,32.39816665649414,33.10481818366722,32.32630444755778,33.10481818366722,45500
2010-08-05,30.637540817260742,31.535826809499962,30.6135859758641,31.23639814542022,311525
2010-08-06,30.06263542175293,30.170429913148606,29.61948003663078,29.94286351081782,1781600
2010-08-09,30.350082397460938,30.40996720233308,30.00274413271767,30.122516026920827,283600
2010-08-10,30.17043113708496,30.397995264188243,30.122521456983666,30.182408557110282,155725
2010-08-11,30.134504318237305,30.30218365995023,29.94287013214833,29.9788023987124,161025
2010-08-12,30.230310440063477,30.54171645055716,29.954836683093284,29.954836683093284,173650
2010-08-13,30.134504318237305,30.38602561526639,30.038687225192817,30.26625367784586,68800
2010-08-16,30.194385528564453,30.24229521157876,30.00275136542605,30.11054586774883,85675
2010-08-17,30.433923721313477,30.505785948026396,30.062632884761218,30.11054027441683,133200
2010-08-18,30.4698486328125,30.54171084220462,30.182397510785588,30.505778595279335,84725
2010-08-19,30.110546112060547,30.50579186229788,29.954844209919543,30.493814441447118,91250
2010-08-20,30.00275230407715,30.110546809772334,29.763210734889686,29.966822325151753,90200
2010-08-23,29.894941329956055,30.17041729523462,29.799124298172536,30.134485051643964,70425
2010-08-24,30.278221130371094,30.38601561011028,29.52365977219677,29.715293895186672,106525
2010-08-25,30.493812561035156,30.517767401259494,29.954842362743378,30.206361331721016,88325
2010-08-26,30.493812561035156,30.805218630573638,30.362065508719905,30.529744821371665,123200
2010-08-27,30.901029586791992,30.96091667549167,30.17042538032668,30.57764844564911,104725
2010-08-30,30.386024475097656,31.04476667950319,30.35009220988187,30.793245391911885,87975
2010-08-31,30.74532699584961,31.092662964233988,30.182402082177585,30.374036192553543,253550
2010-09-01,31.236400604248047,31.236400604248047,30.697428052694583,31.032789005267805,81725
2010-09-02,31.32023811340332,31.39210035383949,30.936969785131193,31.26035329378309,106125
2010-09-03,31.583721160888672,31.859194849851033,31.392084807199303,31.42801705185199,126075
2010-09-07,31.14056968688965,31.751404212575203,31.08068488973675,31.571747536657938,80400
2010-09-08,30.853118896484375,31.140570038085517,30.649507385626244,31.140570038085517,88025
2010-09-09,30.781267166137695,31.164535485478407,30.51776848324642,31.116625803331125,66175
2010-09-10,31.020816802978516,31.08070392126043,30.57766354999224,30.865114864365495,67650
2010-09-13,31.48790740966797,31.595699585949433,31.140569195181612,31.224408823655274,97225
2010-09-14,31.12859344482422,31.655588360592002,31.092661194501872,31.463954261123476,57900
2010-09-15,31.21243667602539,31.320231154960563,30.877078105523896,30.97289516630417,59025
2010-09-16,31.54779052734375,31.72744719086543,31.056727914303888,31.140567538316777,67975
2010-09-17,31.919090270996094,31.978977365363626,31.164531157637654,31.67954874690314,85450
2010-09-20,32.278411865234375,32.32631926499849,31.82327900294815,31.955028350103554,88675
2010-09-21,32.32632064819336,32.5898170693193,32.026891962362235,32.218526138537385,103675
2010-09-22,31.84723663330078,32.26643726912052,31.73944211881971,32.17062017674398,66850
2010-09-23,30.865102767944336,31.859205697222922,30.841147930019776,31.619661886895447,76150
2010-09-24,31.27233123779297,31.308261216382455,30.936970302714467,31.140581891072937,55800
2010-09-27,31.73944664001465,32.17062475935903,31.27233853369824,31.27233853369824,74475
2010-09-28,31.799312591552734,31.96699414086963,31.05673103193024,31.84722225834575,96700
2010-09-29,31.73944664001465,31.81130889841871,31.332223368291622,31.655606957799908,45850
2010-09-30,31.978988647460938,32.08678317089304,31.428038607201305,31.859216700929725,83400
2010-10-01,31.907123565673828,32.09875776307741,31.440015495060084,32.09875776307741,44675
2010-10-04,31.84723663330078,32.02689339594933,31.45199084169009,31.919098881468265,60775
2010-10-05,32.19456481933594,32.23049707681321,31.799319124922476,32.1466574271587,66350
2010-10-06,32.74552917480469,32.82936886157503,32.062831971720385,32.25446619418405,65050
2010-10-07,32.589805603027344,32.925166435571384,32.3143318572548,32.86528163325867,52925
2010-10-08,32.62575149536133,32.757500856882004,32.37423247914156,32.517956978564364,31400
2010-10-11,32.517948150634766,32.805399355903226,32.44608592043243,32.72155970659065,25800
2010-10-12,32.673641204833984,32.74550341060155,32.338280437154786,32.55386933891582,29800
2010-10-13,33.1168098449707,33.272514029846356,32.54190735725926,32.73354151982974,46150
2010-10-14,33.05693054199219,33.35635925653114,32.805409233860374,33.11681537111606,26125
2010-10-15,33.14076232910156,33.356351317773345,32.98506043976042,33.11680748936931,52075
2010-10-18,33.65577697753906,33.65577697753906,33.1886667820054,33.1886667820054,40000
2010-10-19,33.080875396728516,33.64380038764823,32.92517123289472,33.48809622381443,66325
2010-10-20,33.57193374633789,33.59588629693045,33.21261807394374,33.21261807394374,67150
2010-10-21,33.428218841552734,33.87137430887887,33.11681272914024,33.667762707857605,45550
2010-10-22,33.35634994506836,33.64380115664825,33.0329664753688,33.6198463179018,51225
2010-10-25,33.14970016479492,33.599474768659384,33.08891824630438,33.40497726667587,52200
2010-10-26,32.955196380615234,33.33203492904803,32.8701040295426,33.113224701379735,28350
2010-10-27,33.1253776550293,33.210469997296784,32.84578786798114,32.918723830125785,43275
2010-10-28,32.28661346435547,33.356351977373485,32.15289788917295,33.161854487478024,71275
2010-10-29,32.44465255737305,32.79717847996847,32.18937308640971,32.28662185663537,38500
2010-11-01,32.74855422973633,32.8701157683642,32.32309000383554,32.60267991966418,44275
2010-11-02,33.283416748046875,33.283416748046875,32.7363933767593,33.11323200834761,44800
2010-11-03,32.63914489746094,33.429291319475354,32.2501498785365,33.429291319475354,44125
2010-11-04,33.00382614135742,33.076762125532724,32.5905183667088,32.809328637827846,58825
2010-11-05,32.56621170043945,33.125391508390194,32.152903877783075,33.113235123183436,61250
2010-11-08,32.42034149169922,32.51759026704383,32.165062007298566,32.396028718214644,43950
2010-11-09,31.751747131347656,32.51758072257695,31.50862410505006,32.50542433940277,54525
2010-11-10,32.14073944091797,32.396016510529705,31.751744486123233,31.800367696176163,38775
2010-11-11,32.04349899291992,32.335245284500274,32.03134260761323,32.04349899291992,28750
2010-11-12,32.201515197753906,33.2712535146205,32.03133050494935,32.21367157846745,87450
2010-11-15,31.921932220458984,32.61482983909072,31.86115030389907,32.20152208085547,32300
2010-11-16,31.156097412109375,31.994869341778983,30.88866392549569,31.800371839043006,88575
2010-11-17,31.387062072753906,31.520779966865167,31.02237985793243,31.15609543345072,36900
2010-11-18,31.22903823852539,31.666656495753287,31.143945864025333,31.56940773652561,54950
2010-11-19,31.338428497314453,31.496456786526466,31.168241510556662,31.28980298150017,47225
2010-11-22,31.168249130249023,31.678805578153554,31.156092748323584,31.35059254053782,39275
2010-11-23,30.961606979370117,31.277666073135574,30.90082736535869,31.09532491250764,37325
2010-11-24,31.605859756469727,31.69095208483934,31.168239417892227,31.168239417892227,54200
2010-11-26,31.690961837768555,31.836836101718042,31.520777128654792,31.520777128654792,7550
2010-11-29,31.63018798828125,31.946247018713546,31.53293923419387,31.557249683770824,33675
2010-11-30,31.18040657043457,31.67880665332932,31.131783359675328,31.520778320120705,63650
2010-12-01,31.605859756469727,31.715264841114102,31.119616223934756,31.52076742810011,51125
2010-12-02,31.946250915527344,31.982717753637605,31.545099466160156,31.67881507022024,59925
2010-12-03,32.554046630859375,32.60266984012192,31.958397826188293,31.958397826188293,53975
2010-12-06,32.68777084350586,32.80933237671303,32.11643465160357,32.51758608817185,63550
2010-12-07,32.699920654296875,33.08891562747684,32.541892315914865,32.82148216306384,57825
2010-12-08,32.57835388183594,32.882256445355274,32.40816918821473,32.82147686008843,54725
2010-12-09,32.14073944091797,32.82148061180875,32.09211391227222,32.82148061180875,65475
2010-12-10,32.15290451049805,32.26230966091843,31.934094209657275,32.12859173960608,40000
2010-12-13,32.16505432128906,32.83364152079028,32.09211833685747,32.32308499258284,58100
2010-12-14,31.666641235351562,32.59050516209392,31.581548901858167,32.335228161613735,57300
2010-12-15,31.27764892578125,32.18935654768885,31.25333616606821,31.72742570610298,68325
2010-12-16,31.472152709960938,31.5815578321294,31.24118840191005,31.484309092267747,27150
2010-12-17,31.751747131347656,31.800370345451366,31.387062591901262,31.666652449128385,68900
2010-12-20,31.459993362426758,31.763895935674512,31.22902907614516,31.739585491945093,48700
2010-12-21,31.56939125061035,31.909762889457724,31.411362968862136,31.58154762898977,58450
2010-12-22,31.4964542388916,31.763887598461825,31.39920553372134,31.763887598461825,68025
2010-12-23,31.5572509765625,31.800374031037467,31.496471372240403,31.5572509765625,29950
2010-12-27,32.09210968017578,32.10426606073411,31.459991802697477,31.49646094437248,57525
2010-12-28,32.39601135253906,32.408167732765,31.82467539347471,32.03132922013074,40425
2010-12-29,32.57835388183594,32.63913578569534,32.40816918821473,32.48110515425345,33200
2010-12-30,32.7242317199707,32.89441643224878,32.566203389797174,32.59051383541346,28675
2010-12-31,32.56621170043945,32.85795798962159,32.54189893002592,32.77286329317424,17950
2011-01-03,32.7242317199707,32.95519834277153,32.39601635892628,32.66345212804076,36600
2011-01-04,32.15290451049805,33.0159870098217,32.07996619782215,32.785020323534944,29250
2011-01-05,32.45680618286133,32.566211329883934,32.10427797165662,32.16505757840546,40350
2011-01-06,32.44465255737305,32.687773323640414,32.38387062686103,32.49327578318909,28175
2011-01-07,32.213687896728516,32.651308549728405,31.849005564957757,32.578370228499274,31975
2011-01-10,32.45680618286133,32.614834551564336,32.092121586588185,32.237995888816116,39225
2011-01-11,32.323089599609375,32.68777189233884,32.10427929653431,32.66346143979209,25500
2011-01-12,32.45680618286133,32.639147321701216,32.32308826570184,32.60267816649589,28275
2011-01-13,32.45680618286133,32.79717569040422,32.25015227388456,32.50542940454172,37200
2011-01-14,32.517578125,32.639139628438194,32.28661150032672,32.396016621561806,44600
2011-01-18,32.6634521484375,32.69991897618112,32.34739316930027,32.57835747365252,42325
2011-01-19,32.517578125,32.62698324623509,32.3717038571556,32.590514099625786,66600
2011-01-20,32.50541687011719,32.63913473571369,32.39601176528232,32.50541687011719,37975
2011-01-21,32.590518951416016,32.66345725549304,32.371708676371284,32.62698810345453,64100
2011-01-24,32.91148376464844,33.09665668431151,32.541137925322275,32.75100119550081,80575
2011-01-25,32.7386589050293,32.86210831388298,32.47941491097641,32.86210831388298,66250
2011-01-26,32.59051513671875,32.775688049932796,32.41768739833249,32.73865488005079,75950
2011-01-27,32.61520767211914,32.788035422087646,32.59051732080893,32.68927637144829,44325
2011-01-28,32.01032257080078,32.75101696059667,32.01032257080078,32.65225786559739,60075
2011-01-31,31.97328758239746,32.343635961027566,31.8128049332129,32.07204667911164,54125
2011-02-01,31.97328758239746,32.26956487253999,31.800459751798304,32.15846059441122,50850
2011-02-02,32.084373474121094,32.23251321160008,31.960924085322148,31.985614434002184,58125
2011-02-03,32.368316650390625,32.40535218626024,32.02266106734917,32.035006245972376,63375
2011-02-04,32.67692947387695,32.87444756474743,32.0967203762701,32.44237821259412,60175
2011-02-07,32.80038833618164,32.9361829458237,32.52880147149958,32.82507869331693,26650
2011-02-08,32.899131774902344,32.93616729300426,32.59050952118918,32.81271792059881,25775
2011-02-09,32.65224838256836,32.911490048675255,32.454730249934,32.911490048675255,38675
2011-02-10,32.52879333496094,32.837415658149176,32.38065358380594,32.62755238419712,24975
2011-02-11,32.7139778137207,32.7139778137207,32.355974662153905,32.516459645477745,26450
2011-02-14,32.56582260131836,32.713962334707595,32.294235837139475,32.713962334707595,25575
2011-02-15,32.44239044189453,32.68928697125066,32.30659582025719,32.52880434489929,42350
2011-02-16,32.5411491394043,32.65225340041033,32.23252671541026,32.578182323338154,24600
2011-02-17,32.60285949707031,32.652240195147826,32.46706493195844,32.47941010647782,24400
2011-02-18,32.81272506713867,32.825070242528064,32.45472439925213,32.763346720182554,29325
2011-02-22,32.726322174072266,32.99790905995504,32.50411365171261,32.51645883124395,40325
2011-02-23,32.24486541748047,32.84976496444255,32.10907082472919,32.82507461037836,50125
2011-02-24,32.51643753051758,32.701610392980974,32.0967111198135,32.220160479655995,48750
2011-02-25,32.83741760253906,33.02259053649629,32.31893197469786,32.51645008486579,38025
2011-02-28,33.541072845458984,33.602796365803336,32.96086374857742,33.01024209393262,77700
2011-03-01,32.7139778137207,33.343567857971,32.59052836991828,33.343567857971,56850
2011-03-02,32.24486541748047,32.93617884906545,32.22017506341628,32.76335107981965,57325
2011-03-03,33.07197570800781,33.10900888703996,32.430040585962125,32.467073764994275,41275
2011-03-04,32.65224838256836,33.084317826079854,32.43003989470424,33.0349394702222,39425
2011-03-07,32.43003463745117,32.788035311839536,32.34362076275748,32.66458591030506,23050
2011-03-08,33.1213493347168,33.19541803680495,32.36831007391557,32.393000426145484,33075
2011-03-09,32.83741760253906,33.05962606512838,32.71396819503371,33.04728088891768,29550
2011-03-10,32.31892013549805,32.66457552436921,32.29422979212133,32.59050684883978,43725
2011-03-11,32.232521057128906,32.5411434269456,32.09672646093697,32.3065897665964,32450
2011-03-14,32.26954650878906,32.33127238073548,32.09671877654163,32.232513340222475,24625
2011-03-15,32.05967330932617,32.19546783088722,31.788086620804616,31.96091429944556,39625
2011-03-16,31.565887451171875,32.109063340975645,31.541197102862338,31.9732687798744,87300
2011-03-17,31.528860092163086,31.923896319492027,31.430098680729202,31.788101733372088,50425
2011-03-18,31.911556243896484,31.948589424502032,31.4547940614112,31.590588669236936,72275
2011-03-21,32.26954650878906,32.29423685756763,32.02265008480719,32.03499525919647,29475
2011-03-22,32.29424285888672,32.39300191775236,32.084379564472016,32.29424285888672,31925
2011-03-23,32.02265167236328,32.23251493818275,31.6769938361308,32.15844388817491,71600
2011-03-24,31.923900604248047,32.035004852421686,31.78810599990205,32.035004852421686,39050
2011-03-25,32.380645751953125,32.43002644192832,31.886850625205636,32.05967833091703,42475
2011-03-28,32.43003463745117,32.60286238683856,32.220171361222995,32.38065393499678,44250
2011-03-29,32.60285949707031,32.639895020628444,32.23251367989411,32.553481153594085,31325
2011-03-30,32.83741760253906,32.83741760253906,32.4794145562337,32.602863963739054,31650
2011-03-31,33.15838623046875,33.1707314070928,32.67693376053735,32.67693376053735,41475
2011-04-01,33.0349235534668,33.25713193426736,32.936164534733294,33.08430188553318,32675
2011-04-04,33.3065071105957,33.331197451589894,32.948506584582006,32.99788491196987,36250
2011-04-05,33.454673767089844,33.565778036515425,33.22012004779113,33.3065339563216,32100
2011-04-06,33.65217971801758,33.77562912303718,33.35590255873148,33.47935196375108,28075
2011-04-07,33.14603805541992,33.63983330270447,33.14603805541992,33.59045260067528,33875
2011-04-08,32.98554992675781,33.38058844084339,32.97320475244877,33.28182704637106,32675
2011-04-11,32.997901916503906,33.39293815757963,32.98555673964508,33.05962780079807,21525
2011-04-12,32.825077056884766,33.331217579915325,32.825077056884766,32.96087165975704,28825
2011-04-13,32.59051513671875,32.97320613797462,32.59051513671875,32.911482618437056,32325
2011-04-14,33.0349235534668,33.17071808720064,32.578161620198884,32.578161620198884,33150
2011-04-15,33.23244857788086,33.306517268853355,32.886790762340496,32.91148111086507,29550
2011-04-18,33.05961990356445,33.22010245518998,32.83741148238975,33.09665307069279,32125
2011-04-19,33.31886672973633,33.35590225728798,33.034934748978294,33.121348625330604,41225
2011-04-20,33.454673767089844,33.454673767089844,33.20777486734357,33.454673767089844,43625
2011-04-21,33.417030334472656,33.667815762530154,33.128628766373495,33.667815762530154,36075
2011-04-25,33.4421272277832,33.51736193974062,33.21642070024259,33.341813481283864,37625
2011-04-26,33.893531799316406,34.03146167143643,33.34180513583296,33.504814036217645,34900
2011-04-27,33.993839263916016,34.094152966843446,33.84336751369121,33.93114170479429,21100
2011-04-28,34.42018127441406,34.42018127441406,33.906073125846724,33.94368927858664,31450
2011-04-29,34.382564544677734,34.482878276725124,33.91861203916605,34.432720214867416,24500
2011-05-02,34.031463623046875,34.48287659102677,33.96876844045763,34.43271853162105,24000
2011-05-03,33.931156158447266,34.26971594691888,33.5800592444782,33.931156158447266,22750
2011-05-04,33.94368362426758,34.16939006978064,33.81829088879727,33.880988452366175,30250
2011-05-05,33.60512924194336,34.01892365991625,33.30418806447833,33.918609934094576,44650
2011-05-06,32.915470123291016,33.81829358567234,32.84023543267616,33.81829358567234,38975
2011-05-09,33.103553771972656,33.11609328406755,32.79007314460233,32.91546587388394,39000
2011-05-10,33.22895812988281,33.39196706082746,33.091025840236256,33.19133958043333,34875
2011-05-11,32.677223205566406,33.21641032140093,32.66468369221356,33.21641032140093,48275
2011-05-12,32.71485137939453,32.87786031764873,32.4389891793996,32.66469331121272,45500
2011-05-13,32.53929901123047,32.80262166251529,32.36374818537254,32.777542631440156,54275
2011-05-16,32.363746643066406,32.576913613710445,32.363746643066406,32.426444217766374,89700
2011-05-17,32.11296081542969,32.40136245976298,32.05026324600872,32.25089068482038,48800
2011-05-18,32.1756591796875,32.250893878775784,32.02518978151094,32.1255035108513,48300
2011-05-19,32.263423919677734,32.46405131944379,32.20072875412607,32.28850294256531,47675
2011-05-20,31.874723434448242,32.263438903058926,31.82456536537932,32.263438903058926,65200
2011-05-23,31.598844528198242,31.77439289381772,31.348059098741466,31.636460668449782,46400
2011-05-24,31.28536605834961,31.686620859351724,31.222668500900987,31.686620859351724,79000
2011-05-25,32.32612228393555,32.451512618169325,31.34806189190779,31.34806189190779,76475
2011-05-26,32.95309066772461,33.00324633396102,32.30105026497636,32.52675674220982,61325
2011-05-27,32.86532211303711,33.05341248456169,32.739931720911954,33.05341248456169,24525
2011-05-31,33.20387268066406,33.216412194724114,32.865312976046,33.07847993173132,62250
2011-06-01,32.38882064819336,33.19133034650939,32.32612547488775,33.19133034650939,94300
2011-06-02,32.05025863647461,32.551827161367136,32.037719124393874,32.48913199263084,42375
2011-06-03,31.962480545043945,32.100412769440766,31.824548320647125,31.862166852300916,35850
2011-06-06,31.89978790283203,32.28850319394668,31.862169368207795,32.087875792618654,36200
2011-06-07,31.975034713745117,32.10042748507383,31.87472097501578,32.07534845247445,34150
2011-06-08,31.812026977539062,32.28851665644578,31.774408427230004,31.975035912208437,33550
2011-06-09,31.385692596435547,31.86218226960952,31.348074046579082,31.774408044946018,61225
2011-06-10,31.172510147094727,31.749313275667753,31.122352105479475,31.385677040625424,76425
2011-06-13,30.79634666442871,31.498545231181183,30.783807148057964,31.147445947804947,82425
2011-06-14,31.047136306762695,31.122371023250025,30.821429765632192,31.009517752684776,44025
2011-06-15,30.70856285095215,31.072201537131626,30.432700751954496,30.946808804253617,60550
2011-06-16,31.047136306762695,31.21014525776333,30.721116013092917,30.721116013092917,61050
2011-06-17,31.761856079101562,31.82455124595372,31.172513379022398,31.172513379022398,127225
2011-06-20,32.12550354003906,32.426444728333564,31.73678574578252,31.83709947521402,52325
2011-06-21,32.990699768066406,33.14117151794956,32.225808681856776,32.301043360964684,92550
2011-06-22,32.890380859375,33.304175116472855,32.77752766274222,32.94053889861932,60900
2011-06-23,32.4891357421875,32.81515591891033,32.23835025496451,32.72738171588258,65675
2011-06-24,32.65214538574219,32.790075244283514,32.41389942401802,32.627066359946475,110675
2011-06-27,33.15371322631836,33.29164308187674,32.65214467958905,32.739918876308245,63850
2011-06-28,33.730525970458984,33.730525970458984,33.06594835548125,33.21641776610452,62700
2011-06-29,34.031463623046875,34.04400313789831,33.592592561586315,33.76814098617054,50950
2011-06-30,33.880985260009766,34.10669168425616,33.793211070951116,34.01891510353024,78675
2011-07-01,34.25716781616211,34.33240250857163,33.793217756024355,34.00638471090779,49775
2011-07-05,34.482872009277344,34.52049054883325,34.03145910127681,34.28224458164768,62050
2011-07-06,34.74620056152344,34.85905380784992,34.35748515288112,34.37002466821384,53650
2011-07-07,35.0517692565918,35.17908939293324,34.66980156213965,34.835321624945024,13200
2011-07-08,34.809871673583984,35.08997949448396,34.61888895803959,34.669816548895504,33925
2011-07-11,33.740360260009766,34.109595556825816,33.4475199802101,33.49844756307776,100600
2011-07-12,33.82948684692383,34.22418473838425,33.62577164949414,33.66396915969098,47675
2011-07-13,33.523902893066406,34.135048281948805,33.46024282573629,34.007725718812665,59300
2011-07-14,33.21833419799805,33.663962008388644,33.20560169730389,33.60029950491788,37925
2011-07-15,33.6130256652832,33.62575816357566,33.11647037425598,33.32018548998386,52875
2011-07-18,33.18014144897461,33.56210923908757,33.103748862342634,33.46025164741942,28775
2011-07-19,33.5748405456543,33.587570619242385,33.2438027774054,33.34566036544533,55200
2011-07-20,31.99602699279785,32.250672039486965,31.91963445018117,32.250672039486965,2336350
2011-07-21,32.27615737915039,32.27615737915039,31.99604716549494,32.08517468796138,253675
2011-07-22,32.441673278808594,32.46713828382636,32.08517292246607,32.14883300653394,213950
2011-07-25,32.085166931152344,32.441667220925,32.085166931152344,32.28888207630131,102200
2011-07-26,32.174285888671875,32.21248095333054,31.9578382845288,32.085160833167485,136425
2011-07-27,31.575870513916016,32.17428576161194,31.563140444730482,32.072428208798364,190300
2011-07-28,31.86871910095215,31.906914172648396,31.435823812903458,31.60134145669804,118975
2011-07-29,31.486753463745117,31.639541046046983,31.02839557379199,31.639541046046983,252600
2011-08-01,31.283031463623047,31.983304288990865,31.19390640530685,31.728659183679714,114175
2011-08-02,30.620952606201172,31.72865552972015,30.620952606201172,31.33395784757047,95325
2011-08-03,29.347736358642578,30.582762000074535,28.647465940379178,30.582762000074535,298700
2011-08-04,28.06178855895996,29.347739473952974,28.0363235592534,29.207686832518945,304425
2011-08-05,27.45064353942871,28.53288185381097,27.361518459740104,28.380096696766582,235875
2011-08-08,26.368404388427734,27.246927513226108,26.253816738518235,26.61031704596159,323575
2011-08-09,28.278240203857422,28.354635220355686,26.139230739914453,26.788573809290146,237100
2011-08-10,27.030481338500977,28.35463234864389,26.95408875821622,27.756216922397005,148675
2011-08-11,28.44375228881836,28.978505111100947,26.877691319446466,27.17053151466705,119925
2011-08-12,27.972665786743164,28.774796413709847,27.692558028067108,28.507418728562136,122150
2011-08-15,28.991239547729492,29.00397204773902,28.112716474880582,28.112716474880582,92600
2011-08-16,29.093103408813477,29.347746178625712,28.558350435188217,28.77479812519074,111375
2011-08-17,29.13129425048828,29.53872699417081,28.774793938920897,29.258616831109308,75325
2011-08-18,28.138181686401367,28.660202048335478,27.858071541038424,28.252771758872377,145150
2011-08-19,27.81987953186035,28.520150115407603,27.45064427358814,27.73075444978812,119800
2011-08-22,27.577960968017578,28.35462639466818,27.005010665000608,28.35462639466818,107300
2011-08-23,28.07451629638672,28.163643787950157,27.463370925092438,27.679818547651976,82575
2011-08-24,28.456485748291016,28.634735885575274,27.705285271913095,28.150913043599722,79775
2011-08-25,27.81987953186035,28.902117875186757,27.667091942253418,28.571080121435365,71825
2011-08-26,28.290966033935547,28.4437536024192,27.33605040922177,27.71801811619289,63900
2011-08-29,29.33501434326172,29.360476918780723,28.48195613722564,28.48195613722564,81850
2011-08-30,29.44959831237793,29.65331589032631,28.812987863158142,29.25861566330722,78425
2011-08-31,29.818822860717773,29.869750415611023,29.156747647778626,29.66603533908748,147700
2011-09-01,28.596542358398438,29.844300778109265,28.494684776021668,29.742443195732495,94975
2011-09-02,27.756208419799805,28.545606269179427,27.718013355595943,28.049051006724458,93275
2011-09-06,27.62889862060547,27.74348871296789,26.737642886336968,27.068680661108793,97675
2011-09-07,28.55834197998047,28.55834197998047,27.463371351391377,27.972659168708674,79525
2011-09-08,28.38010597229004,28.67294630939824,28.17638831552229,28.5201586739417,94925
2011-09-09,27.60343360900879,28.622009509221602,27.386985926654003,28.252776656073145,121075
2011-09-12,27.46337127685547,27.67981890218736,27.17053108625228,27.36151371366845,67600
2011-09-13,27.616167068481445,27.67982715377248,27.246931774059,27.51430947492984,74325
2011-09-14,27.87080955505371,28.112722247960527,27.31059401044797,27.781684465160826,81550
2011-09-15,28.405553817749023,28.405553817749027,27.87080101379496,28.163643627454338,53050
2011-09-16,28.72386932373047,28.7620668336253,28.227313837481105,28.5838166444028,129575
2011-09-19,28.010854721069336,28.329159888354216,27.908997164677206,28.201837335745125,61400
2011-09-20,27.692554473876953,28.40555749530001,27.66708947313567,28.08725227146234,54775
2011-09-21,27.25966453552246,27.756220005239566,26.979556757716303,27.71802492509309,130700
2011-09-22,26.33021354675293,27.425184503558338,26.101033353144672,26.724911419924595,118525
2011-09-23,26.78856658935547,26.826761658833846,26.164686265148042,26.342938827125565,75075
2011-09-26,27.09413719177246,27.106869690105675,26.45752684596604,26.966814636916027,50700
2011-09-27,27.781679153442383,28.189109445612125,27.17053371518777,27.50157143469471,78350
2011-09-28,27.00501251220703,27.959928130236577,26.979549941368003,27.84534049027095,75275
2011-09-29,28.010854721069336,28.036319717286297,27.310584324432885,27.476101942891713,57300
2011-09-30,27.386974334716797,28.2272997038315,27.386974334716797,27.679814478519546,92375
2011-10-03,25.719070434570312,27.488847209627014,25.68087292250205,27.34879209385355,160475
2011-10-04,27.106882095336914,27.259667288304865,25.056995066614856,25.528085578155704,146175
2011-10-05,26.85223388671875,27.08141407919342,25.769995438075377,27.08141407919342,73925
2011-10-06,27.883541107177734,27.95993369184233,26.661250038638315,26.661250038638315,89875
2011-10-07,26.67398452758789,27.934473196582875,26.635787018172287,27.88354318402874,69675
2011-10-10,27.947202682495117,27.998130261074365,26.96682190296144,27.043214485068518,85925
2011-10-11,27.743480682373047,27.934463304869976,27.5015680653565,27.84533824293646,69175
2011-10-12,28.38010597229004,28.622016288087035,27.85808296775848,27.99813809788722,128350
2011-10-13,28.2655029296875,28.456485565332148,27.692552594277576,28.316430499237285,59050
2011-10-14,28.58380889892578,28.83845161045963,28.45648632892084,28.52014639968529,84825
2011-10-17,27.781679153442383,28.520147165119067,27.730751581159215,28.520147165119067,77150
2011-10-18,28.965768814086914,29.169483916962882,27.768940763333894,27.89626330975027,90875
2011-10-19,28.76206398010254,29.37320950692714,28.60927638415816,29.105834249620045,92500
2011-10-20,28.953046798706055,29.08036939121807,28.290971260424733,28.76206412417626,64700
2011-10-21,29.74243927001953,29.7551717696956,29.05489885836775,29.06763135804382,83300
2011-10-24,30.60823631286621,30.74828898205924,29.615122983755512,29.716980574294315,119825
2011-10-25,29.519712448120117,30.62119224535758,29.4290001081393,30.4916081315592,84500
2011-10-26,29.740005493164062,30.051011779618676,29.28645373187924,30.02509397116623,78050
2011-10-27,30.880355834960938,31.126570023769855,30.232425580369515,30.387929929000876,115300
2011-10-28,30.69894027709961,31.113615300258683,30.47864386208909,30.789650129458394,56500
2011-10-31,30.491601943969727,30.880359149792355,30.18059568498002,30.271305534894765,68100
2011-11-01,29.636341094970703,31.476463747862674,29.54562875202972,30.206518134933734,133350
2011-11-02,28.45709800720215,29.558580027697598,27.977630962294583,29.53266469377734,151850
2011-11-03,28.923606872558594,29.014316714941085,28.068339113441052,28.560767503028625,116400
2011-11-04,28.910648345947266,29.079111602551755,28.21088493015484,28.819938502386936,100025
2011-11-07,28.560775756835938,29.130952779918445,28.055388319190183,28.962491948475556,69625
2011-11-08,29.01432228088379,29.053198994358958,27.990593542620722,28.677398179073908,99725
2011-11-09,27.653663635253906,28.62555902317054,27.627745831711593,28.508931378887922,119650
2011-11-10,27.524080276489258,28.1460928035871,27.446329328516544,28.06834185561439,102350
2011-11-11,28.275672912597656,28.314549613542017,27.64070162711815,27.770288158608512,57825
2011-11-14,27.757335662841797,28.35343038491598,27.627749101451474,28.184969585269215,67650
2011-11-15,28.094263076782227,28.236808558439147,27.537042526659775,27.61479348408247,86900
2011-11-16,27.73141860961914,28.288639108575044,27.705500802305345,27.96467393212702,69325
2011-11-17,27.39449119567871,28.042421469723397,27.329699156937384,27.809166175602055,93950
2011-11-18,27.498165130615234,27.79621499138916,27.31674541057239,27.40745527059381,95300
2011-11-21,27.00574493408203,27.342669109349558,26.96686821213079,27.21308250783761,88000
2011-11-22,26.90206527709961,27.303781354975452,26.759519825867795,27.187153707905395,72575
2011-11-23,26.189346313476562,26.798402488358228,26.176389880173815,26.759525773474802,74600
2011-11-25,26.20231056213379,26.655862441637474,26.046808614203837,26.059767521807817,29500
2011-11-28,27.213069915771484,27.355615358641703,26.591057482323126,26.992773536634648,99250
2011-11-29,26.759517669677734,27.30377915493067,26.642890032005134,27.22602822036815,65725
2011-11-30,28.18497085571289,28.18497085571289,27.4722484434271,27.60183253900038,131125
2011-12-01,27.575912475585938,28.288634765690876,27.549994672251053,28.09425618399478,92500
2011-12-02,28.055391311645508,28.288646696721813,27.822135926569203,27.835094833702197,97550
2011-12-05,28.36638641357422,28.76810496033992,28.094256886724388,28.392304217557395,92225
2011-12-06,28.508935928344727,28.62556359123879,28.146094035823396,28.4052671692898,85800
2011-12-07,28.612611770629883,28.71628055534866,28.094267847035983,28.301605416473542,60850
2011-12-08,27.899883270263672,28.560772559618723,27.861006557363396,28.560772559618723,63875
2011-12-09,28.43119239807129,28.612612155857008,27.912848467498645,28.146101382512217,63150
2011-12-12,28.094263076782227,28.210890748745456,27.79621568027992,28.197931843898612,50850
2011-12-13,27.770288467407227,28.43117756086523,27.705493965112794,28.120171364824557,68450
2011-12-14,28.18497085571289,28.379349470730997,27.614791442889345,27.614791442889345,68500
2011-12-15,28.262723922729492,28.495979266872638,27.92579981137366,28.470061457154873,66100
2011-12-16,28.586685180664062,28.586685180664066,27.89988061961741,28.379347674877373,156400
2011-12-19,28.34046745300293,28.677388975018996,28.055376589002016,28.625555845346337,119575
2011-12-20,29.156869888305664,29.273497565591565,28.534857257219844,28.61260821819095,107675
2011-12-21,29.325332641601562,29.71409241530552,29.01432630563359,29.1698307094469,68650
2011-12-22,29.79183578491211,30.102842041578164,29.48082952824606,29.519706237201074,62250
2011-12-23,29.882537841796875,30.15466979020315,29.817745815425432,29.89549674140264,31925
2011-12-27,30.10283660888672,30.19354644175323,29.636328543907865,29.9084580425074,54250
2011-12-28,29.28646469116211,30.102856189649906,29.273505782086534,30.102856189649906,56175
2011-12-29,29.48082733154297,29.765915760996236,29.377158587045617,29.41603529310381,41775
2011-12-30,29.221662521362305,29.532671314710335,29.20870608732646,29.36420801234194,51875
2012-01-03,29.493789672851562,29.99917455225218,29.45491296225993,29.67520937896294,57025
2012-01-04,28.910648345947266,29.36420003540676,28.72922865882661,29.156862543938054,96875
2012-01-05,29.02728271484375,29.105033674232537,28.54781558167806,28.768112026328314,47325
2012-01-06,29.247577667236328,29.403082049738256,28.768110558533806,29.053199042852647,58025
2012-01-09,29.23462677001953,29.44196435570585,29.040248092395984,29.390131195113764,64300
2012-01-10,29.895503997802734,30.115800401257502,29.506746801898068,29.571538843996187,66000
2012-01-11,30.08988380432129,30.128760514136435,29.688167689530395,29.869587392018268,33425
2012-01-12,29.986209869384766,30.128755309089396,29.571534922961444,30.128755309089396,51550
2012-01-13,29.869590759277344,30.051012953875375,29.714088845802856,29.830716516737894,48250
2012-01-17,30.193553924560547,30.426809250685956,30.012134213866645,30.102844069213596,55075
2012-01-18,30.6471004486084,30.6471004486084,30.206507679180234,30.271302187424237,67425
2012-01-19,30.90627670288086,31.100655304200508,30.569352640486393,30.81556685370889,62350
2012-01-20,31.243200302124023,31.243200302124023,30.82852529968047,30.932194050291358,55475
2012-01-23,31.295042037963867,31.411669723394557,30.750780329840207,31.295042037963867,89325
2012-01-24,31.519224166870117,31.519224166870114,31.057645059836105,31.123586369643117,96975
2012-01-25,31.585176467895508,31.585176467895508,31.29503963458846,31.519235135141795,63200
2012-01-26,31.031278610229492,31.822554397430437,31.031278610229492,31.651111980978065,122050
2012-01-27,31.11040687561035,31.255475282667025,30.978526734231966,30.99171499991025,74875
2012-01-30,31.506044387817383,31.5719857153789,30.83345793911657,30.873022735653482,63800
2012-01-31,31.782997131347656,31.83574768496085,31.29504130455052,31.651116974207504,57475
2012-02-01,32.521514892578125,32.57426794927272,31.862116776320818,31.862116776320818,91925
2012-02-02,32.33688735961914,32.66658644970807,32.244572016858946,32.66658644970807,70825
2012-02-03,32.29731750488281,32.7984614519557,32.12587511166569,32.56107774180581,99400
2012-02-06,31.90167999267578,32.376444902449485,31.782988136381338,32.257753046155045,63275
2012-02-07,31.835739135742188,32.05993458805322,31.73023554144312,31.941242730041257,46825
2012-02-08,31.717041015625,32.09949304157665,31.598349181047148,31.94123642367165,59325
2012-02-09,31.506044387817383,31.875308275948544,31.321413701454023,31.782992932766867,43800
2012-02-10,31.2818546295166,31.506050153444797,31.17635100151539,31.215915805292685,65975
2012-02-13,31.387344360351562,31.65110457127369,31.26865251697698,31.57197751415857,69875
2012-02-14,30.938962936401367,31.387353922326422,30.754332241751484,31.387353922326422,53975
2012-02-15,30.662023544311523,31.07084982058891,30.50376683214328,31.07084982058891,67950
2012-02-16,31.440109252929688,31.506048072799036,30.648830837473806,30.675207371583443,69200
2012-02-17,31.453290939331055,31.598356815773904,31.360975604666272,31.598356815773904,42225
2012-02-21,31.202713012695312,31.637915590041807,30.938952807768583,31.624727328255094,77350
2012-02-22,30.991716384887695,31.980813716320284,30.978528118620044,31.400542577566547,101350
2012-02-23,31.347787857055664,31.36097612156861,30.925773454258472,31.176342933791645,95450
2012-02-24,31.08403205871582,31.756618552978548,30.859836560628246,31.6643032035433,74525
2012-02-27,31.268657684326172,31.308222477123966,30.886208082230965,30.991711680954214,55400
2012-02-28,30.84664535522461,31.40053991446689,30.701579469392748,31.347789369274683,87850
2012-02-29,30.767520904541016,31.123596547732006,30.714770354848607,30.965339867845593,128900
2012-03-01,30.767520904541016,31.070843482635006,30.714770354848607,30.780709170815268,57500
2012-03-02,30.569700241088867,30.912587598935776,30.50375891338497,30.754330927850877,66850
2012-03-05,31.07083511352539,31.07083511352539,30.50375239350259,30.50375239350259,71075
2012-03-06,30.952146530151367,31.21590678161084,30.912584253215375,30.925772517328767,71750
2012-03-07,31.189533233642578,31.189533233642578,30.793895334053097,31.044467345342124,44825
2012-03-08,31.215913772583008,31.28185259251314,30.793899288058775,31.242290306716956,61850
2012-03-09,31.387344360351562,31.585165776245056,31.0444596077181,31.21590198403483,62350
2012-03-12,31.163156509399414,31.558796921936732,31.149970759512133,31.506043860769996,48125
2012-03-13,31.360984802246094,31.440111895821772,31.136789274277536,31.321419997755775,129925
2012-03-14,31.215913772583008,31.55880117011013,31.09722188438497,31.321417393714064,46475
2012-03-15,31.42690658569336,31.558786680407774,31.01808055594191,31.295026490978948,41825
2012-03-16,31.743432998657227,31.743432998657227,31.321418499237534,31.479675194222335,63850
2012-03-19,32.020381927490234,32.23138917945023,31.651117978857812,31.79618640785713,76025
2012-03-20,31.91487693786621,32.12588418081039,31.8753121365374,31.928062689571068,38350
2012-03-21,31.73023223876953,32.099496038083124,31.690669967152825,32.03355724178605,42475
2012-03-22,31.01808738708496,31.598355906975723,30.952146067503637,31.598355906975723,77925
2012-03-23,31.07083511352539,31.20271522534063,30.85982794078257,31.110399901691135,78475
2012-03-26,31.400545120239258,31.598364099463332,31.084034250399775,31.413733387574833,66000
2012-03-27,31.42690658569336,31.7170407817422,31.38734180265796,31.46647136872876,69400
2012-03-28,31.743432998657227,31.743432998657227,31.360983301834942,31.50604921388244,53550
2012-03-29,31.690683364868164,31.769810456957597,31.334607677358377,31.624742025289553,41325
2012-03-30,31.796180725097656,31.94124661276528,31.62473579139355,31.8093689904137,71250
2012-04-02,32.35007095336914,32.3632592169167,31.75661167074927,31.809364724939513,64725
2012-04-03,32.08631896972656,32.48195691634326,31.994003616542983,32.41601809704205,59675
2012-04-04,31.7038631439209,31.99399741416722,31.558794751095625,31.862117285726445,73325
2012-04-05,31.519224166870117,31.743419589406418,31.360970054140825,31.743419589406418,58100
2012-04-09,31.2818546295166,31.598365513520246,31.11041217729147,31.11041217729147,66775
2012-04-10,30.411436080932617,31.202714210689333,30.27955597340586,31.004895307101112,137600
2012-04-11,30.78070831298828,30.78070831298828,30.26637851964931,30.622451637512317,93575
2012-04-12,30.899402618408203,30.938964903832083,30.59608002493645,30.82027553215573,55500
2012-04-13,30.622453689575195,31.018094147075384,30.56970313781798,30.912590528156272,64425
2012-04-16,30.87302017211914,30.978523772052657,30.63563644341767,30.793893101020064,71200
2012-04-17,30.991716384887695,31.2159118806286,30.886212770151072,31.2159118806286,109000
2012-04-18,31.01808738708496,31.16315325935558,30.859830735493933,30.978522595336166,87750
2012-04-19,30.820274353027344,31.25547708387296,30.648829404733988,31.110408668456216,103150
2012-04-20,31.097213745117188,31.33459745938133,30.952145360754855,31.215905602249258,92700
2012-04-23,31.11040687561035,31.136783406966924,30.741142982831764,30.96533846855368,101350
2012-04-24,31.35208511352539,31.459501146764442,30.88213900772946,30.88213900772946,92975
2012-04-25,31.284950256347656,31.67433499942256,31.190961542088303,31.513209659977676,107175
2012-04-26,31.298381805419922,31.499786586157356,31.070122370983967,31.325236459118443,51600
2012-04-27,31.499788284301758,31.526642939448006,31.17754010554941,31.446081535010137,63100
2012-04-30,31.177541732788086,31.499789928359423,31.029846243776856,31.499789928359423,57500
2012-05-01,31.150678634643555,31.540060773051547,30.96269866620512,31.177530720706102,89150
2012-05-02,31.070125579833984,31.204396301193018,30.82843879358792,31.09698023630599,79475
2012-05-03,30.73444938659668,31.083552230115586,30.69416996376819,31.0566975742293,59750
2012-05-04,30.452478408813477,30.788153871766003,30.412196431298977,30.70759247773755,67275
2012-05-07,30.613597869873047,30.627025194251967,30.318204416537522,30.41219312618972,52750
2012-05-08,30.774728775024414,30.801583428645902,30.439053287758007,30.546469341243228,47900
2012-05-09,30.96270751953125,31.204394290201623,30.546470615043855,30.546470615043855,87625
2012-05-10,30.949268341064453,31.043259596667998,30.600168207107853,31.02983227443892,46900
2012-05-11,30.76130485534668,30.976136986112007,30.60018203777319,30.855293592431384,49500
2012-05-14,30.371925354003906,30.600184833924846,30.331643365429183,30.53304818630031,44925
2012-05-15,30.318218231201172,30.4927684056614,30.183947487231,30.43906164467419,57250
2012-05-16,30.116804122924805,30.492759017084847,30.089949470198906,30.492759017084847,41750
2012-05-17,29.53944206237793,30.237647671219747,29.53944206237793,30.237647671219747,67500
2012-05-18,29.082929611206055,29.66029197022373,29.069502281810152,29.51259390787003,65000
2012-05-21,29.512598037719727,29.63344145819186,29.082933680930605,29.203777101402743,68675
2012-05-22,29.217193603515625,29.539441751668292,29.042640922640867,29.48573244647587,60825
2012-05-23,29.203777313232422,29.270911409092086,28.77411295332673,29.05607922913924,57250
2012-05-24,29.190343856811523,29.418603320240635,28.733824929953297,29.418603320240635,58325
2012-05-25,29.29776954650879,29.391758316259892,29.10979200700659,29.257490108616548,43200
2012-05-29,29.39175033569336,29.52602106788087,29.150063529956075,29.324616250100203,26575
2012-05-30,28.68010711669922,29.270893979275368,28.653252469945738,29.176905276638255,49350
2012-05-31,28.720396041870117,28.948655492904653,28.518991246486916,28.680116619394028,59400
2012-06-01,28.196739196777344,28.59954873233108,28.196739196777344,28.331009895628778,61100
2012-06-04,28.035629272460938,28.290743484554298,27.713380954501844,28.12962060607574,83000
2012-06-05,28.854660034179688,28.854660034179688,27.726790369697067,27.834206406266823,90750
2012-06-06,29.43203353881836,29.45888819856486,28.85467115927518,29.082930645117802,61550
2012-06-07,29.324613571166992,29.888548546035626,29.284331586890314,29.6468617623775,84675
2012-06-08,29.405176162719727,29.539446888047433,29.21719868386159,29.257480669760223,51550
2012-06-11,28.599559783935547,29.579734471615296,28.572707682589375,29.579734471615296,56625
2012-06-12,28.693546295166016,28.81438713348341,28.42500483868016,28.68011896624161,37350
2012-06-13,28.398141860961914,28.85466066663982,28.29072582203772,28.545839874857815,79725
2012-06-14,28.532413482666016,28.720390916678728,28.33100872322376,28.51898615723647,70925
2012-06-15,28.97551918029785,28.988946512308853,28.492145471908643,28.559282131963652,90025
2012-06-18,29.190343856811523,29.270905267139135,28.827813668835688,28.8815229830548,51350
2012-06-19,29.700578689575195,29.915410872128952,29.203777666793624,29.284339095000874,56275
2012-06-20,29.59314727783203,29.834831437333126,29.485728681164474,29.633426690582063,48225
2012-06-21,29.27091407775879,29.78114247241617,29.150070645392663,29.687153705242924,40475
2012-06-22,29.405176162719727,29.45888547725124,29.190344026595834,29.45888547725124,139525
2012-06-25,29.02921485900879,29.244046948168847,28.84123486024335,28.98893288191608,58300
2012-06-26,29.04264259338379,29.338038666934196,28.720394426693076,29.029217827314024,68350
2012-06-27,29.49916648864746,29.539448476712504,29.13663884006691,29.17691826713074,51875
2012-06-28,29.75426483154297,29.7811194759992,29.257466714101962,29.43201678106776,57025
2012-06-29,30.371925354003906,30.371925354003906,30.00939513983513,30.277934047329552,60100
2012-07-02,30.976137161254883,30.976137161254883,30.398774846183212,30.559900225668734,86125
2012-07-03,31.00299072265625,31.150688768549674,30.801585926165817,31.096979456951725,43425
2012-07-05,30.815011978149414,31.190966899764646,30.788157323462375,31.11040549670436,55550
2012-07-06,31.09698486328125,31.190973613917027,30.61361121886711,30.721027299736765,74575
2012-07-09,31.244678497314453,31.27153315396817,30.976137052779332,31.190969184007024,63425
2012-07-10,31.231252670288086,31.566928211592554,31.07012728362144,31.419230153898223,84800
2012-07-11,30.96270751953125,31.39237175138932,30.868718788937404,31.338665002907476,81825
2012-07-12,30.93585205078125,31.083547513743802,30.76129937500657,31.002986119309632,85900
2012-07-13,31.271530151367188,31.352091552592046,31.110404787916696,31.164111535066347,59625
2012-07-16,31.499788284301758,31.55349759459425,31.29838349270665,31.29838349270665,55300
2012-07-17,31.499788284301758,31.78175704133561,31.446081535010137,31.5803522497405,92425
2012-07-18,31.52663230895996,31.687757624506606,31.472925577777747,31.607196247233286,91825
2012-07-19,31.212202072143555,31.622348232455177,31.143845247973513,31.58133518101143,18450
2012-07-20,31.36258888244629,31.376260768228757,30.979783903473933,31.089156382088095,62450
2012-07-23,31.102827072143555,31.212199546552966,30.979782712477284,30.979782712477284,50525
2012-07-24,30.95243263244629,31.239536949024465,30.802047140567193,31.212193184084647,42775
2012-07-25,30.84306526184082,31.18485455696473,30.76103656115179,31.18485455696473,52950
2012-07-26,30.67900848388672,31.294227663024312,30.55596412653011,31.212198960668385,52575
2012-07-27,30.81572723388672,31.00712842417438,30.66533909429176,30.802055347773937,68575
2012-07-30,31.102827072143555,31.22587143180983,30.41924845517337,30.73369399314474,52525
2012-07-31,31.30790901184082,31.376268457505777,30.966119606454683,31.10283589013838,59950
2012-08-01,30.036447525024414,31.485636265142226,28.286487699441896,31.44462060386295,1796875
2012-08-02,29.503253936767578,30.145816918279518,28.57358657107673,30.145816918279518,289675
2012-08-03,30.10480308532715,30.282532379367947,29.585281873246988,29.81769870862064,201100
2012-08-06,30.00910186767578,30.132146225454413,29.763013152118514,30.132146225454413,115475
2012-08-07,29.96808624267578,30.268859891078595,29.749341296992746,30.05011494539556,220525
2012-08-08,29.954408645629883,30.15948166714682,29.817692428736944,30.022765450253882,153425
2012-08-09,29.653640747070312,30.186831226897745,29.612625091835337,30.186831226897745,82475
2012-08-10,29.55794334411621,29.667315828882543,29.43489897279837,29.639972055779527,135925
2012-08-13,29.721986770629883,29.721986770629883,29.43488511118862,29.557929424561873,85075
2012-08-14,29.735675811767578,29.91340514051965,29.612631427383068,29.776691475777753,73350
2012-08-15,29.845033645629883,29.886049289489545,29.680973677835958,29.69464555912251,87600
2012-08-16,29.845033645629883,30.009093613423808,29.708317440409065,29.927062325704483,121250
2012-08-17,30.036447525024414,30.0637912992106,29.858718208105877,29.89973386938515,95075
2012-08-20,30.542301177978516,30.856746802051862,30.460272451621602,30.788389964695465,300150
2012-08-21,30.67900848388672,30.884081543599248,30.66533659888649,30.761037186242643,144275
2012-08-22,30.70635223388672,30.774711664648546,30.432922333776364,30.733696006191447,131075
2012-08-23,30.63799476623535,30.815726674831485,30.514950401098215,30.692682309694344,114675
2012-08-24,30.78837013244629,30.88407068615846,30.569625264634322,30.624310177765057,109425
2012-08-27,30.81572723388672,30.966112765836034,30.720024031097246,30.802055347773937,164200
2012-08-28,30.95243263244629,30.979776397386104,30.733687728217653,30.76103149315747,93175
2012-08-29,30.78837013244629,31.020786880452068,30.74735449186485,31.020786880452068,73700
2012-08-30,30.897756576538086,31.10282965714396,30.720024661072816,30.720024661072816,78375
2012-08-31,30.88409423828125,31.02081053683432,30.761049830348135,30.966122974354487,75850
2012-09-04,31.212202072143555,31.294230782676742,30.761040252742493,30.966113332898303,83225
2012-09-05,31.14384651184082,31.171187678030968,30.77471338799293,31.034474024142828,560875
2012-09-06,31.225872039794922,31.23954392531798,30.897754610178062,31.075483906686785,274400
2012-09-07,31.294231414794922,31.30790330143423,31.034473391585315,31.102830217136106,150300
2012-09-10,31.41728401184082,31.44462779227794,31.184867093418124,31.28056771730163,163375
2012-09-11,31.526643753051758,31.636016222842017,31.3215706981507,31.417271283261503,109625
2012-09-12,31.92311668395996,31.950460449976728,31.471954975263525,31.649684239082404,121650
2012-09-13,32.05983352661133,32.34693525240633,31.86842976843622,31.923117301527707,103225
2012-09-14,32.48365020751953,32.606694544519776,31.895772287995026,32.059832273210354,102250
2012-09-17,32.34693145751953,32.57934823060141,32.21021524847522,32.48364766656384,86000
2012-09-18,32.2102165222168,32.292247815474155,32.05983103320144,32.292247815474155,119675
2012-09-19,32.3742790222168,32.44263583094295,32.19654714729664,32.19654714729664,122250
2012-09-20,32.23756790161133,32.37428414835637,32.1281954257444,32.29225544336755,79850
2012-09-21,32.44264602661133,32.45631791418221,32.155544210560606,32.44264602661133,110200
2012-09-24,32.34693145751953,32.647705031301165,32.264902775150865,32.415288258219285,93200
2012-09-25,32.01881408691406,32.57934819652918,31.977798441950227,32.41528822431863,139600
2012-09-26,32.18287658691406,32.38794961255102,32.00514471908903,32.00514471908903,105650
2012-09-27,32.3059196472168,32.606695864345284,32.22389095511135,32.23756283840311,94900
2012-09-28,31.991483688354492,32.46998931558706,31.964139913622144,32.210228670921516,191175
2012-10-01,32.3195915222168,32.36060717208155,32.00514602952233,32.08717472160673,146350
2012-10-02,32.360618591308594,32.524678641015065,32.16921737302273,32.34694670319588,71900
2012-10-03,32.27857208251953,32.57934563231369,32.22388456020536,32.37427263892474,67000
2012-10-04,32.3332633972168,32.53833643119779,32.1281903632358,32.3059196306473,67325
2012-10-05,32.52466583251953,32.579350755788944,32.3195901992355,32.45630641887652,62650
2012-10-08,32.3742790222168,32.456307714217196,32.26490656366789,32.401622788765295,62350
2012-10-09,32.26491928100586,32.68873739897671,32.210231726353555,32.401635559990495,128200
2012-10-10,32.53834915161133,32.71608109614976,32.210231647439755,32.210231647439755,126725
2012-10-11,33.3586311340332,33.645735467372106,32.67505261650119,32.81176884153662,393050
2012-10-12,33.3586311340332,33.74143604260337,33.27660244206999,33.49534735906863,201350
2012-10-15,33.290283203125,33.727773153791226,33.112551280888226,33.468012517715984,1262425
2012-10-16,31.444610595703125,31.882100412854925,31.212193804385606,31.800071724050213,2676700
2012-10-17,31.745386123657227,31.745386123657227,31.184851935387364,31.499300042277536,913575
2012-10-18,31.564298629760742,31.801100624966274,31.369286159654653,31.71752423161304,261625
2012-10-19,31.132503509521484,31.7036140898615,31.09071395845491,31.466811947512177,255225
2012-10-22,30.979259490966797,31.188201809034176,30.812106699251185,31.13248509741088,200250
2012-10-23,31.174264907836914,31.202124585762895,30.658874150431842,30.798169883216634,221525
2012-10-24,31.38321304321289,31.438929747914713,31.090691708780795,31.31356384127887,164000
2012-10-25,31.28571891784668,31.620029931132276,31.062846680220712,31.466804271446932,141375
2012-10-26,31.104629516601562,31.452867644936482,30.853897639105043,31.369291238053002,147925
2012-10-31,30.90961265563965,31.062835603842146,30.658880813504673,30.951399524765012,313075
2012-11-01,31.42501449584961,31.42501449584961,30.9235532933601,31.034989411340728,171400
2012-11-02,31.41109275817871,31.689684453475664,31.35537601322771,31.383235714126865,188300
2012-11-05,31.70359992980957,31.745389462211325,31.28571257633036,31.4807277373591,214075
2012-11-06,31.828969955444336,31.828969955444336,31.647884615307056,31.68967415307253,173300
2012-11-07,31.466800689697266,31.717532592698255,31.188209095952537,31.53644725971028,179350
2012-11-08,31.438940048217773,31.74539132343894,31.327503945459057,31.397153170212167,240075
2012-11-09,31.24391746520996,31.592155506227737,31.13248139835809,31.369283372523995,103725
2012-11-12,31.53644561767578,31.606094840908654,30.923548394303754,31.22999700598977,166600
2012-11-13,31.369291305541992,31.63395037071676,31.341431617572205,31.60609333959305,166025
2012-11-14,30.714603424072266,31.592165040100735,30.65888670225486,31.46679909495381,169300
2012-11-15,30.72853660583496,31.062844943583666,30.57531361156253,30.64496018560941,136825
2012-11-16,31.202129364013672,31.29963559484146,30.6449490043938,30.714595553029213,139225
2012-11-19,31.633943557739258,31.745382285617946,31.22998879656104,31.494650461581912,117675
2012-11-20,31.85683822631836,31.89862511849058,31.3832339648207,31.661822987741747,103975
2012-11-21,31.870763778686523,31.968272721379414,31.66182135803867,31.912553325554907,94150
2012-11-23,32.09363555908203,32.10756274982588,31.842903616144394,31.996126625947685,70700
2012-11-26,32.30256652832031,32.37221308478078,31.926468747003796,32.107551387908515,129825
2012-11-27,32.02397537231445,32.35828362965096,31.996115686658282,32.24684754387213,124250
2012-11-28,31.996124267578125,32.09363319352528,31.745394999968,32.023983960705884,99500
2012-11-29,32.13541793823242,32.31650327466773,31.996122138708277,32.12148809259537,107600
2012-11-30,32.10755920410156,32.28864454593512,31.996123092529555,32.2607848538305,157625
2012-12-03,32.316497802734375,32.56722701120789,32.14934234023942,32.30256795945596,138575
2012-12-04,32.441864013671875,32.45579120022381,32.24684886294732,32.33042526648872,145300
2012-12-05,32.48365020751953,32.56722660931266,32.177201629714105,32.4140036488329,125825
2012-12-06,32.205074310302734,32.51152301175667,32.191144461575696,32.48366331430259,146000
2012-12-07,32.0797004699707,32.33042971509477,31.9821915527684,32.24685330005342,212325
2012-12-10,32.218990325927734,32.30256938929773,32.07969720066987,32.2050631388788,188525
2012-12-11,32.205074310302734,32.302580594545034,32.17721461284865,32.26079104836391,198900
2012-12-12,32.037899017333984,32.23291146550986,31.98217965680068,32.191124601955224,138250
2012-12-13,32.02397537231445,32.1214816152652,31.926469129363706,32.0796947436268,92700
2012-12-14,31.982175827026367,32.13540139329928,31.842882756063748,32.02396534242217,109050
2012-12-17,32.09363555908203,32.232928721294705,31.982196778357068,32.07970571149141,149200
2012-12-18,32.37222671508789,32.41401626066713,32.14935445235916,32.191143997938404,200975
2012-12-19,32.288639068603516,32.455791879183074,32.24684953753562,32.4418646923398,187450
2012-12-20,32.706520080566406,32.706520080566406,32.316495128430695,32.35828199796196,182725
2012-12-21,32.69260787963867,32.7622571278503,32.40008900769132,32.539384847267414,278625
2012-12-24,32.49757766723633,32.76223935315771,32.400071429487845,32.76223935315771,58950
2012-12-26,32.77617263793945,32.8458191988336,32.27470889759442,32.44186436332477,89725
2012-12-27,32.94333267211914,32.98512221192872,32.46972851499695,32.83189655614019,123575
2012-12-28,32.74831008911133,32.98511209504272,32.59508448031873,32.73438024678057,65075
2012-12-31,33.389068603515625,33.556224063191046,32.84581800905082,32.84581800905082,211950
2013-01-02,33.93232345581055,33.98804017376723,33.72337845714642,33.918393612109874,197275
2013-01-03,34.39200210571289,34.40593195120995,33.960184865843175,34.07162097297328,159425
2013-01-04,34.28055953979492,34.53129139780894,34.28055953979492,34.53129139780894,131000
2013-01-07,34.517356872558594,34.517356872558594,34.26662504855706,34.28055488953998,138200
2013-01-08,34.16912078857422,34.614865098345405,34.12733126321605,34.545215889415125,140475
2013-01-09,34.23876190185547,34.2805514205754,33.974100263653014,34.2805514205754,133725
2013-01-10,34.266632080078125,34.39199801780401,33.91839395458312,34.39199801780401,104600
2013-01-11,34.378074645996094,34.39200449245986,34.1273427233414,34.35021495306856,124725
2013-01-14,34.6148681640625,34.6148681640625,34.41985301863156,34.41985301863156,86875
2013-01-15,34.93525314331055,34.94918298894615,34.48950871035705,34.51736840162824,130725
2013-01-16,35.018829345703125,35.17205498990941,34.82381682169249,34.90739323814756,109675
2013-01-17,35.172061920166016,35.40886402748655,35.032766094063305,35.15813207187105,121100
2013-01-18,35.18598937988281,35.32528519652952,35.130269990485445,35.24170611243346,129900
2013-01-22,35.311344146728516,35.36706086160316,35.24169493207788,35.269554617938134,238525
2013-01-23,35.339691162109375,35.67976805098958,35.24050240735568,35.48139054148218,176150
2013-01-24,35.05629348754883,35.67976915445684,34.95710472972752,35.38220017830197,172125
2013-01-25,35.226341247558594,35.41054859617603,35.0846418317882,35.28301939225182,117050
2013-01-28,35.467220306396484,35.65142760755791,35.127143417774015,35.28301030254419,165925
2013-01-29,35.3680305480957,35.55224056079739,35.33969283303398,35.42471138360114,110675
2013-01-30,35.169647216796875,35.4388757355709,35.098798886815025,35.38219490943299,86450
2013-01-31,35.21215057373047,35.3680174080804,35.084621443914166,35.240490980954085,101650
2013-02-01,35.3680305480957,35.55224056079739,35.24050407359045,35.254671579775824,165225
2013-02-04,35.11296463012695,35.38219041198904,34.90041426181766,35.22632356530315,140850
2013-02-05,35.12714385986328,35.22633261579014,34.90042322857074,35.14131136554635,106450
2013-02-06,35.297176361083984,35.325516774143445,34.97126971897183,35.070458461989396,83650
2013-02-07,35.21215057373047,35.48137903697487,35.070451240302354,35.353849907158576,79725
2013-02-08,35.32551574707031,35.41053428108627,35.18381638858341,35.41053428108627,87800
2013-02-11,35.226341247558594,35.42471880802222,35.11298225548059,35.42471880802222,86725
2013-02-12,35.58058166503906,35.58058166503906,35.212164335218475,35.226334544368235,86225
2013-02-13,35.608917236328125,35.92065641346822,35.50972848094387,35.65142786121747,87000
2013-02-14,35.9348258972168,35.97733381855818,35.623086726362246,35.65142714238372,66625
2013-02-15,35.835628509521484,35.991495354703055,35.778947691135336,35.906476829814004,62400
2013-02-19,36.147369384765625,36.18988000382646,35.793122333996884,35.83563295305771,112350
2013-02-20,36.11903381347656,36.81335780172807,36.00567485014347,36.14737422998255,174150
2013-02-21,36.31740951538086,36.31740951538086,35.76478493448379,36.175712845287784,166450
2013-02-22,35.72227096557617,36.0906882192265,35.53806369009625,36.005669684596576,198875
2013-02-25,35.070457458496094,36.048180059546894,35.070457458496094,35.722270724069645,150700
2013-02-26,35.778953552246094,35.863972091062415,35.08462962941647,35.268836913966936,194250
2013-02-27,37.16761016845703,37.238461219765085,35.708113646497544,35.736451364329504,394800
2013-02-28,37.4935188293457,37.72023950252859,37.02591267737058,37.167612084600606,238350
2013-03-01,37.93279266357422,38.11700002732,37.26680616556548,37.479356658022944,226400
2013-03-04,38.28702163696289,38.45705870667598,37.89026396981486,37.961115001104055,210875
2013-03-05,38.38619613647461,38.74044305342053,38.216156427157195,38.49955504178972,122250
2013-03-06,37.98945617675781,38.556250965328374,37.890267426594306,38.4287245027544,120850
2013-03-07,37.8619270324707,38.25868473603529,37.776908489810694,38.07447744315682,107550
2013-03-08,37.734397888183594,38.11698538440313,37.451001844928584,38.11698538440313,142125
2013-03-11,37.57853317260742,37.961120690841085,37.50768213069884,37.776910684569664,122250
2013-03-12,35.31135177612305,35.807298267054705,35.31135177612305,35.65142867492708,2966875
2013-03-13,35.708106994628906,35.79312553766967,35.212160538624744,35.212160538624744,605350
2013-03-14,35.835628509521484,35.94898744360361,35.60890793866705,35.821458304924946,393125
2013-03-15,35.906497955322266,36.03402716903246,35.70812037963608,35.920668168255816,370100
2013-03-18,36.03400802612305,36.03400802612305,35.62308017742898,35.72226891257849,231750
2013-03-19,35.693939208984375,36.04818631549719,35.424710651281174,35.9206571409373,227375
2013-03-20,35.906497955322266,35.977346317298256,35.70812037963608,35.821479380412725,146500
2013-03-21,36.11903381347656,36.34575174014273,35.863975470304396,35.878145678557395,187375
2013-03-22,36.77085494995117,36.77085494995117,36.10486858368268,36.1332090040965,587925
2013-03-25,36.34574508666992,36.841691473973015,36.1898782298018,36.841691473973015,167725
2013-03-26,36.33156967163086,36.586627931540534,36.175702837111615,36.388250486139675,140625
2013-03-27,36.01984405517578,36.30324280696074,35.90648509499996,36.260732183385755,166850
2013-03-28,36.459110260009766,36.487450676171036,36.048185036434646,36.246562544181884,148700
2013-04-01,36.544132232666016,36.544132232666016,36.09069367317264,36.529962024304574,148450
2013-04-02,36.4732780456543,36.85586553034877,36.359919091228974,36.61497741435862,252000
2013-04-03,36.161556243896484,36.58665181950376,36.090705179500766,36.40244445745841,126500
2013-04-04,36.544132232666016,36.62915078014376,36.076523464811196,36.133204298256956,162075
2013-04-05,36.64332580566406,36.671663523421344,36.17571967902829,36.21822760700984,80350
2013-04-08,37.19593811035156,37.19593811035156,36.55829237595511,36.6858215228344,107900
2013-04-09,36.95505905151367,37.195947198621916,36.75668153131548,37.181776989651894,112150
2013-04-10,37.05424880981445,37.18177799128908,36.898381912327416,36.95506004704332,149975
2013-04-11,37.29513931274414,37.45100892274095,36.9692325851974,36.983402795441776,229225
2013-04-12,37.26678466796875,37.39431380880047,36.969218474488216,37.2526171658232,163625
2013-04-15,36.31740951538086,37.26679179953447,36.28907180297669,37.210113672035384,120225
2013-04-16,36.77085494995117,37.01174311808613,36.41660780285219,36.60081513015951,178650
2013-04-17,36.756683349609375,36.84170190494419,36.28907724123119,36.62915416526159,137025
2013-04-18,36.586639404296875,36.969226914132314,36.388261896689244,36.884208368399165,106325
2013-04-19,37.025909423828125,37.025909423828125,36.558303312942506,36.58664373243646,94550
2013-04-22,37.16761016845703,37.16761016845703,36.388267522907285,37.011743260961836,133425
2013-04-23,37.08256912231445,37.32345714530225,36.95504000998623,37.21009823464268,157275
2013-04-24,37.29867935180664,37.39952509276934,36.99614212891856,37.16901975690022,84675
2013-04-25,37.09699630737305,37.370722486415154,37.03936858637851,37.28428090492335,80775
2013-04-26,36.82326889038086,37.15462277927783,36.780050848928866,37.11140198998495,101700
2013-04-29,37.11138916015625,37.32748753623121,36.808849235379355,37.05376146102163,96550
2013-04-30,37.52919387817383,37.64444657433254,37.12581081553884,37.140217746038815,121325
2013-05-01,36.96733474731445,37.5868189763638,36.83767512970688,37.5868189763638,105525
2013-05-02,37.471561431884766,37.55800024980695,37.03936184659289,37.15461726760977,69100
2013-05-03,37.68766403198242,37.81732364717141,37.529190558342364,37.529190558342364,71025
2013-05-06,37.86055374145508,38.00461757344155,37.63004831286698,37.63004831286698,82600
2013-05-07,38.364776611328125,38.364776611328125,37.932579687703985,37.99020740970242,109475
2013-05-08,38.609676361083984,38.624083286892045,38.321546088443135,38.321546088443135,92875
2013-05-09,37.58681869506836,38.552060981233865,37.572411765681906,38.552060981233865,109250
2013-05-10,37.90375900268555,37.90375900268555,37.45715522896629,37.71647443559055,66400
2013-05-13,38.364776611328125,38.379183541827736,37.83173392204775,37.91817275720438,90850
2013-05-14,38.37917709350586,38.5088366983764,38.148671739922804,38.278331344793344,98500
2013-05-15,38.56645584106445,38.59526969081992,37.96137873539946,38.10544523633683,90350
2013-05-16,38.42238998413086,38.75374101835267,38.263916555659556,38.580863412602156,82100
2013-05-17,38.04782485961914,38.566463263676326,37.990199896857504,38.566463263676326,98250
2013-05-20,38.23512268066406,38.364779569475786,37.94698954413721,37.94698954413721,78725
2013-05-21,38.321556091308594,38.45121570958536,38.19189647303183,38.364774132173615,85175
2013-05-22,37.34190368652344,38.79697047507511,37.15461911374618,38.436805510022936,106500
2013-05-23,36.837669372558594,37.22664816459006,36.520725216740594,37.02495667887318,158900
2013-05-24,36.880897521972656,36.880897521972656,36.30463405634703,36.823269801489616,72325
2013-05-28,36.506324768066406,37.35631439134519,36.30463324655649,37.31309360194696,118425
2013-05-29,35.59871292114258,36.56395538398505,34.63347320614142,36.376670763362476,293475
2013-05-30,35.49784851074219,35.77157457981713,35.22412518950712,35.555476208585276,113525
2013-05-31,35.022438049316406,35.59870140462223,34.87837152352984,35.29616417352683,151850
2013-06-03,34.921592712402344,35.166504984740236,34.34532935038391,34.93599963993286,175475
2013-06-04,34.63345718383789,35.19531353361814,34.547015631687046,34.935994372845705,145450
2013-06-05,34.59024429321289,34.93600233711771,34.35973893060968,34.575837364570106,98875
2013-06-06,35.670738220214844,35.68514514845752,34.35973797637766,34.66227522595212,174800
2013-06-07,35.55548858642578,35.872432791380135,34.83515859965975,35.81480782131608,149300
2013-06-10,35.26735305786133,35.58429998877572,35.19532116329386,35.55548613181248,107575
2013-06-11,34.73431396484375,35.23854277361942,34.73431396484375,35.15210394180658,71550
2013-06-12,34.35973358154297,34.9792176775391,34.23007399178377,34.76311652938026,106225
2013-06-13,35.45463943481445,35.56989211175335,34.30210991758495,34.330923773779816,113925
2013-06-14,35.58430099487305,36.059718656845774,35.310574841664284,35.3681998093794,105650
2013-06-17,35.58430099487305,36.0164978701789,35.38260673826836,35.65633289147711,147725
2013-06-18,35.742759704589844,36.174959182483384,35.368187922884694,35.58428903575136,105100
2013-06-19,34.57583999633789,35.858026516893005,34.43177344678497,35.68514885570221,116775
2013-06-20,33.797874450683594,34.73430543200227,33.58177605031784,34.37414051544594,175525
2013-06-21,34.647865295410156,34.73430685737591,33.697030096509714,33.898724326589445,356500
2013-06-24,33.88432312011719,34.734312721397465,33.3224638638453,34.114828495260234,187450
2013-06-25,34.63345718383789,34.719895988148686,33.783467822568255,34.172443815886865,141650
2013-06-26,35.26735305786133,35.339387700269434,34.71990351476291,34.90718808934271,259950
2013-06-27,36.319026947021484,36.3622477239464,35.22412807665793,35.44022646560231,217700
2013-06-28,36.33344268798828,36.56394805850018,36.08853038833929,36.31903575885119,425850
2013-07-01,36.47751235961914,36.82327044503721,36.16056813494616,36.7224246802704,192875
2013-07-02,37.226646423339844,37.25546027647748,36.50631658194061,36.54953736164706,143150
2013-07-03,36.895301818847656,37.255466802638544,36.54954376414929,37.154621046831615,60000
2013-07-05,36.90970993041992,37.44275258471675,35.80040108532317,37.44275258471675,137825
2013-07-08,36.736820220947266,37.29867659207643,36.708006369135475,36.9385116879495,84975
2013-07-09,36.96733474731445,37.19784012354107,36.72242244159357,36.75123630058211,134175
2013-07-10,37.226646423339844,37.25546027647748,36.79444961763641,37.08257990549194,109575
2013-07-11,37.615623474121094,37.93256760059602,37.5003708146902,37.572402696394455,134050
2013-07-12,37.50038528442383,37.81732953319347,37.37072564905415,37.67326296635592,81350
2013-07-15,37.70207214355469,37.88935673367831,37.52919173526753,37.54359866494487,99675
2013-07-16,37.52919387817383,37.788513131491186,37.47156890401498,37.71648122683238,99625
2013-07-17,37.990203857421875,38.119860724112705,37.61563194297955,37.71647769920618,103425
2013-07-18,38.206298828125,38.36476953872432,38.00460458615415,38.06223229752883,84325
2013-07-19,38.364776611328125,38.55206395998201,38.07664624485904,38.263930845671894,74250
2013-07-22,38.52323532104492,38.724926774986315,38.36476189418241,38.407982669101266,69300
2013-07-23,38.62409210205078,38.94103904648454,38.56646713350695,38.81137943245996,118225
2013-07-24,37.774879455566406,38.755855148033426,37.59918390049707,38.726574417275536,119675
2013-07-25,38.009151458740234,38.14092455395074,37.584551435108416,37.77488879895071,101375
2013-07-26,37.92129898071289,38.18484513861734,37.62847208842083,37.92129898071289,61250
2013-07-29,37.54061508178711,38.08234906838022,37.4381255473958,37.89200896797033,66500
2013-07-30,37.833457946777344,38.00915355499373,37.49670570383648,37.70168484429938,83575
2013-07-31,36.9989013671875,37.83346259022258,36.867128248536524,37.83346259022258,185625
2013-08-01,36.7207145690918,37.218523524219684,36.39860404215154,36.99890258345897,130275
2013-08-02,36.296112060546875,36.720712145644455,36.13505541139008,36.676786843338526,105000
2013-08-05,35.666526794433594,35.85686416859465,35.13943438501632,35.7836581306784,148350
2013-08-06,35.871498107910156,35.900781633739825,35.54938770167598,35.68116077527876,91075
2013-08-07,35.95933532714844,36.12039187925904,35.578657981106055,35.871487568101706,89725
2013-08-08,35.695804595947266,36.12040740028076,35.46154194273951,36.12040740028076,98250
2013-08-09,35.84222412109375,36.01792253020123,35.564038929568156,35.85686588790533,135450
2013-08-12,36.01791763305664,36.047201162698286,35.593314831145996,35.79829674600645,99550
2013-08-13,35.769020080566406,36.01792454502389,35.50547384847829,36.01792454502389,96075
2013-08-14,35.75437545776367,35.76901722422508,35.359056141199794,35.66652765162661,85050
2013-08-15,34.83195495605469,35.76900535766215,34.83195495605469,35.35904441064365,106600
2013-08-16,34.07059860229492,34.74410285051947,33.92418378535861,34.70018036027982,139000
2013-08-19,33.719215393066406,34.24630499123647,33.719215393066406,34.18774072149813,91975
2013-08-20,34.49519729614258,34.583047858817885,33.807051310967516,33.85097659230517,98900
2013-08-21,34.31950378417969,34.75874545299241,34.085241188462184,34.495199334652604,62875
2013-08-22,34.83195495605469,34.83195495605469,34.143806123822536,34.31950447043918,62025
2013-08-23,35.315120697021484,35.315120697021484,34.81731199022756,34.875876241987235,81725
2013-08-26,34.84660720825195,35.52011453561532,34.72947586340157,35.52011453561532,83950
2013-08-27,34.78803253173828,35.13942646123495,34.42199683943375,34.55376991207384,124675
2013-08-28,34.49519729614258,34.86123292939893,34.43663304698929,34.86123292939893,90200
2013-08-29,34.74410629272461,34.83195686716824,34.33414811584354,34.524485441876806,92250
2013-08-30,34.23165512084961,35.06621880623483,34.129165578599824,34.80267267323219,104075
2013-09-03,33.99740219116211,34.583061672407766,33.675291710582094,34.52449460723065,133675
2013-09-04,34.09988784790039,34.52448781639173,33.93883124297393,34.11452681868386,130950
2013-09-05,33.88026809692383,34.26094561170884,33.733856031155945,34.26094561170884,95525
2013-09-06,35.095497131347656,35.30047899442214,34.085240747618535,34.21701380508414,169600
2013-09-09,35.13943862915039,35.2272864437864,34.86125062473275,35.110155093394496,149175
2013-09-10,34.93445587158203,35.43226475771256,34.83196629960776,35.32977239310689,106325
2013-09-11,34.74410629272461,35.24191504404931,34.670900273318885,34.93444641138851,173525
2013-09-12,34.43663787841797,35.05157794026938,34.43663787841797,34.89052134539881,161325
2013-09-13,34.56841278076172,34.919806721499846,34.50984572765663,34.70018585761736,133400
2013-09-16,34.72947692871094,35.41762604436818,34.714835161076564,35.022306696135075,115000
2013-09-17,34.553775787353516,35.06622640223948,34.52449225675862,34.846602715408935,133900
2013-09-18,35.52009582519531,35.549379344140526,34.246290677379164,34.53912028157117,179950
2013-09-19,35.27119827270508,35.930063612346885,35.13942520477672,35.695798208428215,154000
2013-09-20,35.007659912109375,35.43226273476813,34.656265917132075,35.43226273476813,231425
2013-09-23,35.43226623535156,36.03256471849073,35.036946904709225,35.036946904709225,231175
2013-09-24,35.154075622558594,35.505469626009535,35.13943385666923,35.432263589193994,131650
2013-09-25,35.38833999633789,35.59331914340119,35.0076624427693,35.154077316085136,123750
2013-09-26,35.622589111328125,35.710436884812175,35.32975947620748,35.50545781580594,104050
2013-09-27,35.59331512451172,35.63724041933623,35.25656290875046,35.46154203266929,116950
2013-09-30,35.03693771362305,35.710442062367505,34.93444816426026,35.40297341427915,123275
2013-10-01,35.30049133300781,35.63724357862258,34.86124672371644,34.993019827240715,100600
2013-10-02,35.051578521728516,35.285841140355096,34.81731590310193,35.154068068298805,90725
2013-10-03,34.42200469970703,35.12479271918218,34.334156895430475,35.12479271918218,107750
2013-10-04,34.407352447509766,34.58305079514808,34.27557938493865,34.407352447509766,67350
2013-10-07,34.81732177734375,34.890527810779076,34.158456305901105,34.27558763497633,79550
2013-10-08,34.64162063598633,35.022298123403104,34.59769534383522,34.89052503958072,64800
2013-10-09,34.52448654174805,35.022295308931795,34.4219969942627,34.80267445108737,111925
2013-10-10,35.783653259277344,35.81293399487891,34.773393876302826,34.83196093276788,123800
2013-10-11,36.047203063964844,36.17897336904014,35.50546890754558,35.75437333736558,79000
2013-10-14,35.944705963134766,36.19361036012032,35.66652083145687,35.98863125411958,65200
2013-10-15,35.88614273071289,36.20825316261713,35.739727882526985,35.769011410690354,89775
2013-10-16,35.900787353515625,36.36931267091368,35.88614558826804,36.16433354270983,144975
2013-10-17,36.73535919189453,36.75000096143384,35.97400393164246,36.00328747072108,138300
2013-10-18,36.66213607788086,37.057452500972865,36.45715419234093,37.057452500972865,120975
2013-10-21,36.63286209106445,36.73535166420579,36.44252191868932,36.60357855798652,94575
2013-10-22,37.057456970214844,37.20387182250696,36.79391079461524,36.82319432359987,92775
2013-10-23,37.191505432128906,37.548972514095425,36.938299227290635,37.14682382244298,140825
2013-10-24,37.26597595214844,37.54896892274533,37.16171508499215,37.35534200386874,76800
2013-10-25,37.608551025390625,37.683022267300416,37.29576840029458,37.44471088411416,69650
2013-10-28,37.56386947631836,37.68302517711247,37.19150755622478,37.60855392945215,86075
2013-10-29,37.17660903930664,37.53407894701541,36.938297661431264,37.47449968209871,89800
2013-10-30,36.86382293701172,37.23618478486032,36.72977244451459,37.23618478486032,85650
2013-10-31,36.416988372802734,36.86382143566478,36.253148257335496,36.86382143566478,128975
2013-11-01,36.714881896972656,36.80424795539239,36.23825913087304,36.491465330475435,108875
2013-11-04,36.96809005737305,36.96809005737305,36.49146726599322,36.81914472484287,81125
2013-11-05,36.714881896972656,36.78935597973558,36.34252000584536,36.714881896972656,88800
2013-11-06,36.670204162597656,37.01277645681423,36.53615364035707,36.81914666206846,76650
2013-11-07,36.26803970336914,36.819133573659705,36.13398922878061,36.64040150147171,95750
2013-11-08,35.92548370361328,36.38721174566736,35.448858001126105,36.32763246752033,120525
2013-11-11,35.40416717529297,36.074416834746565,35.38927235963014,35.91057954424667,123375
2013-11-12,35.79142379760742,35.79142379760742,35.299906245171165,35.40416711373407,99850
2013-11-13,36.47657775878906,36.56594383495841,35.74674864813062,35.925483641365666,147825
2013-11-14,36.86382293701172,37.13192392200598,36.55104034844871,36.55104034844871,129550
2013-11-15,36.96809005737305,37.08724575521801,36.71488384434052,36.80424990750026,87975
2013-11-18,37.191505432128906,37.51918572127009,36.938299227290635,37.20640024898949,114375
2013-11-19,36.84893035888672,37.325553098520224,36.80424591171022,37.28087149223934,95675
2013-11-20,36.655303955078125,37.3106588109025,36.40209776595191,36.938296935181334,90050
2013-11-21,37.057456970214844,37.1766126707919,36.50636292038198,36.71488468616782,142375
2013-11-22,37.131919860839844,37.29575996506037,36.7893476801016,37.29575996506037,116425
2013-11-25,36.99787902832031,37.325556481291464,36.938299760018715,37.19150596850875,104050
2013-11-26,36.93829345703125,37.26597369498437,36.81913778165613,37.11702839054162,73900
2013-11-27,37.11703109741211,37.29576604395726,36.92340417614249,36.96808578210708,80875
2013-11-29,36.95319747924805,37.34045423093436,36.95319747924805,37.34045423093436,47300
2013-12-02,36.93829345703125,37.08723876147399,36.56593161637208,37.01276752970032,132775
2013-12-03,36.74467086791992,37.05745348720038,36.536149121732954,36.863826557297585,113275
2013-12-04,36.59572219848633,37.08723972732099,36.4914613349298,36.58082738356462,78350
2013-12-05,36.670204162597656,36.774465048585654,36.282947414002194,36.580835253839886,58475
2013-12-06,36.99787902832031,37.14682435817843,36.77446245398107,37.07235027280143,57525
2013-12-09,37.161712646484375,37.1766046200476,36.78935080770556,37.05744894527419,64425
2013-12-10,36.81916046142578,37.48941332383103,36.81916046142578,37.16173572493132,61350
2013-12-11,36.25315856933594,36.93830317272919,36.10421322571684,36.93830317272919,89425
2013-12-12,36.104209899902344,36.28294486395995,35.92547777674062,36.14889435114071,65400
2013-12-13,36.28293991088867,36.53614608488189,36.05952052609222,36.238255465750285,50050
2013-12-16,36.17868423461914,36.5659381177702,36.16378941743704,36.312731907466265,74100
2013-12-17,36.74467086791992,36.7595656842041,36.074418339610766,36.16378723731581,68300
2013-12-18,37.2957763671875,37.32556316577682,36.431893867480355,36.87872993707678,72075
2013-12-19,36.774478912353516,37.28089155597793,36.744689264870395,37.08726168823481,67900
2013-12-20,37.2361946105957,37.265984248099265,36.7297821366199,36.77446659287525,193025
2013-12-23,37.04256820678711,37.45961177453639,36.96809411190599,37.429822136583944,81700
2013-12-24,36.92341613769531,37.3106701056877,36.908521317249985,37.01278221947074,63300
2013-12-26,37.057456970214844,37.31066318905308,36.95319608732193,37.02767017574258,62950
2013-12-27,37.2808723449707,37.310659136207406,36.89361564993679,37.01277133757063,79750
2013-12-30,37.221290588378906,37.40002552830948,36.982979229068484,37.23618540344775,72450
2013-12-31,37.01277160644531,37.45960472809427,37.01277160644531,37.2212933510954,84975
2014-01-02,36.96809005737305,37.176611818377744,36.62551778118079,37.02766932674349,103325
2014-01-03,37.2808723449707,37.459604455973626,36.81914156960584,36.997876521504445,77725
2014-01-06,37.56386947631836,37.56386947631836,37.04256506090414,37.41492698099773,124075
2014-01-07,37.77238845825195,37.84685969482189,37.41492140910423,37.62344314421651,76425
2014-01-08,37.131919860839844,37.83195903550867,36.89360853155279,37.77238262363447,138200
2014-01-09,36.66210174560547,37.45020589368279,36.63178926932181,37.328958879304984,193750
2014-01-10,37.51082229614258,37.52597853082974,36.70755920226002,36.70755920226002,118150
2014-01-13,37.07130432128906,37.57145144980539,36.84396655699033,37.51082650425559,89125
2014-01-14,37.20770263671875,37.31379627739836,37.010677371254594,37.17739305870928,62175
2014-01-15,37.31380081176758,37.49566986494964,37.17739757650279,37.26833210309382,63050
2014-01-16,37.48052215576172,37.52599087477987,37.25318434218523,37.28349682153066,46150
2014-01-17,37.404747009277344,37.647241083020035,37.29865621335959,37.571462769009464,51125
2014-01-21,37.76847457885742,37.79878704989675,37.465355649976814,37.525980592055475,64975
2014-01-22,37.76847457885742,37.920034043297726,37.58660264337779,37.859409101219065,48550
2014-01-23,37.81393814086914,37.889716417401566,37.510819253227545,37.692691163963694,55050
2014-01-24,37.49567413330078,37.813949348735235,37.3289584066086,37.616921146143234,65475
2014-01-27,37.238014221191406,37.75331461494527,37.207701753145635,37.75331461494527,58275
2014-01-28,37.81393814086914,37.87456018394389,37.238012832501305,37.238012832501305,98125
2014-01-29,37.31380081176758,37.75332009925463,37.147085104053616,37.61691686398984,76525
2014-01-30,37.78363037109375,37.88972112773038,37.3592644537909,37.61691467308972,78950
2014-01-31,37.4350471496582,37.8139443763116,37.253175208931744,37.34410973391676,85375
2014-02-03,36.859130859375,37.55630343197958,36.753040072203184,37.46536599375476,94925
2014-02-04,37.32895278930664,37.49566849091126,36.67725200007009,36.84396481091834,97800
2014-02-05,36.87428665161133,37.29865268590607,36.58632388224143,37.283496446385854,87925
2014-02-06,36.783348083496094,37.086464168487545,36.75303560776991,36.93490757137021,82450
2014-02-07,36.52569580078125,37.040996296593406,36.48022708970725,36.843968106029365,89075
2014-02-10,36.980369567871094,37.04099451305064,36.40444704244786,36.55600651464024,85125
2014-02-11,37.17741012573242,37.328966757623235,36.75304404046876,37.04100684442472,59050
2014-02-12,37.101619720458984,37.389582453020616,36.99552894813542,37.207710492782546,88700
2014-02-13,37.374420166015625,37.64722661683791,37.05614790056047,37.07130124493391,100800
2014-02-14,37.4350471496582,37.60175996367133,37.28348768084556,37.35926596987367,51600
2014-02-18,37.57145309448242,37.6017626778276,37.07130594407233,37.359268666526326,74175
2014-02-19,37.51082229614258,37.874563256365946,37.37441907471429,37.6320692828837,82150
2014-02-20,37.67754364013672,37.78363440810868,37.40473715634788,37.63207492925304,58475
2014-02-21,37.78363037109375,37.88972112773038,37.495667681111236,37.88972112773038,85200
2014-02-24,37.374420166015625,37.935189302789915,37.374420166015625,37.874564362271066,94975
2014-02-25,37.5562858581543,37.722998635375106,37.37441395756566,37.51081716031819,44600
2014-02-26,37.5562858581543,37.601751665234616,37.28347945264924,37.51081716031819,76225
2014-02-27,37.38958740234375,37.647237693845184,37.131937110842316,37.55630314706736,63225
2014-02-28,37.75331497192383,37.81393990858861,37.37441779003719,37.510821006776865,110900
2014-03-03,37.81393814086914,37.87456018394389,37.465350552854524,37.64722246359067,76125
2014-03-04,38.207984924316406,38.4201692812902,37.88971272498922,37.96549099413693,192375
2014-03-05,38.162532806396484,38.480805119874326,37.99581708557093,38.177689043813054,69825
2014-03-06,37.87455749511719,38.283767097155554,37.73815429443773,38.162520128857786,71925
2014-03-07,37.3441047668457,37.99580837252867,37.31379518971974,37.889717625697685,102175
2014-03-10,37.05615234375,37.51082788913382,36.67725509234461,37.29864635338892,118250
2014-03-11,36.96522521972656,37.32896633551483,36.88944690463804,36.995537702064944,73325
2014-03-12,37.48052215576172,37.49567839543444,36.96522156991786,36.96522156991786,84975
2014-03-13,37.253177642822266,37.63207489423045,37.222865168928024,37.6017624203362,71375
2014-03-14,37.51082229614258,37.51082229614258,37.22285961859884,37.25317208797317,46850
2014-03-17,37.404747009277344,37.66239732397363,37.222875008591636,37.571462769009464,52800
2014-03-18,37.29863357543945,37.45019011147533,37.13191791689323,37.40472430696682,92650
2014-03-19,37.01068115234375,37.54113784690985,36.768187158957495,37.38957837835433,104650
2014-03-20,37.04098892211914,37.1319234354064,36.87427323879579,36.904585706810224,110400
2014-03-21,37.798789978027344,37.798789978027344,37.28348949346572,37.298645730159485,158575
2014-03-24,37.54114532470703,38.11706795102795,37.344117109112005,37.79879560534568,100725
2014-03-25,37.88972473144531,37.980659261388936,37.556296194480964,37.73816525436821,61400
2014-03-26,37.48052215576172,38.02613522095102,37.48052215576172,38.02613522095102,113475
2014-03-27,37.6472282409668,37.707850293344656,37.29864349021402,37.46535630232043,104525
2014-03-28,37.662376403808594,38.08673935176048,37.525973201750986,37.677532636343415,90350
2014-03-31,38.192840576171875,38.31408756981104,37.43504614323796,37.72300594640827,118100
2014-04-01,38.05644226074219,38.16253303253011,37.64723252034014,38.16253303253011,101000
2014-04-02,38.10191345214844,38.13222593143309,37.541147039168116,38.10191345214844,127375
2014-04-03,38.01096725463867,38.10190177386393,37.87456403042266,38.10190177386393,77675
2014-04-04,37.798789978027344,38.192843459795434,37.69269921192758,38.0867498029391,100975
2014-04-07,37.935184478759766,38.1625221952835,37.73815633788487,37.79878127069434,89000
2014-04-08,37.96550369262695,38.05644111492725,37.64723138684582,38.05644111492725,175125
2014-04-09,38.132225036621094,38.16253751519443,37.61692446390267,37.98066553451149,107275
2014-04-10,38.132225036621094,38.75361639358913,38.117068797334426,38.238315820870696,159100
2014-04-11,37.78363037109375,38.405021566328024,37.692695849798966,37.965499413683325,150675
2014-04-14,37.76847457885742,37.98065609462004,37.54113682757514,37.93519027881739,88200
2014-04-15,38.617210388183594,38.64752286460414,37.813949998336994,37.813949998336994,121725
2014-04-16,38.73845291137695,38.859699912243684,38.35955567232386,38.783921620735676,75850
2014-04-17,38.96579360961914,38.980949847212855,38.511118044834525,38.73845582722683,122275
2014-04-21,39.20827865600586,39.40530390359123,38.829381503086715,39.05671921668703,91875
2014-04-22,39.405311584472656,39.49624610948656,39.08703930154577,39.20828629848312,117000
2014-04-23,38.95840072631836,39.574830512940515,38.95840072631836,39.42072233144271,158450
2014-04-24,39.12792205810547,39.29744137325499,38.958405682325406,39.25120803111345,71575
2014-04-25,38.98922348022461,39.29743987064406,38.85052639847279,39.127920561976424,78375
2014-04-28,39.15876388549805,39.420747076686034,38.958425181352375,39.23581655493001,99300
2014-04-29,39.02003479003906,39.513178525242,38.98921257174675,39.405303700587424,90750
2014-04-30,39.22039794921875,39.34368395116763,38.75807323738287,39.174164596224124,82875
2014-05-01,38.95840072631836,39.09709779572948,38.52689840599831,39.09709779572948,104025
2014-05-02,39.189571380615234,39.45155447320983,38.835124531625425,38.835124531625425,84500
2014-05-05,38.742652893066406,39.02004706623185,38.63477803447305,38.973816663617235,81550
2014-05-06,38.48067092895508,38.773476224447684,38.37279606729189,38.773476224447684,82550
2014-05-07,38.75804901123047,38.91215715218208,38.449835668695556,38.52688826948721,106550
2014-05-08,38.681007385253906,39.08168748966421,38.48066586336419,38.91216819258354,120250
2014-05-09,39.05085754394531,39.05085754394531,38.55771380197851,38.55771380197851,80650
2014-05-12,39.11251449584961,39.328267172733085,38.989228511646076,39.17415895763624,75950
2014-05-13,38.81969451904297,39.45153526902125,38.78887230212491,39.09708859256873,122325
2014-05-14,38.927589416503906,39.20498363310081,38.75807007539027,38.912178300096315,85450
2014-05-15,38.773468017578125,38.9121650787509,38.35737683405977,38.9121650787509,94875
2014-05-16,39.09709930419922,39.09709930419922,38.65018585454937,38.773471816630504,76150
2014-05-19,38.88134002685547,39.1279119089144,38.665590364896076,39.1279119089144,74175
2014-05-20,38.773468017578125,38.9583984122648,38.526896117575156,38.9429873010935,135150
2014-05-21,38.40361785888672,39.05086996086563,38.37279563037118,39.02004773235009,102250
2014-05-22,38.28033447265625,38.57313978461399,38.21869001145686,38.40362045568535,66800
2014-05-23,38.665592193603516,38.758055918906564,38.34196474598962,38.38819807832556,72875
2014-05-27,39.405311584472656,39.405311584472656,38.66559583367211,38.7580595676799,107675
2014-05-28,38.942989349365234,39.359080554768596,38.78888116891558,39.32825833080486,82725
2014-05-29,39.11251449584961,39.220392303976205,39.02005074253939,39.17415895763624,60375
2014-05-30,39.3282585144043,39.42072224735813,39.05086437617374,39.204972557342835,96575
2014-06-02,39.23579788208008,39.42072831582519,39.143334134892285,39.23579788208008,69800
2014-06-03,39.25119400024414,39.359071760012036,39.143319179844646,39.18955250545946,58900
2014-06-04,39.3282585144043,39.42072224735813,39.158739221181385,39.26661406618903,44600
2014-06-05,40.252906799316406,40.26831497281926,39.23579392534342,39.3590828283201,119350
2014-06-06,40.19127655029297,40.53031233517684,40.12963501639148,40.3453847941021,69525
2014-06-09,39.62104797363281,40.40699679722863,39.62104797363281,40.22206939130498,75050
2014-06-10,39.4361457824707,39.728951124993756,39.235804202029136,39.59025401218652,55850
2014-06-11,39.37447738647461,39.57481884516616,39.174138867151264,39.38988849401767,55075
2014-06-12,39.389892578125,39.389892578125,38.94298217051161,39.35907329921162,89375
2014-06-13,39.405311584472656,39.51318643070993,39.00463148461341,39.405311584472656,36700
2014-06-16,39.14332962036133,39.405312656652626,39.004632545891276,39.297437807480186,59775
2014-06-17,39.4361457824707,39.4361457824707,39.0971100285919,39.25121531893772,72550
2014-06-18,39.497779846191406,39.55942430217577,39.12792192839356,39.4207272155804,41900
2014-06-19,39.86763381958008,39.86763381958008,39.52859524894536,39.6827034229276,42875
2014-06-20,39.55942153930664,39.96010165711277,39.54401042638688,39.96010165711277,172300
2014-06-23,39.37447738647461,39.80597957957563,39.37447738647461,39.543996630080045,134575
2014-06-24,39.28201675415039,39.52858861539558,39.26660564540151,39.328250080397034,64950
2014-06-25,39.17415237426758,39.54401026472212,39.127919035697296,39.282027224895664,111450
2014-06-26,39.12792205810547,39.22038874238855,39.02004719914466,39.22038874238855,107825
2014-06-27,39.26661682128906,39.35908350009979,38.98922266359544,38.98922266359544,198150
2014-06-30,39.12792205810547,39.35908582944371,38.85052788399515,39.35908582944371,122925
2014-07-01,39.23579788208008,39.57483652071786,38.98922592999962,39.12792302046607,129200
2014-07-02,39.06626510620117,39.22037324641537,38.94297918190347,39.22037324641537,80975
2014-07-03,38.89674758911133,39.12790834003619,38.711820164118805,39.12790834003619,77625
2014-07-07,38.80429458618164,38.97381388868397,38.711830848166386,38.711830848166386,127300
2014-07-08,38.98922348022461,39.11250944851852,38.80429599746841,38.85052639847279,199125
2014-07-09,39.11251449584961,39.220392303976205,38.912175873782516,39.220392303976205,121325
2014-07-10,38.15705108642578,38.88135591859348,37.910479103586994,38.711839517498,418400
2014-07-11,38.23408889770508,38.38819706204287,38.12621406447926,38.37278595167222,133250
2014-07-14,38.295753479003906,38.372806132010574,38.14164523362027,38.249520123577724,102100
2014-07-15,38.557716369628906,38.5731274800127,38.26491115107431,38.35737487400833,162300
2014-07-16,38.4498405456543,38.71182353669134,38.2494990551955,38.557715376192725,99325
2014-07-17,38.218685150146484,38.46525708484142,38.095399182799014,38.31115183018407,112825
2014-07-18,38.43443298339844,38.54230782389437,38.141627745360246,38.141627745360246,89575
2014-07-21,38.23408889770508,38.511483005639356,38.06457256236539,38.46524967452739,141675
2014-07-22,38.126224517822266,38.48067133542231,38.0645829988077,38.341974243427586,143750
2014-07-23,38.643760681152344,38.67512808872044,38.28304446820109,38.39282740332881,182975
2014-07-24,36.49515151977539,37.12248484160368,36.49515151977539,36.620618184141044,3553650
2014-07-25,36.761775970458984,36.85587523987309,36.49515888098416,36.58925815039826,701900
2014-07-28,36.77745819091797,37.012707850605366,36.77745819091797,36.85587374702653,407975
2014-07-29,36.949951171875,37.04405337321644,36.77743645213558,36.79311716099921,406925
2014-07-30,36.66765594482422,36.93427290512764,36.54218931593792,36.93427290512764,330950
2014-07-31,36.620628356933594,36.99702845459022,36.54220980032051,36.85587804404873,480725
2014-08-01,36.40105056762695,36.84018540414541,36.40105056762695,36.76176985789916,328625
2014-08-04,36.699039459228516,36.77745800630516,36.19717272338484,36.41673867247602,255350
2014-08-05,36.65198516845703,36.871551080682984,36.495151091997975,36.65198516845703,298275
2014-08-06,36.056007385253906,36.68334054503692,35.6796074893841,36.68334054503692,314650
2014-08-07,35.97760009765625,36.212849712505694,35.83644973047435,36.212849712505694,324875
2014-08-08,36.10306930541992,36.16580114450366,35.88350039022343,35.96191892827981,222525
2014-08-11,36.58926010131836,36.699043086715356,36.21286001223064,36.244227434161786,146950
2014-08-12,36.66765594482422,36.85585738383386,36.58924042353043,36.58924042353043,175900
2014-08-13,37.012699127197266,37.075430959026704,36.68334728816944,36.69903099396706,225350
2014-08-14,36.949951171875,37.091101482527215,36.79311716099921,37.091101482527215,219775
2014-08-15,36.87154769897461,37.09111359106287,36.73039734224332,37.04406546639306,208500
2014-08-18,37.247955322265625,37.247955322265625,36.87155529060401,37.04407309354283,196025
2014-08-19,37.40478515625,37.49888440560717,37.20089995938806,37.27931849332004,153025
2014-08-20,37.530250549316406,37.624349795489664,37.23226611317982,37.35773277186452,143375
2014-08-21,37.65572738647461,37.95371190315745,37.54594440437091,37.64004367597952,232100
2014-08-22,37.295005798339844,37.6400384068458,37.12248799840612,37.6400384068458,149250
2014-08-25,37.169532775878906,37.51456532546379,37.07543054215132,37.48319791422126,138400
2014-08-26,37.373409271240234,37.54592701542476,37.232258933518445,37.232258933518445,113725
2014-08-27,37.561614990234375,37.640030523948255,37.373413521415856,37.49888017017458,142725
2014-08-28,37.436153411865234,37.624351914812685,37.404785997586906,37.48320154192146,92725
2014-08-29,37.671409606933594,37.671409606933594,37.40479252178657,37.48320807979849,114625
2014-09-02,37.48319625854492,37.796864374393174,37.40478072526329,37.70276513618304,155325
2014-09-03,37.57729721069336,37.6557157389126,37.389098725689166,37.6243483276249,306150
2014-09-04,37.51457214355469,37.79687291332228,37.373421758670894,37.577303986079976,151700
2014-09-05,37.73413848876953,37.7655059060532,37.389105872733786,37.45183771593958,108100
2014-09-08,37.640045166015625,37.78119557469715,37.467527335102204,37.74982815246525,98825
2014-09-09,37.295005798339844,37.70277324004405,37.21658725684202,37.68708953174449,115475
2014-09-10,37.059749603271484,37.3734177563921,36.981334060671934,37.3106859205847,146075
2014-09-11,37.35772705078125,37.373410754635124,37.01269454007798,37.02837824393185,133275
2014-09-12,36.51082992553711,37.34204533451048,36.25989663324015,37.34204533451048,186750
2014-09-15,36.22852325439453,36.74607345839901,36.0873729268151,36.54218832240192,146950
2014-09-16,36.41674041748047,36.54220710745346,36.16580703753449,36.1971744578682,126150
2014-09-17,36.2598991394043,36.699030935594905,36.228531727858964,36.463781331726935,118800
2014-09-18,35.97760009765625,36.448099327355145,35.94623268464668,36.27558154716368,112400
2014-09-19,35.8991813659668,36.13443397087223,35.72666657809358,36.0403317323656,307350
2014-09-22,35.44437789916992,35.86782914237305,35.365959340412594,35.85214543062158,175600
2014-09-23,34.83272171020508,35.39732331276195,34.81704099134459,35.39732331276195,244975
2014-09-24,34.97385787963867,35.17774303820439,34.754292008593104,34.8483912402754,190750
2014-09-25,34.5190544128418,34.973870016607904,34.4720032849922,34.92682188011998,261650
2014-09-26,34.83272171020508,34.86408913064976,34.33085494853757,34.5504239002885,167175
2014-09-29,34.78566360473633,34.80134731046525,34.503362884337626,34.80134731046525,133750
2014-09-30,34.36220932006836,34.86407589115401,34.25242638156347,34.83270848262097,240825
2014-10-01,34.36220932006836,34.64451001414422,34.1896915644974,34.40926043286791,141650
2014-10-02,34.31515121459961,34.51903633715632,34.0485342791209,34.34651861674066,149625
2014-10-03,34.409271240234375,34.53473792241274,34.15833787587765,34.48768679483523,132625
2014-10-06,34.487674713134766,34.660192462454326,34.362208074909795,34.44062360204017,123925
2014-10-07,34.20536804199219,34.566087181189346,34.18968434103926,34.44061757356592,133500
2014-10-08,34.9425048828125,35.0679715631793,34.17402109164565,34.221069227182184,216525
2014-10-09,34.83272171020508,35.19344106259523,34.75430615045523,34.89545655109445,239475
2014-10-10,34.87976837158203,35.39731877715599,34.817036530092615,34.817036530092615,188200
2014-10-13,35.19342803955078,35.53846056268022,34.91112734273545,34.91112734273545,186150
2014-10-14,35.77370834350586,35.88349127754384,35.1934262660592,35.25615808921207,207175
2014-10-15,35.94623947143555,36.18148913070104,35.381637896109,35.55415570887249,260350
2014-10-16,35.91487121582031,36.103072733665336,35.52278746239135,35.64825414383415,179150
2014-10-17,35.72666931152344,36.19716857460971,35.64825077343482,36.134436735500174,173750
2014-10-20,36.2598991394043,36.27557985381595,35.52277992489404,35.52277992489404,148850
2014-10-21,36.04032897949219,36.291262280287185,35.75802826825758,36.259897861208486,215375
2014-10-22,36.296051025390625,36.40793045413363,35.720686348154565,36.16819186951564,148025
2014-10-23,36.503822326660156,36.63168147646762,36.26408680182149,36.535787876212666,116900
2014-10-24,36.503822326660156,36.679629800796384,36.21613847749272,36.56775037736259,102700
2014-10-27,36.69560623168945,36.80748564507582,36.28006631843507,36.47185350172135,139650
2014-10-28,36.759544372558594,36.887403535396594,36.503826046882594,36.67963353893593,118525
2014-10-29,36.743553161621094,36.871412295108854,36.359975761157806,36.64765957360582,146575
2014-10-30,36.3599739074707,36.75953406030005,36.07229010968924,36.75953406030005,201150
2014-10-31,36.47185516357422,36.59971430772513,36.15220882739818,36.59971430772513,211050
2014-11-03,36.45587158203125,36.67962736564113,36.328012440712335,36.42390908300331,190500
2014-11-04,36.83945083618164,36.85543361069083,36.37596256902526,36.42391089255283,187200
2014-11-05,37.12713623046875,37.20705010635083,36.74355877144278,36.903383474804265,171175
2014-11-06,37.33490753173828,37.4467839043936,36.96730981649614,37.01525813980664,216650
2014-11-07,37.04722213745117,37.33490596846334,36.999273816148346,37.33490596846334,137025
2014-11-10,37.33490753173828,37.36687003220943,36.91936454158816,37.01525813980664,116125
2014-11-11,36.93536376953125,37.28697581856579,36.80750456548197,37.23902747389586,158200
2014-11-12,36.67963409423828,36.951335200432744,36.6636513175912,36.935352423785666,111050
2014-11-13,36.88740539550781,37.111158179656705,36.711597894589076,36.75954622622229,89725
2014-11-14,36.71158218383789,37.03123149445904,36.67961969149717,36.80747880606528,91450
2014-11-17,36.7755241394043,36.999276893959056,36.679630537224064,36.743558589210004,104225
2014-11-18,36.7755241394043,36.83945219139024,36.55177138484954,36.71159303901571,160900
2014-11-19,36.5837287902832,36.839447059409,36.455869655720306,36.663642654636405,133575
2014-11-20,36.21613693237305,36.583731591336175,36.21613693237305,36.583731591336175,189925
2014-11-21,36.088279724121094,36.439891627853484,36.072296949169264,36.439891627853484,177475
2014-11-24,36.487850189208984,36.535798527516164,36.056324289654825,36.08828984852627,204350
2014-11-25,36.200164794921875,36.50383149513594,36.10427117058183,36.50383149513594,211975
2014-11-26,36.42390823364258,36.48783627861012,36.168186908565474,36.296046046902866,132125
2014-11-28,36.312034606933594,36.90338512123315,36.312034606933594,36.51980764509403,92525
2014-12-01,36.13623046875,36.55177350011552,36.13623046875,36.32801768420927,135200
2014-12-02,36.43989562988281,36.56775479513703,36.0083728524017,36.20016007608154,268550
2014-12-03,36.39194107055664,36.58372824534307,36.31202720739381,36.42390661582177,136050
2014-12-04,36.51980209350586,36.61569568586259,36.31202908693021,36.439888226206634,133250
2014-12-05,36.487850189208984,36.58374381741986,36.280080153351506,36.439901850901805,114975
2014-12-08,36.503822326660156,36.919365325635056,36.39194595162895,36.4878395518839,112700
2014-12-09,36.95132827758789,36.967308002838216,36.359977846047435,36.359977846047435,209775
2014-12-10,36.66365051269531,36.95133438922119,36.5837366312143,36.88740328403638,141975
2014-12-11,36.85543441772461,36.99927634305453,36.66364721621978,36.75954081697219,126125
2014-12-12,36.69560623168945,36.967307281680284,36.64766096006904,36.72757177837127,126150
2014-12-15,36.008365631103516,36.75953769527783,35.91246899009223,36.695606601270306,182600
2014-12-16,36.088279724121094,36.471857177757144,35.832561421697065,35.96042057290908,170025
2014-12-17,36.7755241394043,36.82347246469574,36.04033172694878,36.05631450204592,157100
2014-12-18,36.95132827758789,37.07918741840712,36.63167890133861,36.87141440932438,158150
2014-12-19,37.11116027832031,37.19107416889486,36.75954830500197,36.903390259632936,204200
2014-12-22,37.542686462402344,37.542686462402344,37.111160594829116,37.111160594829116,120000
2014-12-23,37.31892776489258,37.558663303960714,37.22303415894588,37.558663303960714,123900
2014-12-24,37.27098083496094,37.54268193566463,37.19107000174339,37.3189291639332,52375
2014-12-26,37.39885330200195,37.54269529168843,37.20706601468929,37.39885330200195,65150
2014-12-29,37.55865478515625,37.78240749774937,37.398830112560276,37.398830112560276,103050
2014-12-30,37.36686325073242,37.76642339393205,37.30293521298951,37.47874265148597,139200
2014-12-31,36.7755241394043,37.78241458330337,36.759541364307154,37.52669627855432,138250
2015-01-02,37.430789947509766,37.54266628674203,36.87140520294683,36.903370742270795,116250
2015-01-05,37.6705322265625,37.766425813521494,37.239006512643776,37.39883118984355,180350
2015-01-06,37.39885330200195,38.03814934038411,37.27099409432552,37.78243092503125,301400
2015-01-07,37.526695251464844,37.686519949659335,37.15910057949932,37.44678442656888,241675
2015-01-08,37.59062576293945,37.846344056695294,37.17508277348557,37.70250213540732,222225
2015-01-09,37.38286590576172,37.62260455791716,37.19107864212168,37.51072509765627,112825
2015-01-12,37.09516906738281,37.2070484887537,36.871416321446105,36.90338187040921,190875
2015-01-13,36.51980209350586,37.3189224760841,36.31202908693021,37.11114946950845,251750
2015-01-14,36.743553161621094,36.82346702530232,36.29604467021282,36.32801021568531,165225
2015-01-15,36.72757339477539,36.93534640894912,36.37596151100766,36.887398086816155,162450
2015-01-16,37.2390022277832,37.25498499850436,36.599706640946074,36.61568941166723,182325
2015-01-20,36.999271392822266,37.5426734717204,36.88739503217892,37.35088629587529,216200
2015-01-21,36.72243881225586,37.0481379709227,36.52702180193366,37.0481379709227,176625
2015-01-22,37.43896484375,37.43896484375,36.82014033908567,36.901563553403214,134525
2015-01-23,37.29241180419922,37.52040246392447,37.14584748941065,37.45526138797513,107975
2015-01-26,37.76466751098633,37.82980546742664,37.17841037253942,37.259833594614015,126500
2015-01-27,37.73209762573242,37.81352084920107,37.52039538105581,37.56924807269825,117150
2015-01-28,37.60183334350586,37.91124730494366,37.471554271231746,37.78096823266955,126750
2015-01-29,37.81352996826172,37.846100507942595,37.24356105433448,37.63439821221214,119100
2015-01-30,37.12956237792969,37.73210490862733,37.12956237792969,37.69953437051449,162925
2015-02-02,37.40639114379883,37.65066697823174,36.83642247971208,37.52038798271244,199775
2015-02-03,37.96009063720703,37.99266117375311,37.48783028167815,37.683247288759986,185025
2015-02-04,37.748382568359375,37.96008481122292,37.56924775094625,37.81352052535706,91975
2015-02-05,38.20436477661133,38.22065004545024,37.65068116657549,37.748389673511525,112500
2015-02-06,37.048126220703125,38.07407296474788,36.98298516719101,38.05779080746624,166450
2015-02-09,36.90156555175781,37.292402592621045,36.88528028679309,36.9667066116167,110050
2015-02-10,36.78757095336914,37.031843710004274,36.49444240296833,36.88527943480387,161025
2015-02-11,36.885292053222656,36.95043313386159,36.494454887682146,36.75501299804249,131350
2015-02-12,37.71580505371094,37.748375579227755,36.86899002685132,36.950416340643365,166750
2015-02-13,37.487831115722656,37.76467447032903,37.37383734137252,37.71581866442294,114175
2015-02-17,37.35755157470703,37.666962356361836,37.19470199662182,37.37383684312528,121925
2015-02-18,37.634403228759766,37.634403228759766,37.227280746773516,37.34127454475398,162075
2015-02-19,36.966712951660156,37.53668179269548,36.901571880629135,37.53668179269548,209700
2015-02-20,37.21097946166992,37.48782275452984,36.98298885772272,37.25983215058263,118200
2015-02-23,37.91123580932617,38.02522957473805,37.48782817629837,37.48782817629837,197125
2015-02-24,37.94379425048828,37.99265004099148,37.406392979338754,37.81351524857617,215425
2015-02-25,38.33464050292969,38.67662177294287,37.86237710403881,37.86237710403881,277900
2015-02-26,37.66695785522461,38.69290790029398,37.61810516190501,38.546343608141214,183925
2015-02-27,38.09037780761719,38.25322741901023,37.53669099253964,37.69954060393268,168050
2015-03-02,37.39011001586914,37.878658632664674,37.2272635830339,37.764664887241366,260125
2015-03-03,37.748382568359375,37.8786615884516,37.24355175376412,37.341260242309076,264425
2015-03-04,37.618099212646484,37.81351616721389,37.21097693351849,37.748378217723584,162975
2015-03-05,37.504119873046875,37.878671768209394,37.47154933274639,37.61811365800089,109100
2015-03-06,36.55958938598633,37.45525734082815,36.47816304984799,37.22726981183506,326150
2015-03-09,36.26646423339844,36.67358663447539,36.10361465174817,36.527022321599894,185925
2015-03-10,36.26646423339844,36.413028546273935,36.038473576649096,36.038473576649096,192900
2015-03-11,36.16874313354492,36.36416320148526,36.00589670070734,36.36416320148526,131475
2015-03-12,36.70616149902344,36.72244366362016,36.217612696481496,36.217612696481496,132950
2015-03-13,36.57587814331055,36.85272152391333,36.26646732847625,36.787583549352625,124375
2015-03-16,36.68986511230469,36.95042315227933,36.57586825198104,36.60843878350209,99150
2015-03-17,36.62472915649414,36.98299573489448,36.445594314245334,36.67358496058853,201100
2015-03-18,37.22726821899414,37.35754724514411,36.46187622252819,36.59215524867816,158975
2015-03-19,37.096981048583984,37.47153277827405,37.01555473380594,37.064410522672766,125350
2015-03-20,37.92752456665039,37.92752456665039,37.12956192314705,37.22727353628875,209175
2015-03-23,37.79723358154297,38.2857822147719,37.74838089248777,37.943797860901974,175475
2015-03-24,37.40639114379883,37.74837544834715,37.34125319908731,37.732090185645205,149825
2015-03-25,36.99927520751953,37.813519844969235,36.91785198621328,37.50410911912804,174400
2015-03-26,36.77128982543945,37.17841216766358,36.689866599433415,36.917854117127895,151075
2015-03-27,36.966712951660156,37.0155656488362,36.68986961197276,36.885286612871376,104850
2015-03-30,37.52040100097656,37.56925369993631,37.01556700034536,37.03185226869772,150125
2015-03-31,37.21097946166992,37.71581025238034,37.04812991773526,37.520393284536105,137500
2015-04-01,37.22726821899414,37.27612091248976,36.77129007442075,37.14584188633979,148175
2015-04-02,37.324981689453125,37.42269019557101,37.11327940851481,37.210987914632696,121350
2015-04-06,37.60183334350586,37.69954187118692,37.32498992666111,37.40641318204565,109150
2015-04-07,37.08069610595703,37.471533101979034,36.96670237037932,37.471533101979034,121050
2015-04-08,36.934139251708984,37.129556235864705,36.83643075963113,37.129556235864705,128500
2015-04-09,36.33159637451172,36.885282999648254,36.2176026174713,36.803859774932796,196200
2015-04-10,36.62472915649414,36.80386399874295,36.41302688427969,36.51073538637118,114575
2015-04-13,36.65729522705078,36.95042380371431,36.59215416286026,36.624724694955525,144000
2015-04-14,36.592159271240234,36.91785842546764,36.461880230768735,36.722438311711734,178150
2015-04-15,36.36416244506836,36.72242893839392,36.36416244506836,36.641005723668826,189750
2015-04-16,36.494449615478516,36.689869723066074,36.233891542759935,36.364170579119225,149150
2015-04-17,36.36416244506836,36.510726716450755,36.152460223125196,36.396732973397015,154475
2015-04-20,36.62472915649414,36.65729969255707,36.347885812153834,36.41302688427969,156775
2015-04-21,36.36416244506836,36.75499946672257,36.266453966178936,36.6247204595045,177075
2015-04-22,36.61323928833008,36.76268133988118,36.39738030669212,36.530217333950375,171850
2015-04-23,36.59662628173828,36.74606512067739,36.530206204802155,36.530206204802155,102975
2015-04-24,36.61323928833008,36.86231148563829,36.56342738253608,36.56342738253608,101500
2015-04-27,36.67965316772461,36.978537220161286,36.546816162984314,36.59663122741843,142750
2015-04-28,36.53022384643555,36.7294810063881,36.41399182274869,36.613245815616125,158650
2015-04-29,35.932437896728516,36.53020591609499,35.91583287762572,36.380763911253375,190925
2015-04-30,34.60407638549805,35.816214568605865,33.97309817574033,35.816214568605865,504350
2015-05-01,33.97309494018555,34.57086304679706,33.70742092993244,34.57086304679706,390600
2015-05-04,33.5745964050293,34.039527679336764,33.39194743451421,33.97310756854204,389925
2015-05-05,32.54509735107422,33.375329410198134,32.14658634274482,33.375329410198134,551375
2015-05-06,32.511898040771484,32.5949200072558,32.08017684746601,32.52850306748535,359525
2015-05-07,32.8273811340332,32.92700810877895,32.31263490249725,32.462076948158085,206800
2015-05-08,33.10966491699219,33.508176039813115,33.09305989098904,33.09305989098904,161325
2015-05-11,32.72774124145508,33.17606724486546,32.594904259009425,32.87718324259187,176075
2015-05-12,32.79416275024414,32.910394719081246,32.26281479722673,32.71114082024153,121700
2015-05-13,32.578311920166016,33.45835599818224,32.5451018730865,32.960217960327185,305300
2015-05-14,33.059844970703125,33.076449994261075,32.661333906565574,32.71114897723942,128950
2015-05-15,33.30891418457031,33.358729255535295,32.94361316541373,33.09305521122425,166675
2015-05-18,33.14286422729492,33.342121326708714,32.94361029496528,33.342121326708714,167350
2015-05-19,32.69455337524414,33.17608652885004,32.61152823352911,33.05985449753432,227500
2015-05-20,33.0266227722168,33.176064762170256,32.711136941944595,32.843973914449535,144450
2015-05-21,32.72774124145508,33.05983528111095,32.578302407401765,33.02662524372867,120975
2015-05-22,32.578311920166016,32.92700791324767,32.561706896626255,32.61151880016112,115575
2015-05-26,32.511898040771484,32.67794514082513,32.163201981035336,32.62813006068353,209050
2015-05-27,32.8439826965332,32.94360966078014,32.37905158490734,32.545098636708296,161600
2015-05-28,32.860591888427734,32.96021886531732,32.5284977426831,32.843986864432054,121350
2015-05-29,32.412269592285156,32.87719765105841,32.37905954034853,32.81078071427003,190000
2015-06-01,32.77756118774414,33.01002514993539,32.345840138614705,32.412260223288754,197275
2015-06-02,32.79416275024414,33.01002166850111,32.56169881256993,32.7443476919924,191325
2015-06-03,32.594913482666016,32.86059068982171,32.49528650941036,32.77756557287169,138325
2015-06-04,32.462074279785156,32.67793640225564,32.37905233550215,32.59491129088847,161650
2015-06-05,32.129981994628906,32.39565600574766,32.0635619083072,32.29602904334914,160950
2015-06-08,32.080177307128906,32.31264135028388,31.930735231647837,32.21301435565819,254275
2015-06-09,31.36617088317871,32.14659116270267,31.216728836762826,32.08017106781364,298850
2015-06-10,31.299758911132812,31.449200981210186,30.552548560745937,31.366175849453345,359975
2015-06-11,31.698261260986328,31.698261260986328,31.382772181879705,31.51560918880606,149750
2015-06-12,31.68166160583496,31.714871654963062,31.499009502715005,31.598639650099308,111825
2015-06-15,31.34956169128418,31.648445744376957,31.24993472928126,31.631840722862467,129150
2015-06-16,31.59864044189453,31.631847324770124,31.266546276461142,31.382778284237425,146575
2015-06-17,31.68166160583496,31.897520590998415,31.415987546979352,31.68166160583496,173775
2015-06-18,31.947341918945312,32.163204113452196,31.565435780461097,31.61525086390543,172550
2015-06-19,32.16319274902344,32.4122617440695,31.831098644239294,31.963935652736133,318950
2015-06-22,32.16319274902344,32.56170377451395,32.14658772707582,32.179794603886954,233600
2015-06-23,32.2130012512207,32.412258326498204,32.03035236322374,32.16318935771415,442900
2015-06-24,31.86430549621582,32.179791380365316,31.831095455647308,32.163189527164846,196275
2015-06-25,31.41598892211914,31.880920129009713,31.299756912167684,31.864315103718827,193900
2015-06-26,31.499011993408203,31.532222045162293,31.13371092536777,31.38277997935374,241425
2015-06-29,30.98426055908203,31.74807570938085,30.901238619022685,31.43258663640412,182825
2015-06-30,30.801607131958008,31.249933189506855,30.635563259162613,31.06728112893128,242475
2015-07-01,31.117094039916992,31.15030407901383,30.535931024056907,30.76839813065113,245400
2015-07-02,30.768390655517578,31.415970425159177,30.6853655779463,31.332948514670772,208775
2015-07-06,30.718595504760742,30.934454512087637,30.58575846169382,30.6687804259538,168575
2015-07-07,31.283145904541016,31.54881992422035,30.71858782095139,30.868029852906535,192475
2015-07-08,31.050687789916992,31.366173768406668,30.98426768891828,31.133709749080644,170600
2015-07-09,30.85142707824707,31.316358230097144,30.618963085864213,31.183521210580604,258725
2015-07-10,31.150312423706055,31.449196521476782,30.868033349931974,30.868033349931974,153025
2015-07-13,31.399372100830078,31.797883056846008,31.150303149205566,31.23332507738589,208475
2015-07-14,31.465803146362305,31.681662135132058,31.283151040190827,31.465803146362305,167075
2015-07-15,31.66505241394043,31.781284403507286,31.299751422861146,31.349563322913124,190850
2015-07-16,31.997140884399414,32.113372853467844,31.731466907361956,31.8144888375298,172750
2015-07-17,31.91412353515625,32.04696055592473,31.73147461102735,31.93072855863786,147775
2015-07-20,31.698261260986328,31.947330253087742,31.582029275811273,31.880913333166596,131400
2015-07-21,31.66505241394043,31.864309515400883,31.582030469131016,31.64844739156171,211275
2015-07-22,31.32530403137207,31.88589772123283,31.257351710106516,31.682043997581182,273075
2015-07-23,30.49290657043457,31.359275958100476,30.373990011988255,31.3253030386893,331750
2015-07-24,30.543861389160156,30.76470314144313,30.373983865898854,30.492900400282746,191600
2015-07-27,30.306041717529297,30.798683083265566,30.25507747687589,30.543868360288528,169350
2015-07-28,30.238080978393555,30.54385985689533,30.102179614630998,30.30603328034688,260525
2015-07-29,30.52688217163086,30.71374782546058,30.000264612827788,30.17014218538706,203475
2015-07-30,29.796409606933594,30.730731254342945,29.42267835585409,30.509889471406016,300975
2015-07-31,29.337739944458008,30.221100558036426,29.116898170991117,29.932309712833657,555850
2015-08-03,29.490629196166992,29.60954250096693,29.3037635799702,29.37171589136705,231950
2015-08-04,29.08292579650879,29.711468492379005,29.014973483363562,29.592555184519487,138475
2015-08-05,28.25052833557129,29.201841351956755,27.91077646412923,29.201841351956755,316025
2015-08-06,28.335458755493164,28.454372030631014,27.350173167023332,28.23353355396697,331700
2015-08-07,28.182580947875977,28.52233607984316,27.299220196877357,28.21655710910171,256250
2015-08-10,28.182580947875977,28.3354704332467,27.94475429958599,28.233545189714576,168125
2015-08-11,28.131608963012695,28.33546263411275,28.04667182347178,28.114620887075677,192425
2015-08-12,28.029685974121094,28.216551584128123,27.333191006096914,28.09763828326708,225775
2015-08-13,28.148590087890625,28.352443708650732,27.80883837348162,28.029676825840305,270250
2015-08-14,28.301498413085938,28.403423671531733,28.13162082224592,28.148608905344478,258275
2015-08-17,28.658233642578125,28.70919463743964,28.06366386141819,28.30149047782431,180175
2015-08-18,28.607271194458008,28.79413682767473,28.454381720034295,28.624259273854513,154300
2015-08-19,28.590290069580078,28.777155748251424,28.267522962823836,28.539325818993632,170950
2015-08-20,28.539323806762695,28.89606705542356,28.31848521675008,28.50535088224603,215825
2015-08-21,27.893779754638672,28.505337470230867,27.77486647441661,28.26750766964286,281700
2015-08-24,26.534767150878906,27.706916852147597,26.46681646703829,27.3671650530166,414625
2015-08-25,25.8212890625,27.282229852458308,25.787314524165918,27.282229852458308,353275
2015-08-26,26.228988647460938,26.31392740852294,25.65140863639797,26.195014115079406,263875
2015-08-27,26.70465087890625,27.044404377096413,26.110081042019115,26.39887192049887,224375
2015-08-28,27.06138801574707,27.333190769691313,26.602719653412006,26.7046464961772,237000
2015-08-31,26.90850257873535,27.57102148536211,26.78958926115054,27.180305373256324,421125
2015-09-01,26.602724075317383,26.806576174659867,26.31393319623075,26.653686695134887,314675
2015-09-02,26.90850257873535,27.180305373256324,26.67067432349328,26.806575720753763,343275
2015-09-03,26.687665939331055,27.248261302400977,26.67067785740443,26.942480687939753,268175
2015-09-04,26.211999893188477,26.51777713810193,25.923209102940454,26.41585192982144,211100
2015-09-08,26.670665740966797,26.891505845467627,26.330912357147024,26.466813710674934,285075
2015-09-09,25.906234741210938,27.027422346209068,25.872258573751438,26.840558285400324,240900
2015-09-10,25.991165161132812,26.212005318209815,25.83827569699702,25.889238311684846,182150
2015-09-11,26.483808517456055,26.50079659598364,25.906226808096747,25.940202965151926,192950
2015-09-14,26.500795364379883,26.670671281543903,26.466819208903722,26.500795364379883,108575
2015-09-15,26.619709014892578,26.823561090186164,26.415856939598992,26.568746401087253,217650
2015-09-16,27.1803035736084,27.265240726218053,26.58573378490678,26.58573378490678,164775
2015-09-17,27.486083984375,27.96173724878282,27.11235433653288,27.163316954851943,242325
2015-09-18,27.214279174804688,27.52005810218479,27.07837616924618,27.24825533121239,283300
2015-09-21,27.46909523010254,27.774874172649973,27.231268603741103,27.299217679782327,177850
2015-09-22,27.28223419189453,27.60500126780494,27.214285104418575,27.214285104418575,220975
2015-09-23,27.486083984375,27.537044982621637,27.21428119324343,27.350182588809215,113100
2015-09-24,27.3841552734375,27.537041488925187,27.010424052939207,27.401140110601567,163550
2015-09-25,27.58799934387207,27.723900690782035,27.197283376523888,27.48607414372552,174550
2015-09-28,27.04439926147461,27.503067612325616,26.772596514335714,27.46909145889717,236750
2015-09-29,27.28223419189453,27.40114752508644,26.925494192318805,26.993444899867416,156200
2015-09-30,27.1803035736084,27.452106350132908,26.84055010295276,27.418130193031175,281925
2015-10-01,27.1803035736084,27.401142114480308,26.976451491215016,27.248255887811865,197975
2015-10-02,27.46909523010254,27.46909523010254,26.772600189919956,27.04440297437439,217750
2015-10-05,28.284503936767578,28.335468174543667,27.36717033781164,27.55403272936768,209000
2015-10-06,28.539323806762695,28.828114726099436,28.165595715916194,28.284509052088016,194400
2015-10-07,29.099912643432617,29.133888802350622,28.50534606309177,28.573295140782932,236825
2015-10-08,29.32075309753418,29.371717333584275,28.997986082839653,29.09991131479514,194275
2015-10-09,29.252788543701172,29.40567794773922,29.116887211238833,29.371705044731147,109550
2015-10-12,29.439664840698242,29.575566222784573,29.30376345861191,29.37171576972734,134325
2015-10-13,29.235809326171875,29.677489600472907,29.13388410599297,29.37171393993619,152775
2015-10-14,28.980998992919922,29.422679333322396,28.947026074538822,29.269789860100584,119750
2015-10-15,29.507617950439453,29.524602788533475,28.913048172665476,28.997985323714065,175075
2015-10-16,29.77942657470703,29.847375660871442,29.405695260294387,29.49063566818147,153075
2015-10-19,30.255084991455078,30.306049244766687,29.660514996736218,29.728467334485025,184600
2015-10-20,30.204111099243164,30.52687484548599,30.102182636082293,30.255072090679178,215125
2015-10-21,29.821121215820312,30.639332778041087,29.76889720662201,30.32597544105851,242700
2015-10-22,30.08224868774414,30.5000572822402,29.85593362377906,29.85593362377906,204425
2015-10-23,29.786296844482422,30.169287178754807,29.5599818084305,30.134468970062642,210675
2015-10-26,29.316268920898438,29.92557445608911,29.124772041723304,29.734077576913975,242100
2015-10-27,28.950685501098633,29.629627501349596,28.75919193423908,29.246633726734135,236125
2015-10-28,29.159578323364258,29.43811731335469,28.550273037592685,28.881039333373828,307900
2015-10-29,28.567691802978516,29.490354594705696,28.463240476511526,29.12476997139953,223600
2015-10-30,28.341379165649414,28.933275531401815,28.202109627851655,28.672142242639282,211950
2015-11-02,28.846220016479492,28.846220016479492,28.236914754218013,28.376184243839504,216025
2015-11-03,28.91585922241211,28.95067410785487,28.61991111324398,28.759180616355636,237500
2015-11-04,28.35878562927246,29.020315042030916,28.271740100983592,28.89845462287389,172450
2015-11-05,28.58509635925293,28.77659319432394,28.219511794158024,28.3761904191348,198575
2015-11-06,28.045434951782227,28.567694962322488,27.645033728780728,28.254337627819062,264950
2015-11-09,27.31426239013672,27.958384393244792,27.19240196420983,27.87134218056775,282800
2015-11-10,27.488353729248047,27.575397613527354,27.22722373663413,27.314265960689433,181525
2015-11-11,27.62762451171875,27.732077509555513,27.43612928594611,27.505764064429258,153325
2015-11-12,27.29686164855957,27.610217343657617,27.209817754278482,27.505765998699665,157050
2015-11-13,26.879043579101562,27.436123346594623,26.861636133417186,27.279444713869193,165150
2015-11-16,27.29686164855957,27.314269099236434,26.774599943097233,26.98350429323733,173175
2015-11-17,27.227216720581055,27.7668856756448,27.19239851175187,27.296851478015846,130925
2015-11-18,27.958391189575195,27.975800300432052,27.20981768519643,27.296861579256525,176475
2015-11-19,28.289152145385742,28.34137946778456,27.853934420072115,27.993203959354567,139325
2015-11-20,28.689559936523438,29.072553770430677,28.393611665071795,28.463248115036272,227675
2015-11-23,28.776599884033203,28.968093443173537,28.602512113539046,28.84623299996204,153550
2015-11-24,29.107362747192383,29.1247718561381,28.58510276061285,28.724372311730594,195175
2015-11-25,29.124773025512695,29.142182135157398,28.759191684318345,28.933279460317245,144775
2015-11-27,29.472946166992188,29.57739749586945,28.968091989930958,29.03772842281439,84600
2015-11-30,29.472946166992188,29.716667041188433,29.298858405231492,29.5077643834339,180900
2015-12-01,29.472946166992188,29.78630347407186,29.22922529279594,29.59480660409031,194325
2015-12-02,28.811416625976562,29.507767752526245,28.759192615799115,29.420722201483407,270625
2015-12-03,27.906166076660156,28.828825672539487,27.784303965693347,28.724374331966935,199475
2015-12-04,28.184709548950195,28.428430488055227,27.888761271273186,27.888761271273186,170325
2015-12-07,27.76689910888672,28.21952442107495,27.557994735517294,28.08025483882867,162300
2015-12-08,28.01061248779297,28.18470023840927,27.6450295396778,27.766889968974912,194725
2015-12-09,28.01061248779297,28.358787989025572,27.853933844283063,27.871342951389458,150650
2015-12-10,27.749479293823242,28.202107751893628,27.732071847924324,27.975792692746566,140125
2015-12-11,27.488353729248047,27.83652760614127,27.244631185310787,27.244631185310787,183975
2015-12-14,27.76689910888672,27.85394301284674,27.33168124931099,27.33168124931099,221350
2015-12-15,27.36649513244629,27.95838993295844,27.227225572299417,27.749485592738132,288775
2015-12-16,28.149885177612305,28.20211250478212,27.383900981361837,27.436128308531654,224450
2015-12-17,27.401304244995117,28.289148694793074,27.401304244995117,28.202106488526486,248400
2015-12-18,27.122764587402344,27.418712730646256,26.948676858356407,27.349077971072607,448975
2015-12-21,26.913864135742188,27.401307522070535,26.722368934740587,27.366490967444726,215775
2015-12-22,27.453540802001953,27.592810371175617,26.91386997628584,27.018322983278203,219625
2015-12-23,27.732072830200195,27.74948027671569,27.436124656527436,27.55798508325488,135225
2015-12-24,27.801706314086914,27.958383286839638,27.57539291759024,27.801706314086914,91850
2015-12-28,27.85393714904785,27.871346258219774,27.470945048385715,27.784302372584193,158675
2015-12-29,28.21951675415039,28.21951675415039,27.83652633713948,27.940977665333754,196250
2015-12-30,27.906166076660156,28.35879297973888,27.766894855523212,28.21952009837781,271225
2015-12-31,27.62762451171875,27.906165285875424,27.488354954752452,27.88875617619862,304925
2016-01-04,26.72237205505371,27.418719831119503,26.426423835169736,27.418719831119503,303475
2016-01-05,27.801706314086914,27.975792392775627,26.652731885891274,26.73977409512377,273725
2016-01-06,27.31426239013672,27.749480094417073,27.174992857584908,27.54057579558936,115375
2016-01-07,26.339380264282227,26.983502379931114,26.269745485839756,26.966093270264476,261550
2016-01-08,25.46894645690918,26.565695538045844,25.451537346044105,26.461242533079606,244250
2016-01-11,25.364484786987305,25.67784203461347,25.242624373009853,25.486346861188384,216050
2016-01-12,24.52886962890625,25.4167141278048,24.111061038915317,25.381895915193677,294375
2016-01-13,24.18069839477539,24.755185682622795,23.989201525343635,24.52887225707322,221450
2016-01-14,24.09365463256836,24.31996805923029,23.710662552046323,24.18069851362663,235425
2016-01-15,23.902162551879883,23.902162551879883,23.188405572577462,23.414719044589692,257975
2016-01-19,23.693256378173828,24.093657616541563,23.48435203389576,23.97179716410206,223325
2016-01-20,23.13597297668457,23.47753065039093,22.165232911732378,23.441576489205517,337625
2016-01-21,23.171934127807617,23.855047966896507,22.90228298074161,23.171934127807617,208125
2016-01-22,24.214584350585938,24.376374717564588,23.33372587641213,23.36968005324717,214825
2016-01-25,23.675273895263672,24.520177842742264,23.639319733316633,24.142667714242364,169450
2016-01-26,24.53815269470215,24.53815269470215,23.819086614729958,23.92694738392017,174175
2016-01-27,24.214584350585938,24.61007000943429,24.142677711305375,24.32244345231203,149425
2016-01-28,24.25052833557129,24.717922184698935,24.142669271550393,24.394341563858426,128225
2016-01-29,24.68197250366211,24.699949589060584,24.376370623834156,24.44827725103883,153700
2016-02-01,24.3583927154541,24.610065044972764,24.2505319210967,24.44827642502041,148125
2016-02-02,24.052785873413086,24.34041233355255,23.83706602830849,24.268505718517684,148150
2016-02-03,24.628036499023438,24.771849715693655,24.05278363234256,24.25052637666692,165050
2016-02-04,24.807802200317383,25.059474455285567,24.556128230960542,24.681964358444635,147175
2016-02-05,24.9695987701416,25.52687465870992,24.502204872743654,24.681970569473496,248900
2016-02-08,24.23255729675293,24.897695786444785,23.6033746946832,24.64602171698329,299750
2016-02-09,23.926950454711914,24.0527866062597,23.42360241974278,23.94492582322661,275175
2016-02-10,24.160648345947266,24.663996436563274,23.908976015028436,23.99885972509481,151450
2016-02-11,23.908971786499023,23.962901317245226,23.49550747907449,23.837065174041133,226750
2016-02-12,24.088741302490234,24.34041534342812,23.908975599868157,23.908975599868157,196150
2016-02-16,24.592079162597656,24.628031602422677,24.016824695901395,24.25052155512356,162825
2016-02-17,25.005552291870117,25.32913295995064,24.681971623789597,24.771855333188537,309775
2016-02-18,24.448274612426758,25.16734080686735,23.962903645387577,25.16734080686735,302625
2016-02-19,24.68197250366211,25.023530268676236,23.98088331701383,24.286486911231005,437900
2016-02-22,24.66399383544922,25.13138599260172,24.646016752454006,24.861736605229545,277750
2016-02-23,24.73590087890625,25.077456889750664,24.628040093467,24.64601717677171,149075
2016-02-24,25.1134090423584,25.239245186621748,24.106714745084947,24.5920856690531,300075
2016-02-25,26.12010383605957,26.192010455208962,25.167340703732897,25.311153942031677,357550
2016-02-26,26.353803634643555,26.85715002327111,26.102131297524384,26.138083753803173,377925
2016-02-29,26.677385330200195,27.432405799122034,26.407734183077093,26.407734183077093,476625
2016-03-01,27.809913635253906,27.827889005333823,26.803219192045766,26.803219192045766,266950
2016-03-02,27.37847328186035,27.791937669343817,27.288591284675828,27.738008128155265,283500
2016-03-03,28.079559326171875,28.097536408260233,27.414422718402868,27.414422718402868,240725
2016-03-04,28.295276641845703,28.331230802812406,27.50430395885455,28.043604372633805,208800
2016-03-07,28.582904815673828,28.654811427605015,28.04360608338436,28.205394674437887,197700
2016-03-08,27.827884674072266,28.744695266627613,27.791932225119105,28.56492959308407,228250
2016-03-09,28.169445037841797,28.49302568102984,27.66609870407408,27.845864394653752,185375
2016-03-10,28.169445037841797,28.45707151428049,27.773957775544076,28.33123535943582,161375
2016-03-11,28.978395462036133,29.014346198538824,28.52897696797326,28.58290650150522,210600
2016-03-14,29.032325744628906,29.104234081291697,28.636840179318188,28.870535415915835,101700
2016-03-15,28.960424423217773,29.21209677514835,28.744702815292538,28.834588247252483,87200
2016-03-16,29.643524169921875,29.71543248542899,28.870526922106407,28.888504000983186,163625
2016-03-17,30.272716522216797,30.344621428677137,29.517696146103432,29.643532303992636,261300
2016-03-18,30.200815200805664,30.614281366893906,30.128910277646145,30.524395926970836,267125
2016-03-21,30.039018630981445,30.34462220601738,29.93115955413883,30.11092696806201,113625
2016-03-22,30.596296310424805,30.758086631370798,29.859253038905518,29.859253038905518,207225
2016-03-23,29.733415603637695,30.758085306300455,29.7334156036377,30.48843249715518,155425
2016-03-24,29.985082626342773,30.09294167375901,29.319944404925174,29.64352497595118,155125
2016-03-28,30.416534423828125,30.57832477412338,29.75139593608333,29.985094632633665,165825
2016-03-29,31.674888610839844,31.674888610839844,30.398543476993435,30.434497633727613,214450
2016-03-30,31.764785766601562,31.99848103959305,31.656926673588472,31.710854505705647,229375
2016-03-31,32.088356018066406,32.17823799482513,31.549053871181158,31.692867091261697,152050
2016-04-01,32.53777313232422,32.60967802879976,31.764775779740535,31.764775779740535,212350
2016-04-04,32.268131256103516,32.753498849053045,32.214199999652024,32.555757766287854,152900
2016-04-05,31.926565170288086,32.34002774234386,31.81870611426866,31.944542251087583,238750
2016-04-06,32.088356018066406,32.17823799482513,31.620962195610243,31.85465739244951,122125
2016-04-07,31.962520599365234,32.23216996449557,31.65691707121014,31.98049768087762,189175
2016-04-08,32.05239486694336,32.393952475950854,31.818699721060472,32.1243031756931,110350
2016-04-11,32.30408477783203,32.53778348045147,32.14229442333511,32.214202771457636,110225
2016-04-12,32.64564895629883,32.87934770460794,32.30409109349751,32.46588147962554,186950
2016-04-13,32.66361618041992,32.87933777302255,32.447894587817295,32.753498177216954,171350
2016-04-14,32.95124053955078,32.9871947074403,32.44789247543196,32.66361405399093,163050
2016-04-15,33.2568473815918,33.454591895664436,32.807430525083795,32.897312524873996,133400
2016-04-18,33.526485443115234,33.54446252273413,33.023140928895536,33.25683610638649,134025
2016-04-19,34.11972427368164,34.155678442317175,33.598402543579375,33.65233036775444,188025
2016-04-20,33.400657653808594,34.137700958316536,33.27482149383575,33.975910630129114,285200
2016-04-21,32.83018112182617,33.731906519688856,32.70136370927597,33.41906272777639,197250
2016-04-22,33.2718505859375,33.36386204345461,32.86699525884527,32.86699525884527,172025
2016-04-25,33.58468246459961,33.6398914254056,33.16142429511959,33.23503273285005,138575
2016-04-26,34.155155181884766,34.19196114946469,33.658288659596785,33.658288659596785,208250
2016-04-27,34.3023796081543,34.449599985914205,33.84231548890325,34.11835676846242,249900
2016-04-28,34.76244354248047,34.92806690533064,34.118356586963884,34.28397643980339,219000
2016-04-29,34.817657470703125,35.03848982269981,34.19196990172554,34.78085149370182,211450
2016-05-02,35.57216262817383,35.608968605360346,34.615228281391495,34.81765764590615,232300
2016-05-03,35.903404235839844,35.92180722178466,35.09369040432128,35.40653414536182,251975
2016-05-04,36.437076568603516,36.52909149777306,35.57215729447373,35.66416871363262,233375
2016-05-05,36.437076568603516,36.58429694526413,36.0690273819573,36.455479554437424,163550
2016-05-06,36.602699279785156,36.602699279785156,36.03222076912777,36.38187047372901,203375
2016-05-09,37.02595901489258,37.08116445855126,36.52908896190202,36.602697390117065,178825
2016-05-10,36.970760345458984,37.11798075285209,36.73152498968807,37.11798075285209,107975
2016-05-11,36.58429718017578,36.9891558511001,36.197845005214205,36.9155439072918,135925
2016-05-12,36.65790557861328,36.860334894497484,36.25305045685521,36.58429364192436,144675
2016-05-13,36.49228286743164,36.621100248873255,36.08742773861364,36.510685851924784,107775
2016-05-16,36.62110900878906,36.97075877777564,36.253059760918504,36.418683150964185,147150
2016-05-17,35.92181396484375,36.6211100119617,35.64577614387644,36.565904553775034,137400
2016-05-18,35.3697395324707,36.19785661588404,35.093701674670186,35.86660978251871,166600
2016-05-19,35.00168228149414,35.07529072219608,34.228774349063286,34.96487630613767,200875
2016-05-20,35.09368896484375,35.40653269305202,34.94646859333459,35.22250635116295,187700
2016-05-23,34.928070068359375,35.62736955483431,34.57842383513289,35.11209643374809,189925
2016-05-24,35.68256759643555,35.70097058015335,35.18570107609581,35.18570107609581,165800
2016-05-25,35.59056854248047,35.774594933529706,35.22251576038199,35.75619194342364,132075
2016-05-26,35.44334411621094,35.82979633462224,35.277720734031504,35.57216152234804,86775
2016-05-27,35.92181396484375,36.01382540182908,35.48015274929379,35.49855573869312,96825
2016-05-31,36.069026947021484,36.142635379458866,35.66416828357877,35.995415004573495,142750
2016-06-01,36.216251373291016,36.36347176464541,35.9402135782529,35.95861656592357,138175
2016-06-02,36.62110900878906,36.62110900878906,35.95861895861756,36.12423883865201,115350
2016-06-03,36.82353973388672,37.04436858874624,36.455486962439046,36.8051367443132,110950
2016-06-06,36.84193801879883,37.099572819905795,36.5290942560214,36.89714347045837,126125
2016-06-07,36.80513381958008,37.486030339647186,36.69471940092444,36.897145250124595,244900
2016-06-08,37.541229248046875,37.559632232949134,36.65790703280118,36.87873934161784,165525
2016-06-09,38.01970672607422,38.093318685820414,37.412422098213845,37.44922807808694,161775
2016-06-10,37.651641845703125,38.22212382034248,37.504421483540455,37.78046273385448,166575
2016-06-13,36.62110900878906,38.13011899808419,36.547500563219444,37.74366676131842,180425
2016-06-14,36.437076568603516,36.54749448360696,36.03222141028949,36.54749448360696,186875
2016-06-15,36.731510162353516,37.00755138604654,36.32665508295236,36.52908437765792,131750
2016-06-16,37.559635162353516,37.65164658403063,36.65790989187692,36.87874221791704,189125
2016-06-17,37.61486053466797,37.83568944705638,37.26521066170532,37.651663013391186,319575
2016-06-20,37.63325500488281,38.20373366101711,37.59644902448409,37.76207242626686,118875
2016-06-21,38.01970672607422,38.16692713555518,37.504433537885156,37.7252659071123,116625
2016-06-22,37.87247848510742,38.18532222931428,37.83567251284527,38.03810185027639,113250
2016-06-23,38.406150817871094,38.46135626088487,38.07490411974696,38.093307104088346,94375
2016-06-24,39.12385559082031,39.381490390652885,37.30200198483804,37.57803977180308,314425
2016-06-27,39.712738037109375,39.767946999755274,38.645389329365436,39.08705050049972,280225
2016-06-28,41.203338623046875,41.36896197562808,39.76794091402367,40.02557568025646,371250
2016-06-29,41.350563049316406,41.90264211544197,41.166540203951996,41.405772008932196,334600
2016-06-30,42.43632507324219,42.45472806428576,41.405782144883894,41.553002563220794,240975
2016-07-01,42.43632507324219,42.43632507324219,42.43632507324219,42.43632507324219,0
2016-07-05,42.914791107177734,42.914791107177734,41.865845217184194,42.32590945034007,231600
2016-07-06,43.006805419921875,43.17242531218313,42.47312923259604,42.73076407612631,186100
2016-07-07,42.270687103271484,43.06199789551122,42.04985830683879,43.06199789551122,175675
2016-07-08,42.914791107177734,43.19082894506895,42.270700478757206,42.60194728823128,353650
2016-07-11,43.190826416015625,43.35644981105453,42.62034778311015,42.76756818869902,149100
2016-07-12,43.798091888427734,44.07413309953914,43.0987961449697,43.17240456059221,222450
2016-07-13,44.92068099975586,44.97588998308239,43.76132042999696,43.853331892195555,263575
2016-07-14,44.64461898803711,45.27030642105246,44.51580160653578,45.08628008604611,196800
2016-07-15,44.368587493896484,44.69983424159216,43.96372879781915,44.69983424159216,185250
2016-07-18,44.534217834472656,44.7734496841156,44.01894464522676,44.23977701490684,189250
2016-07-19,43.3564338684082,43.8717068535033,41.92103631923125,43.687680536682905,493325
2016-07-20,43.056522369384766,43.656355044790374,42.79409803188844,43.225224750707675,252950
2016-07-21,42.79411697387695,43.05654142753039,42.32549983505865,42.85035231763056,296300
2016-07-22,43.30021667480469,43.5626410819913,42.73787406263628,42.77536428516706,165150
2016-07-25,43.33769989013672,43.543888930188814,43.07527195011723,43.30020967366767,137000
2016-07-26,42.94405746459961,43.48765484845553,42.606652685001265,43.48765484845553,169225
2016-07-27,42.32550048828125,42.962820092931295,42.19428825942949,42.850352978953374,156175
2016-07-28,43.393943786621094,43.50641089224675,42.06307290680054,42.2692620045701,135675
2016-07-29,44.72481155395508,44.799788421405864,43.16900312026018,43.16900312026018,245150
2016-08-01,44.89352035522461,44.89352035522461,44.36866790741808,44.724817910403395,259950
2016-08-02,44.49987030029297,44.76229467862236,44.36865811112827,44.63108248945767,176425
2016-08-03,44.25619888305664,44.49987819541526,43.69385623295539,44.36866598297103,130975
2016-08-04,44.48112106323242,44.66856856261426,44.106229639732426,44.29367356385058,106050
2016-08-05,44.7060661315918,44.94974541818831,44.46238326973101,44.46238326973101,143075
2016-08-08,44.68731689453125,44.89350951625565,44.53735959925822,44.79978397217004,82175
2016-08-09,45.118446350097656,45.2121718997475,44.48112691353529,44.85602196160638,111450
2016-08-10,45.13718032836914,45.49333017867716,44.94973285056159,45.287137595562534,95100
2016-08-11,44.34989929199219,45.155920862282166,44.23743224679865,45.155920862282166,153750
2016-08-12,44.93099594116211,45.174678779341335,44.38740208915231,44.48112405752037,86575
2016-08-15,44.818538665771484,45.287155760625026,44.78104844011967,44.8747740042492,83075
2016-08-16,43.95627975463867,44.72481141373729,43.88129931215867,44.63108586063729,126775
2016-08-17,43.86255645751953,43.97502355175977,43.2252369647174,43.97502355175977,205350
2016-08-18,43.76883316040039,44.27494043217878,43.75008804937923,43.80632338244272,171725
2016-08-19,43.50640106201172,43.768829016195966,43.26272179233779,43.58138149899693,99625
2016-08-22,43.63761520385742,43.750082279888595,43.30021040050003,43.60012498675907,127900
2016-08-23,44.31241989135742,44.55610271984217,43.71259073703155,43.93752845753564,144900
2016-08-24,44.31241989135742,44.61233446852036,43.675100521070235,44.406145431260704,85300
2016-08-25,44.7060661315918,44.87476855126025,43.97502112127372,44.05000156346604,79825
2016-08-26,43.843807220458984,44.837276589350054,43.45017064002509,44.79978636970946,121775
2016-08-29,43.95627975463867,44.31242613062584,43.54389447152722,43.581384692767216,127225
2016-08-30,43.65635681152344,44.12497376188193,43.150249647073004,44.12497376188193,85425
2016-08-31,43.67510223388672,43.9562752893596,43.13150838218456,43.37518764496196,140625
2016-09-01,43.97502899169922,44.14373144156118,43.54390209772528,43.768839889296196,100175
2016-09-02,45.00597381591797,45.4558456739689,43.9750143461955,43.9750143461955,148525
2016-09-06,45.13718032836914,45.41834975744884,44.83726579398237,45.17467053898331,95600
2016-09-07,46.11191177368164,46.130656882005425,45.06221073439648,45.39961195843311,162975
2016-09-08,45.5495719909668,46.111914548731065,45.43710490951956,46.111914548731065,85550
2016-09-09,42.9815559387207,45.512088696731084,42.944065717057896,45.19342896312586,246225
2016-09-12,43.00029754638672,43.33770236333552,42.32548791248912,42.869085356520856,210950
2016-09-13,41.23830032348633,42.906575874306405,41.088343010775134,42.81285389458604,208650
2016-09-14,41.27579116821289,41.631937556734975,40.90089609314664,41.631937556734975,141350
2016-09-15,41.538211822509766,41.63193379517609,41.01335947989175,41.31327765800496,67125
2016-09-16,41.613182067871094,41.76313933256423,41.23828711850666,41.4819663329093,172150
2016-09-19,42.47544479370117,42.531680121060624,41.781893632587874,41.85687049380316,115700
2016-09-20,42.49419021606445,42.92531700320631,42.45669999754846,42.812849922922354,79850
2016-09-21,43.431419372558594,43.600121761758764,42.08180383422084,42.55042078749607,108200
2016-09-22,44.29368591308594,44.63109079099017,43.75009194611275,43.75009194611275,167975
2016-09-23,44.38740921020508,44.57485675227724,43.60013239371357,44.25619700333391,138125
2016-09-26,44.29368591308594,44.799793229942296,44.237454150278346,44.36866636384896,90875
2016-09-27,43.393943786621094,44.53737068215384,43.206496227068456,44.36866823608295,137275
2016-09-28,43.67510223388672,43.900039963212244,43.22523035049959,43.262720567931154,212150
2016-09-29,43.112762451171875,43.67510140086423,42.81284786796744,43.393931926018055,59100
2016-09-30,42.400474548339844,43.450175795989246,42.381729436295174,43.22523802671781,147825
2016-10-03,41.70691680908203,42.494193583994374,41.44449240919935,42.362981384053036,126675
2016-10-04,40.58223342895508,41.725660107813034,40.15110662636619,41.61319302349945,171675
2016-10-05,39.213871002197266,40.8634012816664,39.00767837653962,40.60097690374867,182775
2016-10-06,38.6702766418457,39.17638390407975,38.18291806554362,38.91395950526104,221725
2016-10-07,37.97671127319336,39.45753871153381,37.901730858460695,38.913945005773854,156175
2016-10-10,38.63279342651367,38.820237399307466,37.676814149153984,37.77053613555088,139725
2016-10-11,38.27664566040039,38.93271032898354,37.957985882817994,38.61405055140114,129275
2016-10-12,38.55781173706055,38.91396170939029,38.16417511653648,38.16417511653648,89575
2016-10-13,39.06391906738281,39.251366609601554,38.57655688771988,38.57655688771988,129025
2016-10-14,38.78274154663086,39.36382558998053,38.745251330862814,39.02642079859564,115725
2016-10-17,39.213871002197266,39.570020925988466,38.7265088894472,38.76399910779659,95525
2016-10-18,39.70123291015625,40.15110480223635,39.23261590899815,39.644997582922244,126900
2016-10-19,40.045623779296875,40.19868860492485,39.45249803615765,39.79689115680561,117700
2016-10-20,39.75864028930664,40.23696847717405,39.261178536002,40.02650290671896,81425
2016-10-21,39.58643341064453,39.79689528687865,39.318567200981775,39.49076560385295,87300
2016-10-24,39.682106018066406,40.160434205819406,39.35684270442019,39.49077401309432,85400
2016-10-25,39.509910583496094,39.75864330368378,39.222914378887374,39.70124260302015,60625
2016-10-26,38.61064910888672,39.39510698815968,38.400183553692536,39.39510698815968,97200
2016-10-27,36.35293197631836,38.40017545635132,36.29553129627273,38.40017545635132,333075
2016-10-28,36.5251350402832,36.67819989063523,35.70241010113336,36.16160465218943,188300
2016-10-31,36.62080001831055,36.946063288717184,36.19987258281242,36.63993358119964,213000
2016-11-01,34.74575424194336,36.56340255230151,34.49702522599577,36.56340255230151,267775
2016-11-02,34.1143684387207,35.01362417682102,34.095234872034986,34.6883608418733,189000
2016-11-03,34.095237731933594,34.36310038929242,33.789107937993506,34.095237731933594,161450
2016-11-04,34.84141159057617,34.91794582626849,34.03782401192607,34.13348815718825,121350
2016-11-07,35.912879943847656,36.02767768303431,35.22408621001905,35.33888394920571,139750
2016-11-08,35.874603271484375,36.19986648711997,35.817202592482786,35.91287039081876,74450
2016-11-09,35.491947174072266,36.295538609868636,34.439626706665806,34.80315712149978,219475
2016-11-10,34.43962478637695,35.79807490126081,34.43962478637695,35.549345883519386,244500
2016-11-11,34.669227600097656,35.16668568880596,34.49702916579311,34.49702916579311,147075
2016-11-14,36.04681396484375,36.3912108577172,34.68835995954901,34.764894224345156,215250
2016-11-15,35.587615966796875,36.77386776438936,35.28148623520177,36.238142558775046,164375
2016-11-16,35.587615966796875,35.98940987100761,35.39628397221137,35.70241370380648,141375
2016-11-17,35.47281265258789,36.31466745743701,35.41541196843076,35.587610371548465,102425
2016-11-18,35.75980758666992,36.333799811757565,35.64500622216954,35.64500622216954,194100
2016-11-21,35.587615966796875,36.73560428495566,35.43455110099932,36.295539602602716,117800
2016-11-22,36.601661682128906,36.73559660488585,35.740673360526685,36.008535907333574,175125
2016-11-23,36.295536041259766,36.6207993053338,36.10420771480179,36.10420771480179,90575
2016-11-25,36.48686218261719,36.75472471630876,36.33379735631439,36.33379735631439,36125
2016-11-28,36.12332534790039,37.46264507393017,36.02766121719226,36.39119148271794,169100
2016-11-29,36.46773147583008,36.92692599065874,36.065937643862604,36.065937643862604,110825
2016-11-30,35.95115280151367,36.31467964175176,35.60675587972608,36.18074831646879,126525
2016-12-01,35.39628982543945,36.14248071342543,35.12842717833779,35.87461806632377,141100
2016-12-02,35.33888244628906,36.29553874731929,35.05188628585083,35.6450121706704,144450
2016-12-05,35.893741607666016,35.97027220716565,35.204947965400095,35.396279938179944,121500
2016-12-06,36.601661682128906,36.7929936367139,35.89373819432398,35.89373819432398,145725
2016-12-07,37.52005386352539,37.80704996712537,36.659061903372,36.659061903372,186475
2016-12-08,37.539180755615234,37.730509024460716,36.8121201963323,37.32871528066184,144425
2016-12-09,37.6922607421875,38.11318821228484,37.443528053538046,37.53919587584717,151125
2016-12-12,37.711387634277344,37.998387428844,37.50092574077684,37.59658990606307,124775
2016-12-13,37.156524658203125,38.01751664474697,36.86952854580636,37.8453182474382,133425
2016-12-14,35.453678131103516,37.366990425617075,35.35801032676569,37.1182577836923,200475
2016-12-15,34.917945861816406,36.10420097078257,34.74574748068659,35.37714032837818,155325
2016-12-16,35.93201446533203,36.429476214192086,35.14755653618659,35.166686452098446,357250
2016-12-19,36.37207794189453,36.98433747379321,36.02768104286286,36.02768104286286,105925
2016-12-20,36.773860931396484,36.86952873559023,36.219002264487116,36.429467784359765,105675
2016-12-21,35.95115280151367,37.06087418874318,35.874618530292025,36.67821013134476,130600
2016-12-22,35.81721115112305,36.18074157295982,35.58761567896084,35.9702760156826,117200
2016-12-23,35.874603271484375,36.33379775543697,35.702404883832976,35.817202592482786,83625
2016-12-27,35.874603271484375,36.27639707643539,35.4919393768472,35.85546971181718,111650
2016-12-28,35.587615966796875,36.12334117241119,35.4536846653933,35.72154726820045,94050
2016-12-29,36.14247512817383,36.48687199228619,35.60674991675842,35.683280525808776,114425
2016-12-30,36.48686218261719,37.003457339896634,35.87460287740599,36.21899964892562,190100
2017-01-03,37.06085968017578,37.290455105248995,36.39119966656419,36.7355964535275,131975
2017-01-04,38.15144729614258,38.438443403842015,37.25218820283657,37.25218820283657,157675
2017-01-05,38.0557861328125,38.32365237616742,37.69225936934119,38.132320387872234,92175
2017-01-06,37.711387634277344,38.13231871998631,37.55832278020699,37.998387428844,75950
2017-01-09,37.252193450927734,38.0749184184309,37.2330598878051,37.864456522789965,99650
2017-01-10,37.634849548339844,37.74964725372693,36.77385763455357,37.32871990107211,150475
2017-01-11,38.09405517578125,38.361917783250654,37.67312769985014,37.768791874130834,206700
2017-01-12,38.113189697265625,38.18972030874047,37.3287317705378,38.18972030874047,96975
2017-01-13,38.1323127746582,38.381041755234676,37.88358014472832,37.998381504397535,142475
2017-01-17,38.68717575073242,38.99330544544682,38.2471147707497,38.45758030437353,126900
2017-01-18,38.66804504394531,39.06984257877339,38.629781566295954,38.9359112836154,143450
2017-01-19,38.10111999511719,38.66804456212385,37.671041989196205,38.66804456212385,153200
2017-01-20,38.62894821166992,38.62894821166992,37.983829293904726,37.983829293904726,108700
2017-01-23,39.17631912231445,39.2154144096024,38.394353717557266,38.70713838798518,104200
2017-01-24,39.234962463378906,39.48910232911173,38.90262829728101,39.05902062669842,88775
2017-01-25,38.90264892578125,39.50866905753575,38.74625651343528,39.313181338620204,103025
2017-01-26,38.86353302001953,39.13722241933444,38.55074833110615,38.86353302001953,95750
2017-01-27,38.23796844482422,38.90263692441841,38.04247705752803,38.86353790122156,70675
2017-01-30,37.55373764038086,38.31615341783264,37.53419186413949,38.2575049030481,106025
2017-01-31,37.65149688720703,38.062025432449815,37.358261679363906,37.41690648371975,116650
2017-02-01,37.319156646728516,38.45300200214317,37.14321480462216,37.61239180734332,102225
2017-02-02,37.80787658691406,37.9447193895074,37.338699665728306,37.436443459384485,71600
2017-02-03,38.29661560058594,38.66804885020485,38.02292990543935,38.14022324211818,101450
2017-02-06,38.35525131225586,38.82442823082732,38.120660988626774,38.277053294817264,93975
2017-02-07,38.04248046875,38.589855656524165,37.96428614403278,38.394364251698505,106925
2017-02-08,38.08156967163086,38.413903855496415,37.69059069152797,38.042470655014334,89350
2017-02-09,38.452999114990234,38.707135240791885,38.10111545719787,38.140214469994156,108400
2017-02-10,38.980831146240234,39.09812447563458,38.511654099975146,38.57029890032846,89025
2017-02-13,39.03947448730469,39.195866830213795,38.609396476476526,39.098123014153444,76325
2017-02-14,38.12066650390625,39.0981194911859,37.944724667900935,39.05902047680978,158150
2017-02-15,37.886077880859375,37.96427591319173,37.37780558544871,37.92517689702555,191075
2017-02-16,38.218414306640625,38.88308270577243,37.886080107074726,37.925179125538385,105150
2017-02-17,38.25751876831055,38.472559671768686,37.98383305750067,38.33571681636375,209000
2017-02-21,38.843994140625,39.000386512866505,38.237970435586924,38.316168486051815,126050
2017-02-22,39.567298889160156,39.782339752647765,38.296610673988965,38.296610673988965,189475
2017-02-23,40.13421630859375,40.231960104421184,39.50864333776302,39.91917548334922,130575
2017-02-24,40.70115280151367,40.83799566015253,39.58685669123928,40.15378136695825,241075
2017-02-27,41.05303192138672,41.209424274796866,40.15377682145031,40.79889574535316,126900
2017-02-28,40.290611267089844,41.05302336497379,40.134218946275524,41.05302336497379,121100
2017-03-01,40.13421630859375,40.46655043456856,39.645489872082955,40.212410599518336,200075
2017-03-02,39.7823486328125,40.173327701615,39.410915348065075,40.095133379329816,134850
2017-03-03,40.03647232055664,40.17331513827729,38.88307753021526,39.64549337402437,269800
2017-03-06,40.0560302734375,40.21242263076487,39.68459702652703,39.821443601790406,174850
2017-03-07,39.95829391479492,40.23197965908554,39.88009585717554,39.977843429199766,88800
2017-03-08,38.25751876831055,39.80189665916781,38.19887396095881,39.76279763514121,216775
2017-03-09,37.475547790527344,38.394352258917124,37.14321362473746,38.1402161221071,191300
2017-03-10,37.299617767333984,38.101129174791396,36.83044063092148,37.71015009212519,365125
2017-03-13,37.5341911315918,37.827426242417864,37.22140651621909,37.33869981481217,151900
2017-03-14,37.45600128173828,37.74923645651251,37.04547278279186,37.39735275530842,103250
2017-03-15,38.90264892578125,39.07859085575663,37.55376203886645,37.63196010938405,214100
2017-03-16,38.90264892578125,39.01994230286842,38.589864101089304,38.88309940815185,129600
2017-03-17,39.52820587158203,39.66505245100805,38.78534308385236,38.78534308385236,252425
2017-03-20,39.801883697509766,40.153767341780394,39.371802030651466,39.64549138102137,205275
2017-03-21,39.37180709838867,40.134223002004944,39.35225759022544,40.05602496935202,150150
2017-03-22,39.5086555480957,39.919187820558804,39.13722602620999,39.35226318922594,134850
2017-03-23,40.153770446777344,40.46655510394104,39.48910211813268,39.78233726813774,184200
2017-03-24,40.192874908447266,40.54475866026335,40.0755815674046,40.192874908447266,118575
2017-03-27,40.153770446777344,40.368807568147865,39.82143628245501,39.958279103878226,143225
2017-03-28,40.11467361450195,40.13422312272399,39.48910426614665,39.977830785635156,112875
2017-03-29,40.231971740722656,40.25152125127981,39.821443205086,40.15377742718191,80750
2017-03-30,40.50565719604492,40.642503769150736,39.997381110572604,40.27107052809638,122650
2017-03-31,40.91617965698242,41.033472962860415,40.29061038738382,40.50564749337899,111800
2017-04-03,41.05303192138672,41.18987476453462,40.70114819404192,41.092130941911215,122350
2017-04-04,41.44401168823242,41.48310697725701,40.87708711746901,40.955285152893296,114500
2017-04-05,41.48310470581055,41.87408740414824,41.34626187999856,41.522203721381786,167650
2017-04-06,41.89364242553711,41.93274144625415,41.268073008815776,41.600407227534966,122450
2017-04-07,42.12823486328125,42.323726264957465,41.63950822343489,41.89364816422047,218250
2017-04-10,42.5974006652832,42.81243777531555,41.95227814912504,42.12821997558871,114025
2017-04-11,43.49665832519531,43.594402133327584,42.42146152099124,42.63649864461969,135500
2017-04-12,43.35981750488281,44.14177919211724,43.222974675702716,43.516209842329694,142950
2017-04-13,43.41846466064453,43.653055043907784,43.08613418811036,43.39891888000293,99100
2017-04-17,44.435020446777344,44.435020446777344,43.438017760696525,43.55531482636812,159025
2017-04-18,44.47411346435547,44.61095629380965,44.18087829714116,44.47411346435547,139525
2017-04-19,44.215084075927734,44.57374691664397,44.05567879122294,44.57374691664397,143025
2017-04-20,43.91619873046875,44.414340709895,43.756789648551525,44.254931627977776,139400
2017-04-21,43.91619873046875,44.03575174138498,43.697015043354256,44.01582560614532,164625
2017-04-24,43.238731384277344,44.23501548252777,42.72066319712445,44.155310930417066,170775
2017-04-25,43.13909149169922,43.45790203108885,43.03946462333549,43.05939075711252,133900
2017-04-26,42.720664978027344,43.178954770202004,42.56125966768301,42.95977104328265,166675
2017-04-27,42.70073699951172,43.35828435141856,42.142816537082005,43.338358213418694,157775
2017-04-28,42.48154830932617,43.0394687064481,42.04318472620866,42.621027458476206,170725
2017-05-01,42.601097106933594,42.80035464336698,42.20258583458822,42.48154410528212,118450
2017-05-02,42.42177200317383,42.740582560035236,42.08303531144338,42.60109961595195,140350
2017-05-03,41.704437255859375,42.401836622113635,41.38562676851814,42.38191049158971,124850
2017-05-04,40.84764862060547,41.80408045666991,39.89121678454103,41.38564295358757,202900
2017-05-05,41.48527145385742,41.505197592946985,40.84765020508121,40.867576344170764,86975
2017-05-08,41.704437255859375,41.7243633863833,41.0668162811769,41.48525362061697,93900
2017-05-09,41.5450439453125,41.70444923476964,41.2461595026456,41.70444923476964,86125
2017-05-10,42.02326583862305,42.302224185037254,41.465345345272205,41.58490217989752,73150
2017-05-11,42.0631217956543,42.202600981060186,41.106686037614466,41.90371646940145,136450
2017-05-12,42.42177200317383,42.56125114673549,42.00333077196722,42.162736050397925,77300
2017-05-15,42.760501861572266,43.21879533001226,42.44169132732266,42.62102272790323,108475
2017-05-16,42.820289611816406,42.84021574962308,42.30222143040947,42.780437336203065,121850
2017-05-17,43.338356018066406,43.677092745860676,42.361998108664565,42.84021399487024,223850
2017-05-18,43.75677490234375,43.81655328791715,42.840195793340676,43.33833760489115,117475
2017-05-19,44.215084075927734,44.35456322497921,43.39813151675044,43.77671669259822,120525
2017-05-22,44.17522430419922,44.65344007711832,43.91619218573013,44.394407958649225,86000
2017-05-23,44.33463668823242,44.593668848338595,44.17523140496976,44.41434123012462,86775
2017-05-24,44.25492477416992,44.733144344815834,44.15529791392267,44.374481567091955,93450
2017-05-25,43.83649444580078,44.53389398117923,43.61731075740483,44.19515728116808,120700
2017-05-26,43.59738540649414,43.8763475059779,43.17894795805118,43.8763475059779,83450
2017-05-30,43.019535064697266,43.65715609271439,43.019535064697266,43.53760310009146,96400
2017-05-31,43.039466857910156,43.21879827069274,42.56125102399713,42.95976231866384,104050
2017-06-01,43.975982666015625,44.07561336335245,42.88007159896796,43.09925153206399,78100
2017-06-02,44.61360549926758,44.95234228110644,44.274868717428724,44.274868717428724,93900
2017-06-05,44.23500442504883,44.69329408355946,43.85641549820379,44.63351568441931,87250
2017-06-06,44.17522430419922,44.55381321628893,43.85641378891982,44.23500270100953,75500
2017-06-07,44.45418167114258,44.65343918936104,44.135371162201466,44.135371162201466,71900
2017-06-08,44.45418167114258,44.67336532123499,43.99589203960486,44.553812330512336,87325
2017-06-09,44.77299118041992,45.211358470817146,44.33462769054367,44.61358592950847,87300
2017-06-12,45.51025390625,45.729437604739374,44.89255888385127,44.912485020125025,144125
2017-06-13,45.490325927734375,45.6298050754802,45.091810819441974,45.570030469601555,97825
2017-06-14,45.570030212402344,45.80913623561087,44.932405282628935,45.60987868258929,143625
2017-06-15,45.27114486694336,45.74936074435042,44.95233428200532,45.29107100356723,116900
2017-06-16,44.99217224121094,45.23128200410383,44.59365723656303,45.07187676234882,222575
2017-06-19,45.291072845458984,45.35085125776166,44.693303924520656,45.07189293472672,86675
2017-06-20,45.60988235473633,45.649734628653576,44.992187311107045,45.3907024492355,69900
2017-06-21,45.13166427612305,45.689584682286345,44.93240671674174,45.60988013832509,70250
2017-06-22,45.0918083190918,45.470397270924565,44.952329179080124,45.17151285653934,88225
2017-06-23,44.87263107299805,45.2910685175657,44.69329965374856,45.111737098316205,165725
2017-06-26,44.474117279052734,45.05196382495509,44.27485971837876,45.05196382495509,157025
2017-06-27,43.637237548828125,44.792926813208204,43.43797999279257,44.41434163731461,185575
2017-06-28,38.51633834838867,41.80407470808131,38.15767550905461,41.76422243692824,1730250
2017-06-29,36.483917236328125,36.94221074237118,36.40421649648694,36.90235847218975,5120575
2017-06-30,36.483917236328125,37.00198534712165,36.384290361396225,36.74295319198572,1016275
2017-07-03,36.78281021118164,36.882440909792656,36.40422495802742,36.62340489392656,637125
2017-07-05,36.085411071777344,36.84258531037761,36.06548493385073,36.76288455919336,721175
2017-07-06,35.38801193237305,36.00570701449124,35.22860662729344,35.906080124012334,1063375
2017-07-07,35.666961669921875,35.78651466978716,34.69060393655914,35.427855670191306,674375
2017-07-10,35.04927444458008,35.92600550428268,34.7703161167065,35.587268763069545,532000
2017-07-11,35.08913040161133,35.24853572005241,34.7105413451178,35.06920426174087,306425
2017-07-12,35.70682907104492,35.82638212158273,35.14890850099691,35.34816611890855,523200
2017-07-13,35.64704513549805,35.80645044508326,35.38801293261797,35.80645044508326,360550
2017-07-14,36.085411071777344,36.30459098792567,35.78652280340035,35.82637507925358,498750
2017-07-17,36.38429641723633,36.44407483245805,36.04555966535785,36.18503883368623,373200
2017-07-18,36.2846565246582,36.56361859110206,36.24480805847022,36.36436105807683,325925
2017-07-19,36.503841400146484,36.58354593620515,35.965847183314885,36.26473539301341,400300
2017-07-20,36.42222213745117,36.728290446128305,36.32019677331233,36.50383853689255,408825
2017-07-21,35.646854400634766,36.7078951181347,35.52442782303731,36.7078951181347,387100
2017-07-24,35.85089111328125,36.27938985102932,35.54482281024385,35.646844280633104,279400
2017-07-25,35.85089111328125,35.8917012581848,35.42239626740281,35.85089111328125,218450
2017-07-26,36.503849029541016,36.605874423005986,35.830497000155475,35.830497000155475,264675
2017-07-27,36.830318450927734,37.136390705762075,36.116160234635316,36.50384501151681,395175
2017-07-28,36.87111282348633,36.99353933790095,36.626259794657095,36.932328026628,280200
2017-07-31,36.17737579345703,36.952753221435565,35.74888081368271,36.87113290612379,350950
2017-08-01,36.99354934692383,37.23840633387061,36.17736587688418,36.68748103214268,365725
2017-08-02,36.40182113647461,37.70771480856944,35.97332234289966,37.01395782230153,371350
2017-08-03,37.034366607666016,37.156793178722566,36.34060955189468,36.34060955189468,249650
2017-08-04,37.44245910644531,37.76893254618513,36.89153371743297,36.932343870368044,311250
2017-08-07,37.646507263183594,37.789338911457236,37.177198272165235,37.381245151929235,254675
2017-08-08,37.29962921142578,37.72812416171817,37.095582329056306,37.66690892944616,255225
2017-08-09,36.9527473449707,37.38124225660299,36.87112704263871,37.29962584614122,176825
2017-08-10,37.01396179199219,37.258818827705575,36.76910864814935,36.97315552926541,160700
2017-08-11,36.99354934692383,37.034359493393254,36.483434191665324,36.99354934692383,182800
2017-08-14,37.7689323425293,38.09540578050872,37.07517531385543,37.25881710920265,313425
2017-08-15,37.83013916015625,37.83013916015626,37.279213896611566,37.66689858559234,180675
2017-08-16,37.6260986328125,38.07499861240516,37.605693557576,37.830145493307406,171800
2017-08-17,37.34043884277344,37.72812756506064,37.279227496850304,37.60570098134344,136500
2017-08-18,37.11598205566406,37.15678831275867,36.585461794733966,37.09557698118174,239825
2017-08-21,37.544471740722656,37.78932870870455,36.993546481665504,37.279213592955955,148325
2017-08-22,36.89152908325195,37.687307506171145,36.89152908325195,37.62609617632807,148075
2017-08-23,37.34043884277344,37.462869318361555,36.72830203231653,36.85072861603373,125125
2017-08-24,37.19759750366211,37.72811775092812,37.156787355748584,37.360834203446274,94725
2017-08-25,37.42205047607422,37.83014418292828,37.07517199280928,37.19759854811749,111125
2017-08-28,37.05477523803711,37.646510856648476,36.85072833879626,37.381248720074105,105450
2017-08-29,37.11598205566406,37.44245546364104,36.85071997926401,37.15678831275867,106350
2017-08-30,37.52406692504883,37.52406692504883,36.789503799831074,37.09557209299427,110725
2017-08-31,37.85054397583008,37.99337949229352,37.23840732989483,37.62609594798442,153000
2017-09-01,37.7689323425293,38.11581085686623,37.66690696074175,37.85054875608897,140225
2017-09-05,37.238407135009766,38.03418554893491,37.21800206133606,37.74852230124277,141850
2017-09-06,37.32002639770508,37.93216302350952,37.27921625148618,37.27921625148618,105100
2017-09-07,37.21800231933594,37.62609601189924,37.15678709789047,37.422049165617594,110975
2017-09-08,37.48326873779297,37.58529022684061,37.03436484549451,37.15679141072575,113200
2017-09-11,37.7689323425293,37.99338429059154,37.50367024175203,37.626100699897094,149400
2017-09-12,37.46287536621094,37.99339583712502,37.422065201093346,37.93218058944863,99925
2017-09-13,37.564876556396484,37.60568669942695,37.23840319589164,37.40163987614407,108500
2017-09-14,37.97297286987305,37.99337794282137,37.17719059236751,37.44245264882593,142925
2017-09-15,38.27903747558594,38.36065386761038,37.544470488019186,37.95256412374946,333050
2017-09-18,37.687313079833984,38.36066505078069,37.44245994051,38.25864355804077,152850
2017-09-19,37.34043884277344,37.89136430730721,37.23841733832093,37.687317406531264,135250
2017-09-20,37.401649475097656,37.87095456478457,37.34043424484136,37.422054551849754,117950
2017-09-21,37.36083984375,37.80974375482917,37.340434766712725,37.46286522893641,117325
2017-09-22,37.6260986328125,37.74852519236138,37.442456847554105,37.48326699802711,112725
2017-09-25,38.27903747558594,38.36065386761038,37.809732518804665,37.87094383985566,173875
2017-09-26,38.258644104003906,38.421880829839495,38.01378706931524,38.3606655981997,120775
2017-09-27,38.13621139526367,38.2586379469704,37.60569114870796,38.217827799111525,170600
2017-09-28,37.95257568359375,38.38107062894192,37.809744035144355,38.17702374892685,137300
2017-09-29,38.29945755004883,38.42188413197975,37.87095867548429,38.01379033638218,190350
2017-10-02,38.707542419433594,38.82997287731196,38.177022110905106,38.25864241615735,174725
2017-10-03,39.07482147216797,39.23805817184791,38.58511137312812,38.80956329463927,188700
2017-10-04,38.87077713012695,39.278870851566616,38.68713534466612,39.156444291882785,113350
2017-10-05,39.03401565551758,39.25846760193404,38.809567600971455,38.85037775338724,119275
2017-10-06,38.993221282958984,39.197264323504456,38.462700815423375,38.87079078838586,170150
2017-10-09,38.911590576171875,39.34008940916126,38.72794877515793,38.97280580713336,105775
2017-10-10,38.93199157714844,39.25846499102167,38.646328312976884,38.99320680170095,103325
2017-10-11,39.01362228393555,39.217665303134844,38.93200196275893,38.99321720364139,101925
2017-10-12,39.340091705322266,39.340091705322266,38.809571348302725,38.99321316003528,117675
2017-10-13,39.768577575683594,39.93181427190293,39.34008270755901,39.686961173508834,168750
2017-10-16,39.768577575683594,39.85019786972818,39.442104183244915,39.85019786972818,171950
2017-10-17,39.66655731201172,39.99303071442581,39.319678835463,39.82979401321876,145350
2017-10-18,39.42171096801758,39.76858953831053,39.34009454129212,39.74818445866141,144850
2017-10-19,39.258460998535156,39.56452930643117,38.97279776341483,39.42169768887101,194700
2017-10-20,38.02707290649414,39.38369509888975,37.77662239587646,39.300208941457804,399475
2017-10-23,37.81837463378906,38.46537658722714,37.75576000055052,38.02708211623744,162625
2017-10-24,37.81837463378906,38.402761953988595,37.797503089376214,37.839242197361855,164250
2017-10-25,37.38007736206055,38.0479508098704,37.12962680955173,37.83923936221988,153275
2017-10-26,37.48442459106445,38.00620112923076,37.4218139542215,37.56791074797381,112775
2017-10-27,37.860111236572266,38.04795114301849,37.400949232392506,37.58878913883873,128650
2017-10-30,37.60966491699219,38.04795542749487,37.60966491699219,37.776633299208484,116275
2017-10-31,37.922725677490234,38.59059912783391,37.567917409390176,37.75575731490431,263625
2017-11-01,38.29840087890625,38.48624076181189,37.71400968977322,38.089689455584505,207275
2017-11-02,38.7575569152832,38.8619146014499,38.29839503866581,38.29839503866581,238150
2017-11-03,38.46537399291992,38.75756763331261,38.08969418050659,38.632342356121434,140200
2017-11-06,38.77843475341797,39.028889260074365,38.38188344322839,38.46536960572697,95600
2017-11-07,39.25845718383789,39.404553946206974,38.73668075775505,38.73668075775505,128675
2017-11-08,39.25845718383789,39.383686392301286,38.90364905486803,39.04974581723712,145425
2017-11-09,39.15411376953125,39.50892199164388,38.924530807917414,39.133242229308244,91475
2017-11-10,39.15411376953125,39.36282519092208,39.028888509032456,39.133242229308244,83450
2017-11-13,39.216739654541016,39.362836497226645,39.02889971941937,39.02889971941937,83875
2017-11-14,39.11236572265625,39.42543082457033,38.92452586534005,39.04975110993793,72075
2017-11-15,39.00801086425781,39.258461346061196,38.903653179474205,39.02888240121453,104500
2017-11-16,39.32107925415039,39.40456142813893,38.90365644169078,39.174982464041214,141175
2017-11-17,39.341957092285156,39.42543927964085,38.987148839134335,39.21673182083181,118200
2017-11-20,38.84104919433594,39.529794108383086,38.54885160779156,39.488051027328275,163800
2017-11-21,39.11236572265625,39.34194865511799,38.82017215831494,38.82017215831494,174800
2017-11-22,39.09149169921875,39.34194615332663,38.94539492633852,39.154106307955345,95875
2017-11-24,39.02889633178711,39.34196153620293,38.84105641296961,39.30021844739014,69625
2017-11-27,38.966270446777344,39.216724926493505,38.841045197338715,39.070624157836384,99100
2017-11-28,38.861915588378906,39.133237617625376,38.63233265382043,39.02888390964722,125725
2017-11-29,38.903663635253906,39.32108652489797,38.73669527556422,38.84105298839509,115725
2017-11-30,38.924537658691406,39.09150602902289,38.7366977444635,39.008023834277125,125300
2017-12-01,39.27933883666992,39.30021037679018,38.7158191959405,38.987145236664695,107250
2017-12-04,39.15411376953125,39.75937251264147,39.133242229308244,39.21672839020028,212125
2017-12-05,37.98533630371094,39.195857800114595,37.96446476298199,39.028889455122346,270675
2017-12-06,37.73487854003906,38.08968674013968,37.56791020945283,37.92271840955345,183375
2017-12-07,37.7974967956543,37.98533668325235,37.60965690805624,37.734882172841814,143675
2017-12-08,38.17316818237305,38.34013649234266,37.81836002608281,38.34013649234266,119150
2017-12-11,38.15229797363281,38.25665167818064,37.9435865836985,38.11055489947822,154425
2017-12-12,38.235782623291016,38.444494026774436,38.04794275823982,38.15230045040099,121950
2017-12-13,38.61146926879883,38.77843762532221,38.23578947141131,38.23578947141131,158600
2017-12-14,38.924537658691406,39.25847439935437,38.59060091802844,38.67408709361416,239675
2017-12-15,39.195858001708984,39.3836978883963,38.882788870003886,38.882788870003886,337075
2017-12-18,39.25845718383789,39.48804008518257,39.15410349095661,39.19584656044441,162425
2017-12-19,38.40275192260742,39.38369434957398,38.319269747602895,39.15411140184325,144600
2017-12-20,37.880985260009766,38.736698676144925,37.880985260009766,38.444505016247085,165425
2017-12-21,37.94359588623047,38.23578951527166,37.901852801841834,37.96446742842479,123075
2017-12-22,37.922725677490234,38.089694040076154,37.88098259163381,38.04795095421973,115975
2017-12-26,38.40275192260742,38.63233487033815,37.90184693006321,37.90184693006321,102625
2017-12-27,38.54885482788086,38.7784378120207,38.34014736685153,38.52798328561,85150
2017-12-28,38.98714828491211,38.98714828491211,38.40275705837123,38.50711476713186,103425
2017-12-29,38.6949462890625,39.11236509126328,38.507106434778606,39.070622016791596,143825
2018-01-02,38.84104919433594,39.02888907824328,38.34014416419613,38.736691491698906,153650
2018-01-03,37.90186309814453,38.98715970203959,37.83924845455187,38.861934395694995,239575
2018-01-04,37.27572250366211,37.92272438909622,37.17136479256652,37.92272438909622,284650
2018-01-05,37.233970642089844,37.4635535715411,36.96264463804041,37.44268203424201,218150
2018-01-08,37.56790542602539,37.63052003483729,37.06700049804567,37.23396880737224,127450
2018-01-09,37.31745147705078,38.21490764465086,37.29658392133601,37.588777471405415,244300
2018-01-10,37.150489807128906,37.359201229136445,36.879167745106585,37.338329688851765,154275
2018-01-11,37.192237854003906,37.463563933095855,37.00439794719865,37.254852483218926,137900
2018-01-12,36.920902252197266,37.29658192840564,36.87915918132115,37.25483885752952,124725
2018-01-16,36.837425231933594,37.35920180456959,36.837425231933594,37.046136657155856,146900
2018-01-17,37.35919189453125,37.442678034810044,36.9000300655127,36.9000300655127,148600
2018-01-18,36.81655502319336,37.359203156066215,36.71220129722682,37.23397788873847,161525
2018-01-19,37.233970642089844,37.233970642089844,36.75393722672693,36.920905544280934,101375
2018-01-22,37.60966491699219,37.69314711768022,37.17137042564927,37.17137042564927,172150
2018-01-23,37.860111236572266,38.04795114301849,37.52617450974339,37.60966068187051,173150
2018-01-24,37.7974967956543,37.96446514231486,37.547042285243755,37.860107437627384,251500
2018-01-25,38.27751922607422,38.27751922607422,37.73487126113384,37.86009648970831,308325
2018-01-26,38.10654830932617,38.4912477122552,37.76459419037029,38.341643294763834,177200
2018-01-29,36.65323257446289,38.10653927362944,36.65323257446289,38.021052802368054,226000
2018-01-30,35.64875030517578,36.95245288590535,35.435027969191744,36.80284439722637,284025
2018-01-31,36.67460632324219,36.67460632324218,35.79834856507582,36.18304788844911,241100
2018-02-01,36.161678314208984,37.16616790645412,36.076187756700044,36.567750309548146,180400
2018-02-02,35.58463668823242,36.2899176288491,35.264055183663935,35.96933612428061,187650
2018-02-05,34.25956344604492,35.69149789017568,34.21681816080764,35.435030255166765,289950
2018-02-06,34.75112533569336,34.92210241665409,33.490167834952295,33.93898318202611,286350
2018-02-07,34.772491455078125,35.15719083415218,34.516023843557285,34.729746173755586,205875
2018-02-08,34.21682357788086,35.26405877349979,34.19545093187858,34.79387279069601,219650
2018-02-09,34.986228942871094,35.264065239009874,33.896246217196406,34.34506167449394,227775
2018-02-12,34.451908111572266,35.07169835115486,33.404671196790744,35.07169835115486,257875
2018-02-13,34.451908111572266,34.58013987210415,33.68250939555261,34.25955843256735,265900
2018-02-14,33.87487030029297,34.238197139214044,33.66114791097195,34.08859065140623,191725
2018-02-15,34.19544219970703,34.51602365504641,33.66113841533661,33.96034926833863,226500
2018-02-16,34.4091682434082,34.751122376208066,34.19544589130459,34.19544589130459,526225
2018-02-20,34.00310516357422,34.83661807288468,33.98173251507704,34.28094551762163,168050
2018-02-21,32.934486389160156,34.19544370177632,32.891743144400714,34.15269841880961,235500
2018-02-22,33.44742202758789,33.81074882855427,33.08409522662151,33.126840515303456,194025
2018-02-23,33.83211898803711,34.00309605379211,33.31918779077211,33.61839663673966,234925
2018-02-26,31.694910049438477,33.53291489779734,31.011001647855235,33.53291489779734,877575
2018-02-27,29.9210262298584,31.865892608685886,29.87828092833297,31.82314934536862,706175
2018-02-28,29.322599411010742,30.41257784801951,29.279854119492757,30.027880415396048,568275
2018-03-01,29.1088809967041,29.579069076439307,28.66006556564049,29.08750834803251,439900
2018-03-02,29.194358825683594,29.365335875814697,28.745543559537637,28.959265891305126,287550
2018-03-05,28.85240936279297,29.664551500552786,28.85240936279297,29.00201379615141,265225
2018-03-06,29.194358825683594,29.38670851663289,28.55319386858834,28.873777366239572,240025
2018-03-07,29.878271102905273,29.985132283369534,29.108874272336063,29.130246916070416,226425
2018-03-08,29.707294464111328,30.134739192222586,29.579062676243968,30.04925065424184,165150
2018-03-09,29.237110137939453,29.856902582058574,28.937899219389397,29.707296103679727,234225
2018-03-12,29.814157485961914,30.198856949718728,29.194365037802406,29.194365037802406,269800
2018-03-13,29.429458618164062,30.13473957501611,29.258479501823146,29.921017208245622,220300
2018-03-14,29.258474349975586,29.792778134613766,29.258474349975586,29.493569319668982,195950
2018-03-15,29.258474349975586,29.514941960224235,28.93789289447555,29.365335514544658,358650
2018-03-16,29.77140998840332,29.792780592514458,29.06612909755191,29.301222048433264,462950
2018-03-19,29.621793746948242,29.81414338787107,29.258467100362168,29.792770752611496,181675
2018-03-20,29.30122184753418,29.83552567258899,28.937895083440317,29.621803327284127,197175
2018-03-21,29.066131591796875,29.386713101254827,28.852409226686557,29.194363380297045,187275
2018-03-22,28.788297653198242,29.514951357785886,28.788297653198246,28.98064740302531,185750
2018-03-23,27.8265438079834,28.895151443530395,27.8051711661027,28.895151443530395,291300
2018-03-26,27.655567169189453,28.211243678232528,27.3563583090951,28.06163924818535,378400
2018-03-27,28.40359115600586,28.78829056088504,27.420472039920327,27.78379880270459,206725
2018-03-28,29.30122184753418,29.47219890849513,28.46770714669403,28.46770714669403,195000
2018-03-29,29.194358825683594,29.621801451011354,29.10887030061804,29.38670851663289,258400
2018-04-02,28.40359115600586,29.386710272091392,28.125752923393936,29.130244681574386,190575
2018-04-03,29.044757843017578,29.343966696943514,28.16849984816456,28.467708702090498,178850
2018-04-04,27.933408737182617,28.78829624593462,27.805176935704843,28.553201212879145,299000
2018-04-05,26.672452926635742,28.083017104858868,26.522848468818328,27.933410608833583,648225
2018-04-06,26.245006561279297,26.864798993454045,26.180890665042625,26.50147218443358,298925
2018-04-09,25.390119552612305,26.415981980657666,25.368746909142825,26.33049344498722,379800
2018-04-10,26.394609451293945,26.629702397698118,25.62521064813973,25.646583290051197,359800
2018-04-11,26.351863861083984,26.693817974862345,25.98853710564266,26.287747974302366,198700
2018-04-12,25.817556381225586,26.480093911209472,25.667951987251516,26.480093911209472,171125
2018-04-13,26.180885314941406,26.202257955388635,25.68932681389828,25.838931220614505,157975
2018-04-16,26.480100631713867,26.651077707707852,26.009912653626657,26.223635017722895,202850
2018-04-17,26.45872688293457,26.67244719989985,26.009911567637822,26.39461099166573,241325
2018-04-18,26.586956024169922,26.928912166115843,26.45872425437153,26.480096895407005,235850
2018-04-19,26.266374588012695,26.800678385196196,26.09539753597055,26.715189859175126,268250
2018-04-20,26.394609451293945,26.544213868259572,26.074025937243917,26.351864167471017,232600
2018-04-23,26.480100631713867,26.736566245704843,26.15951708556951,26.480100631713867,187225
2018-04-24,26.73656463623047,26.907541701932058,26.394610504827288,26.565587570528876,354175
2018-04-25,26.843421936035156,26.971653697692798,26.50146581579821,26.651072255341596,291550
2018-04-26,26.993030548095703,27.206750863599684,26.69381966054123,26.907542014252627,245275
2018-04-27,27.678918838500977,27.74529455064279,27.037281327674503,27.192158692687354,264150
2018-04-30,27.634666442871094,28.055050868721214,27.45766314042235,27.67891832350618,244750
2018-05-01,28.077178955078125,28.16568061971804,27.258538029647376,27.67892251922157,176225
2018-05-02,27.944421768188477,28.320554293092457,27.347034072148382,27.944421768188477,255550
2018-05-03,29.51533317565918,30.068469098411278,28.032928733879878,28.65244037654932,419025
2018-05-04,30.621604919433594,30.842858021771736,29.69233640349356,29.758712123190396,374750
2018-05-07,30.798603057861328,31.041982062454373,30.599473822264414,30.90923064542025,343025
2018-05-08,30.57735252380371,31.041986774037237,30.444601086620448,30.732232013912252,309300
2018-05-09,30.732223510742188,30.84284897443773,30.201211578794442,30.621595937001178,204125
2018-05-10,30.53310203552246,31.13048770899771,30.422474433754154,30.842856788418516,174400
2018-05-11,30.599472045898438,30.820727208171938,30.267591412533797,30.665847750562246,186375
2018-05-14,29.935714721679688,30.842857272329674,29.780837342801703,30.577352289947683,261700
2018-05-15,29.493202209472656,29.89146068124316,29.44895244041245,29.80295903307702,169775
2018-05-16,29.338321685791016,29.758703941690918,29.271943874297207,29.603826601629716,202100
2018-05-17,29.360448837280273,29.847206814760398,29.360448837280273,29.515326183747078,156150
2018-05-18,29.581707000732422,29.692334600205854,29.205574428550328,29.515331285066747,309050
2018-05-21,30.156963348388672,30.31184069347217,29.714455140974703,29.935708189658904,310600
2018-05-22,30.400352478027344,30.732235326854656,30.179099355522077,30.179099355522077,255175
2018-05-23,31.108356475830078,31.395985217934797,30.333965557729837,30.333965557729837,166650
2018-05-24,31.196863174438477,31.904876396084408,30.931356106275413,31.904876396084408,109475
2018-05-25,31.4844970703125,31.52874895886641,31.152616346342906,31.17474229061986,96725
2018-05-29,32.148258209228516,32.21463603706463,31.285367547819284,31.48449470118955,186000
2018-05-30,32.148258209228516,32.435889133046935,31.727875849829918,32.03763060621435,170900
2018-05-31,32.148258209228516,32.32526153003277,31.838503452844083,32.148258209228516,161175
2018-06-01,31.97125816345215,32.36951673108099,31.86063054910566,32.10401172267718,134425
2018-06-04,31.993385314941406,32.28101627907159,31.573002896625788,32.081886987747126,169775
2018-06-05,31.218990325927734,32.28101238141258,31.152614606849323,32.081883114131294,223150
2018-06-06,31.462369918823242,31.57299751849773,30.665852889203688,31.152613061743864,211225
2018-06-07,31.28536605834961,31.7942500539228,31.263240116790968,31.528745085356885,123750
2018-06-08,31.39598846435547,31.595117698745714,31.241111108738927,31.285362987512634,81800
2018-06-11,31.727874755859375,31.794250471360847,31.395991958260133,31.418117900109273,117800
2018-06-12,31.927001953125,32.23675667885004,31.772122480216666,31.772122480216666,226125
2018-06-13,31.329620361328125,32.148261326950696,31.108367243888807,31.99338393373855,186650
2018-06-14,31.86061668395996,31.971244250163394,31.28535713778369,31.484484224895482,110675
2018-06-15,31.70574378967285,32.21462982133129,31.57299237970673,31.816371371341695,292875
2018-06-18,32.30314254760742,32.30314254760742,31.77213039542006,31.83850823322244,152500
2018-06-19,32.281005859375,32.76776595771272,32.10400257089685,32.30313179794618,176525
2018-06-20,32.70140075683594,32.96690579197393,32.25889236493929,32.32526809621218,170275
2018-06-21,32.480140686035156,32.90052304113371,32.30313736704145,32.74564566452572,141675
2018-06-22,33.25452423095703,33.276650169717804,32.435883487219414,32.524385132216835,244450
2018-06-25,33.8519172668457,33.918292983571725,33.12177805272154,33.12177805272154,201500
2018-06-26,33.76341247558594,34.095293138473004,33.58640917404006,33.94041577713181,166300
2018-06-27,33.962547302246094,34.20592635438225,33.71916614006379,33.82979374923337,123450
2018-06-28,34.49355697631836,34.53780675355071,33.98467082284656,34.02892271012503,135175
2018-06-29,35.06882095336914,35.17944645810612,34.18380214514958,34.5378088244189,177700
2018-07-02,34.47142791748047,35.157317337989774,33.918292036763454,35.113065454710366,218525
2018-07-03,35.46707534790039,35.776830100778085,34.47142904209065,34.5820566438524,162700
2018-07-05,36.04233169555664,36.08657935344364,35.17943695534412,35.75469870878868,364400
2018-07-06,36.59547424316406,36.59547424316406,35.93170861163744,36.06446004990591,372250
2018-07-09,36.706092834472656,36.81671830887393,36.44058578778172,36.77247065116822,317075
2018-07-10,36.59547424316406,36.7945992905207,36.506970470923655,36.683973795312326,250900
2018-07-11,36.81671905517578,37.23710346258653,36.595468101888315,36.595468101888315,279325
2018-07-12,36.352088928222656,36.99372432314642,36.21933750515079,36.9273507216563,206775
2018-07-13,35.444950103759766,36.66184741697236,35.40069821816496,36.28571482960067,402000
2018-07-16,34.67055892944336,36.70609924245818,34.449303721923734,36.70609924245818,300175
2018-07-17,34.2944221496582,34.78118228065972,34.11741884930234,34.64842875036993,288550
2018-07-18,34.05104064941406,34.316545580534495,33.74128384141741,34.25016776522017,340400
2018-07-19,35.2679443359375,35.31219622111136,34.051047034300744,34.13954869460244,207475
2018-07-20,35.17943572998047,35.400690892074174,34.93605673971388,35.334315187464306,182075
2018-07-23,34.6484375,35.40070277150183,34.4050584280626,35.179447535161415,204150
2018-07-24,34.67055892944336,34.913937969678116,34.493555607446076,34.73693464768083,179050
2018-07-25,34.913944244384766,35.090947598192955,34.670565160410106,34.78119278405183,171175
2018-07-26,34.82543182373047,35.267940071735815,34.58205281483897,34.98031129306666,215375
2018-07-27,33.43787384033203,35.0301531338128,33.415126466450126,34.41598922416419,345200
2018-07-30,34.23401641845703,34.43873845581981,33.437875644114904,33.460623019223895,163300
2018-07-31,34.27951431274414,34.93917310798953,33.84732496522865,34.234021724783815,256500
2018-08-01,34.711708068847656,34.73445544894998,33.68809982664823,34.30226390424406,173100
2018-08-02,35.71255874633789,36.144750167790264,34.802685494820714,34.802685494820714,330225
2018-08-03,36.09925842285156,36.19024575557049,35.57608180204504,36.07651104734455,248000
2018-08-06,36.0310173034668,36.32672666759254,35.87179001867181,36.212991963035094,255250
2018-08-07,36.84990692138672,36.89539733414291,35.78080195717771,35.96277879336651,274225
2018-08-08,36.690673828125,37.23660214560727,36.55419391806349,36.91814323730626,180025
2018-08-09,36.554195404052734,36.91814473809066,36.485957615557055,36.895397362386,136250
2018-08-10,36.53144836425781,36.69067565703622,36.3039811130471,36.44046319922086,108275
2018-08-13,36.07651138305664,36.46321026234692,35.917284091644106,36.39496813519085,141400
2018-08-14,36.84990692138672,37.16836150377155,36.12200608455893,36.2584860000641,146150
2018-08-15,37.46406936645508,37.5778062468828,36.55419601612513,36.73617068619112,216525
2018-08-16,37.94175338745117,38.10098067220087,37.37308203413474,37.44131981981712,175275
2018-08-17,38.601417541503906,38.601417541503906,37.759786201639635,37.91901351790482,156725
2018-08-20,38.169227600097656,38.76064640261096,38.12373284483848,38.669656892092604,190525
2018-08-21,38.669654846191406,39.07909894462414,37.873514025752016,38.32845287703693,261475
2018-08-22,38.41943359375,38.783382897171954,38.169221159283616,38.62415561925209,122475
2018-08-23,38.351200103759766,38.62415994257048,38.214715845736,38.46493264682783,131775
2018-08-24,38.533172607421875,38.64690514408974,38.191970658800095,38.32845057052517,113475
2018-08-27,38.32843780517578,38.897108976354595,38.032726366537425,38.55590714137065,185975
2018-08-28,38.96535873413086,38.9881061086139,38.10098019686556,38.39668738790898,170575
2018-08-29,38.91987228393555,39.14733737467475,38.783388023149826,38.96536269891229,151075
2018-08-30,38.46493911743164,39.033610605671164,38.44219173726776,38.87438328314316,98850
2018-08-31,38.46493911743164,38.624166439959644,37.873520249028246,38.419444357103885,144825
2018-09-04,37.737030029296875,38.82887794809243,37.66878790739042,38.46492864182725,149875
2018-09-05,38.51042938232422,38.851631367714596,37.44132433251743,37.73703590150943,153300
2018-09-06,38.282955169677734,38.806131771246065,38.214713045666095,38.53317195243567,139050
2018-09-07,37.873512268066406,38.305703722867506,37.532310314746894,38.260208972126705,135150
2018-09-10,38.23746871948242,38.62416549557509,37.873519322997446,37.9872562210359,170850
2018-09-11,38.1464729309082,38.5104222261767,37.82801404358489,38.191967677471226,115200
2018-09-12,38.30570983886719,38.46493715326443,38.009998250456086,38.14648252446994,110325
2018-09-13,38.5559196472168,38.87437421801226,38.14647557698371,38.41943539806035,143825
2018-09-14,38.41943359375,38.66965036683432,37.89625701240819,38.44218096754112,141700
2018-09-17,28.88850212097168,32.52799937355614,28.20609611494848,32.16405008215948,3223525
2018-09-18,26.886789321899414,28.797526015309273,26.773056751018615,28.706538657018793,1971325
2018-09-19,25.635705947875977,26.93227595438619,24.95329988207252,26.84128862356633,1495425
2018-09-20,26.227121353149414,26.3181086799436,25.2262607584134,25.476475364770156,739450
2018-09-21,26.61382484436035,27.159748944817803,26.1361407141327,26.158888093979147,778500
2018-09-24,25.81768798828125,26.75030893805765,25.47648377320789,26.545586842875572,446225
2018-09-25,26.15888023376465,26.50008215169889,25.840423519532834,25.976905588291867,350075
2018-09-26,25.226261138916016,26.295363871855315,25.226261138916016,26.136134420582003,355300
2018-09-27,25.590211868286133,26.136135867508713,25.38548982625038,25.72669395274635,411425
2018-09-28,25.68119239807129,25.908661755474462,25.430977840374645,25.61295245857376,358100
2018-10-01,24.862316131591797,25.59021488297291,24.794073996667773,25.52197491735828,523750
2018-10-02,24.475618362426758,24.976047648590452,24.179908964615866,24.83956772302192,606900
2018-10-03,22.064443588256836,24.202648656759504,21.35929246834216,24.088913975361084,2304050
2018-10-04,22.291915893554688,22.67861255976754,20.836116551970477,21.745991953951446,2483075
2018-10-05,22.951581954956055,23.156304040867,22.132693611312284,22.36016307772658,992200
2018-10-08,23.793209075927734,24.20265313703281,22.792348466826343,22.928828374322027,1202775
2018-10-09,23.8614559173584,24.31639268917793,23.543001261739548,24.13441798045012,648650
2018-10-10,24.066179275512695,24.202661398907235,23.474760356319287,23.656735074638835,893475
2018-10-11,23.17904281616211,23.9751835582459,23.110802862909186,23.793208903365432,802375
2018-10-12,22.132692337036133,23.656732034061275,21.814237705562476,23.611239444983386,728850
2018-10-15,22.33740997314453,22.81509399475782,22.064447984981086,22.0871953596553,344175
2018-10-16,22.860593795776367,22.997073735362523,22.33741490920404,22.97432852497118,476725
2018-10-17,21.9279727935791,22.951581011758947,21.882478034442013,22.951581011758947,430950
2018-10-18,21.745996475219727,22.31466790620099,21.404792315045352,21.97346374602662,424725
2018-10-19,22.291915893554688,22.451143166945073,21.723244580807417,21.90521922734183,687200
2018-10-22,22.17818260192871,22.519384543465538,21.973460569283002,22.314664680128868,517925
2018-10-23,22.496641159057617,22.951577841032098,21.586765625799437,22.064449684199946,706550
2018-10-24,23.156299591064453,23.52024893194175,22.47389349226493,22.724108121790774,617850
2018-10-25,22.906084060668945,23.474755479607573,22.473894736771683,23.17904608144237,779550
2018-10-26,21.52791976928711,23.52388384466647,21.195257957020615,23.52388384466647,881075
2018-10-29,21.62296485900879,22.0744323400674,21.38534896408966,21.955624392607834,616175
2018-10-30,21.504154205322266,21.97938366928135,21.361584233098124,21.622962137830246,586900
2018-10-31,20.98140525817871,21.504158916086062,20.05470590089841,21.432875047394756,1130400
2018-11-01,22.2645206451416,22.525896275553674,20.886354110109302,20.910116149075698,766300
2018-11-02,21.242774963378906,22.26451994612775,20.957637302952584,22.145712021098607,581000
2018-11-05,21.71800422668457,22.31204151910521,21.38534252714294,21.40910456269715,539250
2018-11-06,22.05067253112793,22.31205049523159,21.741772742870282,21.741772742870282,276125
2018-11-07,21.97938346862793,22.52589678067346,21.81305372427891,22.216999331474653,374675
2018-11-08,22.14571762084961,22.359571486762466,21.71801215509716,22.14571762084961,249100
2018-11-09,22.1219539642334,22.264521672464568,21.718008347456973,22.09819192417058,184050
2018-11-12,21.551673889160156,22.216997339035075,21.504152080496294,21.86057357672938,276050
2018-11-13,21.076446533203125,21.90809979383701,21.028924719892157,21.52791622305792,279050
2018-11-14,21.456632614135742,21.480394656607498,20.791311287438184,21.147732860222174,282650
2018-11-15,20.76755142211914,21.50415895345374,20.648743463378292,21.50415895345374,360750
2018-11-16,21.005165100097656,21.02892714252706,20.197273786082654,20.767549207949802,517600
2018-11-19,21.052684783935547,21.266538611967132,20.791309141937422,21.24277657194743,324775
2018-11-20,20.363605499267578,21.314066892723044,20.316083675935122,21.028929154508397,344650
2018-11-21,20.411128997802734,20.672504683748077,19.983421269825584,20.268558999785935,266200
2018-11-23,20.64874267578125,20.791312674046942,20.05470517080848,20.268559035170394,189250
2018-11-26,19.88837432861328,20.79131155970645,19.650760699003367,20.76754951692352,429950
2018-11-27,19.76956558227539,20.00718146836108,19.60323582165923,19.935897608964584,311450
2018-11-28,20.363605499267578,20.506175501411555,19.46066819521787,19.722046154802946,398350
2018-11-29,20.624982833862305,20.93388260741937,20.316083060305235,20.434891014146146,362950
2018-11-30,20.91011619567871,20.957638007644654,20.363600628597375,20.67250033763069,630675
2018-12-03,20.577457427978516,21.07644898929298,20.36360357797616,20.981403085522278,313725
2018-12-04,19.7933292388916,20.696266507179022,19.674521286156086,20.506174689231486,506550
2018-12-06,20.81507110595703,20.886354959683004,19.318096581274556,19.793326049569107,427825
2018-12-07,20.363605499267578,21.07645097784085,20.078467761052927,20.76755119492332,290350
2018-12-10,19.95966148376465,20.339847432793892,19.436910052737247,20.339847432793892,767575
2018-12-11,20.00718116760254,20.363602725300122,19.745805509695845,19.864611184879706,345025
2018-12-12,20.197277069091797,20.624984838051365,20.00718523090387,20.078469103705977,563025
2018-12-13,19.223051071166992,20.268555922275628,19.104243135204605,20.173510026720297,390925
2018-12-14,18.225067138671875,19.413141907732243,18.177544193230915,19.080480156609134,604950
2018-12-17,17.155803680419922,18.700301513165964,17.060757764531242,18.29635580412074,790400
2018-12-18,16.751855850219727,17.583508019208434,16.466717024907666,17.274608286058307,570125
2018-12-19,16.728092193603516,17.797359002876313,16.63304630535866,16.75185423218291,517175
2018-12-20,16.062772750854492,17.17956262765699,15.611304165285171,16.8944249314142,653000
2018-12-21,15.68259334564209,16.324153946458093,15.540024449131518,16.086539118940475,1475075
2018-12-24,16.4191951751709,16.538003121422726,15.682588854304573,15.682588854304573,623925
2018-12-26,17.13204002380371,17.2270859244682,16.4429566774679,16.514240536448014,861350
2018-12-27,17.678558349609375,17.74984222403478,16.728098003988855,16.989474853967767,808225
2018-12-28,17.274606704711914,18.462681446804993,16.965706999838986,18.082497891906847,1060725
2018-12-31,16.32415008544922,17.298372347402463,15.706351680025882,17.250849393139127,3609400
2019-01-02,15.736052513122559,15.831098418095108,14.880638235333054,15.6291255867693,704100
2019-01-03,16.87660026550293,17.345890294800512,16.03900773023363,16.34790741030017,1184200
2019-01-04,17.8864688873291,18.32605648661282,16.63898995258527,16.692453416434045,1273200
2019-01-07,19.591354370117188,20.215093224790653,17.535985385124523,17.827063592841238,1395900
2019-01-08,19.781448364257812,20.268558934633436,18.504267961508805,19.959659161651025,1133800
2019-01-09,20.38736915588379,20.51805814600916,19.858676082847126,20.226978740568146,771000
2019-01-10,20.619043350219727,21.15961744406571,20.19727722266293,20.209158245899197,883100
2019-01-11,20.50617790222168,21.07645344541736,20.09629278043858,20.660626678726253,460800
2019-01-14,20.23291778564453,20.63092181741868,20.042825969562372,20.327963693685614,701000
2019-01-15,20.072526931762695,20.363604027072878,19.965600004403363,20.333902606378206,353900
2019-01-16,19.496309280395508,20.066584698854058,19.36562031388802,20.05470367771037,400000
2019-01-17,19.133947372436523,19.484429588835848,18.62901640277609,19.454728166986392,596300
2019-01-18,19.1398868560791,19.44878659380819,18.890389955343966,19.187408672459668,448500
2019-01-22,19.050779342651367,19.69828020289489,18.795343077945112,19.050779342651367,414300
2019-01-23,18.789405822753906,19.531953838547803,18.694359912403907,19.021081220639083,259200
2019-01-24,18.83692741394043,19.09236370439856,18.623074697656392,18.724061111720385,305500
2019-01-25,19.181507110595703,19.20568857472074,18.558849398839698,18.740205767634798,453800
2019-01-28,19.302412033081055,19.30845739908348,18.812748917241336,19.181507019103897,332900
2019-01-29,19.235910415649414,19.278226816393456,18.903423421487275,19.272181451567814,431200
2019-01-30,19.423315048217773,19.84043488213854,19.072690774373665,19.25404827667602,398400
2019-01-31,19.36286163330078,19.538173772385722,19.07269100967974,19.42935950026894,456900
2019-02-01,19.018281936645508,19.532127570656357,18.83088023877287,19.284272224391973,424500
2019-02-04,18.79461097717285,19.036419828391793,18.66161639726132,18.921560191674462,371200
2019-02-05,18.691843032836914,19.036420807679413,18.450034169178636,18.764386268452203,301000
2019-02-06,18.564891815185547,18.64952577839691,18.304948019211928,18.625344316612075,301700
2019-02-07,18.812746047973633,18.83088099017935,18.335172583941276,18.48630325184486,345000
2019-02-08,18.34726905822754,18.849022986634107,18.111504358421083,18.788570469939227,247800
2019-02-11,18.286813735961914,18.395628018711196,17.99664308398761,18.298904468053095,314300
2019-02-12,18.304950714111328,18.425854581728583,18.12963854946807,18.262633149757768,274700
2019-02-13,18.697885513305664,18.764383372938827,18.141724636194454,18.208222495827613,356100
2019-02-14,18.691843032836914,18.97596830350594,18.5044413076312,18.679752301395098,292400
2019-02-15,18.891334533691406,19.07269088400062,18.468168178922497,18.746249222836923,261200
2019-02-19,19.090829849243164,19.22382444925417,18.82483949618542,18.861111694126745,239900
2019-02-20,18.697885513305664,19.139186765514715,18.685794783729555,18.99410146970772,317000
2019-02-21,18.697885513305664,18.709976242881773,18.317035602906287,18.709976242881773,200300
2019-02-22,18.709980010986328,18.77043136497063,18.510487544945406,18.703934644980766,267100
2019-02-25,18.407718658447266,18.87924567728085,18.389582560401486,18.734160352021618,227400
2019-02-26,18.329130172729492,18.486306231043507,18.159864535341843,18.407718778404337,176800
2019-02-27,18.105459213256836,18.250544554040797,18.0087356527342,18.202182773779477,301100
2019-02-28,18.443988800048828,18.552803076933845,17.803195023213924,17.893873202939567,378000
2019-03-01,17.095903396606445,18.492350594523675,16.999179851047238,18.480259863069872,727500
2019-03-04,16.914548873901367,17.70042926178501,16.781554263506823,17.126132099602188,462900
2019-03-05,16.96895408630371,16.99313555072741,16.485336328186616,16.829914124974508,405300
2019-03-06,16.624374389648438,17.21076099848142,16.473243713378906,16.962906781642232,620100
2019-03-07,16.019855499267578,16.66064939638825,15.995674031849223,16.57601656649566,507400
2019-03-08,15.92313289642334,15.977540048361591,15.620871453671244,15.923132896423342,460600
2019-03-11,16.273754119873047,16.28584485282284,15.832452744527382,15.935221668529117,358400
2019-03-12,16.787595748901367,16.842002884446174,16.19516377634184,16.19516377634184,555200
2019-03-13,17.22285270690918,17.301441308730066,16.684827837821842,16.78759674963988,392300
2019-03-14,17.42839241027832,17.50697986753961,17.041498184310605,17.27121634272,455500
2019-03-15,17.40420913696289,17.706470487840033,17.21076090385166,17.42234408007277,1240400
2019-03-18,17.289350509643555,17.597657243892744,17.10799299671341,17.367937958121686,304400
2019-03-19,17.43443489074707,17.506976969590173,17.168444577906065,17.277258849206273,415600
2019-03-20,17.61579132080078,17.779012728491516,17.295395023891817,17.45861527854699,228800
2019-03-21,17.924100875854492,18.05105126404545,17.597659161858395,17.609748741609554,266200
2019-03-22,16.7996883392334,17.89991959663732,16.793642973166428,17.86969276630246,384500
2019-03-25,16.503467559814453,16.781548572934017,16.231433064475898,16.781548572934017,282500
2019-03-26,16.6364688873291,16.76341813068245,16.418840295253855,16.52160922450763,278900
2019-03-27,16.79364013671875,16.884318306336414,16.479288072544392,16.678780506917448,220300
2019-03-28,16.902454376220703,17.01731401368578,16.545787038998043,16.72714339033401,156600
2019-03-29,16.709007263183594,17.065675752784305,16.6243744531209,16.950817268566524,412000
2019-04-01,16.87827491760254,17.071722009580807,16.449063173369588,16.842003876115516,284100
2019-04-02,16.944766998291016,16.99917411844992,16.569962520866934,16.902449452473363,221500
2019-04-03,16.987083435058594,17.089852311954264,16.7513188627478,16.944767042166593,172100
2019-04-04,17.482797622680664,17.506977932613292,16.90245519483462,17.041496300830783,242500
2019-04-05,17.506975173950195,17.833417954368525,17.367935242898877,17.513020538739656,253300
2019-04-08,17.234941482543945,17.50697599257747,16.99313264483565,17.50697599257747,287200
2019-04-09,16.817821502685547,17.325620668157143,16.79364119401505,17.216806396551007,193300
2019-04-10,17.18053436279297,17.216805400217496,16.66668986163095,16.787594857093364,287900
2019-04-11,16.95686149597168,17.247033272080817,16.805730818991414,17.198671501568555,172600
2019-04-12,16.88431739807129,17.0173119628206,16.672734244988195,16.93872452752224,179800
2019-04-15,16.81177520751953,16.920589473107928,16.521604601307477,16.84200203298047,186600
2019-04-16,16.37651824951172,16.829910225072872,16.279794720301506,16.793639189877897,320200
2019-04-17,16.52765464782715,16.55788032881396,16.03799146701868,16.47324749962223,335100
2019-04-18,16.545787811279297,16.666691666801324,16.340249988552678,16.503470251159193,184700
2019-04-22,15.953352928161621,16.52764992716575,15.868720123142882,16.503468466854404,402000
2019-04-23,16.545787811279297,16.751324480970304,15.995671060074084,16.056123564352905,264100
2019-04-24,16.436975479125977,16.775507928895113,16.394659067034304,16.612286493939443,266200
2019-04-25,16.3946533203125,16.467195386174552,16.15888872367247,16.35838113434613,288100
2019-04-26,16.697004318237305,16.746367182167134,16.357634775832643,16.406997639762476,215500
2019-04-29,16.857433319091797,17.091907797074672,16.67232288018192,16.703174227699076,373500
2019-04-30,16.746362686157227,16.863599897853923,16.413163738312925,16.832748557519466,311500
2019-05-01,16.524234771728516,17.011692902642135,16.50572325654059,16.771049089716648,410900
2019-05-02,16.228059768676758,16.659985797141935,16.073800640925445,16.518067682067628,280600
2019-05-03,17.53000259399414,17.554684612886174,16.388485112113244,16.715514801012056,461300
2019-05-06,17.295530319213867,17.480640764209102,16.99935195955658,17.141271222750003,277900
2019-05-07,16.592111587524414,17.21531861174933,16.462534483696377,17.21531861174933,227700
2019-05-08,16.542739868164062,16.894450306964647,16.468696184681377,16.838918132804196,273300
2019-05-09,16.616792678833008,16.709347915920862,16.271252577816618,16.493384911446736,194900
2019-05-10,16.43784523010254,16.62912731388731,16.160179625320303,16.45018623748928,223400
2019-05-13,16.388486862182617,16.450190739098403,16.197205902956885,16.289761129878784,231300
2019-05-14,16.604448318481445,16.77104841778744,16.351463505566464,16.388485357555535,212300
2019-05-15,16.826583862304688,16.851264707710996,16.394657887110043,16.45636176598122,193500
2019-05-16,16.561254501342773,16.9499868552091,16.505721139804248,16.70317256887307,196700
2019-05-17,16.666149139404297,16.746363333516626,16.184860444020604,16.511890077962462,328300
2019-05-20,15.913371086120605,16.58593975397472,15.802304333495847,16.505725530914432,366000
2019-05-21,15.783791542053223,16.092309751379442,15.746769686467076,15.950391657546238,250400
2019-05-22,15.499954223632812,15.820812243478104,15.43825035088828,15.752939042672255,276000
2019-05-23,15.024837493896484,15.438251954245958,14.895259229985118,15.425910943034665,383400
2019-05-24,15.17292594909668,15.277822189557963,15.000155324541748,15.105051565003029,185600
2019-05-28,14.91377067565918,15.271651760754246,14.882919324681723,15.191437542070696,304200
2019-05-29,14.790358543395996,14.889084249608066,14.42013773355236,14.778018712796927,278000
2019-05-30,14.69780445098877,14.913767390977021,14.525035040520839,14.778019828908885,235600
2019-05-31,14.753338813781738,14.8212131878761,14.41396929711677,14.555887373038235,294200
2019-06-03,14.771849632263184,14.938448541982755,14.605249545640245,14.77802013660885,271800
2019-06-04,15.259310722351074,15.271651733481457,14.728660189684144,14.91377064902551,215700
2019-06-05,15.203779220581055,15.321016486943087,14.913772484742076,15.321016486943087,193000
2019-06-06,15.092707633972168,15.21611536719374,14.815041999578677,15.1729230136372,160900
2019-06-07,14.963130950927734,15.16058238754265,14.895256578252583,15.148241378528368,160100
2019-06-10,14.636104583740234,15.043348558091349,14.6299340778375,14.95079332335767,240100
2019-06-11,14.62993335723877,14.741000104210045,14.413971545798626,14.648444874035183,265600
2019-06-12,14.703975677490234,14.790360386967563,14.420139530977071,14.636101304670392,183700
2019-06-13,15.185266494750977,15.228458855339944,14.747170029698115,14.77802255647849,234900
2019-06-14,14.79653263092041,15.117391842274513,14.500355440549024,15.098880326537476,249000
2019-06-17,15.88868522644043,16.092307164790522,14.821212676208233,14.821212676208233,927700
2019-06-18,16.41933822631836,16.49955243679583,16.036775158055434,16.04294566300039,531500
2019-06-19,16.604448318481445,16.659981684916776,16.265078791957485,16.320612158392816,500300
2019-06-20,16.505725860595703,16.801903088908386,16.41934112989709,16.666155486824326,467100
2019-06-21,16.16018295288086,16.413167771885227,15.981241839636873,16.413167771885227,3038300
2019-06-24,15.75910758972168,16.246565652344252,15.752937085523502,16.240395148146074,286200
2019-06-25,15.746768951416016,15.956561418117127,15.678894571923447,15.734427941162183,305200
2019-06-26,15.061857223510742,15.746767949263882,14.94461998736754,15.746767949263882,459200
2019-06-27,15.52463150024414,15.530802003791443,15.04334281568342,15.209942880750964,327000
2019-06-28,16.20954704284668,16.25890990939182,15.654214499987924,15.715917200491674,538500
2019-07-01,16.592111587524414,16.598282093931047,16.061460982495248,16.332956202964585,355200
2019-07-02,16.820409774780273,16.85126111919419,16.400824900092196,16.579765993022313,304200
2019-07-03,17.11041831970215,17.11041831970215,16.703174408177365,16.795729628632365,175500
2019-07-05,17.221479415893555,17.221479415893555,16.71550994464099,16.912961330797785,185700
2019-07-08,17.042545318603516,17.289359635007987,16.97467094025348,17.20914424661185,274100
2019-07-09,17.209142684936523,17.21531318939962,16.771047460187283,17.011691249731044,288100
2019-07-10,17.1721248626709,17.320213473808227,17.024036251533573,17.277021109339465,224600
2019-07-11,16.653812408447266,17.215315442127693,16.56742768846675,17.196805103219607,283200
2019-07-12,16.622957229614258,16.86977149906035,16.561253368026915,16.65380857195629,176200
2019-07-15,16.542739868164062,16.629125734764703,16.234221774212237,16.62295523165729,219300
2019-07-16,16.530405044555664,16.838923231932334,16.468701171699635,16.53657437262813,208400
2019-07-17,16.314441680908203,16.51189312771863,16.191033938199958,16.505722622892872,202900
2019-07-18,16.345293045043945,16.431677758887012,16.04911587452189,16.246567321536592,190300
2019-07-19,16.1910343170166,16.51189351404232,16.178693307076347,16.277419032791418,257100
2019-07-22,16.079965591430664,16.35146189200059,15.981239877933117,16.35146189200059,177500
2019-07-23,16.450191497802734,16.487213354898277,16.02443602204133,16.061459056040487,238900
2019-07-24,16.962331771850586,16.999353629104938,16.388487688341804,16.462532579754132,274000
2019-07-25,16.943817138671875,16.974669661462837,16.79572855998548,16.93764781101709,284900
2019-07-26,17.315309524536133,17.434942908428308,16.943817333205846,16.943817333205846,269600
2019-07-29,17.170495986938477,17.46643002391498,17.08234447729778,17.30901807214831,158900
2019-07-30,17.579763412475586,17.592356654404878,17.013080736191704,17.08863778585214,277200
2019-07-31,17.737178802490234,17.913480621105805,17.441244765023487,17.529395073852328,465600
2019-08-01,17.151601791381836,17.85680768572668,17.08863678637572,17.72458105511808,238300
2019-08-02,16.981597900390625,17.636432079595757,16.691960537174435,17.541985165545157,290400
2019-08-05,16.836774826049805,16.943814954302308,16.35824255862433,16.78640307163435,323600
2019-08-06,16.975299835205078,17.132711745550633,16.70455235821508,16.880852929189256,216000
2019-08-07,17.416053771972656,17.567169062721515,16.64788407709323,16.824184649154777,221100
2019-08-08,17.516796112060547,17.762358292766493,17.31530907138311,17.31530907138311,221300
2019-08-09,16.987892150878906,17.460127856191416,16.843073489479536,17.35308771494895,273000
2019-08-12,16.830480575561523,17.03196762158315,16.647883390463498,16.906038818298395,149500
2019-08-13,17.05715560913086,17.397164729079158,16.861965166179846,16.861965166179846,170800
2019-08-14,16.761219024658203,16.912334298991727,16.62269578913439,16.89974105922457,225600
2019-08-15,16.950115203857422,17.208270650644327,16.685663136300395,16.987893727520536,206600
2019-08-16,17.611244201660156,17.674209206363667,16.90603951166206,16.96900451636557,225200
2019-08-19,17.623838424682617,17.93866226478261,17.56717003738801,17.69310005381106,195400
2019-08-20,17.365680694580078,17.667911253212388,17.315308934808026,17.58605759394186,159200
2019-08-21,17.441242218017578,17.55457779812192,17.264940425147977,17.50420602886742,120000
2019-08-22,17.346792221069336,17.460128989856358,17.120119884452876,17.384571944636733,154700
2019-08-23,16.84307861328125,17.35309299390119,16.824188746977597,17.258646064298663,242800
2019-08-26,16.906038284301758,17.000485184021493,16.654179484729973,16.937520183889173,141900
2019-08-27,16.534547805786133,17.101230463367042,16.503064702001986,16.943818547319143,293600
2019-08-28,16.805295944213867,16.90603947111483,16.452692399102926,16.503064162553407,171500
2019-08-29,17.139009475708008,17.258642871584158,16.874557401167785,16.981597555171152,176600
2019-08-30,17.069747924804688,17.22715983499003,17.025672782106003,17.13271172811277,179500
2019-09-03,17.02567481994629,17.088638630790648,16.799001257841923,16.93752332304031,157600
2019-09-04,17.195674896240234,17.416051787159585,17.06974610211306,17.094931380555522,186000
2019-09-05,17.52939224243164,17.586060632084834,17.126418094637987,17.302718683818863,239500
2019-09-06,17.825326919555664,17.869402068550702,17.403462891955293,17.592357931736828,316700
2019-09-09,18.417192459106445,18.50534273956158,17.81273133434409,17.86939851395275,331100
2019-09-10,18.813871383666992,18.832761245642335,18.171631688953997,18.410897269187057,290500
2019-09-11,19.065732955932617,19.128696765719923,18.631275702845585,18.851652639974233,296500
2019-09-12,19.317590713500977,19.462409389414233,18.788686574466997,19.141288933503773,465000
2019-09-13,18.983875274658203,19.50648274493915,18.67534808868102,19.26721718063598,411000
2019-09-16,19.235734939575195,19.689082009411276,18.84535407494698,18.996469364573148,340100
2019-09-17,18.857948303222656,19.22314390584368,18.64386799813885,19.22314390584368,223100
2019-09-18,18.80757713317871,18.908320668061627,18.38571313049737,18.908320668061627,337800
2019-09-19,18.499048233032227,18.914616804984707,18.417194563394055,18.914616804984707,249500
2019-09-20,18.48015785217285,18.79498166157628,18.385710949543327,18.49904651212424,815100
2019-09-23,18.467565536499023,18.681645833691984,18.240891998069397,18.48645539835402,312900
2019-09-24,18.656461715698242,18.864245418606927,18.423492728081882,18.58720128203384,269600
2019-09-25,19.147584915161133,19.32388668927326,18.61868079378233,18.675349178284176,227500
2019-09-26,19.525375366210938,19.689083912703964,19.216848136613283,19.23573679904399,176800
2019-09-27,19.42462921142578,19.739453019711586,19.223142166276066,19.619819636294874,186800
2019-09-30,19.292402267456055,19.638709171400965,19.273513607885015,19.487593890045144,210700
2019-10-01,18.76979637145996,19.386851989775575,18.618681077471727,19.28610725949249,217600
2019-10-02,18.895729064941406,18.902025686537453,18.499050311094802,18.60609047631207,180100
2019-10-03,18.971282958984375,19.19795649481639,18.719424141925234,18.83276090984124,134500
2019-10-04,19.046842575073242,19.166475972143502,18.83276226492969,18.927209178002986,126600
2019-10-07,19.097217559814453,19.26092613050512,18.933508989123784,18.933508989123784,230900
2019-10-08,19.14129066467285,19.29240597507001,18.832763422492267,18.883135192624653,203200
2019-10-09,19.046842575073242,19.323887894251545,18.82646564393045,19.30499803125382,256100
2019-10-10,18.990171432495117,19.1916584714143,18.83905615330573,19.027949952053092,149200
2019-10-11,19.15388298034668,19.405741818817976,19.072029308202637,19.072029308202637,177900
2019-10-14,19.160179138183594,19.26092267113639,18.83276205560819,19.18536442094297,126700
2019-10-15,19.77723503112793,19.783531652519905,19.109808776029116,19.229442180561172,227400
2019-10-16,19.77723503112793,20.079465652196326,19.544266044413522,19.613526477809778,232400
2019-10-17,20.123538970947266,20.161318695863425,19.8842733845997,19.8842733845997,231700
2019-10-18,19.512781143188477,20.10465028907472,19.330183943442556,20.010203378795268,287800
2019-10-21,20.123538970947266,20.129835591766625,19.689082943030034,19.689082943030034,176000
2019-10-22,20.432065963745117,20.463547864692398,19.940940382647785,20.12353756986558,219300
2019-10-23,20.70911407470703,20.70911407470703,20.186507692174345,20.32502856361434,164900
2019-10-24,20.551698684692383,20.71540841695664,20.369100291749607,20.696517354362985,196200
2019-10-25,20.314735412597656,20.545295187290638,20.180243737619794,20.430014689173596,159700
2019-10-28,20.551700592041016,20.634958398704953,20.186650326853112,20.244289970992384,131000
2019-10-29,20.397994995117188,20.62214902789586,20.27631116791599,20.47484703852969,222800
2019-10-30,20.526081085205078,20.718212405391945,20.257096504018783,20.346758845441645,249100
2019-10-31,20.417205810546875,20.63495650742509,20.30192775437527,20.545295389889027,184400
2019-11-01,20.756641387939453,21.00641236944392,20.218672180436556,20.244290343432525,277200
2019-11-04,21.19854164123535,21.365057241409804,20.827088086299405,20.827088086299405,237600
2019-11-05,21.185733795166016,21.454717135831352,21.09607023852879,21.236967670162315,298600
2019-11-06,21.019222259521484,21.268993250634292,20.929561128668947,21.204950283763218,189600
2019-11-07,21.019222259521484,21.134501554355484,20.891133882696753,21.121692472364753,161300
2019-11-08,20.92315101623535,21.089666604413896,20.814277506572676,20.92315101623535,125700
2019-11-11,20.763044357299805,20.916750889603247,20.43642133539336,20.80787736332858,168100
2019-11-12,20.353164672851562,20.903941728939316,20.34035559161805,20.769450040611062,184100
2019-11-13,20.474843978881836,20.494057597634388,19.629464298425983,20.282712677520426,220500
2019-11-14,20.506868362426758,20.686190599359737,20.423610562529767,20.526080761217507,221300
2019-11-15,20.506868362426758,20.666978200568987,20.397993623628395,20.609338561114495,161200
2019-11-18,20.711811065673828,20.72462014732113,20.455635540434145,20.50687064548208,130400
2019-11-19,20.602935791015625,20.852709226973772,20.583723389435228,20.737429931326197,123800
2019-11-20,20.74382972717285,20.82708752501631,20.34035348248417,20.46844061691404,252600
2019-11-21,20.526081085205078,20.763042965332804,20.487655065475934,20.763042965332804,149000
2019-11-22,20.602935791015625,20.711811767163937,20.462040774288386,20.628553955177885,137500
2019-11-25,21.19854164123535,21.301011840157226,20.602932846538756,20.692596408292367,257700
2019-11-26,21.20494842529297,21.409888833017867,21.00641133646094,21.121690621191487,176600
2019-11-27,21.44190788269043,21.499547518520867,21.198540259952804,21.198540259952804,127600
2019-11-29,21.365053176879883,21.499544829300962,21.313816865625117,21.326625943438806,101100
2019-12-02,21.083261489868164,21.42269599475911,20.980791295185384,21.42269599475911,163400
2019-12-03,21.134498596191406,21.204947315738536,20.801469840293674,20.916749118992207,125800
2019-12-04,21.435504913330078,21.640445301154916,21.134497649863917,21.179328207007966,176800
2019-12-05,21.461122512817383,21.582807558385817,21.3202275107499,21.43550679440297,175600
2019-12-06,21.800556182861328,21.97347510150302,21.518761303704977,21.608424865397975,303500
2019-12-09,22.1015625,22.184820305614636,21.76213040161463,21.77493948271553,310500
2019-12-10,22.082347869873047,22.19122382669449,21.92223803690435,22.101560268043,217500
2019-12-11,21.74932098388672,22.229650523865217,21.698087103358514,22.15920180044186,239700
2019-12-12,21.083261489868164,21.864598251250687,21.064049091828313,21.6532545435659,385300
2019-12-13,19.789581298828125,20.859115366364144,19.488575158477094,20.641365827713113,529500
2019-12-16,19.8280029296875,19.93047435591381,19.571827417974717,19.661489763230087,339100
2019-12-17,19.789581298828125,20.000926295572775,19.693515613315366,19.956095723769586,247700
2019-12-18,20.199459075927734,20.346759843398466,19.75115101144849,19.866430297831222,273800
2019-12-19,20.327547073364258,20.385186718970214,20.12260665411698,20.289121050140707,272300
2019-12-20,20.391592025756836,20.596532452702526,20.244291246582286,20.3339523779857,1292000
2019-12-23,20.199459075927734,20.48765607034336,20.0521570869158,20.365972243434786,229400
2019-12-24,20.263505935668945,20.321145589946955,20.05216094383005,20.18665387765922,94100
2019-12-26,20.23147964477539,20.397994026315487,20.167435463945942,20.289119285367775,159400
2019-12-27,20.333948135375977,20.44282286716719,20.16102922814151,20.225073403584762,198200
2019-12-30,20.385181427001953,20.468437992629887,20.263497626584876,20.346755413753748,235800
2019-12-31,20.583721160888672,20.750236766832554,20.32114111436086,20.340354735402347,284900
2020-01-02,20.058565139770508,20.673386479414294,20.013734569780826,20.660577396119695,240500
2020-01-03,20.22507667541504,20.28271632048428,19.872835485806323,19.872835485806323,273700
2020-01-06,20.705402374267578,20.775848640426297,20.090580051669917,20.10979244761485,246700
2020-01-07,20.718215942382812,20.737430787839436,20.538893672005678,20.615745724584066,208600
2020-01-08,20.90393829345703,20.980790325145346,20.609336802750118,20.66057067618165,271600
2020-01-09,21.06405258178711,21.185737637753054,20.763045266186165,20.95517905074659,222700
2020-01-10,21.00000762939453,21.14730839203138,20.878322584938026,21.05764727069437,197500
2020-01-13,21.563594818115234,21.589212982109697,20.935964458746415,20.97439170473811,164400
2020-01-14,21.582805633544922,21.70448822517887,21.31381984798287,21.55078415607095,184300
2020-01-15,22.17201042175293,22.184819502390063,21.640447012264715,21.65965941167925,279700
2020-01-16,21.774940490722656,22.50504104569486,21.710897525335895,22.25527006037095,353100
2020-01-17,21.941452026367188,22.30009895773734,21.787747943695937,21.86459998503156,247100
2020-01-21,22.191225051879883,22.319310970860776,21.82617480800327,21.877408686979166,254100
2020-01-22,22.46661376953125,22.588296367598655,22.17841557086396,22.17841557086396,177100
2020-01-23,22.76761817932129,22.77402394088416,22.30009775160242,22.466613349086092,325300
2020-01-24,22.208189010620117,22.85218856508081,22.149643596578237,22.839178197352176,263700
2020-01-27,21.954490661621094,22.065075053105616,21.720309030861355,21.921965986565272,213700
2020-01-28,22.57897186279297,22.61800295916291,22.013034613532895,22.013034613532895,294400
2020-01-29,22.650527954101562,22.74810445567698,22.48790210579154,22.572468241725336,138600
2020-01-30,22.611499786376953,22.663541255685146,22.338289516930462,22.520429696561457,112500
2020-01-31,22.13663101196289,22.578973544542006,22.104106336635475,22.57246960206599,262700
2020-02-03,22.09760284423828,22.37731952440386,21.79836937329981,22.21469366298079,277100
2020-02-04,22.149641036987305,22.2602279091644,21.88944115690488,22.201682501887966,221000
2020-02-05,22.35129737854004,22.35780132073751,22.07808465824853,22.260227298934055,198000
2020-02-06,22.25372314453125,22.683055336077796,22.22770241014084,22.448873689511714,174000
2020-02-07,22.507417678833008,22.520428045206042,22.11711661353653,22.234207429420206,214800
2020-02-10,22.57897186279297,22.73509376679927,22.435862805716795,22.58547828625803,237900
2020-02-11,22.20168113708496,22.80014305781158,22.13012536798211,22.689558673906063,223300
2020-02-12,22.513919830322266,22.60498989617763,22.078081324691777,22.227696787378903,175900
2020-02-13,22.338285446166992,22.598487782342925,22.09109347494719,22.435861942601314,158100
2020-02-14,22.4228515625,22.481396964026374,22.156145284762832,22.38382046765796,150800
2020-02-18,22.2667293548584,22.48139665129338,22.039054175130406,22.396830521048688,200800
2020-02-19,21.94798469543457,22.27323637894948,21.804873160616516,22.234205283597262,299100
2020-02-20,22.500913619995117,22.663539476606395,21.85691413596606,22.44236821235611,296500
2020-02-21,22.975780487060547,23.385598334532116,22.513923656601733,22.57897300570419,408100
2020-02-24,21.954490661621094,22.76761994538484,21.76584407223423,22.55295262336386,407200
2020-02-25,21.12835121154785,22.11711672774136,21.11534084510763,22.065075261980493,289100
2020-02-26,20.81610679626465,21.356025757399948,20.783582125690145,21.134854523430704,303100
2020-02-27,20.289199829101562,21.18689390596484,20.074533773281864,20.43231011940247,395900
2020-02-28,18.94916343688965,19.853364003766455,18.37021580973371,19.716757645010013,847900
2020-03-02,19.846858978271484,19.872878469213415,18.318175732777352,19.05974921530555,457300
2020-03-03,19.723262786865234,20.464836261971183,19.4370409449481,19.93792885811889,385900
2020-03-04,20.998249053955078,21.128350230844752,19.918414745012626,20.120070452528516,439000
2020-03-05,20.549406051635742,21.063304421876982,20.224154295504423,20.523385315591486,360000
2020-03-06,20.204633712768555,20.52988538791625,19.580151092038584,20.068028604760126,293200
2020-03-09,17.67418098449707,19.515105927347356,17.57010051881018,18.864602396435778,406900
2020-03-10,18.851585388183594,18.858090570089914,17.797770734091465,18.18807172257798,604400
2020-03-11,17.719711303710938,18.597891084200754,17.368440135957027,18.422254879955453,423900
2020-03-12,14.968086242675781,17.07571751246926,14.968086242675781,16.28210365950744,630300
2020-03-13,14.733901977539062,15.878788127187216,13.790672778173395,15.878788127187216,421800
2020-03-16,11.585464477539062,13.719115941937046,11.455364550168104,13.283278641734116,713600
2020-03-17,13.829704284667969,14.09641061512066,10.733307537176028,11.806638042746243,590500
2020-03-18,13.406876564025879,14.532247239994437,12.379081157864752,12.886473057158135,546000
2020-03-19,15.156731605529785,15.195762710281436,12.821423856247208,13.40037283602665,584200
2020-03-20,14.200489044189453,15.416930937133388,13.608531054791719,15.267314213523962,774400
2020-03-23,14.564770698547363,14.916043129367422,12.866957671794058,13.95329839715483,528800
2020-03-24,15.683638572692871,16.308121288986158,14.584287395055918,15.612082796174606,439100
2020-03-25,16.373172760009766,17.108241151818124,14.935559413597304,15.748688769496205,405600
2020-03-26,17.830297470092773,17.96690382449017,16.490260860444533,16.769977511163113,439100
2020-03-27,17.049692153930664,17.52456054088609,16.53579515424183,16.98464281172609,375700
2020-03-30,17.036684036254883,17.212319007612983,16.080443264229665,17.16678396908545,380000
2020-03-31,17.726219177246094,17.726219177246094,16.36016167140269,16.893574306842286,544000
2020-04-01,16.230060577392578,16.861048438489455,15.787718060031143,16.56832140766592,352100
2020-04-02,16.607349395751953,17.290377352122476,15.982865593846526,15.982865593846526,331200
2020-04-03,15.072163581848145,16.822018046719617,14.649336626890527,16.509775476851402,380300
2020-04-06,17.212318420410156,17.27086382244448,15.67713132466763,15.69014168972786,472700
2020-04-07,17.648157119750977,18.350700758987305,17.238340513836782,18.0124399258267,442900
2020-04-08,18.077491760253906,18.409247433212826,17.322906604704283,17.966906122355304,380300
2020-04-09,18.82740020751953,19.13267291115944,17.984580109714564,18.515489709865857,335700
2020-04-13,18.104036331176758,18.83403676513848,17.94476344017847,18.681400402822003,249200
2020-04-14,18.130582809448242,18.68140208165487,17.8850375550969,18.56194708622404,192000
2020-04-15,17.068754196166992,17.89830098134636,17.028936304899005,17.447028593470655,266300
2020-04-16,16.577669143676758,17.460307218150493,16.21930545034024,17.17494280976324,311400
2020-04-17,17.068754196166992,17.672664154514536,16.823209056595147,17.25457313173083,215600
2020-04-20,16.34539222717285,16.87630302429479,16.2060289498683,16.637393102300507,229700
2020-04-21,16.418392181396484,16.444938289917857,15.774664239210672,15.774664239210672,274400
2020-04-22,16.597579956054688,16.86967132699095,16.352033436391253,16.843125209929593,223700
2020-04-23,16.60421371459961,17.035577918557326,16.50466832380757,16.663941202232497,197900
2020-04-24,16.524578094482422,16.770124594747678,16.192759252160332,16.650669608985577,213500
2020-04-27,16.989124298095703,17.30103354167442,16.61085103555877,16.61085103555877,201800
2020-04-28,17.679304122924805,18.064213855560045,17.45366725216054,17.739031604349943,247700
2020-04-29,18.694671630859375,18.99330906337642,17.991216114671598,18.316398393529987,246700
2020-04-30,18.183666229248047,18.495576646897288,17.838574444770934,18.296484648566025,292000
2020-05-01,17.314306259155273,17.918216414836703,16.843122872999626,17.639488553307707,244400
2020-05-04,17.002399444580078,17.2213998480047,16.491398081326448,16.82985348039878,269300
2020-05-05,17.148401260375977,17.758948101502256,17.015673190909474,17.367401688943627,267800
2020-05-06,16.770122528076172,17.42048707509036,16.537849113917314,17.155032287103783,214900
2020-05-07,16.37858009338379,17.29439964378623,16.22594371261481,17.022308263880287,206400
2020-05-08,17.254575729370117,17.347484578245293,16.67057526163052,16.783393692031005,273600
2020-05-11,16.484758377075195,16.96257700184973,16.378576460458632,16.96257700184973,168200
2020-05-12,15.038029670715332,16.650669429548078,15.031393142045797,16.650669429548078,390900
2020-05-13,14.540300369262695,15.150847039377739,14.40757233697269,15.011483744682725,328800
2020-05-14,14.507120132446289,14.653119966791124,13.544844987305607,14.14875517661566,339200
2020-05-15,14.533663749694824,14.633209140392314,13.982844570994503,14.40093698402761,245600
2020-05-18,15.462757110595703,15.880849548993169,15.097756900632046,15.157484391831684,259100
2020-05-19,15.144211769104004,15.635303504107126,15.077847747446624,15.389758269499781,169300
2020-05-20,15.608757019042969,15.61539354709201,15.064574376904636,15.469392461589717,254500
2020-05-21,15.661853790283203,16.06667202520983,15.509217385871708,15.847671581466319,185100
2020-05-22,15.768031120300293,16.07994036811608,15.53575768368546,15.781304177429918,214800
2020-05-26,16.836490631103516,16.896216865343256,16.11312536701699,16.418398130905242,159400
2020-05-27,17.659400939941406,17.73240023173573,16.60421681573681,17.234671919027473,239600
2020-05-28,17.327577590942383,17.931487686506596,17.141758613157922,17.931487686506596,203000
2020-05-29,16.783397674560547,17.13512483778535,16.67721448035084,17.13512483778535,234900
2020-06-01,17.11521339416504,17.652759466930664,16.77012155687354,16.896211782747272,198800
2020-06-02,17.49349021911621,17.639490057783426,17.088670816090495,17.327580793717274,188000
2020-06-03,18.369489669799805,18.668125841695066,17.71912510083148,17.745669947632067,186100
2020-06-04,18.48894500732422,18.568580815075446,17.59303394249867,18.15048965991064,198600
2020-06-05,19.484399795532227,19.856036486706508,18.893761487332768,19.10612657664916,333600
2020-06-08,20.49976348876953,20.49976348876953,19.504307165016453,19.504307165016453,278500
2020-06-09,20.705495834350586,20.957677592296424,19.836129574273762,19.98213067194782,254500
2020-06-10,20.048492431640625,20.57276677311453,19.79631068620738,20.57276677311453,278800
2020-06-11,18.22348976135254,19.338401246464407,18.01112591005283,18.960127978113253,325700
2020-06-12,18.595130920410156,19.126040638694878,17.72576451625958,19.126040638694878,292800
2020-06-15,18.575218200683594,18.86058260083777,17.752307643139225,17.752307643139225,189900
2020-06-16,19.046398162841797,19.57730769573284,18.641578852894767,19.51094368767442,213500
2020-06-17,18.283218383789062,19.145948165299746,18.276583120590328,19.145948165299746,179200
2020-06-18,18.236759185791016,18.389395515284374,17.79212198603217,18.190304760796355,199300
2020-06-19,17.95139503479004,18.29648686099601,17.831941340292428,18.243395908178798,1068700
2020-06-22,17.871763229370117,18.01776306577338,17.42712592556422,17.845217114139462,154600
2020-06-23,17.593032836914062,18.25003390562186,17.539941879820148,18.25003390562186,176200
2020-06-24,16.989124298095703,17.400578937217553,16.358668016675228,17.367397560632636,249300
2020-06-25,17.460308074951172,17.520035571069574,16.657307040585902,16.710398007603537,237100
2020-06-26,16.69712257385254,17.347487143736366,16.624122029918613,17.247941752964486,288800
2020-06-29,17.32094383239746,17.553217275315067,16.823215568626203,17.00239804737308,221700
2020-06-30,17.234668731689453,17.659397674055043,16.756850095540027,17.214760412967596,222600
2020-07-01,16.962583541870117,17.679312388264947,16.902856032521484,17.33422165910357,189000
2020-07-02,17.088666915893555,17.593031605888292,16.843120465397995,17.427122218355347,161600
2020-07-06,16.889577865600586,17.73903320558979,16.723668461285406,17.513396314458085,195400
2020-07-07,16.33212661743164,16.829854966041328,16.285672174087587,16.657308986628667,224600
2020-07-08,16.19276237487793,16.55776393129456,15.814489024208202,16.292307793613855,163500
2020-07-09,15.821121215820312,16.099849071322403,15.535756832117183,16.099849071322403,181300
2020-07-10,16.35866928100586,16.365305809993444,15.827759619883894,15.827759619883894,129300
2020-07-13,16.298940658569336,16.743577943675763,16.133031242720495,16.624122961738458,168200
2020-07-14,16.438302993774414,16.637393759441185,15.953847869073913,16.29230191754978,160300
2020-07-15,16.62412452697754,17.05549006143032,16.35866968978326,16.909488951632085,202400
2020-07-16,16.4449405670166,16.670577457539277,16.2392119948535,16.471485413425462,215700
2020-07-17,16.922761917114258,16.94930803358233,16.405124038083372,16.405124038083372,213800
2020-07-20,16.431671142578125,16.95594431646176,16.179488084121832,16.90948987563786,190200
2020-07-21,16.856395721435547,17.068759562683816,16.458212886200872,16.750213800811412,358800
2020-07-22,17.30767059326172,17.320943650612207,16.590941951584792,16.637396386523083,324400
2020-07-23,17.559850692749023,17.59966986103344,17.155032608163836,17.22803188510867,393000
2020-07-24,16.448383331298828,17.498856389952483,16.35350096803335,17.498856389952483,255100
2020-07-27,16.475496292114258,16.509383321625265,15.885876197860785,16.475496292114258,211300
2020-07-28,16.943126678466797,17.085448322090087,16.387392330238363,16.400947141819053,199700
2020-07-29,17.06511688232422,17.126112239938397,16.583931426996564,17.01767633588162,219200
2020-07-30,16.970233917236328,17.43786321714431,16.658479757973208,16.692365489505857,185000
2020-07-31,17.044780731201172,17.051558135222567,16.428051184488268,16.92956744815274,260300
2020-08-03,16.956676483154297,17.11255289233177,16.665254583509174,17.058334954676234,183000
2020-08-04,17.24131965637207,17.444636583818834,16.89567984558657,16.94312037581365,197500
2020-08-05,17.10577392578125,17.39041839563248,16.78724373273766,17.39041839563248,169900
2020-08-06,16.861793518066406,17.0854426644572,16.719471921571152,17.031224728746025,194100
2020-08-07,17.376869201660156,17.45141936795047,16.80758007808914,16.80758007808914,163200
2020-08-10,17.397197723388672,17.641179093868313,17.200656887689487,17.485301389029864,239500
2020-08-11,17.139663696289062,17.88516006759568,17.01767300493847,17.88516006759568,214800
2020-08-12,17.078664779663086,17.519185623143112,16.97700502968834,17.39041755445721,123500
2020-08-13,16.71269989013672,17.227771091285582,16.67203674844701,16.98378965583139,189500
2020-08-14,16.692363739013672,17.038003593562934,16.570374342694222,16.665255415161905,160700
2020-08-17,16.949901580810547,16.990564716888816,16.529711532475794,16.59748428771144,108700
2020-08-18,16.631372451782227,17.07189345202609,16.55004488139268,16.977011071128636,261300
2020-08-19,16.339948654174805,16.665256313885173,16.265398497411194,16.665256313885173,372500
2020-08-20,16.64492416381836,17.00411884736139,16.285730772933068,16.285730772933068,171700
2020-08-21,16.529708862304688,16.63136862506516,16.129851092930068,16.529708862304688,199700
2020-08-24,16.916013717651367,16.943123335463817,16.163739920564026,16.475492769460853,174500
2020-08-25,16.773691177368164,17.200657293113622,16.67881010557087,17.0312260690998,290600
2020-08-26,16.50937843322754,16.76691331796555,16.319615002128533,16.64492263316316,179700
2020-08-27,16.821134567260742,16.92279306038561,16.306063403749157,16.495826872198016,172400
2020-08-28,16.529708862304688,16.94312143906838,16.38738726269215,16.888903502169665,165900
2020-08-31,16.15696144104004,16.70591823863777,16.10274350168048,16.563596632565545,249000
2020-09-01,15.926535606384277,16.13662996946051,15.811322318376465,16.10274424055256,394600
2020-09-02,16.204402923583984,16.2382886529178,15.831654730281194,15.8587630552167,259600
2020-09-03,16.251840591430664,16.604257801954848,16.021414053215427,16.16373693512836,210500
2020-09-04,16.082412719726562,16.475493138200587,15.831655212637795,16.400944272863313,156400
2020-09-08,15.818098068237305,15.99430668397551,15.519898772937452,15.99430668397551,195100
2020-09-09,15.797765731811523,16.197623492680833,15.736770392515693,15.940088621054313,137400
2020-09-10,15.574116706848145,15.797765855126105,15.519898770679474,15.763880129767271,153300
2020-09-11,15.208148002624512,15.601228415784272,15.038716767768447,15.601228415784272,221200
2020-09-14,15.560563087463379,15.655445452494607,15.235255445618868,15.350468730354342,181600
2020-09-15,15.696111679077148,15.92653829397711,15.580898371627168,15.61478539891123,128600
2020-09-16,15.797765731811523,16.028192281894093,15.58767139238008,15.770657410267573,180800
2020-09-17,15.614784240722656,15.87909657064404,15.48601613191011,15.574119810997965,159100
2020-09-18,15.350470542907715,15.736773574794181,15.140376160991144,15.736773574794181,724000
2020-09-21,14.645636558532715,15.343692428558393,14.577863805115083,15.343692428558393,246500
2020-09-22,14.421985626220703,14.855729127182723,14.354212881030989,14.632079972916982,274100
2020-09-23,13.832365036010742,15.11326467691738,13.818810227841084,14.38809924439018,242300
2020-09-24,13.866250991821289,14.198337334151125,13.737484190064805,13.852697476086385,181200
2020-09-25,13.839143753051758,13.940802238653493,13.53416700358877,13.730707862722202,199200
2020-09-28,14.523642539978027,14.68629633539374,13.927243997462948,13.927243997462948,265000
2020-09-29,14.205113410949707,14.482981811687344,13.940801111229176,14.449094790788767,114400
2020-09-30,14.042458534240723,14.564306982977095,13.99501800120243,14.272885088418924,261200
2020-10-01,14.25255298614502,14.266106499703268,13.784922512962508,14.035679964665942,138100
2020-10-02,14.598196983337402,14.652414931121754,13.85947663686446,13.995020859996421,107200
2020-10-05,14.340660095214844,14.733740521542744,14.279664745210706,14.69985479049946,211100
2020-10-06,14.442317008972168,14.842174796516202,14.401653877614807,14.537199372349532,300000
2020-10-07,14.096675872802734,14.523643237345533,13.92046855546803,14.50331102719575,294800
2020-10-08,14.747295379638672,14.774403706031109,14.150896687111645,14.150896687111645,162900
2020-10-09,14.442317008972168,14.909947543883565,14.279663190885083,14.774402049148842,143700
2020-10-12,14.76085090637207,14.842177182158691,14.299997701388396,14.428765812818034,159900
2020-10-13,14.306775093078613,14.733741272203037,14.27288806765106,14.665968514005774,163700
2020-10-14,13.967911720275879,14.394877872669683,13.954356910953468,14.259333657418875,163400
2020-10-15,14.401656150817871,14.523646856802994,13.825589646253587,13.859476671614923,169100
2020-10-16,14.232224464416504,14.428765327496096,14.062793220792498,14.31355203012546,203200
2020-10-19,13.662936210632324,14.205115706031274,13.601940855817707,14.171229972315546,564100
2020-10-20,13.60871696472168,14.076347542867811,13.56127642497571,13.81881133759288,266000
2020-10-21,13.744264602661133,13.832368291182041,13.48672835746224,13.581610744320864,229500
2020-10-22,13.886587142944336,13.920474173536876,13.588387737020199,13.744265492429797,226200
2020-10-23,13.858726501464844,14.00497506259434,13.719443612350705,13.90051123536781,193500
2020-10-26,13.392126083374023,13.740335298199014,13.329448318440507,13.726406610810956,182500
2020-10-27,12.85588264465332,13.475695905500533,12.834990943393818,13.308555653861301,252500
2020-10-28,12.528568267822266,12.79320803348643,12.36142799239308,12.61910341387526,227500
2020-10-29,12.765350341796875,12.911598909384516,12.270893871891118,12.5633896787536,272400
2020-10-30,12.821065902709961,13.252846005123395,12.6330325680309,12.6330325680309,286100
2020-11-02,13.350341796875,13.378197844271794,12.9742751946724,12.981239538599795,223900
2020-11-03,13.740335464477539,13.789084542612935,13.231950323475894,13.48266138624394,180500
2020-11-04,13.036953926086426,13.62194557613321,12.988204843301341,13.62194557613321,162500
2020-11-05,13.009098052978516,13.301593881966937,12.911599886086673,13.099631875333381,170400
2020-11-06,12.598209381103516,13.1483792446718,12.465889508776876,13.002132013399772,175800
2020-11-09,14.339254379272461,14.80585474143435,12.932488949672425,12.932488949672425,490900
2020-11-10,15.300313949584961,15.390849098338261,14.318363971955298,14.694430599122168,326000
2020-11-11,15.14013671875,15.537095016824564,14.903354343001531,15.537095016824564,121300
2020-11-12,14.673532485961914,15.091383706493648,14.492463579454416,15.091383706493648,181500
2020-11-13,15.460489273071289,15.523167036397439,14.861569013871506,14.889425059620514,190900
2020-11-16,16.115121841430664,16.435475005903744,15.5022742152352,15.885303815568275,206900
2020-11-17,16.442440032958984,16.526009503121102,15.864412772472008,15.941017898735154,309200
2020-11-18,15.822628021240234,16.567796940473464,15.801736316123556,16.44244139652184,179000
2020-11-19,16.101200103759766,16.219591329828337,15.544064375308118,16.094235757718888,159800
2020-11-20,16.351903915405273,16.414581678445334,15.927089589404833,15.941016948059413,161500
2020-11-23,16.665294647216797,16.99261085871505,16.463332647902465,16.560832139573765,201500
2020-11-24,17.131893157958984,17.514922752274675,16.90903947920711,16.978680257582543,204800
2020-11-25,16.87421989440918,17.069217552118822,16.02458980470626,17.027432814149925,102800
2020-11-27,16.616544723510742,16.902076183145333,16.35190496735838,16.902076183145333,63700
2020-11-30,15.913164138793945,16.623511378840433,15.836557673206684,16.553869258153195,522000
2020-12-01,15.864412307739258,16.567795081177266,15.815661901874543,16.101194680116915,306800
2020-12-02,16.003694534301758,16.142978745810442,15.66941402065614,15.725127439597076,187600
2020-12-03,16.017623901367188,16.3658331166143,15.864412324851045,15.95494613635769,218300
2020-12-04,16.62350845336914,16.67225753077726,15.961910415740487,15.961910415740487,198600
2020-12-07,16.62350845336914,16.909039902456183,16.400653440726295,16.62350845336914,192100
2020-12-08,16.64440155029297,16.804577483283232,16.386727454319562,16.386727454319562,180300
2020-12-09,16.512083053588867,16.846364964488664,16.477262657686765,16.71404506909735,174300
2020-12-10,16.421545028686523,16.60957830643368,16.212620050064764,16.428509371748934,149600
2020-12-11,16.421545028686523,16.623506992558497,16.19869136393995,16.33101122550046,118300
2020-12-14,16.64440155029297,17.18064410332595,16.337977044515146,16.337977044515146,324100
2020-12-15,17.15278434753418,17.15278434753418,16.553865435865436,16.727970033226295,283700
2020-12-16,16.929931640625,17.375640338531454,16.888146906803776,17.194571387555822,222200
2020-12-17,16.64440155029297,16.936897367555247,16.393691798577336,16.936897367555247,187300
2020-12-18,16.136014938354492,16.67922178730552,16.045481127685687,16.67922178730552,887000
2020-12-21,15.81566333770752,15.961911911953434,15.390848960249935,15.843520715016401,330200
2020-12-22,15.697272300720215,15.843519535767948,15.516203346628194,15.843519535767948,214800
2020-12-23,15.732093811035156,16.017625285954537,15.620666958789197,15.711200778121718,188500
2020-12-24,15.934053421020508,16.010659874953085,15.599772886553792,15.752985794418946,97600
2020-12-28,15.961915016174316,16.19173311041543,15.836559450531324,15.947986324811069,195100
2020-12-29,15.697272300720215,16.129050990367315,15.578881112595154,16.073337568209215,169700
2020-12-30,15.662447929382324,15.99672840572357,15.557985446564754,15.704232656846846,167900
2020-12-31,15.822628021240234,15.864414088099368,15.488347456244492,15.669416427695406,188000
2021-01-04,15.60673999786377,15.954949281757763,15.467455752980971,15.815665036874964,262400
2021-01-05,15.697272300720215,16.066373224400355,15.571916768786295,15.599772815708965,232100
2021-01-06,16.539936065673828,16.971716033740545,15.878338091721831,15.934051507442124,406300
2021-01-07,16.463333129882812,16.853328451359804,16.177801647419983,16.609581707514906,267600
2021-01-08,16.526010513305664,16.560832234929073,16.240479037557993,16.5120818246563,193200
2021-01-11,16.512083053588867,16.651367293823196,16.14298207509993,16.351907107138462,149500
2021-01-12,16.89510726928711,16.943856335309977,16.421542636529384,16.616540228933278,171600
2021-01-13,17.23635482788086,17.312961274398152,16.929930370124328,17.131892337010775,135900
2021-01-14,18.058130264282227,18.190450139095756,17.305998406273496,17.347783140520438,205300
2021-01-15,18.15563201904297,18.23223848727433,17.695995866280846,17.84920747443055,160700
2021-01-19,18.02330780029297,18.441159110424223,17.884024915791016,18.385445690960903,203700
2021-01-20,18.134733200073242,18.44812063861253,18.05116241947527,18.183482268625188,185400
2021-01-21,18.092952728271484,18.280986046400994,17.723851764883456,18.190452223771732,322000
2021-01-22,17.488191604614258,17.986228525023474,16.82651448582883,17.922195167912534,368100
2021-01-25,17.580684661865234,17.715866353432027,16.954582342101677,17.253404243067394,163000
2021-01-26,17.79412841796875,17.8439318385014,17.45261808542361,17.587798410571832,165700
2021-01-27,17.331668853759766,17.70875272508639,17.224945671947236,17.331668853759766,227200
2021-01-28,17.096879959106445,17.651833979781916,17.04707517529054,17.438390334451594,293400
2021-01-29,16.463659286499023,17.34589499460188,16.37116741325595,17.068418017831227,383100
2021-02-01,17.075532913208008,17.175139754281794,16.32847889107173,16.684219160096895,250300
2021-02-02,16.869203567504883,17.324552052506768,16.8407450505281,17.288977209983933,214500
2021-02-03,16.854976654052734,16.983043385714414,16.442317939277117,16.840746715636634,257500
2021-02-04,17.160911560058594,17.274748340138466,16.862089673088573,16.862089673088573,266300
2021-02-05,17.31032371520996,17.39570198811341,17.17514201521351,17.338783591858313,230900
2021-02-08,17.79412841796875,17.815473322643356,17.274747950926173,17.395699696666085,177500
2021-02-09,17.83681869506836,17.943540515276688,17.523766846354565,17.801245207346106,139700
2021-02-10,18.028919219970703,18.40600444130149,17.915082428067368,17.92219739719153,168900
2021-02-11,18.164098739624023,18.171213707894413,17.801243500082794,18.142753834812854,151600
2021-02-12,17.92219352722168,18.156982029454223,17.886618689282624,18.128522159102975,98600
2021-02-16,17.97911262512207,18.27081952260416,17.957767721510688,18.043145978914858,185400
2021-02-17,17.772785186767578,17.872393394253358,17.495308185077786,17.872393394253358,141000
2021-02-18,17.459733963012695,17.900851159598073,17.43127408863093,17.715866047241093,174800
2021-02-19,17.602025985717773,17.893732858597915,17.139563969471787,17.38146742850038,243300
2021-02-22,18.01468849182129,18.121410309920968,17.47396307546918,17.47396307546918,183400
2021-02-23,18.292163848876953,18.569642179486987,18.036031779829553,18.036031779829553,282500
2021-02-24,18.733287811279297,18.91115799610232,18.36331750115737,18.36331750115737,225700
2021-02-25,18.26370620727539,18.85423502354242,18.171214330673248,18.655019976268168,190200
2021-02-26,17.993345260620117,18.441577447381903,17.858163564881153,18.370429115043418,264700
2021-03-01,18.526952743530273,18.74039634924081,18.29216287739079,18.29216287739079,148500
2021-03-02,18.334856033325195,18.640792919224964,18.156985877061757,18.54118470892915,123000
2021-03-03,18.982301712036133,19.067678619986047,18.39177289672353,18.39177289672353,217400
2021-03-04,18.562528610229492,19.302467714523164,18.420231950113795,18.98230226482513,382500
2021-03-05,19.124597549438477,19.217090785536854,18.66925040877422,18.783087193940286,226600
2021-03-08,20.18470573425293,20.341230981712815,19.14594332608,19.21709165930416,199300
2021-03-09,19.94280242919922,20.38391965724065,19.764932272753768,20.270082865678887,149200
2021-03-10,20.341230392456055,20.455067179500386,19.629749794908218,20.042408487204302,146800
2021-03-11,20.41238021850586,20.590250380919016,20.12067326071161,20.49064216717933,208000
2021-03-12,20.98868179321289,21.031370257566362,20.36257934020867,20.547563138087646,190400
2021-03-15,20.96733283996582,21.15231795922106,20.718315715046796,21.074056015835748,234000
2021-03-16,20.440834045410156,20.938870928629406,20.38391566078864,20.938870928629406,141600
2021-03-17,20.59736442565918,20.625822944706147,20.28431257389304,20.447952790277455,152300
2021-03-18,20.334115982055664,20.725429778636705,20.16336079679985,20.547559624365036,157200
2021-03-19,19.985490798950195,20.618708118860088,19.91434246527635,20.24162425735941,676500
2021-03-22,19.65821075439453,19.985492575571485,19.27401188966874,19.85742583498232,211800
2021-03-23,19.601289749145508,19.999719857376892,19.523027806884173,19.643979561696998,184000
2021-03-24,19.57994842529297,20.234510698020667,19.530144995363965,19.857425453206968,189000
2021-03-25,19.900110244750977,20.05663683228942,19.266892997466,19.530141394754285,169200
2021-03-26,20.419492721557617,20.51198459774286,19.900110878691073,20.056637471215847,172300
2021-03-29,19.93568992614746,20.57602229715209,19.81473815052112,20.277200343077695,202500
2021-03-30,20.284313201904297,20.497756851010404,20.04240967582851,20.04240967582851,210500
2021-03-31,19.57994842529297,20.248739280113462,19.57994842529297,20.18470726809166,357600
2021-04-01,19.764930725097656,19.764930725097656,19.38073056587959,19.579945614034308,233000
2021-04-05,20.03529167175293,20.12066993268773,19.708011278425943,19.821848054978062,219400
2021-04-06,20.09221076965332,20.255850972096322,20.006833862744568,20.113555674901242,136000
2021-04-07,20.1064395904541,20.355458043025266,19.964142944115896,20.156243009560054,119500
2021-04-08,19.79338836669922,20.042406826617174,19.622633200280415,20.042406826617174,161900
2021-04-09,19.729354858398438,19.89299505533166,19.530141177624575,19.864536539667434,150600
2021-04-12,19.83608055114746,19.921458828941265,19.572833462279796,19.900113920232393,116800
2021-04-13,19.92857551574707,20.028182384221513,19.558605208496555,19.864542141144412,132200
2021-04-14,19.992603302001953,20.284310212746234,19.843191684012133,19.90722504071614,97400
2021-04-15,20.22027587890625,20.277194264665763,19.857420660798844,20.14912755744652,115000
2021-04-16,20.284313201904297,20.511986789495243,20.134901561896722,20.38392005721493,119400
2021-04-19,20.298547744750977,20.462188003320627,20.099332631899706,20.426613149039007,125300
2021-04-20,20.213163375854492,20.519100245508405,20.042408197754025,20.319885192537093,128100
2021-04-21,20.262968063354492,20.455068159586684,20.099327843767785,20.277198001677235,210800
2021-04-22,20.07086753845215,20.50487114873515,20.0495239884655,20.227394142576028,180200
2021-04-23,20.005558013916016,20.13617123798481,19.91848345388694,20.070864625950414,169600
2021-04-26,20.295812606811523,20.498988924489243,20.085381227810874,20.172455803940306,132600
2021-04-27,20.172454833984375,20.353861806894397,20.092636707041212,20.295811630924202,167100
2021-04-28,20.18696403503418,20.469958418171537,20.14342675701884,20.22324625340122,112800
2021-04-29,20.012815475463867,20.593317185256954,19.95476530448456,20.208735321528504,185300
2021-04-30,20.136171340942383,20.31757828995988,19.969277280012328,19.969277280012328,251300
2021-05-03,20.346607208251953,20.557038581915975,20.194224627851785,20.245018359976708,294400
2021-05-04,20.128917694091797,20.411912130997052,20.034586676465175,20.303068223266212,202800
2021-05-05,19.475854873657227,20.012819406701286,19.396035353871785,20.012819406701286,316800
2021-05-06,19.751590728759766,19.816897349784178,19.497622073693027,19.548415804706373,176100
2021-05-07,19.947511672973633,20.012818297537613,19.591954152583867,19.599210597982694,109900
2021-05-10,19.947511672973633,20.22325106202721,19.78061758087699,19.95476811837246,179600
2021-05-11,19.838666915893555,19.925741488923485,19.49036585572306,19.78061673919847,156600
2021-05-12,19.127552032470703,19.845923492855285,19.04773251997506,19.824154157440457,217300
2021-05-13,19.599210739135742,19.72982398920438,19.13480930246988,19.265421168513065,183200
2021-05-14,19.89671516418457,19.98379111280042,19.613720753227238,19.7515890444999,118300
2021-05-17,19.671770095825195,19.831407713535043,19.519387538171316,19.75884465674868,137300
2021-05-18,19.89671516418457,20.114402959686327,19.67177092429606,19.75884548888666,197500
2021-05-19,19.83141326904297,19.853182607384827,19.577443191156938,19.766106638042974,173900
2021-05-20,20.440935134887695,20.440935134887695,19.63548783583085,19.911227174258055,208600
2021-05-21,20.59331703186035,20.644112142110973,20.440935853184197,20.520755356695652,199100
2021-05-24,20.92711067199707,21.09400477218508,20.593321087595534,20.68039705257761,274800
2021-05-25,20.745698928833008,21.275406891078333,20.716673152478375,21.050462660430696,216200
2021-05-26,21.173824310302734,21.246387383848273,20.70942285405212,20.70942285405212,163400
2021-05-27,21.050464630126953,21.39150923005435,21.02143885105637,21.202845818171536,235400
2021-05-28,21.210102081298828,21.28992158903404,20.9706449421185,21.195589191887823,155900
2021-06-01,21.681760787963867,21.80511758487371,21.173822094354502,21.188334984349865,278800
2021-06-02,21.797861099243164,21.805116159741303,21.623709198731724,21.7688353211495,139500
2021-06-03,21.739809036254883,21.805115651417918,21.406020900110697,21.667247360762836,147700
2021-06-04,21.551149368286133,21.86316820537856,21.413279678577595,21.841400253968274,95600
2021-06-07,22.044574737548828,22.167931534480232,21.500353818855938,21.551148933848584,161400
2021-06-08,22.356592178344727,22.552512016930294,22.037316942159208,22.037316942159208,208700
2021-06-09,22.675872802734375,22.748435872508214,22.35659612614475,22.46544003879279,240400
2021-06-10,22.74843406677246,22.9951476540045,22.632333717960364,22.791971351570666,189800
2021-06-11,22.436416625976562,22.748436870880045,22.363853553018114,22.72666753378486,117800
2021-06-14,22.414642333984375,22.487205390902307,22.138904378526473,22.443668110361628,163700
2021-06-15,22.276777267456055,22.45092779881024,22.044575174958414,22.45092779881024,132800
2021-06-16,22.131649017333984,22.450925652979976,22.030061563093323,22.2695186938215,136700
2021-06-17,21.681760787963867,22.20421375559396,21.53663604008635,22.09536984867948,166200
2021-06-18,20.999670028686523,21.43504700848728,20.825519513571273,21.362483947849608,538900
2021-06-21,21.500354766845703,21.696274638379695,21.028696893320685,21.08674707184645,154300
2021-06-22,21.210102081298828,21.536635172919873,21.101258178766916,21.536635172919873,151600
2021-06-23,21.253639221191406,21.500351403310955,21.137537498277506,21.289920058084665,151600
2021-06-24,21.52937889099121,21.55114822527231,21.12302767258797,21.12302767258797,103400
2021-06-25,21.413280487060547,21.71804427453985,21.260897901308173,21.623711868115652,527600
2021-06-28,21.22461700439453,21.33346091735557,20.96339050606769,21.33346091735557,210500
2021-06-29,21.304433822631836,21.558402459379955,21.181077034486204,21.181077034486204,129400
2021-06-30,21.26814842224121,21.59468145501861,21.195585372287894,21.195585372287894,212800
2021-07-01,21.449560165405273,21.659992919059185,21.144796394474856,21.34071625807842,158400
2021-07-02,21.1085147857666,21.48584160920195,21.079489006721424,21.42779143513692,164500
2021-07-06,21.16656494140625,21.39876563746424,20.636856930520803,21.028695259112325,173100
2021-07-07,20.687654495239258,21.239131942632696,20.651372264737702,21.064981388301966,202700
2021-07-08,20.31757926940918,20.71667402287676,20.17245314958901,20.469960449597625,251600
2021-07-09,21.035953521728516,21.05046641249263,20.4554517314184,20.4554517314184,150400
2021-07-12,21.376996994018555,21.398766328986984,20.898082696916024,21.03595238366535,154200
2021-07-13,20.861801147460938,21.40602204695992,20.752957244366204,21.36248476252709,156800
2021-07-14,21.07948875427246,21.18833404036301,20.832775171444407,20.94162045753496,131500
2021-07-15,21.318946838378906,21.340716173368016,20.927108496752524,21.15930920053488,211900
2021-07-16,21.21735954284668,21.47132958360953,21.137540031286115,21.253641768113017,265000
2021-07-19,20.673139572143555,21.028697091975946,20.36111934061042,21.028697091975946,229200
2021-07-20,21.543893814086914,21.841401157217675,20.752959252878178,20.781983650633997,271500
2021-07-21,21.69627571105957,22.12439631786322,21.63822552966376,21.75432589245538,182100
2021-07-22,21.21735954284668,21.659993002918355,21.094002744991887,21.659993002918355,171900
2021-07-23,21.195173263549805,21.446616465995756,20.840195122646495,21.2691273955441,156300
2021-07-26,21.328290939331055,21.446616989185387,21.13601075567832,21.22475599834796,103600
2021-07-27,21.372661590576172,21.431824612002135,21.128613950874364,21.172985864304415,120600
2021-07-28,21.328290939331055,21.542756375732864,21.084243285186773,21.43182588031415,97100
2021-07-29,21.468801498413086,21.794197397584906,21.32828879935029,21.424428176251592,189000
2021-07-30,21.431821823120117,21.949499251151188,21.298704689594555,21.56493895664568,249600
2021-08-02,20.899356842041016,21.956897055064527,20.86977462686609,21.483591486169278,221100
2021-08-03,20.795822143554688,21.03986977925756,20.603541974431565,21.03986977925756,214700
2021-08-04,20.10805320739746,20.53698550225194,20.063679879594787,20.440844702570626,236800
2021-08-05,20.448238372802734,20.500005839910756,20.15981882145365,20.15981882145365,104400
2021-08-06,20.536983489990234,20.795822234579614,20.411261894650117,20.603542064614864,88200
2021-08-09,20.26335334777832,20.477820176403224,20.130236200432883,20.426052710337256,154600
2021-08-10,20.159818649291992,20.43344709039984,20.078468967069707,20.2263772237361,146800
2021-08-11,20.17460823059082,20.278143156088888,20.056282198433724,20.278143156088888,134600
2021-08-12,19.738285064697266,20.248565668508146,19.67912203481088,20.248565668508146,142300
2021-08-13,19.760469436645508,19.856610237515156,19.59777146436481,19.812238319721846,96100
2021-08-16,19.582977294921875,20.004513974484535,19.560792044770754,19.63474475935131,165700
2021-08-17,19.679119110107422,19.73828213120102,19.235395746626573,19.49423449287021,194900
2021-08-18,19.50902557373047,19.70870131304074,19.43507285003729,19.64214273327065,141600
2021-08-19,19.346328735351562,19.486841457569128,19.072700256386575,19.427678428828763,350700
2021-08-20,19.501628875732422,19.56079189327322,18.939579503816052,19.198416823958535,135900
2021-08-23,19.582977294921875,19.74567665233737,19.47204681249343,19.6717225271992,103200
2021-08-24,19.464651107788086,19.56818603584304,19.279766501657033,19.56818603584304,91500
2021-08-25,19.405488967895508,19.6791188179902,19.383302306355617,19.472047541957526,97800
2021-08-26,19.37590980529785,19.509025554146618,19.272373453227317,19.36111869635095,150300
2021-08-27,19.804840087890625,20.019305503699606,19.390697542608375,19.390697542608375,174700
2021-08-30,19.619956970214844,19.878794317526083,19.516420620732596,19.871400173795262,100800
2021-08-31,19.619956970214844,19.849213510929548,19.509025066444025,19.54600283788688,128800
2021-09-01,19.656932830810547,19.834421897545724,19.57558314626445,19.693909190754567,86600
2021-09-02,19.649538040161133,19.693909955929495,19.531211991073647,19.671724703324198,95600
2021-09-03,19.716094970703125,19.730886078241873,19.30195383352173,19.63474528979766,126300
2021-09-07,19.760469436645508,19.812238319721846,19.486840964602614,19.812238319721846,115400
2021-09-08,19.856611251831055,19.967541757259806,19.61256357566464,19.804843776668164,101700
2021-09-09,19.47944450378418,19.89358567522611,19.47944450378418,19.760468517480334,167300
2021-09-10,18.78428077697754,19.54600606788321,18.76948966595615,19.54600606788321,156300
2021-09-13,19.094884872436523,19.33893253415447,18.850837210718577,18.850837210718577,188300
2021-09-14,19.035720825195312,19.279768473830213,18.88781397149529,19.235396558775978,203800
2021-09-15,18.799070358276367,19.13186327638757,18.747302884471928,18.991350554234188,182600
2021-09-16,18.651159286499023,18.954369939541124,18.525437693001738,18.78427643379705,211800
2021-09-17,18.70292854309082,18.873022052290676,18.51804392598897,18.688137435188825,758500
2021-09-20,18.66594886779785,18.75469409559245,18.347947133157067,18.488459822766202,137600
2021-09-21,18.643766403198242,18.880419927046816,18.584603374875563,18.717720541241057,100700
2021-09-22,18.98395538330078,19.27977053285073,18.73251215354385,18.73251215354385,158100
2021-09-23,19.13186264038086,19.27237394730531,19.02093073099296,19.154047893812184,108700
2021-09-24,18.954370498657227,19.309350038775705,18.90260303108266,19.1540462254943,123800
2021-09-27,19.264978408813477,19.693910705725568,19.080093773755543,19.080093773755543,158800
2021-09-28,18.998746871948242,19.361120613686587,18.946979396065323,19.287166472186165,133800
2021-09-29,19.043115615844727,19.16144165828303,18.799067976996014,19.006139256541893,143100
2021-09-30,18.73250961303711,19.191024090574125,18.63637023143103,19.07269804680155,247400
2021-10-01,19.183629989624023,19.4202820950949,18.621580533851784,18.79167405833925,374300
2021-10-04,19.309349060058594,19.516418919861284,19.139254147360862,19.220603826887707,220700
2021-10-05,19.1540470123291,19.301955277667577,18.946977133524545,19.301955277667577,237700
2021-10-06,19.183629989624023,19.250188570607435,18.562417507484064,19.080093635562154,235400
2021-10-07,19.39069938659668,19.597770678929567,19.191025059250368,19.29456000013792,134900
2021-10-08,19.47944450378418,19.58297944400522,19.32414068289485,19.32414068289485,93200
2021-10-11,19.568187713623047,19.62735214679305,19.390698645786202,19.516420245157015,77900
2021-10-12,19.671724319458008,19.804841474723275,19.531211609949366,19.597770187582,181900
2021-10-13,19.849212646484375,19.878793451792646,19.405489282398772,19.6495369210622,274200
2021-10-14,20.145029067993164,20.189400984132273,19.90837696784088,19.96753999287895,204900
2021-10-15,20.810611724853516,20.90675251415849,20.344703117672797,20.455633604091286,248400
2021-10-18,20.9437313079834,20.965917972069885,20.50000790015843,20.662707282343685,200300
2021-10-19,20.66270637512207,21.062056437240106,20.633124157638928,21.062056437240106,207300
2021-10-20,20.91415023803711,21.06945265302557,20.581357333693536,20.744055303284945,222800
2021-10-21,20.603540420532227,20.973309623137283,20.440841068629158,20.89195994718575,314100
2021-10-22,20.331947326660156,20.724250957000574,20.30176934949889,20.626175409156758,206900
2021-10-25,20.01508331298828,20.331944839596396,19.841562843466836,20.331944839596396,340900
2021-10-26,19.84910774230957,20.173513768912063,19.841563248788,19.992450241289394,227500
2021-10-27,19.6906795501709,19.95473109244026,19.645414023742337,19.84910961215343,216700
2021-10-28,19.766122817993164,19.864198363913886,19.56997028718659,19.690679315534464,173200
2021-10-29,19.328550338745117,19.864196419742797,19.132397827136604,19.758576390017055,448900
2021-11-01,19.781208038330078,19.834019491108887,19.29082748853221,19.35118199560018,248200
2021-11-02,19.539793014526367,19.939642584686233,19.539793014526367,19.901920112615393,234800
2021-11-03,20.075441360473633,20.25650491632096,19.46435024065302,19.46435024065302,162900
2021-11-04,19.486982345581055,20.12824995984209,19.41153884290944,19.924552934318267,191900
2021-11-05,20.445112228393555,20.543187777989765,19.683135559038526,19.683135559038526,313300
2021-11-08,20.505464553833008,20.694072577412832,20.399844521097116,20.67898359017484,162000
2021-11-09,20.535640716552734,20.67143872129942,20.35457718987882,20.43756517921624,120900
2021-11-10,20.42247772216797,20.709162740101945,20.39984567899141,20.39984567899141,213400
2021-11-11,20.68653106689453,20.72425210146405,20.369669484028808,20.414935013305275,119000
2021-11-12,20.543184280395508,20.731792292016394,20.362120761915246,20.66389329271568,181100
2021-11-15,20.822328567504883,20.822328567504883,20.43756798096482,20.558277015295207,123100
2021-11-16,20.301767349243164,20.86759141458208,20.21877935919132,20.829870385812157,145500
2021-11-17,20.03017234802246,20.16597036078981,19.622779748685485,20.067894817660658,173500
2021-11-18,20.082983016967773,20.22632407906947,19.84910803128917,20.120704046159794,217800
2021-11-19,19.4643497467041,20.173516401666788,19.275741700945478,19.886832805258365,222200
2021-11-22,19.155033111572266,19.698225216908185,19.147488616890907,19.532249211848775,224300
2021-11-23,19.23802375793457,19.645417892923646,19.23802375793457,19.23802375793457,226800
2021-11-24,19.403993606567383,19.600146130424942,19.253108045960463,19.388906057782243,295200
2021-11-26,18.42323112487793,19.200296671543278,17.804597060468517,19.056954175971715,284900
2021-11-29,18.159181594848633,18.55903115181642,17.940397019916727,18.55903115181642,221500
2021-11-30,17.90267562866211,18.166727184508453,17.653713062056177,17.91776461790252,375900
2021-12-01,17.450014114379883,18.63447373874449,17.427382071961457,18.219535213837634,214700
2021-12-02,18.015838623046875,18.151636636619415,17.533002520535696,17.555636002452818,233400
2021-12-03,17.797054290771484,18.28743489378708,17.70652180086217,18.106371352933557,226600
2021-12-06,18.498676300048828,18.7400943530731,17.940396692688918,18.03092774309047,208900
2021-12-07,18.385515213012695,18.717464378645847,18.31007169756321,18.619388815837272,204700
2021-12-08,18.528852462768555,18.73254948050345,18.3704224082848,18.3704224082848,134600
2021-12-09,18.302522659301758,18.740093213542128,18.166724652991814,18.37042166245673,150100
2021-12-10,18.166725158691406,18.385511161384354,18.015838161043508,18.385511161384354,159900
2021-12-13,17.90267562866211,18.18936066836907,17.82723212142527,18.061107137756004,234300
2021-12-14,17.600906372070312,18.18181961715689,17.525462850545413,17.895134523155377,252200
2021-12-15,17.698978424072266,17.751789885916175,17.223686779198683,17.600902872863976,494600
2021-12-16,17.895130157470703,17.947941616930123,17.615991066582314,17.766876633856672,264600
2021-12-17,18.196903228759766,18.302523264285398,17.78950919636366,17.963028237288643,1204700
2021-12-20,17.766874313354492,17.910216806663772,17.284038258794745,17.910216806663772,275600
2021-12-21,18.302522659301758,18.604295207232184,17.985661124233555,17.985661124233555,157200
2021-12-22,18.35533332824707,18.408143346142804,18.159180805373587,18.196903274559872,178000
2021-12-23,18.672195434570312,18.694828916760866,18.347789384664573,18.393054910080572,259900
2021-12-27,18.60429573059082,18.800448252004827,18.347788697892888,18.566574700650264,278500
2021-12-28,18.96642303466797,19.041866534454368,18.483586938379133,18.483586938379133,249000
2021-12-29,18.860803604125977,18.966423643840244,18.702373544554575,18.936247106335504,169600
2021-12-30,18.958877563476562,19.22292907963476,18.868346519571748,18.890980000030453,287500
2021-12-31,18.740093231201172,19.200297266581863,18.725004244049178,18.96642228262101,214300
2022-01-03,19.562427520751953,19.600148555830177,18.838171847735037,18.838171847735037,204400
2022-01-04,20.41493034362793,20.558272832341586,19.622777287142014,19.766119775855667,434300
2022-01-05,19.95473289489746,20.746886154293467,19.909465925414917,20.716708174638438,594000
2022-01-06,20.482831954956055,20.611085474071466,19.99999585426984,20.18105939202717,255200
2022-01-07,20.754425048828125,20.95057754676017,20.233866551968664,20.48282906108147,213400
2022-01-10,20.860050201416016,21.312709812663872,20.656353160509695,20.8449612119492,485700
2022-01-11,20.860050201416016,20.98830373395349,20.46020205330202,20.890228180349652,223000
2022-01-12,20.550729751586914,20.875135777248367,20.45265421402101,20.81478126821589,217500
2022-01-13,20.78460693359375,21.056202991278774,20.626176859254322,20.78460693359375,219300
2022-01-14,21.063745498657227,21.124100012563087,20.520554873504473,20.535642422757103,256200
2022-01-18,20.799694061279297,21.26744262553525,20.761973029517662,21.0939221381224,351400
2022-01-19,20.218778610229492,20.867590641586386,20.218778610229492,20.82986961421376,337200
2022-01-20,19.82647705078125,20.528097728483633,19.788754580604714,20.16597064857948,318100
2022-01-21,19.410377502441406,20.02682398373527,19.364142914051108,19.957473570874168,315800
2022-01-24,19.225440979003906,19.287085618863802,18.439470718497102,19.148384811748,316400
2022-01-25,19.233144760131836,19.472019019228057,18.632109904955282,19.00968349774479,324100
2022-01-26,19.1175594329834,19.872708016624802,18.994270168250917,19.495132989942118,283200
2022-01-27,18.847867965698242,19.49513748980846,18.747695966127896,19.202325785913033,238800
2022-01-28,19.46431541442871,19.46431541442871,18.524234209941348,18.824751670858564,364500
2022-01-31,19.633834838867188,19.64154060204396,18.770809939204916,19.23314397201911,297600
2022-02-01,19.610719680786133,20.003703327993847,19.364139659981078,19.60301391734934,201800
2022-02-02,19.564485549926758,19.757125231102794,19.356435811246975,19.54907549242301,274700
2022-02-03,19.279380798339844,19.579898248643055,19.20232462731424,19.50284207761745,202300
2022-02-04,19.086740493774414,19.410375225927815,18.747694233965095,19.24855712498903,247600
2022-02-07,19.025096893310547,19.194619297623884,18.94804072054112,19.0713300090825,130800
2022-02-08,19.03280258178711,19.17150192855079,18.886396001080495,19.109857284525518,201400
2022-02-09,18.855571746826172,19.279379933595674,18.763105521522238,19.10215177699301,251500
2022-02-10,18.608993530273438,18.94803979200971,18.547348889023585,18.83245627338176,285900
2022-02-11,18.68604850769043,19.001977457665205,18.447175721795276,18.608992343610804,307000
2022-02-14,18.601287841796875,18.770811708214218,18.431765445103718,18.747694416505258,305600
2022-02-15,19.163795471191406,19.3102005656502,18.786220415710723,18.786220415710723,320500
2022-02-16,19.59531021118164,19.718599499665995,19.186913524499563,19.34102586996713,359800
2022-02-17,19.579896926879883,20.026820924989206,19.248556442644258,19.803359660796602,312900
2022-02-18,19.356435775756836,19.78024248567742,19.302495430558178,19.464313526705904,724900
2022-02-22,19.33331871032715,19.53366415708523,18.986566692914288,19.294791361603117,301400
2022-02-23,19.094446182250977,19.603014835095934,19.06362312706078,19.36414056654439,226200
2022-02-24,18.84016227722168,18.8941011552868,18.377826727096913,18.508821775136862,306400
2022-02-25,19.44119644165039,19.495135317695752,18.98656667251928,18.98656667251928,162300
2022-02-28,19.302494049072266,19.4334890814454,18.940332004146086,19.10215008871244,250600
2022-03-01,18.97115707397461,19.441196912119054,18.76310585871563,19.240851460727907,330800
2022-03-02,19.472017288208008,19.626128135186242,19.109853784875014,19.109853784875014,282200
2022-03-03,19.47972869873047,19.633839590389734,19.2254443312545,19.572194939781145,519500
2022-03-04,19.53366470336914,19.57219205317064,19.0636233932251,19.310201959292733,273600
2022-03-07,19.21002960205078,19.59530897162348,19.194618074534073,19.456608163421443,249500
2022-03-08,19.310199737548828,19.549073981951725,19.063621199851404,19.341022789623015,245600
2022-03-09,19.29479217529297,19.811065136753218,19.256263355219975,19.656954265633864,354100
2022-03-10,19.364137649536133,19.379549174809643,19.001975623952276,19.14067641196599,248900
2022-03-11,19.27167510986328,19.603015617766196,19.13297429541795,19.371847103782567,225000
2022-03-14,18.948041915893555,19.341027099057587,18.78622379589691,19.29479398036898,194300
2022-03-15,18.847867965698242,19.148386903857897,18.539644732722977,19.055919199103165,266800
2022-03-16,19.040504455566406,19.071327508522476,18.69375392815498,19.032800162051448,302700
2022-03-17,19.171499252319336,19.62612898968861,18.8940991277912,19.62612898968861,247600
2022-03-18,19.21002960205078,19.287085769910153,19.001978389747723,19.240851187360036,617200
2022-03-21,19.1175594329834,19.448899883098427,19.04820903785588,19.186909828110913,196400
2022-03-22,19.12526512145996,19.510544439683486,19.009681619937695,19.225438567243497,209800
2022-03-23,18.778520584106445,19.09444960786396,18.778520584106445,19.055920781964,205400
2022-03-24,19.17920684814453,19.18691261202387,18.67063818990161,18.79392747252267,127300
2022-03-25,19.433490753173828,19.50284115685028,19.202323720735084,19.26396836070036,312000
2022-03-28,19.33331871032715,19.44119646253375,19.094445914845036,19.394963350120083,163100
2022-03-29,19.988292694091797,20.065348856512202,19.51054566286453,19.51054566286453,315400
2022-03-30,19.857301712036133,20.11158607111948,19.718600885313514,20.080763011970298,212100
2022-03-31,19.82647705078125,20.073055625152183,19.811065522452008,19.91894475103247,248900
2022-04-01,20.173227310180664,20.204048894396283,19.7031860256686,20.042232270385043,200000
2022-04-04,19.633834838867188,20.126993394112528,19.410373585636865,20.126993394112528,212300
2022-04-05,19.18691062927246,19.84959155717318,19.12526599433221,19.610718780495212,307300
2022-04-06,19.03280258178711,19.27167539366951,18.95574640932446,19.125268812962897,296900
2022-04-07,18.739988327026367,19.11756193336791,18.431765124882673,19.11756193336791,389700
2022-04-08,18.539642333984375,18.901805871880807,18.501114985993915,18.763105067556566,330500
2022-04-11,18.632108688354492,18.770809482715286,18.285356702452507,18.493407893993698,376500
2022-04-12,18.54734992980957,18.932629326672167,18.431766404695644,18.72457809963254,382000
2022-04-13,18.84016227722168,19.217735893401716,18.55505488923208,18.662932645362318,139900
2022-04-14,18.95574188232422,19.18690887478075,18.94033035756741,18.98656346211394,243300
2022-04-18,18.809337615966797,19.079033452998075,18.678342579107262,18.940332652826328,276100
2022-04-19,19.302494049072266,19.348728627362096,18.901804658628585,18.901804658628585,359800
2022-04-20,19.325613021850586,19.641541985734467,19.263968381817737,19.394963425603063,265800
2022-04-21,19.20232391357422,19.672365216607417,19.109856217835624,19.51054711649592,333800
2022-04-22,18.642879486083984,19.249600780711877,18.60348262399914,19.107769672576115,343800
2022-04-25,18.430133819580078,18.7216757245981,17.791895301381857,18.595603955642748,423300
2022-04-26,18.083436965942383,18.461652267779268,18.06767761930901,18.241025923594076,336000
2022-04-27,17.46883773803711,18.09919663811251,17.46883773803711,18.083438792781248,394800
2022-04-28,17.69734001159668,17.81553360527196,17.39004027498649,17.61066661323384,249600
2022-04-29,17.035465240478516,17.83917241792699,16.996066872092655,17.728859992234746,438800
2022-05-02,16.381467819213867,17.161537500667748,16.176600806474344,17.098501612355136,542400
2022-05-03,16.625730514526367,16.806958492656822,16.129321614385006,16.389344823018188,375000
2022-05-04,17.12213706970215,17.1615354344629,16.562693816145007,16.641489042772562,247500
2022-05-05,16.326309204101562,17.090620998617318,16.08204533818436,16.980307072965967,505500
2022-05-06,16.184476852416992,16.515414064703794,15.900814667149692,16.23175338233028,447800
2022-05-09,15.782624244689941,16.145080183494464,15.711708690942285,16.003249075999147,433000
2022-05-10,15.617157936096191,16.389348040236474,15.325617479769129,16.04265136259858,476300
2022-05-11,15.632914543151855,16.137201624255447,15.522602119883958,15.751106639923755,345800
2022-05-12,15.774744987487793,15.806262177265223,15.357131326955427,15.68807008553538,356500
2022-05-13,15.940214157104492,15.97961252428283,15.632914407583643,15.814142387921885,323600
2022-05-16,16.058406829833984,16.168720759002902,15.80626328240919,15.924455382402801,293500
2022-05-17,16.751802444458008,16.82271800230806,16.152960790887573,16.3105512534197,551400
2022-05-18,16.72816276550293,17.17729361227176,16.594211328493454,16.680886229762518,443100
2022-05-19,16.279033660888672,16.933031569714327,16.27115398693967,16.696647362820865,357100
2022-05-20,16.14508056640625,16.539055206395357,15.790504292152445,16.420863114977422,321000
2022-05-23,16.373586654663086,16.507538092994228,16.097804104817328,16.2947914257223,237700
2022-05-24,16.58633041381836,16.67300530859938,16.07416372343588,16.570572571680426,260900
2022-05-25,16.69664764404297,16.751803859720834,16.4523822561922,16.578455538605525,275900
2022-05-26,16.633607864379883,16.94090756723155,16.602089175423913,16.720281253221184,260200
2022-05-27,16.814838409423828,16.901513314521015,16.673007293044446,16.767561871595383,179300
2022-05-31,16.79119873046875,16.885753305311013,16.54693487455938,16.696645658520467,464700
2022-06-01,16.507535934448242,16.830594978257274,16.160837874179848,16.743920087466726,326300
2022-06-02,16.66512680053711,16.70452516586951,16.255392818443962,16.507537847889417,249500
2022-06-03,16.40510368347168,16.72028309324706,16.310550611986056,16.72028309324706,235200
2022-06-06,16.41298484802246,16.57057531867735,16.32630993887286,16.546936297210884,142300
2022-06-07,16.712404251098633,16.720283924596547,16.223876517380194,16.342068614060846,175800
2022-06-08,16.554813385009766,16.68876481327367,16.381465096683367,16.68876481327367,237800
2022-06-09,16.476016998291016,16.609968417093942,16.24751252085883,16.546932543709843,352900
2022-06-10,16.29479217529297,16.444502966877852,16.097804845326454,16.24751563691134,176000
2022-06-13,15.459565162658691,16.003249070684934,15.412287124913322,15.955972535833508,308600
2022-06-14,15.286215782165527,15.577757678006686,15.13650499765823,15.506842122339755,237800
2022-06-15,15.672310829162598,15.892937170447011,15.341372068682974,15.388650107961489,230600
2022-06-16,14.844963073730469,15.357129754031444,14.774047525377153,15.357129754031444,303400
2022-06-17,15.231058120727539,15.34925020127275,14.860722534247525,14.860722534247525,744900
2022-06-21,15.14438247680664,15.514719547836007,15.002552888914165,15.420164986347254,189200
2022-06-22,15.262578010559082,15.459565327922087,14.931639257273472,14.971036119588488,197900
2022-06-23,15.48320198059082,15.569876876322391,15.16802259096767,15.254697486699241,200500
2022-06-24,15.908697128295898,16.0268892252467,15.443806911114574,15.483203775800156,288600
2022-06-27,15.892934799194336,16.16871730892914,15.82201925375128,15.932331656487692,128500
2022-06-28,15.932332992553711,16.32630761010058,15.885056459258378,16.082043768031813,150600
2022-06-29,15.758986473083496,15.829902032443897,15.640794375114183,15.829902032443897,203200
2022-06-30,15.719588279724121,15.9323334369339,15.388649531638542,15.57775717298831,166800
2022-07-01,16.089921951293945,16.1450781521817,15.62503182539177,15.640791169329347,183800
2022-07-05,16.46025848388672,16.47601782875052,15.688068620286533,16.011127675525263,269200
2022-07-06,16.14508056640625,16.49965834355404,15.995369782400076,16.357827232694923,155700
2022-07-07,16.105684280395508,16.302671607445227,16.05052806928463,16.145081144647836,190300
2022-07-08,15.908697128295898,16.231756227978643,15.869298760716264,16.089925110480063,133800
2022-07-11,15.695950508117676,16.019009608954462,15.58563808428874,15.861419143861077,151500
2022-07-12,15.892934799194336,16.011126873968177,15.64079130557181,15.703827178977441,152500
2022-07-13,15.648674964904785,15.79050609192959,15.522603185970326,15.70383118032684,105900
2022-07-14,15.48320198059082,15.585636221527018,15.278335001612303,15.349250552139248,160800
2022-07-15,16.00324821472168,16.00324821472168,15.625032950351937,15.82202025507291,193200
2022-07-18,15.916576385498047,16.302671360315458,15.82990148198397,16.152960573216784,315900
2022-07-19,16.334186553955078,16.42086144687394,15.987489988067297,16.07416337809233,248700
2022-07-20,16.19235610961914,16.326307539118453,16.12932023120146,16.23963414560282,271700
2022-07-21,16.00324821472168,16.19235584690655,15.790503067822366,16.19235584690655,305700
2022-07-22,15.930360794067383,16.14093005876299,15.776482957419525,15.97895322600466,358900
2022-07-25,16.100435256958008,16.28670908011577,15.906063982325431,15.954657959527758,241400
2022-07-26,16.132831573486328,16.286709415006612,15.987052728332966,16.035645161808883,156200
2022-07-27,16.278608322143555,16.311002758713602,16.0275456460054,16.092336063870903,227700
2022-07-28,16.39199447631836,16.472982901180924,16.270512611387378,16.327204045373453,184100
2022-07-29,16.829328536987305,16.950810383823388,16.37579404320188,16.456782456001097,281500
2022-08-01,16.66735076904297,16.837426580778057,16.570164370233577,16.699746750221234,217900
2022-08-02,16.278608322143555,16.71594325655436,16.262410331495825,16.675449824660447,164700
2022-08-03,16.25431251525879,16.553969185077207,16.246213519347425,16.416289344035047,175700
2022-08-04,15.962757110595703,16.278611817138327,15.808880800581486,16.262413823012913,246700
2022-08-05,15.84127140045166,15.954655787092745,15.695492578145528,15.889865371037283,241300
2022-08-08,15.978952407836914,16.246213086895764,15.865569557546943,15.970853412141134,307300
2022-08-09,15.671199798583984,16.059942360926147,15.58211238210846,16.003250930341952,239000
2022-08-10,15.995152473449707,16.12473333193504,15.841274624726239,15.889868605202501,231200
2022-08-11,16.383893966674805,16.4405853954267,16.051842845648913,16.076139834282117,220600
2022-08-12,16.651153564453125,16.667351555806867,16.391991881695176,16.52157272307415,158400
2022-08-15,16.537769317626953,16.58636174285852,16.254310671779667,16.448681917431287,187800
2022-08-16,16.683549880981445,16.84552516358339,16.45678263166812,16.562068032848615,189900
2022-08-17,16.35959815979004,16.65925328932309,16.197621328613685,16.65925328932309,191400
2022-08-18,16.278608322143555,16.52967099828171,16.254311336171963,16.52967099828171,153400
2022-08-19,16.043743133544922,16.294807370708476,15.88176785072785,16.092337108643004,177300
2022-08-22,15.355344772338867,15.873669721952512,15.28245689516138,15.873669721952512,198300
2022-08-23,15.32295036315918,15.557815077206168,15.250060941107384,15.282456926341782,183300
2022-08-24,15.055686950683594,15.241959198036353,15.023290971287295,15.225761208338204,253500
2022-08-25,15.290552139282227,15.37963954090821,14.99089704336362,15.047588464498201,257100
2022-08-26,14.877513885498047,15.274355369747298,14.869414890547,15.274355369747298,211500
2022-08-29,14.723638534545898,14.820823400769463,14.594057683097413,14.739836527158358,215500
2022-08-30,14.464476585388184,14.853219133115216,14.440179596883155,14.820823148441844,222500
2022-08-31,14.229609489440918,14.634550005564908,14.229609489440918,14.50496916398327,241200
2022-09-01,13.98664665222168,14.205314915023079,13.89755923891913,14.17291893028558,259900
2022-09-02,14.221510887145996,14.367289724139235,14.002844176381661,14.08383104606633,270800
2022-09-06,14.221510887145996,14.334895285210473,13.954250200900233,14.326796289296901,393100
2022-09-07,14.456375122070312,14.521165535634243,14.132423054250662,14.172916483456127,237500
2022-09-08,14.529267311096191,14.602156733396177,14.229610625560069,14.440179896123851,206900
2022-09-09,14.594057083129883,14.666946502163842,14.440179249088688,14.513068668122648,264800
2022-09-12,14.84511947631836,14.974700319794175,14.715538632842543,14.80462604200423,253800
2022-09-13,14.213411331176758,14.723637240548495,14.172917897929999,14.715538244954052,283600
2022-09-14,14.164819717407227,14.205314697709607,13.954250454011497,14.205314697709607,370200
2022-09-15,13.816569328308105,14.318696224383261,13.759877905871077,14.08382999460082,287600
2022-09-16,14.156718254089355,14.229607661204797,13.735579800694635,13.881358614925523,1075400
2022-09-19,14.19721508026123,14.19721508026123,13.7436805890783,13.873261430923284,226000
2022-09-20,14.002845764160156,14.027141209930202,13.75178149654791,14.027141209930202,184900
2022-09-21,13.743680000305176,14.148620499904656,13.735581004946136,14.108127067834873,284800
2022-09-22,13.403532028198242,13.743682163181056,13.387335579656707,13.72748571463952,284100
2022-09-23,12.812317848205566,13.241555356932642,12.480266744280554,13.241555356932642,323800
2022-09-26,11.783770561218262,12.65034312060634,11.662287928658854,12.65034312060634,558200
2022-09-27,11.354532241821289,11.872855598971041,11.29784004536099,11.872855598971041,565300
2022-09-28,11.548903465270996,11.718978509403923,11.257345805407281,11.338334215894474,476800
2022-09-29,10.965789794921875,11.492212188102364,10.917196590270656,11.443619755813929,741100
2022-09-30,11.378829002380371,11.427421433264659,10.981987469920044,11.022480904869363,437500
2022-10-03,11.322136878967285,11.646089767269107,11.20875402457,11.589398340070465,317500
2022-10-04,11.581298828125,11.921448920888427,11.443618991893958,11.45171798752231,419800
2022-10-05,10.925294876098633,11.467915226337022,10.658034198800648,11.467915226337022,458000
2022-10-06,10.536552429199219,10.868603529293063,10.366477381302039,10.860504533592543,392200
2022-10-07,10.091117858886719,10.439366955644457,9.985833230277107,10.42316896399863,325400
2022-10-10,10.042525291442871,10.180205139688827,9.888648222889461,10.091118497090832,321300
2022-10-11,10.3745756149292,10.41506904573183,9.85625151361108,9.98583234584994,482100
2022-10-12,10.487959861755371,10.593244495142352,10.18830395397525,10.423169436957657,381500
2022-10-13,11.249248504638672,11.305939933210526,10.269292364732529,10.479860859012037,562500
2022-10-14,11.40312385559082,11.735174925629677,11.330234445609086,11.330234445609086,511300
2022-10-17,11.743273735046387,11.913348764862254,11.637989119221071,11.71087852805111,504100
2022-10-18,11.937647819519043,12.221106527494719,11.856660168928023,12.140118104540857,536300
2022-10-19,11.743273735046387,12.010534385848084,11.61369290706528,11.945743971857532,490900
2022-10-20,11.7918701171875,12.067229064851748,11.75947490144095,11.880956767399798,581400
2022-10-21,11.960204124450684,12.002288043229365,11.581450460810528,11.783452307727412,430100
2022-10-24,12.12012004852295,12.204287872163134,11.876034323187042,12.12853699142374,347400
2022-10-25,12.63354206085205,12.742959908197898,12.061202798638034,12.061202798638034,423400
2022-10-26,12.53254222869873,12.827128025053891,12.507291398369274,12.73454405523094,355700
2022-10-27,12.616711616516113,12.827130425875024,12.465210619602855,12.473626761937329,240100
2022-10-28,12.85237979888916,12.860795940266243,12.136955607379377,12.136955607379377,524200
2022-10-31,12.877629280090332,12.902879308514427,12.5998765593735,12.843962307963563,402900
2022-11-01,12.90287971496582,13.130132385993113,12.869212741778513,13.003880634527743,381600
2022-11-02,12.801878929138184,13.180632582123012,12.726128038004425,12.970213796833223,317000
2022-11-03,12.616711616516113,12.80188039350349,12.364208884748608,12.69246251631477,431500
2022-11-04,12.98704719543457,13.012297223966106,12.53254266844725,12.869212391147512,430300
2022-11-07,13.003880500793457,13.21429928172113,12.692460801342573,13.04596441751578,390500
2022-11-08,12.81871223449707,13.08804883011412,12.692461282230688,13.08804883011412,359100
2022-11-09,12.490458488464355,12.818711260488806,12.389457573788839,12.793461232490905,337000
2022-11-10,13.155380249023438,13.222714184310723,12.793459744841416,12.827126712485057,518300
2022-11-11,13.0543794631958,13.290048238815345,12.944961616701482,13.290048238815345,528800
2022-11-14,12.641960144042969,13.012296827736353,12.5409584276245,12.987046799973692,541500
2022-11-15,12.51570987701416,13.096466202885866,12.4820429017958,12.894463548891704,494000
2022-11-16,12.11170482635498,12.625126341961888,12.086453995738637,12.625126341961888,264700
2022-11-17,12.19587230682373,12.20428925067524,11.8423686918998,12.12012141752804,359700
2022-11-18,12.431540489196777,12.667209271154464,12.271621785141171,12.515707509982596,698100
2022-11-21,12.524126052856445,12.549376082049564,12.271623352873396,12.322124213943589,300100
2022-11-22,12.81871223449707,12.84396306709753,12.490459437530884,12.641961222397725,283900
2022-11-23,12.473626136779785,12.62512792878408,12.246374251457361,12.583044008484663,383500
2022-11-25,12.608292579650879,12.692460410503749,12.515708607859862,12.515708607859862,119800
2022-11-28,12.524126052856445,12.742961779687352,12.406291245481968,12.608293084394825,275200
2022-11-29,12.83554458618164,12.928128553246918,12.456790972044205,12.52412491221602,254800
2022-11-30,12.86921215057373,13.06279783952049,12.532542434167087,12.793461263711256,535900
2022-12-01,12.591460227966309,13.180632670176927,12.549376310090414,13.029130886897292,622700
2022-12-02,12.490458488464355,12.557792431581367,12.263205828431504,12.43154148890795,439600
2022-12-05,12.086454391479492,12.540958922564382,12.061204362720316,12.540958922564382,318300
2022-12-06,11.901286125183105,12.111704898807874,11.81711829465963,12.052787096367874,358800
2022-12-07,11.977036476135254,12.170622169576397,11.7077006967569,11.909702531290666,365100
2022-12-08,12.153787612915039,12.263205467934647,11.960202732815354,12.044370560579326,240200
2022-12-09,12.086454391479492,12.263206198161614,12.010704305201962,12.061204362720316,297200
2022-12-12,12.128539085388184,12.187456090497886,11.9097033482893,12.128539085388184,279100
2022-12-13,12.187454223632812,12.768210452152045,12.128537227547971,12.347372931125765,892100
2022-12-14,12.271623611450195,12.406291506896368,12.120121827731262,12.212706607863486,375100
2022-12-15,12.103288650512695,12.246373489012004,12.07803862097869,12.111705594585354,280500
2022-12-16,11.598282814025879,11.9433694813801,11.455197980827698,11.842368564302081,996600
2022-12-19,11.387864112854004,11.707700753765145,11.312113223864005,11.547782834651546,337300
2022-12-20,11.379447937011719,11.55619894053735,11.219529215701948,11.320530133152568,302300
2022-12-21,11.514115333557129,11.783451101884204,11.472031419085047,11.480448362516244,363300
2022-12-22,11.480449676513672,11.488865818224236,11.14377912488722,11.421531868435745,303600
2022-12-23,11.55620002746582,11.64036786793312,11.429949069448886,11.429949069448886,163200
2022-12-27,11.648782730102539,11.682449699734123,11.463613995786886,11.539364878128922,182700
2022-12-28,11.345780372619629,11.80870185488115,11.312113399510643,11.665617018496972,233000
2022-12-29,11.429946899414062,11.573031719432667,11.211111197893391,11.328945991639259,296000
2022-12-30,11.23636245727539,11.472031251110906,11.135360742947706,11.362613396159158,279800
2023-01-03,12.052786827087402,12.111704628211076,11.58986617760251,11.665616260160544,830800
2023-01-04,12.684043884277344,12.768211717899936,12.120121485984242,12.16220540279554,546900
2023-01-05,12.482043266296387,12.717712099706903,12.322125330010257,12.717712099706903,392900
2023-01-06,12.919713020324707,12.919713020324707,12.515708557610466,12.59987638812541,290600
2023-01-09,12.911295890808105,13.079630746729977,12.810294977254983,13.079630746729977,295100
2023-01-10,13.23954963684082,13.247966580929429,12.835545952795242,12.919713788313388,459200
2023-01-11,13.752971649169922,13.769805536931583,13.357384116294302,13.357384116294302,305600
2023-01-12,14.41789436340332,14.41789436340332,13.887639734449847,13.954973681068827,478500
2023-01-13,14.31689453125,14.569396434757245,14.215892806626332,14.232726694958268,503600
2023-01-17,14.847147941589355,14.847147941589355,14.333727232914226,14.333727232914226,547500
2023-01-18,14.358977317810059,14.973401384908346,14.089641532140192,14.931316665042482,805100
2023-01-19,14.01388931274414,14.3589759560784,13.980223145412092,14.3589759560784,645800
2023-01-20,13.952960014343262,14.17927147048254,13.491632623727488,14.022594180831542,589100
2023-01-23,14.083524703979492,14.30113169468323,13.726649372042127,13.926847405039267,296500
2023-01-24,13.952960014343262,14.144453557133657,13.848507934506102,14.066114912308159,192400
2023-01-25,14.118341445922852,14.14445488338303,13.717945366124637,13.874621840361602,256700
2023-01-26,14.318540573120117,14.318540573120117,13.95296076435336,14.11834088102173,204500
2023-01-27,14.658007621765137,14.753755232829393,14.214089143480377,14.362061969575297,282000
2023-01-30,14.553555488586426,14.640598620187339,14.466514017195161,14.623189661825228,179500
2023-01-31,14.936543464660645,14.962656900793215,14.553554702430754,14.727640956228765,510800
2023-02-01,14.875615119934082,15.049701389484522,14.518739761544417,14.753755727374598,327800
2023-02-02,15.284716606140137,15.432689446014919,14.971363626565745,14.971363626565745,395400
2023-02-03,15.058403015136719,15.223784792079325,14.797275291719615,15.08451645156226,372300
2023-02-06,14.544853210449219,15.049703118090516,14.379473061611447,14.893025789541134,287300
2023-02-07,14.388175010681152,14.710232431406126,14.283722923288703,14.414286787372061,295500
2023-02-08,14.20538330078125,14.37076506941557,14.16186256913461,14.283721945912797,325600
2023-02-09,13.952960014343262,14.388173969947376,13.91814210099438,14.362060534935713,272300
2023-02-10,14.074820518493652,14.13575021152715,13.822396437220126,13.85721352325424,226300
2023-02-13,14.553555488586426,14.553555488586426,14.196680143211369,14.275018795631226,320100
2023-02-14,14.396880149841309,14.62318997251849,14.318541495757021,14.527444019911893,322600
2023-02-15,14.449103355407715,14.5013285641275,14.196678469544763,14.370764712223313,361900
2023-02-16,15.293417930603027,15.754745315074414,14.840795024352927,15.093219912141835,872900
2023-02-17,15.33694076538086,15.415277751219662,15.067106913343547,15.380461497536807,407300
2023-02-21,14.544853210449219,15.267310149918014,14.431698284391274,15.258605669419726,452300
2023-02-22,14.675416946411133,14.893023951380647,14.510035157775588,14.692824245049326,453100
2023-02-23,14.936543464660645,14.97136137950407,14.658006786751471,14.762457210862634,636200
2023-02-24,14.745050430297852,14.805980123199186,14.553555212368384,14.745050430297852,696600
2023-02-27,14.814684867858887,15.075812602178235,14.666712042355352,14.858205603508896,623800
2023-02-28,14.309837341308594,14.901728669958324,14.309837341308594,14.823390014095288,931500
2023-03-01,14.501331329345703,14.510035809160408,14.10093521912786,14.2227946161142,360300
2023-03-02,14.69282341003418,14.69282341003418,14.396879427487498,14.501329854219362,329400
2023-03-03,14.771162986755371,14.980065513532764,14.701528811162905,14.88431955972419,311900
2023-03-06,14.701528549194336,14.849501377217788,14.631894374842693,14.840796897897622,392200
2023-03-07,13.099940299987793,14.214087799882554,12.386188844496443,13.961664567586814,2172500
2023-03-08,13.134757995605469,13.22180029318732,12.90844652770404,13.099940910551771,554700
2023-03-09,12.699545860290527,13.065125721458275,12.656024290131528,13.065125721458275,707300
2023-03-10,12.090245246887207,12.664727595403239,11.942272420135524,12.664727595403239,796500
2023-03-13,11.82041072845459,12.02931322368948,11.602803755058734,11.890044893532886,588700
2023-03-14,11.759481430053711,12.360076331222993,11.655030178985347,12.098947788499707,659000
2023-03-15,11.559283256530762,11.733368685223056,11.1675908344469,11.550579607674749,742300
2023-03-16,10.915166854858398,11.50705814791479,10.506065471122081,11.50705814791479,1106600
2023-03-17,10.63663101196289,10.86294167426475,10.105669369769792,10.819420935813735,2460300
2023-03-20,10.54088306427002,10.993506034876916,10.506065976539093,10.680152245298576,701100
2023-03-21,10.81071662902832,10.984802075931979,10.58440513300112,10.749786930138262,665200
2023-03-22,10.1578950881958,10.74978640908346,10.1578950881958,10.732377450184483,627700
2023-03-23,9.531187057495117,10.314572806805945,9.444144749863836,10.236234148864373,990500
2023-03-24,9.957695960998535,9.957695960998535,9.235240786953856,9.37450996432925,682000
2023-03-27,9.86194896697998,10.314571915947672,9.792314794847229,10.018626269331076,544100
2023-03-28,9.844541549682617,9.940288335750965,9.635638188098694,9.766202892851755,400900
2023-03-29,10.096965789794922,10.140486528546159,9.86194981603481,9.931583994162649,422700
2023-03-30,10.288457870483398,10.40161360103465,10.16659849150879,10.236232659524212,343200
2023-03-31,10.70626449584961,10.714968975017717,10.34068467183732,10.410318844972535,754300
2023-04-03,10.70626449584961,11.089252448093294,10.610516885210073,10.793306797216218,560500
2023-04-04,10.384206771850586,10.810716311774316,10.28845915628474,10.810716311774316,480700
2023-04-05,10.35809326171875,10.462545356181723,10.210120429685208,10.35809326171875,300200
2023-04-06,10.271049499511719,10.601812204779074,10.236232416331193,10.462543872056976,478200
2023-04-10,10.05344295501709,10.349388589847594,9.731384714202948,10.331979632455315,681000
2023-04-11,7.5988359451293945,8.512785499553415,7.36382081976597,8.112388591429788,5843200
2023-04-12,7.224551677703857,7.746807915425329,7.215847199548985,7.703287184860417,2625000
2023-04-13,7.067874908447266,7.224552206279168,6.954719174469201,7.172326163633605,2374700
2023-04-14,6.771929740905762,7.189735180126842,6.67618254867424,7.093987572842924,2335600
2023-04-17,6.676182270050049,6.832859147574543,6.423758204289952,6.789338000232818,2246100
2023-04-18,6.4063496589660645,6.737111955787878,6.275785386904949,6.728407892345072,1981000
2023-04-19,6.6500701904296875,6.676183214570997,6.267081798355918,6.354124935458659,1627300
2023-04-20,6.371532917022705,6.623956996196261,6.336715831278243,6.536914281835104,1425700
2023-04-21,6.25437593460083,6.434617142623762,6.10117069291687,6.398568901019176,1565100
2023-04-24,6.245363712310791,6.335484746815634,6.119194865624526,6.2543759876528515,980700
2023-04-25,5.902905464172363,6.200303677316901,5.88488134306448,6.137219038574839,951000
2023-04-26,5.893893241882324,6.011050245004104,5.785748514260195,5.875869120611969,887300
2023-04-27,5.857844829559326,6.101170674521095,5.731675984323689,5.866857104797768,1200500
2023-04-28,5.875868797302246,6.245363477878174,5.812784161462655,5.884881072306013,989300
2023-05-01,5.587482452392578,5.893892927366577,5.506374125868638,5.86685696176824,1089600
2023-05-02,5.380204677581787,5.632542783356897,5.281072233999522,5.560446304486554,1043400
2023-05-03,5.497361660003662,5.731675645609089,5.344156427835331,5.389216941906808,1463000
2023-05-04,5.668591499328613,5.677603774809489,5.3261327661763955,5.380205129874807,901800
2023-05-05,5.875868797302246,5.92994115813807,5.632542958676575,5.767724075630598,900800
2023-05-08,5.722663879394531,5.929941489029087,5.632543272972757,5.911917367744732,970600
2023-05-09,5.668591499328613,5.7587121054926325,5.515386253985309,5.6325432568630065,1060900
2023-05-10,5.569458961486816,5.812784828014664,5.542422992833153,5.776736583323795,729900
2023-05-11,5.596495151519775,5.614519273194197,5.3892175373994515,5.49736226744598,821500
2023-05-12,5.596495151519775,5.659579792244728,5.452302178124405,5.614519273194197,807700
2023-05-15,5.443289279937744,5.614518631127738,5.371192801484885,5.569458117230247,1129200
2023-05-16,5.362181186676025,5.542422834717355,5.344157064844788,5.4252658279498345,1100500
2023-05-17,5.893893241882324,5.893893241882324,5.362181019813437,5.389217416583443,1193600
2023-05-18,5.938953399658203,6.002037605413203,5.803772283466327,5.8848810391272375,1342800
2023-05-19,5.938953399658203,6.173266961959055,5.875868764174282,6.020061725590192,1237900
2023-05-22,6.173267364501953,6.236352004099461,5.92092966556982,5.947965632733787,1226300
2023-05-23,6.389557361602783,6.85818495464304,6.2093157152156335,6.218327990913022,1944700
2023-05-24,6.065122604370117,6.3985690624917755,6.047098483112972,6.326472577463195,1119200
2023-05-25,6.083146572113037,6.164255330587804,5.956977726497017,6.020061934440559,1014500
2023-05-26,6.236351490020752,6.254375609887272,5.902905057625673,6.002037502027076,762100
2023-05-30,6.614858627319336,6.641894593032742,6.191291153672655,6.191291153672655,1025100
2023-05-31,6.524737358093262,6.677942590653994,6.47066499890634,6.605846111738099,2415200
2023-06-01,6.353508472442627,6.569797910446827,6.254375598492912,6.560786065394442,1279600
2023-06-02,6.9392924308776855,6.975340669760512,6.470664895672035,6.506713134554862,1239200
2023-06-05,6.723003387451172,6.939292833290868,6.713991112343387,6.930280987912012,774900
2023-06-06,6.957317352294922,7.002377870957071,6.63288316495168,6.723003772547026,980400
2023-06-07,7.416932582855225,7.597174655485821,7.00237779255802,7.029414189398399,1937400
2023-06-08,7.263728141784668,7.407921111241593,7.0474382578703345,7.407921111241593,1191500
2023-06-09,7.110522270202637,7.362860389492174,6.957317029533517,7.362860389492174,625300
2023-06-12,7.119534015655518,7.380883531246508,6.966328786386152,7.065461657630253,700900
2023-06-13,7.119534015655518,7.398908080317165,7.029413418946744,7.182618218487208,832400
2023-06-14,7.065462112426758,7.3087875243386,6.993365630418963,7.146570439821062,1251000
2023-06-15,7.353847503662109,7.353847503662109,6.984352845479046,7.011389239122906,1139100
2023-06-16,7.407921314239502,7.434957281889064,7.10151081601808,7.39890903853701,3931300
2023-06-20,7.083486080169678,7.398908397015999,7.047437839943179,7.398908397015999,916200
2023-06-21,7.065462112426758,7.092498078315216,6.90324459818029,7.047437991924809,833400
2023-06-22,6.668930530548096,7.0654615815243496,6.587821779519415,7.029413343229136,755100
2023-06-23,6.443629741668701,6.677943323872294,6.380545100826332,6.5697985936244825,948500
2023-06-26,7.137558460235596,7.191630820724783,6.434616914418305,6.434616914418305,989500
2023-06-27,7.362860679626465,7.45298171632113,7.020401943427804,7.137558947347706,829500
2023-06-28,7.020401477813721,7.362860191299493,6.957316842257208,7.362860191299493,500500
2023-06-29,7.164594650268555,7.164594650268555,6.948305201529836,7.029413959671323,473000
2023-06-30,6.9392924308776855,7.272738855408284,6.831147714229206,7.218666926812949,658300
2023-07-03,7.092497825622559,7.119534220276689,6.903244352230386,6.9122566270247345,450800
2023-07-05,7.02941370010376,7.290763655876925,6.984353185082627,7.128546145583981,587000
2023-07-06,6.885221004486084,7.029414409263249,6.677943387989813,7.029414409263249,453000
2023-07-07,7.119534015655518,7.236690576512471,6.858184070335624,6.858184070335624,768600
2023-07-10,7.083486080169678,7.14657028570159,6.9392926895347635,7.065461960056428,398900
2023-07-11,7.236690998077393,7.254715548198048,7.065462069220434,7.128546275727021,406500
2023-07-12,7.182618618011475,7.489029523322835,7.155582652359452,7.317799735458368,558000
2023-07-13,7.335824489593506,7.353848180710272,7.137558730561823,7.191631093098936,645200
2023-07-14,7.3087873458862305,7.380883826133707,7.200642625515014,7.353847860905363,404800
2023-07-17,7.317800045013428,7.353848287226977,7.15558295505246,7.308787769595569,657600
2023-07-18,7.389895915985107,7.840499335977587,7.344835402094296,7.344835402094296,1096700
2023-07-19,7.759390354156494,7.930620130002991,7.52507723585476,7.52507723585476,1231900
2023-07-20,7.480016708374023,7.7503789237528995,7.353847445341804,7.7503789237528995,1334100
2023-07-21,7.182674407958984,7.424264778008017,7.136214499873834,7.35922143837823,1014600
2023-07-24,7.340638160705566,7.40568150562473,7.154798956326892,7.164091115929376,463900
2023-07-25,7.126923084259033,7.349929589081052,7.080463174217177,7.340637872917404,565800
2023-07-26,7.266302585601807,7.359221965351282,7.164091046340108,7.164091046340108,613600
2023-07-27,6.894625186920166,7.452142397123359,6.829581394243236,7.387098161371841,947900
2023-07-28,6.978252410888672,7.108339544850406,6.903916462693121,6.968960251211268,517000
2023-07-31,7.154798984527588,7.2291349324167875,6.968960222490985,6.968960222490985,735600
2023-08-01,6.829580783843994,7.071171612416284,6.810996908036476,7.071171612416284,824200
2023-08-02,6.8481645584106445,6.876040593247087,6.680909678615616,6.764537340050401,542600
2023-08-03,6.857457160949707,6.903916631247321,6.680910110439804,6.7831216540138675,549200
2023-08-04,6.903916358947754,7.00612789849046,6.8388730144815755,6.857456890482563,535800
2023-08-07,7.526476860046387,7.535768132876299,6.922499818649374,6.950375852511747,1243100
2023-08-08,7.1733832359313965,7.396390205114144,7.061879972877313,7.396390205114144,756900
2023-08-09,7.034003734588623,7.191966454580896,6.9410839141437615,7.173382579106833,626500
2023-08-10,6.950376510620117,7.201259066838609,6.941084350761306,7.015420300408085,546500
2023-08-11,7.043295383453369,7.0618792587497685,6.876040505785776,6.885332221896707,383000
2023-08-14,6.885332107543945,6.987543641513863,6.820288766624067,6.959667607494965,497300
2023-08-15,6.587989807128906,6.820288455413288,6.541529900242226,6.820288455413288,616100
2023-08-16,6.430027008056641,6.662325669081377,6.420734848939875,6.606574043604384,607400
2023-08-17,6.5508222579956055,6.699493255633393,6.430026850877642,6.430026850877642,714400
2023-08-18,6.402151584625244,6.597282513949888,6.374275990764339,6.457903215421632,536200
2023-08-21,6.299940586090088,6.4207355665876005,6.207020756834886,6.4114438495068296,561400
2023-08-22,6.346398830413818,6.448610356984726,6.290647209486368,6.346398830413818,507800
2023-08-23,6.615866184234619,6.615866184234619,6.309232002894958,6.364983631949936,456900
2023-08-24,6.587989807128906,6.792412422666378,6.587989807128906,6.597281522661537,473700
2023-08-25,6.420734882354736,6.708785170355541,6.355691540497013,6.6158657940769805,490900
2023-08-28,6.72736930847168,6.764537503509923,6.448611168744003,6.485778920707693,561500
2023-08-29,7.061879634857178,7.1083395471098445,6.680909949453727,6.736661578312191,534300
2023-08-30,7.052587985992432,7.145507368315708,6.941084284129936,7.024711949758166,496800
2023-08-31,6.876040458679199,7.117630835877295,6.857456583510115,7.061879210370042,479100
2023-09-01,6.810997009277344,7.006127929694051,6.783121416688989,6.93179242535903,441400
2023-09-05,6.021181583404541,6.745953633485681,5.807466787887306,6.699493721952761,3897100
2023-09-06,5.761006832122803,6.05834928888655,5.630919701133779,6.05834928888655,2484400
2023-09-07,5.435788631439209,5.7517149552433,5.398620880765144,5.7517149552433,2365600
2023-09-08,5.47295618057251,5.500832214088796,5.249949684740298,5.407912840825375,1919600
2023-09-11,5.519416332244873,5.593751834135114,5.370745328464391,5.491540297498762,1752900
2023-09-12,5.4079132080078125,5.538000339409161,5.370745456178856,5.5101243040001675,1388100
2023-09-13,5.352161407470703,5.612335661873716,5.24994987170368,5.407913033414206,1672900
2023-09-14,5.73313045501709,5.7795899167585,5.4357880389592115,5.482247943775111,2314700
2023-09-15,5.6216278076171875,5.668087274255006,5.435788611842304,5.565875738732547,10762800
2023-09-18,5.3800368309021,5.7238387350216895,5.36145295616792,5.6773792697235015,1552900
2023-09-19,5.3800368309021,5.584459896052602,5.36145295616792,5.389328989806451,1043800
2023-09-20,5.203489780426025,5.537999967496666,5.203489780426025,5.435788435293924,1247700
2023-09-21,4.850396156311035,5.16632249721936,4.80393668699041,5.1570307805850595,2426500
2023-09-22,4.748184680938721,4.915439554746571,4.738892521967688,4.859687930143954,1766800
2023-09-25,4.506594181060791,4.738892854755415,4.497302464511776,4.70172510241024,1729900
2023-09-26,4.320755958557129,4.525178621967156,4.274296040790271,4.488010864983515,2343000
2023-09-27,3.884033679962158,4.33004715293517,3.884033679962158,4.33004715293517,1941900
2023-09-28,3.9490773677825928,4.0141211545234965,3.763238610057937,3.9119096162376614,1409400
2023-09-29,3.8096983432769775,4.172084167615568,3.781822749214167,4.004829274014968,1617300
2023-10-02,3.707486867904663,3.8561580999004166,3.6145674863681174,3.8096981875948632,1363400
2023-10-03,3.577399492263794,3.7074868472266953,3.4844801112454924,3.7074868472266953,2013600
2023-10-04,3.670319080352783,3.7725303990700483,3.5216478497722106,3.623859390026754,1285200
2023-10-05,3.6796109676361084,3.7260708788582284,3.5681074908552057,3.6610270917621706,1235500
2023-10-06,3.623859405517578,3.6796110341471335,3.493772050511336,3.6796110341471335,954200
2023-10-09,3.837574005126953,3.8468657212143667,3.586691246186021,3.6145672805973326,1390600
2023-10-10,4.004829406738281,4.069873200164742,3.837574507594717,3.837574507594717,1344400
2023-10-11,4.144207954406738,4.2371273258582205,4.041996424272851,4.041996424272851,984500
2023-10-12,4.144207954406738,4.199959577277628,3.930493178531072,4.134915795724334,1281400
2023-10-13,4.134915828704834,4.311462857408064,4.079164205389264,4.199959610776924,1089700
2023-10-16,4.385798454284668,4.422966647076262,4.190667989807328,4.209251864665862,2007100
2023-10-17,4.488010406494141,4.497302566328083,4.320755517154299,4.395091023527562,1557800
2023-10-18,4.422966957092285,4.580929682924532,4.376507045152205,4.562345806763411,3081700
2023-10-19,4.265003681182861,4.525177940911163,4.134916108244164,4.413674686741891,2176200
2023-10-20,4.078286647796631,4.31413913925032,4.048804852066297,4.265003437829424,1692600
2023-10-23,4.019323825836182,4.206040629847356,3.9800150743177536,4.068459530935576,1280600
2023-10-24,4.1470770835876465,4.2748307618496115,4.038978249917325,4.068459579610218,1495200
2023-10-25,4.117595672607422,4.176558799426475,4.038978170182017,4.156904423820124,994700
2023-10-26,4.137249946594238,4.255176197335829,3.9898418988686166,4.107768149610208,849500
2023-10-27,4.048805236816406,4.225695090813419,4.029150860660882,4.18638633850237,805900
2023-10-30,4.156904220581055,4.255176093808109,4.009496176441846,4.117595471290233,680000
2023-10-31,4.412410736083984,4.432065577745823,4.225694426268683,4.304311918527172,1245300
2023-11-01,4.392756938934326,4.461547487977937,4.2551763094443835,4.392756938934326,1136800
2023-11-02,4.952907562255859,4.972561938749045,4.471375103874153,4.471375103874153,1930600
2023-11-03,5.3853044509887695,5.46392195896568,5.070833950483818,5.080661373279587,2097800
2023-11-06,5.267377853393555,5.4049584835867055,5.139624176772704,5.375476685675247,1405900
2023-11-07,5.0511794090271,5.277204971400154,4.98238932608571,5.228069264813062,813300
2023-11-08,4.943079948425293,5.1003149393805,4.776017536236767,5.080660565511099,648100
2023-11-09,4.667918682098389,5.011870491270393,4.579473757118026,4.992216115563344,766300
2023-11-10,4.7367095947265625,4.795672726370796,4.608955908532066,4.7367095947265625,1013000
2023-11-13,4.7072272300720215,4.756363401514681,4.481201684910855,4.68757285521441,700800
2023-11-14,5.257550239562988,5.336167739664547,4.913598442320039,4.913598442320039,1215900
2023-11-15,5.287032604217529,5.45409504417418,5.208415095672591,5.2968595584869895,725400
2023-11-16,5.228068828582764,5.2968589057843065,5.090487736985167,5.287031952725767,827400
2023-11-17,5.228068828582764,5.375476404641644,5.080660783926628,5.34599507686877,848200
2023-11-20,5.2084150314331055,5.277205116262827,5.070833924579047,5.2673781621145706,508400
2023-11-21,4.923426151275635,5.119969912992365,4.923426151275635,5.119969912992365,598300
2023-11-22,5.080661296844482,5.080661296844482,4.913598860608234,4.982389413351778,541000
2023-11-24,5.149450778961182,5.16910562195915,5.021697579655124,5.080660702857285,257100
2023-11-27,5.149450778961182,5.198586949261607,5.03152453255686,5.110142030159741,704400
2023-11-28,5.3853044509887695,5.424613204977224,5.080661373279587,5.13962450426227,838000
2023-11-29,5.552366733551025,5.758737920483877,5.444267428824937,5.444267428824937,749600
2023-11-30,5.48357629776001,5.650638735345803,5.473749343630008,5.562193805189252,1909700
2023-12-01,6.1616530418396,6.22061617279054,5.33616827133182,5.454095001831011,1563000
2023-12-04,6.092862129211426,6.151825725286554,5.915972746777889,6.083035175597093,1107400
2023-12-05,6.004417419433594,6.073207497628865,5.93562687264106,6.073207497628865,517000
2023-12-06,6.063380241394043,6.269751402860409,6.004417119346115,6.053552820087435,688500
2023-12-07,6.141998767852783,6.1714805681212965,6.0240725039733665,6.073208212957797,516700
2023-12-08,6.1616530418396,6.22061617279054,5.98476364898678,6.1223442878723064,637500
2023-12-11,6.053553581237793,6.161652886216268,6.043726627292822,6.141998509729026,621100
2023-12-12,5.807873725891113,6.063381092563842,5.79804677180225,6.063381092563842,841100
2023-12-13,6.240270137786865,6.30906068698668,5.621156600780371,5.798046450552101,1361900
2023-12-14,6.672666549682617,6.761111470303156,6.348369132203652,6.348369132203652,1660500
2023-12-15,6.574395179748535,6.7611119883670865,6.466295876106786,6.721803235878685,2611200
2023-12-18,6.191133975982666,6.584221460694951,6.191133975982666,6.574394507875766,900900
2023-12-19,6.839728832244873,6.957655078311828,6.230442758968357,6.269751507657341,1928400
2023-12-20,6.761112213134766,7.036273489701086,6.672667282796937,6.751284790387314,1553600
2023-12-21,6.662840366363525,6.928174690281696,6.564568012721949,6.879038513460909,516700
2023-12-22,6.574395179748535,6.908520044497237,6.476123298527532,6.75128456594634,710000
2023-12-26,7.065755367279053,7.065755367279053,6.603876802195257,6.839729796165077,1063600
2023-12-27,7.1148905754089355,7.252471674131434,6.947828615984096,7.055927448212413,903800
2023-12-28,7.360569953918457,7.399879171029766,6.987136843034853,7.075581292892874,859300
2023-12-29,7.193508625030518,7.340916210323499,7.144372450868,7.340916210323499,619400
2024-01-02,6.996964454650879,7.272126188753909,6.947828748680641,7.154199932108591,1032200
2024-01-03,6.829901695251465,6.99696411843672,6.6431853655003446,6.879037867457928,894100
2024-01-04,6.643185615539551,6.918346878180042,6.643185615539551,6.790593200512601,660700
2024-01-05,6.653012752532959,6.8299021405336235,6.387678436233313,6.564567824233978,1181400
2024-01-08,6.25992488861084,6.6431859403523825,6.250097934477556,6.6038767180273235,934500
2024-01-09,5.925800323486328,6.1911346383530415,5.906145947147953,6.1911346383530415,1511300
2024-01-10,6.092862129211426,6.132170880863323,5.857009619300044,5.906145793163557,758300
2024-01-11,3.8031251430511475,4.717054767922,3.5279636539721366,4.64826421992827,9093800
2024-01-12,3.6360628604888916,3.960360514000507,3.5672725485373618,3.724507547283716,3260900
2024-01-16,3.469000816345215,3.6360632549350558,3.449346439369781,3.586927312496472,2085900
2024-01-17,3.5869269371032715,3.6458900618587315,3.321592641405071,3.4002101410790178,2011900
2024-01-18,3.567272663116455,3.645890165014789,3.4493461759703172,3.577099850853747,1183900
2024-01-19,3.4884378910064697,3.577127141251438,3.409603210740613,3.577127141251438,1512800
2024-01-22,3.55741810798645,3.5869813469662075,3.4293117571729455,3.5180007692746025,923300
2024-01-23,3.5475637912750244,3.6953790471389305,3.537709456547155,3.5869813651323725,787300
2024-01-24,3.468729257583618,3.6066901844521646,3.4293119170342856,3.5475639386822837,925400
2024-01-25,3.655961513519287,3.655961513519287,3.4687289287154854,3.4687289287154854,1072900
2024-01-26,3.616544485092163,3.784068180828859,3.567272574929608,3.6559618252655035,585900
2024-01-29,3.6263985633850098,3.695378903804519,3.547563653673993,3.6263985633850098,962500
2024-01-30,3.7840681076049805,3.8727573562246884,3.6263987499626116,3.6461074196679077,1494500
2024-01-31,3.616544485092163,3.774213845785524,3.577127144918823,3.754505175698854,1135900
2024-02-01,3.6263985633850098,3.7150875724958072,3.5180006506370605,3.6263985633850098,1376000
2024-02-02,3.55741810798645,3.636253020356017,3.488437765240717,3.5672724426644122,737000
2024-02-05,3.57712721824646,3.6165445592278176,3.4490206251111637,3.537709642319218,931500
2024-02-06,3.5475637912750244,3.636253038771717,3.5278551218192864,3.537709456547155,957100
2024-02-07,3.5968358516693115,3.616544521956879,3.5180009355731587,3.557418276148294,1211900
2024-02-08,3.7446508407592773,3.7742138458901016,3.547563904941235,3.547563904941235,1076200
2024-02-09,3.7939226627349854,3.8530489102296532,3.6559619667878342,3.7545053210357993,1041500
2024-02-12,3.9713008403778076,4.000863609250534,3.7643593437558986,3.7939223475744943,1812300
2024-02-13,3.813631057739258,3.8234856273971487,3.6461073676349427,3.8234856273971487,2398900
2024-02-14,3.764359474182129,3.9220290682900574,3.7446508042868722,3.8234857188137754,732800
2024-02-15,3.941737651824951,3.971300890966006,3.7742137264397115,3.7742137264397115,1064600
2024-02-16,3.715087652206421,3.892465909179693,3.655961644863953,3.823485567280147,2625200
2024-02-20,3.380040168762207,3.6756704514795064,3.3307684941336366,3.6756704514795064,3149700
2024-02-21,3.182953119277954,3.42931171838649,3.1533901155784343,3.4194573838199833,1931900
2024-02-22,3.133681535720825,3.2519335538877856,3.0942641963318387,3.1533902054153184,1339400
2024-02-23,2.995720624923706,3.153390218057645,2.995720624923706,3.153390218057645,723800
2024-02-26,2.808488130569458,2.9957207352596575,2.7395077838215522,2.976012064760256,1375300
2024-02-27,2.818342447280884,3.0055750507395196,2.818342447280884,2.847905687781412,1273500
2024-02-28,2.660672903060913,2.808487920764045,2.660672903060913,2.808487920764045,1180400
2024-02-29,2.6311099529266357,2.82819664719795,2.591692614072373,2.719798965348727,1047700
2024-03-01,2.434023141860962,2.621255745453163,2.414314471477139,2.621255745453163,2729400
2024-03-04,2.345334053039551,2.46358607170749,2.187664459869756,2.46358607170749,1949300
2024-03-05,2.3650426864624023,2.424168694887494,2.2664991041413765,2.3059164430914376,1097400
2024-03-06,2.3059163093566895,2.4537315567925457,2.3059163093566895,2.3650425492985474,1325300
2024-03-07,2.2073731422424316,2.404460076092732,2.2073731422424316,2.345334066421405,730400
2024-03-08,2.227081775665283,2.3946057019367815,2.2172274408814228,2.256644780016864,1108900
2024-03-11,2.059558153152466,2.2467907766061197,2.059558153152466,2.22708210413162,1519400
2024-03-12,2.0299947261810303,2.0694120630084893,1.9708687209398414,2.04970339459476,1642300
2024-03-13,2.09897518157959,2.1581011834688004,2.039848944744533,2.039848944744533,1296700
2024-03-14,1.9314515590667725,2.1088298258034444,1.8920341011958781,2.0891209206585866,1456400
2024-03-15,2.000431776046753,2.0398491139084243,1.941305769254246,1.9511601037196638,3891800
2024-03-18,1.9314515590667725,1.9807232345642143,1.8920341011958781,1.9708688994647259,1783500
2024-03-19,1.9413058757781982,1.9610145457904944,1.9018884182806666,1.9117428707597541,1620500
2024-03-20,2.09897518157959,2.1088295152277916,1.8821794889003816,1.9610142755589188,1836500
2024-03-21,2.2664990425109863,2.2763533769805435,2.1186840254676262,2.1383926944067406,1612200
2024-03-22,2.039849281311035,2.3059165686583056,2.039849281311035,2.266499227561804,803500
2024-03-25,1.980723261833191,2.1186841900712428,1.9708689265980361,2.1186841900712428,646200
2024-03-26,1.9018882513046265,1.9905773760464478,1.8920339171636384,1.9708687077644718,1176200
2024-03-27,2.059558153152466,2.089121161864215,1.9018886558835155,1.9018886558835155,1092500
2024-03-28,2.0102860927581787,2.1186840058663168,1.980723089623013,2.0102860927581787,949600
2024-04-01,1.9413058757781982,2.029994890833531,1.9117428707597541,2.0201405558273824,964600
2024-04-02,1.9018882513046265,1.9610143736234837,1.8624709147406744,1.9610143736234837,906900
2024-04-03,1.8821797370910645,1.9018884069863207,1.8427623973005516,1.9018884069863207,681900
2024-04-04,1.862471103668213,1.9511602374065873,1.8526167685276091,1.921597231984776,479400
2024-04-05,1.8230537176132202,1.8723253920867107,1.7836362605614897,1.8723253920867107,546600
2024-04-08,1.9314515590667725,1.9807232345642143,1.8230537554994595,1.8526167607979247,819200
2024-04-09,2.089120864868164,2.0989754346503653,1.9215971726506178,1.9413058423232703,840700
2024-04-10,1.9413058757781982,2.0102862208212344,1.8723254132622222,2.0004318858150865,941100
2024-04-11,2.138392686843872,2.177810024582694,1.9413057632038977,1.9413057632038977,1087500
2024-04-12,2.0102860927581787,2.138392674623094,1.961014420866236,2.138392674623094,699900
2024-04-15,1.8920340538024902,2.0299948592125006,1.8821797189498422,2.0299948592125006,1020200
2024-04-16,1.8821797370910645,1.9215971943545158,1.8329080623529235,1.8723254021434361,653100
2024-04-17,1.862471103668213,1.9117428968441725,1.8230537631057981,1.892034109090024,664000
2024-04-18,1.8526166677474976,1.9215971274522108,1.8131993293293385,1.8624710023520374,434000
2024-04-19,1.8823379278182983,1.931873207927366,1.832802765810373,1.842709798211958,600700
2024-04-22,2.011129379272461,2.021036411241201,1.85261674967148,1.8922448775464409,818100
2024-04-23,1.9615942239761353,2.0408504799097895,1.9615942239761353,2.001222351942962,585800
2024-04-24,2.0309433937072754,2.0507574571618035,1.9021518631517087,1.951687139889163,580000
2024-04-25,1.9219660758972168,1.9913152991134708,1.9120589259080445,1.9715012353373982,502400
2024-04-26,1.9913153648376465,2.0210364614827125,1.9120589890163313,1.9120589890163313,378800
2024-04-29,2.0705714225769043,2.130013846328219,1.9814081412533175,2.0012222037696703,899200
2024-04-30,2.0012223720550537,2.070571596693954,1.9913153399637822,2.0111294041463252,466400
2024-05-01,1.9814083576202393,2.0705716486803283,1.9516872606002096,2.0309435193202887,814700
2024-05-02,2.5362024307250977,2.7442503288131097,2.030943350883752,2.0606644454388587,6019100
2024-05-03,2.843320846557617,2.8631351472082076,2.615459105402048,2.615459105402048,3604500
2024-05-06,2.7343432903289795,2.863134935941942,2.6848081328633255,2.833413605260287,1129400
2024-05-07,2.466853141784668,2.76406431530766,2.4371320480525944,2.724436190331562,726200
2024-05-08,2.2885265350341797,2.42722522027971,2.2588054388106253,2.3875970919816374,1029800
2024-05-09,2.258805513381958,2.3083406753898834,2.2290844161772028,2.2885266105867133,535600
2024-05-10,2.1696419715881348,2.258805252921059,2.1399208778104932,2.248898221661845,527400
2024-05-13,2.2885265350341797,2.357875995758083,2.1498280859909253,2.169642150139962,765100
2024-05-14,2.556016683578491,2.6649942745757818,2.2984336087698236,2.2984336087698236,1496800
2024-05-15,2.3182475566864014,2.6451800770335776,2.288526461418889,2.5758306185404463,1025800
2024-05-16,2.2786195278167725,2.407411182392753,2.2488984312689952,2.357876021479791,537500
2024-05-17,2.1696419715881348,2.3677828329746675,2.1399208778104932,2.2786193154394865,735900
2024-05-20,2.2885265350341797,2.407411156130674,2.199363246363516,2.2092702784380345,695600
2024-05-21,2.3083407878875732,2.3182478207719805,2.2290845248123143,2.2588056234655363,589100
2024-05-22,2.268712282180786,2.387596893388832,2.258805250930304,2.2984333759322335,473800
2024-05-23,2.258805513381958,2.3083406753898834,2.2092703513740326,2.268712545783543,586500
2024-05-24,2.209270477294922,2.338061905856201,2.19936344432867,2.2984337739911918,625100
2024-05-28,2.1597349643707275,2.2488982466962026,2.1201068388927387,2.229084183957208,832500
2024-05-29,2.0309433937072754,2.130013947182184,1.9715012033436912,2.110199883727656,1112900
2024-05-30,2.21917724609375,2.2290842778806845,2.050757469513594,2.0705715330874632,756900
2024-05-31,2.268712282180786,2.2984333759322335,2.209270094677892,2.219177125928374,514600
2024-06-03,2.268712282180786,2.2984333759322335,2.199363063427409,2.288526344681751,637900
2024-06-04,2.21917724609375,2.278619436815357,2.199363182519881,2.2488983414545536,548400
2024-06-05,2.209270477294922,2.258805642126183,2.1498282794974086,2.258805642126183,477400
2024-06-06,2.179549217224121,2.219177346158732,2.110199991588552,2.219177346158732,529000
2024-06-07,2.1498281955718994,2.2389914887873914,2.110200065253903,2.1201070978334022,454100
2024-06-10,2.209270477294922,2.3182478399236963,2.1399212465311566,2.1498282794974086,713200
2024-06-11,2.248898506164551,2.268712571189608,2.1498281810392657,2.2092703761144366,558100
2024-06-12,2.1696419715881348,2.347968534253983,2.1201068152920657,2.3182474404763416,822400
2024-06-13,2.130013942718506,2.1894561329575226,2.1101998793055006,2.1498280061315116,827300
2024-06-14,2.21917724609375,2.21917724609375,2.100292628448267,2.100292628448267,623700
2024-06-17,2.268712282180786,2.268712282180786,2.1597349384254794,2.1795490009264444,435900
2024-06-18,2.2786195278167725,2.3182476565471424,2.2389913990864025,2.2588054634515875,622100
2024-06-20,2.298433542251587,2.338061670121089,2.2389913504473338,2.2885265102842114,512100
2024-06-21,2.2389914989471436,2.328154792567227,2.219177433698236,2.2885266620694122,2134400
2024-06-24,2.298433542251587,2.338061670121089,2.2389913504473338,2.2687124463494603,615000
2024-06-25,2.2786195278167725,2.3083406243645497,2.2588054634515875,2.2687124956341798,640000
2024-06-26,2.090385675430298,2.288526554837512,2.0804786432700513,2.2687124905170184,927000
2024-06-27,1.9913153648376465,2.1101999876201893,1.941780203762537,2.090385686987866,1352800
2024-06-28,2.021036386489868,2.1399210048610624,1.9814082591002269,2.0309434183372783,7322700
2024-07-01,1.8625237941741943,2.040850488912717,1.812988633997143,2.021036424841896,1711400
2024-07-02,1.9219660758972168,1.9715012353373982,1.862523766467863,1.862523766467863,739200
2024-07-03,1.9715012311935425,2.0210363905296074,1.9021518900219163,1.9516871674591167,461300
2024-07-05,1.9715012311935425,2.03094342239682,1.9516871674591167,1.9715012311935425,478800
2024-07-08,1.9715012311935425,1.9814082630607555,1.9219660718574778,1.9814082630607555,395600
2024-07-09,1.9219660758972168,1.9615942034493619,1.9021518940200082,1.9615942034493619,390800
2024-07-10,1.9913153648376465,2.0012223970526684,1.931873171547515,1.931873171547515,282400
2024-07-11,2.248898506164551,2.258805538677079,2.0804787172492794,2.0804787172492794,1073200
2024-07-12,2.338061809539795,2.4668534689978014,2.258805549074737,2.258805549074737,787500
2024-07-15,2.3281545639038086,2.357875895060331,2.258805342343877,2.3182475322523897,524100
2024-07-16,2.5758306980133057,2.5956447621363097,2.3578759926602593,2.3677830247217617,1118600
2024-07-17,2.585737705230713,2.744250452894012,2.5064814495002,2.5262955134328284,1056800
2024-07-18,2.417318105697632,2.6352730401001003,2.417318105697632,2.605551944890982,653800
2024-07-19,2.427225112915039,2.536202460914289,2.3776899547335617,2.3975040180061526,419200
2024-07-22,2.7554972171783447,2.7654448511433447,2.45706796105804,2.46701559502304,915500
2024-07-23,2.6958115100860596,2.7455496816951492,2.5664920267321167,2.7455496816951492,495600
2024-07-24,2.5267014503479004,2.695811468372389,2.516753816180007,2.6162303950292443,321600
2024-07-25,2.5664920806884766,2.6759162976992514,2.5267015425646733,2.536649177095624,465000
2024-07-26,2.685863971710205,2.695811606387378,2.556544483736638,2.6162305289699943,330100
2024-07-29,2.646073341369629,2.6958115130330915,2.5863872982031633,2.685863878700399,302100
2024-07-30,2.4670157432556152,2.6659686716801616,2.4670157432556152,2.6261781334293155,384900
2024-07-31,2.4769632816314697,2.636125665624485,2.387434574043696,2.4670156474550504,653700
2024-08-01,2.6560208797454834,3.0041883059814247,2.6261779778255714,2.7157066835853074,1794900
2024-08-02,2.407329797744751,2.6261779827370284,2.387434529760935,2.5465966736314622,530100
2024-08-05,2.208376884460449,2.3575913945907008,2.1884816164430823,2.2979055905386003,817400
2024-08-06,2.357591390609741,2.3973821637475883,2.1785339787557905,2.218324514723335,671000
2024-08-07,2.1984293460845947,2.4272251754073553,2.188481711643184,2.4073299065245335,425500
2024-08-08,2.25811505317688,2.287957955185393,2.188481615157016,2.218324517165529,287300
2024-08-09,2.218324661254883,2.268062834499771,2.18848175730795,2.2382199305528383,360000
2024-08-12,2.168586492538452,2.2282723005569545,2.1586388578687017,2.218324665887204,389900
2024-08-13,2.1884818077087402,2.2083770774648843,2.1586389030745243,2.1785341728306684,574800
2024-08-14,2.128795862197876,2.2481674730949845,2.128795862197876,2.2183245703707075,375800
2024-08-15,2.1785340309143066,2.238219836294623,2.1685863966842542,2.1884816651443595,660900
2024-08-16,2.128795862197876,2.1884816676464305,2.128795862197876,2.1785340334050045,335000
2024-08-19,2.278010368347168,2.317800905182354,2.1188482210064237,2.12879585521522,777500
2024-08-20,2.297905683517456,2.3178009523398337,2.2282722426391333,2.2581151458727002,392200
2024-08-21,2.218324661254883,2.307853373095682,2.218324661254883,2.307853373095682,197800
2024-08-22,2.3277485370635986,2.3874345794270044,2.178534024080853,2.2183245608762516,667000
2024-08-23,2.4172775745391846,2.447120478277901,2.3277486261527196,2.357591529891436,264300
2024-08-26,2.3774869441986084,2.4670156519494864,2.3675393100040663,2.4471203835604025,319300
2024-08-27,2.3774869441986084,2.4172774809767765,2.347643804444675,2.3675393100040663,327700
2024-08-28,2.25811505317688,2.3675392643783972,2.25811505317688,2.3476437592024193,346700
2024-08-29,2.2282721996307373,2.2979056391650485,2.2282721996307373,2.287958004945861,251200
2024-08-30,2.1884818077087402,2.248167616977172,2.1785341728306684,2.2382199820991,246400
2024-09-03,2.1188483238220215,2.2083770360455066,2.108900451960204,2.18848176666251,430600
2024-09-04,2.1387436389923096,2.198429448419083,2.1089004971085985,2.118848369183385,328500
2024-09-05,2.1188483238220215,2.178534131971012,2.108900451960204,2.1685864972795135,267200
2024-09-06,2.0890052318573,2.1486912785846157,2.0591623270788038,2.11884837380612,483100
2024-09-09,2.128795862197876,2.158638764922153,2.0691098195790136,2.0691098195790136,245700
2024-09-10,2.2282721996307373,2.2282721996307373,2.0790574491726193,2.1287958574388637,680000
2024-09-11,2.1188483238220215,2.2083770360455066,2.0989528172687058,2.18848176666251,268400
2024-09-12,2.1188483238220215,2.158638862588015,2.0989528172687058,2.12879595851352,345400
2024-09-13,2.1586387157440186,2.198429251803213,2.128795813699623,2.128795813699623,439800
2024-09-16,2.208376884460449,2.287957956529917,2.178533982434399,2.178533982434399,394500
2024-09-17,2.25811505317688,2.2780103211825553,2.1984292491598536,2.2382197851712045,515900
2024-09-18,2.1984293460845947,2.4272251754073553,2.1785340772017734,2.2780104216158805,1462900
2024-09-19,2.297905683517456,2.307853317928645,2.1785340705831886,2.268062780283889,869200
2024-09-20,2.0989527702331543,2.2879580623065117,2.0989527702331543,2.2680627933693494,2792000
2024-09-23,2.0989527702331543,2.128795910809212,2.089005135764573,2.1089004047017355,683600
2024-09-24,2.0890052318573,2.1287960087322855,2.0890052318573,2.0890052318573,470700
2024-09-25,2.0890052318573,2.1884818182892767,2.049214692152639,2.0890052318573,919500
2024-09-26,2.0989527702331543,2.138743545277793,2.049214597890248,2.138743545277793,602100
2024-09-27,2.1387436389923096,2.158638908801234,2.059162322586287,2.0989528622041362,830800
2024-09-30,2.168586492538452,2.1884817618779526,2.1387435885292008,2.1486912231989512,858800
2024-10-01,2.0989527702331543,2.188481717620699,2.0989527702331543,2.168586448683537,368500
2024-10-02,2.0691099166870117,2.1188483273987844,2.0492146472704302,2.0989528208118835,652200
2024-10-03,2.059162139892578,2.079057407936348,2.0293192378269236,2.059162139892578,708000
2024-10-04,2.039267063140869,2.089005237915949,2.0193717932308375,2.079057602960933,621900
2024-10-07,2.0492146015167236,2.128795914576522,2.0293193325443526,2.0492146015167236,613900
2024-10-08,1.999476432800293,2.039266970818955,1.9895287982956273,2.0293193363142894,337300
2024-10-09,1.9795811176300049,2.009424020448108,1.89005229059054,1.9994763861754072,1143800
2024-10-10,1.9795811176300049,2.049214557538913,1.9497382148119013,1.9596858490846025,692600
2024-10-11,2.039267063140869,2.0591623330509012,1.9895288883657896,1.9895288883657896,511100
2024-10-14,2.0094239711761475,2.029319239233709,1.9895287031185858,2.029319239233709,244400
2024-10-15,1.999476432800293,2.0293193363142894,1.9895287982956273,2.0094240673049586,287300
2024-10-16,2.019371747970581,2.0293193827026403,1.9895288437744034,1.9994764785064627,588000
2024-10-17,2.0293192863464355,2.0392669206061607,1.9994763835672595,2.01937165208671,432200
2024-10-18,2.0293192863464355,2.049214554865886,2.01937165208671,2.0293192863464355,258700
2024-10-21,1.9795811176300049,2.039266923266212,1.9696334833573037,2.0293192889935106,508400
2024-10-22,1.9497382640838623,1.9994764367043047,1.9298429950356852,1.9895288021802162,530900
2024-10-23,1.9298429489135742,1.9994763889179952,1.9099475617557278,1.9497382174862659,869500
2024-10-24,1.9099476337432861,1.959685925634849,1.8900523644207246,1.9397906563122875,581800
2024-10-25,1.899999976158142,1.9198952452406635,1.8502618034518392,1.9099476106994029,804000
2024-10-28,1.8700000047683716,1.940000057220459,1.8600000143051147,1.940000057220459,838800
2024-10-29,1.8799999952316284,1.9299999475479126,1.8600000143051147,1.8899999856948853,694000
2024-10-30,1.9700000286102295,1.9900000095367432,1.8799999952316284,1.8799999952316284,1476200
2024-10-31,1.590000033378601,1.7300000190734863,1.350000023841858,1.3600000143051147,4959800
2024-11-01,1.5,1.590000033378601,1.5,1.559999942779541,1690200
2024-11-04,1.4199999570846558,1.5,1.399999976158142,1.5,1177700
2024-11-05,1.4199999570846558,1.5199999809265137,1.399999976158142,1.409999966621399,950300
2024-11-06,1.3799999952316284,1.5,1.3799999952316284,1.4600000381469727,652500
2024-11-07,1.350000023841858,1.4299999475479126,1.350000023841858,1.4199999570846558,628800
2024-11-08,1.3700000047683716,1.440000057220459,1.340000033378601,1.3600000143051147,1013100
2024-11-11,1.2400000095367432,1.3899999856948853,1.2400000095367432,1.3700000047683716,2010300
2024-11-12,1.25,1.2699999809265137,1.1799999475479126,1.2400000095367432,2131000
2024-11-13,1.309999942779541,1.3200000524520874,1.1799999475479126,1.2599999904632568,2329800
2024-11-14,1.25,1.350000023841858,1.2300000190734863,1.309999942779541,2014300
2024-11-15,1.2100000381469727,1.2599999904632568,1.2000000476837158,1.2599999904632568,763400
2024-11-18,1.2100000381469727,1.2300000190734863,1.1799999475479126,1.2100000381469727,978500
2024-11-19,1.159999966621399,1.2200000286102295,1.159999966621399,1.2100000381469727,1094700
2024-11-20,1.1200000047683716,1.190000057220459,1.059999942779541,1.1699999570846558,1676000
2024-11-21,1.1399999856948853,1.159999966621399,1.090000033378601,1.100000023841858,978200
2024-11-22,1.1399999856948853,1.190000057220459,1.1200000047683716,1.149999976158142,1019500
2024-11-25,1.649999976158142,1.9900000095367432,1.25,1.25,12300600
2024-11-26,1.7200000286102295,1.850000023841858,1.5800000429153442,1.6399999856948853,2064200
2024-11-27,1.559999942779541,1.7999999523162842,1.5299999713897705,1.7100000381469727,1347300
2024-11-29,1.649999976158142,1.7000000476837158,1.559999942779541,1.5700000524520874,583600
2024-12-02,1.600000023841858,1.649999976158142,1.5399999618530273,1.649999976158142,506500
2024-12-03,1.5800000429153442,1.6299999952316284,1.5499999523162842,1.6200000047683716,981000
2024-12-04,1.590000033378601,1.600000023841858,1.5499999523162842,1.5800000429153442,509200
2024-12-05,1.4700000286102295,1.5700000524520874,1.4299999475479126,1.559999942779541,640200
2024-12-06,1.399999976158142,1.4900000095367432,1.3799999952316284,1.4700000286102295,505300
2024-12-09,1.4299999475479126,1.4700000286102295,1.3200000524520874,1.3799999952316284,546200
2024-12-10,1.3899999856948853,1.440000057220459,1.3700000047683716,1.4199999570846558,415300
2024-12-11,1.3700000047683716,1.440000057220459,1.340000033378601,1.399999976158142,440800
2024-12-12,1.340000033378601,1.4299999475479126,1.340000033378601,1.3600000143051147,536500
2024-12-13,1.3300000429153442,1.3600000143051147,1.2999999523162842,1.3200000524520874,504200
2024-12-16,1.1799999475479126,1.3200000524520874,1.1699999570846558,1.309999942779541,889500
2024-12-17,1.2200000286102295,1.2599999904632568,1.149999976158142,1.190000057220459,675200
2024-12-18,1.1100000143051147,1.25,1.1100000143051147,1.2400000095367432,1033400
2024-12-19,1.0700000524520874,1.1699999570846558,1.0700000524520874,1.1699999570846558,886200
2024-12-20,1.0199999809265137,1.1299999952316284,1.0199999809265137,1.0700000524520874,3601100
2024-12-23,0.9800000190734863,1.0499999523162842,0.9599999785423279,1.0299999713897705,1799800
2024-12-24,1.0099999904632568,1.0299999713897705,0.9900000095367432,0.9900000095367432,771200
2024-12-26,1.0199999809265137,1.0199999809265137,0.9800000190734863,1.0,726900
2024-12-27,0.9900000095367432,1.0299999713897705,0.9700000286102295,1.0199999809265137,754600
2024-12-30,1.0,1.0099999904632568,0.9300000071525574,0.9700000286102295,897900
2024-12-31,1.0,1.0199999809265137,0.9700000286102295,0.9800000190734863,707900
2025-01-02,1.0,1.0399999618530273,0.9900000095367432,1.0,480500
2025-01-03,0.9800000190734863,1.0199999809265137,0.9700000286102295,0.9900000095367432,496200
