Date,Close,High,Low,Open,Volume
2014-03-27,5.7996745109558105,6.04070043959975,4.971149632127251,5.09166259644922,224100
2014-03-28,5.762014389038086,6.0256358872751985,5.423072154885324,6.0256358872751985,68900
2014-03-31,5.649033546447754,5.95031540742281,5.57371317099296,5.95031540742281,26200
2014-04-01,5.649033546447754,5.942030040418224,5.57371317099296,5.57371317099296,16400
2014-04-02,5.630202770233154,5.837334050300803,5.611372588562306,5.656565168234679,15800
2014-04-03,5.791388988494873,5.799673995912956,5.611372887485187,5.611372887485187,25800
2014-04-04,5.652046203613281,5.7996739879669486,5.6490332450934675,5.7996739879669486,23700
2014-04-07,5.656565189361572,5.9352507298323065,5.551116315273314,5.9352507298323065,44400
2014-04-08,5.581243991851807,5.8749939402746065,5.57371213528384,5.664096569034325,37200
2014-04-09,5.57371187210083,5.724352587905259,5.57371187210083,5.716820731692936,40600
2014-04-10,5.430603504180908,5.671629030445592,5.272430558687808,5.603840522618312,64900
2014-04-11,5.822269916534424,5.822269916534424,5.498392159940186,5.573712526688167,11500
2014-04-14,5.70928955078125,5.822270287683257,5.287495110948837,5.6490332535417425,12600
2014-04-15,5.49010705947876,5.513456500004713,5.3100913203694,5.3100913203694,17100
2014-04-16,5.483328819274902,5.53605290346558,5.468264743912439,5.4908606773781905,14500
2014-04-17,5.400476455688477,5.566181291747631,5.325156075661589,5.4607327597099875,110400
2014-04-21,5.377880096435547,5.649033820377309,5.279963783174156,5.430604541388525,18300
2014-04-22,5.347752094268799,5.498393215849667,5.121790950631358,5.347752094268799,99800
2014-04-23,5.2874956130981445,5.385412284989344,5.272431537357644,5.272431537357644,8700
2014-04-24,5.383152008056641,5.7921421855433834,5.121790334640736,5.7921421855433834,10700
2014-04-25,5.1669816970825195,5.423070919739433,5.121789481319535,5.219705769228099,10300
2014-04-28,5.151918411254883,5.753728589353596,5.144386194567197,5.72435359075217,7600
2014-04-29,5.385412216186523,5.408008149930645,5.061534053169718,5.264899252646272,19400
2014-04-30,5.272431373596191,5.7544821414756235,5.272431373596191,5.7544821414756235,28800
2014-05-01,5.340219497680664,5.874994669114551,5.287495058540753,5.558648752586803,21400
2014-05-02,5.455460071563721,5.497639338555427,5.3854121037697205,5.422318962387464,25700
2014-05-05,5.430603504180908,5.686693103389896,5.423071288130842,5.686693103389896,12100
2014-05-06,5.302558898925781,5.423071486897236,5.264145385805335,5.423071486897236,20000
2014-05-07,5.56618070602417,5.56618070602417,5.380892554740115,5.380892554740115,22100
2014-05-08,5.353776931762695,5.558648772050799,5.279963219526558,5.460732110086328,17900
2014-05-09,4.406245708465576,5.121790110503002,4.240540896978716,4.330925339607913,14300
2014-05-12,4.892815113067627,4.895828071131246,4.5418221994010795,4.895828071131246,51400
2014-05-13,4.63220739364624,4.692463691587026,4.53429072991453,4.609611102340512,33200
2014-05-14,4.511694431304932,4.609611094878127,4.481566282383312,4.609611094878127,19600
2014-05-15,4.474033832550049,4.519226049950859,4.2932646037909885,4.2932646037909885,2500
2014-05-16,4.4875922203063965,4.519226669074062,3.848874813725052,4.519226669074062,12800
2014-05-19,4.406245708465576,4.503409217743264,4.225476823207184,4.345989413379446,19200
2014-05-20,4.368584632873535,4.443904983270163,4.293263923321146,4.443904983270163,9300
2014-05-21,4.293265342712402,4.3459897849990865,4.097432366937068,4.255605334641239,7500
2014-05-22,4.217945098876953,4.36858621332435,4.217945098876953,4.36858621332435,1900
2014-05-23,4.519225597381592,4.519225597381592,4.338456745881103,4.361052672740773,10000
2014-05-27,4.368584632873535,4.406997778124571,4.30079613793869,4.406997778124571,9600
2014-05-28,4.398714065551758,4.406245923226704,4.36105369970943,4.398714065551758,3600
2014-05-29,4.361053466796875,4.368585683225411,4.353521609524186,4.368585683225411,1600
2014-05-30,4.361053466796875,4.361053466796875,4.240540877187075,4.361053466796875,3500
2014-06-02,4.255605220794678,4.368585960297449,4.255605220794678,4.368585960297449,3600
2014-06-03,4.315861225128174,4.361053446016508,4.142624198811635,4.255604930610395,8100
2014-06-04,4.353521823883057,4.353521823883057,4.165220713768244,4.165220713768244,2200
2014-06-05,4.361053466796875,4.361053466796875,4.360300316985191,4.361053466796875,1800
2014-06-06,4.315861225128174,4.316614374936269,4.157688272441081,4.165220488833725,5100
2014-06-09,4.361053466796875,4.368585683225411,4.120027928421428,4.150156434979725,9300
2014-06-10,4.142624378204346,4.195348817768511,4.008554009349734,4.195348817768511,6200
2014-06-11,4.187817096710205,4.195349314320522,4.029644118452576,4.195349314320522,5400
2014-06-12,4.195349216461182,4.195349216461182,4.195349216461182,4.195349216461182,1400
2014-06-13,4.104964256286621,4.142624623801717,4.104964256286621,4.142624623801717,2100
2014-06-16,4.135092735290527,4.135092735290527,3.7886189787312206,4.127560876682411,4900
2014-06-17,4.0296430587768555,4.142623779129737,3.9769189859931036,4.142623779129737,4600
2014-06-18,3.8714702129364014,4.135091660506991,3.8714702129364014,4.135091660506991,4600
2014-06-19,4.059771537780762,4.059771537780762,3.9038583966113922,3.9543230243614254,16400
2014-06-20,4.112495422363281,4.1426235650127285,4.104963207123024,4.1350913497724715,16800
2014-06-23,4.127559661865234,4.195348165166426,4.127559661865234,4.172751877680761,9800
2014-06-24,4.104964256286621,4.127560548626855,4.0673042479274075,4.127560548626855,12000
2014-06-25,4.067303657531738,4.097431803508165,4.067303657531738,4.097431803508165,2500
2014-06-26,4.120028495788574,4.1350925715642655,4.010813856625836,4.1350925715642655,5200
2014-06-27,3.976919174194336,4.187816193621319,3.9693869582083168,3.9693869582083168,6500
2014-06-30,4.044708251953125,4.19534937389548,3.8413430426134685,4.19534937389548,15400
2014-07-01,4.052239894866943,4.195348778792265,4.052239894866943,4.195348778792265,8400
2014-07-02,3.9919841289520264,3.9919841289520264,3.9919841289520264,3.9919841289520264,1400
2014-07-03,3.9919841289520264,3.9919841289520264,3.9919841289520264,3.9919841289520264,0
2014-07-07,3.9919841289520264,4.135092672744836,3.848875226003311,4.007048205096317,6600
2014-07-08,4.0296430587768555,4.165220066862637,3.8112138337006614,3.966373812280544,29800
2014-07-09,4.067303657531738,4.150156238544827,4.044707368471504,4.044707368471504,33100
2014-07-10,4.127559661865234,4.187815949619269,4.029643014687026,4.1426237338037435,21500
2014-07-11,4.123040676116943,4.195348441681059,4.074835499074199,4.150156222886922,26500
2014-07-14,4.353521823883057,4.3610536815266,4.142624422525886,4.1878166458547375,17800
2014-07-15,4.519225597381592,4.519225597381592,4.293264173850199,4.3685848877978515,27600
2014-07-16,4.556887626647949,4.647272085567599,4.303057417072523,4.511695038032211,45400
2014-07-17,4.556887626647949,4.609611714773122,4.481566885058994,4.519227255853472,9300
2014-07-18,4.677399158477783,4.820508031633103,4.556886574412601,4.556886574412601,26400
2014-07-21,4.556887626647949,4.669868020719555,4.489099102880255,4.669868020719555,18500
2014-07-22,4.653297424316406,4.6623359416122,4.594547421049645,4.6623359416122,13700
2014-07-23,5.106725692749023,5.295026781787389,4.639738718975451,4.74518758742913,45400
2014-07-24,5.42307186126709,5.445668152649544,5.121790370540149,5.272431115903619,83500
2014-07-25,5.325154781341553,5.385411070717307,5.151917769808354,5.3628147826234915,22000
2014-07-28,5.87499475479126,6.025635498593759,5.355283649938845,5.355283649938845,88600
2014-07-29,5.764272212982178,5.867461261660062,5.649032051083946,5.649032051083946,12800
2014-07-30,5.844866752624512,6.6748982415149385,5.724353795404092,5.920187126414854,59600
2014-07-31,5.664098262786865,5.799674953954504,5.649034185990461,5.799674953954504,13100
2014-08-01,5.70928955078125,5.724353625091127,4.895828819736177,5.724353625091127,11300
2014-08-04,5.844866752624512,5.844866752624512,5.573713047823407,5.724353795404092,28100
2014-08-05,5.7996745109558105,5.844867097048983,5.649033754498215,5.844867097048983,4100
2014-08-06,5.867771148681641,5.9373979102190795,5.355900018771305,5.9373979102190795,21400
2014-08-07,5.432412624359131,5.937397714738282,5.011592141358515,5.899141141355625,14500
2014-08-08,5.372732162475586,5.508925014055365,5.220471682562102,5.220471682562102,13500
2014-08-11,5.417109489440918,5.447714598941807,5.26255343107225,5.394155839736094,17800
2014-08-12,5.363551616668701,5.386505270167073,5.355900155608081,5.363551616668701,10500
2014-08-13,5.1263604164123535,5.408692779456553,5.118709321708606,5.386504203489848,19300
2014-08-14,5.003940582275391,5.118709935323154,4.529560978842465,5.080453362693328,9000
2014-08-15,4.896057605743408,5.049848239315799,4.8050073425219315,5.049848239315799,5200
2014-08-18,4.935078144073486,5.065150033347644,4.89682194212569,4.927427049620591,5900
2014-08-19,4.973335266113281,5.111058265216483,4.935078695052653,4.935078695052653,15000
2014-08-20,5.111058712005615,5.210525513584895,4.805007576133574,4.973335700863197,19200
2014-08-21,4.980986595153809,5.111058130684494,4.904473455046511,5.019242800365766,4600
2014-08-22,5.011591911315918,5.103407245409711,5.003940451053915,5.003940451053915,10400
2014-08-25,5.000114917755127,5.118710002592782,4.973335535467346,5.011592108599936,12200
2014-08-26,4.5295610427856445,5.034545765514544,4.5295610427856445,5.003940652915321,38100
2014-08-27,4.77440071105957,4.863920806481303,4.629026646162689,4.850148764756134,30900
2014-08-28,4.863922119140625,4.942730485670602,4.743796886601427,4.743796886601427,4700
2014-08-29,4.881519794464111,4.963388445581411,4.694063404253231,4.820309574382329,36900
2014-09-02,5.730812072753906,5.730812072753906,5.10340696002296,5.126360609841969,7900
2014-09-03,5.5012736320495605,5.5012736320495605,5.317642613238084,5.4171093998925635,7700
2014-09-04,5.470668792724609,5.738463692052032,5.325294335411622,5.485971347976414,3800
2014-09-05,5.3788533210754395,5.623694198725328,5.172268648137503,5.332945291674399,8300
2014-09-08,5.355899333953857,5.623694227683213,5.340596779021943,5.623694227683213,15800
2014-09-09,5.355899333953857,5.463017218477262,5.355899333953857,5.432412108613432,8200
2014-09-10,5.355899333953857,5.4706686783640635,5.355899333953857,5.4706686783640635,8000
2014-09-11,5.355899333953857,5.355899333953857,5.340596779021943,5.355899333953857,4000
2014-09-12,5.355899333953857,5.355899333953857,5.355899333953857,5.355899333953857,0
2014-09-15,5.348248481750488,5.348248481750488,5.348248481750488,5.348248481750488,100
2014-09-16,5.019242763519287,5.218176342591175,4.889170864101774,5.20287378765039,28800
2014-09-17,5.317643642425537,5.348248757343879,5.317643642425537,5.339832587888472,3900
2014-09-18,5.16461706161499,5.302340051915053,4.997054035356996,4.997054035356996,2300
2014-09-19,5.332945823669434,5.332945823669434,5.317643267289789,5.317643267289789,1100
2014-09-22,5.271735668182373,5.31764333793116,5.01924330214318,5.316878264828272,7100
2014-09-23,5.16461706161499,5.16461706161499,5.16461706161499,5.16461706161499,700
2014-09-24,5.16461706161499,5.26408384814143,5.019242611655197,5.241129834003914,11600
2014-09-25,5.0268940925598145,5.248781315846282,4.79735540958128,4.991698180627995,16900
2014-09-26,4.713191032409668,5.202108054591851,4.713191032409668,5.202108054591851,15400
2014-09-29,4.820308685302734,4.984045957336888,4.713190455075297,4.78205212238699,7400
2014-09-30,5.011591911315918,5.1187098010920105,4.820309782866329,5.117944728034151,4700
2014-10-01,4.805006980895996,5.011591654439068,4.805006980895996,5.011591654439068,9000
2014-10-02,4.9343132972717285,4.9343132972717285,4.8050068398737205,4.8050068398737205,4800
2014-10-03,5.088104248046875,5.126360451510882,4.858565567896136,4.935078339665823,15100
2014-10-06,4.91977596282959,5.125595563463621,4.904473407923499,5.011591657107829,4900
2014-10-07,4.873868465423584,4.973335258148563,4.873868465423584,4.931253321922625,12600
2014-10-08,4.973335266113281,5.01159183717391,4.965683805964475,4.9725701930667405,3200
2014-10-09,5.088104248046875,5.088104248046875,4.858565567896136,5.088104248046875,4600
2014-10-10,5.011591911315918,5.011591911315918,4.812658322604326,4.860096500608647,9900
2014-10-13,4.950380802154541,4.973334815680323,4.810362596593111,4.8279603695948206,6600
2014-10-14,5.007765769958496,5.011591499775338,4.935078362805223,4.935078362805223,5000
2014-10-15,5.065151214599609,5.2005790110266235,4.896823084121585,4.927428198753953,9400
2014-10-16,4.988637447357178,5.182980215426573,4.8975871944981915,4.8975871944981915,6200
2014-10-17,5.149314880371094,5.163087289851859,4.896822530765595,4.896822530765595,6400
2014-10-20,5.1952223777771,5.202873837742002,4.9274274813142815,5.149314712512762,14300
2014-10-21,5.355899333953857,5.355899333953857,5.046787578392501,5.046787578392501,19400
2014-10-22,5.424760818481445,5.424760818481445,5.164617029152573,5.355899141343409,6900
2014-10-23,5.363551616668701,5.500509559046454,5.348248694547461,5.394156731227694,10600
2014-10-24,5.508925437927246,5.508925437927246,5.202874308474851,5.3627858959191235,15500
2014-10-27,5.585438251495361,5.585438251495361,5.493622553302374,5.508925108860921,8100
2014-10-28,5.432412624359131,5.5854385530480375,5.302340712668164,5.304636296788819,24000
2014-10-29,5.700207710266113,5.700207710266113,5.547182141942329,5.58467327848705,13100
2014-10-30,5.784371376037598,5.891489263137823,5.665776663672773,5.666541736711521,31100
2014-10-31,5.730812072753906,5.784371197067735,5.6313456488020615,5.753766087414601,15500
2014-11-03,5.631346225738525,5.929746257848781,5.6236947651205,5.6236947651205,23400
2014-11-04,5.707858085632324,5.937396759308064,5.6925555317100525,5.799673409165955,6200
2014-11-05,5.925596714019775,6.034466213601675,5.793398300817751,5.793398300817751,17300
2014-11-06,6.034466743469238,6.034466743469238,5.9722554364714036,6.018913638614958,11400
2014-11-07,6.104454040527344,6.104454040527344,5.980032164491114,6.034466920660184,6400
2014-11-10,5.917820930480957,6.104453735200477,5.917820930480957,6.104453735200477,4100
2014-11-11,6.042242527008057,6.065571811946042,5.941149576954128,5.941149576954128,4200
2014-11-12,5.785622596740723,5.995584690659254,5.785622596740723,5.995584690659254,9200
2014-11-13,5.572218894958496,5.8488537926979784,5.572218894958496,5.8488537926979784,2200
2014-11-14,5.572218894958496,5.663903390714217,5.572218894958496,5.663903390714217,1100
2014-11-17,5.809333801269531,5.809333801269531,5.809333801269531,5.809333801269531,300
2014-11-18,5.848852634429932,5.848852634429932,5.606994493338323,5.606994493338323,3800
2014-11-19,5.793525695800781,5.793525695800781,5.361975206724047,5.548506234288702,18500
2014-11-20,5.36671781539917,5.564314201465075,5.335102423779441,5.5406028461928765,16100
2014-11-21,5.5089874267578125,5.516891463606172,5.335893090139118,5.516891463606172,6700
2014-11-24,5.45366096496582,5.540603490472639,5.45366096496582,5.540603490472639,600
2014-11-25,5.137506008148193,5.374621820816803,5.09798658040836,5.374621820816803,13300
2014-11-26,5.137506008148193,5.137506008148193,5.0347557975327835,5.137506008148193,19000
2014-11-28,5.129602432250977,5.129602432250977,5.129602432250977,5.129602432250977,500
2014-12-01,5.199156761169434,5.2876799432419395,4.789736902752128,5.1375066273695245,41500
2014-12-02,5.050563335418701,5.366717616801782,4.600043833066605,4.781832516595488,83200
2014-12-03,4.892486572265625,5.216544525343485,4.821351752561627,5.018948138952556,39800
2014-12-04,4.789736270904541,5.1533136451840935,4.710697793210114,4.939909566966547,21500
2014-12-05,4.742313385009766,4.9161980432973,4.489389868797238,4.9082943836359245,51000
2014-12-08,4.742313385009766,4.900390347089342,4.734409348463184,4.742313385009766,6900
2014-12-09,4.7960591316223145,4.891696007150992,4.7502170797376095,4.891696007150992,3200
2014-12-10,4.916198253631592,4.9478140242853605,4.750217624789336,4.884582859863046,19700
2014-12-11,4.552620887756348,5.128811641443998,4.552620887756348,4.900390193426308,10900
2014-12-12,4.639563083648682,4.647467120046084,4.5763323000102645,4.630078390725879,3400
2014-12-15,4.505197048187256,4.742312840990865,4.505197048187256,4.62375494458906,18400
2014-12-16,4.497293949127197,4.734409394554998,4.497293949127197,4.5526210748362885,17000
2014-12-17,4.62375545501709,4.62375545501709,4.552621010831427,4.552621010831427,1500
2014-12-18,4.671178817749023,4.69489055179351,4.497294150001957,4.592140332409447,8000
2014-12-19,4.560525417327881,4.805544936060925,4.544717718599467,4.600044852591548,9900
2014-12-22,4.561315536499023,4.860871847079545,4.339217059200234,4.860871847079545,16000
2014-12-23,4.40244722366333,4.647466675254929,4.370831834869909,4.568428203271375,7000
2014-12-24,4.40244722366333,4.40244722366333,4.40244722366333,4.40244722366333,0
2014-12-26,4.4688401222229,4.666436526361213,4.426159377321153,4.666436526361213,6600
2014-12-29,4.734409332275391,4.734409332275391,4.465678497658949,4.544716978428491,900
2014-12-30,4.552620887756348,4.742313236303598,4.521005119446611,4.742313236303598,3500
2014-12-31,4.639563083648682,4.663274815955688,4.481486124552638,4.495713163936841,11500
2015-01-02,5.003140926361084,5.327198910739123,4.204851644216706,4.505197894108073,91900
2015-01-05,4.924102783203125,5.365928388743933,4.789737157800085,4.979429916276512,25800
2015-01-06,4.718602180480957,5.232352930079414,4.607948294638062,5.113795006805116,19900
2015-01-07,4.631659984588623,4.66327538023344,4.623755947234796,4.623755947234796,1200
2015-01-08,4.5842366218566895,4.78183302147318,4.544717191179302,4.544717191179302,12700
2015-01-09,4.600044250488281,4.600044250488281,4.5447171237380095,4.5447171237380095,1100
2015-01-12,4.5842366218566895,4.5842366218566895,4.544717191179302,4.544717191179302,800
2015-01-13,4.513102054595947,4.647467674294377,4.513102054595947,4.57633284577515,5500
2015-01-14,4.340007305145264,4.513101636495399,4.189043673280579,4.513101636495399,19400
2015-01-15,4.19694709777832,4.554201467083615,4.19694709777832,4.347120392942559,6300
2015-01-16,4.489389896392822,4.489389896392822,4.323408896746405,4.323408896746405,5700
2015-01-20,4.4735822677612305,4.552621127367715,4.236466819597421,4.426159178128469,48500
2015-01-21,4.734409332275391,4.734409332275391,4.307601159234662,4.536812941908934,6700
2015-01-22,4.275986194610596,4.544717432990716,4.268082534185721,4.3945441160656635,46900
2015-01-23,4.631659984588623,4.718602134169248,4.275986218256565,4.418255875543486,76200
2015-01-26,4.489389896392822,4.900390377211283,4.489389896392822,4.734409377564866,70800
2015-01-27,4.40244722366333,4.710697452841773,4.40244722366333,4.584235897668086,59900
2015-01-28,4.307601451873779,4.702003931125712,4.236467002791239,4.702003931125712,19200
2015-01-29,4.323409080505371,4.331313117436485,4.141620376827216,4.307601383528367,28400
2015-01-30,4.639563083648682,4.74231329550371,4.196947221294559,4.291793396752186,89100
2015-02-02,4.742313385009766,4.766025117764306,4.702793956047269,4.742313385009766,47500
2015-02-03,4.761282920837402,4.797640660946773,4.6711787104238205,4.797640660946773,21300
2015-02-04,4.821352481842041,4.9794298409967706,4.805544783615093,4.805544783615093,10100
2015-02-05,4.947813987731934,5.050563828278003,4.821352036706801,4.868775127009268,7100
2015-02-06,4.95571756362915,4.995236993320273,4.939909867129744,4.995236993320273,3700
2015-02-09,4.947813987731934,5.113004287042368,4.939909950905579,5.003140737975536,15300
2015-02-10,4.95571756362915,5.0584677793179,4.953346578752585,5.026852386319087,2000
2015-02-11,4.963621139526367,5.09008269978163,4.916197677545465,4.971524798599732,61700
2015-02-12,4.947813987731934,4.963621684499422,4.773928946404334,4.939909950905579,45000
2015-02-13,4.9715256690979,5.129602647095749,4.93991027349833,4.947814310840845,42300
2015-02-17,4.939910411834717,5.120908801686309,4.710698598876406,5.120908801686309,9700
2015-02-18,4.821352481842041,4.932006369430673,4.821352481842041,4.876679614078984,2200
2015-02-19,4.758121013641357,4.773928709624809,4.706745907473839,4.758121013641357,11100
2015-02-20,4.837159633636475,4.837159633636475,4.671178632561038,4.742313454989143,2700
2015-02-23,4.702794551849365,5.25606474299269,4.6632754947653625,5.121699119759522,43200
2015-02-24,4.710698127746582,5.1177465994438585,4.702794090973229,4.979429347877127,5400
2015-02-25,4.85508394241333,5.0091495597401705,4.767161505938175,4.968818089230035,3200
2015-02-26,4.823625564575195,4.896222058798264,4.75909551843443,4.847824524192689,1900
2015-02-27,4.839757919311523,5.0817459691288605,4.7994264494655,4.875249597390848,5400
2015-03-02,4.88008975982666,4.936553360344526,4.847824735350899,4.888155823630885,6200
2015-03-03,4.88008975982666,4.88008975982666,4.88008975982666,4.88008975982666,0
2015-03-04,4.823625564575195,5.009149639544604,4.8074930530400035,5.009149639544604,4100
2015-03-05,4.872023105621338,5.049481117372448,4.823625570951784,5.049481117372448,2300
2015-03-06,4.783294200897217,4.783294200897217,4.759095625365425,4.759095625365425,2300
2015-03-09,4.764741897583008,4.768775121640532,4.75909553775424,4.768775121640532,6000
2015-03-10,4.759096145629883,4.759096145629883,4.68649964183941,4.759096145629883,5900
2015-03-11,4.678433418273926,4.752643055518831,4.678433418273926,4.718764508741273,6400
2015-03-12,4.7510294914245605,4.7510294914245605,4.7510294914245605,4.7510294914245605,1600
2015-03-13,4.678433418273926,4.822819468328166,4.678433418273926,4.822819468328166,1800
2015-03-16,4.759096145629883,4.759096145629883,4.678433577323505,4.678433577323505,1100
2015-03-17,4.759096145629883,4.815559751129615,4.742157063979963,4.742157063979963,6400
2015-03-18,4.839757919311523,5.0494809471038025,4.783293938452971,4.8074928972864654,6700
2015-03-19,4.710699081420898,4.984951841419996,4.694566566126834,4.984951841419996,11200
2015-03-20,4.9204206466674805,4.9204206466674805,4.912354583193476,4.912354583193476,300
2015-03-23,4.807492733001709,5.065613285010912,4.799426285456395,4.896221732853214,11700
2015-03-24,4.815559387207031,5.001083472605964,4.815559387207031,4.855890860627013,4900
2015-03-25,4.807492733001709,4.839757753924186,4.799426285456395,4.800233237914438,12900
2015-03-26,4.646168231964111,4.872023407761861,4.646168231964111,4.839758382647897,40400
2015-03-27,4.4364447593688965,4.903481395505423,4.4364447593688965,4.903481395505423,11300
2015-03-30,4.726830959320068,4.7671620498019855,4.652621322048353,4.726830959320068,5600
2015-03-31,4.7671613693237305,4.7671613693237305,4.6558469293055005,4.686498815244447,5500
2015-04-01,4.686498641967773,4.686498641967773,4.686498641967773,4.686498641967773,1000
2015-04-02,4.734896659851074,4.863957139515937,4.67843306058778,4.719570715871202,24600
2015-04-06,4.799426555633545,4.9204205832187204,4.670366464678376,4.670366464678376,8700
2015-04-07,4.799426555633545,5.001083140065701,4.799426555633545,4.847824474371143,8800
2015-04-08,4.815559387207031,4.8486313646483685,4.8074933233006965,4.8486313646483685,16400
2015-04-09,4.799426555633545,4.807493003632948,4.799426555633545,4.807493003632948,3900
2015-04-10,4.759096145629883,4.799427237468339,4.759096145629883,4.799427237468339,1800
2015-04-13,4.759096145629883,4.759902713618527,4.751029696484513,4.759096145629883,3000
2015-04-14,4.710699081420898,4.920421780243737,4.677627098132987,4.678434050832769,8600
2015-04-15,4.638102054595947,4.739736928111241,4.638102054595947,4.739736928111241,12600
2015-04-16,4.605837345123291,4.694566367807083,4.565505866277162,4.694566367807083,1500
2015-04-17,4.807492733001709,4.807492733001709,4.6300347332986975,4.6300347332986975,5300
2015-04-20,4.815559387207031,4.815559387207031,4.52840043495989,4.52840043495989,2300
2015-04-21,4.694565773010254,4.699405565243771,4.694565773010254,4.699405565243771,2000
2015-04-22,4.759096145629883,4.839758713936261,4.6461685500009535,4.6461685500009535,4100
2015-04-23,4.694565773010254,4.8236258735589,4.6623007478730925,4.6623007478730925,3200
2015-04-24,4.742963790893555,4.831692426688915,4.525174656854028,4.525174656854028,2900
2015-04-27,4.658267021179199,4.839757864159293,4.541306221513859,4.8316914164302505,7400
2015-04-28,4.484842777252197,4.831691993833317,4.468710264495621,4.605836815241244,17700
2015-04-29,4.597769737243652,4.597769737243652,4.509041121541639,4.549372205598175,4500
2015-04-30,4.53324031829834,4.721991063832387,4.476776715930462,4.484842779998968,1400
2015-05-01,4.710699081420898,4.710699081420898,4.468710967380426,4.6381025702828556,1600
2015-05-04,4.573571681976318,4.737316894143985,4.573571681976318,4.737316894143985,3300
2015-05-05,4.626809120178223,4.626809120178223,4.573571789619836,4.573571789619836,1300
2015-05-06,4.839757919311523,4.839757919311523,4.630034891519244,4.630034891519244,23800
2015-05-07,4.646168231964111,4.847824831241107,4.638101783370901,4.847824831241107,7000
2015-05-08,4.6703667640686035,4.721184389686001,4.4929091276294635,4.4929091276294635,6300
2015-05-11,4.678433418273926,4.6864994825156145,4.678433418273926,4.6864994825156145,3600
2015-05-12,4.718763828277588,4.721183916441725,4.694565254412597,4.694565254412597,6400
2015-05-13,4.815559387207031,4.815559387207031,4.734896824996503,4.75909578597438,6400
2015-05-14,4.8623433113098145,4.880089342494492,4.839757873034115,4.880089342494492,3400
2015-05-15,5.063999652862549,5.130143213533114,4.726830076281787,4.839757647015932,35600
2015-05-18,5.049481391906738,5.057547455808832,4.952685932675563,5.033348494843679,16700
2015-05-19,4.9204206466674805,5.065613635493717,4.839758088780358,5.001083204554604,17900
2015-05-20,5.002696514129639,5.033348015594441,4.839757884823609,4.880089354382231,2100
2015-05-21,4.9865641593933105,5.025282109834104,4.9865641593933105,5.025282109834104,200
2015-05-22,4.952685356140137,5.0252818459553,4.7752277400278835,5.0252818459553,4000
2015-05-26,4.984950542449951,5.033348075720797,4.839757942637414,4.863956901587539,7800
2015-05-27,4.8478240966796875,4.8478240966796875,4.8478240966796875,4.8478240966796875,200
2015-05-28,4.85589075088501,4.9204207991950675,4.839758238807495,4.899448495031356,3500
2015-05-29,4.984950542449951,4.984950542449951,4.872022964817978,4.88815547590826,20000
2015-06-01,4.863957405090332,5.065614006908465,4.847824892330059,5.065614006908465,8600
2015-06-02,4.9204206466674805,5.0575471873902975,4.872023111935207,5.0575471873902975,10800
2015-06-03,4.968818187713623,5.065613641930584,4.952685676115699,5.0648066894156845,9700
2015-06-04,5.100442886352539,5.141575648448564,5.0593105165276056,5.0593105165276056,18300
2015-06-05,5.0412116050720215,5.141575334476612,4.985271397235995,4.985271397235995,11700
2015-06-08,4.985270977020264,5.140752308726819,4.96059163716683,4.968817953027631,4600
2015-06-09,5.100442886352539,5.100442886352539,4.985271701663197,4.985271701663197,14000
2015-06-10,4.977044582366943,5.125121795956404,4.861873023970779,4.861873023970779,18500
2015-06-11,4.960592269897461,5.0996202030735605,4.911232799352656,5.0996202030735605,16800
2015-06-12,4.968818187713623,5.018177262022839,4.90300608863467,4.90300608863467,15800
2015-06-15,4.944139003753662,4.993498079630854,4.919459269679534,4.919459269679534,7900
2015-06-16,4.894779682159424,5.056019570215219,4.886553365402454,4.985271520112546,14900
2015-06-17,4.903006076812744,4.977044884233574,4.903006076812744,4.977044884233574,1900
2015-06-18,4.861873149871826,4.977044711250425,4.820740785611788,4.935911954719348,11200
2015-06-19,4.919459342956543,5.001724470643896,4.82074118973172,4.935912368494014,12300
2015-06-22,4.952365398406982,5.075763286182571,4.952365398406982,5.0181775006150104,26000
2015-06-23,5.0922160148620605,5.133348380208555,5.042856941083638,5.058487373287463,8700
2015-06-24,5.0428571701049805,5.396597411050981,5.0428571701049805,5.1333486133395665,27600
2015-06-25,5.08398962020874,5.223840534014584,5.034630543383926,5.051083568992198,22800
2015-06-26,5.08398962020874,5.108669354756684,5.056019515901786,5.092216329148413,2300
2015-06-29,5.018177032470703,5.067536104522031,5.018177032470703,5.067536104522031,1400
2015-06-30,4.977044582366943,5.125121795956404,4.977044582366943,5.125121795956404,5300
2015-07-01,5.232067108154297,5.264973158523042,5.083989489223881,5.125122248320344,31900
2015-07-02,5.0428571701049805,5.12841305878152,5.0428571701049805,5.12841305878152,2500
2015-07-06,4.894779682159424,4.9934982291405925,4.746702450094286,4.977045203355577,23100
2015-07-07,4.960592269897461,4.960592269897461,4.804288325895137,4.924395455588299,4800
2015-07-08,4.960592269897461,4.960592269897461,4.960592269897461,4.960592269897461,0
2015-07-09,4.935911655426025,4.935911655426025,4.935911655426025,4.935911655426025,1700
2015-07-10,4.845420837402344,4.944139389122364,4.837194520250481,4.935912679699406,19000
2015-07-13,4.960592269897461,4.9770452959887015,4.925218048052198,4.9260406405160975,15300
2015-07-14,4.935911655426025,4.968817701747184,4.935911655426025,4.9605913863024025,2000
2015-07-15,4.935911655426025,4.944138363141823,4.935911655426025,4.935911655426025,2200
2015-07-16,5.256746768951416,5.256746768951416,4.944139271468806,5.051083745524682,5500
2015-07-17,5.330785274505615,5.429503425894167,4.993498061125865,5.32255856575437,19200
2015-07-20,5.404824733734131,5.404824733734131,5.08069974467777,5.355465652107883,5100
2015-07-21,5.141575336456299,5.404824134900445,5.141575336456299,5.404824134900445,2000
2015-07-22,5.347238063812256,5.437729894728049,5.347238063812256,5.437729894728049,1100
2015-07-23,5.189289093017578,5.3472382110745205,5.189289093017578,5.3472382110745205,2800
2015-07-24,5.141575336456299,5.264973222985463,5.141575336456299,5.264973222985463,4700
2015-07-27,5.141575336456299,5.141575336456299,5.141575336456299,5.141575336456299,0
2015-07-28,5.240293025970459,5.264972758005109,5.158027906306683,5.174480930239438,8300
2015-07-29,5.166254997253418,5.264973148165448,5.108669213085869,5.125122238237874,6100
2015-07-30,5.213146209716797,5.213146209716797,5.213146209716797,5.213146209716797,600
2015-07-31,5.182708740234375,5.182708740234375,5.1580290029525795,5.1580290029525795,2700
2015-08-03,5.182708740234375,5.2238411126758795,5.1580290029525795,5.1580290029525795,6600
2015-08-04,5.2197265625,5.2197265625,5.141574798167111,5.141574798167111,3400
2015-08-05,5.232067108154297,5.240293424610952,5.141575273504716,5.141575273504716,8300
2015-08-06,5.195870399475098,5.208210070541734,5.116895641652271,5.116895641652271,5000
2015-08-07,5.256746768951416,5.256746768951416,5.001724666974797,5.001724666974797,2300
2015-08-10,5.421277046203613,5.610487030294407,5.166254961954467,5.264973112191996,2600
2015-08-11,5.347238063812256,5.348883248581492,5.330785039306752,5.330785039306752,1700
2015-08-12,5.232067108154297,5.232067108154297,4.952365287748901,5.158028298689089,27500
2015-08-13,5.3390116691589355,5.349706155329502,5.248520225196664,5.347238378030634,6700
2015-08-14,5.264973163604736,5.413050390407013,5.264973163604736,5.289652505269585,2600
2015-08-17,5.330785274505615,5.330785274505615,5.059310162051566,5.273199490060095,4300
2015-08-18,5.306106090545654,5.314332800149667,5.248520692401985,5.314332800149667,800
2015-08-19,5.306106090545654,5.306106090545654,5.306106090545654,5.306106090545654,0
2015-08-20,5.240293025970459,5.256746049903215,5.182707638341332,5.182707638341332,1100
2015-08-21,4.977044582366943,5.075762724759917,4.894779071435104,5.075762724759917,6800
2015-08-24,4.935911655426025,4.968817701747184,4.623303823104001,4.968817701747184,5200
2015-08-25,4.944139003753662,5.059310180800442,4.935912294971931,5.059310180800442,11000
2015-08-26,4.837193489074707,5.037097935092961,4.726135289166338,5.037097935092961,12800
2015-08-27,4.787834644317627,5.034630001898311,4.713795840907907,5.034630001898311,14200
2015-08-28,4.960592269897461,5.040389230690879,4.853647404168858,4.853647404168858,2200
2015-08-31,4.985270977020264,5.034630048998163,4.925217419833601,5.034630048998163,11400
2015-09-01,5.059309959411621,5.104555678918053,4.985271152700143,5.05108325098988,7100
2015-09-02,5.301787853240967,5.327797689859519,5.076090948652064,5.118041872147904,14900
2015-09-03,5.134821891784668,5.193553659856048,5.076090523790728,5.149085452627447,1600
2015-09-04,5.232149124145508,5.232149124145508,5.232149124145508,5.232149124145508,300
2015-09-08,5.092871189117432,5.092871189117432,4.95946616166168,5.033300456115265,1900
2015-09-09,5.067699909210205,5.369748362099086,5.067699909210205,5.168382593480691,1600
2015-09-10,5.118041515350342,5.118041515350342,5.0593101465350525,5.118041515350342,5400
2015-09-11,5.050920009613037,5.076090883449196,5.050920009613037,5.050920009613037,3600
2015-09-14,5.084481239318848,5.092871664503451,5.084481239318848,5.092871664503451,500
2015-09-15,5.025748252868652,5.134821353534599,5.025748252868652,5.134821353534599,6100
2015-09-16,4.9921875,5.020714619493152,4.967017029959158,5.020714619493152,3700
2015-09-17,4.9921875,4.9921875,4.9921875,4.9921875,0
2015-09-18,4.967017650604248,4.967017650604248,4.967017650604248,4.967017650604248,500
2015-09-21,4.950237274169922,5.101261315726407,4.950237274169922,5.101261315726407,1300
2015-09-22,5.092871189117432,5.092871189117432,4.950237174913075,4.950237174913075,2100
2015-09-23,5.059309482574463,5.059309482574463,5.059309482574463,5.059309482574463,400
2015-09-24,5.034139633178711,5.034139633178711,4.93345693653373,4.95023738597456,6800
2015-09-25,4.787466049194336,5.0333000218943,4.782431875003276,5.0333000218943,6500
2015-09-28,4.866334438323975,4.866334438323975,4.5139446507110605,4.866334438323975,7300
2015-09-29,4.950237274169922,4.962822510946929,4.874725053352947,4.883115477922595,3400
2015-09-30,5.017358779907227,5.017358779907227,5.017358779907227,5.017358779907227,100
2015-10-01,4.983797550201416,5.000577997168663,4.975407126679086,5.000577997168663,1100
2015-10-02,4.983797550201416,4.983797550201416,4.983797550201416,4.983797550201416,0
2015-10-05,4.933455944061279,4.992187305250352,4.891504628859891,4.992187305250352,2500
2015-10-06,4.983797550201416,4.983797550201416,4.866334421430684,4.866334421430684,1000
2015-10-07,5.017358779907227,5.017358779907227,4.975407459642938,4.975407459642938,6200
2015-10-08,5.003094673156738,5.003094673156738,5.003094673156738,5.003094673156738,100
2015-10-09,4.891505241394043,5.008968378558792,4.891505241394043,5.005612528971978,2900
2015-10-12,4.908285617828369,4.908285617828369,4.8663346980641995,4.8663346980641995,1100
2015-10-13,4.908285617828369,4.908285617828369,4.908285617828369,4.908285617828369,1100
2015-10-14,4.883115768432617,4.883115768432617,4.883115768432617,4.883115768432617,100
2015-10-15,4.9921875,5.034138816837945,4.832773456201584,5.000577923398552,4300
2015-10-16,4.908285617828369,4.9921878574341445,4.908285617828369,4.916676041827665,1400
2015-10-19,5.003934383392334,5.003934383392334,4.9955439596406235,5.000578133876164,2200
2015-10-20,4.983797550201416,5.00896802061358,4.916675762332426,5.00896802061358,2400
2015-10-21,4.950237274169922,4.950237274169922,4.950237274169922,4.950237274169922,600
2015-10-22,4.813476085662842,4.996383088733172,4.790822500885651,4.916676060819163,18500
2015-10-23,4.950237274169922,4.950237274169922,4.950237274169922,4.950237274169922,500
2015-10-26,4.883115768432617,4.883115768432617,4.86633531837247,4.86633531837247,25400
2015-10-27,4.9418463706970215,4.950236794453572,4.9418463706970215,4.950236794453572,3300
2015-10-28,4.866334438323975,4.975407143951017,4.801729537240963,4.801729537240963,5200
2015-10-29,4.883115768432617,4.956110706190382,4.883115768432617,4.950237568673205,1100
2015-10-30,4.950237274169922,4.988832347019881,4.908285951476611,4.908285951476611,1100
2015-11-02,4.9418463706970215,4.950236794453572,4.799212367455062,4.799212367455062,7600
2015-11-03,4.757261753082275,4.9502371109700425,4.757261753082275,4.9502371109700425,4800
2015-11-04,4.916676044464111,4.916676044464111,4.799212508875603,4.799212508875603,4800
2015-11-05,4.9921875,5.042529240236498,4.908285266401515,4.908285266401515,27400
2015-11-06,4.975407600402832,5.067700267548865,4.975407600402832,5.017358921853971,15900
2015-11-09,5.034139633178711,5.034139633178711,5.01652022127746,5.01652022127746,1600
2015-11-10,5.034139633178711,5.034139633178711,4.987993497235796,4.987993497235796,2100
2015-11-11,5.033300399780273,5.034139362195534,5.01735891365798,5.033300399780273,8200
2015-11-12,4.758939266204834,4.841163576806885,4.3629202355690175,4.379700682625921,41800
2015-11-13,4.706920146942139,4.807602832419181,4.706920146942139,4.740481042101153,8900
2015-11-16,4.808441638946533,4.92506580585597,4.807602676606363,4.820187911863752,1200
2015-11-17,4.774042129516602,4.774042129516602,4.7069203364954975,4.73209080883969,1300
2015-11-18,4.698530673980713,4.9166769367391705,4.673360197556281,4.9166769367391705,18800
2015-11-19,4.723701000213623,4.862139804653639,4.539115660908626,4.623018306089514,6000
2015-11-20,4.857944011688232,4.874724458703079,4.82438311765854,4.82438311765854,5100
2015-11-23,4.841165065765381,4.844521316239983,4.74887237852798,4.74887237852798,4400
2015-11-24,4.866334438323975,5.000578014527974,4.7404808855940175,4.865495075906897,16000
2015-11-25,4.845359802246094,4.866335465474713,4.740481886180496,4.824384139017474,6200
2015-11-27,4.866334438323975,4.866334438323975,4.74131984793368,4.74131984793368,800
2015-11-30,4.853748798370361,4.853748798370361,4.743836730431005,4.743836730431005,1600
2015-12-01,5.034139633178711,5.109651855701182,4.86633513877041,4.86633513877041,29100
2015-12-02,4.950237274169922,5.03413951947908,4.748871485350477,5.03413951947908,20200
2015-12-03,4.9253997802734375,5.121525152353329,4.9253997802734375,5.121525152353329,1200
2015-12-04,4.924543380737305,5.048727501829252,4.838899229705535,4.838899229705535,8900
2015-12-07,5.00162410736084,5.00162410736084,5.00162410736084,5.00162410736084,200
2015-12-08,4.95880126953125,4.95880126953125,4.856028283559841,4.868018424418151,3100
2015-12-09,4.864593029022217,4.864593029022217,4.856028816775979,4.856028816775979,800
2015-12-10,4.95880126953125,5.0273165935121895,4.864592494865686,4.8902859455503105,14000
2015-12-11,4.778947830200195,4.847463146873769,4.727561342695016,4.838898936481322,10700
2015-12-14,4.838899612426758,4.838899612426758,4.787513117743403,4.838899612426758,2900
2015-12-15,4.761819839477539,4.838899788499045,4.641918014186864,4.821770956314663,7700
2015-12-16,4.881721496582031,4.92454377975945,4.861167143699059,4.92454377975945,4700
2015-12-17,4.770384788513184,4.898850834557518,4.6933048341797035,4.898850834557518,5800
2015-12-18,4.693304061889648,4.795220664897329,4.599095289693541,4.599095289693541,900
2015-12-21,4.694161415100098,4.710433868749288,4.681314891623649,4.710433868749288,2100
2015-12-22,4.710433006286621,4.710433006286621,4.693304175326375,4.693304175326375,5000
2015-12-23,4.710433006286621,4.710433006286621,4.581966569893004,4.667610724694234,5700
2015-12-24,4.7532548904418945,4.7532548904418945,4.7532548904418945,4.7532548904418945,300
2015-12-28,4.667611598968506,4.710433888581788,4.513452091451205,4.624789717738843,31400
2015-12-29,4.650482177734375,4.760963409624245,4.487758069482865,4.602521611470199,8000
2015-12-30,4.710433006286621,4.710433006286621,4.624788851485391,4.676175344366129,3300
2015-12-31,4.898849964141846,4.98449452413242,4.7104328306063445,4.7104328306063445,9900
2016-01-04,4.47062873840332,4.616223998395192,4.0252787475724014,4.367855757838536,21900
2016-01-05,4.427807331085205,4.496322658637356,4.2907766759809025,4.2907766759809025,900
2016-01-06,4.4449357986450195,4.778948197276283,4.4449357986450195,4.778948197276283,1100
2016-01-07,4.504887104034424,4.504887104034424,4.349014454030883,4.349014454030883,1100
2016-01-08,4.3764214515686035,4.453501001724864,4.3164703273282905,4.453501001724864,10500
2016-01-11,4.427807331085205,4.427807331085205,4.307048719148508,4.307048719148508,800
2016-01-12,4.427807331085205,4.427807331085205,4.427807331085205,4.427807331085205,200
2016-01-13,4.307905673980713,4.342163339077755,4.06981437065761,4.342163339077755,7900
2016-01-14,4.5220160484313965,4.5220160484313965,4.367856155176964,4.367856155176964,800
2016-01-15,4.282212734222412,4.290777355714999,4.19656856121469,4.290777355714999,10900
2016-01-19,4.299340724945068,4.359291838475024,4.196567737508186,4.196567737508186,9300
2016-01-20,4.294201850891113,4.294201850891113,4.110923405313562,4.110923405313562,1000
2016-01-21,4.29077672958374,4.367856269851049,4.282212109340945,4.325034393787782,2200
2016-01-22,4.256518363952637,4.2907764341817245,4.110923505300842,4.2907764341817245,15300
2016-01-25,4.239388942718506,4.239388942718506,4.229111972302688,4.229111972302688,2200
2016-01-26,4.402113914489746,4.402113914489746,4.402113914489746,4.402113914489746,1600
2016-01-27,4.436371803283691,4.436371803283691,4.40211413749645,4.40211413749645,600
2016-01-28,4.436371803283691,4.436371803283691,4.436371803283691,4.436371803283691,0
2016-01-29,4.787513256072998,4.787513256072998,4.3455887356135685,4.359292046288538,1200
2016-02-01,4.787513256072998,4.787513256072998,4.787513256072998,4.787513256072998,0
2016-02-02,4.556273937225342,4.5819669817835855,4.213696878841314,4.213696878841314,6000
2016-02-03,4.462065696716309,4.479194531298605,4.462065696716309,4.462065696716309,4200
2016-02-04,4.56483793258667,4.56483793258667,4.376420784030752,4.384984995682423,2600
2016-02-05,4.299340724945068,4.545996221500426,4.273647273894073,4.282211893705588,15800
2016-02-08,4.367856502532959,4.367856502532959,4.290776958159514,4.290776958159514,3200
2016-02-09,4.110923767089844,4.530580355613823,4.110923767089844,4.530580355613823,7400
2016-02-10,4.110923767089844,4.153745642931957,4.110923767089844,4.119487978904839,4200
2016-02-11,4.60766077041626,4.60766077041626,4.119488396024481,4.119488396024481,10400
2016-02-12,4.581966876983643,4.616224541200137,4.581966876983643,4.616224541200137,400
2016-02-16,4.4449357986450195,4.4449357986450195,4.303622845055503,4.303622845055503,800
2016-02-17,4.325034141540527,4.453500170621426,4.20513191543582,4.290776479334482,24000
2016-02-18,4.325034141540527,4.325034141540527,4.325034141540527,4.325034141540527,0
2016-02-19,4.409822463989258,4.409822463989258,4.239390103723517,4.282212390986825,5700
2016-02-22,4.3764214515686035,4.427807954467318,4.3764214515686035,4.427807954467318,200
2016-02-23,4.4004011154174805,4.4004011154174805,4.4004011154174805,4.4004011154174805,300
2016-02-24,4.383272171020508,4.383272171020508,4.119487840187379,4.367856100212347,6500
2016-02-25,4.3335981369018555,4.384984627649681,4.128052173910555,4.384984627649681,8600
2016-02-26,4.3090362548828125,4.377461144292899,4.308158653398604,4.377461144292899,3600
2016-02-29,4.419568061828613,4.465184921029576,4.219555711355447,4.289735366032702,6600
2016-03-01,4.385356426239014,4.386233609378706,4.368688691673346,4.376583758234416,9600
2016-03-02,4.412551403045654,4.570455669835701,4.307281473548436,4.307281473548436,3400
2016-03-03,4.412551403045654,4.412551403045654,4.412551403045654,4.412551403045654,300
2016-03-04,4.588000297546387,4.921354146832118,4.482730793025786,4.921354146832118,2500
2016-03-07,4.588000297546387,4.588000297546387,4.588000297546387,4.588000297546387,0
2016-03-08,4.485362529754639,4.485362529754639,4.356407402245668,4.356407402245668,1600
2016-03-09,4.386233806610107,4.43009631199775,4.3818474724105725,4.43009631199775,2400
2016-03-10,4.430095672607422,4.430095672607422,4.3950058406833215,4.3950058406833215,500
2016-03-11,4.342370510101318,4.413427772615781,4.307280679505638,4.387987373536458,14900
2016-03-14,4.386233806610107,4.43009631199775,4.079197523808171,4.42132364359868,67200
2016-03-15,4.4002685546875,4.4002685546875,4.386232790465233,4.386232790465233,2900
2016-03-16,4.311667442321777,4.377460776665348,4.096742103942041,4.272191274394108,7600
2016-03-17,4.3739519119262695,4.400269077546074,4.149376729558746,4.400269077546074,5900
2016-03-18,4.465185642242432,4.509047724348412,3.966909260606033,4.210784143794808,24900
2016-03-21,4.403778553009033,4.403778553009033,4.245874292731201,4.245874292731201,2500
2016-03-22,4.403778553009033,4.403778553009033,4.337985215802562,4.337985215802562,1300
2016-03-23,4.256401538848877,4.256401538848877,4.256401538848877,4.256401538848877,1500
2016-03-24,4.386233806610107,4.395006475009177,4.221311238120734,4.342371301222466,5000
2016-03-28,4.395005702972412,4.473957613175901,4.375706003206229,4.395005702972412,12500
2016-03-29,4.516943454742432,4.516943454742432,4.395006215657156,4.421323382693666,9400
2016-03-30,4.447641372680664,4.447641372680664,4.412551534570289,4.412551534570289,1000
2016-03-31,4.482731342315674,4.649408287382239,4.473958673378754,4.478345007847214,4300
2016-04-01,4.482731342315674,4.482731342315674,4.482731342315674,4.482731342315674,0
2016-04-04,4.395005702972412,4.395005702972412,4.386233036114369,4.395005702972412,1400
2016-04-05,4.395005702972412,4.395005702972412,4.395005702972412,4.395005702972412,0
2016-04-06,4.59677267074585,4.6055453388437755,4.59677267074585,4.6055453388437755,5200
2016-04-07,4.59677267074585,4.59677267074585,4.59677267074585,4.59677267074585,0
2016-04-08,4.59677267074585,4.59677267074585,4.59677267074585,4.59677267074585,1400
2016-04-11,4.59677267074585,4.59677267074585,4.59677267074585,4.59677267074585,0
2016-04-12,4.59677267074585,4.59677267074585,4.59677267074585,4.59677267074585,0
2016-04-13,4.509047985076904,4.509047985076904,4.255523655049228,4.255523655049228,4600
2016-04-14,4.509047985076904,4.509047985076904,4.509047985076904,4.509047985076904,0
2016-04-15,4.583613872528076,4.584491055636075,4.316930965720647,4.317808148828647,2600
2016-04-18,4.482731342315674,4.482731342315674,4.465186422745713,4.465186422745713,1300
2016-04-19,4.535365581512451,4.596772583821378,4.473958160899693,4.596772583821378,9700
2016-04-20,4.532733917236328,4.535365885113657,4.352021212438405,4.535365885113657,3800
2016-04-21,4.421322822570801,4.518697248538267,4.403777907334558,4.448517587593297,12000
2016-04-22,4.377460479736328,4.442377044873652,4.28973590046077,4.403778062670891,15600
2016-04-25,4.324825763702393,4.412550761921325,4.324825763702393,4.412550761921325,600
2016-04-26,4.342370510101318,4.342370510101318,4.316053346306446,4.316053346306446,1200
2016-04-27,4.307281494140625,4.342371331372837,4.307281494140625,4.342371331372837,300
2016-04-28,4.333599090576172,4.333599090576172,4.333599090576172,4.333599090576172,100
2016-04-29,4.3090362548828125,4.342371307255574,4.307281470218249,4.342371307255574,1500
2016-05-02,4.316053867340088,4.346757368241888,4.316053867340088,4.346757368241888,600
2016-05-03,4.262541770935059,4.473957955063635,4.21867926990055,4.316053704286263,7900
2016-05-04,4.368688106536865,4.377460355062685,4.298508445115194,4.351143191181447,3400
2016-05-05,4.289736270904541,4.387987891838525,4.219556601423671,4.387987891838525,2600
2016-05-06,4.254646301269531,4.298508802456317,4.254646301269531,4.298508802456317,1000
2016-05-09,4.298509120941162,4.307281370846185,4.298509120941162,4.298509120941162,1800
2016-05-10,4.4572906494140625,4.544138058426712,4.2985092002976195,4.2985092002976195,5900
2016-05-11,4.421322822570801,4.509047398752012,4.421322822570801,4.509047398752012,5500
2016-05-12,4.351144313812256,4.4213239933408595,4.351144313812256,4.4213239933408595,400
2016-05-13,4.351144313812256,4.351144313812256,4.351144313812256,4.351144313812256,0
2016-05-16,4.298509120941162,4.316054039055051,4.289736452732296,4.307281370846185,14800
2016-05-17,4.4739580154418945,4.4739580154418945,4.368688513502983,4.368688513502983,7400
2016-05-18,4.4739580154418945,4.4739580154418945,4.4739580154418945,4.4739580154418945,0
2016-05-19,4.702042102813721,4.702042102813721,4.4651855269831975,4.491502691906703,21000
2016-05-20,4.640635013580322,4.70204243322322,4.473958090238593,4.70204243322322,9400
2016-05-23,4.517820835113525,4.561682921523963,4.517820835113525,4.561682921523963,3100
2016-05-24,4.553787708282471,4.56168277482345,4.553787708282471,4.56168277482345,600
2016-05-25,4.395005702972412,4.508170260975465,4.386233036114369,4.508170260975465,7300
2016-05-26,4.429218769073486,4.429218769073486,4.429218769073486,4.429218769073486,600
2016-05-27,4.386233806610107,4.43009631199775,4.307281464233893,4.43009631199775,4000
2016-05-31,4.429218769073486,4.445009321418267,4.307281521180485,4.316054189695539,4300
2016-06-01,4.316053867340088,4.3950062048633765,4.316053867340088,4.359915951727827,3800
2016-06-02,4.333599090576172,4.436237052938798,4.307281503443246,4.368688927884169,10500
2016-06-03,4.4178147315979,4.447641471125388,4.351144205034039,4.351144205034039,2300
2016-06-06,4.561681747436523,4.561681747436523,4.482729844896869,4.552909499733779,5500
2016-06-07,4.614317893981934,4.619580992747241,4.54413780582807,4.54413780582807,6700
2016-06-08,4.6230902671813965,4.684497689094109,4.40641013333681,4.649407853230799,12600
2016-06-09,4.59677267074585,4.666952760617741,4.5836140869027995,4.5836140869027995,1900
2016-06-10,4.579227447509766,4.684497366146259,4.570455198300614,4.59677236423188,2300
2016-06-13,4.7371320724487305,4.7371320724487305,4.473957905750098,4.684497322769766,5300
2016-06-14,4.4739580154418945,4.737132188592989,4.4739580154418945,4.737132188592989,1400
2016-06-15,4.627476692199707,4.737132536003947,4.618704023909521,4.728359867713761,17400
2016-06-16,4.6588945388793945,4.75763808717537,4.416524322546535,4.75763808717537,8300
2016-06-17,4.614011287689209,4.757638392999781,4.425501059752609,4.757638392999781,9100
2016-06-20,4.6292724609375,4.7163463388046605,4.605035477167285,4.7163463388046605,5200
2016-06-21,4.506291389465332,4.667871405327777,4.488338054369505,4.667871405327777,7800
2016-06-22,4.497314453125,4.558355700289422,4.48833757252017,4.48833757252017,8000
2016-06-23,4.703778266906738,4.7396853666006535,4.461408019230877,4.479361355057189,17800
2016-06-24,4.488338470458984,4.6409420469412,4.434478460178434,4.6409420469412,6700
2016-06-27,4.5870819091796875,4.68582504459584,4.5870819091796875,4.68582504459584,5700
2016-06-28,4.497314453125,4.5556624648914825,4.434477573014876,4.487439970067933,2500
2016-06-29,4.515268325805664,4.6050350023737,4.506291444128221,4.506291444128221,12100
2016-06-30,4.515268325805664,4.587081667060093,4.515268325805664,4.560151450069044,1500
2016-07-01,4.52424430847168,4.667870976029119,4.515267855769956,4.658894523327396,8200
2016-07-05,4.52424430847168,4.52424430847168,4.52424430847168,4.52424430847168,0
2016-07-06,4.380617618560791,4.524244285385332,4.317780737804439,4.524244285385332,9900
2016-07-07,4.425500869750977,4.479360871414577,4.425500869750977,4.479360871414577,17300
2016-07-08,4.425500869750977,4.425500869750977,4.425500869750977,4.425500869750977,0
2016-07-11,4.4183197021484375,4.4183197021484375,4.4183197021484375,4.4183197021484375,100
2016-07-12,4.497314453125,4.593364764174048,4.48833757252017,4.515267786293432,6200
2016-07-13,4.488338470458984,4.488338470458984,4.488338470458984,4.488338470458984,200
2016-07-14,4.52424430847168,4.52424430847168,4.4721795130697375,4.4721795130697375,6000
2016-07-15,4.452431678771973,4.511677731312331,4.425501460325764,4.425501460325764,12900
2016-07-18,4.488338470458984,4.488338470458984,4.454227002202242,4.479361588058237,11700
2016-07-19,4.488338470458984,4.488338470458984,4.4434549145378694,4.472180338962426,2300
2016-07-20,4.486542701721191,4.50629124126474,4.461407690980643,4.4883379067593525,14400
2016-07-21,4.488338470458984,4.488338470458984,4.452431796938618,4.470385133698801,2400
2016-07-22,4.488338470458984,4.488338470458984,4.488338470458984,4.488338470458984,100
2016-07-25,4.551175117492676,4.614011578741092,4.48833822820297,4.48833822820297,17500
2016-07-26,4.560151100158691,4.569127981147318,4.533221313275301,4.568230378656705,3300
2016-07-27,4.560151100158691,4.560151100158691,4.5062910983506645,4.5062910983506645,1600
2016-07-28,4.541299819946289,4.559253152523193,4.53411857252377,4.53411857252377,2000
2016-07-29,4.5421977043151855,4.550276554661844,4.533221251490147,4.533221251490147,4400
2016-08-01,4.535017013549805,4.569128480166089,4.535017013549805,4.569128480166089,900
2016-08-02,4.506291389465332,4.560151394752814,4.506291389465332,4.551174941225536,5400
2016-08-03,4.506291389465332,4.506291389465332,4.506291389465332,4.506291389465332,0
2016-08-04,4.540402889251709,4.5466865351811965,4.50629142389662,4.533221640766763,14000
2016-08-05,4.533221244812012,4.542197697623826,4.533221244812012,4.542197697623826,6500
2016-08-08,4.533221244812012,4.533221244812012,4.533221244812012,4.533221244812012,0
2016-08-09,4.533221244812012,4.533221244812012,4.533221244812012,4.533221244812012,0
2016-08-10,4.549378871917725,4.569127838258603,4.443454076595447,4.569127838258603,5200
2016-08-11,4.470384120941162,4.542197451712712,4.470384120941162,4.542197451712712,2500
2016-08-12,4.497314453125,4.542197572025466,4.497314453125,4.542197572025466,2900
2016-08-15,4.533221244812012,4.533221244812012,4.519755923532433,4.5305280093396005,12200
2016-08-16,4.50718879699707,4.533221409986469,4.461407644669123,4.461407644669123,19000
2016-08-17,4.488338470458984,4.497315352859732,4.45332939957043,4.497315352859732,5900
2016-08-18,4.470384120941162,4.479360573266998,4.452430788248274,4.470384120941162,8700
2016-08-19,4.452431678771973,4.452431678771973,4.452431678771973,4.452431678771973,100
2016-08-22,4.479360580444336,4.479360580444336,4.464100483053598,4.464100483053598,3000
2016-08-23,4.461407661437988,4.473077350191278,4.461407661437988,4.467691735112457,2000
2016-08-24,4.51077938079834,4.532323123941964,4.461407393173255,4.461407393173255,6000
2016-08-25,4.473076820373535,4.488337345413081,4.452430680893072,4.488337345413081,6400
2016-08-26,4.476668357849121,4.524244717177481,4.476668357849121,4.479361165490528,1600
2016-08-29,4.605034828186035,4.874334847703742,4.497314820378953,4.515268155013467,37500
2016-08-30,4.560151100158691,4.569127981147318,4.5053934958600514,4.569127981147318,13000
2016-08-31,4.488338470458984,4.5691286999004666,4.479361588058237,4.516166292251728,17100
2016-09-01,4.515268325805664,4.560151450069044,4.479361227137171,4.560151450069044,1400
2016-09-02,4.515268325805664,4.515268325805664,4.515268325805664,4.515268325805664,800
2016-09-06,4.488338470458984,4.587082036660649,4.461408251298053,4.551175363140283,35000
2016-09-07,4.5421977043151855,4.569127918872778,4.461407488683647,4.479360822374962,43200
2016-09-08,4.569128036499023,4.587081370652524,4.479360937690271,4.488337818787646,74800
2016-09-09,4.533221244812012,4.587081245806614,4.470384362964357,4.578104364953561,17900
2016-09-12,4.52424430847168,4.533221189214636,4.479360760839363,4.52424430847168,20900
2016-09-13,4.622988224029541,4.640941558901759,4.524244668211706,4.533221549668449,18500
2016-09-14,4.569128036499023,4.61401115786215,4.5107795934898345,4.61401115786215,17400
2016-09-15,4.578104496002197,4.614011164359764,4.470384490929499,4.6050347112909975,17000
2016-09-16,4.488338470458984,4.658895383701384,4.488338470458984,4.578105154259902,48700
2016-09-19,4.578104496002197,4.62298804546978,4.533221374575865,4.533221374575865,1800
2016-09-20,4.551175117492676,4.614011578741092,4.497315110119195,4.497315110119195,7400
2016-09-21,4.597146034240723,4.615534600840966,4.541980334439995,4.615534600840966,4500
2016-09-22,4.58795166015625,4.597146162922746,4.533705759822407,4.578757595807776,12300
2016-09-23,4.569563388824463,4.597146460491353,4.477620547298246,4.597146460491353,15600
2016-09-26,4.5052032470703125,4.529108427735613,4.486814680283006,4.5143973112549585,7700
2016-09-27,4.551174640655518,4.587951775812561,4.496008937919951,4.514397505498473,171600
2016-09-28,4.578757286071777,4.578757286071777,4.569562783927255,4.578757286071777,7900
2016-09-29,4.569563388824463,4.578757892186109,4.486815050659893,4.551174820519219,25000
2016-09-30,4.597146034240723,4.597146034240723,4.523591767839753,4.5787574676404805,16600
2016-10-03,4.523591995239258,4.642198102326809,4.523591995239258,4.574160446327482,41200
2016-10-04,4.551174640655518,4.577838348616096,4.523592008496751,4.523592008496751,6900
2016-10-05,4.532785892486572,4.5603689619644365,4.523591828272628,4.5511744593324766,5300
2016-10-06,4.119042873382568,4.505203211264998,4.027100040176754,4.505203211264998,92900
2016-10-07,4.440843105316162,4.450037608045555,4.119042962893748,4.238568867867738,73700
2016-10-10,4.532785892486572,4.541980395118532,4.407743813301629,4.505203261426724,6900
2016-10-11,4.514397621154785,4.514397621154785,4.514397621154785,4.514397621154785,100
2016-10-12,4.348900318145752,4.505203358927633,4.339705815314806,4.459231721608953,5500
2016-10-13,4.496008396148682,4.532785526874063,4.289136926213916,4.289136926213916,5100
2016-10-14,4.551174640655518,4.551174640655518,4.496008937919951,4.523592008496751,7600
2016-10-17,4.551174640655518,4.597146278810839,4.505203440918229,4.505203440918229,3400
2016-10-18,4.597146034240723,4.6431176699503345,4.419696344627482,4.551174398531112,28100
2016-10-19,4.465667724609375,4.551174584719486,4.321317273603996,4.367288911194305,6600
2016-10-20,4.597146034240723,4.597146034240723,4.367288732528687,4.367288732528687,8500
2016-10-21,4.591629981994629,4.591629981994629,4.591629981994629,4.591629981994629,1800
2016-10-24,4.689088821411133,4.689088821411133,4.589790650423958,4.689088821411133,21100
2016-10-25,4.551174640655518,4.551174640655518,4.505203440918229,4.505203440918229,1500
2016-10-26,4.643117427825928,4.643117427825928,4.51623619337532,4.5971457945135965,3100
2016-10-27,4.643117427825928,4.643117427825928,4.551174161201266,4.643117427825928,14600
2016-10-28,4.643117427825928,4.643117427825928,4.5971457945135965,4.5971457945135965,12000
2016-10-31,4.6054205894470215,4.643117522435169,4.6054205894470215,4.643117522435169,2200
2016-11-01,4.6054205894470215,4.6054205894470215,4.6054205894470215,4.6054205894470215,0
2016-11-02,4.6054205894470215,4.6054205894470215,4.6054205894470215,4.6054205894470215,0
2016-11-03,4.459231853485107,4.459231853485107,4.459231853485107,4.459231853485107,100
2016-11-04,4.5052032470703125,4.516236474826299,4.5052032470703125,4.516236474826299,4600
2016-11-07,4.5052032470703125,4.5052032470703125,4.459231610893038,4.468426113495699,3600
2016-11-08,4.526350021362305,4.526350021362305,4.526350021362305,4.526350021362305,1100
2016-11-09,4.597146034240723,4.597146034240723,4.551174398531112,4.551174398531112,5900
2016-11-10,4.551174640655518,4.551174640655518,4.551174640655518,4.551174640655518,200
2016-11-11,4.551174640655518,4.551174640655518,4.327753303446556,4.327753303446556,3700
2016-11-14,4.499686241149902,4.515316280427413,4.499686241149902,4.515316280427413,600
2016-11-15,4.637601375579834,4.6890891902399385,4.590710374072925,4.5971463509054376,17500
2016-11-16,4.637601375579834,4.637601375579834,4.637601375579834,4.637601375579834,0
2016-11-17,4.59346866607666,4.597146555180684,4.59346866607666,4.59346866607666,1300
2016-11-18,4.551174640655518,4.597146278810839,4.545658026540157,4.551174640655518,5300
2016-11-21,4.506122589111328,4.543819085090811,4.505203226538854,4.543819085090811,2600
2016-11-22,4.689088821411133,4.7350604566714205,4.505203157205992,4.5474969038149755,27100
2016-11-23,4.735060691833496,4.735060691833496,4.643117855164676,4.716672124499732,8000
2016-11-25,4.735060691833496,4.735060691833496,4.735060691833496,4.735060691833496,0
2016-11-28,4.743335247039795,4.781031743145861,4.644037074191033,4.735060545441736,7200
2016-11-29,4.735060691833496,4.735060691833496,4.708396984227821,4.735060691833496,15800
2016-11-30,5.010889053344727,5.010889053344727,4.689088915331233,4.689088915331233,18400
2016-12-01,5.240746021270752,5.240746021270752,4.7350602478038475,4.951126222527535,36600
2016-12-02,5.1488037109375,5.2407465482292706,5.010889235790828,5.1488037109375,25400
2016-12-05,5.056860446929932,5.194774910438892,4.9649176173966225,5.102832080905583,8100
2016-12-06,5.056860446929932,5.24074610599655,4.918945983420971,4.9649176173966225,54600
2016-12-07,5.1488037109375,5.1488037109375,4.964918036353958,5.042150195046258,6100
2016-12-08,5.263732433319092,5.263732433319092,5.0568609372078335,5.0568609372078335,8800
2016-12-09,5.056860446929932,5.24074610599655,5.056860446929932,5.102832080905583,19500
2016-12-12,5.056860446929932,5.148803276463241,5.056860446929932,5.102832080905583,30500
2016-12-13,5.056860446929932,5.056860446929932,4.9649176173966225,5.01088881295428,11000
2016-12-14,5.048585891723633,5.048585891723633,5.033874775522061,5.033874775522061,1700
2016-12-15,5.101912975311279,5.102832776387269,5.0495057964644445,5.056861136145994,8000
2016-12-16,5.147884368896484,5.1488037315103705,5.056860893851228,5.056860893851228,3800
2016-12-19,5.286717891693115,5.286717891693115,5.153400675439313,5.1947750595211835,19700
2016-12-20,5.263732433319092,5.286718252535462,5.194775414088018,5.286718252535462,34500
2016-12-21,5.35294771194458,5.3999035743212636,5.259036434995503,5.259036434995503,17700
2016-12-22,5.305992126464844,5.3999034003890145,5.25903626560062,5.305992126464844,3500
2016-12-23,5.35294771194458,5.446859436697948,5.35294771194458,5.446859436697948,6000
2016-12-27,5.35294771194458,5.446859436697948,5.2656102019917235,5.440285669701727,14100
2016-12-28,5.305992126464844,5.3999034003890145,5.1886029221085606,5.1886029221085606,14000
2016-12-29,5.493814945220947,5.587726223776016,5.30599238811081,5.30599238811081,37900
2016-12-30,5.6346821784973145,5.6346821784973145,5.493815034474021,5.540770898416554,23400
2017-01-03,5.493814945220947,5.728593365510768,5.446859529845563,5.681637950135383,32900
2017-01-04,5.58772611618042,5.58772611618042,5.259036423664681,5.540770701709194,30400
2017-01-05,5.540771007537842,5.58772642460082,5.399903860740276,5.399903860740276,3600
2017-01-06,5.6346821784973145,5.6346821784973145,5.587726314554781,5.6346821784973145,7500
2017-01-09,5.681638240814209,5.681638240814209,5.634682375232211,5.634682375232211,9900
2017-01-10,5.728593349456787,5.728593349456787,5.644073422896236,5.728593349456787,9200
2017-01-11,5.728593349456787,5.728593349456787,5.634682071164899,5.6431339294796645,5600
2017-01-12,5.681638240814209,5.681638240814209,5.634682375232211,5.634682375232211,2800
2017-01-13,5.720141410827637,5.722019502025816,5.634681992050418,5.634681992050418,2300
2017-01-17,5.682577133178711,5.728593504052058,5.682577133178711,5.728593504052058,8400
2017-01-18,5.813113689422607,5.869460456064309,5.681637900591969,5.681637900591969,4500
2017-01-19,5.775549411773682,5.869460693305711,5.681638130241653,5.869460693305711,16700
2017-01-20,5.6947855949401855,5.817809528967842,5.6900899189701715,5.6900899189701715,2900
2017-01-23,5.763340950012207,5.775549439059263,5.6346822921935615,5.6346822921935615,2900
2017-01-24,5.775549411773682,5.821565782992867,5.728593547105511,5.821565782992867,2800
2017-01-25,5.737045764923096,5.821565693094584,5.728593458642933,5.728593458642933,1600
2017-01-26,5.751132011413574,5.775548987599073,5.691028616525534,5.758644823823509,6800
2017-01-27,5.728593349456787,5.77554921250488,5.681637934212992,5.681637934212992,8800
2017-01-30,5.35294771194458,5.681637852972785,5.305992297372187,5.681637852972785,40400
2017-01-31,5.6346821784973145,5.6346821784973145,5.446859618335793,5.493815034474021,4200
2017-02-01,5.681638240814209,5.681638240814209,5.681638240814209,5.681638240814209,4700
2017-02-02,5.659099102020264,5.659099102020264,5.399903702791658,5.399903702791658,300
2017-02-03,5.563309192657471,5.676003173635739,5.493814891980616,5.493814891980616,5800
2017-02-06,5.446859836578369,5.540771120421929,5.399903970754427,5.446859836578369,5800
2017-02-07,5.514476299285889,5.550162275293347,5.49381550244519,5.49381550244519,14600
2017-02-08,5.490998268127441,5.540771272319245,5.446859985901157,5.532318965468798,1000
2017-02-09,5.446859836578369,5.493815254597987,5.399903970754427,5.446859836578369,15200
2017-02-10,5.35294771194458,5.539831668048177,5.165125158046426,5.3999035743212636,13200
2017-02-13,5.493814945220947,5.540770808400631,5.399903666665879,5.399903666665879,6900
2017-02-14,5.540771007537842,5.540771007537842,5.533258194544283,5.533258194544283,1500
2017-02-15,5.540771007537842,5.540771007537842,5.4468597256075695,5.540771007537842,6400
2017-02-16,5.581152439117432,5.6346820692374315,5.503206279673761,5.540770790977668,4200
2017-02-17,5.6346821784973145,5.6346821784973145,5.568944058538629,5.6346821784973145,9600
2017-02-21,5.6346821784973145,5.6346821784973145,5.587726314554781,5.6346821784973145,12000
2017-02-22,5.58772611618042,5.634681978455935,5.58772611618042,5.634681978455935,300
2017-02-23,6.339017868041992,6.43292915430397,5.59523994348193,5.59523994348193,20100
2017-02-24,6.198150634765625,6.198150634765625,5.930503360421639,6.104239349715483,11300
2017-02-27,6.057283401489258,6.277036208562891,5.973702515654844,6.151195133075523,10500
2017-02-28,6.010327339172363,6.1342903100361275,6.010327339172363,6.057282752127388,4700
2017-03-01,5.98403263092041,6.151194842496924,5.98403263092041,6.137107814741853,9300
2017-03-02,5.916416645050049,6.001875621429153,5.907964338514964,6.001875621429153,5700
2017-03-03,6.140864849090576,6.144621479633299,5.869460942851223,6.1427429404597715,14900
2017-03-06,6.010327339172363,6.1511944736459885,5.869460204698738,6.104238612886688,4900
2017-03-07,5.830957412719727,6.03286656567747,5.82250510590654,5.82250510590654,10900
2017-03-08,5.916416645050049,6.147438445799385,5.7755494967766055,5.822504914331541,5700
2017-03-09,5.743619918823242,5.916416864928937,5.728593844315949,5.916416864928937,1000
2017-03-10,6.282670497894287,6.292061401723884,5.776488198178381,5.955858894586183,31300
2017-03-13,6.3859734535217285,6.4798847356432185,6.282670819285932,6.292061723595923,18700
2017-03-14,6.479884624481201,6.479884624481201,6.339017479813375,6.479884624481201,11000
2017-03-15,6.212278842926025,6.4989995871992505,6.212278842926025,6.451212644577026,4700
2017-03-16,6.26006555557251,6.403425466712456,6.078475818301196,6.212278614705832,10300
2017-03-17,6.164492130279541,6.355639452169418,6.164492130279541,6.355639452169418,5500
2017-03-20,6.116705417633057,6.116705417633057,5.8299846731619525,6.068918474977853,35100
2017-03-21,5.877771854400635,6.260066043969715,5.82998490980572,6.068918721320135,56300
2017-03-22,5.638837814331055,5.973345045746868,5.352117069843181,5.973345045746868,31200
2017-03-23,5.829984664916992,5.829984664916992,5.596785314778717,5.702871980968394,17300
2017-03-24,5.925558090209961,6.009663072646837,5.782198174007671,5.782198174007671,8200
2017-03-27,6.068918704986572,6.068918704986572,5.877771838581514,6.068918704986572,28900
2017-03-28,5.8471879959106445,6.379532656632604,5.829984641959238,6.068918442496338,72700
2017-03-29,6.164492130279541,6.164492130279541,5.87777183103984,5.87777183103984,35200
2017-03-30,6.021131992340088,6.250508223496252,5.916000991861816,6.212278851636891,35200
2017-03-31,6.269622802734375,6.402469936044473,6.059361261085958,6.059361261085958,11100
2017-04-03,6.164492130279541,6.379532924371913,6.021132208524729,6.30785250776443,14500
2017-04-04,5.877771854400635,6.073697506925643,5.877771854400635,6.073697506925643,13500
2017-04-05,5.877771854400635,5.997238760157842,5.877771854400635,5.877771854400635,3600
2017-04-06,6.028777599334717,6.028777599334717,5.877771448185386,6.028777599334717,1700
2017-04-07,5.9226908683776855,5.925557866072059,5.782197955292446,5.782197955292446,2800
2017-04-10,5.925558090209961,6.124351187900693,5.8777716033858844,5.8777716033858844,4600
2017-04-11,6.021131992340088,6.023998990151013,5.925558106961626,5.973345049650857,2500
2017-04-12,5.877771854400635,6.2122790993748005,5.877771854400635,6.021132232455299,9100
2017-04-13,5.877771854400635,5.911222442179027,5.877771854400635,5.911222442179027,700
2017-04-17,5.877771854400635,6.021132232455299,5.877771854400635,5.949451815562927,17200
2017-04-18,5.925558090209961,5.925558090209961,5.925558090209961,5.925558090209961,200
2017-04-19,5.877771854400635,6.117661331890136,5.877771854400635,6.117661331890136,1900
2017-04-20,5.877771854400635,6.014442114899621,5.805135771533177,5.877771854400635,11700
2017-04-21,5.829984664916992,5.924602428427234,5.78219817805943,5.924602428427234,3600
2017-04-24,5.872992992401123,5.925558266187713,5.73441140175459,5.925558266187713,6800
2017-04-25,5.734410762786865,5.874903669704016,5.638837341219755,5.734410762786865,10600
2017-04-26,5.829984664916992,5.829984664916992,5.734411235471807,5.734411235471807,8000
2017-04-27,5.782198429107666,5.782198429107666,5.782198429107666,5.782198429107666,2000
2017-04-28,5.733455657958984,5.821383305550598,5.686624380584067,5.821383305550598,7000
2017-05-01,5.591050624847412,5.687580171838313,5.543264140029082,5.686624050214112,19600
2017-05-02,5.638837814331055,5.8777716161609295,5.638837814331055,5.817560104870256,10000
2017-05-03,5.637882232666016,5.638837898616651,5.586272169761122,5.591050955244365,1400
2017-05-04,5.591050624847412,5.6703768185532955,5.543264140029082,5.6703768185532955,2300
2017-05-05,5.591050624847412,5.591050624847412,5.543264140029082,5.546131137711565,2200
2017-05-08,5.686624050140381,5.686624050140381,5.54326413995721,5.570980273807679,5400
2017-05-09,5.7057390213012695,5.734411278213565,5.6866243352697605,5.6866243352697605,3000
2017-05-10,5.662731170654297,5.680889734536287,5.557600172379866,5.638837699810555,4200
2017-05-11,5.638837814331055,5.686624301258994,5.543264384745117,5.686624301258994,3500
2017-05-12,5.638837814331055,5.686624301258994,5.591050871673056,5.659863832120943,7300
2017-05-15,5.538485527038574,5.680889775757276,5.49547737035378,5.680889775757276,17800
2017-05-16,5.686624050140381,5.686624050140381,5.54326413995721,5.54326413995721,18600
2017-05-17,5.574803352355957,5.574803352355957,5.574803352355957,5.574803352355957,200
2017-05-18,5.638837814331055,5.638837814331055,5.543264384745117,5.543264384745117,8100
2017-05-19,5.543264389038086,5.638837818698041,5.543264389038086,5.543264389038086,11600
2017-05-22,5.543264389038086,5.682801641914626,5.543264389038086,5.597740993292727,20200
2017-05-23,5.447690010070801,5.543263886801532,5.399903527435454,5.543263886801532,16700
2017-05-24,5.474451541900635,5.474451541900635,5.399904128503141,5.447690616457639,2100
2017-05-25,5.686624050140381,5.686624050140381,5.304330348678538,5.399903774043999,23500
2017-05-26,5.35211706161499,5.447690491053996,5.208756689591451,5.35211706161499,24700
2017-05-30,5.35211706161499,5.495477433638529,5.35211706161499,5.399904004199523,8300
2017-05-31,5.35211706161499,5.35211706161499,5.256543632175984,5.35211706161499,6900
2017-06-01,5.543264389038086,5.570024858196861,5.284259779424028,5.570024858196861,8900
2017-06-02,5.495477676391602,5.543264621087038,5.447690731696165,5.494522010414506,8000
2017-06-05,5.543264389038086,5.543264389038086,5.447690503648071,5.447690503648071,8900
2017-06-06,5.495477676391602,5.543264621087038,5.304330809070012,5.495477676391602,2800
2017-06-07,5.543264389038086,5.685668639725897,5.3999040166831245,5.543264389038086,18100
2017-06-08,5.638837814331055,5.671332734817268,5.39990401250118,5.39990401250118,2000
2017-06-09,5.686624050140381,5.686624050140381,5.638837565322671,5.638837565322671,26200
2017-06-12,5.638837814331055,5.686624301258994,5.638837814331055,5.686624301258994,5100
2017-06-13,5.638837814331055,5.638837814331055,5.495477442087118,5.495477442087118,700
2017-06-14,5.552821636199951,5.591051008973129,5.552821636199951,5.591051008973129,900
2017-06-15,5.591050624847412,5.591050624847412,5.591050624847412,5.591050624847412,2100
2017-06-16,5.686624050140381,5.686624050140381,5.54326413995721,5.59105062477492,13100
2017-06-19,5.638837814331055,5.686624301258994,5.591050871673056,5.686624301258994,17000
2017-06-20,5.589139461517334,5.6866242216105745,5.543264307104636,5.6866242216105745,13700
2017-06-21,5.65841817855835,5.6593943307247985,5.513030595998255,5.513030595998255,16000
2017-06-22,5.630121231079102,5.708181763216199,5.610606098044827,5.708181763216199,6000
2017-06-23,5.659394264221191,5.659394264221191,5.564745657941761,5.659394264221191,5500
2017-06-26,5.589139461517334,5.6593940318649905,5.561817903681745,5.6593940318649905,5500
2017-06-27,5.603775978088379,5.659394318132863,5.513030583731973,5.659394318132863,3600
2017-06-28,5.6106061935424805,5.65939425959732,5.561818127487641,5.561818127487641,1000
2017-06-29,5.464242458343506,5.579381884740029,5.415454857586789,5.440824577480175,3700
2017-06-30,5.515957355499268,5.610605957723193,5.515957355499268,5.610605957723193,700
2017-07-03,5.6106061935424805,5.65939425959732,5.561818127487641,5.65939425959732,5100
2017-07-05,5.619387626647949,5.707205956090359,5.5237633372118164,5.5237633372118164,3500
2017-07-06,5.619387626647949,5.619387626647949,5.619387626647949,5.619387626647949,0
2017-07-07,5.708181858062744,5.756969924097824,5.708181858062744,5.708181858062744,6000
2017-07-10,5.708181858062744,5.708181858062744,5.708181858062744,5.708181858062744,0
2017-07-11,5.659394264221191,5.659394264221191,5.635000231173841,5.635975918051337,1600
2017-07-12,5.634024620056152,5.70330304206483,5.610606273571396,5.70330304206483,4600
2017-07-13,5.65841817855835,5.708181932115322,5.610606264056789,5.708181932115322,6000
2017-07-14,5.756969928741455,5.763800202158578,5.513030528924253,5.513030528924253,45300
2017-07-17,5.6106061935424805,5.854545593261719,5.561818127487641,5.854545593261719,39000
2017-07-18,5.708181858062744,5.708181858062744,5.561818125234986,5.708181858062744,6900
2017-07-19,5.708181858062744,5.804781837979118,5.659394257305145,5.781363957115364,6300
2017-07-20,5.708181858062744,5.708181858062744,5.659394257305145,5.659394257305145,400
2017-07-21,5.805757522583008,5.805757522583008,5.805757522583008,5.805757522583008,500
2017-07-24,5.708181858062744,5.804781837979118,5.708181858062744,5.756969924097824,5700
2017-07-25,5.6106061935424805,5.70720617349798,5.513030526710281,5.6106061935424805,7900
2017-07-26,5.635000228881836,5.635000228881836,5.465218149774418,5.465218149774418,2800
2017-07-27,5.5618181228637695,5.5618181228637695,5.5618181228637695,5.5618181228637695,700
2017-07-28,5.5618181228637695,5.5618181228637695,5.5618181228637695,5.5618181228637695,0
2017-07-31,5.520836353302002,5.520836353302002,5.520836353302002,5.520836353302002,600
2017-08-01,5.545230388641357,5.545230388641357,5.513030396085797,5.513030396085797,2700
2017-08-02,5.513030529022217,5.561818129820035,5.464242462946917,5.561818129820035,7500
2017-08-03,5.464242458343506,5.513030524377704,5.464242458343506,5.513030524377704,11900
2017-08-04,5.519860744476318,5.565721284161236,5.464242405567814,5.464242405567814,4900
2017-08-07,5.464242458343506,5.559866751381846,5.415454857586789,5.513030524377704,5000
2017-08-08,5.443751811981201,5.561818302777603,5.415455030555162,5.513030700462621,4000
2017-08-09,5.433018207550049,5.658418162992318,5.433018207550049,5.658418162992318,4500
2017-08-10,5.366666793823242,5.408624586463702,5.366666793823242,5.366666793823242,6700
2017-08-11,5.366666793823242,5.426187880799262,5.366666793823242,5.415454859878082,2500
2017-08-14,5.415454864501953,5.561818132236481,5.415454864501953,5.513030531417465,2500
2017-08-15,5.366666793823242,5.494491080220541,5.366666793823242,5.415454859878082,1100
2017-08-16,5.415454864501953,5.561818132236481,5.415454864501953,5.513030531417465,20800
2017-08-17,5.415454864501953,5.465218152198502,5.399842478628982,5.464242465320969,5000
2017-08-18,5.464242458343506,5.513030524377704,5.464242458343506,5.464242458343506,2500
2017-08-21,5.513030529022217,5.561818129820035,5.464242462946917,5.561818129820035,4800
2017-08-22,5.562794208526611,5.610606121816039,5.56181805638491,5.56181805638491,3300
2017-08-23,5.666224479675293,5.666224479675293,5.6642726406627855,5.6642726406627855,3600
2017-08-24,5.708181858062744,5.708181858062744,5.708181858062744,5.708181858062744,1300
2017-08-25,5.659394264221191,5.8057575319503325,5.659394264221191,5.708181865038411,7200
2017-08-28,5.366666793823242,5.805757527206879,5.366666793823242,5.805757527206879,18800
2017-08-29,5.415454864501953,5.415454864501953,5.366666798405457,5.366666798405457,1600
2017-08-30,5.6106061935424805,5.6106061935424805,5.513030526710281,5.513030526710281,6800
2017-08-31,5.629145622253418,5.7881942145901855,5.610606175822232,5.659394241722982,9100
2017-09-01,5.464242458343506,5.75696992399373,5.464242458343506,5.610606191168618,13400
2017-09-05,4.6826605796813965,5.610606278750331,4.0006061230969125,5.464242543640477,106900
2017-09-06,4.781212329864502,4.878787996743884,4.390909197069496,4.683636662985121,60200
2017-09-07,4.610454559326172,4.878787991938273,4.430915146333964,4.683636658371734,77700
2017-09-08,4.732424259185791,5.171515457632398,4.439697258832199,4.732424259185791,65200
2017-09-11,4.976363658905029,5.65939425696806,4.829999926085988,5.610606190935886,207900
2017-09-12,4.878787994384766,4.976363661216965,4.829999928329926,4.829999928329926,35200
2017-09-13,4.976363658905029,5.073939325691897,4.805606358347382,4.805606358347382,25600
2017-09-14,4.976363658905029,5.025151724937203,4.390909192906346,5.025151724937203,34400
2017-09-15,4.829999923706055,5.02515172246111,4.7812123229754,4.878787989714189,6900
2017-09-18,4.537272930145264,4.8787879968707175,4.488484864065564,4.8787879968707175,32500
2017-09-19,4.537272930145264,4.683636663106881,4.537272930145264,4.683636663106881,36100
2017-09-20,4.829999923706055,4.829999923706055,4.586060524220345,4.610454557224412,44900
2017-09-21,5.050000190734863,5.150000095367432,4.75,4.900000095367432,39300
2017-09-22,5.0,5.000999927520752,4.797999858856201,5.000999927520752,16600
2017-09-25,4.650000095367432,4.900000095367432,4.550000190734863,4.900000095367432,53500
2017-09-26,4.400000095367432,4.551000118255615,4.300000190734863,4.550000190734863,77400
2017-09-27,4.400000095367432,4.5,4.300000190734863,4.5,37800
2017-09-28,4.349999904632568,4.5,4.300000190734863,4.400000095367432,27700
2017-09-29,3.9000000953674316,4.300000190734863,3.75,4.300000190734863,111500
2017-10-02,3.5999999046325684,3.700000047683716,3.3580000400543213,3.5999999046325684,107600
2017-10-03,3.6500000953674316,3.74399995803833,3.549999952316284,3.549999952316284,27000
2017-10-04,3.674999952316284,3.799999952316284,3.549999952316284,3.700000047683716,22000
2017-10-05,3.8499999046325684,3.9000000953674316,3.684000015258789,3.7909998893737793,16200
2017-10-06,3.8499999046325684,4.0,3.75,3.9000000953674316,17400
2017-10-09,3.9000000953674316,3.9000000953674316,3.8499999046325684,3.8499999046325684,13300
2017-10-10,3.9000000953674316,4.0,3.8499999046325684,3.9000000953674316,21200
2017-10-11,4.050000190734863,4.114999771118164,4.0,4.0,17000
2017-10-12,4.050000190734863,4.099999904632568,4.0,4.050000190734863,11900
2017-10-13,4.150000095367432,4.150000095367432,4.0,4.0,12900
2017-10-16,4.050000190734863,4.189000129699707,3.950000047683716,4.0,27000
2017-10-17,3.950000047683716,4.2170000076293945,3.9000000953674316,4.099999904632568,11000
2017-10-18,3.700000047683716,4.14900016784668,3.700000047683716,4.0,26300
2017-10-19,3.700000047683716,3.75,3.6500000953674316,3.75,9500
2017-10-20,3.6500000953674316,3.799999952316284,3.549999952316284,3.799999952316284,11400
2017-10-23,3.299999952316284,3.6500000953674316,3.25,3.6500000953674316,45300
2017-10-24,3.25,3.450000047683716,3.25,3.3499999046325684,11400
2017-10-25,3.25,3.5209999084472656,3.25,3.299999952316284,10900
2017-10-26,3.200000047683716,3.299999952316284,3.1500000953674316,3.299999952316284,4600
2017-10-27,3.0999999046325684,3.200000047683716,3.049999952316284,3.200000047683716,25100
2017-10-30,3.0999999046325684,3.3510000705718994,3.049999952316284,3.3499999046325684,59700
2017-10-31,3.0999999046325684,3.200000047683716,3.049999952316284,3.0999999046325684,5700
2017-11-01,3.0999999046325684,3.200000047683716,3.049999952316284,3.1050000190734863,6100
2017-11-02,3.200000047683716,3.200000047683716,3.049999952316284,3.0999999046325684,6500
2017-11-03,3.200000047683716,3.25,3.1500000953674316,3.25,9200
2017-11-06,3.200000047683716,3.299999952316284,3.1500000953674316,3.299999952316284,13700
2017-11-07,3.3499999046325684,3.4670000076293945,3.1570000648498535,3.200000047683716,19700
2017-11-08,3.4000000953674316,3.75,3.299999952316284,3.450000047683716,19800
2017-11-09,3.299999952316284,3.450000047683716,3.299999952316284,3.4000000953674316,22900
2017-11-10,3.2249999046325684,3.3499999046325684,3.0,3.3499999046325684,37400
2017-11-13,3.25,3.4000000953674316,3.049999952316284,3.049999952316284,24000
2017-11-14,3.299999952316284,3.3499999046325684,3.25,3.3499999046325684,4400
2017-11-15,3.0,3.200000047683716,2.299999952316284,3.200000047683716,178000
2017-11-16,2.75,3.0,2.6610000133514404,3.0,22800
2017-11-17,2.5999999046325684,2.799999952316284,2.450000047683716,2.7070000171661377,30500
2017-11-20,2.5810000896453857,2.75,2.575000047683716,2.75,11700
2017-11-21,2.6500000953674316,2.6500000953674316,2.5,2.6500000953674316,50100
2017-11-22,2.624000072479248,2.75,2.5380001068115234,2.6500000953674316,16900
2017-11-24,2.6500000953674316,2.687000036239624,2.549999952316284,2.687000036239624,10300
2017-11-27,2.5999999046325684,2.700000047683716,2.5399999618530273,2.5899999141693115,18400
2017-11-28,2.5,2.6429998874664307,2.48799991607666,2.5999999046325684,19600
2017-11-29,2.513000011444092,2.6489999294281006,2.4579999446868896,2.5380001068115234,18000
2017-11-30,2.486999988555908,2.5810000896453857,2.450000047683716,2.549999952316284,37300
2017-12-01,2.4000000953674316,2.5,2.4000000953674316,2.4200000762939453,6900
2017-12-04,2.2009999752044678,2.5490000247955322,2.200000047683716,2.5,77600
2017-12-05,2.242000102996826,2.3389999866485596,2.200000047683716,2.200000047683716,21600
2017-12-06,2.25,2.437999963760376,2.2249999046325684,2.249000072479248,59700
2017-12-07,2.312000036239624,2.3949999809265137,2.200000047683716,2.3499999046325684,34300
2017-12-08,2.3499999046325684,2.4000000953674316,2.299999952316284,2.4000000953674316,7000
2017-12-11,2.2929999828338623,2.375,2.25,2.3499999046325684,14300
2017-12-12,2.4000000953674316,2.799999952316284,2.302000045776367,2.306999921798706,156300
2017-12-13,2.4000000953674316,2.5,2.299999952316284,2.5,31700
2017-12-14,2.4000000953674316,2.450000047683716,2.3499999046325684,2.3499999046325684,7800
2017-12-15,2.25,2.450000047683716,2.25,2.4000000953674316,29500
2017-12-18,2.25,2.4000000953674316,2.200000047683716,2.4000000953674316,57500
2017-12-19,2.3499999046325684,2.4000000953674316,2.0,2.200000047683716,39700
2017-12-20,2.2190001010894775,2.3499999046325684,2.200000047683716,2.3499999046325684,5600
2017-12-21,2.1500000953674316,2.25,2.1050000190734863,2.25,13300
2017-12-22,2.200000047683716,2.200000047683716,2.1500000953674316,2.200000047683716,21300
2017-12-26,2.1510000228881836,2.2119998931884766,2.1500000953674316,2.200000047683716,33700
2017-12-27,2.200000047683716,2.200000047683716,2.0999999046325684,2.1500000953674316,74700
2017-12-28,2.0999999046325684,2.25,2.049999952316284,2.200000047683716,83000
2017-12-29,2.1500000953674316,2.1500000953674316,1.850000023841858,2.072999954223633,66800
2018-01-02,2.200000047683716,2.3499999046325684,2.1500000953674316,2.1500000953674316,27000
2018-01-03,2.1500000953674316,2.249000072479248,2.0999999046325684,2.1510000228881836,15800
2018-01-04,2.200000047683716,2.325000047683716,2.049999952316284,2.049999952316284,18900
2018-01-05,2.1500000953674316,2.25,2.1500000953674316,2.25,17400
2018-01-08,2.200000047683716,2.299999952316284,2.1500000953674316,2.299999952316284,37300
2018-01-09,2.200000047683716,2.244999885559082,2.200000047683716,2.200000047683716,15800
2018-01-10,2.2119998931884766,2.25,2.1500000953674316,2.246999979019165,28200
2018-01-11,2.200000047683716,2.200000047683716,2.1510000228881836,2.200000047683716,3900
2018-01-12,2.200000047683716,2.25,2.1500000953674316,2.200000047683716,10500
2018-01-16,2.299999952316284,2.4000000953674316,2.200000047683716,2.200000047683716,192500
2018-01-17,2.2880001068115234,2.325000047683716,2.25,2.299999952316284,32100
2018-01-18,2.299999952316284,2.3440001010894775,2.252000093460083,2.255000114440918,2300
2018-01-19,2.299999952316284,2.3499999046325684,2.25,2.299999952316284,9500
2018-01-22,2.25,2.299999952316284,2.25,2.299999952316284,3900
2018-01-23,2.2669999599456787,2.2990000247955322,2.25,2.25,5300
2018-01-24,2.3499999046325684,2.3499999046325684,2.25,2.25,28000
2018-01-25,2.2920000553131104,2.3420000076293945,2.2920000553131104,2.319999933242798,4000
2018-01-26,2.250999927520752,2.299999952316284,2.25,2.25,14100
2018-01-29,2.299999952316284,2.299999952316284,2.25,2.25,10400
2018-01-30,2.25,2.3469998836517334,2.25,2.250999927520752,13700
2018-01-31,2.4000000953674316,2.5999999046325684,2.25,2.3499999046325684,60000
2018-02-01,2.5999999046325684,2.6510000228881836,2.3499999046325684,2.371999979019165,243600
2018-02-02,2.4000000953674316,3.0,2.3499999046325684,2.5999999046325684,130700
2018-02-05,2.299999952316284,2.36899995803833,2.25,2.3499999046325684,55100
2018-02-06,2.3499999046325684,2.3499999046325684,2.25,2.25,29500
2018-02-07,2.374000072479248,2.4000000953674316,2.3499999046325684,2.4000000953674316,2000
2018-02-08,2.25,2.4000000953674316,2.25,2.299999952316284,11600
2018-02-09,2.25,2.299999952316284,2.200000047683716,2.25,20900
2018-02-12,2.25,2.2960000038146973,2.200000047683716,2.25,23100
2018-02-13,2.450000047683716,2.450000047683716,2.2309999465942383,2.3499999046325684,16800
2018-02-14,2.3499999046325684,2.444000005722046,2.3499999046325684,2.4000000953674316,5100
2018-02-15,2.4000000953674316,2.4000000953674316,2.3499999046325684,2.3499999046325684,1000
2018-02-16,2.299999952316284,2.365999937057495,2.299999952316284,2.3550000190734863,5700
2018-02-20,2.25,2.3499999046325684,2.200000047683716,2.3499999046325684,14600
2018-02-21,2.25,2.25,2.200000047683716,2.200000047683716,7300
2018-02-22,2.200000047683716,2.25,2.200000047683716,2.25,900
2018-02-23,2.246999979019165,2.299999952316284,2.200000047683716,2.200000047683716,14900
2018-02-26,2.1540000438690186,2.263000011444092,2.1540000438690186,2.263000011444092,5300
2018-02-27,2.1010000705718994,2.1500000953674316,2.0,2.1500000953674316,22300
2018-02-28,2.0999999046325684,2.1500000953674316,2.049999952316284,2.049999952316284,3500
2018-03-01,2.0999999046325684,2.1489999294281006,2.049999952316284,2.052000045776367,1800
2018-03-02,2.049999952316284,2.068000078201294,2.049999952316284,2.062999963760376,2400
2018-03-05,2.049999952316284,2.0999999046325684,2.049999952316284,2.049999952316284,2300
2018-03-06,2.049999952316284,2.0999999046325684,2.049999952316284,2.049999952316284,3000
2018-03-07,2.1500000953674316,2.1500000953674316,2.0999999046325684,2.0999999046325684,12900
2018-03-08,2.299999952316284,2.299999952316284,2.200000047683716,2.200000047683716,3200
2018-03-09,2.3499999046325684,2.3499999046325684,2.200000047683716,2.200000047683716,3200
2018-03-12,2.200000047683716,2.311000108718872,2.200000047683716,2.25,5500
2018-03-13,2.3489999771118164,2.3489999771118164,2.252000093460083,2.299999952316284,5100
2018-03-14,2.4000000953674316,2.4000000953674316,2.25,2.2660000324249268,16900
2018-03-15,2.3499999046325684,2.450000047683716,2.305000066757202,2.450000047683716,13400
2018-03-16,2.4000000953674316,2.4000000953674316,2.328000068664551,2.328000068664551,4500
2018-03-19,2.4000000953674316,2.4000000953674316,2.3499999046325684,2.4000000953674316,6000
2018-03-20,2.4000000953674316,2.4000000953674316,2.302000045776367,2.302000045776367,1600
2018-03-21,2.3350000381469727,2.3350000381469727,2.3350000381469727,2.3350000381469727,2400
2018-03-22,2.25,2.299999952316284,2.25,2.299999952316284,5200
2018-03-23,2.200000047683716,2.299999952316284,2.200000047683716,2.299999952316284,6200
2018-03-26,2.25,2.25,2.200000047683716,2.200000047683716,2900
2018-03-27,2.260999917984009,2.299999952316284,2.200000047683716,2.200000047683716,12900
2018-03-28,2.260999917984009,2.299999952316284,2.25,2.25,1400
2018-03-29,2.250999927520752,2.250999927520752,2.25,2.25,500
2018-04-02,2.3499999046325684,2.3499999046325684,2.2899999618530273,2.299999952316284,14300
2018-04-03,2.25,2.305999994277954,2.25,2.3010001182556152,14900
2018-04-04,2.25,2.260999917984009,2.200000047683716,2.2269999980926514,10300
2018-04-05,2.299999952316284,2.299999952316284,2.25,2.25,9500
2018-04-06,2.25,2.26200008392334,2.25,2.250999927520752,5200
2018-04-09,2.1059999465942383,2.25,2.1059999465942383,2.25,6100
2018-04-10,2.059999942779541,2.1500000953674316,2.0,2.1500000953674316,25500
2018-04-11,2.049999952316284,2.049999952316284,1.850000023841858,2.049999952316284,32800
2018-04-12,2.200000047683716,2.200000047683716,2.049999952316284,2.049999952316284,3200
2018-04-13,2.1500000953674316,2.1500000953674316,2.0999999046325684,2.0999999046325684,500
2018-04-16,2.1500000953674316,2.174999952316284,2.1500000953674316,2.174999952316284,3100
2018-04-17,2.1500000953674316,2.1500000953674316,2.049999952316284,2.0999999046325684,4500
2018-04-18,2.0850000381469727,2.1500000953674316,2.049999952316284,2.1500000953674316,1900
2018-04-19,2.049999952316284,2.075000047683716,2.049999952316284,2.049999952316284,4100
2018-04-20,2.075000047683716,2.0850000381469727,2.0510001182556152,2.0510001182556152,2300
2018-04-23,2.049999952316284,2.1500000953674316,2.049999952316284,2.1500000953674316,2400
2018-04-24,2.049999952316284,2.053999900817871,2.049999952316284,2.049999952316284,4600
2018-04-25,2.0899999141693115,2.0999999046325684,2.0850000381469727,2.0999999046325684,5500
2018-04-26,2.049999952316284,2.0899999141693115,2.049999952316284,2.049999952316284,1000
2018-04-27,2.049999952316284,2.049999952316284,2.049999952316284,2.049999952316284,300
2018-04-30,2.049999952316284,2.0899999141693115,2.049999952316284,2.049999952316284,2800
2018-05-01,2.049999952316284,2.049999952316284,2.049999952316284,2.049999952316284,0
2018-05-02,2.049999952316284,2.0999999046325684,2.049999952316284,2.049999952316284,11700
2018-05-03,2.059000015258789,2.0999999046325684,2.053999900817871,2.0889999866485596,1400
2018-05-04,2.0510001182556152,2.0510001182556152,2.049999952316284,2.049999952316284,4500
2018-05-07,2.049999952316284,2.0999999046325684,2.049999952316284,2.049999952316284,4200
2018-05-08,2.049999952316284,2.061000108718872,2.049999952316284,2.061000108718872,1900
2018-05-09,2.049999952316284,2.049999952316284,2.049999952316284,2.049999952316284,3200
2018-05-10,2.0999999046325684,2.0999999046325684,2.049999952316284,2.049999952316284,1000
2018-05-11,2.0999999046325684,2.0999999046325684,2.049999952316284,2.049999952316284,2800
2018-05-14,2.049999952316284,2.049999952316284,2.049999952316284,2.049999952316284,100
2018-05-15,2.0989999771118164,2.0999999046325684,2.000999927520752,2.0999999046325684,5400
2018-05-16,1.899999976158142,2.0999999046325684,1.899999976158142,1.9500000476837158,18900
2018-05-17,1.9500000476837158,1.9839999675750732,1.899999976158142,1.9839999675750732,1400
2018-05-18,1.6859999895095825,1.9500000476837158,1.649999976158142,1.9110000133514404,14700
2018-05-21,1.6440000534057617,1.75,1.600000023841858,1.7000000476837158,17500
2018-05-22,1.649999976158142,1.7000000476837158,1.600000023841858,1.600000023841858,8300
2018-05-23,1.7000000476837158,1.7000000476837158,1.7000000476837158,1.7000000476837158,1900
2018-05-24,1.649999976158142,1.6510000228881836,1.600000023841858,1.600000023841858,4800
2018-05-25,1.649999976158142,1.649999976158142,1.649999976158142,1.649999976158142,0
2018-05-29,1.649999976158142,1.6579999923706055,1.649999976158142,1.6579999923706055,600
2018-05-30,1.600000023841858,1.649999976158142,1.600000023841858,1.649999976158142,1700
2018-05-31,1.5499999523162842,1.649999976158142,1.5499999523162842,1.6460000276565552,7900
2018-06-01,1.5499999523162842,1.649999976158142,1.5499999523162842,1.5499999523162842,6500
2018-06-04,1.5,1.600000023841858,1.5,1.5499999523162842,25000
2018-06-05,1.350000023841858,1.600000023841858,1.2999999523162842,1.600000023841858,23200
2018-06-06,1.3079999685287476,1.350000023841858,1.25,1.25,23500
2018-06-07,1.5499999523162842,2.0999999046325684,1.0,1.2000000476837158,635700
2018-06-08,1.899999976158142,1.899999976158142,1.2760000228881836,1.5,61600
2018-06-11,1.774999976158142,1.9500000476837158,1.7000000476837158,1.9500000476837158,35300
2018-06-12,1.850000023841858,1.899999976158142,1.75,1.7999999523162842,11100
2018-06-13,1.9500000476837158,1.9500000476837158,1.7000000476837158,1.850000023841858,15100
2018-06-14,1.7999999523162842,1.9500000476837158,1.649999976158142,1.9500000476837158,34800
2018-06-15,1.899999976158142,1.9500000476837158,1.7999999523162842,1.7999999523162842,17200
2018-06-18,1.9500000476837158,1.9500000476837158,1.7999999523162842,1.899999976158142,15200
2018-06-19,1.9500000476837158,1.9500000476837158,1.7999999523162842,1.9500000476837158,8800
2018-06-20,1.7999999523162842,1.9500000476837158,1.7999999523162842,1.9500000476837158,2200
2018-06-21,1.899999976158142,1.899999976158142,1.6820000410079956,1.75,24600
2018-06-22,1.899999976158142,1.899999976158142,1.8049999475479126,1.8049999475479126,2900
2018-06-25,1.9500000476837158,1.9500000476837158,1.7000000476837158,1.9500000476837158,3200
2018-06-26,1.7999999523162842,1.9500000476837158,1.7000000476837158,1.9500000476837158,3600
2018-06-27,1.7000000476837158,1.8910000324249268,1.7000000476837158,1.7549999952316284,3000
2018-06-28,1.75,1.850000023841858,1.75,1.850000023841858,800
2018-06-29,1.75,1.850000023841858,1.7000000476837158,1.75,20500
2018-07-02,1.75,1.75,1.7000000476837158,1.75,500
2018-07-03,1.7999999523162842,1.7999999523162842,1.7999999523162842,1.7999999523162842,1700
2018-07-05,1.850000023841858,1.9500000476837158,1.75,1.8489999771118164,18900
2018-07-06,1.7999999523162842,1.850000023841858,1.7999999523162842,1.7999999523162842,2500
2018-07-09,1.6929999589920044,1.850000023841858,1.600000023841858,1.7000000476837158,22500
2018-07-10,1.774999976158142,1.7999999523162842,1.7009999752044678,1.7549999952316284,13800
2018-07-11,1.7999999523162842,1.7999999523162842,1.649999976158142,1.7000000476837158,7900
2018-07-12,1.7050000429153442,1.7910000085830688,1.7050000429153442,1.7410000562667847,1000
2018-07-13,1.7050000429153442,1.7050000429153442,1.7050000429153442,1.7050000429153442,0
2018-07-16,1.7020000219345093,1.7020000219345093,1.7020000219345093,1.7020000219345093,3100
2018-07-17,1.75,1.75,1.600000023841858,1.649999976158142,10500
2018-07-18,1.649999976158142,1.7000000476837158,1.649999976158142,1.649999976158142,4800
2018-07-19,1.75,1.7580000162124634,1.649999976158142,1.7000000476837158,2700
2018-07-20,1.6540000438690186,1.6579999923706055,1.6540000438690186,1.6579999923706055,400
2018-07-23,1.600000023841858,1.6080000400543213,1.600000023841858,1.600000023841858,2000
2018-07-24,1.6829999685287476,1.7410000562667847,1.6030000448226929,1.7410000562667847,2500
2018-07-25,1.6299999952316284,1.6970000267028809,1.600000023841858,1.6970000267028809,1600
2018-07-26,1.652999997138977,1.656000018119812,1.6030000448226929,1.6030000448226929,2100
2018-07-27,1.652999997138977,1.652999997138977,1.652999997138977,1.652999997138977,0
2018-07-30,1.5800000429153442,1.649999976158142,1.5579999685287476,1.649999976158142,10700
2018-07-31,1.7000000476837158,1.7000000476837158,1.600000023841858,1.600000023841858,500
2018-08-01,1.6510000228881836,1.6510000228881836,1.6510000228881836,1.6510000228881836,500
2018-08-02,1.75,1.850000023841858,1.652999997138977,1.75,32300
2018-08-03,2.299999952316284,3.0,1.840999960899353,1.850000023841858,4043800
2018-08-06,2.0999999046325684,2.0999999046325684,1.850000023841858,2.0,229500
2018-08-07,2.0,2.0999999046325684,1.850000023841858,2.0,74200
2018-08-08,1.9980000257492065,2.0,1.7000000476837158,1.7000000476837158,40200
2018-08-09,2.0950000286102295,2.0989999771118164,1.850000023841858,2.0,27600
2018-08-10,2.0889999866485596,2.0999999046325684,2.0,2.0999999046325684,17100
2018-08-13,2.049999952316284,2.0999999046325684,1.9500000476837158,2.0999999046325684,9700
2018-08-14,1.899999976158142,2.0,1.850000023841858,2.0,18700
2018-08-15,1.9079999923706055,2.0,1.8559999465942383,1.9500000476837158,9000
2018-08-16,1.9500000476837158,2.0,1.899999976158142,1.9600000381469727,22600
2018-08-17,2.0,2.049999952316284,1.99399995803833,2.0,15500
2018-08-20,1.8860000371932983,1.9620000123977661,1.8860000371932983,1.9620000123977661,33900
2018-08-21,1.899999976158142,1.9079999923706055,1.75,1.75,11000
2018-08-22,1.850000023841858,1.899999976158142,1.75,1.7999999523162842,2000
2018-08-23,1.7999999523162842,1.940000057220459,1.75,1.8799999952316284,21700
2018-08-24,1.850000023841858,1.899999976158142,1.75,1.75,8600
2018-08-27,1.8600000143051147,1.899999976158142,1.850000023841858,1.899999976158142,3700
2018-08-28,1.8559999465942383,1.899999976158142,1.8009999990463257,1.850000023841858,3400
2018-08-29,1.7999999523162842,1.850000023841858,1.7999999523162842,1.850000023841858,1000
2018-08-30,1.7999999523162842,1.843999981880188,1.75,1.843999981880188,3100
2018-08-31,1.850000023841858,1.850000023841858,1.7619999647140503,1.8450000286102295,3100
2018-09-04,1.899999976158142,1.906999945640564,1.75,1.75,14400
2018-09-05,1.9500000476837158,1.9500000476837158,1.75,1.75,11100
2018-09-06,1.899999976158142,1.9500000476837158,1.899999976158142,1.899999976158142,6000
2018-09-07,1.8179999589920044,1.899999976158142,1.8179999589920044,1.899999976158142,1800
2018-09-10,2.049999952316284,2.049999952316284,1.8919999599456787,1.8919999599456787,24700
2018-09-11,2.4000000953674316,2.5,2.0,2.049999952316284,73300
2018-09-12,2.4000000953674316,2.4600000381469727,2.25,2.450000047683716,45300
2018-09-13,1.9500000476837158,2.450000047683716,1.9500000476837158,2.3320000171661377,84400
2018-09-14,1.9500000476837158,2.299999952316284,1.7039999961853027,1.899999976158142,43500
2018-09-17,2.25,2.25,1.9500000476837158,1.9500000476837158,39300
2018-09-18,2.0999999046325684,2.2249999046325684,2.0,2.0,18900
2018-09-19,2.049999952316284,2.1500000953674316,2.0,2.1500000953674316,14400
2018-09-20,2.0,2.0999999046325684,2.0,2.049999952316284,15700
2018-09-21,1.9500000476837158,2.0999999046325684,1.899999976158142,2.049999952316284,40400
2018-09-24,1.7999999523162842,1.9500000476837158,1.7999999523162842,1.9500000476837158,35500
2018-09-25,1.649999976158142,1.850000023841858,1.649999976158142,1.850000023841858,35100
2018-09-26,1.75,1.8220000267028809,1.649999976158142,1.649999976158142,13300
2018-09-27,1.850000023841858,2.0,1.600000023841858,1.649999976158142,67300
2018-09-28,1.850000023841858,1.9500000476837158,1.7999999523162842,1.7999999523162842,25800
2018-10-01,1.7999999523162842,1.909999966621399,1.7799999713897705,1.8550000190734863,16200
2018-10-02,1.7300000190734863,1.9019999504089355,1.7209999561309814,1.9019999504089355,5100
2018-10-03,1.6990000009536743,1.8359999656677246,1.559999942779541,1.8359999656677246,51000
2018-10-04,1.649999976158142,1.774999976158142,1.6399999856948853,1.7300000190734863,5700
2018-10-05,1.4199999570846558,1.7309999465942383,1.350000023841858,1.600000023841858,66500
2018-10-08,1.440000057220459,1.4630000591278076,1.409999966621399,1.440000057220459,10600
2018-10-09,1.399999976158142,1.4889999628067017,1.399999976158142,1.4299999475479126,800
2018-10-10,1.4199999570846558,1.4199999570846558,1.399999976158142,1.409999966621399,1500
2018-10-11,1.350000023841858,1.4129999876022339,1.350000023841858,1.409999966621399,11100
2018-10-12,1.3200000524520874,1.3600000143051147,1.149999976158142,1.3600000143051147,23400
2018-10-15,1.2100000381469727,1.2999999523162842,1.2000000476837158,1.2999999523162842,19000
2018-10-16,1.2000000476837158,1.347000002861023,1.159999966621399,1.2100000381469727,9800
2018-10-17,1.25,1.2699999809265137,1.100000023841858,1.159999966621399,30300
2018-10-18,1.090000033378601,1.25,1.090000033378601,1.25,10900
2018-10-19,1.2000000476837158,1.2000000476837158,1.1399999856948853,1.149999976158142,13600
2018-10-22,1.2799999713897705,1.600000023841858,1.190000057220459,1.190000057220459,153300
2018-10-23,1.1100000143051147,1.3849999904632568,1.097000002861023,1.2799999713897705,43700
2018-10-24,1.0499999523162842,1.159999966621399,1.0499999523162842,1.149999976158142,19000
2018-10-25,1.1799999475479126,1.3739999532699585,1.059999942779541,1.1119999885559082,80200
2018-10-26,1.090000033378601,1.2599999904632568,1.090000033378601,1.1200000047683716,26700
2018-10-29,1.0499999523162842,1.1699999570846558,1.0499999523162842,1.097000002861023,5300
2018-10-30,1.0299999713897705,1.1299999952316284,1.0299999713897705,1.0700000524520874,7900
2018-10-31,1.1059999465942383,1.3799999952316284,1.0299999713897705,1.0440000295639038,71100
2018-11-01,1.1100000143051147,1.1699999570846558,1.1100000143051147,1.1699999570846558,1600
2018-11-02,1.1299999952316284,1.1670000553131104,1.1160000562667847,1.1670000553131104,1400
2018-11-05,1.1699999570846558,1.2799999713897705,1.0499999523162842,1.100000023841858,15200
2018-11-06,1.149999976158142,1.1699999570846558,1.100000023841858,1.1699999570846558,4500
2018-11-07,1.1200000047683716,1.159999966621399,1.1200000047683716,1.1399999856948853,1900
2018-11-08,1.0700000524520874,1.190000057220459,1.0499999523162842,1.190000057220459,5400
2018-11-09,1.1390000581741333,1.1390000581741333,1.1009999513626099,1.1009999513626099,2000
2018-11-12,1.0499999523162842,1.149999976158142,1.0499999523162842,1.149999976158142,1500
2018-11-13,1.059999942779541,1.100000023841858,1.0499999523162842,1.0499999523162842,1700
2018-11-14,1.1100000143051147,1.6799999475479126,1.0700000524520874,1.1419999599456787,1090500
2018-11-15,1.2259999513626099,1.2300000190734863,1.0199999809265137,1.149999976158142,130700
2018-11-16,1.190000057220459,1.2000000476837158,1.0499999523162842,1.2000000476837158,13300
2018-11-19,1.1399999856948853,1.190000057220459,1.0700000524520874,1.190000057220459,20400
2018-11-20,1.0800000429153442,1.2139999866485596,1.0700000524520874,1.0789999961853027,14500
2018-11-21,1.0800000429153442,1.2000000476837158,1.0700000524520874,1.1019999980926514,8500
2018-11-23,0.9980000257492065,1.1109999418258667,0.9309999942779541,1.1109999418258667,32300
2018-11-26,1.0,1.1399999856948853,0.9520000219345093,1.1399999856948853,35800
2018-11-27,0.9300000071525574,1.0099999904632568,0.871999979019165,1.0,13400
2018-11-28,0.9300000071525574,1.0,0.8209999799728394,1.0,20400
2018-11-29,0.9399999976158142,0.949999988079071,0.9300000071525574,0.949999988079071,4000
2018-11-30,0.8999999761581421,0.9399999976158142,0.8999999761581421,0.9399999976158142,6100
2018-12-03,0.9200000166893005,0.9279999732971191,0.8619999885559082,0.9240000247955322,9500
2018-12-04,0.8999999761581421,0.949999988079071,0.8999999761581421,0.949999988079071,3000
2018-12-06,0.8700000047683716,0.9440000057220459,0.8500000238418579,0.9440000057220459,10800
2018-12-07,0.7820000052452087,0.9449999928474426,0.7549999952316284,0.8999999761581421,30600
2018-12-10,0.8399999737739563,0.8399999737739563,0.699999988079071,0.75,5800
2018-12-11,0.8299999833106995,0.843999981880188,0.7059999704360962,0.7059999704360962,26000
2018-12-12,0.8299999833106995,0.843999981880188,0.800000011920929,0.8040000200271606,8100
2018-12-13,0.8100000023841858,0.8500000238418579,0.7540000081062317,0.8500000238418579,11100
2018-12-14,0.8119999766349792,0.8539999723434448,0.75,0.8500000238418579,5600
2018-12-17,0.7200000286102295,0.8880000114440918,0.7200000286102295,0.8880000114440918,12500
2018-12-18,0.75,0.75,0.7020000219345093,0.7200000286102295,42900
2018-12-19,0.7099999785423279,0.8500000238418579,0.699999988079071,0.8500000238418579,5500
2018-12-20,0.6200000047683716,0.7059999704360962,0.6100000143051147,0.6570000052452087,24300
2018-12-21,0.5889999866485596,0.7070000171661377,0.5889999866485596,0.6800000071525574,7300
2018-12-24,0.5400000214576721,0.6439999938011169,0.5400000214576721,0.6129999756813049,22200
2018-12-26,0.5699999928474426,0.6200000047683716,0.5099999904632568,0.5400000214576721,16100
2018-12-27,0.6600000262260437,0.6819999814033508,0.550000011920929,0.6200000047683716,7600
2018-12-28,0.621999979019165,0.7459999918937683,0.6110000014305115,0.6209999918937683,16000
2018-12-31,0.6299999952316284,0.6700000166893005,0.5600000023841858,0.5600000023841858,22000
2019-01-02,0.7900000214576721,0.7900000214576721,0.6499999761581421,0.6700000166893005,25800
2019-01-03,0.8100000023841858,0.8199999928474426,0.7900000214576721,0.7900000214576721,7200
2019-01-04,0.800000011920929,0.800000011920929,0.7900000214576721,0.7990000247955322,4600
2019-01-07,1.0,1.0099999904632568,0.8799999952316284,0.8799999952316284,36600
2019-01-08,1.0499999523162842,1.0499999523162842,1.0299999713897705,1.0499999523162842,3700
2019-01-09,0.9950000047683716,0.9950000047683716,0.9269999861717224,0.9269999861717224,3100
2019-01-10,0.9950000047683716,0.9950000047683716,0.9950000047683716,0.9950000047683716,300
2019-01-11,1.0,1.0,1.0,1.0,800
2019-01-14,1.0950000286102295,1.1399999856948853,1.0499999523162842,1.0499999523162842,15100
2019-01-15,1.0499999523162842,1.0800000429153442,1.0499999523162842,1.0800000429153442,3000
2019-01-16,1.0199999809265137,1.0499999523162842,1.0199999809265137,1.0499999523162842,1100
2019-01-17,1.0,1.0499999523162842,0.8700000047683716,0.8700000047683716,13700
2019-01-18,1.0,1.0499999523162842,0.9549999833106995,0.9549999833106995,5000
2019-01-22,1.0,1.1399999856948853,0.9200000166893005,1.1399999856948853,32800
2019-01-23,1.0130000114440918,1.0499999523162842,0.949999988079071,0.949999988079071,8200
2019-01-24,1.0,1.0,1.0,1.0,100
2019-01-25,1.0,1.1699999570846558,1.0,1.059999942779541,5100
2019-01-28,1.0199999809265137,1.090999960899353,1.0199999809265137,1.0299999713897705,1100
2019-01-29,0.9599999785423279,1.0099999904632568,0.9599999785423279,1.0,21100
2019-01-30,1.069000005722046,1.069000005722046,1.0,1.0,700
2019-01-31,0.9800000190734863,1.100000023841858,0.9800000190734863,1.100000023841858,16100
2019-02-01,1.0,1.0,1.0,1.0,900
2019-02-04,1.0,1.0529999732971191,1.0,1.0,1100
2019-02-05,1.0,1.0499999523162842,1.0,1.0,1300
2019-02-06,1.0,1.0,1.0,1.0,100
2019-02-07,1.0379999876022339,1.0379999876022339,1.0379999876022339,1.0379999876022339,200
2019-02-08,0.9800000190734863,0.9800000190734863,0.8700000047683716,0.8700000047683716,3100
2019-02-11,1.0099999904632568,1.0099999904632568,0.8999999761581421,0.8999999761581421,4900
2019-02-12,1.100000023841858,1.100000023841858,0.9900000095367432,0.9900000095367432,17900
2019-02-13,1.159999966621399,1.25,1.0750000476837158,1.1299999952316284,14400
2019-02-14,1.399999976158142,1.4500000476837158,1.149999976158142,1.149999976158142,54200
2019-02-15,1.100000023841858,1.6829999685287476,1.0299999713897705,1.600000023841858,96500
2019-02-19,1.0,1.1399999856948853,0.9440000057220459,1.1399999856948853,20500
2019-02-20,1.0199999809265137,1.059999942779541,1.0099999904632568,1.0399999618530273,14000
2019-02-21,1.0,1.0399999618530273,0.9300000071525574,1.0180000066757202,9600
2019-02-22,1.0199999809265137,1.0199999809265137,1.0199999809265137,1.0199999809265137,700
2019-02-25,0.9829999804496765,0.9829999804496765,0.8700000047683716,0.9430000185966492,7400
2019-02-26,0.9599999785423279,0.9850000143051147,0.9549999833106995,0.9549999833106995,7400
2019-02-27,0.953000009059906,0.9900000095367432,0.949999988079071,0.9900000095367432,11700
2019-02-28,0.9300000071525574,0.9660000205039978,0.9300000071525574,0.9660000205039978,2500
2019-03-01,0.9480000138282776,0.9549999833106995,0.9480000138282776,0.9549999833106995,3500
2019-03-04,0.8999999761581421,0.9549999833106995,0.8999999761581421,0.8999999761581421,6400
2019-03-05,0.8600000143051147,0.8999999761581421,0.8500000238418579,0.8999999761581421,2100
2019-03-06,0.8899999856948853,0.8970000147819519,0.8870000243186951,0.8870000243186951,7200
2019-03-07,0.8500000238418579,0.9300000071525574,0.8500000238418579,0.9039999842643738,6800
2019-03-08,1.0,1.0,0.8600000143051147,0.8999999761581421,30100
2019-03-11,0.949999988079071,1.0,0.8600000143051147,1.0,31600
2019-03-12,0.9700000286102295,0.9750000238418579,0.9700000286102295,0.9700000286102295,1600
2019-03-13,0.953000009059906,0.9800000190734863,0.8650000095367432,0.8650000095367432,3600
2019-03-14,1.4800000190734863,2.930000066757202,0.9800000190734863,0.9900000095367432,8728500
2019-03-15,1.25,1.350000023841858,1.1299999952316284,1.25,372100
2019-03-18,1.190000057220459,1.2699999809265137,1.090000033378601,1.2000000476837158,131700
2019-03-19,1.090000033378601,1.149999976158142,1.0299999713897705,1.149999976158142,100000
2019-03-20,0.9300000071525574,1.0800000429153442,0.8999999761581421,1.0700000524520874,100500
2019-03-21,0.9300000071525574,0.9599999785423279,0.9259999990463257,0.9399999976158142,19000
2019-03-22,0.949999988079071,0.9800000190734863,0.9399999976158142,0.9800000190734863,27600
2019-03-25,0.9570000171661377,1.149999976158142,0.8700000047683716,0.8700000047683716,197000
2019-03-26,1.1699999570846558,1.3700000047683716,0.9399999976158142,0.9470000267028809,464200
2019-03-27,1.1799999475479126,1.4500000476837158,1.1299999952316284,1.1699999570846558,311200
2019-03-28,1.100000023841858,1.2640000581741333,1.100000023841858,1.1699999570846558,50100
2019-03-29,1.100000023841858,1.149999976158142,1.100000023841858,1.1399999856948853,22200
2019-04-01,1.1410000324249268,1.2649999856948853,1.100000023841858,1.100000023841858,21400
2019-04-02,1.3799999952316284,1.600000023841858,1.1410000324249268,1.1699999570846558,345100
2019-04-03,1.4500000476837158,1.5499999523162842,1.3700000047683716,1.3899999856948853,105700
2019-04-04,1.3300000429153442,1.5199999809265137,1.3179999589920044,1.4199999570846558,31400
2019-04-05,1.309999942779541,1.3799999952316284,1.2400000095367432,1.25,36400
2019-04-08,1.3700000047683716,1.399999976158142,1.312000036239624,1.340000033378601,26300
2019-04-09,1.399999976158142,1.4199999570846558,1.3700000047683716,1.3700000047683716,20800
2019-04-10,1.4700000286102295,1.5700000524520874,1.4299999475479126,1.4299999475479126,12700
2019-04-11,1.2999999523162842,1.5,1.2999999523162842,1.4600000381469727,17000
2019-04-12,1.2599999904632568,1.4830000400543213,1.2599999904632568,1.4830000400543213,5300
2019-04-15,1.2799999713897705,1.3899999856948853,1.1610000133514404,1.2899999618530273,48000
2019-04-16,1.2599999904632568,1.340000033378601,1.2000000476837158,1.2999999523162842,43600
2019-04-17,1.2799999713897705,1.2799999713897705,1.2369999885559082,1.2799999713897705,1500
2019-04-18,1.2799999713897705,1.2899999618530273,1.149999976158142,1.2899999618530273,16300
2019-04-22,1.1200000047683716,1.2319999933242798,1.062000036239624,1.149999976158142,32500
2019-04-23,1.149999976158142,1.2699999809265137,1.1299999952316284,1.1299999952316284,10400
2019-04-24,1.1699999570846558,1.2100000381469727,1.1299999952316284,1.1699999570846558,11500
2019-04-25,1.0499999523162842,1.1649999618530273,1.0499999523162842,1.149999976158142,1800
2019-04-26,1.1100000143051147,1.1150000095367432,1.0499999523162842,1.0499999523162842,8500
2019-04-29,1.0499999523162842,1.1100000143051147,1.0499999523162842,1.1100000143051147,16200
2019-04-30,1.3600000143051147,1.3600000143051147,1.0299999713897705,1.0800000429153442,89600
2019-05-01,1.2100000381469727,1.3140000104904175,1.1200000047683716,1.309999942779541,20900
2019-05-02,1.2899999618530273,1.2899999618530273,1.2130000591278076,1.2419999837875366,13600
2019-05-03,1.2100000381469727,1.2799999713897705,1.1100000143051147,1.2799999713897705,12100
2019-05-06,1.149999976158142,1.2400000095367432,1.149999976158142,1.2400000095367432,2800
2019-05-07,1.2200000286102295,1.2239999771118164,1.149999976158142,1.149999976158142,2800
2019-05-08,1.218999981880188,1.2200000286102295,1.1519999504089355,1.2200000286102295,3500
2019-05-09,1.1640000343322754,1.1640000343322754,1.1640000343322754,1.1640000343322754,300
2019-05-10,1.159999966621399,1.2259999513626099,1.1549999713897705,1.159999966621399,1400
2019-05-13,1.1699999570846558,1.2300000190734863,1.1610000133514404,1.2100000381469727,6200
2019-05-14,1.1660000085830688,1.2200000286102295,1.159999966621399,1.190000057220459,2500
2019-05-15,1.1799999475479126,1.2000000476837158,1.159999966621399,1.1699999570846558,13700
2019-05-16,1.2000000476837158,1.2389999628067017,1.2000000476837158,1.2000000476837158,9500
2019-05-17,1.2510000467300415,1.2929999828338623,1.2000000476837158,1.2000000476837158,6400
2019-05-20,1.2300000190734863,1.2300000190734863,1.2029999494552612,1.2029999494552612,6100
2019-05-21,1.159999966621399,1.190000057220459,1.159999966621399,1.190000057220459,4400
2019-05-22,1.1100000143051147,1.149999976158142,1.100000023841858,1.1399999856948853,9200
2019-05-23,1.1519999504089355,1.1519999504089355,1.100000023841858,1.100000023841858,1000
2019-05-24,1.1059999465942383,1.1059999465942383,1.1059999465942383,1.1059999465942383,300
2019-05-28,1.1640000343322754,1.1640000343322754,1.1260000467300415,1.1260000467300415,300
2019-05-29,1.1610000133514404,1.1610000133514404,1.149999976158142,1.149999976158142,400
2019-05-30,1.2100000381469727,1.246000051498413,1.1200000047683716,1.1200000047683716,2600
2019-05-31,1.100000023841858,1.100000023841858,1.100000023841858,1.100000023841858,300
2019-06-03,1.1399999856948853,1.1399999856948853,1.100000023841858,1.100000023841858,1800
2019-06-04,1.1100000143051147,1.1100000143051147,1.1100000143051147,1.1100000143051147,300
2019-06-05,1.0199999809265137,1.1100000143051147,1.0099999904632568,1.0240000486373901,6800
2019-06-06,1.0499999523162842,1.100000023841858,1.0499999523162842,1.100000023841858,1900
2019-06-07,1.1349999904632568,1.1360000371932983,1.100000023841858,1.100000023841858,3200
2019-06-10,1.100000023841858,1.100000023841858,1.100000023841858,1.100000023841858,300
2019-06-11,1.3700000047683716,1.6419999599456787,1.1100000143051147,1.1100000143051147,281900
2019-06-12,1.2699999809265137,1.399999976158142,1.149999976158142,1.3799999952316284,32200
2019-06-13,1.2100000381469727,1.350000023841858,1.100000023841858,1.350000023841858,6100
2019-06-14,1.2400000095367432,1.25,1.2000000476837158,1.2000000476837158,5800
2019-06-17,1.1200000047683716,1.2100000381469727,1.1200000047683716,1.2100000381469727,4800
2019-06-18,1.1699999570846558,1.190000057220459,1.0800000429153442,1.1399999856948853,9500
2019-06-19,1.1799999475479126,1.2100000381469727,1.159999966621399,1.159999966621399,900
2019-06-20,1.0499999523162842,1.1059999465942383,1.0499999523162842,1.100000023841858,1800
2019-06-21,1.0800000429153442,1.1299999952316284,1.0750000476837158,1.100000023841858,4100
2019-06-24,0.9570000171661377,1.100000023841858,0.9570000171661377,1.100000023841858,6200
2019-06-25,1.340000033378601,2.549999952316284,1.0800000429153442,1.100000023841858,13459500
2019-06-26,1.25,1.2799999713897705,1.1200000047683716,1.2000000476837158,469200
2019-06-27,1.100000023841858,1.2400000095367432,1.100000023841858,1.2300000190734863,125500
2019-06-28,1.159999966621399,1.2400000095367432,1.100000023841858,1.149999976158142,63400
2019-07-01,1.059999942779541,1.159999966621399,1.0399999618530273,1.159999966621399,39600
2019-07-02,1.100000023841858,1.4600000381469727,1.0499999523162842,1.100000023841858,410100
2019-07-03,1.1299999952316284,1.1799999475479126,1.100000023841858,1.100000023841858,40300
2019-07-05,1.1100000143051147,1.1699999570846558,1.0499999523162842,1.1200000047683716,18300
2019-07-08,1.0700000524520874,1.1449999809265137,1.0700000524520874,1.100000023841858,26800
2019-07-09,1.0700000524520874,1.1399999856948853,1.0299999713897705,1.100000023841858,24300
2019-07-10,1.100000023841858,1.1299999952316284,1.0149999856948853,1.0800000429153442,23900
2019-07-11,1.0099999904632568,1.100000023841858,1.0099999904632568,1.090000033378601,30500
2019-07-12,1.0700000524520874,1.090000033378601,1.0199999809265137,1.0199999809265137,9600
2019-07-15,1.059999942779541,1.1299999952316284,1.0199999809265137,1.059999942779541,43500
2019-07-16,1.059999942779541,1.1100000143051147,1.0199999809265137,1.059999942779541,3400
2019-07-17,1.100000023841858,1.100000023841858,1.0329999923706055,1.0499999523162842,24500
2019-07-18,1.093000054359436,1.093000054359436,1.0299999713897705,1.0729999542236328,12800
2019-07-19,1.0499999523162842,1.1100000143051147,1.0399999618530273,1.100000023841858,20500
2019-07-22,1.059999942779541,1.100000023841858,1.0490000247955322,1.100000023841858,10100
2019-07-23,1.0,1.090000033378601,0.9900000095367432,1.059999942779541,21800
2019-07-24,1.0,1.0399999618530273,1.0,1.0260000228881836,16300
2019-07-25,1.0399999618530273,1.0499999523162842,1.0,1.0,25500
2019-07-26,1.0399999618530273,1.0889999866485596,1.0099999904632568,1.0889999866485596,7800
2019-07-29,1.0,1.090000033378601,1.0,1.090000033378601,12000
2019-07-30,1.0290000438690186,1.059999942779541,1.0199999809265137,1.0499999523162842,13700
2019-07-31,1.0099999904632568,1.059999942779541,1.0099999904632568,1.059999942779541,11600
2019-08-01,1.0199999809265137,1.0549999475479126,1.0099999904632568,1.0549999475479126,22700
2019-08-02,1.0499999523162842,1.0499999523162842,0.949999988079071,1.0099999904632568,9400
2019-08-05,0.9909999966621399,1.0099999904632568,0.949999988079071,1.0,12300
2019-08-06,1.0199999809265137,1.0299999713897705,0.9919999837875366,0.9919999837875366,11800
2019-08-07,1.0099999904632568,1.0099999904632568,0.9599999785423279,1.0,7700
2019-08-08,0.9900000095367432,1.0399999618530273,0.9599999785423279,0.9599999785423279,25400
2019-08-09,0.9860000014305115,0.9860000014305115,0.9700000286102295,0.9700000286102295,2200
2019-08-12,1.0149999856948853,1.0399999618530273,0.949999988079071,1.0,12800
2019-08-13,1.0,1.0099999904632568,0.9549999833106995,0.9549999833106995,1100
2019-08-14,1.0,1.0,0.9700000286102295,1.0,5600
2019-08-15,0.9580000042915344,0.9599999785423279,0.949999988079071,0.9599999785423279,7800
2019-08-16,0.9549999833106995,0.9629999995231628,0.949999988079071,0.949999988079071,1000
2019-08-19,0.9980000257492065,1.0049999952316284,0.9750000238418579,0.9750000238418579,800
2019-08-20,0.9900000095367432,0.9900000095367432,0.9710000157356262,0.9710000157356262,2000
2019-08-21,0.9900000095367432,1.0,0.9300000071525574,0.949999988079071,7300
2019-08-22,0.9789999723434448,0.9800000190734863,0.9509999752044678,0.9789999723434448,3500
2019-08-23,1.0,1.0,0.949999988079071,0.949999988079071,6000
2019-08-26,1.0499999523162842,1.059999942779541,0.9539999961853027,0.9599999785423279,13100
2019-08-27,0.9900000095367432,0.9900000095367432,0.9610000252723694,0.9610000252723694,19600
2019-08-28,0.9890000224113464,0.9900000095367432,0.9599999785423279,0.9599999785423279,2500
2019-08-29,0.9200000166893005,0.9810000061988831,0.8640000224113464,0.9810000061988831,23200
2019-08-30,0.8640000224113464,0.925000011920929,0.8640000224113464,0.9200000166893005,9800
2019-09-03,0.8679999709129333,0.9070000052452087,0.8640000224113464,0.8640000224113464,2700
2019-09-04,0.7850000262260437,0.8690000176429749,0.699999988079071,0.8500000238418579,53000
2019-09-05,0.7540000081062317,0.800000011920929,0.75,0.7919999957084656,8600
2019-09-06,0.7670000195503235,0.8299999833106995,0.7599999904632568,0.7599999904632568,9600
2019-09-09,0.7850000262260437,0.8100000023841858,0.7850000262260437,0.8080000281333923,4100
2019-09-10,0.8100000023841858,0.9399999976158142,0.7599999904632568,0.7799999713897705,41400
2019-09-11,0.8199999928474426,0.8740000128746033,0.7799999713897705,0.7799999713897705,28700
2019-09-12,0.8399999737739563,0.8399999737739563,0.7799999713897705,0.7850000262260437,4400
2019-09-13,0.800000011920929,0.8460000157356262,0.7900000214576721,0.7900000214576721,18700
2019-09-16,0.8199999928474426,0.8500000238418579,0.8199999928474426,0.8199999928474426,7900
2019-09-17,0.8500000238418579,0.921999990940094,0.8100000023841858,0.8100000023841858,21200
2019-09-18,0.8299999833106995,0.8500000238418579,0.800000011920929,0.8339999914169312,7700
2019-09-19,0.8299999833106995,0.9100000262260437,0.8130000233650208,0.8320000171661377,8500
2019-09-20,0.8849999904632568,0.8999999761581421,0.8299999833106995,0.8999999761581421,3400
2019-09-23,0.8299999833106995,0.8870000243186951,0.8299999833106995,0.8849999904632568,4400
2019-09-24,0.8489999771118164,0.8799999952316284,0.75,0.8510000109672546,28500
2019-09-25,0.8299999833106995,0.8799999952316284,0.8299999833106995,0.8600000143051147,1300
2019-09-26,0.7720000147819519,0.949999988079071,0.699999988079071,0.8299999833106995,173400
2019-09-27,0.7799999713897705,0.8190000057220459,0.7799999713897705,0.7910000085830688,23100
2019-09-30,0.8339999914169312,0.949999988079071,0.800000011920929,0.800000011920929,52600
2019-10-01,0.8199999928474426,0.9490000009536743,0.8130000233650208,0.9490000009536743,5000
2019-10-02,0.7820000052452087,0.8610000014305115,0.7820000052452087,0.8100000023841858,4000
2019-10-03,0.8999999761581421,0.949999988079071,0.800000011920929,0.9200000166893005,38700
2019-10-04,0.9369999766349792,1.0,0.9169999957084656,0.9169999957084656,41500
2019-10-07,0.9200000166893005,0.949999988079071,0.8019999861717224,0.949999988079071,31300
2019-10-08,1.0499999523162842,1.0770000219345093,0.8199999928474426,0.8199999928474426,216600
2019-10-09,0.9419999718666077,1.0199999809265137,0.8600000143051147,0.8600000143051147,8400
2019-10-10,1.024999976158142,1.100000023841858,0.949999988079071,1.0800000429153442,8300
2019-10-11,0.9950000047683716,1.0499999523162842,0.949999988079071,0.9729999899864197,35000
2019-10-14,0.9810000061988831,1.0499999523162842,0.9100000262260437,1.0499999523162842,13100
2019-10-15,1.059999942779541,1.309999942779541,0.8709999918937683,0.8709999918937683,341100
2019-10-16,1.0499999523162842,1.059999942779541,1.0,1.059999942779541,35800
2019-10-17,1.0049999952316284,1.031000018119812,0.9459999799728394,1.0010000467300415,3500
2019-10-18,0.9760000109672546,1.059999942779541,0.949999988079071,0.9860000014305115,18000
2019-10-21,1.0099999904632568,1.0499999523162842,0.9599999785423279,0.9800000190734863,9100
2019-10-22,1.0,1.0199999809265137,0.9599999785423279,0.9800000190734863,6400
2019-10-23,0.9520000219345093,1.100000023841858,0.8700000047683716,0.9169999957084656,7900
2019-10-24,0.9980000257492065,1.0,0.9399999976158142,0.9399999976158142,10400
2019-10-25,0.949999988079071,0.9710000157356262,0.9200000166893005,0.9710000157356262,5900
2019-10-28,0.949999988079071,0.9549999833106995,0.9210000038146973,0.9300000071525574,1700
2019-10-29,0.9399999976158142,0.9559999704360962,0.9399999976158142,0.9539999961853027,900
2019-10-30,0.9210000038146973,0.9490000009536743,0.9210000038146973,0.9490000009536743,2000
2019-10-31,0.9100000262260437,0.9100000262260437,0.8809999823570251,0.9100000262260437,12900
2019-11-01,0.8899999856948853,0.8999999761581421,0.8460000157356262,0.8999999761581421,12500
2019-11-04,0.8999999761581421,0.9100000262260437,0.8600000143051147,0.8600000143051147,7700
2019-11-05,0.9800000190734863,0.9800000190734863,0.9190000295639038,0.949999988079071,7300
2019-11-06,0.9120000004768372,0.949999988079071,0.8999999761581421,0.949999988079071,5900
2019-11-07,0.8999999761581421,0.9610000252723694,0.8999999761581421,0.9610000252723694,3700
2019-11-08,0.8999999761581421,0.9800000190734863,0.8999999761581421,0.8999999761581421,1200
2019-11-11,0.8799999952316284,0.8799999952316284,0.8650000095367432,0.8700000047683716,2100
2019-11-12,0.8349999785423279,0.8600000143051147,0.8349999785423279,0.847000002861023,3100
2019-11-13,0.8709999918937683,0.9300000071525574,0.8709999918937683,0.8859999775886536,3900
2019-11-14,0.8500000238418579,0.8610000014305115,0.8450000286102295,0.8500000238418579,3300
2019-11-15,0.8299999833106995,0.8429999947547913,0.8199999928474426,0.8199999928474426,12200
2019-11-18,0.847000002861023,0.847000002861023,0.847000002861023,0.847000002861023,1100
2019-11-19,0.8799999952316284,0.9300000071525574,0.7919999957084656,0.9300000071525574,2700
2019-11-20,0.7799999713897705,0.8999999761581421,0.7799999713897705,0.7799999713897705,8400
2019-11-21,0.800000011920929,0.8600000143051147,0.75,0.75,3000
2019-11-22,0.8040000200271606,0.8199999928474426,0.800000011920929,0.8199999928474426,1700
2019-11-25,0.8299999833106995,0.8479999899864197,0.828000009059906,0.8299999833106995,3700
2019-11-26,0.8500000238418579,0.9800000190734863,0.800000011920929,0.8539999723434448,26100
2019-11-27,0.8149999976158142,0.8299999833106995,0.8149999976158142,0.8299999833106995,900
2019-11-29,0.8429999947547913,0.8429999947547913,0.8399999737739563,0.8399999737739563,1900
2019-12-02,0.8100000023841858,0.8199999928474426,0.8100000023841858,0.8100000023841858,1500
2019-12-03,0.8759999871253967,0.9359999895095825,0.8759999871253967,0.9359999895095825,900
2019-12-04,0.8330000042915344,0.8659999966621399,0.8330000042915344,0.8360000252723694,2700
2019-12-05,0.8199999928474426,0.8999999761581421,0.8199999928474426,0.8999999761581421,7300
2019-12-06,0.8600000143051147,0.8600000143051147,0.8600000143051147,0.8600000143051147,500
2019-12-09,0.8899999856948853,0.8999999761581421,0.8600000143051147,0.8600000143051147,3700
2019-12-10,0.949999988079071,0.9900000095367432,0.8999999761581421,0.8999999761581421,27800
2019-12-11,0.8999999761581421,0.9300000071525574,0.8999999761581421,0.9300000071525574,9300
2019-12-12,0.921999990940094,0.921999990940094,0.8600000143051147,0.9200000166893005,2500
2019-12-13,0.824999988079071,0.8999999761581421,0.8199999928474426,0.8870000243186951,6800
2019-12-16,0.8999999761581421,0.8999999761581421,0.8500000238418579,0.8500000238418579,800
2019-12-17,0.9200000166893005,0.9200000166893005,0.8759999871253967,0.9200000166893005,17500
2019-12-18,0.8899999856948853,0.8899999856948853,0.8379999995231628,0.8379999995231628,3000
2019-12-19,0.8199999928474426,0.8479999899864197,0.8199999928474426,0.8479999899864197,3700
2019-12-20,0.8100000023841858,0.8619999885559082,0.8100000023841858,0.8600000143051147,7800
2019-12-23,0.7770000100135803,0.8199999928474426,0.7630000114440918,0.8199999928474426,6100
2019-12-24,0.75,0.7599999904632568,0.75,0.7599999904632568,8200
2019-12-26,0.7749999761581421,0.7990000247955322,0.7300000190734863,0.7699999809265137,9100
2019-12-27,0.7400000095367432,0.75,0.699999988079071,0.7260000109672546,9100
2019-12-30,0.7599999904632568,0.7639999985694885,0.7390000224113464,0.7599999904632568,8000
2019-12-31,0.7450000047683716,0.7609999775886536,0.699999988079071,0.7609999775886536,8900
2020-01-02,0.800000011920929,0.800000011920929,0.7229999899864197,0.7400000095367432,13500
2020-01-03,0.7799999713897705,0.8650000095367432,0.7620000243186951,0.7799999713897705,73300
2020-01-06,0.9300000071525574,0.9300000071525574,0.800000011920929,0.800000011920929,61200
2020-01-07,0.9589999914169312,0.9700000286102295,0.847000002861023,0.847000002861023,58500
2020-01-08,0.9570000171661377,1.0130000114440918,0.8849999904632568,0.9290000200271606,11000
2020-01-09,0.9700000286102295,0.9800000190734863,0.949999988079071,0.949999988079071,1700
2020-01-10,0.949999988079071,0.949999988079071,0.949999988079071,0.949999988079071,500
2020-01-13,0.9150000214576721,0.9599999785423279,0.9150000214576721,0.9549999833106995,7100
2020-01-14,0.8659999966621399,0.9900000095367432,0.8659999966621399,0.9900000095367432,2300
2020-01-15,0.8659999966621399,0.8659999966621399,0.8659999966621399,0.8659999966621399,0
2020-01-16,1.0,1.0099999904632568,0.9399999976158142,0.9900000095367432,17900
2020-01-17,0.9900000095367432,1.100000023841858,0.9800000190734863,1.0889999866485596,11000
2020-01-21,1.0199999809265137,1.031000018119812,0.9760000109672546,1.0049999952316284,12400
2020-01-22,1.0199999809265137,1.100000023841858,0.8629999756813049,1.0199999809265137,7800
2020-01-23,1.0399999618530273,1.090000033378601,1.031000018119812,1.031000018119812,2800
2020-01-24,1.090000033378601,1.100000023841858,1.0800000429153442,1.0800000429153442,24900
2020-01-27,1.0700000524520874,1.0800000429153442,1.059999942779541,1.0700000524520874,7000
2020-01-28,1.0700000524520874,1.0700000524520874,1.0199999809265137,1.0199999809265137,4100
2020-01-29,1.0700000524520874,1.0700000524520874,1.0399999618530273,1.059999942779541,15400
2020-01-30,0.9520000219345093,1.090000033378601,0.9100000262260437,1.090000033378601,2200
2020-01-31,0.9279999732971191,0.9279999732971191,0.9200000166893005,0.9200000166893005,2400
2020-02-03,1.0,1.0,0.8799999952316284,0.8799999952316284,4100
2020-02-04,1.0089999437332153,1.0479999780654907,1.0089999437332153,1.0479999780654907,2300
2020-02-05,0.9629999995231628,1.0,0.9629999995231628,1.0,1700
2020-02-06,1.0149999856948853,1.0149999856948853,1.0,1.0,2500
2020-02-07,1.1050000190734863,1.7200000286102295,1.0099999904632568,1.0360000133514404,817400
2020-02-10,1.2070000171661377,1.3700000047683716,1.0800000429153442,1.1299999952316284,142500
2020-02-11,1.1799999475479126,1.3300000429153442,1.159999966621399,1.3300000429153442,41300
2020-02-12,1.2599999904632568,1.277999997138977,1.100000023841858,1.149999976158142,76300
2020-02-13,1.1380000114440918,1.2599999904632568,1.1299999952316284,1.2000000476837158,11000
2020-02-14,1.2799999713897705,1.2899999618530273,1.1399999856948853,1.2100000381469727,64800
2020-02-18,1.25,1.2699999809265137,1.190000057220459,1.2300000190734863,12800
2020-02-19,1.2200000286102295,1.2400000095367432,1.1059999465942383,1.1790000200271606,14300
2020-02-20,1.2599999904632568,1.2699999809265137,1.2200000286102295,1.2599999904632568,11500
2020-02-21,1.5,1.8600000143051147,1.2300000190734863,1.2599999904632568,387900
2020-02-24,1.4700000286102295,1.7200000286102295,1.149999976158142,1.4700000286102295,95300
2020-02-25,1.440000057220459,1.75,1.350000023841858,1.440000057220459,12900
2020-02-26,1.3600000143051147,1.565999984741211,1.3519999980926514,1.409999966621399,6300
2020-02-27,1.409999966621399,1.559999942779541,1.350000023841858,1.350000023841858,18000
2020-02-28,1.3899999856948853,1.562000036239624,1.2699999809265137,1.4600000381469727,5700
2020-03-02,1.2970000505447388,1.5299999713897705,1.0299999713897705,1.0299999713897705,10400
2020-03-03,1.5,1.5,1.2630000114440918,1.340000033378601,10900
2020-03-04,1.3700000047683716,1.4470000267028809,1.149999976158142,1.1799999475479126,5000
2020-03-05,1.315000057220459,1.3819999694824219,1.2100000381469727,1.3819999694824219,5900
2020-03-06,1.25,1.2699999809265137,1.25,1.2649999856948853,6200
2020-03-09,1.2000000476837158,1.2200000286102295,1.1640000343322754,1.2200000286102295,21200
2020-03-10,1.2710000276565552,1.399999976158142,1.159999966621399,1.187000036239624,39100
2020-03-11,1.0829999446868896,1.3200000524520874,1.0829999446868896,1.2130000591278076,15200
2020-03-12,1.1399999856948853,1.149999976158142,1.0,1.0499999523162842,2300
2020-03-13,1.1360000371932983,1.2300000190734863,1.059999942779541,1.0800000429153442,9300
2020-03-16,1.100000023841858,1.25,1.0499999523162842,1.059999942779541,2700
2020-03-17,1.1399999856948853,1.1610000133514404,1.0529999732971191,1.0529999732971191,5100
2020-03-18,1.0,1.100000023841858,1.0,1.0099999904632568,2000
2020-03-19,0.9599999785423279,1.0,0.8209999799728394,0.9300000071525574,13400
2020-03-20,0.7400000095367432,0.9599999785423279,0.7400000095367432,0.9599999785423279,29300
2020-03-23,0.7400000095367432,0.8100000023841858,0.7400000095367432,0.7429999709129333,19900
2020-03-24,0.8500000238418579,0.8539999723434448,0.8500000238418579,0.8500000238418579,2200
2020-03-25,0.8840000033378601,0.8899999856948853,0.8500000238418579,0.878000020980835,2700
2020-03-26,0.7900000214576721,0.8880000114440918,0.7799999713897705,0.8880000114440918,6500
2020-03-27,0.7839999794960022,0.8700000047683716,0.7799999713897705,0.8500000238418579,6100
2020-03-30,0.8090000152587891,0.8090000152587891,0.7509999871253967,0.7509999871253967,1100
2020-03-31,0.8730000257492065,0.8730000257492065,0.8730000257492065,0.8730000257492065,2500
2020-04-01,0.8730000257492065,0.8730000257492065,0.8730000257492065,0.8730000257492065,300
2020-04-02,0.8790000081062317,0.8790000081062317,0.765999972820282,0.765999972820282,1100
2020-04-03,0.7799999713897705,0.8790000081062317,0.7799999713897705,0.8790000081062317,400
2020-04-06,0.7900000214576721,0.8420000076293945,0.7900000214576721,0.8420000076293945,2400
2020-04-07,0.8100000023841858,0.8489999771118164,0.8059999942779541,0.8489999771118164,700
2020-04-08,0.7900000214576721,0.7900000214576721,0.7900000214576721,0.7900000214576721,400
2020-04-09,0.7900000214576721,0.7900000214576721,0.7850000262260437,0.7900000214576721,7200
2020-04-13,0.8199999928474426,0.8500000238418579,0.8199999928474426,0.8500000238418579,400
2020-04-14,0.8399999737739563,0.8450000286102295,0.7799999713897705,0.8100000023841858,17400
2020-04-15,0.8999999761581421,1.0880000591278076,0.7799999713897705,0.800000011920929,87600
2020-04-16,0.9589999914169312,1.0399999618530273,0.8799999952316284,0.9700000286102295,32300
2020-04-17,0.843999981880188,1.0299999713897705,0.843999981880188,1.0,4300
2020-04-20,0.878000020980835,0.9459999799728394,0.7799999713897705,0.7820000052452087,7100
2020-04-21,0.7799999713897705,0.878000020980835,0.7799999713897705,0.878000020980835,8500
2020-04-22,0.800000011920929,0.878000020980835,0.7900000214576721,0.878000020980835,1700
2020-04-23,0.8199999928474426,0.8700000047683716,0.8199999928474426,0.8700000047683716,3100
2020-04-24,0.8299999833106995,0.8700000047683716,0.8199999928474426,0.8389999866485596,6300
2020-04-27,0.8790000081062317,0.9200000166893005,0.8379999995231628,0.9200000166893005,2500
2020-04-28,0.8379999995231628,0.8479999899864197,0.8379999995231628,0.8479999899864197,1100
2020-04-29,0.8410000205039978,0.8799999952316284,0.8410000205039978,0.8799999952316284,1500
2020-04-30,0.8450000286102295,0.8740000128746033,0.8379999995231628,0.8420000076293945,12100
2020-05-01,0.8550000190734863,0.8560000061988831,0.8399999737739563,0.8399999737739563,3900
2020-05-04,0.8799999952316284,0.8799999952316284,0.8399999737739563,0.8500000238418579,11700
2020-05-05,0.8500000238418579,0.8650000095367432,0.800000011920929,0.8399999737739563,5700
2020-05-06,0.8500000238418579,0.9100000262260437,0.8199999928474426,0.9100000262260437,13800
2020-05-07,0.8450000286102295,0.9599999785423279,0.800000011920929,0.800000011920929,17700
2020-05-08,0.949999988079071,0.9700000286102295,0.8700000047683716,0.925000011920929,7800
2020-05-11,0.9800000190734863,1.0,0.949999988079071,0.9589999914169312,20400
2020-05-12,1.0199999809265137,1.0299999713897705,1.0,1.0,6500
2020-05-13,0.9129999876022339,0.9639999866485596,0.8550000190734863,0.8700000047683716,6700
2020-05-14,0.9129999876022339,0.9129999876022339,0.9129999876022339,0.9129999876022339,0
2020-05-15,0.9309999942779541,0.9319999814033508,0.8220000267028809,0.875,18200
2020-05-18,0.8999999761581421,0.9629999995231628,0.8899999856948853,0.949999988079071,5900
2020-05-19,0.8840000033378601,0.8999999761581421,0.8700000047683716,0.8899999856948853,1900
2020-05-20,0.9139999747276306,0.9139999747276306,0.8700000047683716,0.8700000047683716,1100
2020-05-21,0.8700000047683716,0.9200000166893005,0.8700000047683716,0.9200000166893005,3800
2020-05-22,0.8999999761581421,0.9089999794960022,0.8700000047683716,0.8700000047683716,3200
2020-05-26,0.9200000166893005,0.9200000166893005,0.8700000047683716,0.8700000047683716,4300
2020-05-27,0.8999999761581421,0.8999999761581421,0.8700000047683716,0.8999999761581421,7900
2020-05-28,0.9990000128746033,1.0299999713897705,0.8700000047683716,0.8700000047683716,40800
2020-05-29,1.0,1.0,0.9700000286102295,0.9750000238418579,9600
2020-06-01,1.0199999809265137,1.340000033378601,0.9629999995231628,1.0199999809265137,48100
2020-06-02,1.024999976158142,1.100000023841858,0.9800000190734863,0.9800000190734863,9900
2020-06-03,0.9210000038146973,1.0299999713897705,0.9100000262260437,1.024999976158142,3700
2020-06-04,1.0,1.0080000162124634,0.9449999928474426,0.9449999928474426,2900
2020-06-05,1.0399999618530273,1.090000033378601,0.9150000214576721,0.9200000166893005,8400
2020-06-08,1.0399999618530273,1.100000023841858,0.9430000185966492,1.0299999713897705,18400
2020-06-09,1.0499999523162842,1.100000023841858,1.0499999523162842,1.0499999523162842,4300
2020-06-10,1.0,1.2999999523162842,1.0,1.1200000047683716,220300
2020-06-11,1.0499999523162842,1.2999999523162842,1.0499999523162842,1.100000023841858,177700
2020-06-12,1.2000000476837158,1.2999999523162842,1.0399999618530273,1.1399999856948853,100300
2020-06-15,1.159999966621399,1.25,1.0989999771118164,1.2400000095367432,50600
2020-06-16,1.1699999570846558,1.25,1.1200000047683716,1.1799999475479126,33800
2020-06-17,1.3700000047683716,1.9700000286102295,1.0800000429153442,1.159999966621399,731800
2020-06-18,1.3300000429153442,1.350000023841858,1.1200000047683716,1.190000057220459,92500
2020-06-19,1.6299999952316284,3.890000104904175,1.149999976158142,1.2899999618530273,14350500
2020-06-22,1.2400000095367432,1.5,1.2000000476837158,1.4900000095367432,980200
2020-06-23,1.2100000381469727,1.3799999952316284,1.1299999952316284,1.25,757600
2020-06-24,1.2100000381469727,1.2799999713897705,1.1699999570846558,1.2699999809265137,303500
2020-06-25,1.149999976158142,1.2359999418258667,1.0800000429153442,1.2000000476837158,208700
2020-06-26,1.0199999809265137,1.159999966621399,0.8500000238418579,1.1299999952316284,379700
2020-06-29,1.0,1.0399999618530273,0.949999988079071,1.0299999713897705,169200
2020-06-30,1.399999976158142,1.850000023841858,1.2200000286102295,1.2599999904632568,7123100
2020-07-01,1.149999976158142,1.3300000429153442,1.0499999523162842,1.3300000429153442,1096500
2020-07-02,1.1100000143051147,1.1699999570846558,1.090000033378601,1.1100000143051147,182600
2020-07-06,1.25,1.350000023841858,1.0700000524520874,1.1200000047683716,1054300
2020-07-07,1.1100000143051147,1.2200000286102295,1.100000023841858,1.2100000381469727,253700
2020-07-08,1.0800000429153442,1.1200000047683716,1.0499999523162842,1.1200000047683716,150000
2020-07-09,1.059999942779541,1.1200000047683716,1.059999942779541,1.059999942779541,106600
2020-07-10,1.090000033378601,1.090000033378601,1.0299999713897705,1.059999942779541,126500
2020-07-13,1.090000033378601,1.1200000047683716,1.059999942779541,1.1200000047683716,151600
2020-07-14,1.0499999523162842,1.090000033378601,1.0399999618530273,1.0700000524520874,83200
2020-07-15,1.0700000524520874,1.25,1.0499999523162842,1.159999966621399,531800
2020-07-16,1.100000023841858,1.149999976158142,1.0399999618530273,1.0499999523162842,176200
2020-07-17,1.090000033378601,1.159999966621399,1.0700000524520874,1.0800000429153442,156700
2020-07-20,1.090000033378601,1.1069999933242798,1.0499999523162842,1.090000033378601,111600
2020-07-21,1.1399999856948853,1.2000000476837158,1.0700000524520874,1.100000023841858,300200
2020-07-22,1.1549999713897705,1.2289999723434448,1.1100000143051147,1.149999976158142,98000
2020-07-23,1.149999976158142,1.2300000190734863,1.1200000047683716,1.1799999475479126,156900
2020-07-24,1.149999976158142,1.149999976158142,1.1200000047683716,1.1299999952316284,42300
2020-07-27,1.13100004196167,1.1449999809265137,1.090000033378601,1.1399999856948853,61700
2020-07-28,1.2200000286102295,1.2799999713897705,1.1100000143051147,1.1200000047683716,263800
2020-07-29,1.159999966621399,1.2000000476837158,1.1299999952316284,1.2000000476837158,126600
2020-07-30,1.149999976158142,1.2000000476837158,1.1299999952316284,1.159999966621399,49500
2020-07-31,1.3899999856948853,1.440000057220459,1.1519999504089355,1.1699999570846558,1219600
2020-08-03,1.25,1.350000023841858,1.1699999570846558,1.2400000095367432,308500
2020-08-04,1.2899999618530273,1.340000033378601,1.215000033378601,1.2599999904632568,152800
2020-08-05,1.25,1.3300000429153442,1.2300000190734863,1.309999942779541,71800
2020-08-06,1.2799999713897705,1.3300000429153442,1.2100000381469727,1.3300000429153442,120800
2020-08-07,1.2300000190734863,1.2899999618530273,1.190000057220459,1.2599999904632568,79900
2020-08-10,1.1699999570846558,1.25,1.149999976158142,1.2100000381469727,6715500
2020-08-11,1.8300000429153442,2.549999952316284,1.6399999856948853,2.0799999237060547,70414500
2020-08-12,2.0,2.0399999618530273,1.6299999952316284,1.6299999952316284,2806900
2020-08-13,1.7699999809265137,2.0,1.7200000286102295,1.7599999904632568,743100
2020-08-14,1.5800000429153442,1.7400000095367432,1.5499999523162842,1.7400000095367432,664000
2020-08-17,1.5800000429153442,1.6419999599456787,1.4700000286102295,1.4700000286102295,200300
2020-08-18,1.3899999856948853,1.559999942779541,1.3799999952316284,1.5199999809265137,180500
2020-08-19,1.4299999475479126,1.4600000381469727,1.38100004196167,1.3899999856948853,125600
2020-08-20,1.2999999523162842,1.4199999570846558,1.2599999904632568,1.3700000047683716,190200
2020-08-21,1.2899999618530273,1.350000023841858,1.2699999809265137,1.2699999809265137,142700
2020-08-24,1.2999999523162842,1.309999942779541,1.2200000286102295,1.2599999904632568,146600
2020-08-25,1.3200000524520874,1.340000033378601,1.2599999904632568,1.2599999904632568,153900
2020-08-26,1.2200000286102295,1.3799999952316284,1.2200000286102295,1.309999942779541,86900
2020-08-27,1.25,1.2649999856948853,1.2100000381469727,1.2400000095367432,139300
2020-08-28,1.2100000381469727,1.25,1.2000000476837158,1.2000000476837158,42400
2020-08-31,1.1200000047683716,1.2400000095367432,1.1200000047683716,1.2200000286102295,88900
2020-09-01,1.1699999570846558,1.184999942779541,1.1200000047683716,1.1200000047683716,72600
2020-09-02,1.1399999856948853,1.190000057220459,1.1399999856948853,1.1399999856948853,59100
2020-09-03,1.1200000047683716,1.190000057220459,1.100000023841858,1.1399999856948853,67800
2020-09-04,1.100000023841858,1.1799999475479126,1.100000023841858,1.1100000143051147,64100
2020-09-08,1.1200000047683716,1.1299999952316284,1.100000023841858,1.1299999952316284,36800
2020-09-09,1.0950000286102295,1.1449999809265137,1.090000033378601,1.1200000047683716,66700
2020-09-10,1.059999942779541,1.1200000047683716,1.0,1.100000023841858,227400
2020-09-11,1.0299999713897705,1.065000057220459,1.0199999809265137,1.0299999713897705,21300
2020-09-14,1.0499999523162842,1.0800000429153442,1.0499999523162842,1.0700000524520874,40500
2020-09-15,1.0099999904632568,1.0399999618530273,1.0,1.0399999618530273,116700
2020-09-16,1.0399999618530273,1.0449999570846558,0.9900000095367432,1.0099999904632568,57700
2020-09-17,1.0399999618530273,1.0499999523162842,0.949999988079071,0.949999988079071,50000
2020-09-18,1.0299999713897705,1.0499999523162842,1.0,1.0399999618530273,30000
2020-09-21,1.0049999952316284,1.0290000438690186,0.9959999918937683,1.0099999904632568,16700
2020-09-22,1.0,1.0299999713897705,1.0,1.0099999904632568,32800
2020-09-23,1.0199999809265137,1.0740000009536743,0.9950000047683716,1.0,139100
2020-09-24,0.9950000047683716,1.0199999809265137,0.9810000061988831,1.0,44800
2020-09-25,1.0700000524520874,1.090000033378601,1.0,1.0099999904632568,300800
2020-09-28,2.950000047683716,9.619999885559082,1.5499999523162842,1.5499999523162842,140358000
2020-09-29,2.1700000762939453,2.640000104904175,2.0399999618530273,2.4000000953674316,7934300
2020-09-30,1.7599999904632568,2.0,1.6699999570846558,1.9900000095367432,2881500
2020-10-01,1.9199999570846558,2.490000009536743,1.7100000381469727,1.7100000381469727,13044500
2020-10-02,1.7699999809265137,1.9600000381469727,1.7200000286102295,1.7999999523162842,1537600
2020-10-05,1.7799999713897705,1.906999945640564,1.6799999475479126,1.7999999523162842,761800
2020-10-06,1.8200000524520874,1.9500000476837158,1.7699999809265137,1.8600000143051147,1324500
2020-10-07,1.7799999713897705,1.8799999952316284,1.7599999904632568,1.8799999952316284,639300
2020-10-08,2.3399999141693115,3.180000066757202,1.7999999523162842,1.8600000143051147,58298000
2020-10-09,2.369999885559082,2.4000000953674316,1.9700000286102295,2.119999885559082,2668200
2020-10-12,2.119999885559082,2.2899999618530273,2.0,2.2200000286102295,906200
2020-10-13,1.9500000476837158,2.059999942779541,1.9199999570846558,2.0399999618530273,672500
2020-10-14,2.0199999809265137,2.0899999141693115,1.909999966621399,1.909999966621399,474300
2020-10-15,1.9800000190734863,2.0199999809265137,1.9199999570846558,1.9600000381469727,438100
2020-10-16,1.940000057220459,2.0299999713897705,1.899999976158142,1.9500000476837158,450000
2020-10-19,1.8799999952316284,1.9800000190734863,1.878999948501587,1.9600000381469727,387700
2020-10-20,1.909999966621399,1.9600000381469727,1.8799999952316284,1.9600000381469727,314300
2020-10-21,1.8899999856948853,2.0,1.8600000143051147,1.9199999570846558,468300
2020-10-22,1.9299999475479126,2.0399999618530273,1.8600000143051147,1.9199999570846558,651900
2020-10-23,1.9700000286102295,2.0,1.8799999952316284,1.9800000190734863,277700
2020-10-26,1.909999966621399,1.9700000286102295,1.8600000143051147,1.9299999475479126,178900
2020-10-27,1.9299999475479126,2.0999999046325684,1.8600000143051147,1.8799999952316284,847700
2020-10-28,1.840000033378601,1.9700000286102295,1.7599999904632568,1.9700000286102295,316100
2020-10-29,1.75,1.8289999961853027,1.7300000190734863,1.7999999523162842,224300
2020-10-30,1.6299999952316284,1.7259999513626099,1.5499999523162842,1.7200000286102295,230400
2020-11-02,1.6200000047683716,1.649999976158142,1.559999942779541,1.6100000143051147,109800
2020-11-03,1.6799999475479126,1.7200000286102295,1.5700000524520874,1.6699999570846558,147800
2020-11-04,1.5800000429153442,1.7000000476837158,1.559999942779541,1.6699999570846558,84500
2020-11-05,1.649999976158142,1.6799999475479126,1.6100000143051147,1.6299999952316284,92300
2020-11-06,1.6699999570846558,1.7200000286102295,1.6100000143051147,1.649999976158142,119800
2020-11-09,1.75,1.840999960899353,1.6200000047683716,1.7000000476837158,611500
2020-11-10,1.9299999475479126,1.9500000476837158,1.7100000381469727,1.75,1401800
2020-11-11,1.7400000095367432,1.7699999809265137,1.6299999952316284,1.690000057220459,574700
2020-11-12,1.6399999856948853,1.690000057220459,1.6299999952316284,1.6699999570846558,193800
2020-11-13,1.600000023841858,1.6299999952316284,1.5399999618530273,1.6299999952316284,185600
2020-11-16,1.6100000143051147,1.6419999599456787,1.600000023841858,1.6399999856948853,137000
2020-11-17,1.6200000047683716,1.659000039100647,1.5499999523162842,1.649999976158142,247300
2020-11-18,1.6200000047683716,1.659999966621399,1.5800000429153442,1.5800000429153442,195500
2020-11-19,1.649999976158142,1.7000000476837158,1.5800000429153442,1.600000023841858,229700
2020-11-20,1.6100000143051147,1.649999976158142,1.590000033378601,1.649999976158142,170500
2020-11-23,1.5800000429153442,1.690000057220459,1.5800000429153442,1.600000023841858,241000
2020-11-24,1.590000033378601,1.6399999856948853,1.5870000123977661,1.600000023841858,158400
2020-11-25,1.6799999475479126,1.690000057220459,1.590000033378601,1.6100000143051147,273000
2020-11-27,1.718000054359436,1.7400000095367432,1.659999966621399,1.7400000095367432,94000
2020-11-30,1.6799999475479126,1.7300000190734863,1.6699999570846558,1.7000000476837158,133700
2020-12-01,1.649999976158142,1.7100000381469727,1.6200000047683716,1.690000057220459,120500
2020-12-02,1.690000057220459,1.715000033378601,1.6200000047683716,1.6799999475479126,284100
2020-12-03,1.7000000476837158,1.7300000190734863,1.6729999780654907,1.7100000381469727,124100
2020-12-04,1.8899999856948853,1.9800000190734863,1.7000000476837158,1.7000000476837158,1409200
2020-12-07,1.899999976158142,2.180000066757202,1.840000033378601,1.9199999570846558,1544100
2020-12-08,1.8700000047683716,2.065000057220459,1.850000023841858,1.9600000381469727,1283100
2020-12-09,1.7300000190734863,1.8700000047683716,1.7300000190734863,1.8700000047683716,343100
2020-12-10,1.6799999475479126,1.7549999952316284,1.659999966621399,1.7100000381469727,196300
2020-12-11,1.6699999570846558,1.75,1.6679999828338623,1.7000000476837158,171700
2020-12-14,1.6699999570846558,1.725000023841858,1.6399999856948853,1.7000000476837158,95100
2020-12-15,1.7799999713897705,1.7999999523162842,1.600000023841858,1.6699999570846558,368300
2020-12-16,1.809999942779541,1.8600000143051147,1.7300000190734863,1.7699999809265137,491200
2020-12-17,1.8300000429153442,1.9450000524520874,1.7799999713897705,1.8200000524520874,665200
2020-12-18,1.809999942779541,1.850000023841858,1.7599999904632568,1.850000023841858,212600
2020-12-21,1.75,1.809999942779541,1.7100000381469727,1.7400000095367432,133600
2020-12-22,1.7000000476837158,1.7599999904632568,1.690000057220459,1.7599999904632568,139900
2020-12-23,1.6699999570846558,1.7000000476837158,1.6399999856948853,1.7000000476837158,177200
2020-12-24,1.6799999475479126,1.7300000190734863,1.649999976158142,1.6799999475479126,93100
2020-12-28,1.7200000286102295,1.7400000095367432,1.659999966621399,1.7300000190734863,675700
2020-12-29,2.049999952316284,3.5399999618530273,1.7300000190734863,1.75,77335300
2020-12-30,2.0999999046325684,2.1600000858306885,1.8300000429153442,1.850000023841858,3787600
2020-12-31,1.8700000047683716,2.109999895095825,1.8700000047683716,2.0,777000
2021-01-04,1.8200000524520874,1.8700000047683716,1.75,1.8300000429153442,555500
2021-01-05,1.909999966621399,1.9500000476837158,1.7799999713897705,1.7799999713897705,275400
2021-01-06,2.0399999618530273,2.069999933242798,1.7999999523162842,1.8700000047683716,3374300
2021-01-07,1.899999976158142,2.069999933242798,1.850000023841858,2.049999952316284,1272000
2021-01-08,2.25,2.3499999046325684,1.8700000047683716,1.8700000047683716,3414000
2021-01-11,2.049999952316284,2.2699999809265137,2.009999990463257,2.0299999713897705,739500
2021-01-12,2.140000104904175,2.4000000953674316,2.049999952316284,2.059999942779541,882700
2021-01-13,2.0899999141693115,2.180000066757202,2.059999942779541,2.119999885559082,265300
2021-01-14,2.3499999046325684,2.380000114440918,2.049999952316284,2.0999999046325684,2480700
2021-01-15,2.5199999809265137,2.799999952316284,2.1700000762939453,2.3399999141693115,5648000
2021-01-19,2.630000114440918,2.7799999713897705,2.4100000858306885,2.4700000286102295,4769900
2021-01-20,2.359999895095825,2.6600000858306885,2.299999952316284,2.6500000953674316,1820700
2021-01-21,2.2699999809265137,2.3499999046325684,2.119999885559082,2.3399999141693115,1015400
2021-01-22,2.2899999618530273,2.359999895095825,2.190000057220459,2.2100000381469727,441400
2021-01-25,2.4000000953674316,2.630000114440918,2.2799999713897705,2.3299999237060547,1836100
2021-01-26,3.140000104904175,5.880000114440918,2.5999999046325684,2.8329999446868896,89314300
2021-01-27,4.119999885559082,5.409999847412109,3.3299999237060547,4.079999923706055,30873600
2021-01-28,3.009999990463257,4.03000020980835,2.75,3.630000114440918,3672500
2021-01-29,3.069999933242798,3.8299999237060547,3.009999990463257,3.130000114440918,2429400
2021-02-01,3.2799999713897705,3.450000047683716,3.0199999809265137,3.1500000953674316,1155600
2021-02-02,3.0,3.4200000762939453,2.9000000953674316,3.3499999046325684,995900
2021-02-03,3.359999895095825,3.609999895095825,3.0199999809265137,3.059999942779541,1293300
2021-02-04,3.25,3.390000104904175,3.1700000762939453,3.359999895095825,1075500
2021-02-05,3.2699999809265137,3.569999933242798,3.1600000858306885,3.2300000190734863,1501700
2021-02-08,3.309999942779541,3.4000000953674316,3.1519999504089355,3.299999952316284,972700
2021-02-09,3.359999895095825,3.869999885559082,3.2799999713897705,3.4000000953674316,2451800
2021-02-10,3.180000066757202,3.5399999618530273,3.109999895095825,3.4100000858306885,851900
2021-02-11,3.299999952316284,3.569999933242798,3.180000066757202,3.2799999713897705,804400
2021-02-12,3.4760000705718994,3.509999990463257,3.2100000381469727,3.240000009536743,684200
2021-02-16,3.8299999237060547,4.019999980926514,3.5299999713897705,3.680000066757202,1312800
2021-02-17,3.740000009536743,3.8499999046325684,3.549999952316284,3.8499999046325684,987000
2021-02-18,3.809999942779541,3.930000066757202,3.640000104904175,3.6500000953674316,753800
2021-02-19,3.700000047683716,3.880000114440918,3.6600000858306885,3.819999933242798,634300
2021-02-22,3.559999942779541,3.809999942779541,3.509999990463257,3.684000015258789,656700
2021-02-23,2.859999895095825,3.2300000190734863,2.559999942779541,3.190000057220459,1922300
2021-02-24,3.0199999809265137,3.2300000190734863,2.930000066757202,2.940000057220459,391800
2021-02-25,3.190000057220459,3.490000009536743,2.9800000190734863,3.1500000953674316,1045600
2021-02-26,2.930000066757202,3.259999990463257,2.9100000858306885,3.259999990463257,301600
2021-03-01,3.130000114440918,3.200000047683716,2.8299999237060547,3.009999990463257,807300
2021-03-02,2.859999895095825,3.1500000953674316,2.740000009536743,3.0999999046325684,1178100
2021-03-03,2.6700000762939453,2.8499999046325684,2.609999895095825,2.809999942779541,466100
2021-03-04,2.3299999237060547,2.5850000381469727,2.180000066757202,2.5299999713897705,508800
2021-03-05,2.4200000762939453,2.559999942779541,2.2300000190734863,2.4159998893737793,294800
2021-03-08,2.5,2.569999933242798,2.450000047683716,2.509999990463257,146000
2021-03-09,2.5999999046325684,2.677000045776367,2.450000047683716,2.5399999618530273,568700
2021-03-10,2.549999952316284,2.680000066757202,2.5,2.6500000953674316,117900
2021-03-11,2.890000104904175,2.990000009536743,2.5739998817443848,2.628999948501587,450000
2021-03-12,2.9700000286102295,3.0,2.763000011444092,2.819999933242798,1703400
2021-03-15,3.0199999809265137,3.119999885559082,2.819999933242798,2.9600000381469727,642300
2021-03-16,2.8399999141693115,3.0,2.809999942779541,3.0,472800
2021-03-17,2.9200000762939453,3.069999933242798,2.7300000190734863,2.7799999713897705,960300
2021-03-18,2.950000047683716,3.1700000762939453,2.869999885559082,2.930000066757202,771800
2021-03-19,2.9700000286102295,3.059999942779541,2.8299999237060547,2.869999885559082,379800
2021-03-22,3.059999942779541,3.140000104904175,2.950000047683716,2.9800000190734863,242500
2021-03-23,3.0799999237060547,3.2200000286102295,2.9630000591278076,3.069999933242798,767500
2021-03-24,2.7799999713897705,3.130000114440918,2.759999990463257,3.059999942779541,241800
2021-03-25,2.700000047683716,2.9800000190734863,2.5899999141693115,2.640000104904175,500700
2021-03-26,2.799999952316284,2.869999885559082,2.6600000858306885,2.7100000381469727,558100
2021-03-29,2.640000104904175,2.809999942779541,2.549999952316284,2.809999942779541,338200
2021-03-30,2.559999942779541,2.7100000381469727,2.4700000286102295,2.690000057220459,872800
2021-03-31,2.5299999713897705,2.700000047683716,2.490000009536743,2.490000009536743,422200
2021-04-01,2.640000104904175,2.7699999809265137,2.5299999713897705,2.549999952316284,336400
2021-04-05,2.7100000381469727,2.759999990463257,2.5999999046325684,2.680000066757202,605300
2021-04-06,2.6600000858306885,2.75,2.619999885559082,2.700000047683716,231600
2021-04-07,2.619999885559082,2.7200000286102295,2.619999885559082,2.7200000286102295,159200
2021-04-08,2.569999933242798,2.6449999809265137,2.5199999809265137,2.640000104904175,275600
2021-04-09,2.569999933242798,2.680000066757202,2.5199999809265137,2.5899999141693115,97500
2021-04-12,2.4200000762939453,2.559999942779541,2.3299999237060547,2.559999942779541,485000
2021-04-13,2.190000057220459,2.4149999618530273,2.1600000858306885,2.4000000953674316,375200
2021-04-14,2.240000009536743,2.299999952316284,2.1449999809265137,2.180000066757202,147200
2021-04-15,2.180000066757202,2.369999885559082,2.1540000438690186,2.180000066757202,865600
2021-04-16,1.9199999570846558,2.1600000858306885,1.8799999952316284,2.1600000858306885,375200
2021-04-19,1.9500000476837158,2.0,1.899999976158142,1.899999976158142,105200
2021-04-20,1.8799999952316284,1.9800000190734863,1.8300000429153442,1.9600000381469727,233700
2021-04-21,1.9900000095367432,2.0,1.8600000143051147,1.899999976158142,119200
2021-04-22,1.9800000190734863,2.1500000953674316,1.9199999570846558,1.9900000095367432,451000
2021-04-23,2.2300000190734863,2.2300000190734863,1.9800000190734863,1.9900000095367432,483300
2021-04-26,2.1500000953674316,2.200000047683716,2.109999895095825,2.180000066757202,98300
2021-04-27,2.2300000190734863,2.2699999809265137,2.119999885559082,2.1700000762939453,192200
2021-04-28,2.2100000381469727,2.259999990463257,2.1500000953674316,2.2100000381469727,166700
2021-04-29,2.0999999046325684,2.2200000286102295,2.069999933242798,2.200000047683716,105300
2021-04-30,2.0199999809265137,2.109999895095825,1.9800000190734863,2.109999895095825,100800
2021-05-03,2.049999952316284,2.119999885559082,2.009999990463257,2.009999990463257,76000
2021-05-04,2.130000114440918,2.180000066757202,2.0,2.0,102900
2021-05-05,2.1700000762939453,2.2899999618530273,2.059999942779541,2.130000114440918,603000
2021-05-06,2.0399999618530273,2.200000047683716,2.009999990463257,2.140000104904175,281400
2021-05-07,2.130000114440918,2.4700000286102295,2.0399999618530273,2.0899999141693115,966100
2021-05-10,2.059999942779541,2.1700000762939453,2.0299999713897705,2.109999895095825,159200
2021-05-11,1.9299999475479126,2.015000104904175,1.8600000143051147,1.9700000286102295,435500
2021-05-12,1.9800000190734863,2.2899999618530273,1.8899999856948853,1.9299999475479126,1218200
2021-05-13,1.9800000190734863,2.0299999713897705,1.9199999570846558,2.0199999809265137,148100
2021-05-14,2.1500000953674316,2.2200000286102295,2.0,2.0,767500
2021-05-17,2.0799999237060547,2.1500000953674316,2.0,2.1500000953674316,368700
2021-05-18,2.059999942779541,2.180000066757202,2.0399999618530273,2.0899999141693115,235300
2021-05-19,2.130000114440918,2.1500000953674316,2.009999990463257,2.009999990463257,207900
2021-05-20,2.630000114440918,2.7200000286102295,2.059999942779541,2.134999990463257,4553600
2021-05-21,2.450000047683716,2.8910000324249268,2.380000114440918,2.7760000228881836,3721400
2021-05-24,2.490000009536743,2.690000057220459,2.3499999046325684,2.430000066757202,937300
2021-05-25,2.299999952316284,2.509999990463257,2.2699999809265137,2.4600000381469727,594400
2021-05-26,2.359999895095825,2.5299999713897705,2.2699999809265137,2.2699999809265137,265000
2021-05-27,2.4200000762939453,2.4800000190734863,2.372999906539917,2.4100000858306885,280200
2021-05-28,2.299999952316284,2.440000057220459,2.259999990463257,2.390000104904175,339200
2021-06-01,2.3499999046325684,2.4100000858306885,2.200000047683716,2.3299999237060547,611100
2021-06-02,2.569999933242798,2.7699999809265137,2.3989999294281006,2.430000066757202,2431100
2021-06-03,2.859999895095825,3.0490000247955322,2.430000066757202,2.569999933242798,3116600
2021-06-04,2.619999885559082,2.880000114440918,2.619999885559082,2.799999952316284,839100
2021-06-07,2.740000009536743,2.859999895095825,2.6600000858306885,2.680000066757202,1392000
2021-06-08,2.880000114440918,3.0299999713897705,2.609999895095825,2.75,1408100
2021-06-09,2.740000009536743,2.990000009536743,2.7200000286102295,2.880000114440918,607800
2021-06-10,2.619999885559082,2.7899999618530273,2.569999933242798,2.759999990463257,180500
2021-06-11,3.049999952316284,3.259999990463257,2.619999885559082,2.619999885559082,6505200
2021-06-14,3.309999942779541,3.4000000953674316,2.7699999809265137,2.9800000190734863,5594400
2021-06-15,3.200000047683716,3.549999952316284,3.0199999809265137,3.319999933242798,4156200
2021-06-16,3.009999990463257,3.180000066757202,2.880000114440918,3.130000114440918,1060600
2021-06-17,3.390000104904175,3.4800000190734863,2.869999885559082,3.0199999809265137,6675600
2021-06-18,2.6600000858306885,3.25,2.6500000953674316,3.25,3148200
2021-06-21,2.5,2.7300000190734863,2.5,2.609999895095825,1580600
2021-06-22,2.4700000286102295,2.5999999046325684,2.359999895095825,2.450000047683716,886100
2021-06-23,2.450000047683716,2.569999933242798,2.4100000858306885,2.490000009536743,418500
2021-06-24,2.5899999141693115,2.680000066757202,2.4700000286102295,2.4700000286102295,851500
2021-06-25,2.509999990463257,2.640000104904175,2.4800000190734863,2.5999999046325684,239800
2021-06-28,2.640000104904175,2.690000057220459,2.4539999961853027,2.5,867600
2021-06-29,2.5799999237060547,2.640000104904175,2.5399999618530273,2.640000104904175,159400
2021-06-30,2.619999885559082,2.640000104904175,2.5199999809265137,2.5399999618530273,263500
2021-07-01,2.5999999046325684,2.759999990463257,2.559999942779541,2.759999990463257,276900
2021-07-02,2.5999999046325684,2.630000114440918,2.5,2.619999885559082,268200
2021-07-06,2.7899999618530273,2.950000047683716,2.5899999141693115,2.609999895095825,1692400
2021-07-07,2.7699999809265137,2.8399999141693115,2.619999885559082,2.759999990463257,1279600
2021-07-08,3.059999942779541,3.390000104904175,2.6070001125335693,2.690000057220459,10313200
2021-07-09,2.940000057220459,3.450000047683716,2.859999895095825,3.0199999809265137,3173300
2021-07-12,3.1500000953674316,3.200000047683716,2.950000047683716,2.9800000190734863,1156800
2021-07-13,3.3499999046325684,3.630000114440918,3.1600000858306885,3.180000066757202,10943900
2021-07-14,3.5399999618530273,4.849999904632568,3.2799999713897705,4.360000133514404,37650100
2021-07-15,3.2899999618530273,3.4489998817443848,3.0,3.2699999809265137,1888200
2021-07-16,3.569999933242798,3.630000114440918,3.0299999713897705,3.2100000381469727,1556800
2021-07-19,3.4800000190734863,3.990000009536743,3.359999895095825,3.990000009536743,18027400
2021-07-20,3.640000104904175,3.6500000953674316,3.119999885559082,3.319999933242798,1818600
2021-07-21,3.890000104904175,3.9200000762939453,3.5,3.5299999713897705,1056200
2021-07-22,3.9800000190734863,4.050000190734863,3.680000066757202,3.859999895095825,956900
2021-07-23,3.5999999046325684,3.9200000762939453,3.5999999046325684,3.9200000762939453,428400
2021-07-26,3.390000104904175,3.740000009536743,3.369999885559082,3.640000104904175,384800
2021-07-27,3.4100000858306885,3.5199999809265137,3.2200000286102295,3.3299999237060547,287300
2021-07-28,3.630000114440918,3.700000047683716,3.359999895095825,3.359999895095825,190600
2021-07-29,3.799999952316284,3.8399999141693115,3.5399999618530273,3.5999999046325684,231400
2021-07-30,3.8299999237060547,3.890000104904175,3.694999933242798,3.700000047683716,407100
2021-08-02,3.640000104904175,3.869999885559082,3.5799999237060547,3.869999885559082,180600
2021-08-03,3.440000057220459,3.640000104904175,3.4200000762939453,3.640000104904175,101900
2021-08-04,3.5399999618530273,3.5799999237060547,3.390000104904175,3.390000104904175,183100
2021-08-05,3.680000066757202,3.7799999713897705,3.484999895095825,3.5799999237060547,166000
2021-08-06,3.75,3.7699999809265137,3.619999885559082,3.7200000286102295,157500
2021-08-09,3.8499999046325684,4.110000133514404,3.7009999752044678,3.759999990463257,586700
2021-08-10,4.099999904632568,4.150000095367432,3.819999933242798,3.8499999046325684,494100
2021-08-11,3.890000104904175,4.050000190734863,3.890000104904175,4.039999961853027,165900
2021-08-12,4.079999923706055,4.079999923706055,3.759999990463257,3.990000009536743,322300
2021-08-13,3.990000009536743,4.099999904632568,3.8499999046325684,4.019999980926514,270400
2021-08-16,3.430000066757202,3.9200000762939453,3.430000066757202,3.9000000953674316,739700
2021-08-17,3.190000057220459,3.630000114440918,3.130000114440918,3.630000114440918,369700
2021-08-18,3.369999885559082,3.4000000953674316,3.134999990463257,3.140000104904175,199200
2021-08-19,3.0199999809265137,3.359999895095825,3.0199999809265137,3.2300000190734863,240000
2021-08-20,3.319999933242798,3.3499999046325684,3.0899999141693115,3.0899999141693115,210900
2021-08-23,3.4700000286102295,3.5399999618530273,3.259999990463257,3.259999990463257,225500
2021-08-24,3.490000009536743,3.61899995803833,3.4700000286102295,3.5,95000
2021-08-25,3.309999942779541,3.5399999618530273,3.305000066757202,3.5299999713897705,202200
2021-08-26,3.1700000762939453,3.4000000953674316,3.1500000953674316,3.2899999618530273,124000
2021-08-27,3.240000009536743,3.2699999809265137,3.0999999046325684,3.1700000762939453,230800
2021-08-30,3.069999933242798,3.319000005722046,3.069999933242798,3.2899999618530273,165600
2021-08-31,3.2100000381469727,3.259999990463257,3.0799999237060547,3.0799999237060547,124000
2021-09-01,3.2100000381469727,3.259999990463257,3.1410000324249268,3.180000066757202,97600
2021-09-02,3.369999885559082,3.4200000762939453,3.190000057220459,3.2679998874664307,252100
2021-09-03,3.2799999713897705,3.390000104904175,3.25,3.390000104904175,80600
2021-09-07,3.380000114440918,3.4100000858306885,3.2100000381469727,3.2699999809265137,79000
2021-09-08,3.240000009536743,3.3399999141693115,3.180000066757202,3.3399999141693115,45200
2021-09-09,3.390000104904175,3.4100000858306885,3.2200000286102295,3.2200000286102295,51600
2021-09-10,3.359999895095825,3.380000114440918,3.309999942779541,3.369999885559082,22000
2021-09-13,3.2200000286102295,3.3499999046325684,3.2200000286102295,3.3499999046325684,41400
2021-09-14,2.940000057220459,3.200000047683716,2.9100000858306885,3.190000057220459,196800
2021-09-15,3.0299999713897705,3.109999895095825,2.990000009536743,3.0999999046325684,53700
2021-09-16,3.0,3.109999895095825,2.9800000190734863,3.059999942779541,27100
2021-09-17,3.0999999046325684,3.109999895095825,3.009999990463257,3.059999942779541,70000
2021-09-20,2.859999895095825,3.0299999713897705,2.8299999237060547,2.9700000286102295,84300
2021-09-21,2.680000066757202,2.880000114440918,2.677000045776367,2.880000114440918,124200
2021-09-22,2.819999933242798,2.8499999046325684,2.7200000286102295,2.740000009536743,31100
2021-09-23,2.809999942779541,2.9700000286102295,2.740000009536743,2.809999942779541,136000
2021-09-24,2.9200000762939453,3.069999933242798,2.8499999046325684,2.8499999046325684,70700
2021-09-27,3.009999990463257,3.0899999141693115,2.9200000762939453,2.930000066757202,121100
2021-09-28,2.880000114440918,2.9700000286102295,2.8299999237060547,2.9600000381469727,66700
2021-09-29,2.799999952316284,2.9100000858306885,2.7699999809265137,2.9100000858306885,53600
2021-09-30,2.950000047683716,2.9700000286102295,2.809999942779541,2.8440001010894775,49600
2021-10-01,2.940000057220459,2.950000047683716,2.811000108718872,2.950000047683716,152200
2021-10-04,2.890000104904175,2.9800000190734863,2.8519999980926514,2.9200000762939453,34700
2021-10-05,2.950000047683716,3.049999952316284,2.8499999046325684,2.890000104904175,161300
2021-10-06,2.9000000953674316,2.940000057220459,2.8499999046325684,2.890000104904175,33800
2021-10-07,2.9000000953674316,2.944999933242798,2.875,2.9149999618530273,26800
2021-10-08,2.869999885559082,2.890000104904175,2.8299999237060547,2.890000104904175,10900
2021-10-11,2.8499999046325684,2.9170000553131104,2.8499999046325684,2.869999885559082,17400
2021-10-12,2.859999895095825,2.9000000953674316,2.8499999046325684,2.859999895095825,9800
2021-10-13,2.869999885559082,2.9000000953674316,2.8399999141693115,2.8499999046325684,20500
2021-10-14,2.890000104904175,2.9000000953674316,2.859999895095825,2.859999895095825,55300
2021-10-15,3.009999990463257,3.1549999713897705,2.9200000762939453,3.0,148100
2021-10-18,2.9200000762939453,3.0299999713897705,2.9100000858306885,3.009999990463257,35700
2021-10-19,2.890000104904175,2.9800000190734863,2.869999885559082,2.9800000190734863,18400
2021-10-20,2.930000066757202,2.930000066757202,2.869999885559082,2.890000104904175,32200
2021-10-21,2.9800000190734863,3.0799999237060547,2.930000066757202,2.930000066757202,56200
2021-10-22,3.2100000381469727,3.450000047683716,2.819999933242798,2.950000047683716,1223900
2021-10-25,3.0899999141693115,3.430999994277954,3.0299999713897705,3.1500000953674316,463300
2021-10-26,3.240000009536743,3.319999933242798,2.930000066757202,3.049999952316284,192300
2021-10-27,3.259999990463257,3.2799999713897705,3.1500000953674316,3.2100000381469727,128700
2021-10-28,3.559999942779541,3.7360000610351562,3.259999990463257,3.259999990463257,395500
2021-10-29,3.299999952316284,3.619999885559082,3.2100000381469727,3.569999933242798,124900
2021-11-01,3.450000047683716,3.450000047683716,3.2899999618530273,3.369999885559082,3193300
2021-11-02,3.4800000190734863,3.4800000190734863,3.180000066757202,3.4200000762939453,849300
2021-11-03,3.700000047683716,3.7300000190734863,3.4200000762939453,3.490000009536743,231200
2021-11-04,3.690000057220459,3.700000047683716,3.563999891281128,3.680000066757202,157200
2021-11-05,3.640000104904175,3.700000047683716,3.5,3.5,109100
2021-11-08,3.609999895095825,3.680000066757202,3.5799999237060547,3.630000114440918,49300
2021-11-09,3.619999885559082,3.6500000953674316,3.4200000762939453,3.569999933242798,116000
2021-11-10,3.6500000953674316,3.690000057220459,3.4800000190734863,3.640000104904175,142300
2021-11-11,3.559999942779541,3.640000104904175,3.5320000648498535,3.640000104904175,67900
2021-11-12,3.569999933242798,3.619999885559082,3.4600000381469727,3.5399999618530273,4487300
2021-11-15,3.990000009536743,4.179999828338623,3.630000114440918,3.950000047683716,2351400
2021-11-16,3.7300000190734863,3.9000000953674316,3.6519999504089355,3.9000000953674316,380300
2021-11-17,4.110000133514404,4.150000095367432,3.700000047683716,3.700000047683716,309600
2021-11-18,4.429999828338623,4.449999809265137,3.950000047683716,4.110000133514404,506100
2021-11-19,4.230000019073486,4.36899995803833,3.9200000762939453,4.360000133514404,220300
2021-11-22,4.329999923706055,4.389999866485596,4.079999923706055,4.190000057220459,138700
2021-11-23,4.400000095367432,4.414000034332275,4.269999980926514,4.360000133514404,96800
2021-11-24,4.739999771118164,4.739999771118164,4.329999923706055,4.329999923706055,176000
2021-11-26,4.489999771118164,4.639999866485596,4.389999866485596,4.639999866485596,126200
2021-11-29,4.590000152587891,4.849999904632568,4.489999771118164,4.489999771118164,176800
2021-11-30,4.360000133514404,4.519999980926514,4.21999979019165,4.519999980926514,137000
2021-12-01,4.360000133514404,4.539999961853027,4.320000171661377,4.409999847412109,90100
2021-12-02,4.409999847412109,4.449999809265137,4.21999979019165,4.329999923706055,74200
2021-12-03,4.724999904632568,4.78000020980835,4.400000095367432,4.460000038146973,154200
2021-12-06,5.130000114440918,5.199999809265137,4.579999923706055,4.840000152587891,357000
2021-12-07,5.190000057220459,5.27400016784668,5.010000228881836,5.110000133514404,206600
2021-12-08,5.53000020980835,5.650000095367432,5.150000095367432,5.239999771118164,220100
2021-12-09,6.150000095367432,6.230000019073486,5.550000190734863,5.599999904632568,503300
2021-12-10,5.849999904632568,6.145999908447266,5.420000076293945,6.090000152587891,224200
2021-12-13,5.90500020980835,6.076000213623047,5.489999771118164,5.760000228881836,254600
2021-12-14,6.03000020980835,6.099999904632568,5.622000217437744,5.78000020980835,105700
2021-12-15,6.460000038146973,6.460000038146973,6.010000228881836,6.190000057220459,310500
2021-12-16,6.550000190734863,6.630000114440918,6.090000152587891,6.590000152587891,236500
2021-12-17,6.809999942779541,6.809999942779541,6.244999885559082,6.46999979019165,194600
2021-12-20,6.550000190734863,6.789999961853027,6.300000190734863,6.789999961853027,220400
2021-12-21,6.630000114440918,6.690000057220459,6.451000213623047,6.690000057220459,101200
2021-12-22,6.800000190734863,7.099999904632568,6.400000095367432,6.559999942779541,220100
2021-12-23,6.960000038146973,7.0289998054504395,6.716000080108643,6.889999866485596,83600
2021-12-27,7.059999942779541,7.130000114440918,6.880000114440918,7.110000133514404,134200
2021-12-28,6.269999980926514,7.083000183105469,5.760000228881836,7.0,455700
2021-12-29,6.360000133514404,6.550000190734863,6.199999809265137,6.199999809265137,108900
2021-12-30,5.789999961853027,6.380000114440918,5.599999904632568,6.380000114440918,225600
2021-12-31,5.619999885559082,5.849999904632568,5.619999885559082,5.639999866485596,103700
2022-01-03,5.239999771118164,5.679999828338623,5.0,5.639999866485596,241600
2022-01-04,5.079999923706055,5.239999771118164,4.820000171661377,5.239999771118164,163000
2022-01-05,5.25,5.501999855041504,5.010000228881836,5.010000228881836,161500
2022-01-06,5.099999904632568,5.309999942779541,4.809999942779541,5.130000114440918,186000
2022-01-07,5.71999979019165,6.03000020980835,5.050000190734863,5.050000190734863,189900
2022-01-10,5.329999923706055,5.59499979019165,5.199999809265137,5.510000228881836,72900
2022-01-11,5.110000133514404,5.28000020980835,5.010000228881836,5.28000020980835,96900
2022-01-12,5.090000152587891,5.195000171661377,4.929999828338623,5.050000190734863,64000
2022-01-13,5.139999866485596,5.333000183105469,5.019999980926514,5.050000190734863,117600
2022-01-14,5.340000152587891,5.360000133514404,5.0960001945495605,5.230000019073486,44100
2022-01-18,5.400000095367432,5.521999835968018,5.151000022888184,5.151000022888184,70800
2022-01-19,5.320000171661377,5.510000228881836,5.159999847412109,5.380000114440918,44600
2022-01-20,5.199999809265137,5.570000171661377,5.164999961853027,5.260000228881836,38800
2022-01-21,4.840000152587891,5.138999938964844,4.809999942779541,5.010000228881836,55200
2022-01-24,4.860000133514404,4.889999866485596,4.349999904632568,4.75,69300
2022-01-25,4.730000019073486,4.920000076293945,4.666999816894531,4.670000076293945,57900
2022-01-26,4.619999885559082,4.949999809265137,4.619999885559082,4.71999979019165,27100
2022-01-27,4.429999828338623,4.75,4.360000133514404,4.590000152587891,54600
2022-01-28,4.679999828338623,4.73799991607666,4.28000020980835,4.429999828338623,94300
2022-01-31,5.289999961853027,5.300000190734863,4.579999923706055,4.579999923706055,101000
2022-02-01,5.730000019073486,5.809999942779541,5.300000190734863,5.349999904632568,221600
2022-02-02,5.755000114440918,5.861999988555908,5.650000095367432,5.78000020980835,41400
2022-02-03,5.550000190734863,5.789999961853027,5.289999961853027,5.659999847412109,69200
2022-02-04,5.599999904632568,5.630000114440918,5.307000160217285,5.53000020980835,33000
2022-02-07,5.590000152587891,5.650000095367432,5.489999771118164,5.650000095367432,16300
2022-02-08,5.690000057220459,5.739999771118164,5.489999771118164,5.550000190734863,26200
2022-02-09,5.989999771118164,6.039999961853027,5.71999979019165,5.800000190734863,79900
2022-02-10,6.050000190734863,6.199999809265137,5.840000152587891,5.840000152587891,50500
2022-02-11,5.78000020980835,6.119999885559082,5.599999904632568,6.0,54500
2022-02-14,5.599999904632568,5.72599983215332,5.400000095367432,5.699999809265137,23600
2022-02-15,6.099999904632568,6.130000114440918,5.605000019073486,5.639999866485596,98900
2022-02-16,5.940000057220459,6.150000095367432,5.900000095367432,6.050000190734863,45000
2022-02-17,5.769999980926514,6.0,5.650000095367432,5.980000019073486,42100
2022-02-18,5.639999866485596,5.800000190734863,5.510000228881836,5.789999961853027,19800
2022-02-22,5.670000076293945,5.679999828338623,5.519999980926514,5.519999980926514,12700
2022-02-23,5.75,5.78000020980835,5.473999977111816,5.699999809265137,14800
2022-02-24,5.440000057220459,5.489999771118164,4.880000114440918,5.369999885559082,54100
2022-02-25,5.75,5.848999977111816,5.5,5.5,47300
2022-02-28,5.909999847412109,6.050000190734863,5.650000095367432,5.71999979019165,164900
2022-03-01,5.96999979019165,6.099999904632568,5.900000095367432,5.900000095367432,39700
2022-03-02,6.269999980926514,6.39900016784668,5.980999946594238,6.050000190734863,85300
2022-03-03,6.050000190734863,6.25,6.0,6.171999931335449,31400
2022-03-04,6.010000228881836,6.300000190734863,5.960000038146973,6.079999923706055,41500
2022-03-07,5.840000152587891,6.03000020980835,5.71999979019165,6.03000020980835,19600
2022-03-08,5.550000190734863,5.880000114440918,5.360000133514404,5.809999942779541,100200
2022-03-09,5.960000038146973,6.210000038146973,5.5320000648498535,5.71999979019165,94400
2022-03-10,6.130000114440918,6.190000057220459,5.829999923706055,5.829999923706055,111200
2022-03-11,6.170000076293945,6.25,6.039999961853027,6.039999961853027,64300
2022-03-14,5.989999771118164,6.300000190734863,5.960000038146973,6.25,38600
2022-03-15,6.0,6.070000171661377,5.965000152587891,6.019999980926514,13800
2022-03-16,6.070000171661377,6.0970001220703125,5.909999847412109,6.090000152587891,33100
2022-03-17,6.199999809265137,6.199999809265137,5.973999977111816,6.005000114440918,8600
2022-03-18,6.010000228881836,6.369999885559082,6.0,6.199999809265137,52900
2022-03-21,6.039999961853027,6.139999866485596,5.820000171661377,5.960000038146973,19200
2022-03-22,6.420000076293945,6.440000057220459,6.050000190734863,6.079999923706055,93900
2022-03-23,6.449999809265137,6.650000095367432,6.21999979019165,6.420000076293945,57800
2022-03-24,6.460000038146973,6.822000026702881,6.260000228881836,6.260000228881836,58100
2022-03-25,6.630000114440918,6.960000038146973,6.480000019073486,6.960000038146973,28300
2022-03-28,6.800000190734863,6.869999885559082,6.449999809265137,6.840000152587891,25400
2022-03-29,6.96999979019165,7.03000020980835,6.679999828338623,7.03000020980835,50000
2022-03-30,6.949999809265137,7.010000228881836,6.598999977111816,7.0,49500
2022-03-31,5.46999979019165,6.880000114440918,4.849999904632568,6.880000114440918,361400
2022-04-01,5.5,5.599999904632568,5.300000190734863,5.360000133514404,73000
2022-04-04,5.690000057220459,5.71999979019165,5.260000228881836,5.440000057220459,38200
2022-04-05,5.300000190734863,5.610000133514404,5.130000114440918,5.480000019073486,36900
2022-04-06,5.380000114440918,5.421999931335449,5.190000057220459,5.190000057220459,19500
2022-04-07,5.420000076293945,5.5,5.260000228881836,5.389999866485596,20400
2022-04-08,5.46999979019165,5.5329999923706055,5.380000114440918,5.409999847412109,9200
2022-04-11,5.5,5.550000190734863,5.389999866485596,5.46999979019165,4500
2022-04-12,5.550000190734863,5.630000114440918,5.340000152587891,5.550000190734863,61800
2022-04-13,5.570000171661377,5.679999828338623,5.53000020980835,5.679999828338623,6500
2022-04-14,5.440000057220459,5.730000019073486,5.349999904632568,5.730000019073486,34600
2022-04-18,5.179999828338623,5.440000057220459,5.039999961853027,5.440000057220459,43100
2022-04-19,5.150000095367432,5.199999809265137,4.9629998207092285,5.139999866485596,18600
2022-04-20,5.130000114440918,5.199999809265137,5.0,5.170000076293945,14900
2022-04-21,4.860000133514404,5.150000095367432,4.801000118255615,5.099999904632568,42600
2022-04-22,4.840000152587891,4.955999851226807,4.724999904632568,4.909999847412109,22600
2022-04-25,4.960000038146973,4.989999771118164,4.800000190734863,4.989999771118164,12000
2022-04-26,4.599999904632568,4.909999847412109,4.599999904632568,4.809999942779541,29300
2022-04-27,4.640999794006348,4.699999809265137,4.340000152587891,4.650000095367432,47600
2022-04-28,4.670000076293945,4.710000038146973,4.61899995803833,4.699999809265137,19700
2022-04-29,4.710000038146973,4.710000038146973,4.650000095367432,4.699999809265137,13800
2022-05-02,4.650000095367432,4.750999927520752,4.650000095367432,4.703000068664551,27000
2022-05-03,4.639999866485596,4.668000221252441,4.610000133514404,4.664999961853027,37500
2022-05-04,4.710000038146973,4.769999980926514,4.46999979019165,4.650000095367432,56700
2022-05-05,4.869999885559082,4.900000095367432,4.599999904632568,4.599999904632568,94000
2022-05-06,5.239999771118164,5.255000114440918,4.869999885559082,4.869999885559082,76000
2022-05-09,4.789999961853027,5.329999923706055,4.789999961853027,5.315999984741211,67200
2022-05-10,4.940000057220459,5.099999904632568,4.820000171661377,4.820000171661377,32500
2022-05-11,4.929999828338623,5.019999980926514,4.849999904632568,4.980000019073486,9500
2022-05-12,4.550000190734863,4.900000095367432,4.519999980926514,4.900000095367432,44200
2022-05-13,4.630000114440918,4.650000095367432,4.579999923706055,4.650000095367432,13900
2022-05-16,4.849999904632568,4.929999828338623,4.610000133514404,4.610000133514404,68600
2022-05-17,4.949999809265137,5.099999904632568,4.840000152587891,4.949999809265137,16400
2022-05-18,4.869999885559082,5.054999828338623,4.78000020980835,4.980000019073486,70300
2022-05-19,4.840000152587891,4.920000076293945,4.800000190734863,4.909999847412109,13800
2022-05-20,4.769999980926514,4.860000133514404,4.730000019073486,4.840000152587891,7000
2022-05-23,4.650000095367432,4.811999797821045,4.630000114440918,4.75,8100
2022-05-24,4.619999885559082,4.65500020980835,4.489999771118164,4.65500020980835,15200
2022-05-25,4.849999904632568,4.96999979019165,4.610000133514404,4.610000133514404,16000
2022-05-26,4.760000228881836,5.0,4.699999809265137,4.900000095367432,38400
2022-05-27,4.920000076293945,5.105000019073486,4.699999809265137,4.820000171661377,149100
2022-05-31,5.199999809265137,5.25,4.849999904632568,4.849999904632568,123000
2022-06-01,5.330999851226807,5.429999828338623,5.304999828338623,5.309999942779541,45800
2022-06-02,5.420000076293945,5.429999828338623,5.269999980926514,5.269999980926514,33800
2022-06-03,5.599999904632568,5.730000019073486,5.340000152587891,5.389999866485596,18300
2022-06-06,5.659999847412109,5.744999885559082,5.5,5.699999809265137,34400
2022-06-07,5.039999961853027,5.699999809265137,4.960000038146973,5.619999885559082,109100
2022-06-08,4.400000095367432,5.321000099182129,4.349999904632568,4.960000038146973,71300
2022-06-09,3.619999885559082,4.630000114440918,3.509999990463257,4.630000114440918,109500
2022-06-10,4.340000152587891,4.369999885559082,3.559999942779541,3.950000047683716,146600
2022-06-13,3.930000066757202,4.230000019073486,3.8499999046325684,4.230000019073486,31800
2022-06-14,4.019999980926514,4.230000019073486,4.0,4.119999885559082,60000
2022-06-15,4.03000020980835,4.119999885559082,3.6519999504089355,3.9100000858306885,47100
2022-06-16,3.869999885559082,4.070000171661377,3.819999933242798,4.0,47700
2022-06-17,4.050000190734863,4.380000114440918,3.880000114440918,3.9200000762939453,6700
2022-06-21,3.940000057220459,4.050000190734863,3.8299999237060547,4.050000190734863,42500
2022-06-22,3.7200000286102295,4.038000106811523,3.549999952316284,3.940000057220459,62600
2022-06-23,3.7699999809265137,3.880000114440918,3.690000057220459,3.700000047683716,21100
2022-06-24,3.799999952316284,3.9600000381469727,3.6700000762939453,3.6700000762939453,45300
2022-06-27,3.619999885559082,3.7950000762939453,3.5999999046325684,3.700000047683716,25500
2022-06-28,3.4700000286102295,3.8559999465942383,3.4700000286102295,3.8559999465942383,5500
2022-06-29,3.359999895095825,3.4800000190734863,3.319999933242798,3.3399999141693115,22700
2022-06-30,3.3399999141693115,3.5399999618530273,3.190000057220459,3.4600000381469727,24100
2022-07-01,3.259999990463257,3.490000009536743,3.0999999046325684,3.25,30100
2022-07-05,3.0199999809265137,3.5299999713897705,2.940000057220459,3.109999895095825,103700
2022-07-06,2.7300000190734863,3.009999990463257,2.4600000381469727,2.944000005722046,330500
2022-07-07,2.950000047683716,3.0399999618530273,2.5810000896453857,2.7300000190734863,55800
2022-07-08,2.9700000286102295,3.0269999504089355,2.869999885559082,2.890000104904175,18700
2022-07-11,2.990000009536743,3.055000066757202,2.7100000381469727,2.7100000381469727,42500
2022-07-12,2.819999933242798,2.990000009536743,2.7100000381469727,2.8299999237060547,51100
2022-07-13,2.9700000286102295,3.0,2.75,2.75,26900
2022-07-14,3.190000057220459,3.3469998836517334,3.0199999809265137,3.049999952316284,82200
2022-07-15,3.319999933242798,3.380000114440918,3.1489999294281006,3.2300000190734863,60000
2022-07-18,3.380000114440918,3.4000000953674316,3.0399999618530273,3.3399999141693115,35700
2022-07-19,3.2899999618530273,3.430999994277954,3.25,3.319999933242798,19000
2022-07-20,3.5999999046325684,3.7799999713897705,3.2750000953674316,3.299999952316284,28900
2022-07-21,3.509999990463257,3.5999999046325684,3.2100000381469727,3.569999933242798,13700
2022-07-22,3.4600000381469727,3.5299999713897705,3.200000047683716,3.5299999713897705,18800
2022-07-25,3.390000104904175,3.640000104904175,3.1500000953674316,3.2200000286102295,19200
2022-07-26,3.4800000190734863,3.559999942779541,3.2100000381469727,3.2100000381469727,17300
2022-07-27,3.4200000762939453,3.5899999141693115,3.4000000953674316,3.5799999237060547,21900
2022-07-28,3.4700000286102295,3.5799999237060547,3.380000114440918,3.380000114440918,19000
2022-07-29,3.490000009536743,3.799999952316284,3.4200000762939453,3.4800000190734863,15700
2022-08-01,3.5799999237060547,3.750999927520752,3.490000009536743,3.5399999618530273,9100
2022-08-02,3.299999952316284,3.553999900817871,3.130000114440918,3.4200000762939453,16700
2022-08-03,3.180000066757202,3.5799999237060547,3.109999895095825,3.4000000953674316,46100
2022-08-04,3.299999952316284,3.5420000553131104,3.1010000705718994,3.490000009536743,24400
2022-08-05,3.4000000953674316,3.4200000762939453,3.197999954223633,3.299999952316284,2900
2022-08-08,3.3299999237060547,3.428999900817871,3.2079999446868896,3.390000104904175,13300
2022-08-09,3.25,3.3519999980926514,3.2100000381469727,3.246000051498413,1300
2022-08-10,3.200000047683716,3.4070000648498535,3.109999895095825,3.4070000648498535,20700
2022-08-11,3.069999933242798,3.121000051498413,3.062000036239624,3.109999895095825,4200
2022-08-12,3.0399999618530273,3.0999999046325684,3.015000104904175,3.0999999046325684,20600
2022-08-15,3.0399999618530273,3.0399999618530273,2.9000000953674316,2.9000000953674316,4700
2022-08-16,2.9749999046325684,3.062000036239624,2.9019999504089355,3.049999952316284,9700
2022-08-17,2.950000047683716,3.0820000171661377,2.950000047683716,2.950000047683716,5200
2022-08-18,2.9100000858306885,2.984999895095825,2.9000000953674316,2.924999952316284,4800
2022-08-19,2.940000057220459,2.950000047683716,2.940000057220459,2.940000057220459,800
2022-08-22,2.9100000858306885,2.9779999256134033,2.75,2.819999933242798,3600
2022-08-23,2.9600000381469727,2.9600000381469727,2.809999942779541,2.8499999046325684,1700
2022-08-24,2.940000057220459,2.9709999561309814,2.890000104904175,2.944999933242798,4900
2022-08-25,3.005000114440918,3.0999999046325684,2.9700000286102295,3.058000087738037,9500
2022-08-26,2.869999885559082,3.049999952316284,2.8399999141693115,2.9600000381469727,12900
2022-08-29,2.819999933242798,2.9800000190734863,2.819999933242798,2.9010000228881836,7100
2022-08-30,2.6700000762939453,2.8499999046325684,2.6549999713897705,2.8499999046325684,8500
2022-08-31,2.700000047683716,2.7300000190734863,2.6449999809265137,2.6600000858306885,11700
2022-09-01,2.6689999103546143,2.7149999141693115,2.6110000610351562,2.6500000953674316,7300
2022-09-02,2.700000047683716,2.7699999809265137,2.619999885559082,2.640000104904175,11000
2022-09-06,2.5299999713897705,2.6600000858306885,2.5299999713897705,2.6600000858306885,1600
2022-09-07,2.7699999809265137,2.7799999713897705,2.5,2.5999999046325684,10000
2022-09-08,2.630000114440918,2.8299999237060547,2.609999895095825,2.8299999237060547,2300
2022-09-09,2.7300000190734863,3.0,2.630000114440918,2.630000114440918,3700
2022-09-12,2.7200000286102295,2.819999933242798,2.559999942779541,2.559999942779541,9600
2022-09-13,2.559999942779541,2.75,2.5199999809265137,2.5999999046325684,5100
2022-09-14,2.559999942779541,2.7799999713897705,2.559999942779541,2.5999999046325684,7300
2022-09-15,2.690000057220459,2.940000057220459,2.640000104904175,2.940000057220459,2800
2022-09-16,2.5199999809265137,2.990000009536743,2.509999990463257,2.75,15100
2022-09-19,2.4560000896453857,2.4700000286102295,2.359999895095825,2.450000047683716,7300
2022-09-20,2.390000104904175,2.4000000953674316,2.359999895095825,2.4000000953674316,2200
2022-09-21,2.36299991607666,2.36299991607666,2.3610000610351562,2.3610000610351562,700
2022-09-22,2.2200000286102295,2.259999990463257,2.2100000381469727,2.259999990463257,3000
2022-09-23,2.140000104904175,2.25,2.0799999237060547,2.25,7800
2022-09-26,2.0999999046325684,2.190000057220459,2.0399999618530273,2.190000057220459,4900
2022-09-27,2.0899999141693115,2.200000047683716,2.078000068664551,2.078000068664551,5800
2022-09-28,2.059999942779541,2.130000114440918,2.0399999618530273,2.055999994277954,2000
2022-09-29,2.1570000648498535,2.2200000286102295,2.0399999618530273,2.1440000534057617,3200
2022-09-30,2.130000114440918,2.190000057220459,2.1040000915527344,2.180000066757202,4800
2022-10-03,2.390000104904175,2.4200000762939453,2.2049999237060547,2.247999906539917,17300
2022-10-04,2.319999933242798,2.4700000286102295,2.25,2.4700000286102295,5300
2022-10-05,2.1700000762939453,2.4200000762939453,2.049999952316284,2.2100000381469727,6700
2022-10-06,2.25,2.25,2.25,2.25,400
2022-10-07,2.200000047683716,2.3340001106262207,2.0999999046325684,2.2249999046325684,1000
2022-10-10,2.2249999046325684,2.3540000915527344,2.1500000953674316,2.1500000953674316,1600
2022-10-11,2.140000104904175,2.2200000286102295,2.140000104904175,2.2200000286102295,1100
2022-10-12,2.140000104904175,2.140000104904175,2.140000104904175,2.140000104904175,100
2022-10-13,2.049999952316284,2.190999984741211,2.009999990463257,2.0899999141693115,16700
2022-10-14,2.059999942779541,2.200000047683716,2.0199999809265137,2.1600000858306885,24300
2022-10-17,2.062000036239624,2.115000009536743,2.0199999809265137,2.0950000286102295,13700
2022-10-18,2.0999999046325684,2.3399999141693115,2.0799999237060547,2.3399999141693115,17400
2022-10-19,2.049999952316284,2.119999885559082,2.049999952316284,2.0869998931884766,19500
2022-10-20,2.114000082015991,2.119999885559082,2.059999942779541,2.1050000190734863,3000
2022-10-21,2.0799999237060547,2.1600000858306885,2.049999952316284,2.0899999141693115,1500
2022-10-24,2.130000114440918,2.180000066757202,2.069999933242798,2.180000066757202,1300
2022-10-25,2.0199999809265137,2.119999885559082,1.9700000286102295,2.119999885559082,36000
2022-10-26,2.009999990463257,2.140000104904175,2.009999990463257,2.140000104904175,5600
2022-10-27,1.9700000286102295,2.140000104904175,1.9500000476837158,1.9900000095367432,27700
2022-10-28,2.059999942779541,2.0880000591278076,1.899999976158142,1.9500000476837158,30500
2022-10-31,2.0199999809265137,2.059999942779541,1.9259999990463257,2.0199999809265137,7100
2022-11-01,2.0,2.0999999046325684,1.9900000095367432,2.0299999713897705,13600
2022-11-02,1.9500000476837158,1.9700000286102295,1.9500000476837158,1.9700000286102295,1000
2022-11-03,1.9500000476837158,1.9500000476837158,1.9500000476837158,1.9500000476837158,0
2022-11-04,1.8600000143051147,2.0,1.8600000143051147,2.0,4700
2022-11-07,1.9049999713897705,2.0320000648498535,1.9049999713897705,2.0320000648498535,600
2022-11-08,1.909999966621399,1.9299999475479126,1.8799999952316284,1.9299999475479126,1600
2022-11-09,1.8899999856948853,1.909999966621399,1.8519999980926514,1.899999976158142,3200
2022-11-10,1.8899999856948853,1.909999966621399,1.8899999856948853,1.909999966621399,2000
2022-11-11,1.8799999952316284,1.9600000381469727,1.840000033378601,1.909999966621399,14800
2022-11-14,1.8899999856948853,2.0999999046325684,1.8899999856948853,1.9600000381469727,6600
2022-11-15,1.8359999656677246,1.850000023841858,1.8359999656677246,1.850000023841858,1700
2022-11-16,1.7200000286102295,1.8200000524520874,1.6200000047683716,1.8200000524520874,9300
2022-11-17,1.899999976158142,1.899999976158142,1.809999942779541,1.8200000524520874,5100
2022-11-18,1.8700000047683716,1.9299999475479126,1.8450000286102295,1.9299999475479126,27700
2022-11-21,1.8700000047683716,1.8880000114440918,1.8300000429153442,1.8880000114440918,2400
2022-11-22,1.7799999713897705,1.9500000476837158,1.7400000095367432,1.9500000476837158,1500
2022-11-23,1.899999976158142,1.9390000104904175,1.680999994277954,1.9390000104904175,700
2022-11-25,1.815000057220459,1.909999966621399,1.7100000381469727,1.909999966621399,4200
2022-11-28,1.7799999713897705,1.7799999713897705,1.5700000524520874,1.690000057220459,14600
2022-11-29,1.6699999570846558,1.7649999856948853,1.659999966621399,1.7649999856948853,10000
2022-11-30,1.75,1.7999999523162842,1.6799999475479126,1.6799999475479126,49200
2022-12-01,1.850000023841858,1.8849999904632568,1.690000057220459,1.8300000429153442,14200
2022-12-02,1.7000000476837158,1.902999997138977,1.6799999475479126,1.840000033378601,16000
2022-12-05,1.7050000429153442,1.7400000095367432,1.6699999570846558,1.725000023841858,17000
2022-12-06,1.659999966621399,1.9199999570846558,1.6399999856948853,1.9199999570846558,3500
2022-12-07,1.809999942779541,1.8730000257492065,1.6100000143051147,1.6100000143051147,1200
2022-12-08,1.7799999713897705,1.8450000286102295,1.5499999523162842,1.5499999523162842,7100
2022-12-09,1.7400000095367432,1.7699999809265137,1.5499999523162842,1.5499999523162842,3000
2022-12-12,1.6299999952316284,1.659999966621399,1.4850000143051147,1.5499999523162842,3200
2022-12-13,1.590000033378601,1.6799999475479126,1.399999976158142,1.399999976158142,5900
2022-12-14,1.440000057220459,1.5720000267028809,1.3600000143051147,1.3600000143051147,3600
2022-12-15,1.4800000190734863,1.5729999542236328,1.409999966621399,1.409999966621399,1700
2022-12-16,1.5700000524520874,1.5700000524520874,1.409999966621399,1.4800000190734863,2000
2022-12-19,1.4199999570846558,1.590000033378601,1.409999966621399,1.590000033378601,3100
2022-12-20,1.4500000476837158,1.5759999752044678,1.409999966621399,1.409999966621399,3300
2022-12-21,1.4600000381469727,1.4700000286102295,1.4500000476837158,1.4500000476837158,4200
2022-12-22,1.2300000190734863,1.4600000381469727,1.0700000524520874,1.4600000381469727,72900
2022-12-23,1.2450000047683716,1.3600000143051147,1.2050000429153442,1.2799999713897705,13100
2022-12-27,1.2000000476837158,1.25,1.1200000047683716,1.2400000095367432,20400
2022-12-28,1.1399999856948853,1.1799999475479126,1.1399999856948853,1.1740000247955322,6300
2022-12-29,1.1770000457763672,1.25,1.1200000047683716,1.25,3800
2022-12-30,1.2000000476837158,1.2000000476837158,1.0700000524520874,1.0800000429153442,33100
2023-01-03,1.190000057220459,1.25,1.159999966621399,1.25,2500
2023-01-04,1.440000057220459,1.4900000095367432,1.2000000476837158,1.2400000095367432,17900
2023-01-05,1.5399999618530273,1.5399999618530273,1.343999981880188,1.399999976158142,24600
2023-01-06,2.2100000381469727,2.309999942779541,1.4850000143051147,1.4850000143051147,96900
2023-01-09,2.369999885559082,2.4000000953674316,2.0999999046325684,2.3499999046325684,37100
2023-01-10,2.4200000762939453,2.4489998817443848,2.299999952316284,2.369999885559082,13500
2023-01-11,2.7799999713897705,2.869999885559082,2.4000000953674316,2.4000000953674316,55400
2023-01-12,2.630000114440918,2.75,2.319999933242798,2.75,40100
2023-01-13,2.4800000190734863,2.5999999046325684,2.3499999046325684,2.559999942779541,17600
2023-01-17,2.390000104904175,2.549999952316284,2.3499999046325684,2.5199999809265137,9400
2023-01-18,2.3299999237060547,2.430000066757202,2.299999952316284,2.430000066757202,2500
2023-01-19,2.25,2.309999942779541,2.0850000381469727,2.309999942779541,22500
2023-01-20,2.1500000953674316,2.25,2.11299991607666,2.240000009536743,13000
2023-01-23,2.059999942779541,2.2279999256134033,1.9700000286102295,2.2139999866485596,4700
2023-01-24,2.140000104904175,2.1610000133514404,2.0899999141693115,2.0899999141693115,2900
2023-01-25,2.009999990463257,2.180000066757202,1.9600000381469727,2.180000066757202,6900
2023-01-26,2.140000104904175,2.140000104904175,2.0199999809265137,2.109999895095825,4100
2023-01-27,2.1500000953674316,2.190000057220459,2.0999999046325684,2.190000057220459,3800
2023-01-30,2.200000047683716,2.200000047683716,2.0799999237060547,2.0899999141693115,11100
2023-01-31,2.25,2.25,2.25,2.25,7700
2023-02-01,2.5999999046325684,2.700000047683716,2.2899999618530273,2.299999952316284,46500
2023-02-02,2.619999885559082,2.7249999046325684,2.5999999046325684,2.5999999046325684,12300
2023-02-03,2.619999885559082,2.6500000953674316,2.5999999046325684,2.5999999046325684,7300
2023-02-06,2.509999990463257,2.6730000972747803,2.509999990463257,2.6730000972747803,34900
2023-02-07,2.140000104904175,2.553999900817871,2.049999952316284,2.553999900817871,35600
2023-02-08,2.2119998931884766,2.2119998931884766,2.049999952316284,2.1500000953674316,3300
2023-02-09,2.0999999046325684,2.2100000381469727,2.0999999046325684,2.109999895095825,1000
2023-02-10,2.0899999141693115,2.1700000762939453,1.9199999570846558,2.1700000762939453,11500
2023-02-13,2.0999999046325684,2.0999999046325684,1.909999966621399,1.909999966621399,1600
2023-02-14,2.065000057220459,2.065000057220459,2.065000057220459,2.065000057220459,500
2023-02-15,2.0,2.138000011444092,2.0,2.069999933242798,11400
2023-02-16,2.049999952316284,2.109999895095825,1.9900000095367432,2.0,28300
2023-02-17,2.0,2.0380001068115234,2.0,2.009999990463257,2400
2023-02-21,2.0399999618530273,2.055000066757202,2.0399999618530273,2.055000066757202,1000
2023-02-22,2.0199999809265137,2.315000057220459,2.0,2.315000057220459,5600
2023-02-23,2.0199999809265137,2.0899999141693115,1.9620000123977661,2.0899999141693115,1700
2023-02-24,1.940000057220459,2.0829999446868896,1.8869999647140503,2.049999952316284,6900
2023-02-27,2.009999990463257,2.130000114440918,1.9199999570846558,2.130000114440918,7100
2023-02-28,1.9550000429153442,2.1700000762939453,1.9199999570846558,2.1700000762939453,24800
2023-03-01,1.9600000381469727,2.1710000038146973,1.9600000381469727,1.9600000381469727,9000
2023-03-02,1.840000033378601,1.9600000381469727,1.7999999523162842,1.9479999542236328,10100
2023-03-03,1.8899999856948853,2.119999885559082,1.8899999856948853,2.119999885559082,17800
2023-03-06,1.9700000286102295,1.9830000400543213,1.909999966621399,1.9830000400543213,1900
2023-03-07,1.909999966621399,1.940000057220459,1.909999966621399,1.9119999408721924,1800
2023-03-08,1.9299999475479126,1.940000057220459,1.8700000047683716,1.899999976158142,1900
2023-03-09,1.840000033378601,1.899999976158142,1.840000033378601,1.899999976158142,2300
2023-03-10,1.8559999465942383,1.8930000066757202,1.840000033378601,1.840000033378601,1200
2023-03-13,1.8600000143051147,1.899999976158142,1.840000033378601,1.840000033378601,4600
2023-03-14,1.850000023841858,1.940000057220459,1.840000033378601,1.840000033378601,2500
2023-03-15,1.840000033378601,1.8799999952316284,1.840000033378601,1.8799999952316284,1700
2023-03-16,1.7999999523162842,1.8899999856948853,1.6399999856948853,1.7699999809265137,10300
2023-03-17,1.7400000095367432,1.850000023841858,1.5700000524520874,1.5700000524520874,4000
2023-03-20,1.7200000286102295,1.7200000286102295,1.6299999952316284,1.6299999952316284,2600
2023-03-21,1.7799999713897705,1.7999999523162842,1.7200000286102295,1.7200000286102295,800
2023-03-22,1.7799999713897705,1.7799999713897705,1.7799999713897705,1.7799999713897705,400
2023-03-23,1.9500000476837158,1.9500000476837158,1.7899999618530273,1.8600000143051147,8500
2023-03-24,2.0399999618530273,2.4119999408721924,1.934000015258789,1.9500000476837158,295200
2023-03-27,1.809999942779541,2.0899999141693115,1.7599999904632568,2.0899999141693115,50800
2023-03-28,1.7100000381469727,1.8960000276565552,1.649999976158142,1.7200000286102295,41300
2023-03-29,1.7799999713897705,2.055000066757202,1.7100000381469727,1.8600000143051147,8500
2023-03-30,1.850000023841858,2.059999942779541,1.7300000190734863,1.7300000190734863,5100
2023-03-31,1.75,2.049999952316284,1.75,2.049999952316284,8900
2023-04-03,1.690999984741211,1.7899999618530273,1.690999984741211,1.7899999618530273,3900
2023-04-04,1.6399999856948853,1.6799999475479126,1.6399999856948853,1.649999976158142,3400
2023-04-05,1.7410000562667847,1.75,1.659999966621399,1.75,9600
2023-04-06,1.690000057220459,1.690000057220459,1.6710000038146973,1.6710000038146973,900
2023-04-10,1.7640000581741333,1.7699999809265137,1.6200000047683716,1.6200000047683716,2100
2023-04-11,1.687999963760376,1.7569999694824219,1.6200000047683716,1.6299999952316284,12300
2023-04-12,1.6200000047683716,1.7059999704360962,1.600000023841858,1.600000023841858,2800
2023-04-13,1.5700000524520874,1.6699999570846558,1.5700000524520874,1.6399999856948853,2500
2023-04-14,1.600000023841858,1.6399999856948853,1.590000033378601,1.590000033378601,4400
2023-04-17,1.5099999904632568,1.6299999952316284,1.475000023841858,1.5499999523162842,21600
2023-04-18,1.309999942779541,1.5099999904632568,1.309999942779541,1.5099999904632568,14100
2023-04-19,1.2100000381469727,1.5110000371932983,1.2100000381469727,1.25,47100
2023-04-20,1.2599999904632568,1.309999942779541,1.2100000381469727,1.309999942779541,15300
2023-04-21,1.3700000047683716,1.4199999570846558,1.2599999904632568,1.2599999904632568,24900
2023-04-24,1.350000023841858,1.4600000381469727,1.2599999904632568,1.2899999618530273,36200
2023-04-25,1.3300000429153442,1.440000057220459,1.315999984741211,1.440000057220459,2500
2023-04-26,1.2799999713897705,1.3700000047683716,1.2200000286102295,1.3389999866485596,4300
2023-04-27,1.3700000047683716,1.4220000505447388,1.2200000286102295,1.4220000505447388,900
2023-04-28,1.190000057220459,1.3600000143051147,1.1399999856948853,1.3600000143051147,19400
2023-05-01,1.1699999570846558,1.2000000476837158,1.1699999570846558,1.190000057220459,1600
2023-05-02,1.25,1.25,1.159999966621399,1.159999966621399,4500
2023-05-03,1.1399999856948853,1.2309999465942383,1.1399999856948853,1.1699999570846558,4000
2023-05-04,1.1799999475479126,1.190000057220459,1.1399999856948853,1.1399999856948853,4300
2023-05-05,1.1799999475479126,1.3070000410079956,1.1299999952316284,1.2280000448226929,34200
2023-05-08,1.190000057220459,1.25,1.149999976158142,1.25,7900
2023-05-09,1.2899999618530273,1.309999942779541,1.1100000143051147,1.1399999856948853,19700
2023-05-10,1.3600000143051147,1.3700000047683716,1.2660000324249268,1.3550000190734863,4400
2023-05-11,1.3539999723434448,1.371000051498413,1.2799999713897705,1.3700000047683716,4000
2023-05-12,1.3200000524520874,1.375,1.2949999570846558,1.309999942779541,9800
2023-05-15,1.25,1.312999963760376,1.2300000190734863,1.309999942779541,3000
2023-05-16,1.2899999618530273,1.2899999618530273,1.2259999513626099,1.2899999618530273,4000
2023-05-17,1.2400000095367432,1.2400000095367432,1.1799999475479126,1.1799999475479126,700
2023-05-18,1.2450000047683716,1.2450000047683716,1.1230000257492065,1.2400000095367432,12400
2023-05-19,1.2599999904632568,1.2799999713897705,1.190000057220459,1.2799999713897705,6300
2023-05-22,1.2999999523162842,1.340000033378601,1.159999966621399,1.159999966621399,3100
2023-05-23,1.2400000095367432,1.2999999523162842,1.2120000123977661,1.2999999523162842,5900
2023-05-24,1.2200000286102295,1.2799999713897705,1.2200000286102295,1.2799999713897705,1300
2023-05-25,1.190000057220459,1.2899999618530273,1.1799999475479126,1.2899999618530273,3300
2023-05-26,1.1699999570846558,1.2589999437332153,1.1699999570846558,1.2589999437332153,3300
2023-05-30,1.2330000400543213,1.3300000429153442,1.1699999570846558,1.2899999618530273,6600
2023-05-31,1.2890000343322754,1.2960000038146973,1.2000000476837158,1.2100000381469727,76500
2023-06-01,1.4279999732971191,1.4600000381469727,1.2999999523162842,1.2999999523162842,32600
2023-06-02,1.5099999904632568,1.600000023841858,1.3899999856948853,1.3899999856948853,45300
2023-06-05,1.5219999551773071,1.600000023841858,1.3600000143051147,1.5199999809265137,19100
2023-06-06,1.6460000276565552,1.7100000381469727,1.3869999647140503,1.3869999647140503,35100
2023-06-07,1.5700000524520874,1.7699999809265137,1.559999942779541,1.7699999809265137,17600
2023-06-08,1.5399999618530273,1.7599999904632568,1.4299999475479126,1.7599999904632568,24100
2023-06-09,1.5700000524520874,1.659999966621399,1.4900000095367432,1.6369999647140503,4500
2023-06-12,1.600000023841858,1.7000000476837158,1.569000005722046,1.569000005722046,6700
2023-06-13,1.6100000143051147,1.7200000286102295,1.5700000524520874,1.6510000228881836,33200
2023-06-14,1.7599999904632568,1.8200000524520874,1.590000033378601,1.6549999713897705,65900
2023-06-15,1.7899999618530273,1.9199999570846558,1.600000023841858,1.722000002861023,19500
2023-06-16,1.850000023841858,1.899999976158142,1.75,1.75,8100
2023-06-20,1.809999942779541,1.8380000591278076,1.7039999961853027,1.7799999713897705,9200
2023-06-21,1.7599999904632568,1.7899999618530273,1.7109999656677246,1.7109999656677246,5400
2023-06-22,1.75,1.850000023841858,1.7400000095367432,1.850000023841858,4900
2023-06-23,1.7000000476837158,1.7970000505447388,1.7000000476837158,1.7970000505447388,5700
2023-06-26,1.899999976158142,1.9900000095367432,1.7699999809265137,1.7699999809265137,37300
2023-06-27,1.906000018119812,1.9700000286102295,1.899999976158142,1.9700000286102295,14300
2023-06-28,1.899999976158142,2.0,1.899999976158142,1.9700000286102295,16200
2023-06-29,1.899999976158142,1.940000057220459,1.8600000143051147,1.940000057220459,3600
2023-06-30,1.7999999523162842,1.9700000286102295,1.7899999618530273,1.8899999856948853,2500
2023-07-03,1.7000000476837158,1.7890000343322754,1.690000057220459,1.690000057220459,1700
2023-07-05,1.7000000476837158,1.7910000085830688,1.7000000476837158,1.7000000476837158,2200
2023-07-06,1.6260000467300415,1.6699999570846558,1.5,1.5,7500
2023-07-07,1.5700000524520874,1.746999979019165,1.559999942779541,1.559999942779541,5800
2023-07-10,1.5299999713897705,1.784999966621399,1.4800000190734863,1.784999966621399,22500
2023-07-11,1.5099999904632568,1.75,1.440000057220459,1.5199999809265137,12900
2023-07-12,1.5800000429153442,1.7649999856948853,1.4500000476837158,1.4500000476837158,137100
2023-07-13,1.6799999475479126,1.809999942779541,1.649999976158142,1.7799999713897705,4100
2023-07-14,1.7999999523162842,1.8700000047683716,1.649999976158142,1.649999976158142,44600
2023-07-17,1.850000023841858,2.0299999713897705,1.809999942779541,1.8220000267028809,24700
2023-07-18,1.8600000143051147,1.9010000228881836,1.850000023841858,1.9010000228881836,14000
2023-07-19,1.9320000410079956,1.968000054359436,1.850000023841858,1.9500000476837158,5200
2023-07-20,1.7999999523162842,1.909999966621399,1.7999999523162842,1.909999966621399,7400
2023-07-21,1.8200000524520874,1.9500000476837158,1.7999999523162842,1.7999999523162842,3900
2023-07-24,1.850000023841858,1.9500000476837158,1.7999999523162842,1.9199999570846558,12800
2023-07-25,1.850000023841858,1.8869999647140503,1.8300000429153442,1.840000033378601,22100
2023-07-26,1.8600000143051147,1.940000057220459,1.7999999523162842,1.850000023841858,12000
2023-07-27,1.8200000524520874,1.9160000085830688,1.7300000190734863,1.8600000143051147,6200
2023-07-28,1.7070000171661377,1.8200000524520874,1.6699999570846558,1.690000057220459,4000
2023-07-31,1.6100000143051147,1.7389999628067017,1.6100000143051147,1.6699999570846558,18300
2023-08-01,1.600000023841858,1.6399999856948853,1.559999942779541,1.6399999856948853,9200
2023-08-02,1.4049999713897705,1.6230000257492065,1.319000005722046,1.5199999809265137,43700
2023-08-03,1.3899999856948853,1.4859999418258667,1.3200000524520874,1.3200000524520874,15600
2023-08-04,1.2999999523162842,1.5199999809265137,1.2999999523162842,1.5199999809265137,5400
2023-08-07,1.5800000429153442,1.8200000524520874,1.2899999618530273,1.2899999618530273,103900
2023-08-08,1.5399999618530273,1.590000033378601,1.399999976158142,1.5299999713897705,15100
2023-08-09,1.7699999809265137,1.7699999809265137,1.5700000524520874,1.5880000591278076,23200
2023-08-10,1.7699999809265137,1.909999966621399,1.6799999475479126,1.7899999618530273,16600
2023-08-11,1.7899999618530273,1.7999999523162842,1.6770000457763672,1.7619999647140503,6300
2023-08-14,1.6200000047683716,1.7100000381469727,1.5490000247955322,1.6799999475479126,12900
2023-08-15,1.3300000429153442,1.649999976158142,1.3300000429153442,1.4299999475479126,43500
2023-08-16,1.3200000524520874,1.4199999570846558,1.3109999895095825,1.3300000429153442,28200
2023-08-17,1.2599999904632568,1.5,1.25,1.2799999713897705,32600
2023-08-18,1.2699999809265137,1.3799999952316284,1.2599999904632568,1.3799999952316284,9900
2023-08-21,1.2100000381469727,1.3700000047683716,1.2100000381469727,1.2599999904632568,17000
2023-08-22,1.2000000476837158,1.3600000143051147,1.159999966621399,1.2200000286102295,14100
2023-08-23,1.190000057220459,1.350000023841858,1.1799999475479126,1.2430000305175781,13500
2023-08-24,1.190000057220459,1.2699999809265137,1.149999976158142,1.190000057220459,12900
2023-08-25,1.2200000286102295,1.253000020980835,1.159999966621399,1.159999966621399,1900
2023-08-28,1.1299999952316284,1.2289999723434448,1.1200000047683716,1.2000000476837158,44600
2023-08-29,1.1299999952316284,1.2400000095367432,1.1299999952316284,1.2400000095367432,2600
2023-08-30,1.2000000476837158,1.2000000476837158,1.1299999952316284,1.149999976158142,10200
2023-08-31,1.1699999570846558,1.2100000381469727,1.1200000047683716,1.190000057220459,10700
2023-09-01,1.159999966621399,1.2400000095367432,1.1100000143051147,1.2400000095367432,10800
2023-09-05,1.1299999952316284,1.2209999561309814,1.1100000143051147,1.1100000143051147,2500
2023-09-06,1.0700000524520874,1.2400000095367432,1.0499999523162842,1.2400000095367432,15100
2023-09-07,1.0099999904632568,1.0399999618530273,1.0099999904632568,1.0399999618530273,12600
2023-09-08,1.100000023841858,1.1460000276565552,1.0099999904632568,1.0099999904632568,36000
2023-09-11,1.100000023841858,1.1200000047683716,1.100000023841858,1.100000023841858,37200
2023-09-12,1.0850000381469727,1.1200000047683716,1.0850000381469727,1.100000023841858,86100
2023-09-13,1.0199999809265137,1.2100000381469727,1.0199999809265137,1.2100000381469727,12000
2023-09-14,1.0199999809265137,1.093000054359436,0.9810000061988831,1.093000054359436,13800
2023-09-15,1.0299999713897705,1.100000023841858,1.0,1.0,21600
2023-09-18,0.9599999785423279,1.031999945640564,0.9599999785423279,1.0099999904632568,21400
2023-09-19,0.9599999785423279,0.9940000176429749,0.9599999785423279,0.9700000286102295,9000
2023-09-20,1.0049999952316284,1.1030000448226929,0.9599999785423279,0.9599999785423279,134200
2023-09-21,1.0299999713897705,1.1260000467300415,0.9700000286102295,0.9750000238418579,11300
2023-09-22,0.9810000061988831,1.149999976158142,0.9810000061988831,1.065000057220459,26200
2023-09-25,1.0399999618530273,1.1360000371932983,0.9909999966621399,1.0199999809265137,31500
2023-09-26,1.090000033378601,1.1180000305175781,1.0399999618530273,1.1180000305175781,9000
2023-09-27,1.0950000286102295,1.1100000143051147,1.0299999713897705,1.0729999542236328,7100
2023-09-28,1.0800000429153442,1.1399999856948853,1.024999976158142,1.0800000429153442,11700
2023-09-29,1.399999976158142,1.399999976158142,1.1299999952316284,1.1399999856948853,98800
2023-10-02,1.6699999570846558,1.6799999475479126,1.399999976158142,1.4299999475479126,88900
2023-10-03,1.6349999904632568,1.8300000429153442,1.6100000143051147,1.6399999856948853,52000
2023-10-04,1.590000033378601,1.6200000047683716,1.3600000143051147,1.6200000047683716,22700
2023-10-05,1.5299999713897705,1.590000033378601,1.3799999952316284,1.5,10900
2023-10-06,1.5700000524520874,1.6100000143051147,1.4900000095367432,1.6100000143051147,3900
2023-10-09,1.4800000190734863,1.4800000190734863,1.4199999570846558,1.4630000591278076,1000
2023-10-10,1.5800000429153442,1.7000000476837158,1.5149999856948853,1.5199999809265137,13100
2023-10-11,1.4700000286102295,1.559999942779541,1.4600000381469727,1.4600000381469727,800
2023-10-12,1.5,1.75,1.5,1.75,3700
2023-10-13,1.5499999523162842,1.5750000476837158,1.5099999904632568,1.5750000476837158,1100
2023-10-16,1.5,1.5800000429153442,1.496000051498413,1.5399999618530273,3500
2023-10-17,1.5800000429153442,1.600000023841858,1.5499999523162842,1.5499999523162842,8000
2023-10-18,1.559999942779541,1.562999963760376,1.4700000286102295,1.5149999856948853,2700
2023-10-19,1.5,1.559999942779541,1.340000033378601,1.559999942779541,12600
2023-10-20,1.440000057220459,1.5399999618530273,1.4299999475479126,1.4299999475479126,1700
2023-10-23,1.5199999809265137,1.5399999618530273,1.4299999475479126,1.4299999475479126,14700
2023-10-24,1.4700000286102295,1.5399999618530273,1.4299999475479126,1.5299999713897705,17400
2023-10-25,1.5,1.5,1.4199999570846558,1.4199999570846558,6900
2023-10-26,1.4800000190734863,1.4800000190734863,1.4299999475479126,1.440000057220459,13800
2023-10-27,1.4500000476837158,1.496999979019165,1.4199999570846558,1.440000057220459,16200
2023-10-30,1.4299999475479126,1.4700000286102295,1.4199999570846558,1.440000057220459,3300
2023-10-31,1.149999976158142,1.4299999475479126,1.0800000429153442,1.4210000038146973,108700
2023-11-01,1.1699999570846558,1.1699999570846558,1.1130000352859497,1.1130000352859497,4600
2023-11-02,1.2200000286102295,1.2450000047683716,1.090000033378601,1.090000033378601,4400
2023-11-03,1.2300000190734863,1.2999999523162842,1.2300000190734863,1.2999999523162842,1700
2023-11-06,1.2910000085830688,1.2910000085830688,1.1699999570846558,1.1699999570846558,600
2023-11-07,1.2300000190734863,1.25,1.2300000190734863,1.25,1900
2023-11-08,1.2999999523162842,1.2999999523162842,1.1799999475479126,1.1799999475479126,2100
2023-11-09,1.190000057220459,1.2899999618530273,1.1299999952316284,1.2599999904632568,10400
2023-11-10,1.2400000095367432,1.2400000095367432,1.1200000047683716,1.1200000047683716,2500
2023-11-13,1.149999976158142,1.2300000190734863,1.1100000143051147,1.149999976158142,2400
2023-11-14,1.090000033378601,1.1740000247955322,1.0700000524520874,1.1449999809265137,21800
2023-11-15,1.149999976158142,1.25,1.1299999952316284,1.149999976158142,18300
2023-11-16,1.159999966621399,1.2400000095367432,1.159999966621399,1.2400000095367432,700
2023-11-17,1.1299999952316284,1.1699999570846558,1.1200000047683716,1.1200000047683716,2200
2023-11-20,1.2300000190734863,1.2300000190734863,1.0299999713897705,1.1619999408721924,7300
2023-11-21,1.100000023841858,1.1419999599456787,1.0540000200271606,1.1299999952316284,5600
2023-11-22,1.090000033378601,1.218000054359436,1.0700000524520874,1.218000054359436,9300
2023-11-24,1.0700000524520874,1.2200000286102295,1.0700000524520874,1.2200000286102295,4100
2023-11-27,1.100000023841858,1.215999960899353,1.0700000524520874,1.0700000524520874,1600
2023-11-28,1.125,1.1799999475479126,1.093999981880188,1.1679999828338623,1200
2023-11-29,1.100000023841858,1.1699999570846558,1.100000023841858,1.1100000143051147,1000
2023-11-30,1.0499999523162842,1.1699999570846558,1.0499999523162842,1.0700000524520874,13200
2023-12-01,1.1050000190734863,1.1510000228881836,1.0399999618530273,1.1510000228881836,4000
2023-12-04,1.059999942779541,1.059999942779541,1.0399999618530273,1.0499999523162842,8900
2023-12-05,1.1100000143051147,1.1799999475479126,1.0299999713897705,1.0299999713897705,14700
2023-12-06,1.090999960899353,1.100000023841858,1.0399999618530273,1.100000023841858,3000
2023-12-07,1.0499999523162842,1.1799999475479126,1.0299999713897705,1.0499999523162842,10500
2023-12-08,1.0540000200271606,1.0789999961853027,1.0299999713897705,1.0429999828338623,3100
2023-12-11,1.0700000524520874,1.1100000143051147,1.0299999713897705,1.1100000143051147,7500
2023-12-12,1.0299999713897705,1.159999966621399,1.0299999713897705,1.1100000143051147,19900
2023-12-13,1.0099999904632568,1.100000023841858,1.0099999904632568,1.0360000133514404,11200
2023-12-14,1.0499999523162842,1.0499999523162842,1.0399999618530273,1.0399999618530273,900
2023-12-15,1.1100000143051147,1.2799999713897705,1.0299999713897705,1.149999976158142,89500
2023-12-18,1.1169999837875366,1.1779999732971191,1.0700000524520874,1.0700000524520874,3000
2023-12-19,1.159999966621399,1.190000057220459,1.0700000524520874,1.0700000524520874,1600
2023-12-20,1.159999966621399,1.159999966621399,1.0800000429153442,1.090000033378601,5000
2023-12-21,1.100000023841858,1.1299999952316284,1.0959999561309814,1.1299999952316284,900
2023-12-22,1.1299999952316284,1.1399999856948853,1.1100000143051147,1.1299999952316284,3400
2023-12-26,1.1200000047683716,1.1200000047683716,1.100000023841858,1.1100000143051147,4200
2023-12-27,1.031000018119812,1.1399999856948853,1.0299999713897705,1.1399999856948853,20100
2023-12-28,1.0499999523162842,1.149999976158142,1.0299999713897705,1.090000033378601,9700
2023-12-29,1.100000023841858,1.1699999570846558,1.0299999713897705,1.0440000295639038,59700
2024-01-02,1.0499999523162842,1.1100000143051147,1.0499999523162842,1.100000023841858,6300
2024-01-03,1.059999942779541,1.1299999952316284,0.9900000095367432,1.1009999513626099,54800
2024-01-04,1.0199999809265137,1.100000023841858,0.9990000128746033,1.100000023841858,19900
2024-01-05,1.0700000524520874,1.100000023841858,0.9909999966621399,0.996999979019165,39300
2024-01-08,1.031000018119812,1.059999942779541,1.0299999713897705,1.0399999618530273,8000
2024-01-09,1.059999942779541,1.059999942779541,1.0299999713897705,1.0449999570846558,4000
2024-01-10,1.0870000123977661,1.090000033378601,1.0,1.090000033378601,11400
2024-01-11,1.0800000429153442,1.0800000429153442,1.0199999809265137,1.0720000267028809,800
2024-01-12,1.0169999599456787,1.065000057220459,1.0169999599456787,1.0470000505447388,4200
2024-01-16,1.059999942779541,1.059999942779541,1.0099999904632568,1.0099999904632568,2000
2024-01-17,1.0299999713897705,1.0700000524520874,1.0299999713897705,1.0700000524520874,2000
2024-01-18,1.0199999809265137,1.0199999809265137,1.0099999904632568,1.0199999809265137,1600
2024-01-19,1.0,1.0470000505447388,1.0,1.0470000505447388,15300
2024-01-22,1.0499999523162842,1.0499999523162842,1.0,1.0,16900
2024-01-23,1.0,1.0299999713897705,1.0,1.0010000467300415,6800
2024-01-24,1.0549999475479126,1.100000023841858,1.0199999809265137,1.0499999523162842,18200
2024-01-25,1.0099999904632568,1.0420000553131104,1.0099999904632568,1.0420000553131104,8600
2024-01-26,1.0,1.0399999618530273,1.0,1.0160000324249268,3500
2024-01-29,1.0,1.0,1.0,1.0,600
2024-01-30,1.0,1.0099999904632568,1.0,1.0,2400
2024-01-31,1.0,1.0099999904632568,1.0,1.0099999904632568,1800
2024-02-01,1.0,1.100000023841858,1.0,1.0099999904632568,7700
2024-02-02,1.0,1.034999966621399,1.0,1.0219999551773071,6000
2024-02-05,0.9900000095367432,1.059999942779541,0.9900000095367432,1.059999942779541,3300
2024-02-06,1.0,1.024999976158142,0.9900000095367432,0.9900000095367432,1700
2024-02-07,0.9869999885559082,1.0099999904632568,0.9869999885559082,0.9909999966621399,3400
2024-02-08,0.9800000190734863,0.9909999966621399,0.9800000190734863,0.9810000061988831,1900
2024-02-09,1.0,1.0,0.9850000143051147,0.9900000095367432,3700
2024-02-12,1.0099999904632568,1.0499999523162842,1.0,1.0,7500
2024-02-13,1.0240000486373901,1.090000033378601,1.0199999809265137,1.0449999570846558,11400
2024-02-14,1.0199999809265137,1.0199999809265137,1.0,1.0,1400
2024-02-15,1.0499999523162842,1.0499999523162842,1.0,1.0449999570846558,15000
2024-02-16,1.0299999713897705,1.0499999523162842,0.9800000190734863,1.0499999523162842,75600
2024-02-20,1.0199999809265137,1.0499999523162842,0.9819999933242798,1.0099999904632568,20900
2024-02-21,0.9900000095367432,1.0,0.9860000014305115,1.0,4400
2024-02-22,0.9800000190734863,0.9900000095367432,0.9800000190734863,0.9900000095367432,4900
2024-02-23,0.9990000128746033,0.9990000128746033,0.9800000190734863,0.9990000128746033,1900
2024-02-26,0.9710000157356262,1.0,0.9710000157356262,1.0,2100
2024-02-27,0.9380000233650208,0.9800000190734863,0.9309999942779541,0.9800000190734863,20100
2024-02-28,0.9300000071525574,0.9900000095367432,0.9300000071525574,0.949999988079071,9200
2024-02-29,0.949999988079071,0.949999988079071,0.9279999732971191,0.9279999732971191,10900
2024-03-01,0.9649999737739563,0.9929999709129333,0.9300000071525574,0.9929999709129333,5000
2024-03-04,0.9300000071525574,0.949999988079071,0.9300000071525574,0.949999988079071,2900
2024-03-05,0.8849999904632568,0.9399999976158142,0.8700000047683716,0.9399999976158142,11600
2024-03-06,0.9300000071525574,0.9399999976158142,0.8700000047683716,0.9399999976158142,11200
2024-03-07,0.8999999761581421,0.8999999761581421,0.8700000047683716,0.8999999761581421,11600
2024-03-08,0.8849999904632568,0.9399999976158142,0.8799999952316284,0.8799999952316284,2000
2024-03-11,0.9900000095367432,1.0199999809265137,0.8700000047683716,0.8700000047683716,55400
2024-03-12,1.090000033378601,1.1100000143051147,1.0,1.0,76200
2024-03-13,1.100000023841858,1.149999976158142,1.0800000429153442,1.0800000429153442,34600
2024-03-14,1.059999942779541,1.1200000047683716,1.059999942779541,1.100000023841858,5900
2024-03-15,1.1299999952316284,1.2100000381469727,1.100000023841858,1.1399999856948853,31600
2024-03-18,1.1299999952316284,1.1799999475479126,1.1299999952316284,1.1799999475479126,4500
2024-03-19,1.090000033378601,1.149999976158142,1.090000033378601,1.1299999952316284,5300
2024-03-20,1.100000023841858,1.1059999465942383,1.100000023841858,1.100000023841858,1800
2024-03-21,1.1299999952316284,1.2000000476837158,1.100000023841858,1.1100000143051147,4300
2024-03-22,1.100000023841858,1.184999942779541,1.090000033378601,1.184999942779541,25300
2024-03-25,1.0499999523162842,1.0800000429153442,1.0499999523162842,1.0800000429153442,6700
2024-03-26,1.0700000524520874,1.0800000429153442,1.0,1.0499999523162842,17400
2024-03-27,1.0399999618530273,1.25,1.0399999618530273,1.25,7100
2024-03-28,1.059999942779541,1.1799999475479126,0.9900000095367432,1.0399999618530273,58500
2024-04-01,1.1200000047683716,1.1349999904632568,1.0750000476837158,1.0800000429153442,5400
2024-04-02,1.1299999952316284,1.1399999856948853,1.100000023841858,1.1299999952316284,11800
2024-04-03,1.1299999952316284,1.1299999952316284,1.100000023841858,1.1299999952316284,5900
2024-04-04,1.0700000524520874,1.1399999856948853,1.0299999713897705,1.1399999856948853,13800
2024-04-05,1.090000033378601,1.1050000190734863,1.0499999523162842,1.090000033378601,8500
2024-04-08,1.0499999523162842,1.1100000143051147,1.0499999523162842,1.1100000143051147,9200
2024-04-09,1.0499999523162842,1.0499999523162842,1.0499999523162842,1.0499999523162842,300
2024-04-10,1.0299999713897705,1.0770000219345093,0.9399999976158142,1.0499999523162842,2900
2024-04-11,1.0299999713897705,1.059999942779541,0.9399999976158142,1.0499999523162842,26000
2024-04-12,1.0,1.0800000429153442,1.0,1.0199999809265137,5600
2024-04-15,1.0099999904632568,1.0800000429153442,1.0099999904632568,1.0199999809265137,1600
2024-04-16,1.0099999904632568,1.059999942779541,0.9900000095367432,1.0099999904632568,14000
2024-04-17,1.0449999570846558,1.0729999542236328,1.0,1.0,7100
2024-04-18,1.0299999713897705,1.0399999618530273,1.0299999713897705,1.0399999618530273,500
2024-04-19,1.0399999618530273,1.0399999618530273,1.0099999904632568,1.0399999618530273,2800
2024-04-22,1.0199999809265137,1.0399999618530273,0.9789999723434448,1.0399999618530273,9300
2024-04-23,1.0700000524520874,1.0989999771118164,1.0,1.0,5400
2024-04-24,1.0989999771118164,1.0989999771118164,1.0989999771118164,1.0989999771118164,600
2024-04-25,1.059999942779541,1.090000033378601,1.0399999618530273,1.0399999618530273,8100
2024-04-26,1.0499999523162842,1.0800000429153442,1.0499999523162842,1.0800000429153442,900
2024-04-29,1.065000057220459,1.0800000429153442,1.0099999904632568,1.0099999904632568,21500
2024-04-30,1.065000057220459,1.0800000429153442,1.0399999618530273,1.0399999618530273,2600
2024-05-01,1.0989999771118164,1.100000023841858,1.0750000476837158,1.0800000429153442,14400
2024-05-02,1.1699999570846558,1.2000000476837158,1.1480000019073486,1.149999976158142,18800
2024-05-03,1.1799999475479126,1.2200000286102295,1.149999976158142,1.159999966621399,21200
2024-05-06,1.25,1.2899999618530273,1.2000000476837158,1.2000000476837158,27000
2024-05-07,1.2699999809265137,1.340000033378601,1.2200000286102295,1.2200000286102295,14700
2024-05-08,1.5399999618530273,1.7799999713897705,1.3300000429153442,1.340000033378601,303500
2024-05-09,1.2949999570846558,1.6510000228881836,1.2599999904632568,1.5499999523162842,108600
2024-05-10,1.3300000429153442,1.5479999780654907,1.2899999618530273,1.5399999618530273,41800
2024-05-13,1.3200000524520874,1.4479999542236328,1.3200000524520874,1.350000023841858,11300
2024-05-14,1.4789999723434448,1.4800000190734863,1.3700000047683716,1.4700000286102295,29900
2024-05-15,1.5800000429153442,1.600000023841858,1.49399995803833,1.5099999904632568,27100
2024-05-16,1.75,1.75,1.6349999904632568,1.6349999904632568,37200
2024-05-17,1.9800000190734863,2.0,1.7450000047683716,1.75,88100
2024-05-20,2.0199999809265137,2.249000072479248,1.809999942779541,2.0999999046325684,75000
2024-05-21,2.130000114440918,2.1989998817443848,2.0799999237060547,2.0899999141693115,24500
2024-05-22,2.369999885559082,2.390000104904175,2.184999942779541,2.2100000381469727,73500
2024-05-23,2.2300000190734863,2.549999952316284,2.2160000801086426,2.549999952316284,43800
2024-05-24,2.200000047683716,2.299999952316284,1.9600000381469727,2.299999952316284,64400
2024-05-28,2.2200000286102295,2.319999933242798,2.1600000858306885,2.319999933242798,36100
2024-05-29,2.180000066757202,2.2699999809265137,2.140000104904175,2.2699999809265137,14200
2024-05-30,2.1700000762939453,2.2799999713897705,2.0999999046325684,2.2799999713897705,30200
2024-05-31,2.200000047683716,2.2899999618530273,2.1500000953674316,2.2799999713897705,25200
2024-06-03,2.2100000381469727,2.240000009536743,2.1740000247955322,2.240000009536743,14400
2024-06-04,2.1500000953674316,2.2300000190734863,2.0850000381469727,2.1700000762939453,16700
2024-06-05,2.180000066757202,2.200000047683716,2.109999895095825,2.1500000953674316,10800
2024-06-06,2.194999933242798,2.259999990463257,2.140000104904175,2.180000066757202,8900
2024-06-07,2.180000066757202,2.184999942779541,2.0899999141693115,2.0899999141693115,6600
2024-06-10,2.1600000858306885,2.359999895095825,2.0,2.2100000381469727,55200
2024-06-11,2.2300000190734863,2.2300000190734863,2.1500000953674316,2.2100000381469727,64600
2024-06-12,2.240000009536743,2.299999952316284,2.2200000286102295,2.299999952316284,5000
2024-06-13,2.390000104904175,2.609999895095825,2.200000047683716,2.2100000381469727,114500
2024-06-14,2.549999952316284,2.7249999046325684,2.440000057220459,2.569999933242798,54500
2024-06-17,2.700000047683716,2.8989999294281006,2.569999933242798,2.8399999141693115,62000
2024-06-18,2.390000104904175,2.75,2.380000114440918,2.75,70600
2024-06-20,2.509999990463257,2.549999952316284,2.440000057220459,2.440000057220459,21200
2024-06-21,2.3499999046325684,2.5840001106262207,2.240999937057495,2.4700000286102295,63800
2024-06-24,2.4000000953674316,2.5799999237060547,2.3499999046325684,2.3499999046325684,17500
2024-06-25,2.440000057220459,2.490000009536743,2.359999895095825,2.4000000953674316,13800
2024-06-26,2.440000057220459,2.4700000286102295,2.3499999046325684,2.4700000286102295,18000
2024-06-27,2.4200000762939453,2.4600000381469727,2.4000000953674316,2.430000066757202,6500
2024-06-28,2.380000114440918,2.490000009536743,2.369999885559082,2.490000009536743,8200
2024-07-01,2.2899999618530273,2.424999952316284,2.2899999618530273,2.424999952316284,6400
2024-07-02,2.3399999141693115,2.3529999256134033,2.2899999618530273,2.319999933242798,13600
2024-07-03,2.2300000190734863,2.515000104904175,2.2300000190734863,2.2899999618530273,21500
2024-07-05,2.259999990463257,2.4000000953674316,2.259999990463257,2.390000104904175,8500
2024-07-08,2.265000104904175,2.4700000286102295,2.25,2.325000047683716,8100
2024-07-09,2.2200000286102295,2.305000066757202,2.130000114440918,2.259999990463257,28600
2024-07-10,2.3399999141693115,2.3399999141693115,2.2279999256134033,2.25,9000
2024-07-11,2.5,2.6500000953674316,2.3499999046325684,2.3499999046325684,29200
2024-07-12,2.5399999618530273,2.559999942779541,2.5199999809265137,2.549999952316284,26800
2024-07-15,2.5399999618530273,2.559999942779541,2.5299999713897705,2.5399999618530273,9500
2024-07-16,2.5399999618530273,2.559999942779541,2.5199999809265137,2.549999952316284,9000
2024-07-17,2.799999952316284,3.2200000286102295,2.569999933242798,2.6500000953674316,79000
2024-07-18,2.869999885559082,3.0999999046325684,2.8499999046325684,2.890000104904175,44000
2024-07-19,2.884999990463257,2.950000047683716,2.8499999046325684,2.9000000953674316,46700
2024-07-22,3.390000104904175,3.7200000286102295,2.9049999713897705,2.990000009536743,158800
2024-07-23,3.4000000953674316,3.619999885559082,3.2799999713897705,3.619999885559082,51900
2024-07-24,3.430000066757202,3.438999891281128,3.319999933242798,3.319999933242798,22400
2024-07-25,3.4200000762939453,3.549999952316284,3.25,3.4700000286102295,82100
2024-07-26,2.950000047683716,3.490000009536743,2.799999952316284,3.490000009536743,82700
2024-07-29,3.069999933242798,3.3389999866485596,3.0,3.059999942779541,19500
2024-07-30,2.8299999237060547,3.200000047683716,2.819999933242798,3.200000047683716,46700
2024-07-31,2.809999942779541,2.859999895095825,2.609999895095825,2.759999990463257,14700
2024-08-01,2.809999942779541,2.890000104904175,2.75,2.890000104904175,2500
2024-08-02,2.7899999618530273,2.950000047683716,2.75,2.950000047683716,11400
2024-08-05,2.6500000953674316,3.059999942779541,2.309999942779541,2.75,117600
2024-08-06,2.9200000762939453,2.990000009536743,2.575000047683716,2.5799999237060547,60100
2024-08-07,2.7300000190734863,3.2699999809265137,2.559999942779541,2.990000009536743,152300
2024-08-08,2.7100000381469727,2.7899999618530273,2.690000057220459,2.7300000190734863,12600
2024-08-09,2.5899999141693115,2.819999933242798,2.5399999618530273,2.5899999141693115,14800
2024-08-12,2.6600000858306885,2.6600000858306885,2.549999952316284,2.6429998874664307,7700
2024-08-13,2.6500000953674316,2.680000066757202,2.609999895095825,2.680000066757202,2500
2024-08-14,2.5250000953674316,2.609999895095825,2.502000093460083,2.609999895095825,2900
2024-08-15,2.4800000190734863,2.5220000743865967,2.4100000858306885,2.5220000743865967,6600
2024-08-16,2.240000009536743,2.549999952316284,2.2249999046325684,2.5399999618530273,35500
2024-08-19,2.0999999046325684,2.2669999599456787,2.0799999237060547,2.1600000858306885,29200
2024-08-20,2.140000104904175,2.140000104904175,2.0399999618530273,2.0999999046325684,3400
2024-08-21,2.1700000762939453,2.190000057220459,2.119999885559082,2.119999885559082,3400
2024-08-22,2.190000057220459,2.200000047683716,2.0799999237060547,2.130000114440918,9300
2024-08-23,2.119999885559082,2.1700000762939453,2.0999999046325684,2.1700000762939453,12600
2024-08-26,2.0299999713897705,2.1500000953674316,1.940000057220459,2.140000104904175,28900
2024-08-27,1.8849999904632568,2.1449999809265137,1.7300000190734863,2.0,39100
2024-08-28,1.899999976158142,1.9630000591278076,1.8700000047683716,1.899999976158142,6500
2024-08-29,1.9199999570846558,1.9900000095367432,1.8799999952316284,1.899999976158142,8000
2024-08-30,2.0899999141693115,2.0899999141693115,1.9199999570846558,1.9199999570846558,6700
2024-09-03,2.2799999713897705,2.319999933242798,2.0899999141693115,2.0899999141693115,18400
2024-09-04,2.2899999618530273,2.430000066757202,2.259999990463257,2.3949999809265137,8100
2024-09-05,2.119999885559082,2.3299999237060547,2.119999885559082,2.3299999237060547,11000
2024-09-06,2.1500000953674316,2.424999952316284,2.1500000953674316,2.1600000858306885,4900
2024-09-09,2.2300000190734863,2.369999885559082,2.119999885559082,2.119999885559082,4200
2024-09-10,2.2100000381469727,2.390000104904175,2.200000047683716,2.3499999046325684,8700
2024-09-11,2.2799999713897705,2.319999933242798,2.25,2.2709999084472656,7100
2024-09-12,2.390000104904175,2.450000047683716,2.2899999618530273,2.2899999618530273,1600
2024-09-13,2.3399999141693115,2.378999948501587,2.2799999713897705,2.2899999618530273,4900
2024-09-16,2.299999952316284,2.3399999141693115,2.2869999408721924,2.299999952316284,3100
2024-09-17,2.3499999046325684,2.3499999046325684,2.319999933242798,2.3299999237060547,2200
2024-09-18,2.200000047683716,2.3399999141693115,2.200000047683716,2.325000047683716,18200
2024-09-19,2.3499999046325684,2.375999927520752,2.2799999713897705,2.2799999713897705,10800
2024-09-20,2.559999942779541,2.700000047683716,2.390000104904175,2.390000104904175,116900
2024-09-23,2.559999942779541,2.700000047683716,2.494999885559082,2.549999952316284,29700
2024-09-24,2.700000047683716,2.700000047683716,2.559999942779541,2.5999999046325684,4000
2024-09-25,2.7799999713897705,2.999000072479248,2.6500000953674316,2.6549999713897705,47600
2024-09-26,2.799999952316284,2.950000047683716,2.799999952316284,2.799999952316284,22900
2024-09-27,2.7899999618530273,2.819999933242798,2.7300000190734863,2.799999952316284,9200
2024-09-30,2.7799999713897705,2.7799999713897705,2.740000009536743,2.740000009536743,1700
2024-10-01,2.950000047683716,2.950000047683716,2.740000009536743,2.809999942779541,900
2024-10-02,2.8949999809265137,2.9700000286102295,2.8499999046325684,2.9700000286102295,1900
2024-10-03,2.8550000190734863,2.8550000190734863,2.8550000190734863,2.8550000190734863,400
2024-10-04,2.7699999809265137,2.88700008392334,2.7699999809265137,2.88700008392334,2500
2024-10-07,2.609999895095825,2.878000020980835,2.609999895095825,2.7200000286102295,4500
2024-10-08,2.4200000762939453,2.816999912261963,2.4200000762939453,2.816999912261963,18200
2024-10-09,2.319999933242798,2.890000104904175,2.319999933242798,2.890000104904175,10200
2024-10-10,2.509999990463257,2.509999990463257,2.3499999046325684,2.3499999046325684,15000
2024-10-11,2.450000047683716,2.890000104904175,2.440000057220459,2.890000104904175,116000
2024-10-14,2.630000114440918,2.811000108718872,2.430000066757202,2.430000066757202,9300
2024-10-15,2.700000047683716,2.8239998817443848,2.6500000953674316,2.700000047683716,7000
2024-10-16,2.7100000381469727,2.950000047683716,2.6500000953674316,2.9000000953674316,50400
2024-10-17,2.549999952316284,3.0,2.309999942779541,2.9000000953674316,108100
2024-10-18,2.700000047683716,2.7149999141693115,2.569999933242798,2.5999999046325684,9300
2024-10-21,2.859999895095825,2.890000104904175,2.6500000953674316,2.6500000953674316,7800
2024-10-22,2.6500000953674316,2.930000066757202,2.6500000953674316,2.7200000286102295,6900
2024-10-23,2.799999952316284,2.802000045776367,2.6600000858306885,2.6600000858306885,1100
2024-10-24,2.6500000953674316,2.877000093460083,2.6500000953674316,2.680000066757202,45300
2024-10-25,2.7100000381469727,3.0,2.6600000858306885,2.884000062942505,24200
2024-10-28,2.890000104904175,2.9000000953674316,2.690000057220459,2.700000047683716,4400
2024-10-29,2.9200000762939453,2.934999942779541,2.869999885559082,2.890000104904175,3000
2024-10-30,2.8299999237060547,2.9000000953674316,2.700000047683716,2.9000000953674316,10800
2024-10-31,2.7799999713897705,3.0,2.75,2.859999895095825,2400
2024-11-01,2.7799999713897705,2.809999942779541,2.6500000953674316,2.7799999713897705,22700
2024-11-04,2.7100000381469727,2.8499999046325684,2.7100000381469727,2.8499999046325684,1800
2024-11-05,2.700000047683716,2.760999917984009,2.619999885559082,2.7300000190734863,8400
2024-11-06,2.6500000953674316,2.8450000286102295,2.5999999046325684,2.6700000762939453,11300
2024-11-07,2.6700000762939453,2.799999952316284,2.6700000762939453,2.6700000762939453,2000
2024-11-08,2.7219998836517334,2.880000114440918,2.615000009536743,2.6600000858306885,8400
2024-11-11,2.5999999046325684,2.878000020980835,2.549999952316284,2.7730000019073486,17900
2024-11-12,2.7100000381469727,2.7769999504089355,2.4700000286102295,2.5799999237060547,14400
2024-11-13,2.5899999141693115,2.9660000801086426,2.549999952316284,2.740000009536743,61900
2024-11-14,2.7100000381469727,2.7100000381469727,2.4100000858306885,2.4100000858306885,20400
2024-11-15,2.740000009536743,2.869999885559082,2.7009999752044678,2.819999933242798,6200
2024-11-18,3.0399999618530273,3.0950000286102295,2.7300000190734863,2.7300000190734863,21700
2024-11-19,3.059999942779541,3.3499999046325684,2.990000009536743,3.134999990463257,63900
2024-11-20,3.0999999046325684,3.109999895095825,3.0199999809265137,3.059999942779541,11000
2024-11-21,3.0899999141693115,3.2300000190734863,2.930000066757202,3.0899999141693115,15400
2024-11-22,3.049999952316284,3.2019999027252197,2.9800000190734863,2.990000009536743,14400
2024-11-25,3.0799999237060547,3.25,3.0399999618530273,3.0399999618530273,19800
2024-11-26,3.049999952316284,3.190000057220459,3.0,3.1600000858306885,11700
2024-11-27,3.0799999237060547,3.115000009536743,3.0399999618530273,3.0899999141693115,13100
2024-11-29,3.0799999237060547,3.130000114440918,3.055000066757202,3.0999999046325684,12700
2024-12-02,3.9000000953674316,4.070000171661377,3.121000051498413,3.190000057220459,166100
2024-12-03,3.630000114440918,4.190000057220459,3.2899999618530273,4.190000057220459,139100
2024-12-04,3.6500000953674316,3.6500000953674316,3.450000047683716,3.450000047683716,13300
2024-12-05,3.6449999809265137,3.9230000972747803,3.5999999046325684,3.7300000190734863,25000
2024-12-06,3.75,3.759999990463257,3.549999952316284,3.740000009536743,23000
2024-12-09,3.75,3.9100000858306885,3.622999906539917,3.874000072479248,26700
2024-12-10,3.619999885559082,3.8499999046325684,3.549999952316284,3.8499999046325684,20800
2024-12-11,3.859999895095825,4.067999839782715,3.700000047683716,3.7100000381469727,53700
2024-12-12,3.8399999141693115,4.099999904632568,3.7300000190734863,3.9600000381469727,25700
2024-12-13,3.7799999713897705,3.9089999198913574,3.6700000762939453,3.9000000953674316,10300
2024-12-16,3.75,3.9170000553131104,3.549999952316284,3.7899999618530273,33500
2024-12-17,3.6600000858306885,4.072999954223633,3.5999999046325684,4.0,56400
2024-12-18,3.6600000858306885,3.763000011444092,3.6500000953674316,3.7209999561309814,20100
2024-12-19,3.740000009536743,3.75,3.619999885559082,3.680000066757202,9100
2024-12-20,3.950000047683716,4.034999847412109,3.7200000286102295,3.7200000286102295,22900
2024-12-23,3.818000078201294,3.9000000953674316,3.759999990463257,3.9000000953674316,7000
2024-12-24,3.950000047683716,4.0,3.759999990463257,3.8299999237060547,17900
2024-12-26,3.990000009536743,4.010000228881836,3.799999952316284,4.0,38200
2024-12-27,4.804999828338623,4.889999866485596,4.013000011444092,4.050000190734863,163100
2024-12-30,4.119999885559082,4.960000038146973,3.809999942779541,4.960000038146973,99800
2024-12-31,4.120999813079834,4.263999938964844,3.759999990463257,4.230000019073486,38000
2025-01-02,4.125,4.235000133514404,3.759999990463257,3.9700000286102295,13500
2025-01-03,3.930000066757202,4.0960001945495605,3.7799999713897705,3.930000066757202,20800
