Date,Adj Close,Close,High,Low,Open,Volume
2014-11-19,13.412781715393066,18.18000030517578,18.5,17.489999771118164,18.489999771118164,57281800
2014-11-20,13.390649795532227,18.149999618530273,18.280000686645508,18.100000381469727,18.149999618530273,6643400
2014-11-21,13.597227096557617,18.43000030517578,18.559999465942383,18.209999084472656,18.270000457763672,10293000
2014-11-24,13.693136215209961,18.559999465942383,18.639999389648438,18.3799991607666,18.549999237060547,3473800
2014-11-25,13.862829208374023,18.790000915527344,18.790000915527344,18.360000610351562,18.600000381469727,5863400
2014-11-26,13.862829208374023,18.790000915527344,18.850000381469727,18.670000076293945,18.850000381469727,1585100
2014-11-28,13.87020492553711,18.799999237060547,18.950000762939453,18.799999237060547,18.799999237060547,733700
2014-12-01,13.46442985534668,18.25,18.8799991607666,18.15999984741211,18.799999237060547,2631800
2014-12-02,13.479183197021484,18.270000457763672,18.639999389648438,18.25,18.309999465942383,1353700
2014-12-03,13.648873329162598,18.5,18.69499969482422,18.239999771118164,18.290000915527344,2446000
2014-12-04,13.648873329162598,18.5,18.639999389648438,18.31999969482422,18.399999618530273,1642300
2014-12-05,13.582472801208496,18.40999984741211,18.5,18.290000915527344,18.420000076293945,1470200
2014-12-08,13.538204193115234,18.350000381469727,18.549999237060547,18.290000915527344,18.350000381469727,1634100
2014-12-09,13.523448944091797,18.329999923706055,18.399999618530273,18.170000076293945,18.3799991607666,1626900
2014-12-10,13.449674606323242,18.229999542236328,18.389999389648438,18.049999237060547,18.239999771118164,4403400
2014-12-11,13.589852333068848,18.420000076293945,18.520000457763672,18.059999465942383,18.25,2141500
2014-12-12,13.530827522277832,18.34000015258789,18.469999313354492,18.170000076293945,18.450000762939453,1275700
2014-12-15,13.324251174926758,18.059999465942383,18.450000762939453,17.649999618530273,18.270000457763672,2347100
2014-12-16,13.353763580322266,18.100000381469727,18.25,17.790000915527344,17.799999237060547,2677200
2014-12-17,13.51607608795166,18.31999969482422,18.399999618530273,18.030000686645508,18.110000610351562,2275900
2014-12-18,13.538204193115234,18.350000381469727,18.600000381469727,18.149999618530273,18.489999771118164,2251400
2014-12-19,13.339003562927246,18.079999923706055,18.3700008392334,18.079999923706055,18.309999465942383,8240800
2014-12-22,13.589852333068848,18.420000076293945,18.479999542236328,18.06999969482422,18.149999618530273,4184300
2014-12-23,13.67101001739502,18.530000686645508,18.75,18.3799991607666,18.43000030517578,1765600
2014-12-24,13.619361877441406,18.459999084472656,18.639999389648438,18.450000762939453,18.450000762939453,216900
2014-12-26,13.752159118652344,18.639999389648438,18.719999313354492,18.260000228881836,18.579999923706055,633700
2014-12-29,13.648873329162598,18.5,18.889999389648438,18.450000762939453,18.670000076293945,825300
2014-12-30,13.825939178466797,18.739999771118164,19.68000030517578,18.329999923706055,18.3799991607666,1056200
2014-12-31,13.7152738571167,18.59000015258789,18.8799991607666,18.540000915527344,18.75,1007600
2015-01-02,13.855448722839355,18.780000686645508,18.979999542236328,18.520000457763672,18.559999465942383,715100
2015-01-05,13.980875968933105,18.950000762939453,19.290000915527344,18.5,18.600000381469727,897100
2015-01-06,14.054644584655762,19.049999237060547,19.209999084472656,18.940000534057617,19.0,1585400
2015-01-07,14.335001945495605,19.43000030517578,19.469999313354492,18.850000381469727,19.100000381469727,1401500
2015-01-08,14.379266738891602,19.489999771118164,19.5,19.100000381469727,19.25,695400
2015-01-09,14.379266738891602,19.489999771118164,19.579999923706055,19.270000457763672,19.40999984741211,806600
2015-01-12,14.379266738891602,19.489999771118164,19.559999465942383,19.33799934387207,19.43000030517578,512600
2015-01-13,14.25384521484375,19.31999969482422,19.56999969482422,19.229999542236328,19.450000762939453,544000
2015-01-14,14.18006706237793,19.219999313354492,19.46500015258789,18.8700008392334,19.149999618530273,1187600
2015-01-15,14.069409370422363,19.06999969482422,19.5,18.979999542236328,19.200000762939453,730200
2015-01-16,14.261228561401367,19.329999923706055,19.360000610351562,18.8700008392334,19.190000534057617,716600
2015-01-20,14.24647331237793,19.309999465942383,19.5,19.030000686645508,19.40999984741211,644500
2015-01-21,14.09891414642334,19.110000610351562,19.459999084472656,18.940000534057617,19.18000030517578,912400
2015-01-22,14.26860523223877,19.34000015258789,19.34000015258789,19.049999237060547,19.260000228881836,622700
2015-01-23,14.24647331237793,19.309999465942383,19.420000076293945,19.1200008392334,19.290000915527344,711400
2015-01-26,14.460426330566406,19.600000381469727,19.90999984741211,19.15999984741211,19.15999984741211,1048300
2015-01-27,14.430914878845215,19.559999465942383,19.770000457763672,19.389999389648438,19.450000762939453,748200
2015-01-28,14.438294410705566,19.56999969482422,19.760000228881836,19.510000228881836,19.59000015258789,399000
2015-01-29,14.571090698242188,19.75,19.764999389648438,19.280000686645508,19.59000015258789,589200
2015-01-30,14.27598762512207,19.350000381469727,19.68000030517578,19.34000015258789,19.549999237060547,1005300
2015-02-02,14.202204704284668,19.25,19.350000381469727,18.959999084472656,19.31999969482422,699800
2015-02-03,14.401403427124023,19.520000457763672,19.665000915527344,19.1200008392334,19.190000534057617,750200
2015-02-04,14.24647331237793,19.309999465942383,19.579999923706055,19.299999237060547,19.5,889100
2015-02-05,14.26860523223877,19.34000015258789,19.530000686645508,19.139999389648438,19.200000762939453,1566800
2015-02-06,13.722646713256836,18.600000381469727,19.43000030517578,18.540000915527344,19.350000381469727,2037800
2015-02-09,13.634115219116211,18.479999542236328,18.65999984741211,18.1200008392334,18.5,717000
2015-02-10,13.818564414978027,18.729999542236328,18.770000457763672,18.520000457763672,18.65999984741211,1361600
2015-02-11,13.678385734558105,18.540000915527344,18.8700008392334,18.5,18.649999618530273,738100
2015-02-12,13.759539604187012,18.649999618530273,18.719999313354492,18.559999465942383,18.6200008392334,1340600
2015-02-13,13.678385734558105,18.540000915527344,18.940000534057617,18.510000228881836,18.790000915527344,1040900
2015-02-17,13.811182975769043,18.719999313354492,18.899999618530273,18.299999237060547,18.440000534057617,1781800
2015-02-18,13.973496437072754,18.940000534057617,19.030000686645508,18.600000381469727,18.719999313354492,614300
2015-02-19,13.811182975769043,18.719999313354492,18.899999618530273,18.575000762939453,18.829999923706055,1008900
2015-02-20,13.848072052001953,18.770000457763672,19.0,18.56999969482422,18.600000381469727,797700
2015-02-23,13.848072052001953,18.770000457763672,18.788000106811523,18.6299991607666,18.65999984741211,576100
2015-02-24,13.634115219116211,18.479999542236328,18.766000747680664,18.450000762939453,18.670000076293945,1049100
2015-02-25,13.656250953674316,18.510000228881836,18.6299991607666,18.260000228881836,18.290000915527344,1531000
2015-02-26,13.346385955810547,18.09000015258789,18.270000457763672,17.979999542236328,18.200000762939453,1809600
2015-02-27,13.538204193115234,18.350000381469727,18.535999298095703,17.950000762939453,18.06999969482422,855200
2015-03-02,13.641495704650879,18.489999771118164,18.670000076293945,18.225000381469727,18.350000381469727,771900
2015-03-03,13.7152738571167,18.59000015258789,18.700000762939453,18.420000076293945,18.549999237060547,772700
2015-03-04,13.678385734558105,18.540000915527344,18.600000381469727,18.329999923706055,18.510000228881836,556600
2015-03-05,13.597227096557617,18.43000030517578,18.639999389648438,18.209999084472656,18.469999313354492,1480300
2015-03-06,13.250473022460938,17.959999084472656,18.489999771118164,17.65999984741211,18.290000915527344,1365300
2015-03-09,13.604631423950195,18.399999618530273,18.489999771118164,17.889999389648438,17.969999313354492,2630700
2015-03-10,13.727272033691406,18.469999313354492,18.524999618530273,18.110000610351562,18.1299991607666,1360300
2015-03-11,13.979962348937988,18.809999465942383,18.905000686645508,18.440000534057617,18.459999084472656,1533000
2015-03-12,14.21036148071289,19.1200008392334,19.190000534057617,18.790000915527344,18.790000915527344,1265200
2015-03-13,14.0022611618042,18.84000015258789,19.299999237060547,18.81999969482422,19.030000686645508,1383400
2015-03-16,14.344138145446777,19.299999237060547,19.56999969482422,18.920000076293945,19.0,4204500
2015-03-17,14.344138145446777,19.299999237060547,19.450000762939453,19.15999984741211,19.229999542236328,2428600
2015-03-18,14.544807434082031,19.56999969482422,19.6200008392334,18.989999771118164,19.309999465942383,3663500
2015-03-19,14.433326721191406,19.420000076293945,19.670000076293945,19.3799991607666,19.479999542236328,3471600
2015-03-20,14.552245140075684,19.579999923706055,20.209999084472656,19.31999969482422,19.360000610351562,14812000
2015-03-23,14.52994155883789,19.549999237060547,19.8700008392334,19.200000762939453,19.579999923706055,1999800
2015-03-24,14.232662200927734,19.149999618530273,19.440000534057617,19.1299991607666,19.420000076293945,1557100
2015-03-25,14.009693145751953,18.850000381469727,19.290000915527344,18.790000915527344,19.170000076293945,1481700
2015-03-26,14.024557113647461,18.8700008392334,19.06999969482422,18.700000762939453,18.709999084472656,825900
2015-03-27,14.225226402282715,19.139999389648438,19.149999618530273,18.760000228881836,18.81999969482422,983000
2015-03-30,14.418465614318848,19.399999618530273,19.510000228881836,19.09000015258789,19.1200008392334,2040600
2015-03-31,14.344138145446777,19.299999237060547,19.510000228881836,19.191999435424805,19.399999618530273,5532600
2015-04-01,14.18062973022461,19.079999923706055,19.329999923706055,18.940000534057617,19.25,1245500
2015-04-02,14.359004974365234,19.31999969482422,19.389999389648438,18.969999313354492,19.020000457763672,1351600
2015-04-06,14.52994155883789,19.549999237060547,19.729999542236328,19.270000457763672,19.31999969482422,2059300
2015-04-07,14.061715126037598,18.920000076293945,19.56999969482422,18.899999618530273,19.510000228881836,666300
2015-04-08,14.05428695678711,18.90999984741211,19.040000915527344,18.760000228881836,18.899999618530273,782600
2015-04-09,13.749565124511719,18.5,18.920000076293945,18.489999771118164,18.8799991607666,680100
2015-04-10,13.875910758972168,18.670000076293945,18.809999465942383,18.479999542236328,18.510000228881836,924000
2015-04-13,13.756997108459473,18.510000228881836,18.766000747680664,18.43000030517578,18.639999389648438,1660800
2015-04-14,13.979962348937988,18.809999465942383,18.829999923706055,18.420000076293945,18.510000228881836,947300
2015-04-15,13.942805290222168,18.760000228881836,18.989999771118164,18.700000762939453,18.850000381469727,1392200
2015-04-16,13.890779495239258,18.690000534057617,18.809999465942383,18.520000457763672,18.6299991607666,1358400
2015-04-17,13.942805290222168,18.760000228881836,18.825000762939453,18.5,18.559999465942383,1084800
2015-04-20,13.846182823181152,18.6299991607666,18.90999984741211,18.59000015258789,18.760000228881836,859400
2015-04-21,14.031990051269531,18.8799991607666,18.950000762939453,18.690000534057617,18.690000534057617,1017600
2015-04-22,14.05428695678711,18.90999984741211,19.5,18.59000015258789,18.969999313354492,1712400
2015-04-23,14.046852111816406,18.899999618530273,19.0,18.68000030517578,18.899999618530273,1065500
2015-04-24,14.18062973022461,19.079999923706055,19.309999465942383,18.860000610351562,19.0,1123700
2015-04-27,14.21036148071289,19.1200008392334,19.290000915527344,19.09000015258789,19.110000610351562,886700
2015-04-28,14.061715126037598,18.920000076293945,19.15999984741211,18.850000381469727,19.06999969482422,1314600
2015-04-29,13.77186393737793,18.530000686645508,18.90999984741211,18.440000534057617,18.850000381469727,1576100
2015-04-30,13.615788459777832,18.31999969482422,18.59000015258789,18.110000610351562,18.59000015258789,1367500
2015-05-01,13.638081550598145,18.350000381469727,18.489999771118164,18.209999084472656,18.299999237060547,1191800
2015-05-04,13.586058616638184,18.280000686645508,18.549999237060547,18.25,18.399999618530273,1887000
2015-05-05,13.325929641723633,17.93000030517578,18.25,17.825000762939453,18.209999084472656,1140000
2015-05-06,13.229314804077148,17.799999237060547,18.06999969482422,17.68000030517578,17.969999313354492,1874200
2015-05-07,13.385387420654297,18.010000228881836,18.079999923706055,17.809999465942383,17.850000381469727,1097600
2015-05-08,13.675241470336914,18.399999618530273,18.81999969482422,17.920000076293945,18.049999237060547,1872000
2015-05-11,13.586058616638184,18.280000686645508,18.540000915527344,18.135000228881836,18.399999618530273,1642700
2015-05-12,13.719837188720703,18.459999084472656,18.530000686645508,17.975000381469727,18.239999771118164,2040800
2015-05-13,13.786726951599121,18.549999237060547,18.809999465942383,18.420000076293945,18.5,2333800
2015-05-14,13.749565124511719,18.5,18.719999313354492,18.385000228881836,18.600000381469727,1210500
2015-05-15,13.823885917663574,18.600000381469727,18.709999084472656,18.489999771118164,18.530000686645508,961500
2015-05-18,13.883344650268555,18.68000030517578,18.90999984741211,18.399999618530273,18.579999923706055,1196400
2015-05-19,14.009693145751953,18.850000381469727,18.948999404907227,18.559999465942383,18.610000610351562,1628000
2015-05-20,14.284685134887695,19.219999313354492,19.290000915527344,18.860000610351562,18.899999618530273,1911500
2015-05-21,14.240091323852539,19.15999984741211,19.3700008392334,19.1200008392334,19.290000915527344,2953900
2015-05-22,14.232662200927734,19.149999618530273,19.239999771118164,19.0,19.1200008392334,1335700
2015-05-26,14.084014892578125,18.950000762939453,19.264999389648438,18.854999542236328,19.18000030517578,2839900
2015-05-27,14.031990051269531,18.8799991607666,19.110000610351562,18.850000381469727,19.0,2182100
2015-05-28,13.935369491577148,18.75,18.979999542236328,18.649999618530273,18.899999618530273,2010700
2015-05-29,13.630653381347656,18.34000015258789,19.010000228881836,18.149999618530273,18.809999465942383,15318900
2015-06-01,13.816457748413086,18.59000015258789,18.6299991607666,18.34000015258789,18.3799991607666,1225200
2015-06-02,13.756997108459473,18.510000228881836,18.6200008392334,18.420000076293945,18.549999237060547,1346900
2015-06-03,13.675241470336914,18.399999618530273,18.540000915527344,18.25,18.510000228881836,777300
2015-06-04,13.667816162109375,18.389999389648438,18.40999984741211,18.299999237060547,18.3700008392334,924600
2015-06-05,13.370521545410156,17.989999771118164,18.229999542236328,17.920000076293945,18.229999542236328,2375600
2015-06-08,13.385387420654297,18.010000228881836,18.187999725341797,17.940000534057617,18.010000228881836,787100
2015-06-09,13.24417781829834,17.81999969482422,17.979999542236328,17.665000915527344,17.979999542236328,1406300
2015-06-10,13.236746788024902,17.809999465942383,17.959999084472656,17.700000762939453,17.81999969482422,1369800
2015-06-11,13.489437103271484,18.149999618530273,18.149999618530273,17.780000686645508,17.8700008392334,2151300
2015-06-12,13.303637504577637,17.899999618530273,18.299999237060547,17.84000015258789,18.100000381469727,4509800
2015-06-15,13.251608848571777,17.829999923706055,18.059999465942383,17.790000915527344,17.850000381469727,994700
2015-06-16,13.385387420654297,18.010000228881836,18.049999237060547,17.780000686645508,17.850000381469727,3541500
2015-06-17,13.43741226196289,18.079999923706055,18.110000610351562,17.80500030517578,18.0,1109600
2015-06-18,13.526594161987305,18.200000762939453,18.344999313354492,18.079999923706055,18.079999923706055,1186600
2015-06-19,13.370521545410156,17.989999771118164,18.260000228881836,17.959999084472656,18.190000534057617,2155300
2015-06-22,13.207012176513672,17.770000457763672,18.06999969482422,17.770000457763672,18.0,884400
2015-06-23,13.080669403076172,17.600000381469727,17.709999084472656,17.440000534057617,17.709999084472656,2489500
2015-06-24,12.98404598236084,17.469999313354492,17.65999984741211,17.459999084472656,17.59000015258789,1065300
2015-06-25,12.939456939697266,17.40999984741211,17.579999923706055,17.170000076293945,17.450000762939453,2228600
2015-06-26,13.025394439697266,17.43000030517578,17.469999313354492,17.200000762939453,17.34000015258789,2637400
2015-06-29,12.816150665283203,17.149999618530273,17.510000228881836,17.09000015258789,17.399999618530273,1226300
2015-06-30,12.82362174987793,17.15999984741211,17.270000457763672,16.969999313354492,17.190000534057617,2682200
2015-07-01,13.122541427612305,17.559999465942383,17.600000381469727,17.020000457763672,17.149999618530273,2773300
2015-07-02,13.346736907958984,17.860000610351562,17.899999618530273,17.586000442504883,17.610000610351562,2157700
2015-07-06,13.361678123474121,17.8799991607666,17.889999389648438,17.75,17.75,952400
2015-07-07,13.40651798248291,17.940000534057617,18.079999923706055,17.8700008392334,17.969999313354492,1265500
2015-07-08,13.279473304748535,17.770000457763672,17.90999984741211,17.709999084472656,17.790000915527344,2002300
2015-07-09,13.29442024230957,17.790000915527344,17.93000030517578,17.719999313354492,17.81999969482422,1659400
2015-07-10,13.346736907958984,17.860000610351562,17.940000534057617,17.719999313354492,17.940000534057617,1534400
2015-07-13,13.234635353088379,17.709999084472656,18.040000915527344,17.639999389648438,17.989999771118164,1146600
2015-07-14,13.29442024230957,17.790000915527344,17.889999389648438,17.65999984741211,17.709999084472656,607400
2015-07-15,13.286947250366211,17.780000686645508,17.84000015258789,17.59000015258789,17.75,1188900
2015-07-16,13.384096145629883,17.90999984741211,17.950000762939453,17.780000686645508,17.81999969482422,1399900
2015-07-17,13.346736907958984,17.860000610351562,18.049999237060547,17.75,17.940000534057617,641800
2015-07-20,13.219693183898926,17.690000534057617,17.860000610351562,17.6200008392334,17.860000610351562,1209800
2015-07-21,13.17485237121582,17.6299991607666,17.81999969482422,17.559999465942383,17.670000076293945,727500
2015-07-22,13.309370994567871,17.809999465942383,17.93000030517578,17.579999923706055,17.639999389648438,541300
2015-07-23,13.197274208068848,17.65999984741211,17.920000076293945,17.575000762939453,17.809999465942383,856700
2015-07-24,13.36915111541748,17.889999389648438,17.959999084472656,17.600000381469727,17.65999984741211,1048500
2015-07-27,13.204744338989258,17.670000076293945,17.899999618530273,17.600000381469727,17.8799991607666,1137700
2015-07-28,13.219693183898926,17.690000534057617,17.780000686645508,17.469999313354492,17.709999084472656,750700
2015-07-29,13.249581336975098,17.729999542236328,17.899999618530273,17.549999237060547,17.649999618530273,845300
2015-07-30,13.182328224182129,17.639999389648438,17.815000534057617,17.614999771118164,17.729999542236328,665500
2015-07-31,13.354207038879395,17.8700008392334,17.889999389648438,17.684999465942383,17.809999465942383,1680900
2015-08-03,13.376627922058105,17.899999618530273,17.989999771118164,17.809999465942383,17.899999618530273,484900
2015-08-04,13.219693183898926,17.690000534057617,17.989999771118164,17.649999618530273,17.90999984741211,546600
2015-08-05,13.219693183898926,17.690000534057617,17.799999237060547,17.6200008392334,17.690000534057617,850700
2015-08-06,13.182328224182129,17.639999389648438,17.790000915527344,17.309999465942383,17.670000076293945,629600
2015-08-07,13.413989067077637,17.950000762939453,18.059999465942383,17.450000762939453,17.6299991607666,1396700
2015-08-10,13.548503875732422,18.1299991607666,18.299999237060547,18.030000686645508,18.079999923706055,956800
2015-08-11,13.653124809265137,18.270000457763672,18.350000381469727,18.1299991607666,18.290000915527344,1105800
2015-08-12,13.690492630004883,18.31999969482422,18.31999969482422,18.190000534057617,18.229999542236328,1082200
2015-08-13,13.541031837463379,18.1200008392334,18.299999237060547,18.100000381469727,18.299999237060547,931600
2015-08-14,13.555974006652832,18.139999389648438,18.229999542236328,17.979999542236328,18.1200008392334,971100
2015-08-17,13.630706787109375,18.239999771118164,18.260000228881836,17.93000030517578,18.110000610351562,956700
2015-08-18,13.600809097290039,18.200000762939453,18.290000915527344,18.15999984741211,18.18000030517578,482900
2015-08-19,13.40651798248291,17.940000534057617,18.1200008392334,17.90999984741211,18.1200008392334,503600
2015-08-20,13.346736907958984,17.860000610351562,17.958999633789062,17.780000686645508,17.829999923706055,401400
2015-08-21,13.107596397399902,17.540000915527344,17.78499984741211,17.530000686645508,17.709999084472656,572100
2015-08-24,12.330405235290527,16.5,17.09000015258789,16.469999313354492,17.09000015258789,751400
2015-08-25,12.225787162780762,16.360000610351562,16.850000381469727,16.239999771118164,16.760000228881836,1004600
2015-08-26,12.472393035888672,16.690000534057617,16.75,16.290000915527344,16.649999618530273,1004900
2015-08-27,12.606911659240723,16.8700008392334,17.040000915527344,16.649999618530273,16.780000686645508,853400
2015-08-28,12.56954574584961,16.81999969482422,16.8700008392334,16.700000762939453,16.799999237060547,796900
2015-08-31,12.285568237304688,16.440000534057617,16.84000015258789,16.329999923706055,16.770000457763672,1586200
2015-09-01,12.07632827758789,16.15999984741211,16.400999069213867,15.989999771118164,16.329999923706055,1188800
2015-09-02,12.09127140045166,16.18000030517578,16.360000610351562,16.1200008392334,16.290000915527344,635900
2015-09-03,12.106219291687012,16.200000762939453,16.3799991607666,16.1200008392334,16.229999542236328,1158100
2015-09-04,11.747515678405762,15.720000267028809,16.100000381469727,15.649999618530273,16.06999969482422,1264400
2015-09-08,11.896978378295898,15.920000076293945,16.030000686645508,15.829999923706055,15.899999618530273,1619300
2015-09-09,11.792353630065918,15.779999732971191,16.235000610351562,15.75,16.030000686645508,932300
2015-09-10,11.844666481018066,15.850000381469727,16.040000915527344,15.770000457763672,15.770000457763672,968400
2015-09-11,12.001596450805664,16.059999465942383,16.139999389648438,15.829999923706055,15.850000381469727,624900
2015-09-14,12.151057243347168,16.260000228881836,16.299999237060547,16.06999969482422,16.110000610351562,466800
2015-09-15,12.270622253417969,16.420000076293945,16.479999542236328,16.190000534057617,16.280000686645508,459800
2015-09-16,12.435026168823242,16.639999389648438,16.690000534057617,16.420000076293945,16.440000534057617,355900
2015-09-17,12.636798858642578,16.90999984741211,17.1299991607666,16.59000015258789,16.649999618530273,564000
2015-09-18,12.756365776062012,17.06999969482422,17.18000030517578,16.6299991607666,16.760000228881836,2312500
2015-09-21,12.82362174987793,17.15999984741211,17.219999313354492,16.920000076293945,17.09000015258789,1205100
2015-09-22,12.606911659240723,16.8700008392334,17.114999771118164,16.790000915527344,17.020000457763672,811300
2015-09-23,12.711526870727539,17.010000228881836,17.059999465942383,16.760000228881836,16.940000534057617,894100
2015-09-24,12.56954574584961,16.81999969482422,16.959999084472656,16.709999084472656,16.959999084472656,701800
2015-09-25,12.524707794189453,16.760000228881836,16.899999618530273,16.75,16.8799991607666,644900
2015-09-28,12.280451774597168,16.34000015258789,16.719999313354492,16.15999984741211,16.579999923706055,1977900
2015-09-29,12.498400688171387,16.6299991607666,16.809999465942383,16.260000228881836,16.360000610351562,1376800
2015-09-30,12.6261625289917,16.799999237060547,16.899999618530273,16.600000381469727,16.709999084472656,2542300
2015-10-01,12.505913734436035,16.639999389648438,16.80500030517578,16.4950008392334,16.790000915527344,1418300
2015-10-02,12.581071853637695,16.739999771118164,16.739999771118164,16.510000228881836,16.540000915527344,1835400
2015-10-05,12.761445999145508,16.979999542236328,17.09000015258789,16.649999618530273,16.75,3021600
2015-10-06,12.994433403015137,17.290000915527344,17.309999465942383,16.940000534057617,16.979999542236328,790100
2015-10-07,13.212383270263672,17.579999923706055,17.639999389648438,17.299999237060547,17.34000015258789,990500
2015-10-08,13.189831733703613,17.549999237060547,17.68000030517578,17.43000030517578,17.549999237060547,393500
2015-10-09,13.114679336547852,17.450000762939453,17.56999969482422,17.389999389648438,17.56999969482422,239000
2015-10-12,13.295055389404297,17.690000534057617,17.739999771118164,17.450000762939453,17.489999771118164,423500
2015-10-13,13.234930992126465,17.610000610351562,17.829999923706055,17.530000686645508,17.649999618530273,381500
2015-10-14,13.084616661071777,17.40999984741211,17.690000534057617,17.375,17.639999389648438,384200
2015-10-15,13.302567481994629,17.700000762939453,17.700000762939453,17.43000030517578,17.5,524600
2015-10-16,13.332632064819336,17.739999771118164,17.780000686645508,17.260000228881836,17.709999084472656,449200
2015-10-19,13.44536304473877,17.889999389648438,17.889999389648438,17.690000534057617,17.690000534057617,583400
2015-10-20,13.460392951965332,17.90999984741211,17.969999313354492,17.790000915527344,17.860000610351562,817300
2015-10-21,13.415304183959961,17.850000381469727,17.950000762939453,17.795000076293945,17.90999984741211,671200
2015-10-22,13.497973442077637,17.959999084472656,18.100000381469727,17.739999771118164,17.8799991607666,1756300
2015-10-23,13.550580978393555,18.030000686645508,18.06999969482422,17.809999465942383,17.969999313354492,593300
2015-10-26,13.415304183959961,17.850000381469727,18.149999618530273,17.75,18.059999465942383,367600
2015-10-27,13.45288372039795,17.899999618530273,17.93000030517578,17.760000228881836,17.84000015258789,738000
2015-10-28,13.45288372039795,17.899999618530273,18.010000228881836,17.530000686645508,17.920000076293945,543600
2015-10-29,13.475428581237793,17.93000030517578,18.0,17.790000915527344,17.899999618530273,700300
2015-10-30,13.355175018310547,17.770000457763672,18.040000915527344,17.709999084472656,17.93000030517578,1228500
2015-11-02,13.745986938476562,18.290000915527344,18.299999237060547,17.700000762939453,17.770000457763672,545500
2015-11-03,13.573128700256348,18.059999465942383,18.229999542236328,17.940000534057617,18.229999542236328,1020600
2015-11-04,13.497973442077637,17.959999084472656,18.239999771118164,17.864999771118164,18.079999923706055,434400
2015-11-05,13.580643653869629,18.06999969482422,18.110000610351562,17.8700008392334,17.940000534057617,376400
2015-11-06,13.625738143920898,18.1299991607666,18.239999771118164,17.489999771118164,17.770000457763672,1429000
2015-11-09,13.44536304473877,17.889999389648438,18.094999313354492,17.719999313354492,18.040000915527344,1067300
2015-11-10,13.648284912109375,18.15999984741211,18.229999542236328,17.979999542236328,18.139999389648438,713100
2015-11-11,13.70840835571289,18.239999771118164,18.360000610351562,18.079999923706055,18.209999084472656,784500
2015-11-12,13.543070793151855,18.020000457763672,18.25,17.979999542236328,18.149999618530273,351000
2015-11-13,13.3401460647583,17.75,18.100000381469727,17.68000030517578,18.010000228881836,476200
2015-11-16,13.475428581237793,17.93000030517578,17.989999771118164,17.709999084472656,17.709999084472656,495000
2015-11-17,13.48294448852539,17.940000534057617,18.020000457763672,17.65999984741211,17.90999984741211,389000
2015-11-18,13.558096885681152,18.040000915527344,18.15999984741211,17.93000030517578,17.979999542236328,684100
2015-11-19,13.543070793151855,18.020000457763672,18.139999389648438,17.93000030517578,18.040000915527344,1257000
2015-11-20,13.73095703125,18.270000457763672,18.364999771118164,17.989999771118164,18.09000015258789,1116200
2015-11-23,13.745986938476562,18.290000915527344,18.399999618530273,18.225000381469727,18.270000457763672,450500
2015-11-24,13.693375587463379,18.219999313354492,18.290000915527344,18.059999465942383,18.18000030517578,555700
2015-11-25,13.745986938476562,18.290000915527344,18.329999923706055,18.1200008392334,18.239999771118164,214000
2015-11-27,13.873751640319824,18.459999084472656,18.469999313354492,18.233999252319336,18.25,209900
2015-11-30,13.81362533569336,18.3799991607666,18.5,18.260000228881836,18.489999771118164,855000
2015-12-01,13.941393852233887,18.549999237060547,18.559999465942383,18.31999969482422,18.440000534057617,771800
2015-12-02,13.59567928314209,18.09000015258789,18.559999465942383,18.049999237060547,18.459999084472656,571400
2015-12-03,13.370207786560059,17.790000915527344,18.110000610351562,17.700000762939453,18.100000381469727,472000
2015-12-04,13.580643653869629,18.06999969482422,18.09000015258789,17.760000228881836,17.809999465942383,434500
2015-12-07,13.59567928314209,18.09000015258789,18.149999618530273,17.889999389648438,18.010000228881836,802800
2015-12-08,13.48294448852539,17.940000534057617,18.149999618530273,17.829999923706055,17.989999771118164,1187300
2015-12-09,13.407784461975098,17.84000015258789,17.979999542236328,17.670000076293945,17.93000030517578,398100
2015-12-10,13.234930992126465,17.610000610351562,18.040000915527344,17.540000915527344,17.829999923706055,861200
2015-12-11,13.167285919189453,17.520000457763672,17.559999465942383,17.309999465942383,17.469999313354492,844600
2015-12-14,13.016977310180664,17.31999969482422,17.56999969482422,17.200000762939453,17.540000915527344,1078100
2015-12-15,13.122193336486816,17.459999084472656,17.579999923706055,17.280000686645508,17.329999923706055,1003300
2015-12-16,13.45288372039795,17.899999618530273,17.989999771118164,17.489999771118164,17.530000686645508,745500
2015-12-17,13.550580978393555,18.030000686645508,18.079999923706055,17.829999923706055,17.920000076293945,760700
2015-12-18,13.332632064819336,17.739999771118164,18.030000686645508,17.65999984741211,18.0,1129000
2015-12-21,13.197347640991211,17.559999465942383,17.860000610351562,17.395000457763672,17.799999237060547,810800
2015-12-22,13.234930992126465,17.610000610351562,17.75,17.540000915527344,17.600000381469727,690800
2015-12-23,13.422821044921875,17.860000610351562,17.899999618530273,17.625,17.700000762939453,488200
2015-12-24,13.400270462036133,17.829999923706055,17.950000762939453,17.719999313354492,17.850000381469727,203600
2015-12-28,13.490456581115723,17.950000762939453,18.0,17.700000762939453,17.799999237060547,248600
2015-12-29,13.698235511779785,18.1299991607666,18.135000228881836,17.860000610351562,17.860000610351562,258200
2015-12-30,13.698235511779785,18.1299991607666,18.190000534057617,18.059999465942383,18.09000015258789,294400
2015-12-31,13.675570487976074,18.100000381469727,18.239999771118164,17.959999084472656,18.1299991607666,407600
2016-01-04,13.47912311553955,17.84000015258789,17.8700008392334,17.649999618530273,17.799999237060547,820900
2016-01-05,13.464014053344727,17.81999969482422,17.96500015258789,17.719999313354492,17.899999618530273,898300
2016-01-06,13.456460952758789,17.809999465942383,17.8700008392334,17.68000030517578,17.719999313354492,370900
2016-01-07,13.411124229431152,17.75,17.829999923706055,17.610000610351562,17.6299991607666,871600
2016-01-08,13.328014373779297,17.639999389648438,17.889999389648438,17.600000381469727,17.809999465942383,1336000
2016-01-11,13.214680671691895,17.489999771118164,17.729999542236328,17.290000915527344,17.65999984741211,1200300
2016-01-12,13.048457145690918,17.270000457763672,17.649999618530273,17.110000610351562,17.56999969482422,797100
2016-01-13,12.912457466125488,17.09000015258789,17.469999313354492,17.011999130249023,17.389999389648438,548400
2016-01-14,12.761343002319336,16.889999389648438,17.229999542236328,16.850000381469727,17.1200008392334,514500
2016-01-15,12.70845890045166,16.81999969482422,16.860000610351562,16.479999542236328,16.68000030517578,389200
2016-01-19,12.761343002319336,16.889999389648438,17.09000015258789,16.780000686645508,16.940000534057617,506000
2016-01-20,12.330677032470703,16.31999969482422,16.81999969482422,16.079999923706055,16.739999771118164,842900
2016-01-21,12.428902626037598,16.450000762939453,16.6299991607666,16.270000457763672,16.389999389648438,728900
2016-01-22,12.768899917602539,16.899999618530273,16.90999984741211,16.540000915527344,16.56999969482422,670900
2016-01-25,12.731122970581055,16.850000381469727,17.09000015258789,16.729999542236328,16.889999389648438,456400
2016-01-26,12.980456352233887,17.18000030517578,17.18000030517578,16.850000381469727,16.920000076293945,450200
2016-01-27,12.753790855407715,16.8799991607666,17.1299991607666,16.549999237060547,17.1299991607666,1822200
2016-01-28,12.18712329864502,16.1299991607666,17.1299991607666,16.110000610351562,16.989999771118164,1149800
2016-01-29,12.39112377166748,16.399999618530273,16.440000534057617,16.15999984741211,16.229999542236328,2003800
2016-02-01,12.277791023254395,16.25,16.540000915527344,16.190000534057617,16.5,988700
2016-02-02,11.945344924926758,15.8100004196167,16.200000762939453,15.760000228881836,16.200000762939453,828700
2016-02-03,12.05112361907959,15.949999809265137,16.010000228881836,15.645000457763672,15.880000114440918,1013300
2016-02-04,12.073787689208984,15.979999542236328,16.049999237060547,15.84000015258789,15.899999618530273,1097100
2016-02-05,11.809345245361328,15.630000114440918,16.09000015258789,15.600000381469727,15.979999542236328,3644000
2016-02-08,11.26534366607666,14.90999984741211,15.600000381469727,14.8100004196167,15.520000457763672,1165800
2016-02-09,11.09156608581543,14.680000305175781,14.850000381469727,14.579999923706055,14.779999732971191,1354700
2016-02-10,11.2048978805542,14.829999923706055,14.9399995803833,14.680000305175781,14.729999542236328,562200
2016-02-11,10.864899635314941,14.380000114440918,14.710000038146973,14.380000114440918,14.630000114440918,431600
2016-02-12,10.864899635314941,14.380000114440918,14.649999618530273,14.229999542236328,14.479999542236328,659900
2016-02-16,11.136900901794434,14.739999771118164,14.739999771118164,14.41100025177002,14.449999809265137,734700
2016-02-17,11.257789611816406,14.899999618530273,14.960000038146973,14.649999618530273,14.8100004196167,3067400
2016-02-18,11.242677688598633,14.880000114440918,14.979999542236328,14.699999809265137,14.930000305175781,753800
2016-02-19,11.26534366607666,14.90999984741211,14.960000038146973,14.710000038146973,14.800000190734863,699400
2016-02-22,11.363565444946289,15.039999961853027,15.1899995803833,15.0,15.020000457763672,672300
2016-02-23,11.28801155090332,14.9399995803833,15.270000457763672,14.920000076293945,15.029999732971191,800800
2016-02-24,11.250234603881836,14.890000343322754,15.010000228881836,14.65999984741211,14.829999923706055,1222200
2016-02-25,11.439122200012207,15.140000343322754,15.260000228881836,14.850000381469727,14.979999542236328,865200
2016-02-26,11.612896919250488,15.369999885559082,15.489999771118164,15.119999885559082,15.140000343322754,916600
2016-02-29,11.424010276794434,15.119999885559082,15.489999771118164,15.09000015258789,15.390000343322754,790000
2016-03-01,11.7489013671875,15.550000190734863,15.550000190734863,15.140000343322754,15.15999984741211,822100
2016-03-02,11.975567817687988,15.850000381469727,15.989999771118164,15.579999923706055,15.989999771118164,596300
2016-03-03,12.073787689208984,15.979999542236328,16.15999984741211,15.800000190734863,15.859999656677246,1122000
2016-03-04,12.194677352905273,16.139999389648438,16.229999542236328,15.9399995803833,15.979999542236328,502200
2016-03-07,11.937788963317871,15.800000190734863,16.1200008392334,15.760000228881836,16.059999465942383,636700
2016-03-08,11.650678634643555,15.420000076293945,15.84000015258789,15.369999885559082,15.760000228881836,740500
2016-03-09,11.59779167175293,15.350000381469727,15.5649995803833,15.039999961853027,15.430000305175781,3431400
2016-03-10,11.560009956359863,15.300000190734863,15.529999732971191,15.09000015258789,15.380000114440918,1896200
2016-03-11,11.771565437316895,15.579999923706055,15.609999656677246,15.260000228881836,15.420000076293945,1578300
2016-03-14,11.824456214904785,15.649999618530273,15.720000267028809,15.385000228881836,15.579999923706055,1470500
2016-03-15,11.930233001708984,15.789999961853027,15.850000381469727,15.579999923706055,15.630000114440918,696000
2016-03-16,12.119124412536621,16.040000915527344,16.114999771118164,15.710000038146973,15.770000457763672,654500
2016-03-17,12.34579086303711,16.34000015258789,16.420000076293945,16.0049991607666,16.040000915527344,968400
2016-03-18,12.013344764709473,15.899999618530273,16.3799991607666,15.829999923706055,16.3799991607666,1923600
2016-03-21,11.990676879882812,15.869999885559082,16.049999237060547,15.819999694824219,15.880000114440918,640800
2016-03-22,12.00578784942627,15.890000343322754,15.9399995803833,15.670000076293945,15.8100004196167,577100
2016-03-23,11.907567024230957,15.760000228881836,16.25,15.760000228881836,15.899999618530273,556600
2016-03-24,11.771565437316895,15.579999923706055,15.8100004196167,15.520000457763672,15.699999809265137,900100
2016-03-28,11.832012176513672,15.65999984741211,15.729999542236328,15.25,15.34000015258789,984100
2016-03-29,11.99544620513916,15.779999732971191,15.829999923706055,15.319999694824219,15.319999694824219,813500
2016-03-30,11.987847328186035,15.770000457763672,15.880000114440918,15.704999923706055,15.800000190734863,774000
2016-03-31,12.124676704406738,15.949999809265137,16.020000457763672,15.649999618530273,15.779999732971191,1730600
2016-04-01,12.139878273010254,15.970000267028809,16.020000457763672,15.789999961853027,15.869999885559082,1073800
2016-04-04,12.16268539428711,16.0,16.110000610351562,15.913000106811523,15.970000267028809,524900
2016-04-05,12.048660278320312,15.850000381469727,15.949999809265137,15.779999732971191,15.890000343322754,1263000
2016-04-06,11.949837684631348,15.720000267028809,15.90999984741211,15.65999984741211,15.890000343322754,767100
2016-04-07,11.813008308410645,15.539999961853027,15.6850004196167,15.399999618530273,15.630000114440918,880900
2016-04-08,11.828210830688477,15.5600004196167,15.829999923706055,15.5,15.619999885559082,720200
2016-04-11,11.99544620513916,15.779999732971191,15.84000015258789,15.4399995803833,15.569999694824219,1124400
2016-04-12,12.193092346191406,16.040000915527344,16.06999969482422,15.6899995803833,15.779999732971191,758000
2016-04-13,12.16268539428711,16.0,16.15999984741211,15.680000305175781,16.049999237060547,2228200
2016-04-14,12.147481918334961,15.979999542236328,16.065000534057617,15.84000015258789,15.970000267028809,3174100
2016-04-15,12.246302604675293,16.110000610351562,16.190000534057617,15.949999809265137,16.059999465942383,526500
2016-04-18,12.200692176818848,16.049999237060547,16.100000381469727,15.885000228881836,16.030000686645508,653600
2016-04-19,12.360328674316406,16.260000228881836,16.309999465942383,16.014999389648438,16.059999465942383,645700
2016-04-20,12.276708602905273,16.149999618530273,16.40999984741211,16.09000015258789,16.200000762939453,1047400
2016-04-21,12.276708602905273,16.149999618530273,16.420000076293945,15.954999923706055,16.170000076293945,1073200
2016-04-22,12.398332595825195,16.309999465942383,16.31999969482422,16.100000381469727,16.18000030517578,1009900
2016-04-25,12.580778121948242,16.549999237060547,16.565000534057617,16.110000610351562,16.229999542236328,1141900
2016-04-26,12.67959976196289,16.68000030517578,16.700000762939453,16.489999771118164,16.600000381469727,903800
2016-04-27,12.77841854095459,16.809999465942383,16.850000381469727,16.549999237060547,16.6200008392334,1552800
2016-04-28,12.801224708557129,16.84000015258789,16.920000076293945,16.6200008392334,16.68000030517578,590600
2016-04-29,12.694805145263672,16.700000762939453,16.895000457763672,16.540000915527344,16.809999465942383,771200
2016-05-02,12.960859298706055,17.049999237060547,17.110000610351562,16.719999313354492,16.780000686645508,647000
2016-05-03,12.953259468078613,17.040000915527344,17.06999969482422,16.809999465942383,16.959999084472656,890200
2016-05-04,13.014068603515625,17.1200008392334,17.18000030517578,16.479999542236328,16.920000076293945,997700
2016-05-05,13.06728458404541,17.190000534057617,17.209999084472656,17.007999420166016,17.100000381469727,623200
2016-05-06,12.945659637451172,17.030000686645508,17.239999771118164,16.809999465942383,17.170000076293945,929500
2016-05-09,13.112896919250488,17.25,17.399999618530273,17.040000915527344,17.079999923706055,981700
2016-05-10,13.188911437988281,17.350000381469727,17.360000610351562,17.139999389648438,17.229999542236328,726000
2016-05-11,12.938057899475098,17.020000457763672,17.290000915527344,16.90999984741211,17.270000457763672,680800
2016-05-12,12.77841854095459,16.809999465942383,17.040000915527344,16.719999313354492,17.020000457763672,719900
2016-05-13,12.664393424987793,16.65999984741211,16.81999969482422,16.56999969482422,16.799999237060547,856200
2016-05-16,12.808825492858887,16.850000381469727,16.899999618530273,16.610000610351562,16.610000610351562,879200
2016-05-17,12.39073371887207,16.299999237060547,16.844999313354492,16.2549991607666,16.790000915527344,964500
2016-05-18,12.375529289245605,16.280000686645508,16.469999313354492,16.09000015258789,16.309999465942383,1127800
2016-05-19,12.033456802368164,15.829999923706055,16.18000030517578,15.8100004196167,16.1299991607666,786800
2016-05-20,12.086668968200684,15.899999618530273,16.09000015258789,15.850000381469727,15.899999618530273,1059100
2016-05-23,12.238700866699219,16.100000381469727,16.170000076293945,15.960000038146973,15.960000038146973,788900
2016-05-24,12.360328674316406,16.260000228881836,16.329999923706055,16.149999618530273,16.149999618530273,589500
2016-05-25,12.337519645690918,16.229999542236328,16.3700008392334,16.139999389648438,16.329999923706055,590700
2016-05-26,12.299514770507812,16.18000030517578,16.290000915527344,16.049999237060547,16.239999771118164,436600
2016-05-27,12.41353988647461,16.329999923706055,16.375,16.075000762939453,16.209999084472656,389500
2016-05-31,12.451546669006348,16.3799991607666,16.459999084472656,16.170000076293945,16.34000015258789,1624000
2016-06-01,12.405938148498535,16.31999969482422,16.405000686645508,16.200000762939453,16.260000228881836,692700
2016-06-02,12.459150314331055,16.389999389648438,16.399999618530273,16.149999618530273,16.260000228881836,881300
2016-06-03,12.39073371887207,16.299999237060547,16.6299991607666,16.219999313354492,16.450000762939453,568100
2016-06-06,12.322320938110352,16.209999084472656,16.34000015258789,16.139999389648438,16.329999923706055,463300
2016-06-07,12.41353988647461,16.329999923706055,16.459999084472656,16.1299991607666,16.260000228881836,461800
2016-06-08,12.595979690551758,16.56999969482422,16.604999542236328,16.235000610351562,16.280000686645508,368500
2016-06-09,12.656792640686035,16.649999618530273,16.760000228881836,16.459999084472656,16.540000915527344,744700
2016-06-10,12.360328674316406,16.260000228881836,16.65999984741211,16.190000534057617,16.510000228881836,733400
2016-06-13,12.269108772277832,16.139999389648438,16.479999542236328,16.100000381469727,16.260000228881836,416600
2016-06-14,12.041056632995605,15.84000015258789,16.09000015258789,15.704999923706055,16.079999923706055,716900
2016-06-15,12.16268539428711,16.0,16.139999389648438,15.774999618530273,15.819999694824219,1352900
2016-06-16,12.086668968200684,15.899999618530273,16.0,15.819999694824219,15.960000038146973,757200
2016-06-17,12.193092346191406,16.040000915527344,16.145000457763672,15.819999694824219,15.850000381469727,2596400
2016-06-20,12.261509895324707,16.1299991607666,16.270000457763672,16.094999313354492,16.200000762939453,704600
2016-06-21,12.284310340881348,16.15999984741211,16.209999084472656,16.040000915527344,16.149999618530273,670200
2016-06-22,12.193092346191406,16.040000915527344,16.19300079345703,16.010000228881836,16.190000534057617,555100
2016-06-23,12.299514770507812,16.18000030517578,16.25,16.1200008392334,16.18000030517578,479100
2016-06-24,12.010652542114258,15.800000190734863,15.989999771118164,15.539999961853027,15.8100004196167,1951300
2016-06-27,11.653372764587402,15.329999923706055,15.829999923706055,15.260000228881836,15.699999809265137,960900
2016-06-28,11.794878959655762,15.420000076293945,15.579999923706055,15.300000190734863,15.420000076293945,735400
2016-06-29,11.932564735412598,15.600000381469727,15.6899995803833,15.449999809265137,15.569999694824219,847200
2016-06-30,12.192630767822266,15.9399995803833,15.970000267028809,15.359999656677246,15.65999984741211,1270700
2016-07-01,12.116140365600586,15.84000015258789,16.06999969482422,15.770000457763672,15.899999618530273,647300
2016-07-05,11.993754386901855,15.680000305175781,15.850000381469727,15.520000457763672,15.800000190734863,611800
2016-07-06,11.970808029174805,15.649999618530273,15.710000038146973,15.550000190734863,15.630000114440918,508600
2016-07-07,11.82547378540039,15.460000038146973,15.619999885559082,15.359999656677246,15.609999656677246,624600
2016-07-08,12.177335739135742,15.920000076293945,15.9399995803833,15.520000457763672,15.600000381469727,1538000
2016-07-11,12.490943908691406,16.329999923706055,16.360000610351562,15.850000381469727,16.0,1457900
2016-07-12,12.682173728942871,16.579999923706055,16.6299991607666,16.270000457763672,16.350000381469727,988000
2016-07-13,12.82750415802002,16.770000457763672,16.799999237060547,16.5,16.549999237060547,675700
2016-07-14,12.789262771606445,16.719999313354492,16.8799991607666,16.6299991607666,16.780000686645508,635500
2016-07-15,12.773961067199707,16.700000762939453,16.780000686645508,16.530000686645508,16.760000228881836,383400
2016-07-18,12.80455493927002,16.739999771118164,16.81999969482422,16.639999389648438,16.75,1558800
2016-07-19,12.881047248840332,16.84000015258789,16.899999618530273,16.68000030517578,16.690000534057617,730400
2016-07-20,12.93459415435791,16.90999984741211,16.94499969482422,16.790000915527344,16.8799991607666,1378900
2016-07-21,13.01108455657959,17.010000228881836,17.06999969482422,16.790000915527344,16.829999923706055,2250400
2016-07-22,13.14111614227295,17.18000030517578,17.260000228881836,16.989999771118164,16.989999771118164,1284600
2016-07-25,13.148767471313477,17.190000534057617,17.288999557495117,17.09000015258789,17.1200008392334,573100
2016-07-26,13.209959030151367,17.270000457763672,17.290000915527344,17.049999237060547,17.149999618530273,671100
2016-07-27,13.171712875366211,17.219999313354492,17.31999969482422,17.104999542236328,17.270000457763672,889000
2016-07-28,13.209959030151367,17.270000457763672,17.329999923706055,17.15999984741211,17.18000030517578,955400
2016-07-29,13.48532772064209,17.6299991607666,17.649999618530273,17.229999542236328,17.229999542236328,986000
2016-08-01,13.34764575958252,17.450000762939453,17.68000030517578,17.360000610351562,17.6299991607666,756800
2016-08-02,13.14111614227295,17.18000030517578,17.780000686645508,17.149999618530273,17.43000030517578,1218600
2016-08-03,13.194664001464844,17.25,17.299999237060547,16.979999542236328,17.209999084472656,463300
2016-08-04,13.294099807739258,17.3799991607666,17.420000076293945,17.139999389648438,17.290000915527344,987100
2016-08-05,13.355289459228516,17.459999084472656,17.8799991607666,17.170000076293945,17.8799991607666,1241000
2016-08-08,13.477675437927246,17.6200008392334,17.65999984741211,17.459999084472656,17.459999084472656,611600
2016-08-09,13.492974281311035,17.639999389648438,17.655000686645508,17.450000762939453,17.649999618530273,523700
2016-08-10,13.508275985717773,17.65999984741211,17.709999084472656,17.579999923706055,17.65999984741211,597100
2016-08-11,13.370590209960938,17.479999542236328,17.8700008392334,17.34000015258789,17.729999542236328,514900
2016-08-12,13.34764575958252,17.450000762939453,17.774999618530273,17.43000030517578,17.469999313354492,532100
2016-08-15,13.546516418457031,17.709999084472656,17.860000610351562,17.459999084472656,17.520000457763672,984100
2016-08-16,13.500622749328613,17.649999618530273,17.75,17.479999542236328,17.6299991607666,780500
2016-08-17,13.638306617736816,17.829999923706055,17.829999923706055,17.59000015258789,17.65999984741211,811000
2016-08-18,13.623011589050293,17.809999465942383,18.059999465942383,17.709999084472656,17.850000381469727,1136900
2016-08-19,13.515925407409668,17.670000076293945,17.760000228881836,17.600000381469727,17.709999084472656,506400
2016-08-22,13.546516418457031,17.709999084472656,17.774999618530273,17.584999084472656,17.68000030517578,735800
2016-08-23,13.492974281311035,17.639999389648438,17.829999923706055,17.6200008392334,17.770000457763672,916400
2016-08-24,13.508275985717773,17.65999984741211,17.739999771118164,17.600000381469727,17.65999984741211,388700
2016-08-25,13.569464683532715,17.739999771118164,17.940000534057617,17.600000381469727,17.600000381469727,504700
2016-08-26,13.515925407409668,17.670000076293945,17.889999389648438,17.549999237060547,17.75,583200
2016-08-29,13.645956039428711,17.84000015258789,17.90999984741211,17.649999618530273,17.719999313354492,800700
2016-08-30,13.58476448059082,17.760000228881836,17.850000381469727,17.6299991607666,17.850000381469727,467500
2016-08-31,13.768341064453125,18.0,18.0,17.6200008392334,17.719999313354492,1100000
2016-09-01,13.68420696258545,17.889999389648438,17.989999771118164,17.729999542236328,17.989999771118164,674800
2016-09-02,13.730096817016602,17.950000762939453,18.18000030517578,17.829999923706055,17.979999542236328,653800
2016-09-06,13.83718490600586,18.09000015258789,18.09000015258789,17.799999237060547,17.93000030517578,454800
2016-09-07,13.95956802368164,18.25,18.280000686645508,18.020000457763672,18.020000457763672,1063700
2016-09-08,13.737746238708496,17.959999084472656,18.200000762939453,17.93000030517578,18.200000762939453,508900
2016-09-09,13.225258827209473,17.290000915527344,17.760000228881836,17.25,17.760000228881836,750200
2016-09-12,13.462379455566406,17.600000381469727,17.68000030517578,17.209999084472656,17.290000915527344,891700
2016-09-13,13.018733024597168,17.020000457763672,17.479999542236328,16.9950008392334,17.479999542236328,773500
2016-09-14,12.919293403625488,16.889999389648438,17.100000381469727,16.860000610351562,17.020000457763672,856600
2016-09-15,12.888696670532227,16.850000381469727,16.979999542236328,16.709999084472656,16.8799991607666,638600
2016-09-16,12.674522399902344,16.56999969482422,16.809999465942383,16.540000915527344,16.709999084472656,1999400
2016-09-19,12.911643981933594,16.8799991607666,16.950000762939453,16.6299991607666,16.6299991607666,1080700
2016-09-20,12.7127685546875,16.6200008392334,17.0,16.59000015258789,17.0,766200
2016-09-21,13.06462574005127,17.079999923706055,17.100000381469727,16.6200008392334,16.719999313354492,895000
2016-09-22,13.232903480529785,17.299999237060547,17.34000015258789,17.139999389648438,17.219999313354492,784200
2016-09-23,13.225258827209473,17.290000915527344,17.375,17.110000610351562,17.209999084472656,514900
2016-09-26,13.03403377532959,17.040000915527344,17.31999969482422,17.030000686645508,17.270000457763672,601300
2016-09-27,12.835155487060547,16.780000686645508,17.25,16.7450008392334,17.149999618530273,1688200
2016-09-28,13.046701431274414,16.959999084472656,16.969999313354492,16.639999389648438,16.649999618530273,803200
2016-09-29,12.723609924316406,16.540000915527344,16.920000076293945,16.469999313354492,16.889999389648438,946900
2016-09-30,12.608224868774414,16.389999389648438,16.75,16.34000015258789,16.690000534057617,861300
2016-10-03,12.515911102294922,16.270000457763672,16.40999984741211,16.15999984741211,16.309999465942383,1087600
2016-10-04,12.338982582092285,16.040000915527344,16.299999237060547,15.960000038146973,16.200000762939453,761000
2016-10-05,12.131278991699219,15.770000457763672,16.18000030517578,15.729999542236328,16.059999465942383,1065000
2016-10-06,12.192819595336914,15.850000381469727,15.890000343322754,15.59000015258789,15.6899995803833,761900
2016-10-07,12.123587608337402,15.760000228881836,16.059999465942383,15.545000076293945,15.920000076293945,756000
2016-10-10,12.1466646194458,15.789999961853027,15.850000381469727,15.729999542236328,15.789999961853027,387000
2016-10-11,12.07742977142334,15.699999809265137,15.84000015258789,15.600000381469727,15.770000457763672,378000
2016-10-12,12.100506782531738,15.729999542236328,15.800000190734863,15.609999656677246,15.670000076293945,304200
2016-10-13,12.192819595336914,15.850000381469727,15.859999656677246,15.180000305175781,15.680000305175781,445900
2016-10-14,12.15435791015625,15.800000190734863,15.989999771118164,15.75,15.989999771118164,524500
2016-10-17,12.162049293518066,15.8100004196167,15.984999656677246,15.789999961853027,15.850000381469727,305500
2016-10-18,12.208206176757812,15.869999885559082,15.989999771118164,15.770000457763672,15.979999542236328,314900
2016-10-19,12.20051097869873,15.859999656677246,16.0,15.800000190734863,15.930000305175781,330400
2016-10-20,12.254358291625977,15.930000305175781,15.96500015258789,15.770000457763672,15.890000343322754,334100
2016-10-21,12.138971328735352,15.779999732971191,15.864999771118164,15.664999961853027,15.819999694824219,721100
2016-10-24,12.1466646194458,15.789999961853027,16.020000457763672,15.710000038146973,15.850000381469727,477000
2016-10-25,12.15435791015625,15.800000190734863,15.835000038146973,15.675000190734863,15.8100004196167,611400
2016-10-26,11.992810249328613,15.59000015258789,15.710000038146973,15.470000267028809,15.710000038146973,654200
2016-10-27,11.831267356872559,15.380000114440918,15.600000381469727,15.34000015258789,15.5600004196167,868800
2016-10-28,11.823575019836426,15.369999885559082,15.520000457763672,15.274999618530273,15.449999809265137,686800
2016-10-31,11.962040901184082,15.550000190734863,15.619999885559082,15.329999923706055,15.470000267028809,640100
2016-11-01,11.792802810668945,15.329999923706055,15.550000190734863,15.239999771118164,15.550000190734863,673200
2016-11-02,11.685105323791504,15.1899995803833,15.329999923706055,15.050000190734863,15.3100004196167,1318300
2016-11-03,11.431248664855957,14.859999656677246,15.149999618530273,14.680000305175781,15.0,1045200
2016-11-04,11.538947105407715,15.0,15.119999885559082,14.869999885559082,14.890000343322754,613200
2016-11-07,11.508172035217285,14.960000038146973,15.270000457763672,14.869999885559082,15.229999542236328,770900
2016-11-08,11.623564720153809,15.109999656677246,15.149999618530273,14.779999732971191,14.859999656677246,923600
2016-11-09,11.662027359008789,15.15999984741211,15.210000038146973,14.579999923706055,14.819999694824219,1104300
2016-11-10,11.90050220489502,15.470000267028809,15.779999732971191,15.029999732971191,15.199999809265137,2794400
2016-11-11,12.100506782531738,15.729999542236328,15.890000343322754,15.399999618530273,15.399999618530273,1085000
2016-11-14,12.46206283569336,16.200000762939453,16.239999771118164,15.609999656677246,15.729999542236328,1331500
2016-11-15,12.246670722961426,15.920000076293945,16.31999969482422,15.904999732971191,16.209999084472656,926600
2016-11-16,11.946656227111816,15.529999732971191,15.949999809265137,15.4399995803833,15.890000343322754,583000
2016-11-17,12.069737434387207,15.6899995803833,15.75,15.475000381469727,15.569999694824219,759900
2016-11-18,11.969735145568848,15.5600004196167,15.789999961853027,15.520000457763672,15.670000076293945,625900
2016-11-21,12.015884399414062,15.619999885559082,15.880000114440918,15.59000015258789,15.59000015258789,665400
2016-11-22,12.138971328735352,15.779999732971191,15.779999732971191,15.619999885559082,15.710000038146973,572900
2016-11-23,12.038965225219727,15.649999618530273,15.779999732971191,15.494999885559082,15.649999618530273,1052400
2016-11-25,12.008195877075195,15.609999656677246,15.824999809265137,15.5600004196167,15.6899995803833,459100
2016-11-28,12.069737434387207,15.6899995803833,15.800000190734863,15.520000457763672,15.520000457763672,975200
2016-11-29,12.162049293518066,15.8100004196167,15.9350004196167,15.609999656677246,15.630000114440918,1245800
2016-11-30,12.092816352844238,15.720000267028809,16.09000015258789,15.609999656677246,15.739999771118164,1446600
2016-12-01,12.054351806640625,15.670000076293945,15.84000015258789,15.399999618530273,15.699999809265137,1673900
2016-12-02,12.100506782531738,15.729999542236328,15.890000343322754,15.479999542236328,15.630000114440918,552600
2016-12-05,12.269746780395508,15.949999809265137,15.949999809265137,15.670000076293945,15.8100004196167,563200
2016-12-06,12.585143089294434,16.360000610351562,16.40999984741211,16.049999237060547,16.049999237060547,833100
2016-12-07,12.708229064941406,16.520000457763672,16.59000015258789,16.360000610351562,16.3700008392334,1066000
2016-12-08,12.738995552062988,16.559999465942383,16.610000610351562,16.329999923706055,16.5,484700
2016-12-09,12.738995552062988,16.559999465942383,16.729999542236328,16.5,16.579999923706055,362100
2016-12-12,12.77746295928955,16.610000610351562,16.6200008392334,16.399999618530273,16.5,450400
2016-12-13,12.731304168701172,16.549999237060547,16.739999771118164,16.454999923706055,16.739999771118164,763900
2016-12-14,12.37744140625,16.09000015258789,16.549999237060547,16.030000686645508,16.549999237060547,1823800
2016-12-15,12.1466646194458,15.789999961853027,16.125,15.729999542236328,16.040000915527344,1556900
2016-12-16,12.392826080322266,16.110000610351562,16.1299991607666,15.850000381469727,15.899999618530273,2015600
2016-12-19,12.408212661743164,16.1299991607666,16.295000076293945,16.040000915527344,16.1299991607666,637100
2016-12-20,12.38513469696045,16.100000381469727,16.25,16.030000686645508,16.1200008392334,573200
2016-12-21,12.1697416305542,15.819999694824219,16.209999084472656,15.819999694824219,16.100000381469727,661200
2016-12-22,12.20051097869873,15.859999656677246,15.880000114440918,15.649999618530273,15.84000015258789,611600
2016-12-23,12.115890502929688,15.75,15.880000114440918,15.65999984741211,15.850000381469727,366400
2016-12-27,12.10820198059082,15.739999771118164,15.850000381469727,15.699999809265137,15.760000228881836,324100
2016-12-28,12.07337474822998,15.600000381469727,15.699999809265137,15.484999656677246,15.699999809265137,454700
2016-12-29,12.18172550201416,15.739999771118164,15.8100004196167,15.494999885559082,15.600000381469727,505700
2016-12-30,12.375208854675293,15.989999771118164,16.010000228881836,15.640000343322754,15.729999542236328,561100
2017-01-03,12.560953140258789,16.229999542236328,16.229999542236328,15.979999542236328,16.09000015258789,760900
2017-01-04,12.700260162353516,16.40999984741211,16.510000228881836,16.18000030517578,16.280000686645508,706500
2017-01-05,12.924700736999512,16.700000762939453,16.799999237060547,16.229999542236328,16.34000015258789,746100
2017-01-06,12.816349983215332,16.559999465942383,16.704999923706055,16.530000686645508,16.600000381469727,299600
2017-01-09,12.630608558654785,16.31999969482422,16.549999237060547,16.309999465942383,16.549999237060547,606300
2017-01-10,12.630608558654785,16.31999969482422,16.364999771118164,16.235000610351562,16.309999465942383,534600
2017-01-11,12.537734985351562,16.200000762939453,16.3799991607666,16.190000534057617,16.309999465942383,566500
2017-01-12,12.54547119140625,16.209999084472656,16.270000457763672,16.06999969482422,16.270000457763672,613000
2017-01-13,12.560953140258789,16.229999542236328,16.280000686645508,16.049999237060547,16.200000762939453,463900
2017-01-17,12.700260162353516,16.40999984741211,16.40999984741211,16.18000030517578,16.239999771118164,454000
2017-01-18,12.777652740478516,16.510000228881836,16.549999237060547,16.360000610351562,16.450000762939453,477300
2017-01-19,12.715736389160156,16.43000030517578,16.5,16.280000686645508,16.5,447600
2017-01-20,12.808610916137695,16.549999237060547,16.55500030517578,16.280000686645508,16.399999618530273,1345500
2017-01-23,12.940181732177734,16.719999313354492,16.790000915527344,16.5,16.56999969482422,1178600
2017-01-24,13.094965934753418,16.920000076293945,16.950000762939453,16.649999618530273,16.690000534057617,659700
2017-01-25,13.156881332397461,17.0,17.235000610351562,16.90999984741211,16.920000076293945,1576500
2017-01-26,13.195575714111328,17.049999237060547,17.2549991607666,16.989999771118164,16.989999771118164,1322200
2017-01-27,13.118185043334961,16.950000762939453,17.079999923706055,16.829999923706055,17.079999923706055,643800
2017-01-30,13.009833335876465,16.809999465942383,16.889999389648438,16.719999313354492,16.829999923706055,619000
2017-01-31,12.916960716247559,16.690000534057617,17.014999389648438,16.639999389648438,16.860000610351562,1380800
2017-02-01,12.731218338012695,16.450000762939453,16.899999618530273,16.350000381469727,16.670000076293945,1039800
2017-02-02,12.816349983215332,16.559999465942383,16.610000610351562,16.420000076293945,16.440000534057617,393400
2017-02-03,12.924700736999512,16.700000762939453,16.799999237060547,16.489999771118164,16.719999313354492,951000
2017-02-06,12.963399887084961,16.75,16.790000915527344,16.655000686645508,16.670000076293945,461100
2017-02-07,12.932439804077148,16.709999084472656,16.90999984741211,16.670000076293945,16.780000686645508,818600
2017-02-08,12.878264427185059,16.639999389648438,16.780000686645508,16.549999237060547,16.770000457763672,767800
2017-02-09,12.924700736999512,16.700000762939453,16.790000915527344,16.59000015258789,16.670000076293945,346700
2017-02-10,13.033050537109375,16.84000015258789,16.860000610351562,16.709999084472656,16.75,456400
2017-02-13,13.102704048156738,16.93000030517578,16.979999542236328,16.729999542236328,16.93000030517578,454400
2017-02-14,13.009833335876465,16.809999465942383,16.889999389648438,16.690000534057617,16.84000015258789,941400
2017-02-15,13.033050537109375,16.84000015258789,16.8700008392334,16.6200008392334,16.770000457763672,651400
2017-02-16,13.20331859588623,17.059999465942383,17.135000228881836,16.889999389648438,16.889999389648438,856000
2017-02-17,13.272971153259277,17.149999618530273,17.15999984741211,16.959999084472656,17.049999237060547,890400
2017-02-21,13.389058113098145,17.299999237060547,17.34000015258789,17.020000457763672,17.270000457763672,1667200
2017-02-22,13.24201488494873,17.110000610351562,17.31999969482422,17.059999465942383,17.299999237060547,1008300
2017-02-23,13.195575714111328,17.049999237060547,17.25,16.59000015258789,16.709999084472656,4041800
2017-02-24,13.35036563873291,17.25,17.25,16.8700008392334,16.920000076293945,1250900
2017-02-27,13.55932903289795,17.520000457763672,17.549999237060547,17.170000076293945,17.270000457763672,1234000
2017-02-28,13.48967456817627,17.43000030517578,17.479999542236328,17.299999237060547,17.469999313354492,1361100
2017-03-01,13.435498237609863,17.360000610351562,17.579999923706055,17.31999969482422,17.420000076293945,1455400
2017-03-02,13.226534843444824,17.09000015258789,17.43000030517578,17.03499984741211,17.360000610351562,868300
2017-03-03,13.164623260498047,17.010000228881836,17.030000686645508,16.81999969482422,16.920000076293945,810300
2017-03-06,13.094965934753418,16.920000076293945,16.979999542236328,16.799999237060547,16.979999542236328,1041700
2017-03-07,13.025312423706055,16.829999923706055,16.969999313354492,16.790000915527344,16.84000015258789,721800
2017-03-08,12.909221649169922,16.68000030517578,16.84000015258789,16.649999618530273,16.809999465942383,903800
2017-03-09,12.630608558654785,16.31999969482422,16.719999313354492,16.239999771118164,16.690000534057617,1190400
2017-03-10,12.638343811035156,16.329999923706055,16.530000686645508,16.200000762939453,16.479999542236328,1209300
2017-03-13,12.622865676879883,16.309999465942383,16.450000762939453,16.239999771118164,16.450000762939453,1531000
2017-03-14,12.537734985351562,16.200000762939453,16.3700008392334,16.1299991607666,16.239999771118164,1119700
2017-03-15,12.839570045471191,16.59000015258789,16.670000076293945,16.219999313354492,16.229999542236328,1386900
2017-03-16,12.855050086975098,16.610000610351562,16.729999542236328,16.510000228881836,16.510000228881836,1047500
2017-03-17,12.893739700317383,16.65999984741211,16.780000686645508,16.549999237060547,16.709999084472656,8630300
2017-03-20,12.715736389160156,16.43000030517578,16.739999771118164,16.40999984741211,16.700000762939453,756700
2017-03-21,12.568692207336426,16.239999771118164,16.489999771118164,16.21500015258789,16.489999771118164,1036500
2017-03-22,12.54547119140625,16.209999084472656,16.270000457763672,15.90999984741211,16.270000457763672,1064200
2017-03-23,12.54547119140625,16.209999084472656,16.399999618530273,16.18000030517578,16.18000030517578,777400
2017-03-24,12.54547119140625,16.209999084472656,16.3799991607666,16.200000762939453,16.209999084472656,942900
2017-03-27,12.40616226196289,16.030000686645508,16.239999771118164,15.869999885559082,16.149999618530273,1064900
2017-03-28,12.514516830444336,16.170000076293945,16.170000076293945,15.869999885559082,16.0,1444100
2017-03-29,12.54954719543457,16.1200008392334,16.1200008392334,15.9399995803833,16.06999969482422,641800
2017-03-30,12.580686569213867,16.15999984741211,16.15999984741211,15.979999542236328,16.110000610351562,642500
2017-03-31,12.619611740112305,16.209999084472656,16.25,16.09000015258789,16.1299991607666,1034500
2017-04-03,12.619611740112305,16.209999084472656,16.364999771118164,16.110000610351562,16.209999084472656,836700
2017-04-04,12.806455612182617,16.450000762939453,16.514999389648438,16.1200008392334,16.219999313354492,1778200
2017-04-05,12.728605270385742,16.350000381469727,16.559999465942383,16.34000015258789,16.479999542236328,1877500
2017-04-06,12.969941139221191,16.65999984741211,16.770000457763672,16.229999542236328,16.329999923706055,1856600
2017-04-07,12.946588516235352,16.6299991607666,16.75,16.56999969482422,16.649999618530273,1248500
2017-04-10,13.14899730682373,16.889999389648438,16.90999984741211,16.579999923706055,16.6299991607666,1475000
2017-04-11,13.281344413757324,17.059999465942383,17.1299991607666,16.850000381469727,16.899999618530273,1811600
2017-04-12,13.2735595703125,17.049999237060547,17.135000228881836,16.959999084472656,16.989999771118164,1337200
2017-04-13,13.08671760559082,16.809999465942383,17.059999465942383,16.7450008392334,17.030000686645508,781700
2017-04-17,13.398119926452637,17.209999084472656,17.209999084472656,16.860000610351562,17.030000686645508,760900
2017-04-18,13.366982460021973,17.170000076293945,17.209999084472656,17.020000457763672,17.209999084472656,751500
2017-04-19,13.366982460021973,17.170000076293945,17.25,17.09000015258789,17.139999389648438,1171500
2017-04-20,13.2579927444458,17.030000686645508,17.15999984741211,16.950000762939453,17.149999618530273,711400
2017-04-21,13.250207901000977,17.020000457763672,17.049999237060547,16.924999237060547,16.989999771118164,491300
2017-04-24,13.063362121582031,16.780000686645508,17.219999313354492,16.670000076293945,17.209999084472656,623600
2017-04-25,13.14899730682373,16.889999389648438,16.899999618530273,16.75,16.809999465942383,785300
2017-04-26,12.969941139221191,16.65999984741211,16.889999389648438,16.6299991607666,16.84000015258789,1036100
2017-04-27,12.814240455627441,16.459999084472656,16.68000030517578,16.440000534057617,16.68000030517578,635100
2017-04-28,12.767531394958496,16.399999618530273,16.420000076293945,16.239999771118164,16.420000076293945,1040600
2017-05-01,12.822026252746582,16.469999313354492,16.540000915527344,16.309999465942383,16.440000534057617,899400
2017-05-02,12.876520156860352,16.540000915527344,16.610000610351562,16.389999389648438,16.5,817800
2017-05-03,12.728605270385742,16.350000381469727,16.59000015258789,16.204999923706055,16.59000015258789,1108100
2017-05-04,12.71303653717041,16.329999923706055,16.360000610351562,16.08099937438965,16.360000610351562,908900
2017-05-05,12.853169441223145,16.510000228881836,16.520000457763672,16.190000534057617,16.25,1173500
2017-05-08,12.432771682739258,15.970000267028809,16.530000686645508,15.9399995803833,16.510000228881836,1889600
2017-05-09,12.40163516998291,15.930000305175781,16.0,15.84000015258789,15.979999542236328,949900
2017-05-10,12.510624885559082,16.06999969482422,16.219999313354492,15.835000038146973,15.920000076293945,2894800
2017-05-11,12.339354515075684,15.850000381469727,16.020000457763672,15.680000305175781,16.020000457763672,1351800
2017-05-12,12.20700454711914,15.680000305175781,15.890000343322754,15.664999961853027,15.829999923706055,1414700
2017-05-15,12.136940002441406,15.59000015258789,15.859999656677246,15.555000305175781,15.720000267028809,1140500
2017-05-16,12.012378692626953,15.430000305175781,15.710000038146973,15.420000076293945,15.550000190734863,1672700
2017-05-17,11.996805191040039,15.40999984741211,15.510000228881836,15.329999923706055,15.390000343322754,1318300
2017-05-18,12.105798721313477,15.550000190734863,15.579999923706055,15.322999954223633,15.460000038146973,1126500
2017-05-19,12.152508735656738,15.609999656677246,15.734999656677246,15.449999809265137,15.489999771118164,715100
2017-05-22,12.113582611083984,15.5600004196167,15.755000114440918,15.550000190734863,15.619999885559082,766600
2017-05-23,12.199219703674316,15.670000076293945,15.760000228881836,15.579999923706055,15.619999885559082,953500
2017-05-24,12.284854888916016,15.779999732971191,15.880000114440918,15.6899995803833,15.720000267028809,849200
2017-05-25,12.168078422546387,15.630000114440918,15.795000076293945,15.619999885559082,15.729999542236328,669800
2017-05-26,12.090229034423828,15.529999732971191,15.699999809265137,15.470000267028809,15.619999885559082,635300
2017-05-30,11.981237411499023,15.390000343322754,15.5600004196167,15.390000343322754,15.550000190734863,458200
2017-05-31,12.004591941833496,15.420000076293945,15.479999542236328,15.319999694824219,15.399999618530273,2622000
2017-06-01,12.160293579101562,15.619999885559082,15.670000076293945,15.319999694824219,15.390000343322754,880600
2017-06-02,12.323780059814453,15.829999923706055,15.859999656677246,15.600000381469727,15.6899995803833,1139800
2017-06-05,12.23814582824707,15.720000267028809,15.859999656677246,15.670000076293945,15.8100004196167,828400
2017-06-06,12.191434860229492,15.65999984741211,15.760000228881836,15.550000190734863,15.6899995803833,810400
2017-06-07,12.339354515075684,15.850000381469727,15.859999656677246,15.569999694824219,15.699999809265137,926200
2017-06-08,12.40163516998291,15.930000305175781,15.930000305175781,15.710000038146973,15.869999885559082,869000
2017-06-09,12.565118789672852,16.139999389648438,16.219999313354492,15.84000015258789,15.949999809265137,1472800
2017-06-12,12.95437240600586,16.639999389648438,16.690000534057617,16.149999618530273,16.149999618530273,2135900
2017-06-13,12.767531394958496,16.399999618530273,16.469999313354492,16.239999771118164,16.329999923706055,2593100
2017-06-14,12.767531394958496,16.399999618530273,16.577999114990234,16.360000610351562,16.549999237060547,1087100
2017-06-15,12.783099174499512,16.420000076293945,16.450000762939453,16.190000534057617,16.280000686645508,917700
2017-06-16,12.744178771972656,16.3700008392334,16.489999771118164,16.260000228881836,16.40999984741211,2909600
2017-06-19,12.705248832702637,16.31999969482422,16.389999389648438,16.2549991607666,16.329999923706055,950200
2017-06-20,12.720816612243652,16.34000015258789,16.3700008392334,16.170000076293945,16.299999237060547,761000
2017-06-21,12.71303653717041,16.329999923706055,16.469999313354492,16.155000686645508,16.31999969482422,835600
2017-06-22,12.674108505249023,16.280000686645508,16.360000610351562,16.139999389648438,16.209999084472656,1545800
2017-06-23,12.71303653717041,16.329999923706055,16.475000381469727,16.2450008392334,16.280000686645508,1794600
2017-06-26,12.83759880065918,16.489999771118164,16.510000228881836,16.25,16.31999969482422,924100
2017-06-27,12.783099174499512,16.420000076293945,16.59000015258789,16.399999618530273,16.450000762939453,1524500
2017-06-28,12.614745140075684,16.110000610351562,16.399999618530273,16.079999923706055,16.34000015258789,2047500
2017-06-29,12.661727905273438,16.170000076293945,16.18000030517578,15.960000038146973,16.079999923706055,1560800
2017-06-30,12.52861213684082,16.0,16.25,15.970000267028809,16.25,1643200
2017-07-03,12.677390098571777,16.190000534057617,16.200000762939453,15.9399995803833,16.100000381469727,794200
2017-07-05,12.489459991455078,15.949999809265137,16.190000534057617,15.890000343322754,16.1200008392334,1769800
2017-07-06,12.207568168640137,15.59000015258789,15.90999984741211,15.585000038146973,15.899999618530273,1755000
2017-07-07,12.184075355529785,15.5600004196167,15.645000457763672,15.470000267028809,15.600000381469727,1354200
2017-07-10,11.996148109436035,15.319999694824219,15.59000015258789,15.270000457763672,15.40999984741211,1361200
2017-07-11,11.92567253112793,15.229999542236328,15.350000381469727,15.140000343322754,15.350000381469727,1146500
2017-07-12,12.035298347473145,15.369999885559082,15.5,15.350000381469727,15.350000381469727,803500
2017-07-13,12.246721267700195,15.640000343322754,15.640000343322754,15.34000015258789,15.399999618530273,1150600
2017-07-14,12.301533699035645,15.710000038146973,15.770000457763672,15.649999618530273,15.720000267028809,799800
2017-07-17,12.387665748596191,15.819999694824219,15.869999885559082,15.609999656677246,15.699999809265137,794200
2017-07-18,12.199736595153809,15.579999923706055,15.819999694824219,15.5600004196167,15.8100004196167,896900
2017-07-19,12.544275283813477,16.020000457763672,16.049999237060547,15.59000015258789,15.59000015258789,1294500
2017-07-20,12.411160469055176,15.850000381469727,16.030000686645508,15.829999923706055,16.030000686645508,868400
2017-07-21,12.418989181518555,15.859999656677246,15.899999618530273,15.720000267028809,15.850000381469727,576300
2017-07-24,12.481630325317383,15.9399995803833,15.979999542236328,15.779999732971191,15.819999694824219,1017900
2017-07-25,12.544275283813477,16.020000457763672,16.06999969482422,15.8100004196167,15.979999542236328,1834200
2017-07-26,12.567764282226562,16.049999237060547,16.125,15.979999542236328,16.020000457763672,778800
2017-07-27,12.740036010742188,16.270000457763672,16.290000915527344,15.90999984741211,16.049999237060547,655500
2017-07-28,12.818339347839355,16.3700008392334,16.389999389648438,16.18000030517578,16.290000915527344,807900
2017-07-31,12.818339347839355,16.3700008392334,16.440000534057617,16.1200008392334,16.420000076293945,798500
2017-08-01,12.849660873413086,16.40999984741211,16.540000915527344,16.270000457763672,16.31999969482422,1024800
2017-08-02,12.771354675292969,16.309999465942383,16.40999984741211,16.18000030517578,16.360000610351562,618700
2017-08-03,12.685222625732422,16.200000762939453,16.309999465942383,16.139999389648438,16.290000915527344,954400
2017-08-04,12.904470443725586,16.479999542236328,16.790000915527344,16.260000228881836,16.739999771118164,2478700
2017-08-07,12.763525009155273,16.299999237060547,16.479999542236328,16.239999771118164,16.479999542236328,894200
2017-08-08,12.505121231079102,15.970000267028809,16.31999969482422,15.930000305175781,16.280000686645508,1659900
2017-08-09,12.434649467468262,15.880000114440918,16.149999618530273,15.8100004196167,16.010000228881836,1237400
2017-08-10,12.270212173461914,15.670000076293945,15.859999656677246,15.65999984741211,15.819999694824219,1223500
2017-08-11,12.238889694213867,15.630000114440918,15.680000305175781,15.430000305175781,15.529999732971191,1978300
2017-08-14,12.418989181518555,15.859999656677246,15.904999732971191,15.670000076293945,15.710000038146973,1109800
2017-08-15,12.450310707092285,15.899999618530273,15.899999618530273,15.680000305175781,15.819999694824219,709300
2017-08-16,12.481630325317383,15.9399995803833,16.030000686645508,15.829999923706055,15.829999923706055,1523700
2017-08-17,12.340683937072754,15.760000228881836,15.979999542236328,15.739999771118164,15.920000076293945,1138000
2017-08-18,12.191906929016113,15.569999694824219,15.6899995803833,15.520000457763672,15.65999984741211,1488900
2017-08-21,12.340683937072754,15.760000228881836,15.78499984741211,15.520000457763672,15.600000381469727,931100
2017-08-22,12.152756690979004,15.520000457763672,15.869999885559082,15.520000457763672,15.760000228881836,878300
2017-08-23,12.348515510559082,15.770000457763672,15.850000381469727,15.489999771118164,15.5,854500
2017-08-24,12.301533699035645,15.710000038146973,15.949999809265137,15.710000038146973,15.779999732971191,1253400
2017-08-25,12.372005462646484,15.800000190734863,15.920000076293945,15.59000015258789,15.760000228881836,908600
2017-08-28,12.278040885925293,15.680000305175781,16.020000457763672,15.630000114440918,15.880000114440918,1313300
2017-08-29,12.176243782043457,15.550000190734863,15.760000228881836,15.550000190734863,15.65999984741211,1075800
2017-08-30,12.278040885925293,15.680000305175781,15.710000038146973,15.449999809265137,15.569999694824219,999100
2017-08-31,12.356344223022461,15.779999732971191,15.859999656677246,15.699999809265137,15.770000457763672,1221200
2017-09-01,12.37983512878418,15.8100004196167,15.930000305175781,15.75,15.800000190734863,909000
2017-09-05,12.301533699035645,15.710000038146973,15.9399995803833,15.600000381469727,15.84000015258789,1424700
2017-09-06,12.47380256652832,15.930000305175781,16.079999923706055,15.720000267028809,15.720000267028809,1653100
2017-09-07,12.403327941894531,15.84000015258789,15.989999771118164,15.789999961853027,15.930000305175781,721200
2017-09-08,12.332852363586426,15.75,15.890000343322754,15.720000267028809,15.829999923706055,879300
2017-09-11,12.489459991455078,15.949999809265137,15.984999656677246,15.84000015258789,15.84000015258789,1082900
2017-09-12,12.442480087280273,15.890000343322754,16.049999237060547,15.789999961853027,15.960000038146973,917500
2017-09-13,12.497291564941406,15.960000038146973,15.970000267028809,15.859999656677246,15.949999809265137,1419600
2017-09-14,12.708710670471191,16.229999542236328,16.280000686645508,15.970000267028809,16.049999237060547,1390500
2017-09-15,12.536442756652832,16.010000228881836,16.309999465942383,15.920000076293945,16.260000228881836,3051600
2017-09-18,12.47380256652832,15.930000305175781,16.15999984741211,15.890000343322754,16.030000686645508,795500
2017-09-19,12.505121231079102,15.970000267028809,16.020000457763672,15.824999809265137,15.9399995803833,2121000
2017-09-20,12.481630325317383,15.9399995803833,16.010000228881836,15.869999885559082,15.960000038146973,1822400
2017-09-21,12.52861213684082,16.0,16.200000762939453,15.779999732971191,15.970000267028809,1283700
2017-09-22,12.52861213684082,16.0,16.1200008392334,15.960000038146973,16.059999465942383,650500
2017-09-25,12.638238906860352,16.139999389648438,16.25,15.989999771118164,16.030000686645508,775000
2017-09-26,12.677390098571777,16.190000534057617,16.209999084472656,16.094999313354492,16.1299991607666,780600
2017-09-27,12.481630325317383,15.9399995803833,16.184999465942383,15.9399995803833,16.170000076293945,1089000
2017-09-28,12.540711402893066,15.920000076293945,15.960000038146973,15.779999732971191,15.880000114440918,964700
2017-09-29,12.603730201721191,16.0,16.100000381469727,15.800000190734863,15.880000114440918,961000
2017-10-02,12.603730201721191,16.0,16.084999084472656,15.949999809265137,16.0,873100
2017-10-03,12.682504653930664,16.100000381469727,16.1200008392334,15.9399995803833,15.979999542236328,894500
2017-10-04,12.745522499084473,16.18000030517578,16.200000762939453,16.100000381469727,16.139999389648438,894700
2017-10-05,12.792786598205566,16.239999771118164,16.399999618530273,16.200000762939453,16.200000762939453,642700
2017-10-06,12.80066204071045,16.25,16.280000686645508,16.09000015258789,16.18000030517578,1123200
2017-10-09,12.721890449523926,16.149999618530273,16.25,16.09000015258789,16.25,548800
2017-10-10,12.784907341003418,16.229999542236328,16.3799991607666,16.079999923706055,16.25,1454700
2017-10-11,12.847928047180176,16.309999465942383,16.360000610351562,16.219999313354492,16.229999542236328,1211600
2017-10-12,12.950329780578613,16.440000534057617,16.450000762939453,16.270000457763672,16.299999237060547,1227100
2017-10-13,12.950329780578613,16.440000534057617,16.53499984741211,16.3700008392334,16.530000686645508,1384300
2017-10-16,12.966086387634277,16.459999084472656,16.479999542236328,16.329999923706055,16.459999084472656,1067900
2017-10-17,13.076372146606445,16.600000381469727,16.610000610351562,16.399999618530273,16.399999618530273,2580800
2017-10-18,12.997594833374023,16.5,16.610000610351562,16.3799991607666,16.520000457763672,1218200
2017-10-19,12.753398895263672,16.190000534057617,16.479999542236328,16.010000228881836,16.40999984741211,1553400
2017-10-20,12.564343452453613,15.949999809265137,16.209999084472656,15.880000114440918,16.209999084472656,756300
2017-10-23,12.548589706420898,15.930000305175781,16.049999237060547,15.850000381469727,16.020000457763672,604700
2017-10-24,12.548589706420898,15.930000305175781,15.9399995803833,15.845000267028809,15.90999984741211,1023200
2017-10-25,12.509202003479004,15.880000114440918,15.9399995803833,15.630000114440918,15.920000076293945,1137400
2017-10-26,12.524956703186035,15.899999618530273,15.920000076293945,15.800000190734863,15.920000076293945,687700
2017-10-27,12.53283405303955,15.90999984741211,15.960000038146973,15.800000190734863,15.920000076293945,730900
2017-10-30,12.446183204650879,15.800000190734863,15.90999984741211,15.710000038146973,15.869999885559082,906400
2017-10-31,12.540711402893066,15.920000076293945,16.030000686645508,15.699999809265137,15.819999694824219,2035500
2017-11-01,12.627361297607422,16.030000686645508,16.1200008392334,15.84000015258789,15.930000305175781,1145100
2017-11-02,12.595852851867676,15.989999771118164,16.110000610351562,15.920000076293945,16.0,860500
2017-11-03,12.485569953918457,15.850000381469727,16.010000228881836,15.670000076293945,15.899999618530273,2194700
2017-11-06,12.580098152160645,15.970000267028809,16.049999237060547,15.760000228881836,15.869999885559082,1306600
2017-11-07,12.548589706420898,15.930000305175781,16.34000015258789,15.59000015258789,15.59000015258789,1729600
2017-11-08,12.493447303771973,15.859999656677246,16.06999969482422,15.859999656677246,15.90999984741211,2246400
2017-11-09,12.595852851867676,15.989999771118164,16.030000686645508,15.710000038146973,15.850000381469727,1472900
2017-11-10,12.682504653930664,16.100000381469727,16.18000030517578,15.899999618530273,15.899999618530273,732000
2017-11-13,12.863683700561523,16.329999923706055,16.360000610351562,16.139999389648438,16.139999389648438,968600
2017-11-14,12.769150733947754,16.209999084472656,16.420000076293945,16.165000915527344,16.31999969482422,964100
2017-11-15,12.666749000549316,16.079999923706055,16.219999313354492,16.06999969482422,16.190000534057617,734000
2017-11-16,12.729767799377441,16.15999984741211,16.209999084472656,16.059999465942383,16.110000610351562,709900
2017-11-17,12.76127815246582,16.200000762939453,16.209999084472656,16.059999465942383,16.09000015258789,774700
2017-11-20,12.690378189086914,16.110000610351562,16.25,16.079999923706055,16.25,849200
2017-11-21,12.871559143066406,16.34000015258789,16.350000381469727,16.100000381469727,16.15999984741211,777500
2017-11-22,12.910945892333984,16.389999389648438,16.40999984741211,16.309999465942383,16.309999465942383,575000
2017-11-24,12.855801582336426,16.31999969482422,16.5,16.299999237060547,16.479999542236328,328200
2017-11-27,12.80066204071045,16.25,16.329999923706055,16.200000762939453,16.290000915527344,726400
2017-11-28,12.666749000549316,16.079999923706055,16.270000457763672,16.059999465942383,16.18000030517578,1184700
2017-11-29,12.619484901428223,16.020000457763672,16.110000610351562,15.9399995803833,16.100000381469727,1789700
2017-11-30,12.737646102905273,16.170000076293945,16.209999084472656,15.970000267028809,16.1200008392334,4145800
2017-12-01,12.753398895263672,16.190000534057617,16.299999237060547,16.09000015258789,16.25,1437700
2017-12-04,12.81641960144043,16.270000457763672,16.3700008392334,16.200000762939453,16.25,1153100
2017-12-05,12.572221755981445,15.960000038146973,16.34000015258789,15.930000305175781,16.280000686645508,1060000
2017-12-06,12.454061508178711,15.8100004196167,16.020000457763672,15.725000381469727,16.020000457763672,794500
2017-12-07,12.398918151855469,15.739999771118164,15.824999809265137,15.649999618530273,15.800000190734863,1554400
2017-12-08,12.398918151855469,15.739999771118164,15.850000381469727,15.609999656677246,15.850000381469727,1839800
2017-12-11,12.422552108764648,15.770000457763672,15.819999694824219,15.699999809265137,15.720000267028809,982900
2017-12-12,12.46193790435791,15.819999694824219,15.869999885559082,15.739999771118164,15.8100004196167,1171500
2017-12-13,12.485569953918457,15.850000381469727,15.90999984741211,15.779999732971191,15.819999694824219,815900
2017-12-14,12.469815254211426,15.829999923706055,15.920000076293945,15.800000190734863,15.880000114440918,1402300
2017-12-15,12.509202003479004,15.880000114440918,15.970000267028809,15.630000114440918,15.90999984741211,3281300
2017-12-18,12.635239601135254,16.040000915527344,16.149999618530273,15.930000305175781,15.930000305175781,1967500
2017-12-19,12.4067964553833,15.75,16.110000610351562,15.75,16.100000381469727,1581500
2017-12-20,12.225617408752441,15.520000457763672,15.819999694824219,15.489999771118164,15.75,1617300
2017-12-21,12.272882461547852,15.579999923706055,15.630000114440918,15.510000228881836,15.5600004196167,973300
2017-12-22,12.272882461547852,15.579999923706055,15.640000343322754,15.520000457763672,15.609999656677246,647600
2017-12-26,12.367409706115723,15.699999809265137,15.729999542236328,15.489999771118164,15.550000190734863,431600
2017-12-27,12.477688789367676,15.84000015258789,15.84000015258789,15.664999961853027,15.760000228881836,655300
2017-12-28,12.545053482055664,15.829999923706055,15.835000038146973,15.699999809265137,15.779999732971191,743000
2017-12-29,12.560904502868652,15.850000381469727,15.859999656677246,15.770000457763672,15.850000381469727,687100
2018-01-02,12.521279335021973,15.800000190734863,15.890000343322754,15.680000305175781,15.859999656677246,562600
2018-01-03,12.489579200744629,15.760000228881836,15.880000114440918,15.670000076293945,15.829999923706055,533100
2018-01-04,12.275609016418457,15.489999771118164,15.800000190734863,15.479999542236328,15.75,1066000
2018-01-05,12.331083297729492,15.5600004196167,15.609999656677246,15.449999809265137,15.529999732971191,1091900
2018-01-08,12.251835823059082,15.460000038146973,15.600000381469727,15.359999656677246,15.550000190734863,1335100
2018-01-09,12.17258358001709,15.359999656677246,15.529999732971191,15.270000457763672,15.479999542236328,1367700
2018-01-10,12.053714752197266,15.210000038146973,15.390000343322754,15.119999885559082,15.359999656677246,1019800
2018-01-11,12.006162643432617,15.149999618530273,15.300000190734863,15.100000381469727,15.300000190734863,814300
2018-01-12,12.014089584350586,15.15999984741211,15.170000076293945,15.029999732971191,15.15999984741211,1402300
2018-01-16,11.903139114379883,15.020000457763672,15.34000015258789,14.989999771118164,15.199999809265137,1333900
2018-01-17,11.958613395690918,15.09000015258789,15.109999656677246,14.890000343322754,15.109999656677246,1606600
2018-01-18,11.839741706848145,14.9399995803833,15.079999923706055,14.78499984741211,15.079999923706055,1491100
2018-01-19,11.823890686035156,14.920000076293945,14.989999771118164,14.819999694824219,14.920000076293945,745300
2018-01-22,11.958613395690918,15.09000015258789,15.100000381469727,14.829999923706055,14.899999618530273,584400
2018-01-23,12.093338966369629,15.260000228881836,15.270000457763672,15.100000381469727,15.140000343322754,850700
2018-01-24,11.998237609863281,15.140000343322754,15.3100004196167,15.050000190734863,15.260000228881836,599900
2018-01-25,11.942763328552246,15.069999694824219,15.175000190734863,14.949999809265137,15.130000114440918,1156400
2018-01-26,11.863517761230469,14.970000267028809,15.180000305175781,14.920000076293945,15.130000114440918,1070700
2018-01-29,11.768417358398438,14.850000381469727,14.949999809265137,14.8100004196167,14.930000305175781,643000
2018-01-30,11.657469749450684,14.710000038146973,14.859999656677246,14.710000038146973,14.75,955300
2018-01-31,11.911066055297852,15.029999732971191,15.029999732971191,14.619999885559082,14.75,1374900
2018-02-01,11.625770568847656,14.670000076293945,15.085000038146973,14.640000343322754,15.029999732971191,850000
2018-02-02,11.673319816589355,14.729999542236328,14.803000450134277,14.420000076293945,14.550000190734863,2091000
2018-02-05,11.245376586914062,14.1899995803833,14.680000305175781,14.175000190734863,14.640000343322754,2243500
2018-02-06,11.30085277557373,14.260000228881836,14.449999809265137,13.90999984741211,14.220000267028809,1911100
2018-02-07,11.30877685546875,14.270000457763672,14.4399995803833,14.199999809265137,14.229999542236328,1125400
2018-02-08,11.023482322692871,13.90999984741211,14.395000457763672,13.899999618530273,14.270000457763672,1516000
2018-02-09,11.26122760772705,14.210000038146973,14.3100004196167,13.760000228881836,14.010000228881836,1367600
2018-02-12,11.221602439880371,14.15999984741211,14.229999542236328,13.699999809265137,14.229999542236328,1320800
2018-02-13,11.253302574157715,14.199999809265137,14.244999885559082,13.994999885559082,14.15999984741211,730200
2018-02-14,11.292926788330078,14.25,14.270000457763672,13.890000343322754,14.0600004196167,1469300
2018-02-15,11.514820098876953,14.529999732971191,14.539999961853027,14.289999961853027,14.319999694824219,1151200
2018-02-16,11.332549095153809,14.300000190734863,14.645000457763672,14.270000457763672,14.5,1602200
2018-02-20,11.189905166625977,14.119999885559082,14.359999656677246,14.109999656677246,14.199999809265137,1239200
2018-02-21,11.05517864227295,13.949999809265137,14.229999542236328,13.949999809265137,14.130000114440918,1200600
2018-02-22,11.102730751037598,14.010000228881836,14.1899995803833,13.920000076293945,14.050000190734863,1353700
2018-02-23,11.372178077697754,14.350000381469727,14.359999656677246,14.055000305175781,14.09000015258789,760400
2018-02-26,11.324625968933105,14.289999961853027,14.40999984741211,14.239999771118164,14.40999984741211,1152000
2018-02-27,10.999707221984863,13.880000114440918,14.345000267028809,13.869999885559082,14.300000190734863,1192000
2018-02-28,11.05517864227295,13.949999809265137,14.104999542236328,13.890000343322754,13.960000038146973,1340200
2018-03-01,11.158204078674316,14.079999923706055,14.170000076293945,13.739999771118164,13.880000114440918,1340300
2018-03-02,11.189905166625977,14.119999885559082,14.130000114440918,13.829999923706055,14.050000190734863,720200
2018-03-05,11.142354011535645,14.0600004196167,14.270000457763672,13.920000076293945,13.920000076293945,1394800
2018-03-06,11.174055099487305,14.100000381469727,14.164999961853027,13.984999656677246,14.0600004196167,1351600
2018-03-07,11.372178077697754,14.350000381469727,14.350000381469727,14.0,14.0600004196167,1434100
2018-03-08,11.364249229431152,14.34000015258789,14.380000114440918,14.25,14.380000114440918,872600
2018-03-09,11.451422691345215,14.449999809265137,14.449999809265137,14.199999809265137,14.329999923706055,1046100
2018-03-12,11.586148262023926,14.619999885559082,14.619999885559082,14.350000381469727,14.430000305175781,3257800
2018-03-13,11.522746086120605,14.539999961853027,14.71500015258789,14.454999923706055,14.6899995803833,2196700
2018-03-14,11.475196838378906,14.479999542236328,14.609999656677246,14.399999618530273,14.579999923706055,773000
2018-03-15,11.475196838378906,14.479999542236328,14.555000305175781,14.420000076293945,14.529999732971191,725500
2018-03-16,11.609919548034668,14.649999618530273,14.680000305175781,14.380000114440918,14.470000267028809,1196000
2018-03-19,11.514820098876953,14.529999732971191,14.619999885559082,14.40999984741211,14.569999694824219,903700
2018-03-20,11.388026237487793,14.369999885559082,14.670000076293945,14.300000190734863,14.59000015258789,852400
2018-03-21,11.27707576751709,14.229999542236328,14.390000343322754,14.109999656677246,14.390000343322754,1080900
2018-03-22,11.197826385498047,14.130000114440918,14.375,14.119999885559082,14.170000076293945,1036000
2018-03-23,10.983857154846191,13.859999656677246,14.170000076293945,13.8100004196167,14.170000076293945,1301100
2018-03-26,11.078954696655273,13.979999542236328,14.0,13.850000381469727,13.989999771118164,985300
2018-03-27,11.15027904510498,14.069999694824219,14.279999732971191,13.789999961853027,13.960000038146973,1119300
2018-03-28,11.381746292114258,14.260000228881836,14.319999694824219,13.979999542236328,14.039999961853027,1025000
2018-03-29,11.365779876708984,14.239999771118164,14.350000381469727,14.140000343322754,14.260000228881836,859500
2018-04-02,11.333854675292969,14.199999809265137,14.300000190734863,14.09000015258789,14.229999542236328,1391300
2018-04-03,11.46155834197998,14.359999656677246,14.510000228881836,14.079999923706055,14.239999771118164,1521500
2018-04-04,11.421652793884277,14.3100004196167,14.475000381469727,14.199999809265137,14.260000228881836,1310400
2018-04-05,11.325872421264648,14.1899995803833,14.300000190734863,14.100000381469727,14.300000190734863,1413000
2018-04-06,11.158258438110352,13.979999542236328,14.289999961853027,13.960000038146973,14.170000076293945,1482600
2018-04-09,11.126333236694336,13.9399995803833,14.119999885559082,13.90999984741211,14.0,1504400
2018-04-10,11.190187454223633,14.020000457763672,14.109999656677246,13.930000305175781,14.010000228881836,895800
2018-04-11,11.230094909667969,14.069999694824219,14.180000305175781,13.890000343322754,13.970000267028809,843400
2018-04-12,11.214131355285645,14.050000190734863,14.079999923706055,13.859999656677246,14.079999923706055,1078000
2018-04-13,11.277984619140625,14.130000114440918,14.130000114440918,13.954999923706055,14.050000190734863,715900
2018-04-16,11.317891120910645,14.180000305175781,14.234999656677246,14.0600004196167,14.1899995803833,926200
2018-04-17,11.437615394592285,14.329999923706055,14.369999885559082,14.130000114440918,14.260000228881836,698500
2018-04-18,11.373763084411621,14.25,14.4399995803833,14.239999771118164,14.350000381469727,539200
2018-04-19,11.238076210021973,14.079999923706055,14.25,13.920000076293945,14.25,1062200
2018-04-20,11.15027904510498,13.970000267028809,14.140000343322754,13.90999984741211,14.119999885559082,1000100
2018-04-23,11.182204246520996,14.010000228881836,14.09000015258789,13.850000381469727,13.960000038146973,1185900
2018-04-24,11.206148147583008,14.039999961853027,14.119999885559082,13.90999984741211,14.0,1233600
2018-04-25,11.174222946166992,14.0,14.050000190734863,13.845000267028809,14.0,978500
2018-04-26,11.421652793884277,14.3100004196167,14.369999885559082,14.039999961853027,14.050000190734863,1382100
2018-04-27,11.637155532836914,14.579999923706055,14.670000076293945,14.239999771118164,14.270000457763672,1162400
2018-04-30,11.453577995300293,14.350000381469727,14.65999984741211,14.319999694824219,14.579999923706055,861100
2018-05-01,11.61320972442627,14.550000190734863,14.59000015258789,14.3100004196167,14.350000381469727,891800
2018-05-02,11.47752571105957,14.380000114440918,14.600000381469727,14.210000038146973,14.449999809265137,1117000
2018-05-03,11.764860153198242,14.739999771118164,14.805000305175781,14.279999732971191,14.279999732971191,1465900
2018-05-04,11.876605033874512,14.880000114440918,14.920000076293945,14.6899995803833,14.75,864200
2018-05-07,12.068161010742188,15.119999885559082,15.149999618530273,14.994999885559082,15.130000114440918,1170000
2018-05-08,11.932474136352539,14.949999809265137,15.149999618530273,14.9399995803833,15.149999618530273,1067900
2018-05-09,12.076141357421875,15.130000114440918,15.180000305175781,14.949999809265137,14.970000267028809,1446100
2018-05-10,12.108070373535156,15.170000076293945,15.220000267028809,15.109999656677246,15.1899995803833,837000
2018-05-11,12.139994621276855,15.210000038146973,15.380000114440918,15.1899995803833,15.220000267028809,2635100
2018-05-14,11.956416130065918,14.979999542236328,15.220000267028809,14.979999542236328,15.199999809265137,966000
2018-05-15,11.61320972442627,14.550000190734863,14.920000076293945,14.550000190734863,14.899999618530273,2109000
2018-05-16,11.549357414245605,14.470000267028809,14.640000343322754,14.4399995803833,14.600000381469727,1642900
2018-05-17,11.501468658447266,14.40999984741211,14.510000228881836,14.34000015258789,14.460000038146973,614900
2018-05-18,11.525412559509277,14.4399995803833,14.539999961853027,14.300000190734863,14.430000305175781,650100
2018-05-21,11.645135879516602,14.59000015258789,14.720000267028809,14.359999656677246,14.529999732971191,1427800
2018-05-22,11.677063941955566,14.630000114440918,14.789999961853027,14.520000457763672,14.609999656677246,2710300
2018-05-23,11.868621826171875,14.869999885559082,14.949999809265137,14.600000381469727,14.670000076293945,3099700
2018-05-24,11.796786308288574,14.779999732971191,14.90999984741211,14.729999542236328,14.890000343322754,1259500
2018-05-25,11.85265827178955,14.850000381469727,14.899999618530273,14.760000228881836,14.789999961853027,1070800
2018-05-29,11.884587287902832,14.890000343322754,14.899999618530273,14.720000267028809,14.800000190734863,1018900
2018-05-30,11.980364799499512,15.010000228881836,15.020000457763672,14.84000015258789,14.930000305175781,4904400
2018-05-31,11.988346099853516,15.020000457763672,15.130000114440918,14.9399995803833,15.0,1841900
2018-06-01,12.124032020568848,15.1899995803833,15.229999542236328,14.96500015258789,15.0,1920700
2018-06-04,12.124032020568848,15.1899995803833,15.25,15.024999618530273,15.239999771118164,2758800
2018-06-05,12.235773086547852,15.329999923706055,15.404999732971191,15.1899995803833,15.220000267028809,2739600
2018-06-06,12.235773086547852,15.329999923706055,15.399999618530273,15.289999961853027,15.329999923706055,1643900
2018-06-07,12.15595817565918,15.229999542236328,15.404999732971191,15.229999542236328,15.369999885559082,2136000
2018-06-08,12.15595817565918,15.229999542236328,15.289999961853027,15.180000305175781,15.180000305175781,1194700
2018-06-11,12.171921730041504,15.25,15.300000190734863,15.199999809265137,15.199999809265137,900600
2018-06-12,12.211833000183105,15.300000190734863,15.34000015258789,15.229999542236328,15.25,1002400
2018-06-13,11.972383499145508,15.0,15.319999694824219,14.949999809265137,15.300000190734863,1152500
2018-06-14,12.044217109680176,15.09000015258789,15.149999618530273,15.005000114440918,15.0600004196167,753200
2018-06-15,12.036234855651855,15.079999923706055,15.300000190734863,15.0600004196167,15.109999656677246,1399700
2018-06-18,12.108070373535156,15.170000076293945,15.229999542236328,15.029999732971191,15.039999961853027,1263100
2018-06-19,12.10008716583252,15.15999984741211,15.234999656677246,15.085000038146973,15.130000114440918,1346800
2018-06-20,12.267699241638184,15.369999885559082,15.399999618530273,15.1899995803833,15.199999809265137,1726600
2018-06-21,12.315590858459473,15.430000305175781,15.449999809265137,15.34000015258789,15.359999656677246,658100
2018-06-22,12.427332878112793,15.569999694824219,15.579999923706055,15.404999732971191,15.430000305175781,2053000
2018-06-25,12.363479614257812,15.489999771118164,15.609999656677246,15.300000190734863,15.609999656677246,1146500
2018-06-26,12.419350624084473,15.5600004196167,15.630000114440918,15.444999694824219,15.529999732971191,1252500
2018-06-27,12.243757247924805,15.34000015258789,15.569999694824219,15.34000015258789,15.5600004196167,1077900
2018-06-28,12.340165138244629,15.359999656677246,15.380000114440918,15.199999809265137,15.260000228881836,753200
2018-06-29,12.372302055358887,15.399999618530273,15.5,15.279999732971191,15.34000015258789,894800
2018-07-02,12.283924102783203,15.289999961853027,15.430000305175781,15.069999694824219,15.390000343322754,779400
2018-07-03,12.428537368774414,15.470000267028809,15.579999923706055,15.229999542236328,15.279999732971191,730000
2018-07-05,12.541011810302734,15.609999656677246,15.630000114440918,15.404999732971191,15.529999732971191,983800
2018-07-06,12.621352195739746,15.710000038146973,15.779999732971191,15.640000343322754,15.6899995803833,814300
2018-07-09,12.621352195739746,15.710000038146973,15.729999542236328,15.579999923706055,15.729999542236328,609900
2018-07-10,12.55708122253418,15.630000114440918,15.710000038146973,15.59000015258789,15.699999809265137,682000
2018-07-11,12.516911506652832,15.579999923706055,15.6850004196167,15.510000228881836,15.600000381469727,1038800
2018-07-12,12.549047470092773,15.619999885559082,15.65999984741211,15.510000228881836,15.569999694824219,640200
2018-07-13,12.549047470092773,15.619999885559082,15.739999771118164,15.579999923706055,15.609999656677246,519700
2018-07-16,12.492810249328613,15.550000190734863,15.640000343322754,15.475000381469727,15.579999923706055,1052000
2018-07-17,12.332131385803223,15.350000381469727,15.630000114440918,15.329999923706055,15.600000381469727,1117700
2018-07-18,12.27589225769043,15.279999732971191,15.430000305175781,15.199999809265137,15.380000114440918,970500
2018-07-19,12.42050552368164,15.460000038146973,15.569999694824219,15.25,15.34000015258789,1049100
2018-07-20,12.259822845458984,15.260000228881836,15.4399995803833,15.21500015258789,15.399999618530273,1024700
2018-07-23,12.283924102783203,15.289999961853027,15.420000076293945,15.104999542236328,15.260000228881836,731100
2018-07-24,12.251788139343262,15.25,15.3100004196167,15.199999809265137,15.300000190734863,1265300
2018-07-25,12.27589225769043,15.279999732971191,15.3100004196167,15.1850004196167,15.25,871300
2018-07-26,12.251788139343262,15.25,15.329999923706055,15.180000305175781,15.270000457763672,891300
2018-07-27,12.091111183166504,15.050000190734863,15.279999732971191,15.005000114440918,15.279999732971191,892500
2018-07-30,12.058976173400879,15.010000228881836,15.079999923706055,14.914999961853027,15.069999694824219,1638700
2018-07-31,12.404434204101562,15.4399995803833,15.449999809265137,14.949999809265137,15.079999923706055,1158400
2018-08-01,12.428537368774414,15.470000267028809,15.539999961853027,15.289999961853027,15.369999885559082,1602800
2018-08-02,12.23572063446045,15.229999542236328,15.5600004196167,15.0600004196167,15.0600004196167,1308500
2018-08-03,12.356231689453125,15.380000114440918,15.40999984741211,15.199999809265137,15.229999542236328,693900
2018-08-06,12.412468910217285,15.449999809265137,15.460000038146973,15.329999923706055,15.329999923706055,794800
2018-08-07,12.428537368774414,15.470000267028809,15.5,15.359999656677246,15.449999809265137,768800
2018-08-08,12.388367652893066,15.420000076293945,15.479999542236328,15.359999656677246,15.479999542236328,638600
2018-08-09,12.541011810302734,15.609999656677246,15.640000343322754,15.390000343322754,15.40999984741211,2772300
2018-08-10,12.460674285888672,15.510000228881836,15.729999542236328,15.489999771118164,15.550000190734863,1656300
2018-08-13,12.42050552368164,15.460000038146973,15.600000381469727,15.430000305175781,15.520000457763672,2021800
2018-08-14,12.484774589538574,15.539999961853027,15.619999885559082,15.460000038146973,15.460000038146973,1065700
2018-08-15,12.717761993408203,15.829999923706055,15.850000381469727,15.5649995803833,15.630000114440918,1632400
2018-08-16,12.790066719055176,15.920000076293945,15.949999809265137,15.770000457763672,15.800000190734863,1297400
2018-08-17,12.830235481262207,15.970000267028809,16.049999237060547,15.925000190734863,15.960000038146973,1147800
2018-08-20,12.806133270263672,15.9399995803833,16.049999237060547,15.920000076293945,16.040000915527344,1006900
2018-08-21,12.6052827835083,15.6899995803833,15.954999923706055,15.625,15.920000076293945,1527300
2018-08-22,12.541011810302734,15.609999656677246,15.720000267028809,15.569999694824219,15.649999618530273,871400
2018-08-23,12.549047470092773,15.619999885559082,15.710000038146973,15.460000038146973,15.550000190734863,1225300
2018-08-24,12.55708122253418,15.630000114440918,15.699999809265137,15.574999809265137,15.649999618530273,900500
2018-08-27,12.516911506652832,15.579999923706055,15.699999809265137,15.550000190734863,15.649999618530273,1699400
2018-08-28,12.613319396972656,15.699999809265137,15.729999542236328,15.5600004196167,15.579999923706055,2820100
2018-08-29,12.733830451965332,15.850000381469727,15.890000343322754,15.6899995803833,15.770000457763672,2222100
2018-08-30,12.725793838500977,15.84000015258789,15.920000076293945,15.789999961853027,15.890000343322754,1658200
2018-08-31,12.757929801940918,15.880000114440918,15.90999984741211,15.800000190734863,15.800000190734863,2254100
2018-09-04,12.541011810302734,15.609999656677246,15.899999618530273,15.579999923706055,15.869999885559082,1010100
2018-09-05,12.613319396972656,15.699999809265137,15.819999694824219,15.489999771118164,15.579999923706055,1525400
2018-09-06,12.621352195739746,15.710000038146973,15.84000015258789,15.699999809265137,15.760000228881836,1228200
2018-09-07,12.516911506652832,15.579999923706055,15.720000267028809,15.529999732971191,15.65999984741211,836800
2018-09-10,12.549047470092773,15.619999885559082,15.781000137329102,15.600000381469727,15.649999618530273,1702000
2018-09-11,12.55708122253418,15.630000114440918,15.704999923706055,15.510000228881836,15.529999732971191,1125800
2018-09-12,12.532979965209961,15.600000381469727,15.699999809265137,15.569999694824219,15.630000114440918,797600
2018-09-13,12.492810249328613,15.550000190734863,15.670000076293945,15.539999961853027,15.65999984741211,805900
2018-09-14,12.42050552368164,15.460000038146973,15.529999732971191,15.319999694824219,15.529999732971191,1097200
2018-09-17,12.55708122253418,15.630000114440918,15.630000114440918,15.40999984741211,15.449999809265137,1441300
2018-09-18,12.573148727416992,15.649999618530273,15.680000305175781,15.550000190734863,15.619999885559082,1336700
2018-09-19,12.299992561340332,15.3100004196167,15.699999809265137,15.289999961853027,15.65999984741211,1221500
2018-09-20,12.452640533447266,15.5,15.520000457763672,15.25,15.329999923706055,1458400
2018-09-21,12.492810249328613,15.550000190734863,15.670000076293945,15.399999618530273,15.489999771118164,2202700
2018-09-24,12.203585624694824,15.1899995803833,15.550000190734863,15.149999618530273,15.5,1160300
2018-09-25,12.179484367370605,15.15999984741211,15.274999618530273,15.135000228881836,15.210000038146973,1011900
2018-09-26,11.994704246520996,14.930000305175781,15.1850004196167,14.930000305175781,15.149999618530273,874300
2018-09-27,12.124113082885742,14.989999771118164,15.050000190734863,14.829999923706055,14.859999656677246,865900
2018-09-28,12.204998970031738,15.09000015258789,15.140000343322754,14.970000267028809,15.010000228881836,1967200
2018-10-01,12.132204055786133,15.0,15.15999984741211,14.989999771118164,15.109999656677246,1841900
2018-10-02,12.010880470275879,14.850000381469727,15.069999694824219,14.850000381469727,14.989999771118164,1501500
2018-10-03,11.921910285949707,14.739999771118164,14.920000076293945,14.720000267028809,14.800000190734863,2161200
2018-10-04,11.824851989746094,14.619999885559082,14.760000228881836,14.489999771118164,14.680000305175781,1950000
2018-10-05,11.832941055297852,14.630000114440918,14.720000267028809,14.569999694824219,14.630000114440918,1636100
2018-10-08,12.059408187866211,14.90999984741211,14.979999542236328,14.649999618530273,14.649999618530273,1541000
2018-10-09,12.010880470275879,14.850000381469727,14.96500015258789,14.770000457763672,14.899999618530273,2538700
2018-10-10,11.768237113952637,14.550000190734863,14.854999542236328,14.539999961853027,14.850000381469727,1991800
2018-10-11,11.43662166595459,14.140000343322754,14.585000038146973,14.119999885559082,14.550000190734863,1487100
2018-10-12,11.404268264770508,14.100000381469727,14.289999961853027,14.015000343322754,14.25,1258100
2018-10-15,11.525591850280762,14.25,14.364999771118164,14.079999923706055,14.079999923706055,1120000
2018-10-16,11.735883712768555,14.510000228881836,14.5649995803833,14.1899995803833,14.300000190734863,1513600
2018-10-17,11.719708442687988,14.489999771118164,14.569999694824219,14.430000305175781,14.520000457763672,1552700
2018-10-18,11.606471061706543,14.350000381469727,14.59000015258789,14.270000457763672,14.460000038146973,2709000
2018-10-19,11.6145601272583,14.359999656677246,14.4399995803833,14.289999961853027,14.359999656677246,1436300
2018-10-22,11.412358283996582,14.109999656677246,14.470000267028809,14.100000381469727,14.40999984741211,1288800
2018-10-23,11.460886001586914,14.170000076293945,14.25,13.944999694824219,13.960000038146973,1116200
2018-10-24,11.404268264770508,14.100000381469727,14.350000381469727,14.100000381469727,14.149999618530273,1486400
2018-10-25,11.460886001586914,14.170000076293945,14.319999694824219,14.029999732971191,14.140000343322754,5382800
2018-10-26,11.3800048828125,14.069999694824219,14.199999809265137,13.864999771118164,14.09000015258789,2798300
2018-10-29,11.525591850280762,14.25,14.4399995803833,14.170000076293945,14.1899995803833,2008300
2018-10-30,11.671178817749023,14.430000305175781,14.539999961853027,14.220000267028809,14.260000228881836,1878500
2018-10-31,11.557944297790527,14.289999961853027,14.640000343322754,14.260000228881836,14.489999771118164,3220100
2018-11-01,11.703531265258789,14.470000267028809,14.489999771118164,14.25,14.34000015258789,4501100
2018-11-02,11.493239402770996,14.210000038146973,14.5,14.140000343322754,14.5,1887100
2018-11-05,11.444710731506348,14.149999618530273,14.520000457763672,14.100000381469727,14.180000305175781,1626500
2018-11-06,11.590296745300293,14.329999923706055,14.510000228881836,14.199999809265137,14.199999809265137,1507500
2018-11-07,11.743973731994629,14.520000457763672,14.550000190734863,14.3100004196167,14.4399995803833,1561300
2018-11-08,11.760147094726562,14.539999961853027,14.569999694824219,14.420000076293945,14.470000267028809,667500
2018-11-09,11.711618423461914,14.479999542236328,14.569999694824219,14.34000015258789,14.539999961853027,1271800
2018-11-12,11.703531265258789,14.470000267028809,14.630000114440918,14.369999885559082,14.479999542236328,2253900
2018-11-13,11.776325225830078,14.5600004196167,14.65999984741211,14.430000305175781,14.489999771118164,1761300
2018-11-14,11.671178817749023,14.430000305175781,14.609999656677246,14.295000076293945,14.609999656677246,1499500
2018-11-15,11.525591850280762,14.25,14.319999694824219,13.984999656677246,14.319999694824219,1900800
2018-11-16,11.566032409667969,14.300000190734863,14.319999694824219,14.15999984741211,14.210000038146973,1266100
2018-11-19,11.50132942199707,14.220000267028809,14.460000038146973,14.119999885559082,14.289999961853027,2120700
2018-11-20,11.404268264770508,14.100000381469727,14.270000457763672,14.050000190734863,14.149999618530273,1343300
2018-11-21,11.43662166595459,14.140000343322754,14.319999694824219,14.0,14.109999656677246,5639700
2018-11-23,11.404268264770508,14.100000381469727,14.199999809265137,13.984999656677246,14.140000343322754,639300
2018-11-26,11.396183967590332,14.09000015258789,14.199999809265137,14.020000457763672,14.130000114440918,1281600
2018-11-27,11.355740547180176,14.039999961853027,14.114999771118164,13.984999656677246,14.100000381469727,1097900
2018-11-28,11.493239402770996,14.210000038146973,14.210000038146973,13.979999542236328,14.029999732971191,2136000
2018-11-29,11.412358283996582,14.109999656677246,14.239999771118164,14.069999694824219,14.1899995803833,1579700
2018-11-30,11.541768074035645,14.270000457763672,14.329999923706055,14.09000015258789,14.130000114440918,1851900
2018-12-03,11.68735408782959,14.449999809265137,14.460000038146973,14.270000457763672,14.369999885559082,1245000
2018-12-04,11.43662166595459,14.140000343322754,14.5,14.079999923706055,14.430000305175781,1258800
2018-12-06,11.703531265258789,14.470000267028809,14.479999542236328,13.789999961853027,14.010000228881836,2992800
2018-12-07,11.493239402770996,14.210000038146973,14.5,14.1899995803833,14.489999771118164,2737000
2018-12-10,11.404268264770508,14.100000381469727,14.229999542236328,13.920000076293945,14.229999542236328,1465600
2018-12-11,11.34765338897705,14.029999732971191,14.5,14.029999732971191,14.170000076293945,1215900
2018-12-12,11.105008125305176,13.729999542236328,14.199999809265137,13.729999542236328,14.140000343322754,1482400
2018-12-13,11.185891151428223,13.829999923706055,13.970000267028809,13.720000267028809,13.729999542236328,858000
2018-12-14,11.177801132202148,13.819999694824219,13.890000343322754,13.729999542236328,13.739999771118164,917300
2018-12-17,10.757219314575195,13.300000190734863,13.859999656677246,13.270000457763672,13.75,1595700
2018-12-18,10.773395538330078,13.319999694824219,13.430000305175781,13.204999923706055,13.329999923706055,1905500
2018-12-19,10.611632347106934,13.119999885559082,13.380000114440918,13.039999961853027,13.380000114440918,1856100
2018-12-20,10.34472370147705,12.789999961853027,13.15999984741211,12.720000267028809,13.069999694824219,1812300
2018-12-21,10.360902786254883,12.8100004196167,13.09000015258789,12.770000457763672,12.850000381469727,3948900
2018-12-24,9.948403358459473,12.300000190734863,12.84000015258789,12.300000190734863,12.789999961853027,893800
2018-12-26,10.280019760131836,12.710000038146973,12.770000457763672,12.192000389099121,12.380000114440918,1550600
2018-12-27,10.191049575805664,12.600000381469727,12.645000457763672,12.289999961853027,12.529999732971191,1705000
2018-12-28,10.231815338134766,12.550000190734863,12.699999809265137,12.425000190734863,12.59000015258789,1409000
2018-12-31,10.239965438842773,12.5600004196167,12.630000114440918,12.34000015258789,12.609999656677246,1161100
2019-01-02,9.995382308959961,12.260000228881836,12.420000076293945,12.180000305175781,12.420000076293945,900800
2019-01-03,10.027995109558105,12.300000190734863,12.489999771118164,12.1899995803833,12.239999771118164,1244800
2019-01-04,10.18289566040039,12.489999771118164,12.670000076293945,12.359999656677246,12.430000305175781,1513800
2019-01-07,10.321494102478027,12.65999984741211,12.789999961853027,12.520000457763672,12.520000457763672,674900
2019-01-08,10.696525573730469,13.119999885559082,13.119999885559082,12.710000038146973,12.739999771118164,1395900
2019-01-09,10.704678535461426,13.130000114440918,13.180000305175781,12.970000267028809,13.170000076293945,1034700
2019-01-10,10.794358253479004,13.239999771118164,13.350000381469727,13.079999923706055,13.09000015258789,1002700
2019-01-11,10.810664176940918,13.260000228881836,13.28499984741211,13.15999984741211,13.229999542236328,787500
2019-01-14,10.720982551574707,13.149999618530273,13.270000457763672,13.119999885559082,13.199999809265137,3502300
2019-01-15,10.908500671386719,13.380000114440918,13.390000343322754,13.135000228881836,13.180000305175781,840000
2019-01-16,10.998180389404297,13.489999771118164,13.489999771118164,13.329999923706055,13.380000114440918,1041100
2019-01-17,11.087861061096191,13.600000381469727,13.614999771118164,13.460000038146973,13.460000038146973,1144100
2019-01-18,11.19384765625,13.729999542236328,13.75,13.579999923706055,13.640000343322754,1063800
2019-01-22,11.136778831481934,13.65999984741211,13.779999732971191,13.550000190734863,13.680000305175781,667600
2019-01-23,11.014485359191895,13.510000228881836,13.704999923706055,13.399999618530273,13.680000305175781,3260700
2019-01-24,11.096014976501465,13.609999656677246,13.609999656677246,13.350000381469727,13.520000457763672,1484700
2019-01-25,11.381363868713379,13.960000038146973,13.960000038146973,13.630000114440918,13.680000305175781,1276000
2019-01-28,11.471046447753906,14.069999694824219,14.104999542236328,13.869999885559082,13.890000343322754,1204500
2019-01-29,11.5199613571167,14.130000114440918,14.140000343322754,14.029999732971191,14.09000015258789,584500
2019-01-30,11.658562660217285,14.300000190734863,14.34000015258789,14.130000114440918,14.15999984741211,935100
2019-01-31,11.805310249328613,14.479999542236328,14.479999542236328,14.149999618530273,14.300000190734863,1026700
2019-02-01,11.772700309753418,14.4399995803833,14.520000457763672,14.180000305175781,14.489999771118164,1106800
2019-02-04,11.952064514160156,14.65999984741211,14.65999984741211,14.369999885559082,14.430000305175781,1033800
2019-02-05,12.000978469848633,14.720000267028809,14.744999885559082,14.595000267028809,14.630000114440918,720900
2019-02-06,11.927603721618652,14.630000114440918,14.729999542236328,14.595000267028809,14.729999542236328,727100
2019-02-07,12.147730827331543,14.899999618530273,14.920000076293945,14.5600004196167,14.569999694824219,743000
2019-02-08,12.066202163696289,14.800000190734863,14.9399995803833,14.720000267028809,14.84000015258789,528000
2019-02-11,12.131426811218262,14.880000114440918,14.930000305175781,14.770000457763672,14.800000190734863,631500
2019-02-12,12.106966972351074,14.850000381469727,14.920000076293945,14.78499984741211,14.90999984741211,1017200
2019-02-13,12.164037704467773,14.920000076293945,15.029999732971191,14.760000228881836,14.819999694824219,991600
2019-02-14,11.854229927062988,14.539999961853027,14.880000114440918,14.5,14.880000114440918,1795400
2019-02-15,11.919450759887695,14.619999885559082,14.680000305175781,14.4399995803833,14.550000190734863,1190900
2019-02-19,12.00913143157959,14.729999542236328,14.789999961853027,14.539999961853027,14.539999961853027,1102500
2019-02-20,11.89499282836914,14.59000015258789,14.710000038146973,14.505000114440918,14.6899995803833,802700
2019-02-21,11.911297798156738,14.609999656677246,14.670000076293945,14.46500015258789,14.550000190734863,1003000
2019-02-22,11.984672546386719,14.699999809265137,14.75,14.609999656677246,14.670000076293945,603500
2019-02-25,11.862382888793945,14.550000190734863,14.720000267028809,14.529999732971191,14.699999809265137,676600
2019-02-26,11.731935501098633,14.390000343322754,14.5600004196167,14.390000343322754,14.539999961853027,1156800
2019-02-27,11.683016777038574,14.329999923706055,14.390000343322754,14.1899995803833,14.329999923706055,956000
2019-02-28,11.707477569580078,14.359999656677246,14.5,14.260000228881836,14.319999694824219,1912400
2019-03-01,11.642252922058105,14.279999732971191,14.369999885559082,14.119999885559082,14.359999656677246,1168000
2019-03-04,11.748241424560547,14.40999984741211,14.449999809265137,14.239999771118164,14.300000190734863,835000
2019-03-05,11.81346321105957,14.489999771118164,14.555000305175781,14.354999542236328,14.369999885559082,572800
2019-03-06,11.691171646118164,14.34000015258789,14.5,14.34000015258789,14.449999809265137,880500
2019-03-07,11.601490020751953,14.229999542236328,14.470000267028809,14.229999542236328,14.329999923706055,1534400
2019-03-08,11.625946998596191,14.260000228881836,14.270000457763672,14.130000114440918,14.170000076293945,770700
2019-03-11,11.731935501098633,14.390000343322754,14.420000076293945,14.229999542236328,14.380000114440918,836000
2019-03-12,11.789007186889648,14.460000038146973,14.529999732971191,14.329999923706055,14.420000076293945,831300
2019-03-13,11.797161102294922,14.470000267028809,14.710000038146973,14.454999923706055,14.710000038146973,959900
2019-03-14,11.89499282836914,14.59000015258789,14.649999618530273,14.444999694824219,14.449999809265137,1713400
2019-03-15,11.837922096252441,14.520000457763672,14.649999618530273,14.5,14.600000381469727,1895800
2019-03-18,11.707477569580078,14.359999656677246,14.619999885559082,14.300000190734863,14.510000228881836,837000
2019-03-19,11.544421195983887,14.15999984741211,14.399999618530273,14.125,14.369999885559082,880600
2019-03-20,11.552572250366211,14.170000076293945,14.300000190734863,14.029999732971191,14.119999885559082,631200
2019-03-21,11.764547348022461,14.430000305175781,14.46500015258789,14.100000381469727,14.100000381469727,843400
2019-03-22,11.593337059020996,14.220000267028809,14.484999656677246,14.220000267028809,14.399999618530273,679100
2019-03-25,11.462890625,14.0600004196167,14.220000267028809,14.050000190734863,14.199999809265137,1046600
2019-03-26,11.601490020751953,14.229999542236328,14.229999542236328,14.069999694824219,14.100000381469727,822300
2019-03-27,11.495506286621094,14.100000381469727,14.260000228881836,14.029999732971191,14.220000267028809,1489600
2019-03-28,11.585824966430664,14.109999656677246,14.119999885559082,14.0,14.039999961853027,1442500
2019-03-29,11.651514053344727,14.1899995803833,14.239999771118164,14.069999694824219,14.130000114440918,1662300
2019-04-01,11.766467094421387,14.329999923706055,14.359999656677246,14.055000305175781,14.359999656677246,1101200
2019-04-02,11.81573486328125,14.390000343322754,14.4399995803833,14.210000038146973,14.329999923706055,1015900
2019-04-03,11.848579406738281,14.430000305175781,14.520000457763672,14.359999656677246,14.40999984741211,628300
2019-04-04,11.889633178710938,14.479999542236328,14.5,14.300000190734863,14.399999618530273,925600
2019-04-05,11.848579406738281,14.430000305175781,14.510000228881836,14.319999694824219,14.470000267028809,1026500
2019-04-08,11.766467094421387,14.329999923706055,14.470000267028809,14.300000190734863,14.420000076293945,761400
2019-04-09,11.577616691589355,14.100000381469727,14.380000114440918,14.069999694824219,14.319999694824219,889200
2019-04-10,11.922478675842285,14.520000457763672,14.550000190734863,14.109999656677246,14.1899995803833,1419100
2019-04-11,11.873213768005371,14.460000038146973,14.59000015258789,14.390000343322754,14.550000190734863,610700
2019-04-12,11.963533401489258,14.569999694824219,14.579999923706055,14.34000015258789,14.489999771118164,579200
2019-04-15,11.807524681091309,14.380000114440918,14.609999656677246,14.319999694824219,14.600000381469727,716100
2019-04-16,11.577616691589355,14.100000381469727,14.350000381469727,13.949999809265137,14.34000015258789,1002400
2019-04-17,11.438027381896973,13.930000305175781,14.180000305175781,13.895000457763672,14.180000305175781,859800
2019-04-18,11.552982330322266,14.069999694824219,14.140000343322754,13.869999885559082,13.920000076293945,867000
2019-04-22,11.618668556213379,14.149999618530273,14.15999984741211,13.760000228881836,14.010000228881836,2117900
2019-04-23,11.90605640411377,14.5,14.550000190734863,14.029999732971191,14.140000343322754,2135800
2019-04-24,11.947113990783691,14.550000190734863,14.739999771118164,14.494999885559082,14.539999961853027,1061400
2019-04-25,11.799312591552734,14.369999885559082,14.539999961853027,14.319999694824219,14.470000267028809,1463200
2019-04-26,11.856790542602539,14.4399995803833,14.5,14.34000015258789,14.380000114440918,604600
2019-04-29,11.791102409362793,14.359999656677246,14.520000457763672,14.359999656677246,14.430000305175781,873600
2019-04-30,11.897845268249512,14.489999771118164,14.520000457763672,14.289999961853027,14.350000381469727,570600
2019-05-01,11.955327033996582,14.5600004196167,14.75,14.489999771118164,14.5600004196167,1023600
2019-05-02,11.897845268249512,14.489999771118164,15.020000457763672,14.369999885559082,14.739999771118164,1484900
2019-05-03,11.971746444702148,14.579999923706055,14.670000076293945,14.4399995803833,14.5600004196167,760400
2019-05-06,11.963533401489258,14.569999694824219,14.65999984741211,14.484999656677246,14.5,828000
2019-05-07,11.758258819580078,14.319999694824219,14.5600004196167,14.21500015258789,14.5,1143900
2019-05-08,11.750045776367188,14.3100004196167,14.479999542236328,14.305000305175781,14.350000381469727,1364000
2019-05-09,11.758258819580078,14.319999694824219,14.380000114440918,14.119999885559082,14.210000038146973,774900
2019-05-10,11.897845268249512,14.489999771118164,14.539999961853027,14.244999885559082,14.270000457763672,1087600
2019-05-13,11.807524681091309,14.380000114440918,14.494999885559082,14.300000190734863,14.350000381469727,978500
2019-05-14,11.955327033996582,14.5600004196167,14.609999656677246,14.390000343322754,14.399999618530273,1666200
2019-05-15,12.02922248840332,14.649999618530273,14.710000038146973,14.489999771118164,14.569999694824219,1370600
2019-05-16,12.004589080810547,14.619999885559082,14.789999961853027,14.59000015258789,14.6899995803833,1714500
2019-05-17,11.914271354675293,14.510000228881836,14.640000343322754,14.399999618530273,14.5600004196167,2080400
2019-05-20,11.70077896118164,14.25,14.460000038146973,14.170000076293945,14.380000114440918,906200
2019-05-21,11.741837501525879,14.300000190734863,14.420000076293945,14.255000114440918,14.359999656677246,1811100
2019-05-22,11.81573486328125,14.390000343322754,14.399999618530273,14.204999923706055,14.279999732971191,1445400
2019-05-23,11.708989143371582,14.260000228881836,14.329999923706055,14.180000305175781,14.289999961853027,1524400
2019-05-24,11.865001678466797,14.449999809265137,14.460000038146973,14.279999732971191,14.3100004196167,1287100
2019-05-28,11.865001678466797,14.449999809265137,14.59000015258789,14.399999618530273,14.510000228881836,3319500
2019-05-29,11.6925687789917,14.239999771118164,14.40999984741211,14.180000305175781,14.40999984741211,1810600
2019-05-30,11.676146507263184,14.220000267028809,14.444999694824219,14.210000038146973,14.279999732971191,1048400
2019-05-31,11.70077896118164,14.25,14.274999618530273,14.050000190734863,14.09000015258789,1087000
2019-06-03,11.577616691589355,14.100000381469727,14.3100004196167,14.045000076293945,14.279999732971191,1639400
2019-06-04,11.70077896118164,14.25,14.25,14.055000305175781,14.149999618530273,778100
2019-06-05,11.873213768005371,14.460000038146973,14.479999542236328,14.239999771118164,14.300000190734863,735600
2019-06-06,11.988166809082031,14.600000381469727,14.630000114440918,14.430000305175781,14.520000457763672,1065600
2019-06-07,12.045645713806152,14.670000076293945,14.770000457763672,14.600000381469727,14.65999984741211,920900
2019-06-10,11.996377944946289,14.609999656677246,14.710000038146973,14.5,14.699999809265137,885000
2019-06-11,11.97995662689209,14.59000015258789,14.670000076293945,14.449999809265137,14.649999618530273,1280000
2019-06-12,12.045645713806152,14.670000076293945,14.779999732971191,14.550000190734863,14.600000381469727,1492600
2019-06-13,12.160600662231445,14.8100004196167,14.84000015258789,14.649999618530273,14.699999809265137,1103100
2019-06-14,12.119545936584473,14.760000228881836,14.859999656677246,14.739999771118164,14.800000190734863,745500
2019-06-17,12.30840015411377,14.989999771118164,14.989999771118164,14.760000228881836,14.779999732971191,1429100
2019-06-18,12.144177436828613,14.789999961853027,15.109999656677246,14.760000228881836,15.100000381469727,1251100
2019-06-19,12.23449993133545,14.899999618530273,14.9350004196167,14.699999809265137,14.760000228881836,966700
2019-06-20,12.23449993133545,14.899999618530273,15.010000228881836,14.859999656677246,15.010000228881836,1044000
2019-06-21,12.02922248840332,14.649999618530273,14.84000015258789,14.595000267028809,14.84000015258789,1508100
2019-06-24,11.807524681091309,14.380000114440918,14.699999809265137,14.380000114440918,14.699999809265137,690300
2019-06-25,11.676146507263184,14.220000267028809,14.489999771118164,14.220000267028809,14.380000114440918,863900
2019-06-26,11.134217262268066,13.5600004196167,14.210000038146973,13.5600004196167,14.210000038146973,2370600
2019-06-27,11.307930946350098,13.670000076293945,13.760000228881836,13.529999732971191,13.529999732971191,1881000
2019-06-28,11.589180946350098,14.010000228881836,14.100000381469727,13.710000038146973,13.710000038146973,3383200
2019-07-01,11.53127384185791,13.9399995803833,14.09000015258789,13.720000267028809,14.079999923706055,1159200
2019-07-02,11.69671630859375,14.140000343322754,14.229999542236328,13.9399995803833,13.979999542236328,1029400
2019-07-03,11.721531867980957,14.170000076293945,14.270000457763672,14.130000114440918,14.149999618530273,618900
2019-07-05,11.762893676757812,14.220000267028809,14.270000457763672,13.9399995803833,14.0600004196167,764100
2019-07-08,11.74635124206543,14.199999809265137,14.239999771118164,14.145000457763672,14.180000305175781,855600
2019-07-09,11.804253578186035,14.270000457763672,14.279999732971191,14.09000015258789,14.1899995803833,733500
2019-07-10,11.886975288391113,14.369999885559082,14.420000076293945,14.210000038146973,14.300000190734863,1105100
2019-07-11,11.721531867980957,14.170000076293945,14.380000114440918,14.140000343322754,14.380000114440918,677800
2019-07-12,11.655357360839844,14.09000015258789,14.210000038146973,14.050000190734863,14.130000114440918,688300
2019-07-15,11.60572338104248,14.029999732971191,14.119999885559082,14.010000228881836,14.100000381469727,701000
2019-07-16,11.514731407165527,13.920000076293945,14.029999732971191,13.914999961853027,14.0,819600
2019-07-17,11.489917755126953,13.890000343322754,13.960000038146973,13.729999542236328,13.920000076293945,742200
2019-07-18,11.498188972473145,13.899999618530273,13.960000038146973,13.770000457763672,13.880000114440918,655500
2019-07-19,11.299656867980957,13.65999984741211,13.930000305175781,13.649999618530273,13.899999618530273,1232300
2019-07-22,11.192118644714355,13.529999732971191,13.720000267028809,13.520000457763672,13.699999809265137,1407900
2019-07-23,11.448554992675781,13.84000015258789,13.899999618530273,13.489999771118164,13.569999694824219,1539500
2019-07-24,11.489917755126953,13.890000343322754,14.010000228881836,13.8100004196167,13.84000015258789,767800
2019-07-25,11.448554992675781,13.84000015258789,13.920000076293945,13.729999542236328,13.869999885559082,1133300
2019-07-26,11.440281867980957,13.829999923706055,13.9399995803833,13.729999542236328,13.84000015258789,677100
2019-07-29,11.440281867980957,13.829999923706055,14.0,13.800000190734863,13.869999885559082,556600
2019-07-30,11.514731407165527,13.920000076293945,13.989999771118164,13.770000457763672,13.770000457763672,799800
2019-07-31,11.440281867980957,13.829999923706055,13.989999771118164,13.75,13.90999984741211,1397500
2019-08-01,11.266568183898926,13.619999885559082,14.279999732971191,13.619999885559082,14.010000228881836,1656400
2019-08-02,11.117671012878418,13.4399995803833,13.680000305175781,13.420000076293945,13.59000015258789,1671600
2019-08-05,10.828150749206543,13.09000015258789,13.34000015258789,12.899999618530273,13.34000015258789,1414100
2019-08-06,10.75369930267334,13.0,13.210000038146973,12.960000038146973,13.100000381469727,1722700
2019-08-07,10.778518676757812,13.029999732971191,13.154999732971191,12.770000457763672,12.90999984741211,1745600
2019-08-08,11.026678085327148,13.329999923706055,13.369999885559082,12.9350004196167,13.09000015258789,4359000
2019-08-09,10.977048873901367,13.270000457763672,13.300000190734863,13.130000114440918,13.239999771118164,1849100
2019-08-12,10.886054039001465,13.15999984741211,13.220000267028809,13.045000076293945,13.220000267028809,1426000
2019-08-13,10.877779960632324,13.149999618530273,13.255000114440918,13.0600004196167,13.100000381469727,1349600
2019-08-14,10.811603546142578,13.069999694824219,13.180000305175781,13.039999961853027,13.069999694824219,1569400
2019-08-15,10.894325256347656,13.170000076293945,13.300000190734863,13.09000015258789,13.119999885559082,1440500
2019-08-16,10.985320091247559,13.279999732971191,13.350000381469727,13.140000343322754,13.210000038146973,1023900
2019-08-19,11.018404960632324,13.319999694824219,13.395000457763672,13.3100004196167,13.380000114440918,606200
2019-08-20,10.886054039001465,13.15999984741211,13.350000381469727,13.140000343322754,13.319999694824219,767800
2019-08-21,10.803333282470703,13.0600004196167,13.178999900817871,12.9399995803833,13.170000076293945,2074200
2019-08-22,10.919144630432129,13.199999809265137,13.260000228881836,13.069999694824219,13.09000015258789,1391400
2019-08-23,10.720612525939941,12.960000038146973,13.289999961853027,12.960000038146973,13.170000076293945,1358000
2019-08-26,10.795062065124512,13.050000190734863,13.085000038146973,12.9399995803833,13.0600004196167,1146400
2019-08-27,10.745426177978516,12.989999771118164,13.15999984741211,12.970000267028809,13.130000114440918,1800800
2019-08-28,10.770240783691406,13.020000457763672,13.130000114440918,12.930000305175781,12.949999809265137,912900
2019-08-29,10.861238479614258,13.130000114440918,13.140000343322754,13.029999732971191,13.09000015258789,972000
2019-08-30,10.902597427368164,13.180000305175781,13.210000038146973,13.069999694824219,13.15999984741211,708300
2019-09-03,10.894325256347656,13.170000076293945,13.210000038146973,13.109999656677246,13.130000114440918,816000
2019-09-04,10.960503578186035,13.25,13.319999694824219,13.1899995803833,13.229999542236328,858300
2019-09-05,10.902597427368164,13.180000305175781,13.289999961853027,13.164999961853027,13.260000228881836,1237500
2019-09-06,10.935687065124512,13.220000267028809,13.270000457763672,13.1899995803833,13.210000038146973,766300
2019-09-09,11.092855453491211,13.40999984741211,13.40999984741211,13.100000381469727,13.1899995803833,1079700
2019-09-10,11.216938018798828,13.5600004196167,13.569999694824219,13.319999694824219,13.380000114440918,1664500
2019-09-11,11.299656867980957,13.65999984741211,13.6899995803833,13.5,13.569999694824219,1339300
2019-09-12,11.134214401245117,13.460000038146973,13.739999771118164,13.430000305175781,13.739999771118164,2389300
2019-09-13,11.001861572265625,13.300000190734863,13.569999694824219,13.279999732971191,13.460000038146973,1438300
2019-09-16,11.001861572265625,13.300000190734863,13.380000114440918,13.25,13.289999961853027,1167300
2019-09-17,10.894325256347656,13.170000076293945,13.319999694824219,13.109999656677246,13.3100004196167,1622500
2019-09-18,10.86950969696045,13.140000343322754,13.220000267028809,13.029999732971191,13.1899995803833,2533800
2019-09-19,10.919144630432129,13.199999809265137,13.255000114440918,13.154999732971191,13.239999771118164,1995500
2019-09-20,10.828150749206543,13.09000015258789,13.319999694824219,13.079999923706055,13.239999771118164,3131900
2019-09-23,10.977048873901367,13.270000457763672,13.3100004196167,13.020000457763672,13.020000457763672,2451900
2019-09-24,10.778518676757812,13.029999732971191,13.329999923706055,12.979999542236328,13.300000190734863,2411800
2019-09-25,10.84469223022461,13.109999656677246,13.1899995803833,12.970000267028809,13.0,4023200
2019-09-26,10.919144630432129,13.199999809265137,13.255000114440918,13.104999542236328,13.15999984741211,3407400
2019-09-27,11.11918830871582,13.34000015258789,13.369999885559082,13.104999542236328,13.130000114440918,2793500
2019-09-30,11.127522468566895,13.350000381469727,13.420000076293945,13.229999542236328,13.34000015258789,1250000
2019-10-01,10.844125747680664,13.010000228881836,13.380000114440918,12.970000267028809,13.34000015258789,1459600
2019-10-02,10.760770797729492,12.90999984741211,13.020000457763672,12.899999618530273,12.970000267028809,1765400
2019-10-03,10.86913013458252,13.039999961853027,13.069999694824219,12.84000015258789,12.90999984741211,1732700
2019-10-04,10.910807609558105,13.09000015258789,13.15999984741211,13.010000228881836,13.079999923706055,996300
2019-10-07,10.844125747680664,13.010000228881836,13.104999542236328,12.989999771118164,13.050000190734863,861600
2019-10-08,10.660751342773438,12.789999961853027,12.949999809265137,12.739999771118164,12.920000076293945,1360500
2019-10-09,10.685754776000977,12.819999694824219,12.880000114440918,12.744999885559082,12.84000015258789,984000
2019-10-10,10.569060325622559,12.680000305175781,12.859999656677246,12.645000457763672,12.850000381469727,1375800
2019-10-11,10.669085502624512,12.800000190734863,13.0,12.789999961853027,12.970000267028809,1955500
2019-10-14,10.660751342773438,12.789999961853027,12.869999885559082,12.699999809265137,12.84000015258789,1499300
2019-10-15,10.719096183776855,12.859999656677246,12.859999656677246,12.720000267028809,12.779999732971191,1593900
2019-10-16,10.685754776000977,12.819999694824219,12.920000076293945,12.75,12.8100004196167,2721400
2019-10-17,10.677419662475586,12.8100004196167,12.899999618530273,12.670000076293945,12.819999694824219,1803500
2019-10-18,10.685754776000977,12.819999694824219,12.829999923706055,12.664999961853027,12.789999961853027,1538200
2019-10-21,10.819120407104492,12.979999542236328,12.979999542236328,12.805000305175781,12.829999923706055,1191300
2019-10-22,10.927477836608887,13.109999656677246,13.125,12.869999885559082,13.0,1807400
2019-10-23,10.994158744812012,13.1899995803833,13.25,13.020000457763672,13.109999656677246,1765400
2019-10-24,10.977486610412598,13.170000076293945,13.220000267028809,13.09000015258789,13.220000267028809,2076800
2019-10-25,11.044170379638672,13.25,13.300000190734863,13.100000381469727,13.15999984741211,2511600
2019-10-28,11.052504539489746,13.260000228881836,13.300000190734863,13.1899995803833,13.239999771118164,1552300
2019-10-29,11.1525297164917,13.380000114440918,13.449999809265137,13.199999809265137,13.270000457763672,3123400
2019-10-30,11.38591480255127,13.65999984741211,13.65999984741211,13.329999923706055,13.40999984741211,1866200
2019-10-31,11.227544784545898,13.470000267028809,13.664999961853027,13.4399995803833,13.649999618530273,1957800
2019-11-01,11.269219398498535,13.520000457763672,13.529999732971191,13.329999923706055,13.470000267028809,1217200
2019-11-04,11.427590370178223,13.710000038146973,13.710000038146973,13.479999542236328,13.529999732971191,1866500
2019-11-05,11.160865783691406,13.390000343322754,13.744999885559082,13.359999656677246,13.6899995803833,1899100
2019-11-06,11.227544784545898,13.470000267028809,13.510000228881836,13.380000114440918,13.4399995803833,1178500
2019-11-07,11.48593807220459,13.779999732971191,13.84000015258789,13.479999542236328,13.529999732971191,1329600
2019-11-08,11.419255256652832,13.699999809265137,13.795000076293945,13.630000114440918,13.75,1860400
2019-11-11,11.444260597229004,13.729999542236328,13.770000457763672,13.583999633789062,13.65999984741211,1718200
2019-11-12,11.227544784545898,13.470000267028809,13.739999771118164,13.430000305175781,13.680000305175781,1240600
2019-11-13,11.235881805419922,13.479999542236328,13.539999961853027,13.40999984741211,13.479999542236328,1190300
2019-11-14,11.310896873474121,13.569999694824219,13.609999656677246,13.460000038146973,13.489999771118164,951900
2019-11-15,11.310896873474121,13.569999694824219,13.65999984741211,13.539999961853027,13.600000381469727,810100
2019-11-18,11.319231033325195,13.579999923706055,13.675000190734863,13.5600004196167,13.579999923706055,706000
2019-11-19,11.352575302124023,13.619999885559082,13.694999694824219,13.524999618530273,13.619999885559082,1497100
2019-11-20,11.269219398498535,13.520000457763672,13.6899995803833,13.454999923706055,13.59000015258789,1138400
2019-11-21,11.1525297164917,13.380000114440918,13.619999885559082,13.329999923706055,13.510000228881836,1553900
2019-11-22,11.244217872619629,13.489999771118164,13.510000228881836,13.199999809265137,13.420000076293945,1477000
2019-11-25,11.194204330444336,13.430000305175781,13.609999656677246,13.414999961853027,13.539999961853027,863200
2019-11-26,11.28589153289795,13.539999961853027,13.609999656677246,13.430000305175781,13.4399995803833,1101400
2019-11-27,11.269219398498535,13.520000457763672,13.604999542236328,13.484999656677246,13.529999732971191,1884300
2019-11-29,11.327568054199219,13.59000015258789,13.725000381469727,13.569999694824219,13.569999694824219,802000
2019-12-02,11.177533149719238,13.40999984741211,13.579999923706055,13.329999923706055,13.569999694824219,1410200
2019-12-03,11.369245529174805,13.640000343322754,13.649999618530273,13.329999923706055,13.390000343322754,1402800
2019-12-04,11.502608299255371,13.800000190734863,13.880000114440918,13.619999885559082,13.619999885559082,1893300
2019-12-05,11.460930824279785,13.75,13.8100004196167,13.670000076293945,13.789999961853027,825200
2019-12-06,11.502608299255371,13.800000190734863,13.944999694824219,13.770000457763672,13.770000457763672,686200
2019-12-09,11.61096477508545,13.930000305175781,13.949999809265137,13.789999961853027,13.819999694824219,1053100
2019-12-10,11.602629661560059,13.920000076293945,13.989999771118164,13.869999885559082,13.930000305175781,1075000
2019-12-11,11.444260597229004,13.729999542236328,13.970000267028809,13.720000267028809,13.90999984741211,1696700
2019-12-12,11.294228553771973,13.550000190734863,13.770000457763672,13.494999885559082,13.720000267028809,2068300
2019-12-13,11.302563667297363,13.5600004196167,13.630000114440918,13.40999984741211,13.609999656677246,1550500
2019-12-16,11.244217872619629,13.489999771118164,13.619999885559082,13.420000076293945,13.619999885559082,1379300
2019-12-17,11.244217872619629,13.489999771118164,13.550000190734863,13.40999984741211,13.529999732971191,1360300
2019-12-18,11.369245529174805,13.640000343322754,13.720000267028809,13.449999809265137,13.479999542236328,978500
2019-12-19,11.4776029586792,13.770000457763672,13.8100004196167,13.609999656677246,13.630000114440918,1004800
2019-12-20,11.510944366455078,13.8100004196167,13.899999618530273,13.729999542236328,13.8100004196167,2095800
2019-12-23,11.510944366455078,13.8100004196167,13.920000076293945,13.699999809265137,13.84000015258789,607300
2019-12-24,11.544281959533691,13.850000381469727,13.899999618530273,13.770000457763672,13.819999694824219,230400
2019-12-26,11.569291114807129,13.880000114440918,13.9399995803833,13.800000190734863,13.880000114440918,419600
2019-12-27,11.61929988861084,13.9399995803833,13.960000038146973,13.835000038146973,13.899999618530273,577000
2019-12-30,11.585719108581543,13.800000190734863,13.930000305175781,13.75,13.84000015258789,949000
2019-12-31,11.686463356018066,13.920000076293945,13.9399995803833,13.789999961853027,13.819999694824219,1881000
2020-01-02,11.459785461425781,13.649999618530273,13.979999542236328,13.5600004196167,13.979999542236328,1056200
2020-01-03,11.568927764892578,13.779999732971191,13.819999694824219,13.524999618530273,13.579999923706055,1885900
2020-01-06,11.65288257598877,13.880000114440918,13.989999771118164,13.739999771118164,13.90999984741211,2537000
2020-01-07,11.518555641174316,13.720000267028809,13.880000114440918,13.649999618530273,13.84000015258789,1320100
2020-01-08,11.568927764892578,13.779999732971191,13.800000190734863,13.619999885559082,13.720000267028809,1365600
2020-01-09,11.568927764892578,13.779999732971191,13.84000015258789,13.680000305175781,13.779999732971191,2097000
2020-01-10,11.669673919677734,13.899999618530273,13.920000076293945,13.729999542236328,13.819999694824219,1232300
2020-01-13,11.745232582092285,13.989999771118164,14.020000457763672,13.845000267028809,13.949999809265137,3125300
2020-01-14,11.669673919677734,13.899999618530273,14.010000228881836,13.8100004196167,14.0,1546700
2020-01-15,11.787210464477539,14.039999961853027,14.069999694824219,13.899999618530273,13.930000305175781,1555500
2020-01-16,11.87116527557373,14.140000343322754,14.170000076293945,14.020000457763672,14.079999923706055,638000
2020-01-17,11.79560661315918,14.050000190734863,14.170000076293945,14.0,14.130000114440918,1513700
2020-01-21,11.837583541870117,14.100000381469727,14.149999618530273,13.989999771118164,14.039999961853027,1615600
2020-01-22,11.812396049499512,14.069999694824219,14.145000457763672,14.029999732971191,14.119999885559082,2269200
2020-01-23,11.938328742980957,14.220000267028809,14.260000228881836,14.0600004196167,14.09000015258789,1473200
2020-01-24,11.904746055603027,14.180000305175781,14.25,14.069999694824219,14.25,1567200
2020-01-27,11.829185485839844,14.09000015258789,14.140000343322754,14.029999732971191,14.09000015258789,1361300
2020-01-28,11.862768173217773,14.130000114440918,14.239999771118164,14.050000190734863,14.100000381469727,1123500
2020-01-29,11.862768173217773,14.130000114440918,14.210000038146973,14.0,14.0,1090800
2020-01-30,11.921539306640625,14.199999809265137,14.210000038146973,14.100000381469727,14.100000381469727,1040800
2020-01-31,11.80400276184082,14.0600004196167,14.350000381469727,14.045000076293945,14.3100004196167,1568500
2020-02-03,11.845974922180176,14.109999656677246,14.229999542236328,14.069999694824219,14.09000015258789,909100
2020-02-04,11.963513374328613,14.25,14.274999618530273,14.085000038146973,14.170000076293945,1132200
2020-02-05,11.997095108032227,14.289999961853027,14.420000076293945,14.270000457763672,14.279999732971191,1068200
2020-02-06,12.047469139099121,14.350000381469727,14.399999618530273,14.225000381469727,14.34000015258789,1875700
2020-02-07,12.047469139099121,14.350000381469727,14.380000114440918,14.239999771118164,14.34000015258789,1585200
2020-02-10,12.072656631469727,14.380000114440918,14.425000190734863,14.319999694824219,14.399999618530273,927000
2020-02-11,12.114632606506348,14.430000305175781,14.479999542236328,14.380000114440918,14.380000114440918,1220600
2020-02-12,12.215378761291504,14.550000190734863,14.600000381469727,14.430000305175781,14.460000038146973,1414000
2020-02-13,12.349703788757324,14.710000038146973,15.0,14.40999984741211,14.619999885559082,1673100
2020-02-14,12.458844184875488,14.84000015258789,14.84000015258789,14.65999984741211,14.680000305175781,1210900
2020-02-18,12.316123962402344,14.670000076293945,14.850000381469727,14.640000343322754,14.829999923706055,2241400
2020-02-19,11.971908569335938,14.260000228881836,14.699999809265137,14.229999542236328,14.680000305175781,2262500
2020-02-20,12.148216247558594,14.470000267028809,14.470000267028809,14.130000114440918,14.220000267028809,2212900
2020-02-21,12.148216247558594,14.470000267028809,14.5,14.399999618530273,14.4399995803833,1261600
2020-02-24,11.997095108032227,14.289999961853027,14.380000114440918,14.220000267028809,14.260000228881836,1355800
2020-02-25,11.409412384033203,13.59000015258789,14.319999694824219,13.569999694824219,14.319999694824219,2401900
2020-02-26,11.157550811767578,13.289999961853027,13.710000038146973,13.229999542236328,13.59000015258789,2638600
2020-02-27,10.502706527709961,12.510000228881836,13.1899995803833,12.510000228881836,13.100000381469727,3931400
2020-02-28,10.200469970703125,12.149999618530273,12.479999542236328,11.880000114440918,12.210000038146973,4194200
2020-03-02,10.452333450317383,12.449999809265137,12.460000038146973,12.010000228881836,12.220000267028809,3235700
2020-03-03,10.326401710510254,12.300000190734863,12.75,12.149999618530273,12.420000076293945,2973500
2020-03-04,10.511100769042969,12.520000457763672,12.704999923706055,12.430000305175781,12.479999542236328,2931300
2020-03-05,10.158493041992188,12.100000381469727,12.420000076293945,11.96500015258789,12.300000190734863,2180100
2020-03-06,9.940211296081543,11.84000015258789,11.949999809265137,11.539999961853027,11.779999732971191,2036200
2020-03-09,8.88238525390625,10.579999923706055,11.369999885559082,10.579999923706055,11.369999885559082,2687000
2020-03-10,9.21820068359375,10.979999542236328,10.989999771118164,10.25,10.869999885559082,1675200
2020-03-11,8.47940444946289,10.100000381469727,10.720000267028809,10.069999694824219,10.670000076293945,3375500
2020-03-12,7.681834697723389,9.149999618530273,9.78499984741211,9.09000015258789,9.380000114440918,3157600
2020-03-13,8.151978492736816,9.710000038146973,9.789999961853027,8.989999771118164,9.75,3523400
2020-03-16,6.632405757904053,7.900000095367432,8.869999885559082,7.889999866485596,8.75,3018700
2020-03-17,6.7415452003479,8.029999732971191,8.350000381469727,7.659999847412109,8.050000190734863,4351200
2020-03-18,5.69211483001709,6.78000020980835,7.789999961853027,6.630000114440918,7.570000171661377,2777500
2020-03-19,6.002746105194092,7.150000095367432,7.590000152587891,6.420000076293945,6.679999828338623,2809400
2020-03-20,5.759277820587158,6.860000133514404,7.610000133514404,6.78000020980835,7.260000228881836,5130900
2020-03-23,5.675323009490967,6.760000228881836,6.869999885559082,6.449999809265137,6.869999885559082,3842400
2020-03-24,6.254609107971191,7.449999809265137,7.514999866485596,6.940000057220459,7.139999866485596,3048900
2020-03-25,6.77512788772583,8.069999694824219,8.319999694824219,7.349999904632568,7.489999771118164,5129800
2020-03-26,7.38799524307251,8.800000190734863,9.020000457763672,8.0,8.210000038146973,3911300
2020-03-27,7.555904865264893,9.0,9.229999542236328,8.270000457763672,8.399999618530273,3770200
2020-03-30,7.496476173400879,8.829999923706055,9.020000457763672,8.4399995803833,8.960000038146973,3541400
2020-03-31,7.471006870269775,8.800000190734863,8.9399995803833,8.520000457763672,8.800000190734863,3436800
2020-04-01,6.978600025177002,8.220000267028809,8.489999771118164,7.860000133514404,8.279999732971191,2566400
2020-04-02,6.834272384643555,8.050000190734863,8.4399995803833,7.940000057220459,8.260000228881836,4287700
2020-04-03,6.834272384643555,8.050000190734863,8.140000343322754,7.800000190734863,7.929999828338623,3849100
2020-04-06,7.471006870269775,8.800000190734863,9.055000305175781,8.3100004196167,8.449999809265137,3115800
2020-04-07,7.7681474685668945,9.149999618530273,9.649999618530273,9.050000190734863,9.3100004196167,2233700
2020-04-08,8.073779106140137,9.510000228881836,9.675000190734863,9.15999984741211,9.289999961853027,2619400
2020-04-09,8.498268127441406,10.010000228881836,10.380000114440918,9.600000381469727,9.829999923706055,2280100
2020-04-13,8.218107223510742,9.680000305175781,10.050000190734863,9.569999694824219,10.0,1798500
2020-04-14,8.235087394714355,9.699999809265137,10.079999923706055,9.6899995803833,9.859999656677246,1101000
2020-04-15,7.954924583435059,9.369999885559082,9.460000038146973,9.15999984741211,9.329999923706055,1305300
2020-04-16,7.632312297821045,8.989999771118164,9.489999771118164,8.949999809265137,9.390000343322754,1495800
2020-04-17,7.759660720825195,9.140000343322754,9.430000305175781,9.050000190734863,9.369999885559082,1736600
2020-04-20,7.250272750854492,8.539999961853027,9.045000076293945,8.529999732971191,8.930000305175781,2114200
2020-04-21,7.097455978393555,8.359999656677246,8.670000076293945,8.180000305175781,8.229999542236328,4131000
2020-04-22,7.122923851013184,8.390000343322754,8.609999656677246,8.359999656677246,8.609999656677246,1483600
2020-04-23,7.139904022216797,8.40999984741211,8.5,8.319999694824219,8.420000076293945,1980100
2020-04-24,7.097455978393555,8.359999656677246,8.520000457763672,8.15999984741211,8.470000267028809,1882400
2020-04-27,7.41157865524292,8.729999542236328,8.779999732971191,8.359999656677246,8.449999809265137,1530800
2020-04-28,7.6238203048706055,8.979999542236328,9.199999809265137,8.899999618530273,8.979999542236328,1150500
2020-04-29,8.294513702392578,9.770000457763672,9.854999542236328,9.3100004196167,9.3100004196167,2035000
2020-04-30,8.19263744354248,9.649999618530273,9.6899995803833,9.350000381469727,9.65999984741211,1709500
2020-05-01,7.598353862762451,8.949999809265137,9.350000381469727,8.869999885559082,9.34000015258789,1291000
2020-05-04,7.284230709075928,8.579999923706055,8.819999694824219,8.460000038146973,8.75,3099700
2020-05-05,7.318191051483154,8.619999885559082,9.039999961853027,8.585000038146973,8.84000015258789,816800
2020-05-06,6.995577812194824,8.239999771118164,8.619999885559082,8.229999542236328,8.5600004196167,1046800
2020-05-07,7.216313362121582,8.5,8.670000076293945,8.329999923706055,8.329999923706055,1653300
2020-05-08,7.513454914093018,8.850000381469727,8.899999618530273,8.649999618530273,8.680000305175781,1067900
2020-05-11,7.3436598777771,8.649999618530273,8.729999542236328,8.350000381469727,8.710000038146973,1501500
2020-05-12,6.927660942077637,8.15999984741211,8.720000267028809,8.149999618530273,8.6899995803833,1734900
2020-05-13,6.22300910949707,7.329999923706055,8.09000015258789,7.28000020980835,8.039999961853027,1837400
2020-05-14,6.384314060211182,7.519999980926514,7.610000133514404,6.949999809265137,7.260000228881836,1786400
2020-05-15,6.273947238922119,7.389999866485596,7.574999809265137,7.239999771118164,7.440000057220459,1584800
2020-05-18,6.7493743896484375,7.949999809265137,8.09000015258789,7.679999828338623,7.710000038146973,1523800
2020-05-19,6.571089267730713,7.739999771118164,7.960000038146973,7.675000190734863,7.869999885559082,1141800
2020-05-20,6.596559047698975,7.769999980926514,7.864999771118164,7.610000133514404,7.840000152587891,1376300
2020-05-21,6.639008045196533,7.820000171661377,7.949999809265137,7.699999809265137,7.699999809265137,1212000
2020-05-22,6.324885368347168,7.449999809265137,7.84499979019165,7.385000228881836,7.829999923706055,926500
2020-05-26,6.910679817199707,8.140000343322754,8.180000305175781,7.760000228881836,7.789999961853027,2205100
2020-05-27,7.173863410949707,8.449999809265137,8.520000457763672,8.149999618530273,8.5,1845100
2020-05-28,6.944639682769775,8.180000305175781,8.6850004196167,8.079999923706055,8.489999771118164,2699700
2020-05-29,6.545619010925293,7.710000038146973,8.039999961853027,7.659999847412109,8.020000457763672,1904400
2020-06-01,6.825782775878906,8.039999961853027,8.09000015258789,7.659999847412109,7.699999809265137,2084000
2020-06-02,7.0040693283081055,8.25,8.420000076293945,8.09000015258789,8.15999984741211,3908100
2020-06-03,7.471006870269775,8.800000190734863,8.989999771118164,8.350000381469727,8.40999984741211,1384900
2020-06-04,7.487985134124756,8.819999694824219,8.850000381469727,8.40999984741211,8.75,2135300
2020-06-05,7.819086074829102,9.210000038146973,9.5600004196167,9.0600004196167,9.239999771118164,2924300
2020-06-08,8.30300521850586,9.779999732971191,9.779999732971191,9.4399995803833,9.520000457763672,1597900
2020-06-09,7.836066722869873,9.229999542236328,9.539999961853027,9.135000228881836,9.420000076293945,2163800
2020-06-10,7.216313362121582,8.5,9.210000038146973,8.5,9.15999984741211,2643400
2020-06-11,6.494680881500244,7.650000095367432,8.199999809265137,7.599999904632568,8.199999809265137,2023000
2020-06-12,6.825782775878906,8.039999961853027,8.109999656677246,7.630000114440918,8.010000228881836,2767300
2020-06-15,6.800313472747803,8.010000228881836,8.109999656677246,7.539999961853027,7.590000152587891,1711800
2020-06-16,7.216313362121582,8.5,8.640000343322754,8.210000038146973,8.449999809265137,1941300
2020-06-17,6.927660942077637,8.15999984741211,8.529999732971191,8.050000190734863,8.529999732971191,2143500
2020-06-18,6.876722812652588,8.100000381469727,8.21500015258789,7.894999980926514,7.989999771118164,1973100
2020-06-19,6.672966957092285,7.860000133514404,8.25,7.849999904632568,8.15999984741211,6466400
2020-06-22,6.825782775878906,8.039999961853027,8.0600004196167,7.699999809265137,7.849999904632568,1904500
2020-06-23,6.876722812652588,8.100000381469727,8.220000267028809,7.869999885559082,8.170000076293945,1685500
2020-06-24,6.537130355834961,7.699999809265137,7.929999828338623,7.519999980926514,7.929999828338623,2250600
2020-06-25,6.6559882164001465,7.840000152587891,7.840000152587891,7.510000228881836,7.639999866485596,1659300
2020-06-26,6.469211578369141,7.619999885559082,7.869999885559082,7.570000171661377,7.769999980926514,2332700
2020-06-29,6.641265869140625,7.71999979019165,7.804999828338623,7.525000095367432,7.650000095367432,1698700
2020-06-30,6.632662296295166,7.710000038146973,7.869999885559082,7.514999866485596,7.659999847412109,1971100
2020-07-01,6.624059677124023,7.699999809265137,7.960000038146973,7.639999866485596,7.730000019073486,2096400
2020-07-02,6.538033962249756,7.599999904632568,7.989999771118164,7.550000190734863,7.909999847412109,2109400
2020-07-06,6.581047058105469,7.650000095367432,7.869999885559082,7.465000152587891,7.829999923706055,2866400
2020-07-07,6.150913715362549,7.150000095367432,7.550000190734863,7.139999866485596,7.519999980926514,1638100
2020-07-08,6.133707523345947,7.130000114440918,7.360000133514404,7.050000190734863,7.139999866485596,1500900
2020-07-09,6.013269424438477,6.989999771118164,7.099999904632568,6.900000095367432,7.059999942779541,2334200
2020-07-10,6.25414514541626,7.269999980926514,7.28000020980835,6.940000057220459,6.940000057220459,1186700
2020-07-13,6.340171813964844,7.369999885559082,7.554999828338623,7.179999828338623,7.340000152587891,1941200
2020-07-14,6.3229660987854,7.349999904632568,7.550000190734863,7.244999885559082,7.369999885559082,1020300
2020-07-15,6.477814674377441,7.53000020980835,7.684999942779541,7.385000228881836,7.550000190734863,1344100
2020-07-16,6.279954433441162,7.300000190734863,7.494999885559082,7.230000019073486,7.429999828338623,1224400
2020-07-17,6.262747287750244,7.28000020980835,7.380000114440918,7.159999847412109,7.329999923706055,1303000
2020-07-20,6.030477046966553,7.010000228881836,7.21999979019165,6.96999979019165,7.070000171661377,1985000
2020-07-21,6.082091808319092,7.070000171661377,7.21999979019165,7.0,7.050000190734863,1230200
2020-07-22,6.245543003082275,7.260000228881836,7.269999980926514,6.956999778747559,7.010000228881836,2293400
2020-07-23,6.236939430236816,7.25,7.300000190734863,7.110000133514404,7.260000228881836,956800
2020-07-24,5.996065139770508,6.96999979019165,7.300000190734863,6.949999809265137,7.239999771118164,1668900
2020-07-27,6.021873474121094,7.0,7.010000228881836,6.735000133514404,6.929999828338623,1910900
2020-07-28,6.262747287750244,7.28000020980835,7.320000171661377,6.934999942779541,7.0,2603100
2020-07-29,6.30576229095459,7.329999923706055,7.360000133514404,7.039999961853027,7.309999942779541,1301100
2020-07-30,6.176721096038818,7.179999828338623,7.304999828338623,7.019999980926514,7.190000057220459,1775200
2020-07-31,6.133707523345947,7.130000114440918,7.190000057220459,6.934999942779541,7.190000057220459,1408700
2020-08-03,5.9530510902404785,6.920000076293945,7.079999923706055,6.809999942779541,7.079999923706055,1955000
2020-08-04,6.133707523345947,7.130000114440918,7.159999847412109,6.90500020980835,6.940000057220459,1880000
2020-08-05,6.030477046966553,7.010000228881836,7.260000228881836,6.96999979019165,7.190000057220459,1060300
2020-08-06,6.150913715362549,7.150000095367432,7.224999904632568,6.980000019073486,6.980000019073486,1722800
2020-08-07,6.3229660987854,7.349999904632568,7.364999771118164,7.050000190734863,7.079999923706055,1735200
2020-08-10,6.503623008728027,7.559999942779541,7.625,7.360000133514404,7.400000095367432,2172600
2020-08-11,6.469211101531982,7.519999980926514,7.84499979019165,7.485000133514404,7.699999809265137,1510900
2020-08-12,6.460609436035156,7.510000228881836,7.659999847412109,7.369999885559082,7.590000152587891,1443800
2020-08-13,6.288556098937988,7.309999942779541,7.525000095367432,7.28000020980835,7.440000057220459,1594800
2020-08-14,6.271349906921387,7.289999961853027,7.454999923706055,7.25,7.269999980926514,1542400
2020-08-17,6.262747287750244,7.28000020980835,7.320000171661377,7.164999961853027,7.25,1691500
2020-08-18,6.1251044273376465,7.119999885559082,7.304999828338623,7.039999961853027,7.25,1380500
2020-08-19,5.9788594245910645,6.949999809265137,7.159999847412109,6.949999809265137,7.119999885559082,2053100
2020-08-20,6.142310619354248,7.139999866485596,7.159999847412109,6.849999904632568,6.869999885559082,1625500
2020-08-21,6.236939430236816,7.25,7.289999961853027,7.110000133514404,7.119999885559082,2415600
2020-08-24,6.538033962249756,7.599999904632568,7.614999771118164,7.190000057220459,7.25,2254500
2020-08-25,6.60685396194458,7.679999828338623,7.739999771118164,7.570000171661377,7.630000114440918,2574900
2020-08-26,6.391788482666016,7.429999828338623,7.739999771118164,7.385000228881836,7.639999866485596,3221500
2020-08-27,6.477814674377441,7.53000020980835,7.78000020980835,7.409999847412109,7.420000076293945,4202100
2020-08-28,6.443404197692871,7.489999771118164,7.679999828338623,7.409999847412109,7.53000020980835,2234000
2020-08-31,6.36598014831543,7.400000095367432,7.489999771118164,7.324999809265137,7.460000038146973,3088400
2020-09-01,6.25414514541626,7.269999980926514,7.409999847412109,7.230000019073486,7.309999942779541,2411800
2020-09-02,6.30576229095459,7.329999923706055,7.335000038146973,7.135000228881836,7.260000228881836,1981700
2020-09-03,6.357376575469971,7.389999866485596,7.635000228881836,7.335000038146973,7.360000133514404,2152900
2020-09-04,6.486416816711426,7.539999961853027,7.559999942779541,7.275000095367432,7.489999771118164,1985400
2020-09-08,6.36598014831543,7.400000095367432,7.5,7.264999866485596,7.5,3125300
2020-09-09,6.30576229095459,7.329999923706055,7.489999771118164,7.264999866485596,7.429999828338623,3120900
2020-09-10,6.150913715362549,7.150000095367432,7.329999923706055,7.130000114440918,7.300000190734863,3147100
2020-09-11,6.056283473968506,7.039999961853027,7.150000095367432,6.764999866485596,7.139999866485596,5760300
2020-09-14,6.30576229095459,7.329999923706055,7.375,7.0,7.090000152587891,3159700
2020-09-15,6.5208282470703125,7.579999923706055,7.659999847412109,7.329999923706055,7.329999923706055,2694200
2020-09-16,6.787511348724365,7.889999866485596,7.909999847412109,7.505000114440918,7.610000133514404,3222100
2020-09-17,6.581047058105469,7.650000095367432,7.800000190734863,7.599999904632568,7.800000190734863,2585800
2020-09-18,6.417595863342285,7.460000038146973,7.684999942779541,7.385000228881836,7.679999828338623,7359000
2020-09-21,6.090693950653076,7.079999923706055,7.28000020980835,6.954999923706055,7.28000020980835,5176600
2020-09-22,6.030477046966553,7.010000228881836,7.289999961853027,7.005000114440918,7.099999904632568,3072700
2020-09-23,5.841216087341309,6.789999961853027,7.119999885559082,6.690000057220459,6.989999771118164,4646100
2020-09-24,5.93584680557251,6.900000095367432,7.025000095367432,6.684999942779541,6.760000228881836,2995300
2020-09-25,6.064886569976807,7.050000190734863,7.059999942779541,6.769999980926514,6.849999904632568,1810900
2020-09-28,6.176721096038818,7.179999828338623,7.409999847412109,7.175000190734863,7.190000057220459,2787800
2020-09-29,6.089478015899658,6.980000019073486,7.110000133514404,6.824999809265137,7.099999904632568,1980600
2020-09-30,6.176721096038818,7.079999923706055,7.190000057220459,6.940000057220459,6.989999771118164,2331000
2020-10-01,6.298858642578125,7.21999979019165,7.21999979019165,7.03000020980835,7.119999885559082,1887200
2020-10-02,6.473342418670654,7.420000076293945,7.440000057220459,7.0,7.03000020980835,1412700
2020-10-05,6.499515533447266,7.449999809265137,7.550000190734863,7.25,7.550000190734863,2798800
2020-10-06,6.386102199554443,7.320000171661377,7.519999980926514,7.260000228881836,7.510000228881836,2825000
2020-10-07,6.377377510070801,7.309999942779541,7.440000057220459,7.230000019073486,7.360000133514404,1638800
2020-10-08,6.569308757781982,7.53000020980835,7.53000020980835,7.300000190734863,7.400000095367432,2472100
2020-10-09,6.482067108154297,7.429999828338623,7.639999866485596,7.360000133514404,7.579999923706055,1441700
2020-10-12,6.4907917976379395,7.440000057220459,7.480000019073486,7.340000152587891,7.409999847412109,1496400
2020-10-13,6.098202705383301,6.989999771118164,7.360000133514404,6.940000057220459,7.349999904632568,2007700
2020-10-14,5.976064682006836,6.849999904632568,7.0,6.795000076293945,6.860000133514404,2192700
2020-10-15,6.002237319946289,6.880000114440918,6.900000095367432,6.724999904632568,6.760000228881836,1531500
2020-10-16,5.871374607086182,6.730000019073486,6.880000114440918,6.670000076293945,6.860000133514404,1609800
2020-10-19,5.705615520477295,6.539999961853027,6.715000152587891,6.449999809265137,6.489999771118164,2499900
2020-10-20,5.696892261505127,6.53000020980835,6.730000019073486,6.510000228881836,6.599999904632568,2132500
2020-10-21,5.557303428649902,6.369999885559082,6.610000133514404,6.329999923706055,6.510000228881836,4759100
2020-10-22,5.653270721435547,6.480000019073486,6.510000228881836,6.300000190734863,6.349999904632568,3339900
2020-10-23,5.661993503570557,6.489999771118164,6.619999885559082,6.389999866485596,6.539999961853027,1639100
2020-10-26,5.382820129394531,6.170000076293945,6.480000019073486,6.114999771118164,6.409999847412109,2112700
2020-10-27,5.164715766906738,5.920000076293945,6.230000019073486,5.889999866485596,6.150000095367432,1966100
2020-10-28,4.97278356552124,5.699999809265137,5.800000190734863,5.635000228881836,5.730000019073486,2708500
2020-10-29,4.990232467651367,5.71999979019165,5.849999904632568,5.539999961853027,5.670000076293945,1707100
2020-10-30,5.042577266693115,5.78000020980835,5.789999961853027,5.630000114440918,5.679999828338623,2092500
2020-11-02,5.3130269050598145,6.090000152587891,6.099999904632568,5.760000228881836,5.900000095367432,2416300
2020-11-03,5.522407054901123,6.329999923706055,6.414999961853027,6.079999923706055,6.170000076293945,2399900
2020-11-04,5.278130054473877,6.050000190734863,6.300000190734863,6.03000020980835,6.300000190734863,3644800
2020-11-05,5.417717456817627,6.210000038146973,6.324999809265137,6.090000152587891,6.110000133514404,2512100
2020-11-06,5.217061996459961,5.980000019073486,6.320000171661377,5.929999828338623,6.25,2744300
2020-11-09,6.586757659912109,7.550000190734863,7.699999809265137,6.820000171661377,6.820000171661377,5132700
2020-11-10,6.883380889892578,7.889999866485596,7.929999828338623,7.53000020980835,7.590000152587891,5526100
2020-11-11,6.647825717926025,7.619999885559082,7.980000019073486,7.539999961853027,7.940000057220459,2424400
2020-11-12,6.473342418670654,7.420000076293945,7.679999828338623,7.309999942779541,7.519999980926514,1960700
2020-11-13,6.813587188720703,7.809999942779541,7.849999904632568,7.46999979019165,7.46999979019165,4081400
2020-11-16,7.2323479652404785,8.289999961853027,8.479999542236328,8.069999694824219,8.270000457763672,4741200
2020-11-17,8.226903915405273,9.430000305175781,9.75,8.800000190734863,9.604000091552734,11491100
2020-11-18,8.226903915405273,9.430000305175781,9.680000305175781,9.399999618530273,9.65999984741211,4460700
2020-11-19,8.497352600097656,9.739999771118164,9.75,9.239999771118164,9.359999656677246,4117900
2020-11-20,8.462455749511719,9.699999809265137,9.755000114440918,9.539999961853027,9.649999618530273,3295200
2020-11-23,8.63693904876709,9.899999618530273,9.920000076293945,9.71500015258789,9.800000190734863,3883100
2020-11-24,8.741631507873535,10.020000457763672,10.359999656677246,9.899999618530273,9.989999771118164,6186200
2020-11-25,8.63693904876709,9.899999618530273,9.989999771118164,9.779999732971191,9.930000305175781,2973400
2020-11-27,8.610767364501953,9.869999885559082,10.02299976348877,9.8100004196167,9.9399995803833,1504300
2020-11-30,8.069867134094238,9.25,9.949999809265137,9.244999885559082,9.850000381469727,3492200
2020-12-01,8.200730323791504,9.399999618530273,9.609999656677246,9.260000228881836,9.479999542236328,4195100
2020-12-02,8.270524024963379,9.479999542236328,9.569999694824219,9.279999732971191,9.380000114440918,2355400
2020-12-03,8.28797435760498,9.5,9.630000114440918,9.414999961853027,9.550000190734863,2340000
2020-12-04,8.436285018920898,9.670000076293945,9.819999694824219,9.59000015258789,9.630000114440918,2897200
2020-12-07,8.270524024963379,9.479999542236328,9.604999542236328,9.4350004196167,9.579999923706055,1960200
2020-12-08,8.139663696289062,9.329999923706055,9.548999786376953,9.3100004196167,9.399999618530273,978900
2020-12-09,8.183283805847168,9.380000114440918,9.425000190734863,9.220000267028809,9.40999984741211,1578500
2020-12-10,8.183283805847168,9.380000114440918,9.390000343322754,8.880000114440918,8.880000114440918,2125700
2020-12-11,8.008798599243164,9.180000305175781,9.414999961853027,9.15999984741211,9.25,1599100
2020-12-14,8.017522811889648,9.1899995803833,9.84000015258789,9.180000305175781,9.8100004196167,2536900
2020-12-15,8.253077507019043,9.460000038146973,9.460000038146973,9.119999885559082,9.199999809265137,1587700
2020-12-16,8.096040725708008,9.279999732971191,9.5,9.180000305175781,9.5,1865900
2020-12-17,8.078592300415039,9.260000228881836,9.329999923706055,9.15999984741211,9.329999923706055,2047100
2020-12-18,7.9302802085876465,9.09000015258789,9.329999923706055,8.9399995803833,9.229999542236328,2989400
2020-12-21,7.816868782043457,8.960000038146973,9.069999694824219,8.760000228881836,8.930000305175781,2631400
2020-12-22,7.755797863006592,8.890000343322754,9.015000343322754,8.84000015258789,8.979999542236328,1308400
2020-12-23,7.799420356750488,8.9399995803833,9.085000038146973,8.875,8.899999618530273,1053600
2020-12-24,7.781970500946045,8.920000076293945,9.029999732971191,8.835000038146973,8.979999542236328,621900
2020-12-28,7.904109477996826,9.0600004196167,9.100000381469727,8.930000305175781,8.9399995803833,1281300
2020-12-29,7.808143615722656,8.949999809265137,9.15999984741211,8.8100004196167,9.119999885559082,1364700
2020-12-30,7.931244373321533,9.020000457763672,9.020000457763672,8.8149995803833,8.84000015258789,3556700
2020-12-31,7.948829174041748,9.039999961853027,9.079999923706055,8.835000038146973,9.050000190734863,1462700
2021-01-04,7.75538444519043,8.819999694824219,9.145000457763672,8.795000076293945,9.079999923706055,1409600
2021-01-05,7.632284164428711,8.680000305175781,8.960000038146973,8.649999618530273,8.819999694824219,2081100
2021-01-06,7.852108001708984,8.930000305175781,9.015000343322754,8.710000038146973,8.770000457763672,1400700
2021-01-07,7.667455196380615,8.720000267028809,8.989999771118164,8.619999885559082,8.960000038146973,1180700
2021-01-08,7.685041427612305,8.739999771118164,8.755000114440918,8.585000038146973,8.75,896900
2021-01-11,7.588320732116699,8.630000114440918,8.760000228881836,8.510000228881836,8.65999984741211,849000
2021-01-12,7.632284164428711,8.680000305175781,8.710000038146973,8.5649995803833,8.670000076293945,712400
2021-01-13,7.7905592918396,8.859999656677246,8.875,8.6899995803833,8.6899995803833,663400
2021-01-14,7.922450542449951,9.010000228881836,9.1899995803833,8.859999656677246,8.930000305175781,2132000
2021-01-15,8.019172668457031,9.119999885559082,9.170000076293945,8.890000343322754,9.029999732971191,728600
2021-01-19,8.010380744934082,9.109999656677246,9.300000190734863,9.050000190734863,9.229999542236328,1684700
2021-01-20,8.045551300048828,9.149999618530273,9.255000114440918,9.0,9.100000381469727,852400
2021-01-21,7.948829174041748,9.039999961853027,9.109999656677246,8.8149995803833,9.109999656677246,871300
2021-01-22,7.9136576652526855,9.0,9.010000228881836,8.84000015258789,8.979999542236328,640200
2021-01-25,7.984002113342285,9.079999923706055,9.197999954223633,8.765000343322754,8.899999618530273,1079100
2021-01-26,7.95762300491333,9.050000190734863,9.274999618530273,8.949999809265137,9.119999885559082,822800
2021-01-27,7.729007720947266,8.789999961853027,9.170000076293945,8.789999961853027,8.9399995803833,1166000
2021-01-28,7.9048638343811035,8.989999771118164,9.079999923706055,8.789999961853027,8.819999694824219,1739900
2021-01-29,7.816936016082764,8.890000343322754,9.109999656677246,8.779999732971191,8.899999618530273,1139500
2021-02-01,7.869693756103516,8.949999809265137,9.0,8.710000038146973,8.930000305175781,916200
2021-02-02,7.825728416442871,8.899999618530273,9.0,8.770000457763672,9.0,1183900
2021-02-03,7.799350261688232,8.869999885559082,8.920000076293945,8.699999809265137,8.869999885559082,663300
2021-02-04,7.9048638343811035,8.989999771118164,9.149999618530273,8.920000076293945,8.920000076293945,765600
2021-02-05,7.95762300491333,9.050000190734863,9.079999923706055,8.949999809265137,9.079999923706055,792800
2021-02-08,8.05434513092041,9.15999984741211,9.678999900817871,9.09000015258789,9.59000015258789,1380900
2021-02-09,8.071930885314941,9.180000305175781,9.239999771118164,9.0600004196167,9.199999809265137,748000
2021-02-10,8.027968406677246,9.130000114440918,9.414999961853027,9.119999885559082,9.25,1109100
2021-02-11,8.089516639709473,9.199999809265137,9.489999771118164,9.020000457763672,9.479999542236328,1022100
2021-02-12,7.922450542449951,9.010000228881836,9.199999809265137,9.0,9.130000114440918,1006000
2021-02-16,7.948829174041748,9.039999961853027,9.140000343322754,8.960000038146973,9.0600004196167,1692400
2021-02-17,7.9048638343811035,8.989999771118164,9.079999923706055,8.869999885559082,9.0600004196167,786100
2021-02-18,7.781764030456543,8.850000381469727,9.0,8.800000190734863,8.920000076293945,908600
2021-02-19,7.7905592918396,8.859999656677246,8.925000190734863,8.770000457763672,8.84000015258789,643800
2021-02-22,8.230204582214355,9.359999656677246,9.430000305175781,8.84000015258789,8.869999885559082,1877000
2021-02-23,8.353306770324707,9.5,9.600000381469727,9.350000381469727,9.420000076293945,2555900
2021-02-24,8.537958145141602,9.710000038146973,9.819999694824219,9.529999732971191,9.539999961853027,3457900
2021-02-25,8.291755676269531,9.430000305175781,9.8149995803833,9.319999694824219,9.699999809265137,2661400
2021-02-26,8.151067733764648,9.270000457763672,9.420000076293945,9.130000114440918,9.34000015258789,2773400
2021-03-01,8.669853210449219,9.859999656677246,9.970000267028809,9.510000228881836,9.510000228881836,4091900
2021-03-02,8.467616081237793,9.630000114440918,9.895000457763672,9.475000381469727,9.850000381469727,2463800
2021-03-03,8.58192253112793,9.760000228881836,9.888999938964844,9.640000343322754,9.649999618530273,2518800
2021-03-04,8.397273063659668,9.550000190734863,9.9350004196167,9.390000343322754,9.779999732971191,2507200
2021-03-05,8.52037239074707,9.6899995803833,9.699999809265137,9.319999694824219,9.619999885559082,1637800
2021-03-08,8.68743896484375,9.880000114440918,10.0,9.609999656677246,9.770000457763672,2388300
2021-03-09,8.52916431427002,9.699999809265137,9.960000038146973,9.675000190734863,9.90999984741211,1817000
2021-03-10,8.696231842041016,9.890000343322754,9.944999694824219,9.710000038146973,9.770000457763672,3289100
2021-03-11,8.942434310913086,10.170000076293945,10.229999542236328,9.8100004196167,9.90999984741211,1823000
2021-03-12,9.065537452697754,10.3100004196167,10.53499984741211,10.149999618530273,10.149999618530273,2380900
2021-03-15,9.047950744628906,10.289999961853027,10.399999618530273,10.050000190734863,10.300000190734863,1336700
2021-03-16,8.916056632995605,10.140000343322754,10.279999732971191,10.010000228881836,10.279999732971191,735600
2021-03-17,8.968812942504883,10.199999809265137,10.210000038146973,10.020000457763672,10.149999618530273,864100
2021-03-18,9.10949993133545,10.359999656677246,10.529999732971191,10.260000228881836,10.260000228881836,2500500
2021-03-19,8.951228141784668,10.180000305175781,10.5600004196167,10.180000305175781,10.5,2356500
2021-03-22,8.766575813293457,9.970000267028809,10.199999809265137,9.930999755859375,10.180000305175781,1507000
2021-03-23,8.634679794311523,9.819999694824219,10.050000190734863,9.710000038146973,9.899999618530273,1375800
2021-03-24,8.546751976013184,9.720000267028809,10.0600004196167,9.710000038146973,9.850000381469727,1727900
2021-03-25,8.722610473632812,9.920000076293945,9.949999809265137,9.460000038146973,9.710000038146973,1631600
2021-03-26,8.960020065307617,10.1899995803833,10.319999694824219,9.970000267028809,9.979999542236328,1921600
2021-03-29,8.924846649169922,10.149999618530273,10.350000381469727,10.029999732971191,10.180000305175781,1466600
2021-03-30,9.172760009765625,10.359999656677246,10.4399995803833,10.09000015258789,10.100000381469727,2032200
2021-03-31,8.96911907196045,10.130000114440918,10.359999656677246,10.0600004196167,10.300000190734863,2673400
2021-04-01,9.225883483886719,10.420000076293945,10.420000076293945,10.100000381469727,10.1899995803833,1229400
2021-04-05,8.977973937988281,10.140000343322754,10.539999961853027,10.074999809265137,10.489999771118164,3171800
2021-04-06,9.110783576965332,10.289999961853027,10.295000076293945,10.119999885559082,10.15999984741211,2175400
2021-04-07,9.199324607849121,10.390000343322754,10.40999984741211,10.079999923706055,10.270000457763672,2629400
2021-04-08,9.208174705505371,10.399999618530273,10.479999542236328,10.279999732971191,10.329999923706055,1540600
2021-04-09,9.172760009765625,10.359999656677246,10.4399995803833,10.34000015258789,10.390000343322754,736000
2021-04-12,9.2435941696167,10.4399995803833,10.46500015258789,10.329999923706055,10.350000381469727,1702000
2021-04-13,9.172760009765625,10.359999656677246,10.470000267028809,10.279999732971191,10.470000267028809,1293400
2021-04-14,9.314425468444824,10.520000457763672,10.595000267028809,10.380000114440918,10.399999618530273,3126900
2021-04-15,9.287862777709961,10.489999771118164,10.550000190734863,10.300000190734863,10.550000190734863,1319600
2021-04-16,9.447235107421875,10.670000076293945,10.720000267028809,10.470000267028809,10.5600004196167,1850900
2021-04-19,9.43838119506836,10.65999984741211,10.670000076293945,10.529999732971191,10.640000343322754,1876500
2021-04-20,9.155054092407227,10.34000015258789,10.65999984741211,10.260000228881836,10.59000015258789,1749200
2021-04-21,9.2435941696167,10.4399995803833,10.53499984741211,10.270000457763672,10.319999694824219,2288400
2021-04-22,8.924846649169922,10.079999923706055,10.479999542236328,10.069999694824219,10.479999542236328,1827600
2021-04-23,8.995680809020996,10.15999984741211,10.239999771118164,10.09000015258789,10.149999618530273,1206300
2021-04-26,9.1019287109375,10.279999732971191,10.40999984741211,10.15999984741211,10.229999542236328,1400700
2021-04-27,9.190468788146973,10.380000114440918,10.385000228881836,10.244999885559082,10.34000015258789,1045100
2021-04-28,9.23473834991455,10.430000305175781,10.4399995803833,10.3100004196167,10.399999618530273,2050800
2021-04-29,9.279007911682129,10.479999542236328,10.699999809265137,10.3100004196167,10.369999885559082,1207200
2021-04-30,9.394110679626465,10.609999656677246,10.670000076293945,10.420000076293945,10.460000038146973,2160900
2021-05-03,9.376402854919434,10.59000015258789,10.760000228881836,10.545000076293945,10.6899995803833,1114400
2021-05-04,9.40296459197998,10.619999885559082,10.774999618530273,10.550000190734863,10.619999885559082,1398000
2021-05-05,9.12849235534668,10.3100004196167,10.600000381469727,10.21500015258789,10.550000190734863,1205600
2021-05-06,9.411819458007812,10.630000114440918,10.640000343322754,10.260000228881836,10.34000015258789,1182800
2021-05-07,9.394110679626465,10.609999656677246,10.649999618530273,10.5,10.5600004196167,961000
2021-05-10,9.385257720947266,10.600000381469727,10.869999885559082,10.579999923706055,10.6899995803833,771500
2021-05-11,9.137344360351562,10.319999694824219,10.494999885559082,10.220000267028809,10.479999542236328,1271100
2021-05-12,8.986824989318848,10.149999618530273,10.4399995803833,10.079999923706055,10.3100004196167,994000
2021-05-13,9.057656288146973,10.229999542236328,10.289999961853027,10.109999656677246,10.15999984741211,1130200
2021-05-14,9.163907051086426,10.350000381469727,10.369999885559082,10.25,10.34000015258789,1781600
2021-05-17,9.314425468444824,10.520000457763672,10.529999732971191,10.210000038146973,10.270000457763672,838300
2021-05-18,9.394110679626465,10.609999656677246,10.649999618530273,10.399999618530273,10.510000228881836,1291700
2021-05-19,9.305570602416992,10.510000228881836,10.510000228881836,10.265000343322754,10.5,2265000
2021-05-20,9.447235107421875,10.670000076293945,10.675000190734863,10.390000343322754,10.520000457763672,1328700
2021-05-21,9.58004379272461,10.819999694824219,10.899999618530273,10.720000267028809,10.729999542236328,944200
2021-05-24,9.6597318649292,10.90999984741211,10.9350004196167,10.720000267028809,10.75,1935000
2021-05-25,9.562337875366211,10.800000190734863,10.9399995803833,10.739999771118164,10.890000343322754,1733600
2021-05-26,9.68629264831543,10.9399995803833,11.029999732971191,10.729999542236328,10.819999694824219,1280300
2021-05-27,9.606606483459473,10.850000381469727,11.050000190734863,10.850000381469727,11.050000190734863,2226000
2021-05-28,9.721707344055176,10.979999542236328,11.010000228881836,10.8100004196167,10.859999656677246,1742200
2021-06-01,10.146702766418457,11.460000038146973,11.470000267028809,11.039999961853027,11.079999923706055,3919000
2021-06-02,10.084724426269531,11.390000343322754,11.550000190734863,11.34000015258789,11.5,2482900
2021-06-03,10.120141983032227,11.430000305175781,11.484999656677246,11.329999923706055,11.390000343322754,1119700
2021-06-04,10.013891220092773,11.3100004196167,11.460000038146973,11.229999542236328,11.460000038146973,878800
2021-06-07,10.190973281860352,11.510000228881836,11.550000190734863,11.279999732971191,11.289999961853027,1061900
2021-06-08,10.182120323181152,11.5,11.645000457763672,11.470000267028809,11.5,1473700
2021-06-09,10.208680152893066,11.529999732971191,11.600000381469727,11.430000305175781,11.510000228881836,983200
2021-06-10,10.208680152893066,11.529999732971191,11.609999656677246,11.470000267028809,11.600000381469727,1109500
2021-06-11,10.128994941711426,11.4399995803833,11.550000190734863,11.40999984741211,11.550000190734863,1875300
2021-06-14,10.022744178771973,11.319999694824219,11.380000114440918,11.053999900817871,11.149999618530273,1588000
2021-06-15,9.863372802734375,11.140000343322754,11.364999771118164,11.119999885559082,11.279999732971191,1393400
2021-06-16,9.704000473022461,10.960000038146973,11.149999618530273,10.9399995803833,11.100000381469727,1216800
2021-06-17,9.509212493896484,10.739999771118164,11.020000457763672,10.600000381469727,10.979999542236328,1480000
2021-06-18,9.287862777709961,10.489999771118164,10.729000091552734,10.430000305175781,10.640000343322754,2520200
2021-06-21,9.588898658752441,10.829999923706055,10.880000114440918,10.539999961853027,10.550000190734863,2466600
2021-06-22,9.29671573638916,10.5,10.829999923706055,10.489999771118164,10.8100004196167,1718800
2021-06-23,9.208174705505371,10.399999618530273,10.510000228881836,10.369999885559082,10.5,1874400
2021-06-24,9.155054092407227,10.34000015258789,10.390000343322754,10.210000038146973,10.369999885559082,2661000
2021-06-25,9.093074798583984,10.270000457763672,10.414999961853027,10.210000038146973,10.40999984741211,25483700
2021-06-28,8.915993690490723,10.069999694824219,10.350000381469727,9.949999809265137,10.260000228881836,2770600
2021-06-29,8.80008602142334,9.869999885559082,10.0649995803833,9.869999885559082,10.0,3258000
2021-06-30,8.978405952453613,10.069999694824219,10.199999809265137,9.859999656677246,9.859999656677246,3099600
2021-07-01,9.103228569030762,10.210000038146973,10.319999694824219,10.010000228881836,10.079999923706055,2507400
2021-07-02,9.165641784667969,10.279999732971191,10.319999694824219,10.180000305175781,10.220000267028809,1267600
2021-07-06,9.022985458374023,10.119999885559082,10.279999732971191,9.899999618530273,10.279999732971191,1580800
2021-07-07,8.915994644165039,10.0,10.119999885559082,9.920000076293945,10.039999961853027,1250700
2021-07-08,8.764422416687012,9.829999923706055,9.944999694824219,9.699999809265137,9.859999656677246,1450400
2021-07-09,9.022985458374023,10.119999885559082,10.140000343322754,9.850000381469727,9.949999809265137,1804100
2021-07-12,9.138893127441406,10.25,10.270000457763672,9.970000267028809,10.0600004196167,2530200
2021-07-13,8.898160934448242,9.979999542236328,10.220000267028809,9.96500015258789,10.1899995803833,919100
2021-07-14,8.969490051269531,10.0600004196167,10.085000038146973,9.880999565124512,9.989999771118164,1936700
2021-07-15,8.978405952453613,10.069999694824219,10.149999618530273,9.989999771118164,10.005000114440918,1262300
2021-07-16,8.809002876281738,9.880000114440918,10.180000305175781,9.869999885559082,10.180000305175781,1047800
2021-07-19,8.443448066711426,9.470000267028809,9.720000267028809,9.390000343322754,9.649999618530273,1609000
2021-07-20,8.853580474853516,9.930000305175781,10.020000457763672,9.380000114440918,9.4399995803833,2396300
2021-07-21,9.12105941772461,10.229999542236328,10.279999732971191,10.0,10.039999961853027,2294200
2021-07-22,8.809002876281738,9.880000114440918,10.197999954223633,9.829999923706055,10.100000381469727,2025500
2021-07-23,8.81791877746582,9.890000343322754,10.010000228881836,9.6899995803833,9.979999542236328,2091400
2021-07-26,8.844666481018066,9.920000076293945,10.100000381469727,9.869999885559082,9.90999984741211,876700
2021-07-27,8.844666481018066,9.920000076293945,9.954999923706055,9.75,9.8100004196167,894400
2021-07-28,8.764422416687012,9.829999923706055,10.069999694824219,9.760000228881836,9.989999771118164,1926000
2021-07-29,8.80008602142334,9.869999885559082,10.119999885559082,9.869999885559082,9.949999809265137,1472700
2021-07-30,8.702010154724121,9.760000228881836,10.0649995803833,9.739999771118164,9.920000076293945,1137600
2021-08-02,8.505860328674316,9.539999961853027,10.0,9.520000457763672,9.760000228881836,1557800
2021-08-03,8.282958984375,9.289999961853027,9.5600004196167,9.164999961853027,9.529999732971191,1409500
2021-08-04,7.9619832038879395,8.930000305175781,9.25,8.930000305175781,9.1899995803833,1914800
2021-08-05,8.104637145996094,9.09000015258789,9.170000076293945,8.970000267028809,9.020000457763672,2215000
2021-08-06,8.22054672241211,9.220000267028809,9.329999923706055,9.15999984741211,9.199999809265137,1311900
2021-08-09,8.07789134979248,9.0600004196167,9.149999618530273,9.020000457763672,9.149999618530273,822200
2021-08-10,7.988731861114502,8.960000038146973,9.069999694824219,8.920000076293945,9.029999732971191,867900
2021-08-11,8.14921760559082,9.140000343322754,9.145000457763672,8.850000381469727,9.020000457763672,1113700
2021-08-12,7.9798150062561035,8.949999809265137,9.119999885559082,8.890000343322754,9.109999656677246,945000
2021-08-13,8.175965309143066,9.170000076293945,9.194999694824219,8.914999961853027,8.960000038146973,1178400
2021-08-16,7.970900058746338,8.9399995803833,9.229999542236328,8.930000305175781,9.154999732971191,2343900
2021-08-17,7.721251487731934,8.65999984741211,8.960000038146973,8.59000015258789,8.84000015258789,1871100
2021-08-18,7.712334632873535,8.649999618530273,8.800000190734863,8.539999961853027,8.65999984741211,1592400
2021-08-19,7.819327354431152,8.770000457763672,8.770000457763672,8.520000457763672,8.619999885559082,1896800
2021-08-20,7.890654563903809,8.850000381469727,8.890000343322754,8.609999656677246,8.739999771118164,1477400
2021-08-23,7.881738185882568,8.84000015258789,8.920000076293945,8.729999542236328,8.880000114440918,875100
2021-08-24,7.997646808624268,8.970000267028809,8.979999542236328,8.765000343322754,8.920000076293945,852700
2021-08-25,7.890654563903809,8.850000381469727,9.0,8.789999961853027,8.970000267028809,948800
2021-08-26,7.774745941162109,8.720000267028809,8.9399995803833,8.710000038146973,8.84000015258789,802500
2021-08-27,8.006561279296875,8.979999542236328,9.020000457763672,8.75,8.75,750800
2021-08-30,7.846075534820557,8.800000190734863,8.949999809265137,8.739999771118164,8.9399995803833,960200
2021-08-31,7.899572849273682,8.859999656677246,8.9399995803833,8.734999656677246,8.760000228881836,1181300
2021-09-01,7.944150447845459,8.90999984741211,8.979999542236328,8.78499984741211,8.90999984741211,1953300
2021-09-02,7.881738185882568,8.84000015258789,8.979999542236328,8.760000228881836,8.949999809265137,992800
2021-09-03,7.854991436004639,8.8100004196167,8.829999923706055,8.664999961853027,8.789999961853027,1228200
2021-09-07,8.175965309143066,9.170000076293945,9.234999656677246,8.84000015258789,8.920000076293945,3147400
2021-09-08,8.354288101196289,9.369999885559082,9.399999618530273,9.15999984741211,9.25,3102300
2021-09-09,8.006561279296875,8.979999542236328,9.279999732971191,8.960000038146973,9.260000228881836,3132700
2021-09-10,7.676672458648682,8.609999656677246,8.960000038146973,8.609999656677246,8.960000038146973,2640400
2021-09-13,7.819327354431152,8.770000457763672,8.850000381469727,8.609999656677246,8.699999809265137,1784600
2021-09-14,7.712334632873535,8.649999618530273,8.890000343322754,8.555000305175781,8.890000343322754,1422800
2021-09-15,7.756913661956787,8.699999809265137,8.760000228881836,8.569999694824219,8.600000381469727,844000
2021-09-16,7.712334632873535,8.649999618530273,8.800000190734863,8.649999618530273,8.729999542236328,828800
2021-09-17,7.6855878829956055,8.619999885559082,8.770000457763672,8.5600004196167,8.664999961853027,2879800
2021-09-20,7.605343341827393,8.529999732971191,8.555000305175781,8.350000381469727,8.510000228881836,2423400
2021-09-21,7.641005516052246,8.569999694824219,8.680000305175781,8.545000076293945,8.619999885559082,777200
2021-09-22,7.783661842346191,8.729999542236328,8.859999656677246,8.649999618530273,8.649999618530273,935300
2021-09-23,7.944150447845459,8.90999984741211,9.0600004196167,8.729999542236328,8.779999732971191,1733800
2021-09-24,7.899572849273682,8.859999656677246,9.050000190734863,8.8149995803833,8.869999885559082,1583400
2021-09-27,8.131385803222656,9.119999885559082,9.260000228881836,8.890000343322754,8.890000343322754,1787500
2021-09-28,8.1670503616333,9.15999984741211,9.260000228881836,9.050000190734863,9.119999885559082,1883100
2021-09-29,8.131113052368164,9.050000190734863,9.175000190734863,8.970000267028809,9.079999923706055,2117000
2021-09-30,8.077203750610352,8.989999771118164,9.130000114440918,8.930000305175781,9.119999885559082,1704400
2021-10-01,8.31978988647461,9.260000228881836,9.350000381469727,9.024999618530273,9.029999732971191,1501700
2021-10-04,8.382682800292969,9.329999923706055,9.380000114440918,9.1850004196167,9.239999771118164,1778800
2021-10-05,8.265880584716797,9.199999809265137,9.350000381469727,9.15999984741211,9.319999694824219,1647900
2021-10-06,8.265880584716797,9.199999809265137,9.220000267028809,9.020000457763672,9.09000015258789,3181300
2021-10-07,8.238927841186523,9.170000076293945,9.404999732971191,9.140000343322754,9.239999771118164,1923200
2021-10-08,8.24791145324707,9.180000305175781,9.345000267028809,9.130000114440918,9.140000343322754,1261200
2021-10-11,8.29283618927002,9.229999542236328,9.300000190734863,9.194999694824219,9.260000228881836,834700
2021-10-12,8.427605628967285,9.380000114440918,9.385000228881836,9.15999984741211,9.244999885559082,1191100
2021-10-13,8.310805320739746,9.25,9.329999923706055,9.225000381469727,9.319999694824219,1463700
2021-10-14,8.355728149414062,9.300000190734863,9.380000114440918,9.199999809265137,9.350000381469727,1044100
2021-10-15,8.382682800292969,9.329999923706055,9.40999984741211,9.3100004196167,9.34000015258789,1360800
2021-10-18,8.36471176147461,9.3100004196167,9.369999885559082,9.210000038146973,9.329999923706055,1034500
2021-10-19,8.256897926330566,9.1899995803833,9.399999618530273,9.149999618530273,9.369999885559082,1072100
2021-10-20,8.463542938232422,9.420000076293945,9.430000305175781,9.140000343322754,9.229999542236328,1032300
2021-10-21,8.202990531921387,9.130000114440918,9.479999542236328,9.125,9.420000076293945,2160700
2021-10-22,8.202990531921387,9.130000114440918,9.319999694824219,9.130000114440918,9.170000076293945,780800
2021-10-25,8.131113052368164,9.050000190734863,9.140000343322754,8.9399995803833,9.09000015258789,1072100
2021-10-26,8.140097618103027,9.0600004196167,9.15999984741211,8.970999717712402,9.079999923706055,1463100
2021-10-27,7.915480136871338,8.8100004196167,9.050000190734863,8.770000457763672,9.050000190734863,1467000
2021-10-28,7.816648483276367,8.699999809265137,9.020000457763672,8.619999885559082,8.949999809265137,2381900
2021-10-29,7.618986129760742,8.479999542236328,8.680000305175781,8.46500015258789,8.680000305175781,2417500
2021-11-01,7.888525485992432,8.779999732971191,8.8100004196167,8.520000457763672,8.520000457763672,1547800
2021-11-02,7.717817783355713,8.59000015258789,8.880000114440918,8.539999961853027,8.789999961853027,1461200
2021-11-03,8.032281875610352,8.9399995803833,9.050000190734863,8.5600004196167,8.5600004196167,2349900
2021-11-04,7.987356662750244,8.890000343322754,8.994999885559082,8.739999771118164,8.9399995803833,1849700
2021-11-05,8.355728149414062,9.300000190734863,9.345000267028809,8.970000267028809,9.020000457763672,2100400
2021-11-08,8.445572853088379,9.399999618530273,9.399999618530273,9.220000267028809,9.3100004196167,1531300
2021-11-09,8.355728149414062,9.300000190734863,9.390000343322754,9.25,9.380000114440918,1360000
2021-11-10,8.301820755004883,9.239999771118164,9.414999961853027,9.199999809265137,9.270000457763672,1692200
2021-11-11,8.472529411315918,9.430000305175781,9.4399995803833,9.145000457763672,9.210000038146973,1836700
2021-11-12,8.463542938232422,9.420000076293945,9.529999732971191,9.369999885559082,9.460000038146973,1134100
2021-11-15,8.481513023376465,9.4399995803833,9.520000457763672,9.364999771118164,9.479999542236328,1088200
2021-11-16,8.337759971618652,9.279999732971191,9.479999542236328,9.1899995803833,9.479999542236328,1560400
2021-11-17,8.22994327545166,9.15999984741211,9.260000228881836,9.020000457763672,9.210000038146973,851800
2021-11-18,8.355728149414062,9.300000190734863,9.300000190734863,9.130000114440918,9.140000343322754,1045400
2021-11-19,8.113143920898438,9.029999732971191,9.199999809265137,8.9399995803833,9.170000076293945,935700
2021-11-22,8.095171928405762,9.010000228881836,9.164999961853027,9.0,9.109999656677246,997600
2021-11-23,8.014310836791992,8.920000076293945,9.069999694824219,8.880000114440918,8.979999542236328,1848700
2021-11-24,8.122127532958984,9.039999961853027,9.109999656677246,8.829999923706055,8.930000305175781,891500
2021-11-26,7.610002040863037,8.470000267028809,8.765000343322754,8.220000267028809,8.680000305175781,1099200
2021-11-29,7.439292907714844,8.279999732971191,8.600000381469727,8.229999542236328,8.550000190734863,1197800
2021-11-30,7.151784896850586,7.960000038146973,8.15999984741211,7.949999809265137,8.15999984741211,2075900
2021-12-01,7.0799078941345215,7.880000114440918,8.324999809265137,7.869999885559082,8.050000190734863,2219200
2021-12-02,7.529140472412109,8.380000114440918,8.46500015258789,7.920000076293945,7.980000019073486,2525400
2021-12-03,7.457263469696045,8.300000190734863,8.520000457763672,8.255000114440918,8.420000076293945,1642800
2021-12-06,7.789694786071777,8.670000076293945,8.84000015258789,8.420000076293945,8.420000076293945,1528200
2021-12-07,7.888525485992432,8.779999732971191,8.859999656677246,8.6899995803833,8.760000228881836,1749600
2021-12-08,8.014310836791992,8.920000076293945,8.979999542236328,8.75,8.800000190734863,2768600
2021-12-09,7.915480136871338,8.8100004196167,8.869999885559082,8.6899995803833,8.829999923706055,2674900
2021-12-10,7.762740612030029,8.640000343322754,8.869999885559082,8.5,8.829999923706055,1673900
2021-12-13,7.574063301086426,8.430000305175781,8.550000190734863,8.28499984741211,8.529999732971191,1528500
2021-12-14,7.574063301086426,8.430000305175781,8.609999656677246,8.359999656677246,8.4399995803833,2049200
2021-12-15,7.592031955718994,8.449999809265137,8.5,8.274999618530273,8.489999771118164,1089100
2021-12-16,7.4932026863098145,8.34000015258789,8.600000381469727,8.300000190734863,8.510000228881836,1376500
2021-12-17,7.466246604919434,8.3100004196167,8.399999618530273,8.1899995803833,8.359999656677246,5282000
2021-12-20,7.205692768096924,8.020000457763672,8.199999809265137,7.789999961853027,8.15999984741211,2309500
2021-12-21,7.484216690063477,8.329999923706055,8.399999618530273,8.109999656677246,8.109999656677246,1669700
2021-12-22,7.556093215942383,8.40999984741211,8.539999961853027,8.34000015258789,8.359999656677246,1163400
2021-12-23,7.627970218658447,8.489999771118164,8.515000343322754,8.4399995803833,8.4399995803833,775500
2021-12-27,7.610002040863037,8.470000267028809,8.479999542236328,8.34000015258789,8.460000038146973,790300
2021-12-28,7.574063301086426,8.430000305175781,8.515000343322754,8.399999618530273,8.430000305175781,896800
2021-12-29,7.601017475128174,8.460000038146973,8.460000038146973,8.329999923706055,8.4399995803833,975800
2021-12-30,7.655374526977539,8.449999809265137,8.550000190734863,8.270999908447266,8.390000343322754,2055900
2021-12-31,7.555720806121826,8.34000015258789,8.515000343322754,8.329999923706055,8.4399995803833,1049700
2022-01-03,8.044938087463379,8.880000114440918,8.90999984741211,8.354999542236328,8.380000114440918,3506900
2022-01-04,8.35296630859375,9.220000267028809,9.40999984741211,8.949999809265137,8.949999809265137,3244800
2022-01-05,8.271430969238281,9.130000114440918,9.420000076293945,9.09000015258789,9.220000267028809,2583400
2022-01-06,8.47074031829834,9.350000381469727,9.380000114440918,9.109999656677246,9.239999771118164,1512600
2022-01-07,8.742528915405273,9.649999618530273,9.744999885559082,9.300000190734863,9.329999923706055,2122000
2022-01-10,8.516036987304688,9.399999618530273,9.859999656677246,9.329999923706055,9.680000305175781,1665400
2022-01-11,8.488861083984375,9.369999885559082,9.4399995803833,9.15999984741211,9.420000076293945,734000
2022-01-12,8.271430969238281,9.130000114440918,9.380000114440918,9.130000114440918,9.34000015258789,1158200
2022-01-13,8.434501647949219,9.3100004196167,9.420000076293945,9.149999618530273,9.1899995803833,1272600
2022-01-14,8.57945728302002,9.470000267028809,9.470000267028809,9.109999656677246,9.220000267028809,1352900
2022-01-18,8.271430969238281,9.130000114440918,9.520000457763672,9.119999885559082,9.430000305175781,1396300
2022-01-19,8.12647533416748,8.970000267028809,9.33899974822998,8.970000267028809,9.239999771118164,857400
2022-01-20,8.008699417114258,8.84000015258789,9.175000190734863,8.84000015258789,9.029999732971191,1688700
2022-01-21,7.8999834060668945,8.720000267028809,8.859999656677246,8.609999656677246,8.819999694824219,2174900
2022-01-24,7.836566925048828,8.649999618530273,8.6899995803833,8.25,8.5,3339200
2022-01-25,7.836566925048828,8.649999618530273,8.739999771118164,8.380000114440918,8.430000305175781,1856400
2022-01-26,7.755030632019043,8.5600004196167,9.010000228881836,8.449999809265137,8.720000267028809,1768800
2022-01-27,7.582898139953613,8.369999885559082,8.770000457763672,8.3100004196167,8.670000076293945,2638700
2022-01-28,7.8456268310546875,8.65999984741211,8.65999984741211,8.220000267028809,8.319999694824219,2554600
2022-01-31,7.872806072235107,8.6899995803833,8.6899995803833,8.4399995803833,8.5600004196167,1980200
2022-02-01,8.153655052185059,9.0,9.010000228881836,8.609999656677246,8.65999984741211,1987500
2022-02-02,8.189892768859863,9.039999961853027,9.149999618530273,8.90999984741211,8.960000038146973,2047900
2022-02-03,8.0811767578125,8.920000076293945,9.0600004196167,8.854999542236328,8.890000343322754,2796800
2022-02-04,8.026820182800293,8.859999656677246,8.984999656677246,8.619000434875488,8.829999923706055,2086700
2022-02-07,8.026820182800293,8.859999656677246,8.9399995803833,8.835000038146973,8.90999984741211,1981300
2022-02-08,7.945282936096191,8.770000457763672,8.925000190734863,8.720000267028809,8.890000343322754,1405800
2022-02-09,8.026820182800293,8.859999656677246,8.944999694824219,8.800000190734863,8.835000038146973,2037300
2022-02-10,8.189892768859863,9.039999961853027,9.154999732971191,8.699999809265137,8.699999809265137,4317900
2022-02-11,8.12647533416748,8.970000267028809,9.3149995803833,8.930999755859375,9.09000015258789,4437700
2022-02-14,8.0811767578125,8.920000076293945,9.0600004196167,8.850000381469727,9.020000457763672,1376100
2022-02-15,8.443560600280762,9.319999694824219,9.34000015258789,9.010000228881836,9.010000228881836,2192600
2022-02-16,8.642874717712402,9.539999961853027,9.619999885559082,9.319999694824219,9.329999923706055,1852700
2022-02-17,8.778766632080078,9.6899995803833,9.720000267028809,9.449999809265137,9.449999809265137,1813300
2022-02-18,8.69723129272461,9.600000381469727,9.800000190734863,9.595000267028809,9.680000305175781,1831600
2022-02-22,8.606634140014648,9.5,9.6850004196167,9.380000114440918,9.5600004196167,2372600
2022-02-23,8.371085166931152,9.239999771118164,9.6899995803833,9.1899995803833,9.529999732971191,2751700
2022-02-24,8.416383743286133,9.289999961853027,9.34000015258789,8.71500015258789,9.010000228881836,3897800
2022-02-25,10.164889335632324,11.220000267028809,11.53499984741211,11.130000114440918,11.25,9685000
2022-02-28,10.137710571289062,11.1899995803833,11.260000228881836,10.789999961853027,10.90999984741211,5350900
2022-03-01,9.920278549194336,10.949999809265137,11.5,10.859999656677246,11.319999694824219,2993700
2022-03-02,9.947456359863281,10.979999542236328,11.119999885559082,10.854999542236328,11.039999961853027,2735900
2022-03-03,9.91122055053711,10.9399995803833,11.09000015258789,10.710000038146973,11.010000228881836,2500000
2022-03-04,9.784385681152344,10.800000190734863,10.829999923706055,10.614999771118164,10.819999694824219,1479800
2022-03-07,9.267985343933105,10.229999542236328,10.899999618530273,10.220000267028809,10.725000381469727,2836800
2022-03-08,9.421998977661133,10.399999618530273,10.6899995803833,10.109999656677246,10.239999771118164,2103600
2022-03-09,9.666610717773438,10.670000076293945,10.75,10.515000343322754,10.649999618530273,1381700
2022-03-10,9.530714988708496,10.520000457763672,10.640000343322754,10.329999923706055,10.4399995803833,1541800
2022-03-11,9.46729850769043,10.449999809265137,10.680000305175781,10.380000114440918,10.649999618530273,1721800
2022-03-14,9.449177742004395,10.430000305175781,10.5600004196167,10.3149995803833,10.470000267028809,1604800
2022-03-15,9.503536224365234,10.489999771118164,10.569999694824219,10.270000457763672,10.529999732971191,2127000
2022-03-16,9.512594223022461,10.5,10.704999923706055,10.3100004196167,10.6899995803833,1619300
2022-03-17,9.675670623779297,10.680000305175781,10.710000038146973,10.329999923706055,10.380000114440918,1048300
2022-03-18,9.657550811767578,10.65999984741211,10.779999732971191,10.569999694824219,10.720000267028809,1837400
2022-03-21,9.675670623779297,10.680000305175781,10.75,10.614999771118164,10.65999984741211,956200
2022-03-22,9.784385681152344,10.800000190734863,10.850000381469727,10.59000015258789,10.710000038146973,5018100
2022-03-23,9.793444633483887,10.8100004196167,10.875,10.6899995803833,10.6899995803833,4274300
2022-03-24,9.992755889892578,11.029999732971191,11.0600004196167,10.760000228881836,10.880000114440918,3097300
2022-03-25,10.001816749572754,11.039999961853027,11.15999984741211,10.989999771118164,11.100000381469727,2786800
2022-03-28,9.956518173217773,10.989999771118164,11.039999961853027,10.819999694824219,10.979999542236328,1666100
2022-03-29,9.920278549194336,10.949999809265137,11.100000381469727,10.829999923706055,11.100000381469727,5834900
2022-03-30,9.91845417022705,10.869999885559082,11.0,10.739999771118164,10.869999885559082,2000500
2022-03-31,9.954952239990234,10.90999984741211,10.994999885559082,10.829999923706055,10.829999923706055,2952500
2022-04-01,10.027949333190918,10.989999771118164,11.039999961853027,10.880000114440918,10.949999809265137,1459000
2022-04-04,9.9732027053833,10.930000305175781,10.994999885559082,10.829999923706055,10.960000038146973,993100
2022-04-05,9.790708541870117,10.729999542236328,11.005000114440918,10.710000038146973,10.90999984741211,1345300
2022-04-06,9.936704635620117,10.890000343322754,10.9399995803833,10.625,10.65999984741211,3895800
2022-04-07,9.763337135314941,10.699999809265137,10.930000305175781,10.5600004196167,10.899999618530273,5412500
2022-04-08,9.799834251403809,10.739999771118164,10.899999618530273,10.53499984741211,10.739999771118164,3018900
2022-04-11,9.662965774536133,10.59000015258789,10.850000381469727,10.550000190734863,10.710000038146973,2372000
2022-04-12,9.617341995239258,10.539999961853027,10.789999961853027,10.449999809265137,10.649999618530273,2842300
2022-04-13,9.7359619140625,10.670000076293945,10.75,10.5,10.539999961853027,1743400
2022-04-14,9.416601181030273,10.319999694824219,10.869999885559082,10.300000190734863,10.6899995803833,2657000
2022-04-18,9.36185359954834,10.260000228881836,10.420000076293945,10.260000228881836,10.319999694824219,2424200
2022-04-19,9.617341995239258,10.539999961853027,10.6899995803833,10.34000015258789,10.34000015258789,3079000
2022-04-20,9.480473518371582,10.390000343322754,10.699999809265137,10.369999885559082,10.569999694824219,1939200
2022-04-21,9.398350715637207,10.300000190734863,10.5,10.289999961853027,10.5,1005600
2022-04-22,9.224984169006348,10.109999656677246,10.34000015258789,10.100000381469727,10.229999542236328,1366900
2022-04-25,9.179360389709473,10.0600004196167,10.09000015258789,9.805000305175781,10.039999961853027,2016700
2022-04-26,9.088113784790039,9.960000038146973,10.104999542236328,9.925000190734863,9.979999542236328,1711500
2022-04-27,8.814373970031738,9.65999984741211,10.029999732971191,9.649999618530273,9.970000267028809,1994300
2022-04-28,8.923871040344238,9.779999732971191,9.911999702453613,9.53499984741211,9.859999656677246,2354100
2022-04-29,8.677508354187012,9.510000228881836,9.710000038146973,9.380000114440918,9.680000305175781,3650800
2022-05-02,8.549761772155762,9.369999885559082,9.739999771118164,9.220999717712402,9.600000381469727,2579100
2022-05-03,8.714005470275879,9.550000190734863,9.614999771118164,9.3149995803833,9.399999618530273,1648700
2022-05-04,8.85999870300293,9.710000038146973,9.789999961853027,9.399999618530273,9.539999961853027,1937000
2022-05-05,8.59538459777832,9.420000076293945,9.680000305175781,9.270000457763672,9.59000015258789,1851800
2022-05-06,8.467639923095703,9.279999732971191,9.449999809265137,9.119999885559082,9.34000015258789,1411200
2022-05-09,8.066156387329102,8.84000015258789,9.239999771118164,8.789999961853027,9.220000267028809,1785500
2022-05-10,7.765044212341309,8.510000228881836,9.0,8.420000076293945,8.960000038146973,2618800
2022-05-11,7.874541282653809,8.630000114440918,8.869999885559082,8.460000038146973,8.529999732971191,2411200
2022-05-12,7.901915073394775,8.65999984741211,8.8100004196167,8.475000381469727,8.569999694824219,2235000
2022-05-13,8.093531608581543,8.869999885559082,8.869999885559082,8.635000228881836,8.710000038146973,2557400
2022-05-16,8.029659271240234,8.800000190734863,8.854999542236328,8.649999618530273,8.770000457763672,1536600
2022-05-17,8.285148620605469,9.079999923706055,9.145000457763672,8.84000015258789,8.90999984741211,2153600
2022-05-18,8.120904922485352,8.899999618530273,9.104999542236328,8.859999656677246,9.050000190734863,1820500
2022-05-19,7.974910736083984,8.739999771118164,8.979999542236328,8.739999771118164,8.8100004196167,1905500
2022-05-20,7.828917503356934,8.579999923706055,9.039999961853027,8.430000305175781,8.869999885559082,1792900
2022-05-23,8.002286911010742,8.770000457763672,8.850000381469727,8.635000228881836,8.75,2016900
2022-05-24,8.011409759521484,8.779999732971191,8.795000076293945,8.479999542236328,8.710000038146973,1134100
2022-05-25,8.084407806396484,8.859999656677246,8.90999984741211,8.600000381469727,8.75,993800
2022-05-26,8.239523887634277,9.029999732971191,9.109999656677246,8.880000114440918,8.90999984741211,1430000
2022-05-27,8.321645736694336,9.119999885559082,9.149999618530273,9.0600004196167,9.100000381469727,732300
2022-05-31,8.266901016235352,9.0600004196167,9.119999885559082,8.960000038146973,9.010000228881836,1645200
2022-06-01,8.20302677154541,8.989999771118164,9.135000228881836,8.739999771118164,9.09000015258789,1531100
2022-06-02,8.212150573730469,9.0,9.029999732971191,8.890000343322754,9.020000457763672,1413700
2022-06-03,7.911038875579834,8.670000076293945,8.949999809265137,8.640000343322754,8.899999618530273,768100
2022-06-06,7.874541282653809,8.630000114440918,8.800000190734863,8.600000381469727,8.760000228881836,1068100
2022-06-07,8.011409759521484,8.779999732971191,8.8100004196167,8.489999771118164,8.529999732971191,1064100
2022-06-08,7.8015456199646,8.550000190734863,8.765000343322754,8.479999542236328,8.680000305175781,920900
2022-06-09,7.482181549072266,8.199999809265137,8.5,8.1899995803833,8.5,1264500
2022-06-10,7.290565490722656,7.989999771118164,8.130000114440918,7.960000038146973,8.079999923706055,843200
2022-06-13,6.72484016418457,7.369999885559082,7.880000114440918,7.320000171661377,7.809999942779541,2855900
2022-06-14,6.6427178382873535,7.28000020980835,7.46999979019165,7.150000095367432,7.400000095367432,2241900
2022-06-15,6.934706211090088,7.599999904632568,7.730000019073486,7.329999923706055,7.369999885559082,2661700
2022-06-16,6.551472187042236,7.179999828338623,7.380000114440918,7.150000095367432,7.369999885559082,2151200
2022-06-17,6.761338233947754,7.409999847412109,7.474999904632568,7.215000152587891,7.230000019073486,1877000
2022-06-21,6.70659065246582,7.349999904632568,7.579999923706055,7.349999904632568,7.53000020980835,984700
2022-06-22,6.679217338562012,7.320000171661377,7.485000133514404,7.186999797821045,7.239999771118164,1179200
2022-06-23,6.70659065246582,7.349999904632568,7.400000095367432,7.235000133514404,7.320000171661377,1080100
2022-06-24,7.007702350616455,7.679999828338623,7.730000019073486,7.360000133514404,7.380000114440918,2557000
2022-06-27,6.861708164215088,7.519999980926514,7.75,7.519999980926514,7.710000038146973,1699900
2022-06-28,6.852584362030029,7.510000228881836,7.820000171661377,7.465000152587891,7.630000114440918,1579800
2022-06-29,6.786197662353516,7.360000133514404,7.489999771118164,7.224999904632568,7.429999828338623,1305200
2022-06-30,6.666332721710205,7.230000019073486,7.355000019073486,7.079999923706055,7.21999979019165,1135800
2022-07-01,6.795417785644531,7.369999885559082,7.414999961853027,7.159999847412109,7.159999847412109,1065800
2022-07-05,6.850740432739258,7.429999828338623,7.440000057220459,7.059999942779541,7.230000019073486,1329400
2022-07-06,6.657112121582031,7.21999979019165,7.460000038146973,7.184999942779541,7.409999847412109,1407200
2022-07-07,6.721654891967773,7.289999961853027,7.420000076293945,7.260000228881836,7.320000171661377,782600
2022-07-08,6.583349227905273,7.139999866485596,7.309999942779541,7.119999885559082,7.260000228881836,2083500
2022-07-11,6.491145610809326,7.039999961853027,7.139999866485596,6.954999923706055,7.119999885559082,1269500
2022-07-12,6.5925703048706055,7.150000095367432,7.230000019073486,7.0,7.0,1214000
2022-07-13,6.41738224029541,6.960000038146973,7.119999885559082,6.920000076293945,7.070000171661377,1569300
2022-07-14,6.463484764099121,7.010000228881836,7.039999961853027,6.760000228881836,6.789999961853027,1362700
2022-07-15,6.5925703048706055,7.150000095367432,7.260000228881836,7.051000118255615,7.190000057220459,1077900
2022-07-18,6.5925703048706055,7.150000095367432,7.320000171661377,7.119999885559082,7.199999809265137,1049900
2022-07-19,6.869180679321289,7.449999809265137,7.5,7.210000038146973,7.260000228881836,866800
2022-07-20,6.915283203125,7.5,7.559999942779541,7.369999885559082,7.409999847412109,789300
2022-07-21,6.83229923248291,7.409999847412109,7.420000076293945,7.239999771118164,7.420000076293945,700500
2022-07-22,6.8230791091918945,7.400000095367432,7.519999980926514,7.329999923706055,7.429999828338623,628200
2022-07-25,6.9337239265441895,7.519999980926514,7.610000133514404,7.409999847412109,7.449999809265137,778200
2022-07-26,6.869180679321289,7.449999809265137,7.550000190734863,7.434999942779541,7.480000019073486,869200
2022-07-27,7.007486343383789,7.599999904632568,7.679999828338623,7.453000068664551,7.630000114440918,872500
2022-07-28,7.16423225402832,7.769999980926514,7.769999980926514,7.550000190734863,7.659999847412109,1030400
2022-07-29,7.2379961013793945,7.849999904632568,7.929999828338623,7.715000152587891,7.769999980926514,1053900
2022-08-01,7.145792007446289,7.75,7.849999904632568,7.670000076293945,7.760000228881836,693400
2022-08-02,6.942944526672363,7.53000020980835,7.800000190734863,7.53000020980835,7.699999809265137,812200
2022-08-03,6.97060489654541,7.559999942779541,7.690000057220459,7.545000076293945,7.610000133514404,883400
2022-08-04,6.915283203125,7.5,7.590000152587891,7.449999809265137,7.579999923706055,682700
2022-08-05,6.878401279449463,7.460000038146973,7.5,7.409999847412109,7.449999809265137,561300
2022-08-08,6.952164649963379,7.539999961853027,7.730000019073486,7.480000019073486,7.480000019073486,917300
2022-08-09,6.869180679321289,7.449999809265137,7.590000152587891,7.349999904632568,7.570000171661377,1007200
2022-08-10,7.044368743896484,7.639999866485596,7.704999923706055,7.570000171661377,7.570000171661377,793300
2022-08-11,7.18267297744751,7.789999961853027,7.869999885559082,7.71999979019165,7.739999771118164,1246600
2022-08-12,7.256436824798584,7.869999885559082,7.880000114440918,7.755000114440918,7.829999923706055,736200
2022-08-15,7.1734538078308105,7.78000020980835,7.949999809265137,7.71999979019165,7.809999942779541,963700
2022-08-16,7.256436824798584,7.869999885559082,7.929999828338623,7.71999979019165,7.809999942779541,723500
2022-08-17,7.0535888671875,7.650000095367432,7.789999961853027,7.650000095367432,7.769999980926514,691700
2022-08-18,7.062808513641357,7.659999847412109,7.78000020980835,7.659999847412109,7.710000038146973,550500
2022-08-19,6.952164649963379,7.539999961853027,7.630000114440918,7.460000038146973,7.619999885559082,592700
2022-08-22,6.721654891967773,7.289999961853027,7.5,7.269999980926514,7.449999809265137,600200
2022-08-23,6.703213691711426,7.269999980926514,7.429999828338623,7.269999980926514,7.289999961853027,698700
2022-08-24,6.647892475128174,7.210000038146973,7.340000152587891,7.164999961853027,7.239999771118164,997200
2022-08-25,6.666332721710205,7.230000019073486,7.300000190734863,7.170000076293945,7.25,1199300
2022-08-26,6.481925010681152,7.03000020980835,7.300000190734863,7.03000020980835,7.269999980926514,1206300
2022-08-29,6.583349227905273,7.139999866485596,7.170000076293945,6.920000076293945,7.0,1204500
2022-08-30,6.445043563842773,6.989999771118164,7.21999979019165,6.941999912261963,7.190000057220459,1067800
2022-08-31,6.389720439910889,6.929999828338623,7.15500020980835,6.929999828338623,7.0,1192200
2022-09-01,6.454264163970947,7.0,7.019999980926514,6.7820000648498535,6.900000095367432,1159500
2022-09-02,6.41738224029541,6.960000038146973,7.119999885559082,6.945000171661377,7.070000171661377,745900
2022-09-06,6.463484764099121,7.010000228881836,7.059999942779541,6.869999885559082,7.03000020980835,1288000
2022-09-07,6.601789951324463,7.159999847412109,7.184999942779541,6.929999828338623,6.929999828338623,613100
2022-09-08,6.5925703048706055,7.150000095367432,7.25,7.065000057220459,7.090000152587891,2915900
2022-09-09,6.611010551452637,7.170000076293945,7.269999980926514,7.099999904632568,7.190000057220459,1405900
2022-09-12,6.749316215515137,7.320000171661377,7.333000183105469,7.21999979019165,7.260000228881836,868500
2022-09-13,6.463484764099121,7.010000228881836,7.199999809265137,6.960000038146973,7.099999904632568,968500
2022-09-14,6.472704887390137,7.019999980926514,7.019999980926514,6.909999847412109,7.0,1303100
2022-09-15,6.325178623199463,6.860000133514404,7.105000019073486,6.860000133514404,7.0,962400
2022-09-16,6.4358229637146,6.980000019073486,7.005000114440918,6.730000019073486,6.789999961853027,2048600
2022-09-19,6.5003662109375,7.050000190734863,7.059999942779541,6.869999885559082,6.880000114440918,874300
2022-09-20,6.426602840423584,6.96999979019165,7.019999980926514,6.909999847412109,6.929999828338623,1395000
2022-09-21,6.149991989135742,6.670000076293945,7.039999961853027,6.659999847412109,7.010000228881836,1634400
2022-09-22,6.159212112426758,6.679999828338623,6.730000019073486,6.519999980926514,6.650000095367432,1426500
2022-09-23,5.928702354431152,6.429999828338623,6.570000171661377,6.309999942779541,6.559999942779541,1344700
2022-09-26,5.744295120239258,6.230000019073486,6.429999828338623,6.150000095367432,6.380000114440918,1748100
2022-09-27,5.5783281326293945,6.050000190734863,6.369999885559082,6.0,6.300000190734863,2252900
2022-09-28,5.937922954559326,6.440000057220459,6.510000228881836,6.025000095367432,6.119999885559082,2006300
2022-09-29,5.66538667678833,6.070000171661377,6.349999904632568,6.03000020980835,6.300000190734863,1405900
2022-09-30,5.814721584320068,6.230000019073486,6.309999942779541,6.079999923706055,6.110000133514404,1997100
2022-10-03,5.796055316925049,6.210000038146973,6.364999771118164,6.175000190734863,6.349999904632568,2231400
2022-10-04,6.0573906898498535,6.489999771118164,6.519999980926514,6.309999942779541,6.349999904632568,3064500
2022-10-05,5.740054607391357,6.150000095367432,6.380000114440918,5.994999885559082,6.349999904632568,1727200
2022-10-06,5.646719932556152,6.050000190734863,6.15500020980835,5.940000057220459,6.119999885559082,898700
2022-10-07,5.572052001953125,5.96999979019165,6.03000020980835,5.869999885559082,5.989999771118164,1990000
2022-10-10,5.516052722930908,5.909999847412109,6.019999980926514,5.869999885559082,5.960000038146973,1634800
2022-10-11,5.581385135650635,5.980000019073486,6.039999961853027,5.78000020980835,5.869999885559082,1358300
2022-10-12,5.600053310394287,6.0,6.045000076293945,5.860000133514404,5.949999809265137,1140200
2022-10-13,5.908055782318115,6.329999923706055,6.385000228881836,5.800000190734863,5.849999904632568,2351200
2022-10-14,5.992056369781494,6.420000076293945,6.545000076293945,6.369999885559082,6.420000076293945,1583300
2022-10-17,6.1507248878479,6.590000152587891,6.710000038146973,6.539999961853027,6.610000133514404,1356600
2022-10-18,6.234725475311279,6.679999828338623,6.840000152587891,6.590000152587891,6.690000057220459,1692700
2022-10-19,5.973389148712158,6.400000095367432,6.539999961853027,6.360000133514404,6.449999809265137,1451800
2022-10-20,6.00139045715332,6.429999828338623,6.590000152587891,6.369999885559082,6.440000057220459,1056100
2022-10-21,6.178724765777588,6.619999885559082,6.639999866485596,6.425000190734863,6.46999979019165,1303200
2022-10-24,6.253391742706299,6.699999809265137,6.760000228881836,6.519999980926514,6.659999847412109,1542300
2022-10-25,6.281393527984619,6.730000019073486,6.855000019073486,6.659999847412109,6.679999828338623,2800800
2022-10-26,6.206725120544434,6.650000095367432,6.849999904632568,6.625,6.840000152587891,1866000
2022-10-27,6.00139045715332,6.429999828338623,6.75,6.335000038146973,6.599999904632568,2174300
2022-10-28,6.094724655151367,6.53000020980835,6.550000190734863,6.385000228881836,6.440000057220459,2005200
2022-10-31,6.038723945617676,6.46999979019165,6.5,6.364999771118164,6.420000076293945,2060600
2022-11-01,5.982722282409668,6.409999847412109,6.610000133514404,6.380000114440918,6.53000020980835,2743100
2022-11-02,5.908055782318115,6.329999923706055,6.550000190734863,6.295000076293945,6.380000114440918,1716900
2022-11-03,5.880055904388428,6.300000190734863,6.385000228881836,6.085000038146973,6.210000038146973,1994200
2022-11-04,6.085391044616699,6.519999980926514,6.519999980926514,6.360000133514404,6.409999847412109,2275400
2022-11-07,6.113390922546387,6.550000190734863,6.659999847412109,6.349999904632568,6.579999923706055,1469300
2022-11-08,6.066723823547363,6.5,6.610000133514404,6.400000095367432,6.590000152587891,2089800
2022-11-09,5.8893890380859375,6.309999942779541,6.5,6.269999980926514,6.489999771118164,1780000
2022-11-10,6.272058963775635,6.71999979019165,6.735000133514404,6.559999942779541,6.590000152587891,4257800
2022-11-11,6.337393283843994,6.789999961853027,6.849999904632568,6.639999866485596,6.769999980926514,2680500
2022-11-14,6.141391754150391,6.579999923706055,6.809999942779541,6.554999828338623,6.75,1755900
2022-11-15,5.945389747619629,6.369999885559082,6.730000019073486,6.349999904632568,6.710000038146973,4822900
2022-11-16,5.749387264251709,6.159999847412109,6.349999904632568,6.079999923706055,6.349999904632568,2268000
2022-11-17,5.814721584320068,6.230000019073486,6.239999771118164,6.010000228881836,6.090000152587891,3418900
2022-11-18,5.992056369781494,6.420000076293945,6.420000076293945,6.269999980926514,6.369999885559082,1932500
2022-11-21,5.8893890380859375,6.309999942779541,6.420000076293945,6.230000019073486,6.320000171661377,1927400
2022-11-22,5.945389747619629,6.369999885559082,6.389999866485596,6.284999847412109,6.349999904632568,1338700
2022-11-23,5.842722415924072,6.260000228881836,6.340000152587891,6.170000076293945,6.190000057220459,891700
2022-11-25,5.917389392852783,6.340000152587891,6.360000133514404,6.230000019073486,6.260000228881836,536700
2022-11-28,5.796055316925049,6.210000038146973,6.369999885559082,6.195000171661377,6.28000020980835,971000
2022-11-29,5.964056491851807,6.389999866485596,6.400000095367432,6.170000076293945,6.239999771118164,1175900
2022-11-30,6.085391044616699,6.519999980926514,6.525000095367432,6.289999961853027,6.349999904632568,2389800
2022-12-01,5.861389636993408,6.28000020980835,6.644999980926514,6.25,6.53000020980835,1616700
2022-12-02,5.702720642089844,6.110000133514404,6.255000114440918,6.079999923706055,6.210000038146973,1099600
2022-12-05,5.450718402862549,5.840000152587891,6.050000190734863,5.75,6.050000190734863,1740700
2022-12-06,5.1987152099609375,5.570000171661377,5.824999809265137,5.53000020980835,5.800000190734863,2310800
2022-12-07,5.366717338562012,5.75,5.809999942779541,5.480000019073486,5.539999961853027,2972400
2022-12-08,5.432051658630371,5.820000171661377,5.909999847412109,5.75,5.789999961853027,1467700
2022-12-09,5.432051658630371,5.820000171661377,5.869999885559082,5.739999771118164,5.760000228881836,605400
2022-12-12,5.702720642089844,6.110000133514404,6.170000076293945,5.840000152587891,6.150000095367432,2149400
2022-12-13,5.740054607391357,6.150000095367432,6.460000038146973,6.085000038146973,6.329999923706055,1919200
2022-12-14,5.945389747619629,6.369999885559082,6.389999866485596,6.135000228881836,6.170000076293945,2481200
2022-12-15,5.926722526550293,6.349999904632568,6.389999866485596,6.230000019073486,6.269999980926514,1888900
2022-12-16,5.609386444091797,6.010000228881836,6.215000152587891,5.945000171661377,6.179999828338623,4071000
2022-12-19,5.422718048095703,5.809999942779541,5.994999885559082,5.739999771118164,5.980000019073486,1865400
2022-12-20,5.469385623931885,5.860000133514404,5.925000190734863,5.75,5.78000020980835,865000
2022-12-21,5.581385135650635,5.980000019073486,6.019999980926514,5.909999847412109,5.960000038146973,1490600
2022-12-22,5.460051536560059,5.849999904632568,5.929999828338623,5.724999904632568,5.909999847412109,1108200
2022-12-23,5.460051536560059,5.849999904632568,5.934999942779541,5.789999961853027,5.800000190734863,580300
2022-12-27,5.590719223022461,5.989999771118164,6.0,5.840000152587891,5.900000095367432,746000
2022-12-28,5.376051425933838,5.760000228881836,6.019999980926514,5.755000114440918,5.989999771118164,1180400
2022-12-29,5.601235866546631,5.920000076293945,5.929999828338623,5.679999828338623,5.769999980926514,1675800
2022-12-30,5.620158672332764,5.940000057220459,5.989999771118164,5.820000171661377,5.820000171661377,1305500
2023-01-03,5.5917744636535645,5.909999847412109,6.099999904632568,5.860000133514404,5.960000038146973,973800
2023-01-04,5.601235866546631,5.920000076293945,6.039999961853027,5.889999866485596,6.0,1010000
2023-01-05,5.3363118171691895,5.639999866485596,5.860000133514404,5.630000114440918,5.860000133514404,1241000
2023-01-06,5.46877384185791,5.78000020980835,5.789999961853027,5.630000114440918,5.679999828338623,1054900
2023-01-09,5.3930816650390625,5.699999809265137,5.840000152587891,5.670000076293945,5.789999961853027,898000
2023-01-10,5.3457746505737305,5.650000095367432,5.690000057220459,5.570000171661377,5.670000076293945,1861900
2023-01-11,5.610696792602539,5.929999828338623,5.934999942779541,5.739999771118164,5.75,1025400
2023-01-12,5.79046630859375,6.119999885559082,6.164999961853027,5.914999961853027,6.0,1164400
2023-01-13,5.837774276733398,6.170000076293945,6.215000152587891,6.03000020980835,6.050000190734863,724000
2023-01-17,5.866158962249756,6.199999809265137,6.289999961853027,6.144999980926514,6.179999828338623,768000
2023-01-18,5.771543502807617,6.099999904632568,6.304999828338623,6.079999923706055,6.210000038146973,676800
2023-01-19,5.705312252044678,6.03000020980835,6.085000038146973,5.954999923706055,6.059999942779541,646400
2023-01-20,5.818851470947266,6.150000095367432,6.150000095367432,5.949999809265137,6.070000171661377,686400
2023-01-23,5.837774276733398,6.170000076293945,6.25,6.074999809265137,6.150000095367432,516700
2023-01-24,5.79046630859375,6.119999885559082,6.195000171661377,6.09499979019165,6.159999847412109,428300
2023-01-25,5.837774276733398,6.170000076293945,6.190000057220459,6.019999980926514,6.050000190734863,797300
2023-01-26,5.856696605682373,6.190000057220459,6.239999771118164,6.09499979019165,6.190000057220459,776300
2023-01-27,6.055388927459717,6.400000095367432,6.440000057220459,6.170000076293945,6.179999828338623,1184800
2023-01-30,5.998620510101318,6.340000152587891,6.40500020980835,6.324999809265137,6.380000114440918,450500
2023-01-31,6.102696895599365,6.449999809265137,6.519999980926514,6.309999942779541,6.340000152587891,1968200
2023-02-01,6.093235969543457,6.440000057220459,6.505000114440918,6.329999923706055,6.420000076293945,2096300
2023-02-02,6.235158920288086,6.590000152587891,6.739999771118164,6.53000020980835,6.53000020980835,3284100
2023-02-03,6.102696895599365,6.449999809265137,6.554999828338623,6.409999847412109,6.510000228881836,1284000
2023-02-06,5.875620365142822,6.210000038146973,6.340000152587891,6.085000038146973,6.329999923706055,790400
2023-02-07,5.818851470947266,6.150000095367432,6.295000076293945,6.070000171661377,6.170000076293945,1994600
2023-02-08,5.733697414398193,6.059999942779541,6.170000076293945,6.034999847412109,6.110000133514404,700600
2023-02-09,5.601235866546631,5.920000076293945,6.15500020980835,5.89300012588501,6.139999866485596,768900
2023-02-10,5.648543357849121,5.96999979019165,6.0,5.849999904632568,5.849999904632568,696000
2023-02-13,5.74315881729126,6.070000171661377,6.099999904632568,5.909999847412109,5.949999809265137,975900
2023-02-14,5.714773654937744,6.039999961853027,6.114999771118164,5.925000190734863,6.019999980926514,1533600
2023-02-15,5.705312252044678,6.03000020980835,6.039999961853027,5.940000057220459,6.0,730900
2023-02-16,5.535004615783691,5.849999904632568,6.050000190734863,5.840000152587891,5.96999979019165,786300
2023-02-17,5.430927276611328,5.739999771118164,5.889999866485596,5.704999923706055,5.889999866485596,965700
2023-02-21,5.241696357727051,5.539999961853027,5.760000228881836,5.510000228881836,5.650000095367432,1404000
2023-02-22,5.194388389587402,5.489999771118164,5.625,5.449999809265137,5.559999942779541,1250400
2023-02-23,5.184926986694336,5.480000019073486,5.599999904632568,5.409999847412109,5.5,1274700
2023-02-24,5.024081230163574,5.309999942779541,5.409999847412109,5.269999980926514,5.380000114440918,1463500
2023-02-27,4.901081085205078,5.179999828338623,5.385000228881836,5.159999847412109,5.380000114440918,2405500
2023-02-28,4.98623514175415,5.269999980926514,5.420000076293945,5.255000114440918,5.329999923706055,5698100
2023-03-01,4.920003890991211,5.199999809265137,5.289999961853027,5.144999980926514,5.230000019073486,1532400
2023-03-02,4.938927173614502,5.21999979019165,5.230000019073486,5.110000133514404,5.159999847412109,1003700
2023-03-03,4.98623514175415,5.269999980926514,5.328999996185303,5.199999809265137,5.309999942779541,1209400
2023-03-06,4.967311859130859,5.25,5.349999904632568,5.230000019073486,5.289999961853027,906100
2023-03-07,4.853773593902588,5.130000114440918,5.329999923706055,5.099999904632568,5.25,1796700
2023-03-08,4.853773593902588,5.130000114440918,5.215000152587891,5.090000152587891,5.119999885559082,1365100
2023-03-09,4.674003601074219,4.940000057220459,5.090000152587891,4.929999828338623,5.070000171661377,2841400
2023-03-10,4.5604658126831055,4.820000171661377,5.010000228881836,4.78000020980835,4.989999771118164,3449200
2023-03-13,4.551003456115723,4.809999942779541,4.809999942779541,4.599999904632568,4.699999809265137,3188100
2023-03-14,4.522619247436523,4.78000020980835,5.150000095367432,4.684999942779541,5.090000152587891,3463800
2023-03-15,4.437464714050293,4.690000057220459,4.829999923706055,4.568999767303467,4.639999866485596,2730200
2023-03-16,4.295541763305664,4.539999961853027,4.630000114440918,4.369999885559082,4.559999942779541,2862200
2023-03-17,4.068465232849121,4.300000190734863,4.550000190734863,4.239999771118164,4.5,6198300
2023-03-20,4.021157741546631,4.25,4.400000095367432,4.210000038146973,4.269999980926514,3026200
2023-03-21,4.182003498077393,4.420000076293945,4.465000152587891,4.284999847412109,4.329999923706055,3126100
2023-03-22,3.9738500118255615,4.199999809265137,4.449999809265137,4.199999809265137,4.449999809265137,3674600
2023-03-23,3.8319265842437744,4.050000190734863,4.199999809265137,3.9000000953674316,4.199999809265137,7403400
2023-03-24,3.9738500118255615,4.199999809265137,4.199999809265137,3.9800000190734863,4.110000133514404,3912800
2023-03-27,4.087388038635254,4.320000171661377,4.349999904632568,4.21999979019165,4.300000190734863,3095100
2023-03-28,4.087388038635254,4.320000171661377,4.408999919891357,4.260000228881836,4.360000133514404,2917800
2023-03-29,4.219850063323975,4.460000038146973,4.489999771118164,4.304999828338623,4.329999923706055,2359800
2023-03-30,4.275703430175781,4.440000057220459,4.519999980926514,4.380000114440918,4.460000038146973,2195100
2023-03-31,4.391263008117676,4.559999942779541,4.570000171661377,4.409999847412109,4.429999828338623,2670200
2023-04-03,4.400892734527588,4.570000171661377,4.730000019073486,4.53000020980835,4.599999904632568,1774900
2023-04-04,4.391263008117676,4.559999942779541,4.579999923706055,4.449999809265137,4.570000171661377,1842600
2023-04-05,4.410523414611816,4.579999923706055,4.605000019073486,4.465000152587891,4.53000020980835,2060200
2023-04-06,4.381633281707764,4.550000190734863,4.650000095367432,4.502999782562256,4.599999904632568,1555800
2023-04-10,4.439413070678711,4.610000133514404,4.614999771118164,4.409999847412109,4.510000228881836,2232600
2023-04-11,4.429782390594482,4.599999904632568,4.659999847412109,4.510000228881836,4.610000133514404,2102100
2023-04-12,4.323853015899658,4.489999771118164,4.670000076293945,4.480000019073486,4.659999847412109,2789700
2023-04-13,4.3334832191467285,4.5,4.545000076293945,4.409999847412109,4.5,3534100
2023-04-14,4.169773578643799,4.329999923706055,4.599999904632568,4.289999961853027,4.53000020980835,1605300
2023-04-17,4.314223766326904,4.480000019073486,4.494999885559082,4.300000190734863,4.320000171661377,1583000
2023-04-18,4.2468132972717285,4.409999847412109,4.539999961853027,4.364999771118164,4.489999771118164,1079600
2023-04-19,4.400892734527588,4.570000171661377,4.579999923706055,4.320000171661377,4.360000133514404,1372700
2023-04-20,4.237183570861816,4.400000095367432,4.559999942779541,4.389999866485596,4.53000020980835,1175900
2023-04-21,4.140883922576904,4.300000190734863,4.449999809265137,4.28000020980835,4.409999847412109,1857600
2023-04-24,4.12162446975708,4.28000020980835,4.349999904632568,4.21999979019165,4.25,1675500
2023-04-25,4.044583797454834,4.199999809265137,4.239999771118164,4.139999866485596,4.21999979019165,2471700
2023-04-26,3.9868037700653076,4.139999866485596,4.269999980926514,4.110000133514404,4.170000076293945,2075400
2023-04-27,4.083104133605957,4.239999771118164,4.239999771118164,4.09499979019165,4.119999885559082,3133600
2023-04-28,4.169773578643799,4.329999923706055,4.400000095367432,4.210000038146973,4.239999771118164,1668100
2023-05-01,4.092734336853027,4.25,4.380000114440918,4.210000038146973,4.329999923706055,1339800
2023-05-02,4.083104133605957,4.239999771118164,4.260000228881836,4.119999885559082,4.230000019073486,3965600
2023-05-03,4.256443500518799,4.420000076293945,4.525000095367432,4.25,4.25,5442700
2023-05-04,4.343113422393799,4.510000228881836,4.684999942779541,4.425000190734863,4.449999809265137,9682900
2023-05-05,4.3334832191467285,4.5,4.619999885559082,4.400000095367432,4.559999942779541,2794700
2023-05-08,4.304593086242676,4.46999979019165,4.539000034332275,4.434999942779541,4.5,1311100
2023-05-09,4.314223766326904,4.480000019073486,4.5,4.340000152587891,4.420000076293945,1915800
2023-05-10,4.343113422393799,4.510000228881836,4.559999942779541,4.420000076293945,4.559999942779541,1520700
2023-05-11,4.256443500518799,4.420000076293945,4.474999904632568,4.394999980926514,4.460000038146973,1355700
2023-05-12,4.1890339851379395,4.349999904632568,4.434999942779541,4.304999828338623,4.420000076293945,1163100
2023-05-15,4.237183570861816,4.400000095367432,4.449999809265137,4.329999923706055,4.389999866485596,1417100
2023-05-16,4.03495454788208,4.190000057220459,4.385000228881836,4.190000057220459,4.380000114440918,1665700
2023-05-17,4.227552890777588,4.389999866485596,4.414999961853027,4.199999809265137,4.230000019073486,1417500
2023-05-18,4.179403781890869,4.340000152587891,4.429999828338623,4.295000076293945,4.340000152587891,1814100
2023-05-19,4.275703430175781,4.440000057220459,4.519999980926514,4.389999866485596,4.409999847412109,1277500
2023-05-22,4.3334832191467285,4.5,4.53000020980835,4.34499979019165,4.460000038146973,1257400
2023-05-23,4.477932929992676,4.650000095367432,4.84499979019165,4.519999980926514,4.519999980926514,2267800
2023-05-24,4.266073703765869,4.429999828338623,4.679999828338623,4.40500020980835,4.659999847412109,1547300
2023-05-25,4.150513648986816,4.309999942779541,4.400000095367432,4.260000228881836,4.380000114440918,1130300
2023-05-26,4.092734336853027,4.25,4.329999923706055,4.21999979019165,4.329999923706055,1378000
2023-05-30,4.150513648986816,4.309999942779541,4.340000152587891,4.25,4.269999980926514,831700
2023-05-31,4.179403781890869,4.340000152587891,4.360000133514404,4.270999908447266,4.309999942779541,2666500
2023-06-01,4.102364540100098,4.260000228881836,4.369999885559082,4.190000057220459,4.329999923706055,1553700
2023-06-02,4.343113422393799,4.510000228881836,4.559999942779541,4.355000019073486,4.369999885559082,1293300
2023-06-05,4.237183570861816,4.400000095367432,4.539999961853027,4.394999980926514,4.5,851800
2023-06-06,4.439413070678711,4.610000133514404,4.679999828338623,4.369999885559082,4.380000114440918,1381900
2023-06-07,4.632012844085693,4.809999942779541,4.920000076293945,4.650000095367432,4.670000076293945,2402800
2023-06-08,4.5260820388793945,4.699999809265137,4.78000020980835,4.574999809265137,4.769999980926514,1762300
2023-06-09,4.506822109222412,4.679999828338623,4.739999771118164,4.630000114440918,4.710000038146973,816500
2023-06-12,4.5260820388793945,4.699999809265137,4.804999828338623,4.65500020980835,4.690000057220459,1103500
2023-06-13,4.4971923828125,4.670000076293945,4.789999961853027,4.539999961853027,4.539999961853027,1145500
2023-06-14,4.4201531410217285,4.590000152587891,4.78000020980835,4.570000171661377,4.699999809265137,1334900
2023-06-15,4.410523414611816,4.579999923706055,4.61899995803833,4.489999771118164,4.590000152587891,1377400
2023-06-16,4.343113422393799,4.510000228881836,4.659999847412109,4.449999809265137,4.650000095367432,2686600
2023-06-20,4.2468132972717285,4.409999847412109,4.480000019073486,4.34499979019165,4.460000038146973,2297100
2023-06-21,4.237183570861816,4.400000095367432,4.449999809265137,4.349999904632568,4.380000114440918,1418000
2023-06-22,4.169773578643799,4.329999923706055,4.420000076293945,4.300000190734863,4.400000095367432,2042000
2023-06-23,4.015694618225098,4.170000076293945,4.320000171661377,4.150000095367432,4.289999961853027,3465500
2023-06-26,4.362373352050781,4.53000020980835,4.559999942779541,4.170000076293945,4.170000076293945,2173100
2023-06-27,4.545342445373535,4.71999979019165,4.75,4.480000019073486,4.510000228881836,4469800
2023-06-28,4.410523414611816,4.579999923706055,4.710000038146973,4.539999961853027,4.690000057220459,2493400
2023-06-29,4.376558780670166,4.510000228881836,4.599999904632568,4.4730000495910645,4.53000020980835,2608000
2023-06-30,4.298925876617432,4.429999828338623,4.585000038146973,4.360000133514404,4.550000190734863,2924400
2023-07-03,4.39596700668335,4.53000020980835,4.559999942779541,4.380000114440918,4.420000076293945,1038500
2023-07-05,4.298925876617432,4.429999828338623,4.519999980926514,4.375,4.46999979019165,2332400
2023-07-06,4.201883792877197,4.329999923706055,4.400000095367432,4.199999809265137,4.400000095367432,2910300
2023-07-07,4.793835163116455,4.940000057220459,5.039999961853027,4.400000095367432,4.400000095367432,8335500
2023-07-10,4.852060794830322,5.0,5.039999961853027,4.820000171661377,4.880000114440918,3905500
2023-07-11,4.958806037902832,5.110000133514404,5.130000114440918,4.929999828338623,5.050000190734863,2648000
2023-07-12,4.978214263916016,5.130000114440918,5.28000020980835,5.130000114440918,5.230000019073486,2286200
2023-07-13,5.026734352111816,5.179999828338623,5.179999828338623,5.0,5.139999866485596,1497300
2023-07-14,4.987917900085449,5.139999866485596,5.175000190734863,5.099999904632568,5.150000095367432,1141300
2023-07-17,4.755018711090088,4.900000095367432,5.09499979019165,4.880000114440918,5.090000152587891,1869300
2023-07-18,4.784131050109863,4.929999828338623,5.010000228881836,4.840000152587891,4.869999885559082,2089500
2023-07-19,4.890876770019531,5.039999961853027,5.050000190734863,4.889999866485596,4.909999847412109,1523500
2023-07-20,4.919989109039307,5.070000171661377,5.110000133514404,5.0,5.110000133514404,1581900
2023-07-21,4.871469020843506,5.019999980926514,5.110000133514404,4.949999809265137,5.110000133514404,1149000
2023-07-24,4.890876770019531,5.039999961853027,5.164999961853027,5.019999980926514,5.019999980926514,1262000
2023-07-25,4.861764907836914,5.010000228881836,5.090000152587891,4.96999979019165,5.03000020980835,995700
2023-07-26,5.065550804138184,5.21999979019165,5.21999979019165,5.019999980926514,5.03000020980835,1304400
2023-07-27,4.958806037902832,5.110000133514404,5.28000020980835,5.065000057220459,5.239999771118164,1507100
2023-07-28,5.05584716796875,5.210000038146973,5.239999771118164,5.150000095367432,5.190000057220459,953900
2023-07-31,5.084958553314209,5.239999771118164,5.309999942779541,5.199999809265137,5.199999809265137,2125300
2023-08-01,4.706498622894287,4.849999904632568,5.170000076293945,4.690000057220459,5.170000076293945,4142700
2023-08-02,4.755018711090088,4.900000095367432,4.900000095367432,4.699999809265137,4.769999980926514,1964500
2023-08-03,4.696794509887695,4.840000152587891,4.889999866485596,4.659999847412109,4.880000114440918,3612700
2023-08-04,4.696794509887695,4.840000152587891,4.960000038146973,4.840000152587891,4.869999885559082,754200
2023-08-07,4.813243865966797,4.960000038146973,4.96999979019165,4.710000038146973,4.860000133514404,2079200
2023-08-08,4.784131050109863,4.929999828338623,4.96999979019165,4.795000076293945,4.909999847412109,1010300
2023-08-09,4.6870903968811035,4.829999923706055,4.960000038146973,4.815000057220459,4.960000038146973,980800
2023-08-10,4.793835163116455,4.940000057220459,5.0,4.869999885559082,4.889999866485596,1142100
2023-08-11,4.803539752960205,4.949999809265137,4.974999904632568,4.869999885559082,4.909999847412109,708100
2023-08-14,4.7259063720703125,4.869999885559082,4.940000057220459,4.840000152587891,4.909999847412109,876300
2023-08-15,4.531824111938477,4.670000076293945,4.809999942779541,4.650000095367432,4.789999961853027,1091800
2023-08-16,4.483304023742676,4.619999885559082,4.710000038146973,4.605000019073486,4.690000057220459,931000
2023-08-17,4.570640563964844,4.710000038146973,4.739999771118164,4.585000038146973,4.630000114440918,2125700
2023-08-18,4.599752902984619,4.739999771118164,4.760000228881836,4.619999885559082,4.639999866485596,1239500
2023-08-21,4.609457492828369,4.75,4.849999904632568,4.730000019073486,4.849999904632568,1167000
2023-08-22,4.667682647705078,4.809999942779541,4.829999923706055,4.739999771118164,4.789999961853027,953100
2023-08-23,4.77442741394043,4.920000076293945,4.954999923706055,4.764999866485596,4.800000190734863,724100
2023-08-24,4.755018711090088,4.900000095367432,5.074999809265137,4.880000114440918,4.889999866485596,737000
2023-08-25,4.667682647705078,4.809999942779541,4.96999979019165,4.795000076293945,4.929999828338623,688300
2023-08-28,4.813243865966797,4.960000038146973,4.980000019073486,4.840000152587891,4.840000152587891,576900
2023-08-29,4.968509674072266,5.119999885559082,5.119999885559082,4.900000095367432,4.949999809265137,664900
2023-08-30,5.017030239105225,5.170000076293945,5.190000057220459,5.079999923706055,5.110000133514404,1180100
2023-08-31,4.987917900085449,5.139999866485596,5.190000057220459,5.105000019073486,5.150000095367432,690100
2023-09-01,4.978214263916016,5.130000114440918,5.210000038146973,5.110000133514404,5.170000076293945,661800
2023-09-05,4.93939733505249,5.090000152587891,5.159999847412109,5.074999809265137,5.130000114440918,650200
2023-09-06,5.007326126098633,5.159999847412109,5.195000171661377,4.974999904632568,5.110000133514404,1253100
2023-09-07,4.997622489929199,5.150000095367432,5.198999881744385,5.105000019073486,5.130000114440918,1103000
2023-09-08,4.968509674072266,5.119999885559082,5.170000076293945,5.070000171661377,5.139999866485596,585900
2023-09-11,4.852060794830322,5.0,5.159999847412109,5.0,5.139999866485596,909300
2023-09-12,4.852060794830322,5.0,5.039999961853027,4.900000095367432,5.0,1201400
2023-09-13,4.861764907836914,5.010000228881836,5.061999797821045,4.90500020980835,5.010000228881836,4310800
2023-09-14,5.104367256164551,5.260000228881836,5.289999961853027,5.019999980926514,5.090000152587891,2367200
2023-09-15,5.123775482177734,5.28000020980835,5.324999809265137,5.159999847412109,5.210000038146973,2736000
2023-09-18,5.036438941955566,5.190000057220459,5.289999961853027,5.150000095367432,5.289999961853027,850000
2023-09-19,5.104367256164551,5.260000228881836,5.300000190734863,5.179999828338623,5.190000057220459,1164600
2023-09-20,5.065550804138184,5.21999979019165,5.425000190734863,5.215000152587891,5.309999942779541,807600
2023-09-21,4.667682647705078,4.809999942779541,5.199999809265137,4.809999942779541,5.199999809265137,1118400
2023-09-22,4.5900492668151855,4.730000019073486,4.869999885559082,4.730000019073486,4.829999923706055,1221500
2023-09-25,4.522119998931885,4.659999847412109,4.730000019073486,4.590000152587891,4.699999809265137,926600
2023-09-26,4.415375232696533,4.550000190734863,4.695000171661377,4.510000228881836,4.610000133514404,971400
2023-09-27,4.405670642852783,4.539999961853027,4.695000171661377,4.53000020980835,4.599999904632568,1156900
2023-09-28,4.4985761642456055,4.599999904632568,4.650000095367432,4.514999866485596,4.539999961853027,1184800
2023-09-29,4.518135070800781,4.619999885559082,4.730000019073486,4.574999809265137,4.690000057220459,1504900
2023-10-02,4.381222248077393,4.480000019073486,4.695000171661377,4.440000057220459,4.630000114440918,1806000
2023-10-03,4.1562933921813965,4.25,4.485000133514404,4.204999923706055,4.449999809265137,2112600
2023-10-04,4.244308948516846,4.340000152587891,4.360000133514404,4.235000133514404,4.25,1203600
2023-10-05,4.283426761627197,4.380000114440918,4.440000057220459,4.309999942779541,4.360000133514404,1365900
2023-10-06,4.214970111846924,4.309999942779541,4.349999904632568,4.159999847412109,4.340000152587891,1672300
2023-10-09,4.22475004196167,4.320000171661377,4.400000095367432,4.210000038146973,4.210000038146973,1740600
2023-10-10,4.2638678550720215,4.360000133514404,4.409999847412109,4.300000190734863,4.309999942779541,1149700
2023-10-11,4.420340061187744,4.519999980926514,4.539999961853027,4.409999847412109,4.409999847412109,726200
2023-10-12,4.214970111846924,4.309999942779541,4.5,4.28000020980835,4.489999771118164,822700
2023-10-13,4.283426761627197,4.380000114440918,4.409999847412109,4.255000114440918,4.360000133514404,3294700
2023-10-16,4.47901725769043,4.579999923706055,4.605000019073486,4.400000095367432,4.440000057220459,1353000
2023-10-17,4.694166660308838,4.800000190734863,4.809999942779541,4.5,4.5,2322600
2023-10-18,4.47901725769043,4.579999923706055,4.760000228881836,4.559999942779541,4.71999979019165,1216700
2023-10-19,4.351883888244629,4.449999809265137,4.639999866485596,4.429999828338623,4.510000228881836,1323900
2023-10-20,4.322545051574707,4.420000076293945,4.570000171661377,4.420000076293945,4.480000019073486,1247000
2023-10-23,4.302985668182373,4.400000095367432,4.454999923706055,4.340000152587891,4.369999885559082,918600
2023-10-24,4.371442794799805,4.46999979019165,4.519999980926514,4.400000095367432,4.440000057220459,802400
2023-10-25,4.166073322296143,4.260000228881836,4.429999828338623,4.230000019073486,4.400000095367432,1099600
2023-10-26,4.175852298736572,4.269999980926514,4.394999980926514,4.190000057220459,4.309999942779541,1198900
2023-10-27,4.175852298736572,4.269999980926514,4.349999904632568,4.179999828338623,4.320000171661377,1037600
2023-10-30,4.254087924957275,4.349999904632568,4.5,4.21999979019165,4.360000133514404,914500
2023-10-31,4.185632228851318,4.28000020980835,4.409999847412109,4.230000019073486,4.369999885559082,1264500
2023-11-01,4.166073322296143,4.260000228881836,4.340000152587891,4.199999809265137,4.25,1190200
2023-11-02,4.557253360748291,4.659999847412109,4.675000190734863,4.375,4.380000114440918,1105400
2023-11-03,4.723505020141602,4.829999923706055,4.985000133514404,4.78000020980835,4.78000020980835,1595300
2023-11-06,4.596371173858643,4.699999809265137,4.800000190734863,4.65500020980835,4.800000190734863,860200
2023-11-07,4.4105610847473145,4.510000228881836,4.699999809265137,4.480000019073486,4.650000095367432,916400
2023-11-08,4.302985668182373,4.400000095367432,4.53000020980835,4.385000228881836,4.510000228881836,1134500
2023-11-09,4.166073322296143,4.260000228881836,4.480000019073486,4.260000228881836,4.449999809265137,1415100
2023-11-10,4.302985668182373,4.400000095367432,4.40500020980835,4.210000038146973,4.309999942779541,1963100
2023-11-13,4.175852298736572,4.269999980926514,4.329999923706055,4.059999942779541,4.159999847412109,2336700
2023-11-14,4.615930557250977,4.71999979019165,4.829999923706055,4.550000190734863,4.550000190734863,1720800
2023-11-15,4.635489463806152,4.739999771118164,4.849999904632568,4.695000171661377,4.730000019073486,1090500
2023-11-16,4.547473907470703,4.650000095367432,4.739999771118164,4.565000057220459,4.739999771118164,921100
2023-11-17,4.596371173858643,4.699999809265137,4.744999885559082,4.619999885559082,4.710000038146973,748700
2023-11-20,4.527914524078369,4.630000114440918,4.710000038146973,4.590000152587891,4.710000038146973,949400
2023-11-21,4.420340061187744,4.519999980926514,4.630000114440918,4.445000171661377,4.559999942779541,608100
2023-11-22,4.43011999130249,4.53000020980835,4.650000095367432,4.489999771118164,4.599999904632568,798800
2023-11-24,4.361663341522217,4.460000038146973,4.559999942779541,4.449999809265137,4.519999980926514,440300
2023-11-27,4.322545051574707,4.420000076293945,4.519999980926514,4.355000019073486,4.5,704900
2023-11-28,4.4985761642456055,4.599999904632568,4.619999885559082,4.315000057220459,4.360000133514404,1394300
2023-11-29,4.664828300476074,4.769999980926514,4.840000152587891,4.670000076293945,4.690000057220459,1543900
2023-11-30,4.596371173858643,4.699999809265137,4.829999923706055,4.679999828338623,4.809999942779541,2561900
2023-12-01,4.977772235870361,5.090000152587891,5.099999904632568,4.650000095367432,4.690000057220459,2053600
2023-12-04,5.026669979095459,5.139999866485596,5.170000076293945,5.025000095367432,5.110000133514404,1416900
2023-12-05,4.977772235870361,5.090000152587891,5.125,5.010000228881836,5.090000152587891,1307700
2023-12-06,5.046228885650635,5.159999847412109,5.349999904632568,5.099999904632568,5.150000095367432,1470900
2023-12-07,5.310275554656982,5.429999828338623,5.449999809265137,5.150000095367432,5.159999847412109,3038000
2023-12-08,5.271157741546631,5.389999866485596,5.427000045776367,5.2829999923706055,5.389999866485596,1955600
2023-12-11,5.251598834991455,5.369999885559082,5.425000190734863,5.340000152587891,5.409999847412109,841300
2023-12-12,5.22226095199585,5.340000152587891,5.369999885559082,5.215000152587891,5.340000152587891,1026300
2023-12-13,5.398291110992432,5.519999980926514,5.550000190734863,5.28000020980835,5.340000152587891,9654800
2023-12-14,5.61344051361084,5.739999771118164,5.920000076293945,5.650000095367432,5.71999979019165,6844600
2023-12-15,5.456968784332275,5.579999923706055,5.760000228881836,5.420000076293945,5.699999809265137,4463400
2023-12-18,5.290716648101807,5.409999847412109,5.599999904632568,5.409999847412109,5.599999904632568,1635000
2023-12-19,5.241819858551025,5.360000133514404,5.489999771118164,5.275000095367432,5.429999828338623,3361300
2023-12-20,5.15380334854126,5.269999980926514,5.53000020980835,5.269999980926514,5.349999904632568,2335200
2023-12-21,5.134244441986084,5.25,5.360000133514404,5.179999828338623,5.340000152587891,1026500
2023-12-22,5.095126628875732,5.210000038146973,5.400000095367432,5.184999942779541,5.309999942779541,924900
2023-12-26,5.232039928436279,5.349999904632568,5.389999866485596,5.204999923706055,5.210000038146973,917900
2023-12-27,5.144023895263672,5.260000228881836,5.394999980926514,5.244999885559082,5.369999885559082,756100
2023-12-28,5.237552165985107,5.320000171661377,5.320000171661377,5.190000057220459,5.190000057220459,620500
2023-12-29,5.089876651763916,5.170000076293945,5.315000057220459,5.170000076293945,5.28000020980835,830500
2024-01-02,5.148946285247803,5.230000019073486,5.360000133514404,5.184999942779541,5.199999809265137,1119600
2024-01-03,4.932356357574463,5.010000228881836,5.139999866485596,4.934999942779541,5.139999866485596,1854300
2024-01-04,4.932356357574463,5.010000228881836,5.059999942779541,4.889999866485596,5.0,1187000
2024-01-05,4.9520463943481445,5.03000020980835,5.119999885559082,4.889999866485596,4.949999809265137,1232400
2024-01-08,4.9520463943481445,5.03000020980835,5.105000019073486,5.0,5.010000228881836,1376600
2024-01-09,4.804370880126953,4.880000114440918,4.949999809265137,4.800000190734863,4.929999828338623,2327000
2024-01-10,4.8339056968688965,4.909999847412109,4.954999923706055,4.860000133514404,4.880000114440918,1516900
2024-01-11,4.715765476226807,4.789999961853027,4.860000133514404,4.715000152587891,4.860000133514404,1276600
2024-01-12,4.7846808433532715,4.860000133514404,4.909999847412109,4.789999961853027,4.860000133514404,1627700
2024-01-16,4.735455513000488,4.809999942779541,4.889999866485596,4.710000038146973,4.78000020980835,1176400
2024-01-17,4.617315292358398,4.690000057220459,4.78000020980835,4.570000171661377,4.75,1252100
2024-01-18,4.499175071716309,4.570000171661377,4.739999771118164,4.539999961853027,4.699999809265137,2003100
2024-01-19,4.902820587158203,4.980000019073486,4.980000019073486,4.590000152587891,4.610000133514404,2254600
2024-01-22,4.981581211090088,5.059999942779541,5.090000152587891,4.960000038146973,5.019999980926514,1325300
2024-01-23,4.922511100769043,5.0,5.150000095367432,4.934999942779541,5.130000114440918,1138900
2024-01-24,4.87328577041626,4.949999809265137,5.110000133514404,4.900000095367432,5.110000133514404,914600
2024-01-25,4.961891174316406,5.039999961853027,5.070000171661377,4.96999979019165,5.03000020980835,997900
2024-01-26,4.961891174316406,5.039999961853027,5.114999771118164,5.0,5.059999942779541,1740200
2024-01-29,4.922511100769043,5.0,5.03000020980835,4.929999828338623,5.03000020980835,1168400
2024-01-30,4.8339056968688965,4.909999847412109,5.0,4.875,4.949999809265137,913600
2024-01-31,4.676385402679443,4.75,4.940000057220459,4.710000038146973,4.880000114440918,1873000
2024-02-01,4.666540622711182,4.739999771118164,4.755000114440918,4.554999828338623,4.75,1288500
2024-02-02,4.489329814910889,4.559999942779541,4.679999828338623,4.519999980926514,4.619999885559082,1102500
2024-02-05,4.390880107879639,4.460000038146973,4.514999866485596,4.425000190734863,4.46999979019165,1139000
2024-02-06,4.449950218200684,4.519999980926514,4.570000171661377,4.400000095367432,4.440000057220459,1005900
2024-02-07,4.4597954750061035,4.53000020980835,4.570000171661377,4.425000190734863,4.53000020980835,1470100
2024-02-08,4.538555145263672,4.610000133514404,4.639999866485596,4.440000057220459,4.5,1257500
2024-02-09,4.577935218811035,4.650000095367432,4.659999847412109,4.545000076293945,4.639999866485596,985400
2024-02-12,4.666540622711182,4.739999771118164,4.809999942779541,4.679999828338623,4.679999828338623,1461800
2024-02-13,4.449950218200684,4.519999980926514,4.710000038146973,4.400000095367432,4.440000057220459,1756500
2024-02-14,4.430260181427002,4.5,4.650000095367432,4.480000019073486,4.539999961853027,2441100
2024-02-15,4.76499080657959,4.840000152587891,4.849999904632568,4.599999904632568,4.599999904632568,2006600
2024-02-16,4.7846808433532715,4.860000133514404,4.900000095367432,4.659999847412109,4.75,1174200
2024-02-20,4.62716007232666,4.699999809265137,4.829999923706055,4.699999809265137,4.829999923706055,1154300
2024-02-21,4.63700532913208,4.710000038146973,4.78000020980835,4.650000095367432,4.690000057220459,734200
2024-02-22,4.51886510848999,4.590000152587891,4.724999904632568,4.590000152587891,4.710000038146973,1302300
2024-02-23,4.420414924621582,4.489999771118164,4.599999904632568,4.480000019073486,4.559999942779541,1225600
2024-02-26,4.243204593658447,4.309999942779541,4.489999771118164,4.289999961853027,4.489999771118164,1675100
2024-02-27,4.243204593658447,4.309999942779541,4.420000076293945,4.28000020980835,4.349999904632568,2546200
2024-02-28,4.312119483947754,4.380000114440918,4.454999923706055,4.211999893188477,4.260000228881836,1833300
2024-02-29,4.361344814300537,4.429999828338623,4.550000190734863,4.389999866485596,4.46999979019165,1572000
2024-03-01,4.361344814300537,4.429999828338623,4.46999979019165,4.329999923706055,4.409999847412109,1825500
2024-03-04,4.449950218200684,4.519999980926514,4.579999923706055,4.40500020980835,4.420000076293945,2360800
2024-03-05,4.469639778137207,4.539999961853027,4.630000114440918,4.474999904632568,4.480000019073486,1712800
2024-03-06,4.499175071716309,4.570000171661377,4.610000133514404,4.489999771118164,4.590000152587891,1092300
2024-03-07,4.538555145263672,4.610000133514404,4.684999942779541,4.590000152587891,4.610000133514404,818400
2024-03-08,4.577935218811035,4.650000095367432,4.815000057220459,4.614999771118164,4.690000057220459,807200
2024-03-11,4.62716007232666,4.699999809265137,4.800000190734863,4.605000019073486,4.610000133514404,1205900
2024-03-12,4.568089962005615,4.639999866485596,4.730000019073486,4.610000133514404,4.699999809265137,687300
2024-03-13,4.597625255584717,4.670000076293945,4.800000190734863,4.619999885559082,4.619999885559082,1765500
2024-03-14,4.50901985168457,4.579999923706055,4.650000095367432,4.53000020980835,4.650000095367432,1159100
2024-03-15,4.538555145263672,4.610000133514404,4.670000076293945,4.539999961853027,4.599999904632568,2896600
2024-03-18,4.577935218811035,4.650000095367432,4.699999809265137,4.610000133514404,4.699999809265137,1481800
2024-03-19,4.538555145263672,4.610000133514404,4.684999942779541,4.574999809265137,4.639999866485596,1106100
2024-03-20,4.666540622711182,4.739999771118164,4.764999866485596,4.510000228881836,4.610000133514404,1322700
2024-03-21,4.75514554977417,4.829999923706055,4.869999885559082,4.71999979019165,4.71999979019165,1009200
2024-03-22,4.538555145263672,4.610000133514404,4.900000095367432,4.610000133514404,4.860000133514404,1096300
2024-03-25,4.479485034942627,4.550000190734863,4.65500020980835,4.545000076293945,4.610000133514404,1221600
2024-03-26,4.371190071105957,4.440000057220459,4.610000133514404,4.440000057220459,4.599999904632568,1072200
2024-03-27,4.564692974090576,4.599999904632568,4.614999771118164,4.440000057220459,4.460000038146973,742700
2024-03-28,4.6540021896362305,4.690000057220459,4.760000228881836,4.590000152587891,4.590000152587891,1066800
2024-04-01,4.515077114105225,4.550000190734863,4.699999809265137,4.53000020980835,4.699999809265137,568600
2024-04-02,4.415844440460205,4.449999809265137,4.489999771118164,4.389999866485596,4.489999771118164,648500
2024-04-03,4.495230674743652,4.53000020980835,4.53000020980835,4.400000095367432,4.400000095367432,635700
2024-04-04,4.45553731918335,4.489999771118164,4.639999866485596,4.422999858856201,4.610000133514404,885500
2024-04-05,4.534923553466797,4.570000171661377,4.579999923706055,4.420000076293945,4.460000038146973,1088400
2024-04-08,4.673848628997803,4.710000038146973,4.760000228881836,4.619999885559082,4.650000095367432,823200
2024-04-09,4.7830047607421875,4.820000171661377,4.820000171661377,4.724999904632568,4.730000019073486,925900
2024-04-10,4.574616432189941,4.610000133514404,4.644999980926514,4.5,4.599999904632568,1026800
2024-04-11,4.673848628997803,4.710000038146973,4.739999771118164,4.599999904632568,4.630000114440918,1095400
2024-04-12,4.6540021896362305,4.690000057220459,4.724999904632568,4.619999885559082,4.679999828338623,1268500
2024-04-15,4.554769992828369,4.590000152587891,4.739999771118164,4.550000190734863,4.710000038146973,655100
2024-04-16,4.525000095367432,4.559999942779541,4.590000152587891,4.465000152587891,4.519999980926514,1259000
2024-04-17,4.445614337921143,4.480000019073486,4.619999885559082,4.480000019073486,4.559999942779541,1358100
2024-04-18,4.415844440460205,4.449999809265137,4.579999923706055,4.445000171661377,4.519999980926514,1116000
2024-04-19,4.534923553466797,4.570000171661377,4.574999809265137,4.429999828338623,4.429999828338623,921000
2024-04-22,4.574616432189941,4.610000133514404,4.659999847412109,4.559999942779541,4.599999904632568,600300
2024-04-23,4.673848628997803,4.710000038146973,4.769999980926514,4.610000133514404,4.610000133514404,502700
2024-04-24,4.6540021896362305,4.690000057220459,4.699999809265137,4.590000152587891,4.650000095367432,858200
2024-04-25,4.584539413452148,4.619999885559082,4.644999980926514,4.579999923706055,4.619999885559082,715800
2024-04-26,4.634155750274658,4.670000076293945,4.730000019073486,4.650000095367432,4.659999847412109,442700
2024-04-29,4.723465442657471,4.760000228881836,4.78000020980835,4.699999809265137,4.710000038146973,446700
2024-04-30,4.604385852813721,4.639999866485596,4.789999961853027,4.630000114440918,4.730000019073486,1225800
2024-05-01,4.584539413452148,4.619999885559082,4.75,4.570000171661377,4.639999866485596,973700
2024-05-02,4.763158321380615,4.800000190734863,4.820000171661377,4.550000190734863,4.699999809265137,1673400
2024-05-03,4.773081302642822,4.809999942779541,5.099999904632568,4.739999771118164,4.940000057220459,972000
2024-05-06,4.822697639465332,4.860000133514404,4.980000019073486,4.800000190734863,4.889999866485596,643000
2024-05-07,4.812774181365967,4.849999904632568,4.934999942779541,4.820000171661377,4.889999866485596,915100
2024-05-08,4.75323486328125,4.789999961853027,4.820000171661377,4.75,4.800000190734863,725400
2024-05-09,4.7929277420043945,4.829999923706055,4.829999923706055,4.739999771118164,4.800000190734863,1035100
2024-05-10,4.743311882019043,4.78000020980835,4.880000114440918,4.75,4.820000171661377,541600
2024-05-13,4.822697639465332,4.860000133514404,4.909999847412109,4.800000190734863,4.829999923706055,730600
2024-05-14,4.852467060089111,4.889999866485596,4.9679999351501465,4.829999923706055,4.929999828338623,890900
2024-05-15,4.822697639465332,4.860000133514404,4.994999885559082,4.840000152587891,4.980000019073486,1873300
2024-05-16,4.763158321380615,4.800000190734863,4.880000114440918,4.789999961853027,4.880000114440918,1024400
2024-05-17,4.7929277420043945,4.829999923706055,4.849999904632568,4.78000020980835,4.829999923706055,853200
2024-05-20,4.594462871551514,4.630000114440918,4.820000171661377,4.610000133514404,4.820000171661377,1469300
2024-05-21,4.644078731536865,4.679999828338623,4.684999942779541,4.610000133514404,4.630000114440918,667700
2024-05-22,4.544846534729004,4.579999923706055,4.690000057220459,4.564000129699707,4.650000095367432,980900
2024-05-23,4.435690879821777,4.46999979019165,4.579999923706055,4.429999828338623,4.570000171661377,1030600
2024-05-24,4.435690879821777,4.46999979019165,4.550000190734863,4.449999809265137,4.510000228881836,774500
2024-05-28,4.395998001098633,4.429999828338623,4.550000190734863,4.400000095367432,4.480000019073486,1369600
2024-05-29,4.336458206176758,4.369999885559082,4.389999866485596,4.300000190734863,4.349999904632568,995900
2024-05-30,4.47538423538208,4.510000228881836,4.519999980926514,4.389999866485596,4.440000057220459,1082800
2024-05-31,4.515077114105225,4.550000190734863,4.675000190734863,4.5,4.539999961853027,3579100
2024-06-03,4.644078731536865,4.679999828338623,4.679999828338623,4.570000171661377,4.619999885559082,989500
2024-06-04,4.604385852813721,4.639999866485596,4.710000038146973,4.630000114440918,4.659999847412109,910600
2024-06-05,4.574616432189941,4.610000133514404,4.639999866485596,4.519999980926514,4.639999866485596,925600
2024-06-06,4.554769992828369,4.590000152587891,4.619999885559082,4.545000076293945,4.579999923706055,352900
2024-06-07,4.495230674743652,4.53000020980835,4.550000190734863,4.445000171661377,4.489999771118164,1642200
2024-06-10,4.544846534729004,4.579999923706055,4.630000114440918,4.440000057220459,4.46999979019165,1618600
2024-06-11,4.45553731918335,4.489999771118164,4.579999923706055,4.480000019073486,4.53000020980835,2590000
2024-06-12,4.564692974090576,4.599999904632568,4.84499979019165,4.574999809265137,4.690000057220459,1224300
2024-06-13,4.614309310913086,4.650000095367432,4.670000076293945,4.545000076293945,4.579999923706055,968300
2024-06-14,4.604385852813721,4.639999866485596,4.690000057220459,4.610000133514404,4.610000133514404,601500
2024-06-17,4.574616432189941,4.610000133514404,4.639999866485596,4.545000076293945,4.610000133514404,1702100
2024-06-18,4.584539413452148,4.619999885559082,4.670000076293945,4.585000038146973,4.639999866485596,787600
2024-06-20,4.584539413452148,4.619999885559082,4.639999866485596,4.561999797821045,4.610000133514404,925400
2024-06-21,4.45553731918335,4.489999771118164,4.639999866485596,4.46999979019165,4.630000114440918,4155900
2024-06-24,4.554769992828369,4.590000152587891,4.619999885559082,4.46999979019165,4.519999980926514,1643000
2024-06-25,4.564692974090576,4.599999904632568,4.610000133514404,4.525000095367432,4.610000133514404,657600
2024-06-26,4.465460777282715,4.5,4.574999809265137,4.5,4.550000190734863,760800
2024-06-27,4.525000095367432,4.559999942779541,4.559999942779541,4.480000019073486,4.550000190734863,902300
2024-06-28,4.630000114440918,4.630000114440918,4.630000114440918,4.519999980926514,4.579999923706055,2385500
2024-07-01,4.590000152587891,4.590000152587891,4.670000076293945,4.539999961853027,4.630000114440918,732700
2024-07-02,4.670000076293945,4.670000076293945,4.679999828338623,4.559999942779541,4.599999904632568,762600
2024-07-03,4.710000038146973,4.710000038146973,4.78000020980835,4.650000095367432,4.710000038146973,332300
2024-07-05,4.670000076293945,4.670000076293945,4.715000152587891,4.639999866485596,4.690000057220459,495800
2024-07-08,4.739999771118164,4.739999771118164,4.75,4.670000076293945,4.690000057220459,391200
2024-07-09,4.78000020980835,4.78000020980835,4.78000020980835,4.670000076293945,4.739999771118164,370600
2024-07-10,4.789999961853027,4.789999961853027,4.820000171661377,4.764999866485596,4.800000190734863,594000
2024-07-11,4.949999809265137,4.949999809265137,5.010000228881836,4.829999923706055,4.940000057220459,1263100
2024-07-12,5.099999904632568,5.099999904632568,5.170000076293945,4.960000038146973,5.019999980926514,1448700
2024-07-15,5.28000020980835,5.28000020980835,5.289999961853027,5.085000038146973,5.150000095367432,1029800
2024-07-16,5.380000114440918,5.380000114440918,5.409999847412109,5.295000076293945,5.349999904632568,1218700
2024-07-17,5.309999942779541,5.309999942779541,5.46999979019165,5.309999942779541,5.369999885559082,827300
2024-07-18,5.199999809265137,5.199999809265137,5.369999885559082,5.139999866485596,5.269999980926514,573000
2024-07-19,5.159999847412109,5.159999847412109,5.199999809265137,5.114999771118164,5.179999828338623,645300
2024-07-22,5.230000019073486,5.230000019073486,5.244999885559082,5.11899995803833,5.179999828338623,999700
2024-07-23,5.320000171661377,5.320000171661377,5.355000019073486,5.159999847412109,5.21999979019165,1120000
2024-07-24,5.159999847412109,5.159999847412109,5.369999885559082,5.150000095367432,5.28000020980835,1101400
2024-07-25,5.130000114440918,5.130000114440918,5.25,5.114999771118164,5.190000057220459,1211200
2024-07-26,5.349999904632568,5.349999904632568,5.349999904632568,5.15500020980835,5.199999809265137,1495600
2024-07-29,5.28000020980835,5.28000020980835,5.360000133514404,5.25,5.360000133514404,1179800
2024-07-30,5.170000076293945,5.170000076293945,5.320000171661377,5.070000171661377,5.269999980926514,5772000
2024-07-31,5.239999771118164,5.239999771118164,5.380000114440918,5.110000133514404,5.159999847412109,1785700
2024-08-01,5.059999942779541,5.059999942779541,5.389999866485596,5.010000228881836,5.170000076293945,1310800
2024-08-02,4.78000020980835,4.78000020980835,4.929999828338623,4.75,4.869999885559082,1066200
2024-08-05,4.550000190734863,4.550000190734863,4.65500020980835,4.489999771118164,4.579999923706055,1593300
2024-08-06,4.75,4.75,4.824999809265137,4.519999980926514,4.539999961853027,1066000
2024-08-07,4.690000057220459,4.690000057220459,4.869999885559082,4.670000076293945,4.849999904632568,685200
2024-08-08,4.730000019073486,4.730000019073486,4.764999866485596,4.659999847412109,4.739999771118164,677600
2024-08-09,4.739999771118164,4.739999771118164,4.775000095367432,4.679999828338623,4.75,387800
2024-08-12,4.579999923706055,4.579999923706055,4.744999885559082,4.559999942779541,4.739999771118164,706100
2024-08-13,4.78000020980835,4.78000020980835,4.795000076293945,4.630000114440918,4.650000095367432,492500
2024-08-14,4.730000019073486,4.730000019073486,4.829999923706055,4.679999828338623,4.829999923706055,445800
2024-08-15,4.769999980926514,4.769999980926514,4.869999885559082,4.730000019073486,4.869999885559082,636200
2024-08-16,4.800000190734863,4.800000190734863,4.840000152587891,4.704999923706055,4.760000228881836,621600
2024-08-19,4.880000114440918,4.880000114440918,4.889999866485596,4.769999980926514,4.78000020980835,432300
2024-08-20,4.769999980926514,4.769999980926514,4.900000095367432,4.760000228881836,4.860000133514404,464000
2024-08-21,4.849999904632568,4.849999904632568,4.860000133514404,4.739999771118164,4.789999961853027,487900
2024-08-22,4.800000190734863,4.800000190734863,4.849999904632568,4.769999980926514,4.820000171661377,570300
2024-08-23,4.989999771118164,4.989999771118164,5.025000095367432,4.78000020980835,4.829999923706055,880900
2024-08-26,5.03000020980835,5.03000020980835,5.079999923706055,4.985000133514404,5.059999942779541,586900
2024-08-27,5.019999980926514,5.019999980926514,5.059999942779541,4.940000057220459,4.980000019073486,531600
2024-08-28,4.929999828338623,4.929999828338623,5.034999847412109,4.900000095367432,4.989999771118164,765300
2024-08-29,4.949999809265137,4.949999809265137,4.985000133514404,4.885000228881836,4.96999979019165,616600
2024-08-30,5.050000190734863,5.050000190734863,5.050000190734863,4.934999942779541,5.0,703100
2024-09-03,4.980000019073486,4.980000019073486,5.019999980926514,4.940000057220459,4.96999979019165,774700
2024-09-04,4.96999979019165,4.96999979019165,5.085000038146973,4.925000190734863,4.949999809265137,504600
2024-09-05,4.869999885559082,4.869999885559082,5.03000020980835,4.864999771118164,5.019999980926514,600400
2024-09-06,4.809999942779541,4.809999942779541,4.909999847412109,4.784999847412109,4.860000133514404,555000
2024-09-09,4.829999923706055,4.829999923706055,4.860000133514404,4.784999847412109,4.800000190734863,419200
2024-09-10,4.820000171661377,4.820000171661377,4.869999885559082,4.755000114440918,4.840000152587891,604000
2024-09-11,4.889999866485596,4.889999866485596,4.900000095367432,4.710000038146973,4.760000228881836,476300
2024-09-12,4.940000057220459,4.940000057220459,4.994999885559082,4.880000114440918,4.940000057220459,562900
2024-09-13,5.050000190734863,5.050000190734863,5.059999942779541,4.934999942779541,5.0,872400
2024-09-16,5.090000152587891,5.090000152587891,5.150000095367432,5.019999980926514,5.110000133514404,802600
2024-09-17,5.079999923706055,5.079999923706055,5.150000095367432,5.03000020980835,5.130000114440918,1113600
2024-09-18,5.119999885559082,5.119999885559082,5.295000076293945,5.090000152587891,5.090000152587891,1032800
2024-09-19,5.170000076293945,5.170000076293945,5.21999979019165,5.090000152587891,5.21999979019165,801800
2024-09-20,5.019999980926514,5.019999980926514,5.170000076293945,5.019999980926514,5.039999961853027,4542500
2024-09-23,5.090000152587891,5.090000152587891,5.170000076293945,5.085000038146973,5.090000152587891,1116900
2024-09-24,5.079999923706055,5.079999923706055,5.144999980926514,5.059999942779541,5.090000152587891,974100
2024-09-25,5.0,5.0,5.070000171661377,4.960000038146973,5.059999942779541,522600
2024-09-26,4.96999979019165,4.96999979019165,5.065000057220459,4.965000152587891,5.059999942779541,685500
2024-09-27,4.949999809265137,4.949999809265137,5.079999923706055,4.945000171661377,5.010000228881836,676100
2024-09-30,4.920000076293945,4.920000076293945,5.03000020980835,4.920000076293945,4.949999809265137,1276500
2024-10-01,4.889999866485596,4.889999866485596,4.929999828338623,4.829999923706055,4.900000095367432,769700
2024-10-02,4.860000133514404,4.860000133514404,4.90500020980835,4.800000190734863,4.840000152587891,522500
2024-10-03,4.820000171661377,4.820000171661377,4.849999904632568,4.775000095367432,4.829999923706055,622600
2024-10-04,4.869999885559082,4.869999885559082,4.909999847412109,4.835000038146973,4.860000133514404,572500
2024-10-07,4.840000152587891,4.840000152587891,4.864999771118164,4.775000095367432,4.829999923706055,720800
2024-10-08,4.860000133514404,4.860000133514404,4.889999866485596,4.795000076293945,4.849999904632568,699800
2024-10-09,4.920000076293945,4.920000076293945,4.929999828338623,4.823999881744385,4.849999904632568,679300
2024-10-10,4.940000057220459,4.940000057220459,4.949999809265137,4.849999904632568,4.880000114440918,630800
2024-10-11,5.0,5.0,5.014999866485596,4.960000038146973,4.960000038146973,664200
2024-10-14,5.050000190734863,5.050000190734863,5.099999904632568,4.96999979019165,4.96999979019165,885600
2024-10-15,5.21999979019165,5.21999979019165,5.300000190734863,4.960000038146973,5.039999961853027,1378200
2024-10-16,5.210000038146973,5.210000038146973,5.340000152587891,5.159999847412109,5.260000228881836,1247400
2024-10-17,5.269999980926514,5.269999980926514,5.315000057220459,5.190000057220459,5.21999979019165,683500
2024-10-18,5.360000133514404,5.360000133514404,5.385000228881836,5.244999885559082,5.269999980926514,720500
2024-10-21,5.25,5.25,5.438000202178955,5.25,5.380000114440918,876700
2024-10-22,5.289999961853027,5.289999961853027,5.329999923706055,5.244999885559082,5.25,501500
2024-10-23,5.139999866485596,5.139999866485596,5.28000020980835,5.114999771118164,5.239999771118164,617900
2024-10-24,5.199999809265137,5.199999809265137,5.199999809265137,5.105000019073486,5.139999866485596,692600
2024-10-25,5.070000171661377,5.070000171661377,5.275000095367432,5.070000171661377,5.260000228881836,396700
2024-10-28,5.010000228881836,5.010000228881836,5.199999809265137,5.0,5.110000133514404,738100
2024-10-29,4.980000019073486,4.980000019073486,5.039999961853027,4.920000076293945,4.989999771118164,952300
2024-10-30,5.050000190734863,5.050000190734863,5.119999885559082,4.96999979019165,4.980000019073486,838100
2024-10-31,4.849999904632568,4.849999904632568,5.090000152587891,4.690000057220459,5.0,2673300
2024-11-01,4.809999942779541,4.809999942779541,5.079999923706055,4.809999942779541,4.920000076293945,882400
2024-11-04,4.949999809265137,4.949999809265137,5.025000095367432,4.800000190734863,4.829999923706055,721800
2024-11-05,4.960000038146973,4.960000038146973,5.019999980926514,4.900000095367432,4.940000057220459,676700
2024-11-06,5.139999866485596,5.139999866485596,5.239999771118164,5.025000095367432,5.190000057220459,2514500
2024-11-07,5.199999809265137,5.199999809265137,5.264999866485596,5.119999885559082,5.159999847412109,980700
2024-11-08,5.239999771118164,5.239999771118164,5.289999961853027,5.195000171661377,5.21999979019165,747800
2024-11-11,5.269999980926514,5.269999980926514,5.349999904632568,5.239999771118164,5.28000020980835,622800
2024-11-12,5.190000057220459,5.190000057220459,5.300000190734863,5.15500020980835,5.210000038146973,784700
2024-11-13,5.139999866485596,5.139999866485596,5.289999961853027,5.130000114440918,5.21999979019165,634800
2024-11-14,5.03000020980835,5.03000020980835,5.179999828338623,5.010000228881836,5.179999828338623,1228800
2024-11-15,4.820000171661377,4.820000171661377,5.110000133514404,4.795000076293945,5.059999942779541,1217500
2024-11-18,4.699999809265137,4.699999809265137,4.829999923706055,4.699999809265137,4.829999923706055,1197800
2024-11-19,4.760000228881836,4.760000228881836,4.78000020980835,4.65500020980835,4.710000038146973,837600
2024-11-20,4.710000038146973,4.710000038146973,4.735000133514404,4.659999847412109,4.71999979019165,605100
2024-11-21,4.71999979019165,4.71999979019165,4.760000228881836,4.699999809265137,4.760000228881836,739700
2024-11-22,4.75,4.75,4.769999980926514,4.695000171661377,4.71999979019165,891200
2024-11-25,4.840000152587891,4.840000152587891,4.945000171661377,4.75600004196167,4.769999980926514,1471000
2024-11-26,4.880000114440918,4.880000114440918,4.900000095367432,4.789999961853027,4.820000171661377,503000
2024-11-27,4.889999866485596,4.889999866485596,5.03000020980835,4.889999866485596,4.900000095367432,534100
2024-11-29,4.860000133514404,4.860000133514404,4.980000019073486,4.860000133514404,4.949999809265137,606200
2024-12-02,4.769999980926514,4.769999980926514,4.909999847412109,4.755000114440918,4.900000095367432,639700
2024-12-03,4.75,4.75,4.820000171661377,4.690000057220459,4.789999961853027,665400
2024-12-04,4.760000228881836,4.760000228881836,4.789999961853027,4.699999809265137,4.769999980926514,754300
2024-12-05,4.800000190734863,4.800000190734863,4.820000171661377,4.639999866485596,4.699999809265137,1005600
2024-12-06,4.809999942779541,4.809999942779541,4.869999885559082,4.75,4.849999904632568,738900
2024-12-09,4.989999771118164,4.989999771118164,5.039999961853027,4.840000152587891,4.840000152587891,592200
2024-12-10,4.869999885559082,4.869999885559082,5.019999980926514,4.849999904632568,5.010000228881836,597200
2024-12-11,4.880000114440918,4.880000114440918,4.940000057220459,4.860000133514404,4.940000057220459,697325
