Date,Adj Close,Close,High,Low,Open,Volume
2020-02-13,17.073467254638672,24.829999923706055,24.959999084472656,24.799999237060547,24.950000762939453,867066
2020-02-14,17.066593170166016,24.81999969482422,24.899999618530273,24.809999465942383,24.850000381469727,350092
2020-02-18,17.08721923828125,24.850000381469727,24.8700008392334,24.81999969482422,24.860000610351562,408760
2020-02-19,17.100971221923828,24.8700008392334,24.899999618530273,24.81999969482422,24.850000381469727,289719
2020-02-20,17.15598487854004,24.950000762939453,24.950000762939453,24.829999923706055,24.850000381469727,454054
2020-02-21,17.162857055664062,24.959999084472656,25.020000457763672,24.950000762939453,24.950000762939453,542342
2020-02-24,16.97719955444336,24.690000534057617,24.84000015258789,24.649999618530273,24.719999313354492,332086
2020-02-25,16.98407745361328,24.700000762939453,24.829999923706055,24.50149917602539,24.829999923706055,261199
2020-02-26,17.052833557128906,24.799999237060547,24.860000610351562,24.655000686645508,24.860000610351562,295328
2020-02-27,16.805295944213867,24.440000534057617,24.690000534057617,24.094999313354492,24.690000534057617,313649
2020-02-28,16.28270721435547,23.68000030517578,24.07699966430664,23.299999237060547,24.049999237060547,1834625
2020-03-02,16.420230865478516,23.8799991607666,23.989999771118164,23.286300659179688,23.649999618530273,201459
2020-03-03,16.550880432128906,24.06999969482422,24.350000381469727,23.969999313354492,24.020000457763672,207043
2020-03-04,16.95656967163086,24.65999984741211,24.690000534057617,24.239900588989258,24.239999771118164,189747
2020-03-05,16.79154396057129,24.420000076293945,24.62339973449707,24.350000381469727,24.389999389648438,199721
2020-03-06,16.482114791870117,23.969999313354492,24.25,23.700000762939453,24.25,130662
2020-03-09,14.749330520629883,21.450000762939453,23.612899780273438,21.440000534057617,23.5,196117
2020-03-10,14.962493896484375,21.760000228881836,22.358600616455078,21.450000762939453,21.670000076293945,245227
2020-03-11,14.09609603881836,20.5,21.75,20.219999313354492,21.5,166184
2020-03-12,11.826971054077148,17.200000762939453,19.899999618530273,16.40999984741211,19.899999618530273,309098
2020-03-13,12.342677116394043,17.950000762939453,19.166000366210938,17.780000686645508,18.110000610351562,292087
2020-03-16,11.13935375213623,16.200000762939453,16.850000381469727,14.029999732971191,14.029999732971191,211149
2020-03-17,10.259206771850586,14.920000076293945,16.360000610351562,13.039999961853027,16.239999771118164,236520
2020-03-18,6.876143455505371,10.0,14.420000076293945,7.140999794006348,14.420000076293945,304889
2020-03-19,9.860390663146973,14.34000015258789,15.119999885559082,10.0,10.0,263685
2020-03-20,8.595179557800293,12.5,16.354999542236328,12.5,14.84000015258789,157174
2020-03-23,6.477328777313232,9.420000076293945,12.609999656677246,7.5,12.609999656677246,350725
2020-03-24,4.545131206512451,6.610000133514404,11.369999885559082,6.550000190734863,10.359999656677246,283774
2020-03-25,5.824094295501709,8.470000267028809,10.258500099182129,6.699999809265137,6.699999809265137,394681
2020-03-26,9.365307807922363,13.619999885559082,13.739999771118164,9.789999961853027,9.789999961853027,309169
2020-03-27,9.750373840332031,14.180000305175781,14.727899551391602,12.970000267028809,12.970000267028809,105104
2020-03-30,8.251373291015625,12.0,14.649999618530273,11.576000213623047,14.649999618530273,141125
2020-03-31,8.959615707397461,13.029999732971191,14.364299774169922,12.5600004196167,13.5,293909
2020-04-01,8.16886043548584,11.880000114440918,12.880000114440918,11.020000457763672,12.40999984741211,166033
2020-04-02,7.5293779373168945,10.949999809265137,12.51099967956543,10.609999656677246,11.880000114440918,150121
2020-04-03,5.384021759033203,7.829999923706055,11.0,7.349999904632568,11.0,301953
2020-04-06,6.119767189025879,8.899999618530273,10.270000457763672,8.770000457763672,9.390000343322754,207456
2020-04-07,7.666899681091309,11.149999618530273,12.0,10.5,10.756999969482422,311192
2020-04-08,9.970409393310547,14.5,15.25,12.270000457763672,12.270000457763672,313919
2020-04-09,10.520501136779785,15.300000190734863,17.0,14.760000228881836,15.949999809265137,207023
2020-04-13,10.400169372558594,15.125,15.970000267028809,13.53499984741211,15.970000267028809,131930
2020-04-14,10.462239265441895,14.8100004196167,16.0,14.0,15.300000190734863,115156
2020-04-15,9.812323570251465,13.890000343322754,14.421899795532227,13.029999732971191,13.59000015258789,71787
2020-04-16,9.550943374633789,13.520000457763672,13.979999542236328,12.869999885559082,13.979999542236328,113927
2020-04-17,9.854708671569824,13.949999809265137,14.300000190734863,13.550000190734863,14.25,160568
2020-04-20,9.586263656616211,13.569999694824219,13.989999771118164,13.297300338745117,13.4399995803833,47661
2020-04-21,10.773067474365234,15.25,15.460000038146973,13.34000015258789,13.369999885559082,249481
2020-04-22,10.843711853027344,15.350000381469727,16.030000686645508,15.300000190734863,15.989999771118164,147072
2020-04-23,10.900227546691895,15.430000305175781,15.899999618530273,15.0,15.199999809265137,113386
2020-04-24,10.554075241088867,14.9399995803833,15.479999542236328,14.069999694824219,15.479999542236328,141378
2020-04-27,10.8507719039917,15.359999656677246,15.489999771118164,14.687999725341797,15.25,156325
2020-04-28,11.415921211242676,16.15999984741211,16.479999542236328,15.260000228881836,15.260000228881836,205709
2020-04-29,12.348408699035645,17.479999542236328,17.719999313354492,16.5,16.6299991607666,212107
2020-04-30,12.249509811401367,17.34000015258789,17.549999237060547,16.56999969482422,17.0,269510
2020-05-01,11.726749420166016,16.600000381469727,16.973800659179688,16.049999237060547,16.799999237060547,40184
2020-05-04,11.500693321228027,16.280000686645508,16.790000915527344,15.978400230407715,16.600000381469727,88994
2020-05-05,12.694560050964355,17.969999313354492,18.790000915527344,17.600000381469727,17.690000534057617,305773
2020-05-06,12.55327320098877,17.770000457763672,17.950000762939453,17.200000762939453,17.5,55657
2020-05-07,12.602723121643066,17.84000015258789,18.299999237060547,17.440000534057617,17.709999084472656,130709
2020-05-08,12.503823280334473,17.700000762939453,18.0,17.649999618530273,17.84000015258789,48430
2020-05-11,12.178864479064941,17.239999771118164,17.47599983215332,16.5,16.850000381469727,279375
2020-05-12,11.599520683288574,16.41990089416504,17.170000076293945,16.229999542236328,17.170000076293945,171198
2020-05-13,11.090963363647461,15.699999809265137,16.5,14.510000228881836,16.5,203102
2020-05-14,11.684364318847656,16.540000915527344,16.649900436401367,14.670000076293945,14.770000457763672,110578
2020-05-15,11.747942924499512,16.6299991607666,16.8799991607666,16.510000228881836,16.540000915527344,28326
2020-05-18,12.009320259094238,17.0,17.459999084472656,16.709999084472656,17.200000762939453,36181
2020-05-19,11.853909492492676,16.780000686645508,17.100000381469727,16.6299991607666,16.6299991607666,268441
2020-05-20,12.55327320098877,17.770000457763672,18.18000030517578,17.440000534057617,17.520000457763672,231642
2020-05-21,12.362537384033203,17.5,17.84000015258789,17.309999465942383,17.309999465942383,141032
2020-05-22,12.36960220336914,17.510000228881836,17.6299991607666,17.25,17.420000076293945,50890
2020-05-26,12.517952919006348,17.719999313354492,17.938199996948242,17.510000228881836,17.75,106257
2020-05-27,12.680432319641113,17.950000762939453,17.950000762939453,17.469999313354492,17.75,113353
2020-05-28,12.539146423339844,17.75,18.18000030517578,17.6299991607666,17.950000762939453,121019
2020-05-29,12.503823280334473,17.700000762939453,17.889999389648438,17.540000915527344,17.59000015258789,77175
2020-06-01,12.70162296295166,17.979999542236328,18.1299991607666,17.75,17.75,59850
2020-06-02,12.687494277954102,17.959999084472656,18.15999984741211,17.860000610351562,18.0,66563
2020-06-03,12.955941200256348,18.34000015258789,18.479999542236328,18.030000686645508,18.030000686645508,91564
2020-06-04,13.210256576538086,18.700000762939453,18.760000228881836,18.010000228881836,18.489999771118164,112126
2020-06-05,13.81778335571289,19.559999465942383,20.0,19.040000915527344,19.25,159042
2020-06-08,14.015586853027344,19.84000015258789,20.149999618530273,19.56999969482422,19.850000381469727,133874
2020-06-09,14.08622932434082,19.940000534057617,19.940000534057617,19.399999618530273,19.729999542236328,59161
2020-06-10,14.057971000671387,19.899999618530273,19.979999542236328,19.399999618530273,19.979999542236328,81387
2020-06-11,13.280899047851562,18.799999237060547,19.219999313354492,18.469999313354492,19.219999313354492,40279
2020-06-12,13.323283195495605,18.860000610351562,19.510000228881836,18.40999984741211,19.309999465942383,91046
2020-06-15,13.185528755187988,18.665000915527344,18.770000457763672,18.399999618530273,18.649999618530273,27676
2020-06-16,13.443373680114746,19.030000686645508,19.65999984741211,18.81999969482422,19.0,35627
2020-06-17,13.08309555053711,18.520000457763672,19.079999923706055,18.375,19.0,44316
2020-06-18,12.864103317260742,18.209999084472656,18.969999313354492,18.209999084472656,18.510000228881836,28273
2020-06-19,13.01245403289795,18.420000076293945,18.739999771118164,18.420000076293945,18.549999237060547,42485
2020-06-22,13.104289054870605,18.549999237060547,18.68000030517578,18.334999084472656,18.420000076293945,21786
2020-06-23,13.52814769744873,19.149999618530273,19.222900390625,18.744699478149414,18.920000076293945,102998
2020-06-24,13.238508224487305,18.739999771118164,19.1299991607666,18.300800323486328,19.1299991607666,51780
2020-06-25,13.316218376159668,18.850000381469727,18.959999084472656,18.479999542236328,18.5,28066
2020-06-26,13.005390167236328,18.40999984741211,18.540000915527344,18.209999084472656,18.309999465942383,26360
2020-06-29,12.736948013305664,18.030000686645508,18.489999771118164,18.020000457763672,18.309999465942383,36234
2020-06-30,12.6592378616333,17.920000076293945,18.190000534057617,17.68000030517578,18.030000686645508,108452
2020-07-01,12.616854667663574,17.860000610351562,18.110300064086914,17.729999542236328,17.729999542236328,32746
2020-07-02,12.55327320098877,17.770000457763672,18.190000534057617,17.75,17.959999084472656,58911
2020-07-06,12.35547161102295,17.489999771118164,18.06999969482422,17.309999465942383,18.06999969482422,46519
2020-07-07,12.150609016418457,17.200000762939453,17.700700759887695,16.709999084472656,17.690000534057617,57938
2020-07-08,12.221251487731934,17.299999237060547,17.549999237060547,17.100000381469727,17.399999618530273,30336
2020-07-09,12.009320259094238,17.0,17.34000015258789,16.809999465942383,17.34000015258789,53310
2020-07-10,12.14354419708252,17.190000534057617,17.558000564575195,16.899999618530273,17.0,52504
2020-07-13,12.030516624450684,17.030000686645508,17.350000381469727,16.94499969482422,17.209999084472656,94586
2020-07-14,12.043852806091309,16.649999618530273,16.719999313354492,16.34000015258789,16.59000015258789,96524
2020-07-15,12.45616340637207,17.219999313354492,17.229999542236328,16.75,17.09000015258789,33238
2020-07-16,12.550201416015625,17.350000381469727,17.5,16.799999237060547,16.799999237060547,64580
2020-07-17,12.832307815551758,17.739999771118164,18.0,17.40999984741211,17.440000534057617,75563
2020-07-20,12.731039047241211,17.600000381469727,17.739999771118164,17.469999313354492,17.739999771118164,26536
2020-07-21,12.87570858001709,17.799999237060547,17.989900588989258,17.520000457763672,17.520000457763672,76021
2020-07-22,13.027616500854492,18.010000228881836,18.06999969482422,17.905000686645508,17.959999084472656,94896
2020-07-23,13.15058422088623,18.18000030517578,18.190000534057617,17.950000762939453,18.1200008392334,84266
2020-07-24,13.128885269165039,18.149999618530273,18.239900588989258,17.90999984741211,17.90999984741211,31230
2020-07-27,13.20121955871582,18.25,18.479999542236328,18.149999618530273,18.149999618530273,38794
2020-07-28,13.45439338684082,18.600000381469727,18.75,18.229999542236328,18.43000030517578,63301
2020-07-29,13.729269981384277,18.979999542236328,18.979999542236328,18.420000076293945,18.420000076293945,97398
2020-07-30,13.722034454345703,18.969999313354492,19.149999618530273,18.829999923706055,18.8700008392334,114325
2020-07-31,13.591832160949707,18.790000915527344,18.969999313354492,18.489999771118164,18.969999313354492,41447
2020-08-03,13.570131301879883,18.760000228881836,18.969999313354492,18.75,18.93000030517578,50762
2020-08-04,13.599065780639648,18.799999237060547,18.969999313354492,18.799999237060547,18.969999313354492,45263
2020-08-05,13.874661445617676,19.180999755859375,19.260000228881836,18.860000610351562,18.860000610351562,45021
2020-08-06,13.94627857208252,19.280000686645508,19.489999771118164,19.1299991607666,19.1299991607666,46326
2020-08-07,14.058394432067871,19.434999465942383,19.469999313354492,19.06909942626953,19.200000762939453,27827
2020-08-10,14.409218788146973,19.920000076293945,19.920000076293945,19.059999465942383,19.399999618530273,90545
2020-08-11,14.496026992797852,20.040000915527344,20.56999969482422,19.6299991607666,19.6299991607666,237590
2020-08-12,14.373053550720215,19.8700008392334,20.149999618530273,19.799999237060547,20.0,48577
2020-08-13,14.36582088470459,19.860000610351562,20.100000381469727,19.799999237060547,20.100000381469727,72239
2020-08-14,14.45262336730957,19.979999542236328,20.200000762939453,19.8799991607666,19.969999313354492,11734
2020-08-17,14.394754409790039,19.899999618530273,20.040000915527344,19.780000686645508,20.0,50971
2020-08-18,14.467087745666504,20.0,20.0,19.84000015258789,19.85099983215332,28576
2020-08-19,14.351354598999023,19.84000015258789,19.989999771118164,19.639999389648438,19.639999389648438,33024
2020-08-20,14.315186500549316,19.790000915527344,19.989999771118164,19.75,19.899999618530273,28393
2020-08-21,14.264548301696777,19.719999313354492,19.902000427246094,19.649999618530273,19.799999237060547,31329
2020-08-24,14.250082015991211,19.700000762939453,20.149999618530273,19.6299991607666,20.149999618530273,53953
2020-08-25,14.315186500549316,19.790000915527344,19.860000610351562,19.559999465942383,19.559999465942383,42703
2020-08-26,14.21391487121582,19.649999618530273,19.940000534057617,19.6200008392334,19.75,73973
2020-08-27,14.163281440734863,19.579999923706055,19.850000381469727,19.579999923706055,19.649999618530273,58233
2020-08-28,14.322418212890625,19.799999237060547,19.899999618530273,19.649999618530273,19.748300552368164,29440
2020-08-31,14.315186500549316,19.790000915527344,19.889999389648438,19.600000381469727,19.600000381469727,27686
2020-09-01,14.271784782409668,19.729999542236328,19.989999771118164,19.68000030517578,19.8700008392334,36147
2020-09-02,14.170516967773438,19.59000015258789,19.770000457763672,19.42959976196289,19.770000457763672,79345
2020-09-03,13.837773323059082,19.1299991607666,19.670000076293945,19.1299991607666,19.600000381469727,54099
2020-09-04,13.664166450500488,18.889999389648438,19.290000915527344,18.889999389648438,19.15999984741211,46792
2020-09-08,13.600364685058594,18.801799774169922,19.099899291992188,18.76799964904785,18.920000076293945,25708
2020-09-09,13.58459758758545,18.780000686645508,19.520000457763672,18.6299991607666,19.520000457763672,51337
2020-09-10,13.75820255279541,19.020000457763672,19.174999237060547,18.700000762939453,18.700000762939453,39461
2020-09-11,13.671399116516113,18.899999618530273,19.389999389648438,18.709999084472656,19.389999389648438,28945
2020-09-14,13.816068649291992,19.100000381469727,19.200000762939453,18.969999313354492,18.969999313354492,68344
2020-09-15,13.808835983276367,19.09000015258789,19.399999618530273,19.079999923706055,19.110000610351562,45815
2020-09-16,13.707569122314453,18.950000762939453,19.209999084472656,18.8700008392334,19.149999618530273,42483
2020-09-17,13.599065780639648,18.799999237060547,19.030000686645508,18.700199127197266,18.946699142456055,34760
2020-09-18,13.729269981384277,18.979999542236328,18.979999542236328,18.600000381469727,18.799999237060547,123031
2020-09-21,13.613746643066406,18.82029914855957,18.979999542236328,18.75,18.950000762939453,56606
2020-09-22,13.722034454345703,18.969999313354492,19.09000015258789,18.770000457763672,18.899999618530273,16998
2020-09-23,13.526731491088867,18.700000762939453,19.200000762939453,18.049999237060547,19.200000762939453,47861
2020-09-24,13.382057189941406,18.5,18.804000854492188,18.316999435424805,18.709999084472656,52775
2020-09-25,13.707569122314453,18.950000762939453,19.0,18.670000076293945,18.670000076293945,20039
2020-09-28,13.794370651245117,19.06999969482422,19.280000686645508,18.950000762939453,19.260000228881836,56793
2020-09-29,13.801602363586426,19.079999923706055,19.329999923706055,19.0,19.309999465942383,54109
2020-09-30,13.635231971740723,18.850000381469727,19.100000381469727,18.850000381469727,19.079999923706055,136605
2020-10-01,13.671399116516113,18.899999618530273,19.079999923706055,18.729999542236328,19.0,49457
2020-10-02,13.65693187713623,18.8799991607666,18.90999984741211,18.729999542236328,18.809999465942383,36412
2020-10-05,13.649700164794922,18.8700008392334,19.1200008392334,18.8700008392334,19.0,40832
2020-10-06,13.613529205322266,18.81999969482422,19.001300811767578,18.81999969482422,18.920000076293945,40987
2020-10-07,13.642465591430664,18.860000610351562,18.940000534057617,18.809999465942383,18.940000534057617,30430
2020-10-08,13.87393856048584,19.18000030517578,19.209999084472656,18.94499969482422,19.209999084472656,100305
2020-10-09,13.939040184020996,19.270000457763672,19.270000457763672,19.049999237060547,19.049999237060547,41095
2020-10-12,13.953510284423828,19.290000915527344,19.469900131225586,19.239999771118164,19.260000228881836,41313
2020-10-13,13.960235595703125,19.299299240112305,19.46500015258789,19.280000686645508,19.299999237060547,28248
2020-10-14,13.834036827087402,18.729999542236328,18.968399047851562,18.600000381469727,18.850099563598633,84896
2020-10-15,13.878352165222168,18.790000915527344,18.829999923706055,18.510000228881836,18.690000534057617,90427
2020-10-16,13.664156913757324,18.5,18.739999771118164,18.485000610351562,18.739999771118164,155908
2020-10-19,13.664156913757324,18.5,18.6299991607666,18.40999984741211,18.549999237060547,47128
2020-10-20,13.72309684753418,18.57979965209961,18.75,18.40999984741211,18.43000030517578,158877
2020-10-21,13.6383056640625,18.46500015258789,18.57990074157715,18.440000534057617,18.57990074157715,50851
2020-10-22,13.738018035888672,18.600000381469727,18.6299991607666,18.440000534057617,18.6299991607666,28393
2020-10-23,13.745403289794922,18.610000610351562,18.65999984741211,18.440000534057617,18.600000381469727,58064
2020-10-26,13.531209945678711,18.31999969482422,18.6299991607666,18.25,18.530000686645508,64957
2020-10-27,13.501664161682129,18.280000686645508,18.399999618530273,18.26259994506836,18.329999923706055,25633
2020-10-28,13.21360969543457,17.889999389648438,18.280000686645508,17.809999465942383,18.209999084472656,79857
2020-10-29,13.257925033569336,17.950000762939453,18.219999313354492,17.690000534057617,17.809999465942383,130444
2020-10-30,13.095433235168457,17.729999542236328,17.899999618530273,17.510000228881836,17.850000381469727,101463
2020-11-02,14.03345775604248,19.0,19.389999389648438,18.549999237060547,18.549999237060547,455734
2020-11-03,13.949626922607422,18.886499404907227,19.200000762939453,18.809999465942383,19.100000381469727,109368
2020-11-04,14.218109130859375,19.25,19.489999771118164,18.899999618530273,18.950000762939453,163693
2020-11-05,14.351057052612305,19.43000030517578,19.6299991607666,19.229999542236328,19.5,199777
2020-11-06,13.952213287353516,18.889999389648438,19.34000015258789,18.889999389648438,19.34000015258789,74598
2020-11-09,14.269810676574707,19.31999969482422,20.270000457763672,19.2810001373291,20.270000457763672,295743
2020-11-10,14.365832328796387,19.450000762939453,19.75,19.37619972229004,19.75,166184
2020-11-11,14.181180953979492,19.200000762939453,19.459999084472656,19.1200008392334,19.459999084472656,47649
2020-11-12,14.03345775604248,19.0,19.239900588989258,19.0,19.100000381469727,171304
2020-11-13,14.188565254211426,19.209999084472656,19.260000228881836,19.050100326538086,19.15999984741211,41872
2020-11-16,14.25503921508789,19.299999237060547,19.549999237060547,19.209999084472656,19.34000015258789,94461
2020-11-17,14.277195930480957,19.329999923706055,19.440000534057617,19.209999084472656,19.219999313354492,139671
2020-11-18,14.306743621826172,19.3700008392334,19.610000610351562,19.270000457763672,19.309999465942383,226417
2020-11-19,14.387989044189453,19.479999542236328,19.68000030517578,19.40999984741211,19.450000762939453,69554
2020-11-20,14.602181434631348,19.770000457763672,19.889999389648438,19.639999389648438,19.75,208973
2020-11-23,14.76467227935791,19.989999771118164,20.190000534057617,19.8700008392334,19.90999984741211,156775
2020-11-24,14.808991432189941,20.049999237060547,20.42099952697754,20.020000457763672,20.170000076293945,143811
2020-11-25,14.77206039428711,20.0,21.049999237060547,20.0,20.110000610351562,55135
2020-11-27,14.845921516418457,20.100000381469727,20.219999313354492,19.860000610351562,20.219999313354492,27773
2020-11-30,14.668656349182129,19.860000610351562,20.260000228881836,19.860000610351562,20.229999542236328,76537
2020-12-01,14.757290840148926,19.979999542236328,20.110000610351562,19.93000030517578,19.93000030517578,95245
2020-12-02,14.816380500793457,20.059999465942383,20.1299991607666,19.969999313354492,20.049999237060547,42778
2020-12-03,14.794220924377441,20.030000686645508,20.25,20.010000228881836,20.209999084472656,64748
2020-12-04,14.838533401489258,20.09000015258789,20.188600540161133,20.0,20.049999237060547,78713
2020-12-07,14.801609992980957,20.040000915527344,20.1299991607666,19.950000762939453,20.1299991607666,83584
2020-12-08,14.927170753479004,20.209999084472656,20.239999771118164,20.0,20.010000228881836,53478
2020-12-09,15.030572891235352,20.350000381469727,20.43000030517578,20.14900016784668,20.25,52379
2020-12-10,15.037959098815918,20.360000610351562,20.579999923706055,20.149999618530273,20.15999984741211,41280
2020-12-11,15.052728652954102,20.3799991607666,20.389999389648438,20.170000076293945,20.280000686645508,65777
2020-12-14,14.97148609161377,20.270000457763672,20.520000457763672,20.170000076293945,20.3799991607666,39975
2020-12-15,15.104432106018066,20.450000762939453,20.540000915527344,20.19499969482422,20.219999313354492,166080
2020-12-16,15.193065643310547,20.56999969482422,20.649999618530273,20.30500030517578,20.350000381469727,129983
2020-12-17,15.348170280456543,20.780000686645508,20.81999969482422,20.520000457763672,20.709999084472656,154429
2020-12-18,15.34078598022461,20.770000457763672,20.940000534057617,20.610000610351562,20.68000030517578,88629
2020-12-21,15.318626403808594,20.739999771118164,20.899999618530273,20.360000610351562,20.65999984741211,131309
2020-12-22,15.207836151123047,20.59000015258789,21.0,20.25,20.579999923706055,90280
2020-12-23,15.385103225708008,20.829999923706055,20.950000762939453,20.4950008392334,20.520000457763672,83432
2020-12-24,15.348170280456543,20.780000686645508,20.834999084472656,20.639999389648438,20.639999389648438,36711
2020-12-28,15.133977890014648,20.489999771118164,20.950000762939453,20.31999969482422,20.81999969482422,235833
2020-12-29,15.303853988647461,20.719999313354492,20.770000457763672,20.450000762939453,20.450000762939453,100083
2020-12-30,15.606681823730469,21.1299991607666,21.199899673461914,20.735000610351562,20.899999618530273,144128
2020-12-31,15.680542945861816,21.229999542236328,21.360000610351562,20.860000610351562,21.200000762939453,98135
2021-01-04,15.687931060791016,21.239999771118164,21.3700008392334,21.0,21.270000457763672,97789
2021-01-05,15.806107521057129,21.399999618530273,21.399999618530273,21.200000762939453,21.239999771118164,76972
2021-01-06,15.680542945861816,21.229999542236328,21.399999618530273,21.079999923706055,21.260000228881836,73389
2021-01-07,15.680542945861816,21.229999542236328,21.299999237060547,21.040000915527344,21.282899856567383,40583
2021-01-08,15.53282642364502,21.030000686645508,21.3700008392334,20.850000381469727,21.3700008392334,42591
2021-01-11,15.510663986206055,21.0,21.239999771118164,20.889999389648438,21.079999923706055,83312
2021-01-12,15.702701568603516,21.260000228881836,21.260000228881836,20.799999237060547,21.1200008392334,162013
2021-01-13,15.732247352600098,21.299999237060547,21.520000457763672,21.249500274658203,21.260000228881836,85438
2021-01-14,15.821393966674805,21.020000457763672,21.100000381469727,20.96190071105957,21.010000228881836,89650
2021-01-15,15.821393966674805,21.020000457763672,21.030000686645508,20.700000762939453,21.030000686645508,42864
2021-01-19,15.911712646484375,21.139999389648438,21.18000030517578,20.940000534057617,21.18000030517578,34428
2021-01-20,16.017091751098633,21.280000686645508,21.280000686645508,21.149999618530273,21.170000076293945,88236
2021-01-21,16.145048141479492,21.450000762939453,21.649999618530273,21.200000762939453,21.200000762939453,64967
2021-01-22,16.197736740112305,21.520000457763672,21.559999465942383,21.25,21.25,51884
2021-01-25,16.047197341918945,21.31999969482422,21.520000457763672,21.229999542236328,21.482099533081055,31040
2021-01-26,16.099882125854492,21.389999389648438,21.5,21.25,21.399999618530273,38945
2021-01-27,15.8514986038208,21.059999465942383,21.299999237060547,21.049999237060547,21.299999237060547,41191
2021-01-28,15.956875801086426,21.200000762939453,21.200000762939453,20.920000076293945,21.06999969482422,44643
2021-01-29,15.911712646484375,21.139999389648438,21.260000228881836,20.98889923095703,21.260000228881836,47433
2021-02-01,15.8514986038208,21.059999465942383,21.520000457763672,21.024999618530273,21.110000610351562,22272
2021-02-02,15.836448669433594,21.040000915527344,21.40999984741211,20.829999923706055,20.93000030517578,40917
2021-02-03,15.881606101989746,21.100000381469727,21.239999771118164,21.010000228881836,21.239999771118164,26874
2021-02-04,15.926767349243164,21.15999984741211,21.36989974975586,21.04010009765625,21.229999542236328,43552
2021-02-05,15.84397029876709,21.049999237060547,21.399999618530273,21.049999237060547,21.309999465942383,48017
2021-02-08,15.994511604309082,21.25,21.40999984741211,21.094999313354492,21.40999984741211,28430
2021-02-09,15.881606101989746,21.100000381469727,21.40999984741211,21.100000381469727,21.350000381469727,60078
2021-02-10,15.934294700622559,21.170000076293945,21.3700008392334,21.110000610351562,21.3700008392334,103253
2021-02-11,15.881606101989746,21.100000381469727,21.25,21.06170082092285,21.229999542236328,47523
2021-02-12,15.896663665771484,21.1200008392334,21.219900131225586,20.950000762939453,21.200000762939453,65098
2021-02-16,15.964399337768555,21.209999084472656,21.239999771118164,21.065500259399414,21.200000762939453,178617
2021-02-17,16.11493682861328,21.40999984741211,21.450000762939453,21.31999969482422,21.31999969482422,213927
2021-02-18,16.22031593322754,21.549999237060547,21.549999237060547,21.170000076293945,21.469999313354492,80391
2021-02-19,16.318161010742188,21.68000030517578,21.719999313354492,21.5,21.5,23127
2021-02-22,16.310636520385742,21.670000076293945,21.739999771118164,21.6299991607666,21.739999771118164,77515
2021-02-23,16.288057327270508,21.639999389648438,21.729999542236328,21.579999923706055,21.729999542236328,51723
2021-02-24,16.333215713500977,21.700000762939453,21.700000762939453,21.575000762939453,21.59000015258789,43963
2021-02-25,16.318161010742188,21.68000030517578,21.75,21.674999237060547,21.674999237060547,104622
2021-02-26,16.4160099029541,21.809999465942383,21.809999465942383,21.59000015258789,21.780000686645508,80407
2021-03-01,16.3934326171875,21.780000686645508,21.920000076293945,21.709999084472656,21.729999542236328,69101
2021-03-02,16.57407569885254,22.020000457763672,22.299999237060547,21.610000610351562,21.670000076293945,42576
2021-03-03,16.694503784179688,22.18000030517578,22.450000762939453,21.979999542236328,22.1299991607666,22792
2021-03-04,16.400959014892578,21.790000915527344,22.450000762939453,21.640100479125977,22.290000915527344,50062
2021-03-05,16.423540115356445,21.81999969482422,21.93000030517578,21.614999771118164,21.8799991607666,34856
2021-03-08,16.44611930847168,21.850000381469727,22.100000381469727,21.809999465942383,21.809999465942383,20131
2021-03-09,16.45364761352539,21.860000610351562,22.0,21.860000610351562,22.0,27597
2021-03-10,16.476226806640625,21.889999389648438,22.1200008392334,21.850000381469727,21.899999618530273,40808
2021-03-11,16.717082977294922,22.209999084472656,22.31999969482422,21.8799991607666,21.8799991607666,35544
2021-03-12,16.829988479614258,22.360000610351562,22.360000610351562,22.110000610351562,22.260000228881836,18556
2021-03-15,16.762245178222656,22.270000457763672,22.270000457763672,22.165000915527344,22.243600845336914,19255
2021-03-16,17.04073715209961,22.639999389648438,22.790000915527344,22.350000381469727,22.440000534057617,42425
2021-03-17,16.92783546447754,22.489999771118164,22.690000534057617,22.209999084472656,22.639999389648438,73057
2021-03-18,16.87514877319336,22.420000076293945,22.809999465942383,22.350000381469727,22.530000686645508,63917
2021-03-19,16.972997665405273,22.549999237060547,22.665000915527344,22.299999237060547,22.3700008392334,53835
2021-03-22,16.920310974121094,22.479999542236328,22.6299991607666,22.364999771118164,22.5,33503
2021-03-23,16.935359954833984,22.5,22.68000030517578,22.5,22.600000381469727,32368
2021-03-24,16.935359954833984,22.5,22.649999618530273,22.5,22.600000381469727,48800
2021-03-25,17.01063346862793,22.600000381469727,22.739999771118164,22.600000381469727,22.600000381469727,90681
2021-03-26,16.95794677734375,22.530000686645508,22.739999771118164,22.45159912109375,22.739999771118164,46094
2021-03-29,16.920310974121094,22.479999542236328,22.6200008392334,22.479999542236328,22.559999465942383,46302
2021-03-30,16.935359954833984,22.5,22.65999984741211,22.48870086669922,22.56999969482422,65355
2021-03-31,16.935359954833984,22.5,22.749900817871094,22.5,22.549999237060547,92943
2021-04-01,17.304180145263672,22.989999771118164,22.989999771118164,22.549999237060547,22.549999237060547,81786
2021-04-05,17.311704635620117,23.0,23.010000228881836,22.889999389648438,23.0,47825
2021-04-06,17.35235023498535,23.054000854492188,23.209999084472656,22.770000457763672,23.0,84951
2021-04-07,17.23643684387207,22.899999618530273,23.200000762939453,22.899999618530273,23.049999237060547,61995
2021-04-08,17.386974334716797,23.100000381469727,23.100000381469727,22.895000457763672,22.969999313354492,43704
2021-04-09,17.281591415405273,22.959999084472656,23.18000030517578,22.81999969482422,23.139999389648438,36958
2021-04-12,17.281591415405273,22.959999084472656,23.100000381469727,22.93000030517578,23.0,37184
2021-04-13,17.296649932861328,22.979999542236328,22.979999542236328,22.899999618530273,22.969999313354492,69524
2021-04-14,17.310775756835938,22.600000381469727,22.979999542236328,22.600000381469727,22.6200008392334,134818
2021-04-15,17.54056167602539,22.899999618530273,22.959999084472656,22.6200008392334,22.790000915527344,54591
2021-04-16,17.463964462280273,22.799999237060547,22.950000762939453,22.707700729370117,22.899999618530273,56697
2021-04-19,17.48694610595703,22.829999923706055,22.920000076293945,22.81999969482422,22.920000076293945,23471
2021-04-20,17.319961547851562,22.61199951171875,22.799999237060547,22.5,22.709999084472656,58409
2021-04-21,17.47928237915039,22.81999969482422,22.81999969482422,22.610000610351562,22.641599655151367,42780
2021-04-22,17.55588150024414,22.920000076293945,22.989999771118164,22.829999923706055,22.829999923706055,39813
2021-04-23,17.732051849365234,23.149999618530273,23.149999618530273,22.979999542236328,23.0,35854
2021-04-26,17.923547744750977,23.399999618530273,23.418500900268555,23.15089988708496,23.25,55800
2021-04-27,17.80864906311035,23.25,23.399999618530273,22.899999618530273,23.350000381469727,57239
2021-04-28,17.846946716308594,23.299999237060547,23.350000381469727,22.84000015258789,23.18000030517578,34700
2021-04-29,17.77035140991211,23.200000762939453,23.389999389648438,23.09000015258789,23.350000381469727,33861
2021-04-30,17.44098663330078,22.770000457763672,23.270000457763672,22.40999984741211,23.270000457763672,171058
2021-05-03,17.67843246459961,23.079999923706055,23.15999984741211,22.809999465942383,22.809999465942383,28443
2021-05-04,17.77035140991211,23.200000762939453,23.329999923706055,23.040000915527344,23.079999923706055,36264
2021-05-05,17.892902374267578,23.360000610351562,23.3700008392334,23.270099639892578,23.299999237060547,14600
2021-05-06,17.525245666503906,22.8799991607666,23.3799991607666,22.799999237060547,23.3799991607666,111360
2021-05-07,17.88524627685547,23.350000381469727,23.350000381469727,22.84000015258789,22.90999984741211,38423
2021-05-10,17.79715919494629,23.235000610351562,23.34000015258789,23.15999984741211,23.329999923706055,14671
2021-05-11,17.739709854125977,23.15999984741211,23.270000457763672,23.0,23.18000030517578,34065
2021-05-12,17.65545654296875,23.049999237060547,23.100000381469727,22.790000915527344,23.100000381469727,38476
2021-05-13,17.6707763671875,23.06999969482422,23.139999389648438,23.0,23.09000015258789,28252
2021-05-14,17.795246124267578,23.232500076293945,23.31999969482422,23.079999923706055,23.079999923706055,17232
2021-05-17,17.7933292388916,23.229999542236328,23.25,23.060800552368164,23.190000534057617,23606
2021-05-18,17.7933292388916,23.229999542236328,23.229999542236328,23.04560089111328,23.100000381469727,28960
2021-05-19,17.7626895904541,23.190000534057617,23.25,23.060100555419922,23.139999389648438,25159
2021-05-20,17.724393844604492,23.139999389648438,23.25,23.046600341796875,23.229999542236328,52037
2021-05-21,17.716732025146484,23.1299991607666,23.239999771118164,23.049999237060547,23.219999313354492,48550
2021-05-24,17.77800750732422,23.209999084472656,23.239999771118164,22.950000762939453,23.200000762939453,72919
2021-05-25,17.77800750732422,23.209999084472656,23.239999771118164,23.15999984741211,23.209999084472656,61285
2021-05-26,17.78567123413086,23.219999313354492,23.299999237060547,23.059999465942383,23.229999542236328,104591
2021-05-27,17.739709854125977,23.15999984741211,23.239999771118164,23.110000610351562,23.1299991607666,36896
2021-05-28,17.77800750732422,23.209999084472656,23.229999542236328,23.100000381469727,23.200000762939453,37604
2021-06-01,17.732051849365234,23.149999618530273,23.25,23.135000228881836,23.25,43965
2021-06-02,17.862266540527344,23.31999969482422,23.34000015258789,23.165000915527344,23.190000534057617,84896
2021-06-03,17.869924545288086,23.329999923706055,23.378999710083008,23.15999984741211,23.31999969482422,43793
2021-06-04,17.961841583251953,23.450000762939453,23.489999771118164,23.25,23.25,55611
2021-06-07,18.176311492919922,23.729999542236328,23.75,23.450000762939453,23.450000762939453,45512
2021-06-08,18.390783309936523,24.010000228881836,24.010000228881836,23.530000686645508,23.719999313354492,50870
2021-06-09,18.3065242767334,23.899999618530273,24.1200008392334,23.8700008392334,24.1200008392334,43373
2021-06-10,18.383121490478516,24.0,24.09000015258789,23.934999465942383,24.09000015258789,50074
2021-06-11,18.390783309936523,24.010000228881836,24.010000228881836,23.90999984741211,24.0,35395
2021-06-14,18.459716796875,24.100000381469727,24.100000381469727,23.899999618530273,24.030000686645508,44681
2021-06-15,18.436738967895508,24.06999969482422,24.100000381469727,23.93000030517578,24.100000381469727,31897
2021-06-16,18.482694625854492,24.1299991607666,24.1299991607666,23.90999984741211,24.100000381469727,323149
2021-06-17,18.36014175415039,23.969999313354492,24.190000534057617,23.969999313354492,24.149999618530273,288223
2021-06-18,18.168655395507812,23.719999313354492,23.989999771118164,23.68000030517578,23.989999771118164,44113
2021-06-21,18.3065242767334,23.899999618530273,24.0,23.719999313354492,23.8700008392334,66534
2021-06-22,18.3065242767334,23.899999618530273,23.979999542236328,23.799999237060547,23.979999542236328,42708
2021-06-23,18.268230438232422,23.850000381469727,24.020000457763672,23.829999923706055,24.0,69571
2021-06-24,18.25290870666504,23.829999923706055,24.0,23.774999618530273,23.850000381469727,69595
2021-06-25,18.24524688720703,23.81999969482422,23.97209930419922,23.610000610351562,23.829999923706055,55348
2021-06-28,18.191633224487305,23.75,23.899999618530273,23.700000762939453,23.81999969482422,115473
2021-06-29,18.191633224487305,23.75,23.850000381469727,23.610000610351562,23.809999465942383,54631
2021-06-30,18.383121490478516,24.0,24.0,23.770000457763672,23.799999237060547,76944
2021-07-01,18.275890350341797,23.860000610351562,24.0,23.81999969482422,24.0,140611
2021-07-02,18.36014175415039,23.969999313354492,24.1299991607666,23.860000610351562,23.860000610351562,51071
2021-07-06,18.35248374938965,23.959999084472656,24.18000030517578,23.940000534057617,24.09000015258789,105540
2021-07-07,18.3065242767334,23.899999618530273,24.030000686645508,23.84000015258789,24.030000686645508,40334
2021-07-08,18.268230438232422,23.850000381469727,23.969999313354492,23.780000686645508,23.969999313354492,82659
2021-07-09,18.25290870666504,23.829999923706055,23.940000534057617,23.799999237060547,23.850000381469727,280884
2021-07-12,18.3065242767334,23.899999618530273,23.989999771118164,23.860000610351562,23.959999084472656,162765
2021-07-13,18.3065242767334,23.899999618530273,23.969999313354492,23.75979995727539,23.889999389648438,160623
2021-07-14,18.383203506469727,23.600000381469727,23.68000030517578,23.450000762939453,23.68000030517578,89272
2021-07-15,18.29744529724121,23.489900588989258,23.639999389648438,23.440000534057617,23.639999389648438,60582
2021-07-16,18.344255447387695,23.549999237060547,23.549999237060547,23.40999984741211,23.451400756835938,40106
2021-07-19,18.32868003845215,23.530000686645508,23.540000915527344,23.277000427246094,23.520000457763672,70348
2021-07-20,18.289730072021484,23.479999542236328,23.610000610351562,23.360000610351562,23.549999237060547,102033
2021-07-21,18.289730072021484,23.479999542236328,23.549999237060547,23.40999984741211,23.549999237060547,49921
2021-07-22,18.274150848388672,23.459999084472656,23.5,23.389999389648438,23.5,34658
2021-07-23,18.03267478942871,23.149999618530273,23.420000076293945,23.110000610351562,23.420000076293945,55163
2021-07-26,18.25857162475586,23.440000534057617,23.469999313354492,23.114700317382812,23.1200008392334,45046
2021-07-27,18.165098190307617,23.31999969482422,23.450000762939453,23.180099487304688,23.399999618530273,62236
2021-07-28,18.28583526611328,23.475000381469727,23.520000457763672,23.219999313354492,23.229999542236328,23511
2021-07-29,18.305307388305664,23.5,23.540000915527344,23.40999984741211,23.40999984741211,54407
2021-07-30,18.36762237548828,23.579999923706055,23.579999923706055,23.424999237060547,23.450000762939453,37308
2021-08-02,18.266361236572266,23.450000762939453,23.579999923706055,23.42099952697754,23.549999237060547,104196
2021-08-03,18.25857162475586,23.440000534057617,23.559999465942383,23.40999984741211,23.520000457763672,37465
2021-08-04,18.31309700012207,23.510000228881836,23.56999969482422,23.399999618530273,23.481599807739258,42561
2021-08-05,18.32868003845215,23.530000686645508,23.540000915527344,23.469999313354492,23.540000915527344,32013
2021-08-06,18.46109962463379,23.700000762939453,23.739999771118164,23.5,23.59440040588379,59746
2021-08-09,18.36762237548828,23.579999923706055,23.690000534057617,23.459999084472656,23.690000534057617,24297
2021-08-10,18.32868003845215,23.530000686645508,23.579999923706055,23.34000015258789,23.469999313354492,25137
2021-08-11,18.25857162475586,23.440000534057617,23.6200008392334,23.3700008392334,23.6200008392334,25727
2021-08-12,18.305307388305664,23.5,23.55500030517578,23.440000534057617,23.450000762939453,32748
2021-08-13,18.37541389465332,23.59000015258789,23.59000015258789,23.510099411010742,23.59000015258789,34206
2021-08-16,18.344255447387695,23.549999237060547,23.649999618530273,23.510000228881836,23.6299991607666,64080
2021-08-17,18.344255447387695,23.549999237060547,23.600000381469727,23.5,23.600000381469727,38773
2021-08-18,18.281940460205078,23.469999313354492,23.56999969482422,23.469999313354492,23.56999969482422,34170
2021-08-19,18.266361236572266,23.450000762939453,23.559999465942383,23.43000030517578,23.489999771118164,36633
2021-08-20,18.305307388305664,23.5,23.520000457763672,23.460100173950195,23.520000457763672,19643
2021-08-23,18.301416397094727,23.4950008392334,23.520000457763672,23.469999313354492,23.520000457763672,27285
2021-08-24,18.359834671020508,23.56999969482422,23.649999618530273,23.510000228881836,23.549999237060547,90596
2021-08-25,18.305307388305664,23.5,23.649999618530273,23.5,23.600000381469727,119259
2021-08-26,18.363338470458984,23.574499130249023,23.639999389648438,23.5,23.549999237060547,80802
2021-08-27,18.546785354614258,23.809999465942383,23.8799991607666,23.600000381469727,23.639999389648438,56787
2021-08-30,18.406570434570312,23.6299991607666,23.899999618530273,23.62030029296875,23.899999618530273,50461
2021-08-31,18.57794189453125,23.850000381469727,23.850000381469727,23.6299991607666,23.6299991607666,69780
2021-09-01,18.63246726989746,23.920000076293945,23.959999084472656,23.760000228881836,23.809999465942383,55534
2021-09-02,18.67141342163086,23.969999313354492,24.18000030517578,23.909299850463867,23.955799102783203,49553
2021-09-03,18.66362762451172,23.959999084472656,24.0,23.93000030517578,23.934999465942383,37530
2021-09-07,18.648048400878906,23.940000534057617,24.0,23.81999969482422,24.0,31261
2021-09-08,18.609102249145508,23.889999389648438,23.950000762939453,23.770000457763672,23.8799991607666,43214
2021-09-09,18.61688804626465,23.899999618530273,23.920000076293945,23.790000915527344,23.889999389648438,59742
2021-09-10,18.468887329101562,23.709999084472656,23.90920066833496,23.709999084472656,23.899999618530273,32502
2021-09-13,18.383203506469727,23.600000381469727,23.709999084472656,23.5,23.700000762939453,69912
2021-09-14,18.390995025634766,23.610000610351562,23.850000381469727,23.549999237060547,23.690000534057617,94049
2021-09-15,18.355939865112305,23.565000534057617,23.6299991607666,23.40999984741211,23.610000610351562,133989
2021-09-16,18.383203506469727,23.600000381469727,23.739999771118164,23.479999542236328,23.5,119080
2021-09-17,18.492258071899414,23.739999771118164,23.75,23.579999923706055,23.579999923706055,39520
2021-09-20,18.32868003845215,23.530000686645508,23.65999984741211,23.40999984741211,23.65999984741211,48451
2021-09-21,18.344255447387695,23.549999237060547,23.709999084472656,23.5,23.59000015258789,47639
2021-09-22,18.422149658203125,23.649999618530273,23.729999542236328,23.549999237060547,23.600000381469727,48624
2021-09-23,18.31309700012207,23.510000228881836,23.920000076293945,23.469999313354492,23.649999618530273,113946
2021-09-24,18.196256637573242,23.360000610351562,23.559999465942383,23.350000381469727,23.5,44187
2021-09-27,18.165098190307617,23.31999969482422,23.479999542236328,23.260000228881836,23.3799991607666,59581
2021-09-28,18.157306671142578,23.309999465942383,23.519899368286133,23.149999618530273,23.31999969482422,50839
2021-09-29,18.219623565673828,23.389999389648438,23.389999389648438,23.264999389648438,23.34000015258789,49371
2021-09-30,18.219623565673828,23.389999389648438,23.389999389648438,23.229999542236328,23.389999389648438,44120
2021-10-01,18.274150848388672,23.459999084472656,23.530000686645508,23.36989974975586,23.389999389648438,31089
2021-10-04,18.200149536132812,23.364999771118164,23.450000762939453,23.31999969482422,23.440000534057617,28237
2021-10-05,18.219623565673828,23.389999389648438,23.420000076293945,23.200000762939453,23.3700008392334,45017
2021-10-06,18.165098190307617,23.31999969482422,23.489999771118164,23.260000228881836,23.329999923706055,37680
2021-10-07,18.231311798095703,23.405000686645508,23.510099411010742,23.350000381469727,23.36590003967285,37415
2021-10-08,18.250783920288086,23.43000030517578,23.459999084472656,23.31999969482422,23.31999969482422,22326
2021-10-11,18.336471557617188,23.540000915527344,23.6200008392334,23.4950008392334,23.559999465942383,52206
2021-10-12,18.344255447387695,23.549999237060547,23.600000381469727,23.520000457763672,23.540000915527344,46264
2021-10-13,18.305307388305664,23.5,23.649999618530273,23.469999313354492,23.56999969482422,57385
2021-10-14,18.599632263183594,23.472999572753906,23.480100631713867,23.200000762939453,23.229999542236328,39260
2021-10-15,18.45462417602539,23.290000915527344,23.479999542236328,23.260000228881836,23.440000534057617,27352
2021-10-18,18.391231536865234,23.209999084472656,23.299999237060547,23.030000686645508,23.299999237060547,57260
2021-10-19,18.391231536865234,23.209999084472656,23.21500015258789,23.1299991607666,23.209999084472656,34266
2021-10-20,18.351612091064453,23.15999984741211,23.25,23.139999389648438,23.170000076293945,38842
2021-10-21,18.319921493530273,23.1200008392334,23.239999771118164,23.110000610351562,23.170000076293945,22805
2021-10-22,18.359539031982422,23.170000076293945,23.229999542236328,23.100000381469727,23.100000381469727,18527
2021-10-25,18.375389099121094,23.190000534057617,23.219999313354492,23.149999618530273,23.219999313354492,33998
2021-10-26,18.391231536865234,23.209999084472656,23.25,23.149999618530273,23.170000076293945,29154
2021-10-27,18.383386611938477,23.20009994506836,23.280000686645508,23.173500061035156,23.209999084472656,33285
2021-10-28,18.494243621826172,23.34000015258789,23.3700008392334,23.180099487304688,23.299999237060547,41415
2021-10-29,18.613101959228516,23.489999771118164,23.489999771118164,23.200000762939453,23.350000381469727,65507
2021-11-01,18.537826538085938,23.395000457763672,23.489999771118164,23.299999237060547,23.469999313354492,29230
2021-11-02,18.521976470947266,23.375,23.479999542236328,23.299999237060547,23.479999542236328,29054
2021-11-03,18.573484420776367,23.440000534057617,23.440000534057617,23.299999237060547,23.434999465942383,22491
2021-11-04,18.60517692565918,23.479999542236328,23.489999771118164,23.399999618530273,23.469999313354492,22550
2021-11-05,18.541790008544922,23.399999618530273,23.58989906311035,23.360000610351562,23.489999771118164,44325
2021-11-08,18.700265884399414,23.600000381469727,23.600000381469727,23.399999618530273,23.399999618530273,36364
2021-11-09,18.684415817260742,23.579999923706055,23.579999923706055,23.450000762939453,23.469999313354492,24179
2021-11-10,18.489173889160156,23.333599090576172,23.579999923706055,23.280000686645508,23.469999313354492,30669
2021-11-11,18.446779251098633,23.280099868774414,23.530000686645508,23.209999084472656,23.40999984741211,32329
2021-11-12,18.549707412719727,23.40999984741211,23.469999313354492,23.229999542236328,23.280000686645508,31445
2021-11-15,18.549789428710938,23.41010093688965,23.540000915527344,23.389999389648438,23.520000457763672,28703
2021-11-16,18.573484420776367,23.440000534057617,23.459999084472656,23.25,23.329999923706055,14504
2021-11-17,18.589330673217773,23.459999084472656,23.459999084472656,23.350000381469727,23.440000534057617,18937
2021-11-18,18.478395462036133,23.31999969482422,23.3700008392334,23.15999984741211,23.350000381469727,48800
2021-11-19,18.422927856445312,23.25,23.399999618530273,23.174999237060547,23.25,34927
2021-11-22,18.384418487548828,23.201400756835938,23.350000381469727,23.149999618530273,23.299999237060547,30386
2021-11-23,18.34368896484375,23.149999618530273,23.3700008392334,23.110000610351562,23.190000534057617,65239
2021-11-24,18.327842712402344,23.1299991607666,23.25,23.049999237060547,23.110000610351562,39437
2021-11-26,18.2089900970459,22.979999542236328,23.07990074157715,22.940000534057617,23.0,7738
2021-11-29,18.272377014160156,23.059999465942383,23.100000381469727,22.75,22.979999542236328,50050
2021-11-30,17.987117767333984,22.700000762939453,23.059999465942383,22.700000762939453,22.959999084472656,60621
2021-12-01,18.026735305786133,22.75,23.1200008392334,22.725000381469727,22.760000228881836,41755
2021-12-02,18.06635284423828,22.799999237060547,22.979999542236328,22.58009910583496,22.920000076293945,43139
2021-12-03,17.987829208374023,22.700899124145508,22.899999618530273,22.68000030517578,22.899999618530273,15848
2021-12-06,18.06690788269043,22.80069923400879,22.87030029296875,22.690000534057617,22.690000534057617,18390
2021-12-07,18.14955711364746,22.905000686645508,23.075000762939453,22.829999923706055,22.90999984741211,15837
2021-12-08,18.161441802978516,22.920000076293945,22.960899353027344,22.774999618530273,22.829999923706055,38301
2021-12-09,18.17332649230957,22.934999465942383,23.079999923706055,22.899999618530273,23.0,36559
2021-12-10,18.042587280273438,22.770000457763672,23.09000015258789,22.770000457763672,23.09000015258789,33332
2021-12-13,17.97919273376465,22.690000534057617,22.90999984741211,22.65999984741211,22.770000457763672,40752
2021-12-14,17.987117767333984,22.700000762939453,22.8700008392334,22.700000762939453,22.790000915527344,24706
2021-12-15,18.05843162536621,22.790000915527344,22.799999237060547,22.559999465942383,22.690099716186523,79625
2021-12-16,17.915803909301758,22.610000610351562,22.8700008392334,22.610000610351562,22.790000915527344,63897
2021-12-17,17.991634368896484,22.705699920654297,22.729999542236328,22.549999237060547,22.610000610351562,35308
2021-12-20,17.915882110595703,22.61009979248047,22.820999145507812,22.61009979248047,22.649999618530273,24976
2021-12-21,17.947498321533203,22.649999618530273,22.790000915527344,22.520000457763672,22.790000915527344,64193
2021-12-22,17.956295013427734,22.661100387573242,22.770000457763672,22.639999389648438,22.649999618530273,33604
2021-12-23,18.020872116088867,22.742599487304688,22.920000076293945,22.66010093688965,22.76959991455078,21973
2021-12-27,17.971269607543945,22.68000030517578,22.8700008392334,22.649999618530273,22.760000228881836,106823
2021-12-28,18.042587280273438,22.770000457763672,22.860000610351562,22.530000686645508,22.700000762939453,100297
2021-12-29,18.2089900970459,22.979999542236328,22.979999542236328,22.809999465942383,22.829999923706055,44027
2021-12-30,18.05051040649414,22.780000686645508,23.219999313354492,22.75,23.0,283068
2021-12-31,18.351612091064453,23.15999984741211,23.209999084472656,22.80299949645996,22.8799991607666,38174
2022-01-03,18.407079696655273,23.229999542236328,23.280000686645508,23.1299991607666,23.239999771118164,43460
2022-01-04,18.43877601623535,23.270000457763672,23.299999237060547,23.059999465942383,23.299999237060547,25213
2022-01-05,18.240680694580078,23.020000457763672,23.350000381469727,23.020000457763672,23.300399780273438,29160
2022-01-06,18.417936325073242,23.24370002746582,23.290000915527344,22.92530059814453,23.149999618530273,41362
2022-01-07,18.45462417602539,23.290000915527344,23.350000381469727,23.120100021362305,23.290000915527344,35889
2022-01-10,18.367460250854492,23.18000030517578,23.290000915527344,23.09000015258789,23.290000915527344,42648
2022-01-11,18.415006637573242,23.239999771118164,23.299999237060547,23.09000015258789,23.25,40256
2022-01-12,18.407079696655273,23.229999542236328,23.399999618530273,23.100000381469727,23.329999923706055,63814
2022-01-13,18.51869010925293,22.969999313354492,22.989999771118164,22.790000915527344,22.84000015258789,39107
2022-01-14,18.542877197265625,23.0,23.06100082397461,22.851200103759766,22.959999084472656,93157
2022-01-18,18.38679313659668,22.806400299072266,22.950000762939453,22.760000228881836,22.81999969482422,36807
2022-01-19,18.341325759887695,22.75,22.950000762939453,22.75,22.81999969482422,28118
2022-01-20,18.631563186645508,23.110000610351562,23.260000228881836,22.799999237060547,22.799999237060547,140318
2022-01-21,18.4864444732666,22.93000030517578,23.1200008392334,22.93000030517578,23.049999237060547,35377
2022-01-24,18.488540649414062,22.932600021362305,22.979999542236328,22.600000381469727,22.889999389648438,79978
2022-01-25,18.38163185119629,22.799999237060547,22.899999618530273,22.530000686645508,22.790000915527344,48239
2022-01-26,18.212331771850586,22.59000015258789,22.959999084472656,22.59000015258789,22.959999084472656,28992
2022-01-27,18.163957595825195,22.530000686645508,22.8799991607666,22.530000686645508,22.610000610351562,48239
2022-01-28,18.09954261779785,22.45009994506836,22.75,22.450000762939453,22.530000686645508,33780
2022-01-31,18.180084228515625,22.549999237060547,22.599899291992188,22.40999984741211,22.459999084472656,164544
2022-02-01,18.301015853881836,22.700000762939453,22.790000915527344,22.540000915527344,22.65999984741211,16364
2022-02-02,18.139772415161133,22.5,22.780000686645508,22.420000076293945,22.780000686645508,22722
2022-02-03,18.083337783813477,22.43000030517578,22.649900436401367,22.31999969482422,22.350000381469727,156839
2022-02-04,17.897911071777344,22.200000762939453,22.399999618530273,22.200000762939453,22.399999618530273,34155
2022-02-07,17.881784439086914,22.18000030517578,22.391000747680664,22.059999465942383,22.200000762939453,46342
2022-02-08,17.922094345092773,22.229999542236328,22.40999984741211,22.110000610351562,22.110000610351562,32760
2022-02-09,17.93821907043457,22.25,22.40999984741211,22.209999084472656,22.299999237060547,42973
2022-02-10,17.873722076416016,22.170000076293945,22.350000381469727,22.139999389648438,22.139999389648438,283287
2022-02-11,17.917659759521484,22.22450065612793,22.3700008392334,22.180099487304688,22.3700008392334,41152
2022-02-14,17.712480545043945,21.969999313354492,22.25,21.850000381469727,22.229999542236328,74689
2022-02-15,17.873722076416016,22.170000076293945,22.30299949645996,22.0,22.079999923706055,35621
2022-02-16,18.155899047851562,22.520000457763672,22.551599502563477,22.229999542236328,22.229999542236328,74404
2022-02-17,17.833412170410156,22.1200008392334,22.479999542236328,21.979999542236328,22.309999465942383,15872
2022-02-18,17.873722076416016,22.170000076293945,22.299999237060547,22.0,22.239999771118164,28306
2022-02-22,17.712480545043945,21.969999313354492,22.17690086364746,21.760000228881836,22.020000457763672,32601
2022-02-23,17.55929946899414,21.780000686645508,22.16830062866211,21.670000076293945,22.020000457763672,38813
2022-02-24,17.65604591369629,21.899999618530273,21.899999618530273,21.149999618530273,21.479999542236328,27702
2022-02-25,17.69635772705078,21.950000762939453,22.129199981689453,21.950000762939453,22.049999237060547,32552
2022-02-28,17.543176651000977,21.760000228881836,22.047700881958008,21.760000228881836,22.047700881958008,45460
2022-03-01,17.672170639038086,21.920000076293945,22.04490089416504,21.81999969482422,21.81999969482422,11260
2022-03-02,17.543176651000977,21.760000228881836,21.93000030517578,21.700000762939453,21.899999618530273,41303
2022-03-03,17.615734100341797,21.850000381469727,22.02989959716797,21.760000228881836,21.81999969482422,41145
2022-03-04,17.40612030029297,21.59000015258789,21.8700008392334,21.56999969482422,21.850000381469727,40689
2022-03-07,17.115882873535156,21.229999542236328,21.729999542236328,21.100000381469727,21.729999542236328,29426
2022-03-08,17.059450149536133,21.15999984741211,21.43000030517578,21.15570068359375,21.209999084472656,32385
2022-03-09,17.099756240844727,21.209999084472656,21.309999465942383,21.1299991607666,21.1299991607666,39799
2022-03-10,17.0513858795166,21.149999618530273,21.55620002746582,21.1299991607666,21.18000030517578,26739
2022-03-11,16.970762252807617,21.049999237060547,21.349000930786133,20.930599212646484,21.25,42712
2022-03-14,16.857892990112305,20.90999984741211,21.200000762939453,20.84000015258789,21.100000381469727,95986
2022-03-15,16.962703704833984,21.040000915527344,21.07990074157715,20.700000762939453,20.93000030517578,56167
2022-03-16,17.14006805419922,21.260000228881836,21.32990074157715,21.059999465942383,21.059999465942383,161527
2022-03-17,17.333559036254883,21.5,21.751699447631836,21.27589988708496,21.27589988708496,30901
2022-03-18,17.414180755615234,21.600000381469727,21.75,21.399999618530273,21.399999618530273,75928
2022-03-21,17.29324722290039,21.450000762939453,21.75,21.420000076293945,21.690000534057617,72440
2022-03-22,17.438369750976562,21.6299991607666,21.639999389648438,21.350000381469727,21.450000762939453,38839
2022-03-23,17.414180755615234,21.600000381469727,21.639999389648438,21.440000534057617,21.489999771118164,54790
2022-03-24,17.45046615600586,21.645000457763672,21.770000457763672,21.512699127197266,21.649999618530273,32317
2022-03-25,17.37386703491211,21.549999237060547,21.646900177001953,21.469999313354492,21.600000381469727,56328
2022-03-28,17.414180755615234,21.600000381469727,21.639999389648438,21.530000686645508,21.600000381469727,32252
2022-03-29,17.414180755615234,21.600000381469727,21.690000534057617,21.559999465942383,21.65999984741211,81673
2022-03-30,17.38999366760254,21.56999969482422,21.649999618530273,21.520000457763672,21.59000015258789,76943
2022-03-31,17.381935119628906,21.559999465942383,21.700000762939453,21.559999465942383,21.56999969482422,60572
2022-04-01,17.398056030273438,21.579999923706055,21.670000076293945,21.540000915527344,21.600000381469727,89904
2022-04-04,17.631858825683594,21.8700008392334,21.8700008392334,21.6299991607666,21.65999984741211,107109
2022-04-05,17.510923385620117,21.719999313354492,21.889999389648438,21.599899291992188,21.889999389648438,78159
2022-04-06,17.49480438232422,21.700000762939453,21.703800201416016,21.510000228881836,21.649999618530273,47688
2022-04-07,17.34162139892578,21.510000228881836,21.714599609375,21.510000228881836,21.559999465942383,76414
2022-04-08,17.49480438232422,21.700000762939453,21.790000915527344,21.450000762939453,21.5,97059
2022-04-11,17.69635772705078,21.950000762939453,22.15999984741211,21.719999313354492,21.75,366088
2022-04-12,17.80116081237793,22.079999923706055,22.149999618530273,21.989999771118164,22.110000610351562,90570
2022-04-13,17.785036087036133,22.059999465942383,22.149999618530273,21.959999084472656,22.139999389648438,57894
2022-04-14,17.824810028076172,21.709999084472656,21.8799991607666,21.639999389648438,21.709999084472656,57551
2022-04-18,17.673242568969727,21.525400161743164,21.75,21.479999542236328,21.739999771118164,63334
2022-04-19,17.660600662231445,21.510000228881836,21.56999969482422,21.420000076293945,21.56999969482422,39819
2022-04-20,17.742706298828125,21.610000610351562,21.73870086669922,21.545000076293945,21.610000610351562,24183
2022-04-21,17.71807289123535,21.579999923706055,21.749900817871094,21.500099182128906,21.709999084472656,37199
2022-04-22,17.58104133605957,21.41309928894043,21.549999237060547,21.399999618530273,21.549999237060547,15482
2022-04-25,17.447050094604492,21.249900817871094,21.540000915527344,21.19499969482422,21.420000076293945,55878
2022-04-26,17.356815338134766,21.139999389648438,21.36549949645996,21.049999237060547,21.270000457763672,28007
2022-04-27,17.266416549682617,21.02989959716797,21.299999237060547,21.020000457763672,21.177400588989258,30639
2022-04-28,17.529237747192383,21.350000381469727,21.3700008392334,21.0,21.100000381469727,33866
2022-04-29,17.578495025634766,21.40999984741211,21.520000457763672,21.047300338745117,21.25,61691
2022-05-02,17.377094268798828,21.16469955444336,21.3799991607666,21.049999237060547,21.3799991607666,26513
2022-05-03,17.389659881591797,21.18000030517578,21.729999542236328,21.1200008392334,21.729999542236328,58956
2022-05-04,17.44713020324707,21.25,21.34000015258789,21.100000381469727,21.200000762939453,44999
2022-05-05,17.438919067382812,21.239999771118164,21.25,21.040000915527344,21.25,77343
2022-05-06,17.352710723876953,21.135000228881836,21.289899826049805,21.1200008392334,21.19499969482422,115005
2022-05-09,17.225444793701172,20.979999542236328,21.1299991607666,20.700000762939453,21.1299991607666,32234
2022-05-10,17.1351375579834,20.8700008392334,21.149999618530273,20.75,21.100000381469727,35428
2022-05-11,17.17618751525879,20.920000076293945,21.1299991607666,20.860000610351562,20.899999618530273,17206
2022-05-12,16.86418914794922,20.540000915527344,21.059999465942383,20.309999465942383,21.059999465942383,90017
2022-05-13,16.855897903442383,20.52989959716797,20.749900817871094,20.40999984741211,20.450000762939453,18025
2022-05-16,16.880611419677734,20.559999465942383,20.760000228881836,20.450000762939453,20.719999313354492,23461
2022-05-17,16.80671501159668,20.469999313354492,20.75,20.459999084472656,20.690000534057617,24025
2022-05-18,16.765666961669922,20.420000076293945,20.479999542236328,20.350000381469727,20.3799991607666,17151
2022-05-19,16.79349708557129,20.453899383544922,20.489900588989258,20.350000381469727,20.40999984741211,5037
2022-05-20,16.83955955505371,20.510000228881836,20.6200008392334,20.25,20.6200008392334,20179
2022-05-23,16.814926147460938,20.479999542236328,20.655000686645508,20.280000686645508,20.5,21564
2022-05-24,16.823139190673828,20.489999771118164,20.639999389648438,20.43090057373047,20.639999389648438,7467
2022-05-25,17.44713020324707,21.25,21.25,20.590700149536133,20.590700149536133,84010
2022-05-26,17.42849349975586,21.2273006439209,21.25,21.040000915527344,21.25,36439
2022-05-27,17.48818016052246,21.299999237060547,21.450000762939453,21.110000610351562,21.110000610351562,34547
2022-05-31,17.709861755371094,21.56999969482422,21.700000762939453,21.209999084472656,21.299999237060547,74676
2022-06-01,17.734493255615234,21.600000381469727,21.700000762939453,21.527999877929688,21.68000030517578,18995
2022-06-02,17.775545120239258,21.649999618530273,21.700000762939453,21.579999923706055,21.700000762939453,15148
2022-06-03,17.75091552734375,21.6200008392334,21.6299991607666,21.200000762939453,21.200000762939453,14259
2022-06-06,17.767337799072266,21.639999389648438,21.739999771118164,21.56999969482422,21.739999771118164,14216
2022-06-07,17.890491485595703,21.790000915527344,21.950000762939453,21.40999984741211,21.639999389648438,40231
2022-06-08,17.791967391967773,21.670000076293945,21.75,21.520000457763672,21.75,15456
2022-06-09,17.59491729736328,21.43000030517578,21.677400588989258,21.40999984741211,21.670000076293945,20007
2022-06-10,17.29934310913086,21.06999969482422,21.5,20.760000228881836,21.5,15645
2022-06-13,16.54398536682129,20.149999618530273,20.8700008392334,20.100000381469727,20.8700008392334,60866
2022-06-14,16.055463790893555,19.55500030517578,20.104999542236328,19.310100555419922,20.059999465942383,98179
2022-06-15,16.49472427368164,20.09000015258789,20.09000015258789,19.299999237060547,19.559999465942383,53252
2022-06-16,15.722943305969238,19.149999618530273,19.760000228881836,18.885000228881836,19.760000228881836,99228
2022-06-17,15.435578346252441,18.799999237060547,19.5,18.799999237060547,19.110000610351562,57663
2022-06-21,15.846096992492676,19.299999237060547,19.510000228881836,18.8799991607666,18.8799991607666,61757
2022-06-22,16.0924129486084,19.600000381469727,19.610000610351562,19.3799991607666,19.420000076293945,20955
2022-06-23,16.37977409362793,19.950000762939453,20.040000915527344,19.559999465942383,19.559999465942383,40046
2022-06-24,16.568614959716797,20.18000030517578,20.34000015258789,19.8700008392334,20.040000915527344,24494
2022-06-27,16.412614822387695,19.989999771118164,20.1299991607666,19.88010025024414,20.030000686645508,20558
2022-06-28,16.23198699951172,19.770000457763672,20.030000686645508,19.719999313354492,20.0,37616
2022-06-29,16.088058471679688,19.59469985961914,19.857500076293945,19.479999542236328,19.770000457763672,28162
2022-06-30,15.985676765441895,19.469999313354492,19.65999984741211,19.43000030517578,19.610000610351562,28682
2022-07-01,16.010305404663086,19.5,19.799999237060547,19.454999923706055,19.600000381469727,6472
2022-07-05,16.0924129486084,19.600000381469727,19.700000762939453,19.517200469970703,19.68000030517578,15281
2022-07-06,15.93641471862793,19.40999984741211,19.600000381469727,19.360000610351562,19.549999237060547,28491
2022-07-07,16.149887084960938,19.670000076293945,19.670000076293945,19.389999389648438,19.450000762939453,35619
2022-07-08,15.969255447387695,19.450000762939453,19.69499969482422,19.450000762939453,19.690000534057617,40218
2022-07-11,16.149887084960938,19.670000076293945,19.71500015258789,19.399999618530273,19.559999465942383,35098
2022-07-12,16.010305404663086,19.5,19.700000762939453,19.459999084472656,19.700000762939453,23892
2022-07-13,15.919992446899414,19.389999389648438,19.46500015258789,19.170000076293945,19.270000457763672,74583
2022-07-14,15.98574447631836,19.06999969482422,19.149999618530273,18.809999465942383,18.809999465942383,15555
2022-07-15,16.069570541381836,19.170000076293945,19.299999237060547,19.049999237060547,19.059999465942383,11054
2022-07-18,16.106708526611328,19.21430015563965,19.34000015258789,19.110000610351562,19.110000610351562,15579
2022-07-19,16.010894775390625,19.100000381469727,19.232799530029297,19.09000015258789,19.139999389648438,25771
2022-07-20,16.0947208404541,19.200000762939453,19.367599487304688,19.174999237060547,19.270000457763672,13715
2022-07-21,16.019277572631836,19.110000610351562,19.3700008392334,19.110000610351562,19.18000030517578,26777
2022-07-22,16.061189651489258,19.15999984741211,19.34000015258789,19.110000610351562,19.299999237060547,36162
2022-07-25,16.010894775390625,19.100000381469727,19.229999542236328,19.059999465942383,19.229999542236328,64079
2022-07-26,16.069570541381836,19.170000076293945,19.170000076293945,18.959999084472656,19.149999618530273,70032
2022-07-27,16.270755767822266,19.40999984741211,19.43000030517578,19.15999984741211,19.15999984741211,12116
2022-07-28,16.59767723083496,19.799999237060547,19.950000762939453,19.25,19.420000076293945,88539
2022-07-29,16.865924835205078,20.1200008392334,20.1200008392334,19.709999084472656,19.729999542236328,54787
2022-08-01,17.10063934326172,20.399999618530273,20.479999542236328,20.0,20.0,47921
2022-08-02,17.02519416809082,20.309999465942383,20.45509910583496,20.049999237060547,20.049999237060547,19088
2022-08-03,17.008432388305664,20.290000915527344,20.479999542236328,20.110000610351562,20.479999542236328,14277
2022-08-04,16.7820987701416,20.020000457763672,20.48819923400879,20.020000457763672,20.350000381469727,26280
2022-08-05,16.932987213134766,20.200000762939453,20.43000030517578,20.020000457763672,20.229999542236328,18579
2022-08-08,17.095609664916992,20.393999099731445,20.441499710083008,20.200000762939453,20.200000762939453,20267
2022-08-09,17.000049591064453,20.280000686645508,20.449899673461914,20.25,20.440000534057617,20314
2022-08-10,17.050344467163086,20.34000015258789,20.3799991607666,20.299999237060547,20.299999237060547,8156
2022-08-11,17.083873748779297,20.3799991607666,20.700000762939453,20.299999237060547,20.440000534057617,19288
2022-08-12,17.134170532226562,20.440000534057617,20.644100189208984,20.270000457763672,20.270000457763672,11966
2022-08-15,17.184463500976562,20.5,20.969999313354492,20.3700008392334,20.84000015258789,20386
2022-08-16,17.30182456970215,20.639999389648438,20.799999237060547,20.3799991607666,20.399999618530273,21624
2022-08-17,17.033578872680664,20.31999969482422,20.649999618530273,20.31999969482422,20.649999618530273,12408
2022-08-18,16.76533317565918,20.0,20.429899215698242,19.950000762939453,20.329999923706055,55560
2022-08-19,16.798864364624023,20.040000915527344,20.049999237060547,19.760000228881836,20.0,18022
2022-08-22,16.586528778076172,19.786699295043945,19.85140037536621,19.510000228881836,19.799999237060547,29733
2022-08-23,16.43002700805664,19.600000381469727,19.829999923706055,19.54010009765625,19.75,24008
2022-08-24,16.52902603149414,19.71809959411621,19.799999237060547,19.510000228881836,19.600000381469727,23267
2022-08-25,16.505468368530273,19.690000534057617,20.06999969482422,19.6299991607666,19.670000076293945,16033
2022-08-26,16.471940994262695,19.649999618530273,19.899999618530273,19.59000015258789,19.860000610351562,30298
2022-08-29,16.45517349243164,19.6299991607666,19.700000762939453,19.35650062561035,19.579999923706055,22569
2022-08-30,16.34619903564453,19.5,19.75,19.5,19.75,15456
2022-08-31,16.37134552001953,19.530000686645508,19.649999618530273,19.200000762939453,19.399999618530273,46330
2022-09-01,16.019277572631836,19.110000610351562,19.530000686645508,19.100000381469727,19.530000686645508,31794
2022-09-02,16.069570541381836,19.170000076293945,19.309999465942383,19.010000228881836,19.1200008392334,34364
2022-09-06,15.777600288391113,18.821699142456055,19.110000610351562,18.739999771118164,19.110000610351562,24509
2022-09-07,15.675585746765137,18.700000762939453,19.039100646972656,18.68000030517578,19.039100646972656,67324
2022-09-08,15.843238830566406,18.899999618530273,18.969999313354492,18.70009994506836,18.790000915527344,17372
2022-09-09,15.952213287353516,19.030000686645508,19.209999084472656,18.950000762939453,18.950000762939453,21248
2022-09-12,15.927066802978516,19.0,19.229999542236328,18.899999618530273,19.040000915527344,14110
2022-09-13,15.918683052062988,18.989999771118164,18.989999771118164,18.84000015258789,18.899999618530273,29719
2022-09-14,16.287519454956055,19.43000030517578,19.43000030517578,18.92609977722168,19.190000534057617,18720
2022-09-15,15.93545150756836,19.010000228881836,19.569400787353516,19.010000228881836,19.209999084472656,22242
2022-09-16,15.843238830566406,18.899999618530273,19.020000457763672,18.799999237060547,19.020000457763672,16352
2022-09-19,15.591760635375977,18.600000381469727,18.899900436401367,18.600000381469727,18.799999237060547,35921
2022-09-20,15.139093399047852,18.059999465942383,18.68000030517578,18.010000228881836,18.68000030517578,63096
2022-09-21,14.921147346496582,17.799999237060547,18.350000381469727,17.799999237060547,18.079999923706055,26085
2022-09-22,14.971442222595215,17.860000610351562,18.18000030517578,17.559999465942383,17.899999618530273,59371
2022-09-23,14.44333553314209,17.229999542236328,17.921100616455078,17.019800186157227,17.921100616455078,43400
2022-09-26,14.464290618896484,17.2549991607666,17.579999923706055,16.56999969482422,17.219999313354492,57640
2022-09-27,14.342741966247559,17.110000610351562,17.489999771118164,16.826000213623047,17.15999984741211,32571
2022-09-28,14.728344917297363,17.56999969482422,18.260000228881836,16.989999771118164,16.989999771118164,34474
2022-09-29,14.242151260375977,16.989999771118164,17.549999237060547,16.600000381469727,17.549999237060547,35922
2022-09-30,14.627751350402832,17.450000762939453,17.579999923706055,16.75,17.0,109876
2022-10-03,14.703198432922363,17.540000915527344,17.739999771118164,17.350000381469727,17.360000610351562,21956
2022-10-04,15.013354301452637,17.90999984741211,18.200000762939453,17.709999084472656,17.709999084472656,13580
2022-10-05,14.937912940979004,17.81999969482422,18.219999313354492,17.59000015258789,17.75,50493
2022-10-06,14.585840225219727,17.399999618530273,17.920000076293945,17.25,17.920000076293945,17846
2022-10-07,14.242151260375977,16.989999771118164,17.299999237060547,16.65999984741211,17.09000015258789,27605
2022-10-10,13.931992530822754,16.6200008392334,17.1200008392334,16.520000457763672,17.1200008392334,26940
2022-10-11,13.772722244262695,16.43000030517578,16.799999237060547,16.43000030517578,16.510000228881836,45655
2022-10-12,13.823016166687012,16.489999771118164,16.489999771118164,16.149999618530273,16.43000030517578,26065
2022-10-13,13.818827629089355,16.485000610351562,16.649999618530273,16.209999084472656,16.260000228881836,32172
2022-10-14,13.924860000610352,16.209999084472656,16.979999542236328,16.209999084472656,16.969999313354492,18591
2022-10-17,13.804595947265625,16.06999969482422,16.422000885009766,16.049999237060547,16.41469955444336,16866
2022-10-18,14.094779014587402,16.407800674438477,16.6299991607666,16.1299991607666,16.1299991607666,33903
2022-10-19,13.64138412475586,15.880000114440918,16.450000762939453,15.75,16.450000762939453,31021
2022-10-20,13.340723991394043,15.529999732971191,16.149999618530273,15.4350004196167,15.800000190734863,38132
2022-10-21,13.289179801940918,15.470000267028809,15.749500274658203,15.260000228881836,15.550000190734863,197401
2022-10-24,13.383674621582031,15.579999923706055,15.75,15.329999923706055,15.649999618530273,77569
2022-10-25,13.555480003356934,15.779999732971191,15.829999923706055,15.489999771118164,15.510000228881836,148715
2022-10-26,13.529709815979004,15.75,16.059999465942383,15.600000381469727,15.949999809265137,67282
2022-10-27,13.873321533203125,16.149999618530273,16.389999389648438,15.75,15.75,43211
2022-10-28,14.010765075683594,16.309999465942383,16.524999618530273,16.209999084472656,16.34000015258789,23782
2022-10-31,13.847550392150879,16.1200008392334,16.469999313354492,16.1200008392334,16.469999313354492,36454
2022-11-01,13.778829574584961,16.040000915527344,16.31329917907715,15.9399995803833,16.253700256347656,68750
2022-11-02,13.856139183044434,16.1299991607666,16.434999465942383,16.014699935913086,16.170000076293945,97169
2022-11-03,13.813188552856445,16.079999923706055,16.170000076293945,15.944999694824219,16.09000015258789,34205
2022-11-04,13.935688018798828,16.22260093688965,16.500099182128906,16.049999237060547,16.049999237060547,49560
2022-11-07,14.156800270080566,16.479999542236328,16.56999969482422,16.18000030517578,16.280000686645508,48630
2022-11-08,14.560544967651367,16.950000762939453,17.050100326538086,16.40999984741211,16.40999984741211,67304
2022-11-09,14.33719539642334,16.690000534057617,16.8700008392334,16.549999237060547,16.860000610351562,35360
2022-11-10,15.18763542175293,17.68000030517578,17.790000915527344,16.899999618530273,16.899999618530273,125225
2022-11-11,16.098207473754883,18.739999771118164,18.81999969482422,17.653400421142578,17.690000534057617,100545
2022-11-14,15.892038345336914,18.5,18.989999771118164,18.40369987487793,18.700000762939453,44475
2022-11-15,15.995121955871582,18.6200008392334,18.989999771118164,18.52079963684082,18.940000534057617,48358
2022-11-16,15.806133270263672,18.399999618530273,18.68000030517578,18.399999618530273,18.450000762939453,57184
2022-11-17,15.436753273010254,17.969999313354492,18.219999313354492,17.560100555419922,18.200000762939453,34425
2022-11-18,15.230587005615234,17.729999542236328,18.15999984741211,17.549999237060547,17.8799991607666,55603
2022-11-21,15.31649112701416,17.829999923706055,18.190000534057617,17.75,17.75,34565
2022-11-22,15.591379165649414,18.149999618530273,18.190000534057617,17.850000381469727,17.860000610351562,35806
2022-11-23,15.634329795837402,18.200000762939453,18.309999465942383,18.059999465942383,18.100000381469727,19906
2022-11-25,15.531246185302734,18.079999923706055,18.31999969482422,18.05500030517578,18.31999969482422,7634
2022-11-28,15.273538589477539,17.780000686645508,18.115400314331055,17.670000076293945,18.079999923706055,28156
2022-11-29,15.093141555786133,17.56999969482422,17.899999618530273,17.56999969482422,17.75,38069
2022-11-30,15.625739097595215,18.190000534057617,18.329999923706055,17.559999465942383,17.559999465942383,71711
2022-12-01,15.737414360046387,18.31999969482422,18.399999618530273,18.030000686645508,18.030000686645508,39835
2022-12-02,15.720233917236328,18.299999237060547,18.31999969482422,18.059999465942383,18.31999969482422,46347
2022-12-05,15.256357192993164,17.760000228881836,18.25,17.760000228881836,18.25,15588
2022-12-06,15.161864280700684,17.649999618530273,17.979400634765625,17.329999923706055,17.760000228881836,56516
2022-12-07,15.419572830200195,17.950000762939453,17.950000762939453,17.649999618530273,17.649999618530273,32357
2022-12-08,15.4625244140625,18.0,18.25,17.829999923706055,17.989999771118164,42779
2022-12-09,15.213404655456543,17.709999084472656,18.06999969482422,17.700000762939453,18.06999969482422,45042
2022-12-12,15.118913650512695,17.600000381469727,17.809999465942383,17.399999618530273,17.68000030517578,33063
2022-12-13,15.007238388061523,17.469999313354492,18.09000015258789,17.385000228881836,18.09000015258789,26766
2022-12-14,15.03300952911377,17.5,17.719999313354492,17.200000762939453,17.469999313354492,40290
2022-12-15,14.655038833618164,17.059999465942383,17.459999084472656,17.010000228881836,17.450000762939453,74771
2022-12-16,14.749531745910645,17.170000076293945,17.190000534057617,16.719999313354492,17.139999389648438,31521
2022-12-19,14.874092102050781,17.315000534057617,17.40999984741211,17.149999618530273,17.200000762939453,20777
2022-12-20,14.783803939819336,17.20989990234375,17.329999923706055,17.075700759887695,17.075700759887695,43641
2022-12-21,15.03300952911377,17.5,17.649999618530273,17.15999984741211,17.270000457763672,45410
2022-12-22,14.878387451171875,17.31999969482422,17.56999969482422,17.200000762939453,17.559999465942383,40737
2022-12-23,14.955696105957031,17.40999984741211,17.456499099731445,17.270000457763672,17.450000762939453,17127
2022-12-27,14.878387451171875,17.31999969482422,17.46500015258789,17.200000762939453,17.459999084472656,55533
2022-12-28,14.86120319366455,17.299999237060547,17.399999618530273,17.065000534057617,17.399999618530273,49092
2022-12-29,14.954837799072266,17.409000396728516,17.47949981689453,17.059999465942383,17.059999465942383,59360
2022-12-30,14.77530288696289,17.200000762939453,17.65999984741211,17.200000762939453,17.399999618530273,69097
2023-01-03,15.204814910888672,17.700000762939453,17.750099182128906,17.31439971923828,17.440000534057617,39290
2023-01-04,15.419572830200195,17.950000762939453,18.104000091552734,17.649999618530273,17.889999389648438,43587
2023-01-05,15.436753273010254,17.969999313354492,18.079999923706055,17.853300094604492,17.899999618530273,19710
2023-01-06,15.71164321899414,18.290000915527344,18.364999771118164,17.899999618530273,17.899999618530273,27448
2023-01-09,15.840499877929688,18.440000534057617,18.489999771118164,18.270000457763672,18.270000457763672,45701
2023-01-10,16.098207473754883,18.739999771118164,18.75,18.299999237060547,18.31999969482422,51203
2023-01-11,16.265716552734375,18.934999465942383,19.041900634765625,18.65999984741211,18.84000015258789,64189
2023-01-12,16.505657196044922,18.809999465942383,18.850000381469727,18.594999313354492,18.649999618530273,25843
2023-01-13,16.637279510498047,18.959999084472656,18.979999542236328,18.770000457763672,18.790000915527344,10520
2023-01-17,16.804006576538086,19.149999618530273,19.450000762939453,18.999900817871094,19.0,35775
2023-01-18,16.882978439331055,19.239999771118164,19.429899215698242,19.06999969482422,19.06999969482422,20272
2023-01-19,16.896141052246094,19.2549991607666,19.439899444580078,19.170000076293945,19.19420051574707,8250
2023-01-20,16.882978439331055,19.239999771118164,19.32990074157715,19.239500045776367,19.2549991607666,44803
2023-01-23,17.04970359802246,19.43000030517578,19.449899673461914,19.219999313354492,19.25,54787
2023-01-24,17.163776397705078,19.559999465942383,19.579999923706055,19.34000015258789,19.440000534057617,32644
2023-01-25,17.17255401611328,19.56999969482422,19.729999542236328,19.520000457763672,19.559999465942383,35072
2023-01-26,17.27785301208496,19.690000534057617,19.889999389648438,19.549999237060547,19.780799865722656,17283
2023-01-27,17.637535095214844,20.099899291992188,20.170000076293945,19.749900817871094,19.750099182128906,17937
2023-01-30,17.55864906311035,20.010000228881836,20.079999923706055,19.93000030517578,19.93000030517578,19392
2023-01-31,17.48845100402832,19.93000030517578,20.31879997253418,19.700000762939453,20.139999389648438,58942
2023-02-01,17.584976196289062,20.040000915527344,20.1200008392334,19.8700008392334,19.8700008392334,25021
2023-02-02,17.637624740600586,20.100000381469727,20.1299991607666,19.969999313354492,20.030000686645508,50532
2023-02-03,17.637624740600586,20.100000381469727,20.139999389648438,19.90999984741211,19.989999771118164,30199
2023-02-06,17.41825294494629,19.850000381469727,20.06999969482422,19.690000534057617,19.93000030517578,23066
2023-02-07,17.128677368164062,19.520000457763672,19.8799991607666,19.510000228881836,19.850000381469727,30562
2023-02-08,17.409563064575195,19.840099334716797,20.099899291992188,19.434999465942383,19.559999465942383,51634
2023-02-09,17.48845100402832,19.93000030517578,20.290000915527344,19.89259910583496,19.940000534057617,28615
2023-02-10,17.427026748657227,19.860000610351562,19.899999618530273,19.700000762939453,19.899999618530273,11528
2023-02-13,17.620073318481445,20.079999923706055,20.139999389648438,19.800100326538086,19.959999084472656,29912
2023-02-14,17.751697540283203,20.229999542236328,20.25,19.93000030517578,20.0,20500
2023-02-15,17.632532119750977,20.094200134277344,20.34000015258789,20.03350067138672,20.270000457763672,36454
2023-02-16,17.506000518798828,19.950000762939453,20.149999618530273,19.91010093688965,20.049999237060547,21021
2023-02-17,17.769248962402344,20.25,20.273500442504883,19.940000534057617,20.010000228881836,22476
2023-02-21,17.391925811767578,19.81999969482422,20.336000442504883,19.700000762939453,20.25,22479
2023-02-22,17.611299514770508,20.06999969482422,20.06999969482422,19.670000076293945,19.899999618530273,20145
2023-02-23,17.646398544311523,20.110000610351562,20.19930076599121,19.8799991607666,20.100000381469727,20757
2023-02-24,17.4445743560791,19.8799991607666,20.0,19.780000686645508,20.0,34443
2023-02-27,17.55864906311035,20.010000228881836,20.229999542236328,19.90999984741211,19.981700897216797,35373
2023-02-28,17.97984504699707,20.489999771118164,20.489999771118164,19.850000381469727,19.8799991607666,59157
2023-03-01,17.628849029541016,20.09000015258789,20.389999389648438,20.09000015258789,20.389999389648438,24291
2023-03-02,17.848222732543945,20.34000015258789,20.34000015258789,19.8700008392334,20.107900619506836,29261
2023-03-03,17.856998443603516,20.350000381469727,20.469900131225586,20.139999389648438,20.440000534057617,28912
2023-03-06,17.786800384521484,20.270000457763672,20.43000030517578,20.059999465942383,20.389999389648438,26846
2023-03-07,17.602523803710938,20.059999465942383,20.280000686645508,20.010000228881836,20.2101993560791,12957
2023-03-08,17.628849029541016,20.09000015258789,20.149999618530273,20.000099182128906,20.079999923706055,12292
2023-03-09,17.084802627563477,19.469999313354492,20.06999969482422,19.329999923706055,20.0,28242
2023-03-10,16.532682418823242,18.84079933166504,19.607099533081055,18.700199127197266,19.607099533081055,20906
2023-03-13,15.70713996887207,17.899999618530273,18.66550064086914,17.600000381469727,18.549999237060547,61847
2023-03-14,15.751011848449707,17.950000762939453,18.600000381469727,17.890100479125977,18.200000762939453,35743
2023-03-15,15.101664543151855,17.209999084472656,17.871999740600586,17.040000915527344,17.6299991607666,54556
2023-03-16,15.233291625976562,17.360000610351562,18.0,16.780000686645508,17.219999313354492,138458
2023-03-17,15.070955276489258,17.174999237060547,17.610000610351562,17.010000228881836,17.399999618530273,38642
2023-03-20,14.9788179397583,17.06999969482422,17.40399932861328,17.047100067138672,17.1299991607666,24578
2023-03-21,15.452665328979492,17.610000610351562,17.93000030517578,17.15999984741211,17.389999389648438,26561
2023-03-22,15.3034029006958,17.439899444580078,17.639999389648438,17.18000030517578,17.600000381469727,25962
2023-03-23,15.02269458770752,17.1200008392334,17.600000381469727,17.110000610351562,17.549999237060547,13576
2023-03-24,14.934943199157715,17.020000457763672,17.200000762939453,16.780000686645508,17.200000762939453,49036
2023-03-27,14.961180686950684,17.04990005493164,17.43000030517578,16.997699737548828,17.0,74498
2023-03-28,14.952494621276855,17.040000915527344,17.322200775146484,16.959999084472656,17.059999465942383,78387
2023-03-29,15.31226634979248,17.450000762939453,17.530000686645508,17.100000381469727,17.209999084472656,55628
2023-03-30,16.11078643798828,18.360000610351562,18.459999084472656,17.56999969482422,17.56999969482422,46661
2023-03-31,16.60218048095703,18.920000076293945,18.940000534057617,18.389999389648438,18.40999984741211,84643
2023-04-03,16.400358200073242,18.690000534057617,18.850000381469727,18.440000534057617,18.850000381469727,23649
2023-04-04,16.646055221557617,18.969999313354492,18.969999313354492,18.690000534057617,18.690000534057617,17583
2023-04-05,16.725032806396484,19.059999465942383,19.219999313354492,18.799999237060547,18.940000534057617,19289
2023-04-06,16.716257095336914,19.049999237060547,19.1471004486084,18.979999542236328,19.100000381469727,6534
2023-04-10,16.672380447387695,19.0,19.079999923706055,18.799999237060547,19.054000854492188,11943
2023-04-11,16.821556091308594,19.170000076293945,19.239900588989258,19.0,19.09000015258789,26381
2023-04-12,16.940017700195312,19.30500030517578,19.440000534057617,19.09000015258789,19.200000762939453,15681
2023-04-13,16.808698654174805,18.760000228881836,19.0,18.670000076293945,19.0,11039
2023-04-14,16.665340423583984,18.600000381469727,18.764999389648438,18.399999618530273,18.760000228881836,23740
2023-04-17,16.484708786010742,18.398399353027344,18.549999237060547,18.239999771118164,18.549999237060547,8375
2023-04-18,16.494836807250977,18.409700393676758,18.42620086669922,18.15999984741211,18.15999984741211,11833
2023-04-19,16.369665145874023,18.270000457763672,18.424999237060547,18.270000457763672,18.424999237060547,9960
2023-04-20,16.39654541015625,18.299999237060547,18.409900665283203,18.219999313354492,18.3700008392334,6106
2023-04-21,16.710140228271484,18.649999618530273,18.749900817871094,18.15999984741211,18.239999771118164,49924
2023-04-24,16.51302146911621,18.43000030517578,18.8700008392334,18.309999465942383,18.790000915527344,31624
2023-04-25,16.271108627319336,18.15999984741211,18.420000076293945,18.15999984741211,18.399999618530273,15593
2023-04-26,16.110546112060547,17.98080062866211,18.510000228881836,17.899999618530273,18.15999984741211,19787
2023-04-27,16.127748489379883,18.0,18.399900436401367,17.969999313354492,18.1200008392334,50029
2023-04-28,16.61158561706543,18.540000915527344,18.59000015258789,18.020000457763672,18.020000457763672,50106
2023-05-01,16.656381607055664,18.59000015258789,18.790000915527344,18.469999313354492,18.540000915527344,28319
2023-05-02,16.539901733398438,18.459999084472656,18.610000610351562,18.150299072265625,18.440000534057617,26334
2023-05-03,15.823114395141602,17.65999984741211,18.59000015258789,17.65999984741211,18.559999465942383,22400
2023-05-04,15.608078002929688,17.420000076293945,18.040000915527344,17.270000457763672,18.040000915527344,49131
2023-05-05,15.858953475952148,17.700000762939453,17.780000686645508,17.020000457763672,17.649999618530273,52855
2023-05-08,16.073991775512695,17.940000534057617,17.9596004486084,17.709999084472656,17.75,19407
2023-05-09,15.858953475952148,17.700000762939453,17.92020034790039,17.649999618530273,17.920000076293945,19769
2023-05-10,15.769356727600098,17.600000381469727,17.764400482177734,17.399999618530273,17.700000762939453,19458
2023-05-11,15.751348495483398,17.57990074157715,17.799999237060547,17.309999465942383,17.780000686645508,27140
2023-05-12,15.787185668945312,17.61989974975586,18.0,17.579999923706055,18.0,15608
2023-05-15,15.903751373291016,17.75,18.600000381469727,17.690000534057617,18.600000381469727,25402
2023-05-16,15.640780448913574,17.456499099731445,17.979999542236328,17.260000228881836,17.979999542236328,34003
2023-05-17,16.038150787353516,17.899999618530273,17.989999771118164,17.40999984741211,17.479999542236328,38509
2023-05-18,16.020231246948242,17.8799991607666,17.979999542236328,17.719999313354492,17.979999542236328,28225
2023-05-19,15.975433349609375,17.829999923706055,17.979999542236328,17.640899658203125,17.90999984741211,21230
2023-05-22,16.109827041625977,17.979999542236328,18.09000015258789,17.834999084472656,17.899999618530273,38459
2023-05-23,16.11431121826172,17.985000610351562,18.190000534057617,17.81999969482422,17.989999771118164,20810
2023-05-24,15.948553085327148,17.799999237060547,18.1299991607666,17.65999984741211,18.110000610351562,37693
2023-05-25,15.697674751281738,17.520000457763672,17.860000610351562,17.1200008392334,17.860000610351562,75059
2023-05-26,15.912893295288086,17.76020050048828,17.850000381469727,17.399999618530273,17.399999618530273,25550
2023-05-30,15.930632591247559,17.780000686645508,18.219999313354492,17.610000610351562,18.0,34846
2023-05-31,16.55782127380371,18.479999542236328,18.690000534057617,17.39780044555664,17.65999984741211,122079
2023-06-01,16.39654541015625,18.299999237060547,18.920000076293945,18.25,18.399999618530273,44827
2023-06-02,16.69222068786621,18.6299991607666,18.905000686645508,18.299999237060547,18.489999771118164,31078
2023-06-05,16.665340423583984,18.600000381469727,19.0,18.600000381469727,18.84000015258789,29441
2023-06-06,17.05957794189453,19.040000915527344,19.040000915527344,18.649999618530273,18.8799991607666,29202
2023-06-07,17.12229347229004,19.110000610351562,19.149900436401367,18.760000228881836,19.03260040283203,25079
2023-06-08,16.996854782104492,18.969999313354492,19.10540008544922,18.650999069213867,19.0,29840
2023-06-09,17.050617218017578,19.030000686645508,19.0580997467041,18.799999237060547,19.0580997467041,18044
2023-06-12,17.03269386291504,19.010000228881836,19.25,18.780000686645508,19.100000381469727,27910
2023-06-13,17.131254196166992,19.1200008392334,19.1299991607666,18.799999237060547,19.030000686645508,27686
2023-06-14,17.15813446044922,19.149999618530273,19.200000762939453,18.93000030517578,19.020000457763672,19115
2023-06-15,17.131254196166992,19.1200008392334,19.1343994140625,18.75,19.1343994140625,24806
2023-06-16,17.03269386291504,19.010000228881836,19.100000381469727,18.979999542236328,19.040000915527344,22184
2023-06-20,16.996854782104492,18.969999313354492,19.09000015258789,18.93000030517578,19.09000015258789,11992
2023-06-21,17.041654586791992,19.020000457763672,19.06999969482422,18.940000534057617,19.010000228881836,230879
2023-06-22,17.11333465576172,19.100000381469727,19.200000762939453,18.950000762939453,19.020000457763672,11325
2023-06-23,17.02373695373535,19.0,19.18000030517578,18.84000015258789,19.18000030517578,18461
2023-06-26,16.987895965576172,18.959999084472656,19.100000381469727,18.84000015258789,18.84000015258789,48107
2023-06-27,17.06853485107422,19.049999237060547,19.06999969482422,19.020000457763672,19.06999969482422,13497
2023-06-28,17.149173736572266,19.139999389648438,19.200000762939453,18.90999984741211,19.18000030517578,25028
2023-06-29,17.274614334106445,19.280000686645508,19.280000686645508,19.0,19.094999313354492,17568
2023-06-30,17.758445739746094,19.81999969482422,19.81999969482422,19.010000228881836,19.350000381469727,68028
2023-07-03,17.695724487304688,19.75,19.75,19.600000381469727,19.690000534057617,17496
2023-07-05,17.713645935058594,19.770000457763672,19.799999237060547,19.610000610351562,19.75,28478
2023-07-06,17.47172737121582,19.5,19.689899444580078,19.350000381469727,19.65999984741211,30355
2023-07-07,17.617328643798828,19.662500381469727,19.75,19.519800186157227,19.600000381469727,11983
2023-07-10,17.874923706054688,19.950000762939453,19.95680046081543,19.600000381469727,19.610000610351562,23038
2023-07-11,18.098918914794922,20.200000762939453,20.200000762939453,19.850000381469727,19.940000534057617,51284
2023-07-12,18.054121017456055,20.149999618530273,20.200000762939453,20.040000915527344,20.200000762939453,19675
2023-07-13,18.18851661682129,20.299999237060547,20.299999237060547,20.040000915527344,20.040000915527344,34993
2023-07-14,18.095699310302734,19.799999237060547,19.889999389648438,19.61720085144043,19.850000381469727,16811
2023-07-17,17.95861053466797,19.649999618530273,19.87350082397461,19.649999618530273,19.794200897216797,16506
2023-07-18,17.967748641967773,19.65999984741211,19.93000030517578,19.549999237060547,19.700000762939453,39393
2023-07-19,17.95861053466797,19.649999618530273,19.668699264526367,19.559999465942383,19.559999465942383,9249
2023-07-20,17.90377426147461,19.59000015258789,19.739999771118164,19.450000762939453,19.649999618530273,11425
2023-07-21,17.912914276123047,19.600000381469727,19.600000381469727,19.5,19.5,14358
2023-07-24,18.040861129760742,19.739999771118164,19.74679946899414,19.625,19.625,15460
2023-07-25,18.004308700561523,19.700000762939453,19.75,19.6299991607666,19.75,24045
2023-07-26,18.068281173706055,19.770000457763672,19.799999237060547,19.632999420166016,19.649999618530273,29872
2023-07-27,18.095699310302734,19.799999237060547,19.83970069885254,19.75,19.770000457763672,24217
2023-07-28,18.050003051757812,19.75,19.8700008392334,19.719999313354492,19.799999237060547,37119
2023-07-31,18.25106430053711,19.969999313354492,20.239999771118164,19.760000228881836,19.760000228881836,56035
2023-08-01,18.25106430053711,19.969999313354492,19.969999313354492,19.75,19.920000076293945,13983
2023-08-02,18.191204071044922,19.904499053955078,19.969999313354492,19.709999084472656,19.969999313354492,17260
2023-08-03,18.174936294555664,19.886699676513672,19.899999618530273,19.759899139404297,19.860000610351562,26593
2023-08-04,18.223648071289062,19.940000534057617,19.940000534057617,19.84000015258789,19.850000381469727,19308
2023-08-07,18.24192237854004,19.959999084472656,20.06999969482422,19.854999542236328,20.06999969482422,13004
2023-08-08,18.13225555419922,19.84000015258789,20.049999237060547,19.81999969482422,19.899999618530273,24487
2023-08-09,18.287620544433594,20.010000228881836,20.06999969482422,19.989999771118164,20.06999969482422,3532
2023-08-10,18.187091827392578,19.899999618530273,20.049999237060547,19.840099334716797,20.049999237060547,6851
2023-08-11,18.141395568847656,19.850000381469727,20.04990005493164,19.75,20.020000457763672,10815
2023-08-14,18.15053367614746,19.860000610351562,20.0,19.850099563598633,19.93000030517578,12964
2023-08-15,18.24192237854004,19.959999084472656,20.02989959716797,19.799999237060547,19.93000030517578,19804
2023-08-16,18.238910675048828,19.95669937133789,20.039899826049805,19.809999465942383,19.93000030517578,20231
2023-08-17,18.260204315185547,19.979999542236328,19.989999771118164,19.799999237060547,19.809999465942383,77695
2023-08-18,18.232879638671875,19.95009994506836,20.0,19.899999618530273,19.899999618530273,7693
2023-08-21,18.177949905395508,19.889999389648438,19.940000534057617,19.799999237060547,19.81999969482422,21671
2023-08-22,18.232789993286133,19.950000762939453,19.950000762939453,19.799999237060547,19.799999237060547,22459
2023-08-23,18.269344329833984,19.989999771118164,20.040000915527344,19.840099334716797,19.989999771118164,12516
2023-08-24,18.187091827392578,19.899999618530273,20.030099868774414,19.820100784301758,20.030000686645508,26245
2023-08-25,18.20536994934082,19.920000076293945,19.979999542236328,19.889999389648438,19.889999389648438,15171
2023-08-28,18.278484344482422,20.0,20.02750015258789,19.83009910583496,19.920000076293945,34289
2023-08-29,18.296762466430664,20.020000457763672,20.069900512695312,19.99449920654297,20.040000915527344,47185
2023-08-30,18.342456817626953,20.06999969482422,20.06999969482422,19.809999465942383,20.030000686645508,54220
2023-08-31,18.9273681640625,20.709999084472656,20.739999771118164,20.0,20.06999969482422,106361
2023-09-01,18.671472549438477,20.43000030517578,20.624399185180664,20.260099411010742,20.559999465942383,34421
2023-09-05,18.296762466430664,20.020000457763672,20.56999969482422,20.020000457763672,20.56999969482422,15432
2023-09-06,18.296762466430664,20.020000457763672,20.18000030517578,20.01059913635254,20.079999923706055,31305
2023-09-07,18.214508056640625,19.93000030517578,20.229999542236328,19.899999618530273,20.010000228881836,72756
2023-09-08,18.187091827392578,19.899999618530273,20.100000381469727,19.899999618530273,20.09000015258789,35601
2023-09-11,18.214508056640625,19.93000030517578,20.049999237060547,19.899999618530273,19.899999618530273,14675
2023-09-12,18.278484344482422,20.0,20.079999923706055,19.93000030517578,20.079999923706055,12185
2023-09-13,18.223648071289062,19.940000534057617,19.975000381469727,19.92009925842285,19.975000381469727,19764
2023-09-14,18.278484344482422,20.0,20.06999969482422,19.850000381469727,19.920000076293945,57148
2023-09-15,18.13225555419922,19.84000015258789,20.059999465942383,19.799999237060547,20.059999465942383,179252
2023-09-18,18.13225555419922,19.84000015258789,20.059999465942383,19.81999969482422,19.81999969482422,95528
2023-09-19,18.12311553955078,19.829999923706055,19.969999313354492,19.81999969482422,19.850000381469727,32915
2023-09-20,18.13225555419922,19.84000015258789,19.940099716186523,19.837600708007812,19.940000534057617,17347
2023-09-21,17.84893798828125,19.530000686645508,19.809999465942383,19.530000686645508,19.799999237060547,31510
2023-09-22,17.977802276611328,19.67099952697754,19.809999465942383,19.399999618530273,19.809999465942383,30827
2023-09-25,17.967748641967773,19.65999984741211,19.860000610351562,19.528900146484375,19.549999237060547,26772
2023-09-26,17.912914276123047,19.600000381469727,19.690000534057617,19.559999465942383,19.654800415039062,20690
2023-09-27,17.830659866333008,19.510000228881836,19.65999984741211,19.40999984741211,19.65999984741211,23822
2023-09-28,18.25106430053711,19.969999313354492,19.989999771118164,19.450000762939453,19.5,38009
2023-09-29,18.050003051757812,19.75,20.100000381469727,19.559999465942383,19.989999771118164,98683
2023-10-02,17.77582550048828,19.450000762939453,19.789899826049805,19.420000076293945,19.649999618530273,23571
2023-10-03,17.245750427246094,18.8700008392334,19.450000762939453,18.809999465942383,19.450000762939453,40338
2023-10-04,17.455951690673828,19.100000381469727,19.15999984741211,18.6200008392334,18.90999984741211,33889
2023-10-05,17.519927978515625,19.170000076293945,19.299999237060547,18.899999618530273,19.229999542236328,16591
2023-10-06,17.519927978515625,19.170000076293945,19.397600173950195,19.030000686645508,19.110000610351562,30361
2023-10-09,17.766685485839844,19.440000534057617,19.440000534057617,19.170000076293945,19.170000076293945,11934
2023-10-10,17.812379837036133,19.489999771118164,19.670000076293945,19.489999771118164,19.489999771118164,21617
2023-10-11,17.999736785888672,19.69499969482422,19.69499969482422,19.399999618530273,19.649999618530273,49901
2023-10-12,17.77582550048828,19.450000762939453,19.729999542236328,19.399999618530273,19.729999542236328,65081
2023-10-13,17.849008560180664,19.1299991607666,19.290000915527344,19.0,19.260000228881836,31520
2023-10-16,17.867671966552734,19.149999618530273,19.360000610351562,19.0,19.149999618530273,18660
2023-10-17,17.914323806762695,19.200000762939453,19.335599899291992,19.049999237060547,19.149999618530273,27040
2023-10-18,17.960975646972656,19.25,19.299999237060547,19.110000610351562,19.200000762939453,34404
2023-10-19,17.690391540527344,18.959999084472656,19.280000686645508,18.950000762939453,19.209999084472656,20042
2023-10-20,17.755800247192383,19.030099868774414,19.100000381469727,18.799999237060547,18.959999084472656,18281
2023-10-23,17.755706787109375,19.030000686645508,19.149999618530273,18.899999618530273,19.0,54565
2023-10-24,17.783695220947266,19.059999465942383,19.100000381469727,18.950000762939453,18.950000762939453,10283
2023-10-25,17.821020126342773,19.100000381469727,19.139999389648438,18.700000762939453,19.06999969482422,41266
2023-10-26,17.699726104736328,18.969999313354492,19.09000015258789,18.818300247192383,19.06999969482422,28134
2023-10-27,17.70905303955078,18.979999542236328,19.100000381469727,18.690000534057617,18.829999923706055,17857
2023-10-30,17.7183837890625,18.989999771118164,19.079999923706055,18.550100326538086,19.0,20699
2023-10-31,18.08226776123047,19.3799991607666,19.450000762939453,18.93000030517578,18.979999542236328,42234
2023-11-01,18.380844116210938,19.700000762939453,19.8799991607666,19.170000076293945,19.360000610351562,31578
2023-11-02,18.65142250061035,19.989999771118164,20.0,19.524999618530273,19.524999618530273,25103
2023-11-03,18.427494049072266,19.75,20.31999969482422,19.700000762939453,20.0,59157
2023-11-06,18.13825225830078,19.440000534057617,19.91010093688965,19.43000030517578,19.760000228881836,50432
2023-11-07,18.10093116760254,19.399999618530273,19.540000915527344,19.229999542236328,19.540000915527344,24485
2023-11-08,18.45548439025879,19.780000686645508,19.950000762939453,19.15999984741211,19.399999618530273,22080
2023-11-09,18.110260009765625,19.40999984741211,20.200000762939453,19.200000762939453,20.190799713134766,35625
2023-11-10,18.07294273376465,19.3700008392334,19.889799118041992,19.250099182128906,19.510000228881836,25187
2023-11-13,18.10093116760254,19.399999618530273,19.729999542236328,19.350000381469727,19.719999313354492,14846
2023-11-14,18.166244506835938,19.469999313354492,19.66990089416504,19.299999237060547,19.610000610351562,131281
2023-11-15,18.287538528442383,19.600000381469727,19.75,19.479999542236328,19.549999237060547,30124
2023-11-16,18.287538528442383,19.600000381469727,19.739999771118164,19.5,19.549999237060547,37509
2023-11-17,18.203563690185547,19.510000228881836,19.670000076293945,19.459999084472656,19.459999084472656,43913
2023-11-20,18.287538528442383,19.600000381469727,19.690000534057617,19.450000762939453,19.58919906616211,46187
2023-11-21,18.306201934814453,19.6200008392334,19.684999465942383,19.399999618530273,19.6200008392334,22423
2023-11-22,18.45548439025879,19.780000686645508,19.809999465942383,19.600000381469727,19.600000381469727,36431
2023-11-24,18.520797729492188,19.850000381469727,19.8799991607666,19.750099182128906,19.8799991607666,2029
2023-11-27,18.539459228515625,19.8700008392334,19.8700008392334,19.75,19.799999237060547,28242
2023-11-28,18.632761001586914,19.969999313354492,19.969999313354492,19.479999542236328,19.8700008392334,32622
2023-11-29,18.586111068725586,19.920000076293945,20.104999542236328,19.670000076293945,19.979999542236328,50714
2023-11-30,19.108610153198242,20.479999542236328,20.5,19.981300354003906,20.030000686645508,83286
2023-12-01,19.220577239990234,20.600000381469727,20.649999618530273,20.191099166870117,20.191099166870117,23852
2023-12-04,19.108610153198242,20.479999542236328,20.625,20.200000762939453,20.200000762939453,26810
2023-12-05,19.313880920410156,20.700000762939453,20.700000762939453,20.43000030517578,20.43000030517578,15543
2023-12-06,19.45383644104004,20.850000381469727,20.8700008392334,20.600000381469727,20.700000762939453,33133
2023-12-07,19.49115562438965,20.889999389648438,20.969999313354492,20.750099182128906,20.799999237060547,37476
2023-12-08,19.48182487487793,20.8799991607666,20.8799991607666,20.65999984741211,20.65999984741211,16216
2023-12-11,19.391508102416992,20.783199310302734,20.989999771118164,20.75,20.889999389648438,29840
2023-12-12,19.407278060913086,20.800100326538086,20.920000076293945,20.709999084472656,20.81999969482422,21804
2023-12-13,19.593791961669922,21.0,21.1200008392334,20.57110023498535,20.799999237060547,103677
2023-12-14,19.822383880615234,21.2450008392334,21.25,20.639999389648438,20.920000076293945,45040
2023-12-15,19.873703002929688,21.299999237060547,21.350000381469727,21.104999542236328,21.270000457763672,16089
2023-12-18,19.827051162719727,21.25,21.450000762939453,20.91010093688965,21.450000762939453,27334
2023-12-19,20.088300704956055,21.530000686645508,21.68000030517578,21.094999313354492,21.100000381469727,45915
2023-12-20,20.013660430908203,21.450000762939453,21.710100173950195,21.209999084472656,21.3700008392334,31949
2023-12-21,19.957674026489258,21.389999389648438,21.65999984741211,21.300100326538086,21.549999237060547,22658
2023-12-22,19.98566436767578,21.420000076293945,21.420000076293945,21.25,21.419700622558594,22276
2023-12-26,19.733747482299805,21.149999618530273,21.690000534057617,21.149999618530273,21.399999618530273,32565
2023-12-27,19.84571075439453,21.270000457763672,21.671199798583984,19.100000381469727,21.149999618530273,21205
2023-12-28,19.649770736694336,21.059999465942383,21.270000457763672,20.700000762939453,21.270000457763672,56396
2023-12-29,19.621782302856445,21.030000686645508,21.309999465942383,20.93000030517578,21.0,84295
2024-01-02,19.631113052368164,21.040000915527344,21.260000228881836,20.899999618530273,20.96190071105957,27151
2024-01-03,19.659101486206055,21.06999969482422,21.139999389648438,20.75,21.110000610351562,14053
2024-01-04,19.724414825439453,21.139999389648438,21.259899139404297,20.95009994506836,21.1299991607666,10593
2024-01-05,19.649770736694336,21.059999465942383,21.2898006439209,21.059999465942383,21.110000610351562,14807
2024-01-08,20.050979614257812,21.489999771118164,21.540000915527344,21.049999237060547,21.049999237060547,28654
2024-01-09,20.013660430908203,21.450000762939453,21.58989906311035,21.270000457763672,21.270000457763672,24917
2024-01-10,20.153615951538086,21.600000381469727,21.649999618530273,21.350000381469727,21.5,41934
2024-01-11,20.134952545166016,21.579999923706055,21.65999984741211,21.460100173950195,21.65999984741211,25595
2024-01-12,20.266550064086914,21.31999969482422,21.34000015258789,21.139999389648438,21.229999542236328,34984
2024-01-16,20.15247917175293,21.200000762939453,21.31999969482422,21.079999923706055,21.31999969482422,15680
2024-01-17,20.209516525268555,21.260000228881836,21.299999237060547,21.100000381469727,21.200000762939453,18663
2024-01-18,20.085844039916992,21.129899978637695,21.31999969482422,21.100000381469727,21.25,16877
2024-01-19,20.190502166748047,21.239999771118164,21.394500732421875,21.1299991607666,21.1299991607666,22735
2024-01-22,20.39963150024414,21.459999084472656,21.479999542236328,21.100000381469727,21.21500015258789,19602
2024-01-23,20.362751007080078,21.421199798583984,21.479999542236328,21.350000381469727,21.440000534057617,7070
2024-01-24,20.485185623168945,21.549999237060547,21.55500030517578,21.360000610351562,21.420000076293945,16455
2024-01-25,20.71950340270996,21.796499252319336,21.950000762939453,21.59000015258789,21.59000015258789,26128
2024-01-26,20.91295051574707,22.0,22.0,21.760000228881836,21.850000381469727,20214
2024-01-29,21.00800895690918,22.100000381469727,22.110000610351562,21.8700008392334,22.049999237060547,18606
2024-01-30,21.150598526000977,22.25,22.299999237060547,21.68000030517578,22.100000381469727,39057
2024-01-31,20.827396392822266,21.90999984741211,22.239299774169922,21.90999984741211,22.21339988708496,23203
2024-02-01,20.960477828979492,22.049999237060547,22.18000030517578,21.43000030517578,21.850000381469727,59037
2024-02-02,20.91295051574707,22.0,22.149999618530273,21.809999465942383,22.030000686645508,19757
2024-02-05,20.637279510498047,21.709999084472656,21.95009994506836,21.59000015258789,21.950000762939453,20061
2024-02-06,20.827396392822266,21.90999984741211,21.969999313354492,21.610000610351562,21.709999084472656,17777
2024-02-07,20.580244064331055,21.649999618530273,21.989999771118164,21.649999618530273,21.920000076293945,28111
2024-02-08,20.62777328491211,21.700000762939453,21.760000228881836,21.686100006103516,21.739999771118164,9960
2024-02-09,20.608760833740234,21.68000030517578,21.719999313354492,21.640100479125977,21.653400421142578,25947
2024-02-12,20.675302505493164,21.75,21.860000610351562,21.700000762939453,21.729999542236328,32645
2024-02-13,20.665796279907227,21.739999771118164,21.75,21.600000381469727,21.700000762939453,44162
2024-02-14,20.75135040283203,21.829999923706055,21.88990020751953,21.65999984741211,21.65999984741211,18728
2024-02-15,20.73243522644043,21.810100555419922,22.010000228881836,21.774999618530273,21.899999618530273,36878
2024-02-16,20.865421295166016,21.950000762939453,21.950000762939453,21.700000762939453,21.75,16552
2024-02-20,20.91295051574707,22.0,22.079999923706055,21.770000457763672,21.81999969482422,19069
2024-02-21,20.91295051574707,22.0,22.079999923706055,21.920000076293945,22.0,14584
2024-02-22,21.027023315429688,22.1200008392334,22.149999618530273,21.95989990234375,22.079999923706055,13921
2024-02-23,21.1315860748291,22.229999542236328,22.229999542236328,22.0,22.040000915527344,14098
2024-02-26,21.00800895690918,22.100000381469727,22.229999542236328,22.010000228881836,22.229999542236328,23381
2024-02-27,20.97435760498047,22.064599990844727,22.198999404907227,22.049999237060547,22.049999237060547,21784
2024-02-28,20.808385848999023,21.889999389648438,22.156999588012695,21.770000457763672,22.059999465942383,81767
2024-02-29,20.76085662841797,21.84000015258789,22.079999923706055,21.790000915527344,21.895000457763672,242726
2024-03-01,20.902873992919922,21.98940086364746,22.06999969482422,21.75,21.790000915527344,21717
2024-03-04,20.91295051574707,22.0,22.0,21.850000381469727,21.969999313354492,25901
2024-03-05,20.998502731323242,22.09000015258789,22.09000015258789,21.950000762939453,21.950000762939453,16130
2024-03-06,21.061622619628906,22.156400680541992,22.229999542236328,22.059900283813477,22.09000015258789,33501
2024-03-07,21.54033660888672,22.65999984741211,22.700000762939453,22.020000457763672,22.020000457763672,15492
2024-03-08,21.48330307006836,22.600000381469727,22.68000030517578,22.45009994506836,22.6200008392334,31561
2024-03-11,21.255163192749023,22.360000610351562,22.600000381469727,22.1200008392334,22.530000686645508,109811
2024-03-12,21.3502197265625,22.459999084472656,22.459999084472656,22.270000457763672,22.270000457763672,16001
2024-03-13,21.473798751831055,22.59000015258789,22.59000015258789,22.34000015258789,22.450000762939453,31372
2024-03-14,21.530834197998047,22.649999618530273,22.649999618530273,22.43000030517578,22.579999923706055,22317
2024-03-15,21.54033660888672,22.65999984741211,22.65999984741211,22.509599685668945,22.649999618530273,29546
2024-03-18,21.52132797241211,22.639999389648438,22.700000762939453,22.600000381469727,22.670000076293945,50770
2024-03-19,21.530834197998047,22.649999618530273,22.75,22.5,22.610000610351562,97065
2024-03-20,21.711444854736328,22.84000015258789,23.0,22.600000381469727,22.6200008392334,85488
2024-03-21,21.682926177978516,22.809999465942383,23.100000381469727,22.70400047302246,22.799999237060547,111256
2024-03-22,21.711444854736328,22.84000015258789,22.90999984741211,22.649999618530273,22.80069923400879,31074
2024-03-25,21.64490509033203,22.770000457763672,22.84000015258789,22.700199127197266,22.84000015258789,24810
2024-03-26,21.701940536499023,22.829999923706055,22.850000381469727,22.75,22.809999465942383,36334
2024-03-27,21.720951080322266,22.850000381469727,22.879899978637695,22.770200729370117,22.850000381469727,21509
2024-03-28,21.502315521240234,22.6200008392334,22.989999771118164,22.6200008392334,22.760000228881836,77323
2024-04-01,21.720951080322266,22.850000381469727,23.010000228881836,22.719999313354492,22.75,28847
2024-04-02,21.625892639160156,22.75,22.920000076293945,22.75,22.780000686645508,17910
2024-04-03,21.758974075317383,22.889999389648438,22.999900817871094,22.5,22.6200008392334,31577
2024-04-04,21.758974075317383,22.889999389648438,23.009899139404297,22.7549991607666,22.809999465942383,41032
2024-04-05,21.838159561157227,22.97330093383789,23.049999237060547,22.889999389648438,22.940000534057617,8067
2024-04-08,21.835020065307617,22.969999313354492,22.979999542236328,22.899999618530273,22.979999542236328,13096
2024-04-09,21.78577995300293,22.91819953918457,22.94890022277832,22.820100784301758,22.940000534057617,21606
2024-04-10,21.787490844726562,22.920000076293945,22.969999313354492,22.700000762939453,22.899999618530273,32285
2024-04-11,21.80175018310547,22.934999465942383,22.940000534057617,22.81999969482422,22.920000076293945,24091
2024-04-12,21.805076599121094,22.540000915527344,22.780000686645508,22.489200592041016,22.770000457763672,27514
2024-04-15,21.592248916625977,22.31999969482422,22.579999923706055,22.239999771118164,22.450000762939453,53253
2024-04-16,21.53420639038086,22.260000228881836,22.459999084472656,22.18000030517578,22.299999237060547,18230
2024-04-17,21.49551010131836,22.219999313354492,22.447799682617188,22.209999084472656,22.309999465942383,10188
2024-04-18,21.447141647338867,22.170000076293945,22.299999237060547,22.162599563598633,22.170000076293945,36772
2024-04-19,21.592248916625977,22.31999969482422,22.389999389648438,22.15999984741211,22.15999984741211,69040
2024-04-22,21.592248916625977,22.31999969482422,22.489999771118164,22.299999237060547,22.479999542236328,28573
2024-04-23,21.669641494750977,22.399999618530273,22.489999771118164,22.299999237060547,22.329999923706055,14643
2024-04-24,21.65996742248535,22.389999389648438,22.625,22.389999389648438,22.50040054321289,7627
2024-04-25,21.57290267944336,22.299999237060547,22.34000015258789,22.280000686645508,22.31999969482422,30845
2024-04-26,21.58257484436035,22.309999465942383,22.47599983215332,22.299999237060547,22.3700008392334,19282
2024-04-29,21.7180118560791,22.450000762939453,22.450000762939453,22.309999465942383,22.309999465942383,11458
2024-04-30,21.93083953857422,22.670000076293945,22.739999771118164,22.450000762939453,22.450000762939453,44273
2024-05-01,22.153339385986328,22.899999618530273,22.899999618530273,22.59000015258789,22.649999618530273,76902
2024-05-02,22.346817016601562,23.100000381469727,23.100000381469727,22.770000457763672,22.899999618530273,31821
2024-05-03,22.395187377929688,23.149999618530273,23.190000534057617,23.030000686645508,23.100000381469727,31522
2024-05-06,22.46290397644043,23.219999313354492,23.25,23.129499435424805,23.190000534057617,29267
2024-05-07,22.375837326049805,23.1299991607666,23.25,23.1299991607666,23.25,19608
2024-05-08,22.491926193237305,23.25,23.25,22.905000686645508,23.100000381469727,29305
2024-05-09,22.395187377929688,23.149999618530273,23.25,23.059999465942383,23.1200008392334,127046
2024-05-10,22.395187377929688,23.149999618530273,23.244699478149414,22.80270004272461,22.80270004272461,129200
2024-05-13,22.424304962158203,23.180099487304688,23.290000915527344,23.149999618530273,23.229999542236328,116901
2024-05-14,22.395187377929688,23.149999618530273,23.18000030517578,22.959999084472656,23.170000076293945,81449
2024-05-15,22.443559646606445,23.200000762939453,23.239999771118164,23.170000076293945,23.200000762939453,227976
2024-05-16,22.443559646606445,23.200000762939453,23.219999313354492,23.15999984741211,23.15999984741211,63498
2024-05-17,22.54029655456543,23.299999237060547,23.299999237060547,23.149999618530273,23.149999618530273,27350
2024-05-20,22.617687225341797,23.3799991607666,23.389999389648438,23.246999740600586,23.299999237060547,24747
2024-05-21,22.617687225341797,23.3799991607666,23.450000762939453,23.350000381469727,23.350000381469727,36922
2024-05-22,22.617687225341797,23.3799991607666,23.389999389648438,23.350000381469727,23.3799991607666,19385
2024-05-23,22.33714485168457,23.09000015258789,23.450000762939453,23.09000015258789,23.450000762939453,54792
2024-05-24,22.540393829345703,23.300100326538086,23.34000015258789,23.110000610351562,23.110000610351562,33574
2024-05-28,22.569318771362305,23.329999923706055,23.40999984741211,23.219999313354492,23.219999313354492,40174
2024-05-29,22.559642791748047,23.31999969482422,23.350000381469727,23.170000076293945,23.350000381469727,51320
2024-05-30,22.666057586669922,23.43000030517578,23.450000762939453,23.280000686645508,23.280000686645508,46271
2024-05-31,22.907907485961914,23.68000030517578,23.729999542236328,23.3700008392334,23.3700008392334,58316
2024-06-03,23.00464630126953,23.780000686645508,23.850000381469727,23.5,23.5,69180
2024-06-04,23.072362899780273,23.850000381469727,23.93000030517578,23.649999618530273,23.780000686645508,33417
2024-06-05,22.927255630493164,23.700000762939453,23.860000610351562,23.690000534057617,23.799999237060547,63851
2024-06-06,22.80149269104004,23.56999969482422,23.709999084472656,23.549999237060547,23.56999969482422,27347
2024-06-07,22.927255630493164,23.700000762939453,23.760000228881836,23.520000457763672,23.56999969482422,32060
2024-06-10,22.830514907836914,23.600000381469727,23.690000534057617,23.549999237060547,23.690000534057617,20755
2024-06-11,22.84502601623535,23.614999771118164,23.649999618530273,23.549999237060547,23.549999237060547,24949
2024-06-12,22.859535217285156,23.6299991607666,23.719999313354492,23.600000381469727,23.65999984741211,29301
2024-06-13,22.849863052368164,23.6200008392334,23.649999618530273,23.549999237060547,23.600000381469727,21612
2024-06-14,22.936927795410156,23.709999084472656,23.739999771118164,23.510099411010742,23.540000915527344,42028
2024-06-17,22.956275939941406,23.729999542236328,23.729999542236328,23.575000762939453,23.6200008392334,20203
2024-06-18,22.970014572143555,23.744199752807617,23.780000686645508,23.690900802612305,23.690900802612305,22642
2024-06-20,22.985300064086914,23.760000228881836,23.77199935913086,23.68000030517578,23.739999771118164,4082
2024-06-21,22.956275939941406,23.729999542236328,23.75,23.610000610351562,23.75,9976
2024-06-24,22.927255630493164,23.700000762939453,23.81999969482422,23.700000762939453,23.719999313354492,41005
2024-06-25,22.82084083557129,23.59000015258789,23.790000915527344,23.550399780273438,23.790000915527344,40519
2024-06-26,22.91758155822754,23.690000534057617,23.81999969482422,23.600000381469727,23.600000381469727,11899
2024-06-27,22.94660186767578,23.719999313354492,23.760799407958984,23.614900588989258,23.614900588989258,21623
2024-06-28,22.88855743408203,23.65999984741211,23.739999771118164,23.61009979248047,23.670000076293945,41471
2024-07-01,23.00464630126953,23.780000686645508,23.790000915527344,23.600000381469727,23.65999984741211,31093
2024-07-02,23.02399444580078,23.799999237060547,23.850000381469727,23.75,23.850000381469727,10840
2024-07-03,23.072362899780273,23.850000381469727,23.850000381469727,23.750099182128906,23.799999237060547,8977
2024-07-05,23.087745666503906,23.86590003967285,23.920000076293945,23.860000610351562,23.860000610351562,18822
2024-07-08,23.091712951660156,23.8700008392334,23.950000762939453,23.84000015258789,23.899999618530273,16382
2024-07-09,22.956275939941406,23.729999542236328,23.899999618530273,23.700000762939453,23.885000228881836,29083
2024-07-10,23.097806930541992,23.876300811767578,23.950000762939453,23.70009994506836,23.70009994506836,23819
2024-07-11,23.1594295501709,23.940000534057617,23.940000534057617,23.799999237060547,23.850000381469727,27685
2024-07-12,23.314212799072266,24.100000381469727,24.1299991607666,23.86949920654297,23.979999542236328,43719
2024-07-15,23.479997634887695,23.870100021362305,23.889999389648438,23.725000381469727,23.829999923706055,54971
2024-07-16,23.42087745666504,23.809999465942383,23.86989974975586,23.65999984741211,23.809999465942383,52472
2024-07-17,23.46022605895996,23.850000381469727,24.100000381469727,23.799999237060547,23.799999237060547,27367
2024-07-18,23.538917541503906,23.93000030517578,24.040000915527344,23.899999618530273,23.979999542236328,14903
2024-07-19,23.430715560913086,23.81999969482422,23.899999618530273,23.771699905395508,23.899999618530273,5318
2024-07-22,23.444486618041992,23.833999633789062,23.940000534057617,23.610000610351562,23.610000610351562,23746
2024-07-23,23.342185974121094,23.729999542236328,23.954999923706055,23.720600128173828,23.799999237060547,85631
2024-07-24,23.39137077331543,23.780000686645508,23.799999237060547,23.719999313354492,23.729999542236328,26984
2024-07-25,23.411041259765625,23.799999237060547,23.940000534057617,23.670000076293945,23.670000076293945,17095
2024-07-26,23.41832160949707,23.80739974975586,23.889999389648438,23.709999084472656,23.760000228881836,3223
2024-07-29,23.37169647216797,23.760000228881836,23.839399337768555,23.65999984741211,23.65999984741211,6714
2024-07-30,23.361860275268555,23.75,23.79759979248047,23.639999389648438,23.75,13921
2024-07-31,23.361860275268555,23.75,23.799999237060547,23.549999237060547,23.709999084472656,71012
2024-08-01,23.411041259765625,23.799999237060547,23.939599990844727,23.68000030517578,23.760000228881836,43639
2024-08-02,23.47989845275879,23.8700008392334,23.940000534057617,23.639999389648438,23.8700008392334,48124
2024-08-05,23.302841186523438,23.690000534057617,23.739999771118164,23.399999618530273,23.6299991607666,46122
2024-08-06,23.283166885375977,23.670000076293945,23.929899215698242,23.459999084472656,23.719999313354492,43548
2024-08-07,23.47989845275879,23.8700008392334,23.889999389648438,23.579999923706055,23.579999923706055,28605
2024-08-08,23.470062255859375,23.860000610351562,23.899999618530273,23.729999542236328,23.770000457763672,25138
2024-08-09,23.411041259765625,23.799999237060547,23.875,23.7549991607666,23.80500030517578,25972
2024-08-12,23.406124114990234,23.795000076293945,23.8799991607666,23.710100173950195,23.799999237060547,14437
2024-08-13,23.361860275268555,23.75,23.8799991607666,23.709999084472656,23.85540008544922,12958
2024-08-14,23.401206970214844,23.790000915527344,23.81999969482422,23.579999923706055,23.75,18975
2024-08-15,23.42087745666504,23.809999465942383,23.8799991607666,23.70009994506836,23.8799991607666,12473
2024-08-16,23.50940704345703,23.899999618530273,23.899999618530273,23.815000534057617,23.889999389648438,5388
2024-08-19,23.499570846557617,23.889999389648438,23.899999618530273,23.860000610351562,23.899999618530273,12120
2024-08-20,23.489734649658203,23.8799991607666,23.892099380493164,23.780000686645508,23.780000686645508,17690
2024-08-21,23.381532669067383,23.770000457763672,23.924999237060547,23.770000457763672,23.899999618530273,21717
2024-08-22,23.430715560913086,23.81999969482422,23.8799991607666,23.780000686645508,23.799999237060547,36206
2024-08-23,23.499570846557617,23.889999389648438,23.889999389648438,23.790000915527344,23.81999969482422,25158
2024-08-26,23.499570846557617,23.889999389648438,23.889999389648438,23.81999969482422,23.82029914855957,25619
2024-08-27,23.538917541503906,23.93000030517578,23.93000030517578,23.81999969482422,23.81999969482422,10682
2024-08-28,23.47989845275879,23.8700008392334,23.920000076293945,23.729999542236328,23.729999542236328,15283
2024-08-29,23.499570846557617,23.889999389648438,23.93000030517578,23.690000534057617,23.8700008392334,28694
2024-08-30,23.361860275268555,23.75,23.889999389648438,23.700000762939453,23.889999389648438,34025
2024-09-03,23.411041259765625,23.799999237060547,23.81999969482422,23.75,23.799999237060547,14528
2024-09-04,23.411041259765625,23.799999237060547,23.850000381469727,23.790000915527344,23.825899124145508,22740
2024-09-05,23.361860275268555,23.75,23.799999237060547,23.75,23.770000457763672,18872
2024-09-06,23.361860275268555,23.75,23.809999465942383,23.700000762939453,23.799999237060547,32010
2024-09-09,23.381532669067383,23.770000457763672,23.770000457763672,23.700000762939453,23.739999771118164,35354
2024-09-10,23.352022171020508,23.739999771118164,23.770000457763672,23.729999542236328,23.770000457763672,29177
2024-09-11,23.342185974121094,23.729999542236328,23.799999237060547,23.68000030517578,23.739999771118164,30101
2024-09-12,23.381532669067383,23.770000457763672,23.81999969482422,23.735000610351562,23.735000610351562,40548
2024-09-13,23.450387954711914,23.84000015258789,23.889999389648438,23.75,23.75,41112
2024-09-16,23.607772827148438,24.0,24.040000915527344,23.8799991607666,23.889999389648438,26665
2024-09-17,23.56842613220215,23.959999084472656,24.06999969482422,23.920000076293945,23.959999084472656,46354
2024-09-18,23.543834686279297,23.934999465942383,24.078500747680664,23.8799991607666,23.988500595092773,60558
2024-09-19,23.65695571899414,24.049999237060547,24.110000610351562,24.0,24.049999237060547,28431
2024-09-20,23.637283325195312,24.030000686645508,24.06999969482422,23.959999084472656,24.06999969482422,56988
2024-09-23,23.725812911987305,24.1200008392334,24.25,24.059999465942383,24.079999923706055,109193
2024-09-24,23.666791915893555,24.059999465942383,24.106199264526367,23.960100173950195,24.106199264526367,47402
2024-09-25,23.745485305786133,24.139999389648438,24.200000762939453,24.059999465942383,24.100000381469727,30696
2024-09-26,23.804506301879883,24.200000762939453,24.200000762939453,24.104999542236328,24.104999542236328,8481
2024-09-27,23.841392517089844,24.237499237060547,24.270000457763672,24.010099411010742,24.010099411010742,42662
2024-09-30,23.58810043334961,23.979999542236328,24.309999465942383,23.979999542236328,24.280000686645508,82037
2024-10-01,23.883197784423828,24.280000686645508,24.280000686645508,24.040000915527344,24.040000915527344,12513
2024-10-02,23.883197784423828,24.280000686645508,24.299999237060547,24.18000030517578,24.280000686645508,13660
2024-10-03,23.92087173461914,24.318300247192383,24.339599609375,24.299999237060547,24.299999237060547,16664
2024-10-04,23.883197784423828,24.280000686645508,24.34000015258789,24.25,24.31999969482422,28400
2024-10-07,23.86844253540039,24.264999389648438,24.34000015258789,24.20009994506836,24.34000015258789,13439
2024-10-08,23.93238067626953,24.329999923706055,24.329999923706055,24.172000885009766,24.299999237060547,18885
2024-10-09,24.030746459960938,24.43000030517578,24.459999084472656,24.33209991455078,24.350000381469727,17305
2024-10-10,24.04058265686035,24.440000534057617,24.440000534057617,24.350000381469727,24.350000381469727,10337
2024-10-11,23.99139976501465,24.389999389648438,24.5,24.299999237060547,24.5,23042
2024-10-14,23.98166275024414,24.38010025024414,24.419300079345703,24.379899978637695,24.389999389648438,17353
2024-10-15,24.09000015258789,24.09000015258789,24.25,24.020000457763672,24.030000686645508,36813
2024-10-16,24.110000610351562,24.110000610351562,24.170000076293945,24.06999969482422,24.06999969482422,23292
2024-10-17,24.139999389648438,24.139999389648438,24.19849967956543,24.010000228881836,24.059999465942383,28540
2024-10-18,24.049999237060547,24.049999237060547,24.190000534057617,24.049999237060547,24.09000015258789,7194
2024-10-21,24.100000381469727,24.100000381469727,24.100000381469727,24.049999237060547,24.059999465942383,8312
2024-10-22,24.15999984741211,24.15999984741211,24.211000442504883,24.112300872802734,24.15999984741211,6753
2024-10-23,24.040000915527344,24.040000915527344,24.15999984741211,23.950000762939453,24.15999984741211,15692
2024-10-24,24.100000381469727,24.100000381469727,24.128000259399414,24.044200897216797,24.049999237060547,12147
2024-10-25,24.079999923706055,24.079999923706055,24.145299911499023,24.079999923706055,24.1200008392334,9343
2024-10-28,24.09000015258789,24.09000015258789,24.149999618530273,24.079999923706055,24.126399993896484,21735
2024-10-29,24.15999984741211,24.15999984741211,24.15999984741211,24.079999923706055,24.079999923706055,19383
2024-10-30,24.299999237060547,24.299999237060547,24.34000015258789,24.149999618530273,24.149999618530273,44471
2024-10-31,24.299999237060547,24.299999237060547,24.389999389648438,24.139999389648438,24.389999389648438,46617
2024-11-01,24.274799346923828,24.274799346923828,24.350000381469727,24.25,24.350000381469727,9501
2024-11-04,24.290000915527344,24.290000915527344,24.329999923706055,24.170000076293945,24.200000762939453,21943
2024-11-05,24.399999618530273,24.399999618530273,24.399999618530273,24.200000762939453,24.31279945373535,21097
2024-11-06,24.315000534057617,24.315000534057617,24.41069984436035,24.299999237060547,24.299999237060547,34646
2024-11-07,24.350000381469727,24.350000381469727,24.5,24.286399841308594,24.299999237060547,256845
2024-11-08,24.450000762939453,24.450000762939453,24.56999969482422,24.34000015258789,24.489999771118164,42673
2024-11-11,24.520000457763672,24.520000457763672,24.520000457763672,24.420000076293945,24.450000762939453,24342
2024-11-12,24.549999237060547,24.549999237060547,24.600000381469727,24.43000030517578,24.584999084472656,25032
2024-11-13,24.600000381469727,24.600000381469727,24.690000534057617,24.43000030517578,24.479999542236328,19027
2024-11-14,24.600000381469727,24.600000381469727,24.75,24.600000381469727,24.68000030517578,34559
2024-11-15,24.600000381469727,24.600000381469727,24.75,24.559999465942383,24.700000762939453,26845
2024-11-18,24.780000686645508,24.780000686645508,24.790000915527344,24.600000381469727,24.639999389648438,9589
2024-11-19,24.645000457763672,24.645000457763672,24.70050048828125,24.530000686645508,24.690000534057617,36222
2024-11-20,24.450000762939453,24.450000762939453,24.728200912475586,24.450000762939453,24.510000228881836,22715
2024-11-21,24.549999237060547,24.549999237060547,24.6200008392334,24.450000762939453,24.6200008392334,29067
2024-11-22,24.549999237060547,24.549999237060547,24.760000228881836,24.5,24.540000915527344,13408
2024-11-25,24.641599655151367,24.641599655151367,24.648099899291992,24.469999313354492,24.549999237060547,19984
2024-11-26,24.520000457763672,24.520000457763672,24.690000534057617,24.399999618530273,24.690000534057617,70708
2024-11-27,24.610000610351562,24.610000610351562,24.6200008392334,24.450000762939453,24.5,29337
2024-11-29,24.360000610351562,24.360000610351562,24.780000686645508,24.360000610351562,24.6200008392334,172572
2024-12-02,24.594999313354492,24.594999313354492,24.68000030517578,24.399999618530273,24.450000762939453,41807
2024-12-03,24.65999984741211,24.65999984741211,24.700000762939453,24.603500366210938,24.649999618530273,33160
2024-12-04,24.657100677490234,24.657100677490234,24.67650032043457,24.579999923706055,24.610000610351562,15182
2024-12-05,24.610000610351562,24.610000610351562,24.729999542236328,24.549999237060547,24.635299682617188,12169
2024-12-06,24.579999923706055,24.579999923706055,24.69499969482422,24.479999542236328,24.549999237060547,29716
2024-12-09,24.549999237060547,24.549999237060547,24.6299991607666,24.520000457763672,24.600000381469727,53120
2024-12-10,24.559999465942383,24.559999465942383,24.6200008392334,24.520000457763672,24.58300018310547,10337
2024-12-11,24.559999465942383,24.559999465942383,24.6200008392334,24.520000457763672,24.6299991607666,25326
