Date,Adj Close,Close,High,Low,Open,Volume
2012-10-11,18.609582901000977,21.65999984741211,22.899999618530273,21.280000686645508,22.5,5873700
2012-10-12,18.90169906616211,22.0,22.059999465942383,21.0,21.5,402400
2012-10-15,19.717906951904297,22.950000762939453,23.209999084472656,22.0,22.25,114300
2012-10-16,19.79523277282715,23.040000915527344,23.489999771118164,22.6200008392334,23.100000381469727,122300
2012-10-17,19.829601287841797,23.079999923706055,23.18000030517578,22.969999313354492,23.100000381469727,60800
2012-10-18,20.92933464050293,24.360000610351562,25.219999313354492,22.989999771118164,23.079999923706055,202000
2012-10-19,19.614805221557617,22.829999923706055,24.450000762939453,22.829999923706055,24.010000228881836,162800
2012-10-22,20.121719360351562,23.420000076293945,23.729999542236328,22.850000381469727,22.899999618530273,72200
2012-10-23,19.41719627380371,22.600000381469727,23.0,22.34000015258789,23.0,42600
2012-10-24,19.485933303833008,22.68000030517578,22.739999771118164,22.360000610351562,22.649999618530273,29700
2012-10-25,19.494525909423828,22.690000534057617,23.950000762939453,22.540000915527344,22.75,169600
2012-10-26,19.941287994384766,23.209999084472656,23.479999542236328,22.270000457763672,22.389999389648438,62200
2012-10-31,20.405242919921875,23.75,25.0,22.610000610351562,23.0,74000
2012-11-01,21.212858200073242,24.690000534057617,24.770000457763672,23.75,23.75,80900
2012-11-02,21.324552536010742,24.81999969482422,25.200000762939453,24.739999771118164,25.010000228881836,47300
2012-11-05,20.71454429626465,24.110000610351562,24.760000228881836,23.950000762939453,24.1200008392334,105000
2012-11-06,19.47734260559082,22.670000076293945,23.700000762939453,22.649999618530273,23.5,138400
2012-11-07,20.06157684326172,23.350000381469727,23.3799991607666,21.799999237060547,22.020000457763672,102400
2012-11-08,20.620038986206055,24.0,24.010000228881836,22.770000457763672,23.1299991607666,12600
2012-11-09,20.491159439086914,23.850000381469727,23.950000762939453,22.5,23.690000534057617,23000
2012-11-12,20.568485260009766,23.940000534057617,24.0,23.290000915527344,23.850000381469727,23100
2012-11-13,20.594255447387695,23.969999313354492,24.100000381469727,23.84000015258789,24.079999923706055,27800
2012-11-14,19.649173736572266,22.8700008392334,23.649999618530273,22.770000457763672,23.489999771118164,64800
2012-11-15,18.721271514892578,21.790000915527344,22.93000030517578,21.399999618530273,22.280000686645508,56800
2012-11-16,20.07875633239746,23.3700008392334,24.639999389648438,23.100000381469727,23.270000457763672,91300
2012-11-19,22.355554580688477,26.020000457763672,26.690000534057617,23.639999389648438,23.639999389648438,110400
2012-11-20,23.627119064331055,27.5,28.6299991607666,25.989999771118164,26.270000457763672,101800
2012-11-21,23.747407913208008,27.639999389648438,28.0,27.079999923706055,27.600000381469727,32200
2012-11-23,23.63571548461914,27.510000228881836,28.1299991607666,26.969999313354492,27.6299991607666,20100
2012-11-26,23.180356979370117,26.979999542236328,27.5,26.950000762939453,27.1200008392334,16900
2012-11-27,22.252450942993164,25.899999618530273,27.219999313354492,25.579999923706055,27.219999313354492,28800
2012-11-28,22.278230667114258,25.93000030517578,26.049999237060547,25.579999923706055,25.579999923706055,56800
2012-11-29,22.218088150024414,25.860000610351562,26.829999923706055,25.510000228881836,26.350000381469727,22300
2012-11-30,21.994701385498047,25.600000381469727,25.700000762939453,25.299999237060547,25.68000030517578,17800
2012-12-03,22.286821365356445,25.940000534057617,27.270000457763672,25.719999313354492,26.3799991607666,147500
2012-12-04,21.668216705322266,25.219999313354492,26.450000762939453,25.0,26.450000762939453,372900
2012-12-05,21.178495407104492,24.649999618530273,25.579999923706055,23.670000076293945,25.579999923706055,191400
2012-12-06,20.963699340820312,24.399999618530273,24.799999237060547,24.100000381469727,24.290000915527344,40000
2012-12-07,22.02907371520996,25.639999389648438,25.700000762939453,24.459999084472656,24.760000228881836,25200
2012-12-10,22.49302101135254,26.18000030517578,27.270000457763672,25.06999969482422,25.18000030517578,62900
2012-12-11,21.968931198120117,25.56999969482422,26.68000030517578,25.5,26.040000915527344,36400
2012-12-12,22.072031021118164,25.690000534057617,26.31999969482422,25.5,25.719999313354492,61100
2012-12-13,22.037662506103516,25.649999618530273,26.270000457763672,24.8799991607666,25.780000686645508,33500
2012-12-14,22.15794563293457,25.790000915527344,25.899999618530273,25.270000457763672,25.729999542236328,12800
2012-12-17,21.307369232177734,24.799999237060547,25.68000030517578,24.520000457763672,25.68000030517578,85100
2012-12-18,21.90878677368164,25.5,25.959999084472656,24.670000076293945,24.739999771118164,66200
2012-12-19,21.556529998779297,25.09000015258789,25.989999771118164,24.799999237060547,25.329999923706055,112100
2012-12-20,20.834823608398438,24.25,25.350000381469727,24.1299991607666,24.969999313354492,125000
2012-12-21,20.542709350585938,23.90999984741211,24.329999923706055,23.1200008392334,24.040000915527344,594000
2012-12-24,20.25918197631836,23.579999923706055,23.790000915527344,23.299999237060547,23.780000686645508,29600
2012-12-26,20.052982330322266,23.34000015258789,23.799999237060547,23.0,23.670000076293945,41900
2012-12-27,21.092575073242188,24.549999237060547,24.979999542236328,23.1299991607666,23.399999618530273,65000
2012-12-28,21.736953735351562,25.299999237060547,25.489999771118164,24.510000228881836,24.510000228881836,38600
2012-12-31,22.33837127685547,26.0,26.079999923706055,24.899999618530273,25.149999618530273,103600
2013-01-02,22.6304874420166,26.34000015258789,27.270000457763672,26.020000457763672,26.3700008392334,134200
2013-01-03,22.218088150024414,25.860000610351562,26.729999542236328,25.799999237060547,26.579999923706055,44900
2013-01-04,22.132171630859375,25.760000228881836,26.350000381469727,25.15999984741211,26.1299991607666,83500
2013-01-07,22.44147300720215,26.1200008392334,26.40999984741211,25.530000686645508,25.84000015258789,25000
2013-01-08,22.192312240600586,25.829999923706055,26.3799991607666,25.200000762939453,26.040000915527344,32500
2013-01-09,22.845277786254883,26.59000015258789,26.770000457763672,25.760000228881836,25.889999389648438,66700
2013-01-10,23.128807067871094,26.920000076293945,27.0,26.200000762939453,26.709999084472656,39300
2013-01-11,23.987977981567383,27.920000076293945,28.200000762939453,26.8700008392334,26.8700008392334,61300
2013-01-14,23.14598846435547,26.940000534057617,28.0,26.84000015258789,27.760000228881836,52100
2013-01-15,22.785140991210938,26.520000457763672,26.8700008392334,25.84000015258789,26.8700008392334,27300
2013-01-16,22.2266788482666,25.8700008392334,27.31999969482422,25.760000228881836,26.5,48400
2013-01-17,22.682039260864258,26.399999618530273,26.489999771118164,25.100000381469727,26.100000381469727,40200
2013-01-18,22.02907371520996,25.639999389648438,26.350000381469727,25.5,26.25,48000
2013-01-22,22.037662506103516,25.649999618530273,25.8700008392334,25.389999389648438,25.690000534057617,16600
2013-01-23,21.625261306762695,25.170000076293945,26.329999923706055,24.770000457763672,25.459999084472656,54200
2013-01-24,20.448198318481445,23.799999237060547,25.860000610351562,23.309999465942383,25.200000762939453,142600
2013-01-25,21.1956787109375,24.670000076293945,24.8700008392334,23.549999237060547,23.93000030517578,58200
2013-01-28,21.023845672607422,24.469999313354492,25.15999984741211,24.34000015258789,24.6299991607666,45900
2013-01-29,21.72836685180664,25.290000915527344,25.34000015258789,24.200000762939453,24.360000610351562,64200
2013-01-30,21.238632202148438,24.719999313354492,25.34000015258789,24.610000610351562,25.34000015258789,25100
2013-01-31,21.67681121826172,25.229999542236328,25.280000686645508,24.030000686645508,24.649999618530273,49700
2013-02-01,21.840055465698242,25.420000076293945,25.5,24.780000686645508,25.280000686645508,28200
2013-02-04,21.642444610595703,25.190000534057617,25.360000610351562,25.020000457763672,25.299999237060547,32000
2013-02-05,21.608078002929688,25.149999618530273,25.450000762939453,25.0,25.299999237060547,26800
2013-02-06,21.52216339111328,25.049999237060547,25.18000030517578,24.84000015258789,25.010000228881836,14500
2013-02-07,21.573711395263672,25.110000610351562,25.229999542236328,24.799999237060547,25.1200008392334,10400
2013-02-08,21.68540382385254,25.239999771118164,25.43000030517578,24.8799991607666,25.31999969482422,31300
2013-02-11,22.17513084411621,25.809999465942383,25.940000534057617,25.030000686645508,25.200000762939453,30600
2013-02-12,20.92933464050293,24.360000610351562,25.780000686645508,24.010000228881836,25.75,115000
2013-02-13,21.608078002929688,25.149999618530273,25.200000762939453,24.469999313354492,24.559999465942383,10800
2013-02-14,21.556529998779297,25.09000015258789,25.280000686645508,24.399999618530273,25.15999984741211,8800
2013-02-15,21.711179733276367,25.270000457763672,25.270000457763672,24.8700008392334,25.030000686645508,20800
2013-02-19,22.04625129699707,25.65999984741211,25.889999389648438,25.149999618530273,25.170000076293945,6600
2013-02-20,22.72499656677246,26.450000762939453,26.950000762939453,25.510000228881836,25.530000686645508,23300
2013-02-21,24.09966468811035,28.049999237060547,28.34000015258789,26.1200008392334,26.540000915527344,103500
2013-02-22,28.232271194458008,32.86000061035156,33.0,28.860000610351562,28.860000610351562,213600
2013-02-25,29.916234970092773,34.81999969482422,34.81999969482422,33.0,33.18000030517578,172000
2013-02-26,29.254674911499023,34.04999923706055,35.72999954223633,33.79999923706055,34.9900016784668,290500
2013-02-27,27.038021087646484,31.469999313354492,34.560001373291016,31.329999923706055,34.22999954223633,144600
2013-02-28,28.008880615234375,32.599998474121094,33.650001525878906,30.559999465942383,31.43000030517578,119600
2013-03-01,27.940155029296875,32.52000045776367,32.709999084472656,30.639999389648438,32.220001220703125,89500
2013-03-04,29.357776641845703,34.16999816894531,34.90999984741211,32.25,32.41999816894531,91700
2013-03-05,29.881866455078125,34.779998779296875,35.65999984741211,34.040000915527344,34.25,77000
2013-03-06,29.64129638671875,34.5,34.97999954223633,34.09000015258789,34.52000045776367,45600
2013-03-07,29.93341827392578,34.84000015258789,34.9900016784668,33.939998626708984,34.40999984741211,55500
2013-03-08,30.50046730041504,35.5,35.61000061035156,34.5,35.0,32900
2013-03-11,30.869911193847656,35.93000030517578,36.720001220703125,35.13999938964844,35.7400016784668,51500
2013-03-12,31.015968322753906,36.099998474121094,36.27000045776367,35.5099983215332,35.959999084472656,114700
2013-03-13,30.955821990966797,36.029998779296875,36.38999938964844,35.7599983215332,36.369998931884766,36200
2013-03-14,32.81163024902344,38.189998626708984,38.63999938964844,36.0099983215332,36.61000061035156,43500
2013-03-15,34.35813903808594,39.9900016784668,40.0,38.09000015258789,38.189998626708984,98300
2013-03-18,35.47505569458008,41.290000915527344,42.43000030517578,39.31999969482422,39.47999954223633,229100
2013-03-19,36.07646942138672,41.9900016784668,42.119998931884766,40.349998474121094,41.5,91500
2013-03-20,36.935638427734375,42.9900016784668,43.0,41.68000030517578,42.0,41200
2013-03-21,36.72943878173828,42.75,43.0,41.75,42.68000030517578,51300
2013-03-22,38.215797424316406,44.47999954223633,44.72999954223633,42.66999816894531,42.970001220703125,49100
2013-03-25,38.55086898803711,44.869998931884766,44.959999084472656,43.90999984741211,44.7400016784668,33400
2013-03-26,38.61101150512695,44.939998626708984,45.130001068115234,44.0,44.88999938964844,44100
2013-03-27,38.09551239013672,44.34000015258789,45.209999084472656,44.189998626708984,45.209999084472656,61200
2013-03-28,38.6453857421875,44.97999954223633,45.130001068115234,44.0,44.45000076293945,50100
2013-04-01,37.004371643066406,43.06999969482422,45.0,42.900001525878906,44.95000076293945,60500
2013-04-02,35.93899917602539,41.83000183105469,43.279998779296875,41.59000015258789,43.279998779296875,67200
2013-04-03,32.74290084838867,38.11000061035156,41.790000915527344,37.7400016784668,41.790000915527344,127200
2013-04-04,34.59011459350586,40.2599983215332,40.61000061035156,37.369998931884766,38.0099983215332,180500
2013-04-05,34.85643768310547,40.56999969482422,42.27000045776367,39.70000076293945,40.099998474121094,113000
2013-04-08,34.13474655151367,39.72999954223633,41.279998779296875,39.040000915527344,40.90999984741211,71500
2013-04-09,36.54043197631836,42.529998779296875,43.34000015258789,39.290000915527344,40.20000076293945,140200
2013-04-10,37.27072525024414,43.380001068115234,44.84000015258789,42.29999923706055,42.40999984741211,92200
2013-04-11,37.49409484863281,43.63999938964844,44.38999938964844,43.27000045776367,43.27000045776367,57100
2013-04-12,37.13325500488281,43.220001220703125,43.900001525878906,42.93000030517578,43.43000030517578,29200
2013-04-15,35.71562194824219,41.56999969482422,43.790000915527344,41.0,43.790000915527344,60300
2013-04-16,36.09364700317383,42.0099983215332,42.25,41.20000076293945,41.790000915527344,202100
2013-04-17,36.454505920410156,42.43000030517578,42.779998779296875,41.27000045776367,41.4900016784668,80600
2013-04-18,36.60056686401367,42.599998474121094,42.95000076293945,41.93000030517578,42.36000061035156,34400
2013-04-19,37.5714225769043,43.72999954223633,44.16999816894531,42.25,42.7400016784668,57300
2013-04-22,37.82917022705078,44.029998779296875,44.369998931884766,43.29999923706055,43.91999816894531,47900
2013-04-23,39.633426666259766,46.130001068115234,46.75,43.97999954223633,43.97999954223633,107300
2013-04-24,39.57328796386719,46.060001373291016,47.099998474121094,45.63999938964844,45.869998931884766,45100
2013-04-25,39.719337463378906,46.22999954223633,46.56999969482422,45.84000015258789,46.33000183105469,43500
2013-04-26,39.41004180908203,45.869998931884766,46.27000045776367,45.70000076293945,46.27000045776367,10600
2013-04-29,38.989051818847656,45.380001068115234,46.529998779296875,45.09000015258789,45.7400016784668,18300
2013-04-30,35.82732009887695,41.70000076293945,45.560001373291016,41.41999816894531,45.31999969482422,109200
2013-05-01,35.981964111328125,41.880001068115234,43.529998779296875,40.25,41.650001525878906,140500
2013-05-02,37.76903533935547,43.959999084472656,44.099998474121094,41.22999954223633,41.86000061035156,110400
2013-05-03,38.155662536621094,44.40999984741211,45.7599983215332,43.9900016784668,44.599998474121094,34800
2013-05-06,38.26734161376953,44.540000915527344,44.790000915527344,44.0099983215332,44.709999084472656,48200
2013-05-07,38.23298263549805,44.5,44.70000076293945,43.75,44.5,41300
2013-05-08,38.9632682800293,45.349998474121094,46.0,43.77000045776367,44.209999084472656,67000
2013-05-09,39.7021598815918,46.209999084472656,49.0,45.0,49.0,88800
2013-05-10,40.801902770996094,47.4900016784668,47.650001525878906,45.560001373291016,46.41999816894531,71200
2013-05-13,42.21952438354492,49.13999938964844,49.54999923706055,46.06999969482422,46.720001220703125,126100
2013-05-14,44.17842102050781,51.41999816894531,52.58000183105469,49.11000061035156,49.27000045776367,117000
2013-05-15,43.38798904418945,50.5,52.0,50.11000061035156,51.43000030517578,205700
2013-05-16,43.02714920043945,50.08000183105469,50.95000076293945,49.38999938964844,50.4900016784668,81800
2013-05-17,42.374168395996094,49.31999969482422,50.599998474121094,49.08000183105469,50.150001525878906,89400
2013-05-20,42.133609771728516,49.040000915527344,49.599998474121094,48.75,49.33000183105469,37700
2013-05-21,42.25389099121094,49.18000030517578,49.619998931884766,49.0,49.0,26800
2013-05-22,39.10933303833008,45.52000045776367,48.75,45.02000045776367,48.75,269400
2013-05-23,38.525089263916016,44.84000015258789,45.529998779296875,43.029998779296875,44.65999984741211,145000
2013-05-24,39.727928161621094,46.2400016784668,46.40999984741211,44.029998779296875,44.400001525878906,46500
2013-05-28,41.05964279174805,47.790000915527344,49.459999084472656,46.650001525878906,46.88999938964844,147100
2013-05-29,40.73316192626953,47.40999984741211,48.54999923706055,46.34000015258789,47.27000045776367,29800
2013-05-30,40.793304443359375,47.47999954223633,47.9900016784668,46.41999816894531,47.54999923706055,36100
2013-05-31,40.673011779785156,47.34000015258789,47.970001220703125,46.34000015258789,46.84000015258789,67400
2013-06-03,40.52695846557617,47.16999816894531,47.90999984741211,46.5099983215332,47.25,59800
2013-06-04,39.89976501464844,46.439998626708984,47.619998931884766,46.02000045776367,47.33000183105469,111500
2013-06-05,38.671146392822266,45.0099983215332,46.880001068115234,44.91999816894531,46.439998626708984,38100
2013-06-06,37.837764739990234,44.040000915527344,44.95000076293945,43.369998931884766,44.68000030517578,223900
2013-06-07,38.147064208984375,44.400001525878906,45.43000030517578,43.75,44.119998931884766,168700
2013-06-10,39.75371170043945,46.27000045776367,47.290000915527344,44.119998931884766,44.27000045776367,113900
2013-06-11,38.482139587402344,44.790000915527344,45.97999954223633,44.400001525878906,45.66999816894531,65100
2013-06-12,38.49932861328125,44.810001373291016,45.45000076293945,44.5,44.959999084472656,27200
2013-06-13,38.38763427734375,44.68000030517578,44.939998626708984,43.540000915527344,44.43000030517578,71700
2013-06-14,39.16088104248047,45.58000183105469,45.61000061035156,43.869998931884766,44.400001525878906,89700
2013-06-17,41.669647216796875,48.5,48.900001525878906,46.040000915527344,46.209999084472656,107900
2013-06-18,42.58036804199219,49.560001373291016,50.2599983215332,47.81999969482422,48.439998626708984,223100
2013-06-19,42.3226203918457,49.2599983215332,49.9900016784668,49.029998779296875,49.880001068115234,76200
2013-06-20,42.047691345214844,48.939998626708984,49.31999969482422,47.95000076293945,48.93000030517578,104700
2013-06-21,42.71784210205078,49.720001220703125,49.9900016784668,47.54999923706055,49.439998626708984,258500
2013-06-24,42.85531234741211,49.880001068115234,50.380001068115234,48.93000030517578,49.20000076293945,113200
2013-06-25,42.795162200927734,49.810001373291016,50.0,49.400001525878906,50.0,72200
2013-06-26,42.795162200927734,49.810001373291016,50.0,49.619998931884766,50.0,84000
2013-06-27,46.01704406738281,53.560001373291016,53.9900016784668,49.619998931884766,49.900001525878906,292000
2013-06-28,47.92440414428711,55.779998779296875,57.4900016784668,53.79999923706055,53.79999923706055,544300
2013-07-01,48.182151794433594,56.08000183105469,57.630001068115234,55.720001220703125,56.15999984741211,332100
2013-07-02,49.015533447265625,57.04999923706055,57.5099983215332,55.77000045776367,56.349998474121094,77900
2013-07-03,48.98117446899414,57.0099983215332,57.099998474121094,56.630001068115234,56.959999084472656,29800
2013-07-05,49.95203399658203,58.13999938964844,59.279998779296875,57.790000915527344,57.849998474121094,58600
2013-07-08,50.1324577331543,58.349998474121094,58.84000015258789,58.0,58.630001068115234,76500
2013-07-09,51.859397888183594,60.36000061035156,60.5099983215332,58.400001525878906,58.77000045776367,150200
2013-07-10,51.696144104003906,60.16999816894531,60.61000061035156,59.86000061035156,60.4900016784668,65400
2013-07-11,51.696144104003906,60.16999816894531,60.95000076293945,60.099998474121094,60.95000076293945,78800
2013-07-12,51.524314880371094,59.970001220703125,60.31999969482422,59.40999984741211,59.9900016784668,115700
2013-07-15,51.37825393676758,59.79999923706055,60.0,59.099998474121094,59.529998779296875,122500
2013-07-16,50.24415588378906,58.47999954223633,60.15999984741211,58.29999923706055,59.849998474121094,85500
2013-07-17,49.24752426147461,57.31999969482422,59.11000061035156,57.060001373291016,58.75,87900
2013-07-18,48.164974212646484,56.060001373291016,57.25,55.81999969482422,57.25,126100
2013-07-19,47.812705993652344,55.650001525878906,56.279998779296875,55.209999084472656,55.86000061035156,273900
2013-07-22,47.048038482666016,54.7599983215332,55.349998474121094,54.29999923706055,55.0099983215332,201800
2013-07-23,46.541133880615234,54.16999816894531,54.91999816894531,53.75,54.720001220703125,98100
2013-07-24,46.644229888916016,54.290000915527344,54.560001373291016,53.72999954223633,54.189998626708984,75500
2013-07-25,46.137325286865234,53.70000076293945,54.369998931884766,52.70000076293945,54.349998474121094,119400
2013-07-26,46.54972839355469,54.18000030517578,54.27000045776367,52.880001068115234,53.13999938964844,87500
2013-07-29,45.647605895996094,53.130001068115234,54.25,52.95000076293945,53.83000183105469,68200
2013-07-30,45.04618835449219,52.43000030517578,54.150001525878906,52.220001220703125,53.470001220703125,62800
2013-07-31,45.66477966308594,53.150001525878906,53.4900016784668,51.52000045776367,52.34000015258789,98000
2013-08-01,48.66328811645508,56.63999938964844,56.900001525878906,53.560001373291016,53.720001220703125,194400
2013-08-02,48.482845306396484,56.43000030517578,57.15999984741211,56.25,56.90999984741211,116400
2013-08-05,46.85903549194336,54.540000915527344,57.040000915527344,53.90999984741211,56.349998474121094,91100
2013-08-06,45.123512268066406,52.52000045776367,54.7599983215332,51.689998626708984,54.7599983215332,92400
2013-08-07,45.93113327026367,53.459999084472656,54.22999954223633,51.0,52.52000045776367,255400
2013-08-08,48.28524398803711,56.20000076293945,57.70000076293945,54.79999923706055,55.59000015258789,393100
2013-08-09,48.77498245239258,56.77000045776367,57.560001373291016,55.95000076293945,56.369998931884766,81600
2013-08-12,49.565406799316406,57.689998626708984,58.18000030517578,56.380001068115234,56.47999954223633,104700
2013-08-13,49.27328872680664,57.349998474121094,58.0,56.4900016784668,57.54999923706055,105900
2013-08-14,47.73537826538086,55.560001373291016,57.349998474121094,55.279998779296875,57.290000915527344,108300
2013-08-15,46.08577346801758,53.63999938964844,55.25,53.630001068115234,55.25,80700
2013-08-16,45.0805549621582,52.470001220703125,54.439998626708984,51.4900016784668,53.70000076293945,87600
2013-08-19,43.33643341064453,50.439998626708984,52.849998474121094,50.43000030517578,52.25,72000
2013-08-20,43.92067337036133,51.119998931884766,51.66999816894531,50.16999816894531,50.650001525878906,82100
2013-08-21,46.10296630859375,53.65999984741211,54.09000015258789,50.72999954223633,50.7599983215332,107800
2013-08-22,46.32634353637695,53.91999816894531,55.65999984741211,53.36000061035156,53.36000061035156,137600
2013-08-23,47.08241271972656,54.79999923706055,55.09000015258789,54.06999969482422,54.09000015258789,55800
2013-08-26,45.51873016357422,52.97999954223633,54.90999984741211,52.279998779296875,54.90999984741211,120800
2013-08-27,43.8948974609375,51.09000015258789,52.7599983215332,50.86000061035156,52.0,46200
2013-08-28,41.9188117980957,48.790000915527344,50.689998626708984,48.279998779296875,50.689998626708984,99900
2013-08-29,43.03573226928711,50.09000015258789,50.349998474121094,48.04999923706055,48.43000030517578,88800
2013-08-30,42.649105072021484,49.63999938964844,50.119998931884766,48.650001525878906,49.5099983215332,57000
2013-09-03,42.6834716796875,49.68000030517578,50.5,49.5,50.11000061035156,100400
2013-09-04,43.903480529785156,51.099998474121094,51.29999923706055,49.34000015258789,49.56999969482422,193400
2013-09-05,45.43281555175781,52.880001068115234,53.72999954223633,51.29999923706055,51.29999923706055,69100
2013-09-06,45.92254638671875,53.45000076293945,53.9900016784668,51.58000183105469,52.939998626708984,58800
2013-09-09,43.74024963378906,50.90999984741211,53.45000076293945,49.91999816894531,53.45000076293945,110800
2013-09-10,46.16310119628906,53.72999954223633,53.880001068115234,50.959999084472656,51.0,104600
2013-09-11,49.87470626831055,58.04999923706055,58.150001525878906,53.15999984741211,53.310001373291016,250000
2013-09-12,48.51723098754883,56.470001220703125,58.08000183105469,56.209999084472656,57.86000061035156,111100
2013-09-13,49.900482177734375,58.08000183105469,58.279998779296875,55.68000030517578,56.88999938964844,80900
2013-09-16,51.5414924621582,59.9900016784668,60.41999816894531,58.310001373291016,58.880001068115234,157700
2013-09-17,52.675601959228516,61.310001373291016,61.95000076293945,56.189998626708984,57.91999816894531,230200
2013-09-18,50.84557342529297,59.18000030517578,61.38999938964844,58.7599983215332,61.38999938964844,123300
2013-09-19,51.82501983642578,60.31999969482422,60.91999816894531,57.400001525878906,58.900001525878906,252800
2013-09-20,60.494041442871094,70.41000366210938,70.80000305175781,62.18000030517578,62.650001525878906,3365900
2013-09-23,61.53362274169922,71.62000274658203,72.75,69.13999938964844,70.04000091552734,419600
2013-09-24,61.23291778564453,71.2699966430664,72.11000061035156,70.3499984741211,71.55000305175781,242400
2013-09-25,62.418575286865234,72.6500015258789,74.69999694824219,71.12000274658203,72.1500015258789,266200
2013-09-26,62.409969329833984,72.63999938964844,73.66000366210938,72.5999984741211,73.11000061035156,313700
2013-09-27,62.60757064819336,72.87000274658203,73.02999877929688,71.88999938964844,72.5999984741211,151000
2013-09-30,62.47871780395508,72.72000122070312,76.12000274658203,71.91000366210938,71.94000244140625,356100
2013-10-01,63.57843780517578,74.0,74.98999786376953,72.58000183105469,73.0,235200
2013-10-02,64.97029876708984,75.62000274658203,75.69999694824219,72.81999969482422,73.55000305175781,167800
2013-10-03,62.86532974243164,73.16999816894531,75.9000015258789,71.9000015258789,75.62000274658203,461300
2013-10-04,62.24673080444336,72.44999694824219,73.72000122070312,70.25,73.01000213623047,635900
2013-10-07,60.554168701171875,70.4800033569336,72.0199966430664,68.54000091552734,71.5199966430664,271600
2013-10-08,59.334144592285156,69.05999755859375,71.55000305175781,66.76000213623047,70.86000061035156,331300
2013-10-09,58.105525970458984,67.62999725341797,69.08000183105469,66.30999755859375,69.06999969482422,206400
2013-10-10,61.89446258544922,72.04000091552734,72.30000305175781,68.04000091552734,68.36000061035156,193100
2013-10-11,60.8291130065918,70.80000305175781,72.18000030517578,69.56999969482422,71.18000030517578,235600
2013-10-14,61.2758674621582,71.31999969482422,71.88999938964844,69.70999908447266,70.12999725341797,82900
2013-10-15,60.373741149902344,70.2699966430664,71.33999633789062,70.05000305175781,70.9800033569336,106400
2013-10-16,62.100669860839844,72.27999877929688,72.36000061035156,70.44999694824219,70.44999694824219,133300
2013-10-17,61.954612731933594,72.11000061035156,73.79000091552734,70.45999908447266,72.08999633789062,261600
2013-10-18,61.79136657714844,71.91999816894531,76.06999969482422,71.43000030517578,76.06999969482422,139100
2013-10-21,63.38081741333008,73.7699966430664,74.0,71.6500015258789,71.80000305175781,116700
2013-10-22,63.312110900878906,73.69000244140625,75.0,73.22000122070312,73.86000061035156,201000
2013-10-23,61.1641960144043,71.19000244140625,74.1500015258789,70.69000244140625,73.11000061035156,69100
2013-10-24,61.33602523803711,71.38999938964844,72.25,70.87999725341797,71.22000122070312,89500
2013-10-25,59.82388687133789,69.62999725341797,71.81999969482422,69.0,71.81999969482422,158500
2013-10-28,59.9269905090332,69.75,70.0,68.63999938964844,69.6500015258789,96600
2013-10-29,59.686405181884766,69.47000122070312,70.4000015258789,68.30000305175781,69.94999694824219,94200
2013-10-30,60.11599349975586,69.97000122070312,70.38999938964844,66.0199966430664,69.30000305175781,262900
2013-10-31,60.8291130065918,70.80000305175781,71.8499984741211,69.5999984741211,69.7699966430664,188800
2013-11-01,60.05585479736328,69.9000015258789,71.16000366210938,69.18000030517578,70.58000183105469,171600
2013-11-04,64.94451904296875,75.58999633789062,75.72000122070312,69.83999633789062,70.2300033569336,299700
2013-11-05,61.74842071533203,71.87000274658203,75.43000030517578,71.0,74.98999786376953,264200
2013-11-06,59.6606330871582,69.44000244140625,72.9000015258789,68.69000244140625,72.08999633789062,178700
2013-11-07,57.297935485839844,66.69000244140625,69.72000122070312,65.05000305175781,69.51000213623047,461200
2013-11-08,62.195186614990234,72.38999938964844,73.81999969482422,64.01000213623047,70.01000213623047,566200
2013-11-11,63.4753532409668,73.87999725341797,73.94000244140625,70.55000305175781,72.56999969482422,318000
2013-11-12,63.045753479003906,73.37999725341797,74.69999694824219,72.27999877929688,73.05999755859375,168000
2013-11-13,64.08535766601562,74.58999633789062,74.69000244140625,72.23999786376953,73.12999725341797,113600
2013-11-14,61.456298828125,71.52999877929688,74.98999786376953,71.33999633789062,74.44000244140625,145400
2013-11-15,62.616172790527344,72.87999725341797,73.08999633789062,69.91999816894531,71.54000091552734,215600
2013-11-18,62.12645721435547,72.30999755859375,73.48999786376953,71.13999938964844,72.91999816894531,212100
2013-11-19,61.92024612426758,72.06999969482422,73.26000213623047,71.08999633789062,72.41000366210938,201300
2013-11-20,61.58515930175781,71.68000030517578,72.58999633789062,70.68000030517578,72.29000091552734,161700
2013-11-21,62.92548370361328,73.23999786376953,74.38999938964844,71.9000015258789,72.05999755859375,128600
2013-11-22,63.77605438232422,74.2300033569336,75.26000213623047,72.87000274658203,73.12999725341797,310000
2013-11-25,63.277732849121094,73.6500015258789,74.88999938964844,72.83000183105469,74.37999725341797,150300
2013-11-26,63.57843780517578,74.0,74.31999969482422,72.75,73.5199966430664,158700
2013-11-27,65.18509674072266,75.87000274658203,77.33000183105469,73.69999694824219,74.0,175100
2013-11-29,63.5612678527832,73.9800033569336,77.76000213623047,73.19000244140625,76.4000015258789,85200
2013-12-02,61.63672637939453,71.73999786376953,74.02999877929688,71.25,74.02999877929688,156400
2013-12-03,59.9785270690918,69.80999755859375,71.52999877929688,69.26000213623047,71.29000091552734,379400
2013-12-04,60.081634521484375,69.93000030517578,70.3499984741211,67.12999725341797,69.8499984741211,202800
2013-12-05,64.43760681152344,75.0,75.02999877929688,69.41999816894531,69.83000183105469,322300
2013-12-06,63.98223876953125,74.47000122070312,76.5999984741211,73.98999786376953,75.0,252300
2013-12-09,64.91873931884766,75.55999755859375,76.20999908447266,73.61000061035156,74.36000061035156,134300
2013-12-10,64.87579345703125,75.51000213623047,76.52999877929688,74.23999786376953,75.02999877929688,113400
2013-12-11,64.17987823486328,74.69999694824219,75.80000305175781,74.31999969482422,75.7300033569336,84700
2013-12-12,63.612796783447266,74.04000091552734,75.80000305175781,73.80000305175781,74.80999755859375,67300
2013-12-13,64.25718688964844,74.79000091552734,75.73999786376953,73.76000213623047,74.13999938964844,49000
2013-12-16,68.06327056884766,79.22000122070312,79.70999908447266,75.41999816894531,75.41999816894531,306200
2013-12-17,68.16639709472656,79.33999633789062,80.0999984741211,78.72000122070312,79.48999786376953,174600
2013-12-18,69.82459259033203,81.2699966430664,82.1500015258789,78.5,79.76000213623047,243300
2013-12-19,70.95011138916016,82.58000183105469,82.91999816894531,81.2699966430664,81.2699966430664,153400
2013-12-20,72.29039764404297,84.13999938964844,85.12999725341797,82.44000244140625,83.5999984741211,270400
2013-12-23,72.23884582519531,84.08000183105469,85.16999816894531,83.06999969482422,84.08999633789062,88500
2013-12-24,72.88322448730469,84.83000183105469,85.1500015258789,83.29000091552734,83.91999816894531,54800
2013-12-26,71.98969268798828,83.79000091552734,85.69999694824219,83.02999877929688,85.0,62900
2013-12-27,72.07560729980469,83.88999938964844,84.18000030517578,82.95999908447266,84.18000030517578,61100
2013-12-30,70.37448120117188,81.91000366210938,83.9000015258789,81.2699966430664,83.75,155300
2013-12-31,71.85222625732422,83.62999725341797,85.23999786376953,81.5199966430664,82.30000305175781,157300
2014-01-02,71.33673858642578,83.02999877929688,83.37999725341797,81.97000122070312,82.86000061035156,75600
2014-01-03,72.68562316894531,84.5999984741211,85.3499984741211,83.2699966430664,83.2699966430664,169200
2014-01-06,71.6202621459961,83.36000061035156,85.44000244140625,82.29000091552734,84.58000183105469,85600
2014-01-07,74.23211669921875,86.4000015258789,86.5199966430664,82.9000015258789,83.73999786376953,149500
2014-01-08,75.80440521240234,88.2300033569336,89.38999938964844,86.22000122070312,86.22000122070312,178200
2014-01-09,74.18058013916016,86.33999633789062,88.87999725341797,84.95999908447266,88.44999694824219,111700
2014-01-10,72.23884582519531,84.08000183105469,87.05999755859375,82.81999969482422,86.19999694824219,138300
2014-01-13,71.80069732666016,83.56999969482422,85.13999938964844,82.9000015258789,83.58999633789062,122800
2014-01-14,72.71139526367188,84.62999725341797,85.51000213623047,83.2699966430664,84.16999816894531,120700
2014-01-15,73.07225036621094,85.05000305175781,85.6500015258789,83.0,85.04000091552734,189700
2014-01-16,72.91759490966797,84.87000274658203,85.87000274658203,84.52999877929688,84.87000274658203,107900
2014-01-17,70.95011138916016,82.58000183105469,85.51000213623047,81.87000274658203,85.05000305175781,127100
2014-01-21,71.77490997314453,83.54000091552734,84.77999877929688,82.31999969482422,83.12999725341797,84000
2014-01-22,70.23699951171875,81.75,83.2300033569336,80.12999725341797,83.0,141200
2014-01-23,70.40022277832031,81.94000244140625,82.0999984741211,80.0,81.2300033569336,82600
2014-01-24,69.54106140136719,80.94000244140625,83.38999938964844,80.2300033569336,81.01000213623047,126000
2014-01-27,66.92061614990234,77.88999938964844,82.02999877929688,77.2699966430664,80.81999969482422,129500
2014-01-28,69.36923217773438,80.73999786376953,82.19999694824219,77.44999694824219,77.44999694824219,83400
2014-01-29,67.21273803710938,78.2300033569336,80.02999877929688,77.0,79.86000061035156,80900
2014-01-30,70.56346893310547,82.12999725341797,82.76000213623047,78.86000061035156,78.86000061035156,163500
2014-01-31,69.2575454711914,80.61000061035156,81.95999908447266,80.3499984741211,80.81999969482422,115400
2014-02-03,64.88436889648438,75.5199966430664,80.31999969482422,72.93000030517578,80.31999969482422,276000
2014-02-04,68.12342834472656,79.29000091552734,80.08999633789062,75.30999755859375,75.5199966430664,250800
2014-02-05,66.87763977050781,77.83999633789062,79.3499984741211,75.37999725341797,78.91999816894531,177400
2014-02-06,67.21273803710938,78.2300033569336,80.5199966430664,77.12999725341797,78.19999694824219,121800
2014-02-07,66.47382354736328,77.37000274658203,78.8499984741211,76.51000213623047,78.2300033569336,168400
2014-02-10,66.37933349609375,77.26000213623047,78.91999816894531,76.7300033569336,77.68000030517578,135400
2014-02-11,66.68003845214844,77.61000061035156,78.43000030517578,76.91000366210938,77.5999984741211,291200
2014-02-12,66.95498657226562,77.93000030517578,78.93000030517578,77.66000366210938,77.7300033569336,207300
2014-02-13,69.2833251953125,80.63999938964844,80.8499984741211,76.48999786376953,77.52999877929688,294400
2014-02-14,68.48429107666016,79.70999908447266,81.27999877929688,78.98999786376953,80.2699966430664,97700
2014-02-18,70.80404663085938,82.41000366210938,83.12000274658203,79.91000366210938,80.11000061035156,247900
2014-02-19,70.96729278564453,82.5999984741211,83.5999984741211,81.86000061035156,82.8499984741211,187800
2014-02-20,70.84700775146484,82.45999908447266,83.61000061035156,82.0,83.0,271800
2014-02-21,84.1984634399414,98.0,99.0,88.5999984741211,91.94999694824219,1508200
2014-02-24,86.25189208984375,100.38999938964844,101.52999877929688,98.12999725341797,98.2300033569336,342600
2014-02-25,85.71920013427734,99.7699966430664,100.0,97.13999938964844,99.4000015258789,299300
2014-02-26,87.07669830322266,101.3499984741211,101.9800033569336,99.0999984741211,99.94999694824219,232800
2014-02-27,88.35684204101562,102.83999633789062,103.01000213623047,100.29000091552734,100.38999938964844,155800
2014-02-28,85.38412475585938,99.37999725341797,100.5,97.94000244140625,100.0,409600
2014-03-03,84.34452819824219,98.16999816894531,99.11000061035156,97.7300033569336,98.25,244500
2014-03-04,85.59892272949219,99.62999725341797,100.19999694824219,99.12000274658203,99.22000122070312,344300
2014-03-05,88.0389633178711,102.47000122070312,102.8499984741211,99.16000366210938,99.48999786376953,365600
2014-03-06,82.03337860107422,95.4800033569336,102.61000061035156,94.9000015258789,102.58999633789062,245400
2014-03-07,80.07447052001953,93.19999694824219,96.6500015258789,92.76000213623047,95.69999694824219,201700
2014-03-10,76.43159484863281,88.95999908447266,93.87000274658203,88.05000305175781,93.19999694824219,285800
2014-03-11,74.33521270751953,86.5199966430664,90.0,86.30000305175781,88.87999725341797,488300
2014-03-12,73.36436462402344,85.38999938964844,87.38999938964844,83.52999877929688,85.94000244140625,359800
2014-03-13,71.87799835205078,83.66000366210938,86.9000015258789,82.69000244140625,86.0199966430664,293900
2014-03-14,71.69756317138672,83.44999694824219,85.25,82.27999877929688,83.11000061035156,285200
2014-03-17,71.71475219726562,83.47000122070312,85.1500015258789,82.6500015258789,83.73999786376953,155200
2014-03-18,72.60832214355469,84.51000213623047,85.62999725341797,83.0999984741211,83.0999984741211,243200
2014-03-19,71.69756317138672,83.44999694824219,85.33999633789062,81.4800033569336,84.69000244140625,320000
2014-03-20,69.4809341430664,80.87000274658203,84.2699966430664,80.62999725341797,84.2699966430664,178400
2014-03-21,67.29005432128906,78.31999969482422,81.45999908447266,76.9000015258789,80.66999816894531,1004000
2014-03-24,66.44805145263672,77.33999633789062,78.6500015258789,76.0999984741211,78.33999633789062,542700
2014-03-25,65.19366455078125,75.87999725341797,78.5199966430664,75.44000244140625,77.4800033569336,537800
2014-03-26,64.59225463867188,75.18000030517578,76.94999694824219,74.3499984741211,76.37999725341797,529300
2014-03-27,64.30875396728516,74.8499984741211,76.26000213623047,72.5,75.58000183105469,456200
2014-03-28,64.10254669189453,74.61000061035156,76.5,74.20999908447266,74.66999816894531,433600
2014-03-31,62.38418197631836,72.61000061035156,74.83000183105469,72.44999694824219,74.61000061035156,612000
2014-04-01,65.70917510986328,76.4800033569336,76.80000305175781,72.83999633789062,74.1500015258789,517500
2014-04-02,65.7607421875,76.54000091552734,77.08999633789062,74.81999969482422,76.94999694824219,355900
2014-04-03,61.954612731933594,72.11000061035156,77.5199966430664,71.37999725341797,76.37000274658203,339400
2014-04-04,59.2825927734375,69.0,73.19000244140625,68.72000122070312,72.76000213623047,435300
2014-04-07,57.59004211425781,67.02999877929688,69.66999816894531,65.69000244140625,68.12000274658203,602600
2014-04-08,61.12981414794922,71.1500015258789,71.55000305175781,67.08999633789062,67.23999786376953,475000
2014-04-09,62.719276428222656,73.0,73.20999908447266,71.66999816894531,72.12000274658203,216700
2014-04-10,57.0401611328125,66.38999938964844,73.58000183105469,66.13999938964844,72.80999755859375,336500
2014-04-11,58.071163177490234,67.58999633789062,69.80999755859375,65.0,65.20999908447266,769100
2014-04-14,57.73610305786133,67.19999694824219,69.43000030517578,66.16000366210938,68.66000366210938,338700
2014-04-15,58.91316223144531,68.56999969482422,68.94999694824219,65.30000305175781,67.61000061035156,203700
2014-04-16,60.33940124511719,70.2300033569336,71.0999984741211,68.5,68.97000122070312,256500
2014-04-17,61.138404846191406,71.16000366210938,72.6500015258789,69.66999816894531,70.25,170200
2014-04-21,61.32741165161133,71.37999725341797,71.76000213623047,70.16000366210938,71.08000183105469,101000
2014-04-22,63.595619201660156,74.0199966430664,75.16000366210938,71.73999786376953,71.73999786376953,184400
2014-04-23,63.57843780517578,74.0,74.41000366210938,73.41000366210938,74.0,250000
2014-04-24,63.6557731628418,74.08999633789062,75.94000244140625,73.61000061035156,74.9000015258789,325800
2014-04-25,60.399513244628906,70.30000305175781,74.11000061035156,69.80000305175781,74.0,770500
2014-04-28,59.892608642578125,69.70999908447266,72.37999725341797,67.8499984741211,70.2699966430664,506800
2014-04-29,62.59897994995117,72.86000061035156,73.16999816894531,69.7699966430664,69.98999786376953,294800
2014-04-30,62.29829025268555,72.51000213623047,73.06999969482422,70.47000122070312,72.37999725341797,275600
2014-05-01,64.53211212158203,75.11000061035156,79.52999877929688,72.70999908447266,72.70999908447266,389800
2014-05-02,63.74167251586914,74.19000244140625,75.47000122070312,74.01000213623047,75.22000122070312,134100
2014-05-05,62.54743576049805,72.80000305175781,73.37999725341797,71.62000274658203,73.37999725341797,368600
2014-05-06,60.87205123901367,70.8499984741211,72.95999908447266,70.58999633789062,72.19000244140625,370100
2014-05-07,58.672584533691406,68.29000091552734,71.86000061035156,67.25,71.08000183105469,638600
2014-05-08,58.45779800415039,68.04000091552734,70.66999816894531,66.4000015258789,67.83000183105469,411900
2014-05-09,57.8649787902832,67.3499984741211,67.3499984741211,60.0099983215332,61.29999923706055,857600
2014-05-12,57.56425857543945,67.0,69.98999786376953,66.63999938964844,68.29000091552734,287700
2014-05-13,55.8029670715332,64.94999694824219,67.08999633789062,63.27000045776367,66.8499984741211,624000
2014-05-14,55.61395263671875,64.7300033569336,66.02999877929688,63.11000061035156,64.62000274658203,298600
2014-05-15,55.8459358215332,65.0,65.12999725341797,62.22999954223633,64.29000091552734,324900
2014-05-16,55.742835998535156,64.87999725341797,65.2300033569336,63.77000045776367,64.80999755859375,191200
2014-05-19,56.412986755371094,65.66000366210938,66.61000061035156,64.54000091552734,64.54000091552734,161400
2014-05-20,55.407752990722656,64.48999786376953,65.76000213623047,63.56999969482422,65.62999725341797,312300
2014-05-21,55.485076904296875,64.58000183105469,65.81999969482422,63.79999923706055,64.56999969482422,143900
2014-05-22,57.38383865356445,66.79000091552734,67.58999633789062,63.86000061035156,64.5999984741211,373400
2014-05-23,60.09021759033203,69.94000244140625,70.1500015258789,66.4000015258789,66.70999908447266,240500
2014-05-27,63.415199279785156,73.80999755859375,74.0199966430664,69.79000091552734,70.44000244140625,584800
2014-05-28,58.66401290893555,68.27999877929688,73.81999969482422,68.2300033569336,73.81999969482422,296800
2014-05-29,59.3255729675293,69.05000305175781,69.16000366210938,67.26000213623047,68.4000015258789,197300
2014-05-30,55.88031005859375,65.04000091552734,69.44000244140625,63.2599983215332,69.22000122070312,404000
2014-06-02,55.78578567504883,64.93000030517578,65.37999725341797,63.65999984741211,65.37999725341797,213100
2014-06-03,55.22732925415039,64.27999877929688,65.66999816894531,63.34000015258789,64.51000213623047,254600
2014-06-04,57.822021484375,67.30000305175781,68.48999786376953,63.790000915527344,63.88999938964844,266300
2014-06-05,60.16755294799805,70.02999877929688,70.72000122070312,67.12000274658203,67.16000366210938,367900
2014-06-06,62.04051971435547,72.20999908447266,72.63999938964844,68.76000213623047,69.93000030517578,332400
2014-06-09,63.44097900390625,73.83999633789062,74.08000183105469,71.88999938964844,71.88999938964844,287700
2014-06-10,65.60607147216797,76.36000061035156,76.62999725341797,73.25,73.68000030517578,335200
2014-06-11,67.03229522705078,78.0199966430664,78.98999786376953,75.87999725341797,75.87999725341797,366700
2014-06-12,68.6561279296875,79.91000366210938,81.87999725341797,77.04000091552734,77.62000274658203,479700
2014-06-13,68.37261199951172,79.58000183105469,79.87000274658203,76.36000061035156,79.87000274658203,526000
2014-06-16,71.7920913696289,83.55999755859375,84.02999877929688,79.70999908447266,80.2699966430664,466700
2014-06-17,71.594482421875,83.33000183105469,84.93000030517578,82.38999938964844,83.1500015258789,209900
2014-06-18,72.93477630615234,84.88999938964844,84.94000244140625,80.87000274658203,83.0,255400
2014-06-19,71.7663345336914,83.52999877929688,85.0,82.2699966430664,85.0,220000
2014-06-20,71.08757019042969,82.73999786376953,84.12999725341797,81.0199966430664,84.12999725341797,290400
2014-06-23,70.52051544189453,82.08000183105469,83.63999938964844,81.20999908447266,83.08000183105469,268100
2014-06-24,70.52051544189453,82.08000183105469,83.66000366210938,80.83000183105469,81.54000091552734,413000
2014-06-25,74.30086517333984,86.4800033569336,86.83999633789062,81.61000061035156,81.61000061035156,412400
2014-06-26,72.70279693603516,84.62000274658203,86.36000061035156,83.55999755859375,86.30999755859375,196800
2014-06-27,71.60307312011719,83.33999633789062,86.05000305175781,83.01000213623047,84.27999877929688,990300
2014-06-30,71.29375457763672,82.9800033569336,84.72000122070312,82.26000213623047,83.38999938964844,345400
2014-07-01,73.08086395263672,85.05999755859375,85.98999786376953,83.61000061035156,83.87999725341797,247500
2014-07-02,73.3042221069336,85.31999969482422,86.79000091552734,84.5999984741211,85.20999908447266,229900
2014-07-03,73.38155364990234,85.41000366210938,86.47000122070312,84.7300033569336,85.7699966430664,56900
2014-07-07,71.00164031982422,82.63999938964844,85.2699966430664,82.44999694824219,85.2699966430664,121300
2014-07-08,66.21607208251953,77.06999969482422,82.58000183105469,76.33999633789062,82.58000183105469,355600
2014-07-09,66.32777404785156,77.19999694824219,78.31999969482422,75.69999694824219,77.48999786376953,215100
2014-07-10,66.00989532470703,76.83000183105469,77.94000244140625,74.3499984741211,75.19999694824219,309400
2014-07-11,66.07003021240234,76.9000015258789,77.55000305175781,75.08999633789062,76.87999725341797,172000
2014-07-14,66.44805145263672,77.33999633789062,78.87999725341797,77.16999816894531,78.11000061035156,147800
2014-07-15,65.0647964477539,75.7300033569336,78.19999694824219,75.26000213623047,77.22000122070312,126600
2014-07-16,64.85858917236328,75.48999786376953,76.5,74.58000183105469,76.44000244140625,115400
2014-07-17,63.767459869384766,74.22000122070312,76.48999786376953,73.97000122070312,75.0199966430664,124500
2014-07-18,65.82945251464844,76.62000274658203,76.69999694824219,74.52999877929688,74.52999877929688,168600
2014-07-21,65.5115737915039,76.25,77.87000274658203,75.88999938964844,76.22000122070312,191700
2014-07-22,65.39128112792969,76.11000061035156,77.0199966430664,75.91999816894531,76.88999938964844,117000
2014-07-23,64.97029876708984,75.62000274658203,78.38999938964844,75.30999755859375,76.70999908447266,175300
2014-07-24,67.79695129394531,78.91000366210938,79.66000366210938,75.33999633789062,75.9800033569336,191600
2014-07-25,66.11299133300781,76.94999694824219,77.88999938964844,75.81999969482422,77.87999725341797,104300
2014-07-28,65.54592895507812,76.29000091552734,77.52999877929688,75.06999969482422,76.88999938964844,111300
2014-07-29,68.80220031738281,80.08000183105469,81.0999984741211,76.30000305175781,76.33999633789062,207400
2014-07-30,69.92768859863281,81.38999938964844,81.88999938964844,80.5,81.12000274658203,145200
2014-07-31,66.96356201171875,77.94000244140625,81.0,77.70999908447266,80.05999755859375,148300
2014-08-01,66.19889831542969,77.05000305175781,78.33999633789062,75.31999969482422,77.93000030517578,163800
2014-08-04,68.27806854248047,79.47000122070312,79.77999877929688,76.91000366210938,77.5,132500
2014-08-05,66.43087768554688,77.31999969482422,78.87999725341797,76.58000183105469,78.70999908447266,157500
2014-08-06,65.5802993774414,76.33000183105469,79.87999725341797,76.2699966430664,76.33999633789062,197900
2014-08-07,67.37596130371094,78.41999816894531,78.80000305175781,76.36000061035156,76.93000030517578,315600
2014-08-08,65.44283294677734,76.16999816894531,77.94000244140625,73.01000213623047,74.0,336600
2014-08-11,70.3572769165039,81.88999938964844,81.93000030517578,75.56999969482422,76.19999694824219,226700
2014-08-12,68.04611206054688,79.19999694824219,81.9000015258789,78.80000305175781,80.80999755859375,163500
2014-08-13,68.94824981689453,80.25,81.0,79.19999694824219,79.56999969482422,129000
2014-08-14,69.37782287597656,80.75,81.44000244140625,80.13999938964844,80.38999938964844,111900
2014-08-15,65.494384765625,76.2300033569336,81.0,75.80000305175781,81.0,446700
2014-08-18,66.5769271850586,77.48999786376953,78.26000213623047,76.4000015258789,77.13999938964844,193700
2014-08-19,66.74019622802734,77.68000030517578,77.97000122070312,77.25,77.26000213623047,160800
2014-08-20,64.95310974121094,75.5999984741211,77.36000061035156,75.0199966430664,77.36000061035156,284700
2014-08-21,63.793216705322266,74.25,75.5,73.94999694824219,75.5,224700
2014-08-22,63.21759796142578,73.58000183105469,74.62999725341797,72.94999694824219,73.93000030517578,306300
2014-08-25,62.195186614990234,72.38999938964844,74.29000091552734,71.86000061035156,74.08999633789062,180200
2014-08-26,62.03193664550781,72.19999694824219,72.9800033569336,71.27999877929688,72.44999694824219,270300
2014-08-27,60.94078826904297,70.93000030517578,72.79000091552734,70.45999908447266,72.5,219100
2014-08-28,59.755157470703125,69.55000305175781,70.76000213623047,69.4800033569336,69.7300033569336,191800
2014-08-29,60.8291130065918,70.80000305175781,71.5,69.30000305175781,69.51000213623047,196700
2014-09-02,64.60942840576172,75.19999694824219,75.48999786376953,71.13999938964844,71.26000213623047,270800
2014-09-03,62.75364303588867,73.04000091552734,75.79000091552734,72.87000274658203,75.79000091552734,204900
2014-09-04,61.47347640991211,71.55000305175781,73.54000091552734,71.20999908447266,73.44000244140625,246900
2014-09-05,63.011375427246094,73.33999633789062,73.55000305175781,70.31999969482422,71.22000122070312,205500
2014-09-08,64.98748016357422,75.63999938964844,76.31999969482422,73.41000366210938,73.41000366210938,315300
2014-09-09,63.74167251586914,74.19000244140625,76.73999786376953,73.94999694824219,75.44999694824219,199600
2014-09-10,64.58367156982422,75.16999816894531,75.95999908447266,73.80999755859375,74.41000366210938,106000
2014-09-11,65.02184295654297,75.68000030517578,75.86000061035156,74.38999938964844,74.58000183105469,107000
2014-09-12,64.04239654541016,74.54000091552734,75.87000274658203,74.13999938964844,75.87000274658203,104900
2014-09-15,60.803321838378906,70.7699966430664,74.26000213623047,69.79000091552734,74.26000213623047,195300
2014-09-16,62.29829025268555,72.51000213623047,72.9800033569336,70.36000061035156,70.37999725341797,226000
2014-09-17,63.123085021972656,73.47000122070312,74.5,72.19999694824219,72.62000274658203,139500
2014-09-18,63.29491424560547,73.66999816894531,74.7300033569336,73.30000305175781,73.76000213623047,209100
2014-09-19,61.98897933959961,72.1500015258789,74.51000213623047,71.25,74.36000061035156,457800
2014-09-22,62.24673080444336,72.44999694824219,72.97000122070312,70.37999725341797,71.72000122070312,271900
2014-09-23,61.01811981201172,71.0199966430664,73.06999969482422,70.75,72.13999938964844,159200
2014-09-24,63.638587951660156,74.06999969482422,74.54000091552734,70.48999786376953,71.30000305175781,183300
2014-09-25,61.81714630126953,71.94999694824219,74.30999755859375,71.87000274658203,73.95999908447266,407600
2014-09-26,62.67630386352539,72.94999694824219,73.45999908447266,71.91999816894531,72.20999908447266,187800
2014-09-29,63.0543327331543,73.38999938964844,75.23999786376953,71.83000183105469,72.0,196500
2014-09-30,61.32741165161133,71.37999725341797,73.66000366210938,71.37000274658203,73.54000091552734,299200
2014-10-01,61.01811981201172,71.0199966430664,71.8499984741211,70.0199966430664,71.13999938964844,316500
2014-10-02,62.24673080444336,72.44999694824219,72.61000061035156,69.58999633789062,71.1500015258789,164200
2014-10-03,64.03377532958984,74.52999877929688,76.23999786376953,73.31999969482422,73.47000122070312,318900
2014-10-06,60.760379791259766,70.72000122070312,74.8499984741211,70.62999725341797,74.8499984741211,428000
2014-10-07,59.9269905090332,69.75,71.12000274658203,69.6500015258789,70.18000030517578,445500
2014-10-08,60.33079528808594,70.22000122070312,70.73999786376953,67.58000183105469,69.5199966430664,319000
2014-10-09,59.9269905090332,69.75,70.91999816894531,67.77999877929688,70.62000274658203,279200
2014-10-10,56.21536636352539,65.43000030517578,70.66000366210938,65.2699966430664,69.33999633789062,340000
2014-10-13,56.06931686401367,65.26000213623047,67.11000061035156,62.25,65.48999786376953,450800
2014-10-14,56.12085723876953,65.31999969482422,67.36000061035156,64.37999725341797,65.91999816894531,388400
2014-10-15,57.70174789428711,67.16000366210938,67.19999694824219,63.0,63.88999938964844,292600
2014-10-16,60.124568939208984,69.9800033569336,70.58999633789062,64.80000305175781,66.04000091552734,304900
2014-10-17,60.03007888793945,69.87000274658203,71.91000366210938,69.18000030517578,71.12999725341797,272200
2014-10-20,61.722633361816406,71.83999633789062,71.87000274658203,68.76000213623047,69.61000061035156,281800
2014-10-21,63.53547286987305,73.94999694824219,74.16999816894531,72.0999984741211,72.62000274658203,387400
2014-10-22,61.043907165527344,71.05000305175781,74.94000244140625,70.91999816894531,74.01000213623047,280900
2014-10-23,63.131675720214844,73.4800033569336,74.41000366210938,71.0,71.79000091552734,217600
2014-10-24,61.714054107666016,71.83000183105469,74.08999633789062,71.31999969482422,73.80000305175781,211900
2014-10-27,62.59897994995117,72.86000061035156,73.11000061035156,70.41999816894531,71.5199966430664,249600
2014-10-28,63.89632797241211,74.37000274658203,75.33000183105469,72.4000015258789,73.13999938964844,235100
2014-10-29,62.83097839355469,73.12999725341797,74.56999969482422,71.72000122070312,74.05999755859375,140900
2014-10-30,64.91873931884766,75.55999755859375,75.91999816894531,72.1500015258789,72.44000244140625,169400
2014-10-31,66.80891418457031,77.76000213623047,78.08000183105469,76.62999725341797,77.41000366210938,264500
2014-11-03,65.43424987792969,76.16000366210938,78.23999786376953,74.95999908447266,78.23999786376953,267300
2014-11-04,66.15595245361328,77.0,77.93000030517578,75.75,75.8499984741211,262900
2014-11-05,64.66100311279297,75.26000213623047,77.5,74.16000366210938,77.5,325200
2014-11-06,64.36029052734375,74.91000366210938,75.75,73.5999984741211,75.12999725341797,471800
2014-11-07,68.02892303466797,79.18000030517578,79.45999908447266,73.48999786376953,74.23999786376953,608200
2014-11-10,69.30908966064453,80.66999816894531,80.87999725341797,78.55000305175781,79.0,463400
2014-11-11,70.2283935546875,81.73999786376953,81.9800033569336,78.98999786376953,80.0,358300
2014-11-12,71.36250305175781,83.05999755859375,83.47000122070312,80.93000030517578,81.38999938964844,279900
2014-11-13,69.97066497802734,81.44000244140625,84.05999755859375,81.0,83.31999969482422,317100
2014-11-14,68.20075225830078,79.37999725341797,80.7699966430664,76.5,80.7699966430664,349500
2014-11-17,64.7984619140625,75.41999816894531,79.9000015258789,75.31999969482422,79.52999877929688,323200
2014-11-18,64.38607025146484,74.94000244140625,77.8499984741211,74.66000366210938,75.86000061035156,223500
2014-11-19,61.946014404296875,72.0999984741211,74.83999633789062,71.80999755859375,74.72000122070312,256900
2014-11-20,61.567989349365234,71.66000366210938,73.22000122070312,69.68000030517578,71.52999877929688,267100
2014-11-21,61.64531326293945,71.75,73.22000122070312,71.05000305175781,72.9800033569336,334800
2014-11-24,63.03717803955078,73.37000274658203,73.5999984741211,70.7300033569336,71.79000091552734,369500
2014-11-25,63.621395111083984,74.05000305175781,74.5999984741211,72.9800033569336,73.56999969482422,284200
2014-11-26,63.99942398071289,74.48999786376953,74.91999816894531,73.75,74.2300033569336,158800
2014-11-28,64.59225463867188,75.18000030517578,75.7300033569336,74.05999755859375,74.69999694824219,124800
2014-12-01,64.04239654541016,74.54000091552734,74.98999786376953,73.01000213623047,74.55999755859375,350300
2014-12-02,65.0647964477539,75.7300033569336,76.5,73.88999938964844,74.83999633789062,382900
2014-12-03,66.96356201171875,77.94000244140625,78.08999633789062,75.26000213623047,75.61000061035156,246000
2014-12-04,66.70582580566406,77.63999938964844,78.26000213623047,76.31999969482422,77.66999816894531,372500
2014-12-05,66.68861389160156,77.62000274658203,78.19999694824219,77.44000244140625,77.62000274658203,295000
2014-12-08,63.21759796142578,73.58000183105469,77.69000244140625,73.41999816894531,77.33999633789062,205600
2014-12-09,64.18843841552734,74.70999908447266,74.76000213623047,71.05000305175781,72.31999969482422,155200
2014-12-10,62.178016662597656,72.37000274658203,75.38999938964844,72.3499984741211,74.4000015258789,162300
2014-12-11,61.57657241821289,71.66999816894531,75.0199966430664,71.61000061035156,72.95999908447266,200400
2014-12-12,53.70659255981445,62.5099983215332,70.06999969482422,58.2599983215332,69.66999816894531,2973800
2014-12-15,54.65169143676758,63.61000061035156,65.37999725341797,62.61000061035156,62.61000061035156,650900
2014-12-16,55.665496826171875,64.79000091552734,65.47000122070312,63.220001220703125,63.2400016784668,500700
2014-12-17,58.1399040222168,67.66999816894531,68.56999969482422,64.62000274658203,65.16999816894531,354500
2014-12-18,57.94230270385742,67.44000244140625,69.54000091552734,66.0,69.37999725341797,339400
2014-12-19,58.449214935302734,68.02999877929688,68.18000030517578,65.79000091552734,67.6500015258789,548200
2014-12-22,58.42344284057617,68.0,68.19999694824219,66.97000122070312,67.8499984741211,194600
2014-12-23,58.200050354003906,67.73999786376953,68.66999816894531,66.95999908447266,68.66999816894531,207800
2014-12-24,58.23442459106445,67.77999877929688,69.45999908447266,67.41999816894531,67.80999755859375,81800
2014-12-26,60.485450744628906,70.4000015258789,71.12999725341797,68.08000183105469,68.08000183105469,233600
2014-12-29,60.262054443359375,70.13999938964844,70.88999938964844,69.9000015258789,70.2300033569336,319200
2014-12-30,60.16755294799805,70.02999877929688,70.31999969482422,69.63999938964844,69.63999938964844,142500
2014-12-31,59.3685188293457,69.0999984741211,71.4000015258789,69.06999969482422,70.16000366210938,227500
2015-01-02,58.89598083496094,68.55000305175781,69.70999908447266,66.2699966430664,69.45999908447266,157000
2015-01-05,58.21723556518555,67.76000213623047,69.45999908447266,67.30999755859375,68.13999938964844,178000
2015-01-06,54.99535369873047,64.01000213623047,67.9800033569336,62.20000076293945,67.9800033569336,442400
2015-01-07,53.981536865234375,62.83000183105469,64.76000213623047,62.43000030517578,64.76000213623047,337900
2015-01-08,54.39393615722656,63.310001373291016,64.55000305175781,62.130001068115234,63.279998779296875,356100
2015-01-09,53.80970001220703,62.630001068115234,64.11000061035156,62.52000045776367,63.5099983215332,249200
2015-01-12,52.95912170410156,61.63999938964844,62.939998626708984,61.380001068115234,62.41999816894531,319000
2015-01-13,52.29756164550781,60.869998931884766,63.43000030517578,59.95000076293945,62.209999084472656,286900
2015-01-14,50.630775451660156,58.93000030517578,60.779998779296875,58.22999954223633,60.18000030517578,326700
2015-01-15,49.565406799316406,57.689998626708984,59.72999954223633,57.13999938964844,59.52000045776367,222800
2015-01-16,49.72864532470703,57.880001068115234,58.779998779296875,57.40999984741211,57.40999984741211,207000
2015-01-20,47.8900260925293,55.7400016784668,58.95000076293945,55.400001525878906,58.0,378300
2015-01-21,47.847076416015625,55.689998626708984,55.9900016784668,54.900001525878906,55.619998931884766,485100
2015-01-22,48.17355728149414,56.06999969482422,56.439998626708984,54.97999954223633,56.099998474121094,558400
2015-01-23,49.52244567871094,57.63999938964844,58.16999816894531,55.91999816894531,55.91999816894531,513600
2015-01-26,51.06895065307617,59.439998626708984,59.810001373291016,57.310001373291016,57.709999084472656,342200
2015-01-27,50.33865737915039,58.59000015258789,59.189998626708984,57.56999969482422,58.7400016784668,191100
2015-01-28,49.195960998535156,57.2599983215332,59.380001068115234,57.099998474121094,58.790000915527344,138600
2015-01-29,48.4484977722168,56.38999938964844,57.66999816894531,55.130001068115234,57.290000915527344,208800
2015-01-30,48.362579345703125,56.290000915527344,57.349998474121094,55.88999938964844,55.97999954223633,193100
2015-02-02,48.56877517700195,56.529998779296875,57.56999969482422,55.43000030517578,56.72999954223633,284000
2015-02-03,49.7716064453125,57.93000030517578,58.84000015258789,56.900001525878906,56.9900016784668,235400
2015-02-04,50.14964294433594,58.369998931884766,60.060001373291016,56.29999923706055,57.709999084472656,300400
2015-02-05,52.589683532714844,61.209999084472656,61.31999969482422,58.459999084472656,58.869998931884766,345200
2015-02-06,49.78879928588867,57.95000076293945,61.560001373291016,57.70000076293945,61.560001373291016,345100
2015-02-09,48.82653045654297,56.83000183105469,58.349998474121094,56.29999923706055,58.11000061035156,615000
2015-02-10,48.2251091003418,56.130001068115234,57.41999816894531,55.709999084472656,57.41999816894531,489200
2015-02-11,47.70101547241211,55.52000045776367,56.41999816894531,55.43000030517578,56.22999954223633,612100
2015-02-12,50.89712905883789,59.2400016784668,59.720001220703125,55.790000915527344,56.0099983215332,813400
2015-02-13,48.53440475463867,56.4900016784668,59.7400016784668,54.459999084472656,59.5099983215332,1400700
2015-02-17,48.97258758544922,57.0,57.5,55.439998626708984,56.33000183105469,706300
2015-02-18,48.431304931640625,56.369998931884766,57.040000915527344,56.209999084472656,56.43000030517578,440100
2015-02-19,48.75779724121094,56.75,57.0,55.9900016784668,56.349998474121094,309400
2015-02-20,49.78019714355469,57.939998626708984,59.08000183105469,56.29999923706055,56.470001220703125,678200
2015-02-23,49.8145751953125,57.97999954223633,58.2599983215332,57.38999938964844,57.619998931884766,308700
2015-02-24,49.52244567871094,57.63999938964844,58.439998626708984,56.0,57.810001373291016,683000
2015-02-25,49.393577575683594,57.4900016784668,58.689998626708984,56.13999938964844,57.75,443800
2015-02-26,49.41934585571289,57.52000045776367,58.5,57.02000045776367,57.33000183105469,394900
2015-02-27,48.58594512939453,56.54999923706055,58.849998474121094,56.150001525878906,57.470001220703125,476500
2015-03-02,48.6718864440918,56.650001525878906,56.970001220703125,56.11000061035156,56.529998779296875,383600
2015-03-03,49.7716064453125,57.93000030517578,57.95000076293945,56.119998931884766,56.619998931884766,340700
2015-03-04,50.26992416381836,58.5099983215332,59.040000915527344,56.63999938964844,57.88999938964844,466400
2015-03-05,50.88853073120117,59.22999954223633,59.41999816894531,58.130001068115234,58.529998779296875,262000
2015-03-06,49.73724365234375,57.88999938964844,59.45000076293945,57.029998779296875,58.61000061035156,425000
2015-03-09,50.68232727050781,58.9900016784668,59.09000015258789,57.59000015258789,57.81999969482422,354800
2015-03-10,49.17878723144531,57.2400016784668,58.900001525878906,57.060001373291016,58.900001525878906,326600
2015-03-11,49.58259201049805,57.709999084472656,58.27000045776367,57.16999816894531,57.189998626708984,170500
2015-03-12,53.35434341430664,62.099998474121094,62.189998626708984,57.5,58.060001373291016,632300
2015-03-13,55.41633987426758,64.5,65.29000091552734,61.720001220703125,62.189998626708984,999400
2015-03-16,55.30465316772461,64.37000274658203,65.08000183105469,63.369998931884766,65.08000183105469,353600
2015-03-17,56.93706130981445,66.2699966430664,66.33999633789062,64.3499984741211,64.37000274658203,518900
2015-03-18,57.77045440673828,67.23999786376953,67.44999694824219,65.62000274658203,66.4000015258789,445100
2015-03-19,58.46639633178711,68.05000305175781,68.1500015258789,66.0999984741211,67.06999969482422,335900
2015-03-20,60.14177322387695,70.0,70.08000183105469,68.30000305175781,68.30999755859375,502800
2015-03-23,61.29304504394531,71.33999633789062,71.66000366210938,69.73999786376953,69.9000015258789,478900
2015-03-24,60.081634521484375,69.93000030517578,71.37000274658203,69.5,71.37000274658203,557100
2015-03-25,58.784278869628906,68.41999816894531,70.18000030517578,68.4000015258789,69.83000183105469,432700
2015-03-26,59.87543869018555,69.69000244140625,69.94000244140625,67.55000305175781,68.16000366210938,408900
2015-03-27,59.884029388427734,69.69999694824219,70.27999877929688,68.36000061035156,69.72000122070312,311700
2015-03-30,59.86683654785156,69.68000030517578,71.0999984741211,69.0199966430664,70.06999969482422,339600
2015-03-31,58.999080657958984,68.66999816894531,69.86000061035156,68.38999938964844,69.19000244140625,285300
2015-04-01,58.97330093383789,68.63999938964844,69.91999816894531,66.79000091552734,69.36000061035156,391300
2015-04-02,58.68119430541992,68.30000305175781,68.95999908447266,67.5,68.44000244140625,293700
2015-04-06,59.02484130859375,68.69999694824219,68.72000122070312,67.55000305175781,67.66000366210938,280600
2015-04-07,59.23964309692383,68.94999694824219,69.94999694824219,68.70999908447266,69.0999984741211,266500
2015-04-08,60.87205123901367,70.8499984741211,70.94000244140625,68.76000213623047,69.0999984741211,168500
2015-04-09,60.69163513183594,70.63999938964844,71.33999633789062,69.29000091552734,70.88999938964844,220200
2015-04-10,60.88064956665039,70.86000061035156,71.48999786376953,70.45999908447266,70.93000030517578,149400
2015-04-13,61.456298828125,71.52999877929688,71.86000061035156,70.61000061035156,70.91000366210938,236400
2015-04-14,63.42378616333008,73.81999969482422,74.30000305175781,71.05000305175781,71.68000030517578,341300
2015-04-15,63.011375427246094,73.33999633789062,74.19000244140625,72.63999938964844,74.19000244140625,351400
2015-04-16,62.87392807006836,73.18000030517578,73.9800033569336,72.36000061035156,73.2300033569336,202900
2015-04-17,59.48879623413086,69.23999786376953,72.23999786376953,69.16000366210938,72.08999633789062,180500
2015-04-20,60.74318313598633,70.69999694824219,70.83000183105469,69.36000061035156,69.95999908447266,298100
2015-04-21,60.2019157409668,70.06999969482422,71.16999816894531,68.80999755859375,71.08999633789062,263600
2015-04-22,60.09021759033203,69.94000244140625,70.27999877929688,68.11000061035156,70.0,270500
2015-04-23,60.485450744628906,70.4000015258789,70.63999938964844,68.13999938964844,69.52999877929688,214100
2015-04-24,58.45779800415039,68.04000091552734,70.75,67.61000061035156,70.5999984741211,174800
2015-04-27,57.57286071777344,67.01000213623047,69.58000183105469,66.44999694824219,68.45999908447266,218000
2015-04-28,58.285953521728516,67.83999633789062,68.23999786376953,66.41000366210938,66.81999969482422,172300
2015-04-29,58.38046646118164,67.94999694824219,68.45999908447266,67.19000244140625,67.36000061035156,179700
2015-04-30,57.98525619506836,67.48999786376953,68.31999969482422,67.08000183105469,67.30000305175781,254800
2015-05-01,58.200050354003906,67.73999786376953,68.37000274658203,66.83999633789062,67.56999969482422,224500
2015-05-04,57.9337043762207,67.43000030517578,68.05000305175781,66.69000244140625,68.01000213623047,338100
2015-05-05,56.7222900390625,66.0199966430664,67.66999816894531,65.06999969482422,67.43000030517578,581600
2015-05-06,57.90793991088867,67.4000015258789,67.4000015258789,65.51000213623047,66.06999969482422,517200
2015-05-07,54.76337432861328,63.7400016784668,67.0,63.029998779296875,67.0,397400
2015-05-08,55.21015548706055,64.26000213623047,65.33000183105469,63.709999084472656,64.11000061035156,297300
2015-05-11,55.12423324584961,64.16000366210938,65.29000091552734,63.81999969482422,64.13999938964844,181300
2015-05-12,55.56240463256836,64.66999816894531,64.83999633789062,63.22999954223633,63.95000076293945,184800
2015-05-13,55.92324447631836,65.08999633789062,65.70999908447266,64.48999786376953,64.66999816894531,187600
2015-05-14,55.34761047363281,64.41999816894531,65.86000061035156,64.2300033569336,65.38999938964844,188500
2015-05-15,54.419708251953125,63.34000015258789,65.27999877929688,63.22999954223633,64.43000030517578,226300
2015-05-18,55.192962646484375,64.23999786376953,65.0,62.970001220703125,62.970001220703125,258900
2015-05-19,55.33042526245117,64.4000015258789,65.33000183105469,63.900001525878906,64.19000244140625,195700
2015-05-20,55.570987701416016,64.68000030517578,64.97000122070312,63.720001220703125,64.6500015258789,78700
2015-05-21,55.29606628417969,64.36000061035156,65.4800033569336,63.7400016784668,64.43000030517578,104700
2015-05-22,54.58294677734375,63.529998779296875,64.87000274658203,63.439998626708984,64.4800033569336,123200
2015-05-26,53.68082046508789,62.47999954223633,63.810001373291016,62.15999984741211,63.279998779296875,185200
2015-05-27,54.144775390625,63.02000045776367,63.5,61.63999938964844,62.47999954223633,181500
2015-05-28,56.12085723876953,65.31999969482422,65.79000091552734,63.529998779296875,64.0,336900
2015-05-29,54.97817611694336,63.9900016784668,65.2699966430664,63.70000076293945,65.16999816894531,264200
2015-06-01,54.12759017944336,63.0,64.27999877929688,61.810001373291016,64.27999877929688,226200
2015-06-02,54.04167175292969,62.900001525878906,63.13999938964844,62.310001373291016,62.68000030517578,206600
2015-06-03,54.12759017944336,63.0,63.36000061035156,62.75,63.13999938964844,384500
2015-06-04,53.852657318115234,62.68000030517578,62.97999954223633,62.04999923706055,62.58000183105469,172000
2015-06-05,54.548587799072266,63.4900016784668,63.72999954223633,62.40999984741211,63.040000915527344,546800
2015-06-08,53.44026184082031,62.20000076293945,63.689998626708984,62.099998474121094,63.540000915527344,191800
2015-06-09,53.852657318115234,62.68000030517578,62.720001220703125,61.130001068115234,62.27000045776367,115700
2015-06-10,54.38534164428711,63.29999923706055,63.880001068115234,62.810001373291016,62.93000030517578,173300
2015-06-11,54.093223571777344,62.959999084472656,63.849998474121094,62.68000030517578,63.27000045776367,146500
2015-06-12,54.06745147705078,62.93000030517578,63.290000915527344,62.36000061035156,62.4900016784668,99000
2015-06-15,54.46266174316406,63.38999938964844,64.12999725341797,61.84000015258789,62.41999816894531,175100
2015-06-16,51.6531867980957,60.119998931884766,63.599998474121094,58.66999816894531,63.43000030517578,1220100
2015-06-17,50.78541946411133,59.11000061035156,60.849998474121094,58.65999984741211,60.59000015258789,534400
2015-06-18,50.64796447753906,58.95000076293945,59.83000183105469,58.560001373291016,59.560001373291016,660000
2015-06-19,51.446990966796875,59.880001068115234,60.060001373291016,58.90999984741211,59.22999954223633,639900
2015-06-22,52.735748291015625,61.380001068115234,61.81999969482422,59.7400016784668,60.310001373291016,543300
2015-06-23,53.56913375854492,62.349998474121094,63.09000015258789,61.66999816894531,61.66999816894531,443700
2015-06-24,54.37675476074219,63.290000915527344,63.34000015258789,62.560001373291016,62.709999084472656,487700
2015-06-25,53.655052185058594,62.45000076293945,63.45000076293945,62.060001373291016,63.380001068115234,275900
2015-06-26,51.22361373901367,59.619998931884766,62.95000076293945,59.310001373291016,62.470001220703125,598500
2015-06-29,49.917667388916016,58.099998474121094,59.209999084472656,57.939998626708984,59.209999084472656,373700
2015-06-30,50.38161849975586,58.63999938964844,58.86000061035156,58.130001068115234,58.560001373291016,188700
2015-07-01,50.50189971923828,58.779998779296875,59.560001373291016,58.0,59.31999969482422,503100
2015-07-02,48.122013092041016,56.0099983215332,59.27000045776367,55.06999969482422,58.88999938964844,566700
2015-07-06,47.0995979309082,54.81999969482422,56.91999816894531,54.59000015258789,56.0099983215332,441100
2015-07-07,48.139190673828125,56.029998779296875,56.36000061035156,53.720001220703125,55.20000076293945,305600
2015-07-08,45.570281982421875,53.040000915527344,55.959999084472656,52.0,55.4900016784668,489300
2015-07-09,46.98789978027344,54.689998626708984,55.2599983215332,53.7599983215332,53.869998931884766,251700
2015-07-10,46.75593566894531,54.41999816894531,55.36000061035156,53.79999923706055,55.189998626708984,221100
2015-07-13,48.07904815673828,55.959999084472656,56.060001373291016,54.70000076293945,54.70000076293945,242100
2015-07-14,44.960269927978516,52.33000183105469,54.7400016784668,50.79999923706055,54.650001525878906,2131300
2015-07-15,43.66291809082031,50.81999969482422,52.4900016784668,50.529998779296875,52.380001068115234,1111800
2015-07-16,41.78133773803711,48.630001068115234,51.04999923706055,48.18000030517578,51.04999923706055,1114200
2015-07-17,41.695430755615234,48.529998779296875,49.58000183105469,47.86000061035156,48.970001220703125,625300
2015-07-20,43.8261604309082,51.0099983215332,51.04999923706055,48.52000045776367,48.720001220703125,1060300
2015-07-21,44.25574493408203,51.5099983215332,51.869998931884766,49.97999954223633,50.88999938964844,565400
2015-07-22,44.839988708496094,52.189998626708984,52.56999969482422,51.06999969482422,51.16999816894531,518800
2015-07-23,45.32111740112305,52.75,52.97999954223633,51.939998626708984,52.2400016784668,573500
2015-07-24,45.35548400878906,52.790000915527344,53.27000045776367,52.5,52.779998779296875,358900
2015-07-27,44.43617630004883,51.720001220703125,52.720001220703125,51.599998474121094,52.599998474121094,381400
2015-07-28,44.994632720947266,52.369998931884766,52.59000015258789,50.63999938964844,51.880001068115234,279900
2015-07-29,45.235206604003906,52.650001525878906,52.779998779296875,51.70000076293945,52.209999084472656,199200
2015-07-30,45.14069366455078,52.540000915527344,52.75,51.540000915527344,52.599998474121094,188600
2015-07-31,45.90535354614258,53.43000030517578,53.90999984741211,51.869998931884766,52.63999938964844,416900
2015-08-03,43.20756530761719,50.290000915527344,53.5,49.79999923706055,53.5,752100
2015-08-04,43.84334945678711,51.029998779296875,51.16999816894531,50.18000030517578,50.599998474121094,463400
2015-08-05,43.602783203125,50.75,52.79999923706055,50.650001525878906,51.689998626708984,433300
2015-08-06,29.572561264038086,34.41999816894531,41.0,32.20000076293945,36.369998931884766,5132000
2015-08-07,28.9110107421875,33.650001525878906,35.2400016784668,32.540000915527344,33.11000061035156,2470000
2015-08-10,29.237489700317383,34.029998779296875,34.7400016784668,33.18000030517578,33.79999923706055,731000
2015-08-11,28.258037567138672,32.88999938964844,34.08000183105469,32.470001220703125,33.709999084472656,821700
2015-08-12,28.077611923217773,32.68000030517578,32.959999084472656,32.11000061035156,32.72999954223633,659400
2015-08-13,28.70481300354004,33.40999984741211,33.81999969482422,32.470001220703125,32.470001220703125,531300
2015-08-14,28.18071174621582,32.79999923706055,33.7599983215332,32.619998931884766,33.400001525878906,416500
2015-08-17,28.558752059936523,33.2400016784668,33.40999984741211,32.36000061035156,32.79999923706055,369000
2015-08-18,28.01746940612793,32.61000061035156,33.15999984741211,32.290000915527344,33.08000183105469,322200
2015-08-19,27.321544647216797,31.799999237060547,32.65999984741211,31.479999542236328,32.540000915527344,493100
2015-08-20,26.745906829833984,31.1299991607666,31.889999389648438,31.030000686645508,31.440000534057617,419300
2015-08-21,26.367874145507812,30.690000534057617,31.1299991607666,29.760000228881836,30.479999542236328,646100
2015-08-24,25.740678787231445,29.959999084472656,30.799999237060547,28.959999084472656,29.3799991607666,594900
2015-08-25,25.964061737060547,30.219999313354492,30.920000076293945,29.780000686645508,30.850000381469727,552900
2015-08-26,26.14448356628418,30.43000030517578,30.989999771118164,29.829999923706055,30.899999618530273,418000
2015-08-27,27.811267852783203,32.369998931884766,33.029998779296875,30.59000015258789,30.8799991607666,1206800
2015-08-28,28.97974395751953,33.72999954223633,34.619998931884766,32.869998931884766,32.93000030517578,1059100
2015-08-31,28.79071807861328,33.5099983215332,34.70000076293945,33.2400016784668,33.849998474121094,423000
2015-09-01,27.79408836364746,32.349998474121094,33.45000076293945,31.979999542236328,33.0099983215332,374900
2015-09-02,28.266626358032227,32.900001525878906,33.33000183105469,31.829999923706055,32.5,463000
2015-09-03,28.189308166503906,32.810001373291016,33.33000183105469,32.63999938964844,32.959999084472656,209600
2015-09-04,28.283815383911133,32.91999816894531,33.5,32.5,32.5,418200
2015-09-08,28.764951705932617,33.47999954223633,34.54999923706055,33.18000030517578,33.529998779296875,305000
2015-09-09,28.258037567138672,32.88999938964844,34.16999816894531,32.66999816894531,34.16999816894531,413100
2015-09-10,28.38691520690918,33.040000915527344,33.4900016784668,32.2599983215332,32.810001373291016,637100
2015-09-11,27.82845687866211,32.38999938964844,33.27000045776367,32.0099983215332,32.84000015258789,386800
2015-09-14,27.957332611083984,32.540000915527344,33.31999969482422,32.150001525878906,32.4900016784668,435100
2015-09-15,28.09480094909668,32.70000076293945,33.380001068115234,32.5,32.52000045776367,260900
2015-09-16,28.429874420166016,33.09000015258789,33.63999938964844,32.66999816894531,32.66999816894531,313600
2015-09-17,27.811267852783203,32.369998931884766,33.540000915527344,32.0,33.09000015258789,670900
2015-09-18,27.029428482055664,31.459999084472656,32.689998626708984,31.06999969482422,31.889999389648438,678900
2015-09-21,26.840410232543945,31.239999771118164,32.36000061035156,31.06999969482422,31.729999542236328,435100
2015-09-22,26.67717170715332,31.049999237060547,31.209999084472656,30.350000381469727,30.979999542236328,364600
2015-09-23,26.170257568359375,30.459999084472656,31.729999542236328,29.889999389648438,31.219999313354492,689700
2015-09-24,25.981243133544922,30.239999771118164,30.690000534057617,29.850000381469727,30.280000686645508,372800
2015-09-25,25.964061737060547,30.219999313354492,31.030000686645508,29.81999969482422,30.690000534057617,957000
2015-09-28,25.543067932128906,29.729999542236328,30.670000076293945,29.420000076293945,30.1200008392334,290300
2015-09-29,25.328277587890625,29.479999542236328,30.520000457763672,29.110000610351562,29.700000762939453,308500
2015-09-30,25.981243133544922,30.239999771118164,31.09000015258789,29.579999923706055,29.700000762939453,503800
2015-10-01,25.628984451293945,29.829999923706055,30.639999389648438,29.420000076293945,30.290000915527344,267100
2015-10-02,27.252811431884766,31.719999313354492,31.84000015258789,29.270000457763672,29.34000015258789,430500
2015-10-05,27.888595581054688,32.459999084472656,32.86000061035156,31.799999237060547,31.889999389648438,341400
2015-10-06,27.82845687866211,32.38999938964844,32.810001373291016,31.959999084472656,32.36000061035156,624200
2015-10-07,28.352550506591797,33.0,33.09000015258789,31.610000610351562,32.630001068115234,741200
2015-10-08,29.2460880279541,34.040000915527344,34.400001525878906,32.16999816894531,32.88999938964844,937000
2015-10-09,28.9110107421875,33.650001525878906,34.040000915527344,33.18000030517578,34.0,416300
2015-10-12,29.2460880279541,34.040000915527344,34.2400016784668,33.400001525878906,33.619998931884766,494100
2015-10-13,28.550153732299805,33.22999954223633,34.099998474121094,33.130001068115234,34.0,475200
2015-10-14,28.034658432006836,32.630001068115234,33.279998779296875,32.16999816894531,33.16999816894531,219200
2015-10-15,28.31817626953125,32.959999084472656,33.060001373291016,32.16999816894531,32.650001525878906,360100
2015-10-16,27.192670822143555,31.649999618530273,33.18000030517578,31.100000381469727,33.09000015258789,502400
2015-10-19,27.416053771972656,31.90999984741211,32.220001220703125,31.360000610351562,31.540000915527344,280300
2015-10-20,27.28718376159668,31.760000228881836,32.0099983215332,31.309999465942383,31.860000610351562,258500
2015-10-21,24.692495346069336,28.739999771118164,31.959999084472656,28.049999237060547,31.709999084472656,779700
2015-10-22,24.245725631713867,28.219999313354492,29.010000228881836,27.5,28.75,771300
2015-10-23,24.589393615722656,28.6200008392334,29.31999969482422,27.8700008392334,28.440000534057617,587300
2015-10-26,24.520662307739258,28.540000915527344,29.1200008392334,28.139999389648438,28.690000534057617,507500
2015-10-27,24.589393615722656,28.6200008392334,29.1200008392334,28.25,29.1200008392334,324500
2015-10-28,24.91587257385254,29.0,30.299999237060547,28.510000228881836,28.6299991607666,563800
2015-10-29,24.38319206237793,28.3799991607666,29.440000534057617,28.260000228881836,28.979999542236328,396700
2015-10-30,24.469112396240234,28.479999542236328,28.899999618530273,28.190000534057617,28.510000228881836,309900
2015-11-02,24.890098571777344,28.969999313354492,29.920000076293945,28.270000457763672,28.469999313354492,975900
2015-11-03,24.400375366210938,28.399999618530273,29.350000381469727,28.360000610351562,28.81999969482422,814500
2015-11-04,24.065296173095703,28.010000228881836,28.920000076293945,27.700000762939453,28.5,1510300
2015-11-05,28.679033279418945,33.380001068115234,33.47999954223633,29.260000228881836,29.260000228881836,2902100
2015-11-06,30.680898666381836,35.709999084472656,35.77000045776367,32.369998931884766,33.290000915527344,1746700
2015-11-09,32.45936965942383,37.779998779296875,38.20000076293945,35.40999984741211,35.72999954223633,2565700
2015-11-10,32.321903228759766,37.619998931884766,37.7400016784668,36.52000045776367,37.650001525878906,540500
2015-11-11,32.5882453918457,37.93000030517578,38.02000045776367,37.380001068115234,37.65999984741211,702600
2015-11-12,32.31331253051758,37.61000061035156,38.86000061035156,37.11000061035156,37.11000061035156,497300
2015-11-13,30.646522521972656,35.66999816894531,37.90999984741211,35.41999816894531,37.279998779296875,538500
2015-11-16,30.646522521972656,35.66999816894531,36.279998779296875,35.060001373291016,35.63999938964844,495100
2015-11-17,30.036516189575195,34.959999084472656,35.97999954223633,34.290000915527344,35.66999816894531,285000
2015-11-18,30.1911678314209,35.13999938964844,36.279998779296875,34.040000915527344,35.15999984741211,340600
2015-11-19,29.4265079498291,34.25,35.2599983215332,33.540000915527344,35.099998474121094,277700
2015-11-20,30.1224365234375,35.060001373291016,35.27000045776367,34.29999923706055,34.459999084472656,229100
2015-11-23,30.964433670043945,36.040000915527344,36.880001068115234,34.900001525878906,34.970001220703125,577200
2015-11-24,30.98160171508789,36.060001373291016,36.81999969482422,35.5099983215332,35.5099983215332,542000
2015-11-25,31.368228912353516,36.5099983215332,36.88999938964844,35.5,36.08000183105469,276800
2015-11-27,30.82695770263672,35.880001068115234,36.4900016784668,35.63999938964844,36.43000030517578,132700
2015-11-30,31.16203498840332,36.27000045776367,36.79999923706055,35.720001220703125,36.0,210500
2015-12-01,31.29090118408203,36.41999816894531,36.849998474121094,35.630001068115234,36.5,227200
2015-12-02,31.23935890197754,36.36000061035156,37.20000076293945,36.0,36.349998474121094,239600
2015-12-03,30.603567123413086,35.619998931884766,36.79999923706055,35.209999084472656,36.5,285200
2015-12-04,30.67230987548828,35.70000076293945,36.4900016784668,35.470001220703125,35.650001525878906,313000
2015-12-07,29.237489700317383,34.029998779296875,35.720001220703125,33.790000915527344,35.720001220703125,257100
2015-12-08,29.357776641845703,34.16999816894531,34.54999923706055,33.529998779296875,33.70000076293945,403500
2015-12-09,29.589750289916992,34.439998626708984,36.0,34.0099983215332,34.08000183105469,280000
2015-12-10,28.756359100341797,33.470001220703125,34.65999984741211,33.380001068115234,34.45000076293945,270800
2015-12-11,27.132526397705078,31.579999923706055,33.119998931884766,31.260000228881836,32.97999954223633,418500
2015-12-14,26.900556564331055,31.309999465942383,32.560001373291016,30.6200008392334,31.610000610351562,641200
2015-12-15,27.020835876464844,31.450000762939453,31.989999771118164,30.3799991607666,31.350000381469727,428600
2015-12-16,26.934921264648438,31.350000381469727,31.940000534057617,30.670000076293945,31.56999969482422,610200
2015-12-17,26.702943801879883,31.079999923706055,32.060001373291016,30.8700008392334,31.510000228881836,322300
2015-12-18,27.038021087646484,31.469999313354492,32.279998779296875,30.959999084472656,31.06999969482422,446200
2015-12-21,26.943513870239258,31.360000610351562,31.8700008392334,30.799999237060547,31.540000915527344,358400
2015-12-22,27.484786987304688,31.989999771118164,32.0099983215332,30.459999084472656,31.5,577600
2015-12-23,27.965919494628906,32.54999923706055,33.060001373291016,31.950000762939453,32.130001068115234,206100
2015-12-24,27.965919494628906,32.54999923706055,33.2599983215332,32.36000061035156,32.47999954223633,105100
2015-12-28,27.63084602355957,32.15999984741211,32.75,31.84000015258789,32.29999923706055,169200
2015-12-29,28.043251037597656,32.63999938964844,32.9900016784668,32.060001373291016,32.189998626708984,187100
2015-12-30,27.493383407592773,32.0,32.959999084472656,31.920000076293945,32.47999954223633,177100
2015-12-31,27.785493850708008,32.34000015258789,32.75,31.81999969482422,31.940000534057617,212600
2016-01-04,27.974512100219727,32.560001373291016,32.709999084472656,31.1299991607666,31.610000610351562,470800
2016-01-05,28.043251037597656,32.63999938964844,32.939998626708984,32.04999923706055,32.58000183105469,316700
2016-01-06,27.880008697509766,32.45000076293945,32.720001220703125,31.799999237060547,32.5,341000
2016-01-07,27.605077743530273,32.130001068115234,32.619998931884766,31.25,32.04999923706055,423200
2016-01-08,27.854230880737305,32.41999816894531,32.779998779296875,32.22999954223633,32.31999969482422,380000
2016-01-11,27.82845687866211,32.38999938964844,32.72999954223633,31.850000381469727,32.45000076293945,404500
2016-01-12,27.93155288696289,32.5099983215332,33.18000030517578,30.719999313354492,32.59000015258789,423700
2016-01-13,25.740678787231445,29.959999084472656,32.880001068115234,29.8700008392334,32.5099983215332,497800
2016-01-14,26.548294067382812,30.899999618530273,31.5,29.06999969482422,30.020000457763672,411100
2016-01-15,25.8609619140625,30.100000381469727,30.889999389648438,29.31999969482422,29.719999313354492,462400
2016-01-19,25.903921127319336,30.149999618530273,31.389999389648438,29.450000762939453,30.3700008392334,404800
2016-01-20,24.51206398010254,28.530000686645508,29.68000030517578,27.979999542236328,29.68000030517578,518100
2016-01-21,25.64617156982422,29.850000381469727,30.670000076293945,27.940000534057617,28.649999618530273,383900
2016-01-22,25.096302032470703,29.209999084472656,30.979999542236328,29.15999984741211,30.469999313354492,266500
2016-01-25,24.05670738220215,28.0,29.3799991607666,27.700000762939453,29.110000610351562,340600
2016-01-26,24.890098571777344,28.969999313354492,29.18000030517578,27.889999389648438,28.209999084472656,243100
2016-01-27,24.46051597595215,28.469999313354492,29.56999969482422,28.34000015258789,28.799999237060547,188000
2016-01-28,24.262907028198242,28.239999771118164,29.540000915527344,28.170000076293945,29.049999237060547,268900
2016-01-29,24.821369171142578,28.889999389648438,29.610000610351562,28.34000015258789,28.34000015258789,277600
2016-02-01,25.714902877807617,29.93000030517578,30.25,28.1299991607666,28.799999237060547,370400
2016-02-02,24.829957962036133,28.899999618530273,30.059999465942383,28.579999923706055,29.780000686645508,335400
2016-02-03,24.79559326171875,28.860000610351562,29.549999237060547,28.18000030517578,29.06999969482422,291300
2016-02-04,26.196035385131836,30.489999771118164,31.15999984741211,28.15999984741211,28.780000686645508,385200
2016-02-05,24.63235092163086,28.670000076293945,30.280000686645508,28.510000228881836,30.280000686645508,325800
2016-02-08,24.030935287475586,27.969999313354492,28.860000610351562,27.649999618530273,28.229999542236328,373000
2016-02-09,22.424287796020508,26.100000381469727,27.700000762939453,25.709999084472656,27.549999237060547,1003900
2016-02-10,22.57034683227539,26.270000457763672,27.200000762939453,26.149999618530273,26.440000534057617,330100
2016-02-11,23.085851669311523,26.8700008392334,27.229999542236328,25.440000534057617,26.0,603200
2016-02-12,23.93642807006836,27.860000610351562,28.0,26.40999984741211,27.149999618530273,359900
2016-02-16,26.024198532104492,30.290000915527344,30.6299991607666,28.200000762939453,28.200000762939453,493000
2016-02-17,27.252811431884766,31.719999313354492,32.47999954223633,30.510000228881836,30.549999237060547,498200
2016-02-18,26.771677017211914,31.15999984741211,31.8799991607666,30.780000686645508,31.549999237060547,266000
2016-02-19,26.170257568359375,30.459999084472656,31.190000534057617,30.389999389648438,31.020000457763672,437000
2016-02-22,26.462379455566406,30.799999237060547,31.059999465942383,30.31999969482422,30.670000076293945,360600
2016-02-23,26.436601638793945,30.770000457763672,31.139999389648438,30.170000076293945,30.860000610351562,717900
2016-02-24,29.907642364501953,34.810001373291016,36.0,27.670000076293945,29.969999313354492,833700
2016-02-25,30.552013397216797,35.560001373291016,36.31999969482422,34.470001220703125,34.65999984741211,553400
2016-02-26,29.795955657958984,34.68000030517578,36.189998626708984,34.63999938964844,35.77000045776367,458900
2016-02-29,29.984962463378906,34.900001525878906,35.43000030517578,34.41999816894531,34.630001068115234,606800
2016-03-01,29.864688873291016,34.7599983215332,35.380001068115234,34.290000915527344,35.25,482700
2016-03-02,30.156803131103516,35.099998474121094,35.61000061035156,34.279998779296875,34.7400016784668,373200
2016-03-03,30.9987850189209,36.08000183105469,36.59000015258789,35.060001373291016,35.060001373291016,315900
2016-03-04,31.488513946533203,36.650001525878906,37.900001525878906,35.79999923706055,36.09000015258789,289100
2016-03-07,32.13288879394531,37.400001525878906,37.88999938964844,36.5099983215332,36.56999969482422,407200
2016-03-08,30.50905990600586,35.5099983215332,37.91999816894531,35.400001525878906,37.09000015258789,217900
2016-03-09,30.758224487304688,35.79999923706055,36.16999816894531,35.029998779296875,35.619998931884766,202000
2016-03-10,30.560604095458984,35.56999969482422,36.38999938964844,34.70000076293945,35.689998626708984,242600
2016-03-11,31.71189308166504,36.90999984741211,37.22999954223633,35.849998474121094,35.849998474121094,210800
2016-03-14,32.141475677490234,37.40999984741211,37.70000076293945,36.38999938964844,36.650001525878906,261100
2016-03-15,29.555383682250977,34.400001525878906,37.040000915527344,33.150001525878906,37.040000915527344,351300
2016-03-16,30.42314910888672,35.40999984741211,35.689998626708984,33.7400016784668,34.18000030517578,153200
2016-03-17,30.680898666381836,35.709999084472656,36.22999954223633,34.779998779296875,35.040000915527344,301500
2016-03-18,30.680898666381836,35.709999084472656,36.900001525878906,35.61000061035156,36.0099983215332,330700
2016-03-21,30.698078155517578,35.72999954223633,36.34000015258789,35.58000183105469,35.58000183105469,190100
2016-03-22,30.67230987548828,35.70000076293945,36.099998474121094,35.290000915527344,35.34000015258789,200200
2016-03-23,28.902414321899414,33.63999938964844,35.61000061035156,33.58000183105469,35.61000061035156,322000
2016-03-24,29.710031509399414,34.58000183105469,34.7599983215332,32.970001220703125,33.34000015258789,226500
2016-03-28,30.569202423095703,35.58000183105469,36.2400016784668,34.130001068115234,34.7599983215332,386100
2016-03-29,31.368228912353516,36.5099983215332,37.06999969482422,35.099998474121094,35.88999938964844,324300
2016-03-30,31.909502029418945,37.13999938964844,37.43000030517578,36.31999969482422,37.02000045776367,199700
2016-03-31,31.55723762512207,36.72999954223633,37.40999984741211,36.63999938964844,37.130001068115234,244900
2016-04-01,32.19303512573242,37.470001220703125,37.65999984741211,35.75,36.209999084472656,194700
2016-04-04,32.85458755493164,38.2400016784668,40.0,36.900001525878906,37.56999969482422,356300
2016-04-05,32.098514556884766,37.36000061035156,37.88999938964844,36.86000061035156,37.88999938964844,241900
2016-04-06,33.23262405395508,38.68000030517578,39.130001068115234,36.869998931884766,37.27000045776367,309600
2016-04-07,33.980098724365234,39.54999923706055,39.68000030517578,38.15999984741211,38.310001373291016,359900
2016-04-08,34.177696228027344,39.779998779296875,40.7400016784668,39.54999923706055,40.0,341200
2016-04-11,31.643165588378906,36.83000183105469,40.2599983215332,36.79999923706055,40.2599983215332,249900
2016-04-12,31.540058135986328,36.709999084472656,37.45000076293945,36.529998779296875,36.959999084472656,183000
2016-04-13,33.13810348510742,38.56999969482422,38.720001220703125,36.0099983215332,36.63999938964844,365200
2016-04-14,32.66557312011719,38.02000045776367,38.52000045776367,37.709999084472656,38.18000030517578,279600
2016-04-15,33.30995178222656,38.77000045776367,38.86000061035156,37.5099983215332,38.0099983215332,234000
2016-04-18,34.28080368041992,39.900001525878906,39.970001220703125,38.06999969482422,38.5099983215332,246700
2016-04-19,34.59011459350586,40.2599983215332,40.68000030517578,39.29999923706055,40.220001220703125,233000
2016-04-20,35.251670837402344,41.029998779296875,41.880001068115234,40.029998779296875,40.310001373291016,200700
2016-04-21,35.225894927978516,41.0,42.060001373291016,40.65999984741211,41.119998931884766,270500
2016-04-22,35.40631866455078,41.209999084472656,43.150001525878906,40.66999816894531,40.66999816894531,189900
2016-04-25,36.25689697265625,42.20000076293945,42.34000015258789,40.81999969482422,41.2400016784668,200900
2016-04-26,36.04209899902344,41.95000076293945,43.29999923706055,41.189998626708984,42.38999938964844,251100
2016-04-27,35.74998092651367,41.61000061035156,42.11000061035156,41.16999816894531,41.7599983215332,145500
2016-04-28,35.707027435302734,41.560001373291016,42.90999984741211,41.470001220703125,41.84000015258789,131300
2016-04-29,35.24306869506836,41.02000045776367,41.849998474121094,39.95000076293945,41.849998474121094,165700
2016-05-02,35.870269775390625,41.75,42.29999923706055,40.709999084472656,41.369998931884766,218800
2016-05-03,34.633056640625,40.310001373291016,41.650001525878906,40.310001373291016,41.56999969482422,328800
2016-05-04,34.52137756347656,40.18000030517578,47.209999084472656,39.290000915527344,44.9900016784668,1033800
2016-05-05,35.00251007080078,40.7400016784668,41.77000045776367,40.470001220703125,40.619998931884766,302100
2016-05-06,35.07124710083008,40.81999969482422,41.459999084472656,40.2400016784668,40.540000915527344,189300
2016-05-09,34.66743850708008,40.349998474121094,42.189998626708984,40.16999816894531,40.650001525878906,312700
2016-05-10,35.0368766784668,40.779998779296875,41.2400016784668,39.72999954223633,40.619998931884766,379400
2016-05-11,34.71898651123047,40.40999984741211,41.18000030517578,40.04999923706055,40.77000045776367,532800
2016-05-12,34.02305603027344,39.599998474121094,41.380001068115234,38.689998626708984,40.83000183105469,336000
2016-05-13,34.366722106933594,40.0,40.7599983215332,39.34000015258789,39.529998779296875,275200
2016-05-16,34.42686462402344,40.06999969482422,40.689998626708984,39.720001220703125,40.189998626708984,201200
2016-05-17,34.108978271484375,39.70000076293945,40.77000045776367,39.2599983215332,40.02000045776367,235400
2016-05-18,33.739524841308594,39.27000045776367,39.970001220703125,39.0099983215332,39.58000183105469,266100
2016-05-19,34.048831939697266,39.630001068115234,40.380001068115234,38.63999938964844,39.040000915527344,190500
2016-05-20,34.41828155517578,40.060001373291016,40.2400016784668,38.93000030517578,39.7599983215332,161300
2016-05-23,34.46123123168945,40.11000061035156,40.849998474121094,39.459999084472656,39.880001068115234,133500
2016-05-24,35.74998092651367,41.61000061035156,41.77000045776367,39.81999969482422,40.279998779296875,183400
2016-05-25,36.32563018798828,42.279998779296875,42.720001220703125,40.97999954223633,41.7599983215332,165500
2016-05-26,35.93899917602539,41.83000183105469,42.470001220703125,41.470001220703125,42.38999938964844,124300
2016-05-27,36.04209899902344,41.95000076293945,42.2599983215332,41.529998779296875,41.72999954223633,154200
2016-05-31,36.050689697265625,41.959999084472656,42.209999084472656,41.68000030517578,42.209999084472656,265300
2016-06-01,36.634925842285156,42.63999938964844,42.869998931884766,41.459999084472656,41.689998626708984,342500
2016-06-02,36.70365905761719,42.720001220703125,43.56999969482422,41.5,42.5,244100
2016-06-03,36.74663162231445,42.77000045776367,43.209999084472656,41.75,42.47999954223633,162000
2016-06-06,37.33944320678711,43.459999084472656,43.900001525878906,42.369998931884766,42.86000061035156,144100
2016-06-07,37.54564666748047,43.70000076293945,44.400001525878906,43.279998779296875,43.36000061035156,183200
2016-06-08,37.27072525024414,43.380001068115234,43.650001525878906,43.0,43.560001373291016,316600
2016-06-09,37.31367111206055,43.43000030517578,44.31999969482422,42.619998931884766,42.9900016784668,297100
2016-06-10,36.39437484741211,42.36000061035156,42.900001525878906,41.7599983215332,42.810001373291016,232700
2016-06-13,35.981964111328125,41.880001068115234,43.060001373291016,41.77000045776367,42.150001525878906,115700
2016-06-14,36.68648147583008,42.70000076293945,43.369998931884766,41.880001068115234,41.880001068115234,203700
2016-06-15,37.442543029785156,43.58000183105469,43.900001525878906,42.20000076293945,42.939998626708984,204400
2016-06-16,38.19001770019531,44.45000076293945,44.5,42.720001220703125,42.970001220703125,305300
2016-06-17,38.18143081665039,44.439998626708984,44.97999954223633,44.220001220703125,44.45000076293945,432500
2016-06-20,38.80862808227539,45.16999816894531,45.65999984741211,44.7599983215332,45.0,276600
2016-06-21,38.56805419921875,44.88999938964844,45.459999084472656,43.810001373291016,45.16999816894531,423600
2016-06-22,39.53892517089844,46.02000045776367,46.11000061035156,44.63999938964844,45.0,254500
2016-06-23,39.33271789550781,45.779998779296875,47.2400016784668,45.31999969482422,46.40999984741211,345500
2016-06-24,38.70552444458008,45.04999923706055,45.279998779296875,43.25,43.61000061035156,273900
2016-06-27,35.45787048339844,41.27000045776367,44.75,41.06999969482422,44.75,577000
2016-06-28,35.148563385009766,40.90999984741211,42.70000076293945,40.279998779296875,41.79999923706055,341100
2016-06-29,36.72085952758789,42.7400016784668,43.279998779296875,41.209999084472656,41.279998779296875,906600
2016-06-30,39.34989547729492,45.79999923706055,46.869998931884766,45.0099983215332,46.220001220703125,4457600
2016-07-01,39.435813903808594,45.900001525878906,46.599998474121094,45.040000915527344,45.599998474121094,541200
2016-07-05,39.435813903808594,45.900001525878906,47.2599983215332,45.0099983215332,45.65999984741211,299300
2016-07-06,39.91695022583008,46.459999084472656,46.880001068115234,45.290000915527344,45.900001525878906,314600
2016-07-07,40.20048141479492,46.790000915527344,46.83000183105469,45.9900016784668,46.4900016784668,296600
2016-07-08,41.14556121826172,47.88999938964844,48.47999954223633,46.7400016784668,46.97999954223633,469100
2016-07-11,41.84149169921875,48.70000076293945,49.189998626708984,48.099998474121094,48.099998474121094,261500
2016-07-12,47.778343200683594,55.61000061035156,55.810001373291016,49.599998474121094,49.599998474121094,1827700
2016-07-13,48.92962646484375,56.95000076293945,57.79999923706055,55.65999984741211,55.95000076293945,962000
2016-07-14,47.34016418457031,55.099998474121094,57.310001373291016,54.880001068115234,57.08000183105469,533700
2016-07-15,45.0805549621582,52.470001220703125,55.33000183105469,51.810001373291016,55.33000183105469,813000
2016-07-18,45.52732467651367,52.9900016784668,53.310001373291016,52.43000030517578,52.9900016784668,445500
2016-07-19,45.1063232421875,52.5,53.25,51.88999938964844,53.06999969482422,385900
2016-07-20,45.09773635864258,52.4900016784668,52.84000015258789,52.02000045776367,52.5099983215332,361900
2016-07-21,45.51873016357422,52.97999954223633,53.099998474121094,52.119998931884766,52.61000061035156,437100
2016-07-22,45.76788330078125,53.27000045776367,53.459999084472656,52.22999954223633,53.060001373291016,320600
2016-07-25,46.266212463378906,53.849998474121094,54.810001373291016,53.13999938964844,53.290000915527344,381500
2016-07-26,46.88479232788086,54.56999969482422,54.93000030517578,53.689998626708984,53.709999084472656,566300
2016-07-27,46.14591598510742,53.709999084472656,54.83000183105469,53.56999969482422,54.630001068115234,545100
2016-07-28,47.615089416503906,55.41999816894531,56.0,53.810001373291016,53.88999938964844,297600
2016-07-29,47.33157730102539,55.09000015258789,56.060001373291016,54.2599983215332,55.349998474121094,365600
2016-08-01,48.07904815673828,55.959999084472656,56.0,54.029998779296875,55.09000015258789,303000
2016-08-02,48.79216384887695,56.790000915527344,56.849998474121094,55.630001068115234,55.900001525878906,398400
2016-08-03,49.41075897216797,57.5099983215332,57.93000030517578,56.33000183105469,56.790000915527344,586400
2016-08-04,49.531044006347656,57.650001525878906,58.9900016784668,54.7599983215332,57.52000045776367,733200
2016-08-05,49.333431243896484,57.41999816894531,59.0,57.34000015258789,58.70000076293945,532000
2016-08-08,50.07231140136719,58.279998779296875,58.59000015258789,57.279998779296875,58.529998779296875,385100
2016-08-09,49.85752868652344,58.029998779296875,59.0,57.5099983215332,58.279998779296875,360500
2016-08-10,50.3988037109375,58.65999984741211,58.880001068115234,57.880001068115234,58.439998626708984,281300
2016-08-11,51.00881576538086,59.369998931884766,59.61000061035156,58.2400016784668,58.779998779296875,184700
2016-08-12,52.495174407958984,61.099998474121094,61.189998626708984,58.599998474121094,59.16999816894531,484600
2016-08-15,52.546714782714844,61.15999984741211,62.0,60.209999084472656,61.20000076293945,359500
2016-08-16,52.495174407958984,61.099998474121094,61.5099983215332,60.25,61.150001525878906,356800
2016-08-17,52.2631950378418,60.83000183105469,61.33000183105469,59.88999938964844,60.900001525878906,270900
2016-08-18,51.816429138183594,60.310001373291016,61.31999969482422,60.15999984741211,60.7400016784668,303600
2016-08-19,51.412620544433594,59.84000015258789,60.529998779296875,59.36000061035156,60.09000015258789,387600
2016-08-22,49.934852600097656,58.119998931884766,60.47999954223633,57.63999938964844,59.66999816894531,559000
2016-08-23,50.931480407714844,59.279998779296875,60.220001220703125,58.34000015258789,58.34000015258789,341200
2016-08-24,49.72864532470703,57.880001068115234,59.650001525878906,57.84000015258789,59.20000076293945,227600
2016-08-25,49.934852600097656,58.119998931884766,58.470001220703125,57.56999969482422,57.56999969482422,347100
2016-08-26,49.934852600097656,58.119998931884766,58.689998626708984,57.47999954223633,58.11000061035156,217900
2016-08-29,50.59642028808594,58.88999938964844,59.45000076293945,57.619998931884766,57.97999954223633,168300
2016-08-30,50.579227447509766,58.869998931884766,60.029998779296875,58.349998474121094,59.040000915527344,286400
2016-08-31,49.8145751953125,57.97999954223633,59.02000045776367,57.72999954223633,58.88999938964844,289500
2016-09-01,49.642738342285156,57.779998779296875,59.43000030517578,57.130001068115234,58.22999954223633,502900
2016-09-02,50.6221809387207,58.91999816894531,58.91999816894531,57.459999084472656,58.119998931884766,248500
2016-09-06,50.82837677001953,59.15999984741211,59.560001373291016,58.900001525878906,58.97999954223633,207800
2016-09-07,51.412620544433594,59.84000015258789,59.88999938964844,58.22999954223633,58.97999954223633,160600
2016-09-08,52.63264083862305,61.2599983215332,62.81999969482422,59.77000045776367,60.0099983215332,743000
2016-09-09,51.67897415161133,60.150001525878906,61.08000183105469,59.33000183105469,60.95000076293945,400700
2016-09-12,51.0947265625,59.470001220703125,59.970001220703125,58.34000015258789,59.29999923706055,235000
2016-09-13,50.47612380981445,58.75,59.349998474121094,57.97999954223633,59.25,136800
2016-09-14,50.88853073120117,59.22999954223633,59.4900016784668,58.689998626708984,58.95000076293945,153000
2016-09-15,52.27178955078125,60.84000015258789,61.08000183105469,59.279998779296875,59.310001373291016,322900
2016-09-16,52.28037643432617,60.849998474121094,61.15999984741211,59.52000045776367,60.95000076293945,368200
2016-09-19,52.80447006225586,61.459999084472656,62.5,61.02000045776367,61.099998474121094,324500
2016-09-20,54.05026626586914,62.90999984741211,63.529998779296875,61.400001525878906,62.0,404400
2016-09-21,54.514217376708984,63.45000076293945,63.52000045776367,62.47999954223633,63.13999938964844,225600
2016-09-22,54.97817611694336,63.9900016784668,64.87000274658203,63.709999084472656,63.88999938964844,263700
2016-09-23,55.545223236083984,64.6500015258789,65.16000366210938,63.20000076293945,63.34000015258789,314200
2016-09-26,54.80633544921875,63.790000915527344,64.2699966430664,62.36000061035156,64.06999969482422,304100
2016-09-27,54.41111755371094,63.33000183105469,64.5199966430664,63.18000030517578,63.779998779296875,344000
2016-09-28,54.73759841918945,63.709999084472656,64.0999984741211,62.5,63.369998931884766,168200
2016-09-29,53.94717025756836,62.790000915527344,63.95000076293945,62.66999816894531,63.58000183105469,222500
2016-09-30,54.729007720947266,63.70000076293945,64.27999877929688,62.75,63.20000076293945,211300
2016-10-03,54.9094352722168,63.90999984741211,64.80999755859375,63.119998931884766,63.790000915527344,264700
2016-10-04,54.454071044921875,63.380001068115234,64.62999725341797,63.029998779296875,64.0,175900
2016-10-05,54.16196060180664,63.040000915527344,63.65999984741211,62.709999084472656,63.5,336400
2016-10-06,53.655052185058594,62.45000076293945,62.9900016784668,61.66999816894531,62.619998931884766,188200
2016-10-07,53.9901237487793,62.84000015258789,64.51000213623047,62.5,62.720001220703125,279500
2016-10-10,54.9094352722168,63.90999984741211,64.25,62.7400016784668,62.86000061035156,163000
2016-10-11,52.71855926513672,61.36000061035156,64.01000213623047,61.22999954223633,63.75,286600
2016-10-12,53.53476333618164,62.310001373291016,63.209999084472656,61.029998779296875,61.470001220703125,167900
2016-10-13,53.079402923583984,61.779998779296875,62.029998779296875,60.65999984741211,61.75,327000
2016-10-14,53.32856369018555,62.06999969482422,62.9900016784668,61.310001373291016,62.11000061035156,261500
2016-10-17,53.079402923583984,61.779998779296875,62.529998779296875,60.630001068115234,61.95000076293945,128400
2016-10-18,53.045047760009766,61.7400016784668,62.689998626708984,61.34000015258789,62.59000015258789,130500
2016-10-19,54.196327209472656,63.08000183105469,63.59000015258789,61.209999084472656,62.040000915527344,153400
2016-10-20,53.80111312866211,62.619998931884766,63.040000915527344,61.95000076293945,63.040000915527344,155900
2016-10-21,54.875064849853516,63.869998931884766,64.16000366210938,61.7599983215332,62.18000030517578,143100
2016-10-24,55.08126449584961,64.11000061035156,64.51000213623047,63.459999084472656,64.45999908447266,177100
2016-10-25,54.46266174316406,63.38999938964844,64.5999984741211,63.31999969482422,64.23999786376953,189000
2016-10-26,52.68418502807617,61.31999969482422,63.77000045776367,61.310001373291016,62.88999938964844,231500
2016-10-27,51.48994827270508,59.93000030517578,62.65999984741211,59.56999969482422,61.56999969482422,257600
2016-10-28,50.76824951171875,59.09000015258789,60.849998474121094,58.689998626708984,59.650001525878906,278800
2016-10-31,50.68232727050781,58.9900016784668,59.86000061035156,58.380001068115234,59.33000183105469,272300
2016-11-01,49.06709671020508,57.11000061035156,59.439998626708984,56.720001220703125,58.95000076293945,328900
2016-11-02,47.993125915527344,55.86000061035156,57.56999969482422,55.279998779296875,57.189998626708984,439600
2016-11-03,46.62705993652344,54.27000045776367,56.63999938964844,53.93000030517578,55.75,613000
2016-11-04,41.583744049072266,48.400001525878906,51.33000183105469,47.66999816894531,47.900001525878906,1322200
2016-11-07,42.6834716796875,49.68000030517578,49.93000030517578,47.709999084472656,47.709999084472656,880300
2016-11-08,42.09064483642578,48.9900016784668,49.689998626708984,48.45000076293945,49.40999984741211,577600
2016-11-09,41.678245544433594,48.5099983215332,49.18000030517578,47.470001220703125,47.7400016784668,430400
2016-11-10,40.88780975341797,47.59000015258789,49.470001220703125,47.0,48.79999923706055,703700
2016-11-11,42.356990814208984,49.29999923706055,49.29999923706055,47.13999938964844,47.5,346100
2016-11-14,42.279659271240234,49.209999084472656,49.72999954223633,48.599998474121094,49.220001220703125,719600
2016-11-15,42.185150146484375,49.099998474121094,49.95000076293945,48.72999954223633,49.38999938964844,251500
2016-11-16,42.314029693603516,49.25,49.70000076293945,48.400001525878906,48.75,217400
2016-11-17,42.649105072021484,49.63999938964844,50.15999984741211,49.22999954223633,49.25,262100
2016-11-18,42.61473846435547,49.599998474121094,49.959999084472656,48.720001220703125,49.70000076293945,226000
2016-11-21,42.60615158081055,49.59000015258789,50.119998931884766,49.380001068115234,49.58000183105469,286700
2016-11-22,42.58036804199219,49.560001373291016,49.90999984741211,49.36000061035156,49.720001220703125,238900
2016-11-23,42.52023696899414,49.4900016784668,49.709999084472656,48.810001373291016,49.29999923706055,192200
2016-11-25,42.00473403930664,48.88999938964844,49.65999984741211,48.689998626708984,49.65999984741211,97100
2016-11-28,41.8758544921875,48.7400016784668,49.25,48.439998626708984,48.720001220703125,230400
2016-11-29,41.30021286010742,48.06999969482422,48.93000030517578,47.7400016784668,48.900001525878906,294800
2016-11-30,40.43244934082031,47.060001373291016,48.2599983215332,46.65999984741211,48.02000045776367,420000
2016-12-01,38.88595962524414,45.2599983215332,47.09000015258789,44.90999984741211,47.02000045776367,456300
2016-12-02,38.353267669677734,44.63999938964844,45.880001068115234,44.20000076293945,45.58000183105469,700900
2016-12-05,40.90499496459961,47.61000061035156,47.939998626708984,45.11000061035156,45.11000061035156,372000
2016-12-06,41.23147964477539,47.9900016784668,48.279998779296875,46.90999984741211,47.54999923706055,266600
2016-12-07,41.729801177978516,48.56999969482422,48.75,47.529998779296875,47.95000076293945,317700
2016-12-08,42.58036804199219,49.560001373291016,50.029998779296875,48.279998779296875,48.279998779296875,256100
2016-12-09,42.881080627441406,49.90999984741211,50.15999984741211,49.220001220703125,49.560001373291016,191900
2016-12-12,41.88444137573242,48.75,50.189998626708984,48.650001525878906,49.790000915527344,264900
2016-12-13,42.60615158081055,49.59000015258789,49.900001525878906,48.900001525878906,48.95000076293945,150500
2016-12-14,41.695430755615234,48.529998779296875,49.63999938964844,48.150001525878906,49.5,176300
2016-12-15,42.769386291503906,49.779998779296875,50.040000915527344,48.369998931884766,48.400001525878906,322300
2016-12-16,41.33457946777344,48.11000061035156,49.880001068115234,47.900001525878906,49.880001068115234,724100
2016-12-19,41.02528381347656,47.75,48.849998474121094,47.59000015258789,48.150001525878906,251300
2016-12-20,41.02528381347656,47.75,48.7599983215332,47.630001068115234,47.75,265700
2016-12-21,40.98231887817383,47.70000076293945,47.9900016784668,47.5,47.779998779296875,137700
2016-12-22,40.827667236328125,47.52000045776367,47.599998474121094,46.790000915527344,47.599998474121094,164200
2016-12-23,41.283023834228516,48.04999923706055,48.18000030517578,47.33000183105469,47.33000183105469,187500
2016-12-27,41.05964279174805,47.790000915527344,48.15999984741211,47.599998474121094,47.88999938964844,169900
2016-12-28,40.83625793457031,47.529998779296875,48.31999969482422,47.13999938964844,48.040000915527344,127700
2016-12-29,41.051055908203125,47.779998779296875,47.90999984741211,47.40999984741211,47.599998474121094,134200
2016-12-30,40.827667236328125,47.52000045776367,47.939998626708984,47.34000015258789,47.77000045776367,317400
2017-01-03,40.827667236328125,47.52000045776367,48.790000915527344,47.18000030517578,47.91999816894531,260300
2017-01-04,41.77275085449219,48.619998931884766,49.04999923706055,47.5099983215332,47.5099983215332,323200
2017-01-05,41.635284423828125,48.459999084472656,48.9900016784668,47.7400016784668,48.560001373291016,242800
2017-01-06,40.78471755981445,47.470001220703125,48.689998626708984,47.43000030517578,48.689998626708984,291100
2017-01-09,41.35176086425781,48.130001068115234,48.459999084472656,47.54999923706055,47.650001525878906,246400
2017-01-10,41.95317459106445,48.83000183105469,49.33000183105469,48.150001525878906,48.5,300500
2017-01-11,42.60615158081055,49.59000015258789,49.83000183105469,48.70000076293945,48.84000015258789,214700
2017-01-12,42.700653076171875,49.70000076293945,49.77000045776367,48.33000183105469,49.27000045776367,177900
2017-01-13,43.65433883666992,50.810001373291016,51.0,49.95000076293945,49.95000076293945,216600
2017-01-17,41.4290885925293,48.220001220703125,50.7400016784668,47.81999969482422,50.47999954223633,404700
2017-01-18,42.96699905395508,50.0099983215332,50.04999923706055,47.66999816894531,48.439998626708984,243600
2017-01-19,43.1560173034668,50.22999954223633,50.56999969482422,49.459999084472656,50.060001373291016,256500
2017-01-20,43.937862396240234,51.13999938964844,51.22999954223633,50.27000045776367,50.380001068115234,171000
2017-01-23,44.169830322265625,51.40999984741211,51.5,50.77000045776367,50.790000915527344,153000
2017-01-24,44.95167541503906,52.31999969482422,53.0099983215332,51.41999816894531,51.619998931884766,220500
2017-01-25,45.75929260253906,53.2599983215332,53.33000183105469,52.72999954223633,52.83000183105469,268900
2017-01-26,46.27479934692383,53.86000061035156,53.939998626708984,53.029998779296875,53.40999984741211,222500
2017-01-27,46.24042510986328,53.81999969482422,54.130001068115234,53.13999938964844,53.83000183105469,264000
2017-01-30,45.70774459838867,53.20000076293945,53.75,52.7400016784668,53.31999969482422,287300
2017-01-31,46.2232551574707,53.79999923706055,53.83000183105469,52.75,52.77000045776367,196800
2017-02-01,45.5788688659668,53.04999923706055,54.790000915527344,52.11000061035156,54.27000045776367,353400
2017-02-02,45.82802963256836,53.34000015258789,53.45000076293945,52.029998779296875,52.86000061035156,200100
2017-02-03,46.18029022216797,53.75,53.880001068115234,53.060001373291016,53.63999938964844,163200
2017-02-06,45.97409439086914,53.5099983215332,53.880001068115234,53.04999923706055,53.61000061035156,101600
2017-02-07,45.15787887573242,52.560001373291016,53.720001220703125,52.540000915527344,53.720001220703125,232600
2017-02-08,45.63042068481445,53.11000061035156,53.15999984741211,52.189998626708984,52.439998626708984,136100
2017-02-09,46.266212463378906,53.849998474121094,54.040000915527344,53.15999984741211,53.15999984741211,159000
2017-02-10,46.670013427734375,54.31999969482422,54.630001068115234,53.58000183105469,53.58000183105469,137900
2017-02-13,45.913936614990234,53.439998626708984,54.529998779296875,53.38999938964844,54.31999969482422,179400
2017-02-14,46.11155319213867,53.66999816894531,53.79999923706055,52.880001068115234,53.36000061035156,390700
2017-02-15,46.58409118652344,54.220001220703125,54.310001373291016,53.04999923706055,53.68000030517578,192100
2017-02-16,46.92776870727539,54.619998931884766,54.65999984741211,53.810001373291016,54.40999984741211,184600
2017-02-17,47.073822021484375,54.790000915527344,55.06999969482422,54.189998626708984,54.279998779296875,216800
2017-02-21,46.82465744018555,54.5,54.9900016784668,54.40999984741211,54.900001525878906,383300
2017-02-22,46.670013427734375,54.31999969482422,54.7599983215332,54.130001068115234,54.5,275900
2017-02-23,44.848575592041016,52.20000076293945,54.349998474121094,51.369998931884766,54.349998474121094,542900
2017-02-24,44.35885238647461,51.630001068115234,52.689998626708984,50.16999816894531,51.310001373291016,1001900
2017-02-27,36.96141052246094,43.02000045776367,46.16999816894531,41.65999984741211,44.619998931884766,3952900
2017-02-28,37.46831512451172,43.61000061035156,43.869998931884766,42.18000030517578,43.040000915527344,1395000
2017-03-01,38.671146392822266,45.0099983215332,45.189998626708984,43.220001220703125,43.380001068115234,1002100
2017-03-02,37.21916580200195,43.31999969482422,45.220001220703125,43.22999954223633,44.66999816894531,613900
2017-03-03,36.29985809326172,42.25,43.41999816894531,41.790000915527344,42.9900016784668,402400
2017-03-06,35.69844055175781,41.54999923706055,42.439998626708984,41.380001068115234,41.83000183105469,301200
2017-03-07,35.277442932128906,41.060001373291016,41.68000030517578,40.63999938964844,41.15999984741211,313600
2017-03-08,35.02827835083008,40.77000045776367,41.47999954223633,40.369998931884766,41.290000915527344,626000
2017-03-09,34.78772735595703,40.4900016784668,40.90999984741211,40.18000030517578,40.470001220703125,209200
2017-03-10,34.624473571777344,40.29999923706055,40.90999984741211,40.220001220703125,40.779998779296875,646500
2017-03-13,35.47505569458008,41.290000915527344,41.540000915527344,40.380001068115234,40.380001068115234,3243500
2017-03-14,34.658851623535156,40.34000015258789,41.279998779296875,40.0099983215332,41.13999938964844,349400
2017-03-15,34.624473571777344,40.29999923706055,40.65999984741211,39.75,40.33000183105469,927200
2017-03-16,35.0368766784668,40.779998779296875,41.06999969482422,40.16999816894531,40.29999923706055,884800
2017-03-17,35.05405807495117,40.79999923706055,41.18000030517578,40.150001525878906,41.04999923706055,733000
2017-03-20,35.35477066040039,41.150001525878906,41.380001068115234,40.56999969482422,40.75,480100
2017-03-21,34.169124603271484,39.77000045776367,41.689998626708984,39.65999984741211,41.47999954223633,641600
2017-03-22,34.58151626586914,40.25,40.90999984741211,39.66999816894531,40.08000183105469,365100
2017-03-23,34.85643768310547,40.56999969482422,40.849998474121094,40.029998779296875,40.2599983215332,387900
2017-03-24,35.225894927978516,41.0,41.470001220703125,40.52000045776367,40.79999923706055,383500
2017-03-27,35.2344856262207,41.0099983215332,41.529998779296875,40.40999984741211,40.68000030517578,631700
2017-03-28,35.268856048583984,41.04999923706055,41.31999969482422,40.84000015258789,40.880001068115234,313700
2017-03-29,35.5523796081543,41.380001068115234,41.619998931884766,41.06999969482422,41.119998931884766,293800
2017-03-30,35.47505569458008,41.290000915527344,41.849998474121094,41.220001220703125,41.40999984741211,193100
2017-03-31,35.5265998840332,41.349998474121094,41.79999923706055,40.939998626708984,41.33000183105469,365700
2017-04-03,35.53519821166992,41.36000061035156,41.81999969482422,41.13999938964844,41.5,270200
2017-04-04,35.47505569458008,41.290000915527344,41.439998626708984,41.06999969482422,41.25,179800
2017-04-05,36.196746826171875,42.130001068115234,42.33000183105469,41.31999969482422,41.56999969482422,643800
2017-04-06,36.94423294067383,43.0,43.0099983215332,41.75,42.150001525878906,656700
2017-04-07,36.96141052246094,43.02000045776367,43.15999984741211,42.7599983215332,42.7599983215332,478000
2017-04-10,37.23634719848633,43.34000015258789,43.380001068115234,42.810001373291016,42.959999084472656,319700
2017-04-11,37.322265625,43.439998626708984,43.5099983215332,43.04999923706055,43.18000030517578,301100
2017-04-12,37.35662841796875,43.47999954223633,43.810001373291016,43.43000030517578,43.54999923706055,376100
2017-04-13,35.380550384521484,41.18000030517578,43.41999816894531,41.15999984741211,43.41999816894531,354600
2017-04-17,36.162384033203125,42.09000015258789,42.119998931884766,41.25,41.310001373291016,211800
2017-04-18,36.31703186035156,42.27000045776367,42.439998626708984,41.68000030517578,42.040000915527344,157900
2017-04-19,36.36858367919922,42.33000183105469,42.810001373291016,42.02000045776367,42.47999954223633,166300
2017-04-20,36.437320709228516,42.40999984741211,42.97999954223633,42.2599983215332,42.529998779296875,255800
2017-04-21,36.334228515625,42.290000915527344,42.59000015258789,41.7599983215332,42.400001525878906,295900
2017-04-24,36.61774826049805,42.619998931884766,42.849998474121094,42.25,42.849998474121094,284900
2017-04-25,37.0301513671875,43.099998474121094,43.45000076293945,42.5099983215332,42.83000183105469,290500
2017-04-26,37.37382507324219,43.5,43.93000030517578,43.04999923706055,43.150001525878906,406200
2017-04-27,37.193382263183594,43.290000915527344,43.880001068115234,43.2599983215332,43.619998931884766,194600
2017-04-28,37.14183807373047,43.22999954223633,43.630001068115234,42.779998779296875,43.630001068115234,352400
2017-05-01,37.71748352050781,43.900001525878906,44.34000015258789,43.36000061035156,43.380001068115234,353000
2017-05-02,37.72606658935547,43.90999984741211,44.209999084472656,43.58000183105469,43.97999954223633,419700
2017-05-03,35.29462814331055,41.08000183105469,44.040000915527344,40.27000045776367,43.709999084472656,854800
2017-05-04,37.85494613647461,44.060001373291016,44.15999984741211,40.720001220703125,40.720001220703125,724800
2017-05-05,37.597198486328125,43.7599983215332,44.29999923706055,43.40999984741211,44.150001525878906,414900
2017-05-08,38.11268997192383,44.36000061035156,44.369998931884766,43.470001220703125,43.79999923706055,321400
2017-05-09,38.49932861328125,44.810001373291016,44.900001525878906,43.93000030517578,44.38999938964844,366300
2017-05-10,38.18143081665039,44.439998626708984,44.849998474121094,44.310001373291016,44.810001373291016,486400
2017-05-11,37.580020904541016,43.7400016784668,44.439998626708984,43.2400016784668,44.380001068115234,376500
2017-05-12,38.25016403198242,44.52000045776367,44.86000061035156,43.45000076293945,43.689998626708984,378300
2017-05-15,38.4649543762207,44.77000045776367,44.9900016784668,44.369998931884766,44.7400016784668,176000
2017-05-16,38.92031478881836,45.29999923706055,45.34000015258789,44.58000183105469,45.0,269100
2017-05-17,38.001007080078125,44.22999954223633,45.29999923706055,44.22999954223633,45.29999923706055,388000
2017-05-18,37.640159606933594,43.810001373291016,44.31999969482422,42.88999938964844,44.0,223300
2017-05-19,38.25016403198242,44.52000045776367,44.77000045776367,43.86000061035156,44.0,198000
2017-05-22,38.91172790527344,45.290000915527344,45.290000915527344,44.459999084472656,44.75,182300
2017-05-23,38.94609069824219,45.33000183105469,45.599998474121094,44.38999938964844,45.189998626708984,173400
2017-05-24,39.495967864990234,45.970001220703125,46.130001068115234,45.5,45.560001373291016,170000
2017-05-25,39.77948760986328,46.29999923706055,46.45000076293945,45.88999938964844,46.209999084472656,214700
2017-05-26,39.90837097167969,46.45000076293945,46.63999938964844,45.91999816894531,46.380001068115234,304700
2017-05-30,40.12315368652344,46.70000076293945,46.83000183105469,46.04999923706055,46.119998931884766,404200
2017-05-31,40.002872467041016,46.560001373291016,46.83000183105469,46.27000045776367,46.83000183105469,292700
2017-06-01,40.999507904052734,47.720001220703125,47.7599983215332,46.31999969482422,46.5099983215332,253400
2017-06-02,40.87922286987305,47.58000183105469,47.880001068115234,46.90999984741211,47.79999923706055,287700
2017-06-05,40.587100982666016,47.2400016784668,47.68000030517578,46.869998931884766,47.58000183105469,184200
2017-06-06,40.47541046142578,47.11000061035156,47.63999938964844,46.560001373291016,47.029998779296875,133600
2017-06-07,39.46159362792969,45.93000030517578,47.119998931884766,45.90999984741211,47.119998931884766,201800
2017-06-08,39.7451171875,46.2599983215332,46.400001525878906,45.52000045776367,46.02000045776367,337400
2017-06-09,38.525089263916016,44.84000015258789,46.70000076293945,44.380001068115234,46.36000061035156,235100
2017-06-12,38.215797424316406,44.47999954223633,44.689998626708984,43.65999984741211,44.66999816894531,257300
2017-06-13,38.30172348022461,44.58000183105469,45.18000030517578,43.869998931884766,44.790000915527344,197700
2017-06-14,37.99241256713867,44.220001220703125,44.9900016784668,43.970001220703125,44.720001220703125,147400
2017-06-15,37.528465270996094,43.68000030517578,44.029998779296875,43.150001525878906,43.61000061035156,242000
2017-06-16,37.60578918457031,43.77000045776367,44.15999984741211,43.40999984741211,43.58000183105469,266200
2017-06-19,38.86876678466797,45.2400016784668,45.279998779296875,44.189998626708984,44.189998626708984,199100
2017-06-20,38.06974792480469,44.310001373291016,45.2400016784668,44.11000061035156,44.959999084472656,121300
2017-06-21,39.06637191772461,45.470001220703125,45.720001220703125,44.40999984741211,44.58000183105469,142500
2017-06-22,38.275943756103516,44.54999923706055,45.5099983215332,44.4900016784668,45.310001373291016,312400
2017-06-23,39.143699645996094,45.560001373291016,45.689998626708984,44.15999984741211,44.54999923706055,219300
2017-06-26,38.44776916503906,44.75,45.79999923706055,44.68000030517578,45.61000061035156,103000
2017-06-27,37.640159606933594,43.810001373291016,44.880001068115234,43.709999084472656,44.61000061035156,146100
2017-06-28,38.147064208984375,44.400001525878906,44.650001525878906,43.84000015258789,44.349998474121094,202300
2017-06-29,37.56283187866211,43.720001220703125,44.470001220703125,42.939998626708984,44.349998474121094,288300
2017-06-30,37.872135162353516,44.08000183105469,44.84000015258789,43.16999816894531,43.380001068115234,593900
2017-07-03,38.198612213134766,44.459999084472656,44.849998474121094,43.599998474121094,44.400001525878906,127100
2017-07-05,37.442543029785156,43.58000183105469,44.77000045776367,43.380001068115234,44.77000045776367,184500
2017-07-06,37.287899017333984,43.400001525878906,44.5099983215332,42.66999816894531,43.130001068115234,184100
2017-07-07,36.96141052246094,43.02000045776367,44.380001068115234,42.93000030517578,43.58000183105469,263800
2017-07-10,37.15043258666992,43.2400016784668,43.619998931884766,42.7400016784668,43.040000915527344,89200
2017-07-11,37.648738861083984,43.81999969482422,43.84000015258789,42.40999984741211,43.25,90900
2017-07-12,38.12128829956055,44.369998931884766,44.84000015258789,43.84000015258789,44.060001373291016,110900
2017-07-13,38.31031036376953,44.59000015258789,44.59000015258789,43.650001525878906,44.36000061035156,322700
2017-07-14,38.50791931152344,44.81999969482422,45.22999954223633,44.439998626708984,44.810001373291016,121000
2017-07-17,38.45637130737305,44.7599983215332,45.75,44.650001525878906,44.810001373291016,150100
2017-07-18,38.198612213134766,44.459999084472656,44.779998779296875,44.09000015258789,44.45000076293945,143600
2017-07-19,38.34467315673828,44.630001068115234,45.52000045776367,44.41999816894531,44.790000915527344,178800
2017-07-20,37.74325942993164,43.93000030517578,44.540000915527344,43.880001068115234,44.540000915527344,138900
2017-07-21,37.10747146606445,43.189998626708984,44.06999969482422,42.86000061035156,44.06999969482422,239800
2017-07-24,37.98381805419922,44.209999084472656,44.459999084472656,42.9900016784668,43.34000015258789,338000
2017-07-25,37.66593551635742,43.84000015258789,44.459999084472656,43.58000183105469,44.459999084472656,171900
2017-07-26,37.41677474975586,43.54999923706055,43.95000076293945,43.06999969482422,43.900001525878906,150300
2017-07-27,37.02155685424805,43.09000015258789,43.88999938964844,42.34000015258789,43.7599983215332,149900
2017-07-28,37.004371643066406,43.06999969482422,44.209999084472656,42.720001220703125,42.81999969482422,157500
2017-07-31,36.205345153808594,42.13999938964844,43.16999816894531,41.849998474121094,43.16999816894531,243600
2017-08-01,35.82732009887695,41.70000076293945,42.61000061035156,41.5099983215332,42.40999984741211,514600
2017-08-02,30.29426383972168,35.2599983215332,35.97999954223633,33.439998626708984,34.5,2451600
2017-08-03,29.5639705657959,34.40999984741211,35.08000183105469,34.029998779296875,34.959999084472656,710600
2017-08-04,29.804540634155273,34.689998626708984,36.0,34.439998626708984,34.58000183105469,406600
2017-08-07,29.460878372192383,34.290000915527344,34.779998779296875,34.15999984741211,34.540000915527344,266900
2017-08-08,28.9110107421875,33.650001525878906,34.58000183105469,33.529998779296875,34.279998779296875,181100
2017-08-09,29.332006454467773,34.13999938964844,34.150001525878906,32.84000015258789,33.38999938964844,512800
2017-08-10,28.31817626953125,32.959999084472656,33.90999984741211,32.849998474121094,33.7599983215332,162700
2017-08-11,28.283815383911133,32.91999816894531,33.5,32.5,32.7400016784668,225200
2017-08-14,28.902414321899414,33.63999938964844,33.65999984741211,32.900001525878906,33.209999084472656,113800
2017-08-15,29.022695541381836,33.779998779296875,33.810001373291016,33.29999923706055,33.630001068115234,147500
2017-08-16,29.211721420288086,34.0,34.34000015258789,33.540000915527344,33.83000183105469,155400
2017-08-17,28.94537353515625,33.689998626708984,34.2400016784668,33.529998779296875,33.83000183105469,177700
2017-08-18,28.58452033996582,33.27000045776367,33.86000061035156,33.209999084472656,33.400001525878906,149200
2017-08-21,28.490018844604492,33.15999984741211,33.459999084472656,32.869998931884766,33.27000045776367,89800
2017-08-22,28.97115135192871,33.720001220703125,33.959999084472656,33.349998474121094,33.349998474121094,151300
2017-08-23,28.79071807861328,33.5099983215332,34.060001373291016,33.439998626708984,33.5,120200
2017-08-24,28.421283721923828,33.08000183105469,33.70000076293945,33.060001373291016,33.70000076293945,127600
2017-08-25,27.06379508972168,31.5,31.950000762939453,29.850000381469727,30.530000686645508,785000
2017-08-28,27.544933319091797,32.060001373291016,32.560001373291016,31.389999389648438,31.719999313354492,522700
2017-08-29,27.364503860473633,31.850000381469727,32.209999084472656,31.75,31.790000915527344,285300
2017-08-30,27.201265335083008,31.65999984741211,32.2400016784668,31.610000610351562,31.90999984741211,252800
2017-08-31,28.850873947143555,33.58000183105469,33.810001373291016,31.850000381469727,31.850000381469727,552400
2017-09-01,28.438465118408203,33.099998474121094,33.70000076293945,32.38999938964844,33.689998626708984,304500
2017-09-05,28.283815383911133,32.91999816894531,33.150001525878906,32.68000030517578,32.970001220703125,175200
2017-09-06,28.472824096679688,33.13999938964844,33.36000061035156,32.61000061035156,32.84000015258789,125500
2017-09-07,28.88522720336914,33.619998931884766,33.90999984741211,32.709999084472656,33.18000030517578,250100
2017-09-08,28.868051528930664,33.599998474121094,33.790000915527344,33.209999084472656,33.45000076293945,237200
2017-09-11,29.392139434814453,34.209999084472656,34.56999969482422,33.709999084472656,33.93000030517578,233000
2017-09-12,29.349184036254883,34.15999984741211,34.54999923706055,33.91999816894531,34.22999954223633,257500
2017-09-13,28.902414321899414,33.63999938964844,34.27000045776367,33.58000183105469,34.040000915527344,170900
2017-09-14,28.44706153869629,33.11000061035156,33.5,32.7400016784668,33.5,175100
2017-09-15,28.953969955444336,33.70000076293945,33.77000045776367,32.91999816894531,33.16999816894531,271600
2017-09-18,29.349184036254883,34.15999984741211,34.400001525878906,33.58000183105469,33.7599983215332,160300
2017-09-19,29.228899002075195,34.02000045776367,34.34000015258789,33.939998626708984,34.11000061035156,132800
2017-09-20,29.031288146972656,33.790000915527344,33.900001525878906,33.08000183105469,33.880001068115234,215600
2017-09-21,29.091434478759766,33.86000061035156,34.22999954223633,33.459999084472656,33.790000915527344,113700
2017-09-22,29.2460880279541,34.040000915527344,34.22999954223633,33.58000183105469,33.58000183105469,129000
2017-09-25,28.378318786621094,33.029998779296875,33.900001525878906,32.5,33.849998474121094,313400
2017-09-26,28.335363388061523,32.97999954223633,33.40999984741211,32.83000183105469,33.11000061035156,246800
2017-09-27,29.07424545288086,33.84000015258789,34.13999938964844,33.25,33.29999923706055,258800
2017-09-28,28.670438766479492,33.369998931884766,33.689998626708984,33.08000183105469,33.66999816894531,141100
2017-09-29,28.601713180541992,33.290000915527344,33.560001373291016,33.15999984741211,33.31999969482422,145200
2017-10-02,28.92818832397461,33.66999816894531,33.90999984741211,32.900001525878906,33.310001373291016,250900
2017-10-03,28.953969955444336,33.70000076293945,33.939998626708984,33.630001068115234,33.90999984741211,276500
2017-10-04,28.876644134521484,33.61000061035156,33.88999938964844,33.189998626708984,33.599998474121094,310600
2017-10-05,28.97974395751953,33.72999954223633,33.9900016784668,33.47999954223633,33.59000015258789,138500
2017-10-06,29.65848731994629,34.52000045776367,34.52000045776367,33.47999954223633,33.5099983215332,449500
2017-10-09,28.93677520751953,33.68000030517578,34.52000045776367,33.41999816894531,34.52000045776367,202300
2017-10-10,29.057065963745117,33.81999969482422,34.0,33.529998779296875,33.81999969482422,169800
2017-10-11,29.091434478759766,33.86000061035156,34.029998779296875,33.47999954223633,33.77000045776367,177400
2017-10-12,29.297630310058594,34.099998474121094,34.220001220703125,33.61000061035156,33.81999969482422,192200
2017-10-13,29.555383682250977,34.400001525878906,34.52000045776367,33.59000015258789,34.380001068115234,162200
2017-10-16,29.220304489135742,34.0099983215332,34.43000030517578,33.47999954223633,34.36000061035156,161600
2017-10-17,29.529611587524414,34.369998931884766,34.369998931884766,33.720001220703125,33.88999938964844,172800
2017-10-18,29.93341827392578,34.84000015258789,34.959999084472656,34.459999084472656,34.459999084472656,226300
2017-10-19,29.69285011291504,34.560001373291016,34.560001373291016,33.86000061035156,34.52000045776367,171900
2017-10-20,29.916234970092773,34.81999969482422,34.93000030517578,34.310001373291016,34.90999984741211,179500
2017-10-23,29.70144271850586,34.56999969482422,35.11000061035156,34.290000915527344,34.779998779296875,216600
2017-10-24,29.847505569458008,34.7400016784668,34.95000076293945,34.5,34.75,155100
2017-10-25,29.727218627929688,34.599998474121094,34.90999984741211,34.209999084472656,34.7599983215332,171800
2017-10-26,30.1224365234375,35.060001373291016,35.130001068115234,34.540000915527344,34.7599983215332,136900
2017-10-27,30.02792739868164,34.95000076293945,35.4900016784668,34.77000045776367,35.2599983215332,249700
2017-10-30,29.4265079498291,34.25,35.11000061035156,33.34000015258789,35.0,546700
2017-10-31,33.49897003173828,38.9900016784668,42.709999084472656,37.5,37.75,2626100
2017-11-01,32.656986236572266,38.0099983215332,40.66999816894531,37.90999984741211,39.5,860400
2017-11-02,31.918102264404297,37.150001525878906,38.0,36.869998931884766,37.88999938964844,462300
2017-11-03,31.479915618896484,36.63999938964844,37.34000015258789,36.349998474121094,36.90999984741211,637400
2017-11-06,32.30471420288086,37.599998474121094,37.75,36.380001068115234,36.599998474121094,306600
2017-11-07,32.261756896972656,37.54999923706055,38.65999984741211,37.459999084472656,37.58000183105469,314000
2017-11-08,33.404457092285156,38.880001068115234,38.90999984741211,37.349998474121094,37.349998474121094,339100
2017-11-09,33.009239196777344,38.41999816894531,38.70000076293945,38.09000015258789,38.63999938964844,284100
2017-11-10,34.117557525634766,39.709999084472656,39.709999084472656,38.27000045776367,38.27000045776367,566100
2017-11-13,33.868412017822266,39.41999816894531,40.0,38.9900016784668,39.560001373291016,357100
2017-11-14,33.1724853515625,38.61000061035156,39.2400016784668,38.540000915527344,39.11000061035156,276300
2017-11-15,32.64839172363281,38.0,38.75,37.91999816894531,38.25,261400
2017-11-16,34.495609283447266,40.150001525878906,40.15999984741211,37.970001220703125,38.08000183105469,368800
2017-11-17,34.58151626586914,40.25,41.119998931884766,39.95000076293945,39.97999954223633,416600
2017-11-20,34.83926773071289,40.54999923706055,40.58000183105469,39.95000076293945,40.18000030517578,299200
2017-11-21,35.78435134887695,41.650001525878906,41.9900016784668,40.61000061035156,40.61000061035156,425100
2017-11-22,35.69844055175781,41.54999923706055,42.029998779296875,41.31999969482422,41.66999816894531,174100
2017-11-24,36.02491760253906,41.93000030517578,41.95000076293945,41.52000045776367,41.790000915527344,53300
2017-11-27,36.145198822021484,42.06999969482422,42.47999954223633,41.5,41.97999954223633,166200
2017-11-28,36.81535339355469,42.849998474121094,42.869998931884766,41.65999984741211,42.11000061035156,174800
2017-11-29,36.54043197631836,42.529998779296875,43.060001373291016,42.220001220703125,42.810001373291016,239300
2017-11-30,36.50605392456055,42.4900016784668,42.689998626708984,41.599998474121094,42.66999816894531,458900
2017-12-01,36.29126739501953,42.2400016784668,42.56999969482422,41.2400016784668,42.349998474121094,355700
2017-12-04,35.595340728759766,41.43000030517578,42.9900016784668,41.43000030517578,42.9900016784668,313900
2017-12-05,35.08843994140625,40.84000015258789,42.08000183105469,40.459999084472656,41.59000015258789,378600
2017-12-06,35.34617233276367,41.13999938964844,41.9900016784668,40.790000915527344,40.790000915527344,312900
2017-12-07,37.081695556640625,43.15999984741211,43.43000030517578,41.16999816894531,41.2400016784668,322500
2017-12-08,37.047325134277344,43.119998931884766,44.04999923706055,43.029998779296875,43.470001220703125,260100
2017-12-11,37.064510345458984,43.13999938964844,43.380001068115234,42.619998931884766,43.130001068115234,291100
2017-12-12,36.437320709228516,42.40999984741211,43.189998626708984,42.400001525878906,43.189998626708984,131600
2017-12-13,37.20198059082031,43.29999923706055,43.5,42.58000183105469,42.58000183105469,150400
2017-12-14,36.66069412231445,42.66999816894531,43.689998626708984,42.5,43.310001373291016,172200
2017-12-15,36.94423294067383,43.0,43.439998626708984,42.68000030517578,42.790000915527344,208200
2017-12-18,38.147064208984375,44.400001525878906,44.810001373291016,43.5,43.5,294000
2017-12-19,37.889320373535156,44.099998474121094,45.2599983215332,43.91999816894531,44.45000076293945,193700
2017-12-20,37.20198059082031,43.29999923706055,44.290000915527344,43.099998474121094,44.08000183105469,101500
2017-12-21,37.90650177001953,44.119998931884766,44.279998779296875,43.439998626708984,43.439998626708984,193500
2017-12-22,37.82917022705078,44.029998779296875,44.22999954223633,43.849998474121094,43.9900016784668,73800
2017-12-26,37.98381805419922,44.209999084472656,44.47999954223633,43.880001068115234,43.97999954223633,106200
2017-12-27,38.129886627197266,44.380001068115234,44.869998931884766,44.150001525878906,44.150001525878906,97500
2017-12-28,37.631561279296875,43.79999923706055,44.5099983215332,43.72999954223633,44.5099983215332,70600
2017-12-29,36.97000503540039,43.029998779296875,43.81999969482422,42.959999084472656,43.81999969482422,131500
2018-01-02,37.35662841796875,43.47999954223633,44.22999954223633,43.09000015258789,43.13999938964844,227700
2018-01-03,38.13846969604492,44.38999938964844,44.5099983215332,43.29999923706055,43.5,178000
2018-01-04,38.41340255737305,44.709999084472656,45.189998626708984,44.0,44.59000015258789,180700
2018-01-05,37.966636657714844,44.189998626708984,44.869998931884766,43.61000061035156,44.869998931884766,135900
2018-01-08,37.4597282409668,43.599998474121094,44.040000915527344,43.150001525878906,44.040000915527344,183500
2018-01-09,37.4597282409668,43.599998474121094,44.290000915527344,43.2599983215332,43.59000015258789,199500
2018-01-10,38.001007080078125,44.22999954223633,44.22999954223633,43.20000076293945,43.349998474121094,265200
2018-01-11,37.78621292114258,43.97999954223633,44.47999954223633,43.70000076293945,44.11000061035156,185000
2018-01-12,38.25875473022461,44.529998779296875,44.7400016784668,43.7400016784668,43.93000030517578,262500
2018-01-16,38.018192291259766,44.25,45.41999816894531,44.16999816894531,44.95000076293945,188300
2018-01-17,38.37904357910156,44.66999816894531,44.77000045776367,43.66999816894531,44.45000076293945,143600
2018-01-18,38.53369140625,44.849998474121094,45.02000045776367,44.209999084472656,44.52000045776367,109900
2018-01-19,39.28116989135742,45.720001220703125,45.79999923706055,44.7599983215332,44.7599983215332,214000
2018-01-22,39.444400787353516,45.90999984741211,45.939998626708984,44.86000061035156,45.849998474121094,150400
2018-01-23,39.315528869628906,45.7599983215332,45.9900016784668,45.25,45.849998474121094,101200
2018-01-24,39.99427795410156,46.54999923706055,46.689998626708984,45.84000015258789,46.0,241100
2018-01-25,40.91358184814453,47.619998931884766,47.91999816894531,46.689998626708984,46.810001373291016,248500
2018-01-26,41.32598876953125,48.099998474121094,48.13999938964844,47.0,47.880001068115234,183200
2018-01-29,40.303585052490234,46.90999984741211,48.369998931884766,46.81999969482422,48.0099983215332,188600
2018-01-30,39.28116989135742,45.720001220703125,47.22999954223633,45.689998626708984,46.22999954223633,197400
2018-01-31,38.02678298950195,44.2599983215332,46.189998626708984,44.09000015258789,45.72999954223633,220500
2018-02-01,38.25016403198242,44.52000045776367,45.43000030517578,43.599998474121094,44.25,383000
2018-02-02,37.58860397338867,43.75,44.810001373291016,43.650001525878906,44.16999816894531,187200
2018-02-05,36.95281219482422,43.0099983215332,44.34000015258789,42.959999084472656,43.06999969482422,194500
2018-02-06,37.45113754272461,43.59000015258789,44.040000915527344,42.0099983215332,42.0099983215332,213400
2018-02-07,37.77762222290039,43.970001220703125,44.34000015258789,43.279998779296875,43.650001525878906,133700
2018-02-08,37.10747146606445,43.189998626708984,44.209999084472656,42.75,44.209999084472656,245800
2018-02-09,37.72606658935547,43.90999984741211,44.310001373291016,42.09000015258789,43.59000015258789,291700
2018-02-12,38.49073028564453,44.79999923706055,45.2400016784668,43.369998931884766,44.130001068115234,234700
2018-02-13,39.00623321533203,45.400001525878906,45.7400016784668,44.45000076293945,44.45000076293945,166000
2018-02-14,39.95132064819336,46.5,47.029998779296875,44.47999954223633,45.15999984741211,260600
2018-02-15,41.06822967529297,47.79999923706055,48.689998626708984,46.81999969482422,46.970001220703125,363700
2018-02-16,39.34989547729492,45.79999923706055,48.130001068115234,45.31999969482422,47.5,427900
2018-02-20,38.748477935791016,45.099998474121094,46.18000030517578,44.90999984741211,45.65999984741211,331300
2018-02-21,38.30172348022461,44.58000183105469,45.72999954223633,44.279998779296875,45.22999954223633,823700
2018-02-22,39.822444915771484,46.349998474121094,47.380001068115234,41.880001068115234,42.290000915527344,1031600
2018-02-23,43.20756530761719,50.290000915527344,51.4900016784668,46.83000183105469,47.5,887100
2018-02-26,44.30730056762695,51.56999969482422,51.869998931884766,49.97999954223633,50.41999816894531,618000
2018-02-27,42.94122314453125,49.97999954223633,52.2599983215332,49.970001220703125,51.47999954223633,443600
2018-02-28,43.17319869995117,50.25,51.40999984741211,49.779998779296875,50.36000061035156,207900
2018-03-01,42.460086822509766,49.41999816894531,50.900001525878906,48.900001525878906,50.0,414800
2018-03-02,42.52023696899414,49.4900016784668,50.15999984741211,48.869998931884766,48.869998931884766,430100
2018-03-05,42.760799407958984,49.77000045776367,49.90999984741211,49.11000061035156,49.290000915527344,449600
2018-03-06,43.018550872802734,50.06999969482422,50.849998474121094,49.310001373291016,49.709999084472656,278300
2018-03-07,43.766021728515625,50.939998626708984,51.13999938964844,49.5099983215332,49.68000030517578,288100
2018-03-08,44.12688446044922,51.36000061035156,51.7400016784668,50.66999816894531,51.0,499600
2018-03-09,44.650962829589844,51.970001220703125,52.779998779296875,51.68000030517578,51.70000076293945,279600
2018-03-12,44.02378463745117,51.2400016784668,52.31999969482422,51.13999938964844,52.0,340900
2018-03-13,43.75743865966797,50.93000030517578,52.09000015258789,50.72999954223633,51.540000915527344,331800
2018-03-14,43.94645309448242,51.150001525878906,51.900001525878906,50.90999984741211,50.939998626708984,353700
2018-03-15,44.771263122558594,52.11000061035156,52.22999954223633,51.02000045776367,51.290000915527344,327400
2018-03-16,44.73688507080078,52.06999969482422,52.439998626708984,51.689998626708984,52.060001373291016,384200
2018-03-19,44.03236770629883,51.25,52.18000030517578,50.310001373291016,51.7599983215332,207800
2018-03-20,44.10969161987305,51.34000015258789,51.56999969482422,50.59000015258789,51.31999969482422,180500
2018-03-21,44.401798248291016,51.68000030517578,51.970001220703125,51.08000183105469,51.439998626708984,167000
2018-03-22,43.241939544677734,50.33000183105469,51.56999969482422,50.27000045776367,51.02000045776367,464200
2018-03-23,42.245296478271484,49.16999816894531,50.27000045776367,49.060001373291016,50.27000045776367,308600
2018-03-26,43.30207443237305,50.400001525878906,50.5,49.34000015258789,49.97999954223633,245300
2018-03-27,41.4720458984375,48.27000045776367,50.68000030517578,48.02000045776367,50.4900016784668,311500
2018-03-28,40.320762634277344,46.93000030517578,48.439998626708984,46.619998931884766,48.43000030517578,367100
2018-03-29,41.36894607543945,48.150001525878906,48.560001373291016,46.83000183105469,47.2400016784668,417300
2018-04-02,41.06822967529297,47.79999923706055,48.2599983215332,46.88999938964844,47.88999938964844,358200
2018-04-03,41.4290885925293,48.220001220703125,48.369998931884766,46.720001220703125,48.08000183105469,259300
2018-04-04,42.33980941772461,49.279998779296875,49.470001220703125,47.310001373291016,47.310001373291016,267800
2018-04-05,42.73501968383789,49.7400016784668,50.2599983215332,49.439998626708984,49.83000183105469,173500
2018-04-06,42.27107238769531,49.20000076293945,49.97999954223633,48.86000061035156,49.130001068115234,172300
2018-04-09,42.425716400146484,49.380001068115234,50.33000183105469,49.31999969482422,49.650001525878906,234900
2018-04-10,43.018550872802734,50.06999969482422,50.41999816894531,49.209999084472656,49.970001220703125,154300
2018-04-11,43.37080764770508,50.47999954223633,50.810001373291016,49.33000183105469,49.81999969482422,107900
2018-04-12,44.14406204223633,51.380001068115234,51.54999923706055,50.5,50.77000045776367,128800
2018-04-13,43.35362243652344,50.459999084472656,51.93000030517578,50.02000045776367,51.630001068115234,237500
2018-04-16,43.52546691894531,50.65999984741211,51.150001525878906,50.2599983215332,50.7599983215332,118200
2018-04-17,44.101097106933594,51.33000183105469,51.5099983215332,50.9900016784668,51.189998626708984,150700
2018-04-18,44.31589126586914,51.58000183105469,52.119998931884766,51.20000076293945,51.33000183105469,122100
2018-04-19,44.54786682128906,51.849998474121094,52.06999969482422,51.2400016784668,51.2400016784668,114600
2018-04-20,44.01518249511719,51.22999954223633,52.150001525878906,51.040000915527344,51.689998626708984,119200
2018-04-23,43.73166275024414,50.900001525878906,51.959999084472656,50.709999084472656,51.22999954223633,161300
2018-04-24,43.018550872802734,50.06999969482422,51.70000076293945,49.81999969482422,51.060001373291016,110700
2018-04-25,43.241939544677734,50.33000183105469,50.66999816894531,49.349998474121094,50.099998474121094,255600
2018-04-26,38.4219970703125,44.720001220703125,48.5,43.86000061035156,47.869998931884766,814400
2018-04-27,36.37718200683594,42.34000015258789,45.02000045776367,42.25,45.02000045776367,570600
2018-04-30,36.205345153808594,42.13999938964844,43.40999984741211,41.79999923706055,42.34000015258789,365200
2018-05-01,36.2225227355957,42.15999984741211,42.36000061035156,41.13999938964844,42.02000045776367,256600
2018-05-02,36.97859573364258,43.040000915527344,43.58000183105469,42.06999969482422,42.06999969482422,216800
2018-05-03,36.55759811401367,42.54999923706055,43.22999954223633,42.09000015258789,42.91999816894531,191500
2018-05-04,37.322265625,43.439998626708984,43.52000045776367,42.470001220703125,42.470001220703125,159800
2018-05-07,37.98381805419922,44.209999084472656,44.400001525878906,43.349998474121094,43.470001220703125,145000
2018-05-08,39.032012939453125,45.43000030517578,45.43000030517578,44.06999969482422,44.06999969482422,162100
2018-05-09,39.55610275268555,46.040000915527344,46.099998474121094,45.34000015258789,45.43000030517578,175900
2018-05-10,40.54413604736328,47.189998626708984,47.56999969482422,46.150001525878906,46.150001525878906,221400
2018-05-11,37.76044464111328,43.95000076293945,47.15999984741211,43.91999816894531,47.15999984741211,1019900
2018-05-14,38.035369873046875,44.27000045776367,45.189998626708984,43.90999984741211,44.04999923706055,198400
2018-05-15,38.80003356933594,45.15999984741211,45.220001220703125,43.7400016784668,43.939998626708984,148700
2018-05-16,39.40144348144531,45.86000061035156,45.869998931884766,45.09000015258789,45.16999816894531,148400
2018-05-17,39.942718505859375,46.4900016784668,46.849998474121094,45.810001373291016,45.810001373291016,147400
2018-05-18,39.4787712097168,45.95000076293945,46.68000030517578,45.91999816894531,46.599998474121094,186800
2018-05-21,39.942718505859375,46.4900016784668,46.7400016784668,45.79999923706055,46.31999969482422,264600
2018-05-22,39.84821319580078,46.380001068115234,46.79999923706055,46.29999923706055,46.58000183105469,347900
2018-05-23,39.521732330322266,46.0,46.52000045776367,45.93000030517578,46.08000183105469,178700
2018-05-24,39.33271789550781,45.779998779296875,46.0,44.849998474121094,45.66999816894531,192700
2018-05-25,39.581871032714844,46.06999969482422,46.630001068115234,45.849998474121094,45.90999984741211,84800
2018-05-29,39.50455093383789,45.97999954223633,46.16999816894531,45.40999984741211,45.689998626708984,154800
2018-05-30,40.15751266479492,46.7400016784668,47.0,45.97999954223633,46.2599983215332,155400
2018-05-31,40.71597671508789,47.38999938964844,47.470001220703125,46.06999969482422,46.709999084472656,168100
2018-06-01,41.248661041259766,48.0099983215332,48.209999084472656,47.66999816894531,47.79999923706055,137600
2018-06-04,41.64387893676758,48.470001220703125,48.779998779296875,47.72999954223633,48.099998474121094,128200
2018-06-05,41.77275085449219,48.619998931884766,49.72999954223633,48.31999969482422,48.75,125400
2018-06-06,41.88444137573242,48.75,49.16999816894531,48.5,48.63999938964844,98100
2018-06-07,39.822444915771484,46.349998474121094,49.029998779296875,46.09000015258789,48.79999923706055,542100
2018-06-08,41.14556121826172,47.88999938964844,48.0099983215332,46.43000030517578,46.43000030517578,244900
2018-06-11,41.291622161865234,48.060001373291016,48.58000183105469,47.689998626708984,47.93000030517578,171100
2018-06-12,41.97037124633789,48.849998474121094,49.0099983215332,48.04999923706055,48.22999954223633,80100
2018-06-13,41.9188117980957,48.790000915527344,49.25,48.2599983215332,48.86000061035156,105300
2018-06-14,42.29684829711914,49.22999954223633,49.97999954223633,48.91999816894531,49.119998931884766,216800
2018-06-15,41.935997009277344,48.810001373291016,49.189998626708984,48.599998474121094,48.84000015258789,162800
2018-06-18,42.425716400146484,49.380001068115234,49.880001068115234,48.54999923706055,48.54999923706055,135600
2018-06-19,42.28826904296875,49.220001220703125,49.52000045776367,48.02000045776367,48.84000015258789,85500
2018-06-20,42.51163864135742,49.47999954223633,49.900001525878906,49.09000015258789,49.459999084472656,156600
2018-06-21,41.4033203125,48.189998626708984,49.40999984741211,48.0099983215332,49.40999984741211,153600
2018-06-22,40.552738189697266,47.20000076293945,48.5099983215332,46.970001220703125,48.5099983215332,232000
2018-06-25,40.69020080566406,47.36000061035156,47.529998779296875,46.0099983215332,46.97999954223633,277700
2018-06-26,41.32598876953125,48.099998474121094,48.209999084472656,47.400001525878906,47.68000030517578,117500
2018-06-27,40.44963836669922,47.08000183105469,48.380001068115234,47.040000915527344,48.099998474121094,124600
2018-06-28,41.18851089477539,47.939998626708984,48.279998779296875,46.81999969482422,47.189998626708984,128900
2018-06-29,40.776123046875,47.459999084472656,48.29999923706055,47.369998931884766,48.09000015258789,166100
2018-07-02,41.86726379394531,48.72999954223633,48.790000915527344,47.09000015258789,47.400001525878906,248000
2018-07-03,41.9188117980957,48.790000915527344,49.18000030517578,48.380001068115234,48.790000915527344,67600
2018-07-05,42.829524993896484,49.849998474121094,49.97999954223633,48.88999938964844,49.18000030517578,136900
2018-07-06,43.808990478515625,50.9900016784668,51.13999938964844,49.9900016784668,49.9900016784668,170000
2018-07-09,43.439544677734375,50.560001373291016,51.31999969482422,50.029998779296875,51.31999969482422,201200
2018-07-10,42.356990814208984,49.29999923706055,50.83000183105469,49.27000045776367,50.560001373291016,241800
2018-07-11,43.181785583496094,50.2599983215332,50.790000915527344,48.880001068115234,48.959999084472656,146600
2018-07-12,44.01518249511719,51.22999954223633,51.599998474121094,50.5,50.72999954223633,141300
2018-07-13,43.95504379272461,51.15999984741211,51.619998931884766,50.66999816894531,51.2599983215332,158000
2018-07-16,43.45673370361328,50.58000183105469,51.5,50.47999954223633,51.18000030517578,122000
2018-07-17,43.53404998779297,50.66999816894531,50.810001373291016,50.119998931884766,50.290000915527344,330700
2018-07-18,43.13883590698242,50.209999084472656,51.27000045776367,49.9900016784668,50.61000061035156,179200
2018-07-19,42.863895416259766,49.88999938964844,50.619998931884766,49.720001220703125,50.029998779296875,117700
2018-07-20,42.46867752075195,49.43000030517578,50.25,49.31999969482422,50.060001373291016,186100
2018-07-23,41.446266174316406,48.2400016784668,49.66999816894531,48.150001525878906,49.33000183105469,186700
2018-07-24,40.87922286987305,47.58000183105469,48.4900016784668,47.060001373291016,48.380001068115234,308000
2018-07-25,41.824310302734375,48.68000030517578,49.56999969482422,47.720001220703125,47.779998779296875,409100
2018-07-26,42.39994812011719,49.349998474121094,49.72999954223633,47.959999084472656,48.59000015258789,192600
2018-07-27,40.71597671508789,47.38999938964844,49.439998626708984,47.119998931884766,49.380001068115234,223700
2018-07-30,39.633426666259766,46.130001068115234,47.41999816894531,45.88999938964844,47.38999938964844,281800
2018-07-31,39.581871032714844,46.06999969482422,46.4900016784668,45.630001068115234,46.06999969482422,497700
2018-08-01,41.80712890625,48.65999984741211,49.279998779296875,46.29999923706055,46.849998474121094,892600
2018-08-02,41.01668930053711,47.7400016784668,48.689998626708984,46.16999816894531,48.65999984741211,439000
2018-08-03,43.422359466552734,50.540000915527344,50.61000061035156,47.20000076293945,47.599998474121094,336300
2018-08-06,45.33830642700195,52.77000045776367,53.560001373291016,50.58000183105469,50.58000183105469,462700
2018-08-07,45.38125991821289,52.81999969482422,53.0,51.939998626708984,52.7400016784668,249300
2018-08-08,45.647605895996094,53.130001068115234,53.529998779296875,52.599998474121094,52.880001068115234,194100
2018-08-09,45.681968688964844,53.16999816894531,53.970001220703125,53.0099983215332,53.22999954223633,227600
2018-08-10,46.01704406738281,53.560001373291016,54.0,52.369998931884766,52.79999923706055,217100
2018-08-13,45.34689712524414,52.779998779296875,53.9900016784668,52.33000183105469,53.5099983215332,266900
2018-08-14,46.695091247558594,51.2599983215332,51.560001373291016,49.150001525878906,50.029998779296875,200400
2018-08-15,46.61310958862305,51.16999816894531,51.84000015258789,50.470001220703125,51.47999954223633,193500
2018-08-16,46.41270446777344,50.95000076293945,51.93000030517578,50.59000015258789,51.41999816894531,160100
2018-08-17,46.33070755004883,50.86000061035156,50.9900016784668,50.04999923706055,50.689998626708984,185400
2018-08-20,46.2851676940918,50.810001373291016,51.459999084472656,50.52000045776367,51.220001220703125,137900
2018-08-21,46.658660888671875,51.220001220703125,51.5,50.81999969482422,50.970001220703125,155800
2018-08-22,46.59489440917969,51.150001525878906,51.529998779296875,50.93000030517578,50.93000030517578,149300
2018-08-23,47.086795806884766,51.689998626708984,51.93000030517578,50.7400016784668,51.060001373291016,143500
2018-08-24,48.24370574951172,52.959999084472656,53.130001068115234,51.689998626708984,51.689998626708984,155400
2018-08-27,48.170833587646484,52.880001068115234,53.400001525878906,52.43000030517578,53.04999923706055,140800
2018-08-28,48.45322036743164,53.189998626708984,53.31999969482422,52.34000015258789,52.91999816894531,119800
2018-08-29,48.93601608276367,53.720001220703125,54.59000015258789,52.81999969482422,52.81999969482422,305700
2018-08-30,49.692108154296875,54.54999923706055,55.40999984741211,53.279998779296875,53.66999816894531,304700
2018-08-31,50.138465881347656,55.040000915527344,55.16999816894531,53.810001373291016,54.2400016784668,226900
2018-09-04,47.95220184326172,52.63999938964844,54.97999954223633,52.33000183105469,54.97999954223633,307800
2018-09-05,47.369197845458984,52.0,52.5,50.900001525878906,52.5,225100
2018-09-06,47.05947494506836,51.65999984741211,52.119998931884766,50.97999954223633,52.119998931884766,115700
2018-09-07,48.6171875,53.369998931884766,53.529998779296875,50.95000076293945,51.380001068115234,237800
2018-09-10,49.76498794555664,54.630001068115234,54.9900016784668,53.25,53.40999984741211,228600
2018-09-11,49.464359283447266,54.29999923706055,54.959999084472656,53.939998626708984,54.5,131000
2018-09-12,50.156700134277344,55.060001373291016,55.09000015258789,53.4900016784668,54.29999923706055,144400
2018-09-13,49.737640380859375,54.599998474121094,55.599998474121094,54.34000015258789,55.290000915527344,115100
2018-09-14,49.273067474365234,54.09000015258789,55.7599983215332,54.06999969482422,54.630001068115234,217100
2018-09-17,46.877288818359375,51.459999084472656,54.0,51.38999938964844,54.0,295500
2018-09-18,46.8226203918457,51.400001525878906,52.16999816894531,51.279998779296875,51.459999084472656,208500
2018-09-19,46.813507080078125,51.38999938964844,51.4900016784668,49.58000183105469,51.36000061035156,282000
2018-09-20,47.86109924316406,52.540000915527344,52.59000015258789,51.29999923706055,51.689998626708984,195900
2018-09-21,47.82465744018555,52.5,52.939998626708984,52.380001068115234,52.599998474121094,618800
2018-09-24,48.39856719970703,53.130001068115234,53.20000076293945,51.47999954223633,52.20000076293945,144400
2018-09-25,49.40971374511719,54.2400016784668,54.630001068115234,52.959999084472656,53.08000183105469,142900
2018-09-26,49.50080871582031,54.34000015258789,54.779998779296875,53.84000015258789,54.47999954223633,143200
2018-09-27,47.970420837402344,52.65999984741211,54.68000030517578,52.61000061035156,54.40999984741211,239200
2018-09-28,49.71943664550781,54.58000183105469,54.81999969482422,52.54999923706055,52.560001373291016,337300
2018-10-01,49.692108154296875,54.54999923706055,55.540000915527344,54.439998626708984,55.0,212900
2018-10-02,47.460289001464844,52.099998474121094,54.58000183105469,51.709999084472656,54.58000183105469,255100
2018-10-03,46.6768798828125,51.2400016784668,52.290000915527344,50.58000183105469,52.290000915527344,273400
2018-10-04,46.312503814697266,50.84000015258789,51.16999816894531,49.56999969482422,51.16999816894531,219200
2018-10-05,45.28313064575195,49.709999084472656,51.540000915527344,48.86000061035156,50.970001220703125,342500
2018-10-08,44.873199462890625,49.2599983215332,49.79999923706055,47.83000183105469,49.36000061035156,253100
2018-10-09,44.54526138305664,48.900001525878906,50.0,48.56999969482422,49.029998779296875,193200
2018-10-10,42.55029296875,46.709999084472656,48.58000183105469,46.54999923706055,48.58000183105469,286700
2018-10-11,42.313446044921875,46.45000076293945,47.65999984741211,46.150001525878906,46.349998474121094,235800
2018-10-12,43.28815460205078,47.52000045776367,48.599998474121094,47.06999969482422,47.650001525878906,269400
2018-10-15,42.86912536621094,47.060001373291016,47.66999816894531,45.79999923706055,47.290000915527344,239200
2018-10-16,44.33574295043945,48.66999816894531,48.779998779296875,47.279998779296875,47.279998779296875,203100
2018-10-17,43.48856735229492,47.7400016784668,48.59000015258789,47.220001220703125,48.560001373291016,153800
2018-10-18,42.14036560058594,46.2599983215332,48.09000015258789,46.18000030517578,47.5099983215332,218000
2018-10-19,40.956138610839844,44.959999084472656,47.209999084472656,44.349998474121094,46.43000030517578,292600
2018-10-22,41.37516784667969,45.41999816894531,46.2400016784668,44.650001525878906,44.91999816894531,163000
2018-10-23,41.88530349731445,45.97999954223633,46.459999084472656,43.70000076293945,44.470001220703125,255200
2018-10-24,40.57353973388672,44.540000915527344,46.20000076293945,44.5,45.79999923706055,315000
2018-10-25,42.0857048034668,46.20000076293945,46.4900016784668,44.20000076293945,44.959999084472656,298300
2018-10-26,40.82860565185547,44.81999969482422,46.40999984741211,44.65999984741211,45.130001068115234,235000
2018-10-29,40.67374038696289,44.650001525878906,46.41999816894531,43.970001220703125,45.59000015258789,729300
2018-10-30,35.5359992980957,39.0099983215332,40.84000015258789,37.099998474121094,39.369998931884766,1258700
2018-10-31,37.239479064941406,40.880001068115234,41.5,39.400001525878906,39.400001525878906,410000
2018-11-01,36.89331817626953,40.5,41.720001220703125,40.29999923706055,41.0,399000
2018-11-02,36.34674072265625,39.900001525878906,40.790000915527344,39.54999923706055,40.63999938964844,368300
2018-11-05,35.72730255126953,39.220001220703125,39.90999984741211,38.400001525878906,39.86000061035156,303300
2018-11-06,34.78902816772461,38.189998626708984,40.02000045776367,38.150001525878906,39.119998931884766,331300
2018-11-07,34.97121810913086,38.38999938964844,39.099998474121094,37.880001068115234,38.20000076293945,271000
2018-11-08,33.969173431396484,37.290000915527344,38.56999969482422,36.83000183105469,38.189998626708984,292300
2018-11-09,34.47019577026367,37.84000015258789,38.36000061035156,36.54999923706055,37.08000183105469,325900
2018-11-12,34.16047286987305,37.5,37.959999084472656,37.08000183105469,37.790000915527344,362600
2018-11-13,34.18779754638672,37.529998779296875,38.099998474121094,37.09000015258789,37.70000076293945,139300
2018-11-14,34.74347686767578,38.13999938964844,38.59000015258789,37.75,37.880001068115234,275000
2018-11-15,35.20806121826172,38.650001525878906,39.04999923706055,37.650001525878906,37.9900016784668,196900
2018-11-16,35.5359992980957,39.0099983215332,39.25,37.880001068115234,38.290000915527344,254200
2018-11-19,34.224239349365234,37.56999969482422,38.869998931884766,37.529998779296875,38.79999923706055,401800
2018-11-20,33.79610061645508,37.099998474121094,38.119998931884766,36.20000076293945,36.91999816894531,252100
2018-11-21,33.74144744873047,37.040000915527344,37.790000915527344,36.83000183105469,37.31999969482422,147900
2018-11-23,33.70499801635742,37.0,37.63999938964844,37.0,37.029998779296875,47800
2018-11-26,34.58863067626953,37.970001220703125,38.2599983215332,37.220001220703125,37.38999938964844,148900
2018-11-27,33.83253860473633,37.13999938964844,38.150001525878906,36.95000076293945,37.77000045776367,159400
2018-11-28,35.46312713623047,38.93000030517578,39.02000045776367,36.779998779296875,37.16999816894531,358100
2018-11-29,34.989437103271484,38.40999984741211,38.9900016784668,38.27000045776367,38.630001068115234,275100
2018-11-30,34.807254791259766,38.209999084472656,38.29999923706055,37.779998779296875,38.16999816894531,276900
2018-12-03,35.91859817504883,39.43000030517578,39.54999923706055,38.040000915527344,38.86000061035156,266000
2018-12-04,34.679710388183594,38.06999969482422,39.4900016784668,38.040000915527344,39.22999954223633,257500
2018-12-06,35.05320739746094,38.47999954223633,38.5,36.91999816894531,37.4900016784668,216700
2018-12-07,34.21513748168945,37.560001373291016,39.29999923706055,37.09000015258789,38.380001068115234,227600
2018-12-10,34.87101364135742,38.279998779296875,38.91999816894531,37.540000915527344,37.70000076293945,254300
2018-12-11,34.45197296142578,37.81999969482422,39.40999984741211,37.38999938964844,38.72999954223633,118200
2018-12-12,34.74347686767578,38.13999938964844,39.2599983215332,38.11000061035156,38.209999084472656,172900
2018-12-13,34.060272216796875,37.38999938964844,38.5,36.9900016784668,38.22999954223633,144200
2018-12-14,33.52281188964844,36.79999923706055,37.81999969482422,36.5099983215332,37.040000915527344,154100
2018-12-17,31.418535232543945,34.4900016784668,36.540000915527344,34.06999969482422,36.540000915527344,372700
2018-12-18,31.873998641967773,34.9900016784668,35.95000076293945,34.5099983215332,34.88999938964844,323900
2018-12-19,31.454957962036133,34.529998779296875,35.459999084472656,34.06999969482422,35.0099983215332,257300
2018-12-20,30.97216796875,34.0,34.689998626708984,33.880001068115234,34.33000183105469,305900
2018-12-21,29.760601043701172,32.66999816894531,34.52000045776367,32.470001220703125,34.02000045776367,777000
2018-12-24,29.62397003173828,32.52000045776367,33.720001220703125,31.770000457763672,32.439998626708984,251400
2018-12-26,32.019752502441406,35.150001525878906,35.290000915527344,32.72999954223633,32.72999954223633,280200
2018-12-27,32.44789505004883,35.619998931884766,35.630001068115234,34.150001525878906,34.54999923706055,137900
2018-12-28,32.557212829589844,35.7400016784668,36.369998931884766,35.33000183105469,35.599998474121094,185300
2018-12-31,32.803165435791016,36.0099983215332,36.459999084472656,35.11000061035156,35.81999969482422,141700
2019-01-02,32.98535919189453,36.209999084472656,36.459999084472656,35.27000045776367,35.349998474121094,271100
2019-01-03,31.045042037963867,34.08000183105469,35.72999954223633,33.900001525878906,35.72999954223633,180100
2019-01-04,32.42057418823242,35.59000015258789,35.869998931884766,34.540000915527344,34.7599983215332,143700
2019-01-07,33.00358200073242,36.22999954223633,36.72999954223633,35.630001068115234,35.630001068115234,165600
2019-01-08,33.52281188964844,36.79999923706055,36.81999969482422,35.900001525878906,36.61000061035156,237400
2019-01-09,34.060272216796875,37.38999938964844,37.52000045776367,36.689998626708984,36.7400016784668,90300
2019-01-10,33.759666442871094,37.060001373291016,37.349998474121094,35.58000183105469,36.91999816894531,138900
2019-01-11,34.2697868347168,37.619998931884766,37.70000076293945,36.88999938964844,36.900001525878906,74400
2019-01-14,33.94184875488281,37.2599983215332,37.68000030517578,37.0,37.29999923706055,76100
2019-01-15,34.297119140625,37.650001525878906,37.93000030517578,37.15999984741211,37.310001373291016,77000
2019-01-16,34.61594772338867,38.0,38.33000183105469,37.5,37.63999938964844,127400
2019-01-17,34.84368896484375,38.25,38.540000915527344,37.900001525878906,37.900001525878906,106100
2019-01-18,35.44490432739258,38.90999984741211,39.02000045776367,37.90999984741211,38.400001525878906,141900
2019-01-22,34.47019577026367,37.84000015258789,39.0099983215332,37.630001068115234,38.77000045776367,165600
2019-01-23,34.8527946472168,38.2599983215332,38.59000015258789,37.63999938964844,38.02000045776367,158800
2019-01-24,35.736419677734375,39.22999954223633,39.349998474121094,38.0099983215332,38.209999084472656,200700
2019-01-25,37.767822265625,41.459999084472656,41.689998626708984,39.5099983215332,39.61000061035156,298300
2019-01-28,37.05729293823242,40.68000030517578,41.68000030517578,40.439998626708984,41.2400016784668,291800
2019-01-29,36.70201110839844,40.290000915527344,41.34000015258789,40.0099983215332,40.68000030517578,299600
2019-01-30,36.829551696777344,40.43000030517578,40.72999954223633,39.66999816894531,40.63999938964844,239400
2019-01-31,36.44694137573242,40.0099983215332,41.029998779296875,39.79999923706055,40.470001220703125,198000
2019-02-01,36.31942367553711,39.869998931884766,40.459999084472656,39.66999816894531,40.0099983215332,135300
2019-02-04,36.091678619384766,39.619998931884766,40.22999954223633,38.9900016784668,39.81999969482422,270800
2019-02-05,36.4833869934082,40.04999923706055,40.220001220703125,39.599998474121094,39.70000076293945,84700
2019-02-06,36.24653625488281,39.790000915527344,40.2599983215332,38.779998779296875,39.95000076293945,141600
2019-02-07,35.96415710449219,39.47999954223633,40.130001068115234,39.16999816894531,39.45000076293945,108100
2019-02-08,36.40140151977539,39.959999084472656,40.09000015258789,39.20000076293945,39.20000076293945,105200
2019-02-11,36.61091995239258,40.189998626708984,40.59000015258789,39.869998931884766,40.040000915527344,125800
2019-02-12,37.75870895385742,41.45000076293945,41.47999954223633,40.400001525878906,40.58000183105469,108000
2019-02-13,37.81336975097656,41.5099983215332,41.75,41.13999938964844,41.65999984741211,129300
2019-02-14,37.722267150878906,41.40999984741211,41.66999816894531,40.93000030517578,41.290000915527344,162100
2019-02-15,38.58768081665039,42.36000061035156,42.529998779296875,41.31999969482422,41.68000030517578,179500
2019-02-19,38.77898025512695,42.56999969482422,43.02000045776367,42.099998474121094,42.099998474121094,178400
2019-02-20,38.72431182861328,42.5099983215332,42.86000061035156,42.099998474121094,42.5,247400
2019-02-21,38.660545349121094,42.439998626708984,42.880001068115234,41.75,42.63999938964844,256200
2019-02-22,38.60589599609375,42.380001068115234,43.459999084472656,42.119998931884766,42.779998779296875,346700
2019-02-25,40.045188903808594,43.959999084472656,44.20000076293945,42.58000183105469,42.619998931884766,414000
2019-02-26,44.08979034423828,48.400001525878906,48.59000015258789,44.5099983215332,45.47999954223633,739000
2019-02-27,42.43185806274414,46.58000183105469,50.09000015258789,46.380001068115234,48.29999923706055,497200
2019-02-28,42.20412826538086,46.33000183105469,47.849998474121094,44.560001373291016,46.38999938964844,483900
2019-03-01,43.50678253173828,47.7599983215332,48.13999938964844,45.91999816894531,46.63999938964844,548000
2019-03-04,42.12214279174805,46.2400016784668,48.029998779296875,45.689998626708984,47.880001068115234,331300
2019-03-05,42.54118728637695,46.70000076293945,47.66999816894531,45.900001525878906,46.08000183105469,350000
2019-03-06,41.64845657348633,45.720001220703125,47.18000030517578,45.540000915527344,46.75,275300
2019-03-07,41.73954772949219,45.81999969482422,46.150001525878906,45.11000061035156,45.630001068115234,253200
2019-03-08,41.13833236694336,45.15999984741211,45.86000061035156,44.7400016784668,45.29999923706055,501400
2019-03-11,42.44097900390625,46.59000015258789,46.66999816894531,44.970001220703125,45.15999984741211,299900
2019-03-12,43.06952667236328,47.279998779296875,47.83000183105469,46.61000061035156,46.7400016784668,209200
2019-03-13,42.7233772277832,46.900001525878906,47.560001373291016,46.650001525878906,47.369998931884766,205700
2019-03-14,41.28407287597656,45.31999969482422,46.93000030517578,45.130001068115234,46.709999084472656,169700
2019-03-15,42.076602935791016,46.189998626708984,46.689998626708984,45.5,45.5099983215332,504600
2019-03-18,42.322547912597656,46.459999084472656,47.27000045776367,46.130001068115234,46.529998779296875,226200
2019-03-19,42.896453857421875,47.09000015258789,47.349998474121094,46.13999938964844,46.72999954223633,172400
2019-03-20,42.195011138916016,46.31999969482422,47.349998474121094,46.099998474121094,47.029998779296875,170400
2019-03-21,42.45008850097656,46.599998474121094,46.7400016784668,46.09000015258789,46.09000015258789,171500
2019-03-22,41.45714569091797,45.5099983215332,46.68000030517578,44.90999984741211,46.220001220703125,175700
2019-03-25,42.331668853759766,46.470001220703125,46.849998474121094,45.290000915527344,45.290000915527344,192500
2019-03-26,41.930843353271484,46.029998779296875,46.72999954223633,45.66999816894531,46.540000915527344,97800
2019-03-27,41.93995666503906,46.040000915527344,46.65999984741211,45.040000915527344,46.15999984741211,112900
2019-03-28,42.45008850097656,46.599998474121094,46.79999923706055,45.83000183105469,46.279998779296875,137200
2019-03-29,42.477413177490234,46.630001068115234,47.09000015258789,46.16999816894531,46.86000061035156,158600
2019-04-01,42.53207015991211,46.689998626708984,47.18000030517578,46.560001373291016,47.0,131100
2019-04-02,42.65960693359375,46.83000183105469,47.09000015258789,46.349998474121094,46.68000030517578,119800
2019-04-03,42.9875373840332,47.189998626708984,47.79999923706055,47.0,47.16999816894531,117200
2019-04-04,43.060420989990234,47.27000045776367,47.45000076293945,46.75,47.15999984741211,270100
2019-04-05,43.23350143432617,47.459999084472656,47.81999969482422,47.189998626708984,47.52000045776367,164900
2019-04-08,43.08775329589844,47.29999923706055,47.380001068115234,46.939998626708984,47.29999923706055,89300
2019-04-09,42.759803771972656,46.939998626708984,47.43000030517578,46.77000045776367,47.08000183105469,118600
2019-04-10,43.23350143432617,47.459999084472656,47.63999938964844,46.779998779296875,47.0,167200
2019-04-11,42.83268356323242,47.02000045776367,47.560001373291016,46.959999084472656,47.5099983215332,110900
2019-04-12,42.322547912597656,46.459999084472656,47.34000015258789,46.310001373291016,47.099998474121094,115700
2019-04-15,43.060420989990234,47.27000045776367,47.33000183105469,46.52000045776367,46.540000915527344,110200
2019-04-16,43.843833923339844,48.130001068115234,48.189998626708984,47.119998931884766,47.5099983215332,271600
2019-04-17,42.97843933105469,47.18000030517578,48.34000015258789,47.06999969482422,48.22999954223633,192000
2019-04-18,42.11302947998047,46.22999954223633,47.130001068115234,45.97999954223633,47.130001068115234,160300
2019-04-22,41.73954772949219,45.81999969482422,46.02000045776367,45.18000030517578,46.02000045776367,164600
2019-04-23,42.03105163574219,46.13999938964844,46.97999954223633,45.7599983215332,46.060001373291016,259200
2019-04-24,41.69400405883789,45.77000045776367,46.630001068115234,45.650001525878906,46.099998474121094,447800
2019-04-25,38.30528259277344,42.04999923706055,43.119998931884766,37.900001525878906,38.849998474121094,626200
2019-04-26,38.04110336303711,41.7599983215332,43.58000183105469,41.5099983215332,41.900001525878906,254900
2019-04-29,37.45810317993164,41.119998931884766,42.209999084472656,40.68000030517578,41.77000045776367,281400
2019-04-30,36.847774505615234,40.45000076293945,41.27000045776367,40.15999984741211,41.029998779296875,269200
2019-05-01,36.89331817626953,40.5,41.11000061035156,40.34000015258789,40.689998626708984,320000
2019-05-02,36.87508773803711,40.47999954223633,41.040000915527344,40.130001068115234,40.470001220703125,126800
2019-05-03,36.95707321166992,40.56999969482422,40.95000076293945,40.34000015258789,40.400001525878906,202100
2019-05-06,36.89331817626953,40.5,40.88999938964844,39.470001220703125,39.68000030517578,175200
2019-05-07,36.79310989379883,40.38999938964844,40.470001220703125,39.84000015258789,40.189998626708984,262000
2019-05-08,36.629146575927734,40.209999084472656,40.84000015258789,40.029998779296875,40.25,177600
2019-05-09,36.62002944946289,40.20000076293945,40.439998626708984,38.70000076293945,39.709999084472656,292000
2019-05-10,36.328529357910156,39.880001068115234,40.119998931884766,39.0,40.060001373291016,178000
2019-05-13,35.61799621582031,39.099998474121094,39.349998474121094,38.38999938964844,38.97999954223633,213400
2019-05-14,36.40140151977539,39.959999084472656,40.43000030517578,39.310001373291016,39.310001373291016,194300
2019-05-15,37.15748977661133,40.790000915527344,41.04999923706055,39.599998474121094,39.599998474121094,154300
2019-05-16,36.938865661621094,40.54999923706055,41.150001525878906,40.43000030517578,40.84000015258789,139200
2019-05-17,36.41051483154297,39.970001220703125,40.86000061035156,39.59000015258789,40.04999923706055,148900
2019-05-20,35.55421447753906,39.029998779296875,39.72999954223633,38.95000076293945,39.599998474121094,194700
2019-05-21,35.517791748046875,38.9900016784668,39.439998626708984,38.880001068115234,39.36000061035156,162300
2019-05-22,35.49045181274414,38.959999084472656,39.34000015258789,38.849998474121094,38.880001068115234,129000
2019-05-23,35.32649612426758,38.779998779296875,39.0099983215332,38.29999923706055,38.529998779296875,167500
2019-05-24,35.23539352416992,38.68000030517578,39.310001373291016,38.65999984741211,39.02000045776367,151600
2019-05-28,35.153419494628906,38.59000015258789,39.189998626708984,38.5,38.68000030517578,282000
2019-05-29,35.171627044677734,38.61000061035156,38.869998931884766,38.20000076293945,38.47999954223633,176700
2019-05-30,34.679710388183594,38.06999969482422,39.13999938964844,37.68000030517578,38.68000030517578,193000
2019-05-31,34.67060470581055,38.060001373291016,38.63999938964844,37.439998626708984,37.709999084472656,164000
2019-06-03,34.807254791259766,38.209999084472656,38.5,37.540000915527344,38.02000045776367,164200
2019-06-04,35.299156188964844,38.75,39.029998779296875,38.33000183105469,38.41999816894531,167600
2019-06-05,34.9985466003418,38.41999816894531,39.09000015258789,37.79999923706055,39.09000015258789,105600
2019-06-06,34.62506103515625,38.0099983215332,38.45000076293945,37.81999969482422,38.40999984741211,91900
2019-06-07,34.989437103271484,38.40999984741211,38.54999923706055,38.029998779296875,38.119998931884766,112400
2019-06-10,35.61799621582031,39.099998474121094,39.47999954223633,38.40999984741211,38.5,119300
2019-06-11,35.52690124511719,39.0,39.709999084472656,38.959999084472656,39.40999984741211,121500
2019-06-12,35.5359992980957,39.0099983215332,39.45000076293945,38.459999084472656,39.02000045776367,112100
2019-06-13,35.81839370727539,39.31999969482422,39.59000015258789,39.18000030517578,39.18000030517578,107400
2019-06-14,35.5086669921875,38.97999954223633,39.2599983215332,38.459999084472656,39.25,97100
2019-06-17,35.590667724609375,39.06999969482422,39.459999084472656,38.939998626708984,39.099998474121094,130500
2019-06-18,36.000579833984375,39.52000045776367,40.13999938964844,39.33000183105469,39.369998931884766,108200
2019-06-19,36.22832107543945,39.77000045776367,39.83000183105469,39.18000030517578,39.599998474121094,102800
2019-06-20,36.292091369628906,39.84000015258789,40.540000915527344,39.439998626708984,40.189998626708984,92200
2019-06-21,36.437835693359375,40.0,40.22999954223633,39.41999816894531,39.650001525878906,178100
2019-06-24,36.89331817626953,40.5,40.560001373291016,39.709999084472656,40.02000045776367,185700
2019-06-25,36.08256530761719,39.61000061035156,40.5099983215332,39.529998779296875,40.5099983215332,131000
2019-06-26,34.397315979003906,37.7599983215332,40.40999984741211,37.2400016784668,39.65999984741211,304300
2019-06-27,35.454017639160156,38.91999816894531,39.18000030517578,37.7599983215332,37.970001220703125,153100
2019-06-28,35.69997787475586,39.189998626708984,39.20000076293945,38.619998931884766,38.93000030517578,435100
2019-07-01,35.590667724609375,39.06999969482422,40.040000915527344,39.06999969482422,39.75,223800
2019-07-02,35.299156188964844,38.75,39.20000076293945,37.619998931884766,39.029998779296875,170700
2019-07-03,34.770809173583984,38.16999816894531,38.959999084472656,38.06999969482422,38.83000183105469,75700
2019-07-05,34.96210861206055,38.380001068115234,38.400001525878906,37.220001220703125,37.91999816894531,162400
2019-07-08,34.35177993774414,37.709999084472656,38.099998474121094,36.900001525878906,38.099998474121094,233200
2019-07-09,34.23335266113281,37.58000183105469,38.15999984741211,37.45000076293945,37.4900016784668,158100
2019-07-10,35.03498458862305,38.459999084472656,38.65999984741211,37.41999816894531,37.70000076293945,135600
2019-07-11,34.91655349731445,38.33000183105469,38.59000015258789,37.849998474121094,38.36000061035156,92400
2019-07-12,35.4358024597168,38.900001525878906,39.02000045776367,38.380001068115234,38.380001068115234,159500
2019-07-15,35.517791748046875,38.9900016784668,39.310001373291016,38.70000076293945,39.08000183105469,245500
2019-07-16,35.64531707763672,39.130001068115234,39.400001525878906,38.90999984741211,39.040000915527344,121800
2019-07-17,35.39935302734375,38.86000061035156,39.560001373291016,38.75,39.16999816894531,142600
2019-07-18,35.517791748046875,38.9900016784668,39.060001373291016,38.619998931884766,38.810001373291016,132300
2019-07-19,35.390254974365234,38.849998474121094,39.599998474121094,38.779998779296875,39.0,149700
2019-07-22,35.42668914794922,38.88999938964844,39.290000915527344,38.77000045776367,38.88999938964844,124100
2019-07-23,35.54511260986328,39.02000045776367,39.34000015258789,38.720001220703125,39.08000183105469,151400
2019-07-24,35.900386810302734,39.40999984741211,39.72999954223633,38.93000030517578,38.97999954223633,211000
2019-07-25,35.891273498535156,39.400001525878906,39.81999969482422,39.220001220703125,39.43000030517578,138200
2019-07-26,36.328529357910156,39.880001068115234,40.31999969482422,39.630001068115234,39.720001220703125,150800
2019-07-29,35.96415710449219,39.47999954223633,39.959999084472656,39.119998931884766,39.959999084472656,167100
2019-07-30,34.91655349731445,38.33000183105469,39.54999923706055,38.290000915527344,39.34000015258789,223900
2019-07-31,34.953006744384766,38.369998931884766,39.720001220703125,37.79999923706055,38.38999938964844,258300
2019-08-01,34.82545852661133,38.22999954223633,39.40999984741211,37.88999938964844,38.43000030517578,196900
2019-08-02,34.86191177368164,38.27000045776367,38.529998779296875,37.65999984741211,38.0,149100
2019-08-05,34.278907775878906,37.630001068115234,38.20000076293945,37.13999938964844,37.540000915527344,537100
2019-08-06,31.309221267700195,34.369998931884766,35.83000183105469,34.130001068115234,34.79999923706055,800900
2019-08-07,31.728246688842773,34.83000183105469,35.029998779296875,33.2599983215332,33.400001525878906,411500
2019-08-08,32.72118377685547,35.91999816894531,36.16999816894531,34.68000030517578,35.099998474121094,216200
2019-08-09,31.464075088500977,34.540000915527344,35.72999954223633,34.369998931884766,35.72999954223633,239500
2019-08-12,31.02682876586914,34.060001373291016,34.810001373291016,33.66999816894531,34.439998626708984,148800
2019-08-13,32.17461395263672,35.31999969482422,35.4900016784668,33.54999923706055,34.02000045776367,275900
2019-08-14,31.072362899780273,34.11000061035156,34.970001220703125,33.9900016784668,34.880001068115234,225000
2019-08-15,31.08146858215332,34.119998931884766,34.58000183105469,33.849998474121094,34.220001220703125,173400
2019-08-16,31.57339096069336,34.65999984741211,34.88999938964844,34.29999923706055,34.43000030517578,190800
2019-08-19,31.801122665405273,34.90999984741211,35.5,34.88999938964844,35.029998779296875,161500
2019-08-20,31.564287185668945,34.650001525878906,35.11000061035156,34.5,34.88999938964844,156600
2019-08-21,31.491411209106445,34.56999969482422,35.290000915527344,34.130001068115234,35.040000915527344,309100
2019-08-22,32.274818420410156,35.43000030517578,35.810001373291016,34.529998779296875,34.7599983215332,263900
2019-08-23,31.79201316833496,34.900001525878906,35.4900016784668,34.779998779296875,35.11000061035156,215900
2019-08-26,31.8466739654541,34.959999084472656,35.290000915527344,34.72999954223633,35.119998931884766,185400
2019-08-27,31.309221267700195,34.369998931884766,35.29999923706055,34.189998626708984,35.22999954223633,116300
2019-08-28,31.937772750854492,35.060001373291016,35.2599983215332,34.2599983215332,34.2599983215332,154800
2019-08-29,32.64829635620117,35.84000015258789,36.099998474121094,35.439998626708984,35.439998626708984,199100
2019-08-30,31.983318328857422,35.11000061035156,36.2400016784668,34.97999954223633,35.959999084472656,252700
2019-09-03,30.87196922302246,33.88999938964844,34.880001068115234,33.75,34.880001068115234,217000
2019-09-04,31.290990829467773,34.349998474121094,34.47999954223633,33.849998474121094,34.20000076293945,114700
2019-09-05,32.147281646728516,35.290000915527344,35.790000915527344,34.650001525878906,34.720001220703125,143200
2019-09-06,32.0379753112793,35.16999816894531,35.81999969482422,35.119998931884766,35.349998474121094,108200
2019-09-09,32.402339935302734,35.56999969482422,35.75,35.06999969482422,35.310001373291016,158800
2019-09-10,32.830501556396484,36.040000915527344,36.189998626708984,35.40999984741211,35.439998626708984,177600
2019-09-11,33.668556213378906,36.959999084472656,37.369998931884766,35.93000030517578,36.27000045776367,167400
2019-09-12,33.97827911376953,37.29999923706055,37.720001220703125,36.5,37.150001525878906,142600
2019-09-13,34.32444381713867,37.68000030517578,37.95000076293945,37.36000061035156,37.4900016784668,141100
2019-09-16,34.770809173583984,38.16999816894531,38.33000183105469,37.099998474121094,37.380001068115234,137800
2019-09-17,33.94184875488281,37.2599983215332,38.13999938964844,36.939998626708984,38.11000061035156,159500
2019-09-18,33.14021682739258,36.380001068115234,37.380001068115234,35.84000015258789,37.380001068115234,226400
2019-09-19,32.90337371826172,36.119998931884766,37.060001373291016,36.04999923706055,36.439998626708984,166100
2019-09-20,33.46815872192383,36.7400016784668,36.93000030517578,36.06999969482422,36.06999969482422,342400
2019-09-23,32.74850845336914,35.95000076293945,36.619998931884766,35.77000045776367,36.45000076293945,154500
2019-09-24,31.873998641967773,34.9900016784668,36.38999938964844,34.599998474121094,36.06999969482422,160000
2019-09-25,32.475223541259766,35.650001525878906,35.650001525878906,34.380001068115234,34.880001068115234,208700
2019-09-26,32.265708923339844,35.41999816894531,35.599998474121094,34.86000061035156,35.599998474121094,98300
2019-09-27,32.229270935058594,35.380001068115234,36.470001220703125,35.060001373291016,35.56999969482422,179800
2019-09-30,32.90337371826172,36.119998931884766,36.31999969482422,35.22999954223633,35.38999938964844,192200
2019-10-01,32.74850845336914,35.95000076293945,36.97999954223633,35.93000030517578,36.34000015258789,149800
2019-10-02,32.475223541259766,35.650001525878906,36.11000061035156,35.41999816894531,35.41999816894531,146000
2019-10-03,32.46611022949219,35.63999938964844,35.66999816894531,34.810001373291016,35.47999954223633,185900
2019-10-04,32.97624969482422,36.20000076293945,36.43000030517578,35.68000030517578,35.7599983215332,161700
2019-10-07,32.51166534423828,35.689998626708984,36.060001373291016,35.400001525878906,36.0099983215332,194100
2019-10-08,31.6007137298584,34.689998626708984,35.59000015258789,34.650001525878906,35.459999084472656,219600
2019-10-09,32.147281646728516,35.290000915527344,35.79999923706055,34.79999923706055,34.97999954223633,150500
2019-10-10,31.85577964782715,34.970001220703125,35.72999954223633,34.56999969482422,35.29999923706055,125000
2019-10-11,32.29303741455078,35.45000076293945,36.29999923706055,35.25,35.529998779296875,195300
2019-10-14,31.363872528076172,34.43000030517578,35.279998779296875,33.93000030517578,35.279998779296875,192900
2019-10-15,32.29303741455078,35.45000076293945,35.720001220703125,34.439998626708984,34.439998626708984,192900
2019-10-16,31.773799896240234,34.880001068115234,35.93000030517578,34.7599983215332,35.36000061035156,140300
2019-10-17,32.29303741455078,35.45000076293945,35.529998779296875,35.02000045776367,35.09000015258789,137600
2019-10-18,31.300100326538086,34.36000061035156,35.290000915527344,34.349998474121094,35.290000915527344,157800
2019-10-21,31.828460693359375,34.939998626708984,35.38999938964844,34.68000030517578,34.72999954223633,115000
2019-10-22,32.11994934082031,35.2599983215332,35.41999816894531,34.75,34.900001525878906,94600
2019-10-23,32.6938591003418,35.88999938964844,35.95000076293945,35.040000915527344,35.2599983215332,104400
2019-10-24,33.59568786621094,36.880001068115234,36.90999984741211,35.77000045776367,35.79999923706055,204400
2019-10-25,33.11288070678711,36.349998474121094,37.58000183105469,36.27000045776367,36.65999984741211,240400
2019-10-28,34.6888313293457,38.08000183105469,38.099998474121094,36.290000915527344,36.560001373291016,259400
2019-10-29,35.372039794921875,38.83000183105469,39.09000015258789,37.65999984741211,37.849998474121094,371000
2019-10-30,37.43988037109375,41.099998474121094,41.439998626708984,38.650001525878906,38.709999084472656,808600
2019-10-31,36.966190338134766,40.58000183105469,40.9900016784668,40.029998779296875,40.95000076293945,356400
2019-11-01,37.78604507446289,41.47999954223633,41.630001068115234,40.59000015258789,40.779998779296875,295200
2019-11-04,39.015830993652344,42.83000183105469,43.630001068115234,41.709999084472656,41.790000915527344,593100
2019-11-05,39.689910888671875,43.56999969482422,45.97999954223633,42.15999984741211,43.459999084472656,882400
2019-11-06,38.5239143371582,42.290000915527344,43.810001373291016,41.68000030517578,43.4900016784668,406300
2019-11-07,38.095767974853516,41.81999969482422,42.709999084472656,41.58000183105469,42.380001068115234,297700
2019-11-08,38.28706359863281,42.029998779296875,42.41999816894531,41.41999816894531,41.68000030517578,273400
2019-11-11,38.077545166015625,41.79999923706055,41.91999816894531,41.29999923706055,41.689998626708984,182600
2019-11-12,37.74959945678711,41.439998626708984,41.84000015258789,41.040000915527344,41.84000015258789,250400
2019-11-13,37.77693557739258,41.470001220703125,41.4900016784668,40.279998779296875,41.220001220703125,360900
2019-11-14,37.92267990112305,41.630001068115234,42.099998474121094,40.970001220703125,41.310001373291016,227900
2019-11-15,38.43281555175781,42.189998626708984,42.20000076293945,41.040000915527344,41.970001220703125,237000
2019-11-18,38.551231384277344,42.31999969482422,42.95000076293945,41.0099983215332,42.22999954223633,225400
2019-11-19,38.77898025512695,42.56999969482422,42.68000030517578,41.619998931884766,42.33000183105469,245500
2019-11-20,38.1322021484375,41.86000061035156,42.54999923706055,41.599998474121094,42.47999954223633,222600
2019-11-21,37.62207794189453,41.29999923706055,42.09000015258789,41.04999923706055,42.040000915527344,532600
2019-11-22,37.2850227355957,40.93000030517578,41.349998474121094,40.560001373291016,41.349998474121094,290600
2019-11-25,37.96822738647461,41.68000030517578,42.09000015258789,40.900001525878906,41.0099983215332,226300
2019-11-26,38.33261489868164,42.08000183105469,42.38999938964844,41.06999969482422,41.310001373291016,209700
2019-11-27,38.1322021484375,41.86000061035156,42.54999923706055,41.75,42.29999923706055,137200
2019-11-29,37.877140045166016,41.58000183105469,42.040000915527344,41.45000076293945,41.84000015258789,96300
2019-12-02,38.24150848388672,41.97999954223633,42.02000045776367,41.0099983215332,41.720001220703125,177300
2019-12-03,38.94293975830078,42.75,43.11000061035156,41.349998474121094,41.45000076293945,270300
2019-12-04,39.69902420043945,43.58000183105469,44.130001068115234,42.869998931884766,43.04999923706055,299800
2019-12-05,39.25266647338867,43.09000015258789,43.93000030517578,42.970001220703125,43.72999954223633,228400
2019-12-06,39.498619079589844,43.36000061035156,43.939998626708984,42.939998626708984,43.619998931884766,176900
2019-12-09,38.6696662902832,42.45000076293945,43.2400016784668,42.290000915527344,43.189998626708984,142200
2019-12-10,38.42369842529297,42.18000030517578,43.02000045776367,42.0,42.5,191900
2019-12-11,38.40548324584961,42.15999984741211,42.5099983215332,41.959999084472656,42.20000076293945,149600
2019-12-12,38.624114990234375,42.400001525878906,42.88999938964844,41.939998626708984,42.029998779296875,136200
2019-12-13,38.560340881347656,42.33000183105469,42.70000076293945,41.93000030517578,42.31999969482422,99600
2019-12-16,38.323509216308594,42.06999969482422,42.90999984741211,41.88999938964844,42.650001525878906,149700
2019-12-17,38.715206146240234,42.5,42.869998931884766,41.63999938964844,42.060001373291016,155000
2019-12-18,38.952049255371094,42.7599983215332,43.18000030517578,42.400001525878906,42.52000045776367,134200
2019-12-19,38.6696662902832,42.45000076293945,42.79999923706055,42.22999954223633,42.709999084472656,140000
2019-12-20,39.04314422607422,42.86000061035156,43.13999938964844,42.29999923706055,42.5099983215332,438700
2019-12-23,39.11602783203125,42.939998626708984,43.22999954223633,42.41999816894531,42.66999816894531,123400
2019-12-24,38.92472457885742,42.72999954223633,43.369998931884766,42.59000015258789,43.02000045776367,80100
2019-12-26,39.58971405029297,43.459999084472656,43.58000183105469,42.619998931884766,42.630001068115234,79500
2019-12-27,39.343753814697266,43.189998626708984,43.61000061035156,43.150001525878906,43.45000076293945,73400
2019-12-30,38.94293975830078,42.75,43.25,42.43000030517578,43.25,101300
2019-12-31,39.06136703491211,42.880001068115234,43.029998779296875,42.36000061035156,42.630001068115234,115000
2020-01-02,38.906490325927734,42.709999084472656,43.369998931884766,42.060001373291016,43.11000061035156,227000
2020-01-03,39.28910446166992,43.130001068115234,43.529998779296875,42.060001373291016,42.11000061035156,195100
2020-01-06,39.134239196777344,42.959999084472656,43.279998779296875,42.56999969482422,42.790000915527344,132100
2020-01-07,39.42573928833008,43.279998779296875,43.529998779296875,42.81999969482422,42.84000015258789,106700
2020-01-08,39.52595138549805,43.38999938964844,43.709999084472656,43.11000061035156,43.16999816894531,116000
2020-01-09,39.343753814697266,43.189998626708984,43.7599983215332,43.099998474121094,43.58000183105469,101100
2020-01-10,39.2708854675293,43.11000061035156,43.310001373291016,42.810001373291016,43.16999816894531,91700
2020-01-13,39.89944076538086,43.79999923706055,43.849998474121094,43.099998474121094,43.119998931884766,91300
2020-01-14,40.44600296020508,44.400001525878906,44.619998931884766,43.45000076293945,43.720001220703125,131800
2020-01-15,40.44600296020508,44.400001525878906,44.849998474121094,44.119998931884766,44.13999938964844,124500
2020-01-16,40.85593032836914,44.849998474121094,45.13999938964844,44.52000045776367,44.58000183105469,128400
2020-01-17,41.04723358154297,45.060001373291016,45.31999969482422,44.709999084472656,45.119998931884766,116200
2020-01-21,40.57353973388672,44.540000915527344,44.97999954223633,43.91999816894531,44.779998779296875,129200
2020-01-22,40.53709411621094,44.5,45.0,44.349998474121094,44.59000015258789,85900
2020-01-23,40.77394104003906,44.7599983215332,44.939998626708984,44.040000915527344,44.25,109500
2020-01-24,40.327579498291016,44.27000045776367,44.959999084472656,43.7400016784668,44.88999938964844,113300
2020-01-27,40.06340789794922,43.97999954223633,44.68000030517578,43.5,43.529998779296875,118900
2020-01-28,40.3458137512207,44.290000915527344,45.0,44.06999969482422,44.25,140700
2020-01-29,40.33668899536133,44.279998779296875,44.54999923706055,43.810001373291016,44.310001373291016,69800
2020-01-30,40.28203582763672,44.220001220703125,44.380001068115234,43.72999954223633,43.790000915527344,83100
2020-01-31,39.47128677368164,43.33000183105469,44.15999984741211,43.16999816894531,44.08000183105469,121900
2020-02-03,39.188899993896484,43.02000045776367,43.88999938964844,42.97999954223633,43.529998779296875,130700
2020-02-04,39.9996337890625,43.90999984741211,44.13999938964844,43.380001068115234,43.65999984741211,100400
2020-02-05,40.327579498291016,44.27000045776367,44.66999816894531,43.619998931884766,44.29999923706055,120300
2020-02-06,40.60086441040039,44.56999969482422,44.959999084472656,44.290000915527344,44.470001220703125,127900
2020-02-07,40.09073257446289,44.0099983215332,44.38999938964844,43.72999954223633,44.349998474121094,101700
2020-02-10,40.20915985107422,44.13999938964844,44.25,43.40999984741211,44.02000045776367,106500
2020-02-11,40.16361618041992,44.09000015258789,44.810001373291016,44.0099983215332,44.4900016784668,109400
2020-02-12,40.42778015136719,44.380001068115234,45.09000015258789,44.040000915527344,44.45000076293945,247500
2020-02-13,36.947975158691406,40.560001373291016,42.43000030517578,39.099998474121094,40.72999954223633,588500
2020-02-14,37.41255569458008,41.06999969482422,41.150001525878906,40.369998931884766,40.869998931884766,320200
2020-02-18,37.2850227355957,40.93000030517578,41.310001373291016,40.220001220703125,40.86000061035156,207400
2020-02-19,37.95911407470703,41.66999816894531,42.43000030517578,40.779998779296875,41.040000915527344,285000
2020-02-20,38.077545166015625,41.79999923706055,42.119998931884766,41.349998474121094,41.56999969482422,148000
2020-02-21,37.41255569458008,41.06999969482422,41.810001373291016,41.0,41.630001068115234,115400
2020-02-24,37.10282516479492,40.72999954223633,40.880001068115234,39.68000030517578,40.08000183105469,154900
2020-02-25,37.5765266418457,41.25,41.540000915527344,40.5099983215332,40.75,363700
2020-02-26,37.21213912963867,40.849998474121094,42.060001373291016,40.630001068115234,41.439998626708984,165000
2020-02-27,35.6088752746582,39.09000015258789,40.9900016784668,39.029998779296875,40.20000076293945,242700
2020-02-28,35.10786819458008,38.540000915527344,39.25,37.619998931884766,38.099998474121094,284300
2020-03-02,35.3629264831543,38.81999969482422,39.130001068115234,37.88999938964844,38.810001373291016,174400
2020-03-03,34.30623245239258,37.65999984741211,39.47999954223633,37.11000061035156,38.900001525878906,283300
2020-03-04,34.159820556640625,37.33000183105469,38.04999923706055,36.790000915527344,37.95000076293945,335500
2020-03-05,34.946781158447266,38.189998626708984,38.41999816894531,36.2599983215332,36.540000915527344,253200
2020-03-06,34.772918701171875,38.0,38.18000030517578,36.68000030517578,37.310001373291016,226600
2020-03-09,32.37541580200195,35.380001068115234,37.310001373291016,35.25,36.130001068115234,262500
2020-03-10,31.32308006286621,34.22999954223633,36.27000045776367,33.709999084472656,36.27000045776367,372300
2020-03-11,29.84065055847168,32.61000061035156,33.7599983215332,31.90999984741211,33.7599983215332,329100
2020-03-12,27.434001922607422,29.979999542236328,32.06999969482422,29.260000228881836,30.959999084472656,461800
2020-03-13,30.929595947265625,33.79999923706055,33.79999923706055,31.450000762939453,31.489999771118164,491700
2020-03-16,27.223535537719727,29.75,31.110000610351562,28.760000228881836,31.110000610351562,388000
2020-03-17,29.529525756835938,32.27000045776367,33.060001373291016,29.059999465942383,30.020000457763672,532700
2020-03-18,31.83551788330078,34.790000915527344,35.63999938964844,31.40999984741211,31.5,510800
2020-03-19,32.02769088745117,35.0,36.52000045776367,33.959999084472656,34.709999084472656,324300
2020-03-20,33.40030288696289,36.5,36.79999923706055,35.119998931884766,35.63999938964844,637900
2020-03-23,34.29707336425781,37.47999954223633,38.29999923706055,36.08000183105469,36.720001220703125,439600
2020-03-24,30.490360260009766,33.31999969482422,39.34000015258789,33.0,38.47999954223633,399200
2020-03-25,27.891538619995117,30.479999542236328,33.349998474121094,30.219999313354492,33.22999954223633,386100
2020-03-26,31.0119571685791,33.88999938964844,33.91999816894531,30.3700008392334,30.559999465942383,415900
2020-03-27,29.218400955200195,31.93000030517578,33.56999969482422,31.81999969482422,33.130001068115234,210300
2020-03-30,29.319063186645508,32.040000915527344,32.599998474121094,31.719999313354492,32.18000030517578,210000
2020-03-31,29.42886734008789,32.15999984741211,33.029998779296875,31.280000686645508,32.0,283500
2020-04-01,27.07712173461914,29.59000015258789,32.9900016784668,29.3700008392334,31.3799991607666,216600
2020-04-02,29.23670768737793,31.950000762939453,32.13999938964844,29.110000610351562,29.549999237060547,228000
2020-04-03,29.346513748168945,32.06999969482422,32.66999816894531,30.649999618530273,31.600000381469727,182600
2020-04-06,30.307350158691406,33.119998931884766,33.59000015258789,32.58000183105469,33.529998779296875,357700
2020-04-07,30.005367279052734,32.790000915527344,34.5,32.470001220703125,33.90999984741211,289300
2020-04-08,31.43288230895996,34.349998474121094,35.529998779296875,33.0099983215332,33.20000076293945,241500
2020-04-09,31.890426635742188,34.849998474121094,35.900001525878906,34.349998474121094,34.959999084472656,213600
2020-04-13,31.496932983398438,34.41999816894531,34.88999938964844,33.9900016784668,34.47999954223633,259100
2020-04-14,32.366268157958984,35.369998931884766,35.790000915527344,34.9900016784668,35.15999984741211,198800
2020-04-15,31.570146560668945,34.5,35.52000045776367,33.84000015258789,34.43000030517578,230400
2020-04-16,31.176664352416992,34.06999969482422,35.06999969482422,33.91999816894531,34.650001525878906,257800
2020-04-17,32.84211349487305,35.88999938964844,35.88999938964844,34.63999938964844,34.72999954223633,280600
2020-04-20,31.542701721191406,34.470001220703125,36.25,34.099998474121094,35.630001068115234,335300
2020-04-21,32.091739654541016,35.06999969482422,35.470001220703125,33.779998779296875,34.09000015258789,157300
2020-04-22,33.464359283447266,36.56999969482422,36.65999984741211,35.43000030517578,35.75,225800
2020-04-23,33.80293273925781,36.939998626708984,37.5099983215332,36.33000183105469,36.810001373291016,287300
2020-04-24,34.470947265625,37.66999816894531,37.79999923706055,36.65999984741211,37.08000183105469,200800
2020-04-27,35.59648513793945,38.900001525878906,39.619998931884766,37.84000015258789,37.880001068115234,392200
2020-04-28,35.138946533203125,38.400001525878906,39.86000061035156,36.5,39.29999923706055,393000
2020-04-29,35.08404541015625,38.34000015258789,39.189998626708984,36.91999816894531,39.189998626708984,244800
2020-04-30,34.772918701171875,38.0,38.40999984741211,37.040000915527344,37.79999923706055,335800
2020-05-01,33.290496826171875,36.380001068115234,37.15999984741211,36.11000061035156,37.02000045776367,242500
2020-05-04,32.4943733215332,35.5099983215332,36.7400016784668,35.279998779296875,35.97999954223633,219100
2020-05-05,33.208133697509766,36.290000915527344,36.97999954223633,35.119998931884766,35.119998931884766,203500
2020-05-06,34.12321090698242,37.290000915527344,37.599998474121094,36.68000030517578,36.709999084472656,175500
2020-05-07,33.55585861206055,36.66999816894531,38.13999938964844,36.540000915527344,37.72999954223633,179200
2020-05-08,34.086605072021484,37.25,37.75,36.900001525878906,37.2599983215332,160000
2020-05-11,33.62907791137695,36.75,37.47999954223633,35.90999984741211,37.0,232800
2020-05-12,33.89445114135742,37.040000915527344,37.72999954223633,36.709999084472656,36.86000061035156,232600
2020-05-13,32.64078140258789,35.66999816894531,37.31999969482422,35.2599983215332,37.08000183105469,367600
2020-05-14,32.924461364746094,35.97999954223633,36.0,34.5,35.16999816894531,185200
2020-05-15,33.537567138671875,36.650001525878906,37.20000076293945,35.65999984741211,35.83000183105469,612100
2020-05-18,34.03169631958008,37.189998626708984,38.33000183105469,37.0,37.689998626708984,226100
2020-05-19,33.29964065551758,36.38999938964844,37.36000061035156,36.38999938964844,36.790000915527344,182900
2020-05-20,33.19898986816406,36.279998779296875,36.900001525878906,36.0,36.66999816894531,162100
2020-05-21,32.80549621582031,35.849998474121094,36.75,35.77000045776367,36.47999954223633,217000
2020-05-22,32.86955261230469,35.91999816894531,36.119998931884766,35.119998931884766,36.02000045776367,155600
2020-05-26,33.52840805053711,36.63999938964844,37.349998474121094,36.54999923706055,36.54999923706055,157500
2020-05-27,33.940208435058594,37.09000015258789,37.150001525878906,36.2400016784668,37.150001525878906,193600
2020-05-28,33.656524658203125,36.779998779296875,37.59000015258789,36.689998626708984,37.2400016784668,183900
2020-05-29,34.699710845947266,37.91999816894531,37.95000076293945,36.11000061035156,36.66999816894531,433000
2020-06-01,33.97679901123047,37.130001068115234,37.86000061035156,36.93000030517578,37.86000061035156,198900
2020-06-02,33.78463363647461,36.91999816894531,37.560001373291016,36.7599983215332,37.540000915527344,203800
2020-06-03,34.37299728393555,37.38999938964844,37.83000183105469,36.959999084472656,37.220001220703125,161800
2020-06-04,35.16360092163086,38.25,38.380001068115234,36.97999954223633,37.150001525878906,242700
2020-06-05,35.16360092163086,38.25,39.130001068115234,37.95000076293945,38.47999954223633,255000
2020-06-08,35.43019485473633,38.540000915527344,39.11000061035156,38.209999084472656,38.400001525878906,152100
2020-06-09,34.41895294189453,37.439998626708984,38.18000030517578,37.16999816894531,38.02000045776367,162500
2020-06-10,34.23509979248047,37.2400016784668,38.09000015258789,37.13999938964844,37.38999938964844,175100
2020-06-11,33.2606315612793,36.18000030517578,36.83000183105469,36.16999816894531,36.18000030517578,273100
2020-06-12,32.53437423706055,35.38999938964844,37.04999923706055,34.939998626708984,37.0099983215332,240800
2020-06-15,32.97563934326172,35.869998931884766,36.2400016784668,34.560001373291016,34.65999984741211,160400
2020-06-16,33.53643035888672,36.47999954223633,37.119998931884766,35.91999816894531,36.86000061035156,209900
2020-06-17,34.11558151245117,37.11000061035156,37.47999954223633,36.060001373291016,36.540000915527344,233700
2020-06-18,33.15950012207031,36.06999969482422,37.189998626708984,35.95000076293945,36.88999938964844,131300
2020-06-19,32.61711502075195,35.47999954223633,36.77000045776367,35.439998626708984,36.349998474121094,292000
2020-06-22,32.984840393066406,35.880001068115234,35.959999084472656,35.060001373291016,35.31999969482422,162300
2020-06-23,33.10434341430664,36.0099983215332,36.310001373291016,35.779998779296875,36.099998474121094,178500
2020-06-24,32.33212661743164,35.16999816894531,36.15999984741211,35.130001068115234,35.7599983215332,125400
2020-06-25,32.0103759765625,34.81999969482422,35.45000076293945,34.13999938964844,35.119998931884766,146600
2020-06-26,30.93478012084961,33.650001525878906,34.869998931884766,33.56999969482422,34.599998474121094,352200
2020-06-29,31.909244537353516,34.709999084472656,34.709999084472656,33.45000076293945,33.849998474121094,176500
2020-06-30,32.14826965332031,34.970001220703125,35.290000915527344,34.4900016784668,34.4900016784668,295800
2020-07-01,33.22385787963867,36.13999938964844,36.459999084472656,34.7400016784668,34.959999084472656,302700
2020-07-02,33.62834930419922,36.58000183105469,36.970001220703125,36.25,36.58000183105469,199000
2020-07-06,34.244293212890625,37.25,37.45000076293945,36.709999084472656,37.04999923706055,219500
2020-07-07,34.253475189208984,37.2599983215332,37.93000030517578,36.79999923706055,37.04999923706055,179300
2020-07-08,33.977699279785156,36.959999084472656,37.290000915527344,36.619998931884766,37.279998779296875,170800
2020-07-09,34.42815017700195,37.45000076293945,37.619998931884766,36.599998474121094,37.13999938964844,143700
2020-07-10,34.253475189208984,37.2599983215332,37.56999969482422,36.849998474121094,37.56999969482422,102600
2020-07-13,34.13397216796875,37.130001068115234,38.59000015258789,37.119998931884766,37.849998474121094,193800
2020-07-14,33.674312591552734,36.630001068115234,37.099998474121094,36.09000015258789,37.02000045776367,180300
2020-07-15,34.73153305053711,37.779998779296875,37.79999923706055,37.060001373291016,37.220001220703125,163500
2020-07-16,34.81427001953125,37.869998931884766,37.90999984741211,37.349998474121094,37.689998626708984,126000
2020-07-17,34.46493148803711,37.4900016784668,38.0099983215332,37.470001220703125,37.93000030517578,153500
2020-07-20,35.04408645629883,38.119998931884766,38.25,37.310001373291016,37.310001373291016,152600
2020-07-21,35.87147521972656,39.02000045776367,39.220001220703125,38.34000015258789,38.65999984741211,243700
2020-07-22,35.58647918701172,38.709999084472656,38.9900016784668,38.29999923706055,38.91999816894531,168100
2020-07-23,37.471065521240234,40.7599983215332,41.040000915527344,39.349998474121094,39.65999984741211,218400
2020-07-24,38.33522033691406,41.70000076293945,41.79999923706055,40.40999984741211,40.720001220703125,168800
2020-07-27,39.898048400878906,43.400001525878906,43.58000183105469,41.959999084472656,41.959999084472656,324500
2020-07-28,46.93996047973633,51.060001373291016,52.93000030517578,44.5,45.0,1413800
2020-07-29,47.831687927246094,52.029998779296875,52.61000061035156,50.400001525878906,50.4900016784668,431900
2020-07-30,49.532405853271484,53.880001068115234,53.97999954223633,50.70000076293945,50.75,403300
2020-07-31,49.95529556274414,54.34000015258789,54.81999969482422,53.2599983215332,54.20000076293945,558500
2020-08-03,50.43333053588867,54.86000061035156,55.150001525878906,53.7400016784668,54.310001373291016,473500
2020-08-04,50.04722595214844,54.439998626708984,56.13999938964844,54.060001373291016,54.86000061035156,443200
2020-08-05,53.70608139038086,58.41999816894531,59.45000076293945,54.279998779296875,54.279998779296875,544000
2020-08-06,52.54774475097656,57.15999984741211,58.060001373291016,55.81999969482422,58.060001373291016,204200
2020-08-07,53.126914978027344,57.790000915527344,58.900001525878906,56.75,56.75,180900
2020-08-10,52.55693435668945,57.16999816894531,58.27000045776367,56.56999969482422,57.79999923706055,221700
2020-08-11,44.945064544677734,48.88999938964844,54.66999816894531,47.650001525878906,53.599998474121094,1360300
2020-08-12,44.52217483520508,48.43000030517578,51.7400016784668,48.09000015258789,50.470001220703125,2121000
2020-08-13,44.191219329833984,48.06999969482422,48.72999954223633,46.34000015258789,48.41999816894531,688800
2020-08-14,44.15445327758789,48.029998779296875,48.900001525878906,47.83000183105469,48.06999969482422,374300
2020-08-17,44.15445327758789,48.029998779296875,48.5099983215332,47.38999938964844,48.5099983215332,246700
2020-08-18,44.126869201660156,48.0,48.58000183105469,47.5,47.84000015258789,538500
2020-08-19,44.816349029541016,48.75,48.90999984741211,47.43000030517578,48.15999984741211,405300
2020-08-20,45.40470886230469,49.38999938964844,49.65999984741211,47.90999984741211,48.349998474121094,393300
2020-08-21,45.266815185546875,49.2400016784668,50.13999938964844,48.900001525878906,49.41999816894531,267100
2020-08-24,45.165706634521484,49.130001068115234,50.0,48.56999969482422,49.58000183105469,226200
2020-08-25,45.459869384765625,49.45000076293945,49.72999954223633,48.880001068115234,49.0099983215332,147900
2020-08-26,45.47825622558594,49.470001220703125,49.90999984741211,49.29999923706055,49.65999984741211,154000
2020-08-27,44.393470764160156,48.290000915527344,49.70000076293945,48.130001068115234,49.56999969482422,239800
2020-08-28,45.96549606323242,50.0,51.470001220703125,49.86000061035156,50.279998779296875,285800
2020-08-31,46.259674072265625,50.31999969482422,50.41999816894531,49.18000030517578,49.70000076293945,234200
2020-09-01,47.592674255371094,51.77000045776367,51.86000061035156,50.7400016784668,51.0,273900
2020-09-02,47.011592864990234,50.970001220703125,51.880001068115234,50.02000045776367,51.77000045776367,286700
2020-09-03,44.20768356323242,47.93000030517578,50.439998626708984,47.470001220703125,50.439998626708984,466500
2020-09-04,43.949432373046875,47.650001525878906,48.47999954223633,45.70000076293945,48.0,377500
2020-09-08,44.36448669433594,48.099998474121094,48.880001068115234,46.650001525878906,46.650001525878906,370300
2020-09-09,45.2407112121582,49.04999923706055,49.56999969482422,48.20000076293945,48.869998931884766,360800
2020-09-10,44.74263381958008,48.5099983215332,50.13999938964844,48.5,49.4900016784668,279100
2020-09-11,44.79798126220703,48.56999969482422,49.279998779296875,47.970001220703125,48.9900016784668,303000
2020-09-14,45.36061096191406,49.18000030517578,49.88999938964844,48.83000183105469,48.91999816894531,238300
2020-09-15,46.72567367553711,50.65999984741211,50.709999084472656,49.13999938964844,49.720001220703125,319400
2020-09-16,48.007713317871094,52.04999923706055,52.52000045776367,50.47999954223633,50.65999984741211,430400
2020-09-17,48.284420013427734,52.349998474121094,52.45000076293945,50.29999923706055,51.09000015258789,347100
2020-09-18,49.36357116699219,53.52000045776367,54.4900016784668,52.58000183105469,52.959999084472656,1172200
2020-09-21,47.712581634521484,51.72999954223633,53.13999938964844,50.4900016784668,52.630001068115234,342500
2020-09-22,48.91161346435547,53.029998779296875,53.33000183105469,50.369998931884766,52.0,329800
2020-09-23,48.37665939331055,52.45000076293945,53.16999816894531,52.02000045776367,52.689998626708984,347200
2020-09-24,46.60576248168945,50.529998779296875,52.34000015258789,50.189998626708984,52.34000015258789,259100
2020-09-25,48.090728759765625,52.13999938964844,52.2400016784668,50.34000015258789,50.779998779296875,257400
2020-09-28,47.998497009277344,52.040000915527344,52.56999969482422,51.470001220703125,52.38999938964844,193000
2020-09-29,49.25288391113281,53.400001525878906,54.349998474121094,52.630001068115234,53.81999969482422,324200
2020-09-30,47.998497009277344,52.040000915527344,53.25,51.619998931884766,53.25,283500
2020-10-01,49.07762908935547,53.209999084472656,53.61000061035156,51.9900016784668,52.290000915527344,323800
2020-10-02,48.33976745605469,52.40999984741211,53.209999084472656,51.40999984741211,52.08000183105469,371600
2020-10-05,49.326663970947266,53.47999954223633,53.84000015258789,52.04999923706055,53.02000045776367,200300
2020-10-06,51.09755325317383,55.400001525878906,56.400001525878906,52.939998626708984,53.38999938964844,728200
2020-10-07,53.348060607910156,57.84000015258789,57.93000030517578,55.65999984741211,55.65999984741211,468700
2020-10-08,52.50873947143555,56.93000030517578,58.43000030517578,56.619998931884766,58.0,277000
2020-10-09,53.73543930053711,58.2599983215332,58.45000076293945,57.11000061035156,57.439998626708984,200200
2020-10-12,54.7315788269043,59.34000015258789,59.5,57.90999984741211,58.5099983215332,290200
2020-10-13,55.24808120727539,59.900001525878906,60.09000015258789,57.7599983215332,59.119998931884766,154800
2020-10-14,55.51554870605469,60.189998626708984,60.5099983215332,59.33000183105469,60.099998474121094,215500
2020-10-15,55.69080352783203,60.380001068115234,60.439998626708984,59.099998474121094,59.72999954223633,240900
2020-10-16,56.22574996948242,60.959999084472656,61.369998931884766,59.93000030517578,60.41999816894531,305900
2020-10-19,55.65390396118164,60.34000015258789,61.72999954223633,60.22999954223633,61.09000015258789,226800
2020-10-20,56.769927978515625,61.54999923706055,61.9900016784668,60.02000045776367,60.529998779296875,351900
2020-10-21,55.53400802612305,60.209999084472656,62.58000183105469,59.72999954223633,62.0,204700
2020-10-22,55.635459899902344,60.31999969482422,60.91999816894531,59.4900016784668,60.34000015258789,187400
2020-10-23,57.84907150268555,62.720001220703125,62.869998931884766,61.619998931884766,61.709999084472656,334400
2020-10-26,57.434024810791016,62.27000045776367,62.720001220703125,60.849998474121094,62.08000183105469,415400
2020-10-27,64.2224349975586,69.62999725341797,70.5999984741211,65.9000015258789,67.91999816894531,911100
2020-10-28,64.2224349975586,69.62999725341797,71.44000244140625,68.44999694824219,70.44000244140625,380900
2020-10-29,61.88892364501953,67.0999984741211,70.05999755859375,67.06999969482422,69.62999725341797,415500
2020-10-30,60.36705780029297,65.44999694824219,67.58000183105469,64.87999725341797,66.58000183105469,456400
2020-11-02,59.730648040771484,64.76000213623047,65.8499984741211,63.310001373291016,65.76000213623047,507700
2020-11-03,60.95735549926758,66.08999633789062,66.76000213623047,64.08999633789062,64.83999633789062,485100
2020-11-04,62.50687789916992,67.7699966430664,68.62999725341797,65.95999908447266,65.95999908447266,216800
2020-11-05,64.72972106933594,70.18000030517578,70.52999877929688,68.62000274658203,68.75,207300
2020-11-06,65.36615753173828,70.87000274658203,71.97000122070312,69.5199966430664,70.18000030517578,191700
2020-11-09,64.25010681152344,69.66000366210938,71.61000061035156,68.88999938964844,71.29000091552734,279900
2020-11-10,61.7044563293457,66.9000015258789,69.66999816894531,66.5,69.6500015258789,397300
2020-11-11,63.401554107666016,68.73999786376953,69.04000091552734,67.52999877929688,67.81999969482422,538600
2020-11-12,62.5161018371582,67.77999877929688,70.29000091552734,67.45999908447266,69.37000274658203,252100
2020-11-13,62.92192459106445,68.22000122070312,69.2300033569336,67.48999786376953,68.22000122070312,164500
2020-11-16,63.54911804199219,68.9000015258789,69.02999877929688,67.56999969482422,68.0,222100
2020-11-17,64.480712890625,69.91000366210938,70.55999755859375,68.30000305175781,69.27999877929688,232300
2020-11-18,62.958831787109375,68.26000213623047,69.8499984741211,68.1500015258789,69.62999725341797,306900
2020-11-19,63.64136505126953,69.0,69.11000061035156,67.66000366210938,68.26000213623047,157500
2020-11-20,63.64136505126953,69.0,69.45999908447266,68.44000244140625,69.0,278200
2020-11-23,63.25398635864258,68.58000183105469,69.95999908447266,68.51000213623047,69.66000366210938,266600
2020-11-24,62.55299377441406,67.81999969482422,69.2699966430664,67.26000213623047,68.56999969482422,211900
2020-11-25,62.02727127075195,67.25,68.7300033569336,67.05999755859375,67.81999969482422,272400
2020-11-27,63.27241516113281,68.5999984741211,68.69000244140625,67.22000122070312,67.31999969482422,105100
2020-11-30,63.41999435424805,68.76000213623047,69.41999816894531,67.27999877929688,68.62999725341797,408400
2020-12-01,64.96952056884766,70.44000244140625,73.6500015258789,68.55000305175781,70.05000305175781,1236400
2020-12-02,67.09603881835938,72.56999969482422,73.62000274658203,69.54000091552734,70.72000122070312,845100
2020-12-03,66.5875244140625,72.0199966430664,73.02999877929688,70.19999694824219,72.87000274658203,351600
2020-12-04,67.6692886352539,73.19000244140625,74.26000213623047,71.2699966430664,71.87000274658203,362300
2020-12-07,66.0882568359375,71.4800033569336,73.43000030517578,71.0999984741211,73.2300033569336,282300
2020-12-08,64.840087890625,70.12999725341797,71.5,69.51000213623047,71.26000213623047,421400
2020-12-09,61.825992584228516,66.87000274658203,71.31999969482422,65.83000183105469,70.33000183105469,561400
2020-12-10,63.4809684753418,68.66000366210938,69.25,66.19000244140625,66.4800033569336,288200
2020-12-11,62.48242950439453,67.58000183105469,69.4800033569336,67.0,68.58000183105469,234300
2020-12-14,61.67805862426758,66.70999908447266,69.08999633789062,66.68000030517578,68.27999877929688,320900
2020-12-15,63.02791976928711,68.16999816894531,68.5999984741211,66.97000122070312,66.97000122070312,278900
2020-12-16,63.564170837402344,68.75,68.91000366210938,67.70999908447266,68.05999755859375,200400
2020-12-17,65.02501678466797,70.33000183105469,70.4800033569336,68.69999694824219,68.80999755859375,280000
2020-12-18,65.11744689941406,70.43000030517578,70.68000030517578,69.44000244140625,70.68000030517578,559900
2020-12-21,66.92037963867188,72.37999725341797,72.43000030517578,68.80000305175781,69.58000183105469,302000
2020-12-22,67.974365234375,73.5199966430664,74.05999755859375,72.05999755859375,72.0999984741211,251900
2020-12-23,66.14372253417969,71.54000091552734,74.05999755859375,71.22000122070312,73.8499984741211,188200
2020-12-24,66.3471450805664,71.76000213623047,72.68000030517578,71.18000030517578,71.54000091552734,118000
2020-12-28,66.03277587890625,71.41999816894531,72.75,70.44000244140625,72.48999786376953,148100
2020-12-29,65.85710144042969,71.2300033569336,71.87000274658203,70.43000030517578,71.68000030517578,152400
2020-12-30,66.3101577758789,71.72000122070312,72.80999755859375,71.36000061035156,71.4800033569336,162800
2020-12-31,66.29166412353516,71.69999694824219,72.26000213623047,70.76000213623047,72.0,336100
2021-01-04,64.04496002197266,69.2699966430664,77.06999969482422,67.77999877929688,72.73999786376953,913100
2021-01-05,64.92329406738281,70.22000122070312,70.91000366210938,68.5999984741211,68.98999786376953,211500
2021-01-06,62.07563018798828,67.13999938964844,70.41999816894531,66.83999633789062,69.30000305175781,363400
2021-01-07,63.07414627075195,68.22000122070312,68.98999786376953,65.3499984741211,67.3499984741211,248200
2021-01-08,64.71990203857422,70.0,70.12999725341797,68.61000061035156,68.73999786376953,291700
2021-01-11,64.2761001586914,69.5199966430664,70.01000213623047,67.83999633789062,69.55000305175781,274300
2021-01-12,65.03424835205078,70.33999633789062,70.91999816894531,69.31999969482422,69.80999755859375,379500
2021-01-13,68.09457397460938,73.6500015258789,73.87000274658203,70.91999816894531,72.33000183105469,251600
2021-01-14,69.25028991699219,74.9000015258789,76.80999755859375,73.58999633789062,73.58999633789062,352600
2021-01-15,64.67366790771484,69.94999694824219,74.02999877929688,69.69999694824219,74.0199966430664,272500
2021-01-19,65.9865493774414,71.37000274658203,71.47000122070312,69.4000015258789,70.66999816894531,191900
2021-01-20,67.29020690917969,72.77999877929688,73.72000122070312,71.87999725341797,73.4000015258789,152400
2021-01-21,66.56902313232422,72.0,73.1500015258789,71.44999694824219,72.94999694824219,170400
2021-01-22,65.59822082519531,70.94999694824219,71.77999877929688,69.80999755859375,71.69999694824219,164400
2021-01-25,64.89555358886719,70.19000244140625,71.91000366210938,68.5,71.25,248700
2021-01-26,67.6692886352539,73.19000244140625,73.51000213623047,71.16000366210938,71.33000183105469,238900
2021-01-27,62.14034652709961,67.20999908447266,72.5,66.70999908447266,72.33999633789062,479100
2021-01-28,61.530120849609375,66.55000305175781,67.95999908447266,65.02999877929688,67.33999633789062,283900
2021-01-29,60.08780288696289,64.98999786376953,66.87000274658203,64.9800033569336,66.12999725341797,244600
2021-02-01,61.28048324584961,66.27999877929688,66.80999755859375,62.209999084472656,65.30999755859375,335500
2021-02-02,61.83522415161133,66.87999725341797,68.08000183105469,66.47000122070312,66.6500015258789,183800
2021-02-03,61.72429656982422,66.76000213623047,67.91999816894531,66.05000305175781,67.06999969482422,150600
2021-02-04,64.15591430664062,69.38999938964844,69.69999694824219,67.0999984741211,67.31999969482422,372600
2021-02-05,65.5612564086914,70.91000366210938,71.4000015258789,69.5,70.0,314400
2021-02-08,63.33304214477539,68.5,70.9800033569336,68.11000061035156,70.7300033569336,271200
2021-02-09,64.16516876220703,69.4000015258789,69.83999633789062,67.83000183105469,68.16999816894531,279900
2021-02-10,63.86928176879883,69.08000183105469,70.55999755859375,68.13999938964844,69.77999877929688,317100
2021-02-11,78.91203308105469,85.3499984741211,86.45999908447266,73.5,75.30999755859375,792900
2021-02-12,79.51301574707031,86.0,92.45999908447266,85.47000122070312,88.91999816894531,783800
2021-02-16,79.6886978149414,86.19000244140625,87.77999877929688,83.68000030517578,85.91999816894531,589200
2021-02-17,83.45169067382812,90.26000213623047,94.16999816894531,85.87000274658203,86.54000091552734,707200
2021-02-18,88.00980377197266,95.19000244140625,95.93000030517578,88.7699966430664,89.27999877929688,503900
2021-02-19,88.12999725341797,95.31999969482422,96.5,93.81999969482422,95.7699966430664,335500
2021-02-22,85.4302749633789,92.4000015258789,94.87999725341797,91.62999725341797,93.25,304200
2021-02-23,84.32076263427734,91.19999694824219,92.12000274658203,88.25,91.26000213623047,480500
2021-02-24,82.78598022460938,89.54000091552734,91.20999908447266,88.79000091552734,90.69999694824219,378400
2021-02-25,79.77188873291016,86.27999877929688,91.30999755859375,85.19999694824219,89.41999816894531,314300
2021-02-26,81.57479095458984,88.2300033569336,90.5199966430664,85.4000015258789,87.36000061035156,264500
2021-03-01,82.49011993408203,89.22000122070312,89.80000305175781,88.16999816894531,89.47000122070312,371500
2021-03-02,79.65170288085938,86.1500015258789,88.83000183105469,85.55999755859375,88.83000183105469,424900
2021-03-03,79.57754516601562,85.86000061035156,87.5199966430664,84.66000366210938,86.1500015258789,311600
2021-03-04,78.0853500366211,84.25,87.45999908447266,82.12000274658203,85.1500015258789,391500
2021-03-05,81.03267669677734,87.43000030517578,87.48999786376953,82.5,85.13999938964844,395700
2021-03-08,77.71461486816406,83.8499984741211,89.69999694824219,83.16999816894531,87.47000122070312,393300
2021-03-09,80.75462341308594,87.12999725341797,88.81999969482422,85.9800033569336,86.16999816894531,205700
2021-03-10,80.27267456054688,86.61000061035156,89.76000213623047,86.45999908447266,88.31999969482422,204100
2021-03-11,85.29608154296875,92.02999877929688,92.86000061035156,87.95999908447266,88.83000183105469,486300
2021-03-12,85.53705596923828,92.29000091552734,92.3499984741211,89.19000244140625,90.08999633789062,214100
2021-03-15,84.55462646484375,91.2300033569336,92.72000122070312,90.7699966430664,91.73999786376953,189300
2021-03-16,85.36096954345703,92.0999984741211,95.29000091552734,91.0199966430664,92.16000366210938,237000
2021-03-17,84.49901580810547,91.16999816894531,91.31999969482422,82.81999969482422,90.0199966430664,355900
2021-03-18,82.49706268310547,89.01000213623047,90.37999725341797,88.2699966430664,90.01000213623047,278300
2021-03-19,84.03561401367188,90.66999816894531,92.44000244140625,88.73999786376953,89.3499984741211,364100
2021-03-22,82.64534759521484,89.16999816894531,91.58999633789062,88.80000305175781,91.58999633789062,169400
2021-03-23,82.2560806274414,88.75,90.41000366210938,87.69999694824219,88.77999877929688,241200
2021-03-24,76.66731262207031,82.72000122070312,89.62000274658203,82.55999755859375,89.62000274658203,284100
2021-03-25,75.14732360839844,81.08000183105469,82.66000366210938,79.1500015258789,81.58999633789062,293500
2021-03-26,78.99364471435547,85.2300033569336,85.38999938964844,80.62000274658203,81.2300033569336,314100
2021-03-29,78.55804443359375,84.76000213623047,87.06999969482422,83.87999725341797,85.4000015258789,288200
2021-03-30,79.2531509399414,85.51000213623047,86.37000274658203,83.83999633789062,84.7300033569336,145800
2021-03-31,82.52486419677734,89.04000091552734,90.69999694824219,86.4800033569336,86.58999633789062,256600
2021-04-01,84.67510223388672,91.36000061035156,91.44999694824219,88.79000091552734,89.47000122070312,360800
2021-04-05,86.74193572998047,93.58999633789062,94.80000305175781,90.69000244140625,91.79000091552734,347900
2021-04-06,82.65461730957031,89.18000030517578,93.88999938964844,88.86000061035156,93.26000213623047,199600
2021-04-07,83.07169342041016,89.62999725341797,89.98999786376953,87.91999816894531,89.0,201400
2021-04-08,86.34339904785156,93.16000366210938,93.29000091552734,90.8499984741211,91.55000305175781,288800
2021-04-09,86.1024169921875,92.9000015258789,93.2300033569336,92.0,93.12999725341797,184200
2021-04-12,86.51950073242188,93.3499984741211,94.0,90.94999694824219,92.9000015258789,172700
2021-04-13,91.74681854248047,98.98999786376953,100.0,94.08000183105469,94.08000183105469,509600
2021-04-14,91.93218994140625,99.19000244140625,104.56999969482422,98.91000366210938,100.86000061035156,412700
2021-04-15,94.03607940673828,101.45999908447266,102.1500015258789,97.73999786376953,100.0,221100
2021-04-16,92.66437530517578,99.9800033569336,101.6500015258789,96.88999938964844,101.6500015258789,186000
2021-04-19,91.27412414550781,98.4800033569336,100.0,97.16000366210938,100.0,190100
2021-04-20,88.28046417236328,95.25,98.6500015258789,94.22000122070312,98.6500015258789,239800
2021-04-21,88.06730651855469,95.0199966430664,95.93000030517578,93.7300033569336,94.93000030517578,272100
2021-04-22,87.72438049316406,94.6500015258789,97.95999908447266,93.68000030517578,95.41999816894531,331700
2021-04-23,89.07754516601562,96.11000061035156,97.54000091552734,94.6500015258789,95.51000213623047,221400
2021-04-26,90.0877914428711,97.19999694824219,98.33999633789062,95.06999969482422,96.48999786376953,290200
2021-04-27,85.32389068603516,92.05999755859375,97.30000305175781,90.94999694824219,97.12000274658203,496000
2021-04-28,83.45169830322266,90.04000091552734,91.94999694824219,86.3499984741211,91.2699966430664,471700
2021-04-29,83.52584075927734,90.12000274658203,91.08999633789062,88.81999969482422,90.62000274658203,358100
2021-04-30,80.80096435546875,87.18000030517578,90.16000366210938,86.52999877929688,88.9800033569336,436300
2021-05-03,81.5053482055664,87.94000244140625,90.41000366210938,86.86000061035156,88.26000213623047,862200
2021-05-04,78.59510803222656,84.80000305175781,87.27999877929688,84.19000244140625,87.08999633789062,210700
2021-05-05,78.92877960205078,85.16000366210938,86.77999877929688,84.47000122070312,85.27999877929688,200500
2021-05-06,78.03901672363281,84.19999694824219,85.51000213623047,82.95999908447266,84.55999755859375,275400
2021-05-07,78.69707489013672,84.91000366210938,87.04000091552734,84.12999725341797,86.05000305175781,237800
2021-05-10,75.31412506103516,81.26000213623047,85.33000183105469,81.18000030517578,83.95999908447266,231300
2021-05-11,74.14632415771484,80.0,80.72000122070312,77.37999725341797,78.61000061035156,259500
2021-05-12,75.16583251953125,81.0999984741211,81.98999786376953,78.55999755859375,78.55999755859375,914100
2021-05-13,76.40779876708984,82.44000244140625,84.16999816894531,80.76000213623047,82.58000183105469,387400
2021-05-14,81.24584197998047,87.66000366210938,88.16999816894531,83.30000305175781,83.30000305175781,368500
2021-05-17,79.00291442871094,85.23999786376953,87.62000274658203,84.80000305175781,86.38999938964844,213700
2021-05-18,79.15121459960938,85.4000015258789,87.19999694824219,85.16000366210938,86.0,307600
2021-05-19,79.54047393798828,85.81999969482422,86.0199966430664,82.69999694824219,83.58999633789062,215400
2021-05-20,79.61461639404297,85.9000015258789,87.69999694824219,85.4800033569336,86.5,175700
2021-05-21,79.95755004882812,86.2699966430664,87.2300033569336,85.41999816894531,87.06999969482422,320700
2021-05-24,81.78338623046875,88.23999786376953,88.98999786376953,87.36000061035156,87.4000015258789,140400
2021-05-25,81.90389251708984,88.37000274658203,89.30000305175781,87.93000030517578,88.87000274658203,172600
2021-05-26,82.92340087890625,89.47000122070312,91.36000061035156,88.86000061035156,89.22000122070312,208200
2021-05-27,83.14585876464844,89.70999908447266,90.26000213623047,87.2699966430664,88.91999816894531,219400
2021-05-28,84.10975646972656,90.75,91.72000122070312,90.27999877929688,90.27999877929688,213900
2021-06-01,86.39900970458984,93.22000122070312,94.25,90.12999725341797,91.37000274658203,326800
2021-06-02,83.97452545166016,90.4000015258789,93.30000305175781,90.3499984741211,92.0999984741211,314200
2021-06-03,82.36749267578125,88.66999816894531,89.69999694824219,86.9000015258789,89.30000305175781,158700
2021-06-04,84.58761596679688,91.05999755859375,91.48999786376953,88.93000030517578,89.2300033569336,160100
2021-06-07,85.94383239746094,92.5199966430664,92.58000183105469,90.22000122070312,90.73999786376953,233200
2021-06-08,86.05531311035156,92.63999938964844,93.93000030517578,91.94000244140625,92.6500015258789,176300
2021-06-09,84.64334869384766,91.12000274658203,93.27999877929688,90.76000213623047,93.2699966430664,121800
2021-06-10,84.40182495117188,90.86000061035156,91.97000122070312,89.88999938964844,90.83999633789062,121100
2021-06-11,85.3028793334961,91.83000183105469,91.94000244140625,90.72000122070312,90.72000122070312,110500
2021-06-14,86.56622314453125,93.19000244140625,93.56999969482422,91.54000091552734,92.06999969482422,135400
2021-06-15,86.12962341308594,92.72000122070312,95.83000183105469,91.88999938964844,93.30000305175781,192000
2021-06-16,86.94707489013672,93.5999984741211,94.2300033569336,92.30999755859375,92.80999755859375,175100
2021-06-17,87.08641815185547,93.75,94.79000091552734,92.75,93.41999816894531,178700
2021-06-18,86.20392608642578,92.80000305175781,94.31999969482422,92.11000061035156,93.58000183105469,282600
2021-06-21,88.27543640136719,95.02999877929688,95.76000213623047,92.12000274658203,93.0,185600
2021-06-22,91.00646209716797,97.97000122070312,98.20999908447266,94.6500015258789,94.69000244140625,275100
2021-06-23,91.6845703125,98.69999694824219,99.7300033569336,97.5,97.58000183105469,201300
2021-06-24,92.61349487304688,99.69999694824219,100.73999786376953,98.5,99.87000274658203,168600
2021-06-25,95.5302963256836,102.83999633789062,103.2699966430664,99.31999969482422,100.05000305175781,428100
2021-06-28,94.66641998291016,101.91000366210938,104.31999969482422,101.37999725341797,103.11000061035156,170800
2021-06-29,93.86754608154297,101.05000305175781,101.69999694824219,100.02999877929688,101.16000366210938,124600
2021-06-30,91.1922378540039,98.16999816894531,100.68000030517578,97.7300033569336,100.68000030517578,349700
2021-07-01,91.94467163085938,98.9800033569336,99.5,97.80999755859375,98.37000274658203,134400
2021-07-02,92.99434661865234,100.11000061035156,100.33000183105469,98.12000274658203,99.87999725341797,165800
2021-07-06,93.32877349853516,100.47000122070312,100.97000122070312,99.23999786376953,99.76000213623047,195200
2021-07-07,92.98506927490234,100.0999984741211,101.63999938964844,99.6500015258789,101.2300033569336,331700
2021-07-08,93.78394317626953,100.95999908447266,101.9800033569336,96.8499984741211,97.70999908447266,338900
2021-07-09,94.34129333496094,101.55999755859375,102.75,100.70999908447266,101.33999633789062,262400
2021-07-12,95.93903350830078,103.27999877929688,103.55000305175781,100.77999877929688,101.6500015258789,149100
2021-07-13,94.8986587524414,102.16000366210938,103.86000061035156,102.0199966430664,102.77999877929688,120000
2021-07-14,93.54241943359375,100.69999694824219,103.12000274658203,100.06999969482422,103.12000274658203,166100
2021-07-15,91.41519927978516,98.41000366210938,100.70999908447266,97.08000183105469,100.70999908447266,242400
2021-07-16,93.5052719116211,100.66000366210938,101.16000366210938,98.58000183105469,99.44999694824219,308400
2021-07-19,92.0840072631836,99.12999725341797,99.51000213623047,96.37999725341797,98.7300033569336,469300
2021-07-20,93.88613891601562,101.06999969482422,102.1500015258789,98.18000030517578,99.5,245200
2021-07-21,94.55494689941406,101.79000091552734,102.41999816894531,101.04000091552734,101.44999694824219,280400
2021-07-22,96.6635971069336,104.05999755859375,104.30000305175781,101.66000366210938,102.18000030517578,232400
2021-07-23,98.01054382324219,105.51000213623047,107.44999694824219,104.56999969482422,104.56999969482422,519500
2021-07-26,100.00772094726562,107.66000366210938,108.95999908447266,105.0,105.51000213623047,418700
2021-07-27,93.92327117919922,101.11000061035156,108.91999816894531,98.44000244140625,107.62999725341797,830700
2021-07-28,96.35704040527344,103.7300033569336,105.37000274658203,101.91999816894531,102.79000091552734,264600
2021-07-29,100.04486846923828,107.69999694824219,107.83999633789062,104.3499984741211,104.3499984741211,183700
2021-07-30,100.7787094116211,108.48999786376953,108.7699966430664,106.37999725341797,106.37999725341797,228900
2021-08-02,99.524658203125,107.13999938964844,108.9000015258789,105.80999755859375,108.9000015258789,234700
2021-08-03,97.53679656982422,105.0,108.0,104.01000213623047,107.08000183105469,292200
2021-08-04,97.36959075927734,104.81999969482422,106.6500015258789,104.2300033569336,104.8499984741211,165600
2021-08-05,97.49034881591797,104.94999694824219,105.66999816894531,104.0,104.86000061035156,184600
2021-08-06,94.9450912475586,102.20999908447266,105.63999938964844,102.16000366210938,105.22000122070312,209000
2021-08-09,96.77507019042969,104.18000030517578,104.48999786376953,101.22000122070312,102.0,129800
2021-08-10,98.40067291259766,105.93000030517578,106.06999969482422,103.69999694824219,104.55999755859375,134600
2021-08-11,95.1958999633789,102.4800033569336,105.58000183105469,101.12000274658203,105.58000183105469,167600
2021-08-12,95.96688842773438,103.30999755859375,103.75,101.55000305175781,101.69999694824219,131500
2021-08-13,98.5678939819336,106.11000061035156,106.25,102.55999755859375,103.66000366210938,155100
2021-08-16,97.2395248413086,104.68000030517578,105.23999786376953,103.02999877929688,105.19999694824219,92400
2021-08-17,94.3227310180664,101.54000091552734,104.7699966430664,101.20999908447266,104.38999938964844,179900
2021-08-18,93.71892547607422,100.88999938964844,103.37000274658203,100.80999755859375,102.5199966430664,106300
2021-08-19,93.34736633300781,100.48999786376953,101.86000061035156,97.97000122070312,99.51000213623047,138700
2021-08-20,95.1958999633789,102.4800033569336,102.62999725341797,100.80000305175781,101.05000305175781,111100
2021-08-23,98.76296997070312,106.31999969482422,106.43000030517578,102.77999877929688,103.47000122070312,174200
2021-08-24,104.21573638916016,112.19000244140625,113.73999786376953,106.83000183105469,107.27999877929688,333000
2021-08-25,105.46977233886719,113.54000091552734,115.4800033569336,111.37000274658203,112.31999969482422,276200
2021-08-26,105.43260192871094,113.5,114.19999694824219,111.47000122070312,113.19000244140625,100400
2021-08-27,108.82319641113281,117.1500015258789,117.98999786376953,113.26000213623047,113.26000213623047,207200
2021-08-30,108.2658462524414,116.55000305175781,118.37999725341797,115.97000122070312,117.20999908447266,146600
2021-08-31,107.06752014160156,115.26000213623047,116.88999938964844,112.80999755859375,116.88999938964844,283900
2021-09-01,105.96939849853516,113.87000274658203,115.6500015258789,112.80000305175781,115.6500015258789,176200
2021-09-02,106.37886810302734,114.30999755859375,116.27999877929688,113.77999877929688,114.76000213623047,163000
2021-09-03,106.6394271850586,114.58999633789062,115.26000213623047,113.06999969482422,113.75,182500
2021-09-07,105.10392761230469,112.94000244140625,115.94000244140625,112.31999969482422,115.94000244140625,161300
2021-09-08,105.83912658691406,113.7300033569336,114.62000274658203,112.18000030517578,114.44000244140625,198300
2021-09-09,104.1919174194336,111.95999908447266,114.30000305175781,111.95999908447266,113.37999725341797,219000
2021-09-10,103.36366271972656,111.06999969482422,113.79000091552734,110.69999694824219,112.94999694824219,199800
2021-09-13,102.1817855834961,109.80000305175781,111.66000366210938,108.12000274658203,111.47000122070312,350700
2021-09-14,104.15467834472656,111.91999816894531,111.95999908447266,110.0,110.69999694824219,292800
2021-09-15,107.26294708251953,115.26000213623047,115.69999694824219,111.29000091552734,112.05999755859375,268000
2021-09-16,109.1986312866211,117.33999633789062,117.94000244140625,115.0999984741211,115.30999755859375,181400
2021-09-17,111.03196716308594,119.30999755859375,120.12999725341797,117.08000183105469,118.4000015258789,398100
2021-09-20,109.34752655029297,117.5,118.66999816894531,115.94999694824219,116.79000091552734,267300
2021-09-21,108.93807220458984,117.05999755859375,119.77999877929688,116.83999633789062,118.95999908447266,220900
2021-09-22,109.34752655029297,117.5,118.5199966430664,116.22000122070312,117.19000244140625,124700
2021-09-23,110.4177474975586,118.6500015258789,118.97000122070312,117.16000366210938,118.0199966430664,151100
2021-09-24,110.14786529541016,118.36000061035156,118.94000244140625,117.3499984741211,118.0199966430664,187300
2021-09-27,110.69693756103516,118.94999694824219,120.38999938964844,117.69999694824219,118.06999969482422,225100
2021-09-28,108.202880859375,116.2699966430664,117.94000244140625,114.4000015258789,117.94000244140625,236400
2021-09-29,106.37886810302734,114.30999755859375,117.52999877929688,113.81999969482422,117.52999877929688,236100
2021-09-30,105.45756530761719,113.31999969482422,115.12999725341797,112.5199966430664,114.9000015258789,271400
2021-10-01,108.22148132324219,116.29000091552734,116.72000122070312,111.8499984741211,113.5999984741211,229200
2021-10-04,105.96939849853516,113.87000274658203,115.22000122070312,111.31999969482422,115.22000122070312,205600
2021-10-05,105.22490692138672,113.06999969482422,114.7300033569336,112.12000274658203,114.30000305175781,138500
2021-10-06,105.84842681884766,113.73999786376953,114.5,111.7699966430664,111.7699966430664,177700
2021-10-07,110.15717315673828,118.37000274658203,118.7699966430664,114.47000122070312,114.47000122070312,213000
2021-10-08,110.43635559082031,118.66999816894531,119.30000305175781,117.54000091552734,118.75,194200
2021-10-11,111.11570739746094,119.4000015258789,120.08999633789062,117.61000061035156,119.12999725341797,247400
2021-10-12,109.06834411621094,117.19999694824219,120.37999725341797,116.63999938964844,119.9000015258789,211800
2021-10-13,109.78494262695312,117.97000122070312,119.19999694824219,117.08999633789062,118.1500015258789,106900
2021-10-14,112.16731262207031,120.52999877929688,122.55000305175781,119.16000366210938,119.16000366210938,182100
2021-10-15,114.03782653808594,122.54000091552734,122.80999755859375,120.8499984741211,121.6500015258789,141000
2021-10-18,117.27639770507812,126.0199966430664,126.68000030517578,122.87999725341797,122.87999725341797,141100
2021-10-19,114.24259185791016,122.76000213623047,127.62000274658203,122.27999877929688,127.62000274658203,132900
2021-10-20,115.3407211303711,123.94000244140625,125.04000091552734,122.87000274658203,123.86000061035156,167800
2021-10-21,115.94560241699219,124.58999633789062,125.41000366210938,123.72000122070312,123.94000244140625,188800
2021-10-22,113.9261703491211,122.41999816894531,124.66999816894531,121.83999633789062,124.6500015258789,145100
2021-10-25,112.29759216308594,120.66999816894531,124.58000183105469,119.86000061035156,122.76000213623047,345800
2021-10-26,115.6850357055664,124.30999755859375,128.36000061035156,114.55999755859375,117.30000305175781,507100
2021-10-27,109.3382339477539,117.48999786376953,127.06999969482422,116.81999969482422,125.37999725341797,275000
2021-10-28,110.60386657714844,118.8499984741211,118.97000122070312,116.16999816894531,117.58999633789062,215400
2021-10-29,112.74430847167969,121.1500015258789,121.47000122070312,118.01000213623047,118.30999755859375,201900
2021-11-01,112.43717193603516,120.81999969482422,122.30999755859375,119.69000244140625,121.56999969482422,195700
2021-11-02,109.5057373046875,117.66999816894531,121.30000305175781,117.45999908447266,121.08000183105469,181600
2021-11-03,111.4786376953125,119.79000091552734,121.5,117.5,117.80999755859375,191000
2021-11-04,112.8466567993164,121.26000213623047,121.81999969482422,119.0,120.0,187200
2021-11-05,113.34919738769531,121.80000305175781,124.6500015258789,120.70999908447266,122.11000061035156,210200
2021-11-08,114.97777557373047,123.55000305175781,124.87000274658203,122.33000183105469,123.0,184700
2021-11-09,113.9634017944336,122.45999908447266,125.0,120.23999786376953,124.27999877929688,240900
2021-11-10,110.5201187133789,118.76000213623047,121.27999877929688,116.55000305175781,120.97000122070312,260600
2021-11-11,110.79000854492188,119.05000305175781,120.44999694824219,117.63999938964844,119.9000015258789,135700
2021-11-12,114.59622955322266,123.13999938964844,123.58999633789062,119.19000244140625,119.54000091552734,123400
2021-11-15,114.60552978515625,123.1500015258789,123.87000274658203,121.69000244140625,123.5999984741211,210200
2021-11-16,116.19688415527344,124.86000061035156,125.37999725341797,121.61000061035156,121.9000015258789,123100
2021-11-17,114.70790100097656,123.26000213623047,125.43000030517578,122.66000366210938,124.81999969482422,178400
2021-11-18,114.26118469238281,122.77999877929688,123.86000061035156,121.4800033569336,123.75,123200
2021-11-19,110.42705535888672,118.66000366210938,123.7300033569336,118.62000274658203,122.27999877929688,210000
2021-11-22,105.51338958740234,113.37999725341797,119.91000366210938,113.30999755859375,119.0,430700
2021-11-23,103.4474105834961,111.16000366210938,112.95999908447266,107.94999694824219,112.95999908447266,296100
2021-11-24,105.92285919189453,113.81999969482422,114.08999633789062,109.41999816894531,110.01000213623047,139000
2021-11-26,104.59207916259766,112.38999938964844,112.58000183105469,109.9000015258789,110.83999633789062,134600
2021-11-29,107.46768951416016,115.4800033569336,116.31999969482422,112.63999938964844,113.2699966430664,209200
2021-11-30,106.09969329833984,114.01000213623047,116.69999694824219,111.62000274658203,115.04000091552734,492700
2021-12-01,103.28404235839844,110.77999877929688,116.19000244140625,110.62999725341797,115.5,295900
2021-12-02,104.88764190673828,112.5,112.52999877929688,109.80000305175781,110.26000213623047,217800
2021-12-03,97.00009155273438,104.04000091552734,112.86000061035156,102.1500015258789,112.8499984741211,435400
2021-12-06,102.68733978271484,110.13999938964844,110.55000305175781,102.33000183105469,104.04000091552734,312700
2021-12-07,106.0903549194336,113.79000091552734,114.86000061035156,111.47000122070312,113.0,271900
2021-12-08,107.26509857177734,115.05000305175781,115.30000305175781,112.73999786376953,113.0999984741211,167100
2021-12-09,104.1604232788086,111.72000122070312,115.38999938964844,111.69999694824219,114.6500015258789,209400
2021-12-10,103.55441284179688,111.06999969482422,113.30000305175781,109.9800033569336,111.94999694824219,324900
2021-12-13,103.73155975341797,111.26000213623047,112.80999755859375,109.83999633789062,111.26000213623047,272400
2021-12-14,101.83892822265625,109.2300033569336,110.66000366210938,106.48999786376953,109.61000061035156,368700
2021-12-15,103.60103607177734,111.12000274658203,111.94999694824219,106.5199966430664,109.11000061035156,283800
2021-12-16,100.24461364746094,107.5199966430664,111.44999694824219,105.91999816894531,111.27999877929688,276900
2021-12-17,98.64100646972656,105.80000305175781,107.45999908447266,104.11000061035156,105.7699966430664,529300
2021-12-20,98.24942016601562,105.37999725341797,105.77999877929688,103.13999938964844,104.19000244140625,221300
2021-12-21,100.0768051147461,107.33999633789062,108.58999633789062,106.0199966430664,106.5,191800
2021-12-22,102.8365249633789,110.30000305175781,110.52999877929688,107.02999877929688,107.02999877929688,154700
2021-12-23,103.75019073486328,111.27999877929688,112.1500015258789,109.44999694824219,110.41000366210938,104700
2021-12-27,106.18360137939453,113.88999938964844,114.19999694824219,111.5999984741211,111.5999984741211,148200
2021-12-28,104.71983337402344,112.31999969482422,114.55999755859375,112.01000213623047,114.05999755859375,96800
2021-12-29,104.22569274902344,111.79000091552734,112.5199966430664,110.18000030517578,112.31999969482422,99300
2021-12-30,104.85967254638672,112.47000122070312,114.5,111.16999816894531,112.30000305175781,96000
2021-12-31,103.37726593017578,110.87999725341797,112.76000213623047,110.4800033569336,111.69999694824219,158100
2022-01-03,101.06507110595703,108.4000015258789,111.66000366210938,107.19999694824219,111.16000366210938,163200
2022-01-04,97.84851837158203,104.94999694824219,107.9800033569336,103.4000015258789,107.9800033569336,223700
2022-01-05,95.06084442138672,101.95999908447266,105.4800033569336,101.94000244140625,104.33000183105469,245400
2022-01-06,94.8277587890625,101.70999908447266,103.86000061035156,100.26000213623047,101.62999725341797,133800
2022-01-07,92.11466979980469,98.80000305175781,102.37000274658203,98.04000091552734,101.37000274658203,227000
2022-01-10,92.09600830078125,98.77999877929688,98.80000305175781,93.45999908447266,97.12999725341797,293000
2022-01-11,92.90715789794922,99.6500015258789,99.91999816894531,97.33000183105469,99.0,255600
2022-01-12,91.68578338623047,98.33999633789062,100.76000213623047,96.43000030517578,99.70999908447266,241100
2022-01-13,88.8421859741211,95.29000091552734,98.93000030517578,94.58000183105469,98.93000030517578,171200
2022-01-14,87.15464782714844,93.4800033569336,96.05000305175781,91.4000015258789,94.22000122070312,217500
2022-01-18,86.54862213134766,92.83000183105469,93.69000244140625,91.47000122070312,92.0999984741211,301900
2022-01-19,86.85628509521484,93.16000366210938,96.0999984741211,92.5999984741211,93.5,246700
2022-01-20,84.97298431396484,91.13999938964844,97.16999816894531,90.52999877929688,94.3499984741211,197200
2022-01-21,83.9940185546875,90.08999633789062,93.83000183105469,90.01000213623047,90.81999969482422,470900
2022-01-24,88.04969787597656,94.44000244140625,94.88999938964844,86.02999877929688,88.58999633789062,385800
2022-01-25,87.36907958984375,93.70999908447266,95.52999877929688,90.12999725341797,93.25,327400
2022-01-26,85.91463470458984,92.1500015258789,95.62999725341797,91.48999786376953,95.62000274658203,353600
2022-01-27,83.02440643310547,89.05000305175781,94.73999786376953,89.01000213623047,93.45999908447266,294400
2022-01-28,83.9474105834961,90.04000091552734,90.12999725341797,83.72000122070312,89.29000091552734,354100
2022-01-31,90.40849304199219,96.97000122070312,97.02999877929688,90.16000366210938,90.16000366210938,265300
2022-02-01,89.8490982055664,96.37000274658203,97.4000015258789,94.38999938964844,97.33999633789062,233100
2022-02-02,87.41569519042969,93.76000213623047,96.97000122070312,93.05000305175781,96.97000122070312,264500
2022-02-03,83.67704010009766,89.75,92.70999908447266,89.3499984741211,91.47000122070312,151600
2022-02-04,84.47883605957031,90.61000061035156,91.77999877929688,88.58000183105469,90.58000183105469,172400
2022-02-07,85.49507904052734,91.69999694824219,93.20999908447266,90.41000366210938,90.41000366210938,218500
2022-02-08,87.71405792236328,94.08000183105469,94.30999755859375,90.97000122070312,91.0199966430664,238400
2022-02-09,87.02413177490234,93.33999633789062,96.33000183105469,92.4800033569336,95.58999633789062,364600
2022-02-10,79.8824462890625,85.68000030517578,92.47000122070312,82.9800033569336,91.22000122070312,546100
2022-02-11,82.32514953613281,88.30000305175781,89.83000183105469,85.61000061035156,85.68000030517578,355400
2022-02-14,82.42769622802734,88.41000366210938,91.23999786376953,88.0,88.0,289200
2022-02-15,85.88666534423828,92.12000274658203,92.93000030517578,89.48999786376953,89.48999786376953,249500
2022-02-16,83.43461608886719,89.48999786376953,91.44999694824219,87.80999755859375,91.44999694824219,420700
2022-02-17,85.39251708984375,91.58999633789062,93.06999969482422,87.81999969482422,88.66000366210938,334300
2022-02-18,85.05689239501953,91.2300033569336,93.25,90.5999984741211,91.11000061035156,296500
2022-02-22,83.18290710449219,89.22000122070312,92.62000274658203,88.20999908447266,91.01000213623047,664700
2022-02-23,79.77987670898438,85.56999969482422,89.69000244140625,85.16000366210938,89.22000122070312,300000
2022-02-24,84.2177734375,90.33000183105469,91.02999877929688,82.41999816894531,83.05000305175781,307300
2022-02-25,83.57449340820312,89.63999938964844,91.0199966430664,87.94999694824219,89.79000091552734,278300
2022-02-28,84.40425872802734,90.52999877929688,90.94000244140625,88.83999633789062,89.30000305175781,324200
2022-03-01,82.7353744506836,88.73999786376953,91.7300033569336,87.88999938964844,91.33000183105469,285200
2022-03-02,83.4832763671875,89.30000305175781,90.4800033569336,86.97000122070312,88.58999633789062,402400
2022-03-03,84.74533081054688,90.6500015258789,91.0,88.27999877929688,89.87999725341797,330500
2022-03-04,84.03484344482422,89.88999938964844,90.80999755859375,86.76000213623047,90.02999877929688,465300
2022-03-07,79.67838287353516,85.2300033569336,90.7699966430664,85.02999877929688,90.66000366210938,394900
2022-03-08,81.19284057617188,86.8499984741211,88.43000030517578,84.69999694824219,85.5199966430664,269800
2022-03-09,83.82917022705078,89.66999816894531,90.2300033569336,88.1500015258789,88.5,208400
2022-03-10,84.9229507446289,90.83999633789062,91.47000122070312,87.13999938964844,87.95999908447266,294600
2022-03-11,80.9871826171875,86.62999725341797,91.75,85.79000091552734,91.7300033569336,323900
2022-03-14,80.3982162475586,86.0,88.43000030517578,84.70999908447266,85.70999908447266,324500
2022-03-15,80.82826232910156,86.45999908447266,87.4000015258789,85.0199966430664,86.05999755859375,284300
2022-03-16,86.13827514648438,92.13999938964844,92.44999694824219,86.63999938964844,87.66999816894531,501800
2022-03-17,86.06349182128906,92.05999755859375,92.66999816894531,90.87999725341797,91.29000091552734,245100
2022-03-18,88.8026351928711,94.98999786376953,95.22000122070312,91.69999694824219,92.31999969482422,351200
2022-03-21,88.2230224609375,94.37000274658203,94.94000244140625,92.3499984741211,94.29000091552734,181800
2022-03-22,89.7281494140625,95.9800033569336,96.54000091552734,94.55999755859375,95.11000061035156,165600
2022-03-23,89.18592834472656,95.4000015258789,95.80999755859375,93.5199966430664,94.75,158500
2022-03-24,89.27941131591797,95.5,96.13999938964844,93.69000244140625,95.86000061035156,221900
2022-03-25,88.16692352294922,94.30999755859375,95.7699966430664,92.55999755859375,95.7699966430664,219200
2022-03-28,88.6436996459961,94.81999969482422,96.58999633789062,92.58999633789062,94.11000061035156,241500
2022-03-29,91.2987289428711,97.66000366210938,98.73999786376953,95.9800033569336,95.9800033569336,213100
2022-03-30,89.2139663696289,95.43000030517578,97.83999633789062,94.5999984741211,96.68000030517578,200800
2022-03-31,87.0170669555664,93.08000183105469,95.33000183105469,93.05000305175781,94.87000274658203,211200
2022-04-01,87.32555389404297,93.41000366210938,95.37000274658203,92.76000213623047,93.9000015258789,312900
2022-04-04,85.67084503173828,91.63999938964844,94.01000213623047,91.05999755859375,93.93000030517578,422500
2022-04-05,83.96939849853516,89.81999969482422,91.81999969482422,89.54000091552734,91.58999633789062,230200
2022-04-06,79.33246612548828,84.86000061035156,88.77999877929688,84.12999725341797,88.54000091552734,317900
2022-04-07,80.14579772949219,85.7300033569336,86.91999816894531,84.38999938964844,85.29000091552734,307800
2022-04-08,78.8930892944336,84.38999938964844,85.9800033569336,84.01000213623047,84.69000244140625,262200
2022-04-11,79.02397918701172,84.52999877929688,85.76000213623047,82.83000183105469,83.83000183105469,214200
2022-04-12,77.74321746826172,83.16000366210938,87.05999755859375,82.68000030517578,85.3499984741211,228900
2022-04-13,80.57583618164062,86.19000244140625,86.68000030517578,83.38999938964844,83.94000244140625,292800
2022-04-14,76.19133758544922,81.5,86.7699966430664,80.58999633789062,86.44999694824219,340300
2022-04-18,75.47148895263672,80.7300033569336,81.52999877929688,79.33999633789062,81.13999938964844,354700
2022-04-19,76.808349609375,82.16000366210938,83.51000213623047,80.0199966430664,80.38999938964844,240100
2022-04-20,75.34996795654297,80.5999984741211,82.70999908447266,80.41000366210938,82.52999877929688,283400
2022-04-21,74.12528991699219,79.29000091552734,82.02999877929688,78.19000244140625,81.30999755859375,286300
2022-04-22,72.51731872558594,77.56999969482422,79.98999786376953,77.5,78.97000122070312,223700
2022-04-25,72.7229995727539,77.79000091552734,77.9000015258789,76.05999755859375,76.5,410000
2022-04-26,69.86231994628906,74.7300033569336,80.0,73.41000366210938,74.6500015258789,1063600
2022-04-27,72.41447448730469,77.45999908447266,78.87999725341797,75.11000061035156,75.11000061035156,453400
2022-04-28,73.43350219726562,78.55000305175781,80.12999725341797,77.11000061035156,78.72000122070312,334100
2022-04-29,70.7878189086914,75.72000122070312,79.37000274658203,75.44999694824219,78.30999755859375,219100
2022-05-02,72.1153335571289,77.13999938964844,77.19000244140625,74.51000213623047,75.2300033569336,379200
2022-05-03,64.33727264404297,68.81999969482422,76.22000122070312,67.0,76.22000122070312,736800
2022-05-04,65.37498474121094,69.93000030517578,70.30999755859375,65.48999786376953,68.86000061035156,481200
2022-05-05,62.69191360473633,67.05999755859375,68.94000244140625,66.05000305175781,68.5,337000
2022-05-06,61.89727783203125,66.20999908447266,67.33000183105469,65.0,66.98999786376953,360900
2022-05-09,59.47598648071289,63.619998931884766,66.06999969482422,63.540000915527344,65.04000091552734,315600
2022-05-10,60.046260833740234,64.2300033569336,65.6500015258789,62.72999954223633,65.0999984741211,264000
2022-05-11,58.101741790771484,62.150001525878906,65.0,61.86000061035156,64.12000274658203,254800
2022-05-12,58.382198333740234,62.45000076293945,63.349998474121094,61.029998779296875,61.47999954223633,360700
2022-05-13,59.05529022216797,63.16999816894531,64.61000061035156,62.81999969482422,63.5099983215332,925200
2022-05-16,58.036293029785156,62.08000183105469,63.470001220703125,61.689998626708984,62.95000076293945,349300
2022-05-17,58.41958999633789,62.4900016784668,63.93000030517578,61.83000183105469,63.689998626708984,436400
2022-05-18,53.19370651245117,56.900001525878906,61.02000045776367,56.5,60.810001373291016,529200
2022-05-19,55.68043518066406,59.560001373291016,60.459999084472656,56.900001525878906,56.9900016784668,503900
2022-05-20,55.128868103027344,58.970001220703125,61.209999084472656,57.689998626708984,60.66999816894531,308700
2022-05-23,54.56795120239258,58.369998931884766,59.380001068115234,57.470001220703125,59.380001068115234,442800
2022-05-24,52.156009674072266,55.790000915527344,57.4900016784668,55.119998931884766,57.310001373291016,348400
2022-05-25,53.165653228759766,56.869998931884766,58.0099983215332,55.79999923706055,55.79999923706055,335700
2022-05-26,54.2033576965332,57.97999954223633,59.18000030517578,57.40999984741211,57.40999984741211,312300
2022-05-27,55.960899353027344,59.86000061035156,60.119998931884766,58.939998626708984,58.939998626708984,254800
2022-05-31,56.278751373291016,60.20000076293945,61.09000015258789,58.630001068115234,59.720001220703125,403500
2022-06-01,55.940853118896484,59.599998474121094,61.540000915527344,58.7400016784668,60.400001525878906,389000
2022-06-02,57.14227294921875,60.880001068115234,61.36000061035156,59.560001373291016,59.560001373291016,237300
2022-06-03,55.8939208984375,59.54999923706055,60.15999984741211,58.5,60.15999984741211,233400
2022-06-06,56.597877502441406,60.29999923706055,60.810001373291016,59.41999816894531,60.59000015258789,263700
2022-06-07,56.438316345214844,60.130001068115234,60.209999084472656,58.65999984741211,59.380001068115234,1156900
2022-06-08,56.50402069091797,60.20000076293945,61.43000030517578,59.91999816894531,60.130001068115234,239900
2022-06-09,54.57987594604492,58.150001525878906,60.029998779296875,58.119998931884766,59.91999816894531,584300
2022-06-10,52.81529998779297,56.27000045776367,57.5,55.84000015258789,57.27000045776367,311100
2022-06-13,49.39878463745117,52.630001068115234,55.459999084472656,52.459999084472656,54.380001068115234,383600
2022-06-14,50.41246795654297,53.709999084472656,54.47999954223633,52.63999938964844,53.5,697300
2022-06-15,51.923622131347656,55.31999969482422,56.22999954223633,53.959999084472656,54.06999969482422,433200
2022-06-16,48.70420837402344,51.88999938964844,53.68000030517578,51.68000030517578,53.68000030517578,352900
2022-06-17,49.15473937988281,52.369998931884766,53.58000183105469,51.970001220703125,51.970001220703125,669300
2022-06-21,49.915016174316406,53.18000030517578,55.25,52.86000061035156,52.86000061035156,254000
2022-06-22,49.0327262878418,52.2400016784668,53.72999954223633,52.22999954223633,52.43000030517578,279000
2022-06-23,51.63265609741211,55.0099983215332,55.13999938964844,52.599998474121094,52.86000061035156,579600
2022-06-24,53.80083465576172,57.31999969482422,57.59000015258789,55.65999984741211,55.65999984741211,440900
2022-06-27,54.33584213256836,57.88999938964844,58.22999954223633,56.380001068115234,57.52000045776367,411000
2022-06-28,52.805912017822266,56.2599983215332,58.689998626708984,55.90999984741211,58.220001220703125,402100
2022-06-29,54.24197769165039,57.790000915527344,57.810001373291016,56.16999816894531,56.41999816894531,389500
2022-06-30,53.791446685791016,57.310001373291016,58.0,55.36000061035156,56.9900016784668,436800
2022-07-01,53.340919494628906,56.83000183105469,58.380001068115234,56.06999969482422,57.11000061035156,264800
2022-07-05,55.527870178222656,59.15999984741211,59.16999816894531,55.31999969482422,55.91999816894531,308300
2022-07-06,55.724971771240234,59.369998931884766,59.77000045776367,58.31999969482422,58.9900016784668,298800
2022-07-07,58.296749114990234,62.11000061035156,62.11000061035156,59.560001373291016,59.72999954223633,535700
2022-07-08,56.9263916015625,60.650001525878906,61.439998626708984,59.91999816894531,60.95000076293945,284700
2022-07-11,54.899009704589844,58.4900016784668,59.9900016784668,58.380001068115234,59.9900016784668,156200
2022-07-12,54.410926818847656,57.970001220703125,59.83000183105469,57.66999816894531,58.84000015258789,207400
2022-07-13,54.082420349121094,57.619998931884766,58.06999969482422,56.58000183105469,56.83000183105469,135000
2022-07-14,53.47233200073242,56.970001220703125,57.4900016784668,56.47999954223633,57.45000076293945,152100
2022-07-15,55.23689651489258,58.849998474121094,59.08000183105469,57.36000061035156,58.16999816894531,189600
2022-07-18,55.58418655395508,59.220001220703125,60.880001068115234,58.77000045776367,59.43000030517578,222900
2022-07-19,56.907623291015625,60.630001068115234,60.720001220703125,59.540000915527344,60.209999084472656,257200
2022-07-20,58.64404296875,62.47999954223633,62.7400016784668,60.810001373291016,61.02000045776367,205400
2022-07-21,59.01008987426758,62.869998931884766,63.11000061035156,61.90999984741211,62.52000045776367,249900
2022-07-22,56.400779724121094,60.09000015258789,63.0,59.630001068115234,62.45000076293945,300000
2022-07-25,55.452781677246094,59.08000183105469,60.5,58.95000076293945,60.16999816894531,433300
2022-07-26,51.06011199951172,54.400001525878906,56.0099983215332,50.040000915527344,50.66999816894531,1173100
2022-07-27,54.035484313964844,57.56999969482422,57.66999816894531,54.81999969482422,55.439998626708984,475800
2022-07-28,54.9459342956543,58.540000915527344,58.650001525878906,55.400001525878906,56.31999969482422,564400
2022-07-29,53.03117752075195,56.5,58.16999816894531,55.70000076293945,58.16999816894531,414300
2022-08-01,55.6311149597168,59.27000045776367,59.970001220703125,55.5099983215332,56.13999938964844,294300
2022-08-02,54.5235595703125,58.09000015258789,59.790000915527344,57.400001525878906,58.970001220703125,341100
2022-08-03,56.466468811035156,60.15999984741211,60.599998474121094,58.47999954223633,58.47999954223633,216600
2022-08-04,56.466468811035156,60.15999984741211,60.88999938964844,59.68000030517578,60.43000030517578,214200
2022-08-05,56.34445571899414,60.029998779296875,60.040000915527344,58.4900016784668,58.970001220703125,194800
2022-08-08,58.24043655395508,62.04999923706055,62.220001220703125,60.529998779296875,60.529998779296875,339800
2022-08-09,55.40584945678711,59.029998779296875,61.59000015258789,58.709999084472656,61.43000030517578,274400
2022-08-10,57.3581428527832,61.11000061035156,62.2400016784668,60.630001068115234,60.630001068115234,228800
2022-08-11,57.611576080322266,61.380001068115234,63.099998474121094,61.0099983215332,61.93000030517578,201600
2022-08-12,59.3292236328125,63.209999084472656,63.349998474121094,61.7400016784668,62.220001220703125,209900
2022-08-15,58.76605987548828,62.61000061035156,64.12999725341797,61.93000030517578,63.08000183105469,273500
2022-08-16,60.68081283569336,64.6500015258789,65.12000274658203,62.5099983215332,63.060001373291016,282000
2022-08-17,57.59280776977539,61.36000061035156,63.34000015258789,61.20000076293945,62.849998474121094,260900
2022-08-18,58.47508239746094,62.29999923706055,62.29999923706055,60.5099983215332,61.0,285700
2022-08-19,56.34445571899414,60.029998779296875,62.11000061035156,59.029998779296875,61.61000061035156,348100
2022-08-22,54.42970275878906,57.9900016784668,59.36000061035156,57.88999938964844,59.150001525878906,224400
2022-08-23,53.82899475097656,57.349998474121094,58.650001525878906,57.13999938964844,58.06999969482422,511000
2022-08-24,53.838382720947266,57.36000061035156,57.95000076293945,56.959999084472656,57.38999938964844,275700
2022-08-25,56.36323547363281,60.04999923706055,60.470001220703125,58.7599983215332,58.97999954223633,196000
2022-08-26,54.354618072509766,57.90999984741211,60.849998474121094,57.72999954223633,60.220001220703125,217100
2022-08-29,53.209510803222656,56.689998626708984,58.4900016784668,56.650001525878906,57.33000183105469,282900
2022-08-30,52.27090835571289,55.689998626708984,57.52000045776367,55.599998474121094,57.2599983215332,343100
2022-08-31,52.23320007324219,55.40999984741211,57.189998626708984,55.040000915527344,56.2400016784668,488400
2022-09-01,53.41154098510742,56.65999984741211,56.790000915527344,54.22999954223633,54.97999954223633,345000
2022-09-02,52.54428482055664,55.7400016784668,57.720001220703125,55.25,57.40999984741211,219900
2022-09-06,51.81843566894531,54.970001220703125,55.97999954223633,54.91999816894531,55.939998626708984,206200
2022-09-07,53.32670211791992,56.56999969482422,56.59000015258789,55.130001068115234,55.33000183105469,232700
2022-09-08,53.109886169433594,56.34000015258789,56.970001220703125,55.369998931884766,55.869998931884766,232900
2022-09-09,54.56159210205078,57.880001068115234,58.15999984741211,56.650001525878906,56.790000915527344,241000
2022-09-12,54.17509841918945,57.470001220703125,59.38999938964844,57.349998474121094,58.290000915527344,256100
2022-09-13,50.91346740722656,54.0099983215332,55.79999923706055,53.95000076293945,55.529998779296875,285300
2022-09-14,51.09257507324219,54.20000076293945,54.84000015258789,53.900001525878906,54.29999923706055,269400
2022-09-15,52.87421798706055,56.09000015258789,56.13999938964844,53.5,53.689998626708984,422300
2022-09-16,51.479061126708984,54.61000061035156,55.380001068115234,53.040000915527344,54.66999816894531,951400
2022-09-19,50.87576675415039,53.970001220703125,54.66999816894531,53.04999923706055,54.20000076293945,248400
2022-09-20,49.65029525756836,52.66999816894531,53.88999938964844,52.58000183105469,53.22999954223633,501600
2022-09-21,48.4531135559082,51.400001525878906,53.31999969482422,51.380001068115234,53.09000015258789,246100
2022-09-22,46.8128662109375,49.65999984741211,51.189998626708984,49.619998931884766,51.06999969482422,277100
2022-09-23,46.973121643066406,49.83000183105469,50.040000915527344,49.13999938964844,49.13999938964844,567200
2022-09-26,46.41694259643555,49.2400016784668,50.7599983215332,49.189998626708984,49.470001220703125,414800
2022-09-27,46.40752410888672,49.22999954223633,50.81999969482422,48.63999938964844,49.86000061035156,393600
2022-09-28,48.057186126708984,50.97999954223633,51.36000061035156,49.369998931884766,49.369998931884766,551600
2022-09-29,47.180503845214844,50.04999923706055,50.20000076293945,49.279998779296875,49.9900016784668,291300
2022-09-30,47.29362487792969,50.16999816894531,51.15999984741211,49.810001373291016,50.06999969482422,361400
2022-10-03,48.30228042602539,51.2400016784668,51.5,49.88999938964844,50.63999938964844,285900
2022-10-04,49.810543060302734,52.84000015258789,53.529998779296875,52.2599983215332,52.56999969482422,377000
2022-10-05,49.68800354003906,52.709999084472656,52.849998474121094,51.619998931884766,52.15999984741211,235500
2022-10-06,49.53717041015625,52.54999923706055,53.59000015258789,52.119998931884766,52.66999816894531,167300
2022-10-07,47.7366828918457,50.63999938964844,51.939998626708984,50.09000015258789,51.65999984741211,230400
2022-10-10,47.1050910949707,49.970001220703125,50.900001525878906,49.84000015258789,50.900001525878906,231800
2022-10-11,47.70840072631836,50.61000061035156,50.95000076293945,48.310001373291016,49.54999923706055,272600
2022-10-12,47.86865234375,50.779998779296875,50.90999984741211,49.59000015258789,50.689998626708984,204300
2022-10-13,48.490814208984375,51.439998626708984,51.75,48.4900016784668,49.25,263500
2022-10-14,45.766502380371094,48.54999923706055,52.36000061035156,48.529998779296875,52.36000061035156,220000
2022-10-17,49.43347930908203,52.439998626708984,52.79999923706055,49.70000076293945,49.709999084472656,415600
2022-10-18,48.61335754394531,51.56999969482422,54.0,50.90999984741211,53.7599983215332,324700
2022-10-19,47.13337707519531,50.0,51.689998626708984,49.810001373291016,50.97999954223633,432800
2022-10-20,47.13337707519531,50.0,51.18000030517578,49.56999969482422,50.099998474121094,414600
2022-10-21,45.17262268066406,47.91999816894531,49.63999938964844,46.959999084472656,49.540000915527344,410500
2022-10-24,43.193023681640625,45.81999969482422,47.90999984741211,45.720001220703125,47.5099983215332,778500
2022-10-25,47.7366828918457,50.63999938964844,52.439998626708984,46.810001373291016,48.099998474121094,951000
2022-10-26,47.27477264404297,50.150001525878906,51.52000045776367,49.22999954223633,49.630001068115234,668600
2022-10-27,47.566993713378906,50.459999084472656,51.68000030517578,49.79999923706055,50.43000030517578,429000
2022-10-28,48.61335754394531,51.56999969482422,51.880001068115234,50.5099983215332,50.66999816894531,305800
2022-10-31,47.16164779663086,50.029998779296875,51.47999954223633,49.970001220703125,50.97999954223633,325900
2022-11-01,47.11451721191406,49.97999954223633,51.130001068115234,49.560001373291016,51.130001068115234,232900
2022-11-02,44.6635856628418,47.380001068115234,49.939998626708984,47.310001373291016,49.83000183105469,214600
2022-11-03,43.240150451660156,45.869998931884766,47.38999938964844,45.65999984741211,46.810001373291016,244800
2022-11-04,43.287288665771484,45.91999816894531,46.65999984741211,44.61000061035156,46.65999984741211,228400
2022-11-07,44.01314163208008,46.689998626708984,46.81999969482422,45.2599983215332,46.36000061035156,239900
2022-11-08,44.852115631103516,47.58000183105469,47.939998626708984,46.11000061035156,46.619998931884766,308800
2022-11-09,45.28574752807617,48.040000915527344,48.040000915527344,46.709999084472656,47.220001220703125,386700
2022-11-10,49.34864044189453,52.349998474121094,52.380001068115234,50.66999816894531,50.66999816894531,286800
2022-11-11,50.8192024230957,53.90999984741211,54.81999969482422,52.150001525878906,52.61000061035156,255900
2022-11-14,49.81997299194336,52.849998474121094,53.93000030517578,52.560001373291016,53.04999923706055,227100
2022-11-15,52.845943450927734,56.060001373291016,56.279998779296875,53.810001373291016,54.709999084472656,373000
2022-11-16,49.87653732299805,52.90999984741211,55.439998626708984,52.58000183105469,55.439998626708984,305900
2022-11-17,49.22609329223633,52.220001220703125,52.790000915527344,50.970001220703125,51.630001068115234,257900
2022-11-18,49.5088996887207,52.52000045776367,53.369998931884766,51.41999816894531,53.369998931884766,250700
2022-11-21,48.04776382446289,50.970001220703125,52.54999923706055,50.7599983215332,52.150001525878906,236600
2022-11-22,49.037559509277344,52.02000045776367,52.060001373291016,50.16999816894531,51.150001525878906,158800
2022-11-23,49.52775192260742,52.540000915527344,52.9900016784668,52.0,52.060001373291016,145200
2022-11-25,49.68800354003906,52.709999084472656,52.900001525878906,52.060001373291016,52.060001373291016,83500
2022-11-28,48.038333892822266,50.959999084472656,52.02000045776367,50.619998931884766,51.16999816894531,352900
2022-11-29,47.99120330810547,50.90999984741211,51.529998779296875,50.630001068115234,51.279998779296875,179100
2022-11-30,50.97466278076172,53.81999969482422,53.849998474121094,50.599998474121094,50.91999816894531,205100
2022-12-01,51.61872100830078,54.5,55.02000045776367,53.029998779296875,53.939998626708984,212600
2022-12-02,51.57136154174805,54.45000076293945,54.54999923706055,52.63999938964844,53.22999954223633,150100
2022-12-05,51.078857421875,53.93000030517578,54.70000076293945,53.529998779296875,54.18000030517578,215600
2022-12-06,46.939884185791016,49.560001373291016,53.880001068115234,49.560001373291016,53.880001068115234,188900
2022-12-07,46.80728530883789,49.41999816894531,50.15999984741211,48.970001220703125,49.2599983215332,197100
2022-12-08,47.80177307128906,50.470001220703125,51.40999984741211,49.279998779296875,49.790000915527344,117200
2022-12-09,47.60287857055664,50.2599983215332,51.11000061035156,49.45000076293945,49.970001220703125,133400
2022-12-12,48.1048583984375,50.790000915527344,51.15999984741211,49.83000183105469,50.13999938964844,155600
2022-12-13,48.32269287109375,51.02000045776367,54.31999969482422,50.189998626708984,53.38999938964844,453500
2022-12-14,48.076438903808594,50.7599983215332,53.08000183105469,50.13999938964844,50.63999938964844,349400
2022-12-15,47.337677001953125,49.97999954223633,50.16999816894531,49.290000915527344,49.959999084472656,473800
2022-12-16,47.08195495605469,49.709999084472656,50.4900016784668,49.599998474121094,49.86000061035156,901000
2022-12-19,47.54604721069336,50.20000076293945,50.33000183105469,49.0099983215332,49.70000076293945,676200
2022-12-20,48.06697463989258,50.75,51.790000915527344,49.5,49.849998474121094,410800
2022-12-21,49.26982879638672,52.02000045776367,52.209999084472656,50.95000076293945,51.209999084472656,224300
2022-12-22,49.411895751953125,52.16999816894531,52.2599983215332,50.86000061035156,51.459999084472656,242000
2022-12-23,49.65815353393555,52.43000030517578,52.459999084472656,51.34000015258789,51.86000061035156,215200
2022-12-27,49.22247314453125,51.970001220703125,52.47999954223633,51.22999954223633,52.290000915527344,427500
2022-12-28,48.06697463989258,50.75,52.15999984741211,50.7400016784668,51.939998626708984,172300
2022-12-29,49.999122619628906,52.790000915527344,52.79999923706055,51.130001068115234,51.34000015258789,168300
2022-12-30,49.93281936645508,52.720001220703125,52.7599983215332,51.650001525878906,52.0,177900
2023-01-03,50.87995910644531,53.720001220703125,54.65999984741211,52.65999984741211,54.099998474121094,232300
2023-01-04,52.01651382446289,54.91999816894531,55.0099983215332,54.060001373291016,54.720001220703125,190500
2023-01-05,52.08281707763672,54.9900016784668,55.5099983215332,53.4900016784668,54.52000045776367,213200
2023-01-06,52.85946273803711,55.810001373291016,55.93000030517578,54.09000015258789,55.5099983215332,224200
2023-01-09,53.37091064453125,56.349998474121094,57.63999938964844,56.2400016784668,56.41999816894531,196500
2023-01-10,54.829498291015625,57.88999938964844,57.939998626708984,55.810001373291016,55.810001373291016,195500
2023-01-11,56.4017333984375,59.54999923706055,59.56999969482422,58.18000030517578,58.18000030517578,374300
2023-01-12,57.71825408935547,60.939998626708984,60.939998626708984,58.84000015258789,59.66999816894531,208600
2023-01-13,57.8982048034668,61.130001068115234,61.29999923706055,60.279998779296875,60.279998779296875,372700
2023-01-17,58.14445495605469,61.38999938964844,61.810001373291016,60.849998474121094,61.20000076293945,278700
2023-01-18,58.13499450683594,61.380001068115234,62.470001220703125,61.029998779296875,61.849998474121094,248400
2023-01-19,57.79401779174805,61.02000045776367,61.79999923706055,59.9900016784668,60.79999923706055,153700
2023-01-20,57.784549713134766,61.0099983215332,62.380001068115234,60.91999816894531,61.59000015258789,224900
2023-01-23,58.90216064453125,62.189998626708984,62.59000015258789,60.790000915527344,61.11000061035156,253600
2023-01-24,58.83585739135742,62.119998931884766,62.97999954223633,61.869998931884766,61.869998931884766,269500
2023-01-25,59.54621505737305,62.869998931884766,62.880001068115234,60.720001220703125,61.189998626708984,229200
2023-01-26,60.758548736572266,64.1500015258789,65.44000244140625,63.470001220703125,63.619998931884766,238000
2023-01-27,65.92041015625,69.5999984741211,70.0,64.0,64.05000305175781,476300
2023-01-30,68.47767639160156,72.30000305175781,72.5,68.91000366210938,68.91000366210938,876300
2023-01-31,71.29065704345703,75.2699966430664,78.63999938964844,73.5199966430664,73.72000122070312,1276600
2023-02-01,72.62610626220703,76.68000030517578,77.5199966430664,74.0199966430664,74.91999816894531,318200
2023-02-02,74.65298461914062,78.81999969482422,81.2300033569336,77.86000061035156,79.18000030517578,599000
2023-02-03,72.68294525146484,76.73999786376953,78.06999969482422,75.19999694824219,76.11000061035156,642700
2023-02-06,73.52587890625,77.62999725341797,78.25,75.69999694824219,75.69999694824219,341600
2023-02-07,71.77369689941406,75.77999877929688,77.91999816894531,74.72000122070312,77.58999633789062,486500
2023-02-08,68.42085266113281,72.23999786376953,75.93000030517578,71.87000274658203,74.94000244140625,635400
2023-02-09,71.58426666259766,75.58000183105469,80.79000091552734,74.70999908447266,76.11000061035156,798200
2023-02-10,75.45804595947266,79.66999816894531,80.2699966430664,75.68000030517578,76.44000244140625,665900
2023-02-13,72.76819610595703,76.83000183105469,80.45999908447266,76.30000305175781,79.43000030517578,538400
2023-02-14,73.06179809570312,77.13999938964844,77.87000274658203,75.04000091552734,76.05999755859375,367800
2023-02-15,75.22126007080078,79.41999816894531,79.80999755859375,76.69999694824219,77.06999969482422,335600
2023-02-16,74.15099334716797,78.29000091552734,79.63999938964844,77.19999694824219,77.75,374400
2023-02-17,72.0578384399414,76.08000183105469,77.66999816894531,75.69000244140625,77.54000091552734,391900
2023-02-21,71.32853698730469,75.30999755859375,76.8499984741211,74.58000183105469,75.5,665600
2023-02-22,71.62215423583984,75.62000274658203,77.47000122070312,74.72000122070312,75.98999786376953,849600
2023-02-23,71.83999633789062,75.8499984741211,76.87000274658203,75.02999877929688,76.5199966430664,276700
2023-02-24,70.09725189208984,74.01000213623047,75.4000015258789,73.43000030517578,74.12999725341797,333500
2023-02-27,69.85101318359375,73.75,75.72000122070312,73.66000366210938,75.30000305175781,421600
2023-02-28,71.24329376220703,75.22000122070312,76.43000030517578,73.06999969482422,73.48999786376953,787200
2023-03-01,70.73001098632812,74.41000366210938,75.55999755859375,73.80000305175781,75.30999755859375,271600
2023-03-02,71.08170318603516,74.77999877929688,75.37000274658203,73.5,73.52999877929688,238400
2023-03-03,71.53797149658203,75.26000213623047,75.72000122070312,73.68000030517578,75.33000183105469,384200
2023-03-06,71.7756118774414,75.51000213623047,78.19000244140625,75.06999969482422,75.66999816894531,714800
2023-03-07,71.899169921875,75.63999938964844,76.69999694824219,74.16999816894531,75.56999969482422,566700
2023-03-08,70.86308288574219,74.55000305175781,75.77999877929688,73.88999938964844,75.55999755859375,322400
2023-03-09,69.0190200805664,72.61000061035156,75.0,72.19000244140625,74.45999908447266,482100
2023-03-10,66.69020080566406,70.16000366210938,72.12999725341797,68.4800033569336,72.12999725341797,606000
2023-03-13,65.96778869628906,69.4000015258789,70.81999969482422,68.48999786376953,69.19000244140625,433400
2023-03-14,67.27001190185547,70.7699966430664,72.05999755859375,69.52999877929688,71.31999969482422,371000
2023-03-15,66.4240493774414,69.87999725341797,70.51000213623047,69.23999786376953,69.55000305175781,391300
2023-03-16,67.18447875976562,70.68000030517578,70.75,67.38999938964844,69.37999725341797,426100
2023-03-17,65.15030670166016,68.54000091552734,70.27999877929688,68.1500015258789,70.27999877929688,607500
2023-03-20,66.0248031616211,69.45999908447266,69.87000274658203,67.69000244140625,68.54000091552734,384500
2023-03-21,65.94876098632812,69.37999725341797,70.94000244140625,68.70999908447266,70.06999969482422,694000
2023-03-22,66.547607421875,70.01000213623047,71.51000213623047,68.20999908447266,69.37999725341797,490400
2023-03-23,68.4962158203125,72.05999755859375,73.16000366210938,70.33000183105469,71.01000213623047,388800
2023-03-24,68.30612182617188,71.86000061035156,72.2300033569336,70.08999633789062,71.9800033569336,324000
2023-03-27,70.69197845458984,74.37000274658203,74.98999786376953,72.83000183105469,73.94999694824219,673000
2023-03-28,67.85936737060547,71.38999938964844,74.55999755859375,70.5999984741211,73.83999633789062,548900
2023-03-29,67.88787841796875,71.41999816894531,72.4800033569336,71.18000030517578,71.75,546100
2023-03-30,68.39165496826172,71.94999694824219,72.98999786376953,70.95999908447266,71.8499984741211,305700
2023-03-31,69.00951385498047,72.5999984741211,72.83999633789062,72.20999908447266,72.30999755859375,428400
2023-04-03,69.11407470703125,72.70999908447266,72.7699966430664,71.58000183105469,72.05999755859375,316400
2023-04-04,70.20721435546875,73.86000061035156,74.06999969482422,72.26000213623047,73.20999908447266,374500
2023-04-05,68.33463287353516,71.88999938964844,73.22000122070312,70.51000213623047,73.22000122070312,293600
2023-04-06,67.87837982177734,71.41000366210938,72.2699966430664,70.31999969482422,71.52999877929688,252700
2023-04-10,68.1540298461914,71.69999694824219,71.98999786376953,70.01000213623047,70.58000183105469,282500
2023-04-11,67.77381896972656,71.30000305175781,72.22000122070312,70.41000366210938,71.7699966430664,290200
2023-04-12,68.1255111694336,71.66999816894531,73.31999969482422,71.3499984741211,72.20999908447266,209500
2023-04-13,70.5398941040039,74.20999908447266,74.61000061035156,71.79000091552734,72.05999755859375,456400
2023-04-14,69.8174819946289,73.44999694824219,75.95999908447266,73.05000305175781,74.18000030517578,286100
2023-04-17,69.55133056640625,73.16999816894531,73.62999725341797,72.5,73.41000366210938,200600
2023-04-18,70.07413482666016,73.72000122070312,74.20999908447266,73.02999877929688,73.62999725341797,198700
2023-04-19,66.77574157714844,70.25,73.44999694824219,69.9000015258789,73.11000061035156,353400
2023-04-20,64.74158477783203,68.11000061035156,70.0199966430664,67.88999938964844,69.5,427100
2023-04-21,63.515377044677734,66.81999969482422,68.16999816894531,66.36000061035156,68.16999816894531,783700
2023-04-24,64.05718994140625,67.38999938964844,68.44999694824219,66.26000213623047,67.38999938964844,938200
2023-04-25,66.00580596923828,69.44000244140625,74.19999694824219,66.4000015258789,70.4800033569336,1050700
2023-04-26,62.63136291503906,65.88999938964844,70.51000213623047,65.01000213623047,70.33000183105469,827800
2023-04-27,63.800537109375,67.12000274658203,67.76000213623047,66.19999694824219,67.0,597400
2023-04-28,63.68647003173828,67.0,67.63999938964844,65.70999908447266,66.55999755859375,305500
2023-05-01,63.895591735839844,67.22000122070312,67.4800033569336,66.33999633789062,66.6500015258789,287500
2023-05-02,58.62957763671875,61.68000030517578,67.23999786376953,61.369998931884766,67.23999786376953,1085000
2023-05-03,52.19438934326172,54.90999984741211,61.52000045776367,54.33000183105469,61.40999984741211,1913500
2023-05-04,49.27621841430664,51.84000015258789,55.70000076293945,51.099998474121094,54.650001525878906,1751300
2023-05-05,49.07660675048828,51.630001068115234,52.91999816894531,50.16999816894531,51.650001525878906,1219000
2023-05-08,50.6259880065918,53.2599983215332,53.849998474121094,51.79999923706055,52.040000915527344,876400
2023-05-09,50.635501861572266,53.27000045776367,54.15999984741211,52.290000915527344,52.810001373291016,793000
2023-05-10,52.03280258178711,54.7400016784668,55.349998474121094,53.4900016784668,53.90999984741211,934000
2023-05-11,50.02715301513672,52.630001068115234,54.75,52.47999954223633,54.5099983215332,774200
2023-05-12,49.46633529663086,52.040000915527344,53.130001068115234,51.439998626708984,52.810001373291016,662800
2023-05-15,50.34082794189453,52.959999084472656,53.4900016784668,51.11000061035156,52.099998474121094,1065000
2023-05-16,48.753421783447266,51.290000915527344,52.63999938964844,51.0,52.11000061035156,709100
2023-05-17,49.32374572753906,51.88999938964844,52.470001220703125,50.810001373291016,51.060001373291016,868300
2023-05-18,50.188743591308594,52.79999923706055,53.09000015258789,51.619998931884766,51.900001525878906,676700
2023-05-19,49.532867431640625,52.11000061035156,53.529998779296875,51.54999923706055,52.86000061035156,614500
2023-05-22,51.2913703918457,53.959999084472656,54.27000045776367,52.029998779296875,52.029998779296875,746400
2023-05-23,50.54043960571289,53.16999816894531,56.04999923706055,53.0,54.959999084472656,654300
2023-05-24,48.658363342285156,51.189998626708984,53.27000045776367,51.15999984741211,52.970001220703125,733600
2023-05-25,46.51963806152344,48.939998626708984,51.459999084472656,48.650001525878906,51.22999954223633,1056200
2023-05-26,47.22304153442383,49.68000030517578,49.900001525878906,48.7599983215332,48.88999938964844,527400
2023-05-30,44.884708404541016,47.220001220703125,50.59000015258789,46.939998626708984,50.29999923706055,629900
2023-05-31,47.58065414428711,49.77000045776367,50.040000915527344,46.66999816894531,46.72999954223633,1192500
2023-06-01,47.513736724853516,49.70000076293945,50.290000915527344,48.97999954223633,50.0,863200
2023-06-02,48.08734130859375,50.29999923706055,50.93000030517578,49.439998626708984,49.77000045776367,723900
2023-06-05,46.57684326171875,48.720001220703125,50.04999923706055,48.59000015258789,49.84000015258789,466700
2023-06-06,47.790977478027344,49.9900016784668,50.06999969482422,48.52000045776367,48.61000061035156,819500
2023-06-07,48.4028205871582,50.630001068115234,53.9900016784668,50.59000015258789,53.20000076293945,1013000
2023-06-08,47.57109451293945,49.7599983215332,50.83000183105469,49.470001220703125,50.52000045776367,778500
2023-06-09,46.99748992919922,49.15999984741211,50.5099983215332,49.119998931884766,49.75,697400
2023-06-12,47.59977722167969,49.790000915527344,49.97999954223633,49.119998931884766,49.41999816894531,321600
2023-06-13,46.70112609863281,48.849998474121094,50.810001373291016,48.189998626708984,50.31999969482422,894000
2023-06-14,46.47168731689453,48.61000061035156,49.45000076293945,48.38999938964844,49.04999923706055,378700
2023-06-15,47.34165573120117,49.52000045776367,50.0,48.099998474121094,48.22999954223633,548000
2023-06-16,46.968807220458984,49.130001068115234,49.939998626708984,48.72999954223633,49.939998626708984,1044200
2023-06-20,46.07971954345703,48.20000076293945,49.11000061035156,47.81999969482422,48.529998779296875,652400
2023-06-21,46.204002380371094,48.33000183105469,48.95000076293945,47.63999938964844,47.95000076293945,583700
2023-06-22,46.49080276489258,48.630001068115234,48.630001068115234,47.7400016784668,47.97999954223633,424800
2023-06-23,45.01854705810547,47.09000015258789,48.689998626708984,47.08000183105469,48.2599983215332,1236800
2023-06-26,44.74129867553711,46.79999923706055,48.0,46.650001525878906,46.959999084472656,716400
2023-06-27,45.36271286010742,47.45000076293945,47.869998931884766,46.75,47.15999984741211,671600
2023-06-28,45.51567459106445,47.61000061035156,48.040000915527344,47.2599983215332,47.5,575400
2023-06-29,46.290042877197266,48.41999816894531,49.2599983215332,47.400001525878906,47.40999984741211,675000
2023-06-30,46.5290412902832,48.66999816894531,49.22999954223633,48.130001068115234,48.59000015258789,1092100
2023-07-03,47.41813278198242,49.599998474121094,49.70000076293945,48.84000015258789,49.0,341900
2023-07-05,47.70493698120117,49.900001525878906,50.25,48.22999954223633,49.150001525878906,1106100
2023-07-06,46.796722412109375,48.95000076293945,50.43000030517578,48.880001068115234,49.619998931884766,932300
2023-07-07,46.36652374267578,48.5,49.560001373291016,48.439998626708984,48.90999984741211,572300
2023-07-10,46.75848388671875,48.90999984741211,49.11000061035156,48.34000015258789,48.400001525878906,536200
2023-07-11,51.01273727416992,53.36000061035156,54.93000030517578,50.5099983215332,50.83000183105469,2053000
2023-07-12,52.867393493652344,55.29999923706055,56.2400016784668,53.97999954223633,54.290000915527344,1244200
2023-07-13,54.4448127746582,56.95000076293945,57.38999938964844,55.61000061035156,56.099998474121094,873100
2023-07-14,52.771793365478516,55.20000076293945,57.15999984741211,55.130001068115234,56.93000030517578,557200
2023-07-17,54.387451171875,56.88999938964844,56.93000030517578,54.900001525878906,55.220001220703125,665100
2023-07-18,54.57865524291992,57.09000015258789,58.41999816894531,56.86000061035156,57.0,934400
2023-07-19,53.173316955566406,55.619998931884766,57.650001525878906,55.5099983215332,57.279998779296875,576700
2023-07-20,51.041412353515625,53.38999938964844,55.459999084472656,53.13999938964844,55.29999923706055,728800
2023-07-21,50.78329086303711,53.119998931884766,54.209999084472656,52.650001525878906,54.0,463500
2023-07-24,50.343528747558594,52.65999984741211,53.720001220703125,52.5,53.31999969482422,466700
2023-07-25,49.731685638427734,52.02000045776367,53.150001525878906,52.0,52.54999923706055,598000
2023-07-26,49.40663528442383,51.68000030517578,52.290000915527344,51.40999984741211,51.810001373291016,423300
2023-07-27,47.87702178955078,50.08000183105469,52.52000045776367,49.779998779296875,52.52000045776367,714200
2023-07-28,48.412384033203125,50.63999938964844,51.18000030517578,50.08000183105469,50.84000015258789,418300
2023-07-31,49.1867561340332,51.45000076293945,51.72999954223633,50.560001373291016,50.70000076293945,821600
2023-08-01,44.36846160888672,46.40999984741211,52.4900016784668,46.310001373291016,52.119998931884766,1498100
2023-08-02,40.99374008178711,42.880001068115234,46.34000015258789,42.65999984741211,45.619998931884766,1302800
2023-08-03,41.204063415527344,43.099998474121094,43.630001068115234,41.7599983215332,42.54999923706055,904800
2023-08-04,41.710750579833984,43.630001068115234,44.11000061035156,42.709999084472656,43.0,828300
2023-08-07,41.80635070800781,43.72999954223633,44.189998626708984,43.119998931884766,43.439998626708984,582100
2023-08-08,41.64383316040039,43.560001373291016,44.060001373291016,42.2400016784668,42.77000045776367,692600
2023-08-09,41.92107009887695,43.849998474121094,43.880001068115234,42.65999984741211,43.38999938964844,623100
2023-08-10,41.61514663696289,43.529998779296875,44.560001373291016,43.2400016784668,44.099998474121094,576700
2023-08-11,41.55778503417969,43.470001220703125,43.83000183105469,43.029998779296875,43.029998779296875,453000
2023-08-14,41.768104553222656,43.689998626708984,43.810001373291016,42.88999938964844,43.0099983215332,761600
2023-08-15,40.82166290283203,42.70000076293945,43.2599983215332,42.459999084472656,43.099998474121094,417600
2023-08-16,40.200252532958984,42.04999923706055,42.939998626708984,42.0,42.36000061035156,660800
2023-08-17,39.81785202026367,41.650001525878906,42.279998779296875,41.439998626708984,42.130001068115234,582400
2023-08-18,39.64577102661133,41.470001220703125,41.88999938964844,40.61000061035156,40.9900016784668,362800
2023-08-21,39.82740783691406,41.65999984741211,41.900001525878906,41.02000045776367,41.22999954223633,608000
2023-08-22,40.563533782958984,42.43000030517578,42.58000183105469,41.75,41.810001373291016,430100
2023-08-23,41.55778503417969,43.470001220703125,43.52000045776367,42.5,42.5,490500
2023-08-24,39.82740783691406,41.65999984741211,43.81999969482422,41.06999969482422,43.560001373291016,1010100
2023-08-25,39.80828857421875,41.63999938964844,42.540000915527344,41.0099983215332,42.0,396900
2023-08-28,40.248050689697266,42.099998474121094,42.279998779296875,41.68000030517578,42.0099983215332,301600
2023-08-29,40.314971923828125,42.16999816894531,42.34000015258789,42.0,42.13999938964844,332200
2023-08-30,40.75757598876953,42.36000061035156,42.380001068115234,41.599998474121094,41.86000061035156,359500
2023-08-31,40.517032623291016,42.11000061035156,43.11000061035156,42.040000915527344,42.84000015258789,397600
2023-09-01,40.56513977050781,42.15999984741211,42.560001373291016,41.90999984741211,42.560001373291016,392600
2023-09-05,40.3245964050293,41.90999984741211,42.279998779296875,41.36000061035156,41.58000183105469,378000
2023-09-06,40.170650482177734,41.75,42.189998626708984,41.5,41.849998474121094,653100
2023-09-07,38.70814895629883,40.22999954223633,41.310001373291016,40.029998779296875,41.16999816894531,656000
2023-09-08,38.21744155883789,39.720001220703125,40.400001525878906,38.83000183105469,40.0,887700
2023-09-11,38.07311248779297,39.56999969482422,41.119998931884766,39.54999923706055,40.22999954223633,883900
2023-09-12,37.61127471923828,39.09000015258789,39.61000061035156,39.0,39.22999954223633,477200
2023-09-13,38.29441452026367,39.79999923706055,40.06999969482422,39.060001373291016,39.09000015258789,443300
2023-09-14,39.304691314697266,40.849998474121094,41.2599983215332,40.279998779296875,40.380001068115234,344900
2023-09-15,39.285457611083984,40.83000183105469,41.119998931884766,39.939998626708984,40.97999954223633,920400
2023-09-18,38.57344436645508,40.09000015258789,40.720001220703125,39.5099983215332,40.619998931884766,378800
2023-09-19,37.89030456542969,39.380001068115234,40.279998779296875,38.90999984741211,39.849998474121094,448700
2023-09-20,37.29375457763672,38.7599983215332,39.810001373291016,38.58000183105469,39.75,423100
2023-09-21,36.735694885253906,38.18000030517578,38.72999954223633,37.86000061035156,38.119998931884766,389500
2023-09-22,36.379695892333984,37.810001373291016,38.779998779296875,37.720001220703125,38.529998779296875,285700
2023-09-25,36.10066604614258,37.52000045776367,37.869998931884766,37.09000015258789,37.369998931884766,249900
2023-09-26,35.14811325073242,36.529998779296875,37.560001373291016,36.5099983215332,37.11000061035156,368400
2023-09-27,35.28281784057617,36.66999816894531,37.27000045776367,36.47999954223633,36.709999084472656,417800
2023-09-28,36.00444793701172,37.41999816894531,37.4900016784668,36.20000076293945,36.560001373291016,389400
2023-09-29,36.61061477661133,38.04999923706055,38.400001525878906,37.630001068115234,38.0099983215332,424600
2023-10-02,36.85115432739258,38.29999923706055,38.849998474121094,37.91999816894531,37.95000076293945,611700
2023-10-03,36.21612548828125,37.63999938964844,38.150001525878906,37.2400016784668,37.83000183105469,352700
2023-10-04,36.21612548828125,37.63999938964844,37.959999084472656,37.310001373291016,37.70000076293945,292500
2023-10-05,35.53298568725586,36.93000030517578,37.619998931884766,36.52000045776367,37.54999923706055,337500
2023-10-06,35.89860916137695,37.310001373291016,37.43000030517578,36.220001220703125,36.470001220703125,424600
2023-10-09,36.66835021972656,38.11000061035156,38.189998626708984,36.90999984741211,37.04999923706055,285000
2023-10-10,37.74597930908203,39.22999954223633,39.65999984741211,38.11000061035156,38.20000076293945,483900
2023-10-11,37.50543212890625,38.97999954223633,39.90999984741211,38.34000015258789,39.38999938964844,334400
2023-10-12,36.52402114868164,37.959999084472656,39.189998626708984,37.70000076293945,39.189998626708984,341200
2023-10-13,35.52336120605469,36.91999816894531,38.06999969482422,36.849998474121094,38.0099983215332,399500
2023-10-16,37.245643615722656,38.709999084472656,38.88999938964844,36.959999084472656,37.29999923706055,462700
2023-10-17,37.9672737121582,39.459999084472656,39.790000915527344,38.09000015258789,38.09000015258789,465500
2023-10-18,36.98585891723633,38.439998626708984,39.0,38.33000183105469,38.880001068115234,299700
2023-10-19,35.30206298828125,36.689998626708984,37.40999984741211,34.279998779296875,37.290000915527344,794100
2023-10-20,34.108970642089844,35.45000076293945,36.84000015258789,35.380001068115234,36.790000915527344,521600
2023-10-23,34.051239013671875,35.38999938964844,36.290000915527344,34.83000183105469,35.22999954223633,483000
2023-10-24,33.88766860961914,35.220001220703125,36.18000030517578,35.189998626708984,35.900001525878906,388600
2023-10-25,33.675994873046875,35.0,35.2599983215332,34.5,34.709999084472656,414700
2023-10-26,33.41620635986328,34.72999954223633,35.349998474121094,34.349998474121094,34.7599983215332,335800
2023-10-27,32.627227783203125,33.90999984741211,35.09000015258789,33.79999923706055,34.66999816894531,550100
2023-10-30,33.01210021972656,34.310001373291016,34.779998779296875,33.81999969482422,34.5,313200
2023-10-31,39.1411247253418,40.68000030517578,42.02000045776367,38.720001220703125,39.400001525878906,1472400
2023-11-01,35.90822982788086,37.31999969482422,41.04999923706055,37.029998779296875,40.709999084472656,911200
2023-11-02,38.41949462890625,39.93000030517578,39.95000076293945,37.779998779296875,38.2599983215332,761600
2023-11-03,40.13216018676758,41.709999084472656,41.720001220703125,40.02000045776367,41.0099983215332,704400
2023-11-06,40.64210891723633,42.2400016784668,42.43000030517578,40.959999084472656,41.380001068115234,734000
2023-11-07,39.997459411621094,41.56999969482422,42.52000045776367,41.189998626708984,42.099998474121094,517600
2023-11-08,39.62221145629883,41.18000030517578,42.349998474121094,40.58000183105469,41.43000030517578,537000
2023-11-09,38.28479766845703,39.790000915527344,41.68000030517578,39.560001373291016,41.54999923706055,305200
2023-11-10,39.21809768676758,40.7599983215332,40.869998931884766,39.34000015258789,39.880001068115234,265300
2023-11-13,38.85247802734375,40.380001068115234,40.790000915527344,40.099998474121094,40.54999923706055,275700
2023-11-14,43.259212493896484,44.959999084472656,45.11000061035156,42.0099983215332,42.18000030517578,769000
2023-11-15,43.730682373046875,45.45000076293945,46.2599983215332,44.83000183105469,44.97999954223633,805100
2023-11-16,42.277801513671875,43.939998626708984,44.9900016784668,43.599998474121094,44.9900016784668,378900
2023-11-17,43.2880859375,44.9900016784668,45.290000915527344,43.720001220703125,44.20000076293945,464700
2023-11-20,44.09630584716797,45.83000183105469,45.849998474121094,44.689998626708984,44.86000061035156,416200
2023-11-21,43.230350494384766,44.93000030517578,46.380001068115234,44.93000030517578,45.619998931884766,534000
2023-11-22,43.663333892822266,45.380001068115234,46.0099983215332,44.900001525878906,45.54999923706055,410200
2023-11-24,43.36505889892578,45.06999969482422,45.79999923706055,44.900001525878906,45.0,171900
2023-11-27,42.75889205932617,44.439998626708984,45.5,44.27000045776367,44.68000030517578,392200
2023-11-28,43.24959945678711,44.95000076293945,45.47999954223633,44.25,44.58000183105469,314000
2023-11-29,42.910804748535156,44.33000183105469,46.06999969482422,44.310001373291016,45.189998626708984,348100
2023-11-30,42.50424575805664,43.90999984741211,45.0,43.86000061035156,44.810001373291016,404400
2023-12-01,44.31438064575195,45.779998779296875,45.790000915527344,43.099998474121094,43.83000183105469,412700
2023-12-04,45.60179901123047,47.11000061035156,47.83000183105469,45.18000030517578,45.18000030517578,524800
2023-12-05,43.23991394042969,44.66999816894531,46.54999923706055,44.54999923706055,46.5,403200
2023-12-06,43.878787994384766,45.33000183105469,45.630001068115234,44.45000076293945,45.209999084472656,458900
2023-12-07,44.06270217895508,45.52000045776367,46.040000915527344,45.150001525878906,45.25,388600
2023-12-08,43.59806823730469,45.040000915527344,46.369998931884766,44.84000015258789,45.47999954223633,419100
2023-12-11,43.327030181884766,44.7599983215332,45.29999923706055,44.540000915527344,44.86000061035156,290400
2023-12-12,43.53999328613281,44.97999954223633,45.16999816894531,44.04999923706055,44.650001525878906,289000
2023-12-13,45.369483947753906,46.869998931884766,46.9900016784668,43.83000183105469,44.88999938964844,578400
2023-12-14,44.84677505493164,46.33000183105469,50.9900016784668,45.27000045776367,48.34000015258789,759100
2023-12-15,44.788692474365234,46.27000045776367,46.86000061035156,45.52000045776367,46.79999923706055,2283200
2023-12-18,45.90187072753906,47.41999816894531,47.43000030517578,45.86000061035156,46.68000030517578,510800
2023-12-19,46.734344482421875,48.279998779296875,48.810001373291016,47.9900016784668,48.189998626708984,334000
2023-12-20,46.00835418701172,47.529998779296875,48.9900016784668,47.2400016784668,48.189998626708984,431400
2023-12-21,47.770084381103516,49.349998474121094,49.59000015258789,47.88999938964844,48.13999938964844,495900
2023-12-22,47.440975189208984,49.0099983215332,50.029998779296875,48.27000045776367,49.18000030517578,616200
2023-12-26,47.12153625488281,48.68000030517578,49.150001525878906,48.56999969482422,49.150001525878906,248500
2023-12-27,46.995697021484375,48.54999923706055,49.08000183105469,48.43000030517578,48.540000915527344,292400
2023-12-28,47.14089584350586,48.70000076293945,48.959999084472656,48.08000183105469,48.400001525878906,273100
2023-12-29,46.734344482421875,48.279998779296875,49.31999969482422,47.959999084472656,48.439998626708984,450900
2024-01-02,46.076114654541016,47.599998474121094,48.529998779296875,47.16999816894531,47.61000061035156,642600
2024-01-03,44.54669952392578,46.02000045776367,47.150001525878906,46.0,46.959999084472656,550100
2024-01-04,44.91453170776367,46.400001525878906,46.56999969482422,45.290000915527344,45.849998474121094,342400
2024-01-05,45.48564529418945,46.9900016784668,47.68000030517578,45.959999084472656,45.959999084472656,314300
2024-01-08,47.518409729003906,49.09000015258789,49.5099983215332,46.75,47.27000045776367,443400
2024-01-09,46.85050582885742,48.400001525878906,49.41999816894531,48.040000915527344,48.4900016784668,354100
2024-01-10,47.41193389892578,48.97999954223633,49.5099983215332,47.86000061035156,48.15999984741211,424600
2024-01-11,47.208656311035156,48.77000045776367,49.029998779296875,47.79999923706055,49.0,358500
2024-01-12,47.189300537109375,48.75,49.939998626708984,48.400001525878906,49.13999938964844,521000
2024-01-16,46.43427276611328,47.970001220703125,48.349998474121094,47.59000015258789,48.209999084472656,513100
2024-01-17,46.5504264831543,48.09000015258789,48.290000915527344,46.63999938964844,46.939998626708984,371000
2024-01-18,47.024742126464844,48.58000183105469,48.65999984741211,47.689998626708984,48.52000045776367,252800
2024-01-19,48.331520080566406,49.93000030517578,50.150001525878906,48.31999969482422,48.959999084472656,336400
2024-01-22,48.505760192871094,50.11000061035156,51.61000061035156,49.65999984741211,50.529998779296875,629800
2024-01-23,48.3992805480957,50.0,51.58000183105469,49.68000030517578,50.93000030517578,520100
2024-01-24,46.32779312133789,47.86000061035156,50.61000061035156,47.720001220703125,50.61000061035156,533400
2024-01-25,46.51170349121094,48.04999923706055,48.61000061035156,47.58000183105469,48.54999923706055,405300
2024-01-26,45.204925537109375,46.70000076293945,48.720001220703125,46.560001373291016,48.33000183105469,833800
2024-01-29,46.802101135253906,48.349998474121094,48.369998931884766,46.47999954223633,46.849998474121094,428100
2024-01-30,47.566810607910156,49.13999938964844,49.47999954223633,48.2400016784668,49.040000915527344,527300
2024-01-31,45.466285705566406,46.970001220703125,49.060001373291016,46.720001220703125,48.4900016784668,444600
2024-02-01,45.8631591796875,47.380001068115234,47.95000076293945,46.970001220703125,47.43000030517578,297500
2024-02-02,46.14386749267578,47.66999816894531,48.06999969482422,46.43000030517578,46.97999954223633,268300
2024-02-05,43.02695846557617,44.45000076293945,47.41999816894531,44.29999923706055,47.20000076293945,665500
2024-02-06,43.559349060058594,45.0,45.4900016784668,43.880001068115234,44.560001373291016,536800
2024-02-07,42.446163177490234,43.849998474121094,44.970001220703125,43.720001220703125,44.75,491900
2024-02-08,42.88175964355469,44.29999923706055,44.630001068115234,43.369998931884766,43.849998474121094,616900
2024-02-09,44.80805206298828,46.290000915527344,46.41999816894531,44.130001068115234,44.29999923706055,369800
2024-02-12,46.76338195800781,48.310001373291016,49.38999938964844,46.709999084472656,46.709999084472656,492000
2024-02-13,43.114078521728516,44.540000915527344,46.43000030517578,44.08000183105469,46.029998779296875,492200
2024-02-14,45.37916564941406,46.880001068115234,47.0,45.0,45.459999084472656,352800
2024-02-15,46.269710540771484,47.79999923706055,48.529998779296875,46.939998626708984,47.40999984741211,437200
2024-02-16,43.75294876098633,45.20000076293945,46.849998474121094,45.029998779296875,46.79999923706055,528900
2024-02-20,43.04631805419922,44.470001220703125,44.810001373291016,43.77000045776367,44.209999084472656,869000
2024-02-21,42.50424575805664,43.90999984741211,44.02000045776367,36.79999923706055,39.4900016784668,1393800
2024-02-22,43.28831100463867,44.720001220703125,44.84000015258789,42.95000076293945,43.630001068115234,774300
2024-02-23,45.27268600463867,46.77000045776367,46.9900016784668,44.529998779296875,44.650001525878906,660800
2024-02-26,45.001651763916016,46.4900016784668,48.060001373291016,46.349998474121094,46.79999923706055,597500
2024-02-27,45.805076599121094,47.31999969482422,47.36000061035156,46.130001068115234,47.18000030517578,434700
2024-02-28,45.89274978637695,47.11000061035156,47.349998474121094,46.16999816894531,46.4900016784668,783900
2024-02-29,47.50011444091797,48.7599983215332,49.119998931884766,47.369998931884766,47.97999954223633,455500
2024-03-01,48.786014556884766,50.08000183105469,50.36000061035156,47.75,49.0099983215332,551000
2024-03-04,48.22099304199219,49.5,50.86000061035156,49.31999969482422,50.20000076293945,651100
2024-03-05,49.195159912109375,50.5,50.66999816894531,48.43000030517578,48.88999938964844,471600
2024-03-06,48.74704360961914,50.040000915527344,51.310001373291016,49.0,51.0,681300
2024-03-07,50.45182800292969,51.790000915527344,52.02000045776367,50.02000045776367,50.59000015258789,652800
2024-03-08,49.10748291015625,50.40999984741211,54.40999984741211,50.380001068115234,52.630001068115234,776000
2024-03-11,48.776268005371094,50.06999969482422,51.959999084472656,49.97999954223633,50.72999954223633,491100
2024-03-12,49.22438049316406,50.529998779296875,50.939998626708984,49.41999816894531,50.08000183105469,443500
2024-03-13,50.05242156982422,51.380001068115234,52.45000076293945,50.220001220703125,50.220001220703125,481300
2024-03-14,47.87030029296875,49.13999938964844,51.349998474121094,48.459999084472656,51.2599983215332,575600
2024-03-15,47.324771881103516,48.58000183105469,49.369998931884766,48.15999984741211,48.83000183105469,2011500
2024-03-18,46.19473648071289,47.41999816894531,49.349998474121094,47.22999954223633,48.95000076293945,518900
2024-03-19,44.947811126708984,46.13999938964844,47.91999816894531,45.95000076293945,46.939998626708984,525500
2024-03-20,46.03887176513672,47.2599983215332,47.790000915527344,45.84000015258789,46.16999816894531,524900
2024-03-21,46.99355697631836,48.2400016784668,48.41999816894531,47.099998474121094,47.45000076293945,386100
2024-03-22,45.20109558105469,46.400001525878906,48.380001068115234,46.099998474121094,48.25,311700
2024-03-25,46.02913284301758,47.25,47.79999923706055,46.150001525878906,46.380001068115234,414400
2024-03-26,44.70427322387695,45.88999938964844,47.88999938964844,45.849998474121094,47.849998474121094,296900
2024-03-27,44.957557678222656,46.150001525878906,47.20000076293945,45.90999984741211,46.38999938964844,416000
2024-03-28,44.6263427734375,45.810001373291016,46.650001525878906,45.7599983215332,46.150001525878906,512100
2024-04-01,44.04184341430664,45.209999084472656,46.459999084472656,44.83000183105469,46.06999969482422,504500
2024-04-02,42.6000862121582,43.72999954223633,44.54999923706055,42.310001373291016,44.310001373291016,694900
2024-04-03,42.07403564453125,43.189998626708984,44.20000076293945,42.86000061035156,43.47999954223633,477400
2024-04-04,42.60982894897461,43.7400016784668,44.52000045776367,43.45000076293945,43.63999938964844,362800
2024-04-05,42.405250549316406,43.529998779296875,44.290000915527344,43.029998779296875,43.29999923706055,336400
2024-04-08,42.6487922668457,43.779998779296875,45.13999938964844,43.77000045776367,44.279998779296875,371400
2024-04-09,43.116390228271484,44.2599983215332,44.70000076293945,43.630001068115234,43.939998626708984,278700
2024-04-10,40.42770767211914,41.5,42.880001068115234,41.209999084472656,42.880001068115234,377600
2024-04-11,41.47980499267578,42.58000183105469,42.93000030517578,41.52000045776367,41.90999984741211,343600
2024-04-12,40.525115966796875,41.599998474121094,42.2400016784668,41.279998779296875,42.189998626708984,272800
2024-04-15,39.7263069152832,40.779998779296875,42.2400016784668,40.560001373291016,41.83000183105469,373100
2024-04-16,39.58018493652344,40.630001068115234,41.029998779296875,40.2400016784668,40.63999938964844,317300
2024-04-17,39.511993408203125,40.560001373291016,41.29999923706055,40.36000061035156,41.029998779296875,456200
2024-04-18,39.80424118041992,40.86000061035156,41.130001068115234,40.099998474121094,40.630001068115234,369700
2024-04-19,39.930885314941406,40.9900016784668,41.66999816894531,40.529998779296875,40.56999969482422,401500
2024-04-22,40.778404235839844,41.86000061035156,41.97999954223633,40.7400016784668,41.2400016784668,322100
2024-04-23,41.68437194824219,42.790000915527344,43.439998626708984,41.779998779296875,41.779998779296875,309100
2024-04-24,41.66489028930664,42.77000045776367,43.0,42.2599983215332,42.529998779296875,273100
2024-04-25,41.09013748168945,42.18000030517578,42.33000183105469,41.209999084472656,41.779998779296875,238200
2024-04-26,41.26548385620117,42.36000061035156,43.220001220703125,42.20000076293945,42.47999954223633,159700
2024-04-29,41.82075881958008,42.93000030517578,43.04999923706055,42.27000045776367,42.4900016784668,272300
2024-04-30,41.606441497802734,42.709999084472656,43.2400016784668,42.279998779296875,42.38999938964844,445000
2024-05-01,41.343414306640625,42.439998626708984,44.130001068115234,42.209999084472656,42.90999984741211,626500
2024-05-02,40.67124557495117,41.75,44.7599983215332,40.20000076293945,44.63999938964844,652900
2024-05-03,38.22610092163086,39.2400016784668,44.09000015258789,38.970001220703125,43.099998474121094,614800
2024-05-06,38.908016204833984,39.939998626708984,40.16999816894531,38.97999954223633,39.65999984741211,584300
2024-05-07,38.2845458984375,39.29999923706055,40.75,39.22999954223633,39.959999084472656,344400
2024-05-08,37.66108322143555,38.65999984741211,39.22999954223633,38.290000915527344,38.45000076293945,387500
2024-05-09,39.09310531616211,40.130001068115234,40.130001068115234,38.310001373291016,38.5099983215332,387200
2024-05-10,39.55095672607422,40.599998474121094,40.63999938964844,39.58000183105469,40.099998474121094,386700
2024-05-13,40.66150665283203,41.7400016784668,42.97999954223633,41.0,41.0,459400
2024-05-14,41.703853607177734,42.810001373291016,43.54999923706055,42.470001220703125,42.54999923706055,558200
2024-05-15,41.77204513549805,42.880001068115234,43.61000061035156,42.060001373291016,43.36000061035156,443100
2024-05-16,40.93427276611328,42.02000045776367,43.040000915527344,41.959999084472656,42.720001220703125,337900
2024-05-17,40.8563346862793,41.939998626708984,42.400001525878906,41.72999954223633,41.95000076293945,276300
2024-05-20,40.42770767211914,41.5,42.220001220703125,41.279998779296875,41.790000915527344,286000
2024-05-21,39.50225067138672,40.54999923706055,41.310001373291016,40.529998779296875,41.22999954223633,269700
2024-05-22,38.138427734375,39.150001525878906,40.81999969482422,39.099998474121094,40.33000183105469,323800
2024-05-23,36.735633850097656,37.709999084472656,39.310001373291016,37.61000061035156,39.209999084472656,505100
2024-05-24,36.229068756103516,37.189998626708984,38.33000183105469,37.0,37.88999938964844,384600
2024-05-28,35.62508773803711,36.56999969482422,37.47999954223633,36.40999984741211,37.220001220703125,1074600
2024-05-29,37.01813888549805,38.0,38.630001068115234,36.880001068115234,37.0,1813100
2024-05-30,40.24863815307617,40.9900016784668,41.189998626708984,38.0099983215332,38.0099983215332,776200
2024-05-31,39.895145416259766,40.630001068115234,41.25,40.08000183105469,41.25,473800
2024-06-03,38.824859619140625,39.540000915527344,41.34000015258789,39.5,40.959999084472656,415500
2024-06-04,37.80366897583008,38.5,40.0,38.290000915527344,39.0099983215332,418100
2024-06-05,38.304447174072266,39.0099983215332,39.209999084472656,38.34000015258789,38.70000076293945,377600
2024-06-06,38.76594543457031,39.47999954223633,39.529998779296875,38.7599983215332,38.849998474121094,215300
2024-06-07,37.34217071533203,38.029998779296875,39.25,37.83000183105469,38.709999084472656,337400
2024-06-10,37.92150115966797,38.619998931884766,38.86000061035156,37.290000915527344,37.540000915527344,348500
2024-06-11,37.93132019042969,38.630001068115234,38.66999816894531,37.619998931884766,38.18000030517578,285000
2024-06-12,39.188167572021484,39.90999984741211,40.88999938964844,39.54999923706055,40.0,541700
2024-06-13,39.36491394042969,40.09000015258789,40.720001220703125,39.599998474121094,39.709999084472656,443900
2024-06-14,39.816593170166016,40.54999923706055,40.84000015258789,39.310001373291016,39.5,477800
2024-06-17,38.87395477294922,39.59000015258789,40.779998779296875,39.59000015258789,40.22999954223633,431100
2024-06-18,39.27653884887695,40.0,40.709999084472656,39.27000045776367,39.349998474121094,387300
2024-06-20,39.031063079833984,39.75,40.54999923706055,39.65999984741211,39.97999954223633,395800
2024-06-21,37.32252883911133,38.0099983215332,39.79999923706055,37.63999938964844,39.66999816894531,840900
2024-06-24,37.13597106933594,37.81999969482422,38.79999923706055,37.459999084472656,38.029998779296875,377300
2024-06-25,37.08687210083008,37.77000045776367,37.880001068115234,37.279998779296875,37.720001220703125,272000
2024-06-26,37.2537956237793,37.939998626708984,38.119998931884766,37.5099983215332,37.529998779296875,381500
2024-06-27,37.6072883605957,38.29999923706055,38.810001373291016,37.95000076293945,38.2400016784668,474600
2024-06-28,38.00005340576172,38.70000076293945,38.84000015258789,37.84000015258789,38.560001373291016,863700
2024-07-01,36.70392608642578,37.380001068115234,38.959999084472656,36.880001068115234,38.58000183105469,368200
2024-07-02,35.113224029541016,35.7599983215332,37.38999938964844,35.70000076293945,37.369998931884766,252700
2024-07-03,34.995399475097656,35.63999938964844,36.209999084472656,35.25,35.7599983215332,202200
2024-07-05,34.38661193847656,35.02000045776367,35.65999984741211,34.75,35.61000061035156,349800
2024-07-08,34.44552993774414,35.08000183105469,35.47999954223633,34.38999938964844,35.20000076293945,313200
2024-07-09,35.564910888671875,36.220001220703125,36.22999954223633,34.77000045776367,35.08000183105469,341500
2024-07-10,36.30134201049805,36.970001220703125,37.06999969482422,35.7599983215332,36.38999938964844,458900
2024-07-11,38.08842468261719,38.790000915527344,38.869998931884766,37.52000045776367,38.0,510900
2024-07-12,38.64811706542969,39.36000061035156,39.540000915527344,38.5,39.349998474121094,454000
2024-07-15,39.738040924072266,40.470001220703125,41.029998779296875,39.4900016784668,39.63999938964844,524200
2024-07-16,41.9571647644043,42.72999954223633,42.7400016784668,40.849998474121094,41.06999969482422,552100
2024-07-17,41.51530456542969,42.279998779296875,43.130001068115234,41.0099983215332,42.060001373291016,428100
2024-07-18,40.37628173828125,41.119998931884766,43.130001068115234,40.90999984741211,42.130001068115234,393700
2024-07-19,39.88532638549805,40.619998931884766,41.4900016784668,40.41999816894531,41.0,353500
2024-07-22,40.40574645996094,41.150001525878906,41.22999954223633,40.380001068115234,40.77000045776367,342400
2024-07-23,40.71995544433594,41.470001220703125,41.75,40.54999923706055,41.189998626708984,428000
2024-07-24,39.423828125,40.150001525878906,41.880001068115234,40.150001525878906,41.16999816894531,364000
2024-07-25,41.09307861328125,41.849998474121094,42.220001220703125,39.709999084472656,40.150001525878906,359600
2024-07-26,41.83933639526367,42.61000061035156,43.06999969482422,41.93000030517578,42.560001373291016,360000
2024-07-29,42.01607894897461,42.790000915527344,43.18000030517578,42.27000045776367,42.83000183105469,359200
2024-07-30,42.74269485473633,43.529998779296875,43.709999084472656,42.130001068115234,43.0,434500
2024-07-31,43.42021560668945,44.220001220703125,46.099998474121094,43.08000183105469,43.720001220703125,772700
2024-08-01,39.8067741394043,40.540000915527344,44.45000076293945,40.31999969482422,44.45000076293945,903900
2024-08-02,38.7757682800293,39.4900016784668,40.4900016784668,38.22999954223633,38.970001220703125,566200
2024-08-05,37.283260345458984,37.970001220703125,38.560001373291016,36.75,36.84000015258789,818700
2024-08-06,36.06568145751953,36.72999954223633,36.959999084472656,33.66999816894531,36.400001525878906,1327700
2024-08-07,35.90857696533203,36.56999969482422,39.65999984741211,36.4900016784668,37.369998931884766,812600
2024-08-08,37.02796173095703,37.709999084472656,38.380001068115234,36.849998474121094,37.060001373291016,624400
2024-08-09,35.888938903808594,36.54999923706055,37.86000061035156,36.400001525878906,37.65999984741211,450400
2024-08-12,34.42588806152344,35.060001373291016,36.540000915527344,34.900001525878906,36.470001220703125,481600
2024-08-13,35.38816452026367,36.040000915527344,36.63999938964844,35.040000915527344,35.29999923706055,576300
2024-08-14,35.083770751953125,35.72999954223633,36.439998626708984,35.65999984741211,36.2400016784668,383800
2024-08-15,36.085323333740234,36.75,37.29999923706055,36.33000183105469,36.689998626708984,421200
2024-08-16,35.46671676635742,36.119998931884766,37.33000183105469,36.06999969482422,36.66999816894531,410200
2024-08-19,35.18196487426758,35.83000183105469,36.58000183105469,35.7400016784668,36.29999923706055,779900
2024-08-20,34.926666259765625,35.56999969482422,35.849998474121094,35.290000915527344,35.619998931884766,519300
2024-08-21,33.85637664794922,34.47999954223633,35.86000061035156,34.060001373291016,35.7400016784668,979600
2024-08-22,32.23622131347656,32.83000183105469,34.689998626708984,32.720001220703125,34.650001525878906,813500
2024-08-23,33.934932708740234,34.560001373291016,34.689998626708984,32.939998626708984,33.310001373291016,899900
2024-08-26,33.89565658569336,34.52000045776367,35.220001220703125,34.36000061035156,34.970001220703125,403300
2024-08-27,33.581443786621094,34.20000076293945,34.720001220703125,33.88999938964844,34.29999923706055,410000
2024-08-28,33.7581901550293,34.380001068115234,34.380001068115234,33.380001068115234,33.90999984741211,527100
2024-08-29,35.006290435791016,35.34000015258789,35.810001373291016,34.150001525878906,34.43000030517578,456100
2024-08-30,35.54119110107422,35.880001068115234,35.880001068115234,35.130001068115234,35.720001220703125,332000
2024-09-03,34.01573181152344,34.34000015258789,35.88999938964844,34.34000015258789,35.209999084472656,362400
2024-09-04,33.98601531982422,34.310001373291016,34.95000076293945,33.86000061035156,34.029998779296875,362700
2024-09-05,34.411956787109375,34.7400016784668,35.130001068115234,34.31999969482422,34.36000061035156,382400
2024-09-06,33.5501708984375,33.869998931884766,35.11000061035156,33.849998474121094,34.86000061035156,315200
2024-09-09,33.73837661743164,34.060001373291016,34.66999816894531,33.880001068115234,33.880001068115234,494800
2024-09-10,33.292625427246094,33.61000061035156,34.5,33.189998626708984,34.029998779296875,452500
2024-09-11,33.05488967895508,33.369998931884766,33.65999984741211,32.900001525878906,33.439998626708984,342100
2024-09-12,32.19310760498047,32.5,33.88999938964844,32.380001068115234,33.529998779296875,449400
2024-09-13,33.18366241455078,33.5,33.869998931884766,32.869998931884766,33.11000061035156,608700
2024-09-16,33.41149139404297,33.72999954223633,33.7599983215332,32.68000030517578,33.52000045776367,840500
2024-09-17,34.798274993896484,35.130001068115234,35.2400016784668,33.79999923706055,34.08000183105469,814100
2024-09-18,35.31336212158203,35.650001525878906,36.79999923706055,35.060001373291016,35.25,622200
2024-09-19,35.7095832824707,36.04999923706055,36.599998474121094,35.47999954223633,36.599998474121094,560500
2024-09-20,34.99638366699219,35.33000183105469,36.0,35.08000183105469,35.959999084472656,2550400
2024-09-23,35.16477966308594,35.5,35.630001068115234,34.75,35.439998626708984,368700
2024-09-24,34.699214935302734,35.029998779296875,35.77000045776367,34.709999084472656,35.77000045776367,391100
2024-09-25,34.619972229003906,34.95000076293945,35.22999954223633,34.560001373291016,34.900001525878906,336700
2024-09-26,35.105342864990234,35.439998626708984,35.68000030517578,34.84000015258789,35.68000030517578,391000
2024-09-27,35.19449234008789,35.529998779296875,36.0099983215332,35.2599983215332,35.88999938964844,361700
2024-09-30,35.03600311279297,35.369998931884766,35.9900016784668,35.119998931884766,35.470001220703125,388400
2024-10-01,32.500179290771484,32.810001373291016,35.470001220703125,32.75,35.470001220703125,590400
2024-10-02,31.8563175201416,32.15999984741211,33.040000915527344,32.02000045776367,32.439998626708984,587600
2024-10-03,31.56905746459961,31.8700008392334,32.060001373291016,31.299999237060547,31.790000915527344,690900
2024-10-04,32.39122009277344,32.70000076293945,33.15999984741211,32.060001373291016,32.52000045776367,611700
2024-10-07,30.538875579833984,30.829999923706055,32.86000061035156,30.540000915527344,32.52000045776367,632900
2024-10-08,30.845949172973633,31.139999389648438,31.43000030517578,30.260000228881836,30.760000228881836,476100
2024-10-09,30.816232681274414,31.110000610351562,31.329999923706055,30.75,31.0,350100
2024-10-10,30.68745994567871,30.979999542236328,31.450000762939453,30.770000457763672,30.770000457763672,465900
2024-10-11,31.162925720214844,31.459999084472656,31.700000762939453,30.920000076293945,30.920000076293945,401000
2024-10-14,30.429914474487305,30.719999313354492,31.31999969482422,30.6200008392334,31.18000030517578,331700
2024-10-15,30.905384063720703,31.200000762939453,31.5,30.43000030517578,30.709999084472656,522300
2024-10-16,31.37094497680664,31.670000076293945,31.889999389648438,31.190000534057617,31.5,427200
2024-10-17,30.945005416870117,31.239999771118164,31.489999771118164,30.350000381469727,31.489999771118164,297800
2024-10-18,30.053503036499023,30.34000015258789,31.3799991607666,30.290000915527344,31.350000381469727,387700
2024-10-21,29.221435546875,29.5,30.670000076293945,29.270000457763672,30.329999923706055,569900
2024-10-22,29.508697509765625,29.790000915527344,29.940000534057617,29.209999084472656,29.3799991607666,763500
2024-10-23,29.568130493164062,29.850000381469727,30.149999618530273,29.65999984741211,29.700000762939453,596600
2024-10-24,28.983701705932617,29.260000228881836,30.0,28.950000762939453,29.8799991607666,438200
2024-10-25,29.00351333618164,29.280000686645508,29.979999542236328,29.229999542236328,29.40999984741211,364500
2024-10-28,29.25115203857422,29.530000686645508,30.059999465942383,29.329999923706055,29.700000762939453,726500
2024-10-29,32.55961227416992,32.869998931884766,33.939998626708984,31.079999923706055,33.0099983215332,1870400
2024-10-30,32.8072509765625,33.119998931884766,33.349998474121094,31.219999313354492,32.29999923706055,1122400
2024-10-31,31.786977767944336,32.09000015258789,33.209999084472656,31.690000534057617,32.9900016784668,862500
2024-11-01,31.826601028442383,32.130001068115234,33.25,32.099998474121094,32.54999923706055,850500
2024-11-04,32.24263381958008,32.54999923706055,32.709999084472656,31.719999313354492,32.06999969482422,428900
2024-11-05,32.45064926147461,32.7599983215332,32.83000183105469,32.2599983215332,32.529998779296875,347900
2024-11-06,34.243560791015625,34.56999969482422,35.02000045776367,33.7400016784668,34.40999984741211,455300
2024-11-07,33.886959075927734,34.209999084472656,35.150001525878906,34.189998626708984,34.56999969482422,386200
2024-11-08,32.718101501464844,33.029998779296875,34.13999938964844,32.959999084472656,34.099998474121094,385500
2024-11-11,32.90631103515625,33.220001220703125,33.779998779296875,32.90999984741211,33.4900016784668,446200
2024-11-12,31.252077102661133,31.549999237060547,33.02000045776367,31.399999618530273,32.90999984741211,369900
2024-11-13,30.905384063720703,31.200000762939453,31.989999771118164,31.110000610351562,31.75,518200
2024-11-14,31.004438400268555,31.299999237060547,31.450000762939453,30.639999389648438,31.219999313354492,379600
2024-11-15,30.261520385742188,30.549999237060547,31.459999084472656,30.360000610351562,31.459999084472656,263600
2024-11-18,29.231340408325195,29.510000228881836,30.65999984741211,29.389999389648438,30.549999237060547,339600
2024-11-19,29.27096176147461,29.549999237060547,29.6299991607666,28.850000381469727,29.0,277900
2024-11-20,30.1723690032959,30.459999084472656,30.469999313354492,29.219999313354492,29.549999237060547,282800
2024-11-21,29.756338119506836,30.040000915527344,30.530000686645508,29.5,30.479999542236328,357700
2024-11-22,30.68745994567871,30.979999542236328,31.030000686645508,30.06999969482422,30.06999969482422,305900
2024-11-25,31.79688262939453,32.099998474121094,32.93000030517578,31.1299991607666,31.260000228881836,492100
2024-11-26,31.09358787536621,31.389999389648438,31.8700008392334,30.8799991607666,31.610000610351562,310600
2024-11-27,31.470001220703125,31.770000457763672,32.41999816894531,31.440000534057617,31.84000015258789,263200
2024-11-29,31.68000030517578,31.68000030517578,31.84000015258789,31.31999969482422,31.559999465942383,173300
2024-12-02,33.04999923706055,33.04999923706055,33.36000061035156,31.43000030517578,31.770000457763672,444400
2024-12-03,32.7400016784668,32.7400016784668,33.36000061035156,32.279998779296875,33.04999923706055,356800
2024-12-04,33.709999084472656,33.709999084472656,33.900001525878906,32.900001525878906,32.900001525878906,392400
2024-12-05,31.360000610351562,31.360000610351562,33.9900016784668,31.219999313354492,33.75,409400
2024-12-06,32.36000061035156,32.36000061035156,32.599998474121094,31.5,32.0,386600
2024-12-09,32.720001220703125,32.720001220703125,33.779998779296875,32.540000915527344,32.810001373291016,300600
2024-12-10,32.599998474121094,32.599998474121094,33.15999984741211,32.439998626708984,32.630001068115234,358900
2024-12-11,32.459999084472656,32.459999084472656,32.95000076293945,32.099998474121094,32.849998474121094,279000
2024-12-12,32.31999969482422,32.31999969482422,32.58000183105469,31.469999313354492,32.290000915527344,456900
2024-12-13,32.29999923706055,32.29999923706055,32.34000015258789,31.299999237060547,32.15999984741211,590100
2024-12-16,31.600000381469727,31.600000381469727,32.75,31.260000228881836,32.209999084472656,260500
2024-12-17,31.6299991607666,31.6299991607666,32.09000015258789,31.15999984741211,31.649999618530273,328200
2024-12-18,30.059999465942383,30.059999465942383,32.38999938964844,29.649999618530273,31.719999313354492,336100
2024-12-19,29.959999084472656,29.959999084472656,30.93000030517578,29.3799991607666,30.290000915527344,307500
2024-12-20,30.100000381469727,30.100000381469727,30.6200008392334,29.020000457763672,29.3799991607666,967700
