Date,Adj Close,Close,High,Low,Open,Volume
1987-08-19,0.8563995361328125,7.375,7.375,7.375,0.0,2043600
1987-08-20,0.8563995361328125,7.375,7.4375,7.375,0.0,507600
1987-08-21,0.8563995361328125,7.375,7.4375,7.375,0.0,308200
1987-08-24,0.8563995361328125,7.375,7.4375,7.375,0.0,244600
1987-08-25,0.8346269726753235,7.1875,7.375,7.0625,0.0,233800
1987-08-26,0.8346269726753235,7.1875,7.25,7.0625,0.0,148600
1987-08-27,0.8128537535667419,7.0,7.125,6.875,0.0,95800
1987-08-28,0.8055962324142456,6.9375,7.0,6.8125,0.0,42200
1987-08-31,0.8055962324142456,6.9375,6.9375,6.5,0.0,132000
1987-09-01,0.7838234305381775,6.75,6.9375,6.75,0.0,64600
1987-09-02,0.7838234305381775,6.75,6.875,6.625,0.0,62000
1987-09-03,0.7910810708999634,6.8125,6.8125,6.6875,0.0,31600
1987-09-04,0.8055962324142456,6.9375,6.9375,6.6875,0.0,44400
1987-09-08,0.8128537535667419,7.0,7.0,6.875,0.0,33200
1987-09-09,0.8201113939285278,7.0625,7.0625,6.875,0.0,61600
1987-09-10,0.8055962324142456,6.9375,7.125,6.9375,0.0,34200
1987-09-11,0.7838234305381775,6.75,7.0625,6.75,0.0,56200
1987-09-14,0.7910810708999634,6.8125,7.0625,6.8125,0.0,44000
1987-09-15,0.7910810708999634,6.8125,7.0,6.8125,0.0,23000
1987-09-16,0.7983386516571045,6.875,7.0,6.75,0.0,51600
1987-09-17,0.7693079710006714,6.625,6.9375,6.625,0.0,34000
1987-09-18,0.7620506286621094,6.5625,6.6875,6.5,0.0,76800
1987-09-21,0.7547927498817444,6.5,6.625,6.5,0.0,51600
1987-09-22,0.7765657901763916,6.6875,6.75,6.5625,0.0,44000
1987-09-23,0.7910810708999634,6.8125,6.8125,6.625,0.0,63400
1987-09-24,0.7838234305381775,6.75,6.8125,6.6875,0.0,33800
1987-09-25,0.7838234305381775,6.75,6.8125,6.625,0.0,40200
1987-09-28,0.7910810708999634,6.8125,6.875,6.75,0.0,58000
1987-09-29,0.8055962324142456,6.9375,7.0625,6.875,0.0,81200
1987-09-30,0.8273689150810242,7.125,7.125,6.875,0.0,38600
1987-10-01,0.8201113939285278,7.0625,7.25,7.0625,0.0,68800
1987-10-02,0.8273689150810242,7.125,7.25,7.0625,0.0,36200
1987-10-05,0.8273689150810242,7.125,7.125,6.9375,0.0,39400
1987-10-06,0.8346269726753235,7.1875,7.1875,7.125,0.0,22200
1987-10-07,0.7910810708999634,6.8125,7.125,6.8125,0.0,48200
1987-10-08,0.8201113939285278,7.0625,7.125,6.75,0.0,57000
1987-10-09,0.8055962324142456,6.9375,7.125,6.8125,0.0,27000
1987-10-12,0.8055962324142456,6.9375,7.0625,6.8125,0.0,29000
1987-10-13,0.7983386516571045,6.875,6.9375,6.75,0.0,29600
1987-10-14,0.7838234305381775,6.75,6.875,6.6875,0.0,36200
1987-10-15,0.7693079710006714,6.625,6.875,6.625,0.0,42400
1987-10-16,0.7402774691581726,6.375,6.75,6.375,0.0,91200
1987-10-19,0.60964035987854,5.25,6.0625,5.0625,0.0,236000
1987-10-20,0.5660944581031799,4.875,5.5,3.875,0.0,245800
1987-10-21,0.6677013635635376,5.75,6.125,5.125,0.0,107400
1987-10-22,0.6168979406356812,5.3125,5.5,4.8125,0.0,88600
1987-10-23,0.6023828983306885,5.1875,5.375,4.875,0.0,60200
1987-10-26,0.5225490927696228,4.5,4.875,4.375,0.0,90800
1987-10-27,0.5588371157646179,4.8125,5.0,4.5625,0.0,109600
1987-10-28,0.5370641350746155,4.625,4.875,4.5,0.0,78200
1987-10-29,0.5733520984649658,4.9375,4.9375,4.75,0.0,57400
1987-10-30,0.595125138759613,5.125,5.3125,4.9375,0.0,73400
1987-11-02,0.6023828983306885,5.1875,5.3125,5.125,0.0,31000
1987-11-03,0.5806102156639099,5.0,5.1875,4.75,0.0,64600
1987-11-04,0.5588371157646179,4.8125,4.875,4.5625,0.0,66400
1987-11-05,0.5515793561935425,4.75,4.8125,4.4375,0.0,140200
1987-11-06,0.5588371157646179,4.8125,5.0,4.6875,0.0,69400
1987-11-09,0.5733520984649658,4.9375,4.9375,4.5,0.0,106800
1987-11-10,0.5225490927696228,4.5,4.8125,4.4375,0.0,91000
1987-11-11,0.5733520984649658,4.9375,5.0,4.5625,0.0,137400
1987-11-12,0.5806102156639099,5.0,5.25,4.8125,0.0,101800
1987-11-13,0.5660944581031799,4.875,5.125,4.625,0.0,100600
1987-11-16,0.5588371157646179,4.8125,5.125,4.75,0.0,66000
1987-11-17,0.5370641350746155,4.625,4.875,4.5,0.0,57200
1987-11-18,0.5370641350746155,4.625,4.75,4.5625,0.0,48600
1987-11-19,0.5225490927696228,4.5,4.8125,4.5,0.0,59800
1987-11-20,0.5370641350746155,4.625,4.625,4.5,0.0,73200
1987-11-23,0.5443218946456909,4.6875,4.8125,4.5,0.0,132800
1987-11-24,0.5588371157646179,4.8125,4.875,4.6875,0.0,114200
1987-11-25,0.5806102156639099,5.0,5.0,4.75,0.0,133400
1987-11-27,0.5660944581031799,4.875,5.0,4.875,0.0,54800
1987-11-30,0.5733520984649658,4.9375,4.9375,4.8125,0.0,141000
1987-12-01,0.5878673791885376,5.0625,5.125,4.8125,0.0,89800
1987-12-02,0.5660944581031799,4.875,5.0,4.875,0.0,95600
1987-12-03,0.5733520984649658,4.9375,5.0,4.875,0.0,48800
1987-12-04,0.5588371157646179,4.8125,4.9375,4.8125,0.0,71400
1987-12-07,0.5443218946456909,4.6875,4.8125,4.5625,0.0,58400
1987-12-08,0.5298064947128296,4.5625,4.6875,4.5,0.0,49600
1987-12-09,0.5225490927696228,4.5,4.625,4.5,0.0,144800
1987-12-10,0.508033812046051,4.375,4.5625,4.375,0.0,95400
1987-12-11,0.508033812046051,4.375,4.5625,4.375,0.0,52600
1987-12-14,0.515291154384613,4.4375,4.8125,4.4375,0.0,188000
1987-12-15,0.5225490927696228,4.5,4.625,4.4375,0.0,179200
1987-12-16,0.5370641350746155,4.625,4.6875,4.4375,0.0,129400
1987-12-17,0.5443218946456909,4.6875,4.8125,4.6875,0.0,117400
1987-12-18,0.5515793561935425,4.75,4.875,4.6875,0.0,209400
1987-12-21,0.5515793561935425,4.75,4.875,4.625,0.0,121800
1987-12-22,0.5370641350746155,4.625,4.6875,4.5625,0.0,145200
1987-12-23,0.5370641350746155,4.625,4.8125,4.625,0.0,157400
1987-12-24,0.5370641350746155,4.625,4.75,4.5625,0.0,101000
1987-12-28,0.5370641350746155,4.625,4.75,4.5625,0.0,205000
1987-12-29,0.5370641350746155,4.625,4.6875,4.5625,0.0,126200
1987-12-30,0.5298064947128296,4.5625,4.6875,4.5625,0.0,147400
1987-12-31,0.5588371157646179,4.8125,4.8125,4.5,0.0,201400
1988-01-04,0.5806102156639099,5.0,5.0,4.875,0.0,106000
1988-01-05,0.5878673791885376,5.0625,5.125,5.0,5.125,98400
1988-01-06,0.5878673791885376,5.0625,5.0625,5.0,5.0625,25800
1988-01-07,0.595125138759613,5.125,5.125,5.0625,5.0625,51400
1988-01-08,0.5733520984649658,4.9375,5.125,4.9375,5.125,42000
1988-01-11,0.5733520984649658,4.9375,5.0,4.5625,4.875,69000
1988-01-12,0.5733520984649658,4.9375,5.0,4.9375,4.9375,42000
1988-01-13,0.5806102156639099,5.0,5.0625,4.9375,5.0,91600
1988-01-14,0.5878673791885376,5.0625,5.1875,5.0,5.0,24600
1988-01-15,0.595125138759613,5.125,5.1875,5.0625,5.125,47600
1988-01-18,0.595125138759613,5.125,5.125,5.0625,5.0625,25200
1988-01-19,0.5806102156639099,5.0,5.1875,5.0,5.0625,29000
1988-01-20,0.5733520984649658,4.9375,5.0625,4.9375,5.0625,34600
1988-01-21,0.5660944581031799,4.875,4.9375,4.875,4.875,34600
1988-01-22,0.5806102156639099,5.0,5.125,4.9375,4.9375,27600
1988-01-25,0.595125138759613,5.125,5.125,5.0,5.0,19800
1988-01-26,0.5806102156639099,5.0,5.125,5.0,5.0625,16200
1988-01-27,0.5878673791885376,5.0625,5.125,5.0625,5.125,33000
1988-01-28,0.5806102156639099,5.0,5.125,5.0,5.0625,40600
1988-01-29,0.5806102156639099,5.0,5.0625,4.9375,5.0,38400
1988-02-01,0.5878673791885376,5.0625,5.125,5.0,5.0,32000
1988-02-02,0.5806102156639099,5.0,5.0625,4.9375,5.0,19400
1988-02-03,0.5806102156639099,5.0,5.0625,5.0,5.0,31800
1988-02-04,0.595125138759613,5.125,5.125,4.9375,5.0,35600
1988-02-05,0.595125138759613,5.125,5.125,4.9375,5.125,88000
1988-02-08,0.5806102156639099,5.0,5.0625,4.9375,5.0625,10800
1988-02-09,0.5878673791885376,5.0625,5.125,4.9375,4.9375,68800
1988-02-10,0.5878673791885376,5.0625,5.0625,5.0,5.0,10800
1988-02-11,0.5806102156639099,5.0,5.0625,4.9375,5.0625,30800
1988-02-12,0.5806102156639099,5.0,5.0625,5.0,5.0625,14200
1988-02-16,0.5806102156639099,5.0,5.0625,5.0,5.0625,13800
1988-02-17,0.5806102156639099,5.0,5.125,4.9375,5.0625,29800
1988-02-18,0.5733520984649658,4.9375,5.0625,4.9375,5.0,24400
1988-02-19,0.5733520984649658,4.9375,5.0625,4.9375,5.0,64800
1988-02-22,0.6023828983306885,5.1875,5.1875,5.0625,5.0625,88200
1988-02-23,0.6168979406356812,5.3125,5.3125,5.125,5.1875,70600
1988-02-24,0.6459286212921143,5.5625,5.6875,5.3125,5.3125,136200
1988-02-25,0.674959123134613,5.8125,5.9375,5.625,5.625,145200
1988-02-26,0.7112473249435425,6.125,6.25,5.875,5.9375,151400
1988-02-29,0.68947434425354,5.9375,6.0,5.8125,5.9375,144400
1988-03-01,0.6604437232017517,5.6875,5.8125,5.5625,5.75,104000
1988-03-02,0.6822167634963989,5.875,5.875,5.75,5.75,57000
1988-03-03,0.6822167634963989,5.875,5.9375,5.75,5.875,38600
1988-03-04,0.6822167634963989,5.875,5.9375,5.75,5.875,46600
1988-03-07,0.674959123134613,5.8125,5.875,5.6875,5.8125,45400
1988-03-08,0.674959123134613,5.8125,5.875,5.6875,5.8125,53800
1988-03-09,0.6604437232017517,5.6875,5.8125,5.6875,5.8125,20200
1988-03-10,0.6604437232017517,5.6875,5.8125,5.625,5.6875,65400
1988-03-11,0.6677013635635376,5.75,5.875,5.625,5.75,22800
1988-03-14,0.6677013635635376,5.75,5.8125,5.5625,5.6875,50600
1988-03-15,0.6386709213256836,5.5,5.6875,5.4375,5.6875,73000
1988-03-16,0.6386709213256836,5.5,5.625,5.4375,5.5625,55600
1988-03-17,0.6314131021499634,5.4375,5.5625,5.375,5.5625,70800
1988-03-18,0.6314131021499634,5.4375,5.625,5.4375,5.5,99800
1988-03-21,0.6314131021499634,5.4375,5.4375,5.3125,5.3125,22400
1988-03-22,0.6314131021499634,5.4375,5.4375,5.3125,5.4375,56200
1988-03-23,0.6314131021499634,5.4375,5.5,5.375,5.4375,8000
1988-03-24,0.6241557002067566,5.375,5.5,5.3125,5.375,42400
1988-03-25,0.6459286212921143,5.5625,5.5625,5.4375,5.5625,36400
1988-03-28,0.6314131021499634,5.4375,5.5625,5.4375,5.5625,24200
1988-03-29,0.6241557002067566,5.375,5.4375,5.375,5.4375,25000
1988-03-30,0.6241557002067566,5.375,5.5,5.3125,5.375,32800
1988-03-31,0.6168979406356812,5.3125,5.4375,5.25,5.375,24200
1988-04-04,0.6168979406356812,5.3125,5.4375,5.25,5.4375,27400
1988-04-05,0.6241557002067566,5.375,5.375,5.3125,5.375,33800
1988-04-06,0.6314131021499634,5.4375,5.4375,5.25,5.3125,9800
1988-04-07,0.6168979406356812,5.3125,5.5,5.3125,5.4375,47200
1988-04-08,0.6241557002067566,5.375,5.375,5.3125,5.3125,33800
1988-04-11,0.6241557002067566,5.375,5.375,5.25,5.375,20400
1988-04-12,0.6168979406356812,5.3125,5.4375,5.3125,5.4375,10200
1988-04-13,0.60964035987854,5.25,5.375,5.25,5.3125,14400
1988-04-14,0.6168979406356812,5.3125,5.3125,5.25,5.25,42600
1988-04-15,0.6168979406356812,5.3125,5.375,5.3125,5.3125,33800
1988-04-18,0.6386709213256836,5.5,5.5,5.375,5.375,56600
1988-04-19,0.6314131021499634,5.4375,5.5,5.375,5.5,36800
1988-04-20,0.6386709213256836,5.5,5.625,5.4375,5.4375,78200
1988-04-21,0.6531860828399658,5.625,5.6875,5.5625,5.5625,56000
1988-04-22,0.6386709213256836,5.5,5.625,5.4375,5.5625,39800
1988-04-25,0.6386709213256836,5.5,5.5625,5.5,5.5625,19200
1988-04-26,0.6314131021499634,5.4375,5.5625,5.4375,5.5,38600
1988-04-27,0.6241557002067566,5.375,5.4375,5.375,5.375,33800
1988-04-28,0.6314131021499634,5.4375,5.4375,5.3125,5.3125,16600
1988-04-29,0.6241557002067566,5.375,5.4375,5.3125,5.4375,7000
1988-05-02,0.6241557002067566,5.375,5.5,5.375,5.4375,45800
1988-05-03,0.6241557002067566,5.375,5.4375,5.375,5.375,12400
1988-05-04,0.6241557002067566,5.375,5.4375,5.375,5.4375,14400
1988-05-05,0.60964035987854,5.25,5.4375,5.25,5.375,44200
1988-05-06,0.6168979406356812,5.3125,5.3125,5.25,5.25,10600
1988-05-09,0.6023828983306885,5.1875,5.3125,5.1875,5.25,46800
1988-05-10,0.595125138759613,5.125,5.1875,5.0625,5.1875,11400
1988-05-11,0.5878673791885376,5.0625,5.125,5.0,5.125,36200
1988-05-12,0.5878673791885376,5.0625,5.125,5.0,5.0625,23200
1988-05-13,0.595125138759613,5.125,5.125,5.0625,5.0625,24200
1988-05-16,0.5878673791885376,5.0625,5.125,5.0625,5.125,33400
1988-05-17,0.5806102156639099,5.0,5.125,5.0,5.125,31400
1988-05-18,0.5806102156639099,5.0,5.0625,4.9375,5.0,19200
1988-05-19,0.5660944581031799,4.875,5.0,4.875,5.0,23600
1988-05-20,0.5733520984649658,4.9375,5.0,4.875,4.9375,18800
1988-05-23,0.5733520984649658,4.9375,4.9375,4.875,4.875,10400
1988-05-24,0.5806102156639099,5.0,5.0,4.875,4.875,16000
1988-05-25,0.5660944581031799,4.875,5.0625,4.875,5.0625,16400
1988-05-26,0.5806102156639099,5.0,5.0,4.9375,4.9375,18200
1988-05-27,0.5588371157646179,4.8125,4.9375,4.8125,4.9375,34800
1988-05-31,0.595125138759613,5.125,5.125,4.875,4.875,37200
1988-06-01,0.6023828983306885,5.1875,5.1875,5.125,5.1875,23600
1988-06-02,0.6023828983306885,5.1875,5.25,5.125,5.125,36800
1988-06-03,0.595125138759613,5.125,5.1875,5.125,5.125,57200
1988-06-06,0.6168979406356812,5.3125,5.3125,5.25,5.25,19600
1988-06-07,0.60964035987854,5.25,5.3125,5.25,5.25,35200
1988-06-08,0.6168979406356812,5.3125,5.3125,5.125,5.3125,43600
1988-06-09,0.60964035987854,5.25,5.375,5.1875,5.3125,40600
1988-06-10,0.595125138759613,5.125,5.25,5.125,5.1875,32400
1988-06-13,0.6168979406356812,5.3125,5.3125,5.1875,5.1875,15400
1988-06-14,0.6241557002067566,5.375,5.375,5.25,5.3125,61000
1988-06-15,0.6168979406356812,5.3125,5.375,5.1875,5.3125,117800
1988-06-16,0.60964035987854,5.25,5.375,5.1875,5.375,74000
1988-06-17,0.6023828983306885,5.1875,5.375,5.1875,5.3125,29400
1988-06-20,0.60964035987854,5.25,5.3125,5.1875,5.25,21200
1988-06-21,0.6023828983306885,5.1875,5.25,5.1875,5.1875,26000
1988-06-22,0.6023828983306885,5.1875,5.3125,5.1875,5.25,31400
1988-06-23,0.595125138759613,5.125,5.25,5.125,5.1875,43000
1988-06-24,0.60964035987854,5.25,5.25,5.125,5.125,27000
1988-06-27,0.6023828983306885,5.1875,5.25,5.1875,5.25,26000
1988-06-28,0.595125138759613,5.125,5.1875,5.0625,5.1875,13600
1988-06-29,0.5806102156639099,5.0,5.125,4.9375,5.0625,35000
1988-06-30,0.5878673791885376,5.0625,5.0625,4.9375,5.0,21400
1988-07-01,0.5878673791885376,5.0625,5.0625,4.9375,5.0625,20600
1988-07-05,0.5806102156639099,5.0,5.125,4.9375,5.0625,24800
1988-07-06,0.5806102156639099,5.0,5.125,5.0,5.125,32200
1988-07-07,0.5878673791885376,5.0625,5.125,5.0,5.0625,20400
1988-07-08,0.5806102156639099,5.0,5.125,4.9375,5.125,39200
1988-07-11,0.595125138759613,5.125,5.125,5.0,5.0,16000
1988-07-12,0.5806102156639099,5.0,5.125,5.0,5.0625,39600
1988-07-13,0.5806102156639099,5.0,5.0625,4.9375,5.0625,36600
1988-07-14,0.5806102156639099,5.0,5.0625,4.9375,5.0,18000
1988-07-15,0.5806102156639099,5.0,5.0,4.9375,5.0,22000
1988-07-18,0.5733520984649658,4.9375,5.0,4.875,4.9375,18000
1988-07-19,0.5806102156639099,5.0,5.0,4.9375,4.9375,18400
1988-07-20,0.5660944581031799,4.875,5.0,4.875,4.9375,17000
1988-07-21,0.5588371157646179,4.8125,4.9375,4.8125,4.875,32800
1988-07-22,0.5733520984649658,4.9375,4.9375,4.8125,4.8125,16200
1988-07-25,0.5588371157646179,4.8125,4.9375,4.8125,4.9375,19600
1988-07-26,0.5588371157646179,4.8125,4.875,4.75,4.75,23600
1988-07-27,0.5588371157646179,4.8125,4.9375,4.8125,4.875,15600
1988-07-28,0.5515793561935425,4.75,4.8125,4.625,4.8125,35800
1988-07-29,0.5370641350746155,4.625,4.75,4.625,4.6875,46800
1988-08-01,0.5660944581031799,4.875,4.9375,4.625,4.625,86400
1988-08-02,0.5515793561935425,4.75,4.9375,4.75,4.9375,31400
1988-08-03,0.5588371157646179,4.8125,4.8125,4.6875,4.75,28800
1988-08-04,0.5588371157646179,4.8125,4.875,4.6875,4.8125,10800
1988-08-05,0.5515793561935425,4.75,4.8125,4.75,4.75,13400
1988-08-08,0.5515793561935425,4.75,4.8125,4.625,4.75,34000
1988-08-09,0.5588371157646179,4.8125,4.8125,4.6875,4.6875,41200
1988-08-10,0.5370641350746155,4.625,4.6875,4.625,4.6875,31400
1988-08-11,0.5298064947128296,4.5625,4.6875,4.5625,4.625,36800
1988-08-12,0.5298064947128296,4.5625,4.5625,4.4375,4.5,46400
1988-08-15,0.5225490927696228,4.5,4.5625,4.5,4.5,23800
1988-08-16,0.5298064947128296,4.5625,4.5625,4.4375,4.5,26800
1988-08-17,0.5370641350746155,4.625,4.6875,4.5,4.5625,39000
1988-08-18,0.515291154384613,4.4375,4.5625,4.375,4.5,32600
1988-08-19,0.5225490927696228,4.5,4.5,4.4375,4.4375,8400
1988-08-22,0.515291154384613,4.4375,4.5,4.4375,4.5,23000
1988-08-23,0.515291154384613,4.4375,4.5,4.4375,4.4375,14600
1988-08-24,0.515291154384613,4.4375,4.5,4.4375,4.5,23600
1988-08-25,0.508033812046051,4.375,4.5,4.375,4.4375,35400
1988-08-26,0.515291154384613,4.4375,4.4375,4.3125,4.4375,38400
1988-08-29,0.5225490927696228,4.5,4.5,4.375,4.4375,47600
1988-08-30,0.5298064947128296,4.5625,4.5625,4.4375,4.5,64000
1988-08-31,0.5298064947128296,4.5625,4.5625,4.5,4.5,24600
1988-09-01,0.5298064947128296,4.5625,4.5625,4.5,4.5625,21200
1988-09-02,0.5370641350746155,4.625,4.625,4.5,4.5,42600
1988-09-06,0.5443218946456909,4.6875,4.75,4.625,4.6875,27000
1988-09-07,0.5588371157646179,4.8125,4.8125,4.6875,4.6875,36800
1988-09-08,0.5588371157646179,4.8125,4.8125,4.75,4.8125,14800
1988-09-09,0.5515793561935425,4.75,4.8125,4.625,4.8125,96400
1988-09-12,0.5370641350746155,4.625,4.75,4.625,4.75,28800
1988-09-13,0.5370641350746155,4.625,4.6875,4.625,4.625,23200
1988-09-14,0.5443218946456909,4.6875,4.6875,4.625,4.6875,25600
1988-09-15,0.5518735647201538,4.75,4.75,4.625,4.625,41600
1988-09-16,0.5518735647201538,4.75,4.8125,4.6875,4.75,45600
1988-09-19,0.5591353178024292,4.8125,4.8125,4.75,4.75,14200
1988-09-20,0.5663967132568359,4.875,4.9375,4.75,4.75,21800
1988-09-21,0.5663967132568359,4.875,4.875,4.75,4.875,48000
1988-09-22,0.5591353178024292,4.8125,4.9375,4.8125,4.9375,17200
1988-09-23,0.5663967132568359,4.875,4.9375,4.8125,4.8125,16000
1988-09-26,0.5663967132568359,4.875,4.875,4.8125,4.875,36000
1988-09-27,0.5591353178024292,4.8125,4.875,4.8125,4.8125,6400
1988-09-28,0.5591353178024292,4.8125,4.875,4.8125,4.875,20000
1988-09-29,0.5591353178024292,4.8125,4.875,4.8125,4.8125,35800
1988-09-30,0.5591353178024292,4.8125,4.875,4.8125,4.875,16800
1988-10-03,0.5663967132568359,4.875,4.875,4.8125,4.8125,44000
1988-10-04,0.5591353178024292,4.8125,4.875,4.8125,4.875,63400
1988-10-05,0.5663967132568359,4.875,4.875,4.8125,4.8125,36200
1988-10-06,0.5591353178024292,4.8125,4.875,4.8125,4.8125,54000
1988-10-07,0.5591353178024292,4.8125,4.875,4.8125,4.8125,17000
1988-10-10,0.5663967132568359,4.875,4.875,4.8125,4.875,39400
1988-10-11,0.5663967132568359,4.875,4.875,4.8125,4.8125,35600
1988-10-12,0.5591353178024292,4.8125,4.875,4.8125,4.875,63800
1988-10-13,0.5591353178024292,4.8125,4.875,4.8125,4.8125,13200
1988-10-14,0.5591353178024292,4.8125,4.875,4.8125,4.8125,20400
1988-10-17,0.5591353178024292,4.8125,4.875,4.8125,4.8125,71200
1988-10-18,0.5591353178024292,4.8125,4.875,4.8125,4.8125,98200
1988-10-19,0.5591353178024292,4.8125,4.9375,4.8125,4.875,46400
1988-10-20,0.5591353178024292,4.8125,4.9375,4.8125,4.8125,57800
1988-10-21,0.5591353178024292,4.8125,4.875,4.8125,4.8125,31200
1988-10-24,0.5591353178024292,4.8125,4.875,4.8125,4.8125,33600
1988-10-25,0.5663967132568359,4.875,4.875,4.8125,4.8125,18200
1988-10-26,0.5591353178024292,4.8125,4.875,4.8125,4.875,17800
1988-10-27,0.5663967132568359,4.875,4.875,4.8125,4.875,207400
1988-10-28,0.5591353178024292,4.8125,4.875,4.8125,4.875,11000
1988-10-31,0.5591353178024292,4.8125,4.875,4.8125,4.875,32000
1988-11-01,0.5591353178024292,4.8125,4.875,4.8125,4.8125,77000
1988-11-02,0.5591353178024292,4.8125,4.875,4.8125,4.8125,65400
1988-11-03,0.5518735647201538,4.75,4.875,4.75,4.875,74000
1988-11-04,0.5591353178024292,4.8125,4.8125,4.75,4.75,24000
1988-11-07,0.5518735647201538,4.75,4.8125,4.6875,4.75,35400
1988-11-08,0.5663967132568359,4.875,4.875,4.6875,4.6875,87400
1988-11-09,0.5591353178024292,4.8125,4.875,4.8125,4.875,34800
1988-11-10,0.5736579895019531,4.9375,4.9375,4.8125,4.8125,22400
1988-11-11,0.5736579895019531,4.9375,5.0,4.875,4.875,58400
1988-11-14,0.5809198021888733,5.0,5.0,4.875,5.0,25600
1988-11-15,0.5663967132568359,4.875,4.9375,4.875,4.875,29600
1988-11-16,0.5591353178024292,4.8125,4.9375,4.8125,4.9375,47600
1988-11-17,0.595442533493042,5.125,5.1875,4.8125,4.8125,142400
1988-11-18,0.5736579895019531,4.9375,5.0625,4.8125,5.0625,217400
1988-11-21,0.5373507142066956,4.625,4.875,4.625,4.8125,111600
1988-11-22,0.5446124076843262,4.6875,4.6875,4.5625,4.625,161400
1988-11-23,0.5446124076843262,4.6875,4.8125,4.6875,4.75,38200
1988-11-25,0.5518735647201538,4.75,4.8125,4.6875,4.6875,11800
1988-11-28,0.5663967132568359,4.875,5.0,4.8125,4.8125,42600
1988-11-29,0.5591353178024292,4.8125,4.9375,4.8125,4.875,15800
1988-11-30,0.5591353178024292,4.8125,4.9375,4.8125,4.8125,48200
1988-12-01,0.5446124076843262,4.6875,4.875,4.6875,4.8125,52200
1988-12-02,0.5446124076843262,4.6875,4.6875,4.5625,4.5625,59800
1988-12-05,0.5446124076843262,4.6875,4.75,4.625,4.625,41600
1988-12-06,0.5446124076843262,4.6875,4.75,4.6875,4.6875,45600
1988-12-07,0.5591353178024292,4.8125,4.875,4.75,4.75,73200
1988-12-08,0.5518735647201538,4.75,4.8125,4.75,4.75,26800
1988-12-09,0.5518735647201538,4.75,4.8125,4.75,4.8125,30200
1988-12-12,0.5446124076843262,4.6875,4.75,4.6875,4.75,123200
1988-12-13,0.5518735647201538,4.75,4.75,4.6875,4.6875,36200
1988-12-14,0.5518735647201538,4.75,4.8125,4.6875,4.6875,38200
1988-12-15,0.5591353178024292,4.8125,4.8125,4.75,4.75,48000
1988-12-16,0.5591353178024292,4.8125,4.875,4.8125,4.8125,57000
1988-12-19,0.5518735647201538,4.75,4.8125,4.75,4.8125,41600
1988-12-20,0.5518735647201538,4.75,4.8125,4.75,4.75,27400
1988-12-21,0.5518735647201538,4.75,4.8125,4.6875,4.75,76200
1988-12-22,0.5591353178024292,4.8125,4.875,4.6875,4.6875,85600
1988-12-23,0.5591353178024292,4.8125,4.875,4.8125,4.8125,29600
1988-12-27,0.5663967132568359,4.875,4.875,4.8125,4.8125,22400
1988-12-28,0.5591353178024292,4.8125,4.875,4.8125,4.8125,29800
1988-12-29,0.5518735647201538,4.75,4.875,4.75,4.8125,79400
1988-12-30,0.5518735647201538,4.75,4.8125,4.75,4.75,63800
1989-01-03,0.5591353178024292,4.8125,4.8125,4.75,4.8125,16400
1989-01-04,0.5518735647201538,4.75,4.8125,4.75,4.75,25800
1989-01-05,0.5663967132568359,4.875,4.9375,4.875,4.875,63000
1989-01-06,0.5663967132568359,4.875,4.875,4.8125,4.875,62600
1989-01-09,0.5663967132568359,4.875,4.9375,4.875,4.9375,40200
1989-01-10,0.5736579895019531,4.9375,4.9375,4.875,4.9375,34400
1989-01-11,0.5663967132568359,4.875,4.9375,4.875,4.875,38600
1989-01-12,0.5809198021888733,5.0,5.0625,4.9375,5.0,205000
1989-01-13,0.5809198021888733,5.0,5.0625,4.9375,5.0625,15200
1989-01-16,0.5736579895019531,4.9375,5.0,4.9375,5.0,40200
1989-01-17,0.5736579895019531,4.9375,4.9375,4.9375,4.9375,9600
1989-01-18,0.5736579895019531,4.9375,5.0,4.9375,4.9375,65000
1989-01-19,0.5736579895019531,4.9375,5.0,4.9375,5.0,27800
1989-01-20,0.5809198021888733,5.0,5.0,4.9375,4.9375,20400
1989-01-23,0.5663967132568359,4.875,5.0,4.875,5.0,22800
1989-01-24,0.5591353178024292,4.8125,4.9375,4.8125,4.9375,34000
1989-01-25,0.5518735647201538,4.75,4.875,4.75,4.75,18600
1989-01-26,0.5518735647201538,4.75,4.8125,4.75,4.75,16400
1989-01-27,0.5518735647201538,4.75,4.8125,4.75,4.75,35600
1989-01-30,0.5591353178024292,4.8125,4.8125,4.6875,4.8125,25600
1989-01-31,0.5591353178024292,4.8125,4.8125,4.75,4.75,13600
1989-02-01,0.5518735647201538,4.75,4.8125,4.75,4.75,75600
1989-02-02,0.5518735647201538,4.75,4.8125,4.75,4.75,87000
1989-02-03,0.5663967132568359,4.875,4.875,4.75,4.75,18600
1989-02-06,0.5591353178024292,4.8125,4.8125,4.75,4.8125,63800
1989-02-07,0.5518735647201538,4.75,4.8125,4.75,4.75,96000
1989-02-08,0.5518735647201538,4.75,4.8125,4.6875,4.75,40800
1989-02-09,0.5518735647201538,4.75,4.8125,4.6875,4.6875,20200
1989-02-10,0.5518735647201538,4.75,4.8125,4.75,4.75,11200
1989-02-13,0.5518735647201538,4.75,4.8125,4.75,4.75,29000
1989-02-14,0.5591353178024292,4.8125,4.8125,4.75,4.75,21400
1989-02-15,0.5518735647201538,4.75,4.8125,4.75,4.75,41200
1989-02-16,0.5518735647201538,4.75,4.8125,4.75,4.75,21000
1989-02-17,0.5663967132568359,4.875,4.875,4.75,4.75,57600
1989-02-21,0.5663967132568359,4.875,4.875,4.8125,4.8125,32600
1989-02-22,0.5591353178024292,4.8125,4.875,4.8125,4.8125,7600
1989-02-23,0.5591353178024292,4.8125,4.875,4.75,4.8125,27400
1989-02-24,0.5373507142066956,4.625,4.8125,4.625,4.8125,100000
1989-02-27,0.5228279232978821,4.5,4.625,4.4375,4.5625,77000
1989-02-28,0.5300893187522888,4.5625,4.5625,4.5,4.5625,14000
1989-03-01,0.5300893187522888,4.5625,4.5625,4.5625,4.5625,14200
1989-03-02,0.5228279232978821,4.5,4.625,4.4375,4.5,115400
1989-03-03,0.5300893187522888,4.5625,4.5625,4.5,4.5,35200
1989-03-06,0.5446124076843262,4.6875,4.6875,4.5625,4.5625,28200
1989-03-07,0.5373507142066956,4.625,4.6875,4.625,4.625,25200
1989-03-08,0.5300893187522888,4.5625,4.625,4.5625,4.625,23200
1989-03-09,0.5373507142066956,4.625,4.625,4.5625,4.625,19400
1989-03-10,0.5446124076843262,4.6875,4.75,4.625,4.75,39000
1989-03-13,0.5373507142066956,4.625,4.625,4.5625,4.625,32000
1989-03-14,0.5300893187522888,4.5625,4.6875,4.5625,4.6875,32800
1989-03-15,0.5300893187522888,4.5625,4.625,4.5625,4.625,42200
1989-03-16,0.5300893187522888,4.5625,4.5625,4.5625,4.5625,20200
1989-03-17,0.5228279232978821,4.5,4.5625,4.5,4.5625,126400
1989-03-20,0.5300893187522888,4.5625,4.5625,4.4375,4.4375,121200
1989-03-21,0.5300893187522888,4.5625,4.625,4.5625,4.5625,28000
1989-03-22,0.5228279232978821,4.5,4.5625,4.5,4.5625,27800
1989-03-23,0.5228279232978821,4.5,4.5625,4.5,4.5,15000
1989-03-27,0.5300893187522888,4.5625,4.5625,4.5,4.5625,8000
1989-03-28,0.5228279232978821,4.5,4.5625,4.4375,4.5,29400
1989-03-29,0.5228279232978821,4.5,4.5625,4.5,4.5,35000
1989-03-30,0.5228279232978821,4.5,4.5625,4.5,4.5,11800
1989-03-31,0.5300893187522888,4.5625,4.625,4.5,4.5,9400
1989-04-03,0.5300893187522888,4.5625,4.625,4.5625,4.5625,34200
1989-04-04,0.5373507142066956,4.625,4.625,4.5625,4.5625,62400
1989-04-05,0.5446124076843262,4.6875,4.6875,4.5625,4.5625,53400
1989-04-06,0.5300893187522888,4.5625,4.6875,4.5625,4.6875,45800
1989-04-07,0.5300893187522888,4.5625,4.625,4.5,4.5625,102400
1989-04-10,0.5300893187522888,4.5625,4.625,4.5625,4.5625,28400
1989-04-11,0.5300893187522888,4.5625,4.625,4.5625,4.5625,15400
1989-04-12,0.5300893187522888,4.5625,4.625,4.5625,4.5625,33200
1989-04-13,0.5446124076843262,4.6875,4.75,4.625,4.625,116000
1989-04-14,0.5446124076843262,4.6875,4.6875,4.625,4.6875,34800
1989-04-17,0.5446124076843262,4.6875,4.6875,4.625,4.625,42000
1989-04-18,0.5446124076843262,4.6875,4.75,4.625,4.6875,33600
1989-04-19,0.5446124076843262,4.6875,4.75,4.625,4.6875,47600
1989-04-20,0.5300893187522888,4.5625,4.6875,4.5625,4.6875,33000
1989-04-21,0.5446124076843262,4.6875,4.75,4.5625,4.5625,77400
1989-04-24,0.5373507142066956,4.625,4.6875,4.5625,4.6875,99000
1989-04-25,0.5373507142066956,4.625,4.6875,4.5625,4.625,53400
1989-04-26,0.5373507142066956,4.625,4.625,4.5625,4.625,48800
1989-04-27,0.5373507142066956,4.625,4.625,4.5,4.5625,11000
1989-04-28,0.5373507142066956,4.625,4.625,4.5625,4.5625,57600
1989-05-01,0.5373507142066956,4.625,4.625,4.5625,4.5625,59800
1989-05-02,0.5373507142066956,4.625,4.625,4.5625,4.5625,22800
1989-05-03,0.5300893187522888,4.5625,4.625,4.5625,4.5625,21800
1989-05-04,0.5300893187522888,4.5625,4.625,4.5625,4.5625,16000
1989-05-05,0.5300893187522888,4.5625,4.625,4.5625,4.5625,14800
1989-05-08,0.5300893187522888,4.5625,4.625,4.5625,4.625,44000
1989-05-09,0.5446124076843262,4.6875,4.6875,4.625,4.625,78400
1989-05-10,0.5446124076843262,4.6875,4.75,4.6875,4.75,37400
1989-05-11,0.5518735647201538,4.75,4.75,4.6875,4.6875,20400
1989-05-12,0.5591353178024292,4.8125,4.875,4.8125,4.8125,68600
1989-05-15,0.5373507142066956,4.625,4.8125,4.625,4.8125,104200
1989-05-16,0.5300893187522888,4.5625,4.625,4.5625,4.625,86000
1989-05-17,0.5373507142066956,4.625,4.625,4.5625,4.5625,55400
1989-05-18,0.5300893187522888,4.5625,4.625,4.5,4.625,18000
1989-05-19,0.5228279232978821,4.5,4.5625,4.5,4.5625,82000
1989-05-22,0.5300893187522888,4.5625,4.5625,4.5,4.5,13200
1989-05-23,0.5228279232978821,4.5,4.5625,4.4375,4.5625,22400
1989-05-24,0.5228279232978821,4.5,4.5,4.4375,4.5,24600
1989-05-25,0.5155661106109619,4.4375,4.5,4.4375,4.5,17200
1989-05-26,0.5228279232978821,4.5,4.5,4.4375,4.5,43600
1989-05-30,0.5155661106109619,4.4375,4.5,4.4375,4.4375,17000
1989-05-31,0.5228279232978821,4.5,4.5,4.4375,4.4375,26200
1989-06-01,0.5155661106109619,4.4375,4.5,4.4375,4.5,106400
1989-06-02,0.5300893187522888,4.5625,4.625,4.5,4.5625,45800
1989-06-05,0.5373507142066956,4.625,4.6875,4.5625,4.6875,109400
1989-06-06,0.5373507142066956,4.625,4.625,4.5625,4.625,48400
1989-06-07,0.5446124076843262,4.6875,4.6875,4.5625,4.5625,53200
1989-06-08,0.5373507142066956,4.625,4.6875,4.625,4.6875,27000
1989-06-09,0.5373507142066956,4.625,4.625,4.5625,4.5625,10400
1989-06-12,0.5446124076843262,4.6875,4.6875,4.625,4.625,35400
1989-06-13,0.5446124076843262,4.6875,4.6875,4.625,4.6875,27600
1989-06-14,0.5518735647201538,4.75,4.875,4.625,4.625,69400
1989-06-15,0.5591353178024292,4.8125,4.8125,4.75,4.75,18400
1989-06-16,0.5591353178024292,4.8125,4.875,4.75,4.75,22200
1989-06-19,0.5591353178024292,4.8125,4.875,4.75,4.8125,43400
1989-06-20,0.5736579895019531,4.9375,4.9375,4.875,4.875,21200
1989-06-21,0.5663967132568359,4.875,4.9375,4.875,4.9375,23000
1989-06-22,0.5881813764572144,5.0625,5.125,4.9375,4.9375,87400
1989-06-23,0.6027043461799622,5.1875,5.25,5.0625,5.0625,60000
1989-06-26,0.6027043461799622,5.1875,5.3125,5.1875,5.25,39000
1989-06-27,0.595442533493042,5.125,5.25,5.125,5.125,39600
1989-06-28,0.595442533493042,5.125,5.1875,5.125,5.1875,20200
1989-06-29,0.5809198021888733,5.0,5.1875,5.0,5.125,80400
1989-06-30,0.5881813764572144,5.0625,5.0625,4.875,5.0,95200
1989-07-03,0.595442533493042,5.125,5.125,4.9375,5.0,26600
1989-07-05,0.6099655628204346,5.25,5.25,5.125,5.1875,26400
1989-07-06,0.6172273755073547,5.3125,5.3125,5.1875,5.25,56400
1989-07-07,0.6244885921478271,5.375,5.375,5.3125,5.3125,23000
1989-07-10,0.6390116810798645,5.5,5.5,5.4375,5.4375,48600
1989-07-11,0.6390116810798645,5.5,5.5625,5.4375,5.5,28400
1989-07-12,0.6390116810798645,5.5,5.5,5.4375,5.4375,32600
1989-07-13,0.631750226020813,5.4375,5.5,5.375,5.5,33000
1989-07-14,0.6244885921478271,5.375,5.4375,5.375,5.4375,25000
1989-07-17,0.6027043461799622,5.1875,5.375,5.125,5.375,83800
1989-07-18,0.6099655628204346,5.25,5.25,5.1875,5.25,12000
1989-07-19,0.6027043461799622,5.1875,5.25,5.1875,5.1875,26200
1989-07-20,0.6027043461799622,5.1875,5.25,5.1875,5.1875,40400
1989-07-21,0.6099655628204346,5.25,5.3125,5.1875,5.25,14800
1989-07-24,0.6172273755073547,5.3125,5.3125,5.25,5.25,17800
1989-07-25,0.6172273755073547,5.3125,5.375,5.3125,5.3125,20000
1989-07-26,0.6172273755073547,5.3125,5.375,5.3125,5.3125,20800
1989-07-27,0.6172273755073547,5.3125,5.375,5.3125,5.375,23600
1989-07-28,0.6244885921478271,5.375,5.4375,5.3125,5.3125,47200
1989-07-31,0.631750226020813,5.4375,5.4375,5.3125,5.3125,39800
1989-08-01,0.6244885921478271,5.375,5.4375,5.375,5.4375,12600
1989-08-02,0.631750226020813,5.4375,5.4375,5.375,5.4375,24400
1989-08-03,0.6390116810798645,5.5,5.5625,5.375,5.375,42600
1989-08-04,0.6390116810798645,5.5,5.5,5.4375,5.5,113600
1989-08-07,0.6462733149528503,5.5625,5.625,5.5,5.5625,47600
1989-08-08,0.6462733149528503,5.5625,5.625,5.5625,5.5625,34400
1989-08-09,0.6535347700119019,5.625,5.6875,5.5625,5.5625,33600
1989-08-10,0.6607962250709534,5.6875,5.6875,5.5625,5.5625,57400
1989-08-11,0.6462733149528503,5.5625,5.6875,5.5625,5.6875,99200
1989-08-14,0.6462733149528503,5.5625,5.6875,5.5,5.625,17000
1989-08-15,0.6462733149528503,5.5625,5.625,5.5,5.5,40800
1989-08-16,0.6462733149528503,5.5625,5.625,5.5625,5.625,14200
1989-08-17,0.6462733149528503,5.5625,5.625,5.5,5.5625,37000
1989-08-18,0.6462733149528503,5.5625,5.5625,5.5,5.5,32400
1989-08-21,0.6390116810798645,5.5,5.5625,5.5,5.5,27200
1989-08-22,0.6390116810798645,5.5,5.5625,5.5,5.5625,52200
1989-08-23,0.6462733149528503,5.5625,5.625,5.5,5.5,49600
1989-08-24,0.6607962250709534,5.6875,5.6875,5.5625,5.5625,27200
1989-08-25,0.6535347700119019,5.625,5.6875,5.625,5.625,38800
1989-08-28,0.6607962250709534,5.6875,5.75,5.625,5.625,81000
1989-08-29,0.6607962250709534,5.6875,5.8125,5.6875,5.8125,85200
1989-08-30,0.6535347700119019,5.625,5.75,5.625,5.6875,66200
1989-08-31,0.6607962250709534,5.6875,5.6875,5.625,5.6875,15600
1989-09-01,0.6535347700119019,5.625,5.6875,5.625,5.6875,10800
1989-09-05,0.6607962250709534,5.6875,5.6875,5.625,5.6875,44400
1989-09-06,0.6535347700119019,5.625,5.6875,5.5625,5.625,52600
1989-09-07,0.6607962250709534,5.6875,5.6875,5.625,5.625,29600
1989-09-08,0.6607962250709534,5.6875,5.75,5.6875,5.75,65800
1989-09-11,0.6607962250709534,5.6875,5.75,5.6875,5.75,79600
1989-09-12,0.6753189563751221,5.8125,5.8125,5.6875,5.6875,26000
1989-09-13,0.6753189563751221,5.8125,5.8125,5.6875,5.75,84000
1989-09-14,0.6607962250709534,5.6875,5.8125,5.6875,5.75,38400
1989-09-15,0.6607962250709534,5.6875,5.75,5.6875,5.6875,63000
1989-09-18,0.6680573225021362,5.75,5.75,5.6875,5.75,63200
1989-09-19,0.6680573225021362,5.75,5.75,5.625,5.6875,33200
1989-09-20,0.6825805306434631,5.875,6.0,5.75,5.75,69600
1989-09-21,0.6898423433303833,5.9375,6.125,5.9375,6.125,70400
1989-09-22,0.7043650150299072,6.0625,6.0625,5.9375,6.0,113600
1989-09-25,0.7116267085075378,6.125,6.25,6.0625,6.0625,146600
1989-09-26,0.7261494994163513,6.25,6.25,6.125,6.125,190400
1989-09-27,0.718887984752655,6.1875,6.25,6.125,6.25,94800
1989-09-28,0.718887984752655,6.1875,6.25,6.125,6.1875,60600
1989-09-29,0.7116267085075378,6.125,6.25,6.125,6.25,74200
1989-10-02,0.7043650150299072,6.0625,6.1875,6.0,6.125,51600
1989-10-03,0.7116267085075378,6.125,6.125,6.0625,6.0625,78000
1989-10-04,0.7406725883483887,6.375,6.4375,6.0,6.125,121600
1989-10-05,0.776979923248291,6.6875,6.6875,6.375,6.4375,59200
1989-10-06,0.7551954984664917,6.5,6.6875,6.4375,6.625,60000
1989-10-09,0.8423333764076233,7.25,7.375,7.0625,7.3125,548600
1989-10-10,0.864118218421936,7.4375,7.75,7.1875,7.25,734400
1989-10-11,0.8205490708351135,7.0625,7.5,6.9375,7.375,210600
1989-10-12,0.7987648844718933,6.875,7.125,6.8125,7.125,73200
1989-10-13,0.7261494994163513,6.25,6.875,5.8125,6.875,167400
1989-10-16,0.7479340434074402,6.4375,6.5,5.375,5.375,381600
1989-10-17,0.7116267085075378,6.125,6.375,6.125,6.375,81600
1989-10-18,0.7261494994163513,6.25,6.375,5.9375,5.9375,47800
1989-10-19,0.7334113717079163,6.3125,6.375,6.1875,6.1875,90200
1989-10-20,0.7334113717079163,6.3125,6.375,6.25,6.375,48400
1989-10-23,0.7116267085075378,6.125,6.375,6.0625,6.25,68600
1989-10-24,0.7043650150299072,6.0625,6.1875,5.875,6.1875,67000
1989-10-25,0.6898423433303833,5.9375,6.0625,5.9375,6.0625,15000
1989-10-26,0.7043650150299072,6.0625,6.0625,5.9375,6.0,34400
1989-10-27,0.6971037983894348,6.0,6.0,5.6875,6.0,61600
1989-10-30,0.6680573225021362,5.75,5.875,5.6875,5.8125,48600
1989-10-31,0.6825805306434631,5.875,5.9375,5.75,5.75,33000
1989-11-01,0.6825805306434631,5.875,5.9375,5.875,5.9375,16800
1989-11-02,0.6607962250709534,5.6875,5.875,5.625,5.8125,49800
1989-11-03,0.6535347700119019,5.625,5.6875,5.625,5.625,62800
1989-11-06,0.6535347700119019,5.625,5.8125,5.625,5.6875,77400
1989-11-07,0.6535347700119019,5.625,5.625,5.5,5.5625,56200
1989-11-08,0.6753189563751221,5.8125,5.9375,5.625,5.6875,35200
1989-11-09,0.6898423433303833,5.9375,5.9375,5.875,5.875,11200
1989-11-10,0.7334113717079163,6.3125,6.3125,5.9375,5.9375,112600
1989-11-13,0.7261494994163513,6.25,6.375,6.1875,6.375,141800
1989-11-14,0.718887984752655,6.1875,6.3125,6.1875,6.3125,21000
1989-11-15,0.7334113717079163,6.3125,6.3125,6.1875,6.25,23400
1989-11-16,0.7116267085075378,6.125,6.375,6.0,6.375,37000
1989-11-17,0.7116267085075378,6.125,6.1875,5.9375,6.1875,34800
1989-11-20,0.6971037983894348,6.0,6.125,5.875,6.0625,54000
1989-11-21,0.7043650150299072,6.0625,6.0625,6.0,6.0625,20200
1989-11-22,0.6971037983894348,6.0,6.0625,5.9375,6.0625,21600
1989-11-24,0.718887984752655,6.1875,6.1875,6.125,6.1875,29200
1989-11-27,0.7334113717079163,6.3125,6.3125,6.25,6.25,31800
1989-11-28,0.7406725883483887,6.375,6.375,6.3125,6.3125,26200
1989-11-29,0.7551954984664917,6.5,6.75,6.3125,6.375,97000
1989-11-30,0.7551954984664917,6.5,6.625,6.5,6.5625,74000
1989-12-01,0.7479340434074402,6.4375,6.5625,6.375,6.5625,130800
1989-12-04,0.7406725883483887,6.375,6.5,6.375,6.4375,41400
1989-12-05,0.7479340434074402,6.4375,6.5,6.4375,6.4375,38400
1989-12-06,0.7551954984664917,6.5,6.5,6.375,6.4375,58200
1989-12-07,0.7479340434074402,6.4375,6.5,6.4375,6.5,57200
1989-12-08,0.7406725883483887,6.375,6.5,6.375,6.4375,23600
1989-12-11,0.7551954984664917,6.5,6.5,6.4375,6.4375,81800
1989-12-12,0.7551954984664917,6.5,6.5,6.4375,6.5,52400
1989-12-13,0.7479340434074402,6.4375,6.5,6.4375,6.5,60000
1989-12-14,0.7479340434074402,6.4375,6.5,6.375,6.4375,32000
1989-12-15,0.7479340434074402,6.4375,6.5,6.4375,6.5,53800
1989-12-18,0.7406725883483887,6.375,6.5,6.375,6.5,48200
1989-12-19,0.7551954984664917,6.5,6.5,6.4375,6.4375,50600
1989-12-20,0.7551954984664917,6.5,6.5,6.4375,6.5,41000
1989-12-21,0.7261494994163513,6.25,6.5,6.25,6.5,77200
1989-12-22,0.7551954984664917,6.5,6.5,6.3125,6.3125,10400
1989-12-26,0.7624571919441223,6.5625,6.5625,6.375,6.5,40800
1989-12-27,0.864118218421936,7.4375,7.4375,6.625,6.625,240000
1989-12-28,0.8495948910713196,7.3125,7.9375,6.8125,7.5,558600
1989-12-29,0.8786410093307495,7.5625,7.625,7.375,7.5,342600
1990-01-02,0.864118218421936,7.4375,7.5625,7.3125,7.5625,235200
1990-01-03,0.864118218421936,7.4375,7.5,7.3125,7.375,100600
1990-01-04,0.8568567633628845,7.375,7.4375,7.1875,7.4375,166800
1990-01-05,0.8205490708351135,7.0625,7.3125,7.0625,7.25,92800
1990-01-08,0.8713798522949219,7.5,7.5,7.0,7.125,286000
1990-01-09,0.9222102761268616,7.9375,8.1875,7.5,7.5,931400
1990-01-10,0.9948247671127319,8.5625,8.75,8.0625,8.125,1363000
1990-01-11,0.965779185295105,8.3125,8.6875,8.3125,8.5625,674000
1990-01-12,0.8859029412269592,7.625,8.125,7.5625,8.125,566200
1990-01-15,0.9004256129264832,7.75,7.875,7.3125,7.375,354200
1990-01-16,0.9222102761268616,7.9375,7.9375,7.375,7.75,208000
1990-01-17,0.9076874852180481,7.8125,8.0625,7.8125,7.9375,156600
1990-01-18,0.8931642770767212,7.6875,7.8125,7.5625,7.6875,94400
1990-01-19,0.8786410093307495,7.5625,7.75,7.5625,7.625,61000
1990-01-22,0.8350721597671509,7.1875,7.625,7.1875,7.5625,148600
1990-01-23,0.8205490708351135,7.0625,7.25,6.875,7.125,149800
1990-01-24,0.8132877349853516,7.0,7.0625,6.5,7.0,185600
1990-01-25,0.8132877349853516,7.0,7.5,7.0,7.25,150400
1990-01-26,0.8278104662895203,7.125,7.3125,6.9375,7.0625,176200
1990-01-29,0.8278104662895203,7.125,7.375,7.125,7.25,61000
1990-01-30,0.7987648844718933,6.875,7.125,6.875,7.125,140800
1990-01-31,0.8132877349853516,7.0,7.125,6.9375,7.0,75600
1990-02-01,0.8060261011123657,6.9375,7.0,6.9375,7.0,55600
1990-02-02,0.8495948910713196,7.3125,7.375,7.0,7.0625,126400
1990-02-05,0.8568567633628845,7.375,7.5,7.125,7.3125,147800
1990-02-06,0.8713798522949219,7.5,7.625,7.4375,7.5625,222000
1990-02-07,0.864118218421936,7.4375,7.5625,7.375,7.5625,89400
1990-02-08,0.8495948910713196,7.3125,7.5,7.3125,7.5,73400
1990-02-09,0.8495948910713196,7.3125,7.4375,7.25,7.375,65800
1990-02-12,0.8132877349853516,7.0,7.375,6.9375,7.375,148800
1990-02-13,0.7915029525756836,6.8125,7.0,6.75,7.0,93000
1990-02-14,0.8060261011123657,6.9375,7.125,6.8125,6.875,73800
1990-02-15,0.8060261011123657,6.9375,7.0625,6.9375,6.9375,26400
1990-02-16,0.8132877349853516,7.0,7.25,6.9375,7.0,69200
1990-02-20,0.8060261011123657,6.9375,7.0625,6.9375,7.0625,22600
1990-02-21,0.7987648844718933,6.875,6.875,6.75,6.75,33400
1990-02-22,0.7987648844718933,6.875,7.0,6.8125,6.8125,43200
1990-02-23,0.7915029525756836,6.8125,6.8125,6.75,6.8125,25400
1990-02-26,0.7334113717079163,6.3125,6.6875,6.3125,6.6875,144400
1990-02-27,0.7479340434074402,6.4375,6.5625,6.375,6.375,47400
1990-02-28,0.7479340434074402,6.4375,6.5625,6.4375,6.5625,28000
1990-03-01,0.7479340434074402,6.4375,6.5625,6.4375,6.4375,40800
1990-03-02,0.7624571919441223,6.5625,6.5625,6.4375,6.4375,33000
1990-03-05,0.7551954984664917,6.5,6.5625,6.4375,6.5625,39800
1990-03-06,0.7624571919441223,6.5625,6.625,6.5,6.5,36600
1990-03-07,0.7624571919441223,6.5625,6.625,6.5,6.625,35200
1990-03-08,0.7697186470031738,6.625,6.625,6.5,6.5,23800
1990-03-09,0.7697186470031738,6.625,6.6875,6.5625,6.625,45200
1990-03-12,0.7624571919441223,6.5625,6.625,6.5,6.5625,27600
1990-03-13,0.7406725883483887,6.375,6.5,6.375,6.5,24400
1990-03-14,0.7334113717079163,6.3125,6.4375,6.3125,6.375,13800
1990-03-15,0.7624571919441223,6.5625,6.5625,6.375,6.375,32800
1990-03-16,0.7624571919441223,6.5625,6.625,6.4375,6.5,19000
1990-03-19,0.7624571919441223,6.5625,6.625,6.5625,6.5625,32600
1990-03-20,0.7697186470031738,6.625,6.625,6.5625,6.5625,75200
1990-03-21,0.7697186470031738,6.625,6.625,6.5625,6.5625,24800
1990-03-22,0.7551954984664917,6.5,6.625,6.4375,6.5625,41200
1990-03-23,0.7479340434074402,6.4375,6.5625,6.4375,6.4375,56000
1990-03-26,0.7479340434074402,6.4375,6.5,6.4375,6.5,50400
1990-03-27,0.718887984752655,6.1875,6.375,6.1875,6.375,31800
1990-03-28,0.718887984752655,6.1875,6.25,6.125,6.25,27400
1990-03-29,0.7043650150299072,6.0625,6.125,6.0625,6.125,31200
1990-03-30,0.7261494994163513,6.25,6.25,6.0,6.0,39800
1990-04-02,0.7116267085075378,6.125,6.1875,6.0625,6.1875,30200
1990-04-03,0.7624571919441223,6.5625,6.5625,6.125,6.125,95400
1990-04-04,0.7551954984664917,6.5,6.625,6.3125,6.625,83600
1990-04-05,0.7479340434074402,6.4375,6.625,6.4375,6.4375,40800
1990-04-06,0.7842416763305664,6.75,6.75,6.375,6.375,81400
1990-04-09,0.7842416763305664,6.75,6.75,6.5625,6.75,33400
1990-04-10,0.7987648844718933,6.875,6.875,6.625,6.625,25200
1990-04-11,0.7697186470031738,6.625,6.8125,6.625,6.8125,29200
1990-04-12,0.776979923248291,6.6875,6.6875,6.625,6.6875,25200
1990-04-16,0.7697186470031738,6.625,6.75,6.5625,6.75,23400
1990-04-17,0.7697186470031738,6.625,6.6875,6.5625,6.625,19400
1990-04-18,0.7551954984664917,6.5,6.625,6.4375,6.625,38200
1990-04-19,0.7406725883483887,6.375,6.5,6.375,6.4375,24000
1990-04-20,0.7261494994163513,6.25,6.375,6.25,6.3125,31600
1990-04-23,0.718887984752655,6.1875,6.3125,6.0625,6.25,22600
1990-04-24,0.7334113717079163,6.3125,6.3125,6.125,6.125,17800
1990-04-25,0.7261494994163513,6.25,6.25,6.0625,6.25,39600
1990-04-26,0.7043650150299072,6.0625,6.1875,6.0,6.1875,35600
1990-04-27,0.6898423433303833,5.9375,6.125,5.75,6.125,63200
1990-04-30,0.6825805306434631,5.875,5.875,5.8125,5.875,53200
1990-05-01,0.6825805306434631,5.875,5.875,5.625,5.875,100000
1990-05-02,0.718887984752655,6.1875,6.1875,5.9375,5.9375,89400
1990-05-03,0.6971037983894348,6.0,6.3125,5.9375,6.25,107400
1990-05-04,0.7406725883483887,6.375,6.375,6.1875,6.25,74200
1990-05-07,0.7479340434074402,6.4375,6.5,6.375,6.375,33400
1990-05-08,0.7624571919441223,6.5625,6.625,6.5,6.5625,54200
1990-05-09,0.7915029525756836,6.8125,6.8125,6.5625,6.6875,80000
1990-05-10,0.8205490708351135,7.0625,7.25,6.875,6.875,240600
1990-05-11,0.8205490708351135,7.0625,7.1875,7.0625,7.0625,152200
1990-05-14,0.8350721597671509,7.1875,7.375,7.125,7.1875,137600
1990-05-15,0.8350721597671509,7.1875,7.3125,7.1875,7.25,80600
1990-05-16,0.8423333764076233,7.25,7.3125,7.125,7.1875,131600
1990-05-17,0.8278104662895203,7.125,7.3125,7.0625,7.3125,45800
1990-05-18,0.8205490708351135,7.0625,7.125,7.0625,7.0625,37600
1990-05-21,0.8060261011123657,6.9375,7.125,6.9375,7.0625,39400
1990-05-22,0.8132877349853516,7.0,7.0,6.75,6.875,75400
1990-05-23,0.8132877349853516,7.0,7.0625,6.9375,6.9375,50400
1990-05-24,0.8205490708351135,7.0625,7.125,7.0,7.0,21400
1990-05-25,0.8060261011123657,6.9375,7.0625,6.9375,7.0625,63400
1990-05-29,0.8350721597671509,7.1875,7.375,7.125,7.125,102200
1990-05-30,0.8423333764076233,7.25,7.3125,7.1875,7.1875,63800
1990-05-31,0.8423333764076233,7.25,7.25,7.1875,7.25,40200
1990-06-01,0.8350721597671509,7.1875,7.25,7.1875,7.1875,79600
1990-06-04,0.8278104662895203,7.125,7.1875,7.125,7.1875,21400
1990-06-05,0.8205490708351135,7.0625,7.125,7.0,7.125,50400
1990-06-06,0.8205490708351135,7.0625,7.0625,7.0,7.0,49600
1990-06-07,0.8132877349853516,7.0,7.0625,6.9375,7.0,37400
1990-06-08,0.8060261011123657,6.9375,7.0625,6.9375,7.0,13000
1990-06-11,0.8132877349853516,7.0,7.0,6.8125,6.9375,31800
1990-06-12,0.8060261011123657,6.9375,7.0625,6.9375,6.9375,20200
1990-06-13,0.8423333764076233,7.25,7.3125,7.0,7.0625,62800
1990-06-14,0.8350721597671509,7.1875,7.25,7.125,7.25,19600
1990-06-15,0.8278104662895203,7.125,7.125,7.0,7.125,34600
1990-06-18,0.8205490708351135,7.0625,7.125,7.0625,7.0625,47600
1990-06-19,0.8205490708351135,7.0625,7.0625,7.0,7.0,58200
1990-06-20,0.8205490708351135,7.0625,7.0625,7.0,7.0,18600
1990-06-21,0.8278104662895203,7.125,7.1875,7.0625,7.0625,62800
1990-06-22,0.8423333764076233,7.25,7.3125,7.1875,7.1875,126400
1990-06-25,0.8423333764076233,7.25,7.3125,7.1875,7.25,20600
1990-06-26,0.8423333764076233,7.25,7.25,7.1875,7.25,15400
1990-06-27,0.8423333764076233,7.25,7.25,7.1875,7.25,17400
1990-06-28,0.8423333764076233,7.25,7.25,7.1875,7.1875,33800
1990-06-29,0.8423333764076233,7.25,7.25,7.1875,7.1875,42600
1990-07-02,0.8495948910713196,7.3125,7.375,7.25,7.3125,85200
1990-07-03,0.8495948910713196,7.3125,7.4375,7.3125,7.375,59400
1990-07-05,0.8568567633628845,7.375,7.375,7.3125,7.375,65200
1990-07-06,0.8713798522949219,7.5,7.5,7.3125,7.375,41600
1990-07-09,0.8713798522949219,7.5,7.5625,7.4375,7.5,90000
1990-07-10,0.864118218421936,7.4375,7.5,7.375,7.5,40200
1990-07-11,0.8568567633628845,7.375,7.4375,7.375,7.4375,70200
1990-07-12,0.8568567633628845,7.375,7.4375,7.3125,7.375,124400
1990-07-13,0.8568567633628845,7.375,7.375,7.3125,7.375,42000
1990-07-16,0.8568567633628845,7.375,7.375,7.3125,7.3125,64000
1990-07-17,0.8568567633628845,7.375,7.5,7.3125,7.375,81800
1990-07-18,0.8713798522949219,7.5,7.5,7.3125,7.375,79400
1990-07-19,0.8713798522949219,7.5,7.5,7.375,7.375,32400
1990-07-20,0.8495948910713196,7.3125,7.5,7.3125,7.4375,64400
1990-07-23,0.8423333764076233,7.25,7.375,7.1875,7.3125,111800
1990-07-24,0.8350721597671509,7.1875,7.25,7.125,7.1875,44800
1990-07-25,0.8495948910713196,7.3125,7.3125,7.1875,7.25,23600
1990-07-26,0.8350721597671509,7.1875,7.3125,7.1875,7.1875,24400
1990-07-27,0.8205490708351135,7.0625,7.25,7.0625,7.1875,50200
1990-07-30,0.8568567633628845,7.375,7.375,7.0625,7.125,68800
1990-07-31,0.8423333764076233,7.25,7.3125,7.1875,7.25,38000
1990-08-01,0.8423333764076233,7.25,7.3125,7.25,7.3125,5800
1990-08-02,0.8205490708351135,7.0625,7.25,7.0625,7.1875,38800
1990-08-03,0.7987648844718933,6.875,7.0625,6.875,7.0625,71800
1990-08-06,0.7697186470031738,6.625,6.875,6.5,6.875,84600
1990-08-07,0.776979923248291,6.6875,6.8125,6.625,6.6875,53400
1990-08-08,0.7987648844718933,6.875,6.875,6.6875,6.6875,13800
1990-08-09,0.7915029525756836,6.8125,6.875,6.75,6.75,14000
1990-08-10,0.7915029525756836,6.8125,6.875,6.75,6.75,14600
1990-08-13,0.7915029525756836,6.8125,6.8125,6.625,6.75,37400
1990-08-14,0.7624571919441223,6.5625,6.8125,6.5625,6.8125,34000
1990-08-15,0.776979923248291,6.6875,6.75,6.625,6.6875,22400
1990-08-16,0.7624571919441223,6.5625,6.6875,6.5625,6.625,15400
1990-08-17,0.7479340434074402,6.4375,6.625,6.375,6.625,51400
1990-08-20,0.7551954984664917,6.5,6.5,6.375,6.375,29600
1990-08-21,0.7406725883483887,6.375,6.4375,6.3125,6.4375,45200
1990-08-22,0.7334113717079163,6.3125,6.375,6.25,6.3125,39600
1990-08-23,0.6898423433303833,5.9375,6.1875,5.9375,6.1875,82000
1990-08-24,0.6971037983894348,6.0,6.1875,5.9375,5.9375,137000
1990-08-27,0.7479340434074402,6.4375,6.6875,6.375,6.625,102800
1990-08-28,0.7479340434074402,6.4375,6.5625,6.375,6.5,25000
1990-08-29,0.7406725883483887,6.375,6.5,6.375,6.5,18400
1990-08-30,0.7334113717079163,6.3125,6.3125,6.25,6.3125,13800
1990-08-31,0.7334113717079163,6.3125,6.375,6.25,6.3125,12000
1990-09-04,0.7624571919441223,6.5625,6.625,6.3125,6.375,52000
1990-09-05,0.7551954984664917,6.5,6.5625,6.5,6.5625,17800
1990-09-06,0.7624571919441223,6.5625,6.5625,6.5,6.5,8800
1990-09-07,0.7551954984664917,6.5,6.5625,6.5,6.5625,8400
1990-09-10,0.7479340434074402,6.4375,6.5625,6.375,6.5625,18400
1990-09-11,0.7261494994163513,6.25,6.5,6.25,6.5,18000
1990-09-12,0.7261494994163513,6.25,6.375,6.25,6.3125,13400
1990-09-13,0.7261494994163513,6.25,6.375,6.1875,6.3125,15400
1990-09-14,0.7261494994163513,6.25,6.375,6.1875,6.25,4400
1990-09-17,0.7334113717079163,6.3125,6.3125,6.25,6.3125,13200
1990-09-18,0.7261494994163513,6.25,6.3125,6.25,6.3125,14400
1990-09-19,0.7406725883483887,6.375,6.375,6.25,6.375,21800
1990-09-20,0.7261494994163513,6.25,6.375,6.25,6.375,10400
1990-09-21,0.7261494994163513,6.25,6.3125,6.25,6.25,15000
1990-09-24,0.6971037983894348,6.0,6.25,6.0,6.25,105600
1990-09-25,0.7000204920768738,6.0,6.0,5.875,5.9375,6800
1990-09-26,0.6781448721885681,5.8125,6.0,5.8125,6.0,7800
1990-09-27,0.6562687754631042,5.625,5.75,5.625,5.75,25000
1990-09-28,0.6562687754631042,5.625,5.625,5.4375,5.5,35000
1990-10-01,0.6927286386489868,5.9375,5.9375,5.625,5.625,78800
1990-10-02,0.6927286386489868,5.9375,6.0,5.875,6.0,14400
1990-10-03,0.7000204920768738,6.0,6.0,5.875,5.9375,4200
1990-10-04,0.7073121666908264,6.0625,6.0625,5.9375,5.9375,52600
1990-10-05,0.685436487197876,5.875,6.0625,5.875,6.0625,15200
1990-10-08,0.7000204920768738,6.0,6.0,5.9375,6.0,32400
1990-10-09,0.685436487197876,5.875,5.9375,5.8125,5.9375,36000
1990-10-10,0.685436487197876,5.875,5.9375,5.8125,5.875,11800
1990-10-11,0.6927286386489868,5.9375,5.9375,5.8125,5.8125,20400
1990-10-12,0.685436487197876,5.875,6.0,5.875,5.9375,7400
1990-10-15,0.7000204920768738,6.0,6.0,5.9375,5.9375,8200
1990-10-16,0.6927286386489868,5.9375,6.0,5.9375,6.0,23400
1990-10-17,0.7000204920768738,6.0,6.0,5.9375,6.0,11400
1990-10-18,0.7073121666908264,6.0625,6.0625,5.9375,5.9375,14200
1990-10-19,0.7291877865791321,6.25,6.25,6.125,6.125,42000
1990-10-22,0.7218961119651794,6.1875,6.25,6.125,6.25,7600
1990-10-23,0.7291877865791321,6.25,6.25,6.125,6.25,7200
1990-10-24,0.7364799976348877,6.3125,6.3125,6.25,6.3125,14000
1990-10-25,0.7364799976348877,6.3125,6.3125,6.1875,6.3125,7200
1990-10-26,0.7218961119651794,6.1875,6.25,6.1875,6.1875,8000
1990-10-29,0.7291877865791321,6.25,6.3125,6.125,6.25,17800
1990-10-30,0.7218961119651794,6.1875,6.1875,6.125,6.1875,7600
1990-10-31,0.7146041393280029,6.125,6.25,6.0625,6.25,19800
1990-11-01,0.7073121666908264,6.0625,6.0625,6.0625,6.0625,33000
1990-11-02,0.7000204920768738,6.0,6.0625,6.0,6.0625,30000
1990-11-05,0.7218961119651794,6.1875,6.1875,6.0,6.0,31400
1990-11-06,0.7073121666908264,6.0625,6.1875,6.0625,6.125,8000
1990-11-07,0.7146041393280029,6.125,6.125,6.125,6.125,11800
1990-11-08,0.7291877865791321,6.25,6.25,6.125,6.125,22400
1990-11-09,0.7146041393280029,6.125,6.1875,6.0625,6.0625,17600
1990-11-12,0.7291877865791321,6.25,6.3125,6.1875,6.1875,41200
1990-11-13,0.7583556771278381,6.5,6.5,6.375,6.375,42000
1990-11-14,0.7437715530395508,6.375,6.4375,6.3125,6.375,50600
1990-11-15,0.7729396224021912,6.625,6.625,6.4375,6.4375,53600
1990-11-16,0.7364799976348877,6.3125,6.5,6.25,6.5,25000
1990-11-19,0.7510638236999512,6.4375,6.4375,6.3125,6.375,12400
1990-11-20,0.7364799976348877,6.3125,6.375,6.3125,6.375,19200
1990-11-21,0.7364799976348877,6.3125,6.375,6.3125,6.3125,13000
1990-11-23,0.7364799976348877,6.3125,6.375,6.25,6.25,7600
1990-11-26,0.7364799976348877,6.3125,6.3125,6.25,6.3125,9600
1990-11-27,0.7364799976348877,6.3125,6.375,6.25,6.3125,36800
1990-11-28,0.7146041393280029,6.125,6.25,6.0625,6.1875,47400
1990-11-29,0.7146041393280029,6.125,6.125,6.0625,6.125,18000
1990-11-30,0.7146041393280029,6.125,6.125,6.0625,6.125,16400
1990-12-03,0.7073121666908264,6.0625,6.1875,6.0625,6.125,27000
1990-12-04,0.7073121666908264,6.0625,6.0625,6.0,6.0625,28600
1990-12-05,0.7073121666908264,6.0625,6.125,6.0625,6.0625,35600
1990-12-06,0.7218961119651794,6.1875,6.3125,6.0625,6.0625,82200
1990-12-07,0.7291877865791321,6.25,6.25,6.1875,6.25,15800
1990-12-10,0.7291877865791321,6.25,6.25,6.1875,6.25,24600
1990-12-11,0.7146041393280029,6.125,6.25,6.125,6.25,23600
1990-12-12,0.7146041393280029,6.125,6.1875,6.0625,6.125,44600
1990-12-13,0.7146041393280029,6.125,6.125,6.0625,6.125,28600
1990-12-14,0.7073121666908264,6.0625,6.125,6.0625,6.125,17000
1990-12-17,0.7146041393280029,6.125,6.125,6.0625,6.125,27000
1990-12-18,0.7073121666908264,6.0625,6.1875,6.0,6.1875,18000
1990-12-19,0.7146041393280029,6.125,6.1875,6.0,6.0625,49200
1990-12-20,0.7000204920768738,6.0,6.0625,6.0,6.0625,24200
1990-12-21,0.6927286386489868,5.9375,6.125,5.9375,6.0625,41800
1990-12-24,0.6927286386489868,5.9375,5.9375,5.875,5.9375,10400
1990-12-26,0.685436487197876,5.875,5.9375,5.875,5.9375,20600
1990-12-27,0.685436487197876,5.875,5.9375,5.875,5.9375,17600
1990-12-28,0.6927286386489868,5.9375,5.9375,5.875,5.9375,10200
1990-12-31,0.6927286386489868,5.9375,6.0,5.875,5.9375,34800
1991-01-02,0.7000204920768738,6.0,6.0625,6.0,6.0625,38000
1991-01-03,0.6927286386489868,5.9375,6.0,5.9375,5.9375,11400
1991-01-04,0.6927286386489868,5.9375,5.9375,5.875,5.875,27400
1991-01-07,0.685436487197876,5.875,5.9375,5.8125,5.875,17000
1991-01-08,0.685436487197876,5.875,6.0,5.875,6.0,42800
1991-01-09,0.685436487197876,5.875,6.0625,5.8125,5.9375,23800
1991-01-10,0.7000204920768738,6.0,6.0,5.9375,5.9375,6200
1991-01-11,0.7000204920768738,6.0,6.0,5.9375,6.0,10600
1991-01-14,0.6781448721885681,5.8125,5.875,5.75,5.875,25000
1991-01-15,0.6781448721885681,5.8125,5.875,5.75,5.75,15600
1991-01-16,0.685436487197876,5.875,5.875,5.8125,5.875,10200
1991-01-17,0.7073121666908264,6.0625,6.25,6.0625,6.125,131600
1991-01-18,0.7073121666908264,6.0625,6.0625,6.0,6.0,9000
1991-01-21,0.7000204920768738,6.0,6.125,5.8125,6.125,62200
1991-01-22,0.7073121666908264,6.0625,6.125,5.9375,5.9375,6800
1991-01-23,0.7073121666908264,6.0625,6.125,6.0,6.0625,19400
1991-01-24,0.7218961119651794,6.1875,6.25,6.125,6.1875,38400
1991-01-25,0.7437715530395508,6.375,6.375,6.25,6.3125,17800
1991-01-28,0.7146041393280029,6.125,6.3125,6.125,6.3125,33600
1991-01-29,0.6927286386489868,5.9375,6.1875,5.9375,6.1875,47800
1991-01-30,0.7073121666908264,6.0625,6.125,6.0,6.0,110600
1991-01-31,0.7073121666908264,6.0625,6.125,6.0625,6.125,30400
1991-02-01,0.7218961119651794,6.1875,6.1875,6.0625,6.0625,16600
1991-02-04,0.7364799976348877,6.3125,6.3125,6.1875,6.3125,28600
1991-02-05,0.7437715530395508,6.375,6.375,6.25,6.375,71400
1991-02-06,0.7510638236999512,6.4375,6.4375,6.375,6.375,27400
1991-02-07,0.765647292137146,6.5625,6.75,6.4375,6.5,60800
1991-02-08,0.765647292137146,6.5625,6.625,6.5625,6.5625,36000
1991-02-11,0.7802308797836304,6.6875,6.875,6.5625,6.625,88800
1991-02-12,0.7875230312347412,6.75,6.8125,6.625,6.75,49600
1991-02-13,0.7948145866394043,6.8125,6.875,6.625,6.875,101600
1991-02-14,0.765647292137146,6.5625,6.8125,6.5625,6.6875,88400
1991-02-15,0.8239823579788208,7.0625,7.0625,6.625,6.75,110600
1991-02-19,0.8093985915184021,6.9375,7.0625,6.8125,7.0625,52600
1991-02-20,0.8239823579788208,7.0625,7.0625,6.875,7.0,31200
1991-02-21,0.8166905045509338,7.0,7.0,6.9375,6.9375,20400
1991-02-22,0.7948145866394043,6.8125,6.875,6.75,6.8125,40000
1991-02-25,0.7802308797836304,6.6875,6.8125,6.6875,6.8125,17000
1991-02-26,0.7802308797836304,6.6875,6.9375,6.6875,6.75,26400
1991-02-27,0.7948145866394043,6.8125,6.875,6.75,6.75,37800
1991-02-28,0.8021065592765808,6.875,6.875,6.8125,6.8125,11400
1991-03-01,0.7948145866394043,6.8125,6.875,6.8125,6.8125,17600
1991-03-04,0.7948145866394043,6.8125,6.8125,6.75,6.8125,51600
1991-03-05,0.8021065592765808,6.875,6.9375,6.8125,6.8125,53600
1991-03-06,0.8093985915184021,6.9375,7.0625,6.9375,7.0625,43400
1991-03-07,0.8093985915184021,6.9375,7.0,6.9375,6.9375,10000
1991-03-08,0.8312745690345764,7.125,7.125,6.9375,6.9375,30000
1991-03-11,0.8093985915184021,6.9375,7.0625,6.9375,7.0625,93800
1991-03-12,0.8093985915184021,6.9375,7.0,6.9375,7.0,35400
1991-03-13,0.8312745690345764,7.125,7.125,6.9375,6.9375,41200
1991-03-14,0.8312745690345764,7.125,7.1875,7.125,7.1875,55800
1991-03-15,0.8312745690345764,7.125,7.1875,7.0625,7.0625,36000
1991-03-18,0.8239823579788208,7.0625,7.25,7.0625,7.0625,92600
1991-03-19,0.8166905045509338,7.0,7.0625,7.0,7.0625,24600
1991-03-20,0.8166905045509338,7.0,7.0,6.9375,7.0,55800
1991-03-21,0.8021065592765808,6.875,6.875,6.8125,6.875,67400
1991-03-22,0.8021065592765808,6.875,6.875,6.8125,6.8125,36200
1991-03-25,0.8021065592765808,6.875,6.9375,6.8125,6.9375,63800
1991-03-26,0.7948145866394043,6.8125,6.9375,6.75,6.8125,39400
1991-03-27,0.7875230312347412,6.75,6.875,6.6875,6.8125,44200
1991-03-28,0.7729396224021912,6.625,6.75,6.625,6.6875,15200
1991-04-01,0.7875230312347412,6.75,6.75,6.625,6.6875,31400
1991-04-02,0.7802308797836304,6.6875,6.8125,6.625,6.75,4600
1991-04-03,0.765647292137146,6.5625,6.6875,6.5625,6.6875,47800
1991-04-04,0.765647292137146,6.5625,6.625,6.5,6.625,41600
1991-04-05,0.7583556771278381,6.5,6.625,6.5,6.5625,32400
1991-04-08,0.7510638236999512,6.4375,6.5625,6.4375,6.5,12200
1991-04-09,0.7583556771278381,6.5,6.5,6.4375,6.4375,10200
1991-04-10,0.7510638236999512,6.4375,6.5625,6.4375,6.5625,23400
1991-04-11,0.7583556771278381,6.5,6.5,6.375,6.375,18000
1991-04-12,0.7802308797836304,6.6875,6.75,6.5625,6.5625,55200
1991-04-15,0.7583556771278381,6.5,6.625,6.5,6.625,38800
1991-04-16,0.7510638236999512,6.4375,6.5625,6.4375,6.5625,19000
1991-04-17,0.7364799976348877,6.3125,6.4375,6.3125,6.375,29200
1991-04-18,0.7583556771278381,6.5,6.5625,6.3125,6.3125,69000
1991-04-19,0.7510638236999512,6.4375,6.5625,6.375,6.5625,24200
1991-04-22,0.7437715530395508,6.375,6.375,6.25,6.375,21800
1991-04-23,0.7146041393280029,6.125,6.3125,6.0,6.3125,24800
1991-04-24,0.7000204920768738,6.0,6.0625,5.9375,6.0625,96600
1991-04-25,0.7146041393280029,6.125,6.125,6.0,6.0,14200
1991-04-26,0.7073121666908264,6.0625,6.125,5.9375,6.125,26200
1991-04-29,0.7073121666908264,6.0625,6.125,5.9375,6.0625,7200
1991-04-30,0.7146041393280029,6.125,6.1875,6.125,6.125,17600
1991-05-01,0.7146041393280029,6.125,6.1875,6.0,6.1875,30600
1991-05-02,0.7073121666908264,6.0625,6.1875,6.0625,6.125,16800
1991-05-03,0.7073121666908264,6.0625,6.125,6.0,6.0,7400
1991-05-06,0.7218961119651794,6.1875,6.1875,6.0625,6.125,19600
1991-05-07,0.7218961119651794,6.1875,6.1875,6.125,6.125,11000
1991-05-08,0.7291877865791321,6.25,6.25,6.0625,6.125,33400
1991-05-09,0.7291877865791321,6.25,6.25,6.125,6.1875,11400
1991-05-10,0.7146041393280029,6.125,6.3125,6.125,6.1875,7200
1991-05-13,0.7073121666908264,6.0625,6.125,6.0,6.0625,38000
1991-05-14,0.7000204920768738,6.0,6.0625,5.9375,6.0,18600
1991-05-15,0.7000204920768738,6.0,6.0,5.9375,5.9375,24000
1991-05-16,0.7000204920768738,6.0,6.0625,5.875,5.9375,31600
1991-05-17,0.7000204920768738,6.0,6.0625,5.9375,6.0625,16600
1991-05-20,0.7146041393280029,6.125,6.1875,5.9375,6.125,38000
1991-05-21,0.7073121666908264,6.0625,6.125,6.0,6.125,38200
1991-05-22,0.7000204920768738,6.0,6.0625,5.9375,6.0,24200
1991-05-23,0.7000204920768738,6.0,6.125,5.9375,6.0,93800
1991-05-24,0.7000204920768738,6.0,6.0,5.9375,6.0,19400
1991-05-28,0.7291877865791321,6.25,6.375,6.0625,6.0625,53000
1991-05-29,0.7437715530395508,6.375,6.4375,6.1875,6.1875,31200
1991-05-30,0.7437715530395508,6.375,6.375,6.3125,6.3125,18200
1991-05-31,0.7510638236999512,6.4375,6.4375,6.375,6.375,22600
1991-06-03,0.7437715530395508,6.375,6.375,6.25,6.375,31200
1991-06-04,0.7218961119651794,6.1875,6.4375,6.1875,6.375,63800
1991-06-05,0.7146041393280029,6.125,6.25,6.125,6.25,27600
1991-06-06,0.7218961119651794,6.1875,6.1875,6.125,6.1875,12200
1991-06-07,0.7218961119651794,6.1875,6.25,6.125,6.125,28600
1991-06-10,0.7146041393280029,6.125,6.1875,6.125,6.1875,12000
1991-06-11,0.7146041393280029,6.125,6.1875,6.0,6.0625,40200
1991-06-12,0.7073121666908264,6.0625,6.125,6.0,6.0625,25600
1991-06-13,0.7000204920768738,6.0,6.0625,6.0,6.0,7800
1991-06-14,0.7146041393280029,6.125,6.1875,6.0,6.0,23000
1991-06-17,0.7291877865791321,6.25,6.3125,6.0625,6.1875,27000
1991-06-18,0.7146041393280029,6.125,6.125,6.0625,6.125,8800
1991-06-19,0.6927286386489868,5.9375,6.125,5.875,6.0625,41600
1991-06-20,0.7000204920768738,6.0,6.0,5.9375,6.0,25400
1991-06-21,0.7073121666908264,6.0625,6.0625,5.875,5.9375,13600
1991-06-24,0.6927286386489868,5.9375,6.0,5.9375,6.0,10400
1991-06-25,0.6927286386489868,5.9375,6.0,5.9375,5.9375,22000
1991-06-26,0.7146041393280029,6.125,6.125,5.9375,6.0,26000
1991-06-27,0.6927286386489868,5.9375,6.0625,5.875,6.0625,19600
1991-06-28,0.6927286386489868,5.9375,6.0625,5.9375,5.9375,8000
1991-07-01,0.6927286386489868,5.9375,6.0,5.9375,6.0,5200
1991-07-02,0.7000204920768738,6.0,6.0,5.9375,6.0,14400
1991-07-03,0.6927286386489868,5.9375,6.0625,5.9375,6.0,10400
1991-07-05,0.7000204920768738,6.0,6.0625,6.0,6.0,3400
1991-07-08,0.685436487197876,5.875,5.9375,5.875,5.875,17600
1991-07-09,0.7000204920768738,6.0,6.0625,5.875,5.9375,22800
1991-07-10,0.7000204920768738,6.0,6.0,5.9375,5.9375,20600
1991-07-11,0.7000204920768738,6.0,6.0,5.875,6.0,29400
1991-07-12,0.7000204920768738,6.0,6.0625,5.9375,6.0,16800
1991-07-15,0.7073121666908264,6.0625,6.0625,5.9375,6.0,21600
1991-07-16,0.6927286386489868,5.9375,6.0625,5.875,6.0625,42200
1991-07-17,0.7000204920768738,6.0,6.0625,6.0,6.0,12000
1991-07-18,0.6927286386489868,5.9375,6.0,5.9375,5.9375,16200
1991-07-19,0.7073121666908264,6.0625,6.125,5.9375,5.9375,10800
1991-07-22,0.7073121666908264,6.0625,6.0625,6.0,6.0,9200
1991-07-23,0.7000204920768738,6.0,6.0625,6.0,6.0,9000
1991-07-24,0.7146041393280029,6.125,6.25,6.0,6.0,24800
1991-07-25,0.7364799976348877,6.3125,6.375,6.125,6.125,31200
1991-07-26,0.765647292137146,6.5625,6.625,6.3125,6.375,83200
1991-07-29,0.765647292137146,6.5625,6.6875,6.5,6.625,99800
1991-07-30,0.7729396224021912,6.625,6.6875,6.5625,6.5625,95200
1991-07-31,0.8021065592765808,6.875,7.0,6.75,6.8125,89400
1991-08-01,0.8021065592765808,6.875,7.0,6.75,6.875,67200
1991-08-02,0.7948145866394043,6.8125,6.875,6.8125,6.875,51800
1991-08-05,0.8093985915184021,6.9375,6.9375,6.8125,6.875,61000
1991-08-06,0.8093985915184021,6.9375,6.9375,6.8125,6.9375,60800
1991-08-07,0.8166905045509338,7.0,7.0,6.9375,6.9375,64400
1991-08-08,0.8093985915184021,6.9375,7.0,6.9375,7.0,49800
1991-08-09,0.8166905045509338,7.0,7.0,6.9375,7.0,27800
1991-08-12,0.8093985915184021,6.9375,6.9375,6.875,6.9375,59000
1991-08-13,0.8166905045509338,7.0,7.0,6.875,7.0,75200
1991-08-14,0.8093985915184021,6.9375,7.0,6.8125,7.0,41600
1991-08-15,0.8093985915184021,6.9375,6.9375,6.8125,6.9375,42600
1991-08-16,0.8093985915184021,6.9375,6.9375,6.875,6.9375,28600
1991-08-19,0.7729396224021912,6.625,6.75,6.5625,6.6875,80200
1991-08-20,0.765647292137146,6.5625,6.75,6.5625,6.6875,68000
1991-08-21,0.8166905045509338,7.0,7.0,6.5625,6.5625,85000
1991-08-22,0.8239823579788208,7.0625,7.0625,6.9375,7.0,27400
1991-08-23,0.8093985915184021,6.9375,7.0625,6.9375,7.0,57600
1991-08-26,0.8239823579788208,7.0625,7.125,6.9375,7.0,61200
1991-08-27,0.8166905045509338,7.0,7.0625,6.9375,7.0625,26200
1991-08-28,0.8021065592765808,6.875,7.0625,6.8125,7.0,70400
1991-08-29,0.8312745690345764,7.125,7.125,6.8125,6.875,38800
1991-08-30,0.8093985915184021,6.9375,7.0625,6.875,6.9375,26600
1991-09-03,0.8166905045509338,7.0,7.0,6.875,6.9375,16600
1991-09-04,0.8166905045509338,7.0,7.0625,6.9375,7.0625,41000
1991-09-05,0.8166905045509338,7.0,7.0625,6.9375,7.0625,26800
1991-09-06,0.8166905045509338,7.0,7.0625,6.9375,7.0625,25400
1991-09-09,0.8166905045509338,7.0,7.0,6.9375,6.9375,23000
1991-09-10,0.8166905045509338,7.0,7.0,6.9375,6.9375,14800
1991-09-11,0.8093985915184021,6.9375,7.0,6.875,6.9375,25600
1991-09-12,0.8166905045509338,7.0,7.0,6.9375,7.0,17600
1991-09-13,0.8166905045509338,7.0,7.0,6.875,7.0,16600
1991-09-16,0.8093985915184021,6.9375,7.0,6.875,6.875,10600
1991-09-17,0.7948145866394043,6.8125,6.9375,6.75,6.9375,31000
1991-09-18,0.7948145866394043,6.8125,6.8125,6.75,6.8125,26600
1991-09-19,0.7875230312347412,6.75,6.875,6.75,6.75,9400
1991-09-20,0.7948145866394043,6.8125,6.9375,6.8125,6.875,45000
1991-09-23,0.8093985915184021,6.9375,6.9375,6.875,6.9375,27000
1991-09-24,0.7875230312347412,6.75,6.875,6.75,6.8125,21400
1991-09-25,0.7802308797836304,6.6875,6.75,6.5625,6.75,17200
1991-09-26,0.7583556771278381,6.5,6.75,6.5,6.6875,24600
1991-09-27,0.765647292137146,6.5625,6.625,6.5,6.5625,18200
1991-09-30,0.7729396224021912,6.625,6.625,6.5625,6.625,48800
1991-10-01,0.7583556771278381,6.5,6.625,6.5,6.625,19000
1991-10-02,0.7583556771278381,6.5,6.5625,6.5,6.5,57600
1991-10-03,0.7510638236999512,6.4375,6.5,6.4375,6.5,7400
1991-10-04,0.7583556771278381,6.5,6.5,6.4375,6.5,94800
1991-10-07,0.7454921007156372,6.375,6.4375,6.375,6.4375,25000
1991-10-08,0.7454921007156372,6.375,6.4375,6.375,6.4375,26000
1991-10-09,0.7528009414672852,6.4375,6.4375,6.375,6.4375,8000
1991-10-10,0.7528009414672852,6.4375,6.4375,6.375,6.375,7600
1991-10-11,0.7454921007156372,6.375,6.4375,6.375,6.4375,8200
1991-10-14,0.7528009414672852,6.4375,6.4375,6.375,6.4375,56400
1991-10-15,0.7966532111167908,6.8125,6.8125,6.5,6.5625,89000
1991-10-16,0.7747269868850708,6.625,6.75,6.5625,6.6875,94800
1991-10-17,0.7601097822189331,6.5,6.625,6.5,6.5625,32000
1991-10-18,0.7601097822189331,6.5,6.5,6.4375,6.5,27200
1991-10-21,0.7528009414672852,6.4375,6.5,6.1875,6.4375,31800
1991-10-22,0.7528009414672852,6.4375,6.5,6.375,6.5,12000
1991-10-23,0.7528009414672852,6.4375,6.4375,6.375,6.375,13400
1991-10-24,0.7528009414672852,6.4375,6.4375,6.375,6.375,26600
1991-10-25,0.7454921007156372,6.375,6.4375,6.25,6.375,24600
1991-10-28,0.7528009414672852,6.4375,6.4375,6.3125,6.3125,24600
1991-10-29,0.7454921007156372,6.375,6.4375,6.375,6.4375,38200
1991-10-30,0.7454921007156372,6.375,6.5,6.375,6.4375,12800
1991-10-31,0.7454921007156372,6.375,6.4375,6.3125,6.3125,29200
1991-11-01,0.7454921007156372,6.375,6.4375,6.375,6.4375,32400
1991-11-04,0.7454921007156372,6.375,6.4375,6.3125,6.375,28400
1991-11-05,0.7528009414672852,6.4375,6.5,6.375,6.375,32400
1991-11-06,0.7528009414672852,6.4375,6.5,6.4375,6.5,9600
1991-11-07,0.7674184441566467,6.5625,6.625,6.5,6.5,80000
1991-11-08,0.7893444895744324,6.75,6.75,6.5625,6.5625,32800
1991-11-11,0.7966532111167908,6.8125,6.9375,6.75,6.9375,63800
1991-11-12,0.7893444895744324,6.75,6.875,6.6875,6.75,38600
1991-11-13,0.7893444895744324,6.75,6.75,6.625,6.6875,29800
1991-11-14,0.782035768032074,6.6875,6.75,6.625,6.6875,28400
1991-11-15,0.7674184441566467,6.5625,6.6875,6.5625,6.6875,16800
1991-11-18,0.7747269868850708,6.625,6.75,6.5625,6.5625,29400
1991-11-19,0.7893444895744324,6.75,6.75,6.625,6.625,23400
1991-11-20,0.7893444895744324,6.75,6.8125,6.6875,6.75,16000
1991-11-21,0.7674184441566467,6.5625,6.6875,6.5625,6.6875,49400
1991-11-22,0.7747269868850708,6.625,6.625,6.5,6.625,6800
1991-11-25,0.7747269868850708,6.625,6.6875,6.5625,6.625,9200
1991-11-26,0.7601097822189331,6.5,6.625,6.5,6.625,21600
1991-11-27,0.7381834387779236,6.3125,6.5,6.3125,6.5,21200
1991-11-29,0.7454921007156372,6.375,6.4375,6.3125,6.375,5200
1991-12-02,0.7162570953369141,6.125,6.3125,6.0,6.3125,122200
1991-12-03,0.7235658168792725,6.1875,6.1875,6.125,6.1875,11800
1991-12-04,0.7162570953369141,6.125,6.25,6.0,6.1875,29400
1991-12-05,0.7016397714614868,6.0,6.125,6.0,6.125,27200
1991-12-06,0.6943307518959045,5.9375,6.0625,5.875,5.9375,32200
1991-12-09,0.7162570953369141,6.125,6.125,6.0,6.0625,79000
1991-12-10,0.7162570953369141,6.125,6.1875,6.0625,6.125,32000
1991-12-11,0.6943307518959045,5.9375,6.0625,5.9375,6.0625,45000
1991-12-12,0.6943307518959045,5.9375,6.0,5.875,5.875,66200
1991-12-13,0.7089481949806213,6.0625,6.125,5.9375,6.0,64200
1991-12-16,0.7162570953369141,6.125,6.125,6.0,6.0625,33200
1991-12-17,0.7308744788169861,6.25,6.25,6.125,6.125,30400
1991-12-18,0.7089481949806213,6.0625,6.1875,6.0625,6.1875,39000
1991-12-19,0.7162570953369141,6.125,6.1875,6.0625,6.0625,24200
1991-12-20,0.7089481949806213,6.0625,6.1875,6.0625,6.1875,47000
1991-12-23,0.7162570953369141,6.125,6.1875,6.0625,6.125,60800
1991-12-24,0.7235658168792725,6.1875,6.25,6.125,6.1875,9600
1991-12-26,0.7381834387779236,6.3125,6.375,6.1875,6.25,33000
1991-12-27,0.7601097822189331,6.5,6.5625,6.25,6.375,47000
1991-12-30,0.782035768032074,6.6875,6.6875,6.4375,6.5,70600
1991-12-31,0.7747269868850708,6.625,6.75,6.5625,6.625,52400
1992-01-02,0.7893444895744324,6.75,6.75,6.5625,6.625,47000
1992-01-03,0.782035768032074,6.6875,6.75,6.6875,6.75,20200
1992-01-06,0.7893444895744324,6.75,6.75,6.6875,6.6875,30600
1992-01-07,0.7893444895744324,6.75,6.75,6.625,6.625,46200
1992-01-08,0.782035768032074,6.6875,6.75,6.6875,6.75,29000
1992-01-09,0.782035768032074,6.6875,6.8125,6.625,6.75,44600
1992-01-10,0.782035768032074,6.6875,6.6875,6.625,6.6875,30400
1992-01-13,0.7747269868850708,6.625,6.75,6.625,6.625,49600
1992-01-14,0.7747269868850708,6.625,6.6875,6.5625,6.625,89400
1992-01-15,0.7674184441566467,6.5625,6.6875,6.5625,6.6875,45200
1992-01-16,0.7674184441566467,6.5625,6.5625,6.4375,6.5625,48600
1992-01-17,0.7601097822189331,6.5,6.5625,6.4375,6.5,28400
1992-01-20,0.7601097822189331,6.5,6.625,6.5,6.5625,14800
1992-01-21,0.7674184441566467,6.5625,6.5625,6.4375,6.5,42400
1992-01-22,0.7528009414672852,6.4375,6.5625,6.4375,6.5625,34000
1992-01-23,0.7674184441566467,6.5625,6.5625,6.5,6.5,23200
1992-01-24,0.7747269868850708,6.625,6.625,6.5,6.5,30800
1992-01-27,0.7747269868850708,6.625,6.75,6.5625,6.5625,55200
1992-01-28,0.7674184441566467,6.5625,6.6875,6.5,6.6875,68800
1992-01-29,0.7601097822189331,6.5,6.5,6.4375,6.5,130200
1992-01-30,0.7528009414672852,6.4375,6.5,6.375,6.5,20400
1992-01-31,0.7162570953369141,6.125,6.5,6.0625,6.5,109600
1992-02-03,0.7381834387779236,6.3125,6.375,6.1875,6.1875,127000
1992-02-04,0.7308744788169861,6.25,6.4375,6.25,6.375,212400
1992-02-05,0.7381834387779236,6.3125,6.375,6.25,6.25,100400
1992-02-06,0.7454921007156372,6.375,6.375,6.3125,6.375,16000
1992-02-07,0.7454921007156372,6.375,6.4375,6.375,6.375,36800
1992-02-10,0.7674184441566467,6.5625,6.5625,6.375,6.4375,36000
1992-02-11,0.7601097822189331,6.5,6.5625,6.4375,6.5,51000
1992-02-12,0.7747269868850708,6.625,6.625,6.5,6.5625,21600
1992-02-13,0.7966532111167908,6.8125,6.875,6.5625,6.5625,108600
1992-02-14,0.7893444895744324,6.75,6.875,6.75,6.8125,25200
1992-02-18,0.7966532111167908,6.8125,6.8125,6.6875,6.75,95400
1992-02-19,0.7747269868850708,6.625,6.75,6.625,6.75,17200
1992-02-20,0.7601097822189331,6.5,6.5625,6.4375,6.5625,19000
1992-02-21,0.7601097822189331,6.5,6.5,6.375,6.4375,28600
1992-02-24,0.7601097822189331,6.5,6.5625,6.4375,6.5,51200
1992-02-25,0.7528009414672852,6.4375,6.5,6.375,6.5,20000
1992-02-26,0.7601097822189331,6.5,6.5,6.375,6.4375,21200
1992-02-27,0.7601097822189331,6.5,6.5,6.4375,6.5,21800
1992-02-28,0.7674184441566467,6.5625,6.5625,6.4375,6.4375,31200
1992-03-02,0.7601097822189331,6.5,6.5625,6.4375,6.5625,25400
1992-03-03,0.7674184441566467,6.5625,6.5625,6.4375,6.5,35200
1992-03-04,0.7528009414672852,6.4375,6.5625,6.4375,6.5,45600
1992-03-05,0.7528009414672852,6.4375,6.5625,6.4375,6.5,22200
1992-03-06,0.7528009414672852,6.4375,6.5,6.4375,6.4375,11600
1992-03-09,0.7747269868850708,6.625,6.625,6.375,6.5,36800
1992-03-10,0.782035768032074,6.6875,6.6875,6.5,6.625,24800
1992-03-11,0.7747269868850708,6.625,6.75,6.5625,6.6875,15600
1992-03-12,0.7528009414672852,6.4375,6.625,6.375,6.625,45800
1992-03-13,0.7528009414672852,6.4375,6.5,6.375,6.4375,6000
1992-03-16,0.7454921007156372,6.375,6.4375,6.375,6.375,25600
1992-03-17,0.7601097822189331,6.5,6.5625,6.4375,6.4375,29200
1992-03-18,0.7747269868850708,6.625,6.625,6.5,6.5,75800
1992-03-19,0.782035768032074,6.6875,6.6875,6.5,6.5625,52800
1992-03-20,0.782035768032074,6.6875,6.6875,6.625,6.6875,16200
1992-03-23,0.782035768032074,6.6875,6.6875,6.625,6.6875,7000
1992-03-24,0.7747269868850708,6.625,6.6875,6.625,6.6875,14800
1992-03-25,0.7601097822189331,6.5,6.6875,6.5,6.625,22800
1992-03-26,0.7601097822189331,6.5,6.5625,6.4375,6.5,46400
1992-03-27,0.7601097822189331,6.5,6.5625,6.4375,6.5,21200
1992-03-30,0.7893444895744324,6.75,6.75,6.5625,6.625,76000
1992-03-31,0.7893444895744324,6.75,6.75,6.625,6.75,39000
1992-04-01,0.7893444895744324,6.75,6.875,6.6875,6.75,30200
1992-04-02,0.7893444895744324,6.75,6.875,6.75,6.8125,36800
1992-04-03,0.7966532111167908,6.8125,6.8125,6.6875,6.6875,155800
1992-04-06,0.8039620518684387,6.875,6.875,6.75,6.8125,36800
1992-04-07,0.7893444895744324,6.75,6.9375,6.75,6.8125,128600
1992-04-08,0.7893444895744324,6.75,6.75,6.6875,6.75,24000
1992-04-09,0.7893444895744324,6.75,6.8125,6.6875,6.75,16000
1992-04-10,0.7893444895744324,6.75,6.8125,6.75,6.75,38600
1992-04-13,0.7966532111167908,6.8125,6.875,6.75,6.8125,31200
1992-04-14,0.8039620518684387,6.875,6.875,6.8125,6.875,21000
1992-04-15,0.8039620518684387,6.875,6.9375,6.875,6.9375,43800
1992-04-16,0.8112708330154419,6.9375,6.9375,6.875,6.875,55200
1992-04-20,0.7966532111167908,6.8125,6.9375,6.8125,6.875,20400
1992-04-21,0.8112708330154419,6.9375,6.9375,6.8125,6.875,39200
1992-04-22,0.7966532111167908,6.8125,6.9375,6.8125,6.875,22800
1992-04-23,0.8039620518684387,6.875,6.875,6.8125,6.8125,15600
1992-04-24,0.8039620518684387,6.875,6.875,6.8125,6.875,11000
1992-04-27,0.8039620518684387,6.875,6.9375,6.875,6.9375,50400
1992-04-28,0.8039620518684387,6.875,6.9375,6.875,6.875,36000
1992-04-29,0.8112708330154419,6.9375,6.9375,6.875,6.875,31200
1992-04-30,0.8039620518684387,6.875,6.9375,6.875,6.9375,26000
1992-05-01,0.7966532111167908,6.8125,6.875,6.8125,6.875,20800
1992-05-04,0.8112708330154419,6.9375,6.9375,6.8125,6.8125,47600
1992-05-05,0.8258880972862244,7.0625,7.0625,6.9375,7.0,89000
1992-05-06,0.8258880972862244,7.0625,7.0625,6.9375,7.0625,48400
1992-05-07,0.8331970572471619,7.125,7.125,7.0,7.0625,42000
1992-05-08,0.8624323010444641,7.375,7.375,7.0625,7.125,52600
1992-05-11,0.8624323010444641,7.375,7.5,7.3125,7.5,108000
1992-05-12,0.8624323010444641,7.375,7.4375,7.3125,7.375,35800
1992-05-13,0.8624323010444641,7.375,7.4375,7.375,7.4375,44800
1992-05-14,0.8697406053543091,7.4375,7.4375,7.25,7.3125,40200
1992-05-15,0.8624323010444641,7.375,7.4375,7.3125,7.3125,43400
1992-05-18,0.8697406053543091,7.4375,7.4375,7.375,7.375,18600
1992-05-19,0.8624323010444641,7.375,7.4375,7.3125,7.4375,22000
1992-05-20,0.8697406053543091,7.4375,7.4375,7.375,7.375,20800
1992-05-21,0.8624323010444641,7.375,7.375,7.25,7.375,45400
1992-05-22,0.8551232218742371,7.3125,7.3125,7.25,7.3125,26600
1992-05-26,0.8331970572471619,7.125,7.25,7.0,7.25,43600
1992-05-27,0.8331970572471619,7.125,7.1875,7.0,7.1875,66400
1992-05-28,0.8112708330154419,6.9375,7.125,6.875,7.0,55000
1992-05-29,0.8185795545578003,7.0,7.0625,7.0,7.0,23600
1992-06-01,0.8331970572471619,7.125,7.125,6.9375,7.0,45400
1992-06-02,0.8331970572471619,7.125,7.1875,7.125,7.1875,22200
1992-06-03,0.8331970572471619,7.125,7.25,7.125,7.1875,19400
1992-06-04,0.8331970572471619,7.125,7.25,7.125,7.1875,14000
1992-06-05,0.8331970572471619,7.125,7.1875,7.125,7.1875,34400
1992-06-08,0.840505838394165,7.1875,7.1875,7.0625,7.125,36800
1992-06-09,0.8258880972862244,7.0625,7.1875,7.0625,7.125,43000
1992-06-10,0.8112708330154419,6.9375,7.0625,6.875,7.0625,43800
1992-06-11,0.8112708330154419,6.9375,6.9375,6.8125,6.875,14200
1992-06-12,0.8185795545578003,7.0,7.0625,6.9375,6.9375,33600
1992-06-15,0.8258880972862244,7.0625,7.0625,6.9375,7.0625,45800
1992-06-16,0.8331970572471619,7.125,7.125,7.0625,7.0625,44200
1992-06-17,0.8112708330154419,6.9375,7.1875,6.875,7.125,31200
1992-06-18,0.8185795545578003,7.0,7.0,6.8125,6.8125,33000
1992-06-19,0.8331970572471619,7.125,7.125,7.0,7.0,16000
1992-06-22,0.8258880972862244,7.0625,7.0625,7.0625,7.0625,10800
1992-06-23,0.8039620518684387,6.875,7.0,6.8125,7.0,132800
1992-06-24,0.7747269868850708,6.625,6.875,6.625,6.875,60000
1992-06-25,0.7893444895744324,6.75,6.75,6.6875,6.6875,45200
1992-06-26,0.7966532111167908,6.8125,6.8125,6.75,6.75,32200
1992-06-29,0.8039620518684387,6.875,6.875,6.8125,6.8125,32200
1992-06-30,0.8039620518684387,6.875,6.9375,6.8125,6.875,18000
1992-07-01,0.8039620518684387,6.875,6.875,6.8125,6.875,60000
1992-07-02,0.7966532111167908,6.8125,6.875,6.75,6.875,26600
1992-07-06,0.8112708330154419,6.9375,7.0,6.875,6.875,140000
1992-07-07,0.8185795545578003,7.0,7.0625,6.9375,6.9375,130200
1992-07-08,0.8331970572471619,7.125,7.125,7.0,7.0,65400
1992-07-09,0.840505838394165,7.1875,7.25,7.125,7.125,100400
1992-07-10,0.8624323010444641,7.375,7.375,7.1875,7.25,27200
1992-07-13,0.8770492076873779,7.5,7.5,7.3125,7.375,145600
1992-07-14,0.8697406053543091,7.4375,7.5,7.4375,7.5,96600
1992-07-15,0.8551232218742371,7.3125,7.4375,7.25,7.3125,60000
1992-07-16,0.8551232218742371,7.3125,7.3125,7.25,7.25,77800
1992-07-17,0.8478144407272339,7.25,7.3125,7.25,7.25,5000
1992-07-20,0.8624323010444641,7.375,7.375,7.1875,7.1875,71000
1992-07-21,0.8478144407272339,7.25,7.3125,7.25,7.3125,44000
1992-07-22,0.8478144407272339,7.25,7.3125,7.25,7.3125,68800
1992-07-23,0.8478144407272339,7.25,7.25,7.1875,7.1875,42800
1992-07-24,0.8478144407272339,7.25,7.25,7.125,7.1875,55800
1992-07-27,0.8331970572471619,7.125,7.25,7.125,7.1875,15000
1992-07-28,0.8331970572471619,7.125,7.1875,7.125,7.1875,24400
1992-07-29,0.8331970572471619,7.125,7.1875,7.125,7.125,14200
1992-07-30,0.8331970572471619,7.125,7.1875,7.0625,7.125,40200
1992-07-31,0.840505838394165,7.1875,7.1875,7.125,7.1875,14600
1992-08-03,0.840505838394165,7.1875,7.1875,7.0625,7.125,13000
1992-08-04,0.8331970572471619,7.125,7.1875,7.125,7.125,13400
1992-08-05,0.8331970572471619,7.125,7.1875,7.125,7.125,21600
1992-08-06,0.840505838394165,7.1875,7.1875,7.125,7.125,11800
1992-08-07,0.8258880972862244,7.0625,7.1875,7.0625,7.1875,22200
1992-08-10,0.8331970572471619,7.125,7.125,7.0625,7.125,16200
1992-08-11,0.8331970572471619,7.125,7.1875,7.125,7.125,20800
1992-08-12,0.8478144407272339,7.25,7.3125,7.125,7.1875,65800
1992-08-13,0.8624323010444641,7.375,7.375,7.25,7.25,14000
1992-08-14,0.8624323010444641,7.375,7.375,7.25,7.3125,40400
1992-08-17,0.8551232218742371,7.3125,7.375,7.25,7.3125,31200
1992-08-18,0.8551232218742371,7.3125,7.3125,7.1875,7.25,23600
1992-08-19,0.8478144407272339,7.25,7.3125,7.25,7.3125,2000
1992-08-20,0.8551232218742371,7.3125,7.3125,7.1875,7.25,17800
1992-08-21,0.8551232218742371,7.3125,7.3125,7.25,7.25,23200
1992-08-24,0.840505838394165,7.1875,7.25,7.125,7.1875,49600
1992-08-25,0.840505838394165,7.1875,7.1875,7.125,7.125,48800
1992-08-26,0.8331970572471619,7.125,7.1875,7.125,7.125,10400
1992-08-27,0.840505838394165,7.1875,7.25,7.125,7.125,12200
1992-08-28,0.8331970572471619,7.125,7.1875,7.125,7.1875,11000
1992-08-31,0.8478144407272339,7.25,7.25,7.125,7.125,21400
1992-09-01,0.840505838394165,7.1875,7.25,7.1875,7.1875,33000
1992-09-02,0.8478144407272339,7.25,7.25,7.1875,7.1875,9800
1992-09-03,0.8478144407272339,7.25,7.25,7.125,7.1875,31400
1992-09-04,0.840505838394165,7.1875,7.25,7.1875,7.1875,25800
1992-09-08,0.8478144407272339,7.25,7.25,7.1875,7.25,39800
1992-09-09,0.8478144407272339,7.25,7.25,7.125,7.1875,27200
1992-09-10,0.8624323010444641,7.375,7.375,7.1875,7.1875,51600
1992-09-11,0.8697406053543091,7.4375,7.4375,7.375,7.375,48200
1992-09-14,0.898975670337677,7.6875,7.6875,7.4375,7.5,153200
1992-09-15,0.898975670337677,7.6875,7.6875,7.625,7.6875,54000
1992-09-16,0.898975670337677,7.6875,7.6875,7.5,7.5,136200
1992-09-17,0.8916670680046082,7.625,7.6875,7.625,7.625,47400
1992-09-18,0.9282107949256897,7.9375,7.9375,7.625,7.625,108400
1992-09-21,0.9209022521972656,7.875,7.9375,7.8125,7.875,48600
1992-09-22,0.9135935306549072,7.8125,7.875,7.75,7.8125,57000
1992-09-23,0.9209022521972656,7.875,7.875,7.75,7.8125,18400
1992-09-24,0.906284511089325,7.75,7.8125,7.75,7.8125,28800
1992-09-25,0.898975670337677,7.6875,7.8125,7.6875,7.75,30200
1992-09-28,0.898975670337677,7.6875,7.6875,7.625,7.6875,42800
1992-09-29,0.8916670680046082,7.625,7.6875,7.625,7.6875,35800
1992-09-30,0.8916670680046082,7.625,7.6875,7.625,7.6875,11400
1992-10-01,0.8916670680046082,7.625,7.6875,7.625,7.6875,10400
1992-10-02,0.8843581080436707,7.5625,7.6875,7.5625,7.625,52000
1992-10-05,0.8785014748573303,7.5,7.5,7.4375,7.5,27600
1992-10-06,0.8711804747581482,7.4375,7.5,7.4375,7.4375,17400
1992-10-07,0.8711804747581482,7.4375,7.5,7.4375,7.5,26800
1992-10-08,0.8785014748573303,7.5,7.5,7.4375,7.4375,13400
1992-10-09,0.8785014748573303,7.5,7.5625,7.375,7.5,45400
1992-10-12,0.8785014748573303,7.5,7.5,7.4375,7.5,6400
1992-10-13,0.8858224749565125,7.5625,7.5625,7.375,7.5,40800
1992-10-14,0.8858224749565125,7.5625,7.5625,7.5,7.5625,20800
1992-10-15,0.8785014748573303,7.5,7.5625,7.4375,7.5,19000
1992-10-16,0.8931432962417603,7.625,7.625,7.5,7.5625,19200
1992-10-19,0.9151057004928589,7.8125,7.8125,7.6875,7.6875,24000
1992-10-20,0.9004638195037842,7.6875,7.8125,7.625,7.8125,21600
1992-10-21,0.9004638195037842,7.6875,7.75,7.5625,7.5625,18600
1992-10-22,0.9077849388122559,7.75,7.75,7.6875,7.75,9800
1992-10-23,0.9151057004928589,7.8125,7.8125,7.6875,7.75,23600
1992-10-26,0.9004638195037842,7.6875,7.75,7.6875,7.75,16800
1992-10-27,0.8858224749565125,7.5625,7.75,7.5625,7.6875,16400
1992-10-28,0.8785014748573303,7.5,7.625,7.5,7.625,14800
1992-10-29,0.8785014748573303,7.5,7.625,7.5,7.5625,16000
1992-10-30,0.8858224749565125,7.5625,7.5625,7.5,7.5625,15600
1992-11-02,0.8638599514961243,7.375,7.5,7.375,7.5,21600
1992-11-03,0.8638599514961243,7.375,7.4375,7.375,7.4375,16600
1992-11-04,0.8565388917922974,7.3125,7.375,7.3125,7.3125,22400
1992-11-05,0.8565388917922974,7.3125,7.3125,7.25,7.25,17200
1992-11-06,0.8418975472450256,7.1875,7.3125,7.1875,7.25,28800
1992-11-09,0.8126139044761658,6.9375,7.125,6.9375,7.125,64800
1992-11-10,0.8126139044761658,6.9375,6.9375,6.75,6.9375,30000
1992-11-11,0.7979722023010254,6.8125,6.875,6.75,6.875,23000
1992-11-12,0.8126139044761658,6.9375,6.9375,6.875,6.875,19200
1992-11-13,0.8126139044761658,6.9375,6.9375,6.875,6.875,18800
1992-11-16,0.7906513214111328,6.75,6.9375,6.625,6.9375,101200
1992-11-17,0.7760098576545715,6.625,6.75,6.5625,6.75,81400
1992-11-18,0.7906513214111328,6.75,6.75,6.625,6.6875,41800
1992-11-19,0.7833307981491089,6.6875,6.75,6.6875,6.75,35400
1992-11-20,0.7906513214111328,6.75,6.8125,6.6875,6.75,98400
1992-11-23,0.8052931427955627,6.875,6.875,6.75,6.8125,44200
1992-11-24,0.7979722023010254,6.8125,6.875,6.75,6.8125,45600
1992-11-25,0.7979722023010254,6.8125,6.875,6.75,6.875,70800
1992-11-27,0.7906513214111328,6.75,6.875,6.75,6.8125,20400
1992-11-30,0.8052931427955627,6.875,6.875,6.75,6.8125,66200
1992-12-01,0.7979722023010254,6.8125,6.9375,6.75,6.875,59200
1992-12-02,0.7979722023010254,6.8125,6.875,6.75,6.875,17200
1992-12-03,0.8052931427955627,6.875,6.875,6.75,6.75,23200
1992-12-04,0.8126139044761658,6.9375,6.9375,6.8125,6.875,11800
1992-12-07,0.8052931427955627,6.875,6.9375,6.8125,6.875,34200
1992-12-08,0.8052931427955627,6.875,6.9375,6.75,6.9375,67600
1992-12-09,0.7906513214111328,6.75,6.875,6.6875,6.875,19400
1992-12-10,0.7760098576545715,6.625,6.9375,6.625,6.8125,22200
1992-12-11,0.7906513214111328,6.75,6.75,6.5625,6.625,28600
1992-12-14,0.8052931427955627,6.875,6.9375,6.8125,6.875,57600
1992-12-15,0.7979722023010254,6.8125,6.875,6.75,6.875,34000
1992-12-16,0.8052931427955627,6.875,6.875,6.8125,6.8125,34600
1992-12-17,0.8126139044761658,6.9375,6.9375,6.8125,6.8125,31400
1992-12-18,0.8126139044761658,6.9375,6.9375,6.875,6.9375,40800
1992-12-21,0.8126139044761658,6.9375,7.0,6.875,6.875,32800
1992-12-22,0.7906513214111328,6.75,7.0,6.75,7.0,81000
1992-12-23,0.7979722023010254,6.8125,6.875,6.8125,6.875,20000
1992-12-24,0.8126139044761658,6.9375,6.9375,6.875,6.875,10600
1992-12-28,0.8052931427955627,6.875,7.0,6.8125,6.9375,40400
1992-12-29,0.7979722023010254,6.8125,6.9375,6.8125,6.9375,17600
1992-12-30,0.7979722023010254,6.8125,6.9375,6.8125,6.9375,29000
1992-12-31,0.8126139044761658,6.9375,6.9375,6.8125,6.875,37000
1993-01-04,0.8126139044761658,6.9375,6.9375,6.875,6.875,43400
1993-01-05,0.8052931427955627,6.875,6.9375,6.8125,6.8125,58800
1993-01-06,0.8199347257614136,7.0,7.0,6.9375,6.9375,15800
1993-01-07,0.8272555470466614,7.0625,7.125,6.9375,7.0,74000
1993-01-08,0.8272555470466614,7.0625,7.0625,6.9375,7.0625,19600
1993-01-11,0.8272555470466614,7.0625,7.0625,6.9375,7.0,23400
1993-01-12,0.8126139044761658,6.9375,7.0625,6.9375,7.0625,20400
1993-01-13,0.8126139044761658,6.9375,7.0,6.9375,7.0,20400
1993-01-14,0.8272555470466614,7.0625,7.0625,7.0,7.0,34800
1993-01-15,0.8272555470466614,7.0625,7.0625,6.9375,7.0,37200
1993-01-18,0.8345767259597778,7.125,7.1875,7.0625,7.125,35800
1993-01-19,0.8272555470466614,7.0625,7.1875,7.0625,7.125,31400
1993-01-20,0.8345767259597778,7.125,7.125,7.0625,7.0625,20600
1993-01-21,0.8345767259597778,7.125,7.1875,7.125,7.125,22200
1993-01-22,0.8272555470466614,7.0625,7.1875,7.0625,7.125,36200
1993-01-25,0.8345767259597778,7.125,7.1875,7.0625,7.125,24200
1993-01-26,0.8492180109024048,7.25,7.25,7.125,7.1875,28800
1993-01-27,0.8492180109024048,7.25,7.3125,7.1875,7.25,23800
1993-01-28,0.8418975472450256,7.1875,7.3125,7.1875,7.3125,25800
1993-01-29,0.8711804747581482,7.4375,7.4375,7.3125,7.3125,16000
1993-02-01,0.8565388917922974,7.3125,7.5625,7.3125,7.375,54600
1993-02-02,0.8345767259597778,7.125,7.375,7.125,7.3125,54200
1993-02-03,0.8492180109024048,7.25,7.3125,7.1875,7.25,15800
1993-02-04,0.8418975472450256,7.1875,7.25,7.125,7.25,44800
1993-02-05,0.8492180109024048,7.25,7.3125,7.25,7.3125,42200
1993-02-08,0.8492180109024048,7.25,7.3125,7.1875,7.3125,45400
1993-02-09,0.8418975472450256,7.1875,7.25,7.125,7.25,19600
1993-02-10,0.8418975472450256,7.1875,7.1875,7.125,7.125,22200
1993-02-11,0.8345767259597778,7.125,7.1875,7.125,7.1875,15600
1993-02-12,0.8345767259597778,7.125,7.125,7.0625,7.125,41200
1993-02-16,0.8345767259597778,7.125,7.125,7.0,7.125,48200
1993-02-17,0.8492180109024048,7.25,7.25,7.125,7.125,81000
1993-02-18,0.8418975472450256,7.1875,7.3125,7.125,7.3125,33800
1993-02-19,0.8638599514961243,7.375,7.375,7.25,7.25,39000
1993-02-22,0.8711804747581482,7.4375,7.5,7.3125,7.375,50600
1993-02-23,0.8638599514961243,7.375,7.5,7.375,7.4375,19800
1993-02-24,0.8638599514961243,7.375,7.375,7.3125,7.375,20400
1993-02-25,0.8638599514961243,7.375,7.375,7.3125,7.375,16800
1993-02-26,0.8711804747581482,7.4375,7.4375,7.375,7.375,38600
1993-03-01,0.8565388917922974,7.3125,7.5,7.3125,7.5,77000
1993-03-02,0.8492180109024048,7.25,7.375,7.25,7.375,21400
1993-03-03,0.8638599514961243,7.375,7.375,7.25,7.3125,22000
1993-03-04,0.8492180109024048,7.25,7.375,7.1875,7.375,5200
1993-03-05,0.8492180109024048,7.25,7.3125,7.25,7.3125,7200
1993-03-08,0.8565388917922974,7.3125,7.3125,7.1875,7.1875,23200
1993-03-09,0.8565388917922974,7.3125,7.375,7.25,7.375,31600
1993-03-10,0.8565388917922974,7.3125,7.375,7.3125,7.3125,13200
1993-03-11,0.8492180109024048,7.25,7.4375,7.25,7.375,30400
1993-03-12,0.8345767259597778,7.125,7.3125,7.0625,7.3125,34800
1993-03-15,0.8492180109024048,7.25,7.3125,7.1875,7.1875,22200
1993-03-16,0.8711804747581482,7.4375,7.5,7.25,7.25,72600
1993-03-17,0.8711804747581482,7.4375,7.5,7.4375,7.4375,21600
1993-03-18,0.8931432962417603,7.625,7.625,7.5,7.5,25600
1993-03-19,0.8931432962417603,7.625,7.75,7.5,7.6875,47200
1993-03-22,0.8858224749565125,7.5625,7.5625,7.4375,7.5,65600
1993-03-23,0.8711804747581482,7.4375,7.5625,7.4375,7.5,15600
1993-03-24,0.8858224749565125,7.5625,7.625,7.5,7.5,32800
1993-03-25,0.8858224749565125,7.5625,7.625,7.5,7.5,12200
1993-03-26,0.8711804747581482,7.4375,7.5625,7.4375,7.5625,13800
1993-03-29,0.8858224749565125,7.5625,7.625,7.4375,7.4375,24200
1993-03-30,0.8931432962417603,7.625,7.6875,7.625,7.625,25000
1993-03-31,0.9077849388122559,7.75,7.75,7.5,7.5625,104600
1993-04-01,0.9077849388122559,7.75,7.8125,7.6875,7.6875,16800
1993-04-02,0.8931432962417603,7.625,7.8125,7.625,7.8125,39000
1993-04-05,0.8931432962417603,7.625,7.75,7.625,7.6875,40200
1993-04-06,0.9004638195037842,7.6875,7.75,7.625,7.625,30400
1993-04-07,0.9077849388122559,7.75,7.8125,7.6875,7.75,29800
1993-04-08,0.8931432962417603,7.625,7.8125,7.625,7.8125,79000
1993-04-12,0.9151057004928589,7.8125,7.8125,7.6875,7.6875,28400
1993-04-13,0.9151057004928589,7.8125,7.875,7.8125,7.875,55200
1993-04-14,0.9151057004928589,7.8125,7.9375,7.8125,7.8125,77400
1993-04-15,0.9077849388122559,7.75,7.875,7.6875,7.875,43800
1993-04-16,0.9077849388122559,7.75,7.8125,7.6875,7.6875,36000
1993-04-19,0.9077849388122559,7.75,7.75,7.625,7.6875,28200
1993-04-20,0.9004638195037842,7.6875,7.8125,7.625,7.75,59400
1993-04-21,0.8858224749565125,7.5625,7.6875,7.5625,7.6875,58600
1993-04-22,0.8931432962417603,7.625,7.75,7.5625,7.6875,49200
1993-04-23,0.9004638195037842,7.6875,7.6875,7.625,7.625,47600
1993-04-26,0.9004638195037842,7.6875,7.75,7.625,7.75,44000
1993-04-27,0.9077849388122559,7.75,7.75,7.625,7.625,22000
1993-04-28,0.9077849388122559,7.75,7.75,7.625,7.625,38600
1993-04-29,0.9077849388122559,7.75,7.75,7.6875,7.75,38200
1993-04-30,0.9151057004928589,7.8125,7.8125,7.6875,7.6875,20400
1993-05-03,0.9077849388122559,7.75,7.8125,7.75,7.8125,20200
1993-05-04,0.9151057004928589,7.8125,7.8125,7.6875,7.8125,30000
1993-05-05,0.922426700592041,7.875,7.875,7.75,7.75,28800
1993-05-06,0.922426700592041,7.875,7.875,7.75,7.8125,20200
1993-05-07,0.9151057004928589,7.8125,7.875,7.8125,7.8125,45200
1993-05-10,0.922426700592041,7.875,7.875,7.8125,7.8125,10800
1993-05-11,0.922426700592041,7.875,7.875,7.8125,7.875,23200
1993-05-12,0.922426700592041,7.875,7.9375,7.8125,7.875,18400
1993-05-13,0.9370683431625366,8.0,8.0,7.875,7.9375,42800
1993-05-14,0.9370683431625366,8.0,8.0,7.9375,8.0,53600
1993-05-17,0.9151057004928589,7.8125,8.0,7.8125,8.0,62600
1993-05-18,0.9297475218772888,7.9375,7.9375,7.8125,7.8125,25000
1993-05-19,0.922426700592041,7.875,7.9375,7.8125,7.9375,28600
1993-05-20,0.9151057004928589,7.8125,7.9375,7.8125,7.8125,29600
1993-05-21,0.922426700592041,7.875,7.875,7.8125,7.875,22000
1993-05-24,0.9297475218772888,7.9375,7.9375,7.8125,7.8125,33400
1993-05-25,0.9297475218772888,7.9375,8.0,7.875,7.9375,13400
1993-05-26,0.922426700592041,7.875,7.9375,7.875,7.875,26000
1993-05-27,0.9077849388122559,7.75,7.875,7.6875,7.875,79600
1993-05-28,0.9297475218772888,7.9375,7.9375,7.8125,7.8125,39000
1993-06-01,0.9590306282043457,8.1875,8.3125,8.0,8.0,73200
1993-06-02,0.9809932708740234,8.375,8.375,8.25,8.25,37600
1993-06-03,0.9736726880073547,8.3125,8.375,8.25,8.25,77400
1993-06-04,0.9736726880073547,8.3125,8.4375,8.1875,8.375,62800
1993-06-07,0.9736726880073547,8.3125,8.375,8.25,8.375,37600
1993-06-08,0.9736726880073547,8.3125,8.3125,8.25,8.25,22400
1993-06-09,0.9809932708740234,8.375,8.375,8.25,8.25,33800
1993-06-10,0.9663518667221069,8.25,8.375,8.25,8.375,52600
1993-06-11,0.9663518667221069,8.25,8.375,8.25,8.3125,46000
1993-06-14,0.9663518667221069,8.25,8.3125,8.25,8.3125,22800
1993-06-15,0.9663518667221069,8.25,8.3125,8.25,8.25,33400
1993-06-16,0.9736726880073547,8.3125,8.375,8.25,8.25,30800
1993-06-17,0.9736726880073547,8.3125,8.375,8.25,8.3125,32400
1993-06-18,0.951710045337677,8.125,8.3125,8.125,8.3125,163400
1993-06-21,0.9443893432617188,8.0625,8.1875,8.0625,8.1875,50600
1993-06-22,0.9370683431625366,8.0,8.25,8.0,8.125,81200
1993-06-23,0.9370683431625366,8.0,8.0625,8.0,8.0,24000
1993-06-24,0.9370683431625366,8.0,8.0625,7.9375,8.0625,38600
1993-06-25,0.9370683431625366,8.0,8.125,7.9375,8.0,17200
1993-06-28,0.9443893432617188,8.0625,8.125,8.0,8.0,16400
1993-06-29,0.9443893432617188,8.0625,8.125,8.0625,8.0625,41600
1993-06-30,0.951710045337677,8.125,8.125,8.0625,8.125,13600
1993-07-01,0.9590306282043457,8.1875,8.1875,8.125,8.125,12800
1993-07-02,0.951710045337677,8.125,8.1875,8.125,8.1875,15200
1993-07-06,0.9663518667221069,8.25,8.25,8.1875,8.1875,50000
1993-07-07,0.9663518667221069,8.25,8.25,8.1875,8.25,86200
1993-07-08,0.9736726880073547,8.3125,8.3125,8.1875,8.25,116400
1993-07-09,0.9809932708740234,8.375,8.375,8.25,8.3125,44800
1993-07-12,0.9883143305778503,8.4375,8.4375,8.3125,8.375,71200
1993-07-13,1.010277271270752,8.625,8.625,8.4375,8.4375,44600
1993-07-14,1.0322397947311401,8.8125,8.8125,8.625,8.625,67200
1993-07-15,1.0322397947311401,8.8125,8.875,8.75,8.8125,31200
1993-07-16,1.0322397947311401,8.8125,8.875,8.75,8.8125,42400
1993-07-19,1.0322397947311401,8.8125,8.875,8.75,8.75,56400
1993-07-20,1.024918794631958,8.75,8.875,8.6875,8.875,68800
1993-07-21,0.9956350922584534,8.5,8.6875,8.5,8.6875,62800
1993-07-22,1.0175974369049072,8.6875,8.75,8.5625,8.5625,40400
1993-07-23,1.024918794631958,8.75,8.75,8.6875,8.6875,11000
1993-07-26,1.0175974369049072,8.6875,8.8125,8.6875,8.6875,39000
1993-07-27,1.0322397947311401,8.8125,8.8125,8.6875,8.75,16600
1993-07-28,1.024918794631958,8.75,8.8125,8.75,8.8125,21600
1993-07-29,1.039560317993164,8.875,8.875,8.75,8.75,67400
1993-07-30,1.0468811988830566,8.9375,9.0,8.8125,8.8125,45000
1993-08-02,1.08348548412323,9.25,9.375,8.9375,8.9375,165000
1993-08-03,1.0908061265945435,9.3125,9.3125,9.125,9.1875,84200
1993-08-04,1.0981272459030151,9.375,9.4375,9.25,9.3125,42800
1993-08-05,1.0908061265945435,9.3125,9.375,9.25,9.375,21600
1993-08-06,1.0761644840240479,9.1875,9.3125,9.125,9.25,28400
1993-08-09,1.0761644840240479,9.1875,9.25,9.125,9.1875,31800
1993-08-10,1.0688436031341553,9.125,9.3125,9.0625,9.25,47800
1993-08-11,1.0908061265945435,9.3125,9.4375,9.125,9.125,72200
1993-08-12,1.1127681732177734,9.5,9.5,9.375,9.4375,68000
1993-08-13,1.1127681732177734,9.5,9.5,9.4375,9.4375,55200
1993-08-16,1.134731411933899,9.6875,9.6875,9.4375,9.5,94600
1993-08-17,1.1420515775680542,9.75,9.75,9.625,9.6875,43600
1993-08-18,1.149372935295105,9.8125,9.8125,9.6875,9.75,114600
1993-08-19,1.134731411933899,9.6875,9.8125,9.3125,9.6875,126600
1993-08-20,1.134731411933899,9.6875,9.6875,9.5,9.625,26200
1993-08-23,1.1420515775680542,9.75,9.75,9.5625,9.625,43600
1993-08-24,1.134731411933899,9.6875,9.75,9.6875,9.6875,34800
1993-08-25,1.149372935295105,9.8125,9.8125,9.6875,9.6875,22800
1993-08-26,1.134731411933899,9.6875,9.75,9.625,9.6875,35800
1993-08-27,1.134731411933899,9.6875,9.6875,9.625,9.625,24600
1993-08-30,1.134731411933899,9.6875,9.6875,9.625,9.6875,19600
1993-08-31,1.1274102926254272,9.625,9.75,9.625,9.75,12400
1993-09-01,1.1274102926254272,9.625,9.6875,9.5,9.5625,23800
1993-09-02,1.1274102926254272,9.625,9.6875,9.5625,9.6875,25400
1993-09-03,1.1127681732177734,9.5,9.625,9.5,9.625,28400
1993-09-07,1.0981272459030151,9.375,9.5625,9.375,9.5,61600
1993-09-08,1.0761644840240479,9.1875,9.3125,9.125,9.3125,51000
1993-09-09,1.08348548412323,9.25,9.4375,9.1875,9.1875,57600
1993-09-10,1.0908061265945435,9.3125,9.4375,9.1875,9.3125,71400
1993-09-13,1.0908061265945435,9.3125,9.3125,9.1875,9.3125,40600
1993-09-14,1.0761644840240479,9.1875,9.25,9.125,9.125,29400
1993-09-15,1.0761644840240479,9.1875,9.25,9.125,9.25,32200
1993-09-16,1.0542019605636597,9.0,9.125,8.75,9.0625,66400
1993-09-17,1.0542019605636597,9.0,9.0625,8.875,8.9375,55600
1993-09-20,1.0688436031341553,9.125,9.25,9.0625,9.0625,32000
1993-09-21,1.0761644840240479,9.1875,9.3125,9.125,9.1875,55600
1993-09-22,1.0981272459030151,9.375,9.375,9.25,9.25,30800
1993-09-23,1.0981272459030151,9.375,9.4375,9.3125,9.375,56800
1993-09-24,1.1054482460021973,9.4375,9.4375,9.3125,9.3125,32000
1993-09-27,1.0908061265945435,9.3125,9.4375,9.3125,9.4375,36400
1993-09-28,1.0981272459030151,9.375,9.4375,9.25,9.3125,20800
1993-09-29,1.0981272459030151,9.375,9.375,9.3125,9.375,11600
1993-09-30,1.1054482460021973,9.4375,9.5,9.375,9.375,22400
1993-10-01,1.0981272459030151,9.375,9.5,9.0,9.375,24800
1993-10-04,1.1248890161514282,9.5625,9.5625,9.3125,9.3125,21800
1993-10-05,1.1395937204360962,9.6875,9.6875,9.5,9.5625,16600
1993-10-06,1.1322413682937622,9.625,9.75,9.625,9.75,18800
1993-10-07,1.1395937204360962,9.6875,9.8125,9.6875,9.6875,32800
1993-10-08,1.1469451189041138,9.75,9.8125,9.6875,9.8125,32200
1993-10-11,1.1469451189041138,9.75,9.8125,9.6875,9.75,8200
1993-10-12,1.154298186302185,9.8125,9.8125,9.6875,9.75,18400
1993-10-13,1.1616501808166504,9.875,9.875,9.8125,9.875,34200
1993-10-14,1.1616501808166504,9.875,9.9375,9.8125,9.875,40000
1993-10-15,1.1616501808166504,9.875,9.9375,9.875,9.9375,38800
1993-10-18,1.183706521987915,10.0625,10.125,9.9375,9.9375,52400
1993-10-19,1.191058874130249,10.125,10.1875,10.0625,10.0625,56000
1993-10-20,1.183706521987915,10.0625,10.125,10.0625,10.0625,13000
1993-10-21,1.198411464691162,10.1875,10.375,10.0625,10.125,56600
1993-10-22,1.198411464691162,10.1875,10.25,10.125,10.25,23200
1993-10-25,1.1616501808166504,9.875,10.0625,9.875,10.0625,58600
1993-10-26,1.1469451189041138,9.75,9.875,9.6875,9.875,58400
1993-10-27,1.1322413682937622,9.625,9.8125,9.5625,9.75,68000
1993-10-28,1.1101843118667603,9.4375,9.625,9.4375,9.625,57800
1993-10-29,1.1101843118667603,9.4375,9.5625,9.375,9.5,69200
1993-11-01,1.1395937204360962,9.6875,9.6875,9.4375,9.4375,45400
1993-11-02,1.154298186302185,9.8125,9.8125,9.6875,9.6875,61000
1993-11-03,1.1469451189041138,9.75,9.8125,9.6875,9.8125,51600
1993-11-04,1.1322413682937622,9.625,9.8125,9.625,9.75,45600
1993-11-05,1.102832317352295,9.375,9.5,9.1875,9.5,82600
1993-11-08,1.102832317352295,9.375,9.375,9.1875,9.3125,77000
1993-11-09,1.102832317352295,9.375,9.4375,9.3125,9.375,26200
1993-11-10,1.102832317352295,9.375,9.4375,9.375,9.4375,17200
1993-11-11,1.1101843118667603,9.4375,9.5,9.4375,9.4375,86600
1993-11-12,1.102832317352295,9.375,9.5,9.25,9.4375,46800
1993-11-15,1.1175366640090942,9.5,9.5,9.375,9.4375,19600
1993-11-16,1.1101843118667603,9.4375,9.5,9.375,9.5,23800
1993-11-17,1.1101843118667603,9.4375,9.4375,9.3125,9.375,40800
1993-11-18,1.1175366640090942,9.5,9.5,9.375,9.375,18000
1993-11-19,1.1175366640090942,9.5,9.5625,9.4375,9.5,34800
1993-11-22,1.0954805612564087,9.3125,9.5,9.3125,9.5,30800
1993-11-23,1.102832317352295,9.375,9.375,9.3125,9.3125,15600
1993-11-24,1.0954805612564087,9.3125,9.4375,9.3125,9.3125,39600
1993-11-26,1.0954805612564087,9.3125,9.375,9.3125,9.375,14000
1993-11-29,1.102832317352295,9.375,9.4375,9.3125,9.375,43200
1993-11-30,1.102832317352295,9.375,9.375,9.3125,9.375,18800
1993-12-01,1.1469451189041138,9.75,9.75,9.4375,9.4375,65400
1993-12-02,1.154298186302185,9.8125,9.9375,9.75,9.9375,71200
1993-12-03,1.1616501808166504,9.875,9.9375,9.75,9.875,22400
1993-12-06,1.1763545274734497,10.0,10.0,9.9375,10.0,73000
1993-12-07,1.1763545274734497,10.0,10.0,9.9375,10.0,10800
1993-12-08,1.1763545274734497,10.0,10.0625,10.0,10.0,36600
1993-12-09,1.1763545274734497,10.0,10.1875,10.0,10.0,74200
1993-12-10,1.1763545274734497,10.0,10.0625,9.9375,10.0,43600
1993-12-13,1.191058874130249,10.125,10.125,10.0,10.0,28800
1993-12-14,1.1848769187927246,10.0625,10.125,10.0,10.0,56000
1993-12-15,1.1775177717208862,10.0,10.125,9.9375,10.0625,43600
1993-12-16,1.162798523902893,9.875,10.0,9.8125,10.0,52800
1993-12-17,1.1848769187927246,10.0625,10.0625,9.875,9.875,41000
1993-12-20,1.1922365427017212,10.125,10.1875,10.125,10.125,32200
1993-12-21,1.1995964050292969,10.1875,10.1875,10.125,10.125,15600
1993-12-22,1.2143152952194214,10.3125,10.375,10.125,10.125,42800
1993-12-23,1.2216743230819702,10.375,10.5,10.25,10.375,61400
1993-12-27,1.2658315896987915,10.75,10.75,10.5,10.5,75600
1993-12-28,1.2658315896987915,10.75,10.75,10.5625,10.75,66600
1993-12-29,1.302628517150879,11.0625,11.0625,10.75,10.75,69200
1993-12-30,1.317347764968872,11.1875,11.3125,11.125,11.1875,97000
1993-12-31,1.3394263982772827,11.375,11.5,11.125,11.1875,99400
1994-01-03,1.2879101037979126,10.9375,11.25,10.8125,11.25,110400
1994-01-04,1.2805501222610474,10.875,11.0,10.8125,10.9375,54800
1994-01-05,1.251112461090088,10.625,11.0,10.5625,10.9375,74800
1994-01-06,1.2731910943984985,10.8125,10.8125,10.5625,10.5625,35800
1994-01-07,1.2731910943984985,10.8125,10.875,10.75,10.8125,92400
1994-01-10,1.2731910943984985,10.8125,10.8125,10.6875,10.75,86400
1994-01-11,1.2805501222610474,10.875,10.875,10.75,10.875,87400
1994-01-12,1.2805501222610474,10.875,10.875,10.75,10.8125,50800
1994-01-13,1.2290337085723877,10.4375,10.8125,10.4375,10.8125,101000
1994-01-14,1.251112461090088,10.625,10.625,10.5,10.5,77200
1994-01-17,1.2731910943984985,10.8125,10.8125,10.6875,10.75,48000
1994-01-18,1.2805501222610474,10.875,10.875,10.75,10.875,54000
1994-01-19,1.2805501222610474,10.875,10.9375,10.8125,10.875,58200
1994-01-20,1.2731910943984985,10.8125,10.875,10.75,10.875,81400
1994-01-21,1.2143152952194214,10.3125,10.875,10.25,10.875,620800
1994-01-24,1.2143152952194214,10.3125,10.4375,10.25,10.3125,274000
1994-01-25,1.2290337085723877,10.4375,10.4375,10.25,10.3125,115800
1994-01-26,1.2437522411346436,10.5625,10.6875,10.4375,10.5,114000
1994-01-27,1.2805501222610474,10.875,10.875,10.6875,10.6875,71000
1994-01-28,1.317347764968872,11.1875,11.1875,10.875,10.875,94800
1994-01-31,1.3394263982772827,11.375,11.375,11.0625,11.0625,138600
1994-02-01,1.3320666551589966,11.3125,11.4375,11.25,11.4375,96400
1994-02-02,1.361505150794983,11.5625,11.625,11.25,11.375,97600
1994-02-03,1.3688642978668213,11.625,11.75,11.5,11.5,87800
1994-02-04,1.302628517150879,11.0625,11.75,11.0625,11.625,128000
1994-02-07,1.354145884513855,11.5,11.5,11.0,11.125,102800
1994-02-08,1.3835830688476562,11.75,12.0,11.5625,11.5625,74600
1994-02-09,1.390942931175232,11.8125,11.9375,11.6875,11.8125,85400
1994-02-10,1.361505150794983,11.5625,11.75,11.4375,11.6875,96400
1994-02-11,1.3320666551589966,11.3125,11.4375,11.0625,11.375,43000
1994-02-14,1.302628517150879,11.0625,11.375,11.0625,11.375,63400
1994-02-15,1.2879101037979126,10.9375,11.1875,10.875,11.125,60800
1994-02-16,1.2879101037979126,10.9375,11.0625,10.9375,11.0,74200
1994-02-17,1.2805501222610474,10.875,11.125,10.875,11.0625,79600
1994-02-18,1.2805501222610474,10.875,10.9375,10.8125,10.8125,25400
1994-02-22,1.2805501222610474,10.875,10.9375,10.6875,10.875,93000
1994-02-23,1.2805501222610474,10.875,11.0,10.875,10.9375,31800
1994-02-24,1.2216743230819702,10.375,10.75,10.375,10.6875,103400
1994-02-25,1.2069551944732666,10.25,10.4375,10.0625,10.4375,149600
1994-02-28,1.2216743230819702,10.375,10.4375,10.375,10.375,28200
1994-03-01,1.1995964050292969,10.1875,10.5,10.1875,10.4375,73600
1994-03-02,1.1701581478118896,9.9375,10.1875,9.75,10.1875,214600
1994-03-03,1.1848769187927246,10.0625,10.25,9.875,10.25,84800
1994-03-04,1.1848769187927246,10.0625,10.1875,10.0,10.0,35400
1994-03-07,1.2143152952194214,10.3125,10.375,10.1875,10.25,145600
1994-03-08,1.2290337085723877,10.4375,10.5,10.375,10.4375,145000
1994-03-09,1.2290337085723877,10.4375,10.4375,10.375,10.4375,41200
1994-03-10,1.2216743230819702,10.375,10.6875,10.3125,10.4375,95400
1994-03-11,1.2290337085723877,10.4375,10.4375,10.375,10.375,74000
1994-03-14,1.2363934516906738,10.5,10.5,10.4375,10.5,43000
1994-03-15,1.2363934516906738,10.5,10.5625,10.4375,10.4375,44800
1994-03-16,1.2879101037979126,10.9375,10.9375,10.4375,10.5,49600
1994-03-17,1.2731910943984985,10.8125,10.9375,10.6875,10.9375,63200
1994-03-18,1.2363934516906738,10.5,10.75,10.5,10.75,48400
1994-03-21,1.2069551944732666,10.25,10.5,10.25,10.5,56200
1994-03-22,1.2143152952194214,10.3125,10.5,10.3125,10.3125,37800
1994-03-23,1.2143152952194214,10.3125,10.4375,10.3125,10.4375,47400
1994-03-24,1.2216743230819702,10.375,10.4375,10.3125,10.375,102600
1994-03-25,1.2143152952194214,10.3125,10.4375,10.25,10.25,26800
1994-03-28,1.2069551944732666,10.25,10.3125,10.125,10.3125,23800
1994-03-29,1.1995964050292969,10.1875,10.3125,10.1875,10.3125,22000
1994-03-30,1.1701581478118896,9.9375,10.1875,9.9375,10.125,51400
1994-03-31,1.126001000404358,9.5625,9.9375,9.375,9.875,104600
1994-04-04,1.0965632200241089,9.3125,9.5,9.25,9.375,82800
1994-04-05,1.1701581478118896,9.9375,10.0625,9.4375,9.4375,105400
1994-04-06,1.1775177717208862,10.0,10.1875,9.875,10.125,93000
1994-04-07,1.2290337085723877,10.4375,10.4375,10.25,10.25,41600
1994-04-08,1.251112461090088,10.625,10.6875,10.5,10.5,73600
1994-04-11,1.2216743230819702,10.375,10.5625,10.375,10.5,33600
1994-04-12,1.2069551944732666,10.25,10.4375,10.25,10.375,20400
1994-04-13,1.1922365427017212,10.125,10.25,10.125,10.25,35000
1994-04-14,1.162798523902893,9.875,10.0625,9.875,10.0625,33400
1994-04-15,1.1775177717208862,10.0,10.0625,9.8125,9.8125,22200
1994-04-18,1.1775177717208862,10.0,10.125,9.875,10.125,19800
1994-04-19,1.1701581478118896,9.9375,10.0,9.8125,10.0,27800
1994-04-20,1.1554394960403442,9.8125,9.9375,9.8125,9.9375,24000
1994-04-21,1.162798523902893,9.875,9.9375,9.75,9.8125,13200
1994-04-22,1.1922365427017212,10.125,10.25,10.125,10.125,62400
1994-04-25,1.2143152952194214,10.3125,10.3125,10.0625,10.0625,42000
1994-04-26,1.2216743230819702,10.375,10.375,10.25,10.3125,20400
1994-04-28,1.1922365427017212,10.125,10.375,10.125,10.25,18800
1994-04-29,1.2069551944732666,10.25,10.25,10.125,10.1875,20000
1994-05-02,1.2216743230819702,10.375,10.375,10.125,10.25,24800
1994-05-03,1.2143152952194214,10.3125,10.375,10.25,10.25,18800
1994-05-04,1.2069551944732666,10.25,10.25,10.125,10.25,40600
1994-05-05,1.1995964050292969,10.1875,10.3125,10.125,10.1875,13600
1994-05-06,1.1775177717208862,10.0,10.125,9.875,10.0625,26000
1994-05-09,1.1039226055145264,9.375,9.75,9.0,9.75,197200
1994-05-10,1.1333606243133545,9.625,9.6875,9.4375,9.4375,42000
1994-05-11,1.1333606243133545,9.625,9.75,9.5625,9.5625,29800
1994-05-12,1.1186414957046509,9.5,9.6875,9.375,9.6875,44400
1994-05-13,1.1333606243133545,9.625,9.625,9.5,9.5,34200
1994-05-16,1.1480792760849,9.75,9.75,9.625,9.6875,11200
1994-05-17,1.162798523902893,9.875,9.9375,9.625,9.75,36200
1994-05-18,1.162798523902893,9.875,9.875,9.6875,9.8125,13600
1994-05-19,1.1407203674316406,9.6875,9.8125,9.6875,9.8125,22200
1994-05-20,1.1480792760849,9.75,9.75,9.5625,9.75,26400
1994-05-23,1.1407203674316406,9.6875,9.75,9.5,9.75,57400
1994-05-24,1.1480792760849,9.75,9.75,9.625,9.6875,60000
1994-05-25,1.1848769187927246,10.0625,10.125,9.8125,9.8125,47800
1994-05-26,1.1775177717208862,10.0,10.125,9.875,10.0625,25600
1994-05-27,1.1848769187927246,10.0625,10.125,9.9375,9.9375,25600
1994-05-31,1.1922365427017212,10.125,10.1875,10.0625,10.0625,35400
1994-06-01,1.1995964050292969,10.1875,10.1875,10.0625,10.125,35000
1994-06-02,1.2143152952194214,10.3125,10.3125,10.0,10.25,39600
1994-06-03,1.2290337085723877,10.4375,10.4375,10.25,10.25,34200
1994-06-06,1.2290337085723877,10.4375,10.5,10.375,10.4375,30000
1994-06-07,1.2143152952194214,10.3125,10.4375,10.3125,10.4375,14000
1994-06-08,1.2069551944732666,10.25,10.25,10.0625,10.25,31800
1994-06-09,1.1701581478118896,9.9375,10.25,9.9375,10.1875,114000
1994-06-10,1.1848769187927246,10.0625,10.125,9.9375,9.9375,17400
1994-06-13,1.1848769187927246,10.0625,10.1875,9.9375,9.9375,24400
1994-06-14,1.1775177717208862,10.0,10.1875,10.0,10.1875,30000
1994-06-15,1.2069551944732666,10.25,10.25,9.9375,9.9375,26200
1994-06-16,1.1995964050292969,10.1875,10.25,10.125,10.25,39800
1994-06-17,1.1922365427017212,10.125,10.25,10.125,10.1875,31800
1994-06-20,1.1701581478118896,9.9375,10.125,9.8125,10.0625,53000
1994-06-21,1.162798523902893,9.875,9.875,9.75,9.8125,39400
1994-06-22,1.1995964050292969,10.1875,10.1875,10.0,10.0,29400
1994-06-23,1.1995964050292969,10.1875,10.1875,10.125,10.1875,23600
1994-06-24,1.1922365427017212,10.125,10.1875,9.875,10.0625,40200
1994-06-27,1.1922365427017212,10.125,10.125,10.0,10.0625,69600
1994-06-28,1.1775177717208862,10.0,10.0,9.9375,10.0,26400
1994-06-29,1.1775177717208862,10.0,10.0625,9.9375,9.9375,31800
1994-06-30,1.1922365427017212,10.125,10.125,9.9375,9.9375,19600
1994-07-01,1.1848769187927246,10.0625,10.1875,10.0,10.125,22800
1994-07-05,1.1701581478118896,9.9375,10.125,9.9375,10.125,9800
1994-07-06,1.2069551944732666,10.25,10.25,10.0,10.0625,23400
1994-07-07,1.1995964050292969,10.1875,10.25,10.125,10.25,18800
1994-07-08,1.1922365427017212,10.125,10.1875,10.0625,10.0625,43400
1994-07-11,1.1922365427017212,10.125,10.1875,10.0625,10.1875,27800
1994-07-12,1.1922365427017212,10.125,10.1875,10.125,10.125,27000
1994-07-13,1.1995964050292969,10.1875,10.1875,10.0,10.0625,35400
1994-07-14,1.1922365427017212,10.125,10.25,10.125,10.1875,47200
1994-07-15,1.1775177717208862,10.0,10.0625,10.0,10.0,81600
1994-07-18,1.1922365427017212,10.125,10.1875,10.0625,10.125,34000
1994-07-19,1.2143152952194214,10.3125,10.3125,10.1875,10.1875,28000
1994-07-20,1.2069551944732666,10.25,10.3125,10.125,10.25,21800
1994-07-21,1.1995964050292969,10.1875,10.25,10.125,10.125,22200
1994-07-22,1.1922365427017212,10.125,10.1875,10.125,10.125,9800
1994-07-25,1.1922365427017212,10.125,10.1875,10.125,10.1875,14200
1994-07-26,1.2069551944732666,10.25,10.25,10.125,10.1875,19400
1994-07-27,1.1922365427017212,10.125,10.1875,10.0625,10.1875,25800
1994-07-28,1.1848769187927246,10.0625,10.1875,10.0,10.125,36800
1994-07-29,1.1922365427017212,10.125,10.1875,10.0625,10.125,39800
1994-08-01,1.1995964050292969,10.1875,10.1875,10.0625,10.1875,29600
1994-08-02,1.1995964050292969,10.1875,10.25,10.125,10.1875,44600
1994-08-03,1.1995964050292969,10.1875,10.25,10.125,10.25,55200
1994-08-04,1.2069551944732666,10.25,10.25,10.125,10.1875,26200
1994-08-05,1.2069551944732666,10.25,10.3125,10.125,10.125,46400
1994-08-08,1.2069551944732666,10.25,10.3125,10.1875,10.1875,53400
1994-08-09,1.1995964050292969,10.1875,10.1875,10.125,10.125,29000
1994-08-10,1.2143152952194214,10.3125,10.3125,10.125,10.125,32800
1994-08-11,1.2290337085723877,10.4375,10.4375,10.3125,10.375,46200
1994-08-12,1.2290337085723877,10.4375,10.4375,10.375,10.4375,32200
1994-08-15,1.2143152952194214,10.3125,10.4375,10.3125,10.375,29200
1994-08-16,1.2216743230819702,10.375,10.4375,10.3125,10.375,36800
1994-08-17,1.2290337085723877,10.4375,10.5,10.375,10.4375,18200
1994-08-18,1.2143152952194214,10.3125,10.375,10.3125,10.375,29200
1994-08-19,1.2290337085723877,10.4375,10.4375,10.3125,10.3125,26000
1994-08-22,1.2216743230819702,10.375,10.5,10.375,10.375,44600
1994-08-23,1.2290337085723877,10.4375,10.5,10.375,10.4375,19000
1994-08-24,1.2437522411346436,10.5625,10.5625,10.4375,10.4375,52400
1994-08-25,1.2437522411346436,10.5625,10.625,10.5,10.625,20000
1994-08-26,1.2363934516906738,10.5,10.5625,10.5,10.5625,10800
1994-08-29,1.251112461090088,10.625,10.625,10.5,10.5625,21200
1994-08-30,1.2363934516906738,10.5,10.5625,10.4375,10.5625,20800
1994-08-31,1.251112461090088,10.625,10.625,10.5,10.5,18200
1994-09-01,1.2437522411346436,10.5625,10.625,10.5,10.625,66200
1994-09-02,1.2363934516906738,10.5,10.5625,10.4375,10.5625,33400
1994-09-06,1.2437522411346436,10.5625,10.5625,10.4375,10.5625,26000
1994-09-07,1.2363934516906738,10.5,10.5625,10.5,10.5625,30400
1994-09-08,1.251112461090088,10.625,10.6875,10.5,10.5,48400
1994-09-09,1.2363934516906738,10.5,10.5,10.3125,10.4375,54400
1994-09-12,1.2290337085723877,10.4375,10.4375,10.3125,10.4375,23800
1994-09-13,1.2363934516906738,10.5,10.5,10.3125,10.375,38200
1994-09-14,1.2216743230819702,10.375,10.4375,10.375,10.375,28400
1994-09-15,1.2216743230819702,10.375,10.4375,10.25,10.375,31800
1994-09-16,1.2216743230819702,10.375,10.375,10.3125,10.3125,29400
1994-09-19,1.2069551944732666,10.25,10.375,10.25,10.375,29200
1994-09-20,1.1775177717208862,10.0,10.25,10.0,10.25,35800
1994-09-21,1.1995964050292969,10.1875,10.1875,10.0625,10.0625,36600
1994-09-22,1.1995964050292969,10.1875,10.1875,10.0625,10.125,51800
1994-09-23,1.2216743230819702,10.375,10.4375,10.25,10.3125,53200
1994-09-26,1.2143152952194214,10.3125,10.4375,10.25,10.3125,50800
1994-09-27,1.2143152952194214,10.3125,10.4375,10.3125,10.375,37800
1994-09-28,1.1995964050292969,10.1875,10.3125,10.1875,10.25,14200
1994-09-29,1.2069551944732666,10.25,10.25,10.1875,10.25,15400
1994-09-30,1.1922365427017212,10.125,10.25,10.125,10.1875,23600
1994-10-03,1.1848769187927246,10.0625,10.25,10.0625,10.125,37000
1994-10-04,1.1775177717208862,10.0,10.1875,10.0,10.125,36800
1994-10-05,1.162798523902893,9.875,10.0625,9.875,10.0625,33400
1994-10-06,1.162798523902893,9.875,9.9375,9.75,9.875,30200
1994-10-07,1.162798523902893,9.875,9.875,9.75,9.8125,33000
1994-10-10,1.1701581478118896,9.9375,10.0625,9.8125,9.8125,31800
1994-10-11,1.1922365427017212,10.125,10.125,10.0,10.0,26800
1994-10-12,1.1848769187927246,10.0625,10.125,10.0,10.0625,25200
1994-10-13,1.1922365427017212,10.125,10.3125,10.125,10.125,25200
1994-10-14,1.1995964050292969,10.1875,10.25,10.125,10.1875,14400
1994-10-17,1.2069551944732666,10.25,10.3125,10.1875,10.3125,18800
1994-10-18,1.2069551944732666,10.25,10.25,10.1875,10.25,14400
1994-10-19,1.2069551944732666,10.25,10.3125,10.1875,10.3125,12200
1994-10-20,1.2143152952194214,10.3125,10.375,10.25,10.3125,14600
1994-10-21,1.2069551944732666,10.25,10.375,10.25,10.3125,13600
1994-10-24,1.2069551944732666,10.25,10.25,10.125,10.1875,30600
1994-10-25,1.1922365427017212,10.125,10.1875,10.0625,10.1875,23400
1994-10-26,1.1995964050292969,10.1875,10.25,10.125,10.1875,17800
1994-10-27,1.1922365427017212,10.125,10.1875,10.0625,10.1875,9800
1994-10-28,1.2069551944732666,10.25,10.25,10.125,10.1875,17800
1994-10-31,1.1922365427017212,10.125,10.3125,10.0625,10.3125,41800
1994-11-01,1.1848769187927246,10.0625,10.125,10.0625,10.125,21000
1994-11-02,1.1848769187927246,10.0625,10.125,10.0625,10.0625,26000
1994-11-03,1.1848769187927246,10.0625,10.125,10.0625,10.0625,5400
1994-11-04,1.1848769187927246,10.0625,10.125,10.0625,10.125,20400
1994-11-07,1.1922365427017212,10.125,10.125,10.0,10.0,44000
1994-11-08,1.1848769187927246,10.0625,10.125,10.0,10.0625,42400
1994-11-09,1.1775177717208862,10.0,10.125,10.0,10.125,45800
1994-11-10,1.1701581478118896,9.9375,10.0,9.9375,10.0,25200
1994-11-11,1.1775177717208862,10.0,10.0,9.8125,9.9375,31000
1994-11-14,1.1298426389694214,9.5625,9.625,9.375,9.4375,50200
1994-11-15,1.1372272968292236,9.625,9.6875,9.5625,9.5625,25200
1994-11-16,1.1372272968292236,9.625,9.6875,9.5625,9.625,20000
1994-11-17,1.1298426389694214,9.5625,9.625,9.5,9.625,34200
1994-11-18,1.1150734424591064,9.4375,9.5625,9.3125,9.5,142000
1994-11-21,1.1224578619003296,9.5,9.5625,9.4375,9.5,38000
1994-11-22,1.1076890230178833,9.375,9.5,9.375,9.5,42000
1994-11-23,1.1150734424591064,9.4375,9.4375,9.3125,9.375,52800
1994-11-25,1.1003044843673706,9.3125,9.4375,9.3125,9.3125,25200
1994-11-28,1.1076890230178833,9.375,9.375,9.3125,9.375,31200
1994-11-29,1.1076890230178833,9.375,9.4375,9.3125,9.3125,50000
1994-11-30,1.1003044843673706,9.3125,9.5,9.3125,9.4375,18200
1994-12-01,1.1003044843673706,9.3125,9.5,9.3125,9.3125,70400
1994-12-02,1.1003044843673706,9.3125,9.375,9.3125,9.3125,10600
1994-12-05,1.1003044843673706,9.3125,9.4375,9.3125,9.3125,19800
1994-12-06,1.1076890230178833,9.375,9.5,9.3125,9.3125,49800
1994-12-07,1.1076890230178833,9.375,9.375,9.3125,9.375,13600
1994-12-08,1.0929197072982788,9.25,9.4375,9.25,9.25,32400
1994-12-09,1.0633816719055176,9.0,9.125,9.0,9.125,33000
1994-12-12,1.0633816719055176,9.0,9.0,8.8125,8.9375,26800
1994-12-13,1.0190740823745728,8.625,9.0,8.5,8.9375,78200
1994-12-14,1.0707660913467407,9.0625,9.0625,8.6875,8.6875,62600
1994-12-15,1.0559970140457153,8.9375,9.0625,8.875,9.0,15200
1994-12-16,1.0486119985580444,8.875,9.0,8.8125,8.9375,26800
1994-12-19,1.0559970140457153,8.9375,9.0625,8.875,8.9375,67000
1994-12-20,1.0707660913467407,9.0625,9.0625,8.9375,8.9375,15200
1994-12-21,1.1003044843673706,9.3125,9.3125,9.0625,9.0625,32400
1994-12-22,1.1224578619003296,9.5,9.5625,9.1875,9.25,32000
1994-12-23,1.0929197072982788,9.25,9.5,9.25,9.5,18800
1994-12-27,1.1076890230178833,9.375,9.4375,9.25,9.25,16800
1994-12-28,1.1076890230178833,9.375,9.4375,9.3125,9.4375,16400
1994-12-29,1.1298426389694214,9.5625,9.5625,9.375,9.375,25800
1994-12-30,1.1150734424591064,9.4375,9.5625,9.375,9.5,8200
1995-01-03,1.0781505107879639,9.125,9.3125,9.125,9.3125,28800
1995-01-04,1.0781505107879639,9.125,9.25,9.0,9.25,26600
1995-01-05,1.0781505107879639,9.125,9.25,9.0625,9.0625,59600
1995-01-06,1.0781505107879639,9.125,9.1875,9.0625,9.1875,18200
1995-01-09,1.0781505107879639,9.125,9.25,9.125,9.125,71400
1995-01-10,1.0559970140457153,8.9375,9.1875,8.9375,9.1875,22000
1995-01-11,1.0633816719055176,9.0,9.0625,9.0,9.0625,26600
1995-01-12,1.0633816719055176,9.0,9.0625,9.0,9.0,25400
1995-01-13,1.0633816719055176,9.0,9.0,8.9375,9.0,41400
1995-01-16,1.0781505107879639,9.125,9.1875,9.0,9.0,58400
1995-01-17,1.0707660913467407,9.0625,9.1875,9.0625,9.1875,23400
1995-01-18,1.0633816719055176,9.0,9.125,9.0,9.0625,29000
1995-01-19,1.0559970140457153,8.9375,9.125,8.9375,9.0,32400
1995-01-20,1.0412275791168213,8.8125,8.875,8.75,8.875,198200
1995-01-23,1.0338436365127563,8.75,8.8125,8.75,8.8125,85000
1995-01-24,1.0338436365127563,8.75,8.8125,8.6875,8.75,83000
1995-01-25,1.0338436365127563,8.75,8.75,8.6875,8.75,35400
1995-01-26,1.0338436365127563,8.75,8.75,8.6875,8.75,30800
1995-01-27,1.0633816719055176,9.0,9.0,8.75,8.75,73600
1995-01-30,1.0633816719055176,9.0,9.0,8.875,8.9375,25600
1995-01-31,1.0633816719055176,9.0,9.0,8.9375,9.0,21000
1995-02-01,1.0633816719055176,9.0,9.125,9.0,9.0625,39200
1995-02-02,1.0486119985580444,8.875,9.0,8.875,8.875,29600
1995-02-03,1.0707660913467407,9.0625,9.125,8.9375,8.9375,25200
1995-02-06,1.0781505107879639,9.125,9.1875,9.0625,9.125,10800
1995-02-07,1.0707660913467407,9.0625,9.1875,9.0,9.0625,22400
1995-02-08,1.0486119985580444,8.875,9.0625,8.8125,9.0625,71400
1995-02-09,1.0633816719055176,9.0,9.0,8.875,8.875,37200
1995-02-10,1.0633816719055176,9.0,9.125,8.9375,8.9375,28200
1995-02-13,1.0781505107879639,9.125,9.1875,9.0,9.0,42800
1995-02-14,1.1003044843673706,9.3125,9.375,9.1875,9.1875,42000
1995-02-15,1.1150734424591064,9.4375,9.4375,9.3125,9.3125,27400
1995-02-16,1.1003044843673706,9.3125,9.4375,9.25,9.4375,13600
1995-02-17,1.0929197072982788,9.25,9.4375,9.1875,9.375,17600
1995-02-21,1.0781505107879639,9.125,9.375,9.0625,9.375,41800
1995-02-22,1.1003044843673706,9.3125,9.375,9.125,9.1875,15200
1995-02-23,1.0929197072982788,9.25,9.375,9.25,9.375,18400
1995-02-24,1.1076890230178833,9.375,9.375,9.3125,9.375,22200
1995-02-27,1.0929197072982788,9.25,9.375,9.125,9.25,39200
1995-02-28,1.0929197072982788,9.25,9.3125,9.125,9.1875,21800
1995-03-01,1.1150734424591064,9.4375,9.4375,9.1875,9.25,26400
1995-03-02,1.1076890230178833,9.375,9.4375,9.375,9.4375,15800
1995-03-03,1.1446115970611572,9.6875,9.8125,9.375,9.4375,64000
1995-03-06,1.1593815088272095,9.8125,9.8125,9.625,9.75,69000
1995-03-07,1.15199613571167,9.75,9.875,9.625,9.875,76000
1995-03-08,1.1298426389694214,9.5625,9.625,9.5625,9.625,38400
1995-03-09,1.1593815088272095,9.8125,9.875,9.625,9.625,58000
1995-03-10,1.1667654514312744,9.875,9.875,9.75,9.8125,27600
1995-03-13,1.1446115970611572,9.6875,9.75,9.5625,9.75,46800
1995-03-14,1.1372272968292236,9.625,9.6875,9.625,9.6875,17600
1995-03-15,1.15199613571167,9.75,9.75,9.625,9.625,25600
1995-03-16,1.15199613571167,9.75,9.8125,9.6875,9.75,15600
1995-03-17,1.1593815088272095,9.8125,9.875,9.75,9.75,3200
1995-03-20,1.1593815088272095,9.8125,9.875,9.8125,9.875,21800
1995-03-21,1.1593815088272095,9.8125,9.875,9.75,9.875,22600
1995-03-22,1.1446115970611572,9.6875,9.8125,9.6875,9.75,36800
1995-03-23,1.1446115970611572,9.6875,9.8125,9.625,9.75,20000
1995-03-24,1.1150734424591064,9.4375,9.5625,9.4375,9.5625,52000
1995-03-27,1.1076890230178833,9.375,9.5,9.375,9.5,133400
1995-03-28,1.1150734424591064,9.4375,9.4375,9.3125,9.4375,42800
1995-03-29,1.1003044843673706,9.3125,9.4375,9.3125,9.4375,20800
1995-03-30,1.1224578619003296,9.5,9.5625,9.375,9.375,56400
1995-03-31,1.1076890230178833,9.375,9.5,9.3125,9.5,24600
1995-04-03,1.1224578619003296,9.5,9.5625,9.4375,9.4375,33400
1995-04-04,1.1446115970611572,9.6875,9.75,9.5625,9.625,33600
1995-04-05,1.15199613571167,9.75,9.75,9.625,9.75,44600
1995-04-06,1.1667654514312744,9.875,9.875,9.6875,9.6875,47200
1995-04-07,1.1593815088272095,9.8125,9.9375,9.8125,9.8125,26600
1995-04-10,1.1889195442199707,10.0625,10.25,9.8125,9.875,130400
1995-04-11,1.1815346479415894,10.0,10.125,9.9375,10.125,43400
1995-04-12,1.1889195442199707,10.0625,10.0625,9.9375,9.9375,50200
1995-04-13,1.1889195442199707,10.0625,10.1875,10.0,10.1875,55000
1995-04-17,1.1741496324539185,9.9375,10.0625,9.9375,10.0625,69800
1995-04-18,1.1963040828704834,10.125,10.125,9.9375,9.9375,79400
1995-04-19,1.2036889791488647,10.1875,10.25,10.0625,10.0625,82800
1995-04-20,1.2406114339828491,10.5,10.5625,10.3125,10.3125,69400
1995-04-21,1.2332265377044678,10.4375,10.5,10.375,10.5,45000
1995-04-24,1.2406114339828491,10.5,10.5,10.4375,10.5,43200
1995-04-25,1.2406114339828491,10.5,10.5,10.3125,10.5,59800
1995-04-26,1.2406114339828491,10.5,10.5625,10.3125,10.375,27200
1995-04-27,1.2553807497024536,10.625,10.625,10.5,10.5,22000
1995-04-28,1.2406114339828491,10.5,10.625,10.4375,10.625,17200
1995-05-01,1.2406114339828491,10.5,10.625,10.4375,10.5,45800
1995-05-02,1.2479958534240723,10.5625,10.6875,10.5,10.5625,39600
1995-05-03,1.2553807497024536,10.625,10.625,10.5,10.5625,67800
1995-05-04,1.2553807497024536,10.625,10.75,10.5625,10.625,62200
1995-05-05,1.2775346040725708,10.8125,10.8125,10.625,10.6875,36600
1995-05-08,1.2775346040725708,10.8125,10.875,10.6875,10.6875,60000
1995-05-09,1.2923036813735962,10.9375,11.0,10.8125,10.875,76000
1995-05-10,1.2775346040725708,10.8125,10.9375,10.75,10.875,29200
1995-05-11,1.2775346040725708,10.8125,10.875,10.6875,10.875,39400
1995-05-12,1.2701499462127686,10.75,10.8125,10.6875,10.75,34000
1995-05-15,1.2701499462127686,10.75,10.875,10.6875,10.875,32400
1995-05-16,1.2406114339828491,10.5,10.75,10.5,10.75,47000
1995-05-17,1.2258421182632446,10.375,10.5625,10.3125,10.5625,25200
1995-05-18,1.2036889791488647,10.1875,10.4375,10.125,10.4375,90000
1995-05-19,1.1889195442199707,10.0625,10.125,9.9375,10.125,45200
1995-05-22,1.2184580564498901,10.3125,10.3125,10.125,10.125,33600
1995-05-23,1.2258421182632446,10.375,10.4375,10.25,10.25,53000
1995-05-24,1.2110731601715088,10.25,10.4375,10.25,10.375,43400
1995-05-25,1.2406114339828491,10.5,10.5,10.3125,10.3125,29000
1995-05-26,1.2479958534240723,10.5625,10.5625,10.375,10.375,54800
1995-05-30,1.2701499462127686,10.75,10.75,10.625,10.6875,58200
1995-05-31,1.2775346040725708,10.8125,10.8125,10.6875,10.8125,36200
1995-06-01,1.2553807497024536,10.625,10.8125,10.625,10.8125,60200
1995-06-02,1.2627654075622559,10.6875,10.75,10.5625,10.625,28400
1995-06-05,1.2775346040725708,10.8125,10.8125,10.625,10.6875,31800
1995-06-06,1.2627654075622559,10.6875,10.8125,10.6875,10.8125,37000
1995-06-07,1.2701499462127686,10.75,10.75,10.6875,10.6875,26800
1995-06-08,1.2553807497024536,10.625,10.75,10.625,10.75,26000
1995-06-09,1.2553807497024536,10.625,10.6875,10.5625,10.6875,107800
1995-06-12,1.2479958534240723,10.5625,10.625,10.5625,10.5625,35200
1995-06-13,1.2479958534240723,10.5625,10.625,10.5625,10.625,78800
1995-06-14,1.2553807497024536,10.625,10.6875,10.5625,10.625,81400
1995-06-15,1.2553807497024536,10.625,10.6875,10.625,10.625,20200
1995-06-16,1.2627654075622559,10.6875,10.6875,10.625,10.6875,41600
1995-06-19,1.2553807497024536,10.625,10.6875,10.625,10.625,51800
1995-06-20,1.2627654075622559,10.6875,10.6875,10.625,10.6875,46000
1995-06-21,1.2553807497024536,10.625,10.625,10.5625,10.625,113200
1995-06-22,1.2479958534240723,10.5625,10.625,10.5625,10.625,57000
1995-06-23,1.2627654075622559,10.6875,10.6875,10.5625,10.625,92400
1995-06-26,1.2627654075622559,10.6875,10.75,10.625,10.6875,139600
1995-06-27,1.2627654075622559,10.6875,10.75,10.625,10.625,138800
1995-06-28,1.2701499462127686,10.75,10.75,10.6875,10.6875,66200
1995-06-29,1.2627654075622559,10.6875,10.75,10.6875,10.6875,32400
1995-06-30,1.2701499462127686,10.75,10.8125,10.6875,10.6875,61800
1995-07-03,1.2775346040725708,10.8125,10.875,10.75,10.75,36800
1995-07-05,1.2775346040725708,10.8125,10.9375,10.8125,10.9375,87400
1995-07-06,1.299688696861267,11.0,11.0,10.8125,10.875,176200
1995-07-07,1.3144577741622925,11.125,11.125,10.9375,10.9375,86000
1995-07-10,1.3292269706726074,11.25,11.25,11.0,11.125,63600
1995-07-11,1.3366111516952515,11.3125,11.4375,11.1875,11.1875,59400
1995-07-12,1.3661497831344604,11.5625,11.625,11.375,11.375,47200
1995-07-13,1.380919098854065,11.6875,11.6875,11.5,11.5,62600
1995-07-14,1.3956881761550903,11.8125,11.8125,11.6875,11.75,39000
1995-07-17,1.3735343217849731,11.625,11.8125,11.5,11.8125,75000
1995-07-18,1.3587653636932373,11.5,11.6875,11.375,11.5625,46600
1995-07-19,1.3218424320220947,11.1875,11.625,11.0625,11.625,68400
1995-07-20,1.3144577741622925,11.125,11.3125,11.125,11.1875,121200
1995-07-21,1.3144577741622925,11.125,11.1875,11.0625,11.0625,48000
1995-07-24,1.3587653636932373,11.5,11.5,11.1875,11.1875,244000
1995-07-25,1.3587653636932373,11.5,11.5,11.4375,11.5,90800
1995-07-26,1.2775346040725708,10.8125,10.9375,10.6875,10.75,340000
1995-07-27,1.2701499462127686,10.75,10.75,10.625,10.75,115200
1995-07-28,1.2627654075622559,10.6875,10.75,10.6875,10.6875,42200
1995-07-31,1.2701499462127686,10.75,10.8125,10.6875,10.8125,111000
1995-08-01,1.2775346040725708,10.8125,10.8125,10.6875,10.8125,69600
1995-08-02,1.2701499462127686,10.75,10.8125,10.6875,10.75,24200
1995-08-03,1.2627654075622559,10.6875,10.8125,10.6875,10.8125,31800
1995-08-04,1.2701499462127686,10.75,10.75,10.6875,10.6875,22600
1995-08-07,1.2627654075622559,10.6875,10.8125,10.6875,10.6875,35000
1995-08-08,1.2406114339828491,10.5,10.6875,10.5,10.625,99200
1995-08-09,1.2258421182632446,10.375,10.5625,10.375,10.5625,59000
1995-08-10,1.2110731601715088,10.25,10.4375,10.25,10.375,60400
1995-08-11,1.2036889791488647,10.1875,10.25,10.125,10.1875,52200
1995-08-14,1.1963040828704834,10.125,10.3125,10.125,10.125,119800
1995-08-15,1.1815346479415894,10.0,10.125,9.9375,10.125,130800
1995-08-16,1.1815346479415894,10.0,10.0,9.8125,9.8125,99400
1995-08-17,1.1889195442199707,10.0625,10.0625,10.0,10.0,43800
1995-08-18,1.1889195442199707,10.0625,10.0625,9.9375,10.0625,100800
1995-08-21,1.1741496324539185,9.9375,10.0,9.8125,10.0,240600
1995-08-22,1.1667654514312744,9.875,9.9375,9.875,9.875,137000
1995-08-23,1.15199613571167,9.75,9.875,9.75,9.875,257800
1995-08-24,1.1667654514312744,9.875,9.875,9.8125,9.8125,77000
1995-08-25,1.1667654514312744,9.875,9.875,9.8125,9.875,132000
1995-08-28,1.1667654514312744,9.875,9.875,9.8125,9.875,147000
1995-08-29,1.1667654514312744,9.875,9.875,9.8125,9.8125,182400
1995-08-30,1.1815346479415894,10.0,10.0,9.8125,9.8125,146200
1995-08-31,1.2184580564498901,10.3125,10.625,10.0,10.0625,346400
1995-09-01,1.237305998802185,10.4375,10.4375,10.125,10.3125,196400
1995-09-05,1.2298972606658936,10.375,10.5625,10.375,10.5,84800
1995-09-06,1.2447154521942139,10.5,10.5,10.375,10.5,118800
1995-09-07,1.237305998802185,10.4375,10.5,10.4375,10.5,26200
1995-09-08,1.192852258682251,10.0625,10.5625,9.9375,10.4375,497600
1995-09-11,1.1854430437088013,10.0,10.0625,9.875,10.0625,387200
1995-09-12,1.1780338287353516,9.9375,10.0,9.875,10.0,200800
1995-09-13,1.2002612352371216,10.125,10.125,9.875,9.9375,282800
1995-09-14,1.192852258682251,10.0625,10.1875,10.0,10.1875,136000
1995-09-15,1.2002612352371216,10.125,10.125,10.0625,10.125,82600
1995-09-18,1.1854430437088013,10.0,10.125,9.9375,10.125,90200
1995-09-19,1.1854430437088013,10.0,10.0625,9.9375,10.0,67000
1995-09-20,1.1854430437088013,10.0,10.0625,10.0,10.0,84400
1995-09-21,1.2002612352371216,10.125,10.125,10.0625,10.0625,109000
1995-09-22,1.192852258682251,10.0625,10.0625,9.9375,10.0,149200
1995-09-25,1.222488522529602,10.3125,10.3125,10.1875,10.1875,266600
1995-09-26,1.222488522529602,10.3125,10.375,10.25,10.3125,212200
1995-09-27,1.2076704502105713,10.1875,10.25,10.125,10.25,123400
1995-09-28,1.222488522529602,10.3125,10.3125,10.1875,10.1875,30600
1995-09-29,1.2298972606658936,10.375,10.375,10.3125,10.3125,75000
1995-10-02,1.2298972606658936,10.375,10.375,10.25,10.3125,73600
1995-10-03,1.2298972606658936,10.375,10.375,10.3125,10.375,32800
1995-10-04,1.2298972606658936,10.375,10.375,10.3125,10.3125,24600
1995-10-05,1.237305998802185,10.4375,10.4375,10.3125,10.375,109000
1995-10-06,1.2298972606658936,10.375,10.4375,10.25,10.375,174800
1995-10-09,1.222488522529602,10.3125,10.375,10.25,10.375,39200
1995-10-10,1.2076704502105713,10.1875,10.25,10.125,10.25,109600
1995-10-11,1.215079426765442,10.25,10.3125,10.125,10.25,98200
1995-10-12,1.215079426765442,10.25,10.3125,10.1875,10.25,60200
1995-10-13,1.237305998802185,10.4375,10.4375,10.3125,10.3125,213000
1995-10-16,1.237305998802185,10.4375,10.4375,10.3125,10.4375,19200
1995-10-17,1.2447154521942139,10.5,10.5,10.375,10.4375,182800
1995-10-18,1.2521240711212158,10.5625,10.5625,10.4375,10.5,102600
1995-10-19,1.2521240711212158,10.5625,10.5625,10.5,10.5625,34800
1995-10-20,1.2447154521942139,10.5,10.5625,10.4375,10.5625,59600
1995-10-23,1.237305998802185,10.4375,10.5,10.375,10.4375,259200
1995-10-24,1.237305998802185,10.4375,10.4375,10.375,10.4375,54800
1995-10-25,1.2298972606658936,10.375,10.4375,10.3125,10.375,77800
1995-10-26,1.222488522529602,10.3125,10.375,10.25,10.375,27400
1995-10-27,1.222488522529602,10.3125,10.3125,10.1875,10.25,109200
1995-10-30,1.2298972606658936,10.375,10.375,10.3125,10.3125,33200
1995-10-31,1.2447154521942139,10.5,10.625,10.375,10.375,123800
1995-11-01,1.2595332860946655,10.625,10.6875,10.5,10.5,71200
1995-11-02,1.2447154521942139,10.5,10.625,10.5,10.5,62400
1995-11-03,1.2521240711212158,10.5625,10.5625,10.5,10.5,83000
1995-11-06,1.2595332860946655,10.625,10.625,10.5625,10.625,15200
1995-11-07,1.2447154521942139,10.5,10.625,10.5,10.5625,52000
1995-11-08,1.2521240711212158,10.5625,10.625,10.5,10.5625,58800
1995-11-09,1.2743515968322754,10.75,10.8125,10.625,10.625,131800
1995-11-10,1.2669423818588257,10.6875,10.8125,10.625,10.8125,25800
1995-11-13,1.2595332860946655,10.625,10.625,10.5625,10.625,137000
1995-11-14,1.2447154521942139,10.5,10.625,10.5,10.5625,67600
1995-11-15,1.2447154521942139,10.5,10.625,10.5,10.5,39200
1995-11-16,1.2521240711212158,10.5625,10.625,10.5,10.5625,30200
1995-11-17,1.2521240711212158,10.5625,10.5625,10.5,10.5,40000
1995-11-20,1.2595332860946655,10.625,10.625,10.5625,10.625,42800
1995-11-21,1.2595332860946655,10.625,10.625,10.5625,10.625,79200
1995-11-22,1.2669423818588257,10.6875,10.6875,10.5625,10.625,84800
1995-11-24,1.2669423818588257,10.6875,10.75,10.625,10.625,23800
1995-11-27,1.2743515968322754,10.75,10.75,10.6875,10.75,48000
1995-11-28,1.2669423818588257,10.6875,10.8125,10.625,10.75,83600
1995-11-29,1.2669423818588257,10.6875,10.75,10.625,10.75,39800
1995-11-30,1.2669423818588257,10.6875,10.75,10.625,10.625,48800
1995-12-01,1.2669423818588257,10.6875,10.75,10.625,10.625,27000
1995-12-04,1.2595332860946655,10.625,10.6875,10.5625,10.625,36600
1995-12-05,1.2669423818588257,10.6875,10.75,10.5625,10.5625,50000
1995-12-06,1.2743515968322754,10.75,10.75,10.6875,10.75,33600
1995-12-07,1.2521240711212158,10.5625,10.6875,10.5625,10.625,24800
1995-12-08,1.2595332860946655,10.625,10.6875,10.5625,10.5625,29000
1995-12-11,1.2669423818588257,10.6875,10.75,10.625,10.625,41600
1995-12-12,1.2743515968322754,10.75,10.75,10.625,10.625,26800
1995-12-13,1.2669423818588257,10.6875,10.75,10.625,10.75,33200
1995-12-14,1.2595332860946655,10.625,10.6875,10.625,10.6875,69400
1995-12-15,1.2669423818588257,10.6875,10.75,10.625,10.6875,62000
1995-12-18,1.2521240711212158,10.5625,10.75,10.5625,10.6875,26800
1995-12-19,1.2447154521942139,10.5,10.5,10.375,10.5,104000
1995-12-20,1.220601201057434,10.25,10.3125,10.25,10.25,50200
1995-12-21,1.220601201057434,10.25,10.3125,10.25,10.25,26600
1995-12-22,1.235486388206482,10.375,10.375,10.25,10.3125,29400
1995-12-26,1.235486388206482,10.375,10.5,10.375,10.4375,35200
1995-12-27,1.2503716945648193,10.5,10.5625,10.375,10.5,28600
1995-12-28,1.2578147649765015,10.5625,10.5625,10.5,10.5,25600
1995-12-29,1.2652571201324463,10.625,10.625,10.5625,10.625,38600
1996-01-02,1.2875854969024658,10.8125,10.8125,10.5625,10.625,58400
1996-01-03,1.3247984647750854,11.125,11.125,10.875,10.9375,155800
1996-01-04,1.3247984647750854,11.125,11.1875,11.0625,11.125,55200
1996-01-05,1.3247984647750854,11.125,11.1875,11.0,11.125,63600
1996-01-08,1.3099136352539062,11.0,11.125,11.0,11.0625,25400
1996-01-09,1.3024706840515137,10.9375,11.0625,10.9375,11.0625,67400
1996-01-10,1.295027494430542,10.875,10.9375,10.875,10.9375,34800
1996-01-11,1.2801430225372314,10.75,10.9375,10.6875,10.9375,25200
1996-01-12,1.2801430225372314,10.75,10.8125,10.6875,10.75,22800
1996-01-15,1.2727000713348389,10.6875,10.8125,10.5625,10.8125,66000
1996-01-16,1.2727000713348389,10.6875,10.6875,10.5625,10.625,110800
1996-01-17,1.2578147649765015,10.5625,10.625,10.5,10.5625,252000
1996-01-18,1.2578147649765015,10.5625,10.625,10.5625,10.5625,76400
1996-01-19,1.2727000713348389,10.6875,10.75,10.5625,10.625,43200
1996-01-22,1.2578147649765015,10.5625,10.625,10.5625,10.625,92800
1996-01-23,1.2503716945648193,10.5,10.5625,10.4375,10.4375,90400
1996-01-24,1.2503716945648193,10.5,10.5625,10.4375,10.5,57800
1996-01-25,1.2503716945648193,10.5,10.5625,10.4375,10.5625,48400
1996-01-26,1.2503716945648193,10.5,10.5,10.375,10.4375,102800
1996-01-29,1.2503716945648193,10.5,10.5,10.4375,10.5,34800
1996-01-30,1.2652571201324463,10.625,10.625,10.5,10.5,95800
1996-01-31,1.2578147649765015,10.5625,10.5625,10.5,10.5625,60800
1996-02-01,1.2503716945648193,10.5,10.5625,10.5,10.5625,32200
1996-02-02,1.2503716945648193,10.5,10.5625,10.5,10.5,26000
1996-02-05,1.242929458618164,10.4375,10.5625,10.4375,10.5,85600
1996-02-06,1.235486388206482,10.375,10.5,10.375,10.4375,71400
1996-02-07,1.235486388206482,10.375,10.4375,10.375,10.375,88000
1996-02-08,1.235486388206482,10.375,10.4375,10.375,10.375,28000
1996-02-09,1.220601201057434,10.25,10.4375,10.25,10.4375,87200
1996-02-12,1.235486388206482,10.375,10.375,10.25,10.3125,58000
1996-02-13,1.220601201057434,10.25,10.375,10.25,10.375,56600
1996-02-14,1.2280434370040894,10.3125,10.375,10.25,10.3125,24600
1996-02-15,1.220601201057434,10.25,10.3125,10.25,10.3125,107000
1996-02-16,1.220601201057434,10.25,10.3125,10.25,10.3125,44200
1996-02-20,1.2131586074829102,10.1875,10.25,10.0625,10.25,200200
1996-02-21,1.2280434370040894,10.3125,10.3125,10.125,10.1875,63600
1996-02-22,1.235486388206482,10.375,10.375,10.25,10.3125,140600
1996-02-23,1.235486388206482,10.375,10.5,10.375,10.5,68800
1996-02-26,1.235486388206482,10.375,10.4375,10.375,10.375,50800
1996-02-27,1.2503716945648193,10.5,10.5625,10.375,10.375,62800
1996-02-28,1.2801430225372314,10.75,10.9375,10.5625,10.5625,137800
1996-02-29,1.2652571201324463,10.625,10.6875,10.5625,10.6875,63400
1996-03-01,1.2801430225372314,10.75,10.8125,10.6875,10.75,34200
1996-03-04,1.2801430225372314,10.75,10.875,10.6875,10.8125,54800
1996-03-05,1.2801430225372314,10.75,10.875,10.75,10.75,42200
1996-03-06,1.2727000713348389,10.6875,10.8125,10.5625,10.75,103400
1996-03-07,1.3247984647750854,11.125,11.1875,10.875,10.9375,343600
1996-03-08,1.2875854969024658,10.8125,11.0,10.6875,11.0,183400
1996-03-11,1.2801430225372314,10.75,10.9375,10.625,10.9375,143200
1996-03-12,1.2875854969024658,10.8125,10.9375,10.6875,10.75,72800
1996-03-13,1.2875854969024658,10.8125,10.9375,10.8125,10.8125,50000
1996-03-14,1.3099136352539062,11.0,11.0,10.6875,10.6875,81800
1996-03-15,1.3099136352539062,11.0,11.125,10.875,11.0625,78200
1996-03-18,1.3099136352539062,11.0,11.0625,10.8125,11.0,51800
1996-03-19,1.3099136352539062,11.0,11.125,10.9375,11.0,59000
1996-03-20,1.295027494430542,10.875,11.0,10.875,11.0,70000
1996-03-21,1.3322409391403198,11.1875,11.1875,11.0,11.0,37000
1996-03-22,1.3322409391403198,11.1875,11.375,11.125,11.1875,67000
1996-03-25,1.3396837711334229,11.25,11.25,11.1875,11.1875,75600
1996-03-26,1.3322409391403198,11.1875,11.25,11.0625,11.25,128600
1996-03-27,1.3322409391403198,11.1875,11.25,11.0625,11.1875,32800
1996-03-28,1.3247984647750854,11.125,11.125,11.0625,11.125,56000
1996-03-29,1.3173556327819824,11.0625,11.1875,11.0,11.1875,120800
1996-04-01,1.3099136352539062,11.0,11.125,10.9375,11.0,85800
1996-04-02,1.3099136352539062,11.0,11.0625,10.875,11.0,178000
1996-04-03,1.295027494430542,10.875,11.0,10.875,11.0,64600
1996-04-04,1.3099136352539062,11.0,11.0,10.9375,10.9375,23600
1996-04-08,1.295027494430542,10.875,11.0,10.875,10.9375,28600
1996-04-09,1.295027494430542,10.875,11.0,10.875,11.0,22400
1996-04-10,1.2727000713348389,10.6875,10.875,10.6875,10.875,39800
1996-04-11,1.2801430225372314,10.75,10.875,10.75,10.75,35600
1996-04-12,1.295027494430542,10.875,10.9375,10.75,10.75,42000
1996-04-15,1.2801430225372314,10.75,11.0,10.6875,10.9375,74200
1996-04-16,1.2727000713348389,10.6875,10.75,10.6875,10.6875,20400
1996-04-17,1.2652571201324463,10.625,10.75,10.625,10.75,14000
1996-04-18,1.2801430225372314,10.75,10.75,10.625,10.6875,36600
1996-04-19,1.2801430225372314,10.75,10.8125,10.75,10.8125,63000
1996-04-22,1.295027494430542,10.875,10.9375,10.75,10.75,72800
1996-04-23,1.295027494430542,10.875,10.9375,10.8125,10.875,40400
1996-04-24,1.2875854969024658,10.8125,10.9375,10.8125,10.9375,25400
1996-04-25,1.2940973043441772,10.867188453674316,10.875,10.8125,10.8125,47800
1996-04-26,1.295027494430542,10.875,10.9375,10.875,10.9375,33000
1996-04-29,1.295027494430542,10.875,10.875,10.8125,10.8125,32600
1996-04-30,1.3024706840515137,10.9375,10.9375,10.8125,10.875,31800
1996-05-01,1.3024706840515137,10.9375,10.9375,10.875,10.9375,27000
1996-05-02,1.295027494430542,10.875,10.9375,10.8125,10.875,33800
1996-05-03,1.2801430225372314,10.75,10.8125,10.625,10.8125,118800
1996-05-06,1.2727000713348389,10.6875,10.8125,10.6875,10.75,79200
1996-05-07,1.242929458618164,10.4375,10.6875,10.3125,10.625,286400
1996-05-08,1.2503716945648193,10.5,10.5,10.375,10.375,102000
1996-05-09,1.2503716945648193,10.5,10.5,10.4375,10.4375,45000
1996-05-10,1.2503716945648193,10.5,10.5,10.4375,10.4375,34000
1996-05-13,1.2503716945648193,10.5,10.6875,10.5,10.5,71000
1996-05-14,1.2503716945648193,10.5,10.625,10.4375,10.5625,70000
1996-05-15,1.242929458618164,10.4375,10.5625,10.4375,10.5,39800
1996-05-16,1.2503716945648193,10.5,10.5,10.4375,10.5,29600
1996-05-17,1.242929458618164,10.4375,10.5,10.4375,10.4375,55000
1996-05-20,1.2578147649765015,10.5625,10.5625,10.4375,10.5,69600
1996-05-21,1.2652571201324463,10.625,10.625,10.5,10.5625,65000
1996-05-22,1.2503716945648193,10.5,10.5625,10.4375,10.5,100800
1996-05-23,1.2578147649765015,10.5625,10.5625,10.4375,10.5,53600
1996-05-24,1.2578147649765015,10.5625,10.5625,10.4375,10.5,42600
1996-05-28,1.242929458618164,10.4375,10.5625,10.4375,10.5625,40800
1996-05-29,1.242929458618164,10.4375,10.5,10.4375,10.5,58200
1996-05-30,1.242929458618164,10.4375,10.5,10.4375,10.4375,16800
1996-05-31,1.242929458618164,10.4375,10.5,10.4375,10.5,38400
1996-06-03,1.2503716945648193,10.5,10.5,10.4375,10.5,43200
1996-06-04,1.242929458618164,10.4375,10.5,10.4375,10.5,29800
1996-06-05,1.242929458618164,10.4375,10.5,10.4375,10.4375,39600
1996-06-06,1.2503716945648193,10.5,10.5,10.4375,10.5,46200
1996-06-07,1.242929458618164,10.4375,10.5,10.4375,10.4375,39600
1996-06-10,1.2578147649765015,10.5625,10.5625,10.4375,10.4375,51600
1996-06-11,1.2503716945648193,10.5,10.5625,10.5,10.5625,25200
1996-06-12,1.242929458618164,10.4375,10.5625,10.4375,10.5625,41000
1996-06-13,1.242929458618164,10.4375,10.5,10.4375,10.4375,17800
1996-06-14,1.242929458618164,10.4375,10.5,10.4375,10.4375,42000
1996-06-17,1.2503716945648193,10.5,10.5625,10.4375,10.4375,87000
1996-06-18,1.2503716945648193,10.5,10.5625,10.4375,10.5625,52600
1996-06-19,1.2578147649765015,10.5625,10.625,10.5,10.5,46000
1996-06-20,1.2652571201324463,10.625,10.625,10.5625,10.5625,26000
1996-06-21,1.2652571201324463,10.625,10.625,10.5625,10.5625,30000
1996-06-24,1.2578147649765015,10.5625,10.625,10.5625,10.5625,36400
1996-06-25,1.2578147649765015,10.5625,10.625,10.5,10.5625,40000
1996-06-26,1.2578147649765015,10.5625,10.625,10.5625,10.5625,28200
1996-06-27,1.2652571201324463,10.625,10.625,10.5625,10.625,42800
1996-06-28,1.2652571201324463,10.625,10.6875,10.5625,10.625,21000
1996-07-01,1.2801430225372314,10.75,10.8125,10.625,10.625,44200
1996-07-02,1.2801430225372314,10.75,10.75,10.6875,10.6875,14000
1996-07-03,1.2801430225372314,10.75,10.75,10.6875,10.6875,24600
1996-07-05,1.2652571201324463,10.625,10.6875,10.625,10.625,12400
1996-07-08,1.2578147649765015,10.5625,10.625,10.5,10.625,64000
1996-07-09,1.2652571201324463,10.625,10.6875,10.5625,10.625,31800
1996-07-10,1.2652571201324463,10.625,10.625,10.5625,10.5625,18600
1996-07-11,1.2578147649765015,10.5625,10.625,10.5,10.625,140200
1996-07-12,1.2503716945648193,10.5,10.625,10.5,10.5625,27800
1996-07-15,1.2578147649765015,10.5625,10.5625,10.5,10.5625,67200
1996-07-16,1.242929458618164,10.4375,10.5625,10.25,10.5,115000
1996-07-17,1.2503716945648193,10.5,10.5625,10.5,10.5,32200
1996-07-18,1.2652571201324463,10.625,10.625,10.5625,10.5625,12200
1996-07-19,1.2503716945648193,10.5,10.625,10.5,10.5625,14600
1996-07-22,1.2280434370040894,10.3125,10.5,10.3125,10.5,40800
1996-07-23,1.2280434370040894,10.3125,10.375,10.3125,10.3125,137200
1996-07-24,1.205715298652649,10.125,10.125,10.0,10.125,66200
1996-07-25,1.220601201057434,10.25,10.375,10.1875,10.1875,31400
1996-07-26,1.2280434370040894,10.3125,10.375,10.25,10.3125,20000
1996-07-29,1.220601201057434,10.25,10.375,10.25,10.3125,25200
1996-07-30,1.220601201057434,10.25,10.3125,10.1875,10.25,15400
1996-07-31,1.2280434370040894,10.3125,10.3125,10.25,10.25,8200
1996-08-01,1.220601201057434,10.25,10.3125,10.25,10.3125,38200
1996-08-02,1.2280434370040894,10.3125,10.4375,10.3125,10.375,74400
1996-08-05,1.235486388206482,10.375,10.375,10.3125,10.375,32600
1996-08-06,1.2503716945648193,10.5,10.5,10.3125,10.3125,86800
1996-08-07,1.2503716945648193,10.5,10.5625,10.4375,10.4375,27000
1996-08-08,1.2503716945648193,10.5,10.5625,10.5,10.5,31600
1996-08-09,1.2503716945648193,10.5,10.5625,10.4375,10.5,12800
1996-08-12,1.2503716945648193,10.5,10.5625,10.4375,10.5625,38600
1996-08-13,1.2503716945648193,10.5,10.5,10.5,10.5,17600
1996-08-14,1.2503716945648193,10.5,10.5625,10.4375,10.4375,21400
1996-08-15,1.2578147649765015,10.5625,10.5625,10.5,10.5,22600
1996-08-16,1.2652571201324463,10.625,10.625,10.5,10.5625,47800
1996-08-19,1.2652571201324463,10.625,10.6875,10.5,10.5,118200
1996-08-20,1.2727000713348389,10.6875,10.6875,10.625,10.6875,26000
1996-08-21,1.2727000713348389,10.6875,10.6875,10.625,10.625,26600
1996-08-22,1.2652571201324463,10.625,10.75,10.625,10.625,28000
1996-08-23,1.2727000713348389,10.6875,10.75,10.625,10.625,10400
1996-08-26,1.2801430225372314,10.75,10.875,10.6875,10.6875,51800
1996-08-27,1.295027494430542,10.875,10.9375,10.8125,10.8125,31000
1996-08-28,1.3024706840515137,10.9375,11.0,10.875,11.0,47200
1996-08-29,1.3024706840515137,10.9375,10.9375,10.8125,10.9375,37400
1996-08-30,1.2875854969024658,10.8125,10.9375,10.8125,10.9375,25000
1996-09-03,1.2875854969024658,10.8125,10.8125,10.6875,10.8125,38800
1996-09-04,1.2875854969024658,10.8125,10.8125,10.625,10.8125,50000
1996-09-05,1.2801430225372314,10.75,10.875,10.6875,10.8125,19800
1996-09-06,1.2875854969024658,10.8125,10.8125,10.625,10.6875,21800
1996-09-09,1.2875854969024658,10.8125,10.875,10.75,10.8125,28200
1996-09-10,1.2875854969024658,10.8125,11.0625,10.8125,10.875,29800
1996-09-11,1.2801430225372314,10.75,10.8125,10.75,10.8125,25400
1996-09-12,1.295027494430542,10.875,10.875,10.75,10.8125,29400
1996-09-13,1.2801430225372314,10.75,10.875,10.75,10.8125,24000
1996-09-16,1.2801430225372314,10.75,10.875,10.75,10.875,37400
1996-09-17,1.2652571201324463,10.625,10.75,10.625,10.75,22400
1996-09-18,1.2652571201324463,10.625,10.6875,10.5625,10.625,32400
1996-09-19,1.2727000713348389,10.6875,10.6875,10.625,10.625,21600
1996-09-20,1.2652571201324463,10.625,10.6875,10.5625,10.625,22000
1996-09-23,1.2503716945648193,10.5,10.5625,10.5,10.5625,46800
1996-09-24,1.2503716945648193,10.5,10.5625,10.5,10.5625,23200
1996-09-25,1.2727000713348389,10.6875,10.6875,10.5625,10.5625,19600
1996-09-26,1.2652571201324463,10.625,10.6875,10.5625,10.625,31800
1996-09-27,1.2578147649765015,10.5625,10.6875,10.5625,10.625,18000
1996-09-30,1.2652571201324463,10.625,10.6875,10.5625,10.5625,20200
1996-10-01,1.2652571201324463,10.625,10.75,10.625,10.6875,44000
1996-10-02,1.2652571201324463,10.625,10.75,10.625,10.625,29600
1996-10-03,1.2578147649765015,10.5625,10.6875,10.5625,10.625,41600
1996-10-04,1.2652571201324463,10.625,10.6875,10.5625,10.5625,36000
1996-10-07,1.2652571201324463,10.625,10.75,10.625,10.625,55400
1996-10-08,1.2578147649765015,10.5625,10.6875,10.5,10.6875,174200
1996-10-09,1.2578147649765015,10.5625,10.625,10.4375,10.5625,167800
1996-10-10,1.2503716945648193,10.5,10.5625,10.4375,10.5,77600
1996-10-11,1.2503716945648193,10.5,10.5625,10.4375,10.5,99600
1996-10-14,1.2652571201324463,10.625,10.625,10.5,10.5,115600
1996-10-15,1.2503716945648193,10.5,10.625,10.5,10.5625,84400
1996-10-16,1.2503716945648193,10.5,10.5,10.4375,10.5,56200
1996-10-17,1.2503716945648193,10.5,10.5,10.4375,10.4375,64200
1996-10-18,1.2503716945648193,10.5,10.5,10.4375,10.5,28000
1996-10-21,1.235486388206482,10.375,10.5,10.3125,10.4375,221800
1996-10-22,1.242929458618164,10.4375,10.5,10.375,10.375,74600
1996-10-23,1.242929458618164,10.4375,10.5,10.375,10.4375,119400
1996-10-24,1.242929458618164,10.4375,10.5,10.4375,10.5,49000
1996-10-25,1.242929458618164,10.4375,10.5,10.4375,10.5,32800
1996-10-28,1.2503716945648193,10.5,10.5,10.4375,10.5,43400
1996-10-29,1.242929458618164,10.4375,10.5,10.4375,10.5,45000
1996-10-30,1.242929458618164,10.4375,10.5,10.4375,10.5,23200
1996-10-31,1.242929458618164,10.4375,10.5,10.4375,10.4375,18200
1996-11-01,1.242929458618164,10.4375,10.5,10.4375,10.4375,24800
1996-11-04,1.2503716945648193,10.5,10.5,10.4375,10.4375,27600
1996-11-05,1.242929458618164,10.4375,10.5,10.4375,10.5,40200
1996-11-06,1.242929458618164,10.4375,10.5,10.4375,10.4375,24600
1996-11-07,1.235486388206482,10.375,10.4375,10.375,10.4375,24000
1996-11-08,1.235486388206482,10.375,10.5,10.375,10.375,49400
1996-11-11,1.242929458618164,10.4375,10.5,10.4375,10.4375,97800
1996-11-12,1.242929458618164,10.4375,10.5,10.4375,10.4375,77800
1996-11-13,1.242929458618164,10.4375,10.5,10.4375,10.4375,62200
1996-11-14,1.2503716945648193,10.5,10.5625,10.4375,10.4375,50200
1996-11-15,1.2503716945648193,10.5,10.5625,10.5,10.5,33800
1996-11-18,1.2503716945648193,10.5,10.5625,10.5,10.5,40800
1996-11-19,1.2578147649765015,10.5625,10.5625,10.5,10.5,79600
1996-11-20,1.2578147649765015,10.5625,10.625,10.5,10.5,59000
1996-11-21,1.2578147649765015,10.5625,10.625,10.5,10.5625,58600
1996-11-22,1.2652571201324463,10.625,10.625,10.5625,10.625,109400
1996-11-25,1.2652571201324463,10.625,10.625,10.5625,10.5625,58600
1996-11-26,1.2578147649765015,10.5625,10.625,10.5625,10.5625,102000
1996-11-27,1.2503716945648193,10.5,10.5625,10.5,10.5625,69600
1996-11-29,1.2503716945648193,10.5,10.5625,10.4375,10.5625,29400
1996-12-02,1.2280434370040894,10.3125,10.5,10.3125,10.5,43400
1996-12-03,1.220601201057434,10.25,10.375,10.1875,10.375,90400
1996-12-04,1.220601201057434,10.25,10.3125,10.1875,10.25,74000
1996-12-05,1.220601201057434,10.25,10.3125,10.1875,10.25,31600
1996-12-06,1.205715298652649,10.125,10.1875,9.9375,10.0625,123800
1996-12-09,1.2131586074829102,10.1875,10.3125,10.1875,10.1875,29200
1996-12-10,1.2263188362121582,10.25,10.3125,10.1875,10.25,33000
1996-12-11,1.211363434791565,10.125,10.125,10.0,10.0625,37800
1996-12-12,1.211363434791565,10.125,10.25,10.125,10.125,141000
1996-12-13,1.2038861513137817,10.0625,10.1875,10.0625,10.125,20400
1996-12-16,1.211363434791565,10.125,10.1875,10.0625,10.125,68400
1996-12-17,1.218841552734375,10.1875,10.25,10.0625,10.0625,92000
1996-12-18,1.226667046546936,9.875,9.9375,9.8125,9.875,52200
1996-12-19,1.2189037799835205,9.8125,9.875,9.8125,9.875,154000
1996-12-20,1.226667046546936,9.875,10.0625,9.8125,9.875,88000
1996-12-23,1.2111397981643677,9.75,9.875,9.75,9.875,92600
1996-12-24,1.2111397981643677,9.75,9.875,9.75,9.8125,33400
1996-12-26,1.2111397981643677,9.75,9.8125,9.75,9.75,43400
1996-12-27,1.226667046546936,9.875,9.9375,9.75,9.8125,84600
1996-12-30,1.2421942949295044,10.0,10.0,9.8125,9.8125,108600
1996-12-31,1.2344306707382202,9.9375,10.25,9.9375,10.1875,128200
1997-01-02,1.226667046546936,9.875,10.0,9.8125,10.0,75800
1997-01-03,1.226667046546936,9.875,10.0625,9.8125,9.875,80000
1997-01-06,1.2421942949295044,10.0,10.0625,9.9375,9.9375,61200
1997-01-07,1.2344306707382202,9.9375,10.0,9.9375,10.0,75400
1997-01-08,1.2421942949295044,10.0,10.0625,10.0,10.0,36200
1997-01-09,1.2499582767486572,10.0625,10.0625,10.0,10.0,59400
1997-01-10,1.2421942949295044,10.0,10.0,9.9375,9.9375,64400
1997-01-13,1.2344306707382202,9.9375,10.0625,9.9375,10.0,179000
1997-01-14,1.2344306707382202,9.9375,10.0,9.9375,9.9375,52600
1997-01-15,1.2344306707382202,9.9375,10.0,9.875,10.0,97800
1997-01-16,1.2344306707382202,9.9375,10.0,9.9375,9.9375,32000
1997-01-17,1.226667046546936,9.875,10.0,9.8125,10.0,83000
1997-01-20,1.226667046546936,9.875,10.0,9.8125,10.0,65400
1997-01-21,1.226667046546936,9.875,9.875,9.8125,9.8125,17600
1997-01-22,1.226667046546936,9.875,9.9375,9.875,9.9375,83200
1997-01-23,1.226667046546936,9.875,10.0,9.875,9.9375,87400
1997-01-24,1.2344306707382202,9.9375,9.9375,9.8125,9.8125,62800
1997-01-27,1.2189037799835205,9.8125,9.9375,9.8125,9.875,73400
1997-01-28,1.2189037799835205,9.8125,9.9375,9.8125,9.8125,64400
1997-01-29,1.2189037799835205,9.8125,9.9375,9.8125,9.8125,101800
1997-01-30,1.226667046546936,9.875,9.9375,9.875,9.875,23000
1997-01-31,1.2421942949295044,10.0,10.0,9.9375,9.9375,108000
1997-02-03,1.226667046546936,9.875,9.9375,9.875,9.9375,45000
1997-02-04,1.226667046546936,9.875,9.9375,9.8125,9.875,101800
1997-02-05,1.2189037799835205,9.8125,10.0,9.8125,9.9375,100200
1997-02-06,1.226667046546936,9.875,9.9375,9.8125,9.8125,63400
1997-02-07,1.2421942949295044,10.0,10.0,9.9375,9.9375,64200
1997-02-10,1.2499582767486572,10.0625,10.0625,10.0,10.0,68600
1997-02-11,1.2577219009399414,10.125,10.125,10.0625,10.0625,52600
1997-02-12,1.2499582767486572,10.0625,10.1875,10.0625,10.0625,69800
1997-02-13,1.2577219009399414,10.125,10.125,10.0625,10.0625,49800
1997-02-14,1.2654856443405151,10.1875,10.1875,10.125,10.125,63400
1997-02-18,1.2577219009399414,10.125,10.1875,10.125,10.125,108800
1997-02-19,1.2577219009399414,10.125,10.25,10.125,10.125,131600
1997-02-20,1.2577219009399414,10.125,10.25,10.125,10.125,78800
1997-02-21,1.2732495069503784,10.25,10.3125,10.125,10.1875,94400
1997-02-24,1.2732495069503784,10.25,10.3125,10.25,10.25,121600
1997-02-25,1.2810128927230835,10.3125,10.3125,10.25,10.25,90000
1997-02-26,1.2810128927230835,10.3125,10.375,10.3125,10.3125,144200
1997-02-27,1.2887765169143677,10.375,10.4375,10.3125,10.3125,88200
1997-02-28,1.2732495069503784,10.25,10.375,10.25,10.375,59400
1997-03-03,1.2810128927230835,10.3125,10.3125,10.25,10.3125,12400
1997-03-04,1.2654856443405151,10.1875,10.3125,10.125,10.3125,126800
1997-03-05,1.2732495069503784,10.25,10.375,10.25,10.25,86400
1997-03-06,1.3043043613433838,10.5,10.5625,10.25,10.25,252200
1997-03-07,1.3120678663253784,10.5625,10.625,10.4375,10.4375,70000
1997-03-10,1.3431233167648315,10.8125,10.8125,10.6875,10.6875,103600
1997-03-11,1.3431233167648315,10.8125,10.875,10.75,10.75,83800
1997-03-12,1.3353593349456787,10.75,10.875,10.75,10.875,40000
1997-03-13,1.3198317289352417,10.625,10.75,10.625,10.75,63200
1997-03-14,1.3198317289352417,10.625,10.6875,10.625,10.625,24000
1997-03-17,1.3198317289352417,10.625,10.6875,10.5625,10.6875,63200
1997-03-18,1.3198317289352417,10.625,10.625,10.5,10.5,31200
1997-03-19,1.3043043613433838,10.5,10.625,10.4375,10.625,33800
1997-03-20,1.2810128927230835,10.3125,10.5,10.3125,10.5,82000
1997-03-21,1.2887765169143677,10.375,10.5,10.375,10.375,22400
1997-03-24,1.2810128927230835,10.3125,10.375,10.25,10.375,100400
1997-03-25,1.2887765169143677,10.375,10.4375,10.3125,10.3125,34800
1997-03-26,1.3043043613433838,10.5,10.5,10.375,10.5,45200
1997-03-27,1.3198317289352417,10.625,10.625,10.4375,10.5625,173800
1997-03-31,1.2810128927230835,10.3125,10.5625,10.25,10.5625,72000
1997-04-01,1.2732495069503784,10.25,10.3125,10.1875,10.1875,58000
1997-04-02,1.266721487045288,10.1875,10.25,10.1875,10.25,34400
1997-04-03,1.2511792182922363,10.0625,10.1875,10.0625,10.125,54600
1997-04-04,1.274492621421814,10.25,10.25,10.0625,10.0625,35200
1997-04-07,1.3055776357650757,10.5,10.5,10.3125,10.3125,90000
1997-04-08,1.3055776357650757,10.5,10.5625,10.4375,10.4375,118400
1997-04-09,1.3055776357650757,10.5,10.625,10.5,10.5,152200
1997-04-10,1.2978070974349976,10.4375,10.5625,10.4375,10.5,20400
1997-04-11,1.3055776357650757,10.5,10.5,10.4375,10.4375,10600
1997-04-14,1.290035367012024,10.375,10.4375,10.375,10.4375,35800
1997-04-15,1.2978070974349976,10.4375,10.5,10.375,10.4375,18800
1997-04-16,1.2978070974349976,10.4375,10.5,10.375,10.4375,29200
1997-04-17,1.3055776357650757,10.5,10.5625,10.375,10.4375,42400
1997-04-18,1.3211203813552856,10.625,10.625,10.5,10.5,32600
1997-04-21,1.3288921117782593,10.6875,10.6875,10.625,10.6875,97000
1997-04-22,1.3288921117782593,10.6875,10.75,10.625,10.625,60200
1997-04-23,1.3211203813552856,10.625,10.6875,10.625,10.6875,32600
1997-04-24,1.3366631269454956,10.75,10.8125,10.6875,10.6875,47200
1997-04-25,1.3288921117782593,10.6875,10.6875,10.625,10.6875,51600
1997-04-28,1.3288921117782593,10.6875,10.6875,10.625,10.6875,105800
1997-04-29,1.3522059917449951,10.875,10.9375,10.75,10.75,33800
1997-04-30,1.3522059917449951,10.875,10.9375,10.875,10.9375,42600
1997-05-01,1.3444348573684692,10.8125,10.9375,10.8125,10.875,20200
1997-05-02,1.3599773645401,10.9375,11.0,10.875,10.875,43800
1997-05-05,1.383290410041809,11.125,11.125,11.0,11.0,88600
1997-05-06,1.375519871711731,11.0625,11.1875,11.0625,11.0625,102600
1997-05-07,1.375519871711731,11.0625,11.25,11.0625,11.125,105400
1997-05-08,1.3988333940505981,11.25,11.3125,11.0625,11.0625,109600
1997-05-09,1.414375901222229,11.375,11.375,11.3125,11.3125,39400
1997-05-12,1.4221471548080444,11.4375,11.5,11.375,11.375,139400
1997-05-13,1.4221471548080444,11.4375,11.4375,11.375,11.375,72600
1997-05-14,1.4299182891845703,11.5,11.5,11.375,11.5,61000
1997-05-15,1.4376901388168335,11.5625,11.5625,11.4375,11.4375,90400
1997-05-16,1.4299182891845703,11.5,11.5625,11.5,11.5,59800
1997-05-19,1.4454611539840698,11.625,11.6875,11.5625,11.5625,40200
1997-05-20,1.453232765197754,11.6875,11.6875,11.5625,11.5625,44800
1997-05-21,1.4610036611557007,11.75,11.8125,11.75,11.75,70400
1997-05-22,1.468775749206543,11.8125,11.875,11.75,11.8125,25600
1997-05-23,1.468775749206543,11.8125,11.875,11.8125,11.875,36800
1997-05-27,1.4920892715454102,12.0,12.0625,11.9375,12.0,132000
1997-05-28,1.4765467643737793,11.875,12.0,11.875,11.9375,84800
1997-05-29,1.484317660331726,11.9375,11.9375,11.875,11.9375,43400
1997-05-30,1.4765467643737793,11.875,11.875,11.8125,11.875,20000
1997-06-02,1.4610036611557007,11.75,11.875,11.75,11.875,55600
1997-06-03,1.4765467643737793,11.875,11.875,11.75,11.75,18400
1997-06-04,1.484317660331726,11.9375,11.9375,11.8125,11.875,29000
1997-06-05,1.484317660331726,11.9375,11.9375,11.875,11.9375,29200
1997-06-06,1.4920892715454102,12.0,12.0625,11.9375,11.9375,78200
1997-06-09,1.5076318979263306,12.125,12.25,12.0625,12.0625,132000
1997-06-10,1.5154030323028564,12.1875,12.1875,12.125,12.125,23200
1997-06-11,1.4998607635498047,12.0625,12.125,12.0625,12.125,16400
1997-06-12,1.5154030323028564,12.1875,12.1875,12.125,12.125,109600
1997-06-13,1.5154030323028564,12.1875,12.1875,12.125,12.125,31600
1997-06-16,1.5154030323028564,12.1875,12.25,12.1875,12.25,67400
1997-06-17,1.5076318979263306,12.125,12.1875,12.125,12.1875,119600
1997-06-18,1.5076318979263306,12.125,12.1875,12.125,12.125,42000
1997-06-19,1.546487808227539,12.4375,12.4375,12.25,12.25,52400
1997-06-20,1.546487808227539,12.4375,12.4375,12.3125,12.3125,31000
1997-06-23,1.5542594194412231,12.5,12.625,12.375,12.375,160800
1997-06-24,1.577573537826538,12.6875,12.6875,12.5,12.5,43800
1997-06-25,1.5853445529937744,12.75,12.8125,12.6875,12.75,158200
1997-06-26,1.5814589262008667,12.71875,12.8125,12.71875,12.8125,17800
1997-06-27,1.5853445529937744,12.75,12.8125,12.65625,12.75,103600
1997-06-30,1.5931161642074585,12.8125,12.8125,12.6875,12.6875,73200
1997-07-01,1.6008871793746948,12.875,12.875,12.75,12.8125,23800
1997-07-02,1.5970016717910767,12.84375,12.875,12.8125,12.875,53400
1997-07-03,1.6319721937179565,13.125,13.125,12.9375,12.9375,33200
1997-07-07,1.6319721937179565,13.125,13.1875,13.125,13.125,56600
1997-07-08,1.6436288356781006,13.21875,13.21875,13.125,13.125,43800
1997-07-09,1.6475156545639038,13.25,13.34375,13.25,13.28125,64000
1997-07-10,1.6436288356781006,13.21875,13.21875,13.125,13.15625,35000
1997-07-11,1.628086805343628,13.09375,13.15625,13.09375,13.15625,15400
1997-07-14,1.6397440433502197,13.1875,13.1875,13.09375,13.15625,46400
1997-07-15,1.6242009401321411,13.0625,13.15625,13.03125,13.125,112800
1997-07-16,1.6242009401321411,13.0625,13.09375,12.96875,13.09375,42200
1997-07-17,1.6125444173812866,12.96875,13.125,12.875,13.125,43000
1997-07-18,1.5814589262008667,12.71875,12.9375,12.65625,12.9375,62200
1997-07-21,1.5581451654434204,12.53125,12.6875,12.53125,12.6875,130400
1997-07-22,1.5698020458221436,12.625,12.75,12.5,12.5625,57400
1997-07-23,1.577573537826538,12.6875,12.6875,12.625,12.6875,131400
1997-07-24,1.5581451654434204,12.53125,12.71875,12.46875,12.71875,129400
1997-07-25,1.5620306730270386,12.5625,12.59375,12.53125,12.5625,35600
1997-07-28,1.5659167766571045,12.59375,12.65625,12.5,12.5,90000
1997-07-29,1.5503740310668945,12.46875,12.5,12.4375,12.5,41400
1997-07-30,1.5659167766571045,12.59375,12.59375,12.46875,12.46875,57200
1997-07-31,1.577573537826538,12.6875,12.6875,12.53125,12.5625,103000
1997-08-01,1.5698020458221436,12.625,12.6875,12.5625,12.65625,25800
1997-08-04,1.5503740310668945,12.46875,12.625,12.46875,12.625,39800
1997-08-05,1.5387166738510132,12.375,12.46875,12.375,12.4375,29400
1997-08-06,1.5503740310668945,12.46875,12.46875,12.25,12.40625,76600
1997-08-07,1.5542594194412231,12.5,12.5625,12.5,12.53125,60600
1997-08-08,1.5426025390625,12.40625,12.5,12.375,12.5,29800
1997-08-11,1.5503740310668945,12.46875,12.53125,12.4375,12.4375,48000
1997-08-12,1.546487808227539,12.4375,12.46875,12.375,12.375,41200
1997-08-13,1.5387166738510132,12.375,12.46875,12.375,12.4375,22800
1997-08-14,1.5270602703094482,12.28125,12.375,12.25,12.375,39600
1997-08-15,1.5115176439285278,12.15625,12.25,12.15625,12.25,46600
1997-08-18,1.4610036611557007,11.75,12.03125,11.5625,12.03125,94200
1997-08-19,1.4920892715454102,12.0,12.03125,11.84375,11.84375,36200
1997-08-20,1.4998607635498047,12.0625,12.15625,12.0,12.09375,32800
1997-08-21,1.4920892715454102,12.0,12.0625,12.0,12.0625,30000
1997-08-22,1.480432391166687,11.90625,11.90625,11.75,11.84375,70400
1997-08-25,1.4998607635498047,12.0625,12.0625,11.875,11.875,23000
1997-08-26,1.488203763961792,11.96875,12.0,11.90625,11.9375,20000
1997-08-27,1.484317660331726,11.9375,12.0,11.84375,12.0,18000
1997-08-28,1.4610036611557007,11.75,11.875,11.65625,11.875,29200
1997-08-29,1.4571183919906616,11.71875,11.9375,11.6875,11.8125,14800
1997-09-02,1.484317660331726,11.9375,12.0,11.78125,11.90625,55200
1997-09-03,1.488203763961792,11.96875,12.0,11.90625,12.0,13600
1997-09-04,1.4765467643737793,11.875,11.9375,11.8125,11.9375,13400
1997-09-05,1.534830927848816,12.34375,12.40625,11.96875,11.96875,100000
1997-09-08,1.534830927848816,12.34375,12.375,12.3125,12.375,27200
1997-09-09,1.530945897102356,12.3125,12.40625,12.21875,12.40625,43600
1997-09-10,1.5076318979263306,12.125,12.1875,12.09375,12.1875,35200
1997-09-11,1.480432391166687,11.90625,12.0625,11.90625,12.0625,54000
1997-09-12,1.488203763961792,11.96875,12.0,11.84375,11.84375,16200
1997-09-15,1.4920892715454102,12.0,12.03125,11.9375,12.0,16000
1997-09-16,1.5192886590957642,12.21875,12.25,12.0,12.0,33800
1997-09-17,1.546487808227539,12.4375,12.4375,12.34375,12.34375,24200
1997-09-18,1.5542594194412231,12.5,12.5625,12.4375,12.4375,61400
1997-09-19,1.546487808227539,12.4375,12.5,12.375,12.4375,18600
1997-09-22,1.5620306730270386,12.5625,12.59375,12.53125,12.53125,35600
1997-09-23,1.5698020458221436,12.625,12.6875,12.59375,12.65625,38000
1997-09-24,1.5853445529937744,12.75,12.8125,12.65625,12.65625,60200
1997-09-25,1.577573537826538,12.6875,12.75,12.6875,12.6875,23000
1997-09-26,1.5970016717910767,12.84375,12.875,12.75,12.75,59800
1997-09-29,1.5931161642074585,12.8125,12.84375,12.78125,12.84375,26600
1997-09-30,1.5931161642074585,12.8125,12.84375,12.78125,12.84375,14400
1997-10-01,1.5970016717910767,12.84375,12.90625,12.8125,12.8125,26600
1997-10-02,1.6008871793746948,12.875,12.90625,12.84375,12.84375,14000
1997-10-03,1.6086585521697998,12.9375,13.0,12.9375,13.0,51200
1997-10-06,1.628086805343628,13.09375,13.125,13.03125,13.03125,41800
1997-10-07,1.6397440433502197,13.1875,13.25,13.0625,13.0625,76800
1997-10-08,1.6164299249649048,13.0,13.1875,13.0,13.15625,17800
1997-10-09,1.5931161642074585,12.8125,12.9375,12.8125,12.84375,32200
1997-10-10,1.6008871793746948,12.875,12.9375,12.8125,12.8125,12800
1997-10-13,1.6008871793746948,12.875,12.9375,12.8125,12.875,15400
1997-10-14,1.6008871793746948,12.875,12.9375,12.84375,12.9375,11600
1997-10-15,1.5931161642074585,12.8125,12.875,12.78125,12.8125,30400
1997-10-16,1.5931161642074585,12.8125,12.9375,12.8125,12.8125,25800
1997-10-17,1.5698020458221436,12.625,12.65625,12.5625,12.5625,21400
1997-10-20,1.5698020458221436,12.625,12.625,12.53125,12.5625,8200
1997-10-21,1.5892307758331299,12.78125,12.8125,12.65625,12.65625,18600
1997-10-22,1.5892307758331299,12.78125,12.90625,12.71875,12.78125,13200
1997-10-23,1.5426025390625,12.40625,12.59375,12.375,12.59375,50000
1997-10-24,1.5387166738510132,12.375,12.5,12.375,12.46875,20000
1997-10-27,1.4610036611557007,11.75,12.0625,11.75,12.0625,57200
1997-10-28,1.484317660331726,11.9375,12.03125,11.34375,11.5,144600
1997-10-29,1.5154030323028564,12.1875,12.3125,12.125,12.125,58000
1997-10-30,1.453232765197754,11.6875,12.0,11.6875,12.0,46000
1997-10-31,1.484317660331726,11.9375,11.96875,11.8125,11.8125,104000
1997-11-03,1.5426025390625,12.40625,12.40625,12.125,12.125,41600
1997-11-04,1.534830927848816,12.34375,12.375,12.3125,12.375,19800
1997-11-05,1.5542594194412231,12.5,12.5,12.375,12.375,23000
1997-11-06,1.5387166738510132,12.375,12.46875,12.375,12.46875,39000
1997-11-07,1.5037462711334229,12.09375,12.25,12.0625,12.25,76600
1997-11-10,1.5154030323028564,12.1875,12.34375,12.1875,12.34375,33200
1997-11-11,1.5231742858886719,12.25,12.375,12.21875,12.21875,66400
1997-11-12,1.480432391166687,11.90625,12.125,11.90625,12.125,39800
1997-11-13,1.480432391166687,11.90625,11.9375,11.84375,11.875,38000
1997-11-14,1.480432391166687,11.90625,11.9375,11.875,11.90625,78400
1997-11-17,1.5192886590957642,12.21875,12.21875,12.03125,12.03125,81000
1997-11-18,1.5231742858886719,12.25,12.34375,12.21875,12.28125,30800
1997-11-19,1.530945897102356,12.3125,12.3125,12.1875,12.1875,40800
1997-11-20,1.5542594194412231,12.5,12.5,12.3125,12.3125,52800
1997-11-21,1.5581451654434204,12.53125,12.59375,12.40625,12.5,33200
1997-11-24,1.5387166738510132,12.375,12.5,12.375,12.4375,61800
1997-11-25,1.5503740310668945,12.46875,12.46875,12.4375,12.46875,17000
1997-11-26,1.5620306730270386,12.5625,12.5625,12.4375,12.4375,31400
1997-11-28,1.5659167766571045,12.59375,12.6875,12.59375,12.625,14600
1997-12-01,1.5970016717910767,12.84375,12.875,12.65625,12.65625,42600
1997-12-02,1.6164299249649048,13.0,13.0625,12.78125,12.78125,77400
1997-12-03,1.6164299249649048,13.0,13.03125,12.96875,13.0,44800
1997-12-04,1.6125444173812866,12.96875,13.0625,12.96875,13.0625,43000
1997-12-05,1.6242009401321411,13.0625,13.125,13.0,13.0,33400
1997-12-08,1.6902568340301514,13.59375,13.75,13.53125,13.75,230800
1997-12-09,1.6824859380722046,13.53125,13.5625,13.375,13.375,123000
1997-12-10,1.6591722965240479,13.34375,13.46875,13.21875,13.4375,120600
1997-12-11,1.6475156545639038,13.25,13.25,13.0625,13.21875,71800
1997-12-12,1.655286192893982,13.3125,13.375,13.1875,13.1875,20000
1997-12-15,1.655286192893982,13.3125,13.3125,13.28125,13.3125,30600
1997-12-16,1.6254220008850098,13.0625,13.09375,13.0,13.0,27800
1997-12-17,1.6487540006637573,13.25,13.375,13.125,13.125,16400
1997-12-18,1.6487540006637573,13.25,13.375,13.25,13.25,43600
1997-12-19,1.6487540006637573,13.25,13.25,13.03125,13.125,71800
1997-12-22,1.6487540006637573,13.25,13.34375,13.125,13.1875,16200
1997-12-23,1.6293108463287354,13.09375,13.28125,13.09375,13.28125,26000
1997-12-24,1.6487540006637573,13.25,13.3125,13.09375,13.09375,19400
1997-12-26,1.6448644399642944,13.21875,13.25,13.21875,13.25,24400
1997-12-29,1.6915273666381836,13.59375,13.59375,13.25,13.25,64200
1997-12-30,1.687639594078064,13.5625,13.625,13.40625,13.5625,84000
1997-12-31,1.7070823907852173,13.71875,13.75,13.59375,13.65625,98200
1998-01-02,1.7187477350234985,13.8125,13.8125,13.625,13.65625,88400
1998-01-05,1.7187477350234985,13.8125,13.96875,13.75,13.8125,68200
1998-01-06,1.7109711170196533,13.75,13.8125,13.75,13.8125,43800
1998-01-07,1.6954165697097778,13.625,13.75,13.625,13.6875,18200
1998-01-08,1.6954165697097778,13.625,13.6875,13.5625,13.625,18000
1998-01-09,1.656530737876892,13.3125,13.625,13.21875,13.625,62400
1998-01-12,1.6409767866134644,13.1875,13.1875,13.0,13.0625,88400
1998-01-13,1.6409767866134644,13.1875,13.25,13.125,13.15625,21400
1998-01-14,1.6293108463287354,13.09375,13.25,13.0625,13.25,16000
1998-01-15,1.6293108463287354,13.09375,13.125,13.0625,13.125,18800
1998-01-16,1.6448644399642944,13.21875,13.25,13.125,13.15625,15000
1998-01-20,1.6720848083496094,13.4375,13.4375,13.25,13.25,33400
1998-01-21,1.656530737876892,13.3125,13.3125,13.1875,13.25,50400
1998-01-22,1.656530737876892,13.3125,13.375,13.25,13.3125,6600
1998-01-23,1.6720848083496094,13.4375,13.46875,13.34375,13.46875,30400
1998-01-26,1.7187477350234985,13.8125,13.84375,13.5,13.53125,112000
1998-01-27,1.7187477350234985,13.8125,13.84375,13.53125,13.6875,53800
1998-01-28,1.7226371765136719,13.84375,13.875,13.8125,13.8125,14400
1998-01-29,1.7265247106552124,13.875,14.0,13.84375,13.875,32000
1998-01-30,1.7381905317306519,13.96875,13.96875,13.875,13.875,19200
1998-02-02,1.8081855773925781,14.53125,14.625,14.21875,14.21875,117400
1998-02-03,1.7965189218521118,14.4375,14.5625,14.4375,14.53125,43400
1998-02-04,1.8004075288772583,14.46875,14.5625,14.375,14.375,47600
1998-02-05,1.8120731115341187,14.5625,14.625,14.5625,14.59375,25400
1998-02-06,1.8276278972625732,14.6875,14.875,14.625,14.625,26600
1998-02-09,1.8315154314041138,14.71875,14.75,14.71875,14.75,27000
1998-02-10,1.850959300994873,14.875,14.875,14.78125,14.78125,24000
1998-02-11,1.8587368726730347,14.9375,15.0,14.8125,14.9375,62800
1998-02-12,1.850959300994873,14.875,14.875,14.78125,14.875,18000
1998-02-13,1.8431825637817383,14.8125,14.96875,14.8125,14.84375,26200
1998-02-17,1.8665131330490112,15.0,15.0,14.8125,14.875,54000
1998-02-18,1.8665131330490112,15.0,15.0625,14.9375,14.9375,71400
1998-02-19,1.8781790733337402,15.09375,15.09375,14.90625,14.90625,23200
1998-02-20,1.905399203300476,15.3125,15.4375,15.125,15.125,55600
1998-02-23,1.9287312030792236,15.5,15.625,15.3125,15.4375,94000
1998-02-24,1.9248427152633667,15.46875,15.625,15.4375,15.625,184400
1998-02-25,1.9403965473175049,15.59375,15.6875,15.40625,15.40625,22800
1998-02-26,1.9170639514923096,15.40625,15.53125,15.375,15.5,48200
1998-02-27,1.9287312030792236,15.5,15.5625,15.5,15.5625,21600
1998-03-02,1.9559506177902222,15.71875,15.8125,15.5625,15.625,36600
1998-03-03,1.9559506177902222,15.71875,15.75,15.59375,15.71875,37400
1998-03-04,1.9403965473175049,15.59375,15.625,15.53125,15.625,11400
1998-03-05,1.9170639514923096,15.40625,15.5,15.40625,15.40625,56200
1998-03-06,1.9365077018737793,15.5625,15.5625,15.5,15.53125,102800
1998-03-09,1.905399203300476,15.3125,15.5,15.125,15.5,45200
1998-03-10,1.9287312030792236,15.5,15.53125,15.375,15.40625,9800
1998-03-11,1.9248427152633667,15.46875,15.5625,15.4375,15.5,15200
1998-03-12,1.9209542274475098,15.4375,15.625,15.34375,15.59375,46200
1998-03-13,1.932619333267212,15.53125,15.5625,15.46875,15.46875,25400
1998-03-16,1.9559506177902222,15.71875,15.71875,15.4375,15.53125,44000
1998-03-17,1.9520621299743652,15.6875,15.71875,15.59375,15.71875,24000
1998-03-18,1.932619333267212,15.53125,15.5625,15.375,15.5625,35000
1998-03-19,1.9365077018737793,15.5625,15.59375,15.5,15.53125,23000
1998-03-20,1.9520621299743652,15.6875,15.6875,15.5,15.59375,42800
1998-03-23,1.9365077018737793,15.5625,15.65625,15.53125,15.5625,54000
1998-03-24,1.9598393440246582,15.75,15.8125,15.65625,15.65625,84400
1998-03-25,1.9598393440246582,15.75,15.8125,15.75,15.78125,25200
1998-03-26,1.9481732845306396,15.65625,15.71875,15.53125,15.71875,35200
1998-03-27,1.9559506177902222,15.71875,15.8125,15.6875,15.75,66000
1998-03-30,1.9598393440246582,15.75,15.8125,15.6875,15.71875,48600
1998-03-31,1.971504807472229,15.84375,15.875,15.75,15.8125,36400
1998-04-01,1.9753940105438232,15.875,15.90625,15.84375,15.875,24000
1998-04-02,1.9909480810165405,16.0,16.03125,15.84375,15.9375,21400
1998-04-03,2.0103912353515625,16.15625,16.25,16.03125,16.03125,52800
1998-04-06,2.0298335552215576,16.3125,16.3125,16.1875,16.1875,26200
1998-04-07,2.018167734146118,16.21875,16.25,16.0625,16.25,62200
1998-04-08,1.9909480810165405,16.0,16.125,16.0,16.09375,32800
1998-04-09,2.002612829208374,16.09375,16.1875,16.09375,16.09375,16200
1998-04-13,2.0142788887023926,16.1875,16.1875,16.03125,16.03125,13800
1998-04-14,2.0687191486358643,16.625,16.625,16.125,16.125,63200
1998-04-15,2.0220556259155273,16.25,16.625,16.25,16.59375,161800
1998-04-16,1.9909480810165405,16.0,16.1875,16.0,16.1875,48600
1998-04-17,1.9870586395263672,15.96875,16.0,15.9375,15.9375,15000
1998-04-20,1.9792827367782593,15.90625,16.0,15.84375,15.875,17000
1998-04-21,1.9598393440246582,15.75,15.875,15.625,15.875,59600
1998-04-22,1.9442849159240723,15.625,15.78125,15.625,15.78125,41400
1998-04-23,1.9092882871627808,15.34375,15.59375,15.34375,15.59375,199800
1998-04-24,1.8937336206436157,15.21875,15.375,15.1875,15.25,209200
1998-04-27,1.8392934799194336,14.78125,15.0,14.71875,15.0,67000
1998-04-28,1.8704025745391846,15.03125,15.15625,15.03125,15.0625,98000
1998-04-29,1.8898452520370483,15.1875,15.28125,15.15625,15.15625,136800
1998-04-30,1.905399203300476,15.3125,15.40625,15.25,15.25,413400
1998-05-01,1.9248427152633667,15.46875,15.46875,15.375,15.375,59200
1998-05-04,1.9792827367782593,15.90625,16.03125,15.8125,15.84375,110400
1998-05-05,1.983170747756958,15.9375,15.96875,15.875,15.96875,34800
1998-05-06,1.9870586395263672,15.96875,16.0,15.9375,15.96875,6800
1998-05-07,1.9870586395263672,15.96875,16.0,15.78125,15.96875,51200
1998-05-08,1.9909480810165405,16.0,16.0,15.9375,15.96875,14000
1998-05-11,1.9987250566482544,16.0625,16.15625,16.0625,16.0625,89200
1998-05-12,1.9909480810165405,16.0,16.15625,16.0,16.15625,50400
1998-05-13,1.9870586395263672,15.96875,16.0625,15.9375,15.9375,27600
1998-05-14,1.983170747756958,15.9375,16.0,15.8125,16.0,56200
1998-05-15,1.9792827367782593,15.90625,16.0,15.84375,16.0,9600
1998-05-18,1.9598393440246582,15.75,15.8125,15.625,15.78125,98400
1998-05-19,1.983170747756958,15.9375,15.96875,15.875,15.875,47800
1998-05-20,1.9921979904174805,16.0,16.0,15.90625,15.96875,36200
1998-05-21,1.9960891008377075,16.03125,16.0625,16.0,16.0625,86400
1998-05-22,2.0038704872131348,16.09375,16.1875,16.09375,16.1875,33800
1998-05-26,2.0311081409454346,16.3125,16.40625,16.28125,16.3125,155800
1998-05-27,2.011653423309326,16.15625,16.1875,16.0,16.125,70600
1998-05-28,2.011653423309326,16.15625,16.25,16.125,16.15625,16600
1998-05-29,2.011653423309326,16.15625,16.28125,16.125,16.25,27000
1998-06-01,2.011653423309326,16.15625,16.21875,16.125,16.21875,36200
1998-06-02,2.0233254432678223,16.25,16.25,16.1875,16.1875,53400
1998-06-03,2.019435167312622,16.21875,16.3125,16.21875,16.25,37800
1998-06-04,2.0233254432678223,16.25,16.25,16.125,16.1875,23000
1998-06-05,2.0544543266296387,16.5,16.5,16.28125,16.28125,23800
1998-06-08,2.0466716289520264,16.4375,16.5,16.375,16.4375,14800
1998-06-09,2.0466716289520264,16.4375,16.5,16.34375,16.46875,26800
1998-06-10,2.0311081409454346,16.3125,16.3125,16.25,16.3125,27400
1998-06-11,1.9844154119491577,15.9375,16.21875,15.9375,16.21875,28400
1998-06-12,1.9532872438430786,15.6875,15.84375,15.5625,15.8125,128600
1998-06-15,1.8676854372024536,15.0,15.5,14.9375,15.5,74000
1998-06-16,1.914377212524414,15.375,15.375,15.125,15.125,91200
1998-06-17,1.9610698223114014,15.75,15.84375,15.5,15.5,50000
1998-06-18,1.9260507822036743,15.46875,15.65625,15.34375,15.65625,50000
1998-06-19,1.937723994255066,15.5625,15.625,15.53125,15.53125,28400
1998-06-22,1.9338325262069702,15.53125,15.59375,15.34375,15.5,68200
1998-06-23,1.9610698223114014,15.75,15.75,15.59375,15.59375,26000
1998-06-24,1.964961051940918,15.78125,15.84375,15.78125,15.8125,15400
1998-06-25,1.9921979904174805,16.0,16.125,15.90625,15.90625,54000
1998-06-26,1.9883065223693848,15.96875,16.09375,15.9375,16.03125,15200
1998-06-29,2.0038704872131348,16.09375,16.09375,16.0,16.0625,14800
1998-06-30,1.9921979904174805,16.0,16.03125,15.875,16.0,47400
1998-07-01,2.019435167312622,16.21875,16.21875,16.09375,16.09375,47800
1998-07-02,2.0155434608459473,16.1875,16.21875,16.1875,16.1875,21400
1998-07-06,2.0388903617858887,16.375,16.4375,16.28125,16.28125,20600
1998-07-07,2.0388903617858887,16.375,16.46875,16.375,16.46875,73800
1998-07-08,2.0544543266296387,16.5,16.5625,16.4375,16.4375,30600
1998-07-09,2.0311081409454346,16.3125,16.4375,16.3125,16.4375,20400
1998-07-10,2.034998893737793,16.34375,16.4375,16.25,16.34375,22200
1998-07-13,2.058345317840576,16.53125,16.53125,16.375,16.46875,107000
1998-07-14,2.0778002738952637,16.6875,16.75,16.625,16.65625,29400
1998-07-15,2.081690788269043,16.71875,16.75,16.65625,16.75,20200
1998-07-16,2.097255229949951,16.84375,16.84375,16.71875,16.71875,14800
1998-07-17,2.1167097091674805,17.0,17.0,16.90625,16.96875,20400
1998-07-20,2.1361656188964844,17.15625,17.28125,17.09375,17.125,45800
1998-07-21,2.1361656188964844,17.15625,17.3125,17.15625,17.25,72800
1998-07-22,2.1167097091674805,17.0,17.0625,17.0,17.0625,50400
1998-07-23,2.0778002738952637,16.6875,16.90625,16.6875,16.90625,47200
1998-07-24,2.0933644771575928,16.8125,16.84375,16.78125,16.8125,12600
1998-07-27,2.066127061843872,16.59375,16.71875,16.5,16.71875,62400
1998-07-28,2.073909282684326,16.65625,16.75,16.625,16.625,58800
1998-07-29,2.081690788269043,16.71875,16.78125,16.71875,16.71875,16600
1998-07-30,2.1089277267456055,16.9375,17.0,16.84375,16.84375,21400
1998-07-31,2.1089277267456055,16.9375,17.125,16.9375,17.0,19400
1998-08-03,2.0778002738952637,16.6875,16.8125,16.5625,16.8125,54000
1998-08-04,2.0311081409454346,16.3125,16.8125,16.25,16.8125,58200
1998-08-05,2.034998893737793,16.34375,16.375,16.1875,16.3125,53800
1998-08-06,2.019435167312622,16.21875,16.28125,16.125,16.21875,42600
1998-08-07,2.0388903617858887,16.375,16.5,16.28125,16.28125,31200
1998-08-10,1.9844154119491577,15.9375,16.21875,15.9375,16.21875,55200
1998-08-11,1.914377212524414,15.375,15.71875,15.25,15.71875,79400
1998-08-12,1.9532872438430786,15.6875,15.75,15.53125,15.53125,59800
1998-08-13,1.937723994255066,15.5625,15.6875,15.53125,15.625,42000
1998-08-14,1.9455057382583618,15.625,15.84375,15.625,15.6875,34800
1998-08-17,1.9532872438430786,15.6875,15.71875,15.625,15.71875,42800
1998-08-18,1.9805251359939575,15.90625,15.9375,15.8125,15.8125,24400
1998-08-19,1.9766340255737305,15.875,16.03125,15.71875,16.03125,32400
1998-08-20,1.9455057382583618,15.625,15.8125,15.625,15.625,49000
1998-08-21,1.8676854372024536,15.0,15.4375,14.75,15.4375,62400
1998-08-24,1.8676854372024536,15.0,15.0625,14.84375,14.84375,74200
1998-08-25,1.8754674196243286,15.0625,15.21875,15.0625,15.0625,40000
1998-08-26,1.8171019554138184,14.59375,14.96875,14.53125,14.96875,61000
1998-08-27,1.71982741355896,13.8125,14.3125,13.8125,14.28125,105200
1998-08-28,1.692590355873108,13.59375,13.9375,13.59375,13.875,85200
1998-08-31,1.6692442893981934,13.40625,13.875,13.375,13.625,181800
1998-09-01,1.6964809894561768,13.625,13.65625,13.375,13.375,129800
1998-09-02,1.7665189504623413,14.1875,14.375,13.78125,13.78125,136400
1998-09-03,1.7314997911453247,13.90625,14.0625,13.875,13.9375,82800
1998-09-04,1.7353907823562622,13.9375,14.125,13.9375,13.9375,106400
1998-09-08,1.828775405883789,14.6875,14.78125,14.6875,14.6875,73200
1998-09-09,1.782083511352539,14.3125,14.59375,14.3125,14.59375,57400
1998-09-10,1.7276091575622559,13.875,14.1875,13.875,14.1875,55800
1998-09-11,1.7470647096633911,14.03125,14.03125,13.75,13.75,57600
1998-09-14,1.8054285049438477,14.5,14.5,14.09375,14.09375,49800
1998-09-15,1.7937564849853516,14.40625,14.40625,14.28125,14.375,70200
1998-09-16,1.828775405883789,14.6875,14.6875,14.5,14.53125,37600
1998-09-17,1.7704102993011475,14.21875,14.375,14.21875,14.375,52800
1998-09-18,1.782083511352539,14.3125,14.3125,14.21875,14.21875,123000
1998-09-21,1.7665189504623413,14.1875,14.4375,14.09375,14.4375,75200
1998-09-22,1.7392821311950684,13.96875,14.25,13.9375,14.25,70200
1998-09-23,1.7976466417312622,14.4375,14.4375,14.1875,14.1875,52600
1998-09-24,1.7353907823562622,13.9375,14.375,13.90625,14.375,62000
1998-09-25,1.7276091575622559,13.875,13.875,13.625,13.8125,87400
1998-09-28,1.7431728839874268,14.0,14.125,13.84375,13.84375,122200
1998-09-29,1.7314997911453247,13.90625,13.9375,13.78125,13.9375,71000
1998-09-30,1.7042630910873413,13.6875,13.875,13.6875,13.875,25200
1998-10-01,1.6147699356079102,12.96875,13.3125,12.9375,13.3125,89400
1998-10-02,1.5369486808776855,12.34375,12.40625,12.15625,12.3125,223400
1998-10-05,1.5097129344940186,12.125,12.3125,12.09375,12.28125,73200
1998-10-06,1.5486218929290771,12.4375,12.53125,12.375,12.5,184000
1998-10-07,1.560295581817627,12.53125,12.625,12.3125,12.375,65200
1998-10-08,1.5213855504989624,12.21875,12.34375,12.15625,12.34375,106000
1998-10-09,1.5564044713974,12.5,12.5,12.3125,12.375,24200
1998-10-12,1.603096604347229,12.875,12.96875,12.75,12.75,137200
1998-10-13,1.622551679611206,13.03125,13.09375,13.0,13.0,55200
1998-10-14,1.657570719718933,13.3125,13.34375,13.0625,13.09375,74200
1998-10-15,1.7781927585601807,14.28125,14.28125,13.34375,13.34375,68000
1998-10-16,1.7509549856185913,14.0625,14.5625,13.9375,14.3125,39300
1998-10-19,1.7431728839874268,14.0,14.125,13.625,13.9375,97300
1998-10-20,1.7509549856185913,14.0625,14.4375,14.0625,14.125,147100
1998-10-21,1.7431728839874268,14.0,14.125,14.0,14.0625,46300
1998-10-22,1.758737325668335,14.125,14.25,14.125,14.1875,56200
1998-10-23,1.7509549856185913,14.0625,14.1875,14.0625,14.1875,50900
1998-10-26,1.7665189504623413,14.1875,14.1875,14.125,14.1875,31600
1998-10-27,1.7898653745651245,14.375,14.375,14.1875,14.25,161800
1998-10-28,1.782083511352539,14.3125,14.375,14.1875,14.3125,25100
1998-10-29,1.8209935426712036,14.625,14.625,14.375,14.375,57500
1998-10-30,1.859903335571289,14.9375,15.25,14.75,14.75,51300
1998-11-02,1.9455057382583618,15.625,15.625,15.125,15.125,34000
1998-11-03,1.929942011833191,15.5,15.8125,15.4375,15.8125,36100
1998-11-04,1.929942011833191,15.5,15.6875,15.5,15.625,71800
1998-11-05,1.937723994255066,15.5625,15.5625,15.25,15.375,36100
1998-11-06,1.929942011833191,15.5,15.5625,15.375,15.375,46100
1998-11-09,1.914377212524414,15.375,15.625,15.25,15.625,18400
1998-11-10,1.8910318613052368,15.1875,15.25,15.125,15.125,35800
1998-11-11,1.8988128900527954,15.25,15.3125,15.125,15.3125,16300
1998-11-12,1.922160029411316,15.4375,15.625,15.3125,15.3125,37400
1998-11-13,1.9455057382583618,15.625,15.6875,15.4375,15.6875,20400
1998-11-16,1.9610698223114014,15.75,15.8125,15.5625,15.5625,17500
1998-11-17,1.9921979904174805,16.0,16.125,15.625,15.875,12000
1998-11-18,1.9844154119491577,15.9375,16.0,15.875,15.9375,8400
1998-11-19,1.9999799728393555,16.0625,16.0625,15.9375,16.0625,22900
1998-11-20,2.0077624320983887,16.125,16.25,16.0625,16.125,41400
1998-11-23,2.0466716289520264,16.4375,16.5,16.25,16.25,34600
1998-11-24,2.0077624320983887,16.125,16.3125,16.0625,16.3125,16500
1998-11-25,1.9766340255737305,15.875,16.1875,15.875,16.1875,21000
1998-11-27,2.0311081409454346,16.3125,16.3125,16.0,16.125,61900
1998-11-30,1.9921979904174805,16.0,16.3125,16.0,16.3125,17200
1998-12-01,1.9532872438430786,15.6875,15.75,15.5,15.75,20800
1998-12-02,1.929942011833191,15.5,15.5625,15.25,15.5625,47500
1998-12-03,1.9455057382583618,15.625,15.75,15.5625,15.6875,29200
1998-12-04,1.9766340255737305,15.875,15.875,15.6875,15.8125,14100
1998-12-07,1.9610698223114014,15.75,16.0,15.6875,16.0,23400
1998-12-08,1.9610698223114014,15.75,15.875,15.75,15.875,8300
1998-12-09,1.968852162361145,15.8125,16.0,15.6875,15.875,8700
1998-12-10,1.9455057382583618,15.625,15.875,15.625,15.875,11100
1998-12-11,1.9455057382583618,15.625,15.625,15.5,15.5625,15500
1998-12-14,1.906595230102539,15.3125,15.625,15.3125,15.5625,8500
1998-12-15,1.9610698223114014,15.75,15.8125,15.5,15.5,26700
1998-12-16,1.8994163274765015,15.25,15.3125,15.0625,15.0625,52600
1998-12-17,1.9383394718170166,15.5625,15.5625,15.3125,15.3125,24600
1998-12-18,1.8994163274765015,15.25,15.375,15.0625,15.3125,36900
1998-12-21,1.9461236000061035,15.625,15.8125,15.4375,15.4375,37100
1998-12-22,1.9383394718170166,15.5625,15.5625,15.25,15.4375,35600
1998-12-23,1.9461236000061035,15.625,15.75,15.5,15.5,88900
1998-12-24,1.9616918563842773,15.75,15.8125,15.625,15.8125,16800
1998-12-28,1.9772615432739258,15.875,16.0,15.625,15.625,43900
1998-12-29,2.008399724960327,16.125,16.25,15.875,15.9375,39900
1998-12-30,2.000615358352661,16.0625,16.1875,16.0,16.125,42900
1998-12-31,1.9928306341171265,16.0,16.4375,16.0,16.4375,67700
1999-01-04,2.0551064014434814,16.5,16.5625,16.125,16.125,43500
1999-01-05,2.1173818111419678,17.0,17.0625,16.5,16.5,19800
1999-01-06,2.1407363414764404,17.1875,17.375,16.9375,17.0,116600
1999-01-07,2.0706756114959717,16.625,16.9375,16.5,16.9375,43800
1999-01-08,2.0784597396850586,16.6875,16.875,16.625,16.6875,30700
1999-01-11,2.016184091567993,16.1875,16.5,16.1875,16.5,26300
1999-01-12,1.9850459098815918,15.9375,16.125,15.75,16.125,32200
1999-01-13,1.9227696657180786,15.4375,15.6875,15.375,15.5,34700
1999-01-14,1.9305548667907715,15.5,15.625,15.4375,15.5625,45200
1999-01-15,1.9772615432739258,15.875,16.0,15.5,15.625,32200
1999-01-19,1.9616918563842773,15.75,16.0,15.5,15.625,39700
1999-01-20,1.9539079666137695,15.6875,15.875,15.5625,15.875,30400
1999-01-21,1.8994163274765015,15.25,15.625,15.1875,15.625,25600
1999-01-22,1.8994163274765015,15.25,15.375,15.0,15.0,42100
1999-01-25,1.9149858951568604,15.375,15.4375,15.3125,15.3125,10600
1999-01-26,1.9305548667907715,15.5,15.5625,15.3125,15.375,29000
1999-01-27,1.8994163274765015,15.25,15.4375,15.25,15.4375,23900
1999-01-28,1.9461236000061035,15.625,15.625,15.4375,15.4375,48200
1999-01-29,1.9149858951568604,15.375,15.5,15.375,15.5,19500
1999-02-01,1.9072004556655884,15.3125,15.625,15.3125,15.5,21200
1999-02-02,1.8838472366333008,15.125,15.25,15.0625,15.25,25900
1999-02-03,1.8994163274765015,15.25,15.375,15.1875,15.1875,16400
1999-02-04,1.8994163274765015,15.25,15.375,15.0625,15.125,47300
1999-02-05,1.9461236000061035,15.625,15.75,15.0625,15.0625,22600
1999-02-08,1.8994163274765015,15.25,15.25,15.0625,15.0625,27600
1999-02-09,1.8682782649993896,15.0,15.25,15.0,15.25,44800
1999-02-10,1.8527097702026367,14.875,15.0,14.625,15.0,20200
1999-02-11,1.8402332067489624,14.75,14.9375,14.625,14.75,15600
1999-02-12,1.8246381282806396,14.625,14.75,14.625,14.75,7900
1999-02-16,1.8090424537658691,14.5,14.875,14.5,14.5,20300
1999-02-17,1.8246381282806396,14.625,14.875,14.5625,14.5625,19100
1999-02-18,1.8324352502822876,14.6875,14.75,14.5625,14.5625,14700
1999-02-19,1.8090424537658691,14.5,14.6875,14.5,14.5625,20300
1999-02-22,1.8558293581008911,14.875,14.875,14.625,14.625,25800
1999-02-23,1.8246381282806396,14.625,14.9375,14.5,14.9375,26300
1999-02-24,1.8402332067489624,14.75,14.9375,14.75,14.8125,55300
1999-02-25,1.8324352502822876,14.6875,14.8125,14.625,14.75,11600
1999-02-26,1.8324352502822876,14.6875,14.8125,14.6875,14.75,4500
1999-03-01,1.8012447357177734,14.4375,14.6875,14.3125,14.6875,9800
1999-03-02,1.7622575759887695,14.125,14.5625,14.125,14.5625,46500
1999-03-03,1.7778526544570923,14.25,14.4375,14.25,14.25,23400
1999-03-04,1.8090424537658691,14.5,14.5,14.375,14.375,15900
1999-03-05,1.8324352502822876,14.6875,14.6875,14.5625,14.5625,36800
1999-03-08,1.8246381282806396,14.625,14.75,14.5625,14.6875,20300
1999-03-09,1.8558293581008911,14.875,14.875,14.625,14.625,22100
1999-03-10,1.8324352502822876,14.6875,14.875,14.5,14.875,56800
1999-03-11,1.871423602104187,15.0,15.0,14.75,14.8125,51100
1999-03-12,1.8246381282806396,14.625,15.0625,14.625,15.0625,49700
1999-03-15,1.8402332067489624,14.75,14.875,14.625,14.625,28400
1999-03-16,1.8324352502822876,14.6875,14.8125,14.6875,14.8125,25900
1999-03-17,1.8246381282806396,14.625,14.75,14.625,14.6875,20800
1999-03-18,1.8402332067489624,14.75,14.75,14.5,14.5625,47000
1999-03-19,1.8246381282806396,14.625,14.875,14.625,14.875,10100
1999-03-22,1.8246381282806396,14.625,14.75,14.625,14.625,39500
1999-03-23,1.7856500148773193,14.3125,14.6875,14.3125,14.5625,20100
1999-03-24,1.7622575759887695,14.125,14.375,14.125,14.3125,22800
1999-03-25,1.8090424537658691,14.5,14.5,14.1875,14.3125,50700
1999-03-26,1.7622575759887695,14.125,14.3125,14.0,14.3125,24600
1999-03-29,1.7778526544570923,14.25,14.3125,14.125,14.125,15900
1999-03-30,1.7466622591018677,14.0,14.1875,14.0,14.1875,25100
1999-03-31,1.7544595003128052,14.0625,14.1875,14.0625,14.1875,31100
1999-04-01,1.7778526544570923,14.25,14.3125,14.1875,14.1875,27100
1999-04-05,1.7466622591018677,14.0,14.1875,13.9375,13.9375,41700
1999-04-06,1.7700554132461548,14.1875,14.25,14.125,14.125,39200
1999-04-07,1.7778526544570923,14.25,14.3125,14.25,14.25,27600
1999-04-08,1.8246381282806396,14.625,14.6875,14.375,14.4375,42300
1999-04-09,1.8480311632156372,14.8125,14.875,14.5625,14.625,34600
1999-04-12,1.8246381282806396,14.625,14.6875,14.5,14.5625,52500
1999-04-13,1.8090424537658691,14.5,14.6875,14.4375,14.625,28900
1999-04-14,1.816840648651123,14.5625,14.625,14.375,14.625,43700
1999-04-15,1.7700554132461548,14.1875,14.4375,14.1875,14.4375,22800
1999-04-16,1.7700554132461548,14.1875,14.1875,14.0,14.125,22300
1999-04-19,1.7544595003128052,14.0625,14.1875,14.0625,14.0625,59800
1999-04-20,1.7232695817947388,13.8125,14.0625,13.75,13.9375,92500
1999-04-21,1.7310669422149658,13.875,14.0625,13.8125,13.875,88100
1999-04-22,1.7466622591018677,14.0,14.1875,14.0,14.0,42900
1999-04-23,1.7466622591018677,14.0,14.125,13.9375,14.0,43100
1999-04-26,1.7466622591018677,14.0,14.125,13.9375,14.0625,63800
1999-04-27,1.7700554132461548,14.1875,14.25,14.0625,14.1875,50100
1999-04-28,1.7700554132461548,14.1875,14.3125,14.125,14.1875,71500
1999-04-29,1.7466622591018677,14.0,14.125,14.0,14.125,28000
1999-04-30,1.7466622591018677,14.0,14.1875,14.0,14.0625,109700
1999-05-03,1.8090424537658691,14.5,14.5625,14.125,14.125,39500
1999-05-04,1.7856500148773193,14.3125,14.5,14.3125,14.5,42800
1999-05-05,1.7856500148773193,14.3125,14.375,14.3125,14.3125,21000
1999-05-06,1.7856500148773193,14.3125,14.375,14.3125,14.3125,13200
1999-05-07,1.793447494506836,14.375,14.5625,14.3125,14.3125,20500
1999-05-10,1.793447494506836,14.375,14.375,14.3125,14.3125,16800
1999-05-11,1.793447494506836,14.375,14.5,14.3125,14.375,25200
1999-05-12,1.7700554132461548,14.1875,14.3125,14.125,14.25,20700
1999-05-13,1.793447494506836,14.375,14.4375,14.1875,14.1875,21800
1999-05-14,1.7700554132461548,14.1875,14.375,14.1875,14.3125,41000
1999-05-17,1.7700554132461548,14.1875,14.1875,14.0,14.0625,59200
1999-05-18,1.7778526544570923,14.25,14.25,14.125,14.25,12500
1999-05-19,1.7778526544570923,14.25,14.25,14.25,14.25,16100
1999-05-20,1.7778526544570923,14.25,14.3125,14.25,14.3125,12800
1999-05-21,1.7700554132461548,14.1875,14.25,13.9375,13.9375,48400
1999-05-24,1.7700554132461548,14.1875,14.25,14.0625,14.0625,27200
1999-05-25,1.7544595003128052,14.0625,14.125,14.0,14.125,15500
1999-05-26,1.7466622591018677,14.0,14.0625,14.0,14.0625,71000
1999-05-27,1.7154719829559326,13.75,14.0,13.75,13.75,187500
1999-05-28,1.7232695817947388,13.8125,13.875,13.75,13.75,15800
1999-06-01,1.7310669422149658,13.875,13.9375,13.8125,13.8125,11500
1999-06-02,1.7388643026351929,13.9375,13.9375,13.8125,13.9375,20400
1999-06-03,1.7622575759887695,14.125,14.25,14.0,14.0,16500
1999-06-04,1.7856500148773193,14.3125,14.3125,14.0625,14.0625,21800
1999-06-07,1.7778526544570923,14.25,14.375,14.0,14.375,21400
1999-06-08,1.793447494506836,14.375,14.5,14.25,14.3125,32800
1999-06-09,1.7778526544570923,14.25,14.625,14.25,14.625,24900
1999-06-10,1.7544595003128052,14.0625,14.3125,14.0625,14.3125,28000
1999-06-11,1.7622575759887695,14.125,14.25,14.125,14.125,20400
1999-06-14,1.7622575759887695,14.125,14.1875,14.125,14.125,26500
1999-06-15,1.7544595003128052,14.0625,14.1875,14.0625,14.0625,14900
1999-06-16,1.7856500148773193,14.3125,14.375,14.125,14.25,16600
1999-06-17,1.7856500148773193,14.3125,14.3125,14.25,14.25,12300
1999-06-18,1.793447494506836,14.375,14.375,14.3125,14.3125,13900
1999-06-21,1.793447494506836,14.375,14.5,14.375,14.5,14300
1999-06-22,1.7700554132461548,14.1875,14.375,14.125,14.3125,15200
1999-06-23,1.7310669422149658,13.875,14.0625,13.875,13.875,30300
1999-06-24,1.7388643026351929,13.9375,13.9375,13.875,13.875,16100
1999-06-25,1.7388643026351929,13.9375,14.0625,13.9375,14.0,22000
1999-06-28,1.7466622591018677,14.0,14.125,13.875,13.9375,21500
1999-06-29,1.7466622591018677,14.0,14.0625,14.0,14.0,20000
1999-06-30,1.7388643026351929,13.9375,14.0625,13.9375,14.0,15500
1999-07-01,1.7544595003128052,14.0625,14.0625,14.0,14.0,13300
1999-07-02,1.7700554132461548,14.1875,14.1875,14.0,14.0,18500
1999-07-06,1.7622575759887695,14.125,14.1875,14.0625,14.0625,28000
1999-07-07,1.7544595003128052,14.0625,14.125,14.0,14.0625,23300
1999-07-08,1.7544595003128052,14.0625,14.1875,13.875,14.0,40400
1999-07-09,1.7622575759887695,14.125,14.1875,14.0,14.0,18200
1999-07-12,1.7622575759887695,14.125,14.1875,14.0,14.0,27500
1999-07-13,1.7544595003128052,14.0625,14.125,14.0,14.0625,8000
1999-07-14,1.7466622591018677,14.0,14.1875,13.9375,14.0625,73800
1999-07-15,1.7622575759887695,14.125,14.1875,14.0,14.125,35900
1999-07-16,1.7544595003128052,14.0625,14.125,14.0,14.125,15900
1999-07-19,1.7544595003128052,14.0625,14.0625,13.9375,14.0,15500
1999-07-20,1.7388643026351929,13.9375,14.0625,13.9375,14.0,25800
1999-07-21,1.7466622591018677,14.0,14.0625,14.0,14.0,8700
1999-07-22,1.7388643026351929,13.9375,14.125,13.9375,14.125,25900
1999-07-23,1.6998769044876099,13.625,14.0,13.5625,13.9375,70300
1999-07-26,1.6998769044876099,13.625,13.6875,13.625,13.625,34800
1999-07-27,1.7310669422149658,13.875,13.9375,13.75,13.75,27700
1999-07-28,1.7388643026351929,13.9375,14.0,13.875,13.875,7900
1999-07-29,1.7154719829559326,13.75,13.9375,13.6875,13.75,24300
1999-07-30,1.7388643026351929,13.9375,13.9375,13.875,13.875,19700
1999-08-02,1.7622575759887695,14.125,14.125,13.75,13.75,25200
1999-08-03,1.7622575759887695,14.125,14.1875,14.0625,14.0625,10200
1999-08-04,1.7622575759887695,14.125,14.25,14.0625,14.0625,40400
1999-08-05,1.7466622591018677,14.0,14.125,13.9375,14.0625,22500
1999-08-06,1.7310669422149658,13.875,13.9375,13.8125,13.9375,12400
1999-08-09,1.7466622591018677,14.0,14.0625,13.875,13.875,15300
1999-08-10,1.707674264907837,13.6875,13.875,13.6875,13.8125,14300
1999-08-11,1.7310669422149658,13.875,13.875,13.75,13.75,32600
1999-08-12,1.7466622591018677,14.0,14.125,14.0,14.0,13100
1999-08-13,1.7544595003128052,14.0625,14.25,14.0625,14.125,22700
1999-08-16,1.7778526544570923,14.25,14.25,14.0625,14.125,23800
1999-08-17,1.7622575759887695,14.125,14.5,14.0625,14.375,31900
1999-08-18,1.7622575759887695,14.125,14.25,14.0625,14.125,34600
1999-08-19,1.7622575759887695,14.125,14.25,14.125,14.1875,9500
1999-08-20,1.7856500148773193,14.3125,14.375,14.25,14.25,15800
1999-08-23,1.7856500148773193,14.3125,14.5,14.3125,14.375,47300
1999-08-24,1.7778526544570923,14.25,14.3125,14.1875,14.25,12800
1999-08-25,1.7622575759887695,14.125,14.3125,14.125,14.1875,23000
1999-08-26,1.7700554132461548,14.1875,14.3125,14.1875,14.25,45200
1999-08-27,1.7778526544570923,14.25,14.375,14.25,14.25,181800
1999-08-30,1.7856500148773193,14.3125,14.3125,14.125,14.25,18900
1999-08-31,1.7622575759887695,14.125,14.3125,14.125,14.3125,14700
1999-09-01,1.7856500148773193,14.3125,14.375,14.1875,14.25,14300
1999-09-02,1.7700554132461548,14.1875,14.25,14.125,14.25,10100
1999-09-03,1.8090424537658691,14.5,14.625,14.3125,14.5,41800
1999-09-07,1.816840648651123,14.5625,14.625,14.4375,14.625,29400
1999-09-08,1.8246381282806396,14.625,14.625,14.375,14.5625,27900
1999-09-09,1.8402332067489624,14.75,14.75,14.5,14.5,47600
1999-09-10,1.8246381282806396,14.625,14.75,14.5,14.75,31200
1999-09-13,1.793447494506836,14.375,14.5,14.25,14.5,39200
1999-09-14,1.7856500148773193,14.3125,14.375,14.1875,14.1875,23500
1999-09-15,1.7700554132461548,14.1875,14.4375,14.1875,14.4375,24400
1999-09-16,1.7778526544570923,14.25,14.375,14.125,14.1875,12000
1999-09-17,1.7544595003128052,14.0625,14.3125,14.0,14.1875,14200
1999-09-20,1.7778526544570923,14.25,14.25,14.1875,14.1875,21600
1999-09-21,1.7466622591018677,14.0,14.125,13.9375,14.125,30800
1999-09-22,1.7544595003128052,14.0625,14.25,14.0,14.0,12900
1999-09-23,1.7544595003128052,14.0625,14.25,14.0625,14.125,94200
1999-09-24,1.7388643026351929,13.9375,14.0625,13.875,14.0,28900
1999-09-27,1.7622575759887695,14.125,14.125,14.0625,14.0625,8700
1999-09-28,1.7622575759887695,14.125,14.3125,13.9375,14.0,23700
1999-09-29,1.7466622591018677,14.0,14.125,13.9375,14.125,60100
1999-09-30,1.7700554132461548,14.1875,14.1875,14.0,14.0,36300
1999-10-01,1.7622575759887695,14.125,14.25,14.125,14.125,16900
1999-10-04,1.8012447357177734,14.4375,14.4375,14.25,14.25,32600
1999-10-05,1.8090424537658691,14.5,14.5,14.4375,14.5,2100
1999-10-06,1.8090424537658691,14.5,14.625,14.5,14.5,17300
1999-10-07,1.8090424537658691,14.5,14.625,14.5,14.5,17900
1999-10-08,1.8012447357177734,14.4375,14.5625,14.3125,14.5625,24700
1999-10-11,1.793447494506836,14.375,14.625,14.375,14.4375,14500
1999-10-12,1.793447494506836,14.375,14.5,14.375,14.5,14200
1999-10-13,1.7778526544570923,14.25,14.5,14.25,14.3125,8000
1999-10-14,1.7856500148773193,14.3125,14.375,14.25,14.25,13200
1999-10-15,1.7622575759887695,14.125,14.1875,14.125,14.1875,5500
1999-10-18,1.7466622591018677,14.0,14.25,14.0,14.25,7600
1999-10-19,1.7700554132461548,14.1875,14.25,14.0,14.0,28100
1999-10-20,1.7622575759887695,14.125,14.25,14.0,14.25,48700
1999-10-21,1.7466622591018677,14.0,14.1875,13.9375,14.125,34900
1999-10-22,1.7778526544570923,14.25,14.25,14.0625,14.0625,21900
1999-10-25,1.7388643026351929,13.9375,14.0,13.9375,14.0,5900
1999-10-26,1.7466622591018677,14.0,14.125,13.9375,13.9375,13000
1999-10-27,1.7388643026351929,13.9375,14.0,13.9375,14.0,9000
1999-10-28,1.7622575759887695,14.125,14.125,14.0,14.0,24200
1999-10-29,1.7856500148773193,14.3125,14.375,14.125,14.125,37300
1999-11-01,1.7778526544570923,14.25,14.3125,14.25,14.3125,17700
1999-11-02,1.7856500148773193,14.3125,14.3125,14.3125,14.3125,2300
1999-11-03,1.793447494506836,14.375,14.4375,14.25,14.25,21800
1999-11-04,1.7856500148773193,14.3125,14.4375,14.3125,14.375,20200
1999-11-05,1.8012447357177734,14.4375,14.5,14.375,14.4375,77200
1999-11-08,1.793447494506836,14.375,14.4375,14.3125,14.3125,76900
1999-11-09,1.7856500148773193,14.3125,14.4375,14.3125,14.375,41200
1999-11-10,1.8012447357177734,14.4375,14.4375,14.3125,14.3125,35800
1999-11-11,1.8090424537658691,14.5,14.5625,14.375,14.375,45300
1999-11-12,1.8012447357177734,14.4375,14.5,14.3125,14.5,68600
1999-11-15,1.8012447357177734,14.4375,14.5,14.4375,14.4375,13600
1999-11-16,1.8012447357177734,14.4375,14.5625,14.4375,14.4375,26600
1999-11-17,1.793447494506836,14.375,14.5625,14.375,14.4375,19100
1999-11-18,1.793447494506836,14.375,14.5,14.375,14.375,38500
1999-11-19,1.7856500148773193,14.3125,14.375,14.1875,14.375,68900
1999-11-22,1.7700554132461548,14.1875,14.3125,14.1875,14.25,38900
1999-11-23,1.7700554132461548,14.1875,14.3125,14.1875,14.3125,56300
1999-11-24,1.7544595003128052,14.0625,14.1875,14.0,14.1875,50000
1999-11-26,1.7778526544570923,14.25,14.25,14.0625,14.0625,38600
1999-11-29,1.7778526544570923,14.25,14.3125,14.1875,14.25,37500
1999-11-30,1.7700554132461548,14.1875,14.3125,14.0625,14.125,28600
1999-12-01,1.7856500148773193,14.3125,14.375,14.1875,14.1875,29600
1999-12-02,1.793447494506836,14.375,14.5,14.3125,14.3125,26400
1999-12-03,1.8090424537658691,14.5,14.75,14.4375,14.5,39900
1999-12-06,1.816840648651123,14.5625,14.8125,14.5,14.5,44900
1999-12-07,1.8090424537658691,14.5,14.5625,14.3125,14.5625,24500
1999-12-08,1.8090424537658691,14.5,14.5,14.3125,14.375,11200
1999-12-09,1.8246381282806396,14.625,14.625,14.375,14.5625,22700
1999-12-10,1.8012447357177734,14.4375,14.875,14.4375,14.5625,117300
1999-12-13,1.793447494506836,14.375,14.5,14.375,14.5,23200
1999-12-14,1.793447494506836,14.375,14.4375,14.3125,14.375,57500
1999-12-15,1.805202603340149,13.4375,13.5,13.25,13.375,227900
1999-12-16,1.805202603340149,13.4375,13.625,13.4375,13.5,67100
1999-12-17,1.805202603340149,13.4375,13.625,13.375,13.5625,43500
1999-12-20,1.7968064546585083,13.375,13.625,13.375,13.4375,86400
1999-12-21,1.78840970993042,13.3125,13.5,13.3125,13.5,42700
1999-12-22,1.78840970993042,13.3125,13.4375,13.3125,13.3125,22900
1999-12-23,1.8135987520217896,13.5,13.5,13.375,13.375,23900
1999-12-27,1.8387881517410278,13.6875,13.75,13.5625,13.5625,38400
1999-12-28,1.847184419631958,13.75,13.8125,13.625,13.6875,59000
1999-12-29,1.8639765977859497,13.875,13.875,13.6875,13.6875,10400
1999-12-30,1.847184419631958,13.75,13.9375,13.75,13.8125,22400
1999-12-31,1.855580449104309,13.8125,13.8125,13.6875,13.75,25600
2000-01-03,1.8387881517410278,13.6875,14.125,13.625,14.125,149700
2000-01-04,1.763221025466919,13.125,13.625,13.125,13.5625,66200
2000-01-05,1.8807696104049683,14.0,14.0,13.3125,13.3125,99300
2000-01-06,1.8387881517410278,13.6875,14.125,13.25,13.875,143900
2000-01-07,1.8975626230239868,14.125,14.4375,13.8125,13.8125,61700
2000-01-10,1.8891652822494507,14.0625,14.25,14.0,14.0,89300
2000-01-11,1.8975626230239868,14.125,14.125,14.0,14.0,31900
2000-01-12,1.9143544435501099,14.25,14.5,14.125,14.125,45400
2000-01-13,1.8975626230239868,14.125,14.3125,14.0,14.1875,36500
2000-01-14,1.8891652822494507,14.0625,14.25,13.5,14.125,29000
2000-01-18,1.855580449104309,13.8125,13.9375,13.5625,13.9375,74500
2000-01-19,1.8387881517410278,13.6875,13.6875,13.5625,13.5625,59400
2000-01-20,1.7968064546585083,13.375,13.5625,13.25,13.5625,46100
2000-01-21,1.7968064546585083,13.375,13.5,13.3125,13.5,28000
2000-01-24,1.780013918876648,13.25,13.5,13.1875,13.375,65100
2000-01-25,1.7464287281036377,13.0,13.25,12.875,13.125,84200
2000-01-26,1.7464287281036377,13.0,13.125,12.875,13.0625,40800
2000-01-27,1.7716178894042969,13.1875,13.25,13.0,13.125,30500
2000-01-28,1.7296357154846191,12.875,13.0625,12.875,13.0625,36100
2000-01-31,1.721239686012268,12.8125,12.9375,12.75,12.9375,22000
2000-02-01,1.7296357154846191,12.875,13.0,12.8125,12.8125,35600
2000-02-02,1.7464287281036377,13.0,13.0,12.8125,12.8125,43000
2000-02-03,1.805202603340149,13.4375,13.5,13.0625,13.0625,83700
2000-02-04,1.8135987520217896,13.5,13.5,13.25,13.25,105400
2000-02-07,1.780013918876648,13.25,13.375,13.0625,13.25,31600
2000-02-08,1.8219947814941406,13.5625,13.625,13.375,13.375,45400
2000-02-09,1.78840970993042,13.3125,13.5625,13.3125,13.5625,194000
2000-02-10,1.7716178894042969,13.1875,13.75,13.125,13.1875,59500
2000-02-11,1.763221025466919,13.125,13.375,13.0,13.0625,101100
2000-02-14,1.7716178894042969,13.1875,13.25,13.125,13.125,60000
2000-02-15,1.7464287281036377,13.0,13.1875,13.0,13.125,86900
2000-02-16,1.7548251152038574,13.0625,13.25,13.0625,13.125,45700
2000-02-17,1.780013918876648,13.25,13.3125,13.125,13.25,67700
2000-02-18,1.7464287281036377,13.0,13.25,12.8125,13.25,99900
2000-02-22,1.7716178894042969,13.1875,13.25,13.125,13.1875,129300
2000-02-23,1.780013918876648,13.25,13.375,13.25,13.3125,150600
2000-02-24,1.763221025466919,13.125,13.3125,13.125,13.3125,53500
2000-02-25,1.763221025466919,13.125,13.1875,13.0625,13.125,92600
2000-02-28,1.7296357154846191,12.875,13.125,12.8125,13.125,69200
2000-02-29,1.7296357154846191,12.875,12.9375,12.875,12.9375,35700
2000-03-01,1.7296357154846191,12.875,12.9375,12.8125,12.8125,43900
2000-03-02,1.738032341003418,12.9375,13.0,12.875,12.875,28700
2000-03-03,1.738032341003418,12.9375,13.0,12.875,13.0,34100
2000-03-06,1.738032341003418,12.9375,13.1875,12.875,12.9375,37500
2000-03-07,1.7296357154846191,12.875,13.0625,12.75,13.0,50200
2000-03-08,1.7296357154846191,12.875,12.9375,12.75,12.75,29000
2000-03-09,1.721239686012268,12.8125,12.875,12.75,12.8125,17500
2000-03-10,1.721239686012268,12.8125,12.875,12.75,12.75,48800
2000-03-13,1.704446792602539,12.6875,12.8125,12.625,12.6875,50800
2000-03-14,1.6960511207580566,12.625,12.8125,12.625,12.75,90000
2000-03-15,1.7128431797027588,12.75,12.8125,12.6875,12.6875,22700
2000-03-16,1.7716178894042969,13.1875,13.25,13.0,13.0625,49800
2000-03-17,1.763221025466919,13.125,13.1875,13.0,13.1875,22200
2000-03-20,1.7548251152038574,13.0625,13.25,13.0,13.0,30600
2000-03-21,1.7548251152038574,13.0625,13.25,13.0625,13.0625,57000
2000-03-22,1.7968064546585083,13.375,13.4375,13.1875,13.1875,43100
2000-03-23,1.805202603340149,13.4375,13.5,13.25,13.25,27400
2000-03-24,1.8135987520217896,13.5,13.5,13.25,13.3125,31500
2000-03-27,1.8303909301757812,13.625,13.625,13.375,13.5,59800
2000-03-28,1.8219947814941406,13.5625,13.625,13.4375,13.625,10400
2000-03-29,1.847184419631958,13.75,13.9375,13.4375,13.625,71100
2000-03-30,1.8387881517410278,13.6875,13.6875,13.5,13.5,55200
2000-03-31,1.847184419631958,13.75,13.75,13.6875,13.6875,20000
2000-04-03,1.855580449104309,13.8125,13.9375,13.6875,13.6875,11400
2000-04-04,1.8723728656768799,13.9375,13.9375,13.4375,13.875,54800
2000-04-05,1.8387881517410278,13.6875,13.75,13.5625,13.75,46200
2000-04-06,1.855580449104309,13.8125,13.875,13.8125,13.8125,16900
2000-04-07,1.855580449104309,13.8125,13.875,13.75,13.75,26900
2000-04-10,1.855580449104309,13.8125,13.8125,13.75,13.8125,74300
2000-04-11,1.855580449104309,13.8125,13.875,13.75,13.75,12900
2000-04-12,1.847184419631958,13.75,13.9375,13.75,13.9375,30200
2000-04-13,1.855580449104309,13.8125,13.875,13.8125,13.875,23700
2000-04-14,1.7968064546585083,13.375,13.8125,13.3125,13.75,70800
2000-04-17,1.78840970993042,13.3125,13.5,13.25,13.375,26700
2000-04-18,1.8219947814941406,13.5625,13.5625,13.125,13.3125,27400
2000-04-19,1.8639765977859497,13.875,14.0,13.5,13.5625,57800
2000-04-20,1.8807696104049683,14.0,14.0,13.875,13.875,60100
2000-04-24,1.8723728656768799,13.9375,13.9375,13.5,13.875,22100
2000-04-25,1.8807696104049683,14.0,14.0625,13.875,14.0,67000
2000-04-26,1.8723728656768799,13.9375,14.0,13.875,14.0,14100
2000-04-27,1.847184419631958,13.75,13.875,13.6875,13.875,62600
2000-04-28,1.855580449104309,13.8125,13.8125,13.625,13.625,32100
2000-05-01,1.847184419631958,13.75,13.875,13.5,13.875,17700
2000-05-02,1.8639765977859497,13.875,13.875,13.75,13.75,17900
2000-05-03,1.8303909301757812,13.625,13.875,13.625,13.75,57600
2000-05-04,1.8303909301757812,13.625,13.6875,13.625,13.625,10800
2000-05-05,1.8219947814941406,13.5625,13.5625,13.5,13.5625,17400
2000-05-08,1.8135987520217896,13.5,13.5,12.9375,13.4375,68700
2000-05-09,1.8303909301757812,13.625,13.625,13.5,13.5,35900
2000-05-10,1.8303909301757812,13.625,13.6875,13.5,13.625,30000
2000-05-11,1.8639765977859497,13.875,13.9375,13.75,13.75,13200
2000-05-12,1.8723728656768799,13.9375,13.9375,13.875,13.875,16700
2000-05-15,1.8723728656768799,13.9375,13.9375,13.875,13.875,14000
2000-05-16,1.8807696104049683,14.0,14.0,13.9375,13.9375,41800
2000-05-17,1.8387881517410278,13.6875,14.0,13.6875,13.9375,25600
2000-05-18,1.855580449104309,13.8125,13.9375,13.6875,13.6875,7600
2000-05-19,1.8303909301757812,13.625,13.75,13.5,13.75,13300
2000-05-22,1.8219947814941406,13.5625,13.6875,13.5,13.625,24400
2000-05-23,1.8723728656768799,13.9375,13.9375,13.6875,13.6875,13200
2000-05-24,1.8723728656768799,13.9375,14.0,13.75,13.75,12000
2000-05-25,1.8639765977859497,13.875,13.875,13.6875,13.875,36300
2000-05-26,1.861618161201477,13.8125,13.875,13.625,13.75,23800
2000-05-30,1.878465175628662,13.9375,13.9375,13.8125,13.8125,20100
2000-05-31,1.870042085647583,13.875,13.9375,13.8125,13.9375,11300
2000-06-01,1.895312786102295,14.0625,14.0625,13.8125,13.9375,64600
2000-06-02,1.9205833673477173,14.25,14.25,14.0625,14.0625,71700
2000-06-05,1.9205833673477173,14.25,14.25,14.0625,14.125,16500
2000-06-06,1.9205833673477173,14.25,14.25,14.125,14.1875,11200
2000-06-07,1.9290072917938232,14.3125,14.375,14.1875,14.1875,31800
2000-06-08,1.937430739402771,14.375,14.4375,14.25,14.4375,10300
2000-06-09,1.9205833673477173,14.25,14.4375,14.25,14.3125,10400
2000-06-12,1.9458545446395874,14.4375,14.4375,14.125,14.125,14600
2000-06-13,1.954277515411377,14.5,14.5,14.3125,14.3125,25600
2000-06-14,1.9711253643035889,14.625,14.6875,14.5,14.5,21400
2000-06-15,1.9711253643035889,14.625,14.6875,14.5,14.5,30200
2000-06-16,1.9627010822296143,14.5625,14.6875,14.4375,14.6875,16600
2000-06-19,1.9627010822296143,14.5625,14.5625,14.3125,14.4375,23400
2000-06-20,1.9711253643035889,14.625,14.625,14.5,14.5,49000
2000-06-21,1.979548692703247,14.6875,14.6875,14.1875,14.1875,31500
2000-06-22,1.9627010822296143,14.5625,14.625,14.375,14.625,73900
2000-06-23,1.954277515411377,14.5,14.5,14.3125,14.4375,26100
2000-06-26,1.9458545446395874,14.4375,14.5,14.3125,14.5,13000
2000-06-27,1.954277515411377,14.5,14.5,14.3125,14.4375,68100
2000-06-28,1.954277515411377,14.5,14.5625,14.4375,14.5625,17000
2000-06-29,1.954277515411377,14.5,14.5,14.4375,14.5,33600
2000-06-30,1.9879722595214844,14.75,14.75,14.4375,14.4375,64700
2000-07-03,1.979548692703247,14.6875,14.6875,14.625,14.625,3600
2000-07-05,2.030090570449829,15.0625,15.0625,14.5625,14.75,63400
2000-07-06,2.055361747741699,15.25,15.25,15.0,15.0,87700
2000-07-07,2.055361747741699,15.25,15.25,15.0625,15.125,49700
2000-07-10,2.046938180923462,15.1875,15.375,15.0625,15.375,5800
2000-07-11,2.055361747741699,15.25,15.375,15.125,15.25,16500
2000-07-12,2.046938180923462,15.1875,15.4375,15.1875,15.4375,51900
2000-07-13,2.055361747741699,15.25,15.25,15.0625,15.0625,14200
2000-07-14,2.0385138988494873,15.125,15.25,15.125,15.1875,6400
2000-07-17,2.0216665267944336,15.0,15.1875,15.0,15.0625,8700
2000-07-18,2.004819631576538,14.875,15.0,14.625,15.0,20400
2000-07-19,1.9627010822296143,14.5625,14.8125,14.5625,14.8125,4000
2000-07-20,1.9879722595214844,14.75,15.0,14.5,14.625,30000
2000-07-21,1.9711253643035889,14.625,14.75,14.375,14.75,9500
2000-07-24,2.0216665267944336,15.0,15.0625,14.6875,14.6875,19800
2000-07-25,2.0216665267944336,15.0,15.0,14.875,14.875,8300
2000-07-26,2.004819631576538,14.875,15.0,14.875,15.0,19700
2000-07-27,2.0216665267944336,15.0,15.125,14.875,14.875,21000
2000-07-28,1.9879722595214844,14.75,15.0625,14.75,15.0625,13500
2000-07-31,2.0216665267944336,15.0,15.0625,14.75,14.8125,13800
2000-08-01,2.0216665267944336,15.0,15.0625,15.0,15.0,2400
2000-08-02,2.0132431983947754,14.9375,15.0625,14.9375,14.9375,9700
2000-08-03,1.9963960647583008,14.8125,14.875,14.8125,14.8125,7400
2000-08-04,2.0132431983947754,14.9375,14.9375,14.8125,14.8125,7000
2000-08-07,2.0216665267944336,15.0,15.0,14.875,14.9375,12800
2000-08-08,1.9963960647583008,14.8125,15.0,14.8125,14.875,10100
2000-08-09,1.979548692703247,14.6875,14.9375,14.625,14.8125,33600
2000-08-10,1.9627010822296143,14.5625,14.6875,14.5625,14.6875,65300
2000-08-11,1.979548692703247,14.6875,14.875,14.5625,14.625,10700
2000-08-14,2.004819631576538,14.875,14.875,14.625,14.75,16200
2000-08-15,2.004819631576538,14.875,14.9375,14.8125,14.875,19200
2000-08-16,2.004819631576538,14.875,14.875,14.875,14.875,3000
2000-08-17,1.9963960647583008,14.8125,15.0,14.8125,14.8125,16900
2000-08-18,1.9963960647583008,14.8125,14.875,14.8125,14.8125,6500
2000-08-21,1.9963960647583008,14.8125,14.9375,14.75,14.75,19800
2000-08-22,1.979548692703247,14.6875,14.8125,14.625,14.75,23500
2000-08-23,2.004819631576538,14.875,14.9375,14.6875,14.6875,26100
2000-08-24,2.0132431983947754,14.9375,15.0,14.875,14.9375,23200
2000-08-25,2.004819631576538,14.875,14.9375,14.8125,14.875,11100
2000-08-28,2.0132431983947754,14.9375,15.0,14.875,14.875,14200
2000-08-29,2.004819631576538,14.875,14.9375,14.8125,14.875,21600
2000-08-30,1.9963960647583008,14.8125,14.875,14.8125,14.8125,11000
2000-08-31,1.9879722595214844,14.75,14.75,14.625,14.75,19600
2000-09-01,2.004819631576538,14.875,14.875,14.6875,14.75,4200
2000-09-05,1.9879722595214844,14.75,14.75,14.6875,14.75,19700
2000-09-06,1.9627010822296143,14.5625,14.75,14.4375,14.6875,24700
2000-09-07,1.954277515411377,14.5,14.5,14.4375,14.4375,15400
2000-09-08,1.9205833673477173,14.25,14.4375,14.25,14.4375,20600
2000-09-11,1.9205833673477173,14.25,14.5,14.25,14.375,19300
2000-09-12,1.9205833673477173,14.25,14.5,14.25,14.4375,12500
2000-09-13,1.9290072917938232,14.3125,14.3125,14.125,14.25,12500
2000-09-14,1.937430739402771,14.375,14.375,14.3125,14.375,11700
2000-09-15,1.9205833673477173,14.25,14.3125,14.0625,14.3125,9200
2000-09-18,1.9037365913391113,14.125,14.25,14.0625,14.25,4600
2000-09-19,1.9121599197387695,14.1875,14.1875,14.0625,14.0625,15300
2000-09-20,1.8531947135925293,13.75,14.0625,13.5625,14.0625,52100
2000-09-21,1.8531947135925293,13.75,13.875,13.625,13.8125,16800
2000-09-22,1.8868892192840576,14.0,14.125,13.75,13.75,25400
2000-09-25,1.9205833673477173,14.25,14.625,14.0625,14.0625,47200
2000-09-26,1.9205833673477173,14.25,14.375,14.25,14.25,32700
2000-09-27,1.9205833673477173,14.25,14.375,14.25,14.25,13700
2000-09-28,1.9205833673477173,14.25,14.375,14.25,14.375,26400
2000-09-29,1.9121599197387695,14.1875,14.375,14.1875,14.1875,16400
2000-10-02,1.937430739402771,14.375,14.375,14.375,14.375,1600
2000-10-03,1.954277515411377,14.5,14.5,14.4375,14.4375,10400
2000-10-04,1.979548692703247,14.6875,14.6875,14.5,14.5,17700
2000-10-05,1.9879722595214844,14.75,15.0,14.6875,14.6875,31600
2000-10-06,1.9879722595214844,14.75,15.0,14.75,14.75,180500
2000-10-09,1.9711253643035889,14.625,14.625,14.375,14.625,43500
2000-10-10,1.979548692703247,14.6875,14.75,14.5625,14.6875,37400
2000-10-11,1.9627010822296143,14.5625,14.625,14.5625,14.625,24700
2000-10-12,1.9458545446395874,14.4375,14.625,14.4375,14.625,21500
2000-10-13,1.937430739402771,14.375,14.4375,14.3125,14.3125,20200
2000-10-16,1.9121599197387695,14.1875,14.375,14.1875,14.375,267700
2000-10-17,1.895312786102295,14.0625,14.25,14.0,14.25,97100
2000-10-18,1.870042085647583,13.875,14.0,13.8125,13.9375,33000
2000-10-19,1.9290072917938232,14.3125,14.3125,14.0,14.0,17800
2000-10-20,1.8868892192840576,14.0,14.125,14.0,14.0625,42200
2000-10-23,1.8868892192840576,14.0,14.0625,13.9375,13.9375,3300
2000-10-24,1.9037365913391113,14.125,14.1875,14.125,14.125,22500
2000-10-25,1.870042085647583,13.875,14.0,13.875,13.9375,6200
2000-10-26,1.878465175628662,13.9375,14.125,13.875,13.875,8500
2000-10-27,1.895312786102295,14.0625,14.1875,14.0625,14.0625,3200
2000-10-30,1.895312786102295,14.0625,14.1875,14.0625,14.0625,12800
2000-10-31,1.9205833673477173,14.25,14.25,14.0625,14.125,21500
2000-11-01,1.9037365913391113,14.125,14.25,14.125,14.25,2300
2000-11-02,1.9290072917938232,14.3125,14.375,14.1875,14.25,9000
2000-11-03,1.9290072917938232,14.3125,14.3125,14.3125,14.3125,11800
2000-11-06,1.954277515411377,14.5,14.5,14.4375,14.4375,21700
2000-11-07,1.9627010822296143,14.5625,14.625,14.375,14.375,9900
2000-11-08,1.9290072917938232,14.3125,14.5,14.3125,14.4375,40000
2000-11-09,1.937430739402771,14.375,14.4375,14.3125,14.3125,8200
2000-11-10,1.9458545446395874,14.4375,14.4375,14.3125,14.375,13200
2000-11-13,1.937430739402771,14.375,14.375,14.3125,14.3125,6700
2000-11-14,1.954277515411377,14.5,14.625,14.3125,14.3125,20800
2000-11-15,1.954277515411377,14.5,14.5,14.25,14.3125,13900
2000-11-16,1.9290072917938232,14.3125,14.5,14.25,14.375,8400
2000-11-17,1.9205833673477173,14.25,14.375,14.25,14.3125,21100
2000-11-20,1.937430739402771,14.375,14.4375,14.25,14.25,3300
2000-11-21,1.9205833673477173,14.25,14.375,14.25,14.3125,11400
2000-11-22,1.878465175628662,13.9375,14.0625,13.9375,13.9375,28500
2000-11-24,1.8868892192840576,14.0,14.0,13.875,13.875,6200
2000-11-27,1.895312786102295,14.0625,14.3125,14.0625,14.0625,13100
2000-11-28,1.895312786102295,14.0625,14.1875,14.0,14.1875,18300
2000-11-29,1.9205833673477173,14.25,14.3125,14.0625,14.0625,28800
2000-11-30,1.937430739402771,14.375,14.5,14.25,14.5,14000
2000-12-01,1.954277515411377,14.5,14.75,14.5,14.625,5500
2000-12-04,1.954277515411377,14.5,14.6875,14.5,14.5,17200
2000-12-05,1.979548692703247,14.6875,14.8125,14.6875,14.6875,9400
2000-12-06,1.954277515411377,14.5,14.6875,14.5,14.5625,23300
2000-12-07,1.9711253643035889,14.625,14.625,14.4375,14.5,16000
2000-12-08,1.937430739402771,14.375,14.6875,14.125,14.6875,59700
2000-12-11,1.954277515411377,14.5,14.625,14.5,14.5,47900
2000-12-12,1.954277515411377,14.5,14.5625,14.4375,14.5625,23000
2000-12-13,1.954277515411377,14.5,14.5,14.375,14.4375,59700
2000-12-14,1.9553910493850708,13.1875,13.3125,13.125,13.1875,34400
2000-12-15,1.9739238023757935,13.3125,13.3125,13.1875,13.25,5900
2000-12-18,1.9924588203430176,13.4375,13.5,13.375,13.375,18800
2000-12-19,1.9924588203430176,13.4375,13.5625,13.4375,13.4375,29300
2000-12-20,1.9739238023757935,13.3125,13.5,13.25,13.4375,30600
2000-12-21,1.9831913709640503,13.375,13.625,13.1875,13.1875,34000
2000-12-22,1.9739238023757935,13.3125,13.375,13.3125,13.375,25000
2000-12-26,2.0202603340148926,13.625,13.625,13.4375,13.5,31200
2000-12-27,2.066596746444702,13.9375,14.0625,13.4375,13.4375,58100
2000-12-28,2.103665828704834,14.1875,14.1875,13.875,13.875,23800
2000-12-29,2.1500017642974854,14.5,14.6875,14.25,14.3125,198300
2001-01-02,2.1500017642974854,14.5,14.6875,14.4375,14.625,113800
2001-01-03,2.3168129920959473,15.625,15.75,14.5,14.5,251400
2001-01-04,2.1778039932250977,14.6875,15.375,14.125,15.375,54800
2001-01-05,2.1222007274627686,14.3125,14.5,14.3125,14.5,26000
2001-01-08,2.103665828704834,14.1875,14.4375,14.125,14.375,26900
2001-01-09,2.0943989753723145,14.125,14.3125,13.875,14.3125,102900
2001-01-10,2.075864791870117,14.0,14.0625,13.9375,14.0625,75800
2001-01-11,2.103665828704834,14.1875,14.25,14.125,14.25,58200
2001-01-12,2.1222007274627686,14.3125,14.375,14.0,14.0625,230800
2001-01-16,2.131467580795288,14.375,14.375,14.1875,14.1875,59100
2001-01-17,2.0943989753723145,14.125,14.375,14.0,14.125,81200
2001-01-18,2.085131883621216,14.0625,14.25,14.0,14.1875,18100
2001-01-19,2.1129326820373535,14.25,14.25,14.0,14.1875,35700
2001-01-22,2.0943989753723145,14.125,14.125,14.0625,14.125,18500
2001-01-23,2.103665828704834,14.1875,14.25,14.0625,14.0625,22800
2001-01-24,2.103665828704834,14.1875,14.25,14.125,14.25,63600
2001-01-25,2.1129326820373535,14.25,14.25,14.125,14.125,7200
2001-01-26,2.1129326820373535,14.25,14.3125,14.0625,14.25,18600
2001-01-29,2.118864059448242,14.289999961853027,14.300000190734863,14.149999618530273,14.289999961853027,20300
2001-01-30,2.1203465461730957,14.300000190734863,14.359999656677246,14.300000190734863,14.300000190734863,22100
2001-01-31,2.139622926712036,14.430000305175781,14.430000305175781,14.300000190734863,14.300000190734863,21900
2001-02-01,2.118864059448242,14.289999961853027,14.34000015258789,14.260000228881836,14.300000190734863,19500
2001-02-02,2.1129326820373535,14.25,14.34000015258789,14.25,14.289999961853027,29800
2001-02-05,2.1203465461730957,14.300000190734863,14.4399995803833,14.199999809265137,14.4399995803833,11700
2001-02-06,2.118864059448242,14.289999961853027,14.380000114440918,14.210000038146973,14.260000228881836,20700
2001-02-07,2.108484983444214,14.220000267028809,14.270000457763672,14.199999809265137,14.25,13500
2001-02-08,2.093657970428467,14.119999885559082,14.199999809265137,14.119999885559082,14.199999809265137,49800
2001-02-09,2.077345609664917,14.010000228881836,14.140000343322754,14.010000228881836,14.119999885559082,37500
2001-02-12,2.083277702331543,14.050000190734863,14.050000190734863,13.949999809265137,14.0,36100
2001-02-13,2.023967981338501,13.649999618530273,14.0,13.600000381469727,13.949999809265137,101700
2001-02-14,2.0343470573425293,13.720000267028809,13.819999694824219,13.510000228881836,13.729999542236328,58900
2001-02-15,2.0313808917999268,13.699999809265137,13.75,13.550000190734863,13.699999809265137,44000
2001-02-16,1.9972785711288452,13.470000267028809,13.5600004196167,13.449999809265137,13.5,103600
2001-02-20,1.9735536575317383,13.3100004196167,13.510000228881836,13.3100004196167,13.510000228881836,134500
2001-02-21,1.998760461807251,13.479999542236328,13.479999542236328,13.3100004196167,13.3100004196167,9700
2001-02-22,1.9735536575317383,13.3100004196167,13.479999542236328,13.3100004196167,13.479999542236328,46200
2001-02-23,1.9839332103729248,13.380000114440918,13.390000343322754,13.3100004196167,13.3100004196167,15300
2001-02-26,1.9854158163070679,13.390000343322754,13.390000343322754,13.350000381469727,13.369999885559082,17100
2001-02-27,1.9898642301559448,13.420000076293945,13.449999809265137,13.3100004196167,13.359999656677246,19700
2001-02-28,2.0091397762298584,13.550000190734863,13.550000190734863,13.449999809265137,13.520000457763672,7200
2001-03-01,1.9898642301559448,13.420000076293945,13.520000457763672,13.300000190734863,13.520000457763672,19100
2001-03-02,1.986898422241211,13.399999618530273,13.449999809265137,13.359999656677246,13.359999656677246,47200
2001-03-05,2.0076568126678467,13.539999961853027,13.550000190734863,13.329999923706055,13.5,36400
2001-03-06,2.022484540939331,13.640000343322754,13.640000343322754,13.539999961853027,13.59000015258789,11600
2001-03-07,2.0046918392181396,13.520000457763672,13.600000381469727,13.449999809265137,13.600000381469727,22100
2001-03-08,1.9957950115203857,13.460000038146973,13.520000457763672,13.449999809265137,13.460000038146973,16000
2001-03-09,1.9943130016326904,13.449999809265137,13.529999732971191,13.399999618530273,13.5,30500
2001-03-12,1.9261046648025513,12.989999771118164,13.300000190734863,12.850000381469727,13.300000190734863,151400
2001-03-13,1.917208194732666,12.930000305175781,13.149999618530273,12.84000015258789,12.890000343322754,42600
2001-03-14,1.8890365362167358,12.739999771118164,12.75,12.520000457763672,12.75,131900
2001-03-15,1.896450161933899,12.789999961853027,12.800000190734863,12.649999618530273,12.649999618530273,9400
2001-03-16,1.8593804836273193,12.539999961853027,12.600000381469727,12.5,12.600000381469727,23700
2001-03-19,1.8237948417663574,12.300000190734863,12.300000190734863,11.75,12.300000190734863,57700
2001-03-20,1.8237948417663574,12.300000190734863,12.479999542236328,12.25,12.350000381469727,14600
2001-03-21,1.7956218719482422,12.109999656677246,12.140000343322754,12.0600004196167,12.100000381469727,19900
2001-03-22,1.7348291873931885,11.699999809265137,11.789999961853027,11.550000190734863,11.75,52000
2001-03-23,1.7555885314941406,11.84000015258789,11.850000381469727,11.5,11.800000190734863,31200
2001-03-26,1.7807948589324951,12.010000228881836,12.149999618530273,11.84000015258789,11.84000015258789,13100
2001-03-27,1.8223122358322144,12.289999961853027,12.289999961853027,12.0,12.010000228881836,23900
2001-03-28,1.7718985080718994,11.949999809265137,12.199999809265137,11.949999809265137,12.199999809265137,60000
2001-03-29,1.8074842691421509,12.1899995803833,12.239999771118164,12.149999618530273,12.239999771118164,13000
2001-03-30,1.8163807392120361,12.25,12.350000381469727,12.09000015258789,12.25,16800
2001-04-02,1.7437258958816528,11.760000228881836,12.15999984741211,11.760000228881836,12.010000228881836,14900
2001-04-03,1.7496570348739624,11.800000190734863,11.970000267028809,11.710000038146973,11.970000267028809,16800
2001-04-04,1.7600356340408325,11.869999885559082,11.949999809265137,11.710000038146973,11.899999618530273,20100
2001-04-05,1.8089669942855835,12.199999809265137,12.239999771118164,12.180000305175781,12.1899995803833,29600
2001-04-06,1.8148980140686035,12.239999771118164,12.289999961853027,12.140000343322754,12.25,9400
2001-04-09,1.850484013557434,12.479999542236328,12.520000457763672,12.25,12.25,45300
2001-04-10,1.8771742582321167,12.65999984741211,12.739999771118164,12.5,12.579999923706055,42100
2001-04-11,1.8623462915420532,12.5600004196167,12.649999618530273,12.520000457763672,12.649999618530273,14900
2001-04-12,1.8608640432357788,12.550000190734863,12.699999809265137,12.510000228881836,12.510000228881836,28700
2001-04-16,1.8682771921157837,12.600000381469727,12.699999809265137,12.5600004196167,12.699999809265137,3500
2001-04-17,1.8564153909683228,12.520000457763672,12.539999961853027,12.449999809265137,12.449999809265137,39600
2001-04-18,1.8831052780151367,12.699999809265137,12.760000228881836,12.5,12.5,20700
2001-04-19,1.8845875263214111,12.710000038146973,12.84000015258789,12.710000038146973,12.800000190734863,31300
2001-04-20,1.8816224336624146,12.6899995803833,12.84000015258789,12.619999885559082,12.8100004196167,23100
2001-04-23,1.8608640432357788,12.550000190734863,12.600000381469727,12.550000190734863,12.600000381469727,11700
2001-04-24,1.8756911754608154,12.649999618530273,12.6899995803833,12.550000190734863,12.550000190734863,17800
2001-04-25,1.8623462915420532,12.5600004196167,12.720000267028809,12.399999618530273,12.65999984741211,13900
2001-04-26,1.8949673175811768,12.779999732971191,12.789999961853027,12.710000038146973,12.789999961853027,14100
2001-04-27,1.8831052780151367,12.699999809265137,12.75,12.5,12.699999809265137,22200
2001-04-30,1.897932529449463,12.800000190734863,12.9399995803833,12.529999732971191,12.550000190734863,13400
2001-05-01,1.9038639068603516,12.84000015258789,12.850000381469727,12.59000015258789,12.720000267028809,7900
2001-05-02,1.8934842348098755,12.770000457763672,12.9399995803833,12.65999984741211,12.9399995803833,7900
2001-05-03,1.8875528573989868,12.729999542236328,12.84000015258789,12.6899995803833,12.6899995803833,12200
2001-05-04,1.9157273769378662,12.920000076293945,13.039999961853027,12.65999984741211,12.65999984741211,11800
2001-05-07,1.929071068763733,13.010000228881836,13.199999809265137,12.970000267028809,12.970000267028809,12600
2001-05-08,1.906829595565796,12.859999656677246,13.09000015258789,12.859999656677246,13.09000015258789,11800
2001-05-09,1.896450161933899,12.789999961853027,12.880000114440918,12.729999542236328,12.880000114440918,7500
2001-05-10,1.9275883436203003,13.0,13.069999694824219,12.800000190734863,12.800000190734863,80100
2001-05-11,1.8564153909683228,12.520000457763672,13.0,12.350000381469727,13.0,281000
2001-05-14,1.8623462915420532,12.5600004196167,12.579999923706055,12.5,12.520000457763672,759400
2001-05-15,1.8756911754608154,12.649999618530273,12.739999771118164,12.619999885559082,12.65999984741211,184500
2001-05-16,1.8831052780151367,12.699999809265137,12.800000190734863,12.579999923706055,12.579999923706055,17300
2001-05-17,1.8653122186660767,12.579999923706055,12.579999923706055,12.399999618530273,12.479999542236328,347400
2001-05-18,1.8667948246002197,12.59000015258789,12.640000343322754,12.510000228881836,12.579999923706055,39800
2001-05-21,1.8667948246002197,12.59000015258789,12.600000381469727,12.5,12.5,13700
2001-05-22,1.8401051759719849,12.40999984741211,12.550000190734863,12.40999984741211,12.5,141800
2001-05-23,1.8356566429138184,12.380000114440918,12.430000305175781,12.369999885559082,12.399999618530273,21100
2001-05-24,1.826759934425354,12.319999694824219,12.399999618530273,12.3100004196167,12.369999885559082,29100
2001-05-25,1.826759934425354,12.319999694824219,12.350000381469727,12.300000190734863,12.300000190734863,10700
2001-05-29,1.806768536567688,12.020000457763672,12.119999885559082,11.90999984741211,12.119999885559082,272400
2001-05-30,1.8218001127243042,12.119999885559082,12.140000343322754,12.050000190734863,12.050000190734863,58600
2001-05-31,1.7992533445358276,11.970000267028809,12.069999694824219,11.920000076293945,12.0600004196167,39400
2001-06-01,1.7992533445358276,11.970000267028809,12.050000190734863,11.970000267028809,12.0,15100
2001-06-04,1.7962470054626465,11.949999809265137,12.239999771118164,11.8100004196167,12.220000267028809,55200
2001-06-05,1.8218001127243042,12.119999885559082,12.239999771118164,11.960000038146973,12.0,18000
2001-06-06,1.8157871961593628,12.079999923706055,12.119999885559082,12.069999694824219,12.119999885559082,41500
2001-06-07,1.8293155431747437,12.170000076293945,12.170000076293945,12.029999732971191,12.079999923706055,34000
2001-06-08,1.8202967643737793,12.109999656677246,12.1899995803833,12.0600004196167,12.100000381469727,44900
2001-06-11,1.8293155431747437,12.170000076293945,12.199999809265137,11.949999809265137,12.050000190734863,56500
2001-06-12,1.8278121948242188,12.15999984741211,12.170000076293945,12.079999923706055,12.170000076293945,6100
2001-06-13,1.8353283405303955,12.210000038146973,12.210000038146973,12.050000190734863,12.050000190734863,25500
2001-06-14,1.8353283405303955,12.210000038146973,12.220000267028809,12.029999732971191,12.220000267028809,19400
2001-06-15,1.8187934160232544,12.100000381469727,12.119999885559082,11.979999542236328,12.0,8800
2001-06-18,1.812780737876892,12.0600004196167,12.0600004196167,11.920000076293945,12.0,21500
2001-06-19,1.803762435913086,12.0,12.100000381469727,11.899999618530273,12.100000381469727,45700
2001-06-20,1.769190788269043,11.770000457763672,11.920000076293945,11.75,11.920000076293945,93000
2001-06-21,1.7571650743484497,11.6899995803833,11.789999961853027,11.609999656677246,11.789999961853027,63100
2001-06-22,1.7436366081237793,11.600000381469727,11.699999809265137,11.600000381469727,11.6899995803833,13200
2001-06-25,1.7361215353012085,11.550000190734863,11.800000190734863,11.529999732971191,11.699999809265137,24000
2001-06-26,1.7436366081237793,11.600000381469727,11.6899995803833,11.529999732971191,11.550000190734863,12700
2001-06-27,1.7331150770187378,11.529999732971191,11.65999984741211,11.529999732971191,11.65999984741211,16600
2001-06-28,1.749649167060852,11.640000343322754,11.640000343322754,11.529999732971191,11.529999732971191,3900
2001-06-29,1.7481459379196167,11.630000114440918,11.640000343322754,11.539999961853027,11.539999961853027,16200
2001-07-02,1.7752031087875366,11.8100004196167,11.899999618530273,11.609999656677246,11.649999618530273,11100
2001-07-03,1.755661964416504,11.680000305175781,11.880000114440918,11.630000114440918,11.880000114440918,21600
2001-07-05,1.7526556253433228,11.65999984741211,11.729999542236328,11.630000114440918,11.649999618530273,17400
2001-07-06,1.7301089763641357,11.510000228881836,11.619999885559082,11.510000228881836,11.619999885559082,31300
2001-07-09,1.7271026372909546,11.489999771118164,11.5,11.460000038146973,11.5,7800
2001-07-10,1.7180835008621216,11.430000305175781,11.479999542236328,11.369999885559082,11.479999542236328,22500
2001-07-11,1.712071180343628,11.390000343322754,11.449999809265137,11.34000015258789,11.449999809265137,18800
2001-07-12,1.703052282333374,11.329999923706055,11.539999961853027,11.270000457763672,11.319999694824219,25000
2001-07-13,1.7331150770187378,11.529999732971191,11.539999961853027,11.300000190734863,11.319999694824219,14000
2001-07-16,1.7135740518569946,11.399999618530273,11.550000190734863,11.350000381469727,11.539999961853027,15200
2001-07-17,1.7015492916107178,11.319999694824219,11.390000343322754,11.3100004196167,11.3100004196167,10700
2001-07-18,1.7105681896209717,11.380000114440918,11.449999809265137,11.300000190734863,11.390000343322754,10800
2001-07-19,1.7286056280136108,11.5,11.539999961853027,11.380000114440918,11.430000305175781,4800
2001-07-20,1.7255991697311401,11.479999542236328,11.5,11.380000114440918,11.489999771118164,6400
2001-07-23,1.712071180343628,11.390000343322754,11.489999771118164,11.3100004196167,11.420000076293945,23200
2001-07-24,1.7015492916107178,11.319999694824219,11.390000343322754,11.3100004196167,11.390000343322754,9000
2001-07-25,1.7015492916107178,11.319999694824219,11.399999618530273,11.3100004196167,11.399999618530273,5100
2001-07-26,1.712071180343628,11.390000343322754,11.390000343322754,11.3100004196167,11.390000343322754,14300
2001-07-27,1.7195866107940674,11.4399995803833,11.449999809265137,11.329999923706055,11.40999984741211,29300
2001-07-30,1.7165807485580444,11.420000076293945,11.4399995803833,11.350000381469727,11.399999618530273,6900
2001-07-31,1.7210897207260132,11.449999809265137,11.550000190734863,11.4399995803833,11.4399995803833,55300
2001-08-01,1.7361215353012085,11.550000190734863,11.600000381469727,11.40999984741211,11.449999809265137,16500
2001-08-02,1.7631782293319702,11.729999542236328,11.729999542236328,11.550000190734863,11.550000190734863,22300
2001-08-03,1.7571650743484497,11.6899995803833,11.6899995803833,11.600000381469727,11.630000114440918,17200
2001-08-06,1.755661964416504,11.680000305175781,11.6899995803833,11.550000190734863,11.600000381469727,13100
2001-08-07,1.758668303489685,11.699999809265137,11.699999809265137,11.600000381469727,11.680000305175781,42000
2001-08-08,1.7511521577835083,11.649999618530273,11.6899995803833,11.609999656677246,11.680000305175781,4300
2001-08-09,1.737623929977417,11.5600004196167,11.640000343322754,11.5600004196167,11.640000343322754,1700
2001-08-10,1.7255991697311401,11.479999542236328,11.609999656677246,11.399999618530273,11.609999656677246,27400
2001-08-13,1.734618067741394,11.539999961853027,11.619999885559082,11.350000381469727,11.579999923706055,19100
2001-08-14,1.7646809816360474,11.739999771118164,11.75,11.550000190734863,11.600000381469727,19800
2001-08-15,1.7631782293319702,11.729999542236328,11.75,11.5,11.75,33600
2001-08-16,1.7436366081237793,11.600000381469727,11.630000114440918,11.479999542236328,11.630000114440918,8800
2001-08-17,1.731612205505371,11.520000457763672,11.640000343322754,11.5,11.640000343322754,3300
2001-08-20,1.7240958213806152,11.470000267028809,11.569999694824219,11.399999618530273,11.520000457763672,4300
2001-08-21,1.7195866107940674,11.4399995803833,11.649999618530273,11.40999984741211,11.5,18000
2001-08-22,1.7150771617889404,11.40999984741211,11.5,11.319999694824219,11.5,18800
2001-08-23,1.7135740518569946,11.399999618530273,11.539999961853027,11.300000190734863,11.3100004196167,25200
2001-08-24,1.703052282333374,11.329999923706055,11.34000015258789,11.300000190734863,11.300000190734863,23800
2001-08-27,1.7075616121292114,11.359999656677246,11.489999771118164,11.350000381469727,11.4399995803833,31600
2001-08-28,1.7090649604797363,11.369999885559082,11.460000038146973,11.289999961853027,11.460000038146973,21600
2001-08-29,1.7015492916107178,11.319999694824219,11.449999809265137,11.270000457763672,11.449999809265137,6600
2001-08-30,1.6925299167633057,11.260000228881836,11.479999542236328,11.25,11.25,23600
2001-08-31,1.6955366134643555,11.279999732971191,11.449999809265137,11.25,11.3100004196167,19800
2001-09-04,1.6699827909469604,11.109999656677246,11.239999771118164,11.100000381469727,11.149999618530273,81300
2001-09-05,1.6669775247573853,11.09000015258789,11.149999618530273,11.0600004196167,11.100000381469727,30700
2001-09-06,1.6384174823760986,10.899999618530273,11.0,10.899999618530273,11.0,42900
2001-09-07,1.6399213075637817,10.90999984741211,10.989999771118164,10.8100004196167,10.989999771118164,18900
2001-09-10,1.6038455963134766,10.670000076293945,10.75,10.59000015258789,10.75,67700
2001-09-17,1.5632599592208862,10.399999618530273,10.539999961853027,10.010000228881836,10.119999885559082,105500
2001-09-18,1.5617579221725464,10.390000343322754,10.399999618530273,10.300000190734863,10.399999618530273,42900
2001-09-19,1.5347012281417847,10.210000038146973,10.369999885559082,10.050000190734863,10.369999885559082,50300
2001-09-20,1.5241795778274536,10.140000343322754,10.210000038146973,9.850000381469727,10.210000038146973,35800
2001-09-21,1.4730725288391113,9.800000190734863,10.039999961853027,9.5,10.039999961853027,85100
2001-09-24,1.5482292175292969,10.300000190734863,10.300000190734863,9.899999618530273,9.899999618530273,37000
2001-09-25,1.555745005607605,10.350000381469727,10.350000381469727,9.949999809265137,9.949999809265137,80200
2001-09-26,1.5617579221725464,10.390000343322754,10.399999618530273,10.319999694824219,10.34000015258789,28700
2001-09-27,1.5632599592208862,10.399999618530273,10.399999618530273,10.34000015258789,10.390000343322754,35500
2001-09-28,1.5782917737960815,10.5,10.5,10.359999656677246,10.449999809265137,19000
2001-10-01,1.5452228784561157,10.279999732971191,10.399999618530273,10.149999618530273,10.399999618530273,23100
2001-10-02,1.555745005607605,10.350000381469727,10.350000381469727,10.220000267028809,10.25,15700
2001-10-03,1.5542418956756592,10.34000015258789,10.350000381469727,10.109999656677246,10.289999961853027,22800
2001-10-04,1.5918205976486206,10.59000015258789,10.59000015258789,10.350000381469727,10.350000381469727,7500
2001-10-05,1.579795241355896,10.510000228881836,10.550000190734863,10.350000381469727,10.550000190734863,19600
2001-10-08,1.6008386611938477,10.649999618530273,10.75,10.4399995803833,10.460000038146973,12800
2001-10-09,1.5812978744506836,10.520000457763672,10.699999809265137,10.510000228881836,10.550000190734863,10700
2001-10-10,1.5828014612197876,10.529999732971191,10.699999809265137,10.510000228881836,10.619999885559082,14200
2001-10-11,1.6023423671722412,10.65999984741211,10.699999809265137,10.399999618530273,10.550000190734863,26100
2001-10-12,1.5782917737960815,10.5,10.600000381469727,10.300000190734863,10.600000381469727,17200
2001-10-15,1.555745005607605,10.350000381469727,10.529999732971191,10.25,10.319999694824219,28900
2001-10-16,1.5587518215179443,10.369999885559082,10.390000343322754,10.34000015258789,10.34000015258789,18200
2001-10-17,1.572279691696167,10.460000038146973,10.460000038146973,10.350000381469727,10.350000381469727,9200
2001-10-18,1.5782917737960815,10.5,10.5,10.399999618530273,10.460000038146973,6500
2001-10-19,1.5662668943405151,10.420000076293945,10.449999809265137,10.40999984741211,10.420000076293945,12200
2001-10-22,1.5888135433197021,10.569999694824219,10.569999694824219,10.359999656677246,10.359999656677246,29700
2001-10-23,1.5647642612457275,10.40999984741211,10.539999961853027,10.40999984741211,10.539999961853027,35600
2001-10-24,1.5662668943405151,10.420000076293945,10.449999809265137,10.350000381469727,10.359999656677246,44700
2001-10-25,1.573781967163086,10.470000267028809,10.489999771118164,10.3100004196167,10.350000381469727,32500
2001-10-26,1.576789140701294,10.489999771118164,10.550000190734863,10.369999885559082,10.369999885559082,16900
2001-10-29,1.5617579221725464,10.390000343322754,10.5,10.25,10.489999771118164,25100
2001-10-30,1.5587518215179443,10.369999885559082,10.380000114440918,10.220000267028809,10.300000190734863,17700
2001-10-31,1.5632599592208862,10.399999618530273,10.399999618530273,10.319999694824219,10.319999694824219,30900
2001-11-01,1.5692733526229858,10.4399995803833,10.470000267028809,10.399999618530273,10.399999618530273,14700
2001-11-02,1.5707765817642212,10.449999809265137,10.479999542236328,10.4399995803833,10.4399995803833,4500
2001-11-05,1.5812978744506836,10.520000457763672,10.59000015258789,10.449999809265137,10.449999809265137,22200
2001-11-06,1.5707765817642212,10.449999809265137,10.649999618530273,10.4399995803833,10.4399995803833,23900
2001-11-07,1.576789140701294,10.489999771118164,10.510000228881836,10.470000267028809,10.470000267028809,7200
2001-11-08,1.6173735857009888,10.760000228881836,10.800000190734863,10.600000381469727,10.600000381469727,54800
2001-11-09,1.6053482294082642,10.680000305175781,10.770000457763672,10.600000381469727,10.770000457763672,11800
2001-11-12,1.596329689025879,10.619999885559082,10.65999984741211,10.510000228881836,10.65999984741211,5800
2001-11-13,1.6233865022659302,10.800000190734863,10.800000190734863,10.680000305175781,10.710000038146973,17100
2001-11-14,1.6188766956329346,10.770000457763672,10.869999885559082,10.760000228881836,10.800000190734863,14500
2001-11-15,1.6369144916534424,10.890000343322754,10.899999618530273,10.789999961853027,10.8100004196167,23000
2001-11-16,1.6414240598678589,10.920000076293945,10.970000267028809,10.789999961853027,10.90999984741211,36200
2001-11-19,1.6699827909469604,11.109999656677246,11.119999885559082,10.920000076293945,10.920000076293945,37100
2001-11-20,1.6534488201141357,11.0,11.109999656677246,10.899999618530273,11.039999961853027,19900
2001-11-21,1.6504427194595337,10.979999542236328,11.020000457763672,10.850000381469727,11.020000457763672,30000
2001-11-23,1.6489390134811401,10.970000267028809,10.979999542236328,10.850000381469727,10.930000305175781,10800
2001-11-26,1.644430160522461,10.9399995803833,10.960000038146973,10.800000190734863,10.960000038146973,25200
2001-11-27,1.6354104280471802,10.880000114440918,10.899999618530273,10.760000228881836,10.899999618530273,15400
2001-11-28,1.6233865022659302,10.800000190734863,11.0,10.75,10.779999732971191,92500
2001-11-29,1.6233865022659302,10.800000190734863,10.9399995803833,10.670000076293945,10.829999923706055,15900
2001-11-30,1.6369144916534424,10.890000343322754,10.899999618530273,10.800000190734863,10.8100004196167,36500
2001-12-03,1.6474363803863525,10.960000038146973,10.960000038146973,10.789999961853027,10.789999961853027,18800
2001-12-04,1.6414240598678589,10.920000076293945,11.0,10.899999618530273,10.989999771118164,58200
2001-12-05,1.6534488201141357,11.0,11.149999618530273,10.9399995803833,10.9399995803833,43100
2001-12-06,1.6459327936172485,10.949999809265137,11.050000190734863,10.90999984741211,10.90999984741211,52100
2001-12-07,1.6399213075637817,10.90999984741211,10.979999542236328,10.90999984741211,10.979999542236328,6700
2001-12-10,1.6369144916534424,10.890000343322754,11.020000457763672,10.819999694824219,10.90999984741211,28000
2001-12-11,1.6384174823760986,10.899999618530273,10.979999542236328,10.8100004196167,10.8100004196167,24400
2001-12-12,1.6324045658111572,10.859999656677246,10.949999809265137,10.8100004196167,10.850000381469727,28800
2001-12-13,1.6203798055648804,10.779999732971191,10.949999809265137,10.779999732971191,10.949999809265137,26500
2001-12-14,1.6203798055648804,10.779999732971191,10.850000381469727,10.710000038146973,10.800000190734863,40600
2001-12-17,1.6534488201141357,11.0,11.050000190734863,10.800000190734863,10.800000190734863,61000
2001-12-18,1.673241376876831,10.989999771118164,10.989999771118164,10.760000228881836,10.760000228881836,18200
2001-12-19,1.6686739921569824,10.960000038146973,10.960000038146973,10.899999618530273,10.960000038146973,22200
2001-12-20,1.6564934253692627,10.880000114440918,11.0,10.850000381469727,10.859999656677246,14400
2001-12-21,1.6595386266708374,10.899999618530273,11.0,10.850000381469727,10.979999542236328,18800
2001-12-24,1.6595386266708374,10.899999618530273,10.960000038146973,10.869999885559082,10.949999809265137,11900
2001-12-26,1.6473585367202759,10.819999694824219,10.930000305175781,10.8100004196167,10.859999656677246,22100
2001-12-27,1.6564934253692627,10.880000114440918,10.930000305175781,10.819999694824219,10.819999694824219,23600
2001-12-28,1.6564934253692627,10.880000114440918,10.899999618530273,10.8100004196167,10.899999618530273,35300
2001-12-31,1.6747641563415527,11.0,11.0,10.819999694824219,10.9399995803833,48200
2002-01-02,1.6808542013168335,11.039999961853027,11.180000305175781,10.979999542236328,11.020000457763672,26900
2002-01-03,1.6930339336395264,11.119999885559082,11.300000190734863,11.100000381469727,11.180000305175781,20400
2002-01-04,1.6793314218521118,11.029999732971191,11.100000381469727,10.9399995803833,11.100000381469727,87700
2002-01-07,1.6778091192245483,11.020000457763672,11.069999694824219,10.979999542236328,11.029999732971191,14000
2002-01-08,1.671718955039978,10.979999542236328,11.09000015258789,10.979999542236328,11.0,26100
2002-01-09,1.6686739921569824,10.960000038146973,10.989999771118164,10.949999809265137,10.979999542236328,6400
2002-01-10,1.664106845855713,10.930000305175781,10.930000305175781,10.90999984741211,10.920000076293945,18000
2002-01-11,1.665628433227539,10.9399995803833,10.989999771118164,10.899999618530273,10.989999771118164,15300
2002-01-14,1.6519266366958618,10.850000381469727,10.90999984741211,10.8100004196167,10.90999984741211,27000
2002-01-15,1.648881435394287,10.829999923706055,10.829999923706055,10.800000190734863,10.8100004196167,30500
2002-01-16,1.6214759349822998,10.649999618530273,10.75,10.600000381469727,10.75,16700
2002-01-17,1.6306114196777344,10.710000038146973,10.75,10.6899995803833,10.699999809265137,25900
2002-01-18,1.6306114196777344,10.710000038146973,10.739999771118164,10.710000038146973,10.739999771118164,6700
2002-01-22,1.6290885210037231,10.699999809265137,10.760000228881836,10.65999984741211,10.65999984741211,20900
2002-01-23,1.6290885210037231,10.699999809265137,10.770000457763672,10.6899995803833,10.6899995803833,5000
2002-01-24,1.6427912712097168,10.789999961853027,10.84000015258789,10.770000457763672,10.770000457763672,8300
2002-01-25,1.6275659799575806,10.6899995803833,10.6899995803833,10.640000343322754,10.640000343322754,8800
2002-01-28,1.624521255493164,10.670000076293945,10.6899995803833,10.65999984741211,10.6899995803833,21800
2002-01-29,1.6336559057235718,10.729999542236328,10.729999542236328,10.609999656677246,10.680000305175781,11700
2002-01-30,1.6290885210037231,10.699999809265137,10.720000267028809,10.399999618530273,10.630000114440918,27900
2002-01-31,1.6275659799575806,10.6899995803833,10.699999809265137,10.550000190734863,10.699999809265137,14100
2002-02-01,1.6047283411026,10.539999961853027,10.640000343322754,10.470000267028809,10.600000381469727,8600
2002-02-04,1.5834131240844727,10.399999618530273,10.5,10.399999618530273,10.460000038146973,20800
2002-02-05,1.5773227214813232,10.359999656677246,10.5,10.359999656677246,10.390000343322754,17400
2002-02-06,1.5834131240844727,10.399999618530273,10.449999809265137,10.34000015258789,10.449999809265137,9700
2002-02-07,1.5925484895706177,10.460000038146973,10.5,10.4399995803833,10.470000267028809,20300
2002-02-08,1.595593810081482,10.479999542236328,10.5600004196167,10.479999542236328,10.539999961853027,9700
2002-02-11,1.6077739000320435,10.5600004196167,10.600000381469727,10.5,10.5,25100
2002-02-12,1.6092954874038696,10.569999694824219,10.630000114440918,10.550000190734863,10.569999694824219,23300
2002-02-13,1.6169086694717407,10.619999885559082,10.65999984741211,10.5600004196167,10.59000015258789,50000
2002-02-14,1.6519266366958618,10.850000381469727,10.850000381469727,10.65999984741211,10.65999984741211,17400
2002-02-15,1.6427912712097168,10.789999961853027,10.850000381469727,10.770000457763672,10.789999961853027,15100
2002-02-19,1.6229982376098633,10.65999984741211,10.75,10.65999984741211,10.75,14400
2002-02-20,1.6169086694717407,10.619999885559082,10.65999984741211,10.609999656677246,10.65999984741211,16200
2002-02-21,1.6169086694717407,10.619999885559082,10.630000114440918,10.600000381469727,10.619999885559082,3900
2002-02-22,1.626043438911438,10.680000305175781,10.699999809265137,10.569999694824219,10.600000381469727,27900
2002-02-25,1.6199530363082886,10.640000343322754,10.739999771118164,10.5600004196167,10.699999809265137,8700
2002-02-26,1.6092954874038696,10.569999694824219,10.619999885559082,10.510000228881836,10.619999885559082,26400
2002-02-27,1.6153857707977295,10.609999656677246,10.6899995803833,10.600000381469727,10.609999656677246,14700
2002-02-28,1.626043438911438,10.680000305175781,10.680000305175781,10.609999656677246,10.609999656677246,15800
2002-03-01,1.6290885210037231,10.699999809265137,10.75,10.600000381469727,10.6899995803833,16400
2002-03-04,1.6564934253692627,10.880000114440918,10.899999618530273,10.720000267028809,10.720000267028809,6700
2002-03-05,1.6564934253692627,10.880000114440918,10.880000114440918,10.779999732971191,10.84000015258789,18300
2002-03-06,1.6564934253692627,10.880000114440918,10.890000343322754,10.819999694824219,10.819999694824219,31400
2002-03-07,1.6671510934829712,10.949999809265137,10.979999542236328,10.90999984741211,10.970000267028809,54400
2002-03-08,1.6747641563415527,11.0,11.050000190734863,10.979999542236328,10.979999542236328,23600
2002-03-11,1.6808542013168335,11.039999961853027,11.050000190734863,11.0,11.0,17900
2002-03-12,1.6762869358062744,11.010000228881836,11.020000457763672,10.970000267028809,11.0,22600
2002-03-13,1.6808542013168335,11.039999961853027,11.039999961853027,11.010000228881836,11.029999732971191,22700
2002-03-14,1.7052143812179565,11.199999809265137,11.199999809265137,11.0600004196167,11.0600004196167,29800
2002-03-15,1.708259105682373,11.220000267028809,11.25,11.119999885559082,11.170000076293945,15800
2002-03-18,1.7173939943313599,11.279999732971191,11.34000015258789,11.239999771118164,11.239999771118164,13500
2002-03-19,1.7448002099990845,11.460000038146973,11.5600004196167,11.369999885559082,11.399999618530273,37400
2002-03-20,1.7508898973464966,11.5,11.539999961853027,11.470000267028809,11.470000267028809,10600
2002-03-21,1.7448002099990845,11.460000038146973,11.539999961853027,11.359999656677246,11.460000038146973,15000
2002-03-22,1.731096863746643,11.369999885559082,11.5,11.359999656677246,11.5,9300
2002-03-25,1.7432773113250732,11.449999809265137,11.449999809265137,11.380000114440918,11.380000114440918,5700
2002-03-26,1.7448002099990845,11.460000038146973,11.470000267028809,11.390000343322754,11.40999984741211,11200
2002-03-27,1.7448002099990845,11.460000038146973,11.460000038146973,11.399999618530273,11.399999618530273,8200
2002-03-28,1.7432773113250732,11.449999809265137,11.449999809265137,11.380000114440918,11.399999618530273,50000
2002-04-01,1.7432773113250732,11.449999809265137,11.5,11.380000114440918,11.479999542236328,13800
2002-04-02,1.7463226318359375,11.470000267028809,11.5,11.40999984741211,11.40999984741211,62400
2002-04-03,1.7493668794631958,11.489999771118164,11.5,11.4399995803833,11.5,28000
2002-04-04,1.7508898973464966,11.5,11.520000457763672,11.460000038146973,11.470000267028809,17000
2002-04-05,1.7432773113250732,11.449999809265137,11.449999809265137,11.420000076293945,11.449999809265137,15200
2002-04-08,1.7280521392822266,11.350000381469727,11.449999809265137,11.350000381469727,11.449999809265137,10900
2002-04-09,1.72500741481781,11.329999923706055,11.399999618530273,11.25,11.350000381469727,21400
2002-04-10,1.7432773113250732,11.449999809265137,11.449999809265137,11.319999694824219,11.369999885559082,14400
2002-04-11,1.731096863746643,11.369999885559082,11.369999885559082,11.329999923706055,11.350000381469727,9100
2002-04-12,1.741754412651062,11.4399995803833,11.489999771118164,11.350000381469727,11.369999885559082,9700
2002-04-15,1.7356640100479126,11.399999618530273,11.399999618530273,11.350000381469727,11.359999656677246,13100
2002-04-16,1.7432773113250732,11.449999809265137,11.449999809265137,11.399999618530273,11.399999618530273,19800
2002-04-17,1.7402313947677612,11.430000305175781,11.489999771118164,11.40999984741211,11.489999771118164,30400
2002-04-18,1.7463226318359375,11.470000267028809,11.489999771118164,11.449999809265137,11.489999771118164,30700
2002-04-19,1.7539347410202026,11.520000457763672,11.520000457763672,11.470000267028809,11.5,46100
2002-04-22,1.760024070739746,11.5600004196167,11.5600004196167,11.449999809265137,11.5,37300
2002-04-23,1.7569795846939087,11.539999961853027,11.539999961853027,11.460000038146973,11.510000228881836,20800
2002-04-24,1.766114592552185,11.600000381469727,11.600000381469727,11.510000228881836,11.510000228881836,10600
2002-04-25,1.7554572820663452,11.529999732971191,11.59000015258789,11.520000457763672,11.59000015258789,4400
2002-04-26,1.7706823348999023,11.630000114440918,11.630000114440918,11.529999732971191,11.569999694824219,20600
2002-04-29,1.7798173427581787,11.6899995803833,11.699999809265137,11.680000305175781,11.680000305175781,62900
2002-04-30,1.78134024143219,11.699999809265137,11.710000038146973,11.640000343322754,11.640000343322754,36200
2002-05-01,1.7919977903366089,11.770000457763672,11.770000457763672,11.710000038146973,11.729999542236328,32000
2002-05-02,1.78134024143219,11.699999809265137,11.8100004196167,11.649999618530273,11.720000267028809,69600
2002-05-03,1.8026549816131592,11.84000015258789,11.850000381469727,11.670000076293945,11.6899995803833,43000
2002-05-06,1.8041777610778809,11.850000381469727,11.869999885559082,11.819999694824219,11.84000015258789,46300
2002-05-07,1.7919977903366089,11.770000457763672,11.850000381469727,11.729999542236328,11.84000015258789,24900
2002-05-08,1.799609899520874,11.819999694824219,11.890000343322754,11.739999771118164,11.739999771118164,21300
2002-05-09,1.8209245204925537,11.960000038146973,12.0,11.890000343322754,11.890000343322754,19900
2002-05-10,1.828537940979004,12.010000228881836,12.020000457763672,11.949999809265137,11.949999809265137,19700
2002-05-13,1.8224478960037231,11.970000267028809,12.020000457763672,11.829999923706055,12.020000457763672,16800
2002-05-14,1.8270145654678345,12.0,12.010000228881836,11.899999618530273,12.0,10200
2002-05-15,1.8254932165145874,11.989999771118164,11.989999771118164,11.850000381469727,11.850000381469727,20800
2002-05-16,1.842240333557129,12.100000381469727,12.25,11.960000038146973,12.010000228881836,33000
2002-05-17,1.8544203042984009,12.180000305175781,12.1899995803833,12.029999732971191,12.069999694824219,13800
2002-05-20,1.8498530387878418,12.149999618530273,12.170000076293945,12.100000381469727,12.170000076293945,10800
2002-05-21,1.8483306169509888,12.140000343322754,12.15999984741211,12.100000381469727,12.15999984741211,14500
2002-05-22,1.842240333557129,12.100000381469727,12.119999885559082,12.050000190734863,12.109999656677246,23100
2002-05-23,1.8437623977661133,12.109999656677246,12.140000343322754,12.0,12.010000228881836,27200
2002-05-24,1.8483306169509888,12.140000343322754,12.140000343322754,12.020000457763672,12.100000381469727,15600
2002-05-28,1.8437623977661133,12.109999656677246,12.15999984741211,12.0600004196167,12.140000343322754,21000
2002-05-29,1.8498530387878418,12.149999618530273,12.1899995803833,12.109999656677246,12.109999656677246,25800
2002-05-30,1.8498530387878418,12.149999618530273,12.149999618530273,12.109999656677246,12.149999618530273,17900
2002-05-31,1.8620327711105347,12.229999542236328,12.229999542236328,12.119999885559082,12.180000305175781,5600
2002-06-03,1.8589881658554077,12.210000038146973,12.279999732971191,12.210000038146973,12.220000267028809,37000
2002-06-04,1.834627389907837,12.050000190734863,12.199999809265137,12.010000228881836,12.199999809265137,63600
2002-06-05,1.8464365005493164,12.039999961853027,12.039999961853027,11.9399995803833,11.9399995803833,27600
2002-06-06,1.8387682437896729,11.989999771118164,12.039999961853027,11.960000038146973,12.039999961853027,16700
2002-06-07,1.8172985315322876,11.850000381469727,11.920000076293945,11.800000190734863,11.920000076293945,13300
2002-06-10,1.8172985315322876,11.850000381469727,11.859999656677246,11.75,11.859999656677246,15900
2002-06-11,1.8218990564346313,11.880000114440918,11.899999618530273,11.760000228881836,11.890000343322754,18600
2002-06-12,1.7912280559539795,11.680000305175781,11.739999771118164,11.510000228881836,11.739999771118164,44500
2002-06-13,1.7850929498672485,11.640000343322754,11.670000076293945,11.550000190734863,11.670000076293945,10200
2002-06-14,1.7482870817184448,11.399999618530273,11.550000190734863,11.3100004196167,11.550000190734863,18100
2002-06-17,1.7758911848068237,11.579999923706055,11.579999923706055,11.470000267028809,11.5,12900
2002-06-18,1.7728246450424194,11.5600004196167,11.5600004196167,11.510000228881836,11.510000228881836,22300
2002-06-19,1.7467529773712158,11.390000343322754,11.550000190734863,11.199999809265137,11.550000190734863,20700
2002-06-20,1.7406188249588013,11.350000381469727,11.430000305175781,11.25,11.34000015258789,7200
2002-06-21,1.7145483493804932,11.180000305175781,11.34000015258789,11.050000190734863,11.289999961853027,28000
2002-06-24,1.6639398336410522,10.850000381469727,11.1899995803833,10.699999809265137,11.130000114440918,29400
2002-06-25,1.7022793292999268,11.100000381469727,11.109999656677246,10.949999809265137,10.949999809265137,41800
2002-06-26,1.679275393486023,10.949999809265137,11.010000228881836,10.850000381469727,11.0,60100
2002-06-27,1.7406188249588013,11.350000381469727,11.350000381469727,11.020000457763672,11.079999923706055,33100
2002-06-28,1.755955457687378,11.449999809265137,11.600000381469727,11.100000381469727,11.25,24600
2002-07-01,1.7482870817184448,11.399999618530273,11.529999732971191,11.399999618530273,11.529999732971191,36900
2002-07-02,1.7022793292999268,11.100000381469727,11.399999618530273,11.039999961853027,11.399999618530273,50300
2002-07-03,1.7160812616348267,11.1899995803833,11.229999542236328,11.0600004196167,11.119999885559082,27400
2002-07-05,1.7467529773712158,11.390000343322754,11.390000343322754,11.25,11.260000228881836,17800
2002-07-08,1.7436864376068115,11.369999885559082,11.390000343322754,11.279999732971191,11.390000343322754,23600
2002-07-09,1.7314175367355347,11.289999961853027,11.390000343322754,11.279999732971191,11.329999923706055,34100
2002-07-10,1.7099472284317017,11.149999618530273,11.3100004196167,11.100000381469727,11.289999961853027,47700
2002-07-11,1.6808090209960938,10.960000038146973,11.050000190734863,10.600000381469727,11.050000190734863,50200
2002-07-12,1.677742600440979,10.9399995803833,10.9399995803833,10.850000381469727,10.899999618530273,29400
2002-07-15,1.6593389511108398,10.819999694824219,10.899999618530273,10.550000190734863,10.899999618530273,42400
2002-07-16,1.631734013557434,10.640000343322754,10.75,10.600000381469727,10.649999618530273,48700
2002-07-17,1.631734013557434,10.640000343322754,10.699999809265137,10.619999885559082,10.640000343322754,97500
2002-07-18,1.6041301488876343,10.460000038146973,10.5600004196167,10.449999809265137,10.550000190734863,35200
2002-07-19,1.5719246864318848,10.25,10.34000015258789,10.170000076293945,10.289999961853027,34800
2002-07-22,1.5013794898986816,9.789999961853027,10.140000343322754,9.710000038146973,10.100000381469727,45000
2002-07-23,1.4293015003204346,9.319999694824219,9.75,9.229999542236328,9.75,59600
2002-07-24,1.4477043151855469,9.4399995803833,9.4399995803833,9.029999732971191,9.220000267028809,63300
2002-07-25,1.4569053649902344,9.5,9.899999618530273,9.479999542236328,9.699999809265137,26000
2002-07-26,1.5029137134552002,9.800000190734863,9.949999809265137,9.800000190734863,9.90999984741211,6800
2002-07-29,1.5795930624008179,10.300000190734863,10.350000381469727,10.100000381469727,10.149999618530273,21100
2002-07-30,1.5673234462738037,10.220000267028809,10.25,10.15999984741211,10.25,8400
2002-07-31,1.570391297340393,10.239999771118164,10.300000190734863,10.119999885559082,10.119999885559082,8500
2002-08-01,1.5734573602676392,10.260000228881836,10.350000381469727,10.239999771118164,10.239999771118164,18900
2002-08-02,1.561189889907837,10.180000305175781,10.199999809265137,10.170000076293945,10.199999809265137,35900
2002-08-05,1.5182493925094604,9.899999618530273,10.149999618530273,9.899999618530273,10.100000381469727,17100
2002-08-06,1.5519875288009644,10.119999885559082,10.170000076293945,9.859999656677246,9.859999656677246,51500
2002-08-07,1.5504542589187622,10.109999656677246,10.109999656677246,9.9399995803833,10.020000457763672,36400
2002-08-08,1.5673234462738037,10.220000267028809,10.260000228881836,10.100000381469727,10.109999656677246,26500
2002-08-09,1.5642563104629517,10.199999809265137,10.25,10.149999618530273,10.15999984741211,9200
2002-08-12,1.5734573602676392,10.260000228881836,10.369999885559082,10.25,10.25,9900
2002-08-13,1.5872602462768555,10.350000381469727,10.350000381469727,10.260000228881836,10.260000228881836,11600
2002-08-14,1.584193468093872,10.329999923706055,10.34000015258789,10.279999732971191,10.279999732971191,30200
2002-08-15,1.6225332021713257,10.579999923706055,10.600000381469727,10.430000305175781,10.430000305175781,73500
2002-08-16,1.627133846282959,10.609999656677246,10.609999656677246,10.430000305175781,10.479999542236328,55100
2002-08-19,1.651671290397644,10.770000457763672,10.770000457763672,10.5,10.65999984741211,26200
2002-08-20,1.6255996227264404,10.600000381469727,10.619999885559082,10.449999809265137,10.600000381469727,25800
2002-08-21,1.6409356594085693,10.699999809265137,10.699999809265137,10.529999732971191,10.680000305175781,38500
2002-08-22,1.6455368995666504,10.729999542236328,10.729999542236328,10.680000305175781,10.699999809265137,14000
2002-08-23,1.6302011013031006,10.630000114440918,10.680000305175781,10.449999809265137,10.649999618530273,60400
2002-08-26,1.6025961637496948,10.449999809265137,10.529999732971191,10.380000114440918,10.529999732971191,9900
2002-08-27,1.6209990978240967,10.569999694824219,10.710000038146973,10.5,10.630000114440918,45500
2002-08-28,1.6041301488876343,10.460000038146973,10.460000038146973,10.300000190734863,10.449999809265137,8200
2002-08-29,1.5734573602676392,10.260000228881836,10.350000381469727,10.199999809265137,10.350000381469727,18800
2002-08-30,1.588794231414795,10.359999656677246,10.390000343322754,10.270000457763672,10.289999961853027,11500
2002-09-03,1.530517339706421,9.979999542236328,10.260000228881836,9.979999542236328,10.260000228881836,18700
2002-09-04,1.5581220388412476,10.15999984741211,10.15999984741211,10.029999732971191,10.029999732971191,10600
2002-09-05,1.538185477256775,10.029999732971191,10.0600004196167,9.979999542236328,10.0600004196167,7200
2002-09-06,1.5749921798706055,10.270000457763672,10.279999732971191,10.069999694824219,10.069999694824219,8300
2002-09-09,1.536651611328125,10.020000457763672,10.029999732971191,9.90999984741211,10.0,17500
2002-09-10,1.5535216331481934,10.130000114440918,10.210000038146973,10.100000381469727,10.100000381469727,4800
2002-09-11,1.5734573602676392,10.260000228881836,10.289999961853027,10.210000038146973,10.210000038146973,3700
2002-09-12,1.5412532091140747,10.050000190734863,10.199999809265137,10.050000190734863,10.199999809265137,6700
2002-09-13,1.538185477256775,10.029999732971191,10.029999732971191,9.949999809265137,9.949999809265137,9100
2002-09-16,1.5259170532226562,9.949999809265137,10.079999923706055,9.859999656677246,10.079999923706055,7200
2002-09-17,1.4952456951141357,9.75,9.9399995803833,9.699999809265137,9.899999618530273,22200
2002-09-18,1.449237585067749,9.449999809265137,9.529999732971191,9.199999809265137,9.199999809265137,67200
2002-09-19,1.4262340068817139,9.300000190734863,9.449999809265137,9.1899995803833,9.449999809265137,28700
2002-09-20,1.449237585067749,9.449999809265137,9.470000267028809,9.380000114440918,9.380000114440918,120900
2002-09-23,1.4262340068817139,9.300000190734863,9.420000076293945,9.300000190734863,9.399999618530273,17300
2002-09-24,1.4185662269592285,9.25,9.300000190734863,9.25,9.25,9900
2002-09-25,1.4262340068817139,9.300000190734863,9.470000267028809,9.300000190734863,9.460000038146973,25500
2002-09-26,1.4753086566925049,9.619999885559082,9.800000190734863,9.510000228881836,9.510000228881836,26500
2002-09-27,1.450771450996399,9.460000038146973,9.600000381469727,9.460000038146973,9.600000381469727,1700
2002-09-30,1.4293015003204346,9.319999694824219,9.4399995803833,9.25,9.430000305175781,22100
2002-10-01,1.4722416400909424,9.600000381469727,9.600000381469727,9.34000015258789,9.34000015258789,3800
2002-10-02,1.487577199935913,9.699999809265137,9.699999809265137,9.600000381469727,9.600000381469727,6000
2002-10-03,1.4799095392227173,9.649999618530273,9.8100004196167,9.649999618530273,9.75,11600
2002-10-04,1.449237585067749,9.449999809265137,9.739999771118164,9.449999809265137,9.630000114440918,22200
2002-10-07,1.4385026693344116,9.380000114440918,9.600000381469727,9.369999885559082,9.449999809265137,26000
2002-10-08,1.4354356527328491,9.359999656677246,9.399999618530273,9.3100004196167,9.390000343322754,34000
2002-10-09,1.412432074546814,9.210000038146973,9.300000190734863,9.210000038146973,9.260000228881836,30400
2002-10-10,1.4645735025405884,9.550000190734863,9.5600004196167,9.229999542236328,9.229999542236328,49100
2002-10-11,1.5013794898986816,9.789999961853027,9.819999694824219,9.600000381469727,9.600000381469727,21300
2002-10-14,1.4753086566925049,9.619999885559082,9.739999771118164,9.609999656677246,9.739999771118164,14900
2002-10-15,1.5320520401000977,9.989999771118164,10.039999961853027,9.880000114440918,9.880000114440918,22600
2002-10-16,1.489111065864563,9.710000038146973,10.0,9.699999809265137,9.850000381469727,16900
2002-10-17,1.5090479850769043,9.84000015258789,9.949999809265137,9.8100004196167,9.8100004196167,13700
2002-10-18,1.487577199935913,9.699999809265137,9.850000381469727,9.65999984741211,9.680000305175781,35800
2002-10-21,1.4845104217529297,9.680000305175781,9.779999732971191,9.680000305175781,9.710000038146973,22100
2002-10-22,1.4952456951141357,9.75,9.75,9.670000076293945,9.75,91500
2002-10-23,1.5029137134552002,9.800000190734863,9.800000190734863,9.609999656677246,9.65999984741211,9500
2002-10-24,1.5151818990707397,9.880000114440918,9.949999809265137,9.859999656677246,9.859999656677246,21000
2002-10-25,1.5274505615234375,9.960000038146973,9.989999771118164,9.880000114440918,9.880000114440918,10300
2002-10-28,1.5182493925094604,9.899999618530273,10.149999618530273,9.890000343322754,10.039999961853027,108900
2002-10-29,1.5029137134552002,9.800000190734863,9.899999618530273,9.800000190734863,9.899999618530273,1900
2002-10-30,1.510581374168396,9.850000381469727,9.850000381469727,9.789999961853027,9.84000015258789,120700
2002-10-31,1.5489212274551392,10.100000381469727,10.140000343322754,9.90999984741211,9.949999809265137,13400
2002-11-01,1.5351179838180542,10.010000228881836,10.050000190734863,10.010000228881836,10.010000228881836,12500
2002-11-04,1.5489212274551392,10.100000381469727,10.229999542236328,10.100000381469727,10.15999984741211,40600
2002-11-05,1.5719246864318848,10.25,10.25,10.140000343322754,10.149999618530273,28000
2002-11-06,1.593395471572876,10.390000343322754,10.399999618530273,10.319999694824219,10.319999694824219,16100
2002-11-07,1.5489212274551392,10.100000381469727,10.350000381469727,10.100000381469727,10.350000381469727,28000
2002-11-08,1.556588888168335,10.149999618530273,10.15999984741211,10.130000114440918,10.149999618530273,10100
2002-11-11,1.5412532091140747,10.050000190734863,10.050000190734863,10.050000190734863,10.050000190734863,3800
2002-11-12,1.5489212274551392,10.100000381469727,10.100000381469727,10.050000190734863,10.050000190734863,35000
2002-11-13,1.5427870750427246,10.0600004196167,10.100000381469727,10.029999732971191,10.029999732971191,16300
2002-11-14,1.5749921798706055,10.270000457763672,10.300000190734863,10.199999809265137,10.199999809265137,19800
2002-11-15,1.5857266187667847,10.34000015258789,10.34000015258789,10.260000228881836,10.260000228881836,17200
2002-11-18,1.599529504776001,10.430000305175781,10.4399995803833,10.380000114440918,10.380000114440918,41600
2002-11-19,1.5918612480163574,10.380000114440918,10.4399995803833,10.380000114440918,10.390000343322754,5900
2002-11-20,1.5964614152908325,10.40999984741211,10.4399995803833,10.319999694824219,10.380000114440918,112200
2002-11-21,1.6102640628814697,10.5,10.529999732971191,10.460000038146973,10.460000038146973,113600
2002-11-22,1.5964614152908325,10.40999984741211,10.489999771118164,10.40999984741211,10.489999771118164,7700
2002-11-25,1.588794231414795,10.359999656677246,10.380000114440918,10.279999732971191,10.359999656677246,25700
2002-11-26,1.559656023979187,10.170000076293945,10.350000381469727,10.170000076293945,10.3100004196167,18800
2002-11-27,1.5857266187667847,10.34000015258789,10.34000015258789,10.210000038146973,10.210000038146973,6200
2002-11-29,1.588794231414795,10.359999656677246,10.359999656677246,10.350000381469727,10.350000381469727,1800
2002-12-02,1.5811262130737305,10.3100004196167,10.390000343322754,10.300000190734863,10.300000190734863,12700
2002-12-03,1.5581220388412476,10.15999984741211,10.25,10.15999984741211,10.229999542236328,14800
2002-12-04,1.5397192239761353,10.039999961853027,10.149999618530273,10.029999732971191,10.0600004196167,11400
2002-12-05,1.5412532091140747,10.050000190734863,10.229999542236328,10.029999732971191,10.100000381469727,12500
2002-12-06,1.536651611328125,10.020000457763672,10.050000190734863,10.010000228881836,10.050000190734863,71800
2002-12-09,1.5443196296691895,10.069999694824219,10.069999694824219,9.949999809265137,9.960000038146973,10700
2002-12-10,1.5397192239761353,10.039999961853027,10.100000381469727,9.949999809265137,10.050000190734863,12300
2002-12-11,1.545853853225708,10.079999923706055,10.079999923706055,10.0,10.010000228881836,8700
2002-12-12,1.5289840698242188,9.970000267028809,10.079999923706055,9.970000267028809,10.0,19600
2002-12-13,1.5351179838180542,10.010000228881836,10.050000190734863,9.949999809265137,10.010000228881836,12700
2002-12-16,1.559656023979187,10.170000076293945,10.239999771118164,10.010000228881836,10.010000228881836,18300
2002-12-17,1.5760159492492676,9.729999542236328,9.850000381469727,9.649999618530273,9.720000267028809,32100
2002-12-18,1.5630576610565186,9.649999618530273,9.699999809265137,9.649999618530273,9.6899995803833,6500
2002-12-19,1.554958462715149,9.600000381469727,9.75,9.5600004196167,9.5600004196167,10400
2002-12-20,1.5420008897781372,9.520000457763672,9.550000190734863,9.449999809265137,9.550000190734863,133100
2002-12-23,1.554958462715149,9.600000381469727,9.649999618530273,9.520000457763672,9.529999732971191,31000
2002-12-24,1.5662968158721924,9.670000076293945,9.670000076293945,9.5600004196167,9.649999618530273,6100
2002-12-26,1.5662968158721924,9.670000076293945,9.739999771118164,9.649999618530273,9.65999984741211,28400
2002-12-27,1.5468595027923584,9.550000190734863,9.649999618530273,9.550000190734863,9.649999618530273,29600
2002-12-30,1.554958462715149,9.600000381469727,9.699999809265137,9.510000228881836,9.510000228881836,51000
2002-12-31,1.5614376068115234,9.640000343322754,9.699999809265137,9.600000381469727,9.600000381469727,25000
2003-01-02,1.579255223274231,9.75,9.75,9.680000305175781,9.699999809265137,15800
2003-01-03,1.6246074438095093,10.029999732971191,10.050000190734863,9.800000190734863,9.84000015258789,18200
2003-01-06,1.629467487335205,10.0600004196167,10.09000015258789,10.0,10.0600004196167,10000
2003-01-07,1.611649990081787,9.949999809265137,9.989999771118164,9.949999809265137,9.989999771118164,10700
2003-01-08,1.613269567489624,9.960000038146973,9.960000038146973,9.880000114440918,9.890000343322754,24500
2003-01-09,1.6100306510925293,9.9399995803833,9.9399995803833,9.880000114440918,9.899999618530273,16000
2003-01-10,1.6197481155395508,10.0,10.0600004196167,9.9399995803833,9.9399995803833,15300
2003-01-13,1.631085991859436,10.069999694824219,10.069999694824219,10.020000457763672,10.069999694824219,9600
2003-01-14,1.6472845077514648,10.170000076293945,10.239999771118164,10.100000381469727,10.100000381469727,14200
2003-01-15,1.6359459161758423,10.100000381469727,10.170000076293945,10.050000190734863,10.119999885559082,13300
2003-01-16,1.6327064037322998,10.079999923706055,10.100000381469727,10.010000228881836,10.050000190734863,4100
2003-01-17,1.6197481155395508,10.0,10.050000190734863,9.979999542236328,10.020000457763672,27900
2003-01-21,1.613269567489624,9.960000038146973,10.050000190734863,9.899999618530273,10.050000190734863,15600
2003-01-22,1.5954527854919434,9.850000381469727,9.899999618530273,9.779999732971191,9.899999618530273,19700
2003-01-23,1.6067906618118286,9.920000076293945,9.9399995803833,9.890000343322754,9.9399995803833,7400
2003-01-24,1.5954527854919434,9.850000381469727,9.930000305175781,9.800000190734863,9.920000076293945,7000
2003-01-27,1.554958462715149,9.600000381469727,9.850000381469727,9.579999923706055,9.850000381469727,17400
2003-01-28,1.554958462715149,9.600000381469727,9.600000381469727,9.510000228881836,9.579999923706055,16600
2003-01-29,1.5533391237258911,9.59000015258789,9.59000015258789,9.5,9.520000457763672,23800
2003-01-30,1.5711561441421509,9.699999809265137,9.789999961853027,9.59000015258789,9.59000015258789,14800
2003-01-31,1.5581982135772705,9.619999885559082,9.699999809265137,9.5600004196167,9.699999809265137,17800
2003-02-03,1.554958462715149,9.600000381469727,9.75,9.510000228881836,9.569999694824219,22100
2003-02-04,1.554958462715149,9.600000381469727,9.600000381469727,9.380000114440918,9.5600004196167,31500
2003-02-05,1.540380835533142,9.510000228881836,9.649999618530273,9.510000228881836,9.550000190734863,6900
2003-02-06,1.540380835533142,9.510000228881836,9.579999923706055,9.510000228881836,9.520000457763672,4600
2003-02-07,1.5339024066925049,9.470000267028809,9.510000228881836,9.470000267028809,9.510000228881836,9900
2003-02-10,1.4998868703842163,9.260000228881836,9.470000267028809,9.170000076293945,9.470000267028809,13500
2003-02-11,1.5306620597839355,9.449999809265137,9.569999694824219,9.260000228881836,9.260000228881836,14000
2003-02-12,1.4901686906814575,9.199999809265137,9.3100004196167,9.199999809265137,9.279999732971191,39100
2003-02-13,1.4998868703842163,9.260000228881836,9.319999694824219,9.210000038146973,9.210000038146973,4100
2003-02-14,1.5096060037612915,9.319999694824219,9.319999694824219,9.119999885559082,9.199999809265137,14400
2003-02-18,1.503126621246338,9.279999732971191,9.3100004196167,9.25,9.3100004196167,13400
2003-02-19,1.503126621246338,9.279999732971191,9.279999732971191,9.149999618530273,9.229999542236328,14800
2003-02-20,1.4982678890228271,9.25,9.3100004196167,9.199999809265137,9.3100004196167,12400
2003-02-21,1.504746913909912,9.289999961853027,9.3100004196167,9.229999542236328,9.25,8900
2003-02-24,1.4998868703842163,9.260000228881836,9.3100004196167,9.260000228881836,9.3100004196167,13000
2003-02-25,1.4934083223342896,9.220000267028809,9.25,9.210000038146973,9.25,20800
2003-02-26,1.488548755645752,9.1899995803833,9.260000228881836,9.149999618530273,9.199999809265137,27800
2003-02-27,1.4739713668823242,9.100000381469727,9.220000267028809,9.100000381469727,9.220000267028809,14400
2003-02-28,1.478830337524414,9.130000114440918,9.15999984741211,9.050000190734863,9.15999984741211,27800
2003-03-03,1.4917887449264526,9.210000038146973,9.220000267028809,9.100000381469727,9.100000381469727,29800
2003-03-04,1.4739713668823242,9.100000381469727,9.220000267028809,9.100000381469727,9.109999656677246,24200
2003-03-05,1.462632179260254,9.029999732971191,9.149999618530273,8.890000343322754,9.029999732971191,31600
2003-03-06,1.4723515510559082,9.09000015258789,9.100000381469727,8.90999984741211,8.9399995803833,15800
2003-03-07,1.431857943534851,8.84000015258789,8.989999771118164,8.800000190734863,8.989999771118164,29900
2003-03-10,1.4124207496643066,8.720000267028809,8.75,8.619999885559082,8.75,26200
2003-03-11,1.4172804355621338,8.75,8.829999923706055,8.649999618530273,8.649999618530273,21000
2003-03-12,1.3929835557937622,8.600000381469727,8.75,8.520000457763672,8.75,24100
2003-03-13,1.435097336769104,8.859999656677246,8.899999618530273,8.710000038146973,8.710000038146973,13600
2003-03-14,1.4496749639511108,8.949999809265137,9.130000114440918,8.75,8.869999885559082,45300
2003-03-17,1.4642528295516968,9.039999961853027,9.15999984741211,8.800000190734863,8.859999656677246,28400
2003-03-18,1.4561539888381958,8.989999771118164,9.199999809265137,8.989999771118164,9.079999923706055,20400
2003-03-19,1.482069730758667,9.149999618530273,9.239999771118164,9.119999885559082,9.119999885559082,15300
2003-03-20,1.478830337524414,9.130000114440918,9.25,9.119999885559082,9.25,9600
2003-03-21,1.5079864263534546,9.3100004196167,9.3100004196167,9.149999618530273,9.149999618530273,15000
2003-03-24,1.4642528295516968,9.039999961853027,9.170000076293945,8.979999542236328,9.119999885559082,20700
2003-03-25,1.4658721685409546,9.050000190734863,9.180000305175781,9.0,9.0,12100
2003-03-26,1.4723515510559082,9.09000015258789,9.119999885559082,9.020000457763672,9.100000381469727,18600
2003-03-27,1.4674922227859497,9.0600004196167,9.0600004196167,8.859999656677246,8.989999771118164,10300
2003-03-28,1.4496749639511108,8.949999809265137,9.010000228881836,8.930000305175781,9.010000228881836,9800
2003-03-31,1.435097336769104,8.859999656677246,8.899999618530273,8.770000457763672,8.899999618530273,29900
2003-04-01,1.4545338153839111,8.979999542236328,9.020000457763672,8.970000267028809,8.979999542236328,15500
2003-04-02,1.4723515510559082,9.09000015258789,9.350000381469727,9.069999694824219,9.119999885559082,134900
2003-04-03,1.4755909442901611,9.109999656677246,9.170000076293945,9.109999656677246,9.15999984741211,64400
2003-04-04,1.4901686906814575,9.199999809265137,9.229999542236328,9.119999885559082,9.149999618530273,17500
2003-04-07,1.503126621246338,9.279999732971191,9.390000343322754,9.260000228881836,9.300000190734863,43800
2003-04-08,1.478830337524414,9.130000114440918,9.239999771118164,9.130000114440918,9.239999771118164,8900
2003-04-09,1.4901686906814575,9.199999809265137,9.270000457763672,9.199999809265137,9.210000038146973,21700
2003-04-10,1.478830337524414,9.130000114440918,9.1899995803833,9.119999885559082,9.140000343322754,19500
2003-04-11,1.50150728225708,9.270000457763672,9.3100004196167,9.220000267028809,9.220000267028809,19700
2003-04-14,1.503126621246338,9.279999732971191,9.350000381469727,9.270000457763672,9.34000015258789,17900
2003-04-15,1.5193240642547607,9.380000114440918,9.399999618530273,9.369999885559082,9.369999885559082,31100
2003-04-16,1.5193240642547607,9.380000114440918,9.430000305175781,9.359999656677246,9.390000343322754,25800
2003-04-17,1.525803565979004,9.420000076293945,9.420000076293945,9.329999923706055,9.34000015258789,19000
2003-04-21,1.5225639343261719,9.399999618530273,9.600000381469727,9.399999618530273,9.4399995803833,28800
2003-04-22,1.5339024066925049,9.470000267028809,9.550000190734863,9.359999656677246,9.40999984741211,40300
2003-04-23,1.55009925365448,9.569999694824219,9.59000015258789,9.489999771118164,9.569999694824219,27700
2003-04-24,1.55009925365448,9.569999694824219,9.579999923706055,9.5,9.539999961853027,47100
2003-04-25,1.5387609004974365,9.5,9.600000381469727,9.460000038146973,9.539999961853027,19200
2003-04-28,1.5517189502716064,9.579999923706055,9.789999961853027,9.520000457763672,9.520000457763672,22300
2003-04-29,1.5614376068115234,9.640000343322754,9.720000267028809,9.609999656677246,9.649999618530273,30700
2003-04-30,1.5954527854919434,9.850000381469727,9.890000343322754,9.670000076293945,9.680000305175781,51300
2003-05-01,1.5824943780899048,9.770000457763672,9.800000190734863,9.630000114440918,9.800000190734863,20000
2003-05-02,1.5873535871505737,9.800000190734863,9.84000015258789,9.670000076293945,9.670000076293945,16100
2003-05-05,1.6278471946716309,10.050000190734863,10.050000190734863,9.880000114440918,9.899999618530273,23300
2003-05-06,1.6343270540237427,10.09000015258789,10.09000015258789,10.0,10.050000190734863,23400
2003-05-07,1.6327064037322998,10.079999923706055,10.109999656677246,10.079999923706055,10.09000015258789,20300
2003-05-08,1.6246074438095093,10.029999732971191,10.100000381469727,10.0,10.0,14600
2003-05-09,1.6278471946716309,10.050000190734863,10.239999771118164,9.960000038146973,9.960000038146973,11800
2003-05-12,1.6408053636550903,10.130000114440918,10.149999618530273,10.0,10.100000381469727,24100
2003-05-13,1.629467487335205,10.0600004196167,10.100000381469727,9.979999542236328,10.079999923706055,7800
2003-05-14,1.6278471946716309,10.050000190734863,10.199999809265137,10.050000190734863,10.15999984741211,12800
2003-05-15,1.6440447568893433,10.149999618530273,10.199999809265137,10.050000190734863,10.050000190734863,17300
2003-05-16,1.6375659704208374,10.109999656677246,10.199999809265137,10.050000190734863,10.199999809265137,4600
2003-05-19,1.6278471946716309,10.050000190734863,10.199999809265137,10.050000190734863,10.199999809265137,19000
2003-05-20,1.6489044427871704,10.180000305175781,10.180000305175781,10.020000457763672,10.020000457763672,12700
2003-05-21,1.6278471946716309,10.050000190734863,10.130000114440918,10.010000228881836,10.100000381469727,20900
2003-05-22,1.653762936592102,10.210000038146973,10.210000038146973,10.140000343322754,10.140000343322754,46300
2003-05-23,1.653762936592102,10.210000038146973,10.210000038146973,10.170000076293945,10.170000076293945,7900
2003-05-27,1.666721224784851,10.289999961853027,10.289999961853027,10.180000305175781,10.199999809265137,19600
2003-05-28,1.6829192638397217,10.390000343322754,10.390000343322754,10.210000038146973,10.210000038146973,32700
2003-05-29,1.6651017665863037,10.279999732971191,10.399999618530273,10.279999732971191,10.390000343322754,13500
2003-05-30,1.673200011253357,10.329999923706055,10.350000381469727,10.279999732971191,10.319999694824219,29500
2003-06-02,1.6958765983581543,10.470000267028809,10.529999732971191,10.380000114440918,10.380000114440918,27600
2003-06-03,1.6991162300109863,10.489999771118164,10.550000190734863,10.369999885559082,10.550000190734863,21100
2003-06-04,1.6950138807296753,10.329999923706055,10.380000114440918,10.25,10.369999885559082,35500
2003-06-05,1.6917319297790527,10.3100004196167,10.319999694824219,10.25,10.300000190734863,16300
2003-06-06,1.714704990386963,10.449999809265137,10.680000305175781,10.399999618530273,10.449999809265137,51200
2003-06-09,1.6966547966003418,10.34000015258789,10.550000190734863,10.220000267028809,10.550000190734863,34000
2003-06-10,1.7212680578231812,10.489999771118164,10.520000457763672,10.359999656677246,10.359999656677246,16500
2003-06-11,1.7508035898208618,10.670000076293945,10.699999809265137,10.449999809265137,10.510000228881836,15600
2003-06-12,1.7557260990142822,10.699999809265137,10.699999809265137,10.550000190734863,10.670000076293945,32300
2003-06-13,1.7360361814498901,10.579999923706055,10.680000305175781,10.569999694824219,10.680000305175781,19100
2003-06-16,1.739317536354065,10.600000381469727,10.699999809265137,10.569999694824219,10.680000305175781,23500
2003-06-17,1.7573670148849487,10.710000038146973,10.850000381469727,10.65999984741211,10.699999809265137,37700
2003-06-18,1.7639299631118774,10.75,10.800000190734863,10.609999656677246,10.710000038146973,26800
2003-06-19,1.7639299631118774,10.75,10.75,10.600000381469727,10.739999771118164,19600
2003-06-20,1.7557260990142822,10.699999809265137,10.75,10.619999885559082,10.75,16600
2003-06-23,1.731113314628601,10.550000190734863,10.699999809265137,10.420000076293945,10.630000114440918,15900
2003-06-24,1.744240164756775,10.630000114440918,10.640000343322754,10.470000267028809,10.59000015258789,11500
2003-06-25,1.732754111289978,10.5600004196167,10.649999618530273,10.5600004196167,10.640000343322754,4600
2003-06-26,1.7261905670166016,10.520000457763672,10.59000015258789,10.5,10.5600004196167,12800
2003-06-27,1.731113314628601,10.550000190734863,10.640000343322754,10.550000190734863,10.5600004196167,7400
2003-06-30,1.714704990386963,10.449999809265137,10.600000381469727,10.25,10.600000381469727,23600
2003-07-01,1.673682689666748,10.199999809265137,10.350000381469727,10.029999732971191,10.350000381469727,42500
2003-07-02,1.701578140258789,10.369999885559082,10.380000114440918,10.25,10.260000228881836,13900
2003-07-03,1.714704990386963,10.449999809265137,10.479999542236328,10.350000381469727,10.479999542236328,8600
2003-07-07,1.7458808422088623,10.640000343322754,10.649999618530273,10.449999809265137,10.5,9800
2003-07-08,1.732754111289978,10.5600004196167,10.600000381469727,10.460000038146973,10.600000381469727,17100
2003-07-09,1.7212680578231812,10.489999771118164,10.550000190734863,10.449999809265137,10.479999542236328,36000
2003-07-10,1.6950138807296753,10.329999923706055,10.449999809265137,10.329999923706055,10.449999809265137,15600
2003-07-11,1.7130634784698486,10.4399995803833,10.449999809265137,10.350000381469727,10.350000381469727,16200
2003-07-14,1.7261905670166016,10.520000457763672,10.579999923706055,10.449999809265137,10.579999923706055,2200
2003-07-15,1.704859972000122,10.390000343322754,10.5,10.3100004196167,10.420000076293945,9800
2003-07-16,1.6572740077972412,10.100000381469727,10.449999809265137,10.079999923706055,10.449999809265137,24600
2003-07-17,1.6621967554092407,10.130000114440918,10.1899995803833,10.100000381469727,10.100000381469727,8400
2003-07-18,1.6802465915679932,10.239999771118164,10.239999771118164,10.100000381469727,10.130000114440918,42000
2003-07-21,1.6572740077972412,10.100000381469727,10.25,10.079999923706055,10.149999618530273,35300
2003-07-22,1.6671197414398193,10.15999984741211,10.260000228881836,10.109999656677246,10.109999656677246,6400
2003-07-23,1.6917319297790527,10.3100004196167,10.3100004196167,10.260000228881836,10.260000228881836,3700
2003-07-24,1.7065001726150513,10.399999618530273,10.4399995803833,10.319999694824219,10.319999694824219,15200
2003-07-25,1.7081407308578491,10.40999984741211,10.470000267028809,10.380000114440918,10.449999809265137,11800
2003-07-28,1.7245503664016724,10.510000228881836,10.609999656677246,10.470000267028809,10.470000267028809,26500
2003-07-29,1.7179861068725586,10.470000267028809,10.5600004196167,10.40999984741211,10.5600004196167,13800
2003-07-30,1.7278316020965576,10.529999732971191,10.569999694824219,10.479999542236328,10.489999771118164,8700
2003-07-31,1.7261905670166016,10.520000457763672,10.59000015258789,10.489999771118164,10.489999771118164,15100
2003-08-01,1.69829523563385,10.350000381469727,10.529999732971191,10.34000015258789,10.529999732971191,20800
2003-08-04,1.7097818851470947,10.420000076293945,10.520000457763672,10.319999694824219,10.319999694824219,20600
2003-08-05,1.7639299631118774,10.75,10.90999984741211,10.430000305175781,10.430000305175781,83500
2003-08-06,1.7590078115463257,10.720000267028809,10.800000190734863,10.619999885559082,10.680000305175781,30900
2003-08-07,1.7343950271606445,10.569999694824219,10.609999656677246,10.449999809265137,10.609999656677246,7200
2003-08-08,1.7360361814498901,10.579999923706055,10.649999618530273,10.569999694824219,10.649999618530273,11300
2003-08-11,1.7409582138061523,10.609999656677246,10.619999885559082,10.5600004196167,10.579999923706055,11400
2003-08-12,1.7409582138061523,10.609999656677246,10.609999656677246,10.380000114440918,10.600000381469727,7800
2003-08-13,1.7229083776474,10.5,10.609999656677246,10.5,10.609999656677246,13000
2003-08-14,1.7343950271606445,10.569999694824219,10.579999923706055,10.520000457763672,10.520000457763672,19400
2003-08-15,1.7294725179672241,10.539999961853027,10.600000381469727,10.489999771118164,10.520000457763672,29800
2003-08-18,1.731113314628601,10.550000190734863,10.579999923706055,10.460000038146973,10.550000190734863,22200
2003-08-19,1.7261905670166016,10.520000457763672,10.539999961853027,10.479999542236328,10.510000228881836,37500
2003-08-20,1.714704990386963,10.449999809265137,10.520000457763672,10.449999809265137,10.5,19600
2003-08-21,1.7294725179672241,10.539999961853027,10.5600004196167,10.449999809265137,10.460000038146973,23000
2003-08-22,1.7179861068725586,10.470000267028809,10.5,10.199999809265137,10.199999809265137,33800
2003-08-25,1.7065001726150513,10.399999618530273,10.420000076293945,10.319999694824219,10.420000076293945,14900
2003-08-26,1.7065001726150513,10.399999618530273,10.430000305175781,10.25,10.329999923706055,17900
2003-08-27,1.7196271419525146,10.479999542236328,10.489999771118164,10.359999656677246,10.399999618530273,8800
2003-08-28,1.7130634784698486,10.4399995803833,10.5,10.4399995803833,10.5,18000
2003-08-29,1.7261905670166016,10.520000457763672,10.520000457763672,10.34000015258789,10.34000015258789,3600
2003-09-02,1.714704990386963,10.449999809265137,10.520000457763672,10.359999656677246,10.520000457763672,45500
2003-09-03,1.7343950271606445,10.569999694824219,10.600000381469727,10.529999732971191,10.550000190734863,87100
2003-09-04,1.737676739692688,10.59000015258789,10.600000381469727,10.539999961853027,10.600000381469727,14200
2003-09-05,1.7508035898208618,10.670000076293945,10.680000305175781,10.550000190734863,10.619999885559082,35800
2003-09-08,1.7655714750289917,10.760000228881836,10.779999732971191,10.710000038146973,10.720000267028809,31300
2003-09-09,1.7754168510437012,10.819999694824219,10.869999885559082,10.800000190734863,10.819999694824219,30200
2003-09-10,1.7655714750289917,10.760000228881836,10.850000381469727,10.760000228881836,10.850000381469727,21100
2003-09-11,1.7836207151412964,10.869999885559082,10.869999885559082,10.770000457763672,10.770000457763672,37100
2003-09-12,1.7770572900772095,10.829999923706055,10.850000381469727,10.800000190734863,10.84000015258789,19400
2003-09-15,1.7918258905410767,10.920000076293945,10.989999771118164,10.920000076293945,10.920000076293945,30700
2003-09-16,1.819719910621643,11.09000015258789,11.09000015258789,10.949999809265137,10.989999771118164,72100
2003-09-17,1.8295646905899048,11.149999618530273,11.180000305175781,11.039999961853027,11.170000076293945,28600
2003-09-18,1.827924132347107,11.140000343322754,11.170000076293945,11.100000381469727,11.170000076293945,21200
2003-09-19,1.8295646905899048,11.149999618530273,11.15999984741211,11.050000190734863,11.069999694824219,23400
2003-09-22,1.8049520254135132,11.0,11.149999618530273,10.949999809265137,11.149999618530273,36700
2003-09-23,1.8049520254135132,11.0,11.0,10.960000038146973,10.979999542236328,21500
2003-09-24,1.8033113479614258,10.989999771118164,11.109999656677246,10.989999771118164,11.029999732971191,36900
2003-09-25,1.8000301122665405,10.970000267028809,11.0,10.90999984741211,10.979999542236328,9600
2003-09-26,1.780339241027832,10.850000381469727,10.90999984741211,10.819999694824219,10.819999694824219,7200
2003-09-29,1.8131567239761353,11.050000190734863,11.069999694824219,10.829999923706055,10.850000381469727,26700
2003-09-30,1.795107364654541,10.9399995803833,11.0,10.899999618530273,11.0,18600
2003-10-01,1.81643807888031,11.069999694824219,11.079999923706055,11.0,11.0,12100
2003-10-02,1.8574597835540771,11.319999694824219,11.329999923706055,11.020000457763672,11.079999923706055,62800
2003-10-03,1.8705867528915405,11.399999618530273,11.399999618530273,11.130000114440918,11.329999923706055,64000
2003-10-06,1.8705867528915405,11.399999618530273,11.470000267028809,11.329999923706055,11.430000305175781,14000
2003-10-07,1.8623822927474976,11.350000381469727,11.420000076293945,11.289999961853027,11.399999618530273,26700
2003-10-08,1.8705867528915405,11.399999618530273,11.399999618530273,11.359999656677246,11.359999656677246,8800
2003-10-09,1.8771501779556274,11.4399995803833,11.5,11.319999694824219,11.369999885559082,22400
2003-10-10,1.9034042358398438,11.600000381469727,11.600000381469727,11.420000076293945,11.420000076293945,42900
2003-10-13,1.9165314435958862,11.680000305175781,11.680000305175781,11.449999809265137,11.449999809265137,40800
2003-10-14,1.9099677801132202,11.640000343322754,11.640000343322754,11.600000381469727,11.630000114440918,6500
2003-10-15,1.9066860675811768,11.619999885559082,11.649999618530273,11.600000381469727,11.649999618530273,6800
2003-10-16,1.9116084575653076,11.649999618530273,11.649999618530273,11.609999656677246,11.609999656677246,14200
2003-10-17,1.9034042358398438,11.600000381469727,11.630000114440918,11.550000190734863,11.619999885559082,41000
2003-10-20,1.8968408107757568,11.5600004196167,11.699999809265137,11.529999732971191,11.699999809265137,17700
2003-10-21,1.8902775049209595,11.520000457763672,11.649999618530273,11.520000457763672,11.600000381469727,31000
2003-10-22,1.8755090236663818,11.430000305175781,11.550000190734863,11.430000305175781,11.520000457763672,27700
2003-10-23,1.8869960308074951,11.5,11.5,11.399999618530273,11.40999984741211,17500
2003-10-24,1.8771501779556274,11.4399995803833,11.529999732971191,11.420000076293945,11.5,15300
2003-10-27,1.8919180631637573,11.529999732971191,11.5600004196167,11.460000038146973,11.479999542236328,25800
2003-10-28,1.9116084575653076,11.649999618530273,11.649999618530273,11.489999771118164,11.5600004196167,50400
2003-10-29,1.9198129177093506,11.699999809265137,11.75,11.600000381469727,11.649999618530273,61700
2003-10-30,1.9296579360961914,11.760000228881836,11.800000190734863,11.619999885559082,11.720000267028809,16000
2003-10-31,1.9247355461120605,11.729999542236328,11.850000381469727,11.729999542236328,11.75,21200
2003-11-03,1.9312993288040161,11.770000457763672,11.949999809265137,11.729999542236328,11.729999542236328,39300
2003-11-04,1.9198129177093506,11.699999809265137,11.770000457763672,11.640000343322754,11.729999542236328,18300
2003-11-05,1.9034042358398438,11.600000381469727,11.699999809265137,11.569999694824219,11.699999809265137,28900
2003-11-06,1.893559217453003,11.539999961853027,11.5600004196167,11.5,11.550000190734863,102000
2003-11-07,1.9066860675811768,11.619999885559082,11.640000343322754,11.550000190734863,11.550000190734863,9300
2003-11-10,1.8705867528915405,11.399999618530273,11.680000305175781,11.399999618530273,11.65999984741211,35500
2003-11-11,1.8837133646011353,11.479999542236328,11.59000015258789,11.420000076293945,11.420000076293945,13800
2003-11-12,1.923094391822815,11.720000267028809,11.729999542236328,11.520000457763672,11.579999923706055,37200
2003-11-13,1.9460663795471191,11.859999656677246,11.880000114440918,11.770000457763672,11.770000457763672,26600
2003-11-14,1.9608341455459595,11.949999809265137,12.0,11.8100004196167,11.8100004196167,38500
2003-11-17,1.936221718788147,11.800000190734863,11.90999984741211,11.800000190734863,11.850000381469727,14000
2003-11-18,1.9427841901779175,11.84000015258789,11.880000114440918,11.779999732971191,11.779999732971191,19100
2003-11-19,1.9444254636764526,11.850000381469727,11.850000381469727,11.8100004196167,11.829999923706055,16000
2003-11-20,1.9427841901779175,11.84000015258789,11.869999885559082,11.789999961853027,11.800000190734863,7900
2003-11-21,1.9706799983978271,12.010000228881836,12.010000228881836,11.880000114440918,11.880000114440918,33500
2003-11-24,1.9838066101074219,12.09000015258789,12.109999656677246,12.0,12.109999656677246,26300
2003-11-25,1.9854472875595093,12.100000381469727,12.1899995803833,12.100000381469727,12.100000381469727,21700
2003-11-26,2.0051369667053223,12.220000267028809,12.260000228881836,12.119999885559082,12.119999885559082,13700
2003-11-28,2.0182650089263916,12.300000190734863,12.300000190734863,12.229999542236328,12.239999771118164,5900
2003-12-01,2.04944109916687,12.489999771118164,12.579999923706055,12.420000076293945,12.430000305175781,39500
2003-12-02,2.057645082473755,12.539999961853027,12.569999694824219,12.420000076293945,12.569999694824219,13900
2003-12-03,2.082258462905884,12.6899995803833,12.699999809265137,12.630000114440918,12.699999809265137,31000
2003-12-04,2.087181568145752,12.720000267028809,12.779999732971191,12.59000015258789,12.59000015258789,51400
2003-12-05,2.070772647857666,12.619999885559082,12.699999809265137,12.539999961853027,12.6899995803833,35000
2003-12-08,2.059286594390869,12.550000190734863,12.789999961853027,12.550000190734863,12.680000305175781,50800
2003-12-09,2.075695037841797,12.649999618530273,12.699999809265137,12.600000381469727,12.619999885559082,41600
2003-12-10,2.0724129676818848,12.630000114440918,12.65999984741211,12.520000457763672,12.619999885559082,46800
2003-12-11,2.0796315670013428,12.100000381469727,12.1899995803833,12.010000228881836,12.149999618530273,12200
2003-12-12,2.091662645339966,12.170000076293945,12.180000305175781,12.050000190734863,12.0600004196167,17500
2003-12-15,2.081350803375244,12.109999656677246,12.170000076293945,12.029999732971191,12.140000343322754,35700
2003-12-16,2.093381404876709,12.180000305175781,12.180000305175781,12.0,12.109999656677246,65200
2003-12-17,2.1019747257232666,12.229999542236328,12.270000457763672,12.180000305175781,12.1899995803833,27700
2003-12-18,2.1225996017456055,12.350000381469727,12.359999656677246,12.220000267028809,12.239999771118164,58700
2003-12-19,2.126037359237671,12.369999885559082,12.390000343322754,12.34000015258789,12.359999656677246,20000
2003-12-22,2.1329119205474854,12.40999984741211,12.430000305175781,12.350000381469727,12.359999656677246,17800
2003-12-23,2.153536081314087,12.529999732971191,12.529999732971191,12.430000305175781,12.430000305175781,48400
2003-12-24,2.1483795642852783,12.5,12.5,12.430000305175781,12.430000305175781,14600
2003-12-26,2.1569736003875732,12.550000190734863,12.640000343322754,12.510000228881836,12.510000228881836,16100
2003-12-29,2.1741604804992676,12.649999618530273,12.670000076293945,12.600000381469727,12.640000343322754,37500
2003-12-30,2.199941396713257,12.800000190734863,12.819999694824219,12.65999984741211,12.699999809265137,107800
2003-12-31,2.2205655574798584,12.920000076293945,12.9399995803833,12.720000267028809,12.789999961853027,31900
2004-01-02,2.2463464736938477,13.069999694824219,13.09000015258789,12.970000267028809,13.020000457763672,174200
2004-01-05,2.2944695949554443,13.350000381469727,13.350000381469727,13.15999984741211,13.170000076293945,128600
2004-01-06,2.3168129920959473,13.479999542236328,13.479999542236328,13.34000015258789,13.430000305175781,132300
2004-01-07,2.306500196456909,13.420000076293945,13.479999542236328,13.369999885559082,13.479999542236328,77800
2004-01-08,2.3305625915527344,13.5600004196167,13.5600004196167,13.470000267028809,13.520000457763672,125100
2004-01-09,2.3460311889648438,13.649999618530273,13.729999542236328,13.539999961853027,13.569999694824219,122300
2004-01-12,2.3305625915527344,13.5600004196167,13.710000038146973,13.5600004196167,13.6899995803833,146900
2004-01-13,2.337437152862549,13.600000381469727,13.630000114440918,13.520000457763672,13.569999694824219,68400
2004-01-14,2.3614985942840576,13.739999771118164,13.739999771118164,13.649999618530273,13.6899995803833,86700
2004-01-15,2.337437152862549,13.600000381469727,13.720000267028809,13.600000381469727,13.699999809265137,94100
2004-01-16,2.3185315132141113,13.489999771118164,13.600000381469727,13.34000015258789,13.600000381469727,102900
2004-01-20,2.327125310897827,13.539999961853027,13.609999656677246,13.5,13.539999961853027,115900
2004-01-21,2.3202505111694336,13.5,13.5,13.460000038146973,13.5,62000
2004-01-22,2.339156150817871,13.609999656677246,13.619999885559082,13.5,13.5,69000
2004-01-23,2.3460311889648438,13.649999618530273,13.6899995803833,13.539999961853027,13.680000305175781,102700
2004-01-26,2.352905750274658,13.6899995803833,13.6899995803833,13.609999656677246,13.640000343322754,71700
2004-01-27,2.3683738708496094,13.779999732971191,13.789999961853027,13.649999618530273,13.680000305175781,41600
2004-01-28,2.3116564750671387,13.449999809265137,13.779999732971191,13.4399995803833,13.779999732971191,90600
2004-01-29,2.3219690322875977,13.510000228881836,13.59000015258789,13.449999809265137,13.550000190734863,53000
2004-01-30,2.2944695949554443,13.350000381469727,13.5,13.3100004196167,13.5,73800
2004-02-02,2.304781675338745,13.40999984741211,13.460000038146973,13.399999618530273,13.399999618530273,32800
2004-02-03,2.323688268661499,13.520000457763672,13.529999732971191,13.399999618530273,13.470000267028809,24100
2004-02-04,2.325406551361084,13.529999732971191,13.600000381469727,13.5,13.5,26300
2004-02-05,2.3219690322875977,13.510000228881836,13.609999656677246,13.510000228881836,13.579999923706055,58000
2004-02-06,2.3614985942840576,13.739999771118164,13.75,13.609999656677246,13.609999656677246,17500
2004-02-09,2.395873785018921,13.9399995803833,13.979999542236328,13.720000267028809,13.739999771118164,54700
2004-02-10,2.385560989379883,13.880000114440918,13.979999542236328,13.84000015258789,13.960000038146973,51700
2004-02-11,2.397592067718506,13.949999809265137,14.0,13.880000114440918,13.920000076293945,48500
2004-02-12,2.3821239471435547,13.859999656677246,13.960000038146973,13.859999656677246,13.920000076293945,19500
2004-02-13,2.385560989379883,13.880000114440918,13.960000038146973,13.8100004196167,13.84000015258789,33900
2004-02-17,2.390717029571533,13.90999984741211,13.9399995803833,13.899999618530273,13.899999618530273,30100
2004-02-18,2.3546245098114014,13.699999809265137,13.899999618530273,13.619999885559082,13.899999618530273,48800
2004-02-19,2.3408751487731934,13.619999885559082,13.699999809265137,13.619999885559082,13.670000076293945,56300
2004-02-20,2.301344633102417,13.390000343322754,13.600000381469727,13.3100004196167,13.520000457763672,89000
2004-02-23,2.301344633102417,13.390000343322754,13.569999694824219,13.329999923706055,13.449999809265137,42000
2004-02-24,2.2927520275115967,13.34000015258789,13.479999542236328,13.229999542236328,13.34000015258789,39000
2004-02-25,2.273845672607422,13.229999542236328,13.399999618530273,13.229999542236328,13.300000190734863,39400
2004-02-26,2.279001235961914,13.260000228881836,13.300000190734863,13.199999809265137,13.229999542236328,32100
2004-02-27,2.2807202339172363,13.270000457763672,13.300000190734863,13.199999809265137,13.260000228881836,28400
2004-03-01,2.277282953262329,13.25,13.300000190734863,13.239999771118164,13.300000190734863,27700
2004-03-02,2.2566585540771484,13.130000114440918,13.329999923706055,13.020000457763672,13.25,55000
2004-03-03,2.2429089546203613,13.050000190734863,13.09000015258789,12.930000305175781,13.0600004196167,84600
2004-03-04,2.249783515930176,13.09000015258789,13.109999656677246,12.989999771118164,12.989999771118164,34200
2004-03-05,2.253221273422241,13.109999656677246,13.1899995803833,13.039999961853027,13.100000381469727,76900
2004-03-08,2.2807202339172363,13.270000457763672,13.380000114440918,13.210000038146973,13.210000038146973,67500
2004-03-09,2.265251398086548,13.180000305175781,13.3100004196167,13.180000305175781,13.289999961853027,61100
2004-03-10,2.265251398086548,13.180000305175781,13.3100004196167,13.050000190734863,13.279999732971191,81700
2004-03-11,2.2205655574798584,12.920000076293945,13.029999732971191,12.84000015258789,13.0,72700
2004-03-12,2.199941396713257,12.800000190734863,12.859999656677246,12.800000190734863,12.819999694824219,81700
2004-03-15,2.15525484085083,12.539999961853027,12.84000015258789,12.5,12.84000015258789,143500
2004-03-16,2.1569736003875732,12.550000190734863,12.59000015258789,12.529999732971191,12.579999923706055,72500
2004-03-17,2.179316282272339,12.680000305175781,12.699999809265137,12.609999656677246,12.609999656677246,44800
2004-03-18,2.19134783744812,12.75,12.8100004196167,12.65999984741211,12.680000305175781,28500
2004-03-19,2.21197247505188,12.869999885559082,12.880000114440918,12.710000038146973,12.710000038146973,37700
2004-03-22,2.167285442352295,12.609999656677246,12.760000228881836,12.600000381469727,12.739999771118164,177100
2004-03-23,2.2050976753234863,12.829999923706055,12.850000381469727,12.609999656677246,12.680000305175781,35600
2004-03-24,2.199941396713257,12.800000190734863,12.880000114440918,12.649999618530273,12.8100004196167,22300
2004-03-25,2.1965034008026123,12.779999732971191,12.890000343322754,12.609999656677246,12.890000343322754,22500
2004-03-26,2.199941396713257,12.800000190734863,12.859999656677246,12.609999656677246,12.75,16400
2004-03-29,2.2360336780548096,13.010000228881836,13.039999961853027,12.84000015258789,12.890000343322754,38700
2004-03-30,2.237752914428711,13.020000457763672,13.050000190734863,12.949999809265137,12.949999809265137,36000
2004-03-31,2.2600951194763184,13.149999618530273,13.149999618530273,13.010000228881836,13.100000381469727,17400
2004-04-01,2.28759503364563,13.3100004196167,13.3100004196167,13.050000190734863,13.050000190734863,10100
2004-04-02,2.2566585540771484,13.130000114440918,13.300000190734863,13.100000381469727,13.300000190734863,24900
2004-04-05,2.229159116744995,12.970000267028809,13.100000381469727,12.899999618530273,13.100000381469727,59600
2004-04-06,2.2343156337738037,13.0,13.0,12.899999618530273,12.970000267028809,19300
2004-04-07,2.2343156337738037,13.0,13.0,12.9399995803833,13.0,18800
2004-04-08,2.225722312927246,12.949999809265137,13.0,12.949999809265137,13.0,38100
2004-04-12,2.249783515930176,13.09000015258789,13.09000015258789,13.050000190734863,13.050000190734863,25600
2004-04-13,2.218846321105957,12.90999984741211,13.010000228881836,12.850000381469727,13.0,73400
2004-04-14,2.203378915786743,12.819999694824219,12.84000015258789,12.75,12.8100004196167,17900
2004-04-15,2.2154088020324707,12.890000343322754,12.930000305175781,12.75,12.899999618530273,9500
2004-04-16,2.20166015625,12.8100004196167,12.899999618530273,12.75,12.850000381469727,35500
2004-04-19,2.2154088020324707,12.890000343322754,12.949999809265137,12.819999694824219,12.890000343322754,15200
2004-04-20,2.218846321105957,12.90999984741211,12.970000267028809,12.899999618530273,12.949999809265137,16500
2004-04-21,2.20166015625,12.8100004196167,12.920000076293945,12.760000228881836,12.90999984741211,19600
2004-04-22,2.199941396713257,12.800000190734863,12.8100004196167,12.699999809265137,12.8100004196167,25500
2004-04-23,2.21197247505188,12.869999885559082,12.869999885559082,12.8100004196167,12.8100004196167,39500
2004-04-26,2.225722312927246,12.949999809265137,12.979999542236328,12.829999923706055,12.90999984741211,87900
2004-04-27,2.2325961589813232,12.989999771118164,13.010000228881836,12.859999656677246,12.920000076293945,35700
2004-04-28,2.2050976753234863,12.829999923706055,12.989999771118164,12.829999923706055,12.989999771118164,24800
2004-04-29,2.1947848796844482,12.770000457763672,12.890000343322754,12.760000228881836,12.819999694824219,46600
2004-04-30,2.1982221603393555,12.789999961853027,12.869999885559082,12.779999732971191,12.800000190734863,23100
2004-05-03,2.206815481185913,12.84000015258789,12.920000076293945,12.760000228881836,12.760000228881836,61100
2004-05-04,2.2222838401794434,12.930000305175781,12.930000305175781,12.760000228881836,12.760000228881836,31500
2004-05-05,2.2325961589813232,12.989999771118164,13.020000457763672,12.90999984741211,12.920000076293945,63300
2004-05-06,2.2085347175598145,12.850000381469727,12.949999809265137,12.770000457763672,12.949999809265137,59000
2004-05-07,2.1775989532470703,12.670000076293945,12.760000228881836,12.630000114440918,12.760000228881836,63700
2004-05-10,2.131192684173584,12.399999618530273,12.600000381469727,11.960000038146973,12.569999694824219,83600
2004-05-11,2.1432242393493652,12.470000267028809,12.489999771118164,12.319999694824219,12.319999694824219,25300
2004-05-12,2.1449432373046875,12.479999542236328,12.5,12.25,12.489999771118164,26700
2004-05-13,2.1466619968414307,12.489999771118164,12.65999984741211,12.430000305175781,12.449999809265137,28500
2004-05-14,2.131192684173584,12.399999618530273,12.5,12.390000343322754,12.449999809265137,38300
2004-05-17,2.1225996017456055,12.350000381469727,12.449999809265137,12.300000190734863,12.4399995803833,19000
2004-05-18,2.1415047645568848,12.460000038146973,12.479999542236328,12.40999984741211,12.40999984741211,12100
2004-05-19,2.1741604804992676,12.649999618530273,12.739999771118164,12.520000457763672,12.520000457763672,14200
2004-05-20,2.1604113578796387,12.569999694824219,12.75,12.550000190734863,12.630000114440918,38600
2004-05-21,2.1810359954833984,12.6899995803833,12.699999809265137,12.59000015258789,12.600000381469727,6000
2004-05-24,2.1947848796844482,12.770000457763672,12.859999656677246,12.729999542236328,12.75,20200
2004-05-25,2.2154088020324707,12.890000343322754,12.890000343322754,12.670000076293945,12.729999542236328,13000
2004-05-26,2.20166015625,12.8100004196167,12.90999984741211,12.800000190734863,12.890000343322754,24200
2004-05-27,2.2222838401794434,12.930000305175781,12.930000305175781,12.859999656677246,12.859999656677246,68100
2004-05-28,2.217128038406372,12.899999618530273,12.90999984741211,12.850000381469727,12.90999984741211,20300
2004-06-01,2.2085347175598145,12.850000381469727,12.850000381469727,12.779999732971191,12.84000015258789,16400
2004-06-02,2.2222838401794434,12.930000305175781,12.960000038146973,12.869999885559082,12.890000343322754,41700
2004-06-03,2.2285616397857666,12.779999732971191,12.859999656677246,12.720000267028809,12.859999656677246,72900
2004-06-04,2.2721567153930664,13.029999732971191,13.029999732971191,12.800000190734863,12.899999618530273,44100
2004-06-07,2.31575083732605,13.279999732971191,13.279999732971191,13.020000457763672,13.020000457763672,32000
2004-06-08,2.296569585800171,13.170000076293945,13.210000038146973,13.140000343322754,13.199999809265137,20900
2004-06-09,2.2616937160491943,12.970000267028809,13.09000015258789,12.890000343322754,13.09000015258789,25100
2004-06-10,2.2669260501861572,13.0,13.0,12.90999984741211,13.0,20700
2004-06-14,2.2303051948547363,12.789999961853027,12.880000114440918,12.760000228881836,12.850000381469727,45800
2004-06-15,2.2320501804351807,12.800000190734863,12.920000076293945,12.779999732971191,12.890000343322754,30700
2004-06-16,2.2320501804351807,12.800000190734863,12.859999656677246,12.789999961853027,12.859999656677246,16300
2004-06-17,2.235537052154541,12.819999694824219,12.9399995803833,12.75,12.880000114440918,22900
2004-06-18,2.258206844329834,12.949999809265137,13.0,12.819999694824219,12.819999694824219,39300
2004-06-21,2.275644540786743,13.050000190734863,13.170000076293945,12.949999809265137,13.050000190734863,27100
2004-06-22,2.2599499225616455,12.960000038146973,12.960000038146973,12.920000076293945,12.949999809265137,11000
2004-06-23,2.2704131603240967,13.020000457763672,13.020000457763672,12.869999885559082,12.989999771118164,14700
2004-06-24,2.2616937160491943,12.970000267028809,13.039999961853027,12.970000267028809,13.0,12000
2004-06-25,2.2616937160491943,12.970000267028809,13.0,12.960000038146973,12.989999771118164,10500
2004-06-28,2.2634382247924805,12.979999542236328,13.0,12.970000267028809,12.989999771118164,15200
2004-06-29,2.2704131603240967,13.020000457763672,13.079999923706055,12.979999542236328,12.979999542236328,52600
2004-06-30,2.2721567153930664,13.029999732971191,13.0600004196167,12.989999771118164,12.989999771118164,14800
2004-07-01,2.2599499225616455,12.960000038146973,13.0600004196167,12.960000038146973,13.010000228881836,16400
2004-07-02,2.277387857437134,13.0600004196167,13.079999923706055,12.960000038146973,12.960000038146973,10300
2004-07-06,2.2599499225616455,12.960000038146973,13.039999961853027,12.960000038146973,13.0,7800
2004-07-07,2.268669366836548,13.010000228881836,13.010000228881836,12.859999656677246,12.859999656677246,18600
2004-07-08,2.2669260501861572,13.0,13.050000190734863,12.890000343322754,13.050000190734863,20800
2004-07-09,2.2669260501861572,13.0,13.0,12.949999809265137,13.0,3700
2004-07-12,2.258206844329834,12.949999809265137,12.989999771118164,12.90999984741211,12.9399995803833,13900
2004-07-13,2.2983131408691406,13.180000305175781,13.180000305175781,12.930000305175781,12.930000305175781,22400
2004-07-14,2.277387857437134,13.0600004196167,13.140000343322754,13.020000457763672,13.079999923706055,10900
2004-07-15,2.2739009857177734,13.039999961853027,13.100000381469727,13.010000228881836,13.029999732971191,22000
2004-07-16,2.2616937160491943,12.970000267028809,13.050000190734863,12.9399995803833,13.0,4900
2004-07-19,2.2669260501861572,13.0,13.020000457763672,12.979999542236328,12.979999542236328,17000
2004-07-20,2.2704131603240967,13.020000457763672,13.039999961853027,12.920000076293945,12.920000076293945,23900
2004-07-21,2.2669260501861572,13.0,13.039999961853027,13.0,13.010000228881836,49100
2004-07-22,2.2442564964294434,12.869999885559082,12.9399995803833,12.850000381469727,12.899999618530273,33400
2004-07-23,2.214611291885376,12.699999809265137,12.850000381469727,12.699999809265137,12.850000381469727,29800
2004-07-26,2.1901988983154297,12.5600004196167,12.720000267028809,12.550000190734863,12.649999618530273,20300
2004-07-27,2.216355800628662,12.710000038146973,12.729999542236328,12.5600004196167,12.5600004196167,8600
2004-07-28,2.205892562866211,12.649999618530273,12.65999984741211,12.5,12.649999618530273,16000
2004-07-29,2.2337934970855713,12.8100004196167,12.829999923706055,12.699999809265137,12.720000267028809,12300
2004-07-30,2.2477431297302246,12.890000343322754,12.890000343322754,12.850000381469727,12.869999885559082,3100
2004-08-02,2.2198429107666016,12.729999542236328,12.84000015258789,12.65999984741211,12.84000015258789,10600
2004-08-03,2.214611291885376,12.699999809265137,12.729999542236328,12.609999656677246,12.680000305175781,14300
2004-08-04,2.2268178462982178,12.770000457763672,12.8100004196167,12.75,12.770000457763672,7200
2004-08-05,2.188455104827881,12.550000190734863,12.729999542236328,12.5,12.720000267028809,22500
2004-08-06,2.1745047569274902,12.470000267028809,12.529999732971191,12.319999694824219,12.5,18000
2004-08-09,2.1832234859466553,12.520000457763672,12.6899995803833,12.300000190734863,12.319999694824219,22200
2004-08-10,2.1745047569274902,12.470000267028809,12.649999618530273,12.449999809265137,12.5,11900
2004-08-11,2.155322551727295,12.359999656677246,12.4399995803833,12.350000381469727,12.369999885559082,5600
2004-08-12,2.1309096813201904,12.220000267028809,12.3100004196167,12.149999618530273,12.3100004196167,17400
2004-08-13,2.136141300201416,12.25,12.279999732971191,12.25,12.260000228881836,3800
2004-08-16,2.1797354221343994,12.5,12.640000343322754,12.300000190734863,12.300000190734863,17600
2004-08-17,2.188455104827881,12.550000190734863,12.600000381469727,12.520000457763672,12.600000381469727,8700
2004-08-18,2.1901988983154297,12.5600004196167,12.59000015258789,12.300000190734863,12.470000267028809,18100
2004-08-19,2.1745047569274902,12.470000267028809,12.579999923706055,12.350000381469727,12.579999923706055,15900
2004-08-20,2.1745047569274902,12.470000267028809,12.5,12.399999618530273,12.399999618530273,10500
2004-08-23,2.1710174083709717,12.449999809265137,12.489999771118164,12.329999923706055,12.479999542236328,32500
2004-08-24,2.177992820739746,12.489999771118164,12.489999771118164,12.34000015258789,12.350000381469727,7600
2004-08-25,2.1622977256774902,12.399999618530273,12.569999694824219,12.350000381469727,12.479999542236328,141000
2004-08-26,2.204148530960083,12.640000343322754,12.6899995803833,12.4399995803833,12.5,18500
2004-08-27,2.1814796924591064,12.510000228881836,12.649999618530273,12.460000038146973,12.649999618530273,13500
2004-08-30,2.1919429302215576,12.569999694824219,12.569999694824219,12.40999984741211,12.40999984741211,14100
2004-08-31,2.2128684520721436,12.6899995803833,12.699999809265137,12.5,12.569999694824219,22600
2004-09-01,2.2198429107666016,12.729999542236328,12.84000015258789,12.680000305175781,12.699999809265137,18900
2004-09-02,2.2111237049102783,12.680000305175781,12.699999809265137,12.579999923706055,12.649999618530273,3400
2004-09-03,2.2233309745788574,12.75,12.75,12.670000076293945,12.699999809265137,5400
2004-09-07,2.2477431297302246,12.890000343322754,12.890000343322754,12.680000305175781,12.75,16600
2004-09-08,2.2285616397857666,12.779999732971191,12.850000381469727,12.760000228881836,12.829999923706055,12100
2004-09-09,2.214611291885376,12.699999809265137,12.880000114440918,12.699999809265137,12.75,16700
2004-09-10,2.2477431297302246,12.890000343322754,12.9399995803833,12.75,12.75,20500
2004-09-13,2.2529749870300293,12.920000076293945,12.989999771118164,12.850000381469727,12.869999885559082,24000
2004-09-14,2.2477431297302246,12.890000343322754,13.0,12.859999656677246,12.90999984741211,25700
2004-09-15,2.2669260501861572,13.0,13.020000457763672,12.829999923706055,12.829999923706055,22100
2004-09-16,2.2616937160491943,12.970000267028809,12.989999771118164,12.899999618530273,12.899999618530273,13300
2004-09-17,2.268669366836548,13.010000228881836,13.039999961853027,12.920000076293945,12.960000038146973,15900
2004-09-20,2.2704131603240967,13.020000457763672,13.069999694824219,12.970000267028809,13.020000457763672,10800
2004-09-21,2.2913379669189453,13.140000343322754,13.1899995803833,13.020000457763672,13.020000457763672,21900
2004-09-22,2.287850856781006,13.119999885559082,13.140000343322754,13.069999694824219,13.079999923706055,6600
2004-09-23,2.279132127761841,13.069999694824219,13.100000381469727,13.0600004196167,13.09000015258789,4600
2004-09-24,2.2739009857177734,13.039999961853027,13.100000381469727,13.0,13.100000381469727,13600
2004-09-27,2.254718065261841,12.930000305175781,13.0,12.8100004196167,13.0,21700
2004-09-28,2.2669260501861572,13.0,13.100000381469727,12.9399995803833,12.9399995803833,32600
2004-09-29,2.2826194763183594,13.09000015258789,13.100000381469727,13.079999923706055,13.100000381469727,13100
2004-09-30,2.2739009857177734,13.039999961853027,13.050000190734863,12.920000076293945,13.0,12200
2004-10-01,2.279132127761841,13.069999694824219,13.149999618530273,13.010000228881836,13.079999923706055,28500
2004-10-04,2.293081521987915,13.149999618530273,13.15999984741211,13.079999923706055,13.079999923706055,29500
2004-10-05,2.2913379669189453,13.140000343322754,13.149999618530273,13.100000381469727,13.100000381469727,15700
2004-10-06,2.287850856781006,13.119999885559082,13.130000114440918,13.029999732971191,13.100000381469727,11800
2004-10-07,2.2739009857177734,13.039999961853027,13.119999885559082,13.0,13.0600004196167,14100
2004-10-08,2.268669366836548,13.010000228881836,13.109999656677246,13.010000228881836,13.020000457763672,8200
2004-10-11,2.277387857437134,13.0600004196167,13.119999885559082,13.0,13.109999656677246,17600
2004-10-12,2.2721567153930664,13.029999732971191,13.079999923706055,12.899999618530273,13.079999923706055,27000
2004-10-13,2.2721567153930664,13.029999732971191,13.050000190734863,12.890000343322754,13.0,11600
2004-10-14,2.2721567153930664,13.029999732971191,13.029999732971191,12.859999656677246,13.0,13500
2004-10-15,2.2704131603240967,13.020000457763672,13.029999732971191,12.869999885559082,13.029999732971191,10400
2004-10-18,2.277387857437134,13.0600004196167,13.0600004196167,12.899999618530273,12.9399995803833,5700
2004-10-19,2.287850856781006,13.119999885559082,13.140000343322754,13.100000381469727,13.140000343322754,20900
2004-10-20,2.293081521987915,13.149999618530273,13.199999809265137,13.039999961853027,13.140000343322754,18800
2004-10-21,2.3018007278442383,13.199999809265137,13.199999809265137,12.819999694824219,13.140000343322754,30500
2004-10-22,2.2983131408691406,13.180000305175781,13.199999809265137,13.140000343322754,13.199999809265137,10000
2004-10-25,2.287850856781006,13.119999885559082,13.140000343322754,13.020000457763672,13.119999885559082,25200
2004-10-26,2.2983131408691406,13.180000305175781,13.199999809265137,13.140000343322754,13.170000076293945,13300
2004-10-27,2.322725772857666,13.319999694824219,13.319999694824219,13.119999885559082,13.119999885559082,17700
2004-10-28,2.3314454555511475,13.369999885559082,13.369999885559082,13.329999923706055,13.369999885559082,4900
2004-10-29,2.327958106994629,13.350000381469727,13.359999656677246,13.260000228881836,13.359999656677246,19800
2004-11-01,2.334932804107666,13.390000343322754,13.399999618530273,13.279999732971191,13.369999885559082,18700
2004-11-02,2.3331894874572754,13.380000114440918,13.390000343322754,13.239999771118164,13.239999771118164,27400
2004-11-03,2.3610897064208984,13.539999961853027,13.5600004196167,13.40999984741211,13.40999984741211,26200
2004-11-04,2.3924787044525146,13.720000267028809,13.75,13.539999961853027,13.550000190734863,44900
2004-11-05,2.437817096710205,13.979999542236328,14.0,13.760000228881836,13.760000228881836,34600
2004-11-08,2.437817096710205,13.979999542236328,14.0,13.899999618530273,13.989999771118164,29700
2004-11-09,2.446535587310791,14.029999732971191,14.039999961853027,13.899999618530273,13.960000038146973,22600
2004-11-10,2.4831554889678955,14.239999771118164,14.239999771118164,13.949999809265137,13.949999809265137,33900
2004-11-11,2.497105121612549,14.319999694824219,14.489999771118164,14.149999618530273,14.25,39400
2004-11-12,2.511054754257202,14.399999618530273,14.479999542236328,14.260000228881836,14.319999694824219,24300
2004-11-15,2.511054754257202,14.399999618530273,14.5,14.359999656677246,14.40999984741211,41100
2004-11-16,2.511054754257202,14.399999618530273,14.40999984741211,14.380000114440918,14.399999618530273,20300
2004-11-17,2.507567882537842,14.380000114440918,14.399999618530273,14.3100004196167,14.3100004196167,26200
2004-11-18,2.523261785507202,14.470000267028809,14.510000228881836,14.319999694824219,14.380000114440918,30100
2004-11-19,2.518031358718872,14.4399995803833,14.520000457763672,14.4399995803833,14.510000228881836,18600
2004-11-22,2.521517753601074,14.460000038146973,14.510000228881836,14.420000076293945,14.470000267028809,30300
2004-11-23,2.511054754257202,14.399999618530273,14.5,14.350000381469727,14.5,27400
2004-11-24,2.5633697509765625,14.699999809265137,14.75,14.399999618530273,14.399999618530273,93700
2004-11-26,2.559882164001465,14.680000305175781,14.699999809265137,14.619999885559082,14.699999809265137,7500
2004-11-29,2.556394100189209,14.65999984741211,14.699999809265137,14.609999656677246,14.609999656677246,39700
2004-11-30,2.561624526977539,14.6899995803833,14.710000038146973,14.600000381469727,14.6899995803833,32100
2004-12-01,2.5982449054718018,14.899999618530273,14.949999809265137,14.789999961853027,14.789999961853027,26400
2004-12-02,2.615683078765869,15.0,15.09000015258789,14.899999618530273,14.949999809265137,38400
2004-12-03,2.606964111328125,14.949999809265137,15.079999923706055,14.949999809265137,14.979999542236328,33500
2004-12-06,2.6139392852783203,14.989999771118164,15.029999732971191,14.829999923706055,15.0,15200
2004-12-07,2.6418397426605225,15.149999618530273,15.220000267028809,14.989999771118164,14.989999771118164,31900
2004-12-08,2.6087074279785156,14.960000038146973,15.100000381469727,14.829999923706055,15.100000381469727,30200
2004-12-09,2.5773203372955322,14.779999732971191,14.880000114440918,14.699999809265137,14.880000114440918,299400
2004-12-10,2.5633697509765625,14.699999809265137,14.75,14.649999618530273,14.710000038146973,27300
2004-12-13,2.568601369857788,14.729999542236328,14.84000015258789,14.6899995803833,14.729999542236328,44100
2004-12-14,2.589527130126953,14.850000381469727,15.0,14.75,14.75,69400
2004-12-15,2.643944501876831,14.430000305175781,14.5600004196167,14.180000305175781,14.229999542236328,95000
2004-12-16,2.645775556564331,14.4399995803833,14.529999732971191,14.359999656677246,14.529999732971191,24800
2004-12-17,2.6384472846984863,14.399999618530273,14.449999809265137,14.380000114440918,14.4399995803833,15200
2004-12-20,2.643944501876831,14.430000305175781,14.449999809265137,14.350000381469727,14.420000076293945,28700
2004-12-21,2.6274538040161133,14.34000015258789,14.430000305175781,14.279999732971191,14.390000343322754,12400
2004-12-22,2.634782552719116,14.380000114440918,14.449999809265137,14.100000381469727,14.350000381469727,24600
2004-12-23,2.647608757019043,14.449999809265137,14.460000038146973,14.390000343322754,14.390000343322754,23000
2004-12-27,2.691582679748535,14.6899995803833,14.699999809265137,14.470000267028809,14.470000267028809,15200
2004-12-28,2.713571071624756,14.8100004196167,14.829999923706055,14.619999885559082,14.619999885559082,12300
2004-12-29,2.6897504329681396,14.680000305175781,14.8100004196167,14.649999618530273,14.739999771118164,12000
2004-12-30,2.726396083831787,14.880000114440918,14.949999809265137,14.75,14.75,21100
2004-12-31,2.7392210960388184,14.949999809265137,15.0,14.899999618530273,14.989999771118164,12900
2005-01-03,2.7025766372680664,14.75,14.90999984741211,14.649999618530273,14.850000381469727,26200
2005-01-04,2.636615753173828,14.390000343322754,14.75,14.300000190734863,14.75,30100
2005-01-05,2.5779836177825928,14.069999694824219,14.229999542236328,13.880000114440918,14.199999809265137,60200
2005-01-06,2.6109633445739746,14.25,14.25,14.069999694824219,14.130000114440918,31200
2005-01-07,2.5816473960876465,14.09000015258789,14.149999618530273,14.0,14.0,30400
2005-01-10,2.5651566982269287,14.0,14.050000190734863,13.880000114440918,13.899999618530273,43700
2005-01-11,2.53950572013855,13.859999656677246,13.869999885559082,13.729999542236328,13.75,48300
2005-01-12,2.583479404449463,14.100000381469727,14.100000381469727,13.779999732971191,13.800000190734863,47000
2005-01-13,2.583479404449463,14.100000381469727,14.1899995803833,14.020000457763672,14.020000457763672,39100
2005-01-14,2.5944740772247314,14.15999984741211,14.180000305175781,14.079999923706055,14.140000343322754,9900
2005-01-18,2.583479404449463,14.100000381469727,14.15999984741211,13.800000190734863,13.800000190734863,93100
2005-01-19,2.5853118896484375,14.109999656677246,14.1899995803833,14.100000381469727,14.170000076293945,34400
2005-01-20,2.5651566982269287,14.0,14.09000015258789,13.819999694824219,14.010000228881836,45400
2005-01-21,2.572486400604248,14.039999961853027,14.079999923706055,13.920000076293945,13.989999771118164,21100
2005-01-24,2.568821668624878,14.020000457763672,14.079999923706055,14.0,14.079999923706055,37700
2005-01-25,2.5669898986816406,14.010000228881836,14.069999694824219,13.949999809265137,14.010000228881836,25300
2005-01-26,2.5908091068267822,14.140000343322754,14.149999618530273,13.979999542236328,14.050000190734863,27500
2005-01-27,2.5889768600463867,14.130000114440918,14.149999618530273,13.989999771118164,14.039999961853027,47300
2005-01-28,2.572486400604248,14.039999961853027,14.130000114440918,13.979999542236328,14.029999732971191,49600
2005-01-31,2.5706536769866943,14.029999732971191,14.050000190734863,13.989999771118164,14.0,30400
2005-02-01,2.5633246898651123,13.989999771118164,14.09000015258789,13.989999771118164,13.989999771118164,58000
2005-02-02,2.5651566982269287,14.0,14.029999732971191,13.989999771118164,14.010000228881836,16200
2005-02-03,2.5651566982269287,14.0,14.069999694824219,13.9399995803833,14.010000228881836,28000
2005-02-04,2.5706536769866943,14.029999732971191,14.079999923706055,13.949999809265137,14.029999732971191,27500
2005-02-07,2.568821668624878,14.020000457763672,14.020000457763672,13.960000038146973,14.0,27700
2005-02-08,2.5651566982269287,14.0,14.050000190734863,13.949999809265137,14.0,47100
2005-02-09,2.5559959411621094,13.949999809265137,14.0,13.800000190734863,13.90999984741211,34000
2005-02-10,2.572486400604248,14.039999961853027,14.09000015258789,14.010000228881836,14.010000228881836,30500
2005-02-11,2.583479404449463,14.100000381469727,14.180000305175781,14.010000228881836,14.010000228881836,33500
2005-02-14,2.598137617111206,14.180000305175781,14.1899995803833,14.119999885559082,14.15999984741211,18700
2005-02-15,2.609131097793579,14.239999771118164,14.25,14.0,14.199999809265137,41700
2005-02-16,2.605465888977051,14.220000267028809,14.229999542236328,14.180000305175781,14.180000305175781,35500
2005-02-17,2.6146275997161865,14.270000457763672,14.289999961853027,14.140000343322754,14.220000267028809,25000
2005-02-18,2.6201248168945312,14.300000190734863,14.300000190734863,14.210000038146973,14.210000038146973,19200
2005-02-22,2.643944501876831,14.430000305175781,14.449999809265137,14.3100004196167,14.3100004196167,27000
2005-02-23,2.647608757019043,14.449999809265137,14.449999809265137,14.369999885559082,14.369999885559082,20700
2005-02-24,2.647608757019043,14.449999809265137,14.489999771118164,14.399999618530273,14.479999542236328,22100
2005-02-25,2.6622660160064697,14.529999732971191,14.539999961853027,14.430000305175781,14.5,35500
2005-02-28,2.6750922203063965,14.600000381469727,14.630000114440918,14.550000190734863,14.550000190734863,16100
2005-03-01,2.6934151649475098,14.699999809265137,14.720000267028809,14.550000190734863,14.649999618530273,23600
2005-03-02,2.6934151649475098,14.699999809265137,14.710000038146973,14.600000381469727,14.670000076293945,18900
2005-03-03,2.680588960647583,14.630000114440918,14.680000305175781,14.550000190734863,14.609999656677246,15500
2005-03-04,2.7025766372680664,14.75,14.800000190734863,14.670000076293945,14.729999542236328,24100
2005-03-07,2.700744152069092,14.739999771118164,14.75,14.649999618530273,14.649999618530273,12000
2005-03-08,2.6934151649475098,14.699999809265137,14.739999771118164,14.640000343322754,14.739999771118164,10300
2005-03-09,2.6934151649475098,14.699999809265137,14.75,14.680000305175781,14.739999771118164,23300
2005-03-10,2.6934151649475098,14.699999809265137,14.770000457763672,14.680000305175781,14.710000038146973,11400
2005-03-11,2.7099051475524902,14.789999961853027,14.789999961853027,14.710000038146973,14.75,12800
2005-03-14,2.6970787048339844,14.720000267028809,14.760000228881836,14.65999984741211,14.760000228881836,13500
2005-03-15,2.6952474117279053,14.710000038146973,14.850000381469727,14.710000038146973,14.789999961853027,29800
2005-03-16,2.698911428451538,14.729999542236328,14.829999923706055,14.6899995803833,14.710000038146973,22500
2005-03-17,2.722730875015259,14.859999656677246,14.859999656677246,14.75,14.760000228881836,25700
2005-03-18,2.708073139190674,14.779999732971191,14.800000190734863,14.75,14.789999961853027,21200
2005-03-21,2.6567697525024414,14.5,14.779999732971191,14.5,14.779999732971191,22500
2005-03-22,2.6329517364501953,14.369999885559082,14.5600004196167,14.359999656677246,14.5600004196167,18700
2005-03-23,2.596306085586548,14.170000076293945,14.34000015258789,14.15999984741211,14.300000190734863,32100
2005-03-24,2.6201248168945312,14.300000190734863,14.399999618530273,14.0,14.210000038146973,51600
2005-03-28,2.596306085586548,14.170000076293945,14.270000457763672,14.15999984741211,14.199999809265137,21200
2005-03-29,2.572486400604248,14.039999961853027,14.109999656677246,14.0,14.069999694824219,19800
2005-03-30,2.596306085586548,14.170000076293945,14.170000076293945,14.0,14.0,15900
2005-03-31,2.601801872253418,14.199999809265137,14.260000228881836,14.15999984741211,14.15999984741211,10700
2005-04-01,2.601801872253418,14.199999809265137,14.300000190734863,14.149999618530273,14.300000190734863,7400
2005-04-04,2.5926401615142822,14.149999618530273,14.149999618530273,14.0600004196167,14.100000381469727,12600
2005-04-05,2.601801872253418,14.199999809265137,14.25,14.079999923706055,14.130000114440918,18400
2005-04-06,2.6072986125946045,14.229999542236328,14.289999961853027,14.229999542236328,14.260000228881836,12900
2005-04-07,2.618293046951294,14.289999961853027,14.3100004196167,14.210000038146973,14.270000457763672,17500
2005-04-08,2.61279559135437,14.260000228881836,14.279999732971191,14.220000267028809,14.220000267028809,7700
2005-04-11,2.6201248168945312,14.300000190734863,14.34000015258789,14.279999732971191,14.279999732971191,11700
2005-04-12,2.61279559135437,14.260000228881836,14.289999961853027,14.149999618530273,14.149999618530273,30200
2005-04-13,2.6072986125946045,14.229999542236328,14.270000457763672,14.15999984741211,14.239999771118164,9600
2005-04-14,2.601801872253418,14.199999809265137,14.210000038146973,14.079999923706055,14.210000038146973,11400
2005-04-15,2.5889768600463867,14.130000114440918,14.199999809265137,14.039999961853027,14.149999618530273,20500
2005-04-18,2.5944740772247314,14.15999984741211,14.180000305175781,14.0,14.050000190734863,18500
2005-04-19,2.61279559135437,14.260000228881836,14.300000190734863,14.210000038146973,14.210000038146973,37100
2005-04-20,2.601801872253418,14.199999809265137,14.279999732971191,14.199999809265137,14.279999732971191,11500
2005-04-21,2.6146275997161865,14.270000457763672,14.279999732971191,14.15999984741211,14.210000038146973,23300
2005-04-22,2.603634834289551,14.210000038146973,14.279999732971191,14.149999618530273,14.260000228881836,11300
2005-04-25,2.598137617111206,14.180000305175781,14.239999771118164,14.109999656677246,14.239999771118164,12400
2005-04-26,2.596306085586548,14.170000076293945,14.210000038146973,14.149999618530273,14.199999809265137,7700
2005-04-27,2.5651566982269287,14.0,14.109999656677246,13.90999984741211,14.109999656677246,16700
2005-04-28,2.5559959411621094,13.949999809265137,14.050000190734863,13.920000076293945,14.0,20800
2005-04-29,2.5743186473846436,14.050000190734863,14.069999694824219,14.0,14.020000457763672,8700
2005-05-02,2.572486400604248,14.039999961853027,14.140000343322754,14.010000228881836,14.079999923706055,13900
2005-05-03,2.5743186473846436,14.050000190734863,14.100000381469727,13.960000038146973,14.029999732971191,26000
2005-05-04,2.596306085586548,14.170000076293945,14.170000076293945,14.079999923706055,14.079999923706055,13200
2005-05-05,2.6109633445739746,14.25,14.260000228881836,14.1899995803833,14.1899995803833,9600
2005-05-06,2.596306085586548,14.170000076293945,14.239999771118164,14.050000190734863,14.239999771118164,10500
2005-05-09,2.5908091068267822,14.140000343322754,14.149999618530273,14.039999961853027,14.100000381469727,11000
2005-05-10,2.5559959411621094,13.949999809265137,14.069999694824219,13.949999809265137,14.050000190734863,23700
2005-05-11,2.5669898986816406,14.010000228881836,14.050000190734863,13.90999984741211,14.050000190734863,15200
2005-05-12,2.568821668624878,14.020000457763672,14.140000343322754,13.90999984741211,14.010000228881836,23200
2005-05-13,2.5559959411621094,13.949999809265137,14.010000228881836,13.920000076293945,14.010000228881836,4800
2005-05-16,2.5596606731414795,13.970000267028809,14.0,13.899999618530273,13.920000076293945,11800
2005-05-17,2.5523316860198975,13.930000305175781,13.970000267028809,13.869999885559082,13.869999885559082,7000
2005-05-18,2.568821668624878,14.020000457763672,14.020000457763672,13.829999923706055,13.829999923706055,17100
2005-05-19,2.5633246898651123,13.989999771118164,14.100000381469727,13.949999809265137,14.020000457763672,11000
2005-05-20,2.5431697368621826,13.880000114440918,14.010000228881836,13.850000381469727,13.979999542236328,16800
2005-05-23,2.53950572013855,13.859999656677246,13.960000038146973,13.850000381469727,13.859999656677246,17300
2005-05-24,2.5559959411621094,13.949999809265137,13.989999771118164,13.90999984741211,13.90999984741211,7100
2005-05-25,2.5559959411621094,13.949999809265137,14.079999923706055,13.949999809265137,13.970000267028809,25000
2005-05-26,2.5633246898651123,13.989999771118164,14.050000190734863,13.979999542236328,14.050000190734863,25200
2005-05-27,2.5816473960876465,14.09000015258789,14.1899995803833,14.050000190734863,14.050000190734863,18500
2005-05-31,2.5578274726867676,13.960000038146973,14.09000015258789,13.930000305175781,14.029999732971191,59200
2005-06-01,2.5816473960876465,14.09000015258789,14.100000381469727,14.0,14.010000228881836,31100
2005-06-02,2.563481330871582,13.970000267028809,14.0,13.8100004196167,13.8100004196167,28900
2005-06-03,2.5488014221191406,13.890000343322754,13.960000038146973,13.869999885559082,13.9399995803833,39300
2005-06-06,2.5579757690429688,13.9399995803833,13.9399995803833,13.8100004196167,13.869999885559082,14500
2005-06-07,2.5653154850006104,13.979999542236328,14.0,13.90999984741211,13.989999771118164,8300
2005-06-08,2.5598108768463135,13.949999809265137,14.039999961853027,13.8100004196167,13.930000305175781,30400
2005-06-09,2.550635576248169,13.899999618530273,13.9399995803833,13.819999694824219,13.880000114440918,12600
2005-06-10,2.5414607524871826,13.850000381469727,13.949999809265137,13.8100004196167,13.949999809265137,13300
2005-06-13,2.5432965755462646,13.859999656677246,13.890000343322754,13.819999694824219,13.850000381469727,28800
2005-06-14,2.5451314449310303,13.869999885559082,13.899999618530273,13.8100004196167,13.899999618530273,20800
2005-06-15,2.5432965755462646,13.859999656677246,13.890000343322754,13.829999923706055,13.829999923706055,28600
2005-06-16,2.5432965755462646,13.859999656677246,13.90999984741211,13.819999694824219,13.899999618530273,39300
2005-06-17,2.567150831222534,13.989999771118164,14.0,13.729999542236328,13.729999542236328,66000
2005-06-20,2.5579757690429688,13.9399995803833,14.0,13.90999984741211,13.989999771118164,24200
2005-06-21,2.5414607524871826,13.850000381469727,13.920000076293945,13.829999923706055,13.920000076293945,41500
2005-06-22,2.5451314449310303,13.869999885559082,13.949999809265137,13.800000190734863,13.800000190734863,45400
2005-06-23,2.5322859287261963,13.800000190734863,13.949999809265137,13.789999961853027,13.850000381469727,39200
2005-06-24,2.512101173400879,13.6899995803833,13.949999809265137,13.65999984741211,13.899999618530273,25300
2005-06-27,2.499255895614624,13.619999885559082,13.779999732971191,13.59000015258789,13.6899995803833,19500
2005-06-28,2.490081310272217,13.569999694824219,13.729999542236328,13.520000457763672,13.520000457763672,36300
2005-06-29,2.499255895614624,13.619999885559082,13.699999809265137,13.550000190734863,13.65999984741211,46100
2005-06-30,2.5157718658447266,13.710000038146973,13.800000190734863,13.619999885559082,13.720000267028809,16700
2005-07-01,2.508431911468506,13.670000076293945,13.720000267028809,13.600000381469727,13.710000038146973,14800
2005-07-05,2.4864108562469482,13.550000190734863,13.699999809265137,13.520000457763672,13.569999694824219,40700
2005-07-06,2.479071617126465,13.510000228881836,13.649999618530273,13.489999771118164,13.649999618530273,17400
2005-07-07,2.47723650932312,13.5,13.539999961853027,13.430000305175781,13.470000267028809,14200
2005-07-08,2.479071617126465,13.510000228881836,13.640000343322754,13.449999809265137,13.5600004196167,42200
2005-07-11,2.506596088409424,13.65999984741211,13.65999984741211,13.5600004196167,13.609999656677246,31500
2005-07-12,2.506596088409424,13.65999984741211,13.75,13.649999618530273,13.6899995803833,101900
2005-07-13,2.517606496810913,13.720000267028809,13.800000190734863,13.680000305175781,13.760000228881836,77500
2005-07-14,2.5377912521362305,13.829999923706055,13.880000114440918,13.789999961853027,13.819999694824219,50100
2005-07-15,2.5469658374786377,13.880000114440918,13.890000343322754,13.829999923706055,13.829999923706055,17500
2005-07-18,2.5322859287261963,13.800000190734863,13.920000076293945,13.789999961853027,13.920000076293945,37700
2005-07-19,2.539626121520996,13.84000015258789,13.84000015258789,13.729999542236328,13.800000190734863,27200
2005-07-20,2.5341217517852783,13.8100004196167,13.84000015258789,13.770000457763672,13.800000190734863,31100
2005-07-21,2.5469658374786377,13.880000114440918,13.979999542236328,13.8100004196167,13.819999694824219,31800
2005-07-22,2.5561411380767822,13.930000305175781,13.9399995803833,13.880000114440918,13.880000114440918,22200
2005-07-25,2.567150831222534,13.989999771118164,13.989999771118164,13.890000343322754,13.979999542236328,32700
2005-07-26,2.5653154850006104,13.979999542236328,13.979999542236328,13.930000305175781,13.949999809265137,9100
2005-07-27,2.563481330871582,13.970000267028809,13.989999771118164,13.960000038146973,13.979999542236328,12200
2005-07-28,2.581831693649292,14.069999694824219,14.079999923706055,14.020000457763672,14.020000457763672,43000
2005-07-29,2.592841386795044,14.130000114440918,14.15999984741211,14.079999923706055,14.09000015258789,34400
2005-08-01,2.6093552112579346,14.220000267028809,14.25,14.1899995803833,14.1899995803833,45800
2005-08-02,2.6387152671813965,14.380000114440918,14.40999984741211,14.289999961853027,14.289999961853027,37000
2005-08-03,2.6570658683776855,14.479999542236328,14.489999771118164,14.4399995803833,14.4399995803833,24900
2005-08-04,2.658900260925293,14.489999771118164,14.489999771118164,14.4399995803833,14.470000267028809,33500
2005-08-05,2.6442196369171143,14.40999984741211,14.489999771118164,14.399999618530273,14.470000267028809,22000
2005-08-08,2.6533946990966797,14.460000038146973,14.539999961853027,14.460000038146973,14.5,34400
2005-08-09,2.6680757999420166,14.539999961853027,14.59000015258789,14.489999771118164,14.5,40200
2005-08-10,2.688260555267334,14.649999618530273,14.649999618530273,14.59000015258789,14.59000015258789,24100
2005-08-11,2.7066102027893066,14.75,14.75,14.649999618530273,14.649999618530273,53800
2005-08-12,2.69376540184021,14.680000305175781,14.739999771118164,14.619999885559082,14.6899995803833,54600
2005-08-15,2.699270486831665,14.710000038146973,14.729999542236328,14.649999618530273,14.65999984741211,20600
2005-08-16,2.6956005096435547,14.6899995803833,14.729999542236328,14.649999618530273,14.649999618530273,38200
2005-08-17,2.690094470977783,14.65999984741211,14.680000305175781,14.640000343322754,14.649999618530273,16600
2005-08-18,2.675414800643921,14.579999923706055,14.640000343322754,14.430000305175781,14.630000114440918,60300
2005-08-19,2.6680757999420166,14.539999961853027,14.600000381469727,14.510000228881836,14.600000381469727,20700
2005-08-22,2.6662402153015137,14.529999732971191,14.600000381469727,14.5,14.539999961853027,19700
2005-08-23,2.6552298069000244,14.470000267028809,14.529999732971191,14.420000076293945,14.529999732971191,21000
2005-08-24,2.6405510902404785,14.390000343322754,14.420000076293945,14.380000114440918,14.40999984741211,15600
2005-08-25,2.642385721206665,14.399999618530273,14.399999618530273,14.319999694824219,14.399999618530273,32400
2005-08-26,2.6332106590270996,14.350000381469727,14.399999618530273,14.319999694824219,14.390000343322754,9800
2005-08-29,2.6350457668304443,14.359999656677246,14.359999656677246,14.270000457763672,14.300000190734863,20200
2005-08-30,2.6332106590270996,14.350000381469727,14.359999656677246,14.25,14.289999961853027,13100
2005-08-31,2.6772501468658447,14.59000015258789,14.59000015258789,14.3100004196167,14.3100004196167,23000
2005-09-01,2.697435140609741,14.699999809265137,14.699999809265137,14.600000381469727,14.600000381469727,25400
2005-09-02,2.704774856567383,14.739999771118164,14.739999771118164,14.699999809265137,14.699999809265137,17700
2005-09-06,2.728631019592285,14.869999885559082,14.899999618530273,14.779999732971191,14.779999732971191,36400
2005-09-07,2.756154775619507,15.020000457763672,15.039999961853027,14.920000076293945,14.920000076293945,31400
2005-09-08,2.756154775619507,15.020000457763672,15.029999732971191,14.90999984741211,14.920000076293945,16400
2005-09-09,2.7653300762176514,15.069999694824219,15.100000381469727,15.010000228881836,15.050000190734863,13400
2005-09-12,2.739640712738037,14.930000305175781,14.989999771118164,14.90999984741211,14.989999771118164,36100
2005-09-13,2.7121150493621826,14.779999732971191,14.899999618530273,14.75,14.899999618530273,40800
2005-09-14,2.7543203830718994,15.010000228881836,15.010000228881836,14.859999656677246,14.859999656677246,31400
2005-09-15,2.7598252296447754,15.039999961853027,15.039999961853027,15.0,15.010000228881836,52800
2005-09-16,2.772669553756714,15.109999656677246,15.130000114440918,14.970000267028809,15.0,13000
2005-09-19,2.7524852752685547,15.0,15.149999618530273,14.979999542236328,15.149999618530273,34100
2005-09-20,2.7579891681671143,15.029999732971191,15.050000190734863,14.930000305175781,15.050000190734863,27000
2005-09-21,2.7322990894317627,14.890000343322754,14.949999809265137,14.859999656677246,14.949999809265137,17200
2005-09-22,2.719454765319824,14.819999694824219,14.890000343322754,14.649999618530273,14.890000343322754,40900
2005-09-23,2.7084453105926514,14.760000228881836,14.800000190734863,14.75,14.789999961853027,20200
2005-09-26,2.74330997467041,14.949999809265137,15.029999732971191,14.920000076293945,14.960000038146973,13500
2005-09-27,2.715785264968872,14.800000190734863,14.869999885559082,14.770000457763672,14.869999885559082,24400
2005-09-28,2.7249598503112793,14.850000381469727,14.970000267028809,14.800000190734863,14.899999618530273,24200
2005-09-29,2.7359707355499268,14.90999984741211,14.949999809265137,14.75,14.850000381469727,18000
2005-09-30,2.7322990894317627,14.890000343322754,14.890000343322754,14.8100004196167,14.819999694824219,17700
2005-10-03,2.76166033744812,15.050000190734863,15.09000015258789,14.979999542236328,14.989999771118164,47800
2005-10-04,2.7708346843719482,15.100000381469727,15.1899995803833,15.010000228881836,15.010000228881836,32700
2005-10-05,2.7653300762176514,15.069999694824219,15.180000305175781,15.069999694824219,15.170000076293945,19300
2005-10-06,2.772669553756714,15.109999656677246,15.1899995803833,15.050000190734863,15.0600004196167,16800
2005-10-07,2.7579891681671143,15.029999732971191,15.180000305175781,15.0,15.100000381469727,24300
2005-10-10,2.734135866165161,14.899999618530273,14.989999771118164,14.880000114440918,14.899999618530273,66300
2005-10-11,2.739640712738037,14.930000305175781,15.0,14.880000114440918,15.0,32700
2005-10-12,2.72128963470459,14.829999923706055,15.0,14.800000190734863,14.90999984741211,49700
2005-10-13,2.7011046409606934,14.720000267028809,14.760000228881836,14.619999885559082,14.75,42300
2005-10-14,2.702939987182617,14.729999542236328,14.75,14.619999885559082,14.619999885559082,39700
2005-10-17,2.699270486831665,14.710000038146973,14.739999771118164,14.640000343322754,14.649999618530273,50800
2005-10-18,2.704774856567383,14.739999771118164,14.770000457763672,14.680000305175781,14.680000305175781,31300
2005-10-19,2.697435140609741,14.699999809265137,14.699999809265137,14.579999923706055,14.640000343322754,32200
2005-10-20,2.6827547550201416,14.619999885559082,14.720000267028809,14.609999656677246,14.630000114440918,32500
2005-10-21,2.6956005096435547,14.6899995803833,14.729999542236328,14.630000114440918,14.720000267028809,26800
2005-10-24,2.7304654121398926,14.880000114440918,14.899999618530273,14.739999771118164,14.739999771118164,31900
2005-10-25,2.7469801902770996,14.970000267028809,15.0,14.949999809265137,14.949999809265137,23000
2005-10-26,2.7488150596618652,14.979999542236328,15.010000228881836,14.899999618530273,14.989999771118164,15100
2005-10-27,2.7598252296447754,15.039999961853027,15.100000381469727,14.930000305175781,15.0,34700
2005-10-28,2.74330997467041,14.949999809265137,15.0600004196167,14.890000343322754,14.9399995803833,37500
2005-10-31,2.7689998149871826,15.09000015258789,15.09000015258789,14.859999656677246,14.859999656677246,77200
2005-11-01,2.767164707183838,15.079999923706055,15.149999618530273,14.920000076293945,15.100000381469727,63200
2005-11-02,2.822214365005493,15.380000114440918,15.4399995803833,15.119999885559082,15.119999885559082,62500
2005-11-03,2.8350589275360107,15.449999809265137,15.569999694824219,15.329999923706055,15.569999694824219,42400
2005-11-04,2.822214365005493,15.380000114440918,15.5,15.34000015258789,15.4399995803833,27300
2005-11-07,2.8295540809631348,15.420000076293945,15.420000076293945,15.279999732971191,15.279999732971191,35700
2005-11-08,2.8332254886627197,15.4399995803833,15.4399995803833,15.369999885559082,15.399999618530273,24300
2005-11-09,2.8350589275360107,15.449999809265137,15.579999923706055,15.399999618530273,15.4399995803833,19800
2005-11-10,2.8423993587493896,15.489999771118164,15.600000381469727,15.399999618530273,15.399999618530273,17100
2005-11-11,2.862583637237549,15.600000381469727,15.649999618530273,15.5,15.5,18100
2005-11-14,2.853410243988037,15.550000190734863,15.800000190734863,15.520000457763672,15.520000457763672,32600
2005-11-15,2.8368947505950928,15.460000038146973,15.59000015258789,15.449999809265137,15.520000457763672,25700
2005-11-16,2.8442349433898926,15.5,15.579999923706055,15.5,15.579999923706055,14200
2005-11-17,2.87359356880188,15.65999984741211,15.65999984741211,15.5,15.550000190734863,29500
2005-11-18,2.89194393157959,15.760000228881836,15.800000190734863,15.5600004196167,15.5600004196167,35400
2005-11-21,2.9066243171691895,15.84000015258789,15.899999618530273,15.670000076293945,15.899999618530273,58800
2005-11-22,2.9121294021606445,15.869999885559082,15.869999885559082,15.699999809265137,15.699999809265137,13700
2005-11-23,2.8992843627929688,15.800000190734863,15.9399995803833,15.75,15.75,15300
2005-11-25,2.919468879699707,15.90999984741211,15.9399995803833,15.850000381469727,15.850000381469727,5000
2005-11-28,2.9066243171691895,15.84000015258789,15.949999809265137,15.699999809265137,15.699999809265137,31000
2005-11-29,2.910294532775879,15.859999656677246,15.989999771118164,15.829999923706055,15.979999542236328,32900
2005-11-30,2.9121294021606445,15.869999885559082,15.979999542236328,15.75,15.979999542236328,104300
2005-12-01,2.924973964691162,15.9399995803833,16.309999465942383,15.779999732971191,15.800000190734863,23200
2005-12-02,2.9506630897521973,16.079999923706055,16.170000076293945,15.850000381469727,15.9399995803833,27800
2005-12-05,2.948829412460327,16.06999969482422,16.280000686645508,16.010000228881836,16.100000381469727,26700
2005-12-06,2.9745190143585205,16.209999084472656,16.239999771118164,16.149999618530273,16.149999618530273,27400
2005-12-07,2.980023145675659,16.239999771118164,16.260000228881836,16.219999313354492,16.239999771118164,11700
2005-12-08,3.0112199783325195,16.40999984741211,16.8700008392334,16.190000534057617,16.190000534057617,53700
2005-12-09,3.0240626335144043,16.479999542236328,16.5,16.350000381469727,16.5,46100
2005-12-12,3.00571346282959,16.3799991607666,16.56999969482422,16.350000381469727,16.56999969482422,49800
2005-12-13,3.0222280025482178,16.469999313354492,16.479999542236328,16.299999237060547,16.479999542236328,37000
2005-12-14,3.013054847717285,16.420000076293945,16.489999771118164,16.3700008392334,16.489999771118164,39700
2005-12-15,3.024195432662964,15.199999809265137,15.40999984741211,14.899999618530273,15.40999984741211,57300
2005-12-16,2.9923622608184814,15.039999961853027,15.300000190734863,15.039999961853027,15.300000190734863,40400
2005-12-19,3.0222063064575195,15.1899995803833,15.279999732971191,15.020000457763672,15.210000038146973,31600
2005-12-20,3.0042996406555176,15.100000381469727,15.239999771118164,15.09000015258789,15.149999618530273,22500
2005-12-21,3.0082788467407227,15.119999885559082,15.239999771118164,15.09000015258789,15.09000015258789,23000
2005-12-22,3.000319242477417,15.079999923706055,15.25,15.079999923706055,15.109999656677246,34600
2005-12-23,3.020216464996338,15.180000305175781,15.239999771118164,15.149999618530273,15.199999809265137,25200
2005-12-27,3.026184558868408,15.210000038146973,15.390000343322754,15.1899995803833,15.300000190734863,27200
2005-12-28,3.050060510635376,15.329999923706055,15.329999923706055,15.079999923706055,15.079999923706055,18200
2005-12-29,3.0520503520965576,15.34000015258789,15.380000114440918,15.289999961853027,15.369999885559082,31100
2005-12-30,3.046081066131592,15.3100004196167,15.319999694824219,15.229999542236328,15.25,236800
2006-01-03,3.097810745239258,15.569999694824219,15.609999656677246,15.350000381469727,15.390000343322754,45600
2006-01-04,3.1415815353393555,15.789999961853027,15.800000190734863,15.680000305175781,15.75,27500
2006-01-05,3.173415184020996,15.949999809265137,15.949999809265137,15.819999694824219,15.84000015258789,17000
2006-01-06,3.1833622455596924,16.0,16.0,15.869999885559082,15.869999885559082,27000
2006-01-09,3.2271344661712646,16.219999313354492,16.350000381469727,16.049999237060547,16.049999237060547,24000
2006-01-10,3.2032597064971924,16.100000381469727,16.15999984741211,16.030000686645508,16.15999984741211,16800
2006-01-11,3.217186689376831,16.170000076293945,16.25,16.1299991607666,16.1299991607666,25600
2006-01-12,3.209228754043579,16.1299991607666,16.219999313354492,16.079999923706055,16.219999313354492,11900
2006-01-13,3.2032597064971924,16.100000381469727,16.149999618530273,16.100000381469727,16.1299991607666,36700
2006-01-17,3.2012698650360107,16.09000015258789,16.149999618530273,16.079999923706055,16.139999389648438,8600
2006-01-18,3.1853532791137695,16.010000228881836,16.110000610351562,16.0,16.049999237060547,23900
2006-01-19,3.209228754043579,16.1299991607666,16.149999618530273,16.049999237060547,16.049999237060547,10400
2006-01-20,3.189332962036133,16.030000686645508,16.25,16.020000457763672,16.18000030517578,12600
2006-01-23,3.213207483291626,16.149999618530273,16.239999771118164,16.010000228881836,16.040000915527344,31500
2006-01-24,3.209228754043579,16.1299991607666,16.149999618530273,16.1299991607666,16.149999618530273,10600
2006-01-25,3.1972908973693848,16.06999969482422,16.200000762939453,16.030000686645508,16.139999389648438,12400
2006-01-26,3.2191765308380127,16.18000030517578,16.25,16.170000076293945,16.170000076293945,12100
2006-01-27,3.2112185955047607,16.139999389648438,16.3700008392334,16.139999389648438,16.200000762939453,25800
2006-01-30,3.2291252613067627,16.229999542236328,16.239999771118164,16.0,16.010000228881836,19600
2006-01-31,3.231113910675049,16.239999771118164,16.25,16.149999618530273,16.25,21000
2006-02-01,3.221165657043457,16.190000534057617,16.25,16.100000381469727,16.209999084472656,21100
2006-02-02,3.2032597064971924,16.100000381469727,16.200000762939453,16.049999237060547,16.200000762939453,11600
2006-02-03,3.2052502632141113,16.110000610351562,16.239999771118164,16.100000381469727,16.239999771118164,24300
2006-02-06,3.1933109760284424,16.049999237060547,16.170000076293945,16.010000228881836,16.010000228881836,33400
2006-02-07,3.1793835163116455,15.979999542236328,16.15999984741211,15.869999885559082,16.15999984741211,38300
2006-02-08,3.2072393894195557,16.1200008392334,16.1299991607666,15.899999618530273,16.049999237060547,17000
2006-02-09,3.189332962036133,16.030000686645508,16.200000762939453,16.030000686645508,16.200000762939453,14400
2006-02-10,3.1833622455596924,16.0,16.25,15.970000267028809,15.979999542236328,27400
2006-02-13,3.1654574871063232,15.90999984741211,16.030000686645508,15.90999984741211,15.9399995803833,12400
2006-02-14,3.2052502632141113,16.110000610351562,16.1299991607666,15.609999656677246,15.899999618530273,100200
2006-02-15,3.1813735961914062,15.989999771118164,16.110000610351562,15.989999771118164,16.110000610351562,7700
2006-02-16,3.2012698650360107,16.09000015258789,16.09000015258789,15.970000267028809,16.030000686645508,12700
2006-02-17,3.1913223266601562,16.040000915527344,16.100000381469727,15.979999542236328,16.100000381469727,5200
2006-02-21,3.2231554985046387,16.200000762939453,16.270000457763672,16.100000381469727,16.100000381469727,42800
2006-02-22,3.2231554985046387,16.200000762939453,16.290000915527344,16.139999389648438,16.139999389648438,28200
2006-02-23,3.2191765308380127,16.18000030517578,16.200000762939453,16.049999237060547,16.200000762939453,16300
2006-02-24,3.1972908973693848,16.06999969482422,16.15999984741211,16.010000228881836,16.15999984741211,10100
2006-02-27,3.2052502632141113,16.110000610351562,16.200000762939453,16.0,16.020000457763672,20500
2006-02-28,3.199280023574829,16.079999923706055,16.219999313354492,16.0,16.110000610351562,17600
2006-03-01,3.2231554985046387,16.200000762939453,16.200000762939453,16.170000076293945,16.170000076293945,29200
2006-03-02,3.243051767349243,16.299999237060547,16.299999237060547,16.18000030517578,16.200000762939453,46600
2006-03-03,3.2251455783843994,16.209999084472656,16.25,16.110000610351562,16.25,14500
2006-03-06,3.2350926399230957,16.260000228881836,16.270000457763672,16.209999084472656,16.25,33800
2006-03-07,3.2112185955047607,16.139999389648438,16.170000076293945,16.1299991607666,16.15999984741211,19500
2006-03-08,3.1773946285247803,15.970000267028809,16.15999984741211,15.970000267028809,16.1299991607666,15900
2006-03-09,3.2151970863342285,16.15999984741211,16.190000534057617,16.059999465942383,16.06999969482422,13100
2006-03-10,3.2370831966400146,16.270000457763672,16.270000457763672,16.030000686645508,16.100000381469727,15400
2006-03-13,3.2370831966400146,16.270000457763672,16.290000915527344,16.200000762939453,16.200000762939453,18000
2006-03-14,3.247030019760132,16.31999969482422,16.3799991607666,16.260000228881836,16.290000915527344,24200
2006-03-15,3.2549889087677,16.360000610351562,16.5,16.360000610351562,16.43000030517578,19000
2006-03-16,3.2828426361083984,16.5,16.510000228881836,16.3799991607666,16.450000762939453,18900
2006-03-17,3.298760175704956,16.579999923706055,16.739999771118164,16.530000686645508,16.600000381469727,21500
2006-03-20,3.3226356506347656,16.700000762939453,16.889999389648438,16.639999389648438,16.690000534057617,25000
2006-03-21,3.3305928707122803,16.739999771118164,16.969999313354492,16.670000076293945,16.670000076293945,27300
2006-03-22,3.3524796962738037,16.850000381469727,17.0,16.610000610351562,16.610000610351562,21700
2006-03-23,3.360438346862793,16.889999389648438,16.899999618530273,16.799999237060547,16.850000381469727,24100
2006-03-24,3.3564581871032715,16.8700008392334,16.8799991607666,16.700000762939453,16.700000762939453,17000
2006-03-27,3.3286049365997314,16.729999542236328,16.84000015258789,16.6200008392334,16.75,13300
2006-03-28,3.3146774768829346,16.65999984741211,16.690000534057617,16.59000015258789,16.639999389648438,10100
2006-03-29,3.3146774768829346,16.65999984741211,16.799999237060547,16.600000381469727,16.729999542236328,9600
2006-03-30,3.3325836658477783,16.75,16.81999969482422,16.600000381469727,16.709999084472656,6400
2006-03-31,3.334573745727539,16.760000228881836,16.889999389648438,16.760000228881836,16.799999237060547,10500
2006-04-03,3.3584487438201904,16.8799991607666,16.8799991607666,16.65999984741211,16.8700008392334,22400
2006-04-04,3.3803341388702393,16.989999771118164,16.989999771118164,16.850000381469727,16.899999618530273,50200
2006-04-05,3.430074453353882,17.239999771118164,17.299999237060547,17.06999969482422,17.110000610351562,35800
2006-04-06,3.4997100830078125,17.59000015258789,17.709999084472656,17.15999984741211,17.299999237060547,44000
2006-04-07,3.4619081020355225,17.399999618530273,17.670000076293945,17.399999618530273,17.670000076293945,15500
2006-04-10,3.489762306213379,17.540000915527344,17.549999237060547,17.260000228881836,17.34000015258789,17400
2006-04-11,3.465885877609253,17.420000076293945,17.579999923706055,17.3700008392334,17.579999923706055,12800
2006-04-12,3.4698657989501953,17.440000534057617,17.850000381469727,17.360000610351562,17.850000381469727,41800
2006-04-13,3.434053897857666,17.260000228881836,17.450000762939453,17.260000228881836,17.450000762939453,13500
2006-04-17,3.434053897857666,17.260000228881836,17.350000381469727,17.25,17.25,12200
2006-04-18,3.4778237342834473,17.479999542236328,17.5,17.360000610351562,17.360000610351562,13900
2006-04-19,3.481804609298706,17.5,17.5,17.399999618530273,17.40999984741211,16200
2006-04-20,3.4638984203338623,17.40999984741211,17.5,17.350000381469727,17.489999771118164,5500
2006-04-21,3.4758355617523193,17.469999313354492,17.5,17.360000610351562,17.360000610351562,8100
2006-04-24,3.5434818267822266,17.809999465942383,17.899999618530273,17.639999389648438,17.899999618530273,18800
2006-04-25,3.561387062072754,17.899999618530273,18.0,17.75,17.93000030517578,26600
2006-04-26,3.5812838077545166,18.0,18.040000915527344,17.899999618530273,17.940000534057617,22700
2006-04-27,3.599191904067993,18.09000015258789,18.09000015258789,17.850000381469727,18.040000915527344,27600
2006-04-28,3.6011807918548584,18.100000381469727,18.100000381469727,17.959999084472656,18.06999969482422,16900
2006-05-01,3.6131179332733154,18.15999984741211,18.209999084472656,18.049999237060547,18.100000381469727,24200
2006-05-02,3.7185661792755127,18.690000534057617,18.75,18.260000228881836,18.260000228881836,31200
2006-05-03,3.7185661792755127,18.690000534057617,18.780000686645508,18.510000228881836,18.75,14600
2006-05-04,3.656888961791992,18.3799991607666,18.700000762939453,18.25,18.649999618530273,20400
2006-05-05,3.708617687225342,18.639999389648438,18.639999389648438,18.280000686645508,18.280000686645508,19300
2006-05-08,3.7384626865386963,18.790000915527344,18.969999313354492,18.700000762939453,18.700000762939453,23900
2006-05-09,3.770296335220337,18.950000762939453,19.040000915527344,18.899999618530273,19.040000915527344,46400
2006-05-10,3.752389430999756,18.860000610351562,19.0,18.799999237060547,18.899999618530273,27400
2006-05-11,3.784224033355713,19.020000457763672,19.1299991607666,18.90999984741211,19.06999969482422,22400
2006-05-12,3.74841046333313,18.84000015258789,19.0,18.6200008392334,18.989999771118164,31200
2006-05-15,3.631023645401001,18.25,18.600000381469727,17.90999984741211,18.600000381469727,45300
2006-05-16,3.694690465927124,18.56999969482422,18.649999618530273,18.31999969482422,18.31999969482422,27900
2006-05-17,3.5773046016693115,17.979999542236328,18.479999542236328,17.90999984741211,18.450000762939453,23400
2006-05-18,3.5554187297821045,17.8700008392334,18.170000076293945,17.81999969482422,18.149999618530273,26600
2006-05-19,3.388293504714966,17.030000686645508,18.0,17.0,18.0,70400
2006-05-22,3.3305928707122803,16.739999771118164,17.049999237060547,16.549999237060547,17.049999237060547,56900
2006-05-23,3.412167549133301,17.149999618530273,17.299999237060547,16.850000381469727,16.850000381469727,30100
2006-05-24,3.3803341388702393,16.989999771118164,17.139999389648438,16.950000762939453,17.139999389648438,21800
2006-05-25,3.3962514400482178,17.06999969482422,17.139999389648438,16.84000015258789,17.030000686645508,128000
2006-05-26,3.4758355617523193,17.469999313354492,17.559999465942383,17.209999084472656,17.260000228881836,38300
2006-05-30,3.4320640563964844,17.25,17.389999389648438,17.25,17.329999923706055,33100
2006-05-31,3.4360432624816895,17.270000457763672,17.360000610351562,17.260000228881836,17.31999969482422,22100
2006-06-01,3.430074453353882,17.239999771118164,17.260000228881836,17.149999618530273,17.25,20800
2006-06-02,3.457928419113159,17.3799991607666,17.6299991607666,17.270000457763672,17.43000030517578,28400
2006-06-05,3.453949213027954,17.360000610351562,17.639999389648438,17.360000610351562,17.559999465942383,26900
2006-06-06,3.4320640563964844,17.25,17.280000686645508,17.200000762939453,17.25,27300
2006-06-07,3.41017746925354,17.139999389648438,17.149999618530273,17.010000228881836,17.139999389648438,36900
2006-06-08,3.2788636684417725,16.479999542236328,16.68000030517578,16.1299991607666,16.65999984741211,77300
2006-06-09,3.286822557449341,16.520000457763672,16.700000762939453,16.479999542236328,16.549999237060547,6800
2006-06-12,3.2112185955047607,16.139999389648438,16.530000686645508,16.139999389648438,16.5,26600
2006-06-13,3.109748363494873,15.630000114440918,16.079999923706055,15.600000381469727,16.06999969482422,60800
2006-06-14,3.2012698650360107,16.09000015258789,16.09000015258789,15.539999961853027,15.539999961853027,54400
2006-06-15,3.3053841590881348,16.350000381469727,16.3799991607666,16.1299991607666,16.1299991607666,39900
2006-06-16,3.307405948638916,16.360000610351562,16.469999313354492,16.350000381469727,16.3799991607666,19100
2006-06-19,3.2952756881713867,16.299999237060547,16.399999618530273,16.100000381469727,16.389999389648438,8100
2006-06-20,3.2811248302459717,16.229999542236328,16.3799991607666,16.100000381469727,16.100000381469727,14500
2006-06-21,3.3316650390625,16.479999542236328,16.479999542236328,16.200000762939453,16.200000762939453,11400
2006-06-22,3.311450242996216,16.3799991607666,16.530000686645508,16.31999969482422,16.469999313354492,8200
2006-06-23,3.297297239303589,16.309999465942383,16.450000762939453,16.239999771118164,16.239999771118164,15300
2006-06-26,3.3053841590881348,16.350000381469727,16.399999618530273,16.280000686645508,16.280000686645508,18200
2006-06-27,3.234626531600952,16.0,16.350000381469727,15.800000190734863,16.299999237060547,23100
2006-06-28,3.266972541809082,16.15999984741211,16.360000610351562,16.110000610351562,16.110000610351562,22000
2006-06-29,3.3660335540771484,16.649999618530273,16.649999618530273,16.489999771118164,16.5,51000
2006-06-30,3.3660335540771484,16.649999618530273,16.700000762939453,16.549999237060547,16.700000762939453,11500
2006-07-03,3.426682710647583,16.950000762939453,17.100000381469727,16.770000457763672,16.770000457763672,10200
2006-07-05,3.436790704727173,17.0,17.0,16.799999237060547,16.899999618530273,11600
2006-07-06,3.4165749549865723,16.899999618530273,17.299999237060547,16.899999618530273,17.040000915527344,42200
2006-07-07,3.4307258129119873,16.969999313354492,17.06999969482422,16.84000015258789,16.899999618530273,24900
2006-07-10,3.4246621131896973,16.940000534057617,17.100000381469727,16.90999984741211,16.90999984741211,18100
2006-07-11,3.4206178188323975,16.920000076293945,17.0,16.829999923706055,16.899999618530273,14000
2006-07-12,3.4226393699645996,16.93000030517578,16.989999771118164,16.809999465942383,16.90999984741211,18200
2006-07-13,3.3599677085876465,16.6200008392334,16.81999969482422,16.6200008392334,16.809999465942383,8800
2006-07-14,3.349860668182373,16.56999969482422,16.600000381469727,16.43000030517578,16.56999969482422,17300
2006-07-17,3.285168170928955,16.25,16.31999969482422,16.15999984741211,16.31999969482422,27100
2006-07-18,3.285168170928955,16.25,16.389999389648438,16.25,16.25,12600
2006-07-19,3.3579471111297607,16.610000610351562,16.75,16.25,16.25,26700
2006-07-20,3.364011764526367,16.639999389648438,16.809999465942383,16.639999389648438,16.700000762939453,16200
2006-07-21,3.3539040088653564,16.59000015258789,16.75,16.540000915527344,16.75,37500
2006-07-24,3.4246621131896973,16.940000534057617,16.969999313354492,16.5,16.690000534057617,48000
2006-07-25,3.4024229049682617,16.829999923706055,16.920000076293945,16.65999984741211,16.920000076293945,10400
2006-07-26,3.4347686767578125,16.989999771118164,16.989999771118164,16.690000534057617,16.690000534057617,10400
2006-07-27,3.446899890899658,17.049999237060547,17.079999923706055,16.90999984741211,17.0,29400
2006-07-28,3.5014851093292236,17.31999969482422,17.450000762939453,17.1299991607666,17.1299991607666,26300
2006-07-31,3.4994616508483887,17.309999465942383,17.40999984741211,17.299999237060547,17.299999237060547,35600
2006-08-01,3.467115640640259,17.149999618530273,17.360000610351562,16.950000762939453,17.360000610351562,14900
2006-08-02,3.4731807708740234,17.18000030517578,17.260000228881836,17.100000381469727,17.170000076293945,45400
2006-08-03,3.505528211593628,17.34000015258789,17.34000015258789,17.139999389648438,17.149999618530273,42200
2006-08-04,3.507547378540039,17.350000381469727,17.399999618530273,17.270000457763672,17.329999923706055,11200
2006-08-07,3.491375207901001,17.270000457763672,17.350000381469727,17.270000457763672,17.299999237060547,51000
2006-08-08,3.4974396228790283,17.299999237060547,17.329999923706055,17.239999771118164,17.239999771118164,14900
2006-08-09,3.5014851093292236,17.31999969482422,17.450000762939453,17.31999969482422,17.350000381469727,48500
2006-08-10,3.5176563262939453,17.399999618530273,17.399999618530273,17.25,17.260000228881836,11400
2006-08-11,3.4974396228790283,17.299999237060547,17.329999923706055,17.079999923706055,17.299999237060547,38300
2006-08-14,3.5216994285583496,17.420000076293945,17.489999771118164,17.360000610351562,17.360000610351562,35400
2006-08-15,3.5762839317321777,17.690000534057617,17.700000762939453,17.450000762939453,17.530000686645508,39400
2006-08-16,3.5762839317321777,17.690000534057617,17.799999237060547,17.610000610351562,17.75,16800
2006-08-17,3.6005444526672363,17.809999465942383,17.829999923706055,17.649999618530273,17.649999618530273,22200
2006-08-18,3.5985209941864014,17.799999237060547,17.8799991607666,17.700000762939453,17.84000015258789,11500
2006-08-21,3.586392402648926,17.739999771118164,17.84000015258789,17.600000381469727,17.84000015258789,21700
2006-08-22,3.5904345512390137,17.760000228881836,17.889999389648438,17.639999389648438,17.639999389648438,54900
2006-08-23,3.594480037689209,17.780000686645508,17.780000686645508,17.65999984741211,17.719999313354492,16600
2006-08-24,3.5884146690368652,17.75,17.8799991607666,17.75,17.829999923706055,13700
2006-08-25,3.6167166233062744,17.889999389648438,17.899999618530273,17.700000762939453,17.700000762939453,18200
2006-08-28,3.6005444526672363,17.809999465942383,17.889999389648438,17.690000534057617,17.690000534057617,11000
2006-08-29,3.6470415592193604,18.040000915527344,18.06999969482422,17.8700008392334,17.899999618530273,23300
2006-08-30,3.675344705581665,18.18000030517578,18.25,18.0,18.020000457763672,43900
2006-08-31,3.7097113132476807,18.350000381469727,18.350000381469727,18.200000762939453,18.329999923706055,36200
2006-09-01,3.7198216915130615,18.399999618530273,18.399999618530273,18.309999465942383,18.31999969482422,14400
2006-09-05,3.786534309387207,18.729999542236328,18.729999542236328,18.459999084472656,18.549999237060547,65800
2006-09-06,3.7218425273895264,18.40999984741211,18.65999984741211,18.31999969482422,18.65999984741211,18900
2006-09-07,3.6793880462646484,18.200000762939453,18.31999969482422,18.100000381469727,18.299999237060547,24200
2006-09-08,3.689495325088501,18.25,18.350000381469727,18.170000076293945,18.350000381469727,8800
2006-09-11,3.659172773361206,18.100000381469727,18.209999084472656,18.100000381469727,18.18000030517578,28100
2006-09-12,3.7440810203552246,18.520000457763672,18.540000915527344,18.149999618530273,18.149999618530273,15700
2006-09-13,3.7440810203552246,18.520000457763672,18.559999465942383,18.479999542236328,18.5,19600
2006-09-14,3.713757038116455,18.3700008392334,18.489999771118164,18.290000915527344,18.459999084472656,40300
2006-09-15,3.727908134460449,18.440000534057617,18.549999237060547,18.389999389648438,18.440000534057617,16300
2006-09-18,3.727908134460449,18.440000534057617,18.540000915527344,18.309999465942383,18.440000534057617,29200
2006-09-19,3.729928970336914,18.450000762939453,18.530000686645508,18.399999618530273,18.399999618530273,17400
2006-09-20,3.7663180828094482,18.6299991607666,18.729999542236328,18.59000015258789,18.6200008392334,27600
2006-09-21,3.8067524433135986,18.829999923706055,18.8799991607666,18.600000381469727,18.75,34500
2006-09-22,3.788557529449463,18.739999771118164,18.760000228881836,18.690000534057617,18.760000228881836,16600
2006-09-25,3.816859006881714,18.8799991607666,18.889999389648438,18.75,18.75,13600
2006-09-26,3.8370766639709473,18.979999542236328,18.979999542236328,18.860000610351562,18.920000076293945,24800
2006-09-27,3.8269684314727783,18.93000030517578,19.0,18.829999923706055,18.93000030517578,23600
2006-09-28,3.831012010574341,18.950000762939453,19.020000457763672,18.850000381469727,18.899999618530273,18500
2006-09-29,3.816859006881714,18.8799991607666,18.959999084472656,18.8799991607666,18.950000762939453,16300
2006-10-02,3.8087728023529053,18.84000015258789,18.920000076293945,18.84000015258789,18.899999618530273,12200
2006-10-03,3.804730176925659,18.81999969482422,18.829999923706055,18.540000915527344,18.540000915527344,28400
2006-10-04,3.831012010574341,18.950000762939453,18.950000762939453,18.75,18.799999237060547,15800
2006-10-05,3.816859006881714,18.8799991607666,18.959999084472656,18.760000228881836,18.770000457763672,14900
2006-10-06,3.8188819885253906,18.889999389648438,18.889999389648438,18.790000915527344,18.889999389648438,15500
2006-10-09,3.839097261428833,18.989999771118164,19.040000915527344,18.8700008392334,18.950000762939453,12900
2006-10-10,3.8835740089416504,19.209999084472656,19.209999084472656,19.0,19.0,23500
2006-10-11,3.8492071628570557,19.040000915527344,19.200000762939453,18.799999237060547,19.100000381469727,34300
2006-10-12,3.841120481491089,19.0,19.059999465942383,18.950000762939453,18.950000762939453,7200
2006-10-13,3.839097261428833,18.989999771118164,19.0,18.709999084472656,19.0,36800
2006-10-16,3.841120481491089,19.0,19.0,18.790000915527344,18.81999969482422,17500
2006-10-17,3.804730176925659,18.81999969482422,18.899999618530273,18.799999237060547,18.889999389648438,12100
2006-10-18,3.833033561706543,18.959999084472656,18.989999771118164,18.889999389648438,18.989999771118164,13300
2006-10-19,3.8471837043762207,19.030000686645508,19.079999923706055,18.959999084472656,18.959999084472656,14800
2006-10-20,3.841120481491089,19.0,19.139999389648438,18.979999542236328,19.030000686645508,41500
2006-10-23,3.8694231510162354,19.139999389648438,19.149999618530273,18.959999084472656,19.06999969482422,36600
2006-10-24,3.812816619873047,18.860000610351562,19.06999969482422,18.799999237060547,19.06999969482422,22000
2006-10-25,3.8370766639709473,18.979999542236328,18.989999771118164,18.8700008392334,18.8700008392334,14600
2006-10-26,3.8269684314727783,18.93000030517578,19.200000762939453,18.90999984741211,19.200000762939453,37300
2006-10-27,3.8370766639709473,18.979999542236328,19.110000610351562,18.90999984741211,18.979999542236328,40000
2006-10-30,3.8512275218963623,19.049999237060547,19.170000076293945,18.959999084472656,19.040000915527344,20700
2006-10-31,3.833033561706543,18.959999084472656,19.100000381469727,18.940000534057617,19.020000457763672,50900
2006-11-01,3.8451638221740723,19.020000457763672,19.06999969482422,19.010000228881836,19.06999969482422,19200
2006-11-02,3.8532485961914062,19.059999465942383,19.09000015258789,19.010000228881836,19.020000457763672,19600
2006-11-03,3.857292413711548,19.079999923706055,19.1299991607666,19.0,19.079999923706055,21700
2006-11-06,3.881553888320923,19.200000762939453,19.270000457763672,19.149999618530273,19.170000076293945,18400
2006-11-07,3.9300708770751953,19.440000534057617,19.469999313354492,19.280000686645508,19.280000686645508,37700
2006-11-08,3.924006700515747,19.40999984741211,19.450000762939453,19.290000915527344,19.299999237060547,15300
2006-11-09,3.9260287284851074,19.420000076293945,19.579999923706055,19.420000076293945,19.520000457763672,13600
2006-11-10,3.9260287284851074,19.420000076293945,19.5,19.360000610351562,19.3799991607666,13300
2006-11-13,3.934114456176758,19.459999084472656,19.600000381469727,19.440000534057617,19.450000762939453,25000
2006-11-14,3.9543299674987793,19.559999465942383,19.56999969482422,19.459999084472656,19.56999969482422,19300
2006-11-15,3.962416410446167,19.600000381469727,19.600000381469727,19.549999237060547,19.559999465942383,15300
2006-11-16,3.9462454319000244,19.520000457763672,19.610000610351562,19.459999084472656,19.459999084472656,13100
2006-11-17,3.9705049991607666,19.639999389648438,19.700000762939453,19.459999084472656,19.5,18700
2006-11-20,3.9523086547851562,19.549999237060547,19.670000076293945,19.459999084472656,19.639999389648438,20500
2006-11-21,3.9725258350372314,19.649999618530273,19.75,19.56999969482422,19.6299991607666,16100
2006-11-22,4.008915901184082,19.829999923706055,19.850000381469727,19.739999771118164,19.739999771118164,18500
2006-11-24,4.002851486206055,19.799999237060547,19.809999465942383,19.690000534057617,19.719999313354492,10800
2006-11-27,3.9866783618927,19.719999313354492,19.8799991607666,19.709999084472656,19.850000381469727,32700
2006-11-28,3.966460943222046,19.6200008392334,19.68000030517578,19.489999771118164,19.520000457763672,19600
2006-11-29,3.9866783618927,19.719999313354492,19.790000915527344,19.649999618530273,19.649999618530273,3800
2006-11-30,4.019024848937988,19.8799991607666,19.889999389648438,19.719999313354492,19.75,14500
2006-12-01,3.998806953430176,19.780000686645508,19.920000076293945,19.729999542236328,19.790000915527344,13100
2006-12-04,4.093823432922363,20.25,20.280000686645508,19.799999237060547,19.799999237060547,22500
2006-12-05,4.107975959777832,20.31999969482422,20.31999969482422,20.1299991607666,20.25,34800
2006-12-06,4.045306205749512,20.010000228881836,20.270000457763672,20.010000228881836,20.260000228881836,45800
2006-12-07,4.128193378448486,20.420000076293945,20.549999237060547,20.239999771118164,20.25,74500
2006-12-08,4.08371639251709,20.200000762939453,20.530000686645508,20.200000762939453,20.5,70600
2006-12-11,4.114040851593018,20.350000381469727,20.459999084472656,20.25,20.25,63900
2006-12-12,4.194906234741211,20.75,20.75,20.450000762939453,20.459999084472656,36800
2006-12-13,4.2272515296936035,20.90999984741211,20.90999984741211,20.559999465942383,20.770000457763672,125300
2006-12-14,4.237168788909912,19.229999542236328,19.31999969482422,19.0,19.290000915527344,78600
2006-12-15,4.219542026519775,19.149999618530273,19.350000381469727,19.049999237060547,19.350000381469727,57100
2006-12-18,4.215132236480713,19.1299991607666,19.25,19.0,19.25,36500
2006-12-19,4.182083606719971,18.979999542236328,19.0,18.920000076293945,18.969999313354492,38200
2006-12-20,4.184286594390869,18.989999771118164,19.100000381469727,18.979999542236328,19.030000686645508,17500
2006-12-21,4.186490535736084,19.0,19.100000381469727,18.940000534057617,19.09000015258789,14600
2006-12-22,4.182083606719971,18.979999542236328,19.079999923706055,18.950000762939453,19.0,16800
2006-12-26,4.175473213195801,18.950000762939453,19.110000610351562,18.940000534057617,19.110000610351562,16600
2006-12-27,4.210726737976074,19.110000610351562,19.110000610351562,18.950000762939453,18.950000762939453,13800
2006-12-28,4.199709892272949,19.059999465942383,19.15999984741211,19.040000915527344,19.110000610351562,17600
2006-12-29,4.20852518081665,19.100000381469727,19.15999984741211,18.979999542236328,18.979999542236328,13100
2007-01-03,4.252593040466309,19.299999237060547,19.440000534057617,19.270000457763672,19.350000381469727,42800
2007-01-04,4.241575241088867,19.25,19.360000610351562,19.149999618530273,19.31999969482422,17800
2007-01-05,4.210726737976074,19.110000610351562,19.290000915527344,19.100000381469727,19.219999313354492,23500
2007-01-08,4.186490535736084,19.0,19.079999923706055,18.979999542236328,19.079999923706055,22900
2007-01-09,4.188692569732666,19.010000228881836,19.1200008392334,18.979999542236328,19.049999237060547,20500
2007-01-10,4.179879665374756,18.969999313354492,19.010000228881836,18.889999389648438,19.010000228881836,22900
2007-01-11,4.210726737976074,19.110000610351562,19.219999313354492,18.969999313354492,18.969999313354492,12400
2007-01-12,4.2746262550354,19.399999618530273,19.459999084472656,19.18000030517578,19.190000534057617,31100
2007-01-16,4.294455528259277,19.489999771118164,19.639999389648438,19.43000030517578,19.5,34400
2007-01-17,4.296660423278809,19.5,19.6299991607666,19.43000030517578,19.59000015258789,26200
2007-01-18,4.312083721160889,19.56999969482422,19.700000762939453,19.360000610351562,19.700000762939453,31700
2007-01-19,4.316490650177002,19.59000015258789,19.59000015258789,19.360000610351562,19.399999618530273,13600
2007-01-22,4.281236171722412,19.43000030517578,19.68000030517578,19.420000076293945,19.649999618530273,22900
2007-01-23,4.3297119140625,19.649999618530273,19.780000686645508,19.510000228881836,19.510000228881836,24400
2007-01-24,4.356152534484863,19.770000457763672,19.860000610351562,19.649999618530273,19.700000762939453,66600
2007-01-25,4.320896625518799,19.610000610351562,19.889999389648438,19.360000610351562,19.790000915527344,31000
2007-01-26,4.3297119140625,19.649999618530273,19.700000762939453,19.450000762939453,19.700000762939453,61000
2007-01-29,4.373780727386475,19.850000381469727,19.850000381469727,19.610000610351562,19.760000228881836,160900
2007-01-30,4.380392074584961,19.8799991607666,19.969999313354492,19.649999618530273,19.950000762939453,121300
2007-01-31,4.422255039215088,20.06999969482422,20.100000381469727,19.8799991607666,19.8799991607666,39400
2007-02-01,4.455305099487305,20.219999313354492,20.290000915527344,20.1299991607666,20.149999618530273,20700
2007-02-02,4.468527793884277,20.280000686645508,20.350000381469727,20.149999618530273,20.25,16100
2007-02-05,4.470730304718018,20.290000915527344,20.299999237060547,20.0,20.270000457763672,32100
2007-02-06,4.486155033111572,20.360000610351562,20.360000610351562,20.239999771118164,20.270000457763672,12000
2007-02-07,4.488359451293945,20.3700008392334,20.399999618530273,20.270000457763672,20.270000457763672,12600
2007-02-08,4.4420857429504395,20.15999984741211,20.31999969482422,20.09000015258789,20.31999969482422,26800
2007-02-09,4.426663398742676,20.09000015258789,20.25,20.010000228881836,20.25,21700
2007-02-12,4.433271884918213,20.1200008392334,20.170000076293945,20.0,20.09000015258789,21400
2007-02-13,4.450899600982666,20.200000762939453,20.229999542236328,20.040000915527344,20.170000076293945,25600
2007-02-14,4.450899600982666,20.200000762939453,20.360000610351562,20.100000381469727,20.200000762939453,28400
2007-02-15,4.483951568603516,20.350000381469727,20.489999771118164,20.229999542236328,20.229999542236328,41600
2007-02-16,4.508188724517822,20.459999084472656,20.5,20.299999237060547,20.360000610351562,28000
2007-02-20,4.514799118041992,20.489999771118164,20.489999771118164,20.329999923706055,20.479999542236328,21400
2007-02-21,4.464118957519531,20.260000228881836,20.389999389648438,20.139999389648438,20.3799991607666,23900
2007-02-22,4.517003536224365,20.5,20.5,20.270000457763672,20.270000457763672,19100
2007-02-23,4.505984783172607,20.450000762939453,20.479999542236328,20.360000610351562,20.389999389648438,31500
2007-02-26,4.481747150421143,20.34000015258789,20.40999984741211,20.260000228881836,20.389999389648438,33100
2007-02-27,4.195303440093994,19.040000915527344,20.010000228881836,18.899999618530273,20.0,194500
2007-02-28,4.252593040466309,19.299999237060547,19.40999984741211,19.0,19.0,47400
2007-03-01,4.188692569732666,19.010000228881836,19.18000030517578,18.81999969482422,18.850000381469727,33100
2007-03-02,4.201914310455322,19.06999969482422,19.15999984741211,18.979999542236328,19.09000015258789,35100
2007-03-05,4.078521251678467,18.510000228881836,18.760000228881836,18.450000762939453,18.6200008392334,75800
2007-03-06,4.1908979415893555,19.020000457763672,19.030000686645508,18.600000381469727,18.739999771118164,56900
2007-03-07,4.259201526641846,19.329999923706055,19.360000610351562,19.079999923706055,19.079999923706055,32300
2007-03-08,4.367169380187988,19.81999969482422,19.81999969482422,19.229999542236328,19.299999237060547,83900
2007-03-09,4.331915378570557,19.65999984741211,19.809999465942383,19.479999542236328,19.809999465942383,53600
2007-03-12,4.334118843078613,19.670000076293945,19.739999771118164,19.56999969482422,19.600000381469727,22800
2007-03-13,4.245981693267822,19.270000457763672,19.549999237060547,19.049999237060547,19.049999237060547,33200
2007-03-14,4.2393717765808105,19.239999771118164,19.25,18.889999389648438,18.940000534057617,27700
2007-03-15,4.2393717765808105,19.239999771118164,19.280000686645508,19.06999969482422,19.200000762939453,31800
2007-03-16,4.276829719543457,19.40999984741211,19.43000030517578,19.290000915527344,19.329999923706055,20600
2007-03-19,4.336321830749512,19.68000030517578,19.809999465942383,19.510000228881836,19.809999465942383,36700
2007-03-20,4.360560417175293,19.790000915527344,19.81999969482422,19.649999618530273,19.68000030517578,17400
2007-03-21,4.4354753494262695,20.1299991607666,20.15999984741211,19.809999465942383,20.100000381469727,18800
2007-03-22,4.426663398742676,20.09000015258789,20.149999618530273,20.049999237060547,20.149999618530273,15500
2007-03-23,4.453103542327881,20.209999084472656,20.25,20.079999923706055,20.200000762939453,8200
2007-03-26,4.448695659637451,20.190000534057617,20.209999084472656,20.110000610351562,20.209999084472656,53500
2007-03-27,4.424457550048828,20.079999923706055,20.200000762939453,20.079999923706055,20.200000762939453,32100
2007-03-28,4.406831741333008,20.0,20.149999618530273,19.860000610351562,20.149999618530273,42500
2007-03-29,4.439882278442383,20.149999618530273,20.25,20.010000228881836,20.25,51000
2007-03-30,4.433271884918213,20.1200008392334,20.1299991607666,20.030000686645508,20.1200008392334,41300
2007-04-02,4.424457550048828,20.079999923706055,20.1299991607666,20.0,20.100000381469727,68600
2007-04-03,4.450899600982666,20.200000762939453,20.219999313354492,20.149999618530273,20.200000762939453,52900
2007-04-04,4.450899600982666,20.200000762939453,20.219999313354492,20.149999618530273,20.200000762939453,34800
2007-04-05,4.464118957519531,20.260000228881836,20.31999969482422,20.239999771118164,20.270000457763672,106000
2007-04-09,4.512595176696777,20.479999542236328,20.559999465942383,20.3799991607666,20.510000228881836,46400
2007-04-10,4.505984783172607,20.450000762939453,20.489999771118164,20.399999618530273,20.489999771118164,37700
2007-04-11,4.499375820159912,20.420000076293945,20.6299991607666,20.399999618530273,20.6299991607666,29500
2007-04-12,4.505984783172607,20.450000762939453,20.5,20.34000015258789,20.5,33900
2007-04-13,4.501579284667969,20.43000030517578,20.790000915527344,20.25,20.700000762939453,193700
2007-04-16,4.539037227630615,20.600000381469727,20.709999084472656,20.559999465942383,20.649999618530273,39500
2007-04-17,4.561071395874023,20.700000762939453,20.75,20.600000381469727,20.700000762939453,35100
2007-04-18,4.572087287902832,20.75,20.780000686645508,20.719999313354492,20.770000457763672,50700
2007-04-19,4.547850608825684,20.639999389648438,20.75,20.6200008392334,20.6200008392334,20200
2007-04-20,4.583104610443115,20.799999237060547,20.950000762939453,20.760000228881836,20.809999465942383,44300
2007-04-23,4.569882869720459,20.739999771118164,20.81999969482422,20.670000076293945,20.670000076293945,51800
2007-04-24,4.576493740081787,20.770000457763672,20.850000381469727,20.719999313354492,20.850000381469727,25400
2007-04-25,4.594120979309082,20.850000381469727,20.8700008392334,20.780000686645508,20.790000915527344,53500
2007-04-26,4.60293436050415,20.889999389648438,20.90999984741211,20.850000381469727,20.899999618530273,57400
2007-04-27,4.60293436050415,20.889999389648438,20.959999084472656,20.84000015258789,20.959999084472656,32000
2007-04-30,4.605139255523682,20.899999618530273,20.979999542236328,20.899999618530273,20.899999618530273,61900
2007-05-01,4.611748218536377,20.93000030517578,20.989999771118164,20.780000686645508,20.979999542236328,54100
2007-05-02,4.627173900604248,21.0,21.0,20.780000686645508,20.860000610351562,35000
2007-05-03,4.598527908325195,20.8700008392334,20.969999313354492,20.75,20.8799991607666,62700
2007-05-04,4.6073408126831055,20.90999984741211,21.0,20.850000381469727,20.989999771118164,27700
2007-05-07,4.591917991638184,20.84000015258789,20.969999313354492,20.75,20.8799991607666,40000
2007-05-08,4.464118957519531,20.260000228881836,20.780000686645508,19.540000915527344,20.780000686645508,391400
2007-05-09,4.543443202972412,20.6200008392334,20.68000030517578,20.260000228881836,20.299999237060547,136200
2007-05-10,4.512595176696777,20.479999542236328,20.729999542236328,20.450000762939453,20.579999923706055,60800
2007-05-11,4.5632734298706055,20.709999084472656,20.729999542236328,20.469999313354492,20.510000228881836,47700
2007-05-14,4.569882869720459,20.739999771118164,20.780000686645508,20.649999618530273,20.75,62800
2007-05-15,4.598597526550293,20.34000015258789,20.3700008392334,20.270000457763672,20.350000381469727,41300
2007-05-16,4.591815948486328,20.309999465942383,20.459999084472656,20.270000457763672,20.43000030517578,133600
2007-05-17,4.573727607727051,20.229999542236328,20.299999237060547,20.219999313354492,20.299999237060547,54700
2007-05-18,4.580510139465332,20.260000228881836,20.270000457763672,20.09000015258789,20.110000610351562,121600
2007-05-21,4.600857734680176,20.350000381469727,20.399999618530273,20.25,20.3799991607666,96900
2007-05-22,4.340859889984131,19.200000762939453,19.600000381469727,19.1200008392334,19.510000228881836,184300
2007-05-23,4.374771595001221,19.350000381469727,19.450000762939453,19.25,19.25,100600
2007-05-24,4.252683639526367,18.809999465942383,19.299999237060547,18.75,19.200000762939453,102100
2007-05-25,4.297901153564453,19.010000228881836,19.079999923706055,18.899999618530273,18.899999618530273,48000
2007-05-29,4.386075973510742,19.399999618530273,19.59000015258789,19.149999618530273,19.15999984741211,120000
2007-05-30,4.354423999786377,19.260000228881836,19.600000381469727,19.200000762939453,19.350000381469727,106700
2007-05-31,4.329554080963135,19.149999618530273,19.34000015258789,19.100000381469727,19.34000015258789,58000
2007-06-01,4.306945323944092,19.049999237060547,19.200000762939453,18.950000762939453,19.200000762939453,91800
2007-06-04,4.227815628051758,18.700000762939453,19.010000228881836,18.639999389648438,19.0,152300
2007-06-05,4.2459025382995605,18.780000686645508,18.790000915527344,18.579999923706055,18.700000762939453,150200
2007-06-06,4.200685024261475,18.579999923706055,18.780000686645508,18.530000686645508,18.530000686645508,67700
2007-06-07,4.087641716003418,18.079999923706055,18.469999313354492,17.959999084472656,18.40999984741211,104000
2007-06-08,4.101207733154297,18.139999389648438,18.170000076293945,17.790000915527344,18.040000915527344,70200
2007-06-11,4.076338291168213,18.030000686645508,18.110000610351562,17.90999984741211,17.90999984741211,115500
2007-06-12,4.022076606750488,17.790000915527344,18.030000686645508,17.790000915527344,18.030000686645508,72500
2007-06-13,4.044684410095215,17.889999389648438,17.93000030517578,17.790000915527344,17.799999237060547,124400
2007-06-14,4.069555282592773,18.0,18.040000915527344,17.93000030517578,17.93000030517578,156800
2007-06-15,4.092163562774658,18.100000381469727,18.200000762939453,18.079999923706055,18.1200008392334,141800
2007-06-18,4.065032482147217,17.979999542236328,18.200000762939453,17.979999542236328,18.110000610351562,114100
2007-06-19,4.062772274017334,17.969999313354492,18.100000381469727,17.959999084472656,18.100000381469727,243900
2007-06-20,4.069555282592773,18.0,18.040000915527344,17.979999542236328,18.010000228881836,340600
2007-06-21,4.044684410095215,17.889999389648438,18.0,17.8799991607666,18.0,229200
2007-06-22,4.037903785705566,17.860000610351562,17.90999984741211,17.860000610351562,17.899999618530273,166300
2007-06-25,4.046945095062256,17.899999618530273,17.920000076293945,17.81999969482422,17.8700008392334,136300
2007-06-26,4.046945095062256,17.899999618530273,17.950000762939453,17.81999969482422,17.950000762939453,112300
2007-06-27,4.015293121337891,17.760000228881836,17.889999389648438,17.59000015258789,17.889999389648438,118200
2007-06-28,3.974597930908203,17.579999923706055,17.84000015258789,17.489999771118164,17.84000015258789,374900
2007-06-29,4.024335861206055,17.799999237060547,17.799999237060547,17.540000915527344,17.559999465942383,383800
2007-07-02,4.0785980224609375,18.040000915527344,18.040000915527344,17.860000610351562,17.8799991607666,200100
2007-07-03,4.13059663772583,18.270000457763672,18.350000381469727,18.06999969482422,18.09000015258789,104600
2007-07-05,4.13059663772583,18.270000457763672,18.399999618530273,18.229999542236328,18.3799991607666,167800
2007-07-06,4.164511203765869,18.420000076293945,18.450000762939453,18.280000686645508,18.280000686645508,105900
2007-07-09,4.18712043762207,18.520000457763672,18.59000015258789,18.43000030517578,18.59000015258789,100300
2007-07-10,4.150947093963623,18.360000610351562,18.540000915527344,18.350000381469727,18.5,81900
2007-07-11,4.175814151763916,18.469999313354492,18.540000915527344,18.360000610351562,18.540000915527344,83500
2007-07-12,4.239119052886963,18.75,18.75,18.479999542236328,18.479999542236328,97300
2007-07-13,4.248161792755127,18.790000915527344,18.790000915527344,18.559999465942383,18.75,40600
2007-07-16,4.239119052886963,18.75,18.799999237060547,18.700000762939453,18.790000915527344,75100
2007-07-17,4.17129373550415,18.450000762939453,18.75,18.450000762939453,18.75,64400
2007-07-18,4.126075744628906,18.25,18.469999313354492,18.18000030517578,18.450000762939453,58700
2007-07-19,4.162250995635986,18.40999984741211,18.6299991607666,18.34000015258789,18.56999969482422,83700
2007-07-20,4.128337383270264,18.260000228881836,18.5,18.149999618530273,18.5,70600
2007-07-23,4.132859706878662,18.280000686645508,18.34000015258789,18.190000534057617,18.34000015258789,50800
2007-07-24,4.069555282592773,18.0,18.260000228881836,18.0,18.229999542236328,88200
2007-07-25,4.04920768737793,17.90999984741211,18.030000686645508,17.709999084472656,18.010000228881836,99100
2007-07-26,3.91581654548645,17.31999969482422,17.690000534057617,17.299999237060547,17.6299991607666,139600
2007-07-27,3.89546799659729,17.229999542236328,17.540000915527344,17.15999984741211,17.329999923706055,93500
2007-07-30,3.9610328674316406,17.520000457763672,17.760000228881836,17.280000686645508,17.280000686645508,115300
2007-07-31,3.981381416320801,17.610000610351562,17.799999237060547,17.610000610351562,17.799999237060547,73100
2007-08-01,3.942946195602417,17.440000534057617,17.579999923706055,17.239999771118164,17.450000762939453,109300
2007-08-02,3.9565112590789795,17.5,17.5,17.360000610351562,17.450000762939453,44300
2007-08-03,3.8864262104034424,17.190000534057617,17.440000534057617,17.190000534057617,17.440000534057617,70200
2007-08-06,3.9225988388061523,17.350000381469727,17.399999618530273,17.190000534057617,17.25,46300
2007-08-07,3.92712140083313,17.3700008392334,17.489999771118164,17.270000457763672,17.329999923706055,47200
2007-08-08,3.9791200160980225,17.600000381469727,17.81999969482422,17.549999237060547,17.600000381469727,116200
2007-08-09,3.91581654548645,17.31999969482422,17.469999313354492,17.209999084472656,17.209999084472656,43800
2007-08-10,3.841207265853882,16.989999771118164,17.1299991607666,16.760000228881836,17.1299991607666,142500
2007-08-13,3.8525121212005615,17.040000915527344,17.110000610351562,16.989999771118164,17.110000610351562,31400
2007-08-14,3.7462515830993652,16.56999969482422,17.079999923706055,16.56999969482422,17.049999237060547,51900
2007-08-15,3.7123398780822754,16.420000076293945,16.950000762939453,16.420000076293945,16.6200008392334,136600
2007-08-16,3.6354687213897705,16.079999923706055,16.329999923706055,15.119999885559082,16.329999923706055,191600
2007-08-17,3.7598154544830322,16.6299991607666,16.719999313354492,16.110000610351562,16.360000610351562,94600
2007-08-20,3.789207935333252,16.760000228881836,17.200000762939453,16.540000915527344,17.200000762939453,64200
2007-08-21,3.7756426334381104,16.700000762939453,17.0,16.649999618530273,16.780000686645508,58400
2007-08-22,3.8660778999328613,17.100000381469727,17.219999313354492,16.850000381469727,16.989999771118164,50600
2007-08-23,3.8796417713165283,17.15999984741211,17.270000457763672,17.06999969482422,17.06999969482422,68700
2007-08-24,3.9497294425964355,17.469999313354492,17.489999771118164,17.18000030517578,17.18000030517578,68000
2007-08-27,3.9497294425964355,17.469999313354492,17.690000534057617,17.459999084472656,17.510000228881836,93800
2007-08-28,3.8615546226501465,17.079999923706055,17.450000762939453,17.079999923706055,17.450000762939453,55700
2007-08-29,3.9768600463867188,17.59000015258789,17.59000015258789,17.170000076293945,17.170000076293945,33900
2007-08-30,3.8841652870178223,17.18000030517578,17.3799991607666,17.1200008392334,17.1200008392334,39000
2007-08-31,3.954251289367676,17.489999771118164,17.540000915527344,17.299999237060547,17.31999969482422,64500
2007-09-04,3.963294744491577,17.530000686645508,17.68000030517578,17.31999969482422,17.68000030517578,76400
2007-09-05,3.9225988388061523,17.350000381469727,17.440000534057617,17.299999237060547,17.440000534057617,68000
2007-09-06,3.929381847381592,17.3799991607666,17.420000076293945,17.25,17.389999389648438,87000
2007-09-07,3.897728443145752,17.239999771118164,17.329999923706055,17.079999923706055,17.329999923706055,108100
2007-09-10,3.9203383922576904,17.34000015258789,17.440000534057617,17.110000610351562,17.329999923706055,65300
2007-09-11,3.9452085494995117,17.450000762939453,17.549999237060547,17.270000457763672,17.399999618530273,32300
2007-09-12,3.967815637588501,17.549999237060547,17.670000076293945,17.420000076293945,17.43000030517578,44400
2007-09-13,4.008510112762451,17.729999542236328,17.780000686645508,17.56999969482422,17.56999969482422,34600
2007-09-14,3.970076084136963,17.559999465942383,17.65999984741211,17.5,17.549999237060547,40900
2007-09-17,3.92712140083313,17.3700008392334,17.549999237060547,17.350000381469727,17.520000457763672,35300
2007-09-18,4.028860092163086,17.81999969482422,17.850000381469727,17.459999084472656,17.459999084472656,60600
2007-09-19,4.0198163986206055,17.780000686645508,17.950000762939453,17.68000030517578,17.799999237060547,60300
2007-09-20,4.035642147064209,17.850000381469727,17.8700008392334,17.639999389648438,17.719999313354492,46800
2007-09-21,4.058250904083252,17.950000762939453,18.149999618530273,17.940000534057617,18.149999618530273,60400
2007-09-24,4.046945095062256,17.899999618530273,18.229999542236328,17.899999618530273,17.950000762939453,74100
2007-09-25,4.085381984710693,18.06999969482422,18.100000381469727,17.860000610351562,17.950000762939453,29500
2007-09-26,4.074077129364014,18.020000457763672,18.149999618530273,17.850000381469727,18.149999618530273,38500
2007-09-27,4.080859661102295,18.049999237060547,18.200000762939453,17.84000015258789,18.200000762939453,41600
2007-09-28,4.087641716003418,18.079999923706055,18.270000457763672,17.959999084472656,18.0,40200
2007-10-01,4.126075744628906,18.25,18.260000228881836,18.1299991607666,18.1299991607666,42800
2007-10-02,4.089904308319092,18.09000015258789,18.350000381469727,18.020000457763672,18.350000381469727,53100
2007-10-03,4.083120346069336,18.059999465942383,18.1299991607666,18.010000228881836,18.100000381469727,30200
2007-10-04,4.092163562774658,18.100000381469727,18.190000534057617,18.09000015258789,18.100000381469727,18800
2007-10-05,4.105729103088379,18.15999984741211,18.25,17.950000762939453,17.950000762939453,30600
2007-10-08,4.0785980224609375,18.040000915527344,18.25,17.950000762939453,18.15999984741211,52900
2007-10-09,4.126075744628906,18.25,18.290000915527344,17.950000762939453,18.25,81800
2007-10-10,4.105729103088379,18.15999984741211,18.209999084472656,18.049999237060547,18.200000762939453,32600
2007-10-11,4.110249996185303,18.18000030517578,18.280000686645508,18.149999618530273,18.239999771118164,40300
2007-10-12,4.110249996185303,18.18000030517578,18.309999465942383,18.15999984741211,18.270000457763672,17800
2007-10-15,4.089904308319092,18.09000015258789,18.34000015258789,18.079999923706055,18.239999771118164,36800
2007-10-16,4.060512542724609,17.959999084472656,18.040000915527344,17.950000762939453,18.010000228881836,29100
2007-10-17,4.087641716003418,18.079999923706055,18.110000610351562,17.950000762939453,18.030000686645508,47500
2007-10-18,4.123814582824707,18.239999771118164,18.260000228881836,18.049999237060547,18.09000015258789,38400
2007-10-19,4.024335861206055,17.799999237060547,18.1299991607666,17.799999237060547,18.1299991607666,42700
2007-10-22,4.0017290115356445,17.700000762939453,17.729999542236328,17.56999969482422,17.59000015258789,52300
2007-10-23,4.040163516998291,17.8700008392334,17.989999771118164,17.770000457763672,17.989999771118164,20100
2007-10-24,4.044684410095215,17.889999389648438,17.940000534057617,17.6299991607666,17.8700008392334,57400
2007-10-25,4.067295074462891,17.989999771118164,18.1299991607666,17.84000015258789,17.950000762939453,23200
2007-10-26,4.126075744628906,18.25,18.25,18.049999237060547,18.170000076293945,34100
2007-10-29,4.107989311218262,18.170000076293945,18.229999542236328,18.06999969482422,18.200000762939453,32300
2007-10-30,4.092163562774658,18.100000381469727,18.25,18.040000915527344,18.15999984741211,80800
2007-10-31,4.121553421020508,18.229999542236328,18.25,18.010000228881836,18.010000228881836,42700
2007-11-01,4.035642147064209,17.850000381469727,18.200000762939453,17.850000381469727,18.200000762939453,32500
2007-11-02,4.040163516998291,17.8700008392334,17.979999542236328,17.850000381469727,17.979999542236328,41000
2007-11-05,4.003988265991211,17.709999084472656,17.90999984741211,17.600000381469727,17.809999465942383,53700
2007-11-06,4.044684410095215,17.889999389648438,18.0,17.850000381469727,18.0,90200
2007-11-07,3.985903263092041,17.6299991607666,17.989999771118164,17.600000381469727,17.989999771118164,69800
2007-11-08,4.003988265991211,17.709999084472656,17.920000076293945,17.600000381469727,17.860000610351562,61600
2007-11-09,3.958772897720337,17.510000228881836,17.68000030517578,17.510000228881836,17.68000030517578,93700
2007-11-12,3.9248602390289307,17.360000610351562,17.709999084472656,17.360000610351562,17.709999084472656,68800
2007-11-13,4.040163516998291,17.8700008392334,18.200000762939453,17.420000076293945,17.420000076293945,20600
2007-11-14,4.060512542724609,17.959999084472656,18.149999618530273,17.8799991607666,18.149999618530273,33800
2007-11-15,3.981381416320801,17.610000610351562,17.889999389648438,17.5,17.739999771118164,68600
2007-11-16,3.9949452877044678,17.670000076293945,17.719999313354492,17.549999237060547,17.709999084472656,29200
2007-11-19,3.8932085037231445,17.219999313354492,17.809999465942383,17.219999313354492,17.770000457763672,71700
2007-11-20,3.9565112590789795,17.5,17.790000915527344,17.219999313354492,17.469999313354492,70300
2007-11-21,3.8366858959198,16.969999313354492,17.280000686645508,16.969999313354492,17.229999542236328,44000
2007-11-23,3.965555191040039,17.540000915527344,17.549999237060547,17.309999465942383,17.420000076293945,30100
2007-11-26,3.8751206398010254,17.139999389648438,17.639999389648438,17.139999389648438,17.540000915527344,21900
2007-11-27,3.9248602390289307,17.360000610351562,17.540000915527344,17.200000762939453,17.540000915527344,49800
2007-11-28,4.046945095062256,17.899999618530273,17.899999618530273,17.5,17.5,59700
2007-11-29,4.024335861206055,17.799999237060547,17.8700008392334,17.6299991607666,17.6299991607666,27200
2007-11-30,4.022076606750488,17.790000915527344,18.0,17.790000915527344,17.90999984741211,45900
2007-12-03,3.992684841156006,17.65999984741211,17.799999237060547,17.540000915527344,17.799999237060547,37800
2007-12-04,3.981381416320801,17.610000610351562,17.729999542236328,17.329999923706055,17.329999923706055,43900
2007-12-05,4.024335861206055,17.799999237060547,17.84000015258789,17.739999771118164,17.739999771118164,42200
2007-12-06,4.096684455871582,18.1200008392334,18.1200008392334,17.75,17.75,71100
2007-12-07,4.189381122589111,18.530000686645508,18.68000030517578,18.25,18.299999237060547,164300
2007-12-10,4.259467124938965,18.84000015258789,18.8799991607666,18.549999237060547,18.600000381469727,152000
2007-12-11,4.137380123138428,18.299999237060547,18.799999237060547,18.260000228881836,18.75,128800
2007-12-12,4.18712043762207,18.520000457763672,18.690000534057617,18.299999237060547,18.549999237060547,106300
2007-12-13,4.160914421081543,16.989999771118164,17.690000534057617,16.84000015258789,17.690000534057617,151100
2007-12-14,4.097239971160889,16.729999542236328,16.969999313354492,16.729999542236328,16.8799991607666,93400
2007-12-17,4.036012649536133,16.479999542236328,16.670000076293945,16.360000610351562,16.600000381469727,73500
2007-12-18,4.018871307373047,16.40999984741211,16.549999237060547,16.280000686645508,16.540000915527344,62900
2007-12-19,3.952746868133545,16.139999389648438,16.40999984741211,16.059999465942383,16.40999984741211,88700
2007-12-20,3.9160101413726807,15.989999771118164,16.149999618530273,15.970000267028809,16.06999969482422,101800
2007-12-21,4.013972282409668,16.389999389648438,16.399999618530273,16.030000686645508,16.059999465942383,82000
2007-12-24,4.004178524017334,16.350000381469727,16.59000015258789,16.350000381469727,16.450000762939453,25200
2007-12-26,3.9600942134857178,16.170000076293945,16.31999969482422,16.079999923706055,16.18000030517578,73400
2007-12-27,3.952746868133545,16.139999389648438,16.34000015258789,16.139999389648438,16.290000915527344,73200
2007-12-28,3.9992787837982178,16.329999923706055,16.459999084472656,16.290000915527344,16.420000076293945,78600
2007-12-31,4.040911674499512,16.5,16.700000762939453,16.299999237060547,16.399999618530273,78900
2008-01-02,4.040911674499512,16.5,16.8700008392334,16.5,16.709999084472656,69100
2008-01-03,4.080097198486328,16.65999984741211,16.729999542236328,16.399999618530273,16.399999618530273,79500
2008-01-04,4.028667449951172,16.450000762939453,16.75,16.420000076293945,16.75,24900
2008-01-07,4.043363094329834,16.510000228881836,16.739999771118164,16.440000534057617,16.59000015258789,41500
2008-01-08,4.065403461456299,16.600000381469727,16.8799991607666,16.579999923706055,16.860000610351562,32900
2008-01-09,4.075198650360107,16.639999389648438,16.65999984741211,16.3799991607666,16.5,31900
2008-01-10,4.045810699462891,16.520000457763672,16.6200008392334,16.420000076293945,16.6200008392334,43700
2008-01-11,3.994380474090576,16.309999465942383,16.780000686645508,16.309999465942383,16.5,50000
2008-01-14,4.043363094329834,16.510000228881836,16.670000076293945,16.489999771118164,16.600000381469727,45500
2008-01-15,3.9698901176452637,16.209999084472656,16.440000534057617,16.200000762939453,16.309999465942383,66200
2008-01-16,3.984583854675293,16.270000457763672,16.540000915527344,16.15999984741211,16.190000534057617,65200
2008-01-17,3.9282565116882324,16.040000915527344,16.270000457763672,15.899999618530273,16.229999542236328,178200
2008-01-18,3.9674417972564697,16.200000762939453,16.329999923706055,16.06999969482422,16.1200008392334,115900
2008-01-22,3.8841733932495117,15.859999656677246,15.9399995803833,15.300000190734863,15.489999771118164,107600
2008-01-23,3.8547861576080322,15.739999771118164,16.25,15.380000114440918,15.75,87800
2008-01-24,3.952746868133545,16.139999389648438,16.15999984741211,16.059999465942383,16.06999969482422,54200
2008-01-25,3.9258079528808594,16.030000686645508,16.329999923706055,15.979999542236328,16.200000762939453,72500
2008-01-28,3.9796879291534424,16.25,16.389999389648438,16.030000686645508,16.030000686645508,19600
2008-01-29,4.0090765953063965,16.3700008392334,16.450000762939453,16.239999771118164,16.360000610351562,22200
2008-01-30,3.935603380203247,16.06999969482422,16.31999969482422,15.970000267028809,16.31999969482422,36500
2008-01-31,3.940502166748047,16.09000015258789,16.219999313354492,15.569999694824219,15.710000038146973,87300
2008-02-01,4.023770332336426,16.43000030517578,16.579999923706055,16.31999969482422,16.350000381469727,55700
2008-02-04,3.9600942134857178,16.170000076293945,16.489999771118164,16.170000076293945,16.40999984741211,34800
2008-02-05,3.8253962993621826,15.619999885559082,16.049999237060547,15.619999885559082,16.049999237060547,39400
2008-02-06,3.805805206298828,15.539999961853027,15.859999656677246,15.529999732971191,15.75,54600
2008-02-07,3.8082544803619385,15.550000190734863,15.699999809265137,15.5,15.609999656677246,49700
2008-02-08,3.810701847076416,15.5600004196167,15.59000015258789,15.449999809265137,15.5,34100
2008-02-11,3.756823778152466,15.34000015258789,15.600000381469727,15.34000015258789,15.550000190734863,41500
2008-02-12,3.8082544803619385,15.550000190734863,15.649999618530273,15.510000228881836,15.529999732971191,78500
2008-02-13,3.8547861576080322,15.739999771118164,15.739999771118164,15.479999542236328,15.5,59900
2008-02-14,3.7788643836975098,15.430000305175781,15.640000343322754,15.399999618530273,15.600000381469727,35100
2008-02-15,3.7519257068634033,15.319999694824219,15.369999885559082,15.1899995803833,15.319999694824219,58600
2008-02-19,3.786212682723999,15.460000038146973,15.65999984741211,15.449999809265137,15.569999694824219,39100
2008-02-20,3.8009068965911865,15.520000457763672,15.579999923706055,15.449999809265137,15.460000038146973,43100
2008-02-21,3.810701847076416,15.5600004196167,15.869999885559082,15.5,15.75,19800
2008-02-22,3.8523359298706055,15.729999542236328,15.779999732971191,15.600000381469727,15.600000381469727,39900
2008-02-25,3.9111135005950928,15.970000267028809,15.970000267028809,15.770000457763672,15.800000190734863,37300
2008-02-26,3.9160101413726807,15.989999771118164,16.0,15.899999618530273,15.920000076293945,46200
2008-02-27,3.9674417972564697,16.200000762939453,16.200000762939453,15.890000343322754,15.930000305175781,21900
2008-02-28,3.9478495121002197,16.1200008392334,16.239999771118164,16.06999969482422,16.239999771118164,20900
2008-02-29,3.9135618209838867,15.979999542236328,16.149999618530273,15.979999542236328,16.149999618530273,24800
2008-03-03,3.9184601306915283,16.0,16.100000381469727,15.979999542236328,15.979999542236328,40600
2008-03-04,3.881725549697876,15.850000381469727,16.06999969482422,15.850000381469727,16.0,40500
2008-03-05,3.9282565116882324,16.040000915527344,16.229999542236328,15.960000038146973,15.960000038146973,33700
2008-03-06,3.886622190475464,15.869999885559082,16.040000915527344,15.859999656677246,16.040000915527344,27600
2008-03-07,3.8939692974090576,15.899999618530273,15.9399995803833,15.84000015258789,15.920000076293945,31800
2008-03-10,3.8302953243255615,15.640000343322754,15.899999618530273,15.609999656677246,15.8100004196167,46400
2008-03-11,3.9429500102996826,16.100000381469727,16.100000381469727,15.850000381469727,15.930000305175781,32800
2008-03-12,3.9307057857513428,16.049999237060547,16.15999984741211,16.010000228881836,16.049999237060547,27700
2008-03-13,3.8964195251464844,15.90999984741211,16.06999969482422,15.789999961853027,15.899999618530273,24700
2008-03-14,3.898869752883911,15.920000076293945,16.25,15.859999656677246,16.209999084472656,87300
2008-03-17,3.7837631702423096,15.449999809265137,15.800000190734863,13.6899995803833,14.800000190734863,134200
2008-03-18,3.9796879291534424,16.25,16.25,15.850000381469727,15.850000381469727,54000
2008-03-19,4.004178524017334,16.350000381469727,16.459999084472656,16.190000534057617,16.3799991607666,55500
2008-03-20,4.0090765953063965,16.3700008392334,16.389999389648438,15.899999618530273,16.020000457763672,48600
2008-03-24,3.977236747741699,16.239999771118164,16.31999969482422,15.979999542236328,16.200000762939453,47100
2008-03-25,3.9992787837982178,16.329999923706055,16.389999389648438,16.09000015258789,16.239999771118164,32900
2008-03-26,4.018871307373047,16.40999984741211,16.479999542236328,16.280000686645508,16.40999984741211,33400
2008-03-27,3.9649925231933594,16.190000534057617,16.469999313354492,16.149999618530273,16.450000762939453,27000
2008-03-28,3.962542772293091,16.18000030517578,16.399999618530273,16.139999389648438,16.299999237060547,34200
2008-03-31,3.9747884273529053,16.229999542236328,16.309999465942383,16.049999237060547,16.049999237060547,57600
2008-04-01,4.070300579071045,16.6200008392334,16.68000030517578,16.43000030517578,16.43000030517578,74000
2008-04-02,4.048259258270264,16.530000686645508,16.610000610351562,16.3799991607666,16.56999969482422,36300
2008-04-03,4.026217937469482,16.440000534057617,16.649999618530273,16.389999389648438,16.649999618530273,12400
2008-04-04,4.031116485595703,16.459999084472656,16.6299991607666,16.459999084472656,16.59000015258789,33500
2008-04-07,4.043363094329834,16.510000228881836,16.68000030517578,16.510000228881836,16.670000076293945,29300
2008-04-08,3.9821348190307617,16.260000228881836,16.40999984741211,16.260000228881836,16.309999465942383,20200
2008-04-09,3.957644462585449,16.15999984741211,16.25,16.049999237060547,16.049999237060547,46500
2008-04-10,3.950298547744751,16.1299991607666,16.450000762939453,16.110000610351562,16.219999313354492,55300
2008-04-11,3.908663749694824,15.960000038146973,16.239999771118164,15.9399995803833,16.110000610351562,69300
2008-04-14,3.8694796562194824,15.800000190734863,15.930000305175781,15.800000190734863,15.930000305175781,41000
2008-04-15,3.908663749694824,15.960000038146973,16.040000915527344,15.90999984741211,15.979999542236328,25500
2008-04-16,3.9600942134857178,16.170000076293945,16.200000762939453,16.010000228881836,16.049999237060547,51300
2008-04-17,3.923358201980591,16.020000457763672,16.170000076293945,15.930000305175781,16.0,14200
2008-04-18,3.957644462585449,16.15999984741211,16.25,16.100000381469727,16.100000381469727,14200
2008-04-21,3.9992787837982178,16.329999923706055,16.34000015258789,16.030000686645508,16.25,89100
2008-04-22,4.031116485595703,16.459999084472656,16.489999771118164,16.34000015258789,16.489999771118164,51700
2008-04-23,4.018871307373047,16.40999984741211,16.450000762939453,16.299999237060547,16.3700008392334,35700
2008-04-24,4.023770332336426,16.43000030517578,16.459999084472656,16.31999969482422,16.360000610351562,26800
2008-04-25,4.018871307373047,16.40999984741211,16.440000534057617,16.329999923706055,16.440000534057617,33900
2008-04-28,4.004178524017334,16.350000381469727,16.450000762939453,16.299999237060547,16.389999389648438,27200
2008-04-29,3.9674417972564697,16.200000762939453,16.299999237060547,16.18000030517578,16.299999237060547,27500
2008-04-30,3.9649925231933594,16.190000534057617,16.239999771118164,16.149999618530273,16.149999618530273,25200
2008-05-01,3.9380528926849365,16.079999923706055,16.149999618530273,16.020000457763672,16.149999618530273,35100
2008-05-02,3.9282565116882324,16.040000915527344,16.200000762939453,16.010000228881836,16.190000534057617,39300
2008-05-05,3.9135618209838867,15.979999542236328,16.219999313354492,15.970000267028809,16.110000610351562,67900
2008-05-06,3.9135618209838867,15.979999542236328,16.100000381469727,15.970000267028809,16.0,28700
2008-05-07,3.906214475631714,15.949999809265137,16.079999923706055,15.930000305175781,15.979999542236328,49900
2008-05-08,3.9111135005950928,15.970000267028809,16.010000228881836,15.90999984741211,15.970000267028809,21200
2008-05-09,3.881725549697876,15.850000381469727,15.949999809265137,15.8100004196167,15.930000305175781,30300
2008-05-12,3.9282565116882324,16.040000915527344,16.100000381469727,15.800000190734863,15.800000190734863,25300
2008-05-13,3.9282565116882324,16.040000915527344,16.09000015258789,15.930000305175781,15.989999771118164,17900
2008-05-14,3.920909881591797,16.010000228881836,16.139999389648438,16.010000228881836,16.079999923706055,28300
2008-05-15,3.9380528926849365,16.079999923706055,16.1299991607666,16.049999237060547,16.049999237060547,28700
2008-05-16,3.950298547744751,16.1299991607666,16.170000076293945,16.030000686645508,16.139999389648438,80800
2008-05-19,4.016422271728516,16.399999618530273,16.469999313354492,16.239999771118164,16.25,48600
2008-05-20,3.9968295097351074,16.31999969482422,16.360000610351562,16.260000228881836,16.299999237060547,25400
2008-05-21,3.9698901176452637,16.209999084472656,16.34000015258789,16.209999084472656,16.299999237060547,28900
2008-05-22,3.9796879291534424,16.25,16.469999313354492,16.18000030517578,16.18000030517578,24800
2008-05-23,3.9551961421966553,16.149999618530273,16.299999237060547,16.149999618530273,16.260000228881836,38700
2008-05-27,3.950298547744751,16.1299991607666,16.139999389648438,16.010000228881836,16.06999969482422,24600
2008-05-28,3.9600942134857178,16.170000076293945,16.200000762939453,16.110000610351562,16.139999389648438,32400
2008-05-29,3.975250005722046,16.0,16.1200008392334,15.960000038146973,16.110000610351562,34000
2008-05-30,3.9802193641662598,16.020000457763672,16.110000610351562,15.9399995803833,15.9399995803833,21300
2008-06-02,3.982703447341919,16.030000686645508,16.290000915527344,15.960000038146973,15.970000267028809,15400
2008-06-03,3.9926419258117676,16.06999969482422,16.290000915527344,16.049999237060547,16.100000381469727,64100
2008-06-04,3.9802193641662598,16.020000457763672,16.190000534057617,16.0,16.170000076293945,16600
2008-06-05,4.0348801612854,16.239999771118164,16.25,16.059999465942383,16.059999465942383,21400
2008-06-06,3.9702811241149902,15.979999542236328,16.110000610351562,15.9399995803833,16.110000610351562,19200
2008-06-09,3.9528892040252686,15.90999984741211,16.1200008392334,15.90999984741211,16.059999465942383,34900
2008-06-10,3.9528892040252686,15.90999984741211,15.989999771118164,15.829999923706055,15.899999618530273,43600
2008-06-11,3.8684160709381104,15.569999694824219,16.110000610351562,15.569999694824219,16.110000610351562,38700
2008-06-12,3.8758695125579834,15.600000381469727,15.680000305175781,15.539999961853027,15.569999694824219,28900
2008-06-13,3.883322238922119,15.630000114440918,15.729999542236328,15.510000228881836,15.670000076293945,44200
2008-06-16,3.910651445388794,15.739999771118164,15.949999809265137,15.5600004196167,15.630000114440918,24100
2008-06-17,3.9131367206573486,15.75,15.869999885559082,15.699999809265137,15.789999961853027,24300
2008-06-18,3.8808372020721436,15.619999885559082,15.699999809265137,15.609999656677246,15.649999618530273,35900
2008-06-19,3.8410847187042236,15.460000038146973,15.59000015258789,15.449999809265137,15.59000015258789,20100
2008-06-20,3.7913942337036133,15.260000228881836,15.5,15.220000267028809,15.460000038146973,56100
2008-06-23,3.7640647888183594,15.149999618530273,15.25,15.0600004196167,15.0600004196167,43400
2008-06-24,3.7615795135498047,15.140000343322754,15.180000305175781,15.079999923706055,15.149999618530273,47900
2008-06-25,3.7988481521606445,15.289999961853027,15.300000190734863,15.100000381469727,15.140000343322754,51600
2008-06-26,3.726797580718994,15.0,15.220000267028809,14.960000038146973,15.199999809265137,45200
2008-06-27,3.7243125438690186,14.989999771118164,15.079999923706055,14.979999542236328,15.020000457763672,60900
2008-06-30,3.7715184688568115,15.180000305175781,15.260000228881836,15.079999923706055,15.079999923706055,69600
2008-07-01,3.7392196655273438,15.050000190734863,15.1899995803833,15.020000457763672,15.180000305175781,63500
2008-07-02,3.749157428741455,15.09000015258789,15.180000305175781,15.020000457763672,15.069999694824219,39300
2008-07-03,3.6994669437408447,14.890000343322754,15.079999923706055,14.859999656677246,15.0,52000
2008-07-07,3.674621105194092,14.789999961853027,14.829999923706055,14.649999618530273,14.789999961853027,53900
2008-07-08,3.6969821453094482,14.880000114440918,14.920000076293945,14.699999809265137,14.75,51000
2008-07-09,3.7094058990478516,14.930000305175781,15.180000305175781,14.920000076293945,15.180000305175781,65600
2008-07-10,3.7069191932678223,14.920000076293945,15.0,14.819999694824219,14.930000305175781,27300
2008-07-11,3.65474534034729,14.710000038146973,15.0,14.699999809265137,14.899999618530273,38300
2008-07-14,3.689528465270996,14.850000381469727,14.949999809265137,14.710000038146973,14.84000015258789,58800
2008-07-15,3.607539176940918,14.520000457763672,14.699999809265137,14.279999732971191,14.569999694824219,95900
2008-07-16,3.687044620513916,14.84000015258789,14.920000076293945,14.5,14.5,67200
2008-07-17,3.7218282222747803,14.979999542236328,15.119999885559082,14.920000076293945,14.920000076293945,43200
2008-07-18,3.7218282222747803,14.979999542236328,14.979999542236328,14.869999885559082,14.920000076293945,10800
2008-07-21,3.6969821453094482,14.880000114440918,15.130000114440918,14.880000114440918,14.989999771118164,22800
2008-07-22,3.6969821453094482,14.880000114440918,14.949999809265137,14.779999732971191,14.829999923706055,44000
2008-07-23,3.759096145629883,15.130000114440918,15.15999984741211,14.970000267028809,14.970000267028809,30400
2008-07-24,3.682075023651123,14.819999694824219,15.119999885559082,14.760000228881836,15.119999885559082,15000
2008-07-25,3.667168140411377,14.760000228881836,14.829999923706055,14.760000228881836,14.829999923706055,20300
2008-07-28,3.6323845386505127,14.619999885559082,14.829999923706055,14.619999885559082,14.720000267028809,37600
2008-07-29,3.687044620513916,14.84000015258789,14.930000305175781,14.760000228881836,14.770000457763672,17600
2008-07-30,3.6994669437408447,14.890000343322754,14.949999809265137,14.8100004196167,14.930000305175781,31100
2008-07-31,3.689528465270996,14.850000381469727,14.890000343322754,14.829999923706055,14.880000114440918,11300
2008-08-01,3.69449782371521,14.869999885559082,14.869999885559082,14.8100004196167,14.859999656677246,25300
2008-08-04,3.6994669437408447,14.890000343322754,14.899999618530273,14.850000381469727,14.869999885559082,14600
2008-08-05,3.7218282222747803,14.979999542236328,15.020000457763672,14.949999809265137,14.949999809265137,42800
2008-08-06,3.7069191932678223,14.920000076293945,14.979999542236328,14.75,14.850000381469727,14700
2008-08-07,3.6572296619415283,14.720000267028809,14.899999618530273,14.640000343322754,14.899999618530273,44000
2008-08-08,3.6795902252197266,14.8100004196167,14.920000076293945,14.569999694824219,14.619999885559082,50200
2008-08-11,3.65474534034729,14.710000038146973,14.779999732971191,14.670000076293945,14.720000267028809,23400
2008-08-12,3.614992618560791,14.550000190734863,14.760000228881836,14.510000228881836,14.720000267028809,27300
2008-08-13,3.557849168777466,14.319999694824219,14.529999732971191,14.260000228881836,14.510000228881836,53100
2008-08-14,3.5454258918762207,14.270000457763672,14.390000343322754,14.220000267028809,14.369999885559082,13900
2008-08-15,3.5628175735473633,14.34000015258789,14.369999885559082,14.25,14.260000228881836,26600
2008-08-18,3.4907665252685547,14.050000190734863,14.3100004196167,14.050000190734863,14.3100004196167,49800
2008-08-19,3.4609525203704834,13.930000305175781,14.029999732971191,13.880000114440918,14.029999732971191,61500
2008-08-20,3.4758589267730713,13.989999771118164,14.0600004196167,13.970000267028809,14.029999732971191,40900
2008-08-21,3.5230650901794434,14.180000305175781,14.270000457763672,14.109999656677246,14.119999885559082,19200
2008-08-22,3.5280344486236572,14.199999809265137,14.329999923706055,14.1899995803833,14.3100004196167,10400
2008-08-25,3.508157968521118,14.119999885559082,14.260000228881836,14.119999885559082,14.199999809265137,15800
2008-08-26,3.5031895637512207,14.100000381469727,14.229999542236328,14.0600004196167,14.170000076293945,8100
2008-08-27,3.5205814838409424,14.170000076293945,14.25,14.050000190734863,14.239999771118164,23100
2008-08-28,3.5429413318634033,14.260000228881836,14.34000015258789,14.220000267028809,14.3100004196167,55200
2008-08-29,3.5553646087646484,14.3100004196167,14.350000381469727,14.270000457763672,14.3100004196167,26100
2008-09-02,3.557849168777466,14.319999694824219,14.420000076293945,14.319999694824219,14.329999923706055,17700
2008-09-03,3.5454258918762207,14.270000457763672,14.3100004196167,14.210000038146973,14.3100004196167,12100
2008-09-04,3.4559829235076904,13.90999984741211,14.210000038146973,13.859999656677246,14.210000038146973,41600
2008-09-05,3.4286534786224365,13.800000190734863,13.869999885559082,13.710000038146973,13.869999885559082,29900
2008-09-08,3.4609525203704834,13.930000305175781,14.050000190734863,13.850000381469727,13.970000267028809,41900
2008-09-09,3.3988399505615234,13.680000305175781,13.899999618530273,13.670000076293945,13.8100004196167,48200
2008-09-10,3.3715085983276367,13.569999694824219,13.65999984741211,13.5,13.609999656677246,18800
2008-09-11,3.3093953132629395,13.319999694824219,13.380000114440918,13.229999542236328,13.279999732971191,26000
2008-09-12,3.3416950702667236,13.449999809265137,13.5,13.350000381469727,13.359999656677246,61000
2008-09-15,3.2423131465911865,13.050000190734863,13.239999771118164,12.890000343322754,12.930000305175781,32100
2008-09-16,3.205045461654663,12.899999618530273,12.90999984741211,12.720000267028809,12.720000267028809,59300
2008-09-17,3.1677777767181396,12.75,12.960000038146973,12.710000038146973,12.930000305175781,75200
2008-09-18,3.202561378479004,12.890000343322754,12.930000305175781,12.539999961853027,12.829999923706055,89000
2008-09-19,3.31933331489563,13.359999656677246,13.510000228881836,13.260000228881836,13.5,106900
2008-09-22,3.2969729900360107,13.270000457763672,13.75,13.039999961853027,13.359999656677246,97600
2008-09-23,3.2621889114379883,13.130000114440918,13.289999961853027,13.109999656677246,13.239999771118164,61800
2008-09-24,3.2472825050354004,13.069999694824219,13.350000381469727,13.010000228881836,13.199999809265137,72700
2008-09-25,3.3243021965026855,13.380000114440918,13.4399995803833,13.270000457763672,13.319999694824219,60700
2008-09-26,3.277096748352051,13.1899995803833,13.380000114440918,13.09000015258789,13.380000114440918,118400
2008-09-29,3.048520088195801,12.270000457763672,13.0,12.100000381469727,13.0,108500
2008-09-30,3.1280250549316406,12.59000015258789,12.779999732971191,12.319999694824219,12.5600004196167,97300
2008-10-01,3.135478973388672,12.619999885559082,12.640000343322754,12.399999618530273,12.399999618530273,30200
2008-10-02,3.058457612991333,12.3100004196167,12.539999961853027,12.300000190734863,12.529999732971191,45300
2008-10-03,3.070880174636841,12.359999656677246,12.880000114440918,12.350000381469727,12.359999656677246,123500
2008-10-06,2.817458152770996,11.34000015258789,12.0,10.739999771118164,12.0,150400
2008-10-07,2.688262939453125,10.819999694824219,11.680000305175781,10.739999771118164,11.489999771118164,154000
2008-10-08,2.646026611328125,10.649999618530273,11.0,10.449999809265137,10.59000015258789,153500
2008-10-09,2.4721078872680664,9.949999809265137,10.979999542236328,9.949999809265137,10.829999923706055,116800
2008-10-10,2.3627889156341553,9.510000228881836,9.890000343322754,9.039999961853027,9.510000228881836,191100
2008-10-13,2.765282392501831,11.130000114440918,11.1899995803833,9.920000076293945,9.920000076293945,113200
2008-10-14,2.8124895095825195,11.319999694824219,12.119999885559082,11.149999618530273,11.319999694824219,147100
2008-10-15,2.6783242225646973,10.779999732971191,11.149999618530273,10.779999732971191,11.149999618530273,263000
2008-10-16,2.7528603076934814,11.079999923706055,11.220000267028809,10.699999809265137,10.949999809265137,144800
2008-10-17,2.889510154724121,11.630000114440918,11.670000076293945,11.0600004196167,11.0600004196167,119600
2008-10-20,2.9888908863067627,12.029999732971191,12.069999694824219,11.699999809265137,11.850000381469727,84200
2008-10-21,2.914355516433716,11.729999542236328,11.899999618530273,11.65999984741211,11.899999618530273,57600
2008-10-22,2.7329843044281006,11.0,11.399999618530273,10.869999885559082,11.050000190734863,102900
2008-10-23,2.7528603076934814,11.079999923706055,11.149999618530273,10.850000381469727,10.920000076293945,97600
2008-10-24,2.703169822692871,10.880000114440918,10.989999771118164,10.25,10.5,66400
2008-10-27,2.6062726974487305,10.489999771118164,10.760000228881836,10.460000038146973,10.460000038146973,58000
2008-10-28,2.8273961544036865,11.380000114440918,11.380000114440918,10.75,10.829999923706055,98900
2008-10-29,2.9292616844177246,11.789999961853027,11.829999923706055,11.1899995803833,11.1899995803833,50100
2008-10-30,2.9069015979766846,11.699999809265137,12.0,11.420000076293945,11.899999618530273,123200
2008-10-31,2.896962881088257,11.65999984741211,11.850000381469727,11.399999618530273,11.449999809265137,86200
2008-11-03,2.854726552963257,11.489999771118164,11.75,11.489999771118164,11.75,58700
2008-11-04,2.9764673709869385,11.979999542236328,12.010000228881836,11.6899995803833,11.6899995803833,196400
2008-11-05,2.829880475997925,11.390000343322754,11.699999809265137,11.390000343322754,11.649999618530273,39100
2008-11-06,2.636087656021118,10.609999656677246,11.359999656677246,10.5600004196167,11.25,48000
2008-11-07,2.765282392501831,11.130000114440918,11.130000114440918,10.90999984741211,10.90999984741211,43500
2008-11-10,2.703169822692871,10.880000114440918,11.619999885559082,10.770000457763672,11.619999885559082,34900
2008-11-11,2.6062726974487305,10.489999771118164,10.880000114440918,10.449999809265137,10.869999885559082,36900
2008-11-12,2.529252290725708,10.180000305175781,10.449999809265137,9.8100004196167,10.449999809265137,48700
2008-11-13,2.658449172973633,10.699999809265137,10.75,10.050000190734863,10.350000381469727,82200
2008-11-14,2.5466442108154297,10.25,10.649999618530273,10.1899995803833,10.649999618530273,94700
2008-11-17,2.4721078872680664,9.949999809265137,10.210000038146973,9.949999809265137,10.210000038146973,119200
2008-11-18,2.487015962600708,10.010000228881836,10.09000015258789,9.899999618530273,9.960000038146973,130700
2008-11-19,2.4124796390533447,9.710000038146973,10.020000457763672,9.710000038146973,9.960000038146973,142000
2008-11-20,2.313098430633545,9.3100004196167,9.5,9.210000038146973,9.430000305175781,196200
2008-11-21,2.429870843887329,9.779999732971191,10.069999694824219,9.300000190734863,9.380000114440918,193800
2008-11-24,2.728015899658203,10.979999542236328,11.779999732971191,10.40999984741211,10.5,358000
2008-11-25,2.683292865753174,10.800000190734863,11.100000381469727,10.710000038146973,11.100000381469727,190500
2008-11-26,2.7329843044281006,11.0,11.25,10.600000381469727,10.619999885559082,163900
2008-11-28,2.76279878616333,11.119999885559082,11.1899995803833,10.600000381469727,10.600000381469727,38000
2008-12-01,2.6162109375,10.529999732971191,10.789999961853027,10.510000228881836,10.720000267028809,135300
2008-12-02,2.6509947776794434,10.670000076293945,10.829999923706055,10.539999961853027,10.829999923706055,63300
2008-12-03,2.663417339324951,10.720000267028809,10.739999771118164,10.449999809265137,10.510000228881836,35700
2008-12-04,2.59633469581604,10.449999809265137,10.699999809265137,10.4399995803833,10.699999809265137,29700
2008-12-05,2.5590667724609375,10.300000190734863,10.40999984741211,9.890000343322754,10.40999984741211,128400
2008-12-08,2.6162109375,10.529999732971191,10.729999542236328,10.40999984741211,10.680000305175781,119900
2008-12-09,2.5367064476013184,10.210000038146973,10.600000381469727,10.119999885559082,10.550000190734863,86500
2008-12-10,2.5825910568237305,10.300000190734863,10.3100004196167,10.0600004196167,10.25,54300
2008-12-11,2.542473554611206,10.140000343322754,10.329999923706055,9.890000343322754,10.180000305175781,99000
2008-12-12,2.557518243789673,10.199999809265137,10.220000267028809,9.869999885559082,9.869999885559082,75900
2008-12-15,2.5073704719543457,10.0,10.399999618530273,9.989999771118164,10.229999542236328,79000
2008-12-16,2.6126794815063477,10.420000076293945,10.420000076293945,10.0600004196167,10.199999809265137,93900
2008-12-17,2.675363779067993,10.670000076293945,10.729999542236328,10.34000015258789,10.399999618530273,126300
2008-12-18,2.6352460384368896,10.510000228881836,11.100000381469727,10.420000076293945,10.779999732971191,129700
2008-12-19,2.6979305744171143,10.760000228881836,10.880000114440918,10.460000038146973,10.550000190734863,142500
2008-12-22,2.6678409576416016,10.640000343322754,10.90999984741211,10.5,10.770000457763672,88000
2008-12-23,2.6628267765045166,10.619999885559082,10.979999542236328,10.5,10.920000076293945,149900
2008-12-24,2.7355411052703857,10.90999984741211,10.949999809265137,10.739999771118164,10.770000457763672,52400
2008-12-26,2.8082540035247803,11.199999809265137,11.270000457763672,10.930000305175781,11.039999961853027,64500
2008-12-29,2.948667526245117,11.760000228881836,11.760000228881836,11.3100004196167,11.3100004196167,147700
2008-12-30,3.0339183807373047,12.100000381469727,12.119999885559082,11.65999984741211,11.670000076293945,107900
2008-12-31,3.1166608333587646,12.430000305175781,12.430000305175781,12.0,12.079999923706055,115500
2009-01-02,3.096602439880371,12.350000381469727,12.460000038146973,12.260000228881836,12.460000038146973,125200
2009-01-05,3.1342132091522217,12.5,12.510000228881836,12.359999656677246,12.449999809265137,54600
2009-01-06,3.0414392948150635,12.130000114440918,12.579999923706055,12.100000381469727,12.579999923706055,108900
2009-01-07,2.9336230754852295,11.699999809265137,12.119999885559082,11.649999618530273,12.010000228881836,59600
2009-01-08,2.9887855052948,11.920000076293945,11.930000305175781,11.6899995803833,11.800000190734863,39200
2009-01-09,2.928607940673828,11.680000305175781,12.0,11.640000343322754,12.0,103800
2009-01-12,2.875952959060669,11.470000267028809,11.619999885559082,11.329999923706055,11.569999694824219,64800
2009-01-13,2.845864772796631,11.350000381469727,11.420000076293945,11.220000267028809,11.369999885559082,50300
2009-01-14,2.750584602355957,10.970000267028809,11.25,10.84000015258789,11.220000267028809,74700
2009-01-15,2.7781665325164795,11.079999923706055,11.130000114440918,10.800000190734863,11.0,41300
2009-01-16,2.800732374191284,11.170000076293945,11.220000267028809,11.020000457763672,11.1899995803833,39800
2009-01-20,2.6327385902404785,10.5,10.90999984741211,10.4399995803833,10.90999984741211,50400
2009-01-21,2.7881953716278076,11.119999885559082,11.119999885559082,10.510000228881836,10.649999618530273,81500
2009-01-22,2.6879000663757324,10.720000267028809,10.9399995803833,10.670000076293945,10.9399995803833,41800
2009-01-23,2.6603193283081055,10.609999656677246,10.710000038146973,10.3100004196167,10.520000457763672,42300
2009-01-26,2.6853930950164795,10.710000038146973,10.819999694824219,10.65999984741211,10.710000038146973,49000
2009-01-27,2.7280194759368896,10.880000114440918,10.880000114440918,10.619999885559082,10.65999984741211,32900
2009-01-28,2.7756588459014893,11.069999694824219,11.149999618530273,10.869999885559082,11.010000228881836,53400
2009-01-29,2.630230665206909,10.489999771118164,10.829999923706055,10.430000305175781,10.829999923706055,39200
2009-01-30,2.6076645851135254,10.399999618530273,10.5600004196167,10.3100004196167,10.5600004196167,42300
2009-02-02,2.590113639831543,10.329999923706055,10.350000381469727,10.130000114440918,10.220000267028809,53700
2009-02-03,2.6402602195739746,10.529999732971191,10.649999618530273,10.34000015258789,10.34000015258789,51900
2009-02-04,2.5775763988494873,10.279999732971191,10.510000228881836,10.279999732971191,10.420000076293945,81100
2009-02-05,2.570053815841675,10.25,10.270000457763672,10.010000228881836,10.069999694824219,75100
2009-02-06,2.6126794815063477,10.420000076293945,10.420000076293945,10.119999885559082,10.1899995803833,90600
2009-02-09,2.547487735748291,10.15999984741211,10.399999618530273,10.15999984741211,10.399999618530273,48800
2009-02-10,2.5123846530914307,10.020000457763672,10.329999923706055,10.0,10.260000228881836,48800
2009-02-11,2.5625321865081787,10.220000267028809,10.5,10.100000381469727,10.140000343322754,65600
2009-02-12,2.5224149227142334,10.0600004196167,10.130000114440918,10.0,10.100000381469727,49200
2009-02-13,2.509878158569336,10.010000228881836,10.130000114440918,10.010000228881836,10.09000015258789,23200
2009-02-17,2.409583806991577,9.609999656677246,9.890000343322754,9.550000190734863,9.890000343322754,71300
2009-02-18,2.3519132137298584,9.380000114440918,9.600000381469727,9.329999923706055,9.430000305175781,82000
2009-02-19,2.3443915843963623,9.350000381469727,9.680000305175781,9.350000381469727,9.65999984741211,93300
2009-02-20,2.2892284393310547,9.130000114440918,9.260000228881836,9.050000190734863,9.260000228881836,118100
2009-02-23,2.2039780616760254,8.789999961853027,9.199999809265137,8.779999732971191,9.130000114440918,115200
2009-02-24,2.28672194480896,9.119999885559082,9.140000343322754,8.75,8.8100004196167,99500
2009-02-25,2.244096040725708,8.949999809265137,8.970000267028809,8.779999732971191,8.859999656677246,38300
2009-02-26,2.1964566707611084,8.760000228881836,9.050000190734863,8.680000305175781,8.920000076293945,254500
2009-02-27,2.1312646865844727,8.5,8.770000457763672,8.5,8.609999656677246,158200
2009-03-02,1.9983737468719482,7.96999979019165,8.199999809265137,7.909999847412109,8.109999656677246,167200
2009-03-03,1.9682855606079102,7.849999904632568,8.0600004196167,7.75,8.0600004196167,124100
2009-03-04,2.0334770679473877,8.109999656677246,8.199999809265137,7.909999847412109,7.980000019073486,232400
2009-03-05,1.9557485580444336,7.800000190734863,8.020000457763672,7.760000228881836,8.020000457763672,131100
2009-03-06,1.975807785987854,7.880000114440918,8.0,7.75,7.840000152587891,115400
2009-03-09,1.9582560062408447,7.809999942779541,7.989999771118164,7.809999942779541,7.880000114440918,152300
2009-03-10,2.0861313343048096,8.319999694824219,8.4399995803833,7.96999979019165,7.96999979019165,131600
2009-03-11,2.1086983680725098,8.40999984741211,8.489999771118164,8.199999809265137,8.470000267028809,94700
2009-03-12,2.1463091373443604,8.5600004196167,8.630000114440918,8.15999984741211,8.300000190734863,96900
2009-03-13,2.1588451862335205,8.609999656677246,8.649999618530273,8.420000076293945,8.5600004196167,107300
2009-03-16,2.141294479370117,8.539999961853027,8.75,8.539999961853027,8.710000038146973,65300
2009-03-17,2.156338691711426,8.600000381469727,8.630000114440918,8.40999984741211,8.550000190734863,66500
2009-03-18,2.224036931991577,8.869999885559082,8.869999885559082,8.40999984741211,8.510000228881836,77100
2009-03-19,2.168874979019165,8.649999618530273,8.9399995803833,8.600000381469727,8.9399995803833,40200
2009-03-20,2.151323080062866,8.579999923706055,8.8100004196167,8.5600004196167,8.710000038146973,35100
2009-03-23,2.296751022338867,9.15999984741211,9.180000305175781,8.600000381469727,8.600000381469727,87500
2009-03-24,2.191441297531128,8.739999771118164,9.100000381469727,8.729999542236328,8.920000076293945,59700
2009-03-25,2.244096040725708,8.949999809265137,8.949999809265137,8.8100004196167,8.8100004196167,38100
2009-03-26,2.2516181468963623,8.979999542236328,9.050000190734863,8.859999656677246,8.949999809265137,23900
2009-03-27,2.173889636993408,8.670000076293945,8.779999732971191,8.460000038146973,8.75,103200
2009-03-30,2.1312646865844727,8.5,8.579999923706055,8.460000038146973,8.460000038146973,68600
2009-03-31,2.2290520668029785,8.890000343322754,8.989999771118164,8.720000267028809,8.930000305175781,42600
2009-04-01,2.24660325050354,8.960000038146973,9.050000190734863,8.710000038146973,8.710000038146973,58800
2009-04-02,2.28672194480896,9.119999885559082,9.25,9.039999961853027,9.109999656677246,57800
2009-04-03,2.2616477012634277,9.020000457763672,9.09000015258789,8.920000076293945,8.970000267028809,63700
2009-04-06,2.2340662479400635,8.90999984741211,8.920000076293945,8.760000228881836,8.850000381469727,88700
2009-04-07,2.1939494609832764,8.75,8.84000015258789,8.729999542236328,8.84000015258789,55800
2009-04-08,2.2115001678466797,8.819999694824219,8.84000015258789,8.699999809265137,8.699999809265137,19900
2009-04-09,2.2290520668029785,8.890000343322754,8.970000267028809,8.819999694824219,8.869999885559082,55900
2009-04-13,2.2491116523742676,8.970000267028809,8.989999771118164,8.729999542236328,8.869999885559082,47000
2009-04-14,2.239081382751465,8.930000305175781,9.239999771118164,8.699999809265137,9.239999771118164,58100
2009-04-15,2.206486225128174,8.800000190734863,8.90999984741211,8.6899995803833,8.90999984741211,46100
2009-04-16,2.2365734577178955,8.920000076293945,8.970000267028809,8.729999542236328,8.920000076293945,78600
2009-04-17,2.2516181468963623,8.979999542236328,9.140000343322754,8.819999694824219,8.850000381469727,106100
2009-04-20,2.166367292404175,8.640000343322754,8.789999961853027,8.5,8.789999961853027,74400
2009-04-21,2.1839187145233154,8.710000038146973,8.739999771118164,8.460000038146973,8.460000038146973,63600
2009-04-22,2.151323080062866,8.579999923706055,8.739999771118164,8.539999961853027,8.539999961853027,37500
2009-04-23,2.1814122200012207,8.699999809265137,8.720000267028809,8.5600004196167,8.619999885559082,115200
2009-04-24,2.24660325050354,8.960000038146973,8.989999771118164,8.829999923706055,8.859999656677246,111900
2009-04-27,2.26666259765625,9.039999961853027,9.050000190734863,8.869999885559082,8.869999885559082,138400
2009-04-28,2.2817070484161377,9.100000381469727,9.130000114440918,8.880000114440918,8.880000114440918,126600
2009-04-29,2.3067800998687744,9.199999809265137,9.300000190734863,9.100000381469727,9.140000343322754,200200
2009-04-30,2.3193178176879883,9.25,9.430000305175781,9.199999809265137,9.289999961853027,144000
2009-05-01,2.3569273948669434,9.399999618530273,9.680000305175781,9.270000457763672,9.270000457763672,124500
2009-05-04,2.4346563816070557,9.710000038146973,9.829999923706055,9.510000228881836,9.510000228881836,122400
2009-05-05,2.3970463275909424,9.5600004196167,9.6899995803833,9.550000190734863,9.600000381469727,29200
2009-05-06,2.442178726196289,9.739999771118164,9.760000228881836,9.640000343322754,9.699999809265137,68600
2009-05-07,2.4321484565734863,9.699999809265137,9.880000114440918,9.609999656677246,9.880000114440918,21900
2009-05-08,2.5374579429626465,10.119999885559082,10.220000267028809,9.729999542236328,9.8100004196167,74000
2009-05-11,2.409583806991577,9.609999656677246,9.989999771118164,9.600000381469727,9.930000305175781,187800
2009-05-12,2.5073704719543457,10.0,10.119999885559082,9.670000076293945,9.670000076293945,208100
2009-05-13,2.444685935974121,9.75,9.979999542236328,9.739999771118164,9.890000343322754,32400
2009-05-14,2.5048630237579346,9.989999771118164,10.0600004196167,9.789999961853027,9.850000381469727,31800
2009-05-15,2.462237596511841,9.819999694824219,9.949999809265137,9.739999771118164,9.880000114440918,25000
2009-05-18,2.5324437618255615,10.100000381469727,10.100000381469727,9.920000076293945,10.050000190734863,43600
2009-05-19,2.5173990726470947,10.039999961853027,10.149999618530273,9.979999542236328,10.100000381469727,45500
2009-05-20,2.5274291038513184,10.079999923706055,10.229999542236328,10.029999732971191,10.029999732971191,55700
2009-05-21,2.5073704719543457,10.0,10.0600004196167,9.84000015258789,10.0600004196167,26900
2009-05-22,2.5274291038513184,10.079999923706055,10.220000267028809,10.029999732971191,10.100000381469727,22600
2009-05-26,2.5525026321411133,10.180000305175781,10.220000267028809,10.100000381469727,10.100000381469727,36300
2009-05-27,2.519906520843506,10.050000190734863,10.199999809265137,10.029999732971191,10.170000076293945,12500
2009-05-28,2.5249216556549072,10.069999694824219,10.100000381469727,10.0,10.020000457763672,25600
2009-05-29,2.5499956607818604,10.170000076293945,10.199999809265137,10.109999656677246,10.109999656677246,18600
2009-06-01,2.5775763988494873,10.279999732971191,10.380000114440918,10.199999809265137,10.199999809265137,63300
2009-06-02,2.595128297805786,10.350000381469727,10.479999542236328,10.210000038146973,10.369999885559082,50000
2009-06-03,2.547487735748291,10.15999984741211,10.25,10.079999923706055,10.25,38800
2009-06-04,2.5825910568237305,10.300000190734863,10.350000381469727,10.270000457763672,10.270000457763672,29900
2009-06-05,2.5299363136291504,10.09000015258789,10.34000015258789,10.050000190734863,10.25,83100
2009-06-08,2.4873104095458984,9.920000076293945,10.039999961853027,9.770000457763672,9.989999771118164,58000
2009-06-09,2.499847888946533,9.970000267028809,10.039999961853027,9.90999984741211,10.039999961853027,34400
2009-06-10,2.514892816543579,10.029999732971191,10.149999618530273,9.949999809265137,10.039999961853027,41500
2009-06-11,2.557518243789673,10.199999809265137,10.25,10.050000190734863,10.050000190734863,54200
2009-06-12,2.5650384426116943,10.229999542236328,10.25,10.149999618530273,10.180000305175781,20600
2009-06-15,2.5048630237579346,9.989999771118164,10.079999923706055,9.869999885559082,10.010000228881836,24900
2009-06-16,2.4797887802124023,9.890000343322754,10.0,9.75,10.0,50000
2009-06-17,2.485780954360962,9.539999961853027,9.630000114440918,9.3100004196167,9.600000381469727,50500
2009-06-18,2.5040225982666016,9.609999656677246,9.619999885559082,9.510000228881836,9.619999885559082,30300
2009-06-19,2.511837959289551,9.640000343322754,9.789999961853027,9.59000015258789,9.65999984741211,62700
2009-06-22,2.4545140266418457,9.420000076293945,9.470000267028809,9.359999656677246,9.40999984741211,19600
2009-06-23,2.451908588409424,9.40999984741211,9.510000228881836,9.40999984741211,9.479999542236328,25800
2009-06-24,2.4493024349212646,9.399999618530273,9.5600004196167,9.399999618530273,9.510000228881836,49200
2009-06-25,2.509232997894287,9.630000114440918,9.630000114440918,9.430000305175781,9.470000267028809,47200
2009-06-26,2.4909937381744385,9.5600004196167,9.600000381469727,9.470000267028809,9.579999923706055,29800
2009-06-29,2.5170485973358154,9.65999984741211,9.670000076293945,9.5600004196167,9.569999694824219,5300
2009-06-30,2.519655704498291,9.670000076293945,9.6899995803833,9.529999732971191,9.640000343322754,30800
2009-07-01,2.5587401390075684,9.819999694824219,9.880000114440918,9.729999542236328,9.739999771118164,38800
2009-07-02,2.4988105297088623,9.59000015258789,9.680000305175781,9.569999694824219,9.65999984741211,22300
2009-07-06,2.4831762313842773,9.529999732971191,9.65999984741211,9.449999809265137,9.479999542236328,37600
2009-07-07,2.4545140266418457,9.420000076293945,9.5,9.399999618530273,9.5,26100
2009-07-08,2.4805715084075928,9.520000457763672,9.529999732971191,9.40999984741211,9.510000228881836,59900
2009-07-09,2.5300776958465576,9.710000038146973,9.989999771118164,9.59000015258789,9.65999984741211,92600
2009-07-10,2.4571197032928467,9.430000305175781,9.789999961853027,9.220000267028809,9.220000267028809,101700
2009-07-13,2.522260904312134,9.680000305175781,9.6899995803833,9.489999771118164,9.539999961853027,41500
2009-07-14,2.5535287857055664,9.800000190734863,9.8100004196167,9.600000381469727,9.720000267028809,38700
2009-07-15,2.590008020401001,9.9399995803833,9.979999542236328,9.800000190734863,9.800000190734863,20100
2009-07-16,2.6238811016082764,10.069999694824219,10.100000381469727,9.890000343322754,9.920000076293945,56800
2009-07-17,2.5978245735168457,9.970000267028809,10.079999923706055,9.9399995803833,10.050000190734863,29700
2009-07-20,2.660360097885132,10.210000038146973,10.239999771118164,10.020000457763672,10.100000381469727,66400
2009-07-21,2.6759932041168213,10.270000457763672,10.300000190734863,10.180000305175781,10.229999542236328,33500
2009-07-22,2.6838104724884033,10.300000190734863,10.319999694824219,10.210000038146973,10.210000038146973,44200
2009-07-23,2.720289707183838,10.4399995803833,10.489999771118164,10.319999694824219,10.34000015258789,89800
2009-07-24,2.7228951454162598,10.449999809265137,10.460000038146973,10.380000114440918,10.4399995803833,27500
2009-07-27,2.7333171367645264,10.489999771118164,10.489999771118164,10.399999618530273,10.449999809265137,24500
2009-07-28,2.6890223026275635,10.319999694824219,10.489999771118164,10.210000038146973,10.470000267028809,61800
2009-07-29,2.634303092956543,10.109999656677246,10.25,9.9399995803833,10.25,23300
2009-07-30,2.6968393325805664,10.350000381469727,10.380000114440918,10.1899995803833,10.1899995803833,25000
2009-07-31,2.712472438812256,10.40999984741211,10.430000305175781,10.3100004196167,10.390000343322754,54700
2009-08-03,2.8062760829925537,10.770000457763672,10.770000457763672,10.420000076293945,10.420000076293945,68700
2009-08-04,2.8219094276428223,10.829999923706055,10.829999923706055,10.65999984741211,10.739999771118164,35400
2009-08-05,2.8062760829925537,10.770000457763672,10.819999694824219,10.640000343322754,10.699999809265137,51100
2009-08-06,2.8010637760162354,10.75,10.850000381469727,10.699999809265137,10.739999771118164,25300
2009-08-07,2.829726457595825,10.859999656677246,10.880000114440918,10.770000457763672,10.779999732971191,36100
2009-08-10,2.798459053039551,10.739999771118164,10.859999656677246,10.640000343322754,10.859999656677246,30000
2009-08-11,2.788036584854126,10.699999809265137,10.760000228881836,10.520000457763672,10.760000228881836,27900
2009-08-12,2.785430908203125,10.6899995803833,10.729999542236328,10.649999618530273,10.65999984741211,46100
2009-08-13,2.8323326110839844,10.869999885559082,10.90999984741211,10.6899995803833,10.6899995803833,22200
2009-08-14,2.8349385261535645,10.880000114440918,10.920000076293945,10.739999771118164,10.789999961853027,22700
2009-08-17,2.7593748569488525,10.59000015258789,10.670000076293945,10.460000038146973,10.630000114440918,69500
2009-08-18,2.8166985511779785,10.8100004196167,10.8100004196167,10.609999656677246,10.619999885559082,64500
2009-08-19,2.8766281604766846,11.039999961853027,11.09000015258789,10.789999961853027,10.789999961853027,49800
2009-08-20,2.902683973312378,11.140000343322754,11.199999809265137,10.949999809265137,11.029999732971191,50500
2009-08-21,2.9495859146118164,11.319999694824219,11.350000381469727,11.039999961853027,11.079999923706055,27000
2009-08-24,2.9704301357269287,11.399999618530273,11.479999542236328,11.319999694824219,11.319999694824219,18400
2009-08-25,2.98345947265625,11.449999809265137,11.579999923706055,11.329999923706055,11.329999923706055,30700
2009-08-26,2.9547975063323975,11.34000015258789,11.539999961853027,11.319999694824219,11.470000267028809,39300
2009-08-27,2.9209237098693848,11.210000038146973,11.300000190734863,11.170000076293945,11.289999961853027,16700
2009-08-28,2.94437575340271,11.300000190734863,11.319999694824219,11.229999542236328,11.260000228881836,12100
2009-08-31,2.9078962802886963,11.15999984741211,11.369999885559082,10.90999984741211,11.25,72300
2009-09-01,2.900078773498535,11.130000114440918,11.220000267028809,11.109999656677246,11.1899995803833,32700
2009-09-02,2.8896563053131104,11.09000015258789,11.100000381469727,10.930000305175781,11.010000228881836,37700
2009-09-03,2.8792331218719482,11.050000190734863,11.15999984741211,10.970000267028809,11.149999618530273,9400
2009-09-04,2.902683973312378,11.140000343322754,11.149999618530273,11.020000457763672,11.039999961853027,4200
2009-09-08,2.94437575340271,11.300000190734863,11.489999771118164,11.220000267028809,11.300000190734863,77400
2009-09-09,2.9886698722839355,11.470000267028809,11.470000267028809,11.199999809265137,11.199999809265137,38900
2009-09-10,3.043388843536377,11.680000305175781,11.789999961853027,11.479999542236328,11.479999542236328,51300
2009-09-11,3.0303611755371094,11.630000114440918,11.739999771118164,11.619999885559082,11.739999771118164,18500
2009-09-14,3.059023380279541,11.739999771118164,11.75,11.59000015258789,11.640000343322754,23400
2009-09-15,3.064234733581543,11.760000228881836,11.800000190734863,11.609999656677246,11.739999771118164,25500
2009-09-16,3.0981075763702393,11.890000343322754,11.949999809265137,11.699999809265137,11.699999809265137,52700
2009-09-17,3.0955018997192383,11.880000114440918,11.989999771118164,11.729999542236328,11.9399995803833,20700
2009-09-18,3.1580371856689453,12.119999885559082,12.199999809265137,11.850000381469727,11.850000381469727,10800
2009-09-21,3.116346836090088,11.960000038146973,12.0600004196167,11.779999732971191,11.800000190734863,30700
2009-09-22,3.1476144790649414,12.079999923706055,12.210000038146973,12.010000228881836,12.210000038146973,49000
2009-09-23,3.1424031257629395,12.0600004196167,12.260000228881836,12.0600004196167,12.149999618530273,27900
2009-09-24,3.1632490158081055,12.140000343322754,12.199999809265137,12.029999732971191,12.170000076293945,43900
2009-09-25,3.111135482788086,11.9399995803833,12.050000190734863,11.850000381469727,11.899999618530273,44000
2009-09-28,3.1293747425079346,12.010000228881836,12.100000381469727,11.970000267028809,11.970000267028809,35400
2009-09-29,3.1293747425079346,12.010000228881836,12.020000457763672,11.970000267028809,12.010000228881836,19600
2009-09-30,3.1424031257629395,12.0600004196167,12.09000015258789,11.920000076293945,12.0,28300
2009-10-01,3.1033194065093994,11.90999984741211,12.140000343322754,11.819999694824219,12.130000114440918,18000
2009-10-02,3.0798680782318115,11.819999694824219,11.899999618530273,11.399999618530273,11.640000343322754,73300
2009-10-05,3.066840410232544,11.770000457763672,11.84000015258789,11.649999618530273,11.8100004196167,85000
2009-10-06,3.0798680782318115,11.819999694824219,11.930000305175781,11.739999771118164,11.789999961853027,65700
2009-10-07,3.111135482788086,11.9399995803833,11.979999542236328,11.770000457763672,11.770000457763672,26200
2009-10-08,3.145009756088257,12.069999694824219,12.149999618530273,11.789999961853027,11.899999618530273,58200
2009-10-09,3.137192487716675,12.039999961853027,12.069999694824219,11.979999542236328,11.989999771118164,14800
2009-10-12,3.160642385482788,12.130000114440918,12.279999732971191,12.109999656677246,12.109999656677246,39300
2009-10-13,3.1502199172973633,12.09000015258789,12.149999618530273,12.09000015258789,12.130000114440918,31600
2009-10-14,3.212756395339966,12.329999923706055,12.329999923706055,12.210000038146973,12.210000038146973,25100
2009-10-15,3.2179675102233887,12.350000381469727,12.350000381469727,12.15999984741211,12.239999771118164,18500
2009-10-16,3.2023332118988037,12.289999961853027,12.319999694824219,12.1899995803833,12.260000228881836,36900
2009-10-19,3.2101497650146484,12.319999694824219,12.390000343322754,12.279999732971191,12.390000343322754,100400
2009-10-20,3.215362548828125,12.34000015258789,12.40999984741211,12.3100004196167,12.380000114440918,20700
2009-10-21,3.23881196975708,12.430000305175781,12.529999732971191,12.359999656677246,12.369999885559082,56300
2009-10-22,3.23881196975708,12.430000305175781,12.460000038146973,12.3100004196167,12.420000076293945,93800
2009-10-23,3.191910743713379,12.25,12.449999809265137,12.25,12.449999809265137,25100
2009-10-26,3.1554322242736816,12.109999656677246,12.300000190734863,12.050000190734863,12.300000190734863,19300
2009-10-27,3.1293747425079346,12.010000228881836,12.149999618530273,11.949999809265137,12.140000343322754,21900
2009-10-28,2.996488571166992,11.5,11.869999885559082,11.4399995803833,11.869999885559082,47000
2009-10-29,3.059023380279541,11.739999771118164,11.779999732971191,11.609999656677246,11.609999656677246,25400
2009-10-30,3.0616283416748047,11.75,11.779999732971191,11.449999809265137,11.729999542236328,52000
2009-11-02,3.053812026977539,11.720000267028809,11.850000381469727,11.619999885559082,11.710000038146973,58600
2009-11-03,3.0329668521881104,11.640000343322754,11.720000267028809,11.5,11.5600004196167,21700
2009-11-04,3.0147273540496826,11.569999694824219,11.720000267028809,11.569999694824219,11.619999885559082,32800
2009-11-05,3.035571813583374,11.649999618530273,11.75,11.520000457763672,11.609999656677246,14800
2009-11-06,3.0303611755371094,11.630000114440918,11.720000267028809,11.539999961853027,11.640000343322754,16600
2009-11-09,3.0981075763702393,11.890000343322754,11.920000076293945,11.800000190734863,11.800000190734863,25100
2009-11-10,3.1189537048339844,11.970000267028809,11.979999542236328,11.819999694824219,11.84000015258789,22300
2009-11-11,3.131981372833252,12.020000457763672,12.109999656677246,11.979999542236328,12.109999656677246,17000
2009-11-12,3.0955018997192383,11.880000114440918,11.989999771118164,11.869999885559082,11.880000114440918,15100
2009-11-13,3.0955018997192383,11.880000114440918,11.90999984741211,11.850000381469727,11.869999885559082,19600
2009-11-16,3.0955018997192383,11.880000114440918,12.020000457763672,11.699999809265137,11.949999809265137,54600
2009-11-17,3.1033194065093994,11.90999984741211,11.949999809265137,11.84000015258789,11.90999984741211,51800
2009-11-18,3.0876858234405518,11.850000381469727,11.960000038146973,11.829999923706055,11.960000038146973,30600
2009-11-19,3.0746572017669678,11.800000190734863,11.890000343322754,11.699999809265137,11.779999732971191,33000
2009-11-20,3.048600673675537,11.699999809265137,11.819999694824219,11.609999656677246,11.670000076293945,13100
2009-11-23,3.0928969383239746,11.869999885559082,11.949999809265137,11.800000190734863,11.859999656677246,54400
2009-11-24,3.1215577125549316,11.979999542236328,11.989999771118164,11.90999984741211,11.9399995803833,25600
2009-11-25,3.1476144790649414,12.079999923706055,12.09000015258789,12.010000228881836,12.010000228881836,23000
2009-11-27,3.1215577125549316,11.979999542236328,12.050000190734863,11.739999771118164,11.770000457763672,19800
2009-11-30,3.0981075763702393,11.890000343322754,11.949999809265137,11.800000190734863,11.859999656677246,32600
2009-12-01,3.1241648197174072,11.989999771118164,12.079999923706055,11.899999618530273,11.899999618530273,21600
2009-12-02,3.131981372833252,12.020000457763672,12.119999885559082,12.010000228881836,12.029999732971191,38300
2009-12-03,3.139798641204834,12.050000190734863,12.109999656677246,12.039999961853027,12.109999656677246,34700
2009-12-04,3.1658542156219482,12.149999618530273,12.1899995803833,12.100000381469727,12.100000381469727,32500
2009-12-07,3.1658542156219482,12.149999618530273,12.180000305175781,12.069999694824219,12.079999923706055,18300
2009-12-08,3.113741159439087,11.949999809265137,12.0600004196167,11.949999809265137,12.039999961853027,31200
2009-12-09,3.1272687911987305,11.789999961853027,11.789999961853027,11.6899995803833,11.720000267028809,40800
2009-12-10,3.1087026596069336,11.720000267028809,11.760000228881836,11.699999809265137,11.699999809265137,44400
2009-12-11,3.111353874206543,11.729999542236328,11.800000190734863,11.579999923706055,11.800000190734863,27100
2009-12-14,3.1033966541290283,11.699999809265137,11.899999618530273,11.649999618530273,11.899999618530273,61500
2009-12-15,3.08217716217041,11.619999885559082,11.699999809265137,11.600000381469727,11.630000114440918,12200
2009-12-16,3.111353874206543,11.729999542236328,11.800000190734863,11.65999984741211,11.6899995803833,30500
2009-12-17,3.0503475666046143,11.5,11.59000015258789,11.40999984741211,11.59000015258789,28500
2009-12-18,3.0450429916381836,11.479999542236328,11.539999961853027,11.300000190734863,11.510000228881836,39300
2009-12-21,3.063610076904297,11.550000190734863,11.600000381469727,11.420000076293945,11.420000076293945,32500
2009-12-22,3.042389154434204,11.470000267028809,11.539999961853027,11.4399995803833,11.489999771118164,156500
2009-12-23,3.021169662475586,11.390000343322754,11.59000015258789,11.279999732971191,11.420000076293945,224700
2009-12-24,3.0503475666046143,11.5,11.600000381469727,11.420000076293945,11.420000076293945,26800
2009-12-28,3.0450429916381836,11.479999542236328,11.539999961853027,11.460000038146973,11.470000267028809,44700
2009-12-29,3.0954389572143555,11.670000076293945,11.789999961853027,11.529999732971191,11.649999618530273,75300
2009-12-30,3.076871633529663,11.600000381469727,11.640000343322754,11.510000228881836,11.59000015258789,54600
2009-12-31,3.08217716217041,11.619999885559082,11.680000305175781,11.59000015258789,11.619999885559082,51400
2010-01-04,3.1378793716430664,11.829999923706055,11.859999656677246,11.529999732971191,11.529999732971191,46200
2010-01-05,3.087482213973999,11.640000343322754,11.789999961853027,11.550000190734863,11.770000457763672,82600
2010-01-06,3.0954389572143555,11.670000076293945,11.739999771118164,11.579999923706055,11.739999771118164,78800
2010-01-07,3.0742197036743164,11.59000015258789,11.640000343322754,11.520000457763672,11.640000343322754,125700
2010-01-08,3.114006519317627,11.739999771118164,11.739999771118164,11.569999694824219,11.670000076293945,65400
2010-01-11,3.121964693069458,11.770000457763672,11.850000381469727,11.729999542236328,11.8100004196167,64100
2010-01-12,3.084829330444336,11.630000114440918,11.710000038146973,11.579999923706055,11.699999809265137,161800
2010-01-13,3.106049060821533,11.710000038146973,11.729999542236328,11.619999885559082,11.680000305175781,60700
2010-01-14,3.119312047958374,11.760000228881836,11.789999961853027,11.699999809265137,11.710000038146973,66200
2010-01-15,3.063610076904297,11.550000190734863,11.6899995803833,11.5,11.6899995803833,164800
2010-01-19,3.079524278640747,11.609999656677246,11.619999885559082,11.470000267028809,11.600000381469727,79700
2010-01-20,3.0397377014160156,11.460000038146973,11.539999961853027,11.319999694824219,11.539999961853027,115400
2010-01-21,3.021169662475586,11.390000343322754,11.520000457763672,11.300000190734863,11.520000457763672,91900
2010-01-22,2.9575111865997314,11.149999618530273,11.3100004196167,11.119999885559082,11.3100004196167,62400
2010-01-25,2.9999496936798096,11.3100004196167,11.359999656677246,11.220000267028809,11.220000267028809,55100
2010-01-26,2.984035015106201,11.25,11.300000190734863,11.180000305175781,11.260000228881836,66400
2010-01-27,2.9866883754730225,11.260000228881836,11.289999961853027,11.15999984741211,11.289999961853027,46500
2010-01-28,2.9575111865997314,11.149999618530273,11.229999542236328,11.020000457763672,11.15999984741211,74300
2010-01-29,2.9203760623931885,11.010000228881836,11.210000038146973,10.979999542236328,11.210000038146973,51300
2010-02-01,2.962815284729004,11.170000076293945,11.180000305175781,11.0600004196167,11.069999694824219,32700
2010-02-02,2.9866883754730225,11.260000228881836,11.289999961853027,11.149999618530273,11.149999618530273,56000
2010-02-03,2.9866883754730225,11.260000228881836,11.289999961853027,11.140000343322754,11.140000343322754,37900
2010-02-04,2.896502733230591,10.920000076293945,11.149999618530273,10.899999618530273,11.149999618530273,69900
2010-02-05,2.8248865604400635,10.649999618530273,10.920000076293945,10.569999694824219,10.920000076293945,155600
2010-02-08,2.819582223892212,10.630000114440918,10.75,10.550000190734863,10.75,50000
2010-02-09,2.8911993503570557,10.899999618530273,10.9399995803833,10.739999771118164,10.84000015258789,69200
2010-02-10,2.8514115810394287,10.75,10.8100004196167,10.640000343322754,10.800000190734863,69300
2010-02-11,2.883241653442383,10.869999885559082,10.890000343322754,10.760000228881836,10.8100004196167,49800
2010-02-12,2.8673269748687744,10.8100004196167,10.859999656677246,10.760000228881836,10.770000457763672,61300
2010-02-16,2.9177231788635254,11.0,11.010000228881836,10.850000381469727,10.850000381469727,43800
2010-02-17,2.933638334274292,11.0600004196167,11.0600004196167,10.989999771118164,10.989999771118164,25500
2010-02-18,2.9575111865997314,11.149999618530273,11.149999618530273,11.020000457763672,11.020000457763672,39000
2010-02-19,2.9601633548736572,11.15999984741211,11.199999809265137,11.0600004196167,11.149999618530273,29600
2010-02-22,2.9601633548736572,11.15999984741211,11.199999809265137,11.109999656677246,11.109999656677246,41800
2010-02-23,2.952205181121826,11.130000114440918,11.180000305175781,11.050000190734863,11.140000343322754,28600
2010-02-24,2.96812105178833,11.1899995803833,11.229999542236328,11.149999618530273,11.15999984741211,33000
2010-02-25,2.9548583030700684,11.140000343322754,11.25,11.010000228881836,11.25,42600
2010-02-26,2.962815284729004,11.170000076293945,11.199999809265137,11.100000381469727,11.149999618530273,37700
2010-03-01,2.994645357131958,11.289999961853027,11.289999961853027,10.989999771118164,11.039999961853027,80800
2010-03-02,2.994645357131958,11.289999961853027,11.399999618530273,11.289999961853027,11.289999961853027,49600
2010-03-03,3.026474952697754,11.40999984741211,11.5,11.3100004196167,11.34000015258789,38400
2010-03-04,3.0397377014160156,11.460000038146973,11.460000038146973,11.40999984741211,11.40999984741211,43500
2010-03-05,3.0689148902893066,11.569999694824219,11.59000015258789,11.420000076293945,11.4399995803833,47200
2010-03-08,3.060957908630371,11.539999961853027,11.619999885559082,11.510000228881836,11.619999885559082,55900
2010-03-09,3.0742197036743164,11.59000015258789,11.649999618530273,11.40999984741211,11.520000457763672,38200
2010-03-10,3.0689148902893066,11.569999694824219,11.699999809265137,11.479999542236328,11.529999732971191,43900
2010-03-11,3.08217716217041,11.619999885559082,11.649999618530273,11.449999809265137,11.449999809265137,56500
2010-03-12,3.1007449626922607,11.6899995803833,11.6899995803833,11.630000114440918,11.680000305175781,39600
2010-03-15,3.0954389572143555,11.670000076293945,11.739999771118164,11.550000190734863,11.739999771118164,48600
2010-03-16,3.1299221515655518,11.800000190734863,11.8100004196167,11.6899995803833,11.739999771118164,47800
2010-03-17,3.140531301498413,11.84000015258789,11.90999984741211,11.760000228881836,11.760000228881836,37900
2010-03-18,3.1352264881134033,11.819999694824219,11.819999694824219,11.680000305175781,11.800000190734863,57600
2010-03-19,3.1087026596069336,11.720000267028809,11.819999694824219,11.699999809265137,11.720000267028809,17700
2010-03-22,3.111353874206543,11.729999542236328,11.819999694824219,11.640000343322754,11.640000343322754,21100
2010-03-23,3.1325740814208984,11.8100004196167,11.859999656677246,11.710000038146973,11.710000038146973,32900
2010-03-24,3.090135335922241,11.649999618530273,11.720000267028809,11.649999618530273,11.6899995803833,21000
2010-03-25,3.090135335922241,11.649999618530273,11.75,11.649999618530273,11.75,48500
2010-03-26,3.0954389572143555,11.670000076293945,11.720000267028809,11.630000114440918,11.630000114440918,19400
2010-03-29,3.124616861343384,11.779999732971191,11.789999961853027,11.680000305175781,11.720000267028809,52600
2010-03-30,3.119312047958374,11.760000228881836,11.850000381469727,11.760000228881836,11.800000190734863,51500
2010-03-31,3.1325740814208984,11.8100004196167,11.859999656677246,11.770000457763672,11.770000457763672,62400
2010-04-01,3.175013780593872,11.970000267028809,12.050000190734863,11.899999618530273,11.899999618530273,66200
2010-04-05,3.206843137741089,12.09000015258789,12.109999656677246,11.930000305175781,12.0,39600
2010-04-06,3.169708251953125,11.949999809265137,11.960000038146973,11.699999809265137,11.930000305175781,109600
2010-04-07,3.14583683013916,11.859999656677246,11.930000305175781,11.829999923706055,11.930000305175781,30900
2010-04-08,3.1272687911987305,11.789999961853027,11.800000190734863,11.65999984741211,11.710000038146973,38100
2010-04-09,3.1617512702941895,11.920000076293945,11.9399995803833,11.770000457763672,11.770000457763672,45600
2010-04-12,3.175013780593872,11.970000267028809,12.039999961853027,11.850000381469727,11.850000381469727,76000
2010-04-13,3.198885679244995,12.0600004196167,12.069999694824219,11.890000343322754,11.890000343322754,48300
2010-04-14,3.214801788330078,12.119999885559082,12.15999984741211,12.010000228881836,12.069999694824219,46300
2010-04-15,3.209496259689331,12.100000381469727,12.130000114440918,11.989999771118164,11.989999771118164,45500
2010-04-16,3.1590993404388428,11.90999984741211,12.039999961853027,11.800000190734863,11.979999542236328,49700
2010-04-19,3.14583683013916,11.859999656677246,11.880000114440918,11.779999732971191,11.800000190734863,48200
2010-04-20,3.16440486907959,11.930000305175781,11.949999809265137,11.880000114440918,11.899999618530273,51100
2010-04-21,3.1431846618652344,11.850000381469727,11.949999809265137,11.819999694824219,11.949999809265137,16500
2010-04-22,3.121964693069458,11.770000457763672,11.8100004196167,11.550000190734863,11.630000114440918,96400
2010-04-23,3.1325740814208984,11.8100004196167,11.829999923706055,11.649999618530273,11.649999618530273,66800
2010-04-26,3.1325740814208984,11.8100004196167,11.880000114440918,11.729999542236328,11.729999542236328,89700
2010-04-27,3.092787027359009,11.65999984741211,11.760000228881836,11.449999809265137,11.630000114440918,84500
2010-04-28,3.0689148902893066,11.569999694824219,11.649999618530273,11.390000343322754,11.569999694824219,86900
2010-04-29,3.079524278640747,11.609999656677246,11.670000076293945,11.600000381469727,11.649999618530273,77800
2010-04-30,3.052999258041382,11.510000228881836,11.649999618530273,11.510000228881836,11.640000343322754,32000
2010-05-03,3.076871633529663,11.600000381469727,11.619999885559082,11.520000457763672,11.539999961853027,39100
2010-05-04,3.0079076290130615,11.34000015258789,11.520000457763672,11.260000228881836,11.489999771118164,68200
2010-05-05,2.941596031188965,11.09000015258789,11.1899995803833,10.869999885559082,11.0600004196167,57300
2010-05-06,2.782447338104248,10.489999771118164,11.079999923706055,10.0600004196167,10.989999771118164,110600
2010-05-07,2.7930567264556885,10.529999732971191,10.770000457763672,10.420000076293945,10.5600004196167,48000
2010-05-10,2.8593695163726807,10.779999732971191,11.050000190734863,10.710000038146973,10.75,90400
2010-05-11,2.8752846717834473,10.84000015258789,10.960000038146973,10.5600004196167,10.779999732971191,43100
2010-05-12,2.9283335208892822,11.039999961853027,11.109999656677246,10.850000381469727,10.850000381469727,89400
2010-05-13,2.883241653442383,10.869999885559082,10.989999771118164,10.819999694824219,10.9399995803833,22400
2010-05-14,2.838149309158325,10.699999809265137,10.850000381469727,10.619999885559082,10.850000381469727,131000
2010-05-17,2.8434536457061768,10.720000267028809,10.760000228881836,10.460000038146973,10.630000114440918,71600
2010-05-18,2.787752151489258,10.510000228881836,10.770000457763672,10.449999809265137,10.729999542236328,55000
2010-05-19,2.7718374729156494,10.449999809265137,10.539999961853027,10.319999694824219,10.510000228881836,80300
2010-05-20,2.686957359313965,10.130000114440918,10.229999542236328,10.020000457763672,10.079999923706055,84700
2010-05-21,2.665738821029663,10.050000190734863,10.170000076293945,9.920000076293945,9.989999771118164,128100
2010-05-24,2.6498234272003174,9.989999771118164,10.109999656677246,9.90999984741211,10.029999732971191,130600
2010-05-25,2.6445183753967285,9.970000267028809,9.989999771118164,9.699999809265137,9.84000015258789,58000
2010-05-26,2.628603219985962,9.90999984741211,10.09000015258789,9.899999618530273,9.960000038146973,37500
2010-05-27,2.721440315246582,10.260000228881836,10.279999732971191,10.069999694824219,10.100000381469727,44900
2010-05-28,2.7055258750915527,10.199999809265137,10.319999694824219,10.15999984741211,10.319999694824219,43800
2010-06-01,2.671043872833252,10.069999694824219,10.319999694824219,10.029999732971191,10.029999732971191,51600
2010-06-02,2.724092960357666,10.270000457763672,10.300000190734863,10.130000114440918,10.130000114440918,105800
2010-06-03,2.7081780433654785,10.210000038146973,10.300000190734863,10.140000343322754,10.199999809265137,116000
2010-06-04,2.6524763107299805,10.0,10.119999885559082,9.9399995803833,10.010000228881836,35400
2010-06-07,2.6498234272003174,9.989999771118164,10.130000114440918,9.979999542236328,10.050000190734863,32900
2010-06-08,2.665738821029663,10.050000190734863,10.109999656677246,9.989999771118164,10.050000190734863,103800
2010-06-09,2.663085460662842,10.039999961853027,10.199999809265137,10.029999732971191,10.15999984741211,68100
2010-06-10,2.7453129291534424,10.350000381469727,10.430000305175781,10.239999771118164,10.239999771118164,49900
2010-06-11,2.7479653358459473,10.359999656677246,10.369999885559082,10.220000267028809,10.220000267028809,23000
2010-06-14,2.766533374786377,10.430000305175781,10.550000190734863,10.380000114440918,10.550000190734863,55100
2010-06-15,2.835496664047241,10.6899995803833,10.6899995803833,10.529999732971191,10.529999732971191,61600
2010-06-16,2.8248865604400635,10.649999618530273,10.699999809265137,10.520000457763672,10.520000457763672,52900
2010-06-17,2.846107006072998,10.729999542236328,10.8100004196167,10.670000076293945,10.760000228881836,77800
2010-06-18,2.854064464569092,10.760000228881836,10.760000228881836,10.680000305175781,10.699999809265137,56300
2010-06-21,2.864673614501953,10.800000190734863,10.949999809265137,10.770000457763672,10.800000190734863,53600
2010-06-22,2.8514115810394287,10.75,10.880000114440918,10.729999542236328,10.829999923706055,71100
2010-06-23,2.8567166328430176,10.770000457763672,10.84000015258789,10.649999618530273,10.670000076293945,49700
2010-06-24,2.8434536457061768,10.720000267028809,10.739999771118164,10.59000015258789,10.6899995803833,51300
2010-06-25,2.8673269748687744,10.8100004196167,10.819999694824219,10.619999885559082,10.649999618530273,42500
2010-06-28,2.872631549835205,10.829999923706055,10.880000114440918,10.779999732971191,10.850000381469727,55500
2010-06-29,2.81162428855896,10.600000381469727,10.6899995803833,10.5,10.670000076293945,55200
2010-06-30,2.8301920890808105,10.670000076293945,10.729999542236328,10.529999732971191,10.529999732971191,36300
2010-07-01,2.840801239013672,10.710000038146973,10.739999771118164,10.600000381469727,10.710000038146973,70400
2010-07-02,2.8222343921661377,10.640000343322754,10.720000267028809,10.619999885559082,10.640000343322754,56500
2010-07-06,2.8301920890808105,10.670000076293945,10.819999694824219,10.609999656677246,10.699999809265137,163300
2010-07-07,2.8991570472717285,10.930000305175781,10.930000305175781,10.6899995803833,10.699999809265137,56400
2010-07-08,2.9230282306671143,11.020000457763672,11.029999732971191,10.90999984741211,10.970000267028809,47100
2010-07-09,2.941596031188965,11.09000015258789,11.09000015258789,10.970000267028809,10.989999771118164,31800
2010-07-12,2.9230282306671143,11.020000457763672,11.050000190734863,10.970000267028809,11.010000228881836,20700
2010-07-13,2.96812105178833,11.1899995803833,11.220000267028809,11.109999656677246,11.109999656677246,32600
2010-07-14,2.9813828468322754,11.239999771118164,11.239999771118164,11.100000381469727,11.149999618530273,37800
2010-07-15,3.0079076290130615,11.34000015258789,11.34000015258789,11.239999771118164,11.25,43600
2010-07-16,2.938943862915039,11.079999923706055,11.25,11.029999732971191,11.25,45000
2010-07-19,2.9601633548736572,11.15999984741211,11.1899995803833,11.079999923706055,11.130000114440918,56100
2010-07-20,2.9495530128479004,11.119999885559082,11.130000114440918,10.9399995803833,10.9399995803833,69200
2010-07-21,2.946899890899658,11.109999656677246,11.15999984741211,11.029999732971191,11.109999656677246,58100
2010-07-22,2.994645357131958,11.289999961853027,11.350000381469727,11.170000076293945,11.170000076293945,50000
2010-07-23,2.9760777950286865,11.220000267028809,11.289999961853027,11.149999618530273,11.199999809265137,52800
2010-07-26,2.9893410205841064,11.270000457763672,11.279999732971191,11.15999984741211,11.180000305175781,72800
2010-07-27,2.9813828468322754,11.239999771118164,11.369999885559082,11.210000038146973,11.369999885559082,53800
2010-07-28,2.9601633548736572,11.15999984741211,11.270000457763672,11.149999618530273,11.180000305175781,24300
2010-07-29,2.9813828468322754,11.239999771118164,11.380000114440918,11.170000076293945,11.359999656677246,58500
2010-07-30,2.991992950439453,11.279999732971191,11.300000190734863,11.15999984741211,11.15999984741211,33300
2010-08-02,3.029127597808838,11.420000076293945,11.470000267028809,11.329999923706055,11.329999923706055,90400
2010-08-03,3.0397377014160156,11.460000038146973,11.520000457763672,11.359999656677246,11.359999656677246,55700
2010-08-04,3.0503475666046143,11.5,11.539999961853027,11.449999809265137,11.520000457763672,33900
2010-08-05,3.052999258041382,11.510000228881836,11.539999961853027,11.460000038146973,11.510000228881836,46200
2010-08-06,3.05830454826355,11.529999732971191,11.539999961853027,11.430000305175781,11.460000038146973,24800
2010-08-09,3.063610076904297,11.550000190734863,11.579999923706055,11.5,11.5,33800
2010-08-10,3.0689148902893066,11.569999694824219,11.619999885559082,11.399999618530273,11.449999809265137,35800
2010-08-11,2.9760777950286865,11.220000267028809,11.350000381469727,11.170000076293945,11.350000381469727,32800
2010-08-12,3.0079076290130615,11.34000015258789,11.390000343322754,11.1899995803833,11.1899995803833,35700
2010-08-13,3.015864849090576,11.369999885559082,11.399999618530273,11.319999694824219,11.329999923706055,16100
2010-08-16,3.0476949214935303,11.489999771118164,11.600000381469727,11.40999984741211,11.40999984741211,34200
2010-08-17,3.063610076904297,11.550000190734863,11.640000343322754,11.529999732971191,11.550000190734863,40000
2010-08-18,3.08217716217041,11.619999885559082,11.699999809265137,11.59000015258789,11.609999656677246,52700
2010-08-19,3.0662624835968018,11.5600004196167,11.680000305175781,11.539999961853027,11.640000343322754,32800
2010-08-20,3.0450429916381836,11.479999542236328,11.479999542236328,11.399999618530273,11.4399995803833,30200
2010-08-23,3.034433126449585,11.4399995803833,11.5600004196167,11.4399995803833,11.479999542236328,36200
2010-08-24,3.0397377014160156,11.460000038146973,11.479999542236328,11.289999961853027,11.3100004196167,80300
2010-08-25,3.023822069168091,11.399999618530273,11.5,11.289999961853027,11.5,42900
2010-08-26,3.031780481338501,11.430000305175781,11.460000038146973,11.329999923706055,11.449999809265137,25200
2010-08-27,3.0689148902893066,11.569999694824219,11.59000015258789,11.449999809265137,11.520000457763672,28300
2010-08-30,3.052999258041382,11.510000228881836,11.600000381469727,11.489999771118164,11.5,33300
2010-08-31,3.0954389572143555,11.670000076293945,11.670000076293945,11.4399995803833,11.4399995803833,19600
2010-09-01,3.153794050216675,11.890000343322754,11.899999618530273,11.800000190734863,11.8100004196167,48900
2010-09-02,3.1590993404388428,11.90999984741211,11.949999809265137,11.880000114440918,11.890000343322754,29300
2010-09-03,3.175013780593872,11.970000267028809,11.979999542236328,11.920000076293945,11.9399995803833,44400
2010-09-07,3.175013780593872,11.970000267028809,11.989999771118164,11.84000015258789,11.850000381469727,46000
2010-09-08,3.1935815811157227,12.039999961853027,12.039999961853027,11.869999885559082,11.989999771118164,78800
2010-09-09,3.1962339878082275,12.050000190734863,12.180000305175781,12.029999732971191,12.050000190734863,37800
2010-09-10,3.209496259689331,12.100000381469727,12.100000381469727,11.9399995803833,12.020000457763672,48000
2010-09-13,3.230715274810791,12.180000305175781,12.199999809265137,12.09000015258789,12.09000015258789,72900
2010-09-14,3.254587173461914,12.270000457763672,12.329999923706055,12.15999984741211,12.15999984741211,14600
2010-09-15,3.2519352436065674,12.260000228881836,12.319999694824219,12.199999809265137,12.210000038146973,60600
2010-09-16,3.2280631065368652,12.170000076293945,12.199999809265137,12.130000114440918,12.199999809265137,32500
2010-09-17,3.2254109382629395,12.15999984741211,12.210000038146973,12.149999618530273,12.199999809265137,20500
2010-09-20,3.249283790588379,12.25,12.3100004196167,12.180000305175781,12.180000305175781,38500
2010-09-21,3.257239818572998,12.279999732971191,12.319999694824219,12.260000228881836,12.300000190734863,55400
2010-09-22,3.259891986846924,12.289999961853027,12.369999885559082,12.270000457763672,12.3100004196167,42900
2010-09-23,3.262545347213745,12.300000190734863,12.350000381469727,12.25,12.25,39000
2010-09-24,3.29437518119812,12.420000076293945,12.449999809265137,12.359999656677246,12.359999656677246,108100
2010-09-27,3.29437518119812,12.420000076293945,12.479999542236328,12.40999984741211,12.460000038146973,59700
2010-09-28,3.3023324012756348,12.449999809265137,12.550000190734863,12.40999984741211,12.479999542236328,45200
2010-09-29,3.3209011554718018,12.520000457763672,12.739999771118164,12.4399995803833,12.5,36000
2010-09-30,3.331509828567505,12.5600004196167,12.670000076293945,12.520000457763672,12.550000190734863,74200
2010-10-01,3.363339900970459,12.680000305175781,12.710000038146973,12.510000228881836,12.579999923706055,40900
2010-10-04,3.323551893234253,12.529999732971191,12.619999885559082,12.5,12.59000015258789,57900
2010-10-05,3.397822380065918,12.8100004196167,12.829999923706055,12.619999885559082,12.619999885559082,14700
2010-10-06,3.421693801879883,12.899999618530273,12.899999618530273,12.8100004196167,12.850000381469727,36200
2010-10-07,3.4004738330841064,12.819999694824219,12.880000114440918,12.770000457763672,12.880000114440918,46200
2010-10-08,3.424346446990967,12.90999984741211,12.9399995803833,12.8100004196167,12.8100004196167,56900
2010-10-11,3.4163882732391357,12.880000114440918,12.9399995803833,12.8100004196167,12.890000343322754,20200
2010-10-12,3.453523635864258,13.020000457763672,13.020000457763672,12.880000114440918,12.970000267028809,69000
2010-10-13,3.464134454727173,13.0600004196167,13.140000343322754,13.0,13.0600004196167,43600
2010-10-14,3.4959635734558105,13.180000305175781,13.220000267028809,13.069999694824219,13.069999694824219,74200
2010-10-15,3.4880051612854004,13.149999618530273,13.220000267028809,13.140000343322754,13.210000038146973,39700
2010-10-18,3.5012691020965576,13.199999809265137,13.300000190734863,13.109999656677246,13.300000190734863,47300
2010-10-19,3.424346446990967,12.90999984741211,13.039999961853027,12.880000114440918,12.989999771118164,37100
2010-10-20,3.4880051612854004,13.149999618530273,13.260000228881836,13.0,13.0,56300
2010-10-21,3.461482048034668,13.050000190734863,13.149999618530273,13.039999961853027,13.0600004196167,55900
2010-10-22,3.453523635864258,13.020000457763672,13.140000343322754,13.020000457763672,13.0600004196167,11300
2010-10-25,3.477396011352539,13.109999656677246,13.210000038146973,13.100000381469727,13.100000381469727,59000
2010-10-26,3.4402616024017334,12.970000267028809,13.029999732971191,12.949999809265137,13.010000228881836,27200
2010-10-27,3.432302713394165,12.9399995803833,13.020000457763672,12.819999694824219,13.020000457763672,14300
2010-10-28,3.4163882732391357,12.880000114440918,12.960000038146973,12.8100004196167,12.960000038146973,19200
2010-10-29,3.421693801879883,12.899999618530273,12.920000076293945,12.800000190734863,12.84000015258789,20000
2010-11-01,3.4269988536834717,12.920000076293945,12.979999542236328,12.899999618530273,12.979999542236328,63600
2010-11-02,3.469437599182129,13.079999923706055,13.09000015258789,13.020000457763672,13.0600004196167,54900
2010-11-03,3.4880051612854004,13.149999618530273,13.1899995803833,12.979999542236328,13.050000190734863,85500
2010-11-04,3.6073668003082275,13.600000381469727,13.609999656677246,13.210000038146973,13.25,78000
2010-11-05,3.641850233078003,13.729999542236328,13.729999542236328,13.479999542236328,13.539999961853027,71300
2010-11-08,3.6285879611968994,13.680000305175781,13.800000190734863,13.640000343322754,13.640000343322754,190600
2010-11-09,3.596756935119629,13.5600004196167,13.75,13.539999961853027,13.710000038146973,23400
2010-11-10,3.5781898498535156,13.489999771118164,13.600000381469727,13.350000381469727,13.5600004196167,55400
2010-11-11,3.541055679321289,13.350000381469727,13.40999984741211,13.329999923706055,13.359999656677246,29800
2010-11-12,3.514530897140503,13.25,13.390000343322754,13.239999771118164,13.319999694824219,36600
2010-11-15,3.503920078277588,13.210000038146973,13.329999923706055,13.0,13.0,53900
2010-11-16,3.42965030670166,12.930000305175781,13.260000228881836,12.84000015258789,13.239999771118164,60200
2010-11-17,3.482700824737549,13.130000114440918,13.229999542236328,13.010000228881836,13.010000228881836,62300
2010-11-18,3.538403034210205,13.34000015258789,13.350000381469727,13.210000038146973,13.350000381469727,41200
2010-11-19,3.5277934074401855,13.300000190734863,13.3100004196167,13.210000038146973,13.279999732971191,29500
2010-11-22,3.4933102130889893,13.170000076293945,13.270000457763672,13.119999885559082,13.1899995803833,32100
2010-11-23,3.4429140090942383,12.979999542236328,13.0600004196167,12.979999542236328,13.020000457763672,28400
2010-11-24,3.4959635734558105,13.180000305175781,13.1899995803833,13.010000228881836,13.010000228881836,23500
2010-11-26,3.4933102130889893,13.170000076293945,13.25,13.039999961853027,13.039999961853027,29800
2010-11-29,3.453523635864258,13.020000457763672,13.039999961853027,12.970000267028809,13.039999961853027,27200
2010-11-30,3.4667863845825195,13.069999694824219,13.09000015258789,12.930000305175781,13.0,61900
2010-12-01,3.4959635734558105,13.180000305175781,13.229999542236328,13.130000114440918,13.15999984741211,15800
2010-12-02,3.50657320022583,13.220000267028809,13.279999732971191,13.149999618530273,13.170000076293945,30300
2010-12-03,3.5277934074401855,13.300000190734863,13.34000015258789,13.170000076293945,13.170000076293945,45700
2010-12-06,3.551666021347046,13.390000343322754,13.720000267028809,13.229999542236328,13.25,102200
2010-12-07,3.5330967903137207,13.319999694824219,13.630000114440918,13.260000228881836,13.489999771118164,63100
2010-12-08,3.517183780670166,13.260000228881836,13.380000114440918,13.229999542236328,13.380000114440918,56300
2010-12-09,3.5012691020965576,13.199999809265137,13.420000076293945,13.100000381469727,13.359999656677246,49100
2010-12-10,3.517183780670166,13.260000228881836,13.359999656677246,13.109999656677246,13.109999656677246,24900
2010-12-13,3.5728859901428223,13.470000267028809,13.489999771118164,13.300000190734863,13.40999984741211,46900
2010-12-14,3.5569701194763184,13.40999984741211,13.479999542236328,13.279999732971191,13.359999656677246,57800
2010-12-15,3.5357513427734375,13.329999923706055,13.430000305175781,13.329999923706055,13.420000076293945,45600
2010-12-16,3.5941052436828613,13.550000190734863,13.5600004196167,13.3100004196167,13.3100004196167,54900
2010-12-17,3.6411678791046143,13.229999542236328,13.430000305175781,12.930000305175781,13.119999885559082,69400
2010-12-20,3.60263729095459,13.09000015258789,13.470000267028809,13.0,13.3100004196167,62000
2010-12-21,3.610893487930298,13.119999885559082,13.239999771118164,13.039999961853027,13.039999961853027,104000
2010-12-22,3.6411678791046143,13.229999542236328,13.239999771118164,13.149999618530273,13.149999618530273,19600
2010-12-23,3.6576807498931885,13.289999961853027,13.329999923706055,13.180000305175781,13.180000305175781,39900
2010-12-27,3.6411678791046143,13.229999542236328,13.289999961853027,13.170000076293945,13.220000267028809,44500
2010-12-28,3.652177095413208,13.270000457763672,13.3100004196167,13.180000305175781,13.3100004196167,19900
2010-12-29,3.660433292388916,13.300000190734863,13.34000015258789,13.199999809265137,13.199999809265137,23500
2010-12-30,3.704468011856079,13.460000038146973,13.470000267028809,13.260000228881836,13.300000190734863,38300
2010-12-31,3.726487398147583,13.539999961853027,13.539999961853027,13.350000381469727,13.350000381469727,26600
2011-01-03,3.7457516193389893,13.609999656677246,13.609999656677246,13.5600004196167,13.579999923706055,15100
2011-01-04,3.707221031188965,13.470000267028809,13.529999732971191,13.359999656677246,13.470000267028809,29200
2011-01-05,3.7017157077789307,13.449999809265137,13.449999809265137,13.260000228881836,13.369999885559082,9900
2011-01-06,3.630159378051758,13.1899995803833,13.399999618530273,13.09000015258789,13.350000381469727,76600
2011-01-07,3.6219027042388916,13.15999984741211,13.199999809265137,13.069999694824219,13.170000076293945,53300
2011-01-10,3.58337140083313,13.020000457763672,13.079999923706055,12.970000267028809,13.079999923706055,22200
2011-01-11,3.60538911819458,13.100000381469727,13.15999984741211,13.029999732971191,13.050000190734863,10400
2011-01-12,3.652177095413208,13.270000457763672,13.289999961853027,13.210000038146973,13.25,18900
2011-01-13,3.646672248840332,13.25,13.289999961853027,13.170000076293945,13.210000038146973,14900
2011-01-14,3.6549289226531982,13.279999732971191,13.279999732971191,13.130000114440918,13.170000076293945,21000
2011-01-18,3.6741943359375,13.350000381469727,13.359999656677246,13.300000190734863,13.329999923706055,28300
2011-01-19,3.6934595108032227,13.420000076293945,13.420000076293945,13.369999885559082,13.399999618530273,11000
2011-01-20,3.635662794113159,13.210000038146973,13.210000038146973,13.079999923706055,13.210000038146973,20200
2011-01-21,3.632911205291748,13.199999809265137,13.279999732971191,13.119999885559082,13.279999732971191,30200
2011-01-24,3.6714425086975098,13.34000015258789,13.34000015258789,13.1899995803833,13.1899995803833,43300
2011-01-25,3.687955856323242,13.399999618530273,13.40999984741211,13.319999694824219,13.369999885559082,19100
2011-01-26,3.729238748550415,13.550000190734863,13.619999885559082,13.460000038146973,13.470000267028809,58900
2011-01-27,3.731990337371826,13.5600004196167,13.59000015258789,13.470000267028809,13.510000228881836,31400
2011-01-28,3.6576807498931885,13.289999961853027,13.630000114440918,13.25,13.630000114440918,42100
2011-01-31,3.687955856323242,13.399999618530273,13.4399995803833,13.260000228881836,13.260000228881836,26400
2011-02-01,3.737494707107544,13.579999923706055,13.640000343322754,13.470000267028809,13.470000267028809,23900
2011-02-02,3.726487398147583,13.539999961853027,13.539999961853027,13.460000038146973,13.460000038146973,15500
2011-02-03,3.72373366355896,13.529999732971191,13.619999885559082,13.4399995803833,13.460000038146973,70300
2011-02-04,3.731990337371826,13.5600004196167,13.5600004196167,13.420000076293945,13.489999771118164,28700
2011-02-07,3.729238748550415,13.550000190734863,13.600000381469727,13.380000114440918,13.479999542236328,51800
2011-02-08,3.7485034465789795,13.619999885559082,13.619999885559082,13.510000228881836,13.510000228881836,26200
2011-02-09,3.7485034465789795,13.619999885559082,13.630000114440918,13.579999923706055,13.619999885559082,20500
2011-02-10,3.729238748550415,13.550000190734863,13.569999694824219,13.430000305175781,13.489999771118164,25900
2011-02-11,3.731990337371826,13.5600004196167,13.579999923706055,13.420000076293945,13.460000038146973,29400
2011-02-14,3.734741687774658,13.569999694824219,13.579999923706055,13.4399995803833,13.569999694824219,6000
2011-02-15,3.7457516193389893,13.609999656677246,13.649999618530273,13.470000267028809,13.470000267028809,22500
2011-02-16,3.7429986000061035,13.600000381469727,13.630000114440918,13.5,13.59000015258789,29100
2011-02-17,3.79253888130188,13.779999732971191,13.779999732971191,13.569999694824219,13.609999656677246,18100
2011-02-18,3.814556837081909,13.859999656677246,13.890000343322754,13.720000267028809,13.739999771118164,21500
2011-02-22,3.7705211639404297,13.699999809265137,13.800000190734863,13.670000076293945,13.670000076293945,52500
2011-02-23,3.7705211639404297,13.699999809265137,13.829999923706055,13.640000343322754,13.640000343322754,23100
2011-02-24,3.762265682220459,13.670000076293945,13.75,13.579999923706055,13.739999771118164,35200
2011-02-25,3.77602481842041,13.720000267028809,13.739999771118164,13.649999618530273,13.699999809265137,25500
2011-02-28,3.8255646228790283,13.899999618530273,13.899999618530273,13.75,13.779999732971191,39200
2011-03-01,3.8228135108947754,13.890000343322754,13.970000267028809,13.880000114440918,13.880000114440918,54500
2011-03-02,3.9136359691619873,14.220000267028809,14.220000267028809,13.920000076293945,13.960000038146973,66000
2011-03-03,3.905379056930542,14.1899995803833,14.25,14.100000381469727,14.25,33400
2011-03-04,3.8861141204833984,14.119999885559082,14.25,14.039999961853027,14.25,34800
2011-03-07,3.8640966415405273,14.039999961853027,14.1899995803833,14.039999961853027,14.0600004196167,21300
2011-03-08,3.850335121154785,13.989999771118164,14.0600004196167,13.989999771118164,14.039999961853027,26300
2011-03-09,3.8173084259033203,13.869999885559082,14.029999732971191,13.84000015258789,13.979999542236328,23300
2011-03-10,3.7512567043304443,13.630000114440918,13.720000267028809,13.569999694824219,13.649999618530273,39800
2011-03-11,3.729238748550415,13.550000190734863,13.65999984741211,13.529999732971191,13.649999618530273,46700
2011-03-14,3.704468011856079,13.460000038146973,13.550000190734863,13.460000038146973,13.529999732971191,26400
2011-03-15,3.630159378051758,13.1899995803833,13.199999809265137,12.949999809265137,13.109999656677246,40200
2011-03-16,3.60263729095459,13.09000015258789,13.3100004196167,13.0600004196167,13.25,15600
2011-03-17,3.6741943359375,13.350000381469727,13.449999809265137,13.239999771118164,13.25,26700
2011-03-18,3.6796977519989014,13.369999885559082,13.510000228881836,13.329999923706055,13.4399995803833,24800
2011-03-21,3.7512567043304443,13.630000114440918,13.6899995803833,13.470000267028809,13.470000267028809,21800
2011-03-22,3.778777837753296,13.729999542236328,13.800000190734863,13.6899995803833,13.6899995803833,15400
2011-03-23,3.798043727874756,13.800000190734863,13.819999694824219,13.6899995803833,13.75,13800
2011-03-24,3.831070899963379,13.920000076293945,14.0,13.850000381469727,13.850000381469727,20000
2011-03-25,3.798043727874756,13.800000190734863,13.890000343322754,13.779999732971191,13.84000015258789,9400
2011-03-28,3.814556837081909,13.859999656677246,13.899999618530273,13.760000228881836,13.760000228881836,27600
2011-03-29,3.8118042945861816,13.850000381469727,13.890000343322754,13.819999694824219,13.819999694824219,16700
2011-03-30,3.8338217735290527,13.930000305175781,13.960000038146973,13.829999923706055,13.850000381469727,15300
2011-03-31,3.8035478591918945,13.819999694824219,13.899999618530273,13.789999961853027,13.899999618530273,8200
2011-04-01,3.8338217735290527,13.930000305175781,13.970000267028809,13.739999771118164,13.829999923706055,15700
2011-04-04,3.828317880630493,13.90999984741211,13.979999542236328,13.90999984741211,13.930000305175781,9300
2011-04-05,3.8420794010162354,13.960000038146973,13.979999542236328,13.880000114440918,13.880000114440918,12500
2011-04-06,3.858591079711914,14.020000457763672,14.039999961853027,13.989999771118164,13.989999771118164,11100
2011-04-07,3.828317880630493,13.90999984741211,14.0600004196167,13.8100004196167,14.020000457763672,93200
2011-04-08,3.855839729309082,14.010000228881836,14.069999694824219,13.930000305175781,13.949999809265137,46400
2011-04-11,3.8530874252319336,14.0,14.050000190734863,14.0,14.050000190734863,12300
2011-04-12,3.858591079711914,14.020000457763672,14.119999885559082,13.899999618530273,14.0,92400
2011-04-13,3.883362054824829,14.109999656677246,14.140000343322754,14.029999732971191,14.140000343322754,25400
2011-04-14,3.8998754024505615,14.170000076293945,14.199999809265137,14.079999923706055,14.079999923706055,17300
2011-04-15,3.9026265144348145,14.180000305175781,14.229999542236328,14.130000114440918,14.140000343322754,13200
2011-04-18,3.839326858520508,13.949999809265137,14.069999694824219,13.920000076293945,14.069999694824219,14300
2011-04-19,3.891618013381958,14.140000343322754,14.149999618530273,14.050000190734863,14.069999694824219,16300
2011-04-20,3.9521660804748535,14.359999656677246,14.380000114440918,14.1899995803833,14.239999771118164,42200
2011-04-21,3.974184274673462,14.4399995803833,14.479999542236328,14.34000015258789,14.390000343322754,71700
2011-04-25,4.004458904266357,14.550000190734863,14.569999694824219,14.350000381469727,14.350000381469727,25400
2011-04-26,4.007212162017822,14.5600004196167,14.59000015258789,14.470000267028809,14.569999694824219,29000
2011-04-27,4.023723602294922,14.619999885559082,14.619999885559082,14.529999732971191,14.5600004196167,15400
2011-04-28,4.0292277336120605,14.640000343322754,14.640000343322754,14.569999694824219,14.569999694824219,20800
2011-04-29,4.103538990020752,14.90999984741211,14.930000305175781,14.670000076293945,14.670000076293945,58000
2011-05-02,4.109042644500732,14.930000305175781,14.989999771118164,14.90999984741211,14.90999984741211,19000
2011-05-03,4.1310601234436035,15.010000228881836,15.09000015258789,14.9399995803833,14.979999542236328,33000
2011-05-04,4.139317512512207,15.039999961853027,15.149999618530273,15.010000228881836,15.010000228881836,46000
2011-05-05,4.056750297546387,14.739999771118164,14.970000267028809,14.729999542236328,14.970000267028809,26300
2011-05-06,4.051246166229248,14.720000267028809,14.960000038146973,14.6899995803833,14.90999984741211,22900
2011-05-09,4.0870256423950195,14.850000381469727,14.850000381469727,14.720000267028809,14.720000267028809,30000
2011-05-10,4.078769207000732,14.819999694824219,14.829999923706055,14.729999542236328,14.789999961853027,15700
2011-05-11,4.026476860046387,14.630000114440918,14.84000015258789,14.619999885559082,14.84000015258789,14700
2011-05-12,4.040239334106445,14.680000305175781,14.739999771118164,14.640000343322754,14.699999809265137,53000
2011-05-13,4.001707077026367,14.539999961853027,14.710000038146973,14.479999542236328,14.680000305175781,9300
2011-05-16,4.018219947814941,14.600000381469727,14.649999618530273,14.569999694824219,14.579999923706055,63700
2011-05-17,4.023723602294922,14.619999885559082,14.619999885559082,14.479999542236328,14.489999771118164,107200
2011-05-18,4.009963512420654,14.569999694824219,14.640000343322754,14.489999771118164,14.59000015258789,27300
2011-05-19,4.031980514526367,14.649999618530273,14.649999618530273,14.510000228881836,14.539999961853027,17800
2011-05-20,4.0292277336120605,14.640000343322754,14.649999618530273,14.59000015258789,14.649999618530273,24100
2011-05-23,3.960423707962036,14.390000343322754,14.4399995803833,14.319999694824219,14.4399995803833,13100
2011-05-24,3.9769365787506104,14.449999809265137,14.510000228881836,14.390000343322754,14.390000343322754,17600
2011-05-25,4.015467166900635,14.59000015258789,14.65999984741211,14.449999809265137,14.460000038146973,39600
2011-05-26,4.065007209777832,14.770000457763672,14.800000190734863,14.670000076293945,14.670000076293945,36900
2011-05-27,4.106289863586426,14.920000076293945,14.930000305175781,14.880000114440918,14.899999618530273,18800
2011-05-31,4.183351516723633,15.199999809265137,15.199999809265137,15.09000015258789,15.140000343322754,28200
2011-06-01,4.164086818695068,15.130000114440918,15.220000267028809,15.130000114440918,15.1899995803833,39800
2011-06-02,4.191608428955078,15.229999542236328,15.239999771118164,15.149999618530273,15.15999984741211,49700
2011-06-03,4.194362640380859,15.239999771118164,15.239999771118164,15.109999656677246,15.109999656677246,41500
2011-06-06,4.166839122772217,15.140000343322754,15.239999771118164,15.109999656677246,15.239999771118164,25800
2011-06-07,4.180600643157959,15.1899995803833,15.239999771118164,15.140000343322754,15.140000343322754,26400
2011-06-08,4.164086818695068,15.130000114440918,15.170000076293945,15.100000381469727,15.170000076293945,43000
2011-06-09,4.1613335609436035,15.119999885559082,15.229999542236328,15.079999923706055,15.140000343322754,101600
2011-06-10,4.056750297546387,14.739999771118164,15.0,14.680000305175781,14.970000267028809,34500
2011-06-13,4.059503555297852,14.75,14.960000038146973,14.699999809265137,14.699999809265137,57400
2011-06-14,4.089776992797852,14.859999656677246,14.890000343322754,14.789999961853027,14.8100004196167,16300
2011-06-15,4.007212162017822,14.5600004196167,14.75,14.5,14.720000267028809,48700
2011-06-16,3.996202230453491,14.520000457763672,14.609999656677246,14.449999809265137,14.539999961853027,33200
2011-06-17,4.004458904266357,14.550000190734863,14.600000381469727,14.510000228881836,14.579999923706055,39800
2011-06-20,4.001707077026367,14.539999961853027,14.569999694824219,14.510000228881836,14.550000190734863,21000
2011-06-21,4.067759990692139,14.779999732971191,15.100000381469727,14.569999694824219,14.569999694824219,37200
2011-06-22,3.996202230453491,14.520000457763672,14.680000305175781,14.520000457763672,14.670000076293945,32800
2011-06-23,3.9851937294006348,14.479999542236328,14.510000228881836,14.329999923706055,14.5,51100
2011-06-24,3.9769365787506104,14.449999809265137,14.5600004196167,14.40999984741211,14.5600004196167,28600
2011-06-27,4.004458904266357,14.550000190734863,14.5600004196167,14.359999656677246,14.369999885559082,30500
2011-06-28,4.031980514526367,14.649999618530273,14.6899995803833,14.569999694824219,14.569999694824219,36600
2011-06-29,4.070511341094971,14.789999961853027,14.800000190734863,14.699999809265137,14.75,5900
2011-06-30,4.125555992126465,14.989999771118164,14.989999771118164,14.789999961853027,14.789999961853027,15800
2011-07-01,4.031980514526367,14.649999618530273,14.899999618530273,14.470000267028809,14.899999618530273,55800
2011-07-05,4.0429887771606445,14.6899995803833,14.949999809265137,14.649999618530273,14.949999809265137,47100
2011-07-06,4.051246166229248,14.720000267028809,14.779999732971191,14.699999809265137,14.770000457763672,34300
2011-07-07,4.098033905029297,14.890000343322754,14.899999618530273,14.729999542236328,14.729999542236328,88200
2011-07-08,4.089776992797852,14.859999656677246,14.869999885559082,14.75,14.819999694824219,10200
2011-07-11,4.045742034912109,14.699999809265137,14.789999961853027,14.649999618530273,14.710000038146973,38400
2011-07-12,4.0292277336120605,14.640000343322754,14.739999771118164,14.630000114440918,14.720000267028809,34800
2011-07-13,4.051246166229248,14.720000267028809,14.75,14.569999694824219,14.65999984741211,49000
2011-07-14,4.0484938621521,14.710000038146973,14.75,14.630000114440918,14.75,44400
2011-07-15,4.0292277336120605,14.640000343322754,14.779999732971191,14.619999885559082,14.6899995803833,16300
2011-07-18,3.9659271240234375,14.40999984741211,14.59000015258789,14.34000015258789,14.550000190734863,56000
2011-07-19,3.9714322090148926,14.430000305175781,14.600000381469727,14.430000305175781,14.600000381469727,61600
2011-07-20,4.004458904266357,14.550000190734863,14.640000343322754,14.520000457763672,14.520000457763672,46500
2011-07-21,4.099554061889648,14.140000343322754,14.140000343322754,13.90999984741211,13.989999771118164,92400
2011-07-22,4.073461055755615,14.050000190734863,14.229999542236328,14.0,14.210000038146973,134500
2011-07-25,4.053166389465332,13.979999542236328,14.119999885559082,13.850000381469727,13.949999809265137,79900
2011-07-26,4.058964729309082,14.0,14.050000190734863,13.989999771118164,14.010000228881836,29700
2011-07-27,3.998079299926758,13.789999961853027,14.0,13.75,14.0,44800
2011-07-28,3.9922821521759033,13.770000457763672,13.859999656677246,13.75,13.75,23300
2011-07-29,4.015477180480957,13.850000381469727,13.9399995803833,13.670000076293945,13.75,53700
2011-08-01,4.021273612976074,13.869999885559082,14.039999961853027,13.6899995803833,14.039999961853027,36500
2011-08-02,4.012576580047607,13.84000015258789,13.899999618530273,13.760000228881836,13.859999656677246,76800
2011-08-03,3.9806854724884033,13.729999542236328,13.960000038146973,13.619999885559082,13.850000381469727,16300
2011-08-04,3.8270232677459717,13.199999809265137,13.619999885559082,13.0,13.619999885559082,78400
2011-08-05,3.7864344120025635,13.0600004196167,13.319999694824219,12.729999542236328,13.239999771118164,57900
2011-08-08,3.5457956790924072,12.229999542236328,12.5600004196167,12.149999618530273,12.5600004196167,126600
2011-08-09,3.7284486293792725,12.859999656677246,12.989999771118164,12.229999542236328,12.470000267028809,55200
2011-08-10,3.59798264503479,12.40999984741211,12.75,12.40999984741211,12.75,72800
2011-08-11,3.7342469692230225,12.880000114440918,12.9399995803833,12.300000190734863,12.300000190734863,36500
2011-08-12,3.745844602584839,12.920000076293945,13.119999885559082,12.850000381469727,12.930000305175781,32300
2011-08-15,3.774837017059326,13.020000457763672,13.180000305175781,12.9399995803833,13.0600004196167,34700
2011-08-16,3.7371466159820557,12.890000343322754,12.930000305175781,12.829999923706055,12.920000076293945,24000
2011-08-17,3.7719390392303467,13.010000228881836,13.100000381469727,12.979999542236328,12.979999542236328,21800
2011-08-18,3.661766529083252,12.630000114440918,12.949999809265137,12.4399995803833,12.720000267028809,53700
2011-08-19,3.612478494644165,12.460000038146973,12.619999885559082,12.359999656677246,12.529999732971191,14400
2011-08-22,3.5805881023406982,12.350000381469727,12.729999542236328,12.350000381469727,12.649999618530273,37600
2011-08-23,3.6414713859558105,12.5600004196167,12.649999618530273,12.510000228881836,12.510000228881836,29200
2011-08-24,3.658867120742798,12.619999885559082,12.789999961853027,12.5600004196167,12.630000114440918,32300
2011-08-25,3.59798264503479,12.40999984741211,12.640000343322754,12.350000381469727,12.640000343322754,3000
2011-08-26,3.5834860801696777,12.359999656677246,12.430000305175781,12.289999961853027,12.369999885559082,16800
2011-08-29,3.6414713859558105,12.5600004196167,12.5600004196167,12.449999809265137,12.5600004196167,21600
2011-08-30,3.6443707942962646,12.569999694824219,12.569999694824219,12.380000114440918,12.460000038146973,79300
2011-08-31,3.6791610717773438,12.6899995803833,12.789999961853027,12.609999656677246,12.609999656677246,83900
2011-09-01,3.7255501747131348,12.850000381469727,12.850000381469727,12.760000228881836,12.760000228881836,42200
2011-09-02,3.667562961578369,12.649999618530273,12.720000267028809,12.5,12.5,27800
2011-09-06,3.5805881023406982,12.350000381469727,12.4399995803833,11.739999771118164,12.029999732971191,125000
2011-09-07,3.5631911754608154,12.289999961853027,12.399999618530273,12.170000076293945,12.399999618530273,71700
2011-09-08,3.470414876937866,11.970000267028809,12.199999809265137,11.9399995803833,12.15999984741211,28700
2011-09-09,3.371840000152588,11.630000114440918,11.84000015258789,11.329999923706055,11.829999923706055,69700
2011-09-12,3.308055877685547,11.40999984741211,11.430000305175781,11.0,11.300000190734863,75800
2011-09-13,3.351545572280884,11.5600004196167,11.609999656677246,11.329999923706055,11.329999923706055,41800
2011-09-14,3.3979339599609375,11.720000267028809,11.739999771118164,11.460000038146973,11.680000305175781,27100
2011-09-15,3.3950343132019043,11.710000038146973,11.869999885559082,11.619999885559082,11.869999885559082,19900
2011-09-16,3.41243052482605,11.770000457763672,11.8100004196167,11.720000267028809,11.720000267028809,23000
2011-09-19,3.3370485305786133,11.510000228881836,11.600000381469727,11.34000015258789,11.550000190734863,18800
2011-09-20,3.334150552749634,11.5,11.569999694824219,11.430000305175781,11.4399995803833,22300
2011-09-21,3.290661334991455,11.350000381469727,11.510000228881836,11.350000381469727,11.5,32400
2011-09-22,3.1920859813690186,11.010000228881836,11.229999542236328,10.90999984741211,11.119999885559082,43100
2011-09-23,3.1775901317596436,10.960000038146973,11.039999961853027,10.859999656677246,10.869999885559082,23100
2011-09-26,3.250070571899414,11.210000038146973,11.210000038146973,10.9399995803833,10.989999771118164,58700
2011-09-27,3.3022570610046387,11.390000343322754,11.520000457763672,11.350000381469727,11.350000381469727,69800
2011-09-28,3.2848622798919678,11.329999923706055,11.489999771118164,11.3100004196167,11.319999694824219,32700
2011-09-29,3.3167543411254883,11.4399995803833,11.720000267028809,11.399999618530273,11.5,79300
2011-09-30,3.2442729473114014,11.1899995803833,11.260000228881836,11.109999656677246,11.170000076293945,90900
2011-10-03,3.16599178314209,10.920000076293945,11.149999618530273,10.920000076293945,11.020000457763672,69500
2011-10-04,3.2036828994750977,11.050000190734863,11.069999694824219,10.800000190734863,10.899999618530273,29200
2011-10-05,3.247171401977539,11.199999809265137,11.199999809265137,10.770000457763672,10.880000114440918,60800
2011-10-06,3.2848622798919678,11.329999923706055,11.380000114440918,11.079999923706055,11.09000015258789,37000
2011-10-07,3.2790632247924805,11.3100004196167,11.399999618530273,11.239999771118164,11.260000228881836,73800
2011-10-10,3.3979339599609375,11.720000267028809,11.720000267028809,11.479999542236328,11.479999542236328,20600
2011-10-11,3.374739646911621,11.640000343322754,11.670000076293945,11.460000038146973,11.539999961853027,22900
2011-10-12,3.4240264892578125,11.8100004196167,11.920000076293945,11.699999809265137,11.699999809265137,22800
2011-10-13,3.409532070159912,11.760000228881836,11.859999656677246,11.699999809265137,11.710000038146973,15400
2011-10-14,3.438523054122925,11.859999656677246,11.90999984741211,11.859999656677246,11.869999885559082,11600
2011-10-17,3.363142490386963,11.600000381469727,11.779999732971191,11.600000381469727,11.739999771118164,15800
2011-10-18,3.4327237606048584,11.84000015258789,11.890000343322754,11.479999542236328,11.520000457763672,24000
2011-10-19,3.363142490386963,11.600000381469727,11.729999542236328,11.5600004196167,11.710000038146973,17000
2011-10-20,3.39213490486145,11.699999809265137,11.859999656677246,11.65999984741211,11.699999809265137,43200
2011-10-21,3.458818197250366,11.930000305175781,11.970000267028809,11.899999618530273,11.899999618530273,24100
2011-10-24,3.4646151065826416,11.949999809265137,11.989999771118164,11.819999694824219,11.819999694824219,38400
2011-10-25,3.3544440269470215,11.569999694824219,11.930000305175781,11.5600004196167,11.930000305175781,60500
2011-10-26,3.351545572280884,11.5600004196167,11.760000228881836,11.489999771118164,11.729999542236328,111200
2011-10-27,3.49940824508667,12.069999694824219,12.119999885559082,11.90999984741211,11.90999984741211,37100
2011-10-28,3.4907097816467285,12.039999961853027,12.0600004196167,11.970000267028809,12.0600004196167,36900
2011-10-31,3.3660411834716797,11.609999656677246,11.859999656677246,11.59000015258789,11.850000381469727,24300
2011-11-01,3.3109560012817383,11.420000076293945,11.609999656677246,11.09000015258789,11.149999618530273,51600
2011-11-02,3.3544440269470215,11.569999694824219,11.670000076293945,11.489999771118164,11.520000457763672,38500
2011-11-03,3.4211275577545166,11.800000190734863,11.899999618530273,11.59000015258789,11.630000114440918,23700
2011-11-04,3.3660411834716797,11.609999656677246,11.699999809265137,11.520000457763672,11.619999885559082,15400
2011-11-07,3.3022570610046387,11.390000343322754,11.510000228881836,11.369999885559082,11.510000228881836,48100
2011-11-08,3.334150552749634,11.5,11.579999923706055,11.369999885559082,11.529999732971191,32300
2011-11-09,3.2181801795959473,11.100000381469727,11.220000267028809,11.010000228881836,11.220000267028809,24600
2011-11-10,3.2326760292053223,11.149999618530273,11.229999542236328,11.119999885559082,11.210000038146973,35900
2011-11-11,3.2645678520202637,11.260000228881836,11.390000343322754,11.260000228881836,11.300000190734863,28800
2011-11-14,3.2065820693969727,11.0600004196167,11.220000267028809,11.0600004196167,11.100000381469727,55900
2011-11-15,3.2210776805877686,11.109999656677246,11.130000114440918,11.010000228881836,11.010000228881836,20600
2011-11-16,3.1862869262695312,10.989999771118164,11.079999923706055,10.979999542236328,11.020000457763672,25500
2011-11-17,3.16599178314209,10.920000076293945,11.09000015258789,10.90999984741211,11.050000190734863,18000
2011-11-18,3.16599178314209,10.920000076293945,11.020000457763672,10.90999984741211,10.979999542236328,28800
2011-11-21,3.1080069541931152,10.720000267028809,10.859999656677246,10.670000076293945,10.859999656677246,25900
2011-11-22,3.1022093296051025,10.699999809265137,10.75,10.479999542236328,10.710000038146973,30900
2011-11-23,3.026827812194824,10.4399995803833,10.619999885559082,10.390000343322754,10.609999656677246,48000
2011-11-25,3.026827812194824,10.4399995803833,10.489999771118164,10.430000305175781,10.430000305175781,40900
2011-11-28,3.081913709640503,10.630000114440918,10.800000190734863,10.609999656677246,10.760000228881836,44900
2011-11-29,3.0906121730804443,10.65999984741211,10.800000190734863,10.640000343322754,10.65999984741211,50800
2011-11-30,3.200784206390381,11.039999961853027,11.0600004196167,10.949999809265137,10.960000038146973,75600
2011-12-01,3.2036828994750977,11.050000190734863,11.149999618530273,11.010000228881836,11.050000190734863,32700
2011-12-02,3.226876735687256,11.130000114440918,11.1899995803833,11.09000015258789,11.1899995803833,57400
2011-12-05,3.2587690353393555,11.239999771118164,11.239999771118164,11.149999618530273,11.199999809265137,66400
2011-12-06,3.235574960708618,11.15999984741211,11.199999809265137,11.109999656677246,11.140000343322754,39200
2011-12-07,3.2848622798919678,11.329999923706055,11.359999656677246,11.170000076293945,11.210000038146973,70200
2011-12-08,3.22397780418396,11.119999885559082,11.239999771118164,11.109999656677246,11.239999771118164,33400
2011-12-09,3.2703659534454346,11.279999732971191,11.319999694824219,11.170000076293945,11.170000076293945,33600
2011-12-12,3.209481954574585,11.069999694824219,11.25,11.029999732971191,11.25,66600
2011-12-13,3.1833889484405518,10.979999542236328,11.130000114440918,10.979999542236328,11.0600004196167,54500
2011-12-14,3.1601943969726562,10.899999618530273,10.989999771118164,10.850000381469727,10.979999542236328,48600
2011-12-15,3.1601943969726562,10.899999618530273,11.170000076293945,10.880000114440918,11.039999961853027,101100
2011-12-16,3.190297842025757,9.75,9.970000267028809,9.75,9.760000228881836,106500
2011-12-19,3.193568706512451,9.760000228881836,9.890000343322754,9.6899995803833,9.779999732971191,64000
2011-12-20,3.2426507472991943,9.90999984741211,9.9399995803833,9.850000381469727,9.890000343322754,47800
2011-12-21,3.2230188846588135,9.850000381469727,9.859999656677246,9.819999694824219,9.829999923706055,24100
2011-12-22,3.2426507472991943,9.90999984741211,9.920000076293945,9.850000381469727,9.899999618530273,57900
2011-12-23,3.255739450454712,9.949999809265137,9.979999542236328,9.899999618530273,9.920000076293945,62200
2011-12-27,3.255739450454712,9.949999809265137,9.979999542236328,9.930000305175781,9.949999809265137,69600
2011-12-28,3.249194860458374,9.930000305175781,9.989999771118164,9.920000076293945,9.949999809265137,63700
2011-12-29,3.255739450454712,9.949999809265137,10.0,9.899999618530273,9.899999618530273,79400
2011-12-30,3.255739450454712,9.949999809265137,10.010000228881836,9.90999984741211,10.0,75500
2012-01-03,3.3473570346832275,10.229999542236328,10.279999732971191,10.119999885559082,10.119999885559082,41500
2012-01-04,3.324453830718994,10.15999984741211,10.229999542236328,10.140000343322754,10.149999618530273,32000
2012-01-05,3.304821014404297,10.100000381469727,10.130000114440918,9.960000038146973,10.069999694824219,19600
2012-01-06,3.3113646507263184,10.119999885559082,10.130000114440918,10.039999961853027,10.079999923706055,24000
2012-01-09,3.3080928325653076,10.109999656677246,10.1899995803833,10.069999694824219,10.1899995803833,26300
2012-01-10,3.334268808364868,10.1899995803833,10.239999771118164,10.140000343322754,10.149999618530273,29100
2012-01-11,3.324453830718994,10.15999984741211,10.180000305175781,10.079999923706055,10.119999885559082,19600
2012-01-12,3.3309972286224365,10.180000305175781,10.239999771118164,10.15999984741211,10.15999984741211,27500
2012-01-13,3.324453830718994,10.15999984741211,10.180000305175781,10.039999961853027,10.079999923706055,26100
2012-01-17,3.324453830718994,10.15999984741211,10.25,10.130000114440918,10.220000267028809,44000
2012-01-18,3.376807451248169,10.319999694824219,10.34000015258789,10.260000228881836,10.260000228881836,33000
2012-01-19,3.419344186782837,10.449999809265137,10.460000038146973,10.359999656677246,10.359999656677246,38100
2012-01-20,3.419344186782837,10.449999809265137,10.470000267028809,10.390000343322754,10.460000038146973,39200
2012-01-23,3.4553375244140625,10.5600004196167,10.59000015258789,10.489999771118164,10.510000228881836,21700
2012-01-24,3.468425989151001,10.600000381469727,10.619999885559082,10.4399995803833,10.4399995803833,43700
2012-01-25,3.4847865104675293,10.649999618530273,10.680000305175781,10.470000267028809,10.529999732971191,21900
2012-01-26,3.488058567047119,10.65999984741211,10.720000267028809,10.619999885559082,10.670000076293945,56300
2012-01-27,3.5109622478485107,10.729999542236328,10.800000190734863,10.649999618530273,10.680000305175781,48000
2012-01-30,3.458608865737915,10.569999694824219,10.609999656677246,10.5,10.59000015258789,52200
2012-01-31,3.4651541709899902,10.59000015258789,10.640000343322754,10.5600004196167,10.59000015258789,20800
2012-02-01,3.5273239612579346,10.779999732971191,10.8100004196167,10.720000267028809,10.720000267028809,30900
2012-02-02,3.550227642059326,10.850000381469727,10.880000114440918,10.75,10.84000015258789,44700
2012-02-03,3.56986141204834,10.90999984741211,10.949999809265137,10.84000015258789,10.899999618530273,79500
2012-02-06,3.566589117050171,10.899999618530273,10.899999618530273,10.819999694824219,10.84000015258789,17700
2012-02-07,3.576404571533203,10.930000305175781,10.960000038146973,10.869999885559082,10.869999885559082,99700
2012-02-08,3.5829498767852783,10.949999809265137,10.960000038146973,10.920000076293945,10.949999809265137,97100
2012-02-09,3.586221933364868,10.960000038146973,11.039999961853027,10.949999809265137,10.960000038146973,102200
2012-02-10,3.563316822052002,10.890000343322754,10.920000076293945,10.819999694824219,10.84000015258789,26700
2012-02-13,3.599309206008911,11.0,11.0600004196167,10.930000305175781,10.930000305175781,45700
2012-02-14,3.5829498767852783,10.949999809265137,10.989999771118164,10.90999984741211,10.90999984741211,36200
2012-02-15,3.60585355758667,11.020000457763672,11.039999961853027,10.979999542236328,11.0,43500
2012-02-16,3.6222145557403564,11.069999694824219,11.130000114440918,10.949999809265137,10.949999809265137,25800
2012-02-17,3.6418466567993164,11.130000114440918,11.15999984741211,11.050000190734863,11.050000190734863,51800
2012-02-21,3.661479949951172,11.1899995803833,11.529999732971191,11.130000114440918,11.130000114440918,53700
2012-02-22,3.6418466567993164,11.130000114440918,11.170000076293945,11.119999885559082,11.140000343322754,15200
2012-02-23,3.661479949951172,11.1899995803833,11.199999809265137,11.09000015258789,11.109999656677246,57100
2012-02-24,3.654935121536255,11.170000076293945,11.279999732971191,11.149999618530273,11.149999618530273,33700
2012-02-27,3.6647517681121826,11.199999809265137,11.210000038146973,11.0600004196167,11.0600004196167,13300
2012-02-28,3.6745669841766357,11.229999542236328,11.239999771118164,11.149999618530273,11.180000305175781,7800
2012-02-29,3.638575315475464,11.119999885559082,11.270000457763672,11.09000015258789,11.199999809265137,22400
2012-03-01,3.6712961196899414,11.220000267028809,11.239999771118164,11.109999656677246,11.140000343322754,24000
2012-03-02,3.6647517681121826,11.199999809265137,11.199999809265137,11.069999694824219,11.140000343322754,32200
2012-03-05,3.638575315475464,11.119999885559082,11.220000267028809,11.119999885559082,11.140000343322754,88200
2012-03-06,3.560045003890991,10.880000114440918,10.989999771118164,10.880000114440918,10.930000305175781,76900
2012-03-07,3.576404571533203,10.930000305175781,10.989999771118164,10.930000305175781,10.970000267028809,21700
2012-03-08,3.6222145557403564,11.069999694824219,11.199999809265137,11.039999961853027,11.050000190734863,64100
2012-03-09,3.6091256141662598,11.029999732971191,11.09000015258789,11.0,11.010000228881836,16400
2012-03-12,3.60585355758667,11.020000457763672,11.100000381469727,10.989999771118164,11.100000381469727,24900
2012-03-13,3.6320316791534424,11.100000381469727,11.119999885559082,11.010000228881836,11.010000228881836,76300
2012-03-14,3.612398624420166,11.039999961853027,11.109999656677246,11.0,11.109999656677246,19500
2012-03-15,3.6353020668029785,11.109999656677246,11.109999656677246,11.039999961853027,11.0600004196167,32000
2012-03-16,3.658207654953003,11.180000305175781,11.229999542236328,11.109999656677246,11.109999656677246,30200
2012-03-19,3.6909282207489014,11.279999732971191,11.300000190734863,11.069999694824219,11.069999694824219,30600
2012-03-20,3.654935121536255,11.170000076293945,11.220000267028809,11.119999885559082,11.119999885559082,13900
2012-03-21,3.658207654953003,11.180000305175781,11.210000038146973,11.100000381469727,11.170000076293945,57500
2012-03-22,3.628758430480957,11.09000015258789,11.130000114440918,11.079999923706055,11.130000114440918,27700
2012-03-23,3.638575315475464,11.119999885559082,11.170000076293945,11.079999923706055,11.140000343322754,39600
2012-03-26,3.681112051010132,11.25,11.260000228881836,11.170000076293945,11.170000076293945,22200
2012-03-27,3.6712961196899414,11.220000267028809,11.260000228881836,11.210000038146973,11.239999771118164,54600
2012-03-28,3.6712961196899414,11.220000267028809,11.239999771118164,11.149999618530273,11.220000267028809,41400
2012-03-29,3.6320316791534424,11.100000381469727,11.130000114440918,11.079999923706055,11.09000015258789,19900
2012-03-30,3.6680243015289307,11.210000038146973,11.239999771118164,11.15999984741211,11.15999984741211,16100
2012-04-02,3.6974732875823975,11.300000190734863,11.300000190734863,11.210000038146973,11.210000038146973,61900
2012-04-03,3.6974732875823975,11.300000190734863,11.319999694824219,11.229999542236328,11.239999771118164,141900
2012-04-04,3.6451191902160645,11.140000343322754,11.140000343322754,11.050000190734863,11.140000343322754,31100
2012-04-05,3.615670919418335,11.050000190734863,11.09000015258789,11.039999961853027,11.0600004196167,30900
2012-04-09,3.592766761779785,10.979999542236328,10.989999771118164,10.899999618530273,10.989999771118164,37000
2012-04-10,3.5469582080841064,10.84000015258789,10.960000038146973,10.8100004196167,10.920000076293945,32700
2012-04-11,3.563316822052002,10.890000343322754,10.960000038146973,10.880000114440918,10.90999984741211,23400
2012-04-12,3.5960371494293213,10.989999771118164,11.050000190734863,10.9399995803833,10.9399995803833,45500
2012-04-13,3.556772232055664,10.869999885559082,10.890000343322754,10.800000190734863,10.829999923706055,12900
2012-04-16,3.556772232055664,10.869999885559082,10.9399995803833,10.84000015258789,10.84000015258789,41800
2012-04-17,3.576404571533203,10.930000305175781,10.970000267028809,10.930000305175781,10.960000038146973,36600
2012-04-18,3.573132276535034,10.920000076293945,10.930000305175781,10.899999618530273,10.930000305175781,41200
2012-04-19,3.573132276535034,10.920000076293945,10.970000267028809,10.90999984741211,10.960000038146973,39300
2012-04-20,3.615670919418335,11.050000190734863,11.079999923706055,10.970000267028809,10.970000267028809,39900
2012-04-23,3.566589117050171,10.899999618530273,10.90999984741211,10.84000015258789,10.890000343322754,20300
2012-04-24,3.566589117050171,10.899999618530273,10.9399995803833,10.899999618530273,10.90999984741211,28900
2012-04-25,3.612398624420166,11.039999961853027,11.039999961853027,10.979999542236328,11.010000228881836,18000
2012-04-26,3.5960371494293213,10.989999771118164,11.020000457763672,10.930000305175781,10.930000305175781,27300
2012-04-27,3.6189420223236084,11.0600004196167,11.09000015258789,10.960000038146973,10.960000038146973,45200
2012-04-30,3.592766761779785,10.979999542236328,11.039999961853027,10.970000267028809,11.010000228881836,20000
2012-05-01,3.612398624420166,11.039999961853027,11.0600004196167,11.039999961853027,11.050000190734863,17100
2012-05-02,3.60585355758667,11.020000457763672,11.029999732971191,10.90999984741211,11.010000228881836,32000
2012-05-03,3.5960371494293213,10.989999771118164,11.020000457763672,10.949999809265137,11.010000228881836,20000
2012-05-04,3.560045003890991,10.880000114440918,10.960000038146973,10.8100004196167,10.90999984741211,28800
2012-05-07,3.5436837673187256,10.829999923706055,10.869999885559082,10.8100004196167,10.8100004196167,22000
2012-05-08,3.4651541709899902,10.59000015258789,10.8100004196167,10.59000015258789,10.8100004196167,76800
2012-05-09,3.4291608333587646,10.479999542236328,10.5,10.390000343322754,10.40999984741211,35000
2012-05-10,3.4095277786254883,10.420000076293945,10.489999771118164,10.420000076293945,10.460000038146973,17600
2012-05-11,3.422616481781006,10.460000038146973,10.470000267028809,10.329999923706055,10.329999923706055,20000
2012-05-14,3.363718271255493,10.279999732971191,10.329999923706055,10.270000457763672,10.319999694824219,22300
2012-05-15,3.334268808364868,10.1899995803833,10.270000457763672,10.180000305175781,10.270000457763672,15000
2012-05-16,3.295004367828369,10.069999694824219,10.229999542236328,10.050000190734863,10.180000305175781,36000
2012-05-17,3.2753729820251465,10.010000228881836,10.119999885559082,10.010000228881836,10.109999656677246,28300
2012-05-18,3.2786436080932617,10.020000457763672,10.079999923706055,10.0,10.029999732971191,33300
2012-05-21,3.2851877212524414,10.039999961853027,10.449999809265137,10.010000228881836,10.0600004196167,50600
2012-05-22,3.2688281536102295,9.989999771118164,10.119999885559082,9.989999771118164,10.069999694824219,54000
2012-05-23,3.281916618347168,10.029999732971191,10.039999961853027,9.920000076293945,10.0,52000
2012-05-24,3.2884604930877686,10.050000190734863,10.050000190734863,9.970000267028809,10.029999732971191,28600
2012-05-25,3.2917325496673584,10.0600004196167,10.0600004196167,10.0,10.020000457763672,29200
2012-05-29,3.298276901245117,10.079999923706055,10.180000305175781,10.050000190734863,10.170000076293945,14100
2012-05-30,3.255739450454712,9.949999809265137,10.0600004196167,9.949999809265137,10.050000190734863,24900
2012-05-31,3.2524678707122803,9.9399995803833,10.0,9.899999618530273,10.0,13300
2012-06-01,3.2033863067626953,9.789999961853027,9.850000381469727,9.739999771118164,9.819999694824219,34000
2012-06-04,3.157576560974121,9.649999618530273,9.8100004196167,9.609999656677246,9.8100004196167,84400
2012-06-05,3.1412155628204346,9.600000381469727,9.670000076293945,9.600000381469727,9.65999984741211,38900
2012-06-06,3.18048095703125,9.720000267028809,9.75,9.680000305175781,9.6899995803833,155100
2012-06-07,3.1968419551849365,9.770000457763672,9.84000015258789,9.739999771118164,9.84000015258789,98500
2012-06-08,3.200112819671631,9.779999732971191,9.8100004196167,9.670000076293945,9.670000076293945,42500
2012-06-11,3.190297842025757,9.75,9.890000343322754,9.75,9.890000343322754,38300
2012-06-12,3.304821014404297,10.100000381469727,10.100000381469727,9.729999542236328,9.729999542236328,31200
2012-06-13,3.2230188846588135,9.850000381469727,9.930000305175781,9.8100004196167,9.890000343322754,60600
2012-06-14,3.245922327041626,9.920000076293945,9.920000076293945,9.819999694824219,9.819999694824219,33900
2012-06-15,3.255739450454712,9.949999809265137,9.960000038146973,9.859999656677246,9.859999656677246,54300
2012-06-18,3.2622830867767334,9.970000267028809,9.979999542236328,9.869999885559082,9.869999885559082,31000
2012-06-19,3.304821014404297,10.100000381469727,10.100000381469727,10.020000457763672,10.0600004196167,68000
2012-06-20,3.314636707305908,10.130000114440918,10.130000114440918,10.029999732971191,10.029999732971191,23900
2012-06-21,3.2786436080932617,10.020000457763672,10.1899995803833,10.020000457763672,10.1899995803833,74300
2012-06-22,3.3113646507263184,10.119999885559082,10.130000114440918,10.010000228881836,10.050000190734863,23700
2012-06-25,3.2230188846588135,9.850000381469727,9.979999542236328,9.819999694824219,9.979999542236328,49200
2012-06-26,3.2426507472991943,9.90999984741211,9.960000038146973,9.850000381469727,9.850000381469727,23700
2012-06-27,3.255739450454712,9.949999809265137,9.979999542236328,9.890000343322754,9.890000343322754,9800
2012-06-28,3.2524678707122803,9.9399995803833,9.9399995803833,9.800000190734863,9.819999694824219,57800
2012-06-29,3.314636707305908,10.130000114440918,10.170000076293945,10.079999923706055,10.079999923706055,39700
2012-07-02,3.3604462146759033,10.270000457763672,10.329999923706055,10.15999984741211,10.15999984741211,44000
2012-07-03,3.3833513259887695,10.34000015258789,10.380000114440918,10.239999771118164,10.239999771118164,92400
2012-07-05,3.3702619075775146,10.300000190734863,10.34000015258789,10.180000305175781,10.229999542236328,45000
2012-07-06,3.327725648880005,10.170000076293945,10.229999542236328,10.119999885559082,10.220000267028809,36100
2012-07-09,3.3211820125579834,10.149999618530273,10.1899995803833,10.140000343322754,10.1899995803833,43700
2012-07-10,3.314636707305908,10.130000114440918,10.220000267028809,10.109999656677246,10.210000038146973,34600
2012-07-11,3.314636707305908,10.130000114440918,10.199999809265137,10.09000015258789,10.100000381469727,16700
2012-07-12,3.3015477657318115,10.09000015258789,10.09000015258789,10.0,10.079999923706055,7900
2012-07-13,3.327725648880005,10.170000076293945,10.180000305175781,10.09000015258789,10.09000015258789,9500
2012-07-16,3.3211820125579834,10.149999618530273,10.180000305175781,10.109999656677246,10.180000305175781,23400
2012-07-17,3.327725648880005,10.170000076293945,10.1899995803833,10.140000343322754,10.149999618530273,16400
2012-07-18,3.37353515625,10.3100004196167,10.3100004196167,10.180000305175781,10.180000305175781,16800
2012-07-19,3.3702619075775146,10.300000190734863,10.350000381469727,10.279999732971191,10.350000381469727,11300
2012-07-20,3.3375425338745117,10.199999809265137,10.239999771118164,10.149999618530273,10.239999771118164,20400
2012-07-23,3.2936272621154785,10.050000190734863,10.0600004196167,9.930000305175781,10.020000457763672,40000
2012-07-24,3.2510228157043457,9.920000076293945,10.050000190734863,9.880000114440918,9.989999771118164,40600
2012-07-25,3.267409086227417,9.970000267028809,10.029999732971191,9.960000038146973,10.0,25600
2012-07-26,3.310013771057129,10.100000381469727,10.180000305175781,10.0600004196167,10.170000076293945,57600
2012-07-27,3.3886663913726807,10.34000015258789,10.350000381469727,10.180000305175781,10.210000038146973,55900
2012-07-30,3.3853893280029297,10.329999923706055,10.350000381469727,10.25,10.25,51000
2012-07-31,3.3788344860076904,10.3100004196167,10.359999656677246,10.279999732971191,10.279999732971191,45500
2012-08-01,3.39194393157959,10.350000381469727,10.369999885559082,10.289999961853027,10.289999961853027,20200
2012-08-02,3.3526158332824707,10.229999542236328,10.329999923706055,10.210000038146973,10.289999961853027,28400
2012-08-03,3.3690035343170166,10.279999732971191,10.40999984741211,10.260000228881836,10.359999656677246,36100
2012-08-06,3.405052900314331,10.390000343322754,10.40999984741211,10.25,10.25,59700
2012-08-07,3.4312708377838135,10.470000267028809,10.489999771118164,10.359999656677246,10.359999656677246,79100
2012-08-08,3.4312708377838135,10.470000267028809,10.470000267028809,10.350000381469727,10.390000343322754,31000
2012-08-09,3.441102981567383,10.5,10.529999732971191,10.460000038146973,10.5,48000
2012-08-10,3.4509334564208984,10.529999732971191,10.529999732971191,10.430000305175781,10.4399995803833,29100
2012-08-13,3.454211950302124,10.539999961853027,10.539999961853027,10.420000076293945,10.520000457763672,36100
2012-08-14,3.457489252090454,10.550000190734863,10.5600004196167,10.479999542236328,10.529999732971191,13400
2012-08-15,3.4476563930511475,10.520000457763672,10.569999694824219,10.449999809265137,10.460000038146973,22200
2012-08-16,3.454211950302124,10.539999961853027,10.600000381469727,10.470000267028809,10.470000267028809,24900
2012-08-17,3.473875045776367,10.600000381469727,10.609999656677246,10.5,10.510000228881836,8300
2012-08-20,3.457489252090454,10.550000190734863,10.59000015258789,10.529999732971191,10.550000190734863,21900
2012-08-21,3.4705982208251953,10.59000015258789,10.649999618530273,10.569999694824219,10.609999656677246,17800
2012-08-22,3.467320680618286,10.579999923706055,10.609999656677246,10.550000190734863,10.5600004196167,23000
2012-08-23,3.4509334564208984,10.529999732971191,10.569999694824219,10.479999542236328,10.529999732971191,42600
2012-08-24,3.4705982208251953,10.59000015258789,10.59000015258789,10.479999542236328,10.479999542236328,31800
2012-08-27,3.467320680618286,10.579999923706055,10.609999656677246,10.529999732971191,10.529999732971191,9100
2012-08-28,3.467320680618286,10.579999923706055,10.630000114440918,10.550000190734863,10.600000381469727,30100
2012-08-29,3.4378247261047363,10.489999771118164,10.600000381469727,10.489999771118164,10.600000381469727,15700
2012-08-30,3.411606788635254,10.40999984741211,10.489999771118164,10.399999618530273,10.460000038146973,33300
2012-08-31,3.4279932975769043,10.460000038146973,10.550000190734863,10.4399995803833,10.550000190734863,39600
2012-09-04,3.4476563930511475,10.520000457763672,10.520000457763672,10.4399995803833,10.4399995803833,18100
2012-09-05,3.4312708377838135,10.470000267028809,10.529999732971191,10.449999809265137,10.529999732971191,17700
2012-09-06,3.4902610778808594,10.649999618530273,10.649999618530273,10.539999961853027,10.539999961853027,40800
2012-09-07,3.50992488861084,10.710000038146973,10.729999542236328,10.680000305175781,10.680000305175781,33100
2012-09-10,3.5033698081970215,10.6899995803833,10.710000038146973,10.65999984741211,10.710000038146973,31500
2012-09-11,3.532864809036255,10.779999732971191,10.800000190734863,10.6899995803833,10.6899995803833,51700
2012-09-12,3.5459749698638916,10.819999694824219,10.829999923706055,10.760000228881836,10.760000228881836,38600
2012-09-13,3.5721921920776367,10.899999618530273,10.90999984741211,10.739999771118164,10.779999732971191,139400
2012-09-14,3.5754690170288086,10.90999984741211,10.989999771118164,10.880000114440918,10.949999809265137,143300
2012-09-17,3.585301160812378,10.9399995803833,10.949999809265137,10.890000343322754,10.9399995803833,68300
2012-09-18,3.5721921920776367,10.899999618530273,10.949999809265137,10.869999885559082,10.869999885559082,21400
2012-09-19,3.5984113216400146,10.979999542236328,10.979999542236328,10.890000343322754,10.890000343322754,16200
2012-09-20,3.5918562412261963,10.960000038146973,10.979999542236328,10.90999984741211,10.930000305175781,36500
2012-09-21,3.6147964000701904,11.029999732971191,11.039999961853027,10.989999771118164,11.010000228881836,28000
2012-09-24,3.5984113216400146,10.979999542236328,10.979999542236328,10.869999885559082,10.949999809265137,43400
2012-09-25,3.565638780593872,10.880000114440918,11.020000457763672,10.880000114440918,10.949999809265137,148700
2012-09-26,3.5459749698638916,10.819999694824219,10.850000381469727,10.800000190734863,10.850000381469727,42800
2012-09-27,3.555804967880249,10.850000381469727,10.869999885559082,10.789999961853027,10.859999656677246,137000
2012-09-28,3.529588222503662,10.770000457763672,10.800000190734863,10.760000228881836,10.760000228881836,23600
2012-10-01,3.5721921920776367,10.899999618530273,10.960000038146973,10.859999656677246,10.880000114440918,32800
2012-10-02,3.6147964000701904,11.029999732971191,11.039999961853027,10.960000038146973,10.960000038146973,82300
2012-10-03,3.5918562412261963,10.960000038146973,11.050000190734863,10.949999809265137,11.029999732971191,37700
2012-10-04,3.6115190982818604,11.020000457763672,11.0600004196167,10.979999542236328,10.979999542236328,55300
2012-10-05,3.6049649715423584,11.0,11.100000381469727,11.0,11.069999694824219,38500
2012-10-08,3.6147964000701904,11.029999732971191,11.050000190734863,10.979999542236328,10.979999542236328,18000
2012-10-09,3.5754690170288086,10.90999984741211,11.0,10.90999984741211,10.979999542236328,23000
2012-10-10,3.565638780593872,10.880000114440918,10.899999618530273,10.8100004196167,10.880000114440918,14600
2012-10-11,3.5951321125030518,10.970000267028809,11.010000228881836,10.949999809265137,10.960000038146973,17000
2012-10-12,3.6049649715423584,11.0,11.029999732971191,10.960000038146973,11.020000457763672,11100
2012-10-15,3.63773775100708,11.100000381469727,11.119999885559082,11.020000457763672,11.029999732971191,28700
2012-10-16,3.6770646572113037,11.220000267028809,11.239999771118164,11.170000076293945,11.170000076293945,41900
2012-10-17,3.713113307952881,11.329999923706055,11.329999923706055,11.239999771118164,11.239999771118164,11300
2012-10-18,3.6868951320648193,11.25,11.300000190734863,11.1899995803833,11.25,131900
2012-10-19,3.6639552116394043,11.180000305175781,11.210000038146973,11.149999618530273,11.210000038146973,59200
2012-10-22,3.650846242904663,11.140000343322754,11.220000267028809,11.130000114440918,11.210000038146973,55100
2012-10-23,3.5754690170288086,10.90999984741211,10.989999771118164,10.90999984741211,10.989999771118164,59200
2012-10-24,3.5787465572357178,10.920000076293945,11.069999694824219,10.920000076293945,10.970000267028809,19900
2012-10-25,3.5754690170288086,10.90999984741211,11.020000457763672,10.899999618530273,11.0,19100
2012-10-26,3.5787465572357178,10.920000076293945,10.930000305175781,10.869999885559082,10.869999885559082,26700
2012-10-31,3.5721921920776367,10.899999618530273,10.989999771118164,10.880000114440918,10.960000038146973,12800
2012-11-01,3.63773775100708,11.100000381469727,11.100000381469727,10.970000267028809,10.970000267028809,29900
2012-11-02,3.6115190982818604,11.020000457763672,11.039999961853027,11.0,11.039999961853027,16800
2012-11-05,3.618072748184204,11.039999961853027,11.039999961853027,10.800000190734863,10.960000038146973,40500
2012-11-06,3.6147964000701904,11.029999732971191,11.09000015258789,11.010000228881836,11.010000228881836,29100
2012-11-07,3.5721921920776367,10.899999618530273,10.970000267028809,10.869999885559082,10.970000267028809,48900
2012-11-08,3.552529811859131,10.84000015258789,10.90999984741211,10.84000015258789,10.90999984741211,19600
2012-11-09,3.568915605545044,10.890000343322754,10.930000305175781,10.8100004196167,10.819999694824219,14900
2012-11-12,3.565638780593872,10.880000114440918,10.880000114440918,10.819999694824219,10.880000114440918,23300
2012-11-13,3.5590832233428955,10.859999656677246,10.890000343322754,10.789999961853027,10.789999961853027,32500
2012-11-14,3.5033698081970215,10.6899995803833,10.859999656677246,10.680000305175781,10.859999656677246,41000
2012-11-15,3.473875045776367,10.600000381469727,10.729999542236328,10.550000190734863,10.6899995803833,41400
2012-11-16,3.454211950302124,10.539999961853027,10.609999656677246,10.539999961853027,10.600000381469727,26700
2012-11-19,3.5033698081970215,10.6899995803833,10.770000457763672,10.670000076293945,10.670000076293945,64000
2012-11-20,3.50992488861084,10.710000038146973,10.75,10.670000076293945,10.729999542236328,13300
2012-11-21,3.532864809036255,10.779999732971191,10.779999732971191,10.59000015258789,10.720000267028809,131500
2012-11-23,3.618072748184204,11.039999961853027,11.039999961853027,10.890000343322754,10.890000343322754,72600
2012-11-26,3.60168719291687,10.989999771118164,10.989999771118164,10.859999656677246,10.960000038146973,61700
2012-11-27,3.5984113216400146,10.979999542236328,11.010000228881836,10.930000305175781,11.0,58500
2012-11-28,3.6279048919677734,11.069999694824219,11.079999923706055,10.880000114440918,10.880000114440918,106500
2012-11-29,3.6344594955444336,11.09000015258789,11.140000343322754,11.039999961853027,11.0600004196167,119700
2012-11-30,3.6606767177581787,11.170000076293945,11.170000076293945,11.100000381469727,11.100000381469727,26000
2012-12-03,3.670509099960327,11.199999809265137,11.260000228881836,11.1899995803833,11.25,77500
2012-12-04,3.6770646572113037,11.220000267028809,11.260000228881836,11.180000305175781,11.260000228881836,54100
2012-12-05,3.670509099960327,11.199999809265137,11.229999542236328,11.15999984741211,11.15999984741211,10800
2012-12-06,3.6639552116394043,11.180000305175781,11.210000038146973,11.15999984741211,11.210000038146973,28200
2012-12-07,3.6639552116394043,11.180000305175781,11.180000305175781,11.130000114440918,11.15999984741211,122000
2012-12-10,3.6606767177581787,11.170000076293945,11.199999809265137,11.109999656677246,11.149999618530273,98100
2012-12-11,3.6803395748138428,11.229999542236328,11.260000228881836,11.1899995803833,11.210000038146973,67900
2012-12-12,3.6770646572113037,11.220000267028809,11.270000457763672,11.180000305175781,11.229999542236328,99500
2012-12-13,3.6639552116394043,11.180000305175781,11.25,11.15999984741211,11.25,68700
2012-12-14,3.6803395748138428,11.229999542236328,11.260000228881836,11.1899995803833,11.210000038146973,39900
2012-12-17,3.6803395748138428,11.229999542236328,11.260000228881836,11.199999809265137,11.239999771118164,89800
2012-12-18,3.693450450897217,11.270000457763672,11.289999961853027,11.229999542236328,11.239999771118164,82900
2012-12-19,3.7273647785186768,11.319999694824219,11.319999694824219,11.289999961853027,11.289999961853027,79600
2012-12-20,3.717487335205078,11.289999961853027,11.300000190734863,11.270000457763672,11.300000190734863,155400
2012-12-21,3.681267261505127,11.180000305175781,11.239999771118164,11.170000076293945,11.1899995803833,51600
2012-12-24,3.691145181655884,11.210000038146973,11.239999771118164,11.180000305175781,11.199999809265137,37500
2012-12-26,3.701023578643799,11.239999771118164,11.300000190734863,11.220000267028809,11.300000190734863,43800
2012-12-27,3.7109017372131348,11.270000457763672,11.289999961853027,11.210000038146973,11.239999771118164,154700
2012-12-28,3.701023578643799,11.239999771118164,11.260000228881836,11.180000305175781,11.229999542236328,35700
2012-12-31,3.717487335205078,11.289999961853027,11.300000190734863,11.25,11.270000457763672,36000
2013-01-02,3.7602932453155518,11.420000076293945,11.4399995803833,11.369999885559082,11.40999984741211,82000
2013-01-03,3.7471213340759277,11.380000114440918,11.399999618530273,11.359999656677246,11.359999656677246,54600
2013-01-04,3.786635160446167,11.5,11.5,11.359999656677246,11.359999656677246,41900
2013-01-07,3.783341884613037,11.489999771118164,11.5,11.350000381469727,11.4399995803833,49200
2013-01-08,3.7932205200195312,11.520000457763672,11.520000457763672,11.479999542236328,11.489999771118164,56500
2013-01-09,3.812976598739624,11.579999923706055,11.600000381469727,11.539999961853027,11.569999694824219,27100
2013-01-10,3.8459036350250244,11.680000305175781,11.710000038146973,11.670000076293945,11.680000305175781,44600
2013-01-11,3.868952751159668,11.75,11.779999732971191,11.710000038146973,11.779999732971191,62900
2013-01-14,3.882122039794922,11.789999961853027,11.789999961853027,11.75,11.779999732971191,134100
2013-01-15,3.8887085914611816,11.8100004196167,11.829999923706055,11.720000267028809,11.729999542236328,83600
2013-01-16,3.8985867500305176,11.84000015258789,11.859999656677246,11.770000457763672,11.84000015258789,43900
2013-01-17,3.931513786315918,11.9399995803833,11.9399995803833,11.850000381469727,11.880000114440918,55900
2013-01-18,3.9380996227264404,11.960000038146973,11.960000038146973,11.890000343322754,11.890000343322754,144100
2013-01-22,3.915050745010376,11.890000343322754,11.960000038146973,11.84000015258789,11.960000038146973,41100
2013-01-23,3.9380996227264404,11.960000038146973,11.989999771118164,11.920000076293945,11.949999809265137,29200
2013-01-24,3.9446847438812256,11.979999542236328,12.0,11.869999885559082,11.890000343322754,73600
2013-01-25,3.9644410610198975,12.039999961853027,12.09000015258789,11.989999771118164,12.0,54800
2013-01-28,3.98749041557312,12.109999656677246,12.130000114440918,12.069999694824219,12.079999923706055,73500
2013-01-29,3.9973697662353516,12.140000343322754,12.15999984741211,12.09000015258789,12.140000343322754,38400
2013-01-30,3.99407696723938,12.130000114440918,12.149999618530273,12.069999694824219,12.100000381469727,16100
2013-01-31,3.990783452987671,12.119999885559082,12.149999618530273,12.109999656677246,12.130000114440918,15700
2013-02-01,4.036881446838379,12.260000228881836,12.300000190734863,12.210000038146973,12.210000038146973,44100
2013-02-04,4.020418167114258,12.210000038146973,12.210000038146973,12.119999885559082,12.1899995803833,96600
2013-02-05,4.023710250854492,12.220000267028809,12.289999961853027,12.1899995803833,12.220000267028809,61000
2013-02-06,4.030296325683594,12.239999771118164,12.260000228881836,12.170000076293945,12.170000076293945,45300
2013-02-07,4.0138325691223145,12.1899995803833,12.3100004196167,12.130000114440918,12.3100004196167,95400
2013-02-08,4.020418167114258,12.210000038146973,12.260000228881836,12.140000343322754,12.149999618530273,61700
2013-02-11,4.017125129699707,12.199999809265137,12.220000267028809,12.1899995803833,12.1899995803833,18300
2013-02-12,4.020418167114258,12.210000038146973,12.229999542236328,12.170000076293945,12.170000076293945,17700
2013-02-13,4.056637287139893,12.319999694824219,12.34000015258789,12.300000190734863,12.300000190734863,51500
2013-02-14,4.033588886260986,12.25,12.260000228881836,12.229999542236328,12.229999542236328,12300
2013-02-15,4.043467044830322,12.279999732971191,12.3100004196167,12.25,12.25,20300
2013-02-19,4.073101043701172,12.369999885559082,12.390000343322754,12.289999961853027,12.350000381469727,33500
2013-02-20,4.043467044830322,12.279999732971191,12.4399995803833,12.279999732971191,12.40999984741211,30700
2013-02-21,4.023710250854492,12.220000267028809,12.25,12.149999618530273,12.149999618530273,53200
2013-02-22,4.027003765106201,12.229999542236328,12.260000228881836,12.149999618530273,12.220000267028809,55800
2013-02-25,3.957855701446533,12.020000457763672,12.279999732971191,12.0,12.239999771118164,34400
2013-02-26,3.957855701446533,12.020000457763672,12.130000114440918,12.020000457763672,12.09000015258789,42800
2013-02-27,4.003955364227295,12.15999984741211,12.15999984741211,12.010000228881836,12.010000228881836,30200
2013-02-28,4.010539531707764,12.180000305175781,12.199999809265137,12.149999618530273,12.170000076293945,8900
2013-03-01,3.99407696723938,12.130000114440918,12.130000114440918,12.029999732971191,12.09000015258789,90300
2013-03-04,3.977611541748047,12.079999923706055,12.079999923706055,12.010000228881836,12.0600004196167,79700
2013-03-05,4.04017448425293,12.270000457763672,12.270000457763672,12.15999984741211,12.15999984741211,66900
2013-03-06,4.04017448425293,12.270000457763672,12.319999694824219,12.210000038146973,12.319999694824219,21100
2013-03-07,4.027003765106201,12.229999542236328,12.369999885559082,12.220000267028809,12.279999732971191,40700
2013-03-08,4.053345680236816,12.3100004196167,12.3100004196167,12.210000038146973,12.239999771118164,38400
2013-03-11,4.046758651733398,12.289999961853027,12.289999961853027,12.210000038146973,12.25,28800
2013-03-12,4.066516399383545,12.350000381469727,12.350000381469727,12.270000457763672,12.300000190734863,102000
2013-03-13,4.043467044830322,12.279999732971191,12.350000381469727,12.25,12.300000190734863,24400
2013-03-14,4.059930324554443,12.329999923706055,12.350000381469727,12.300000190734863,12.350000381469727,18000
2013-03-15,4.066516399383545,12.350000381469727,12.420000076293945,12.34000015258789,12.34000015258789,49400
2013-03-18,4.073101043701172,12.369999885559082,12.380000114440918,12.300000190734863,12.34000015258789,76700
2013-03-19,4.056637287139893,12.319999694824219,12.390000343322754,12.3100004196167,12.350000381469727,50600
2013-03-20,4.089565277099609,12.420000076293945,12.430000305175781,12.359999656677246,12.390000343322754,36100
2013-03-21,4.036881446838379,12.260000228881836,12.3100004196167,12.220000267028809,12.3100004196167,16400
2013-03-22,4.043467044830322,12.279999732971191,12.34000015258789,12.260000228881836,12.260000228881836,19900
2013-03-25,4.020418167114258,12.210000038146973,12.329999923706055,12.180000305175781,12.329999923706055,31100
2013-03-26,4.056637287139893,12.319999694824219,12.329999923706055,12.220000267028809,12.220000267028809,21600
2013-03-27,4.023710250854492,12.220000267028809,12.239999771118164,12.149999618530273,12.1899995803833,31100
2013-03-28,4.036881446838379,12.260000228881836,12.260000228881836,12.210000038146973,12.210000038146973,21000
2013-04-01,4.033588886260986,12.25,12.25,12.149999618530273,12.149999618530273,51000
2013-04-02,4.056637287139893,12.319999694824219,12.329999923706055,12.289999961853027,12.319999694824219,45700
2013-04-03,4.033588886260986,12.25,12.34000015258789,12.25,12.34000015258789,26500
2013-04-04,4.010539531707764,12.180000305175781,12.199999809265137,12.15999984741211,12.180000305175781,30300
2013-04-05,3.977611541748047,12.079999923706055,12.079999923706055,11.899999618530273,12.010000228881836,68100
2013-04-08,3.99407696723938,12.130000114440918,12.149999618530273,12.069999694824219,12.149999618530273,38900
2013-04-09,3.9973697662353516,12.140000343322754,12.140000343322754,12.020000457763672,12.079999923706055,31900
2013-04-10,4.046758651733398,12.289999961853027,12.319999694824219,12.15999984741211,12.15999984741211,43400
2013-04-11,4.076394081115723,12.380000114440918,12.40999984741211,12.260000228881836,12.260000228881836,75900
2013-04-12,4.069808483123779,12.359999656677246,12.399999618530273,12.119999885559082,12.119999885559082,132500
2013-04-15,4.04017448425293,12.270000457763672,12.359999656677246,12.239999771118164,12.300000190734863,97500
2013-04-16,4.089565277099609,12.420000076293945,12.420000076293945,12.329999923706055,12.40999984741211,47900
2013-04-17,3.990783452987671,12.119999885559082,12.300000190734863,12.050000190734863,12.300000190734863,39000
2013-04-18,4.0006608963012695,12.149999618530273,12.239999771118164,12.100000381469727,12.199999809265137,78400
2013-04-19,4.027003765106201,12.229999542236328,12.25,12.0600004196167,12.180000305175781,41700
2013-04-22,4.010539531707764,12.180000305175781,12.210000038146973,12.170000076293945,12.170000076293945,21900
2013-04-23,4.04017448425293,12.270000457763672,12.350000381469727,12.270000457763672,12.3100004196167,20200
2013-04-24,4.063222885131836,12.34000015258789,12.350000381469727,12.3100004196167,12.319999694824219,11600
2013-04-25,4.0862717628479,12.40999984741211,12.40999984741211,12.350000381469727,12.350000381469727,45900
2013-04-26,4.0862717628479,12.40999984741211,12.449999809265137,12.369999885559082,12.369999885559082,27400
2013-04-29,4.152126312255859,12.609999656677246,12.609999656677246,12.430000305175781,12.4399995803833,134000
2013-04-30,4.1620049476623535,12.640000343322754,12.680000305175781,12.569999694824219,12.609999656677246,65400
2013-05-01,4.165297031402588,12.649999618530273,12.6899995803833,12.630000114440918,12.6899995803833,43900
2013-05-02,4.165297031402588,12.649999618530273,12.65999984741211,12.510000228881836,12.569999694824219,29700
2013-05-03,4.175176620483398,12.680000305175781,12.720000267028809,12.65999984741211,12.6899995803833,47600
2013-05-06,4.175176620483398,12.680000305175781,12.6899995803833,12.65999984741211,12.670000076293945,34900
2013-05-07,4.1883463859558105,12.720000267028809,12.729999542236328,12.680000305175781,12.680000305175781,30100
2013-05-08,4.227860927581787,12.84000015258789,12.859999656677246,12.739999771118164,12.739999771118164,137300
2013-05-09,4.234445571899414,12.859999656677246,12.920000076293945,12.84000015258789,12.84000015258789,56100
2013-05-10,4.250908851623535,12.90999984741211,12.930000305175781,12.75,12.75,51800
2013-05-13,4.2212748527526855,12.819999694824219,12.84000015258789,12.789999961853027,12.84000015258789,28800
2013-05-14,4.234445571899414,12.859999656677246,12.880000114440918,12.800000190734863,12.800000190734863,48000
2013-05-15,4.260786056518555,12.9399995803833,12.949999809265137,12.84000015258789,12.84000015258789,88200
2013-05-16,4.214688301086426,12.800000190734863,12.90999984741211,12.800000190734863,12.829999923706055,39200
2013-05-17,4.23773717880249,12.869999885559082,12.920000076293945,12.779999732971191,12.800000190734863,45100
2013-05-20,4.247616291046143,12.899999618530273,12.930000305175781,12.850000381469727,12.869999885559082,28900
2013-05-21,4.231152057647705,12.850000381469727,12.930000305175781,12.800000190734863,12.8100004196167,44400
2013-05-22,4.22456693649292,12.829999923706055,12.930000305175781,12.819999694824219,12.850000381469727,82700
2013-05-23,4.1883463859558105,12.720000267028809,12.739999771118164,12.6899995803833,12.6899995803833,42700
2013-05-24,4.1949310302734375,12.739999771118164,12.789999961853027,12.699999809265137,12.770000457763672,79400
2013-05-28,4.1883463859558105,12.720000267028809,12.819999694824219,12.720000267028809,12.770000457763672,74500
2013-05-29,4.1620049476623535,12.640000343322754,12.699999809265137,12.619999885559082,12.640000343322754,39600
2013-05-30,4.191640377044678,12.729999542236328,12.75,12.649999618530273,12.649999618530273,14700
2013-05-31,4.112613201141357,12.489999771118164,12.619999885559082,12.489999771118164,12.609999656677246,80500
2013-06-03,4.10273551940918,12.460000038146973,12.489999771118164,12.359999656677246,12.390000343322754,41500
2013-06-04,4.129077434539795,12.539999961853027,12.5600004196167,12.479999542236328,12.510000228881836,67700
2013-06-05,4.0961503982543945,12.4399995803833,12.539999961853027,12.420000076293945,12.5,49100
2013-06-06,4.125784397125244,12.529999732971191,12.550000190734863,12.4399995803833,12.489999771118164,35900
2013-06-07,4.158711910247803,12.630000114440918,12.65999984741211,12.529999732971191,12.550000190734863,27600
2013-06-10,4.175176620483398,12.680000305175781,12.720000267028809,12.609999656677246,12.630000114440918,65800
2013-06-11,4.125784397125244,12.529999732971191,12.59000015258789,12.5,12.5,44500
2013-06-12,4.148833751678467,12.600000381469727,12.640000343322754,12.5600004196167,12.600000381469727,69500
2013-06-13,4.175176620483398,12.680000305175781,12.680000305175781,12.539999961853027,12.539999961853027,35700
2013-06-14,4.135664463043213,12.5600004196167,12.619999885559082,12.550000190734863,12.600000381469727,21000
2013-06-17,4.191640377044678,12.729999542236328,12.75,12.710000038146973,12.729999542236328,61800
2013-06-18,4.185055255889893,12.710000038146973,12.779999732971191,12.710000038146973,12.710000038146973,22000
2013-06-19,4.155418872833252,12.619999885559082,12.770000457763672,12.619999885559082,12.720000267028809,47900
2013-06-20,4.103421688079834,12.390000343322754,12.430000305175781,12.380000114440918,12.420000076293945,114800
2013-06-21,4.04380989074707,12.210000038146973,12.4399995803833,12.170000076293945,12.4399995803833,75700
2013-06-24,3.970947265625,11.989999771118164,12.039999961853027,11.920000076293945,12.010000228881836,42200
2013-06-25,3.9610118865966797,11.960000038146973,12.020000457763672,11.920000076293945,12.010000228881836,109800
2013-06-26,4.023936748504639,12.149999618530273,12.170000076293945,12.069999694824219,12.069999694824219,142100
2013-06-27,4.066991806030273,12.279999732971191,12.420000076293945,12.130000114440918,12.1899995803833,60900
2013-06-28,4.0802388191223145,12.319999694824219,12.449999809265137,12.239999771118164,12.289999961853027,128800
2013-07-01,4.127881050109863,12.390000343322754,12.449999809265137,12.359999656677246,12.380000114440918,27500
2013-07-02,4.08457088470459,12.260000228881836,12.430000305175781,12.1899995803833,12.329999923706055,447800
2013-07-03,4.091233730316162,12.279999732971191,12.319999694824219,12.140000343322754,12.15999984741211,82700
2013-07-05,4.06791353225708,12.210000038146973,12.300000190734863,12.210000038146973,12.279999732971191,90700
2013-07-08,4.121218204498291,12.369999885559082,12.380000114440918,12.3100004196167,12.3100004196167,39700
2013-07-09,4.114555358886719,12.350000381469727,12.399999618530273,12.350000381469727,12.390000343322754,28800
2013-07-10,4.127881050109863,12.390000343322754,12.430000305175781,12.350000381469727,12.350000381469727,123700
2013-07-11,4.194515228271484,12.59000015258789,12.649999618530273,12.399999618530273,12.4399995803833,159400
2013-07-12,4.217835903167725,12.65999984741211,12.670000076293945,12.579999923706055,12.59000015258789,15000
2013-07-15,4.261146545410156,12.789999961853027,12.789999961853027,12.670000076293945,12.670000076293945,63700
2013-07-16,4.244487762451172,12.739999771118164,12.75,12.65999984741211,12.710000038146973,25700
2013-07-17,4.251151084899902,12.760000228881836,12.8100004196167,12.710000038146973,12.779999732971191,56000
2013-07-18,4.231161594390869,12.699999809265137,12.760000228881836,12.670000076293945,12.710000038146973,17300
2013-07-19,4.257816314697266,12.779999732971191,12.789999961853027,12.670000076293945,12.670000076293945,71000
2013-07-22,4.264477729797363,12.800000190734863,12.800000190734863,12.75,12.779999732971191,62500
2013-07-23,4.267810344696045,12.8100004196167,12.8100004196167,12.720000267028809,12.800000190734863,37400
2013-07-24,4.274473667144775,12.829999923706055,12.829999923706055,12.75,12.8100004196167,53400
2013-07-25,4.251151084899902,12.760000228881836,12.760000228881836,12.65999984741211,12.720000267028809,95900
2013-07-26,4.224498748779297,12.680000305175781,12.720000267028809,12.510000228881836,12.630000114440918,46600
2013-07-29,4.22783088684082,12.6899995803833,12.729999542236328,12.649999618530273,12.670000076293945,60000
2013-07-30,4.241157054901123,12.729999542236328,12.760000228881836,12.699999809265137,12.760000228881836,51600
2013-07-31,4.281136512756348,12.850000381469727,12.880000114440918,12.699999809265137,12.75,98900
2013-08-01,4.301126956939697,12.90999984741211,12.90999984741211,12.84000015258789,12.850000381469727,59100
2013-08-02,4.361095905303955,13.09000015258789,13.09000015258789,12.949999809265137,12.949999809265137,106000
2013-08-05,4.364426612854004,13.100000381469727,13.140000343322754,12.9399995803833,13.0600004196167,91500
2013-08-06,4.377754211425781,13.140000343322754,13.210000038146973,13.109999656677246,13.140000343322754,73900
2013-08-07,4.3744215965271,13.130000114440918,13.229999542236328,12.869999885559082,13.210000038146973,126900
2013-08-08,4.394412517547607,13.1899995803833,13.210000038146973,13.09000015258789,13.109999656677246,36800
2013-08-09,4.464375972747803,13.399999618530273,13.420000076293945,13.270000457763672,13.270000457763672,161000
2013-08-12,4.464375972747803,13.399999618530273,13.399999618530273,13.300000190734863,13.350000381469727,31100
2013-08-13,4.457712650299072,13.380000114440918,13.399999618530273,13.319999694824219,13.380000114440918,56800
2013-08-14,4.491028785705566,13.479999542236328,13.5,13.34000015258789,13.34000015258789,45500
2013-08-15,4.467706203460693,13.40999984741211,13.40999984741211,13.3100004196167,13.3100004196167,67400
2013-08-16,4.4810333251953125,13.449999809265137,13.489999771118164,13.359999656677246,13.359999656677246,46600
2013-08-19,4.477700233459473,13.4399995803833,13.479999542236328,13.40999984741211,13.460000038146973,88600
2013-08-20,4.544334888458252,13.640000343322754,13.640000343322754,13.449999809265137,13.479999542236328,100600
2013-08-21,4.514350414276123,13.550000190734863,13.619999885559082,13.5,13.550000190734863,57600
2013-08-22,4.547665119171143,13.649999618530273,13.699999809265137,13.600000381469727,13.65999984741211,37100
2013-08-23,4.574319839477539,13.729999542236328,13.729999542236328,13.65999984741211,13.699999809265137,32400
2013-08-26,4.580982685089111,13.75,13.75,13.670000076293945,13.710000038146973,19400
2013-08-27,4.537671089172363,13.619999885559082,13.65999984741211,13.59000015258789,13.609999656677246,32800
2013-08-28,4.56765604019165,13.710000038146973,13.710000038146973,13.520000457763672,13.529999732971191,126900
2013-08-29,4.554330348968506,13.670000076293945,13.670000076293945,13.550000190734863,13.609999656677246,49500
2013-08-30,4.537671089172363,13.619999885559082,13.649999618530273,13.59000015258789,13.630000114440918,29400
2013-09-03,4.56765604019165,13.710000038146973,13.739999771118164,13.600000381469727,13.739999771118164,66000
2013-09-04,4.554330348968506,13.670000076293945,13.6899995803833,13.630000114440918,13.670000076293945,18800
2013-09-05,4.541003704071045,13.630000114440918,13.680000305175781,13.59000015258789,13.65999984741211,26200
2013-09-06,4.534340858459473,13.609999656677246,13.649999618530273,13.579999923706055,13.630000114440918,13300
2013-09-09,4.564323902130127,13.699999809265137,13.710000038146973,13.569999694824219,13.640000343322754,27700
2013-09-10,4.580982685089111,13.75,13.770000457763672,13.710000038146973,13.75,26600
2013-09-11,4.63095760345459,13.899999618530273,13.90999984741211,13.739999771118164,13.760000228881836,54800
2013-09-12,4.627625942230225,13.890000343322754,13.899999618530273,13.829999923706055,13.829999923706055,17200
2013-09-13,4.63095760345459,13.899999618530273,13.930000305175781,13.850000381469727,13.869999885559082,94100
2013-09-16,4.667604923248291,14.010000228881836,14.020000457763672,13.930000305175781,13.9399995803833,66300
2013-09-17,4.667604923248291,14.010000228881836,14.029999732971191,13.949999809265137,13.949999809265137,21600
2013-09-18,4.720910549163818,14.170000076293945,14.210000038146973,13.949999809265137,13.979999542236328,50300
2013-09-19,4.677600383758545,14.039999961853027,14.130000114440918,13.90999984741211,14.130000114440918,23800
2013-09-20,4.684262752532959,14.0600004196167,14.119999885559082,13.989999771118164,14.0600004196167,49300
2013-09-23,4.677600383758545,14.039999961853027,14.0600004196167,14.029999732971191,14.0600004196167,3900
2013-09-24,4.68093204498291,14.050000190734863,14.050000190734863,14.010000228881836,14.020000457763672,4200
2013-09-25,4.677600383758545,14.039999961853027,14.050000190734863,14.010000228881836,14.010000228881836,141600
2013-09-26,4.717579364776611,14.15999984741211,14.4399995803833,14.119999885559082,14.119999885559082,47400
2013-09-27,4.7309064865112305,14.199999809265137,14.25,14.15999984741211,14.220000267028809,17900
2013-09-30,4.737568378448486,14.220000267028809,14.220000267028809,14.130000114440918,14.15999984741211,14200
2013-10-01,4.777548313140869,14.34000015258789,14.359999656677246,14.199999809265137,14.210000038146973,22300
2013-10-02,4.750895977020264,14.260000228881836,14.390000343322754,14.239999771118164,14.390000343322754,25600
2013-10-03,4.7309064865112305,14.199999809265137,14.210000038146973,14.149999618530273,14.210000038146973,27800
2013-10-04,4.687594890594482,14.069999694824219,14.140000343322754,14.010000228881836,14.039999961853027,42100
2013-10-07,4.677600383758545,14.039999961853027,14.050000190734863,13.890000343322754,13.899999618530273,57000
2013-10-08,4.63095760345459,13.899999618530273,13.979999542236328,13.850000381469727,13.979999542236328,20800
2013-10-09,4.6009721755981445,13.8100004196167,13.869999885559082,13.8100004196167,13.850000381469727,53800
2013-10-10,4.65427827835083,13.970000267028809,13.989999771118164,13.859999656677246,13.859999656677246,16800
2013-10-11,4.67426872253418,14.029999732971191,14.050000190734863,14.0,14.0,19000
2013-10-14,4.687594890594482,14.069999694824219,14.130000114440918,13.949999809265137,14.020000457763672,27300
2013-10-15,4.670936584472656,14.020000457763672,14.069999694824219,13.989999771118164,14.069999694824219,13600
2013-10-16,4.667604923248291,14.010000228881836,14.140000343322754,13.949999809265137,14.140000343322754,31700
2013-10-17,4.774216651916504,14.329999923706055,14.329999923706055,14.170000076293945,14.170000076293945,36100
2013-10-18,4.764221668243408,14.300000190734863,14.3100004196167,14.15999984741211,14.15999984741211,38600
2013-10-21,4.827523231506348,14.489999771118164,14.5,14.289999961853027,14.3100004196167,28700
2013-10-22,4.854176044464111,14.569999694824219,14.65999984741211,14.350000381469727,14.5,63800
2013-10-23,4.854176044464111,14.569999694824219,14.649999618530273,14.510000228881836,14.529999732971191,75100
2013-10-24,4.890824317932129,14.680000305175781,14.6899995803833,14.630000114440918,14.630000114440918,16500
2013-10-25,4.877497673034668,14.640000343322754,14.6899995803833,14.470000267028809,14.479999542236328,72000
2013-10-28,4.877497673034668,14.640000343322754,14.640000343322754,14.59000015258789,14.640000343322754,20700
2013-10-29,4.884159088134766,14.65999984741211,14.6899995803833,14.569999694824219,14.579999923706055,25500
2013-10-30,4.854176044464111,14.569999694824219,14.680000305175781,14.569999694824219,14.670000076293945,10000
2013-10-31,4.837517738342285,14.520000457763672,14.59000015258789,14.510000228881836,14.510000228881836,7500
2013-11-01,4.820859432220459,14.470000267028809,14.520000457763672,14.369999885559082,14.470000267028809,25100
2013-11-04,4.7975382804870605,14.399999618530273,14.470000267028809,14.390000343322754,14.470000267028809,5100
2013-11-05,4.764221668243408,14.300000190734863,14.329999923706055,14.220000267028809,14.260000228881836,17800
2013-11-06,4.814197063446045,14.449999809265137,14.479999542236328,14.399999618530273,14.430000305175781,27300
2013-11-07,4.787543773651123,14.369999885559082,14.449999809265137,14.34000015258789,14.359999656677246,15500
2013-11-08,4.7975382804870605,14.399999618530273,14.40999984741211,14.199999809265137,14.279999732971191,25600
2013-11-11,4.804202079772949,14.420000076293945,14.449999809265137,14.350000381469727,14.449999809265137,21300
2013-11-12,4.7975382804870605,14.399999618530273,14.430000305175781,14.319999694824219,14.390000343322754,72400
2013-11-13,4.790874481201172,14.380000114440918,14.430000305175781,14.289999961853027,14.319999694824219,19200
2013-11-14,4.817528247833252,14.460000038146973,14.539999961853027,14.34000015258789,14.34000015258789,27400
2013-11-15,4.820859432220459,14.470000267028809,14.670000076293945,14.470000267028809,14.5,27500
2013-11-18,4.837517738342285,14.520000457763672,14.59000015258789,14.479999542236328,14.550000190734863,22900
2013-11-19,4.824191570281982,14.479999542236328,14.5600004196167,14.460000038146973,14.470000267028809,15000
2013-11-20,4.777548313140869,14.34000015258789,14.550000190734863,14.300000190734863,14.390000343322754,35000
2013-11-21,4.780879974365234,14.350000381469727,14.399999618530273,14.300000190734863,14.300000190734863,14300
2013-11-22,4.814197063446045,14.449999809265137,14.470000267028809,14.399999618530273,14.399999618530273,36600
2013-11-25,4.800869464874268,14.40999984741211,14.520000457763672,14.399999618530273,14.479999542236328,17000
2013-11-26,4.820859432220459,14.470000267028809,14.479999542236328,14.380000114440918,14.380000114440918,12500
2013-11-27,4.83418607711792,14.510000228881836,14.510000228881836,14.479999542236328,14.5,11700
2013-11-29,4.8475117683410645,14.550000190734863,14.569999694824219,14.550000190734863,14.550000190734863,28900
2013-12-02,4.8475117683410645,14.550000190734863,14.569999694824219,14.470000267028809,14.529999732971191,28900
2013-12-03,4.777548313140869,14.34000015258789,14.5,14.34000015258789,14.449999809265137,49100
2013-12-04,4.780879974365234,14.350000381469727,14.369999885559082,14.210000038146973,14.210000038146973,51800
2013-12-05,4.7975382804870605,14.399999618530273,14.430000305175781,14.210000038146973,14.420000076293945,26400
2013-12-06,4.824191570281982,14.479999542236328,14.579999923706055,14.449999809265137,14.579999923706055,63800
2013-12-09,4.81086540222168,14.4399995803833,14.470000267028809,14.399999618530273,14.399999618530273,31300
2013-12-10,4.804202079772949,14.420000076293945,14.420000076293945,14.329999923706055,14.329999923706055,60100
2013-12-11,4.807532787322998,14.430000305175781,14.470000267028809,14.40999984741211,14.40999984741211,46000
2013-12-12,4.81086540222168,14.4399995803833,14.460000038146973,14.34000015258789,14.460000038146973,38600
2013-12-13,4.787928104400635,13.359999656677246,13.75,13.270000457763672,13.510000228881836,172400
2013-12-16,4.802264213562012,13.399999618530273,13.470000267028809,13.399999618530273,13.40999984741211,603200
2013-12-17,4.770009517669678,13.3100004196167,13.369999885559082,13.289999961853027,13.359999656677246,61500
2013-12-18,4.784344673156738,13.350000381469727,13.40999984741211,13.289999961853027,13.289999961853027,29700
2013-12-19,4.816598892211914,13.4399995803833,13.449999809265137,13.34000015258789,13.350000381469727,44700
2013-12-20,4.873939514160156,13.600000381469727,13.630000114440918,13.4399995803833,13.4399995803833,60500
2013-12-23,4.942030429840088,13.789999961853027,13.960000038146973,13.59000015258789,13.619999885559082,137500
2013-12-24,4.938447952270508,13.779999732971191,13.789999961853027,13.59000015258789,13.770000457763672,30500
2013-12-26,4.877524375915527,13.609999656677246,13.84000015258789,13.600000381469727,13.819999694824219,72400
2013-12-27,4.985035419464111,13.90999984741211,13.9399995803833,13.8100004196167,13.850000381469727,87200
2013-12-30,5.010122299194336,13.979999542236328,13.989999771118164,13.84000015258789,13.890000343322754,62600
2013-12-31,4.9993720054626465,13.949999809265137,14.010000228881836,13.899999618530273,13.949999809265137,84200
2014-01-02,4.902609825134277,13.680000305175781,13.850000381469727,13.600000381469727,13.850000381469727,533600
2014-01-03,4.895442485809326,13.65999984741211,13.779999732971191,13.630000114440918,13.699999809265137,92300
2014-01-06,4.91694450378418,13.720000267028809,13.770000457763672,13.609999656677246,13.609999656677246,63200
2014-01-07,4.967117786407471,13.859999656677246,13.869999885559082,13.699999809265137,13.789999961853027,82700
2014-01-08,4.956366062164307,13.829999923706055,13.850000381469727,13.739999771118164,13.829999923706055,60700
2014-01-09,4.970700740814209,13.869999885559082,13.899999618530273,13.819999694824219,13.890000343322754,66100
2014-01-10,5.002955436706543,13.960000038146973,13.989999771118164,13.890000343322754,13.979999542236328,134100
2014-01-13,5.017290115356445,14.0,14.0600004196167,13.949999809265137,14.020000457763672,188200
2014-01-14,5.074631214141846,14.15999984741211,14.15999984741211,13.989999771118164,14.020000457763672,110900
2014-01-15,5.071046829223633,14.149999618530273,14.170000076293945,14.020000457763672,14.100000381469727,93600
2014-01-16,5.067461967468262,14.140000343322754,14.15999984741211,14.039999961853027,14.15999984741211,122700
2014-01-17,5.063878536224365,14.130000114440918,14.149999618530273,14.069999694824219,14.100000381469727,78300
2014-01-21,5.071046829223633,14.149999618530273,14.180000305175781,14.0600004196167,14.180000305175781,104900
2014-01-22,5.063878536224365,14.130000114440918,14.15999984741211,14.0,14.050000190734863,120500
2014-01-23,5.106884479522705,14.25,14.25,14.0600004196167,14.140000343322754,168600
2014-01-24,5.002955436706543,13.960000038146973,14.149999618530273,13.960000038146973,14.149999618530273,129000
2014-01-27,4.945615291595459,13.800000190734863,13.930000305175781,13.739999771118164,13.920000076293945,80400
2014-01-28,4.988620281219482,13.920000076293945,13.9399995803833,13.800000190734863,13.829999923706055,50800
2014-01-29,4.913361549377441,13.710000038146973,13.890000343322754,13.5,13.869999885559082,86300
2014-01-30,4.959949493408203,13.84000015258789,13.850000381469727,13.699999809265137,13.699999809265137,69200
2014-01-31,4.91694450378418,13.720000267028809,13.800000190734863,13.699999809265137,13.699999809265137,67500
2014-02-03,4.884689807891846,13.630000114440918,13.770000457763672,13.59000015258789,13.739999771118164,116800
2014-02-04,4.934864044189453,13.770000457763672,13.770000457763672,13.550000190734863,13.65999984741211,109100
2014-02-05,4.963533401489258,13.850000381469727,13.869999885559082,13.720000267028809,13.739999771118164,113100
2014-02-06,5.04237699508667,14.069999694824219,14.100000381469727,13.899999618530273,13.960000038146973,89300
2014-02-07,5.060296058654785,14.119999885559082,14.149999618530273,14.050000190734863,14.0600004196167,35800
2014-02-10,5.0567121505737305,14.109999656677246,14.170000076293945,14.039999961853027,14.050000190734863,38700
2014-02-11,5.071046829223633,14.149999618530273,14.199999809265137,14.0600004196167,14.100000381469727,23400
2014-02-12,5.049544811248779,14.09000015258789,14.15999984741211,13.949999809265137,14.15999984741211,47300
2014-02-13,5.078214645385742,14.170000076293945,14.1899995803833,14.09000015258789,14.09000015258789,17700
2014-02-14,5.135555267333984,14.329999923706055,14.329999923706055,14.170000076293945,14.279999732971191,123600
2014-02-18,5.1498918533325195,14.369999885559082,14.380000114440918,14.279999732971191,14.289999961853027,78600
2014-02-19,5.16780948638916,14.420000076293945,14.430000305175781,14.329999923706055,14.350000381469727,114200
2014-02-20,5.146305561065674,14.359999656677246,14.430000305175781,14.34000015258789,14.40999984741211,54600
2014-02-21,5.135555267333984,14.329999923706055,14.4399995803833,14.319999694824219,14.34000015258789,37000
2014-02-24,5.1642255783081055,14.40999984741211,14.430000305175781,14.34000015258789,14.34000015258789,46600
2014-02-25,5.1642255783081055,14.40999984741211,14.430000305175781,14.369999885559082,14.369999885559082,52900
2014-02-26,5.160642623901367,14.399999618530273,14.430000305175781,14.319999694824219,14.390000343322754,83900
2014-02-27,5.171392917633057,14.430000305175781,14.4399995803833,14.40999984741211,14.420000076293945,98100
2014-02-28,5.239485263824463,14.619999885559082,14.640000343322754,14.460000038146973,14.489999771118164,109200
2014-03-03,5.146305561065674,14.359999656677246,14.430000305175781,14.25,14.399999618530273,85500
2014-03-04,5.214397430419922,14.550000190734863,14.630000114440918,14.420000076293945,14.489999771118164,76100
2014-03-05,5.217982769012451,14.5600004196167,14.649999618530273,14.489999771118164,14.550000190734863,41000
2014-03-06,5.2896575927734375,14.760000228881836,14.819999694824219,14.710000038146973,14.760000228881836,105700
2014-03-07,5.282489776611328,14.739999771118164,14.819999694824219,14.699999809265137,14.8100004196167,47600
2014-03-10,5.282489776611328,14.739999771118164,14.739999771118164,14.569999694824219,14.649999618530273,86300
2014-03-11,5.2215657234191895,14.569999694824219,14.770000457763672,14.5600004196167,14.710000038146973,84500
2014-03-12,5.203646183013916,14.520000457763672,14.600000381469727,14.470000267028809,14.489999771118164,55000
2014-03-13,5.12480354309082,14.300000190734863,14.5,14.279999732971191,14.5,33000
2014-03-14,5.128386974334717,14.3100004196167,14.40999984741211,14.289999961853027,14.329999923706055,42700
2014-03-17,5.14272403717041,14.350000381469727,14.430000305175781,14.34000015258789,14.350000381469727,67300
2014-03-18,5.185727596282959,14.470000267028809,14.489999771118164,14.260000228881836,14.260000228881836,57500
2014-03-19,5.131970405578613,14.319999694824219,14.470000267028809,14.289999961853027,14.470000267028809,59700
2014-03-20,5.1176371574401855,14.279999732971191,14.350000381469727,14.260000228881836,14.289999961853027,156400
2014-03-21,5.106884479522705,14.25,14.359999656677246,14.25,14.329999923706055,17600
2014-03-24,5.088966369628906,14.199999809265137,14.25,14.119999885559082,14.25,21500
2014-03-25,5.11046838760376,14.260000228881836,14.260000228881836,14.210000038146973,14.210000038146973,34200
2014-03-26,5.106884479522705,14.25,14.300000190734863,14.25,14.300000190734863,31700
2014-03-27,5.085381507873535,14.1899995803833,14.260000228881836,14.1899995803833,14.229999542236328,26700
2014-03-28,5.099717617034912,14.229999542236328,14.289999961853027,14.1899995803833,14.260000228881836,66000
2014-03-31,5.153473377227783,14.380000114440918,14.430000305175781,14.359999656677246,14.369999885559082,100900
2014-04-01,5.153473377227783,14.380000114440918,14.4399995803833,14.369999885559082,14.4399995803833,48100
2014-04-02,5.153473377227783,14.380000114440918,14.399999618530273,14.359999656677246,14.399999618530273,50700
2014-04-03,5.128386974334717,14.3100004196167,14.350000381469727,14.300000190734863,14.319999694824219,83800
2014-04-04,5.096133232116699,14.220000267028809,14.329999923706055,14.210000038146973,14.260000228881836,135800
2014-04-07,5.081799030303955,14.180000305175781,14.220000267028809,14.170000076293945,14.220000267028809,37200
2014-04-08,5.074631214141846,14.15999984741211,14.210000038146973,14.15999984741211,14.210000038146973,45300
2014-04-09,5.088966369628906,14.199999809265137,14.229999542236328,14.130000114440918,14.15999984741211,128800
2014-04-10,5.067461967468262,14.140000343322754,14.3100004196167,14.119999885559082,14.220000267028809,69400
2014-04-11,5.0567121505737305,14.109999656677246,14.1899995803833,14.0,14.069999694824219,183800
2014-04-14,5.0567121505737305,14.109999656677246,14.210000038146973,14.069999694824219,14.119999885559082,53800
2014-04-15,5.013707160949707,13.989999771118164,14.140000343322754,13.989999771118164,14.0600004196167,108700
2014-04-16,5.010122299194336,13.979999542236328,14.020000457763672,13.9399995803833,13.989999771118164,59300
2014-04-17,5.038794040679932,14.0600004196167,14.079999923706055,13.989999771118164,14.010000228881836,20600
2014-04-21,5.078214645385742,14.170000076293945,14.170000076293945,14.09000015258789,14.09000015258789,25100
2014-04-22,5.099717617034912,14.229999542236328,14.260000228881836,14.149999618530273,14.180000305175781,111500
2014-04-23,5.1176371574401855,14.279999732971191,14.319999694824219,14.220000267028809,14.279999732971191,27200
2014-04-24,5.128386974334717,14.3100004196167,14.34000015258789,14.210000038146973,14.229999542236328,64000
2014-04-25,5.1176371574401855,14.279999732971191,14.329999923706055,14.270000457763672,14.300000190734863,17300
2014-04-28,5.128386974334717,14.3100004196167,14.350000381469727,14.270000457763672,14.319999694824219,32500
2014-04-29,5.146305561065674,14.359999656677246,14.369999885559082,14.3100004196167,14.3100004196167,10500
2014-04-30,5.1642255783081055,14.40999984741211,14.420000076293945,14.289999961853027,14.359999656677246,55300
2014-05-01,5.16780948638916,14.420000076293945,14.539999961853027,14.420000076293945,14.4399995803833,29900
2014-05-02,5.1642255783081055,14.40999984741211,14.449999809265137,14.369999885559082,14.380000114440918,23300
2014-05-05,5.185727596282959,14.470000267028809,14.470000267028809,14.329999923706055,14.369999885559082,14900
2014-05-06,5.16780948638916,14.420000076293945,14.489999771118164,14.390000343322754,14.390000343322754,29200
2014-05-07,5.185727596282959,14.470000267028809,14.489999771118164,14.449999809265137,14.470000267028809,11100
2014-05-08,5.178560733795166,14.449999809265137,14.5,14.40999984741211,14.40999984741211,18800
2014-05-09,5.157057762145996,14.390000343322754,14.40999984741211,14.369999885559082,14.399999618530273,15000
2014-05-12,5.1642255783081055,14.40999984741211,14.470000267028809,14.380000114440918,14.390000343322754,22900
2014-05-13,5.131970405578613,14.319999694824219,14.399999618530273,14.300000190734863,14.399999618530273,111800
2014-05-14,5.16780948638916,14.420000076293945,14.420000076293945,14.319999694824219,14.319999694824219,27300
2014-05-15,5.153473377227783,14.380000114440918,14.430000305175781,14.369999885559082,14.430000305175781,60900
2014-05-16,5.1642255783081055,14.40999984741211,14.40999984741211,14.34000015258789,14.34000015258789,18500
2014-05-19,5.139139652252197,14.34000015258789,14.399999618530273,14.3100004196167,14.319999694824219,13900
2014-05-20,5.1176371574401855,14.279999732971191,14.3100004196167,14.260000228881836,14.3100004196167,40900
2014-05-21,5.121220111846924,14.289999961853027,14.289999961853027,14.260000228881836,14.260000228881836,43400
2014-05-22,5.128386974334717,14.3100004196167,14.3100004196167,14.239999771118164,14.270000457763672,72900
2014-05-23,5.1498918533325195,14.369999885559082,14.369999885559082,14.25,14.25,13900
2014-05-27,5.1642255783081055,14.40999984741211,14.430000305175781,14.369999885559082,14.369999885559082,23000
2014-05-28,5.16780948638916,14.420000076293945,14.420000076293945,14.390000343322754,14.390000343322754,84900
2014-05-29,5.178560733795166,14.449999809265137,14.460000038146973,14.34000015258789,14.34000015258789,23000
2014-05-30,5.185727596282959,14.470000267028809,14.470000267028809,14.430000305175781,14.4399995803833,9000
2014-06-02,5.196479797363281,14.5,14.520000457763672,14.470000267028809,14.489999771118164,54000
2014-06-03,5.196479797363281,14.5,14.520000457763672,14.470000267028809,14.5,58200
2014-06-04,5.185727596282959,14.470000267028809,14.479999542236328,14.460000038146973,14.460000038146973,51200
2014-06-05,5.200063228607178,14.510000228881836,14.529999732971191,14.479999542236328,14.5,51900
2014-06-06,5.185727596282959,14.470000267028809,14.510000228881836,14.470000267028809,14.5,38100
2014-06-09,5.178560733795166,14.449999809265137,14.479999542236328,14.420000076293945,14.420000076293945,9400
2014-06-10,5.185727596282959,14.470000267028809,14.489999771118164,14.430000305175781,14.470000267028809,20500
2014-06-11,5.16780948638916,14.420000076293945,14.4399995803833,14.350000381469727,14.399999618530273,29900
2014-06-12,5.1498918533325195,14.369999885559082,14.40999984741211,14.359999656677246,14.359999656677246,21100
2014-06-13,5.157057762145996,14.390000343322754,14.390000343322754,14.350000381469727,14.350000381469727,17600
2014-06-16,5.219488143920898,14.380000114440918,14.399999618530273,14.229999542236328,14.229999542236328,70600
2014-06-17,5.24126672744751,14.4399995803833,14.489999771118164,14.399999618530273,14.489999771118164,38000
2014-06-18,5.270302772521973,14.520000457763672,14.520000457763672,14.40999984741211,14.470000267028809,19400
2014-06-19,5.277564525604248,14.539999961853027,14.579999923706055,14.520000457763672,14.520000457763672,50000
2014-06-20,5.313860893249512,14.640000343322754,14.640000343322754,14.579999923706055,14.579999923706055,140400
2014-06-23,5.313860893249512,14.640000343322754,14.640000343322754,14.569999694824219,14.579999923706055,38700
2014-06-24,5.288451671600342,14.569999694824219,14.630000114440918,14.569999694824219,14.619999885559082,12000
2014-06-25,5.324749946594238,14.670000076293945,14.670000076293945,14.520000457763672,14.520000457763672,72700
2014-06-26,5.299343109130859,14.600000381469727,14.600000381469727,14.529999732971191,14.600000381469727,16200
2014-06-27,5.302971363067627,14.609999656677246,14.609999656677246,14.569999694824219,14.569999694824219,5800
2014-06-30,5.288451671600342,14.569999694824219,14.649999618530273,14.569999694824219,14.619999885559082,45000
2014-07-01,5.335638523101807,14.699999809265137,14.729999542236328,14.6899995803833,14.699999809265137,28600
2014-07-02,5.284822940826416,14.5600004196167,14.649999618530273,14.5600004196167,14.579999923706055,55600
2014-07-03,5.310229778289795,14.630000114440918,14.710000038146973,14.630000114440918,14.649999618530273,4600
2014-07-07,5.295712471008301,14.59000015258789,14.59000015258789,14.5,14.5,21800
2014-07-08,5.2739338874816895,14.529999732971191,14.539999961853027,14.470000267028809,14.489999771118164,33300
2014-07-09,5.277564525604248,14.539999961853027,14.5600004196167,14.470000267028809,14.479999542236328,12300
2014-07-10,5.25215482711792,14.470000267028809,14.470000267028809,14.350000381469727,14.350000381469727,19400
2014-07-11,5.230377674102783,14.40999984741211,14.430000305175781,14.34000015258789,14.390000343322754,22000
2014-07-14,5.248525619506836,14.460000038146973,14.550000190734863,14.4399995803833,14.550000190734863,334700
2014-07-15,5.259415626525879,14.489999771118164,14.520000457763672,14.479999542236328,14.510000228881836,26500
2014-07-16,5.263044357299805,14.5,14.539999961853027,14.460000038146973,14.539999961853027,140800
2014-07-17,5.230377674102783,14.40999984741211,14.5,14.40999984741211,14.430000305175781,38500
2014-07-18,5.2448954582214355,14.449999809265137,14.489999771118164,14.359999656677246,14.369999885559082,29300
2014-07-21,5.215859413146973,14.369999885559082,14.420000076293945,14.369999885559082,14.369999885559082,20300
2014-07-22,5.230377674102783,14.40999984741211,14.470000267028809,14.369999885559082,14.380000114440918,47200
2014-07-23,5.215859413146973,14.369999885559082,14.390000343322754,14.279999732971191,14.279999732971191,35800
2014-07-24,5.204970359802246,14.34000015258789,14.449999809265137,14.34000015258789,14.420000076293945,55900
2014-07-25,5.17593240737915,14.260000228881836,14.289999961853027,14.229999542236328,14.260000228881836,31500
2014-07-28,5.161413192749023,14.220000267028809,14.270000457763672,14.140000343322754,14.210000038146973,43300
2014-07-29,5.146895885467529,14.180000305175781,14.229999542236328,14.170000076293945,14.199999809265137,33000
2014-07-30,5.128746032714844,14.130000114440918,14.15999984741211,14.100000381469727,14.130000114440918,59800
2014-07-31,5.030745029449463,13.859999656677246,14.039999961853027,13.859999656677246,14.039999961853027,19100
2014-08-01,5.041635513305664,13.890000343322754,13.920000076293945,13.720000267028809,13.75,83600
2014-08-04,5.052524089813232,13.920000076293945,13.920000076293945,13.859999656677246,13.90999984741211,28300
2014-08-05,4.9726691246032715,13.699999809265137,13.859999656677246,13.640000343322754,13.850000381469727,41500
2014-08-06,4.994447708129883,13.760000228881836,13.760000228881836,13.569999694824219,13.569999694824219,50300
2014-08-07,4.9581522941589355,13.65999984741211,13.779999732971191,13.619999885559082,13.779999732971191,32900
2014-08-08,4.9726691246032715,13.699999809265137,13.699999809265137,13.619999885559082,13.630000114440918,37800
2014-08-11,4.979928970336914,13.720000267028809,13.739999771118164,13.65999984741211,13.699999809265137,74400
2014-08-12,4.979928970336914,13.720000267028809,13.760000228881836,13.6899995803833,13.75,19400
2014-08-13,4.994447708129883,13.760000228881836,13.789999961853027,13.739999771118164,13.760000228881836,40700
2014-08-14,5.019855499267578,13.829999923706055,13.850000381469727,13.819999694824219,13.850000381469727,39700
2014-08-15,5.0380048751831055,13.880000114440918,13.90999984741211,13.729999542236328,13.880000114440918,71600
2014-08-18,5.0380048751831055,13.880000114440918,13.890000343322754,13.84000015258789,13.880000114440918,35800
2014-08-19,5.081559658050537,14.0,14.0,13.9399995803833,13.949999809265137,33600
2014-08-20,5.074301242828369,13.979999542236328,14.0,13.899999618530273,13.930000305175781,40700
2014-08-21,5.110597610473633,14.079999923706055,14.079999923706055,14.0,14.0,56600
2014-08-22,5.081559658050537,14.0,14.029999732971191,13.989999771118164,13.989999771118164,21500
2014-08-25,5.114227771759033,14.09000015258789,14.109999656677246,14.010000228881836,14.010000228881836,25800
2014-08-26,5.103338718414307,14.0600004196167,14.119999885559082,14.020000457763672,14.119999885559082,33600
2014-08-27,5.132375240325928,14.140000343322754,14.149999618530273,14.100000381469727,14.109999656677246,43300
2014-08-28,5.12511682510376,14.119999885559082,14.119999885559082,14.0,14.050000190734863,64000
2014-08-29,5.117856502532959,14.100000381469727,14.100000381469727,14.020000457763672,14.079999923706055,19800
2014-09-02,5.172301769256592,14.25,14.270000457763672,14.130000114440918,14.149999618530273,124800
2014-09-03,5.197709083557129,14.319999694824219,14.34000015258789,14.300000190734863,14.34000015258789,30600
2014-09-04,5.132375240325928,14.140000343322754,14.220000267028809,14.109999656677246,14.220000267028809,86600
2014-09-05,5.121487140655518,14.109999656677246,14.119999885559082,14.010000228881836,14.109999656677246,9200
2014-09-08,5.0851898193359375,14.010000228881836,14.100000381469727,14.010000228881836,14.039999961853027,12300
2014-09-09,5.070672035217285,13.970000267028809,14.050000190734863,13.960000038146973,14.050000190734863,43600
2014-09-10,5.0851898193359375,14.010000228881836,14.029999732971191,13.960000038146973,13.970000267028809,25300
2014-09-11,5.081559658050537,14.0,14.010000228881836,13.949999809265137,13.989999771118164,23900
2014-09-12,5.0851898193359375,14.010000228881836,14.010000228881836,13.960000038146973,13.979999542236328,86900
2014-09-15,5.059781551361084,13.9399995803833,14.029999732971191,13.930000305175781,13.960000038146973,23400
2014-09-16,5.077930450439453,13.989999771118164,14.010000228881836,13.899999618530273,13.9399995803833,18400
2014-09-17,5.056153297424316,13.930000305175781,13.989999771118164,13.880000114440918,13.920000076293945,19800
2014-09-18,5.059781551361084,13.9399995803833,13.989999771118164,13.920000076293945,13.979999542236328,10800
2014-09-19,5.045262813568115,13.899999618530273,13.9399995803833,13.890000343322754,13.90999984741211,18400
2014-09-22,5.041635513305664,13.890000343322754,13.9399995803833,13.869999885559082,13.920000076293945,22300
2014-09-23,5.0125956535339355,13.8100004196167,13.829999923706055,13.760000228881836,13.800000190734863,28900
2014-09-24,5.019855499267578,13.829999923706055,13.829999923706055,13.729999542236328,13.729999542236328,24000
2014-09-25,4.9690399169921875,13.6899995803833,13.75,13.680000305175781,13.739999771118164,70900
2014-09-26,4.979928970336914,13.720000267028809,13.729999542236328,13.699999809265137,13.729999542236328,2100
2014-09-29,4.925483226776123,13.569999694824219,13.630000114440918,13.5600004196167,13.630000114440918,17400
2014-09-30,4.9109649658203125,13.529999732971191,13.569999694824219,13.529999732971191,13.5600004196167,22000
2014-10-01,4.856520175933838,13.380000114440918,13.520000457763672,13.380000114440918,13.520000457763672,30200
2014-10-02,4.838372707366943,13.329999923706055,13.359999656677246,13.25,13.350000381469727,58800
2014-10-03,4.7948150634765625,13.210000038146973,13.3100004196167,13.170000076293945,13.300000190734863,46800
2014-10-06,4.8093342781066895,13.25,13.270000457763672,13.199999809265137,13.260000228881836,20500
2014-10-07,4.707703113555908,12.970000267028809,13.140000343322754,12.800000190734863,13.020000457763672,236400
2014-10-08,4.762147903442383,13.119999885559082,13.119999885559082,12.949999809265137,12.949999809265137,42700
2014-10-09,4.664146900177002,12.850000381469727,13.069999694824219,12.850000381469727,13.039999961853027,27400
2014-10-10,4.645997047424316,12.800000190734863,12.850000381469727,12.760000228881836,12.789999961853027,47600
2014-10-13,4.5661444664001465,12.579999923706055,12.859999656677246,12.569999694824219,12.859999656677246,47700
2014-10-14,4.551626205444336,12.539999961853027,12.6899995803833,12.529999732971191,12.569999694824219,138500
2014-10-15,4.471773147583008,12.319999694824219,12.40999984741211,12.220000267028809,12.380000114440918,145700
2014-10-16,4.482662200927734,12.350000381469727,12.369999885559082,11.979999542236328,12.079999923706055,92800
2014-10-17,4.5588860511779785,12.5600004196167,12.6899995803833,12.5,12.5,18400
2014-10-20,4.638739109039307,12.779999732971191,12.789999961853027,12.609999656677246,12.609999656677246,18900
2014-10-21,4.696813583374023,12.9399995803833,12.949999809265137,12.800000190734863,12.800000190734863,45800
2014-10-22,4.718593120574951,13.0,13.460000038146973,12.9399995803833,12.9399995803833,25800
2014-10-23,4.743999481201172,13.069999694824219,13.119999885559082,13.050000190734863,13.119999885559082,29200
2014-10-24,4.7512593269348145,13.09000015258789,13.100000381469727,13.0600004196167,13.09000015258789,8400
2014-10-27,4.765777587890625,13.130000114440918,13.15999984741211,13.079999923706055,13.09000015258789,22700
2014-10-28,4.8093342781066895,13.25,13.329999923706055,13.170000076293945,13.180000305175781,38100
2014-10-29,4.783926486968994,13.180000305175781,13.34000015258789,13.130000114440918,13.319999694824219,18600
2014-10-30,4.838372707366943,13.329999923706055,13.350000381469727,13.149999618530273,13.149999618530273,18700
2014-10-31,4.863779544830322,13.399999618530273,13.430000305175781,13.34000015258789,13.369999885559082,50000
2014-11-03,4.823852062225342,13.289999961853027,13.289999961853027,13.199999809265137,13.279999732971191,19600
2014-11-04,4.798445224761963,13.220000267028809,13.3100004196167,13.1899995803833,13.300000190734863,25900
2014-11-05,4.816592693328857,13.270000457763672,13.390000343322754,13.229999542236328,13.319999694824219,87000
2014-11-06,4.842000961303711,13.34000015258789,13.350000381469727,13.270000457763672,13.270000457763672,71500
2014-11-07,4.838372707366943,13.329999923706055,13.359999656677246,13.279999732971191,13.3100004196167,64700
2014-11-10,4.834741115570068,13.319999694824219,13.369999885559082,13.199999809265137,13.369999885559082,58900
2014-11-11,4.86014986038208,13.390000343322754,13.420000076293945,13.289999961853027,13.319999694824219,24800
2014-11-12,4.867408752441406,13.40999984741211,13.40999984741211,13.270000457763672,13.3100004196167,30600
2014-11-13,4.914594650268555,13.539999961853027,13.550000190734863,13.399999618530273,13.420000076293945,28200
2014-11-14,4.918224334716797,13.550000190734863,13.569999694824219,13.420000076293945,13.4399995803833,81700
2014-11-17,4.881927967071533,13.449999809265137,13.5,13.390000343322754,13.4399995803833,66300
2014-11-18,4.932743549346924,13.59000015258789,13.600000381469727,13.520000457763672,13.539999961853027,45600
2014-11-19,4.936372756958008,13.600000381469727,13.600000381469727,13.5600004196167,13.579999923706055,30700
2014-11-20,4.950892448425293,13.640000343322754,13.649999618530273,13.5600004196167,13.569999694824219,53300
2014-11-21,4.9690399169921875,13.6899995803833,13.710000038146973,13.619999885559082,13.6899995803833,42300
2014-11-24,4.979928970336914,13.720000267028809,13.720000267028809,13.649999618530273,13.65999984741211,59300
2014-11-25,4.9835591316223145,13.729999542236328,13.75,13.680000305175781,13.6899995803833,66800
2014-11-26,4.998077392578125,13.770000457763672,13.8100004196167,13.739999771118164,13.739999771118164,17700
2014-11-28,4.998077392578125,13.770000457763672,13.8100004196167,13.760000228881836,13.800000190734863,16000
2014-12-01,5.016225814819336,13.819999694824219,13.84000015258789,13.8100004196167,13.8100004196167,19500
2014-12-02,5.005336284637451,13.789999961853027,13.8100004196167,13.710000038146973,13.739999771118164,26300
2014-12-03,4.998077392578125,13.770000457763672,13.770000457763672,13.6899995803833,13.699999809265137,29100
2014-12-04,5.081559658050537,14.0,14.0600004196167,13.899999618530273,13.899999618530273,456300
2014-12-05,5.0997090339660645,14.050000190734863,14.050000190734863,13.949999809265137,14.029999732971191,637800
2014-12-08,5.045262813568115,13.899999618530273,14.039999961853027,13.859999656677246,14.039999961853027,88600
2014-12-09,4.9726691246032715,13.699999809265137,13.859999656677246,13.699999809265137,13.859999656677246,93700
2014-12-10,5.008967399597168,13.800000190734863,13.920000076293945,13.699999809265137,13.699999809265137,297400
2014-12-11,5.023484706878662,13.84000015258789,13.890000343322754,13.779999732971191,13.800000190734863,184100
2014-12-12,4.947261810302734,13.630000114440918,13.8100004196167,13.579999923706055,13.739999771118164,71800
2014-12-15,4.9148125648498535,11.359999656677246,11.65999984741211,11.34000015258789,11.649999618530273,648200
2014-12-16,4.884528636932373,11.289999961853027,11.399999618530273,11.289999961853027,11.329999923706055,111800
2014-12-17,4.932120323181152,11.399999618530273,11.489999771118164,11.289999961853027,11.289999961853027,68400
2014-12-18,4.927792549133301,11.390000343322754,11.489999771118164,11.359999656677246,11.479999542236328,102100
2014-12-19,4.893181800842285,11.3100004196167,11.369999885559082,11.289999961853027,11.329999923706055,61600
2014-12-22,4.906160354614258,11.34000015258789,11.420000076293945,11.319999694824219,11.399999618530273,30600
2014-12-23,4.880202293395996,11.279999732971191,11.380000114440918,11.270000457763672,11.34000015258789,57600
2014-12-24,4.919139862060547,11.369999885559082,11.399999618530273,11.319999694824219,11.359999656677246,13600
2014-12-26,4.9148125648498535,11.359999656677246,11.430000305175781,11.319999694824219,11.430000305175781,39900
2014-12-29,4.880202293395996,11.279999732971191,11.350000381469727,11.260000228881836,11.350000381469727,40000
2014-12-30,4.832611083984375,11.170000076293945,11.270000457763672,11.140000343322754,11.270000457763672,33700
2014-12-31,4.8196330070495605,11.140000343322754,11.1899995803833,11.130000114440918,11.130000114440918,24800
2015-01-02,4.8282856941223145,11.15999984741211,11.170000076293945,11.100000381469727,11.130000114440918,25600
2015-01-05,4.741756916046143,10.960000038146973,11.100000381469727,10.90999984741211,11.09000015258789,101300
2015-01-06,4.728778839111328,10.930000305175781,11.029999732971191,10.920000076293945,10.960000038146973,33200
2015-01-07,4.737431526184082,10.949999809265137,10.970000267028809,10.920000076293945,10.9399995803833,43600
2015-01-08,4.763389587402344,11.010000228881836,11.029999732971191,10.960000038146973,11.029999732971191,85300
2015-01-09,4.802327632904053,11.100000381469727,11.140000343322754,11.020000457763672,11.020000457763672,27200
2015-01-12,4.802327632904053,11.100000381469727,11.180000305175781,11.09000015258789,11.180000305175781,21000
2015-01-13,4.8282856941223145,11.15999984741211,11.220000267028809,11.149999618530273,11.170000076293945,19100
2015-01-14,4.832611083984375,11.170000076293945,11.1899995803833,11.130000114440918,11.130000114440918,22000
2015-01-15,4.988363265991211,11.529999732971191,11.680000305175781,11.279999732971191,11.529999732971191,348800
2015-01-16,4.9148125648498535,11.359999656677246,11.510000228881836,11.300000190734863,11.399999618530273,204500
2015-01-20,4.971057891845703,11.489999771118164,11.5600004196167,11.390000343322754,11.40999984741211,196200
2015-01-21,4.96673059463501,11.479999542236328,11.550000190734863,11.420000076293945,11.479999542236328,73700
2015-01-22,4.984037399291992,11.520000457763672,11.550000190734863,11.350000381469727,11.420000076293945,131300
2015-01-23,4.936446189880371,11.40999984741211,11.550000190734863,11.40999984741211,11.529999732971191,75600
2015-01-26,4.9494242668151855,11.4399995803833,11.470000267028809,11.380000114440918,11.390000343322754,56700
2015-01-27,4.923466205596924,11.380000114440918,11.470000267028809,11.380000114440918,11.4399995803833,102600
2015-01-28,4.802327632904053,11.100000381469727,11.390000343322754,11.100000381469727,11.380000114440918,81700
2015-01-29,4.832611083984375,11.170000076293945,11.25,11.119999885559082,11.210000038146973,68600
2015-01-30,4.785019874572754,11.0600004196167,11.15999984741211,11.029999732971191,11.050000190734863,43100
2015-02-02,4.8196330070495605,11.140000343322754,11.170000076293945,11.069999694824219,11.100000381469727,38900
2015-02-03,4.8282856941223145,11.15999984741211,11.210000038146973,11.140000343322754,11.140000343322754,83600
2015-02-04,4.845590591430664,11.199999809265137,11.289999961853027,11.199999809265137,11.210000038146973,71100
2015-02-05,4.854244709014893,11.220000267028809,11.260000228881836,11.210000038146973,11.25,71600
2015-02-06,4.832611083984375,11.170000076293945,11.260000228881836,11.170000076293945,11.199999809265137,61400
2015-02-09,4.858569145202637,11.229999542236328,11.289999961853027,11.229999542236328,11.239999771118164,59000
2015-02-10,4.880202293395996,11.279999732971191,11.289999961853027,11.199999809265137,11.229999542236328,39100
2015-02-11,4.867223262786865,11.25,11.260000228881836,11.210000038146973,11.229999542236328,13200
2015-02-12,4.893181800842285,11.3100004196167,11.3100004196167,11.239999771118164,11.25,58500
2015-02-13,4.893181800842285,11.3100004196167,11.34000015258789,11.260000228881836,11.260000228881836,29500
2015-02-17,4.927792549133301,11.390000343322754,11.430000305175781,11.350000381469727,11.359999656677246,51200
2015-02-18,4.9148125648498535,11.359999656677246,11.430000305175781,11.359999656677246,11.420000076293945,260500
2015-02-19,4.910486221313477,11.350000381469727,11.390000343322754,11.350000381469727,11.390000343322754,140700
2015-02-20,4.975384712219238,11.5,11.510000228881836,11.329999923706055,11.399999618530273,306300
2015-02-23,4.953751564025879,11.449999809265137,11.489999771118164,11.380000114440918,11.4399995803833,61900
2015-02-24,4.988363265991211,11.529999732971191,11.529999732971191,11.40999984741211,11.4399995803833,102200
2015-02-25,5.009995460510254,11.579999923706055,11.59000015258789,11.520000457763672,11.529999732971191,13800
2015-02-26,5.0056681632995605,11.569999694824219,11.59000015258789,11.5,11.550000190734863,39000
2015-02-27,5.0273003578186035,11.619999885559082,11.670000076293945,11.550000190734863,11.569999694824219,86000
2015-03-02,5.035953998565674,11.640000343322754,11.649999618530273,11.579999923706055,11.619999885559082,67400
2015-03-03,5.0056681632995605,11.569999694824219,11.619999885559082,11.539999961853027,11.609999656677246,90100
2015-03-04,4.99268913269043,11.539999961853027,11.600000381469727,11.520000457763672,11.569999694824219,320900
2015-03-05,5.009995460510254,11.579999923706055,11.600000381469727,11.510000228881836,11.569999694824219,74600
2015-03-06,4.932120323181152,11.399999618530273,11.5,11.399999618530273,11.5,64800
2015-03-09,4.9494242668151855,11.4399995803833,11.4399995803833,11.350000381469727,11.420000076293945,76300
2015-03-10,4.8715500831604,11.260000228881836,11.34000015258789,11.25,11.34000015258789,43800
2015-03-11,4.849917411804199,11.210000038146973,11.25,11.180000305175781,11.210000038146973,25900
2015-03-12,4.884528636932373,11.289999961853027,11.289999961853027,11.220000267028809,11.220000267028809,24500
2015-03-13,4.8628973960876465,11.239999771118164,11.279999732971191,11.1899995803833,11.1899995803833,45600
2015-03-16,4.910486221313477,11.350000381469727,11.369999885559082,11.300000190734863,11.3100004196167,63100
2015-03-17,4.867223262786865,11.25,11.300000190734863,11.25,11.300000190734863,86000
2015-03-18,4.953751564025879,11.449999809265137,11.489999771118164,11.289999961853027,11.300000190734863,90100
2015-03-19,4.927792549133301,11.390000343322754,11.4399995803833,11.369999885559082,11.4399995803833,25400
2015-03-20,5.022974014282227,11.609999656677246,11.680000305175781,11.579999923706055,11.600000381469727,50300
2015-03-23,5.096523284912109,11.779999732971191,11.8100004196167,11.699999809265137,11.720000267028809,77400
2015-03-24,5.118156433105469,11.829999923706055,11.869999885559082,11.819999694824219,11.829999923706055,47400
2015-03-25,5.070565700531006,11.720000267028809,11.829999923706055,11.720000267028809,11.819999694824219,103200
2015-03-26,5.009995460510254,11.579999923706055,11.649999618530273,11.539999961853027,11.649999618530273,43600
2015-03-27,5.018648147583008,11.600000381469727,11.649999618530273,11.520000457763672,11.579999923706055,86000
2015-03-30,5.053259372711182,11.680000305175781,11.729999542236328,11.600000381469727,11.600000381469727,32100
2015-03-31,4.99268913269043,11.539999961853027,11.579999923706055,11.539999961853027,11.579999923706055,79200
2015-04-01,5.066238880157471,11.710000038146973,11.710000038146973,11.569999694824219,11.649999618530273,52900
2015-04-02,5.074890613555908,11.729999542236328,11.739999771118164,11.680000305175781,11.710000038146973,35700
2015-04-06,5.122480869293213,11.84000015258789,11.850000381469727,11.75,11.75,35700
2015-04-07,5.126809120178223,11.850000381469727,11.930000305175781,11.850000381469727,11.850000381469727,95500
2015-04-08,5.152768135070801,11.90999984741211,11.920000076293945,11.859999656677246,11.869999885559082,32100
2015-04-09,5.165745258331299,11.9399995803833,11.979999542236328,11.869999885559082,11.920000076293945,27800
2015-04-10,5.183051109313965,11.979999542236328,11.989999771118164,11.930000305175781,11.970000267028809,22000
2015-04-13,5.174399375915527,11.960000038146973,11.970000267028809,11.90999984741211,11.970000267028809,29800
2015-04-14,5.204683780670166,12.029999732971191,12.029999732971191,11.970000267028809,11.970000267028809,36100
2015-04-15,5.234969139099121,12.100000381469727,12.130000114440918,12.010000228881836,12.09000015258789,33600
2015-04-16,5.221989631652832,12.069999694824219,12.119999885559082,12.029999732971191,12.039999961853027,76900
2015-04-17,5.187378883361816,11.989999771118164,12.010000228881836,11.970000267028809,12.010000228881836,80200
2015-04-20,5.183051109313965,11.979999542236328,12.079999923706055,11.979999542236328,11.989999771118164,39200
2015-04-21,5.234969139099121,12.100000381469727,12.119999885559082,12.069999694824219,12.069999694824219,11900
2015-04-22,5.213336944580078,12.050000190734863,12.100000381469727,12.039999961853027,12.100000381469727,68400
2015-04-23,5.24794864654541,12.130000114440918,12.140000343322754,12.0600004196167,12.0600004196167,57500
2015-04-24,5.26525354385376,12.170000076293945,12.170000076293945,12.079999923706055,12.140000343322754,23000
2015-04-27,5.26525354385376,12.170000076293945,12.229999542236328,12.149999618530273,12.210000038146973,54500
2015-04-28,5.256598949432373,12.149999618530273,12.210000038146973,12.039999961853027,12.09000015258789,92900
2015-04-29,5.234969139099121,12.100000381469727,12.199999809265137,12.09000015258789,12.170000076293945,17400
2015-04-30,5.213336944580078,12.050000190734863,12.130000114440918,12.029999732971191,12.09000015258789,80900
2015-05-01,5.2868852615356445,12.220000267028809,12.270000457763672,12.140000343322754,12.140000343322754,49000
2015-05-04,5.304191589355469,12.260000228881836,12.260000228881836,12.229999542236328,12.260000228881836,27800
2015-05-05,5.299865245819092,12.25,12.369999885559082,12.239999771118164,12.359999656677246,51600
2015-05-06,5.304191589355469,12.260000228881836,12.289999961853027,12.239999771118164,12.270000457763672,45900
2015-05-07,5.299865245819092,12.25,12.279999732971191,12.1899995803833,12.279999732971191,50900
2015-05-08,5.3647613525390625,12.399999618530273,12.489999771118164,12.380000114440918,12.430000305175781,25000
2015-05-11,5.356109619140625,12.380000114440918,12.390000343322754,12.319999694824219,12.350000381469727,59000
2015-05-12,5.343129634857178,12.350000381469727,12.390000343322754,12.300000190734863,12.380000114440918,36000
2015-05-13,5.382067680358887,12.4399995803833,12.4399995803833,12.369999885559082,12.399999618530273,54600
2015-05-14,5.421003818511963,12.529999732971191,12.630000114440918,12.529999732971191,12.59000015258789,83500
2015-05-15,5.429656982421875,12.550000190734863,12.550000190734863,12.319999694824219,12.40999984741211,29600
2015-05-18,5.425331115722656,12.539999961853027,12.569999694824219,12.5,12.510000228881836,14500
2015-05-19,5.395045757293701,12.470000267028809,12.529999732971191,12.470000267028809,12.5,94600
2015-05-20,5.395045757293701,12.470000267028809,12.539999961853027,12.4399995803833,12.449999809265137,56100
2015-05-21,5.421003818511963,12.529999732971191,12.5600004196167,12.5,12.5,26500
2015-05-22,5.408026695251465,12.5,12.510000228881836,12.479999542236328,12.479999542236328,12800
2015-05-26,5.308517932891846,12.270000457763672,12.359999656677246,12.220000267028809,12.359999656677246,44100
2015-05-27,5.3690876960754395,12.40999984741211,12.40999984741211,12.300000190734863,12.300000190734863,26700
2015-05-28,5.3647613525390625,12.399999618530273,12.4399995803833,12.34000015258789,12.369999885559082,38000
2015-05-29,5.325824737548828,12.3100004196167,12.449999809265137,12.25,12.34000015258789,52400
2015-06-01,5.325824737548828,12.3100004196167,12.359999656677246,12.270000457763672,12.319999694824219,30000
2015-06-02,5.34745454788208,12.359999656677246,12.390000343322754,12.289999961853027,12.3100004196167,32600
2015-06-03,5.34745454788208,12.359999656677246,12.470000267028809,12.359999656677246,12.399999618530273,35200
2015-06-04,5.360434532165527,12.390000343322754,12.430000305175781,12.34000015258789,12.34000015258789,33400
2015-06-05,5.295539379119873,12.239999771118164,12.25,12.140000343322754,12.170000076293945,33700
2015-06-08,5.256598949432373,12.149999618530273,12.220000267028809,12.109999656677246,12.220000267028809,112500
2015-06-09,5.230640888214111,12.09000015258789,12.170000076293945,12.0600004196167,12.140000343322754,21300
2015-06-10,5.304191589355469,12.260000228881836,12.34000015258789,12.210000038146973,12.210000038146973,77300
2015-06-11,5.299865245819092,12.25,12.289999961853027,12.25,12.279999732971191,40100
2015-06-12,5.256598949432373,12.149999618530273,12.170000076293945,12.109999656677246,12.149999618530273,6900
2015-06-15,5.234969139099121,12.100000381469727,12.119999885559082,11.930000305175781,11.989999771118164,51100
2015-06-16,5.256598949432373,12.149999618530273,12.149999618530273,12.0600004196167,12.079999923706055,80400
2015-06-17,5.226316452026367,12.079999923706055,12.140000343322754,11.949999809265137,12.100000381469727,20500
2015-06-18,5.230640888214111,12.09000015258789,12.15999984741211,12.039999961853027,12.0600004196167,13600
2015-06-19,5.239294528961182,12.109999656677246,12.130000114440918,12.100000381469727,12.100000381469727,9300
2015-06-22,5.2868852615356445,12.220000267028809,12.279999732971191,12.15999984741211,12.210000038146973,41900
2015-06-23,5.325824737548828,12.3100004196167,12.380000114440918,12.1899995803833,12.1899995803833,30200
2015-06-24,5.252274990081787,12.140000343322754,12.239999771118164,12.130000114440918,12.170000076293945,29600
2015-06-25,5.209010601043701,12.039999961853027,12.15999984741211,12.029999732971191,12.100000381469727,27900
2015-06-26,5.191705226898193,12.0,12.069999694824219,11.989999771118164,12.029999732971191,64700
2015-06-29,5.087871074676514,11.760000228881836,11.949999809265137,11.729999542236328,11.899999618530273,96200
2015-06-30,5.061911582946777,11.699999809265137,11.899999618530273,11.640000343322754,11.899999618530273,53600
2015-07-01,4.9887895584106445,11.529999732971191,11.550000190734863,11.449999809265137,11.470000267028809,73000
2015-07-02,5.023403167724609,11.609999656677246,11.640000343322754,11.489999771118164,11.600000381469727,108200
2015-07-06,4.95850133895874,11.460000038146973,11.479999542236328,11.420000076293945,11.470000267028809,115400
2015-07-07,4.9671549797058105,11.479999542236328,11.479999542236328,11.149999618530273,11.420000076293945,44200
2015-07-08,4.893599510192871,11.3100004196167,11.359999656677246,11.220000267028809,11.319999694824219,70200
2015-07-09,4.9498491287231445,11.4399995803833,11.529999732971191,11.420000076293945,11.510000228881836,145400
2015-07-10,5.0926313400268555,11.770000457763672,11.829999923706055,11.729999542236328,11.770000457763672,67700
2015-07-13,5.157535076141357,11.920000076293945,11.9399995803833,11.75,11.789999961853027,100100
2015-07-14,5.161861419677734,11.930000305175781,11.949999809265137,11.899999618530273,11.899999618530273,27600
2015-07-15,5.1056132316589355,11.800000190734863,11.819999694824219,11.800000190734863,11.819999694824219,21000
2015-07-16,5.140227317810059,11.880000114440918,11.890000343322754,11.829999923706055,11.869999885559082,30900
2015-07-17,5.140227317810059,11.880000114440918,11.979999542236328,11.819999694824219,11.819999694824219,46600
2015-07-20,5.127245903015137,11.850000381469727,11.880000114440918,11.8100004196167,11.880000114440918,12800
2015-07-21,5.114265441894531,11.819999694824219,11.84000015258789,11.75,11.75,11700
2015-07-22,5.053691387176514,11.680000305175781,11.710000038146973,11.649999618530273,11.680000305175781,26300
2015-07-23,5.0709991455078125,11.720000267028809,11.829999923706055,11.6899995803833,11.779999732971191,69800
2015-07-24,5.032057285308838,11.630000114440918,11.75,11.529999732971191,11.729999542236328,64900
2015-07-27,4.9931159019470215,11.539999961853027,11.630000114440918,11.539999961853027,11.600000381469727,47900
2015-07-28,5.127245903015137,11.850000381469727,11.890000343322754,11.630000114440918,11.630000114440918,83300
2015-07-29,5.153206825256348,11.90999984741211,11.90999984741211,11.729999542236328,11.84000015258789,48600
2015-07-30,5.12291955947876,11.84000015258789,11.890000343322754,11.640000343322754,11.890000343322754,44300
2015-07-31,5.118592739105225,11.829999923706055,11.920000076293945,11.800000190734863,11.90999984741211,27700
2015-08-03,5.148879528045654,11.899999618530273,12.359999656677246,11.789999961853027,11.869999885559082,44800
2015-08-04,5.231089115142822,12.09000015258789,12.100000381469727,11.890000343322754,11.930000305175781,198100
2015-08-05,5.2094550132751465,12.039999961853027,12.09000015258789,12.0,12.010000228881836,36600
2015-08-06,5.161861419677734,11.930000305175781,11.9399995803833,11.890000343322754,11.9399995803833,19200
2015-08-07,5.1056132316589355,11.800000190734863,11.800000190734863,11.710000038146973,11.800000190734863,14500
2015-08-10,5.13157320022583,11.859999656677246,11.859999656677246,11.800000190734863,11.800000190734863,4900
2015-08-11,5.062344074249268,11.699999809265137,11.75,11.649999618530273,11.75,17500
2015-08-12,5.0709991455078125,11.720000267028809,11.729999542236328,11.65999984741211,11.65999984741211,35300
2015-08-13,5.088305473327637,11.760000228881836,11.84000015258789,11.760000228881836,11.84000015258789,41200
2015-08-14,5.088305473327637,11.760000228881836,11.760000228881836,11.710000038146973,11.720000267028809,17800
2015-08-17,5.053691387176514,11.680000305175781,11.760000228881836,11.619999885559082,11.65999984741211,22300
2015-08-18,5.062344074249268,11.699999809265137,11.720000267028809,11.640000343322754,11.720000267028809,32900
2015-08-19,5.027729511260986,11.619999885559082,11.649999618530273,11.59000015258789,11.649999618530273,18500
2015-08-20,4.962829113006592,11.470000267028809,11.579999923706055,11.449999809265137,11.579999923706055,35500
2015-08-21,4.833024501800537,11.170000076293945,11.5,11.100000381469727,11.420000076293945,59300
2015-08-24,4.7162017822265625,10.899999618530273,11.5,10.899999618530273,11.420000076293945,62100
2015-08-25,4.811391353607178,11.119999885559082,11.5,11.119999885559082,11.229999542236328,82000
2015-08-26,4.841678142547607,11.1899995803833,11.220000267028809,11.0600004196167,11.199999809265137,147700
2015-08-27,4.846005439758301,11.199999809265137,11.460000038146973,11.180000305175781,11.210000038146973,17900
2015-08-28,4.7767767906188965,11.039999961853027,11.149999618530273,11.039999961853027,11.109999656677246,9700
2015-08-31,4.7767767906188965,11.039999961853027,11.180000305175781,11.039999961853027,11.079999923706055,15300
2015-09-01,4.703220367431641,10.869999885559082,10.9399995803833,10.84000015258789,10.84000015258789,19600
2015-09-02,4.7118754386901855,10.890000343322754,11.029999732971191,10.850000381469727,11.0,23300
2015-09-03,4.733508586883545,10.9399995803833,11.0,10.899999618530273,10.970000267028809,24500
2015-09-04,4.672933578491211,10.800000190734863,10.829999923706055,10.770000457763672,10.819999694824219,11300
2015-09-08,4.781103134155273,11.050000190734863,11.050000190734863,10.9399995803833,11.0,30300
2015-09-09,4.759469985961914,11.0,11.119999885559082,11.0,11.119999885559082,32700
2015-09-10,4.755142688751221,10.989999771118164,11.010000228881836,10.960000038146973,10.989999771118164,10000
2015-09-11,4.7767767906188965,11.039999961853027,11.039999961853027,10.90999984741211,10.979999542236328,16700
2015-09-14,4.703220367431641,10.869999885559082,10.949999809265137,10.8100004196167,10.949999809265137,12400
2015-09-15,4.74216365814209,10.960000038146973,10.960000038146973,10.850000381469727,10.850000381469727,12600
2015-09-16,4.781103134155273,11.050000190734863,11.069999694824219,11.010000228881836,11.010000228881836,4700
2015-09-17,4.811391353607178,11.119999885559082,11.15999984741211,10.960000038146973,10.979999542236328,10400
2015-09-18,4.746490001678467,10.970000267028809,11.039999961853027,10.970000267028809,11.039999961853027,2500
2015-09-21,4.768123149871826,11.020000457763672,11.130000114440918,11.010000228881836,11.039999961853027,26000
2015-09-22,4.69024133682251,10.84000015258789,10.84000015258789,10.729999542236328,10.8100004196167,47400
2015-09-23,4.646971702575684,10.739999771118164,10.84000015258789,10.710000038146973,10.84000015258789,49900
2015-09-24,4.638319492340088,10.720000267028809,10.720000267028809,10.619999885559082,10.65999984741211,43400
2015-09-25,4.677260875701904,10.8100004196167,10.829999923706055,10.739999771118164,10.760000228881836,27100
2015-09-28,4.6123576164245605,10.65999984741211,10.819999694824219,10.649999618530273,10.760000228881836,33400
2015-09-29,4.629665851593018,10.699999809265137,10.729999542236328,10.630000114440918,10.649999618530273,15500
2015-09-30,4.698894023895264,10.859999656677246,10.9399995803833,10.779999732971191,10.789999961853027,57400
2015-10-01,4.642646312713623,10.729999542236328,10.890000343322754,10.59000015258789,10.890000343322754,35300
2015-10-02,4.668607234954834,10.789999961853027,10.789999961853027,10.670000076293945,10.670000076293945,16000
2015-10-05,4.7118754386901855,10.890000343322754,10.960000038146973,10.75,10.859999656677246,51300
2015-10-06,4.768123149871826,11.020000457763672,11.029999732971191,10.90999984741211,10.90999984741211,14500
2015-10-07,4.768123149871826,11.020000457763672,11.079999923706055,10.930000305175781,11.0600004196167,24200
2015-10-08,4.789756774902344,11.069999694824219,11.069999694824219,11.010000228881836,11.010000228881836,15900
2015-10-09,4.789756774902344,11.069999694824219,11.180000305175781,11.010000228881836,11.180000305175781,40800
2015-10-12,4.802738189697266,11.100000381469727,11.149999618530273,11.010000228881836,11.010000228881836,14800
2015-10-13,4.802738189697266,11.100000381469727,11.140000343322754,11.029999732971191,11.029999732971191,13800
2015-10-14,4.7940826416015625,11.079999923706055,11.149999618530273,11.020000457763672,11.149999618530273,14700
2015-10-15,4.833024501800537,11.170000076293945,11.180000305175781,11.0,11.029999732971191,18700
2015-10-16,4.863312721252441,11.239999771118164,11.270000457763672,11.130000114440918,11.130000114440918,15200
2015-10-19,4.86763858795166,11.25,11.260000228881836,11.180000305175781,11.210000038146973,8900
2015-10-20,4.815717697143555,11.130000114440918,11.220000267028809,11.109999656677246,11.220000267028809,8000
2015-10-21,4.846005439758301,11.199999809265137,11.210000038146973,11.130000114440918,11.170000076293945,3600
2015-10-22,4.8503336906433105,11.210000038146973,11.210000038146973,10.869999885559082,11.149999618530273,17300
2015-10-23,4.82869815826416,11.15999984741211,11.220000267028809,11.130000114440918,11.220000267028809,26700
2015-10-26,4.811391353607178,11.119999885559082,11.180000305175781,11.09000015258789,11.180000305175781,23700
2015-10-27,4.798409938812256,11.09000015258789,11.119999885559082,11.039999961853027,11.0600004196167,8700
2015-10-28,4.7767767906188965,11.039999961853027,11.100000381469727,10.960000038146973,11.079999923706055,28800
2015-10-29,4.755142688751221,10.989999771118164,11.050000190734863,10.899999618530273,10.899999618530273,27500
2015-10-30,4.768123149871826,11.020000457763672,11.020000457763672,10.949999809265137,10.979999542236328,16900
2015-11-02,4.815717697143555,11.130000114440918,11.140000343322754,11.0600004196167,11.09000015258789,21400
2015-11-03,4.781103134155273,11.050000190734863,11.079999923706055,11.010000228881836,11.020000457763672,36500
2015-11-04,4.7767767906188965,11.039999961853027,11.119999885559082,10.989999771118164,11.079999923706055,68200
2015-11-05,4.846005439758301,11.199999809265137,11.199999809265137,11.010000228881836,11.079999923706055,33900
2015-11-06,4.798409938812256,11.09000015258789,11.09000015258789,10.979999542236328,11.09000015258789,27100
2015-11-09,4.724854469299316,10.920000076293945,11.0,10.920000076293945,11.0,38400
2015-11-10,4.703220367431641,10.869999885559082,10.899999618530273,10.789999961853027,10.869999885559082,31900
2015-11-11,4.6945672035217285,10.850000381469727,10.930000305175781,10.8100004196167,10.920000076293945,8900
2015-11-12,4.664280891418457,10.779999732971191,10.819999694824219,10.710000038146973,10.75,26300
2015-11-13,4.6123576164245605,10.65999984741211,10.6899995803833,10.630000114440918,10.680000305175781,26000
2015-11-16,4.672933578491211,10.800000190734863,10.829999923706055,10.680000305175781,10.699999809265137,17300
2015-11-17,4.651298999786377,10.75,10.779999732971191,10.630000114440918,10.760000228881836,103200
2015-11-18,4.7118754386901855,10.890000343322754,10.930000305175781,10.760000228881836,10.760000228881836,17600
2015-11-19,4.733508586883545,10.9399995803833,10.979999542236328,10.890000343322754,10.899999618530273,26600
2015-11-20,4.707548141479492,10.880000114440918,10.970000267028809,10.779999732971191,10.930000305175781,59200
2015-11-23,4.664280891418457,10.779999732971191,10.800000190734863,10.739999771118164,10.739999771118164,27400
2015-11-24,4.646971702575684,10.739999771118164,10.770000457763672,10.670000076293945,10.710000038146973,21700
2015-11-25,4.677260875701904,10.8100004196167,10.859999656677246,10.760000228881836,10.800000190734863,36600
2015-11-27,4.638319492340088,10.720000267028809,10.8100004196167,10.720000267028809,10.8100004196167,11000
2015-11-30,4.638319492340088,10.720000267028809,10.829999923706055,10.65999984741211,10.8100004196167,31300
2015-12-01,4.646971702575684,10.739999771118164,10.779999732971191,10.6899995803833,10.779999732971191,60300
2015-12-02,4.629665851593018,10.699999809265137,10.779999732971191,10.699999809265137,10.779999732971191,46500
2015-12-03,4.685914039611816,10.829999923706055,10.850000381469727,10.760000228881836,10.800000190734863,49900
2015-12-04,4.733508586883545,10.9399995803833,11.029999732971191,10.760000228881836,10.789999961853027,86400
2015-12-07,4.7205281257629395,10.90999984741211,10.930000305175781,10.869999885559082,10.920000076293945,73900
2015-12-08,4.7118754386901855,10.890000343322754,10.890000343322754,10.819999694824219,10.84000015258789,49200
2015-12-09,4.681587219238281,10.819999694824219,10.899999618530273,10.779999732971191,10.890000343322754,36400
2015-12-10,4.69024133682251,10.84000015258789,10.859999656677246,10.75,10.819999694824219,19400
2015-12-11,4.616685390472412,10.670000076293945,10.789999961853027,10.670000076293945,10.760000228881836,59200
2015-12-14,4.6123576164245605,10.65999984741211,10.800000190734863,10.569999694824219,10.680000305175781,81900
2015-12-15,4.638319492340088,10.720000267028809,10.779999732971191,10.65999984741211,10.65999984741211,57100
2015-12-16,4.6945672035217285,10.850000381469727,10.859999656677246,10.770000457763672,10.84000015258789,22300
2015-12-17,4.677260875701904,10.8100004196167,10.899999618530273,10.760000228881836,10.829999923706055,65400
2015-12-18,4.504961013793945,10.380000114440918,10.550000190734863,10.3100004196167,10.399999618530273,81900
2015-12-21,4.548360824584961,10.479999542236328,10.5,10.449999809265137,10.449999809265137,42100
2015-12-22,4.544020652770996,10.470000267028809,10.539999961853027,10.380000114440918,10.539999961853027,41900
2015-12-23,4.57440185546875,10.539999961853027,10.609999656677246,10.5,10.609999656677246,68500
2015-12-24,4.617801189422607,10.640000343322754,10.65999984741211,10.5,10.5,14100
2015-12-28,4.591760635375977,10.579999923706055,10.609999656677246,10.5600004196167,10.600000381469727,26700
2015-12-29,4.6264824867248535,10.65999984741211,10.6899995803833,10.619999885559082,10.630000114440918,43500
2015-12-30,4.639500617980957,10.6899995803833,10.710000038146973,10.649999618530273,10.649999618530273,18200
2015-12-31,4.5830817222595215,10.5600004196167,10.649999618530273,10.390000343322754,10.649999618530273,28800
2016-01-04,4.548360824584961,10.479999542236328,10.479999542236328,10.350000381469727,10.479999542236328,28700
2016-01-05,4.578742027282715,10.550000190734863,10.6899995803833,10.399999618530273,10.399999618530273,40400
2016-01-06,4.483260154724121,10.329999923706055,10.449999809265137,10.25,10.390000343322754,30700
2016-01-07,4.383439540863037,10.100000381469727,10.260000228881836,10.079999923706055,10.180000305175781,34900
2016-01-08,4.366079807281494,10.0600004196167,10.170000076293945,10.0600004196167,10.100000381469727,13800
2016-01-11,4.366079807281494,10.0600004196167,10.140000343322754,10.039999961853027,10.09000015258789,29800
2016-01-12,4.4225006103515625,10.1899995803833,10.210000038146973,9.960000038146973,10.170000076293945,45200
2016-01-13,4.374759197235107,10.079999923706055,10.239999771118164,10.039999961853027,10.170000076293945,26400
2016-01-14,4.383439540863037,10.100000381469727,10.180000305175781,9.989999771118164,10.0600004196167,18700
2016-01-15,4.196817874908447,9.670000076293945,9.979999542236328,9.539999961853027,9.90999984741211,62200
2016-01-19,4.227197647094727,9.739999771118164,9.829999923706055,9.6899995803833,9.770000457763672,44400
2016-01-20,4.096997261047363,9.4399995803833,9.680000305175781,9.420000076293945,9.579999923706055,66000
2016-01-21,4.10133695602417,9.449999809265137,9.510000228881836,9.40999984741211,9.479999542236328,36100
2016-01-22,4.192477703094482,9.65999984741211,9.729999542236328,9.600000381469727,9.609999656677246,31200
2016-01-25,4.244558811187744,9.779999732971191,9.829999923706055,9.59000015258789,9.739999771118164,59900
2016-01-26,4.322678089141846,9.960000038146973,10.020000457763672,9.770000457763672,9.850000381469727,38600
2016-01-27,4.279277801513672,9.859999656677246,9.9399995803833,9.789999961853027,9.890000343322754,22300
2016-01-28,4.274938583374023,9.850000381469727,9.90999984741211,9.800000190734863,9.859999656677246,17800
2016-01-29,4.309659004211426,9.930000305175781,9.949999809265137,9.819999694824219,9.819999694824219,16100
2016-02-01,4.313997745513916,9.9399995803833,9.9399995803833,9.819999694824219,9.890000343322754,8900
2016-02-02,4.253237724304199,9.800000190734863,9.850000381469727,9.800000190734863,9.850000381469727,11100
2016-02-03,4.305318355560303,9.920000076293945,9.9399995803833,9.819999694824219,9.9399995803833,29700
2016-02-04,4.274938583374023,9.850000381469727,9.869999885559082,9.779999732971191,9.789999961853027,21500
2016-02-05,4.253237724304199,9.800000190734863,9.890000343322754,9.720000267028809,9.890000343322754,17900
2016-02-08,4.183798313140869,9.640000343322754,9.649999618530273,9.600000381469727,9.609999656677246,17900
2016-02-09,4.1447367668151855,9.550000190734863,9.5600004196167,9.449999809265137,9.550000190734863,30600
2016-02-10,4.196817874908447,9.670000076293945,9.699999809265137,9.65999984741211,9.65999984741211,6200
2016-02-11,4.140398025512695,9.539999961853027,9.550000190734863,9.489999771118164,9.539999961853027,12200
2016-02-12,4.157757759094238,9.579999923706055,9.59000015258789,9.550000190734863,9.59000015258789,8400
2016-02-16,4.192477703094482,9.65999984741211,9.6899995803833,9.529999732971191,9.640000343322754,24700
2016-02-17,4.214178085327148,9.710000038146973,9.720000267028809,9.65999984741211,9.720000267028809,16800
2016-02-18,4.179458141326904,9.630000114440918,9.739999771118164,9.619999885559082,9.739999771118164,29100
2016-02-19,4.20115852355957,9.680000305175781,9.699999809265137,9.640000343322754,9.680000305175781,7700
2016-02-22,4.2054972648620605,9.6899995803833,9.739999771118164,9.65999984741211,9.680000305175781,149600
2016-02-23,4.1447367668151855,9.550000190734863,9.649999618530273,9.539999961853027,9.619999885559082,21000
2016-02-24,4.170777797698975,9.609999656677246,9.640000343322754,9.5,9.520000457763672,8200
2016-02-25,4.2054972648620605,9.6899995803833,9.720000267028809,9.619999885559082,9.619999885559082,4600
2016-02-26,4.209837913513184,9.699999809265137,9.75,9.520000457763672,9.75,47500
2016-02-29,4.166438579559326,9.600000381469727,9.720000267028809,9.600000381469727,9.630000114440918,35700
2016-03-01,4.261918067932129,9.819999694824219,9.859999656677246,9.710000038146973,9.75,35800
2016-03-02,4.274938583374023,9.850000381469727,9.890000343322754,9.800000190734863,9.829999923706055,37800
2016-03-03,4.309659004211426,9.930000305175781,9.9399995803833,9.779999732971191,9.779999732971191,35000
2016-03-04,4.305318355560303,9.920000076293945,9.979999542236328,9.899999618530273,9.899999618530273,12700
2016-03-07,4.331357955932617,9.979999542236328,10.0,9.899999618530273,9.930000305175781,82300
2016-03-08,4.309659004211426,9.930000305175781,9.989999771118164,9.899999618530273,9.949999809265137,55800
2016-03-09,4.3183393478393555,9.949999809265137,10.0,9.859999656677246,9.930000305175781,36100
2016-03-10,4.353058338165283,10.029999732971191,10.069999694824219,9.970000267028809,10.0,20700
2016-03-11,4.392119407653809,10.119999885559082,10.149999618530273,10.079999923706055,10.079999923706055,40800
2016-03-14,4.38778018951416,10.109999656677246,10.119999885559082,10.069999694824219,10.109999656677246,16900
2016-03-15,4.357398986816406,10.039999961853027,10.0600004196167,10.029999732971191,10.039999961853027,9000
2016-03-16,4.3790998458862305,10.09000015258789,10.09000015258789,9.960000038146973,9.970000267028809,21800
2016-03-17,4.426839828491211,10.199999809265137,10.210000038146973,10.09000015258789,10.09000015258789,33400
2016-03-18,4.392119407653809,10.119999885559082,10.140000343322754,10.109999656677246,10.119999885559082,29600
2016-03-21,4.418160438537598,10.180000305175781,10.199999809265137,10.119999885559082,10.119999885559082,9600
2016-03-22,4.409479141235352,10.15999984741211,10.180000305175781,10.050000190734863,10.050000190734863,28100
2016-03-23,4.396459102630615,10.130000114440918,10.180000305175781,10.130000114440918,10.130000114440918,6500
2016-03-24,4.353058338165283,10.029999732971191,10.050000190734863,10.0,10.0,12300
2016-03-28,4.370419025421143,10.069999694824219,10.100000381469727,10.0600004196167,10.0600004196167,8200
2016-03-29,4.409479141235352,10.15999984741211,10.180000305175781,10.020000457763672,10.039999961853027,25600
2016-03-30,4.409479141235352,10.15999984741211,10.279999732971191,10.130000114440918,10.199999809265137,28200
2016-03-31,4.418160438537598,10.180000305175781,10.260000228881836,10.130000114440918,10.199999809265137,23500
2016-04-01,4.3790998458862305,10.09000015258789,10.09000015258789,9.8100004196167,9.8100004196167,36600
2016-04-04,4.370419025421143,10.069999694824219,10.119999885559082,10.069999694824219,10.100000381469727,45900
2016-04-05,4.3400397300720215,10.0,10.020000457763672,9.989999771118164,10.020000457763672,19500
2016-04-06,4.426839828491211,10.199999809265137,10.229999542236328,10.039999961853027,10.039999961853027,28600
2016-04-07,4.392119407653809,10.119999885559082,10.180000305175781,10.100000381469727,10.15999984741211,20400
2016-04-08,4.44420051574707,10.239999771118164,10.239999771118164,10.210000038146973,10.210000038146973,3400
2016-04-11,4.435521125793457,10.220000267028809,10.270000457763672,10.199999809265137,10.25,28200
2016-04-12,4.46156120300293,10.279999732971191,10.300000190734863,10.210000038146973,10.210000038146973,22300
2016-04-13,4.504961013793945,10.380000114440918,10.40999984741211,10.3100004196167,10.3100004196167,61400
2016-04-14,4.52232027053833,10.420000076293945,10.4399995803833,10.399999618530273,10.399999618530273,8600
2016-04-15,4.5006208419799805,10.369999885559082,10.40999984741211,10.34000015258789,10.390000343322754,8900
2016-04-18,4.535341262817383,10.449999809265137,10.470000267028809,10.390000343322754,10.390000343322754,6900
2016-04-19,4.596100807189941,10.59000015258789,10.600000381469727,10.550000190734863,10.550000190734863,21200
2016-04-20,4.5830817222595215,10.5600004196167,10.600000381469727,10.5600004196167,10.569999694824219,5500
2016-04-21,4.517980575561523,10.40999984741211,10.470000267028809,10.399999618530273,10.449999809265137,25300
2016-04-22,4.5006208419799805,10.369999885559082,10.369999885559082,10.350000381469727,10.369999885559082,4200
2016-04-25,4.483260154724121,10.329999923706055,10.369999885559082,10.329999923706055,10.359999656677246,7900
2016-04-26,4.491940498352051,10.350000381469727,10.390000343322754,10.34000015258789,10.390000343322754,16000
2016-04-27,4.531001091003418,10.4399995803833,10.4399995803833,10.350000381469727,10.350000381469727,32400
2016-04-28,4.517980575561523,10.40999984741211,10.489999771118164,10.40999984741211,10.449999809265137,18200
2016-04-29,4.5006208419799805,10.369999885559082,10.449999809265137,10.359999656677246,10.369999885559082,38200
2016-05-02,4.552701473236084,10.489999771118164,10.489999771118164,10.4399995803833,10.449999809265137,12000
2016-05-03,4.509301662445068,10.390000343322754,10.449999809265137,10.34000015258789,10.449999809265137,23900
2016-05-04,4.448539733886719,10.25,10.34000015258789,10.229999542236328,10.34000015258789,38500
2016-05-05,4.426839828491211,10.199999809265137,10.199999809265137,10.15999984741211,10.199999809265137,14600
2016-05-06,4.400799751281738,10.140000343322754,10.15999984741211,10.100000381469727,10.119999885559082,11500
2016-05-09,4.431180477142334,10.210000038146973,10.25,10.180000305175781,10.199999809265137,26000
2016-05-10,4.465899467468262,10.289999961853027,10.289999961853027,10.220000267028809,10.220000267028809,22900
2016-05-11,4.452880859375,10.260000228881836,10.3100004196167,10.260000228881836,10.260000228881836,7700
2016-05-12,4.46156120300293,10.279999732971191,10.350000381469727,10.270000457763672,10.319999694824219,14700
2016-05-13,4.448539733886719,10.25,10.279999732971191,10.229999542236328,10.279999732971191,23100
2016-05-16,4.452880859375,10.260000228881836,10.289999961853027,10.229999542236328,10.229999542236328,22200
2016-05-17,4.435521125793457,10.220000267028809,10.319999694824219,10.210000038146973,10.319999694824219,22700
2016-05-18,4.413820743560791,10.170000076293945,10.270000457763672,10.15999984741211,10.239999771118164,13700
2016-05-19,4.405138969421387,10.149999618530273,10.170000076293945,10.130000114440918,10.149999618530273,35800
2016-05-20,4.418160438537598,10.180000305175781,10.199999809265137,10.180000305175781,10.1899995803833,13800
2016-05-23,4.418160438537598,10.180000305175781,10.199999809265137,10.130000114440918,10.130000114440918,20100
2016-05-24,4.457220554351807,10.270000457763672,10.289999961853027,10.1899995803833,10.1899995803833,17200
2016-05-25,4.474580764770508,10.3100004196167,10.329999923706055,10.270000457763672,10.270000457763672,7900
2016-05-26,4.517980575561523,10.40999984741211,10.40999984741211,10.300000190734863,10.3100004196167,11400
2016-05-27,4.531001091003418,10.4399995803833,10.460000038146973,10.40999984741211,10.4399995803833,27700
2016-05-31,4.491940498352051,10.350000381469727,10.430000305175781,10.319999694824219,10.430000305175781,31200
2016-06-01,4.509301662445068,10.390000343322754,10.390000343322754,10.350000381469727,10.390000343322754,14100
2016-06-02,4.535341262817383,10.449999809265137,10.449999809265137,10.359999656677246,10.359999656677246,15500
2016-06-03,4.552701473236084,10.489999771118164,10.510000228881836,10.430000305175781,10.4399995803833,15400
2016-06-06,4.58742094039917,10.569999694824219,10.59000015258789,10.529999732971191,10.59000015258789,6600
2016-06-07,4.613461017608643,10.630000114440918,10.6899995803833,10.600000381469727,10.600000381469727,33300
2016-06-08,4.639500617980957,10.6899995803833,10.699999809265137,10.630000114440918,10.630000114440918,16800
2016-06-09,4.5830817222595215,10.5600004196167,10.59000015258789,10.520000457763672,10.59000015258789,19200
2016-06-10,4.4876017570495605,10.34000015258789,10.420000076293945,10.329999923706055,10.420000076293945,32700
2016-06-13,4.426839828491211,10.199999809265137,10.289999961853027,10.149999618530273,10.289999961853027,55700
2016-06-14,4.38778018951416,10.109999656677246,10.140000343322754,10.09000015258789,10.119999885559082,22800
2016-06-15,4.405138969421387,10.149999618530273,10.199999809265137,10.140000343322754,10.199999809265137,11100
2016-06-16,4.405138969421387,10.149999618530273,10.149999618530273,10.020000457763672,10.039999961853027,21500
2016-06-17,4.452880859375,10.260000228881836,10.270000457763672,10.220000267028809,10.220000267028809,9700
2016-06-20,4.5006208419799805,10.369999885559082,10.5,10.359999656677246,10.4399995803833,18000
2016-06-21,4.517980575561523,10.40999984741211,10.449999809265137,10.40999984741211,10.40999984741211,21200
2016-06-22,4.544020652770996,10.470000267028809,10.510000228881836,10.239999771118164,10.4399995803833,34300
2016-06-23,4.63082218170166,10.670000076293945,10.680000305175781,10.5600004196167,10.59000015258789,70300
2016-06-24,4.366079807281494,10.0600004196167,10.239999771118164,10.0,10.0600004196167,88900
2016-06-27,4.300978660583496,9.90999984741211,10.029999732971191,9.829999923706055,10.0,44100
2016-06-28,4.38778018951416,10.109999656677246,10.15999984741211,10.050000190734863,10.109999656677246,28700
2016-06-29,4.44420051574707,10.239999771118164,10.270000457763672,10.220000267028809,10.25,15100
2016-06-30,4.491940498352051,10.350000381469727,10.369999885559082,10.170000076293945,10.25,32500
2016-07-01,4.483260154724121,10.329999923706055,10.390000343322754,10.300000190734863,10.300000190734863,7900
2016-07-05,4.4225006103515625,10.1899995803833,10.220000267028809,10.109999656677246,10.109999656677246,20500
2016-07-06,4.353058338165283,10.029999732971191,10.039999961853027,9.9399995803833,9.970000267028809,26800
2016-07-07,4.357398986816406,10.039999961853027,10.069999694824219,10.0,10.010000228881836,34300
2016-07-08,4.409479141235352,10.15999984741211,10.180000305175781,10.0600004196167,10.0600004196167,27200
2016-07-11,4.4398603439331055,10.229999542236328,10.25,10.199999809265137,10.199999809265137,28600
2016-07-12,4.431180477142334,10.210000038146973,10.300000190734863,10.199999809265137,10.279999732971191,28900
2016-07-13,4.435521125793457,10.220000267028809,10.25,10.220000267028809,10.220000267028809,21800
2016-07-14,4.46156120300293,10.279999732971191,10.319999694824219,10.260000228881836,10.260000228881836,24400
2016-07-15,4.4398603439331055,10.229999542236328,10.25,10.210000038146973,10.210000038146973,5400
2016-07-18,4.452880859375,10.260000228881836,10.270000457763672,10.1899995803833,10.1899995803833,9700
2016-07-19,4.483260154724121,10.329999923706055,10.399999618530273,10.180000305175781,10.199999809265137,109700
2016-07-20,4.4876017570495605,10.34000015258789,10.359999656677246,10.319999694824219,10.34000015258789,30500
2016-07-21,4.474580764770508,10.3100004196167,10.380000114440918,10.300000190734863,10.34000015258789,15600
2016-07-22,4.465899467468262,10.289999961853027,10.369999885559082,10.289999961853027,10.369999885559082,18700
2016-07-25,4.470241069793701,10.300000190734863,10.329999923706055,10.260000228881836,10.329999923706055,28500
2016-07-26,4.452880859375,10.260000228881836,10.300000190734863,10.260000228881836,10.300000190734863,7700
2016-07-27,4.465899467468262,10.289999961853027,10.289999961853027,10.239999771118164,10.270000457763672,21500
2016-07-28,4.435521125793457,10.220000267028809,10.300000190734863,10.1899995803833,10.300000190734863,17600
2016-07-29,4.504961013793945,10.380000114440918,10.380000114440918,10.289999961853027,10.289999961853027,32800
2016-08-01,4.496280670166016,10.359999656677246,10.399999618530273,10.34000015258789,10.399999618530273,48600
2016-08-02,4.483260154724121,10.329999923706055,10.350000381469727,10.279999732971191,10.34000015258789,31000
2016-08-03,4.44420051574707,10.239999771118164,10.289999961853027,10.229999542236328,10.270000457763672,35800
2016-08-04,4.46156120300293,10.279999732971191,10.289999961853027,10.25,10.25,20600
2016-08-05,4.504961013793945,10.380000114440918,10.380000114440918,10.289999961853027,10.289999961853027,34300
2016-08-08,4.470241069793701,10.300000190734863,10.319999694824219,10.270000457763672,10.319999694824219,41600
2016-08-09,4.496280670166016,10.359999656677246,10.390000343322754,10.329999923706055,10.329999923706055,59500
2016-08-10,4.517980575561523,10.40999984741211,10.470000267028809,10.399999618530273,10.420000076293945,27100
2016-08-11,4.548360824584961,10.479999542236328,10.520000457763672,10.460000038146973,10.5,34000
2016-08-12,4.56572151184082,10.520000457763672,10.600000381469727,10.470000267028809,10.470000267028809,25500
2016-08-15,4.57440185546875,10.539999961853027,10.550000190734863,10.15999984741211,10.5,57900
2016-08-16,4.5830817222595215,10.5600004196167,10.569999694824219,10.470000267028809,10.470000267028809,32400
2016-08-17,4.561380863189697,10.510000228881836,10.529999732971191,10.4399995803833,10.510000228881836,34800
2016-08-18,4.5830817222595215,10.5600004196167,10.5600004196167,10.4399995803833,10.520000457763672,39600
2016-08-19,4.56572151184082,10.520000457763672,10.520000457763672,10.460000038146973,10.470000267028809,11700
2016-08-22,4.57440185546875,10.539999961853027,10.550000190734863,10.470000267028809,10.5,19300
2016-08-23,4.591760635375977,10.579999923706055,10.579999923706055,10.529999732971191,10.569999694824219,26000
2016-08-24,4.570060729980469,10.529999732971191,10.5600004196167,10.520000457763672,10.550000190734863,65700
2016-08-25,4.52232027053833,10.420000076293945,10.5,10.260000228881836,10.470000267028809,40300
2016-08-26,4.509301662445068,10.390000343322754,10.479999542236328,10.34000015258789,10.449999809265137,76000
2016-08-29,4.539680480957031,10.460000038146973,10.460000038146973,10.350000381469727,10.4399995803833,71700
2016-08-30,4.517980575561523,10.40999984741211,10.430000305175781,10.380000114440918,10.40999984741211,40700
2016-08-31,4.531001091003418,10.4399995803833,10.4399995803833,10.369999885559082,10.380000114440918,30200
2016-09-01,4.513640403747559,10.399999618530273,10.420000076293945,10.350000381469727,10.420000076293945,17700
2016-09-02,4.56572151184082,10.520000457763672,10.529999732971191,10.489999771118164,10.489999771118164,12100
2016-09-06,4.622140407562256,10.649999618530273,10.65999984741211,10.529999732971191,10.529999732971191,6900
2016-09-07,4.613461017608643,10.630000114440918,10.65999984741211,10.579999923706055,10.649999618530273,12000
2016-09-08,4.609120845794678,10.619999885559082,10.640000343322754,10.619999885559082,10.619999885559082,3000
2016-09-09,4.570060729980469,10.529999732971191,10.539999961853027,10.489999771118164,10.5,37500
2016-09-12,4.56572151184082,10.520000457763672,10.600000381469727,10.460000038146973,10.470000267028809,63400
2016-09-13,4.526662349700928,10.430000305175781,10.5,10.390000343322754,10.479999542236328,18600
2016-09-14,4.539680480957031,10.460000038146973,10.470000267028809,10.380000114440918,10.380000114440918,16500
2016-09-15,4.57440185546875,10.539999961853027,10.539999961853027,10.460000038146973,10.489999771118164,21900
2016-09-16,4.52232027053833,10.420000076293945,10.470000267028809,10.390000343322754,10.470000267028809,14000
2016-09-19,4.509301662445068,10.390000343322754,10.449999809265137,10.350000381469727,10.449999809265137,59300
2016-09-20,4.544020652770996,10.470000267028809,10.470000267028809,10.420000076293945,10.420000076293945,127200
2016-09-21,4.561380863189697,10.510000228881836,10.520000457763672,10.460000038146973,10.489999771118164,36600
2016-09-22,4.643841743469238,10.699999809265137,10.699999809265137,10.489999771118164,10.489999771118164,40000
2016-09-23,4.643841743469238,10.699999809265137,10.720000267028809,10.600000381469727,10.609999656677246,75300
2016-09-26,4.656861782073975,10.729999542236328,10.729999542236328,10.550000190734863,10.550000190734863,61100
2016-09-27,4.665541648864746,10.75,10.760000228881836,10.5,10.640000343322754,51800
2016-09-28,4.700262069702148,10.829999923706055,10.829999923706055,10.710000038146973,10.729999542236328,161600
2016-09-29,4.6612019538879395,10.739999771118164,10.819999694824219,10.65999984741211,10.819999694824219,64800
2016-09-30,4.639500617980957,10.6899995803833,10.720000267028809,10.649999618530273,10.6899995803833,31300
2016-10-03,4.639500617980957,10.6899995803833,10.6899995803833,10.65999984741211,10.670000076293945,20900
2016-10-04,4.65252161026001,10.720000267028809,10.739999771118164,10.710000038146973,10.739999771118164,16200
2016-10-05,4.669882297515869,10.760000228881836,10.760000228881836,10.699999809265137,10.739999771118164,19700
2016-10-06,4.643841743469238,10.699999809265137,10.720000267028809,10.6899995803833,10.710000038146973,22400
2016-10-07,4.635162830352783,10.680000305175781,10.680000305175781,10.600000381469727,10.65999984741211,31700
2016-10-10,4.639500617980957,10.6899995803833,10.6899995803833,10.640000343322754,10.640000343322754,7200
2016-10-11,4.622140407562256,10.649999618530273,10.65999984741211,10.59000015258789,10.649999618530273,17000
2016-10-12,4.578742027282715,10.550000190734863,10.630000114440918,10.550000190734863,10.630000114440918,12500
2016-10-13,4.557040214538574,10.5,10.520000457763672,10.430000305175781,10.479999542236328,35000
2016-10-14,4.57440185546875,10.539999961853027,10.619999885559082,10.529999732971191,10.619999885559082,28000
2016-10-17,4.552701473236084,10.489999771118164,10.569999694824219,10.479999542236328,10.569999694824219,19100
2016-10-18,4.548360824584961,10.479999542236328,10.520000457763672,10.479999542236328,10.520000457763672,41700
2016-10-19,4.561380863189697,10.510000228881836,10.5600004196167,10.5,10.550000190734863,14400
2016-10-20,4.561380863189697,10.510000228881836,10.510000228881836,10.4399995803833,10.479999542236328,30400
2016-10-21,4.535341262817383,10.449999809265137,10.5,10.420000076293945,10.5,19200
2016-10-24,4.509301662445068,10.390000343322754,10.420000076293945,10.350000381469727,10.380000114440918,30500
2016-10-25,4.496280670166016,10.359999656677246,10.359999656677246,10.3100004196167,10.319999694824219,17400
2016-10-26,4.491940498352051,10.350000381469727,10.350000381469727,10.270000457763672,10.289999961853027,38500
2016-10-27,4.526662349700928,10.430000305175781,10.449999809265137,10.369999885559082,10.380000114440918,44700
2016-10-28,4.535341262817383,10.449999809265137,10.449999809265137,10.359999656677246,10.430000305175781,33300
2016-10-31,4.509301662445068,10.390000343322754,10.449999809265137,10.390000343322754,10.449999809265137,19000
2016-11-01,4.52232027053833,10.420000076293945,10.449999809265137,10.390000343322754,10.420000076293945,99500
2016-11-02,4.531001091003418,10.4399995803833,10.470000267028809,10.420000076293945,10.449999809265137,25800
2016-11-03,4.535341262817383,10.449999809265137,10.449999809265137,10.420000076293945,10.449999809265137,31900
2016-11-04,4.496280670166016,10.359999656677246,10.449999809265137,10.359999656677246,10.390000343322754,21900
2016-11-07,4.596100807189941,10.59000015258789,10.600000381469727,10.479999542236328,10.479999542236328,16600
2016-11-08,4.539680480957031,10.460000038146973,10.630000114440918,10.4399995803833,10.600000381469727,56600
2016-11-09,4.557040214538574,10.5,10.600000381469727,10.479999542236328,10.510000228881836,30100
2016-11-10,4.552701473236084,10.489999771118164,10.600000381469727,10.470000267028809,10.510000228881836,50000
2016-11-11,4.526662349700928,10.430000305175781,10.489999771118164,10.420000076293945,10.479999542236328,31900
2016-11-14,4.457220554351807,10.270000457763672,10.319999694824219,10.270000457763672,10.300000190734863,32400
2016-11-15,4.426839828491211,10.199999809265137,10.199999809265137,10.039999961853027,10.180000305175781,47000
2016-11-16,4.435521125793457,10.220000267028809,10.229999542236328,10.079999923706055,10.170000076293945,19900
2016-11-17,4.435521125793457,10.220000267028809,10.25,10.199999809265137,10.199999809265137,39500
2016-11-18,4.4225006103515625,10.1899995803833,10.199999809265137,10.170000076293945,10.199999809265137,16400
2016-11-21,4.392119407653809,10.119999885559082,10.140000343322754,10.0600004196167,10.09000015258789,44600
2016-11-22,4.348720073699951,10.020000457763672,10.069999694824219,10.010000228881836,10.050000190734863,66800
2016-11-23,4.331357955932617,9.979999542236328,10.0,9.960000038146973,9.970000267028809,38600
2016-11-25,4.357398986816406,10.039999961853027,10.09000015258789,10.029999732971191,10.09000015258789,8700
2016-11-28,4.327018737792969,9.970000267028809,10.029999732971191,9.960000038146973,10.029999732971191,43600
2016-11-29,4.300978660583496,9.90999984741211,9.989999771118164,9.899999618530273,9.989999771118164,56600
2016-11-30,4.287957668304443,9.880000114440918,9.960000038146973,9.880000114440918,9.960000038146973,90600
2016-12-01,4.253237724304199,9.800000190734863,10.0,9.779999732971191,9.829999923706055,148200
2016-12-02,4.244558811187744,9.779999732971191,9.869999885559082,9.75,9.869999885559082,113400
2016-12-05,4.253237724304199,9.800000190734863,9.850000381469727,9.770000457763672,9.850000381469727,263100
2016-12-06,4.296639442443848,9.899999618530273,9.899999618530273,9.8100004196167,9.84000015258789,238800
2016-12-07,4.327018737792969,9.970000267028809,9.970000267028809,9.859999656677246,9.859999656677246,63700
2016-12-08,4.309659004211426,9.930000305175781,9.9399995803833,9.859999656677246,9.859999656677246,47900
2016-12-09,4.357398986816406,10.039999961853027,10.039999961853027,9.960000038146973,9.960000038146973,75200
2016-12-12,4.3400397300720215,10.0,10.010000228881836,9.930000305175781,9.960000038146973,71800
2016-12-13,4.405138969421387,10.149999618530273,10.149999618530273,10.079999923706055,10.079999923706055,43500
2016-12-14,4.361739158630371,10.050000190734863,10.15999984741211,10.050000190734863,10.09000015258789,56900
2016-12-15,4.370419025421143,10.069999694824219,10.100000381469727,10.039999961853027,10.050000190734863,98300
2016-12-16,4.392119407653809,10.119999885559082,10.130000114440918,10.0600004196167,10.0600004196167,20200
2016-12-19,4.387726783752441,9.989999771118164,10.079999923706055,9.970000267028809,10.069999694824219,122500
2016-12-20,4.392120361328125,10.0,10.020000457763672,9.970000267028809,9.979999542236328,120100
2016-12-21,4.396512031555176,10.010000228881836,10.029999732971191,9.960000038146973,10.0,110300
2016-12-22,4.400904655456543,10.020000457763672,10.039999961853027,9.949999809265137,9.989999771118164,92700
2016-12-23,4.4096879959106445,10.039999961853027,10.050000190734863,9.979999542236328,10.0,72800
2016-12-27,4.4140801429748535,10.050000190734863,10.069999694824219,10.029999732971191,10.0600004196167,98300
2016-12-28,4.4140801429748535,10.050000190734863,10.069999694824219,10.029999732971191,10.050000190734863,46200
2016-12-29,4.458000659942627,10.149999618530273,10.149999618530273,10.0600004196167,10.09000015258789,174700
2016-12-30,4.484354019165039,10.210000038146973,10.220000267028809,10.130000114440918,10.220000267028809,113700
2017-01-03,4.4887471199035645,10.220000267028809,10.260000228881836,10.180000305175781,10.25,33900
2017-01-04,4.545844078063965,10.350000381469727,10.399999618530273,10.220000267028809,10.220000267028809,86800
2017-01-05,4.602941036224365,10.479999542236328,10.489999771118164,10.390000343322754,10.399999618530273,33500
2017-01-06,4.594156742095947,10.460000038146973,10.470000267028809,10.399999618530273,10.430000305175781,18500
2017-01-09,4.607333660125732,10.489999771118164,10.489999771118164,10.390000343322754,10.460000038146973,27800
2017-01-10,4.611724853515625,10.5,10.5,10.460000038146973,10.460000038146973,14500
2017-01-11,4.629293918609619,10.539999961853027,10.539999961853027,10.460000038146973,10.5,27600
2017-01-12,4.620511054992676,10.520000457763672,10.550000190734863,10.510000228881836,10.539999961853027,16300
2017-01-13,4.6380791664123535,10.5600004196167,10.59000015258789,10.550000190734863,10.579999923706055,16400
2017-01-17,4.624902248382568,10.529999732971191,10.550000190734863,10.489999771118164,10.489999771118164,33500
2017-01-18,4.633686542510986,10.550000190734863,10.5600004196167,10.539999961853027,10.539999961853027,56100
2017-01-19,4.6380791664123535,10.5600004196167,10.5600004196167,10.489999771118164,10.529999732971191,19600
2017-01-20,4.633686542510986,10.550000190734863,10.600000381469727,10.520000457763672,10.59000015258789,16800
2017-01-23,4.633686542510986,10.550000190734863,10.5600004196167,10.510000228881836,10.510000228881836,6100
2017-01-24,4.651253700256348,10.59000015258789,10.609999656677246,10.489999771118164,10.489999771118164,54800
2017-01-25,4.690784931182861,10.680000305175781,10.729999542236328,10.65999984741211,10.65999984741211,39700
2017-01-26,4.695174694061279,10.6899995803833,10.729999542236328,10.670000076293945,10.670000076293945,22500
2017-01-27,4.712743759155273,10.729999542236328,10.729999542236328,10.6899995803833,10.699999809265137,13900
2017-01-30,4.695174694061279,10.6899995803833,10.720000267028809,10.600000381469727,10.65999984741211,27200
2017-01-31,4.695174694061279,10.6899995803833,10.75,10.649999618530273,10.75,37200
2017-02-01,4.734704971313477,10.779999732971191,10.789999961853027,10.729999542236328,10.789999961853027,21900
2017-02-02,4.739098072052002,10.789999961853027,10.789999961853027,10.729999542236328,10.729999542236328,26800
2017-02-03,4.774234771728516,10.869999885559082,10.869999885559082,10.789999961853027,10.800000190734863,71900
2017-02-06,4.761056900024414,10.84000015258789,10.859999656677246,10.789999961853027,10.789999961853027,18900
2017-02-07,4.7654500007629395,10.850000381469727,10.869999885559082,10.819999694824219,10.819999694824219,5200
2017-02-08,4.787409782409668,10.899999618530273,10.90999984741211,10.779999732971191,10.829999923706055,29300
2017-02-09,4.809370517730713,10.949999809265137,10.949999809265137,10.859999656677246,10.890000343322754,21000
2017-02-10,4.800586700439453,10.930000305175781,10.930000305175781,10.880000114440918,10.90999984741211,21400
2017-02-13,4.787409782409668,10.899999618530273,10.930000305175781,10.880000114440918,10.890000343322754,76600
2017-02-14,4.778625965118408,10.880000114440918,10.890000343322754,10.859999656677246,10.869999885559082,10100
2017-02-15,4.787409782409668,10.899999618530273,10.899999618530273,10.859999656677246,10.880000114440918,50000
2017-02-16,4.809370517730713,10.949999809265137,11.020000457763672,10.880000114440918,10.880000114440918,39400
2017-02-17,4.800586700439453,10.930000305175781,10.979999542236328,10.90999984741211,10.9399995803833,21600
2017-02-21,4.831332683563232,11.0,11.029999732971191,10.90999984741211,10.90999984741211,36600
2017-02-22,4.822547435760498,10.979999542236328,11.010000228881836,10.9399995803833,10.970000267028809,25900
2017-02-23,4.831332683563232,11.0,11.010000228881836,10.970000267028809,10.979999542236328,12400
2017-02-24,4.822547435760498,10.979999542236328,10.979999542236328,10.829999923706055,10.869999885559082,24300
2017-02-27,4.822547435760498,10.979999542236328,10.979999542236328,10.880000114440918,10.90999984741211,16100
2017-02-28,4.840116500854492,11.020000457763672,11.029999732971191,10.949999809265137,10.949999809265137,26700
2017-03-01,4.862075328826904,11.069999694824219,11.109999656677246,11.0,11.0,36600
2017-03-02,4.866466999053955,11.079999923706055,11.079999923706055,11.039999961853027,11.069999694824219,14600
2017-03-03,4.884038925170898,11.119999885559082,11.119999885559082,11.050000190734863,11.050000190734863,54500
2017-03-06,4.870860576629639,11.09000015258789,11.100000381469727,11.029999732971191,11.029999732971191,25900
2017-03-07,4.840116500854492,11.020000457763672,11.050000190734863,11.020000457763672,11.039999961853027,53800
2017-03-08,4.840116500854492,11.020000457763672,11.079999923706055,11.020000457763672,11.020000457763672,82800
2017-03-09,4.870860576629639,11.09000015258789,11.09000015258789,11.020000457763672,11.039999961853027,54900
2017-03-10,4.879644393920898,11.109999656677246,11.130000114440918,11.0600004196167,11.100000381469727,31500
2017-03-13,4.888430118560791,11.130000114440918,11.15999984741211,11.119999885559082,11.119999885559082,57500
2017-03-14,4.892821311950684,11.140000343322754,11.149999618530273,11.09000015258789,11.100000381469727,34500
2017-03-15,4.919173240661621,11.199999809265137,11.25,11.119999885559082,11.149999618530273,36400
2017-03-16,4.971879482269287,11.319999694824219,11.319999694824219,11.199999809265137,11.229999542236328,94700
2017-03-17,5.0421528816223145,11.479999542236328,11.539999961853027,11.289999961853027,11.329999923706055,112100
2017-03-20,5.020193099975586,11.430000305175781,11.479999542236328,11.40999984741211,11.479999542236328,20400
2017-03-21,4.980663776397705,11.34000015258789,11.479999542236328,11.319999694824219,11.470000267028809,8100
2017-03-22,4.993838787078857,11.369999885559082,11.40999984741211,11.329999923706055,11.329999923706055,25000
2017-03-23,5.0245842933654785,11.4399995803833,11.479999542236328,11.359999656677246,11.369999885559082,30600
2017-03-24,5.020193099975586,11.430000305175781,11.600000381469727,11.430000305175781,11.4399995803833,80300
2017-03-27,5.03776216506958,11.470000267028809,11.529999732971191,11.430000305175781,11.430000305175781,31800
2017-03-28,5.050936698913574,11.5,11.609999656677246,11.449999809265137,11.449999809265137,49500
2017-03-29,5.077289581298828,11.5600004196167,11.609999656677246,11.479999542236328,11.489999771118164,91900
2017-03-30,5.081681728363037,11.569999694824219,11.630000114440918,11.539999961853027,11.5600004196167,71700
2017-03-31,5.094859600067139,11.600000381469727,11.630000114440918,11.539999961853027,11.550000190734863,40500
2017-04-03,5.086075305938721,11.579999923706055,11.609999656677246,11.5600004196167,11.579999923706055,66400
2017-04-04,5.068505764007568,11.539999961853027,11.579999923706055,11.529999732971191,11.550000190734863,48100
2017-04-05,5.0421528816223145,11.479999542236328,11.569999694824219,11.470000267028809,11.529999732971191,65000
2017-04-06,5.0728983879089355,11.550000190734863,11.5600004196167,11.510000228881836,11.539999961853027,41000
2017-04-07,5.0728983879089355,11.550000190734863,11.5600004196167,11.520000457763672,11.539999961853027,42800
2017-04-10,5.059720993041992,11.520000457763672,11.5600004196167,11.510000228881836,11.520000457763672,77100
2017-04-11,5.0728983879089355,11.550000190734863,11.59000015258789,11.529999732971191,11.569999694824219,181500
2017-04-12,5.068505764007568,11.539999961853027,11.569999694824219,11.529999732971191,11.5600004196167,87500
2017-04-13,5.055330753326416,11.510000228881836,11.569999694824219,11.510000228881836,11.510000228881836,67200
2017-04-17,5.081681728363037,11.569999694824219,11.600000381469727,11.5600004196167,11.569999694824219,189800
2017-04-18,5.055330753326416,11.510000228881836,11.550000190734863,11.510000228881836,11.550000190734863,129700
2017-04-19,5.0421528816223145,11.479999542236328,11.5600004196167,11.479999542236328,11.5600004196167,79800
2017-04-20,5.108035564422607,11.630000114440918,11.630000114440918,11.539999961853027,11.569999694824219,41500
2017-04-21,5.090466499328613,11.59000015258789,11.609999656677246,11.579999923706055,11.609999656677246,69200
2017-04-24,5.143172264099121,11.710000038146973,11.779999732971191,11.649999618530273,11.760000228881836,78300
2017-04-25,5.200270175933838,11.84000015258789,11.850000381469727,11.680000305175781,11.699999809265137,109400
2017-04-26,5.231015205383301,11.90999984741211,11.90999984741211,11.8100004196167,11.819999694824219,73900
2017-04-27,5.261758327484131,11.979999542236328,11.979999542236328,11.920000076293945,11.920000076293945,27700
2017-04-28,5.252974987030029,11.960000038146973,12.0,11.920000076293945,11.970000267028809,59100
2017-05-01,5.226622104644775,11.899999618530273,11.970000267028809,11.800000190734863,11.800000190734863,223800
2017-05-02,5.274935245513916,12.010000228881836,12.029999732971191,11.90999984741211,11.90999984741211,198300
2017-05-03,5.310072898864746,12.09000015258789,12.119999885559082,12.029999732971191,12.029999732971191,63800
2017-05-04,5.3496012687683105,12.180000305175781,12.25,12.100000381469727,12.100000381469727,109800
2017-05-05,5.340816497802734,12.15999984741211,12.270000457763672,12.130000114440918,12.15999984741211,85000
2017-05-08,5.34520959854126,12.170000076293945,12.180000305175781,12.100000381469727,12.119999885559082,70700
2017-05-09,5.3496012687683105,12.180000305175781,12.210000038146973,12.15999984741211,12.15999984741211,57100
2017-05-10,5.3539934158325195,12.1899995803833,12.1899995803833,12.109999656677246,12.109999656677246,12800
2017-05-11,5.3539934158325195,12.1899995803833,12.1899995803833,12.149999618530273,12.1899995803833,8800
2017-05-12,5.375953674316406,12.239999771118164,12.239999771118164,12.1899995803833,12.239999771118164,21300
2017-05-15,5.415483474731445,12.329999923706055,12.329999923706055,12.15999984741211,12.15999984741211,29600
2017-05-16,5.428659439086914,12.359999656677246,12.420000076293945,12.319999694824219,12.359999656677246,58500
2017-05-17,5.380346775054932,12.25,12.329999923706055,12.25,12.270000457763672,38900
2017-05-18,5.380346775054932,12.25,12.270000457763672,12.220000267028809,12.239999771118164,18200
2017-05-19,5.433052062988281,12.369999885559082,12.390000343322754,12.34000015258789,12.34000015258789,33400
2017-05-22,5.481365203857422,12.479999542236328,12.5,12.449999809265137,12.460000038146973,47900
2017-05-23,5.490150451660156,12.5,12.510000228881836,12.430000305175781,12.430000305175781,36600
2017-05-24,5.481365203857422,12.479999542236328,12.510000228881836,12.449999809265137,12.479999542236328,36900
2017-05-25,5.51650333404541,12.5600004196167,12.5600004196167,12.510000228881836,12.520000457763672,24100
2017-05-26,5.498934268951416,12.520000457763672,12.529999732971191,12.479999542236328,12.5,20500
2017-05-30,5.490150451660156,12.5,12.5,12.470000267028809,12.5,15400
2017-05-31,5.498934268951416,12.520000457763672,12.550000190734863,12.510000228881836,12.510000228881836,30300
2017-06-01,5.5252861976623535,12.579999923706055,12.609999656677246,12.539999961853027,12.539999961853027,62000
2017-06-02,5.59116792678833,12.729999542236328,12.729999542236328,12.609999656677246,12.630000114440918,22700
2017-06-05,5.547248363494873,12.630000114440918,12.640000343322754,12.569999694824219,12.640000343322754,34500
2017-06-06,5.5428547859191895,12.619999885559082,12.649999618530273,12.539999961853027,12.539999961853027,42700
2017-06-07,5.538463115692139,12.609999656677246,12.630000114440918,12.59000015258789,12.600000381469727,28000
2017-06-08,5.468188762664795,12.449999809265137,12.59000015258789,12.40999984741211,12.59000015258789,45100
2017-06-09,5.424267768859863,12.350000381469727,12.399999618530273,12.109999656677246,12.300000190734863,192800
2017-06-12,5.393523216247559,12.279999732971191,12.3100004196167,12.229999542236328,12.260000228881836,42000
2017-06-13,5.415483474731445,12.329999923706055,12.359999656677246,12.300000190734863,12.300000190734863,31800
2017-06-14,5.428659439086914,12.359999656677246,12.4399995803833,12.3100004196167,12.3100004196167,25100
2017-06-15,5.362778186798096,12.210000038146973,12.279999732971191,12.210000038146973,12.229999542236328,19800
2017-06-16,5.468188762664795,12.449999809265137,12.449999809265137,12.260000228881836,12.390000343322754,20900
2017-06-19,5.503326416015625,12.529999732971191,12.5600004196167,12.420000076293945,12.420000076293945,141600
2017-06-20,5.507718563079834,12.539999961853027,12.579999923706055,12.510000228881836,12.539999961853027,57500
2017-06-21,5.494541645050049,12.510000228881836,12.520000457763672,12.460000038146973,12.470000267028809,52400
2017-06-22,5.5340704917907715,12.600000381469727,12.619999885559082,12.510000228881836,12.510000228881836,21700
2017-06-23,5.573599338531494,12.6899995803833,12.729999542236328,12.59000015258789,12.59000015258789,26700
2017-06-26,5.630697250366211,12.819999694824219,12.819999694824219,12.600000381469727,12.789999961853027,42000
2017-06-27,5.626305103302002,12.8100004196167,12.850000381469727,12.770000457763672,12.8100004196167,135500
2017-06-28,5.617520332336426,12.789999961853027,12.829999923706055,12.770000457763672,12.829999923706055,72400
2017-06-29,5.560423374176025,12.65999984741211,12.75,12.630000114440918,12.75,16300
2017-06-30,5.577991485595703,12.699999809265137,12.729999542236328,12.630000114440918,12.670000076293945,5800
2017-07-03,5.59116792678833,12.729999542236328,12.760000228881836,12.710000038146973,12.75,6200
2017-07-05,5.564814567565918,12.670000076293945,12.680000305175781,12.579999923706055,12.630000114440918,29600
2017-07-06,5.5252861976623535,12.579999923706055,12.630000114440918,12.520000457763672,12.520000457763672,17800
2017-07-07,5.569207191467285,12.680000305175781,12.680000305175781,12.579999923706055,12.619999885559082,28900
2017-07-10,5.529678821563721,12.59000015258789,12.640000343322754,12.569999694824219,12.640000343322754,33700
2017-07-11,5.5252861976623535,12.579999923706055,12.59000015258789,12.5,12.550000190734863,39300
2017-07-12,5.556056499481201,12.640000343322754,12.65999984741211,12.609999656677246,12.609999656677246,216300
2017-07-13,5.534078121185303,12.59000015258789,12.640000343322754,12.520000457763672,12.640000343322754,51000
2017-07-14,5.551660060882568,12.630000114440918,12.630000114440918,12.579999923706055,12.619999885559082,53900
2017-07-17,5.560451984405518,12.649999618530273,12.649999618530273,12.619999885559082,12.640000343322754,23400
2017-07-18,5.5824294090271,12.699999809265137,12.699999809265137,12.649999618530273,12.699999809265137,29200
2017-07-19,5.591219902038574,12.720000267028809,12.739999771118164,12.699999809265137,12.710000038146973,38800
2017-07-20,5.5824294090271,12.699999809265137,12.720000267028809,12.6899995803833,12.710000038146973,32900
2017-07-21,5.586824893951416,12.710000038146973,12.720000267028809,12.640000343322754,12.680000305175781,29100
2017-07-24,5.578033447265625,12.6899995803833,12.6899995803833,12.640000343322754,12.6899995803833,19500
2017-07-25,5.591219902038574,12.720000267028809,12.720000267028809,12.680000305175781,12.699999809265137,33500
2017-07-26,5.591219902038574,12.720000267028809,12.760000228881836,12.65999984741211,12.65999984741211,43600
2017-07-27,5.569242000579834,12.670000076293945,12.729999542236328,12.5,12.729999542236328,7100
2017-07-28,5.556056499481201,12.640000343322754,12.649999618530273,12.609999656677246,12.649999618530273,22800
2017-07-31,5.564846515655518,12.65999984741211,12.699999809265137,12.649999618530273,12.699999809265137,106100
2017-08-01,5.586824893951416,12.710000038146973,12.729999542236328,12.6899995803833,12.729999542236328,123500
2017-08-02,5.591219902038574,12.720000267028809,12.729999542236328,12.680000305175781,12.729999542236328,50300
2017-08-03,5.604406833648682,12.75,12.75,12.720000267028809,12.729999542236328,20900
2017-08-04,5.6088032722473145,12.760000228881836,12.760000228881836,12.699999809265137,12.720000267028809,22800
2017-08-07,5.586824893951416,12.710000038146973,12.739999771118164,12.680000305175781,12.739999771118164,138200
2017-08-08,5.5824294090271,12.699999809265137,12.699999809265137,12.640000343322754,12.680000305175781,148900
2017-08-09,5.586824893951416,12.710000038146973,12.710000038146973,12.619999885559082,12.649999618530273,21100
2017-08-10,5.525285720825195,12.569999694824219,12.619999885559082,12.460000038146973,12.600000381469727,68900
2017-08-11,5.525285720825195,12.569999694824219,12.59000015258789,12.1899995803833,12.319999694824219,50400
2017-08-14,5.547264575958252,12.619999885559082,12.670000076293945,12.569999694824219,12.65999984741211,38800
2017-08-15,5.560451984405518,12.649999618530273,12.649999618530273,12.550000190734863,12.569999694824219,17400
2017-08-16,5.52968168258667,12.579999923706055,12.619999885559082,12.550000190734863,12.600000381469727,15000
2017-08-17,5.50770378112793,12.529999732971191,12.569999694824219,12.510000228881836,12.510000228881836,30100
2017-08-18,5.516495227813721,12.550000190734863,12.550000190734863,12.5,12.550000190734863,30300
2017-08-21,5.538473129272461,12.600000381469727,12.609999656677246,12.550000190734863,12.569999694824219,45200
2017-08-22,5.560451984405518,12.649999618530273,12.649999618530273,12.59000015258789,12.600000381469727,15500
2017-08-23,5.551660060882568,12.630000114440918,12.630000114440918,12.579999923706055,12.609999656677246,33500
2017-08-24,5.564846515655518,12.65999984741211,12.670000076293945,12.609999656677246,12.630000114440918,38000
2017-08-25,5.569242000579834,12.670000076293945,12.710000038146973,12.670000076293945,12.670000076293945,37800
2017-08-28,5.595616340637207,12.729999542236328,12.739999771118164,12.670000076293945,12.6899995803833,139700
2017-08-29,5.5824294090271,12.699999809265137,12.729999542236328,12.569999694824219,12.649999618530273,40600
2017-08-30,5.591219902038574,12.720000267028809,12.720000267028809,12.670000076293945,12.699999809265137,58500
2017-08-31,5.591219902038574,12.720000267028809,12.720000267028809,12.6899995803833,12.720000267028809,12600
2017-09-01,5.600011348724365,12.739999771118164,12.739999771118164,12.680000305175781,12.710000038146973,51000
2017-09-05,5.5824294090271,12.699999809265137,12.710000038146973,12.680000305175781,12.680000305175781,14800
2017-09-06,5.595616340637207,12.729999542236328,12.75,12.630000114440918,12.699999809265137,27800
2017-09-07,5.6263861656188965,12.800000190734863,12.800000190734863,12.720000267028809,12.75,20000
2017-09-08,5.630781650543213,12.8100004196167,12.8100004196167,12.779999732971191,12.779999732971191,63600
2017-09-11,5.6395721435546875,12.829999923706055,12.899999618530273,12.789999961853027,12.800000190734863,151900
2017-09-12,5.635175704956055,12.819999694824219,12.819999694824219,12.770000457763672,12.8100004196167,3600
2017-09-13,5.604406833648682,12.75,12.789999961853027,12.699999809265137,12.789999961853027,53200
2017-09-14,5.5824294090271,12.699999809265137,12.75,12.619999885559082,12.729999542236328,48300
2017-09-15,5.591219902038574,12.720000267028809,12.729999542236328,12.649999618530273,12.65999984741211,22300
2017-09-18,5.604406833648682,12.75,12.779999732971191,12.729999542236328,12.75,7400
2017-09-19,5.621989727020264,12.789999961853027,12.789999961853027,12.75,12.789999961853027,20700
2017-09-20,5.621989727020264,12.789999961853027,12.789999961853027,12.720000267028809,12.770000457763672,18000
2017-09-21,5.600011348724365,12.739999771118164,12.8100004196167,12.739999771118164,12.8100004196167,5100
2017-09-22,5.578033447265625,12.6899995803833,12.720000267028809,12.65999984741211,12.710000038146973,8500
2017-09-25,5.569242000579834,12.670000076293945,12.720000267028809,12.649999618530273,12.670000076293945,22100
2017-09-26,5.560451984405518,12.649999618530273,12.670000076293945,12.630000114440918,12.649999618530273,18000
2017-09-27,5.534078121185303,12.59000015258789,12.600000381469727,12.550000190734863,12.59000015258789,33200
2017-09-28,5.551660060882568,12.630000114440918,12.630000114440918,12.5600004196167,12.5600004196167,155000
2017-09-29,5.613198757171631,12.770000457763672,12.770000457763672,12.630000114440918,12.649999618530273,35700
2017-10-02,5.6088032722473145,12.760000228881836,12.760000228881836,12.720000267028809,12.739999771118164,31100
2017-10-03,5.64396858215332,12.84000015258789,12.859999656677246,12.779999732971191,12.779999732971191,14200
2017-10-04,5.630781650543213,12.8100004196167,12.84000015258789,12.800000190734863,12.84000015258789,27900
2017-10-05,5.613198757171631,12.770000457763672,12.789999961853027,12.760000228881836,12.779999732971191,12500
2017-10-06,5.604406833648682,12.75,12.75,12.699999809265137,12.729999542236328,25900
2017-10-09,5.6088032722473145,12.760000228881836,12.770000457763672,12.729999542236328,12.760000228881836,32200
2017-10-10,5.6395721435546875,12.829999923706055,12.899999618530273,12.800000190734863,12.800000190734863,17300
2017-10-11,5.635175704956055,12.819999694824219,12.84000015258789,12.819999694824219,12.829999923706055,8300
2017-10-12,5.64836311340332,12.850000381469727,12.850000381469727,12.800000190734863,12.8100004196167,1700
2017-10-13,5.652759552001953,12.859999656677246,12.859999656677246,12.829999923706055,12.850000381469727,6700
2017-10-16,5.630781650543213,12.8100004196167,12.819999694824219,12.739999771118164,12.739999771118164,7600
2017-10-17,5.617594242095947,12.779999732971191,12.800000190734863,12.75,12.800000190734863,11000
2017-10-18,5.617594242095947,12.779999732971191,12.779999732971191,12.720000267028809,12.720000267028809,14700
2017-10-19,5.604406833648682,12.75,12.760000228881836,12.729999542236328,12.729999542236328,13500
2017-10-20,5.569242000579834,12.670000076293945,12.699999809265137,12.630000114440918,12.699999809265137,25400
2017-10-23,5.551660060882568,12.630000114440918,12.65999984741211,12.59000015258789,12.65999984741211,16500
2017-10-24,5.5208916664123535,12.5600004196167,12.579999923706055,12.5,12.579999923706055,11600
2017-10-25,5.50770378112793,12.529999732971191,12.539999961853027,12.460000038146973,12.539999961853027,66300
2017-10-26,5.5033087730407715,12.520000457763672,12.520000457763672,12.449999809265137,12.470000267028809,15000
2017-10-27,5.450560569763184,12.399999618530273,12.470000267028809,12.390000343322754,12.470000267028809,21000
2017-10-30,5.468142986297607,12.4399995803833,12.4399995803833,12.220000267028809,12.239999771118164,14700
2017-10-31,5.494517803192139,12.5,12.5,12.350000381469727,12.350000381469727,12800
2017-11-01,5.5033087730407715,12.520000457763672,12.520000457763672,12.479999542236328,12.5,54700
2017-11-02,5.525285720825195,12.569999694824219,12.579999923706055,12.550000190734863,12.550000190734863,7300
2017-11-03,5.5208916664123535,12.5600004196167,12.579999923706055,12.479999542236328,12.479999542236328,23600
2017-11-06,5.5208916664123535,12.5600004196167,12.5600004196167,12.510000228881836,12.510000228881836,21600
2017-11-07,5.476934432983398,12.460000038146973,12.5,12.420000076293945,12.5,6100
2017-11-08,5.490121841430664,12.489999771118164,12.5,12.470000267028809,12.470000267028809,15500
2017-11-09,5.468142986297607,12.4399995803833,12.4399995803833,12.359999656677246,12.390000343322754,34700
2017-11-10,5.47253942489624,12.449999809265137,12.470000267028809,12.380000114440918,12.420000076293945,20500
2017-11-13,5.47253942489624,12.449999809265137,12.449999809265137,12.369999885559082,12.40999984741211,11400
2017-11-14,5.459352016448975,12.420000076293945,12.5600004196167,12.369999885559082,12.369999885559082,13600
2017-11-15,5.441770076751709,12.380000114440918,12.380000114440918,12.300000190734863,12.359999656677246,15100
2017-11-16,5.459352016448975,12.420000076293945,12.449999809265137,12.239999771118164,12.239999771118164,8200
2017-11-17,5.47253942489624,12.449999809265137,12.460000038146973,12.420000076293945,12.430000305175781,80000
2017-11-20,5.512099742889404,12.539999961853027,12.630000114440918,12.479999542236328,12.479999542236328,17300
2017-11-21,5.538473129272461,12.600000381469727,12.640000343322754,12.579999923706055,12.640000343322754,36600
2017-11-22,5.542868614196777,12.609999656677246,12.649999618530273,12.510000228881836,12.649999618530273,14000
2017-11-24,5.542868614196777,12.609999656677246,12.649999618530273,12.609999656677246,12.649999618530273,3200
2017-11-27,5.604406833648682,12.75,12.850000381469727,12.720000267028809,12.850000381469727,13600
2017-11-28,5.595616340637207,12.729999542236328,12.739999771118164,12.710000038146973,12.739999771118164,5700
2017-11-29,5.578033447265625,12.6899995803833,12.699999809265137,12.619999885559082,12.699999809265137,9000
2017-11-30,5.617594242095947,12.779999732971191,12.779999732971191,12.670000076293945,12.680000305175781,11900
2017-12-01,5.5824294090271,12.699999809265137,12.75,12.600000381469727,12.720000267028809,8000
2017-12-04,5.560451984405518,12.649999618530273,12.779999732971191,12.640000343322754,12.699999809265137,28500
2017-12-05,5.551660060882568,12.630000114440918,12.640000343322754,12.609999656677246,12.609999656677246,6600
2017-12-06,5.556056499481201,12.640000343322754,12.670000076293945,12.630000114440918,12.65999984741211,32600
2017-12-07,5.538473129272461,12.600000381469727,12.609999656677246,12.569999694824219,12.579999923706055,6400
2017-12-08,5.551660060882568,12.630000114440918,12.649999618530273,12.630000114440918,12.630000114440918,2800
2017-12-11,5.512099742889404,12.539999961853027,12.65999984741211,12.489999771118164,12.65999984741211,32600
2017-12-12,5.542868614196777,12.609999656677246,12.609999656677246,12.489999771118164,12.520000457763672,8100
2017-12-13,5.52968168258667,12.579999923706055,12.609999656677246,12.5600004196167,12.569999694824219,6800
2017-12-14,5.520806312561035,12.4399995803833,12.520000457763672,12.4399995803833,12.470000267028809,8300
2017-12-15,5.5518717765808105,12.510000228881836,12.520000457763672,12.489999771118164,12.5,10900
2017-12-18,5.560748100280762,12.529999732971191,12.600000381469727,12.489999771118164,12.489999771118164,21000
2017-12-19,5.556310653686523,12.520000457763672,12.569999694824219,12.449999809265137,12.5,14400
2017-12-20,5.565185546875,12.539999961853027,12.550000190734863,12.40999984741211,12.40999984741211,37500
2017-12-21,5.596251487731934,12.609999656677246,12.609999656677246,12.479999542236328,12.479999542236328,25900
2017-12-22,5.60068941116333,12.619999885559082,12.630000114440918,12.529999732971191,12.539999961853027,42000
2017-12-26,5.60068941116333,12.619999885559082,12.630000114440918,12.520000457763672,12.520000457763672,40200
2017-12-27,5.6140031814575195,12.649999618530273,12.649999618530273,12.569999694824219,12.569999694824219,47100
2017-12-28,5.622878074645996,12.670000076293945,12.680000305175781,12.649999618530273,12.649999618530273,45800
2017-12-29,5.662820816040039,12.760000228881836,12.859999656677246,12.65999984741211,12.65999984741211,10500
2018-01-02,5.640630722045898,12.710000038146973,12.800000190734863,12.710000038146973,12.800000190734863,6900
2018-01-03,5.680573463439941,12.800000190734863,12.829999923706055,12.680000305175781,12.680000305175781,15700
2018-01-04,5.729389190673828,12.90999984741211,12.90999984741211,12.8100004196167,12.8100004196167,20300
2018-01-05,5.791522026062012,13.050000190734863,13.050000190734863,12.829999923706055,12.84000015258789,23000
2018-01-08,5.738265514373779,12.930000305175781,12.970000267028809,12.930000305175781,12.970000267028809,10500
2018-01-09,5.738265514373779,12.930000305175781,12.949999809265137,12.890000343322754,12.920000076293945,29800
2018-01-10,5.7471418380737305,12.949999809265137,12.960000038146973,12.859999656677246,12.859999656677246,10600
2018-01-11,5.756017208099365,12.970000267028809,12.979999542236328,12.9399995803833,12.979999542236328,7700
2018-01-12,5.795958995819092,13.0600004196167,13.0600004196167,12.970000267028809,13.020000457763672,11800
2018-01-16,5.822586536407471,13.119999885559082,13.279999732971191,13.100000381469727,13.279999732971191,41800
2018-01-17,5.804834365844727,13.079999923706055,13.109999656677246,13.029999732971191,13.109999656677246,17300
2018-01-18,5.827024459838867,13.130000114440918,13.229999542236328,13.100000381469727,13.180000305175781,24200
2018-01-19,5.858089447021484,13.199999809265137,13.199999809265137,13.109999656677246,13.109999656677246,34800
2018-01-22,5.831462383270264,13.140000343322754,13.199999809265137,13.109999656677246,13.109999656677246,11200
2018-01-23,5.902468681335449,13.300000190734863,13.3100004196167,13.180000305175781,13.180000305175781,30500
2018-01-24,5.9823527336120605,13.479999542236328,13.489999771118164,13.449999809265137,13.449999809265137,15200
2018-01-25,6.017856597900391,13.5600004196167,13.65999984741211,13.550000190734863,13.5600004196167,14500
2018-01-26,6.06667423248291,13.670000076293945,13.739999771118164,13.600000381469727,13.65999984741211,26800
2018-01-29,5.9823527336120605,13.479999542236328,13.569999694824219,13.449999809265137,13.569999694824219,37300
2018-01-30,5.973476886749268,13.460000038146973,13.470000267028809,13.430000305175781,13.470000267028809,17900
2018-01-31,5.9290971755981445,13.359999656677246,13.460000038146973,13.350000381469727,13.460000038146973,27200
2018-02-01,5.946847915649414,13.399999618530273,13.420000076293945,13.350000381469727,13.350000381469727,12800
2018-02-02,5.764893531799316,12.989999771118164,13.369999885559082,12.960000038146973,13.220000267028809,38200
2018-02-05,5.649505615234375,12.729999542236328,12.949999809265137,12.680000305175781,12.880000114440918,42800
2018-02-06,5.685009956359863,12.8100004196167,12.8100004196167,12.260000228881836,12.479999542236328,25700
2018-02-07,5.605127334594727,12.630000114440918,12.649999618530273,12.600000381469727,12.649999618530273,21900
2018-02-08,5.494178295135498,12.380000114440918,12.680000305175781,12.319999694824219,12.680000305175781,67400
2018-02-09,5.44092321395874,12.260000228881836,12.470000267028809,12.199999809265137,12.289999961853027,65200
2018-02-12,5.489741325378418,12.369999885559082,12.40999984741211,12.289999961853027,12.300000190734863,76100
2018-02-13,5.471988677978516,12.329999923706055,12.380000114440918,12.300000190734863,12.319999694824219,31700
2018-02-14,5.60068941116333,12.619999885559082,12.640000343322754,12.369999885559082,12.369999885559082,10200
2018-02-15,5.649505615234375,12.729999542236328,12.75,12.680000305175781,12.75,15800
2018-02-16,5.6761345863342285,12.789999961853027,12.90999984741211,12.710000038146973,12.75,30200
2018-02-20,5.662820816040039,12.760000228881836,12.779999732971191,12.680000305175781,12.680000305175781,19400
2018-02-21,5.671696662902832,12.779999732971191,12.800000190734863,12.670000076293945,12.800000190734863,13400
2018-02-22,5.689448356628418,12.819999694824219,12.859999656677246,12.699999809265137,12.699999809265137,20200
2018-02-23,5.689448356628418,12.819999694824219,12.819999694824219,12.75,12.75,27100
2018-02-26,5.707200527191162,12.859999656677246,12.880000114440918,12.770000457763672,12.779999732971191,16600
2018-02-27,5.658382415771484,12.75,12.8100004196167,12.670000076293945,12.8100004196167,21300
2018-02-28,5.640630722045898,12.710000038146973,12.720000267028809,12.640000343322754,12.670000076293945,26100
2018-03-01,5.525243759155273,12.449999809265137,12.550000190734863,12.449999809265137,12.550000190734863,46300
2018-03-02,5.52968168258667,12.460000038146973,12.470000267028809,12.399999618530273,12.449999809265137,22800
2018-03-05,5.60068941116333,12.619999885559082,12.649999618530273,12.520000457763672,12.539999961853027,8500
2018-03-06,5.569622993469238,12.550000190734863,12.619999885559082,12.550000190734863,12.579999923706055,97300
2018-03-07,5.582937240600586,12.579999923706055,12.579999923706055,12.470000267028809,12.510000228881836,24900
2018-03-08,5.60068941116333,12.619999885559082,12.619999885559082,12.520000457763672,12.520000457763672,23300
2018-03-09,5.6361918449401855,12.699999809265137,12.699999809265137,12.59000015258789,12.609999656677246,23700
2018-03-12,5.6361918449401855,12.699999809265137,12.699999809265137,12.539999961853027,12.699999809265137,34700
2018-03-13,5.622878074645996,12.670000076293945,12.710000038146973,12.649999618530273,12.710000038146973,11400
2018-03-14,5.640630722045898,12.710000038146973,12.739999771118164,12.6899995803833,12.729999542236328,6300
2018-03-15,5.622878074645996,12.670000076293945,12.739999771118164,12.609999656677246,12.739999771118164,22400
2018-03-16,5.6361918449401855,12.699999809265137,12.729999542236328,12.65999984741211,12.699999809265137,5700
2018-03-19,5.622878074645996,12.670000076293945,12.829999923706055,12.670000076293945,12.760000228881836,13800
2018-03-20,5.622878074645996,12.670000076293945,12.75,12.649999618530273,12.75,22000
2018-03-21,5.609564304351807,12.640000343322754,12.640000343322754,12.600000381469727,12.640000343322754,7400
2018-03-22,5.489741325378418,12.369999885559082,12.5,12.369999885559082,12.460000038146973,11000
2018-03-23,5.485301971435547,12.359999656677246,12.5,12.359999656677246,12.479999542236328,18100
2018-03-26,5.507491588592529,12.40999984741211,12.569999694824219,12.380000114440918,12.569999694824219,7500
2018-03-27,5.445361137390137,12.270000457763672,12.380000114440918,12.260000228881836,12.380000114440918,6500
2018-03-28,5.47642707824707,12.34000015258789,12.350000381469727,12.289999961853027,12.3100004196167,14200
2018-03-29,5.43648624420166,12.25,12.369999885559082,12.25,12.34000015258789,4500
2018-04-02,5.44092321395874,12.260000228881836,12.289999961853027,12.25,12.25,10000
2018-04-03,5.418734073638916,12.210000038146973,12.210000038146973,12.140000343322754,12.15999984741211,31600
2018-04-04,5.3832292556762695,12.130000114440918,12.149999618530273,12.069999694824219,12.069999694824219,28100
2018-04-05,5.4320454597473145,12.239999771118164,12.239999771118164,12.199999809265137,12.220000267028809,13100
2018-04-06,5.43648624420166,12.25,12.34000015258789,12.25,12.260000228881836,14700
2018-04-09,5.47642707824707,12.34000015258789,12.369999885559082,12.319999694824219,12.34000015258789,8400
2018-04-10,5.498616695404053,12.390000343322754,12.489999771118164,12.369999885559082,12.369999885559082,20900
2018-04-11,5.485301971435547,12.359999656677246,12.399999618530273,12.350000381469727,12.390000343322754,18500
2018-04-12,5.494178295135498,12.380000114440918,12.430000305175781,12.369999885559082,12.430000305175781,3200
2018-04-13,5.480865001678467,12.350000381469727,12.4399995803833,12.350000381469727,12.4399995803833,5200
2018-04-16,5.489741325378418,12.369999885559082,12.399999618530273,12.329999923706055,12.399999618530273,112200
2018-04-17,5.516367435455322,12.430000305175781,12.460000038146973,12.420000076293945,12.460000038146973,4100
2018-04-18,5.520806312561035,12.4399995803833,12.449999809265137,12.399999618530273,12.399999618530273,4700
2018-04-19,5.47642707824707,12.34000015258789,12.420000076293945,12.329999923706055,12.329999923706055,12100
2018-04-20,5.449799060821533,12.279999732971191,12.319999694824219,12.25,12.25,10100
2018-04-23,5.4320454597473145,12.239999771118164,12.279999732971191,12.220000267028809,12.220000267028809,21000
2018-04-24,5.44092321395874,12.260000228881836,12.289999961853027,12.25,12.260000228881836,42600
2018-04-25,5.414295673370361,12.199999809265137,12.220000267028809,12.170000076293945,12.210000038146973,12200
2018-04-26,5.4542365074157715,12.289999961853027,12.289999961853027,12.239999771118164,12.239999771118164,2000
2018-04-27,5.445361137390137,12.270000457763672,12.289999961853027,12.260000228881836,12.260000228881836,4200
2018-04-30,5.43648624420166,12.25,12.319999694824219,12.229999542236328,12.229999542236328,10600
2018-05-01,5.445361137390137,12.270000457763672,12.300000190734863,12.260000228881836,12.270000457763672,24700
2018-05-02,5.43648624420166,12.25,12.430000305175781,12.25,12.279999732971191,8800
2018-05-03,5.445361137390137,12.270000457763672,12.319999694824219,12.239999771118164,12.279999732971191,12000
2018-05-04,5.449799060821533,12.279999732971191,12.319999694824219,12.229999542236328,12.229999542236328,1200
2018-05-07,5.463112831115723,12.3100004196167,12.350000381469727,12.300000190734863,12.329999923706055,18800
2018-05-08,5.445361137390137,12.270000457763672,12.329999923706055,12.25,12.25,13700
2018-05-09,5.463112831115723,12.3100004196167,12.34000015258789,12.270000457763672,12.270000457763672,3900
2018-05-10,5.480865001678467,12.350000381469727,12.350000381469727,12.289999961853027,12.3100004196167,24700
2018-05-11,5.485301971435547,12.359999656677246,12.369999885559082,12.34000015258789,12.34000015258789,41500
2018-05-14,5.498616695404053,12.390000343322754,12.4399995803833,12.34000015258789,12.4399995803833,21600
2018-05-15,5.498616695404053,12.390000343322754,12.390000343322754,12.270000457763672,12.350000381469727,16900
2018-05-16,5.52968168258667,12.460000038146973,12.479999542236328,12.4399995803833,12.449999809265137,43300
2018-05-17,5.494178295135498,12.380000114440918,12.430000305175781,12.350000381469727,12.430000305175781,40700
2018-05-18,5.503054141998291,12.399999618530273,12.40999984741211,12.369999885559082,12.390000343322754,18600
2018-05-21,5.538557052612305,12.479999542236328,12.479999542236328,12.430000305175781,12.449999809265137,13300
2018-05-22,5.503054141998291,12.399999618530273,12.489999771118164,12.359999656677246,12.460000038146973,15200
2018-05-23,5.445361137390137,12.270000457763672,12.350000381469727,12.260000228881836,12.329999923706055,10000
2018-05-24,5.47642707824707,12.34000015258789,12.34000015258789,12.3100004196167,12.34000015258789,5100
2018-05-25,5.45867395401001,12.300000190734863,12.350000381469727,12.300000190734863,12.300000190734863,6700
2018-05-29,5.374352931976318,12.109999656677246,12.239999771118164,12.109999656677246,12.220000267028809,14900
2018-05-30,5.423171043395996,12.220000267028809,12.239999771118164,12.140000343322754,12.140000343322754,11200
2018-05-31,5.396543025970459,12.15999984741211,12.25,12.140000343322754,12.25,29600
2018-06-01,5.485301971435547,12.359999656677246,12.359999656677246,12.279999732971191,12.279999732971191,11400
2018-06-04,5.445361137390137,12.270000457763672,12.40999984741211,12.260000228881836,12.40999984741211,36100
2018-06-05,5.427608489990234,12.229999542236328,12.25,12.220000267028809,12.229999542236328,6900
2018-06-06,5.409856796264648,12.1899995803833,12.229999542236328,12.15999984741211,12.170000076293945,19600
2018-06-07,5.409856796264648,12.1899995803833,12.239999771118164,12.1899995803833,12.239999771118164,7400
2018-06-08,5.449799060821533,12.279999732971191,12.289999961853027,12.180000305175781,12.180000305175781,120200
2018-06-11,5.480865001678467,12.350000381469727,12.359999656677246,12.300000190734863,12.350000381469727,27000
2018-06-12,5.47642707824707,12.34000015258789,12.359999656677246,12.289999961853027,12.350000381469727,6800
2018-06-13,5.507491588592529,12.40999984741211,12.4399995803833,12.3100004196167,12.350000381469727,18400
2018-06-14,5.480865001678467,12.350000381469727,12.399999618530273,12.329999923706055,12.329999923706055,11300
2018-06-15,5.471988677978516,12.329999923706055,12.329999923706055,12.279999732971191,12.279999732971191,5400
2018-06-18,5.427608489990234,12.229999542236328,12.260000228881836,12.210000038146973,12.260000228881836,10200
2018-06-19,5.414295673370361,12.199999809265137,12.199999809265137,12.050000190734863,12.149999618530273,14300
2018-06-20,5.423171043395996,12.220000267028809,12.260000228881836,12.220000267028809,12.260000228881836,5400
2018-06-21,5.429039001464844,12.029999732971191,12.220000267028809,12.020000457763672,12.199999809265137,25700
2018-06-22,5.5012431144714355,12.1899995803833,12.1899995803833,12.15999984741211,12.15999984741211,6600
2018-06-25,5.429039001464844,12.029999732971191,12.130000114440918,12.010000228881836,12.09000015258789,19900
2018-06-26,5.496731758117676,12.180000305175781,12.180000305175781,12.029999732971191,12.050000190734863,42900
2018-06-27,5.51478385925293,12.220000267028809,12.279999732971191,12.170000076293945,12.270000457763672,26600
2018-06-28,5.537348747253418,12.270000457763672,12.270000457763672,12.1899995803833,12.239999771118164,22000
2018-06-29,5.573451519012451,12.350000381469727,12.430000305175781,12.300000190734863,12.380000114440918,30800
2018-07-02,5.564425945281982,12.329999923706055,12.329999923706055,12.260000228881836,12.289999961853027,16500
2018-07-03,5.645657539367676,12.510000228881836,12.510000228881836,12.40999984741211,12.449999809265137,21600
2018-07-05,5.564425945281982,12.329999923706055,12.539999961853027,12.270000457763672,12.539999961853027,160000
2018-07-06,5.605042457580566,12.420000076293945,12.460000038146973,12.279999732971191,12.329999923706055,30500
2018-07-09,5.632119178771973,12.479999542236328,12.479999542236328,12.460000038146973,12.479999542236328,11800
2018-07-10,5.650171756744385,12.520000457763672,12.529999732971191,12.470000267028809,12.470000267028809,15800
2018-07-11,5.600527286529541,12.40999984741211,12.479999542236328,12.40999984741211,12.40999984741211,6400
2018-07-12,5.659196853637695,12.539999961853027,12.550000190734863,12.470000267028809,12.479999542236328,13900
2018-07-13,5.690786361694336,12.609999656677246,12.609999656677246,12.529999732971191,12.5600004196167,17600
2018-07-16,5.6637091636657715,12.550000190734863,12.59000015258789,12.550000190734863,12.59000015258789,59200
2018-07-17,5.659196853637695,12.539999961853027,12.550000190734863,12.5,12.5,30200
2018-07-18,5.677248001098633,12.579999923706055,12.630000114440918,12.579999923706055,12.579999923706055,70200
2018-07-19,5.695300579071045,12.619999885559082,12.65999984741211,12.600000381469727,12.600000381469727,22100
2018-07-20,5.753968715667725,12.75,12.789999961853027,12.649999618530273,12.65999984741211,57100
2018-07-23,5.767506122589111,12.779999732971191,12.800000190734863,12.6899995803833,12.75,29300
2018-07-24,5.781045436859131,12.8100004196167,12.819999694824219,12.779999732971191,12.779999732971191,21900
2018-07-25,5.776534080505371,12.800000190734863,12.8100004196167,12.760000228881836,12.779999732971191,28400
2018-07-26,5.799097537994385,12.850000381469727,12.899999618530273,12.8100004196167,12.859999656677246,11300
2018-07-27,5.830687522888184,12.920000076293945,12.970000267028809,12.850000381469727,12.850000381469727,34900
2018-07-30,5.8487396240234375,12.960000038146973,12.970000267028809,12.960000038146973,12.970000267028809,2000
2018-07-31,5.853252410888672,12.970000267028809,12.989999771118164,12.8100004196167,12.989999771118164,5800
2018-08-01,5.821660995483398,12.899999618530273,12.899999618530273,12.800000190734863,12.880000114440918,3800
2018-08-02,5.794584274291992,12.84000015258789,12.890000343322754,12.800000190734863,12.859999656677246,11000
2018-08-03,5.8126349449157715,12.880000114440918,12.920000076293945,12.779999732971191,12.800000190734863,11800
2018-08-06,5.799097537994385,12.850000381469727,12.859999656677246,12.369999885559082,12.819999694824219,26200
2018-08-07,5.821660995483398,12.899999618530273,12.970000267028809,12.789999961853027,12.9399995803833,29600
2018-08-08,5.835200309753418,12.930000305175781,13.0,12.869999885559082,12.869999885559082,49800
2018-08-09,5.8577656745910645,12.979999542236328,13.0,12.90999984741211,12.90999984741211,9700
2018-08-10,5.7900710105896,12.829999923706055,12.829999923706055,12.770000457763672,12.829999923706055,6400
2018-08-13,5.776534080505371,12.800000190734863,12.84000015258789,12.770000457763672,12.84000015258789,11300
2018-08-14,5.767506122589111,12.779999732971191,12.8100004196167,12.779999732971191,12.800000190734863,16700
2018-08-15,5.73140287399292,12.699999809265137,12.699999809265137,12.579999923706055,12.6899995803833,11100
2018-08-16,5.753968715667725,12.75,12.75,12.710000038146973,12.710000038146973,6200
2018-08-17,5.744941234588623,12.729999542236328,12.760000228881836,12.399999618530273,12.399999618530273,10000
2018-08-20,5.781045436859131,12.8100004196167,12.829999923706055,12.640000343322754,12.640000343322754,30400
2018-08-21,5.803610801696777,12.859999656677246,12.869999885559082,12.819999694824219,12.84000015258789,34500
2018-08-22,5.8081231117248535,12.869999885559082,12.869999885559082,12.8100004196167,12.859999656677246,20600
2018-08-23,5.8126349449157715,12.880000114440918,12.90999984741211,12.880000114440918,12.890000343322754,37100
2018-08-24,5.938997268676758,13.15999984741211,13.25,13.140000343322754,13.25,574100
2018-08-27,5.988638877868652,13.270000457763672,13.279999732971191,13.1899995803833,13.220000267028809,126900
2018-08-28,5.984127044677734,13.260000228881836,13.289999961853027,13.260000228881836,13.260000228881836,26000
2018-08-29,6.024743556976318,13.350000381469727,13.359999656677246,13.3100004196167,13.3100004196167,33200
2018-08-30,5.9976654052734375,13.289999961853027,13.289999961853027,13.220000267028809,13.220000267028809,19200
2018-08-31,5.9976654052734375,13.289999961853027,13.319999694824219,13.270000457763672,13.289999961853027,38500
2018-09-04,5.970587730407715,13.229999542236328,13.25,13.180000305175781,13.1899995803833,26100
2018-09-05,5.911919593811035,13.100000381469727,13.180000305175781,13.079999923706055,13.180000305175781,15400
2018-09-06,5.934484004974365,13.149999618530273,13.15999984741211,13.010000228881836,13.010000228881836,4700
2018-09-07,5.902894496917725,13.079999923706055,13.119999885559082,12.420000076293945,13.069999694824219,37500
2018-09-10,5.9209465980529785,13.119999885559082,13.220000267028809,13.09000015258789,13.199999809265137,76600
2018-09-11,5.911919593811035,13.100000381469727,13.130000114440918,13.069999694824219,13.100000381469727,102000
2018-09-12,5.948023796081543,13.180000305175781,13.239999771118164,13.15999984741211,13.180000305175781,87700
2018-09-13,5.975101947784424,13.239999771118164,13.289999961853027,13.229999542236328,13.260000228881836,100200
2018-09-14,6.042794704437256,13.390000343322754,13.460000038146973,13.229999542236328,13.289999961853027,239500
2018-09-17,6.135432243347168,8.609999656677246,8.869999885559082,8.510000228881836,8.84000015258789,634700
2018-09-18,6.142556667327881,8.619999885559082,8.699999809265137,8.579999923706055,8.699999809265137,131100
2018-09-19,6.114053726196289,8.579999923706055,8.59000015258789,8.470000267028809,8.520000457763672,51900
2018-09-20,6.156808853149414,8.640000343322754,8.649999618530273,8.569999694824219,8.569999694824219,47000
2018-09-21,6.142556667327881,8.619999885559082,8.680000305175781,8.619999885559082,8.680000305175781,29400
2018-09-24,6.128305912017822,8.600000381469727,8.609999656677246,8.579999923706055,8.600000381469727,41000
2018-09-25,6.135432243347168,8.609999656677246,8.640000343322754,8.600000381469727,8.600000381469727,31300
2018-09-26,6.135432243347168,8.609999656677246,8.640000343322754,8.600000381469727,8.609999656677246,26200
2018-09-27,6.121180534362793,8.59000015258789,8.600000381469727,8.579999923706055,8.600000381469727,24300
2018-09-28,6.064172744750977,8.510000228881836,8.59000015258789,8.5,8.59000015258789,25500
2018-10-01,6.064172744750977,8.510000228881836,8.550000190734863,8.5,8.550000190734863,113300
2018-10-02,6.0000386238098145,8.420000076293945,8.5,8.40999984741211,8.470000267028809,68200
2018-10-03,5.971535682678223,8.380000114440918,8.470000267028809,8.380000114440918,8.380000114440918,93800
2018-10-04,5.935905933380127,8.329999923706055,8.399999618530273,8.3100004196167,8.399999618530273,83300
2018-10-05,5.843267917633057,8.199999809265137,8.300000190734863,8.199999809265137,8.300000190734863,200100
2018-10-08,5.800512790679932,8.140000343322754,8.149999618530273,8.100000381469727,8.140000343322754,17600
2018-10-09,5.75775671005249,8.079999923706055,8.109999656677246,8.039999961853027,8.039999961853027,17800
2018-10-10,5.693623065948486,7.989999771118164,8.149999618530273,7.980000019073486,8.0600004196167,42900
2018-10-11,5.5653557777404785,7.809999942779541,7.920000076293945,7.809999942779541,7.920000076293945,41100
2018-10-12,5.572482585906982,7.820000171661377,7.849999904632568,7.800000190734863,7.809999942779541,69400
2018-10-15,5.494096755981445,7.710000038146973,7.869999885559082,7.710000038146973,7.849999904632568,223500
2018-10-16,5.579607009887695,7.829999923706055,7.840000152587891,7.739999771118164,7.739999771118164,154400
2018-10-17,5.579607009887695,7.829999923706055,7.840000152587891,7.800000190734863,7.809999942779541,25100
2018-10-18,5.543978691101074,7.78000020980835,7.840000152587891,7.760000228881836,7.820000171661377,55700
2018-10-19,5.608112335205078,7.869999885559082,7.940000057220459,7.829999923706055,7.840000152587891,48000
2018-10-22,5.515475273132324,7.739999771118164,7.849999904632568,7.610000133514404,7.769999980926514,134200
2018-10-23,5.508349895477295,7.730000019073486,7.739999771118164,7.619999885559082,7.659999847412109,203400
2018-10-24,5.387207984924316,7.559999942779541,7.699999809265137,7.559999942779541,7.679999828338623,115800
2018-10-25,5.437089920043945,7.630000114440918,7.659999847412109,7.519999980926514,7.539999961853027,636600
2018-10-26,5.444215297698975,7.639999866485596,7.650000095367432,7.559999942779541,7.610000133514404,124700
2018-10-29,5.465592861175537,7.670000076293945,7.800000190734863,7.659999847412109,7.710000038146973,101200
2018-10-30,5.508349895477295,7.730000019073486,7.75,7.670000076293945,7.699999809265137,135200
2018-10-31,5.5653557777404785,7.809999942779541,7.840000152587891,7.760000228881836,7.78000020980835,63500
2018-11-01,5.600986003875732,7.860000133514404,7.869999885559082,7.820000171661377,7.829999923706055,88100
2018-11-02,5.543978691101074,7.78000020980835,7.900000095367432,7.78000020980835,7.869999885559082,37000
2018-11-05,5.579607009887695,7.829999923706055,7.840000152587891,7.769999980926514,7.78000020980835,63200
2018-11-06,5.5653557777404785,7.809999942779541,7.829999923706055,7.769999980926514,7.800000190734863,87600
2018-11-07,5.600986003875732,7.860000133514404,7.889999866485596,7.829999923706055,7.829999923706055,155700
2018-11-08,5.586734771728516,7.840000152587891,7.869999885559082,7.809999942779541,7.849999904632568,139500
2018-11-09,5.5511040687561035,7.789999961853027,7.840000152587891,7.760000228881836,7.809999942779541,132200
2018-11-12,5.47984504699707,7.690000057220459,7.769999980926514,7.659999847412109,7.730000019073486,132100
2018-11-13,5.5653557777404785,7.809999942779541,7.809999942779541,7.679999828338623,7.699999809265137,95800
2018-11-14,5.515475273132324,7.739999771118164,7.820000171661377,7.679999828338623,7.800000190734863,136800
2018-11-15,5.3230743408203125,7.46999979019165,7.699999809265137,7.46999979019165,7.699999809265137,122500
2018-11-16,5.258942127227783,7.380000114440918,7.559999942779541,7.340000152587891,7.489999771118164,91600
2018-11-19,5.166303634643555,7.25,7.300000190734863,7.210000038146973,7.300000190734863,111200
2018-11-20,5.130674362182617,7.199999809265137,7.269999980926514,7.159999847412109,7.179999828338623,95600
2018-11-21,5.123549461364746,7.190000057220459,7.300000190734863,7.190000057220459,7.300000190734863,744200
2018-11-23,5.166303634643555,7.25,7.260000228881836,7.070000171661377,7.090000152587891,183800
2018-11-26,5.123549461364746,7.190000057220459,7.340000152587891,7.170000076293945,7.300000190734863,253500
2018-11-27,5.137800216674805,7.210000038146973,7.21999979019165,7.150000095367432,7.150000095367432,97700
2018-11-28,5.201933860778809,7.300000190734863,7.320000171661377,7.230000019073486,7.230000019073486,79700
2018-11-29,5.230437755584717,7.340000152587891,7.360000133514404,7.309999942779541,7.309999942779541,56000
2018-11-30,5.230437755584717,7.340000152587891,7.380000114440918,7.320000171661377,7.320000171661377,41800
2018-12-03,5.2945709228515625,7.429999828338623,7.440000057220459,7.389999866485596,7.389999866485596,38700
2018-12-04,5.237564563751221,7.349999904632568,7.449999809265137,7.340000152587891,7.400000095367432,27100
2018-12-06,5.116422176361084,7.179999828338623,7.269999980926514,7.099999904632568,7.21999979019165,79200
2018-12-07,5.073666572570801,7.119999885559082,7.269999980926514,7.099999904632568,7.199999809265137,63000
2018-12-10,5.045163154602051,7.079999923706055,7.190000057220459,7.03000020980835,7.119999885559082,34900
2018-12-11,5.087919235229492,7.139999866485596,7.190000057220459,7.090000152587891,7.170000076293945,47900
2018-12-12,5.166303634643555,7.25,7.289999961853027,7.179999828338623,7.179999828338623,136500
2018-12-13,5.144925117492676,7.21999979019165,7.25,7.199999809265137,7.25,20900
2018-12-14,5.116422176361084,7.179999828338623,7.340000152587891,7.139999866485596,7.159999847412109,67900
2018-12-17,4.981029987335205,6.989999771118164,7.139999866485596,6.949999809265137,7.130000114440918,108800
2018-12-18,4.988155841827393,7.0,7.03000020980835,6.960000038146973,7.03000020980835,39400
2018-12-19,4.973903656005859,6.980000019073486,7.019999980926514,6.960000038146973,6.960000038146973,68200
2018-12-20,4.8955183029174805,6.869999885559082,7.010000228881836,6.869999885559082,7.010000228881836,34000
2018-12-21,4.867014408111572,6.829999923706055,6.909999847412109,6.820000171661377,6.880000114440918,45600
2018-12-24,4.84563684463501,6.800000190734863,6.809999942779541,6.760000228881836,6.760000228881836,54000
2018-12-26,4.902644634246826,6.880000114440918,6.920000076293945,6.769999980926514,6.869999885559082,60700
2018-12-27,4.81713342666626,6.760000228881836,6.840000152587891,6.75,6.75,51000
2018-12-28,4.8955183029174805,6.869999885559082,6.929999828338623,6.78000020980835,6.78000020980835,87700
2018-12-31,4.916895866394043,6.900000095367432,7.019999980926514,6.840000152587891,6.840000152587891,89000
2019-01-02,4.902644634246826,6.880000114440918,6.909999847412109,6.880000114440918,6.880000114440918,6300
2019-01-03,5.0095343589782715,7.03000020980835,7.03000020980835,6.869999885559082,6.900000095367432,3000
2019-01-04,5.045163154602051,7.079999923706055,7.119999885559082,7.059999942779541,7.059999942779541,11900
2019-01-07,5.059415340423584,7.099999904632568,7.119999885559082,7.059999942779541,7.059999942779541,13200
2019-01-08,5.159178256988525,7.239999771118164,7.260000228881836,7.159999847412109,7.179999828338623,11500
2019-01-09,5.137800216674805,7.210000038146973,7.309999942779541,7.210000038146973,7.28000020980835,10400
2019-01-10,5.223311424255371,7.329999923706055,7.329999923706055,7.260000228881836,7.269999980926514,16800
2019-01-11,5.24468994140625,7.360000133514404,7.360000133514404,7.300000190734863,7.300000190734863,8100
2019-01-14,5.230437755584717,7.340000152587891,7.340000152587891,7.289999961853027,7.329999923706055,15200
2019-01-15,5.194807052612305,7.289999961853027,7.340000152587891,7.289999961853027,7.340000152587891,8200
2019-01-16,5.237564563751221,7.349999904632568,7.380000114440918,7.329999923706055,7.329999923706055,3800
2019-01-17,5.24468994140625,7.360000133514404,7.400000095367432,7.360000133514404,7.380000114440918,2800
2019-01-18,5.280319690704346,7.409999847412109,7.429999828338623,7.400000095367432,7.400000095367432,29600
2019-01-22,5.201933860778809,7.300000190734863,7.369999885559082,7.269999980926514,7.369999885559082,22800
2019-01-23,5.201933860778809,7.300000190734863,7.369999885559082,7.28000020980835,7.300000190734863,20500
2019-01-24,5.194807052612305,7.289999961853027,7.349999904632568,7.289999961853027,7.349999904632568,3700
2019-01-25,5.194807052612305,7.289999961853027,7.349999904632568,7.28000020980835,7.320000171661377,8600
2019-01-28,5.173430919647217,7.260000228881836,7.28000020980835,7.260000228881836,7.28000020980835,40800
2019-01-29,5.216185092926025,7.320000171661377,7.349999904632568,7.289999961853027,7.289999961853027,6000
2019-01-30,5.223311424255371,7.329999923706055,7.349999904632568,7.309999942779541,7.329999923706055,16400
2019-01-31,5.237564563751221,7.349999904632568,7.409999847412109,7.309999942779541,7.309999942779541,43500
2019-02-01,5.237564563751221,7.349999904632568,7.389999866485596,7.329999923706055,7.369999885559082,2700
2019-02-04,5.223311424255371,7.329999923706055,7.369999885559082,7.329999923706055,7.340000152587891,28000
2019-02-05,5.266067981719971,7.389999866485596,7.409999847412109,7.360000133514404,7.360000133514404,11900
2019-02-06,5.280319690704346,7.409999847412109,7.409999847412109,7.400000095367432,7.400000095367432,5400
2019-02-07,5.237564563751221,7.349999904632568,7.409999847412109,7.329999923706055,7.409999847412109,18700
2019-02-08,5.209059238433838,7.309999942779541,7.360000133514404,7.300000190734863,7.329999923706055,26300
2019-02-11,5.180555820465088,7.269999980926514,7.320000171661377,7.260000228881836,7.309999942779541,9100
2019-02-12,5.216185092926025,7.320000171661377,7.360000133514404,7.309999942779541,7.320000171661377,50900
2019-02-13,5.237564563751221,7.349999904632568,7.389999866485596,7.320000171661377,7.320000171661377,15200
2019-02-14,5.266067981719971,7.389999866485596,7.420000076293945,7.349999904632568,7.380000114440918,13300
2019-02-15,5.280319690704346,7.409999847412109,7.440000057220459,7.400000095367432,7.409999847412109,21800
2019-02-19,5.280319690704346,7.409999847412109,7.429999828338623,7.380000114440918,7.409999847412109,48500
2019-02-20,5.308822154998779,7.449999809265137,7.460000038146973,7.429999828338623,7.440000057220459,17600
2019-02-21,5.337326526641846,7.489999771118164,7.5,7.46999979019165,7.46999979019165,10400
2019-02-22,5.372955799102783,7.539999961853027,7.550000190734863,7.5,7.5,4300
2019-02-25,5.380082607269287,7.550000190734863,7.590000152587891,7.519999980926514,7.53000020980835,17500
2019-02-26,5.415711402893066,7.599999904632568,7.619999885559082,7.579999923706055,7.579999923706055,19300
2019-02-27,5.380082607269287,7.550000190734863,7.570000171661377,7.550000190734863,7.570000171661377,6900
2019-02-28,5.437089920043945,7.630000114440918,7.639999866485596,7.579999923706055,7.599999904632568,33500
2019-03-01,5.4513421058654785,7.650000095367432,7.670000076293945,7.650000095367432,7.659999847412109,5000
2019-03-04,5.586734771728516,7.840000152587891,7.840000152587891,7.670000076293945,7.760000228881836,39800
2019-03-05,5.486971855163574,7.699999809265137,7.760000228881836,7.679999828338623,7.739999771118164,42900
2019-03-06,5.486971855163574,7.699999809265137,7.739999771118164,7.699999809265137,7.699999809265137,33800
2019-03-07,5.437089920043945,7.630000114440918,7.699999809265137,7.599999904632568,7.690000057220459,29900
2019-03-08,5.4513421058654785,7.650000095367432,7.650000095367432,7.559999942779541,7.610000133514404,15300
2019-03-11,5.444215297698975,7.639999866485596,7.639999866485596,7.599999904632568,7.639999866485596,25300
2019-03-12,5.429964542388916,7.619999885559082,7.630000114440918,7.599999904632568,7.630000114440918,8500
2019-03-13,5.429964542388916,7.619999885559082,7.650000095367432,7.579999923706055,7.579999923706055,42900
2019-03-14,5.45846700668335,7.659999847412109,7.690000057220459,7.630000114440918,7.650000095367432,47500
2019-03-15,5.437089920043945,7.630000114440918,7.679999828338623,7.630000114440918,7.670000076293945,21600
2019-03-18,5.429964542388916,7.619999885559082,7.679999828338623,7.619999885559082,7.639999866485596,26000
2019-03-19,5.437089920043945,7.630000114440918,7.679999828338623,7.619999885559082,7.619999885559082,25500
2019-03-20,5.45846700668335,7.659999847412109,7.659999847412109,7.550000190734863,7.590000152587891,32800
2019-03-21,5.437089920043945,7.630000114440918,7.639999866485596,7.590000152587891,7.590000152587891,31600
2019-03-22,5.372955799102783,7.539999961853027,7.619999885559082,7.510000228881836,7.559999942779541,20600
2019-03-25,5.380082607269287,7.550000190734863,7.570000171661377,7.550000190734863,7.550000190734863,3400
2019-03-26,5.394333839416504,7.570000171661377,7.590000152587891,7.550000190734863,7.590000152587891,40900
2019-03-27,5.4085869789123535,7.590000152587891,7.590000152587891,7.550000190734863,7.570000171661377,7200
2019-03-28,5.437089920043945,7.630000114440918,7.630000114440918,7.539999961853027,7.610000133514404,20200
2019-03-29,5.429964542388916,7.619999885559082,7.639999866485596,7.570000171661377,7.619999885559082,59400
2019-04-01,5.4513421058654785,7.650000095367432,7.679999828338623,7.619999885559082,7.619999885559082,23200
2019-04-02,5.437089920043945,7.630000114440918,7.679999828338623,7.630000114440918,7.679999828338623,21700
2019-04-03,5.4513421058654785,7.650000095367432,7.670000076293945,7.650000095367432,7.650000095367432,15600
2019-04-04,5.437089920043945,7.630000114440918,7.679999828338623,7.630000114440918,7.659999847412109,96200
2019-04-05,5.429964542388916,7.619999885559082,7.650000095367432,7.619999885559082,7.639999866485596,24900
2019-04-08,5.444215297698975,7.639999866485596,7.670000076293945,7.630000114440918,7.630000114440918,12600
2019-04-09,5.437089920043945,7.630000114440918,7.639999866485596,7.610000133514404,7.639999866485596,26300
2019-04-10,5.422837257385254,7.610000133514404,7.630000114440918,7.570000171661377,7.619999885559082,7000
2019-04-11,5.437089920043945,7.630000114440918,7.630000114440918,7.619999885559082,7.630000114440918,5700
2019-04-12,5.401460647583008,7.579999923706055,7.639999866485596,7.570000171661377,7.630000114440918,16800
2019-04-15,5.429964542388916,7.619999885559082,7.639999866485596,7.610000133514404,7.610000133514404,41800
2019-04-16,5.4513421058654785,7.650000095367432,7.690000057220459,7.639999866485596,7.639999866485596,52600
2019-04-17,5.444215297698975,7.639999866485596,7.679999828338623,7.630000114440918,7.670000076293945,15500
2019-04-18,5.444215297698975,7.639999866485596,7.659999847412109,7.630000114440918,7.650000095367432,7900
2019-04-22,5.444215297698975,7.639999866485596,7.659999847412109,7.610000133514404,7.639999866485596,7900
2019-04-23,5.437089920043945,7.630000114440918,7.639999866485596,7.599999904632568,7.619999885559082,5800
2019-04-24,5.415711402893066,7.599999904632568,7.659999847412109,7.599999904632568,7.630000114440918,21400
2019-04-25,5.444215297698975,7.639999866485596,7.670000076293945,7.610000133514404,7.610000133514404,57300
2019-04-26,5.444215297698975,7.639999866485596,7.679999828338623,7.619999885559082,7.679999828338623,16900
2019-04-29,5.444215297698975,7.639999866485596,7.679999828338623,7.639999866485596,7.639999866485596,3400
2019-04-30,5.465592861175537,7.670000076293945,7.670000076293945,7.610000133514404,7.610000133514404,9600
2019-05-01,5.47984504699707,7.690000057220459,7.690000057220459,7.610000133514404,7.619999885559082,10500
2019-05-02,5.444215297698975,7.639999866485596,7.670000076293945,7.619999885559082,7.639999866485596,24900
2019-05-03,5.437089920043945,7.630000114440918,7.679999828338623,7.610000133514404,7.650000095367432,28200
2019-05-06,5.401460647583008,7.579999923706055,7.579999923706055,7.460000038146973,7.550000190734863,73200
2019-05-07,5.315948486328125,7.460000038146973,7.53000020980835,7.449999809265137,7.510000228881836,9600
2019-05-08,5.358704090118408,7.519999980926514,7.53000020980835,7.460000038146973,7.460000038146973,20300
2019-05-09,5.3302001953125,7.480000019073486,7.489999771118164,7.46999979019165,7.46999979019165,5000
2019-05-10,5.3302001953125,7.480000019073486,7.519999980926514,7.449999809265137,7.510000228881836,19200
2019-05-13,5.315948486328125,7.460000038146973,7.480000019073486,7.380000114440918,7.480000019073486,12200
2019-05-14,5.308822154998779,7.449999809265137,7.449999809265137,7.409999847412109,7.409999847412109,24500
2019-05-15,5.337326526641846,7.489999771118164,7.5,7.400000095367432,7.429999828338623,28300
2019-05-16,5.380082607269287,7.550000190734863,7.579999923706055,7.510000228881836,7.510000228881836,9000
2019-05-17,5.380082607269287,7.550000190734863,7.579999923706055,7.510000228881836,7.559999942779541,9100
2019-05-20,5.337326526641846,7.489999771118164,7.53000020980835,7.46999979019165,7.519999980926514,8400
2019-05-21,5.4085869789123535,7.590000152587891,7.599999904632568,7.5,7.5,8900
2019-05-22,5.415711402893066,7.599999904632568,7.599999904632568,7.570000171661377,7.599999904632568,16500
2019-05-23,5.387207984924316,7.559999942779541,7.570000171661377,7.550000190734863,7.570000171661377,30000
2019-05-24,5.45846700668335,7.659999847412109,7.670000076293945,7.610000133514404,7.610000133514404,12300
2019-05-28,5.401460647583008,7.579999923706055,7.639999866485596,7.579999923706055,7.619999885559082,16700
2019-05-29,5.351578712463379,7.510000228881836,7.559999942779541,7.489999771118164,7.539999961853027,17800
2019-05-30,5.387207984924316,7.559999942779541,7.579999923706055,7.539999961853027,7.579999923706055,14100
2019-05-31,5.358704090118408,7.519999980926514,7.519999980926514,7.5,7.5,6800
2019-06-03,5.415711402893066,7.599999904632568,7.610000133514404,7.559999942779541,7.559999942779541,5100
2019-06-04,5.422837257385254,7.610000133514404,7.650000095367432,7.550000190734863,7.610000133514404,10700
2019-06-05,5.4513421058654785,7.650000095367432,7.690000057220459,7.639999866485596,7.650000095367432,10500
2019-06-06,5.45846700668335,7.659999847412109,7.78000020980835,7.659999847412109,7.699999809265137,10100
2019-06-07,5.501223087310791,7.71999979019165,7.769999980926514,7.710000038146973,7.710000038146973,17700
2019-06-10,5.472719669342041,7.679999828338623,7.730000019073486,7.650000095367432,7.730000019073486,114400
2019-06-11,5.494096755981445,7.710000038146973,7.739999771118164,7.710000038146973,7.730000019073486,22700
2019-06-12,5.508349895477295,7.730000019073486,7.739999771118164,7.71999979019165,7.71999979019165,36200
2019-06-13,5.508349895477295,7.730000019073486,7.739999771118164,7.71999979019165,7.739999771118164,13100
2019-06-14,5.465592861175537,7.670000076293945,7.71999979019165,7.670000076293945,7.710000038146973,14900
2019-06-17,5.465592861175537,7.670000076293945,7.710000038146973,7.670000076293945,7.690000057220459,9200
2019-06-18,5.522601127624512,7.75,7.800000190734863,7.71999979019165,7.739999771118164,85500
2019-06-19,5.529726982116699,7.760000228881836,7.769999980926514,7.730000019073486,7.75,15800
2019-06-20,5.629489898681641,7.900000095367432,7.900000095367432,7.829999923706055,7.829999923706055,17500
2019-06-21,5.608112335205078,7.869999885559082,7.900000095367432,7.869999885559082,7.869999885559082,13500
2019-06-24,5.622364521026611,7.889999866485596,7.909999847412109,7.869999885559082,7.869999885559082,19200
2019-06-25,5.615238666534424,7.880000114440918,7.989999771118164,7.880000114440918,7.989999771118164,27300
2019-06-26,5.629489898681641,7.900000095367432,7.920000076293945,7.889999866485596,7.900000095367432,34600
2019-06-27,5.643742084503174,7.920000076293945,7.940000057220459,7.920000076293945,7.920000076293945,8700
2019-06-28,5.629489898681641,7.900000095367432,7.96999979019165,7.900000095367432,7.920000076293945,23600
2019-07-01,5.622364521026611,7.889999866485596,7.96999979019165,7.889999866485596,7.96999979019165,18100
2019-07-02,5.665119171142578,7.949999809265137,7.980000019073486,7.940000057220459,7.949999809265137,28100
2019-07-03,5.672244548797607,7.960000038146973,7.989999771118164,7.960000038146973,7.960000038146973,1400
2019-07-05,5.650867938995361,7.929999828338623,7.940000057220459,7.900000095367432,7.940000057220459,7000
2019-07-08,5.636615753173828,7.909999847412109,7.920000076293945,7.880000114440918,7.920000076293945,10600
2019-07-09,5.608112335205078,7.869999885559082,7.900000095367432,7.840000152587891,7.849999904632568,7700
2019-07-10,5.593860149383545,7.849999904632568,7.909999847412109,7.829999923706055,7.909999847412109,13700
2019-07-11,5.586734771728516,7.840000152587891,7.860000133514404,7.820000171661377,7.840000152587891,20300
2019-07-12,5.536852836608887,7.769999980926514,7.849999904632568,7.739999771118164,7.849999904632568,17000
2019-07-15,5.515475273132324,7.739999771118164,7.820000171661377,7.679999828338623,7.809999942779541,27400
2019-07-16,5.536852836608887,7.769999980926514,7.78000020980835,7.739999771118164,7.739999771118164,6500
2019-07-17,5.586734771728516,7.840000152587891,7.869999885559082,7.829999923706055,7.829999923706055,20900
2019-07-18,5.643742084503174,7.920000076293945,7.929999828338623,7.849999904632568,7.849999904632568,24700
2019-07-19,5.579607009887695,7.829999923706055,7.929999828338623,7.829999923706055,7.880000114440918,12900
2019-07-22,5.608112335205078,7.869999885559082,7.929999828338623,7.860000133514404,7.860000133514404,6800
2019-07-23,5.636615753173828,7.909999847412109,7.940000057220459,7.860000133514404,7.869999885559082,12500
2019-07-24,5.615238666534424,7.880000114440918,7.889999866485596,7.840000152587891,7.860000133514404,26100
2019-07-25,5.586734771728516,7.840000152587891,7.869999885559082,7.840000152587891,7.869999885559082,21500
2019-07-26,5.622364521026611,7.889999866485596,7.929999828338623,7.869999885559082,7.929999828338623,7300
2019-07-29,5.593860149383545,7.849999904632568,7.900000095367432,7.829999923706055,7.889999866485596,24800
2019-07-30,5.643742084503174,7.920000076293945,7.920000076293945,7.860000133514404,7.880000114440918,165900
2019-07-31,5.686497211456299,7.980000019073486,7.980000019073486,7.900000095367432,7.920000076293945,172400
2019-08-01,5.736379146575928,8.050000190734863,8.050000190734863,7.980000019073486,7.989999771118164,94700
2019-08-02,5.700749397277832,8.0,8.039999961853027,8.0,8.039999961853027,23800
2019-08-05,5.536852836608887,7.769999980926514,7.940000057220459,7.769999980926514,7.940000057220459,28000
2019-08-06,5.593860149383545,7.849999904632568,7.909999847412109,7.849999904632568,7.909999847412109,21400
2019-08-07,5.636615753173828,7.909999847412109,8.010000228881836,7.880000114440918,8.010000228881836,24000
2019-08-08,5.7221269607543945,8.029999732971191,8.029999732971191,7.949999809265137,7.96999979019165,13800
2019-08-09,5.750631332397461,8.069999694824219,8.069999694824219,8.029999732971191,8.039999961853027,7400
2019-08-12,5.72925329208374,8.039999961853027,8.0600004196167,8.029999732971191,8.029999732971191,6100
2019-08-13,5.72925329208374,8.039999961853027,8.09000015258789,8.029999732971191,8.029999732971191,15000
2019-08-14,5.657994747161865,7.940000057220459,7.980000019073486,7.920000076293945,7.980000019073486,12300
2019-08-15,5.636615753173828,7.909999847412109,7.940000057220459,7.900000095367432,7.929999828338623,4100
2019-08-16,5.672244548797607,7.960000038146973,7.960000038146973,7.900000095367432,7.940000057220459,8400
2019-08-19,5.700749397277832,8.0,8.0600004196167,8.0,8.0600004196167,11000
2019-08-20,5.7078752517700195,8.010000228881836,8.069999694824219,7.980000019073486,8.069999694824219,20000
2019-08-21,5.7221269607543945,8.029999732971191,8.09000015258789,8.0,8.09000015258789,27000
2019-08-22,5.7221269607543945,8.029999732971191,8.039999961853027,7.989999771118164,8.039999961853027,17500
2019-08-23,5.693623065948486,7.989999771118164,8.069999694824219,7.980000019073486,8.069999694824219,14900
2019-08-26,5.686497211456299,7.980000019073486,8.0600004196167,7.96999979019165,8.0600004196167,4200
2019-08-27,5.715001106262207,8.020000457763672,8.020000457763672,8.0,8.020000457763672,5800
2019-08-28,5.700749397277832,8.0,8.010000228881836,7.949999809265137,7.989999771118164,7700
2019-08-29,5.7221269607543945,8.029999732971191,8.069999694824219,8.0,8.069999694824219,5700
2019-08-30,5.7078752517700195,8.010000228881836,8.050000190734863,8.010000228881836,8.039999961853027,8400
2019-09-03,5.700749397277832,8.0,8.0,7.96999979019165,7.96999979019165,45900
2019-09-04,5.743505954742432,8.0600004196167,8.100000381469727,8.010000228881836,8.010000228881836,38400
2019-09-05,5.793386459350586,8.130000114440918,8.140000343322754,8.100000381469727,8.100000381469727,17000
2019-09-06,5.8076372146606445,8.149999618530273,8.149999618530273,8.09000015258789,8.119999885559082,32000
2019-09-09,5.786260604858398,8.119999885559082,8.149999618530273,8.119999885559082,8.149999618530273,95400
2019-09-10,5.75775671005249,8.079999923706055,8.119999885559082,8.069999694824219,8.119999885559082,7000
2019-09-11,5.772009372711182,8.100000381469727,8.109999656677246,8.069999694824219,8.069999694824219,65600
2019-09-12,5.793386459350586,8.130000114440918,8.149999618530273,8.100000381469727,8.109999656677246,16700
2019-09-13,5.750631332397461,8.069999694824219,8.109999656677246,8.039999961853027,8.039999961853027,19400
2019-09-16,5.686497211456299,7.980000019073486,8.069999694824219,7.980000019073486,8.069999694824219,39600
2019-09-17,5.679371356964111,7.96999979019165,8.039999961853027,7.96999979019165,7.980000019073486,11900
2019-09-18,5.700749397277832,8.0,8.020000457763672,7.949999809265137,7.949999809265137,14700
2019-09-19,5.7078752517700195,8.010000228881836,8.0600004196167,8.0,8.039999961853027,54500
2019-09-20,5.7221269607543945,8.029999732971191,8.0600004196167,8.029999732971191,8.029999732971191,41300
2019-09-23,5.7221269607543945,8.029999732971191,8.0600004196167,7.980000019073486,7.980000019073486,11300
2019-09-24,5.7078752517700195,8.010000228881836,8.050000190734863,7.960000038146973,8.039999961853027,31900
2019-09-25,5.7078752517700195,8.010000228881836,8.039999961853027,7.989999771118164,8.010000228881836,60600
2019-09-26,5.743505954742432,8.0600004196167,8.0600004196167,8.029999732971191,8.039999961853027,21000
2019-09-27,5.72925329208374,8.039999961853027,8.0600004196167,8.039999961853027,8.039999961853027,3000
2019-09-30,5.7221269607543945,8.029999732971191,8.039999961853027,8.029999732971191,8.039999961853027,12800
2019-10-01,5.693623065948486,7.989999771118164,8.020000457763672,7.96999979019165,8.020000457763672,4700
2019-10-02,5.608112335205078,7.869999885559082,7.900000095367432,7.849999904632568,7.900000095367432,82400
2019-10-03,5.593860149383545,7.849999904632568,7.880000114440918,7.849999904632568,7.860000133514404,25500
2019-10-04,5.693623065948486,7.989999771118164,7.989999771118164,7.880000114440918,7.889999866485596,12100
2019-10-07,5.679371356964111,7.96999979019165,7.989999771118164,7.960000038146973,7.989999771118164,30500
2019-10-08,5.629489898681641,7.900000095367432,7.940000057220459,7.900000095367432,7.940000057220459,5500
2019-10-09,5.650867938995361,7.929999828338623,7.96999979019165,7.929999828338623,7.940000057220459,13700
2019-10-10,5.679371356964111,7.96999979019165,7.96999979019165,7.900000095367432,7.900000095367432,27100
2019-10-11,5.715001106262207,8.020000457763672,8.050000190734863,7.989999771118164,7.989999771118164,26700
2019-10-14,5.7221269607543945,8.029999732971191,8.09000015258789,8.010000228881836,8.010000228881836,37900
2019-10-15,5.764883041381836,8.09000015258789,8.180000305175781,8.039999961853027,8.069999694824219,51600
2019-10-16,5.779135227203369,8.109999656677246,8.119999885559082,8.079999923706055,8.079999923706055,4700
2019-10-17,5.786260604858398,8.119999885559082,8.130000114440918,8.100000381469727,8.100000381469727,5200
2019-10-18,5.772009372711182,8.100000381469727,8.119999885559082,8.079999923706055,8.119999885559082,22600
2019-10-21,5.779135227203369,8.109999656677246,8.119999885559082,8.09000015258789,8.119999885559082,23700
2019-10-22,5.772009372711182,8.100000381469727,8.100000381469727,8.050000190734863,8.09000015258789,11700
2019-10-23,5.786260604858398,8.119999885559082,8.119999885559082,8.09000015258789,8.09000015258789,14200
2019-10-24,5.814764022827148,8.15999984741211,8.15999984741211,8.119999885559082,8.119999885559082,33100
2019-10-25,5.836142063140869,8.1899995803833,8.1899995803833,8.140000343322754,8.149999618530273,8200
2019-10-28,5.857520580291748,8.220000267028809,8.260000228881836,8.140000343322754,8.140000343322754,55800
2019-10-29,5.878898620605469,8.25,8.300000190734863,8.220000267028809,8.300000190734863,63400
2019-10-30,5.91452693939209,8.300000190734863,8.329999923706055,8.270000457763672,8.270000457763672,18300
2019-10-31,5.957283020019531,8.359999656677246,8.369999885559082,8.260000228881836,8.3100004196167,123400
2019-11-01,5.843267917633057,8.199999809265137,8.380000114440918,7.880000114440918,8.380000114440918,116000
2019-11-04,5.821889877319336,8.170000076293945,8.210000038146973,8.15999984741211,8.199999809265137,40900
2019-11-05,5.82901668548584,8.180000305175781,8.180000305175781,8.149999618530273,8.15999984741211,48300
2019-11-06,5.786260604858398,8.119999885559082,8.15999984741211,8.119999885559082,8.149999618530273,9000
2019-11-07,5.8076372146606445,8.149999618530273,8.149999618530273,8.100000381469727,8.100000381469727,25000
2019-11-08,5.786260604858398,8.119999885559082,8.149999618530273,8.119999885559082,8.149999618530273,13100
2019-11-11,5.772009372711182,8.100000381469727,8.130000114440918,8.100000381469727,8.119999885559082,15300
2019-11-12,5.800512790679932,8.140000343322754,8.140000343322754,8.100000381469727,8.100000381469727,22500
2019-11-13,5.814764022827148,8.15999984741211,8.180000305175781,8.130000114440918,8.130000114440918,7600
2019-11-14,5.8076372146606445,8.149999618530273,8.149999618530273,8.130000114440918,8.140000343322754,10900
2019-11-15,5.800512790679932,8.140000343322754,8.170000076293945,8.130000114440918,8.15999984741211,54300
2019-11-18,5.800512790679932,8.140000343322754,8.180000305175781,8.130000114440918,8.15999984741211,73300
2019-11-19,5.800512790679932,8.140000343322754,8.15999984741211,8.119999885559082,8.149999618530273,59200
2019-11-20,5.793386459350586,8.130000114440918,8.140000343322754,8.100000381469727,8.109999656677246,35300
2019-11-21,5.786260604858398,8.119999885559082,8.140000343322754,8.100000381469727,8.119999885559082,62800
2019-11-22,5.75775671005249,8.079999923706055,8.140000343322754,8.069999694824219,8.130000114440918,70500
2019-11-25,5.772009372711182,8.100000381469727,8.140000343322754,8.100000381469727,8.109999656677246,77100
2019-11-26,5.800512790679932,8.140000343322754,8.170000076293945,8.130000114440918,8.130000114440918,47500
2019-11-27,5.793386459350586,8.130000114440918,8.170000076293945,8.079999923706055,8.149999618530273,77400
2019-11-29,5.786260604858398,8.119999885559082,8.130000114440918,8.100000381469727,8.100000381469727,12500
2019-12-02,5.772009372711182,8.100000381469727,8.130000114440918,8.069999694824219,8.130000114440918,55400
2019-12-03,5.750631332397461,8.069999694824219,8.09000015258789,8.029999732971191,8.050000190734863,73900
2019-12-04,5.786260604858398,8.119999885559082,8.140000343322754,8.09000015258789,8.109999656677246,114200
2019-12-05,5.786260604858398,8.119999885559082,8.140000343322754,8.119999885559082,8.140000343322754,10700
2019-12-06,5.821889877319336,8.170000076293945,8.229999542236328,8.15999984741211,8.15999984741211,51100
2019-12-09,5.836142063140869,8.1899995803833,8.220000267028809,8.170000076293945,8.170000076293945,58500
2019-12-10,5.82901668548584,8.180000305175781,8.229999542236328,8.170000076293945,8.170000076293945,31300
2019-12-11,5.850393772125244,8.210000038146973,8.270000457763672,8.15999984741211,8.180000305175781,68100
2019-12-12,5.871772289276123,8.239999771118164,8.260000228881836,8.170000076293945,8.170000076293945,32300
2019-12-13,5.864522933959961,8.09000015258789,8.149999618530273,8.079999923706055,8.079999923706055,55100
2019-12-16,5.893518924713135,8.130000114440918,8.180000305175781,8.119999885559082,8.15999984741211,59900
2019-12-17,5.915266513824463,8.15999984741211,8.170000076293945,8.109999656677246,8.149999618530273,113800
2019-12-18,5.929765224456787,8.180000305175781,8.1899995803833,8.149999618530273,8.170000076293945,42100
2019-12-19,5.951511859893799,8.210000038146973,8.220000267028809,8.15999984741211,8.15999984741211,34400
2019-12-20,6.002255439758301,8.279999732971191,8.279999732971191,8.220000267028809,8.229999542236328,51900
2019-12-23,6.060248851776123,8.359999656677246,8.359999656677246,8.289999961853027,8.289999961853027,39100
2019-12-24,6.038501739501953,8.329999923706055,8.380000114440918,8.319999694824219,8.319999694824219,40100
2019-12-26,6.052999973297119,8.350000381469727,8.369999885559082,8.319999694824219,8.319999694824219,16800
2019-12-27,6.081995964050293,8.390000343322754,8.470000267028809,8.369999885559082,8.420000076293945,23800
2019-12-30,6.081995964050293,8.390000343322754,8.430000305175781,8.329999923706055,8.329999923706055,74800
2019-12-31,6.096494197845459,8.40999984741211,8.40999984741211,8.300000190734863,8.300000190734863,46600
2020-01-02,6.118241786956787,8.4399995803833,8.460000038146973,8.420000076293945,8.420000076293945,14600
2020-01-03,6.060248851776123,8.359999656677246,8.420000076293945,8.359999656677246,8.369999885559082,22000
2020-01-06,6.11099100112915,8.430000305175781,8.430000305175781,8.329999923706055,8.329999923706055,28600
2020-01-07,6.103743076324463,8.420000076293945,8.4399995803833,8.399999618530273,8.4399995803833,20000
2020-01-08,6.183483123779297,8.529999732971191,8.539999961853027,8.399999618530273,8.40999984741211,132800
2020-01-09,6.139987945556641,8.470000267028809,8.489999771118164,8.4399995803833,8.489999771118164,26400
2020-01-10,6.139987945556641,8.470000267028809,8.470000267028809,8.460000038146973,8.470000267028809,8100
2020-01-13,6.139987945556641,8.470000267028809,8.479999542236328,8.449999809265137,8.470000267028809,14700
2020-01-14,6.190732479095459,8.539999961853027,8.539999961853027,8.4399995803833,8.449999809265137,19700
2020-01-15,6.2124786376953125,8.569999694824219,8.579999923706055,8.520000457763672,8.520000457763672,16100
2020-01-16,6.205230236053467,8.5600004196167,8.569999694824219,8.529999732971191,8.550000190734863,20200
2020-01-17,6.255974769592285,8.630000114440918,8.640000343322754,8.600000381469727,8.600000381469727,14300
2020-01-21,6.313967704772949,8.710000038146973,8.75,8.649999618530273,8.649999618530273,33800
2020-01-22,6.357462406158447,8.770000457763672,8.770000457763672,8.710000038146973,8.739999771118164,53700
2020-01-23,6.342962741851807,8.75,8.770000457763672,8.680000305175781,8.710000038146973,42100
2020-01-24,6.328464984893799,8.729999542236328,8.8100004196167,8.710000038146973,8.770000457763672,57600
2020-01-27,6.248723983764648,8.619999885559082,8.619999885559082,8.579999923706055,8.609999656677246,57900
2020-01-28,6.241476535797119,8.609999656677246,8.630000114440918,8.600000381469727,8.630000114440918,40000
2020-01-29,6.263223171234131,8.640000343322754,8.65999984741211,8.600000381469727,8.619999885559082,17300
2020-01-30,6.241476535797119,8.609999656677246,8.609999656677246,8.569999694824219,8.59000015258789,8300
2020-01-31,6.147237777709961,8.479999542236328,8.600000381469727,8.479999542236328,8.600000381469727,9400
2020-02-03,6.161735534667969,8.5,8.5600004196167,8.5,8.550000190734863,18200
2020-02-04,6.234227180480957,8.600000381469727,8.649999618530273,8.550000190734863,8.550000190734863,29500
2020-02-05,6.313967704772949,8.710000038146973,8.710000038146973,8.670000076293945,8.670000076293945,4300
2020-02-06,6.306718349456787,8.699999809265137,8.729999542236328,8.65999984741211,8.729999542236328,22400
2020-02-07,6.299468994140625,8.6899995803833,8.739999771118164,8.640000343322754,8.670000076293945,17300
2020-02-10,6.328464984893799,8.729999542236328,8.729999542236328,8.649999618530273,8.65999984741211,30800
2020-02-11,6.364711761474609,8.779999732971191,8.789999961853027,8.729999542236328,8.729999542236328,69300
2020-02-12,6.408205986022949,8.84000015258789,8.84000015258789,8.729999542236328,8.779999732971191,16400
2020-02-13,6.364711761474609,8.779999732971191,8.800000190734863,8.720000267028809,8.770000457763672,14800
2020-02-14,6.3357133865356445,8.739999771118164,8.739999771118164,8.720000267028809,8.729999542236328,8500
2020-02-18,6.371960163116455,8.789999961853027,8.789999961853027,8.75,8.770000457763672,11800
2020-02-19,6.350212574005127,8.760000228881836,8.8100004196167,8.760000228881836,8.800000190734863,12600
2020-02-20,6.371960163116455,8.789999961853027,8.789999961853027,8.720000267028809,8.770000457763672,23900
2020-02-21,6.342962741851807,8.75,8.770000457763672,8.739999771118164,8.760000228881836,9400
2020-02-24,6.11099100112915,8.430000305175781,8.539999961853027,8.34000015258789,8.539999961853027,62800
2020-02-25,6.016753673553467,8.300000190734863,8.449999809265137,8.289999961853027,8.449999809265137,104200
2020-02-26,5.995007514953613,8.270000457763672,8.34000015258789,8.220000267028809,8.329999923706055,28000
2020-02-27,5.7702836990356445,7.960000038146973,8.140000343322754,7.920000076293945,8.140000343322754,47000
2020-02-28,5.958761692047119,8.220000267028809,8.220000267028809,7.71999979019165,7.829999923706055,38800
2020-03-02,5.7702836990356445,7.960000038146973,7.980000019073486,7.920000076293945,7.949999809265137,62000
2020-03-03,5.864522933959961,8.09000015258789,8.4399995803833,8.09000015258789,8.119999885559082,30500
2020-03-04,6.038501739501953,8.329999923706055,8.369999885559082,8.199999809265137,8.239999771118164,11800
2020-03-05,5.944262981414795,8.199999809265137,8.260000228881836,8.119999885559082,8.1899995803833,15400
2020-03-06,5.871772766113281,8.100000381469727,8.100000381469727,7.989999771118164,8.050000190734863,19600
2020-03-09,5.458574295043945,7.53000020980835,7.690000057220459,7.510000228881836,7.690000057220459,22000
2020-03-10,5.538312911987305,7.639999866485596,7.809999942779541,7.519999980926514,7.78000020980835,53100
2020-03-11,5.3933305740356445,7.440000057220459,7.739999771118164,7.360000133514404,7.579999923706055,43800
2020-03-12,4.595930576324463,6.340000152587891,6.590000152587891,5.539999961853027,5.699999809265137,99500
2020-03-13,4.8931427001953125,6.75,6.829999923706055,6.449999809265137,6.599999904632568,81200
2020-03-16,4.443699836730957,6.130000114440918,6.590000152587891,6.010000228881836,6.579999923706055,41000
2020-03-17,4.827901363372803,6.659999847412109,6.659999847412109,6.190000057220459,6.329999923706055,32300
2020-03-18,4.508941650390625,6.21999979019165,6.449999809265137,6.039999961853027,6.449999809265137,46200
2020-03-19,4.711915016174316,6.5,6.5,6.039999961853027,6.25,107800
2020-03-20,4.704506874084473,6.349999904632568,6.53000020980835,6.329999923706055,6.329999923706055,14300
2020-03-23,4.408159255981445,5.949999809265137,6.369999885559082,5.889999866485596,6.369999885559082,33500
2020-03-24,4.645236968994141,6.269999980926514,6.400000095367432,6.159999847412109,6.159999847412109,26300
2020-03-25,4.99344539642334,6.739999771118164,6.760000228881836,6.349999904632568,6.349999904632568,58000
2020-03-26,5.200888633728027,7.019999980926514,7.019999980926514,6.820000171661377,6.829999923706055,12200
2020-03-27,5.171253681182861,6.980000019073486,7.039999961853027,6.730000019073486,6.820000171661377,27900
2020-03-30,5.200888633728027,7.019999980926514,7.079999923706055,6.940000057220459,6.940000057220459,232800
2020-03-31,5.1490278244018555,6.949999809265137,7.369999885559082,6.909999847412109,7.03000020980835,42200
2020-04-01,5.089757919311523,6.869999885559082,7.340000152587891,6.820000171661377,6.889999866485596,77900
2020-04-02,5.156436443328857,6.960000038146973,6.960000038146973,6.869999885559082,6.869999885559082,80100
2020-04-03,5.060122966766357,6.829999923706055,6.940000057220459,6.829999923706055,6.849999904632568,26300
2020-04-06,5.208296775817871,7.03000020980835,7.059999942779541,7.0,7.039999961853027,63100
2020-04-07,5.215704917907715,7.039999961853027,7.25,7.039999961853027,7.25,20700
2020-04-08,5.326836109161377,7.190000057220459,7.199999809265137,7.050000190734863,7.059999942779541,20700
2020-04-09,5.386104106903076,7.269999980926514,7.269999980926514,7.150000095367432,7.150000095367432,52300
2020-04-13,5.349060535430908,7.21999979019165,7.25,7.199999809265137,7.239999771118164,30700
2020-04-14,5.40833044052124,7.300000190734863,7.409999847412109,7.300000190734863,7.329999923706055,79000
2020-04-15,5.289792060852051,7.139999866485596,7.170000076293945,7.119999885559082,7.170000076293945,50400
2020-04-16,5.3194260597229,7.179999828338623,7.21999979019165,7.139999866485596,7.199999809265137,214800
2020-04-17,5.437966346740723,7.340000152587891,7.409999847412109,7.300000190734863,7.300000190734863,32800
2020-04-20,5.4676008224487305,7.380000114440918,7.650000095367432,7.260000228881836,7.349999904632568,63800
2020-04-21,5.4305572509765625,7.329999923706055,7.369999885559082,7.260000228881836,7.260000228881836,29200
2020-04-22,5.48982572555542,7.409999847412109,7.409999847412109,7.380000114440918,7.380000114440918,9600
2020-04-23,5.378695487976074,7.260000228881836,7.389999866485596,7.260000228881836,7.340000152587891,16900
2020-04-24,5.437966346740723,7.340000152587891,7.369999885559082,7.260000228881836,7.329999923706055,27900
2020-04-27,5.48982572555542,7.409999847412109,7.440000057220459,7.340000152587891,7.360000133514404,13300
2020-04-28,5.4972357749938965,7.420000076293945,7.510000228881836,7.420000076293945,7.480000019073486,35200
2020-04-29,5.53427791595459,7.46999979019165,7.489999771118164,7.289999961853027,7.489999771118164,44200
2020-04-30,5.4676008224487305,7.380000114440918,7.46999979019165,7.360000133514404,7.46999979019165,2600
2020-05-01,5.445374488830566,7.349999904632568,7.349999904632568,7.199999809265137,7.289999961853027,24100
2020-05-04,5.445374488830566,7.349999904632568,7.349999904632568,7.260000228881836,7.300000190734863,33600
2020-05-05,5.445374488830566,7.349999904632568,7.349999904632568,7.28000020980835,7.349999904632568,35900
2020-05-06,5.4157395362854,7.309999942779541,7.349999904632568,7.309999942779541,7.349999904632568,5500
2020-05-07,5.452783107757568,7.360000133514404,7.380000114440918,7.349999904632568,7.369999885559082,22900
2020-05-08,5.48982572555542,7.409999847412109,7.489999771118164,7.380000114440918,7.400000095367432,56000
2020-05-11,5.53427791595459,7.46999979019165,7.5,7.400000095367432,7.400000095367432,18800
2020-05-12,5.460191249847412,7.369999885559082,7.519999980926514,7.369999885559082,7.5,12300
2020-05-13,5.445374488830566,7.349999904632568,7.449999809265137,7.340000152587891,7.449999809265137,75700
2020-05-14,5.356470108032227,7.230000019073486,7.269999980926514,7.199999809265137,7.269999980926514,18400
2020-05-15,5.378695487976074,7.260000228881836,7.309999942779541,7.230000019073486,7.28000020980835,26000
2020-05-18,5.482417583465576,7.400000095367432,7.429999828338623,7.360000133514404,7.360000133514404,83600
2020-05-19,5.445374488830566,7.349999904632568,7.420000076293945,7.349999904632568,7.409999847412109,22300
2020-05-20,5.57873010635376,7.53000020980835,7.570000171661377,7.480000019073486,7.480000019073486,8500
2020-05-21,5.541686534881592,7.480000019073486,7.550000190734863,7.449999809265137,7.539999961853027,8700
2020-05-22,5.48982572555542,7.409999847412109,7.420000076293945,7.360000133514404,7.400000095367432,22100
2020-05-26,5.52686882019043,7.460000038146973,7.590000152587891,7.460000038146973,7.550000190734863,14900
2020-05-27,5.541686534881592,7.480000019073486,7.5,7.429999828338623,7.489999771118164,42500
2020-05-28,5.608365535736084,7.570000171661377,7.630000114440918,7.539999961853027,7.539999961853027,11400
2020-05-29,5.645408630371094,7.619999885559082,7.619999885559082,7.590000152587891,7.590000152587891,25200
2020-06-01,5.6824517250061035,7.670000076293945,7.670000076293945,7.610000133514404,7.630000114440918,17100
2020-06-02,5.7194952964782715,7.71999979019165,7.71999979019165,7.639999866485596,7.650000095367432,3100
2020-06-03,5.808398246765137,7.840000152587891,7.849999904632568,7.710000038146973,7.710000038146973,94400
2020-06-04,5.756538391113281,7.769999980926514,7.829999923706055,7.769999980926514,7.78000020980835,17900
2020-06-05,5.793581485748291,7.820000171661377,7.820000171661377,7.760000228881836,7.809999942779541,25500
2020-06-08,5.845443248748779,7.889999866485596,7.909999847412109,7.849999904632568,7.880000114440918,20500
2020-06-09,5.852851867675781,7.900000095367432,7.96999979019165,7.869999885559082,7.900000095367432,155200
2020-06-10,5.904711723327637,7.96999979019165,7.96999979019165,7.920000076293945,7.940000057220459,39000
2020-06-11,5.749129772186279,7.760000228881836,7.889999866485596,7.71999979019165,7.869999885559082,55300
2020-06-12,5.778764247894287,7.800000190734863,7.860000133514404,7.710000038146973,7.860000133514404,21400
2020-06-15,5.823216915130615,7.860000133514404,7.880000114440918,7.699999809265137,7.75,28200
2020-06-16,5.875077724456787,7.929999828338623,8.020000457763672,7.889999866485596,8.020000457763672,59300
2020-06-17,5.904711723327637,7.96999979019165,8.029999732971191,7.949999809265137,8.029999732971191,70700
2020-06-18,5.919528484344482,7.989999771118164,8.0,7.920000076293945,8.0,20400
2020-06-19,5.911988735198975,7.840000152587891,7.980000019073486,7.789999961853027,7.929999828338623,44200
2020-06-22,5.9647746086120605,7.909999847412109,8.069999694824219,7.800000190734863,7.900000095367432,36000
2020-06-23,5.972314357757568,7.920000076293945,7.989999771118164,7.920000076293945,7.989999771118164,4000
2020-06-24,5.874284267425537,7.789999961853027,7.889999866485596,7.789999961853027,7.889999866485596,7500
2020-06-25,5.927070617675781,7.860000133514404,7.889999866485596,7.710000038146973,7.889999866485596,32500
2020-06-26,5.874284267425537,7.789999961853027,7.860000133514404,7.769999980926514,7.860000133514404,17600
2020-06-29,5.896907329559326,7.820000171661377,7.909999847412109,7.75,7.909999847412109,52900
2020-06-30,5.911988735198975,7.840000152587891,7.849999904632568,7.789999961853027,7.809999942779541,23600
2020-07-01,5.9572343826293945,7.900000095367432,7.900000095367432,7.809999942779541,7.860000133514404,10100
2020-07-02,5.972314357757568,7.920000076293945,7.929999828338623,7.880000114440918,7.909999847412109,29300
2020-07-06,6.010018825531006,7.96999979019165,7.989999771118164,7.949999809265137,7.96999979019165,38000
2020-07-07,5.9572343826293945,7.900000095367432,7.989999771118164,7.900000095367432,7.989999771118164,63600
2020-07-08,6.025099754333496,7.989999771118164,7.989999771118164,7.920000076293945,7.940000057220459,26200
2020-07-09,6.025099754333496,7.989999771118164,8.029999732971191,7.909999847412109,8.0,31100
2020-07-10,6.017560005187988,7.980000019073486,8.010000228881836,7.949999809265137,8.0,10400
2020-07-13,5.994936466217041,7.949999809265137,8.010000228881836,7.940000057220459,8.0,5200
2020-07-14,6.062804222106934,8.039999961853027,8.050000190734863,7.960000038146973,7.960000038146973,21500
2020-07-15,6.130671977996826,8.130000114440918,8.170000076293945,8.0600004196167,8.0600004196167,36700
2020-07-16,6.092967510223389,8.079999923706055,8.100000381469727,8.029999732971191,8.100000381469727,51900
2020-07-17,6.1080498695373535,8.100000381469727,8.100000381469727,8.0600004196167,8.079999923706055,27400
2020-07-20,6.130671977996826,8.130000114440918,8.130000114440918,8.069999694824219,8.069999694824219,60300
2020-07-21,6.100508689880371,8.09000015258789,8.140000343322754,8.069999694824219,8.100000381469727,35600
2020-07-22,6.12313175201416,8.119999885559082,8.149999618530273,8.09000015258789,8.109999656677246,74800
2020-07-23,6.100508689880371,8.09000015258789,8.15999984741211,8.079999923706055,8.140000343322754,82100
2020-07-24,6.047722816467285,8.020000457763672,8.039999961853027,7.96999979019165,8.029999732971191,16800
2020-07-27,6.138213157653809,8.140000343322754,8.1899995803833,8.0600004196167,8.0600004196167,38200
2020-07-28,6.138213157653809,8.140000343322754,8.149999618530273,8.100000381469727,8.149999618530273,7700
2020-07-29,6.17591667175293,8.1899995803833,8.1899995803833,8.100000381469727,8.100000381469727,12400
2020-07-30,6.1080498695373535,8.100000381469727,8.130000114440918,8.020000457763672,8.079999923706055,51000
2020-07-31,6.002478122711182,7.960000038146973,8.069999694824219,7.940000057220459,8.0600004196167,25500
2020-08-03,6.100508689880371,8.09000015258789,8.09000015258789,8.0,8.0600004196167,43100
2020-08-04,6.040182113647461,8.010000228881836,8.039999961853027,7.96999979019165,8.039999961853027,20500
2020-08-05,6.130671977996826,8.130000114440918,8.130000114440918,8.0600004196167,8.0600004196167,35600
2020-08-06,6.17591667175293,8.1899995803833,8.229999542236328,8.09000015258789,8.09000015258789,20100
2020-08-07,6.130671977996826,8.130000114440918,8.140000343322754,8.100000381469727,8.140000343322754,11300
2020-08-10,6.070346355438232,8.050000190734863,8.130000114440918,8.050000190734863,8.100000381469727,35400
2020-08-11,6.055263519287109,8.029999732971191,8.149999618530273,8.029999732971191,8.119999885559082,28000
2020-08-12,6.138213157653809,8.140000343322754,8.180000305175781,8.130000114440918,8.180000305175781,31400
2020-08-13,6.1683759689331055,8.180000305175781,8.220000267028809,8.140000343322754,8.199999809265137,18200
2020-08-14,6.153293132781982,8.15999984741211,8.15999984741211,8.109999656677246,8.109999656677246,17700
2020-08-17,6.289028167724609,8.34000015258789,8.34000015258789,8.199999809265137,8.229999542236328,28100
2020-08-18,6.213620662689209,8.239999771118164,8.399999618530273,8.239999771118164,8.399999618530273,21300
2020-08-19,6.25132417678833,8.289999961853027,8.319999694824219,8.279999732971191,8.289999961853027,23500
2020-08-20,6.258866786956787,8.300000190734863,8.390000343322754,8.220000267028809,8.220000267028809,16700
2020-08-21,6.25132417678833,8.289999961853027,8.289999961853027,8.210000038146973,8.289999961853027,7900
2020-08-24,6.236244201660156,8.270000457763672,8.40999984741211,8.260000228881836,8.329999923706055,22600
2020-08-25,6.296570301055908,8.350000381469727,8.369999885559082,8.319999694824219,8.34000015258789,19300
2020-08-26,6.334272384643555,8.399999618530273,8.420000076293945,8.319999694824219,8.390000343322754,17000
2020-08-27,6.304110527038574,8.359999656677246,8.4399995803833,8.359999656677246,8.399999618530273,33200
2020-08-28,6.258866786956787,8.300000190734863,8.359999656677246,8.279999732971191,8.3100004196167,34100
2020-08-31,6.311651229858398,8.369999885559082,8.380000114440918,8.350000381469727,8.359999656677246,7200
2020-09-01,6.281487464904785,8.329999923706055,8.369999885559082,8.3100004196167,8.359999656677246,17700
2020-09-02,6.334272384643555,8.399999618530273,8.460000038146973,8.359999656677246,8.420000076293945,11300
2020-09-03,6.236244201660156,8.270000457763672,8.390000343322754,8.260000228881836,8.34000015258789,15000
2020-09-04,6.213620662689209,8.239999771118164,8.289999961853027,8.180000305175781,8.279999732971191,14700
2020-09-08,6.153293132781982,8.15999984741211,8.199999809265137,8.149999618530273,8.149999618530273,14100
2020-09-09,6.206079483032227,8.229999542236328,8.3100004196167,8.229999542236328,8.3100004196167,11300
2020-09-10,6.236244201660156,8.270000457763672,8.319999694824219,8.260000228881836,8.300000190734863,21800
2020-09-11,6.334272384643555,8.399999618530273,8.40999984741211,8.380000114440918,8.390000343322754,19400
2020-09-14,6.394599437713623,8.479999542236328,8.489999771118164,8.40999984741211,8.40999984741211,32700
2020-09-15,6.470006465911865,8.579999923706055,8.579999923706055,8.529999732971191,8.529999732971191,37200
2020-09-16,6.5001702308654785,8.619999885559082,8.619999885559082,8.550000190734863,8.59000015258789,15900
2020-09-17,6.477549076080322,8.59000015258789,8.600000381469727,8.539999961853027,8.539999961853027,21500
2020-09-18,6.462216377258301,8.430000305175781,8.510000228881836,8.40999984741211,8.510000228881836,27200
2020-09-21,6.3318986892700195,8.260000228881836,8.300000190734863,8.220000267028809,8.300000190734863,22100
2020-09-22,6.293570518493652,8.210000038146973,8.270000457763672,8.180000305175781,8.270000457763672,12100
2020-09-23,6.2629075050354,8.170000076293945,8.220000267028809,8.149999618530273,8.1899995803833,13700
2020-09-24,6.232245445251465,8.130000114440918,8.15999984741211,8.109999656677246,8.109999656677246,13200
2020-09-25,6.2015814781188965,8.09000015258789,8.09000015258789,8.050000190734863,8.09000015258789,4400
2020-09-28,6.301236629486084,8.220000267028809,8.25,8.149999618530273,8.25,22700
2020-09-29,6.278238773345947,8.1899995803833,8.239999771118164,8.109999656677246,8.239999771118164,61800
2020-09-30,6.347229957580566,8.279999732971191,8.3100004196167,8.210000038146973,8.300000190734863,18400
2020-10-01,6.385560035705566,8.329999923706055,8.510000228881836,8.300000190734863,8.34000015258789,55000
2020-10-02,6.377893447875977,8.319999694824219,8.369999885559082,8.289999961853027,8.369999885559082,19600
2020-10-05,6.431554794311523,8.390000343322754,8.399999618530273,8.300000190734863,8.300000190734863,8700
2020-10-06,6.324233531951904,8.25,8.449999809265137,8.239999771118164,8.359999656677246,15900
2020-10-07,6.301236629486084,8.220000267028809,8.3100004196167,8.220000267028809,8.279999732971191,12700
2020-10-08,6.278238773345947,8.1899995803833,8.359999656677246,8.100000381469727,8.239999771118164,54100
2020-10-09,6.278238773345947,8.1899995803833,8.359999656677246,8.180000305175781,8.260000228881836,25100
2020-10-12,6.339565753936768,8.270000457763672,8.279999732971191,8.239999771118164,8.260000228881836,91600
2020-10-13,6.316568374633789,8.239999771118164,8.34000015258789,8.220000267028809,8.229999542236328,20600
2020-10-14,6.293570518493652,8.210000038146973,8.239999771118164,8.199999809265137,8.199999809265137,27800
2020-10-15,6.2399115562438965,8.140000343322754,8.15999984741211,8.0600004196167,8.079999923706055,22300
2020-10-16,6.2475762367248535,8.149999618530273,8.15999984741211,8.109999656677246,8.15999984741211,8500
2020-10-19,6.2399115562438965,8.140000343322754,8.199999809265137,8.140000343322754,8.199999809265137,19700
2020-10-20,6.339565753936768,8.270000457763672,8.289999961853027,8.199999809265137,8.199999809265137,9600
2020-10-21,6.270573139190674,8.180000305175781,8.239999771118164,8.15999984741211,8.239999771118164,13200
2020-10-22,6.21691370010376,8.109999656677246,8.170000076293945,8.109999656677246,8.140000343322754,7600
2020-10-23,6.170920372009277,8.050000190734863,8.25,8.050000190734863,8.170000076293945,26100
2020-10-26,6.193916320800781,8.079999923706055,8.079999923706055,8.050000190734863,8.050000190734863,17000
2020-10-27,6.140255451202393,8.010000228881836,8.09000015258789,8.010000228881836,8.050000190734863,36600
2020-10-28,5.94094705581665,7.75,7.949999809265137,7.71999979019165,7.949999809265137,45600
2020-10-29,5.910284042358398,7.710000038146973,7.760000228881836,7.710000038146973,7.739999771118164,16300
2020-10-30,5.879619598388672,7.670000076293945,7.71999979019165,7.670000076293945,7.71999979019165,13300
2020-11-02,5.910284042358398,7.710000038146973,7.809999942779541,7.690000057220459,7.690000057220459,19200
2020-11-03,6.071264266967773,7.920000076293945,7.949999809265137,7.829999923706055,7.829999923706055,24200
2020-11-04,6.224578857421875,8.119999885559082,8.15999984741211,8.010000228881836,8.010000228881836,36400
2020-11-05,6.316568374633789,8.239999771118164,8.289999961853027,8.199999809265137,8.199999809265137,16400
2020-11-06,6.377893447875977,8.319999694824219,8.350000381469727,8.229999542236328,8.319999694824219,46200
2020-11-09,6.324233531951904,8.25,8.449999809265137,8.25,8.449999809265137,23300
2020-11-10,6.324233531951904,8.25,8.329999923706055,8.180000305175781,8.25,10500
2020-11-11,6.385560035705566,8.329999923706055,8.380000114440918,8.329999923706055,8.34000015258789,43700
2020-11-12,6.362562656402588,8.300000190734863,8.369999885559082,8.260000228881836,8.369999885559082,33300
2020-11-13,6.431554794311523,8.390000343322754,8.399999618530273,8.3100004196167,8.3100004196167,37700
2020-11-16,6.4545512199401855,8.420000076293945,8.449999809265137,8.399999618530273,8.4399995803833,3600
2020-11-17,6.469882488250732,8.4399995803833,8.489999771118164,8.420000076293945,8.460000038146973,59600
2020-11-18,6.462216377258301,8.430000305175781,8.489999771118164,8.430000305175781,8.470000267028809,13300
2020-11-19,6.500545978546143,8.479999542236328,8.5,8.420000076293945,8.420000076293945,21700
2020-11-20,6.500545978546143,8.479999542236328,8.489999771118164,8.40999984741211,8.430000305175781,19900
2020-11-23,6.508211612701416,8.489999771118164,8.489999771118164,8.470000267028809,8.479999542236328,8500
2020-11-24,6.5158772468566895,8.5,8.510000228881836,8.479999542236328,8.489999771118164,33700
2020-11-25,6.5158772468566895,8.5,8.5,8.460000038146973,8.489999771118164,13300
2020-11-27,6.531209468841553,8.520000457763672,8.550000190734863,8.470000267028809,8.510000228881836,18000
2020-11-30,6.531209468841553,8.520000457763672,8.609999656677246,8.510000228881836,8.529999732971191,23600
2020-12-01,6.607865333557129,8.619999885559082,8.670000076293945,8.550000190734863,8.569999694824219,29100
2020-12-02,6.623197078704834,8.640000343322754,8.6899995803833,8.619999885559082,8.619999885559082,23800
2020-12-03,6.638529300689697,8.65999984741211,8.680000305175781,8.649999618530273,8.680000305175781,14100
2020-12-04,6.730518817901611,8.779999732971191,8.779999732971191,8.710000038146973,8.710000038146973,10500
2020-12-07,6.745849132537842,8.800000190734863,8.800000190734863,8.729999542236328,8.739999771118164,19600
2020-12-08,6.707520008087158,8.75,8.84000015258789,8.670000076293945,8.739999771118164,20900
2020-12-09,6.745849132537842,8.800000190734863,8.8100004196167,8.779999732971191,8.779999732971191,2600
2020-12-10,6.730518817901611,8.779999732971191,8.8100004196167,8.699999809265137,8.699999809265137,20300
2020-12-11,6.730518817901611,8.779999732971191,8.8100004196167,8.760000228881836,8.760000228881836,7800
2020-12-14,6.715185642242432,8.760000228881836,8.829999923706055,8.75,8.770000457763672,3600
2020-12-15,6.730518817901611,8.779999732971191,8.850000381469727,8.779999732971191,8.800000190734863,10900
2020-12-16,6.7688469886779785,8.829999923706055,8.850000381469727,8.800000190734863,8.850000381469727,14100
2020-12-17,6.845503807067871,8.930000305175781,8.960000038146973,8.890000343322754,8.890000343322754,33200
2020-12-18,6.91402006149292,8.880000114440918,8.930000305175781,8.829999923706055,8.930000305175781,27300
2020-12-21,6.742729187011719,8.65999984741211,8.789999961853027,8.65999984741211,8.779999732971191,17700
2020-12-22,6.773870944976807,8.699999809265137,8.75,8.65999984741211,8.699999809265137,11500
2020-12-23,6.76608419418335,8.6899995803833,8.699999809265137,8.65999984741211,8.6899995803833,15400
2020-12-24,6.820589065551758,8.760000228881836,8.760000228881836,8.630000114440918,8.65999984741211,28100
2020-12-28,6.859519958496094,8.8100004196167,8.850000381469727,8.789999961853027,8.8100004196167,22300
2020-12-29,6.968523979187012,8.949999809265137,8.949999809265137,8.779999732971191,8.890000343322754,28000
2020-12-30,7.023025035858154,9.020000457763672,9.029999732971191,8.949999809265137,8.949999809265137,19800
2020-12-31,6.960737228393555,8.9399995803833,9.09000015258789,8.890000343322754,9.050000190734863,36300
2021-01-04,7.100885391235352,9.119999885559082,9.119999885559082,9.0,9.09000015258789,29400
2021-01-05,7.132030963897705,9.15999984741211,9.15999984741211,9.09000015258789,9.09000015258789,8700
2021-01-06,7.061956405639648,9.069999694824219,9.100000381469727,8.979999542236328,9.100000381469727,15600
2021-01-07,7.077529430389404,9.09000015258789,9.119999885559082,9.069999694824219,9.119999885559082,2500
2021-01-08,7.077529430389404,9.09000015258789,9.100000381469727,9.069999694824219,9.100000381469727,10100
2021-01-11,7.061956405639648,9.069999694824219,9.109999656677246,8.9399995803833,9.020000457763672,9000
2021-01-12,7.054171085357666,9.0600004196167,9.0600004196167,9.0,9.010000228881836,11900
2021-01-13,7.023025035858154,9.020000457763672,9.0600004196167,9.0,9.0600004196167,9500
2021-01-14,7.077529430389404,9.09000015258789,9.100000381469727,9.010000228881836,9.039999961853027,4000
2021-01-15,7.054171085357666,9.0600004196167,9.079999923706055,9.0,9.039999961853027,10900
2021-01-19,7.038597583770752,9.039999961853027,9.079999923706055,9.039999961853027,9.039999961853027,8400
2021-01-20,7.085316181182861,9.100000381469727,9.140000343322754,9.0600004196167,9.100000381469727,4100
2021-01-21,7.132030963897705,9.15999984741211,9.15999984741211,9.109999656677246,9.149999618530273,15400
2021-01-22,7.139817237854004,9.170000076293945,9.170000076293945,9.109999656677246,9.109999656677246,9400
2021-01-25,7.116458415985107,9.140000343322754,9.15999984741211,9.109999656677246,9.15999984741211,6800
2021-01-26,7.116458415985107,9.140000343322754,9.180000305175781,9.130000114440918,9.130000114440918,18600
2021-01-27,7.132030963897705,9.15999984741211,9.15999984741211,9.020000457763672,9.09000015258789,21600
2021-01-28,7.132030963897705,9.15999984741211,9.199999809265137,9.039999961853027,9.100000381469727,39200
2021-01-29,7.054171085357666,9.0600004196167,9.100000381469727,8.9399995803833,9.039999961853027,33200
2021-02-01,7.132030963897705,9.15999984741211,9.180000305175781,9.0600004196167,9.140000343322754,17300
2021-02-02,7.17874813079834,9.220000267028809,9.220000267028809,9.09000015258789,9.140000343322754,5700
2021-02-03,7.163174152374268,9.199999809265137,9.199999809265137,9.149999618530273,9.15999984741211,17300
2021-02-04,7.108672142028809,9.130000114440918,9.210000038146973,9.029999732971191,9.180000305175781,13300
2021-02-05,7.085316181182861,9.100000381469727,9.270000457763672,9.100000381469727,9.109999656677246,18300
2021-02-08,7.163174152374268,9.199999809265137,9.25,9.130000114440918,9.1899995803833,19300
2021-02-09,7.155389308929443,9.1899995803833,9.25,9.149999618530273,9.199999809265137,12800
2021-02-10,7.194317817687988,9.239999771118164,9.239999771118164,9.180000305175781,9.180000305175781,7800
2021-02-11,7.202106475830078,9.25,9.270000457763672,9.239999771118164,9.260000228881836,13300
2021-02-12,7.272178649902344,9.34000015258789,9.359999656677246,9.25,9.25,20600
2021-02-16,7.186532497406006,9.229999542236328,9.359999656677246,9.229999542236328,9.350000381469727,15000
2021-02-17,7.202106475830078,9.25,9.279999732971191,9.149999618530273,9.170000076293945,12200
2021-02-18,7.085316181182861,9.100000381469727,9.1899995803833,9.069999694824219,9.180000305175781,9500
2021-02-19,7.069742202758789,9.079999923706055,9.130000114440918,9.069999694824219,9.069999694824219,21700
2021-02-22,7.061956405639648,9.069999694824219,9.100000381469727,9.050000190734863,9.100000381469727,13900
2021-02-23,6.906235218048096,8.869999885559082,8.989999771118164,8.800000190734863,8.989999771118164,23200
2021-02-24,6.991881847381592,8.979999542236328,8.979999542236328,8.800000190734863,8.84000015258789,29600
2021-02-25,6.906235218048096,8.869999885559082,9.029999732971191,8.859999656677246,9.0,13600
2021-02-26,6.890663146972656,8.850000381469727,8.869999885559082,8.319999694824219,8.869999885559082,19600
2021-03-01,6.9763102531433105,8.960000038146973,8.960000038146973,8.880000114440918,8.9399995803833,25200
2021-03-02,7.023025035858154,9.020000457763672,9.029999732971191,8.90999984741211,8.960000038146973,5700
2021-03-03,6.91402006149292,8.880000114440918,8.949999809265137,8.5,8.949999809265137,21900
2021-03-04,6.843945026397705,8.789999961853027,8.880000114440918,8.789999961853027,8.850000381469727,9300
2021-03-05,6.789444446563721,8.720000267028809,8.800000190734863,8.680000305175781,8.760000228881836,21800
2021-03-08,6.75830078125,8.680000305175781,8.75,8.680000305175781,8.680000305175781,17300
2021-03-09,6.820589065551758,8.760000228881836,8.829999923706055,8.720000267028809,8.789999961853027,49700
2021-03-10,6.859519958496094,8.8100004196167,8.84000015258789,8.779999732971191,8.829999923706055,8000
2021-03-11,6.91402006149292,8.880000114440918,8.880000114440918,8.800000190734863,8.800000190734863,18700
2021-03-12,6.8517327308654785,8.800000190734863,8.829999923706055,8.75,8.829999923706055,8400
2021-03-15,6.937380790710449,8.90999984741211,8.90999984741211,8.779999732971191,8.84000015258789,11200
2021-03-16,6.937380790710449,8.90999984741211,8.960000038146973,8.880000114440918,8.960000038146973,18900
2021-03-17,6.960737228393555,8.9399995803833,8.9399995803833,8.859999656677246,8.899999618530273,18900
2021-03-18,6.945165157318115,8.920000076293945,8.960000038146973,8.890000343322754,8.890000343322754,15900
2021-03-19,6.991034507751465,8.84000015258789,8.859999656677246,8.779999732971191,8.8100004196167,36500
2021-03-22,6.967309951782227,8.8100004196167,8.850000381469727,8.8100004196167,8.819999694824219,40000
2021-03-23,6.919859886169434,8.75,8.829999923706055,8.75,8.819999694824219,18500
2021-03-24,6.919859886169434,8.75,8.829999923706055,8.729999542236328,8.829999923706055,35300
2021-03-25,6.9594011306762695,8.800000190734863,8.800000190734863,8.739999771118164,8.800000190734863,15600
2021-03-26,6.951491355895996,8.789999961853027,8.789999961853027,8.739999771118164,8.760000228881836,9300
2021-03-29,7.006850719451904,8.859999656677246,8.890000343322754,8.800000190734863,8.890000343322754,19100
2021-03-30,6.98312520980835,8.829999923706055,8.920000076293945,8.8100004196167,8.920000076293945,36500
2021-03-31,6.951491355895996,8.789999961853027,8.9399995803833,8.739999771118164,8.9399995803833,26400
2021-04-01,7.022666931152344,8.880000114440918,8.880000114440918,8.800000190734863,8.819999694824219,28000
2021-04-05,7.109660625457764,8.989999771118164,9.0,8.949999809265137,8.949999809265137,18800
2021-04-06,7.093844890594482,8.970000267028809,9.0,8.930000305175781,8.949999809265137,14100
2021-04-07,7.101751804351807,8.979999542236328,8.979999542236328,8.9399995803833,8.9399995803833,5100
2021-04-08,7.180836200714111,9.079999923706055,9.109999656677246,9.029999732971191,9.039999961853027,8500
2021-04-09,7.275735378265381,9.199999809265137,9.199999809265137,9.149999618530273,9.199999809265137,18800
2021-04-12,7.236194133758545,9.149999618530273,9.1899995803833,9.100000381469727,9.100000381469727,15600
2021-04-13,7.252012252807617,9.170000076293945,9.210000038146973,9.119999885559082,9.210000038146973,13200
2021-04-14,7.228285789489746,9.140000343322754,9.170000076293945,9.119999885559082,9.119999885559082,7300
2021-04-15,7.259920120239258,9.180000305175781,9.199999809265137,9.119999885559082,9.149999618530273,4600
2021-04-16,7.275735378265381,9.199999809265137,9.25,9.119999885559082,9.149999618530273,22200
2021-04-19,7.291554927825928,9.220000267028809,9.25,9.220000267028809,9.239999771118164,4600
2021-04-20,7.252012252807617,9.170000076293945,9.210000038146973,9.15999984741211,9.15999984741211,6500
2021-04-21,7.307369709014893,9.239999771118164,9.239999771118164,9.140000343322754,9.149999618530273,7800
2021-04-22,7.291554927825928,9.220000267028809,9.25,9.210000038146973,9.25,10200
2021-04-23,7.315279960632324,9.25,9.25,9.229999542236328,9.239999771118164,4200
2021-04-26,7.291554927825928,9.220000267028809,9.25,9.199999809265137,9.220000267028809,8200
2021-04-27,7.259920120239258,9.180000305175781,9.210000038146973,9.15999984741211,9.210000038146973,7600
2021-04-28,7.252012252807617,9.170000076293945,9.210000038146973,9.149999618530273,9.170000076293945,14000
2021-04-29,7.244103908538818,9.15999984741211,9.229999542236328,9.15999984741211,9.229999542236328,7800
2021-04-30,7.165019989013672,9.0600004196167,9.119999885559082,9.0600004196167,9.119999885559082,6500
2021-05-03,7.236194133758545,9.149999618530273,9.149999618530273,9.119999885559082,9.140000343322754,28500
2021-05-04,7.180836200714111,9.079999923706055,9.100000381469727,8.979999542236328,9.069999694824219,46600
2021-05-05,7.204559803009033,9.109999656677246,9.140000343322754,9.109999656677246,9.119999885559082,8900
2021-05-06,7.252012252807617,9.170000076293945,9.170000076293945,9.079999923706055,9.119999885559082,14700
2021-05-07,7.354820728302002,9.300000190734863,9.300000190734863,9.180000305175781,9.210000038146973,21300
2021-05-10,7.346912384033203,9.289999961853027,9.359999656677246,9.25,9.359999656677246,26000
2021-05-11,7.259920120239258,9.180000305175781,9.1899995803833,9.15999984741211,9.1899995803833,8200
2021-05-12,7.204559803009033,9.109999656677246,9.170000076293945,9.09000015258789,9.09000015258789,17400
2021-05-13,7.291554927825928,9.220000267028809,9.239999771118164,9.149999618530273,9.170000076293945,7700
2021-05-14,7.323188781738281,9.260000228881836,9.270000457763672,9.25,9.270000457763672,5600
2021-05-17,7.370636463165283,9.319999694824219,9.319999694824219,9.270000457763672,9.319999694824219,10500
2021-05-18,7.41018009185791,9.369999885559082,9.369999885559082,9.359999656677246,9.359999656677246,4500
2021-05-19,7.346912384033203,9.289999961853027,9.34000015258789,9.260000228881836,9.279999732971191,6900
2021-05-20,7.354820728302002,9.300000190734863,9.3100004196167,9.300000190734863,9.3100004196167,14600
2021-05-21,7.386454105377197,9.34000015258789,9.350000381469727,9.3100004196167,9.3100004196167,6700
2021-05-24,7.441813945770264,9.40999984741211,9.4399995803833,9.350000381469727,9.350000381469727,26800
2021-05-25,7.528805732727051,9.520000457763672,9.520000457763672,9.430000305175781,9.430000305175781,14900
2021-05-26,7.560440540313721,9.5600004196167,9.5600004196167,9.529999732971191,9.550000190734863,11900
2021-05-27,7.623708248138428,9.640000343322754,9.640000343322754,9.569999694824219,9.600000381469727,11000
2021-05-28,7.655338764190674,9.680000305175781,9.6899995803833,9.640000343322754,9.640000343322754,10800
2021-06-01,7.679065227508545,9.710000038146973,9.770000457763672,9.680000305175781,9.6899995803833,53500
2021-06-02,7.679065227508545,9.710000038146973,9.729999542236328,9.699999809265137,9.729999542236328,11100
2021-06-03,7.655338764190674,9.680000305175781,9.6899995803833,9.649999618530273,9.649999618530273,5800
2021-06-04,7.481355667114258,9.460000038146973,9.770000457763672,9.220000267028809,9.729999542236328,151600
2021-06-07,7.6316142082214355,9.649999618530273,9.680000305175781,9.5,9.59000015258789,48000
2021-06-08,7.679065227508545,9.710000038146973,9.729999542236328,9.65999984741211,9.710000038146973,46800
2021-06-09,7.758150577545166,9.8100004196167,9.829999923706055,9.699999809265137,9.729999542236328,24700
2021-06-10,7.805600166320801,9.869999885559082,9.869999885559082,9.819999694824219,9.819999694824219,41500
2021-06-11,7.8135085105896,9.880000114440918,9.930000305175781,9.850000381469727,9.930000305175781,4600
2021-06-14,7.8135085105896,9.880000114440918,9.90999984741211,9.850000381469727,9.90999984741211,40900
2021-06-15,7.845142364501953,9.920000076293945,9.9399995803833,9.899999618530273,9.899999618530273,2900
2021-06-16,7.9005022048950195,9.989999771118164,9.989999771118164,9.930000305175781,9.930000305175781,36000
2021-06-17,7.87677526473999,9.960000038146973,10.0,9.920000076293945,9.970000267028809,13500
2021-06-18,7.8110151290893555,9.739999771118164,9.829999923706055,9.6899995803833,9.789999961853027,35100
2021-06-21,7.82705545425415,9.760000228881836,9.789999961853027,9.6899995803833,9.6899995803833,24400
2021-06-22,7.835074424743652,9.770000457763672,9.800000190734863,9.729999542236328,9.729999542236328,11700
2021-06-23,7.8110151290893555,9.739999771118164,9.829999923706055,9.729999542236328,9.829999923706055,6800
2021-06-24,7.819035053253174,9.75,9.819999694824219,9.75,9.8100004196167,13100
2021-06-25,7.851114273071289,9.789999961853027,9.800000190734863,9.739999771118164,9.779999732971191,11800
2021-06-28,7.859133720397949,9.800000190734863,9.869999885559082,9.75,9.8100004196167,26600
2021-06-29,7.859133720397949,9.800000190734863,9.829999923706055,9.739999771118164,9.829999923706055,6300
2021-06-30,7.802995204925537,9.729999542236328,9.880000114440918,9.699999809265137,9.819999694824219,13500
2021-07-01,7.835074424743652,9.770000457763672,9.779999732971191,9.670000076293945,9.739999771118164,26100
2021-07-02,7.851114273071289,9.789999961853027,9.789999961853027,9.770000457763672,9.770000457763672,3900
2021-07-06,7.8110151290893555,9.739999771118164,9.789999961853027,9.720000267028809,9.789999961853027,4000
2021-07-07,7.859133720397949,9.800000190734863,9.800000190734863,9.760000228881836,9.760000228881836,9100
2021-07-08,7.835074424743652,9.770000457763672,9.800000190734863,9.760000228881836,9.770000457763672,16200
2021-07-09,7.867153644561768,9.8100004196167,9.819999694824219,9.789999961853027,9.8100004196167,9000
2021-07-12,7.899230480194092,9.850000381469727,9.890000343322754,9.789999961853027,9.789999961853027,4400
2021-07-13,7.9232892990112305,9.880000114440918,9.880000114440918,9.859999656677246,9.859999656677246,4900
2021-07-14,7.9232892990112305,9.880000114440918,9.880000114440918,9.850000381469727,9.869999885559082,10000
2021-07-15,7.915269374847412,9.869999885559082,9.869999885559082,9.850000381469727,9.850000381469727,6500
2021-07-16,7.835074424743652,9.770000457763672,9.84000015258789,9.710000038146973,9.84000015258789,34800
2021-07-19,7.7388386726379395,9.649999618530273,9.710000038146973,9.619999885559082,9.699999809265137,40700
2021-07-20,7.634586334228516,9.520000457763672,9.680000305175781,9.279999732971191,9.609999656677246,49900
2021-07-21,7.690722465515137,9.59000015258789,9.609999656677246,9.5600004196167,9.609999656677246,8200
2021-07-22,7.666665077209473,9.5600004196167,9.59000015258789,9.5600004196167,9.59000015258789,3100
2021-07-23,7.77091646194458,9.6899995803833,9.729999542236328,9.65999984741211,9.65999984741211,3000
2021-07-26,7.7388386726379395,9.649999618530273,9.670000076293945,9.630000114440918,9.630000114440918,7000
2021-07-27,7.69874382019043,9.600000381469727,9.649999618530273,9.569999694824219,9.649999618530273,9100
2021-07-28,7.722799777984619,9.630000114440918,9.649999618530273,9.579999923706055,9.579999923706055,38000
2021-07-29,7.7628984451293945,9.680000305175781,9.6899995803833,9.65999984741211,9.670000076293945,14700
2021-07-30,7.802995204925537,9.729999542236328,9.739999771118164,9.720000267028809,9.720000267028809,3900
2021-08-02,7.843093395233154,9.779999732971191,9.829999923706055,9.779999732971191,9.779999732971191,1600
2021-08-03,7.835074424743652,9.770000457763672,9.84000015258789,9.75,9.84000015258789,23100
2021-08-04,7.8831915855407715,9.829999923706055,9.84000015258789,9.720000267028809,9.770000457763672,11800
2021-08-05,7.955366611480713,9.920000076293945,9.920000076293945,9.789999961853027,9.8100004196167,8400
2021-08-06,7.835074424743652,9.770000457763672,9.829999923706055,9.770000457763672,9.829999923706055,22000
2021-08-09,7.875170707702637,9.819999694824219,9.819999694824219,9.800000190734863,9.800000190734863,4600
2021-08-10,7.875170707702637,9.819999694824219,9.859999656677246,9.779999732971191,9.819999694824219,10600
2021-08-11,7.891210556030273,9.84000015258789,9.850000381469727,9.819999694824219,9.84000015258789,7900
2021-08-12,7.9232892990112305,9.880000114440918,9.899999618530273,9.850000381469727,9.859999656677246,5300
2021-08-13,7.979427337646484,9.949999809265137,9.970000267028809,9.869999885559082,9.90999984741211,15200
2021-08-16,8.003483772277832,9.979999542236328,10.0,9.90999984741211,9.920000076293945,15400
2021-08-17,8.003483772277832,9.979999542236328,10.0,9.949999809265137,9.949999809265137,1400
2021-08-18,8.003483772277832,9.979999542236328,10.020000457763672,9.979999542236328,10.0,19700
2021-08-19,7.963387489318848,9.930000305175781,9.930000305175781,9.819999694824219,9.890000343322754,6700
2021-08-20,7.955366611480713,9.920000076293945,9.920000076293945,9.880000114440918,9.890000343322754,6800
2021-08-23,8.035562515258789,10.020000457763672,10.020000457763672,9.979999542236328,9.979999542236328,7200
2021-08-24,8.019522666931152,10.0,10.100000381469727,9.979999542236328,10.010000228881836,7400
2021-08-25,7.963387489318848,9.930000305175781,9.949999809265137,9.899999618530273,9.949999809265137,6800
2021-08-26,7.963387489318848,9.930000305175781,9.949999809265137,9.920000076293945,9.949999809265137,9800
2021-08-27,8.05160140991211,10.039999961853027,10.0600004196167,9.949999809265137,9.949999809265137,11100
2021-08-30,8.019522666931152,10.0,10.010000228881836,9.979999542236328,9.989999771118164,5100
2021-08-31,8.003483772277832,9.979999542236328,10.079999923706055,9.979999542236328,10.069999694824219,8200
2021-09-01,8.019522666931152,10.0,10.010000228881836,9.960000038146973,9.960000038146973,38700
2021-09-02,8.011504173278809,9.989999771118164,10.029999732971191,9.979999542236328,10.0,11000
2021-09-03,8.019522666931152,10.0,10.0,9.949999809265137,9.949999809265137,6000
2021-09-07,7.98744535446167,9.960000038146973,10.020000457763672,9.949999809265137,10.020000457763672,9300
2021-09-08,7.90725040435791,9.859999656677246,9.920000076293945,9.789999961853027,9.920000076293945,10700
2021-09-09,7.8831915855407715,9.829999923706055,9.880000114440918,9.819999694824219,9.84000015258789,13300
2021-09-10,7.859133720397949,9.800000190734863,9.9399995803833,9.800000190734863,9.9399995803833,10900
2021-09-13,7.835074424743652,9.770000457763672,9.84000015258789,9.75,9.8100004196167,45700
2021-09-14,7.859133720397949,9.800000190734863,9.8100004196167,9.75,9.779999732971191,35600
2021-09-15,7.8110151290893555,9.739999771118164,9.789999961853027,9.699999809265137,9.789999961853027,18700
2021-09-16,7.754879474639893,9.670000076293945,9.699999809265137,9.649999618530273,9.680000305175781,8600
2021-09-17,7.706762790679932,9.609999656677246,9.649999618530273,9.579999923706055,9.609999656677246,38600
2021-09-20,7.517996788024902,9.239999771118164,9.369999885559082,9.0600004196167,9.289999961853027,28600
2021-09-21,7.615635395050049,9.359999656677246,9.369999885559082,9.3100004196167,9.369999885559082,12000
2021-09-22,7.672590255737305,9.430000305175781,9.4399995803833,9.399999618530273,9.399999618530273,22400
2021-09-23,7.753951549530029,9.529999732971191,9.539999961853027,9.449999809265137,9.479999542236328,18000
2021-09-24,7.656316757202148,9.40999984741211,9.4399995803833,9.399999618530273,9.4399995803833,20400
2021-09-27,7.558680534362793,9.289999961853027,9.34000015258789,9.210000038146973,9.34000015258789,25800
2021-09-28,7.428497791290283,9.130000114440918,9.180000305175781,9.130000114440918,9.149999618530273,53200
2021-09-29,7.452907085418701,9.15999984741211,9.199999809265137,9.149999618530273,9.180000305175781,8600
2021-09-30,7.469180107116699,9.180000305175781,9.289999961853027,9.15999984741211,9.289999961853027,26600
2021-10-01,7.4773173332214355,9.1899995803833,9.210000038146973,9.149999618530273,9.199999809265137,39100
2021-10-04,7.436634063720703,9.140000343322754,9.239999771118164,9.119999885559082,9.119999885559082,13100
2021-10-05,7.428497791290283,9.130000114440918,9.15999984741211,9.100000381469727,9.140000343322754,15000
2021-10-06,7.412224769592285,9.109999656677246,9.119999885559082,9.100000381469727,9.109999656677246,9500
2021-10-07,7.4854512214660645,9.199999809265137,9.229999542236328,9.170000076293945,9.199999809265137,6200
2021-10-08,7.469180107116699,9.180000305175781,9.270000457763672,9.15999984741211,9.270000457763672,44600
2021-10-11,7.4854512214660645,9.199999809265137,9.220000267028809,9.149999618530273,9.149999618530273,6000
2021-10-12,7.4773173332214355,9.1899995803833,9.220000267028809,9.149999618530273,9.149999618530273,6800
2021-10-13,7.566816329956055,9.300000190734863,9.350000381469727,9.239999771118164,9.239999771118164,27300
2021-10-14,7.591226577758789,9.329999923706055,9.369999885559082,9.3100004196167,9.3100004196167,12300
2021-10-15,7.640045166015625,9.390000343322754,9.40999984741211,9.25,9.25,47300
2021-10-18,7.623771667480469,9.369999885559082,9.399999618530273,9.319999694824219,9.380000114440918,16700
2021-10-19,7.6481804847717285,9.399999618530273,9.40999984741211,9.350000381469727,9.350000381469727,18100
2021-10-20,7.721406936645508,9.489999771118164,9.489999771118164,9.40999984741211,9.430000305175781,17500
2021-10-21,7.705136299133301,9.470000267028809,9.479999542236328,9.460000038146973,9.470000267028809,2100
2021-10-22,7.745816707611084,9.520000457763672,9.539999961853027,9.510000228881836,9.510000228881836,3100
2021-10-25,7.705136299133301,9.470000267028809,9.5,9.470000267028809,9.479999542236328,13400
2021-10-26,7.729544162750244,9.5,9.510000228881836,9.479999542236328,9.479999542236328,15500
2021-10-27,7.721406936645508,9.489999771118164,9.529999732971191,9.460000038146973,9.510000228881836,35800
2021-10-28,7.778363227844238,9.5600004196167,9.600000381469727,9.510000228881836,9.510000228881836,26300
2021-10-29,7.729544162750244,9.5,9.520000457763672,9.489999771118164,9.489999771118164,3800
2021-11-01,7.802771091461182,9.59000015258789,9.609999656677246,9.550000190734863,9.5600004196167,17800
2021-11-02,7.851587772369385,9.649999618530273,9.649999618530273,9.59000015258789,9.59000015258789,21200
2021-11-03,7.875998020172119,9.680000305175781,9.680000305175781,9.649999618530273,9.649999618530273,20000
2021-11-04,7.908542633056641,9.720000267028809,9.739999771118164,9.680000305175781,9.680000305175781,10000
2021-11-05,7.900406837463379,9.710000038146973,9.720000267028809,9.680000305175781,9.710000038146973,24400
2021-11-08,7.900406837463379,9.710000038146973,9.720000267028809,9.680000305175781,9.720000267028809,12500
2021-11-09,7.941090106964111,9.760000228881836,9.760000228881836,9.729999542236328,9.760000228881836,19900
2021-11-10,7.900406837463379,9.710000038146973,9.770000457763672,9.699999809265137,9.770000457763672,5400
2021-11-11,7.916679859161377,9.729999542236328,9.779999732971191,9.729999542236328,9.779999732971191,1700
2021-11-12,7.924816131591797,9.739999771118164,9.789999961853027,9.739999771118164,9.779999732971191,8100
2021-11-15,7.941090106964111,9.760000228881836,9.760000228881836,9.75,9.75,4600
2021-11-16,7.924816131591797,9.739999771118164,9.770000457763672,9.729999542236328,9.770000457763672,22100
2021-11-17,7.932953834533691,9.75,9.75,9.739999771118164,9.739999771118164,4400
2021-11-18,7.916679859161377,9.729999542236328,9.739999771118164,9.729999542236328,9.729999542236328,24200
2021-11-19,7.916679859161377,9.729999542236328,9.739999771118164,9.729999542236328,9.729999542236328,39100
2021-11-22,7.867862224578857,9.670000076293945,9.739999771118164,9.649999618530273,9.739999771118164,8900
2021-11-23,7.753951549530029,9.529999732971191,9.600000381469727,9.520000457763672,9.600000381469727,10600
2021-11-24,7.729544162750244,9.5,9.520000457763672,9.470000267028809,9.520000457763672,11800
2021-11-26,7.656316757202148,9.40999984741211,9.4399995803833,9.40999984741211,9.430000305175781,10000
2021-11-29,7.721406936645508,9.489999771118164,9.489999771118164,9.460000038146973,9.479999542236328,13800
2021-11-30,7.656316757202148,9.40999984741211,9.5,9.40999984741211,9.5,8700
2021-12-01,7.623771667480469,9.369999885559082,9.470000267028809,9.359999656677246,9.460000038146973,27100
2021-12-02,7.656316757202148,9.40999984741211,9.470000267028809,9.380000114440918,9.470000267028809,49900
2021-12-03,7.623771667480469,9.369999885559082,9.430000305175781,9.34000015258789,9.359999656677246,31600
2021-12-06,7.6481804847717285,9.399999618530273,9.460000038146973,9.399999618530273,9.40999984741211,21400
2021-12-07,7.7702250480651855,9.550000190734863,9.569999694824219,9.470000267028809,9.470000267028809,70400
2021-12-08,7.8434529304504395,9.640000343322754,9.640000343322754,9.59000015258789,9.630000114440918,15900
2021-12-09,7.794634819030762,9.579999923706055,9.59000015258789,9.550000190734863,9.550000190734863,7800
2021-12-10,7.851587772369385,9.649999618530273,9.65999984741211,9.630000114440918,9.630000114440918,9400
2021-12-13,7.7702250480651855,9.550000190734863,9.699999809265137,9.510000228881836,9.6899995803833,21500
2021-12-14,7.721406936645508,9.489999771118164,9.579999923706055,9.449999809265137,9.579999923706055,16600
2021-12-15,7.8434529304504395,9.640000343322754,9.649999618530273,9.5,9.520000457763672,14100
2021-12-16,7.932953834533691,9.75,9.789999961853027,9.649999618530273,9.649999618530273,10100
2021-12-17,7.892271518707275,9.699999809265137,9.760000228881836,9.65999984741211,9.75,35700
2021-12-20,7.864950656890869,9.5,9.569999694824219,9.479999542236328,9.550000190734863,19900
2021-12-21,7.906345844268799,9.550000190734863,9.550000190734863,9.470000267028809,9.470000267028809,1900
2021-12-22,7.9394612312316895,9.59000015258789,9.619999885559082,9.470000267028809,9.5,11000
2021-12-23,8.013971328735352,9.680000305175781,9.680000305175781,9.619999885559082,9.619999885559082,6700
2021-12-27,8.105039596557617,9.789999961853027,9.789999961853027,9.6899995803833,9.6899995803833,19700
2021-12-28,8.154712677001953,9.850000381469727,9.859999656677246,9.819999694824219,9.84000015258789,8700
2021-12-29,8.187827110290527,9.890000343322754,9.890000343322754,9.829999923706055,9.880000114440918,15800
2021-12-30,8.162991523742676,9.859999656677246,9.880000114440918,9.850000381469727,9.869999885559082,20100
2021-12-31,8.22922134399414,9.9399995803833,9.979999542236328,9.890000343322754,9.979999542236328,28900
2022-01-03,8.345126152038574,10.079999923706055,10.130000114440918,9.90999984741211,9.960000038146973,34000
2022-01-04,8.254058837890625,9.970000267028809,10.119999885559082,9.930000305175781,10.119999885559082,16800
2022-01-05,8.212665557861328,9.920000076293945,9.989999771118164,9.899999618530273,9.979999542236328,29100
2022-01-06,8.196106910705566,9.899999618530273,9.949999809265137,9.899999618530273,9.949999809265137,7800
2022-01-07,8.138154029846191,9.829999923706055,9.869999885559082,9.819999694824219,9.869999885559082,12900
2022-01-10,7.989134788513184,9.649999618530273,9.8100004196167,9.579999923706055,9.8100004196167,24800
2022-01-11,8.055365562438965,9.729999542236328,9.729999542236328,9.649999618530273,9.670000076293945,19400
2022-01-12,8.162991523742676,9.859999656677246,9.859999656677246,9.779999732971191,9.8100004196167,17500
2022-01-13,8.113317489624023,9.800000190734863,9.880000114440918,9.800000190734863,9.869999885559082,23100
2022-01-14,8.113317489624023,9.800000190734863,9.850000381469727,9.779999732971191,9.850000381469727,23300
2022-01-18,8.022250175476074,9.6899995803833,9.789999961853027,9.680000305175781,9.770000457763672,52900
2022-01-19,8.022250175476074,9.6899995803833,9.75,9.670000076293945,9.75,18500
2022-01-20,7.99741268157959,9.65999984741211,9.710000038146973,9.640000343322754,9.710000038146973,11200
2022-01-21,7.864950656890869,9.5,9.630000114440918,9.479999542236328,9.630000114440918,41500
2022-01-24,7.633142471313477,9.220000267028809,9.25,8.34000015258789,9.25,63400
2022-01-25,7.500679016113281,9.0600004196167,9.09000015258789,8.90999984741211,8.970000267028809,39700
2022-01-26,7.5669121742248535,9.140000343322754,9.390000343322754,9.109999656677246,9.229999542236328,24400
2022-01-27,7.600026607513428,9.180000305175781,9.300000190734863,8.979999542236328,9.260000228881836,19500
2022-01-28,7.575188636779785,9.149999618530273,9.170000076293945,9.079999923706055,9.079999923706055,17100
2022-01-31,7.699371814727783,9.300000190734863,9.300000190734863,9.15999984741211,9.15999984741211,20800
2022-02-01,7.76560640335083,9.380000114440918,9.380000114440918,9.3100004196167,9.3100004196167,9900
2022-02-02,7.806997776031494,9.430000305175781,9.4399995803833,9.359999656677246,9.380000114440918,9500
2022-02-03,7.649698257446289,9.239999771118164,9.350000381469727,9.180000305175781,9.350000381469727,13700
2022-02-04,7.641419887542725,9.229999542236328,9.260000228881836,9.199999809265137,9.25,13300
2022-02-07,7.633142471313477,9.220000267028809,9.25,9.149999618530273,9.149999618530273,12500
2022-02-08,7.641419887542725,9.229999542236328,9.239999771118164,9.1899995803833,9.220000267028809,9500
2022-02-09,7.715929985046387,9.319999694824219,9.390000343322754,9.300000190734863,9.319999694824219,17000
2022-02-10,7.657979488372803,9.25,9.329999923706055,9.239999771118164,9.25,27400
2022-02-11,7.616584300994873,9.199999809265137,9.350000381469727,9.15999984741211,9.329999923706055,11900
2022-02-14,7.53379487991333,9.100000381469727,9.170000076293945,9.09000015258789,9.170000076293945,13600
2022-02-15,7.624862194061279,9.210000038146973,9.239999771118164,9.149999618530273,9.180000305175781,6600
2022-02-16,7.5669121742248535,9.140000343322754,9.229999542236328,9.109999656677246,9.210000038146973,19600
2022-02-17,7.508958339691162,9.069999694824219,9.100000381469727,9.069999694824219,9.079999923706055,9200
2022-02-18,7.467563152313232,9.020000457763672,9.100000381469727,8.960000038146973,8.960000038146973,34100
2022-02-22,7.451006889343262,9.0,9.010000228881836,8.930000305175781,9.010000228881836,17600
2022-02-23,7.484121322631836,9.039999961853027,9.1899995803833,9.010000228881836,9.09000015258789,16500
2022-02-24,7.393054485321045,8.930000305175781,8.960000038146973,8.729999542236328,8.84000015258789,24300
2022-02-25,7.442726135253906,8.989999771118164,9.0,8.880000114440918,8.880000114440918,16800
2022-02-28,7.409611225128174,8.949999809265137,9.029999732971191,8.90999984741211,8.960000038146973,12700
2022-03-01,7.393054485321045,8.930000305175781,9.020000457763672,8.84000015258789,9.020000457763672,12200
2022-03-02,7.384775161743164,8.920000076293945,8.949999809265137,8.8100004196167,8.850000381469727,12500
2022-03-03,7.293706893920898,8.8100004196167,8.869999885559082,8.800000190734863,8.869999885559082,5100
2022-03-04,7.103292942047119,8.579999923706055,8.619999885559082,8.5600004196167,8.619999885559082,37500
2022-03-07,6.805252552032471,8.220000267028809,8.5,8.1899995803833,8.5,31400
2022-03-08,6.838367938995361,8.260000228881836,8.5,8.239999771118164,8.25,20300
2022-03-09,7.252313137054443,8.760000228881836,8.890000343322754,8.550000190734863,8.5600004196167,20300
2022-03-10,7.15296745300293,8.640000343322754,8.739999771118164,8.569999694824219,8.619999885559082,41200
2022-03-11,7.111571311950684,8.59000015258789,8.75,8.579999923706055,8.680000305175781,9700
2022-03-14,7.177802562713623,8.670000076293945,8.800000190734863,8.630000114440918,8.779999732971191,18900
2022-03-15,7.186081409454346,8.680000305175781,8.680000305175781,8.569999694824219,8.670000076293945,17400
2022-03-16,7.268869876861572,8.779999732971191,8.779999732971191,8.699999809265137,8.699999809265137,18000
2022-03-17,7.384775161743164,8.920000076293945,8.9399995803833,8.850000381469727,8.850000381469727,21200
2022-03-18,7.525515556335449,9.09000015258789,9.09000015258789,8.859999656677246,8.869999885559082,18500
2022-03-21,7.455514430999756,8.84000015258789,8.899999618530273,8.770000457763672,8.890000343322754,11700
2022-03-22,7.556720733642578,8.960000038146973,8.970000267028809,8.739999771118164,8.920000076293945,23000
2022-03-23,7.455514430999756,8.84000015258789,8.859999656677246,8.8100004196167,8.8100004196167,5100
2022-03-24,7.497684478759766,8.890000343322754,8.890000343322754,8.84000015258789,8.84000015258789,2600
2022-03-25,7.489251136779785,8.880000114440918,8.920000076293945,8.850000381469727,8.869999885559082,13100
2022-03-28,7.497684478759766,8.890000343322754,8.90999984741211,8.859999656677246,8.90999984741211,9200
2022-03-29,7.683228969573975,9.109999656677246,9.130000114440918,8.979999542236328,9.130000114440918,23200
2022-03-30,7.759133815765381,9.199999809265137,9.210000038146973,9.09000015258789,9.100000381469727,25200
2022-03-31,7.776002407073975,9.220000267028809,9.369999885559082,9.170000076293945,9.369999885559082,38800
2022-04-01,7.944677352905273,9.420000076293945,9.5,9.180000305175781,9.220000267028809,36100
2022-04-04,7.936243057250977,9.40999984741211,9.40999984741211,9.319999694824219,9.359999656677246,12600
2022-04-05,7.936243057250977,9.40999984741211,9.430000305175781,9.390000343322754,9.430000305175781,10900
2022-04-06,7.885641098022461,9.350000381469727,9.380000114440918,9.270000457763672,9.279999732971191,20200
2022-04-07,7.894075870513916,9.359999656677246,9.369999885559082,9.260000228881836,9.300000190734863,33600
2022-04-08,7.885641098022461,9.350000381469727,9.399999618530273,9.300000190734863,9.34000015258789,17300
2022-04-11,7.877208232879639,9.34000015258789,9.40999984741211,9.329999923706055,9.40999984741211,27200
2022-04-12,7.725399017333984,9.15999984741211,9.3100004196167,9.15999984741211,9.3100004196167,3400
2022-04-13,7.750698566436768,9.1899995803833,9.25,9.1899995803833,9.25,4600
2022-04-14,7.674795150756836,9.100000381469727,9.180000305175781,9.079999923706055,9.149999618530273,4700
2022-04-18,7.607324123382568,9.020000457763672,9.149999618530273,9.020000457763672,9.119999885559082,13800
2022-04-19,7.573589324951172,8.979999542236328,8.989999771118164,8.8100004196167,8.989999771118164,5300
2022-04-20,7.565155506134033,8.970000267028809,9.020000457763672,8.949999809265137,8.960000038146973,8700
2022-04-21,7.421779155731201,8.800000190734863,9.050000190734863,8.800000190734863,9.039999961853027,19200
2022-04-22,7.455514430999756,8.84000015258789,8.880000114440918,8.800000190734863,8.800000190734863,9300
2022-04-25,7.379611492156982,8.75,8.850000381469727,8.640000343322754,8.710000038146973,18100
2022-04-26,7.219367504119873,8.5600004196167,8.649999618530273,8.539999961853027,8.609999656677246,18000
2022-04-27,7.295273303985596,8.649999618530273,8.949999809265137,8.59000015258789,8.680000305175781,26200
2022-04-28,7.286839008331299,8.640000343322754,8.65999984741211,8.579999923706055,8.640000343322754,8500
2022-04-29,7.23623514175415,8.579999923706055,8.649999618530273,8.539999961853027,8.539999961853027,18900
2022-05-02,7.160329341888428,8.489999771118164,8.619999885559082,8.420000076293945,8.550000190734863,14900
2022-05-03,7.092860221862793,8.40999984741211,8.4399995803833,8.380000114440918,8.4399995803833,16700
2022-05-04,7.1265950202941895,8.449999809265137,8.449999809265137,8.279999732971191,8.369999885559082,23300
2022-05-05,6.957919120788574,8.25,8.420000076293945,8.199999809265137,8.420000076293945,18000
2022-05-06,7.0591254234313965,8.369999885559082,8.380000114440918,8.1899995803833,8.220000267028809,27600
2022-05-09,6.856713771820068,8.130000114440918,8.210000038146973,8.100000381469727,8.210000038146973,38200
2022-05-10,6.80610990524292,8.069999694824219,8.199999809265137,8.039999961853027,8.1899995803833,18300
2022-05-11,6.7976765632629395,8.0600004196167,8.119999885559082,8.0600004196167,8.069999694824219,8800
2022-05-12,6.780808448791504,8.039999961853027,8.09000015258789,8.010000228881836,8.0600004196167,22800
2022-05-13,6.763940811157227,8.020000457763672,8.180000305175781,8.010000228881836,8.180000305175781,10100
2022-05-16,6.772373676300049,8.029999732971191,8.039999961853027,8.010000228881836,8.029999732971191,11400
2022-05-17,6.80610990524292,8.069999694824219,8.15999984741211,8.020000457763672,8.079999923706055,7000
2022-05-18,6.721771240234375,7.96999979019165,8.050000190734863,7.949999809265137,8.050000190734863,27800
2022-05-19,6.704903602600098,7.949999809265137,7.980000019073486,7.920000076293945,7.940000057220459,13900
2022-05-20,6.713337421417236,7.960000038146973,7.960000038146973,7.909999847412109,7.920000076293945,7400
2022-05-23,6.763940811157227,8.020000457763672,8.100000381469727,7.980000019073486,7.980000019073486,10200
2022-05-24,6.9326171875,8.220000267028809,8.229999542236328,8.069999694824219,8.069999694824219,18300
2022-05-25,6.890448570251465,8.170000076293945,8.210000038146973,8.140000343322754,8.140000343322754,8200
2022-05-26,7.042257785797119,8.350000381469727,8.350000381469727,8.229999542236328,8.229999542236328,8600
2022-05-27,7.042257785797119,8.350000381469727,8.380000114440918,8.270000457763672,8.270000457763672,12400
2022-05-31,7.143463611602783,8.470000267028809,8.479999542236328,8.399999618530273,8.399999618530273,11500
2022-06-01,6.9663519859313965,8.260000228881836,8.399999618530273,8.09000015258789,8.399999618530273,16100
2022-06-02,7.143463611602783,8.470000267028809,8.470000267028809,8.25,8.25,2700
2022-06-03,7.075992584228516,8.390000343322754,8.390000343322754,8.25,8.34000015258789,6300
2022-06-06,7.075992584228516,8.390000343322754,8.449999809265137,8.359999656677246,8.449999809265137,18300
2022-06-07,7.033823490142822,8.34000015258789,8.359999656677246,8.260000228881836,8.260000228881836,6700
2022-06-08,6.9326171875,8.220000267028809,8.260000228881836,8.149999618530273,8.260000228881836,8100
2022-06-09,6.839844703674316,8.109999656677246,8.170000076293945,8.069999694824219,8.119999885559082,7100
2022-06-10,6.721771240234375,7.96999979019165,8.010000228881836,7.909999847412109,8.010000228881836,9300
2022-06-13,6.553093910217285,7.769999980926514,7.840000152587891,7.75,7.840000152587891,36700
2022-06-14,6.367549896240234,7.550000190734863,7.809999942779541,7.510000228881836,7.809999942779541,17300
2022-06-15,6.46032190322876,7.659999847412109,7.690000057220459,7.610000133514404,7.690000057220459,8200
2022-06-16,6.43502140045166,7.630000114440918,7.659999847412109,7.579999923706055,7.579999923706055,14000
2022-06-17,6.43243408203125,7.460000038146973,7.579999923706055,7.429999828338623,7.519999980926514,13900
2022-06-21,6.510036945343018,7.550000190734863,7.590000152587891,7.539999961853027,7.550000190734863,11100
2022-06-22,6.561772346496582,7.610000133514404,7.650000095367432,7.579999923706055,7.579999923706055,11900
2022-06-23,6.527282238006592,7.570000171661377,7.639999866485596,7.539999961853027,7.639999866485596,3700
2022-06-24,6.760092258453369,7.840000152587891,7.869999885559082,7.690000057220459,7.710000038146973,34000
2022-06-27,6.691110610961914,7.760000228881836,7.840000152587891,7.75,7.75,15300
2022-06-28,6.7428460121154785,7.820000171661377,7.889999866485596,7.78000020980835,7.880000114440918,20500
2022-06-29,6.80320405960083,7.889999866485596,7.900000095367432,7.869999885559082,7.869999885559082,7100
2022-06-30,6.777336597442627,7.860000133514404,7.96999979019165,7.78000020980835,7.96999979019165,27200
2022-07-01,6.777336597442627,7.860000133514404,7.860000133514404,7.760000228881836,7.820000171661377,11900
2022-07-05,6.7256011962890625,7.800000190734863,7.820000171661377,7.590000152587891,7.820000171661377,23700
2022-07-06,6.699733257293701,7.769999980926514,7.789999961853027,7.739999771118164,7.760000228881836,12500
2022-07-07,6.699733257293701,7.769999980926514,7.820000171661377,7.739999771118164,7.820000171661377,11000
2022-07-08,6.699733257293701,7.769999980926514,7.769999980926514,7.710000038146973,7.769999980926514,4700
2022-07-11,6.647998332977295,7.710000038146973,7.760000228881836,7.710000038146973,7.760000228881836,7800
2022-07-12,6.647998332977295,7.710000038146973,7.760000228881836,7.699999809265137,7.75,5100
2022-07-13,6.5962629318237305,7.650000095367432,7.679999828338623,7.599999904632568,7.599999904632568,10700
2022-07-14,6.458301544189453,7.489999771118164,7.550000190734863,7.480000019073486,7.550000190734863,29400
2022-07-15,6.510036945343018,7.550000190734863,7.570000171661377,7.539999961853027,7.570000171661377,10400
2022-07-18,6.527282238006592,7.570000171661377,7.699999809265137,7.559999942779541,7.699999809265137,24200
2022-07-19,6.691110610961914,7.760000228881836,7.829999923706055,7.690000057220459,7.75,14600
2022-07-20,6.691110610961914,7.760000228881836,8.020000457763672,7.630000114440918,7.679999828338623,148200
2022-07-21,6.751469135284424,7.829999923706055,7.849999904632568,7.78000020980835,7.78000020980835,20500
2022-07-22,6.734224319458008,7.809999942779541,7.880000114440918,7.809999942779541,7.829999923706055,7800
2022-07-25,6.811827182769775,7.900000095367432,7.96999979019165,7.900000095367432,7.909999847412109,7700
2022-07-26,6.76871395111084,7.849999904632568,7.920000076293945,7.789999961853027,7.920000076293945,5500
2022-07-27,6.811827182769775,7.900000095367432,7.920000076293945,7.840000152587891,7.869999885559082,8700
2022-07-28,6.8204498291015625,7.909999847412109,7.909999847412109,7.820000171661377,7.840000152587891,7600
2022-07-29,6.8549394607543945,7.949999809265137,7.96999979019165,7.889999866485596,7.96999979019165,16600
2022-08-01,6.906674861907959,8.010000228881836,8.029999732971191,7.860000133514404,7.920000076293945,39300
2022-08-02,6.83769416809082,7.929999828338623,7.96999979019165,7.889999866485596,7.96999979019165,10100
2022-08-03,6.93254280090332,8.039999961853027,8.039999961853027,7.960000038146973,8.029999732971191,18500
2022-08-04,6.975655555725098,8.09000015258789,8.109999656677246,7.989999771118164,7.989999771118164,43200
2022-08-05,6.93254280090332,8.039999961853027,8.050000190734863,7.980000019073486,8.029999732971191,6000
2022-08-08,6.898053169250488,8.0,8.109999656677246,7.96999979019165,8.039999961853027,23600
2022-08-09,6.9497880935668945,8.0600004196167,8.09000015258789,7.989999771118164,8.029999732971191,8800
2022-08-10,7.018769264221191,8.140000343322754,8.140000343322754,8.050000190734863,8.119999885559082,3000
2022-08-11,7.036012172698975,8.15999984741211,8.220000267028809,8.15999984741211,8.1899995803833,4800
2022-08-12,7.096371173858643,8.229999542236328,8.270000457763672,8.1899995803833,8.220000267028809,72900
2022-08-15,7.036012172698975,8.15999984741211,8.170000076293945,8.130000114440918,8.130000114440918,8200
2022-08-16,6.984278202056885,8.100000381469727,8.109999656677246,8.0600004196167,8.069999694824219,2400
2022-08-17,6.967032432556152,8.079999923706055,8.119999885559082,8.069999694824219,8.09000015258789,23600
2022-08-18,6.992900371551514,8.109999656677246,8.109999656677246,8.079999923706055,8.100000381469727,14300
2022-08-19,6.992900371551514,8.109999656677246,8.119999885559082,8.100000381469727,8.100000381469727,900
2022-08-22,6.863562107086182,7.960000038146973,8.039999961853027,7.949999809265137,8.039999961853027,11500
2022-08-23,6.665243148803711,7.730000019073486,7.960000038146973,7.650000095367432,7.960000038146973,108500
2022-08-24,6.553149223327637,7.599999904632568,7.789999961853027,7.590000152587891,7.789999961853027,54600
2022-08-25,6.587639808654785,7.639999866485596,7.71999979019165,7.610000133514404,7.690000057220459,86500
2022-08-26,6.553149223327637,7.599999904632568,7.659999847412109,7.599999904632568,7.639999866485596,77100
2022-08-29,6.570394039154053,7.619999885559082,7.679999828338623,7.590000152587891,7.670000076293945,49200
2022-08-30,6.466924667358398,7.5,7.610000133514404,7.5,7.570000171661377,23400
2022-08-31,6.423810958862305,7.449999809265137,7.550000190734863,7.449999809265137,7.550000190734863,28800
2022-09-01,6.337585926055908,7.349999904632568,7.360000133514404,7.28000020980835,7.360000133514404,16600
2022-09-02,6.320340156555176,7.329999923706055,7.409999847412109,7.300000190734863,7.340000152587891,30900
2022-09-06,6.354830741882324,7.369999885559082,7.460000038146973,7.329999923706055,7.449999809265137,25900
2022-09-07,6.354830741882324,7.369999885559082,7.409999847412109,7.300000190734863,7.320000171661377,55800
2022-09-08,6.303095817565918,7.309999942779541,7.349999904632568,7.28000020980835,7.300000190734863,11100
2022-09-09,6.553149223327637,7.599999904632568,7.610000133514404,7.489999771118164,7.489999771118164,51600
2022-09-12,6.622129917144775,7.679999828338623,7.710000038146973,7.619999885559082,7.699999809265137,13300
2022-09-13,6.535904884338379,7.579999923706055,7.659999847412109,7.570000171661377,7.650000095367432,21400
2022-09-14,6.466924667358398,7.5,7.559999942779541,7.5,7.559999942779541,6200
2022-09-15,6.466924667358398,7.5,7.559999942779541,7.489999771118164,7.559999942779541,4000
2022-09-16,6.406566143035889,7.429999828338623,7.449999809265137,7.400000095367432,7.409999847412109,21100
2022-09-19,6.43243408203125,7.460000038146973,7.489999771118164,7.340000152587891,7.340000152587891,38100
2022-09-20,6.323947429656982,7.170000076293945,7.300000190734863,7.099999904632568,7.300000190734863,15600
2022-09-21,6.191647529602051,7.019999980926514,7.130000114440918,7.019999980926514,7.130000114440918,22000
2022-09-22,6.182827949523926,7.010000228881836,7.039999961853027,6.949999809265137,7.039999961853027,12800
2022-09-23,5.935867786407471,6.730000019073486,7.0,6.710000038146973,6.889999866485596,67000
2022-09-26,5.8917670249938965,6.679999828338623,6.730000019073486,6.659999847412109,6.730000019073486,14000
2022-09-27,5.865307331085205,6.650000095367432,6.800000190734863,6.639999866485596,6.760000228881836,27100
2022-09-28,6.11226749420166,6.929999828338623,6.940000057220459,6.690000057220459,6.809999942779541,40900
2022-09-29,5.9446868896484375,6.739999771118164,6.78000020980835,6.690000057220459,6.769999980926514,23000
2022-09-30,5.9887871742248535,6.789999961853027,6.909999847412109,6.559999942779541,6.820000171661377,40500
2022-10-03,6.174007415771484,7.0,7.059999942779541,6.840000152587891,6.840000152587891,38700
2022-10-04,6.315127849578857,7.159999847412109,7.170000076293945,7.099999904632568,7.119999885559082,6300
2022-10-05,6.262207984924316,7.099999904632568,7.139999866485596,7.03000020980835,7.090000152587891,11400
2022-10-06,6.121087074279785,6.940000057220459,7.039999961853027,6.929999828338623,7.039999961853027,14300
2022-10-07,6.0858073234558105,6.900000095367432,6.949999809265137,6.880000114440918,6.929999828338623,30300
2022-10-10,6.024067401885986,6.829999923706055,6.900000095367432,6.809999942779541,6.849999904632568,12800
2022-10-11,5.909407615661621,6.699999809265137,6.789999961853027,6.699999809265137,6.789999961853027,17300
2022-10-12,5.909407615661621,6.699999809265137,6.75,6.699999809265137,6.75,4800
2022-10-13,5.8917670249938965,6.679999828338623,6.710000038146973,6.579999923706055,6.579999923706055,15700
2022-10-14,5.812386512756348,6.590000152587891,6.670000076293945,6.590000152587891,6.659999847412109,16300
2022-10-17,5.9887871742248535,6.789999961853027,6.849999904632568,6.789999961853027,6.789999961853027,20700
2022-10-18,6.059348106384277,6.869999885559082,6.909999847412109,6.849999904632568,6.909999847412109,4900
2022-10-19,5.935867786407471,6.730000019073486,6.860000133514404,6.690000057220459,6.789999961853027,14500
2022-10-20,5.8829474449157715,6.670000076293945,6.730000019073486,6.639999866485596,6.690000057220459,11200
2022-10-21,5.9887871742248535,6.789999961853027,6.789999961853027,6.710000038146973,6.710000038146973,20900
2022-10-24,6.015247821807861,6.820000171661377,6.840000152587891,6.71999979019165,6.71999979019165,9900
2022-10-25,6.262207984924316,7.099999904632568,7.119999885559082,6.920000076293945,6.920000076293945,21200
2022-10-26,6.244567394256592,7.079999923706055,7.159999847412109,7.039999961853027,7.039999961853027,9200
2022-10-27,6.226927757263184,7.059999942779541,7.079999923706055,7.050000190734863,7.059999942779541,3900
2022-10-28,6.315127849578857,7.159999847412109,7.159999847412109,7.070000171661377,7.070000171661377,9700
2022-10-31,6.253387451171875,7.090000152587891,7.090000152587891,7.050000190734863,7.050000190734863,9000
2022-11-01,6.297487258911133,7.139999866485596,7.150000095367432,7.099999904632568,7.150000095367432,8100
2022-11-02,6.279847621917725,7.119999885559082,7.21999979019165,7.110000133514404,7.139999866485596,9500
2022-11-03,6.244567394256592,7.079999923706055,7.090000152587891,6.960000038146973,7.010000228881836,5000
2022-11-04,6.315127849578857,7.159999847412109,7.21999979019165,7.070000171661377,7.070000171661377,16300
2022-11-07,6.350407123565674,7.199999809265137,7.210000038146973,7.119999885559082,7.119999885559082,5500
2022-11-08,6.429788112640381,7.289999961853027,7.300000190734863,7.230000019073486,7.230000019073486,11600
2022-11-09,6.500348091125488,7.369999885559082,7.429999828338623,7.289999961853027,7.309999942779541,16700
2022-11-10,6.76494836807251,7.670000076293945,7.679999828338623,7.539999961853027,7.599999904632568,17200
2022-11-11,6.879608631134033,7.800000190734863,7.800000190734863,7.679999828338623,7.71999979019165,14200
2022-11-14,6.800228595733643,7.710000038146973,7.75,7.699999809265137,7.71999979019165,21500
2022-11-15,6.817868232727051,7.730000019073486,7.800000190734863,7.679999828338623,7.800000190734863,9000
2022-11-16,6.76494836807251,7.670000076293945,7.739999771118164,7.650000095367432,7.650000095367432,80700
2022-11-17,6.712028503417969,7.610000133514404,7.690000057220459,7.579999923706055,7.599999904632568,5500
2022-11-18,6.773767948150635,7.679999828338623,7.75,7.570000171661377,7.570000171661377,30600
2022-11-21,6.800228595733643,7.710000038146973,7.71999979019165,7.710000038146973,7.71999979019165,2300
2022-11-22,6.835509300231934,7.75,7.75,7.690000057220459,7.690000057220459,15200
2022-11-23,6.861968517303467,7.78000020980835,7.809999942779541,7.78000020980835,7.789999961853027,30900
2022-11-25,6.950168609619141,7.880000114440918,7.880000114440918,7.730000019073486,7.800000190734863,30100
2022-11-28,6.879608631134033,7.800000190734863,7.849999904632568,7.769999980926514,7.769999980926514,15700
2022-11-29,6.888429164886475,7.809999942779541,7.809999942779541,7.769999980926514,7.789999961853027,14700
2022-11-30,6.967809200286865,7.900000095367432,7.900000095367432,7.78000020980835,7.789999961853027,10800
2022-12-01,6.950168609619141,7.880000114440918,7.920000076293945,7.860000133514404,7.909999847412109,13300
2022-12-02,7.038369178771973,7.980000019073486,7.980000019073486,7.920000076293945,7.920000076293945,10700
2022-12-05,6.932528495788574,7.860000133514404,7.929999828338623,7.860000133514404,7.909999847412109,7200
2022-12-06,6.967809200286865,7.900000095367432,7.920000076293945,7.889999866485596,7.909999847412109,2700
2022-12-07,6.932528495788574,7.860000133514404,7.880000114440918,7.78000020980835,7.880000114440918,6600
2022-12-08,6.879608631134033,7.800000190734863,7.849999904632568,7.800000190734863,7.840000152587891,12400
2022-12-09,6.888429164886475,7.809999942779541,7.869999885559082,7.809999942779541,7.829999923706055,5700
2022-12-12,6.923708438873291,7.849999904632568,7.869999885559082,7.820000171661377,7.820000171661377,4900
2022-12-13,7.00308895111084,7.940000057220459,7.980000019073486,7.900000095367432,7.920000076293945,42500
2022-12-14,7.100108623504639,8.050000190734863,8.0600004196167,7.980000019073486,7.980000019073486,23100
2022-12-15,6.923708438873291,7.849999904632568,7.929999828338623,7.849999904632568,7.929999828338623,13900
2022-12-16,6.888429164886475,7.809999942779541,7.809999942779541,7.78000020980835,7.789999961853027,13400
2022-12-19,6.756699562072754,7.539999961853027,7.71999979019165,7.5,7.690000057220459,57700
2022-12-20,6.7387776374816895,7.519999980926514,7.590000152587891,7.519999980926514,7.53000020980835,27900
2022-12-21,6.8015055656433105,7.590000152587891,7.630000114440918,7.579999923706055,7.599999904632568,13300
2022-12-22,6.720855712890625,7.5,7.610000133514404,7.460000038146973,7.610000133514404,22000
2022-12-23,6.7387776374816895,7.519999980926514,7.539999961853027,7.5,7.519999980926514,7700
2022-12-27,6.747739315032959,7.53000020980835,7.559999942779541,7.480000019073486,7.559999942779541,23500
2022-12-28,6.756699562072754,7.539999961853027,7.710000038146973,7.510000228881836,7.599999904632568,17300
2022-12-29,6.8015055656433105,7.590000152587891,7.599999904632568,7.53000020980835,7.53000020980835,21900
2022-12-30,6.774621486663818,7.559999942779541,7.590000152587891,7.550000190734863,7.559999942779541,42500
2023-01-03,6.8015055656433105,7.590000152587891,7.639999866485596,7.559999942779541,7.619999885559082,35300
2023-01-04,6.980727672576904,7.789999961853027,7.789999961853027,7.710000038146973,7.710000038146973,46900
2023-01-05,6.9269609451293945,7.730000019073486,7.739999771118164,7.710000038146973,7.710000038146973,900
2023-01-06,7.01657247543335,7.829999923706055,7.840000152587891,7.690000057220459,7.71999979019165,13500
2023-01-09,7.043456554412842,7.860000133514404,7.989999771118164,7.860000133514404,7.869999885559082,7100
2023-01-10,7.1241068840026855,7.949999809265137,8.0,7.940000057220459,7.96999979019165,11700
2023-01-11,7.115145683288574,7.940000057220459,7.960000038146973,7.829999923706055,7.829999923706055,25300
2023-01-12,7.1599507331848145,7.989999771118164,8.0,7.96999979019165,7.989999771118164,7400
2023-01-13,7.1778740882873535,8.010000228881836,8.029999732971191,7.949999809265137,7.949999809265137,13000
2023-01-17,7.240601062774658,8.079999923706055,8.100000381469727,8.010000228881836,8.010000228881836,13900
2023-01-18,7.348135471343994,8.199999809265137,8.199999809265137,8.109999656677246,8.109999656677246,2500
2023-01-19,7.258523464202881,8.100000381469727,8.180000305175781,8.09000015258789,8.180000305175781,33400
2023-01-20,7.186834812164307,8.020000457763672,8.069999694824219,8.0,8.020000457763672,11700
2023-01-23,7.231639862060547,8.069999694824219,8.069999694824219,7.96999979019165,7.96999979019165,10400
2023-01-24,7.240601062774658,8.079999923706055,8.119999885559082,8.0600004196167,8.0600004196167,19700
2023-01-25,7.357096195220947,8.210000038146973,8.210000038146973,8.029999732971191,8.029999732971191,13800
2023-01-26,7.276446342468262,8.119999885559082,8.170000076293945,8.119999885559082,8.170000076293945,8200
2023-01-27,7.294368743896484,8.140000343322754,8.140000343322754,8.09000015258789,8.100000381469727,5900
2023-01-30,7.258523464202881,8.100000381469727,8.140000343322754,8.079999923706055,8.140000343322754,10500
2023-01-31,7.312289714813232,8.15999984741211,8.199999809265137,8.130000114440918,8.140000343322754,15600
2023-02-01,7.258523464202881,8.100000381469727,8.109999656677246,8.020000457763672,8.069999694824219,12900
2023-02-02,7.258523464202881,8.100000381469727,8.119999885559082,8.079999923706055,8.079999923706055,4400
2023-02-03,7.3302130699157715,8.180000305175781,8.210000038146973,8.079999923706055,8.119999885559082,7000
2023-02-06,7.303328514099121,8.149999618530273,8.15999984741211,8.119999885559082,8.130000114440918,11000
2023-02-07,7.231639862060547,8.069999694824219,8.119999885559082,8.020000457763672,8.0600004196167,15300
2023-02-08,7.213717937469482,8.050000190734863,8.079999923706055,8.020000457763672,8.029999732971191,35400
2023-02-09,7.115145683288574,7.940000057220459,8.069999694824219,7.940000057220459,8.0600004196167,16500
2023-02-10,7.1599507331848145,7.989999771118164,7.989999771118164,7.960000038146973,7.960000038146973,7000
2023-02-13,7.150989532470703,7.980000019073486,7.989999771118164,7.949999809265137,7.980000019073486,17300
2023-02-14,7.195796012878418,8.029999732971191,8.029999732971191,7.96999979019165,7.96999979019165,7700
2023-02-15,7.186834812164307,8.020000457763672,8.039999961853027,7.96999979019165,7.96999979019165,23800
2023-02-16,7.1241068840026855,7.949999809265137,8.039999961853027,7.909999847412109,7.929999828338623,28100
2023-02-17,7.195796012878418,8.029999732971191,8.029999732971191,8.0,8.020000457763672,24600
2023-02-21,7.106184005737305,7.929999828338623,7.96999979019165,7.809999942779541,7.949999809265137,31100
2023-02-22,7.106184005737305,7.929999828338623,8.0,7.929999828338623,8.0,17500
2023-02-23,7.01657247543335,7.829999923706055,7.960000038146973,7.78000020980835,7.960000038146973,24800
2023-02-24,6.864233493804932,7.659999847412109,7.739999771118164,7.639999866485596,7.710000038146973,32400
2023-02-27,6.9538445472717285,7.760000228881836,7.769999980926514,7.730000019073486,7.760000228881836,33400
2023-02-28,6.935922145843506,7.739999771118164,7.75,7.699999809265137,7.699999809265137,33700
2023-03-01,6.971767902374268,7.78000020980835,7.789999961853027,7.739999771118164,7.75,13100
2023-03-02,6.989689350128174,7.800000190734863,7.800000190734863,7.730000019073486,7.75,5100
2023-03-03,6.980727672576904,7.789999961853027,7.829999923706055,7.769999980926514,7.789999961853027,24000
2023-03-06,6.971767902374268,7.78000020980835,7.800000190734863,7.760000228881836,7.760000228881836,3000
2023-03-07,6.9538445472717285,7.760000228881836,7.829999923706055,7.75,7.829999923706055,10800
2023-03-08,6.935922145843506,7.739999771118164,7.809999942779541,7.739999771118164,7.809999942779541,4100
2023-03-09,6.909038543701172,7.710000038146973,7.809999942779541,7.699999809265137,7.809999942779541,13200
2023-03-10,6.864233493804932,7.659999847412109,7.699999809265137,7.659999847412109,7.699999809265137,24800
2023-03-13,6.900078296661377,7.699999809265137,7.75,7.650000095367432,7.650000095367432,18400
2023-03-14,6.962806224822998,7.769999980926514,7.769999980926514,7.699999809265137,7.760000228881836,46800
2023-03-15,6.747739315032959,7.53000020980835,7.590000152587891,7.440000057220459,7.570000171661377,69000
2023-03-16,6.846311569213867,7.639999866485596,7.650000095367432,7.570000171661377,7.570000171661377,12300
2023-03-17,6.78358268737793,7.570000171661377,7.590000152587891,7.53000020980835,7.559999942779541,47700
2023-03-20,6.846311569213867,7.639999866485596,7.659999847412109,7.610000133514404,7.610000133514404,16700
2023-03-21,6.921905994415283,7.599999904632568,7.630000114440918,7.570000171661377,7.610000133514404,41300
2023-03-22,6.940120697021484,7.619999885559082,7.670000076293945,7.610000133514404,7.619999885559082,16000
2023-03-23,6.9765520095825195,7.659999847412109,7.699999809265137,7.650000095367432,7.670000076293945,10000
2023-03-24,6.985659599304199,7.670000076293945,7.670000076293945,7.559999942779541,7.559999942779541,6100
2023-03-27,6.994767665863037,7.679999828338623,7.699999809265137,7.679999828338623,7.690000057220459,26300
2023-03-28,6.985659599304199,7.670000076293945,7.699999809265137,7.659999847412109,7.679999828338623,11600
2023-03-29,7.0585222244262695,7.75,7.78000020980835,7.730000019073486,7.78000020980835,26900
2023-03-30,7.131383895874023,7.829999923706055,7.829999923706055,7.800000190734863,7.829999923706055,36200
2023-03-31,7.222461700439453,7.929999828338623,7.949999809265137,7.880000114440918,7.900000095367432,53000
2023-04-03,7.258893013000488,7.96999979019165,7.96999979019165,7.920000076293945,7.920000076293945,18700
2023-04-04,7.258893013000488,7.96999979019165,8.010000228881836,7.929999828338623,8.010000228881836,9600
2023-04-05,7.2862162590026855,8.0,8.010000228881836,8.0,8.0,8400
2023-04-06,7.3317551612854,8.050000190734863,8.0600004196167,8.020000457763672,8.020000457763672,30500
2023-04-10,7.295324802398682,8.010000228881836,8.020000457763672,7.989999771118164,7.989999771118164,21400
2023-04-11,7.313539981842041,8.029999732971191,8.039999961853027,8.020000457763672,8.029999732971191,5500
2023-04-12,7.386401653289795,8.109999656677246,8.130000114440918,8.039999961853027,8.100000381469727,69300
2023-04-13,7.459263324737549,8.1899995803833,8.199999809265137,8.15999984741211,8.15999984741211,16700
2023-04-14,7.477479457855225,8.210000038146973,8.220000267028809,8.1899995803833,8.210000038146973,39900
2023-04-17,7.468371868133545,8.199999809265137,8.220000267028809,8.1899995803833,8.220000267028809,4000
2023-04-18,7.459263324737549,8.1899995803833,8.229999542236328,8.180000305175781,8.229999542236328,13400
2023-04-19,7.468371868133545,8.199999809265137,8.210000038146973,8.180000305175781,8.1899995803833,17400
2023-04-20,7.513911247253418,8.25,8.289999961853027,8.220000267028809,8.220000267028809,177400
2023-04-21,7.5685577392578125,8.3100004196167,8.319999694824219,8.260000228881836,8.270000457763672,9900
2023-04-24,7.604989528656006,8.350000381469727,8.359999656677246,8.300000190734863,8.3100004196167,33000
2023-04-25,7.614096164703369,8.359999656677246,8.399999618530273,8.350000381469727,8.369999885559082,35700
2023-04-26,7.59588098526001,8.34000015258789,8.380000114440918,8.329999923706055,8.380000114440918,22200
2023-04-27,7.559450626373291,8.300000190734863,8.359999656677246,8.239999771118164,8.359999656677246,24000
2023-04-28,7.5685577392578125,8.3100004196167,8.3100004196167,8.270000457763672,8.270000457763672,5200
2023-05-01,7.614096164703369,8.359999656677246,8.380000114440918,8.329999923706055,8.350000381469727,22900
2023-05-02,7.559450626373291,8.300000190734863,8.319999694824219,8.239999771118164,8.279999732971191,40200
2023-05-03,7.623203754425049,8.369999885559082,8.399999618530273,8.289999961853027,8.380000114440918,20100
2023-05-04,7.623203754425049,8.369999885559082,8.399999618530273,8.350000381469727,8.380000114440918,18100
2023-05-05,7.623203754425049,8.369999885559082,8.390000343322754,8.350000381469727,8.359999656677246,28800
2023-05-08,7.586772441864014,8.329999923706055,8.4399995803833,8.329999923706055,8.420000076293945,26700
2023-05-09,7.604989528656006,8.350000381469727,8.359999656677246,8.319999694824219,8.350000381469727,21000
2023-05-10,7.504802227020264,8.239999771118164,8.329999923706055,8.239999771118164,8.329999923706055,69100
2023-05-11,7.495694160461426,8.229999542236328,8.25,8.199999809265137,8.229999542236328,26600
2023-05-12,7.495694160461426,8.229999542236328,8.25,8.220000267028809,8.239999771118164,9900
2023-05-15,7.5230183601379395,8.260000228881836,8.289999961853027,8.25,8.270000457763672,13000
2023-05-16,7.459263324737549,8.1899995803833,8.229999542236328,8.180000305175781,8.229999542236328,12000
2023-05-17,7.477479457855225,8.210000038146973,8.229999542236328,8.180000305175781,8.199999809265137,30000
2023-05-18,7.450156211853027,8.180000305175781,8.199999809265137,8.15999984741211,8.199999809265137,21200
2023-05-19,7.513911247253418,8.25,8.270000457763672,8.170000076293945,8.1899995803833,56500
2023-05-22,7.541233539581299,8.279999732971191,8.289999961853027,8.270000457763672,8.279999732971191,10600
2023-05-23,7.532126426696777,8.270000457763672,8.279999732971191,8.260000228881836,8.279999732971191,23500
2023-05-24,7.486587047576904,8.220000267028809,8.229999542236328,8.199999809265137,8.229999542236328,8100
2023-05-25,7.422832489013672,8.149999618530273,8.239999771118164,8.130000114440918,8.239999771118164,11400
2023-05-26,7.450156211853027,8.180000305175781,8.229999542236328,8.15999984741211,8.180000305175781,18600
2023-05-30,7.422832489013672,8.149999618530273,8.1899995803833,8.119999885559082,8.1899995803833,20800
2023-05-31,7.359078407287598,8.079999923706055,8.130000114440918,8.0600004196167,8.130000114440918,5100
2023-06-01,7.3681864738464355,8.09000015258789,8.100000381469727,8.0600004196167,8.069999694824219,23300
2023-06-02,7.468371868133545,8.199999809265137,8.210000038146973,8.15999984741211,8.15999984741211,5800
2023-06-05,7.450156211853027,8.180000305175781,8.199999809265137,8.15999984741211,8.15999984741211,10300
2023-06-06,7.468371868133545,8.199999809265137,8.199999809265137,8.1899995803833,8.199999809265137,16500
2023-06-07,7.3681864738464355,8.09000015258789,8.15999984741211,8.079999923706055,8.15999984741211,8900
2023-06-08,7.459263324737549,8.1899995803833,8.199999809265137,8.140000343322754,8.140000343322754,48100
2023-06-09,7.41372537612915,8.140000343322754,8.1899995803833,8.130000114440918,8.130000114440918,16000
2023-06-12,7.422832489013672,8.149999618530273,8.15999984741211,8.130000114440918,8.149999618530273,14000
2023-06-13,7.468371868133545,8.199999809265137,8.199999809265137,8.15999984741211,8.1899995803833,11500
2023-06-14,7.495694160461426,8.229999542236328,8.260000228881836,8.210000038146973,8.229999542236328,18900
2023-06-15,7.577664852142334,8.319999694824219,8.329999923706055,8.270000457763672,8.270000457763672,18300
2023-06-16,7.550342082977295,8.289999961853027,8.350000381469727,8.289999961853027,8.319999694824219,10600
2023-06-20,7.525381088256836,8.140000343322754,8.25,8.100000381469727,8.180000305175781,33300
2023-06-21,7.44217586517334,8.050000190734863,8.100000381469727,8.050000190734863,8.069999694824219,4300
2023-06-22,7.460665225982666,8.069999694824219,8.079999923706055,8.020000457763672,8.069999694824219,11100
2023-06-23,7.44217586517334,8.050000190734863,8.0600004196167,8.050000190734863,8.050000190734863,800
2023-06-26,7.460665225982666,8.069999694824219,8.079999923706055,8.029999732971191,8.069999694824219,4900
2023-06-27,7.488400459289551,8.100000381469727,8.109999656677246,8.020000457763672,8.020000457763672,15700
2023-06-28,7.479156017303467,8.09000015258789,8.15999984741211,8.020000457763672,8.15999984741211,19200
2023-06-29,7.543869495391846,8.15999984741211,8.15999984741211,8.100000381469727,8.130000114440918,4300
2023-06-30,7.599339962005615,8.220000267028809,8.270000457763672,8.210000038146973,8.270000457763672,25900
2023-07-03,7.645565032958984,8.270000457763672,8.270000457763672,8.170000076293945,8.220000267028809,21000
2023-07-05,7.580850124359131,8.199999809265137,8.199999809265137,8.119999885559082,8.170000076293945,2600
2023-07-06,7.497644901275635,8.109999656677246,8.130000114440918,8.109999656677246,8.130000114440918,1300
2023-07-07,7.44217586517334,8.050000190734863,8.079999923706055,8.050000190734863,8.079999923706055,2800
2023-07-10,7.506890296936035,8.119999885559082,8.140000343322754,8.09000015258789,8.09000015258789,4500
2023-07-11,7.543869495391846,8.15999984741211,8.15999984741211,8.130000114440918,8.149999618530273,4700
2023-07-12,7.645565032958984,8.270000457763672,8.279999732971191,8.25,8.25,5900
2023-07-13,7.738013744354248,8.369999885559082,8.449999809265137,8.3100004196167,8.319999694824219,18100
2023-07-14,7.784238815307617,8.420000076293945,8.479999542236328,8.380000114440918,8.449999809265137,4200
2023-07-17,7.747259140014648,8.380000114440918,8.399999618530273,8.359999656677246,8.399999618530273,2300
2023-07-18,7.802728652954102,8.4399995803833,8.449999809265137,8.420000076293945,8.420000076293945,2400
2023-07-19,7.821218013763428,8.460000038146973,8.460000038146973,8.4399995803833,8.4399995803833,13000
2023-07-20,7.793482780456543,8.430000305175781,8.4399995803833,8.399999618530273,8.399999618530273,8200
2023-07-21,7.774993896484375,8.40999984741211,8.449999809265137,8.40999984741211,8.449999809265137,17700
2023-07-24,7.774993896484375,8.40999984741211,8.420000076293945,8.390000343322754,8.399999618530273,5200
2023-07-25,7.830463886260986,8.470000267028809,8.489999771118164,8.420000076293945,8.420000076293945,8400
2023-07-26,7.793482780456543,8.430000305175781,8.460000038146973,8.399999618530273,8.399999618530273,9200
2023-07-27,7.876688003540039,8.520000457763672,8.5600004196167,8.520000457763672,8.529999732971191,21400
2023-07-28,7.913668155670166,8.5600004196167,8.5600004196167,8.539999961853027,8.5600004196167,5300
2023-07-31,7.895177841186523,8.539999961853027,8.569999694824219,8.539999961853027,8.569999694824219,2100
2023-08-01,7.848951816558838,8.489999771118164,8.529999732971191,8.470000267028809,8.510000228881836,8900
2023-08-02,7.774993896484375,8.40999984741211,8.430000305175781,8.380000114440918,8.430000305175781,2800
2023-08-03,7.654808521270752,8.279999732971191,8.34000015258789,8.279999732971191,8.34000015258789,4300
2023-08-04,7.673299789428711,8.300000190734863,8.3100004196167,8.279999732971191,8.300000190734863,14400
2023-08-07,7.738013744354248,8.369999885559082,8.369999885559082,8.350000381469727,8.350000381469727,45100
2023-08-08,7.6270751953125,8.25,8.25,8.25,8.25,1200
2023-08-09,7.617829322814941,8.239999771118164,8.289999961853027,8.239999771118164,8.279999732971191,4000
2023-08-10,7.701034069061279,8.329999923706055,8.350000381469727,8.3100004196167,8.350000381469727,2400
2023-08-11,7.673299789428711,8.300000190734863,8.34000015258789,8.300000190734863,8.34000015258789,1100
2023-08-14,7.608583927154541,8.229999542236328,8.279999732971191,8.229999542236328,8.229999542236328,3600
2023-08-15,7.543869495391846,8.15999984741211,8.220000267028809,8.119999885559082,8.119999885559082,14400
2023-08-16,7.5623602867126465,8.180000305175781,8.229999542236328,8.170000076293945,8.220000267028809,26700
2023-08-17,7.516135215759277,8.130000114440918,8.1899995803833,8.130000114440918,8.149999618530273,12100
2023-08-18,7.3867058753967285,7.989999771118164,8.050000190734863,7.989999771118164,8.050000190734863,154100
2023-08-21,7.5346245765686035,8.149999618530273,8.1899995803833,7.960000038146973,8.069999694824219,234800
2023-08-22,7.460665225982666,8.069999694824219,8.100000381469727,8.069999694824219,8.09000015258789,101800
2023-08-23,7.590094566345215,8.210000038146973,8.220000267028809,8.1899995803833,8.1899995803833,6800
2023-08-24,7.432930946350098,8.039999961853027,8.199999809265137,8.039999961853027,8.170000076293945,30600
2023-08-25,7.516135215759277,8.130000114440918,8.170000076293945,8.0600004196167,8.119999885559082,9500
2023-08-28,7.469910144805908,8.079999923706055,8.130000114440918,8.079999923706055,8.100000381469727,98000
2023-08-29,7.543869495391846,8.15999984741211,8.1899995803833,8.130000114440918,8.130000114440918,16400
2023-08-30,7.525381088256836,8.140000343322754,8.170000076293945,8.140000343322754,8.15999984741211,2800
2023-08-31,7.516135215759277,8.130000114440918,8.210000038146973,8.119999885559082,8.210000038146973,7900
2023-09-01,7.506890296936035,8.119999885559082,8.210000038146973,8.109999656677246,8.210000038146973,3500
2023-09-05,7.405196189880371,8.010000228881836,8.0600004196167,8.010000228881836,8.0600004196167,18100
2023-09-06,7.358971118927002,7.960000038146973,7.989999771118164,7.949999809265137,7.96999979019165,14000
2023-09-07,7.368216037750244,7.96999979019165,7.980000019073486,7.960000038146973,7.980000019073486,3500
2023-09-08,7.358971118927002,7.960000038146973,8.0,7.949999809265137,7.96999979019165,9600
2023-09-11,7.395950794219971,8.0,8.050000190734863,8.0,8.050000190734863,16000
2023-09-12,7.3867058753967285,7.989999771118164,8.0,7.96999979019165,7.96999979019165,12100
2023-09-13,7.321991443634033,7.920000076293945,7.96999979019165,7.900000095367432,7.96999979019165,26400
2023-09-14,7.3867058753967285,7.989999771118164,7.989999771118164,7.96999979019165,7.96999979019165,2100
2023-09-15,7.45142126083374,8.0600004196167,8.0600004196167,8.010000228881836,8.010000228881836,3300
2023-09-18,7.349725723266602,7.949999809265137,8.010000228881836,7.949999809265137,8.0,9600
2023-09-19,7.333763122558594,7.809999942779541,7.860000133514404,7.800000190734863,7.860000133514404,21400
2023-09-20,7.352543354034424,7.829999923706055,7.929999828338623,7.829999923706055,7.869999885559082,4800
2023-09-21,7.333763122558594,7.809999942779541,7.860000133514404,7.809999942779541,7.809999942779541,27900
2023-09-22,7.258641242980957,7.730000019073486,7.809999942779541,7.730000019073486,7.789999961853027,67600
2023-09-25,7.268031120300293,7.739999771118164,7.75,7.679999828338623,7.71999979019165,30300
2023-09-26,7.0990071296691895,7.559999942779541,7.630000114440918,7.329999923706055,7.630000114440918,26600
2023-09-27,7.127178192138672,7.590000152587891,7.650000095367432,7.519999980926514,7.650000095367432,21000
2023-09-28,7.108397483825684,7.570000171661377,7.579999923706055,7.539999961853027,7.579999923706055,43600
2023-09-29,7.174129486083984,7.639999866485596,7.840000152587891,7.610000133514404,7.699999809265137,54600
2023-10-02,7.136568546295166,7.599999904632568,7.599999904632568,7.550000190734863,7.550000190734863,31600
2023-10-03,7.033275604248047,7.489999771118164,7.510000228881836,7.46999979019165,7.5,15300
2023-10-04,7.042666435241699,7.5,7.570000171661377,7.480000019073486,7.570000171661377,5300
2023-10-05,7.033275604248047,7.489999771118164,7.5,7.480000019073486,7.5,8800
2023-10-06,7.0990071296691895,7.559999942779541,7.579999923706055,7.460000038146973,7.460000038146973,8900
2023-10-09,7.014495849609375,7.46999979019165,7.53000020980835,7.400000095367432,7.409999847412109,32000
2023-10-10,7.080226898193359,7.539999961853027,7.590000152587891,7.53000020980835,7.550000190734863,48100
2023-10-11,7.1929097175598145,7.659999847412109,7.659999847412109,7.610000133514404,7.610000133514404,47700
2023-10-12,7.108397483825684,7.570000171661377,7.630000114440918,7.570000171661377,7.599999904632568,57700
2023-10-13,7.155348777770996,7.619999885559082,7.630000114440918,7.570000171661377,7.570000171661377,10000
2023-10-16,7.089617729187012,7.550000190734863,7.610000133514404,7.5,7.610000133514404,23100
2023-10-17,7.061446666717529,7.519999980926514,7.559999942779541,7.489999771118164,7.5,31000
2023-10-18,6.9957146644592285,7.449999809265137,7.480000019073486,7.449999809265137,7.46999979019165,15300
2023-10-19,6.929983615875244,7.380000114440918,7.440000057220459,7.349999904632568,7.440000057220459,10700
2023-10-20,6.873642921447754,7.320000171661377,7.360000133514404,7.300000190734863,7.340000152587891,13900
2023-10-23,6.807910442352295,7.25,7.340000152587891,7.25,7.28000020980835,23700
2023-10-24,6.826691627502441,7.269999980926514,7.300000190734863,7.260000228881836,7.300000190734863,19800
2023-10-25,6.807910442352295,7.25,7.269999980926514,7.210000038146973,7.239999771118164,7400
2023-10-26,6.789130210876465,7.230000019073486,7.260000228881836,7.150000095367432,7.210000038146973,5600
2023-10-27,6.685837745666504,7.119999885559082,7.210000038146973,7.119999885559082,7.170000076293945,58500
2023-10-30,6.742178916931152,7.179999828338623,7.199999809265137,7.159999847412109,7.199999809265137,18100
2023-10-31,6.704617977142334,7.139999866485596,7.179999828338623,7.119999885559082,7.119999885559082,17500
2023-11-01,6.854861736297607,7.300000190734863,7.300000190734863,7.170000076293945,7.179999828338623,40300
2023-11-02,6.911202907562256,7.360000133514404,7.389999866485596,7.320000171661377,7.320000171661377,5000
2023-11-03,7.014495849609375,7.46999979019165,7.480000019073486,7.400000095367432,7.400000095367432,15600
2023-11-06,7.061446666717529,7.519999980926514,7.53000020980835,7.46999979019165,7.480000019073486,15200
2023-11-07,6.986325263977051,7.440000057220459,7.519999980926514,7.440000057220459,7.489999771118164,7500
2023-11-08,6.9957146644592285,7.449999809265137,7.480000019073486,7.409999847412109,7.460000038146973,11800
2023-11-09,7.005105972290039,7.460000038146973,7.489999771118164,7.449999809265137,7.489999771118164,8600
2023-11-10,7.005105972290039,7.460000038146973,7.5,7.440000057220459,7.489999771118164,12800
2023-11-13,6.948763847351074,7.400000095367432,7.409999847412109,7.320000171661377,7.340000152587891,14100
2023-11-14,7.080226898193359,7.539999961853027,7.559999942779541,7.5,7.5,13300
2023-11-15,7.108397483825684,7.570000171661377,7.599999904632568,7.570000171661377,7.579999923706055,1700
2023-11-16,7.117788314819336,7.579999923706055,7.610000133514404,7.579999923706055,7.599999904632568,13800
2023-11-17,7.117788314819336,7.579999923706055,7.599999904632568,7.570000171661377,7.590000152587891,31500
2023-11-20,7.14595890045166,7.610000133514404,7.610000133514404,7.590000152587891,7.599999904632568,14300
2023-11-21,7.174129486083984,7.639999866485596,7.659999847412109,7.619999885559082,7.630000114440918,14300
2023-11-22,7.1929097175598145,7.659999847412109,7.670000076293945,7.650000095367432,7.650000095367432,17000
2023-11-24,7.211689472198486,7.679999828338623,7.690000057220459,7.679999828338623,7.690000057220459,1000
2023-11-27,7.202300071716309,7.670000076293945,7.690000057220459,7.659999847412109,7.659999847412109,11600
2023-11-28,7.164739608764648,7.630000114440918,7.650000095367432,7.619999885559082,7.639999866485596,3500
2023-11-29,7.221080780029297,7.690000057220459,7.739999771118164,7.659999847412109,7.679999828338623,21300
2023-11-30,7.268031120300293,7.739999771118164,7.75,7.699999809265137,7.699999809265137,6300
2023-12-01,7.371323585510254,7.849999904632568,7.849999904632568,7.75,7.75,28600
2023-12-04,7.286811828613281,7.760000228881836,7.769999980926514,7.75,7.75,3000
2023-12-05,7.258641242980957,7.730000019073486,7.78000020980835,7.730000019073486,7.739999771118164,20700
2023-12-06,7.3243727684021,7.800000190734863,7.849999904632568,7.789999961853027,7.820000171661377,7800
2023-12-07,7.3149824142456055,7.789999961853027,7.809999942779541,7.739999771118164,7.809999942779541,42500
2023-12-08,7.34315299987793,7.820000171661377,7.840000152587891,7.809999942779541,7.829999923706055,15900
2023-12-11,7.380714416503906,7.860000133514404,7.869999885559082,7.829999923706055,7.840000152587891,5400
2023-12-12,7.4088850021362305,7.889999866485596,7.900000095367432,7.869999885559082,7.889999866485596,9300
2023-12-13,7.484006404876709,7.96999979019165,7.980000019073486,7.909999847412109,7.920000076293945,23500
2023-12-14,7.502786159515381,7.989999771118164,8.020000457763672,7.960000038146973,7.96999979019165,20600
2023-12-15,7.559128761291504,8.050000190734863,8.069999694824219,8.010000228881836,8.029999732971191,21700
2023-12-18,7.605889320373535,7.96999979019165,8.020000457763672,7.960000038146973,7.980000019073486,14700
2023-12-19,7.615433216094971,7.980000019073486,7.989999771118164,7.960000038146973,7.960000038146973,20100
2023-12-20,7.5677170753479,7.929999828338623,8.0,7.920000076293945,7.989999771118164,12200
2023-12-21,7.6440629959106445,8.010000228881836,8.039999961853027,7.989999771118164,8.010000228881836,13600
2023-12-22,7.6536054611206055,8.020000457763672,8.0600004196167,7.989999771118164,7.989999771118164,8300
2023-12-26,7.672691822052002,8.039999961853027,8.0600004196167,8.020000457763672,8.029999732971191,8600
2023-12-27,7.729950904846191,8.100000381469727,8.199999809265137,8.050000190734863,8.079999923706055,44400
2023-12-28,7.710864067077637,8.079999923706055,8.130000114440918,8.0600004196167,8.119999885559082,17000
2023-12-29,7.825382232666016,8.199999809265137,8.279999732971191,8.15999984741211,8.199999809265137,33300
2024-01-02,7.825382232666016,8.199999809265137,8.199999809265137,8.029999732971191,8.039999961853027,46200
2024-01-03,7.758580684661865,8.130000114440918,8.130000114440918,8.09000015258789,8.119999885559082,6400
2024-01-04,7.74903678894043,8.119999885559082,8.140000343322754,8.069999694824219,8.069999694824219,5100
2024-01-05,7.796752452850342,8.170000076293945,8.180000305175781,8.130000114440918,8.130000114440918,7500
2024-01-08,7.873097896575928,8.25,8.279999732971191,8.199999809265137,8.199999809265137,26600
2024-01-09,7.825382232666016,8.199999809265137,8.220000267028809,8.180000305175781,8.180000305175781,12600
2024-01-10,7.844468593597412,8.220000267028809,8.229999542236328,8.210000038146973,8.220000267028809,10800
2024-01-11,7.758580684661865,8.130000114440918,8.210000038146973,8.130000114440918,8.210000038146973,24800
2024-01-12,7.768123626708984,8.140000343322754,8.15999984741211,8.100000381469727,8.149999618530273,12500
2024-01-16,7.701321125030518,8.069999694824219,8.100000381469727,8.0,8.100000381469727,5800
2024-01-17,7.605889320373535,7.96999979019165,7.989999771118164,7.940000057220459,7.989999771118164,7700
2024-01-18,7.5677170753479,7.929999828338623,7.949999809265137,7.920000076293945,7.940000057220459,5800
2024-01-19,7.520001411437988,7.880000114440918,7.929999828338623,7.820000171661377,7.869999885559082,7400
2024-01-22,7.5677170753479,7.929999828338623,7.96999979019165,7.929999828338623,7.929999828338623,10500
2024-01-23,7.548630237579346,7.909999847412109,7.909999847412109,7.869999885559082,7.869999885559082,9500
2024-01-24,7.596346378326416,7.960000038146973,8.020000457763672,7.949999809265137,7.96999979019165,8700
2024-01-25,7.605889320373535,7.96999979019165,8.010000228881836,7.960000038146973,8.010000228881836,11100
2024-01-26,7.691778659820557,8.0600004196167,8.079999923706055,8.020000457763672,8.079999923706055,17500
2024-01-29,7.720407485961914,8.09000015258789,8.109999656677246,8.039999961853027,8.09000015258789,22300
2024-01-30,7.682234764099121,8.050000190734863,8.0600004196167,8.0,8.0600004196167,14500
2024-01-31,7.663148403167725,8.029999732971191,8.039999961853027,8.020000457763672,8.020000457763672,8200
2024-02-01,7.739493370056152,8.109999656677246,8.119999885559082,8.09000015258789,8.109999656677246,24300
2024-02-02,7.548630237579346,7.909999847412109,7.949999809265137,7.889999866485596,7.949999809265137,23100
2024-02-05,7.5772600173950195,7.940000057220459,7.96999979019165,7.909999847412109,7.96999979019165,18000
2024-02-06,7.558174133300781,7.920000076293945,7.929999828338623,7.909999847412109,7.909999847412109,4500
2024-02-07,7.548630237579346,7.909999847412109,7.920000076293945,7.849999904632568,7.909999847412109,21900
2024-02-08,7.539087772369385,7.900000095367432,7.909999847412109,7.880000114440918,7.909999847412109,7400
2024-02-09,7.510458469390869,7.869999885559082,7.880000114440918,7.809999942779541,7.849999904632568,8400
2024-02-12,7.539087772369385,7.900000095367432,7.900000095367432,7.840000152587891,7.849999904632568,44500
2024-02-13,7.434112548828125,7.789999961853027,7.789999961853027,7.769999980926514,7.789999961853027,13200
2024-02-14,7.500915050506592,7.860000133514404,7.880000114440918,7.840000152587891,7.880000114440918,14200
2024-02-15,7.4913716316223145,7.849999904632568,7.900000095367432,7.849999904632568,7.860000133514404,10700
2024-02-16,7.520001411437988,7.880000114440918,7.900000095367432,7.869999885559082,7.869999885559082,6800
2024-02-20,7.5772600173950195,7.940000057220459,7.989999771118164,7.880000114440918,7.880000114440918,17300
2024-02-21,7.605889320373535,7.96999979019165,7.96999979019165,7.940000057220459,7.940000057220459,23700
2024-02-22,7.558174133300781,7.920000076293945,7.929999828338623,7.860000133514404,7.909999847412109,20300
2024-02-23,7.5772600173950195,7.940000057220459,7.940000057220459,7.889999866485596,7.929999828338623,20600
2024-02-26,7.5677170753479,7.929999828338623,7.989999771118164,7.920000076293945,7.989999771118164,5000
2024-02-27,7.548630237579346,7.909999847412109,7.929999828338623,7.889999866485596,7.909999847412109,17300
2024-02-28,7.520001411437988,7.880000114440918,7.900000095367432,7.880000114440918,7.900000095367432,1000
2024-02-29,7.500915050506592,7.860000133514404,7.900000095367432,7.849999904632568,7.889999866485596,4000
2024-03-01,7.548630237579346,7.909999847412109,7.909999847412109,7.860000133514404,7.909999847412109,3000
2024-03-04,7.462742328643799,7.820000171661377,7.860000133514404,7.820000171661377,7.849999904632568,7500
2024-03-05,7.4818291664123535,7.840000152587891,7.860000133514404,7.840000152587891,7.860000133514404,1000
2024-03-06,7.539087772369385,7.900000095367432,7.920000076293945,7.900000095367432,7.900000095367432,3200
2024-03-07,7.586803436279297,7.949999809265137,7.989999771118164,7.949999809265137,7.96999979019165,24100
2024-03-08,7.6536054611206055,8.020000457763672,8.020000457763672,8.010000228881836,8.010000228881836,20000
2024-03-11,7.682234764099121,8.050000190734863,8.050000190734863,8.039999961853027,8.039999961853027,2400
2024-03-12,7.682234764099121,8.050000190734863,8.079999923706055,8.020000457763672,8.020000457763672,14200
2024-03-13,7.710864067077637,8.079999923706055,8.079999923706055,8.0600004196167,8.069999694824219,10300
2024-03-14,7.682234764099121,8.050000190734863,8.069999694824219,8.039999961853027,8.069999694824219,10000
2024-03-15,7.6440629959106445,8.010000228881836,8.079999923706055,8.0,8.079999923706055,7100
2024-03-18,7.604295253753662,7.840000152587891,7.860000133514404,7.840000152587891,7.860000133514404,8700
2024-03-19,7.584896087646484,7.820000171661377,7.840000152587891,7.800000190734863,7.840000152587891,30600
2024-03-20,7.613994121551514,7.849999904632568,7.869999885559082,7.78000020980835,7.78000020980835,18200
2024-03-21,7.565497875213623,7.800000190734863,7.849999904632568,7.78000020980835,7.849999904632568,10200
2024-03-22,7.584896087646484,7.820000171661377,7.829999923706055,7.809999942779541,7.829999923706055,4800
2024-03-25,7.584896087646484,7.820000171661377,7.869999885559082,7.809999942779541,7.869999885559082,20400
2024-03-26,7.613994121551514,7.849999904632568,7.880000114440918,7.840000152587891,7.849999904632568,15000
2024-03-27,7.643092632293701,7.880000114440918,7.909999847412109,7.840000152587891,7.909999847412109,18800
2024-03-28,7.691588878631592,7.929999828338623,7.96999979019165,7.860000133514404,7.880000114440918,35800
2024-04-01,7.7109880447387695,7.949999809265137,7.989999771118164,7.929999828338623,7.989999771118164,17700
2024-04-02,7.594595432281494,7.829999923706055,7.869999885559082,7.829999923706055,7.869999885559082,13600
2024-04-03,7.594595432281494,7.829999923706055,7.849999904632568,7.809999942779541,7.849999904632568,16600
2024-04-04,7.584896087646484,7.820000171661377,7.889999866485596,7.820000171661377,7.889999866485596,5400
2024-04-05,7.5460991859436035,7.78000020980835,7.840000152587891,7.760000228881836,7.840000152587891,20000
2024-04-08,7.4976019859313965,7.730000019073486,7.78000020980835,7.730000019073486,7.78000020980835,17400
2024-04-09,7.487902641296387,7.71999979019165,7.800000190734863,7.71999979019165,7.760000228881836,28400
2024-04-10,7.439406394958496,7.670000076293945,7.690000057220459,7.639999866485596,7.690000057220459,34000
2024-04-11,7.439406394958496,7.670000076293945,7.71999979019165,7.610000133514404,7.71999979019165,4000
2024-04-12,7.323013782501221,7.550000190734863,7.590000152587891,7.550000190734863,7.579999923706055,16300
2024-04-15,7.35211181640625,7.579999923706055,7.630000114440918,7.570000171661377,7.570000171661377,10200
2024-04-16,7.274517059326172,7.5,7.539999961853027,7.489999771118164,7.53000020980835,31300
2024-04-17,7.313314437866211,7.539999961853027,7.550000190734863,7.5,7.539999961853027,30100
2024-04-18,7.274517059326172,7.5,7.519999980926514,7.5,7.510000228881836,4700
2024-04-19,7.313314437866211,7.539999961853027,7.570000171661377,7.53000020980835,7.550000190734863,14100
2024-04-22,7.3715105056762695,7.599999904632568,7.599999904632568,7.570000171661377,7.590000152587891,19400
2024-04-23,7.468503952026367,7.699999809265137,7.710000038146973,7.639999866485596,7.639999866485596,13200
2024-04-24,7.420007228851318,7.650000095367432,7.71999979019165,7.630000114440918,7.71999979019165,14000
2024-04-25,7.34241247177124,7.570000171661377,7.570000171661377,7.510000228881836,7.519999980926514,4400
2024-04-26,7.332712650299072,7.559999942779541,7.570000171661377,7.519999980926514,7.519999980926514,13500
2024-04-29,7.35211181640625,7.579999923706055,7.599999904632568,7.579999923706055,7.590000152587891,2500
2024-04-30,7.34241247177124,7.570000171661377,7.579999923706055,7.539999961853027,7.539999961853027,19000
2024-05-01,7.35211181640625,7.579999923706055,7.599999904632568,7.53000020980835,7.579999923706055,14000
2024-05-02,7.35211181640625,7.579999923706055,7.590000152587891,7.559999942779541,7.570000171661377,4000
2024-05-03,7.410307884216309,7.639999866485596,7.659999847412109,7.630000114440918,7.659999847412109,4600
2024-05-06,7.478203296661377,7.710000038146973,7.730000019073486,7.650000095367432,7.650000095367432,28200
2024-05-07,7.565497875213623,7.800000190734863,7.800000190734863,7.760000228881836,7.760000228881836,26600
2024-05-08,7.623693943023682,7.860000133514404,7.860000133514404,7.829999923706055,7.849999904632568,3500
2024-05-09,7.6624908447265625,7.900000095367432,7.909999847412109,7.880000114440918,7.880000114440918,7500
2024-05-10,7.70128870010376,7.940000057220459,7.940000057220459,7.880000114440918,7.920000076293945,33000
2024-05-13,7.691588878631592,7.929999828338623,7.96999979019165,7.929999828338623,7.949999809265137,4700
2024-05-14,7.730386257171631,7.96999979019165,8.0,7.96999979019165,8.0,33500
2024-05-15,7.759484767913818,8.0,8.020000457763672,7.96999979019165,8.0,51100
2024-05-16,7.769184589385986,8.010000228881836,8.050000190734863,7.849999904632568,8.029999732971191,31400
2024-05-17,7.827380180358887,8.069999694824219,8.079999923706055,8.029999732971191,8.029999732971191,18700
2024-05-20,7.798282146453857,8.039999961853027,8.069999694824219,8.020000457763672,8.020000457763672,17200
2024-05-21,7.798282146453857,8.039999961853027,8.0600004196167,8.020000457763672,8.020000457763672,18700
2024-05-22,7.740086078643799,7.980000019073486,8.020000457763672,7.96999979019165,8.010000228881836,37700
2024-05-23,7.730386257171631,7.96999979019165,8.029999732971191,7.96999979019165,8.029999732971191,24900
2024-05-24,7.778883934020996,8.020000457763672,8.050000190734863,7.989999771118164,8.010000228881836,14200
2024-05-28,7.6624908447265625,7.900000095367432,7.989999771118164,7.900000095367432,7.980000019073486,11400
2024-05-29,7.70128870010376,7.940000057220459,7.949999809265137,7.909999847412109,7.909999847412109,9100
2024-05-30,7.74978494644165,7.989999771118164,8.0,7.96999979019165,7.96999979019165,6200
2024-05-31,7.807981491088867,8.050000190734863,8.0600004196167,8.020000457763672,8.039999961853027,21700
2024-06-03,7.827380180358887,8.069999694824219,8.079999923706055,8.039999961853027,8.050000190734863,87400
2024-06-04,7.904974460601807,8.149999618530273,8.149999618530273,8.119999885559082,8.119999885559082,25200
2024-06-05,7.924373626708984,8.170000076293945,8.180000305175781,8.119999885559082,8.15999984741211,11500
2024-06-06,8.021367073059082,8.270000457763672,8.380000114440918,8.180000305175781,8.180000305175781,50400
2024-06-07,8.001969337463379,8.25,8.300000190734863,7.550000190734863,8.25,19000
2024-06-10,7.972870826721191,8.220000267028809,8.229999542236328,8.15999984741211,8.1899995803833,18100
2024-06-11,7.866177082061768,8.109999656677246,8.210000038146973,8.109999656677246,8.210000038146973,8400
2024-06-12,7.953472137451172,8.199999809265137,8.220000267028809,8.170000076293945,8.220000267028809,11400
2024-06-13,7.953472137451172,8.199999809265137,8.220000267028809,8.180000305175781,8.199999809265137,49300
2024-06-14,7.8952765464782715,8.140000343322754,8.180000305175781,8.109999656677246,8.180000305175781,9200
2024-06-17,7.8952765464782715,8.140000343322754,8.15999984741211,8.130000114440918,8.140000343322754,8400
2024-06-18,7.943568229675293,8.0600004196167,8.079999923706055,8.050000190734863,8.050000190734863,9500
2024-06-20,7.973134517669678,8.09000015258789,8.09000015258789,8.010000228881836,8.029999732971191,9200
2024-06-21,7.914000988006592,8.029999732971191,8.050000190734863,8.010000228881836,8.020000457763672,6300
2024-06-24,7.963278770446777,8.079999923706055,8.100000381469727,8.069999694824219,8.09000015258789,3600
2024-06-25,7.953423023223877,8.069999694824219,8.100000381469727,8.050000190734863,8.050000190734863,13900
2024-06-26,7.914000988006592,8.029999732971191,8.140000343322754,8.0,8.0,9500
2024-06-27,7.953423023223877,8.069999694824219,8.100000381469727,8.010000228881836,8.020000457763672,15900
2024-06-28,7.953423023223877,8.069999694824219,8.109999656677246,8.050000190734863,8.109999656677246,23700
2024-07-01,7.953423023223877,8.069999694824219,8.109999656677246,8.069999694824219,8.069999694824219,3900
2024-07-02,7.923856735229492,8.039999961853027,8.079999923706055,8.0,8.0,34100
2024-07-03,7.99284553527832,8.109999656677246,8.130000114440918,8.09000015258789,8.09000015258789,4300
2024-07-05,8.032267570495605,8.149999618530273,8.15999984741211,8.149999618530273,8.15999984741211,3100
2024-07-08,8.042122840881348,8.15999984741211,8.199999809265137,8.119999885559082,8.180000305175781,54100
2024-07-09,8.061834335327148,8.180000305175781,8.1899995803833,8.170000076293945,8.1899995803833,5800
2024-07-10,8.120967864990234,8.239999771118164,8.260000228881836,8.15999984741211,8.15999984741211,32500
2024-07-11,8.199811935424805,8.319999694824219,8.350000381469727,8.289999961853027,8.289999961853027,17700
2024-07-12,8.31807804107666,8.4399995803833,8.470000267028809,8.350000381469727,8.40999984741211,21300
2024-07-15,8.25894546508789,8.380000114440918,8.4399995803833,8.380000114440918,8.4399995803833,17500
2024-07-16,8.278656005859375,8.399999618530273,8.430000305175781,8.329999923706055,8.329999923706055,20600
2024-07-17,8.327934265136719,8.449999809265137,8.479999542236328,8.40999984741211,8.40999984741211,10300
2024-07-18,8.31807804107666,8.4399995803833,8.479999542236328,8.4399995803833,8.479999542236328,20500
2024-07-19,8.337789535522461,8.460000038146973,8.479999542236328,8.449999809265137,8.479999542236328,12300
2024-07-22,8.357500076293945,8.479999542236328,8.479999542236328,8.4399995803833,8.4399995803833,14900
2024-07-23,8.31807804107666,8.4399995803833,8.470000267028809,8.4399995803833,8.460000038146973,9000
2024-07-24,8.337789535522461,8.460000038146973,8.529999732971191,8.420000076293945,8.479999542236328,23800
2024-07-25,8.25894546508789,8.380000114440918,8.420000076293945,8.180000305175781,8.369999885559082,11700
2024-07-26,8.367356300354004,8.489999771118164,8.5,8.390000343322754,8.390000343322754,13000
2024-07-29,8.327934265136719,8.449999809265137,8.449999809265137,8.369999885559082,8.449999809265137,12900
2024-07-30,8.377211570739746,8.5,8.529999732971191,8.489999771118164,8.510000228881836,2200
2024-07-31,8.396923065185547,8.520000457763672,8.579999923706055,8.510000228881836,8.529999732971191,10600
2024-08-01,8.387067794799805,8.510000228881836,8.550000190734863,8.489999771118164,8.510000228881836,27700
2024-08-02,8.396923065185547,8.520000457763672,8.539999961853027,8.460000038146973,8.539999961853027,9000
2024-08-05,8.189956665039062,8.3100004196167,8.34000015258789,8.279999732971191,8.34000015258789,5200
2024-08-06,8.26880168914795,8.390000343322754,8.4399995803833,8.300000190734863,8.3100004196167,77600
2024-08-07,8.25894546508789,8.380000114440918,8.460000038146973,8.380000114440918,8.430000305175781,2600
2024-08-08,8.34764575958252,8.470000267028809,8.479999542236328,8.4399995803833,8.4399995803833,3100
2024-08-09,8.367356300354004,8.489999771118164,8.489999771118164,8.4399995803833,8.4399995803833,2800
2024-08-12,8.308223724365234,8.430000305175781,8.4399995803833,8.40999984741211,8.4399995803833,8800
2024-08-13,8.396923065185547,8.520000457763672,8.5600004196167,8.40999984741211,8.40999984741211,68100
2024-08-14,8.465911865234375,8.59000015258789,8.59000015258789,8.550000190734863,8.550000190734863,2200
2024-08-15,8.416633605957031,8.539999961853027,8.619999885559082,8.539999961853027,8.619999885559082,2800
2024-08-16,8.48562240600586,8.609999656677246,8.619999885559082,8.550000190734863,8.550000190734863,6600
2024-08-19,8.554612159729004,8.680000305175781,8.6899995803833,8.489999771118164,8.630000114440918,11100
2024-08-20,8.633456230163574,8.760000228881836,8.770000457763672,8.720000267028809,8.720000267028809,4100
2024-08-21,8.525044441223145,8.649999618530273,8.75,8.640000343322754,8.75,77800
2024-08-22,8.594034194946289,8.720000267028809,8.8100004196167,8.699999809265137,8.75,32900
2024-08-23,8.722156524658203,8.850000381469727,8.880000114440918,8.729999542236328,8.739999771118164,49000
2024-08-26,8.722156524658203,8.850000381469727,8.880000114440918,8.800000190734863,8.800000190734863,56100
2024-08-27,8.761578559875488,8.890000343322754,8.90999984741211,8.869999885559082,8.869999885559082,34500
2024-08-28,8.771432876586914,8.899999618530273,8.920000076293945,8.859999656677246,8.90999984741211,11300
2024-08-29,8.791144371032715,8.920000076293945,8.949999809265137,8.890000343322754,8.90999984741211,22800
2024-08-30,8.801000595092773,8.930000305175781,8.930000305175781,8.899999618530273,8.899999618530273,6500
2024-09-03,8.8108549118042,8.9399995803833,9.020000457763672,8.930000305175781,9.0,59300
2024-09-04,8.771432876586914,8.899999618530273,8.920000076293945,8.869999885559082,8.890000343322754,9700
2024-09-05,8.682734489440918,8.8100004196167,8.850000381469727,8.800000190734863,8.850000381469727,9400
2024-09-06,8.515190124511719,8.640000343322754,8.819999694824219,8.59000015258789,8.789999961853027,18600
2024-09-09,8.603888511657715,8.729999542236328,8.729999542236328,8.65999984741211,8.65999984741211,9900
2024-09-10,8.633456230163574,8.760000228881836,8.779999732971191,8.680000305175781,8.75,15000
2024-09-11,8.643312454223633,8.770000457763672,8.779999732971191,8.630000114440918,8.670000076293945,59900
2024-09-12,8.67287826538086,8.800000190734863,8.8100004196167,8.710000038146973,8.770000457763672,8100
2024-09-13,8.722156524658203,8.850000381469727,8.859999656677246,8.8100004196167,8.819999694824219,15400
2024-09-16,8.840422630310059,8.970000267028809,9.0,8.710000038146973,8.869999885559082,15000
2024-09-17,8.791144371032715,8.920000076293945,8.979999542236328,8.789999961853027,8.979999542236328,28500
2024-09-18,8.801000595092773,8.930000305175781,8.930000305175781,8.869999885559082,8.920000076293945,13900
2024-09-19,8.90999984741211,8.90999984741211,8.90999984741211,8.850000381469727,8.869999885559082,17400
2024-09-20,8.789999961853027,8.789999961853027,8.829999923706055,8.739999771118164,8.800000190734863,9500
2024-09-23,8.859999656677246,8.859999656677246,8.859999656677246,8.8100004196167,8.8100004196167,45200
2024-09-24,8.8100004196167,8.8100004196167,8.90999984741211,8.789999961853027,8.90999984741211,5200
2024-09-25,8.779999732971191,8.779999732971191,8.789999961853027,8.779999732971191,8.779999732971191,3700
2024-09-26,8.90999984741211,8.90999984741211,8.930000305175781,8.760000228881836,8.859999656677246,7300
2024-09-27,9.029999732971191,9.029999732971191,9.119999885559082,9.020000457763672,9.050000190734863,25300
2024-09-30,8.949999809265137,8.949999809265137,9.140000343322754,8.930000305175781,9.09000015258789,24900
2024-10-01,8.930000305175781,8.930000305175781,8.970000267028809,8.920000076293945,8.970000267028809,12800
2024-10-02,8.899999618530273,8.899999618530273,8.899999618530273,8.850000381469727,8.869999885559082,17700
2024-10-03,8.819999694824219,8.819999694824219,8.850000381469727,8.800000190734863,8.800000190734863,6600
2024-10-04,8.760000228881836,8.760000228881836,8.770000457763672,8.460000038146973,8.75,10300
2024-10-07,8.75,8.75,8.770000457763672,8.729999542236328,8.729999542236328,3100
2024-10-08,8.729999542236328,8.729999542236328,8.8100004196167,8.699999809265137,8.8100004196167,29100
2024-10-09,8.739999771118164,8.739999771118164,8.75,8.640000343322754,8.6899995803833,12300
2024-10-10,8.699999809265137,8.699999809265137,8.729999542236328,8.600000381469727,8.729999542236328,19400
2024-10-11,8.75,8.75,8.779999732971191,8.720000267028809,8.720000267028809,4700
2024-10-14,8.760000228881836,8.760000228881836,8.770000457763672,8.710000038146973,8.710000038146973,31400
2024-10-15,8.680000305175781,8.680000305175781,8.770000457763672,8.670000076293945,8.720000267028809,4500
2024-10-16,8.6899995803833,8.6899995803833,8.729999542236328,8.680000305175781,8.699999809265137,3400
2024-10-17,8.670000076293945,8.670000076293945,8.75,8.65999984741211,8.739999771118164,7000
2024-10-18,8.619999885559082,8.619999885559082,8.699999809265137,8.619999885559082,8.619999885559082,43500
2024-10-21,8.569999694824219,8.569999694824219,8.699999809265137,8.569999694824219,8.609999656677246,37400
2024-10-22,8.510000228881836,8.510000228881836,8.59000015258789,8.5,8.569999694824219,8400
2024-10-23,8.4399995803833,8.4399995803833,8.720000267028809,8.430000305175781,8.4399995803833,40300
2024-10-24,8.449999809265137,8.449999809265137,8.479999542236328,8.4399995803833,8.4399995803833,26200
2024-10-25,8.4399995803833,8.4399995803833,8.470000267028809,8.399999618530273,8.470000267028809,8400
2024-10-28,8.460000038146973,8.460000038146973,8.520000457763672,8.449999809265137,8.520000457763672,22000
2024-10-29,8.289999961853027,8.289999961853027,8.369999885559082,8.25,8.329999923706055,52700
2024-10-30,8.1899995803833,8.1899995803833,8.359999656677246,8.180000305175781,8.359999656677246,115400
2024-10-31,8.109999656677246,8.109999656677246,8.170000076293945,8.079999923706055,8.170000076293945,20100
2024-11-01,8.199999809265137,8.199999809265137,8.229999542236328,8.130000114440918,8.130000114440918,94900
2024-11-04,8.210000038146973,8.210000038146973,8.270000457763672,8.1899995803833,8.270000457763672,3200
2024-11-05,8.220000267028809,8.220000267028809,8.239999771118164,8.210000038146973,8.210000038146973,9400
2024-11-06,8.039999961853027,8.039999961853027,8.4399995803833,8.029999732971191,8.130000114440918,25100
2024-11-07,8.149999618530273,8.149999618530273,8.220000267028809,8.109999656677246,8.109999656677246,30400
2024-11-08,8.039999961853027,8.039999961853027,8.100000381469727,8.029999732971191,8.069999694824219,19000
2024-11-11,8.100000381469727,8.100000381469727,8.140000343322754,8.0600004196167,8.079999923706055,32700
2024-11-12,7.940000057220459,7.940000057220459,8.130000114440918,7.820000171661377,8.039999961853027,58300
2024-11-13,7.909999847412109,7.909999847412109,7.949999809265137,7.909999847412109,7.909999847412109,23500
2024-11-14,7.909999847412109,7.909999847412109,7.949999809265137,7.909999847412109,7.949999809265137,15500
2024-11-15,7.869999885559082,7.869999885559082,7.909999847412109,7.849999904632568,7.900000095367432,18300
2024-11-18,7.880000114440918,7.880000114440918,7.880000114440918,7.829999923706055,7.829999923706055,19700
2024-11-19,7.809999942779541,7.809999942779541,7.820000171661377,7.78000020980835,7.820000171661377,42200
2024-11-20,7.800000190734863,7.800000190734863,7.849999904632568,7.769999980926514,7.809999942779541,11600
2024-11-21,7.820000171661377,7.820000171661377,7.820000171661377,7.78000020980835,7.78000020980835,14700
2024-11-22,7.800000190734863,7.800000190734863,7.869999885559082,7.800000190734863,7.869999885559082,30000
2024-11-25,7.809999942779541,7.809999942779541,7.889999866485596,7.679999828338623,7.869999885559082,58900
2024-11-26,7.769999980926514,7.769999980926514,7.809999942779541,7.71999979019165,7.760000228881836,31100
2024-11-27,7.800000190734863,7.800000190734863,7.809999942779541,7.78000020980835,7.809999942779541,15700
2024-11-29,7.880000114440918,7.880000114440918,7.889999866485596,7.849999904632568,7.849999904632568,10900
2024-12-02,7.900000095367432,7.900000095367432,7.929999828338623,7.820000171661377,7.849999904632568,32400
2024-12-03,7.889999866485596,7.889999866485596,7.909999847412109,7.889999866485596,7.889999866485596,9900
2024-12-04,7.909999847412109,7.909999847412109,7.940000057220459,7.880000114440918,7.880000114440918,46200
2024-12-05,7.900000095367432,7.900000095367432,7.920000076293945,7.889999866485596,7.909999847412109,14400
2024-12-06,7.929999828338623,7.929999828338623,7.940000057220459,7.920000076293945,7.929999828338623,23300
2024-12-09,7.96999979019165,7.96999979019165,7.980000019073486,7.940000057220459,7.940000057220459,18600
2024-12-10,7.860000133514404,7.860000133514404,7.940000057220459,7.860000133514404,7.940000057220459,22900
2024-12-11,7.949999809265137,7.949999809265137,7.949999809265137,7.909999847412109,7.909999847412109,30200
2024-12-12,7.829999923706055,7.829999923706055,7.920000076293945,7.829999923706055,7.889999866485596,22600
2024-12-13,7.860000133514404,7.860000133514404,7.909999847412109,7.829999923706055,7.869999885559082,16100
