Date,Adj Close,Close,High,Low,Open,Volume
2018-05-10,36.349998474121094,36.349998474121094,36.650001525878906,35.0,35.0,53800
2018-05-11,33.849998474121094,33.849998474121094,36.650001525878906,33.400001525878906,36.459999084472656,180600
2018-05-14,33.18000030517578,33.18000030517578,34.31999969482422,32.75,33.849998474121094,157200
2018-05-15,32.790000915527344,32.790000915527344,34.38999938964844,32.70000076293945,33.349998474121094,285800
2018-05-16,32.38999938964844,32.38999938964844,33.47999954223633,32.189998626708984,32.810001373291016,208200
2018-05-17,32.65999984741211,32.65999984741211,33.70000076293945,32.099998474121094,33.70000076293945,203400
2018-05-18,32.959999084472656,32.959999084472656,33.900001525878906,32.650001525878906,33.09000015258789,168400
2018-05-21,33.619998931884766,33.619998931884766,33.75,32.869998931884766,32.9900016784668,108700
2018-05-22,33.41999816894531,33.41999816894531,34.1349983215332,33.02000045776367,33.72999954223633,195500
2018-05-23,32.08000183105469,32.08000183105469,33.33000183105469,31.649999618530273,33.20000076293945,172700
2018-05-24,32.130001068115234,32.130001068115234,32.34000015258789,31.010000228881836,31.850000381469727,183800
2018-05-25,32.119998931884766,32.119998931884766,32.650001525878906,31.25,32.18000030517578,168400
2018-05-29,32.150001525878906,32.150001525878906,32.41999816894531,31.25,31.799999237060547,170900
2018-05-30,33.47999954223633,33.47999954223633,34.0,32.130001068115234,32.40999984741211,336200
2018-05-31,32.119998931884766,32.119998931884766,34.20000076293945,31.790000915527344,33.400001525878906,204500
2018-06-01,32.90999984741211,32.90999984741211,33.2400016784668,31.954999923706055,32.41999816894531,120400
2018-06-04,31.469999313354492,31.469999313354492,33.630001068115234,31.131000518798828,32.88999938964844,161500
2018-06-05,31.40999984741211,31.40999984741211,31.979999542236328,31.030000686645508,31.399999618530273,103600
2018-06-06,31.3700008392334,31.3700008392334,31.8799991607666,31.0,31.389999389648438,134700
2018-06-07,31.940000534057617,31.940000534057617,32.150001525878906,31.350000381469727,31.350000381469727,75800
2018-06-08,31.440000534057617,31.440000534057617,32.36000061035156,31.260000228881836,31.940000534057617,123000
2018-06-11,32.099998474121094,32.099998474121094,32.31999969482422,31.06999969482422,31.559999465942383,221500
2018-06-12,32.25,32.25,33.0,31.985000610351562,32.11000061035156,180400
2018-06-13,33.11000061035156,33.11000061035156,33.2400016784668,32.31999969482422,32.34000015258789,216400
2018-06-14,33.25,33.25,34.11000061035156,32.75,33.16999816894531,207400
2018-06-15,32.9900016784668,32.9900016784668,33.7400016784668,32.650001525878906,33.119998931884766,578100
2018-06-18,32.779998779296875,32.779998779296875,34.150001525878906,32.314998626708984,33.150001525878906,255500
2018-06-19,32.779998779296875,32.779998779296875,33.11000061035156,32.25,32.779998779296875,163000
2018-06-20,32.45000076293945,32.45000076293945,32.970001220703125,31.820999145507812,32.900001525878906,183400
2018-06-21,30.790000915527344,30.790000915527344,32.720001220703125,30.604999542236328,32.33000183105469,264800
2018-06-22,33.2599983215332,33.2599983215332,33.650001525878906,31.649999618530273,31.709999084472656,307500
2018-06-25,32.939998626708984,32.939998626708984,33.38999938964844,32.0,33.06999969482422,105700
2018-06-26,33.630001068115234,33.630001068115234,34.130001068115234,32.459999084472656,33.150001525878906,85900
2018-06-27,33.650001525878906,33.650001525878906,34.5,33.5099983215332,33.869998931884766,90000
2018-06-28,32.43000030517578,32.43000030517578,33.4900016784668,32.25,33.4900016784668,100300
2018-06-29,32.130001068115234,32.130001068115234,33.380001068115234,32.0,32.459999084472656,159800
2018-07-02,32.150001525878906,32.150001525878906,32.25400161743164,31.260000228881836,31.260000228881836,48600
2018-07-03,33.150001525878906,33.150001525878906,33.650001525878906,32.5,33.13999938964844,56900
2018-07-05,33.18000030517578,33.18000030517578,33.650001525878906,32.75,33.2400016784668,85700
2018-07-06,34.06999969482422,34.06999969482422,34.06999969482422,32.459999084472656,32.459999084472656,49700
2018-07-09,35.209999084472656,35.209999084472656,35.220001220703125,34.209999084472656,34.310001373291016,74300
2018-07-10,34.7400016784668,34.7400016784668,35.77000045776367,34.56999969482422,35.77000045776367,110200
2018-07-11,33.7599983215332,33.7599983215332,34.90999984741211,33.68000030517578,34.060001373291016,45900
2018-07-12,33.400001525878906,33.400001525878906,34.01499938964844,33.040000915527344,34.0,90900
2018-07-13,33.189998626708984,33.189998626708984,33.959999084472656,33.029998779296875,33.220001220703125,39800
2018-07-16,32.529998779296875,32.529998779296875,33.23899841308594,32.220001220703125,32.650001525878906,62400
2018-07-17,32.40999984741211,32.40999984741211,32.790000915527344,32.13999938964844,32.38999938964844,32700
2018-07-18,33.09000015258789,33.09000015258789,33.15999984741211,31.700000762939453,32.11000061035156,89200
2018-07-19,34.11000061035156,34.11000061035156,34.25,32.349998474121094,32.349998474121094,115100
2018-07-20,34.54999923706055,34.54999923706055,34.630001068115234,33.7400016784668,34.529998779296875,91900
2018-07-23,34.939998626708984,34.939998626708984,34.95000076293945,34.040000915527344,34.63999938964844,62700
2018-07-24,35.27000045776367,35.27000045776367,35.650001525878906,34.720001220703125,35.0,130500
2018-07-25,35.369998931884766,35.369998931884766,35.61000061035156,34.650001525878906,35.36000061035156,66600
2018-07-26,35.470001220703125,35.470001220703125,35.650001525878906,34.880001068115234,35.40999984741211,63300
2018-07-27,34.25,34.25,35.5099983215332,34.0,35.5099983215332,60500
2018-07-30,36.90999984741211,36.90999984741211,36.9900016784668,34.380001068115234,34.91999816894531,136700
2018-07-31,37.13999938964844,37.13999938964844,37.34000015258789,35.84000015258789,36.79999923706055,142500
2018-08-01,36.83000183105469,36.83000183105469,37.13999938964844,36.15999984741211,36.45000076293945,46500
2018-08-02,37.470001220703125,37.470001220703125,37.58000183105469,36.375,36.459999084472656,64600
2018-08-03,36.91999816894531,36.91999816894531,37.63999938964844,36.75,37.52000045776367,45500
2018-08-06,37.09000015258789,37.09000015258789,37.400001525878906,36.77000045776367,37.380001068115234,76200
2018-08-07,35.84000015258789,35.84000015258789,37.599998474121094,35.650001525878906,37.5,95200
2018-08-08,35.279998779296875,35.279998779296875,36.38999938964844,34.7599983215332,35.75,93500
2018-08-09,34.290000915527344,34.290000915527344,36.0,34.0099983215332,35.279998779296875,80900
2018-08-10,33.95000076293945,33.95000076293945,34.959999084472656,33.779998779296875,34.290000915527344,35300
2018-08-13,32.45000076293945,32.45000076293945,33.849998474121094,32.0,33.849998474121094,93100
2018-08-14,32.45000076293945,32.45000076293945,33.290000915527344,32.08000183105469,32.689998626708984,86100
2018-08-15,31.3700008392334,31.3700008392334,32.525001525878906,30.799999237060547,31.6200008392334,133600
2018-08-16,31.010000228881836,31.010000228881836,31.915000915527344,30.940000534057617,31.540000915527344,85700
2018-08-17,31.440000534057617,31.440000534057617,31.889999389648438,31.0,31.030000686645508,59500
2018-08-20,30.329999923706055,30.329999923706055,31.610000610351562,30.260000228881836,31.540000915527344,133900
2018-08-21,30.360000610351562,30.360000610351562,31.459999084472656,30.270000457763672,31.200000762939453,79400
2018-08-22,30.969999313354492,30.969999313354492,31.170000076293945,30.280000686645508,30.329999923706055,112500
2018-08-23,30.81999969482422,30.81999969482422,31.079999923706055,30.540000915527344,30.920000076293945,182500
2018-08-24,30.860000610351562,30.860000610351562,31.579999923706055,30.719999313354492,31.3799991607666,127900
2018-08-27,33.630001068115234,33.630001068115234,34.0,30.969999313354492,31.149999618530273,235900
2018-08-28,33.83000183105469,33.83000183105469,34.209999084472656,33.31999969482422,33.84000015258789,194700
2018-08-29,34.16999816894531,34.16999816894531,34.599998474121094,33.84000015258789,34.5,101500
2018-08-30,34.310001373291016,34.310001373291016,34.59000015258789,33.68000030517578,34.209999084472656,106100
2018-08-31,34.52000045776367,34.52000045776367,34.63999938964844,33.40999984741211,33.970001220703125,161800
2018-09-04,33.40999984741211,33.40999984741211,34.599998474121094,33.2400016784668,34.59000015258789,114200
2018-09-05,33.939998626708984,33.939998626708984,34.2130012512207,33.0,33.349998474121094,452300
2018-09-06,33.79999923706055,33.79999923706055,34.47999954223633,33.71500015258789,34.15999984741211,219300
2018-09-07,34.41999816894531,34.41999816894531,34.48500061035156,33.11000061035156,33.11000061035156,180300
2018-09-10,35.06999969482422,35.06999969482422,35.31999969482422,34.529998779296875,34.72999954223633,200900
2018-09-11,35.470001220703125,35.470001220703125,36.0,34.849998474121094,35.06999969482422,195300
2018-09-12,36.040000915527344,36.040000915527344,36.459999084472656,35.09000015258789,36.459999084472656,306100
2018-09-13,34.439998626708984,34.439998626708984,36.209999084472656,34.22999954223633,36.20000076293945,187500
2018-09-14,34.84000015258789,34.84000015258789,35.459999084472656,34.16999816894531,34.16999816894531,142500
2018-09-17,32.619998931884766,32.619998931884766,35.54999923706055,32.59000015258789,35.54999923706055,105300
2018-09-18,31.950000762939453,31.950000762939453,33.13999938964844,31.68000030517578,32.90999984741211,95600
2018-09-19,32.5,32.5,32.849998474121094,31.8700008392334,32.25,107000
2018-09-20,31.170000076293945,31.170000076293945,32.959999084472656,31.049999237060547,32.63999938964844,155100
2018-09-21,31.600000381469727,31.600000381469727,32.04999923706055,31.190000534057617,31.489999771118164,443100
2018-09-24,32.540000915527344,32.540000915527344,32.630001068115234,31.25,31.8700008392334,126200
2018-09-25,32.529998779296875,32.529998779296875,33.189998626708984,32.37099838256836,32.7400016784668,92600
2018-09-26,32.15999984741211,32.15999984741211,32.869998931884766,31.799999237060547,31.799999237060547,69800
2018-09-27,32.27000045776367,32.27000045776367,32.599998474121094,32.01499938964844,32.56999969482422,52700
2018-09-28,32.81999969482422,32.81999969482422,33.689998626708984,32.029998779296875,32.209999084472656,111800
2018-10-01,33.630001068115234,33.630001068115234,33.70000076293945,32.64400100708008,33.029998779296875,220100
2018-10-02,33.29999923706055,33.29999923706055,33.70000076293945,33.04999923706055,33.63999938964844,65400
2018-10-03,33.83000183105469,33.83000183105469,34.279998779296875,33.15999984741211,33.15999984741211,155500
2018-10-04,33.33000183105469,33.33000183105469,33.70000076293945,33.060001373291016,33.61000061035156,92100
2018-10-05,33.439998626708984,33.439998626708984,33.630001068115234,33.04999923706055,33.349998474121094,70800
2018-10-08,33.16999816894531,33.16999816894531,33.630001068115234,33.040000915527344,33.400001525878906,108300
2018-10-09,33.2599983215332,33.2599983215332,34.0,33.0099983215332,33.189998626708984,161500
2018-10-10,31.940000534057617,31.940000534057617,33.900001525878906,31.899999618530273,33.18000030517578,166200
2018-10-11,30.84000015258789,30.84000015258789,31.809999465942383,30.549999237060547,31.260000228881836,169100
2018-10-12,31.190000534057617,31.190000534057617,31.559999465942383,30.905000686645508,31.559999465942383,85300
2018-10-15,31.18000030517578,31.18000030517578,31.8700008392334,30.8700008392334,31.8700008392334,39200
2018-10-16,31.3799991607666,31.3799991607666,31.950000762939453,31.280000686645508,31.790000915527344,68400
2018-10-17,29.829999923706055,29.829999923706055,31.34000015258789,28.780000686645508,31.34000015258789,197800
2018-10-18,29.200000762939453,29.200000762939453,29.614999771118164,28.389999389648438,29.190000534057617,210500
2018-10-19,29.549999237060547,29.549999237060547,29.75,29.059999465942383,29.059999465942383,167800
2018-10-22,29.959999084472656,29.959999084472656,30.5,29.020000457763672,29.510000228881836,156700
2018-10-23,29.149999618530273,29.149999618530273,29.520000457763672,28.485000610351562,28.829999923706055,126700
2018-10-24,27.190000534057617,27.190000534057617,29.790000915527344,27.139999389648438,29.790000915527344,164900
2018-10-25,27.469999313354492,27.469999313354492,28.25,27.25,27.850000381469727,142400
2018-10-26,26.610000610351562,26.610000610351562,27.31999969482422,26.3700008392334,27.100000381469727,170000
2018-10-29,25.31999969482422,25.31999969482422,26.959999084472656,24.889999389648438,26.959999084472656,146200
2018-10-30,25.450000762939453,25.450000762939453,25.809999465942383,24.639999389648438,25.1200008392334,130100
2018-10-31,26.059999465942383,26.059999465942383,26.75,25.649999618530273,25.8700008392334,129100
2018-11-01,26.059999465942383,26.059999465942383,26.950000762939453,25.969999313354492,26.219999313354492,81500
2018-11-02,24.969999313354492,24.969999313354492,26.43000030517578,24.81999969482422,25.940000534057617,107700
2018-11-05,25.3799991607666,25.3799991607666,25.93000030517578,24.760000228881836,25.81999969482422,87200
2018-11-06,25.59000015258789,25.59000015258789,27.059999465942383,25.290000915527344,25.290000915527344,147700
2018-11-07,24.420000076293945,24.420000076293945,26.6200008392334,24.100000381469727,25.809999465942383,119000
2018-11-08,23.520000457763672,23.520000457763672,24.530000686645508,23.440000534057617,24.270000457763672,108800
2018-11-09,22.809999465942383,22.809999465942383,23.43600082397461,21.90999984741211,23.1299991607666,199000
2018-11-12,22.510000228881836,22.510000228881836,23.75,22.479999542236328,23.719999313354492,125700
2018-11-13,21.719999313354492,21.719999313354492,22.719999313354492,21.5,22.479999542236328,94500
2018-11-14,21.579999923706055,21.579999923706055,22.690000534057617,21.469999313354492,22.200000762939453,110100
2018-11-15,21.90999984741211,21.90999984741211,22.270000457763672,21.31999969482422,21.6200008392334,84000
2018-11-16,21.389999389648438,21.389999389648438,22.25,21.040000915527344,22.25,108700
2018-11-19,21.290000915527344,21.290000915527344,21.700000762939453,20.6200008392334,20.6200008392334,116900
2018-11-20,18.8700008392334,18.8700008392334,20.8700008392334,17.8799991607666,20.81999969482422,309700
2018-11-21,19.6200008392334,19.6200008392334,20.139999389648438,19.049999237060547,19.3799991607666,207300
2018-11-23,19.3700008392334,19.3700008392334,19.520000457763672,18.34000015258789,18.510000228881836,78400
2018-11-26,19.639999389648438,19.639999389648438,19.85099983215332,18.950000762939453,19.469999313354492,195500
2018-11-27,19.139999389648438,19.139999389648438,19.75,18.860000610351562,19.489999771118164,126200
2018-11-28,19.559999465942383,19.559999465942383,19.700000762939453,18.579999923706055,18.579999923706055,149200
2018-11-29,19.579999923706055,19.579999923706055,20.209999084472656,19.469999313354492,19.979999542236328,43800
2018-11-30,19.31999969482422,19.31999969482422,19.489999771118164,18.989999771118164,19.1200008392334,114600
2018-12-03,20.65999984741211,20.65999984741211,20.719999313354492,19.829999923706055,19.989999771118164,207000
2018-12-04,19.489999771118164,19.489999771118164,20.6299991607666,19.280000686645508,20.6299991607666,122600
2018-12-06,19.329999923706055,19.329999923706055,19.610000610351562,18.420000076293945,18.420000076293945,172500
2018-12-07,19.329999923706055,19.329999923706055,20.020000457763672,19.110000610351562,19.799999237060547,106500
2018-12-10,18.25,18.25,18.940000534057617,17.829999923706055,18.799999237060547,114000
2018-12-11,18.719999313354492,18.719999313354492,19.260000228881836,18.200000762939453,19.260000228881836,188700
2018-12-12,19.260000228881836,19.260000228881836,19.860000610351562,19.020000457763672,19.780000686645508,106600
2018-12-13,18.40999984741211,18.40999984741211,19.530000686645508,18.200000762939453,19.530000686645508,151000
2018-12-14,18.110000610351562,18.110000610351562,18.559999465942383,17.940000534057617,18.34000015258789,133900
2018-12-17,17.559999465942383,17.559999465942383,18.559999465942383,17.43000030517578,17.93000030517578,157800
2018-12-18,16.670000076293945,16.670000076293945,17.6200008392334,16.649999618530273,17.6200008392334,137400
2018-12-19,16.360000610351562,16.360000610351562,17.260000228881836,16.280000686645508,17.15999984741211,217400
2018-12-20,15.65999984741211,15.65999984741211,16.530000686645508,15.59000015258789,15.779999732971191,137000
2018-12-21,15.100000381469727,15.100000381469727,15.819999694824219,14.8100004196167,15.369999885559082,466000
2018-12-24,14.920000076293945,14.920000076293945,15.300000190734863,14.600000381469727,14.600000381469727,58900
2018-12-26,16.739999771118164,16.739999771118164,16.81999969482422,14.680000305175781,14.770000457763672,193500
2018-12-27,16.68000030517578,16.68000030517578,17.0,16.030000686645508,16.229999542236328,109300
2018-12-28,16.399999618530273,16.399999618530273,16.989999771118164,16.3700008392334,16.440000534057617,103100
2018-12-31,16.31999969482422,16.31999969482422,16.889999389648438,15.819999694824219,16.709999084472656,96100
2019-01-02,17.350000381469727,17.350000381469727,17.520000457763672,15.420000076293945,15.420000076293945,100300
2019-01-03,17.3799991607666,17.3799991607666,18.219999313354492,17.09000015258789,17.610000610351562,90100
2019-01-04,18.600000381469727,18.600000381469727,18.6200008392334,17.510000228881836,18.520000457763672,79500
2019-01-07,18.940000534057617,18.940000534057617,19.489999771118164,18.239999771118164,19.489999771118164,85700
2019-01-08,19.280000686645508,19.280000686645508,19.350000381469727,18.760000228881836,19.239999771118164,131400
2019-01-09,19.56999969482422,19.56999969482422,19.700000762939453,19.170000076293945,19.700000762939453,120800
2019-01-10,19.6200008392334,19.6200008392334,19.899999618530273,18.8799991607666,19.350000381469727,126600
2019-01-11,18.81999969482422,18.81999969482422,19.469999313354492,18.59000015258789,19.469999313354492,87300
2019-01-14,18.649999618530273,18.649999618530273,19.0049991607666,18.420000076293945,18.559999465942383,137600
2019-01-15,18.799999237060547,18.799999237060547,19.110000610351562,18.610000610351562,19.079999923706055,152200
2019-01-16,20.270000457763672,20.270000457763672,20.610000610351562,18.90999984741211,18.90999984741211,220000
2019-01-17,20.809999465942383,20.809999465942383,20.81999969482422,19.739999771118164,19.739999771118164,162400
2019-01-18,21.219999313354492,21.219999313354492,21.510000228881836,20.649999618530273,21.040000915527344,213300
2019-01-22,20.5,20.5,21.25,20.190000534057617,21.239999771118164,155500
2019-01-23,20.559999465942383,20.559999465942383,21.020000457763672,20.110000610351562,20.68000030517578,107100
2019-01-24,21.329999923706055,21.329999923706055,21.3700008392334,20.219999313354492,20.90999984741211,116700
2019-01-25,20.139999389648438,20.139999389648438,21.65999984741211,20.09000015258789,21.3700008392334,114300
2019-01-28,19.25,19.25,19.690000534057617,18.649999618530273,19.690000534057617,110100
2019-01-29,18.979999542236328,18.979999542236328,19.860000610351562,18.65999984741211,19.860000610351562,111300
2019-01-30,19.489999771118164,19.489999771118164,19.579999923706055,18.809999465942383,19.530000686645508,162100
2019-01-31,19.100000381469727,19.100000381469727,19.530000686645508,18.309999465942383,19.459999084472656,177900
2019-02-01,19.780000686645508,19.780000686645508,19.989999771118164,19.110000610351562,19.110000610351562,135600
2019-02-04,20.040000915527344,20.040000915527344,20.049999237060547,19.100000381469727,19.40999984741211,137000
2019-02-05,20.420000076293945,20.420000076293945,20.600000381469727,19.940000534057617,19.940000534057617,165700
2019-02-06,20.170000076293945,20.170000076293945,20.549999237060547,20.110000610351562,20.360000610351562,80000
2019-02-07,18.770000457763672,18.770000457763672,20.040000915527344,18.704999923706055,19.959999084472656,86000
2019-02-08,18.709999084472656,18.709999084472656,18.760000228881836,18.43000030517578,18.709999084472656,93800
2019-02-11,19.399999618530273,19.399999618530273,19.440000534057617,18.329999923706055,18.329999923706055,100800
2019-02-12,20.0,20.0,20.34000015258789,19.59000015258789,20.34000015258789,105900
2019-02-13,20.68000030517578,20.68000030517578,20.690000534057617,20.049999237060547,20.690000534057617,149000
2019-02-14,21.030000686645508,21.030000686645508,21.270000457763672,20.489999771118164,20.489999771118164,156100
2019-02-15,21.860000610351562,21.860000610351562,21.8799991607666,21.200000762939453,21.43000030517578,97300
2019-02-19,21.979999542236328,21.979999542236328,22.149999618530273,21.239999771118164,21.700000762939453,192100
2019-02-20,22.690000534057617,22.690000534057617,22.799999237060547,21.950000762939453,21.950000762939453,111000
2019-02-21,22.540000915527344,22.540000915527344,22.940000534057617,22.350000381469727,22.700000762939453,164800
2019-02-22,23.010000228881836,23.010000228881836,23.1200008392334,22.420000076293945,22.81999969482422,133900
2019-02-25,22.90999984741211,22.90999984741211,23.334999084472656,22.34000015258789,22.34000015258789,85900
2019-02-26,22.399999618530273,22.399999618530273,23.399999618530273,22.079999923706055,22.75,167900
2019-02-27,22.700000762939453,22.700000762939453,23.170000076293945,22.489999771118164,22.530000686645508,122500
2019-02-28,22.450000762939453,22.450000762939453,22.729999542236328,22.149999618530273,22.729999542236328,123000
2019-03-01,23.3799991607666,23.3799991607666,23.389999389648438,22.479999542236328,22.540000915527344,127300
2019-03-04,23.459999084472656,23.459999084472656,23.75,23.15999984741211,23.579999923706055,69700
2019-03-05,23.06999969482422,23.06999969482422,23.71500015258789,22.799999237060547,23.469999313354492,132700
2019-03-06,22.729999542236328,22.729999542236328,23.139999389648438,22.719999313354492,22.969999313354492,114900
2019-03-07,22.229999542236328,22.229999542236328,23.030000686645508,22.040000915527344,22.790000915527344,119500
2019-03-08,21.450000762939453,21.450000762939453,21.959999084472656,21.170000076293945,21.959999084472656,123300
2019-03-11,21.829999923706055,21.829999923706055,21.979999542236328,21.079999923706055,21.549999237060547,130600
2019-03-12,22.229999542236328,22.229999542236328,22.59000015258789,21.700000762939453,21.979999542236328,187300
2019-03-13,22.75,22.75,22.969999313354492,22.34000015258789,22.34000015258789,135100
2019-03-14,24.850000381469727,24.850000381469727,26.149999618530273,24.239999771118164,24.239999771118164,634000
2019-03-15,24.809999465942383,24.809999465942383,25.239999771118164,24.040000915527344,24.729999542236328,575300
2019-03-18,24.959999084472656,24.959999084472656,25.31999969482422,24.40999984741211,24.959999084472656,280000
2019-03-19,25.149999618530273,25.149999618530273,25.700000762939453,24.780000686645508,25.209999084472656,177900
2019-03-20,25.979999542236328,25.979999542236328,26.700000762939453,25.110000610351562,25.18000030517578,313200
2019-03-21,26.329999923706055,26.329999923706055,26.639999389648438,25.940000534057617,26.049999237060547,235900
2019-03-22,25.280000686645508,25.280000686645508,26.459999084472656,24.944000244140625,26.290000915527344,183600
2019-03-25,25.299999237060547,25.299999237060547,25.440000534057617,24.5,25.209999084472656,126400
2019-03-26,26.469999313354492,26.469999313354492,26.799999237060547,25.719999313354492,25.84000015258789,195300
2019-03-27,27.170000076293945,27.170000076293945,27.530000686645508,26.309999465942383,26.809999465942383,144100
2019-03-28,26.979999542236328,26.979999542236328,27.75,26.75,27.100000381469727,112900
2019-03-29,26.559999465942383,26.559999465942383,27.530000686645508,26.299999237060547,27.440000534057617,249900
2019-04-01,27.049999237060547,27.049999237060547,27.770000457763672,26.959999084472656,27.219999313354492,233100
2019-04-02,26.780000686645508,26.780000686645508,27.343000411987305,26.660999298095703,27.010000228881836,219400
2019-04-03,26.059999465942383,26.059999465942383,27.299999237060547,26.030000686645508,27.049999237060547,199600
2019-04-04,25.950000762939453,25.950000762939453,26.350000381469727,25.6200008392334,26.020000457763672,315900
2019-04-05,26.690000534057617,26.690000534057617,27.007999420166016,26.09000015258789,26.139999389648438,662000
2019-04-08,26.420000076293945,26.420000076293945,27.149999618530273,25.969999313354492,26.8799991607666,404900
2019-04-09,26.530000686645508,26.530000686645508,26.885000228881836,26.149999618530273,26.34000015258789,226100
2019-04-10,26.8799991607666,26.8799991607666,27.110000610351562,26.200000762939453,26.549999237060547,189900
2019-04-11,27.1299991607666,27.1299991607666,27.600000381469727,26.520000457763672,27.0,141300
2019-04-12,28.530000686645508,28.530000686645508,28.8799991607666,27.530000686645508,27.84000015258789,244800
2019-04-15,27.799999237060547,27.799999237060547,29.280000686645508,27.5,28.510000228881836,214700
2019-04-16,28.649999618530273,28.649999618530273,28.8700008392334,28.030000686645508,28.030000686645508,421300
2019-04-17,28.809999465942383,28.809999465942383,29.299999237060547,28.610000610351562,28.899999618530273,249400
2019-04-18,28.889999389648438,28.889999389648438,29.360000610351562,28.235000610351562,28.84000015258789,193600
2019-04-22,29.809999465942383,29.809999465942383,30.149999618530273,29.299999237060547,29.3799991607666,334400
2019-04-23,30.549999237060547,30.549999237060547,30.809999465942383,29.700000762939453,30.0,237200
2019-04-24,29.3700008392334,29.3700008392334,30.93000030517578,29.290000915527344,30.75,336900
2019-04-25,28.979999542236328,28.979999542236328,29.540000915527344,28.520000457763672,29.350000381469727,235800
2019-04-26,28.549999237060547,28.549999237060547,28.736000061035156,27.479999542236328,28.31999969482422,342000
2019-04-29,29.65999984741211,29.65999984741211,29.91699981689453,28.299999237060547,28.5,188200
2019-04-30,29.700000762939453,29.700000762939453,29.850000381469727,29.0,29.829999923706055,250100
2019-05-01,29.389999389648438,29.389999389648438,30.260000228881836,29.309999465942383,29.8700008392334,261200
2019-05-02,28.690000534057617,28.690000534057617,29.389999389648438,28.309999465942383,29.010000228881836,162100
2019-05-03,29.149999618530273,29.149999618530273,29.299999237060547,28.954999923706055,29.0,251000
2019-05-06,29.649999618530273,29.649999618530273,29.799999237060547,28.690000534057617,28.809999465942383,375900
2019-05-07,29.079999923706055,29.079999923706055,29.549999237060547,28.280000686645508,29.309999465942383,271700
2019-05-08,28.8700008392334,28.8700008392334,29.5,28.670000076293945,29.020000457763672,244500
2019-05-09,28.510000228881836,28.510000228881836,29.1299991607666,26.59000015258789,28.790000915527344,265300
2019-05-10,28.329999923706055,28.329999923706055,28.860000610351562,27.489999771118164,28.309999465942383,225200
2019-05-13,27.729999542236328,27.729999542236328,27.920000076293945,26.90999984741211,27.920000076293945,265000
2019-05-14,27.959999084472656,27.959999084472656,28.5,27.760000228881836,28.5,256700
2019-05-15,28.25,28.25,28.350000381469727,27.260000228881836,27.6200008392334,126100
2019-05-16,28.360000610351562,28.360000610351562,28.749000549316406,28.135000228881836,28.25,125600
2019-05-17,27.549999237060547,27.549999237060547,28.229999542236328,27.459999084472656,27.969999313354492,169000
2019-05-20,27.239999771118164,27.239999771118164,27.690000534057617,27.100000381469727,27.389999389648438,224400
2019-05-21,28.200000762939453,28.200000762939453,28.229999542236328,27.149999618530273,27.280000686645508,295500
2019-05-22,26.81999969482422,26.81999969482422,27.816999435424805,26.799999237060547,27.809999465942383,128600
2019-05-23,24.729999542236328,24.729999542236328,26.18000030517578,24.225000381469727,26.18000030517578,264500
2019-05-24,24.959999084472656,24.959999084472656,25.06999969482422,24.350000381469727,25.040000915527344,252000
2019-05-28,24.90999984741211,24.90999984741211,25.2549991607666,24.700000762939453,25.010000228881836,229300
2019-05-29,24.899999618530273,24.899999618530273,25.010000228881836,24.139999389648438,24.459999084472656,253600
2019-05-30,24.610000610351562,24.610000610351562,25.219999313354492,24.329999923706055,24.860000610351562,159100
2019-05-31,23.34000015258789,23.34000015258789,24.0,23.0,23.969999313354492,279100
2019-06-03,23.770000457763672,23.770000457763672,24.190000534057617,23.34000015258789,23.34000015258789,243500
2019-06-04,24.110000610351562,24.110000610351562,24.149999618530273,23.40999984741211,23.989999771118164,321100
2019-06-05,22.40999984741211,22.40999984741211,24.100000381469727,21.1299991607666,23.559999465942383,305900
2019-06-06,22.649999618530273,22.649999618530273,22.860000610351562,22.114999771118164,22.389999389648438,239300
2019-06-07,22.40999984741211,22.40999984741211,22.788000106811523,22.25,22.690000534057617,176600
2019-06-10,22.389999389648438,22.389999389648438,23.1299991607666,22.299999237060547,22.489999771118164,147200
2019-06-11,22.469999313354492,22.469999313354492,22.989999771118164,22.440000534057617,22.65999984741211,294700
2019-06-12,21.75,21.75,22.239999771118164,21.520000457763672,21.770000457763672,383000
2019-06-13,22.530000686645508,22.530000686645508,22.709999084472656,21.979999542236328,22.709999084472656,345800
2019-06-14,22.459999084472656,22.459999084472656,22.65999984741211,22.229999542236328,22.549999237060547,261000
2019-06-17,22.959999084472656,22.959999084472656,23.059999465942383,22.202999114990234,22.280000686645508,554900
2019-06-18,23.479999542236328,23.479999542236328,23.600000381469727,22.90999984741211,23.18000030517578,564800
2019-06-19,22.43000030517578,22.43000030517578,23.5,22.30500030517578,23.5,361300
2019-06-20,23.489999771118164,23.489999771118164,23.670000076293945,22.780000686645508,22.920000076293945,493300
2019-06-21,23.280000686645508,23.280000686645508,23.881999969482422,23.25,23.43000030517578,437700
2019-06-24,22.309999465942383,22.309999465942383,23.524999618530273,22.200000762939453,23.280000686645508,251900
2019-06-25,22.139999389648438,22.139999389648438,22.479999542236328,21.739999771118164,22.200000762939453,248700
2019-06-26,22.459999084472656,22.459999084472656,23.200000762939453,22.329999923706055,22.6299991607666,359300
2019-06-27,23.309999465942383,23.309999465942383,23.729999542236328,22.34000015258789,22.639999389648438,252500
2019-06-28,24.049999237060547,24.049999237060547,24.1200008392334,23.110000610351562,23.389999389648438,631800
2019-07-01,25.420000076293945,25.420000076293945,25.469999313354492,24.520000457763672,24.729999542236328,587500
2019-07-02,24.860000610351562,24.860000610351562,25.350000381469727,24.540000915527344,25.280000686645508,260100
2019-07-03,24.760000228881836,24.760000228881836,25.420000076293945,24.479999542236328,25.110000610351562,193000
2019-07-05,25.40999984741211,25.40999984741211,25.549999237060547,24.770000457763672,24.799999237060547,359900
2019-07-08,25.610000610351562,25.610000610351562,26.415000915527344,25.299999237060547,25.3799991607666,370000
2019-07-09,25.09000015258789,25.09000015258789,25.59000015258789,24.809999465942383,25.3799991607666,192500
2019-07-10,25.459999084472656,25.459999084472656,26.0,25.200000762939453,25.479999542236328,241800
2019-07-11,24.729999542236328,24.729999542236328,25.690000534057617,24.270000457763672,25.479999542236328,282800
2019-07-12,24.75,24.75,24.8799991607666,24.489999771118164,24.520000457763672,200700
2019-07-15,24.149999618530273,24.149999618530273,24.969999313354492,23.959999084472656,24.969999313354492,194200
2019-07-16,23.799999237060547,23.799999237060547,24.59000015258789,23.729999542236328,24.200000762939453,469400
2019-07-17,22.459999084472656,22.459999084472656,23.790000915527344,22.450000762939453,23.729999542236328,224900
2019-07-18,22.299999237060547,22.299999237060547,22.450000762939453,21.899999618530273,22.329999923706055,230100
2019-07-19,22.600000381469727,22.600000381469727,22.68000030517578,22.033000946044922,22.280000686645508,128000
2019-07-22,22.049999237060547,22.049999237060547,22.915000915527344,22.010000228881836,22.639999389648438,197700
2019-07-23,22.139999389648438,22.139999389648438,22.3700008392334,21.579999923706055,22.010000228881836,198500
2019-07-24,22.600000381469727,22.600000381469727,22.690000534057617,22.010000228881836,22.100000381469727,359900
2019-07-25,21.690000534057617,21.690000534057617,22.56999969482422,21.209999084472656,22.56999969482422,257400
2019-07-26,21.200000762939453,21.200000762939453,21.65999984741211,21.020000457763672,21.639999389648438,193400
2019-07-29,19.84000015258789,19.84000015258789,21.110000610351562,19.760000228881836,21.110000610351562,266200
2019-07-30,20.649999618530273,20.649999618530273,20.94499969482422,19.260000228881836,19.6200008392334,254100
2019-07-31,20.579999923706055,20.579999923706055,21.469999313354492,20.549999237060547,21.1299991607666,250400
2019-08-01,19.920000076293945,19.920000076293945,20.5,19.56399917602539,20.280000686645508,337900
2019-08-02,19.709999084472656,19.709999084472656,20.40999984741211,19.3700008392334,20.40999984741211,217200
2019-08-05,19.239999771118164,19.239999771118164,19.489999771118164,18.700000762939453,18.989999771118164,306400
2019-08-06,19.299999237060547,19.299999237060547,19.549999237060547,18.860000610351562,19.360000610351562,185700
2019-08-07,18.3700008392334,18.3700008392334,18.93000030517578,17.860000610351562,18.8700008392334,421100
2019-08-08,20.010000228881836,20.010000228881836,21.600000381469727,19.200000762939453,21.399999618530273,637900
2019-08-09,19.93000030517578,19.93000030517578,20.540000915527344,19.81999969482422,20.43000030517578,266600
2019-08-12,20.229999542236328,20.229999542236328,20.290000915527344,19.450000762939453,19.760000228881836,286400
2019-08-13,20.1200008392334,20.1200008392334,20.799999237060547,19.690000534057617,19.690000534057617,188000
2019-08-14,19.420000076293945,19.420000076293945,19.770000457763672,18.969999313354492,19.5,314100
2019-08-15,18.760000228881836,18.760000228881836,19.389999389648438,18.684999465942383,19.309999465942383,136500
2019-08-16,19.309999465942383,19.309999465942383,19.459999084472656,18.760000228881836,18.81999969482422,199100
2019-08-19,20.469999313354492,20.469999313354492,20.610000610351562,19.57699966430664,19.75,248500
2019-08-20,21.100000381469727,21.100000381469727,21.25,20.239999771118164,20.399999618530273,172100
2019-08-21,21.059999465942383,21.059999465942383,21.93000030517578,21.0,21.389999389648438,371000
2019-08-22,20.8700008392334,20.8700008392334,21.229999542236328,20.850000381469727,21.079999923706055,191100
2019-08-23,19.969999313354492,19.969999313354492,20.809999465942383,19.889999389648438,20.399999618530273,168200
2019-08-26,19.65999984741211,19.65999984741211,20.299999237060547,19.56999969482422,20.049999237060547,213700
2019-08-27,18.68000030517578,18.68000030517578,19.780000686645508,18.520000457763672,19.780000686645508,223500
2019-08-28,19.350000381469727,19.350000381469727,19.719999313354492,18.719999313354492,18.770000457763672,224200
2019-08-29,19.739999771118164,19.739999771118164,19.93000030517578,19.34000015258789,19.56999969482422,132600
2019-08-30,19.040000915527344,19.040000915527344,19.790000915527344,18.780000686645508,19.75,178800
2019-09-03,18.979999542236328,18.979999542236328,19.100000381469727,18.25,18.65999984741211,164500
2019-09-04,19.700000762939453,19.700000762939453,19.979999542236328,19.06999969482422,19.459999084472656,205900
2019-09-05,20.479999542236328,20.479999542236328,20.889999389648438,19.809999465942383,19.93000030517578,195500
2019-09-06,20.68000030517578,20.68000030517578,20.690000534057617,20.030000686645508,20.329999923706055,184900
2019-09-09,22.040000915527344,22.040000915527344,22.1299991607666,20.6200008392334,20.860000610351562,273500
2019-09-10,22.229999542236328,22.229999542236328,23.5,22.100000381469727,22.329999923706055,232700
2019-09-11,22.639999389648438,22.639999389648438,23.030000686645508,21.760000228881836,22.420000076293945,162000
2019-09-12,21.610000610351562,21.610000610351562,22.600000381469727,21.479999542236328,22.299999237060547,147700
2019-09-13,22.229999542236328,22.229999542236328,22.260000228881836,21.69300079345703,21.93000030517578,123000
2019-09-16,25.579999923706055,25.579999923706055,26.5,24.1299991607666,24.18000030517578,548800
2019-09-17,23.489999771118164,23.489999771118164,25.799999237060547,23.459999084472656,25.5,248600
2019-09-18,22.950000762939453,22.950000762939453,23.469999313354492,22.65999984741211,23.0,178100
2019-09-19,22.860000610351562,22.860000610351562,23.5,22.649999618530273,23.09000015258789,195200
2019-09-20,24.020000457763672,24.020000457763672,24.110000610351562,22.69499969482422,22.829999923706055,459800
2019-09-23,24.110000610351562,24.110000610351562,24.3799991607666,23.459999084472656,23.6200008392334,212400
2019-09-24,22.280000686645508,22.280000686645508,23.84000015258789,22.059999465942383,23.84000015258789,215500
2019-09-25,22.170000076293945,22.170000076293945,22.6200008392334,21.75,22.0,196800
2019-09-26,21.260000228881836,21.260000228881836,22.0,20.979999542236328,21.829999923706055,177200
2019-09-27,21.229999542236328,21.229999542236328,21.600000381469727,20.84000015258789,20.8799991607666,110000
2019-09-30,20.329999923706055,20.329999923706055,21.094999313354492,20.18000030517578,20.920000076293945,284800
2019-10-01,19.56999969482422,19.56999969482422,20.540000915527344,19.34000015258789,20.420000076293945,263500
2019-10-02,18.8799991607666,18.8799991607666,19.59000015258789,18.525999069213867,19.389999389648438,347200
2019-10-03,18.899999618530273,18.899999618530273,19.075000762939453,18.260000228881836,18.639999389648438,272800
2019-10-04,18.940000534057617,18.940000534057617,19.100000381469727,18.530000686645508,18.889999389648438,208100
2019-10-07,19.270000457763672,19.270000457763672,19.84000015258789,18.469999313354492,18.989999771118164,360900
2019-10-08,18.520000457763672,18.520000457763672,19.170000076293945,18.469999313354492,18.799999237060547,129700
2019-10-09,18.030000686645508,18.030000686645508,18.829999923706055,17.84000015258789,18.5,264300
2019-10-10,18.219999313354492,18.219999313354492,18.469999313354492,17.809999465942383,18.15999984741211,145200
2019-10-11,18.670000076293945,18.670000076293945,19.079999923706055,18.399999618530273,18.399999618530273,164300
2019-10-14,18.239999771118164,18.239999771118164,18.440000534057617,17.65999984741211,18.34000015258789,111400
2019-10-15,18.389999389648438,18.389999389648438,18.649999618530273,17.950000762939453,18.100000381469727,124200
2019-10-16,18.1299991607666,18.1299991607666,18.56999969482422,18.09000015258789,18.219999313354492,111700
2019-10-17,18.489999771118164,18.489999771118164,18.565000534057617,17.93000030517578,18.200000762939453,161600
2019-10-18,18.34000015258789,18.34000015258789,18.7810001373291,18.239999771118164,18.389999389648438,175700
2019-10-21,18.690000534057617,18.690000534057617,18.770000457763672,18.34000015258789,18.34000015258789,152500
2019-10-22,19.479999542236328,19.479999542236328,19.690000534057617,18.75,18.75,292700
2019-10-23,19.950000762939453,19.950000762939453,20.09000015258789,19.1299991607666,19.350000381469727,177700
2019-10-24,19.219999313354492,19.219999313354492,20.25,19.049999237060547,20.09000015258789,161700
2019-10-25,19.84000015258789,19.84000015258789,19.989999771118164,19.110000610351562,19.170000076293945,122300
2019-10-28,19.729999542236328,19.729999542236328,20.239999771118164,19.68000030517578,19.899999618530273,150300
2019-10-29,23.0,23.0,23.440000534057617,21.010000228881836,21.299999237060547,2219600
2019-10-30,22.450000762939453,22.450000762939453,23.459999084472656,22.420000076293945,23.059999465942383,934900
2019-10-31,21.530000686645508,21.530000686645508,22.450000762939453,21.360000610351562,22.329999923706055,4871800
2019-11-01,22.920000076293945,22.920000076293945,22.93000030517578,21.489999771118164,21.75,493400
2019-11-04,23.579999923706055,23.579999923706055,24.329999923706055,23.170000076293945,23.190000534057617,717700
2019-11-05,24.06999969482422,24.06999969482422,24.1200008392334,23.510000228881836,23.700000762939453,503500
2019-11-06,23.770000457763672,23.770000457763672,24.479999542236328,23.600000381469727,23.8700008392334,477800
2019-11-07,24.110000610351562,24.110000610351562,25.299999237060547,23.719999313354492,24.1299991607666,476100
2019-11-08,24.309999465942383,24.309999465942383,24.309999465942383,22.8700008392334,23.6200008392334,314400
2019-11-11,23.690000534057617,23.690000534057617,24.239999771118164,23.420000076293945,23.739999771118164,297000
2019-11-12,23.780000686645508,23.780000686645508,24.229999542236328,23.350000381469727,23.950000762939453,301100
2019-11-13,23.65999984741211,23.65999984741211,24.059999465942383,23.475000381469727,23.520000457763672,414000
2019-11-14,23.65999984741211,23.65999984741211,23.969999313354492,23.40999984741211,23.649999618530273,185500
2019-11-15,24.229999542236328,24.229999542236328,24.280000686645508,23.5,23.850000381469727,259500
2019-11-18,23.459999084472656,23.459999084472656,24.15999984741211,23.190000534057617,24.15999984741211,369700
2019-11-19,23.479999542236328,23.479999542236328,23.59000015258789,22.8700008392334,23.270000457763672,271900
2019-11-20,23.84000015258789,23.84000015258789,24.329999923706055,23.172000885009766,23.43000030517578,328200
2019-11-21,23.8799991607666,23.8799991607666,24.40999984741211,23.739999771118164,23.8799991607666,325100
2019-11-22,23.209999084472656,23.209999084472656,24.28499984741211,23.200000762939453,23.989999771118164,248600
2019-11-25,23.5,23.5,23.8700008392334,22.860000610351562,23.200000762939453,236600
2019-11-26,23.290000915527344,23.290000915527344,23.899999618530273,23.1200008392334,23.270000457763672,354600
2019-11-27,23.579999923706055,23.579999923706055,23.860000610351562,23.270000457763672,23.479999542236328,280300
2019-11-29,23.200000762939453,23.200000762939453,23.520000457763672,22.860000610351562,23.270000457763672,194000
2019-12-02,23.469999313354492,23.469999313354492,23.639999389648438,23.149999618530273,23.290000915527344,321900
2019-12-03,23.329999923706055,23.329999923706055,23.649999618530273,22.924999237060547,23.229999542236328,360100
2019-12-04,24.389999389648438,24.389999389648438,24.75,23.799999237060547,23.799999237060547,269800
2019-12-05,24.0,24.0,24.719999313354492,23.700000762939453,24.610000610351562,525800
2019-12-06,25.350000381469727,25.350000381469727,25.530000686645508,24.110000610351562,24.110000610351562,443600
2019-12-09,25.420000076293945,25.420000076293945,25.889999389648438,24.8799991607666,25.020000457763672,314100
2019-12-10,25.809999465942383,25.809999465942383,26.010000228881836,25.399999618530273,25.399999618530273,243200
2019-12-11,27.15999984741211,27.15999984741211,28.809999465942383,26.200000762939453,26.399999618530273,830600
2019-12-12,27.989999771118164,27.989999771118164,28.395000457763672,27.260000228881836,27.260000228881836,426300
2019-12-13,27.860000610351562,27.860000610351562,28.68000030517578,27.540000915527344,27.989999771118164,298400
2019-12-16,28.329999923706055,28.329999923706055,28.8799991607666,28.059999465942383,28.280000686645508,385000
2019-12-17,28.93000030517578,28.93000030517578,29.040000915527344,28.219999313354492,28.420000076293945,289300
2019-12-18,28.979999542236328,28.979999542236328,29.31999969482422,28.649999618530273,28.649999618530273,207500
2019-12-19,28.719999313354492,28.719999313354492,29.170000076293945,28.420000076293945,28.940000534057617,315100
2019-12-20,28.59000015258789,28.59000015258789,28.875,28.34000015258789,28.860000610351562,903100
2019-12-23,29.399999618530273,29.399999618530273,29.5,28.59000015258789,28.969999313354492,335200
2019-12-24,29.739999771118164,29.739999771118164,30.06999969482422,29.459999084472656,29.809999465942383,243500
2019-12-26,29.770000457763672,29.770000457763672,30.3799991607666,29.65999984741211,29.920000076293945,212800
2019-12-27,29.700000762939453,29.700000762939453,30.0,29.389999389648438,29.90999984741211,285100
2019-12-30,29.6200008392334,29.6200008392334,30.19300079345703,29.559999465942383,29.700000762939453,352400
2019-12-31,30.149999618530273,30.149999618530273,30.295000076293945,29.25,29.299999237060547,224500
2020-01-02,30.010000228881836,30.010000228881836,30.652999877929688,29.579999923706055,30.459999084472656,253600
2020-01-03,30.56999969482422,30.56999969482422,30.924999237060547,30.231000900268555,30.6299991607666,453800
2020-01-06,30.93000030517578,30.93000030517578,31.0,30.513999938964844,30.81999969482422,483600
2020-01-07,31.309999465942383,31.309999465942383,31.34000015258789,30.31999969482422,30.719999313354492,370800
2020-01-08,29.170000076293945,29.170000076293945,31.190000534057617,28.649999618530273,31.190000534057617,308400
2020-01-09,29.170000076293945,29.170000076293945,29.375,28.329999923706055,28.950000762939453,315000
2020-01-10,28.5,28.5,29.014999389648438,28.059999465942383,28.8700008392334,342900
2020-01-13,28.219999313354492,28.219999313354492,28.350000381469727,27.510000228881836,28.100000381469727,320900
2020-01-14,28.139999389648438,28.139999389648438,28.375,27.799999237060547,28.1200008392334,268600
2020-01-15,28.280000686645508,28.280000686645508,28.299999237060547,27.5,27.8700008392334,363900
2020-01-16,28.610000610351562,28.610000610351562,29.020000457763672,28.450000762939453,28.540000915527344,262600
2020-01-17,28.670000076293945,28.670000076293945,29.010000228881836,28.260000228881836,28.829999923706055,278000
2020-01-21,26.959999084472656,26.959999084472656,28.75,26.760000228881836,28.31999969482422,412000
2020-01-22,26.200000762939453,26.200000762939453,26.93000030517578,26.15999984741211,26.93000030517578,204900
2020-01-23,26.489999771118164,26.489999771118164,26.530000686645508,25.420000076293945,25.65999984741211,273100
2020-01-24,26.049999237060547,26.049999237060547,26.309999465942383,25.5,26.290000915527344,354400
2020-01-27,24.18000030517578,24.18000030517578,25.770000457763672,24.15999984741211,25.270000457763672,375000
2020-01-28,25.010000228881836,25.010000228881836,25.1200008392334,24.200000762939453,24.420000076293945,330400
2020-01-29,24.450000762939453,24.450000762939453,25.393999099731445,24.34000015258789,25.040000915527344,287800
2020-01-30,24.290000915527344,24.290000915527344,24.53499984741211,23.770000457763672,24.020000457763672,356800
2020-01-31,21.940000534057617,21.940000534057617,23.700000762939453,21.729999542236328,23.700000762939453,717800
2020-02-03,19.520000457763672,19.520000457763672,22.100000381469727,19.364999771118164,22.010000228881836,684900
2020-02-04,19.25,19.25,20.25,19.059999465942383,19.969999313354492,712100
2020-02-05,20.110000610351562,20.110000610351562,20.399999618530273,19.299999237060547,19.459999084472656,475600
2020-02-06,19.079999923706055,19.079999923706055,20.170000076293945,18.649999618530273,20.059999465942383,668900
2020-02-07,18.639999389648438,18.639999389648438,19.079999923706055,18.31999969482422,18.989999771118164,382900
2020-02-10,17.780000686645508,17.780000686645508,18.68000030517578,17.399999618530273,18.459999084472656,374800
2020-02-11,17.90999984741211,17.90999984741211,18.09000015258789,17.5049991607666,17.940000534057617,344600
2020-02-12,18.489999771118164,18.489999771118164,18.885000228881836,18.040000915527344,18.389999389648438,309600
2020-02-13,18.799999237060547,18.799999237060547,18.975000381469727,18.209999084472656,18.420000076293945,510800
2020-02-14,18.399999618530273,18.399999618530273,18.950000762939453,18.18000030517578,18.799999237060547,359100
2020-02-18,18.209999084472656,18.209999084472656,18.451000213623047,17.8700008392334,18.270000457763672,337200
2020-02-19,18.75,18.75,19.059999465942383,18.309999465942383,18.489999771118164,373800
2020-02-20,18.3799991607666,18.3799991607666,18.93899917602539,18.145000457763672,18.799999237060547,261900
2020-02-21,17.8799991607666,17.8799991607666,18.18000030517578,17.549999237060547,18.040000915527344,280100
2020-02-24,16.56999969482422,16.56999969482422,17.239999771118164,16.434999465942383,16.81999969482422,565200
2020-02-25,16.1299991607666,16.1299991607666,16.889999389648438,15.885000228881836,16.56999969482422,499600
2020-02-26,15.229999542236328,15.229999542236328,16.549999237060547,15.0600004196167,16.280000686645508,534400
2020-02-27,13.829999923706055,13.829999923706055,15.0,13.510000228881836,14.470000267028809,595900
2020-02-28,14.199999809265137,14.199999809265137,14.199999809265137,13.079999923706055,13.329999923706055,604700
2020-03-02,14.470000267028809,14.470000267028809,14.760000228881836,13.479999542236328,14.460000038146973,466300
2020-03-03,14.180000305175781,14.180000305175781,14.569999694824219,13.75,14.420000076293945,496300
2020-03-04,13.890000343322754,13.890000343322754,14.670000076293945,13.510000228881836,14.670000076293945,600300
2020-03-05,12.880000114440918,12.880000114440918,13.744000434875488,12.5600004196167,13.5600004196167,725100
2020-03-06,12.010000228881836,12.010000228881836,12.699999809265137,11.579999923706055,12.25,876000
2020-03-09,8.300000190734863,8.300000190734863,9.729999542236328,8.255000114440918,9.5600004196167,1160900
2020-03-10,8.619999885559082,8.619999885559082,9.619999885559082,8.149999618530273,9.109999656677246,911800
2020-03-11,7.329999923706055,7.329999923706055,8.380000114440918,7.099999904632568,8.100000381469727,733000
2020-03-12,7.730000019073486,7.730000019073486,8.567999839782715,7.400000095367432,7.71999979019165,947300
2020-03-13,6.800000190734863,6.800000190734863,7.849999904632568,5.900000095367432,7.75,1227900
2020-03-16,5.789999961853027,5.789999961853027,6.809999942779541,5.739999771118164,5.809999942779541,972700
2020-03-17,7.25,7.25,7.349999904632568,5.920000076293945,5.96999979019165,863800
2020-03-18,7.039999961853027,7.039999961853027,7.289999961853027,6.380000114440918,6.630000114440918,565400
2020-03-19,8.390000343322754,8.390000343322754,8.739999771118164,6.980000019073486,7.170000076293945,629100
2020-03-20,7.710000038146973,7.710000038146973,8.699999809265137,7.210000038146973,8.5600004196167,767500
2020-03-23,6.28000020980835,6.28000020980835,7.880000114440918,6.0,7.800000190734863,552300
2020-03-24,6.269999980926514,6.269999980926514,6.869999885559082,6.002999782562256,6.699999809265137,547500
2020-03-25,7.190000057220459,7.190000057220459,7.400000095367432,5.739999771118164,6.239999771118164,445400
2020-03-26,7.369999885559082,7.369999885559082,8.180000305175781,7.03000020980835,7.260000228881836,420000
2020-03-27,6.389999866485596,6.389999866485596,6.989999771118164,6.340000152587891,6.960000038146973,408800
2020-03-30,5.699999809265137,5.699999809265137,6.380000114440918,5.269999980926514,6.380000114440918,575700
2020-03-31,5.75,5.75,6.380000114440918,5.670000076293945,5.679999828338623,676400
2020-04-01,5.119999885559082,5.119999885559082,5.71999979019165,5.0,5.630000114440918,432100
2020-04-02,5.989999771118164,5.989999771118164,6.550000190734863,5.300000190734863,5.329999923706055,644400
2020-04-03,5.989999771118164,5.989999771118164,6.590000152587891,5.659999847412109,6.320000171661377,802100
2020-04-06,6.0,6.0,6.369999885559082,5.800000190734863,6.269999980926514,545600
2020-04-07,6.320000171661377,6.320000171661377,6.980000019073486,6.159999847412109,6.269999980926514,811800
2020-04-08,6.889999866485596,6.889999866485596,6.929999828338623,6.28000020980835,6.619999885559082,661300
2020-04-09,6.78000020980835,6.78000020980835,8.119999885559082,6.510000228881836,7.460000038146973,929700
2020-04-13,6.949999809265137,6.949999809265137,7.199999809265137,6.546999931335449,7.199999809265137,457200
2020-04-14,7.659999847412109,7.659999847412109,7.989999771118164,7.25,7.320000171661377,570400
2020-04-15,7.510000228881836,7.510000228881836,7.639999866485596,6.800000190734863,7.5,484000
2020-04-16,6.289999961853027,6.289999961853027,7.739999771118164,6.170000076293945,7.550000190734863,573200
2020-04-17,6.869999885559082,6.869999885559082,6.949999809265137,6.5,6.539999961853027,577100
2020-04-20,7.130000114440918,7.130000114440918,7.420000076293945,6.340000152587891,6.510000228881836,653100
2020-04-21,6.840000152587891,6.840000152587891,7.059999942779541,6.639999866485596,6.869999885559082,747900
2020-04-22,7.559999942779541,7.559999942779541,7.579999923706055,7.110000133514404,7.119999885559082,856900
2020-04-23,8.350000381469727,8.350000381469727,9.100000381469727,8.069999694824219,8.199999809265137,791300
2020-04-24,9.079999923706055,9.079999923706055,9.289999961853027,8.170000076293945,9.0600004196167,854500
2020-04-27,8.890000343322754,8.890000343322754,8.904999732971191,8.234999656677246,8.869999885559082,671300
2020-04-28,9.170000076293945,9.170000076293945,9.260000228881836,8.510000228881836,9.199999809265137,467600
2020-04-29,11.220000267028809,11.220000267028809,11.25,9.75,9.829999923706055,559600
2020-04-30,11.390000343322754,11.390000343322754,11.800000190734863,10.649999618530273,11.619999885559082,677200
2020-05-01,10.199999809265137,10.199999809265137,11.104999542236328,10.010000228881836,10.960000038146973,409000
2020-05-04,11.170000076293945,11.170000076293945,11.170000076293945,9.569999694824219,9.760000228881836,360000
2020-05-05,11.039999961853027,11.039999961853027,12.699999809265137,11.020000457763672,11.920000076293945,691500
2020-05-06,10.670000076293945,10.670000076293945,11.055000305175781,10.329999923706055,10.920000076293945,281800
2020-05-07,11.420000076293945,11.420000076293945,12.239999771118164,11.069999694824219,11.600000381469727,626300
2020-05-08,12.050000190734863,12.050000190734863,12.140000343322754,11.449999809265137,11.8100004196167,480400
2020-05-11,11.5,11.5,12.25,11.329999923706055,11.729999542236328,400700
2020-05-12,11.9399995803833,11.9399995803833,12.218000411987305,11.550000190734863,11.649999618530273,305000
2020-05-13,10.9399995803833,10.9399995803833,11.815999984741211,10.720000267028809,11.760000228881836,395500
2020-05-14,10.130000114440918,10.130000114440918,10.75,9.859999656677246,10.699999809265137,429700
2020-05-15,10.479999542236328,10.479999542236328,10.789999961853027,10.09000015258789,10.25,390500
2020-05-18,12.239999771118164,12.239999771118164,12.800000190734863,11.15999984741211,11.15999984741211,399600
2020-05-19,11.859999656677246,11.859999656677246,12.600000381469727,11.789999961853027,12.15999984741211,264300
2020-05-20,12.600000381469727,12.600000381469727,12.949999809265137,12.239999771118164,12.289999961853027,271000
2020-05-21,12.380000114440918,12.380000114440918,12.949999809265137,12.130000114440918,12.600000381469727,334000
2020-05-22,12.399999618530273,12.399999618530273,12.40999984741211,11.510000228881836,12.15999984741211,269100
2020-05-26,12.279999732971191,12.279999732971191,13.140000343322754,11.930000305175781,13.0,482800
2020-05-27,12.680000305175781,12.680000305175781,12.699999809265137,11.739999771118164,12.319999694824219,392900
2020-05-28,12.069999694824219,12.069999694824219,12.899999618530273,11.890000343322754,12.880000114440918,356500
2020-05-29,12.149999618530273,12.149999618530273,12.414999961853027,11.539999961853027,11.90999984741211,301800
2020-06-01,12.760000228881836,12.760000228881836,12.960000038146973,11.90999984741211,12.199999809265137,246700
2020-06-02,12.979999542236328,12.979999542236328,13.149999618530273,12.640000343322754,13.0,416100
2020-06-03,13.220000267028809,13.220000267028809,13.390000343322754,12.930000305175781,13.149999618530273,229300
2020-06-04,14.130000114440918,14.130000114440918,14.449999809265137,13.140000343322754,13.539999961853027,522600
2020-06-05,15.350000381469727,15.350000381469727,15.859999656677246,14.539999961853027,15.539999961853027,627900
2020-06-08,15.619999885559082,15.619999885559082,16.809999465942383,15.15999984741211,16.149999618530273,787900
2020-06-09,15.25,15.25,15.390000343322754,14.029999732971191,14.930000305175781,435200
2020-06-10,14.210000038146973,14.210000038146973,15.319999694824219,14.050000190734863,14.819999694824219,385900
2020-06-11,11.800000190734863,11.800000190734863,13.100000381469727,11.789999961853027,12.720000267028809,538400
2020-06-12,12.84000015258789,12.84000015258789,12.892999649047852,12.1899995803833,12.369999885559082,389700
2020-06-15,13.729999542236328,13.729999542236328,14.104999542236328,11.845999717712402,11.920000076293945,848600
2020-06-16,13.850000381469727,13.850000381469727,14.930000305175781,13.470000267028809,14.930000305175781,601000
2020-06-17,11.90999984741211,11.90999984741211,13.640000343322754,11.770000457763672,13.609999656677246,1238700
2020-06-18,11.789999961853027,11.789999961853027,12.180000305175781,11.539999961853027,11.779999732971191,872000
2020-06-19,10.9399995803833,10.9399995803833,12.270000457763672,10.609999656677246,12.050000190734863,1530500
2020-06-22,10.109999656677246,10.109999656677246,10.930000305175781,10.010000228881836,10.770000457763672,828500
2020-06-23,9.989999771118164,9.989999771118164,10.291999816894531,9.8100004196167,10.199999809265137,855500
2020-06-24,9.149999618530273,9.149999618530273,9.84000015258789,9.119999885559082,9.819999694824219,709300
2020-06-25,9.260000228881836,9.260000228881836,9.399999618530273,8.890000343322754,9.079999923706055,1051100
2020-06-26,8.829999923706055,8.829999923706055,9.1899995803833,8.399999618530273,9.1899995803833,1597100
2020-06-29,8.960000038146973,8.960000038146973,9.15999984741211,8.649999618530273,8.880000114440918,507000
2020-06-30,9.199999809265137,9.199999809265137,9.293000221252441,8.779999732971191,8.949999809265137,703600
2020-07-01,8.729999542236328,8.729999542236328,9.489999771118164,8.680000305175781,9.220000267028809,428900
2020-07-02,9.010000228881836,9.010000228881836,9.180000305175781,8.5600004196167,9.020000457763672,512400
2020-07-06,8.869999885559082,8.869999885559082,9.279999732971191,8.760000228881836,9.260000228881836,371900
2020-07-07,8.300000190734863,8.300000190734863,8.835000038146973,8.260000228881836,8.789999961853027,323400
2020-07-08,8.4399995803833,8.4399995803833,8.550000190734863,8.180000305175781,8.300000190734863,555200
2020-07-09,7.96999979019165,7.96999979019165,8.699999809265137,7.940000057220459,8.520000457763672,398100
2020-07-10,7.900000095367432,7.900000095367432,8.130000114440918,7.704999923706055,7.96999979019165,609600
2020-07-13,7.550000190734863,7.550000190734863,8.039999961853027,7.420000076293945,7.96999979019165,779400
2020-07-14,7.849999904632568,7.849999904632568,7.889999866485596,7.349999904632568,7.5,528900
2020-07-15,8.529999732971191,8.529999732971191,8.619999885559082,8.149999618530273,8.25,787700
2020-07-16,8.449999809265137,8.449999809265137,8.770000457763672,8.020000457763672,8.350000381469727,662700
2020-07-17,8.109999656677246,8.109999656677246,8.9399995803833,8.045000076293945,8.539999961853027,549800
2020-07-20,8.020000457763672,8.020000457763672,8.567000389099121,8.010000228881836,8.199999809265137,778500
2020-07-21,8.609999656677246,8.609999656677246,8.84000015258789,8.119999885559082,8.180000305175781,791400
2020-07-22,8.289999961853027,8.289999961853027,8.529999732971191,8.170000076293945,8.479999542236328,435300
2020-07-23,7.980000019073486,7.980000019073486,8.329999923706055,7.84499979019165,8.180000305175781,749900
2020-07-24,7.699999809265137,7.699999809265137,8.100000381469727,7.670000076293945,8.0,694700
2020-07-27,7.079999923706055,7.079999923706055,7.730000019073486,7.050000190734863,7.730000019073486,799000
2020-07-28,7.010000228881836,7.010000228881836,7.329999923706055,7.0,7.090000152587891,438000
2020-07-29,7.099999904632568,7.099999904632568,7.199999809265137,6.949999809265137,7.019999980926514,480100
2020-07-30,6.980000019073486,6.980000019073486,7.039999961853027,6.659999847412109,6.96999979019165,552900
2020-07-31,6.809999942779541,6.809999942779541,7.019999980926514,6.630000114440918,6.949999809265137,833900
2020-08-03,6.96999979019165,6.96999979019165,7.21999979019165,6.78000020980835,6.829999923706055,791200
2020-08-04,7.519999980926514,7.519999980926514,7.650000095367432,6.989999771118164,7.010000228881836,725300
2020-08-05,7.690000057220459,7.690000057220459,7.960000038146973,7.489999771118164,7.929999828338623,991600
2020-08-06,7.190000057220459,7.190000057220459,7.585999965667725,7.0,7.559999942779541,1044600
2020-08-07,7.440000057220459,7.440000057220459,7.449999809265137,7.03000020980835,7.139999866485596,674400
2020-08-10,8.0600004196167,8.0600004196167,8.260000228881836,7.599999904632568,7.599999904632568,850800
2020-08-11,8.029999732971191,8.029999732971191,8.680000305175781,7.980000019073486,8.399999618530273,814300
2020-08-12,8.239999771118164,8.239999771118164,8.380000114440918,8.069999694824219,8.220000267028809,581100
2020-08-13,8.449999809265137,8.449999809265137,8.880000114440918,8.3100004196167,8.460000038146973,977100
2020-08-14,8.720000267028809,8.720000267028809,8.760000228881836,8.289999961853027,8.3100004196167,467200
2020-08-17,8.399999618530273,8.399999618530273,8.789999961853027,8.229999542236328,8.789999961853027,452600
2020-08-18,8.109999656677246,8.109999656677246,8.289999961853027,7.960000038146973,8.25,455900
2020-08-19,7.96999979019165,7.96999979019165,8.210000038146973,7.949999809265137,8.210000038146973,431400
2020-08-20,7.699999809265137,7.699999809265137,7.820000171661377,7.53000020980835,7.789999961853027,594400
2020-08-21,7.320000171661377,7.320000171661377,7.659999847412109,7.300000190734863,7.570000171661377,822900
2020-08-24,7.489999771118164,7.489999771118164,7.659999847412109,7.175000190734863,7.349999904632568,1019000
2020-08-25,7.650000095367432,7.650000095367432,7.760000228881836,7.389999866485596,7.670000076293945,425300
2020-08-26,7.389999866485596,7.389999866485596,7.610000133514404,7.329999923706055,7.579999923706055,493400
2020-08-27,7.429999828338623,7.429999828338623,7.538000106811523,7.230000019073486,7.429999828338623,568200
2020-08-28,7.639999866485596,7.639999866485596,7.679999828338623,7.389999866485596,7.5,477500
2020-08-31,7.510000228881836,7.510000228881836,7.760000228881836,7.389999866485596,7.650000095367432,359700
2020-09-01,7.099999904632568,7.099999904632568,7.489999771118164,7.079999923706055,7.420000076293945,553000
2020-09-02,6.889999866485596,6.889999866485596,7.300000190734863,6.874000072479248,7.099999904632568,716300
2020-09-03,6.889999866485596,6.889999866485596,7.130000114440918,6.809999942779541,6.849999904632568,489000
2020-09-04,6.880000114440918,6.880000114440918,7.199999809265137,6.670000076293945,7.019999980926514,503300
2020-09-08,6.449999809265137,6.449999809265137,6.710999965667725,6.369999885559082,6.650000095367432,685300
2020-09-09,6.269999980926514,6.269999980926514,6.619999885559082,6.210000038146973,6.570000171661377,910900
2020-09-10,5.829999923706055,5.829999923706055,6.300000190734863,5.679999828338623,6.260000228881836,1170200
2020-09-11,5.71999979019165,5.71999979019165,5.949999809265137,5.619999885559082,5.940000057220459,718700
2020-09-14,5.650000095367432,5.650000095367432,5.75,5.525000095367432,5.739999771118164,1237000
2020-09-15,5.619999885559082,5.619999885559082,5.809999942779541,5.599999904632568,5.730000019073486,1060400
2020-09-16,6.309999942779541,6.309999942779541,6.429999828338623,5.614999771118164,5.710000038146973,1219700
2020-09-17,6.71999979019165,6.71999979019165,6.789999961853027,6.050000190734863,6.230000019073486,1138200
2020-09-18,6.679999828338623,6.679999828338623,6.869999885559082,6.460000038146973,6.739999771118164,986900
2020-09-21,6.130000114440918,6.130000114440918,6.413000106811523,5.980000019073486,6.400000095367432,499200
2020-09-22,5.96999979019165,5.96999979019165,6.28000020980835,5.900000095367432,6.150000095367432,285900
2020-09-23,5.579999923706055,5.579999923706055,6.03000020980835,5.570000171661377,5.949999809265137,686200
2020-09-24,5.559999942779541,5.559999942779541,5.760000228881836,5.389999866485596,5.579999923706055,412700
2020-09-25,5.960000038146973,5.960000038146973,5.960000038146973,5.429999828338623,5.5,570300
2020-09-28,6.25,6.25,6.375,5.870999813079834,6.079999923706055,666900
2020-09-29,6.260000228881836,6.260000228881836,6.269999980926514,5.980000019073486,6.25,626200
2020-09-30,6.449999809265137,6.449999809265137,6.579999923706055,6.28000020980835,6.320000171661377,658600
2020-10-01,6.369999885559082,6.369999885559082,6.5,6.21999979019165,6.389999866485596,418700
2020-10-02,6.619999885559082,6.619999885559082,6.730000019073486,6.050000190734863,6.110000133514404,498100
2020-10-05,6.880000114440918,6.880000114440918,6.940000057220459,6.670000076293945,6.789999961853027,391400
2020-10-06,6.210000038146973,6.210000038146973,7.079999923706055,6.199999809265137,6.920000076293945,1152200
2020-10-07,6.769999980926514,6.769999980926514,6.900000095367432,6.28000020980835,6.289999961853027,1150000
2020-10-08,7.210000038146973,7.210000038146973,7.320000171661377,6.519999980926514,6.869999885559082,756700
2020-10-09,6.940000057220459,6.940000057220459,7.380000114440918,6.829999923706055,7.340000152587891,594200
2020-10-12,6.960000038146973,6.960000038146973,7.059999942779541,6.670000076293945,6.829999923706055,479100
2020-10-13,6.75,6.75,7.039999961853027,6.730000019073486,6.880000114440918,442900
2020-10-14,7.010000228881836,7.010000228881836,7.25,6.739999771118164,6.739999771118164,541900
2020-10-15,7.239999771118164,7.239999771118164,7.25,6.690000057220459,6.929999828338623,517600
2020-10-16,7.039999961853027,7.039999961853027,7.289999961853027,6.96999979019165,7.199999809265137,381800
2020-10-19,6.889999866485596,6.889999866485596,7.230000019073486,6.820000171661377,7.059999942779541,419900
2020-10-20,7.0,7.0,7.130000114440918,6.820000171661377,6.989999771118164,366300
2020-10-21,6.670000076293945,6.670000076293945,7.065000057220459,6.619999885559082,7.0,718000
2020-10-22,7.369999885559082,7.369999885559082,7.400000095367432,6.650000095367432,6.650000095367432,740400
2020-10-23,7.519999980926514,7.519999980926514,7.614999771118164,7.21999979019165,7.400000095367432,512400
2020-10-26,6.889999866485596,6.889999866485596,7.380000114440918,6.800000190734863,7.380000114440918,435300
2020-10-27,6.579999923706055,6.579999923706055,6.909999847412109,6.550000190734863,6.909999847412109,500100
2020-10-28,6.25,6.25,6.449999809265137,6.0,6.449999809265137,537400
2020-10-29,6.409999847412109,6.409999847412109,6.46999979019165,5.949999809265137,6.110000133514404,720300
2020-10-30,6.579999923706055,6.579999923706055,6.630000114440918,6.284999847412109,6.420000076293945,506500
2020-11-02,6.679999828338623,6.679999828338623,6.75,6.400000095367432,6.590000152587891,386800
2020-11-03,6.349999904632568,6.349999904632568,6.920000076293945,6.269999980926514,6.860000133514404,456900
2020-11-04,6.139999866485596,6.139999866485596,6.361999988555908,6.050000190734863,6.309999942779541,556800
2020-11-05,6.050000190734863,6.050000190734863,6.329999923706055,6.010000228881836,6.150000095367432,784000
2020-11-06,5.809999942779541,5.809999942779541,6.111999988555908,5.710000038146973,6.039999961853027,894700
2020-11-09,6.960000038146973,6.960000038146973,7.150000095367432,6.389999866485596,6.389999866485596,1312700
2020-11-10,7.449999809265137,7.449999809265137,7.5,7.039999961853027,7.170000076293945,795500
2020-11-11,7.449999809265137,7.449999809265137,7.730000019073486,7.25,7.5,466900
2020-11-12,7.070000171661377,7.070000171661377,7.630000114440918,6.960000038146973,7.309999942779541,460800
2020-11-13,7.510000228881836,7.510000228881836,7.610000133514404,7.010000228881836,7.119999885559082,792500
2020-11-16,8.140000343322754,8.140000343322754,8.199999809265137,7.730000019073486,7.929999828338623,782400
2020-11-17,8.579999923706055,8.579999923706055,8.670000076293945,7.909999847412109,7.989999771118164,843100
2020-11-18,8.180000305175781,8.180000305175781,8.989999771118164,8.15999984741211,8.789999961853027,635700
2020-11-19,8.300000190734863,8.300000190734863,8.420000076293945,7.880000114440918,8.109999656677246,670300
2020-11-20,8.25,8.25,8.6899995803833,8.170000076293945,8.34000015258789,309800
2020-11-23,8.979999542236328,8.979999542236328,8.979999542236328,8.02299976348877,8.4399995803833,821200
2020-11-24,10.050000190734863,10.050000190734863,10.329999923706055,9.5,9.65999984741211,964100
2020-11-25,9.720000267028809,9.720000267028809,9.960000038146973,9.539999961853027,9.869999885559082,488100
2020-11-27,9.460000038146973,9.460000038146973,9.6899995803833,9.34000015258789,9.5600004196167,219100
2020-11-30,8.5600004196167,8.5600004196167,9.260000228881836,8.460000038146973,9.180000305175781,814500
2020-12-01,8.579999923706055,8.579999923706055,9.029999732971191,8.510000228881836,8.779999732971191,456000
2020-12-02,8.800000190734863,8.800000190734863,9.140000343322754,8.40999984741211,8.510000228881836,707300
2020-12-03,8.989999771118164,8.989999771118164,9.199999809265137,8.739999771118164,8.84000015258789,479400
2020-12-04,10.069999694824219,10.069999694824219,10.079999923706055,9.300000190734863,9.300000190734863,678200
2020-12-07,9.770000457763672,9.770000457763672,10.37600040435791,9.699999809265137,10.010000228881836,568400
2020-12-08,10.510000228881836,10.510000228881836,10.859999656677246,9.760000228881836,9.760000228881836,933500
2020-12-09,8.380000114440918,8.380000114440918,8.800000190734863,8.319999694824219,8.550000190734863,7632700
2020-12-10,9.069999694824219,9.069999694824219,9.220000267028809,8.520000457763672,8.619999885559082,3865500
2020-12-11,9.220000267028809,9.220000267028809,9.5,8.850000381469727,9.130000114440918,1695200
2020-12-14,9.210000038146973,9.210000038146973,9.550000190734863,8.729999542236328,9.520000457763672,1573300
2020-12-15,8.90999984741211,8.90999984741211,9.380000114440918,8.84000015258789,9.329999923706055,1331300
2020-12-16,8.75,8.75,9.039999961853027,8.619999885559082,8.890000343322754,1009800
2020-12-17,8.75,8.75,8.869999885559082,8.630000114440918,8.850000381469727,752100
2020-12-18,8.399999618530273,8.399999618530273,8.770000457763672,8.390000343322754,8.699999809265137,2790700
2020-12-21,8.029999732971191,8.029999732971191,8.329999923706055,7.800000190734863,8.0,1391200
2020-12-22,7.71999979019165,7.71999979019165,8.100000381469727,7.670000076293945,8.079999923706055,1187000
2020-12-23,8.239999771118164,8.239999771118164,8.529999732971191,7.796999931335449,7.840000152587891,941800
2020-12-24,8.210000038146973,8.210000038146973,8.329999923706055,8.0600004196167,8.329999923706055,256300
2020-12-28,8.050000190734863,8.050000190734863,8.470000267028809,7.960000038146973,8.369999885559082,457000
2020-12-29,8.039999961853027,8.039999961853027,8.130000114440918,7.849999904632568,8.130000114440918,509500
2020-12-30,8.25,8.25,8.479999542236328,8.0,8.010000228881836,455300
2020-12-31,8.239999771118164,8.239999771118164,8.375,8.100000381469727,8.149999618530273,535100
2021-01-04,8.489999771118164,8.489999771118164,8.65999984741211,8.149999618530273,8.5,593600
2021-01-05,9.279999732971191,9.279999732971191,9.600000381469727,8.550000190734863,8.5600004196167,1152700
2021-01-06,9.449999809265137,9.449999809265137,9.770000457763672,9.109999656677246,9.449999809265137,1395100
2021-01-07,9.600000381469727,9.600000381469727,9.75,9.399999618530273,9.649999618530273,479900
2021-01-08,9.34000015258789,9.34000015258789,9.9399995803833,9.199999809265137,9.9399995803833,610900
2021-01-11,9.670000076293945,9.670000076293945,9.720000267028809,8.949999809265137,9.0,559900
2021-01-12,10.59000015258789,10.59000015258789,10.739999771118164,9.800000190734863,9.880000114440918,1071600
2021-01-13,10.399999618530273,10.399999618530273,10.819999694824219,10.300000190734863,10.539999961853027,830100
2021-01-14,10.579999923706055,10.579999923706055,11.039999961853027,10.520000457763672,10.520000457763672,904900
2021-01-15,9.960000038146973,9.960000038146973,10.479999542236328,9.899999618530273,10.289999961853027,1123100
2021-01-19,11.079999923706055,11.079999923706055,11.65999984741211,10.710000038146973,10.880000114440918,1810000
2021-01-20,10.779999732971191,10.779999732971191,11.609999656677246,10.760000228881836,11.239999771118164,1284600
2021-01-21,9.8100004196167,9.8100004196167,10.9399995803833,9.670000076293945,10.789999961853027,1330400
2021-01-22,9.710000038146973,9.710000038146973,9.829999923706055,9.109999656677246,9.5600004196167,754900
2021-01-25,9.699999809265137,9.699999809265137,9.970000267028809,9.3100004196167,9.600000381469727,673300
2021-01-26,9.220000267028809,9.220000267028809,10.024999618530273,9.079999923706055,9.880000114440918,1226800
2021-01-27,8.859999656677246,8.859999656677246,9.739999771118164,8.770000457763672,9.020000457763672,1351000
2021-01-28,8.829999923706055,8.829999923706055,9.156000137329102,8.5600004196167,9.109999656677246,769500
2021-01-29,8.460000038146973,8.460000038146973,8.98900032043457,8.26099967956543,8.670000076293945,960700
2021-02-01,8.579999923706055,8.579999923706055,8.859999656677246,8.329999923706055,8.75,839300
2021-02-02,8.640000343322754,8.640000343322754,8.899999618530273,8.430000305175781,8.800000190734863,842600
2021-02-03,9.260000228881836,9.260000228881836,9.300000190734863,8.670000076293945,8.720000267028809,1145000
2021-02-04,9.1899995803833,9.1899995803833,9.428000450134277,8.90999984741211,9.369999885559082,570200
2021-02-05,9.220000267028809,9.220000267028809,9.369999885559082,9.09000015258789,9.350000381469727,901800
2021-02-08,9.640000343322754,9.640000343322754,9.899999618530273,9.399999618530273,9.5,1148300
2021-02-09,9.390000343322754,9.390000343322754,9.649999618530273,9.0600004196167,9.59000015258789,792600
2021-02-10,9.369999885559082,9.369999885559082,9.680000305175781,9.130000114440918,9.40999984741211,656700
2021-02-11,9.0,9.0,9.350000381469727,8.779999732971191,9.260000228881836,995800
2021-02-12,9.15999984741211,9.15999984741211,9.210000038146973,8.779999732971191,8.84000015258789,749400
2021-02-16,9.670000076293945,9.670000076293945,9.989999771118164,9.40999984741211,9.449999809265137,1243900
2021-02-17,9.949999809265137,9.949999809265137,10.0,9.460000038146973,9.720000267028809,985200
2021-02-18,9.350000381469727,9.350000381469727,10.020000457763672,9.329999923706055,9.859999656677246,1097300
2021-02-19,9.420000076293945,9.420000076293945,9.609999656677246,9.180000305175781,9.350000381469727,705200
2021-02-22,9.970000267028809,9.970000267028809,10.300000190734863,9.430000305175781,9.4399995803833,1164700
2021-02-23,9.970000267028809,9.970000267028809,10.100000381469727,9.25,10.010000228881836,715400
2021-02-24,10.899999618530273,10.899999618530273,11.0600004196167,10.069999694824219,10.100000381469727,1199800
2021-02-25,10.800000190734863,10.800000190734863,11.430000305175781,10.710000038146973,11.149999618530273,1011700
2021-02-26,10.59000015258789,10.59000015258789,10.789999961853027,9.970000267028809,10.489999771118164,797400
2021-03-01,10.899999618530273,10.899999618530273,11.15999984741211,10.609999656677246,11.0,566500
2021-03-02,10.470000267028809,10.470000267028809,11.109999656677246,10.420000076293945,10.8100004196167,544100
2021-03-03,11.15999984741211,11.15999984741211,11.649999618530273,10.595000267028809,10.699999809265137,1129100
2021-03-04,12.029999732971191,12.029999732971191,12.729999542236328,11.380000114440918,11.380000114440918,1318900
2021-03-05,13.5,13.5,13.75,12.6899995803833,12.800000190734863,1475900
2021-03-08,13.59000015258789,13.59000015258789,13.71500015258789,12.506999969482422,13.699999809265137,1855500
2021-03-09,13.0,13.0,13.449999809265137,12.699999809265137,13.3100004196167,1318100
2021-03-10,13.529999732971191,13.529999732971191,13.600000381469727,12.770000457763672,12.890000343322754,826300
2021-03-11,13.229999542236328,13.229999542236328,13.319999694824219,12.609999656677246,12.779999732971191,1977300
2021-03-12,14.229999542236328,14.229999542236328,14.300000190734863,12.75,13.069999694824219,1450900
2021-03-15,14.470000267028809,14.470000267028809,14.649999618530273,13.789999961853027,14.140000343322754,1363300
2021-03-16,13.8100004196167,13.8100004196167,14.300000190734863,13.609999656677246,14.050000190734863,902800
2021-03-17,13.609999656677246,13.609999656677246,13.789999961853027,13.140000343322754,13.510000228881836,802800
2021-03-18,12.390000343322754,12.390000343322754,13.859999656677246,12.279999732971191,13.489999771118164,1013500
2021-03-19,12.880000114440918,12.880000114440918,13.180000305175781,12.369999885559082,12.520000457763672,2739100
2021-03-22,12.859999656677246,12.859999656677246,12.975000381469727,12.260000228881836,12.899999618530273,849200
2021-03-23,12.270000457763672,12.270000457763672,12.920000076293945,12.109999656677246,12.3100004196167,618400
2021-03-24,12.40999984741211,12.40999984741211,12.90999984741211,12.380000114440918,12.710000038146973,931300
2021-03-25,12.149999618530273,12.149999618530273,12.279999732971191,11.699999809265137,12.020000457763672,1222500
2021-03-26,12.5,12.5,12.739999771118164,12.149999618530273,12.569999694824219,1083200
2021-03-29,12.220000267028809,12.220000267028809,12.539999961853027,12.020000457763672,12.460000038146973,442100
2021-03-30,12.15999984741211,12.15999984741211,12.34000015258789,11.970999717712402,12.0,496600
2021-03-31,12.039999961853027,12.039999961853027,12.220000267028809,11.869999885559082,12.039999961853027,808100
2021-04-01,12.920000076293945,12.920000076293945,12.920000076293945,12.079999923706055,12.079999923706055,403900
2021-04-05,12.170000076293945,12.170000076293945,12.930000305175781,12.119999885559082,12.920000076293945,412200
2021-04-06,12.220000267028809,12.220000267028809,12.670000076293945,12.149999618530273,12.270000457763672,521400
2021-04-07,12.210000038146973,12.210000038146973,12.329999923706055,12.020000457763672,12.239999771118164,286900
2021-04-08,11.770000457763672,11.770000457763672,12.0600004196167,11.710000038146973,12.0600004196167,502100
2021-04-09,11.729999542236328,11.729999542236328,11.989999771118164,11.550000190734863,11.770000457763672,456200
2021-04-12,11.319999694824219,11.319999694824219,11.989999771118164,11.289999961853027,11.930000305175781,556000
2021-04-13,11.609999656677246,11.609999656677246,11.739999771118164,11.270000457763672,11.34000015258789,543000
2021-04-14,12.289999961853027,12.289999961853027,12.640000343322754,11.829999923706055,11.829999923706055,542100
2021-04-15,11.989999771118164,11.989999771118164,12.300000190734863,11.880000114440918,12.260000228881836,402800
2021-04-16,11.800000190734863,11.800000190734863,12.0600004196167,11.611000061035156,12.039999961853027,427100
2021-04-19,11.75,11.75,12.119999885559082,11.5600004196167,11.930000305175781,358700
2021-04-20,11.140000343322754,11.140000343322754,11.880000114440918,11.050000190734863,11.880000114440918,399700
2021-04-21,11.34000015258789,11.34000015258789,11.430000305175781,10.600000381469727,10.850000381469727,356700
2021-04-22,11.199999809265137,11.199999809265137,11.489999771118164,11.029999732971191,11.430000305175781,262400
2021-04-23,11.109999656677246,11.109999656677246,11.300000190734863,10.880000114440918,11.069999694824219,348800
2021-04-26,10.819999694824219,10.819999694824219,11.390000343322754,10.770000457763672,11.0,709300
2021-04-27,11.149999618530273,11.149999618530273,11.220000267028809,10.774999618530273,10.869999885559082,654000
2021-04-28,11.739999771118164,11.739999771118164,11.899999618530273,11.170000076293945,11.199999809265137,565700
2021-04-29,11.850000381469727,11.850000381469727,12.170000076293945,11.59000015258789,11.970000267028809,548500
2021-04-30,11.1899995803833,11.1899995803833,11.880000114440918,11.180000305175781,11.59000015258789,335400
2021-05-03,11.739999771118164,11.739999771118164,11.819999694824219,11.345000267028809,11.520000457763672,533300
2021-05-04,11.619999885559082,11.619999885559082,11.880000114440918,11.300000190734863,11.800000190734863,265300
2021-05-05,12.359999656677246,12.359999656677246,12.460000038146973,11.699999809265137,11.880000114440918,511000
2021-05-06,12.289999961853027,12.289999961853027,12.5,11.699999809265137,12.300000190734863,661700
2021-05-07,12.550000190734863,12.550000190734863,12.614999771118164,11.819999694824219,12.0,567500
2021-05-10,12.369999885559082,12.369999885559082,13.239999771118164,12.329999923706055,12.670000076293945,505100
2021-05-11,12.510000228881836,12.510000228881836,12.645000457763672,11.970000267028809,12.25,371000
2021-05-12,12.630000114440918,12.630000114440918,13.199999809265137,12.510000228881836,12.569999694824219,546300
2021-05-13,12.350000381469727,12.350000381469727,13.09000015258789,12.114999771118164,12.430000305175781,639500
2021-05-14,12.729999542236328,12.729999542236328,12.90999984741211,12.479999542236328,12.65999984741211,349100
2021-05-17,13.140000343322754,13.140000343322754,13.34000015258789,12.600000381469727,12.640000343322754,604300
2021-05-18,13.109999656677246,13.109999656677246,13.289999961853027,12.9399995803833,13.229999542236328,480600
2021-05-19,12.609999656677246,12.609999656677246,12.90999984741211,12.25,12.670000076293945,310600
2021-05-20,12.779999732971191,12.779999732971191,12.819999694824219,12.100000381469727,12.520000457763672,437200
2021-05-21,13.550000190734863,13.550000190734863,13.819999694824219,12.829999923706055,13.109999656677246,766300
2021-05-24,13.989999771118164,13.989999771118164,14.100000381469727,13.479999542236328,13.819999694824219,564400
2021-05-25,13.479999542236328,13.479999542236328,14.25,13.449999809265137,14.050000190734863,515300
2021-05-26,13.899999618530273,13.899999618530273,13.960000038146973,13.5,13.59000015258789,356100
2021-05-27,13.9399995803833,13.9399995803833,14.140000343322754,13.760000228881836,13.979999542236328,686800
2021-05-28,14.180000305175781,14.180000305175781,14.270000457763672,13.960000038146973,14.15999984741211,469000
2021-06-01,14.850000381469727,14.850000381469727,15.130000114440918,14.5,14.600000381469727,867900
2021-06-02,15.350000381469727,15.350000381469727,15.520000457763672,14.869999885559082,15.069999694824219,832400
2021-06-03,15.420000076293945,15.420000076293945,15.569999694824219,15.010000228881836,15.260000228881836,545200
2021-06-04,16.1200008392334,16.1200008392334,16.229999542236328,15.199999809265137,15.539999961853027,638700
2021-06-07,16.010000228881836,16.010000228881836,16.420000076293945,15.90999984741211,16.040000915527344,725300
2021-06-08,16.989999771118164,16.989999771118164,17.139999389648438,15.819999694824219,16.280000686645508,896000
2021-06-09,16.43000030517578,16.43000030517578,17.079999923706055,16.364999771118164,16.969999313354492,684300
2021-06-10,16.399999618530273,16.399999618530273,16.81999969482422,16.020000457763672,16.739999771118164,533400
2021-06-11,16.90999984741211,16.90999984741211,16.920000076293945,16.40999984741211,16.40999984741211,570000
2021-06-14,16.59000015258789,16.59000015258789,17.270000457763672,16.549999237060547,17.030000686645508,584200
2021-06-15,17.239999771118164,17.239999771118164,17.239999771118164,16.65999984741211,16.700000762939453,637900
2021-06-16,17.770000457763672,17.770000457763672,17.895000457763672,16.889999389648438,17.079999923706055,872500
2021-06-17,17.260000228881836,17.260000228881836,18.239999771118164,16.908000946044922,17.81999969482422,1260200
2021-06-18,17.06999969482422,17.06999969482422,17.3700008392334,16.540000915527344,16.68000030517578,2368800
2021-06-21,18.139999389648438,18.139999389648438,18.149999618530273,17.200000762939453,17.200000762939453,962700
2021-06-22,18.149999618530273,18.149999618530273,18.209999084472656,17.479999542236328,17.834999084472656,528200
2021-06-23,18.649999618530273,18.649999618530273,18.93000030517578,18.15999984741211,18.239999771118164,1192600
2021-06-24,17.450000762939453,17.450000762939453,17.729999542236328,17.239999771118164,17.40999984741211,3543500
2021-06-25,17.010000228881836,17.010000228881836,17.790000915527344,17.0,17.600000381469727,5692700
2021-06-28,16.170000076293945,16.170000076293945,16.969999313354492,16.0,16.969999313354492,1485100
2021-06-29,15.680000305175781,15.680000305175781,16.690000534057617,15.640000343322754,16.31999969482422,1094000
2021-06-30,15.640000343322754,15.640000343322754,16.0,15.4399995803833,15.829999923706055,1140100
2021-07-01,16.399999618530273,16.399999618530273,16.549999237060547,15.892999649047852,16.139999389648438,816600
2021-07-02,16.09000015258789,16.09000015258789,16.31999969482422,15.944999694824219,16.200000762939453,601200
2021-07-06,14.819999694824219,14.819999694824219,15.6899995803833,14.630000114440918,15.6899995803833,1171000
2021-07-07,14.149999618530273,14.149999618530273,15.1899995803833,14.130000114440918,14.859999656677246,884700
2021-07-08,14.25,14.25,14.380000114440918,13.6899995803833,13.75,714400
2021-07-09,14.539999961853027,14.539999961853027,14.680000305175781,14.130000114440918,14.449999809265137,515400
2021-07-12,14.380000114440918,14.380000114440918,14.479999542236328,14.109999656677246,14.359999656677246,462400
2021-07-13,13.979999542236328,13.979999542236328,14.265000343322754,13.720000267028809,14.170000076293945,538800
2021-07-14,13.289999961853027,13.289999961853027,14.270000457763672,13.180000305175781,14.050000190734863,788400
2021-07-15,12.600000381469727,12.600000381469727,13.34000015258789,12.5,13.010000228881836,993700
2021-07-16,11.84000015258789,11.84000015258789,12.829999923706055,11.8100004196167,12.779999732971191,910700
2021-07-19,10.930000305175781,10.930000305175781,11.609999656677246,10.899999618530273,11.229999542236328,1710700
2021-07-20,11.130000114440918,11.130000114440918,11.4350004196167,10.859999656677246,11.069999694824219,1011800
2021-07-21,11.640000343322754,11.640000343322754,11.859999656677246,11.4399995803833,11.479999542236328,832500
2021-07-22,11.270000457763672,11.270000457763672,11.710000038146973,11.1899995803833,11.65999984741211,655100
2021-07-23,10.920000076293945,10.920000076293945,11.350000381469727,10.789999961853027,11.350000381469727,464500
2021-07-26,11.529999732971191,11.529999732971191,11.59000015258789,10.949999809265137,10.970000267028809,880900
2021-07-27,11.300000190734863,11.300000190734863,11.520000457763672,11.140000343322754,11.350000381469727,775000
2021-07-28,11.670000076293945,11.670000076293945,11.875,11.25,11.430000305175781,723600
2021-07-29,11.739999771118164,11.739999771118164,11.970000267028809,11.609999656677246,11.899999618530273,697700
2021-07-30,11.539999961853027,11.539999961853027,11.75,11.359999656677246,11.75,562100
2021-08-02,11.229999542236328,11.229999542236328,12.029999732971191,11.130000114440918,11.449999809265137,905900
2021-08-03,11.369999885559082,11.369999885559082,11.593999862670898,10.9399995803833,10.989999771118164,714600
2021-08-04,10.460000038146973,10.460000038146973,11.25,10.319999694824219,10.880000114440918,1779100
2021-08-05,10.789999961853027,10.789999961853027,11.220000267028809,10.649999618530273,10.649999618530273,656600
2021-08-06,11.0,11.0,11.260000228881836,10.819999694824219,11.029999732971191,462000
2021-08-09,10.649999618530273,10.649999618530273,10.96500015258789,10.550000190734863,10.699999809265137,459000
2021-08-10,10.949999809265137,10.949999809265137,11.039999961853027,10.640000343322754,10.829999923706055,353800
2021-08-11,11.09000015258789,11.09000015258789,11.100000381469727,10.59000015258789,10.875,427600
2021-08-12,10.869999885559082,10.869999885559082,11.229999542236328,10.699999809265137,10.989999771118164,334400
2021-08-13,10.279999732971191,10.279999732971191,10.789999961853027,10.279999732971191,10.789999961853027,525900
2021-08-16,9.859999656677246,9.859999656677246,10.149999618530273,9.760000228881836,9.989999771118164,774200
2021-08-17,9.699999809265137,9.699999809265137,10.039999961853027,9.65999984741211,9.710000038146973,605400
2021-08-18,9.34000015258789,9.34000015258789,9.854999542236328,9.319999694824219,9.670000076293945,742200
2021-08-19,8.920000076293945,8.920000076293945,9.260000228881836,8.800000190734863,9.069999694824219,782500
2021-08-20,8.989999771118164,8.989999771118164,9.210000038146973,8.75,8.75,1194300
2021-08-23,9.6899995803833,9.6899995803833,9.819999694824219,9.489999771118164,9.609999656677246,565500
2021-08-24,10.829999923706055,10.829999923706055,10.829999923706055,9.760000228881836,9.760000228881836,1211600
2021-08-25,11.029999732971191,11.029999732971191,11.229999542236328,10.520000457763672,10.829999923706055,723000
2021-08-26,11.510000228881836,11.510000228881836,11.8100004196167,11.260000228881836,11.359999656677246,1129000
2021-08-27,12.420000076293945,12.420000076293945,12.75,11.65999984741211,11.65999984741211,980400
2021-08-30,12.15999984741211,12.15999984741211,12.720999717712402,12.069999694824219,12.630000114440918,580100
2021-08-31,12.399999618530273,12.399999618530273,12.489999771118164,11.859999656677246,12.050000190734863,468600
2021-09-01,12.260000228881836,12.260000228881836,12.539999961853027,12.140000343322754,12.319999694824219,616900
2021-09-02,12.949999809265137,12.949999809265137,13.329999923706055,12.437999725341797,12.520000457763672,758300
2021-09-03,12.729999542236328,12.729999542236328,13.0600004196167,12.600000381469727,12.869999885559082,475900
2021-09-07,12.770000457763672,12.770000457763672,12.890000343322754,12.4399995803833,12.4399995803833,800200
2021-09-08,12.600000381469727,12.600000381469727,13.319999694824219,12.569999694824219,13.109999656677246,644100
2021-09-09,12.579999923706055,12.579999923706055,12.859999656677246,12.28499984741211,12.420000076293945,549900
2021-09-10,12.479999542236328,12.479999542236328,12.894000053405762,12.40999984741211,12.829999923706055,533100
2021-09-13,13.5,13.5,13.720000267028809,12.744999885559082,12.800000190734863,1292400
2021-09-14,12.869999885559082,12.869999885559082,13.869999885559082,12.819999694824219,13.829999923706055,994300
2021-09-15,13.850000381469727,13.850000381469727,13.859999656677246,13.234999656677246,13.270000457763672,889900
2021-09-16,13.210000038146973,13.210000038146973,13.800000190734863,13.15999984741211,13.770000457763672,791400
2021-09-17,13.039999961853027,13.039999961853027,13.350000381469727,12.850000381469727,13.210000038146973,3206600
2021-09-20,12.300000190734863,12.300000190734863,12.729999542236328,12.020000457763672,12.430000305175781,824400
2021-09-21,12.3100004196167,12.3100004196167,12.800000190734863,11.890000343322754,12.5600004196167,1290300
2021-09-22,12.859999656677246,12.859999656677246,13.069999694824219,12.630000114440918,12.6899995803833,647800
2021-09-23,13.770000457763672,13.770000457763672,13.770000457763672,12.800000190734863,13.0600004196167,640500
2021-09-24,13.670000076293945,13.670000076293945,13.880000114440918,13.539999961853027,13.539999961853027,797000
2021-09-27,13.890000343322754,13.890000343322754,14.430000305175781,13.829999923706055,14.220000267028809,1574000
2021-09-28,13.489999771118164,13.489999771118164,14.220000267028809,13.430000305175781,14.039999961853027,725600
2021-09-29,13.6899995803833,13.6899995803833,13.760000228881836,13.100000381469727,13.5600004196167,811700
2021-09-30,13.770000457763672,13.770000457763672,13.920000076293945,13.140000343322754,13.510000228881836,988100
2021-10-01,14.460000038146973,14.460000038146973,14.604999542236328,13.84000015258789,13.960000038146973,774800
2021-10-04,13.930000305175781,13.930000305175781,14.914999961853027,13.781000137329102,14.84000015258789,1212500
2021-10-05,14.149999618530273,14.149999618530273,14.505000114440918,13.819999694824219,14.210000038146973,978600
2021-10-06,13.149999618530273,13.149999618530273,13.970000267028809,13.100000381469727,13.649999618530273,611100
2021-10-07,13.420000076293945,13.420000076293945,13.574999809265137,12.890000343322754,13.199999809265137,873300
2021-10-08,13.430000305175781,13.430000305175781,13.850000381469727,13.289999961853027,13.529999732971191,616100
2021-10-11,13.699999809265137,13.699999809265137,14.029999732971191,13.609999656677246,13.859999656677246,520400
2021-10-12,13.220000267028809,13.220000267028809,13.880000114440918,13.149999618530273,13.649999618530273,489900
2021-10-13,12.609999656677246,12.609999656677246,12.994999885559082,12.420000076293945,12.994999885559082,844200
2021-10-14,12.539999961853027,12.539999961853027,12.899999618530273,12.470000267028809,12.859999656677246,818200
2021-10-15,12.539999961853027,12.539999961853027,13.239999771118164,12.529999732971191,12.949999809265137,548200
2021-10-18,12.359999656677246,12.359999656677246,13.239999771118164,12.21500015258789,12.829999923706055,559200
2021-10-19,12.420000076293945,12.420000076293945,12.699999809265137,12.140000343322754,12.420000076293945,608300
2021-10-20,12.710000038146973,12.710000038146973,12.710000038146973,12.0600004196167,12.220000267028809,635300
2021-10-21,12.390000343322754,12.390000343322754,12.550000190734863,12.180000305175781,12.25,789100
2021-10-22,12.630000114440918,12.630000114440918,12.630000114440918,12.180000305175781,12.420000076293945,585400
2021-10-25,13.300000190734863,13.300000190734863,13.359999656677246,12.710000038146973,12.710000038146973,996900
2021-10-26,13.420000076293945,13.420000076293945,13.765000343322754,13.260000228881836,13.520000457763672,960800
2021-10-27,12.460000038146973,12.460000038146973,13.119999885559082,12.380000114440918,13.029999732971191,997200
2021-10-28,12.449999809265137,12.449999809265137,12.5,12.130000114440918,12.329999923706055,643900
2021-10-29,12.970000267028809,12.970000267028809,12.989999771118164,12.180000305175781,12.489999771118164,841000
2021-11-01,13.649999618530273,13.649999618530273,13.925000190734863,13.350000381469727,13.420000076293945,629700
2021-11-02,13.270000457763672,13.270000457763672,13.550000190734863,13.039999961853027,13.550000190734863,568300
2021-11-03,13.220000267028809,13.220000267028809,13.569999694824219,13.010000228881836,13.289999961853027,614500
2021-11-04,12.880000114440918,12.880000114440918,13.859999656677246,12.680000305175781,13.130000114440918,854900
2021-11-05,13.010000228881836,13.010000228881836,13.25,12.640000343322754,13.170000076293945,642100
2021-11-08,13.050000190734863,13.050000190734863,13.359999656677246,12.850000381469727,13.170000076293945,542400
2021-11-09,11.59000015258789,11.59000015258789,12.069999694824219,11.1850004196167,12.010000228881836,3450400
2021-11-10,10.84000015258789,10.84000015258789,11.619999885559082,10.680000305175781,11.59000015258789,1528700
2021-11-11,10.760000228881836,10.760000228881836,11.09000015258789,10.609999656677246,10.890000343322754,943300
2021-11-12,10.5,10.5,10.649999618530273,10.34000015258789,10.550000190734863,1446800
2021-11-15,10.84000015258789,10.84000015258789,11.024999618530273,10.25,10.5600004196167,1575600
2021-11-16,11.0,11.0,11.300000190734863,10.850000381469727,10.970000267028809,1575500
2021-11-17,10.470000267028809,10.470000267028809,10.989999771118164,10.359999656677246,10.699999809265137,1501000
2021-11-18,10.210000038146973,10.210000038146973,10.619000434875488,10.130000114440918,10.539999961853027,1174200
2021-11-19,9.649999618530273,9.649999618530273,9.972999572753906,9.470000267028809,9.850000381469727,1973500
2021-11-22,10.25,10.25,10.630000114440918,10.170000076293945,10.350000381469727,1742900
2021-11-23,10.619999885559082,10.619999885559082,10.710000038146973,10.239999771118164,10.460000038146973,1983300
2021-11-24,10.979999542236328,10.979999542236328,11.149999618530273,10.609999656677246,10.609999656677246,980800
2021-11-26,10.25,10.25,10.260000228881836,9.65999984741211,10.0,1233300
2021-11-29,10.369999885559082,10.369999885559082,10.770000457763672,10.265000343322754,10.630000114440918,1372300
2021-11-30,9.970000267028809,9.970000267028809,10.206000328063965,9.755999565124512,10.079999923706055,1295100
2021-12-01,9.479999542236328,9.479999542236328,10.449999809265137,9.479999542236328,10.399999618530273,1516100
2021-12-02,9.859999656677246,9.859999656677246,10.020000457763672,9.239999771118164,9.520000457763672,1185300
2021-12-03,9.890000343322754,9.890000343322754,10.199999809265137,9.710000038146973,10.130000114440918,903300
2021-12-06,10.5,10.5,10.680000305175781,9.84000015258789,10.09000015258789,842200
2021-12-07,10.880000114440918,10.880000114440918,11.170000076293945,10.710000038146973,10.779999732971191,819100
2021-12-08,10.869999885559082,10.869999885559082,11.029999732971191,10.670000076293945,10.819999694824219,690300
2021-12-09,10.289999961853027,10.289999961853027,10.65999984741211,10.239999771118164,10.619999885559082,1130700
2021-12-10,10.0,10.0,10.425000190734863,9.600000381469727,10.399999618530273,1378600
2021-12-13,9.609999656677246,9.609999656677246,9.885000228881836,9.300000190734863,9.84000015258789,1269700
2021-12-14,9.729999542236328,9.729999542236328,9.871000289916992,9.359999656677246,9.449999809265137,1166200
2021-12-15,9.510000228881836,9.510000228881836,9.720000267028809,9.092000007629395,9.720000267028809,1275500
2021-12-16,9.34000015258789,9.34000015258789,9.880000114440918,9.255000114440918,9.640000343322754,985000
2021-12-17,9.319999694824219,9.319999694824219,9.399999618530273,8.90999984741211,9.1899995803833,2724200
2021-12-20,8.9399995803833,8.9399995803833,9.019000053405762,8.569999694824219,8.920000076293945,1212400
2021-12-21,10.0,10.0,10.039999961853027,9.0,9.140000343322754,1153800
2021-12-22,10.020000457763672,10.020000457763672,10.104999542236328,9.710000038146973,9.9399995803833,741900
2021-12-23,9.819999694824219,9.819999694824219,10.100000381469727,9.8100004196167,10.069999694824219,595900
2021-12-27,10.3100004196167,10.3100004196167,10.319999694824219,9.520000457763672,9.75,812200
2021-12-28,9.989999771118164,9.989999771118164,10.600000381469727,9.960000038146973,10.390000343322754,1172400
2021-12-29,10.020000457763672,10.020000457763672,10.0600004196167,9.760000228881836,9.90999984741211,999000
2021-12-30,10.069999694824219,10.069999694824219,10.319999694824219,10.039999961853027,10.100000381469727,1101000
2021-12-31,9.800000190734863,9.800000190734863,10.0600004196167,9.65999984741211,9.899999618530273,946300
2022-01-03,10.149999618530273,10.149999618530273,10.25,9.824999809265137,9.869999885559082,2365900
2022-01-04,10.760000228881836,10.760000228881836,10.800000190734863,10.079999923706055,10.300000190734863,2051100
2022-01-05,10.760000228881836,10.760000228881836,11.3100004196167,10.614999771118164,10.899999618530273,2998500
2022-01-06,10.880000114440918,10.880000114440918,11.36299991607666,10.84000015258789,11.170000076293945,1669200
2022-01-07,10.930000305175781,10.930000305175781,11.020000457763672,10.369999885559082,10.890000343322754,3008100
2022-01-10,10.34000015258789,10.34000015258789,10.6899995803833,10.130000114440918,10.34000015258789,1524000
2022-01-11,11.420000076293945,11.420000076293945,11.489999771118164,10.430000305175781,10.779999732971191,1851800
2022-01-12,11.430000305175781,11.430000305175781,11.675000190734863,11.260000228881836,11.470000267028809,1127200
2022-01-13,11.050000190734863,11.050000190734863,11.569999694824219,11.010000228881836,11.430000305175781,537100
2022-01-14,11.3100004196167,11.3100004196167,11.369999885559082,10.90999984741211,11.050000190734863,1063400
2022-01-18,11.069999694824219,11.069999694824219,11.75,10.920000076293945,11.529999732971191,1137600
2022-01-19,11.020000457763672,11.020000457763672,11.34000015258789,10.869999885559082,11.300000190734863,932900
2022-01-20,10.229999542236328,10.229999542236328,11.194999694824219,10.220000267028809,10.850000381469727,1050200
2022-01-21,9.779999732971191,9.779999732971191,10.199999809265137,9.649999618530273,10.039999961853027,1737100
2022-01-24,10.130000114440918,10.130000114440918,10.180000305175781,9.079999923706055,9.5,1593500
2022-01-25,10.470000267028809,10.470000267028809,10.579999923706055,9.579999923706055,9.979999542236328,937300
2022-01-26,10.1899995803833,10.1899995803833,10.859999656677246,10.109999656677246,10.800000190734863,1059500
2022-01-27,10.239999771118164,10.239999771118164,10.600000381469727,10.020000457763672,10.479999542236328,1380800
2022-01-28,10.300000190734863,10.300000190734863,10.369999885559082,9.84000015258789,10.194999694824219,1288400
2022-01-31,10.640000343322754,10.640000343322754,10.789999961853027,10.149999618530273,10.329999923706055,908800
2022-02-01,11.289999961853027,11.289999961853027,11.3149995803833,10.529999732971191,10.609999656677246,1066400
2022-02-02,11.350000381469727,11.350000381469727,11.387999534606934,10.819999694824219,11.289999961853027,1115900
2022-02-03,11.170000076293945,11.170000076293945,11.385000228881836,10.885000228881836,11.239999771118164,1135500
2022-02-04,11.630000114440918,11.630000114440918,12.010000228881836,11.329999923706055,11.4399995803833,1260400
2022-02-07,11.630000114440918,11.630000114440918,11.720000267028809,11.34000015258789,11.40999984741211,1113000
2022-02-08,10.90999984741211,10.90999984741211,11.720000267028809,10.885000228881836,11.630000114440918,1278500
2022-02-09,11.079999923706055,11.079999923706055,11.260000228881836,10.800000190734863,10.859999656677246,1194800
2022-02-10,11.529999732971191,11.529999732971191,11.954999923706055,10.899999618530273,10.899999618530273,1471200
2022-02-11,12.800000190734863,12.800000190734863,12.880000114440918,11.579999923706055,11.720000267028809,2152200
2022-02-14,12.149999618530273,12.149999618530273,12.729999542236328,12.020000457763672,12.729999542236328,1135200
2022-02-15,11.869999885559082,11.869999885559082,11.9399995803833,11.350000381469727,11.630000114440918,836900
2022-02-16,12.460000038146973,12.460000038146973,13.100000381469727,12.140000343322754,12.140000343322754,1606500
2022-02-17,12.600000381469727,12.600000381469727,12.680000305175781,12.270000457763672,12.380000114440918,683500
2022-02-18,12.15999984741211,12.15999984741211,12.579999923706055,11.970000267028809,12.210000038146973,714500
2022-02-22,12.279999732971191,12.279999732971191,12.710000038146973,11.869999885559082,12.619999885559082,1161300
2022-02-23,12.880000114440918,12.880000114440918,13.03600025177002,12.34000015258789,12.4399995803833,1092000
2022-02-24,13.180000305175781,13.180000305175781,13.569999694824219,12.640000343322754,13.109999656677246,1901900
2022-02-25,14.119999885559082,14.119999885559082,14.140000343322754,12.75,13.140000343322754,1636200
2022-02-28,15.710000038146973,15.710000038146973,15.720000267028809,13.859999656677246,13.90999984741211,1680900
2022-03-01,17.139999389648438,17.139999389648438,17.149999618530273,15.779999732971191,15.930000305175781,3073000
2022-03-02,17.360000610351562,17.360000610351562,17.690000534057617,16.75,17.170000076293945,2152800
2022-03-03,17.34000015258789,17.34000015258789,17.610000610351562,16.889999389648438,17.0,1284400
2022-03-04,18.09000015258789,18.09000015258789,18.489999771118164,17.190000534057617,17.600000381469727,1665100
2022-03-07,18.579999923706055,18.579999923706055,19.639999389648438,18.049999237060547,18.450000762939453,1914400
2022-03-08,17.469999313354492,17.469999313354492,19.0,16.840999603271484,18.84000015258789,3939600
2022-03-09,16.760000228881836,16.760000228881836,17.229999542236328,16.274999618530273,16.770000457763672,1927700
2022-03-10,16.739999771118164,16.739999771118164,17.270000457763672,16.610000610351562,16.989999771118164,1432700
2022-03-11,15.6899995803833,15.6899995803833,16.600000381469727,15.670000076293945,16.3700008392334,1181200
2022-03-14,14.930000305175781,14.930000305175781,15.380000114440918,14.369999885559082,15.239999771118164,2066600
2022-03-15,14.550000190734863,14.550000190734863,15.100000381469727,13.90999984741211,14.069999694824219,2035600
2022-03-16,14.210000038146973,14.210000038146973,14.850000381469727,14.0,14.65999984741211,1665400
2022-03-17,15.319999694824219,15.319999694824219,15.430000305175781,14.614999771118164,14.699999809265137,1588700
2022-03-18,15.130000114440918,15.130000114440918,15.25,14.770000457763672,15.25,1761200
2022-03-21,15.479999542236328,15.479999542236328,15.649999618530273,15.140000343322754,15.5,1929000
2022-03-22,15.539999961853027,15.539999961853027,15.76099967956543,15.0600004196167,15.5,1801500
2022-03-23,15.739999771118164,15.739999771118164,16.1299991607666,15.510000228881836,15.90999984741211,2138700
2022-03-24,15.779999732971191,15.779999732971191,15.979999542236328,15.529999732971191,15.890000343322754,1061100
2022-03-25,16.600000381469727,16.600000381469727,16.6200008392334,15.6899995803833,15.6899995803833,1099600
2022-03-28,15.90999984741211,15.90999984741211,16.15999984741211,15.479999542236328,16.040000915527344,1799500
2022-03-29,15.869999885559082,15.869999885559082,15.928999900817871,14.960000038146973,15.270000457763672,959500
2022-03-30,16.510000228881836,16.510000228881836,16.725000381469727,16.110000610351562,16.219999313354492,1329600
2022-03-31,15.789999961853027,15.789999961853027,16.75,15.694999694824219,16.18000030517578,915200
2022-04-01,17.049999237060547,17.049999237060547,17.059999465942383,15.75,15.75,1463700
2022-04-04,17.209999084472656,17.209999084472656,17.579999923706055,16.809999465942383,17.389999389648438,1246900
2022-04-05,16.799999237060547,16.799999237060547,17.719999313354492,16.770000457763672,17.520000457763672,768400
2022-04-06,17.3700008392334,17.3700008392334,17.610000610351562,16.799999237060547,17.239999771118164,1309300
2022-04-07,17.799999237060547,17.799999237060547,18.059999465942383,17.260000228881836,17.639999389648438,1191900
2022-04-08,18.729999542236328,18.729999542236328,18.950000762939453,17.950000762939453,18.049999237060547,1035400
2022-04-11,18.1299991607666,18.1299991607666,18.559999465942383,17.895000457763672,18.450000762939453,852100
2022-04-12,18.600000381469727,18.600000381469727,19.440000534057617,18.510000228881836,18.559999465942383,1085100
2022-04-13,18.760000228881836,18.760000228881836,19.479999542236328,18.610000610351562,18.899999618530273,601600
2022-04-14,19.950000762939453,19.950000762939453,20.399999618530273,19.06100082397461,19.079999923706055,1888100
2022-04-18,20.0,20.0,20.600000381469727,19.75,20.299999237060547,1237800
2022-04-19,19.600000381469727,19.600000381469727,20.010000228881836,19.34000015258789,19.649999618530273,1147600
2022-04-20,20.149999618530273,20.149999618530273,20.358999252319336,19.329999923706055,19.84000015258789,951600
2022-04-21,18.860000610351562,18.860000610351562,20.429000854492188,18.690000534057617,20.25,1436300
2022-04-22,18.020000457763672,18.020000457763672,19.19499969482422,17.829999923706055,18.780000686645508,1038100
2022-04-25,17.969999313354492,17.969999313354492,18.049999237060547,16.670000076293945,17.329999923706055,1361200
2022-04-26,17.860000610351562,17.860000610351562,18.6200008392334,17.649999618530273,18.139999389648438,865300
2022-04-27,18.18000030517578,18.18000030517578,18.469999313354492,17.280000686645508,17.860000610351562,647100
2022-04-28,18.860000610351562,18.860000610351562,19.049999237060547,17.649999618530273,18.219999313354492,744500
2022-04-29,18.170000076293945,18.170000076293945,19.100000381469727,17.940000534057617,19.020000457763672,614800
2022-05-02,18.15999984741211,18.15999984741211,18.479999542236328,17.3799991607666,17.979999542236328,1566900
2022-05-03,19.549999237060547,19.549999237060547,19.790000915527344,18.299999237060547,18.299999237060547,1944100
2022-05-04,20.799999237060547,20.799999237060547,20.8799991607666,19.559999465942383,20.100000381469727,1275600
2022-05-05,19.81999969482422,19.81999969482422,21.3700008392334,19.100000381469727,21.040000915527344,1365800
2022-05-06,19.850000381469727,19.850000381469727,20.25,19.329999923706055,20.1299991607666,892300
2022-05-09,17.450000762939453,17.450000762939453,19.200000762939453,17.209999084472656,19.1299991607666,1600500
2022-05-10,17.889999389648438,17.889999389648438,18.700000762939453,17.0,17.780000686645508,1290800
2022-05-11,17.56999969482422,17.56999969482422,18.75,17.54400062561035,18.65999984741211,1125100
2022-05-12,17.600000381469727,17.600000381469727,17.639999389648438,16.780000686645508,17.5,1197000
2022-05-13,18.649999618530273,18.649999618530273,18.889999389648438,18.04199981689453,18.059999465942383,1482800
2022-05-16,18.93000030517578,18.93000030517578,19.600000381469727,18.649999618530273,18.649999618530273,822100
2022-05-17,19.209999084472656,19.209999084472656,19.549999237060547,18.860000610351562,19.049999237060547,1409500
2022-05-18,19.1200008392334,19.1200008392334,20.09000015258789,18.729999542236328,19.43000030517578,1910600
2022-05-19,19.040000915527344,19.040000915527344,19.520000457763672,18.209999084472656,18.3799991607666,1334800
2022-05-20,19.360000610351562,19.360000610351562,19.510000228881836,18.6299991607666,19.3700008392334,1200300
2022-05-23,20.3799991607666,20.3799991607666,20.440000534057617,19.219999313354492,19.440000534057617,1266300
2022-05-24,20.520000457763672,20.520000457763672,20.625,19.700000762939453,20.049999237060547,966700
2022-05-25,21.610000610351562,21.610000610351562,21.790000915527344,20.6299991607666,20.770000457763672,1442500
2022-05-26,21.709999084472656,21.709999084472656,22.270000457763672,21.510000228881836,22.0,1457100
2022-05-27,22.229999542236328,22.229999542236328,22.530000686645508,21.56999969482422,21.760000228881836,1066000
2022-05-31,21.600000381469727,21.600000381469727,23.040000915527344,21.25,22.729999542236328,1827100
2022-06-01,22.770000457763672,22.770000457763672,23.209999084472656,22.0,22.0,2866500
2022-06-02,22.860000610351562,22.860000610351562,23.145000457763672,22.010000228881836,22.389999389648438,1626900
2022-06-03,23.59000015258789,23.59000015258789,23.670000076293945,22.856000900268555,22.989999771118164,1102500
2022-06-06,23.600000381469727,23.600000381469727,24.0,23.315000534057617,24.0,983200
2022-06-07,25.149999618530273,25.149999618530273,25.149999618530273,23.280000686645508,23.31999969482422,1145700
2022-06-08,24.6299991607666,24.6299991607666,25.489999771118164,24.110000610351562,25.489999771118164,1584400
2022-06-09,23.940000534057617,23.940000534057617,24.64900016784668,23.459999084472656,24.229999542236328,1344100
2022-06-10,23.690000534057617,23.690000534057617,24.540000915527344,23.030000686645508,23.649999618530273,1322000
2022-06-13,21.860000610351562,21.860000610351562,23.020000457763672,21.3799991607666,22.639999389648438,1878900
2022-06-14,21.600000381469727,21.600000381469727,23.010000228881836,21.1299991607666,22.399999618530273,1761400
2022-06-15,21.170000076293945,21.170000076293945,22.1200008392334,20.780000686645508,21.600000381469727,1384500
2022-06-16,20.020000457763672,20.020000457763672,20.790000915527344,19.93000030517578,20.360000610351562,2049500
2022-06-17,18.610000610351562,18.610000610351562,20.360000610351562,18.239999771118164,19.8799991607666,4293900
2022-06-21,18.850000381469727,18.850000381469727,19.600000381469727,18.760000228881836,19.139999389648438,1507000
2022-06-22,17.0,17.0,17.899999618530273,16.96500015258789,17.709999084472656,1814200
2022-06-23,15.890000343322754,15.890000343322754,17.350000381469727,15.329999923706055,17.299999237060547,2104000
2022-06-24,15.569999694824219,15.569999694824219,16.450000762939453,15.539999961853027,16.190000534057617,5336400
2022-06-27,16.75,16.75,16.924999237060547,15.84000015258789,15.869999885559082,2008100
2022-06-28,17.5,17.5,17.6200008392334,16.84000015258789,17.290000915527344,1727700
2022-06-29,16.43000030517578,16.43000030517578,17.84000015258789,16.235000610351562,17.81999969482422,1419100
2022-06-30,15.470000267028809,15.470000267028809,16.440000534057617,15.25,15.84000015258789,1356000
2022-07-01,15.5600004196167,15.5600004196167,16.1299991607666,14.84000015258789,15.789999961853027,1240000
2022-07-05,14.149999618530273,14.149999618530273,15.239999771118164,13.9399995803833,15.069999694824219,1806900
2022-07-06,13.380000114440918,13.380000114440918,14.180000305175781,12.71500015258789,13.8100004196167,1875800
2022-07-07,14.5,14.5,14.569999694824219,13.949999809265137,13.979999542236328,1691600
2022-07-08,14.329999923706055,14.329999923706055,14.78499984741211,14.1899995803833,14.75,967100
2022-07-11,14.380000114440918,14.380000114440918,14.380000114440918,13.779999732971191,14.010000228881836,1205500
2022-07-12,13.520000457763672,13.520000457763672,14.029999732971191,13.270000457763672,13.75,1690500
2022-07-13,13.630000114440918,13.630000114440918,14.09000015258789,13.300000190734863,13.300000190734863,1849600
2022-07-14,13.270000457763672,13.270000457763672,13.359999656677246,12.6899995803833,12.90999984741211,1986800
2022-07-15,13.59000015258789,13.59000015258789,13.906000137329102,13.25100040435791,13.819999694824219,950900
2022-07-18,14.920000076293945,14.920000076293945,15.130000114440918,13.920000076293945,13.920000076293945,1805400
2022-07-19,15.5600004196167,15.5600004196167,15.579999923706055,14.699999809265137,14.720000267028809,1320700
2022-07-20,15.9399995803833,15.9399995803833,16.020000457763672,15.050000190734863,15.319999694824219,1153700
2022-07-21,15.289999961853027,15.289999961853027,15.420000076293945,14.59000015258789,15.229999542236328,1244000
2022-07-22,15.119999885559082,15.119999885559082,15.739999771118164,15.029999732971191,15.300000190734863,1079300
2022-07-25,16.690000534057617,16.690000534057617,16.757999420166016,15.199999809265137,15.529999732971191,1681300
2022-07-26,16.559999465942383,16.559999465942383,17.190000534057617,16.15999984741211,17.079999923706055,998900
2022-07-27,17.899999618530273,17.899999618530273,18.100000381469727,16.459999084472656,16.6200008392334,1368000
2022-07-28,18.260000228881836,18.260000228881836,18.690000534057617,17.60099983215332,18.200000762939453,1416900
2022-07-29,18.950000762939453,18.950000762939453,19.65999984741211,18.520000457763672,18.75,1418800
2022-08-01,17.850000381469727,17.850000381469727,18.3799991607666,17.229999542236328,18.3799991607666,1125000
2022-08-02,17.979999542236328,17.979999542236328,18.19499969482422,17.270000457763672,17.940000534057617,875100
2022-08-03,16.940000534057617,16.940000534057617,18.1299991607666,16.540000915527344,18.1299991607666,993400
2022-08-04,16.059999465942383,16.059999465942383,17.1299991607666,15.96500015258789,17.049999237060547,1129800
2022-08-05,18.350000381469727,18.350000381469727,18.899999618530273,16.3799991607666,16.3799991607666,1797400
2022-08-08,18.079999923706055,18.079999923706055,18.399999618530273,17.3799991607666,18.3799991607666,1448200
2022-08-09,18.559999465942383,18.559999465942383,18.969999313354492,18.270000457763672,18.479999542236328,1472100
2022-08-10,18.700000762939453,18.700000762939453,18.799999237060547,17.889999389648438,18.459999084472656,1311000
2022-08-11,19.579999923706055,19.579999923706055,19.969999313354492,19.011999130249023,19.5,1703400
2022-08-12,19.3700008392334,19.3700008392334,19.625,18.829999923706055,19.3799991607666,1029000
2022-08-15,18.649999618530273,18.649999618530273,18.81999969482422,17.40999984741211,18.079999923706055,1032600
2022-08-16,18.299999237060547,18.299999237060547,19.235000610351562,18.1299991607666,18.799999237060547,829800
2022-08-17,19.06999969482422,19.06999969482422,19.079999923706055,18.110000610351562,18.200000762939453,1137400
2022-08-18,20.219999313354492,20.219999313354492,20.219999313354492,19.3799991607666,19.459999084472656,917700
2022-08-19,19.760000228881836,19.760000228881836,20.150999069213867,19.559999465942383,19.950000762939453,531300
2022-08-22,19.959999084472656,19.959999084472656,20.149999618530273,18.7549991607666,19.639999389648438,772400
2022-08-23,20.479999542236328,20.479999542236328,21.25,20.3700008392334,20.56999969482422,867600
2022-08-24,21.049999237060547,21.049999237060547,21.219999313354492,20.549999237060547,20.700000762939453,611600
2022-08-25,21.459999084472656,21.459999084472656,21.610000610351562,20.825000762939453,21.270000457763672,754900
2022-08-26,21.200000762939453,21.200000762939453,21.799999237060547,20.739999771118164,21.399999618530273,1115900
2022-08-29,21.43000030517578,21.43000030517578,21.988000869750977,20.920000076293945,20.940000534057617,932600
2022-08-30,19.829999923706055,19.829999923706055,20.860000610351562,19.420000076293945,20.790000915527344,1204800
2022-08-31,20.729999542236328,20.729999542236328,20.7450008392334,19.030000686645508,19.079999923706055,1571200
2022-09-01,19.719999313354492,19.719999313354492,20.579999923706055,19.450000762939453,20.219999313354492,1599100
2022-09-02,21.020000457763672,21.020000457763672,21.420000076293945,20.3700008392334,20.8700008392334,1494800
2022-09-06,19.690000534057617,19.690000534057617,21.59000015258789,19.350000381469727,21.350000381469727,1762900
2022-09-07,19.290000915527344,19.290000915527344,19.809999465942383,18.760000228881836,19.040000915527344,1122800
2022-09-08,19.549999237060547,19.549999237060547,19.809999465942383,19.260000228881836,19.399999618530273,779200
2022-09-09,20.309999465942383,20.309999465942383,20.573999404907227,19.989999771118164,20.309999465942383,940000
2022-09-12,20.610000610351562,20.610000610351562,20.8700008392334,20.280000686645508,20.709999084472656,1189800
2022-09-13,20.329999923706055,20.329999923706055,21.25,20.059999465942383,20.31999969482422,1498000
2022-09-14,22.299999237060547,22.299999237060547,22.489999771118164,20.770000457763672,20.770000457763672,2425900
2022-09-15,21.520000457763672,21.520000457763672,22.440000534057617,21.479999542236328,21.6200008392334,1241800
2022-09-16,20.309999465942383,20.309999465942383,21.450000762939453,19.829999923706055,21.31999969482422,8180100
2022-09-19,20.209999084472656,20.209999084472656,20.354999542236328,19.100000381469727,19.209999084472656,1179800
2022-09-20,19.690000534057617,19.690000534057617,20.010000228881836,19.26099967956543,20.010000228881836,1015800
2022-09-21,18.8700008392334,18.8700008392334,20.309999465942383,18.829999923706055,20.18000030517578,891600
2022-09-22,17.56999969482422,17.56999969482422,19.649999618530273,17.530000686645508,19.43000030517578,2844900
2022-09-23,15.6899995803833,15.6899995803833,16.670000076293945,15.555000305175781,16.670000076293945,2401000
2022-09-26,15.09000015258789,15.09000015258789,15.970000267028809,15.050000190734863,15.40999984741211,1789500
2022-09-27,15.579999923706055,15.579999923706055,15.979999542236328,15.199999809265137,15.399999618530273,1377500
2022-09-28,16.770000457763672,16.770000457763672,16.850000381469727,15.579999923706055,15.829999923706055,1850900
2022-09-29,16.6200008392334,16.6200008392334,16.709999084472656,15.779999732971191,16.469999313354492,899800
2022-09-30,16.649999618530273,16.649999618530273,16.950000762939453,16.25,16.25,1188100
2022-10-03,18.739999771118164,18.739999771118164,18.8700008392334,17.469999313354492,17.469999313354492,1874700
2022-10-04,20.290000915527344,20.290000915527344,20.309999465942383,19.100000381469727,19.309999465942383,1425800
2022-10-05,20.950000762939453,20.950000762939453,21.260000228881836,19.90999984741211,20.299999237060547,955800
2022-10-06,21.75,21.75,21.940000534057617,20.6299991607666,20.6299991607666,851300
2022-10-07,21.530000686645508,21.530000686645508,22.6299991607666,21.420000076293945,21.799999237060547,1471300
2022-10-10,20.770000457763672,20.770000457763672,21.809999465942383,20.6200008392334,21.459999084472656,1116700
2022-10-11,20.739999771118164,20.739999771118164,21.395000457763672,19.937999725341797,20.110000610351562,1171600
2022-10-12,20.809999465942383,20.809999465942383,21.190000534057617,20.0,20.43000030517578,853800
2022-10-13,21.559999465942383,21.559999465942383,21.93000030517578,20.299999237060547,20.459999084472656,779500
2022-10-14,19.8700008392334,19.8700008392334,21.6200008392334,19.81999969482422,21.15999984741211,724100
2022-10-17,20.440000534057617,20.440000534057617,20.940000534057617,20.1299991607666,20.239999771118164,875900
2022-10-18,19.739999771118164,19.739999771118164,20.950000762939453,19.5,20.600000381469727,737500
2022-10-19,20.280000686645508,20.280000686645508,20.399999618530273,19.3700008392334,19.549999237060547,929900
2022-10-20,19.899999618530273,19.899999618530273,21.540000915527344,19.899999618530273,20.940000534057617,744100
2022-10-21,20.649999618530273,20.649999618530273,20.780000686645508,19.84000015258789,20.110000610351562,707600
2022-10-24,21.020000457763672,21.020000457763672,21.690000534057617,20.389999389648438,20.450000762939453,1082800
2022-10-25,21.18000030517578,21.18000030517578,21.360000610351562,20.719999313354492,20.829999923706055,1153700
2022-10-26,21.40999984741211,21.40999984741211,22.040000915527344,21.149999618530273,21.209999084472656,1080200
2022-10-27,21.100000381469727,21.100000381469727,22.5,21.040000915527344,22.010000228881836,829400
2022-10-28,20.670000076293945,20.670000076293945,21.360000610351562,19.850000381469727,21.350000381469727,1121700
2022-10-31,21.280000686645508,21.280000686645508,21.6200008392334,20.3700008392334,20.489999771118164,903300
2022-11-01,21.790000915527344,21.790000915527344,21.950000762939453,21.5,21.59000015258789,1278700
2022-11-02,21.049999237060547,21.049999237060547,22.25,20.90999984741211,22.0,1574500
2022-11-03,20.809999465942383,20.809999465942383,21.34000015258789,19.0,19.989999771118164,2609500
2022-11-04,21.360000610351562,21.360000610351562,22.459999084472656,20.540000915527344,21.829999923706055,1430500
2022-11-07,21.780000686645508,21.780000686645508,22.239999771118164,21.350000381469727,21.809999465942383,979800
2022-11-08,21.34000015258789,21.34000015258789,21.6200008392334,20.860000610351562,21.540000915527344,818000
2022-11-09,19.260000228881836,19.260000228881836,20.84000015258789,19.219999313354492,20.559999465942383,1040300
2022-11-10,19.979999542236328,19.979999542236328,20.040000915527344,19.459999084472656,19.93000030517578,1215400
2022-11-11,20.84000015258789,20.84000015258789,21.260000228881836,20.40999984741211,20.700000762939453,832200
2022-11-14,20.360000610351562,20.360000610351562,21.239999771118164,20.309999465942383,20.56999969482422,531000
2022-11-15,21.139999389648438,21.139999389648438,21.381000518798828,20.035999298095703,20.299999237060547,771700
2022-11-16,20.290000915527344,20.290000915527344,20.917999267578125,20.110000610351562,20.670000076293945,875700
2022-11-17,20.139999389648438,20.139999389648438,20.139999389648438,19.5,19.959999084472656,659900
2022-11-18,20.06999969482422,20.06999969482422,20.219999313354492,18.920000076293945,19.540000915527344,797200
2022-11-21,19.760000228881836,19.760000228881836,19.860000610351562,18.795000076293945,19.600000381469727,990800
2022-11-22,20.65999984741211,20.65999984741211,20.68000030517578,19.93000030517578,20.239999771118164,676100
2022-11-23,20.440000534057617,20.440000534057617,20.690000534057617,20.09000015258789,20.139999389648438,766100
2022-11-25,20.350000381469727,20.350000381469727,20.780000686645508,20.229999542236328,20.670000076293945,192300
2022-11-28,19.020000457763672,19.020000457763672,19.600000381469727,18.850000381469727,19.329999923706055,953800
2022-11-29,19.329999923706055,19.329999923706055,19.700000762939453,19.06999969482422,19.1299991607666,723000
2022-11-30,19.649999618530273,19.649999618530273,19.90999984741211,18.950000762939453,19.739999771118164,1309300
2022-12-01,19.040000915527344,19.040000915527344,19.950000762939453,18.790000915527344,19.950000762939453,1514400
2022-12-02,19.780000686645508,19.780000686645508,19.854999542236328,18.959999084472656,18.989999771118164,1015400
2022-12-05,19.290000915527344,19.290000915527344,20.360000610351562,18.920000076293945,20.139999389648438,1685800
2022-12-06,19.329999923706055,19.329999923706055,19.875,18.850000381469727,19.309999465942383,2113400
2022-12-07,19.299999237060547,19.299999237060547,19.889999389648438,19.06999969482422,19.510000228881836,2081600
2022-12-08,18.510000228881836,18.510000228881836,20.200000762939453,18.309999465942383,19.889999389648438,1248800
2022-12-09,18.149999618530273,18.149999618530273,18.8700008392334,18.1299991607666,18.530000686645508,1496100
2022-12-12,19.110000610351562,19.110000610351562,19.170000076293945,18.18000030517578,18.329999923706055,836900
2022-12-13,19.43000030517578,19.43000030517578,19.899999618530273,19.209999084472656,19.760000228881836,1153700
2022-12-14,19.049999237060547,19.049999237060547,19.719999313354492,18.93000030517578,19.6299991607666,980600
2022-12-15,19.25,19.25,19.280000686645508,18.399999618530273,18.899999618530273,881200
2022-12-16,19.34000015258789,19.34000015258789,19.43000030517578,18.440000534057617,18.690000534057617,4707000
2022-12-19,18.799999237060547,18.799999237060547,19.809999465942383,18.614999771118164,19.440000534057617,820500
2022-12-20,18.809999465942383,18.809999465942383,19.264999389648438,18.719999313354492,18.719999313354492,779700
2022-12-21,19.489999771118164,19.489999771118164,19.579999923706055,18.920000076293945,19.450000762939453,659400
2022-12-22,18.56999969482422,18.56999969482422,19.459999084472656,17.93000030517578,19.360000610351562,905200
2022-12-23,19.59000015258789,19.59000015258789,19.600000381469727,18.729999542236328,18.729999542236328,660700
2022-12-27,19.770000457763672,19.770000457763672,19.799999237060547,19.344999313354492,19.68000030517578,480400
2022-12-28,18.110000610351562,18.110000610351562,19.75,18.110000610351562,19.450000762939453,716600
2022-12-29,18.899999618530273,18.899999618530273,18.920000076293945,17.959999084472656,18.0,680600
2022-12-30,18.8799991607666,18.8799991607666,19.049999237060547,18.510000228881836,18.770000457763672,565100
2023-01-03,18.440000534057617,18.440000534057617,18.854999542236328,18.1200008392334,18.579999923706055,2382800
2023-01-04,17.969999313354492,17.969999313354492,18.53499984741211,17.75,17.90999984741211,806800
2023-01-05,17.809999465942383,17.809999465942383,18.06999969482422,17.530000686645508,17.950000762939453,631100
2023-01-06,18.09000015258789,18.09000015258789,18.549999237060547,17.979999542236328,18.290000915527344,817300
2023-01-09,18.739999771118164,18.739999771118164,18.934999465942383,18.3700008392334,18.65999984741211,526600
2023-01-10,18.850000381469727,18.850000381469727,19.0,18.149999618530273,18.8700008392334,568100
2023-01-11,18.969999313354492,18.969999313354492,19.18000030517578,18.450000762939453,19.18000030517578,594300
2023-01-12,19.889999389648438,19.889999389648438,20.010000228881836,19.170000076293945,19.280000686645508,749600
2023-01-13,20.959999084472656,20.959999084472656,21.155000686645508,19.510000228881836,19.950000762939453,877200
2023-01-17,20.81999969482422,20.81999969482422,21.510000228881836,20.6200008392334,21.25,1103600
2023-01-18,19.100000381469727,19.100000381469727,21.1299991607666,19.100000381469727,20.950000762939453,898100
2023-01-19,20.06999969482422,20.06999969482422,20.200000762939453,18.8799991607666,18.8799991607666,776400
2023-01-20,20.18000030517578,20.18000030517578,20.459999084472656,19.75,20.290000915527344,794500
2023-01-23,20.989999771118164,20.989999771118164,21.084999084472656,20.270000457763672,20.559999465942383,1003400
2023-01-24,20.68000030517578,20.68000030517578,21.299999237060547,20.600000381469727,21.100000381469727,598100
2023-01-25,20.549999237060547,20.549999237060547,20.719999313354492,19.979999542236328,20.530000686645508,747700
2023-01-26,20.940000534057617,20.940000534057617,21.18000030517578,20.389999389648438,20.90999984741211,1005200
2023-01-27,20.440000534057617,20.440000534057617,21.190000534057617,20.43000030517578,20.81999969482422,472800
2023-01-30,19.40999984741211,19.40999984741211,19.940000534057617,19.389999389648438,19.940000534057617,566000
2023-01-31,19.809999465942383,19.809999465942383,19.93000030517578,19.040000915527344,19.389999389648438,1003300
2023-02-01,19.43000030517578,19.43000030517578,19.795000076293945,18.600000381469727,19.59000015258789,975200
2023-02-02,18.8700008392334,18.8700008392334,19.520000457763672,18.520000457763672,19.420000076293945,1232300
2023-02-03,18.690000534057617,18.690000534057617,19.799999237060547,18.649999618530273,18.899999618530273,927200
2023-02-06,18.799999237060547,18.799999237060547,19.420000076293945,18.399999618530273,19.31999969482422,2089500
2023-02-07,18.90999984741211,18.90999984741211,19.045000076293945,18.25,18.969999313354492,1745700
2023-02-08,18.489999771118164,18.489999771118164,18.989999771118164,18.270000457763672,18.90999984741211,862600
2023-02-09,18.190000534057617,18.190000534057617,18.420000076293945,17.860000610351562,18.3799991607666,1523600
2023-02-10,19.510000228881836,19.510000228881836,19.510000228881836,18.5,18.649999618530273,849400
2023-02-13,19.0,19.0,19.5,18.950000762939453,19.360000610351562,999900
2023-02-14,18.760000228881836,18.760000228881836,19.209999084472656,18.639999389648438,18.90999984741211,1411400
2023-02-15,18.65999984741211,18.65999984741211,18.65999984741211,18.170000076293945,18.520000457763672,1780500
2023-02-16,18.479999542236328,18.479999542236328,18.895000457763672,18.3799991607666,18.5,1356000
2023-02-17,17.56999969482422,17.56999969482422,18.125,17.530000686645508,18.110000610351562,1173600
2023-02-21,16.719999313354492,16.719999313354492,17.700000762939453,16.700000762939453,17.5,1403200
2023-02-22,16.600000381469727,16.600000381469727,16.860000610351562,16.43000030517578,16.760000228881836,1662100
2023-02-23,17.059999465942383,17.059999465942383,17.190000534057617,16.670000076293945,17.110000610351562,2313500
2023-02-24,17.799999237060547,17.799999237060547,17.889999389648438,16.729999542236328,16.959999084472656,1207800
2023-02-27,18.059999465942383,18.059999465942383,18.2549991607666,17.617000579833984,17.950000762939453,995600
2023-02-28,17.809999465942383,17.809999465942383,18.450000762939453,17.80500030517578,18.209999084472656,1328400
2023-03-01,15.90999984741211,15.90999984741211,17.045000076293945,15.489999771118164,16.8700008392334,3183200
2023-03-02,16.100000381469727,16.100000381469727,16.15999984741211,15.670000076293945,16.0,2535900
2023-03-03,16.670000076293945,16.670000076293945,16.81999969482422,15.770000457763672,15.920000076293945,1567700
2023-03-06,15.760000228881836,15.760000228881836,16.40999984741211,15.710000038146973,16.40999984741211,2092500
2023-03-07,15.460000038146973,15.460000038146973,15.640000343322754,15.109999656677246,15.619999885559082,1630200
2023-03-08,15.039999961853027,15.039999961853027,15.5,14.84000015258789,15.430000305175781,1667600
2023-03-09,14.449999809265137,14.449999809265137,15.420000076293945,14.420000076293945,15.079999923706055,1686700
2023-03-10,14.0,14.0,14.880000114440918,13.9399995803833,14.489999771118164,2609400
2023-03-13,13.619999885559082,13.619999885559082,14.039999961853027,13.140000343322754,13.420000076293945,2013800
2023-03-14,13.329999923706055,13.329999923706055,14.029000282287598,13.270000457763672,13.739999771118164,2425600
2023-03-15,12.020000457763672,12.020000457763672,12.949999809265137,11.670000076293945,12.710000038146973,3333100
2023-03-16,12.539999961853027,12.539999961853027,12.5649995803833,11.670000076293945,11.8100004196167,2083400
2023-03-17,11.890000343322754,11.890000343322754,12.359999656677246,11.739999771118164,12.3100004196167,4523400
2023-03-20,12.930000305175781,12.930000305175781,13.470000267028809,12.390000343322754,12.489999771118164,3658800
2023-03-21,13.789999961853027,13.789999961853027,13.930000305175781,13.100000381469727,13.199999809265137,2617500
2023-03-22,13.260000228881836,13.260000228881836,13.824999809265137,13.25,13.6899995803833,1805100
2023-03-23,13.279999732971191,13.279999732971191,13.819999694824219,13.085000038146973,13.40999984741211,2370300
2023-03-24,13.9399995803833,13.9399995803833,14.079999923706055,12.760000228881836,12.829999923706055,2373100
2023-03-27,14.4399995803833,14.4399995803833,14.550000190734863,13.84000015258789,13.989999771118164,1744100
2023-03-28,14.65999984741211,14.65999984741211,14.710000038146973,14.239999771118164,14.279999732971191,1561600
2023-03-29,15.109999656677246,15.109999656677246,15.149999618530273,14.694999694824219,14.829999923706055,1505800
2023-03-30,14.6899995803833,14.6899995803833,15.34000015258789,14.609999656677246,15.34000015258789,1702700
2023-03-31,14.84000015258789,14.84000015258789,14.944999694824219,14.640000343322754,14.859999656677246,1564600
2023-04-03,15.729999542236328,15.729999542236328,16.110000610351562,15.390000343322754,15.800000190734863,2191500
2023-04-04,15.25,15.25,15.770000457763672,14.925000190734863,15.720000267028809,1762300
2023-04-05,15.220000267028809,15.220000267028809,15.34000015258789,14.864999771118164,15.300000190734863,1113100
2023-04-06,14.800000190734863,14.800000190734863,15.069999694824219,14.789999961853027,15.029999732971191,1367700
2023-04-10,14.9399995803833,14.9399995803833,15.199000358581543,14.760000228881836,15.0,1881300
2023-04-11,14.9399995803833,14.9399995803833,15.024999618530273,14.680000305175781,15.0,2144300
2023-04-12,14.880000114440918,14.880000114440918,15.050000190734863,14.755000114440918,15.0,1579400
2023-04-13,14.829999923706055,14.829999923706055,15.020000457763672,14.760000228881836,14.760000228881836,1411600
2023-04-14,15.0600004196167,15.0600004196167,15.100000381469727,14.770000457763672,14.9399995803833,2277800
2023-04-17,14.5,14.5,15.210000038146973,14.399999618530273,15.100000381469727,1976800
2023-04-18,14.670000076293945,14.670000076293945,14.819999694824219,14.404999732971191,14.479999542236328,1448700
2023-04-19,14.670000076293945,14.670000076293945,14.6899995803833,14.27400016784668,14.3100004196167,1596600
2023-04-20,13.979999542236328,13.979999542236328,14.930000305175781,13.600000381469727,14.5,3604500
2023-04-21,13.829999923706055,13.829999923706055,14.404999732971191,13.734999656677246,14.380000114440918,1082600
2023-04-24,13.75,13.75,13.878000259399414,13.454999923706055,13.550000190734863,1407600
2023-04-25,12.979999542236328,12.979999542236328,13.489999771118164,12.970000267028809,13.489999771118164,1300200
2023-04-26,12.579999923706055,12.579999923706055,13.010000228881836,12.4399995803833,12.84000015258789,1274800
2023-04-27,12.699999809265137,12.699999809265137,12.920000076293945,12.520000457763672,12.75,2198000
2023-04-28,13.630000114440918,13.630000114440918,13.819999694824219,12.635000228881836,12.6899995803833,2044000
2023-05-01,13.600000381469727,13.600000381469727,13.760000228881836,13.289999961853027,13.369999885559082,1286600
2023-05-02,12.779999732971191,12.779999732971191,13.489999771118164,12.399999618530273,13.210000038146973,1855800
2023-05-03,12.779999732971191,12.779999732971191,13.050000190734863,12.420000076293945,12.5,1304600
2023-05-04,12.789999961853027,12.789999961853027,13.170000076293945,12.699999809265137,12.789999961853027,1770000
2023-05-05,13.399999618530273,13.399999618530273,13.630000114440918,13.3149995803833,13.369999885559082,1380200
2023-05-08,13.15999984741211,13.15999984741211,13.979999542236328,13.130000114440918,13.84000015258789,1463000
2023-05-09,11.119999885559082,11.119999885559082,12.0,10.6899995803833,11.850000381469727,7889800
2023-05-10,11.59000015258789,11.59000015258789,11.819999694824219,11.039999961853027,11.170000076293945,3181000
2023-05-11,11.489999771118164,11.489999771118164,11.600000381469727,11.239999771118164,11.329999923706055,2337000
2023-05-12,11.630000114440918,11.630000114440918,11.680000305175781,11.4399995803833,11.619999885559082,2123300
2023-05-15,11.899999618530273,11.899999618530273,12.0,11.520000457763672,11.779999732971191,1732800
2023-05-16,11.40999984741211,11.40999984741211,11.890000343322754,11.369999885559082,11.760000228881836,1501500
2023-05-17,11.65999984741211,11.65999984741211,11.789999961853027,11.430000305175781,11.640000343322754,1754100
2023-05-18,12.029999732971191,12.029999732971191,12.079999923706055,11.470000267028809,11.569999694824219,1465400
2023-05-19,12.069999694824219,12.069999694824219,12.229999542236328,11.9399995803833,12.15999984741211,1201600
2023-05-22,12.680000305175781,12.680000305175781,12.770000457763672,11.949999809265137,12.020000457763672,2080700
2023-05-23,12.989999771118164,12.989999771118164,13.260000228881836,12.529999732971191,12.710000038146973,1708600
2023-05-24,13.25,13.25,13.4350004196167,12.970000267028809,13.050000190734863,1703300
2023-05-25,12.800000190734863,12.800000190734863,12.9399995803833,12.520000457763672,12.859999656677246,1566400
2023-05-26,12.720000267028809,12.720000267028809,13.079999923706055,12.494999885559082,13.0,1996500
2023-05-30,12.609999656677246,12.609999656677246,12.6899995803833,12.329999923706055,12.539999961853027,1473000
2023-05-31,12.3100004196167,12.3100004196167,12.5,12.135000228881836,12.399999618530273,2900600
2023-06-01,12.779999732971191,12.779999732971191,12.835000038146973,12.130000114440918,12.279999732971191,1383100
2023-06-02,13.720000267028809,13.720000267028809,13.8100004196167,13.140000343322754,13.1899995803833,1596800
2023-06-05,13.470000267028809,13.470000267028809,14.449999809265137,13.335000038146973,14.130000114440918,1984500
2023-06-06,14.130000114440918,14.130000114440918,15.0,12.954999923706055,13.020000457763672,4989300
2023-06-07,13.989999771118164,13.989999771118164,14.5,13.949999809265137,14.329999923706055,2585400
2023-06-08,13.789999961853027,13.789999961853027,14.050000190734863,13.470000267028809,13.949999809265137,1877200
2023-06-09,13.829999923706055,13.829999923706055,14.079999923706055,13.579999923706055,13.640000343322754,1298900
2023-06-12,13.520000457763672,13.520000457763672,13.880000114440918,13.329999923706055,13.550000190734863,1617800
2023-06-13,14.0,14.0,14.390000343322754,13.78499984741211,13.930000305175781,2166900
2023-06-14,13.859999656677246,13.859999656677246,14.204999923706055,13.619000434875488,14.170000076293945,2155900
2023-06-15,14.220000267028809,14.220000267028809,14.5,13.930000305175781,13.930000305175781,2337100
2023-06-16,14.210000038146973,14.210000038146973,14.414999961853027,14.130000114440918,14.25,16103200
2023-06-20,13.720000267028809,13.720000267028809,14.149999618530273,13.3149995803833,14.100000381469727,2203000
2023-06-21,13.890000343322754,13.890000343322754,14.274999618530273,13.619999885559082,13.619999885559082,1558500
2023-06-22,14.020000457763672,14.020000457763672,14.069999694824219,13.449999809265137,13.59000015258789,1987100
2023-06-23,13.34000015258789,13.34000015258789,14.029999732971191,13.279999732971191,13.640000343322754,11450200
2023-06-26,13.65999984741211,13.65999984741211,13.770000457763672,13.211000442504883,13.369999885559082,1937600
2023-06-27,13.5600004196167,13.5600004196167,13.795000076293945,13.3100004196167,13.529999732971191,1454500
2023-06-28,13.600000381469727,13.600000381469727,13.789999961853027,13.210000038146973,13.4399995803833,1854200
2023-06-29,13.869999885559082,13.869999885559082,13.984999656677246,13.640000343322754,13.640000343322754,1157700
2023-06-30,13.869999885559082,13.869999885559082,14.0649995803833,13.6899995803833,13.989999771118164,1330800
2023-07-03,13.970000267028809,13.970000267028809,14.180000305175781,13.710000038146973,13.739999771118164,957800
2023-07-05,13.90999984741211,13.90999984741211,14.154999732971191,13.770000457763672,14.039999961853027,1402600
2023-07-06,13.25,13.25,13.270000457763672,12.539999961853027,13.199999809265137,7403500
2023-07-07,13.779999732971191,13.779999732971191,13.859999656677246,13.100000381469727,13.289999961853027,2958400
2023-07-10,14.0,14.0,14.069999694824219,13.710000038146973,13.850000381469727,1910100
2023-07-11,14.34000015258789,14.34000015258789,14.40999984741211,13.829999923706055,14.149999618530273,3013300
2023-07-12,14.140000343322754,14.140000343322754,14.739999771118164,14.079999923706055,14.529999732971191,2076600
2023-07-13,14.25,14.25,14.4399995803833,14.0,14.149999618530273,1784200
2023-07-14,14.270000457763672,14.270000457763672,14.324999809265137,13.9350004196167,14.079999923706055,4106800
2023-07-17,14.300000190734863,14.300000190734863,14.454999923706055,14.109999656677246,14.1899995803833,1786500
2023-07-18,15.069999694824219,15.069999694824219,15.145000457763672,14.319999694824219,14.359999656677246,3357400
2023-07-19,15.239999771118164,15.239999771118164,15.4399995803833,14.980999946594238,15.069999694824219,2175800
2023-07-20,15.220000267028809,15.220000267028809,15.449999809265137,15.09000015258789,15.449999809265137,1972800
2023-07-21,15.369999885559082,15.369999885559082,15.40999984741211,15.149999618530273,15.34000015258789,1567900
2023-07-24,15.529999732971191,15.529999732971191,15.699999809265137,15.399999618530273,15.399999618530273,1810900
2023-07-25,15.729999542236328,15.729999542236328,15.829999923706055,15.369999885559082,15.460000038146973,1246500
2023-07-26,15.880000114440918,15.880000114440918,15.970000267028809,15.489999771118164,15.489999771118164,1647900
2023-07-27,15.199999809265137,15.199999809265137,16.010000228881836,15.0,16.0,1917800
2023-07-28,15.770000457763672,15.770000457763672,15.770000457763672,15.289999961853027,15.479999542236328,1141700
2023-07-31,16.0,16.0,16.139999389648438,15.805000305175781,15.989999771118164,966400
2023-08-01,15.970000267028809,15.970000267028809,15.989999771118164,15.588000297546387,15.75,1092000
2023-08-02,15.619999885559082,15.619999885559082,15.739999771118164,15.300000190734863,15.739999771118164,1251600
2023-08-03,16.079999923706055,16.079999923706055,16.1200008392334,15.579999923706055,15.670000076293945,2102700
2023-08-04,16.299999237060547,16.299999237060547,16.389999389648438,15.989999771118164,16.209999084472656,2140200
2023-08-07,16.399999618530273,16.399999618530273,16.40999984741211,15.779999732971191,16.209999084472656,1751700
2023-08-08,16.5,16.5,16.604999542236328,16.1200008392334,16.299999237060547,2710400
2023-08-09,16.979999542236328,16.979999542236328,17.290000915527344,16.299999237060547,16.8799991607666,2161000
2023-08-10,16.809999465942383,16.809999465942383,17.3799991607666,16.579999923706055,17.100000381469727,1673500
2023-08-11,16.93000030517578,16.93000030517578,17.100000381469727,16.700000762939453,16.700000762939453,1287900
2023-08-14,17.079999923706055,17.079999923706055,17.094999313354492,16.700000762939453,16.760000228881836,1591900
2023-08-15,16.81999969482422,16.81999969482422,16.969999313354492,16.760000228881836,16.790000915527344,1184900
2023-08-16,16.829999923706055,16.829999923706055,17.010000228881836,16.739999771118164,16.739999771118164,2138100
2023-08-17,16.969999313354492,16.969999313354492,17.299999237060547,16.920000076293945,17.100000381469727,998300
2023-08-18,17.040000915527344,17.040000915527344,17.110000610351562,16.639999389648438,16.709999084472656,834900
2023-08-21,17.06999969482422,17.06999969482422,17.28499984741211,16.969999313354492,17.200000762939453,875100
2023-08-22,16.829999923706055,16.829999923706055,17.174999237060547,16.635000228881836,17.020000457763672,1070400
2023-08-23,16.799999237060547,16.799999237060547,16.954999923706055,16.459999084472656,16.6299991607666,794600
2023-08-24,16.420000076293945,16.420000076293945,16.780000686645508,16.350000381469727,16.639999389648438,1263200
2023-08-25,16.75,16.75,16.895000457763672,16.5,16.549999237060547,877300
2023-08-28,16.84000015258789,16.84000015258789,17.059999465942383,16.7450008392334,16.950000762939453,620200
2023-08-29,16.8799991607666,16.8799991607666,16.950000762939453,16.639999389648438,16.809999465942383,679500
2023-08-30,17.280000686645508,17.280000686645508,17.3799991607666,16.940000534057617,16.979999542236328,1528700
2023-08-31,17.219999313354492,17.219999313354492,17.3799991607666,17.110000610351562,17.3799991607666,1141400
2023-09-01,17.31999969482422,17.31999969482422,17.59000015258789,17.299999237060547,17.43000030517578,1295100
2023-09-05,17.149999618530273,17.149999618530273,17.5,17.079999923706055,17.190000534057617,2352700
2023-09-06,17.0,17.0,17.290000915527344,16.979999542236328,17.149999618530273,1665900
2023-09-07,16.940000534057617,16.940000534057617,17.030000686645508,16.81999969482422,16.8799991607666,1260700
2023-09-08,16.940000534057617,16.940000534057617,17.079999923706055,16.829999923706055,16.969999313354492,724900
2023-09-11,16.68000030517578,16.68000030517578,17.0,16.625,16.93000030517578,1493600
2023-09-12,16.940000534057617,16.940000534057617,17.014999389648438,16.700000762939453,16.979999542236328,1171100
2023-09-13,16.700000762939453,16.700000762939453,17.139999389648438,16.4950008392334,17.139999389648438,1135600
2023-09-14,16.979999542236328,16.979999542236328,17.139999389648438,16.8799991607666,17.010000228881836,1397200
2023-09-15,16.540000915527344,16.540000915527344,16.959999084472656,16.209999084472656,16.899999618530273,10350400
2023-09-18,16.34000015258789,16.34000015258789,16.799999237060547,16.200000762939453,16.799999237060547,1621000
2023-09-19,16.329999923706055,16.329999923706055,16.6200008392334,16.229999542236328,16.559999465942383,959700
2023-09-20,16.139999389648438,16.139999389648438,16.59000015258789,16.1200008392334,16.209999084472656,791300
2023-09-21,15.800000190734863,15.800000190734863,16.280000686645508,15.800000190734863,16.18000030517578,1105200
2023-09-22,16.030000686645508,16.030000686645508,16.28499984741211,15.949999809265137,15.989999771118164,666500
2023-09-25,16.65999984741211,16.65999984741211,16.670000076293945,16.030000686645508,16.030000686645508,664000
2023-09-26,16.329999923706055,16.329999923706055,16.649999618530273,16.309999465942383,16.34000015258789,922700
2023-09-27,16.860000610351562,16.860000610351562,17.0,16.520000457763672,16.6200008392334,1345700
2023-09-28,16.8799991607666,16.8799991607666,17.09000015258789,16.7549991607666,16.799999237060547,1216100
2023-09-29,16.440000534057617,16.440000534057617,16.899999618530273,16.28499984741211,16.899999618530273,1217900
2023-10-02,15.529999732971191,15.529999732971191,16.489999771118164,15.404999732971191,16.489999771118164,1404000
2023-10-03,15.779999732971191,15.779999732971191,15.800000190734863,15.300000190734863,15.449999809265137,954000
2023-10-04,14.9399995803833,14.9399995803833,15.470000267028809,14.8100004196167,15.470000267028809,1028700
2023-10-05,14.869999885559082,14.869999885559082,15.140000343322754,14.65999984741211,14.6899995803833,1331300
2023-10-06,15.1899995803833,15.1899995803833,15.40999984741211,14.760000228881836,14.829999923706055,1412900
2023-10-09,16.0,16.0,16.15999984741211,15.649999618530273,15.649999618530273,2417700
2023-10-10,16.020000457763672,16.020000457763672,16.149999618530273,15.845000267028809,16.079999923706055,3033500
2023-10-11,15.930000305175781,15.930000305175781,16.040000915527344,15.539999961853027,15.760000228881836,1116500
2023-10-12,15.84000015258789,15.84000015258789,16.09000015258789,15.694999694824219,16.09000015258789,798300
2023-10-13,15.779999732971191,15.779999732971191,16.219999313354492,15.765000343322754,16.1299991607666,1059300
2023-10-16,15.720000267028809,15.720000267028809,16.03499984741211,15.649999618530273,15.930000305175781,1113600
2023-10-17,15.84000015258789,15.84000015258789,16.110000610351562,15.6899995803833,15.6899995803833,1765400
2023-10-18,15.960000038146973,15.960000038146973,16.040000915527344,15.800000190734863,15.979999542236328,888000
2023-10-19,16.649999618530273,16.649999618530273,16.989999771118164,15.880000114440918,16.0,2112000
2023-10-20,16.059999465942383,16.059999465942383,16.809999465942383,16.03499984741211,16.709999084472656,1115400
2023-10-23,15.680000305175781,15.680000305175781,16.190000534057617,15.574999809265137,15.850000381469727,1140200
2023-10-24,15.520000457763672,15.520000457763672,15.770000457763672,15.4399995803833,15.760000228881836,607100
2023-10-25,15.720000267028809,15.720000267028809,15.760000228881836,15.295000076293945,15.449999809265137,704900
2023-10-26,15.59000015258789,15.59000015258789,15.880000114440918,15.350000381469727,15.5600004196167,622300
2023-10-27,15.579999923706055,15.579999923706055,15.649999618530273,15.09000015258789,15.579999923706055,848700
2023-10-30,15.329999923706055,15.329999923706055,15.84000015258789,15.119999885559082,15.710000038146973,775500
2023-10-31,15.5,15.5,15.710000038146973,15.229999542236328,15.329999923706055,836700
2023-11-01,15.039999961853027,15.039999961853027,15.539999961853027,14.949999809265137,15.5,959300
2023-11-02,15.609999656677246,15.609999656677246,15.609999656677246,15.020000457763672,15.130000114440918,803800
2023-11-03,15.460000038146973,15.460000038146973,15.920000076293945,15.399999618530273,15.680000305175781,1133700
2023-11-06,14.619999885559082,14.619999885559082,15.479999542236328,14.609999656677246,15.420000076293945,1497600
2023-11-07,14.010000228881836,14.010000228881836,14.229999542236328,13.074999809265137,13.960000038146973,2839100
2023-11-08,13.59000015258789,13.59000015258789,14.0649995803833,13.289999961853027,13.869999885559082,2330200
2023-11-09,14.100000381469727,14.100000381469727,14.244999885559082,13.65999984741211,13.6899995803833,2511800
2023-11-10,14.149999618530273,14.149999618530273,14.539999961853027,14.104999542236328,14.329999923706055,1604600
2023-11-13,14.270000457763672,14.270000457763672,14.354999542236328,13.9399995803833,14.119999885559082,982700
2023-11-14,14.850000381469727,14.850000381469727,14.875,14.449999809265137,14.59000015258789,1435400
2023-11-15,14.65999984741211,14.65999984741211,15.170000076293945,14.609999656677246,14.75,909300
2023-11-16,14.279999732971191,14.279999732971191,14.59000015258789,13.8100004196167,14.470000267028809,1233200
2023-11-17,14.600000381469727,14.600000381469727,14.694999694824219,14.385000228881836,14.460000038146973,1563900
2023-11-20,14.600000381469727,14.600000381469727,14.800000190734863,14.5600004196167,14.720000267028809,712300
2023-11-21,13.960000038146973,13.960000038146973,14.710000038146973,13.960000038146973,14.6899995803833,1138900
2023-11-22,13.970000267028809,13.970000267028809,14.050000190734863,13.449999809265137,13.579999923706055,721300
2023-11-24,14.0,14.0,14.1899995803833,13.90999984741211,13.930000305175781,340800
2023-11-27,13.710000038146973,13.710000038146973,13.880000114440918,13.645000457763672,13.880000114440918,552000
2023-11-28,13.789999961853027,13.789999961853027,13.970000267028809,13.600000381469727,13.720000267028809,701900
2023-11-29,13.949999809265137,13.949999809265137,14.100000381469727,13.850000381469727,13.90999984741211,1527800
2023-11-30,13.920000076293945,13.920000076293945,14.489999771118164,13.75,14.079999923706055,1051700
2023-12-01,13.920000076293945,13.920000076293945,14.239999771118164,13.760000228881836,13.84000015258789,1110200
2023-12-04,13.289999961853027,13.289999961853027,13.789999961853027,13.109999656677246,13.680000305175781,1748300
2023-12-05,12.90999984741211,12.90999984741211,13.380000114440918,12.904999732971191,13.350000381469727,974800
2023-12-06,12.270000457763672,12.270000457763672,13.081000328063965,12.234999656677246,12.8100004196167,1695000
2023-12-07,12.880000114440918,12.880000114440918,12.880000114440918,12.4399995803833,12.600000381469727,1543600
2023-12-08,13.430000305175781,13.430000305175781,13.430000305175781,12.9350004196167,13.010000228881836,1503800
2023-12-11,13.0,13.0,13.329999923706055,12.899999618530273,13.289999961853027,1209400
2023-12-12,12.640000343322754,12.640000343322754,12.739999771118164,12.449999809265137,12.739999771118164,1258900
2023-12-13,13.3100004196167,13.3100004196167,13.3100004196167,12.555000305175781,12.760000228881836,1572700
2023-12-14,14.109999656677246,14.109999656677246,14.244999885559082,13.640000343322754,13.670000076293945,2197900
2023-12-15,14.050000190734863,14.050000190734863,14.319999694824219,13.739999771118164,14.260000228881836,5408200
2023-12-18,14.220000267028809,14.220000267028809,14.680000305175781,14.210000038146973,14.380000114440918,1085500
2023-12-19,14.539999961853027,14.539999961853027,14.579999923706055,14.050000190734863,14.140000343322754,1259400
2023-12-20,14.15999984741211,14.15999984741211,14.6850004196167,14.140000343322754,14.600000381469727,1238900
2023-12-21,14.270000457763672,14.270000457763672,14.300000190734863,13.949999809265137,14.220000267028809,734500
2023-12-22,14.3100004196167,14.3100004196167,14.64799976348877,14.260000228881836,14.369999885559082,554500
2023-12-26,14.489999771118164,14.489999771118164,14.675000190734863,14.390000343322754,14.520000457763672,744000
2023-12-27,14.5,14.5,14.630000114440918,14.369999885559082,14.619999885559082,713000
2023-12-28,14.329999923706055,14.329999923706055,14.5600004196167,14.319999694824219,14.479999542236328,592500
2023-12-29,14.229999542236328,14.229999542236328,14.53499984741211,14.180000305175781,14.420000076293945,709900
2024-01-02,14.399999618530273,14.399999618530273,14.654999732971191,14.279999732971191,14.319999694824219,796500
2024-01-03,14.65999984741211,14.65999984741211,14.774999618530273,14.204999923706055,14.430000305175781,1515400
2024-01-04,13.729999542236328,13.729999542236328,14.774999618530273,13.725000381469727,14.699999809265137,1119800
2024-01-05,13.710000038146973,13.710000038146973,13.930000305175781,13.609999656677246,13.880000114440918,979200
2024-01-08,13.569999694824219,13.569999694824219,13.579999923706055,13.15999984741211,13.34000015258789,755600
2024-01-09,13.220000267028809,13.220000267028809,13.520000457763672,13.079999923706055,13.520000457763672,872000
2024-01-10,13.0600004196167,13.0600004196167,13.180000305175781,12.880000114440918,13.180000305175781,692700
2024-01-11,13.140000343322754,13.140000343322754,13.305000305175781,13.050000190734863,13.079999923706055,855400
2024-01-12,13.510000228881836,13.510000228881836,13.6899995803833,13.3149995803833,13.609999656677246,772000
2024-01-16,12.649999618530273,12.649999618530273,13.890000343322754,12.640000343322754,13.399999618530273,2333300
2024-01-17,12.529999732971191,12.529999732971191,12.720000267028809,12.3100004196167,12.510000228881836,1126700
2024-01-18,12.609999656677246,12.609999656677246,12.729999542236328,12.095000267028809,12.609999656677246,15699400
2024-01-19,12.729999542236328,12.729999542236328,12.854999542236328,12.199999809265137,12.4399995803833,14833100
2024-01-22,13.020000457763672,13.020000457763672,13.274999618530273,12.699999809265137,12.899999618530273,5836000
2024-01-23,12.819999694824219,12.819999694824219,13.329999923706055,12.6899995803833,13.069999694824219,2483400
2024-01-24,13.039999961853027,13.039999961853027,13.069999694824219,12.71500015258789,12.989999771118164,1765800
2024-01-25,13.260000228881836,13.260000228881836,13.329999923706055,12.899999618530273,13.329999923706055,1489400
2024-01-26,13.180000305175781,13.180000305175781,13.454999923706055,13.024999618530273,13.324999809265137,1610500
2024-01-29,13.399999618530273,13.399999618530273,13.520000457763672,12.944999694824219,13.199999809265137,3437600
2024-01-30,13.600000381469727,13.600000381469727,13.649999618530273,13.204999923706055,13.270000457763672,1592800
2024-01-31,12.970000267028809,12.970000267028809,13.600000381469727,12.914999961853027,13.600000381469727,2619700
2024-02-01,12.550000190734863,12.550000190734863,13.140000343322754,12.470000267028809,13.100000381469727,2111100
2024-02-02,12.229999542236328,12.229999542236328,12.5,12.149999618530273,12.470000267028809,1619000
2024-02-05,11.989999771118164,11.989999771118164,12.100000381469727,11.75,12.100000381469727,1733200
2024-02-06,12.010000228881836,12.010000228881836,12.25,11.859999656677246,11.960000038146973,1531700
2024-02-07,12.210000038146973,12.210000038146973,12.25,11.781000137329102,12.029999732971191,2068600
2024-02-08,12.329999923706055,12.329999923706055,12.529999732971191,12.210000038146973,12.260000228881836,1479400
2024-02-09,12.300000190734863,12.300000190734863,12.5600004196167,12.170000076293945,12.289999961853027,1410500
2024-02-12,12.630000114440918,12.630000114440918,12.864999771118164,12.300000190734863,12.300000190734863,1182900
2024-02-13,12.300000190734863,12.300000190734863,12.600000381469727,12.25,12.470000267028809,1388300
2024-02-14,12.289999961853027,12.289999961853027,12.59000015258789,12.199999809265137,12.40999984741211,1168900
2024-02-15,12.989999771118164,12.989999771118164,13.0,12.329999923706055,12.329999923706055,2197100
2024-02-16,13.15999984741211,13.15999984741211,13.345000267028809,12.84000015258789,13.0,1109500
2024-02-20,13.029999732971191,13.029999732971191,13.265000343322754,12.859999656677246,13.09000015258789,984500
2024-02-21,13.25,13.25,13.420000076293945,13.079999923706055,13.119999885559082,1095300
2024-02-22,13.199999809265137,13.199999809265137,13.25,12.899999618530273,13.119999885559082,1073400
2024-02-23,12.949999809265137,12.949999809265137,13.029999732971191,12.699000358581543,12.960000038146973,883700
2024-02-26,12.960000038146973,12.960000038146973,12.984999656677246,12.65999984741211,12.75,975700
2024-02-27,13.210000038146973,13.210000038146973,13.390000343322754,13.029999732971191,13.109999656677246,1742300
2024-02-28,13.0,13.0,13.399999618530273,12.960000038146973,13.039999961853027,2515800
2024-02-29,13.1899995803833,13.1899995803833,13.550000190734863,12.6899995803833,13.039999961853027,2511600
2024-03-01,13.329999923706055,13.329999923706055,13.555000305175781,13.175000190734863,13.3100004196167,2304200
2024-03-04,13.25,13.25,13.579000473022461,12.96500015258789,13.510000228881836,2241800
2024-03-05,13.039999961853027,13.039999961853027,13.479999542236328,12.96500015258789,13.119999885559082,1736400
2024-03-06,12.829999923706055,12.829999923706055,13.329999923706055,12.670000076293945,13.210000038146973,1886500
2024-03-07,12.520000457763672,12.520000457763672,12.920000076293945,12.479999542236328,12.869999885559082,2351900
2024-03-08,12.720000267028809,12.720000267028809,13.015000343322754,12.505000114440918,12.65999984741211,1728600
2024-03-11,12.699999809265137,12.699999809265137,12.850000381469727,12.529999732971191,12.630000114440918,1254000
2024-03-12,12.819999694824219,12.819999694824219,12.829999923706055,12.555000305175781,12.779999732971191,1207300
2024-03-13,13.0,13.0,13.140000343322754,12.645000457763672,12.829999923706055,3281100
2024-03-14,12.819999694824219,12.819999694824219,13.149999618530273,12.654999732971191,13.0600004196167,3592400
2024-03-15,12.850000381469727,12.850000381469727,13.140000343322754,12.779999732971191,12.779999732971191,4527000
2024-03-18,13.010000228881836,13.010000228881836,13.319999694824219,12.800000190734863,13.300000190734863,2033200
2024-03-19,13.289999961853027,13.289999961853027,13.510000228881836,12.90999984741211,12.90999984741211,2470200
2024-03-20,13.739999771118164,13.739999771118164,13.8100004196167,13.180000305175781,13.289999961853027,2369300
2024-03-21,13.720000267028809,13.720000267028809,13.90999984741211,13.619999885559082,13.699999809265137,1477600
2024-03-22,13.460000038146973,13.460000038146973,13.774999618530273,13.34000015258789,13.680000305175781,1512800
2024-03-25,13.59000015258789,13.59000015258789,13.670000076293945,13.40999984741211,13.40999984741211,1428600
2024-03-26,13.170000076293945,13.170000076293945,13.670000076293945,13.149999618530273,13.670000076293945,1166600
2024-03-27,13.649999618530273,13.649999618530273,13.670000076293945,13.130000114440918,13.170000076293945,1751100
2024-03-28,13.930000305175781,13.930000305175781,13.960000038146973,13.680000305175781,13.829999923706055,1563400
2024-04-01,13.920000076293945,13.920000076293945,13.989999771118164,13.649999618530273,13.930000305175781,1281500
2024-04-02,13.960000038146973,13.960000038146973,14.119999885559082,13.579999923706055,13.920000076293945,2101900
2024-04-03,14.050000190734863,14.050000190734863,14.194999694824219,13.90999984741211,13.979999542236328,1740700
2024-04-04,14.119999885559082,14.119999885559082,14.199999809265137,13.880000114440918,14.079999923706055,1550100
2024-04-05,14.329999923706055,14.329999923706055,14.4350004196167,13.949999809265137,14.149999618530273,1281500
2024-04-08,14.399999618530273,14.399999618530273,14.479999542236328,14.220000267028809,14.329999923706055,1499800
2024-04-09,14.520000457763672,14.520000457763672,14.670000076293945,14.420000076293945,14.449999809265137,2130400
2024-04-10,14.359999656677246,14.359999656677246,14.555000305175781,14.114999771118164,14.329999923706055,1944300
2024-04-11,14.1899995803833,14.1899995803833,14.40999984741211,13.970000267028809,14.369999885559082,1429400
2024-04-12,14.069999694824219,14.069999694824219,14.510000228881836,14.010000228881836,14.279999732971191,1603300
2024-04-15,13.569999694824219,13.569999694824219,14.145000457763672,13.550000190734863,14.029999732971191,1134200
2024-04-16,13.3100004196167,13.3100004196167,13.649999618530273,13.244999885559082,13.5,1313200
2024-04-17,13.270000457763672,13.270000457763672,13.53499984741211,13.234999656677246,13.289999961853027,1194000
2024-04-18,13.279999732971191,13.279999732971191,13.531999588012695,13.199999809265137,13.359999656677246,983300
2024-04-19,13.539999961853027,13.539999961853027,13.640000343322754,13.149999618530273,13.180000305175781,1010900
2024-04-22,13.569999694824219,13.569999694824219,13.800000190734863,13.324999809265137,13.569999694824219,1013300
2024-04-23,13.75,13.75,13.859999656677246,13.420000076293945,13.539999961853027,1416200
2024-04-24,13.529999732971191,13.529999732971191,13.770000457763672,13.46500015258789,13.710000038146973,1410400
2024-04-25,13.779999732971191,13.779999732971191,13.807999610900879,13.34000015258789,13.489999771118164,1254200
2024-04-26,13.9399995803833,13.9399995803833,13.954999923706055,13.640000343322754,13.75,674400
2024-04-29,14.020000457763672,14.020000457763672,14.069999694824219,13.819999694824219,13.869999885559082,858900
2024-04-30,13.180000305175781,13.180000305175781,13.880000114440918,13.15999984741211,13.880000114440918,1218000
2024-05-01,12.90999984741211,12.90999984741211,13.1899995803833,12.729999542236328,13.140000343322754,1607400
2024-05-02,13.199999809265137,13.199999809265137,13.28499984741211,13.029999732971191,13.039999961853027,1082800
2024-05-03,13.260000228881836,13.260000228881836,13.4399995803833,13.100000381469727,13.420000076293945,1289700
2024-05-06,13.350000381469727,13.350000381469727,13.569999694824219,13.28499984741211,13.390000343322754,1258000
2024-05-07,12.770000457763672,12.770000457763672,13.1850004196167,12.329999923706055,12.859999656677246,3751000
2024-05-08,12.800000190734863,12.800000190734863,12.869999885559082,12.390000343322754,12.600000381469727,1675300
2024-05-09,12.899999618530273,12.899999618530273,13.100000381469727,12.760000228881836,12.8100004196167,1660000
2024-05-10,12.489999771118164,12.489999771118164,12.989999771118164,12.470000267028809,12.970000267028809,1537900
2024-05-13,12.40999984741211,12.40999984741211,12.645000457763672,12.329999923706055,12.600000381469727,1370300
2024-05-14,12.279999732971191,12.279999732971191,12.630000114440918,12.149999618530273,12.489999771118164,1627900
2024-05-15,12.140000343322754,12.140000343322754,12.279999732971191,11.8149995803833,12.239999771118164,2268900
2024-05-16,12.0,12.0,12.149999618530273,11.944999694824219,12.119999885559082,1799400
2024-05-17,12.140000343322754,12.140000343322754,12.220000267028809,11.920000076293945,12.0600004196167,1617500
2024-05-20,12.25,12.25,12.319999694824219,12.085000038146973,12.140000343322754,1640700
2024-05-21,11.989999771118164,11.989999771118164,12.269000053405762,11.960000038146973,12.180000305175781,958100
2024-05-22,11.779999732971191,11.779999732971191,11.944999694824219,11.520000457763672,11.930000305175781,2921100
2024-05-23,11.449999809265137,11.449999809265137,12.010000228881836,11.300000190734863,11.819999694824219,2514400
2024-05-24,11.40999984741211,11.40999984741211,11.595000267028809,11.380000114440918,11.529999732971191,1184900
2024-05-28,11.579999923706055,11.579999923706055,11.6850004196167,11.449999809265137,11.489999771118164,1620100
2024-05-29,11.390000343322754,11.390000343322754,11.539999961853027,11.369999885559082,11.5,1559800
2024-05-30,11.5,11.5,11.609999656677246,11.380000114440918,11.380000114440918,2825500
2024-05-31,12.010000228881836,12.010000228881836,12.050000190734863,11.550000190734863,11.569999694824219,3203200
2024-06-03,11.199999809265137,11.199999809265137,12.350000381469727,11.170000076293945,12.350000381469727,1825400
2024-06-04,10.829999923706055,10.829999923706055,11.109999656677246,10.739999771118164,11.0600004196167,3823500
2024-06-05,10.789999961853027,10.789999961853027,10.944999694824219,10.720000267028809,10.880000114440918,1914900
2024-06-06,10.779999732971191,10.779999732971191,10.829999923706055,10.66100025177002,10.770000457763672,1456000
2024-06-07,10.65999984741211,10.65999984741211,10.859999656677246,10.529999732971191,10.649999618530273,1363900
2024-06-10,10.890000343322754,10.890000343322754,11.029999732971191,10.619999885559082,10.670000076293945,1137100
2024-06-11,10.819999694824219,10.819999694824219,10.859999656677246,10.630000114440918,10.770000457763672,1282800
2024-06-12,10.630000114440918,10.630000114440918,11.100000381469727,10.604999542236328,11.0,1547500
2024-06-13,10.399999618530273,10.399999618530273,10.59000015258789,10.1899995803833,10.550000190734863,2005400
2024-06-14,10.239999771118164,10.239999771118164,10.385000228881836,10.125,10.350000381469727,2012200
2024-06-17,10.380000114440918,10.380000114440918,10.46500015258789,10.104999542236328,10.220000267028809,2264900
2024-06-18,10.930000305175781,10.930000305175781,11.0600004196167,10.420000076293945,10.420000076293945,3376300
2024-06-20,11.25,11.25,11.3100004196167,10.899999618530273,10.9399995803833,3074700
2024-06-21,11.220000267028809,11.220000267028809,11.399999618530273,11.170000076293945,11.260000228881836,7396500
2024-06-24,11.9399995803833,11.9399995803833,12.029999732971191,11.3100004196167,11.4399995803833,3474900
2024-06-25,11.90999984741211,11.90999984741211,12.010000228881836,11.729999542236328,11.850000381469727,1800400
2024-06-26,11.899999618530273,11.899999618530273,11.975000381469727,11.760000228881836,11.859999656677246,1562400
2024-06-27,12.069999694824219,12.069999694824219,12.085000038146973,11.819999694824219,12.010000228881836,2172100
2024-06-28,12.149999618530273,12.149999618530273,12.329999923706055,11.970000267028809,12.199999809265137,5967200
2024-07-01,11.899999618530273,11.899999618530273,12.270000457763672,11.850000381469727,12.270000457763672,1067300
2024-07-02,11.899999618530273,11.899999618530273,12.086000442504883,11.84000015258789,12.020000457763672,1258900
2024-07-03,11.890000343322754,11.890000343322754,11.949999809265137,11.789999961853027,11.949999809265137,786900
2024-07-05,11.649999618530273,11.649999618530273,11.890000343322754,11.529999732971191,11.890000343322754,1078700
2024-07-08,11.65999984741211,11.65999984741211,11.6899995803833,11.479999542236328,11.670000076293945,862600
2024-07-09,11.479999542236328,11.479999542236328,11.680000305175781,11.449999809265137,11.520000457763672,850800
2024-07-10,11.460000038146973,11.460000038146973,11.529999732971191,11.279999732971191,11.470000267028809,1149000
2024-07-11,11.850000381469727,11.850000381469727,11.869999885559082,11.449999809265137,11.5,1828500
2024-07-12,11.979999542236328,11.979999542236328,12.039999961853027,11.890000343322754,12.020000457763672,1993100
2024-07-15,11.970000267028809,11.970000267028809,12.199999809265137,11.920000076293945,12.109999656677246,2537000
2024-07-16,11.800000190734863,11.800000190734863,11.949999809265137,11.739999771118164,11.949999809265137,1147800
2024-07-17,11.789999961853027,11.789999961853027,12.149999618530273,11.645000457763672,11.84000015258789,2658300
2024-07-18,11.529999732971191,11.529999732971191,11.850000381469727,11.479999542236328,11.850000381469727,1640600
2024-07-19,11.430000305175781,11.430000305175781,11.550000190734863,11.130000114440918,11.329999923706055,1688800
2024-07-22,11.960000038146973,11.960000038146973,12.15999984741211,11.609999656677246,11.779999732971191,3836100
2024-07-23,11.699999809265137,11.699999809265137,11.9399995803833,11.569999694824219,11.850000381469727,1915700
2024-07-24,11.550000190734863,11.550000190734863,11.899999618530273,11.53499984741211,11.6899995803833,1679700
2024-07-25,11.630000114440918,11.630000114440918,11.819999694824219,11.520000457763672,11.579999923706055,1466700
2024-07-26,11.59000015258789,11.59000015258789,11.817999839782715,11.489999771118164,11.729999542236328,1434500
2024-07-29,11.369999885559082,11.369999885559082,11.710000038146973,11.199999809265137,11.649999618530273,1562500
2024-07-30,11.710000038146973,11.710000038146973,11.710000038146973,11.359999656677246,11.359999656677246,2238300
2024-07-31,11.84000015258789,11.84000015258789,12.029999732971191,11.779999732971191,11.880000114440918,1347200
2024-08-01,11.5600004196167,11.5600004196167,11.920000076293945,11.460000038146973,11.850000381469727,2693000
2024-08-02,10.670000076293945,10.670000076293945,11.579999923706055,10.550000190734863,11.489999771118164,3476900
2024-08-05,10.069999694824219,10.069999694824219,10.324999809265137,9.8100004196167,10.260000228881836,3232200
2024-08-06,10.119999885559082,10.119999885559082,10.380000114440918,10.0,10.180000305175781,2409500
2024-08-07,10.3100004196167,10.3100004196167,10.725000381469727,10.25,10.430000305175781,3120500
2024-08-08,12.0600004196167,12.0600004196167,12.1899995803833,11.4399995803833,11.489999771118164,6589100
2024-08-09,11.649999618530273,11.649999618530273,12.069999694824219,11.494999885559082,12.020000457763672,3097000
2024-08-12,11.970000267028809,11.970000267028809,12.050000190734863,11.789999961853027,11.829999923706055,2374700
2024-08-13,11.989999771118164,11.989999771118164,12.079999923706055,11.779999732971191,11.960000038146973,1893900
2024-08-14,11.779999732971191,11.779999732971191,12.050000190734863,11.779999732971191,12.020000457763672,1823400
2024-08-15,11.9399995803833,11.9399995803833,12.079999923706055,11.829999923706055,11.869999885559082,2087100
2024-08-16,11.920000076293945,11.920000076293945,11.975000381469727,11.739999771118164,11.779999732971191,1455900
2024-08-19,11.899999618530273,11.899999618530273,12.168999671936035,11.871000289916992,12.010000228881836,1957300
2024-08-20,11.5,11.5,11.869999885559082,11.40999984741211,11.859999656677246,1303900
2024-08-21,11.460000038146973,11.460000038146973,11.640000343322754,11.414999961853027,11.640000343322754,1068400
2024-08-22,11.210000038146973,11.210000038146973,11.550000190734863,11.180000305175781,11.479999542236328,943700
2024-08-23,11.569999694824219,11.569999694824219,11.635000228881836,11.234999656677246,11.34000015258789,1256600
2024-08-26,11.859999656677246,11.859999656677246,12.0,11.704999923706055,11.899999618530273,1264600
2024-08-27,11.770000457763672,11.770000457763672,11.829999923706055,11.614999771118164,11.779999732971191,907900
2024-08-28,11.800000190734863,11.800000190734863,11.850000381469727,11.5600004196167,11.630000114440918,1389200
2024-08-29,11.9399995803833,11.9399995803833,12.020000457763672,11.75,11.9399995803833,1333000
2024-08-30,11.470000267028809,11.470000267028809,11.5,10.710000038146973,10.930000305175781,3249200
2024-09-03,11.100000381469727,11.100000381469727,11.15999984741211,10.640000343322754,11.069999694824219,3616900
2024-09-04,10.8100004196167,10.8100004196167,11.255000114440918,10.795000076293945,10.989999771118164,10987900
2024-09-05,10.789999961853027,10.789999961853027,11.100000381469727,10.720000267028809,11.100000381469727,4868300
2024-09-06,10.920000076293945,10.920000076293945,11.25,10.899999618530273,11.069999694824219,2525700
2024-09-09,10.90999984741211,10.90999984741211,11.0649995803833,10.630000114440918,10.819999694824219,3103800
2024-09-10,10.789999961853027,10.789999961853027,11.050000190734863,10.494999885559082,10.970000267028809,2976800
2024-09-11,10.84000015258789,10.84000015258789,10.855999946594238,10.494999885559082,10.779999732971191,2003500
2024-09-12,10.960000038146973,10.960000038146973,11.09000015258789,10.734999656677246,10.90999984741211,1831000
2024-09-13,11.039999961853027,11.039999961853027,11.140000343322754,10.9399995803833,11.109999656677246,1900500
2024-09-16,11.199999809265137,11.199999809265137,11.300000190734863,11.010000228881836,11.199999809265137,1686000
2024-09-17,11.529999732971191,11.529999732971191,11.529999732971191,11.180000305175781,11.279999732971191,1994300
2024-09-18,11.329999923706055,11.329999923706055,11.845000267028809,11.3100004196167,11.539999961853027,2280200
2024-09-19,11.510000228881836,11.510000228881836,11.739999771118164,11.399999618530273,11.739999771118164,2517700
2024-09-20,11.460000038146973,11.460000038146973,11.579999923706055,11.229999542236328,11.380000114440918,10970900
2024-09-23,11.390000343322754,11.390000343322754,11.75,11.319999694824219,11.470000267028809,1234700
2024-09-24,10.989999771118164,10.989999771118164,11.600000381469727,10.979999542236328,11.600000381469727,1959400
2024-09-25,10.510000228881836,10.510000228881836,10.9399995803833,10.4399995803833,10.890000343322754,2225100
2024-09-26,10.050000190734863,10.050000190734863,10.550000190734863,10.015000343322754,10.399999618530273,3609100
2024-09-27,10.1899995803833,10.1899995803833,10.380000114440918,10.144000053405762,10.199999809265137,1795700
2024-09-30,10.350000381469727,10.350000381469727,10.545000076293945,10.149999618530273,10.220000267028809,2409700
2024-10-01,10.430000305175781,10.430000305175781,10.510000228881836,9.994000434875488,10.100000381469727,3205800
2024-10-02,10.84000015258789,10.84000015258789,10.899999618530273,10.482999801635742,10.600000381469727,2906700
2024-10-03,11.149999618530273,11.149999618530273,11.170000076293945,10.604999542236328,10.829999923706055,1712700
2024-10-04,11.289999961853027,11.289999961853027,11.420000076293945,11.100000381469727,11.3100004196167,1258200
2024-10-07,11.510000228881836,11.510000228881836,11.588000297546387,11.300000190734863,11.350000381469727,1402900
2024-10-08,10.869999885559082,10.869999885559082,11.270000457763672,10.779999732971191,11.270000457763672,1523100
2024-10-09,10.90999984741211,10.90999984741211,10.979999542236328,10.699999809265137,10.729999542236328,944800
2024-10-10,10.930000305175781,10.930000305175781,11.074999809265137,10.800000190734863,10.90999984741211,1299000
2024-10-11,11.069999694824219,11.069999694824219,11.170000076293945,10.800000190734863,10.850000381469727,1494500
2024-10-14,10.779999732971191,10.779999732971191,10.944999694824219,10.755000114440918,10.880000114440918,1173800
2024-10-15,9.869999885559082,9.869999885559082,10.375,9.850000381469727,10.369999885559082,2413500
2024-10-16,9.630000114440918,9.630000114440918,9.920000076293945,9.550000190734863,9.880000114440918,3037600
2024-10-17,9.75,9.75,9.75,9.539999961853027,9.640000343322754,1787900
2024-10-18,9.710000038146973,9.710000038146973,9.795000076293945,9.600000381469727,9.729999542236328,1264000
2024-10-21,9.579999923706055,9.579999923706055,9.890000343322754,9.520000457763672,9.819999694824219,1422600
2024-10-22,9.729999542236328,9.729999542236328,9.805000305175781,9.550000190734863,9.619999885559082,1164100
2024-10-23,10.020000457763672,10.020000457763672,10.039999961853027,9.4399995803833,9.680000305175781,2962600
2024-10-24,10.300000190734863,10.300000190734863,10.3100004196167,9.800000190734863,10.109999656677246,3107800
2024-10-25,10.479999542236328,10.479999542236328,10.654999732971191,10.305000305175781,10.390000343322754,2033300
2024-10-28,10.09000015258789,10.09000015258789,10.279999732971191,10.010000228881836,10.100000381469727,1756900
2024-10-29,9.920000076293945,9.920000076293945,10.119999885559082,9.829999923706055,10.039999961853027,1201900
2024-10-30,10.199999809265137,10.199999809265137,10.34000015258789,9.899999618530273,10.0,1508000
2024-10-31,10.220000267028809,10.220000267028809,10.475000381469727,10.199999809265137,10.359999656677246,1232600
2024-11-01,10.079999923706055,10.079999923706055,10.390000343322754,10.010000228881836,10.350000381469727,1225500
2024-11-04,10.460000038146973,10.460000038146973,10.574999809265137,10.130999565124512,10.220000267028809,1683700
2024-11-05,10.90999984741211,10.90999984741211,10.944999694824219,10.40999984741211,10.460000038146973,2807000
2024-11-06,11.680000305175781,11.680000305175781,11.899999618530273,11.0600004196167,11.100000381469727,3001600
2024-11-07,11.829999923706055,11.829999923706055,11.899999618530273,11.380000114440918,11.760000228881836,2224200
2024-11-08,11.829999923706055,11.829999923706055,11.850000381469727,11.550000190734863,11.75,1818300
2024-11-11,11.770000457763672,11.770000457763672,12.0,11.585000038146973,11.90999984741211,2502100
2024-11-12,11.970000267028809,11.970000267028809,12.710000038146973,11.779999732971191,12.0,3713700
2024-11-13,11.789999961853027,11.789999961853027,12.09000015258789,11.484999656677246,12.010000228881836,2338000
2024-11-14,11.65999984741211,11.65999984741211,12.130000114440918,11.479999542236328,11.90999984741211,2018700
2024-11-15,11.279999732971191,11.279999732971191,11.84000015258789,11.270000457763672,11.8100004196167,1465900
2024-11-18,11.40999984741211,11.40999984741211,11.619999885559082,11.300000190734863,11.34000015258789,1548600
2024-11-19,11.029999732971191,11.029999732971191,11.390000343322754,11.0,11.239999771118164,958600
2024-11-20,11.449999809265137,11.449999809265137,11.529999732971191,11.0600004196167,11.100000381469727,1615800
2024-11-21,11.569999694824219,11.569999694824219,11.729999542236328,11.444999694824219,11.59000015258789,2542600
2024-11-22,11.449999809265137,11.449999809265137,11.760000228881836,11.425000190734863,11.539999961853027,1061700
2024-11-25,11.300000190734863,11.300000190734863,11.630000114440918,11.289999961853027,11.449999809265137,1385200
2024-11-26,11.15999984741211,11.15999984741211,11.569999694824219,11.114999771118164,11.300000190734863,1262500
2024-11-27,11.199999809265137,11.199999809265137,11.5,11.15999984741211,11.15999984741211,687100
2024-11-29,11.25,11.25,11.350000381469727,11.229999542236328,11.239999771118164,506000
2024-12-02,11.170000076293945,11.170000076293945,11.329999923706055,10.96500015258789,11.300000190734863,906200
2024-12-03,11.010000228881836,11.010000228881836,11.380000114440918,11.0,11.260000228881836,747500
2024-12-04,10.619999885559082,10.619999885559082,11.020000457763672,10.505000114440918,11.0,1059100
2024-12-05,10.239999771118164,10.239999771118164,10.694999694824219,10.21500015258789,10.460000038146973,1612300
2024-12-06,9.880000114440918,9.880000114440918,10.1899995803833,9.829999923706055,10.180000305175781,1628800
2024-12-09,10.210000038146973,10.210000038146973,10.5649995803833,10.069999694824219,10.09000015258789,1670900
2024-12-10,10.399999618530273,10.399999618530273,10.6850004196167,10.1850004196167,10.329999923706055,1678800
2024-12-11,10.25,10.25,10.460000038146973,10.170000076293945,10.4399995803833,1747200
2024-12-12,10.0,10.0,10.335000038146973,9.949999809265137,10.260000228881836,1819700
2024-12-13,9.960000038146973,9.960000038146973,10.125,9.859999656677246,10.010000228881836,1457300
2024-12-16,9.819999694824219,9.819999694824219,9.949999809265137,9.765000343322754,9.899999618530273,2792500
2024-12-17,9.800000190734863,9.800000190734863,9.84000015258789,9.494999885559082,9.75,2561800
2024-12-18,9.529999732971191,9.529999732971191,9.930000305175781,9.489999771118164,9.850000381469727,2339200
2024-12-19,9.15999984741211,9.15999984741211,9.760000228881836,9.125,9.739999771118164,2816400
2024-12-20,9.100000381469727,9.100000381469727,9.270000457763672,8.979999542236328,9.100000381469727,4291200
