Date,Close,High,Low,Open,Volume
1985-01-04,4.795260906219482,4.857537147210952,4.795260906219482,0.0,981
1985-01-07,4.795260906219482,4.857537147210952,4.795260906219482,0.0,1401
1985-01-08,4.857536792755127,4.919812696439422,4.857536792755127,0.0,2381
1985-01-09,4.982090473175049,5.106642976257557,4.982090473175049,0.0,25353
1985-01-10,5.044365882873535,5.106642460892747,5.044365882873535,0.0,560
1985-01-11,4.857536792755127,4.919812696439422,4.857536792755127,0.0,19470
1985-01-14,4.857536792755127,4.919812696439422,4.857536792755127,0.0,10085
1985-01-15,4.857536792755127,4.982089265649436,4.857536792755127,0.0,3642
1985-01-16,4.919814109802246,5.044366618477965,4.919814109802246,0.0,1541
1985-01-17,4.919814109802246,4.982090696903061,4.919814109802246,0.0,2801
1985-01-18,4.919814109802246,4.982090696903061,4.919814109802246,0.0,25493
1985-01-21,5.106642246246338,5.168917823359213,5.106642246246338,0.0,34458
1985-01-22,4.982090473175049,5.044366391953362,4.982090473175049,0.0,840
1985-01-23,4.982090473175049,5.044366391953362,4.982090473175049,0.0,7004
1985-01-24,5.044365882873535,5.106642460892747,5.044365882873535,0.0,139232
1985-01-25,5.168917655944824,5.231193563803559,5.168917655944824,0.0,305498
1985-01-28,5.231194496154785,5.293471080638785,5.231194496154785,0.0,355784
1985-01-29,5.2934699058532715,5.35574581099043,5.2934699058532715,0.0,111918
1985-01-30,5.2934699058532715,5.35574581099043,5.2934699058532715,0.0,29135
1985-01-31,5.231194496154785,5.293471080638785,5.231194496154785,0.0,29135
1985-02-01,5.044365882873535,5.106642460892747,5.044365882873535,0.0,87265
1985-02-04,4.982090473175049,5.044366391953362,4.982090473175049,0.0,180273
1985-02-05,4.982090473175049,5.044366391953362,4.982090473175049,0.0,260395
1985-02-06,4.982090473175049,5.044366391953362,4.982090473175049,0.0,446692
1985-02-07,4.982090473175049,5.044366391953362,4.982090473175049,0.0,29835
1985-02-08,4.919814109802246,4.982090696903061,4.919814109802246,0.0,70457
1985-02-11,4.919814109802246,4.982090696903061,4.919814109802246,0.0,51547
1985-02-12,4.919814109802246,4.982090696903061,4.919814109802246,0.0,1121
1985-02-13,4.919814109802246,4.982090696903061,4.919814109802246,0.0,71437
1985-02-14,5.044365882873535,5.106642460892747,5.044365882873535,0.0,76480
1985-02-15,5.106642246246338,5.168917823359213,5.106642246246338,0.0,131388
1985-02-19,5.044365882873535,5.106642460892747,5.044365882873535,0.0,28435
1985-02-20,5.044365882873535,5.106642460892747,5.044365882873535,0.0,115980
1985-02-21,5.044365882873535,5.106642460892747,5.044365882873535,0.0,11066
1985-02-22,5.044365882873535,5.106642460892747,5.044365882873535,0.0,38660
1985-02-25,4.982090473175049,5.044366391953362,4.982090473175049,0.0,6443
1985-02-26,5.044365882873535,5.106642460892747,5.044365882873535,0.0,67235
1985-02-27,5.044365882873535,5.106642460892747,5.044365882873535,0.0,1681
1985-02-28,4.982090473175049,5.044366391953362,4.982090473175049,0.0,280
1985-03-01,4.982090473175049,5.044366391953362,4.982090473175049,0.0,42022
1985-03-04,5.044365882873535,5.106642460892747,5.044365882873535,0.0,176492
1985-03-05,5.106642246246338,5.168917823359213,5.106642246246338,0.0,33898
1985-03-06,5.044365882873535,5.106642460892747,5.044365882873535,0.0,28155
1985-03-07,5.044365882873535,5.168918040623239,5.044365882873535,0.0,63593
1985-03-08,5.106642246246338,5.168917823359213,5.106642246246338,0.0,22972
1985-03-11,5.106642246246338,5.168917823359213,5.106642246246338,0.0,35999
1985-03-12,5.106642246246338,5.168917823359213,5.106642246246338,0.0,19750
1985-03-13,5.106642246246338,5.231193733234981,5.106642246246338,0.0,56729
1985-03-14,5.106642246246338,5.168917823359213,5.106642246246338,0.0,1541
1985-03-15,5.106642246246338,5.168917823359213,5.106642246246338,0.0,840
1985-03-18,5.106642246246338,5.168917823359213,5.106642246246338,0.0,2521
1985-03-19,5.2934699058532715,5.35574581099043,5.2934699058532715,0.0,95530
1985-03-20,5.168917655944824,5.231193563803559,5.168917655944824,0.0,52807
1985-03-21,5.168917655944824,5.231193563803559,5.168917655944824,0.0,6443
1985-03-22,5.106642246246338,5.168917823359213,5.106642246246338,0.0,8404
1985-03-25,5.106642246246338,5.168917823359213,5.106642246246338,0.0,23392
1985-03-26,5.044365882873535,5.106642460892747,5.044365882873535,0.0,35719
1985-03-27,5.044365882873535,5.106642460892747,5.044365882873535,0.0,136151
1985-03-28,4.982090473175049,5.106642976257557,4.982090473175049,0.0,144835
1985-03-29,4.982090473175049,5.044366391953362,4.982090473175049,0.0,41041
1985-04-01,4.982090473175049,5.044366391953362,4.982090473175049,0.0,43703
1985-04-02,4.919814109802246,4.982090696903061,4.919814109802246,0.0,11206
1985-04-03,4.857536792755127,4.919812696439422,4.857536792755127,0.0,214451
1985-04-04,4.795260906219482,4.857537147210952,4.795260906219482,0.0,10085
1985-04-08,4.795260906219482,4.795260906219482,4.795260906219482,4.795260906219482,0
1985-04-09,4.857536792755127,4.919812696439422,4.857536792755127,0.0,5183
1985-04-10,4.857536792755127,4.919812696439422,4.857536792755127,0.0,2101
1985-04-11,4.857536792755127,4.919812696439422,4.857536792755127,0.0,431424
1985-04-12,4.857536792755127,4.919812696439422,4.857536792755127,0.0,268799
1985-04-15,4.857536792755127,4.919812696439422,4.857536792755127,0.0,151839
1985-04-16,4.732985019683838,4.795260928197855,4.732985019683838,0.0,86005
1985-04-17,4.795260906219482,4.857537147210952,4.795260906219482,0.0,14988
1985-04-18,4.795260906219482,4.857537147210952,4.795260906219482,0.0,119202
1985-04-19,4.919814109802246,5.044366618477965,4.919814109802246,0.0,25913
1985-04-22,4.919814109802246,5.044366618477965,4.919814109802246,0.0,2801
1985-04-23,4.982090473175049,5.044366391953362,4.982090473175049,0.0,28435
1985-04-24,5.044365882873535,5.106642460892747,5.044365882873535,0.0,8965
1985-04-25,5.231194496154785,5.293471080638785,5.231194496154785,0.0,34318
1985-04-26,5.168917655944824,5.231193563803559,5.168917655944824,0.0,3782
1985-04-29,5.106642246246338,5.231193733234981,5.106642246246338,0.0,49446
1985-04-30,5.106642246246338,5.168917823359213,5.106642246246338,0.0,49306
1985-05-01,5.106642246246338,5.168917823359213,5.106642246246338,0.0,105755
1985-05-02,5.106642246246338,5.168917823359213,5.106642246246338,0.0,38100
1985-05-03,5.044365882873535,5.168918040623239,5.044365882873535,0.0,15408
1985-05-06,5.044365882873535,5.106642460892747,5.044365882873535,0.0,14147
1985-05-07,5.044365882873535,5.106642460892747,5.044365882873535,0.0,1401
1985-05-08,5.044365882873535,5.106642460892747,5.044365882873535,0.0,12186
1985-05-09,5.044365882873535,5.106642460892747,5.044365882873535,0.0,700
1985-05-10,5.044365882873535,5.106642460892747,5.044365882873535,0.0,13587
1985-05-13,5.044365882873535,5.106642460892747,5.044365882873535,0.0,420
1985-05-14,5.044365882873535,5.106642460892747,5.044365882873535,0.0,1681
1985-05-15,4.919814109802246,4.982090696903061,4.919814109802246,0.0,7564
1985-05-16,4.919814109802246,4.982090696903061,4.919814109802246,0.0,140
1985-05-17,4.982090473175049,5.044366391953362,4.982090473175049,0.0,12887
1985-05-20,5.044365882873535,5.106642460892747,5.044365882873535,0.0,2801
1985-05-21,5.044365882873535,5.106642460892747,5.044365882873535,0.0,44683
1985-05-22,5.044365882873535,5.106642460892747,5.044365882873535,0.0,2241
1985-05-23,5.044365882873535,5.106642460892747,5.044365882873535,0.0,7144
1985-05-24,4.982090473175049,5.044366391953362,4.982090473175049,0.0,70176
1985-05-28,4.982090473175049,5.044366391953362,4.982090473175049,0.0,87685
1985-05-29,4.919814109802246,4.982090696903061,4.919814109802246,0.0,62192
1985-05-30,4.919814109802246,4.982090696903061,4.919814109802246,0.0,494456
1985-05-31,4.795260906219482,4.857537147210952,4.795260906219482,0.0,13447
1985-06-03,4.732985019683838,4.795260928197855,4.732985019683838,0.0,7564
1985-06-04,4.732985019683838,4.795260928197855,4.732985019683838,0.0,420
1985-06-05,4.732985019683838,4.795260928197855,4.732985019683838,0.0,3782
1985-06-06,4.670708656311035,4.73298455876029,4.670708656311035,0.0,30116
1985-06-07,4.670708656311035,4.73298455876029,4.670708656311035,0.0,56309
1985-06-10,4.670708656311035,4.73298455876029,4.670708656311035,0.0,13307
1985-06-11,4.795260906219482,4.857537147210952,4.795260906219482,0.0,43282
1985-06-12,4.732985019683838,4.795260928197855,4.732985019683838,0.0,16108
1985-06-13,4.795260906219482,4.857537147210952,4.795260906219482,0.0,23392
1985-06-14,4.857536792755127,4.919812696439422,4.857536792755127,0.0,8264
1985-06-17,4.795260906219482,4.857537147210952,4.795260906219482,0.0,840
1985-06-18,4.857536792755127,4.919812696439422,4.857536792755127,0.0,15968
1985-06-19,4.795260906219482,4.857537147210952,4.795260906219482,0.0,11346
1985-06-20,4.795260906219482,4.857537147210952,4.795260906219482,0.0,1681
1985-06-21,4.795260906219482,4.795260906219482,4.795260906219482,4.795260906219482,0
1985-06-24,4.919814109802246,5.044366618477965,4.919814109802246,0.0,56729
1985-06-25,4.857536792755127,4.982089265649436,4.857536792755127,0.0,42302
1985-06-26,5.10041618347168,5.165805776181679,5.10041618347168,0.0,62299
1985-06-27,5.165805339813232,5.231194926999611,5.165805339813232,0.0,7871
1985-06-28,5.231194496154785,5.2965850762444555,5.231194496154785,0.0,4269
1985-07-01,5.231194496154785,5.2965850762444555,5.231194496154785,0.0,5336
1985-07-02,5.296584129333496,5.361973699444148,5.296584129333496,0.0,8271
1985-07-03,5.361974716186523,5.427364964222296,5.361974716186523,0.0,13340
1985-07-05,5.361974716186523,5.427364964222296,5.361974716186523,0.0,1067
1985-07-08,5.427364349365234,5.49275392446724,5.427364349365234,0.0,102987
1985-07-09,5.427364349365234,5.49275392446724,5.427364349365234,0.0,73905
1985-07-10,5.361974716186523,5.427364964222296,5.361974716186523,0.0,42289
1985-07-11,5.231194496154785,5.2965850762444555,5.231194496154785,0.0,29749
1985-07-12,5.296584129333496,5.361973699444148,5.296584129333496,0.0,9738
1985-07-15,5.361974716186523,5.427364964222296,5.361974716186523,0.0,46424
1985-07-16,5.427364349365234,5.49275392446724,5.427364349365234,0.0,88179
1985-07-17,5.427364349365234,5.49275392446724,5.427364349365234,0.0,79908
1985-07-18,5.427364349365234,5.49275392446724,5.427364349365234,0.0,28548
1985-07-19,5.361974716186523,5.427364964222296,5.361974716186523,0.0,26280
1985-07-22,5.361974716186523,5.427364964222296,5.361974716186523,0.0,45624
1985-07-23,5.427364349365234,5.49275392446724,5.427364349365234,0.0,28548
1985-07-24,5.361974716186523,5.427364964222296,5.361974716186523,0.0,94582
1985-07-25,5.296584129333496,5.361973699444148,5.296584129333496,0.0,139005
1985-07-26,5.231194496154785,5.2965850762444555,5.231194496154785,0.0,135003
1985-07-29,5.10041618347168,5.165805776181679,5.10041618347168,0.0,70170
1985-07-30,5.0350236892700195,5.100414255551847,5.0350236892700195,0.0,25346
1985-07-31,4.969635009765625,5.100415167422002,4.969635009765625,0.0,24146
1985-08-01,5.10041618347168,5.165805776181679,5.10041618347168,0.0,9472
1985-08-02,5.10041618347168,5.165805776181679,5.10041618347168,0.0,11739
1985-08-05,5.0350236892700195,5.100414255551847,5.0350236892700195,0.0,36819
1985-08-06,5.165805339813232,5.231194926999611,5.165805339813232,0.0,106722
1985-08-07,5.10041618347168,5.231195368891678,5.10041618347168,0.0,47891
1985-08-08,5.10041618347168,5.165805776181679,5.10041618347168,0.0,4936
1985-08-09,5.0350236892700195,5.165803823545061,5.0350236892700195,0.0,16275
1985-08-12,5.0350236892700195,5.100414255551847,5.0350236892700195,0.0,1734
1985-08-13,5.10041618347168,5.165805776181679,5.10041618347168,0.0,3335
1985-08-14,5.165805339813232,5.231194926999611,5.165805339813232,0.0,12940
1985-08-15,5.165805339813232,5.231194926999611,5.165805339813232,0.0,1467
1985-08-16,5.10041618347168,5.165805776181679,5.10041618347168,0.0,7337
1985-08-19,5.165805339813232,5.231194926999611,5.165805339813232,0.0,5069
1985-08-20,5.165805339813232,5.231194926999611,5.165805339813232,0.0,1334
1985-08-21,5.10041618347168,5.165805776181679,5.10041618347168,0.0,24546
1985-08-22,5.10041618347168,5.165805776181679,5.10041618347168,0.0,11739
1985-08-23,5.0350236892700195,5.100414255551847,5.0350236892700195,0.0,6537
1985-08-26,5.0350236892700195,5.100414255551847,5.0350236892700195,0.0,26280
1985-08-27,5.10041618347168,5.165805776181679,5.10041618347168,0.0,2535
1985-08-28,5.0350236892700195,5.100414255551847,5.0350236892700195,0.0,4002
1985-08-29,5.0350236892700195,5.100414255551847,5.0350236892700195,0.0,3468
1985-08-30,5.0350236892700195,5.100414255551847,5.0350236892700195,0.0,800
1985-09-03,4.969635009765625,5.035024589449417,4.969635009765625,0.0,23612
1985-09-04,4.904245376586914,4.96963562995702,4.904245376586914,0.0,22678
1985-09-05,4.904245376586914,4.96963562995702,4.904245376586914,0.0,29882
1985-09-06,4.773464202880859,4.838854100676292,4.773464202880859,0.0,66701
1985-09-09,4.83885383605957,4.969633624498634,4.83885383605957,0.0,30016
1985-09-10,4.904245376586914,4.96963562995702,4.904245376586914,0.0,15208
1985-09-11,4.904245376586914,4.96963562995702,4.904245376586914,0.0,18143
1985-09-12,4.904245376586914,5.035025217801182,4.904245376586914,0.0,27081
1985-09-13,4.904245376586914,4.96963562995702,4.904245376586914,0.0,10672
1985-09-16,4.904245376586914,4.904245376586914,4.904245376586914,4.904245376586914,0
1985-09-17,4.904245376586914,4.96963562995702,4.904245376586914,0.0,534
1985-09-18,4.904245376586914,4.96963562995702,4.904245376586914,0.0,1067
1985-09-19,4.904245376586914,4.96963562995702,4.904245376586914,0.0,2134
1985-09-20,4.969635009765625,5.035024589449417,4.969635009765625,0.0,28015
1985-09-23,5.165805339813232,5.231194926999611,5.165805339813232,0.0,24813
1985-09-24,5.10041618347168,5.231195368891678,5.10041618347168,0.0,24546
1985-09-25,5.165805339813232,5.231194926999611,5.165805339813232,0.0,31083
1985-09-26,5.165805339813232,5.231194926999611,5.165805339813232,0.0,1734
1985-09-30,5.0350236892700195,5.100414255551847,5.0350236892700195,0.0,4936
1985-10-01,5.165805339813232,5.231194926999611,5.165805339813232,0.0,20677
1985-10-02,5.231194496154785,5.2965850762444555,5.231194496154785,0.0,44290
1985-10-03,5.296584129333496,5.361973699444148,5.296584129333496,0.0,53628
1985-10-04,5.231194496154785,5.2965850762444555,5.231194496154785,0.0,20677
1985-10-07,5.231194496154785,5.2965850762444555,5.231194496154785,0.0,1067
1985-10-08,5.231194496154785,5.2965850762444555,5.231194496154785,0.0,1201
1985-10-09,5.427364349365234,5.49275392446724,5.427364349365234,0.0,11606
1985-10-10,5.361974716186523,5.4927545467321774,5.361974716186523,0.0,20677
1985-10-11,5.492753028869629,5.558142926072669,5.492753028869629,0.0,19477
1985-10-14,5.427364349365234,5.49275392446724,5.427364349365234,0.0,11873
1985-10-15,5.361974716186523,5.427364964222296,5.361974716186523,0.0,23879
1985-10-16,5.427364349365234,5.49275392446724,5.427364349365234,0.0,4135
1985-10-17,5.427364349365234,5.558143832332154,5.427364349365234,0.0,196102
1985-10-18,5.427364349365234,5.49275392446724,5.427364349365234,0.0,10272
1985-10-21,5.361974716186523,5.427364964222296,5.361974716186523,0.0,5870
1985-10-22,5.296584129333496,5.361973699444148,5.296584129333496,0.0,4402
1985-10-23,5.296584129333496,5.361973699444148,5.296584129333496,0.0,7337
1985-10-24,5.231194496154785,5.2965850762444555,5.231194496154785,0.0,6937
1985-10-25,5.165805339813232,5.231194926999611,5.165805339813232,0.0,10806
1985-10-28,5.427364349365234,5.49275392446724,5.427364349365234,0.0,15875
1985-10-29,5.492753028869629,5.623533156038562,5.492753028869629,0.0,20010
1985-10-30,5.623533248901367,5.688923147184207,5.623533248901367,0.0,139672
1985-10-31,5.688925743103027,5.7543156712240044,5.688925743103027,0.0,53228
1985-11-01,5.558144569396973,5.623534818696185,5.558144569396973,0.0,62566
1985-11-04,5.492753028869629,5.558142926072669,5.492753028869629,0.0,66568
1985-11-05,5.558144569396973,5.623534818696185,5.558144569396973,0.0,80442
1985-11-06,5.623533248901367,5.688923147184207,5.623533248901367,0.0,145409
1985-11-07,5.688925743103027,5.819705599344981,5.688925743103027,0.0,97917
1985-11-08,5.688925743103027,5.7543156712240044,5.688925743103027,0.0,26547
1985-11-11,5.623533248901367,5.688923147184207,5.623533248901367,0.0,22545
1985-11-12,5.623533248901367,5.688923147184207,5.623533248901367,0.0,12673
1985-11-13,5.623533248901367,5.688923147184207,5.623533248901367,0.0,60565
1985-11-14,5.688925743103027,5.7543156712240044,5.688925743103027,0.0,33484
1985-11-15,5.688925743103027,5.7543156712240044,5.688925743103027,0.0,3735
1985-11-18,5.688925743103027,5.7543156712240044,5.688925743103027,0.0,13340
1985-11-19,5.688925743103027,5.7543156712240044,5.688925743103027,0.0,6270
1985-11-20,5.819704532623291,5.9504843648939785,5.819704532623291,0.0,50293
1985-11-21,5.88509464263916,5.9504852338494585,5.88509464263916,0.0,81776
1985-11-22,5.950481414794922,6.015871298511606,5.950481414794922,0.0,24946
1985-11-25,5.950481414794922,6.015871298511606,5.950481414794922,0.0,24679
1985-11-26,5.950481414794922,6.081260516702721,5.950481414794922,0.0,13207
1985-11-27,5.950481414794922,6.015871298511606,5.950481414794922,0.0,17609
1985-11-29,5.950481414794922,6.015871298511606,5.950481414794922,0.0,12940
1985-12-02,5.88509464263916,5.9504852338494585,5.88509464263916,0.0,26814
1985-12-03,5.688925743103027,5.7543156712240044,5.688925743103027,0.0,42155
1985-12-04,5.819704532623291,5.885093783232736,5.819704532623291,0.0,41488
1985-12-05,5.950481414794922,6.015871298511606,5.950481414794922,0.0,197035
1985-12-06,5.88509464263916,6.01587515953376,5.88509464263916,0.0,99785
1985-12-09,5.950481414794922,6.015871298511606,5.950481414794922,0.0,127133
1985-12-10,5.950481414794922,6.015871298511606,5.950481414794922,0.0,140740
1985-12-11,5.950481414794922,6.015871298511606,5.950481414794922,0.0,280679
1985-12-12,6.212045192718506,6.277435121098931,6.212045192718506,0.0,149277
1985-12-13,6.473601341247559,6.538991233617969,6.473601341247559,0.0,358453
1985-12-16,6.408214569091797,6.538994417510447,6.408214569091797,0.0,96850
1985-12-17,6.342825412750244,6.40821534487573,6.342825412750244,0.0,87245
1985-12-18,6.342825412750244,6.40821534487573,6.342825412750244,0.0,30282
1985-12-19,6.2774338722229,6.342823787594205,6.2774338722229,0.0,20944
1985-12-20,6.212045192718506,6.277435121098931,6.212045192718506,0.0,52160
1985-12-23,6.212045192718506,6.277435121098931,6.212045192718506,0.0,74172
1985-12-24,6.2774338722229,6.342823787594205,6.2774338722229,0.0,7737
1985-12-26,6.212045192718506,6.342825049479357,6.212045192718506,0.0,68169
1985-12-27,6.2774338722229,6.342823787594205,6.2774338722229,0.0,55762
1985-12-30,6.342825412750244,6.40821534487573,6.342825412750244,0.0,53228
1985-12-31,6.342825412750244,6.40821534487573,6.342825412750244,0.0,6137
1986-01-02,6.408214569091797,6.473604493301122,6.408214569091797,0.0,58163
1986-01-03,6.342825412750244,6.40821534487573,6.342825412750244,0.0,143408
1986-01-06,6.342825412750244,6.40821534487573,6.342825412750244,0.0,43889
1986-01-07,6.342825412750244,6.473605277001215,6.342825412750244,0.0,83377
1986-01-08,6.2774338722229,6.342823787594205,6.2774338722229,0.0,101920
1986-01-09,6.342825412750244,6.40821534487573,6.342825412750244,0.0,34018
1986-01-10,6.538991451263428,6.604382011335971,6.538991451263428,0.0,28148
1986-01-13,6.6043829917907715,6.669772230519327,6.604382991790772,0.0,98985
1986-01-14,6.538991451263428,6.604382011335971,6.538991451263428,0.0,50693
1986-01-15,6.6043829917907715,6.669772230519327,6.604382991790772,0.0,17609
1986-01-16,6.6043829917907715,6.669772230519327,6.604382991790772,0.0,31483
1986-01-17,6.473601341247559,6.538991233617969,6.473601341247559,0.0,15475
1986-01-20,6.408214569091797,6.538994417510447,6.408214569091797,0.0,21078
1986-01-21,6.342825412750244,6.473605277001215,6.342825412750244,0.0,40821
1986-01-22,6.473601341247559,6.538991233617969,6.473601341247559,0.0,78841
1986-01-23,6.473601341247559,6.538991233617969,6.473601341247559,0.0,8671
1986-01-24,6.6043829917907715,6.669772230519327,6.604382991790772,0.0,8938
1986-01-27,6.6043829917907715,6.669772230519327,6.604382991790772,0.0,7070
1986-01-28,6.735162258148193,6.8005521636003365,6.735162258148193,0.0,123131
1986-01-29,6.735162258148193,6.8005521636003365,6.735162258148193,0.0,13207
1986-01-30,6.669774532318115,6.735164459139097,6.669774532318115,0.0,38287
1986-01-31,6.735162258148193,6.8005521636003365,6.735162258148193,0.0,20010
1986-02-03,6.669774532318115,6.735164459139097,6.669774532318115,0.0,32550
1986-02-04,6.669774532318115,6.800554385960078,6.669774532318115,0.0,20677
1986-02-05,6.86594295501709,6.9313335344328655,6.865942955017091,0.0,103120
1986-02-06,6.86594295501709,6.99672278279689,6.865942955017091,0.0,12673
1986-02-07,6.86594295501709,6.9313335344328655,6.865942955017091,0.0,39621
1986-02-10,6.996723175048828,7.0621130926046325,6.996723175048828,0.0,32950
1986-02-11,6.996723175048828,7.0621130926046325,6.996723175048828,0.0,53094
1986-02-12,6.996723175048828,7.0621130926046325,6.996723175048828,0.0,58831
1986-02-13,7.192892074584961,7.258282649910863,7.192892074584961,0.0,695694
1986-02-14,7.062111854553223,7.127502426171388,7.062111854553223,0.0,258934
1986-02-18,6.86594295501709,6.99672278279689,6.865942955017091,0.0,141006
1986-02-19,6.735162258148193,6.8005521636003365,6.735162258148193,0.0,413014
1986-02-20,6.669774532318115,6.800554385960078,6.669774532318115,0.0,97651
1986-02-21,6.735162258148193,6.8005521636003365,6.735162258148193,0.0,104054
1986-02-24,6.931334018707275,6.996723271639877,6.931334018707275,0.0,156348
1986-02-25,6.86594295501709,6.99672278279689,6.865942955017091,0.0,198770
1986-02-26,6.800553321838379,6.865943238427423,6.800553321838379,0.0,10539
1986-02-27,6.735162258148193,6.8005521636003365,6.735162258148193,0.0,54828
1986-02-28,6.800553321838379,6.865943238427423,6.800553321838379,0.0,211310
1986-03-03,6.86594295501709,6.9313335344328655,6.865942955017091,0.0,209976
1986-03-04,6.931334018707275,6.996723271639877,6.931334018707275,0.0,158616
1986-03-05,6.800553321838379,6.931333820542372,6.800553321838379,0.0,90714
1986-03-06,6.86594295501709,6.9313335344328655,6.865942955017091,0.0,367124
1986-03-07,6.931334018707275,6.996723271639877,6.931334018707275,0.0,31616
1986-03-10,6.86594295501709,6.99672278279689,6.865942955017091,0.0,16275
1986-03-11,6.931334018707275,6.996723271639877,6.931334018707275,0.0,42022
1986-03-12,6.86594295501709,6.9313335344328655,6.865942955017091,0.0,192366
1986-03-13,6.86594295501709,6.9313335344328655,6.865942955017091,0.0,269740
1986-03-14,6.931334018707275,6.996723271639877,6.931334018707275,0.0,258534
1986-03-17,6.86594295501709,6.9313335344328655,6.865942955017091,0.0,128200
1986-03-18,6.735162258148193,6.8005521636003365,6.735162258148193,0.0,14274
1986-03-19,6.86594295501709,6.9313335344328655,6.865942955017091,0.0,18543
1986-03-20,7.062111854553223,7.127502426171388,7.062111854553223,0.0,166353
1986-03-21,7.127504825592041,7.192894088171415,7.127504825592041,0.0,88713
1986-03-24,7.062111854553223,7.127502426171388,7.062111854553223,0.0,9738
1986-03-25,6.931334018707275,6.996723271639877,6.931334018707275,0.0,100319
1986-03-26,7.258283615112305,7.323673533607877,7.258283615112305,0.0,1690076
1986-03-27,7.650622367858887,7.716011614348034,7.650622367858887,0.0,1571481
1986-03-31,7.585233211517334,7.650623130046762,7.585233211517334,0.0,348714
1986-04-01,7.585233211517334,7.650623130046762,7.585233211517334,0.0,1011324
1986-04-02,7.912180423736572,7.977570993619039,7.912180423736571,0.0,402342
1986-04-03,7.912180423736572,7.977570993619039,7.912180423736571,0.0,257867
1986-04-04,8.500689506530762,8.566079405334053,8.500689506530762,0.0,1076291
1986-04-07,8.108353614807129,8.173743541845058,8.108353614807129,0.0,278945
1986-04-08,8.566082000732422,8.631471919347907,8.566082000732422,0.0,638865
1986-04-09,8.500689506530762,8.566079405334053,8.500689506530762,0.0,138739
1986-04-10,8.304521560668945,8.369911473256076,8.304521560668945,0.0,169688
1986-04-11,8.042959213256836,8.108349103916627,8.042959213256836,0.0,479715
1986-04-14,8.042959213256836,8.108349103916627,8.042959213256836,0.0,339376
1986-04-15,8.042959213256836,8.173738994576418,8.042959213256836,0.0,433825
1986-04-16,8.435302734375,8.500692657415861,8.435302734375,0.0,385400
1986-04-17,8.369909286499023,8.435299182002119,8.369909286499023,0.0,292018
1986-04-18,8.63147258758545,8.69686251126334,8.63147258758545,0.0,300556
1986-04-21,9.219979286193848,9.285369856855029,9.219979286193848,0.0,276677
1986-04-22,9.67770767211914,9.743096900812997,9.67770767211914,0.0,267872
1986-04-23,9.41615104675293,9.481540961469065,9.41615104675293,0.0,262403
1986-04-24,9.48154354095459,9.546932807934208,9.48154354095459,0.0,131001
1986-04-25,10.1354398727417,10.200829785935973,10.1354398727417,0.0,836834
1986-04-28,10.070047378540039,10.135437944821867,10.070047378540039,0.0,195835
1986-04-29,9.93927001953125,10.004659931977972,9.93927001953125,0.0,155681
1986-04-30,10.266220092773438,10.331610008474991,10.266220092773438,0.0,246261
1986-05-01,9.808490753173828,9.873880003818226,9.808490753173828,0.0,221715
1986-05-02,9.743101119995117,9.808491708057264,9.743101119995117,0.0,74972
1986-05-05,9.873876571655273,9.939267130621687,9.873876571655273,0.0,154880
1986-05-06,9.61231803894043,9.677707934935748,9.61231803894043,0.0,127533
1986-05-07,9.61231803894043,9.677707934935748,9.61231803894043,0.0,106722
1986-05-08,9.48154354095459,9.61232340596596,9.48154354095459,0.0,216112
1986-05-09,9.61231803894043,9.677707934935748,9.61231803894043,0.0,62566
1986-05-12,9.48154354095459,9.546932807934208,9.48154354095459,0.0,270007
1986-05-13,9.48154354095459,9.546932807934208,9.48154354095459,0.0,145676
1986-05-14,9.48154354095459,9.61232340596596,9.48154354095459,0.0,84577
1986-05-15,9.350759506225586,9.416150079752258,9.350759506225586,0.0,340310
1986-05-16,9.089200973510742,9.154590219106343,9.089200973510742,0.0,175824
1986-05-19,9.154590606689453,9.219980520579353,9.154590606689453,0.0,72838
1986-05-20,9.154590606689453,9.219980520579353,9.154590606689453,0.0,68836
1986-05-21,8.958420753479004,9.02380999617107,8.958420753479004,0.0,39754
1986-05-22,9.023809432983398,9.08920000264599,9.023809432983398,0.0,34951
1986-05-23,8.958420753479004,9.02380999617107,8.958420753479004,0.0,15608
1986-05-27,9.154590606689453,9.219980520579353,9.154590606689453,0.0,65767
1986-05-28,9.089200973510742,9.154590219106343,9.089200973510742,0.0,7337
1986-05-29,8.958420753479004,9.02380999617107,8.958420753479004,0.0,21078
1986-05-30,9.219979286193848,9.350759096464637,9.219979286193848,0.0,214911
1986-06-02,9.285370826721191,9.350760073160771,9.285370826721191,0.0,199437
1986-06-03,9.219979286193848,9.350759096464637,9.219979286193848,0.0,180894
1986-06-04,9.219979286193848,9.285369856855029,9.219979286193848,0.0,89246
1986-06-05,9.285370826721191,9.350760073160771,9.285370826721191,0.0,153413
1986-06-06,9.285370826721191,9.350760073160771,9.285370826721191,0.0,13874
1986-06-09,9.285370826721191,9.350760073160771,9.285370826721191,0.0,51360
1986-06-10,10.331610679626465,10.397000599575811,10.331610679626465,0.0,707700
1986-06-11,10.00466251373291,10.070051777527809,10.00466251373291,0.0,271474
1986-06-12,9.873876571655273,9.939267130621687,9.873876571655273,0.0,102587
1986-06-13,9.743101119995117,9.808491708057264,9.743101119995117,0.0,136204
1986-06-16,9.743101119995117,9.808491708057264,9.743101119995117,0.0,225050
1986-06-17,9.61231803894043,9.677707934935748,9.61231803894043,0.0,67368
1986-06-18,9.546927452087402,9.612318013434907,9.546927452087402,0.0,84177
1986-06-19,9.546927452087402,9.67770790925672,9.546927452087402,0.0,105121
1986-06-20,9.61231803894043,9.677707934935748,9.61231803894043,0.0,25080
1986-06-23,9.61231803894043,9.677707934935748,9.61231803894043,0.0,140873
1986-06-24,9.743101119995117,9.808491708057264,9.743101119995117,0.0,150478
1986-06-25,9.93927001953125,10.004659931977972,9.93927001953125,0.0,202105
1986-06-26,9.873876571655273,9.939267130621687,9.873876571655273,0.0,117528
1986-06-27,9.808490753173828,9.873880003818226,9.808490753173828,0.0,108189
1986-06-30,9.808490753173828,9.873880003818226,9.808490753173828,0.0,60698
1986-07-01,9.873876571655273,9.939267130621687,9.873876571655273,0.0,121930
1986-07-02,9.808490753173828,9.873880003818226,9.808490753173828,0.0,5603
1986-07-03,9.743101119995117,9.873880965067483,9.743101119995117,0.0,26414
1986-07-07,9.41615104675293,9.481540961469065,9.41615104675293,0.0,136204
1986-07-08,9.546927452087402,9.612318013434907,9.546927452087402,0.0,88846
1986-07-09,9.219979286193848,9.350759096464637,9.219979286193848,0.0,162084
1986-07-10,9.219979286193848,9.285369856855029,9.219979286193848,0.0,24679
1986-07-11,9.154590606689453,9.219980520579353,9.154590606689453,0.0,39487
1986-07-14,9.023809432983398,9.08920000264599,9.023809432983398,0.0,35885
1986-07-15,8.827642440795898,8.893032365082506,8.827642440795898,0.0,159816
1986-07-16,8.827642440795898,8.893032365082506,8.827642440795898,0.0,168888
1986-07-17,8.762250900268555,8.82764014200125,8.762250900268555,0.0,39754
1986-07-18,8.566082000732422,8.631471919347907,8.566082000732422,0.0,44823
1986-07-21,8.696859359741211,8.762249925249188,8.696859359741211,0.0,13474
1986-07-22,8.762250900268555,8.82764014200125,8.762250900268555,0.0,24546
1986-07-23,8.696859359741211,8.762249925249188,8.696859359741211,0.0,29349
1986-07-24,8.89302921295166,8.958419779586587,8.89302921295166,0.0,194501
1986-07-25,8.827642440795898,8.893032365082506,8.827642440795898,0.0,36952
1986-07-28,8.827642440795898,8.893032365082506,8.827642440795898,0.0,45090
1986-07-29,8.696859359741211,8.762249925249188,8.696859359741211,0.0,74439
1986-07-30,8.566082000732422,8.631471919347907,8.566082000732422,0.0,50159
1986-07-31,8.566082000732422,8.631471919347907,8.566082000732422,0.0,37086
1986-08-01,8.566082000732422,8.631471919347907,8.566082000732422,0.0,38287
1986-08-04,8.304521560668945,8.435301385843205,8.304521560668945,0.0,30016
1986-08-05,8.369909286499023,8.435299182002119,8.369909286499023,0.0,74305
1986-08-06,8.566082000732422,8.631471919347907,8.566082000732422,0.0,37486
1986-08-07,9.350759506225586,9.416150079752258,9.350759506225586,0.0,103120
1986-08-08,9.67770767211914,9.743096900812997,9.67770767211914,0.0,28548
1986-08-11,9.41615104675293,9.481540961469065,9.41615104675293,0.0,178759
1986-08-12,9.41615104675293,9.481540961469065,9.41615104675293,0.0,22011
1986-08-13,9.350759506225586,9.416150079752258,9.350759506225586,0.0,45223
1986-08-14,9.285370826721191,9.350760073160771,9.285370826721191,0.0,169288
1986-08-15,9.285370826721191,9.350760073160771,9.285370826721191,0.0,24146
1986-08-18,9.219979286193848,9.350759096464637,9.219979286193848,0.0,65100
1986-08-19,9.546927452087402,9.612318013434907,9.546927452087402,0.0,34685
1986-08-20,9.67770767211914,9.743096900812997,9.67770767211914,0.0,24946
1986-08-21,10.396997451782227,10.462387351934137,10.396997451782227,0.0,378596
1986-08-22,10.985506057739258,11.050895954942298,10.985506057739258,0.0,312162
1986-08-25,10.723949432373047,10.789339347645873,10.723949432373047,0.0,149678
1986-08-26,9.873876571655273,9.939267130621687,9.873876571655273,0.0,800548
1986-08-27,11.050898551940918,11.116289130036671,11.050898551940918,0.0,390869
1986-08-28,10.658559799194336,10.7239497161978,10.658559799194336,0.0,422352
1986-08-29,10.789340019226074,10.854729938569083,10.789340019226074,0.0,100585
1986-09-02,10.462389945983887,10.593170444239217,10.462389945983887,0.0,110991
1986-09-03,10.593168258666992,10.658557496014762,10.593168258666992,0.0,126332
1986-09-04,11.312458992004395,11.377849574665419,11.312458992004395,0.0,100052
1986-09-05,11.574019432067871,11.704799275055873,11.574019432067871,0.0,156348
1986-09-08,11.77018928527832,11.83557853804197,11.77018928527832,0.0,84444
1986-09-09,12.489477157592773,12.554866400438222,12.489477157592773,0.0,248929
1986-09-10,12.685650825500488,12.751041423152035,12.685650825500488,0.0,231720
1986-09-11,11.77018928527832,11.83557853804197,11.77018928527832,0.0,553887
1986-09-12,11.96635627746582,12.031746849821333,11.96635627746582,0.0,777470
1986-09-15,12.293306350708008,12.358695591339409,12.293306350708008,0.0,290417
1986-09-16,11.443235397338867,11.508625960405778,11.443235397338867,0.0,242526
1986-09-17,12.097136497497559,12.162525733803252,12.097136497497559,0.0,147677
1986-09-18,12.489477157592773,12.620256974335309,12.489477157592773,0.0,132735
1986-09-19,12.816429138183594,12.881818396866938,12.816429138183594,0.0,311495
1986-09-22,12.947202682495117,13.012593240391185,12.947202682495117,0.0,51360
1986-09-23,13.077982902526855,13.1433734625994,13.077982902526855,0.0,88579
1986-09-24,13.404935836791992,13.470326416996718,13.404935836791992,0.0,174357
1986-09-25,12.5548677444458,12.620258325342997,12.5548677444458,0.0,201171
1986-09-26,12.816429138183594,12.881818396866938,12.816429138183594,0.0,260402
1986-09-29,14.058837890625,14.124228478159997,14.058837890625,0.0,275876
1986-09-30,13.928057670593262,14.058837511080696,13.928057670593262,0.0,229986
1986-10-01,13.33954906463623,13.404938325931205,13.33954906463623,0.0,181027
1986-10-02,12.489477157592773,12.554866400438222,12.489477157592773,0.0,62299
1986-10-03,12.947202682495117,13.012593240391185,12.947202682495117,0.0,138739
1986-10-06,12.751033782958984,12.816423010378344,12.751033782958984,0.0,120196
1986-10-07,12.947202682495117,13.012593240391185,12.947202682495117,0.0,133002
1986-10-08,12.947202682495117,13.012593240391185,12.947202682495117,0.0,93515
1986-10-09,13.208765029907227,13.3395448421523,13.208765029907225,0.0,93649
1986-10-10,13.208765029907227,13.3395448421523,13.208765029907225,0.0,9872
1986-10-13,12.881817817687988,12.947208404483272,12.881817817687988,0.0,16142
1986-10-14,12.947202682495117,13.012593240391185,12.947202682495117,0.0,93515
1986-10-15,12.424090385437012,12.48948097934346,12.424090385437012,0.0,142340
1986-10-16,13.01259708404541,13.077986330204805,13.01259708404541,0.0,142340
1986-10-17,12.947202682495117,13.077982467235937,12.947202682495117,0.0,81509
1986-10-20,12.489477157592773,12.554866400438222,12.489477157592773,0.0,81642
1986-10-21,12.22791862487793,12.29330921177954,12.22791862487793,0.0,71370
1986-10-22,11.77018928527832,11.83557853804197,11.77018928527832,0.0,112192
1986-10-23,12.293306350708008,12.358695591339409,12.293306350708008,0.0,248129
1986-10-24,12.097136497497559,12.162525733803252,12.097136497497559,0.0,37486
1986-10-27,12.22791862487793,12.29330921177954,12.22791862487793,0.0,54161
1986-10-28,12.424090385437012,12.48948097934346,12.424090385437012,0.0,43489
1986-10-29,12.489477157592773,12.554866400438222,12.489477157592773,0.0,52294
1986-10-30,12.358702659606934,12.489483877770146,12.358702659606934,0.0,48425
1986-10-31,12.22791862487793,12.358698467629248,12.22791862487793,0.0,39354
1986-11-03,12.293306350708008,12.358695591339409,12.293306350708008,0.0,8138
1986-11-04,12.16252613067627,12.227915369115665,12.16252613067627,0.0,31883
1986-11-05,11.900962829589844,11.96635204778096,11.900962829589844,0.0,63233
1986-11-06,11.508628845214844,11.574018093621124,11.508628845214844,0.0,47358
1986-11-07,11.508628845214844,11.574018093621124,11.508628845214844,0.0,97384
1986-11-10,11.574019432067871,11.704799275055873,11.574019432067871,0.0,45890
1986-11-11,11.639409065246582,11.704798315856028,11.639409065246582,0.0,32017
1986-11-12,11.900962829589844,11.96635204778096,11.900962829589844,0.0,50426
1986-11-13,11.70479679107666,11.770187364219499,11.70479679107666,0.0,92715
1986-11-14,11.70479679107666,11.770187364219499,11.70479679107666,0.0,38153
1986-11-17,11.508628845214844,11.574018093621124,11.508628845214844,0.0,47758
1986-11-18,11.574019432067871,11.639410019087824,11.574019432067871,0.0,84044
1986-11-19,11.70479679107666,11.770187364219499,11.70479679107666,0.0,12940
1986-11-20,11.835577011108398,11.96635683081535,11.835577011108398,0.0,20544
1986-11-21,12.22791862487793,12.29330921177954,12.22791862487793,0.0,54161
1986-11-24,12.358702659606934,12.424093268688539,12.358702659606934,0.0,54695
1986-11-25,12.293306350708008,12.424086163022405,12.293306350708008,0.0,71771
1986-11-26,12.293306350708008,12.424086163022405,12.293306350708008,0.0,30816
1986-11-28,12.620262145996094,12.685651415637428,12.620262145996094,0.0,54428
1986-12-01,12.620262145996094,12.685651415637428,12.620262145996094,0.0,29482
1986-12-02,13.01259708404541,13.077986330204805,13.01259708404541,0.0,159549
1986-12-03,12.947202682495117,13.012593240391185,12.947202682495117,0.0,87512
1986-12-04,13.73188591003418,13.797276489449956,13.731885910034181,0.0,168888
1986-12-05,13.73188591003418,13.797276489449956,13.731885910034181,0.0,107522
1986-12-08,13.79727554321289,13.92805536202362,13.79727554321289,0.0,52294
1986-12-09,13.862666130065918,13.928056711331957,13.862666130065916,0.0,80042
1986-12-10,14.255009651184082,14.320398913763457,14.255009651184082,0.0,135404
1986-12-11,14.058837890625,14.124228478159997,14.058837890625,0.0,87512
1986-12-12,13.928057670593262,14.058837511080696,13.928057670593262,0.0,9472
1986-12-15,13.73188591003418,13.797276489449956,13.731885910034181,0.0,124064
1986-12-16,14.058837890625,14.189617734643077,14.058837890625,0.0,103921
1986-12-17,14.124225616455078,14.189614859689664,14.124225616455078,0.0,77907
1986-12-18,14.189619064331055,14.255009657993707,14.189619064331055,0.0,31216
1986-12-19,14.712736129760742,14.778126712935897,14.712736129760742,0.0,119262
1986-12-22,14.647346496582031,14.712735747004237,14.647346496582031,0.0,55762
1986-12-23,14.647346496582031,14.712735747004237,14.647346496582031,0.0,36419
1986-12-24,15.105074882507324,15.235854711285041,15.105074882507326,0.0,47491
1986-12-26,14.451175689697266,14.516564938338881,14.451175689697266,0.0,40955
1986-12-29,14.058837890625,14.189617734643077,14.058837890625,0.0,58430
1986-12-30,14.058837890625,14.124228478159997,14.058837890625,0.0,11606
1986-12-31,13.928057670593262,14.058837511080696,13.928057670593262,0.0,72571
1987-01-02,14.189619064331055,14.255009657993707,14.189619064331055,0.0,61098
1987-01-05,13.601106643676758,13.731886476854847,13.601106643676758,0.0,55896
1987-01-06,13.535715103149414,13.601104343152459,13.535715103149414,0.0,85644
1987-01-07,13.208765029907227,13.27415560155556,13.208765029907225,0.0,127133
1987-01-08,12.816429138183594,12.881818396866938,12.816429138183594,0.0,157815
1987-01-09,12.816429138183594,12.881818396866938,12.816429138183594,0.0,111925
1987-01-12,12.620262145996094,12.685651415637428,12.620262145996094,0.0,53361
1987-01-13,12.489477157592773,12.554866400438222,12.489477157592773,0.0,91381
1987-01-14,12.685650825500488,12.81643068975146,12.685650825500488,0.0,29349
1987-01-15,12.881817817687988,12.947208404483272,12.881817817687988,0.0,40821
1987-01-16,12.5548677444458,12.68564757518841,12.5548677444458,0.0,27614
1987-01-19,12.5548677444458,12.620258325342997,12.5548677444458,0.0,29882
1987-01-20,12.685650825500488,12.81643068975146,12.685650825500488,0.0,71637
1987-01-21,13.077982902526855,13.1433734625994,13.077982902526855,0.0,30816
1987-01-22,12.947202682495117,13.012593240391185,12.947202682495117,0.0,44690
1987-01-23,12.5548677444458,12.68564757518841,12.5548677444458,0.0,114059
1987-01-26,12.424090385437012,12.48948097934346,12.424090385437012,0.0,54562
1987-01-27,12.620262145996094,12.751042016330949,12.620262145996094,0.0,138338
1987-01-28,12.489477157592773,12.554866400438222,12.489477157592773,0.0,50293
1987-01-29,12.5548677444458,12.620258325342997,12.5548677444458,0.0,6137
1987-01-30,12.620262145996094,12.685651415637428,12.620262145996094,0.0,71637
1987-02-02,13.143381118774414,13.208770385885622,13.143381118774414,0.0,71771
1987-02-03,12.947202682495117,13.012593240391185,12.947202682495117,0.0,64967
1987-02-04,13.01259708404541,13.077986330204805,13.01259708404541,0.0,24546
1987-02-05,12.685650825500488,12.751041423152035,12.685650825500488,0.0,37219
1987-02-06,12.424090385437012,12.554870242197863,12.424090385437012,0.0,45757
1987-02-09,12.489477157592773,12.554866400438222,12.489477157592773,0.0,74705
1987-02-10,12.358702659606934,12.424093268688539,12.358702659606934,0.0,82043
1987-02-11,12.358702659606934,12.424093268688539,12.358702659606934,0.0,48292
1987-02-12,12.358702659606934,12.424093268688539,12.358702659606934,0.0,54962
1987-02-13,11.96635627746582,12.097137422176846,11.96635627746582,0.0,36952
1987-02-17,12.16252613067627,12.29330593860661,12.16252613067627,0.0,50960
1987-02-18,12.293306350708008,12.358695591339409,12.293306350708008,0.0,42689
1987-02-19,12.816429138183594,12.881818396866938,12.816429138183594,0.0,69770
1987-02-20,12.489477157592773,12.554866400438222,12.489477157592773,0.0,54028
1987-02-23,12.424090385437012,12.48948097934346,12.424090385437012,0.0,88846
1987-02-24,12.358702659606934,12.424093268688539,12.358702659606934,0.0,60965
1987-02-25,12.097136497497559,12.162525733803252,12.097136497497559,0.0,47891
1987-02-26,11.900962829589844,12.031742597023213,11.900962829589844,0.0,44556
1987-02-27,11.96635627746582,12.097137422176846,11.96635627746582,0.0,12807
1987-03-02,12.293306350708008,12.424086163022405,12.293306350708008,0.0,24012
1987-03-03,12.22791862487793,12.358698467629248,12.22791862487793,0.0,16542
1987-03-04,12.358702659606934,12.424093268688539,12.358702659606934,0.0,54161
1987-03-05,12.22791862487793,12.29330921177954,12.22791862487793,0.0,48825
1987-03-06,11.835577011108398,11.96635683081535,11.835577011108398,0.0,19210
1987-03-09,12.097136497497559,12.162525733803252,12.097136497497559,0.0,32817
1987-03-10,12.097136497497559,12.162525733803252,12.097136497497559,0.0,33617
1987-03-11,12.22791862487793,12.29330921177954,12.22791862487793,0.0,64967
1987-03-12,12.816429138183594,12.881818396866938,12.816429138183594,0.0,70303
1987-03-13,12.424090385437012,12.48948097934346,12.424090385437012,0.0,17743
1987-03-16,12.22791862487793,12.29330921177954,12.22791862487793,0.0,35618
1987-03-17,12.22791862487793,12.358698467629248,12.22791862487793,0.0,33751
1987-03-18,12.16252613067627,12.29330593860661,12.16252613067627,0.0,20811
1987-03-19,12.16252613067627,12.227915369115665,12.16252613067627,0.0,13073
1987-03-20,12.358702659606934,12.489483877770146,12.358702659606934,0.0,115927
1987-03-23,12.16252613067627,12.227915369115665,12.16252613067627,0.0,19077
1987-03-24,12.097136497497559,12.227914970108943,12.097136497497559,0.0,33351
1987-03-25,11.77018928527832,11.83557853804197,11.77018928527832,0.0,27881
1987-03-26,11.639409065246582,11.704798315856028,11.639409065246582,0.0,69369
1987-03-27,11.247066497802734,11.312457069350039,11.247066497802734,0.0,99118
1987-03-30,11.116289138793945,11.181678385889487,11.116289138793945,0.0,153146
1987-03-31,11.247066497802734,11.377847640897343,11.247066497802734,0.0,156481
1987-04-01,11.247066497802734,11.312457069350039,11.247066497802734,0.0,24413
1987-04-02,11.377851486206055,11.44324074880101,11.377851486206055,0.0,48825
1987-04-03,11.312458992004395,11.377849574665419,11.312458992004395,0.0,20544
1987-04-06,11.181675910949707,11.312455707245862,11.181675910949707,0.0,4669
1987-04-07,11.181675910949707,11.312455707245862,11.181675910949707,0.0,26013
1987-04-08,10.985506057739258,11.116286517671044,10.985506057739258,0.0,15608
1987-04-09,10.789340019226074,10.854729938569083,10.789340019226074,0.0,44690
1987-04-10,10.658559799194336,10.7239497161978,10.658559799194336,0.0,14808
1987-04-13,9.873876571655273,10.004657024062434,9.873876571655273,0.0,22678
1987-04-14,10.396997451782227,10.527777252086045,10.396997451782227,0.0,38687
1987-04-15,10.462389945983887,10.593170444239217,10.462389945983887,0.0,64834
1987-04-16,10.920117378234863,10.985506613218586,10.920117378234863,0.0,133002
1987-04-20,11.574019432067871,11.639410019087824,11.574019432067871,0.0,59898
1987-04-21,11.443235397338867,11.57401519242127,11.443235397338867,0.0,59231
1987-04-22,11.312458992004395,11.377849574665419,11.312458992004395,0.0,1868
1987-04-23,11.050898551940918,11.116289130036671,11.050898551940918,0.0,103520
1987-04-24,11.050898551940918,11.116289130036671,11.050898551940918,0.0,11473
1987-04-27,11.247066497802734,11.377847640897343,11.247066497802734,0.0,30416
1987-04-28,11.900962829589844,11.96635204778096,11.900962829589844,0.0,64433
1987-04-29,11.96635627746582,12.031746849821333,11.96635627746582,0.0,75506
1987-04-30,12.424090385437012,12.48948097934346,12.424090385437012,0.0,8004
1987-05-01,12.22791862487793,12.29330921177954,12.22791862487793,0.0,39621
1987-05-04,12.16252613067627,12.29330593860661,12.16252613067627,0.0,14808
1987-05-05,12.293306350708008,12.358695591339409,12.293306350708008,0.0,10939
1987-05-06,11.96635627746582,12.031746849821333,11.96635627746582,0.0,400
1987-05-07,12.16252613067627,12.227915369115665,12.16252613067627,0.0,24279
1987-05-08,12.16252613067627,12.29330593860661,12.16252613067627,0.0,267
1987-05-11,12.22791862487793,12.358698467629248,12.22791862487793,0.0,39621
1987-05-12,12.16252613067627,12.227915369115665,12.16252613067627,0.0,1734
1987-05-13,12.620262145996094,12.685651415637428,12.620262145996094,0.0,61365
1987-05-14,12.358702659606934,12.424093268688539,12.358702659606934,0.0,2001
1987-05-15,12.16252613067627,12.227915369115665,12.16252613067627,0.0,60165
1987-05-18,12.16252613067627,12.227915369115665,12.16252613067627,0.0,5470
1987-05-19,12.293306350708008,12.358695591339409,12.293306350708008,0.0,40154
1987-05-20,12.881817817687988,13.012598991278553,12.881817817687988,0.0,54828
1987-05-21,12.620262145996094,12.685651415637428,12.620262145996094,0.0,19477
1987-05-22,12.620262145996094,12.685651415637428,12.620262145996094,0.0,2801
1987-05-26,13.404935836791992,13.535716997201444,13.404935836791992,0.0,113392
1987-05-27,13.274153709411621,13.339542940687553,13.274153709411621,0.0,73905
1987-05-28,13.077982902526855,13.1433734625994,13.077982902526855,0.0,5736
1987-05-29,13.143381118774414,13.274160984048962,13.143381118774414,0.0,15875
1987-06-01,13.077982902526855,13.208762691620583,13.077982902526855,0.0,18676
1987-06-02,13.077982902526855,13.208762691620583,13.077982902526855,0.0,110991
1987-06-03,13.470324516296387,13.53571508727432,13.470324516296387,0.0,32283
1987-06-04,13.470324516296387,13.601104327200673,13.470324516296387,0.0,24279
1987-06-05,13.33954906463623,13.404938325931205,13.33954906463623,0.0,5603
1987-06-08,13.535715103149414,13.666494914207085,13.535715103149414,0.0,49226
1987-06-09,13.79727554321289,13.862664787092426,13.79727554321289,0.0,40688
1987-06-10,13.79727554321289,13.862664787092426,13.79727554321289,0.0,57897
1987-06-11,14.189619064331055,14.255009657993707,14.189619064331055,0.0,38820
1987-06-12,14.647346496582031,14.712735747004237,14.647346496582031,0.0,46291
1987-06-15,14.581954956054688,14.647345533227956,14.581954956054688,0.0,31750
1987-06-16,14.451175689697266,14.581955518032252,14.451175689697266,0.0,7471
1987-06-17,14.189619064331055,14.255009657993707,14.189619064331055,0.0,53895
1987-06-18,14.058837890625,14.189617734643077,14.058837890625,0.0,5470
1987-06-19,14.320396423339844,14.385785674547538,14.320396423339842,0.0,9338
1987-06-22,14.320396423339844,14.385785674547538,14.320396423339842,0.0,400
1987-06-23,14.843513488769531,14.90890272998421,14.843513488769531,0.0,105521
1987-06-24,14.647346496582031,14.712735747004237,14.647346496582031,0.0,22145
1987-06-25,14.778127670288086,14.84351692664744,14.778127670288086,0.0,123397
1987-06-26,14.255009651184082,14.320398913763457,14.255009651184082,0.0,62566
1987-06-29,13.470324516296387,13.601104327200673,13.470324516296387,0.0,86712
1987-06-30,13.73188591003418,13.797276489449956,13.731885910034181,0.0,20677
1987-07-01,13.470324516296387,13.53571508727432,13.470324516296387,0.0,1067
1987-07-02,13.79727554321289,13.862664787092426,13.79727554321289,0.0,31216
1987-07-06,13.33954906463623,13.404938325931205,13.33954906463623,0.0,27348
1987-07-07,13.404935836791992,13.470326416996718,13.404935836791992,0.0,51760
1987-07-08,12.685650825500488,12.81643068975146,12.685650825500488,0.0,48425
1987-07-09,12.751033782958984,12.881812237797703,12.751033782958984,0.0,1734
1987-07-10,12.816429138183594,12.881818396866938,12.816429138183594,0.0,5470
1987-07-13,12.620262145996094,12.751042016330949,12.620262145996094,0.0,26814
1987-07-14,12.293306350708008,12.424086163022405,12.293306350708008,0.0,18676
1987-07-15,12.097136497497559,12.227914970108943,12.097136497497559,0.0,11606
1987-07-16,12.424090385437012,12.554870242197863,12.424090385437012,0.0,33884
1987-07-17,12.489477157592773,12.554866400438222,12.489477157592773,0.0,111124
1987-07-20,12.16252613067627,12.29330593860661,12.16252613067627,0.0,18143
1987-07-21,12.097136497497559,12.162525733803252,12.097136497497559,0.0,13474
1987-07-22,11.835577011108398,11.90096758648771,11.835577011108398,0.0,3068
1987-07-23,11.900962829589844,12.031742597023213,11.900962829589844,0.0,41888
1987-07-24,12.293306350708008,12.358695591339409,12.293306350708008,0.0,11206
1987-07-27,12.293306350708008,12.424086163022405,12.293306350708008,0.0,1868
1987-07-28,12.751033782958984,12.816423010378344,12.751033782958984,0.0,24946
1987-07-29,13.601106643676758,13.666497225791705,13.601106643676758,0.0,27614
1987-07-30,13.601106643676758,13.731886476854847,13.601106643676758,0.0,11206
1987-07-31,14.385784149169922,14.451174724495823,14.385784149169922,0.0,86845
1987-08-03,13.79727554321289,13.862664787092426,13.79727554321289,0.0,29882
1987-08-04,13.404935836791992,13.470326416996718,13.404935836791992,0.0,8004
1987-08-05,13.928057670593262,13.993446925311039,13.928057670593262,0.0,35218
1987-08-06,13.993446350097656,14.058836933179375,13.993446350097656,0.0,87912
1987-08-07,13.928057670593262,13.993446925311039,13.928057670593262,0.0,6937
1987-08-10,13.862666130065918,13.928056711331957,13.862666130065916,0.0,45090
1987-08-11,13.73188591003418,13.797276489449956,13.731885910034181,0.0,42422
1987-08-12,13.79727554321289,13.862664787092426,13.79727554321289,0.0,13207
1987-08-13,14.189619064331055,14.320398920604317,14.189619064331055,0.0,46291
1987-08-14,14.908900260925293,14.974290822362262,14.908900260925293,0.0,58030
1987-08-17,15.432025909423828,15.497415161631881,15.432025909423828,0.0,76573
1987-08-18,14.647346496582031,14.778126328478235,14.647346496582031,0.0,52827
1987-08-19,14.255009651184082,14.320398913763457,14.255009651184082,0.0,37086
1987-08-20,14.778127670288086,14.84351692664744,14.778127670288086,0.0,73505
1987-08-21,14.647346496582031,14.712735747004237,14.647346496582031,0.0,23479
1987-08-24,14.647346496582031,14.712735747004237,14.647346496582031,0.0,19744
1987-08-25,14.843513488769531,14.90890272998421,14.843513488769531,0.0,8138
1987-08-26,14.647346496582031,14.778126328478235,14.647346496582031,0.0,54161
1987-08-27,14.255009651184082,14.38578817634283,14.255009651184082,0.0,13340
1987-08-28,14.124225616455078,14.255005433975898,14.124225616455078,0.0,6804
1987-08-31,14.189619064331055,14.255009657993707,14.189619064331055,0.0,13740
1987-09-01,14.124225616455078,14.255005433975898,14.124225616455078,0.0,4402
1987-09-02,13.73188591003418,13.797276489449956,13.731885910034181,0.0,67635
1987-09-03,14.058837890625,14.124228478159997,14.058837890625,0.0,36152
1987-09-04,14.516565322875977,14.647346485727054,14.516565322875977,0.0,44690
1987-09-08,14.647346496582031,14.778126328478235,14.647346496582031,0.0,49893
1987-09-09,14.516565322875977,14.581955904301514,14.516565322875977,0.0,57496
1987-09-10,14.385784149169922,14.516563968770058,14.385784149169922,0.0,24546
1987-09-11,14.451175689697266,14.581955518032252,14.451175689697266,0.0,17476
1987-09-14,14.778127670288086,14.84351692664744,14.778127670288086,0.0,68969
1987-09-15,14.712736129760742,14.778126712935897,14.712736129760742,0.0,11606
1987-09-16,14.516565322875977,14.647346485727054,14.516565322875977,0.0,400
1987-09-17,14.385784149169922,14.451174724495823,14.385784149169922,0.0,32283
1987-09-18,14.516565322875977,14.647346485727054,14.516565322875977,0.0,12140
1987-09-21,14.255009651184082,14.320398913763457,14.255009651184082,0.0,5069
1987-09-22,14.320396423339844,14.385785674547538,14.320396423339842,0.0,18543
1987-09-23,14.320396423339844,14.451176256807043,14.320396423339842,0.0,6670
1987-09-24,14.451175689697266,14.516564938338881,14.451175689697266,0.0,9338
1987-09-25,14.385784149169922,14.516563968770058,14.385784149169922,0.0,5870
1987-09-28,15.432025909423828,15.497415161631881,15.432025909423828,0.0,22812
1987-09-29,15.497421264648438,15.5628118736597,15.497421264648438,0.0,95116
1987-09-30,15.693587303161621,15.824367152986236,15.693587303161621,0.0,96717
1987-10-01,15.824360847473145,15.955140645186097,15.824360847473145,0.0,117661
1987-10-02,15.7589693069458,15.889749096557967,15.758969306945803,0.0,25480
1987-10-05,15.824360847473145,15.889750080803898,15.824360847473145,0.0,11873
1987-10-06,15.824360847473145,15.889750080803898,15.824360847473145,0.0,114860
1987-10-07,16.80521583557129,16.87060509162447,16.80521583557129,0.0,62166
1987-10-08,17.197553634643555,17.262942884117326,17.197553634643555,0.0,254532
1987-10-09,17.132164001464844,17.262943838695815,17.132164001464844,0.0,16675
1987-10-12,16.93599510192871,17.001384355754887,16.93599510192871,0.0,17609
1987-10-13,17.132164001464844,17.19755458560625,17.132164001464844,0.0,37086
1987-10-14,16.60904312133789,16.67443236839916,16.60904312133789,0.0,72304
1987-10-15,16.412872314453125,16.478262890958142,16.412872314453125,0.0,88446
1987-10-16,16.085918426513672,16.151307651647823,16.085918426513672,0.0,37620
1987-10-19,13.993446350097656,13.993446350097656,13.993446350097656,0.0,118595
1987-10-20,12.16252613067627,12.29330593860661,12.16252613067627,0.0,24012
1987-10-21,14.516565322875977,14.647346485727054,14.516565322875977,0.0,54828
1987-10-22,13.535715103149414,13.73188415421013,13.535715103149414,0.0,68035
1987-10-23,13.208765029907227,13.3395448421523,13.208765029907225,0.0,45490
1987-10-26,12.293306350708008,12.358695591339409,12.293306350708008,0.0,77907
1987-10-27,13.928057670593262,14.058837511080696,13.928057670593262,0.0,51360
1987-10-28,13.01259708404541,13.077986330204805,13.01259708404541,0.0,116060
1987-10-29,13.404935836791992,13.470326416996718,13.404935836791992,0.0,20944
1987-10-30,13.79727554321289,13.993444605903155,13.79727554321289,0.0,28148
1987-11-02,13.601106643676758,13.797277058969796,13.601106643676758,0.0,159950
1987-11-03,13.470324516296387,13.601104327200673,13.470324516296387,0.0,86178
1987-11-04,13.601106643676758,13.666497225791705,13.601106643676758,0.0,55495
1987-11-05,13.601106643676758,13.731886476854847,13.601106643676758,0.0,197169
1987-11-06,13.73188591003418,13.797276489449956,13.731885910034181,0.0,92982
1987-11-09,13.404935836791992,13.601106246354401,13.404935836791992,0.0,73371
1987-11-10,13.208765029907227,13.27415560155556,13.208765029907225,0.0,88046
1987-11-11,13.666495323181152,13.862664380112287,13.666495323181152,0.0,24413
1987-11-12,14.255009651184082,14.451178769974245,14.255009651184082,0.0,15608
1987-11-13,14.124225616455078,14.38578392044507,14.124225616455078,0.0,12406
1987-11-16,14.124225616455078,14.320394677210484,14.124225616455078,0.0,47891
1987-11-17,13.601106643676758,13.666497225791705,13.601106643676758,0.0,92315
1987-11-18,14.255009651184082,14.451178769974245,14.255009651184082,0.0,60298
1987-11-19,14.058837890625,14.255008322178075,14.058837890625,0.0,38954
1987-11-20,14.320396423339844,14.581956090274245,14.320396423339842,0.0,54028
1987-11-23,14.385784149169922,14.647345119421862,14.385784149169922,0.0,12140
1987-11-24,14.516565322875977,14.712735736100798,14.516565322875977,0.0,30549
1987-11-25,14.255009651184082,14.451178769974245,14.255009651184082,0.0,18009
1987-11-27,14.255009651184082,14.38578817634283,14.255009651184082,0.0,39220
1987-11-30,13.666495323181152,13.797275138152449,13.666495323181152,0.0,37219
1987-12-01,14.255009651184082,14.38578817634283,14.255009651184082,0.0,21478
1987-12-02,14.255009651184082,14.320398913763457,14.255009651184082,0.0,18143
1987-12-03,14.124225616455078,14.255005433975898,14.124225616455078,0.0,45357
1987-12-04,14.058837890625,14.124228478159997,14.058837890625,0.0,19343
1987-12-07,14.255009651184082,14.38578817634283,14.255009651184082,0.0,13607
1987-12-08,14.516565322875977,14.647346485727054,14.516565322875977,0.0,39354
1987-12-09,14.385784149169922,14.581954544095959,14.385784149169922,0.0,23479
1987-12-10,14.647346496582031,14.778126328478235,14.647346496582031,0.0,16809
1987-12-11,14.778127670288086,14.908906183006795,14.778127670288086,0.0,11473
1987-12-14,15.039680480957031,15.170461607554566,15.039680480957031,0.0,16409
1987-12-15,14.843513488769531,14.90890272998421,14.843513488769531,0.0,19077
1987-12-16,14.974291801452637,15.17046216753871,14.974291801452635,0.0,19343
1987-12-17,15.366636276245117,15.432026863547938,15.366636276245115,0.0,23345
1987-12-18,15.301244735717773,15.43202455974778,15.301244735717773,0.0,100452
1987-12-21,15.170466423034668,15.301246260093524,15.170466423034668,0.0,3869
1987-12-22,15.039680480957031,15.170461607554566,15.039680480957031,0.0,6937
1987-12-23,15.301244735717773,15.43202455974778,15.301244735717773,0.0,2134
1987-12-24,15.5628023147583,15.693582121401596,15.5628023147583,0.0,28281
1987-12-28,15.235856056213379,15.366635896535541,15.23585605621338,0.0,33084
1987-12-29,15.235856056213379,15.366635896535541,15.23585605621338,0.0,1334
1987-12-30,15.301244735717773,15.36663398220692,15.301244735717773,0.0,13874
1987-12-31,14.974291801452637,15.039681036113679,14.974291801452635,0.0,44290
1988-01-04,15.497421264648438,15.69359176062987,15.497421264648438,0.0,36285
1988-01-05,15.432025909423828,15.497415161631881,15.432025909423828,0.0,72838
1988-01-06,15.824360847473145,15.955140645186097,15.824360847473145,0.0,87379
1988-01-07,15.5628023147583,15.62819155255418,15.5628023147583,0.0,53761
1988-01-08,14.647346496582031,14.778126328478235,14.647346496582031,0.0,32150
1988-01-11,14.974291801452637,15.17046216753871,14.974291801452635,0.0,18143
1988-01-12,14.843513488769531,15.039682543465169,14.843513488769531,0.0,14808
1988-01-13,14.908900260925293,15.039680052747846,14.908900260925293,0.0,29349
1988-01-14,14.974291801452637,15.17046216753871,14.974291801452635,0.0,3068
1988-01-15,15.235856056213379,15.366635896535541,15.23585605621338,0.0,7204
1988-01-18,14.974291801452637,15.17046216753871,14.974291801452635,0.0,23212
1988-01-19,14.974291801452637,15.105071601826195,14.974291801452635,0.0,2801
1988-01-20,14.843513488769531,14.90890272998421,14.843513488769531,0.0,22011
1988-01-21,15.301244735717773,15.497413806236928,15.301244735717773,0.0,4936
1988-01-22,15.170466423034668,15.235855676038174,15.170466423034668,0.0,18410
1988-01-25,14.974291801452637,15.17046216753871,14.974291801452635,0.0,2268
1988-01-26,14.908900260925293,15.039680052747846,14.908900260925293,0.0,4002
1988-01-27,14.778127670288086,14.84351692664744,14.778127670288086,0.0,6537
1988-01-28,15.105074882507324,15.30124529119978,15.105074882507326,0.0,5336
1988-01-29,15.301244735717773,15.43202455974778,15.301244735717773,0.0,14941
1988-02-01,15.170466423034668,15.366635513097028,15.170466423034668,0.0,3869
1988-02-02,15.301244735717773,15.43202455974778,15.301244735717773,0.0,16809
1988-02-03,15.301244735717773,15.43202455974778,15.301244735717773,0.0,21211
1988-02-04,15.235856056213379,15.432026482222561,15.23585605621338,0.0,1201
1988-02-05,15.039680480957031,15.235850839801909,15.039680480957031,0.0,16409
1988-02-08,14.843513488769531,14.97429330225049,14.843513488769531,0.0,16542
1988-02-09,14.843513488769531,14.97429330225049,14.843513488769531,0.0,48025
1988-02-10,15.105074882507324,15.170465462422063,15.105074882507326,0.0,21878
1988-02-11,15.170466423034668,15.366635513097028,15.170466423034668,0.0,64033
1988-02-12,15.366636276245117,15.432026863547938,15.366636276245115,0.0,22678
1988-02-16,15.497421264648438,15.5628118736597,15.497421264648438,0.0,4402
1988-02-17,15.497421264648438,15.628201151618608,15.497421264648438,0.0,59898
1988-02-18,15.824360847473145,15.955140645186097,15.824360847473145,0.0,15608
1988-02-19,16.674428939819336,16.739819504486785,16.674428939819336,0.0,34018
1988-02-22,16.674428939819336,16.739819504486785,16.674428939819336,0.0,13607
1988-02-23,16.739818572998047,16.870598364004238,16.739818572998047,0.0,14674
1988-02-24,17.328330993652344,17.459110805002688,17.328330993652344,0.0,17743
1988-02-25,17.78605842590332,17.916839559173173,17.78605842590332,0.0,85911
1988-02-26,17.851459503173828,18.047628656476686,17.851459503173828,0.0,18143
1988-02-29,17.982234954833984,18.047624212817468,17.982234954833984,0.0,36952
1988-03-01,18.243791580200195,18.439961983257962,18.243791580200195,0.0,18943
1988-03-02,18.96308708190918,19.09386694692055,18.96308708190918,0.0,58030
1988-03-03,18.63612937927246,18.766909192532395,18.63612937927246,0.0,11072
1988-03-04,18.701519012451172,18.766909585977842,18.701519012451172,0.0,5870
1988-03-07,19.551591873168945,19.682371711854135,19.551591873168945,0.0,141273
1988-03-08,19.551591873168945,19.74776229672266,19.551591873168945,0.0,44556
1988-03-09,20.00932502746582,20.140104886107686,20.00932502746582,0.0,46157
1988-03-10,19.747753143310547,19.813142366818216,19.747753143310547,0.0,20944
1988-03-11,19.551591873168945,19.682371711854135,19.551591873168945,0.0,42022
1988-03-14,19.224634170532227,19.420804518163276,19.224634170532227,0.0,6003
1988-03-15,19.486204147338867,19.616983996278996,19.486204147338867,0.0,9472
1988-03-16,19.813148498535156,19.87853907333096,19.813148498535156,0.0,42555
1988-03-17,20.074705123901367,20.140095688886934,20.074705123901367,0.0,124064
1988-03-18,20.00932502746582,20.07471429126072,20.00932502746582,0.0,35618
1988-03-21,20.074705123901367,20.140095688886934,20.074705123901367,0.0,15341
1988-03-22,20.205488204956055,20.27087878056352,20.205488204956055,0.0,47758
1988-03-23,19.943927764892578,20.00931833787793,19.943927764892578,0.0,267
1988-03-24,19.616981506347656,19.74776133868825,19.616981506347656,0.0,9605
1988-03-25,19.290027618408203,19.420807426060247,19.290027618408203,0.0,1067
1988-03-28,19.224634170532227,19.355415289653823,19.224634170532227,0.0,38020
1988-03-29,19.943927764892578,20.140098152797012,19.943927764892578,0.0,7871
1988-03-30,19.747753143310547,19.9439221448848,19.747753143310547,0.0,4002
1988-03-31,19.813148498535156,20.00931889187091,19.813148498535156,0.0,31883
1988-04-04,19.813148498535156,19.943928317075105,19.813148498535156,0.0,10139
1988-04-05,19.813148498535156,20.00931889187091,19.813148498535156,0.0,800
1988-04-06,20.00932502746582,20.07471429126072,20.00932502746582,0.0,5470
1988-04-07,20.00932502746582,20.140104886107686,20.00932502746582,0.0,8138
1988-04-08,20.14009666442871,20.20548590153013,20.14009666442871,0.0,6537
1988-04-11,20.00932502746582,20.07471429126072,20.00932502746582,0.0,19744
1988-04-12,20.2708797454834,20.401659571871946,20.2708797454834,0.0,20010
1988-04-13,20.2708797454834,20.401659571871946,20.2708797454834,0.0,41221
1988-04-14,20.2708797454834,20.3362689931518,20.2708797454834,0.0,45223
1988-04-15,20.532440185546875,20.663220016949982,20.532440185546875,0.0,48425
1988-04-18,19.8785400390625,20.009319863955945,19.8785400390625,0.0,12406
1988-04-19,19.943927764892578,20.074707579811662,19.943927764892578,0.0,9472
1988-04-20,19.943927764892578,20.074707579811662,19.943927764892578,0.0,1334
1988-04-21,19.943927764892578,20.074707579811662,19.943927764892578,0.0,934
1988-04-22,20.00932502746582,20.140104886107686,20.00932502746582,0.0,400
1988-04-25,20.2708797454834,20.401659571871946,20.2708797454834,0.0,6137
1988-04-26,20.2708797454834,20.401659571871946,20.2708797454834,0.0,14941
1988-04-27,20.205488204956055,20.336268025119313,20.205488204956055,0.0,11606
1988-04-28,20.2708797454834,20.46704881954035,20.2708797454834,0.0,1067
1988-04-29,20.2708797454834,20.46704881954035,20.2708797454834,0.0,133
1988-05-02,20.205488204956055,20.336268025119313,20.205488204956055,0.0,800
1988-05-03,20.205488204956055,20.40165860072678,20.205488204956055,0.0,1334
1988-05-04,20.205488204956055,20.336268025119313,20.205488204956055,0.0,5870
1988-05-05,20.205488204956055,20.336268025119313,20.205488204956055,0.0,133
1988-05-06,20.074705123901367,20.20548492282104,20.074705123901367,0.0,69503
1988-05-09,19.420808792114258,19.616979182916666,19.420808792114258,0.0,20277
1988-05-10,19.616981506347656,19.813150589332643,19.616981506347656,0.0,1334
1988-05-11,19.224634170532227,19.355415289653823,19.224634170532227,0.0,23612
1988-05-12,19.35541534423828,19.420804572932138,19.35541534423828,0.0,82843
1988-05-13,19.616981506347656,19.682370756992054,19.616981506347656,0.0,57096
1988-05-16,19.747753143310547,19.9439221448848,19.747753143310547,0.0,16142
1988-05-17,19.813148498535156,19.943928317075105,19.813148498535156,0.0,8538
1988-05-18,19.551591873168945,19.74776229672266,19.551591873168945,0.0,17209
1988-05-19,19.486204147338867,19.616983996278996,19.486204147338867,0.0,8404
1988-05-20,19.224634170532227,19.355415289653823,19.224634170532227,0.0,2935
1988-05-23,19.028470993041992,19.15925082124343,19.028470993041992,0.0,19477
1988-05-24,19.224634170532227,19.420804518163276,19.224634170532227,0.0,11473
1988-05-25,19.290027618408203,19.420807426060247,19.290027618408203,0.0,2668
1988-05-26,19.290027618408203,19.355418187759998,19.290027618408203,0.0,22945
1988-05-27,18.701519012451172,18.897689401979555,18.701519012451172,0.0,48292
1988-05-31,18.96308708190918,19.09386694692055,18.96308708190918,0.0,5203
1988-06-01,18.96308708190918,19.0284763488888,18.96308708190918,0.0,1201
1988-06-02,18.766908645629883,18.897688455078647,18.766908645629883,0.0,18676
1988-06-03,18.897689819335938,19.02846963822593,18.897689819335938,0.0,6137
1988-06-06,18.83230209350586,19.028472517045316,18.83230209350586,0.0,133
1988-06-07,18.766908645629883,18.897688455078647,18.766908645629883,0.0,3468
1988-06-08,18.83230209350586,18.963083263233408,18.83230209350586,0.0,8138
1988-06-09,18.766908645629883,18.963079025328813,18.766908645629883,0.0,6537
1988-06-10,18.897689819335938,18.963080394306765,18.897689819335938,0.0,13740
1988-06-13,18.83230209350586,19.028472517045316,18.83230209350586,0.0,133
1988-06-14,18.96308708190918,19.159256213900168,18.96308708190918,0.0,20277
1988-06-15,18.96308708190918,19.09386694692055,18.96308708190918,0.0,1201
1988-06-16,18.701519012451172,18.897689401979555,18.701519012451172,0.0,11473
1988-06-17,18.897689819335938,19.093860213196752,18.897689819335938,0.0,1601
1988-06-20,18.83230209350586,19.028472517045316,18.83230209350586,0.0,8004
1988-06-21,18.96308708190918,19.159256213900168,18.96308708190918,0.0,21478
1988-06-22,18.897689819335938,19.093860213196752,18.897689819335938,0.0,6804
1988-06-23,18.374574661254883,18.570743768022723,18.374574661254883,0.0,4536
1988-06-24,18.047618865966797,18.243789243903016,18.047618865966797,0.0,3602
1988-06-27,17.916841506958008,18.113010566085837,17.916841506958008,0.0,11339
1988-06-28,17.916841506958008,18.113010566085837,17.916841506958008,0.0,17476
1988-06-29,17.982234954833984,18.178404059836378,17.982234954833984,0.0,41888
1988-06-30,18.047618865966797,18.243789243903016,18.047618865966797,0.0,28148
1988-07-01,17.982234954833984,18.113014801852895,17.982234954833984,0.0,88713
1988-07-05,17.982234954833984,18.178404059836378,17.982234954833984,0.0,61365
1988-07-06,18.570741653442383,18.701521486746856,18.570741653442383,0.0,138205
1988-07-07,19.15924644470215,19.290026243029594,19.15924644470215,0.0,57363
1988-07-08,19.093856811523438,19.159246043793157,19.093856811523438,0.0,7070
1988-07-11,19.290027618408203,19.420807426060247,19.290027618408203,0.0,39887
1988-07-12,20.14009666442871,20.336265706784488,20.14009666442871,0.0,21478
1988-07-13,20.597829818725586,20.6632190658916,20.597829818725586,0.0,69236
1988-07-14,21.317119598388672,21.4478994323956,21.317119598388672,0.0,72171
1988-07-15,20.859390258789062,20.92478084365373,20.859390258789062,0.0,29882
1988-07-18,20.728607177734375,20.79399775237062,20.728607177734375,0.0,117528
1988-07-19,20.66322135925293,20.728610613676338,20.66322135925293,0.0,105255
1988-07-20,22.428749084472656,22.559527581016454,22.428749084472656,0.0,157949
1988-07-21,22.95186424255371,23.082642715437924,22.95186424255371,0.0,50426
1988-07-22,22.6903018951416,22.821083029682498,22.6903018951416,0.0,98584
1988-07-25,22.82108497619629,22.88647421799258,22.82108497619629,0.0,83510
1988-07-26,22.6903018951416,22.755693793463553,22.6903018951416,0.0,62432
1988-07-27,23.017257690429688,23.148036187242248,23.017257690429688,0.0,61899
1988-07-28,23.474987030029297,23.60576552281153,23.474987030029297,0.0,111524
1988-07-29,23.278818130493164,23.474988544425095,23.278818130493164,0.0,35618
1988-08-01,23.278818130493164,23.474988544425095,23.278818130493164,0.0,7337
1988-08-02,23.08264923095703,23.148038485856507,23.08264923095703,0.0,7337
1988-08-03,22.82108497619629,23.017255363688395,22.82108497619629,0.0,119795
1988-08-04,22.559532165527344,22.690310688647738,22.559532165527344,0.0,9071
1988-08-05,22.03640365600586,22.23257269079368,22.03640365600586,0.0,2001
1988-08-08,22.101797103881836,22.297967507117374,22.101797103881836,0.0,20010
1988-08-09,21.905630111694336,22.101800545476664,21.905630111694336,0.0,114593
1988-08-10,21.18633460998535,21.31711441217503,21.18633460998535,0.0,63366
1988-08-11,21.971012115478516,22.232571704290677,21.971012115478516,0.0,80042
1988-08-12,21.644067764282227,21.709457009461815,21.644067764282227,0.0,11873
1988-08-15,21.57868003845215,21.774850462007105,21.57868003845215,0.0,14141
1988-08-16,21.513282775878906,21.578672005353514,21.513282775878906,0.0,43889
1988-08-17,21.38250732421875,21.513288479946226,21.38250732421875,0.0,5203
1988-08-18,21.77484703063965,21.905625517665207,21.77484703063965,0.0,31083
1988-08-19,21.905630111694336,22.03641128825051,21.905630111694336,0.0,26280
1988-08-22,21.644067764282227,21.84023683087268,21.644067764282227,0.0,10005
1988-08-23,21.644067764282227,21.77484758569309,21.644067764282227,0.0,8538
1988-08-24,21.447898864746094,21.51328944554481,21.447898864746094,0.0,38153
1988-08-25,20.990175247192383,21.186344375371057,20.990175247192383,0.0,29482
1988-08-26,20.728607177734375,20.924777570591452,20.728607177734375,0.0,23212
1988-08-29,20.467050552368164,20.532441136624552,20.467050552368164,0.0,58430
1988-08-30,20.336267471313477,20.467047287915282,20.336267471313477,0.0,3602
1988-08-31,19.616981506347656,19.74776133868825,19.616981506347656,0.0,15341
1988-09-01,19.551591873168945,19.74776229672266,19.551591873168945,0.0,15074
1988-09-02,19.943927764892578,20.074707579811662,19.943927764892578,0.0,18943
1988-09-06,19.682363510131836,19.878533851940556,19.682363510131836,0.0,133
1988-09-07,20.074705123901367,20.270875487806606,20.074705123901367,0.0,6270
1988-09-08,20.074705123901367,20.074705123901367,20.074705123901367,20.074705123901367,0
1988-09-09,19.943927764892578,20.074707579811662,19.943927764892578,0.0,18676
1988-09-12,20.14009666442871,20.336265706784488,20.14009666442871,0.0,1334
1988-09-13,20.336267471313477,20.467047287915282,20.336267471313477,0.0,29482
1988-09-14,20.336267471313477,20.532437861742007,20.336267471313477,0.0,14674
1988-09-15,20.532440185546875,20.597830766774322,20.532440185546875,0.0,26947
1988-09-16,20.728607177734375,20.924777570591452,20.728607177734375,0.0,2668
1988-09-19,20.924779891967773,21.055559724697204,20.924779891967773,0.0,44556
1988-09-20,20.532440185546875,20.663220016949982,20.532440185546875,0.0,54695
1988-09-21,20.532440185546875,20.597830766774322,20.532440185546875,0.0,3068
1988-09-22,20.074705123901367,20.20548492282104,20.074705123901367,0.0,5470
1988-09-23,20.14009666442871,20.27087646968307,20.14009666442871,0.0,12140
1988-09-26,20.14009666442871,20.14009666442871,20.14009666442871,20.14009666442871,0
1988-09-27,20.14009666442871,20.336265706784488,20.14009666442871,0.0,16542
1988-09-28,20.2708797454834,20.46704881954035,20.2708797454834,0.0,27348
1988-09-29,20.336267471313477,20.59782843556873,20.336267471313477,0.0,20677
1988-09-30,20.336267471313477,20.467047287915282,20.336267471313477,0.0,2668
1988-10-03,19.8785400390625,20.074709110876807,19.8785400390625,0.0,4802
1988-10-04,19.943927764892578,20.140098152797012,19.943927764892578,0.0,934
1988-10-05,19.616981506347656,19.813150589332643,19.616981506347656,0.0,400
1988-10-06,19.35541534423828,19.5515843613712,19.35541534423828,0.0,2801
1988-10-07,19.747753143310547,19.9439221448848,19.747753143310547,0.0,28682
1988-10-10,19.813148498535156,20.00931889187091,19.813148498535156,0.0,2001
1988-10-11,19.943927764892578,20.074707579811662,19.943927764892578,0.0,13607
1988-10-12,19.8785400390625,20.009319863955945,19.8785400390625,0.0,18810
1988-10-13,20.467050552368164,20.59783172088094,20.467050552368164,0.0,9738
1988-10-14,20.205488204956055,20.467047845282572,20.205488204956055,0.0,400
1988-10-17,20.074705123901367,20.270875487806606,20.074705123901367,0.0,400
1988-10-18,20.2708797454834,20.46704881954035,20.2708797454834,0.0,267
1988-10-19,20.336267471313477,20.532437861742007,20.336267471313477,0.0,400
1988-10-20,20.401662826538086,20.53244267378987,20.401662826538086,0.0,8938
1988-10-21,20.401662826538086,20.401662826538086,20.401662826538086,20.401662826538086,0
1988-10-24,20.00932502746582,20.140104886107686,20.00932502746582,0.0,267
1988-10-25,20.532440185546875,20.663220016949982,20.532440185546875,0.0,55229
1988-10-26,20.859390258789062,20.92478084365373,20.859390258789062,0.0,17209
1988-10-27,20.467050552368164,20.59783172088094,20.467050552368164,0.0,13607
1988-10-28,20.2708797454834,20.401659571871946,20.2708797454834,0.0,5603
1988-10-31,20.728607177734375,20.85938699595521,20.728607177734375,0.0,39487
1988-11-01,20.2708797454834,20.46704881954035,20.2708797454834,0.0,9071
1988-11-02,20.14009666442871,20.27087646968307,20.14009666442871,0.0,43089
1988-11-03,20.2708797454834,20.401659571871946,20.2708797454834,0.0,15608
1988-11-04,19.486204147338867,19.747763845219122,19.486204147338867,0.0,8938
1988-11-07,18.96308708190918,19.09386694692055,18.96308708190918,0.0,73905
1988-11-08,19.224634170532227,19.420804518163276,19.224634170532227,0.0,21344
1988-11-09,19.224634170532227,19.355415289653823,19.224634170532227,0.0,53228
1988-11-10,19.15924644470215,19.355416807719042,19.15924644470215,0.0,10539
1988-11-11,19.15924644470215,19.290026243029594,19.15924644470215,0.0,11473
1988-11-14,19.420808792114258,19.48619936606561,19.420808792114258,0.0,40154
1988-11-15,19.616981506347656,19.813150589332643,19.616981506347656,0.0,12807
1988-11-16,20.2708797454834,20.46704881954035,20.2708797454834,0.0,18276
1988-11-17,21.38250732421875,21.513288479946226,21.38250732421875,0.0,43623
1988-11-18,21.317119598388672,21.4478994323956,21.317119598388672,0.0,9738
1988-11-21,21.317119598388672,21.513290014924976,21.317119598388672,0.0,12140
1988-11-22,21.12094497680664,21.251724776534342,21.12094497680664,0.0,18943
1988-11-23,21.18633460998535,21.31711441217503,21.18633460998535,0.0,3869
1988-11-25,21.251731872558594,21.38251038490221,21.251731872558594,0.0,23479
1988-11-28,21.18633460998535,21.31711441217503,21.18633460998535,0.0,13474
1988-11-29,21.905630111694336,21.97102069997242,21.905630111694336,0.0,27614
1988-11-30,21.77484703063965,21.905625517665207,21.77484703063965,0.0,48959
1988-12-01,21.38250732421875,21.513288479946226,21.38250732421875,0.0,934
1988-12-02,21.251731872558594,21.38251038490221,21.251731872558594,0.0,16275
1988-12-05,21.18633460998535,21.382503647744123,21.18633460998535,0.0,8004
1988-12-06,21.12094497680664,21.382503245210575,21.12094497680664,0.0,2935
1988-12-07,20.924779891967773,21.18633955742663,20.924779891967773,0.0,13740
1988-12-08,20.859390258789062,21.055560682331194,20.859390258789062,0.0,12006
1988-12-09,21.05556297302246,21.2517334179065,21.05556297302246,0.0,22011
1988-12-12,20.990175247192383,21.186344375371057,20.990175247192383,0.0,9872
1988-12-13,21.05556297302246,21.317122678833176,21.05556297302246,0.0,4002
1988-12-14,21.709455490112305,21.840235302370463,21.709455490112305,0.0,36019
1988-12-15,21.644067764282227,21.84023683087268,21.644067764282227,0.0,16809
1988-12-16,21.57868003845215,21.840239715824183,21.57868003845215,0.0,15875
1988-12-19,22.49413299560547,22.624911461119716,22.49413299560547,0.0,56162
1988-12-20,21.971012115478516,22.101791909884597,21.971012115478516,0.0,4802
1988-12-21,21.971012115478516,22.16718247261334,21.971012115478516,0.0,4135
1988-12-22,21.971012115478516,22.232571704290677,21.971012115478516,0.0,8271
1988-12-23,21.18633460998535,21.44789421436471,21.18633460998535,0.0,14274
1988-12-27,22.24565315246582,22.52029035272408,22.24565315246582,0.0,1779
1988-12-28,22.108335494995117,22.382972715230782,22.108335494995117,0.0,1016
1988-12-29,22.1769962310791,22.38297382369348,22.1769962310791,0.0,9529
1988-12-30,22.24565315246582,22.52029035272408,22.24565315246582,0.0,4447
1989-01-03,22.382972717285156,22.65761126859769,22.382972717285156,0.0,254
1989-01-04,22.451637268066406,22.588953903526647,22.451637268066406,0.0,36082
1989-01-05,22.382972717285156,22.588950299717897,22.382972717285156,0.0,3939
1989-01-06,22.1769962310791,22.38297382369348,22.1769962310791,0.0,2287
1989-01-09,22.31431007385254,22.451630662064204,22.31431007385254,0.0,0
1989-01-10,22.520292282104492,22.657611559523954,22.520292282104492,0.0,5844
1989-01-11,22.72626304626465,22.794923995418593,22.72626304626465,0.0,13086
1989-01-12,22.588953018188477,22.72627231037045,22.588953018188477,0.0,40148
1989-01-13,22.588953018188477,22.72627231037045,22.588953018188477,0.0,889
1989-01-16,22.451637268066406,22.588953903526647,22.451637268066406,0.0,1779
1989-01-17,22.451637268066406,22.657614883360512,22.451637268066406,0.0,1143
1989-01-18,22.24565315246582,22.451632050948188,22.24565315246582,0.0,10291
1989-01-19,21.55906105041504,21.76503864550663,21.55906105041504,0.0,15500
1989-01-20,21.62771987915039,21.765037827030348,21.62771987915039,0.0,5336
1989-01-23,21.833698272705078,22.039675855099535,21.833698272705078,0.0,19820
1989-01-24,22.108335494995117,22.382972715230782,22.108335494995117,0.0,1271
1989-01-25,22.108335494995117,22.108335494995117,22.108335494995117,22.108335494995117,0
1989-01-26,21.971012115478516,22.039671740475704,21.971012115478516,0.0,7115
1989-01-27,22.31431007385254,22.451630662064204,22.31431007385254,0.0,1525
1989-01-30,22.382972717285156,22.520291992941424,22.382972717285156,0.0,13467
1989-01-31,22.1769962310791,22.314314182471445,22.1769962310791,0.0,1016
1989-02-01,21.696382522583008,21.971019787419447,21.696382522583008,0.0,508
1989-02-02,21.902355194091797,22.039674461036764,21.902355194091797,0.0,6861
1989-02-03,21.833698272705078,21.971016217284163,21.833698272705078,0.0,1398
1989-02-06,21.76503562927246,21.833696592856835,21.76503562927246,0.0,8131
1989-02-07,21.833698272705078,21.971016217284163,21.833698272705078,0.0,8639
1989-02-08,22.108335494995117,22.24565477063878,22.108335494995117,0.0,65558
1989-02-09,22.31431007385254,22.451630662064204,22.31431007385254,0.0,6607
1989-02-10,22.31431007385254,22.520288959592815,22.31431007385254,0.0,16898
1989-02-13,21.971012115478516,22.176990990470085,21.971012115478516,0.0,1906
1989-02-14,22.108335494995117,22.24565477063878,22.108335494995117,0.0,7369
1989-02-15,22.0396785736084,22.245657512461218,22.0396785736084,0.0,0
1989-02-16,21.902355194091797,22.039674461036764,21.902355194091797,0.0,1525
1989-02-17,21.696382522583008,21.902360138447367,21.696382522583008,0.0,4955
1989-02-21,21.284421920776367,21.490400828605136,21.284421920776367,0.0,40910
1989-02-22,21.55906105041504,21.83369961860615,21.55906105041504,0.0,6861
1989-02-23,22.1769962310791,22.38297382369348,22.1769962310791,0.0,2541
1989-02-24,22.1769962310791,22.38297382369348,22.1769962310791,0.0,2160
1989-02-27,21.971012115478516,22.108331365472893,21.971012115478516,0.0,5844
1989-02-28,21.902355194091797,22.039674461036764,21.902355194091797,0.0,29222
1989-03-01,21.76503562927246,21.833696592856835,21.76503562927246,0.0,32398
1989-03-02,21.902355194091797,22.039674461036764,21.902355194091797,0.0,25283
1989-03-03,21.76503562927246,21.971014526870903,21.76503562927246,0.0,2922
1989-03-06,21.00979232788086,21.21577132346359,21.00979232788086,0.0,28840
1989-03-07,21.147106170654297,21.28442546540881,21.147106170654297,0.0,12832
1989-03-08,21.00979232788086,21.078451993075102,21.00979232788086,0.0,3176
1989-03-09,20.80381202697754,20.941131339964173,20.80381202697754,0.0,6607
1989-03-10,20.735149383544922,20.872468676750437,20.735149383544922,0.0,4066
1989-03-13,20.941129684448242,21.14710730659246,20.941129684448242,0.0,88554
1989-03-14,21.147106170654297,21.353085112786065,21.147106170654297,0.0,7623
1989-03-15,21.62771987915039,21.833698797547868,21.62771987915039,0.0,20582
1989-03-16,21.62771987915039,21.765037827030348,21.62771987915039,0.0,18803
1989-03-17,21.078447341918945,21.215766642006646,21.078447341918945,0.0,62890
1989-03-20,20.597829818725586,20.803807411455427,20.597829818725586,0.0,7623
1989-03-21,20.941129684448242,21.078447655527082,20.941129684448242,0.0,21980
1989-03-22,20.735149383544922,20.941128323353194,20.735149383544922,0.0,17025
1989-03-23,20.80381202697754,20.941131339964173,20.80381202697754,0.0,5590
1989-03-27,20.80381202697754,21.009789665405464,20.80381202697754,0.0,381
1989-03-28,21.215763092041016,21.421740676655098,21.215763092041016,0.0,19312
1989-03-29,21.147106170654297,21.421743429111476,21.147106170654297,0.0,5082
1989-03-30,21.00979232788086,21.147111658269345,21.00979232788086,0.0,1143
1989-03-31,20.80381202697754,20.941131339964173,20.80381202697754,0.0,1525
1989-04-03,21.00979232788086,21.147111658269345,21.00979232788086,0.0,1779
1989-04-04,21.147106170654297,21.353085112786065,21.147106170654297,0.0,29094
1989-04-05,21.078447341918945,21.215766642006646,21.078447341918945,0.0,5336
1989-04-06,20.666488647460938,20.941127219393767,20.666488647460938,0.0,1652
1989-04-07,20.46051025390625,20.66648784379417,20.46051025390625,0.0,19820
1989-04-10,20.254528045654297,20.46050693316353,20.254528045654297,0.0,13213
1989-04-11,20.597829818725586,20.735147770194903,20.597829818725586,0.0,1398
1989-04-12,20.80381202697754,20.872471683470856,20.80381202697754,0.0,10799
1989-04-13,20.597829818725586,20.666488128934382,20.597829818725586,0.0,14484
1989-04-14,20.80381202697754,21.009789665405464,20.80381202697754,0.0,17406
1989-04-17,20.597829818725586,20.803807411455427,20.597829818725586,0.0,889
1989-04-18,20.735149383544922,20.941128323353194,20.735149383544922,0.0,17152
1989-04-19,20.46051025390625,20.73514748410738,20.46051025390625,0.0,1652
1989-04-20,20.185867309570312,20.32318656037975,20.185867309570312,0.0,35193
1989-04-21,20.391843795776367,20.52916303049142,20.391843795776367,0.0,35193
1989-04-24,20.597829818725586,20.735147770194903,20.597829818725586,0.0,3430
1989-04-25,21.00979232788086,21.147111658269345,21.00979232788086,0.0,22615
1989-04-26,20.735149383544922,20.872468676750437,20.735149383544922,0.0,12197
1989-04-27,20.666488647460938,20.87246757641056,20.666488647460938,0.0,381
1989-04-28,20.666488647460938,20.87246757641056,20.666488647460938,0.0,11435
1989-05-01,20.80381202697754,20.941131339964173,20.80381202697754,0.0,8385
1989-05-02,21.215763092041016,21.421740676655098,21.215763092041016,0.0,7750
1989-05-03,21.284421920776367,21.421739861610586,21.284421920776367,0.0,17533
1989-05-04,21.284421920776367,21.421739861610586,21.284421920776367,0.0,762
1989-05-05,21.284421920776367,21.559059133496433,21.284421920776367,0.0,5590
1989-05-08,21.696382522583008,21.833701820527168,21.696382522583008,0.0,12578
1989-05-09,21.902355194091797,22.108334094509246,21.902355194091797,0.0,10926
1989-05-10,21.696382522583008,21.902360138447367,21.696382522583008,0.0,381
1989-05-11,21.353076934814453,21.559054467007456,21.353076934814453,0.0,21726
1989-05-12,21.284421920776367,21.35308155671929,21.284421920776367,0.0,7750
1989-05-15,20.872468948364258,21.07844655980109,20.872468948364258,0.0,127
1989-05-16,21.215763092041016,21.421740676655098,21.215763092041016,0.0,6607
1989-05-17,21.00979232788086,21.147111658269345,21.00979232788086,0.0,635
1989-05-18,20.80381202697754,20.872471683470856,20.80381202697754,0.0,20074
1989-05-19,21.078447341918945,21.284426292050497,21.078447341918945,0.0,26935
1989-05-22,21.00979232788086,21.147111658269345,21.00979232788086,0.0,5844
1989-05-23,21.00979232788086,21.147111658269345,21.00979232788086,0.0,1525
1989-05-24,20.80381202697754,21.009789665405464,20.80381202697754,0.0,1652
1989-05-25,20.941129684448242,21.14710730659246,20.941129684448242,0.0,5336
1989-05-26,21.215763092041016,21.353082369151522,21.215763092041016,0.0,23377
1989-05-30,20.597829818725586,20.87246705271595,20.597829818725586,0.0,1271
1989-05-31,20.872468948364258,20.941128595860484,20.872468948364258,0.0,12832
1989-06-01,21.284421920776367,21.421739861610586,21.284421920776367,0.0,4320
1989-06-02,21.284421920776367,21.421739861610586,21.284421920776367,0.0,1906
1989-06-05,20.666488647460938,20.803807933427354,20.666488647460938,0.0,18803
1989-06-06,20.254528045654297,20.529166562333273,20.254528045654297,0.0,7496
1989-06-07,20.46051025390625,20.66648784379417,20.46051025390625,0.0,21599
1989-06-08,20.597829818725586,20.735147770194903,20.597829818725586,0.0,8258
1989-06-09,20.117212295532227,20.254531577818664,20.117212295532227,0.0,6480
1989-06-12,19.56793975830078,19.773917370992443,19.56793975830078,0.0,12451
1989-06-13,19.6366024017334,19.773920387458094,19.6366024017334,0.0,6480
1989-06-14,19.77391815185547,20.04855675435885,19.77391815185547,0.0,254
1989-06-15,19.77391815185547,19.979897103733002,19.77391815185547,0.0,16517
1989-06-16,19.97989273071289,20.254529942054226,19.97989273071289,0.0,5336
1989-06-19,20.597829818725586,20.666488128934382,20.597829818725586,0.0,14992
1989-06-20,20.46051025390625,20.597829534532668,20.46051025390625,0.0,37353
1989-06-21,20.872468948364258,21.009786912304865,20.872468948364258,0.0,22869
1989-06-22,21.147106170654297,21.353085112786065,21.147106170654297,0.0,13086
1989-06-23,20.46051025390625,20.597829534532668,20.46051025390625,0.0,1779
1989-06-26,20.04854965209961,20.254527199957067,20.04854965209961,0.0,2541
1989-06-27,20.90678596496582,21.050970741657,20.90678596496582,0.0,17908
1989-06-28,20.402143478393555,20.61842201934226,20.402143478393555,0.0,1694
1989-06-29,20.185867309570312,20.402144530622035,20.185867309570312,0.0,5808
1989-06-30,20.185867309570312,20.330052123604794,20.185867309570312,0.0,4840
1989-07-03,20.4742431640625,20.546335593003775,20.4742431640625,0.0,27709
1989-07-05,21.41144561767578,21.55563048146659,21.41144561767578,0.0,9922
1989-07-06,21.41144561767578,21.55563048146659,21.41144561767578,0.0,10164
1989-07-07,21.48353385925293,21.627718694920787,21.48353385925293,0.0,23595
1989-07-10,21.55562973022461,21.69981458899039,21.55562973022461,0.0,1936
1989-07-11,21.3393497467041,21.555627007534802,21.3393497467041,0.0,7018
1989-07-12,21.26725959777832,21.411444453731114,21.26725959777832,0.0,2783
1989-07-13,21.195165634155273,21.4114429024146,21.195165634155273,0.0,363
1989-07-14,20.978885650634766,21.26725530432401,20.978885650634766,0.0,0
1989-07-17,20.546337127685547,20.762614430663916,20.546337127685547,0.0,121
1989-07-18,20.546337127685547,20.690521996337793,20.546337127685547,0.0,484
1989-07-19,20.61842918395996,20.834705137958853,20.61842918395996,0.0,7865
1989-07-20,20.546337127685547,20.762614430663916,20.546337127685547,0.0,15125
1989-07-21,20.69051742553711,20.90679468073706,20.69051742553711,0.0,3751
1989-07-24,20.546337127685547,20.690521996337793,20.546337127685547,0.0,121
1989-07-25,20.546337127685547,20.83470686499004,20.546337127685547,0.0,1210
1989-07-26,20.546337127685547,20.546337127685547,20.546337127685547,20.546337127685547,0
1989-07-27,20.90678596496582,20.978878353311412,20.90678596496582,0.0,5082
1989-07-28,20.834701538085938,21.050978785767708,20.834701538085938,0.0,484
1989-07-31,21.26725959777832,21.555629309683912,21.26725959777832,0.0,38962
1989-08-01,21.62771987915039,21.699812300931754,21.62771987915039,0.0,5203
1989-08-02,21.55562973022461,21.69981458899039,21.55562973022461,0.0,242
1989-08-03,21.195165634155273,21.4114429024146,21.195165634155273,0.0,6897
1989-08-04,20.90678596496582,21.19515551834818,20.90678596496582,0.0,2420
1989-08-07,20.834701538085938,21.050978785767708,20.834701538085938,0.0,1452
1989-08-08,21.3393497467041,21.4835345872579,21.3393497467041,0.0,39930
1989-08-09,21.195165634155273,21.33935047966149,21.195165634155273,0.0,1452
1989-08-10,21.48353385925293,21.69981111275472,21.48353385925293,0.0,1815
1989-08-11,21.3393497467041,21.555627007534802,21.3393497467041,0.0,363
1989-08-14,21.3393497467041,21.6277194278117,21.3393497467041,0.0,1573
1989-08-15,21.62771987915039,21.771904722713117,21.62771987915039,0.0,0
1989-08-16,21.699811935424805,21.771904355991857,21.699811935424805,0.0,8107
1989-08-17,21.26725959777832,21.411444453731114,21.26725959777832,0.0,0
1989-08-18,21.41144561767578,21.55563048146659,21.41144561767578,0.0,7623
1989-08-21,21.699811935424805,21.84399677655891,21.699811935424805,0.0,1331
1989-08-22,21.98818016052246,22.060272576311906,21.98818016052246,0.0,18513
1989-08-23,21.699811935424805,21.916089197125963,21.699811935424805,0.0,363
1989-08-24,21.3393497467041,21.4835345872579,21.3393497467041,0.0,61468
1989-08-25,21.26725959777832,21.411444453731114,21.26725959777832,0.0,605
1989-08-28,20.834701538085938,20.978886369873784,20.834701538085938,0.0,4477
1989-08-29,21.123071670532227,21.267256505520557,21.123071670532227,0.0,7260
1989-08-30,20.834701538085938,20.978886369873784,20.834701538085938,0.0,4840
1989-08-31,20.69051742553711,20.762609843937092,20.69051742553711,0.0,18755
1989-09-01,20.69051742553711,20.83470226233708,20.69051742553711,0.0,3993
1989-09-05,20.330055236816406,20.47424007293041,20.330055236816406,0.0,46585
1989-09-06,20.330055236816406,20.47424007293041,20.330055236816406,0.0,2541
1989-09-07,20.041683197021484,20.330052835183768,20.041683197021484,0.0,2541
1989-09-08,19.825407028198242,20.041682922809382,19.825407028198242,0.0,6050
1989-09-11,19.825407028198242,20.041682922809382,19.825407028198242,0.0,11737
1989-09-12,20.11377716064453,20.330054405976814,20.11377716064453,0.0,19360
1989-09-13,20.185867309570312,20.330052123604794,20.185867309570312,0.0,7623
1989-09-14,20.041683197021484,20.185868016102628,20.041683197021484,0.0,21296
1989-09-15,19.969594955444336,20.257965984845583,19.969594955444336,0.0,89056
1989-09-18,20.11377716064453,20.18586957575529,20.11377716064453,0.0,1573
1989-09-19,20.11377716064453,20.25796332191762,20.11377716064453,0.0,10648
1989-09-20,20.041683197021484,20.257961756694666,20.041683197021484,0.0,968
1989-09-21,20.11377716064453,20.25796332191762,20.11377716064453,0.0,1452
1989-09-22,20.041683197021484,20.185868016102628,20.041683197021484,0.0,24079
1989-09-25,20.330055236816406,20.54633249098741,20.330055236816406,0.0,2057
1989-09-26,20.762615203857422,20.978892514889896,20.762615203857422,0.0,15609
1989-09-27,20.834701538085938,20.978886369873784,20.834701538085938,0.0,2420
1989-09-28,20.90678596496582,21.050970741657,20.90678596496582,0.0,14036
1989-09-29,21.050983428955078,21.267260724340844,21.050983428955078,0.0,8349
1989-10-02,21.050983428955078,21.267260724340844,21.050983428955078,0.0,968
1989-10-03,20.61842918395996,20.834705137958853,20.61842918395996,0.0,13310
1989-10-04,20.257965087890625,20.40214859962967,20.257965087890625,0.0,5203
1989-10-05,19.897506713867188,20.113782687576936,19.897506713867188,0.0,2541
1989-10-06,19.825407028198242,19.969590514255188,19.825407028198242,0.0,3146
1989-10-09,21.050983428955078,21.123075860750333,21.050983428955078,0.0,9559
1989-10-10,20.762615203857422,20.978892514889896,20.762615203857422,0.0,5445
1989-10-11,22.420732498168945,22.637012399672123,22.420732498168945,0.0,17061
1989-10-12,22.276552200317383,22.564920563188974,22.276552200317383,0.0,18150
1989-10-13,22.132369995117188,22.27655485928902,22.132369995117188,0.0,17666
1989-10-16,21.916088104248047,22.132365355164225,21.916088104248047,0.0,39930
1989-10-17,21.3393497467041,21.6277194278117,21.3393497467041,0.0,1089
1989-10-18,21.55562973022461,21.771907018373277,21.55562973022461,0.0,12221
1989-10-19,21.699811935424805,21.916089197125963,21.699811935424805,0.0,1815
1989-10-20,21.916088104248047,22.204457772136287,21.916088104248047,0.0,12100
1989-10-23,21.916088104248047,22.060272938192167,21.916088104248047,0.0,12342
1989-10-24,21.62771987915039,21.84399714449448,21.62771987915039,0.0,37389
1989-10-25,21.62771987915039,21.916089566275843,21.62771987915039,0.0,3025
1989-10-26,21.48353385925293,21.69981111275472,21.48353385925293,0.0,4114
1989-10-27,21.48353385925293,21.627718694920787,21.48353385925293,0.0,7986
1989-10-30,21.55562973022461,21.69981458899039,21.55562973022461,0.0,6050
1989-10-31,21.844003677368164,21.98818856405218,21.844003677368164,0.0,45012
1989-11-01,21.62771987915039,21.84399714449448,21.62771987915039,0.0,1573
1989-11-02,21.48353385925293,21.77190353058865,21.48353385925293,0.0,1452
1989-11-03,21.55562973022461,21.771907018373277,21.55562973022461,0.0,1573
1989-11-06,21.050983428955078,21.19516829254559,21.050983428955078,0.0,4961
1989-11-07,21.123071670532227,21.267256505520557,21.123071670532227,0.0,24321
1989-11-08,21.123071670532227,21.33934892301472,21.123071670532227,0.0,7381
1989-11-09,21.123071670532227,21.267256505520557,21.123071670532227,0.0,605
1989-11-10,21.123071670532227,21.267256505520557,21.123071670532227,0.0,25652
1989-11-13,20.90678596496582,21.123063130002592,20.90678596496582,0.0,36421
1989-11-14,20.90678596496582,21.050970741657,20.90678596496582,0.0,847
1989-11-15,20.61842918395996,20.834705137958853,20.61842918395996,0.0,242
1989-11-16,20.61842918395996,20.762612709608618,20.61842918395996,0.0,1694
1989-11-17,20.402143478393555,20.54632828499179,20.402143478393555,0.0,5082
1989-11-20,20.257965087890625,20.40214859962967,20.257965087890625,0.0,39567
1989-11-21,20.4742431640625,20.69052045088632,20.4742431640625,0.0,1089
1989-11-22,20.402143478393555,20.690513091590024,20.402143478393555,0.0,363
1989-11-24,20.69051742553711,20.90679468073706,20.69051742553711,0.0,5808
1989-11-27,20.762615203857422,20.978892514889896,20.762615203857422,0.0,1694
1989-11-28,20.61842918395996,20.834705137958853,20.61842918395996,0.0,27951
1989-11-29,20.69051742553711,20.90679468073706,20.69051742553711,0.0,2662
1989-11-30,21.050983428955078,21.267260724340844,21.050983428955078,0.0,1573
1989-12-01,21.050983428955078,21.3393531561361,21.050983428955078,0.0,10890
1989-12-04,21.050983428955078,21.267260724340844,21.050983428955078,0.0,605
1989-12-05,20.978885650634766,21.050978064057077,20.978885650634766,0.0,7381
1989-12-06,21.050983428955078,21.123075860750333,21.050983428955078,0.0,0
1989-12-07,20.90678596496582,21.19515551834818,20.90678596496582,0.0,5324
1989-12-08,20.90678596496582,21.19515551834818,20.90678596496582,0.0,363
1989-12-11,20.762615203857422,20.978892514889896,20.762615203857422,0.0,1694
1989-12-12,20.762615203857422,20.978892514889896,20.762615203857422,0.0,2904
1989-12-13,20.90678596496582,21.123063130002592,20.90678596496582,0.0,726
1989-12-14,20.978885650634766,21.1951628909017,20.978885650634766,0.0,27588
1989-12-15,20.69051742553711,20.90679468073706,20.69051742553711,0.0,38841
1989-12-18,20.69051742553711,20.83470226233708,20.69051742553711,0.0,726
1989-12-19,20.546337127685547,20.762614430663916,20.546337127685547,0.0,23595
1989-12-20,20.402143478393555,20.61842201934226,20.402143478393555,0.0,0
1989-12-21,20.402143478393555,20.61842201934226,20.402143478393555,0.0,605
1989-12-22,20.330055236816406,20.54633249098741,20.330055236816406,0.0,121
1989-12-26,20.834701538085938,21.050978785767708,20.834701538085938,0.0,1210
1989-12-27,20.90678596496582,21.123063130002592,20.90678596496582,0.0,3025
1989-12-28,20.546337127685547,20.762614430663916,20.546337127685547,0.0,4719
1989-12-29,20.330055236816406,20.690517327101414,20.330055236816406,0.0,605
1990-01-02,20.185867309570312,20.402144530622035,20.185867309570312,0.0,12947
1990-01-03,20.257965087890625,20.40214859962967,20.257965087890625,0.0,25047
1990-01-04,20.546337127685547,20.83470686499004,20.546337127685547,0.0,5808
1990-01-05,20.257965087890625,20.474241021025033,20.257965087890625,0.0,9075
1990-01-08,20.330055236816406,20.54633249098741,20.330055236816406,0.0,363
1990-01-09,20.185867309570312,20.330052123604794,20.185867309570312,0.0,4719
1990-01-10,20.185867309570312,20.330052123604794,20.185867309570312,0.0,24442
1990-01-11,20.257965087890625,20.474241021025033,20.257965087890625,0.0,4235
1990-01-12,19.969594955444336,20.113779804619085,19.969594955444336,0.0,11858
1990-01-15,19.969594955444336,20.04168738003171,19.969594955444336,0.0,16940
1990-01-16,19.897506713867188,20.113782687576936,19.897506713867188,0.0,17061
1990-01-17,19.897506713867188,20.041690252656373,19.897506713867188,0.0,37994
1990-01-18,19.464948654174805,19.68122458954957,19.464948654174805,0.0,13068
1990-01-19,19.39285659790039,19.609135214303425,19.39285659790039,0.0,1089
1990-01-22,19.464948654174805,19.609133498459112,19.464948654174805,0.0,19844
1990-01-23,19.681232452392578,19.825418685332384,19.681232452392578,0.0,6292
1990-01-24,19.24867057800293,19.392854085170082,19.24867057800293,0.0,28072
1990-01-25,19.681232452392578,19.825418685332384,19.681232452392578,0.0,24805
1990-01-26,19.825407028198242,19.897499436752437,19.825407028198242,0.0,2783
1990-01-29,19.825407028198242,19.825407028198242,19.825407028198242,19.825407028198242,0
1990-01-30,19.537038803100586,19.75331471331074,19.537038803100586,0.0,10164
1990-01-31,19.969594955444336,20.185872229206463,19.969594955444336,0.0,35937
1990-02-01,19.825407028198242,19.969590514255188,19.825407028198242,0.0,4235
1990-02-02,19.753313064575195,19.96959028778504,19.753313064575195,0.0,7381
1990-02-05,19.609132766723633,19.82541002507948,19.609132766723633,0.0,3751
1990-02-06,19.609132766723633,19.609132766723633,19.609132766723633,19.609132766723633,0
1990-02-07,19.464948654174805,19.609133498459112,19.464948654174805,0.0,19723
1990-02-08,19.609132766723633,19.753316274575884,19.609132766723633,0.0,9801
1990-02-09,19.39285659790039,19.681226311702016,19.39285659790039,0.0,242
1990-02-12,19.464948654174805,19.68122458954957,19.464948654174805,0.0,1573
1990-02-13,19.464948654174805,19.464948654174805,19.464948654174805,19.464948654174805,0
1990-02-14,19.681232452392578,19.753324903336367,19.681232452392578,0.0,19481
1990-02-15,19.969594955444336,20.04168738003171,19.969594955444336,0.0,363
1990-02-16,19.969594955444336,20.04168738003171,19.969594955444336,0.0,6534
1990-02-20,19.320768356323242,19.464954575521492,19.320768356323242,0.0,17666
1990-02-21,18.7440242767334,18.960300210307942,18.7440242767334,0.0,17787
1990-02-22,18.59984016418457,18.744025012931793,18.59984016418457,0.0,13431
1990-02-23,17.95100975036621,18.02310218038458,17.95100975036621,0.0,9559
1990-02-26,17.590543746948242,17.73472857540033,17.590543746948242,0.0,13431
1990-02-27,17.66263771057129,17.80682255167152,17.66263771057129,0.0,13794
1990-02-28,17.95100975036621,18.02310218038458,17.95100975036621,0.0,64009
1990-03-01,17.95100975036621,18.02310218038458,17.95100975036621,0.0,17061
1990-03-02,17.8789119720459,18.023096788951154,17.8789119720459,0.0,30976
1990-03-05,17.806833267211914,18.02311065901056,17.806833267211914,0.0,847
1990-03-06,17.734729766845703,17.878914604984338,17.734729766845703,0.0,6050
1990-03-07,17.15799331665039,17.302178179178608,17.15799331665039,0.0,3872
1990-03-08,17.8789119720459,17.951004380498528,17.8789119720459,0.0,109989
1990-03-09,17.590543746948242,17.80682098962637,17.590543746948242,0.0,21296
1990-03-12,17.374265670776367,17.66263531384661,17.374265670776367,0.0,847
1990-03-13,17.15799331665039,17.302178179178608,17.15799331665039,0.0,9075
1990-03-14,16.94171714782715,17.085902019929573,16.94171714782715,0.0,0
1990-03-15,16.869625091552734,17.157994842249497,16.869625091552734,0.0,7381
1990-03-16,16.509159088134766,16.797528772193132,16.509159088134766,0.0,1331
1990-03-19,15.499859809875488,15.788228037950503,15.499859809875488,0.0,8107
1990-03-20,15.139405250549316,15.427773619377652,15.139405250549316,0.0,15488
1990-03-21,15.283584594726562,15.499863141611895,15.28358459472656,0.0,19602
1990-03-22,15.211491584777832,15.499861169193593,15.21149158477783,0.0,27225
1990-03-23,16.148698806762695,16.437068523387158,16.148698806762695,0.0,28798
1990-03-26,17.085891723632812,17.23007650884663,17.085891723632812,0.0,15609
1990-03-27,16.869625091552734,17.085902404575307,16.869625091552734,0.0,3630
1990-03-28,16.72543716430664,17.013806862384463,16.72543716430664,0.0,27588
1990-03-29,16.72543716430664,17.013806862384463,16.72543716430664,0.0,3146
1990-03-30,16.148698806762695,16.364976094231043,16.148698806762695,0.0,7381
1990-04-02,15.932419776916504,16.148695691612506,15.932419776916504,0.0,33759
1990-04-03,16.869625091552734,17.157994842249497,16.869625091552734,0.0,39567
1990-04-04,16.148698806762695,16.437068523387158,16.148698806762695,0.0,6413
1990-04-05,17.66263771057129,17.80682255167152,17.66263771057129,0.0,13068
1990-04-06,17.590543746948242,17.80682098962637,17.590543746948242,0.0,16214
1990-04-09,18.31147003173828,18.455654877060685,18.31147003173828,0.0,44044
1990-04-10,18.023099899291992,18.239377161973977,18.023099899291992,0.0,18513
1990-04-11,17.806833267211914,18.02311065901056,17.806833267211914,0.0,1936
1990-04-12,17.66263771057129,17.878914972221633,17.66263771057129,0.0,11253
1990-04-16,16.72543716430664,16.941714437865006,16.72543716430664,0.0,3267
1990-04-17,16.797531127929688,17.085900852429898,16.797531127929688,0.0,1331
1990-04-18,17.15799331665039,17.374270610442718,17.15799331665039,0.0,1694
1990-04-19,17.302169799804688,17.51844698885481,17.302169799804688,0.0,5808
1990-04-20,17.01380729675293,17.30217700219293,17.01380729675293,0.0,1210
1990-04-23,16.94171714782715,17.157994455980788,16.94171714782715,0.0,847
1990-04-24,16.869625091552734,17.085902404575307,16.869625091552734,0.0,2420
1990-04-25,16.653343200683594,16.869620454253596,16.653343200683594,0.0,4356
1990-04-26,16.72543716430664,16.941714437865006,16.72543716430664,0.0,121
1990-04-27,16.72543716430664,17.013806862384463,16.72543716430664,0.0,605
1990-04-30,16.72543716430664,17.013806862384463,16.72543716430664,0.0,484
1990-05-01,16.94171714782715,17.085902019929573,16.94171714782715,0.0,847
1990-05-02,17.374265670776367,17.66263531384661,17.374265670776367,0.0,847
1990-05-03,17.446359634399414,17.7347293031367,17.446359634399414,0.0,3025
1990-05-04,17.446359634399414,17.7347293031367,17.446359634399414,0.0,1089
1990-05-07,17.590543746948242,17.878913403852415,17.590543746948242,0.0,15125
1990-05-08,17.66263771057129,17.80682255167152,17.66263771057129,0.0,12826
1990-05-09,17.590543746948242,17.80682098962637,17.590543746948242,0.0,13310
1990-05-10,17.590543746948242,17.80682098962637,17.590543746948242,0.0,2420
1990-05-11,18.527748107910156,18.671932959521964,18.527748107910156,0.0,12947
1990-05-14,18.38356590270996,18.527750775077944,18.38356590270996,0.0,9196
1990-05-15,18.45565414428711,18.599838983884716,18.45565414428711,0.0,605
1990-05-16,18.38356590270996,18.599843211261934,18.38356590270996,0.0,1936
1990-05-17,18.38356590270996,18.599843211261934,18.38356590270996,0.0,726
1990-05-18,18.095190048217773,18.31146728374475,18.095190048217773,0.0,3872
1990-05-21,18.16728401184082,18.311468847841194,18.16728401184082,0.0,2904
1990-05-22,18.38356590270996,18.599843211261934,18.38356590270996,0.0,3025
1990-05-23,18.59984016418457,18.744025012931793,18.59984016418457,0.0,121
1990-05-24,18.45565414428711,18.67193140368352,18.45565414428711,0.0,2178
1990-05-25,18.7440242767334,18.960300210307942,18.7440242767334,0.0,484
1990-05-29,18.67193603515625,18.960304454828034,18.67193603515625,0.0,726
1990-05-30,18.888208389282227,19.17657806429732,18.888208389282227,0.0,1089
1990-05-31,19.176572799682617,19.320756266555314,19.176572799682617,0.0,4961
1990-06-01,19.24867057800293,19.392854085170082,19.24867057800293,0.0,605
1990-06-04,19.032390594482422,19.248669167008288,19.032390594482422,0.0,847
1990-06-05,19.032390594482422,19.320760249781515,19.032390594482422,0.0,847
1990-06-06,19.609132766723633,19.753316274575884,19.609132766723633,0.0,4114
1990-06-07,19.609132766723633,19.753316274575884,19.609132766723633,0.0,6534
1990-06-08,19.104488372802734,19.392856757932194,19.104488372802734,0.0,363
1990-06-11,18.59984016418457,18.67193258855818,18.59984016418457,0.0,18755
1990-06-12,18.59984016418457,18.8161174373054,18.59984016418457,0.0,242
1990-06-13,18.888208389282227,19.032391895738137,18.888208389282227,0.0,18513
1990-06-14,19.24867057800293,19.392854085170082,19.24867057800293,0.0,3388
1990-06-15,19.032390594482422,19.320760249781515,19.032390594482422,0.0,1452
1990-06-18,19.032390594482422,19.248669167008288,19.032390594482422,0.0,726
1990-06-19,18.7440242767334,18.888209119817553,18.7440242767334,0.0,242
1990-06-20,19.320768356323242,19.537047019594567,19.320768356323242,0.0,2178
1990-06-21,19.032390594482422,19.176576753183515,19.032390594482422,0.0,1573
1990-06-22,17.15799331665039,17.446363041706825,17.15799331665039,0.0,1936
1990-06-25,16.581253051757812,16.797530334922573,16.581253051757812,0.0,3751
1990-06-26,18.556583404541016,18.71518753474119,18.556583404541016,0.0,13970
1990-06-27,19.270301818847656,19.428904643971624,19.270301818847656,0.0,1210
1990-06-28,19.270301818847656,19.428904643971624,19.270301818847656,0.0,1100
1990-06-29,19.19099998474121,19.349604137433264,19.19099998474121,0.0,110
1990-07-02,19.19099998474121,19.349604137433264,19.19099998474121,0.0,990
1990-07-03,19.270301818847656,19.349604562461582,19.270301818847656,0.0,2860
1990-07-05,19.270301818847656,19.428904643971624,19.270301818847656,0.0,3410
1990-07-06,19.19099998474121,19.349604137433264,19.19099998474121,0.0,6820
1990-07-09,19.19099998474121,19.349604137433264,19.19099998474121,0.0,990
1990-07-10,19.19099998474121,19.349604137433264,19.19099998474121,0.0,2310
1990-07-11,19.349599838256836,19.587504017858485,19.349599838256836,0.0,1870
1990-07-12,19.508201599121094,19.746108444551794,19.508201599121094,0.0,19360
1990-07-13,19.508201599121094,19.66680571905768,19.508201599121094,0.0,440
1990-07-16,19.90471076965332,20.06331489650045,19.90471076965332,0.0,2310
1990-07-17,19.666807174682617,19.904711375618355,19.666807174682617,0.0,6490
1990-07-18,19.666807174682617,19.82541130635818,19.666807174682617,0.0,110
1990-07-19,19.666807174682617,19.746109906046264,19.666807174682617,0.0,13530
1990-07-20,19.349599838256836,19.587504017858485,19.349599838256836,0.0,2200
1990-07-23,19.032390594482422,19.27029609252479,19.032390594482422,0.0,8360
1990-07-24,18.873790740966797,19.03239220129912,18.873790740966797,0.0,12100
1990-07-25,18.95309066772461,19.270296225907977,18.95309066772461,0.0,24530
1990-07-26,18.635887145996094,18.794491296127276,18.635887145996094,0.0,2750
1990-07-27,18.4772891998291,18.794494898791964,18.4772891998291,0.0,3080
1990-07-30,18.556583404541016,18.794488934315414,18.556583404541016,0.0,4730
1990-07-31,19.032390594482422,19.27029609252479,19.032390594482422,0.0,18480
1990-08-01,18.71518325805664,18.953088733466267,18.71518325805664,0.0,1100
1990-08-02,17.68425941467285,17.76356078764425,17.68425941467285,0.0,39600
1990-08-03,16.97055435180664,17.208459922682618,16.97055435180664,0.0,21450
1990-08-06,16.098230361938477,16.415435901111557,16.098230361938477,0.0,2860
1990-08-07,16.653343200683594,16.89124738097962,16.653343200683594,0.0,32230
1990-08-08,16.89124870300293,17.049852833332,16.89124870300293,0.0,33770
1990-08-09,16.89124870300293,17.1291555640224,16.89124870300293,0.0,3630
1990-08-10,16.653343200683594,16.89124738097962,16.653343200683594,0.0,3960
1990-08-13,16.098230361938477,16.336135847369764,16.098230361938477,0.0,8800
1990-08-14,16.256832122802734,16.574037616321835,16.256832122802734,0.0,4400
1990-08-15,17.12915802001953,17.287759510985605,17.12915802001953,0.0,6930
1990-08-16,16.653343200683594,16.970550105463253,16.653343200683594,0.0,24310
1990-08-17,16.415437698364258,16.653343209842753,16.415437698364258,0.0,1210
1990-08-20,16.81194496154785,16.970549069784198,16.81194496154785,0.0,5830
1990-08-21,16.415437698364258,16.732645934369998,16.415437698364258,0.0,1210
1990-08-22,16.57403564453125,16.732639703473176,16.57403564453125,0.0,5720
1990-08-23,16.17753791809082,16.494744909322556,16.17753791809082,0.0,14850
1990-08-24,17.12915802001953,17.367062253046516,17.12915802001953,0.0,2420
1990-08-27,18.001474380493164,18.239378589431293,18.001474380493164,0.0,10340
1990-08-28,17.68425941467285,17.922164864638322,17.68425941467285,0.0,18150
1990-08-29,17.60496711730957,17.842871340879615,17.60496711730957,0.0,110
1990-08-30,17.842866897583008,18.080772392960807,17.842866897583008,0.0,2200
1990-08-31,17.763565063476562,18.00147190175939,17.763565063476562,0.0,29810
1990-09-04,17.36705780029297,17.52566058164667,17.36705780029297,0.0,4840
1990-09-05,17.208457946777344,17.44636215928479,17.208457946777344,0.0,1870
1990-09-06,17.12915802001953,17.287759510985605,17.12915802001953,0.0,11770
1990-09-07,17.36705780029297,17.60496330337509,17.36705780029297,0.0,3300
1990-09-10,17.763565063476562,17.922169178647916,17.763565063476562,0.0,11660
1990-09-11,17.525659561157227,17.763563719335018,17.525659561157227,0.0,990
1990-09-12,17.842866897583008,18.00147100485205,17.842866897583008,0.0,16060
1990-09-13,17.60496711730957,17.842871340879615,17.60496711730957,0.0,16830
1990-09-14,17.446359634399414,17.604963750835886,17.446359634399414,0.0,3300
1990-09-17,17.28775978088379,17.604968091975888,17.28775978088379,0.0,660
1990-09-18,17.28775978088379,17.525665348676895,17.28775978088379,0.0,770
1990-09-19,17.208457946777344,17.44636215928479,17.208457946777344,0.0,10340
1990-09-20,16.89124870300293,17.049852833332,16.89124870300293,0.0,16170
1990-09-21,16.732648849487305,17.04985447865252,16.732648849487305,0.0,10010
1990-09-24,16.732648849487305,17.04985447865252,16.732648849487305,0.0,880
1990-09-25,16.653343200683594,16.89124738097962,16.653343200683594,0.0,220
1990-09-26,16.415437698364258,16.574041816367128,16.415437698364258,0.0,17160
1990-09-27,16.415437698364258,16.653343209842753,16.415437698364258,0.0,2200
1990-09-28,16.336139678955078,16.49474248574136,16.336139678955078,0.0,6930
1990-10-01,17.763565063476562,17.922169178647916,17.763565063476562,0.0,9350
1990-10-02,19.270301818847656,19.50820605653361,19.270301818847656,0.0,78320
1990-10-03,18.2393798828125,18.39798270001801,18.2393798828125,0.0,11550
1990-10-04,18.4772891998291,18.794494898791964,18.4772891998291,0.0,3740
1990-10-05,19.032390594482422,19.27029609252479,19.032390594482422,0.0,31790
1990-10-08,19.032390594482422,19.27029609252479,19.032390594482422,0.0,16500
1990-10-09,18.318674087524414,18.635879597193117,18.318674087524414,0.0,15730
1990-10-10,18.397974014282227,18.715180829990885,18.397974014282227,0.0,2200
1990-10-11,17.92217254638672,18.160076767270713,17.92217254638672,0.0,2200
1990-10-12,18.397974014282227,18.715180829990885,18.397974014282227,0.0,990
1990-10-15,18.71518325805664,18.953088733466267,18.71518325805664,0.0,12540
1990-10-16,18.95309066772461,19.190994836362133,18.95309066772461,0.0,2750
1990-10-17,19.1117000579834,19.27030289193937,19.1117000579834,0.0,31680
1990-10-18,19.19099998474121,19.349604137433264,19.19099998474121,0.0,7150
1990-10-19,19.19099998474121,19.349604137433264,19.19099998474121,0.0,20680
1990-10-22,19.19099998474121,19.42890421720142,19.19099998474121,0.0,4070
1990-10-23,18.95309066772461,19.111693446816293,18.95309066772461,0.0,4840
1990-10-24,18.71518325805664,18.873787352013533,18.71518325805664,0.0,9020
1990-10-25,18.4772891998291,18.794494898791964,18.4772891998291,0.0,17050
1990-10-26,18.2393798828125,18.55658551722352,18.2393798828125,0.0,770
1990-10-29,18.2393798828125,18.55658551722352,18.2393798828125,0.0,0
1990-10-30,17.92217254638672,18.160076767270713,17.92217254638672,0.0,3080
1990-10-31,17.842866897583008,17.922168285691765,17.842866897583008,0.0,0
1990-11-01,17.446359634399414,17.604963750835886,17.446359634399414,0.0,12320
1990-11-02,17.763565063476562,18.00147190175939,17.763565063476562,0.0,8800
1990-11-05,17.92217254638672,18.239379505283893,17.92217254638672,0.0,1540
1990-11-06,17.763565063476562,18.00147190175939,17.763565063476562,0.0,8580
1990-11-07,17.12915802001953,17.367062253046516,17.12915802001953,0.0,2530
1990-11-08,17.12915802001953,17.208459431028526,17.12915802001953,0.0,6050
1990-11-09,17.28775978088379,17.604968091975888,17.28775978088379,0.0,12100
1990-11-12,17.92217254638672,18.160076767270713,17.92217254638672,0.0,6050
1990-11-13,17.763565063476562,18.00147190175939,17.763565063476562,0.0,4290
1990-11-14,17.68425941467285,17.84286349166692,17.68425941467285,0.0,6600
1990-11-15,17.208457946777344,17.52566356345394,17.208457946777344,0.0,28710
1990-11-16,17.28775978088379,17.446363936429837,17.28775978088379,0.0,3080
1990-11-19,17.525659561157227,17.763563719335018,17.525659561157227,0.0,1430
1990-11-20,17.208457946777344,17.44636215928479,17.208457946777344,0.0,440
1990-11-21,17.208457946777344,17.36706075511564,17.208457946777344,0.0,440
1990-11-23,17.446359634399414,17.68426381247671,17.446359634399414,0.0,7370
1990-11-26,17.36705780029297,17.60496330337509,17.36705780029297,0.0,1540
1990-11-27,17.446359634399414,17.604963750835886,17.446359634399414,0.0,4290
1990-11-28,16.89124870300293,17.1291555640224,16.89124870300293,0.0,13860
1990-11-29,16.415437698364258,16.653343209842753,16.415437698364258,0.0,24750
1990-11-30,17.12915802001953,17.44636366405551,17.12915802001953,0.0,7040
1990-12-03,16.494739532470703,16.73264503110656,16.494739532470703,0.0,6270
1990-12-04,16.494739532470703,16.653342310860243,16.494739532470703,0.0,20240
1990-12-05,16.653343200683594,16.970550105463253,16.653343200683594,0.0,6710
1990-12-06,17.36705780029297,17.60496330337509,17.36705780029297,0.0,26290
1990-12-07,17.36705780029297,17.60496330337509,17.36705780029297,0.0,2530
1990-12-10,16.97055435180664,17.208459922682618,16.97055435180664,0.0,11550
1990-12-11,17.28775978088379,17.525665348676895,17.28775978088379,0.0,6820
1990-12-12,17.36705780029297,17.60496330337509,17.36705780029297,0.0,15070
1990-12-13,17.28775978088379,17.446363936429837,17.28775978088379,0.0,9460
1990-12-14,16.57403564453125,16.81193973636745,16.57403564453125,0.0,49060
1990-12-17,16.494739532470703,16.653342310860243,16.494739532470703,0.0,6050
1990-12-18,16.81194496154785,17.12915317802054,16.81194496154785,0.0,1320
1990-12-19,16.81194496154785,17.12915317802054,16.81194496154785,0.0,3850
1990-12-20,16.653343200683594,16.89124738097962,16.653343200683594,0.0,5830
1990-12-21,16.494739532470703,16.653342310860243,16.494739532470703,0.0,25410
1990-12-24,16.17753791809082,16.33614207923268,16.17753791809082,0.0,9240
1990-12-26,16.098230361938477,16.256834462576492,16.098230361938477,0.0,27720
1990-12-27,15.860326766967773,16.177532317329003,15.860326766967775,0.0,770
1990-12-28,16.018932342529297,16.256839228761674,16.018932342529297,0.0,9900
1990-12-31,16.098230361938477,16.336135847369764,16.098230361938477,0.0,14520
1991-01-02,16.256832122802734,16.49473624294206,16.256832122802734,0.0,5940
1991-01-03,16.336139678955078,16.653345292527643,16.336139678955078,0.0,3520
1991-01-04,16.494739532470703,16.81194508924978,16.494739532470703,0.0,2640
1991-01-07,16.098230361938477,16.336135847369764,16.098230361938477,0.0,13860
1991-01-08,15.9396333694458,16.098237540812015,15.939633369445803,0.0,5610
1991-01-09,15.543123245239258,15.860331553433348,15.543123245239256,0.0,13640
1991-01-10,16.098230361938477,16.336135847369764,16.098230361938477,0.0,880
1991-01-11,16.57403564453125,16.81193973636745,16.57403564453125,0.0,2860
1991-01-14,16.17753791809082,16.415442163225634,16.17753791809082,0.0,3300
1991-01-15,16.098230361938477,16.256834462576492,16.098230361938477,0.0,1100
1991-01-16,15.860326766967773,16.098230929738698,15.860326766967775,0.0,3190
1991-01-17,17.60496711730957,17.842871340879615,17.60496711730957,0.0,32890
1991-01-18,17.208457946777344,17.52566356345394,17.208457946777344,0.0,2860
1991-01-21,16.494739532470703,16.73264503110656,16.494739532470703,0.0,5830
1991-01-22,16.415437698364258,16.653343209842753,16.415437698364258,0.0,220
1991-01-23,16.653343200683594,16.811945987547613,16.653343200683594,0.0,13420
1991-01-24,16.97055435180664,17.129158509407944,16.97055435180664,0.0,5280
1991-01-25,16.653343200683594,16.811945987547613,16.653343200683594,0.0,3080
1991-01-28,16.653343200683594,16.89124738097962,16.653343200683594,0.0,4730
1991-01-29,16.653343200683594,16.811945987547613,16.653343200683594,0.0,7150
1991-01-30,16.732648849487305,16.811948925726757,16.732648849487305,0.0,14410
1991-01-31,16.732648849487305,16.811948925726757,16.732648849487305,0.0,1320
1991-02-01,16.57403564453125,16.732639703473176,16.57403564453125,0.0,1100
1991-02-04,16.732648849487305,16.811948925726757,16.732648849487305,0.0,28270
1991-02-05,16.81194496154785,16.970549069784198,16.81194496154785,0.0,35530
1991-02-06,16.97055435180664,17.129158509407944,16.97055435180664,0.0,20900
1991-02-07,16.81194496154785,16.970549069784198,16.81194496154785,0.0,7370
1991-02-08,17.12915802001953,17.287759510985605,17.12915802001953,0.0,32340
1991-02-11,17.36705780029297,17.60496330337509,17.36705780029297,0.0,16390
1991-02-12,17.049848556518555,17.2084526470631,17.049848556518555,0.0,15290
1991-02-13,17.12915802001953,17.287759510985605,17.12915802001953,0.0,40590
1991-02-14,17.049848556518555,17.2084526470631,17.049848556518555,0.0,32890
1991-02-15,17.763565063476562,18.00147190175939,17.763565063476562,0.0,8360
1991-02-19,17.60496711730957,17.76356860197107,17.60496711730957,0.0,13970
1991-02-20,17.446359634399414,17.604963750835886,17.446359634399414,0.0,52470
1991-02-21,17.446359634399414,17.604963750835886,17.446359634399414,0.0,43340
1991-02-22,17.12915802001953,17.367062253046516,17.12915802001953,0.0,49390
1991-02-25,17.28775978088379,17.446363936429837,17.28775978088379,0.0,24420
1991-02-26,17.28775978088379,17.446363936429837,17.28775978088379,0.0,23760
1991-02-27,17.525659561157227,17.684262333275754,17.525659561157227,0.0,22220
1991-02-28,17.525659561157227,17.684262333275754,17.525659561157227,0.0,16940
1991-03-01,17.36705780029297,17.52566058164667,17.36705780029297,0.0,12430
1991-03-04,17.36705780029297,17.52566058164667,17.36705780029297,0.0,5500
1991-03-05,17.36705780029297,17.52566058164667,17.36705780029297,0.0,17930
1991-03-06,17.92217254638672,18.0014752843999,17.92217254638672,0.0,21230
1991-03-07,17.842866897583008,18.00147100485205,17.842866897583008,0.0,25960
1991-03-08,18.08077049255371,18.239373252101036,18.08077049255371,0.0,6710
1991-03-11,17.68425941467285,17.84286349166692,17.68425941467285,0.0,3960
1991-03-12,17.92217254638672,18.0014752843999,17.92217254638672,0.0,8690
1991-03-13,17.842866897583008,18.00147100485205,17.842866897583008,0.0,26950
1991-03-14,18.001474380493164,18.160075855400137,18.001474380493164,0.0,18480
1991-03-15,17.842866897583008,18.080772392960807,17.842866897583008,0.0,27280
1991-03-18,17.68425941467285,18.001467568660996,17.68425941467285,0.0,1980
1991-03-19,17.28775978088379,17.446363936429837,17.28775978088379,0.0,41910
1991-03-20,17.36705780029297,17.60496330337509,17.36705780029297,0.0,3630
1991-03-21,17.525659561157227,17.763563719335018,17.525659561157227,0.0,14520
1991-03-22,16.97055435180664,17.208459922682618,16.97055435180664,0.0,5830
1991-03-25,16.89124870300293,17.049852833332,16.89124870300293,0.0,8910
1991-03-26,16.89124870300293,16.970551433693327,16.89124870300293,0.0,11660
1991-03-27,16.653343200683594,16.970550105463253,16.653343200683594,0.0,4180
1991-03-28,16.336139678955078,16.5740438891345,16.336139678955078,0.0,2750
1991-04-01,16.494739532470703,16.653342310860243,16.494739532470703,0.0,60170
1991-04-02,16.97055435180664,17.208459922682618,16.97055435180664,0.0,12430
1991-04-03,17.208457946777344,17.36706075511564,17.208457946777344,0.0,28710
1991-04-04,17.446359634399414,17.763565205169144,17.446359634399414,0.0,28380
1991-04-05,17.12915802001953,17.44636366405551,17.12915802001953,0.0,34980
1991-04-08,17.12915802001953,17.287759510985605,17.12915802001953,0.0,27610
1991-04-09,17.049848556518555,17.28775269575829,17.049848556518555,0.0,49720
1991-04-10,16.81194496154785,17.0498504583766,16.81194496154785,0.0,124190
1991-04-11,16.97055435180664,17.208459922682618,16.97055435180664,0.0,2640
1991-04-12,17.049848556518555,17.2084526470631,17.049848556518555,0.0,1980
1991-04-15,17.208457946777344,17.44636215928479,17.208457946777344,0.0,1760
1991-04-16,17.12915802001953,17.367062253046516,17.12915802001953,0.0,770
1991-04-17,17.208457946777344,17.44636215928479,17.208457946777344,0.0,1760
1991-04-18,16.89124870300293,17.1291555640224,16.89124870300293,0.0,2090
1991-04-19,16.81194496154785,17.0498504583766,16.81194496154785,0.0,2090
1991-04-22,16.336139678955078,16.5740438891345,16.336139678955078,0.0,7040
1991-04-23,16.81194496154785,17.0498504583766,16.81194496154785,0.0,1870
1991-04-24,16.732648849487305,16.970553071361216,16.732648849487305,0.0,3190
1991-04-25,16.415437698364258,16.653343209842753,16.415437698364258,0.0,0
1991-04-26,16.57403564453125,16.81193973636745,16.57403564453125,0.0,660
1991-04-29,16.653343200683594,16.89124738097962,16.653343200683594,0.0,1320
1991-04-30,16.97055435180664,17.208459922682618,16.97055435180664,0.0,7480
1991-05-01,17.12915802001953,17.208459431028526,17.12915802001953,0.0,5170
1991-05-02,17.208457946777344,17.287758019894692,17.208457946777344,0.0,7040
1991-05-03,17.049848556518555,17.28775269575829,17.049848556518555,0.0,6270
1991-05-06,17.049848556518555,17.28775269575829,17.049848556518555,0.0,3520
1991-05-07,17.049848556518555,17.28775269575829,17.049848556518555,0.0,35860
1991-05-08,16.81194496154785,16.891246350140253,16.81194496154785,0.0,8690
1991-05-09,16.732648849487305,16.89125033301806,16.732648849487305,0.0,12540
1991-05-10,16.494739532470703,16.653342310860243,16.494739532470703,0.0,7040
1991-05-13,16.415437698364258,16.494740422891503,16.415437698364258,0.0,13310
1991-05-14,16.415437698364258,16.574041816367128,16.415437698364258,0.0,3190
1991-05-15,16.494739532470703,16.73264503110656,16.494739532470703,0.0,1430
1991-05-16,16.57403564453125,16.732639703473176,16.57403564453125,0.0,25630
1991-05-17,16.415437698364258,16.574041816367128,16.415437698364258,0.0,12870
1991-05-20,16.336139678955078,16.49474248574136,16.336139678955078,0.0,5170
1991-05-21,16.57403564453125,16.653337008476647,16.57403564453125,0.0,15180
1991-05-22,16.494739532470703,16.57404092166547,16.494739532470703,0.0,8800
1991-05-23,16.415437698364258,16.494740422891503,16.415437698364258,0.0,14740
1991-05-24,16.494739532470703,16.653342310860243,16.494739532470703,0.0,23100
1991-05-28,16.494739532470703,16.653342310860243,16.494739532470703,0.0,55000
1991-05-29,16.494739532470703,16.653342310860243,16.494739532470703,0.0,8360
1991-05-30,16.494739532470703,16.653342310860243,16.494739532470703,0.0,13860
1991-05-31,16.494739532470703,16.653342310860243,16.494739532470703,0.0,1320
1991-06-03,16.494739532470703,16.653342310860243,16.494739532470703,0.0,2420
1991-06-04,16.494739532470703,16.653342310860243,16.494739532470703,0.0,3740
1991-06-05,16.336139678955078,16.49474248574136,16.336139678955078,0.0,7590
1991-06-06,16.336139678955078,16.49474248574136,16.336139678955078,0.0,17270
1991-06-07,16.256832122802734,16.415433538511003,16.256832122802734,0.0,8800
1991-06-10,15.9396333694458,16.018934789602874,15.939633369445803,0.0,13860
1991-06-11,16.018932342529297,16.177536489666927,16.018932342529297,0.0,40700
1991-06-12,16.018932342529297,16.177536489666927,16.018932342529297,0.0,4070
1991-06-13,16.494739532470703,16.653342310860243,16.494739532470703,0.0,16170
1991-06-14,16.57403564453125,16.653337008476647,16.57403564453125,0.0,18700
1991-06-17,16.336139678955078,16.49474248574136,16.336139678955078,0.0,16060
1991-06-18,16.256832122802734,16.415433538511003,16.256832122802734,0.0,12980
1991-06-19,16.256832122802734,16.415433538511003,16.256832122802734,0.0,3960
1991-06-20,16.57403564453125,16.653337008476647,16.57403564453125,0.0,3190
1991-06-21,15.067315101623535,15.305220693399603,15.067315101623535,0.0,9680
1991-06-24,14.670797348022461,14.829401418785384,14.670797348022461,0.0,2970
1991-06-25,16.748502731323242,16.922966301441193,16.748502731323242,0.0,21300
1991-06-26,16.486814498901367,16.661278144392387,16.486814498901367,0.0,9500
1991-06-27,16.661272048950195,16.835735630614597,16.661272048950195,0.0,8100
1991-06-28,16.57403564453125,16.661267411081415,16.57403564453125,0.0,4900
1991-07-01,16.748502731323242,17.010198086500168,16.748502731323242,0.0,6700
1991-07-02,16.83574104309082,16.922972861966937,16.83574104309082,0.0,5900
1991-07-03,16.225112915039062,16.486808284636467,16.225112915039062,0.0,13000
1991-07-05,16.39957618713379,16.57403976359266,16.39957618713379,0.0,7900
1991-07-08,16.39957618713379,16.486807975363224,16.39957618713379,0.0,7200
1991-07-09,16.748502731323242,16.922966301441193,16.748502731323242,0.0,21600
1991-07-10,16.83574104309082,17.010204680843056,16.83574104309082,0.0,7600
1991-07-11,16.83574104309082,17.010204680843056,16.83574104309082,0.0,5200
1991-07-12,17.097431182861328,17.271894766359914,17.097431182861328,0.0,16800
1991-07-15,17.097431182861328,17.18466297461062,17.097431182861328,0.0,10600
1991-07-16,17.010204315185547,17.0974361321865,17.010204315185547,0.0,8000
1991-07-17,16.83574104309082,16.922972861966937,16.83574104309082,0.0,29200
1991-07-18,16.661272048950195,16.835735630614597,16.661272048950195,0.0,8700
1991-07-19,16.748502731323242,16.835734516382217,16.748502731323242,0.0,14000
1991-07-22,16.486814498901367,16.661278144392387,16.486814498901367,0.0,29700
1991-07-23,16.57403564453125,16.74849917763158,16.57403564453125,0.0,7200
1991-07-24,16.661272048950195,16.835735630614597,16.661272048950195,0.0,13500
1991-07-25,16.39957618713379,16.57403976359266,16.39957618713379,0.0,1900
1991-07-26,16.57403564453125,16.74849917763158,16.57403564453125,0.0,2900
1991-07-29,16.486814498901367,16.661278144392387,16.486814498901367,0.0,5800
1991-07-30,16.661272048950195,16.748503839782394,16.661272048950195,0.0,15500
1991-07-31,16.661272048950195,16.748503839782394,16.661272048950195,0.0,8700
1991-08-01,16.486814498901367,16.748509967137895,16.486814498901367,0.0,8200
1991-08-02,16.661272048950195,16.835735630614597,16.661272048950195,0.0,15200
1991-08-05,16.661272048950195,16.835735630614597,16.661272048950195,0.0,3000
1991-08-06,16.748502731323242,17.010198086500168,16.748502731323242,0.0,33800
1991-08-07,16.661272048950195,16.748503839782394,16.661272048950195,0.0,74900
1991-08-08,16.661272048950195,16.835735630614597,16.661272048950195,0.0,20500
1991-08-09,16.486814498901367,16.661278144392387,16.486814498901367,0.0,50300
1991-08-12,16.39957618713379,16.486807975363224,16.39957618713379,0.0,23300
1991-08-13,16.312347412109375,16.486811020795038,16.312347412109375,0.0,35700
1991-08-14,16.225112915039062,16.399576494770663,16.225112915039062,0.0,30900
1991-08-15,15.963428497314453,16.137892196738655,15.963428497314453,0.0,35600
1991-08-16,15.614495277404785,15.788958911789196,15.614495277404785,0.0,17900
1991-08-19,15.003870010375977,15.17833361514779,15.003870010375977,0.0,83000
1991-08-20,15.440034866333008,15.61449853713903,15.440034866333008,0.0,10500
1991-08-21,16.312347412109375,16.486811020795038,16.312347412109375,0.0,20500
1991-08-22,15.876187324523926,16.13788271998311,15.876187324523926,0.0,36900
1991-08-23,15.788955688476562,15.963419287244259,15.788955688476562,0.0,32900
1991-08-26,15.701725006103516,15.876188617282443,15.701725006103516,0.0,800
1991-08-27,15.527259826660156,15.701723420218135,15.527259826660156,0.0,5200
1991-08-28,15.614495277404785,15.788958911789196,15.614495277404785,0.0,16300
1991-08-29,15.701725006103516,15.788956811692978,15.701725006103516,0.0,11700
1991-08-30,15.614495277404785,15.788958911789196,15.614495277404785,0.0,3500
1991-09-03,15.614495277404785,15.788958911789196,15.614495277404785,0.0,10500
1991-09-04,15.963428497314453,16.137892196738655,15.963428497314453,0.0,18300
1991-09-05,15.788955688476562,15.963419287244259,15.788955688476562,0.0,21300
1991-09-06,15.788955688476562,16.050651086628108,15.788955688476562,0.0,6200
1991-09-09,15.876187324523926,16.050650921496718,15.876187324523926,0.0,3300
1991-09-10,15.614495277404785,15.788958911789196,15.614495277404785,0.0,3700
1991-09-11,15.701725006103516,15.876188617282443,15.701725006103516,0.0,3900
1991-09-12,15.876187324523926,15.963419123010322,15.876187324523926,0.0,22600
1991-09-13,15.963428497314453,16.050660347026554,15.963428497314453,0.0,4100
1991-09-16,15.963428497314453,16.137892196738655,15.963428497314453,0.0,6500
1991-09-17,15.963428497314453,15.963428497314453,15.963428497314453,15.963428497314453,0
1991-09-18,16.05065155029297,16.312346956004266,16.05065155029297,0.0,3400
1991-09-19,16.137882232666016,16.312345824370514,16.137882232666016,0.0,14900
1991-09-20,16.137882232666016,16.312345824370514,16.137882232666016,0.0,6000
1991-09-23,16.225112915039062,16.399576494770663,16.225112915039062,0.0,1700
1991-09-24,16.57403564453125,16.74849917763158,16.57403564453125,0.0,4300
1991-09-25,16.748502731323242,16.835734516382217,16.748502731323242,0.0,11900
1991-09-26,16.748502731323242,16.922966301441193,16.748502731323242,0.0,2300
1991-09-27,16.486814498901367,16.661278144392387,16.486814498901367,0.0,7800
1991-09-30,16.57403564453125,16.74849917763158,16.57403564453125,0.0,6900
1991-10-01,16.661272048950195,16.835735630614597,16.661272048950195,0.0,2400
1991-10-02,16.83574104309082,16.922972861966937,16.83574104309082,0.0,8100
1991-10-03,17.010204315185547,17.0974361321865,17.010204315185547,0.0,21400
1991-10-04,16.748502731323242,16.922966301441193,16.748502731323242,0.0,3500
1991-10-07,16.748502731323242,17.010198086500168,16.748502731323242,0.0,25100
1991-10-08,16.661272048950195,16.748503839782394,16.661272048950195,0.0,29400
1991-10-09,16.748502731323242,16.835734516382217,16.748502731323242,0.0,67000
1991-10-10,16.748502731323242,16.922966301441193,16.748502731323242,0.0,2000
1991-10-11,17.010204315185547,17.0974361321865,17.010204315185547,0.0,4600
1991-10-14,16.83574104309082,17.010204680843056,16.83574104309082,0.0,4800
1991-10-15,16.661272048950195,16.835735630614597,16.661272048950195,0.0,1700
1991-10-16,16.922964096069336,17.097427643451496,16.922964096069336,0.0,52000
1991-10-17,16.922964096069336,17.010195869760416,16.922964096069336,0.0,33600
1991-10-18,17.097431182861328,17.18466297461062,17.097431182861328,0.0,23500
1991-10-21,16.83574104309082,17.010204680843056,16.83574104309082,0.0,35500
1991-10-22,16.83574104309082,16.922972861966937,16.83574104309082,0.0,38100
1991-10-23,16.748502731323242,16.835734516382217,16.748502731323242,0.0,7800
1991-10-24,16.748502731323242,16.835734516382217,16.748502731323242,0.0,16400
1991-10-25,16.661272048950195,16.835735630614597,16.661272048950195,0.0,7600
1991-10-28,16.57403564453125,16.74849917763158,16.57403564453125,0.0,28300
1991-10-29,16.748502731323242,16.835734516382217,16.748502731323242,0.0,10300
1991-10-30,16.748502731323242,16.835734516382217,16.748502731323242,0.0,4900
1991-10-31,16.748502731323242,16.922966301441193,16.748502731323242,0.0,23400
1991-11-01,17.184673309326172,17.271905153535947,17.184673309326172,0.0,10700
1991-11-04,17.271894454956055,17.3591262451326,17.271894454956055,0.0,3700
1991-11-05,16.661272048950195,16.835735630614597,16.661272048950195,0.0,60000
1991-11-06,16.748502731323242,16.922966301441193,16.748502731323242,0.0,4500
1991-11-07,16.661272048950195,16.748503839782394,16.661272048950195,0.0,28400
1991-11-08,16.57403564453125,16.74849917763158,16.57403564453125,0.0,9700
1991-11-11,16.661272048950195,16.835735630614597,16.661272048950195,0.0,2400
1991-11-12,16.748502731323242,17.010198086500168,16.748502731323242,0.0,5900
1991-11-13,16.748502731323242,16.922966301441193,16.748502731323242,0.0,10100
1991-11-14,16.661272048950195,16.835735630614597,16.661272048950195,0.0,17400
1991-11-15,15.876187324523926,16.050650921496718,15.876187324523926,0.0,49400
1991-11-18,16.137882232666016,16.312345824370514,16.137882232666016,0.0,13900
1991-11-19,15.788955688476562,15.963419287244259,15.788955688476562,0.0,6900
1991-11-20,15.876187324523926,16.050650921496718,15.876187324523926,0.0,2500
1991-11-21,15.876187324523926,16.050650921496718,15.876187324523926,0.0,1200
1991-11-22,15.701725006103516,15.963420422871907,15.701725006103516,0.0,9300
1991-11-25,15.788955688476562,15.963419287244259,15.788955688476562,0.0,3200
1991-11-26,15.614495277404785,15.788958911789196,15.614495277404785,0.0,4600
1991-11-27,15.614495277404785,15.701727094596992,15.614495277404785,0.0,6900
1991-11-29,15.527259826660156,15.701723420218135,15.527259826660156,0.0,5500
1991-12-02,15.527259826660156,15.614491623439145,15.527259826660156,0.0,11000
1991-12-03,15.701725006103516,15.876188617282443,15.701725006103516,0.0,7500
1991-12-04,15.614495277404785,15.788958911789196,15.614495277404785,0.0,29700
1991-12-05,15.701725006103516,15.788956811692978,15.701725006103516,0.0,57000
1991-12-06,15.701725006103516,15.876188617282443,15.701725006103516,0.0,10500
1991-12-09,15.701725006103516,15.876188617282443,15.701725006103516,0.0,10200
1991-12-10,15.614495277404785,15.788958911789196,15.614495277404785,0.0,4200
1991-12-11,15.614495277404785,15.788958911789196,15.614495277404785,0.0,10000
1991-12-12,15.876187324523926,16.050650921496718,15.876187324523926,0.0,8900
1991-12-13,16.137882232666016,16.225114028518263,16.137882232666016,0.0,31900
1991-12-16,16.05065155029297,16.2251151541005,16.05065155029297,0.0,6400
1991-12-17,15.963428497314453,16.137892196738655,15.963428497314453,0.0,6500
1991-12-18,15.788955688476562,15.963419287244259,15.788955688476562,0.0,10400
1991-12-19,15.614495277404785,15.701727094596992,15.614495277404785,0.0,2800
1991-12-20,15.527259826660156,15.788955216997124,15.527259826660156,0.0,20200
1991-12-23,15.701725006103516,15.876188617282443,15.701725006103516,0.0,5400
1991-12-24,15.876187324523926,15.963419123010322,15.876187324523926,0.0,95100
1991-12-26,16.312347412109375,16.486811020795038,16.312347412109375,0.0,50500
1991-12-27,16.312347412109375,16.399579216452207,16.312347412109375,0.0,4100
1991-12-30,16.57403564453125,16.74849917763158,16.57403564453125,0.0,29600
1991-12-31,16.661272048950195,16.922967421446796,16.661272048950195,0.0,46700
1992-01-02,16.83574104309082,17.010204680843056,16.83574104309082,0.0,13700
1992-01-03,17.184673309326172,17.359136997745725,17.184673309326172,0.0,36300
1992-01-06,17.271894454956055,17.446358035309146,17.271894454956055,0.0,34700
1992-01-07,16.83574104309082,17.010204680843056,16.83574104309082,0.0,15200
1992-01-08,16.312347412109375,16.486811020795038,16.312347412109375,0.0,12500
1992-01-09,16.137882232666016,16.312345824370514,16.137882232666016,0.0,7600
1992-01-10,15.614495277404785,15.788958911789196,15.614495277404785,0.0,17200
1992-01-13,15.265567779541016,15.4400314113072,15.265567779541016,0.0,6300
1992-01-14,15.788955688476562,15.876187487860411,15.788955688476562,0.0,31800
1992-01-15,15.701725006103516,15.876188617282443,15.701725006103516,0.0,16900
1992-01-16,15.352795600891113,15.527259187264876,15.352795600891115,0.0,8600
1992-01-17,15.701725006103516,15.876188617282443,15.701725006103516,0.0,30200
1992-01-20,15.701725006103516,15.963420422871907,15.701725006103516,0.0,4700
1992-01-21,16.05065155029297,16.312346956004266,16.05065155029297,0.0,4000
1992-01-22,16.57403564453125,16.661267411081415,16.57403564453125,0.0,5800
1992-01-23,16.312347412109375,16.486811020795038,16.312347412109375,0.0,6600
1992-01-24,16.225112915039062,16.399576494770663,16.225112915039062,0.0,13000
1992-01-27,15.788955688476562,15.963419287244259,15.788955688476562,0.0,11800
1992-01-28,15.876187324523926,16.050650921496718,15.876187324523926,0.0,5900
1992-01-29,15.876187324523926,16.050650921496718,15.876187324523926,0.0,4100
1992-01-30,15.876187324523926,16.050650921496718,15.876187324523926,0.0,4100
1992-01-31,16.137882232666016,16.225114028518263,16.137882232666016,0.0,2200
1992-02-03,16.05065155029297,16.2251151541005,16.05065155029297,0.0,21800
1992-02-04,16.05065155029297,16.137883352196734,16.05065155029297,0.0,2800
1992-02-05,16.05065155029297,16.2251151541005,16.05065155029297,0.0,11300
1992-02-06,16.137882232666016,16.225114028518263,16.137882232666016,0.0,8000
1992-02-07,16.137882232666016,16.225114028518263,16.137882232666016,0.0,6100
1992-02-10,15.963428497314453,16.137892196738655,15.963428497314453,0.0,9500
1992-02-11,15.876187324523926,16.050650921496718,15.876187324523926,0.0,38300
1992-02-12,15.788955688476562,15.963419287244259,15.788955688476562,0.0,2400
1992-02-13,15.701725006103516,15.876188617282443,15.701725006103516,0.0,3200
1992-02-14,15.352795600891113,15.440027394077996,15.352795600891115,0.0,42400
1992-02-18,15.352795600891113,15.527259187264876,15.352795600891115,0.0,7300
1992-02-19,15.614495277404785,15.788958911789196,15.614495277404785,0.0,84800
1992-02-20,15.614495277404785,15.788958911789196,15.614495277404785,0.0,17900
1992-02-21,15.614495277404785,15.788958911789196,15.614495277404785,0.0,3400
1992-02-24,15.527259826660156,15.701723420218135,15.527259826660156,0.0,6300
1992-02-25,15.527259826660156,15.701723420218135,15.527259826660156,0.0,5400
1992-02-26,15.527259826660156,15.701723420218135,15.527259826660156,0.0,7500
1992-02-27,15.527259826660156,15.701723420218135,15.527259826660156,0.0,6000
1992-02-28,15.614495277404785,15.788958911789196,15.614495277404785,0.0,5300
1992-03-02,15.614495277404785,15.701727094596992,15.614495277404785,0.0,11900
1992-03-03,14.74217414855957,14.916637747950807,14.74217414855957,0.0,11900
1992-03-04,14.567717552185059,14.65494939381491,14.567717552185059,0.0,9800
1992-03-05,14.30601692199707,14.567712353497017,14.30601692199707,0.0,7500
1992-03-06,14.218785285949707,14.393248909090193,14.218785285949705,0.0,2400
1992-03-09,13.869861602783203,14.044325270742739,13.869861602783201,0.0,14500
1992-03-10,14.04432487487793,14.218788537919892,14.04432487487793,0.0,8800
1992-03-11,13.782625198364258,13.957088808470136,13.782625198364258,0.0,11000
1992-03-12,13.520931243896484,13.608163058373236,13.520931243896486,0.0,9400
1992-03-13,13.259235382080078,13.520930817252712,13.259235382080078,0.0,18500
1992-03-16,13.172000885009766,13.346464472890691,13.172000885009766,0.0,26400
1992-03-17,13.433694839477539,13.608158408821403,13.433694839477539,0.0,9100
1992-03-18,13.695395469665527,13.78262728794365,13.695395469665527,0.0,42400
1992-03-19,14.39324951171875,14.567713142163827,14.39324951171875,0.0,17300
1992-03-20,14.30601692199707,14.480480542997034,14.30601692199707,0.0,26000
1992-03-23,14.218785285949707,14.393248909090193,14.218785285949705,0.0,22300
1992-03-24,14.30601692199707,14.480480542997034,14.30601692199707,0.0,47000
1992-03-25,14.48048210144043,14.65494574121682,14.480482101440428,0.0,30900
1992-03-26,14.218785285949707,14.393248909090193,14.218785285949705,0.0,11000
1992-03-27,14.131550788879395,14.393246173858643,14.131550788879395,0.0,16900
1992-03-30,14.30601692199707,14.480480542997034,14.30601692199707,0.0,49500
1992-03-31,14.39324951171875,14.480481326941288,14.39324951171875,0.0,29100
1992-04-01,13.957091331481934,14.131554973125459,13.957091331481934,0.0,7900
1992-04-02,14.04432487487793,14.13155670639891,14.04432487487793,0.0,26000
1992-04-03,14.218785285949707,14.30601709751995,14.218785285949705,0.0,14500
1992-04-06,14.39324951171875,14.567713142163827,14.39324951171875,0.0,111500
1992-04-07,14.131550788879395,14.30601437886556,14.131550788879395,0.0,9900
1992-04-08,14.04432487487793,14.218788537919892,14.04432487487793,0.0,12300
1992-04-09,14.39324951171875,14.567713142163827,14.39324951171875,0.0,33200
1992-04-10,14.654945373535156,14.829409008934384,14.654945373535156,0.0,15200
1992-04-13,14.567717552185059,14.65494939381491,14.567717552185059,0.0,15900
1992-04-14,14.74217414855957,14.916637747950807,14.74217414855957,0.0,10400
1992-04-15,15.003870010375977,15.091101812761885,15.003870010375977,0.0,30300
1992-04-16,15.091102600097656,15.265566213971617,15.091102600097656,0.0,27400
1992-04-20,14.654945373535156,14.829409008934384,14.654945373535156,0.0,21500
1992-04-21,14.74217414855957,14.916637747950807,14.74217414855957,0.0,36900
1992-04-22,14.654945373535156,14.916640826633998,14.654945373535156,0.0,27600
1992-04-23,14.74217414855957,15.003869547646426,14.74217414855957,0.0,27500
1992-04-24,14.916641235351562,15.091104875531112,14.916641235351562,0.0,17200
1992-04-27,15.17833137512207,15.35279495414646,15.17833137512207,0.0,12800
1992-04-28,15.440034866333008,15.527266701736018,15.440034866333008,0.0,130100
1992-04-29,15.440034866333008,15.527266701736018,15.440034866333008,0.0,88900
1992-04-30,15.527259826660156,15.614491623439145,15.527259826660156,0.0,31000
1992-05-01,15.440034866333008,15.527266701736018,15.440034866333008,0.0,57100
1992-05-04,15.527259826660156,15.614491623439145,15.527259826660156,0.0,34800
1992-05-05,15.527259826660156,15.701723420218135,15.527259826660156,0.0,63000
1992-05-06,15.701725006103516,15.788956811692978,15.701725006103516,0.0,93500
1992-05-07,15.876187324523926,15.963419123010322,15.876187324523926,0.0,97500
1992-05-08,15.614495277404785,15.701727094596992,15.614495277404785,0.0,59000
1992-05-11,15.614495277404785,15.788958911789196,15.614495277404785,0.0,27200
1992-05-12,15.788955688476562,15.876187487860411,15.788955688476562,0.0,58000
1992-05-13,15.788955688476562,15.963419287244259,15.788955688476562,0.0,51300
1992-05-14,15.701725006103516,15.876188617282443,15.701725006103516,0.0,40700
1992-05-15,15.614495277404785,15.788958911789196,15.614495277404785,0.0,23000
1992-05-18,15.788955688476562,15.876187487860411,15.788955688476562,0.0,20600
1992-05-19,15.963428497314453,16.050660347026554,15.963428497314453,0.0,19700
1992-05-20,15.963428497314453,16.050660347026554,15.963428497314453,0.0,39500
1992-05-21,15.963428497314453,16.050660347026554,15.963428497314453,0.0,55200
1992-05-22,15.963428497314453,16.050660347026554,15.963428497314453,0.0,16200
1992-05-26,15.963428497314453,16.137892196738655,15.963428497314453,0.0,8400
1992-05-27,15.963428497314453,16.137892196738655,15.963428497314453,0.0,17700
1992-05-28,15.963428497314453,16.137892196738655,15.963428497314453,0.0,19500
1992-05-29,16.312347412109375,16.486811020795038,16.312347412109375,0.0,21100
1992-06-01,16.39957618713379,16.486807975363224,16.39957618713379,0.0,30400
1992-06-02,16.312347412109375,16.486811020795038,16.312347412109375,0.0,20400
1992-06-03,16.312347412109375,16.486811020795038,16.312347412109375,0.0,24200
1992-06-04,16.312347412109375,16.486811020795038,16.312347412109375,0.0,10100
1992-06-05,16.57403564453125,16.661267411081415,16.57403564453125,0.0,14200
1992-06-08,16.486814498901367,16.661278144392387,16.486814498901367,0.0,58200
1992-06-09,16.312347412109375,16.486811020795038,16.312347412109375,0.0,29000
1992-06-10,16.312347412109375,16.486811020795038,16.312347412109375,0.0,12300
1992-06-11,16.486814498901367,16.574046321646875,16.486814498901367,0.0,17100
1992-06-12,16.39957618713379,16.486807975363224,16.39957618713379,0.0,19400
1992-06-15,16.05065155029297,16.2251151541005,16.05065155029297,16.2251151541005,8500
1992-06-16,16.312347412109375,16.312347412109375,16.137883803423712,16.225115607766543,17900
1992-06-17,16.137882232666016,16.137882232666016,15.963418640961518,16.137882232666016,13200
1992-06-18,15.963428497314453,16.137892196738655,15.876196647602352,15.876196647602352,15500
1992-06-19,15.963428497314453,15.963428497314453,15.788964797890252,15.876196647602352,16200
1992-06-22,15.701725006103516,15.788956811692978,15.701725006103516,15.788956811692978,51400
1992-06-23,16.05691146850586,16.05691146850586,15.88142609726536,15.88142609726536,13500
1992-06-24,16.05691146850586,16.05691146850586,15.88142609726536,16.05691146850586,16800
1992-06-25,16.14464569091797,16.232388330542523,15.969160411668861,16.056903051293414,12400
1992-06-26,16.14464569091797,16.14464569091797,16.056903051293414,16.14464569091797,7700
1992-06-29,16.23239517211914,16.23239517211914,16.05690981890704,16.144652495513093,9500
1992-06-30,16.14464569091797,16.232388330542523,16.056903051293414,16.232388330542523,10900
1992-07-01,16.14464569091797,16.14464569091797,15.969160411668861,16.14464569091797,3500
1992-07-02,16.495615005493164,16.495615005493164,16.320129739477277,16.320129739477277,12700
1992-07-06,16.23239517211914,16.49562320193729,16.23239517211914,16.49562320193729,16300
1992-07-07,16.14464569091797,16.320130970167078,16.14464569091797,16.232388330542523,32900
1992-07-08,16.05691146850586,16.23239683974636,16.05691146850586,16.144654154126112,14100
1992-07-09,16.40787696838379,16.40787696838379,16.14464899562897,16.14464899562897,16500
1992-07-10,16.495615005493164,16.495615005493164,16.320129739477277,16.40787237248522,6600
1992-07-13,16.846588134765625,16.846588134765625,16.758845488230385,16.758845488230385,12900
1992-07-14,16.671100616455078,16.846585886101973,16.671100616455078,16.846585886101973,122800
1992-07-15,16.846588134765625,16.846588134765625,16.67110284169515,16.67110284169515,32900
1992-07-16,16.758848190307617,16.846590850989855,16.67110552962538,16.846590850989855,9800
1992-07-17,16.758848190307617,16.758848190307617,16.58336286894314,16.758848190307617,7000
1992-07-20,16.14464569091797,16.14464569091797,16.056903051293414,16.14464569091797,29000
1992-07-21,16.14464569091797,16.14464569091797,16.056903051293414,16.14464569091797,5400
1992-07-22,15.5304536819458,15.5304536819458,15.354968329607429,15.5304536819458,60700
1992-07-23,15.5304536819458,15.705939034284171,15.5304536819458,15.5304536819458,11000
1992-07-24,15.5304536819458,15.5304536819458,15.442711005776614,15.5304536819458,19600
1992-07-27,15.442706108093262,15.44270610809326,15.267220811410382,15.44270610809326,85500
1992-07-28,15.5304536819458,15.5304536819458,15.354968329607429,15.442711005776614,74500
1992-07-29,15.354971885681152,15.354971885681152,15.091743796212333,15.354971885681152,87700
1992-07-30,15.354971885681152,15.354971885681152,15.179486492701939,15.354971885681152,31900
1992-07-31,15.618195533752441,15.618195533752441,15.442710190676571,15.442710190676571,75700
1992-08-03,15.618195533752441,15.618195533752441,15.442710190676571,15.618195533752441,25600
1992-08-04,15.881423950195312,15.881423950195312,15.705938602679343,15.705938602679343,22900
1992-08-05,15.793680191040039,15.969165526496038,15.793680191040039,15.881422858768039,21200
1992-08-06,15.793680191040039,15.881422858768039,15.705937523312038,15.793680191040039,40800
1992-08-07,15.618195533752441,15.705938205290376,15.442710190676571,15.705938205290376,43200
1992-08-10,15.267218589782715,15.354961225356178,15.17947595420925,15.354961225356178,43900
1992-08-11,15.179481506347656,15.354966841681154,15.179481506347656,15.267224174014405,11000
1992-08-12,15.267218589782715,15.354961225356178,15.17947595420925,15.17947595420925,21500
1992-08-13,15.354971885681152,15.354971885681152,15.179486492701939,15.267229189191546,6600
1992-08-14,15.5304536819458,15.5304536819458,15.354968329607429,15.354968329607429,45400
1992-08-17,15.5304536819458,15.5304536819458,15.354968329607429,15.5304536819458,9000
1992-08-18,15.354971885681152,15.354971885681152,15.091743796212333,15.354971885681152,35000
1992-08-19,15.179481506347656,15.354966841681154,15.179481506347656,15.354966841681154,16700
1992-08-20,15.442706108093262,15.44270610809326,15.267220811410382,15.267220811410382,7100
1992-08-21,15.793680191040039,15.969165526496038,15.705937523312038,15.705937523312038,56800
1992-08-24,15.793680191040039,16.05690819422404,15.793680191040039,15.793680191040039,28000
1992-08-25,15.881423950195312,16.056909297711282,15.881423950195312,15.881423950195312,25100
1992-08-26,16.05691146850586,16.05691146850586,15.88142609726536,15.88142609726536,16500
1992-08-27,16.23239517211914,16.32013784872519,16.144652495513093,16.144652495513093,67800
1992-08-28,16.40787696838379,16.58336228355367,16.40787696838379,16.40787696838379,17100
1992-08-31,16.40787696838379,16.58336228355367,16.40787696838379,16.40787696838379,9100
1992-09-01,16.23239517211914,16.32013784872519,16.144652495513093,16.32013784872519,15200
1992-09-02,16.23239517211914,16.32013784872519,16.144652495513093,16.23239517211914,39400
1992-09-03,16.495615005493164,16.671100271509047,16.495615005493164,16.495615005493164,33500
1992-09-04,16.583364486694336,16.758849825177876,16.583364486694336,16.583364486694336,5200
1992-09-08,16.40787696838379,16.58336228355367,16.40787696838379,16.58336228355367,10700
1992-09-09,16.671100616455078,16.671100616455078,16.495615346808183,16.495615346808183,6400
1992-09-10,16.758848190307617,16.758848190307617,16.58336286894314,16.67110552962538,14900
1992-09-11,16.23239517211914,16.23239517211914,16.05690981890704,16.23239517211914,2300
1992-09-14,16.40787696838379,16.40787696838379,16.23239165321391,16.23239165321391,15400
1992-09-15,16.32013511657715,16.49562044041131,16.32013511657715,16.40787777849423,6500
1992-09-16,16.14464569091797,16.232388330542523,16.056903051293414,16.232388330542523,24800
1992-09-17,16.32013511657715,16.32013511657715,16.232392454660065,16.232392454660065,47400
1992-09-18,16.32013511657715,16.40787777849423,16.232392454660065,16.32013511657715,17200
1992-09-21,16.40787696838379,16.40787696838379,16.32013431079885,16.32013431079885,16300
1992-09-22,16.495615005493164,16.671100271509047,16.495615005493164,16.495615005493164,16100
1992-09-23,16.583364486694336,16.671107155936106,16.495621817452566,16.495621817452566,6300
1992-09-24,16.40787696838379,16.58336228355367,16.40787696838379,16.58336228355367,3100
1992-09-25,16.05691146850586,16.320139525366613,15.96916878288561,16.320139525366613,207200
1992-09-28,16.32013511657715,16.49562044041131,16.32013511657715,16.32013511657715,17700
1992-09-29,16.23239517211914,16.58336587854334,16.144652495513093,16.32013784872519,58600
1992-09-30,16.23239517211914,16.40788052533124,16.144652495513093,16.23239517211914,74500
1992-10-01,16.40787696838379,16.58336228355367,16.40787696838379,16.40787696838379,33900
1992-10-02,16.32013511657715,16.49562044041131,16.232392454660065,16.40787777849423,51400
1992-10-05,16.23239517211914,16.32013784872519,16.05690981890704,16.32013784872519,26600
1992-10-06,16.32013511657715,16.32013511657715,16.144649792742985,16.232392454660065,12900
1992-10-07,16.23239517211914,16.40788052533124,16.23239517211914,16.32013784872519,7800
1992-10-08,16.495615005493164,16.495615005493164,16.320129739477277,16.320129739477277,5100
1992-10-09,16.40787696838379,16.58336228355367,16.40787696838379,16.49561962596873,18500
1992-10-12,16.671100616455078,16.758843251278527,16.583357981631632,16.583357981631632,13900
1992-10-13,16.495615005493164,16.671100271509047,16.495615005493164,16.671100271509047,6100
1992-10-14,16.846588134765625,16.846588134765625,16.495617548624672,16.495617548624672,181500
1992-10-15,16.846588134765625,16.846588134765625,16.67110284169515,16.846588134765625,78700
1992-10-16,16.758848190307617,16.846590850989855,16.67110552962538,16.846590850989855,19500
1992-10-19,16.23239517211914,16.49562320193729,16.23239517211914,16.49562320193729,29600
1992-10-20,16.14464569091797,16.232388330542523,15.969160411668861,16.232388330542523,20600
1992-10-21,15.881423950195312,15.969166623953297,15.793681276437328,15.969166623953297,13800
1992-10-22,15.881423950195312,16.056909297711282,15.881423950195312,15.881423950195312,8000
1992-10-23,15.969164848327637,15.969164848327637,15.793679520324035,15.881422184325835,2900
1992-10-26,15.793680191040039,15.969165526496038,15.793680191040039,15.969165526496038,16500
1992-10-27,15.969164848327637,15.969164848327637,15.881422184325835,15.881422184325835,25500
1992-10-28,15.705938339233398,15.969166356092058,15.705938339233397,15.969166356092058,13000
1992-10-29,15.793680191040039,15.881422858768039,15.705937523312038,15.705937523312038,17300
1992-10-30,15.881423950195312,15.969166623953297,15.793681276437328,15.793681276437328,11400
1992-11-02,15.793680191040039,15.969165526496038,15.705937523312038,15.881422858768039,31100
1992-11-03,15.793680191040039,15.969165526496038,15.705937523312038,15.793680191040039,13400
1992-11-04,15.881423950195312,15.969166623953297,15.881423950195312,15.881423950195312,14500
1992-11-05,15.618195533752441,15.793680876828311,15.618195533752441,15.793680876828311,9700
1992-11-06,15.354971885681152,15.70594267163958,15.354971885681152,15.618199975149972,26700
1992-11-09,15.09173583984375,15.354963790538699,15.09173583984375,15.354963790538699,79200
1992-11-10,15.354971885681152,15.354971885681152,15.179486492701939,15.179486492701939,11000
1992-11-11,15.5304536819458,15.5304536819458,15.354968329607429,15.354968329607429,22400
1992-11-12,15.442706108093262,15.61819140477614,15.354963459751822,15.5304487564347,13900
1992-11-13,15.354971885681152,15.442714582170758,15.354971885681152,15.442714582170758,9700
1992-11-16,15.179481506347656,15.354966841681154,15.179481506347656,15.354966841681154,6100
1992-11-17,15.179481506347656,15.354966841681154,15.179481506347656,15.179481506347656,8100
1992-11-18,15.618195533752441,15.705938205290376,15.530452862214506,15.530452862214506,8200
1992-11-19,15.793680191040039,15.881422858768039,15.793680191040039,15.793680191040039,7400
1992-11-20,15.881423950195312,16.056909297711282,15.881423950195312,15.881423950195312,3100
1992-11-23,15.969164848327637,15.969164848327637,15.881422184325835,15.881422184325835,14200
1992-11-24,15.881423950195312,16.056909297711282,15.881423950195312,15.969166623953297,4700
1992-11-25,15.969164848327637,16.144650176331236,15.969164848327637,15.969164848327637,9100
1992-11-27,15.881423950195312,15.969166623953297,15.881423950195312,15.969166623953297,5500
1992-11-30,15.969164848327637,16.056907512329435,15.881422184325835,15.881422184325835,18700
1992-12-01,15.881423950195312,16.056909297711282,15.881423950195312,15.969166623953297,15300
1992-12-02,16.14464569091797,16.14464569091797,15.969160411668861,15.969160411668861,145800
1992-12-03,16.14464569091797,16.14464569091797,15.969160411668861,16.14464569091797,12400
1992-12-04,15.969164848327637,16.144650176331236,15.969164848327637,16.144650176331236,9900
1992-12-07,16.32013511657715,16.32013511657715,16.056907130825902,16.056907130825902,20200
1992-12-08,16.40787696838379,16.49561962596873,16.32013431079885,16.32013431079885,16800
1992-12-09,16.495615005493164,16.495615005493164,16.320129739477277,16.40787237248522,7600
1992-12-10,16.32013511657715,16.49562044041131,16.32013511657715,16.49562044041131,15100
1992-12-11,16.40787696838379,16.40787696838379,16.23239165321391,16.32013431079885,4900
1992-12-14,16.23239517211914,16.32013784872519,16.23239517211914,16.32013784872519,23900
1992-12-15,16.14464569091797,16.320130970167078,16.14464569091797,16.232388330542523,14600
1992-12-16,16.23239517211914,16.40788052533124,16.23239517211914,16.23239517211914,10900
1992-12-17,16.583364486694336,16.758849825177876,16.583364486694336,16.583364486694336,12900
1992-12-18,16.671100616455078,16.758843251278527,16.671100616455078,16.671100616455078,14400
1992-12-21,16.934335708618164,17.022078380683542,16.758850364487405,16.758850364487405,49100
1992-12-22,17.285306930541992,17.285306930541992,17.10982158099334,17.10982158099334,47000
1992-12-23,17.192907333374023,17.369244844485554,17.192907333374023,17.369244844485554,15900
1992-12-24,17.281070709228516,17.369239437336823,17.192901981120208,17.192901981120208,3000
1992-12-28,16.840227127075195,16.928395855489203,16.663889670247183,16.928395855489203,10000
1992-12-29,16.575716018676758,16.752053423130764,16.575716018676758,16.752053423130764,10300
1992-12-30,16.575716018676758,16.752053423130764,16.575716018676758,16.575716018676758,17500
1992-12-31,16.575716018676758,16.752053423130764,16.575716018676758,16.575716018676758,6500
1993-01-04,16.487550735473633,16.66388817649474,16.487550735473633,16.57571945598419,2300
1993-01-05,16.31121253967285,16.399381256103517,16.31121253967285,16.399381256103517,3900
1993-01-06,16.22304344177246,16.39938087048738,16.22304344177246,16.31121215612992,32500
1993-01-07,16.31121253967285,16.48754997253418,16.31121253967285,16.31121253967285,125700
1993-01-08,16.04671287536621,16.223050379491117,16.04671287536621,16.223050379491117,16400
1993-01-11,16.04671287536621,16.223050379491117,16.04671287536621,16.04671287536621,2600
1993-01-12,16.22304344177246,16.22304344177246,16.046706013057545,16.046706013057545,4200
1993-01-13,15.605871200561523,15.870377492096464,15.517702436716544,15.870377492096464,26000
1993-01-14,15.782204627990723,15.870373368929217,15.694035887052227,15.694035887052227,11800
1993-01-15,15.694032669067383,15.870370114787242,15.694032669067383,15.782201391927313,8500
1993-01-18,15.870370864868164,15.958539591895208,15.782202137841118,15.782202137841118,3900
1993-01-19,15.958541870117188,16.046710609731097,15.87037313050328,15.87037313050328,10700
1993-01-20,15.958541870117188,15.958541870117188,15.782204390889374,15.958541870117188,10100
1993-01-21,15.782204627990723,15.870373368929217,15.694035887052227,15.870373368929217,8500
1993-01-22,15.605871200561523,15.694039964406505,15.517702436716544,15.694039964406505,16300
1993-01-25,15.517695426940918,15.517695426940918,15.3413579789075,15.517695426940918,7000
1993-01-26,15.253190994262695,15.517697196475343,15.253190994262695,15.517697196475343,13600
1993-01-27,15.341361045837402,15.517698529122889,15.341361045837402,15.341361045837402,10700
1993-01-28,15.694032669067383,15.870370114787242,15.694032669067383,15.694032669067383,16700
1993-01-29,15.870370864868164,15.958539591895208,15.870370864868164,15.870370864868164,10700
1993-02-01,15.782204627990723,15.870373368929217,15.60586714611373,15.870373368929217,27700
1993-02-02,15.605871200561523,15.782208728251485,15.605871200561523,15.782208728251485,3800
1993-02-03,16.22304344177246,16.31121215612992,16.046706013057545,16.046706013057545,62800
1993-02-04,16.134876251220703,16.22304497390497,16.046707528536437,16.22304497390497,47000
1993-02-05,16.22304344177246,16.31121215612992,16.046706013057545,16.134874727415003,30400
1993-02-08,16.31121253967285,16.399381256103517,16.134875106811524,16.22304382324219,40900
1993-02-09,16.575716018676758,16.575716018676758,16.399378614222748,16.399378614222748,12300
1993-02-10,16.487550735473633,16.66388817649474,16.487550735473633,16.57571945598419,12300
1993-02-11,16.663888931274414,16.84022638028261,16.575720206770317,16.575720206770317,39800
1993-02-12,16.399385452270508,16.48755419126121,16.311216713279805,16.48755419126121,96800
1993-02-16,15.694032669067383,16.046707560507098,15.694032669067383,16.046707560507098,30100
1993-02-17,16.22304344177246,16.22304344177246,15.782199869985167,15.782199869985167,332100
1993-02-18,15.958541870117188,16.134879349345002,15.958541870117188,16.134879349345002,221500
1993-02-19,16.31121253967285,16.31121253967285,16.134875106811524,16.134875106811524,11100
1993-02-22,16.134876251220703,16.311213696589235,16.134876251220703,16.311213696589235,13800
1993-02-23,15.958541870117188,16.134879349345002,15.958541870117188,16.134879349345002,45500
1993-02-24,15.870370864868164,15.958539591895208,15.870370864868164,15.958539591895208,22800
1993-02-25,15.870370864868164,16.046708318922253,15.870370864868164,15.870370864868164,22100
1993-02-26,16.134876251220703,16.134876251220703,16.046707528536437,16.046707528536437,9200
1993-03-01,16.22304344177246,16.22304344177246,16.046706013057545,16.134874727415003,12300
1993-03-02,16.22304344177246,16.22304344177246,16.134874727415003,16.22304344177246,17100
1993-03-03,16.134876251220703,16.22304497390497,16.046707528536437,16.22304497390497,7600
1993-03-04,15.958541870117188,16.134879349345002,15.958541870117188,16.134879349345002,4200
1993-03-05,15.782204627990723,15.958542109867713,15.78220462799072,15.958542109867713,12400
1993-03-08,16.22304344177246,16.31121215612992,16.22304344177246,16.22304344177246,16800
1993-03-09,16.04671287536621,16.311219131553568,16.04671287536621,16.223050379491117,12500
1993-03-10,16.399385452270508,16.399385452270508,16.311216713279805,16.311216713279805,52500
1993-03-11,16.575716018676758,16.663884720903763,16.487547316449753,16.487547316449753,20600
1993-03-12,16.31121253967285,16.48754997253418,16.31121253967285,16.48754997253418,6000
1993-03-15,16.22304344177246,16.39938087048738,16.22304344177246,16.31121215612992,3300
1993-03-16,16.399385452270508,16.48755419126121,16.311216713279805,16.311216713279805,8300
1993-03-17,16.840227127075195,17.016564583903207,16.840227127075195,16.840227127075195,58400
1993-03-18,17.545574188232422,17.721911617259885,17.1928993301775,17.1928993301775,59000
1993-03-19,17.545574188232422,17.545574188232422,17.36923675920496,17.545574188232422,35900
1993-03-22,17.36924171447754,17.545579193812337,17.36924171447754,17.545579193812337,24500
1993-03-23,17.45741081237793,17.545579553854587,17.369242070901272,17.369242070901272,27300
1993-03-24,17.45741081237793,17.545579553854587,17.369242070901272,17.45741081237793,10800
1993-03-25,17.45741081237793,17.63374829533124,17.45741081237793,17.45741081237793,6000
1993-03-26,17.63374900817871,17.8100864982605,17.54558026313782,17.54558026313782,19300
1993-03-29,18.250932693481445,18.427270207428126,18.250932693481445,18.250932693481445,20600
1993-03-30,18.339096069335938,18.427264800438515,18.25092733823336,18.25092733823336,26200
1993-03-31,18.60360336303711,18.60360336303711,18.339097154083976,18.339097154083976,104500
1993-04-01,18.956281661987305,19.044450413903526,18.868112910071083,18.868112910071083,8300
1993-04-02,18.956281661987305,18.956281661987305,18.691775406238644,18.956281661987305,83700
1993-04-05,19.132617950439453,19.30895544307023,19.132617950439453,19.132617950439453,11500
1993-04-06,19.220787048339844,19.30895579626801,19.220787048339844,19.220787048339844,25000
1993-04-07,20.807819366455078,20.98415681871317,20.543313188067938,20.543313188067938,114500
1993-04-08,21.336835861206055,21.42500460443418,21.160498374749807,21.160498374749807,35100
1993-04-12,21.072324752807617,21.248662198437806,21.072324752807617,21.248662198437806,67900
1993-04-13,21.601341247558594,21.689509987344547,21.513172507772637,21.513172507772637,37800
1993-04-14,21.160499572753906,21.42500581741333,21.160499572753906,21.248668320973714,64200
1993-04-15,21.160499572753906,21.33683706919352,21.160499572753906,21.160499572753906,30100
1993-04-16,21.072324752807617,21.16049347562271,21.072324752807617,21.072324752807617,36100
1993-04-19,21.248668670654297,21.425006169995825,20.895993671971237,21.248668670654297,34000
1993-04-20,20.89598846435547,21.24866337514628,20.89598846435547,21.072325919750874,125400
1993-04-21,20.807819366455078,20.895988092584126,20.807819366455078,20.807819366455078,27900
1993-04-22,20.719648361206055,20.895985794067386,20.719648361206055,20.719648361206055,27000
1993-04-23,20.719648361206055,20.895985794067386,20.719648361206055,20.719648361206055,9700
1993-04-26,20.89598846435547,20.89598846435547,20.719651008960064,20.719651008960064,31600
1993-04-27,21.248668670654297,21.425006169995825,21.248668670654297,21.33683742032506,46900
1993-04-28,21.601341247558594,21.7776787271305,21.601341247558594,21.601341247558594,19000
1993-04-29,21.601341247558594,21.7776787271305,21.601341247558594,21.601341247558594,11900
1993-04-30,22.30668830871582,22.30668830871582,22.130350851729926,22.130350851729926,32300
1993-05-03,22.30668830871582,22.30668830871582,22.21851958022287,22.21851958022287,13600
1993-05-04,22.30668830871582,22.39485703720877,22.21851958022287,22.21851958022287,40500
1993-05-05,22.30668830871582,22.39485703720877,22.30668830871582,22.30668830871582,9600
1993-05-06,22.130352020263672,22.306689486560593,22.130352020263672,22.130352020263672,8200
1993-05-07,22.130352020263672,22.306689486560593,22.130352020263672,22.218520753412133,19100
1993-05-10,21.95401382446289,22.130351284900343,21.95401382446289,21.95401382446289,7500
1993-05-11,21.689510345458984,21.865847827942392,21.689510345458984,21.865847827942392,44400
1993-05-12,21.248668670654297,21.425006169995825,21.248668670654297,21.425006169995825,13300
1993-05-13,21.689510345458984,21.77767908670069,21.24866663925047,21.689510345458984,13000
1993-05-14,21.425003051757812,21.601340525434832,21.425003051757812,21.601340525434832,4300
1993-05-17,21.513172149658203,21.601340887976473,21.425003411339933,21.425003411339933,18100
1993-05-18,21.072324752807617,21.16049347562271,20.984156029992523,21.16049347562271,9100
1993-05-19,21.160499572753906,21.33683706919352,21.160499572753906,21.248668320973714,21300
1993-05-20,21.513172149658203,21.601340887976473,21.513172149658203,21.513172149658203,12700
1993-05-21,21.689510345458984,21.865847827942392,21.689510345458984,21.689510345458984,8000
1993-05-24,21.777673721313477,21.777673721313477,21.777673721313477,21.777673721313477,6200
1993-05-25,21.95401382446289,22.130351284900343,21.865845094244165,21.865845094244165,20600
1993-05-26,22.4830265045166,22.4830265045166,22.21852031034582,22.21852031034582,12100
1993-05-27,21.865842819213867,21.954011540259085,21.865842819213867,21.865842819213867,9100
1993-05-28,21.513172149658203,21.777678364613017,21.513172149658203,21.601340887976473,5200
1993-06-01,21.425003051757812,21.601340525434832,21.425003051757812,21.425003051757812,3700
1993-06-02,21.425003051757812,21.601340525434832,21.425003051757812,21.425003051757812,76300
1993-06-03,22.30668830871582,22.39485703720877,22.130350851729926,22.130350851729926,53500
1993-06-04,22.218517303466797,22.218517303466797,22.130348584008598,22.130348584008598,22300
1993-06-07,22.130352020263672,22.218520753412133,22.130352020263672,22.130352020263672,4100
1993-06-08,21.865842819213867,21.865842819213867,21.77767409816865,21.865842819213867,5800
1993-06-09,21.865842819213867,21.865842819213867,21.77767409816865,21.77767409816865,1800
1993-06-10,21.865842819213867,21.954011540259085,21.865842819213867,21.865842819213867,5200
1993-06-11,21.95401382446289,22.042182554681617,21.95401382446289,21.95401382446289,7900
1993-06-14,22.04218292236328,22.04218292236328,21.865845458984374,21.865845458984374,15000
1993-06-15,20.984153747558594,21.160491174008666,20.807816321108522,21.160491174008666,118100
1993-06-16,20.89598846435547,21.072325919750874,20.89598846435547,20.98415719205317,24100
1993-06-17,20.984153747558594,20.984153747558594,20.807816321108522,20.984153747558594,107200
1993-06-18,20.190649032592773,20.278817805660864,20.01431148645659,20.190649032592773,50700
1993-06-21,19.132617950439453,19.30895544307023,19.132617950439453,19.30895544307023,18800
1993-06-22,19.57345962524414,19.661628362294792,19.485290888193493,19.661628362294792,29800
1993-06-23,19.767770767211914,19.767770767211914,19.59048134329073,19.59048134329073,10400
1993-06-24,19.94506072998047,19.94506072998047,19.76777130126953,19.76777130126953,800
1993-06-25,20.29964256286621,20.388287290214972,20.21099783551745,20.21099783551745,7900
1993-06-28,20.742862701416016,20.83150741381523,20.742862701416016,20.742862701416016,4100
1993-06-29,20.122346878051758,20.21099157795507,20.122346878051758,20.21099157795507,23600
1993-06-30,20.38828468322754,20.47692939924157,20.299639967213505,20.299639967213505,7200
1993-07-01,20.831499099731445,20.831499099731445,20.65420974569118,20.742854422711314,14400
1993-07-02,20.122346878051758,20.388280977761692,20.122346878051758,20.299636277858383,15300
1993-07-06,20.29964256286621,20.388287290214972,20.21099783551745,20.21099783551745,16200
1993-07-07,20.122346878051758,20.299636277858383,20.033702178148445,20.033702178148445,3700
1993-07-08,20.033706665039062,20.033706665039062,20.033706665039062,20.033706665039062,5800
1993-07-09,20.122346878051758,20.122346878051758,20.033702178148445,20.122346878051758,3500
1993-07-12,20.29964256286621,20.476932017563733,20.29964256286621,20.29964256286621,4200
1993-07-13,20.742862701416016,20.83150741381523,20.742862701416016,20.742862701416016,40400
1993-07-14,20.831499099731445,20.831499099731445,20.742854422711314,20.742854422711314,2000
1993-07-15,20.92014503479004,20.92014503479004,20.92014503479004,20.92014503479004,8400
1993-07-16,21.186086654663086,21.274731368699335,21.186086654663086,21.274731368699335,11800
1993-07-19,21.008792877197266,21.186082268566018,21.008792877197266,21.097437572881642,13800
1993-07-20,20.92014503479004,21.09743439949165,20.92014503479004,20.92014503479004,1800
1993-07-21,21.097427368164062,21.097427368164062,21.008782715356652,21.008782715356652,3100
1993-07-22,21.45201873779297,21.45201873779297,21.18608462120876,21.3633740322649,5100
1993-07-23,21.363374710083008,21.363374710083008,21.274730001742412,21.274730001742412,4900
1993-07-26,21.274728775024414,21.36337347825368,21.274728775024414,21.274728775024414,4500
1993-07-27,21.45201873779297,21.62930814884911,21.45201873779297,21.45201873779297,3600
1993-07-28,21.71795654296875,21.983890704719386,21.71795654296875,21.71795654296875,3600
1993-07-29,21.895238876342773,22.072528259956886,21.895238876342773,21.895238876342773,3300
1993-07-30,22.161174774169922,22.161174774169922,21.983885375976563,21.983885375976563,3600
1993-08-02,22.161174774169922,22.161174774169922,21.983885375976563,21.983885375976563,19500
1993-08-03,22.161174774169922,22.161174774169922,21.983885375976563,22.161174774169922,4300
1993-08-04,22.51575469970703,22.51575469970703,22.338465292622722,22.338465292622722,5100
1993-08-05,22.427108764648438,22.604398161997437,22.427108764648438,22.427108764648438,7800
1993-08-06,22.427108764648438,22.427108764648438,22.427108764648438,22.427108764648438,1800
1993-08-09,22.33846092224121,22.51575029463995,22.33846092224121,22.33846092224121,4800
1993-08-10,22.427108764648438,22.427108764648438,22.338464065973938,22.338464065973938,7600
1993-08-11,22.69304656982422,22.69304656982422,22.42711243033409,22.42711243033409,20700
1993-08-12,22.161174774169922,22.2498194732666,22.072530075073242,22.2498194732666,1400
1993-08-13,22.249820709228516,22.33846541324935,22.249820709228516,22.33846541324935,11600
1993-08-16,22.958982467651367,23.13627190755601,22.958982467651367,22.958982467651367,13300
1993-08-17,22.870328903198242,22.870328903198242,22.69303953185562,22.69303953185562,9200
1993-08-18,22.69304656982422,22.87033599615097,22.69304656982422,22.69304656982422,34000
1993-08-19,21.71795654296875,22.870337910554845,21.71795654296875,22.693048469387755,69900
1993-08-20,21.9838809967041,22.072525678142426,21.9838809967041,21.9838809967041,54700
1993-08-23,22.33846092224121,22.42710560844058,22.33846092224121,22.33846092224121,42000
1993-08-24,22.161174774169922,22.2498194732666,22.161174774169922,22.161174774169922,15000
1993-08-25,22.249820709228516,22.249820709228516,22.161176005207686,22.161176005207686,13500
1993-08-26,22.249820709228516,22.33846541324935,22.161176005207686,22.161176005207686,10000
1993-08-27,22.33846092224121,22.51575029463995,22.33846092224121,22.42710560844058,109500
1993-08-30,22.427108764648438,22.604398161997437,22.427108764648438,22.427108764648438,20200
1993-08-31,22.69304656982422,22.781691282987595,22.69304656982422,22.781691282987595,22600
1993-09-01,22.51575469970703,22.693044106791337,22.51575469970703,22.604399403249182,22100
1993-09-02,22.51575469970703,22.51575469970703,22.427109996164877,22.427109996164877,8300
1993-09-03,22.781696319580078,22.87034105234109,22.693051586819067,22.693051586819067,11900
1993-09-07,23.047626495361328,23.047626495361328,22.870337060781626,23.047626495361328,85300
1993-09-08,22.69304656982422,22.87033599615097,22.69304656982422,22.781691282987595,74300
1993-09-09,22.781696319580078,22.958985785102104,22.781696319580078,22.87034105234109,17100
1993-09-10,22.870328903198242,22.958973588869554,22.69303953185562,22.69303953185562,21800
1993-09-13,22.781696319580078,22.781696319580078,22.781696319580078,22.781696319580078,2000
1993-09-14,22.870328903198242,22.870328903198242,22.69303953185562,22.69303953185562,16400
1993-09-15,22.69304656982422,22.87033599615097,22.69304656982422,22.69304656982422,7300
1993-09-16,22.51575469970703,22.51575469970703,22.51575469970703,22.51575469970703,5400
1993-09-17,22.60439682006836,22.781686206892424,22.60439682006836,22.69304151348039,2100
1993-09-20,22.51575469970703,22.693044106791337,22.51575469970703,22.604399403249182,4200
1993-09-21,21.9838809967041,22.161170359580748,21.89523631526578,22.072525678142426,14700
1993-09-22,21.806596755981445,21.806596755981445,21.806596755981445,21.806596755981445,6300
1993-09-23,21.806596755981445,21.98388616050162,21.806596755981445,21.806596755981445,4800
1993-09-24,22.51575469970703,22.51575469970703,22.338465292622722,22.338465292622722,20200
1993-09-27,22.161174774169922,22.2498194732666,22.161174774169922,22.161174774169922,1900
1993-09-28,22.51575469970703,22.604399403249182,22.427109996164877,22.51575469970703,39100
1993-09-29,22.60439682006836,22.60439682006836,22.515752126656327,22.515752126656327,3700
1993-09-30,22.958982467651367,23.13627190755601,22.958982467651367,23.04762718760369,23200
1993-10-01,22.69304656982422,22.69304656982422,22.604401856660843,22.69304656982422,3000
1993-10-04,22.781696319580078,22.87034105234109,22.781696319580078,22.781696319580078,5600
1993-10-05,23.31355857849121,23.402203287915132,23.31355857849121,23.31355857849121,6200
1993-10-06,23.57948875427246,23.57948875427246,23.57948875427246,23.57948875427246,18500
1993-10-07,23.66813850402832,23.756783217526554,23.66813850402832,23.66813850402832,23600
1993-10-08,23.66813850402832,23.756783217526554,23.66813850402832,23.756783217526554,7600
1993-10-11,23.57948875427246,23.75677814340233,23.57948875427246,23.668133448837395,8400
1993-10-12,23.57948875427246,23.75677814340233,23.57948875427246,23.57948875427246,3300
1993-10-13,23.490848541259766,23.66813796421267,23.490848541259766,23.66813796421267,2600
1993-10-14,23.31355857849121,23.490847997339053,23.31355857849121,23.490847997339053,3900
1993-10-15,23.66813850402832,23.66813850402832,23.490849077031854,23.490849077031854,10200
1993-10-18,23.57948875427246,23.57948875427246,23.490844059707527,23.57948875427246,2600
1993-10-19,23.57948875427246,23.75677814340233,23.57948875427246,23.57948875427246,25100
1993-10-20,23.66813850402832,23.756783217526554,23.66813850402832,23.66813850402832,3700
1993-10-21,23.66813850402832,23.845427931024787,23.66813850402832,23.756783217526554,11700
1993-10-22,24.20000648498535,24.20000648498535,24.11136177258614,24.11136177258614,3800
1993-10-25,24.4659423828125,24.4659423828125,24.37729766403419,24.37729766403419,4200
1993-10-26,24.20000648498535,24.37729590978378,24.20000648498535,24.20000648498535,1700
1993-10-27,24.022714614868164,24.111359318244062,24.022714614868164,24.111359318244062,4300
1993-10-28,24.022714614868164,24.022714614868164,23.84542520811637,23.84542520811637,35400
1993-10-29,24.377296447753906,24.377296447753906,24.377296447753906,24.377296447753906,600
1993-11-01,24.731876373291016,24.731876373291016,24.643231655107176,24.643231655107176,7400
1993-11-02,24.64322853088379,24.64322853088379,24.465939116992537,24.554583823938163,7300
1993-11-03,24.554582595825195,24.731872000849204,24.554582595825195,24.554582595825195,5100
1993-11-04,24.20000648498535,24.37729590978378,24.20000648498535,24.37729590978378,55700
1993-11-05,23.9340763092041,24.02272103627523,23.9340763092041,23.9340763092041,23600
1993-11-08,24.022714614868164,24.111359318244062,24.022714614868164,24.022714614868164,5700
1993-11-09,23.57948875427246,23.668133448837395,23.57948875427246,23.57948875427246,10700
1993-11-10,23.845426559448242,23.934071267847678,23.756781851048807,23.756781851048807,14300
1993-11-11,23.66813850402832,23.756783217526554,23.579493790530087,23.66813850402832,10100
1993-11-12,24.11136245727539,24.11136245727539,23.845428312526032,23.845428312526032,15500
1993-11-15,23.66813850402832,23.845427931024787,23.66813850402832,23.756783217526554,6000
1993-11-16,24.022714614868164,24.022714614868164,23.84542520811637,23.84542520811637,23500
1993-11-17,23.57948875427246,23.75677814340233,23.57948875427246,23.57948875427246,11500
1993-11-18,23.845426559448242,23.934071267847678,23.845426559448242,23.845426559448242,8800
1993-11-19,23.57948875427246,23.668133448837395,23.490844059707527,23.57948875427246,32800
1993-11-22,23.047626495361328,23.22491592994103,23.047626495361328,23.22491592994103,60300
1993-11-23,23.22491455078125,23.22491455078125,23.047625126729482,23.047625126729482,18000
1993-11-24,22.870328903198242,22.870328903198242,22.60439484618431,22.781684217526934,14800
1993-11-26,21.540660858154297,21.717950247933345,21.540660858154297,21.540660858154297,11300
1993-11-29,19.85641860961914,20.033708061490742,19.85641860961914,19.85641860961914,14300
1993-11-30,21.186086654663086,21.36337608273558,21.186086654663086,21.186086654663086,13600
1993-12-01,22.51575469970703,22.604399403249182,22.427109996164877,22.604399403249182,61800
1993-12-02,22.60439682006836,22.69304151348039,22.60439682006836,22.60439682006836,15000
1993-12-03,22.60439682006836,22.69304151348039,22.515752126656327,22.69304151348039,7700
1993-12-06,22.161174774169922,22.2498194732666,22.161174774169922,22.161174774169922,7200
1993-12-07,23.047626495361328,23.047626495361328,22.781692343491777,22.781692343491777,65900
1993-12-08,22.427108764648438,22.427108764648438,22.249819367299438,22.338464065973938,26900
1993-12-09,23.047626495361328,23.13627121265118,22.95898177807148,22.95898177807148,4400
1993-12-10,22.958982467651367,23.13627190755601,22.958982467651367,23.13627190755601,1700
1993-12-13,23.136266708374023,23.313556108438192,23.136266708374023,23.136266708374023,5700
1993-12-14,22.781696319580078,22.958985785102104,22.781696319580078,22.87034105234109,11200
1993-12-15,22.870328903198242,22.870328903198242,22.69303953185562,22.781684217526934,16400
1993-12-16,22.781696319580078,22.781696319580078,22.693051586819067,22.781696319580078,9500
1993-12-17,23.136266708374023,23.136266708374023,23.04762200834194,23.04762200834194,7800
1993-12-20,22.427108764648438,22.515753463322937,22.427108764648438,22.427108764648438,6000
1993-12-21,22.33846092224121,22.51575029463995,22.33846092224121,22.33846092224121,5700
1993-12-22,22.33846092224121,22.51575029463995,22.33846092224121,22.33846092224121,6700
1993-12-23,22.613386154174805,22.613386154174805,22.435327995480517,22.613386154174805,3300
1993-12-27,21.812124252319336,21.90115333090023,21.72309517373844,21.90115333090023,1000
1993-12-28,22.257266998291016,22.435325134277345,22.257266998291016,22.257266998291016,3500
1993-12-29,22.702415466308594,22.702415466308594,22.61338638604856,22.61338638604856,8700
1993-12-30,22.791439056396484,22.791439056396484,22.613380938768387,22.613380938768387,4700
1993-12-31,22.791439056396484,22.791439056396484,22.613380938768387,22.613380938768387,12200
1994-01-03,22.791439056396484,22.791439056396484,22.613380938768387,22.613380938768387,2500
1994-01-04,22.613386154174805,22.791444312869096,22.613386154174805,22.70241523352195,54600
1994-01-05,22.880475997924805,23.05853417689698,22.791446908438715,22.791446908438715,18600
1994-01-06,22.969501495361328,23.05853057092474,22.969501495361328,22.969501495361328,9300
1994-01-07,23.503686904907227,23.503686904907227,23.325628670779142,23.325628670779142,15700
1994-01-10,23.503686904907227,23.503686904907227,23.414657787843183,23.503686904907227,14400
1994-01-11,23.236589431762695,23.325618510045313,23.236589431762695,23.236589431762695,8400
1994-01-12,23.147554397583008,23.325612508333645,23.147554397583008,23.325612508333645,4700
1994-01-13,23.058536529541016,23.23659472668033,23.058536529541016,23.147565628110673,11600
1994-01-14,23.770767211914062,23.770767211914062,23.592709030551408,23.592709030551408,81600
1994-01-17,23.770767211914062,23.859796302595388,23.770767211914062,23.770767211914062,8200
1994-01-18,23.681734085083008,23.681734085083008,23.503675934067346,23.592705009575177,11100
1994-01-19,24.126874923706055,24.126874923706055,23.859787747428864,23.948816806187928,12400
1994-01-20,23.948823928833008,24.126882099307604,23.948823928833008,23.948823928833008,16400
1994-01-21,23.592710494995117,23.592710494995117,23.41465230258006,23.503681398787588,32300
1994-01-24,22.969501495361328,23.14755964648816,22.969501495361328,22.969501495361328,10400
1994-01-25,23.503686904907227,23.503686904907227,23.2365995537151,23.2365995537151,42800
1994-01-26,23.681734085083008,23.77076316059084,23.592705009575177,23.592705009575177,7400
1994-01-27,23.592710494995117,23.681739591202646,23.503681398787588,23.592710494995117,54200
1994-01-28,24.661054611206055,24.661054611206055,24.21590922111208,24.21590922111208,81600
1994-01-31,25.729412078857422,25.90747029393602,25.64038297131812,25.64038297131812,44300
1994-02-01,25.818435668945312,25.818435668945312,25.640377491918102,25.729406580431707,14200
1994-02-02,26.17455291748047,26.17455291748047,25.907465642812298,25.907465642812298,35800
1994-02-03,25.99650001525879,25.99650001525879,25.818441795976195,25.99650001525879,7200
1994-02-04,25.284255981445312,25.818430403588522,25.28425598144531,25.640372262874116,63500
1994-02-07,25.195236206054688,25.284265309256295,25.106207102853084,25.195236206054688,44400
1994-02-08,25.017179489135742,25.195237706140265,25.017179489135742,25.106208597638002,39300
1994-02-09,25.017179489135742,25.017179489135742,24.839121272131216,25.017179489135742,56000
1994-02-10,24.928142547607422,25.10620070866176,24.928142547607422,25.01717162813459,42500
1994-02-11,25.106199264526367,25.106199264526367,24.928141113714123,24.928141113714123,62800
1994-02-14,25.729412078857422,26.263586724093216,25.64038297131812,25.64038297131812,29900
1994-02-15,26.17455291748047,26.35261110059258,26.17455291748047,26.17455291748047,74600
1994-02-16,26.17455291748047,26.17455291748047,25.996494734368355,26.08552382592441,91400
1994-02-17,26.08551597595215,26.08551597595215,25.907457846423465,25.996486911187805,25000
1994-02-18,25.818435668945312,26.085522934486125,25.640377491918102,25.729406580431707,15000
1994-02-22,25.640371322631836,25.81842945681678,25.640371322631836,25.640371322631836,4500
1994-02-23,25.640371322631836,25.81842945681678,25.640371322631836,25.640371322631836,10700
1994-02-24,25.99650001525879,26.174558234541383,25.90747090561749,26.085529124900084,9400
1994-02-25,26.886781692504883,27.064839849408887,26.886781692504883,26.886781692504883,17400
1994-02-28,27.68804359436035,27.688043594360348,27.509985436197262,27.509985436197262,52800
1994-03-01,27.68804359436035,27.955130831604983,27.688043594360348,27.777072673441893,22800
1994-03-02,27.50998306274414,27.509983062744144,27.420953991343676,27.420953991343676,18300
1994-03-03,27.420957565307617,27.509986648311866,27.331928482303372,27.420957565307617,9500
1994-03-04,27.50998306274414,27.59901213414461,27.509983062744144,27.509983062744144,11900
1994-03-07,28.044158935546875,28.044158935546875,27.86610078357515,27.86610078357515,8900
1994-03-08,28.133188247680664,28.133188247680668,27.866101017481167,28.133188247680668,7500
1994-03-09,27.68804359436035,27.777072673441893,27.599014515278807,27.688043594360348,7800
1994-03-10,28.044158935546875,28.2222170875186,27.955129859561012,28.133188011532738,6100
1994-03-11,27.866107940673828,28.044166138377815,27.866107940673828,27.866107940673828,4000
1994-03-14,28.31125259399414,28.31125259399414,28.133194401579082,28.133194401579082,21900
1994-03-15,28.133188247680664,28.222217324413833,28.0441591709475,28.0441591709475,4500
1994-03-16,28.133188247680664,28.311246401147,28.133188247680668,28.311246401147,5600
1994-03-17,28.4002742767334,28.4002742767334,28.13318705782995,28.13318705782995,2000
1994-03-18,27.68804359436035,27.777072673441893,27.599014515278807,27.688043594360348,36100
1994-03-21,27.50998306274414,27.688041205545076,27.509983062744144,27.59901213414461,27600
1994-03-22,27.420957565307617,27.59901573131611,27.331928482303372,27.509986648311866,6100
1994-03-23,27.33193588256836,27.331935882568356,27.153877668349672,27.242906775459016,7900
1994-03-24,27.153865814208984,27.153865814208984,27.064836745965675,27.153865814208984,8500
1994-03-25,26.97582244873047,27.15388068271549,26.97582244873047,26.97582244873047,7600
1994-03-28,27.24290657043457,27.242906570434574,27.064848357555913,27.242906570434574,3600
1994-03-29,27.420957565307617,27.509986648311866,27.331928482303372,27.420957565307617,15700
1994-03-30,27.33193588256836,27.509994096787043,27.331935882568356,27.331935882568356,8600
1994-03-31,27.064828872680664,27.242886957369354,27.064828872680664,27.242886957369354,36300
1994-04-04,26.97582244873047,27.06485156572298,26.97582244873047,27.06485156572298,9200
1994-04-05,27.68804359436035,27.688043594360348,27.064840040789537,27.688043594360348,24400
1994-04-06,27.24290657043457,27.242906570434574,27.064848357555913,27.242906570434574,7300
1994-04-07,27.287410736083984,27.331925272358184,27.15386712726139,27.331925272358184,9500
1994-04-08,27.064828872680664,27.242886957369354,27.064828872680664,27.064828872680664,10700
1994-04-11,27.420957565307617,27.509986648311866,27.331928482303372,27.331928482303372,12600
1994-04-12,27.420957565307617,27.420957565307617,27.242899399299127,27.242899399299127,9100
1994-04-13,27.24290657043457,27.42096478331323,27.242906570434574,27.242906570434574,11500
1994-04-14,27.420957565307617,27.509986648311866,27.331928482303372,27.509986648311866,2100
1994-04-15,27.777076721191406,27.95513490530161,27.777076721191406,27.777076721191406,16500
1994-04-18,27.777076721191406,27.95513490530161,27.688047629136307,27.777076721191406,3300
1994-04-19,27.866107940673828,28.044166138377815,27.777078841821833,27.777078841821833,8600
1994-04-20,27.68804359436035,27.688043594360348,27.599014515278807,27.599014515278807,9500
1994-04-21,27.68804359436035,27.866101752523438,27.688043594360348,27.688043594360348,25800
1994-04-22,27.68804359436035,27.777072673441893,27.688043594360348,27.688043594360348,14300
1994-04-25,27.68804359436035,27.777072673441893,27.688043594360348,27.777072673441893,32800
1994-04-26,27.59901237487793,27.59901237487793,27.509983302700903,27.509983302700903,23700
1994-04-28,27.777076721191406,27.777076721191406,27.509989445026104,27.509989445026104,9300
1994-04-29,27.68804359436035,27.777072673441893,27.688043594360348,27.688043594360348,10100
1994-05-02,27.50998306274414,27.59901213414461,27.509983062744144,27.509983062744144,3100
1994-05-03,27.59901237487793,27.688041447054953,27.59901237487793,27.688041447054953,11000
1994-05-04,27.50998306274414,27.509983062744144,27.420953991343676,27.420953991343676,10500
1994-05-05,27.24290657043457,27.42096478331323,27.242906570434574,27.3319356768739,50000
1994-05-06,27.24290657043457,27.3319356768739,27.242906570434574,27.3319356768739,4000
1994-05-09,27.24290657043457,27.3319356768739,27.242906570434574,27.3319356768739,11900
1994-05-10,27.24290657043457,27.242906570434574,27.153877463995244,27.242906570434574,13600
1994-05-11,27.33193588256836,27.4209649896777,27.331935882568356,27.331935882568356,8400
1994-05-12,27.33193588256836,27.4209649896777,27.331935882568356,27.4209649896777,8100
1994-05-13,27.064828872680664,27.15385791502501,27.064828872680664,27.064828872680664,3300
1994-05-16,26.97582244873047,27.242909799708,26.97582244873047,26.97582244873047,6000
1994-05-17,27.24290657043457,27.242906570434574,26.975819251116587,26.975819251116587,9700
1994-05-18,27.409832000732422,27.420960637354725,27.242902451397875,27.3319315443763,27400
1994-05-19,27.59901237487793,27.77707051923198,27.59901237487793,27.59901237487793,17400
1994-05-20,27.68804359436035,27.688043594360348,27.509985436197262,27.509985436197262,12600
1994-05-23,27.59901237487793,27.77707051923198,27.59901237487793,27.77707051923198,2300
1994-05-24,28.4002742767334,28.489303349701217,28.311245203765584,28.311245203765584,12000
1994-05-25,28.57833480834961,28.667363888749453,28.489305727949766,28.489305727949766,5700
1994-05-26,28.4002742767334,28.4002742767334,28.311245203765584,28.311245203765584,5900
1994-05-27,28.84542465209961,28.84542465209961,28.489308298369984,28.489308298369984,45400
1994-05-31,29.023487091064453,29.023487091064453,28.84542888805179,28.934457989558123,93600
1994-06-01,29.557647705078125,29.64667676443077,29.379589586372834,29.379589586372834,76500
1994-06-02,29.379596710205078,29.780227574435145,29.201538548325047,29.780227574435145,50700
1994-06-03,28.934446334838867,28.93444633483887,28.75638820354755,28.93444633483887,14300
1994-06-06,28.66736602783203,28.845424201917943,28.66736602783203,28.66736602783203,13800
1994-06-07,29.379596710205078,29.46862579114509,29.023480386445016,29.201538548325047,61500
1994-06-08,29.468629837036133,29.468629837036133,29.29057165070963,29.29057165070963,38000
1994-06-09,29.290573120117188,29.557660413005795,29.290573120117188,29.379602217746722,44500
1994-06-10,29.201541900634766,29.201541900634766,29.023483718313823,29.023483718313823,11200
1994-06-13,29.73571014404297,29.73571014404297,29.55765199946786,29.55765199946786,3800
1994-06-14,29.646677017211914,29.82473513743541,29.646677017211914,29.646677017211914,9700
1994-06-15,29.91377830505371,30.09183650925046,29.91377830505371,29.91377830505371,79900
1994-06-16,30.0028018951416,30.0028018951416,29.82474372365708,29.82474372365708,32700
1994-06-17,30.35892677307129,30.447955883842756,30.358926773071286,30.447955883842756,48400
1994-06-20,30.180862426757812,30.35892061216641,30.180862426757812,30.269891519462114,88100
1994-06-21,30.180862426757812,30.35892061216641,30.180862426757812,30.269891519462114,21600
1994-06-22,30.814661026000977,30.814661026000973,30.636025309908216,30.636025309908216,9200
1994-06-23,30.9932918548584,31.171927542782655,30.993291854858402,30.993291854858402,41000
1994-06-24,31.52920150756836,31.707837210160815,30.993294399790994,30.993294399790994,12400
1994-06-27,31.350566864013672,31.529202572640532,31.261249009700244,31.350566864013675,62000
1994-06-28,31.350566864013672,31.529202572640532,31.350566864013675,31.350566864013675,5500
1994-06-29,31.439889907836914,31.618525645949624,31.439889907836914,31.618525645949624,10500
1994-06-30,31.886465072631836,31.886465072631836,31.70782941396163,31.797147243296735,31800
1994-07-01,31.350566864013672,31.529202572640532,31.261249009700244,31.350566864013675,22400
1994-07-05,31.6185245513916,31.707842417355984,31.52920668542722,31.707842417355984,10000
1994-07-06,31.79715919494629,31.797159194946293,31.618523469131986,31.618523469131986,8700
1994-07-07,31.52920150756836,31.707837210160815,31.52920150756836,31.52920150756836,9800
1994-07-08,31.707820892333984,31.97577430832554,31.707820892333984,31.707820892333984,6300
1994-07-11,31.886465072631836,32.065100731302046,31.886465072631836,32.065100731302046,16400
1994-07-12,32.06510543823242,32.154423280678756,31.975787595786095,31.975787595786095,3400
1994-07-13,31.975799560546875,32.15443531228177,31.975799560546875,31.975799560546875,17000
1994-07-14,32.06510543823242,32.24374112312508,31.975787595786095,31.975787595786095,13500
1994-07-15,32.06510543823242,32.24374112312508,32.06510543823242,32.24374112312508,6400
1994-07-18,31.79715919494629,32.06511278366775,31.797159194946293,31.975794920760595,11000
1994-07-19,31.707820892333984,31.797138697664504,31.618503087003464,31.707820892333984,13700
1994-07-20,31.79715919494629,31.797159194946293,31.618523469131986,31.618523469131986,9700
1994-07-21,31.6185245513916,31.886478149284752,31.6185245513916,31.707842417355984,5000
1994-07-22,31.439889907836914,31.439889907836914,31.35057203878056,31.439889907836914,23900
1994-07-25,30.9932918548584,31.171927542782655,30.993291854858402,30.993291854858402,4200
1994-07-26,30.4573974609375,30.63603322317174,30.457397460937504,30.457397460937504,8000
1994-07-27,30.546710968017578,30.725346704672653,30.54671096801758,30.54671096801758,5400
1994-07-28,30.4573974609375,30.63603322317174,30.457397460937504,30.546715342054622,1800
1994-07-29,30.4573974609375,30.457397460937504,30.36807957982038,30.457397460937504,3700
1994-08-01,30.72533416748047,30.72533416748047,30.546698503716048,30.546698503716048,2300
1994-08-02,30.63601303100586,30.72533085325369,30.63601303100586,30.63601303100586,33400
1994-08-03,30.4573974609375,30.63603322317174,30.457397460937504,30.546715342054622,53500
1994-08-04,30.63601303100586,30.63601303100586,30.4573773865102,30.4573773865102,4500
1994-08-05,30.368051528930664,30.368051528930664,30.18941593170166,30.278733730316162,4200
1994-08-08,30.4573974609375,30.457397460937504,30.278761698703264,30.278761698703264,2300
1994-08-09,30.546710968017578,30.636028836345115,30.457393099690044,30.54671096801758,7300
1994-08-10,30.72533416748047,30.90396983124489,30.72533416748047,30.72533416748047,4300
1994-08-11,30.9932918548584,30.993291854858402,30.814656166934146,30.814656166934146,1100
1994-08-12,30.903974533081055,30.993292378552386,30.725338842138388,30.81465668760972,19500
1994-08-15,30.72533416748047,30.859310915303784,30.72533416748047,30.72533416748047,21200
1994-08-16,30.903974533081055,30.993292378552386,30.725338842138388,30.725338842138388,33700
1994-08-17,30.72533416748047,30.90396983124489,30.72533416748047,30.72533416748047,3200
1994-08-18,30.9932918548584,31.082609698820526,30.993291854858402,30.993291854858402,12000
1994-08-19,31.171916961669922,31.17191696166992,30.993281334382413,30.993281334382413,2100
1994-08-22,31.350566864013672,31.350566864013675,31.171931155386815,31.261249009700244,29400
1994-08-23,31.350566864013672,31.439884718327104,31.171931155386815,31.439884718327104,13900
1994-08-24,31.261253356933594,31.350571223667693,31.1719354901995,31.350571223667693,6700
1994-08-25,30.9932918548584,31.082609698820526,30.903974010896274,31.082609698820526,8900
1994-08-26,30.814661026000977,30.993296742093733,30.814661026000973,30.903978884047355,2200
1994-08-29,30.63601303100586,30.814648675501523,30.63601303100586,30.63601303100586,37100
1994-08-30,30.72533416748047,30.72533416748047,30.546698503716048,30.63601633559826,4600
1994-08-31,30.72533416748047,30.81465199936268,30.72533416748047,30.72533416748047,16500
1994-09-01,30.903974533081055,30.90397453308105,30.81465668760972,30.81465668760972,6400
1994-09-02,30.814661026000977,30.993296742093733,30.814661026000973,30.993296742093733,46700
1994-09-06,30.9932918548584,31.082609698820526,30.814656166934146,30.814656166934146,51100
1994-09-07,30.814661026000977,30.814661026000973,30.636025309908216,30.725343167954595,71300
1994-09-08,30.72533416748047,30.81465199936268,30.63601633559826,30.63601633559826,10400
1994-09-09,30.546710968017578,30.54671096801758,30.368075231362507,30.457393099690044,10700
1994-09-12,30.368051528930664,30.546687126159668,30.368051528930664,30.368051528930664,3200
1994-09-13,30.4573974609375,30.457397460937504,30.278761698703264,30.457397460937504,12700
1994-09-14,29.474891662597656,29.474891662597656,29.296255955551608,29.385573809074632,10400
1994-09-15,29.11761474609375,29.29625041938267,29.11761474609375,29.29625041938267,6100
1994-09-16,28.938987731933594,29.117623458673922,28.938987731933594,29.02830559530376,6600
1994-09-19,28.492387771606445,28.581705601611482,28.40306994160141,28.40306994160141,33800
1994-09-20,28.67102813720703,28.849663826535423,28.67102813720703,28.849663826535423,24200
1994-09-21,29.29625701904297,29.38557487580834,29.206939162277592,29.206939162277592,31700
1994-09-22,29.83216094970703,29.83216094970703,29.65352525539741,29.65352525539741,24300
1994-09-23,29.742841720581055,29.832159563585805,29.74284172058106,29.74284172058106,18900
1994-09-26,29.65351676940918,29.832152412598393,29.65351676940918,29.65351676940918,9100
1994-09-27,29.206932067871094,29.474885573080922,29.206932067871097,29.38556773801098,12300
1994-09-28,29.474891662597656,29.474891662597656,29.296255955551608,29.474891662597656,28600
1994-09-29,29.29625701904297,29.474892732573718,29.29625701904297,29.29625701904297,15500
1994-09-30,29.29625701904297,29.474892732573718,29.29625701904297,29.29625701904297,18200
1994-10-03,29.206932067871094,29.38556773801098,29.206932067871097,29.29624990294104,8800
1994-10-04,29.11761474609375,29.29625041938267,29.11761474609375,29.29625041938267,55800
1994-10-05,29.38558006286621,29.56421580792923,29.385580062866214,29.47489793539772,65600
1994-10-06,29.5642147064209,29.5642147064209,29.117625360402457,29.117625360402457,68100
1994-10-07,29.474891662597656,29.564209516120677,29.385573809074632,29.385573809074632,23600
1994-10-10,29.38558006286621,29.47489793539772,29.385580062866214,29.385580062866214,4200
1994-10-11,29.38558006286621,29.47489793539772,29.296262190334705,29.385580062866214,11600
1994-10-12,29.65351676940918,29.74283459100379,29.47488112621997,29.47488112621997,2600
1994-10-13,29.92148780822754,29.92148780822754,29.653534186064306,29.83216993417313,15200
1994-10-14,29.876827239990234,29.921486174579158,29.83216830540131,29.83216830540131,3500
1994-10-17,30.010801315307617,30.077789711100714,29.83216559319269,30.077789711100714,14100
1994-10-18,30.100112915039062,30.278748599994785,30.100112915039062,30.100112915039062,3800
1994-10-19,30.4573974609375,30.457397460937504,30.36807957982038,30.36807957982038,3600
1994-10-20,30.903974533081055,30.90397453308105,30.725338842138388,30.725338842138388,9400
1994-10-21,30.94862937927246,30.993288296125666,30.903970462419252,30.903970462419252,7400
1994-10-24,30.4573974609375,30.63603322317174,30.457397460937504,30.63603322317174,3200
1994-10-25,30.63601303100586,30.72533085325369,30.63601303100586,30.63601303100586,4100
1994-10-26,30.814661026000977,30.814661026000973,30.636025309908216,30.636025309908216,5000
1994-10-27,30.814661026000977,30.903978884047355,30.814661026000973,30.903978884047355,2300
1994-10-28,30.72533416748047,30.90396983124489,30.72533416748047,30.72533416748047,7300
1994-10-31,31.171916961669922,31.350552588957427,31.17191696166992,31.17191696166992,6300
1994-11-01,31.171916961669922,31.350552588957427,31.17191696166992,31.17191696166992,5900
1994-11-02,31.171916961669922,31.350552588957427,31.17191696166992,31.17191696166992,3700
1994-11-03,31.082611083984375,31.082611083984375,30.99329323604189,30.99329323604189,2100
1994-11-04,30.814661026000977,30.993296742093733,30.725343167954595,30.725343167954595,3500
1994-11-07,30.63601303100586,30.814648675501523,30.63601303100586,30.63601303100586,3700
1994-11-08,30.63601303100586,30.814648675501523,30.63601303100586,30.72533085325369,22100
1994-11-09,30.546710968017578,30.636028836345115,30.54671096801758,30.636028836345115,8300
1994-11-10,30.546710968017578,30.636028836345115,30.457393099690044,30.457393099690044,12700
1994-11-11,30.814661026000977,30.814661026000973,30.725343167954595,30.725343167954595,15100
1994-11-14,30.63601303100586,30.72533085325369,30.54669520875803,30.72533085325369,8600
1994-11-15,30.72533416748047,30.90396983124489,30.72533416748047,30.72533416748047,5300
1994-11-16,30.63601303100586,30.63601303100586,30.4573773865102,30.63601303100586,9600
1994-11-17,30.546710968017578,30.725346704672653,30.54671096801758,30.54671096801758,9800
1994-11-18,30.546710968017578,30.725346704672653,30.54671096801758,30.636028836345115,4400
1994-11-21,30.63601303100586,30.63601303100586,30.4573773865102,30.63601303100586,7600
1994-11-22,30.368051528930664,30.457369327545166,30.368051528930664,30.368051528930664,25200
1994-11-23,29.92148780822754,30.27875930444518,29.92148780822754,30.10012355633636,23300
1994-11-25,29.92148780822754,30.01080568228195,29.92148780822754,30.01080568228195,1500
1994-11-28,29.92148780822754,30.10012355633636,29.92148780822754,30.10012355633636,4000
1994-11-29,30.189428329467773,30.189428329467777,30.010792658879208,30.010792658879208,22300
1994-11-30,30.368051528930664,30.457369327545166,30.368051528930664,30.368051528930664,15000
1994-12-01,30.189428329467773,30.368064000056343,30.189428329467777,30.368064000056343,25500
1994-12-02,30.010801315307617,30.10011917636508,30.010801315307617,30.10011917636508,1700
1994-12-05,30.010801315307617,30.189437037422543,30.010801315307617,30.010801315307617,36700
1994-12-06,29.92148780822754,30.10012355633636,29.92148780822754,29.92148780822754,13400
1994-12-07,29.83216094970703,30.100114491171468,29.83216094970703,29.921478796861845,9300
1994-12-08,29.65351676940918,29.921470234193,29.65351676940918,29.832152412598393,33400
1994-12-09,29.474891662597656,29.564209516120677,29.385573809074632,29.385573809074632,4200
1994-12-12,29.474891662597656,29.474891662597656,29.385573809074632,29.474891662597656,1900
1994-12-13,29.65351676940918,29.65351676940918,29.47488112621997,29.47488112621997,21400
1994-12-14,29.29625701904297,29.474892732573718,29.29625701904297,29.29625701904297,4100
1994-12-15,29.65351676940918,29.65351676940918,29.47488112621997,29.65351676940918,3700
1994-12-16,29.5642147064209,29.5642147064209,29.385578968013522,29.385578968013522,4800
1994-12-19,29.474891662597656,29.6535273696437,29.474891662597656,29.474891662597656,2400
1994-12-20,29.65351676940918,29.65351676940918,29.385563304625364,29.385563304625364,9600
1994-12-21,29.29625701904297,29.474892732573718,29.29625701904297,29.29625701904297,5000
1994-12-22,29.694578170776367,29.694578170776367,29.60486645424834,29.694578170776367,7200
1994-12-23,29.6048641204834,29.784287539395418,29.6048641204834,29.6048641204834,800
1994-12-27,29.873994827270508,29.87399482727051,29.694571434914533,29.694571434914533,900
1994-12-28,29.6048641204834,29.784287539395418,29.6048641204834,29.784287539395418,4100
1994-12-29,30.14314079284668,30.14314079284668,29.963717335746402,30.05342906429654,11200
1994-12-30,30.053428649902344,30.232852104528625,30.053428649902344,30.053428649902344,3500
1995-01-03,29.963703155517578,30.23283821380067,29.963703155517578,30.143126527706304,6100
1995-01-04,29.694578170776367,29.874001603832415,29.694578170776367,29.78428988730439,1400
1995-01-05,29.873994827270508,29.9637065234485,29.87399482727051,29.87399482727051,2500
1995-01-06,29.78428077697754,29.873992466064824,29.694569087890258,29.694569087890258,3400
1995-01-09,29.873994827270508,29.87399482727051,29.784283131092522,29.87399482727051,1700
1995-01-10,29.6048641204834,29.69457582993941,29.6048641204834,29.69457582993941,3900
1995-01-11,29.963703155517578,30.143126527706304,29.963703155517578,29.963703155517578,2000
1995-01-12,29.963703155517578,30.05341484161194,29.873991469423213,29.873991469423213,14700
1995-01-13,29.873994827270508,30.14312991580448,29.87399482727051,29.87399482727051,5200
1995-01-16,30.14314079284668,30.14314079284668,30.05342906429654,30.05342906429654,8100
1995-01-17,29.873994827270508,30.14312991580448,29.87399482727051,30.14312991580448,3900
1995-01-18,29.694578170776367,29.96371332036044,29.694578170776367,29.874001603832415,15300
1995-01-19,29.335723876953125,29.42543557076644,29.246012183139815,29.33572387695313,25500
1995-01-20,28.70774269104004,29.15630117058754,28.61803099513054,29.15630117058754,10600
1995-01-23,27.631208419799805,27.631208419799805,27.362073272853703,27.362073272853703,9200
1995-01-24,27.810625076293945,27.99004846388294,27.810625076293945,27.810625076293945,5500
1995-01-25,27.810625076293945,27.99004846388294,27.810625076293945,27.900336770088444,35800
1995-01-26,27.72091293334961,27.900336318031485,27.72091293334961,27.900336318031485,13100
1995-01-27,27.631208419799805,27.810631851097206,27.631208419799805,27.631208419799805,3700
1995-01-30,28.259187698364258,28.43861111232213,27.81062916346959,27.81062916346959,129400
1995-01-31,27.631208419799805,27.810631851097206,27.451784988502403,27.810631851097206,8500
1995-02-01,27.182653427124023,27.27236515460628,27.182653427124023,27.182653427124023,47900
1995-02-02,27.3620662689209,27.3620662689209,27.092931190865936,27.182642883550926,4600
1995-02-03,27.003215789794922,27.182639150524455,27.003215789794922,27.003215789794922,5000
1995-02-06,27.003215789794922,27.182639150524455,27.003215789794922,27.182639150524455,14900
1995-02-07,27.003215789794922,27.182639150524455,27.003215789794922,27.182639150524455,17800
1995-02-08,27.092933654785156,27.092933654785156,26.913510253097837,26.913510253097837,1900
1995-02-09,26.734086990356445,26.823798691666365,26.644375289046522,26.734086990356445,6800
1995-02-10,26.823801040649414,27.003224458981517,26.823801040649414,26.913512749815464,9600
1995-02-13,26.913511276245117,27.092934684753416,26.913511276245114,27.003222980499267,3500
1995-02-14,26.644380569458008,26.64438056945801,26.554668850368927,26.554668850368927,7100
1995-02-15,26.55466651916504,26.644378230378432,26.464954807951642,26.644378230378432,4500
1995-02-16,26.375244140625,26.464955855389032,26.19582071109694,26.464955855389032,3500
1995-02-17,26.46495246887207,26.734087578725006,26.46495246887207,26.46495246887207,6100
1995-02-21,26.734086990356445,26.734086990356445,26.464951886426682,26.464951886426682,3300
1995-02-22,26.55466651916504,26.644378230378432,26.37524309673825,26.37524309673825,20800
1995-02-23,26.195823669433594,26.375247119224237,26.195823669433594,26.375247119224237,9200
1995-02-24,25.65755271911621,25.83697616470444,25.65755271911621,25.65755271911621,3100
1995-02-27,24.939855575561523,25.2089907076719,24.939855575561523,25.119278996968443,30500
1995-02-28,25.747262954711914,25.83697467232415,25.65755123709968,25.747262954711914,26000
1995-03-01,25.747262954711914,25.747262954711914,25.56783951948744,25.65755123709968,8900
1995-03-02,25.747262954711914,26.016398107548625,25.747262954711914,25.83697467232415,6500
1995-03-03,26.016399383544922,26.016399383544922,25.836975939520475,26.016399383544922,53000
1995-03-06,26.644380569458008,26.64438056945801,26.464957131279842,26.464957131279842,18100
1995-03-07,26.823801040649414,26.823801040649414,26.64437762231731,26.64437762231731,3300
1995-03-08,26.55466651916504,26.823801652805223,26.55466651916504,26.644378230378432,3000
1995-03-09,26.644380569458008,26.64438056945801,26.375245412190758,26.554668850368927,8800
1995-03-10,26.016399383544922,26.19582282756937,26.016399383544922,26.016399383544922,4800
1995-03-13,26.644380569458008,26.64438056945801,26.375245412190758,26.464957131279842,5500
1995-03-14,25.92668914794922,26.106112602260286,25.92668914794922,26.106112602260286,5000
1995-03-15,26.734086990356445,26.734086990356445,26.644375289046522,26.644375289046522,19600
1995-03-16,26.644380569458008,26.823804007636177,26.64438056945801,26.64438056945801,6700
1995-03-17,26.55466651916504,26.73408994159183,26.55466651916504,26.644378230378432,20600
1995-03-20,26.734086990356445,26.734086990356445,26.554663587736602,26.554663587736602,1200
1995-03-21,26.55466651916504,26.73408994159183,26.55466651916504,26.55466651916504,1800
1995-03-22,26.375244140625,26.55466757015306,26.375244140625,26.55466757015306,8700
1995-03-23,26.46495246887207,26.644375875440694,26.37524076558776,26.37524076558776,2800
1995-03-24,26.684926986694336,26.77507876705479,26.504623425973428,26.504623425973428,800
1995-03-27,26.865232467651367,26.865232467651367,26.68492889404297,26.68492889404297,16200
1995-03-28,27.406129837036133,27.58643332280611,27.406129837036133,27.49628157992112,8500
1995-03-29,27.496288299560547,27.67659182939373,27.496288299560543,27.496288299560543,6000
1995-03-30,27.85689353942871,28.127348816510544,27.85689353942871,27.85689353942871,600
1995-03-31,28.66826629638672,28.848569857999212,28.66826629638672,28.848569857999212,9900
1995-04-03,28.39780616760254,28.66826146443685,28.3076544019911,28.487957933213977,20200
1995-04-04,28.66826629638672,28.66826629638672,28.48796273477422,28.48796273477422,4600
1995-04-05,28.758405685424805,28.848557427385387,28.668253943464226,28.668253943464226,7000
1995-04-06,28.938716888427734,28.938716888427738,28.66826159040505,28.66826159040505,4400
1995-04-07,28.938716888427734,29.11902042044286,28.938716888427738,29.0288686544353,13900
1995-04-10,29.569786071777344,29.84024143218994,29.569786071777344,29.569786071777344,4500
1995-04-11,29.569786071777344,29.569786071777344,29.24298584461212,29.24298584461212,9200
1995-04-12,29.93038558959961,29.93038558959961,29.750082061951417,29.750082061951417,6400
1995-04-13,29.840240478515625,29.840240478515625,29.569785126746602,29.65993691066961,11200
1995-04-17,29.569786071777344,29.750089645385742,29.569786071777344,29.569786071777344,2100
1995-04-18,29.75008201599121,29.75008201599121,29.75008201599121,29.75008201599121,3300
1995-04-19,29.47962760925293,29.659931142031237,29.47962760925293,29.56977937564208,7000
1995-04-20,29.75008201599121,29.75008201599121,29.569778488621566,29.65993025230639,16800
1995-04-21,29.93038558959961,30.020537353423702,29.93038558959961,29.93038558959961,4600
1995-04-24,29.840240478515625,30.020544046361643,29.840240478515625,29.840240478515625,1100
1995-04-25,30.561445236206055,30.561445236206055,30.381141724488025,30.381141724488025,4400
1995-04-26,29.93038558959961,30.381144408720083,29.840233825775513,30.29099264489599,13200
1995-04-27,29.29932403564453,29.479627568171573,29.29932403564453,29.29932403564453,1300
1995-04-28,29.20918083190918,29.479636209982413,29.20918083190918,29.479636209982413,8700
1995-05-01,29.38947868347168,29.569782233677024,29.38947868347168,29.479630458574352,7000
1995-05-02,29.75008201599121,29.84023377967603,29.75008201599121,29.75008201599121,600
1995-05-03,29.75008201599121,29.84023377967603,29.75008201599121,29.75008201599121,1200
1995-05-04,29.65993881225586,29.84024239166167,29.659938812255856,29.750090601958764,2000
1995-05-05,29.65993881225586,29.84024239166167,29.659938812255856,29.659938812255856,6400
1995-05-08,29.20918083190918,29.479636209982413,29.20918083190918,29.20918083190918,600
1995-05-09,28.938716888427734,28.938716888427738,28.75841335641261,28.848565122420172,9300
1995-05-10,28.127363204956055,28.307666815244236,28.127363204956055,28.307666815244236,17800
1995-05-11,27.406129837036133,27.406129837036133,27.135674608381173,27.135674608381173,15900
1995-05-12,27.0455322265625,27.225835774739583,27.0455322265625,27.13568400065104,40600
1995-05-15,27.76674461364746,27.947048150099718,27.76674461364746,27.76674461364746,2700
1995-05-16,27.13567543029785,27.361054794336873,27.045523684682244,27.31597892152907,27200
1995-05-17,27.496288299560547,27.67659182939373,27.496288299560543,27.496288299560543,14200
1995-05-18,27.496288299560547,27.67659182939373,27.496288299560543,27.496288299560543,27500
1995-05-19,27.586454391479492,27.676606203216352,27.586454391479492,27.586454391479492,7600
1995-05-22,27.0455322265625,27.225835774739583,27.0455322265625,27.0455322265625,9600
1995-05-23,26.684926986694336,26.684926986694336,26.594775206333882,26.684926986694336,3500
1995-05-24,27.0455322265625,27.225835774739583,27.0455322265625,27.0455322265625,6300
1995-05-25,27.31599235534668,27.31599235534668,27.135688775443402,27.31599235534668,33900
1995-05-26,28.30765724182129,28.30765724182129,28.127353692510326,28.127353692510326,16900
1995-05-30,28.758405685424805,28.75840568542481,28.578102201503647,28.75840568542481,9900
1995-05-31,28.037200927734375,28.03720092773437,27.856897384790745,28.03720092773437,9100
1995-06-01,28.217510223388672,28.217510223388672,28.03720664368651,28.12735843353759,7200
1995-06-02,28.84856414794922,28.93871591091156,28.668260622024537,28.75841238498688,2700
1995-06-05,28.578107833862305,28.758411353318852,28.578107833862305,28.758411353318852,3400
1995-06-06,28.217510223388672,28.217510223388672,28.03720664368651,28.217510223388672,3900
1995-06-07,28.578107833862305,28.578107833862305,28.30765255467749,28.487956074134033,12300
1995-06-08,27.947046279907227,28.127349804293726,27.85689451771398,27.85689451771398,8300
1995-06-09,27.676603317260742,27.85690692193345,27.676603317260742,27.85690692193345,3400
1995-06-12,27.85689353942871,27.85689353942871,27.676590021374157,27.766741780401436,11800
1995-06-13,27.85689353942871,27.85689353942871,27.676590021374157,27.85689353942871,1400
1995-06-14,27.85689353942871,27.85689353942871,27.676590021374157,27.676590021374157,17000
1995-06-15,27.85689353942871,27.85689353942871,27.766741780401436,27.85689353942871,6000
1995-06-16,27.76674461364746,27.76674461364746,27.676592845421332,27.76674461364746,15700
1995-06-19,27.85689353942871,28.03719705748327,27.85689353942871,28.03719705748327,4800
1995-06-20,28.037200927734375,28.03720092773437,27.856897384790745,28.03720092773437,15300
1995-06-21,28.487958908081055,28.487958908081055,28.217503601991677,28.397807139384597,41700
1995-06-22,28.487958908081055,28.487958908081055,28.30765537068814,28.487958908081055,6500
1995-06-23,28.487958908081055,28.668262445473975,28.487958908081055,28.578110676777513,9800
1995-06-26,28.938716888427734,28.938716888427738,28.75841335641261,28.75841335641261,7900
1995-06-27,29.02887725830078,29.02887725830078,28.758421880117854,28.758421880117854,13400
1995-06-28,29.29932403564453,29.29932403564453,28.397806373009313,28.578109905536355,228800
1995-06-29,28.30765724182129,28.668264340443216,28.30765724182129,28.668264340443216,39000
1995-06-30,28.66826629638672,28.66826629638672,28.48796273477422,28.48796273477422,11000
1995-07-03,28.578107833862305,28.758411353318852,28.578107833862305,28.758411353318852,3900
1995-07-05,28.938716888427734,28.938716888427738,28.66826159040505,28.848565122420172,14600
1995-07-06,28.938716888427734,29.11902042044286,28.938716888427738,29.0288686544353,19400
1995-07-07,29.75008201599121,29.75008201599121,29.479626724936743,29.75008201599121,12300
1995-07-10,30.381147384643555,30.381147384643555,30.11069206667937,30.11069206667937,66600
1995-07-11,30.651592254638672,30.651592254638672,30.381137028862447,30.381137028862447,124100
1995-07-12,30.741756439208984,30.74175643920898,30.471301103966674,30.471301103966674,41000
1995-07-13,30.741756439208984,30.831908217623084,30.65160466079488,30.74175643920898,54100
1995-07-14,30.92205238342285,30.922052383422855,30.831900627202963,30.831900627202963,25100
1995-07-17,30.651592254638672,30.651592254638672,30.381137028862447,30.381137028862447,148800
1995-07-18,30.29099464416504,30.471298183713643,30.29099464416504,30.471298183713643,80700
1995-07-19,30.110689163208008,30.290992691131407,30.020537399246304,30.290992691131407,19200
1995-07-20,30.561445236206055,30.561445236206055,30.381141724488025,30.381141724488025,20100
1995-07-21,30.471296310424805,30.471296310424805,30.290992781960753,30.471296310424805,32100
1995-07-24,30.471296310424805,30.471296310424805,30.290992781960753,30.38114454619278,27100
1995-07-25,29.840240478515625,30.110695830284648,29.840240478515625,30.110695830284648,29900
1995-07-26,29.840240478515625,29.840240478515625,29.65993691066961,29.840240478515625,12600
1995-07-27,30.29099464416504,30.29099464416504,29.930387565067836,30.020539334842137,82000
1995-07-28,30.020526885986328,30.020526885986328,29.84022342120563,29.84022342120563,107500
1995-07-31,30.020526885986328,30.110678618376678,30.020526885986328,30.110678618376678,9500
1995-08-01,29.47962760925293,29.75008290842039,29.47962760925293,29.75008290842039,10500
1995-08-02,29.524700164794922,29.569776042909112,29.209169017995585,29.209169017995585,106900
1995-08-03,29.47962760925293,29.47962760925293,29.20917231008547,29.20917231008547,31200
1995-08-04,29.119020462036133,29.2993239943088,29.028868695899796,29.028868695899796,7400
1995-08-07,29.119020462036133,29.2993239943088,29.119020462036133,29.209172228172466,4500
1995-08-08,29.119020462036133,29.2993239943088,29.119020462036133,29.2993239943088,9700
1995-08-09,29.119020462036133,29.2993239943088,29.119020462036133,29.119020462036133,2200
1995-08-10,28.66826629638672,28.758418077192967,28.48796273477422,28.57811451558047,11700
1995-08-11,28.39780616760254,28.487957933213977,28.3076544019911,28.3076544019911,145800
1995-08-14,28.578107833862305,28.578107833862305,28.30765255467749,28.487956074134033,103400
1995-08-15,28.487958908081055,28.578110676777513,28.12735183329522,28.217503601991677,65500
1995-08-16,29.119020462036133,29.119020462036133,28.84856516362713,29.028868695899796,47500
1995-08-17,28.938716888427734,28.938716888427738,28.848565122420172,28.938716888427738,6100
1995-08-18,29.02887725830078,29.02887725830078,28.848573672845497,29.02887725830078,6100
1995-08-21,28.84856414794922,28.84856414794922,28.578108859062198,28.578108859062198,11800
1995-08-22,28.66826629638672,28.848569857999212,28.66826629638672,28.848569857999212,25600
1995-08-23,28.66826629638672,28.758418077192967,28.66826629638672,28.758418077192967,8500
1995-08-24,28.758405685424805,28.75840568542481,28.487950459543068,28.487950459543068,11000
1995-08-25,28.66826629638672,28.66826629638672,28.48796273477422,28.48796273477422,3900
1995-08-28,28.758405685424805,28.75840568542481,28.487950459543068,28.75840568542481,8700
1995-08-29,28.578107833862305,28.848563113047124,28.578107833862305,28.848563113047124,40400
1995-08-30,28.578107833862305,28.578107833862305,28.39780431440576,28.578107833862305,4600
1995-08-31,28.39780616760254,28.66826146443685,28.3076544019911,28.66826146443685,21200
1995-09-01,28.39780616760254,28.39780616760254,28.217502636379667,28.39780616760254,5200
1995-09-05,27.76674461364746,27.947048150099718,27.76674461364746,27.85689638187359,21900
1995-09-06,27.406129837036133,27.406129837036133,27.22582635126616,27.31597809415115,9500
1995-09-07,27.225833892822266,27.225833892822266,27.045530357108213,27.225833892822266,6500
1995-09-08,27.225833892822266,27.406137428536322,27.225833892822266,27.315985660679296,11700
1995-09-11,27.31599235534668,27.40614414529832,27.22584056539504,27.22584056539504,37100
1995-09-12,26.955385208129883,27.225840578111118,26.955385208129883,27.225840578111118,92300
1995-09-13,26.684926986694336,26.865230547415244,26.684926986694336,26.684926986694336,10300
1995-09-14,26.955385208129883,26.955385208129883,26.684929838148648,26.86523341813614,23000
1995-09-15,26.77507972717285,26.775079727172848,26.594776159986502,26.594776159986502,4600
1995-09-18,26.324317932128906,26.50462147960924,26.324317932128906,26.324317932128906,28200
1995-09-19,26.144012451171875,26.23416421824488,25.963708917025862,26.144012451171875,30700
1995-09-20,25.783411026000977,25.783411026000977,25.603107452392578,25.783411026000977,7600
1995-09-21,25.963706970214844,25.963706970214844,25.783403449588352,25.783403449588352,27800
1995-09-22,26.053871154785156,26.14402295808891,25.873567548177647,26.14402295808891,9700
1995-09-25,25.87356185913086,26.144017209574738,25.873561859130863,26.144017209574738,5900
1995-09-26,26.235431671142578,26.32589867690514,26.14496466538002,26.14496466538002,19100
1995-09-27,26.687763214111328,26.77823020805747,26.597296220165187,26.597296220165187,11700
1995-09-28,26.506824493408203,26.77822542678781,26.506824493408203,26.597291471201405,9300
1995-09-29,27.592430114746094,27.77336408271164,27.59243011474609,27.59243011474609,7200
1995-10-02,26.77823257446289,26.959166578344398,26.77823257446289,26.77823257446289,21100
1995-10-03,26.86870002746582,27.04963403438478,26.77823302400634,26.86870002746582,25200
1995-10-04,27.4114990234375,27.4114990234375,27.140098043007427,27.140098043007427,4100
1995-10-05,27.77336311340332,27.77336311340332,27.50196217092707,27.50196217092707,17300
1995-10-06,27.954294204711914,28.044761176248198,27.773360261639343,27.773360261639343,24100
1995-10-09,27.86383056640625,27.86383056640625,27.682896601689325,27.682896601689325,20100
1995-10-10,27.50196647644043,27.682900466417014,27.41149948145214,27.50196647644043,13300
1995-10-11,27.50196647644043,27.50196647644043,27.32103248646385,27.50196647644043,2100
1995-10-12,27.4114990234375,27.4114990234375,27.230565036484116,27.4114990234375,2600
1995-10-13,27.230562210083008,27.23056221008301,27.0496282419097,27.140095225996355,13100
1995-10-16,27.77336311340332,27.77336311340332,27.41149519010165,27.41149519010165,84500
1995-10-17,27.50196647644043,27.50196647644043,27.230565491475556,27.50196647644043,126800
1995-10-18,27.321033477783203,27.3210334777832,27.230566479512397,27.3210334777832,78400
1995-10-19,27.140094757080078,27.32102872212728,27.140094757080078,27.32102872212728,56200
1995-10-20,27.4114990234375,27.682900003867573,27.4114990234375,27.4114990234375,18800
1995-10-23,27.682893753051758,27.773360726100947,27.592426780002572,27.773360726100947,23200
1995-10-24,27.592430114746094,27.682897098728866,27.59243011474609,27.59243011474609,16600
1995-10-25,27.230562210083008,27.23056221008301,27.0496282419097,27.0496282419097,33000
1995-10-26,26.95916748046875,27.14010149040478,26.95916748046875,26.95916748046875,6400
1995-10-27,26.5972900390625,26.5972900390625,26.416356093218536,26.5972900390625,2300
1995-10-30,26.86870002746582,26.86870002746582,26.687766020546857,26.86870002746582,5600
1995-10-31,26.86870002746582,26.9591670309253,26.687766020546857,26.687766020546857,5200
1995-11-01,26.687763214111328,26.868697202003606,26.687763214111328,26.687763214111328,2500
1995-11-02,26.5972900390625,26.959157930750425,26.5972900390625,26.959157930750425,35500
1995-11-03,26.687763214111328,26.77823020805747,26.597296220165187,26.77823020805747,7900
1995-11-06,26.86870002746582,27.04963403438478,26.77823302400634,26.86870002746582,83100
1995-11-07,27.230562210083008,27.23056221008301,26.959161257823045,27.0496282419097,22800
1995-11-08,27.321033477783203,27.50196747432481,27.230566479512397,27.3210334777832,4400
1995-11-09,27.592430114746094,27.77336408271164,27.50196313076332,27.50196313076332,11900
1995-11-10,28.135231018066406,28.31616497959738,28.044764037300922,28.044764037300922,18500
1995-11-13,28.225709915161133,28.225709915161133,27.954308858284584,28.225709915161133,12200
1995-11-14,27.682893753051758,27.773360726100947,27.592426780002572,27.773360726100947,9800
1995-11-15,27.682893753051758,27.682893753051758,27.501959806953383,27.501959806953383,5800
1995-11-16,27.86383056640625,27.86383056640625,27.59242961933086,27.682896601689325,23100
1995-11-17,27.682893753051758,27.954294672199325,27.682893753051758,27.863827699150136,7100
1995-11-20,27.954294204711914,27.954294204711914,27.773360261639343,27.773360261639343,3800
1995-11-21,28.04476547241211,28.04476547241211,27.863831501622354,28.04476547241211,11200
1995-11-22,28.135231018066406,28.225697998831894,28.044764037300922,28.044764037300922,6500
1995-11-24,28.316173553466797,28.316173553466797,28.135239537150717,28.135239537150717,2900
1995-11-27,28.316173553466797,28.316173553466797,28.135239537150717,28.135239537150717,14200
1995-11-28,28.406627655029297,28.406627655029297,28.22569372092083,28.22569372092083,6200
1995-11-29,28.497093200683594,28.49709320068359,28.316159275599887,28.316159275599887,15700
1995-11-30,28.497093200683594,28.678027125767297,28.49709320068359,28.49709320068359,5500
1995-12-01,28.949440002441406,28.949440002441406,28.678039002418515,28.678039002418515,7100
1995-12-04,29.311311721801758,29.311311721801758,29.03991068734063,29.03991068734063,11300
1995-12-05,28.858963012695312,29.039896950078983,28.858963012695312,29.039896950078983,13700
1995-12-06,28.76849937438965,29.039900311883887,28.768499374389645,29.039900311883887,9900
1995-12-07,29.03990364074707,29.220837619817146,29.039903640747074,29.039903640747074,7300
1995-12-08,29.311311721801758,29.311311721801758,29.130377698827672,29.311311721801758,6300
1995-12-11,29.130380630493164,29.31131467167635,29.130380630493164,29.31131467167635,3200
1995-12-12,29.40176773071289,29.40176773071289,29.311300753079927,29.311300753079927,9900
1995-12-13,29.130380630493164,29.31131467167635,29.130380630493164,29.130380630493164,2200
1995-12-14,29.944578170776367,30.035045174313456,29.582710156628014,29.582710156628014,30600
1995-12-15,29.944578170776367,30.035045174313456,29.854111167239278,29.854111167239278,6500
1995-12-18,29.854110717773438,30.03504472212358,29.854110717773438,29.854110717773438,5700
1995-12-19,29.763643264770508,29.854110265575283,29.76364326477051,29.76364326477051,5600
1995-12-20,29.944578170776367,29.944578170776367,29.76364416370219,29.854111167239278,18800
1995-12-21,30.03504180908203,30.12550880248288,29.94457481568118,30.03504180908203,5200
1995-12-22,30.215972900390625,30.48737385458575,30.215972900390625,30.306439885122334,11500
1995-12-26,30.48737907409668,30.487379074096676,30.215978073437064,30.487379074096676,9900
1995-12-27,30.39690589904785,30.39690589904785,30.21597193536304,30.39690589904785,12700
1995-12-28,30.48737907409668,30.487379074096676,30.215978073437064,30.396912073876805,15900
1995-12-29,30.577831268310547,30.758765181140788,30.57783126831055,30.57783126831055,49800
1996-01-02,30.758769989013672,30.758769989013672,30.577836047901826,30.577836047901826,5900
1996-01-03,30.66830062866211,30.75876759216849,30.577833665155733,30.668300628662113,30000
1996-01-04,31.572973251342773,31.753907195476543,30.668303530673928,30.758770502740813,70500
1996-01-05,31.6634464263916,31.663446426391605,31.482512446812223,31.572979436601912,31100
1996-01-08,31.482511520385742,31.482511520385742,31.43727802682197,31.482511520385742,9700
1996-01-09,31.572973251342773,31.572973251342773,31.30157233514212,31.48250627927589,25100
1996-01-10,31.301572799682617,31.482506746501596,31.30157279968262,31.482506746501596,13500
1996-01-11,31.256345748901367,31.30157924492004,31.030178268808015,31.030178268808015,21600
1996-01-12,30.577831268310547,30.57783126831055,30.30643039906519,30.48736431189543,73200
1996-01-15,30.758769989013672,30.758769989013672,30.39690210678998,30.39690210678998,34200
1996-01-16,30.758769989013672,30.939703930125518,30.758769989013672,30.758769989013672,13800
1996-01-17,31.301572799682617,31.30157279968262,31.03017187945416,31.30157279968262,15000
1996-01-18,31.301572799682617,31.30157279968262,31.03017187945416,31.30157279968262,10800
1996-01-19,31.120649337768555,31.301583345546277,31.12064933776855,31.301583345546277,28000
1996-01-22,31.030168533325195,31.030168533325195,30.758767642363168,30.758767642363168,16200
1996-01-23,30.849246978759766,30.84924697875977,30.668312978884344,30.668312978884344,11200
1996-01-24,30.66830062866211,30.75876759216849,30.577833665155733,30.668300628662113,17000
1996-01-25,30.66830062866211,30.75876759216849,30.668300628662113,30.668300628662113,9100
1996-01-26,30.849246978759766,30.93971397869748,30.668312978884344,30.93971397869748,7200
1996-01-29,31.120649337768555,31.154574464226876,30.93971532999083,30.93971532999083,12700
1996-01-30,31.301572799682617,31.30157279968262,31.03017187945416,31.03017187945416,117300
1996-01-31,31.301572799682617,31.30157279968262,31.120638852863646,31.30157279968262,9300
1996-02-01,31.211118698120117,31.482519730277684,31.21111869812012,31.21111869812012,24500
1996-02-02,31.301572799682617,31.392039773092108,31.211105826273133,31.211105826273133,28300
1996-02-05,31.753910064697266,31.75391006469727,31.301575163490753,31.482509123973358,82000
1996-02-06,31.753910064697266,31.84437704493857,31.75391006469727,31.75391006469727,37400
1996-02-07,31.753910064697266,31.84437704493857,31.572976104214664,31.84437704493857,36300
1996-02-08,31.572973251342773,31.572973251342773,31.392039307209004,31.572973251342773,12500
1996-02-09,31.301572799682617,31.392039773092108,31.120638852863646,31.392039773092108,6600
1996-02-12,31.39204978942871,31.39204978942871,31.12064878260368,31.12064878260368,27700
1996-02-13,31.301572799682617,31.30157279968262,31.120638852863646,31.211105826273133,23800
1996-02-14,31.482511520385742,31.482511520385742,31.301577546130652,31.301577546130652,7800
1996-02-15,31.482511520385742,31.753912481768378,31.482511520385742,31.482511520385742,20900
1996-02-16,32.02531814575195,32.02531814575195,31.75391714451677,31.844384144928497,22200
1996-02-20,31.753910064697266,31.84437704493857,31.572976104214664,31.75391006469727,51700
1996-02-21,31.39204978942871,31.482516791703723,31.301582787153702,31.482516791703723,26100
1996-02-22,31.39204978942871,31.39204978942871,31.211115784878693,31.301582787153702,10000
1996-02-23,31.120649337768555,31.12064933776855,30.93971532999083,31.12064933776855,14800
1996-02-26,31.301572799682617,31.482506746501596,31.30157279968262,31.30157279968262,14600
1996-02-27,31.120649337768555,31.301583345546277,31.12064933776855,31.301583345546277,85700
1996-02-28,30.93971061706543,31.12064459728219,30.939710617065433,31.030177607173812,37300
1996-02-29,31.030168533325195,31.120635496979205,31.030168533325195,31.030168533325195,62900
1996-03-01,30.93971061706543,31.12064459728219,30.939710617065433,31.12064459728219,37900
1996-03-04,30.849246978759766,30.93971397869748,30.84924697875977,30.84924697875977,42700
1996-03-05,30.93971061706543,30.939710617065433,30.758776636848676,30.849243626957055,27900
1996-03-06,30.66830062866211,30.84923455567487,30.668300628662113,30.75876759216849,20400
1996-03-07,30.306440353393555,30.396907339523086,30.306440353393555,30.396907339523086,20400
1996-03-08,30.03504180908203,30.306442789284578,30.03504180908203,30.12550880248288,18900
1996-03-11,29.854110717773438,30.03504472212358,29.854110717773438,30.03504472212358,11300
1996-03-12,30.306440353393555,30.306440353393555,30.12550638113449,30.21597336726402,7200
1996-03-13,30.48737907409668,30.487379074096676,30.215978073437064,30.215978073437064,7700
1996-03-14,30.306440353393555,30.48737432565262,30.306440353393555,30.306440353393555,28400
1996-03-15,30.66830062866211,30.84923455567487,30.577833665155733,30.577833665155733,35400
1996-03-18,30.849246978759766,30.84924697875977,30.668312978884344,30.84924697875977,50400
1996-03-19,31.120649337768555,31.12064933776855,30.93971532999083,30.93971532999083,46100
1996-03-20,31.211118698120117,31.21111869812012,30.939717665962554,30.939717665962554,18500
1996-03-21,31.572973251342773,31.753907195476543,31.572973251342773,31.572973251342773,19800
1996-03-22,31.6634464263916,31.663446426391605,31.482512446812223,31.482512446812223,15400
1996-03-25,32.20624923706055,32.387183221538415,32.20624923706055,32.20624923706055,37500
1996-03-26,32.435203552246094,32.435203552246094,32.25349372842398,32.25349372842398,7400
1996-03-27,32.344356536865234,32.43521147095755,32.253501602772914,32.253501602772914,20100
1996-03-28,32.344356536865234,32.344356536865234,32.253501602772914,32.344356536865234,12600
1996-03-29,32.344356536865234,32.344356536865234,32.253501602772914,32.253501602772914,10600
1996-04-01,32.16263198852539,32.16263198852539,31.980922203279487,32.16263198852539,5100
1996-04-02,32.07178497314453,32.07178497314453,31.89007514326836,32.07178497314453,14800
1996-04-03,32.07178497314453,32.07178497314453,31.89007514326836,32.07178497314453,7800
1996-04-04,31.980932235717773,31.980932235717777,31.890077314593576,31.890077314593576,18900
1996-04-08,31.61750602722168,31.708360929598754,31.43579622246753,31.708360929598754,11600
1996-04-09,31.799217224121094,31.799217224121094,31.5266525050572,31.70836231776646,41800
1996-04-10,31.799217224121094,31.799217224121094,31.617507411411832,31.70836231776646,41000
1996-04-11,31.799217224121094,31.799217224121094,31.5266525050572,31.5266525050572,16600
1996-04-12,31.61750602722168,31.61750602722168,31.526651124844605,31.526651124844605,6500
1996-04-15,31.708375930786133,31.708375930786133,31.526666040065294,31.617520985425713,51600
1996-04-16,31.708375930786133,31.708375930786133,31.526666040065294,31.617520985425713,31900
1996-04-17,31.708375930786133,31.708375930786133,31.617520985425713,31.708375930786133,10800
1996-04-18,31.799217224121094,31.799217224121094,31.70836231776646,31.70836231776646,5800
1996-04-19,32.07178497314453,32.07178497314453,31.980930058206447,31.980930058206447,2900
1996-04-22,32.61690902709961,32.61690902709961,32.344344327708804,32.344344327708804,21500
1996-04-23,32.61690902709961,32.61690902709961,32.43519922750574,32.61690902709961,38500
1996-04-24,32.344356536865234,32.52606640504987,32.344356536865234,32.43521147095755,30500
1996-04-25,32.344356536865234,32.43521147095755,32.344356536865234,32.344356536865234,14200
1996-04-26,32.52605438232422,32.70776418334279,32.52605438232422,32.616909282833504,26500
1996-04-29,33.07118225097656,33.07118225097656,32.70776266580099,32.70776266580099,27400
1996-04-30,33.07118225097656,33.16203714727045,33.07118225097656,33.16203714727045,30600
1996-05-01,32.88947296142578,33.07118275679278,32.88947296142578,32.88947296142578,6000
1996-05-02,32.98033142089844,32.98033142089844,32.798621605907265,32.798621605907265,11700
1996-05-03,32.798622131347656,32.98033194924986,32.798622131347656,32.798622131347656,4300
1996-05-06,32.798622131347656,32.98033194924986,32.798622131347656,32.798622131347656,3900
1996-05-07,32.25349426269531,32.616913916359486,32.25349426269531,32.4352040895274,16700
1996-05-08,32.52605438232422,32.616909282833504,32.52605438232422,32.52605438232422,13400
1996-05-09,32.707763671875,32.707763671875,32.52605387369792,32.52605387369792,6500
1996-05-10,32.61690902709961,32.61690902709961,32.52605412730267,32.52605412730267,9500
1996-05-13,32.344356536865234,32.344356536865234,32.253501602772914,32.253501602772914,9500
1996-05-14,32.25349426269531,32.4352040895274,32.25349426269531,32.25349426269531,11000
1996-05-15,32.435203552246094,32.435203552246094,32.25349372842398,32.435203552246094,7900
1996-05-16,32.25349426269531,32.4352040895274,32.25349426269531,32.25349426269531,7700
1996-05-17,32.16263198852539,32.3443417737713,32.16263198852539,32.3443417737713,11900
1996-05-20,32.25349426269531,32.25349426269531,32.07178443586323,32.07178443586323,19000
1996-05-21,32.07178497314453,32.25349480302071,32.07178497314453,32.07178497314453,9200
1996-05-22,32.798622131347656,32.798622131347656,32.616912313445454,32.707767222396555,13700
1996-05-23,32.52605438232422,32.52605438232422,32.34434458130565,32.52605438232422,3900
1996-05-24,32.52605438232422,32.52605438232422,32.34434458130565,32.52605438232422,7400
1996-05-28,32.435203552246094,32.6169133760682,32.435203552246094,32.435203552246094,11600
1996-05-29,32.57148361206055,32.70776597027,32.52605615932406,32.70776597027,9100
1996-05-30,33.25288391113281,33.25288391113281,33.07117416298455,33.07117416298455,7100
1996-05-31,33.25288391113281,33.25288391113281,33.07117416298455,33.07117416298455,8800
1996-06-03,33.07118225097656,33.252892043564344,33.07118225097656,33.07118225097656,7900
1996-06-04,33.61630630493164,33.61630630493164,33.434596541121195,33.434596541121195,15100
1996-06-05,33.888885498046875,34.07059533985946,33.888885498046875,34.07059533985946,12400
1996-06-06,33.79802322387695,33.79802322387695,33.707168322737495,33.79802322387695,7800
1996-06-07,33.25288391113281,33.343738785206945,33.25288391113281,33.343738785206945,8500
1996-06-10,33.16204071044922,33.25289561650524,33.071185804393195,33.071185804393195,26400
1996-06-11,33.52546310424805,33.52546310424805,33.34375327712475,33.52546310424805,5700
1996-06-12,33.79802322387695,33.79802322387695,33.61631342159804,33.61631342159804,7700
1996-06-13,34.524864196777344,34.524864196777344,34.34315438521536,34.524864196777344,32200
1996-06-14,35.06999969482422,35.06999969482422,34.79743493035667,34.79743493035667,34600
1996-06-17,34.70657730102539,34.70657730102539,34.52486747222421,34.70657730102539,10400
1996-06-18,35.25170135498047,35.25170135498047,35.16084645458103,35.16084645458103,38000
1996-06-19,35.342552185058594,35.52426196493036,35.342552185058594,35.43340707499448,30800
1996-06-20,35.43339920043945,35.43339920043945,35.342544330694736,35.43339920043945,6000
1996-06-21,35.88768005371094,36.069389826134795,35.88768005371094,35.978534939922866,52100
1996-06-24,37.068809509277344,37.159664434545185,36.887099658741676,37.068809509277344,81800
1996-06-25,36.88709259033203,36.88709259033203,36.70538277461611,36.70538277461611,24600
1996-06-26,36.88709259033203,36.88709259033203,36.70538277461611,36.86437886336754,11200
1996-06-27,37.15965270996094,37.15965270996094,36.887088020156824,36.887088020156824,21100
1996-06-28,36.43281555175781,36.43281555175781,36.341960650132485,36.43281555175781,47300
1996-07-01,35.70597839355469,35.70597839355469,35.524268579847025,35.70597839355469,25100
1996-07-02,35.16085433959961,35.16085433959961,34.97914449805129,35.069999418825454,29100
1996-07-03,35.16085433959961,35.16085433959961,34.97914449805129,35.16085433959961,10000
1996-07-05,35.25170135498047,35.43341115577934,35.25170135498047,35.25170135498047,16100
1996-07-08,35.25170135498047,35.25170135498047,35.16084645458103,35.16084645458103,10700
1996-07-09,35.61512756347656,35.61512756347656,35.34256281171526,35.61512756347656,37800
1996-07-10,35.06999969482422,35.06999969482422,34.888289851845855,35.06999969482422,10400
1996-07-11,34.79743576049805,34.979145607811354,34.79743576049805,34.979145607811354,31700
1996-07-12,34.252296447753906,34.43400624323271,34.16144155001451,34.16144155001451,23300
1996-07-15,34.252296447753906,34.43400624323271,34.252296447753906,34.343151345493304,4800
1996-07-16,34.524864196777344,34.70657400833933,34.524864196777344,34.70657400833933,53800
1996-07-17,34.34315872192383,34.52486855643136,34.25230380467006,34.52486855643136,40300
1996-07-18,34.61571502685547,34.79742481702269,34.52486013177186,34.52486013177186,22700
1996-07-19,34.161441802978516,34.25229670139069,34.07058690456634,34.25229670139069,5800
1996-07-22,32.98033142089844,32.98033142089844,32.798621605907265,32.98033142089844,20800
1996-07-23,33.434600830078125,33.52545572363812,33.25289104295813,33.52545572363812,6100
1996-07-24,32.798622131347656,32.98033194924986,32.707767222396555,32.798622131347656,17600
1996-07-25,33.3437385559082,33.3437385559082,33.07117393556018,33.07117393556018,7200
1996-07-26,34.070587158203125,34.070587158203125,33.888877360026044,34.070587158203125,4800
1996-07-29,34.433998107910156,34.52485298418432,34.343143231635985,34.343143231635985,28200
1996-07-30,34.70657730102539,34.70657730102539,34.52486747222421,34.70657730102539,2000
1996-07-31,35.25170135498047,35.25170135498047,35.16084645458103,35.25170135498047,3300
1996-08-01,36.251094818115234,36.251094818115234,36.0693850696535,36.0693850696535,16200
1996-08-02,36.16023254394531,36.34194225522142,36.16023254394531,36.34194225522142,44400
1996-08-05,36.5236701965332,36.705379998506004,36.5236701965332,36.5236701965332,11700
1996-08-06,36.251094818115234,36.43280456657696,36.251094818115234,36.251094818115234,9900
1996-08-07,35.43339920043945,35.43339920043945,35.342544330694736,35.43339920043945,7100
1996-08-08,35.342552185058594,35.615116854866244,35.342552185058594,35.43340707499448,56800
1996-08-09,35.16085433959961,35.34256418114793,35.16085433959961,35.34256418114793,21700
1996-08-12,35.43339920043945,35.61510893992889,35.43339920043945,35.43339920043945,9700
1996-08-13,35.43339920043945,35.796818679418315,35.43339920043945,35.796818679418315,55700
1996-08-14,35.61512756347656,35.61512756347656,35.433417728969026,35.61512756347656,17800
1996-08-15,35.524261474609375,35.524261474609375,35.342551697245646,35.524261474609375,24700
1996-08-16,35.25170135498047,35.52426605617877,35.16084645458103,35.342556255379904,10100
1996-08-19,35.43339920043945,35.61510893992889,35.43339920043945,35.43339920043945,11700
1996-08-20,35.70597839355469,35.88768820726234,35.70597839355469,35.796833300408515,11300
1996-08-21,36.251094818115234,36.3419496923461,36.251094818115234,36.251094818115234,14700
1996-08-22,36.251094818115234,36.43280456657696,36.251094818115234,36.251094818115234,4300
1996-08-23,36.251094818115234,36.3419496923461,36.251094818115234,36.251094818115234,8000
1996-08-26,36.34196472167969,36.38739217758179,36.25110980987549,36.25110980987549,30600
1996-08-27,35.978538513183594,36.16024830365422,35.978538513183594,35.978538513183594,7000
1996-08-28,35.61512756347656,35.79683739798409,35.61512756347656,35.61512756347656,14000
1996-08-29,35.70597839355469,35.70597839355469,35.61512348670086,35.61512348670086,2300
1996-08-30,34.97915267944336,35.160862563492415,34.97915267944336,35.160862563492415,2900
1996-09-03,34.97915267944336,34.97915267944336,34.88829773741883,34.88829773741883,17100
1996-09-04,34.97915267944336,35.07000762146789,34.7974427953943,34.97915267944336,124000
1996-09-05,35.29712677001953,35.34255421759999,35.16084442727814,35.34255421759999,19100
1996-09-06,35.342552185058594,35.342552185058594,35.16084240518683,35.342552185058594,4800
1996-09-09,35.25170135498047,35.342556255379904,35.16084645458103,35.16084645458103,43800
1996-09-10,35.524261474609375,35.705971251973104,35.524261474609375,35.524261474609375,5400
1996-09-11,35.61512756347656,35.61512756347656,35.52427264622279,35.61512756347656,5800
1996-09-12,35.524261474609375,35.79682614065497,35.524261474609375,35.524261474609375,4700
1996-09-13,35.978538513183594,35.978538513183594,35.705973827477656,35.705973827477656,8800
1996-09-16,35.978538513183594,35.978538513183594,35.796828722712974,35.796828722712974,8000
1996-09-17,36.5236701965332,36.796234899492404,36.5236701965332,36.5236701965332,10100
1996-09-18,36.796241760253906,36.796241760253906,36.523677006474244,36.6145319244008,7200
1996-09-19,36.88709259033203,37.06880240604796,36.88709259033203,36.88709259033203,11600
1996-09-20,36.88709259033203,36.88709259033203,36.70538277461611,36.70538277461611,22000
1996-09-23,36.796241760253906,36.88709667818046,36.6145319244008,36.6145319244008,7300
1996-09-24,36.88709259033203,36.88709259033203,36.52367295890019,36.52367295890019,109700
1996-09-25,36.836029052734375,37.01838563220336,36.74485076299989,37.01838563220336,12400
1996-09-26,37.109561920166016,37.20074020498215,36.92720535053375,37.018383635349885,39600
1996-09-27,37.565460205078125,37.565460205078125,37.29192530067222,37.29192530067222,17300
1996-09-30,37.38310241699219,37.38310241699219,37.20074581983613,37.29192411841416,9900
1996-10-01,37.65663528442383,37.747813578090714,37.47427869709006,37.747813578090714,6900
1996-10-02,37.29191970825195,37.47427628384243,37.29191970825195,37.47427628384243,11900
1996-10-03,36.927207946777344,36.927207946777344,36.74485136432412,36.927207946777344,4800
1996-10-04,36.197784423828125,36.197784423828125,36.01542782723453,36.10660612553133,338200
1996-10-07,35.924251556396484,35.924251556396484,35.74189494951122,35.924251556396484,152100
1996-10-08,35.01247024536133,35.28600516915321,35.01247024536133,35.28600516915321,192000
1996-10-09,35.01247024536133,35.19482686122259,35.01247024536133,35.01247024536133,37600
1996-10-10,35.19483184814453,35.19483184814453,35.0124752064443,35.19483184814453,3600
1996-10-11,35.286006927490234,35.286006927490234,35.1948286150161,35.1948286150161,20600
1996-10-14,35.74188995361328,35.74188995361328,35.559533372217295,35.559533372217295,85900
1996-10-15,35.924251556396484,36.10660816328175,35.83307325295385,35.83307325295385,35700
1996-10-16,36.10660171508789,36.10660171508789,35.83306685360995,36.10660171508789,7900
1996-10-17,36.01542663574219,36.1977832263029,36.01542663574219,36.1977832263029,3300
1996-10-18,36.47132110595703,36.47132110595703,36.19778619766235,36.19778619766235,7100
1996-10-21,35.924251556396484,35.924251556396484,35.74189494951122,35.74189494951122,11600
1996-10-22,35.468353271484375,35.468353271484375,35.28599669939448,35.468353271484375,17900
1996-10-23,34.921295166015625,35.01247348237598,34.73893853329492,35.01247348237598,45800
1996-10-24,35.286006927490234,35.286006927490234,35.01247199006783,35.1948286150161,11500
1996-10-25,34.83011245727539,34.83011245727539,34.64775584755144,34.738934152413414,8400
1996-10-28,34.55656814575195,34.73892470588785,34.55656814575195,34.6477464258199,8300
1996-10-29,35.01247024536133,35.01247024536133,34.9212919374307,35.01247024536133,8000
1996-10-30,35.01247024536133,35.01247024536133,34.830113629500076,34.830113629500076,13500
1996-10-31,34.64774703979492,34.64774703979492,34.46539047642758,34.64774703979492,8200
1996-11-01,35.19483184814453,35.19483184814453,34.92129688559418,34.92129688559418,27600
1996-11-04,35.10364532470703,35.194823624251725,35.10364532470703,35.194823624251725,7200
1996-11-05,35.10364532470703,35.10364532470703,34.92128872561764,35.10364532470703,14300
1996-11-06,35.650699615478516,35.650699615478516,35.55952135559238,35.650699615478516,4600
1996-11-07,36.38013458251953,36.38013458251953,36.288956300357825,36.38013458251953,11300
1996-11-08,37.109561920166016,37.29191848979828,36.92720535053375,36.92720535053375,126700
1996-11-11,36.836029052734375,37.10956392193785,36.653672473265395,37.10956392193785,19000
1996-11-12,36.927207946777344,37.10956452923057,36.927207946777344,37.10956452923057,6600
1996-11-13,37.20075607299805,37.20075607299805,36.92722110187306,36.92722110187306,5200
1996-11-14,37.38310241699219,37.38310241699219,37.1095675212581,37.1095675212581,29100
1996-11-15,37.74782180786133,37.74782180786133,37.56546518077021,37.56546518077021,33900
1996-11-18,37.65663528442383,37.65663528442383,37.47427869709006,37.65663528442383,8500
1996-11-19,38.0213508605957,38.0213508605957,37.83899426174393,37.83899426174393,11000
1996-11-20,38.75077438354492,38.75077438354492,38.47723950554343,38.75077438354492,13400
1996-11-21,38.75077438354492,38.84195267621209,38.659596090877756,38.659596090877756,20000
1996-11-22,39.11549377441406,39.11549377441406,38.84195885291466,39.0243154672476,6600
1996-11-25,39.48020553588867,39.753740447222775,39.48020553588867,39.57138383966671,81200
1996-11-26,39.571380615234375,39.75373720793131,39.48020231888591,39.571380615234375,6800
1996-11-27,40.300804138183594,40.57433900789977,40.11844755837281,40.300804138183594,36000
1996-11-29,39.844913482666016,40.02727006611071,39.844913482666016,39.844913482666016,5100
1996-12-02,39.02432632446289,39.02432632446289,38.75079132686152,39.02432632446289,7200
1996-12-03,38.477230072021484,38.659586612647175,38.477230072021484,38.477230072021484,7600
1996-12-04,39.48020553588867,39.48020553588867,39.206670624554576,39.206670624554576,11300
1996-12-05,41.66847229003906,41.8508288427307,41.57729401369324,41.57729401369324,26400
1996-12-06,40.93905258178711,41.21258745427121,40.93905258178711,40.93905258178711,15200
1996-12-09,42.0331916809082,42.0331916809082,41.75965681096737,41.75965681096737,38700
1996-12-10,42.0331916809082,42.215548260868765,42.0331916809082,42.215548260868765,9400
1996-12-11,40.84787368774414,41.57730000359671,40.84787368774414,41.57730000359671,58500
1996-12-12,40.48316955566406,40.756704485094225,40.48316955566406,40.756704485094225,4900
1996-12-13,40.20962905883789,40.48316395039461,40.20962905883789,40.30080735602346,39500
1996-12-16,40.300804138183594,40.39198242808899,40.300804138183594,40.39198242808899,9200
1996-12-17,40.300804138183594,40.48316071799438,40.300804138183594,40.300804138183594,65400
1996-12-18,40.02728271484375,40.02728271484375,39.84492607377385,39.84492607377385,7600
1996-12-19,40.11845397949219,40.11845397949219,39.844919065995654,40.11845397949219,30500
1996-12-20,41.12141036987305,41.12141036987305,40.93905378286696,41.12141036987305,40000
1996-12-23,41.21260452270508,41.21260452270508,41.03024786552496,41.121426194115024,9500
1996-12-24,40.48316955566406,40.756704485094225,40.48316955566406,40.48316955566406,1300
1996-12-26,41.75965881347656,41.75965881347656,41.486123930418856,41.57730222477142,3500
1996-12-27,41.75965881347656,41.9420154021817,41.75965881347656,41.9420154021817,5600
1996-12-30,41.94200897216797,41.94200897216797,41.75965241141941,41.94200897216797,9500
1996-12-31,41.94200897216797,41.94200897216797,41.75965241141941,41.94200897216797,1200
1997-01-02,41.75965881347656,41.9420154021817,41.714069666300276,41.9420154021817,45200
1997-01-03,41.66847229003906,41.942007119076514,41.66847229003906,41.942007119076514,9000
1997-01-06,41.94200897216797,42.2155438132908,41.94200897216797,42.12436553291653,14300
1997-01-07,41.66847229003906,41.66847229003906,41.486115737347426,41.66847229003906,4700
1997-01-08,41.21260452270508,41.30378285129513,41.03024786552496,41.21260452270508,3600
1997-01-09,40.300804138183594,40.300804138183594,40.027269268467414,40.11844755837281,24700
1997-01-10,38.75077438354492,39.02430926154642,38.75077438354492,39.02430926154642,153200
1997-01-13,38.84196090698242,39.02431753095886,38.84196090698242,39.02431753095886,27800
1997-01-14,40.02728271484375,40.39199599698355,40.02728271484375,40.39199599698355,37100
1997-01-15,40.20962905883789,40.20962905883789,40.02727246446675,40.02727246446675,12000
1997-01-16,40.11845397949219,40.39198889298873,40.11845397949219,40.39198889298873,68200
1997-01-17,40.20962905883789,40.20962905883789,40.02727246446675,40.20962905883789,105300
1997-01-20,39.206668853759766,39.29784715341967,39.02431225443995,39.29784715341967,7100
1997-01-21,39.571380615234375,39.571380615234375,39.297845726188974,39.48020231888591,20000
1997-01-22,39.93609619140625,39.93609619140625,39.66256128598566,39.75373958779252,54300
1997-01-23,39.75373458862305,39.75373458862305,39.571378007941284,39.66255629828217,30400
1997-01-24,39.571380615234375,39.844915504279776,39.571380615234375,39.571380615234375,292000
1997-01-27,39.11549377441406,39.11549377441406,38.84195885291466,39.11549377441406,10000
1997-01-28,39.02432632446289,39.02432632446289,38.75079132686152,38.9331479919291,240300
1997-01-29,38.75077438354492,38.933130968879254,38.75077438354492,38.933130968879254,25700
1997-01-30,38.0213508605957,38.0213508605957,37.747815962318036,38.0213508605957,35200
1997-01-31,37.74782180786133,37.74782180786133,37.56546518077021,37.74782180786133,17600
1997-02-03,37.01838302612305,37.01838302612305,36.8360264594919,37.01838302612305,17100
1997-02-04,36.927207946777344,36.927207946777344,36.74485136432412,36.74485136432412,18300
1997-02-05,36.65366744995117,36.65366744995117,36.4713108954738,36.4713108954738,55400
1997-02-06,36.47132110595703,36.65367771148682,36.47132110595703,36.65367771148682,9500
1997-02-07,37.20075607299805,37.20075607299805,36.83604277816473,36.92722110187306,8800
1997-02-10,38.75077438354492,38.75077438354492,38.47723950554343,38.75077438354492,39100
1997-02-11,38.75077438354492,38.75077438354492,38.47723950554343,38.659596090877756,24000
1997-02-12,39.48020553588867,39.662562143444745,39.38902723211064,39.662562143444745,17000
1997-02-13,40.48316955566406,40.48316955566406,40.02727800661379,40.02727800661379,44700
1997-02-14,40.39199447631836,40.574351110522954,40.39199447631836,40.48317279342066,24300
1997-02-18,40.02728271484375,40.02728271484375,39.75374775323889,39.9361043943088,38100
1997-02-19,39.11549377441406,39.11549377441406,38.84195885291466,38.84195885291466,35200
1997-02-20,39.571380615234375,39.66255891158284,39.48020231888591,39.48020231888591,22900
1997-02-21,39.2978401184082,39.48019668508295,39.2978401184082,39.48019668508295,9500
1997-02-24,38.38605499267578,38.47723327056812,38.38605499267578,38.38605499267578,33000
1997-02-25,38.477230072021484,38.477230072021484,38.29487353139579,38.477230072021484,11800
1997-02-26,37.838993072509766,37.838993072509766,37.56545818282897,37.838993072509766,3200
1997-02-27,38.20370101928711,38.38605758739827,38.112522735231536,38.38605758739827,14300
1997-02-28,37.565460205078125,37.565460205078125,37.29192530067222,37.47428190360949,17700
1997-03-03,37.47427749633789,37.74781236857393,37.47427749633789,37.47427749633789,5100
1997-03-04,38.0213508605957,38.203707459447486,37.93017256116982,38.203707459447486,40700
1997-03-05,38.0213508605957,38.0213508605957,37.747815962318036,37.93017256116982,54100
1997-03-06,37.29191970825195,37.29191970825195,37.10956313266148,37.200741420456716,37900
1997-03-07,37.109561920166016,37.109561920166016,36.92720535053375,37.018383635349885,4700
1997-03-10,37.20075607299805,37.20075607299805,36.92722110187306,37.20075607299805,29700
1997-03-11,37.20075607299805,37.3831127204147,37.10957774928971,37.10957774928971,6700
1997-03-12,37.109561920166016,37.383096774614415,37.109561920166016,37.383096774614415,13500
1997-03-13,36.65366744995117,37.10955883614459,36.65366744995117,36.92720228166723,26900
1997-03-14,36.74484634399414,36.74484634399414,36.471311507686494,36.56248978645571,3200
1997-03-17,36.47132110595703,36.74485601425171,36.47132110595703,36.74485601425171,3400
1997-03-18,37.29191970825195,37.29191970825195,37.10956313266148,37.29191970825195,7000
1997-03-19,37.01838302612305,37.200739592754196,37.01838302612305,37.200739592754196,6500
1997-03-20,37.01838302612305,37.29191787606977,37.01838302612305,37.29191787606977,2800
1997-03-21,37.29191970825195,37.29191970825195,37.01838484486624,37.01838484486624,6300
1997-03-24,36.38013458251953,36.56249114684294,36.38013458251953,36.56249114684294,14400
1997-03-25,36.69929885864258,36.69929885864258,36.516715282231424,36.69929885864258,15400
1997-03-26,36.608009338378906,36.608009338378906,36.33413395679502,36.608009338378906,18400
1997-03-27,36.51670455932617,36.79057984352112,36.51670455932617,36.60799632072449,4200
1997-03-31,36.88187789916992,36.97316967614807,36.69929434521364,36.83623201068085,90700
1997-04-01,37.33833694458008,37.5209204993213,36.88187805772702,36.88187805772702,48500
1997-04-02,37.61221694946289,37.79480052688747,37.61221694946289,37.79480052688747,31800
1997-04-03,37.88609313964844,37.97738493034639,37.6122177675546,37.6122177675546,51400
1997-04-04,37.33833694458008,37.33833694458008,37.247045167209464,37.33833694458008,20000
1997-04-07,38.159969329833984,38.25126112248909,37.52092678124825,37.52092678124825,24300
1997-04-08,40.16837692260742,40.16837692260742,39.89450162540782,39.89450162540782,43600
1997-04-09,39.71192169189453,39.9857970139076,39.71192169189453,39.9857970139076,54900
1997-04-10,39.16416931152344,39.438044621394226,39.16416931152344,39.438044621394226,13300
1997-04-11,39.255462646484375,39.43804619367732,39.255462646484375,39.43804619367732,10600
1997-04-14,38.89030075073242,38.89030075073242,38.707717179132736,38.89030075073242,5500
1997-04-15,39.0728874206543,39.0728874206543,38.799012041537566,39.0728874206543,9900
1997-04-16,39.16416931152344,39.16416931152344,38.89029400165264,39.072877541566505,15700
1997-04-17,38.799007415771484,39.07288276223575,38.70771563361673,39.07288276223575,17800
1997-04-18,38.70771408081055,38.8902976377955,38.70771408081055,38.8902976377955,2200
1997-04-21,38.98159408569336,39.072885875121216,38.98159408569336,39.072885875121216,3000
1997-04-22,38.89030075073242,38.89030075073242,38.52513360753306,38.52513360753306,8500
1997-04-23,39.529327392578125,39.711910890927214,39.529327392578125,39.62061914175267,12500
1997-04-24,40.71614456176758,40.898728169667876,40.62485275781742,40.71614456176758,64700
1997-04-25,41.35518264770508,41.62905802947796,41.35518264770508,41.62905802947796,55200
1997-04-28,41.1725959777832,41.44647133905449,41.1725959777832,41.1725959777832,15400
1997-04-29,41.537750244140625,41.537750244140625,41.1725832090273,41.44645848536229,27900
1997-04-30,42.17680740356445,42.359390985398065,42.17680740356445,42.26809919448126,19300
1997-05-01,42.3593864440918,42.3593864440918,42.17680288183278,42.17680288183278,32700
1997-05-02,44.18522644042969,44.27651823059587,43.82005927976498,43.82005927976498,40100
1997-05-05,44.4590950012207,44.4590950012207,44.00263612030468,44.093927896487884,45000
1997-05-06,46.65009307861328,47.0152601477218,46.55880131133615,46.74138484589041,111300
1997-05-07,45.73719024658203,46.19364923107886,45.73719024658203,46.19364923107886,87200
1997-05-08,46.193634033203125,46.3762175669312,46.01105049947505,46.3762175669312,48200
1997-05-09,45.64589309692383,45.91976845550537,45.463309524536136,45.82847666931153,61700
1997-05-12,45.96540832519531,46.0110542123107,45.6458871153876,45.828470663849146,56500
1997-05-13,44.915550231933594,45.189425538225876,44.8242584631695,44.915550231933594,93200
1997-05-14,45.189430236816406,45.189430236816406,44.91555490204782,44.91555490204782,32600
1997-05-15,44.64167785644531,44.64167785644531,44.36780253217264,44.4590943069302,38800
1997-05-16,44.915550231933594,45.189425538225876,44.915550231933594,45.00684200069769,24100
1997-05-19,45.919769287109375,46.01106107495651,45.7371857114151,45.7371857114151,24700
1997-05-20,45.919769287109375,46.01106107495651,45.7371857114151,45.7371857114151,19600
1997-05-21,43.089725494384766,43.820059824798065,42.9984337030831,43.820059824798065,125600
1997-05-22,42.222450256347656,42.63326328586888,42.08551257984058,42.176804364178636,147400
1997-05-23,42.90713882446289,43.18101417866159,42.90713882446289,43.18101417866159,48900
1997-05-27,43.82006072998047,44.093936109542845,43.82006072998047,44.093936109542845,23400
1997-05-28,44.276512145996094,44.55038747885792,44.276512145996094,44.45909570123731,19800
1997-05-29,43.45487976074219,43.45487976074219,43.27229623233571,43.45487976074219,9100
1997-05-30,41.994224548339844,43.18101785079293,41.62905737835428,43.18101785079293,55100
1997-06-02,42.90713882446289,42.99843060919579,42.815847039729995,42.815847039729995,10700
1997-06-03,43.0440788269043,43.363600090730735,42.99843293207195,43.18101651140134,8400
1997-06-04,43.45487976074219,43.63746328914867,43.27229623233571,43.27229623233571,23800
1997-06-05,42.99842071533203,43.27229600651249,42.99842071533203,43.27229600651249,5700
1997-06-06,43.36359405517578,43.36359405517578,42.99842694734272,43.272302278217516,15200
1997-06-09,43.15818786621094,43.363594365838594,42.99842725538943,43.18101081061401,83600
1997-06-10,43.18102264404297,43.454898051933306,43.18102264404297,43.454898051933306,24700
1997-06-11,43.36359405517578,43.36359405517578,43.08971872430099,43.36359405517578,7500
1997-06-12,42.99842071533203,42.99842071533203,42.72454542415157,42.72454542415157,45300
1997-06-13,43.272308349609375,43.272308349609375,42.99843298030805,42.99843298030805,10900
1997-06-16,43.91135787963867,43.91135787963867,43.63748246666795,43.8200660753151,16800
1997-06-17,43.72876739501953,43.91135097495698,43.546183815082074,43.91135097495698,78200
1997-06-18,43.089725494384766,43.27230907698809,42.9984337030831,43.27230907698809,14600
1997-06-19,42.3593864440918,42.541970006350816,42.17680288183278,42.4506782252213,43500
1997-06-20,42.81584167480469,42.81584167480469,42.45067458162938,42.72454990151086,23300
1997-06-23,42.45067596435547,42.63325951689033,42.45067596435547,42.63325951689033,15000
1997-06-24,43.18102264404297,43.18102264404297,42.81585543352252,43.08973084141286,22100
1997-06-25,44.18522644042969,44.27651823059587,43.91135106993116,44.09393465026351,25000
1997-06-26,43.546173095703125,43.546173095703125,43.27229779321443,43.546173095703125,2800
1997-06-27,42.90713882446289,43.18101417866159,42.45067990079839,42.72455525499709,24600
1997-06-30,43.272308349609375,43.272308349609375,42.99843298030805,42.99843298030805,17100
1997-07-01,42.5419807434082,42.5419807434082,42.268105330896994,42.5419807434082,5400
1997-07-02,43.272308349609375,43.272308349609375,42.90714119054094,43.08972477007516,4000
1997-07-03,42.90713882446289,42.90713882446289,42.63326347026419,42.63326347026419,3800
1997-07-07,41.44646072387695,41.72033601500389,41.44646072387695,41.72033601500389,29400
1997-07-08,41.720340728759766,41.720340728759766,41.44646540668913,41.720340728759766,12000
1997-07-09,41.81163787841797,42.085513235700176,41.81163787841797,42.085513235700176,8400
1997-07-10,41.994224548339844,41.994224548339844,41.720349170850675,41.720349170850675,7800
1997-07-11,42.3593864440918,42.541970006350816,42.3593864440918,42.3593864440918,6400
1997-07-14,42.633277893066406,42.724569708683255,42.633277893066406,42.724569708683255,3800
1997-07-15,42.67890548706055,42.99842670461073,42.63325959883909,42.90713492816782,15100
1997-07-16,43.63745880126953,43.63745880126953,43.36358353682642,43.63745880126953,10500
1997-07-17,44.276512145996094,44.276512145996094,44.00263681313426,44.276512145996094,25300
1997-07-18,43.546173095703125,43.546173095703125,43.36358956071066,43.454881328206895,10100
1997-07-21,43.18102264404297,43.36360624930319,43.18102264404297,43.18102264404297,2200
1997-07-22,43.82006072998047,43.82006072998047,43.45489355723063,43.45489355723063,9200
1997-07-23,43.72876739501953,44.09393455489443,43.72876739501953,44.09393455489443,5100
1997-07-24,44.3678092956543,44.550392873002664,44.18522571830592,44.18522571830592,5500
1997-07-25,44.3678092956543,44.550392873002664,44.3678092956543,44.45910108432848,36400
1997-07-28,44.732975006103516,45.098142149010485,44.732975006103516,44.915558577557,48100
1997-07-29,45.09814453125,45.09814453125,44.73297736905364,45.09814453125,22800
1997-07-30,44.732975006103516,44.915558577557,44.732975006103516,44.82426679183026,32900
1997-07-31,44.82426452636719,45.18943165081824,44.82426452636719,45.00684808859272,28100
1997-08-01,43.63745880126953,43.63745880126953,43.27229178201205,43.36358353682642,22900
1997-08-04,40.99000549316406,40.99000549316406,40.442254862965875,40.442254862965875,59900
1997-08-05,39.16416931152344,39.16416931152344,38.79900223169571,39.072877541566505,66800
1997-08-06,40.35096740722656,40.442259188690876,39.71192493697637,39.940154390637154,91600
1997-08-07,40.25967788696289,40.350969673554644,40.07709431377939,40.07709431377939,13900
1997-08-08,40.89870834350586,41.26387538228716,40.89870834350586,41.08129186289651,31600
1997-08-11,39.89452362060547,39.89452362060547,39.529356356343634,39.529356356343634,21300
1997-08-12,39.34675598144531,39.52933953588357,39.25546420422618,39.52933953588357,9900
1997-08-13,39.255462646484375,39.255462646484375,38.98158732569495,39.255462646484375,17100
1997-08-14,40.71614456176758,40.99001997361803,40.71614456176758,40.99001997361803,68900
1997-08-15,41.263893127441406,41.53776852430496,41.17260132848689,41.53776852430496,30800
1997-08-18,41.44646072387695,41.44646072387695,41.17258543275001,41.17258543275001,21900
1997-08-19,40.89870834350586,40.89870834350586,40.62483306441988,40.89870834350586,6900
1997-08-20,40.71614456176758,40.71614456176758,40.35097734596697,40.71614456176758,19000
1997-08-21,39.16416931152344,39.25546108148037,38.89029400165264,39.25546108148037,25900
1997-08-22,38.433841705322266,38.433841705322266,38.06867456322894,38.342549919798934,134300
1997-08-25,38.61642837524414,38.61642837524414,38.25126120384703,38.25126120384703,26400
1997-08-26,39.43804931640625,39.89450822053132,39.43804931640625,39.62063287805628,40300
1997-08-27,38.52513122558594,38.61642300574135,38.25125588511969,38.61642300574135,18900
1997-08-28,38.61642837524414,38.981595546641245,38.61642837524414,38.70772016809342,5100
1997-08-29,38.52513122558594,38.707714785896776,38.52513122558594,38.707714785896776,1200
1997-09-02,38.61642837524414,38.61642837524414,38.15996941099775,38.342552996696305,47700
1997-09-03,39.985801696777344,40.16838526616902,39.8945099120815,40.07709348147318,17400
1997-09-04,40.62484359741211,40.80742716414205,40.442260030682164,40.716135380777075,24000
1997-09-05,40.4422492980957,40.4422492980957,40.168374020681966,40.168374020681966,21000
1997-09-08,40.35096740722656,40.35096740722656,40.07709206283362,40.07709206283362,2900
1997-09-09,40.80742645263672,40.99001001618319,40.71613467086348,40.99001001618319,28900
1997-09-10,40.89870834350586,41.08129186289651,40.89870834350586,40.89870834350586,5900
1997-09-11,40.077091217041016,40.624841894267085,40.077091217041016,40.624841894267085,17600
1997-09-12,40.077091217041016,40.350966555654054,39.66627820912146,40.16838299657869,14000
1997-09-15,40.16837692260742,40.44225221980702,40.07708515687422,40.07708515687422,1700
1997-09-16,41.081295013427734,41.081295013427734,40.44225264655219,40.44225264655219,30400
1997-09-17,40.55636978149414,40.8987139270892,40.53354683845447,40.71613038277184,20700
1997-09-18,41.62904739379883,41.62904739379883,41.44646385259796,41.44646385259796,9100
1997-09-19,42.90713882446289,42.99843060919579,42.63326347026419,42.99843060919579,26000
1997-09-22,44.276512145996094,44.45909570123731,44.276512145996094,44.45909570123731,10000
1997-09-23,44.3678092956543,44.550392873002664,44.3678092956543,44.3678092956543,33800
1997-09-24,45.69153594970703,46.01105718012457,45.645890059647385,45.645890059647385,28500
1997-09-25,44.83833312988281,45.02134673449458,44.83833312988281,45.02134673449458,27100
1997-09-26,44.380794525146484,44.380794525146484,44.01476735380507,44.10627414664042,30100
1997-09-29,44.014774322509766,44.28929474447968,44.014774322509766,44.28929474447968,4500
1997-09-30,44.655311584472656,44.83832515654017,44.5638047984389,44.74681837050642,18800
1997-10-01,44.92983627319336,44.92983627319336,44.56380909377834,44.8383294783396,20700
1997-10-02,44.380794525146484,44.380794525146484,44.19778093947578,44.380794525146484,6100
1997-10-03,44.380794525146484,44.56380811081719,44.19778093947578,44.56380811081719,16300
1997-10-06,44.655311584472656,44.655311584472656,44.47229801240515,44.5638047984389,6300
1997-10-07,43.64873504638672,43.923255392590406,43.64873504638672,43.923255392590406,4100
1997-10-08,44.28929138183594,44.65531858333871,44.28929138183594,44.380798182211635,2900
1997-10-09,44.472293853759766,44.472293853759766,44.19777352132915,44.19777352132915,8500
1997-10-10,44.28929138183594,44.56381178296302,44.28929138183594,44.28929138183594,4200
1997-10-13,44.563812255859375,44.563812255859375,44.28929185181918,44.28929185181918,2500
1997-10-14,44.655311584472656,44.655311584472656,44.47229801240515,44.655311584472656,10400
1997-10-15,46.119422912597656,46.119422912597656,45.84490253811791,45.93640932961116,19200
1997-10-16,46.9429931640625,47.5835408290692,46.9429931640625,47.5835408290692,46800
1997-10-17,47.21751022338867,47.58353743442269,46.85148301235465,47.492030631664186,30300
1997-10-20,46.57695388793945,46.57695388793945,46.210926745401615,46.210926745401615,13900
1997-10-21,46.668453216552734,46.668453216552734,46.39393290351419,46.39393290351419,9100
1997-10-22,46.393951416015625,46.759978646122256,46.027924185908994,46.759978646122256,14000
1997-10-23,43.282718658447266,44.0147730966451,43.0997050488978,43.92326629187038,63500
1997-10-24,43.69449234008789,44.28928647665453,43.69449234008789,44.10627289617249,45400
1997-10-27,41.91010284423828,43.740238339619864,41.8185960694692,43.557224790081705,49000
1997-10-28,44.06052017211914,44.1062735679365,41.544083402164254,41.635590193798976,81700
1997-10-29,43.37422561645508,43.7402528368471,43.09970520116106,43.55723922665109,24700
1997-10-30,40.99504470825195,41.91011267048972,40.99504470825195,41.91011267048972,38200
1997-10-31,41.17807388305664,41.361087544759116,40.995060221354166,40.995060221354166,17400
1997-11-03,42.2761344909668,42.2761344909668,41.17805307561701,41.26955986022949,44100
1997-11-04,40.07997131347656,40.53750523258018,39.8054509620144,40.26298488111801,28600
1997-11-05,39.347930908203125,39.439437724268714,39.256424092137536,39.439437724268714,47900
1997-11-06,39.530941009521484,39.530941009521484,39.34792739373667,39.530941009521484,7900
1997-11-07,38.341346740722656,38.43285353485326,37.883812770069646,38.43285353485326,27700
1997-11-10,38.70738220214844,38.981902643298426,38.43286176099845,38.43286176099845,22800
1997-11-11,39.164913177490234,39.164913177490234,38.79888595153238,39.07340637100077,7300
1997-11-12,37.97532653808594,38.615874214631965,37.97532653808594,38.615874214631965,18800
1997-11-13,39.25641632080078,39.25641632080078,38.61586873514669,38.98189592694903,30400
1997-11-14,39.11916732788086,39.256427564119036,37.88382520173725,37.88382520173725,49200
1997-11-17,39.805458068847656,40.17148526948074,39.805458068847656,40.07997846932247,16900
1997-11-18,39.713951110839844,40.262991909607216,39.439430711456154,40.262991909607216,19700
1997-11-19,39.347930908203125,39.347930908203125,38.70738319574401,38.7988900118096,19500
1997-11-20,40.446006774902344,40.446006774902344,39.622445550978995,39.9884727616116,10000
1997-11-21,40.21722412109375,41.72708577751707,39.439416601118104,41.72708577751707,138700
1997-11-24,39.713951110839844,40.17148510981265,39.53093751125072,39.8054579106344,34200
1997-11-25,40.354496002197266,40.6290163831646,39.62244165295106,39.62244165295106,49000
1997-11-26,41.54407501220703,41.63558178536167,40.99503437327918,40.99503437327918,66700
1997-11-28,42.001617431640625,42.18463101522076,41.91011063985056,42.09312422343069,10400
1997-12-01,42.367645263671875,42.45915205689795,42.00161809076758,42.367645263671875,14800
1997-12-02,42.001617431640625,42.27613780701083,42.001617431640625,42.09312422343069,8400
1997-12-03,41.63558578491211,41.727092566856975,41.36106543907753,41.63558578491211,21500
1997-12-04,40.99504470825195,41.26956509692328,40.90353791202818,41.26956509692328,4500
1997-12-05,41.54407501220703,41.63558178536167,41.36106146589775,41.36106146589775,17300
1997-12-08,41.08654022216797,41.26955376436025,40.903526679975684,40.995033451071826,7600
1997-12-09,41.818607330322266,41.91011412973216,41.635593731502475,41.818607330322266,48900
1997-12-10,41.818607330322266,42.36764812678164,41.818607330322266,42.36764812678164,26800
1997-12-11,41.54407501220703,41.54407501220703,41.086541146433824,41.45256823905239,31100
1997-12-12,41.17807388305664,41.26958071390788,40.90355339050293,41.17807388305664,27500
1997-12-15,41.91010284423828,42.00160961900736,41.54407574516196,41.72708929470012,13200
1997-12-16,40.903533935546875,41.086547510202564,40.720520360891186,40.903533935546875,28000
1997-12-17,41.68135452270508,42.16176530479992,41.68135452270508,42.16176530479992,27700
1997-12-18,40.81202697753906,41.910108420880924,40.537506616703595,41.910108420880924,40000
1997-12-19,40.62901306152344,40.81202663387264,40.26298591682503,40.53750627534884,20400
1997-12-22,39.48518371582031,39.48518371582031,38.98189632199178,39.25641671862552,43300
1997-12-23,39.530941009521484,39.6224478174139,39.25642058584425,39.30217398979046,9700
1997-12-24,39.8969612121582,40.17148158747122,39.8969612121582,39.8969612121582,1800
1997-12-26,41.269569396972656,41.452583008489164,41.1780625912144,41.452583008489164,3500
1997-12-29,41.91010284423828,42.00160961900736,41.63558251993104,42.00160961900736,5400
1997-12-30,42.2761344909668,42.367641275579274,42.001614137129344,42.001614137129344,8800
1997-12-31,42.001617431640625,42.367644598800894,42.001617431640625,42.27613780701083,8500
1998-01-02,42.09312438964844,42.09312438964844,41.727097221042804,41.727097221042804,81700
1998-01-05,39.94271469116211,40.17148167106567,39.94271469116211,40.17148167106567,18100
1998-01-06,39.98847579956055,40.1714894187805,39.896968989950565,39.896968989950565,7200
1998-01-07,40.72052764892578,40.90354125633669,40.491760639662154,40.90354125633669,33600
1998-01-08,40.674766540527344,40.72051993371129,40.26298600187183,40.72051993371129,14000
1998-01-09,40.354496002197266,40.94929016095981,40.171482414885716,40.72052317682037,23200
1998-01-12,40.766273498535156,40.766273498535156,40.07997259788641,40.07997259788641,55000
1998-01-13,40.85778045654297,40.85778045654297,40.35449312729104,40.35449312729104,4500
1998-01-14,41.3610725402832,41.63559293324968,41.178058944972214,41.63559293324968,10900
1998-01-15,41.17807388305664,41.54410120646159,41.17807388305664,41.54410120646159,8000
1998-01-16,43.008201599121094,43.64874928251226,43.008201599121094,43.09970841103412,26100
1998-01-20,43.008201599121094,43.008201599121094,42.642174351469,43.008201599121094,14000
1998-01-21,42.82517623901367,43.00818981268467,42.55065587850717,43.00818981268467,5100
1998-01-22,41.452571868896484,41.91010577473419,41.452571868896484,41.54407865006402,4200
1998-01-23,42.184635162353516,42.55066236549758,42.00162156078149,42.459155564711565,8700
1998-01-26,42.2761344909668,42.64216162941673,42.18462770635431,42.18462770635431,9800
1998-01-27,41.72709655761719,41.91011013901025,41.452576185527604,41.818603348313715,8200
1998-01-28,41.498313903808594,41.498313903808594,40.90351998898003,41.45256052574486,20600
1998-01-29,41.17807388305664,41.727114868164065,41.17807388305664,41.17807388305664,8400
1998-01-30,41.17807388305664,41.17807388305664,40.62903289794922,41.17807388305664,14300
1998-02-02,41.91010284423828,41.91010284423828,41.08654187131657,41.36106219562381,15300
1998-02-03,41.68135452270508,41.8643681539793,41.36108066797518,41.8643681539793,6900
1998-02-04,41.406829833984375,41.5440900433788,41.26956962458995,41.3610764308529,13900
1998-02-05,41.72709655761719,41.77284995296545,41.315315999482806,41.72709655761719,6000
1998-02-06,40.99504470825195,41.08655150447573,40.58326412524496,40.99504470825195,7500
1998-02-09,40.94929504394531,40.94929504394531,40.62902122795915,40.94929504394531,7600
1998-02-10,41.08654022216797,41.08654022216797,40.62900636668726,40.62900636668726,19900
1998-02-11,41.22380447387695,41.22380447387695,40.629010402666744,41.08654430359767,14500
1998-02-12,40.72052764892578,40.81203445263123,40.262993630398526,40.262993630398526,6100
1998-02-13,39.25641632080078,39.25641632080078,38.89038912899844,38.89038912899844,72000
1998-02-17,39.347930908203125,39.62245135639989,39.07341046000636,39.07341046000636,6300
1998-02-18,39.347930908203125,39.347930908203125,38.7988900118096,39.256424092137536,11500
1998-02-19,38.70738220214844,38.70738220214844,38.52436857471511,38.661628795290106,30700
1998-02-20,38.43284606933594,38.844626562935964,38.43284606933594,38.844626562935964,20000
1998-02-23,38.295597076416016,38.295597076416016,38.06683006879107,38.249843674891025,10200
1998-02-24,38.43284606933594,38.43284606933594,37.70079185849144,37.83805202302479,47600
1998-02-25,38.43284606933594,38.61585962204706,38.249832516624814,38.249832516624814,8400
1998-02-26,39.8969612121582,39.8969612121582,38.93613989856265,39.16490687799016,29200
1998-02-27,40.17147445678711,40.537501558899066,40.07996768125912,40.07996768125912,39400
1998-03-02,40.62901306152344,40.903533420047246,40.35449270299963,40.903533420047246,9700
1998-03-03,40.26297378540039,40.26297378540039,40.034206888892435,40.17146702679721,9600
1998-03-04,40.446006774902344,40.537513577560496,40.262993169586046,40.537513577560496,14500
1998-03-05,39.98847579956055,40.1714894187805,39.71395537073061,39.71395537073061,15800
1998-03-06,39.8969612121582,40.26298837924222,39.759701024501695,40.217234983356725,16700
1998-03-09,40.17147445678711,40.17147445678711,39.85120074243915,39.98846090573113,6500
1998-03-10,39.48518371582031,39.53093711525927,39.16490991974761,39.53093711525927,19700
1998-03-11,38.06681823730469,38.15832501191359,37.700791138869064,37.883804688086876,34400
1998-03-12,37.83806228637695,38.02107588872944,37.609295283436346,37.792308885788835,18100
1998-03-13,38.93614959716797,38.98190300445019,38.06683485880582,38.06683485880582,33500
1998-03-16,39.21066665649414,39.21066665649414,38.79888602649595,38.79888602649595,5600
1998-03-17,38.84463119506836,39.11915155687096,38.615864226899525,38.70737101416706,10300
1998-03-18,37.88380813598633,37.88380813598633,37.33476743836334,37.700794570112,24200
1998-03-19,37.83806228637695,37.975322488141316,37.74655548520071,37.9295690875532,18900
1998-03-20,37.97532653808594,37.97532653808594,37.7008061052805,37.7008061052805,15100
1998-03-23,37.517784118652344,37.65504430445229,37.197510351785795,37.65504430445229,36300
1998-03-24,37.79230499267578,37.79230499267578,37.33477103392668,37.51778461742632,25800
1998-03-25,37.70079803466797,37.883811617360536,37.243264077936566,37.609291243321685,81600
1998-03-26,39.275489807128906,39.275489807128906,38.21895616319444,38.21895616319444,66500
1998-03-27,38.77019119262695,38.862063683604745,38.31082873773801,38.67831870164917,19200
1998-03-30,37.75959014892578,37.85146263103996,37.48397270258326,37.48397270258326,23700
1998-03-31,38.77019119262695,39.183617402027004,38.72425494713806,38.95393617458253,29400
1998-04-01,38.77019119262695,38.862063683604745,38.54050996518248,38.77019119262695,9900
1998-04-02,37.71365737915039,37.851466115006,37.48397615272439,37.66772113386519,50300
1998-04-03,37.2083625793457,37.2083625793457,36.74900007836613,36.93274507875796,46100
1998-04-06,37.2083625793457,37.392107579737534,37.02461757895387,37.02461757895387,11900
1998-04-07,37.3921012878418,37.48397377257851,37.11648383363166,37.11648383363166,33400
1998-04-08,38.86206817626953,39.18362193186514,37.483980652288345,38.03521566188082,54800
1998-04-09,39.459232330322266,39.688913542955106,38.95393366253001,38.95393366253001,57500
1998-04-13,39.5970344543457,39.87265186354068,39.5970344543457,39.78077939380903,21100
1998-04-14,39.41329574584961,39.78078568287385,39.32142326159355,39.597040714361725,28300
1998-04-15,39.41329574584961,39.41329574584961,39.22955077733749,39.41329574584961,101200
1998-04-16,38.081146240234375,38.081146240234375,37.85146502045009,37.943337508363804,26500
1998-04-17,38.12708282470703,38.3108278021755,37.94333784723857,37.94333784723857,12300
1998-04-20,38.218955993652344,38.218955993652344,37.85146603217492,37.85146603217492,20800
1998-04-21,38.67832565307617,38.67832565307617,38.21896311562871,38.58645314558668,11600
1998-04-22,38.63237762451172,39.04580378220566,38.58644138476795,38.58644138476795,13200
1998-04-23,38.953941345214844,38.953941345214844,38.40270632617879,38.40270632617879,8600
1998-04-24,39.229557037353516,39.64298328247785,38.95393954060396,39.413302035186554,18400
1998-04-27,38.218955993652344,38.26489223883703,37.85146603217492,37.85146603217492,9000
1998-04-28,38.12708282470703,38.21895531344127,37.94333784723857,37.98927409160568,11800
1998-04-29,38.40270233154297,38.40270233154297,38.08114860388651,38.12708485069457,18500
1998-04-30,38.58644485473633,38.58644485473633,38.17301865986415,38.58644485473633,9700
1998-05-01,38.03521728515625,38.402707307235055,38.03521728515625,38.03521728515625,5600
1998-05-04,38.40270233154297,38.40270233154297,38.03521235707844,38.03521235707844,6100
1998-05-05,38.35676956176758,38.402705812739754,38.35676956176758,38.402705812739754,2800
1998-05-06,37.98927688598633,38.21895812471659,37.85146814274817,37.85146814274817,6900
1998-05-07,37.667747497558594,37.85149260730278,37.39212983294231,37.85149260730278,27100
1998-05-08,37.438045501708984,37.85147177105301,37.39210924955965,37.62179051030633,16500
1998-05-11,38.77019119262695,38.95393617458253,38.035211264804644,38.035211264804644,44900
1998-05-12,38.35676956176758,38.586450816628464,38.35676956176758,38.586450816628464,24500
1998-05-13,37.94334411621094,37.94334411621094,37.66772660447091,37.75959910838425,11200
1998-05-14,37.71365737915039,37.9433386055764,37.57584864329479,37.57584864329479,3200
1998-05-15,37.3921012878418,37.75959122678864,37.300228803105085,37.75959122678864,30300
1998-05-18,37.11648178100586,37.208354260661814,37.11648178100586,37.11648178100586,3800
1998-05-19,37.483978271484375,37.483978271484375,37.20836078419405,37.483978271484375,8200
1998-05-20,36.9327507019043,36.9327507019043,36.61119690226085,36.74900567353661,21100
1998-05-21,37.5299072265625,37.575843465517906,37.4839709876071,37.5299072265625,8400
1998-05-22,37.300235748291016,37.438044501055636,37.162426995526396,37.3921082501341,7700
1998-05-26,37.11648178100586,37.39209921997373,37.11648178100586,37.16241802083384,20300
1998-05-27,37.11648178100586,37.30022674031777,37.11648178100586,37.30022674031777,5200
1998-05-28,37.300235748291016,37.300235748291016,36.93274574091869,36.93274574091869,6600
1998-05-29,36.74900436401367,36.74900436401367,36.61119559764862,36.74900436401367,6800
1998-06-01,35.187164306640625,35.73839925661411,35.187164306640625,35.64652676495186,41300
1998-06-02,35.92214584350586,35.92214584350586,35.554655860452094,35.554655860452094,24600
1998-06-03,36.01402282714844,36.151831587966605,35.92215031993632,35.92215031993632,10800
1998-06-04,36.10588836669922,36.243697100923264,36.10588836669922,36.10588836669922,7500
1998-06-05,36.01402282714844,36.01402282714844,35.738405305512096,36.01402282714844,6000
1998-06-08,35.73841094970703,36.01402851487187,35.73841094970703,35.73841094970703,7900
1998-06-09,36.01402282714844,36.28964034878478,35.87621406633027,36.28964034878478,4900
1998-06-10,36.01402282714844,36.01402282714844,35.60059654469393,35.64653279829999,13000
1998-06-11,35.37091827392578,36.014025878906246,35.27904575892857,35.92215336390904,37000
1998-06-12,35.508724212646484,35.738405481809785,35.46278795881383,35.64653297414446,14800
1998-06-15,35.37091827392578,35.5546633039202,35.27904575892857,35.5546633039202,12500
1998-06-16,35.37091827392578,35.64653581891741,35.27904575892857,35.46279078892299,9500
1998-06-17,37.667747497558594,37.759620052430684,35.83029640011671,35.83029640011671,25900
1998-06-18,36.97869110107422,36.97869110107422,36.47339221646327,36.97869110107422,10800
1998-06-19,37.2083625793457,37.759597580521195,37.11649007914979,37.2083625793457,16500
1998-06-22,36.38150405883789,36.47337654383495,36.01401411884963,36.47337654383495,19800
1998-06-23,36.10588836669922,36.10588836669922,36.01401587721652,36.10588836669922,4400
1998-06-24,36.059959411621094,36.19776817370372,35.83027814148338,35.83027814148338,7100
1998-06-25,35.92214584350586,36.197763330796185,35.92214584350586,36.014018339269306,11100
1998-06-26,35.83028030395508,35.92215281755496,35.64653527675531,35.64653527675531,3500
1998-06-29,35.87620544433594,36.105886657167794,35.73839671663682,35.73839671663682,10500
1998-06-30,38.12708282470703,38.21895531344127,36.19776056128812,36.19776056128812,65600
1998-07-01,38.5405158996582,38.5405158996582,38.21896213172303,38.21896213172303,74000
1998-07-02,36.97869110107422,37.20837241226101,36.565264740937984,36.749009789887424,16300
1998-07-06,36.74900436401367,37.11649440765381,36.74900436401367,37.11649440765381,3000
1998-07-07,37.3921012878418,37.66771874205193,37.3921012878418,37.621782499683576,5500
1998-07-08,37.71365737915039,37.71365737915039,37.30023117158358,37.66772113386519,8200
1998-07-09,37.2083625793457,37.48398007993345,36.74900007836613,37.48398007993345,14200
1998-07-10,36.65713119506836,36.65713119506836,36.197768648764246,36.47338617654671,16400
1998-07-13,36.65713119506836,36.65713119506836,36.47338617654671,36.47338617654671,7300
1998-07-14,37.75959014892578,37.75959014892578,36.74899284566986,36.74899284566986,30500
1998-07-15,37.11648178100586,37.483971699629684,37.11648178100586,37.483971699629684,7600
1998-07-16,37.438045501708984,37.529918006007655,37.438045501708984,37.529918006007655,7200
1998-07-17,37.94334411621094,37.94334411621094,37.48398159664422,37.851471612297594,41500
1998-07-20,37.897396087646484,38.08114103837446,37.75958737460049,37.94333232532848,26500
1998-07-21,37.483978271484375,37.66772326301126,37.11648828843061,37.57585076724782,14300
1998-07-22,36.65713119506836,37.02462123211165,36.47338617654671,37.02462123211165,4900
1998-07-23,36.38150405883789,36.74899399882615,36.38150405883789,36.74899399882615,4900
1998-07-24,36.56525802612305,37.02462056413967,36.56525802612305,37.02462056413967,31700
1998-07-27,36.01402282714844,36.38151285599689,36.01402282714844,36.38151285599689,4600
1998-07-28,36.01402282714844,36.473385363209005,36.01402282714844,36.473385363209005,4100
1998-07-29,35.96807861328125,36.10588734360034,35.784333639522465,35.83026988296216,31700
1998-07-30,36.10588836669922,36.28963334566461,35.96807963247518,36.28963334566461,34100
1998-07-31,35.96807861328125,36.47337729111789,35.96807861328125,36.47337729111789,3300
1998-08-03,35.96807861328125,36.197759830479725,35.69246115264308,35.784333639522465,3400
1998-08-04,35.55464553833008,36.01400788378654,35.55464553833008,35.69245424196702,14700
1998-08-05,35.55464553833008,36.05994411833218,35.55464553833008,35.64651800742137,3300
1998-08-06,35.279029846191406,35.50871103008588,35.279029846191406,35.462774793306984,5200
1998-08-07,35.37091827392578,35.37091827392578,34.91155569893973,34.91155569893973,10600
1998-08-10,35.09530258178711,35.09530258178711,34.54406746270145,35.09530258178711,18500
1998-08-11,34.08469009399414,34.45218001414502,34.03875385397528,34.17656257403186,19300
1998-08-12,34.54405212402344,34.54405212402344,34.26843468686368,34.36030716591693,134500
1998-08-13,33.99283218383789,34.176577222669444,33.99283218383789,34.084704703253664,6800
1998-08-14,33.44158172607422,33.80907163515196,33.349709248804785,33.44158172607422,16900
1998-08-17,33.16598129272461,33.16598129272461,32.706618670941715,32.7984911952983,15600
1998-08-18,33.44158172607422,33.44158172607422,32.89034686245761,33.257836771535345,8100
1998-08-19,34.176570892333984,34.36031589713148,33.809080882738996,34.36031589713148,3500
1998-08-20,34.63593673706055,34.72780924829943,34.40625545896333,34.40625545896333,16800
1998-08-21,33.625343322753906,33.80908836823344,33.18894883974003,33.34972575453461,8000
1998-08-24,33.0740966796875,33.0740966796875,32.52286173502604,33.0740966796875,2500
1998-08-25,32.890357971191406,33.07410298779024,32.70661295459257,32.890357971191406,16900
1998-08-26,32.0175666809082,32.43099293647229,31.925694179671737,32.33912043523583,7600
1998-08-27,30.869163513183594,31.420398575919016,30.869163513183594,31.420398575919016,10700
1998-08-28,30.13418197631836,30.869162024521245,30.134181976318356,30.685417012470523,19600
1998-08-31,30.869163513183594,31.420398575919016,30.77729100272769,30.869163513183594,12500
1998-09-01,32.4769401550293,32.89036655021354,32.01757749371347,32.01757749371347,20600
1998-09-02,31.78787612915039,32.155366026597214,31.78787612915039,31.78787612915039,10800
1998-09-03,32.3391227722168,32.890357819470495,32.3391227722168,32.52286778796803,13800
1998-09-04,32.24724578857422,32.752544511757,32.06350079832593,32.29318203613629,27500
1998-09-08,35.049354553222656,35.55465324271866,35.049354553222656,35.049354553222656,122800
1998-09-09,32.4769401550293,33.07411161473988,32.4769401550293,32.706621485687215,4600
1998-09-10,32.61473083496094,32.890348278636665,32.61473083496094,32.70660331618618,3500
1998-09-11,32.3391227722168,32.3391227722168,31.741951471025295,32.3391227722168,8700
1998-09-14,31.052902221679688,31.052902221679688,30.317922287438748,30.869157238119453,42400
1998-09-15,30.869163513183594,30.961036023639497,30.685418492271786,30.869163513183594,10700
1998-09-16,30.685400009155273,30.685400009155273,30.134165278451885,30.134165278451885,11100
1998-09-17,30.08824348449707,30.50166973084894,30.08824348449707,30.180115983686374,3100
1998-09-18,31.1447696685791,31.1447696685791,30.86915223788371,31.1447696685791,2700
1998-09-21,30.501676559448242,30.68542159896299,30.31793151993349,30.68542159896299,12200
1998-09-22,30.31792449951172,30.685414493445194,30.13417950254498,30.685414493445194,8000
1998-09-23,31.236652374267578,31.236652374267578,30.18011854396147,30.27199105094461,62700
1998-09-24,30.869163513183594,31.144781044551305,30.547609726587932,30.685418492271786,10900
1998-09-25,31.332141876220703,31.332141876220703,31.14783515930176,31.14783515930176,2300
1998-09-28,32.99089813232422,33.35951151927756,32.99089813232422,32.99089813232422,41600
1998-09-29,34.28104782104492,34.46535452976022,34.00458775797198,34.46535452976022,20100
1998-09-30,33.083038330078125,33.63595819074796,32.990885019966484,33.63595819074796,7900
1998-10-01,32.3458251953125,32.62228523971688,32.06936515090812,32.62228523971688,3900
1998-10-02,32.62228775024414,32.8065944606975,32.25367432933743,32.8065944606975,4200
1998-10-05,31.51643943786621,32.06935942800422,31.378209440331712,32.06935942800422,6400
1998-10-06,32.43798065185547,32.990900776603006,32.161520589481704,32.25367394360629,41600
1998-10-07,36.031959533691406,36.53880295424206,33.12912903417407,33.12912903417407,94900
1998-10-08,33.405582427978516,35.202572379276674,33.08304577005321,35.202572379276674,35800
1998-10-09,34.5574951171875,34.5574951171875,33.22127197265625,33.2673486328125,14000
1998-10-12,36.58488082885742,36.58488082885742,35.9398073633612,35.9398073633612,16400
1998-10-13,34.51143264770508,34.51143264770508,33.58989906565688,33.58989906565688,16700
1998-10-14,34.0506591796875,34.64965589056157,33.91242916948579,34.32711920009091,6400
1998-10-15,35.75550079345703,36.40057426138023,34.465353857610644,34.465353857610644,40600
1998-10-16,37.50640869140625,38.059328721254985,37.41425535309813,37.78286870633062,43000
1998-10-19,38.888710021972656,39.073016704541246,38.888710021972656,38.888710021972656,35700
1998-10-20,39.07302474975586,39.441638190791295,38.796564668979286,38.796564668979286,49400
1998-10-21,39.34947967529297,39.81024641622145,39.16517297892157,39.34947967529297,18000
1998-10-22,37.50640869140625,37.50640869140625,36.861335323249385,37.229948676481875,5000
1998-10-23,36.12411880493164,36.30842553352823,35.801582029887605,35.801582029887605,5500
1998-10-26,35.386878967285156,35.386878967285156,35.29472563664118,35.386878967285156,2200
1998-10-27,35.66333770751953,35.66333770751953,35.27168606602868,35.47903105270031,24100
1998-10-28,35.386878967285156,35.66333895921707,35.20257230599721,35.20257230599721,5000
1998-10-29,36.49272155761719,36.76918156941732,36.40056822035048,36.76918156941732,4300
1998-10-30,35.75550079345703,36.12411420369886,35.38688738321521,35.38688738321521,9300
1998-11-02,39.07302474975586,39.16517811001472,37.78287770613185,37.78287770613185,50900
1998-11-03,38.888710021972656,39.21124671646769,38.52009665683548,38.52009665683548,7900
1998-11-04,39.1651725769043,39.9023993548225,39.1651725769043,39.25732592414408,25200
1998-11-05,38.56618881225586,38.88872563625322,37.96719185340362,38.151498609973544,14900
1998-11-06,37.598567962646484,37.782874668345734,37.18387787482318,37.18387787482318,3900
1998-11-09,36.30842971801758,36.677043217692884,36.0319695932611,36.677043217692884,12800
1998-11-10,35.386878967285156,35.5711856285731,35.01826564470927,35.5711856285731,12400
1998-11-11,36.49272155761719,36.815258238050674,36.124108208550346,36.21626154581706,4500
1998-11-12,35.47904586791992,35.847659331482724,35.15650908730247,35.38689250202922,8000
1998-11-13,36.17019271850586,36.584882826106565,36.031962682638955,36.584882826106565,7100
1998-11-16,38.28972244262695,38.888719303943624,38.28972244262695,38.3357991242667,33900
1998-11-17,38.335792541503906,38.61225258387052,38.05933249913729,38.61225258387052,4800
1998-11-18,37.736793518066406,37.96717687287756,37.736793518066406,37.96717687287756,3100
1998-11-19,37.87501907348633,37.87501907348633,37.32209908701208,37.41425241809112,6100
1998-11-20,38.42795944213867,38.98087972188167,38.42795944213867,38.65834289203159,11000
1998-11-23,39.81024169921875,39.81024169921875,38.566171646118164,38.566171646118164,30900
1998-11-24,39.119083404541016,39.85630994691163,39.119083404541016,39.44162001682816,34700
1998-11-25,39.07302474975586,39.25733147027358,38.70441130872043,38.70441130872043,2000
1998-11-27,38.61225128173828,39.25732469217305,38.61225128173828,38.61225128173828,1900
1998-11-30,37.322105407714844,37.875025487829134,37.13779871434341,37.875025487829134,13400
1998-12-01,37.64463424682617,37.736787574235784,37.22994427348292,37.32209760089253,23500
1998-12-02,37.322105407714844,37.64464212111485,37.229952061029124,37.229952061029124,3100
1998-12-03,37.22994613647461,37.644636130569005,37.045639472432654,37.22994613647461,9500
1998-12-04,37.78289794921875,37.78289794921875,37.2299774914253,37.2299774914253,15100
1998-12-07,36.86134719848633,37.091730618476866,36.6770404624939,37.091730618476866,10900
1998-12-08,37.82894515991211,37.82894515991211,37.598561815454666,37.736791822129135,3900
1998-12-09,39.1651725769043,39.9023993548225,39.1651725769043,39.81024600758272,30600
1998-12-10,39.81024169921875,40.455315060085724,39.81024169921875,40.17885504828559,28500
1998-12-11,38.24363708496094,38.79655713920134,38.24363708496094,38.24363708496094,5800
1998-12-14,38.24363708496094,38.79655713920134,38.19756041377424,38.19756041377424,2300
1998-12-15,37.87501907348633,37.967172404565375,37.276022421472554,37.5985590802492,7200
1998-12-16,37.27602767944336,37.69071772779316,37.27602767944336,37.322104351482224,6400
1998-12-17,37.598567962646484,38.059334726894605,37.41426125694724,37.41426125694724,4100
1998-12-18,38.52009582519531,38.79655584307949,38.15148246801641,38.79655584307949,9400
1998-12-21,38.335792541503906,38.88871262623714,38.151485846592834,38.151485846592834,23700
1998-12-22,37.045654296875,37.045654296875,36.492734083488806,36.769194190181906,12900
1998-12-23,37.22994613647461,37.22994613647461,36.584872812327774,36.584872812327774,12300
1998-12-24,36.76919174194336,36.86134510470512,36.40057829089631,36.86134510470512,1400
1998-12-28,37.78289794921875,37.78289794921875,37.2299774914253,37.2299774914253,19000
1998-12-29,39.1651725769043,39.81024600758272,39.1651725769043,39.44163261862362,41200
1998-12-30,39.44163513183594,39.71809519117124,39.25732842561241,39.533788484947706,25100
1998-12-31,39.21125411987305,39.718097592632866,39.21125411987305,39.718097592632866,20100
1999-01-04,38.98086929321289,39.073022648515995,38.65833254965202,38.88871593790979,19300
1999-01-05,38.704402923583984,38.79655626387823,38.24363622211275,38.24363622211275,32000
1999-01-06,38.7504768371582,38.7504768371582,37.96717350037855,38.47401683594185,62100
1999-01-07,38.704402923583984,39.34947630564372,38.704402923583984,39.34947630564372,5600
1999-01-08,38.474021911621094,38.474021911621094,37.59856512560816,37.875025163296456,41800
1999-01-11,37.22994613647461,37.73678946258998,37.22994613647461,37.59855946455851,21700
1999-01-12,36.53880310058594,36.723109799706165,36.124113027565414,36.63095645014605,9900
1999-01-13,34.88004684448242,35.294736965486834,33.86635988202718,35.202583605263634,53800
1999-01-14,34.8339729309082,35.432969819931756,34.8339729309082,35.340816452389674,30100
1999-01-15,35.75550079345703,35.75550079345703,35.01827397297338,35.20258067809429,12300
1999-01-19,36.12411880493164,36.49273226212482,35.75550534773846,36.49273226212482,13600
1999-01-20,36.76919174194336,37.22995855575218,36.76919174194336,36.86134510470512,23400
1999-01-21,37.9671745300293,38.2436345387431,37.9671745300293,38.15148120250517,12000
1999-01-22,36.49272155761719,37.04564158121745,36.354491551717125,36.354491551717125,11100
1999-01-25,36.400577545166016,36.677037627787534,36.30842418429218,36.49273090603985,11000
1999-01-26,37.78289794921875,37.78289794921875,37.13782408179306,37.32213090105754,11200
1999-01-27,37.9671745300293,38.47401787933794,37.9671745300293,38.15148120250517,22900
1999-01-28,37.41426086425781,37.59856756802263,37.229954160492994,37.229954160492994,15700
1999-01-29,38.704402923583984,38.88870960417248,38.42794290270124,38.52009624299549,16700
1999-02-01,38.1514892578125,38.7965627476789,37.9671825464221,38.7965627476789,10700
1999-02-02,38.52009582519531,38.888709182374214,38.52009582519531,38.70440250378476,7100
1999-02-03,38.335792541503906,38.88871262623714,38.335792541503906,38.4970608995511,3200
1999-02-04,38.335792541503906,38.520099236414985,37.967179151681755,38.335792541503906,10200
1999-02-05,38.52009582519531,38.888709182374214,38.243635807311136,38.33578914660586,13200
1999-02-08,38.704402923583984,39.073016284760975,38.52009624299549,39.073016284760975,9500
1999-02-09,38.381866455078125,38.70440314797794,38.151483103006825,38.70440314797794,10100
1999-02-10,38.1514892578125,38.3357959692029,37.7828758350317,38.3357959692029,6000
1999-02-11,38.19755554199219,38.52009219916221,37.967172215442176,38.52009219916221,2600
1999-02-12,38.704402923583984,39.073016284760975,38.52009624299549,38.704402923583984,14700
1999-02-16,37.78289794921875,38.059358178115474,37.506437720322026,38.059358178115474,17700
1999-02-17,36.90742111206055,37.41426459799396,36.90742111206055,37.22995787583636,10000
1999-02-18,37.045654296875,37.045654296875,36.861347559079604,37.045654296875,2200
1999-02-19,36.58488082885742,37.045647589926155,36.58488082885742,37.045647589926155,7100
1999-02-22,37.598567962646484,37.782874668345734,37.22995455124799,37.782874668345734,8900
1999-02-23,36.9534797668457,37.50639966360649,36.9534797668457,37.1377863990993,113200
1999-02-24,37.9671745300293,38.42794121121897,37.69071452131549,38.33578787498104,62800
1999-02-25,37.87501907348633,38.059325735644414,37.41425241809112,37.50640574917016,25800
1999-02-26,38.52009582519531,38.52009582519531,37.78286911083751,37.78286911083751,4600
1999-03-01,37.9671745300293,37.9671745300293,37.32210117636375,37.50640784883962,3700
1999-03-02,36.86134719848633,37.04565393447876,36.6770404624939,36.6770404624939,3100
1999-03-03,36.21626281738281,36.308416157885055,35.939802795876076,36.308416157885055,12200
1999-03-04,36.07802963256836,36.07802963256836,35.66333963679171,36.07802963256836,2700
1999-03-05,38.335792541503906,38.520099236414985,38.24363919404837,38.24363919404837,19600
1999-03-08,38.61225128173828,39.25732469217305,38.61225128173828,38.61225128173828,21500
1999-03-09,39.34947967529297,39.34947967529297,38.79655958617878,38.79655958617878,6800
1999-03-10,39.81024169921875,39.81024169921875,39.44162835015191,39.533781687418625,23000
1999-03-11,40.91609191894531,41.284705359656535,40.178865037522876,40.5474784782341,36100
1999-03-12,40.639617919921875,41.284691220238095,40.639617919921875,41.284691220238095,15600
1999-03-15,42.160152435302734,42.57484245925653,41.83761575000534,42.02192242731814,93700
1999-03-16,42.02192687988281,42.75915366724918,42.02192687988281,42.75915366724918,24700
1999-03-17,43.312076568603516,43.312076568603516,42.75915644219582,42.94346315099838,42300
1999-03-18,42.114078521728516,42.114078521728516,40.91608504080408,41.284698419550054,22300
1999-03-19,42.114078521728516,42.75915193453399,42.114078521728516,42.574845245160994,25900
1999-03-22,42.02192687988281,42.11408022830361,41.92977353146202,42.06800355409321,6900
1999-03-23,39.99455261230469,41.100392776700204,39.99455261230469,41.100392776700204,20200
1999-03-24,39.07302474975586,39.25733147027358,38.52010458820271,38.61225794846157,8900
1999-03-25,39.44163513183594,39.71809519117124,38.612254953830046,39.349481778724176,26700
1999-03-26,41.139732360839844,41.41707887113764,40.67748817701018,40.86238585054205,22900
1999-03-29,41.417076110839844,41.417076110839844,40.862383127212524,40.862383127212524,2700
1999-03-30,41.324642181396484,41.324642181396484,40.86239786169406,41.13974445351552,39600
1999-03-31,42.3415641784668,42.896257158970734,42.24911534838281,42.24911534838281,17100
1999-04-01,44.421669006347656,45.29993301375723,44.421669006347656,44.74523995644592,46900
1999-04-05,45.66973114013672,45.76217998859854,45.11503804936583,45.11503804936583,26000
1999-04-06,46.40931701660156,46.59421469395854,45.85462398453063,45.85462398453063,23700
1999-04-07,46.03952407836914,46.08574850013457,45.85462639130742,45.85462639130742,21300
1999-04-08,46.31686782836914,46.31686782836914,46.31686782836914,46.31686782836914,5000
1999-04-09,43.728302001953125,43.91319968483665,43.35850663618608,43.63585316051137,13800
1999-04-12,42.66514587402344,42.71137030075585,41.8793306195723,42.01800389976956,33700
1999-04-13,43.45095443725586,43.682076535326374,42.61891488420203,43.26605675879945,11400
1999-04-14,45.115020751953125,45.48481600401831,44.93012312592053,45.20746956496942,20600
1999-04-15,43.9131965637207,44.42166515551115,43.9131965637207,44.42166515551115,16800
1999-04-16,44.93013381958008,45.438602412188494,44.93013381958008,44.93013381958008,6900
1999-04-19,45.66973114013672,46.47865856417761,45.25371132205855,45.25371132205855,28400
1999-04-20,46.40931701660156,46.59421469395854,46.224419339244584,46.27064375858383,7000
1999-04-21,44.560340881347656,44.560340881347656,43.35850596131131,43.72830132132249,26600
1999-04-22,43.9131965637207,44.005645398591696,43.63585005910773,43.63585005910773,10600
1999-04-23,43.26606750488281,43.91320954021226,43.26606750488281,43.91320954021226,4700
1999-04-26,44.005645751953125,44.005645751953125,43.31227948485303,43.31227948485303,7400
1999-04-27,44.421669006347656,44.421669006347656,43.72830268470852,43.72830268470852,11700
1999-04-28,43.54340362548828,43.682076885442065,42.98871058567314,43.682076885442065,9100
1999-04-29,42.988712310791016,43.266058841828375,42.988712310791016,42.988712310791016,6800
1999-04-30,42.3415641784668,42.52646183863477,41.971768858130844,42.48023742359278,62700
1999-05-03,42.43401336669922,42.43401336669922,42.15666687410641,42.34156453583495,9400
1999-05-04,42.3415641784668,42.48023742359278,41.69442236787888,41.971768858130844,9800
1999-05-05,42.3415641784668,42.3415641784668,41.971768858130844,41.971768858130844,5200
1999-05-06,43.82073974609375,44.00563738215322,43.358495655945084,43.358495655945084,14300
1999-05-07,42.71135330200195,43.17359738535695,42.71135330200195,43.17359738535695,19300
1999-05-10,42.43401336669922,42.711359859292024,42.34156453583495,42.711359859292024,5700
1999-05-11,42.15667724609375,42.52647266053317,41.786881831654334,42.52647266053317,23700
1999-05-12,43.17361068725586,43.17361068725586,42.526468771172794,42.526468771172794,8500
1999-05-13,41.971771240234375,42.1566689108962,41.87932240490346,42.1566689108962,10200
1999-05-14,40.58504104614258,41.13973409005341,40.58504104614258,40.86238756809799,8400
1999-05-17,39.660552978515625,39.937899502840914,39.19830877130682,39.937899502840914,18100
1999-05-18,40.954830169677734,41.04727899624586,40.44636162355307,41.04727899624586,8200
1999-05-19,39.198307037353516,39.290755874705766,38.736062850592276,39.290755874705766,19800
1999-05-20,39.56810760498047,39.56810760498047,39.19831220680308,39.19831220680308,10600
1999-05-21,39.937889099121094,40.03033791648017,39.75299146440294,39.75299146440294,7600
1999-05-24,39.84545135498047,40.03034904108247,39.47565598277647,39.753002511929466,12600
1999-05-25,40.58504104614258,40.86238756809799,40.30769452418716,40.30769452418716,8000
1999-05-26,40.30769348144531,40.30769348144531,39.937898128404534,40.215244643185116,4000
1999-05-27,40.03034210205078,40.03034210205078,39.56809796692317,39.84544444799974,6300
1999-05-28,39.937889099121094,40.49258200327555,39.937889099121094,39.98411350780063,24200
1999-06-01,41.139732360839844,41.139732360839844,40.44636608509535,41.04728352407391,7800
1999-06-02,42.15667724609375,42.434023806923314,41.74065740484941,42.08734060588636,6600
1999-06-03,42.15667724609375,42.15667724609375,41.74065740484941,41.74065740484941,4900
1999-06-04,41.879329681396484,41.971778532790296,41.50953427582124,41.971778532790296,4400
1999-06-07,43.081153869628906,43.081153869628906,42.24911441721118,42.24911441721118,20800
1999-06-08,43.45095443725586,44.005647472625085,42.89626140188664,43.63585211571227,19000
1999-06-09,44.7452392578125,44.7452392578125,44.37544389204545,44.46789273348722,10500
1999-06-10,45.2999382019043,45.48483590885084,44.88391836127456,44.88391836127456,7200
1999-06-11,45.53105545043945,45.76217755932493,45.53105545043945,45.62350429399364,30800
1999-06-14,44.83769226074219,45.16126323581971,44.83769226074219,44.83769226074219,4000
1999-06-15,45.57728576660156,46.0395300441533,45.29993920007052,45.29993920007052,15700
1999-06-16,46.59421920776367,46.68666805539812,45.76217957905361,45.76217957905361,75700
1999-06-17,45.80839920043945,46.4093166470648,45.80839920043945,46.03952129529536,10200
1999-06-18,44.699012756347656,44.83768601205504,44.60656391920939,44.699012756347656,8100
1999-06-21,44.421669006347656,44.69901553500331,44.37544458490505,44.6527911135607,8300
1999-06-22,44.93013381958008,45.115031489619504,44.93013381958008,44.93013381958008,6000
1999-06-23,44.560340881347656,45.02258508136163,44.560340881347656,45.02258508136163,5200
1999-06-24,45.48482894897461,45.76217546695616,45.11503359166587,45.11503359166587,8400
1999-06-25,45.2999382019043,45.85463132274394,45.2999382019043,45.48483590885084,4100
1999-06-28,45.76217269897461,46.316865701386426,45.76217269897461,45.76217269897461,16400
1999-06-29,46.59421920776367,46.59421920776367,46.13197496959141,46.13197496959141,5700
1999-06-30,47.33381271362305,47.33381271362305,46.77911959588528,46.77911959588528,23200
1999-07-01,48.07339859008789,48.07339859008789,47.51870552943303,47.611154372875504,38800
1999-07-02,48.99787902832031,48.99787902832031,48.535634886543704,48.535634886543704,18700
1999-07-06,47.70359802246094,48.21206660603368,47.33380268895349,47.426251522330354,139900
1999-07-07,47.74983215332031,47.88850543159714,47.70360772722803,47.88850543159714,8600
1999-07-08,47.51870346069336,47.88849881836413,47.38003020156682,47.88849881836413,2900
1999-07-09,47.88850021362305,48.258295582068016,47.42625600306684,48.258295582068016,6200
1999-07-12,48.16584014892578,48.812981955149354,47.888493660544256,48.812981955149354,13400
1999-07-13,47.88850021362305,48.07339789784553,47.88850021362305,48.07339789784553,11000
1999-07-14,49.552574157714844,49.552574157714844,48.99788116341207,48.99788116341207,33600
1999-07-15,49.78369903564453,49.829923454433434,49.36767926654444,49.69125019806673,106500
1999-07-16,49.552574157714844,49.552574157714844,49.09032999579586,49.18277882817966,12300
1999-07-19,49.96858596801758,50.061034785719734,49.460117470655696,49.9223615591665,3700
1999-07-20,49.090335845947266,49.552580062952416,49.090335845947266,49.552580062952416,6500
1999-07-21,49.36768341064453,49.922376482674245,49.27523456530624,49.27523456530624,13300
1999-07-22,48.81299591064453,48.99789362242728,48.44320048707905,48.72054705475316,29100
1999-07-23,48.62808609008789,48.62808609008789,47.88849542712077,48.07339309286255,3000
1999-07-26,48.25828552246094,48.53563199098083,48.165836699620975,48.165836699620975,3600
1999-07-27,50.01481246948242,50.01481246948242,49.136548664565446,49.136548664565446,15500
1999-07-28,50.292171478271484,50.292171478271484,49.73747841049643,50.19972263364231,14000
1999-07-29,50.01481246948242,50.80062745282918,50.01481246948242,50.73129083665153,17300
1999-07-30,51.771339416503906,51.771339416503906,51.21664649418422,51.58644177573068,13700
1999-08-02,51.21665573120117,51.40155340532103,50.985533638551345,51.21665573120117,11200
1999-08-03,50.615745544433594,51.0317653708262,50.56952111927886,50.98554094567147,6900
1999-08-04,50.384613037109375,51.031754855934636,50.29216420584863,50.29216420584863,4600
1999-08-05,50.4770622253418,50.75440872108543,50.292164561512706,50.292164561512706,7300
1999-08-06,48.90542984008789,49.55257163381306,48.81298101241286,49.55257163381306,6700
1999-08-09,48.81299591064453,48.81299591064453,48.39697605913336,48.44320048707905,4800
1999-08-10,47.680484771728516,48.25828996770196,47.38002606982233,48.25828996770196,15100
1999-08-11,47.380027770996094,47.88849636170922,47.380027770996094,47.88849636170922,900
1999-08-12,47.70359802246094,48.11961777265682,47.70359802246094,48.07339335596839,7200
1999-08-13,48.62808609008789,48.62808609008789,48.07339309286255,48.21206634216889,10500
1999-08-16,49.090335845947266,49.090335845947266,48.62809162894211,48.62809162894211,1700
1999-08-17,48.99787902832031,49.275225513386275,48.72053254325434,48.974766821231476,64600
1999-08-18,49.36768341064453,49.783703214666815,49.36768341064453,49.46013225598281,4700
1999-08-19,49.64503860473633,50.107282912043004,49.64503860473633,49.64503860473633,3300
1999-08-20,51.12419891357422,51.12419891357422,50.29215950991749,50.29215950991749,7000
1999-08-23,49.64503860473633,49.64503860473633,48.67432555939232,48.67432555939232,30800
1999-08-24,48.81299591064453,48.90544476653591,48.16585391940493,48.48942491502473,12900
1999-08-25,49.18278121948242,49.55257656699733,48.44319052445261,48.81298587196752,32600
1999-08-26,46.363094329833984,47.3338071722333,46.363094329833984,47.3338071722333,20200
1999-08-27,46.59421920776367,47.14891229357038,46.59421920776367,46.871565750667024,12200
1999-08-30,47.14889907836914,47.888489652147484,47.14889907836914,47.611143186980605,3600
1999-08-31,46.54799270629883,46.59421712805285,45.669728692972434,45.76217753648047,33000
1999-09-01,47.380027770996094,47.380027770996094,46.68666151093274,46.68666151093274,74200
1999-09-02,47.88850021362305,47.88850021362305,47.14890947673312,47.38003158201122,14600
1999-09-03,48.07339859008789,48.07339859008789,46.6404415167295,47.333807842548076,18500
1999-09-07,48.25828552246094,48.44318316814087,47.88849023110109,47.88849023110109,7600
1999-09-08,47.28758239746094,47.28758239746094,46.68666492808949,47.079572504216976,14200
1999-09-09,48.02717971801758,48.02717971801758,47.05646674970346,47.05646674970346,24600
1999-09-10,46.917781829833984,46.96400624542988,46.03951793351197,46.03951793351197,36600
1999-09-13,48.02717971801758,48.443199561580776,48.02717971801758,48.443199561580776,11100
1999-09-14,48.859222412109375,48.859222412109375,48.44320254294288,48.812997982201985,12500
1999-09-15,48.81299591064453,49.737484469558254,48.81299591064453,49.46013790188414,11800
1999-09-16,49.64503860473633,50.19973177350433,49.09034543596833,50.107282912043004,9600
1999-09-17,49.552574157714844,50.29216481678522,49.18277882817966,49.73747182248243,4500
1999-09-20,50.292171478271484,50.292171478271484,49.55258072123808,49.55258072123808,2200
1999-09-21,50.33839416503906,51.26288257945668,50.33839416503906,51.03176047585227,32400
1999-09-22,48.81299591064453,49.18279133421002,48.073405063513555,48.62809819886179,14500
1999-09-23,48.62808609008789,49.275227920184115,48.62808609008789,49.275227920184115,1700
1999-09-24,47.42625427246094,47.42625427246094,46.594214723821274,47.42625427246094,5200
1999-09-27,47.37434387207031,47.46705295988259,46.72538025738442,47.096216608633505,34700
1999-09-28,45.98369216918945,46.400882924756694,45.242019714847686,45.79827405560401,65300
1999-09-29,45.14932632446289,45.61287176927257,45.05661723550096,45.61287176927257,205500
1999-09-30,46.261817932128906,46.72536320198992,45.9836907702123,46.539945094045514,245500
1999-10-01,47.791526794433594,48.301426692337344,47.791526794433594,48.301426692337344,180400
1999-10-04,48.02330017089844,48.069654707742934,47.83788202352046,47.97694563405395,98200
1999-10-05,48.02330017089844,48.39413646565441,47.83788202352046,48.208718318276425,106400
1999-10-06,48.99673843383789,49.04309296404966,48.625902192143755,48.90402937341436,81700
1999-10-07,49.36758041381836,49.50664402061785,49.36758041381836,49.460289485018016,50400
1999-10-08,50.1092529296875,50.15560746523763,50.01654385858725,50.15560746523763,68500
1999-10-11,50.34101867675781,50.61914585176753,50.062891501748105,50.10924603091639,43700
1999-10-12,48.76496505737305,49.32121941163966,48.71861052785083,49.32121941163966,86200
1999-10-13,47.606109619140625,48.20871860166139,46.95714609950287,48.20871860166139,101300
1999-10-14,47.698814392089844,47.97694158971136,47.559750793279086,47.8378779909006,53900
1999-10-15,47.606109619140625,47.9305913789595,47.37433693355571,47.37433693355571,39500
1999-10-18,48.02330017089844,48.39413646565441,47.93059109720945,48.25507285512092,34400
1999-10-19,48.48684310913086,48.718615781736645,47.83787962583465,47.83787962583465,54100
1999-10-20,48.90403747558594,48.95039201347749,48.67226478612819,48.95039201347749,29000
1999-10-21,48.579559326171875,48.90404111556425,48.44049570214658,48.90404111556425,10600
1999-10-22,50.24832534790039,50.34103443525814,49.87748899846939,49.97019808582714,31900
1999-10-25,50.48009490966797,50.57280399122842,50.294676746547054,50.34103128732728,27100
1999-10-26,51.03635025024414,51.1754138749042,50.89728662558407,50.89728662558407,13100
1999-10-27,50.15560531616211,50.341023450417794,50.109250782598195,50.341023450417794,16300
1999-10-28,50.15560531616211,50.341023450417794,50.15560531616211,50.24831438328995,17600
1999-10-29,51.082706451416016,51.17541553753473,50.52645193470368,50.52645193470368,21300
1999-11-01,50.619163513183594,51.08270896660103,50.6191635131836,51.08270896660103,20600
1999-11-02,50.619163513183594,50.9436453305758,50.52645442250011,50.6191635131836,18600
1999-11-03,50.9900016784668,51.12906531940807,50.43374711470171,50.43374711470171,20800
1999-11-04,52.00979995727539,52.19521813894126,51.7316726847766,51.7316726847766,87600
1999-11-05,51.91706848144531,51.917068481445305,51.63894132886614,51.63894132886614,17800
1999-11-08,51.638954162597656,51.68530869954792,51.17540879309498,51.59259962564739,15000
1999-11-09,51.17540740966797,51.54624369524527,50.98998926687932,51.54624369524527,29900
1999-11-10,51.91706848144531,51.917068481445305,51.360814176286965,51.360814176286965,17800
1999-11-11,50.52644729614258,50.71186545135778,50.34102914092738,50.61915637375018,30400
1999-11-12,49.69205093383789,49.69205093383789,49.3212147328391,49.4139237830888,20800
1999-11-15,48.85768508911133,49.599357728035216,48.76497600924584,49.599357728035216,38300
1999-11-16,49.41393280029297,49.5066418674605,49.274869199541676,49.32122373312544,26600
1999-11-17,49.36758041381836,49.78477123421683,49.36758041381836,49.599353091817505,50500
1999-11-18,51.03635025024414,51.54625020733104,50.989995708690785,51.54625020733104,77200
1999-11-19,51.77801513671875,51.963433275077634,51.77801513671875,51.82436967130847,65300
1999-11-22,52.3806266784668,52.56604482600119,52.38062667846679,52.47333575223399,18800
1999-11-23,52.93688201904297,53.0295910943828,52.658754793023476,52.658754793023476,23900
1999-11-24,54.1421012878418,54.1421012878418,53.58584682255575,53.58584682255575,41600
1999-11-26,53.21500778198242,53.21500778198242,53.0295896364006,53.0295896364006,8900
1999-11-29,52.10251998901367,52.65877465081809,51.9171017684122,52.47335643021662,22500
1999-11-30,50.38738250732422,50.43373704504945,49.41393721509441,49.41393721509441,24900
1999-12-01,50.34101867675781,50.52643679343095,50.248309618421246,50.29466414758953,104000
1999-12-02,51.26811981201172,51.26811981201172,51.08270165717624,51.17541073459398,24100
1999-12-03,51.546241760253906,51.63895082816803,51.26811455651153,51.26811455651153,21100
1999-12-06,50.85092544555664,51.17540719406976,50.66550730354914,51.17540719406976,13700
1999-12-07,50.71187210083008,50.804581190593936,50.61916301106622,50.61916301106622,8100
1999-12-08,50.06291198730469,50.526457468668625,49.87749379475912,50.43374837239584,33200
1999-12-09,51.49988555908203,51.82436728627697,51.314467429256354,51.73165822136413,6400
1999-12-10,53.26136016845703,53.26136016845703,52.56604215059206,52.56604215059206,44300
1999-12-13,54.60565948486328,54.79107768345365,54.5129503855681,54.698368584158466,29000
1999-12-14,54.327510833740234,54.60563802230887,54.23480177088402,54.60563802230887,7500
1999-12-15,55.393672943115234,55.62544563325379,54.69835487269956,54.69835487269956,38200
1999-12-16,60.399967193603516,60.63173989964191,60.16819448756513,60.4463217348112,57100
1999-12-17,67.81670379638672,68.23389472883203,67.53857650808985,67.8630583444362,55500
1999-12-20,71.10784149169922,71.20055054188397,70.92242339132973,71.20055054188397,22000
1999-12-21,67.90938568115234,68.41928550537942,67.86303115167715,68.23386738747867,19400
1999-12-22,69.16099548339844,70.0880865756692,68.23390439112768,68.23390439112768,30500
1999-12-23,69.53179168701172,69.71720979817708,69.25366452026367,69.34637357584636,7300
1999-12-27,66.19428253173828,66.7505370067949,65.82344621503387,66.7505370067949,26600
1999-12-28,71.7568130493164,72.03494023167809,70.27346807672072,70.27346807672072,29400
1999-12-29,70.82971954345703,71.24691029993028,70.5979469009719,71.20055577143324,31200
1999-12-30,71.385986328125,71.52504993785512,71.10785910866477,71.20056818181818,10300
1999-12-31,72.22037506103516,72.22037506103516,71.47870240315547,71.57141148539043,10800
2000-01-03,72.03495025634766,72.40578655110363,71.75682303528068,72.31307747741464,21200
2000-01-04,68.69742584228516,70.64431645320012,68.51200768886468,70.64431645320012,18800
2000-01-05,68.97554016113281,69.71721263598371,68.60470392370738,69.71721263598371,21000
2000-01-06,62.85675048828125,63.41300491738109,62.671332345247976,62.671332345247976,54800
2000-01-07,63.783851623535156,63.876560710197275,62.39321532360343,62.39321532360343,59800
2000-01-10,66.05522155761719,66.2869942648369,64.89635802151865,64.89635802151865,20700
2000-01-11,64.66458892822266,65.22084345663748,64.66458892822266,65.22084345663748,39300
2000-01-12,63.41301727294922,63.78385363127057,63.227599093788555,63.413017272949226,27700
2000-01-13,63.644798278808594,63.969280134563625,63.41302552469785,63.783861931275034,13000
2000-01-14,65.03543853759766,65.03543853759766,64.43282934230986,64.43282934230986,6800
2000-01-18,62.7640380859375,63.04216528572747,62.439556352849195,63.04216528572747,17000
2000-01-19,59.79734420776367,59.936407798944515,59.24108984304029,59.33379890382752,55900
2000-01-20,62.02238845825195,62.02238845825195,61.558842954079665,61.558842954079665,14200
2000-01-21,63.69112014770508,63.69112014770508,63.22757487734332,63.412992985488025,12000
2000-01-24,64.4791488647461,65.26717584583932,64.24737622324808,64.43279433644649,50500
2000-01-25,61.74424362182617,62.76404344140589,61.74424362182618,62.67133436689864,14800
2000-01-26,63.598426818847656,63.783844972838466,63.04217235687523,63.04217235687523,7900
2000-01-27,63.505714416503906,63.87655070506743,63.273941736151706,63.273941736151706,6700
2000-01-28,63.783851623535156,64.52552431683208,63.783851623535156,64.43281523016996,52300
2000-01-31,64.71092987060547,64.71092987060547,64.24738452769282,64.52551173344041,19600
2000-02-01,66.19428253173828,66.19428253173828,64.89635542327282,64.89635542327282,16500
2000-02-02,64.5255126953125,64.5255126953125,64.2473854854189,64.5255126953125,12700
2000-02-03,64.06197357177734,64.2473917297275,63.413010018951816,63.413010018951816,8300
2000-02-04,66.75055694580078,66.75055694580078,65.8234658771091,66.00888409084745,9100
2000-02-07,68.14115905761719,68.60470435732887,67.30677751813616,67.30677751813616,26700
2000-02-08,67.4921875,67.7703146462912,67.30676940247253,67.4921875,26500
2000-02-09,67.2140884399414,67.44586115869983,66.47241573991447,66.9359611774313,19300
2000-02-10,66.6578369140625,66.84325509741177,66.00887327234005,66.00887327234005,27500
2000-02-11,65.49895477294922,66.7505271571457,65.45260024020119,66.7505271571457,21200
2000-02-14,64.01559448242188,64.47913969952847,63.78382187386857,64.3400761343965,14400
2000-02-15,62.393211364746094,62.85675676864465,62.02237504162725,62.85675676864465,9700
2000-02-16,61.18796920776367,62.11505965030555,61.09526016350949,61.92964156179717,55600
2000-02-17,63.598426818847656,63.87655404983387,63.04217235687523,63.783844972838466,17800
2000-02-18,62.57862091064453,63.32029345477069,62.115075570565686,62.48591184262877,47200
2000-02-22,59.84370803833008,60.075480726317416,59.70464442553767,60.075480726317416,19400
2000-02-23,61.09528350830078,61.18799258797954,60.029129091995074,60.029129091995074,11500
2000-02-24,60.81716537475586,61.37341993611033,60.72445628119678,61.28071084255125,15100
2000-02-25,61.0025634765625,61.37339972869965,60.35360003532247,60.63172722442534,11200
2000-02-28,61.651546478271484,61.65154647827149,60.770810100010465,61.00258283113179,17600
2000-02-29,60.30725860595703,60.44632223072096,59.84371319007727,60.07548589801715,17400
2000-03-01,60.863525390625,61.2807163491289,60.07549802456207,60.30727077928646,25800
2000-03-02,60.35359191894531,60.724428121212256,60.26088286837857,60.678073595928886,17000
2000-03-03,60.77079772949219,61.09527948701045,60.353606898397274,60.492670508762245,19100
2000-03-06,59.79734420776367,60.35359857248705,59.70463514697644,60.075471390125365,13200
2000-03-07,61.929664611816406,62.39321000561743,61.929664611816406,61.929664611816406,17500
2000-03-08,63.04218292236328,63.273955653695495,62.115091997034405,62.115091997034405,39600
2000-03-09,64.15467834472656,64.43280556298404,63.783842053716576,63.783842053716576,14900
2000-03-10,66.51876068115234,67.16772419999286,66.28698799585216,66.37969706997224,18100
2000-03-13,65.73072052001953,66.33332938233283,65.63801146427903,66.33332938233283,16600
2000-03-14,66.05522155761719,66.84324876216421,66.05522155761719,66.47241243061266,17700
2000-03-15,65.82344818115234,66.05522088601555,65.4526118533712,66.05522088601555,15200
2000-03-16,68.60472106933594,68.60472106933594,67.39950299649625,67.77033932660078,80200
2000-03-17,68.18751525878906,68.83647869429079,68.18751525878906,68.60470603875446,10400
2000-03-20,67.30679321289062,68.23388402849518,67.21408413133017,68.23388402849518,17700
2000-03-21,69.0682601928711,69.16096926695549,68.23387852611158,68.41929667428036,47300
2000-03-22,66.93597412109375,67.30681054281726,66.56513769937024,67.30681054281726,24600
2000-03-23,68.14115905761719,68.23386811755952,66.93594127836681,66.93594127836681,21600
2000-03-24,69.39273071289062,70.18075771497422,68.97553994708166,69.71721241963093,41900
2000-03-27,72.5912094116211,72.86933665074608,72.40579125220444,72.68391849132942,31700
2000-03-28,73.7213134765625,73.7213134765625,73.0245146724362,73.07096792604462,25300
2000-03-29,75.48653411865234,75.62589387394831,74.78973534217248,74.78973534217248,22100
2000-03-30,73.86068725585938,75.11492534133623,73.76778073100924,75.06847207891116,15400
2000-03-31,77.2982177734375,77.2982177734375,75.71880707373987,76.55496567946214,21300
2000-04-03,77.85566711425781,78.41310625827398,77.344681232243,77.85566711425781,25300
2000-04-04,77.39112091064453,78.27373273375512,76.2762428182943,77.85565344912379,27500
2000-04-05,76.92658996582031,77.29821600430255,76.36915090809698,76.5549639273381,34500
2000-04-06,73.02452087402344,73.30324041934414,72.37417526827514,72.83870784380964,33600
2000-04-07,72.83869934082031,73.21032535786532,72.37416681951406,73.21032535786532,17000
2000-04-10,75.81172180175781,76.27625441083721,75.25428267086254,75.39364245358635,24000
2000-04-11,75.99752044677734,76.46205296784566,75.81170743835003,76.04397369888419,10800
2000-04-12,76.83367919921875,77.01949220816486,76.64786619027262,76.64786619027262,16100
2000-04-13,78.04144287109375,78.04144287109375,77.29819103422619,77.76272343226842,5600
2000-04-14,75.67236328125,79.52798400092081,75.30073718778776,78.78473181399632,28000
2000-04-17,75.71878814697266,76.13686734533017,75.34716219287708,75.62588165844876,25500
2000-04-18,78.78472137451172,78.78472137451172,77.66984324185353,77.66984324185353,12100
2000-04-19,77.48403930664062,78.4131045261447,77.2053197407894,78.4131045261447,10600
2000-04-20,78.97055053710938,79.62089624741499,78.97055053710938,79.52798971737133,4800
2000-04-24,78.83118438720703,78.97054417103828,78.13438546805081,78.78473112592995,7100
2000-04-25,80.36415100097656,80.45705753392566,79.52799220443461,79.52799220443461,9400
2000-04-26,76.09042358398438,77.5769275856251,75.62589108347166,75.81170408367674,50400
2000-04-27,76.50850677490234,76.50850677490234,75.90461449313324,75.99752099802079,11500
2000-04-28,74.27876281738281,75.48654757864108,74.27876281738281,75.44009431859268,86200
2000-05-01,76.92658996582031,77.11240298506142,76.18333788885587,76.36915090809698,48300
2000-05-02,76.183349609375,76.183349609375,75.76527025176257,75.90463003763338,5100
2000-05-03,75.25428771972656,76.18335300021702,74.78975507948134,76.18335300021702,11800
2000-05-04,75.71878814697266,75.7652413912346,74.88262975025762,75.06844272730541,8900
2000-05-05,75.8581771850586,75.99753697168148,75.53300434960519,75.62591087402045,12900
2000-05-08,75.44009399414062,75.62590703353506,75.06846791535175,75.57945377368645,9000
2000-05-09,74.60392761230469,75.44008620322715,74.60392761230469,75.44008620322715,12700
2000-05-10,73.95355987548828,75.53297007383414,73.86065339323265,75.44006359157851,11600
2000-05-11,73.11743927001953,73.39615886062953,72.37418702839291,72.83871967940955,26200
2000-05-12,71.90962982177734,73.0709610527492,71.86317657253848,73.0709610527492,14900
2000-05-15,70.51605224609375,71.16639791898263,70.33023919669692,71.16639791898263,15300
2000-05-16,69.21534729003906,69.95859934147572,69.21534729003906,69.86569283504615,17500
2000-05-17,67.54305267333984,68.37921150973607,67.54305267333984,68.37921150973607,22900
2000-05-18,72.83869934082031,73.39613836638782,72.55997982803656,72.83869934082031,28700
2000-05-19,72.42063903808594,72.83871841675352,72.28127924519674,72.79226515245713,6800
2000-05-22,68.56501770019531,69.86570909288194,68.33275138007271,69.86570909288194,10700
2000-05-23,69.49407196044922,70.3302305802942,69.308258933817,70.23732406697809,24300
2000-05-24,69.67987060546875,69.95859008789063,69.49405761718751,69.67987060546875,31500
2000-05-25,69.8656997680664,70.14441931501348,69.67988673676837,69.8656997680664,34900
2000-05-26,69.7263412475586,69.81924776487712,69.58698147158078,69.67988798889932,6500
2000-05-30,70.09795379638672,70.14440704608612,68.93662255390186,69.58696804969338,40900
2000-05-31,67.91465759277344,68.75081616778706,67.77529783027117,68.75081616778706,13400
2000-06-01,69.1224365234375,69.58696902695523,67.72883901288432,67.72883901288432,41900
2000-06-02,69.40116882324219,69.67988837674918,68.65791668055685,69.21535578757086,25900
2000-06-05,71.16638946533203,71.35220249265666,71.02702969483856,71.25929597899434,7500
2000-06-06,70.9805908203125,71.16640388528714,70.79477775533786,71.16640388528714,6700
2000-06-07,71.25929260253906,71.35219911179922,70.9805730747586,71.35219911179922,19800
2000-06-08,70.70186614990234,71.0270389902764,70.51605309826002,71.0270389902764,5400
2000-06-09,70.00505065917969,70.00505065917969,69.9121441553188,69.9121441553188,2400
2000-06-12,70.09795379638672,70.19086029578551,69.91214079758915,70.00504729698794,6700
2000-06-13,67.82174682617188,69.12243786119436,67.82174682617188,69.12243786119436,16000
2000-06-14,64.1054916381836,64.66293069590694,63.919678618942484,64.66293069590694,39200
2000-06-15,63.037071228027344,64.2913091964553,62.89771145375757,64.2913091964553,42400
2000-06-16,62.34026336669922,62.43316986948118,61.8292776013984,62.43316986948118,40100
2000-06-19,64.15193176269531,64.15193176269531,63.59449281906581,63.73385255497318,50000
2000-06-20,65.96363067626953,66.33525676458655,65.77781763211102,66.33525676458655,8700
2000-06-21,66.89270782470703,66.98561436335245,66.7533480167389,66.89270782470703,5200
2000-06-22,66.70686340332031,67.72883484821797,66.70686340332031,67.72883484821797,10600
2000-06-23,66.14942932128906,66.70686833242353,66.05652281943331,66.70686833242353,7100
2000-06-26,65.31328582763672,65.96363149021632,65.31328582763672,65.96363149021632,9000
2000-06-27,66.28880310058594,66.52106940437216,66.19589657907146,66.33525636134318,33300
2000-06-28,68.37919616699219,68.37919616699219,67.91466358433598,68.00757010086723,47100
2000-06-29,69.49407196044922,69.49407196044922,69.02953939386867,69.12244590718478,9500
2000-06-30,69.26180267333984,69.77278847441747,69.21534941869642,69.58697545584378,7100
2000-07-03,66.52106475830078,66.89269081840301,66.19589195571132,66.89269081840301,12700
2000-07-05,65.54557037353516,66.33527604068618,65.54557037353516,66.33527604068618,5900
2000-07-06,65.82427215576172,66.05653846541509,65.73136563190037,65.73136563190037,4000
2000-07-07,66.24232482910156,66.24232482910156,66.01005861301074,66.01005861301074,1700
2000-07-10,69.1224365234375,69.40115602554813,69.1224365234375,69.3082495248446,8100
2000-07-11,69.67987060546875,69.86568359375,69.30824462890625,69.30824462890625,28300
2000-07-12,69.40116882324219,69.49407534107785,68.75082319839252,69.12244926973518,32000
2000-07-13,67.72884368896484,69.2153478028516,67.0784981391394,69.2153478028516,25300
2000-07-14,67.54305267333984,67.58950594202852,67.26433306120776,67.26433306120776,3100
2000-07-17,66.05652618408203,66.14943269067005,65.59199365114193,65.68490015772996,17500
2000-07-18,63.548072814941406,64.19841858936333,63.50161954533984,64.19841858936333,43600
2000-07-19,62.43317413330078,62.89770667893546,62.293814369610374,62.80480016980852,19700
2000-07-20,62.015098571777344,62.38672463063444,61.59701925556312,62.06155182913448,44400
2000-07-21,61.82929992675781,61.829299926757805,61.41122051327861,61.829299926757805,8000
2000-07-24,61.550559997558594,61.82927951452867,61.504106744730244,61.643466503215286,6100
2000-07-25,63.17644119262695,63.17644119262695,62.80481506796444,62.80481506796444,34000
2000-07-26,63.037071228027344,63.176431002297115,62.758351679487795,63.12997774420719,11800
2000-07-27,61.87574768066406,62.433186848958336,61.68993462456598,62.433186848958336,16400
2000-07-28,61.550559997558594,62.15445228432709,61.550559997558594,62.0615457786704,7000
2000-07-31,62.89771270751953,62.89771270751953,62.06155404523346,62.4331801173606,24200
2000-08-01,63.68742752075195,63.78033405251089,63.501614457234076,63.64097425487248,14600
2000-08-02,64.75582122802734,64.94163420142196,64.47710176793541,64.66291474133003,12700
2000-08-03,64.66292572021484,64.66292572021484,64.47711271527169,64.66292572021484,2900
2000-08-04,64.6164779663086,64.66293122149645,64.24485192480574,64.57002471112074,8000
2000-08-07,64.66292572021484,64.94164522762956,64.61647246897905,64.61647246897905,123400
2000-08-08,63.73387145996094,64.10549753261377,63.73387145996093,63.873231237205744,8100
2000-08-09,63.73387145996094,63.78032471904254,63.3622453873081,63.640964941797726,6000
2000-08-10,63.40871047973633,63.594523550739225,63.31580394423489,63.5480702829885,4000
2000-08-11,64.57002258300781,64.84874210494885,64.19839655375308,64.19839655375308,8900
2000-08-14,64.1054916381836,64.38421116704527,64.01258512856305,64.38421116704527,4100
2000-08-15,64.1054916381836,64.2913046574247,64.05903838337332,64.2913046574247,12600
2000-08-16,62.99060821533203,63.17642121891708,62.897701713539504,63.17642121891708,6500
2000-08-17,62.154476165771484,62.52610233118716,62.154476165771484,62.43319578983324,20500
2000-08-18,62.711883544921875,62.8047900390625,61.96863159179688,62.0615380859375,6100
2000-08-21,61.178924560546875,61.87572324574673,61.03956482350691,61.87572324574673,48000
2000-08-22,61.73638153076172,61.78283479000232,61.086035901393274,61.31830219759629,35900
2000-08-23,62.386722564697266,62.386722564697266,61.68992372741472,61.68992372741472,21800
2000-08-24,63.17644119262695,63.17644119262695,62.711908536798816,62.9906281302957,20700
2000-08-25,64.2448501586914,64.43066317433477,63.59450460393965,63.59450460393965,23000
2000-08-28,65.17393493652344,65.22038820447534,65.08102840061962,65.12748166857153,16500
2000-08-29,66.89270782470703,66.89270782470703,64.94167051315307,65.03457705179851,87200
2000-08-30,64.66292572021484,66.14942975976001,64.47711271527169,66.14942975976001,76100
2000-08-31,64.8487319946289,64.8487319946289,64.47710602331298,64.66291900897095,23000
2000-09-01,64.8487319946289,65.08099822670135,64.8487319946289,65.03454498028687,4900
2000-09-05,63.17644119262695,63.222894458209765,63.08353466146133,63.17644119262695,8700
2000-09-06,62.52608871459961,63.17643436244834,62.479635454038984,63.17643436244834,16100
2000-09-07,62.89771270751953,63.08352574358311,62.4331801173606,62.4331801173606,11900
2000-09-08,61.87574768066406,62.89771948920356,61.78284115261502,62.89771948920356,21600
2000-09-11,60.853763580322266,61.13248310817107,60.6679505617564,60.9466700896052,63900
2000-09-12,59.599525451660156,60.017604741656214,59.55307219721615,59.9246982327682,33800
2000-09-13,59.87825012207031,59.924703380504816,59.41371753772532,59.59953057146332,20200
2000-09-14,59.042091369628906,59.692436986603575,58.94918485291824,59.692436986603575,21100
2000-09-15,58.809814453125,58.94917420301392,58.71690795319905,58.94917420301392,16400
2000-09-18,58.623992919921875,58.71689940632429,58.43817994711706,58.71689940632429,12800
2000-09-19,58.623992919921875,58.8098058927267,58.43817994711706,58.8098058927267,13400
2000-09-20,58.67045974731445,58.80981950918456,58.48464673148764,58.624006493357754,12600
2000-09-21,58.15946960449219,58.67045535980322,58.06656310352655,58.67045535980322,17400
2000-09-22,57.18397521972656,57.276881759482414,56.62653598119146,57.23042848960449,62700
2000-09-25,57.02973937988281,57.15609088315213,56.88851965825015,57.08176680302688,27300
2000-09-26,57.31875991821289,57.646510344497585,57.25917358134933,57.4677399678913,19100
2000-09-27,57.31129455566406,57.475169709839214,56.909057090781154,57.318739293213284,27100
2000-09-28,57.91465759277344,57.91465759277344,57.09528736793361,57.39324172687719,37600
2000-09-29,58.47331619262695,58.47331619262695,58.10087468821532,58.10087468821532,12600
2000-10-02,59.67259216308594,59.680042586147884,59.44168019523448,59.44168019523448,17900
2000-10-03,59.739627838134766,59.858811872933686,59.55340704601713,59.858811872933686,15100
2000-10-04,59.784324645996094,59.92584858344982,59.66514061129026,59.92584858344982,19700
2000-10-05,59.739627838134766,59.85136145000686,59.55340704601713,59.85136145000686,7700
2000-10-06,60.410003662109375,60.52173723668593,59.96307504680883,59.96307504680883,54300
2000-10-09,60.14931869506836,60.663289924152195,60.14931869506836,60.55900673028125,5100
2000-10-10,59.687469482421875,59.96307822324316,59.47890316310025,59.96307822324316,18000
2000-10-11,59.97053909301758,60.33553021542449,59.590647126345175,59.590647126345175,23000
2000-10-12,60.298282623291016,60.48450339196456,59.66513314640233,60.335529050228466,29000
2000-10-13,60.112060546875,60.112060546875,59.590644679135266,59.963086208379856,11200
2000-10-16,59.35974884033203,59.40444001739375,59.14373201285324,59.218219202292204,8300
2000-10-17,58.659542083740234,58.99473719387315,58.294550968683325,58.99473719387315,21100
2000-10-18,58.84574508666992,59.44165363923066,58.47330366207075,58.62227795870836,37200
2000-10-19,59.4044075012207,59.47889464988766,58.84574536171079,58.84574536171079,13700
2000-10-20,59.21821212768555,59.66514089393448,58.92025772251705,59.59065371339426,23500
2000-10-23,59.46400833129883,59.516149911415845,59.14370842972114,59.14370842972114,11500
2000-10-24,59.82155227661133,59.963081866037285,59.59064036376376,59.6651275276172,13400
2000-10-25,59.44166564941406,59.821551887497506,59.40441922622645,59.821551887497506,17200
2000-10-26,59.23310852050781,59.43423016345086,59.218213357293514,59.367187721467275,14600
2000-10-27,59.88857650756836,59.93326765570164,59.516135118445426,59.5906222596691,7600
2000-10-30,60.22380447387695,60.22380447387695,59.81412213122935,59.851362880738556,8600
2000-10-31,59.687469482421875,59.96307822324316,59.68002474459323,59.96307822324316,8500
2000-11-01,59.694923400878906,59.77686098584269,59.62788665845744,59.687472979607755,3500
2000-11-02,59.77684783935547,59.85133498666643,59.67256469651912,59.73960142419746,11100
2000-11-03,60.000328063964844,60.22378955468532,59.88859447710146,59.88859447710146,27700
2000-11-06,60.4472770690918,60.4472770690918,60.186569067352444,60.186569067352444,12600
2000-11-07,61.37092590332031,61.37837632650301,61.15490909508424,61.15490909508424,20700
2000-11-08,61.94447708129883,62.12324742181297,61.8252930656183,61.8252930656183,11200
2000-11-09,61.97425079345703,62.123230773131894,61.75078934845245,61.89976364512217,22400
2000-11-10,61.5273323059082,62.07109937559591,61.5273323059082,61.97426095218236,13500
2000-11-13,60.544090270996094,61.1548941131619,60.37277036081894,61.1548941131619,25200
2000-11-14,60.648380279541016,60.71542271330834,60.14930996941308,60.14930996941308,20400
2000-11-15,58.6967887878418,59.10647107071598,58.6222959336766,59.069230326640266,25900
2000-11-16,56.335487365722656,56.611096063492546,56.17906265066573,56.611096063492546,46600
2000-11-17,55.888572692871094,56.23866862538299,55.86622711130761,55.86622711130761,25700
2000-11-20,54.89787673950195,55.4937854334666,54.86063599800821,55.4937854334666,33200
2000-11-21,54.37646484375,54.89043598754765,54.30197767234624,54.89043598754765,35900
2000-11-22,53.83268737792969,55.04685020284747,53.780545799639135,54.74889589132752,28900
2000-11-24,53.66883087158203,53.84760122848174,53.6315844425163,53.6315844425163,36400
2000-11-27,52.66323471069336,53.631585047249374,52.66323471069336,53.631585047249374,21500
2000-11-28,52.514251708984375,52.96118037416171,52.47700528563364,52.812206046771365,9800
2000-11-29,51.8810920715332,52.66321566074917,51.843845655520695,52.51424136270951,20000
2000-11-30,53.07291793823242,53.07291793823242,52.51425564414576,52.51425564414576,37700
2000-12-01,53.48259735107422,53.60922608691937,53.14739661835927,53.14739661835927,12200
2000-12-04,52.693023681640625,53.48260355384946,52.693023681640625,53.48260355384946,23800
2000-12-05,52.260990142822266,52.58873477413927,52.14925656448439,52.58873477413927,31100
2000-12-06,51.47141647338867,52.14181234007668,51.18836296656775,52.14181234007668,34400
2000-12-07,51.13622283935547,51.50866436668798,50.72653488608702,51.28519717708579,42200
2000-12-08,50.43602752685547,51.13621936928822,50.43602752685547,51.13621936928822,26500
2000-12-11,51.8810920715332,52.03006636957286,51.58313779244871,51.58313779244871,36800
2000-12-12,51.99285125732422,52.17907206314128,51.82897603892394,52.10457919440806,41800
2000-12-13,52.09712219238281,52.201405364455674,51.992839020309944,52.14181335669785,14800
2000-12-14,52.40251922607422,52.58873998073902,51.881103386215344,52.067324140880146,72100
2000-12-15,52.09712219238281,52.14181335669785,51.95559259470964,52.14181335669785,43400
2000-12-18,51.99285125732422,52.216312814499894,51.843871202865785,52.14182562877467,29700
2000-12-19,51.32243347167969,51.59803651037584,50.838258445125,51.396920625840664,21200
2000-12-20,49.91461181640625,50.72653156499105,49.907161395105504,50.72653156499105,21000
2000-12-21,49.832679748535156,50.13063412048444,49.69115014318269,49.98165409300632,22300
2000-12-22,48.78983688354492,49.16227838647275,48.67810329606531,49.16227838647275,16500
2000-12-26,48.231178283691406,48.49188621889379,48.11944468774559,48.417399049265505,15500
2000-12-27,48.119441986083984,48.30566274120273,48.04495482063777,48.15668841031031,20200
2000-12-28,47.30007553100586,47.97047143891284,47.26283194534513,47.97047143891284,29600
2000-12-29,46.8903923034668,47.337321032490465,46.74886269412324,47.30007744532242,23500
2001-01-02,46.98722839355469,46.98722839355469,46.48070764657444,46.890392792704574,21900
2001-01-03,48.78983688354492,49.311252714441345,46.95742537110079,47.10640254057255,129200
2001-01-04,48.19393539428711,48.93881851124986,47.85874026485674,48.41740260257881,55600
2001-01-05,48.80472946166992,49.42298368774979,48.417392819635495,48.566367139724264,75500
2001-01-08,49.31126022338867,49.38575308172282,48.82709074225992,48.82709074225992,37700
2001-01-09,49.34849548339844,49.34849548339844,48.93880758731503,49.318699483410015,45700
2001-01-10,46.29448699951172,46.9276365142936,45.95928902753747,46.9276365142936,84000
2001-01-11,43.910858154296875,44.2460561087502,43.21811666226113,43.35219584404247,95800
2001-01-12,44.17156982421875,44.43228062924545,43.76188466375245,43.83637184147225,44900
2001-01-16,50.21257781982422,50.27961457808466,49.18463539576959,49.944419420767154,76100
2001-01-17,51.32243347167969,51.508654198584914,50.87550486370828,50.87550486370828,70800
2001-01-18,49.99655532836914,50.04869691764264,49.75819296554646,49.90716731118301,64200
2001-01-19,50.16786575317383,50.354086491443226,49.90715785619786,49.9965458564493,42000
2001-01-22,49.974205017089844,50.05614261365831,49.53472671095635,49.907168265174064,37800
2001-01-23,48.938819885253906,49.16228709981966,48.78984553088163,49.16228709981966,27900
2001-01-24,48.78983688354492,48.797287304845256,48.64086255557633,48.78983688354492,26400
2001-01-25,49.706058502197266,49.90717446593955,49.48259126869888,49.90717446593955,49000
2001-01-26,49.15483856201172,49.31126334500282,49.125042553393286,49.16228898491821,34100
2001-01-29,50.00398635864258,50.46581579631368,49.90715362882681,49.90715362882681,46800
2001-01-30,50.76377868652344,50.87551227554568,50.368991597250414,50.6520450975012,29600
2001-01-31,50.733978271484375,51.0542781678876,50.585003954415576,50.763774271499315,21000
2001-02-01,51.359676361083984,51.76936425065843,51.344781202829374,51.76936425065843,46600
2001-02-02,50.503074645996094,51.21071129247114,50.242361023919855,51.21071129247114,24400
2001-02-05,50.12318420410156,50.428583318251,49.534725876391114,49.534725876391114,38300
2001-02-06,50.16786575317383,50.175316173946264,49.75073311801228,50.04123701507206,9100
2001-02-07,49.370849609375,49.64645839472494,49.169733678394756,49.169733678394756,14400
2001-02-08,49.974205017089844,50.15298105487947,49.83268109093194,49.98165543941619,11800
2001-02-09,49.92950439453125,50.167866716774185,49.869912393219,50.018892396499616,8800
2001-02-12,50.316856384277344,50.391343558721175,49.534726845099236,49.92951398435799,33100
2001-02-13,50.83081817626953,50.98724293614895,50.82337343747054,50.87551502409702,16400
2001-02-14,51.09897994995117,51.508667931573896,50.577564048801435,51.508667931573896,49900
2001-02-15,51.32243347167969,51.545894934162604,51.32243347167969,51.396920625840664,10000
2001-02-16,51.255401611328125,51.76937274200515,51.247956872482625,51.76937274200515,10200
2001-02-20,50.52540969848633,51.210700619214826,50.24235055248559,51.210700619214826,18500
2001-02-21,50.16786575317383,50.5030664918623,50.16786575317383,50.39878333307191,12500
2001-02-22,51.061737060546875,51.3373401611514,50.890411452786964,51.21071140233274,41500
2001-02-23,51.50865936279297,51.54590010210438,51.247951455588456,51.247951455588456,42000
2001-02-26,52.11201858520508,52.328035356180735,52.06732741983315,52.328035356180735,14500
2001-02-27,52.40996170043945,52.66321916053839,52.179049818230936,52.298228127981744,15000
2001-02-28,51.84386444091797,52.14181882796493,51.79172284941029,52.14181882796493,8300
2001-03-01,50.056129455566406,50.46581733071542,49.98164230090448,50.46581733071542,10700
2001-03-02,49.31126022338867,49.38575308172282,49.12503944356771,49.31126022338867,18300
2001-03-05,49.53472900390625,49.758196219983965,49.46769224888736,49.53472900390625,29000
2001-03-06,50.503074645996094,50.60735782162386,50.242361023919855,50.242361023919855,17500
2001-03-07,50.24236297607422,50.577563781907735,50.182776646976606,50.53286693132569,11900
2001-03-08,50.46583557128906,50.540322752873934,50.23492360347367,50.540322752873934,18600
2001-03-09,51.061737060546875,51.24795782928263,50.95000346270405,51.21071140233274,30000
2001-03-12,50.57756042480469,51.06173554575554,50.465826830276534,51.06173554575554,13400
2001-03-13,50.24236297607422,50.577563781907735,49.98165502687509,50.577563781907735,20100
2001-03-14,48.491878509521484,49.348495031576434,48.231170615767155,49.348495031576434,22400
2001-03-15,50.65205383300781,51.098982583168166,50.50307947729016,50.65205383300781,26300
2001-03-16,50.42856979370117,50.80101124175807,50.42856979370117,50.689283353745395,11400
2001-03-19,52.32804489135742,52.7377329252758,52.29079845808927,52.51426569168253,14200
2001-03-20,52.365272521972656,52.84944188256235,52.365272521972656,52.70046756899718,14600
2001-03-21,54.71166229248047,55.12135027720308,54.71166229248047,55.12135027720308,59400
2001-03-22,53.60177993774414,54.37645893883348,53.55708877635642,54.37645893883348,22100
2001-03-23,54.7489128112793,54.82339999142783,54.674425631130774,54.7489128112793,11700
2001-03-26,55.903480529785156,56.342958843532415,55.82898767124537,56.20142923191547,37300
2001-03-27,56.23282241821289,56.3149690920124,55.82955848251757,56.00878499921274,44600
2001-03-28,55.486019134521484,55.52335489290571,55.07528590975135,55.52335489290571,33400
2001-03-29,53.962589263916016,54.119413149968935,53.88044260491107,53.88044260491107,90700
2001-03-30,52.8349494934082,52.90962672774892,52.12550722090972,52.12550722090972,27700
2001-04-02,51.34138107299805,51.677431470109155,51.04266644361726,51.52807700417259,54100
2001-04-03,51.18455123901367,51.7297001042221,50.93064183935633,51.490729567930664,38200
2001-04-04,51.67741775512695,51.722228641021424,51.005317139277594,51.16960472920347,30200
2001-04-05,52.90962600708008,52.984303240403634,52.05082358008992,52.05082358008992,26100
2001-04-06,51.901458740234375,51.97613595863268,51.6774213875329,51.82678152183607,18600
2001-04-09,50.89330291748047,50.89330291748047,50.51991112160388,50.59458834127787,20200
2001-04-10,50.84848403930664,50.88582549203057,49.34745335790144,49.36238652048756,43100
2001-04-11,49.51174545288086,51.05011755031541,49.28770813689273,51.05011755031541,38200
2001-04-12,49.89262008666992,49.92249212011483,49.59391114723643,49.885156351439555,17600
2001-04-16,49.317588806152344,49.885145927999666,49.06367942367856,49.885145927999666,28400
2001-04-17,49.13089370727539,49.21304035904178,49.06368022059984,49.13089370727539,17700
2001-04-18,51.5728759765625,51.60274800564403,49.28771987814179,49.28771987814179,50300
2001-04-19,50.348148345947266,50.78128419619879,49.62376735095925,50.78128419619879,52100
2001-04-20,49.71337890625,49.997154593933686,49.54908561956245,49.66110428753179,14100
2001-04-23,49.32505798339844,49.58643109819748,49.101020629281216,49.54908964000908,15600
2001-04-24,49.54909896850586,49.54909896850586,49.063688408202445,49.063688408202445,43900
2001-04-25,48.83218765258789,48.839657085190616,48.61561968717061,48.727638386180615,14200
2001-04-26,49.68351745605469,50.10918392693034,49.58643762848913,50.034506698225506,27000
2001-04-27,50.19132614135742,50.295875391783746,49.80300116798919,50.03450226571793,30400
2001-04-30,50.564720153808594,50.85596532090906,50.14652313387092,50.14652313387092,22100
2001-05-01,51.27416229248047,51.37871153574891,51.15467418731285,51.37871153574891,30300
2001-05-02,51.879051208496094,52.08814967911955,51.85664861485872,51.976131013426695,22600
2001-05-03,51.71477127075195,51.95374182706307,51.45339811502221,51.95374182706307,18800
2001-05-04,52.08816909790039,52.30473707964281,51.841729081002995,52.274865044487846,19800
2001-05-07,52.01345443725586,52.155339380276494,51.97611299580072,52.050790181206956,13500
2001-05-08,51.752105712890625,51.752105712890625,50.57965568983557,50.85596197518508,25600
2001-05-09,51.19202423095703,51.752111998483876,51.117341303947526,51.752111998483876,15400
2001-05-10,50.75141906738281,50.893309792184745,50.714083301255805,50.78129109878888,31200
2001-05-11,50.967987060546875,50.967987060546875,50.146526137534046,50.33322206083275,27100
2001-05-14,49.474403381347656,49.5789526081644,49.22796347634866,49.511744832713156,116800
2001-05-15,49.73578643798828,49.73578643798828,49.287717419133855,49.287717419133855,35800
2001-05-16,50.14652633666992,50.221203566784475,49.58643856454965,49.735793024778744,63900
2001-05-17,51.72224426269531,51.7819826327538,51.16215644865337,51.16215644865337,51500
2001-05-18,50.71407699584961,50.9455780885792,50.59458888508162,50.930639225979846,56200
2001-05-21,51.901458740234375,51.901458740234375,51.117333703285766,51.1546751612382,30900
2001-05-22,51.20694351196289,51.30402331423955,50.55723982671056,50.59458128008934,55500
2001-05-23,52.69305419921875,52.96189677758271,52.31219862779255,52.4242116208548,51400
2001-05-24,52.67064666748047,52.73039072318957,51.378714223435004,52.28232170038482,70600
2001-05-25,53.09632110595703,53.208339802938426,52.849881112099496,52.94696664165358,56800
2001-05-29,53.14857482910156,53.3950147260075,52.90960436172455,53.02162301463682,35900
2001-05-30,52.21511459350586,52.685591967819256,52.08816273274182,52.64825050406163,21500
2001-05-31,53.208335876464844,53.28301310310581,52.80507201559498,52.80507201559498,18600
2001-06-01,52.200191497802734,52.282338175912614,52.155380593146454,52.27486874221848,17500
2001-06-04,52.237518310546875,52.267390342690696,51.69236939206788,51.71477199179886,20300
2001-06-05,52.05080795288086,52.05080795288086,51.453384568149055,51.52806177905229,27100
2001-06-06,51.34138107299805,51.44593033865518,50.96798921064897,51.08000790885523,18000
2001-06-07,51.04265594482422,51.26669329515524,50.855960052050534,50.855960052050534,21500
2001-06-08,50.81861877441406,50.88582655371245,50.65432549501018,50.85595453041121,11800
2001-06-11,50.59459686279297,50.85597002442765,50.37802890100778,50.81863425705561,17400
2001-06-12,50.16144561767578,50.33320832714749,49.92247512895811,50.33320832714749,29400
2001-06-13,49.661109924316406,50.01956856300392,49.63123789630021,49.84780582628752,27900
2001-06-14,50.14652633666992,50.7066141087902,50.03450764274438,50.7066141087902,29700
2001-06-15,51.00532150268555,51.3040303808365,51.00532150268555,51.3040303808365,19800
2001-06-18,50.50497817993164,50.54231964289955,50.1838609699325,50.1838609699325,15900
2001-06-19,51.30403137207031,51.304031372070305,51.00532248814807,51.00532248814807,19300
2001-06-20,51.490726470947266,51.528067929609065,51.13974296805697,51.21442018787392,11000
2001-06-21,52.01345443725586,52.050790181206956,51.76701459766165,51.82675862498825,48800
2001-06-22,51.63261413574219,52.03587793600981,51.63261413574219,51.67741932549204,13000
2001-06-25,52.110565185546875,52.125504050010925,51.714770739861045,51.714770739861045,10800
2001-06-26,51.93880844116211,52.08069346938486,51.901466977283384,51.93880844116211,18400
2001-06-27,52.0433464050293,52.200170263761954,51.97613292414032,52.05081013817879,17100
2001-06-28,52.207645416259766,52.27485320700835,51.983608052084136,52.043352108865214,18200
2001-06-29,52.610904693603516,52.72292337811401,52.207646545376896,52.207646545376896,39100
2001-07-02,53.215797424316406,53.35021869135815,53.03656526992319,53.058973562352094,22800
2001-07-03,52.98429870605469,53.24567754658012,52.961896107725586,53.24567754658012,42100
2001-07-05,52.237518310546875,52.4242142383151,52.08069441492247,52.4242142383151,26600
2001-07-06,51.221900939941406,51.5654265207468,51.19203460009695,51.52808504967839,13600
2001-07-09,51.93133544921875,52.0284152721386,51.22935699846994,51.22935699846994,10800
2001-07-10,51.67741775512695,51.968662874663316,51.632612566738636,51.85664990369253,16900
2001-07-11,51.94626998901367,52.00601404970145,51.67742741342589,51.67742741342589,11500
2001-07-12,52.27485275268555,52.49889011491406,51.67742358508071,51.90146094730922,50900
2001-07-13,51.528072357177734,51.56541381904812,51.45339513094412,51.528072357177734,53000
2001-07-16,51.19202423095703,51.45339738296808,51.162152199654706,51.30403722645648,16200
2001-07-17,51.06504821777344,51.087456506281995,51.05758448577593,51.07998707677914,11600
2001-07-18,50.602054595947266,50.602054595947266,50.295870607746004,50.407889278978324,7400
2001-07-19,50.8559684753418,50.93064570531879,50.59459532166861,50.60206475391854,14900
2001-07-20,51.10985565185547,51.20693543882681,50.818610593436475,50.863415772422485,25100
2001-07-23,49.661109924316406,50.33321631091377,49.661109924316406,50.33321631091377,16100
2001-07-24,49.63123321533203,49.9448809336602,49.54908657041186,49.81045966901867,16600
2001-07-25,49.937435150146484,49.95236831936039,49.62378162157154,49.638720488293735,8500
2001-07-26,50.2660026550293,50.2660026550293,49.93742174296601,49.93742174296601,16400
2001-07-27,50.445228576660156,50.51990578845082,50.07183682020081,50.183849789133774,10700
2001-07-30,49.36239242553711,49.46694166866406,49.10101931771974,49.28771520866164,18600
2001-07-31,49.51174545288086,49.735777071363366,49.36238534305357,49.369854772921336,14200
2001-08-01,49.399742126464844,49.661115277899675,49.28772343370495,49.362400663042415,16700
2001-08-02,49.623775482177734,49.66111694685509,49.511762483160815,49.511762483160815,7100
2001-08-03,49.287723541259766,49.362400770760196,49.287723541259766,49.362400770760196,15200
2001-08-06,48.83965301513672,49.32506353872323,48.802311552742665,49.13836762176743,36000
2001-08-07,49.10101318359375,49.10101318359375,48.83964010842938,48.83964010842938,11100
2001-08-08,48.76497268676758,49.280249510492894,48.76497268676758,49.21304171946619,15700
2001-08-09,48.80978012084961,48.83218271888665,48.690292001309224,48.690292001309224,13600
2001-08-10,48.92179870605469,48.989006500025006,48.66042556699156,48.742566527119585,9800
2001-08-13,48.76497268676758,49.10102303691482,48.5484047531701,49.026345814382864,12300
2001-08-14,49.018882751464844,49.1383708810455,48.91433348683558,48.91433348683558,16400
2001-08-15,49.10101318359375,49.36238625875812,49.033805406053936,49.138354636119686,12500
2001-08-16,48.50359344482422,48.9143267114806,48.316897541345284,48.9143267114806,24800
2001-08-17,47.42076110839844,47.94350737704727,47.31621185466867,47.94350737704727,20800
2001-08-20,46.748653411865234,47.42075980849488,46.59929896706169,47.42075980849488,37100
2001-08-21,47.204193115234375,47.34608382977972,47.04736923481915,47.04736923481915,19600
2001-08-22,47.375953674316406,47.420761718814596,47.271404419240845,47.34608449340449,27400
2001-08-23,47.28634262084961,47.56265178614927,47.23406799089437,47.49544114067057,23900
2001-08-24,47.94350814819336,47.95097758001049,47.45810048396142,47.45810048396142,26200
2001-08-27,47.27140808105469,47.42076539219819,47.12205076991118,47.42076539219819,12700
2001-08-28,46.65903854370117,46.860670455639585,46.52461726907557,46.860670455639585,19100
2001-08-29,45.81516647338867,46.15121961731694,45.81516647338867,46.15121961731694,20100
2001-08-30,45.143070220947266,45.62847786278335,45.08332616418093,45.62847786278335,18300
2001-08-31,45.62847900390625,45.62847900390625,45.25508718603876,45.25508718603876,22400
2001-09-04,46.11388397216797,46.3752570738045,46.076545364613196,46.30057985869496,40200
2001-09-05,45.68075942993164,46.300591293684434,45.66582626222417,46.300591293684434,28600
2001-09-06,45.81516647338867,46.18109164094456,45.81516647338867,46.1138810121589,23300
2001-09-07,45.553794860839844,45.77782934778189,45.42684302944881,45.77782934778189,26000
2001-09-10,45.10572814941406,45.25508258236486,44.95637086771007,45.180405365889456,30300
2001-09-17,40.88639831542969,41.364339319389465,40.84905970863653,41.07309419814854,41700
2001-09-18,40.699703216552734,40.90880169762392,40.699703216552734,40.89386568486839,22400
2001-09-19,39.579524993896484,40.29643646102863,39.445103737715094,40.288969879575404,29900
2001-09-20,37.49600601196289,37.89926986267545,37.45866739958288,37.89926986267545,30800
2001-09-21,35.09883117675781,35.285527087272484,34.800116580432935,35.09883117675781,37500
2001-09-24,37.525875091552734,37.525875091552734,36.144326600817784,36.144326600817784,50100
2001-09-25,37.83913803100586,37.98902339204247,37.584328914811614,37.62180025507077,33800
2001-09-26,36.16040802001953,36.722486901159726,36.04799110023908,36.722486901159726,33000
2001-09-27,37.88410568237305,37.88410568237305,36.85737600673322,36.85737600673322,44200
2001-09-28,38.85837173461914,39.158148175206215,38.59606949326545,38.59606949326545,28200
2001-10-01,40.39472961425781,40.39472961425781,40.02001042621787,40.05748177324576,18000
2001-10-02,41.55635070800781,42.155900724310904,41.22659605488112,41.96854116553619,62400
2001-10-03,41.6013298034668,41.74372494789863,40.09495967904039,40.09495967904039,25500
2001-10-04,42.04349136352539,42.478166989871895,41.81866042456845,41.81866042456845,14800
2001-10-05,41.968544006347656,42.49315137820304,41.788677559841744,42.343263149261475,11300
2001-10-08,41.66877365112305,42.49315760159786,41.41396448226801,41.65378739902622,40500
2001-10-09,40.05747985839844,40.244839443462155,39.90759161857139,40.244839443462155,19700
2001-10-10,40.49964904785156,40.5371203935086,39.83264937496282,39.907592066276905,15300
2001-10-11,41.29405212402344,41.29405212402344,40.32727882099812,40.46967107893073,46700
2001-10-12,39.68275833129883,40.46966797005156,39.637791004357446,40.46966797005156,29200
2001-10-15,39.143157958984375,39.67525841002446,39.00076572612123,39.64528305391849,22900
2001-10-16,38.895851135253906,38.895851135253906,37.996524552109,38.183884137810836,36000
2001-10-17,38.03399658203125,38.59607534925339,38.03399658203125,38.59607534925339,22100
2001-10-18,38.10144805908203,38.46117814507751,37.5543583746172,38.40871768621654,21100
2001-10-19,37.58432388305664,37.77168341814889,37.322018818599716,37.77168341814889,28400
2001-10-22,37.74170684814453,37.83163862841449,37.35199865513503,37.47190864845489,39800
2001-10-23,38.29629898071289,38.43869409852966,38.101446265385285,38.22135628840545,20800
2001-10-24,38.251338958740234,38.33377764519696,38.03400112333266,38.22136073477765,28100
2001-10-25,37.77918243408203,37.84663199159056,37.35949598082004,37.84663199159056,37000
2001-10-26,37.696746826171875,37.77169237330512,37.32202766714654,37.32202766714654,17000
2001-10-29,37.1121826171875,37.43444129456253,37.02974395196876,37.20961039052601,75500
2001-10-30,36.96229934692383,37.04473802318735,36.79742199439678,37.04473802318735,11800
2001-10-31,36.872371673583984,37.11219174472268,36.759954764477385,37.059731282841135,15600
2001-11-01,37.659278869628906,37.68176110635108,36.84988404106377,36.87236913666651,29000
2001-11-02,37.996517181396484,38.10893119568284,37.56184165462568,37.69674075887318,38900
2001-11-05,38.633544921875,38.820904502348576,38.2213544166092,38.2213544166092,21700
2001-11-06,38.39372253417969,38.55859986973174,38.221352073775336,38.221352073775336,44100
2001-11-07,37.35950469970703,37.58433851646012,36.98478548362619,37.24709065021122,59900
2001-11-08,39.82516098022461,39.90759967170919,39.1581611802217,39.1581611802217,56500
2001-11-09,38.895851135253906,39.41296256259404,38.708491549552065,39.27057030665758,36700
2001-11-12,37.80917739868164,38.13143622076319,37.50940081943511,38.07147976136135,34700
2001-11-13,37.771690368652344,38.101442181896836,37.40446435438994,37.92157573720338,93800
2001-11-14,37.411964416503906,37.411964416503906,37.03724520788245,37.284561257835335,56200
2001-11-15,37.08970642089844,37.24708779345025,36.73746946995634,37.24708779345025,52600
2001-11-16,37.56935119628906,37.58434030871276,37.09720416102573,37.172146864263325,125400
2001-11-19,39.79517364501953,39.99002920917572,39.23309490506796,39.345511796610396,258600
2001-11-20,40.10244369506836,40.98678115129722,40.10244369506836,40.177389243237116,138700
2001-11-21,40.10244369506836,40.537119297806086,40.10244369506836,40.24483880714882,27500
2001-11-23,40.25233459472656,40.42470507859438,39.83265093274597,39.83265093274597,17100
2001-11-26,39.86262512207031,39.86262512207031,39.570344620683244,39.72023286364289,61500
2001-11-27,39.203125,39.64529378464339,39.19562901478463,39.64529378464339,26900
2001-11-28,38.13142395019531,38.895851408290504,38.06397438451396,38.78343451252811,39000
2001-11-29,39.570343017578125,39.570343017578125,38.978286054257644,39.27056940268394,28600
2001-11-30,38.895851135253906,39.04573651671106,38.67101734530738,38.67101734530738,29200
2001-12-03,38.03399658203125,38.401222634523776,37.98153612580095,38.37124441414062,35000
2001-12-04,37.471923828125,37.50939518017694,37.20962150488049,37.322035561036316,47100
2001-12-05,38.55110549926758,38.70099373250733,37.65927494275544,37.65927494275544,78800
2001-12-06,38.70098876953125,38.89584430541893,38.296291449345965,38.363741002710185,38400
2001-12-07,37.8916015625,38.06397202882242,37.65927465978009,38.03399381062367,29400
2001-12-10,36.75244903564453,36.90233724342992,36.7224708223115,36.7599421595379,45100
2001-12-11,36.497650146484375,36.722481091595576,36.38523324448848,36.722481091595576,77800
2001-12-12,36.64754104614258,36.86487602209975,36.42270722589323,36.68501239655721,55100
2001-12-13,35.67326354980469,36.055478701063656,35.59832085996743,36.04798271675171,44300
2001-12-14,35.82316207885742,35.89810764910378,35.59833108588073,35.59833108588073,34900
2001-12-17,35.5308723449707,35.785681500375716,35.23859184354034,35.48590501441201,60100
2001-12-18,35.86062240600586,36.242837549513304,35.44843190249964,35.560848793856024,84500
2001-12-19,35.485904693603516,35.710738485483915,35.41845512781548,35.710738485483915,39500
2001-12-20,35.650787353515625,35.748215153911644,35.50839507515286,35.6357982412331,54500
2001-12-21,36.535125732421875,36.75995670361444,35.6882594534196,36.01051822705194,60700
2001-12-24,36.2728157043457,36.61006066005876,36.19787015728035,36.19787015728035,19000
2001-12-26,36.54261016845703,36.98477887882444,36.4526783731444,36.460174357100584,64200
2001-12-27,36.76744842529297,37.05223295496492,36.76744842529297,37.02225759212827,29900
2001-12-28,37.53936767578125,37.99652553412985,37.486907219139326,37.73422039203976,54800
2001-12-31,38.191383361816406,38.46867765132798,37.53187957322879,37.53187957322879,41000
2002-01-02,38.37123489379883,38.401213106744045,37.84662760277647,37.85412072657291,28300
2002-01-03,38.596073150634766,38.73097227579401,37.921577524838554,37.921577524838554,29900
2002-01-04,39.84762191772461,40.04997054531706,39.4279384165368,39.79516148007613,62500
2002-01-07,39.4129753112793,39.682773659380906,39.008277789126886,39.682773659380906,141700
2002-01-08,38.678524017333984,38.948322352716,38.5211426079882,38.89586188293407,44300
2002-01-09,39.34550857543945,39.757699045882326,39.2705658931335,39.4204512577454,62900
2002-01-10,39.11318588256836,39.49540103642507,38.978286752840155,39.49540103642507,69700
2002-01-11,39.95256042480469,40.169895378762064,39.85513263648418,40.169895378762064,44200
2002-01-14,39.69775390625,40.02001265461886,39.57034788860431,39.95256308266071,49600
2002-01-15,39.0682258605957,39.4504381990944,38.85838115774557,39.15815767102821,47900
2002-01-16,39.53287124633789,39.71273770043709,39.270568978776865,39.71273770043709,34400
2002-01-17,39.45793533325195,39.517888922325795,38.97079919970334,38.97079919970334,47700
2002-01-18,39.78019332885742,39.79517958167711,39.42046036580866,39.54037040053134,38400
2002-01-22,38.48365020751953,38.97078617830022,38.453674852438745,38.8958435022785,47700
2002-01-23,38.88835144042969,38.94081189071041,38.221351836391904,38.40871140421736,42000
2002-01-24,39.24808883666992,39.79517853437423,39.24059571045728,39.555358471240304,58300
2002-01-25,40.85188674926758,41.21911283057474,40.731976717206585,41.21911283057474,185200
2002-01-28,41.21160888671875,41.443932904733934,41.144159332709194,41.1816306718523,83800
2002-01-29,38.790924072265625,39.38298099894625,38.78343094738113,39.34550965676346,85100
2002-01-30,39.33802795410156,39.49540935229477,38.08646417785412,38.43120520024333,255500
2002-01-31,39.240596771240234,39.345517694337545,39.04574117787601,39.04574117787601,64900
2002-02-01,39.04573440551758,39.2705681833074,39.00826306217935,39.2705681833074,42600
2002-02-04,38.14641571044922,38.89585411058472,37.846639206842774,38.89585411058472,45300
2002-02-05,36.872371673583984,37.32952957759236,36.75246163801464,37.32203359224885,77900
2002-02-06,36.587581634521484,36.98478306272585,36.53512117641451,36.68500942481181,34400
2002-02-07,37.2470817565918,37.63678999132952,37.1721362159422,37.28455309747657,51700
2002-02-08,38.07146453857422,38.14641008285972,37.434443135988545,37.95905051046626,67300
2002-02-11,38.708499908447266,39.19563322113766,37.83915135741474,37.95906140380264,71100
2002-02-12,39.427947998046875,39.457926215096656,39.15814976235908,39.34550933060003,53900
2002-02-13,41.03174591064453,41.03174591064453,40.55210586792266,40.55210586792266,80400
2002-02-14,39.585330963134766,40.020006551437994,39.57034185399877,39.57034185399877,119000
2002-02-15,39.742713928222656,40.094950859964996,39.72772481848039,39.90759127650722,27000
2002-02-19,37.57682800292969,38.528614786853744,37.569334879412644,38.5211216633367,71200
2002-02-20,38.176387786865234,38.176387786865234,37.71923280360158,37.921578638402025,37400
2002-02-21,38.75345230102539,39.51787968038765,38.74595917622385,38.97079008571155,43600
2002-02-22,39.22560119628906,39.3530043365204,39.09819519717746,39.1956229778063,18100
2002-02-25,39.78019332885742,39.79517958167711,39.27057496656587,39.30804631637657,26100
2002-02-26,38.22136688232422,38.63355752202402,37.99653588420445,38.333783810824734,178700
2002-02-27,38.198875427246094,38.40122413441514,38.07146941508163,38.22135766397136,53700
2002-02-28,38.55860137939453,38.55860137939453,38.0789613214242,38.108936680887155,46800
2002-03-01,39.577850341796875,39.607825710658716,38.44619654498883,38.55861346958446,45500
2002-03-04,41.93857192993164,41.96855015188576,41.219111756316366,41.219111756316366,123100
2002-03-05,41.593833923339844,42.15591276014173,41.46643075926087,41.89361044651984,75800
2002-03-06,43.37749099731445,43.40746635752797,42.30579396519242,42.34326530961956,93600
2002-03-07,44.73397445678711,44.771448661705165,44.366751263185996,44.366751263185996,73600
2002-03-08,43.444942474365234,44.02950347804045,43.13767286232051,43.28006512096742,75300
2002-03-11,44.00701904296875,44.12692905975285,43.6922534621103,43.8421416978105,101800
2002-03-12,43.45993423461914,43.45993423461914,42.56810070563761,43.16765085607858,41400
2002-03-13,43.272579193115234,43.80467982901356,42.94282443146935,43.80467982901356,33300
2002-03-14,44.14192199707031,44.374246066615804,43.954562400917865,43.954562400917865,45500
2002-03-15,44.7414665222168,44.91383698599542,44.066970917100285,44.14191646149112,16500
2002-03-18,43.954559326171875,44.246839818302966,43.69225419457909,44.2168615988843,44900
2002-03-19,44.958805084228516,44.9662982093561,44.36674813834073,44.77893863348378,42400
2002-03-20,43.46742630004883,43.75221368663915,43.272573577990535,43.61731454872166,61400
2002-03-21,43.89460754394531,44.066978035568226,43.45243876669326,43.50489922680108,45900
2002-03-22,42.643035888671875,42.86786678303888,42.545608119523536,42.643035888671875,68500
2002-03-25,42.193382263183594,42.93532755318008,42.16340404040217,42.755461075372224,34700
2002-03-26,42.23249816894531,42.518361984190264,42.12718067640414,42.12718067640414,35100
2002-03-27,42.67633819580078,42.87945173258064,42.04443037127003,42.04443037127003,47700
2002-03-28,43.744571685791016,43.83484342681093,43.391003301406585,43.55650388468218,74300
2002-04-01,42.089569091796875,42.2324995693155,41.67582055608588,41.93911429616928,76700
2002-04-02,41.66828536987305,41.95414912003661,41.56296790130905,41.78864860104416,43100
2002-04-03,41.39748001098633,41.931594702575,41.26207097590037,41.78866134904723,33300
2002-04-04,42.164798736572266,42.24002757579827,41.56298237119816,41.56298237119816,25900
2002-04-05,42.50331115722656,42.578537108745444,42.25506035177927,42.28515188026127,17900
2002-04-08,42.17231369018555,42.2024023495074,41.570494588769854,41.67581494029791,24500
2002-04-09,41.56298065185547,41.60059363506914,41.374912866100466,41.374912866100466,26700
2002-04-10,42.315250396728516,42.428092212327755,41.91654762240127,42.051956653245725,24400
2002-04-11,41.14923858642578,41.72848780226202,40.92355778186693,41.37491939098464,62500
2002-04-12,41.314727783203125,41.32225210129106,40.916025015138175,41.07400125874656,12300
2002-04-15,41.2620735168457,41.638209110872324,41.15675600966814,41.2620735168457,29300
2002-04-16,42.57853698730469,42.57853698730469,41.78865301986491,41.78865301986491,89200
2002-04-17,41.75856018066406,42.247537457851415,41.75103873364417,41.826264682587144,84400
2002-04-18,42.45817947387695,42.46570379183458,42.05195526444604,42.330294765462114,48000
2002-04-19,42.78917694091797,42.80422270586309,42.24001943400911,42.31524538904848,55200
2002-04-22,42.164798736572266,42.57102585933234,42.08957276703305,42.39047951487671,23700
2002-04-23,42.691383361816406,42.789179404747735,42.578541553073606,42.76660932118734,15300
2002-04-24,42.26259231567383,42.653773647661204,42.24002510007211,42.24002510007211,31600
2002-04-25,42.164798736572266,42.18736882318346,41.788663149502604,42.164798736572266,19100
2002-04-26,42.14223098754883,42.14223098754883,41.64573213367326,41.75104963757312,40700
2002-04-29,42.0218620300293,42.57854100951497,41.901498774760526,41.901498774760526,33100
2002-04-30,41.24702453613281,41.67581882051831,41.15674994070376,41.67581882051831,56400
2002-05-01,41.89398193359375,42.104619820169745,41.28464410053971,41.374915840679776,41800
2002-05-02,40.39695739746094,41.134182708350956,40.058434838968985,41.134182708350956,139900
2002-05-03,40.63015365600586,40.63015365600586,40.359338518482105,40.39695149288657,47900
2002-05-06,40.21640396118164,40.79565293218869,40.21640396118164,40.73547274892981,28000
2002-05-07,40.434574127197266,40.592550379248486,39.877892216086266,40.216414805972235,19100
2002-05-08,40.86335754394531,40.998766543756446,40.47217630778936,40.47217630778936,52800
2002-05-09,40.48721694946289,40.622625932144885,40.17126456966194,40.622625932144885,27300
2002-05-10,41.1793212890625,41.41252349353336,40.735481225141385,41.27711446591766,45800
2002-05-13,42.480743408203125,42.72899134082325,41.75103963502123,41.75103963502123,87000
2002-05-14,42.35286331176758,43.06752144683135,42.21745428113711,43.06752144683135,65200
2002-05-15,42.12717819213867,42.27763297390499,41.93911043235234,42.089565214118664,44400
2002-05-16,42.55597686767578,42.728998880258196,42.46570513712986,42.69138589833795,39700
2002-05-17,42.96220016479492,43.21797243682138,42.75156518889772,42.75156518889772,43400
2002-05-20,42.65376663208008,42.99228915885971,42.38294861065637,42.99228915885971,67800
2002-05-21,42.50331115722656,42.728991881469305,42.3528563845027,42.48074394570812,126500
2002-05-22,42.2475471496582,42.307730218367695,42.01434206293891,42.01434206293891,63300
2002-05-23,41.48774337768555,41.796174347471506,41.11912935541165,41.78865003106757,118900
2002-05-24,42.72899627685547,42.804225105798984,42.25506469841371,42.277634781939966,52900
2002-05-28,41.939117431640625,42.38295753359703,41.90902589632808,42.31525301398718,29400
2002-05-29,42.01433563232422,42.42808699215752,42.01433563232422,42.2776322130987,31200
2002-05-30,42.57853698730469,42.57853698730469,41.97672076781181,42.4656980603482,95500
2002-05-31,41.65325164794922,42.08957028062451,41.600592898445186,41.90150249819963,76900
2002-06-03,41.0965690612793,41.3749085516601,40.99877301937228,41.3749085516601,77200
2002-06-04,39.38137435913086,40.66023526471851,38.817171271637946,40.62262229948937,530300
2002-06-05,40.261531829833984,40.38941648288825,39.94557661517804,40.058418378202,82300
2002-06-06,39.38137435913086,40.0960321772256,39.17826377295648,40.020806246767336,81800
2002-06-07,39.71990966796875,39.98320624933858,39.2008436922127,39.23093522202975,28200
2002-06-10,39.41899490356445,39.61458406793482,39.34376609443305,39.5318338127331,30300
2002-06-11,39.20084762573242,39.52432442950866,39.12561879364113,39.268552139771316,118000
2002-06-12,39.59954833984375,40.05843414791808,39.32873029772209,39.682298616012744,77700
2002-06-13,39.0052490234375,39.15570379282818,38.74195532926834,39.118090817902015,56300
2002-06-14,38.02729415893555,38.403429616233986,37.72638751490827,38.403429616233986,106800
2002-06-17,38.019779205322266,38.177755435641586,37.5383261969093,37.5383261969093,68800
2002-06-18,38.61407470703125,38.65920913382133,37.91446239492154,37.91446239492154,35500
2002-06-19,38.09501266479492,38.51628556497163,38.004740925359506,38.51628556497163,23500
2002-06-20,37.32769775390625,37.764016446215,37.25999322819238,37.65117461346287,68200
2002-06-21,37.222373962402344,37.342737224516306,37.04935195246893,37.16219376618863,69900
2002-06-24,37.869319915771484,37.95207017981016,37.530797412743254,37.95207017981016,29100
2002-06-25,38.3808708190918,38.930028362744956,38.36582505313996,38.36582505313996,42000
2002-06-26,37.65869140625,37.89941792296777,37.244940015310284,37.83923485894511,43700
2002-06-27,38.064910888671875,38.064910888671875,37.82418440181011,37.83923016594973,21000
2002-06-28,39.870361328125,40.02081609575324,39.516793054651544,39.644680611525644,73500
2002-07-01,39.11808776855469,39.87035868718074,39.11808776855469,39.71990392951837,30800
2002-07-02,38.93754577636719,39.64468235440154,38.749478025985475,39.56945353243717,37900
2002-07-03,39.73495101928711,39.81770128224933,39.44156581037445,39.44156581037445,44100
2002-07-05,39.26102828979492,39.26102828979492,39.11809781164722,39.11809781164722,13600
2002-07-08,38.644161224365234,38.644161224365234,38.252979952331174,38.51627652930654,40400
2002-07-09,38.704345703125,39.23093600671107,38.41096045575618,39.08048122430272,24600
2002-07-10,38.079952239990234,38.945064924807,38.07243079363507,38.17774826072183,38500
2002-07-11,38.2830810546875,38.35830989678621,37.89942400388821,38.1777635454362,57300
2002-07-12,38.02729415893555,38.49370132247359,37.80161345849364,38.3658166444413,44900
2002-07-15,38.31315994262695,38.53884065504192,37.72638951641083,38.36581867986758,77100
2002-07-16,38.140140533447266,38.74195676360487,38.10252755712857,38.380867025510305,54900
2002-07-17,38.53131866455078,39.38138276497716,38.47865992805308,39.38138276497716,111000
2002-07-18,38.47113800048828,38.92250231666409,38.365820520953086,38.403433496546214,65800
2002-07-19,37.43301010131836,38.55389534573953,37.425488652693495,38.45609929549662,58300
2002-07-22,38.140140533447266,38.51627603600654,37.80161800720669,38.25297946240336,99200
2002-07-23,37.38787078857422,38.14014181904981,36.99668950836456,38.14014181904981,74200
2002-07-24,37.2750358581543,37.38787768140365,36.25947092765718,36.861287289051276,150300
2002-07-25,35.95103454589844,36.14662375829117,35.46958152799048,35.73287525038191,82800
2002-07-26,35.73287582397461,35.73287582397461,35.55232950451778,35.695262844412966,56800
2002-07-29,35.76295852661133,35.76295852661133,35.356731560384475,35.43195750093655,222400
2002-07-30,36.78605270385742,37.049346403520694,36.42496010191051,36.462575947307634,94300
2002-07-31,36.086448669433594,36.18424185461721,35.92094809498938,36.10901588606262,25600
2002-08-01,36.5528450012207,36.85375452436926,36.14661800587592,36.18423097884802,45200
2002-08-02,36.18423843383789,36.67321579227617,36.0413079592218,36.537806765929766,57600
2002-08-05,35.65764236450195,36.109003763673556,35.46957463656615,35.99616197903776,78100
2002-08-06,35.62004089355469,35.92095052752391,35.39436010292125,35.39436010292125,56500
2002-08-07,37.31264114379883,37.48566600233002,37.01925590751005,37.08696041355255,116000
2002-08-08,37.538333892822266,37.824194881619256,37.2374242660301,37.2374242660301,34100
2002-08-09,38.704345703125,39.118094202483235,38.486186412117206,39.118094202483235,52700
2002-08-12,38.328208923339844,38.62911560858919,37.89189035565193,38.62911560858919,47400
2002-08-13,37.68125534057617,38.358300403467815,37.651163811184055,37.68877678808111,62500
2002-08-14,38.516273498535156,38.531319262008644,37.50070598671954,37.95207028186624,35200
2002-08-15,38.11005401611328,38.24546304441624,37.688781164761146,37.85428172595065,25400
2002-08-16,37.35778045654297,37.77905328020486,37.35025900865898,37.35025900865898,45500
2002-08-19,36.635597229003906,36.635597229003906,35.92093922545041,35.92093922545041,96300
2002-08-20,36.58292770385742,36.71833666964573,36.372289940583826,36.447518738069114,60700
2002-08-21,37.53081512451172,37.80163325474042,37.12458792916866,37.80163325474042,69000
2002-08-22,37.613555908203125,37.876849651685916,37.259987564366305,37.36530506175942,43700
2002-08-23,37.60602569580078,37.906932351129775,37.59850137934816,37.62106858933421,17900
2002-08-26,38.69681930541992,38.85479839678353,38.478662895826034,38.666730646304785,43300
2002-08-27,38.47865676879883,38.69681314365527,38.36581498860513,38.51626973896817,34000
2002-08-28,37.95208740234375,38.087496465003234,37.613564745695044,37.83924556023177,17200
2002-08-29,37.41796875,37.57594500482848,36.944037115827825,37.38787721488408,42400
2002-08-30,37.643646240234375,37.98216880654137,37.417965485925215,37.417965485925215,28200
2002-09-03,36.07138442993164,36.597974549211685,35.958542665198316,36.409906854446334,46000
2002-09-04,36.334693908691406,36.40992274123341,35.958558355041006,36.07140016901074,76900
2002-09-05,36.25946807861328,36.25946807861328,35.815628008893064,35.99617146828192,49700
2002-09-06,37.04935073852539,37.04935073852539,36.31212542352218,36.31212542352218,29400
2002-09-09,37.485652923583984,37.53831164661261,36.74842506181286,36.92144985997569,79800
2002-09-10,37.10200881958008,37.50071156705603,36.86880375556763,37.50071156705603,41800
2002-09-11,37.42548370361328,37.62859722586459,37.32016621867251,37.575938483394204,18100
2002-09-12,37.2750358581543,37.425490665924514,37.21485565685827,37.425490665924514,30600
2002-09-13,36.87632751464844,37.24493872511573,36.718351281591026,37.24493872511573,25500
2002-09-16,36.95908737182617,37.237426931234126,36.8612913056661,36.89890429428549,16700
2002-09-17,37.54584503173828,37.839230258966886,37.350255836814576,37.350255836814576,128500
2002-09-18,39.96816635131836,40.013300782982945,39.15571214511608,39.49423473103369,164700
2002-09-19,39.98320388793945,40.84831379643966,39.98320388793945,40.75804208200618,120900
2002-09-20,39.080482482910156,39.2384587181678,38.81718588779437,39.005253654440054,68600
2002-09-23,38.553890228271484,39.08048052239975,38.29059651605046,39.08048052239975,81600
2002-09-24,37.95960235595703,38.689306305436766,37.95960235595703,38.59151025032303,86400
2002-09-25,38.60785675048828,38.83451967011323,38.19231286807378,38.19231286807378,51200
2002-09-26,39.37849044799805,39.89225457061431,39.00072288031773,39.00072288031773,54200
2002-09-27,39.197166442871094,39.59004508731389,39.174498427329574,39.32560604167496,53100
2002-09-30,38.60785675048828,38.91007205522905,38.34342052044416,38.91007205522905,53500
2002-10-01,37.9278678894043,38.00342025709284,37.14966466794949,37.62565265437395,131700
2002-10-02,36.832332611083984,37.210100125043816,36.59056163272068,37.0967687180009,90300
2002-10-03,37.13454818725586,37.58786805618401,36.885220241849176,37.323431946332164,62700
2002-10-04,37.701202392578125,37.76920066641223,37.24787960630487,37.550094797153704,34400
2002-10-07,36.3790168762207,36.847447839699534,36.26568545631463,36.26568545631463,42900
2002-10-08,36.605674743652344,36.79455851128508,36.27323746805068,36.71900327494944,43300
2002-10-09,34.96616744995117,35.51015370559768,34.7546185203722,35.51015370559768,73100
2002-10-10,35.43460464477539,35.510157017489206,34.376854133952314,34.67906938908413,63000
2002-10-11,36.07680130004883,36.21279784965668,35.88036344069177,36.07680130004883,105800
2002-10-14,35.9483642578125,36.00125148838495,35.54037458013537,35.69148218840148,32400
2002-10-15,37.77676010131836,37.87498048458045,36.8323410987854,36.8323410987854,95700
2002-10-16,37.383880615234375,37.77675925736756,37.3309933828451,37.701206891708026,19800
2002-10-17,38.19230270385742,38.41896268102202,37.92786654418839,38.154526521352985,34600
2002-10-18,37.74653625488281,37.96564214504493,37.70120598942716,37.89008978119355,31800
2002-10-21,38.30562973022461,38.328294860694285,37.61053594706543,37.625646994757766,51800
2002-10-22,36.862571716308594,37.23278243684773,36.7190181501847,37.23278243684773,71600
2002-10-23,38.00341796875,38.1469714937076,37.40654450068123,37.474542780361695,68000
2002-10-24,37.62565231323242,38.381187511819974,37.4065464139289,38.0034199125262,23500
2002-10-25,38.47183609008789,38.502058178087886,38.0940686364988,38.15451281249878,105300
2002-10-28,37.701202392578125,38.52473576139666,37.43676338005098,38.51717879644973,79800
2002-10-29,36.507450103759766,37.02121412214831,36.11457156721927,37.02121412214831,53000
2002-10-30,37.60299301147461,37.625658148663234,37.23277943860888,37.41410918253339,121900
2002-10-31,36.71901321411133,37.77676375202332,36.37902464605379,37.398996114503085,115000
2002-11-01,38.60785675048828,39.04606865414853,38.34342052044416,38.34342052044416,53000
2002-11-04,39.098941802978516,39.174494160853826,38.88739289521748,38.910058026152534,72200
2002-11-05,39.44649124145508,39.552265706010054,39.02339338323515,39.2878295446226,41400
2002-11-06,39.098941802978516,39.43137621262267,38.79672660720186,38.910058026152534,61900
2002-11-07,39.07627868652344,39.695817275880415,39.061167637741825,39.1593880137534,51500
2002-11-08,39.234947204589844,39.51449445036189,39.03095233373834,39.076285487973685,26200
2002-11-11,38.834510803222656,38.910063171087984,38.38118794961645,38.532295567485185,45700
2002-11-12,39.197166442871094,39.446491556723664,38.98561462993234,39.13672224427773,32400
2002-11-13,39.10649871826172,39.31049355786496,38.94028294247005,39.19716501284399,12500
2002-11-14,38.925174713134766,39.25005508691097,38.72873394278081,38.72873394278081,38300
2002-11-15,40.224693298339844,40.68556732622494,39.27271738009673,39.28782842919527,36000
2002-11-18,38.978057861328125,39.287827152436826,38.80428512554889,39.13671954849989,44700
2002-11-19,39.174495697021484,39.182052662387974,38.721175767717966,39.09138925295483,17300
2002-11-20,39.94514465332031,39.94514465332031,39.20472051362529,39.31805194488125,91000
2002-11-21,39.174495697021484,39.62026154309633,38.834507191112756,38.834507191112756,110900
2002-11-22,38.91006851196289,39.31805827156855,38.7287387692031,39.1216174767339,80000
2002-11-25,39.778934478759766,39.778934478759766,38.7211839117303,38.7211839117303,56900
2002-11-26,39.35582733154297,39.46160179476788,39.30294009993052,39.43893666183053,30300
2002-11-27,40.04336166381836,40.04336166381836,39.44648822277668,39.47671031951904,27000
2002-11-29,39.967803955078125,40.33046042103766,39.514481211025675,40.04335630468484,25300
2002-12-02,39.64292907714844,39.96780941266689,39.454045295202256,39.96780941266689,53900
2002-12-03,39.55225372314453,39.673139200603266,39.29537172327758,39.66558511919709,29400
2002-12-04,39.967803955078125,39.967803955078125,39.287821280068144,39.47670503622232,43600
2002-12-05,39.21227264404297,39.28782500080484,38.79672603543971,39.28782500080484,125600
2002-12-06,38.66829299926758,38.932729174842244,38.60784879791442,38.87228785562724,37300
2002-12-09,38.57007598876953,39.12917337166549,38.30563979005155,38.85718020604791,107900
2002-12-10,38.894954681396484,39.053616393640624,38.75895810457629,38.75895810457629,68600
2002-12-11,38.72117614746094,38.83450757196718,38.39629580482341,38.607844722954695,40200
2002-12-12,39.16694259643555,39.40115953232996,38.758952920543805,38.91006052814866,23300
2002-12-13,38.6456298828125,38.706071205183605,38.43407804916788,38.532298440426516,76700
2002-12-16,39.234947204589844,39.33316759769724,39.00073023091478,39.09895062402217,31400
2002-12-17,39.5749397277832,39.937596325072384,39.121616819567905,39.121616819567905,27100
2002-12-18,38.267860412597656,38.75140249688961,38.154528975656284,38.53229658927664,24100
2002-12-19,38.298072814941406,38.39629318400005,38.16207626767179,38.19229836309563,64100
2002-12-20,38.53229904174805,38.94028878213858,38.1923075914226,38.1923075914226,18000
2002-12-23,38.53229904174805,38.75895904791889,38.343415222915944,38.68340667324139,33800
2002-12-24,39.24250030517578,39.47671727297759,39.02339727054512,39.10650372801838,19000
2002-12-26,39.733604431152344,40.27003384144069,39.47672229518996,39.47672229518996,35900
2002-12-27,39.49938201904297,39.93003688174958,39.21228069866407,39.81670832332788,23000
2002-12-30,40.10380554199219,40.610012688826785,40.10380554199219,40.23224512893073,29900
2002-12-31,40.04336166381836,40.17180125176674,39.91492207586998,39.91492207586998,33900
2003-01-02,40.65534973144531,40.96511904497394,40.04336518816963,40.04336518816963,109900
2003-01-03,40.85178756713867,40.9802300483844,40.72334796803098,40.72334796803098,23400
2003-01-06,41.67532730102539,41.83398902333365,40.647798825267884,41.25222649273157,68200
2003-01-07,41.123775482177734,41.44109883888898,40.71578583885955,41.17666270829628,53000
2003-01-08,40.02825164794922,40.02825164794922,39.6655951240997,39.967810335043225,45700
2003-01-09,40.49667739868164,40.49667739868164,40.16424301530568,40.19446510892281,17700
2003-01-10,40.11891555786133,40.18691383706331,39.50693392718136,39.96781083264615,28000
2003-01-13,40.18691635131836,40.48157750105407,39.930034267387946,39.930034267387946,52700
2003-01-14,39.93759536743164,40.06603498162288,39.66560220545212,39.66560220545212,29700
2003-01-15,39.778934478759766,40.111368971358935,39.778934478759766,39.96781830271943,20000
2003-01-16,39.81669998168945,39.9451395640868,39.67314646943635,39.85447615991587,47700
2003-01-17,39.35582733154297,39.50693494278054,39.18960867096785,39.40116047955563,43200
2003-01-21,38.63050842285156,39.28782311801993,38.5247339755989,39.28782311801993,75200
2003-01-22,38.298072814941406,38.47940250534677,38.16963323259658,38.47940250534677,28600
2003-01-23,38.91006851196289,39.06117615057296,38.532300856506936,38.532300856506936,27400
2003-01-24,38.25274658203125,38.53229378879446,37.79942374935089,38.53229378879446,51800
2003-01-27,37.7918701171875,38.02608706097694,37.77675906770386,37.927866680402275,21900
2003-01-28,37.98075866699219,38.07897905986217,37.68610037052058,37.77676379663376,47700
2003-01-29,37.28566360473633,37.3838839946831,37.096779791374665,37.36121885936395,59900
2003-01-30,36.039024353027344,36.79455944268353,35.73680916430982,36.71900420443532,132600
2003-01-31,36.11457443237305,36.48478787110584,35.97857789423753,36.00124590535176,71000
2003-02-03,36.9456787109375,37.270559132714624,36.877680416097206,36.9532327960804,31600
2003-02-04,37.39898681640625,37.4443199592078,37.02121927280619,37.31587749567222,55100
2003-02-05,37.55010223388672,37.92031288975158,37.4594388115314,37.776762230844135,96100
2003-02-06,37.308326721191406,37.474542495260735,37.021222555598364,37.474542495260735,45400
2003-02-07,37.39898681640625,37.68609095654084,37.13455068874126,37.587870588206286,25100
2003-02-10,37.13454818725586,37.24787671341918,36.71900161157805,37.210100538031405,40500
2003-02-11,36.91545486450195,37.361220802505095,36.90789789757702,37.361220802505095,24500
2003-02-12,36.922996520996094,37.28565299358522,36.72655867914519,36.72655867914519,34300
2003-02-13,36.7945671081543,37.13455854575807,36.711457769835796,36.8701194800048,34600
2003-02-14,37.41410446166992,37.527433015451905,36.96078160012759,37.02122580118849,24700
2003-02-18,37.15721893310547,37.414100999567516,37.058998556539365,37.414100999567516,35300
2003-02-19,37.293209075927734,37.406537599729134,37.21009976252428,37.28565211172521,17800
2003-02-20,37.527427673339844,37.64831605825292,37.3989880875763,37.4518753149069,22300
2003-02-21,37.05144500732422,37.119443287136754,36.56790296516304,36.9456705458687,45200
2003-02-24,36.711463928222656,36.92301291060224,36.643465629295115,36.92301291060224,31700
2003-02-25,36.61323165893555,36.635899672658816,36.03902622904702,36.26568619131518,51400
2003-02-26,36.55278778076172,36.583006993374575,36.227907467538415,36.303459822276935,163900
2003-02-27,36.40923309326172,36.49234241006654,36.25057142416387,36.28079351793608,200900
2003-02-28,35.872806549072266,35.963469954950526,35.71414486825088,35.75947801225887,241700
2003-03-03,36.62834167480469,36.78700335570589,36.45456894589323,36.60567654385815,113600
2003-03-04,36.605674743652344,36.9909963614826,36.5074543774848,36.73411432221658,133800
2003-03-05,36.764347076416016,36.79456917971304,36.41680153491545,36.41680153491545,87500
2003-03-06,35.85015106201172,36.21280766521897,35.64615618230668,36.19014252818679,52200
2003-03-07,35.89547348022461,36.076803183212824,35.62348324894906,35.699035610613734,37600
2003-03-10,35.623477935791016,35.91813613732867,35.366595909451476,35.91813613732867,25200
2003-03-11,34.86795425415039,35.245721893384356,34.76973386095082,35.17016663625455,76100
2003-03-12,35.50260543823242,35.51015952318153,34.973730145502024,34.98128423045113,31700
2003-03-13,35.3741569519043,35.4270441840153,34.958613178687266,35.3968220850553,99200
2003-03-14,35.223045349121094,35.283489540193884,34.867945814050294,35.2079343013529,78800
2003-03-17,35.64615249633789,35.676374597348016,34.83017306189358,34.83017306189358,71200
2003-03-18,35.46482467651367,35.69904164870993,35.05683781952498,35.359050199437405,72100
2003-03-19,35.4421501159668,35.63858796656695,35.13993493427994,35.33637566701767,85900
2003-03-20,35.887916564941406,36.05413520605254,35.60836939027619,35.79725316167061,67100
2003-03-21,36.28078842163086,36.33367563723449,35.62347382617352,35.62347382617352,144100
2003-03-24,36.21279525756836,36.49989938420506,36.19013012830197,36.49989938420506,49100
2003-03-25,35.90303039550781,36.159912459801774,35.51015177469718,35.51015177469718,37900
2003-03-26,36.72331619262695,36.837246981418524,36.41950558481664,36.42709961862526,57700
2003-03-27,36.31317138671875,36.42709927706174,36.18404963414035,36.41950524332432,34600
2003-03-28,35.71314239501953,35.92581011467307,35.62199950050807,35.62199950050807,47600
2003-03-31,34.14092254638672,34.43713920331953,33.72318103283067,34.102946571950916,197200
2003-04-01,34.71816635131836,34.938431068644356,34.40675871203656,34.40675871203656,48900
2003-04-02,34.832096099853516,34.862478038693176,34.40675764824173,34.596640419917875,115100
2003-04-03,33.82950973510742,34.06496247894989,33.79912780126301,33.95103457310437,120200
2003-04-04,33.68519592285156,33.89786655559359,33.54088608776782,33.79912672244124,62900
2003-04-07,34.29282760620117,34.8928549256385,34.026990003840424,34.29282760620117,96300
2003-04-08,33.56367874145508,33.867492344711835,33.53329969903441,33.79913442884813,65000
2003-04-09,33.464935302734375,33.799127883695895,33.41936240185662,33.57126917406846,50000
2003-04-10,33.13833236694336,33.38138201133484,33.10795043704935,33.15352333189037,54900
2003-04-11,32.021827697753906,32.280068360533406,31.748396066883736,31.748396066883736,206400
2003-04-14,31.869918823242188,32.04461059875195,31.269888661242963,31.368628498663515,146300
2003-04-15,32.29526138305664,32.61426304111089,31.938280853669287,31.938280853669287,164600
2003-04-16,32.188926696777344,32.51552527993096,32.12056878641075,32.48514334257224,267600
2003-04-17,33.22947692871094,33.45733561960315,32.79654454680159,32.88768744368239,92300
2003-04-21,33.38138198852539,33.730765489926874,33.38138198852539,33.72317145614871,54700
2003-04-22,33.48772048950195,33.56367242733717,32.81173839167416,33.03200306772926,127200
2003-04-23,33.654815673828125,33.814316469597905,33.419360048610486,33.48771794642332,69200
2003-04-24,33.4421501159668,33.76115465322296,33.11555154330543,33.76115465322296,60400
2003-04-25,32.52311706542969,32.95604950200483,32.39399818665993,32.58388093594309,85700
2003-04-28,32.7889518737793,33.03959849448022,32.40918637384274,32.41678330637473,75900
2003-04-29,33.12314987182617,33.18391084977091,32.6978114366888,32.92567017439841,78700
2003-04-30,34.39155960083008,34.48270539859071,33.723174468202195,33.98900913488595,192400
2003-05-01,33.95863342285156,34.23966200468821,33.7991325936239,33.87508454162343,81700
2003-05-02,34.40675354003906,34.482708378069134,33.913060131057286,33.95863013649451,138600
2003-05-05,35.16628646850586,36.077724293286124,34.93842773665604,36.077724293286124,408200
2003-05-06,35.8118896484375,36.07772435313982,35.470100101405244,35.606815920218146,351200
2003-05-07,36.10051345825195,36.37394512694024,35.96379762390781,36.077728451655034,273000
2003-05-08,35.53086471557617,35.842272357558706,35.45491276285117,35.81189331489747,230400
2003-05-09,35.86506271362305,35.918229663642194,35.65998895038572,35.887847721522256,109700
2003-05-12,36.016963958740234,36.222037706771,35.86506005416746,35.86506005416746,66600
2003-05-13,35.576438903808594,35.834679608685285,35.51567502154049,35.75872765323153,101900
2003-05-14,35.31819534301758,35.60681796568961,35.280219368361536,35.576436027012306,60600
2003-05-15,35.0523567199707,35.37895528093209,35.0523567199707,35.090332690398135,60200
2003-05-16,34.90045166015625,35.242241205602106,34.82449681817886,35.242241205602106,42900
2003-05-19,34.581443786621094,35.01437620334494,34.566252819689296,34.86247232878833,107500
2003-05-20,35.00678253173828,35.2422381755528,34.86247269046012,34.86247269046012,85300
2003-05-21,34.67259216308594,34.9004508892229,34.67259216308594,34.9004508892229,28600
2003-05-22,34.78651428222656,34.87765717802128,34.475106732329245,34.56624962812396,57800
2003-05-23,34.938419342041016,35.082729161483854,34.847276450676084,34.847276450676084,47600
2003-05-27,34.71056365966797,34.75613366059195,34.194082401739,34.194082401739,99300
2003-05-28,34.315608978271484,34.52068268499988,34.16370220691186,34.21686914228063,134500
2003-05-29,34.96881103515625,35.20426381170406,34.619427439556794,34.672594382479275,125900
2003-05-30,36.214439392089844,36.26001229650641,35.98658066476884,36.153675519534424,162800
2003-06-02,36.76129913330078,36.98915783878962,36.45748559439523,36.45748559439523,140500
2003-06-03,36.799278259277344,37.042327952307026,36.746111320013405,36.875230201831286,62500
2003-06-04,37.89300537109375,37.92338730986845,37.03473443368586,37.254999143730736,143100
2003-06-05,38.14365005493164,38.38669975784619,37.82464550899317,37.968958262048126,85400
2003-06-06,38.394287109375,39.07786609068064,38.394287109375,38.77405256623802,90500
2003-06-09,39.24496078491211,39.33610658035601,39.00191112515601,39.19179385292674,155000
2003-06-10,39.510807037353516,39.63992592991014,39.20699344710797,39.24496942154338,67600
2003-06-11,40.232357025146484,40.30830896435915,39.48042007846574,39.571562984997094,205300
2003-06-12,40.16400146484375,40.42224212957061,40.01968871558464,40.42224212957061,63000
2003-06-13,39.40447235107422,39.77664094932929,39.123443771711415,39.77664094932929,49300
2003-06-16,39.723472595214844,39.723472595214844,39.23737319585503,39.32851610888975,49000
2003-06-17,40.1184196472168,40.39944525312625,39.91334596807846,39.91334596807846,121600
2003-06-18,40.141212463378906,40.25514327310418,39.989308580253,40.02728455103448,29700
2003-06-19,40.14881134033203,40.399455077532885,40.1032384347587,40.21716925000153,53300
2003-06-20,40.4526252746582,40.63491401424273,40.29312443838501,40.29312443838501,48900
2003-06-23,40.31589889526367,40.82478317385101,40.11841925179675,40.82478317385101,71600
2003-06-24,39.03990173339844,39.396879398782026,39.0171138289917,39.34371245080189,95000
2003-06-25,39.03990173339844,39.26776049579637,38.97154381494092,39.19180564340948,146300
2003-06-26,39.419654846191406,39.49560677719537,39.19179325841861,39.19179325841861,53100
2003-06-27,39.51839828491211,39.70068700567357,39.39687343686478,39.41966133782304,37300
2003-06-30,39.343711853027344,39.677907403689254,39.26775989917581,39.609549486270346,60400
2003-07-01,39.670318603515625,39.670318603515625,39.07788512933882,39.563984687369214,70500
2003-07-02,40.82478713989258,40.969096972306836,39.98930428295862,40.239947981086594,89800
2003-07-03,41.2501335144043,41.50837419447295,41.090629787464025,41.090629787464025,61500
2003-07-07,42.98944854736328,43.209713207660954,42.305872463606356,42.34384842980721,156200
2003-07-08,43.58189392089844,43.59708489009328,43.05022158860342,43.05022158860342,105000
2003-07-09,44.774349212646484,45.1844966130545,44.59965744522394,44.64522744701556,143000
2003-07-10,43.99203872680664,44.23509133779811,43.90089580854804,44.204709399251534,79700
2003-07-11,42.54893493652344,43.29327510824254,42.15397839486774,42.366646187535665,225900
2003-07-14,42.26029586791992,42.68563418534131,42.07801008715379,42.07801008715379,178600
2003-07-15,41.30329132080078,41.834963532433434,41.25771842355897,41.77419966944435,162000
2003-07-16,40.52097702026367,40.82479057418668,40.06525958675995,40.82479057418668,103700
2003-07-17,39.66271209716797,40.02728665108322,39.571566285653404,40.02728665108322,77600
2003-07-18,40.5589599609375,40.5589599609375,39.49561531279445,39.49561531279445,121600
2003-07-21,39.69308853149414,40.1032359642445,39.53358771788483,39.95132918573909,67000
2003-07-22,39.87537384033203,40.17159043956504,39.56396627480752,39.69308514221449,63300
2003-07-23,39.98931121826172,40.10323913812172,39.68549763720629,39.68549763720629,134100
2003-07-24,39.70068359375,40.126021974052044,39.685492626877,39.9893061695757,79000
2003-07-25,40.095645904541016,40.103239940397856,39.495615663512346,39.8905721678332,72100
2003-07-28,39.78423309326172,39.91335196765718,39.60954131752513,39.91335196765718,66600
2003-07-29,38.92596435546875,39.3968727715268,38.73608160251524,39.26775389026123,85800
2003-07-30,38.599361419677734,38.8120291517527,38.470242553026665,38.73607721812037,56800
2003-07-31,38.96394348144531,39.41206693059482,38.58417794478916,38.660132790549056,137800
2003-08-01,38.43226623535156,38.73607978477266,38.20440752197611,38.43226623535156,131100
2003-08-04,38.03731918334961,38.196820020255416,37.710720575943675,38.04491321956269,138500
2003-08-05,38.20440673828125,38.69810302161806,38.20440673828125,38.29554964228565,84200
2003-08-06,39.07787322998047,39.35889890813432,38.62215286005909,38.66013173058831,215200
2003-08-07,39.63232421875,39.70068211844795,39.22977375240683,39.419656485192185,211400
2003-08-08,39.07787322998047,39.191801149425046,38.910775471271194,39.047491292509505,58800
2003-08-11,39.68550109863281,39.776644021946645,39.495618318256575,39.495618318256575,35100
2003-08-12,39.647525787353516,39.67790772809506,39.30573619746451,39.5335949582634,42300
2003-08-13,40.48299789428711,40.786811424524615,40.29311516223381,40.40704596041802,60000
2003-08-14,42.25271224975586,42.29828225749045,41.24253458338491,41.394441369722465,549200
2003-08-15,42.093204498291016,42.49575787813074,41.77420288518325,42.00206159417175,98500
2003-08-18,41.98686218261719,42.1311748906101,41.81217044428165,41.81217044428165,131600
2003-08-19,42.00206756591797,42.07802241130032,41.71344494822721,41.81218479853372,96000
2003-08-20,42.27549362182617,42.533734267200835,42.16915974973909,42.366636526846435,42400
2003-08-21,43.71100616455078,44.20470244745818,43.61226632849317,43.8249369674927,81200
2003-08-22,42.48056411743164,43.21731002884285,42.43499121967882,42.68563781124859,60000
2003-08-25,42.11599349975586,42.28308834545149,41.888134784803086,41.956492689026994,48600
2003-08-26,42.40462875366211,42.51855669648762,42.14638802692335,42.15398206415907,35600
2003-08-27,42.91350173950195,42.95147771023773,42.2830896152408,42.29068654781646,89800
2003-08-28,42.15396499633789,42.22232289330825,41.5843168207117,41.79698454578374,82400
2003-08-29,42.07041931152344,42.48816075906134,42.00206140938955,42.22992011737562,47400
2003-09-02,43.36921691894531,43.52112369133878,42.9134994991456,43.17933417779865,157900
2003-09-03,44.44774627685547,44.698389954028826,43.90088313046954,44.014813918426704,347600
2003-09-04,45.230064392089844,45.3439951857311,44.72118008122122,44.77434701228569,460400
2003-09-05,44.774349212646484,45.41994934865939,44.774349212646484,45.306021446799775,98100
2003-09-08,45.19209289550781,45.214877897536994,44.964234183073835,45.04018612142492,156600
2003-09-09,45.59464645385742,46.02757890584474,45.45793063771607,45.45793063771607,333000
2003-09-10,45.19209289550781,46.10353064262445,45.19209289550781,45.61743128346377,279300
2003-09-11,46.28581237792969,46.43012510442233,46.088335617177215,46.14150254881751,236900
2003-09-12,48.04032897949219,48.30616363307476,47.47068080977489,47.47068080977489,234000
2003-09-15,47.85045623779297,47.98717205883428,47.736525421131525,47.88843221088644,254700
2003-09-16,50.7366828918457,50.77465597230387,50.05310370120832,50.20500761256651,338700
2003-09-17,50.39488220214844,51.283532108051986,50.39488220214844,51.07846128159803,243600
2003-09-18,50.65312194824219,50.66071308566969,49.673326307284455,50.053091790069864,154500
2003-09-19,48.9517707824707,49.23279933944819,48.69353302316301,49.21001433654006,203200
2003-09-22,47.35676956176758,47.546652363374314,47.17448369475881,47.47070040168427,173600
2003-09-23,47.918819427490234,48.002368315929,46.939023567877825,47.356765112690304,112400
2003-09-24,46.331390380859375,47.76690348809524,46.331390380859375,47.73652155312984,89300
2003-09-25,46.200042724609375,46.71931616513612,46.04731472803487,46.04731472803487,180100
2003-09-26,46.04731750488281,46.28404605950123,45.818226952728054,46.276408057037564,111800
2003-09-29,45.74186325073242,45.81059070594696,45.34477161094227,45.6654977932472,172900
2003-09-30,45.47459030151367,45.58913703570909,44.90186245662548,45.321862293601264,186500
2003-10-01,47.84186553955078,47.98695554003475,45.8945886017003,45.8945886017003,300200
2003-10-02,46.55895233154297,46.864405406740026,46.20004198231612,46.46731378724407,348000
2003-10-03,47.53641128540039,47.88004857609651,47.19277399470426,47.322593821431454,175100
2003-10-06,48.147315979003906,48.25422470115832,47.84186290328332,47.99458798462151,69900
2003-10-07,48.10913848876953,48.41459450153504,47.93350230099491,48.33822904182145,179500
2003-10-08,47.001861572265625,47.15458957048739,46.69640848886636,46.69640848886636,391200
2003-10-09,47.826595306396484,48.35350388884548,47.19277507646789,47.19277507646789,221400
2003-10-10,47.88004684448242,48.02513684506486,47.26913774591906,47.971682481005836,154900
2003-10-13,48.10913848876953,48.284774676544146,47.84950175183217,48.032775942100365,68500
2003-10-14,48.277137756347656,48.33059211959788,47.85713502646115,48.185499208166426,70700
2003-10-15,47.35314178466797,48.078597711787275,47.34550669436018,47.61277855080399,152000
2003-10-16,48.834598541259766,49.025504924378694,48.109142633229126,48.185505186476696,258700
2003-10-17,47.49058532714844,47.84949565949373,47.31494916173633,47.38367661020577,153000
2003-10-20,47.95640563964844,47.99458690912739,47.49822457981268,47.49822457981268,89000
2003-10-21,47.66622543334961,47.93350016084719,47.43713489052618,47.5745897988291,105000
2003-10-22,46.12368392944336,46.64295741215038,46.062591560633365,46.505502495372376,243000
2003-10-23,45.51277160644531,45.88695508043513,45.184407408773986,45.24549977719863,144000
2003-10-24,45.398223876953125,45.58913314227837,44.962950985055095,45.130949157671246,99900
2003-10-27,45.80295944213867,45.9404143727899,45.39823265357937,45.459322115510595,107600
2003-10-28,46.12368392944336,46.16186520342736,45.13095332759232,45.13095332759232,80800
2003-10-29,46.207679748535156,46.64295557656533,46.009135383805145,46.009135383805145,213600
2003-10-30,45.74186325073242,45.97095379709942,45.60440834030336,45.818225795173305,164200
2003-10-31,44.30622100830078,45.12331240064241,44.10003865980652,45.12331240064241,259600
2003-11-03,44.756771087646484,44.978226546720016,44.54295363091032,44.978226546720016,265900
2003-11-04,47.17749786376953,47.574589494880506,46.95604532451349,47.26913641074887,293700
2003-11-05,48.41460037231445,48.72769151249471,48.10914432250918,48.10914432250918,351100
2003-11-06,47.650962829589844,47.80368794038599,47.437142430994655,47.574597361147006,213300
2003-11-07,48.37641906738281,49.01023938897602,48.216055942538134,48.216055942538134,179800
2003-11-10,48.37641906738281,48.94914701015236,48.368783976552336,48.94914701015236,177900
2003-11-11,46.96367645263672,47.574585482419934,46.78040228717973,47.53640421425424,224000
2003-11-12,48.124420166015625,48.18550963164031,47.26914725595535,47.53641913002264,202000
2003-11-13,47.38368606567383,47.52114099004199,47.269142237396785,47.34550478958148,165800
2003-11-14,47.49822998046875,48.30004838287196,47.46004870664849,47.536411254289,204300
2003-11-17,46.50550079345703,46.71931825037818,45.93277296552305,46.58186333863048,275500
2003-11-18,45.436405181884766,46.27640478473554,45.436405181884766,46.123679702794824,203300
2003-11-19,45.52804183959961,45.604407295335015,45.176769482349556,45.20731566464372,113300
2003-11-20,44.87894821166992,45.589130876426175,44.86367512163769,45.09276564603299,132700
2003-11-21,45.069862365722656,45.33713418772373,44.94768054523011,44.94768054523011,64300
2003-11-24,46.001502990722656,46.35277537901116,45.51277276996463,45.83350188630444,143500
2003-11-25,44.7109489440918,45.01640493101195,44.13822115339964,44.21458660665177,337600
2003-11-26,45.18440628051758,45.36004537883049,45.06986246214822,45.36004537883049,165300
2003-11-28,45.489864349365234,46.10841148353635,45.43640998242947,45.89459110274876,73200
2003-12-01,46.68877029418945,46.81095210965401,46.581861569788494,46.65822411206224,252100
2003-12-02,47.70441436767578,48.25423114258521,47.57459453555571,47.57459453555571,263100
2003-12-03,47.765499114990234,48.40695438332629,47.65095529999284,47.80368038665603,145100
2003-12-04,48.82695770263672,48.87277697975126,48.20841348333523,48.45277713519042,120500
2003-12-05,48.170230865478516,48.87277561670736,48.13968468158741,48.87277561670736,104600
2003-12-08,48.68186950683594,48.8040513373117,48.30005092246859,48.45277893882446,84400
2003-12-09,48.68950271606445,49.59822986306145,48.643686352058666,49.08659437803347,175800
2003-12-10,48.76586151123047,49.20877238970122,48.57495225251945,48.720042240443945,128000
2003-12-11,50.522239685058594,50.66732679056114,49.63641774115504,49.63641774115504,190900
2003-12-12,50.27786636352539,50.468775648003096,50.01823253315843,50.461143471408064,68700
2003-12-15,50.415321350097656,51.68296179727984,50.40005117079779,51.35459759448714,140000
2003-12-16,50.67495346069336,50.89640889714214,50.33131912977279,50.40768166707868,124900
2003-12-17,49.59823226928711,49.7891415633584,49.178235317983834,49.178235317983834,112300
2003-12-18,51.85095977783203,52.034231048839835,51.0415004975443,51.24004777302114,137400
2003-12-19,51.9578742980957,52.38550925349169,51.93496611492653,52.003690664434046,101100
2003-12-22,52.65277862548828,52.79023354413106,52.11823495637137,52.11823495637137,82900
2003-12-23,52.729148864746094,53.26369255276104,52.50005538354583,52.84368977925698,131100
2003-12-24,52.614601135253906,52.61460113525391,52.118235819375364,52.53823858498547,36400
2003-12-26,51.35459899902344,51.69823339051432,51.24005225983009,51.54550828898263,65400
2003-12-29,52.003684997558594,52.003684997558594,51.56841208650842,51.5836880910161,116200
2003-12-30,52.59931182861328,52.59931182861328,51.866221044454534,52.118222640096256,78900
2003-12-31,52.50005340576172,52.56114577525888,51.92732555042613,51.92732555042613,54600
2004-01-02,52.66041564941406,53.07278039767777,52.57641509924429,52.690961833665696,62800
2004-01-05,55.20333480834961,55.20333480834961,53.64551419522237,55.111696245428156,147200
2004-01-06,54.050228118896484,54.432046634374515,53.46986234406518,53.83641068240289,164500
2004-01-07,53.187320709228516,53.87459520667315,53.08041199030249,53.87459520667315,290100
2004-01-08,52.53823471069336,52.72914398533092,52.31677925298314,52.56877506767731,149600
2004-01-09,53.00404357910156,53.17203881445133,52.72149580976717,52.99640557828507,79700
2004-01-12,53.0575065612793,53.11859309948287,52.614595659294324,52.897137648490386,102300
2004-01-13,52.32442092895508,52.84369448328961,52.31678875136778,52.84369448328961,78900
2004-01-14,53.07278060913086,53.141505154404165,52.57641530871976,52.67569186445535,55700
2004-01-15,52.50005340576172,52.690962690873576,52.46186921830373,52.690962690873576,44200
2004-01-16,52.65277862548828,52.80550954958528,52.30914424192584,52.34732842947235,106900
2004-01-20,53.24842834472656,53.36296927208335,52.958242459183,53.36296927208335,125000
2004-01-21,52.591697692871094,52.94297011663739,52.156424708411805,52.34733401433412,91600
2004-01-22,53.26368713378906,53.37823386273537,52.76732185908082,52.76732185908082,156300
2004-01-23,52.51532745361328,53.30187866012992,52.51532745361328,53.18733191540696,92400
2004-01-26,52.59931182861328,52.606949829535424,52.30913188053617,52.606949829535424,74900
2004-01-27,51.209495544433594,51.73640694072418,51.16367918861284,51.660044405660265,194200
2004-01-28,51.62187576293945,52.377874991972725,51.62187576293945,52.19460368743824,111900
2004-01-29,51.01096725463867,51.57605715093707,50.61387264830723,51.43096421869025,105300
2004-01-30,50.70551300048828,50.896422307096984,50.24733182984534,50.43824113645404,92000
2004-02-02,51.736419677734375,52.0724219060417,51.50732619005403,51.812782231598014,88600
2004-02-03,51.644771575927734,51.805134657240686,51.33168341510389,51.54550085685448,58400
2004-02-04,49.369140625,49.68986681487648,49.26986407140336,49.445503171243615,230200
2004-02-05,51.568416595458984,51.85096444266931,51.13314364635016,51.1636898319477,149200
2004-02-06,52.46187210083008,52.87423687845983,51.57605599880602,51.58369400193509,200600
2004-02-09,50.96513366699219,52.4771375473818,50.92695531120795,51.17895110286607,174500
2004-02-10,51.62187576293945,51.62951376657122,51.163694588558364,51.46915064684233,95700
2004-02-11,51.92732620239258,52.049510942920975,51.40041470451979,51.62187017716068,96400
2004-02-12,50.82004928588867,51.003320551192594,50.781865101993134,50.858227643695734,160000
2004-02-13,51.92732620239258,52.11059748709607,51.69823272694638,51.85096365260688,154700
2004-02-17,52.94295883178711,53.20259263597719,52.69095720342256,52.69095720342256,125900
2004-02-18,52.80549621582031,53.05749780738138,52.53822444874989,52.99640545316884,89900
2004-02-19,52.584049224853516,53.225501568577386,52.57641122283152,53.03459230064692,86000
2004-02-20,52.73676681518555,52.99640641224377,52.125860740267235,52.52294939765975,187100
2004-02-23,53.01168441772461,53.44695731800161,53.01168441772461,53.34004859344856,69800
2004-02-24,52.08005142211914,52.20987416575235,51.61423229343585,52.19459816010651,123300
2004-02-25,51.6295051574707,51.88150680049102,51.34695733110653,51.621867155112554,101400
2004-02-26,52.08005142211914,52.30150689527096,51.82041758703094,51.82041758703094,53000
2004-02-27,52.79023361206055,52.99641890333455,52.59169214961252,52.69096288083653,72100
2004-03-01,53.9891471862793,54.01206119597237,53.4927876719618,53.91278463223733,217500
2004-03-02,54.30987548828125,54.50841694987555,53.91278091291462,53.91278091291462,119400
2004-03-03,53.91277313232422,53.91277313232421,53.41640789779493,53.721863874896655,109700
2004-03-04,53.294227600097656,53.4698608496996,53.08804234489256,53.45459067298605,92000
2004-03-05,53.8669548034668,53.94331733842547,53.416405942861104,53.416405942861104,87700
2004-03-08,53.48514938354492,54.02733108826819,53.46224120006342,53.8364217911365,91800
2004-03-09,53.622596740722656,54.29459527436926,53.45459565078886,54.29459527436926,170100
2004-03-10,52.7826042175293,53.83642143329959,52.752058031060535,53.813513249970356,96100
2004-03-11,52.522953033447266,53.2254976899749,52.49240685367371,52.99641008080532,163200
2004-03-12,53.500431060791016,53.61497782890339,52.76733990139871,52.76733990139871,83400
2004-03-15,52.920047760009766,53.50040769980753,52.77495486201628,53.50040769980753,106000
2004-03-16,53.27133560180664,53.45460690847341,52.690969666923785,53.408790538329164,128500
2004-03-17,54.32514572143555,54.42441645233107,53.83641841749154,53.83641841749154,120100
2004-03-18,53.981510162353516,54.25641999309308,53.76005469725282,54.25641999309308,53100
2004-03-19,53.74477767944336,54.37095987630894,53.645506952581435,53.93568695685468,130800
2004-03-22,52.45423126220703,52.675686707667225,52.11822909308283,52.668048705799386,135200
2004-03-23,53.53860092163086,53.85168912279872,53.088051974666584,53.76005639371987,122400
2004-03-24,53.25606155395508,53.35533812770694,53.09569842645977,53.34770012370526,77700
2004-03-25,54.264034271240234,54.33276461929973,53.68367444318234,54.02730870521891,164600
2004-03-26,56.048946380615234,56.494201317730024,55.15842479238724,55.38105518944424,251000
2004-03-29,57.0085334777832,58.25218474650531,56.96246819809206,57.03924171191171,238700
2004-03-30,57.13138198852539,57.34633385106126,56.9855251429469,57.154411708511525,74500
2004-03-31,57.19279098510742,57.49986754434657,57.00086886770774,57.13137450185995,81000
2004-04-01,56.07194900512695,56.463471642267855,55.62668842618213,55.62668842618213,181000
2004-04-02,56.62470626831055,57.01622319227565,56.463492383678116,56.61702774323323,125600
2004-04-05,57.49985885620117,57.49985885620117,57.0008602549603,57.11601467940009,98200
2004-04-06,56.83964920043945,57.05460101290557,56.65540562646816,57.05460101290557,76500
2004-04-07,56.578643798828125,56.90107744118501,56.348340748000446,56.847339476958666,100200
2004-04-08,56.8089485168457,57.192792763581146,56.670764353741006,57.03925740768633,67100
2004-04-12,57.08530044555664,57.12368720200312,56.42508806225487,56.42508806225487,76900
2004-04-13,55.81093978881836,56.50186046391045,55.5422500421151,56.440443991236215,171900
2004-04-14,55.19680404663086,55.27357172484903,54.835989516307244,54.966495154977956,105700
2004-04-15,54.54426574707031,54.874372008990434,54.2832486330647,54.429111310214836,173500
2004-04-16,55.9030647277832,56.17943299895686,55.120025197455995,55.120025197455995,144800
2004-04-19,55.864681243896484,55.94145476805573,55.58831881351398,55.81094329118356,44200
2004-04-20,56.27922821044922,56.962470338743536,56.15640112631614,56.15640112631614,149300
2004-04-21,56.62470626831055,56.90107460110858,56.04126135940374,56.04126135940374,60100
2004-04-22,58.5899658203125,58.76653669131855,57.44611199091428,57.44611199091428,402100
2004-04-23,58.15238952636719,58.34431160401196,57.737837135814836,58.19077628469494,76300
2004-04-26,57.53825759887695,58.12938109434138,57.361692502724615,58.12938109434138,70200
2004-04-27,57.57662582397461,57.69178024702201,57.25419812503969,57.69178024702201,64100
2004-04-28,56.62470626831055,56.96248523073151,56.425105615290065,56.96248523073151,76000
2004-04-29,55.711151123046875,56.70146993600035,55.42710428527013,56.63237492919061,140500
2004-04-30,56.20246505737305,56.40206567421604,55.77256144293967,55.77256144293967,89600
2004-05-03,55.64206314086914,57.32329691521161,55.61902756678376,56.27924012260713,208200
2004-05-04,56.63236999511719,56.73217323436948,55.79559246075699,55.79559246075699,94400
2004-05-05,56.85500717163086,57.177440785780604,56.66308505089811,56.693793293055144,109500
2004-05-06,54.92810821533203,55.480838952032855,54.51355577005809,55.31195242128963,199300
2004-05-07,53.507869720458984,53.65373236502817,52.97049027783038,52.97049027783038,218800
2004-05-10,51.21249771118164,51.33533067913268,50.39874979799997,51.319973629639655,362000
2004-05-11,52.48686218261719,52.81696845509899,51.818971113084764,51.818971113084764,332200
2004-05-12,53.630714416503906,54.31395665355057,53.17010252794405,53.338994920382184,280400
2004-05-13,52.99353790283203,53.124043546301884,52.271908815648025,52.71716956548491,253500
2004-05-14,52.26423263549805,52.448476229016165,52.11836995142216,52.448476229016165,191900
2004-05-17,51.78057861328125,52.17210132496184,51.396734425319195,51.703810947088336,266600
2004-05-18,52.97049331665039,53.20080215213027,52.51756002573614,52.62503592042755,230600
2004-05-19,52.93211364746094,53.96849768892357,52.93211364746094,53.40040404718913,230600
2004-05-20,52.64038848876953,52.724834673524946,52.079973431483324,52.586650540015825,143800
2004-05-21,53.18544387817383,53.7074721504791,53.062616797217984,53.66141272724526,114600
2004-05-24,53.1317024230957,53.77656359076516,53.0165480156194,53.37736242578015,175300
2004-05-25,53.584659576416016,53.60001076931768,52.571310991951336,52.66342986335821,131100
2004-05-26,53.68444061279297,53.94545181156892,53.576964724238564,53.85333296823466,171400
2004-05-27,54.582637786865234,55.143052831447896,54.27556129080612,54.27556129080612,181300
2004-05-28,55.54225158691406,55.849328101828746,55.1967941682584,55.27356183273773,162600
2004-06-01,55.864681243896484,56.678434915403415,55.73417562402189,55.887716815342806,220000
2004-06-02,55.94913101196289,56.17176136086384,55.23518053341777,55.734179187368305,180300
2004-06-03,56.171749114990234,56.77054502638959,56.03356499259064,56.27922500385696,248200
2004-06-04,57.23883819580078,57.469147030297684,56.732166959703335,56.78590490681968,630300
2004-06-07,58.88935852050781,59.02754262468991,57.99116477182213,57.99116477182213,557900
2004-06-08,58.35199737548828,58.6130086221491,57.96047464849932,58.3059320883734,623400
2004-06-09,57.57662582397461,58.51320654116416,57.522887874152126,58.152392082214355,668300
2004-06-10,58.63603591918945,58.76654739413559,58.30592968396802,58.30592968396802,412100
2004-06-14,57.56895065307617,57.94512218073702,57.33096912671744,57.92208660918827,367100
2004-06-15,59.80291748046875,60.40939191737979,58.735831252371156,59.11199686519056,484100
2004-06-16,60.29425811767578,60.48618025103087,59.92576504455458,60.30193664296962,423600
2004-06-17,59.99482727050781,60.47846867372889,59.99482727050781,60.47846867372889,172300
2004-06-18,60.877689361572266,61.10031383207339,60.26353633005934,60.26353633005934,263300
2004-06-21,61.74516296386719,62.41305381507813,61.65303827014961,61.96779324760417,329500
2004-06-22,61.361324310302734,61.92941199620699,60.97748017120588,61.75284697214062,179700
2004-06-23,62.33629608154297,62.33629608154296,61.33830467022873,61.76052977836247,327100
2004-06-24,62.01387023925781,62.55125565273192,62.01387023925781,62.37468473731951,111900
2004-06-25,61.230831146240234,61.71447275122344,61.11567670972101,61.49184240248573,330100
2004-06-28,61.41507339477539,62.48215982644979,61.37668663110453,62.3362971528979,107300
2004-06-29,62.743167877197266,62.91205438477639,61.89103338828841,61.91406310036752,288300
2004-06-30,62.658721923828125,62.8506440011845,61.944771561782524,62.62801368861146,172300
2004-07-01,63.042579650878906,63.67208396585293,62.827621958084386,63.426423888228875,254200
2004-07-02,62.604984283447266,62.850644309388194,62.574276048080016,62.72013284482816,508300
2004-07-06,61.00821304321289,61.676098366487594,60.96215360215922,61.53024151748459,364700
2004-07-07,60.33262634277344,60.41707253225135,59.69544944534575,60.071615107658054,216600
2004-07-08,59.165740966796875,59.81827489363168,58.97381887908091,59.795245180225336,275700
2004-07-09,60.65507125854492,60.91608254249404,59.787579487423116,59.87970421781616,184100
2004-07-12,61.25385665893555,61.41507051620087,60.83930423011148,61.29991608758348,155900
2004-07-13,63.63368606567383,63.66439430212876,62.7738730159274,63.07327685711368,237800
2004-07-14,61.13871383666992,62.052265058262876,61.03123791142353,61.545587818959625,483100
2004-07-15,61.12335205078125,61.91407015963663,61.077286764373824,61.90639163573579,171400
2004-07-16,60.96979904174805,61.29990522153777,60.95444785391907,61.1233402050203,152900
2004-07-19,60.70112609863281,61.15406533418481,60.68577490656239,60.839310255259065,155100
2004-07-20,60.4631462097168,60.64738980460672,60.07162344570222,60.35567029128116,148800
2004-07-21,60.02554702758789,61.01586558754247,60.01786850501555,60.8776814662233,440400
2004-07-22,60.0562629699707,60.6013210026411,59.618680839122796,60.20979829914643,240600
2004-07-23,59.27322006225586,60.071616693028474,59.0736194403133,59.91808135737889,357500
2004-07-26,59.68008804321289,60.32494927426252,59.33463064382715,60.26353280330598,151500
2004-07-27,60.11000442504883,60.22515300014462,59.388375450460714,59.472821643529436,427100
2004-07-28,60.340293884277344,60.378680638688934,59.66473034840679,60.378680638688934,205600
2004-07-29,60.59363555908203,60.86232528295294,60.1560534782075,60.34029702357659,156800
2004-07-30,61.41507339477539,61.54557902005981,61.18476452674586,61.36901396396861,136100
2004-08-02,61.261531829833984,61.37668039515169,60.64737881548587,61.22314507006327,145300
2004-08-03,60.9544563293457,61.63001997068804,60.67040953054405,61.03122399315776,215900
2004-08-04,60.06392288208008,60.171398761080276,59.33462143786502,59.78755466265211,383200
2004-08-05,58.513206481933594,59.44210867478042,58.46714705556016,59.3423112986389,381300
2004-08-06,56.98550033569336,57.56893917801936,56.95479210341361,57.53055828041699,309900
2004-08-09,57.883689880371094,58.42874778473807,57.84530312861449,58.42106926298756,156200
2004-08-10,57.66874694824219,58.07562080831456,57.484497540023206,58.04491257361139,190600
2004-08-11,58.57461929321289,58.728154609524005,58.25986428067916,58.49784577806045,221700
2004-08-12,57.829978942871094,58.61301867414072,57.76856245418363,58.589988955132604,129400
2004-08-13,57.81462478637695,57.891398329578905,57.10067417639159,57.41542930392232,243600
2004-08-16,57.56895065307617,57.64571832057922,56.99318436130691,57.000862885156494,225500
2004-08-17,57.33097839355469,57.73785236838478,57.22350247027876,57.22350247027876,339300
2004-08-18,58.459468841552734,58.459468841552734,57.59965578371563,58.11400557093192,247500
2004-08-19,57.79925537109375,58.021885690798776,57.5305656255867,57.88370155639556,273200
2004-08-20,58.53623962402344,58.72816172115138,57.730164473287026,57.80693799773628,226000
2004-08-23,58.21379852294922,58.582285584799614,58.0218764699449,58.50551793499714,146200
2004-08-24,59.11967849731445,59.50352265299135,58.84331023666733,59.26553529371371,119200
2004-08-25,60.48617172241211,60.65506411307037,59.97182188322406,60.24819018484705,185600
2004-08-26,61.39204406738281,61.56860912458994,61.299919348189185,61.47649026239417,223500
2004-08-27,61.40739059448242,61.583961495275766,61.06961169709121,61.3997179278808,103600
2004-08-30,61.02354431152344,61.33062081794103,60.94677664916834,61.33062081794103,123500
2004-08-31,60.79323959350586,60.87000725367517,60.39403838943019,60.52454399741772,124200
2004-09-01,61.223148345947266,61.49183810772747,60.977488298462866,61.26153510777195,101600
2004-09-02,61.453453063964844,61.453453063964844,60.785562109381985,61.031222140321006,178700
2004-09-03,59.2962532043457,59.80293038387202,59.11200961951703,59.11200961951703,609900
2004-09-07,59.99482727050781,60.202100484175276,59.58795350727485,60.202100484175276,241800
2004-09-08,59.69545364379883,60.0332325684694,59.64938835548175,60.0332325684694,159400
2004-09-09,59.2885627746582,59.57260366263156,58.95845661152999,59.49583601336838,179700
2004-09-10,59.25788497924805,59.60334250686232,59.01989753020341,59.03525458214136,154900
2004-09-13,59.61099624633789,59.948775107533365,59.557258300897914,59.87968597353774,387500
2004-09-14,59.87202072143555,60.148389032668845,59.7645448067335,60.148389032668845,189000
2004-09-15,59.11199188232422,59.6493712839105,59.11199188232421,59.6493712839105,278200
2004-09-16,58.966129302978516,59.11199193654123,58.843302235501646,58.92006988479921,136200
2004-09-17,58.81260681152344,59.01988009546269,58.7281606218081,58.95846947684947,156700
2004-09-20,58.81260681152344,58.904731524939486,58.536238528272776,58.897053001238774,206800
2004-09-21,58.827964782714844,58.88170274081892,58.11401427819026,58.613012950298526,220000
2004-09-22,58.221473693847656,58.866334865334636,58.16773575097345,58.82794811028313,146400
2004-09-23,58.34431838989258,58.80493025841325,58.114009527133405,58.436443106395785,242700
2004-09-24,57.61501693725586,57.806939037837,57.57663017434055,57.76855227492169,222800
2004-09-27,57.19794845581055,57.923930267372896,57.1593360376951,57.28290402492218,437200
2004-09-28,56.98170852661133,57.136175899008215,56.61099861751433,56.84269083761801,300200
2004-09-29,57.08210754394531,57.112995122716185,56.796347355534195,56.91991534759905,186100
2004-09-30,58.98973083496094,59.22142892227749,58.53406539351942,58.81210074136843,276600
2004-10-01,59.870174407958984,60.04781039467651,59.082411513733156,59.37589065230216,253200
2004-10-04,59.8238525390625,60.04782584414583,59.561266804203285,59.63849755608372,314200
2004-10-05,59.63075637817383,60.78923501601711,59.484013865169025,60.74289775604804,319000
2004-10-06,60.070987701416016,60.109606019162456,59.56897903235228,59.56897903235228,179800
2004-10-07,58.927955627441406,59.57670090852422,58.927955627441406,59.507195010834366,219700
2004-10-08,59.870174407958984,60.318120902875215,59.746606415208355,60.05553523557566,159800
2004-10-11,60.27952194213867,60.51121418990061,60.00920548125703,60.00920548125703,158700
2004-10-12,59.03608703613281,59.275504124903286,58.696264670914005,59.275504124903286,237400
2004-10-13,58.14018249511719,58.60357278932354,58.08612039233191,58.526342055677034,197800
2004-10-14,57.754024505615234,58.52634364774398,57.6459002971034,58.38732596646771,269600
2004-10-15,58.310081481933594,58.6576226570147,57.970259253977986,58.07838343699549,158300
2004-10-18,58.54179382324219,58.64991803266447,58.27920224869698,58.580406245277295,98800
2004-10-19,58.56496047973633,58.912501727968404,58.50317353577102,58.69625331641713,246400
2004-10-20,58.5031852722168,58.57269117887602,58.225149860922954,58.225149860922954,277800
2004-10-21,58.51091003417969,58.65764668992303,58.03979480415508,58.31010537244909,219200
2004-10-22,58.11701202392578,58.634464404531805,58.062949922852425,58.510896413075734,97900
2004-10-25,58.225135803222656,58.34870968610838,57.92393182909751,58.11701160186117,108100
2004-10-26,58.09385299682617,58.19425237475088,57.5300573704414,57.57640053068424,240700
2004-10-27,59.2523307800293,59.260055621987135,58.140189231219885,58.34871871778563,238900
2004-10-28,59.22916030883789,59.66165716781046,58.788938608147156,59.082417777831715,185800
2004-10-29,59.924232482910156,60.12503708650465,59.70026514282898,59.908788694476776,172600
2004-11-01,59.429962158203125,59.5767046968719,59.028358752804486,59.08242086299907,287300
2004-11-02,59.538089752197266,59.89336180198171,58.88934439310237,58.927962713570196,286100
2004-11-03,60.00920867919922,60.23318198860142,59.87019096620229,60.04782700204845,364500
2004-11-04,60.73518371582031,60.77380203421341,59.90107753408549,60.063263865145906,289000
2004-11-05,60.71201705932617,61.13679500617438,60.46487513361311,60.518937245727585,272700
2004-11-08,59.96287155151367,60.27180045807269,59.514924931619554,59.715729604732225,345700
2004-11-09,60.12504959106445,60.25634244319758,59.78523314391565,59.962863263312705,198800
2004-11-10,59.44539260864258,59.630747513290515,59.391330515940005,59.62302267366839,389000
2004-11-11,59.314117431640625,59.59215281743956,58.92795782828965,58.98201993706567,246300
2004-11-12,60.42624282836914,60.619322597279606,59.72343553354503,59.89334667295856,234600
2004-11-15,61.1445198059082,61.39938659840011,60.83559089612973,61.39938659840011,182400
2004-11-16,60.75061798095703,61.090434348789245,60.57298201069403,61.090434348789245,153000
2004-11-17,61.06727981567383,61.31442172765287,60.47259661546201,60.47259661546201,315900
2004-11-18,59.931976318359375,60.14822477892585,59.63849710649467,59.877914203217756,337100
2004-11-19,59.55352783203125,60.194554115977574,59.54580299097736,60.10959854136651,147100
2004-11-22,58.873897552490234,58.87389755249023,58.387332666029444,58.7194301709439,231500
2004-11-23,58.58039855957031,58.94338945457563,58.38731879774422,58.54178614260112,148500
2004-11-24,58.76576232910156,58.87389243294529,58.657638117585435,58.69625643269588,131800
2004-11-26,59.059261322021484,59.19827903997259,58.920243604070386,58.920243604070386,94500
2004-11-29,58.727149963378906,59.12875333621078,58.67308785756831,59.0824160718953,221900
2004-11-30,57.69997024536133,58.23287241142014,57.537783910545215,58.23287241142014,414400
2004-12-01,58.35643768310547,58.4568429516004,57.5146125716422,57.537781205193966,323800
2004-12-02,58.36416244506836,58.57268603907639,58.31010033607902,58.31010033607902,276100
2004-12-03,58.62674331665039,58.6730805752146,58.34870798061136,58.425938708994,180600
2004-12-06,57.8158073425293,58.09384268532357,57.661345882011155,58.09384268532357,404500
2004-12-07,57.32926559448242,57.73086904740492,57.32154075144676,57.73086904740492,251000
2004-12-08,57.93937301635742,57.962547537603065,57.6690625250928,57.92392922785378,183700
2004-12-09,57.61500930786133,57.777195627620195,56.96626402882588,57.44509814649651,277900
2004-12-10,57.86214065551758,58.03977662609144,56.70366210366875,56.78861766885713,784900
2004-12-13,57.92393493652344,58.07067745724072,57.47598842552242,57.65362441861846,382500
2004-12-14,58.966583251953125,59.05153885480438,58.3718999243236,58.67310400994922,427400
2004-12-15,59.32181930541992,59.56124219736253,59.13646439901776,59.44539317123885,210300
2004-12-16,59.32957077026367,59.4917571226902,59.15965957467524,59.4299701620528,228700
2004-12-17,59.55352783203125,59.69254550936507,59.507190570362404,59.52263436014293,168700
2004-12-20,59.9705924987793,60.20228474440085,59.66166361228882,59.66166361228882,143700
2004-12-21,60.29496765136719,60.395367039355435,60.03238191709239,60.086444032521236,124900
2004-12-22,60.90510559082031,61.14452270840743,60.25635426025673,60.25635426025673,224400
2004-12-23,61.082725524902344,61.20629943093531,60.92826403468929,60.97460130328758,118900
2004-12-27,61.901371002197266,62.04038866232292,61.56154874581757,61.56154874581757,182600
2004-12-28,62.055850982666016,62.14853141453688,61.80098421426735,61.90138948854287,123500
2004-12-29,61.65423583984375,61.87820908836669,61.43026259132081,61.87820908836669,80200
2004-12-30,62.28754425048828,62.488348891024835,62.00178402712194,62.133076876103296,96900
2004-12-31,63.22978591918945,63.22978591918946,62.44201689975998,62.44201689975998,137200
2005-01-03,62.8513298034668,63.53869337008733,62.68914349034226,63.40740052979519,245900
2005-01-04,61.83960723876953,63.330183750542524,61.43800378809806,62.71232594238622,335500
2005-01-05,61.685123443603516,61.90909667082151,61.28351424572069,61.592443038170565,207000
2005-01-06,62.03266525268555,62.3493188884007,61.90137242963,62.148514287516136,191300
2005-01-07,61.353031158447266,61.90137701209008,61.32213768738367,61.746909656772104,163700
2005-01-10,61.7546501159668,62.063579012406734,61.47661469840371,61.82416191652187,206100
2005-01-11,62.41883850097656,62.720042522380496,62.03267889483533,62.248927331501946,182700
2005-01-12,62.635093688964844,62.696880646766054,62.22576540510686,62.4188452289892,172900
2005-01-13,61.947723388671875,62.4729006893832,61.754643585356355,62.248927410457846,171000
2005-01-14,62.94403076171875,63.137110610681084,62.36479121483177,62.496084097967106,171000
2005-01-18,62.34160614013672,62.50379246342713,61.97861517701291,62.140801500303326,171800
2005-01-19,61.47661209106445,62.133082285451806,61.376212708219256,61.901390042194805,181500
2005-01-20,60.480316162109375,61.013218308832755,60.287236357334585,60.92053788130277,359300
2005-01-21,60.86648178100586,61.090455083736856,60.70429543606175,60.742913757760704,197300
2005-01-24,60.69656753540039,60.94371535409677,60.66567995039165,60.78152312499519,105800
2005-01-25,60.04781723022461,60.202278711827816,59.62303931732404,59.85473743205668,525500
2005-01-26,60.82014846801758,60.9746099802111,60.58845030739829,60.627068631611166,194600
2005-01-27,59.9396858215332,60.10187212545164,59.777499517614764,59.93196098068172,258400
2005-01-28,59.5072135925293,60.07100346871036,59.5072135925293,59.83931117840167,326400
2005-01-31,60.38764953613281,60.45715544663777,60.163676226179966,60.27952530268369,160600
2005-02-01,60.74290466308594,60.82786024424085,60.27951433372221,60.549824868157074,267100
2005-02-02,60.796966552734375,61.09044571873961,60.50348149440143,60.92825939865821,280500
2005-02-03,59.86245346069336,60.109595330270174,59.507187391447125,60.10187048962894,299600
2005-02-04,60.727474212646484,60.758367696698635,60.17140917669658,60.433994952645456,255600
2005-02-07,60.03236389160156,60.27950575825858,59.94740832253256,60.04008283982464,384800
2005-02-08,59.762054443359375,59.9705839161365,59.584424336370425,59.677098864424636,220200
2005-02-09,60.078704833984375,60.426246079792996,59.89334989570826,59.89334989570826,190600
2005-02-10,60.71201705932617,60.78152296390408,60.41853786389451,60.43398165635794,159000
2005-02-11,61.09044647216797,61.32214458504333,60.62705613874503,60.76607382800469,169400
2005-02-14,61.553836822509766,61.58473029705683,61.183126912600635,61.183126912600635,136400
2005-02-15,61.82414627075195,62.09445677710648,61.275794524869326,61.3761997788918,502400
2005-02-16,61.21402359008789,61.43799687302732,61.059556209270305,61.43799687302732,254300
2005-02-17,60.20226287841797,60.58842237319249,60.1945439309974,60.433960932213196,362900
2005-02-18,61.1445198059082,61.244925089675306,60.897377856551195,60.935996179896826,147200
2005-02-22,60.20226287841797,60.72744002700438,60.101863531014054,60.457129559127466,283900
2005-02-23,60.00920867919922,60.14822639219615,59.85474717245987,60.140507441489326,188500
2005-02-24,59.545806884765625,59.64621214805013,59.32955845973384,59.545806884765625,211100
2005-02-25,59.931976318359375,60.03238159814283,59.47631076106981,59.545816669539626,231800
2005-02-28,60.070987701416016,60.379916566403544,59.816120945876705,60.240898871775556,153300
2005-03-01,60.34128952026367,60.433969934052065,60.086428693918094,60.12504111375122,254000
2005-03-02,60.37990951538086,60.72745076520177,59.939687849188275,60.34901604325697,156300
2005-03-03,60.21000671386719,60.64250359891903,60.02465174774899,60.395361679985385,257100
2005-03-04,60.84330749511719,61.09817425307515,60.37991713940237,60.39536093125071,266200
2005-03-07,60.588436126708984,60.889640129620034,60.472592965841365,60.61161065121013,153400
2005-03-08,60.70427322387695,61.1985569206524,60.627042501067,61.1985569206524,183100
2005-03-09,60.727474212646484,61.39939423303915,60.68113693273306,61.206314376960414,379900
2005-03-10,61.13679122924805,61.260359238306606,60.78924405084448,60.78924405084448,177800
2005-03-11,60.89736557006836,61.38393041980837,60.796966198886416,61.237187891495964,139300
2005-03-14,60.53437423706055,60.889640347087855,59.97058454439916,60.889640347087855,210900
2005-03-15,59.8856315612793,60.21000421158751,59.85473808615548,60.155942103202804,149500
2005-03-16,59.52262878417969,59.66937128882085,58.72714110763876,59.6616464484906,485800
2005-03-17,58.95884323120117,59.3913459777447,58.73487585478778,59.3913459777447,237700
2005-03-18,59.136478424072266,59.375895480469794,58.95112347371056,59.375895480469794,167800
2005-03-21,59.121028900146484,59.1673661601615,58.7734817730527,59.1673661601615,193100
2005-03-22,58.77349853515625,59.708004196716516,58.734886104907226,58.889347610560804,269200
2005-03-23,58.70398712158203,58.80438650161115,58.15564116789403,58.71170607151091,250300
2005-03-24,57.77720260620117,58.101581177226436,57.73086533562402,57.923945152800016,535000
2005-03-28,58.50786590576172,58.81878973573347,58.352406955965236,58.81878973573347,254900
2005-03-29,57.54401779174805,58.088136075336315,57.46628830277255,57.98708240232628,392000
2005-03-30,58.32909393310547,58.91984866994843,57.55956198101513,57.55956198101513,273900
2005-03-31,57.81605529785156,58.33685515960361,57.792737051727045,58.33685515960361,221700
2005-04-01,57.73055648803711,58.41459006677968,57.73055648803711,57.987069080065574,164300
2005-04-04,57.660606384277344,58.33686529122704,57.46627972565284,58.33686529122704,197500
2005-04-05,58.6866340637207,58.764363518789246,58.37571031306924,58.39902855655208,291500
2005-04-06,58.93537902832031,59.308488760443915,58.857649563821475,58.99756497207058,243300
2005-04-07,59.50281524658203,59.704910667726885,59.160798487139985,59.44840402852334,235300
2005-04-08,58.88875198364258,59.13748986817245,58.68665059921863,58.91984496050618,250700
2005-04-11,58.55451583862305,58.8343467284194,58.29022847364669,58.81102847599963,266000
2005-04-12,58.64000701904297,58.764372981102746,57.777196288983504,58.29021551934473,287300
2005-04-13,57.95597457885742,58.3757208282892,57.909338083491114,58.21248716412879,263100
2005-04-14,57.326377868652344,57.98708747835057,57.26419189987641,57.7538989910114,437000
2005-04-15,56.48686599731445,57.01543469257295,56.40913652779552,57.01543469257295,327700
2005-04-18,56.08267593383789,56.35473207502079,56.08267593383789,56.08267593383789,254400
2005-04-19,56.47134017944336,56.54906967333065,56.08268677962665,56.16819100201675,233500
2005-04-20,55.88835906982422,56.31587424366932,55.74844361120325,56.31587424366932,459200
2005-04-21,56.58015060424805,56.587925331094674,55.686246789013126,55.8883481743726,350900
2005-04-22,56.31585693359375,56.70451020692532,56.090443253794355,56.580144243255944,193200
2005-04-25,57.1942253112793,57.264180063907936,56.7589295501997,56.88330146204506,170100
2005-04-26,56.60346221923828,56.84442534982677,56.42467910499702,56.743377634181535,258600
2005-04-27,56.74338912963867,56.84443686575484,56.13709085218271,56.52574420238571,126600
2005-04-28,55.95831298828125,56.354741103446386,55.60852731220498,56.27701161213833,197000
2005-04-29,56.51797103881836,56.64234296090705,56.238140144498466,56.510196311092905,241000
2005-05-02,56.31585693359375,56.60346249079531,56.26922043851502,56.54905126974402,225200
2005-05-03,56.821109771728516,56.821109771728516,56.09044561970283,56.354727010134155,330900
2005-05-04,57.90155792236328,58.10365926727698,57.27194157250565,57.32635278878498,303800
2005-05-05,57.54401779174805,58.10367960097947,57.29527986879852,58.10367960097947,255100
2005-05-06,57.777198791503906,58.49231941286201,57.341903079495,58.33686047095929,391800
2005-05-09,57.59842300415039,58.06480581961483,57.41964579123899,58.06480581961483,401000
2005-05-10,57.05429458618164,57.520677269861764,56.85996797378346,57.520677269861764,229000
2005-05-11,57.038753509521484,57.22531135468246,56.859976320881934,57.09316473176549,211100
2005-05-12,55.8494873046875,56.33141961170872,55.84171257688949,56.32364488391072,226600
2005-05-13,55.59295654296875,56.12152518375752,55.289807491819964,55.84946910328781,214700
2005-05-16,55.98939514160156,56.036031641290116,55.18877026826066,55.437508150564426,225900
2005-05-17,56.32362747192383,56.50241057373035,55.95829247329415,56.18371206671199,306500
2005-05-18,56.378047943115234,56.47132687202704,55.60074132665341,55.63183430295735,540500
2005-05-19,56.50242614746094,56.62679213616267,56.33919245145143,56.43246546038286,569900
2005-05-20,56.24590301513672,56.30808896307177,56.04380164953702,56.19926651937464,451100
2005-05-23,56.85219955444336,57.069844435608616,56.56459400125886,56.5801434529868,225700
2005-05-24,56.99989318847656,57.264174580271536,56.906614263524965,57.12425915803343,348400
2005-05-25,56.805564880371094,57.24085465665062,56.564595813892,57.24085465665062,133600
2005-05-26,56.269222259521484,56.30808996026382,55.709560578951496,56.11376331730916,277900
2005-05-27,56.269222259521484,56.39359415759415,56.16039981389715,56.28477171196982,220600
2005-05-31,55.74066162109375,56.004948977560545,55.66293213873741,55.92721356482484,290200
2005-06-01,56.02827453613281,56.339198436486534,55.7328941621257,55.92722085854927,370000
2005-06-02,56.40915298461914,56.471338950527795,55.989406610305885,56.471338950527795,233100
2005-06-03,55.8494873046875,56.269233650084104,55.78730134306288,56.19927889104119,180900
2005-06-06,56.04380798339844,56.13708691584304,55.84948132192314,56.04380798339843,148600
2005-06-07,56.16817092895508,56.35472283369177,55.83392888734702,55.966069572769754,557400
2005-06-08,55.872806549072266,56.28478410436043,55.73289109812416,56.08268269068432,286700
2005-06-09,55.47636795043945,55.732874592562105,55.26649187098321,55.47636795043945,345500
2005-06-10,55.32090377807617,55.56964162803875,55.23539958617858,55.48413743614116,271500
2005-06-13,55.4841423034668,55.678468951121616,55.367551059176826,55.53078473156143,220600
2005-06-14,55.507476806640625,55.77175825002361,55.14991048971814,55.188778198629635,257700
2005-06-15,55.74843978881836,55.74843978881836,55.26650747986083,55.69402855477313,183200
2005-06-16,55.9194450378418,56.043811024136524,55.65515768009899,55.9660815414049,252700
2005-06-17,56.60346221923828,56.6423299185363,56.29253841598903,56.31585666341652,285500
2005-06-20,55.9738655090332,56.199285197433085,55.79508233189523,56.191510468762644,271200
2005-06-21,56.3080940246582,56.49464595485427,56.13708561765392,56.21481509437071,207300
2005-06-22,56.36250305175781,56.81333637127221,56.129308700329325,56.712288648521834,236100
2005-06-23,55.771751403808594,56.54905804358293,55.74843315347601,56.54905804358293,384800
2005-06-24,55.732879638671875,56.09821468160619,55.57742069419619,56.09044588564742,253300
2005-06-27,55.22763442993164,55.5774200159224,55.17322320699133,55.359775124161175,372800
2005-06-28,55.49969482421875,55.717339732762596,55.18099625786599,55.18877098470798,201900
2005-06-29,55.616294860839844,55.849483304661284,55.41419346522451,55.515241197842535,396200
2005-06-30,55.569637298583984,56.16816659523542,55.538544328463864,55.81060633442052,367800
2005-07-01,56.08267593383789,56.315864370403624,55.9116675221289,55.99717172798339,252500
2005-07-05,56.67343521118164,56.81334472615918,56.331418360224355,56.455784350330916,204200
2005-07-06,57.07761764526367,57.62172983372301,57.07761764526367,57.15534711070385,440900
2005-07-07,56.89106750488281,57.04652644058002,56.43245356293302,57.03875171468168,192200
2005-07-08,57.20199203491211,57.318589215446714,56.75115869675937,56.929935900584006,255800
2005-07-11,57.39630126953125,57.50512962060629,57.201974671088294,57.201974671088294,275700
2005-07-12,57.98707580566406,58.27468140557301,57.753887365265285,57.85493509640017,286300
2005-07-13,57.582881927490234,57.71502264358514,57.47405946360272,57.66061141164138,364500
2005-07-14,58.06477737426758,58.26687866976718,57.75385960319292,57.97927320810915,401400
2005-07-15,58.29020690917969,58.2979816339032,57.71500181756417,57.98705787911358,330000
2005-07-18,58.10367965698242,58.42237827158299,58.072586675286274,58.336874054513565,253100
2005-07-19,57.92487716674805,58.14252796599646,57.722781748727094,57.948201343022376,252300
2005-07-20,58.18916320800781,58.297985640105786,57.3885384874108,57.96374361855407,257500
2005-07-21,58.80325698852539,59.121949673121826,58.46124011984444,59.07531316571256,377700
2005-07-22,58.70997619628906,58.88098462524955,58.5311989699247,58.803255138552885,385100
2005-07-25,57.839378356933594,58.165845657125615,57.62950228511169,58.165845657125615,393100
2005-07-26,57.870479583740234,58.04926272836374,57.53623747626269,58.04926272836374,178100
2005-07-27,58.53119659423828,58.60115135031202,58.228047457159825,58.60115135031202,193500
2005-07-28,58.93537902832031,59.07529443656941,58.437903339074175,58.624455239946975,220300
2005-07-29,58.96647644042969,59.308493226432354,58.70996385092768,59.308493226432354,243000
2005-08-01,59.30070495605469,59.61162869682619,59.0597418738859,59.54166803822348,180700
2005-08-02,59.813743591308594,59.813743591308594,59.23076361115791,59.29294956566495,242600
2005-08-03,59.35511779785156,59.75154572649424,59.10637998447086,59.75154572649424,356200
2005-08-04,59.17635726928711,59.269636208748985,58.70997443273679,59.269636208748985,322900
2005-08-05,58.36018371582031,58.49232442078894,58.134764079496705,58.49232442078894,700100
2005-08-08,58.25136184692383,58.756606421635546,58.18917589206178,58.647783965816494,280500
2005-08-09,58.79545974731445,58.91983162662282,58.64776962323016,58.77214150253853,197700
2005-08-10,60.956390380859375,61.329500208614434,60.629922988060905,60.629922988060905,557700
2005-08-11,61.92025375366211,61.92025375366211,61.41500321923571,61.41500321923571,285800
2005-08-12,62.18453598022461,62.37886265516281,61.79588263034821,62.16899245559653,362700
2005-08-15,61.881378173828125,61.9746570996692,61.42276420141617,61.562679624988455,200200
2005-08-16,61.07297134399414,61.87359608851086,61.065196618504075,61.87359608851086,120700
2005-08-17,61.90470504760742,62.09903172240036,61.44609694167824,61.44609694167824,267600
2005-08-18,61.889156341552734,61.99020406904861,61.77255916036274,61.85028863769641,301800
2005-08-19,61.56269073486328,61.69483738624724,61.48496124782431,61.523828956533656,147000
2005-08-22,62.96183395385742,63.016245178083885,62.689777832725134,62.71309608162523,280800
2005-08-23,63.00070571899414,63.15616467527396,62.71310012645951,63.07843519713405,188100
2005-08-24,63.07843780517578,63.66141781089759,62.96184061795556,63.00847712069193,371700
2005-08-25,64.30659484863281,64.37654961478486,63.824662492635284,63.824662492635284,401400
2005-08-26,63.73915100097656,64.39208579879458,63.6925144955266,64.18221559389012,348500
2005-08-29,63.2105712890625,63.397123209057064,61.09629642786209,61.09629642786209,222100
2005-08-30,63.350502014160156,63.583696418266136,62.88411913632823,63.50596099664411,219600
2005-08-31,63.72361373901367,63.816886759080916,62.93853221462648,63.148402440157994,213000
2005-09-01,63.26498031616211,63.39712100780434,63.00069893287765,63.195025572485065,321300
2005-09-02,63.7857666015625,63.94123145274374,63.56034701513297,63.746904836550456,231500
2005-09-06,65.17716979980469,65.21603750945567,64.51646024839708,64.51646024839708,289800
2005-09-07,65.12274169921875,65.29375008878802,64.86622911486485,65.29375008878802,240700
2005-09-08,64.98282623291016,65.2548823386604,64.74963782671496,65.06055570164189,571600
2005-09-09,66.18766784667969,66.2265296241305,65.29376393999667,65.37926815291989,347800
2005-09-12,66.1565933227539,66.41310603308509,66.04777082692515,66.226548099909,369600
2005-09-13,66.35088348388672,66.77062970660408,66.16433158391611,66.77062970660408,381000
2005-09-14,66.09437561035156,66.43639239324322,66.07105736249594,66.36643171929794,460800
2005-09-15,66.84838104248047,67.04270773155746,66.66182908147294,66.81728806058257,207700
2005-09-16,67.43135833740234,67.57904851275043,66.98829374173778,67.2603499091845,215100
2005-09-19,66.63072204589844,67.43134688716792,66.58408554807805,67.43134688716792,245500
2005-09-20,68.02986907958984,68.43407182105724,67.8744101361815,68.40297884629986,633800
2005-09-21,67.54016876220703,67.93659678145035,67.25256319053973,67.54794348857064,646000
2005-09-22,67.58680725097656,67.62567495356116,67.00382729448035,67.12042447185534,296500
2005-09-23,67.3458480834961,67.71118316003711,67.23702562627696,67.59458597576543,246500
2005-09-26,69.51453399658203,69.5689452249059,69.12588067130324,69.1802918996271,338600
2005-09-27,69.20497131347656,69.40872446574376,68.33510875520446,68.72693852095414,548400
2005-09-28,71.53243255615234,71.79887987411797,71.23464412204679,71.23464412204679,448900
2005-09-29,73.63265991210938,73.92261613466242,72.88034736643382,73.27217719098455,452400
2005-09-30,72.38663482666016,72.88033819105301,72.17504339988615,72.32394062770135,512100
2005-10-03,72.85685729980469,73.27219606419425,72.64526579189102,72.8333484608921,356900
2005-10-04,72.59040832519531,73.27219453367003,72.40233163897301,72.95872940406613,355200
2005-10-05,71.31301879882812,72.25340786397682,71.1327744722699,72.21422847392355,504800
2005-10-06,69.80057525634766,70.63909096847006,68.17839977667725,70.0591844145624,542100
2005-10-07,70.98387908935547,70.98387908935547,70.30209317058313,70.30209317058313,165400
2005-10-10,70.24725341796875,71.1249544142168,69.94946489118674,71.1249544142168,390200
2005-10-11,71.99480438232422,72.2925928563391,71.6578305396123,72.2925928563391,353400
2005-10-12,71.41490173339844,71.79889926656882,71.0779278448328,71.39923117109595,412200
2005-10-13,71.50895690917969,71.971313322361,71.15631238993461,71.971313322361,341800
2005-10-14,72.18289947509766,72.39448497521637,71.68919598892109,71.7989078747381,230400
2005-10-17,71.98699188232422,72.6295926985947,71.58732369816515,72.21425394865585,264600
2005-10-18,71.56379699707031,71.81456783890184,71.25817022042717,71.81456783890184,259500
2005-10-19,70.38046264648438,70.68608939430158,69.94161520938233,70.66258056429224,769900
2005-10-20,68.58588409423828,69.70651753742159,68.36646036754753,69.39305848720517,733800
2005-10-21,68.4056396484375,68.94636662596446,67.42606525659743,68.94636662596446,561400
2005-10-24,69.68301391601562,69.77705522541993,68.66425996895431,68.72694819637526,344800
2005-10-25,69.8397445678711,70.1453713285897,69.58897373910585,69.84757685897289,201400
2005-10-26,70.88202667236328,71.26602427996889,70.65477059125766,70.7252971035629,291500
2005-10-27,70.74095153808594,71.49327003755862,70.45100130403661,71.48543176725099,274700
2005-10-28,71.50895690917969,71.60299823777495,70.79582361974434,70.99957684227584,246800
2005-10-31,72.73145294189453,73.0370797385947,72.11236107762144,72.26909660083234,233900
2005-11-01,73.09192657470703,73.41322987314011,72.53552898900773,72.53552898900773,279600
2005-11-02,72.8019790649414,73.01356452923926,71.87726048471511,71.87726048471511,339700
2005-11-03,72.99004364013672,73.53077059568832,72.73927284517099,72.99788190903023,223100
2005-11-04,72.29261016845703,72.449339723082,71.71270364172553,71.91645086696813,421500
2005-11-07,71.9791488647461,72.09669902631978,71.5716484139868,71.66568376016609,394400
2005-11-08,71.39924621582031,71.64217884521406,71.2111695343171,71.48544927376969,406600
2005-11-09,70.9525375366211,71.45407917852822,70.9525375366211,71.45407917852822,248800
2005-11-10,71.23465728759766,71.51677521577413,70.79580385551863,71.20331018681715,356300
2005-11-11,71.32869720458984,71.72836529171946,71.07009406948107,71.15629710746684,261400
2005-11-14,70.74878692626953,70.89768416180654,70.59988969073252,70.59988969073252,326800
2005-11-15,70.61555480957031,70.9838757144235,70.37262228885746,70.56853715494131,252500
2005-11-16,72.09668731689453,72.15154325287301,71.90077240570731,71.90077240570731,263100
2005-11-17,74.88651275634766,75.05891883254596,74.05583545704513,74.30660630092035,407300
2005-11-18,77.31585693359375,77.48825701874046,76.80647701147672,77.1904685311073,533400
2005-11-21,77.8957748413086,78.09168976496437,77.38639484403376,77.81741006761608,388000
2005-11-22,77.84873962402344,77.84873962402344,77.01022411455202,77.83306906315352,482400
2005-11-23,78.9928970336914,78.9928970336914,77.8957723012251,77.8957723012251,444700
2005-11-25,77.01806640625,77.30802261769384,76.86133687397401,76.86916916539393,512700
2005-11-28,78.6872787475586,78.96939075838027,78.03683971699186,78.14655160421403,462800
2005-11-29,78.20921325683594,78.67156944921912,78.10733370479785,78.36594275079875,499800
2005-11-30,75.81906127929688,76.45382360003177,75.81906127929688,76.25007642229455,533000
2005-12-01,77.39422607421875,77.52744677526134,76.65758411505638,76.70460177922472,465600
2005-12-02,76.65758514404297,77.01806785815211,76.49301733839631,77.01806785815211,372400
2005-12-05,76.65758514404297,76.89268542573735,76.37546719754913,76.66542341445906,300500
2005-12-06,76.3363037109375,76.7986601214124,75.88177959366234,75.94447381235886,431200
2005-12-07,75.72502136230469,75.95228335286238,75.43507115067949,75.85824803183712,463400
2005-12-08,75.6310043334961,76.17172549671486,75.27052156506711,75.49777763174129,307000
2005-12-09,75.9758071899414,76.30494881508618,75.6623480861451,75.67801864979525,307900
2005-12-12,76.10121154785156,76.32847363088015,75.90529657753557,76.00717020971373,277300
2005-12-13,77.33153533935547,77.51177969150255,76.64191699226616,77.14345869539451,235500
2005-12-14,76.9788818359375,77.18262901842503,76.57921378300762,76.99455239657192,264500
2005-12-15,76.13252258300781,76.29709036262608,76.01497246075259,76.28925209344972,880500
2005-12-16,77.01806640625,77.17480191737441,76.88484570593057,77.07292234043143,166800
2005-12-19,77.00240325927734,77.57447148813387,76.97889442505706,77.38639483552272,182600
2005-12-20,78.33460998535156,78.5383631478517,76.97888227592476,77.58229751479111,691400
2005-12-21,80.65424346923828,80.77963187333206,78.49917959937387,78.75778869868117,1083100
2005-12-22,80.53668975830078,80.74828118609976,80.28591894009868,80.62289278757474,306700
2005-12-23,81.24983215332031,81.24983215332031,80.53669900722016,80.54453727774012,210400
2005-12-27,79.93329620361328,80.08219347251854,79.25151005419663,79.6825253174226,1099100
2005-12-28,80.37996673583984,80.86583785112374,80.3016019698517,80.30944024010503,767300
2005-12-29,81.21849060058594,81.46142319366896,80.94421090212944,81.10094045014772,236500
2005-12-30,81.98648071289062,82.20590447427269,81.30469461529717,81.50060954208101,413200
2006-01-03,83.73403930664062,83.73403930664062,82.29210830166897,82.91120019364566,652800
2006-01-04,83.53026580810547,83.74969549709638,82.37045306053479,82.83280930992977,477600
2006-01-05,83.13062286376953,83.2089876384266,82.77797240953909,82.90336083206967,465300
2006-01-06,84.07101440429688,84.1337086172676,83.16980452410263,83.22466046573972,422600
2006-01-09,84.7919692993164,84.83115467222865,84.24340995163584,84.38446892373206,478700
2006-01-10,82.71528625488281,83.32653988295104,81.97864420113432,82.08835608417994,834500
2006-01-11,83.57731628417969,83.80457833662184,82.83283590986579,83.06793623414379,612500
2006-01-12,82.63690948486328,83.50677219344911,82.41748573474231,83.42056915178033,563600
2006-01-13,81.72002410888672,81.93944784558073,81.36737967189256,81.86892134972126,370300
2006-01-17,80.07433319091797,80.40346876754018,79.46307969752016,79.93327423253017,823900
2006-01-18,79.18881225585938,79.46309194531982,78.31111127073716,78.40515258377307,644400
2006-01-19,81.47710418701172,81.68085739364606,80.32512341171079,80.40348819000114,636800
2006-01-20,80.37211608886719,81.96294391095927,80.24673367836382,81.70434082090624,784800
2006-01-23,81.03823852539062,81.47708596876988,80.74044406408498,80.93635895542901,421700
2006-01-24,81.53978729248047,81.66516972489346,81.00689850231605,81.03824560513144,333300
2006-01-25,79.62765502929688,80.05867021488255,79.47875778721301,79.77655227138074,786100
2006-01-26,80.56021118164062,80.69343188187574,80.05083123379346,80.69343188187574,313100
2006-01-27,80.2780990600586,80.8736761085829,79.82357501340938,80.47401397890579,372400
2006-01-30,80.7169418334961,80.95204211387092,80.05083234423209,80.24674725159494,354500
2006-01-31,81.27334594726562,81.65733752230291,80.72478655435522,80.9520485825178,267300
2006-02-01,81.34386444091797,81.47708513073815,80.74044323362996,81.10876418218406,361000
2006-02-02,80.01165008544922,80.86584222379952,79.65900563000977,80.73261553768245,397100
2006-02-03,80.43482208251953,80.99121968947499,80.11352475066,80.11352475066,322600
2006-02-06,80.64640808105469,81.0852555208335,80.44265492165111,80.71693457151287,162500
2006-02-07,81.72785949707031,83.21681391636336,81.67300356483128,82.28425708945149,494900
2006-02-08,81.42223358154297,81.50059834572113,79.91760858546863,80.48183847486031,616600
2006-02-09,80.33294677734375,81.06175044002747,80.15270243975607,80.87366783241035,531400
2006-02-10,80.94422149658203,81.29686601520383,80.32512953683616,80.67777405545796,467900
2006-02-13,81.4692611694336,81.80623507741561,81.38305812468128,81.55546421418589,265200
2006-02-14,83.74188232421875,83.82024710434808,82.43317196162559,82.59773979355202,379800
2006-02-15,83.18547821044922,83.45975790921675,82.84066602979917,83.1776399393847,312700
2006-02-16,84.32178497314453,84.35313207951683,83.41274280374519,83.95346394683173,221300
2006-02-17,85.05841064453125,85.28567263782543,84.40797176498391,84.59604838814708,315200
2006-02-21,84.61957550048828,84.7919756091253,84.32178099343113,84.75279621214598,282400
2006-02-22,83.6399917602539,83.77321245736466,82.89551155275304,83.22464714991429,422000
2006-02-23,84.4471664428711,85.05058174899996,84.29826919457946,84.63524308676405,250700
2006-02-24,85.18379974365234,85.262170490057,84.43148721318607,84.52552852156255,280600
2006-02-27,84.5960464477539,84.92518800429994,84.4785022977531,84.61956125660198,318200
2006-02-28,83.74971008300781,84.36880193236067,83.61648339677713,84.3296165577901,278500
2006-03-01,83.8829116821289,84.03180889696029,83.49892020997405,83.69483508050064,297100
2006-03-02,83.7183609008789,83.90643754068158,83.30302224767576,83.85941987544305,335900
2006-03-03,82.84851837158203,83.1854923383981,82.28428233608997,82.2921206084857,670100
2006-03-06,82.4488296508789,83.14628624915902,82.09618520594125,82.89551540459593,478600
2006-03-07,82.4488296508789,83.04441264878446,82.29210011509518,82.48017675380537,363500
2006-03-08,83.02874755859375,83.27168614506589,82.22157897817674,82.47234985732425,240100
2006-03-09,83.06792449951172,83.83591360199311,82.93470379137017,83.58514274831835,169300
2006-03-10,83.60079956054688,83.70267314786716,82.7544458265317,82.87199595273066,167200
2006-03-13,83.77320861816406,83.92209986976216,83.4832524269922,83.69484385750485,261300
2006-03-14,84.66658020019531,84.8703333613656,83.79671760391417,83.94561483463646,268100
2006-03-15,84.94087219238281,85.30135492753205,84.55688062346171,85.02707523544555,200100
2006-03-16,84.58038330078125,84.76062764466064,84.24340942393158,84.39230666544724,316800
2006-03-17,84.7919692993164,84.97221364432487,84.61173093315642,84.94086654176476,266500
2006-03-20,85.50511932373047,86.20257605165864,85.43458683432274,86.18690548670673,286800
2006-03-21,85.49725341796875,85.84990379332672,85.0662442643282,85.7323536682074,364500
2006-03-22,85.39539337158203,85.39539337158203,84.87034283882629,84.94870760838184,362800
2006-03-23,84.00830078125,84.72927210613486,83.51459742058618,84.64306907792958,235500
2006-03-24,84.77629852294922,84.78413679328153,83.94562123317812,84.0866802049174,156900
2006-03-27,85.61480712890625,85.67750132877542,85.34052747803862,85.43456279899439,202800
2006-03-28,84.99271392822266,86.00453704872882,84.68442609720077,85.7673897798325,205600
2006-03-29,86.36814880371094,86.46300287596371,85.41956586484885,85.69623965799919,201800
2006-03-30,87.0716781616211,87.17443875040642,86.30490891118582,86.54995663954578,301200
2006-03-31,86.08357238769531,86.30490659199596,85.88595170086907,86.20214600597201,217800
2006-04-03,87.22977447509766,87.48272872609533,86.75548600834013,86.95310670539786,308300
2006-04-04,87.2693099975586,87.48273771872161,87.1507363609544,87.2693099975586,198400
2006-04-05,89.03997802734375,89.34826582273737,87.91749395022312,88.29692229952072,338700
2006-04-06,90.8659896850586,91.29285109369633,90.20989358615509,90.90551623491393,408500
2006-04-07,90.19407653808594,91.29284702900999,90.19407653808594,91.29284702900999,411500
2006-04-10,90.84227752685547,91.20589887352773,90.4944692127239,91.18218535562158,166000
2006-04-11,90.51818084716797,91.32447059372433,90.16245999326287,91.32447059372433,187600
2006-04-12,89.73561096191406,90.03599830631214,89.58542332062058,89.91742467199214,229200
2006-04-13,89.4194107055664,89.49845777425678,88.77911557809345,88.92930923023849,148900
2006-04-17,89.06369018554688,89.68026576692067,88.8581690123588,89.4589315613921,193800
2006-04-18,90.75532531738281,90.85018542135131,89.58541418962936,89.75141484839553,155900
2006-04-19,89.78304290771484,89.8937100234502,89.11113369620574,89.55380215914718,350300
2006-04-20,90.47074127197266,91.1268433507396,90.11502647456635,90.11502647456635,168100
2006-04-21,92.88963317871094,93.3955416755053,92.61296541185543,92.7552465226054,360900
2006-04-24,92.02010345458984,92.26515118687294,91.60114251459244,92.03591045661568,366600
2006-04-25,91.6801986694336,92.47858196277413,91.52209848938705,92.44696192676483,262700
2006-04-26,91.93316650390625,92.19402128542372,91.60115909222803,91.68811269636922,335400
2006-04-27,92.06752014160156,92.60504861362787,91.45094460652228,91.90941998459128,254300
2006-04-28,92.58924865722656,93.02401661176907,92.36791443706136,92.84220291325897,138800
2006-05-01,92.78684997558594,94.06743402162762,92.77104297640692,94.06743402162762,178900
2006-05-02,95.67214965820312,96.35987198996837,94.46271171995538,95.24528814513224,355800
2006-05-03,95.69584655761719,95.95670733099576,95.49032537032365,95.8460402206361,220100
2006-05-04,96.14641571044922,96.78671084561789,95.91717498685857,96.29660936439943,271200
2006-05-05,97.60089111328125,98.01984594147359,96.38354714158997,96.83412199863318,351700
2006-05-08,95.93299865722656,96.51004775740441,95.85395157882068,96.43890719611076,318000
2006-05-09,96.28871154785156,96.4547122183661,95.63261538274327,95.93299668687833,310200
2006-05-10,95.52983093261719,97.46651712244692,95.49031041705184,97.42699057597731,444600
2006-05-11,92.22563934326172,93.52203082870484,92.09125869644399,93.47460378415882,622600
2006-05-12,88.29692077636719,91.38771122418206,87.52225105855341,91.37980470802749,1177300
2006-05-15,89.1585464477539,89.28502054650798,88.42339727910073,88.92139922009629,688900
2006-05-16,89.04788208007812,89.37197686818253,88.81073484514927,89.20597621609421,334000
2006-05-17,86.7950210571289,89.90951944664477,85.97291815317837,89.87789940831141,829500
2006-05-18,87.4273910522461,88.28902038688516,86.85034202133711,87.60129822240653,535000
2006-05-19,86.8819580078125,87.1586257515865,85.45908670996839,86.80290491167322,455400
2006-05-22,85.07965850830078,85.71204713773551,83.7911737621408,84.96109091732359,594700
2006-05-23,85.43537902832031,86.71595725293294,85.0954711967826,85.1666117510811,423000
2006-05-24,86.4313735961914,86.7633809062767,85.17450902604712,86.75547439079973,350700
2006-05-25,86.13890075683594,86.15470775723304,85.2930845093383,85.56975224807036,358400
2006-05-26,87.11910247802734,87.48272381649824,86.36814628371425,86.80290817429905,270500
2006-05-30,85.22985076904297,86.78710276802828,85.21404376747317,86.78710276802828,235200
2006-05-31,84.88203430175781,85.27727567106719,84.04412452871141,84.34450579826085,401000
2006-06-01,85.87803649902344,85.94127655982886,84.1864040733551,84.29707116431254,435400
2006-06-02,86.59739685058594,87.37997316735316,86.40767662823204,87.04797182459195,273700
2006-06-05,84.27336883544922,85.69624023791867,84.18641524802581,85.68833372154248,242000
2006-06-06,83.4828872680664,84.27337005175728,82.18649598528576,84.27337005175728,570100
2006-06-07,82.49476623535156,83.45915599119796,82.37619263684682,82.59752680424035,397400
2006-06-08,80.22608184814453,80.29722842217215,77.79139988819537,79.63321986516495,979200
2006-06-09,79.4830551147461,80.62925286567031,79.15895424270622,80.62925286567031,435000
2006-06-12,78.80322265625,80.5897092242363,78.74788910823104,79.68855942455346,322000
2006-06-13,75.49900817871094,77.11159369186268,75.25395442831959,76.59777870473171,647300
2006-06-14,77.59379577636719,77.7518899265184,76.57407222444772,76.57407222444772,1558900
2006-06-15,79.67276000976562,80.02847484791187,78.06017441708633,78.23408159339071,579400
2006-06-16,79.57791137695312,80.23401362544561,79.34867061431459,80.23401362544561,294400
2006-06-19,79.52256774902344,80.51067124001753,79.34076008398738,80.36048361040189,258600
2006-06-20,79.55419158935547,80.32096089998468,79.53047806938226,80.32096089998468,168300
2006-06-21,80.05217742919922,80.58970588665245,79.23798124310922,79.3644613652884,224500
2006-06-22,79.72808837890625,80.92171898609627,79.66484831328852,80.92171898609627,230800
2006-06-23,78.80322265625,79.16684397621812,78.5028353690861,78.95341026892753,285800
2006-06-26,79.43560028076172,79.48303334105763,78.83483780545113,79.17474558820234,169200
2006-06-27,77.66492462158203,79.15893642954012,77.65701810599532,79.15102991395341,233200
2006-06-28,77.99693298339844,78.24988722698905,77.70445822009657,78.13922012234971,254200
2006-06-29,80.81105041503906,80.81105041503906,78.40798224347,78.6135034066279,293200
2006-06-30,82.67658233642578,82.96115658965302,82.06791331368686,82.80306246270649,325300
2006-07-03,83.0323257446289,83.15089938753077,81.98888854272334,81.98888854272334,249800
2006-07-05,80.91382598876953,81.57782869597949,80.32096384408682,81.56202169238641,348900
2006-07-06,81.6331558227539,81.98887670007842,81.25372745736058,81.53039523023179,282000
2006-07-07,82.51058959960938,83.27735885366715,82.38411549211492,82.60544970340892,236500
2006-07-10,83.38802337646484,83.97298495208614,83.13506913840597,83.79907778262601,244600
2006-07-11,83.5619125366211,83.68048612941656,82.2892351044834,83.00067063035283,227400
2006-07-12,81.04820251464844,82.02049903618689,80.74782121437822,81.72801822185949,752600
2006-07-13,78.33684539794922,80.64505375965466,78.28151184239138,80.64505375965466,750900
2006-07-14,77.4356918334961,77.67283907810757,76.79540271631201,77.46731186817128,346100
2006-07-17,76.79541015625,77.17483854730145,76.44759577203156,76.68474303961787,202100
2006-07-18,75.751953125,76.47128919404943,74.71641676167044,76.0839543876382,418500
2006-07-19,77.97321319580078,78.45540812620244,75.88633934625122,76.02862647376162,302200
2006-07-20,78.13131713867188,79.53838159010004,77.86255588122597,78.74789878927541,677600
2006-07-21,78.0838851928711,78.40798601567364,77.72817036721906,78.13131222805009,309200
2006-07-24,79.4830551147461,79.7676294308621,78.89019296132204,79.04828712320618,203000
2006-07-25,81.10353088378906,81.59363237163785,80.40000170193325,80.62924242862519,261200
2006-07-26,80.43952178955078,81.41971865558615,79.83875324479807,81.41971865558615,293500
2006-07-27,81.49876403808594,82.36829378989434,81.0244756308181,81.735911257172,212500
2006-07-28,83.4749755859375,83.59354920233451,82.22601141757771,82.30506451577881,308300
2006-07-31,83.17457580566406,83.87019828631452,83.11133575354039,83.87019828631452,157600
2006-08-01,81.81495666503906,82.27343806284952,81.3169547521165,82.27343806284952,205700
2006-08-02,83.087646484375,83.49869488130469,82.40783080295257,83.35640773796267,392900
2006-08-03,84.55794525146484,85.10338030800399,83.39593458191888,83.68050886959973,393600
2006-08-04,85.48280334472656,87.33253609939925,84.85832125405399,86.95310172916481,605200
2006-08-07,83.52241516113281,84.34451196217925,83.19040780316219,83.47498209233409,383100
2006-08-08,84.6686019897461,86.0835667382704,84.30498067355782,85.3721311062045,327500
2006-08-09,86.08357238769531,86.73176799924923,85.92547221969147,86.55786082989736,453000
2006-08-10,86.4551010131836,86.7317687710213,85.97290605056442,86.71595573862783,240800
2006-08-11,84.95318603515625,85.57766816023702,84.60537167918594,85.44328150303619,167900
2006-08-14,85.41165924072266,86.38394959686256,85.24565256440174,86.0440417902752,140100
2006-08-15,86.86616516113281,87.07169240322479,86.12310930727361,86.12310930727361,329900
2006-08-16,88.18624877929688,88.455016035492,87.53805320140852,87.75148690940235,235200
2006-08-17,88.8265609741211,89.68027787774894,88.28112587190714,88.43131954490069,355500
2006-08-18,88.33645629882812,88.92931842163905,87.60921354226402,88.92931842163905,173100
2006-08-21,87.06375885009766,87.36414008687467,86.9530917612375,87.21395248393817,156600
2006-08-22,87.3088150024414,87.7119628828697,86.9214801538991,87.7119628828697,118800
2006-08-23,87.11910247802734,88.19415949216074,86.69224107262984,87.66453750118605,231500
2006-08-24,85.61719512939453,86.76339887475865,85.17452666547763,86.76339887475865,228600
2006-08-25,83.88603973388672,84.85833023334372,83.0165037998613,84.186421036883,514800
2006-08-28,84.69232940673828,84.92157014974757,83.71213239217523,83.71213239217523,179400
2006-08-29,85.39583587646484,85.64088355706195,84.45515963535397,85.64088355706195,292100
2006-08-30,85.01642608642578,85.15871322920853,84.6765182470506,84.89785246228931,177900
2006-08-31,85.6408920288086,85.79899218588477,85.22984368221918,85.56975148130256,154500
2006-09-01,85.75157165527344,85.9649993448764,85.08756300702183,85.60928451856986,357600
2006-09-05,86.2732925415039,86.39186616800377,85.87805114044116,86.28910557485331,131600
2006-09-06,84.85041046142578,85.64879968026182,84.8187964604956,85.37213194033976,191000
2006-09-07,83.91766357421875,84.4235721237245,83.51451562570755,84.4235721237245,249300
2006-09-08,84.07574462890625,84.5658460983658,83.87812394409421,84.5658460983658,202800
2006-09-11,82.73191833496094,83.07972660537416,82.03628973232628,83.00858606059785,920500
2006-09-12,83.85441589355469,84.10737014536868,83.00069303209308,83.27736080268572,338200
2006-09-13,83.98088073730469,84.36031508861028,83.2852581292996,83.50659232135102,349500
2006-09-14,84.30500793457031,84.56586875583093,83.58566555428912,84.4710086305799,280900
2006-09-15,83.91766357421875,84.85042756225916,83.67260978583849,84.22595140810802,287500
2006-09-18,84.10736846923828,84.21012905886623,83.68050704701416,84.03622188341511,224000
2006-09-19,84.07574462890625,84.54212655022842,83.67259674323638,84.23383876439401,320700
2006-09-20,84.81089782714844,84.98480500294939,84.23384274661846,84.85041834743639,285000
2006-09-21,85.39583587646484,86.13098494915994,85.07174114060126,86.13098494915994,259300
2006-09-22,84.58955383300781,85.22193636263349,84.24173952162592,85.21403587803246,156900
2006-09-25,85.75157165527344,85.94919234342258,84.66860811309043,85.16661007610054,174500
2006-09-26,85.53024291992188,85.61719651687261,84.74766657827081,84.93738077575169,287400
2006-09-27,86.53422546386719,86.85295311315481,86.21549781457956,86.21549781457956,232200
2006-09-28,86.94857025146484,87.05215415026258,86.39876522726938,86.69358935661931,147200
2006-09-29,86.77326202392578,87.03621275811543,86.46250427596475,87.03621275811543,221100
2006-10-02,88.04816436767578,88.53422259396191,87.3868056559457,87.4107091622838,473200
2006-10-03,88.4704818725586,88.805143142492,87.6178889729337,87.73741259197386,539200
2006-10-04,90.54219818115234,90.80514891519893,89.00434308703323,89.163709931557,989600
2006-10-05,91.92867279052734,92.43066472941639,91.47448787080177,92.43066472941639,439000
2006-10-06,91.00434112548828,91.26729182548017,90.58202968083489,91.26729182548017,223100
2006-10-09,90.35894012451172,90.86093204103925,90.01630898424641,90.86093204103925,195900
2006-10-10,91.63383483886719,91.83303882764733,90.83701888374661,91.23542686130689,227800
2006-10-11,92.24739074707031,92.510341500627,91.64181493061874,91.66571843926498,339800
2006-10-12,93.17169189453125,93.2991792889172,92.2473824485336,92.2473824485336,219300
2006-10-13,92.59002685546875,92.7095504843349,91.93663790745467,92.3111424409306,315100
2006-10-16,92.45455932617188,92.53423971017102,92.0720910512865,92.2314518192848,304600
2006-10-17,90.62189483642578,90.99639328492833,90.36691393573032,90.99639328492833,421000
2006-10-18,90.95654296875,91.54618507644176,90.62188172486198,91.23542733865669,212800
2006-10-19,91.4824447631836,91.6179081059827,91.03622974000649,91.35495736194318,209500
2006-10-20,92.1119384765625,92.54221989321387,91.70556056985437,92.47050936338412,280700
2006-10-23,93.56214141845703,93.73744192641686,92.51034444992219,92.73345197669863,347400
2006-10-24,94.21552276611328,94.47050364464472,93.52229673219348,93.77727761072492,307400
2006-10-25,95.00437927246094,95.24342043729997,94.43067075008894,94.7573621658028,250100
2006-10-26,95.63385772705078,95.90477833981068,94.91672815982068,95.19561255587948,232600
2006-10-27,94.84500885009766,95.76134847891551,94.66174457186831,95.63385499908317,298000
2006-10-30,94.46253204345703,94.78922341740079,93.86492008893298,94.55018228312507,267800
2006-10-31,94.0242691040039,94.39080366083486,93.78522192035561,94.00833546206448,427400
2006-11-01,93.66572570800781,94.90078689312597,93.51432871865364,94.6219025015976,397500
2006-11-02,94.22350311279297,94.45458050955325,93.65776441557614,93.91274532247984,284800
2006-11-03,93.75337982177734,94.51832250402977,93.47448933952752,94.51832250402977,297200
2006-11-06,95.40277862548828,95.84899362269381,94.42269230894223,94.54221592011469,426200
2006-11-07,96.58206176757812,98.00836306527057,96.37488791582673,97.96851983558723,718100
2006-11-08,98.37489318847656,98.4466097827895,97.00436882734364,97.21154266964172,471400
2006-11-09,97.5223159790039,98.37490891026027,97.33108182897908,98.37490891026027,442700
2006-11-10,97.06813049316406,97.42669528222106,96.43067522459164,97.42669528222106,803000
2006-11-13,96.3191146850586,96.5422282688119,95.8410263068915,96.27927753309174,446200
2006-11-14,99.45858764648438,99.61794843846009,98.46256749857486,99.48249115735828,1052000
2006-11-15,98.6856689453125,99.30718450655431,98.40678453696351,98.82112621805,546800
2006-11-16,97.67372131347656,98.40679068384843,97.60200470157902,98.40679068384843,470900
2006-11-17,97.91275787353516,98.20758201211254,97.6099699511869,98.008377991804,474400
2006-11-20,94.55815124511719,95.97648272220424,94.02428599551224,94.02428599551224,1160100
2006-11-21,94.20757293701172,94.3111568445247,93.94462215729655,94.12788646129833,448100
2006-11-22,95.37091827392578,95.61792931263166,94.99641374477544,95.41075543027151,389200
2006-11-24,94.51034545898438,94.86891022430777,94.11193746230346,94.78125997870008,499700
2006-11-27,93.57809448242188,96.33507774625838,93.53028137756601,94.55817498320398,1053900
2006-11-28,93.57809448242188,93.7135517745259,93.01235572196532,93.54622110559298,580700
2006-11-29,95.14779663085938,95.41871113903068,94.64579868572982,95.00436951499711,574000
2006-11-30,95.65775299072266,96.1995880558836,95.25934503337557,96.17567847189547,760900
2006-12-01,95.61790466308594,96.16770956024993,95.01232289803738,95.88881914160447,671500
2006-12-04,96.55817413330078,96.65379425272445,95.4824736264878,95.61793090291977,477600
2006-12-05,96.41474151611328,96.43067516216648,95.60995560788697,96.01633349331942,391200
2006-12-06,96.65377807617188,96.82907248027381,96.21552686785876,96.40676099547571,472000
2006-12-07,96.93266296386719,97.52230507338656,96.69361574365006,97.52230507338656,322900
2006-12-08,97.20358276367188,97.88087515218795,97.12390237900357,97.12390237900357,515800
2006-12-11,97.74542236328125,97.76932587185323,97.26733395416984,97.76932587185323,428000
2006-12-12,98.49442291259766,98.51035655719996,97.60198683428344,98.00836468271137,499000
2006-12-13,99.00438690185547,99.33108437625913,98.66175578248695,99.2832712829174,529700
2006-12-14,100.15977478027344,100.44662904382939,99.42670547528556,99.70558987618051,337300
2006-12-15,100.20758819580078,100.55818312408805,99.87292083443818,100.39882234570511,276100
2006-12-18,100.47850036621094,101.1637626397064,100.19961597100321,100.60599384929097,221500
2006-12-19,100.95658874511719,101.17970234045376,99.91276168935109,100.39881995483542,259200
2006-12-20,102.16773986816406,102.28725739469606,101.72152489118295,101.83307863542824,306400
2006-12-21,103.6418685913086,104.13589064746662,103.29126758689402,103.55421834020495,577200
2006-12-22,105.10798645019531,105.40280443734054,104.22352033031412,104.98049299039637,348600
2006-12-26,104.86895751953125,105.57015951212045,104.47054950709605,104.58210326424,508100
2006-12-27,106.98049926757812,106.9884752080513,105.91276887051659,106.26336981485221,570600
2006-12-28,106.98049926757812,107.44265395252548,106.54226024560442,106.99643899007862,513700
2006-12-29,107.02037811279297,107.64189375425855,106.3271519338775,106.92476406285978,314400
2007-01-03,107.8092041015625,108.79724813146943,107.13190565784824,107.76936087102985,758600
2007-01-04,109.77732849121094,109.93668923740793,108.0801067560213,108.88488642730573,842700
2007-01-05,106.55025482177734,106.66977237895821,105.61798140041849,106.21559350322156,1068400
2007-01-08,106.74943542480469,107.3629871200419,106.61397817024913,107.25143337167573,511600
2007-01-09,105.30721282958984,105.92872838030246,104.57414351742749,105.31517661310478,645700
2007-01-10,103.13187408447266,103.47451123716506,102.15976989124968,102.78924909022574,726200
2007-01-11,102.61396026611328,103.92870176120636,101.84104779785106,101.99244477842053,803900
2007-01-12,104.29524993896484,104.29524993896484,103.41874744041245,103.48249418198424,498500
2007-01-16,104.55022430419922,105.57014772952472,104.18368362395117,104.77333179358628,641200
2007-01-17,104.46259307861328,105.09207243286265,104.20760609664744,104.89286841262002,641100
2007-01-18,105.24345397949219,105.93667997743866,104.72551630784699,105.33906800446502,554200
2007-01-19,105.44265747070312,105.57811472492149,104.97253897221934,105.13189973256763,396500
2007-01-22,104.55022430419922,105.39484725094256,103.92073290607793,105.39484725094256,524800
2007-01-23,105.24345397949219,105.77731921633503,104.70161280160379,105.25939370313655,386000
2007-01-24,108.0084228515625,108.04826608753841,106.75741576092068,107.15582380378262,653200
2007-01-25,104.94066619873047,106.44664797292023,104.54225819329987,105.81716867405676,794100
2007-01-26,104.81317901611328,105.33908053290509,104.23150669760317,105.17971975284797,716400
2007-01-29,104.94066619873047,105.57812143910891,104.71755868836513,105.06019589542811,450300
2007-01-30,105.74546813964844,105.93669621891186,105.29924091832044,105.41877062630866,425300
2007-01-31,105.00440979003906,105.3948540006946,103.98448629939509,104.30320783080367,546600
2007-02-01,106.19963073730469,106.4307141756559,105.61795848779607,105.97652324000147,376100
2007-02-02,104.59803771972656,104.91675925023931,104.13588298957016,104.90081952617956,466700
2007-02-05,103.95260620117188,104.29523119729741,103.58606554261273,103.58606554261273,447400
2007-02-06,106.53430938720703,107.09207822158481,105.38689226594491,106.36698481611805,571500
2007-02-07,105.92871856689453,106.21557280668326,105.31516685653729,106.05621204201107,383900
2007-02-08,105.25939178466797,105.50640278364355,104.77333356917048,105.50640278364355,444500
2007-02-09,105.22752380371094,106.52633783352503,104.95660926940856,106.3590011161925,601600
2007-02-12,105.01237487792969,105.69763712157675,104.66178605240205,105.55421607819461,282200
2007-02-13,107.4585952758789,107.46655905802487,106.81317632712137,106.81317632712137,485800
2007-02-14,108.765380859375,109.21159586113887,107.42673585408336,107.42673585408336,949000
2007-02-15,108.98052978515625,109.25144431225182,108.47056802185091,109.2275408044756,419600
2007-02-16,109.28331756591797,109.28331756591797,108.59805526923228,109.17973974605201,399900
2007-02-20,108.9008560180664,109.44269729388351,108.2315334053943,108.76539873872434,348300
2007-02-21,108.04029846191406,108.31918897676508,107.6976733547338,107.86499793688479,319400
2007-02-22,108.08808135986328,108.3749355951165,107.61796285605702,108.24745428046258,270800
2007-02-23,107.96858215332031,108.40683344245899,107.81718514812252,108.20762941634585,410900
2007-02-26,109.18770599365234,109.5542467385715,108.28729993647471,109.08411601300048,341800
2007-02-27,105.95262145996094,109.9606048525634,103.60201675893248,109.9606048525634,1295300
2007-02-28,106.45464324951172,107.8809388182907,105.64188736644931,107.68969856390848,1209200
2007-03-01,104.60600280761719,104.95660379062359,101.80917696414247,103.99245108735599,1642800
2007-03-02,102.86096954345703,104.159783451297,102.36694753807103,103.665761445911,1116100
2007-03-05,101.92074584960938,103.17971669203259,101.81715587039756,102.23150362879655,660400
2007-03-06,105.76139068603516,105.88092038834844,104.68569631590363,105.53828316518798,926800
2007-03-07,105.91277313232422,106.59803532606915,105.75341237624438,106.167760068809,518300
2007-03-08,107.1239242553711,108.0721370572302,106.77332333786573,107.55419946239002,658300
2007-03-09,106.08808135986328,107.33111236989758,105.88887736060272,107.01239083445958,465900
2007-03-12,106.29525756835938,106.55024454368105,105.3390807277995,106.08808976974666,583900
2007-03-13,104.18370056152344,106.2952582716664,103.9844965451534,106.2952582716664,511100
2007-03-14,103.57014465332031,104.1438531702455,101.84902518176861,103.58608437835929,842400
2007-03-15,104.17572021484375,104.43069499286543,103.6737222827013,103.9685402893519,419600
2007-03-16,103.50640869140625,104.48650126898754,103.29924087811501,103.60999867727641,342100
2007-03-19,104.82117462158203,104.8849213772528,103.92873220064166,103.95264787266234,314500
2007-03-20,105.21955871582031,105.578123496004,104.74146423661028,104.74146423661028,327400
2007-03-21,106.39884948730469,106.39884948730469,104.39884551674969,105.1637821397686,707200
2007-03-22,105.81716918945312,106.34307067721038,105.20361745373634,105.78528974013284,537600
2007-03-23,106.11996459960938,106.51040887388392,105.87295354875266,106.4546380681013,538200
2007-03-26,105.73748779296875,105.80123453621744,104.74146772679826,105.77733102730518,244800
2007-03-27,104.59007263183594,104.78131286505689,104.00043652335583,104.78131286505689,301000
2007-03-28,103.50729370117188,104.87282282253884,103.32254874379456,104.87282282253884,875300
2007-03-29,104.38282012939453,104.5675650560743,103.41088997641555,104.24626846561564,435800
2007-03-30,102.94500732421875,103.77235773658458,102.74419387934005,103.21811066765058,565700
2007-04-02,101.94898223876953,102.2943816565719,101.31441093032608,101.91685134777154,506400
2007-04-03,101.99718475341797,102.41487409246227,100.66378031382614,100.96901459511463,1219800
2007-04-04,102.60762786865234,103.21810240816879,102.21403526412045,102.53533797588382,665000
2007-04-05,101.60356140136719,101.98912588371931,100.89670033345111,101.03325199514974,991700
2007-04-09,101.44291687011719,101.852577998743,101.12964839773855,101.8124128598884,496300
2007-04-10,101.60356140136719,101.91682986212973,100.88063182716918,101.12964464782266,930700
2007-04-11,100.0372314453125,100.99310545186714,99.90067976675905,100.94490605541158,709900
2007-04-12,99.92475891113281,99.9970488006529,99.01707833156343,99.48296693626813,532400
2007-04-13,97.61139678955078,97.78008547653265,97.04108734033116,97.19370751981951,1274600
2007-04-16,98.58332824707031,98.96085233424273,97.12943489829067,97.31418594379149,1065300
2007-04-17,98.22990417480469,98.55923503345312,97.86040817635867,98.26203506097477,876300
2007-04-18,99.33035278320312,99.75607625209508,98.76003727876909,98.90462318597196,624700
2007-04-19,99.74002075195312,100.04526111159292,98.82431192971376,99.15364892230616,805900
2007-04-20,101.15375518798828,101.29834112270908,100.41476313423327,100.41476313423327,932000
2007-04-23,100.30229187011719,100.54326430346171,100.20589921977574,100.40671264506587,640200
2007-04-24,99.51512145996094,100.2380511685995,99.29824561153971,100.2380511685995,562300
2007-04-25,98.74401092529297,99.16973454949668,97.98895023129154,98.3986114725414,982200
2007-04-26,98.27809143066406,98.46284248276041,97.59532699423241,97.91662970794717,799800
2007-04-27,97.9969711303711,98.67973568716867,97.96484024050125,98.2781087563065,411800
2007-04-30,97.53106689453125,98.56726494661196,97.53106689453125,97.9969555309718,310100
2007-05-01,97.61944580078125,97.79616263988478,97.21781884948808,97.78812838492347,336300
2007-05-02,96.64749145507812,97.17764187442508,94.88033564726788,97.16157336747163,1196000
2007-05-03,96.71176147460938,96.92863731025935,96.35029357740565,96.60733455552504,626900
2007-05-04,97.13748168945312,97.29812999714184,96.7197924124584,96.80814469184912,498200
2007-05-07,97.61944580078125,97.7559974934191,97.13749468489763,97.29814301407853,584000
2007-05-08,96.80010986328125,96.92059914987443,96.17357292700429,96.90453064321417,506100
2007-05-09,95.80408477783203,96.39849704410648,95.63540220335109,96.37440040894357,1003800
2007-05-10,93.8200454711914,94.85623747119402,93.37021917985234,94.39035492880512,1303600
2007-05-11,96.34226989746094,96.59127663290921,95.31410593753702,95.39443009784222,764200
2007-05-14,98.11744689941406,98.2780951982603,97.43468243680789,97.79614417338182,925300
2007-05-15,97.8363265991211,98.80022881919149,97.60338223479688,98.00500918121637,604600
2007-05-16,98.4066162109375,98.47087185182075,97.89253431383382,97.99695509256627,881700
2007-05-17,97.59535217285156,98.0532066663066,97.1615943166824,97.20978759125416,881500
2007-05-18,97.86040496826172,98.18973581611391,97.36238544146165,97.99695663375311,424300
2007-05-21,96.69568634033203,97.08125084526094,96.5752031778604,97.07321659164953,1001800
2007-05-22,95.83619689941406,96.2297956244631,95.68358286382262,96.07717546053226,560500
2007-05-23,96.69568634033203,97.10534747775526,95.78801178911968,96.51897565926035,602000
2007-05-24,96.64749145507812,97.94876474301535,96.30209209565687,97.90056535049484,631700
2007-05-25,96.39044952392578,96.77601401849097,96.26996023635293,96.4707736728611,384300
2007-05-29,96.56717681884766,97.2740379859417,96.13341901346936,96.8402801805634,747000
2007-05-30,96.43062591552734,96.47078493051148,95.78802039237648,96.04506137596873,810300
2007-05-31,97.00093841552734,97.0571659409218,96.32620198245321,96.70373227939056,416400
2007-06-01,98.75202941894531,98.75202941894531,98.01303122585063,98.14155478233334,804300
2007-06-04,99.80428314208984,99.89264154902207,98.90463669347984,99.40265624815788,651000
2007-06-05,100.4388656616211,100.80032745546073,100.2219836826447,100.35854149947237,807100
2007-06-06,99.08938598632812,100.80031431763068,98.63956583425006,100.80031431763068,825900
2007-06-07,98.90464782714844,100.54328647425271,98.54318603325605,100.02117022769868,890100
2007-06-08,99.96492767333984,100.16574111272247,97.59533153996067,97.99695841872594,672800
2007-06-11,99.59544372558594,100.32640767494637,99.45085778661029,100.2782082763941,402700
2007-06-12,98.27006530761719,99.29020104843407,98.23794054909354,98.71185734156781,372000
2007-06-13,99.45084381103516,99.5311740878868,98.74398272445455,99.00102367669656,313800
2007-06-14,99.37855529785156,99.61952774673837,98.80824586864439,99.20183849166403,318200
2007-06-15,100.7681884765625,100.85654688633605,100.26214078013784,100.40672671173635,495600
2007-06-18,100.39868927001953,100.88867457108306,99.82837981580495,100.88867457108306,272600
2007-06-19,100.5673828125,100.7922990455608,100.18182438393438,100.5914855765835,232900
2007-06-20,99.36249542236328,100.75212723218387,99.10545444421813,100.5111486340239,585700
2007-06-21,100.39868927001953,100.40672352383666,99.37052540166985,100.26213759682874,530200
2007-06-22,98.81629943847656,99.76413935617758,98.4789342461613,99.64365616488026,285000
2007-06-25,98.8885726928711,99.69986072124743,98.51104243823042,98.9046350718954,305200
2007-06-26,99.20183563232422,100.02115174026751,99.06528396905694,99.9408275929538,405900
2007-06-27,99.48298645019531,99.61953813163339,98.56727756661931,98.92874547014064,651900
2007-06-28,100.14163970947266,100.52720419118735,99.44281289585285,99.51510278898337,496400
2007-06-29,101.11357879638672,101.60356406907826,100.61556539868296,101.33046073851035,545900
2007-07-02,102.91287994384766,102.97714172302653,102.0132395487057,102.23011539300869,511000
2007-07-03,102.79239654541016,103.08156842274747,102.06946685206691,102.69600387685088,237400
2007-07-05,102.16585540771484,102.63977222028652,101.65177345277527,102.63977222028652,304600
2007-07-06,101.39472961425781,101.85258403396728,101.25817181106437,101.49111614787657,305200
2007-07-09,101.95699310302734,102.25419918031928,101.74814542362384,101.93289647239222,197400
2007-07-10,100.9770278930664,101.61963334259477,100.84047622675206,101.48307554794066,320300
2007-07-11,100.94490814208984,101.05736318891026,100.40672954254352,100.83245309526943,919700
2007-07-12,101.4509506225586,101.4911096328751,100.35049078377848,100.4067183008934,383600
2007-07-13,101.19390869140625,101.4830743992472,100.80834420038552,100.96899249677934,283300
2007-07-16,101.08146667480469,101.52325876607287,100.99311438489188,101.29031440234426,224600
2007-07-17,99.5793685913086,99.98099546720911,99.36248664645203,99.60346522332826,534900
2007-07-18,98.48692321777344,98.53511647213328,97.38646359262788,98.1977514349372,751400
2007-07-19,99.37052154541016,99.62756250252262,99.16970810615543,99.3544591667393,342600
2007-07-20,98.7279281616211,99.41872079618025,97.8764749606404,99.32233426167163,679600
2007-07-23,98.95285034179688,99.28218125552308,98.62351329972972,98.72794022933196,289700
2007-07-24,98.39054870605469,99.42674676404803,98.2459627880012,99.42674676404803,418000
2007-07-25,98.22990417480469,99.1295506025471,97.59533296171047,99.11348209529211,557900
2007-07-26,95.74784851074219,98.27809915361276,94.02085777945055,98.25400252065,1258500
2007-07-27,96.77603149414062,97.7881269844997,95.61934392991215,97.7881269844997,679900
2007-07-30,97.82828521728516,98.47891886201577,97.19371395277118,98.0933604534126,639300
2007-07-31,96.89649963378906,98.28613134611857,96.79207885036033,97.58729836315426,423700
2007-08-01,95.7237548828125,97.72386127827106,94.47871515671096,96.69569125564254,1154000
2007-08-02,95.25785827636719,95.72374691730468,94.47870729480724,94.79197576376941,776800
2007-08-03,95.50687408447266,97.62746353825293,95.50687408447266,97.62746353825293,766400
2007-08-06,97.31419372558594,98.14957836688778,95.43457675057182,97.98892393874908,797000
2007-08-07,98.32630920410156,98.71990188460946,97.49895256989417,97.55518009568101,725500
2007-08-08,98.97694396972656,99.08136476781374,98.18975247168702,98.39056594147517,506600
2007-08-09,96.22179412841797,97.36241329888895,95.98884974092604,96.96078631252524,899400
2007-08-10,95.85227966308594,96.54307843748427,94.14937936111839,96.27800320649276,693200
2007-08-13,95.90849304199219,96.83223602300993,95.90849304199219,96.32618226968106,350400
2007-08-14,94.77592468261719,95.88441897198986,94.62331061092188,95.87638471716141,396000
2007-08-15,92.58302307128906,94.37427538835567,92.46253379075998,93.98068279174407,520800
2007-08-16,91.49864196777344,92.79990918269485,88.35791671388573,91.73961442726181,1393700
2007-08-17,91.9806137084961,92.36617218175482,89.89215461471055,91.23358727217318,1024100
2007-08-20,91.28978729248047,91.98861411278155,90.45440268106137,91.98861411278155,823000
2007-08-21,91.96453094482422,92.3581297410513,91.28980065701865,91.28980065701865,563700
2007-08-22,92.62318420410156,92.88825940167875,91.97255065399348,91.98058490710356,442500
2007-08-23,92.62318420410156,92.89629365478883,92.27778486044207,92.45450165882686,403900
2007-08-24,93.65135192871094,93.77987547053061,92.1492713358172,92.34205052020693,231200
2007-08-27,92.52680206298828,93.17743564391586,92.46254029174266,92.74367788051754,230500
2007-08-28,90.77571868896484,92.51074380646408,90.71949116497969,92.37419212369164,274700
2007-08-29,92.22156524658203,92.35812304779523,90.49457450866134,90.7837402336645,445800
2007-08-30,91.00062561035156,91.75568615896087,90.26163356994346,90.52670267186053,322000
2007-08-31,92.92041778564453,93.49876161394165,92.4143700000552,93.05696948723097,392100
2007-09-04,93.94052124023438,94.11723804130864,93.249722542402,93.61922465101527,381900
2007-09-05,92.59107208251953,92.84811307907304,91.9725692911798,92.76778891671397,290500
2007-09-06,92.75975036621094,93.24972954004093,91.87616629453372,92.17337240303789,438400
2007-09-07,91.0086441040039,91.57091922686828,90.4704594825889,91.57091922686828,352800
2007-09-10,90.34194946289062,92.38221470567278,89.90819170623556,92.38221470567278,409100
2007-09-11,90.96849060058594,91.31388997117871,90.7114496360755,90.815870421291,253300
2007-09-12,90.880126953125,91.28978807330378,90.44636920146623,90.9684853541114,370200
2007-09-13,90.2696762084961,90.83998577452277,90.1813177842048,90.56688237459785,547200
2007-09-14,90.91224670410156,91.16928762230845,90.17325483029917,90.47848900556393,211000
2007-09-17,90.50260162353516,90.78373921994063,90.12507136764496,90.36604995218678,253500
2007-09-18,91.35406494140625,91.39422395773032,89.53870948702405,89.69132968274124,440800
2007-09-19,92.74369049072266,93.44252355927352,92.47861524454743,92.69549721990558,409100
2007-09-20,92.61515045166016,93.0730047976817,92.05286920657143,92.74366785191471,609600
2007-09-21,92.42239379882812,92.63927578845308,92.04486347701811,92.05289773212968,443100
2007-09-24,92.09303283691406,93.5790508740531,91.69140600912843,92.3741703906962,431400
2007-09-25,92.61515045166016,93.12119805673477,92.24564837112284,92.37417189971653,291300
2007-09-26,93.25395965576172,93.58675158863824,92.12572440732906,93.58675158863824,364100
2007-09-27,94.05751037597656,94.21173161370189,93.3432339455657,93.3432339455657,281700
2007-09-28,94.85296630859375,95.77016287583187,94.80426746917763,95.45360803436785,290000
2007-10-01,96.38705444335938,96.48445832772278,95.3805724087926,95.55102456195574,478300
2007-10-02,95.96498107910156,96.58997229270881,95.38057017188785,96.23283091771592,398300
2007-10-03,94.26043701171875,95.7620506164379,93.65167674795573,95.7620506164379,663300
2007-10-04,94.39031982421875,94.9584936594615,94.10623290659738,94.76369208632546,490800
2007-10-05,95.51042938232422,96.21659354636668,95.16952510697816,95.36432666537164,285800
2007-10-08,95.2588119506836,95.2588119506836,94.73121845375672,94.92602001522988,146400
2007-10-09,93.99259948730469,94.10623425598264,93.34325264403314,93.74909287292024,427900
2007-10-10,92.62898254394531,93.0104671839498,92.40982533715736,92.55592807747237,552700
2007-10-11,92.27183532714844,93.4000706758656,91.84164567236671,92.93741305943216,555200
2007-10-12,91.41954040527344,91.51694426044016,90.91630263515022,90.98123234596609,428400
2007-10-15,87.75076293945312,89.32542479660512,87.40174014202138,89.32542479660512,1417900
2007-10-16,88.39199829101562,88.6760851972864,87.1825962085314,88.47316509386012,734200
2007-10-17,86.87415313720703,87.66148412432969,86.29786079024602,87.42609606273209,724500
2007-10-18,88.4569320678711,88.55432975187342,87.76699877882818,88.27836139036022,487400
2007-10-19,86.36279296875,87.69394828572277,86.24103967421338,87.25564014096884,649100
2007-10-22,86.73616027832031,86.84979502874195,85.55922628068353,86.45207340226621,775100
2007-10-23,87.93744659423828,88.45692771810228,87.28810602651018,87.64524736396991,375800
2007-10-24,86.09492492675781,86.80108898227357,84.82058716631828,86.76862102875951,882000
2007-10-25,85.83519744873047,85.9001333632916,85.03974797693081,85.6322773601992,420200
2007-10-26,89.065673828125,89.23612593228658,87.5153616256675,88.18905769875516,678600
2007-10-29,90.90009307861328,91.16794911693086,90.01536434873034,90.99749696326434,596800
2007-10-30,90.34001159667969,90.9812335254639,90.25883862000745,90.74585170952618,298800
2007-10-31,92.88871765136719,93.05916981187472,90.90821526572212,92.58839363944587,701100
2007-11-01,92.89680480957031,93.8464754358054,92.5234326269379,93.7084850829353,783300
2007-11-02,91.71988677978516,92.02832310775086,90.69716772423342,91.71988677978516,567100
2007-11-05,90.61600494384766,91.67119200591445,89.78809360959353,90.09652995125087,524200
2007-11-06,90.90009307861328,91.00561550180956,90.096531156291,90.096531156291,496300
2007-11-07,90.67281341552734,94.1549229469392,89.99911722200343,92.73448229903279,835900
2007-11-08,88.46504974365234,91.31404983235842,87.27187850168868,91.31404983235842,867600
2007-11-09,87.54784393310547,88.24588953658572,86.6793461975144,86.6793461975144,601600
2007-11-12,87.44233703613281,88.84654073765256,87.21506130979733,87.8238216433491,608900
2007-11-13,90.20203399658203,90.35625524289483,88.37575323073717,88.37575323073717,603300
2007-11-14,90.19392395019531,91.02183519371818,89.42282389161167,89.42282389161167,484000
2007-11-15,89.67445373535156,90.7864519252591,89.09004285380277,90.2182781196589,486000
2007-11-16,89.44715881347656,90.31565641133281,88.76535039316119,89.51209471806719,418300
2007-11-19,88.31082153320312,89.56892231704674,87.64524391669833,89.08191536224827,531100
2007-11-20,89.3416748046875,90.33192603230248,88.11603548258773,88.47317689389305,655600
2007-11-21,87.72640991210938,88.46503577842942,86.80109484862352,88.46503577842942,473100
2007-11-23,88.79783630371094,89.02510582311183,87.54784775437611,87.74264931491544,164000
2007-11-26,88.02672576904297,89.80430760185027,87.9861454697537,87.9861454697537,421800
2007-11-27,90.99749755859375,91.47638606117596,89.66634208947275,90.90821221190376,1165000
2007-11-28,91.04618835449219,91.47637797270752,89.60139824326708,89.73127007883473,514400
2007-11-29,91.44391632080078,91.75235264171467,90.89197340420804,90.90820428735931,396000
2007-11-30,91.27345275878906,92.32863968943445,90.87573112175548,91.46826050122273,458800
2007-12-03,90.03160095214844,91.56567662522461,89.77998197493801,90.90821739180079,402500
2007-12-04,89.86925506591797,90.08029370429374,89.2848441858805,89.2848441858805,291500
2007-12-05,91.1760482788086,91.59811930400406,90.00722668191479,90.00722668191479,402000
2007-12-06,92.06077575683594,92.17441050048423,90.3643669462084,90.3643669462084,290600
2007-12-07,92.70201873779297,92.986105642322,92.40981329524021,92.73448669725772,325700
2007-12-10,93.2945327758789,93.49745284459787,92.19875945069317,92.19875945069317,530700
2007-12-11,90.07217407226562,93.19714234228756,90.01535669254268,93.19714234228756,584300
2007-12-12,91.33028411865234,93.33513587825409,90.63224460892853,91.5575598529554,520600
2007-12-13,89.63385772705078,90.202031472362,89.0332160259176,90.09651526041259,437800
2007-12-14,86.28162384033203,88.91146644522007,86.04623579528467,88.91146644522007,1013800
2007-12-17,85.38066864013672,86.77676000696871,85.25891533393525,86.03812782394209,450000
2007-12-18,86.27350616455078,86.66310926928412,85.06410416268939,85.8351980272535,448500
2007-12-19,85.69721221923828,86.56570993974978,85.25890409029375,85.68097514448316,461500
2007-12-20,85.92449951171875,86.03813428800943,85.23457231491655,85.23457231491655,393200
2007-12-21,87.17446899414062,87.22316783247439,85.98941645119287,86.20044887905885,374100
2007-12-24,87.05272674560547,87.26376539286463,86.59006914487249,86.83357575268154,123500
2007-12-26,88.36763763427734,88.39198705277187,87.37738666463773,87.84816273096301,449800
2007-12-27,87.2718734741211,88.57056706213694,87.06895337507235,88.35140988729154,480300
2007-12-28,86.5251235961914,87.39362131821557,86.47642475710039,87.05271705931926,336100
2007-12-31,86.17610168457031,86.80921136977128,85.7540306253129,86.44395768757985,369100
2008-01-02,86.4114761352539,87.37737758604086,86.05433485409664,86.52511087150782,373900
2008-01-03,86.76863861083984,87.255645626976,86.27351305652287,87.255645626976,346200
2008-01-04,84.36605834960938,86.44395808339983,84.21183710002566,85.84331635271909,560400
2008-01-07,84.7962417602539,85.32383519271228,84.18748153648559,84.41475102920509,581800
2008-01-08,83.63554382324219,85.32384043376156,83.49755965027666,85.28325393929894,453900
2008-01-09,86.23291778564453,86.39525756959497,84.01703392022966,84.01703392022966,867800
2008-01-10,84.72318267822266,85.17772783142374,83.40014609362636,83.76539973085346,802500
2008-01-11,83.54625701904297,85.01539644181348,83.20535276502376,83.20535276502376,442600
2008-01-14,84.5040512084961,85.1452795000061,83.61120396191608,83.61120396191608,385700
2008-01-15,81.53328704833984,84.41475471021135,81.37095345864124,84.41475471021135,861500
2008-01-16,80.56739044189453,81.37907076335291,79.73947304613452,80.26706649360835,764100
2008-01-17,80.03168487548828,82.20698855915249,79.80441535807455,81.80926690367845,753200
2008-01-18,80.92452239990234,81.84983743467986,79.5527869214012,80.96510889143593,950400
2008-01-22,78.65995025634766,79.40669473545724,74.0333682772453,74.60966061607748,1348300
2008-01-23,80.55928802490234,80.94077884314595,76.29796548454226,77.10152742964502,1388700
2008-01-24,80.92452239990234,81.33848108155412,79.98297648408891,80.65667261071982,570200
2008-01-25,82.7914047241211,84.41476560106464,82.14205789629155,83.38393416896282,688700
2008-01-28,82.95372009277344,83.07547337029602,81.71185028582663,82.79138651782927,629400
2008-01-29,84.26866149902344,84.26866149902344,83.35146484786749,84.2037255787743,462500
2008-01-30,84.9991683959961,86.2004518624212,83.96833086963824,84.52839230037802,637700
2008-01-31,87.92121887207031,88.39199498061933,86.34655694681386,87.50726014264755,1733400
2008-02-01,89.12249755859375,89.12249755859375,88.04296129587414,88.20529487543732,489800
2008-02-04,88.62738037109375,89.61763139978548,88.48939000368038,89.20367268280474,396000
2008-02-05,85.52674865722656,86.8579037482424,85.31571006202783,86.8579037482424,729400
2008-02-06,87.48291015625,89.79619799518879,87.44232985292501,88.73289868157461,1096400
2008-02-07,89.59326934814453,89.9260612438424,88.25400180629883,89.48775313841628,1123000
2008-02-08,88.17283630371094,89.42282481577531,87.53160806873203,88.51374676527742,407100
2008-02-11,89.52022552490234,89.70690853540327,87.82381039255858,88.46503860486999,535400
2008-02-12,91.02994537353516,91.85785654104502,90.29943187712695,90.29943187712695,774900
2008-02-13,89.46340942382812,90.72151025435052,88.67607849125436,90.72151025435052,632900
2008-02-14,88.89523315429688,90.07217342963219,88.59491537474537,89.6906826573728,361600
2008-02-15,90.0884017944336,90.62411380670778,88.96828512235538,90.17768712981263,315800
2008-02-19,94.15492248535156,95.4454912952316,93.27830620356715,94.90978547367207,933800
2008-02-20,91.92279815673828,92.40168658306176,90.5023575671198,92.08513174707144,471500
2008-02-21,89.94229888916016,91.71988086274332,89.93418654423738,91.71988086274332,479600
2008-02-22,89.87737274169922,90.29132528389647,88.01862389654445,89.94230246681273,923000
2008-02-25,91.02184295654297,91.16794568169914,89.68256900804971,90.34814671317669,528100
2008-02-26,91.02184295654297,91.56566735860142,89.4309500563036,89.85302115529355,513000
2008-02-27,91.6143569946289,92.40168167784141,90.94877940138846,90.94877940138846,749200
2008-02-28,89.74748992919922,90.47800343288934,89.52022043752434,90.47800343288934,410900
2008-02-29,88.10790252685547,89.27671799409605,87.78322915548829,89.27671799409605,534000
2008-03-03,88.53809356689453,88.60302948076088,87.24751859747656,87.66147730758756,803800
2008-03-04,85.43748474121094,86.67123628370668,84.5527498425525,86.67123628370668,902100
2008-03-05,85.71344757080078,86.36279435701431,84.95047221852427,85.55923250836324,556700
2008-03-06,84.7475357055664,85.99751780905555,84.44721179140781,85.09655225920847,660100
2008-03-07,83.90341186523438,84.75567263758954,83.35146890153415,84.75567263758954,692700
2008-03-10,81.81739044189453,83.72483822834248,81.56576529569661,83.20536324461105,663200
2008-03-11,86.09492492675781,86.09492492675781,84.52838177732065,84.8855230733464,710900
2008-03-12,85.24267578125,86.86603663643962,85.14527809322196,86.86603663643962,386000
2008-03-13,85.22642517089844,85.67285177979753,83.12417632247809,84.33357814572908,700400
2008-03-14,81.39531707763672,83.91964385139683,80.47812036983417,83.80600908025777,1261300
2008-03-17,80.51869201660156,81.59010988111031,79.43104326908916,79.8368834631096,954200
2008-03-18,83.27840423583984,83.36768957142742,81.39530603617146,81.49270990934784,675600
2008-03-19,81.84984588623047,84.05761749283509,81.76867908741143,82.79951662956556,785000
2008-03-20,83.73294067382812,84.00890899662076,81.10309210741487,82.70210325015188,560700
2008-03-24,86.09492492675781,87.67769895663753,85.16149138927254,85.22642729630067,845700
2008-03-25,86.80921173095703,87.05271831518425,85.0478668419532,86.80921173095703,409000
2008-03-26,85.74694061279297,87.75464377253233,85.63997518849025,86.3969757551296,369500
2008-03-27,84.14244842529297,85.57416832998555,84.08485067848589,85.57416832998555,432700
2008-03-28,85.40135192871094,86.10075474388543,85.00639157365889,85.31084031146321,1684000
2008-03-31,83.01516723632812,83.37721378681587,82.11828718058041,82.5214713896433,778100
2008-04-01,84.9817123413086,85.12982169778219,83.18794625854262,83.26200407562054,1421500
2008-04-02,83.8626708984375,84.98994809163482,83.36074506098839,84.891206421459,1134300
2008-04-03,82.31575012207031,84.08483235664323,82.11004303148466,84.08483235664323,1080600
2008-04-04,80.62073516845703,81.1967125786371,80.25868863766787,81.08151709660109,1236400
2008-04-07,80.2010726928711,80.82642393747138,79.97890554388346,80.63717067269232,1166200
2008-04-08,79.3453369140625,80.02005590036705,79.04088816892333,80.02005590036705,813200
2008-04-09,78.33325958251953,79.73207160080025,78.24274795813798,79.73207160080025,738400
2008-04-10,78.50605010986328,79.18899281907005,78.17691753854632,78.63769937178108,2826700
2008-04-11,79.00797271728516,79.32065149736563,78.17692063198534,79.32065149736563,749400
2008-04-14,78.77759552001953,79.69916566123779,78.62126238041722,79.69916566123779,509100
2008-04-15,79.26305389404297,79.32065162556954,78.37439779819147,78.39085160247824,541600
2008-04-16,80.62073516845703,80.8428960901885,79.35357858837793,80.0776653722733,667600
2008-04-17,81.10618591308594,81.37772076084941,80.22575987631976,80.22575987631976,558500
2008-04-18,83.55821990966797,83.887346221441,82.59550598691763,82.6860176059598,769900
2008-04-21,85.34376525878906,85.52478851674663,83.92849936313829,84.3399135757027,554000
2008-04-22,82.74360656738281,83.67340650485973,82.38156640727269,83.67340650485973,560200
2008-04-23,82.43094635009766,82.48031404343477,81.5011525520491,82.07712989992304,378600
2008-04-24,82.3651123046875,82.8588080335281,81.36949080618243,81.72330722942652,517300
2008-04-25,83.97785949707031,84.26585444207585,83.11389349510007,83.11389349510007,518700
2008-04-28,83.89557647705078,84.41395606933256,83.45124842180267,83.45124842180267,308800
2008-04-29,83.7639389038086,84.17535312970611,83.2373291968744,83.2373291968744,283800
2008-04-30,83.51708221435547,84.89943417107969,83.23732357293487,83.23732357293487,569600
2008-05-01,84.80891418457031,85.03107506746291,83.12211362757598,83.12211362757598,506300
2008-05-02,86.34761810302734,86.51218127919297,85.0064037343146,85.0064037343146,863600
2008-05-05,86.49571990966797,86.67673687654936,85.65643146263342,86.35583431670739,572300
2008-05-06,86.94004821777344,87.13752526798262,85.89505267681523,86.53685779825678,482000
2008-05-07,86.19949340820312,87.69704064472305,85.94441236950904,86.95649392827217,355600
2008-05-08,82.74360656738281,84.7430794600997,81.6657035719163,84.7430794600997,853800
2008-05-09,83.36074829101562,84.03546736915416,82.3568965772206,83.94495573740654,683600
2008-05-12,83.60757446289062,83.62402826482095,82.867027822406,83.13856263686387,420200
2008-05-13,83.39364624023438,83.92848588622213,82.9246343643304,83.51707173972105,309900
2008-05-14,82.9164047241211,83.59935371725503,82.30751354210952,82.30751354210952,234200
2008-05-15,85.67289733886719,85.67289733886719,83.92849882873557,83.92849882873557,649500
2008-05-16,83.82152557373047,84.66903776271626,83.35251366925861,84.49624456398263,662200
2008-05-19,86.56977844238281,87.21981365597094,86.04316874893874,86.04316874893874,592000
2008-05-20,84.92411041259766,85.52477785020761,84.57852402378849,85.52477785020761,511400
2008-05-21,82.43917083740234,84.08482746637817,82.43917083740234,83.45124614872064,599000
2008-05-22,82.67780303955078,83.42657364311366,81.87965846158404,83.09744101704618,567900
2008-05-23,81.3695068359375,82.26639313196969,81.04860423508934,82.26639313196969,754900
2008-05-27,81.6492691040039,83.87913342965346,80.71946894634677,83.87913342965346,846000
2008-05-28,80.46439361572266,81.02391720404678,79.56750735490654,79.97892157344832,1063800
2008-05-29,81.63279724121094,81.88787201270053,80.85111284476626,81.2707507699236,488400
2008-05-30,83.96965789794922,84.17536504000428,83.19619703496338,83.66520906774157,409900
2008-06-02,84.34814453125,85.75518040013743,84.01078186000564,84.77601255477067,424000
2008-06-03,84.16710662841797,85.34375133549734,83.86265790082342,84.01076724429082,469200
2008-06-04,86.08430480957031,86.4957189873069,85.57414896921135,86.07607476826458,850300
2008-06-05,87.82870483398438,87.8945326150084,86.4874967534543,86.68497381884363,944700
2008-06-06,84.45509338378906,86.89066431696934,84.33989792785822,86.89066431696934,619800
2008-06-09,84.41394805908203,85.40957577661418,83.81328694564485,85.21209247456669,357700
2008-06-10,83.59113311767578,84.13420286830399,82.43917839394763,82.43917839394763,536500
2008-06-11,83.48416900634766,85.22856748049136,83.37720357393452,84.7595555419376,574000
2008-06-12,82.9493179321289,83.87911791783758,82.6284154011425,83.0398295462719,435100
2008-06-13,84.51270294189453,85.14628431588481,83.10566715234016,85.14628431588481,421600
2008-06-16,85.40957641601562,85.40957641601562,84.58674815103545,84.79245521728049,518000
2008-06-17,84.97348022460938,85.90328026997257,84.75131933416594,85.16273350569101,435700
2008-06-18,84.29876708984375,85.87037234752131,83.7721574159277,84.84183684726611,793400
2008-06-19,84.05191802978516,84.28230896560848,82.90818711431783,84.28230896560848,621000
2008-06-20,80.39854431152344,82.77651735589991,80.00359028295438,82.60372418369082,873000
2008-06-23,80.51375579833984,81.46823973326761,80.13525549652853,81.46823973326761,515800
2008-06-24,78.85163879394531,79.79789261006184,78.57187390294445,79.6580070257205,858200
2008-06-25,79.9295425415039,80.99099182814255,78.70353010185787,79.3947028777071,765400
2008-06-26,77.75727844238281,79.3864813243081,77.75727844238281,79.3864813243081,981500
2008-06-27,77.61739349365234,78.98328517994628,77.2718071212061,78.98328517994628,710500
2008-06-30,77.34587097167969,78.16869938627202,77.18130779983427,77.26358938575697,522100
2008-07-01,77.06611633300781,77.3047310612917,75.65085038185723,77.09080018230043,1298400
2008-07-02,75.20651245117188,77.83956066029633,75.05017305580188,76.55595044305842,1127100
2008-07-03,75.70020294189453,76.35023804656521,75.06662791858253,75.37107036921952,367000
2008-07-07,76.66290283203125,77.22242626603318,76.15275335946077,76.23503492493849,632600
2008-07-08,76.39139556884766,76.8357237159046,75.65907869990656,76.36671171806948,525900
2008-07-09,75.2723388671875,77.01673092011613,75.18182724809984,76.5148051334235,637800
2008-07-10,76.19389343261719,76.72050300168151,75.20650206004191,75.9635025308617,645200
2008-07-11,74.482421875,75.89768768694077,73.733651316816,75.28879644611125,785800
2008-07-14,73.53618621826172,74.49066402572073,73.2317374095146,74.4659801748435,616600
2008-07-15,72.59815979003906,73.23173495953083,71.635445694251,72.82032071818516,1599000
2008-07-16,74.65521240234375,74.69635004962225,72.12912984076168,72.4171184824375,1001900
2008-07-17,74.09571075439453,74.50712501449071,73.2317382971192,73.90645743256958,1178200
2008-07-18,73.47034454345703,73.90644256701279,72.91082101116157,73.19057963846824,495300
2008-07-21,73.4538803100586,74.04631769638543,72.96841462151298,74.00518004758494,473500
2008-07-22,76.41607666015625,76.45721431402704,74.7868736469543,75.19005780991056,840100
2008-07-23,75.63438415527344,76.52304032374131,74.71282037554299,74.9925790150519,900300
2008-07-24,76.67938232421875,77.72437165346996,76.4078474394864,77.44461300448461,896400
2008-07-25,75.55210876464844,76.73698375306141,75.32994784316247,76.11986240954347,592400
2008-07-28,72.85324096679688,74.7128352576684,72.63107374158498,74.7128352576684,560900
2008-07-29,74.08747100830078,74.23558037364505,72.41713033550202,72.41713033550202,517800
2008-07-30,73.2728500366211,73.89819491724596,72.68863651963842,73.47855707627731,503200
2008-07-31,70.80438995361328,71.71773002655678,70.42588334588729,70.55753890991072,930400
2008-08-01,70.00623321533203,71.42972265770557,69.67710064005573,70.76323374409031,623100
2008-08-04,67.99854278564453,68.37704312032373,67.53776086128427,68.37704312032373,803200
2008-08-05,70.85374450683594,71.19110084111637,68.70616216915442,68.70616216915442,949800
2008-08-06,71.13350677490234,71.52846713635677,70.03091982354877,70.13788524672007,1008100
2008-08-07,70.68094635009766,71.3968028938749,69.01060604437578,69.43847396262878,953300
2008-08-08,74.33431243896484,74.71281901610408,71.16642444841794,71.4461893605188,1133600
2008-08-11,75.97997283935547,76.68760577857758,74.4330576788862,74.4330576788862,1121900
2008-08-12,75.37931823730469,75.84010018141682,74.59763368530257,74.59763368530257,847300
2008-08-13,74.49888610839844,75.33816833696446,74.02987415879453,75.2476567082968,756400
2008-08-14,73.72541809082031,74.57293027753792,73.23995238296538,73.96403906300871,640900
2008-08-15,74.8033218383789,75.1900458561592,74.21088447321873,74.70458018495835,380100
2008-08-18,74.67166900634766,75.56032508628996,74.25202481120571,75.52741120062376,421900
2008-08-19,73.16588592529297,74.05454193515838,72.82852960976041,73.64312781329639,492800
2008-08-20,72.56524658203125,72.84500525549781,71.84938353536998,72.41713720264214,1234300
2008-08-21,72.6557388305664,72.8285320141313,71.77531283182249,72.35952015083187,602400
2008-08-22,73.11652374267578,73.30577073747453,71.65189036303981,71.7177181341358,613400
2008-08-25,72.5570068359375,74.23557748530217,72.41712751791103,74.23557748530217,570000
2008-08-26,73.55261993408203,73.79124089018407,72.94372876060054,72.94372876060054,447800
2008-08-27,72.40888977050781,72.66396453243215,71.6189753626968,72.04684331279714,619900
2008-08-28,72.98487091064453,73.15767038560854,72.46649131879853,72.7380261763911,658700
2008-08-29,73.71719360351562,74.33431490569893,73.26464174852404,73.9146769401457,598400
2008-09-02,73.09183502197266,74.7868592096876,72.77093250638937,73.62667464050526,793600
2008-09-03,74.08747100830078,74.24381041552046,73.29755648569223,73.72542449797422,834700
2008-09-04,72.37598419189453,74.55648067372505,72.27724252545518,73.72542224482041,1051300
2008-09-05,73.08362579345703,73.26464906460333,71.56962439420273,72.40890668680099,943200
2008-09-08,74.6058578491211,74.98435820204871,73.28933351770257,74.1944436031976,703800
2008-09-09,74.12036895751953,75.68374386044326,74.07922503467368,74.7950878594953,743800
2008-09-10,75.11600494384766,75.86477551901218,74.49065360580519,74.96789558161872,1284600
2008-09-11,75.67552185058594,75.67552185058594,73.25640457275196,73.25640457275196,392000
2008-09-12,74.8115463256836,75.1406788959244,72.474717004569,73.437424593436,1065600
2008-09-15,71.49555969238281,72.40889972522237,70.87843838790648,71.49555969238281,1068400
2008-09-16,72.90259552001953,73.2317281379739,70.44234034369714,71.40504807212557,855800
2008-09-17,69.0353012084961,71.34744690962367,68.60742694239167,71.34744690962367,952900
2008-09-18,71.28984069824219,72.32660607455921,69.07643064657215,70.90311040752258,980700
2008-09-19,75.16535949707031,75.22295722355126,72.83675403936081,72.83675403936081,679000
2008-09-22,72.83675384521484,75.59323350173376,72.42533972068144,75.2970148298552,649000
2008-09-23,72.22787475585938,73.61845673777411,71.38036252227195,73.33046805806222,659000
2008-09-24,72.61460876464844,73.84062136451004,71.99748744370241,73.56909275433264,657200
2008-09-25,75.52526092529297,76.60204116305134,73.3633387527761,73.3633387527761,1083900
2008-09-26,75.75897979736328,75.90922923723066,73.35498875948512,73.496895607642,516900
2008-09-29,69.7490005493164,72.5620011511621,68.24651269183236,72.5620011511621,1176600
2008-09-30,71.61878204345703,71.93597248053938,70.07454918571663,70.11628761856016,912100
2008-10-01,70.03282165527344,71.10960833476354,68.97272652896693,68.97272652896693,721300
2008-10-02,65.70063781738281,68.86421906976442,65.39178993620658,68.86421906976442,1078700
2008-10-03,65.19146728515625,67.28661101558744,65.09130521205327,65.43353624247551,1773600
2008-10-06,61.25159454345703,63.05458818581156,59.26496832054438,62.81251924114034,1382900
2008-10-07,57.2115592956543,60.93439995324853,57.194861373203494,60.93439995324853,1437200
2008-10-08,56.134769439697266,56.92774876546665,52.26167953726974,53.46367515126143,2805300
2008-10-09,52.08639144897461,59.08132424720281,51.75250305878802,56.22659092947069,1866900
2008-10-10,51.126461029052734,52.32010763924217,47.58725644819965,51.53547411833115,2139700
2008-10-13,58.02956771850586,58.81420434053,53.43862068364846,54.248297816011195,1665200
2008-10-14,59.056278228759766,62.4034980429668,57.61221378234622,61.09299148753773,1396600
2008-10-15,53.17986297607422,59.05627624587799,52.587214183608666,59.05627624587799,1654900
2008-10-16,56.07632827758789,56.602198069730825,52.09472496799112,55.72574841615927,1808600
2008-10-17,56.00957107543945,58.213225871507134,54.07302575864082,55.38353263636586,973400
2008-10-20,60.809181213378906,60.809181213378906,57.75411784130942,58.956106960101955,986100
2008-10-21,60.074642181396484,62.336726696476006,59.19818592804326,60.80919156618222,1128900
2008-10-22,56.71906280517578,59.21487320946132,55.69236364323872,58.1965166389355,1271300
2008-10-23,57.595523834228516,58.012882702592485,54.590541255686084,56.86931711065446,1258500
2008-10-24,55.16648864746094,56.61890200203881,53.52210016036112,54.248300469259526,850600
2008-10-27,51.8943977355957,54.67400919724335,51.75249725540592,54.67400919724335,827200
2008-10-28,59.24827194213867,59.348434001854315,53.588879937723505,56.11808020819708,990200
2008-10-29,59.824214935302734,62.33671694945232,59.26495561495561,59.54875657093217,997600
2008-10-30,62.38680648803711,65.73402664377781,61.744076585167946,65.19145880097628,1995200
2008-10-31,63.513668060302734,64.02284637738931,61.351752229058725,63.07126868902212,1091700
2008-11-03,63.98944854736328,64.54870776090992,63.07960313320907,63.64721130515785,826800
2008-11-04,67.06120300292969,67.31162080816352,65.10796704830734,65.8508651372079,1364200
2008-11-05,67.08627319335938,69.9076171200304,67.02784320094995,69.28157875776147,1891700
2008-11-06,56.001216888427734,59.82422612811424,54.08971863697621,59.82422612811424,2215400
2008-11-07,57.19486618041992,58.43025144156259,55.83427833233038,57.5704930464366,2156000
2008-11-10,57.72073745727539,58.63892576858563,56.50205022686123,58.430246317451875,1284000
2008-11-11,54.6823616027832,56.46865707887162,53.60557494073889,55.64228828926219,1100400
2008-11-12,52.72911834716797,54.74913375874001,52.32845421224944,54.74913375874001,1601500
2008-11-13,56.54376983642578,56.54376983642578,51.677367764097916,53.42192771852376,2047500
2008-11-14,53.15481948852539,55.241613585329326,52.946140078845,53.46366730747284,1240100
2008-11-17,52.47035217285156,53.86432912483632,51.5438150686245,52.178199083807854,1348200
2008-11-18,52.795894622802734,53.204907697606366,51.15149973181404,52.64564518178878,977900
2008-11-19,49.88273239135742,52.5872193594615,49.665707172824746,52.12812522411484,1561200
2008-11-20,49.90777587890625,51.75250137332928,48.93950339993437,50.84265888310777,2560000
2008-11-21,53.15481948852539,53.48035885815559,50.083058323294395,53.42192887818069,2023700
2008-11-24,56.00957107543945,57.01123639899261,53.43863835722972,53.847654722666945,1759700
2008-11-25,54.866004943847656,55.75915275379598,53.43863187180364,54.7240980749016,1175900
2008-11-26,54.37351989746094,54.749140380241165,52.03631056900367,52.33680950258456,1434500
2008-11-28,52.670692443847656,53.00458084093341,51.827628858289955,52.712430881630176,572500
2008-12-01,48.88106918334961,51.627287969677084,48.74751448001513,51.627287969677084,1318900
2008-12-02,51.71076583862305,52.345149934806315,49.99959506846204,50.834312827974294,2149800
2008-12-03,51.63563537597656,51.94448002110748,49.331812832537004,49.98289477787176,1392200
2008-12-04,48.74751281738281,50.11644927591973,48.37188923200495,49.07305219664522,2191500
2008-12-05,48.55552673339844,48.730819869133484,46.251707298917445,47.90444795099637,1638000
2008-12-08,50.233306884765625,50.89273457216492,49.24833983336277,49.24833983336277,1369900
2008-12-09,49.43198776245117,50.4670360225632,49.24834883260733,49.39859828717127,1378300
2008-12-10,52.92110824584961,52.962843497789805,51.56886315677896,52.278375176544685,1273800
2008-12-11,53.84764099121094,55.08301962965453,53.21325375157221,54.3985513655464,1691000
2008-12-12,52.75416564941406,53.31342504755748,49.932818591027505,51.9361425867023,1218600
2008-12-15,54.8409538269043,55.85931050454699,54.08971294388754,55.62559055264035,1372200
2008-12-16,58.213218688964844,58.246608165802805,55.21658478716228,55.93444261819969,2258900
2008-12-17,57.153141021728516,57.587191568568784,56.66900306565811,56.794212036144295,1101700
2008-12-18,54.707401275634766,57.15312450105218,54.340123433278684,55.78418792113161,1713300
2008-12-19,53.73912811279297,55.55047052623641,53.1214387418573,55.007902698294124,1485300
2008-12-22,50.81761932373047,52.754164318052,50.20827572660475,51.710767093344465,1689800
2008-12-23,50.39190673828125,51.4853880733461,49.20660913079315,51.001250278155524,1151600
2008-12-24,50.98456573486328,51.10142571964381,50.34183263437462,51.10142571964381,589400
2008-12-26,53.12978744506836,53.22995268610265,52.4870543787234,53.01292428230015,480700
2008-12-29,53.42193603515625,54.32343273416336,52.80424349870373,54.32343273416336,1084300
2008-12-30,53.90607452392578,53.98954502633228,53.204911477446316,53.430285654978526,853900
2008-12-31,54.62393569946289,54.95781772982044,53.906077871089416,53.922769425250685,515800
2009-01-02,55.400211334228516,55.759140169465724,54.44028478711597,54.46532529704576,677200
2009-01-05,54.77417755126953,55.567156815795585,54.490370222822214,54.82425857518763,1004200
2009-01-06,55.43361282348633,55.834273806020036,54.63227812163592,54.974515480591975,1228500
2009-01-07,55.54212188720703,56.19320073715442,55.09137352146086,56.05130024286154,1048000
2009-01-08,57.07799530029297,57.07799530029297,56.118075018698924,56.74411330759458,1008800
2009-01-09,55.53376388549805,56.29335999903723,54.949464081537315,56.184842629451495,799200
2009-01-12,54.77417755126953,55.658976271905836,54.01458139042846,55.658976271905836,918500
2009-01-13,53.12978744506836,53.4970589341289,52.65399856991096,53.413591614828526,923100
2009-01-14,51.869361877441406,53.17986852562582,51.35183775002863,53.17986852562582,1249300
2009-01-15,53.35515594482422,53.83094479771914,51.969524635934604,53.2216012349624,1444200
2009-01-16,55.56716537475586,56.168163227906625,54.10640918050003,55.77584483107812,1126800
2009-01-20,54.9911994934082,57.21155162052769,54.79086902961394,56.75245434059227,1186500
2009-01-21,56.36013412475586,56.46865149733393,54.62392621580124,55.52541645700041,1423800
2009-01-22,52.219947814941406,52.645652500867804,51.2266315741202,52.57052776991658,1526200
2009-01-23,52.23664093017578,52.53713666044717,50.91778529094716,51.835973588089246,1802300
2009-01-26,52.244991302490234,52.820945483082305,51.67738289950271,52.161520789661,1073300
2009-01-27,55.34178161621094,55.62558255460856,54.59053447281995,55.425252105834346,1280500
2009-01-28,56.54376983642578,57.04459913510893,56.06798104741828,56.20153892354181,882900
2009-01-29,54.34012222290039,56.42691652000402,54.206570699448974,56.42691652000402,1240900
2009-01-30,53.0129280090332,54.431948957589185,52.537139100428526,54.298397416285376,1010000
2009-02-02,53.32176971435547,53.689044370831944,52.37853778380544,52.54548196736582,975800
2009-02-03,54.7491340637207,54.95781350083211,53.538795875830964,53.730783760065506,860500
2009-02-04,55.8676643371582,57.26164157787085,55.650635919294224,56.10138430944636,1212800
2009-02-05,57.436920166015625,57.67064009195171,55.51707336840471,56.15145420497683,1460400
2009-02-06,57.9127197265625,58.43024706461288,54.73244688850243,54.97451581911996,1535800
2009-02-09,59.38182067871094,59.68231958047553,58.38016191842303,58.38850451074515,954000
2009-02-10,56.12641906738281,58.18817290460042,55.96782702725212,57.92106348247451,876000
2009-02-11,56.259979248046875,57.1781675258791,55.800881924935155,56.95279652896412,915000
2009-02-12,56.31005096435547,56.31005096435547,54.7073946315352,55.85930267667661,1567000
2009-02-13,54.63227462768555,55.717410258732656,54.28169469829165,55.525422372602996,1514100
2009-02-17,52.96284103393555,54.0897118890719,52.67903687607107,54.056322415394796,1020200
2009-02-18,55.11640930175781,55.642285534154276,54.74913147194323,55.1080603415191,1320000
2009-02-19,55.108055114746094,56.78583933371544,54.874335197355364,56.12641164199724,722000
2009-02-20,54.03962707519531,54.340125984249624,52.820939885537825,53.830947631040445,1335600
2009-02-23,51.66903305053711,54.256656954698286,51.53547833001645,53.36350916417968,896300
2009-02-24,55.64228439331055,55.88434691975358,53.1214333977262,54.08970897706074,1657900
2009-02-25,54.707401275634766,55.89269893437729,53.84764302502024,55.09137067064752,1107900
2009-02-26,52.253334045410156,54.08971706296257,51.94448934484339,53.60557920092126,1821400
2009-02-27,52.70407485961914,53.55549047654305,52.30341074731074,53.55549047654305,1312800
2009-03-02,50.63398361206055,52.32845979376146,50.37521993757295,52.07804508075183,1127900
2009-03-03,50.926124572753906,52.16985532474167,49.93281167368112,51.752496482143734,2037800
2009-03-04,50.87604904174805,51.54382262515383,50.37521646604699,51.38522739415608,1183000
2009-03-05,48.98958206176758,50.333478106509,48.17155907457615,49.87438399527443,1309100
2009-03-06,48.622310638427734,49.66570786242833,47.54552393905217,49.331819477069885,1568700
2009-03-09,48.146522521972656,48.79760138112374,47.4036241961832,48.70578191448537,1227200
2009-03-10,50.233306884765625,50.46702680062561,48.4386627188549,48.51378743240919,1062300
2009-03-11,49.765872955322266,50.4086060254853,49.256694602063526,49.59058298642206,1325500
2009-03-12,49.89107894897461,50.083063644173826,48.246684007048366,48.73916759358389,895000
2009-03-13,50.408607482910156,51.07638108673843,49.52380865191108,51.07638108673843,714300
2009-03-16,50.4670295715332,51.977869700769205,50.35016960718698,50.90943210195204,1073300
2009-03-17,52.08639144897461,52.08639144897461,50.23331693341087,50.51712110981076,1018500
2009-03-18,52.81258773803711,53.338460765446115,50.40025416407784,51.52712175290189,1034200
2009-03-19,51.91944122314453,52.896059397077686,51.710761799566136,52.896059397077686,766700
2009-03-20,50.583885192871094,51.8777000178368,50.433635770413076,51.33513230516119,647900
2009-03-23,54.5738410949707,54.5738410949707,52.36184109393824,52.63729946416762,1039100
2009-03-24,53.07970428466797,54.056325752747895,52.862679060758914,53.822605790969575,981800
2009-03-25,55.06632614135742,55.80922436402123,53.764168603814646,54.431938924025346,1532900
2009-03-26,56.60749435424805,56.77629301490109,55.18956371129157,56.261455168132464,1521300
2009-03-27,55.35835647583008,56.51464713984315,55.020759190480845,55.72127935291043,633200
2009-03-30,53.61970901489258,54.81819618762239,53.172386791215665,54.69160041809558,999500
2009-03-31,53.42558288574219,54.936351284292904,53.29054204510001,54.936351284292904,1180600
2009-04-01,57.308006286621094,57.71312554366376,55.61999435734951,55.8478731345292,2482900
2009-04-02,60.54056167602539,61.393003218921784,58.709063506173045,59.07198639447496,2072500
2009-04-03,63.39328384399414,63.58740159556264,62.15259413719353,62.22011615480606,1854200
2009-04-06,62.177921295166016,62.768729366516006,61.46895933665184,62.608366163838106,1202200
2009-04-07,61.80656051635742,62.31296281460307,61.207310606265786,62.152599618444356,849500
2009-04-08,63.874366760253906,64.32168885690803,63.22448505062046,63.8068447428428,1302900
2009-04-09,66.83684539794922,66.94656387327423,66.00127471920494,66.04347760008294,943400
2009-04-13,66.43171691894531,66.63427657251586,65.20791069458515,65.42734763626355,781800
2009-04-14,64.0178451538086,64.81965460891763,63.688683373467725,64.76900987707404,875300
2009-04-15,65.081298828125,65.14037898660864,64.0178495361653,64.03473326102024,551400
2009-04-16,64.72682189941406,65.12350574784921,63.62961152881702,64.00941165134806,1032000
2009-04-17,65.10662841796875,66.31355736849135,64.60022605842722,66.31355736849135,828800
2009-04-20,63.96721267700195,65.82402321898641,63.63805086673429,65.82402321898641,915100
2009-04-21,64.54115295410156,64.59179126382116,63.13166419335354,63.13166419335354,528000
2009-04-22,66.07722473144531,67.19975415865348,64.25416884010684,64.25416884010684,1221800
2009-04-23,67.52047729492188,67.52047729492188,66.11098887681146,67.49515814621701,1218100
2009-04-24,68.29696655273438,69.12409529722991,66.6258382156333,67.52892441215387,1865500
2009-04-27,66.33043670654297,67.51204654149092,65.85779534826602,65.91687551805063,711900
2009-04-28,64.92938995361328,65.63835199138983,64.38078469718778,64.58334435951599,892300
2009-04-29,66.11099243164062,66.87903455375611,64.58333717200698,64.9040635775264,1034200
2009-04-30,66.81150817871094,68.11971342185645,66.36417965583462,67.33478770026761,1408500
2009-05-01,66.8199691772461,67.01409343613732,66.3051248811175,66.88749121853489,875600
2009-05-04,68.86245727539062,68.98062405808264,67.4951714615554,67.51204875093669,936100
2009-05-05,69.41105651855469,69.5882970183091,68.03532895993413,68.03532895993413,780600
2009-05-06,70.50827026367188,70.8458739910296,69.67270602888449,70.7023880604051,1034000
2009-05-07,67.72305297851562,70.33947080610152,67.18288954724329,69.20850563414257,1260600
2009-05-08,66.8199691772461,67.28417516203622,65.42735766213197,66.6089676276608,1282300
2009-05-11,64.81121826171875,65.3682588453646,64.38921528288682,65.15725735594863,906600
2009-05-12,65.0306625366211,65.47798467025065,64.22885300190843,65.08130083423816,708800
2009-05-13,62.06819534301758,63.93344762987166,61.426749048954456,63.815287317709256,1634300
2009-05-14,62.05131530761719,62.65900062872271,61.19043206222066,61.87407482883715,712400
2009-05-15,62.79405212402344,63.58741344137831,62.16104757930396,62.78561026043572,565500
2009-05-18,64.54115295410156,64.74371263223601,63.38486218120759,63.38486218120759,806500
2009-05-19,64.8365249633789,65.60457332825146,64.63396537541657,65.60457332825146,539400
2009-05-20,64.37235260009766,65.90844368760061,64.21199579441632,65.58772363698142,949800
2009-05-21,64.00096893310547,64.59177048731789,63.49456668102998,63.95032420042013,840900
2009-05-22,63.570526123046875,64.47361220678394,63.5198878280209,64.16132769586395,494700
2009-05-26,65.65523529052734,66.094115629247,63.722460548851515,64.52426376813486,807700
2009-05-27,64.904052734375,66.4907814529077,64.60865196752766,66.4907814529077,482100
2009-05-28,67.10691833496094,67.42763829430564,66.17007116719213,66.423269101647,905000
2009-05-29,67.64707946777344,67.77368165053373,66.4063896673806,66.98875584452527,721600
2009-06-01,68.97216796875,69.41949009653817,68.13660387270693,68.34760536236206,1046700
2009-06-02,68.35604095458984,69.11564760707617,68.05219829359532,68.27164164637014,783100
2009-06-03,66.62584686279297,67.39388910305526,66.01816141070299,67.30948977676627,614800
2009-06-04,67.2166519165039,67.53737194799531,66.6342855895201,66.87061272979689,450800
2009-06-05,67.3516845703125,68.30540907741765,67.03940001736858,68.18724874695347,763700
2009-06-08,67.39387512207031,67.8243199678801,66.38951240085346,67.55423831623081,540300
2009-06-09,67.1153564453125,67.6048814864779,66.41483633661578,66.41483633661578,541800
2009-06-10,66.71023559570312,67.59643803989495,66.01815092722507,67.52048059007342,467000
2009-06-11,66.7439956665039,67.56268251238215,66.51611044174669,66.8874751403112,418500
2009-06-12,66.54142761230469,66.54142761230469,65.83246568804485,66.38107085662946,232500
2009-06-15,64.7099380493164,65.88310586646617,64.19509387755949,65.88310586646617,732900
2009-06-16,63.908145904541016,65.08131392314621,63.823746578453644,64.57491152736615,543800
2009-06-17,64.76058197021484,65.13194022439352,63.722451776869306,64.9884607525687,516300
2009-06-18,64.37235260009766,64.76903656015035,63.89971116986799,64.55803500176118,342800
2009-06-19,64.6593017578125,64.91250613971212,64.32169806169799,64.81966496229926,600400
2009-06-22,63.02193069458008,64.92938618529622,62.73497172620735,64.92938618529622,814300
2009-06-23,63.42705154418945,63.840612677001275,63.13165073503815,63.629611179142536,602300
2009-06-24,64.19509887695312,65.24167102784374,63.73933483174371,64.03474210421192,564200
2009-06-25,65.55394744873047,65.73118794406122,63.93345740063074,64.18666178782041,611500
2009-06-26,64.43140411376953,65.10661137592227,64.24572823396853,64.3976495459902,595300
2009-06-29,63.714012145996094,63.97565838883281,63.17384881258234,63.17384881258234,542300
2009-06-30,63.74777603149414,64.69306512718707,63.224496400753274,64.69306512718707,694500
2009-07-01,63.55365753173828,64.31325781805577,63.32577229443897,63.32577229443897,532400
2009-07-02,62.532405853271484,63.3004544582069,62.14416383863844,62.9375315950763,594000
2009-07-06,63.81529235839844,64.11913502488879,63.52832697815551,63.562087989904946,404100
2009-07-07,62.836238861083984,63.95032643019692,62.64212110332611,63.95032643019692,387800
2009-07-08,62.16947937011719,62.473315578239834,61.5280330657379,62.473315578239834,720800
2009-07-09,62.16105270385742,62.574613904176644,61.66308573921302,62.16949456814108,302600
2009-07-10,62.25388717651367,62.44800495930403,61.62931807202327,61.81500043069582,202800
2009-07-13,62.954410552978516,63.11477376908825,61.84876464634081,62.43957276717618,299500
2009-07-14,63.68024826049805,63.81529230738785,63.1316495279583,63.19072968865895,403500
2009-07-15,63.81529235839844,63.967213691643614,63.03880840592511,63.18228787641929,1275400
2009-07-16,63.6971435546875,64.00942170114075,63.23293760826275,63.646505247534165,494600
2009-07-17,63.55365753173828,63.67181786246567,63.05569061859707,63.30889500687295,182000
2009-07-20,64.2373046875,64.47362536485623,63.56209723283461,63.72246045215013,274000
2009-07-21,65.4273452758789,65.4948673043849,64.69306414345516,65.27542393136795,397000
2009-07-22,65.33451080322266,65.80715212618942,64.38077985462247,64.38077985462247,299700
2009-07-23,66.87904357910156,67.42764884850698,65.28387251710728,65.38515557029552,842300
2009-07-24,67.57110595703125,67.72302726685179,66.38106106281502,66.38106106281502,372100
2009-07-27,67.41919708251953,67.64708230891002,66.6764741193221,67.64708230891002,329900
2009-07-28,67.81588745117188,67.84964846718758,66.68492239129522,66.70179967967537,284500
2009-07-29,69.73178100585938,69.88370234989522,67.85808657583571,67.85808657583571,788600
2009-07-30,71.20879364013672,71.84179818549056,70.09470589788417,70.71082671604564,1228400
2009-07-31,71.0484390258789,71.4704421071827,70.4154344039232,71.3185207403431,664400
2009-08-03,73.5888900756836,73.9940093765393,72.42415759739927,72.58452080858454,672600
2009-08-04,73.14156341552734,73.26815916475474,71.46198683088951,72.46635603645885,893000
2009-08-05,71.06531524658203,71.32696153174764,70.44919436313224,70.8205591296538,625600
2009-08-06,72.6098403930664,73.4285273024667,72.28912040803809,73.27660595392587,495200
2009-08-07,72.01061248779297,73.30194101096252,71.99373519618418,72.59297885677398,1081900
2009-08-10,71.5548324584961,73.04028492131589,70.89650876453481,73.04028492131589,490800
2009-08-11,71.87554168701172,72.01057927537046,71.14125427519008,71.95149912310345,450400
2009-08-12,71.78270721435547,72.19626831874746,71.19189919739836,71.7995844997523,661400
2009-08-13,72.49166870117188,72.63514816363039,71.74050393976643,72.58450986846955,305600
2009-08-14,72.37353515625,72.93058236608005,71.83337167722144,72.74489996280336,383100
2009-08-17,70.65174865722656,71.03155525932326,70.36478967894745,70.72771255334807,403100
2009-08-18,72.46636199951172,72.6098414866125,71.39447067998167,71.58859491019561,501100
2009-08-19,73.11624908447266,73.31881519293613,71.36915664432395,71.36915664432395,317000
2009-08-20,73.79145812988281,73.89274118625899,73.06561232399329,73.84209643844294,375300
2009-08-21,72.8714828491211,73.32724691124083,72.17096268701165,72.17096268701165,380300
2009-08-24,72.37353515625,73.09938103855525,72.23005564072042,72.7533353889475,328600
2009-08-25,73.0909194946289,73.55512537784084,72.6435973376728,72.68580021405748,347700
2009-08-26,73.35256958007812,73.58044838242996,72.98120485405491,72.98120485405491,504000
2009-08-27,73.24284362792969,73.55512818302324,72.32288012880383,73.21752447683524,277000
2009-08-28,72.80396270751953,73.55512756688678,72.46635900415947,73.55512756688678,231700
2009-08-31,71.90087890625,72.24691804529743,71.60547163140417,71.99372008875778,330300
2009-09-01,71.4113540649414,72.83772638314598,71.13283051654845,72.19627996725,487100
2009-09-02,71.05686950683594,71.29319016422538,70.5420253149854,70.95558646541691,372800
2009-09-03,70.03561401367188,70.81209791397235,69.52920531071108,70.64329286656738,766300
2009-09-04,70.8121109008789,71.03998970760081,69.67270398875873,69.67270398875873,340700
2009-09-08,70.74457550048828,70.96401884126391,70.19597036817626,70.65173433474682,319200
2009-09-09,70.2719497680664,70.60955349629741,69.94278790383645,70.1369057010718,347200
2009-09-10,72.12874603271484,72.2637900724086,71.10749962973422,71.32694297460945,321400
2009-09-11,70.86273193359375,71.63921578705089,70.6095340366423,70.76144891126091,321500
2009-09-14,70.14533996582031,70.3225804551076,69.63049578487659,70.0187377765423,365600
2009-09-15,69.81617736816406,70.05249801794383,69.21693388072114,69.21693388072114,371900
2009-09-16,69.59674072265625,69.86682241122377,68.9974971773738,69.84994512286252,830200
2009-09-17,69.72333526611328,70.11157724834095,69.3013322716152,69.51233376886424,332000
2009-09-18,70.54200744628906,71.54636998578336,70.33100599288852,71.54636998578336,220600
2009-09-21,69.7908706665039,70.12846797540124,69.58830455405842,69.82463168524482,323000
2009-09-22,69.95964813232422,70.59265255367298,69.88369069260426,70.33944820943188,697100
2009-09-23,69.47859191894531,70.05251640732256,69.25914849829202,70.05251640732256,1207000
2009-09-24,69.40261840820312,70.84586794113685,68.89620964078361,70.84586794113685,749900
2009-09-25,68.9317398071289,69.95169547752775,68.52376272671239,69.30572420140969,695100
2009-09-28,68.5322494506836,68.99972988756413,68.08177183951399,68.23476484752236,410200
2009-09-29,67.4188003540039,67.81828243401694,67.05331743874491,67.76728692922468,502600
2009-09-30,66.7813491821289,67.66530825759446,66.52635861788099,67.11283302484357,883900
2009-10-01,65.31089782714844,66.61134156732666,65.25990232212573,66.61134156732666,698000
2009-10-02,63.90845489501953,64.3844301251387,63.746960519939314,63.92545123123401,567900
2009-10-05,63.806480407714844,63.90847791577113,63.01601755314447,63.746983482518296,844800
2009-10-06,65.67637634277344,65.83787074409308,64.74992347866589,65.4383886890459,905300
2009-10-07,65.80388641357422,66.21186997240699,65.21741855889287,65.42990850971275,533700
2009-10-08,66.9853286743164,67.56330158831085,66.76434379887628,66.95132950470749,586400
2009-10-09,66.55184936523438,66.8578353864057,66.10136526179797,66.56884570655363,462000
2009-10-12,67.08733367919922,67.50381220525651,66.74734842980011,66.74734842980011,382700
2009-10-13,67.93727111816406,68.31125541743016,67.66528430542793,67.92876970645062,425000
2009-10-14,68.31127166748047,68.42176410733096,67.9967842060432,68.06478254657212,338700
2009-10-15,68.48974609375,68.6257362576572,68.0562648822339,68.0562648822339,494500
2009-10-16,67.26582336425781,67.50381108949976,66.81534567223854,67.36782088279543,386800
2009-10-19,68.26026153564453,68.5067506271805,67.52929567375939,67.91178143014741,307000
2009-10-20,66.95982360839844,67.97977913128354,66.33085525099322,67.97977913128354,363100
2009-10-21,67.03633117675781,67.81829262962592,66.90883591093225,66.90883591093225,303400
2009-10-22,67.90328216552734,68.05627517598687,66.78133558371684,67.38480621256329,362200
2009-10-23,66.00788116455078,67.09582867073692,65.67639087672725,66.72184428373095,550500
2009-10-26,66.50934600830078,67.72478862924534,66.10986391485582,67.48680095264268,369800
2009-10-27,67.2743148803711,67.6907933382668,66.78983808678845,67.26581346724068,579200
2009-10-28,66.06736755371094,66.95982131034391,65.97387147187163,66.53484147822984,462200
2009-10-29,68.06478118896484,68.33676806097687,67.24031915936254,67.24031915936254,680700
2009-10-30,67.05332946777344,68.37076977845506,66.2543651644172,68.17527616721812,745500
2009-11-02,67.24882507324219,68.00528881429464,66.62835153495698,68.00528881429464,632100
2009-11-03,67.2063217163086,67.28282147101272,66.33086415217555,66.60285103117494,352600
2009-11-04,67.53779602050781,68.31975737703155,67.37630160471439,67.64828844544776,802300
2009-11-05,68.48974609375,68.61724133062852,67.99676796964755,68.43024918116365,444100
2009-11-06,66.432861328125,66.560350110857,65.76988723452519,66.20336854985004,579800
2009-11-09,67.24882507324219,67.37631386187431,66.04187716853333,66.04187716853333,317700
2009-11-10,64.9369125366211,65.26839625061497,64.69892489423339,64.7584218048303,659900
2009-11-11,65.26840209960938,65.8718726710799,65.02191302371114,65.1069076915125,640700
2009-11-12,66.05888366699219,66.71334992882169,65.88888779823954,66.15237977363631,504300
2009-11-13,66.50934600830078,66.8068306040541,66.0418655830614,66.27135833169812,333600
2009-11-16,68.16676330566406,68.57474680270998,66.9003252062827,67.14681429006579,356600
2009-11-17,68.26026153564453,68.26026153564453,67.52080074571455,68.01377244410858,203000
2009-11-18,67.47830200195312,67.83528352988162,67.06182355270322,67.77578660856021,239000
2009-11-19,65.88038635253906,66.87483776884022,65.44690503594163,66.87483776884022,443700
2009-11-20,65.42140197753906,65.99937485793689,65.36190505535156,65.99937485793689,295400
2009-11-23,65.85488891601562,66.50085370248958,65.49790086754676,65.99087911354955,449600
2009-11-24,64.63943481445312,65.43839248623131,64.41844348687816,65.03041548036109,367800
2009-11-25,66.17786407470703,66.17786407470703,65.46389454049897,65.88887439893676,321500
2009-11-27,65.4638900756836,65.70188422730644,64.52044082020127,64.52044082020127,185600
2009-11-30,66.75584411621094,67.23181953372016,66.38185972549442,67.19782036322968,491800
2009-12-01,69.2292251586914,69.33122267218509,67.8522943922603,68.05628293456883,635500
2009-12-02,69.67970275878906,70.00268512745325,69.03373153678245,69.03373153678245,460600
2009-12-03,71.8980941772461,72.74805395133158,71.74510764320202,72.38257747376615,689800
2009-12-04,71.651611328125,72.84154982042917,71.20112720212022,72.0850861426022,742900
2009-12-07,70.461669921875,71.35412383632934,70.2406785543859,71.3456289071527,596300
2009-12-08,71.0566177368164,71.39660285687977,70.54664329905977,71.32860453593173,572500
2009-12-09,71.41361236572266,71.48161069921174,70.7931454054992,70.98863250843284,565300
2009-12-10,70.90365600585938,71.39663432298406,70.81866130955366,71.17564292484546,243500
2009-12-11,71.68560791015625,71.81310317974342,71.24363165822334,71.39662468479219,399500
2009-12-14,70.96312713623047,71.2011147932149,70.61464706269679,71.11612012781721,352200
2009-12-15,70.70816802978516,70.89516025028895,69.84120527739114,70.4956780491544,327400
2009-12-16,71.50711822509766,71.82160569695333,71.30312968143178,71.60911573927004,277000
2009-12-17,70.6401596069336,70.86115097098825,70.3851690726645,70.5636598527814,186000
2009-12-18,70.47866821289062,70.6996595864878,70.12168663724216,70.34267801083932,259600
2009-12-21,70.00267791748047,70.45315549845215,69.84968491972805,70.35115800505801,245700
2009-12-22,70.89514923095703,71.0141430828405,70.21517880475555,70.47016933575075,340500
2009-12-23,71.18412780761719,71.50711017243925,70.810143449113,71.0736353765492,202300
2009-12-24,72.17008972167969,72.21258382086722,71.82160309107722,71.84710084752548,156400
2009-12-28,71.86409759521484,72.1530807900851,71.54110874838561,71.68560034582073,131100
2009-12-29,72.29756927490234,72.30607068752607,71.9065885950223,71.9065885950223,151500
2009-12-30,71.74512481689453,71.84711586400427,71.31164341263815,71.31164341263815,106700
2009-12-31,71.5326156616211,72.38257541149011,71.5326156616211,72.38257541149011,223400
2010-01-04,72.3145751953125,72.39106845816666,72.00008776155211,72.03408692882442,258800
2010-01-05,71.20112609863281,71.31162501740455,70.55516135130138,70.69115154059493,466000
2010-01-06,72.110595703125,72.30608933582324,71.56662187911184,71.69411716263856,390000
2010-01-07,71.21812438964844,71.26061848404964,70.64015153143316,70.64015153143316,377700
2010-01-08,72.8925552368164,73.00304767780715,71.82160405880931,71.82160405880931,351900
2010-01-11,73.26651763916016,73.52150812247321,72.54405324934301,73.20702072434409,326900
2010-01-12,76.0714111328125,76.1309080664901,75.26395182080525,76.0119141991349,906700
2010-01-13,75.80792236328125,76.13090477719355,75.30644267136887,75.63792649963335,293400
2010-01-14,77.2868423461914,77.59282838296029,76.08839595473354,76.08839595473354,558800
2010-01-15,77.46533203125,78.09430043813188,76.9298597167709,78.09430043813188,596400
2010-01-19,78.00930786132812,78.1708022952266,77.31234109852002,77.31234109852002,275600
2010-01-20,75.96090698242188,77.11685278844237,75.54442202613676,77.10835137503207,415000
2010-01-21,76.85335540771484,77.7713134506684,76.19038787158549,77.49082519009737,553800
2010-01-22,74.94095611572266,76.30939195095372,74.80496591593386,76.30939195095372,528600
2010-01-25,74.54996490478516,75.21293243675782,74.15898421886995,75.11943635048702,331800
2010-01-26,73.75951385498047,74.23548929013691,73.38552945039815,73.73401609733693,299800
2010-01-27,67.80128479003906,70.2406715489467,66.97682929929732,69.21222105409328,3481200
2010-01-28,66.01637268066406,67.7417899474941,65.1324137564171,66.43285762999969,4039700
2010-01-29,65.44690704345703,66.2118721889527,65.03042854161785,66.2118721889527,2530400
2010-02-01,67.9457778930664,68.49824648918319,66.95132015376538,67.13831231815836,2984200
2010-02-02,66.44985961914062,68.66825528921906,65.1579235337088,68.41326474692175,3520900
2010-02-03,62.463539123535156,64.8009283953126,61.11210625722572,64.34194936014765,18582700
2010-02-04,61.010108947753906,62.31904772225641,60.34714138975301,61.57108548740277,11087400
2010-02-05,63.50048828125,63.58548295414365,61.26509660922551,62.12355123553258,7523700
2010-02-08,61.919559478759766,63.06700371438691,61.54558164069044,62.83751746113249,3695200
2010-02-09,63.407005310058594,64.20596966679904,63.024525960590495,63.74699055662979,4545800
2010-02-10,64.33345794677734,64.69894091226598,63.746983622354556,64.44395038390516,3013000
2010-02-11,64.59693908691406,64.59693908691406,63.70447878197362,64.55443850680143,2186600
2010-02-12,65.48939514160156,65.5148928941431,64.46943964719631,64.81792622440446,2364900
2010-02-16,64.60545349121094,65.42991562763132,64.42696269126623,65.2259205836836,1977600
2010-02-17,63.024513244628906,63.73847628216642,61.83456836405515,63.73847628216642,4396900
2010-02-18,62.421051025390625,62.89702644773573,61.61358530856513,61.96207194612407,3126600
2010-02-19,62.34454345703125,62.66753229715708,61.953562768432896,62.42953813113037,1994100
2010-02-22,61.98755645751953,62.43803402664892,61.80906571228019,62.2000463663298,1529100
2010-02-23,60.81462478637695,61.86007168321391,60.551132845283675,61.78357841574322,3823700
2010-02-24,63.17751693725586,63.3900068988492,61.4605944161614,61.55409051803679,5973500
2010-02-25,62.8120231628418,62.982012509067815,61.88556371727969,62.42104247877964,2399500
2010-02-26,63.602481842041016,63.704472849328205,62.98200844744156,63.49198293790993,1691300
2010-03-01,62.591033935546875,63.19450456507926,62.06405656899215,63.109509889100266,2749200
2010-03-02,63.25401306152344,63.70449076285487,62.7780376012003,63.07552226390226,1820400
2010-03-03,65.39590454101562,65.77838383055563,64.81793165780702,65.38740312789659,2881100
2010-03-04,64.10396575927734,65.15792056708632,63.619488938713644,65.05592305787555,3482600
2010-03-05,65.39590454101562,65.56589389532714,64.12096492964471,64.42695095514799,2295200
2010-03-08,66.24586486816406,66.25435979668008,65.88887684546565,65.96537659485755,1191700
2010-03-09,65.16641235351562,65.5913922277157,64.87742915170514,65.3024090259052,2457300
2010-03-10,64.90292358398438,65.09841068468886,64.52893923873694,65.09841068468886,1489000
2010-03-11,65.39590454101562,65.54039614064823,64.5969403094595,64.64793581881732,1042100
2010-03-12,65.43840789794922,65.84639148458324,65.25141569093694,65.82938865593896,839100
2010-03-15,66.37335968017578,66.4668557797826,65.45540799672165,65.7528926387984,1412600
2010-03-16,67.51232147216797,67.57181841138198,66.35637538056993,66.74735619321632,1434400
2010-03-17,67.40181732177734,67.57180669443265,66.90033764849004,67.57180669443265,1174100
2010-03-18,66.9853286743164,67.26581696008104,66.5093532691487,67.12982676632393,943100
2010-03-19,67.622802734375,67.65680190610584,66.72184737988403,67.622802734375,1202600
2010-03-22,68.15827178955078,68.31975972621922,67.01932239660078,67.18081681794725,1248900
2010-03-23,69.99419403076172,69.99419403076172,68.64276094946676,68.79575398552649,2021600
2010-03-24,69.3397216796875,70.08768396531303,68.923236710885,69.58621079856695,1172400
2010-03-25,68.27725982666016,69.15271722330132,68.16676092263683,68.65973907296907,1107600
2010-03-26,69.23844909667969,69.65859389108326,68.93834567210571,69.28132381808912,774000
2010-03-29,69.43568420410156,69.45283017268076,68.90406759342308,69.28134431982497,601100
2010-03-30,69.66718292236328,70.02730709790754,69.48712083459115,69.58144000558111,707700
2010-03-31,68.95550537109375,69.28990733105314,68.82688772300968,69.22131692160492,839400
2010-04-01,69.01551818847656,69.58143315872995,68.3810128166059,68.5267764149689,1513000
2010-04-05,69.67576599121094,70.01016797860325,68.20096412795975,69.45282915236076,2937700
2010-04-06,69.31562805175781,69.7872239039351,69.0669755570809,69.37565528909418,1190600
2010-04-07,68.52677917480469,69.04981944106811,68.23525196633778,69.04124318735884,1010100
2010-04-08,68.14952850341797,68.29529214925023,67.55789112216537,68.03805679867953,760800
2010-04-09,68.52677917480469,68.76686194454564,67.90085003108933,68.14950905453956,579500
2010-04-12,68.20953369140625,68.73257398791614,68.14093674129491,68.50106091673165,865900
2010-04-13,67.76366424560547,67.82368494522119,67.11200626280215,67.72079605546031,1595600
2010-04-14,68.87832641601562,68.90404863268927,68.02088430415216,68.40673063778506,1949600
2010-04-15,68.64681243896484,68.80115227864964,68.22666764162004,68.42388220301441,1064300
2010-04-16,68.05520629882812,68.77545478172073,67.91801237345825,68.57824669120954,1422700
2010-04-19,67.78937530517578,68.04661057075033,67.1720159012085,67.5921672710979,939100
2010-04-20,67.53215026855469,68.11521123282895,67.45497706796291,68.04661428602847,817700
2010-04-21,66.9576644897461,67.48070480376698,66.73473420706851,67.34351744071658,1067600
2010-04-22,66.19453430175781,66.3574504108545,65.50858447636625,66.34887415727974,979900
2010-04-23,66.57182312011719,66.71758674869444,65.302812113332,65.47429796556807,913300
2010-04-26,67.5835952758789,67.99517041837657,67.45497763498808,67.70363666290636,1188000
2010-04-27,66.01448059082031,67.58360156379511,65.88586293796301,67.31779654518478,966500
2010-04-28,65.8858413696289,66.55465163719258,65.58573797238053,66.43461027829322,853900
2010-04-29,66.97480010986328,67.1805843734295,66.33171856217551,66.41746146018112,518400
2010-04-30,66.10022735595703,67.39496713095112,66.03163693997467,67.39496713095112,611000
2010-05-03,66.61470031738281,66.82048465602892,66.22027760924186,66.30602053853056,514500
2010-05-04,65.2427749633789,65.95445357146063,64.7454634506941,65.95445357146063,727600
2010-05-05,64.9683837890625,65.5771734251058,64.22241336313904,64.48821831566221,848100
2010-05-06,64.41962432861328,65.34566339122742,62.16455390076547,64.84834538999787,1448400
2010-05-07,64.2138442993164,65.06271022532601,63.202062265837355,64.41962859070199,1281000
2010-05-10,65.80867767333984,66.5375021112065,65.59431715974591,65.61146312245738,939900
2010-05-11,66.41748046875,67.12915915522899,65.59433663713897,65.8001209596003,1083300
2010-05-12,67.17200469970703,67.36064299076939,66.6918392619217,66.78615840745289,994600
2010-05-13,65.83441925048828,66.51179945767736,65.75725258294598,66.25456414900508,1084300
2010-05-14,64.71974182128906,65.40569167410936,64.39390959006678,65.35424723413321,972700
2010-05-17,65.92015075683594,66.2374067103544,64.9941181978691,65.75724119520386,859300
2010-05-18,64.79691314697266,66.19454171500297,64.54825409957485,66.19454171500297,540800
2010-05-19,64.91696166992188,65.27708589874982,64.30817836639858,65.01985711034393,1335600
2010-05-20,63.450714111328125,64.25671176232296,63.0820137541458,63.82799072103021,1626900
2010-05-21,64.81404876708984,64.92552043295557,62.62757521677876,62.73904034088006,1142800
2010-05-24,63.879451751708984,64.80549101155617,63.75083409754705,63.9480487061641,1099100
2010-05-25,63.527889251708984,63.65650688964439,62.42179457405298,62.721898034725726,1043500
2010-05-26,61.74440002441406,62.70473087415059,61.57290769998733,62.28458612739086,1467000
2010-05-27,63.227779388427734,63.28780007448444,62.20742772546385,62.39605949466766,952500
2010-05-28,62.027366638183594,62.927683579843155,61.864457065877865,62.42179581348783,840700
2010-06-01,61.32426452636719,62.438942025989384,61.324264526367195,61.675818975641796,1022600
2010-06-02,61.77872085571289,61.77872085571289,60.26104430845124,60.912702293672965,1415000
2010-06-03,62.35319137573242,62.773336178543886,62.00163697007905,62.22457375069426,721600
2010-06-04,60.964134216308594,61.46145222239818,60.818370624036774,61.04987712107058,825900
2010-06-07,59.56651306152344,60.724058769436944,59.49791611275809,60.30391390633813,849700
2010-06-08,60.34678649902344,60.42395970746028,59.41217753547721,59.4979204568116,600100
2010-06-09,59.57508087158203,60.56971032064357,59.3778663072755,59.866608049866976,886200
2010-06-10,60.938411712646484,61.041307122935855,60.29533011730756,60.29533011730756,788900
2010-06-11,60.71548843383789,60.895550535575225,60.183878383498815,60.56114855495364,376500
2010-06-14,60.895545959472656,61.5129054286171,60.809803042483765,61.15278125220459,522800
2010-06-15,62.6275749206543,62.687595609004184,61.735834306767046,61.89875040733006,621500
2010-06-16,62.404640197753906,62.5932785221743,62.087390781014705,62.55040379689162,307000
2010-06-17,62.00164031982422,62.60185375517517,61.735835344345155,62.60185375517517,525100
2010-06-18,61.26424026489258,61.75298203880647,61.23851804654415,61.42715637011874,1035200
2010-06-21,61.615806579589844,62.224589851075805,61.461466697962,61.95020856615585,568300
2010-06-22,61.10991668701172,62.07883078126132,60.98130556101959,61.650109583243996,367300
2010-06-23,60.749786376953125,61.298548932208845,60.4668288445278,61.18708378690448,493500
2010-06-24,60.389652252197266,60.80122737188354,60.166715456460345,60.7326304283084,409100
2010-06-25,60.02095031738281,60.26103307197004,59.74656909188821,60.1752901655838,446600
2010-06-28,59.54935836791992,59.84946837231264,59.45503920227047,59.635107821612046,508300
2010-06-29,58.717647552490234,59.31785450459083,58.34894712712411,59.180660605959176,1016800
2010-06-30,58.79481506347656,59.89234010132363,58.59760046678596,59.17209174839846,1090300
2010-07-01,58.906288146972656,59.25784265839024,58.477566962375285,58.68335784105363,807100
2010-07-02,58.529014587402344,59.3607346843784,58.323223720557344,59.13779784951252,710300
2010-07-06,60.04667663574219,60.73263301720524,59.523636366773715,60.1924402407295,827100
2010-07-07,60.878395080566406,60.98986020948144,60.04667511517772,60.11527205993992,631000
2010-07-08,61.05845260620117,61.05845260620117,60.338204365141145,60.844092076109845,371600
2010-07-09,60.938411712646484,60.98128643570813,60.29533011730756,60.406795238797834,309000
2010-07-12,60.938411712646484,61.289966124811954,60.57828758928011,60.706905216700754,398700
2010-07-13,61.495765686035156,61.85588989889656,60.93842685655008,60.98987130359717,964400
2010-07-14,62.88481521606445,62.88481521606445,62.0359491697584,62.62758645082066,858900
2010-07-15,62.07881546020508,62.16455837029392,61.53862269729242,62.16455837029392,683700
2010-07-16,60.66403579711914,61.735838549718416,60.02095414555957,61.641519384148495,491200
2010-07-19,61.06703186035156,61.30711461917088,60.535415364562674,60.77549812338199,465700
2010-07-20,60.18386459350586,60.20101055755733,59.56650521942507,60.106691400863646,987600
2010-07-21,59.30928039550781,60.02095905142699,59.08635011481644,59.8494732137005,884300
2010-07-22,60.655460357666016,60.869820911063535,60.23531550470108,60.415377584543194,486300
2010-07-23,61.144195556640625,61.49574996630605,60.57828715848419,60.88696684539287,1010800
2010-07-26,60.79265213012695,61.64151806026015,60.501118385963565,60.801228383657715,664900
2010-07-27,59.93519973754883,60.415365185248135,59.82372808593035,60.415365185248135,798100
2010-07-28,59.832313537597656,60.10669477015134,58.906274424567236,59.99522964315799,863800
2010-07-29,59.995243072509766,60.578304139919474,59.8580491546411,60.3982420290414,826200
2010-07-30,60.218170166015625,60.329635299907935,59.92663640864073,60.02095557645923,897400
2010-08-02,61.77013397216797,61.77871022545936,61.17849678858764,61.27281594949942,1470900
2010-08-03,62.396080017089844,62.53327393992281,61.7787269896404,62.34463556691063,1090900
2010-08-04,63.66508865356445,64.02521283754072,62.82479234918778,63.23636751785022,1936300
2010-08-05,61.941619873046875,62.09595972368276,61.66723864322359,61.99307085110186,1235200
2010-08-06,62.181705474853516,62.28460089390413,61.56435258584433,62.28460089390413,896400
2010-08-09,61.795867919921875,61.92448557664799,61.39286898167076,61.778721951849086,784000
2010-08-10,61.62437438964844,61.9502000765381,61.01559120158976,61.461458275321135,726700
2010-08-11,59.86661148071289,60.87839349340055,59.81516704436481,60.87839349340055,850800
2010-08-12,60.14958953857422,60.38109612309291,59.87520821459028,60.02097186194526,655400
2010-08-13,59.90950393676758,60.295350407105204,59.67799082115182,60.17530899225499,397300
2010-08-16,60.43252944946289,60.46682138088863,59.892336673916915,60.0123780592016,484300
2010-08-17,60.57830047607422,60.81838327605784,60.449682821292804,60.758362576061934,409900
2010-08-18,60.56114959716797,60.818384913657134,60.50970515057647,60.681191000392026,431900
2010-08-19,61.10134506225586,61.67582987960886,60.64690165325225,61.19566424621126,728000
2010-08-20,60.389652252197266,60.62115875955764,60.01237560429857,60.31247905523408,374700
2010-08-23,59.986663818359375,60.612599589252895,59.93521937261346,60.4754056782428,336100
2010-08-24,59.81516647338867,60.01237450535019,59.334994418920175,59.79801396692668,592100
2010-08-25,59.21495819091797,59.30070764715694,58.606174993858524,59.069194582135786,719400
2010-08-26,58.923439025878906,59.50650008245428,58.69192592921898,59.20639656990062,551000
2010-08-27,59.472190856933594,59.557933767631376,58.74336630335526,59.34357322000453,418400
2010-08-30,58.52043151855469,59.00059706841906,58.52043151855469,58.94057637468602,443100
2010-08-31,58.16886901855469,58.69190922374644,58.0145357203972,58.3746598329595,525600
2010-09-01,59.01774215698242,59.06918659035358,58.30606363378198,58.52042416184735,634700
2010-09-02,58.49470138549805,58.49470138549805,57.9287864567732,58.160299488256676,605200
2010-09-03,59.77229690551758,59.969511496257155,59.26640913124243,59.515068162277096,609700
2010-09-07,59.36929702758789,59.858038827583826,59.30927633431698,59.703698967492215,343100
2010-09-08,59.26641082763672,59.369299711171905,59.03489775615209,59.189237623220095,673300
2010-09-09,60.62115478515625,60.68975172423409,60.26103066764384,60.492543701590506,1654600
2010-09-10,60.53541946411133,60.706911833284956,60.38965585663749,60.56971793794605,856700
2010-09-13,60.26961135864258,60.449673430658315,59.995230123890316,60.449673430658315,972200
2010-09-14,59.84946823120117,60.13241918571754,59.309275457979815,59.523636008175,996700
2010-09-15,61.06703186035156,61.06703186035156,60.381075513641036,60.535415364562674,669700
2010-09-16,61.50432205200195,61.59006494994171,61.015580337805126,61.367128181887296,396800
2010-09-17,61.31570053100586,61.70154694820664,61.16993036867693,61.650102503717356,254500
2010-09-20,61.89017868041992,62.001643812145964,61.20422229902847,61.65009590946238,961900
2010-09-21,61.418582916259766,62.00164387853738,61.18707639880706,62.00164387853738,833400
2010-09-22,61.35000228881836,61.675828024284414,60.92128111710549,61.675828024284414,499500
2010-09-23,60.85267639160156,61.212800559845746,60.62116332504095,60.801231950928134,342000
2010-09-24,62.64472579956055,62.64472579956055,62.04451886897596,62.19885872852127,655600
2010-09-27,62.58940505981445,63.28099672391677,62.50295692624789,63.27235652745898,424500
2010-09-28,63.2377815246582,63.31558287304961,62.48566884568931,62.92656293995179,352800
2010-09-29,63.108097076416016,63.419315617041164,62.85739288560302,63.10809707641602,492100
2010-09-30,61.880516052246094,62.952487353599864,61.768127549424634,62.52888690795972,719700
2010-10-01,62.07071304321289,62.234962527263434,61.837295814744486,62.027485676290546,535400
2010-10-04,61.197566986083984,61.60388045995783,60.96414977550682,61.145699426208914,369300
2010-10-05,62.2695426940918,62.29547647584739,61.62981856036354,61.681686123874705,401900
2010-10-06,61.543365478515625,61.7940696746293,61.47420433567676,61.655747388951575,473400
2010-10-07,61.50878143310547,62.05341056216948,61.32723839008413,62.05341056216948,278500
2010-10-08,61.43961715698242,61.50877829238363,60.95550240031175,61.07653108947942,345600
2010-10-11,61.26673126220703,61.56065624395376,61.17163633386074,61.38775997181686,194300
2010-10-12,60.55784225463867,60.765319087507145,60.212043136144814,60.49732790356997,478900
2010-10-13,60.77396774291992,61.14570065247554,60.45410239427957,60.55784411167991,483100
2010-10-14,62.56345748901367,62.606678248485295,61.621155232802664,61.94102051162078,1073500
2010-10-15,61.820003509521484,62.26089095548145,61.43097702738259,61.8978048486075,995200
2010-10-18,62.74501037597656,62.81417151669006,62.243601999157804,62.252248790639335,352200
2010-10-19,61.68167495727539,62.2435976440087,61.405037009347,61.89779856020598,533400
2010-10-20,61.97561264038086,62.053413979287505,61.45691066539151,61.45691066539151,612300
2010-10-21,61.91509246826172,62.217664194845355,61.57794017355867,61.776770195784074,440200
2010-10-22,61.984249114990234,62.355981990443176,61.776772294793226,61.95831533691175,418200
2010-10-25,61.69033432006836,62.22632333897061,61.46556388045512,61.98425931408005,450900
2010-10-26,61.26673126220703,61.491495096871,61.01602705070953,61.33588581371979,362900
2010-10-27,61.301307678222656,61.70761454974516,60.76531871803766,61.413689587932765,1345900
2010-10-28,61.49148178100586,61.54335592786968,60.964139690942254,61.34451932195694,534300
2010-10-29,61.223506927490234,61.405050000892956,61.05925084392906,61.30131487070302,237100
2010-11-01,60.19474792480469,60.60106138337927,59.93540353962497,60.60106138337927,695700
2010-11-02,60.71344757080078,61.162981778642845,60.68750719725965,60.817182682688625,534900
2010-11-03,61.1284065246582,61.1284065246582,60.29849257954785,60.7134528498879,438400
2010-11-04,62.87468719482422,62.95248853309425,61.915097782743366,62.20037595196966,1879800
2010-11-05,62.79688262939453,63.90343458127587,62.546178422238626,63.825633238832594,1018000
2010-11-08,63.7478141784668,63.81697531228502,63.203185089677994,63.62678549206929,900900
2010-11-09,63.19454574584961,64.283810647354,62.909260981908304,63.981238895705424,880900
2010-11-10,64.83709716796875,65.1050883923471,63.9726025390625,64.171439205762,1307400
2010-11-11,65.05321502685547,65.13966316292665,64.7074158870007,65.0618618191336,683200
2010-11-12,65.27798461914062,66.04738423276665,65.0791479727163,65.30391840007208,1116400
2010-11-15,65.40765380859375,66.02144408184037,65.40765380859375,65.93498935965044,619600
2010-11-16,64.77656555175781,65.40764936479425,64.62095629618504,65.38170899255809,835000
2010-11-17,65.5718994140625,65.8571841511447,65.33848882635728,65.56325262323818,665900
2010-11-18,66.81678009033203,67.00696993389784,66.41911341540786,66.87729444096028,989100
2010-11-19,67.83686828613281,67.83686828613281,66.96372720268266,67.46513547599606,957700
2010-11-22,67.83686828613281,68.00976450665631,67.24901190255767,67.74177338617447,647000
2010-11-23,66.93781280517578,67.74179299491176,66.63524103389233,66.9205258163467,627100
2010-11-24,68.23454284667969,68.2691234139406,67.6466863943818,67.83687621653242,654000
2010-11-26,67.74179077148438,67.82823890393225,67.48243977857103,67.50837355874842,313700
2010-11-29,67.64669036865234,67.75907227217618,66.59200608972222,67.22308993706488,540100
2010-11-30,67.1625747680664,67.42191914123396,66.18569183531822,66.5228441373344,552400
2010-12-01,68.79647827148438,68.99530832561992,68.31235683568516,68.3469374093544,1169100
2010-12-02,68.31236267089844,68.70138921123026,67.7245060594471,67.74179964554394,584700
2010-12-03,68.33828735351562,68.51118360134818,67.79365164126183,67.86281277862248,654900
2010-12-06,68.41609191894531,68.55441420020217,68.13080716053008,68.29506322063025,286200
2010-12-07,68.00977325439453,68.67543763972377,67.90603814696475,68.56304914591632,519800
2010-12-08,67.74179077148438,68.11352367702297,67.2317355775734,67.83688569584795,363700
2010-12-09,67.4046401977539,67.7504393321428,67.09342163636089,67.7504393321428,353700
2010-12-10,66.79084777832031,66.98967782236612,66.42775507100373,66.7043996463191,393600
2010-12-13,67.41329193115234,67.6294155815406,67.00697841313118,67.29225661901017,407400
2010-12-14,67.46514129638672,67.84552092903638,67.30953204626356,67.5170088479049,331800
2010-12-15,67.55158996582031,68.00977092948936,67.38733392391305,67.50836260882303,326400
2010-12-16,67.6899185180664,67.80230042290003,67.14528278982291,67.43056754313433,191300
2010-12-17,66.98102569580078,67.21443627018729,66.78218909160088,66.94644513004565,284900
2010-12-20,66.76490783691406,67.11934712408068,66.66981292181761,66.92915729388777,302900
2010-12-21,67.43921661376953,67.54295173079299,66.81677952935077,66.99832257971133,379700
2010-12-22,67.1625747680664,67.33547101684476,67.04154607480773,67.04154607480773,194600
2010-12-23,67.13665008544922,67.47380243314015,66.95510042539718,67.4305750673049,199300
2010-12-27,67.3441390991211,67.43058725084127,66.92053853879241,66.92053853879241,229500
2010-12-28,67.64669036865234,67.90604134056176,67.49108110462053,67.90604134056176,245800
2010-12-29,68.38151550292969,68.3988090869221,68.07894373876026,68.2431998088393,293400
2010-12-30,67.73313903808594,68.37286308621267,67.48243485537847,68.21726041650037,251800
2010-12-31,67.97518920898438,68.17402581400006,67.55158881899092,67.63803693594917,258800
2011-01-03,68.66680908203125,68.94344710124791,68.312363116013,68.312363116013,397100
2011-01-04,69.03851318359375,69.03851318359375,68.39014247871069,68.58033227410058,431400
2011-01-05,69.33244323730469,69.48805248189545,68.03570173090446,68.82239474399341,521100
2011-01-06,70.49087524414062,70.79344696964831,69.92030576555274,70.0845618146436,1073100
2011-01-07,71.28620910644531,71.70980952563285,71.01821794673448,71.42453137956639,686200
2011-01-10,71.55420684814453,71.55420684814453,70.9317763485518,71.05280505088118,416200
2011-01-11,72.08152770996094,72.08152770996094,71.6406403942095,72.0037263938522,388300
2011-01-12,72.9979248046875,73.17082108330948,72.40142143097223,72.76450757342054,591400
2011-01-13,73.81917572021484,74.0698798857536,73.4820234344552,73.71543401860849,903800
2011-01-14,74.31195831298828,74.43298703469841,73.85377721000408,73.9229383640015,537400
2011-01-18,73.63763427734375,73.90562543447936,73.36964312020814,73.75001617649795,399800
2011-01-19,72.61753845214844,73.5079667374015,72.3668342541191,73.49931994558817,574200
2011-01-20,72.06425476074219,72.28902515477363,71.33807602447483,72.15934967377207,774300
2011-01-21,70.8971939086914,71.17383187752097,70.56004159029193,70.73293784747186,607700
2011-01-24,72.1852798461914,72.33224230605558,71.03550075193237,71.25162434428624,390900
2011-01-25,72.49650573730469,72.60024744661493,71.98645057765756,72.11612606540305,306000
2011-01-26,71.13925170898438,71.62336650827952,70.9317748800821,71.21705304648418,886900
2011-01-27,72.21121215820312,72.45326952144178,71.75303120699161,71.77031819197931,476800
2011-01-28,70.33528137207031,71.3640320594088,70.15373829705241,71.23435654994734,828100
2011-01-31,71.04415130615234,71.3553698232751,70.47358182623766,71.0614382924063,648500
2011-02-01,72.00374603271484,72.08154737004371,71.18247231934983,71.41588952247535,578600
2011-02-02,73.48201751708984,73.57711242034566,73.10163790406659,73.49066430708626,950900
2011-02-03,73.20539855957031,73.26591291408363,72.4187053553272,72.99792171489179,385400
2011-02-04,73.26590728759766,73.26590728759766,72.64347020579244,73.26590728759766,464300
2011-02-07,73.59441375732422,73.68950867912567,73.22268086180117,73.24862123684937,327900
2011-02-08,76.56828308105469,77.2080072100793,75.13322553804596,75.13322553804596,2933200
2011-02-09,77.48462677001953,77.48462677001953,76.27433994782217,77.01779902621405,1299900
2011-02-10,76.78439331054688,78.65170440392095,76.55098272165958,78.08978171773511,2106500
2011-02-11,77.84774017333984,77.97740908489325,76.85357007948532,76.86221687211231,891900
2011-02-14,80.23373413085938,80.37205641965744,79.83606744391956,80.06083786543154,1060600
2011-02-15,80.37205505371094,80.83023608532054,80.10406386818147,80.48443696477209,676500
2011-02-16,80.98583984375,81.03770739985013,80.44985091362824,80.56223941260411,446800
2011-02-17,80.78700256347656,80.95990540835514,80.58817253632763,80.908031257107,796200
2011-02-18,80.57089233398438,80.8215965540144,80.40664284853523,80.73514841500376,373500
2011-02-22,78.40101623535156,79.44705389454991,78.10708464596352,78.8419037260782,1023900
2011-02-23,77.95147705078125,78.50475307105155,77.01782129323621,78.21947486366592,998000
2011-02-24,77.89095306396484,78.39236145647075,76.50776318426715,77.00917157677307,1040300
2011-02-25,79.3173828125,79.38654396628164,78.72087940338197,79.11854614427044,558900
2011-02-28,80.6573486328125,80.85617869683601,80.28561569184423,80.75244356623952,763400
2011-03-01,80.25965881347656,81.17602738396661,80.00896123569436,81.02041812449238,993100
2011-03-02,79.1271743774414,79.67181009125964,78.76408829860866,79.4556864830636,643000
2011-03-03,79.69775390625,79.70639410285625,79.10125056192199,79.36060156264806,541400
2011-03-04,78.66034698486328,79.4038127284138,77.9773955880869,79.19633591026944,440400
2011-03-07,76.95729064941406,78.30590643456146,76.82762176239231,78.0811360377754,578000
2011-03-08,77.79585266113281,78.08978419987069,77.03509992978212,77.51921470468082,426600
2011-03-09,77.40682983398438,77.80449646891277,77.2512205772238,77.501924746203,454800
2011-03-10,75.66055297851562,76.49911366822342,75.51359050181223,76.13602757440232,587900
2011-03-11,74.0439453125,74.42431835649272,73.27454583834616,73.74137359719828,1792900
2011-03-14,70.65513610839844,70.86261293494775,69.3583944002188,69.66096614634684,3626600
2011-03-15,70.36121368408203,70.94042347258954,66.87730156486458,66.9983302790133,5117600
2011-03-16,69.51400756835938,71.56285536104737,68.38151526136899,70.98364561517346,2980100
2011-03-17,70.94041442871094,71.48505016851726,70.2315292238252,71.11331728085955,1528000
2011-03-18,70.50817108154297,70.5254646654966,68.97801868013534,69.07311360517099,1465800
2011-03-21,72.40142059326172,72.85960166232188,71.2602880190773,72.18529694969975,1708500
2011-03-22,71.7530517578125,71.95188841774656,71.33809144800551,71.73576476787363,1217500
2011-03-23,71.00958251953125,71.5109909464827,69.98083188416018,70.7675250984016,937200
2011-03-24,70.18830108642578,70.70699639726038,69.33244689820152,69.4016080317978,1509300
2011-03-25,69.81657409667969,70.10185225445905,69.60909067847926,70.0154041279935,1007000
2011-03-28,70.28514862060547,70.87849338411375,70.24151768589249,70.54691425744544,711000
2011-03-29,69.55220794677734,69.8663321168906,69.2991631065668,69.43004928697192,1137200
2011-03-30,70.64289855957031,71.13153308492485,70.03210540287714,70.25896762842252,846200
2011-03-31,70.02336883544922,70.47709988505214,69.97973790540392,70.44220312959021,532800
2011-04-01,70.250244140625,70.67779933432563,69.63072348852731,70.26769251995843,744300
2011-04-04,69.35150909423828,69.98847818330367,69.29042977532589,69.98847818330367,961600
2011-04-05,67.73725128173828,68.34805107114131,67.37950292060074,67.63254769172039,2072100
2011-04-06,67.4929428100586,67.94668061632287,67.11773936367138,67.30970484654112,1959300
2011-04-07,67.37076568603516,67.93793445970192,66.271331549389,67.93793445970192,1641600
2011-04-08,67.95539855957031,68.61855020177713,67.78088812290105,68.54874336425085,1188400
2011-04-11,66.75125885009766,67.28352432251981,66.54184500005908,67.1962691064326,1058500
2011-04-12,67.36205291748047,67.67617702529728,66.86469085629491,66.8821458940327,1038800
2011-04-13,68.04265594482422,68.40040431353185,67.71107681702895,68.35677337867058,723100
2011-04-14,67.95539855957031,68.13863651521697,67.46676401117921,67.85941582225828,713600
2011-04-15,67.74596405029297,68.13861574166356,67.59762955863246,67.83321924202593,513600
2011-04-18,67.40567779541016,67.50166052290085,67.0479227825547,67.17008806429848,825400
2011-04-19,66.419677734375,66.67272248814525,66.18408135869613,66.57673976577911,939400
2011-04-20,67.4144058227539,67.56274034557978,67.11773011995633,67.43185420190868,525200
2011-04-21,67.8855972290039,68.33060083211478,67.77215945565906,67.9903008263729,476700
2011-04-25,69.377685546875,69.3951339279262,68.83669253423658,69.18572006957922,936300
2011-04-26,68.635986328125,68.74941741499117,68.23460045151789,68.73196238184585,776700
2011-04-27,68.31314849853516,68.43530712649427,67.7547071543947,68.13863141777504,714300
2011-04-28,69.36894989013672,69.50856355075437,68.62727062525623,68.83668445903697,503900
2011-04-29,69.5260009765625,69.97101112824174,69.43874578099562,69.4561941572511,558000
2011-05-02,69.94485473632812,70.47711357482649,69.79651353964684,70.47711357482649,692200
2011-05-03,69.53474426269531,70.1280890471144,69.10718239030697,70.09318562954313,640200
2011-05-04,69.5958251953125,69.97974948321948,69.40385972278582,69.62200109481225,455500
2011-05-05,69.42129516601562,69.94483968702812,69.14207452814335,69.41257430590518,687700
2011-05-06,69.0199203491211,69.79650300612833,68.65344448658531,69.74415121352196,598900
2011-05-09,69.24678802490234,69.27296392075668,68.60109151762882,68.98501575206812,484600
2011-05-10,70.69525146484375,70.72143402095197,70.24152034949445,70.35495146404523,714700
2011-05-11,71.07917022705078,71.21878387379573,70.20660490633009,70.67779097837666,966000
2011-05-12,72.97264099121094,73.03372030207619,71.94301356723548,72.29204105381362,1659800
2011-05-13,72.7544937133789,73.2954866063312,72.57125579572049,73.208231406086,1070000
2011-05-16,71.73360443115234,72.41420441307633,71.56781486632356,72.32694920000974,552500
2011-05-17,71.00065612792969,71.16643904372664,70.56437338409684,70.86104245447292,665600
2011-05-18,71.01809692382812,71.0966312710467,70.68652447049969,70.86976240448217,392800
2011-05-19,70.416015625,70.82612237286055,69.99718801745992,70.69523624907498,678900
2011-05-20,69.77032470703125,70.08444876614264,69.54345585164073,70.08444876614264,532700
2011-05-23,69.40385437011719,69.67434752028174,69.08100276784484,69.18571301491458,496500
2011-05-24,69.70924377441406,70.08444713310197,69.5347333710386,69.71797129172639,927200
2011-05-25,71.34967041015625,71.68124952543093,70.33749799962564,70.46838414212112,686000
2011-05-26,71.73360443115234,71.88193895908019,71.29732170867327,71.55909400501913,558500
2011-05-27,71.7772216796875,71.82084594932945,71.48927354004257,71.62015966325797,291900
2011-05-31,72.67597198486328,72.83303402103121,72.28331356587064,72.76322719225756,652700
2011-06-01,71.11408233642578,72.29204433204168,70.99192370915574,72.16988570477164,711200
2011-06-02,70.5992660522461,70.96574190354694,70.32876626539945,70.79122483829987,409900
2011-06-03,70.250244140625,70.67779933432563,69.92739253721668,70.09318209804066,650200
2011-06-06,69.73541259765625,70.1106159182965,69.56962972840438,69.93610553261733,445100
2011-06-07,71.17515563964844,71.46310380410303,71.04426950515587,71.28858673906448,759600
2011-06-08,71.33222198486328,71.92556672759812,71.17515994539977,71.49801154239303,743600
2011-06-09,71.48055267333984,71.672518117629,71.03554913300994,71.18388364645324,308700
2011-06-10,70.38985443115234,70.95702331456823,70.34623015221031,70.94829579592135,1000000
2011-06-13,69.56092071533203,70.03210687057572,69.28170002968537,69.98847593397775,836200
2011-06-14,70.18915557861328,70.3811210117156,69.84012812362224,69.87503153483584,464200
2011-06-15,69.35150909423828,70.09318844021625,69.17699199938399,69.72671252674193,550600
2011-06-16,69.34278106689453,69.58709834075313,68.95885011817593,69.14208807356988,580200
2011-06-17,69.377685546875,69.71798556311879,69.25552690807706,69.46494076642404,375000
2011-06-20,69.91865539550781,69.97973470048677,69.15952784178994,69.23805552370077,460600
2011-06-21,70.4683837890625,70.58181489484589,69.9099424638823,70.06700450266085,403200
2011-06-22,70.416015625,71.03554283377538,70.25895360788627,70.25895360788627,403900
2011-06-23,70.5207290649414,70.59926340564486,69.67433963737193,69.77904987259484,568800
2011-06-24,70.93084716796875,71.26241964678378,70.82613691601055,71.10535759741957,334300
2011-06-27,69.578369140625,69.8663173452065,69.34277939142412,69.51728982363616,623200
2011-06-28,69.87503051757812,70.02336502021771,69.59580988907925,69.64816167656501,241800
2011-06-29,71.1402587890625,71.2536965560881,70.30259677104233,70.8174138389643,431100
2011-06-30,71.91683959960938,72.1088050552333,71.27987057737991,71.31477399268843,532700
2011-07-01,72.8155746459961,72.85920557566595,71.93428844954276,71.93428844954276,624600
2011-07-05,72.94646453857422,73.07735067718635,72.62361960809592,72.85048181406836,293100
2011-07-06,73.53108215332031,73.60088898191928,73.09479946029512,73.49618539616641,331000
2011-07-07,73.85392761230469,74.08079645784674,73.46999674402507,73.73176900096935,421200
2011-07-08,73.64451599121094,73.86265732610366,73.02499539897305,73.58343668372679,473600
2011-07-11,73.03372192382812,73.22568737856608,72.72832536272035,73.01627354482729,504100
2011-07-12,72.98135375976562,73.51361907137023,72.8940985700415,72.92900197736,460400
2011-07-13,73.88883209228516,74.37746654469309,73.61833897143721,73.69686665536915,477500
2011-07-14,73.5398178100586,74.29895217651055,73.21697284206289,73.92374875269816,423000
2011-07-15,73.16460418701172,73.77540393398719,72.80685585072422,73.40892142294375,466700
2011-07-18,72.73705291748047,72.95519426940258,72.37929790489824,72.8504840239075,834100
2011-07-19,73.5049057006836,73.91501249416736,73.05990215031,73.05990215031,443400
2011-07-20,73.58343505859375,73.64451436472892,73.03371464623204,73.59215591865228,246700
2011-07-21,74.57817077636719,74.59561915638662,73.55727078800372,73.58344668660595,612800
2011-07-22,74.17678833007812,74.51708831181972,73.92374355903897,74.36002626969699,204600
2011-07-25,73.40892028808594,73.78412365379411,73.29548918948404,73.29548918948404,228100
2011-07-26,73.38273620605469,73.66195681981641,73.12097062529689,73.48744643264453,344200
2011-07-27,71.69869995117188,72.7632308433767,71.59399635990316,72.62362383596978,416900
2011-07-28,71.05300903320312,71.92557453445473,70.93957791461314,71.53292272175008,493100
2011-07-29,71.48055267333984,71.65506973957788,70.70397003573034,70.82612865352428,366700
2011-08-01,71.34967041015625,71.73360131957084,70.81741163639387,71.62889107414529,481400
2011-08-02,70.93084716796875,72.04772989360482,70.71270580258214,71.02682990131055,709100
2011-08-03,70.9046859741211,71.02684463150027,69.65691683905017,70.73889637175755,604700
2011-08-04,67.54528045654297,68.96755944397316,67.52782542321677,68.6359870393668,1154000
2011-08-05,67.56273651123047,68.40912598083708,65.8874126073272,68.06009850323754,1221000
2011-08-08,64.32551574707031,67.44930115598017,63.79325037516101,66.5243774001085,1192400
2011-08-09,67.37076568603516,67.43184499045189,64.43021824278397,66.62035899911817,1288000
2011-08-10,64.07246398925781,65.81759441886348,63.932850359460105,65.81759441886348,739100
2011-08-11,65.56455993652344,66.26261488012786,63.70599813560876,64.17718422396995,579600
2011-08-12,64.91887664794922,65.47731805358411,64.6571043265562,64.97122844936916,642800
2011-08-15,66.419677734375,66.48947790388597,65.66927099068263,65.9310366049259,316600
2011-08-16,65.80888366699219,66.32370073658635,65.20681804226503,65.64310076080591,252800
2011-08-17,65.16316986083984,65.70416268521872,64.90139763614009,65.49474224260123,224900
2011-08-18,62.44950485229492,63.2348150366893,61.86488763724686,63.2348150366893,875800
2011-08-19,61.690372467041016,63.20864108940843,61.367527522549814,62.571665404326126,1552700
2011-08-22,61.5507698059082,62.52804554084062,61.12321458437678,62.44078366705575,935900
2011-08-23,63.59255599975586,63.59255599975586,62.04811836411501,62.501849386207425,442200
2011-08-24,62.89451599121094,62.99049871833427,62.10047827721716,62.20518852239144,692300
2011-08-25,62.187721252441406,63.50529661881582,61.89977978486228,63.208627634902655,461400
2011-08-26,62.5192985534668,63.060284722450156,61.59437490511032,62.17899865454364,415400
2011-08-29,62.911956787109375,63.13882562906863,62.135374202822454,62.257532812228604,727200
2011-08-30,61.899803161621094,62.22264815931592,61.4809687622898,61.86489974024791,779900
2011-08-31,62.685089111328125,62.99921315768638,62.20518218177444,62.50185119380998,729700
2011-09-01,62.10047912597656,62.97304454291757,62.00449639754139,62.47568252154703,472500
2011-09-02,60.50367736816406,61.27153912651553,60.233184243551285,61.17555640672159,763800
2011-09-06,59.570030212402344,59.753274784029934,59.01158895193762,59.19482686642027,956900
2011-09-07,60.94868850708008,61.070847123791076,60.451326522715206,60.82652989036908,722200
2011-09-08,60.52985382080078,61.201726134509364,60.26808158280574,60.73054010040503,492000
2011-09-09,59.159934997558594,59.884159198272584,58.950514514733484,59.692200408067805,496500
2011-09-12,59.4827766418457,59.543855948345126,58.50550773785487,58.66256976273127,536700
2011-09-13,60.25064468383789,60.32917237590809,59.64857241604977,59.8928896675737,426000
2011-09-14,60.70436096191406,61.27152967581135,59.840523274154805,60.59965074088644,393200
2011-09-15,62.135379791259766,62.16155568746606,61.21046262052788,61.53330754993288,422600
2011-09-16,61.78635787963867,62.43206111096132,61.4460578839817,62.37970265668216,280300
2011-09-19,61.812538146972656,61.96087934457754,60.56477584613892,60.95742766668064,476700
2011-09-20,61.454769134521484,62.2662550610012,61.35005891082772,61.73398974056051,618600
2011-09-21,59.596221923828125,61.3500736565183,59.508960054537454,61.175563232228896,414000
2011-09-22,58.435707092285156,59.35189678664181,57.88598661852534,58.81091048820621,571200
2011-09-23,59.203556060791016,59.2471869899661,58.32226321718622,58.62766640712158,353700
2011-09-26,60.00632095336914,60.03250350794944,58.959245113115415,59.65730011138179,571100
2011-09-27,60.482810974121094,61.45862426073602,60.183909887324795,61.34433559207207,613600
2011-09-28,60.78169631958008,61.95091483438028,60.667414374983856,61.265209752641965,471400
2011-09-29,61.722328186035156,62.337709368715956,60.7289360448265,61.98606393676675,375500
2011-09-30,60.008079528808594,60.98389263778078,59.99928654657021,60.63224712612841,591300
2011-10-03,58.87403106689453,60.737741028308974,58.62788120082703,59.97291918832505,547400
2011-10-04,59.08501434326172,59.08501434326172,57.40591682018793,58.126787142909784,812200
2011-10-05,58.627872467041016,58.87402229643962,57.44106810702948,57.6432664423668,565200
2011-10-06,59.07622146606445,59.18171713802224,58.25864845286346,58.41688860725981,424100
2011-10-07,58.13557052612305,59.076218421253095,58.09161902871642,59.03226692384647,582600
2011-10-10,59.77950668334961,59.858623399267394,58.98830598877162,59.07621568659584,341300
2011-10-11,59.17292785644531,59.524573411218896,58.917984996911485,59.06743888497,363400
2011-10-12,59.60369110107422,60.060825583255074,59.19929439246597,59.55973289580971,500900
2011-10-13,59.51577377319336,59.62126943995385,59.03226705813855,59.36632660892626,508000
2011-10-14,59.304786682128906,59.454233840185196,58.96193416325622,59.19929101975267,421800
2011-10-17,59.181724548339844,59.7355618045343,59.07622886317263,59.35754398320368,320600
2011-10-18,59.88500213623047,60.41246702841707,58.88281682895193,59.04105696731591,374400
2011-10-19,59.19929122924805,59.66522537608191,58.935562132994264,59.577308970250556,348100
2011-10-20,58.71578598022461,59.04984552654774,58.161948828064624,58.909191346493884,664800
2011-10-21,59.4366569519043,59.56852485835957,58.91797830840164,59.07621845473191,437400
2011-10-24,59.80587387084961,60.008072195139874,59.22566454854962,59.22566454854962,369500
2011-10-25,58.302608489990234,59.05864406172129,58.15316131366875,58.72458448398839,518400
2011-10-26,58.80369567871094,59.058638506320776,58.41688494618838,59.058638506320776,633300
2011-10-27,60.88718795776367,61.326743156145,60.04324278172113,60.0696150204912,766900
2011-10-28,61.23883819580078,61.370699399852946,60.59708460539773,60.84323446240255,577700
2011-10-31,58.64545822143555,59.21688136418707,58.63666523881706,59.07622047061353,702300
2011-11-01,57.370750427246094,58.00371103080297,57.26525475762644,57.41470192594389,861500
2011-11-02,57.00151443481445,57.66964020880552,56.87843951685294,57.02789338044621,825400
2011-11-03,57.48503875732422,57.57294847156462,56.711423882094856,57.37075679951982,684800
2011-11-04,57.30042266845703,57.48503506864011,56.96636309294682,57.30921565144123,363100
2011-11-07,57.56416320800781,57.57294948462957,57.02790522249958,57.4147093133799,331800
2011-11-08,56.799320220947266,56.96635333362714,55.849879433734884,55.849879433734884,765600
2011-11-09,56.2718620300293,56.764161737929236,56.08724628602658,56.45647442049178,798800
2011-11-10,56.65866470336914,56.90482125846691,56.30702589596156,56.90482125846691,383000
2011-11-11,56.36856460571289,56.438888344502864,55.97296087800198,56.087246175771334,629800
2011-11-14,56.535587310791016,56.75536490936455,56.30702343737216,56.46526357662831,503500
2011-11-15,56.21031951904297,56.45647271911509,55.91142183959408,56.26306735195988,376500
2011-11-16,55.85867691040039,56.66745688737262,55.77955683843222,56.66745688737262,553000
2011-11-17,56.55317687988281,56.94877389970231,56.157576506523085,56.73778926960394,740000
2011-11-18,55.87626266479492,56.41251723437058,55.761977364735706,56.28944230517157,519400
2011-11-21,53.79276657104492,54.45209940048992,53.62573679485999,54.29385925313991,749300
2011-11-22,54.45209503173828,54.77736828271639,53.98616760944522,53.98616760944522,516100
2011-11-23,53.0894775390625,54.021335788234055,53.07189492830001,54.021335788234055,645900
2011-11-25,54.60154342651367,55.31362065137777,54.45209292576924,54.63670864475233,386000
2011-11-28,56.41250991821289,56.62350123268819,56.175153073277855,56.36855842467367,620500
2011-11-29,56.60593032836914,56.913617693316056,56.34219446865377,56.685053769116365,507600
2011-11-30,57.942169189453125,58.35534543998361,57.55535847048498,57.67843338886939,830900
2011-12-01,57.775142669677734,58.19711195032755,57.58173728809624,57.64327475431937,449900
2011-12-02,58.21469497680664,58.777325127318896,58.117992290898556,58.6190849782948,461200
2011-12-05,59.82346725463867,59.93774919562739,59.410284280715985,59.80588129012946,905700
2011-12-06,58.99709701538086,59.38390772148365,58.75094718679901,59.12896491128679,593900
2011-12-07,60.17509841918945,60.359717487692905,59.40148375602032,59.876204131287544,671400
2011-12-08,59.014678955078125,59.92895457929929,58.90039701720552,59.80587965941183,412900
2011-12-09,59.95532989501953,60.34214063856174,58.4344725753294,58.44326555779548,736400
2011-12-12,58.45204544067383,59.023468511028355,58.1531511403196,59.023468511028355,443700
2011-12-13,57.70481491088867,58.90040577360597,57.370755322542784,58.557553201938035,577300
2011-12-14,57.33558654785156,57.68723208107831,57.05427146268631,57.41470327161022,549300
2011-12-15,57.46745300292969,57.810305544678506,57.32679211037606,57.6081071884028,323100
2011-12-16,55.999332427978516,56.509214709557135,55.82350967953968,56.34218158944724,602100
2011-12-19,55.6564826965332,56.518010518077325,55.62131747437871,56.21911283684445,354600
2011-12-20,56.693824768066406,56.77294818749145,56.21031474478575,56.77294818749145,374700
2011-12-21,56.48284912109375,56.58834479470168,56.12241395345095,56.386146430390006,308000
2011-12-22,56.70261764526367,56.89602299563608,56.31580694451885,56.561956769691115,404000
2011-12-23,57.09822082519531,57.14217903035853,56.75536828757959,57.08064156737828,281000
2011-12-27,56.57954406738281,56.878438374405825,56.49163437161604,56.878438374405825,245100
2011-12-28,56.48284912109375,57.098223782771406,56.30702970549464,56.97514885043587,386100
2011-12-29,57.370750427246094,57.40591565045264,56.73778982368922,56.78174132238701,351000
2011-12-30,58.13557052612305,58.39051335657067,57.7663457539218,57.89821366030234,373100
2012-01-03,59.58610916137695,59.6916048368901,59.17292614946827,59.243256599810366,377100
2012-01-04,60.15752029418945,60.37729787721556,59.841040038065486,59.98170091060039,501600
2012-01-05,60.32455825805664,60.50917063780535,60.10478065734436,60.21906259516591,343700
2012-01-06,60.22785949707031,60.30697621907755,59.97291665880165,60.23664577257298,212000
2012-01-09,60.14874267578125,60.40368554205733,59.97292324728526,60.219073130012156,301700
2012-01-10,60.368507385253906,60.579498702756645,60.166315756496914,60.227853213998586,352800
2012-01-11,60.30697250366211,60.37730294583373,59.65643268127489,59.955326999884115,257900
2012-01-12,59.902587890625,60.05203506332396,59.674017286621414,59.8410504249795,512900
2012-01-13,60.008079528808594,60.175105948856256,59.77950894017252,59.841046401680664,223200
2012-01-17,59.46303176879883,59.797091333493434,59.43665952778092,59.71797461043969,456700
2012-01-18,59.647640228271484,59.80588037102107,59.13775457862502,59.4102833676872,906500
2012-01-19,60.73773956298828,60.91356568242379,60.271812083875346,60.29818432502051,934300
2012-01-20,62.76848220825195,62.786061464662524,61.80146213575309,61.86299959380993,704100
2012-01-23,62.5487060546875,62.93551006834727,62.41683815379165,62.619036496109295,641900
2012-01-24,63.586055755615234,63.64759321428094,62.856392526379054,63.304740700703455,636300
2012-01-25,65.24757385253906,65.39702100830064,64.0695624488725,64.35967048564262,1152600
2012-01-26,65.57283782958984,65.82778063610459,65.3970184423078,65.73107796097557,837900
2012-01-27,64.67615509033203,65.23878523786937,64.52670792456627,64.9574701641007,427000
2012-01-30,64.27175903320312,64.46516438576771,63.70912893869514,64.11351889993027,263100
2012-01-31,64.59703826904297,65.05417274804901,64.34209543585638,64.8256021550058,313200
2012-02-01,66.10911560058594,66.32889325445369,65.85417942433126,65.85417942433126,500500
2012-02-02,67.01459503173828,67.14645623844802,66.73327994562298,66.93547160063173,516300
2012-02-03,67.2255859375,67.48931508258963,67.04975980035891,67.21679295387261,501200
2012-02-06,68.31568145751953,68.64095478233875,68.04315932761347,68.2013994981902,662900
2012-02-07,69.98597717285156,70.32882968097995,69.4497193099677,69.87169523916872,1041100
2012-02-08,71.25190734863281,71.33981705553968,70.89146883110973,71.26069362436701,1049400
2012-02-09,71.10244750976562,71.6474983782348,70.86509065030269,71.5068374933085,701400
2012-02-10,68.91346740722656,69.48489053922137,68.71127576037145,69.39698083593304,707800
2012-02-13,69.37061309814453,69.5903907241702,69.25632444007941,69.27391040612676,377800
2012-02-14,70.3288345336914,70.3288345336914,69.9508167797896,70.21455259212307,573700
2012-02-15,72.57935333251953,73.04528077687407,72.4211131903727,72.87825435972141,954300
2012-02-16,73.53759002685547,73.59912748968978,72.8255060059666,72.97495987891884,1599600
2012-02-17,73.28263854980469,73.66944924604408,73.07165394598303,73.62549104616974,305600
2012-02-21,73.15957641601562,73.39693329838455,72.84309610146985,73.11561820846396,383900
2012-02-22,74.11780548095703,74.16176368960322,73.78374589932133,73.82770410796752,498900
2012-02-23,73.90681457519531,73.94197979771761,73.28264696635554,73.73978144498453,360700
2012-02-24,74.31999969482422,74.63647999955238,74.02989163097664,74.02989163097664,567600
2012-02-27,73.4936294555664,73.71340705962437,72.76396620039473,72.95737156509857,387800
2012-02-28,74.41670227050781,74.55735645735224,73.93318883149128,74.05626376013538,368500
2012-02-29,72.71121978759766,73.78373554000486,72.68484754894503,73.5199997393185,505400
2012-03-01,73.0277099609375,73.30023207338184,72.53541022050106,72.58815470495327,546000
2012-03-02,71.70904541015625,71.7266246695784,71.05850549824014,71.56839121353595,836600
2012-03-05,71.41893768310547,71.60355008982428,71.11125033857411,71.54201262091802,524300
2012-03-06,70.46070861816406,70.61015579495307,70.06510486497557,70.60136281188286,611700
2012-03-07,70.9617919921875,71.04090870815473,70.56618829111126,70.70684917338193,339000
2012-03-08,72.54419708251953,72.57057603203965,72.13980704859716,72.2453027254347,452400
2012-03-09,73.67823791503906,73.79252655559509,73.26505496827768,73.36175764548055,503000
2012-03-12,72.77276611328125,73.12441165468009,72.62331893798802,73.12441165468009,271400
2012-03-13,73.81890106201172,73.83648031882525,73.04527962061526,73.05407260256204,308000
2012-03-14,73.44087982177734,74.02108916808166,73.23868148912176,73.89801425501469,344700
2012-03-15,75.02326965332031,75.10239306786521,74.53976301340109,74.8122850596661,591300
2012-03-16,75.0760269165039,75.47162390005124,75.02327573350571,75.40129346077353,368200
2012-03-19,74.93537902832031,74.97933723725919,74.53978197619452,74.90021380258541,316100
2012-03-20,74.42549133300781,74.60131073407274,73.9331849372816,74.22329298541094,303800
2012-03-21,73.81010437011719,74.04746792118951,73.6606572199337,73.90680704543114,283500
2012-03-22,74.22329711914062,74.4782399598395,73.81011412583833,73.81890710850534,516900
2012-03-23,73.63429260253906,73.63429260253906,72.93979454754137,73.28264708383283,437500
2012-03-26,74.15296936035156,74.36395400244508,73.66946260942552,74.01231516798282,559000
2012-03-27,75.91703796386719,76.23616664436527,75.7042877646041,76.11206179786123,487600
2012-03-28,76.85668182373047,77.2467294457738,76.42231491213157,77.21126995620565,731500
2012-03-29,76.28935241699219,76.38686433387879,75.73974717258432,76.05887585272103,376000
2012-03-30,76.96306610107422,77.25560183968528,76.71485641857026,77.22900891130367,270400
2012-04-02,76.84782409667969,77.10490033057857,75.90816450579261,75.9347641960908,554800
2012-04-03,76.43119049072266,76.91874331257972,76.00568332892075,76.82123815877382,437400
2012-04-04,74.10863494873047,74.33025168408146,73.55016321040014,74.25933270559969,627000
2012-04-05,74.33911895751953,74.40117137348248,73.77178065065644,73.84269962981584,329800
2012-04-09,72.4243392944336,72.71687497953563,72.1584032960543,72.34456052388141,440400
2012-04-10,71.7506332397461,73.0626004678163,71.52901651416072,72.65482650432389,745300
2012-04-11,73.14240264892578,73.21331487721231,72.47755232088771,73.06261709269343,479700
2012-04-12,73.58563995361328,73.67428531589756,72.70803260633828,72.84100403136851,331200
2012-04-13,72.1761474609375,72.60165463179123,71.86588533802698,72.58392150293518,448200
2012-04-16,72.01658630371094,72.55733178322664,71.83929558654826,72.51301248553965,267700
2012-04-17,72.19387817382812,72.65483806055389,71.75064465215817,71.90134242635632,339000
2012-04-18,72.29137420654297,72.54844364100893,71.98997196116083,72.07861729337722,396300
2012-04-19,72.5041275024414,73.34626833984547,72.38888924188046,73.09805869358766,413500
2012-04-20,71.39604949951172,71.96338781070595,71.36059000966131,71.82154985130433,620900
2012-04-23,70.41207885742188,70.50959077509378,69.9511189619603,70.40321229312254,634500
2012-04-24,71.56449127197266,71.87475340135347,71.33400793448669,71.60881056862296,354900
2012-04-25,72.1229476928711,72.15840718053829,71.69744060407052,71.79495250435386,330800
2012-04-26,72.53960418701172,72.69916853503592,71.75064901156067,71.75064901156067,199900
2012-04-27,72.94738006591797,73.12467078451236,72.57506549894532,72.76122278243164,292600
2012-04-30,72.49526977539062,72.73461965145736,72.13182182427587,72.73461965145736,357000
2012-05-01,71.05033111572266,71.4137790673876,70.5095857068498,70.5095857068498,545600
2012-05-02,70.78437805175781,70.99712820636404,70.33227805541478,70.56276133477472,317400
2012-05-03,70.22592163085938,70.76666707894364,70.19046213684649,70.74893395033372,389500
2012-05-04,69.7029037475586,69.88020122067375,69.49015354302746,69.82700859713567,595400
2012-05-07,69.75608825683594,69.89791945562273,69.19760973549609,69.35717406113514,252000
2012-05-08,69.29512023925781,69.40149870859679,68.61254365981625,69.23306782294495,437700
2012-05-09,71.40492248535156,71.79496338237631,69.91565759371198,70.19046021076231,790900
2012-05-10,70.67801666259766,71.25421480021274,70.63369060745505,71.14784308900083,477600
2012-05-11,71.5467529296875,72.33570804257387,71.49356707229951,71.8392886717348,448900
2012-05-14,70.65142059326172,71.09465411458258,70.55390867751458,70.90849684721263,385700
2012-05-15,69.41036987304688,69.97770822071793,69.27739846836003,69.9599750930495,429900
2012-05-16,68.00975036621094,68.87848425215226,67.92110501749133,68.61254820599346,563100
2012-05-17,68.44412231445312,68.9848677733556,68.3820698894909,68.718924944542,881500
2012-05-18,67.4246826171875,68.26683038458239,67.25625847427409,68.12499240822693,365900
2012-05-21,67.99200439453125,68.07178992755163,67.14099703381052,67.16758995708221,566800
2012-05-22,68.4529800415039,69.08237077435282,68.12498483007298,68.63027072901964,282000
2012-05-23,68.47958374023438,68.50617667122421,67.61084300305839,68.41753131352232,241000
2012-05-24,68.43524932861328,68.6923255688228,68.0274753223795,68.47957538365876,358800
2012-05-25,68.0806655883789,68.38206111001196,67.91223470087442,68.27568263950289,199600
2012-05-29,68.30228424072266,68.83416308173828,67.99201538385768,68.33773696867816,435100
2012-05-30,67.67288208007812,68.15157503308627,67.61969622859031,67.8679058864747,489300
2012-05-31,68.16044616699219,68.47070826015423,67.7526721640926,68.16044616699219,294800
2012-06-01,66.31660461425781,67.51334066445698,66.26341875005609,67.23853125193045,574900
2012-06-04,66.1481704711914,66.26340874730192,65.50991314428829,66.24568238297975,584400
2012-06-05,66.493896484375,66.68005375656622,65.98861052751111,66.09498224693068,247500
2012-06-06,68.14273071289062,68.16045707967804,67.37150187509211,67.38922824187954,397300
2012-06-07,68.1072769165039,68.83417975336246,67.97430548324274,68.71893468837237,225500
2012-06-08,67.82359313964844,67.89450536073646,67.07009753033631,67.38921943324888,271200
2012-06-11,67.0080337524414,68.10725764402268,66.99030738918641,68.062931591076,282200
2012-06-12,67.80587005615234,67.87678905095228,67.14988626227183,67.54879377240825,140900
2012-06-13,67.49560546875,67.99202488799479,67.32717455298881,67.74381517837239,259600
2012-06-14,67.39808654785156,67.51333158907372,66.91053374405675,67.22079584887284,223300
2012-06-15,67.81473541259766,67.88565440613357,67.29172305248714,67.38036841280329,179000
2012-06-18,68.12498474121094,68.4175204621159,67.81472265686001,67.84131558363205,407800
2012-06-19,68.16044616699219,68.47957482373211,67.86791043777953,68.00974840220012,215000
2012-06-20,68.59481811523438,68.64801073738641,68.02747974246316,68.42639397417244,271200
2012-06-21,67.60198211669922,69.11784002766002,67.54878949236587,68.9848686116374,299800
2012-06-22,68.0806655883789,68.25795627602115,67.71721088654422,68.24908971267718,188700
2012-06-25,67.4512710571289,67.86791163093113,67.17646845024085,67.80585921120782,396000
2012-06-26,67.63743591308594,67.80586004686407,67.23852169862842,67.76154075406208,515200
2012-06-27,67.61969757080078,67.7260760390939,67.46013324996414,67.59310464452902,415100
2012-06-28,69.17988586425781,69.24193828406383,68.47070955515487,68.8075713454217,341500
2012-06-29,71.3428726196289,71.3605989851806,70.74893454393853,71.15670858369758,797000
2012-07-02,71.07691955566406,71.22761731237081,70.56276710703466,71.21875074926864,270700
2012-07-03,71.69744873046875,71.9102056805864,71.38718663222197,71.4846985435576,174700
2012-07-05,71.46697998046875,71.60881119948928,71.15671108514731,71.4315204849118,235200
2012-07-06,71.04146575927734,71.25421594833568,70.66028467381093,70.9882799028144,162300
2012-07-09,70.33229064941406,70.34115721337861,69.82700471474219,70.20818580673723,158600
2012-07-10,68.7809829711914,69.56994495740484,68.5327732511277,69.56994495740484,284000
2012-07-11,68.57709503173828,68.90509029174562,68.24909977173094,68.70119988402058,179900
2012-07-12,67.2917251586914,67.54879468269218,66.86621794736523,67.44242295226638,397100
2012-07-13,67.85906219482422,67.97430048813796,67.12329284629426,67.12329284629426,166400
2012-07-16,67.57539367675781,67.77041076824912,67.39809618920988,67.54879398121992,159000
2012-07-17,67.2651138305664,67.433544725557,66.84848001976873,67.3094398860502,184500
2012-07-18,67.7969970703125,67.9654211962009,67.2651114759517,67.28284460280707,240300
2012-07-19,68.03633880615234,68.32887452451439,67.92996033678264,67.97428638982156,148000
2012-07-20,66.60026550292969,67.02577265297315,66.58253913814761,66.83961538833123,252700
2012-07-23,65.80244445800781,65.99746150527363,65.3858039107644,65.87335667373807,208200
2012-07-24,64.69436645507812,65.16419289617706,64.32204516457116,65.12873340359512,338600
2012-07-25,64.27771759033203,64.53479380602684,63.86107706017858,64.2599844647223,226400
2012-07-26,65.69607543945312,65.82018028884016,65.30602776240411,65.47445867080384,211800
2012-07-27,67.4512710571289,67.59310902404307,66.51161819754535,66.75982787643862,283800
2012-07-30,66.90167999267578,67.02578485836989,66.63573713006959,66.83076099421974,187500
2012-07-31,67.82359313964844,68.32001250329753,67.78813364750113,68.2934195749887,1462000
2012-08-01,68.00088500976562,68.54163043872497,67.81472774518717,68.32888024537911,1176600
2012-08-02,68.28455352783203,68.42639149749449,67.56651740523412,68.08066990045056,1199500
2012-08-03,71.85701751708984,72.08750084573896,70.7932597533672,71.04146944735535,1725400
2012-08-06,71.58220672607422,71.90133537142033,70.74006582281463,71.19215910104982,1414600
2012-08-07,72.41548919677734,72.69029179421238,72.36229657941107,72.66369886713238,322300
2012-08-08,71.7506332397461,71.93679047765312,71.25420717545497,71.32512615081166,461100
2012-08-09,72.30024719238281,72.52186394494721,72.03431114722947,72.07863043981841,206700
2012-08-10,72.23821258544922,72.29140521816193,71.36061192258406,71.4315309240622,257900
2012-08-13,71.79496765136719,72.15842240423183,71.72405542427775,71.8481602756932,264300
2012-08-14,71.21875762939453,71.47583387854422,71.05033349341878,71.36059559990747,295600
2012-08-15,71.103515625,71.32513236990894,70.95281786163143,71.02373684317182,191400
2012-08-16,72.96509552001953,73.09806692068216,72.35343789810169,72.53072859018093,332100
2012-08-17,73.19557189941406,73.20443846214036,73.027141023643,73.20443846214036,189700
2012-08-20,72.39775848388672,72.71688714590002,72.33570606422893,72.69029421793333,185300
2012-08-21,72.60164642333984,73.3462754341362,72.46867502478156,73.16898474486267,355000
2012-08-22,73.09806823730469,73.30195862375398,72.71688715558285,72.8941846140619,513600
2012-08-23,72.74347686767578,73.25762932972539,72.54845305357378,73.168983986008,275900
2012-08-24,73.11579895019531,73.1601182409466,72.46867508372863,72.54845386500472,150200
2012-08-27,72.32684326171875,72.69029799804828,72.27365740301954,72.69029799804828,136500
2012-08-28,71.70631408691406,71.91020446987574,71.53788319504164,71.626535304368,215300
2012-08-29,71.80382537841797,71.89247072377475,71.52015621535247,71.71518003306119,211200
2012-08-30,71.12125396728516,71.47583537457572,70.93508993628873,71.46697557363824,177100
2012-08-31,70.58050537109375,70.82871505037451,70.03975995700073,70.53617931556225,300000
2012-09-04,69.79154968261719,70.07521885126305,69.49901395029933,69.76494999160118,378900
2012-09-05,69.53446960449219,69.65857443622556,69.15328854610935,69.22420076195264,467800
2012-09-06,71.20101928710938,71.24534533623972,70.35887845927711,70.35887845927711,351700
2012-09-07,72.39775848388672,72.4598109035445,71.55561753664448,71.63539632054456,420500
2012-09-10,72.41548919677734,72.90304197405867,72.36229657941107,72.85872268332741,251700
2012-09-11,72.06977844238281,72.26479552466091,71.90134752797138,71.97226651964012,339500
2012-09-12,72.7523422241211,73.06260430358816,72.50413256054743,72.93849947180134,268000
2012-09-13,73.5235824584961,73.6122278146734,71.99885798470048,72.14955576652264,377900
2012-09-14,73.73633575439453,74.23275518034566,73.621097462858,73.72746918944328,349700
2012-09-17,72.16728973388672,73.39061189503944,72.15842316920386,73.3640189641981,412000
2012-09-18,72.1761474609375,72.3002523101017,71.92793776260909,72.03431624612428,395100
2012-09-19,72.84986877441406,73.30196890292575,72.75235684937806,72.84100220944512,314800
2012-09-20,72.6371078491211,72.73461975978145,72.23819364281789,72.5839152303568,227800
2012-09-21,72.2470703125,72.82327529340068,72.2470703125,72.76122286550105,121300
2012-09-24,71.36058807373047,71.4049141256425,70.96168065934604,71.21875011817674,341100
2012-09-25,71.94975280761719,72.81693466905548,71.89610769997742,72.66495497567605,549500
2012-09-26,70.33159637451172,71.10938566447611,70.21537780873074,71.05574737576775,576400
2012-09-27,71.74412536621094,71.81564762660612,71.21666404245728,71.52062341802959,484400
2012-09-28,70.18855285644531,70.22431398620462,69.78624526220668,69.91140580599522,646300
2012-10-01,68.90118408203125,69.37500714677999,68.73132040948414,68.94588720240844,578400
2012-10-02,68.7044906616211,68.97269570101213,68.45416959591613,68.83859318131661,394500
2012-10-03,68.91905975341797,69.10680739836782,68.59722321244003,68.79389920394365,246400
2012-10-04,70.60872650146484,70.68918391521721,70.34946346703441,70.37628260495187,305900
2012-10-05,69.46440887451172,69.91141281017973,69.36606746300566,69.69685283086594,312500
2012-10-08,69.14256286621094,69.33924568174473,68.99058317083974,69.21408513017568,145500
2012-10-09,67.99822998046875,68.37371843412853,67.75685087951571,68.33795730422102,294400
2012-10-10,66.60357666015625,67.30090160635395,66.39795187873854,67.26514047824922,550800
2012-10-11,66.9164810180664,67.24726635237539,66.86284273386315,66.86284273386315,369600
2012-10-12,66.75556182861328,67.3456102597565,66.62145929237724,67.20256573557451,197600
2012-10-15,68.13233947753906,68.24855804606578,67.7926189397956,68.16810061110239,341100
2012-10-16,69.12467956542969,69.17831784826556,68.61509541627514,68.62403740366042,318700
2012-10-17,69.72367858886719,69.74156256760389,69.41971915773749,69.67898228350428,278900
2012-10-18,70.18855285644531,70.39417082663873,69.92928978124391,70.34947452999316,840400
2012-10-19,69.58062744140625,70.1796110195,69.33924152019719,70.11703074747138,310500
2012-10-22,70.59979248046875,70.75177215963903,70.01868608399312,70.54615419858224,484500
2012-10-23,69.44652557373047,69.59850526143344,69.16044335304444,69.57168611898447,282600
2012-10-24,69.16938781738281,69.64321087291508,69.02634329154901,69.53592747853972,198200
2012-10-25,70.1349105834961,70.4478187763408,69.75048694898307,70.23325198912072,526400
2012-10-26,69.16044616699219,69.39289011223777,68.71344225268678,69.10680787991184,195100
2012-10-31,69.2587890625,69.50911016857347,68.80284315030127,68.80284315030127,290700
2012-11-01,69.77730560302734,69.83988587089267,69.1693800777338,69.37499803468944,186200
2012-11-02,69.55381774902344,70.17962055433334,69.46441150191714,70.14385941963863,157200
2012-11-05,72.7275390625,72.7901193407444,71.1540832971197,71.79777005662703,681000
2012-11-06,72.62919616699219,72.8080018302793,72.36099790316949,72.56661589002637,324900
2012-11-07,71.23453521728516,71.96762127295031,71.05573640204491,71.94974411972132,279800
2012-11-08,70.0455093383789,70.80541459959372,69.96505191082427,70.6534349114984,223400
2012-11-09,70.31371307373047,70.6713175489249,70.13490742576423,70.2690099565544,172600
2012-11-12,69.46440887451172,69.7504911205097,69.45547370673027,69.54487312971612,157700
2012-11-13,69.61640167236328,69.8756647969121,69.1336365598316,69.29455826400883,182100
2012-11-14,68.3111343383789,69.15149697158414,68.09656757094385,68.81177648758523,381000
2012-11-15,71.75306701660156,71.8067053012767,70.94845864278392,71.03785805748852,739400
2012-11-16,73.38909912109375,73.55896279057447,72.73647722809446,73.4069830972172,522300
2012-11-19,74.47978210449219,74.48872409163485,74.07748135266235,74.16688076187589,361900
2012-11-20,74.08643341064453,74.24735509739868,73.71094492772575,73.80928633744988,229000
2012-11-21,75.4810791015625,75.4810791015625,74.95361095085876,75.114532628274,285200
2012-11-23,76.53600311279297,76.60752536891933,76.09794123031014,76.38402343407779,352900
2012-11-26,77.53730773925781,77.63564233263405,77.09030379173024,77.40320519085175,438500
2012-11-27,76.2052230834961,76.70587209039502,76.0979465125978,76.63434982930399,249500
2012-11-28,76.08899688720703,76.1962802680748,74.91784896753512,75.49894852354062,302200
2012-11-29,77.34062194824219,77.46578250309611,76.48237522035586,76.52707152095302,300600
2012-11-30,76.95618438720703,77.08134491944107,76.75055961525828,76.831023854973,273300
2012-12-03,76.58070373535156,76.94724334977715,76.45553638083577,76.54494260845242,334500
2012-12-04,76.4555435180664,76.85785111768466,76.40190523307925,76.43766636331675,244900
2012-12-05,76.2320327758789,76.4823606586648,75.94595058771812,76.04429197934252,252500
2012-12-06,76.58070373535156,76.58070373535156,76.2409764401784,76.40189810085582,170300
2012-12-07,76.97406005859375,77.06345946264923,76.47341793929316,76.64328158151471,252400
2012-12-10,76.81314086914062,76.92936623680785,76.491297547618,76.5270586745358,250300
2012-12-11,76.92936706542969,77.21544926311597,76.64328486774342,76.70586513533924,272900
2012-12-12,77.58199310302734,77.77867590352675,77.09922808927551,77.09922808927551,328700
2012-12-13,76.77738189697266,76.88466528073694,75.99065754491441,76.81314302489409,359600
2012-12-14,76.81314086914062,76.88466312297622,76.58963894145755,76.59858092837139,168000
2012-12-17,77.41213989257812,77.41213989257812,76.75951795273275,76.75951795273275,168100
2012-12-18,79.7901840209961,79.86170627110108,78.40446941334498,78.69055159302775,612500
2012-12-19,81.13119506835938,81.72124339735582,81.00603454173658,81.67654028610319,561500
2012-12-20,82.81193542480469,82.86558052790497,82.08779132996028,82.53479520494825,754700
2012-12-21,81.14907836914062,81.36364513452655,80.62161708422661,80.86299616936371,531400
2012-12-24,81.515625,81.69442381749825,81.18483968481681,81.2653039272074,163600
2012-12-26,80.78254699707031,81.32789231182367,80.59480617373957,80.93452668918496,586400
2012-12-27,82.73148345947266,82.79406373327019,81.63185085332933,81.99839732895653,684600
2012-12-28,82.31128692626953,82.65100738962302,82.13248811834397,82.50796970743004,509000
2012-12-31,83.36622619628906,83.46456759858717,82.28447759174804,82.28447759174804,521400
2013-01-02,85.81580352783203,85.81580352783203,84.73405494972154,84.73405494972154,535700
2013-01-03,85.26152038574219,85.94096135535007,85.03801845135433,85.26152038574219,539800
2013-01-04,87.02271270751953,87.21046034071314,86.1823500452044,86.52207054097111,743800
2013-01-07,85.4045639038086,85.68170413872171,84.38539555912489,85.24364222724074,325500
2013-01-08,83.97415161132812,84.28705297227872,83.32152292642711,84.0099127412565,501000
2013-01-09,85.52078247070312,85.52078247070312,84.93967608378864,85.01119151821472,379000
2013-01-10,86.59358978271484,86.81709171652926,85.86944569979222,86.07506365928836,452000
2013-01-11,85.923095703125,86.26281623340289,85.81581230479262,85.81581230479262,495100
2013-01-14,86.53996276855469,86.74558075482184,86.20023541965286,86.34327994987228,602800
2013-01-15,86.20916748046875,86.33432801962844,85.19894117989753,85.44926225821693,1054800
2013-01-16,84.60890197753906,85.36880728229158,84.21553634276613,84.33176172798827,700400
2013-01-17,86.52207946777344,86.87074198698359,85.45820793335655,85.78899329651892,744600
2013-01-18,85.72640228271484,85.83368566778108,85.34197867881639,85.79792453942567,517600
2013-01-22,84.77875518798828,84.88603175096797,84.17082965506505,84.36751244817812,558400
2013-01-23,84.43902587890625,84.56418641323674,84.16188567013695,84.21552395035357,422400
2013-01-24,85.59230041503906,85.9499048806065,84.9217945998768,84.9217945998768,521900
2013-01-25,85.91414642333984,86.25387374552423,85.75322474986778,86.22704778266382,372900
2013-01-28,84.73406219482422,85.10954385158172,84.49268307854827,85.10954385158172,416500
2013-01-29,85.46713256835938,85.68169250106132,85.09165098094665,85.1721083979334,370400
2013-01-30,85.46713256835938,86.10187720062488,85.42243627694583,85.93202038007377,256800
2013-01-31,85.26152038574219,85.51184146093854,85.02907646417226,85.46713834576587,329700
2013-02-01,87.7289810180664,87.85414156163894,86.88861834275629,86.93331463932472,535000
2013-02-04,87.46077728271484,88.16704420321842,87.28197164545833,88.00612254005637,650500
2013-02-05,88.38162231445312,89.10576653716484,87.79157382132578,88.96272881869517,714500
2013-02-06,91.90400695800781,91.90400695800781,90.7060329280739,90.9652960153039,1104900
2013-02-07,91.90400695800781,92.61920912416176,91.54640246456164,92.36888802497096,682000
2013-02-08,93.37911224365234,93.78141984722383,93.012572591408,93.51321477817618,779500
2013-02-11,94.70223999023438,94.7648202590854,93.94233477683265,93.94233477683265,700100
2013-02-12,93.71883392333984,94.06749639963714,93.56685424305391,93.9602130143388,455300
2013-02-13,93.16455078125,93.79929549232494,92.99468711887144,93.57579354529554,855600
2013-02-14,91.7609634399414,92.52981072203478,91.70732515259394,92.08280680550321,535300
2013-02-15,91.7251968383789,92.17220072825477,91.56427516519408,92.04704018474857,478700
2013-02-19,91.65367889404297,91.80566540751715,90.8311933349262,90.983173027662,753100
2013-02-20,91.71623992919922,92.96785198137093,91.67154363992624,92.78905318280509,602100
2013-02-21,90.3841781616211,91.10832904518129,89.69579522570464,90.97422652446737,608600
2013-02-22,91.49275970458984,91.49275970458984,90.70603525541317,91.21561945490892,694400
2013-02-25,88.88225555419922,91.61792411309187,88.81073329184186,91.30501592046306,697300
2013-02-26,91.60003662109375,91.88611883880361,90.74178996796414,91.41229580516584,845700
2013-02-27,90.84013366699219,91.0099973326818,89.67792079148958,89.83884246931704,434600
2013-02-28,91.7251968383789,92.15432357378448,91.25137380642857,91.98445991299546,538800
2013-03-01,91.80565643310547,92.04703552028185,91.18878891370025,91.48381310304516,925800
2013-03-04,91.58216094970703,91.6000381045305,90.72391428267835,91.19773732398957,244900
2013-03-05,92.35101318359375,92.79801710641706,91.67156531109549,91.8414289844047,2210200
2013-03-06,93.37911224365234,93.53109875383974,92.726490367435,93.18243625652073,606300
2013-03-07,92.31524658203125,92.82483075102981,92.172202061248,92.26160147636845,399000
2013-03-08,92.69966125488281,92.97680146121775,92.08279375485989,92.4582753545532,420600
2013-03-11,93.14667510986328,93.14667510986328,92.7354323392692,92.88741202869213,174300
2013-03-12,91.86824798583984,92.47617359276536,91.67156516878474,92.02916967063597,398500
2013-03-13,92.0380859375,92.30629096399534,91.66260435699625,91.77882971815491,180500
2013-03-14,92.56555938720703,92.65495879432544,92.11855553087752,92.14537467093928,196600
2013-03-15,92.91423034667969,93.1556094500477,92.53874871000134,93.10197116501885,285600
2013-03-18,91.96658325195312,92.63708909036438,91.81459674481896,92.46722542866401,481500
2013-03-19,92.21690368652344,92.97680893385444,91.72519668021263,92.69966870524547,242400
2013-03-20,93.22713470458984,93.54897806657542,92.440410275702,92.440410275702,308800
2013-03-21,92.55662536621094,93.24501518381808,92.30630427644039,93.24501518381808,342100
2013-03-22,92.9678726196289,93.02151772769709,92.62815209864331,92.69073237410747,175500
2013-03-25,92.35993194580078,93.23606248003787,91.63578790208852,93.21817850668796,295500
2013-03-26,93.76551818847656,94.09134487066723,93.34013296977452,93.98273367488507,277800
2013-03-27,93.31298828125,93.40349416468264,92.70659126657938,92.8785572787108,657700
2013-03-28,92.89665222167969,92.93285595473102,92.49841806327099,92.89665222167969,327200
2013-04-01,91.6114501953125,92.21784718350706,91.30372191888978,92.20879452401216,334900
2013-04-02,90.46200561523438,90.83308870394333,90.23573746021361,90.34434866047977,498800
2013-04-03,91.3037109375,92.85138407749695,91.10460078865171,92.76087820890133,559800
2013-04-04,95.60281372070312,95.8381345239158,94.86970714376476,95.24983596846201,1709400
2013-04-05,96.39022064208984,96.58933769565888,94.99640817226167,95.28603109422887,1578300
2013-04-08,98.39044189453125,98.41759296781038,96.99662925656978,97.29530487295209,1075600
2013-04-09,97.31340026855469,97.70258175218218,96.69795064107763,96.978527834957,686500
2013-04-10,98.45379638671875,98.63481504992914,98.10081862490341,98.33613943449895,592600
2013-04-11,102.52661895751953,102.85244563301147,101.20521384253809,101.8206634623389,2010500
2013-04-12,102.36370849609375,102.83435010954253,101.36813002862945,102.50852342489517,580800
2013-04-15,100.54450225830078,102.27319407438664,100.46304904652139,101.63059341811311,567700
2013-04-16,101.82971954345703,102.11934249749882,101.43148539221613,101.80256847044623,327500
2013-04-17,101.0604019165039,102.20078833148874,100.77077207823491,102.03787500004013,646800
2013-04-18,100.05577850341797,100.75268136583543,99.91096357321615,100.75268136583543,312200
2013-04-19,101.60344696044922,101.73015656574015,100.67122333359929,101.0875558802917,372300
2013-04-22,101.57630157470703,101.9926341447051,100.71647845620922,100.96989768097708,773600
2013-04-23,102.21890258789062,102.42706542090582,101.48578907968421,101.56724920510982,705100
2013-04-24,102.89771270751953,103.44075492134024,102.43612371845155,102.67144454299788,622200
2013-04-25,104.84359741210938,105.2508841892406,103.7032110085148,104.33675901051178,544900
2013-04-26,104.51779174804688,104.91601901506489,104.16480706488387,104.40012788527379,387700
2013-04-29,105.47715759277344,105.73057680624237,104.7983531687721,104.95221384764172,172900
2013-04-30,105.25994110107422,105.34139431669851,104.82550323561121,104.9069633563911,334700
2013-05-01,102.92484283447266,103.85706637774439,102.88863910689885,103.42262855201373,632000
2013-05-02,103.52220916748047,103.8480358800189,102.12839643165643,102.35466459841054,461000
2013-05-03,104.01094055175781,104.45443109327867,103.94758574656282,104.03809162467626,437600
2013-05-06,104.11048889160156,104.30960594704113,103.93852290642099,104.08333782134257,241700
2013-05-07,105.06082916259766,106.40938540440371,104.95221796464087,105.45905641146065,560500
2013-05-08,108.33718872070312,108.382445113293,105.49526127599043,106.56324723264498,946500
2013-05-09,106.92527770996094,107.41401774851434,106.038310418078,106.318880717835,1061800
2013-05-10,109.76719665527344,109.85770252833213,108.2376218515062,108.43673891532863,1370800
2013-05-13,112.980224609375,112.99832302475541,111.3963474150608,111.57735918949122,1251400
2013-05-14,112.36475372314453,112.57291653397554,110.87138269761499,111.29676788299395,1332800
2013-05-15,114.58219146728516,114.58219146728516,113.47800177419046,113.68617151352638,807900
2013-05-16,113.24268341064453,114.25636027839538,113.02546102027868,114.0391447931853,571900
2013-05-17,115.23383331298828,115.36959557242321,114.29255706076955,114.32876079029589,605600
2013-05-20,116.43759155273438,116.7362671861504,115.93981264068705,115.98505522519119,667600
2013-05-21,117.40601348876953,117.64132738245853,116.86296442910411,117.37886241681738,513100
2013-05-22,115.7044677734375,118.55545450085454,115.40579908941712,117.65942773332735,917700
2013-05-23,112.82635498046875,113.11597793972791,108.5091547599251,110.8532964126544,1491500
2013-05-24,109.0884017944336,110.20164415541105,108.19238183398976,109.51378703070013,1252400
2013-05-28,111.4868392944336,112.609127346236,111.09765781366625,111.12480888590373,658700
2013-05-29,108.21952819824219,108.97074009746161,107.44116522642665,108.88023422042265,930500
2013-05-30,109.0250473022461,109.65860228123222,108.79877914657021,108.8983376874801,558700
2013-05-31,106.39129638671875,108.1290342765619,106.33698733036601,107.18775785994104,657000
2013-06-03,105.1784896850586,105.3051993010646,102.85245329815366,104.60829641303154,1238900
2013-06-04,107.03389739990234,107.60409070420215,105.97495711312189,107.07914689094778,618800
2013-06-05,103.96568298339844,105.006510858527,103.66700739420163,104.31866071421088,514700
2013-06-06,103.61270904541016,103.6308074582261,101.6215452830321,102.74383331682174,695700
2013-06-07,105.94778442382812,106.38222226120857,102.80718175042165,103.60364996809325,1392700
2013-06-10,109.64955139160156,110.26500106118122,108.97979957343308,110.1292387845529,857200
2013-06-11,108.53630065917969,109.75814724451917,107.9480021091553,108.91642948036873,861800
2013-06-12,107.8212890625,109.81245279097382,107.13343890471685,109.4775734657584,595500
2013-06-13,109.7853012084961,109.8305506921326,107.71268427565376,107.8574922905082,449600
2013-06-14,106.23741912841797,107.93896003293531,105.70342960976603,107.42306892798517,591500
2013-06-17,108.95262908935547,109.41421801485214,108.19237147574255,108.65396040123922,586200
2013-06-18,110.68133544921875,111.26963405408999,110.32835766732728,110.81709772805925,721300
2013-06-19,109.31465911865234,111.4868345726785,109.25130431772953,111.05239671981111,616500
2013-06-20,105.94778442382812,107.83033687721806,105.50430083317791,107.67647620976975,747000
2013-06-21,108.2014389038086,108.39150333315526,106.43654307960725,108.04757130420346,765500
2013-06-24,105.46810913085938,106.49989134398952,104.33676837916792,106.21026838776274,653500
2013-06-25,106.15596771240234,106.60850401935001,105.55861647275653,106.30077573994446,320200
2013-06-26,106.85286712646484,106.88907085846695,105.82108493245032,106.64470429889755,544900
2013-06-27,110.18353271484375,110.4550572478481,108.99788985804659,109.24225641362594,641700
2013-06-28,109.2060546875,110.12017297027805,108.93453016667846,109.79434630735436,466100
2013-07-01,111.34202575683594,111.71310882912239,109.74910298769797,110.77183251727408,604100
2013-07-02,112.65438842773438,113.44179717603261,112.12039199925687,112.86255126032697,620300
2013-07-03,112.69963836669922,112.69963836669922,111.4325422367367,111.78552000224855,170300
2013-07-05,113.37844848632812,114.02105614810134,112.54578330072516,113.96674709327932,335600
2013-07-08,113.0435562133789,113.31507381928265,112.55481623656598,113.0254508965589,324400
2013-07-09,114.22016143798828,114.63650091810742,113.56851495445221,114.63650091810742,454700
2013-07-10,114.73605346679688,114.95327586819467,114.27447140042786,114.6998566383867,290900
2013-07-11,117.01683044433594,117.13449430170299,116.09366633523292,116.32898023965512,346000
2013-07-12,117.37886810302734,117.37886810302734,116.81772750841789,116.95348287475503,297400
2013-07-15,117.33360290527344,117.65038381670256,116.93536878015483,117.65038381670256,241700
2013-07-16,116.67290496826172,117.17069762955272,115.92169309946095,117.0982901687912,636000
2013-07-17,118.4197006225586,119.01705187801832,117.39697793279419,118.39254954824793,634200
2013-07-18,118.38349914550781,118.68217476151081,117.46032122425416,117.68658937483413,480000
2013-07-19,117.98526000976562,118.14816644235594,117.46031626534459,117.65943333427364,359300
2013-07-22,117.93095397949219,118.36538492906229,117.65942945714428,117.65942945714428,301500
2013-07-23,117.18878173828125,117.97620419290428,116.79960719785862,117.97620419290428,315500
2013-07-24,116.23846435546875,117.10734010533014,115.91265148587121,117.08018903286367,300100
2013-07-25,115.4420166015625,115.55967355748703,114.31067581520911,114.83561269215839,302200
2013-07-26,112.6724853515625,112.73584015696883,111.25152165445795,112.73584015696883,616800
2013-07-29,108.83497619628906,109.82150197997612,108.7082665893046,109.35086728334176,650900
2013-07-30,110.95285034179688,111.63165481395777,110.73563484414912,111.33298609412566,437900
2013-07-31,110.3283462524414,110.83518467550685,109.73099504940943,110.60891653590183,363700
2013-08-01,114.25635528564453,114.82655540399367,113.94863393713999,114.2654079444698,622900
2013-08-02,121.5783920288086,122.13048681278997,116.79961027677423,117.49651997695314,1166200
2013-08-05,117.21595001220703,117.63228949382975,115.99411026173084,116.90822863596671,792600
2013-08-06,117.3879165649414,117.68659218808413,116.84488127675557,117.36981124557487,494600
2013-08-07,115.4510498046875,116.7996128471219,115.39674766249605,116.31086594677727,593400
2013-08-08,115.8764419555664,116.28372185676406,115.07092790730913,115.84023822354682,381700
2013-08-09,115.46011352539062,116.50999417089236,115.21574695696155,116.30183133577798,318700
2013-08-12,116.13892364501953,116.30183008545016,115.60492721581377,116.30183008545016,294400
2013-08-13,117.8404541015625,118.15723504736387,116.26563655811398,116.50999622569658,296300
2013-08-14,116.99873352050781,117.63228154948396,116.79055688859967,117.41505916370161,136700
2013-08-15,115.35149383544922,116.71816222573327,114.94421394965833,116.70910266162629,335400
2013-08-16,116.645751953125,117.30645103238706,116.20226144221716,116.39233274983789,282600
2013-08-19,116.0302963256836,116.8720209653261,115.74972604923973,116.64575283137964,196100
2013-08-20,114.73605346679688,115.11618921666495,113.9848484370536,114.30162247431355,299900
2013-08-21,111.19721984863281,112.68153835568478,110.90759689372403,112.41001381445209,437300
2013-08-22,112.92591094970703,113.23363923988266,112.37382298865211,112.50957836136283,184600
2013-08-23,114.95327758789062,115.52347086348861,114.06630336513753,115.52347086348861,204300
2013-08-26,113.30603790283203,114.37402381781096,113.11597349065218,114.28351103616325,182900
2013-08-27,112.26519775390625,113.11596814406042,111.97557481972798,112.79918723357804,330000
2013-08-28,112.14754486083984,112.81729662559906,111.57734472550268,112.05703208020141,173700
2013-08-29,112.12944030761719,113.11597300102989,111.89411950563208,112.0117833592025,239500
2013-08-30,109.32371520996094,109.9844143110213,109.16985453219681,109.69479136840121,396500
2013-09-03,112.50052642822266,113.36939529163543,111.97558266538287,112.22900188740044,575200
2013-09-04,113.89432525634766,114.4735780353886,112.22899509521586,112.4190595002262,410500
2013-09-05,113.71331024169922,114.03008424094466,112.78108665599609,112.92589466772745,315300
2013-09-06,113.63186645507812,114.4645315807764,112.5367225444625,114.00294262635754,307100
2013-09-09,114.76319885253906,114.83559940657081,113.631858197073,113.6952129975729,258300
2013-09-10,115.28813934326172,115.55061121231408,114.79939933590444,114.94421425889426,395400
2013-09-11,115.4510498046875,115.62301579516762,114.31066338773473,114.41926767211761,265600
2013-09-12,113.95770263671875,114.51884327007362,113.59567218945843,114.09345801242948,328200
2013-09-13,114.76319885253906,114.85370472394527,113.88527739907255,114.13869660107208,219300
2013-09-16,115.6230239868164,116.27467735990365,115.38770317872249,115.8492921355186,163700
2013-09-17,114.74510192871094,115.18858556465074,114.12965229091135,114.39212417079781,286600
2013-09-18,118.50115203857422,118.71837444005983,115.23384621847923,115.38770690733111,594200
2013-09-19,117.8404541015625,118.43780535405585,117.45127949816714,118.16628080198501,629500
2013-09-20,117.1616439819336,118.30204428362646,116.97158647185927,118.02146018014004,408000
2013-09-23,117.46031188964844,117.61417256257803,116.60954150142878,117.12543947270228,296300
2013-09-24,118.1662826538086,118.8812977791441,117.59608246655529,118.22058480301126,221600
2013-09-25,118.59371185302734,119.0960229102176,118.27404669294994,118.9133630770528,260900
2013-09-26,120.53905487060547,120.86784813268589,119.42481181222466,119.52527680719511,247500
2013-09-27,118.9681625366211,119.45221737754382,118.60284286137643,118.64851130479508,179600
2013-09-30,116.93147277832031,117.12327465741083,115.57977331899994,116.4382828778572,358500
2013-10-01,116.28302001953125,117.33333144567638,115.74416865183701,116.93147146432763,305700
2013-10-02,116.59355163574219,116.8401431024647,115.1961767642285,116.06382837475209,225000
2013-10-03,116.67575073242188,117.36073557038131,115.89943597633975,117.36073557038131,177000
2013-10-04,116.9132080078125,117.15980645343261,116.00902996593315,116.42002505262461,155400
2013-10-07,114.47465515136719,115.38796820782179,114.40159540255031,114.58425522663097,289600
2013-10-08,112.95857238769531,114.6755986273047,112.79417573947543,114.61166698455398,291200
2013-10-09,116.98626708984375,117.02280741661338,115.05918293428806,116.6026772750711,565200
2013-10-10,119.6440200805664,119.6440200805664,118.48410850288151,118.78550350823518,364200
2013-10-11,120.23766326904297,120.23766326904297,118.63936535429887,119.40655894477544,568300
2013-10-14,119.41569519042969,119.80841315834718,118.63937343312624,118.73071032318057,317100
2013-10-15,118.37451171875,119.09602293753473,118.27404672007852,119.05949654531416,439300
2013-10-16,118.94989776611328,119.13255759061853,117.63472473199346,118.27404108578746,187900
2013-10-17,118.8220443725586,118.83117248692469,118.00005418987928,118.22838247350369,317700
2013-10-18,118.29232025146484,118.63936976362095,117.54339679713127,117.81739352276678,357700
2013-10-21,118.16444396972656,119.64400661489356,117.97264210206933,118.15530192037808,561200
2013-10-22,119.37916564941406,121.04138830337786,118.3379892360811,121.04138830337786,344300
2013-10-23,118.04571533203125,118.39277876120931,117.40639896463868,118.0548434458327,327400
2013-10-24,118.56629943847656,118.73068908790952,117.88131469373863,118.36536946513608,164200
2013-10-25,117.53426361083984,118.18270809960727,117.36073189422407,117.6438567219438,308200
2013-10-28,117.24200439453125,117.81739613753047,117.10501299669937,117.81739613753047,282800
2013-10-29,117.77172088623047,117.81738932821922,117.24199761847504,117.36073278043543,302200
2013-10-30,118.91336822509766,119.16909478980982,118.39278698123812,118.76723477781856,478700
2013-10-31,118.20097351074219,119.09601639955656,118.04571196423723,119.0412198462079,373900
2013-11-01,118.51151275634766,118.86770433771254,117.78087336404757,118.2831844622406,202400
2013-11-04,118.39278411865234,118.73070551326877,118.00919428085882,118.73070551326877,201500
2013-11-05,117.44293212890625,118.00005369606038,117.04107212164065,117.62559196783086,498500
2013-11-06,118.00003814697266,119.05035647047846,117.8630467698439,119.05035647047846,362700
2013-11-07,115.00438690185547,117.13240815310363,114.83999026081428,116.63921822998005,499100
2013-11-08,116.32868957519531,116.5661459591537,115.36057297157929,115.36057297157929,459500
2013-11-11,115.68936920166016,116.0364326406877,115.4701760077658,115.87203600326045,315100
2013-11-12,116.2647476196289,116.30127400774549,115.43362944545991,115.44276452650166,641700
2013-11-13,116.59355163574219,116.66661138675481,115.05918537606368,115.36970847993838,332900
2013-11-14,116.42915344238281,116.84927661918779,115.79896519316249,115.99076010205003,307100
2013-11-15,116.88581085205078,117.19634092211338,116.51134914521438,116.61181414129119,311600
2013-11-18,116.58440399169922,117.45205550873197,116.22821248479922,116.54787063611651,846300
2013-11-19,115.29663848876953,115.7806932946166,114.88565039988728,115.36057012410734,731300
2013-11-20,115.12311553955078,115.75329682111965,114.90391538524132,115.27837708950067,285800
2013-11-21,114.72124481201172,114.89477650924546,114.2645883186809,114.2645883186809,635300
2013-11-22,115.36058044433594,115.7715755380117,114.56600247234341,114.82172903657211,385000
2013-11-25,114.71211242675781,115.53409552767438,114.58424916306248,115.53409552767438,263100
2013-11-26,114.10020446777344,114.48379429276095,113.94494291499649,114.35593101776512,291600
2013-11-27,114.3559341430664,114.78519242143781,114.08194438974125,114.16413922533097,246200
2013-11-29,114.20980834960938,114.61166138382227,114.0636749058766,114.20980834960938,184500
2013-12-02,113.34214782714844,114.66645592714261,113.28735127405405,113.99973433638338,521200
2013-12-03,112.89463806152344,113.32389635322924,111.90825819564962,112.83984150276143,489400
2013-12-04,112.43798065185547,112.87636705473453,111.5246675164935,111.84432572026493,389400
2013-12-05,111.05887603759766,111.80779253102781,110.74835291574854,111.69819941415224,460100
2013-12-06,112.10005187988281,112.4653785263182,111.6799286752913,111.6799286752913,283800
2013-12-09,111.8169174194336,112.27357394618649,111.67078398622037,112.01784740608896,326000
2013-12-10,111.15019226074219,111.36939240353401,110.78487262547326,110.8579323717118,362600
2013-12-11,109.90808868408203,111.25979505899222,109.78022541499904,110.81227361720175,414500
2013-12-12,109.90808868408203,110.50174355798195,109.83502893605286,110.19122046678771,324800
2013-12-13,108.88517761230469,109.59756064159099,108.61118092349061,109.59756064159099,595100
2013-12-16,108.36459350585938,108.81211494406638,108.14540032747593,108.28239170894965,661700
2013-12-17,108.34632873535156,108.78472208196273,107.87140899721317,108.21846546092868,343200
2013-12-18,110.54741668701172,110.59307816046375,108.8577888727181,109.60670532398464,680600
2013-12-19,108.41938781738281,108.8851794088419,108.10886473509366,108.62031779675831,691900
2013-12-20,108.4559326171875,108.5198642566408,107.96274269796515,108.20020605937431,340700
2013-12-23,108.93085479736328,109.09525144076441,108.48333331122598,108.63859487220864,395000
2013-12-24,108.32806396484375,108.33719904660569,107.99927070167145,107.99927070167145,289100
2013-12-26,111.14107513427734,111.38766660926309,109.97203546259095,109.97203546259095,434900
2013-12-27,111.3145980834961,111.86259151773957,110.9218731719021,111.85345643569525,292900
2013-12-30,110.83967590332031,112.2187806046335,110.80314254397136,112.2187806046335,288600
2013-12-31,111.35111999511719,111.35111999511719,110.71180367826553,110.96753020500618,230000
2014-01-02,110.17296600341797,111.05888089975419,109.68891113462229,111.05888089975419,239400
2014-01-03,110.0633544921875,110.77573753614577,109.47883471416915,110.51087592297723,530500
2014-01-06,109.7528305053711,110.49261883407495,109.59756895501101,110.40128195219182,441100
2014-01-07,110.01769256591797,110.13642075759695,109.5884343042716,109.95376092916378,306200
2014-01-08,109.4605712890625,109.7619662779117,109.2779114601983,109.7619662779117,349400
2014-01-09,109.89896392822266,110.05422547856332,109.22310723610603,109.89896392822266,338500
2014-01-10,110.33734893798828,110.41041565537213,109.5975675865473,110.04508903647852,242000
2014-01-13,109.0495834350586,110.05422643212007,108.86691663775824,110.05422643212007,421600
2014-01-14,109.1043701171875,109.36923172328584,108.38285201120071,108.91257522339737,473300
2014-01-15,109.11351776123047,109.63410595232124,108.78472448601251,109.09524759703724,426400
2014-01-16,109.44231414794922,109.44231414794922,108.59293265749213,109.23224906191092,244600
2014-01-17,108.8577880859375,109.57930625431281,108.638587930059,109.03131283264239,407800
2014-01-21,110.01769256591797,110.09075928450156,109.25964103867123,110.05422592520976,550000
2014-01-22,111.14107513427734,111.18673660918711,110.27342349467887,110.77574849486884,371400
2014-01-23,109.01305389404297,109.99943372993766,108.73905717250797,109.96290036919794,435900
2014-01-24,107.66133880615234,108.72078527877359,107.50607726144854,108.67511683949574,591900
2014-01-27,106.8850326538086,108.00841085035181,106.0813196216977,107.66134740737408,673000
2014-01-28,107.61568450927734,108.01753753600532,107.12249459790458,107.34168779139492,564400
2014-01-29,107.04029083251953,108.06320399676052,106.78456428346574,108.00840744139924,542300
2014-01-30,107.0037612915039,107.61567936844705,106.58363115268033,107.25948783303085,329900
2014-01-31,104.81182098388672,105.4876707763414,103.76150944835248,104.9579474672161,566300
2014-02-03,102.9760513305664,104.25469105554892,102.36413323001919,104.0902944199365,553800
2014-02-04,102.73859405517578,102.8938625860172,101.14943112889335,102.15407419796784,561200
2014-02-05,105.63379669189453,105.80732144296745,104.21815859698722,104.83921178489142,709900
2014-02-06,105.90779113769531,106.10872114387176,104.51955822742592,104.64742150989706,439300
2014-02-07,107.20468139648438,107.46041489908387,105.67945030239963,105.85298200858578,610900
2014-02-10,106.8941650390625,107.3234233068462,106.49230504913294,107.31428822488618,385000
2014-02-11,107.68875885009766,107.87141869626073,106.9489704466763,107.57915876158393,366100
2014-02-12,107.36908721923828,108.14540893887566,107.08596238428059,107.35995910509685,466700
2014-02-13,106.0813217163086,106.30051491702577,104.90314693941116,105.01274702378286,419000
2014-02-14,105.18626403808594,105.73425048355563,105.0310024893409,105.12233240224823,621700
2014-02-18,106.20004272460938,106.95809424546307,105.7159879121205,106.41923591048578,387500
2014-02-19,105.23194122314453,106.32791420515736,105.12234113773275,105.86212952021636,279900
2014-02-20,105.33238983154297,105.73424281278687,104.90313160719191,105.4054565437783,242300
2014-02-21,106.25485229492188,106.9215739840003,106.19092065087546,106.30052074125216,315800
2014-02-24,106.09957885742188,106.43750720559444,105.81645403232035,105.98998574733139,328600
2014-02-25,106.37357330322266,106.78456139336065,105.88951849589658,106.17264331496828,298600
2014-02-26,105.56072235107422,105.96257534857264,105.36892744971749,105.94431215378769,231300
2014-02-27,105.96257019042969,105.96257019042969,104.91226582479796,105.2593222530217,227800
2014-02-28,105.30500793457031,105.87125762240004,104.90314792279983,105.1862727667147,307800
2014-03-03,103.75236511230469,104.09942854430818,103.34137701106732,103.97155830176288,456300
2014-03-04,105.2228012084961,105.28673284664968,104.72048318529671,104.87574473966602,286500
2014-03-05,103.44184112548828,103.880227500665,103.0491162233785,103.36877440695022,621900
2014-03-06,104.71134948730469,104.98533923957332,104.61088448773171,104.84834784745203,392200
2014-03-07,104.08116149902344,105.00360969400315,103.9350350243483,104.84834813715267,309000
2014-03-10,103.514892578125,103.93502269202777,103.20436950126887,103.76149099141685,235500
2014-03-11,102.71118927001953,103.59710408224493,102.66552779633294,103.39617408755143,224100
2014-03-12,101.65174865722656,101.96227175997583,100.9850270424622,101.63347849352024,483900
2014-03-13,100.65624237060547,102.09014375085026,100.1721875114439,101.82528209869977,396100
2014-03-14,99.3319320678711,99.94385015628664,99.0853336353285,99.61505689158037,753200
2014-03-17,101.07637023925781,101.20423352990116,100.40052042185339,100.52838371249675,438500
2014-03-18,100.30917358398438,100.71102658624534,99.861645174156,99.96211016672763,319000
2014-03-19,99.25886535644531,100.22697498702291,98.78394562296171,99.74292017173411,513300
2014-03-20,98.28162384033203,98.39122392148143,97.0943140159712,97.31351417827001,668100
2014-03-21,98.06242370605469,99.03053329960234,98.03501846168733,98.31815024261252,413200
2014-03-24,98.58301544189453,99.03967197891568,97.8980306363628,98.91180870599182,362500
2014-03-25,99.05793762207031,99.83425236058294,98.91181114998633,99.47806081034743,349300
2014-03-26,102.80245971679688,104.15108939948888,102.54203663213825,103.18379858790192,858400
2014-03-27,103.779052734375,104.16968735893175,103.52792540716221,104.0766801287035,559000
2014-03-28,104.94166564941406,105.76944209948022,104.69984116296864,105.49041330004341,539400
2014-03-31,105.00677490234375,105.55552257115478,104.6812460228798,105.19278937746677,481000
2014-04-01,105.30439758300781,105.41600342466207,104.92305870136364,105.05327024729164,539200
2014-04-02,105.5090103149414,105.574116083315,104.82074122528154,105.43460169508684,351100
2014-04-03,104.96955871582031,105.64851785962509,104.67193133168742,105.03466448434949,453200
2014-04-04,103.48143768310547,104.72775032801475,103.26751464166703,104.37431997259219,598400
2014-04-07,103.60234069824219,103.94647527783388,103.09079025506496,103.7139536392983,401800
2014-04-08,101.47244262695312,101.69566141524415,101.0353008068851,101.47244262695312,611900
2014-04-09,100.19823455810547,100.29124180077899,99.21233791697237,99.42626096151946,1117600
2014-04-10,96.16165161132812,97.91951469214746,96.15234875858376,97.7241973605006,1535400
2014-04-11,97.55677032470703,98.41244818331332,96.77550108754392,97.00802270755628,912300
2014-04-14,99.81688690185547,100.17031723147991,99.26813925091247,99.68667535430977,497400
2014-04-15,99.38904571533203,99.4913557998211,98.28224049003967,99.17512269431028,488000
2014-04-16,100.88648223876953,100.91438369798091,100.17031167102567,100.44934045513308,372700
2014-04-17,100.46794128417969,101.02599886473439,100.16101813007089,100.95159024119418,393100
2014-04-21,101.04459381103516,101.31431973959661,100.85857935492218,101.28641828077933,377000
2014-04-22,100.83998107910156,101.03529840120531,100.64466375699782,100.86788253997393,343900
2014-04-23,100.58885955810547,100.9050855719735,100.56095809758736,100.70976825234965,276800
2014-04-24,99.55646514892578,99.83548685628654,99.12862618750816,99.83548685628654,459600
2014-04-25,99.04490661621094,99.72387286437919,98.91469507754799,99.3425340040115,436500
2014-04-28,99.58436584472656,99.94709902870589,98.91470239861172,99.89129610686206,392800
2014-04-29,99.98429870605469,100.44003910397525,99.87268577154487,100.27262325020897,296500
2014-04-30,100.83998107910156,100.91438970542599,100.14241617330369,100.44934643489408,467700
2014-05-01,102.05839538574219,102.44903001507029,101.72356367603325,102.32811422789952,340900
2014-05-02,102.2444076538086,102.4769292752267,102.00258318065467,102.30021057222997,420500
2014-05-05,101.7886734008789,102.24441381946185,101.76077193998567,102.1048994189985,274800
2014-05-06,101.37944030761719,101.90958939052354,101.11901719264532,101.84448361178056,429400
2014-05-07,101.40733337402344,101.50964346014797,100.98879727333008,101.3794319134435,319000
2014-05-08,100.58885955810547,101.01669851004303,100.01220335540854,100.91438842414523,366500
2014-05-09,101.25852966308594,101.73286871512641,100.94229653239474,101.34223405015277,371700
2014-05-12,101.57475280761719,101.67706289734171,101.00739943587116,101.25852678192129,346200
2014-05-13,103.59303283691406,103.74185008445995,102.39322038856376,102.50483332422318,564200
2014-05-14,102.70945739746094,103.64884679432618,102.6908587888089,103.30471221828716,699500
2014-05-15,101.84447479248047,102.92337857078991,101.37943152858786,102.62574406974144,257900
2014-05-16,101.94677734375,101.9560801952195,101.34221972617057,101.7235585804579,237400
2014-05-19,101.0167007446289,101.18411660743804,100.27262866636666,100.5516574697143,358900
2014-05-20,100.14241790771484,100.7097712752698,100.10521359390827,100.60746118630105,333200
2014-05-21,100.50514221191406,100.65395945398377,100.06800043333011,100.26332483754578,307000
2014-05-22,101.83517456054688,102.21651345282928,101.25852543992096,101.28642690111289,547100
2014-05-23,101.97469329833984,102.0584047814722,101.73286879773228,101.85378459603484,175600
2014-05-27,102.41181945800781,102.467622374224,101.87236761459639,102.24440361336276,296400
2014-05-28,102.22581481933594,103.0535912706517,101.84447593259644,102.8210696361024,259100
2014-05-29,103.69534301757812,103.89996318514663,103.30470838640022,103.50932855396873,348500
2014-05-30,105.20208740234375,105.4625104939642,105.00677008362841,105.42530618144743,449700
2014-06-02,105.98335266113281,106.20657852777474,105.35089356430758,106.1414727573367,660400
2014-06-03,106.88552856445312,106.98783863726182,106.17866800177003,106.17866800177003,593400
2014-06-04,106.47631072998047,106.64372659181996,105.46251270661995,106.50421219095418,558100
2014-06-05,106.57861328125,106.77393769925347,105.86244976722692,106.21588009809587,318500
2014-06-06,107.0994644165039,107.38778896757525,106.51350536626596,106.60651969525404,370900
2014-06-09,107.02505493164062,107.24827370822472,106.80183615505653,106.9599491594704,220200
2014-06-10,105.9089584350586,106.14148007350704,105.4532109145816,105.73223971911865,348900
2014-06-11,106.08566284179688,106.46700170900222,105.82523975980142,106.08566284179688,207000
2014-06-12,106.27168273925781,107.22967067421997,106.13216834865241,106.75532458456028,292400
2014-06-13,106.25308227539062,106.364695212578,106.02986349701293,106.14147643420029,185200
2014-06-16,106.47631072998047,106.64372659181996,105.93685883116467,106.28098631117008,225200
2014-06-17,106.69022369384766,107.18316841333117,106.5042092285321,107.08085832860851,222000
2014-06-18,107.93655395507812,108.09466697577702,106.62512842858115,106.81114291222718,360700
2014-06-19,109.51769256591797,109.81531998162028,108.84802910658846,109.28517092565063,660300
2014-06-20,109.95484161376953,110.14085609981367,109.48979830266138,109.94553876066799,513600
2014-06-23,109.02474212646484,109.08984789849748,108.54109316622493,108.91312919041017,233800
2014-06-24,108.40159606933594,109.18286540726383,108.3550889009365,109.06195670382193,219600
2014-06-25,109.25727081298828,109.30377088401741,108.47599440212633,108.73642460307859,208600
2014-06-26,109.4246826171875,109.75021148629487,109.08985089582072,109.75021148629487,195600
2014-06-27,110.5314712524414,110.62448557503005,110.18734380445095,110.41056256747132,353200
2014-06-30,111.29415893554688,111.49877201399067,111.0895387611059,111.37786331818336,505000
2014-07-01,113.7123794555664,113.73097806365142,112.86599731976018,112.94040594409421,501000
2014-07-02,113.35894775390625,113.79608957391449,113.1264261131357,113.78678672140441,223500
2014-07-03,113.21944427490234,113.37755729293376,112.5869851067791,112.86600682754084,195900
2014-07-07,112.68929290771484,113.28454774842929,112.41026409663107,112.77299729344152,328700
2014-07-08,111.889404296875,112.4846590653002,111.26624097393274,112.4846590653002,343400
2014-07-09,111.64759063720703,111.88011227538117,110.68029977088301,111.4243718514391,292300
2014-07-10,109.79672241210938,110.11294843978803,108.45739548077061,109.26657335112067,466700
2014-07-11,110.23384857177734,110.49427875173906,109.86181964954,110.13154558535986,347300
2014-07-14,110.68029022216797,111.13603060679196,110.57798014251817,111.02442477153518,166800
2014-07-15,110.41056060791016,110.76399090108613,110.0571303147342,110.68028652743777,187700
2014-07-16,110.81981658935547,111.16394407991844,110.78261227491672,111.0523382325996,181200
2014-07-17,110.1036376953125,111.12673852563981,109.93622184089502,110.86630834410394,244700
2014-07-18,110.58728790283203,110.67099228299004,110.07573748187649,110.53147788672972,208000
2014-07-21,110.36406707763672,110.68029308035926,109.77810804342037,110.39196853717144,143900
2014-07-22,110.84770965576172,111.07092842949059,110.41987071611602,110.41987071611602,117700
2014-07-23,111.08023834228516,111.2848585212088,110.72680800341533,111.04303402829929,171200
2014-07-24,111.03373718261719,111.60109058359971,111.02444142561582,111.24766022560965,152600
2014-07-25,111.26625061035156,111.61038518590041,110.97792605267375,111.53597655940382,140200
2014-07-28,112.14983367919922,112.3172495357353,111.37786016872742,111.57317748535337,172800
2014-07-29,112.14983367919922,112.96830725782178,112.07542505496163,112.1591294352312,399200
2014-07-30,111.64759063720703,112.09402820874288,111.18254736085879,112.09402820874288,293100
2014-07-31,109.74090576171875,111.3406557006005,109.69440569363313,110.96861967593081,290900
2014-08-01,109.3688735961914,109.82462111309162,109.08985188984143,109.48048653632972,206900
2014-08-04,109.86183166503906,110.05714899937442,109.39678836538414,109.68511294045095,131300
2014-08-05,110.70819854736328,111.44296775769459,110.2245566739285,110.68959993899918,360300
2014-08-06,108.45738983154297,108.59690422895676,107.35988745241659,108.01094517901825,429300
2014-08-07,108.52249908447266,109.8246216754315,108.28997744665848,109.24796545909334,260400
2014-08-08,109.40607452392578,109.43398308009462,108.02955045147006,108.48529085826988,254400
2014-08-11,108.5969009399414,109.00613417169806,108.35507646481464,108.56899948050308,264800
2014-08-12,109.04334259033203,109.33167423938124,108.66201080364989,108.88522958356133,242500
2014-08-13,109.68511199951172,110.05714805524364,109.53629473881992,109.61070336916582,217800
2014-08-14,109.50838470458984,109.55489186891504,109.05264429739036,109.257264466826,181500
2014-08-15,108.71781158447266,109.17355198748619,108.13185963774097,109.05264329574703,220300
2014-08-18,109.01544189453125,109.2572663804632,108.82942742596644,108.82942742596644,156900
2014-08-19,108.77362060546875,109.01544509850795,108.64340905444703,108.91313500899126,221900
2014-08-20,107.61100769042969,107.778423548126,107.14596442971738,107.53660616167345,319900
2014-08-21,107.68541717529297,108.12255897921362,107.62031140211312,107.6575157147869,263900
2014-08-22,106.11357879638672,106.75534083325292,105.9740714805443,106.75534083325292,477000
2014-08-25,106.83903503417969,107.0994581096176,106.64371772760126,106.74602071066906,238900
2014-08-26,107.03436279296875,107.61101191746509,106.8855455376166,107.08086286326832,251000
2014-08-27,106.87625122070312,107.13667432507981,106.73673681593064,107.05296284381735,268800
2014-08-28,106.42980194091797,106.86694374549735,106.05776590961656,106.58791494802202,281300
2014-08-29,106.3274917602539,106.5507105404372,105.95545572928368,106.49490761939064,170300
2014-09-02,108.07605743408203,108.08536028673348,107.63892270342843,107.83424003312408,294000
2014-09-03,107.85283660888672,108.22487265195788,107.75052651964222,108.00165386451411,244300
2014-09-04,107.93655395507812,108.59691459681856,107.79703954434474,108.06676551282989,382700
2014-09-05,108.25277709960938,108.28067856180986,107.81563526914172,107.97374828560949,162200
2014-09-08,107.92723846435547,108.17835869747246,107.4342937540169,108.0388513990724,219100
2014-09-09,106.97855377197266,107.37849127946505,106.9320537012394,107.3319912087318,323400
2014-09-10,108.34577941894531,108.43878665405597,107.68541882486333,107.95514477388225,359500
2014-09-11,108.23417663574219,108.33648672605608,107.89004205050479,108.1318665454283,189600
2014-09-12,108.92243194580078,109.19215788569592,108.66200885790118,109.17355218170484,233400
2014-09-15,108.96893310546875,109.08053893927786,108.53179133372561,108.80151725875854,176700
2014-09-16,109.3688735961914,109.61069808515916,108.83872454852951,109.04334472411783,320900
2014-09-17,109.1456527709961,109.69440751308514,108.70851096695831,109.18285708367985,262800
2014-09-18,111.08023834228516,111.14534411776111,110.43847634402412,110.51288497199587,356500
2014-09-19,110.45706939697266,111.05232416056995,110.27104784835068,110.95931693425723,262100
2014-09-22,110.6895980834961,111.43366303753807,110.59659085124048,110.78260531575172,409700
2014-09-23,109.98273468017578,110.6802995935807,109.76881165115948,110.66170098479536,314500
2014-09-24,110.54077911376953,110.59658912905141,109.77810846755442,109.80600992719694,272900
2014-09-25,110.80683135986328,112.27334855990559,110.72222073636031,111.88791371146534,437800
2014-09-26,111.54008483886719,111.68109775675445,111.03244263780199,111.15465000812299,271300
2014-09-29,110.47779083251953,111.07004363761637,110.06416203574155,110.99483579376046,365700
2014-09-30,110.4872055053711,111.03245167372653,110.02656996351969,110.8350364415045,481100
2014-10-01,109.65992736816406,110.91962646087339,109.48131053445779,110.87262693825545,676800
2014-10-02,107.6199722290039,108.2780229795383,106.83030415614735,108.12760728100744,507300
2014-10-03,109.19930267333984,109.3403084273427,108.56005029040388,108.76686112034653,281500
2014-10-06,109.7069320678711,110.19577589722593,109.43431617606417,109.62232861983757,339200
2014-10-07,108.87966918945312,110.12056998794503,108.8608708136311,109.98895984054552,398400
2014-10-08,109.2933120727539,109.37791552761158,107.38495764288707,108.6540596712611,446000
2014-10-09,107.6575698852539,109.33091227048962,107.3943495828303,109.24630164630184,371200
2014-10-10,107.1405258178711,108.8138609334839,107.02771404959279,108.11820629297164,448400
2014-10-13,105.91842651367188,107.7985796730755,105.8432186659641,107.32854138322459,425700
2014-10-14,104.93135070800781,105.32618115127863,104.59292256457137,105.23217492748297,759400
2014-10-15,103.4648208618164,103.76564506529867,101.90429754756929,103.20160058029627,632600
2014-10-16,103.57763671875,104.19808352509425,102.11111956537721,102.45894330588919,441700
2014-10-17,103.21100616455078,103.77505066491362,102.41194252468553,102.45894204925705,469100
2014-10-20,106.52007293701172,106.69868977888693,105.5706007734587,105.59880192276215,408900
2014-10-21,106.55767822265625,106.67048999352754,105.41078365488427,105.62700442266714,665400
2014-10-22,105.54239654541016,106.6234860680011,105.4765914704115,106.33206461760925,413600
2014-10-23,106.61408996582031,107.3097446371445,106.1628500449357,106.46367426812037,408300
2014-10-24,107.64817810058594,107.7797882564649,107.04652962450628,107.55417187098891,312500
2014-10-27,107.48835754394531,107.96779862950665,107.03712478171207,107.46955916727536,198500
2014-10-28,108.20280456542969,108.20280456542969,107.27213083133984,107.77977300599282,389900
2014-10-29,108.87026977539062,109.65993785637356,108.36262754594775,109.04888662618035,245800
2014-10-30,108.91727447509766,109.330910470505,107.91139280898771,107.92079558312385,194900
2014-10-31,114.07829284667969,114.16290346939435,111.3990759976353,111.91612099140492,1280500
2014-11-03,114.68934631347656,114.71754746419592,113.5706528535067,114.0312955559739,856900
2014-11-04,112.2451400756836,112.54596428096583,111.22045291967501,112.33914629504402,569600
2014-11-05,114.09709930419922,114.45432582951355,113.19462663060358,113.77746953126301,394100
2014-11-06,112.64938354492188,112.790396472927,111.88791660258039,112.35795491445383,435500
2014-11-07,111.55888366699219,111.55888366699219,110.62820988070288,111.33326730078583,570800
2014-11-10,110.90083312988281,111.20165734273435,110.45899599833507,110.75041743734954,429800
2014-11-11,112.00072479248047,112.27334786530187,111.33327127166197,111.39907634632816,526100
2014-11-12,111.67169189453125,111.8127048085186,111.03243956704137,111.62468519913055,252800
2014-11-13,112.63998413085938,113.15702915823138,112.48017282138646,112.48017282138646,269800
2014-11-14,112.63998413085938,112.6963864348579,112.08534234896547,112.41436774264962,214200
2014-11-17,111.48367309570312,112.0007180600111,111.00423922576097,111.39906965002444,324100
2014-11-18,112.875,113.17582423290655,112.40496168782008,112.50837069027689,332300
2014-11-19,113.13821411132812,113.29802540738564,112.30154653524463,112.87499381847692,389700
2014-11-20,112.54597473144531,112.83739619018706,112.34855950079294,112.57417588265058,163000
2014-11-21,114.02188873291016,114.4073163994142,113.38263637451419,113.38263637451419,920500
2014-11-24,114.18170166015625,114.44492195756996,114.03129313544063,114.20990281027697,661000
2014-11-25,114.51073455810547,114.67994864216656,114.44492947942702,114.454332254157,190200
2014-11-26,114.4073257446289,114.68935160927569,114.13470982694353,114.67994883452995,291800
2014-11-28,115.75163269042969,115.93965231946746,115.10298469384195,115.54482185681137,234400
2014-12-01,117.45317840576172,118.04542411053943,117.08654908772566,117.18995809252718,485800
2014-12-02,118.98548889160156,119.41792324482616,118.75046975361766,118.97608611786204,496400
2014-12-03,120.05717468261719,120.22638874757946,119.50253296381655,119.85975946886366,471300
2014-12-04,120.89385986328125,121.09126792189569,120.42382155019607,121.09126792189569,505100
2014-12-05,121.29808044433594,121.5519051383693,120.77163985258547,121.13826914644243,423500
2014-12-08,120.7246322631836,121.44849524371124,120.56482096647,121.30747515054263,359500
2014-12-09,120.6682357788086,120.72463808102204,119.22051692020142,120.18879469334796,472100
2014-12-10,117.97019958496094,119.30511368404163,117.62237586543665,119.29571091069339,508800
2014-12-11,118.53425598144531,119.69995613858727,118.32744515248335,118.96669753238801,251900
2014-12-12,117.07714080810547,118.51545686080462,117.05833525963546,118.13002918375265,350100
2014-12-15,114.26631927490234,116.39088733244223,113.80567655402558,116.13706979360893,597000
2014-12-16,114.6329345703125,116.08065328979255,114.45431773418125,115.02776499229395,543500
2014-12-17,115.83624267578125,116.22167036179951,114.68934804774928,114.68934804774928,338000
2014-12-18,117.26514434814453,117.3121510435321,116.40027566184536,116.69169709104699,306700
2014-12-19,119.39913940429688,119.82217103527856,118.93849667377859,119.12651631038271,396700
2014-12-22,119.05130004882812,119.28631919882538,118.38384652350179,118.7316774474952,598000
2014-12-23,119.16410827636719,119.68114608764435,118.9760886586359,119.14530272848653,188200
2014-12-24,119.16410827636719,119.699951635525,119.16410827636719,119.5777370909459,80000
2014-12-26,120.42381286621094,120.60241536298196,119.38972291422131,119.38972291422131,160100
2014-12-29,119.737548828125,119.9537624110929,119.25810779513043,119.46492577690121,203600
2014-12-30,118.36505126953125,118.51545979994505,117.81980510582336,118.4120507974413,169100
2014-12-31,117.96080780029297,118.64705966041066,117.885599955503,118.0736123952631,151100
2015-01-02,118.13941955566406,119.05129496627795,117.40616098653145,118.66586730628913,250000
2015-01-05,115.97725677490234,117.1429497913979,115.67643253928362,116.9831384851476,240600
2015-01-06,114.78334045410156,116.3062669825316,113.94667293385085,116.00544278617419,285600
2015-01-07,117.66938781738281,118.50605542838993,117.56597881627269,117.99841319718078,385700
2015-01-08,119.93497467041016,120.04777927249438,118.87268351934853,118.87268351934853,498800
2015-01-09,118.52485656738281,120.11358110564638,118.43085034411165,120.11358110564638,150300
2015-01-12,118.48725128173828,120.08537857562459,117.82919338197361,118.91968564158734,306700
2015-01-13,118.8350830078125,120.20759394340584,118.10181725638327,119.43673144061465,252900
2015-01-14,118.28043365478516,118.43084934852665,117.16174024228172,117.90440159264648,363800
2015-01-15,119.18291473388672,120.677633142079,119.04190180407986,120.20760199641538,310400
2015-01-16,121.15707397460938,121.26987857376265,120.37680869346208,120.63063338598715,441600
2015-01-20,121.42029571533203,122.01253421237195,121.0442564729579,121.73991831302727,436700
2015-01-21,120.95026397705078,121.10067968215404,120.33920555423049,120.66823811608997,606700
2015-01-22,122.07835388183594,122.42617765080462,120.29220681913691,121.24168624027227,235500
2015-01-23,121.89032745361328,122.4073724187974,121.73991176475435,122.20995003411633,292900
2015-01-26,123.95849609375,124.38152767795053,123.13122412860768,123.13122412860768,350600
2015-01-27,123.24405670166016,123.83629524727316,123.03723868749957,123.27225785409736,301000
2015-01-28,123.10303497314453,124.48494880208725,122.86801580964314,124.30633194271716,304100
2015-01-29,124.23110961914062,124.25931076792153,123.09362503316493,123.60126005565091,411800
2015-01-30,121.12887573242188,122.19115253695146,120.97846003365342,121.7305241830651,273900
2015-02-02,123.23463439941406,123.2722454951806,121.93733848407076,122.3039677734289,280200
2015-02-03,123.24405670166016,123.30985460920313,121.66472044301851,121.78693499986747,458000
2015-02-04,124.72935485839844,126.19588638556296,124.2781221124257,124.2781221124257,471300
2015-02-05,123.84568786621094,124.01489475715923,122.94320808119808,123.1312205192838,448000
2015-02-06,121.80573272705078,122.67060148325547,121.61770593030272,121.99374517936822,384900
2015-02-09,121.42029571533203,121.97493746034972,121.23228326636016,121.71171716290301,186000
2015-02-10,123.009033203125,123.20644126323349,121.93734641495725,121.93734641495725,229100
2015-02-11,123.1688461303711,123.38505974243137,122.90562581714174,122.96202812077215,449200
2015-02-12,123.92089080810547,124.08070209137779,123.33803362533874,123.51665045500455,327600
2015-02-13,124.55074310302734,124.83275458304063,124.08070484376614,124.08070484376614,301000
2015-02-17,124.16531372070312,124.73876099587052,124.09010587459905,124.09010587459905,365400
2015-02-18,126.12068176269531,126.30869421628984,125.64123350993394,125.65064345649364,258400
2015-02-19,127.17355346679688,127.37097585218547,126.32749031668497,126.44029491151865,218600
2015-02-20,128.69647216796875,128.78108995805894,127.71879888111039,127.79400672539634,239800
2015-02-23,128.7716827392578,128.9785007293166,128.23584656096358,128.69647489337916,199800
2015-02-24,130.05020141601562,130.38862958664936,129.01612569894638,129.35455386958012,335000
2015-02-25,128.66827392578125,128.92209861292608,128.21704119430257,128.60247602581327,236800
2015-02-26,128.60247802734375,129.22293200805217,128.4426667313001,128.67768587449902,258000
2015-02-27,127.2581558227539,127.6623961914944,127.23936462006237,127.23936462006237,219900
2015-03-02,127.72819519042969,127.85040973112547,127.14535232451999,127.14535232451999,254500
2015-03-03,127.2863540649414,127.69999002558326,126.97614143888921,127.25815291711848,208000
2015-03-04,127.399169921875,127.46496781706199,126.34627449902341,127.28635098888051,205500
2015-03-05,126.81632995605469,127.30517381356862,126.58131080169251,126.87274660242348,232900
2015-03-06,126.80694580078125,127.83162596363513,126.62832893223326,127.21118624187912,184700
2015-03-09,127.27696228027344,127.52137701687744,126.85393070581553,127.38037127353468,174100
2015-03-10,125.67884063720703,126.3274957743837,125.59423718742667,126.1112678323713,220900
2015-03-11,125.97026062011719,126.39329220853753,125.81044932424417,126.15827306558954,222700
2015-03-12,129.2887420654297,129.42035222421853,128.01023723243873,128.01023723243873,313200
2015-03-13,128.0102081298828,128.20763049539872,127.34276188506296,127.71878672627739,393200
2015-03-16,129.27935791015625,129.86220090148302,128.9409297083849,129.12894218838395,271000
2015-03-17,128.7528839111328,129.13830437484447,128.41445579693618,128.87508410207255,816400
2015-03-18,131.68592834472656,131.85513524289675,130.19121003316937,130.76465731768522,457900
2015-03-19,131.70472717285156,132.16535549065506,131.28168126015038,131.7423239223833,310600
2015-03-20,134.5155487060547,134.90098353023274,133.9891081386064,134.09251713181445,406900
2015-03-23,136.6119384765625,137.06317122838368,136.264100380148,136.62133407857297,480700
2015-03-24,135.85987854003906,136.52732491424155,135.74705959026252,136.52732491424155,303700
2015-03-25,135.19241333007812,136.54612592697595,135.16421217967863,136.54612592697595,328600
2015-03-26,134.53436279296875,135.0514077918287,134.15833789075998,134.43095379319675,324400
2015-03-27,135.77578735351562,135.8806709217741,135.1274267853548,135.7185807797339,238100
2015-03-30,135.91880798339844,136.29066523362957,134.803236232705,135.07973950124614,484100
2015-03-31,133.38255310058594,134.38371178539487,133.21093337980633,134.32650521180167,555100
2015-04-01,132.03814697265625,132.20978125092273,131.3611830862666,131.89513053158146,358900
2015-04-02,133.5065155029297,134.34556952947787,133.13465821131786,133.32535164694352,249000
2015-04-06,134.09767150878906,134.64116308481587,133.487443776342,133.487443776342,157800
2015-04-07,133.22047424316406,134.09767572683808,133.1537235356674,133.58280197191232,260800
2015-04-08,133.43023681640625,133.84022698046127,133.048835391612,133.35395653144738,142100
2015-04-09,133.40162658691406,133.60184959415827,132.5339547582533,132.6293087467345,276700
2015-04-10,133.15370178222656,133.31580645995606,132.20976429424502,132.257441284814,320300
2015-04-13,131.16094970703125,131.58048401287968,130.8176956885168,131.26583328349335,320200
2015-04-14,132.20977783203125,132.51488441475976,131.70443368799934,132.23838111950653,171600
2015-04-15,132.6102294921875,132.89627689668987,132.22882810319254,132.753245919951,177600
2015-04-16,132.51487731933594,133.0106918573201,132.33371347570852,132.70557074195276,186500
2015-04-17,131.99046325683594,132.56255808996536,131.5804731139748,132.5244252239455,253900
2015-04-20,132.27650451660156,132.85812890192028,132.19069466031894,132.28604864439427,151600
2015-04-21,134.7555694580078,135.2990464577134,134.7078924635483,134.7937023241898,365800
2015-04-22,135.0702362060547,135.28953294784486,134.60302488321864,134.88907233497585,163600
2015-04-23,134.4695281982422,134.70789863247987,134.078597194338,134.59348547971834,393000
2015-04-24,134.6411590576172,134.8890590652982,134.42184778842395,134.68882150407313,277500
2015-04-27,134.1167449951172,134.67929572977386,134.01186142179336,134.4027924268165,273000
2015-04-28,135.4516143798828,136.19532897713614,135.01302092456768,135.56602753362122,421900
2015-04-29,134.2406768798828,135.84253363856558,133.554183467848,134.75556512512838,282900
2015-04-30,132.5530242919922,133.7925533583386,132.25744730557372,133.48743224398694,246800
2015-05-01,133.44931030273438,133.44931030273438,132.2669877113055,132.29559099949535,247100
2015-05-04,133.54464721679688,133.89743079710553,133.0869800654537,133.28720307898914,172000
2015-05-05,131.1514129638672,133.29674682516605,131.05605897266335,132.97256653343524,266100
2015-05-06,130.77955627441406,131.57094784829945,130.1502548471351,130.9321168414471,322500
2015-05-07,131.5041961669922,131.6376830249099,130.47443417063724,130.49350787861871,208500
2015-05-08,135.50881958007812,135.71858672578534,132.88674480771454,133.01070208898972,319400
2015-05-11,131.05606079101562,131.92373265648945,131.0274575030529,131.46606550010912,756700
2015-05-12,131.2563018798828,131.62815918235907,130.62700042985313,131.11327088725227,579400
2015-05-13,130.26466369628906,131.52326650928507,130.16932425677408,130.96071580452593,359700
2015-05-14,131.5327911376953,131.57093855124623,130.58885361245376,131.32302401009156,150400
2015-05-15,132.88673400878906,132.90580771566061,132.20022605116785,132.20022605116785,177700
2015-05-18,132.94393920898438,133.00116032900877,132.6769655114386,132.90580634461014,141300
2015-05-19,133.03929138183594,133.71626974430728,132.80092097306047,133.34441248857658,223700
2015-05-20,132.54347229003906,133.153699933515,132.31464601684473,132.724636122301,121000
2015-05-21,132.9534912109375,133.05837478039757,132.32418979417713,132.32418979417713,141900
2015-05-22,131.79025268554688,132.20978699623316,131.4946756618299,131.561411820906,202800
2015-05-26,131.29443359375,132.0286186123272,130.7604861435036,132.0286186123272,293200
2015-05-27,132.3146514892578,132.5339481931305,131.87604353253718,132.2669744973789,247000
2015-05-28,133.2395477294922,133.44931488273488,132.36234624728507,132.3909495364566,220000
2015-05-29,131.4755859375,132.28605117069193,131.11325824986469,132.28605117069193,310600
2015-06-01,130.8558349609375,131.56140211414564,130.44583026066204,131.38978239006028,280100
2015-06-02,130.2169952392578,130.77000179025148,130.1216412551691,130.3790853730284,275900
2015-06-03,131.04653930664062,131.46607362131255,130.6270049919687,131.1132754663507,240300
2015-06-04,130.48397827148438,131.1323388529541,130.2742111306615,130.5602440054415,231000
2015-06-05,129.20628356933594,129.66396520264735,128.9679131745183,129.66396520264735,167200
2015-06-08,126.9560775756836,127.67118882274671,126.45073345834369,127.36608225613374,304900
2015-06-09,126.1456298828125,126.56516415220668,125.78330218670374,126.33632331008916,236300
2015-06-10,127.99539184570312,128.32910171966068,127.50910685520057,127.61399042678185,166200
2015-06-11,128.8916473388672,129.20629804114603,128.62467363068683,128.94886846117092,152600
2015-06-12,129.18722534179688,129.54953845122205,128.80582397796198,129.14907793092618,191400
2015-06-15,129.20628356933594,129.5114046582102,128.88210332413774,128.91070660759792,292700
2015-06-16,129.730712890625,129.83559645563585,129.20629506557077,129.38745890958728,179200
2015-06-17,128.5960693359375,128.80583646914565,127.5281745115875,128.0621219237625,344900
2015-06-18,128.22422790527344,128.57702606324378,127.28981981852162,127.28981981852162,246300
2015-06-19,127.78562927246094,128.35770959783707,127.70934898594872,128.22422273368494,179800
2015-06-22,129.1776885986328,130.00722751928274,128.87258203909883,128.87258203909883,263100
2015-06-23,130.72235107421875,130.86536751420647,130.42675951661644,130.5793200852544,270500
2015-06-24,129.10140991210938,129.6830343020177,129.03467376191026,129.6830343020177,149000
2015-06-25,128.5960693359375,129.2062970282769,128.57701017762827,129.0537510169239,180800
2015-06-26,129.15863037109375,129.5590909171642,128.8630388392313,129.04420268009125,138900
2015-06-29,126.28864288330078,127.89049963663065,126.24096589053359,127.86189635076543,191100
2015-06-30,127.5281753540039,128.22421291026018,127.33748192682114,127.97631290982017,216300
2015-07-01,127.38516235351562,127.61398865271079,126.94655436509775,127.4995755031132,157100
2015-07-02,126.57469940185547,126.74631912940008,126.26957826536297,126.54609611393137,276800
2015-07-06,126.55562591552734,126.9084240488376,125.98354560706545,126.09795875896252,132000
2015-07-07,126.22190856933594,126.37445457984505,124.6677287861575,126.10748087523443,288600
2015-07-08,122.15054321289062,124.08610993236016,121.98845306705553,124.05750664479963,717300
2015-07-09,123.02774047851562,124.45796300400312,122.93238649055944,124.10517943672183,186900
2015-07-10,125.40190887451172,125.7356187178173,123.87633243690706,124.48656010215389,401900
2015-07-13,127.23260498046875,127.40422470917123,126.83214439785296,126.83214439785296,214900
2015-07-14,127.24213409423828,127.48050452699219,126.74631952039671,126.93702750578113,195300
2015-07-15,127.75702667236328,128.35771028979758,127.56631868056613,127.83330695928672,294100
2015-07-16,129.45420837402344,130.04536234445567,129.34932481001363,129.9023459157948,441200
2015-07-17,129.0632781982422,129.18723546982835,128.43397681030936,128.43397681030936,186100
2015-07-20,129.23489379882812,129.77838531173128,129.1109510801639,129.47326420645757,353700
2015-07-21,128.30050659179688,128.74864419442068,127.90957556840549,128.63423103595585,200500
2015-07-22,127.75702667236328,128.17654642697653,127.57586280954224,127.57586280954224,196400
2015-07-23,127.05142974853516,127.69026070758508,126.88933961405759,127.47096400199489,196100
2015-07-24,126.38399505615234,127.66165696972546,126.16469835133913,127.4042128516554,130200
2015-07-27,125.65933990478516,125.73562018245146,125.10633335241131,125.38283662859823,187700
2015-07-28,125.70701599121094,125.78329626832763,124.30539681576411,124.98237518206523,383500
2015-07-29,126.40306854248047,126.66049811112656,125.4781901837808,125.58307374659134,212500
2015-07-30,126.11702728271484,126.26957329598103,125.14447188464092,125.85958315255316,270100
2015-07-31,127.25167846679688,127.49004890000766,126.86074746457679,127.29934091425771,226200
2015-08-03,126.98468017578125,127.18491772542666,125.8595788033204,126.27911306050089,315100
2015-08-04,123.80960845947266,125.27796392211563,122.40798915246152,125.25889021380227,515200
2015-08-05,122.34123992919922,122.980070950154,122.20775306734265,122.67496435832904,476500
2015-08-06,122.81798553466797,123.42821329081929,122.6654249583858,122.961016530799,278800
2015-08-07,123.90494537353516,123.9526223688569,123.49495522151602,123.8191355113418,163900
2015-08-10,124.99191284179688,125.31609312877023,124.01937198087677,124.42936212928846,300900
2015-08-11,123.0086669921875,123.61889468886643,122.70356041833598,123.61889468886643,236100
2015-08-12,121.49263763427734,121.75008176946176,120.16729864051504,121.36868763090331,768000
2015-08-13,121.84542846679688,122.1886751895099,120.95869018644191,121.23520075499218,188700
2015-08-14,122.22682189941406,122.27449889438428,121.64519747832044,121.84542776311672,130600
2015-08-17,121.92170715332031,122.03612030123084,121.18752217328365,121.5689163067908,155700
2015-08-18,121.92170715332031,122.1124078573179,121.51170973283554,121.67379987536746,185400
2015-08-19,120.17683410644531,121.10171251755875,119.82404325931799,120.51055124589655,286500
2015-08-20,116.80150604248047,118.74660954665706,116.75382904858633,118.74660954665706,536700
2015-08-21,113.51200103759766,116.76336990178363,113.37851417950722,116.42011590255446,504600
2015-08-24,108.2392349243164,110.65154963651122,103.99624444390138,105.10228666209231,1009000
2015-08-25,108.09622192382812,112.23432897087388,108.09622192382812,112.23432897087388,576800
2015-08-26,112.35828399658203,112.46316756923795,109.70760594107064,111.3666693951797,395600
2015-08-27,114.0078125,114.30338951451716,112.81596031309088,113.14967747052775,399600
2015-08-28,115.15198516845703,115.95291360325812,114.73245815450244,115.39035560061988,285800
2015-08-31,112.87316131591797,113.7122298697367,112.69200473910645,113.58827259274724,243000
2015-09-01,109.0210952758789,110.53713497815566,108.77319526880524,110.20341783441177,426000
2015-09-02,112.14852142333984,112.21526485210455,110.80410871959455,111.7957305715903,266100
2015-09-03,114.04595184326172,114.83734343569759,113.78850769898095,114.59897299998715,352100
2015-09-04,111.08061981201172,111.46201395295918,110.45131838827518,111.25224681171368,262200
2015-09-08,115.6001205444336,115.6954672605862,114.54175526381707,114.6084986925727,398400
2015-09-09,115.00896453857422,117.66917933752941,114.8373375426904,117.5261556285449,1331300
2015-09-10,112.4536361694336,113.42618432119761,111.93875516868034,113.42618432119761,2073300
2015-09-11,111.65270233154297,111.65270233154297,110.49899038141069,111.07107792968874,531200
2015-09-14,110.9375991821289,111.61457034573769,110.60388202746097,111.29992689961557,351200
2015-09-15,114.37966918945312,114.54175934012981,113.1687505747959,113.52153416456417,442200
2015-09-16,116.32476043701172,116.63941112505444,115.88615975420412,116.14359659701967,439600
2015-09-17,115.6001205444336,117.10662339290428,115.24733696722019,115.3998902581667,243300
2015-09-18,113.29269409179688,114.52268634458548,113.18781052395916,113.8171119309855,250300
2015-09-21,113.87432098388672,114.4368717013664,113.16874655492451,114.02687427484346,173800
2015-09-22,112.11038208007812,112.3964222306111,110.61341607470882,112.20572879692244,372700
2015-09-23,112.04364013671875,112.2629368609201,111.18550512476318,111.85293942601291,231300
2015-09-24,112.08177947998047,112.26293606074944,110.60387989911935,112.0531689177123,535800
2015-09-25,112.99711608886719,114.40826490349228,112.66339895530639,113.73129378270096,292400
2015-09-28,111.39036560058594,113.66225577954675,110.91665408686842,113.65258609025935,311700
2015-09-29,110.45260620117188,110.67496480255772,109.39883870646945,110.19158359379986,345800
2015-09-30,113.38188934326172,113.49790348271831,112.24110945394547,112.37645559540574,235100
2015-10-01,114.40665435791016,114.91904460535874,113.33355492203164,114.55167018734612,278000
2015-10-02,116.71722412109375,116.80422919396368,114.63868355139955,115.34441595071638,557000
2015-10-05,118.2543716430664,118.82476527119175,117.71298708143811,117.7419887721237,338300
2015-10-06,116.9009017944336,117.22960482942527,116.36918692649878,116.9009017944336,350100
2015-10-07,118.63140869140625,119.09545787105327,118.12869550794917,118.4670608598733,240700
2015-10-08,119.37581634521484,119.59816755176222,118.0513492912606,118.69907828537515,254200
2015-10-09,118.52507019042969,120.44892532434207,118.26404758464734,119.8592070389959,398800
2015-10-12,119.01811218261719,119.33714552478446,118.51539163572123,118.67007715040039,314500
2015-10-13,117.04591369628906,117.89666188193505,116.84289449434438,117.45195210017843,341400
2015-10-14,116.05982208251953,117.27793732259398,115.9148062560884,116.97824335689792,187400
2015-10-15,118.3703842163086,118.47672866462379,117.21993466225038,117.69364614741085,263300
2015-10-16,119.8398666381836,120.02355385508602,119.12446452490792,119.53050296413369,265200
2015-10-19,119.44348907470703,119.46282107599102,118.73774932695592,119.25013218281092,164700
2015-10-20,118.14802551269531,118.81509389222077,118.09969182084403,118.60240499580331,244100
2015-10-21,119.5885009765625,120.70027916567726,119.49182621572892,119.9172040143704,162900
2015-10-22,121.06765747070312,121.40602283239195,120.31357661003871,120.58427627520146,271200
2015-10-23,121.56069946289062,121.77338836638764,120.84529736770108,121.23200379444005,215200
2015-10-26,121.1643295288086,121.65737302662525,120.84529617670732,121.48336288090987,218500
2015-10-27,120.68094635009766,121.03864370035112,120.38124500497952,120.7389497310444,206000
2015-10-28,122.16009521484375,122.24710028885929,120.77762471315226,121.1643311412262,193100
2015-10-29,119.143798828125,119.30815404549045,118.38972531905648,119.23081128153164,267800
2015-10-30,118.54440307617188,119.45315467777574,118.51539400972997,119.12445901621533,196600
2015-11-02,119.2018051147461,119.40482433065866,118.77642730475121,119.08579097316249,573400
2015-11-03,119.28881072998047,119.41448718540715,118.77642784333325,119.25013934927725,569600
2015-11-04,119.45315551757812,119.77218886837896,118.9794440237236,119.37582013395702,302200
2015-11-05,120.70995330810547,121.02898666885733,120.45859302001504,120.50693409012112,319600
2015-11-06,118.83442687988281,119.09545684612895,118.22536925166085,119.07611746857887,277500
2015-11-09,118.15769958496094,118.90210337422761,117.66464870459325,118.8344303024761,189000
2015-11-10,119.4821548461914,119.61750836042819,118.98911136013218,119.10511812117608,202700
2015-11-11,119.1341323852539,119.91720755971231,119.1341323852539,119.91720755971231,146800
2015-11-12,117.68399047851562,118.80543102977273,117.47130156987761,118.80543102977273,282000
2015-11-13,117.23926544189453,118.41871667396173,117.17159237329123,118.08035133094523,289500
2015-11-16,117.98368072509766,118.03201441819479,116.96857728450755,116.97824697345159,183900
2015-11-17,119.0567855834961,119.56916845190396,118.47672964521948,118.70875054536783,225000
2015-11-18,120.75828552246094,120.7969495247363,119.27913296994205,119.50149154998697,217500
2015-11-19,119.77218627929688,120.33291020934493,119.64650982979425,119.74318458908945,213000
2015-11-20,119.55950164794922,120.0138811462365,119.25013798168303,119.90753669447516,158700
2015-11-23,119.02778625488281,119.77219003821062,118.58307644751909,119.49182806438775,175700
2015-11-24,119.89786529541016,120.06222050312277,119.14379183062951,119.69484608380087,242600
2015-11-25,119.7431869506836,119.89786509344424,119.50149635977326,119.89786509344424,110500
2015-11-27,120.23624420166016,120.59394157466919,120.12989974595156,120.34258865736876,63900
2015-11-30,120.2845687866211,120.69060719994881,120.07187989131286,120.65194319699398,189700
2015-12-01,121.73471069335938,122.17942047958695,121.37701335216067,121.57036286762964,201100
2015-12-02,121.56069946289062,122.82716319485603,121.29967686593349,122.59513491332568,252600
2015-12-03,120.57460021972656,122.44045183087849,120.39091301487487,122.421112453625,601400
2015-12-04,121.71538543701172,121.71538543701172,120.43925938709071,120.43925938709071,279900
2015-12-07,120.99031066894531,121.42535078004464,120.37158334942956,121.31900633052055,161000
2015-12-08,118.44772338867188,119.00844733849232,117.90633881687921,119.00844733849232,516000
2015-12-09,119.7818603515625,120.58427489711978,118.96011380376325,119.97520987722882,340900
2015-12-10,120.73895263671875,121.23200351406594,120.45859066237668,120.84529708822132,255600
2015-12-11,119.55950164794922,120.09122390675594,118.82476755044925,119.91720638349298,463000
2015-12-14,118.42839050292969,119.76251992024196,117.62597596442934,119.48215794742335,414400
2015-12-15,118.10935974121094,118.88277260566448,118.0610260470649,118.49606617343771,245200
2015-12-16,122.45012664794922,122.67247786499777,120.7002817237862,120.90330093858292,493100
2015-12-17,120.65194702148438,122.42111655729566,120.56493457254952,122.15042427316328,352800
2015-12-18,120.25556945800781,120.84529508810267,119.83019165903802,120.6809472569776,359000
2015-12-21,120.50692749023438,121.22232955859046,119.54016514755429,120.60360224934011,274100
2015-12-22,121.40601348876953,121.81205189154667,120.65194006195163,121.3093387322718,332800
2015-12-23,122.92383575439453,123.04951220611224,122.03441615190432,122.45012426243083,298400
2015-12-24,121.5896987915039,121.91840182937902,121.23200143876541,121.23200143876541,102300
2015-12-28,120.33291625976562,120.7002833138834,120.1008953506287,120.29424487894086,283800
2015-12-29,120.61327362060547,120.92263727954641,119.96553723635698,119.96553723635698,160400
2015-12-30,119.12445831298828,120.29423987498359,119.01811386409676,120.26523818452434,334100
2015-12-31,118.950439453125,120.19756375948988,118.57340272978345,119.25013341890642,221000
2016-01-04,117.42295837402344,118.19637123219674,116.1758340125201,117.48096175685235,413500
2016-01-05,117.11358642578125,117.50029282752709,116.16616348610565,117.50029282752709,306400
2016-01-06,114.44532775878906,114.85137356354353,113.84593980439102,114.62901497103961,277600
2016-01-07,111.72872924804688,112.76316471152522,111.62238479495747,112.22178013275128,407500
2016-01-08,109.3021469116211,112.80182920926418,109.16680077518623,112.45379417962846,635800
2016-01-11,110.99398803710938,111.06166110962168,109.68886028105102,110.46227314617316,511500
2016-01-12,111.98008728027344,112.8405052009913,110.66528986474269,112.77283213000715,341200
2016-01-13,111.16799926757812,113.45922866570652,110.73295916546537,113.30454315111717,345800
2016-01-14,112.42479705810547,112.75349272400041,110.4139295553468,111.53537744658928,354100
2016-01-15,108.8574447631836,110.37526143612806,108.17104434429143,110.26891698206472,637000
2016-01-19,111.19700622558594,112.24111137109476,110.08523538400274,112.15410629687484,485500
2016-01-20,107.80367279052734,108.6930923912166,105.3190938212425,108.56741593975337,1000200
2016-01-21,107.40729522705078,108.32572388176445,105.83147525745892,106.69189315582757,285300
2016-01-22,112.0960922241211,112.18310467158013,111.00365341716979,111.28401538549778,595500
2016-01-25,109.6405258178711,110.78129835341699,109.44716891504086,110.56861682402122,248600
2016-01-26,110.54927825927734,110.57827995096237,109.41816802869127,109.53418217124306,267500
2016-01-27,111.4870376586914,113.19820383041798,110.98432446513128,112.14443637384642,320900
2016-01-28,112.26045227050781,112.80183685293252,111.11000265704355,112.80183685293252,313700
2016-01-29,116.04048919677734,116.04048919677734,114.08763240246648,114.80303451018689,746000
2016-02-01,116.398193359375,116.75589072354951,115.19941005968181,116.01148692778669,416700
2016-02-02,115.04471588134766,116.15649402259014,114.56133472218234,116.15649402259014,353400
2016-02-03,111.16799926757812,112.86950304900441,109.62118100074117,112.60848046289902,622600
2016-02-04,110.49127197265625,111.16800268023077,108.98312503816932,111.16800268023077,560900
2016-02-05,106.72089385986328,108.78009498370291,105.37709480063567,108.50940270929897,851100
2016-02-08,105.50277709960938,106.16017582067808,104.38133656120496,106.09250274832446,687700
2016-02-09,103.28888702392578,103.99462679223257,102.07077176065158,102.46714049291373,498800
2016-02-10,103.22122192382812,105.8314849234167,103.09554546258966,105.0097383289546,414100
2016-02-11,101.58738708496094,102.26411776349386,100.70762982705692,101.79040628852081,545900
2016-02-12,101.76141357421875,101.86775802962656,99.13181863288368,99.74087629728231,668300
2016-02-16,104.61334991455078,104.98071694139412,103.87860848505295,104.45867177854718,476700
2016-02-17,104.5360107421875,104.845374400611,104.02362787440588,104.1106403217373,696500
2016-02-18,103.87860870361328,105.32875218877761,103.65625749967569,104.9710548496229,224700
2016-02-19,101.80973815917969,102.3317907001549,101.31669468365689,102.16744287498062,723200
2016-02-22,103.14388275146484,103.3469019702399,102.53481771932793,102.54448740854914,297400
2016-02-23,102.10944366455078,103.12453972249241,102.0224312162635,103.00853295919137,161700
2016-02-24,101.1136703491211,101.72273534835143,99.4315059302891,101.5777195211151,628600
2016-02-25,102.06109619140625,102.08042819213946,100.98798944334243,101.11366588763592,849000
2016-02-26,101.64539337158203,102.55415234515677,101.15234250551367,101.51004723200427,492600
2016-02-29,100.63996124267578,101.78074113431774,100.63996124267578,101.60672361268382,423600
2016-03-01,102.87318420410156,103.10520510061944,101.40370131592856,101.80007741596579,344700
2016-03-02,103.43390655517578,103.73360791311794,102.9795270494866,103.29856040996773,275700
2016-03-03,104.96139526367188,104.96139526367188,104.06230592130039,104.11064699244983,289300
2016-03-04,105.90882110595703,106.62422319805675,105.37709884951101,105.91848341912036,204700
2016-03-07,104.32332611083984,104.94205340924765,103.5112419217976,103.66592743430516,745300
2016-03-08,102.30279541015625,103.15354365469929,102.10944588324563,102.97952613015508,459500
2016-03-09,102.71849822998047,103.35656491231612,102.28345812897801,103.3082238451775,201900
2016-03-10,103.52091217041016,105.35776207441448,102.63149259611289,105.14507318147139,644900
2016-03-11,105.62845611572266,105.64778811730882,104.932386045639,105.04840018259007,216700
2016-03-14,105.3287582397461,105.85081080949368,105.19341209675356,105.61878990376529,251500
2016-03-15,103.65626525878906,103.84961478762621,102.91185408356142,103.83995247425256,404400
2016-03-16,103.96562957763672,104.18798079960247,102.5734893587452,102.93119410271366,343000
2016-03-17,104.34266662597656,104.87438889884386,102.90219270831582,103.3372328400714,354700
2016-03-18,103.05686950683594,103.37590286637464,102.283464018762,102.74750583644402,615500
2016-03-21,103.57891845703125,103.85928042597833,102.87318606607087,102.87318606607087,442100
2016-03-22,104.99039459228516,105.6864646966191,104.17831772110337,104.51668308409577,318600
2016-03-23,104.50701141357422,105.36742933850444,104.50701141357422,104.87438583712526,291100
2016-03-24,102.78617095947266,102.85384402775676,102.2351167246418,102.85384402775676,399800
2016-03-28,105.07740020751953,105.46409923960495,104.49733690776891,104.89371300421108,450500
2016-03-29,106.72731018066406,106.79626153504586,105.73243419732616,106.38255340875509,345900
2016-03-30,105.9885482788086,106.4810601272372,105.84079322125314,106.38255926057836,323500
2016-03-31,104.72771453857422,105.16112735095324,104.53071281392963,104.81637057525815,384500
2016-04-01,101.98934936523438,102.47200884827784,101.46728803447432,101.92039801051388,531800
2016-04-04,99.8616943359375,100.34436133245521,99.39873953591135,100.13750726900504,993600
2016-04-05,97.26123809814453,98.06895723207383,96.64067587218214,96.75888142170878,1156400
2016-04-06,98.01970672607422,98.12805993012287,96.90662517814421,97.41884169094408,492300
2016-04-07,96.79827117919922,97.7635976668508,96.33531637449704,97.72419581887175,547600
2016-04-08,99.1524887084961,99.58589402384094,98.89638044365525,99.19188304296294,517100
2016-04-11,96.95587921142578,97.60599091953837,96.82782884099876,97.05438007445689,990300
2016-04-12,100.05870819091797,100.44286682864247,99.5070898144632,99.71395140259271,523400
2016-04-13,102.69857025146484,102.74781692603443,101.94009781477786,102.20605841496366,628900
2016-04-14,103.3880844116211,103.81164489405553,103.22063218987904,103.4274862605841,406500
2016-04-15,102.12725830078125,102.94482978169117,101.94010139150117,102.94482978169117,399300
2016-04-18,101.81204986572266,101.98935443168806,100.47241703734727,100.47241703734727,303000
2016-04-19,103.13197326660156,103.80178964997107,102.88571735382062,103.52598423007787,252000
2016-04-20,103.27973175048828,103.75254642540382,102.60007051891098,103.15168137703385,261300
2016-04-21,103.86090087890625,104.27460902746583,103.67374397188122,103.95940174544886,310500
2016-04-22,105.84078979492188,105.95899534016652,105.07247253866711,105.35813030332437,473700
2016-04-25,105.73243713378906,106.29390784023516,105.1020225861804,105.90974169499988,307000
2016-04-26,105.71273803710938,105.8210912400453,105.1611271968058,105.74228754424934,252500
2016-04-27,104.77696990966797,105.04292299245276,103.92984895689544,104.16625253216348,271100
2016-04-28,101.41803741455078,103.09258218332273,101.27028235919822,102.06815665204837,740300
2016-04-29,100.1769027709961,101.22103295624964,99.90109734984259,101.15208160096127,496300
2016-05-02,100.93537902832031,101.19148729274856,100.43301484063184,100.98462570389174,336900
2016-05-03,99.93064880371094,100.39361113329447,99.09338018314686,100.14735521459124,315000
2016-05-04,99.11308288574219,100.15720555534881,99.08352586337533,100.15720555534881,350500
2016-05-05,99.75334167480469,99.930646232314,99.16232898815164,99.74349684920654,377200
2016-05-06,100.43301391601562,100.55121946354066,99.68439381195894,100.05870762155443,283100
2016-05-09,101.07328033447266,102.08785352173307,100.79747490668935,101.9105489588532,360200
2016-05-10,103.25018310546875,103.25018310546875,102.3932097878921,102.59021903539302,483400
2016-05-11,96.96573638916016,100.20646529593772,96.55202071957774,99.80260196769012,1241800
2016-05-12,99.8616943359375,100.46255936006443,96.96572993250132,96.96572993250132,1043200
2016-05-13,98.29551696777344,99.32978735466683,98.19701609975519,98.73877463142281,371600
2016-05-16,99.31008911132812,99.60559922731623,98.62057552753511,98.66982220344352,322200
2016-05-17,99.10323333740234,99.84200109957453,98.99488013107302,99.4972443135877,305800
2016-05-18,100.00945281982422,100.56106367463316,99.02442914187439,99.09338049872551,374300
2016-05-19,98.11820983886719,98.37431810113904,97.74390354411165,98.07880798966119,402600
2016-05-20,99.10323333740234,99.56619567078506,98.89637926581024,99.12293050440118,340800
2016-05-23,98.05911254882812,98.81757749277605,97.97045650777036,98.81757749277605,447900
2016-05-24,99.13278198242188,99.59574431177407,97.91135473050183,98.4334160754703,852500
2016-05-25,101.0831298828125,101.22103259289422,99.92080167274221,100.1276557378648,772000
2016-05-26,100.73836517333984,101.2111798310343,100.54136344979533,101.08312946224378,371000
2016-05-27,99.08352661132812,100.34436321213902,98.72892500672391,100.275411856364,417600
2016-05-31,101.8613052368164,102.42276844968984,101.09298043197452,101.8021987040535,673300
2016-06-01,101.78250122070312,102.71827073421014,101.28013702701705,102.67886888420198,540200
2016-06-02,102.2651596069336,102.43261183127555,101.66429455240365,101.85145145910018,301000
2016-06-03,101.949951171875,102.51141437047706,101.23088057675727,102.13710807645379,449900
2016-06-06,103.95939636230469,104.25489894663102,103.5259835537986,104.03820005751199,559800
2016-06-07,103.91014862060547,104.21551107969492,103.83135243564367,104.03820651204553,349500
2016-06-08,104.06775665283203,104.2155117126263,103.71314751537963,103.97910061090167,217900
2016-06-09,102.93497467041016,103.14182874161591,102.59021788506722,102.93497467041016,283300
2016-06-10,101.6544418334961,102.20606021035866,101.21118417891226,102.09770700321428,316700
2016-06-13,100.16706085205078,101.16192936220511,99.97005160612841,100.72852405144451,310000
2016-06-14,99.56619262695312,100.02915494618266,98.72892402511425,99.65484114843925,375800
2016-06-15,100.94522857666016,101.69384115176278,100.73836699352651,101.10282845531654,414900
2016-06-16,100.46256256103516,100.59062044853738,99.07368308643575,99.49724356751045,305900
2016-06-17,101.69384002685547,102.00904729581568,100.94522746003378,101.7135447084284,395100
2016-06-20,104.21550750732422,105.44678709736758,104.04804777157631,105.111875141006,567900
2016-06-21,105.51573944091797,106.04765313060892,105.39753389371965,105.69304400414829,568100
2016-06-22,104.90502166748047,105.93929953504454,104.82621796963794,105.40738584730882,881200
2016-06-23,108.30335235595703,108.3526065468048,107.49563322594076,108.03739926472855,576900
2016-06-24,102.40306091308594,103.60479100560151,101.50669327178723,102.57051313512257,783700
2016-06-27,98.75847625732422,99.6646962392579,97.81285442637588,99.6646962392579,691200
2016-06-28,98.3546142578125,98.4432702980657,96.91648056763238,97.47794377212142,967700
2016-06-29,99.99960327148438,100.28526104788347,98.95548054854143,99.10323560738709,484100
2016-06-30,98.49251556396484,98.49251556396484,97.33018732208056,98.36446519113669,1270000
2016-07-01,98.14775848388672,98.70922167864973,97.88180539800287,98.0886594681646,515100
2016-07-05,97.69464874267578,98.18716058196834,97.41884331509344,98.13790639198537,500700
2016-07-06,98.28565979003906,98.35461114577237,97.0051335385443,97.87195165563925,423500
2016-07-07,99.08352661132812,99.32978252697231,98.55162044685474,98.96532858150476,423300
2016-07-08,100.54136657714844,100.63002261609495,99.56619523954242,99.69424561231598,372800
2016-07-11,104.07760620117188,104.29430509923569,103.26987956465727,103.34868326311738,679300
2016-07-12,104.94441986083984,105.67333525265713,104.91487035396177,105.1512739241204,456300
2016-07-13,106.2446517944336,106.86521399026226,105.65363910576808,106.48105536687298,537200
2016-07-14,106.36286163330078,106.78642212172294,106.20525423522074,106.76671743939573,296800
2016-07-15,107.19027709960938,107.50548437819964,106.91447167023469,107.30848264725608,351300
2016-07-18,107.37743377685547,107.54488599931575,106.9243237845389,107.05237415786718,233900
2016-07-19,106.93416595458984,107.07206866555967,106.5106054808585,107.05237149905003,220500
2016-07-20,107.66309356689453,107.76159443400564,107.09177801646183,107.26908258331562,192500
2016-07-21,107.22967529296875,107.84039266228703,107.04251839435923,107.52518539444334,292700
2016-07-22,108.03739929199219,108.23440102516416,107.86009472608366,107.97830027506748,205900
2016-07-25,108.03739929199219,108.49050929039522,107.97830027506748,108.25410570756199,204600
2016-07-26,107.9585952758789,108.12604750009714,107.5448871283511,107.6039861451024,198100
2016-07-27,108.91407012939453,109.7907406205479,108.42155827975178,109.74149394466427,384800
2016-07-28,109.10122680664062,109.65283767223231,108.25410582583375,109.55433680553871,600000
2016-07-29,109.92864227294922,111.10082286859338,109.21942401390852,110.73636139793793,756500
2016-08-01,109.5641860961914,110.51965274316443,109.31793017874662,110.4408565610841,445100
2016-08-02,108.32305145263672,109.14062288169107,107.44638100972003,108.68750539163314,534100
2016-08-03,108.42155456542969,108.43140690632266,107.73204100560505,108.15560148239281,358000
2016-08-04,110.62800598144531,110.7954657168603,109.64298231136884,110.58860413282615,907300
2016-08-05,114.22334289550781,114.48930349261072,113.68158439071689,114.1051373506694,602900
2016-08-08,115.6516342163086,116.74500359040172,115.53342866891249,116.36084495528229,667900
2016-08-09,115.6614761352539,115.74027983153735,114.94241307328626,115.67132847607287,342100
2016-08-10,115.19851684570312,115.5925278223572,115.14927017058031,115.25762337703854,191300
2016-08-11,116.00623321533203,116.17369294915493,115.3758186736874,115.47432705186587,264700
2016-08-12,116.02593994140625,116.4100985746419,115.71073266502997,115.80923352980989,239900
2016-08-15,115.81908416748047,116.12443909834764,115.7402804707618,115.7402804707618,120000
2016-08-16,115.52357482910156,115.94713530785798,115.05076767591973,115.24776940388979,221500
2016-08-17,117.4148178100586,117.43452249182502,116.74500141754923,116.75485375843245,537100
2016-08-18,117.15872192382812,117.37542834143525,116.4790531622666,116.4790531622666,775200
2016-08-19,117.82853698730469,118.05508822846015,117.61183057219293,117.68078193017081,356800
2016-08-22,118.77415466308594,118.95145922239674,118.39984086279973,118.50819406655268,332200
2016-08-23,118.0058364868164,118.59684917484516,118.0058364868164,118.46879129043066,169900
2016-08-24,119.08936309814453,119.94632888058233,118.92191087802844,119.75917949374312,368500
2016-08-25,118.4885025024414,119.14846658186191,118.40969880232521,118.95146484670592,354300
2016-08-26,116.84351348876953,117.52317472850758,116.20324658354102,116.49874918316883,405500
2016-08-29,118.5377426147461,118.63625099200377,118.21269052125162,118.22253534687013,205400
2016-08-30,119.42427062988281,119.5917303694681,119.12876803058143,119.41442580383351,169500
2016-08-31,118.82340240478516,119.55232533024343,118.2422420477369,119.37502076933929,395300
2016-09-01,119.20756530761719,120.17289184384163,118.76430764703385,119.76902851808549,341000
2016-09-02,120.25169372558594,120.26153855157666,119.70007534959755,119.70007534959755,339000
2016-09-06,118.86280822753906,118.94161192727222,118.28164785105957,118.7052083432072,291900
2016-09-07,118.93175506591797,119.97588525986303,118.78400001331748,119.55232478381319,268700
2016-09-08,119.19771575927734,119.4538165011806,118.84310663880527,118.97115700975691,163700
2016-09-09,116.8829116821289,118.3505948385651,116.86320700035614,118.20283978580602,370600
2016-09-12,118.54759979248047,118.68550250810704,116.88291486380709,116.88291486380709,245200
2016-09-13,117.0306625366211,118.02553857058584,116.58740488091524,117.55272389138314,349800
2016-09-14,115.69102478027344,116.0850357436198,115.55312207037232,116.0850357436198,291800
2016-09-15,116.4002456665039,116.59725491023814,115.07046521061831,115.26746693921831,224500
2016-09-16,112.91326141357422,113.47472460898074,112.66700549427077,113.14967250700221,600200
2016-09-19,113.34667205810547,114.29229386824177,113.24817119530393,113.52397661720191,221200
2016-09-20,114.71585845947266,115.25762449702829,114.57795574357384,115.10001709878142,195400
2016-09-21,117.66107177734375,118.39983951353084,116.24264283415567,117.838376334634,402200
2016-09-22,118.99085998535156,119.35531392634739,118.52789766719941,119.02040949244484,508300
2016-09-23,115.89788818359375,116.12443941836658,115.50387721404871,115.85848633512583,402200
2016-09-26,115.34626770019531,115.56297410521888,114.75525501430722,115.10986412886689,317100
2016-09-27,116.54800415039062,116.82380958460095,116.02594279061617,116.82380958460095,325900
2016-09-28,117.62999725341797,117.75,116.4800033569336,117.3499984741211,188000
2016-09-29,115.98999786376953,116.8499984741211,115.76000213623047,116.52999877929688,400300
2016-09-30,116.05999755859375,116.58000183105469,115.0,115.26000213623047,375900
2016-10-03,115.26000213623047,115.66999816894531,114.33999633789062,114.48999786376953,609500
2016-10-04,115.33000183105469,116.23999786376953,115.11000061035156,115.55999755859375,165600
2016-10-05,117.06999969482422,117.18000030517578,116.43000030517578,116.43000030517578,202300
2016-10-06,116.44000244140625,116.6500015258789,116.18000030517578,116.22000122070312,133600
2016-10-07,115.88999938964844,116.08999633789062,115.22000122070312,115.95999908447266,228900
2016-10-10,116.41999816894531,116.83000183105469,116.05999755859375,116.12999725341797,165200
2016-10-11,115.31999969482422,115.80000305175781,115.0199966430664,115.80000305175781,224600
2016-10-12,115.1500015258789,115.3499984741211,114.63999938964844,115.0,157700
2016-10-13,114.69000244140625,115.19999694824219,114.08999633789062,114.52999877929688,231700
2016-10-14,115.08999633789062,115.83000183105469,115.05000305175781,115.31999969482422,156800
2016-10-17,115.43000030517578,115.83999633789062,115.08000183105469,115.18000030517578,163900
2016-10-18,115.05000305175781,115.5199966430664,114.83000183105469,115.5199966430664,188100
2016-10-19,114.88999938964844,115.37999725341797,114.88999938964844,115.12999725341797,112600
2016-10-20,116.13999938964844,116.31999969482422,115.62999725341797,115.87999725341797,161400
2016-10-21,115.2699966430664,115.36000061035156,114.61000061035156,114.86000061035156,174700
2016-10-24,115.44999694824219,115.5199966430664,115.02999877929688,115.12999725341797,141300
2016-10-25,115.25,115.75,115.23999786376953,115.43000030517578,159900
2016-10-26,115.5,115.69999694824219,114.75,114.93000030517578,211200
2016-10-27,114.8499984741211,115.5,114.80999755859375,115.38999938964844,216100
2016-10-28,114.80999755859375,115.13999938964844,114.41000366210938,114.83999633789062,140500
2016-10-31,115.66000366210938,115.79000091552734,115.4000015258789,115.51000213623047,135000
2016-11-01,114.7300033569336,115.76000213623047,114.18000030517578,115.76000213623047,307300
2016-11-02,113.37999725341797,114.66999816894531,113.12999725341797,114.13999938964844,227400
2016-11-03,113.16999816894531,114.18000030517578,112.94000244140625,113.79000091552734,320400
2016-11-04,110.55999755859375,111.19999694824219,110.23999786376953,110.52999877929688,321400
2016-11-07,112.4800033569336,112.55000305175781,111.48999786376953,111.62000274658203,354400
2016-11-08,113.80999755859375,115.4000015258789,112.62000274658203,113.0,228700
2016-11-09,111.80999755859375,112.77999877929688,110.3499984741211,110.3499984741211,567900
2016-11-10,110.86000061035156,111.4000015258789,109.94000244140625,110.93000030517578,371900
2016-11-11,111.94999694824219,112.05000305175781,111.37000274658203,111.44999694824219,158600
2016-11-14,111.77999877929688,112.43000030517578,111.51000213623047,111.83000183105469,226700
2016-11-15,112.48999786376953,112.48999786376953,111.80999755859375,111.9800033569336,142000
2016-11-16,112.56999969482422,112.87999725341797,112.37000274658203,112.63999938964844,228700
2016-11-17,113.23999786376953,113.23999786376953,112.36000061035156,113.0,201200
2016-11-18,114.04000091552734,114.43000030517578,113.91999816894531,114.05999755859375,235500
2016-11-21,114.51000213623047,114.66999816894531,114.12999725341797,114.22000122070312,218400
2016-11-22,113.77999877929688,113.87000274658203,113.25,113.70999908447266,153200
2016-11-23,114.51000213623047,114.86000061035156,113.37000274658203,113.45999908447266,269400
2016-11-25,117.80000305175781,118.1500015258789,117.41000366210938,117.69999694824219,191800
2016-11-28,117.6500015258789,117.97000122070312,117.41000366210938,117.97000122070312,174700
2016-11-29,118.30000305175781,118.56999969482422,117.94000244140625,118.1500015258789,190800
2016-11-30,118.52999877929688,118.80999755859375,118.25,118.62999725341797,231600
2016-12-01,117.7699966430664,118.70999908447266,117.5,117.69000244140625,260300
2016-12-02,116.83000183105469,117.29000091552734,116.69999694824219,116.97000122070312,190700
2016-12-05,117.55999755859375,118.08000183105469,117.30000305175781,117.33999633789062,156900
2016-12-06,117.87999725341797,117.91999816894531,117.19999694824219,117.44000244140625,133400
2016-12-07,121.45999908447266,121.7699966430664,119.62999725341797,119.62999725341797,304600
2016-12-08,122.80999755859375,123.18000030517578,122.54000091552734,123.05000305175781,431000
2016-12-09,122.9800033569336,123.1500015258789,122.61000061035156,122.80999755859375,291800
2016-12-12,121.86000061035156,122.44999694824219,121.38999938964844,121.80000305175781,247500
2016-12-13,123.06999969482422,123.18000030517578,122.16999816894531,122.22000122070312,201900
2016-12-14,121.05999755859375,122.44999694824219,120.9800033569336,121.94999694824219,161200
2016-12-15,121.9800033569336,122.20999908447266,121.69999694824219,121.91999816894531,211100
2016-12-16,121.0,121.44999694824219,120.70999908447266,120.87000274658203,203800
2016-12-19,121.83999633789062,122.2300033569336,121.23999786376953,121.31999969482422,171900
2016-12-20,121.66999816894531,122.05999755859375,121.25,121.36000061035156,257800
2016-12-21,121.11000061035156,121.44000244140625,121.0,121.3499984741211,87400
2016-12-22,120.66000366210938,120.9000015258789,120.47000122070312,120.69999694824219,104700
2016-12-23,120.9000015258789,121.11000061035156,120.77999877929688,120.77999877929688,101900
2016-12-27,119.38999938964844,119.95999908447266,119.04000091552734,119.45999908447266,234500
2016-12-28,118.41999816894531,119.22000122070312,118.4000015258789,118.95999908447266,105600
2016-12-29,117.04000091552734,117.62999725341797,116.77999877929688,117.29000091552734,181700
2016-12-30,117.19999694824219,117.91000366210938,116.81999969482422,117.7699966430664,153400
2017-01-03,118.55000305175781,118.66999816894531,117.83000183105469,118.16999816894531,204000
2017-01-04,121.19000244140625,121.29000091552734,120.13999938964844,120.2699966430664,250600
2017-01-05,120.44000244140625,121.38999938964844,120.31999969482422,121.19000244140625,525900
2017-01-06,120.12999725341797,120.2300033569336,119.41000366210938,119.83999633789062,171600
2017-01-09,119.73999786376953,119.95999908447266,119.47000122070312,119.4800033569336,135800
2017-01-10,119.76000213623047,120.05999755859375,118.79000091552734,119.08999633789062,214400
2017-01-11,119.91000366210938,119.91000366210938,119.08999633789062,119.08999633789062,192000
2017-01-12,119.63999938964844,119.94000244140625,118.36000061035156,119.63999938964844,218700
2017-01-13,119.80999755859375,119.9000015258789,119.5199966430664,119.81999969482422,112900
2017-01-17,118.41000366210938,118.95999908447266,118.16999816894531,118.8499984741211,190600
2017-01-18,118.79000091552734,118.98999786376953,118.5199966430664,118.70999908447266,138500
2017-01-19,119.30999755859375,119.94999694824219,118.9000015258789,119.55999755859375,106800
2017-01-20,118.91999816894531,119.38999938964844,118.66000366210938,119.12000274658203,122600
2017-01-23,118.29000091552734,118.44999694824219,117.75,118.44999694824219,140500
2017-01-24,117.63999938964844,117.91999816894531,116.69000244140625,116.91000366210938,304200
2017-01-25,119.05999755859375,119.29000091552734,118.5199966430664,118.62000274658203,233200
2017-01-26,118.9800033569336,119.98999786376953,118.95999908447266,119.43000030517578,182400
2017-01-27,116.69000244140625,117.08999633789062,116.5,117.08999633789062,196700
2017-01-30,116.06999969482422,116.58000183105469,115.55000305175781,116.36000061035156,159200
2017-01-31,115.75,116.37000274658203,115.06999969482422,116.20999908447266,324600
2017-02-01,115.26000213623047,116.1500015258789,115.04000091552734,115.83999633789062,323500
2017-02-02,114.52999877929688,114.76000213623047,113.97000122070312,114.69999694824219,248300
2017-02-03,115.12000274658203,115.45999908447266,114.69000244140625,114.69999694824219,187500
2017-02-06,113.30999755859375,114.4800033569336,112.75,114.19999694824219,437900
2017-02-07,113.04000091552734,113.5199966430664,112.7300033569336,113.5,344400
2017-02-08,113.2699966430664,113.41000366210938,112.87000274658203,113.33999633789062,251400
2017-02-09,111.91999816894531,111.98999786376953,111.12000274658203,111.80999755859375,445300
2017-02-10,112.88999938964844,113.1500015258789,112.5,112.55000305175781,376900
2017-02-13,114.12999725341797,114.5,113.88999938964844,114.06999969482422,414100
2017-02-14,114.47000122070312,114.48999786376953,113.76000213623047,114.33999633789062,234200
2017-02-15,113.61000061035156,113.72000122070312,113.31999969482422,113.72000122070312,189000
2017-02-16,113.3499984741211,113.61000061035156,113.08999633789062,113.19999694824219,196100
2017-02-17,113.69999694824219,113.69999694824219,112.33999633789062,112.48999786376953,240400
2017-02-21,114.30000305175781,114.58999633789062,113.81999969482422,114.08000183105469,268800
2017-02-22,114.4000015258789,114.44999694824219,114.06999969482422,114.20999908447266,187100
2017-02-23,114.58999633789062,114.88999938964844,114.37999725341797,114.68000030517578,181600
2017-02-24,113.7699966430664,114.02999877929688,113.48999786376953,113.9000015258789,179600
2017-02-27,114.23999786376953,114.2699966430664,113.66999816894531,113.70999908447266,180600
2017-02-28,113.1500015258789,113.6500015258789,112.98999786376953,113.5999984741211,196000
2017-03-01,114.73999786376953,114.9800033569336,114.51000213623047,114.81999969482422,240400
2017-03-02,113.38999938964844,113.88999938964844,113.16000366210938,113.58999633789062,252700
2017-03-03,113.33999633789062,113.54000091552734,113.06999969482422,113.2699966430664,123800
2017-03-06,112.91000366210938,113.13999938964844,112.75,113.13999938964844,162000
2017-03-07,112.6500015258789,113.05000305175781,112.5,112.69000244140625,171600
2017-03-08,111.80000305175781,112.58999633789062,111.76000213623047,112.55000305175781,178400
2017-03-09,112.19000244140625,112.41000366210938,111.87999725341797,112.11000061035156,150500
2017-03-10,112.66000366210938,112.9800033569336,112.4000015258789,112.83999633789062,286900
2017-03-13,113.4000015258789,113.81999969482422,113.33000183105469,113.37000274658203,233500
2017-03-14,112.08999633789062,112.5999984741211,112.01000213623047,112.4800033569336,130600
2017-03-15,113.23999786376953,113.5,112.54000091552734,112.62999725341797,170500
2017-03-16,113.23999786376953,113.95999908447266,113.16999816894531,113.70999908447266,109400
2017-03-17,112.20999908447266,112.73999786376953,112.06999969482422,112.63999938964844,480500
2017-03-20,112.0,112.5999984741211,111.94000244140625,112.26000213623047,186600
2017-03-21,111.38999938964844,112.86000061035156,111.12000274658203,112.69000244140625,383100
2017-03-22,110.83000183105469,111.0,110.12000274658203,110.88999938964844,279300
2017-03-23,110.51000213623047,111.08999633789062,110.31999969482422,110.55000305175781,159900
2017-03-24,111.36000061035156,111.62000274658203,110.91999816894531,111.11000061035156,161700
2017-03-27,111.7300033569336,111.95999908447266,110.76000213623047,111.02999877929688,211700
2017-03-28,112.41000366210938,112.58999633789062,111.79000091552734,111.9000015258789,205400
2017-03-29,110.25,110.33999633789062,110.11000061035156,110.26000213623047,390400
2017-03-30,110.05999755859375,110.30000305175781,109.88999938964844,110.0,202800
2017-03-31,108.62000274658203,108.93000030517578,108.41000366210938,108.93000030517578,310000
2017-04-03,108.5199966430664,108.80000305175781,107.91000366210938,108.62000274658203,258500
2017-04-04,108.01000213623047,108.3499984741211,107.87000274658203,108.05999755859375,336400
2017-04-05,106.13999938964844,107.02999877929688,106.05999755859375,107.02999877929688,533500
2017-04-06,105.5,105.88999938964844,105.33999633789062,105.68000030517578,392200
2017-04-07,105.91000366210938,106.0999984741211,105.62000274658203,105.76000213623047,233700
2017-04-10,105.9800033569336,106.4800033569336,105.81999969482422,106.11000061035156,379500
2017-04-11,106.4000015258789,106.79000091552734,106.05999755859375,106.7699966430664,419400
2017-04-12,105.44000244140625,105.98999786376953,105.4000015258789,105.98999786376953,311400
2017-04-13,104.18000030517578,105.1500015258789,104.16999816894531,105.12999725341797,346200
2017-04-17,106.12000274658203,106.20999908447266,105.69999694824219,105.93000030517578,361900
2017-04-18,105.31999969482422,105.66000366210938,105.08000183105469,105.62000274658203,199700
2017-04-19,104.62000274658203,105.11000061035156,104.5,105.0,214000
2017-04-20,106.0,106.16000366210938,105.63999938964844,105.66000366210938,234600
2017-04-21,106.58000183105469,107.23999786376953,106.45999908447266,106.8499984741211,226100
2017-04-24,106.98999786376953,107.26000213623047,106.69999694824219,107.19000244140625,257500
2017-04-25,108.72000122070312,108.94000244140625,108.55000305175781,108.61000061035156,309900
2017-04-26,109.91000366210938,110.33000183105469,109.80000305175781,109.91999816894531,410000
2017-04-27,109.41000366210938,109.9000015258789,109.19999694824219,109.80000305175781,213800
2017-04-28,108.13999938964844,108.58999633789062,108.06999969482422,108.3499984741211,227000
2017-05-01,108.30000305175781,108.41999816894531,108.08999633789062,108.29000091552734,108900
2017-05-02,109.23999786376953,109.68000030517578,109.06999969482422,109.5199966430664,268000
2017-05-03,108.87000274658203,109.04000091552734,108.31999969482422,108.47000122070312,368600
2017-05-04,109.16000366210938,109.2699966430664,108.44000244140625,109.2699966430664,152400
2017-05-05,109.91000366210938,109.94000244140625,109.12999725341797,109.23999786376953,219900
2017-05-08,110.19000244140625,110.3499984741211,109.98999786376953,110.0,170700
2017-05-09,108.45999908447266,109.12999725341797,108.36000061035156,109.04000091552734,235200
2017-05-10,105.80999755859375,106.3499984741211,105.69000244140625,106.29000091552734,441900
2017-05-11,106.83999633789062,106.91999816894531,106.30999755859375,106.73999786376953,283500
2017-05-12,106.45999908447266,106.62999725341797,106.16999816894531,106.16999816894531,277000
2017-05-15,106.41000366210938,106.55999755859375,106.0999984741211,106.5199966430664,300000
2017-05-16,106.91999816894531,107.36000061035156,106.6500015258789,107.0999984741211,276800
2017-05-17,105.79000091552734,107.3499984741211,105.72000122070312,106.83000183105469,259000
2017-05-18,106.7699966430664,107.0,105.83999633789062,105.88999938964844,211400
2017-05-19,107.55999755859375,107.80000305175781,107.0999984741211,107.0999984741211,177800
2017-05-22,107.5,107.95999908447266,107.19999694824219,107.3499984741211,330700
2017-05-23,108.08000183105469,108.43000030517578,108.0,108.0,229800
2017-05-24,107.31999969482422,107.6500015258789,106.94999694824219,107.5,151900
2017-05-25,107.30000305175781,107.54000091552734,107.11000061035156,107.26000213623047,179800
2017-05-26,107.0999984741211,107.0999984741211,106.5999984741211,106.77999877929688,157100
2017-05-30,107.87999725341797,108.11000061035156,107.1500015258789,107.19999694824219,193800
2017-05-31,107.54000091552734,107.70999908447266,106.75,107.37000274658203,185500
2017-06-01,108.4000015258789,108.41999816894531,107.73999786376953,107.83999633789062,170500
2017-06-02,109.37000274658203,109.62000274658203,108.87000274658203,109.04000091552734,274300
2017-06-05,107.76000213623047,108.2300033569336,107.5,107.93000030517578,181800
2017-06-06,107.80000305175781,108.02999877929688,107.52999877929688,107.54000091552734,205500
2017-06-07,107.52999877929688,107.9800033569336,107.4000015258789,107.87999725341797,127100
2017-06-08,105.77999877929688,106.6500015258789,105.51000213623047,106.5,433400
2017-06-09,105.73999786376953,106.2699966430664,105.3499984741211,105.70999908447266,275300
2017-06-12,106.44999694824219,106.63999938964844,106.11000061035156,106.2300033569336,388600
2017-06-13,107.41000366210938,107.41000366210938,106.69999694824219,106.93000030517578,952800
2017-06-14,106.69999694824219,107.16999816894531,106.36000061035156,107.12999725341797,149300
2017-06-15,105.77999877929688,106.05000305175781,105.30000305175781,105.48999786376953,350700
2017-06-16,104.9000015258789,104.98999786376953,104.58999633789062,104.98999786376953,299200
2017-06-19,104.69999694824219,104.70999908447266,104.37000274658203,104.5999984741211,232700
2017-06-20,103.81999969482422,104.55000305175781,103.62000274658203,104.5,301200
2017-06-21,104.55999755859375,104.87999725341797,104.44999694824219,104.87999725341797,211300
2017-06-22,105.48999786376953,105.63999938964844,105.31999969482422,105.37999725341797,229300
2017-06-23,105.23999786376953,105.27999877929688,105.0199966430664,105.16000366210938,106400
2017-06-26,104.9800033569336,105.55000305175781,104.97000122070312,105.25,157400
2017-06-27,104.54000091552734,105.02999877929688,104.4800033569336,104.9800033569336,218900
2017-06-28,105.30999755859375,105.3499984741211,104.7699966430664,104.98999786376953,193300
2017-06-29,104.33999633789062,105.12000274658203,103.83999633789062,105.12000274658203,182700
2017-06-30,105.0199966430664,105.29000091552734,104.66000366210938,105.02999877929688,169400
2017-07-03,106.02999877929688,106.33999633789062,105.6500015258789,105.80000305175781,165700
2017-07-05,108.52999877929688,108.77999877929688,108.0999984741211,108.1500015258789,493200
2017-07-06,107.44999694824219,108.0999984741211,107.29000091552734,108.06999969482422,276700
2017-07-07,108.47000122070312,108.61000061035156,108.05000305175781,108.1500015258789,244200
2017-07-10,108.22000122070312,108.4800033569336,108.13999938964844,108.20999908447266,120700
2017-07-11,108.20999908447266,108.45999908447266,107.56999969482422,108.0999984741211,482500
2017-07-12,109.87000274658203,109.87999725341797,109.26000213623047,109.62000274658203,313700
2017-07-13,109.83999633789062,109.9000015258789,109.44999694824219,109.5,199700
2017-07-14,110.19999694824219,110.68000030517578,110.05000305175781,110.05000305175781,293500
2017-07-17,110.33000183105469,110.44000244140625,110.01000213623047,110.01000213623047,234200
2017-07-18,110.0,110.19999694824219,109.66000366210938,110.19999694824219,183300
2017-07-19,109.69999694824219,109.8499984741211,109.55999755859375,109.58999633789062,148400
2017-07-20,109.83999633789062,110.05999755859375,109.51000213623047,109.93000030517578,151900
2017-07-21,109.30999755859375,109.5,109.05000305175781,109.47000122070312,177000
2017-07-24,109.41000366210938,109.44999694824219,109.0999984741211,109.30000305175781,127000
2017-07-25,110.12999725341797,110.55000305175781,109.75,109.83999633789062,198900
2017-07-26,110.7699966430664,110.88999938964844,110.33000183105469,110.36000061035156,157100
2017-07-27,111.66999816894531,111.9800033569336,111.22000122070312,111.2699966430664,224600
2017-07-28,112.26000213623047,112.26000213623047,111.80999755859375,111.83000183105469,187300
2017-07-31,112.83999633789062,113.0,112.45999908447266,113.0,141000
2017-08-01,114.16999816894531,114.37999725341797,113.58999633789062,114.12000274658203,371600
2017-08-02,114.19000244140625,114.19000244140625,113.48999786376953,113.77999877929688,178400
2017-08-03,112.7300033569336,112.87999725341797,112.27999877929688,112.75,253000
2017-08-04,113.63999938964844,113.80000305175781,112.98999786376953,113.76000213623047,150400
2017-08-07,114.12999725341797,114.16000366210938,113.91999816894531,113.9800033569336,140900
2017-08-08,114.22000122070312,114.48999786376953,114.02999877929688,114.26000213623047,143000
2017-08-09,113.0999984741211,113.29000091552734,112.8499984741211,113.11000061035156,112000
2017-08-10,112.37999725341797,113.77999877929688,112.20999908447266,113.5999984741211,280800
2017-08-11,112.12000274658203,112.66999816894531,111.88999938964844,112.45999908447266,355300
2017-08-14,113.02999877929688,113.37999725341797,112.7699966430664,112.86000061035156,211100
2017-08-15,113.27999877929688,113.6500015258789,113.27999877929688,113.4000015258789,184500
2017-08-16,112.38999938964844,112.5999984741211,112.19000244140625,112.36000061035156,162500
2017-08-17,111.44999694824219,112.23999786376953,111.29000091552734,112.23999786376953,126000
2017-08-18,111.7300033569336,112.16999816894531,111.5199966430664,112.0,120100
2017-08-21,112.72000122070312,112.88999938964844,112.36000061035156,112.4000015258789,167500
2017-08-22,112.87000274658203,113.0,112.55999755859375,112.63999938964844,188000
2017-08-23,112.8499984741211,113.08000183105469,112.68000030517578,112.93000030517578,142900
2017-08-24,112.22000122070312,112.68000030517578,112.0999984741211,112.2300033569336,153200
2017-08-25,112.83999633789062,112.98999786376953,112.43000030517578,112.55000305175781,154400
2017-08-28,112.2699966430664,112.4800033569336,112.05000305175781,112.4800033569336,71200
2017-08-29,112.08000183105469,112.0999984741211,111.4800033569336,111.52999877929688,116900
2017-08-30,112.29000091552734,112.30999755859375,111.5,112.0999984741211,172800
2017-08-31,112.9800033569336,113.08999633789062,112.22000122070312,112.26000213623047,291300
2017-09-01,113.02999877929688,113.86000061035156,112.62999725341797,112.73999786376953,288200
2017-09-05,113.62000274658203,114.0,113.19000244140625,113.36000061035156,228800
2017-09-06,113.7300033569336,114.02999877929688,113.47000122070312,113.95999908447266,182700
2017-09-07,114.27999877929688,114.75,113.97000122070312,114.5199966430664,264600
2017-09-08,114.97000122070312,115.16999816894531,114.69000244140625,115.0,220900
2017-09-11,116.2300033569336,116.43000030517578,115.80999755859375,115.94000244140625,185500
2017-09-12,116.54000091552734,116.7699966430664,116.31999969482422,116.37000274658203,179700
2017-09-13,116.61000061035156,116.69999694824219,116.25,116.3499984741211,112000
2017-09-14,117.0999984741211,117.36000061035156,116.47000122070312,116.51000213623047,222200
2017-09-15,117.69000244140625,117.79000091552734,117.12000274658203,117.12000274658203,169500
2017-09-18,117.58999633789062,117.91999816894531,117.37999725341797,117.81999969482422,112900
2017-09-19,120.05999755859375,120.2300033569336,119.80000305175781,119.80999755859375,275600
2017-09-20,120.37000274658203,120.4000015258789,119.83000183105469,120.0,193700
2017-09-21,120.05000305175781,120.26000213623047,119.80000305175781,120.26000213623047,110600
2017-09-22,120.62999725341797,120.73999786376953,120.26000213623047,120.26000213623047,146100
2017-09-25,120.97000122070312,121.22000122070312,120.56999969482422,120.80999755859375,141100
2017-09-26,121.33000183105469,121.80000305175781,121.12000274658203,121.63999938964844,179700
2017-09-27,121.48999786376953,121.80000305175781,120.66999816894531,121.63999938964844,200300
2017-09-28,119.5999984741211,120.0,119.44000244140625,119.77999877929688,174400
2017-09-29,119.16999816894531,119.62000274658203,119.1500015258789,119.37000274658203,122200
2017-10-02,119.30999755859375,119.44999694824219,118.81999969482422,118.83000183105469,115400
2017-10-03,120.33999633789062,120.36000061035156,119.51000213623047,119.5199966430664,159900
2017-10-04,120.97000122070312,121.30999755859375,120.2300033569336,120.81999969482422,153800
2017-10-05,120.83999633789062,120.9000015258789,120.5,120.7300033569336,108000
2017-10-06,121.87000274658203,121.88999938964844,121.30000305175781,121.58999633789062,126600
2017-10-09,121.66999816894531,122.12000274658203,121.5999984741211,121.7699966430664,151300
2017-10-10,124.08000183105469,124.18000030517578,123.81999969482422,123.86000061035156,472400
2017-10-11,123.55999755859375,123.83999633789062,123.29000091552734,123.5,193800
2017-10-12,123.19000244140625,123.68000030517578,123.06999969482422,123.4800033569336,151000
2017-10-13,123.37999725341797,123.55999755859375,123.02999877929688,123.41999816894531,333800
2017-10-16,123.41999816894531,123.5,123.01000213623047,123.30000305175781,101300
2017-10-17,123.30999755859375,123.66999816894531,123.18000030517578,123.31999969482422,107300
2017-10-18,124.26000213623047,124.31999969482422,123.83999633789062,123.9000015258789,127500
2017-10-19,123.06999969482422,123.31999969482422,122.7699966430664,123.16000366210938,121000
2017-10-20,123.70999908447266,123.72000122070312,123.36000061035156,123.41000366210938,111500
2017-10-23,122.7699966430664,123.29000091552734,122.61000061035156,123.18000030517578,154400
2017-10-24,123.87999725341797,124.01000213623047,123.5999984741211,123.88999938964844,133300
2017-10-25,122.33999633789062,123.23999786376953,122.0199966430664,123.23999786376953,176500
2017-10-26,123.8499984741211,124.08999633789062,123.54000091552734,123.58000183105469,123100
2017-10-27,124.2300033569336,124.23999786376953,123.66999816894531,123.87999725341797,101800
2017-10-30,124.38999938964844,124.44000244140625,124.06999969482422,124.25,113500
2017-10-31,124.0,124.13999938964844,123.66999816894531,123.9800033569336,110400
2017-11-01,124.43000030517578,124.91999816894531,124.18000030517578,124.29000091552734,194200
2017-11-02,125.30999755859375,125.48999786376953,124.94000244140625,125.05000305175781,153100
2017-11-03,125.62000274658203,125.62999725341797,125.0199966430664,125.51000213623047,115300
2017-11-06,125.62999725341797,125.75,125.33999633789062,125.51000213623047,103400
2017-11-07,127.45999908447266,127.5,125.58999633789062,126.75,335100
2017-11-08,127.9800033569336,128.11000061035156,127.05000305175781,127.12000274658203,179300
2017-11-09,125.45999908447266,125.69999694824219,124.62999725341797,125.41999816894531,303900
2017-11-10,124.48999786376953,124.9000015258789,124.41000366210938,124.80000305175781,123200
2017-11-13,125.66999816894531,125.76000213623047,124.80000305175781,124.8499984741211,156400
2017-11-14,124.87000274658203,125.44000244140625,124.72000122070312,125.3499984741211,164400
2017-11-15,123.66000366210938,123.80999755859375,122.48999786376953,122.94999694824219,106500
2017-11-16,124.37000274658203,124.68000030517578,123.83999633789062,123.9800033569336,140300
2017-11-17,123.29000091552734,123.6500015258789,123.08000183105469,123.31999969482422,212600
2017-11-20,124.29000091552734,124.54000091552734,123.8499984741211,123.8499984741211,108000
2017-11-21,125.77999877929688,125.91999816894531,125.05999755859375,125.19999694824219,163500
2017-11-22,126.08000183105469,126.62000274658203,125.80000305175781,126.30000305175781,115200
2017-11-24,126.05000305175781,126.4000015258789,125.86000061035156,126.29000091552734,57700
2017-11-27,125.9800033569336,126.4000015258789,125.87000274658203,126.20999908447266,104800
2017-11-28,126.95999908447266,126.95999908447266,126.31999969482422,126.51000213623047,101000
2017-11-29,126.55000305175781,127.0999984741211,126.06999969482422,126.5999984741211,128200
2017-11-30,126.33999633789062,126.88999938964844,126.19999694824219,126.4000015258789,110600
2017-12-01,124.36000061035156,125.58999633789062,123.68000030517578,125.4000015258789,201300
2017-12-04,123.91999816894531,124.95999908447266,123.70999908447266,124.69999694824219,243400
2017-12-05,123.68000030517578,124.83999633789062,123.12999725341797,124.04000091552734,190200
2017-12-06,122.97000122070312,123.27999877929688,122.62999725341797,123.0,95700
2017-12-07,123.38999938964844,123.58000183105469,122.8499984741211,123.38999938964844,113600
2017-12-08,124.44999694824219,124.5,124.0199966430664,124.16999816894531,125100
2017-12-11,123.93000030517578,124.19000244140625,123.72000122070312,124.19000244140625,89600
2017-12-12,124.25,124.5199966430664,123.80000305175781,123.91999816894531,110100
2017-12-13,124.91999816894531,125.26000213623047,124.69000244140625,124.7300033569336,83200
2017-12-14,125.0,125.75,124.91000366210938,125.61000061035156,339500
2017-12-15,124.33999633789062,124.66000366210938,124.16999816894531,124.2300033569336,127500
2017-12-18,127.31999969482422,127.44000244140625,126.73999786376953,126.87000274658203,160600
2017-12-19,127.01000213623047,127.69999694824219,126.80000305175781,127.51000213623047,90900
2017-12-20,127.62999725341797,128.00999450683594,127.33000183105469,128.0,103900
2017-12-21,128.27999877929688,128.44000244140625,128.05999755859375,128.24000549316406,180800
2017-12-22,128.32000732421875,128.33999633789062,127.73999786376953,128.1199951171875,75800
2017-12-26,127.9800033569336,128.16000366210938,127.81999969482422,128.0,48400
2017-12-27,128.22999572753906,128.3000030517578,127.87000274658203,127.97000122070312,77800
2017-12-28,128.27000427246094,128.42999267578125,127.5199966430664,128.11000061035156,102300
2017-12-29,127.16999816894531,128.44000244140625,127.11000061035156,128.44000244140625,122100
2018-01-02,128.3699951171875,128.42999267578125,127.16999816894531,127.43000030517578,83500
2018-01-03,130.1300048828125,130.24000549316406,128.55999755859375,128.67999267578125,162200
2018-01-04,132.16000366210938,132.16000366210938,131.3000030517578,131.30999755859375,161800
2018-01-05,133.86000061035156,133.8699951171875,133.0800018310547,133.11000061035156,135300
2018-01-08,134.77000427246094,134.7899932861328,133.6199951171875,133.97999572753906,131200
2018-01-09,133.72000122070312,133.8300018310547,133.08999633789062,133.82000732421875,148000
2018-01-10,136.39999389648438,137.2899932861328,136.08999633789062,136.72999572753906,389500
2018-01-11,136.91000366210938,136.91000366210938,135.6300048828125,136.69000244140625,180000
2018-01-12,137.1999969482422,137.1999969482422,136.44000244140625,136.69000244140625,101200
2018-01-16,137.97000122070312,139.5,137.58999633789062,139.1999969482422,257800
2018-01-17,140.72000122070312,140.99000549316406,139.64999389648438,140.6199951171875,394400
2018-01-18,138.6300048828125,139.30999755859375,138.41000366210938,139.27000427246094,173300
2018-01-19,139.85000610351562,140.30999755859375,139.36000061035156,139.88999938964844,170600
2018-01-22,139.39999389648438,139.39999389648438,138.67999267578125,138.97000122070312,249800
2018-01-23,139.27999877929688,139.6300048828125,138.9499969482422,139.6300048828125,164800
2018-01-24,139.02999877929688,139.64999389648438,138.5,139.50999450683594,236800
2018-01-25,138.17999267578125,139.44000244140625,137.7100067138672,139.44000244140625,270900
2018-01-26,139.55999755859375,139.74000549316406,138.89999389648438,139.35000610351562,319300
2018-01-29,139.52999877929688,140.4600067138672,139.4600067138672,139.9499969482422,249200
2018-01-30,139.6199951171875,140.27000427246094,139.25,139.97999572753906,217200
2018-01-31,137.9199981689453,138.52000427246094,137.14999389648438,138.4499969482422,224600
2018-02-01,138.8000030517578,139.25,138.22000122070312,138.24000549316406,169600
2018-02-02,136.6199951171875,138.99000549316406,136.58999633789062,138.89999389648438,253200
2018-02-05,131.92999267578125,136.11000061035156,131.30999755859375,135.5,313800
2018-02-06,138.75999450683594,139.47999572753906,133.25,134.35000610351562,513200
2018-02-07,136.8800048828125,138.77999877929688,136.85000610351562,137.33999633789062,217800
2018-02-08,134.42999267578125,138.2899932861328,134.41000366210938,138.1999969482422,387700
2018-02-09,136.57000732421875,137.63999938964844,133.02999877929688,137.16000366210938,433000
2018-02-12,138.75999450683594,139.13999938964844,136.7899932861328,137.75999450683594,255100
2018-02-13,135.0399932861328,135.2899932861328,133.8000030517578,134.10000610351562,300100
2018-02-14,135.47000122070312,135.5800018310547,132.16000366210938,132.74000549316406,262600
2018-02-15,135.27999877929688,135.3300018310547,134.1300048828125,135.0,218500
2018-02-16,136.1999969482422,136.75999450683594,135.89999389648438,135.92999267578125,158500
2018-02-20,135.85000610351562,136.58999633789062,135.39999389648438,135.6999969482422,128800
2018-02-21,134.8000030517578,136.50999450683594,134.8000030517578,135.82000732421875,144300
2018-02-22,135.22999572753906,136.19000244140625,134.9499969482422,135.6199951171875,148000
2018-02-23,137.02999877929688,137.0800018310547,135.72999572753906,136.07000732421875,101800
2018-02-26,138.42999267578125,138.55999755859375,137.05999755859375,137.3699951171875,125600
2018-02-27,136.02999877929688,137.9499969482422,136.02000427246094,137.72999572753906,150800
2018-02-28,134.60000610351562,136.22000122070312,134.57000732421875,136.1699981689453,135600
2018-03-01,130.38999938964844,133.55999755859375,129.5,133.47999572753906,444200
2018-03-02,130.58999633789062,130.72999572753906,128.60000610351562,129.1699981689453,214200
2018-03-05,130.97999572753906,131.4199981689453,128.9600067138672,129.3000030517578,161200
2018-03-06,131.33999633789062,131.83999633789062,130.74000549316406,131.67999267578125,194900
2018-03-07,129.82000732421875,130.0,128.41000366210938,129.47999572753906,284100
2018-03-08,129.55999755859375,129.80999755859375,128.72999572753906,129.1999969482422,233800
2018-03-09,129.6999969482422,130.1300048828125,127.86000061035156,128.6199951171875,473000
2018-03-12,130.33999633789062,131.0,130.0399932861328,130.0399932861328,144000
2018-03-13,130.0,131.1699981689453,129.6699981689453,130.66000366210938,174200
2018-03-14,130.0,131.2100067138672,129.8699951171875,131.2100067138672,116100
2018-03-15,130.38999938964844,131.0,129.92999267578125,130.55999755859375,102400
2018-03-16,129.91000366210938,130.41000366210938,129.89999389648438,130.0800018310547,91400
2018-03-19,127.83999633789062,129.35000610351562,127.25,129.16000366210938,179500
2018-03-20,129.25,129.38999938964844,128.52000427246094,128.5500030517578,69100
2018-03-21,129.27999877929688,130.1999969482422,128.8699951171875,129.2899932861328,110500
2018-03-22,127.0199966430664,128.64999389648438,126.94999694824219,128.30999755859375,177300
2018-03-23,124.5,126.72000122070312,124.45999908447266,126.44999694824219,223200
2018-03-26,127.30999755859375,127.48999786376953,125.25,126.2699966430664,158700
2018-03-27,128.0399932861328,130.11000061035156,127.55000305175781,129.47999572753906,347600
2018-03-28,129.3699951171875,129.74000549316406,128.13999938964844,128.2100067138672,348300
2018-03-29,130.3699951171875,130.9499969482422,129.0800018310547,130.0,165000
2018-04-02,126.58999633789062,128.9499969482422,125.8499984741211,128.9499969482422,260000
2018-04-03,128.35000610351562,128.47000122070312,126.91999816894531,127.11000061035156,233100
2018-04-04,127.76000213623047,127.91999816894531,125.7699966430664,125.97000122070312,396400
2018-04-05,127.4000015258789,127.88999938964844,126.93000030517578,127.33999633789062,437300
2018-04-06,125.37000274658203,126.51000213623047,124.44999694824219,126.12000274658203,420600
2018-04-09,126.16999816894531,127.22000122070312,125.7300033569336,126.25,233200
2018-04-10,128.25999450683594,128.52999877929688,127.76000213623047,127.9800033569336,303400
2018-04-11,127.80999755859375,128.52999877929688,127.72000122070312,128.00999450683594,155000
2018-04-12,128.6300048828125,129.02000427246094,128.3000030517578,128.5800018310547,134500
2018-04-13,128.52999877929688,128.9499969482422,128.22000122070312,128.85000610351562,89000
2018-04-16,128.82000732421875,129.33999633789062,128.7100067138672,129.16000366210938,137300
2018-04-17,129.33999633789062,129.41000366210938,128.50999450683594,128.97999572753906,174100
2018-04-18,129.07000732421875,129.6300048828125,129.02000427246094,129.47000122070312,199600
2018-04-19,128.49000549316406,128.7899932861328,128.0,128.7899932861328,148000
2018-04-20,129.22999572753906,129.33999633789062,128.8000030517578,128.9499969482422,214600
2018-04-23,129.07000732421875,129.3699951171875,128.74000549316406,129.36000061035156,117600
2018-04-24,129.47000122070312,130.63999938964844,129.0800018310547,130.5,145600
2018-04-25,131.10000610351562,131.27000427246094,130.5399932861328,130.72999572753906,181500
2018-04-26,131.61000061035156,131.8699951171875,131.11000061035156,131.39999389648438,105800
2018-04-27,131.00999450683594,131.64999389648438,130.91000366210938,131.38999938964844,116900
2018-04-30,130.97999572753906,131.83999633789062,130.80999755859375,131.25999450683594,170600
2018-05-01,130.97000122070312,131.0,130.14999389648438,130.69000244140625,127000
2018-05-02,130.17999267578125,131.0,130.10000610351562,131.0,127100
2018-05-03,130.11000061035156,130.52999877929688,129.10000610351562,129.92999267578125,109500
2018-05-04,131.32000732421875,131.32000732421875,129.5399932861328,129.89999389648438,109800
2018-05-07,131.50999450683594,131.94000244140625,131.14999389648438,131.39999389648438,114300
2018-05-08,130.89999389648438,130.97999572753906,130.4499969482422,130.6300048828125,133800
2018-05-09,136.2899932861328,136.2899932861328,134.9600067138672,135.13999938964844,364800
2018-05-10,138.38999938964844,138.67999267578125,138.14999389648438,138.35000610351562,198400
2018-05-11,138.07000732421875,138.16000366210938,137.60000610351562,137.97999572753906,140600
2018-05-14,138.13999938964844,138.4499969482422,138.0,138.0399932861328,98800
2018-05-15,136.22000122070312,136.4600067138672,135.92999267578125,136.44000244140625,148700
2018-05-16,137.35000610351562,137.66000366210938,136.85000610351562,136.92999267578125,100900
2018-05-17,136.6699981689453,137.05999755859375,136.4600067138672,137.0,73100
2018-05-18,136.0399932861328,136.5,135.6699981689453,136.5,168600
2018-05-21,136.4499969482422,136.57000732421875,136.02999877929688,136.49000549316406,81800
2018-05-22,135.74000549316406,136.5,135.66000366210938,136.5,120400
2018-05-23,134.8300018310547,134.88999938964844,133.8300018310547,134.60000610351562,106300
2018-05-24,132.44000244140625,132.82000732421875,131.7899932861328,132.39999389648438,261800
2018-05-25,129.9600067138672,130.22000122070312,129.61000061035156,129.8000030517578,204900
2018-05-29,126.69999694824219,127.83000183105469,126.36000061035156,127.43000030517578,276400
2018-05-30,127.2300033569336,127.66999816894531,126.58999633789062,126.63999938964844,287700
2018-05-31,127.97000122070312,128.14999389648438,127.08999633789062,127.83000183105469,369800
2018-06-01,131.30999755859375,131.8699951171875,130.9199981689453,131.2899932861328,225800
2018-06-04,134.27999877929688,135.2899932861328,134.17999267578125,135.25,180500
2018-06-05,133.4600067138672,133.75,133.36000061035156,133.6300048828125,94700
2018-06-06,136.1699981689453,136.17999267578125,135.3800048828125,136.02999877929688,141500
2018-06-07,136.4499969482422,137.4199981689453,136.4199981689453,136.75999450683594,233500
2018-06-08,136.2100067138672,136.41000366210938,135.7899932861328,136.38999938964844,107100
2018-06-11,137.14999389648438,137.55999755859375,136.47000122070312,136.47999572753906,95200
2018-06-12,134.5500030517578,134.97999572753906,134.38999938964844,134.6999969482422,225000
2018-06-13,135.41000366210938,135.92999267578125,135.2899932861328,135.83999633789062,112400
2018-06-14,135.44000244140625,135.7899932861328,135.32000732421875,135.39999389648438,76800
2018-06-15,135.80999755859375,136.3800048828125,135.2100067138672,136.24000549316406,150400
2018-06-18,136.52000427246094,136.5500030517578,135.58999633789062,135.6199951171875,135400
2018-06-19,136.14999389648438,136.19000244140625,135.52999877929688,135.8000030517578,158100
2018-06-20,134.3699951171875,135.3000030517578,134.25999450683594,135.1999969482422,117600
2018-06-21,132.66000366210938,133.58999633789062,132.19000244140625,133.58999633789062,155600
2018-06-22,131.0,131.92999267578125,130.72000122070312,131.88999938964844,209600
2018-06-25,128.57000732421875,129.97999572753906,128.22999572753906,129.85000610351562,205700
2018-06-26,129.2100067138672,129.77000427246094,128.6300048828125,129.27000427246094,167400
2018-06-27,127.11000061035156,128.63999938964844,127.0999984741211,128.63999938964844,323500
2018-06-28,129.08999633789062,129.38999938964844,128.05999755859375,128.13999938964844,173400
2018-06-29,128.80999755859375,129.89999389648438,128.77999877929688,129.38999938964844,176600
2018-07-02,127.93000030517578,128.05999755859375,127.0,127.5199966430664,101500
2018-07-03,127.4000015258789,128.35000610351562,127.25,128.3300018310547,96500
2018-07-05,129.07000732421875,129.3000030517578,128.3800048828125,128.3800048828125,120800
2018-07-06,129.55999755859375,129.94000244140625,129.08999633789062,129.42999267578125,84300
2018-07-09,130.6999969482422,130.80999755859375,130.22999572753906,130.22999572753906,69500
2018-07-10,129.27000427246094,129.44000244140625,129.00999450683594,129.17999267578125,120100
2018-07-11,128.05999755859375,128.74000549316406,127.77999877929688,128.67999267578125,75300
2018-07-12,129.17999267578125,129.35000610351562,128.82000732421875,129.05999755859375,79700
2018-07-13,129.50999450683594,129.6699981689453,129.0800018310547,129.1199951171875,74900
2018-07-16,129.50999450683594,129.7100067138672,129.39999389648438,129.7100067138672,100500
2018-07-17,131.4499969482422,131.92999267578125,130.6999969482422,130.7899932861328,135600
2018-07-18,132.08999633789062,132.9499969482422,131.97000122070312,132.61000061035156,182200
2018-07-19,131.77000427246094,132.02000427246094,131.4600067138672,131.72000122070312,107700
2018-07-20,131.8000030517578,132.27000427246094,131.72999572753906,132.10000610351562,123000
2018-07-23,131.72999572753906,131.82000732421875,131.25,131.44000244140625,126800
2018-07-24,132.5800018310547,133.17999267578125,132.2100067138672,132.77000427246094,118200
2018-07-25,132.2100067138672,132.35000610351562,129.80999755859375,131.5800018310547,270700
2018-07-26,133.3300018310547,133.58999633789062,132.99000549316406,133.19000244140625,135600
2018-07-27,134.4600067138672,134.75999450683594,133.9600067138672,134.38999938964844,168100
2018-07-30,134.97999572753906,135.57000732421875,134.8000030517578,134.8300018310547,149900
2018-07-31,131.83999633789062,132.2899932861328,131.66000366210938,131.97999572753906,198700
2018-08-01,131.6300048828125,133.17999267578125,131.47000122070312,132.5,131800
2018-08-02,131.0500030517578,131.10000610351562,129.9499969482422,130.5500030517578,119300
2018-08-03,131.3000030517578,131.63999938964844,129.77000427246094,130.39999389648438,157700
2018-08-06,128.4499969482422,128.69000244140625,128.07000732421875,128.4600067138672,198200
2018-08-07,128.52000427246094,129.13999938964844,128.47000122070312,128.75999450683594,270900
2018-08-08,127.08999633789062,127.75,127.05000305175781,127.75,208400
2018-08-09,125.44999694824219,126.5,125.41999816894531,126.5,191100
2018-08-10,124.2300033569336,125.05000305175781,124.12999725341797,125.05000305175781,233000
2018-08-13,123.5,124.31999969482422,123.4800033569336,124.05999755859375,229200
2018-08-14,123.44999694824219,123.91999816894531,123.25,123.91999816894531,131000
2018-08-15,121.8499984741211,122.55999755859375,121.41999816894531,122.55999755859375,191500
2018-08-16,122.76000213623047,123.12000274658203,121.91999816894531,122.0,132900
2018-08-17,123.27999877929688,123.55000305175781,122.44000244140625,122.62999725341797,135100
2018-08-20,123.2699966430664,123.55999755859375,122.76000213623047,122.76000213623047,126400
2018-08-21,122.56999969482422,122.94999694824219,122.5,122.94999694824219,182600
2018-08-22,123.73999786376953,124.76000213623047,123.58000183105469,124.5199966430664,262900
2018-08-23,122.26000213623047,123.23999786376953,122.05999755859375,123.23999786376953,184300
2018-08-24,122.83999633789062,123.12999725341797,122.47000122070312,123.0199966430664,93200
2018-08-27,126.47000122070312,127.01000213623047,125.22000122070312,125.61000061035156,370500
2018-08-28,126.06999969482422,127.08999633789062,126.01000213623047,126.73999786376953,169100
2018-08-29,127.4800033569336,127.7699966430664,126.73999786376953,126.8499984741211,249000
2018-08-30,125.26000213623047,126.08999633789062,124.83000183105469,125.66000366210938,165200
2018-08-31,124.08000183105469,124.79000091552734,123.80000305175781,124.5999984741211,152600
2018-09-04,122.01000213623047,122.41999816894531,121.6500015258789,122.16999816894531,244500
2018-09-05,120.47000122070312,121.26000213623047,120.30999755859375,120.51000213623047,290800
2018-09-06,120.19000244140625,120.5,119.31999969482422,120.5,136600
2018-09-07,119.30000305175781,119.7699966430664,119.0199966430664,119.55999755859375,190300
2018-09-10,119.18000030517578,119.66000366210938,119.1500015258789,119.55000305175781,104500
2018-09-11,119.91999816894531,120.08999633789062,119.5199966430664,120.06999969482422,172200
2018-09-12,119.91000366210938,120.31999969482422,119.63999938964844,119.80000305175781,110500
2018-09-13,121.95999908447266,122.41000366210938,121.5999984741211,121.75,149900
2018-09-14,122.27999877929688,122.83000183105469,122.05999755859375,122.70999908447266,131400
2018-09-17,122.4800033569336,123.0199966430664,122.41000366210938,122.66999816894531,147300
2018-09-18,125.02999877929688,125.30000305175781,124.2699966430664,124.37999725341797,266900
2018-09-19,125.31999969482422,125.6500015258789,124.9800033569336,124.9800033569336,130900
2018-09-20,124.94999694824219,125.88999938964844,124.69000244140625,125.41999816894531,136000
2018-09-21,124.72000122070312,124.94999694824219,124.30999755859375,124.6500015258789,113600
2018-09-24,124.0,124.66000366210938,123.72000122070312,124.33999633789062,117900
2018-09-25,124.87999725341797,125.61000061035156,124.7699966430664,125.31999969482422,169900
2018-09-26,125.13999938964844,125.30000305175781,124.30999755859375,124.94999694824219,271000
2018-09-27,124.61000061035156,125.3499984741211,124.37999725341797,124.80000305175781,151200
2018-09-28,124.3499984741211,124.98999786376953,124.18000030517578,124.51000213623047,167300
2018-10-01,124.81999969482422,125.04000091552734,124.41000366210938,124.5999984741211,147200
2018-10-02,125.70999908447266,126.0199966430664,125.44000244140625,125.52999877929688,177100
2018-10-03,122.69999694824219,123.33999633789062,122.41999816894531,122.97000122070312,192000
2018-10-04,122.18000030517578,122.97000122070312,121.54000091552734,122.69999694824219,139500
2018-10-05,121.5,122.86000061035156,121.37000274658203,122.86000061035156,272500
2018-10-08,121.72000122070312,121.87999725341797,120.37999725341797,121.58999633789062,180000
2018-10-09,119.91999816894531,120.18000030517578,119.18000030517578,119.69999694824219,182500
2018-10-10,117.77999877929688,119.9000015258789,117.77999877929688,119.72000122070312,454400
2018-10-11,116.75,118.48999786376953,115.7699966430664,117.79000091552734,292400
2018-10-12,116.76000213623047,117.44000244140625,115.83000183105469,117.30000305175781,318500
2018-10-15,115.62999725341797,116.01000213623047,114.94999694824219,115.36000061035156,326900
2018-10-16,118.04000091552734,118.23999786376953,116.93000030517578,117.20999908447266,275600
2018-10-17,117.7300033569336,118.05999755859375,116.94000244140625,118.01000213623047,224500
2018-10-18,116.66999816894531,118.38999938964844,116.5199966430664,117.91000366210938,230000
2018-10-19,116.31999969482422,117.38999938964844,116.02999877929688,116.81999969482422,193400
2018-10-22,117.0999984741211,118.75,116.4000015258789,118.73999786376953,238700
2018-10-23,117.97000122070312,118.56999969482422,115.56999969482422,115.77999877929688,311600
2018-10-24,114.56999969482422,116.72000122070312,114.4000015258789,116.68000030517578,432000
2018-10-25,116.66000366210938,117.29000091552734,115.18000030517578,115.55000305175781,334700
2018-10-26,117.30000305175781,118.19000244140625,115.73999786376953,116.0,207700
2018-10-29,115.30999755859375,118.0199966430664,114.13999938964844,115.80000305175781,431700
2018-10-30,116.23999786376953,116.4000015258789,115.0,115.19999694824219,313100
2018-10-31,117.05000305175781,117.72000122070312,116.87000274658203,117.22000122070312,238400
2018-11-01,117.69999694824219,117.80999755859375,116.30000305175781,116.9000015258789,275500
2018-11-02,115.45999908447266,117.33999633789062,114.55000305175781,117.0,397500
2018-11-05,115.41000366210938,115.95999908447266,115.08999633789062,115.08999633789062,241900
2018-11-06,117.58000183105469,117.87000274658203,116.73999786376953,117.2699966430664,252200
2018-11-07,119.30999755859375,119.4800033569336,118.05999755859375,118.20999908447266,256900
2018-11-08,117.29000091552734,118.16000366210938,116.91999816894531,117.80999755859375,274400
2018-11-09,117.23999786376953,117.55000305175781,116.69999694824219,117.3499984741211,133900
2018-11-12,115.56999969482422,117.30000305175781,115.38999938964844,117.20999908447266,297000
2018-11-13,115.11000061035156,116.11000061035156,114.80000305175781,115.5,250100
2018-11-14,116.87999725341797,117.6500015258789,116.37999725341797,116.95999908447266,247000
2018-11-15,117.0,117.30000305175781,115.91999816894531,116.33999633789062,184800
2018-11-16,116.95999908447266,117.25,115.80000305175781,115.81999969482422,120400
2018-11-19,117.13999938964844,118.45999908447266,116.86000061035156,118.33999633789062,228600
2018-11-20,117.29000091552734,118.30000305175781,116.97000122070312,117.94000244140625,284900
2018-11-21,119.25,120.08999633789062,118.93000030517578,119.22000122070312,228700
2018-11-23,119.70999908447266,119.95999908447266,119.31999969482422,119.5199966430664,134000
2018-11-26,121.2699966430664,121.30999755859375,120.54000091552734,120.55000305175781,149400
2018-11-27,121.0,122.1500015258789,120.66999816894531,121.87999725341797,323900
2018-11-28,121.58000183105469,121.58000183105469,119.58999633789062,120.61000061035156,281100
2018-11-29,121.77999877929688,122.31999969482422,121.37999725341797,121.5199966430664,125600
2018-11-30,121.4800033569336,121.58000183105469,120.80000305175781,120.80000305175781,194700
2018-12-03,123.51000213623047,123.81999969482422,123.12000274658203,123.26000213623047,261000
2018-12-04,120.87999725341797,122.8499984741211,120.31999969482422,122.2699966430664,273500
2018-12-06,121.83000183105469,121.83999633789062,119.41000366210938,120.2699966430664,354600
2018-12-07,119.97000122070312,122.02999877929688,119.4000015258789,121.6500015258789,206100
2018-12-10,120.94000244140625,121.2699966430664,119.55999755859375,121.05000305175781,344200
2018-12-11,120.41000366210938,121.1500015258789,119.94000244140625,120.68000030517578,322000
2018-12-12,121.88999938964844,122.9000015258789,121.8499984741211,122.3499984741211,145400
2018-12-13,120.77999877929688,121.54000091552734,120.37000274658203,121.54000091552734,217400
2018-12-14,120.0999984741211,121.0199966430664,119.9000015258789,120.33000183105469,132000
2018-12-17,119.55000305175781,120.51000213623047,119.12000274658203,120.0,189100
2018-12-18,120.01000213623047,121.2699966430664,119.83999633789062,120.87999725341797,181700
2018-12-19,119.37999725341797,122.0,118.87000274658203,120.51000213623047,207900
2018-12-20,118.44999694824219,119.52999877929688,117.37999725341797,119.0,176900
2018-12-21,113.95999908447266,116.20999908447266,113.9000015258789,115.62000274658203,379700
2018-12-24,111.80999755859375,113.56999969482422,111.56999969482422,113.44999694824219,335800
2018-12-26,113.72000122070312,113.88999938964844,111.12000274658203,112.54000091552734,390600
2018-12-27,115.4800033569336,115.4800033569336,113.12000274658203,113.41000366210938,230400
2018-12-28,116.33999633789062,117.25,115.77999877929688,115.95999908447266,179300
2018-12-31,116.08000183105469,116.7699966430664,115.38999938964844,116.44000244140625,184700
2019-01-02,116.27999877929688,116.52999877929688,114.68000030517578,114.68000030517578,169900
2019-01-03,114.6500015258789,116.27999877929688,114.29000091552734,115.8499984741211,309500
2019-01-04,119.7300033569336,120.16999816894531,117.51000213623047,117.94000244140625,307500
2019-01-07,121.27999877929688,122.18000030517578,120.31999969482422,120.70999908447266,156100
2019-01-08,122.30999755859375,123.4800033569336,121.95999908447266,123.16000366210938,150400
2019-01-09,122.91999816894531,123.30000305175781,122.38999938964844,122.8499984741211,139800
2019-01-10,124.48999786376953,124.58000183105469,123.2699966430664,123.70999908447266,202900
2019-01-11,125.06999969482422,125.5199966430664,124.87999725341797,125.01000213623047,135500
2019-01-14,125.38999938964844,126.0999984741211,124.48999786376953,124.54000091552734,156600
2019-01-15,126.27999877929688,126.63999938964844,125.45999908447266,126.1500015258789,172300
2019-01-16,125.66000366210938,126.37000274658203,125.5999984741211,126.05999755859375,171400
2019-01-17,124.91999816894531,125.29000091552734,124.0199966430664,124.48999786376953,138700
2019-01-18,125.3499984741211,125.79000091552734,124.87000274658203,124.88999938964844,158600
2019-01-22,123.5999984741211,124.3499984741211,123.05999755859375,124.0,159800
2019-01-23,122.47000122070312,123.27999877929688,121.91000366210938,123.06999969482422,130600
2019-01-24,122.83000183105469,123.06999969482422,122.30999755859375,122.63999938964844,90400
2019-01-25,123.72000122070312,123.98999786376953,123.45999908447266,123.73999786376953,80000
2019-01-28,122.4800033569336,122.56999969482422,121.86000061035156,122.26000213623047,132000
2019-01-29,122.2699966430664,122.83000183105469,122.19000244140625,122.4800033569336,85300
2019-01-30,123.04000091552734,123.48999786376953,121.69000244140625,122.0999984741211,132300
2019-01-31,123.16999816894531,123.37999725341797,122.33000183105469,122.69999694824219,108500
2019-02-01,122.0,122.6500015258789,121.6500015258789,122.43000030517578,152700
2019-02-04,122.9000015258789,122.94000244140625,121.94000244140625,122.44000244140625,104000
2019-02-05,123.47000122070312,123.72000122070312,123.20999908447266,123.5199966430664,120300
2019-02-06,121.05000305175781,122.01000213623047,120.58000183105469,121.72000122070312,271200
2019-02-07,118.11000061035156,119.41000366210938,117.37999725341797,119.23999786376953,310700
2019-02-08,117.30999755859375,117.31999969482422,116.4000015258789,117.27999877929688,206100
2019-02-11,117.1500015258789,117.88999938964844,117.0,117.88999938964844,167500
2019-02-12,119.77999877929688,119.83000183105469,119.04000091552734,119.04000091552734,207600
2019-02-13,119.62999725341797,120.05999755859375,119.36000061035156,119.95999908447266,111200
2019-02-14,119.25,119.5,118.62999725341797,119.08000183105469,235600
2019-02-15,121.1500015258789,121.2300033569336,120.20999908447266,120.3499984741211,164900
2019-02-19,121.48999786376953,121.7699966430664,120.5199966430664,120.5199966430664,104100
2019-02-20,122.79000091552734,123.36000061035156,122.29000091552734,122.30999755859375,173000
2019-02-21,121.23999786376953,121.9800033569336,121.08999633789062,121.73999786376953,173100
2019-02-22,121.81999969482422,122.0199966430664,121.44999694824219,121.94000244140625,105000
2019-02-25,122.41000366210938,122.94999694824219,122.4000015258789,122.70999908447266,119400
2019-02-26,123.2300033569336,123.6500015258789,122.75,122.75,102400
2019-02-27,122.31999969482422,122.76000213623047,122.08999633789062,122.69999694824219,132900
2019-02-28,121.04000091552734,121.44000244140625,120.54000091552734,121.30000305175781,124800
2019-03-01,120.33999633789062,120.5999984741211,119.62999725341797,120.4000015258789,211500
2019-03-04,118.41999816894531,119.02999877929688,117.95999908447266,119.0199966430664,240300
2019-03-05,118.26000213623047,118.5,117.91999816894531,118.5,149800
2019-03-06,117.9800033569336,118.30999755859375,117.87999725341797,118.11000061035156,153000
2019-03-07,117.23999786376953,118.26000213623047,116.80999755859375,118.23999786376953,138500
2019-03-08,117.70999908447266,117.7300033569336,116.80999755859375,116.80999755859375,100200
2019-03-11,119.12999725341797,119.36000061035156,118.5,118.5,134700
2019-03-12,118.76000213623047,119.19999694824219,118.58000183105469,119.18000030517578,79000
2019-03-13,119.30999755859375,119.66000366210938,118.55999755859375,118.6500015258789,61500
2019-03-14,117.69999694824219,118.11000061035156,117.44999694824219,117.9000015258789,139800
2019-03-15,118.97000122070312,119.19999694824219,118.75,119.0,150900
2019-03-18,119.51000213623047,119.5999984741211,118.80999755859375,118.94000244140625,106300
2019-03-19,119.7300033569336,120.48999786376953,119.63999938964844,119.94000244140625,85700
2019-03-20,119.66999816894531,120.43000030517578,118.95999908447266,120.31999969482422,140500
2019-03-21,120.44000244140625,120.48999786376953,119.26000213623047,119.62000274658203,127200
2019-03-22,120.22000122070312,121.16000366210938,119.83000183105469,121.11000061035156,179400
2019-03-25,120.48999786376953,120.68000030517578,119.41999816894531,119.88999938964844,136400
2019-03-26,121.7699966430664,122.27999877929688,121.5199966430664,122.01000213623047,138300
2019-03-27,121.02999877929688,121.36000061035156,120.52999877929688,121.12000274658203,143300
2019-03-28,119.06999969482422,119.51000213623047,118.75,119.36000061035156,155500
2019-03-29,118.0199966430664,118.30999755859375,117.83999633789062,118.25,250700
2019-04-01,119.87999725341797,120.19999694824219,119.45999908447266,119.45999908447266,140500
2019-04-02,120.6500015258789,120.73999786376953,120.11000061035156,120.5,88400
2019-04-03,121.06999969482422,121.5999984741211,120.83000183105469,120.94999694824219,117900
2019-04-04,122.08000183105469,122.38999938964844,121.6500015258789,121.69999694824219,155600
2019-04-05,122.54000091552734,122.7300033569336,121.87999725341797,122.0,132100
2019-04-08,122.23999786376953,122.48999786376953,121.7300033569336,121.7300033569336,84600
2019-04-09,122.05999755859375,122.80000305175781,121.94999694824219,122.38999938964844,104100
2019-04-10,122.18000030517578,122.44999694824219,122.04000091552734,122.44000244140625,65400
2019-04-11,121.04000091552734,121.83000183105469,121.0,121.69000244140625,96800
2019-04-12,122.4000015258789,122.80000305175781,121.83999633789062,121.83999633789062,117100
2019-04-15,121.97000122070312,122.44000244140625,121.61000061035156,122.16000366210938,138500
2019-04-16,121.75,122.22000122070312,121.51000213623047,121.95999908447266,114100
2019-04-17,124.08000183105469,124.63999938964844,123.80000305175781,123.83999633789062,181700
2019-04-18,125.16000366210938,125.43000030517578,124.94999694824219,124.98999786376953,189800
2019-04-22,124.16000366210938,124.80999755859375,123.9800033569336,124.80999755859375,160500
2019-04-23,124.94000244140625,124.9800033569336,124.48999786376953,124.87999725341797,117200
2019-04-24,122.87999725341797,123.22000122070312,122.6500015258789,122.75,169900
2019-04-25,123.19000244140625,123.51000213623047,122.81999969482422,123.51000213623047,87900
2019-04-26,123.62000274658203,123.83000183105469,123.45999908447266,123.79000091552734,126400
2019-04-29,123.80999755859375,124.0,123.62000274658203,123.77999877929688,97800
2019-04-30,123.5999984741211,124.20999908447266,123.45999908447266,124.20999908447266,155500
2019-05-01,122.91999816894531,123.94999694824219,122.79000091552734,123.94999694824219,94500
2019-05-02,122.58999633789062,123.1500015258789,122.33999633789062,122.91999816894531,84000
2019-05-03,123.6500015258789,123.76000213623047,122.61000061035156,122.61000061035156,112400
2019-05-06,122.9800033569336,123.0199966430664,121.33000183105469,121.62000274658203,137400
2019-05-07,122.5,123.3499984741211,121.9000015258789,123.0,158400
2019-05-08,121.76000213623047,122.6500015258789,121.70999908447266,122.55000305175781,140900
2019-05-09,119.31999969482422,119.36000061035156,117.75,119.08000183105469,273300
2019-05-10,119.2699966430664,119.54000091552734,117.7300033569336,118.91999816894531,143000
2019-05-13,118.26000213623047,119.02999877929688,117.79000091552734,118.0,208600
2019-05-14,119.06999969482422,119.73999786376953,118.7300033569336,118.87000274658203,136800
2019-05-15,120.63999938964844,120.88999938964844,118.45999908447266,118.8499984741211,274300
2019-05-16,119.9000015258789,120.29000091552734,119.0,119.1500015258789,160900
2019-05-17,118.4000015258789,119.08999633789062,118.19999694824219,118.37999725341797,334100
2019-05-20,118.11000061035156,118.79000091552734,117.87999725341797,118.12000274658203,156300
2019-05-21,118.25,118.38999938964844,117.45999908447266,117.8499984741211,124300
2019-05-22,117.31999969482422,117.9800033569336,117.2699966430664,117.77999877929688,107600
2019-05-23,117.47000122070312,117.86000061035156,117.05000305175781,117.37999725341797,116500
2019-05-24,118.55000305175781,118.87999725341797,118.04000091552734,118.83999633789062,121200
2019-05-28,119.4000015258789,120.66000366210938,119.37999725341797,119.87000274658203,145300
2019-05-29,119.55000305175781,119.87999725341797,118.9000015258789,119.87999725341797,125700
2019-05-30,119.75,119.91999816894531,119.37999725341797,119.77999877929688,125900
2019-05-31,117.58000183105469,117.72000122070312,117.0999984741211,117.5,181300
2019-06-03,118.12999725341797,118.2699966430664,117.44000244140625,117.58000183105469,102000
2019-06-04,119.54000091552734,119.7699966430664,118.51000213623047,118.7300033569336,228500
2019-06-05,120.22000122070312,121.0,120.04000091552734,120.5,136100
2019-06-06,121.30000305175781,121.44999694824219,120.86000061035156,121.05000305175781,116600
2019-06-07,122.38999938964844,122.87000274658203,121.87999725341797,121.94999694824219,120300
2019-06-10,123.48999786376953,123.93000030517578,123.36000061035156,123.45999908447266,118700
2019-06-11,124.98999786376953,125.25,124.37999725341797,124.5,153500
2019-06-12,125.68000030517578,126.0,125.0999984741211,125.0999984741211,233100
2019-06-13,124.79000091552734,124.79000091552734,124.19000244140625,124.44999694824219,119800
2019-06-14,124.38999938964844,124.6500015258789,124.26000213623047,124.44999694824219,154300
2019-06-17,124.16999816894531,124.47000122070312,123.80999755859375,124.29000091552734,85300
2019-06-18,125.37000274658203,125.48999786376953,124.69999694824219,124.80999755859375,120700
2019-06-19,125.20999908447266,125.27999877929688,124.72000122070312,125.19999694824219,75400
2019-06-20,125.80000305175781,125.98999786376953,125.26000213623047,125.91000366210938,83100
2019-06-21,124.83000183105469,125.22000122070312,124.72000122070312,124.93000030517578,88700
2019-06-24,124.79000091552734,125.19999694824219,124.72000122070312,125.05999755859375,157000
2019-06-25,123.93000030517578,124.77999877929688,123.44000244140625,124.77999877929688,109300
2019-06-26,123.29000091552734,124.05000305175781,123.1500015258789,123.91999816894531,96200
2019-06-27,123.66999816894531,124.5,123.47000122070312,123.91999816894531,56000
2019-06-28,123.98999786376953,124.43000030517578,123.83999633789062,124.08999633789062,83700
2019-07-01,125.79000091552734,126.80000305175781,125.31999969482422,126.62999725341797,179200
2019-07-02,127.0,127.23999786376953,126.30000305175781,126.30000305175781,173200
2019-07-03,126.83000183105469,127.43000030517578,126.2300033569336,126.87000274658203,72100
2019-07-05,126.56999969482422,126.63999938964844,125.94999694824219,126.1500015258789,75300
2019-07-08,126.87000274658203,127.44000244140625,126.19000244140625,126.27999877929688,170900
2019-07-09,126.9000015258789,126.9000015258789,126.41000366210938,126.86000061035156,85500
2019-07-10,127.37999725341797,127.68000030517578,126.62000274658203,126.62000274658203,131500
2019-07-11,126.75,127.08000183105469,126.37000274658203,127.08000183105469,74900
2019-07-12,127.70999908447266,128.1300048828125,127.0,127.4000015258789,118900
2019-07-15,127.62999725341797,128.49000549316406,127.2300033569336,128.10000610351562,115900
2019-07-16,128.61000061035156,129.32000732421875,128.27999877929688,128.3800048828125,221400
2019-07-17,129.36000061035156,129.63999938964844,129.14999389648438,129.5,176000
2019-07-18,129.80999755859375,130.16000366210938,129.27000427246094,129.27000427246094,226400
2019-07-19,130.1699981689453,131.60000610351562,130.02999877929688,131.30999755859375,411600
2019-07-22,131.13999938964844,131.5800018310547,130.86000061035156,131.25999450683594,263300
2019-07-23,131.75,131.99000549316406,131.57000732421875,131.6999969482422,104500
2019-07-24,133.0,133.16000366210938,132.24000549316406,132.27999877929688,158400
2019-07-25,132.5,133.07000732421875,132.22000122070312,133.07000732421875,114900
2019-07-26,131.9499969482422,132.24000549316406,131.3800048828125,131.72000122070312,88700
2019-07-29,131.72999572753906,132.1300048828125,131.61000061035156,131.66000366210938,134500
2019-07-30,131.1300048828125,131.4499969482422,130.6999969482422,131.10000610351562,89700
2019-07-31,129.0500030517578,129.88999938964844,128.3800048828125,129.4600067138672,203200
2019-08-01,129.6199951171875,131.39999389648438,129.13999938964844,130.1999969482422,122800
2019-08-02,128.9499969482422,129.19000244140625,128.0,128.0,101100
2019-08-05,128.3000030517578,129.8300018310547,127.69999694824219,129.4199981689453,294700
2019-08-06,127.05000305175781,127.73999786376953,125.63999938964844,127.45999908447266,188900
2019-08-07,128.22000122070312,128.47000122070312,127.0199966430664,127.3499984741211,290600
2019-08-08,129.35000610351562,129.58999633789062,128.0399932861328,128.49000549316406,106400
2019-08-09,128.97999572753906,129.49000549316406,128.16000366210938,129.22999572753906,128400
2019-08-12,128.22999572753906,128.85000610351562,127.83000183105469,128.67999267578125,126700
2019-08-13,129.4199981689453,129.94000244140625,128.1999969482422,128.3000030517578,146400
2019-08-14,126.4800033569336,128.2100067138672,126.0999984741211,128.2100067138672,184000
2019-08-15,127.36000061035156,127.62999725341797,126.83999633789062,127.0,139400
2019-08-16,128.7899932861328,128.99000549316406,126.83999633789062,127.83000183105469,116700
2019-08-19,129.63999938964844,129.97000122070312,129.5,129.6699981689453,73900
2019-08-20,129.02999877929688,129.6999969482422,128.9499969482422,129.47999572753906,73800
2019-08-21,129.8800048828125,130.1699981689453,129.74000549316406,129.82000732421875,83700
2019-08-22,129.64999389648438,130.25999450683594,129.47000122070312,129.83999633789062,53100
2019-08-23,127.83000183105469,129.7899932861328,127.72000122070312,128.97000122070312,111100
2019-08-26,130.77999877929688,131.38999938964844,130.13999938964844,130.92999267578125,179900
2019-08-27,130.4600067138672,131.27000427246094,130.33999633789062,131.02000427246094,99100
2019-08-28,130.2899932861328,130.57000732421875,129.8000030517578,130.17999267578125,100500
2019-08-29,130.5,130.6199951171875,130.07000732421875,130.49000549316406,92100
2019-08-30,130.6300048828125,131.2899932861328,130.3300018310547,131.02000427246094,50600
2019-09-03,131.57000732421875,131.86000061035156,131.17999267578125,131.39999389648438,97900
2019-09-04,132.10000610351562,132.3699951171875,131.32000732421875,131.32000732421875,107600
2019-09-05,131.1699981689453,131.63999938964844,130.5800018310547,130.5800018310547,155100
2019-09-06,132.0500030517578,132.25,131.80999755859375,132.00999450683594,331300
2019-09-09,132.8300018310547,133.22999572753906,132.75999450683594,132.88999938964844,188700
2019-09-10,133.6199951171875,133.8699951171875,133.32000732421875,133.5800018310547,133300
2019-09-11,135.5500030517578,135.9600067138672,135.32000732421875,135.63999938964844,193500
2019-09-12,135.7899932861328,136.3000030517578,135.30999755859375,135.30999755859375,117300
2019-09-13,136.66000366210938,137.19000244140625,136.6300048828125,136.77999877929688,195000
2019-09-16,135.94000244140625,136.27000427246094,135.5399932861328,136.1999969482422,141000
2019-09-17,137.82000732421875,137.88999938964844,136.89999389648438,137.0,145900
2019-09-18,137.0500030517578,137.6300048828125,136.57000732421875,137.5500030517578,83500
2019-09-19,136.5500030517578,137.13999938964844,136.42999267578125,136.82000732421875,72800
2019-09-20,136.55999755859375,137.72999572753906,136.52000427246094,137.07000732421875,97800
2019-09-23,136.3699951171875,136.6699981689453,135.25,135.25,105500
2019-09-24,137.41000366210938,138.35000610351562,137.05999755859375,137.6999969482422,237300
2019-09-25,136.6199951171875,136.92999267578125,135.57000732421875,136.35000610351562,165900
2019-09-26,138.32000732421875,138.41000366210938,136.8000030517578,137.89999389648438,180900
2019-09-27,136.27999877929688,137.1300048828125,135.89999389648438,136.85000610351562,114200
2019-09-30,134.49000549316406,134.67999267578125,133.11000061035156,133.5500030517578,172600
2019-10-01,133.2899932861328,134.6300048828125,132.97999572753906,134.6300048828125,302000
2019-10-02,131.47000122070312,132.47999572753906,130.97999572753906,132.22000122070312,136100
2019-10-03,131.1999969482422,131.22000122070312,129.74000549316406,130.58999633789062,149400
2019-10-04,131.82000732421875,131.9600067138672,131.10000610351562,131.35000610351562,118400
2019-10-07,131.14999389648438,131.8699951171875,130.97999572753906,131.1999969482422,183900
2019-10-08,131.42999267578125,132.1699981689453,131.17999267578125,131.8699951171875,152500
2019-10-09,133.00999450683594,133.4199981689453,132.7100067138672,132.88999938964844,137000
2019-10-10,132.64999389648438,133.0,132.3000030517578,132.4600067138672,91200
2019-10-11,135.4499969482422,136.22000122070312,135.05999755859375,135.1999969482422,148300
2019-10-14,135.07000732421875,135.55999755859375,135.02999877929688,135.27999877929688,56000
2019-10-15,136.8699951171875,137.36000061035156,136.3800048828125,136.8000030517578,169400
2019-10-16,136.75999450683594,137.42999267578125,136.58999633789062,137.17999267578125,171600
2019-10-17,135.9499969482422,136.35000610351562,135.61000061035156,136.17999267578125,115300
2019-10-18,135.77000427246094,135.97999572753906,135.3800048828125,135.9199981689453,113400
2019-10-21,136.32000732421875,136.6999969482422,136.2100067138672,136.4199981689453,95700
2019-10-22,136.35000610351562,136.99000549316406,136.3000030517578,136.60000610351562,80700
2019-10-23,137.32000732421875,137.32000732421875,136.61000061035156,136.75,112700
2019-10-24,138.14999389648438,138.1699981689453,137.6699981689453,137.89999389648438,137500
2019-10-25,138.27999877929688,138.44000244140625,137.72000122070312,138.22000122070312,147900
2019-10-28,138.33999633789062,138.36000061035156,137.66000366210938,137.9499969482422,117400
2019-10-29,138.67999267578125,138.74000549316406,138.1999969482422,138.1999969482422,149700
2019-10-30,139.02000427246094,139.08999633789062,137.4199981689453,137.4199981689453,136400
2019-10-31,138.5500030517578,138.86000061035156,138.25,138.6999969482422,166500
2019-11-01,139.8300018310547,140.08999633789062,139.4499969482422,139.6199951171875,115800
2019-11-04,140.55999755859375,140.6300048828125,140.02999877929688,140.02999877929688,137900
2019-11-05,140.74000549316406,140.94000244140625,140.41000366210938,140.8800048828125,80500
2019-11-06,140.3699951171875,140.85000610351562,140.19000244140625,140.6300048828125,98900
2019-11-07,142.86000061035156,143.5,142.63999938964844,142.6999969482422,179800
2019-11-08,144.38999938964844,144.5800018310547,143.92999267578125,144.0,191900
2019-11-11,145.05999755859375,145.41000366210938,144.35000610351562,144.9499969482422,210200
2019-11-12,144.5399932861328,145.27999877929688,143.67999267578125,144.77000427246094,119600
2019-11-13,144.55999755859375,144.7100067138672,144.02999877929688,144.49000549316406,113800
2019-11-14,143.8699951171875,143.8699951171875,142.8800048828125,143.5,98800
2019-11-15,144.27000427246094,144.39999389648438,143.9199981689453,144.00999450683594,114500
2019-11-18,143.60000610351562,143.75999450683594,143.27000427246094,143.3000030517578,128400
2019-11-19,142.85000610351562,143.55999755859375,142.8000030517578,143.55999755859375,133300
2019-11-20,141.3699951171875,141.8699951171875,140.5,141.75,93300
2019-11-21,142.13999938964844,142.3800048828125,141.86000061035156,142.10000610351562,61300
2019-11-22,142.52999877929688,143.10000610351562,142.35000610351562,143.10000610351562,69900
2019-11-25,142.5399932861328,142.6999969482422,140.75,140.75,115700
2019-11-26,141.97000122070312,142.0,141.27999877929688,141.97999572753906,86400
2019-11-27,141.66000366210938,141.86000061035156,141.00999450683594,141.49000549316406,179900
2019-11-29,140.2100067138672,140.5800018310547,140.07000732421875,140.14999389648438,107800
2019-12-02,140.27000427246094,141.35000610351562,139.6999969482422,141.35000610351562,117800
2019-12-03,140.72999572753906,140.7899932861328,139.9499969482422,140.50999450683594,109300
2019-12-04,143.3800048828125,144.02000427246094,142.74000549316406,144.02000427246094,175400
2019-12-05,142.8300018310547,143.1300048828125,142.5800018310547,143.10000610351562,91500
2019-12-06,142.77000427246094,142.85000610351562,142.3300018310547,142.35000610351562,93900
2019-12-09,141.88999938964844,143.1300048828125,141.86000061035156,143.1300048828125,99300
2019-12-10,141.17999267578125,141.66000366210938,141.0,141.3000030517578,147000
2019-12-11,141.6199951171875,141.8300018310547,140.97999572753906,141.3300018310547,139400
2019-12-12,141.60000610351562,141.8000030517578,140.22999572753906,140.85000610351562,150000
2019-12-13,142.10000610351562,142.8800048828125,141.77999877929688,142.61000061035156,89100
2019-12-16,142.52999877929688,142.64999389648438,142.17999267578125,142.19000244140625,75900
2019-12-17,142.77000427246094,142.86000061035156,142.2899932861328,142.3800048828125,70600
2019-12-18,142.38999938964844,142.5399932861328,142.13999938964844,142.4199981689453,69700
2019-12-19,142.75999450683594,143.0,142.4600067138672,142.97999572753906,92700
2019-12-20,141.97000122070312,142.25999450683594,140.55999755859375,140.55999755859375,129300
2019-12-23,141.9600067138672,142.1199951171875,141.6999969482422,142.1199951171875,85900
2019-12-24,141.33999633789062,141.67999267578125,141.19000244140625,141.5,66700
2019-12-26,141.52999877929688,141.52999877929688,140.83999633789062,141.36000061035156,73700
2019-12-27,141.27999877929688,142.0,141.24000549316406,142.0,133000
2019-12-30,140.61000061035156,141.4600067138672,140.44000244140625,141.4600067138672,91800
2019-12-31,140.5399932861328,140.72999572753906,140.1300048828125,140.5800018310547,89700
2020-01-02,142.24000549316406,142.35000610351562,141.52999877929688,142.0,118100
2020-01-03,140.75,141.4199981689453,140.3000030517578,141.22999572753906,174900
2020-01-06,140.77000427246094,140.88999938964844,139.4600067138672,139.4600067138672,150200
2020-01-07,141.50999450683594,142.42999267578125,141.36000061035156,142.1300048828125,123500
2020-01-08,141.16000366210938,141.5800018310547,140.60000610351562,140.91000366210938,117700
2020-01-09,140.50999450683594,141.16000366210938,140.11000061035156,141.16000366210938,116200
2020-01-10,139.72999572753906,140.16000366210938,139.47000122070312,140.0,172000
2020-01-13,140.55999755859375,140.64999389648438,139.72000122070312,140.16000366210938,114100
2020-01-14,140.3699951171875,140.7100067138672,140.02000427246094,140.4199981689453,109400
2020-01-15,139.36000061035156,139.82000732421875,139.27999877929688,139.61000061035156,138200
2020-01-16,140.10000610351562,140.10000610351562,139.3699951171875,139.44000244140625,104000
2020-01-17,140.0399932861328,140.05999755859375,139.47000122070312,139.67999267578125,91100
2020-01-21,142.3800048828125,142.9600067138672,141.39999389648438,141.75,166200
2020-01-22,141.55999755859375,142.22999572753906,141.22000122070312,141.92999267578125,170800
2020-01-23,143.05999755859375,143.10000610351562,142.10000610351562,142.4499969482422,169400
2020-01-24,142.75999450683594,143.75999450683594,142.24000549316406,143.49000549316406,204900
2020-01-27,141.05999755859375,141.5399932861328,140.67999267578125,141.44000244140625,186800
2020-01-28,142.5800018310547,142.58999633789062,141.6699981689453,141.6699981689453,234500
2020-01-29,141.5500030517578,142.5800018310547,141.5500030517578,142.5800018310547,116900
2020-01-30,141.0800018310547,141.19000244140625,139.72999572753906,140.5,111400
2020-01-31,138.83999633789062,140.60000610351562,138.50999450683594,140.0500030517578,281600
2020-02-03,138.9199981689453,139.8800048828125,138.5500030517578,138.67999267578125,160600
2020-02-04,140.9499969482422,141.6300048828125,140.52999877929688,140.74000549316406,208100
2020-02-05,141.72000122070312,142.1999969482422,141.4600067138672,142.1999969482422,104100
2020-02-06,143.85000610351562,144.38999938964844,143.05999755859375,144.0,204600
2020-02-07,142.33999633789062,143.16000366210938,142.25999450683594,142.99000549316406,98000
2020-02-10,141.27999877929688,141.89999389648438,140.7100067138672,140.92999267578125,135800
2020-02-11,142.11000061035156,142.33999633789062,141.6999969482422,141.99000549316406,151200
2020-02-12,142.42999267578125,142.66000366210938,141.9499969482422,142.0,99100
2020-02-13,141.10000610351562,141.4600067138672,140.77999877929688,141.0,135900
2020-02-14,140.14999389648438,140.99000549316406,139.75999450683594,140.60000610351562,139200
2020-02-18,139.3800048828125,140.0,138.5800018310547,139.05999755859375,275800
2020-02-19,137.83999633789062,138.67999267578125,137.52000427246094,137.6300048828125,315200
2020-02-20,139.11000061035156,139.41000366210938,138.24000549316406,138.6300048828125,241000
2020-02-21,139.0399932861328,139.80999755859375,138.63999938964844,139.3000030517578,150600
2020-02-24,134.49000549316406,135.30999755859375,134.00999450683594,135.1199951171875,398800
2020-02-25,134.02999877929688,136.25999450683594,133.3000030517578,136.25999450683594,317700
2020-02-26,135.1300048828125,136.27999877929688,134.6199951171875,135.1999969482422,316800
2020-02-27,131.39999389648438,133.72999572753906,131.22999572753906,133.16000366210938,304700
2020-02-28,130.75,130.8000030517578,128.0,128.85000610351562,367900
2020-03-02,132.7100067138672,132.97999572753906,130.13999938964844,131.0,264200
2020-03-03,130.9499969482422,133.99000549316406,130.02000427246094,132.4499969482422,289000
2020-03-04,131.85000610351562,131.99000549316406,129.0,129.5,244600
2020-03-05,129.1999969482422,129.8300018310547,128.8000030517578,129.5,401900
2020-03-06,127.11000061035156,127.87999725341797,126.19999694824219,127.41999816894531,292200
2020-03-09,122.79000091552734,125.69000244140625,122.23999786376953,122.5999984741211,435200
2020-03-10,126.98999786376953,127.0,123.23999786376953,126.29000091552734,462100
2020-03-11,122.79000091552734,126.2300033569336,122.61000061035156,125.16000366210938,565500
2020-03-12,112.19999694824219,118.77999877929688,111.4800033569336,118.77999877929688,536300
2020-03-13,116.2300033569336,117.2699966430664,111.58999633789062,117.18000030517578,448700
2020-03-16,108.5,112.51000213623047,108.01000213623047,110.0,409400
2020-03-17,118.88999938964844,119.70999908447266,113.69999694824219,115.61000061035156,743300
2020-03-18,116.06999969482422,119.27999877929688,112.04000091552734,115.87000274658203,579800
2020-03-19,118.2300033569336,120.41000366210938,116.95999908447266,118.12000274658203,481000
2020-03-20,116.45999908447266,121.8499984741211,116.45999908447266,120.0,317000
2020-03-23,111.0999984741211,114.41000366210938,108.61000061035156,113.72000122070312,487900
2020-03-24,116.3499984741211,116.97000122070312,112.5199966430664,114.02999877929688,407400
2020-03-25,121.29000091552734,123.19999694824219,118.45999908447266,121.63999938964844,486900
2020-03-26,126.33999633789062,126.55999755859375,122.0199966430664,122.0199966430664,377300
2020-03-27,127.23999786376953,129.25,125.01000213623047,125.0999984741211,329700
2020-03-30,125.22000122070312,125.29000091552734,123.0,124.41999816894531,274400
2020-03-31,119.94999694824219,122.16000366210938,119.55000305175781,120.19999694824219,356600
2020-04-01,116.70999908447266,119.33000183105469,116.5,118.0,398100
2020-04-02,117.81999969482422,118.12000274658203,115.72000122070312,115.91000366210938,292600
2020-04-03,115.0,115.69000244140625,113.9800033569336,114.80999755859375,337100
2020-04-06,122.41000366210938,122.80999755859375,119.4000015258789,120.0,328200
2020-04-07,121.9000015258789,125.66999816894531,121.9000015258789,125.56999969482422,239600
2020-04-08,123.54000091552734,123.91999816894531,121.75,123.16999816894531,238900
2020-04-09,123.41000366210938,124.83999633789062,123.08999633789062,124.20999908447266,216300
2020-04-13,121.26000213623047,121.80000305175781,120.18000030517578,121.75,154300
2020-04-14,124.63999938964844,125.25,123.69999694824219,124.7699966430664,297800
2020-04-15,122.98999786376953,124.05999755859375,122.62999725341797,124.05999755859375,302200
2020-04-16,121.83000183105469,122.0999984741211,120.51000213623047,122.0,195400
2020-04-17,124.61000061035156,124.95999908447266,123.5199966430664,124.95999908447266,180900
2020-04-20,121.70999908447266,123.16999816894531,121.63999938964844,122.68000030517578,176700
2020-04-21,120.66999816894531,121.9800033569336,120.41000366210938,121.44999694824219,221700
2020-04-22,121.43000030517578,122.13999938964844,121.11000061035156,122.13999938964844,181700
2020-04-23,121.68000030517578,123.2699966430664,121.66999816894531,122.37000274658203,156100
2020-04-24,122.55999755859375,122.79000091552734,121.69000244140625,122.75,114100
2020-04-27,124.19999694824219,124.41999816894531,123.25,123.75,160300
2020-04-28,125.48999786376953,126.93000030517578,125.47000122070312,126.2300033569336,195700
2020-04-29,127.86000061035156,128.7899932861328,127.13999938964844,127.66000366210938,171100
2020-04-30,123.58999633789062,125.06999969482422,122.97000122070312,124.9000015258789,265300
2020-05-01,121.12000274658203,122.2300033569336,121.01000213623047,121.63999938964844,183200
2020-05-04,120.69999694824219,120.94000244140625,119.81999969482422,120.25,189500
2020-05-05,121.95999908447266,122.87999725341797,121.77999877929688,122.52999877929688,124900
2020-05-06,121.58000183105469,123.44999694824219,121.43000030517578,123.44999694824219,131400
2020-05-07,121.5199966430664,122.19999694824219,121.2300033569336,121.44999694824219,146700
2020-05-08,123.0999984741211,123.55000305175781,121.95999908447266,121.9800033569336,216200
2020-05-11,123.62000274658203,123.87000274658203,122.95999908447266,123.22000122070312,179100
2020-05-12,120.16999816894531,122.4000015258789,120.05000305175781,121.54000091552734,355200
2020-05-13,117.76000213623047,119.83000183105469,117.01000213623047,119.83000183105469,340500
2020-05-14,116.94999694824219,117.05999755859375,115.19000244140625,116.0,255300
2020-05-15,116.88999938964844,117.3499984741211,116.11000061035156,116.19999694824219,179100
2020-05-18,119.47000122070312,119.75,118.0999984741211,118.45999908447266,236300
2020-05-19,118.22000122070312,119.68000030517578,118.22000122070312,119.29000091552734,220600
2020-05-20,119.81999969482422,120.33000183105469,119.2699966430664,119.83999633789062,162600
2020-05-21,117.94999694824219,119.12999725341797,117.5199966430664,118.87000274658203,132300
2020-05-22,117.55999755859375,118.05999755859375,117.12000274658203,117.98999786376953,131800
2020-05-26,124.11000061035156,124.36000061035156,122.70999908447266,123.05000305175781,378700
2020-05-27,126.80999755859375,126.97000122070312,124.83999633789062,126.41000366210938,330200
2020-05-28,128.36000061035156,129.32000732421875,128.11000061035156,129.19000244140625,341700
2020-05-29,126.01000213623047,126.25,124.70999908447266,125.94000244140625,269100
2020-06-01,126.44999694824219,126.83999633789062,124.75,124.9000015258789,233500
2020-06-02,126.4800033569336,127.12000274658203,125.94999694824219,126.38999938964844,237900
2020-06-03,128.72999572753906,129.25,127.58000183105469,128.0500030517578,237000
2020-06-04,128.16000366210938,129.0800018310547,127.51000213623047,127.51000213623047,196900
2020-06-05,131.10000610351562,132.0,130.1199951171875,130.1199951171875,238900
2020-06-08,132.07000732421875,132.1300048828125,130.7899932861328,131.86000061035156,189500
2020-06-09,130.58999633789062,131.08999633789062,129.6199951171875,130.0,195800
2020-06-10,131.00999450683594,131.80999755859375,130.42999267578125,131.14999389648438,158400
2020-06-11,124.44000244140625,127.88999938964844,123.83000183105469,127.37999725341797,266800
2020-06-12,127.81999969482422,128.36000061035156,126.48999786376953,128.14999389648438,241600
2020-06-15,127.4000015258789,128.22000122070312,125.25,126.16999816894531,188000
2020-06-16,129.60000610351562,131.27000427246094,128.55999755859375,130.6999969482422,169000
2020-06-17,128.8800048828125,129.99000549316406,128.83999633789062,129.67999267578125,157300
2020-06-18,129.1199951171875,129.1199951171875,128.47999572753906,128.8800048828125,114200
2020-06-19,127.79000091552734,129.08999633789062,127.5,129.0,138800
2020-06-22,128.1300048828125,128.3300018310547,127.18000030517578,127.93000030517578,124600
2020-06-23,129.08999633789062,130.30999755859375,128.97000122070312,130.1699981689453,244800
2020-06-24,127.80000305175781,129.4199981689453,127.0,129.39999389648438,433600
2020-06-25,127.7699966430664,127.80000305175781,126.01000213623047,126.44999694824219,192000
2020-06-26,126.16000366210938,127.91000366210938,125.9000015258789,127.91000366210938,229700
2020-06-29,126.88999938964844,127.0,125.93000030517578,126.47000122070312,242500
2020-06-30,125.62999725341797,126.12000274658203,124.87000274658203,125.51000213623047,222100
2020-07-01,124.13999938964844,125.04000091552734,124.02999877929688,124.76000213623047,255100
2020-07-02,126.38999938964844,127.52999877929688,126.13999938964844,127.19999694824219,326500
2020-07-06,126.9800033569336,127.4000015258789,126.33000183105469,127.16000366210938,285700
2020-07-07,124.95999908447266,126.44000244140625,124.95999908447266,126.01000213623047,184200
2020-07-08,125.41000366210938,125.48999786376953,124.66999816894531,125.48999786376953,179700
2020-07-09,123.83000183105469,125.06999969482422,122.9000015258789,125.06999969482422,168200
2020-07-10,124.97000122070312,125.05000305175781,123.56999969482422,123.94999694824219,198700
2020-07-13,125.05000305175781,126.66000366210938,124.81999969482422,126.66000366210938,218200
2020-07-14,126.43000030517578,126.62999725341797,125.1500015258789,125.1500015258789,191900
2020-07-15,127.33000183105469,128.14999389648438,126.93000030517578,127.81999969482422,201500
2020-07-16,126.48999786376953,127.26000213623047,126.08000183105469,127.26000213623047,212400
2020-07-17,127.05999755859375,127.33000183105469,126.54000091552734,127.08000183105469,137000
2020-07-20,127.27999877929688,127.63999938964844,126.91999816894531,127.18000030517578,145600
2020-07-21,126.2699966430664,127.33999633789062,126.16999816894531,127.2300033569336,153000
2020-07-22,126.26000213623047,126.38999938964844,125.48999786376953,125.76000213623047,104800
2020-07-23,125.86000061035156,126.94999694824219,125.69999694824219,125.97000122070312,138800
2020-07-24,125.20999908447266,126.1500015258789,125.05000305175781,125.37000274658203,124000
2020-07-27,127.56999969482422,128.0500030517578,126.62000274658203,126.83999633789062,149600
2020-07-28,125.45999908447266,126.0199966430664,125.22000122070312,126.0,161800
2020-07-29,123.98999786376953,124.19999694824219,123.05000305175781,123.37999725341797,224800
2020-07-30,122.45999908447266,122.66000366210938,121.20999908447266,122.0,186100
2020-07-31,119.33999633789062,120.22000122070312,118.66000366210938,120.0,271900
2020-08-03,120.94000244140625,121.12999725341797,119.51000213623047,119.62000274658203,240700
2020-08-04,122.91000366210938,123.55000305175781,122.22000122070312,122.93000030517578,162400
2020-08-05,124.81999969482422,125.83000183105469,124.55999755859375,125.66999816894531,172600
2020-08-06,128.33999633789062,129.5,127.5999984741211,128.5800018310547,248000
2020-08-07,129.9600067138672,130.0,129.2100067138672,130.0,214900
2020-08-10,130.57000732421875,130.63999938964844,129.9600067138672,130.0,174000
2020-08-11,133.75,135.1699981689453,133.55999755859375,135.0,287700
2020-08-12,136.44000244140625,136.91000366210938,136.16000366210938,136.8699951171875,251600
2020-08-13,135.63999938964844,136.33999633789062,135.27999877929688,136.25,158100
2020-08-14,134.22000122070312,134.49000549316406,133.60000610351562,133.6699981689453,110700
2020-08-17,135.52999877929688,135.55999755859375,134.57000732421875,134.9499969482422,158800
2020-08-18,136.0800018310547,136.5800018310547,135.8699951171875,136.22000122070312,121200
2020-08-19,135.2100067138672,136.5,135.13999938964844,136.22999572753906,111900
2020-08-20,134.08999633789062,134.25,133.60000610351562,133.72999572753906,118000
2020-08-21,133.8300018310547,133.91000366210938,133.11000061035156,133.22000122070312,122600
2020-08-24,134.75999450683594,135.4499969482422,134.3699951171875,134.64999389648438,154300
2020-08-25,134.7899932861328,135.1999969482422,134.13999938964844,135.0,126800
2020-08-26,134.88999938964844,135.07000732421875,133.99000549316406,134.39999389648438,138300
2020-08-27,133.55999755859375,134.22999572753906,133.1699981689453,134.1699981689453,165000
2020-08-28,133.9199981689453,134.2899932861328,133.57000732421875,134.02999877929688,100300
2020-08-31,132.42999267578125,133.1199951171875,131.77999877929688,133.1199951171875,183300
2020-09-01,132.3000030517578,132.4600067138672,131.08999633789062,131.8000030517578,143900
2020-09-02,132.52000427246094,132.6199951171875,131.57000732421875,131.69000244140625,123000
2020-09-03,129.9499969482422,131.9499969482422,129.58999633789062,131.6199951171875,173300
2020-09-04,133.1699981689453,133.75,130.92999267578125,133.0,203000
2020-09-08,131.22999572753906,132.10000610351562,130.60000610351562,131.0,227300
2020-09-09,131.1300048828125,131.47000122070312,130.32000732421875,130.32000732421875,179900
2020-09-10,130.17999267578125,131.35000610351562,130.0500030517578,130.4600067138672,133700
2020-09-11,131.33999633789062,131.60000610351562,130.5399932861328,131.1300048828125,155800
2020-09-14,133.77000427246094,134.35000610351562,133.42999267578125,133.89999389648438,193000
2020-09-15,134.02999877929688,134.77999877929688,133.91000366210938,134.47999572753906,100900
2020-09-16,134.02999877929688,134.75999450683594,134.00999450683594,134.5500030517578,125800
2020-09-17,135.0,135.4199981689453,133.55999755859375,133.8000030517578,132400
2020-09-18,134.25,135.30999755859375,134.25,134.47999572753906,128000
2020-09-21,131.22000122070312,132.3000030517578,130.2100067138672,132.3000030517578,306300
2020-09-22,132.25,132.3000030517578,131.1699981689453,131.41000366210938,144600
2020-09-23,133.2899932861328,135.16000366210938,133.19000244140625,134.52000427246094,199100
2020-09-24,131.85000610351562,132.69000244140625,130.91000366210938,131.3800048828125,199500
2020-09-25,132.97000122070312,133.1199951171875,132.0,132.60000610351562,189300
2020-09-28,136.00999450683594,136.30999755859375,135.0399932861328,135.0399932861328,219000
2020-09-29,134.25,135.75,134.19000244140625,135.07000732421875,136500
2020-09-30,132.44000244140625,133.25999450683594,132.1199951171875,132.64999389648438,155900
2020-10-01,132.42999267578125,132.8300018310547,132.02000427246094,132.6300048828125,130800
2020-10-02,131.72999572753906,132.1300048828125,130.8800048828125,130.97999572753906,98800
2020-10-05,132.10000610351562,132.17999267578125,131.25,131.47999572753906,236200
2020-10-06,131.25999450683594,132.6300048828125,131.16000366210938,131.92999267578125,256600
2020-10-07,132.42999267578125,132.67999267578125,132.00999450683594,132.67999267578125,115900
2020-10-08,132.9499969482422,133.13999938964844,132.47000122070312,132.92999267578125,99300
2020-10-09,132.0800018310547,132.36000061035156,131.97000122070312,132.22000122070312,107800
2020-10-12,131.8000030517578,132.22000122070312,131.6199951171875,132.0,144400
2020-10-13,132.64999389648438,133.1300048828125,132.4199981689453,132.83999633789062,104600
2020-10-14,131.52999877929688,131.97000122070312,131.30999755859375,131.63999938964844,105100
2020-10-15,131.1699981689453,131.22000122070312,130.3800048828125,130.63999938964844,123000
2020-10-16,130.63999938964844,131.7100067138672,130.58999633789062,130.64999389648438,144400
2020-10-19,130.8800048828125,131.7899932861328,130.6199951171875,131.7899932861328,106800
2020-10-20,131.30999755859375,131.77999877929688,130.66000366210938,130.8800048828125,138300
2020-10-21,133.13999938964844,133.7899932861328,132.86000061035156,133.0,162900
2020-10-22,133.4199981689453,133.55999755859375,132.64999389648438,133.38999938964844,70800
2020-10-23,133.27999877929688,133.82000732421875,132.8000030517578,133.82000732421875,59900
2020-10-26,132.85000610351562,133.36000061035156,132.36000061035156,133.1199951171875,142000
2020-10-27,132.4600067138672,133.0399932861328,132.25999450683594,133.0399932861328,144800
2020-10-28,130.07000732421875,131.2100067138672,129.27999877929688,131.1300048828125,229500
2020-10-29,131.35000610351562,132.35000610351562,130.41000366210938,131.92999267578125,140600
2020-10-30,131.2899932861328,131.52000427246094,130.5399932861328,130.8800048828125,116000
2020-11-02,133.24000549316406,133.64999389648438,132.66000366210938,133.05999755859375,146200
2020-11-03,135.8699951171875,136.82000732421875,134.4600067138672,134.4600067138672,147600
2020-11-04,134.16000366210938,134.91000366210938,134.00999450683594,134.72999572753906,185100
2020-11-05,137.07000732421875,137.39999389648438,135.5500030517578,135.86000061035156,155900
2020-11-06,137.1999969482422,138.1999969482422,136.11000061035156,136.6999969482422,165100
2020-11-09,139.63999938964844,141.7100067138672,139.63999938964844,140.3000030517578,245600
2020-11-10,139.94000244140625,141.47999572753906,139.63999938964844,139.6999969482422,217800
2020-11-11,142.47999572753906,143.32000732421875,142.1199951171875,142.7100067138672,176000
2020-11-12,139.69000244140625,141.3300018310547,139.60000610351562,141.3300018310547,99500
2020-11-13,141.6199951171875,141.85000610351562,140.13999938964844,140.2899932861328,136200
2020-11-16,144.11000061035156,144.64999389648438,143.3699951171875,143.38999938964844,130200
2020-11-17,142.74000549316406,143.47999572753906,142.05999755859375,142.82000732421875,150100
2020-11-18,141.8300018310547,143.16000366210938,141.27000427246094,141.85000610351562,228600
2020-11-19,140.9199981689453,141.0800018310547,140.1300048828125,140.6999969482422,140000
2020-11-20,142.1300048828125,143.0399932861328,142.07000732421875,142.3000030517578,113000
2020-11-23,143.25999450683594,143.9600067138672,143.22000122070312,143.75,238000
2020-11-24,143.83999633789062,144.52999877929688,143.17999267578125,143.89999389648438,188300
2020-11-25,141.30999755859375,141.5399932861328,140.02999877929688,140.97000122070312,231400
2020-11-27,140.16000366210938,141.16000366210938,140.0399932861328,140.10000610351562,77300
2020-11-30,134.4600067138672,138.5,134.4499969482422,135.9199981689453,355200
2020-12-01,136.13999938964844,136.4600067138672,135.17999267578125,135.60000610351562,289200
2020-12-02,136.33999633789062,136.7100067138672,135.77000427246094,136.0500030517578,197900
2020-12-03,136.85000610351562,138.16000366210938,136.75,137.77000427246094,171500
2020-12-04,138.27999877929688,138.85000610351562,137.75,137.89999389648438,137800
2020-12-07,138.14999389648438,138.82000732421875,137.6999969482422,138.60000610351562,150100
2020-12-08,138.74000549316406,138.97999572753906,138.10000610351562,138.32000732421875,130700
2020-12-09,140.8800048828125,142.5,139.6699981689453,140.94000244140625,190300
2020-12-10,143.07000732421875,143.19000244140625,141.89999389648438,142.75999450683594,319900
2020-12-11,151.0,151.74000549316406,149.0399932861328,149.6199951171875,708800
2020-12-14,153.5800018310547,154.89999389648438,153.47000122070312,154.0,494700
2020-12-15,152.85000610351562,153.47000122070312,151.89999389648438,153.47000122070312,285300
2020-12-16,155.08999633789062,155.47999572753906,153.0,154.16000366210938,266100
2020-12-17,154.63999938964844,156.3000030517578,154.5399932861328,156.1199951171875,222100
2020-12-18,153.77000427246094,154.07000732421875,152.83999633789062,153.75,327300
2020-12-21,151.77000427246094,151.77000427246094,149.38999938964844,150.39999389648438,257100
2020-12-22,150.77000427246094,151.75,150.22000122070312,151.4499969482422,181800
2020-12-23,151.16000366210938,151.35000610351562,150.1999969482422,150.63999938964844,317900
2020-12-24,150.47000122070312,151.1300048828125,150.17999267578125,150.17999267578125,150200
2020-12-28,152.60000610351562,153.4199981689453,152.22999572753906,153.10000610351562,215600
2020-12-29,153.33999633789062,155.1999969482422,152.89999389648438,155.0,265100
2020-12-30,154.08999633789062,155.2100067138672,154.0399932861328,154.50999450683594,193500
2020-12-31,154.57000732421875,154.83999633789062,153.97000122070312,154.41000366210938,160000
2021-01-04,153.2899932861328,155.80999755859375,152.02000427246094,155.80999755859375,315600
2021-01-05,153.39999389648438,153.39999389648438,151.75,151.91000366210938,231800
2021-01-06,153.52999877929688,154.1699981689453,152.47999572753906,152.7100067138672,296100
2021-01-07,152.6699981689453,152.6999969482422,151.50999450683594,151.66000366210938,345000
2021-01-08,152.85000610351562,154.05999755859375,152.11000061035156,153.60000610351562,418100
2021-01-11,153.38999938964844,154.2100067138672,151.82000732421875,153.1999969482422,335500
2021-01-12,151.75,152.0800018310547,150.64999389648438,152.0800018310547,618700
2021-01-13,150.64999389648438,151.0,150.02999877929688,150.8800048828125,387500
2021-01-14,151.33999633789062,152.27000427246094,151.22999572753906,151.47999572753906,314900
2021-01-15,148.41000366210938,149.14999389648438,147.38999938964844,148.66000366210938,390600
2021-01-19,148.1300048828125,148.74000549316406,147.4499969482422,148.4499969482422,368800
2021-01-20,149.97999572753906,150.0399932861328,148.16000366210938,148.72999572753906,256000
2021-01-21,151.33999633789062,152.7100067138672,150.39999389648438,151.22999572753906,469100
2021-01-22,147.9499969482422,148.58999633789062,147.61000061035156,148.1999969482422,393400
2021-01-25,146.72000122070312,147.9499969482422,145.25,147.9499969482422,369500
2021-01-26,145.97999572753906,146.50999450683594,145.5500030517578,146.0,285800
2021-01-27,142.63999938964844,144.89999389648438,142.24000549316406,144.69000244140625,407500
2021-01-28,143.3000030517578,143.99000549316406,142.35000610351562,142.82000732421875,275100
2021-01-29,140.52000427246094,142.19000244140625,140.0399932861328,142.19000244140625,342600
2021-02-01,140.41000366210938,140.72999572753906,139.2899932861328,140.16000366210938,362900
2021-02-02,143.1199951171875,143.3699951171875,141.72000122070312,142.66000366210938,447900
2021-02-03,148.07000732421875,148.55999755859375,146.85000610351562,147.30999755859375,462000
2021-02-04,148.02000427246094,148.8800048828125,147.5,148.2100067138672,250800
2021-02-05,150.86000061035156,151.17999267578125,149.25999450683594,149.97000122070312,329800
2021-02-08,152.92999267578125,152.97000122070312,152.17999267578125,152.2899932861328,309400
2021-02-09,154.0,154.41000366210938,152.86000061035156,153.42999267578125,326800
2021-02-10,161.55999755859375,163.3699951171875,155.61000061035156,156.0,1415500
2021-02-11,158.94000244140625,162.58999633789062,158.25,162.58999633789062,466600
2021-02-12,160.49000549316406,161.30999755859375,159.66000366210938,159.66000366210938,418000
2021-02-16,156.47999572753906,159.25999450683594,156.1699981689453,158.6999969482422,468500
2021-02-17,156.52999877929688,156.7899932861328,155.3699951171875,156.2100067138672,279400
2021-02-18,153.4499969482422,153.7899932861328,152.2899932861328,153.13999938964844,490500
2021-02-19,153.5500030517578,154.2100067138672,153.14999389648438,153.7100067138672,231800
2021-02-22,152.44000244140625,153.9199981689453,152.1300048828125,153.5500030517578,291300
2021-02-23,152.72999572753906,153.19000244140625,149.83999633789062,151.5,304000
2021-02-24,152.4499969482422,152.9199981689453,150.72999572753906,150.99000549316406,419300
2021-02-25,149.25999450683594,152.27000427246094,148.47999572753906,152.27000427246094,446200
2021-02-26,147.92999267578125,150.3300018310547,146.8000030517578,150.1199951171875,592900
2021-03-01,149.33999633789062,149.97000122070312,148.4499969482422,149.2100067138672,347900
2021-03-02,149.2100067138672,150.17999267578125,148.75999450683594,149.5399932861328,337100
2021-03-03,148.8300018310547,150.19000244140625,148.67999267578125,150.0,377900
2021-03-04,146.85000610351562,149.27999877929688,145.5500030517578,148.63999938964844,353400
2021-03-05,148.52000427246094,148.97000122070312,145.9499969482422,148.0500030517578,313600
2021-03-08,148.22999572753906,150.39999389648438,147.99000549316406,148.57000732421875,474500
2021-03-09,151.5399932861328,152.4499969482422,150.55999755859375,150.86000061035156,349700
2021-03-10,151.8800048828125,152.1699981689453,150.25,151.07000732421875,472100
2021-03-11,150.36000061035156,151.2899932861328,149.0,150.14999389648438,498400
2021-03-12,150.52999877929688,150.7100067138672,149.57000732421875,149.77000427246094,295500
2021-03-15,152.89999389648438,153.66000366210938,152.25999450683594,153.0,394000
2021-03-16,152.10000610351562,152.6699981689453,151.67999267578125,152.0,284800
2021-03-17,153.63999938964844,154.19000244140625,152.07000732421875,152.75,319100
2021-03-18,157.7100067138672,159.5500030517578,157.0,157.42999267578125,824300
2021-03-19,158.5800018310547,158.8699951171875,157.11000061035156,158.7100067138672,425100
2021-03-22,154.47999572753906,155.1999969482422,154.19000244140625,155.1999969482422,451100
2021-03-23,151.33999633789062,153.08999633789062,151.10000610351562,153.0500030517578,386900
2021-03-24,150.6699981689453,151.3800048828125,150.39999389648438,150.99000549316406,344200
2021-03-25,151.07000732421875,151.25999450683594,149.1199951171875,150.0,273800
2021-03-26,153.3699951171875,153.41000366210938,152.08999633789062,153.0,312200
2021-03-29,154.89999389648438,155.3000030517578,153.52999877929688,154.0,317200
2021-03-30,153.8699951171875,154.63999938964844,153.3800048828125,153.6300048828125,476000
2021-03-31,156.05999755859375,156.47000122070312,155.80999755859375,156.22000122070312,289200
2021-04-01,154.16000366210938,154.22999572753906,153.0399932861328,153.60000610351562,274500
2021-04-05,155.3800048828125,155.83999633789062,153.77999877929688,154.16000366210938,300600
2021-04-06,153.64999389648438,154.2899932861328,153.0399932861328,153.10000610351562,400300
2021-04-07,154.6999969482422,155.74000549316406,154.5500030517578,154.83999633789062,216500
2021-04-08,153.3800048828125,154.6999969482422,152.88999938964844,154.35000610351562,233700
2021-04-09,154.27999877929688,154.4499969482422,153.50999450683594,154.05999755859375,181400
2021-04-12,154.08999633789062,154.91000366210938,153.89999389648438,154.91000366210938,246300
2021-04-13,155.77000427246094,155.7899932861328,154.32000732421875,155.0,220300
2021-04-14,156.22000122070312,156.8800048828125,155.8699951171875,156.25,172900
2021-04-15,157.30999755859375,157.42999267578125,156.5,156.97999572753906,179000
2021-04-16,157.57000732421875,157.89999389648438,157.10000610351562,157.8000030517578,162700
2021-04-19,156.41000366210938,157.97999572753906,155.92999267578125,157.9600067138672,242300
2021-04-20,154.10000610351562,154.80999755859375,152.89999389648438,154.74000549316406,317900
2021-04-21,155.13999938964844,155.5800018310547,153.5,153.5,322400
2021-04-22,154.77999877929688,155.5800018310547,154.41000366210938,155.5,227400
2021-04-23,154.99000549316406,155.58999633789062,153.9199981689453,153.99000549316406,233700
2021-04-26,153.5399932861328,154.30999755859375,153.49000549316406,154.30999755859375,249600
2021-04-27,152.80999755859375,153.1699981689453,152.27000427246094,152.58999633789062,490100
2021-04-28,153.25999450683594,153.80999755859375,152.8300018310547,153.1999969482422,236100
2021-04-29,152.42999267578125,153.77000427246094,151.69000244140625,153.5,377600
2021-04-30,150.77000427246094,151.60000610351562,149.89999389648438,150.08999633789062,394000
2021-05-03,152.22999572753906,152.75999450683594,151.33999633789062,151.47999572753906,230900
2021-05-04,150.58999633789062,151.6300048828125,150.25,151.50999450683594,266700
2021-05-05,151.4199981689453,152.2899932861328,151.11000061035156,152.08999633789062,250800
2021-05-06,152.9600067138672,153.3000030517578,151.8699951171875,153.24000549316406,194200
2021-05-07,153.64999389648438,153.72000122070312,153.0399932861328,153.33999633789062,162500
2021-05-10,155.05999755859375,155.72000122070312,154.7100067138672,155.3300018310547,264100
2021-05-11,152.24000549316406,152.64999389648438,151.16000366210938,152.64999389648438,431200
2021-05-12,153.52000427246094,155.6699981689453,153.14999389648438,155.5,627500
2021-05-13,155.22999572753906,155.38999938964844,153.1199951171875,153.86000061035156,342600
2021-05-14,155.85000610351562,156.5,155.66000366210938,156.0,315500
2021-05-17,158.67999267578125,159.0,157.42999267578125,157.6999969482422,436100
2021-05-18,160.66000366210938,161.91000366210938,160.32000732421875,160.4600067138672,322500
2021-05-19,159.2899932861328,159.5500030517578,158.1199951171875,158.6300048828125,250200
2021-05-20,160.22000122070312,160.5800018310547,159.2100067138672,159.32000732421875,209300
2021-05-21,161.16000366210938,161.30999755859375,160.38999938964844,161.0,211200
2021-05-24,162.77999877929688,162.97999572753906,162.13999938964844,162.17999267578125,236400
2021-05-25,162.24000549316406,163.8000030517578,161.6300048828125,163.0,199500
2021-05-26,164.02000427246094,164.4199981689453,162.77999877929688,162.8300018310547,231900
2021-05-27,165.5500030517578,166.47000122070312,164.91000366210938,165.0,248600
2021-05-28,165.97999572753906,166.77999877929688,165.7100067138672,166.2899932861328,160000
2021-06-01,172.33999633789062,172.75,171.02999877929688,171.47000122070312,596500
2021-06-02,176.6300048828125,176.83999633789062,175.49000549316406,175.75,630300
2021-06-03,179.6699981689453,180.1199951171875,177.02999877929688,177.3000030517578,478800
2021-06-04,182.41000366210938,182.66000366210938,181.00999450683594,181.67999267578125,386900
2021-06-07,180.8000030517578,182.25,180.11000061035156,182.02999877929688,384400
2021-06-08,179.61000061035156,181.0,179.38999938964844,180.91000366210938,307100
2021-06-09,180.5399932861328,180.8000030517578,179.8699951171875,180.02999877929688,207400
2021-06-10,180.17999267578125,180.75999450683594,179.82000732421875,180.58999633789062,194400
2021-06-11,181.47000122070312,181.47000122070312,180.50999450683594,180.74000549316406,164500
2021-06-14,180.58999633789062,181.0,179.47999572753906,181.0,189900
2021-06-15,182.4499969482422,182.77999877929688,181.67999267578125,182.5,180900
2021-06-16,183.83999633789062,184.8800048828125,183.10000610351562,183.92999267578125,326000
2021-06-17,185.1999969482422,185.3800048828125,184.0,185.0,277400
2021-06-18,177.02999877929688,178.3800048828125,176.30999755859375,177.88999938964844,735000
2021-06-21,178.8800048828125,179.41000366210938,176.5,177.0,284400
2021-06-22,179.38999938964844,180.05999755859375,178.8300018310547,180.05999755859375,237900
2021-06-23,177.7100067138672,178.25,176.13999938964844,176.3699951171875,611500
2021-06-24,177.6699981689453,178.3800048828125,177.5500030517578,178.3800048828125,164800
2021-06-25,178.10000610351562,178.8000030517578,177.7899932861328,177.99000549316406,156100
2021-06-28,177.07000732421875,177.8000030517578,176.75999450683594,177.64999389648438,209100
2021-06-29,176.72999572753906,177.3699951171875,176.39999389648438,176.39999389648438,166900
2021-06-30,174.83999633789062,176.25,174.6199951171875,175.47999572753906,313200
2021-07-01,175.47999572753906,175.5800018310547,174.35000610351562,174.7100067138672,181500
2021-07-02,176.02999877929688,176.83999633789062,175.83999633789062,176.38999938964844,210300
2021-07-06,174.92999267578125,176.47000122070312,173.39999389648438,176.07000732421875,288100
2021-07-07,175.64999389648438,175.8699951171875,174.57000732421875,175.77000427246094,128300
2021-07-08,174.22999572753906,174.6300048828125,173.0500030517578,173.1699981689453,189500
2021-07-09,177.7899932861328,178.72999572753906,177.64999389648438,177.66000366210938,320700
2021-07-12,178.89999389648438,179.41000366210938,177.0399932861328,177.7899932861328,176000
2021-07-13,179.17999267578125,179.4600067138672,178.33999633789062,178.99000549316406,281900
2021-07-14,180.0,180.99000549316406,179.55999755859375,180.3699951171875,230700
2021-07-15,178.92999267578125,179.3300018310547,178.25999450683594,178.7100067138672,177800
2021-07-16,178.1300048828125,179.27999877929688,177.3800048828125,179.27999877929688,195700
2021-07-19,176.3000030517578,176.99000549316406,174.02999877929688,176.67999267578125,261100
2021-07-20,178.1199951171875,178.3699951171875,175.7899932861328,176.13999938964844,152000
2021-07-21,179.67999267578125,179.92999267578125,178.17999267578125,178.17999267578125,183200
2021-07-22,177.99000549316406,180.19000244140625,177.94000244140625,179.99000549316406,321200
2021-07-23,179.85000610351562,180.44000244140625,178.66000366210938,179.13999938964844,195900
2021-07-26,179.5,179.77999877929688,178.83999633789062,179.22999572753906,155700
2021-07-27,178.44000244140625,179.05999755859375,177.7100067138672,179.05999755859375,152700
2021-07-28,179.8699951171875,180.24000549316406,178.2899932861328,178.44000244140625,143600
2021-07-29,181.4199981689453,181.86000061035156,180.49000549316406,180.83999633789062,157400
2021-07-30,179.83999633789062,181.0800018310547,179.57000732421875,180.61000061035156,147200
2021-08-02,181.8800048828125,182.75,181.13999938964844,182.0,167500
2021-08-03,185.9499969482422,185.99000549316406,183.05999755859375,183.52000427246094,246900
2021-08-04,182.17999267578125,183.75,181.22000122070312,182.6999969482422,194600
2021-08-05,182.86000061035156,183.47999572753906,182.08999633789062,182.52000427246094,128800
2021-08-06,180.72000122070312,181.50999450683594,180.0399932861328,181.13999938964844,183400
2021-08-09,180.57000732421875,181.41000366210938,180.25,181.1199951171875,163300
2021-08-10,179.89999389648438,180.1199951171875,178.24000549316406,179.5500030517578,220400
2021-08-11,181.3800048828125,181.47000122070312,180.39999389648438,181.13999938964844,133400
2021-08-12,180.94000244140625,181.11000061035156,180.1999969482422,181.00999450683594,105600
2021-08-13,181.33999633789062,181.3699951171875,180.8000030517578,181.22999572753906,93100
2021-08-16,180.60000610351562,180.69000244140625,177.80999755859375,179.57000732421875,129800
2021-08-17,178.1699981689453,179.5500030517578,177.55999755859375,179.5500030517578,213900
2021-08-18,175.72999572753906,177.97999572753906,175.52999877929688,177.5,227300
2021-08-19,168.5500030517578,171.41000366210938,167.75,170.14999389648438,650600
2021-08-20,164.66000366210938,165.75,163.91000366210938,165.67999267578125,448000
2021-08-23,168.74000549316406,168.97000122070312,166.27999877929688,166.8699951171875,329900
2021-08-24,171.02000427246094,171.5800018310547,169.5800018310547,169.8000030517578,308100
2021-08-25,173.75,174.11000061035156,172.0800018310547,172.39999389648438,263300
2021-08-26,171.58999633789062,173.77999877929688,171.08999633789062,173.52000427246094,175200
2021-08-27,173.8800048828125,173.9499969482422,171.9499969482422,172.0399932861328,140300
2021-08-30,172.86000061035156,173.72999572753906,172.47999572753906,173.72999572753906,134400
2021-08-31,174.22999572753906,175.00999450683594,173.61000061035156,173.61000061035156,184400
2021-09-01,176.2100067138672,176.97000122070312,175.02000427246094,175.0500030517578,204100
2021-09-02,176.24000549316406,176.86000061035156,175.47000122070312,176.30999755859375,198800
2021-09-03,179.27000427246094,179.27999877929688,176.8300018310547,177.42999267578125,279400
2021-09-07,181.63999938964844,181.74000549316406,180.66000366210938,181.0,224300
2021-09-08,180.0,181.5,179.17999267578125,181.5,219900
2021-09-09,180.07000732421875,180.94000244140625,179.5399932861328,179.5399932861328,173300
2021-09-10,176.3000030517578,180.39999389648438,176.1199951171875,180.02999877929688,278200
2021-09-13,178.4600067138672,178.57000732421875,177.27999877929688,177.47000122070312,173700
2021-09-14,179.38999938964844,180.8800048828125,178.66000366210938,180.22000122070312,175800
2021-09-15,181.7100067138672,181.88999938964844,179.83999633789062,179.92999267578125,257900
2021-09-16,181.94000244140625,182.30999755859375,180.50999450683594,181.07000732421875,161600
2021-09-17,180.9499969482422,181.75,180.55999755859375,181.50999450683594,155100
2021-09-20,176.7100067138672,178.6699981689453,175.0500030517578,178.6699981689453,363500
2021-09-21,181.89999389648438,182.4199981689453,180.30999755859375,180.39999389648438,295400
2021-09-22,181.58999633789062,182.88999938964844,180.75,181.6999969482422,248400
2021-09-23,182.7899932861328,182.99000549316406,181.52999877929688,181.9199981689453,206200
2021-09-24,182.57000732421875,183.22999572753906,182.0,182.67999267578125,128700
2021-09-27,186.52000427246094,186.86000061035156,185.00999450683594,185.0800018310547,221600
2021-09-28,184.85000610351562,186.39999389648438,184.14999389648438,186.08999633789062,197600
2021-09-29,185.4499969482422,187.4499969482422,183.77999877929688,185.1300048828125,238600
2021-09-30,177.75,181.5399932861328,177.75,180.67999267578125,403400
2021-10-01,177.6199951171875,178.25999450683594,176.4199981689453,178.11000061035156,241800
2021-10-04,171.80999755859375,175.5399932861328,171.1699981689453,175.16000366210938,381700
2021-10-05,172.13999938964844,172.94000244140625,171.10000610351562,171.89999389648438,184900
2021-10-06,166.97000122070312,167.47000122070312,165.3300018310547,166.5399932861328,462600
2021-10-07,169.47000122070312,170.0,168.5500030517578,169.10000610351562,212800
2021-10-08,171.97000122070312,172.4600067138672,171.17999267578125,171.41000366210938,153400
2021-10-11,175.14999389648438,176.85000610351562,174.8699951171875,175.3800048828125,209100
2021-10-12,177.1300048828125,177.57000732421875,175.69000244140625,176.8699951171875,250700
2021-10-13,175.77000427246094,176.49000549316406,174.66000366210938,175.9499969482422,325600
2021-10-14,175.50999450683594,175.58999633789062,174.47999572753906,174.60000610351562,157800
2021-10-15,176.27000427246094,176.4499969482422,174.7899932861328,175.50999450683594,203800
2021-10-18,178.5500030517578,179.0,177.77999877929688,178.0,207300
2021-10-19,178.6699981689453,178.85000610351562,178.08999633789062,178.80999755859375,197800
2021-10-20,177.75,178.6699981689453,177.02000427246094,178.6699981689453,161000
2021-10-21,174.02000427246094,175.1999969482422,173.8000030517578,174.0,218700
2021-10-22,173.39999389648438,175.33999633789062,172.77999877929688,175.0,206700
2021-10-25,172.22999572753906,172.80999755859375,171.8800048828125,172.80999755859375,247100
2021-10-26,173.1999969482422,174.7899932861328,172.80999755859375,173.6300048828125,145400
2021-10-27,174.08999633789062,175.2899932861328,174.00999450683594,174.80999755859375,205500
2021-10-28,176.47999572753906,176.47999572753906,175.2899932861328,175.2899932861328,181400
2021-10-29,176.57000732421875,176.69000244140625,175.6199951171875,176.1999969482422,164800
2021-11-01,179.97999572753906,179.97999572753906,178.1300048828125,178.1300048828125,219100
2021-11-02,179.61000061035156,180.0,177.74000549316406,180.0,166500
2021-11-03,181.07000732421875,181.36000061035156,179.19000244140625,179.89999389648438,163000
2021-11-04,181.47999572753906,182.83999633789062,180.60000610351562,182.0,171300
2021-11-05,179.27999877929688,181.17999267578125,178.5,180.91000366210938,176500
2021-11-08,180.47999572753906,180.55999755859375,179.14999389648438,179.52000427246094,204300
2021-11-09,176.32000732421875,178.5,175.63999938964844,178.25,222500
2021-11-10,177.36000061035156,179.2899932861328,176.72000122070312,177.4499969482422,203000
2021-11-11,179.02999877929688,179.3300018310547,178.19000244140625,178.47000122070312,122500
2021-11-12,184.39999389648438,184.75,181.5,181.89999389648438,291100
2021-11-15,184.38999938964844,185.4600067138672,184.33999633789062,185.02000427246094,177100
2021-11-16,187.42999267578125,188.17999267578125,186.89999389648438,187.0,228700
2021-11-17,186.2100067138672,186.5399932861328,184.72999572753906,186.0,204200
2021-11-18,184.64999389648438,186.14999389648438,183.86000061035156,186.14999389648438,271700
2021-11-19,185.9600067138672,186.3000030517578,185.25999450683594,185.36000061035156,197400
2021-11-22,185.08999633789062,186.44000244140625,184.55999755859375,186.1199951171875,264200
2021-11-23,185.05999755859375,185.5800018310547,184.17999267578125,185.08999633789062,182700
2021-11-24,184.80999755859375,185.1199951171875,183.50999450683594,184.89999389648438,255500
2021-11-26,179.8300018310547,181.14999389648438,178.7899932861328,180.74000549316406,171400
2021-11-29,177.47000122070312,179.02999877929688,177.02000427246094,178.7100067138672,222000
2021-11-30,177.85000610351562,178.3300018310547,175.6699981689453,178.02999877929688,331300
2021-12-01,178.2899932861328,182.77999877929688,178.25,180.8000030517578,246700
2021-12-02,183.16000366210938,183.6199951171875,179.4199981689453,179.66000366210938,238100
2021-12-03,182.4600067138672,184.39999389648438,181.4499969482422,183.67999267578125,194000
2021-12-06,184.58999633789062,185.00999450683594,182.38999938964844,183.25,189600
2021-12-07,187.44000244140625,187.89999389648438,185.89999389648438,186.52000427246094,245100
2021-12-08,182.47999572753906,183.5,181.80999755859375,183.4499969482422,265500
2021-12-09,180.77000427246094,181.22000122070312,180.0,181.0,186600
2021-12-10,182.35000610351562,182.35000610351562,180.58999633789062,182.0399932861328,125500
2021-12-13,176.1199951171875,177.52000427246094,175.6699981689453,177.1699981689453,583700
2021-12-14,180.77999877929688,182.41000366210938,179.22000122070312,181.0,440500
2021-12-15,186.75,187.0,184.3699951171875,185.50999450683594,479100
2021-12-16,187.33999633789062,188.9499969482422,187.13999938964844,187.8699951171875,384300
2021-12-17,184.0399932861328,185.74000549316406,183.89999389648438,185.58999633789062,382600
2021-12-20,181.9499969482422,182.19000244140625,180.11000061035156,181.55999755859375,251500
2021-12-21,182.82000732421875,183.72999572753906,182.08999633789062,182.8000030517578,180100
2021-12-22,181.36000061035156,181.5500030517578,180.05999755859375,180.05999755859375,165900
2021-12-23,183.77999877929688,184.30999755859375,182.91000366210938,183.0800018310547,167800
2021-12-27,185.89999389648438,186.27999877929688,184.00999450683594,184.00999450683594,196900
2021-12-28,184.75,186.3699951171875,184.63999938964844,185.91000366210938,113600
2021-12-29,183.67999267578125,184.60000610351562,182.85000610351562,184.25999450683594,117800
2021-12-30,184.0800018310547,184.72999572753906,183.7100067138672,184.27000427246094,123200
2021-12-31,185.3000030517578,186.14999389648438,184.33999633789062,184.4499969482422,189900
2022-01-03,186.2899932861328,187.4600067138672,185.16000366210938,186.80999755859375,352900
2022-01-04,199.19000244140625,201.42999267578125,192.32000732421875,193.0800018310547,1057300
2022-01-05,196.9499969482422,201.33999633789062,196.85000610351562,199.8000030517578,555700
2022-01-06,199.75,200.8000030517578,196.17999267578125,200.6300048828125,422800
2022-01-07,200.44000244140625,201.99000549316406,198.72000122070312,200.67999267578125,371000
2022-01-10,200.35000610351562,201.13999938964844,197.6699981689453,200.97999572753906,380000
2022-01-11,201.89999389648438,201.97000122070312,199.5500030517578,201.3000030517578,255500
2022-01-12,206.61000061035156,207.66000366210938,204.64999389648438,205.0,511400
2022-01-13,211.3699951171875,213.74000549316406,210.3699951171875,211.0,547000
2022-01-14,210.69000244140625,211.24000549316406,209.16000366210938,210.64999389648438,267700
2022-01-18,207.47000122070312,209.49000549316406,207.19000244140625,209.10000610351562,379600
2022-01-19,202.4199981689453,206.6999969482422,202.10000610351562,206.61000061035156,562200
2022-01-20,201.47000122070312,204.80999755859375,201.22999572753906,203.57000732421875,283000
2022-01-21,199.77000427246094,200.9499969482422,198.55999755859375,199.17999267578125,363700
2022-01-24,197.6999969482422,197.91000366210938,192.94000244140625,195.39999389648438,546500
2022-01-25,197.00999450683594,198.77000427246094,192.67999267578125,195.0,433100
2022-01-26,194.1699981689453,198.52000427246094,192.8300018310547,198.47999572753906,537200
2022-01-27,189.9600067138672,193.5399932861328,189.2899932861328,192.47000122070312,336900
2022-01-28,193.1300048828125,193.36000061035156,188.1999969482422,192.0,274700
2022-01-31,198.4499969482422,198.72000122070312,194.9199981689453,196.0,418800
2022-02-01,196.42999267578125,196.72999572753906,194.6999969482422,195.25,333800
2022-02-02,199.66000366210938,199.92999267578125,197.8699951171875,198.94000244140625,243600
2022-02-03,199.52999877929688,201.4600067138672,199.24000549316406,199.97999572753906,299100
2022-02-04,196.8800048828125,198.24000549316406,194.77000427246094,198.05999755859375,267500
2022-02-07,197.24000549316406,198.41000366210938,196.52999877929688,198.14999389648438,178000
2022-02-08,200.32000732421875,200.72999572753906,198.00999450683594,200.0,288500
2022-02-09,201.3699951171875,203.9499969482422,200.38999938964844,202.1199951171875,342500
2022-02-10,194.41000366210938,197.3000030517578,194.25,195.0,420900
2022-02-11,192.7100067138672,196.1999969482422,191.91000366210938,194.4499969482422,230000
2022-02-14,188.97000122070312,190.5,187.8300018310547,190.0,259600
2022-02-15,189.39999389648438,190.05999755859375,188.44000244140625,189.24000549316406,227300
2022-02-16,190.3000030517578,190.89999389648438,189.2100067138672,190.11000061035156,207000
2022-02-17,186.5399932861328,188.52999877929688,186.1300048828125,188.0,192200
2022-02-18,188.97000122070312,189.2899932861328,187.50999450683594,188.8699951171875,183000
2022-02-22,185.63999938964844,187.47000122070312,184.39999389648438,187.0399932861328,202300
2022-02-23,183.83999633789062,188.58999633789062,183.6699981689453,187.72999572753906,242200
2022-02-24,182.22999572753906,182.5500030517578,176.67999267578125,177.02000427246094,363100
2022-02-25,185.3800048828125,185.72999572753906,183.25999450683594,183.89999389648438,228200
2022-02-28,182.9499969482422,184.8800048828125,181.64999389648438,184.47000122070312,322000
2022-03-01,181.7100067138672,185.10000610351562,180.85000610351562,183.8300018310547,305600
2022-03-02,179.14999389648438,179.75999450683594,177.07000732421875,177.07000732421875,342100
2022-03-03,176.08999633789062,178.47999572753906,174.82000732421875,178.22000122070312,289500
2022-03-04,170.75,171.0800018310547,169.08999633789062,170.83999633789062,335200
2022-03-07,160.1699981689453,164.6199951171875,160.0,163.75999450683594,569800
2022-03-08,156.33999633789062,159.99000549316406,155.0500030517578,159.00999450683594,739600
2022-03-09,164.0500030517578,165.6300048828125,162.8000030517578,164.2100067138672,438800
2022-03-10,164.42999267578125,165.3800048828125,162.52000427246094,165.3800048828125,392700
2022-03-11,158.27000427246094,161.6199951171875,158.1699981689453,160.74000549316406,355800
2022-03-14,161.08999633789062,163.35000610351562,160.61000061035156,162.5,389500
2022-03-15,165.92999267578125,166.32000732421875,164.25999450683594,165.1999969482422,388200
2022-03-16,171.88999938964844,171.99000549316406,168.77000427246094,169.8800048828125,384300
2022-03-17,171.74000549316406,172.13999938964844,168.52000427246094,170.0500030517578,300300
2022-03-18,171.6999969482422,171.74000549316406,169.88999938964844,170.97000122070312,179000
2022-03-21,171.8000030517578,172.9600067138672,171.22000122070312,171.89999389648438,233400
2022-03-22,172.82000732421875,173.69000244140625,171.36000061035156,171.8000030517578,229100
2022-03-23,175.77999877929688,178.61000061035156,175.77999877929688,176.97999572753906,419500
2022-03-24,180.27000427246094,180.52999877929688,178.75999450683594,180.0800018310547,299900
2022-03-25,178.42999267578125,180.39999389648438,177.6199951171875,179.8699951171875,231900
2022-03-28,177.85000610351562,179.1999969482422,177.1300048828125,178.27000427246094,240100
2022-03-29,184.80999755859375,186.0,183.74000549316406,183.74000549316406,393600
2022-03-30,180.6199951171875,182.7100067138672,180.10000610351562,182.25,179500
2022-03-31,180.25,182.33999633789062,180.24000549316406,181.82000732421875,230300
2022-04-01,180.3699951171875,180.94000244140625,178.72999572753906,180.30999755859375,148500
2022-04-04,182.5800018310547,183.1300048828125,180.41000366210938,181.0,261100
2022-04-05,177.66000366210938,181.6699981689453,177.5,181.5,242400
2022-04-06,176.52000427246094,177.69000244140625,175.50999450683594,176.3000030517578,227800
2022-04-07,174.49000549316406,175.5500030517578,172.77000427246094,174.50999450683594,257500
2022-04-08,170.77999877929688,172.02999877929688,169.5800018310547,170.0,366400
2022-04-11,169.63999938964844,171.4600067138672,168.8000030517578,169.74000549316406,313400
2022-04-12,165.72999572753906,168.1199951171875,165.1300048828125,166.9199981689453,452300
2022-04-13,168.44000244140625,168.83999633789062,166.80999755859375,166.80999755859375,264400
2022-04-14,167.25999450683594,170.5,167.11000061035156,169.3000030517578,196300
2022-04-18,170.27000427246094,170.88999938964844,169.3000030517578,169.47999572753906,281400
2022-04-19,171.4499969482422,171.64999389648438,169.7100067138672,170.0,195400
2022-04-20,175.4499969482422,176.8800048828125,174.97000122070312,175.69000244140625,253600
2022-04-21,173.6699981689453,177.42999267578125,173.52000427246094,177.08999633789062,189500
2022-04-22,169.52999877929688,172.5800018310547,169.35000610351562,172.47000122070312,185600
2022-04-25,172.16000366210938,172.25,169.47999572753906,169.97999572753906,185800
2022-04-26,166.82000732421875,170.6300048828125,166.82000732421875,169.55999755859375,293200
2022-04-27,168.0399932861328,169.89999389648438,167.5,167.5,204300
2022-04-28,172.97000122070312,173.82000732421875,169.17999267578125,170.64999389648438,298200
2022-04-29,171.0,174.72000122070312,170.77000427246094,172.88999938964844,139200
2022-05-02,170.69000244140625,171.0,168.33999633789062,170.3699951171875,178500
2022-05-03,172.05999755859375,172.74000549316406,170.6999969482422,170.6999969482422,163600
2022-05-04,174.85000610351562,175.13999938964844,170.6999969482422,172.02000427246094,204700
2022-05-05,169.92999267578125,173.8300018310547,168.89999389648438,173.47999572753906,331700
2022-05-06,173.3000030517578,174.30999755859375,171.4600067138672,173.0800018310547,293400
2022-05-09,168.47000122070312,171.39999389648438,168.25,170.49000549316406,366300
2022-05-10,166.4499969482422,169.6999969482422,165.2100067138672,168.85000610351562,317400
2022-05-11,157.05999755859375,162.27000427246094,157.0500030517578,161.4499969482422,464200
2022-05-12,158.5399932861328,159.6999969482422,156.9600067138672,157.1999969482422,517100
2022-05-13,161.3300018310547,162.1300048828125,159.6300048828125,159.9499969482422,246200
2022-05-16,159.2100067138672,160.02000427246094,157.9499969482422,159.42999267578125,201500
2022-05-17,159.97999572753906,160.22000122070312,158.9199981689453,159.1300048828125,273500
2022-05-18,155.47999572753906,158.75999450683594,155.27000427246094,158.44000244140625,341900
2022-05-19,155.88999938964844,157.1199951171875,155.25,155.25999450683594,492700
2022-05-20,158.66000366210938,160.02999877929688,156.17999267578125,159.19000244140625,422600
2022-05-23,161.35000610351562,162.27000427246094,160.27999877929688,160.57000732421875,250000
2022-05-24,160.60000610351562,161.1300048828125,159.67999267578125,160.44000244140625,221600
2022-05-25,161.02999877929688,161.8800048828125,159.64999389648438,159.64999389648438,256000
2022-05-26,165.52999877929688,166.10000610351562,163.6999969482422,164.0,233300
2022-05-27,166.8300018310547,166.8699951171875,165.24000549316406,165.4199981689453,229400
2022-05-31,166.3699951171875,167.2100067138672,165.5,167.2100067138672,253400
2022-06-01,168.6999969482422,169.8699951171875,167.47000122070312,169.6699981689453,194100
2022-06-02,170.24000549316406,170.3699951171875,168.1699981689453,169.16000366210938,148300
2022-06-03,164.80999755859375,166.1199951171875,164.11000061035156,166.1199951171875,261800
2022-06-06,165.5800018310547,167.41000366210938,165.32000732421875,167.27999877929688,157600
2022-06-07,166.25,166.4199981689453,164.67999267578125,164.80999755859375,192000
2022-06-08,165.35000610351562,166.67999267578125,164.99000549316406,166.4499969482422,179600
2022-06-09,164.50999450683594,166.99000549316406,164.50999450683594,166.02999877929688,126900
2022-06-10,161.3000030517578,162.9600067138672,161.2899932861328,162.5,241400
2022-06-13,155.5,157.74000549316406,155.13999938964844,157.60000610351562,339400
2022-06-14,155.16000366210938,156.17999267578125,154.1300048828125,155.5,265900
2022-06-15,156.75,157.42999267578125,154.30999755859375,155.08999633789062,211000
2022-06-16,154.4600067138672,156.6999969482422,153.52000427246094,156.44000244140625,461500
2022-06-17,153.9499969482422,154.44000244140625,152.38999938964844,154.14999389648438,397900
2022-06-21,159.08999633789062,159.6300048828125,157.32000732421875,157.32000732421875,319700
2022-06-22,159.13999938964844,160.0,156.92999267578125,156.92999267578125,166700
2022-06-23,157.52000427246094,158.61000061035156,156.27999877929688,157.85000610351562,176300
2022-06-24,159.0800018310547,159.0800018310547,157.3000030517578,157.8800048828125,178800
2022-06-27,156.52999877929688,157.94000244140625,156.35000610351562,157.69000244140625,208000
2022-06-28,157.11000061035156,160.82000732421875,157.02000427246094,159.25999450683594,225700
2022-06-29,155.6699981689453,156.42999267578125,155.22000122070312,156.39999389648438,108300
2022-06-30,154.1699981689453,154.6300048828125,152.39999389648438,153.66000366210938,147300
2022-07-01,155.47000122070312,155.58999633789062,152.82000732421875,152.88999938964844,178300
2022-07-05,154.6699981689453,154.7100067138672,152.60000610351562,153.14999389648438,208500
2022-07-06,152.8300018310547,153.61000061035156,152.13999938964844,153.61000061035156,223500
2022-07-07,157.14999389648438,157.1699981689453,155.02000427246094,155.11000061035156,241700
2022-07-08,156.75999450683594,157.3300018310547,156.1999969482422,156.4199981689453,159100
2022-07-11,155.1699981689453,156.6199951171875,155.02999877929688,156.60000610351562,159700
2022-07-12,155.42999267578125,156.4499969482422,154.52999877929688,154.66000366210938,179400
2022-07-13,155.44000244140625,155.97000122070312,153.91000366210938,154.0500030517578,120400
2022-07-14,153.13999938964844,154.4199981689453,152.17999267578125,154.4199981689453,248600
2022-07-15,156.6999969482422,156.85000610351562,154.92999267578125,155.69000244140625,204300
2022-07-18,156.75,158.1300048828125,156.3800048828125,157.0,228000
2022-07-19,160.4199981689453,160.5399932861328,158.75,159.1699981689453,321300
2022-07-20,157.89999389648438,159.67999267578125,157.39999389648438,159.60000610351562,255100
2022-07-21,159.17999267578125,159.4199981689453,158.08999633789062,158.52999877929688,199200
2022-07-22,160.3000030517578,161.1699981689453,159.72000122070312,160.58999633789062,133400
2022-07-25,159.4199981689453,160.0500030517578,158.8800048828125,160.0500030517578,111700
2022-07-26,158.05999755859375,159.07000732421875,157.92999267578125,158.80999755859375,154500
2022-07-27,160.0500030517578,160.39999389648438,158.0,158.92999267578125,129300
2022-07-28,159.50999450683594,159.8000030517578,157.6999969482422,158.6999969482422,176700
2022-07-29,162.58999633789062,162.77999877929688,159.33999633789062,159.9499969482422,293700
2022-08-01,166.77000427246094,167.0399932861328,165.5800018310547,165.5800018310547,248600
2022-08-02,163.66000366210938,165.1999969482422,163.52000427246094,164.3000030517578,215900
2022-08-03,163.1300048828125,163.8800048828125,161.25,162.83999633789062,190900
2022-08-04,156.66000366210938,158.19000244140625,156.6300048828125,157.25,398500
2022-08-05,157.30999755859375,158.02000427246094,156.25,157.61000061035156,233100
2022-08-08,156.1999969482422,157.2899932861328,156.0399932861328,157.0,259900
2022-08-09,152.94000244140625,156.0,152.4600067138672,155.0,289200
2022-08-10,157.88999938964844,158.35000610351562,155.1699981689453,156.0,243100
2022-08-11,158.60000610351562,159.72999572753906,158.27999877929688,158.8800048828125,124600
2022-08-12,161.30999755859375,161.61000061035156,159.24000549316406,160.0500030517578,203700
2022-08-15,160.4600067138672,160.89999389648438,159.4199981689453,160.89999389648438,142200
2022-08-16,159.4199981689453,159.92999267578125,158.5800018310547,159.3000030517578,191500
2022-08-17,160.77000427246094,161.67999267578125,159.80999755859375,160.0800018310547,148100
2022-08-18,159.1300048828125,159.77000427246094,158.77999877929688,159.47999572753906,163400
2022-08-19,156.4600067138672,157.97000122070312,156.1199951171875,157.6699981689453,184200
2022-08-22,154.32000732421875,155.9499969482422,153.9499969482422,155.60000610351562,206000
2022-08-23,153.47999572753906,155.27999877929688,153.47999572753906,153.74000549316406,185600
2022-08-24,154.5,155.14999389648438,153.2100067138672,153.39999389648438,220600
2022-08-25,156.0,156.0,154.52999877929688,155.0,112900
2022-08-26,151.77000427246094,155.5,151.72999572753906,155.14999389648438,207300
2022-08-29,151.77000427246094,152.47999572753906,151.1999969482422,151.22000122070312,173800
2022-08-30,150.1699981689453,152.77000427246094,149.5500030517578,152.64999389648438,290800
2022-08-31,149.3699951171875,151.0399932861328,149.32000732421875,150.5500030517578,293400
2022-09-01,146.8000030517578,147.8699951171875,145.61000061035156,147.61000061035156,268600
2022-09-02,145.55999755859375,147.8699951171875,145.0800018310547,147.5500030517578,189700
2022-09-06,143.94000244140625,145.3300018310547,143.27999877929688,145.0,232300
2022-09-07,143.33999633789062,143.50999450683594,140.9600067138672,141.99000549316406,311200
2022-09-08,144.1300048828125,144.25999450683594,142.47000122070312,142.61000061035156,264500
2022-09-09,145.58999633789062,146.02999877929688,145.1999969482422,146.02999877929688,159300
2022-09-12,145.0399932861328,145.88999938964844,144.66000366210938,144.66000366210938,228600
2022-09-13,140.22999572753906,142.9499969482422,140.1999969482422,142.49000549316406,265700
2022-09-14,141.47000122070312,142.7100067138672,140.82000732421875,141.5399932861328,199500
2022-09-15,140.4499969482422,142.36000061035156,140.24000549316406,141.16000366210938,239900
2022-09-16,140.74000549316406,141.25999450683594,140.19000244140625,140.32000732421875,212500
2022-09-19,141.4499969482422,141.67999267578125,140.0,140.1199951171875,238500
2022-09-20,140.72999572753906,142.14999389648438,140.1999969482422,141.60000610351562,276900
2022-09-21,137.5800018310547,140.0,137.57000732421875,139.5,238100
2022-09-22,139.0500030517578,141.5,138.1199951171875,140.72000122070312,388300
2022-09-23,137.27999877929688,137.61000061035156,135.83999633789062,137.60000610351562,475700
2022-09-26,135.6199951171875,137.41000366210938,135.10000610351562,136.1300048828125,265800
2022-09-27,135.74000549316406,137.22999572753906,134.83999633789062,136.88999938964844,303400
2022-09-28,136.88999938964844,137.44000244140625,134.35000610351562,134.75999450683594,213000
2022-09-29,133.75999450683594,135.14999389648438,132.5399932861328,135.11000061035156,421100
2022-09-30,130.2899932861328,134.42999267578125,130.07000732421875,134.2100067138672,424900
2022-10-03,135.58999633789062,136.1999969482422,133.8000030517578,134.14999389648438,368800
2022-10-04,139.85000610351562,140.17999267578125,138.27000427246094,138.35000610351562,325400
2022-10-05,138.08999633789062,138.52000427246094,136.3699951171875,137.5399932861328,193100
2022-10-06,136.1699981689453,137.1199951171875,136.00999450683594,136.35000610351562,246200
2022-10-07,135.85000610351562,136.83999633789062,135.2100067138672,136.3300018310547,292300
2022-10-10,134.86000061035156,135.75999450683594,134.25999450683594,135.75999450683594,294200
2022-10-11,135.05999755859375,136.85000610351562,134.1199951171875,134.1199951171875,282400
2022-10-12,135.0,136.30999755859375,135.0,135.5500030517578,214900
2022-10-13,136.3800048828125,136.8000030517578,132.5,133.27000427246094,294000
2022-10-14,134.11000061035156,136.39999389648438,134.0399932861328,136.39999389648438,303500
2022-10-17,136.16000366210938,136.8000030517578,135.85000610351562,135.85000610351562,206500
2022-10-18,134.25999450683594,135.30999755859375,133.22000122070312,135.25999450683594,350600
2022-10-19,132.97000122070312,133.88999938964844,132.08999633789062,133.5800018310547,176100
2022-10-20,133.24000549316406,134.8000030517578,132.8000030517578,133.63999938964844,172000
2022-10-21,133.75999450683594,133.9199981689453,131.33999633789062,131.69000244140625,313600
2022-10-24,134.74000549316406,135.10000610351562,133.13999938964844,133.6300048828125,188300
2022-10-25,137.07000732421875,137.91000366210938,135.77999877929688,135.8800048828125,193100
2022-10-26,137.92999267578125,138.88999938964844,136.8300018310547,136.88999938964844,185600
2022-10-27,136.47000122070312,137.75,136.38999938964844,137.0500030517578,194400
2022-10-28,139.52000427246094,139.7899932861328,137.5500030517578,137.67999267578125,207800
2022-10-31,138.80999755859375,139.32000732421875,137.57000732421875,138.5800018310547,216800
2022-11-01,135.16000366210938,138.0,134.47000122070312,138.0,251000
2022-11-02,135.38999938964844,138.1999969482422,135.25,136.64999389648438,215900
2022-11-03,135.25,136.27999877929688,134.22999572753906,135.19000244140625,212200
2022-11-04,137.35000610351562,137.67999267578125,135.60000610351562,136.0,210000
2022-11-07,137.25999450683594,137.52999877929688,135.89999389648438,136.8300018310547,216500
2022-11-08,137.5,138.64999389648438,136.64999389648438,137.36000061035156,183800
2022-11-09,134.52999877929688,136.10000610351562,134.10000610351562,136.0,194900
2022-11-10,140.52000427246094,140.57000732421875,137.55999755859375,137.58999633789062,211300
2022-11-11,143.25999450683594,143.4600067138672,141.50999450683594,142.1699981689453,144300
2022-11-14,142.1199951171875,143.39999389648438,141.69000244140625,142.27999877929688,191500
2022-11-15,143.75,144.97000122070312,142.92999267578125,144.67999267578125,183400
2022-11-16,142.1199951171875,143.24000549316406,141.82000732421875,143.14999389648438,122200
2022-11-17,142.92999267578125,142.9600067138672,141.10000610351562,141.2100067138672,129800
2022-11-18,143.19000244140625,143.50999450683594,142.6300048828125,143.0800018310547,130300
2022-11-21,142.16000366210938,142.92999267578125,141.9499969482422,142.77999877929688,161000
2022-11-22,145.3300018310547,145.5,144.3000030517578,144.6300048828125,179900
2022-11-23,146.7100067138672,146.7100067138672,145.25,146.05999755859375,198900
2022-11-25,148.27000427246094,148.64999389648438,146.94000244140625,147.0,95600
2022-11-28,146.50999450683594,147.6999969482422,146.32000732421875,146.83999633789062,140700
2022-11-29,145.39999389648438,146.17999267578125,144.8699951171875,145.25999450683594,170200
2022-11-30,147.69000244140625,147.8699951171875,144.85000610351562,145.44000244140625,171400
2022-12-01,147.66000366210938,148.24000549316406,146.5800018310547,147.22000122070312,199500
2022-12-02,146.52999877929688,146.61000061035156,144.99000549316406,145.55999755859375,164900
2022-12-05,143.19000244140625,144.8000030517578,142.64999389648438,144.75999450683594,223400
2022-12-06,141.08999633789062,142.8800048828125,140.1999969482422,142.8800048828125,242600
2022-12-07,141.86000061035156,143.02999877929688,141.35000610351562,141.75,208200
2022-12-08,142.27999877929688,142.3800048828125,141.6199951171875,142.0,141000
2022-12-09,143.33999633789062,144.2100067138672,142.49000549316406,142.49000549316406,127900
2022-12-12,144.1199951171875,144.2100067138672,142.75,143.6199951171875,130800
2022-12-13,144.5,147.33999633789062,144.3300018310547,146.83999633789062,167100
2022-12-14,144.64999389648438,146.3699951171875,143.8000030517578,146.00999450683594,170400
2022-12-15,141.66000366210938,143.82000732421875,141.05999755859375,143.22000122070312,151300
2022-12-16,140.42999267578125,141.50999450683594,140.0399932861328,140.27999877929688,170200
2022-12-19,139.61000061035156,140.8000030517578,138.86000061035156,140.0,191500
2022-12-20,138.8300018310547,140.24000549316406,138.77000427246094,138.88999938964844,178300
2022-12-21,137.4600067138672,137.80999755859375,136.69000244140625,137.11000061035156,238600
2022-12-22,137.0,138.42999267578125,135.8800048828125,138.27999877929688,211600
2022-12-23,137.13999938964844,137.75999450683594,136.19000244140625,137.0399932861328,149400
2022-12-27,136.16000366210938,136.97000122070312,135.83999633789062,136.1199951171875,137600
2022-12-28,134.1300048828125,136.77000427246094,133.89999389648438,136.0,236900
2022-12-29,137.41000366210938,137.49000549316406,135.91000366210938,135.94000244140625,249400
2022-12-30,136.5800018310547,137.39999389648438,136.0,136.8800048828125,168700
2023-01-03,138.27999877929688,138.47000122070312,137.02000427246094,137.9600067138672,309800
2023-01-04,137.19000244140625,138.39999389648438,136.64999389648438,138.2100067138672,467100
2023-01-05,135.52000427246094,136.24000549316406,134.6699981689453,135.72000122070312,178400
2023-01-06,138.97000122070312,139.5399932861328,135.91000366210938,136.13999938964844,164900
2023-01-09,139.94000244140625,141.66000366210938,139.24000549316406,139.30999755859375,229900
2023-01-10,139.13999938964844,139.35000610351562,138.1699981689453,139.0,231100
2023-01-11,138.85000610351562,139.6699981689453,138.6300048828125,139.6699981689453,251000
2023-01-12,142.36000061035156,142.74000549316406,140.7100067138672,142.25999450683594,242800
2023-01-13,140.3000030517578,140.97999572753906,139.52000427246094,140.4199981689453,291500
2023-01-17,144.77000427246094,145.72000122070312,144.27000427246094,144.64999389648438,383700
2023-01-18,145.50999450683594,148.10000610351562,145.07000732421875,148.0,305300
2023-01-19,144.17999267578125,145.10000610351562,143.6199951171875,144.8800048828125,244900
2023-01-20,146.11000061035156,146.32000732421875,144.5,144.9199981689453,269500
2023-01-23,146.02999877929688,146.58999633789062,145.1199951171875,145.77000427246094,231300
2023-01-24,146.00999450683594,150.39999389648438,145.0,150.39999389648438,143600
2023-01-25,146.14999389648438,146.47000122070312,145.2100067138672,145.97999572753906,245000
2023-01-26,145.47000122070312,146.19000244140625,144.41000366210938,145.52000427246094,137100
2023-01-27,147.16000366210938,147.72999572753906,145.74000549316406,146.0,171800
2023-01-30,145.17999267578125,146.2899932861328,145.08999633789062,146.0,182400
2023-01-31,147.11000061035156,147.11000061035156,145.8800048828125,146.3000030517578,145700
2023-02-01,148.5800018310547,149.00999450683594,146.5800018310547,146.5800018310547,213100
2023-02-02,146.6199951171875,147.36000061035156,144.61000061035156,147.0,299400
2023-02-03,144.7100067138672,146.41000366210938,144.4499969482422,145.6199951171875,248100
2023-02-06,143.7899932861328,144.39999389648438,142.97000122070312,144.0,172100
2023-02-07,144.63999938964844,144.97000122070312,143.05999755859375,143.52000427246094,166900
2023-02-08,143.8300018310547,144.63999938964844,143.30999755859375,144.0,192400
2023-02-09,144.8300018310547,147.49000549316406,144.69000244140625,146.36000061035156,334000
2023-02-10,143.4199981689453,143.97999572753906,142.50999450683594,143.6699981689453,230100
2023-02-13,143.86000061035156,143.91000366210938,142.55999755859375,142.9499969482422,197500
2023-02-14,142.64999389648438,143.1199951171875,141.5500030517578,142.8000030517578,230400
2023-02-15,140.97000122070312,140.97999572753906,140.05999755859375,140.41000366210938,387800
2023-02-16,142.6999969482422,143.66000366210938,141.32000732421875,141.39999389648438,303200
2023-02-17,142.85000610351562,143.0500030517578,141.82000732421875,142.0800018310547,145800
2023-02-21,139.17999267578125,140.5800018310547,138.72999572753906,140.16000366210938,324000
2023-02-22,138.64999389648438,139.27999877929688,138.2899932861328,138.6999969482422,178200
2023-02-23,138.9499969482422,139.49000549316406,138.14999389648438,139.02999877929688,198100
2023-02-24,136.0500030517578,137.1999969482422,135.47999572753906,137.1999969482422,218700
2023-02-27,136.25,137.13999938964844,135.9600067138672,137.0,192100
2023-02-28,135.9199981689453,136.58999633789062,135.8800048828125,136.11000061035156,212200
2023-03-01,136.52999877929688,137.49000549316406,136.5,136.66000366210938,190900
2023-03-02,137.27000427246094,137.33999633789062,136.0800018310547,136.1199951171875,145100
2023-03-03,139.8300018310547,139.9199981689453,138.39999389648438,138.57000732421875,244700
2023-03-06,140.1300048828125,140.63999938964844,139.9600067138672,140.11000061035156,175500
2023-03-07,139.0800018310547,141.38999938964844,138.75,141.27999877929688,152600
2023-03-08,139.7100067138672,139.85000610351562,138.97999572753906,139.49000549316406,138800
2023-03-09,138.52000427246094,140.67999267578125,138.25999450683594,140.17999267578125,166000
2023-03-10,137.97000122070312,139.33999633789062,137.4499969482422,139.1999969482422,343600
2023-03-13,137.1199951171875,137.75999450683594,136.3300018310547,136.41000366210938,247400
2023-03-14,136.6699981689453,136.75999450683594,135.55999755859375,136.41000366210938,221600
2023-03-15,133.5800018310547,135.0,132.35000610351562,135.0,287800
2023-03-16,135.89999389648438,136.02999877929688,133.77000427246094,134.02999877929688,190000
2023-03-17,133.47999572753906,135.55999755859375,133.27000427246094,135.55999755859375,192500
2023-03-20,135.1300048828125,135.80999755859375,133.5500030517578,133.64999389648438,277100
2023-03-21,135.77999877929688,136.1699981689453,135.0,135.1999969482422,224500
2023-03-22,135.57000732421875,137.75999450683594,135.49000549316406,136.07000732421875,301600
2023-03-23,135.8699951171875,137.10000610351562,135.17999267578125,136.6199951171875,129600
2023-03-24,136.64999389648438,136.66000366210938,135.1999969482422,136.00999450683594,155900
2023-03-27,136.9600067138672,137.30999755859375,136.42999267578125,136.69000244140625,137300
2023-03-28,137.92999267578125,138.5,137.11000061035156,137.41000366210938,210700
2023-03-29,139.6699981689453,140.5399932861328,139.30999755859375,139.60000610351562,214300
2023-03-30,139.6199951171875,140.36000061035156,139.2899932861328,140.0,193500
2023-03-31,141.69000244140625,141.75999450683594,140.89999389648438,140.99000549316406,235000
2023-04-03,142.33999633789062,142.6300048828125,141.63999938964844,142.0,232900
2023-04-04,142.13999938964844,143.0500030517578,141.6699981689453,143.0399932861328,349200
2023-04-05,140.4199981689453,141.19000244140625,140.1699981689453,140.5500030517578,220500
2023-04-06,138.8699951171875,139.3699951171875,138.2100067138672,139.19000244140625,224000
2023-04-10,138.00999450683594,138.64999389648438,136.88999938964844,138.52999877929688,347600
2023-04-11,137.58999633789062,138.0399932861328,137.22999572753906,137.5399932861328,275900
2023-04-12,136.44000244140625,137.8000030517578,136.30999755859375,137.57000732421875,283200
2023-04-13,137.22999572753906,137.49000549316406,136.3000030517578,137.0500030517578,281600
2023-04-14,135.9600067138672,137.1199951171875,135.6199951171875,136.47999572753906,279100
2023-04-17,137.75,137.7899932861328,136.66000366210938,136.7100067138672,322200
2023-04-18,137.0399932861328,137.33999633789062,136.55999755859375,137.08999633789062,199200
2023-04-19,135.25999450683594,135.89999389648438,134.7899932861328,135.89999389648438,209500
2023-04-20,133.8000030517578,134.41000366210938,133.02000427246094,134.0,513200
2023-04-21,134.6699981689453,134.7899932861328,133.38999938964844,134.4199981689453,165800
2023-04-24,134.83999633789062,134.97000122070312,133.88999938964844,134.0500030517578,222300
2023-04-25,133.50999450683594,134.94000244140625,133.4600067138672,134.75,257100
2023-04-26,134.02000427246094,134.99000549316406,133.8800048828125,134.49000549316406,324000
2023-04-27,137.52000427246094,137.83999633789062,135.75999450683594,135.75999450683594,323600
2023-04-28,137.3300018310547,137.33999633789062,136.2899932861328,136.6199951171875,300000
2023-05-01,136.69000244140625,137.58999633789062,136.5500030517578,137.3300018310547,147400
2023-05-02,135.16000366210938,135.4199981689453,134.25,135.3000030517578,221700
2023-05-03,135.57000732421875,136.42999267578125,135.30999755859375,135.91000366210938,265900
2023-05-04,134.91000366210938,135.77000427246094,134.8800048828125,135.1999969482422,241800
2023-05-05,137.5399932861328,137.92999267578125,135.72999572753906,136.2100067138672,223900
2023-05-08,137.80999755859375,138.1999969482422,137.2899932861328,137.85000610351562,187600
2023-05-09,140.85000610351562,141.75999450683594,140.5800018310547,141.44000244140625,401300
2023-05-10,143.58999633789062,144.22999572753906,143.02000427246094,143.94000244140625,506600
2023-05-11,142.6699981689453,142.67999267578125,141.25,141.91000366210938,272400
2023-05-12,143.27000427246094,144.85000610351562,142.77999877929688,144.1999969482422,293100
2023-05-15,142.39999389648438,142.41000366210938,141.27999877929688,141.88999938964844,246200
2023-05-16,141.1300048828125,141.72000122070312,141.0,141.58999633789062,165800
2023-05-17,142.02000427246094,142.17999267578125,141.1300048828125,141.1300048828125,164600
2023-05-18,142.50999450683594,142.75999450683594,141.63999938964844,142.75999450683594,188900
2023-05-19,142.22000122070312,142.44000244140625,141.7100067138672,142.07000732421875,178400
2023-05-22,141.19000244140625,141.7100067138672,140.8300018310547,141.66000366210938,194400
2023-05-23,139.5500030517578,140.32000732421875,138.50999450683594,138.5500030517578,230000
2023-05-24,139.3300018310547,140.3800048828125,139.13999938964844,140.3800048828125,223500
2023-05-25,139.60000610351562,139.97999572753906,138.80999755859375,139.11000061035156,197500
2023-05-26,140.0800018310547,140.44000244140625,139.0800018310547,139.16000366210938,171700
2023-05-30,137.72999572753906,139.55999755859375,137.3699951171875,139.55999755859375,231800
2023-05-31,136.1300048828125,136.57000732421875,135.14999389648438,136.4600067138672,256900
2023-06-01,140.64999389648438,140.86000061035156,139.22000122070312,139.64999389648438,300100
2023-06-02,146.0,146.38999938964844,145.0,145.0,353400
2023-06-05,145.72999572753906,146.4499969482422,145.4600067138672,145.82000732421875,299100
2023-06-06,148.47999572753906,148.7899932861328,146.1300048828125,147.0,435200
2023-06-07,145.30999755859375,146.02999877929688,145.19000244140625,145.22999572753906,417900
2023-06-08,146.86000061035156,147.0,145.02999877929688,145.07000732421875,264100
2023-06-09,148.63999938964844,149.13999938964844,147.91000366210938,148.0,366600
2023-06-12,149.58999633789062,149.8800048828125,148.74000549316406,149.10000610351562,289800
2023-06-13,158.0800018310547,159.10000610351562,157.2899932861328,157.88999938964844,858200
2023-06-14,165.57000732421875,166.47999572753906,164.14999389648438,165.88999938964844,952800
2023-06-15,168.17999267578125,169.07000732421875,164.0,164.13999938964844,569400
2023-06-16,164.35000610351562,166.14999389648438,164.22999572753906,166.00999450683594,420600
2023-06-20,157.14999389648438,159.0,156.82000732421875,158.6999969482422,781100
2023-06-21,156.5,157.33999633789062,156.14999389648438,157.0,238600
2023-06-22,157.11000061035156,157.7899932861328,156.72999572753906,157.00999450683594,199500
2023-06-23,153.3800048828125,154.02000427246094,152.77999877929688,154.0,338600
2023-06-26,154.5500030517578,155.6199951171875,153.91000366210938,155.3800048828125,305400
2023-06-27,157.17999267578125,157.2100067138672,155.2100067138672,155.33999633789062,283000
2023-06-28,160.11000061035156,160.60000610351562,158.89999389648438,159.1199951171875,555200
2023-06-29,160.39999389648438,160.6199951171875,159.30999755859375,160.07000732421875,347700
2023-06-30,160.75,161.2100067138672,160.0,160.13999938964844,311100
2023-07-03,160.47000122070312,161.57000732421875,160.4199981689453,160.8800048828125,110200
2023-07-05,161.89999389648438,162.30999755859375,161.35000610351562,162.30999755859375,357400
2023-07-06,160.8300018310547,161.1999969482422,159.85000610351562,161.1199951171875,268300
2023-07-07,161.77000427246094,162.97000122070312,161.0399932861328,161.0399932861328,289700
2023-07-10,160.24000549316406,160.39999389648438,159.52999877929688,160.0,266400
2023-07-11,158.4199981689453,158.5500030517578,157.5,158.0399932861328,364800
2023-07-12,159.27000427246094,160.30999755859375,159.1199951171875,159.47000122070312,248200
2023-07-13,160.35000610351562,160.89999389648438,160.14999389648438,160.69000244140625,286400
2023-07-14,159.14999389648438,160.0,159.0800018310547,159.97000122070312,255200
2023-07-17,159.4499969482422,159.58999633789062,158.1699981689453,159.39999389648438,241300
2023-07-18,163.19000244140625,163.52999877929688,161.8699951171875,161.94000244140625,435500
2023-07-19,163.97000122070312,164.97999572753906,163.67999267578125,164.9499969482422,216700
2023-07-20,163.27999877929688,163.63999938964844,162.39999389648438,163.0800018310547,217800
2023-07-21,162.80999755859375,163.67999267578125,162.60000610351562,163.5800018310547,214400
2023-07-24,164.52999877929688,164.9199981689453,164.25,164.5800018310547,212100
2023-07-25,165.55999755859375,165.8000030517578,164.74000549316406,165.0,233300
2023-07-26,165.6999969482422,166.02000427246094,164.8800048828125,165.16000366210938,162300
2023-07-27,165.42999267578125,166.72999572753906,165.3800048828125,165.8699951171875,182200
2023-07-28,167.14999389648438,167.8000030517578,166.69000244140625,167.10000610351562,292200
2023-07-31,168.24000549316406,168.57000732421875,167.80999755859375,168.0,201300
2023-08-01,171.83999633789062,172.36000061035156,170.5500030517578,171.1199951171875,526000
2023-08-02,173.85000610351562,175.3699951171875,173.19000244140625,173.9600067138672,420200
2023-08-03,168.57000732421875,168.6999969482422,166.74000549316406,168.42999267578125,421600
2023-08-04,170.7899932861328,172.41000366210938,170.64999389648438,171.69000244140625,207200
2023-08-07,173.38999938964844,173.38999938964844,171.8000030517578,172.3300018310547,230600
2023-08-08,170.2899932861328,170.35000610351562,168.38999938964844,169.3800048828125,431700
2023-08-09,167.22999572753906,168.36000061035156,166.41000366210938,167.9199981689453,320100
2023-08-10,167.66000366210938,169.72000122070312,167.2100067138672,169.5500030517578,192500
2023-08-11,167.27999877929688,167.63999938964844,166.64999389648438,167.3699951171875,146700
2023-08-14,166.6999969482422,167.10000610351562,165.19000244140625,165.58999633789062,232500
2023-08-15,165.38999938964844,165.92999267578125,164.8800048828125,165.92999267578125,197400
2023-08-16,162.24000549316406,163.9199981689453,162.0,162.74000549316406,330700
2023-08-17,162.27999877929688,164.00999450683594,162.1699981689453,163.55999755859375,240600
2023-08-18,161.8699951171875,162.1999969482422,160.3800048828125,160.83999633789062,273900
2023-08-21,162.7899932861328,163.2100067138672,162.0,162.16000366210938,197000
2023-08-22,164.99000549316406,166.44000244140625,164.89999389648438,165.83999633789062,157700
2023-08-23,165.91000366210938,166.0800018310547,165.11000061035156,165.42999267578125,189700
2023-08-24,162.77999877929688,165.02999877929688,162.77999877929688,164.52000427246094,243400
2023-08-25,164.4600067138672,165.11000061035156,163.44000244140625,164.27000427246094,112000
2023-08-28,167.25,167.36000061035156,166.22000122070312,166.33999633789062,174800
2023-08-29,167.38999938964844,167.58999633789062,165.4499969482422,165.55999755859375,165000
2023-08-30,168.0500030517578,168.77999877929688,167.60000610351562,168.08999633789062,180200
2023-08-31,172.1300048828125,172.5,171.6300048828125,171.9499969482422,558600
2023-09-01,172.5399932861328,173.91000366210938,171.9199981689453,173.91000366210938,169900
2023-09-05,175.3699951171875,175.83999633789062,174.6300048828125,175.0500030517578,311600
2023-09-06,178.8300018310547,179.8800048828125,178.1300048828125,179.7100067138672,375600
2023-09-07,178.8699951171875,179.19000244140625,177.8000030517578,178.35000610351562,260700
2023-09-08,177.1300048828125,177.52999877929688,176.4199981689453,176.4199981689453,158900
2023-09-11,178.6699981689453,179.1199951171875,177.72000122070312,177.92999267578125,235900
2023-09-12,181.27999877929688,181.86000061035156,180.0,180.22999572753906,266900
2023-09-13,183.97999572753906,184.35000610351562,183.3800048828125,183.75999450683594,264300
2023-09-14,187.97999572753906,188.0500030517578,186.25,186.5,360500
2023-09-15,189.1999969482422,190.86000061035156,188.9499969482422,190.6699981689453,393600
2023-09-18,188.9600067138672,189.0500030517578,187.75,188.66000366210938,211200
2023-09-19,195.0399932861328,195.64999389648438,194.11000061035156,194.4600067138672,468300
2023-09-20,188.75,192.52000427246094,188.50999450683594,190.14999389648438,477800
2023-09-21,186.3000030517578,187.32000732421875,185.85000610351562,187.19000244140625,328100
2023-09-22,187.10000610351562,189.14999389648438,186.9499969482422,188.44000244140625,396400
2023-09-25,184.83999633789062,185.27000427246094,183.77000427246094,185.0,348500
2023-09-26,180.5,182.6999969482422,180.11000061035156,181.2100067138672,451900
2023-09-27,182.38999938964844,184.4199981689453,181.1699981689453,183.25999450683594,398600
2023-09-28,182.4199981689453,182.8699951171875,179.8300018310547,180.52999877929688,278100
2023-09-29,179.75,181.14999389648438,179.25999450683594,180.52999877929688,222200
2023-10-02,178.4600067138672,179.60000610351562,177.58999633789062,179.3000030517578,236100
2023-10-03,173.64999389648438,174.42999267578125,172.82000732421875,173.32000732421875,447400
2023-10-04,169.4499969482422,170.19000244140625,166.9199981689453,167.1699981689453,861700
2023-10-05,173.0399932861328,174.36000061035156,172.16000366210938,173.82000732421875,485900
2023-10-06,173.17999267578125,173.6999969482422,169.91000366210938,172.64999389648438,366200
2023-10-09,174.1199951171875,174.1699981689453,171.97000122070312,172.5,138200
2023-10-10,177.14999389648438,177.50999450683594,176.0,176.5,240400
2023-10-11,178.02999877929688,178.57000732421875,177.0,178.3800048828125,146700
2023-10-12,181.60000610351562,182.9600067138672,180.47999572753906,182.5800018310547,344000
2023-10-13,177.67999267578125,179.47000122070312,177.07000732421875,179.1300048828125,273400
2023-10-16,179.10000610351562,179.6199951171875,178.19000244140625,178.19000244140625,197700
2023-10-17,178.22000122070312,179.67999267578125,177.6300048828125,177.80999755859375,561400
2023-10-18,175.97999572753906,177.75,175.64999389648438,177.14999389648438,252100
2023-10-19,174.6999969482422,176.8800048828125,174.44000244140625,176.6199951171875,313000
2023-10-20,173.47999572753906,174.8000030517578,173.22999572753906,174.52999877929688,196600
2023-10-23,173.80999755859375,175.0500030517578,172.47999572753906,173.0500030517578,182000
2023-10-24,174.1199951171875,174.5,173.2100067138672,173.22000122070312,185200
2023-10-25,175.17999267578125,176.8800048828125,175.0399932861328,176.24000549316406,237900
2023-10-26,171.61000061035156,173.55999755859375,171.3699951171875,172.9600067138672,214900
2023-10-27,172.80999755859375,175.49000549316406,172.27000427246094,175.35000610351562,283200
2023-10-30,171.39999389648438,172.92999267578125,170.49000549316406,172.27000427246094,251900
2023-10-31,175.17999267578125,175.22000122070312,173.60000610351562,174.0399932861328,334400
2023-11-01,185.77999877929688,186.35000610351562,180.6300048828125,180.89999389648438,711100
2023-11-02,186.5500030517578,186.72000122070312,183.3699951171875,184.9600067138672,418900
2023-11-03,189.58999633789062,189.8699951171875,187.5500030517578,187.5500030517578,310600
2023-11-06,189.64999389648438,190.55999755859375,189.0399932861328,190.22999572753906,223600
2023-11-07,189.57000732421875,189.6199951171875,187.55999755859375,188.52000427246094,254100
2023-11-08,183.4199981689453,184.82000732421875,182.82000732421875,184.67999267578125,393900
2023-11-09,184.22000122070312,186.94000244140625,183.8800048828125,186.47000122070312,225000
2023-11-10,187.0,187.10000610351562,184.1300048828125,185.69000244140625,209100
2023-11-13,187.74000549316406,188.0,185.17999267578125,185.50999450683594,246500
2023-11-14,192.0800018310547,192.11000061035156,189.5800018310547,190.38999938964844,453400
2023-11-15,189.11000061035156,190.4600067138672,188.83999633789062,189.0,296400
2023-11-16,190.39999389648438,190.82000732421875,189.52999877929688,190.25999450683594,171700
2023-11-17,193.36000061035156,193.42999267578125,191.83999633789062,191.9199981689453,255500
2023-11-20,187.67999267578125,188.52999877929688,185.82000732421875,186.77000427246094,514000
2023-11-21,183.2100067138672,185.38999938964844,181.50999450683594,185.25,586600
2023-11-22,184.22999572753906,184.58999633789062,183.39999389648438,184.17999267578125,184500
2023-11-24,188.3000030517578,188.5,187.1699981689453,187.44000244140625,214000
2023-11-27,186.61000061035156,186.9600067138672,186.10000610351562,186.10000610351562,245400
2023-11-28,187.16000366210938,187.32000732421875,185.80999755859375,185.80999755859375,228400
2023-11-29,189.50999450683594,191.24000549316406,189.3800048828125,190.61000061035156,318700
2023-11-30,189.77999877929688,190.0,189.1300048828125,189.52999877929688,189400
2023-12-01,192.74000549316406,192.80999755859375,190.3699951171875,190.77000427246094,237500
2023-12-04,187.3699951171875,189.11000061035156,187.0500030517578,188.33999633789062,331200
2023-12-05,187.99000549316406,188.97999572753906,187.5,187.6999969482422,199600
2023-12-06,189.88999938964844,192.89999389648438,189.80999755859375,191.58999633789062,326700
2023-12-07,190.24000549316406,190.75999450683594,187.91000366210938,190.42999267578125,281400
2023-12-08,187.27999877929688,187.58999633789062,185.60000610351562,186.17999267578125,471100
2023-12-11,187.0800018310547,187.7100067138672,186.27999877929688,186.80999755859375,284600
2023-12-12,184.8000030517578,185.2100067138672,184.0500030517578,184.75999450683594,274300
2023-12-13,185.47999572753906,186.2899932861328,183.02999877929688,184.00999450683594,349500
2023-12-14,183.4199981689453,184.77000427246094,181.61000061035156,181.8800048828125,521500
2023-12-15,180.6199951171875,183.0399932861328,180.58999633789062,182.80999755859375,375300
2023-12-18,183.27999877929688,184.19000244140625,182.8800048828125,183.8699951171875,294900
2023-12-19,183.9499969482422,185.10000610351562,183.89999389648438,184.8000030517578,201000
2023-12-20,179.94000244140625,182.5399932861328,179.8800048828125,180.4499969482422,429400
2023-12-21,180.86000061035156,181.24000549316406,178.5800018310547,178.77999877929688,347200
2023-12-22,178.52999877929688,179.24000549316406,178.0,178.05999755859375,322800
2023-12-26,179.85000610351562,180.3699951171875,178.52999877929688,178.52999877929688,198500
2023-12-27,180.72000122070312,181.11000061035156,180.0800018310547,180.3800048828125,195500
2023-12-28,181.11000061035156,181.69000244140625,180.9499969482422,181.02000427246094,243000
2023-12-29,183.3800048828125,183.8800048828125,182.36000061035156,183.1300048828125,223200
2024-01-02,181.3699951171875,182.89999389648438,181.16000366210938,182.14999389648438,243700
2024-01-03,181.5500030517578,182.47000122070312,180.07000732421875,180.83999633789062,273500
2024-01-04,182.97000122070312,184.1999969482422,182.72999572753906,183.08999633789062,273100
2024-01-05,187.07000732421875,188.7100067138672,185.63999938964844,186.0,336100
2024-01-08,187.88999938964844,188.16000366210938,186.42999267578125,187.5,359400
2024-01-09,185.99000549316406,186.66000366210938,185.2899932861328,186.52999877929688,254700
2024-01-10,192.72000122070312,192.80999755859375,189.57000732421875,190.0,458100
2024-01-11,194.9499969482422,196.47999572753906,193.77999877929688,195.30999755859375,361800
2024-01-12,195.67999267578125,195.97999572753906,194.8000030517578,195.05999755859375,208000
2024-01-16,195.60000610351562,196.5,194.5,195.2899932861328,273600
2024-01-17,194.13999938964844,194.38999938964844,193.02999877929688,193.25999450683594,231900
2024-01-18,200.0800018310547,200.27000427246094,198.2899932861328,199.42999267578125,413100
2024-01-19,200.6699981689453,200.6999969482422,198.85000610351562,200.10000610351562,286400
2024-01-22,201.4199981689453,201.9499969482422,200.39999389648438,201.24000549316406,369600
2024-01-23,201.39999389648438,202.0,200.67999267578125,200.67999267578125,229000
2024-01-24,200.72000122070312,201.67999267578125,200.36000061035156,200.8699951171875,314500
2024-01-25,199.55999755859375,200.72999572753906,198.64999389648438,200.7100067138672,194700
2024-01-26,198.05999755859375,198.2100067138672,197.07000732421875,197.24000549316406,194200
2024-01-29,201.66000366210938,201.85000610351562,199.0800018310547,199.67999267578125,281100
2024-01-30,201.85000610351562,202.41000366210938,201.50999450683594,202.00999450683594,144300
2024-01-31,199.6999969482422,202.35000610351562,199.2899932861328,202.27999877929688,298000
2024-02-01,202.17999267578125,202.35000610351562,199.80999755859375,200.6300048828125,168600
2024-02-02,202.5399932861328,202.63999938964844,200.5399932861328,200.89999389648438,241200
2024-02-05,203.02999877929688,203.17999267578125,201.41000366210938,202.2899932861328,329700
2024-02-06,218.86000061035156,221.77000427246094,211.82000732421875,211.8699951171875,1137700
2024-02-07,223.0500030517578,224.02000427246094,220.86000061035156,222.33999633789062,492700
2024-02-08,226.30999755859375,226.39999389648438,223.8300018310547,225.32000732421875,323000
2024-02-09,224.4600067138672,225.13999938964844,223.75,223.82000732421875,239100
2024-02-12,225.86000061035156,226.8699951171875,223.55999755859375,223.82000732421875,246300
2024-02-13,231.0,232.55999755859375,227.3000030517578,227.58999633789062,733400
2024-02-14,227.02999877929688,227.16000366210938,224.47999572753906,226.0,342400
2024-02-15,228.5399932861328,228.63999938964844,226.13999938964844,226.13999938964844,239000
2024-02-16,227.36000061035156,228.5399932861328,226.6300048828125,227.8300018310547,241900
2024-02-20,226.77000427246094,228.4600067138672,225.5800018310547,227.77999877929688,298500
2024-02-21,227.08999633789062,227.66000366210938,225.8000030517578,227.22000122070312,430600
2024-02-22,234.4499969482422,235.14999389648438,233.00999450683594,234.1699981689453,461300
2024-02-23,235.0,235.75999450683594,234.33999633789062,235.0,279000
2024-02-26,238.1300048828125,238.77999877929688,236.5399932861328,237.58999633789062,332900
2024-02-27,238.0399932861328,238.83999633789062,236.58999633789062,238.19000244140625,301000
2024-02-28,237.2899932861328,238.19000244140625,237.0,237.92999267578125,168700
2024-02-29,240.5500030517578,241.66000366210938,239.64999389648438,240.9199981689453,257100
2024-03-01,246.0399932861328,246.5399932861328,244.55999755859375,244.66000366210938,337500
2024-03-04,243.83999633789062,244.7899932861328,243.24000549316406,244.19000244140625,281500
2024-03-05,248.19000244140625,249.99000549316406,246.80999755859375,247.7100067138672,314100
2024-03-06,252.39999389648438,253.42999267578125,250.92999267578125,252.14999389648438,331300
2024-03-07,247.94000244140625,248.0500030517578,245.6999969482422,246.92999267578125,359800
2024-03-08,242.82000732421875,245.8000030517578,242.5800018310547,245.0,379500
2024-03-11,235.4600067138672,237.41000366210938,235.1699981689453,237.41000366210938,379800
2024-03-12,237.9499969482422,238.44000244140625,235.4499969482422,236.80999755859375,242900
2024-03-13,232.8300018310547,233.5399932861328,231.3699951171875,233.41000366210938,298300
2024-03-14,230.97000122070312,233.36000061035156,230.36000061035156,233.36000061035156,224900
2024-03-15,234.6199951171875,235.1199951171875,233.5399932861328,234.91000366210938,179100
2024-03-18,238.66000366210938,238.8300018310547,237.27999877929688,237.5800018310547,194100
2024-03-19,244.32000732421875,245.08999633789062,242.41000366210938,242.67999267578125,347400
2024-03-20,246.72000122070312,246.8000030517578,244.30999755859375,244.67999267578125,214900
2024-03-21,251.47999572753906,251.7899932861328,250.25999450683594,251.4499969482422,245500
2024-03-22,254.77000427246094,255.22999572753906,253.58999633789062,255.0,285400
2024-03-25,252.41000366210938,253.4199981689453,251.0399932861328,252.11000061035156,196900
2024-03-26,253.72000122070312,254.7899932861328,253.38999938964844,253.88999938964844,214900
2024-03-27,252.14999389648438,254.1999969482422,250.3300018310547,253.6999969482422,242600
2024-03-28,251.67999267578125,252.85000610351562,251.13999938964844,251.13999938964844,124800
2024-04-01,242.14999389648438,242.86000061035156,240.22000122070312,242.85000610351562,527900
2024-04-02,239.88999938964844,240.24000549316406,237.9600067138672,239.0,296400
2024-04-03,241.77999877929688,242.4499969482422,239.5,239.5,307400
2024-04-04,239.16000366210938,243.6699981689453,239.02000427246094,243.1999969482422,196300
2024-04-05,240.74000549316406,241.8300018310547,238.5800018310547,239.0,191100
2024-04-08,244.2100067138672,245.83999633789062,243.3300018310547,243.39999389648438,218900
2024-04-09,246.92999267578125,248.47000122070312,245.67999267578125,247.86000061035156,232400
2024-04-10,244.7899932861328,246.1199951171875,243.86000061035156,246.0,214600
2024-04-11,246.99000549316406,247.14999389648438,244.47000122070312,246.5,172500
2024-04-12,242.97000122070312,245.27000427246094,242.6300048828125,245.00999450683594,207400
2024-04-15,241.6699981689453,246.07000732421875,241.3300018310547,245.7100067138672,158400
2024-04-16,236.52000427246094,237.3699951171875,234.63999938964844,236.2899932861328,306100
2024-04-17,233.97000122070312,235.2899932861328,233.00999450683594,234.58999633789062,306800
2024-04-18,231.83999633789062,234.11000061035156,231.6999969482422,233.72999572753906,220200
2024-04-19,228.72000122070312,229.7899932861328,227.3800048828125,229.5,425700
2024-04-22,230.3000030517578,231.14999389648438,227.8800048828125,228.17999267578125,448100
2024-04-23,230.41000366210938,230.63999938964844,227.82000732421875,228.10000610351562,362000
2024-04-24,232.8800048828125,233.99000549316406,231.8300018310547,232.85000610351562,273400
2024-04-25,225.36000061035156,225.49000549316406,222.38999938964844,223.0,319100
2024-04-26,226.7100067138672,226.97999572753906,224.57000732421875,225.0,242100
2024-04-29,227.94000244140625,228.4499969482422,227.17999267578125,228.0,228200
2024-04-30,227.30999755859375,229.94000244140625,227.0,229.94000244140625,334200
2024-05-01,226.8300018310547,228.83999633789062,226.55999755859375,228.30999755859375,264600
2024-05-02,230.8000030517578,231.41000366210938,229.3699951171875,230.3000030517578,228100
2024-05-03,232.8699951171875,233.35000610351562,231.36000061035156,232.05999755859375,165200
2024-05-06,235.60000610351562,235.67999267578125,233.57000732421875,233.6199951171875,208200
2024-05-07,231.25999450683594,233.27999877929688,230.91000366210938,233.27999877929688,248900
2024-05-08,231.77999877929688,232.42999267578125,227.0,231.1199951171875,371600
2024-05-09,227.24000549316406,228.02999877929688,226.72999572753906,227.50999450683594,329000
2024-05-10,218.77999877929688,221.05999755859375,218.13999938964844,220.92999267578125,563900
2024-05-13,215.63999938964844,217.1300048828125,215.3000030517578,217.10000610351562,466000
2024-05-14,217.1199951171875,217.61000061035156,216.2100067138672,216.5,268500
2024-05-15,219.5500030517578,219.94000244140625,218.3000030517578,218.89999389648438,280900
2024-05-16,215.6300048828125,217.0399932861328,215.60000610351562,216.83999633789062,296800
2024-05-17,219.75999450683594,220.4199981689453,219.08999633789062,219.92999267578125,265700
2024-05-20,220.5,221.08999633789062,219.89999389648438,220.30999755859375,175500
2024-05-21,219.36000061035156,220.44000244140625,219.19000244140625,219.8000030517578,145600
2024-05-22,216.6300048828125,217.61000061035156,216.27999877929688,217.47000122070312,166500
2024-05-23,214.72000122070312,218.08999633789062,214.30999755859375,218.08999633789062,260700
2024-05-24,216.83999633789062,217.02000427246094,215.9499969482422,216.10000610351562,134400
2024-05-28,218.72000122070312,219.52999877929688,217.41000366210938,219.0,262200
2024-05-29,213.9499969482422,215.3699951171875,213.74000549316406,215.3699951171875,191300
2024-05-30,214.1699981689453,214.91000366210938,213.2899932861328,213.52000427246094,278900
2024-05-31,217.50999450683594,217.50999450683594,215.5399932861328,216.88999938964844,254000
2024-06-03,212.1699981689453,213.5399932861328,211.17999267578125,212.2899932861328,351400
2024-06-04,210.3800048828125,211.33999633789062,210.0399932861328,211.0,224100
2024-06-05,208.3300018310547,208.57000732421875,206.2899932861328,208.0,338400
2024-06-06,210.0399932861328,210.94000244140625,209.27999877929688,209.58999633789062,245800
2024-06-07,206.36000061035156,207.6999969482422,206.1999969482422,206.5,537500
2024-06-10,208.02000427246094,208.61000061035156,207.27999877929688,207.5,268900
2024-06-11,205.30999755859375,207.0,204.5,206.5,250200
2024-06-12,205.64999389648438,207.52000427246094,205.5800018310547,207.52000427246094,245000
2024-06-13,199.35000610351562,200.3800048828125,198.17999267578125,200.25,528000
2024-06-14,197.1300048828125,197.7899932861328,195.4199981689453,196.5,483100
2024-06-17,195.1999969482422,195.6699981689453,193.1999969482422,193.1999969482422,453500
2024-06-18,194.13999938964844,194.72999572753906,193.4499969482422,193.88999938964844,347600
2024-06-20,194.5399932861328,194.74000549316406,193.30999755859375,194.0,234500
2024-06-21,193.5800018310547,194.1999969482422,193.3800048828125,193.6999969482422,284400
2024-06-24,198.97999572753906,199.42999267578125,197.27000427246094,197.5,375500
2024-06-25,206.22000122070312,206.61000061035156,205.1300048828125,205.5,517900
2024-06-26,203.17999267578125,204.22000122070312,202.3800048828125,203.5500030517578,306100
2024-06-27,203.8800048828125,204.94000244140625,203.33999633789062,203.39999389648438,284100
2024-06-28,204.97000122070312,206.27000427246094,204.41000366210938,205.07000732421875,273900
2024-07-01,203.7100067138672,205.1300048828125,203.2100067138672,204.8000030517578,267500
2024-07-02,206.2100067138672,206.2100067138672,204.75,205.0,259300
2024-07-03,206.25,206.30999755859375,205.1699981689453,205.8699951171875,212300
2024-07-05,206.4499969482422,206.5500030517578,205.08999633789062,206.2899932861328,190500
2024-07-08,204.94000244140625,205.6699981689453,204.3000030517578,204.72000122070312,200500
2024-07-09,201.6699981689453,203.19000244140625,201.6699981689453,203.0,230600
2024-07-10,205.8800048828125,206.17999267578125,203.77999877929688,204.6300048828125,209100
2024-07-11,203.72999572753906,205.64999389648438,203.72999572753906,205.30999755859375,246300
2024-07-12,207.58999633789062,208.86000061035156,206.02999877929688,206.52999877929688,218200
2024-07-15,206.91000366210938,208.2100067138672,206.75999450683594,208.17999267578125,207800
2024-07-16,206.60000610351562,206.80999755859375,205.67999267578125,206.22999572753906,206000
2024-07-17,204.38999938964844,205.14999389648438,203.30999755859375,204.72999572753906,266300
2024-07-18,199.85000610351562,202.22000122070312,199.5399932861328,201.92999267578125,292900
2024-07-19,197.14999389648438,199.27999877929688,197.02999877929688,199.27999877929688,236400
2024-07-22,200.13999938964844,200.14999389648438,198.1199951171875,198.6999969482422,315500
2024-07-23,200.7899932861328,201.3300018310547,200.02999877929688,200.17999267578125,283800
2024-07-24,197.1999969482422,199.7899932861328,197.0800018310547,199.7899932861328,211400
2024-07-25,195.25,197.42999267578125,193.72999572753906,197.42999267578125,212100
2024-07-26,192.52000427246094,192.83999633789062,190.50999450683594,190.74000549316406,317100
2024-07-29,192.47999572753906,193.1999969482422,191.80999755859375,193.0,205900
2024-07-30,193.11000061035156,195.47999572753906,192.27000427246094,194.9600067138672,284200
2024-07-31,193.5500030517578,194.88999938964844,192.89999389648438,194.17999267578125,372300
2024-08-01,179.07000732421875,184.67999267578125,178.57000732421875,181.57000732421875,820900
2024-08-02,173.02000427246094,173.88999938964844,171.5,173.72000122070312,674200
2024-08-05,168.35000610351562,170.9499969482422,159.0399932861328,160.88999938964844,1023900
2024-08-06,169.60000610351562,170.5,167.58999633789062,169.91000366210938,489800
2024-08-07,167.17999267578125,172.60000610351562,167.05999755859375,171.61000061035156,444600
2024-08-08,169.3699951171875,170.10000610351562,167.60000610351562,169.1699981689453,254900
2024-08-09,168.58999633789062,169.47999572753906,166.75,167.49000549316406,274400
2024-08-12,167.97000122070312,169.57000732421875,167.55999755859375,169.0,296500
2024-08-13,172.38999938964844,172.66000366210938,170.77000427246094,171.0500030517578,429100
2024-08-14,177.00999450683594,178.00999450683594,175.94000244140625,176.99000549316406,350400
2024-08-15,181.7899932861328,182.32000732421875,180.77000427246094,181.92999267578125,693500
2024-08-16,182.6699981689453,183.25999450683594,182.0,182.24000549316406,337300
2024-08-19,183.6999969482422,183.8000030517578,182.72000122070312,183.52000427246094,242700
2024-08-20,181.33999633789062,183.6300048828125,181.11000061035156,182.86000061035156,180400
2024-08-21,183.6199951171875,184.3800048828125,182.8000030517578,184.16000366210938,298400
2024-08-22,181.5,183.7100067138672,181.30999755859375,183.3699951171875,179800
2024-08-23,185.08999633789062,186.0,183.5,184.08999633789062,241700
2024-08-26,180.57000732421875,181.8300018310547,180.38999938964844,180.72999572753906,337400
2024-08-27,185.75,186.35000610351562,185.25,185.36000061035156,657300
2024-08-28,187.6699981689453,190.22999572753906,187.13999938964844,189.60000610351562,366200
2024-08-29,187.77000427246094,189.14999389648438,187.35000610351562,188.11000061035156,215500
2024-08-30,189.8000030517578,190.64999389648438,188.39999389648438,190.0,240700
2024-09-03,186.14999389648438,189.6999969482422,185.60000610351562,187.8000030517578,329700
2024-09-04,184.7100067138672,185.94000244140625,183.6199951171875,183.9199981689453,218100
2024-09-05,182.8000030517578,183.41000366210938,181.77000427246094,182.7899932861328,224600
2024-09-06,177.17999267578125,181.5500030517578,176.88999938964844,181.19000244140625,288600
2024-09-09,176.0800018310547,177.08999633789062,174.5800018310547,175.60000610351562,408300
2024-09-10,174.17999267578125,175.7899932861328,171.60000610351562,174.72999572753906,479200
2024-09-11,174.69000244140625,174.85000610351562,170.50999450683594,172.38999938964844,415200
2024-09-12,176.17999267578125,177.1999969482422,174.30999755859375,175.55999755859375,267800
2024-09-13,175.38999938964844,176.17999267578125,174.86000061035156,174.99000549316406,217700
2024-09-16,176.22999572753906,176.61000061035156,175.07000732421875,175.7100067138672,274300
2024-09-17,173.14999389648438,174.58999633789062,171.32000732421875,172.3800048828125,502500
2024-09-18,176.7100067138672,178.52000427246094,175.66000366210938,175.66000366210938,563800
2024-09-19,183.47000122070312,184.67999267578125,183.0,184.2899932861328,494500
2024-09-20,184.07000732421875,184.9199981689453,182.5399932861328,184.5800018310547,533900
2024-09-23,185.39999389648438,185.80999755859375,184.1300048828125,184.75,357800
2024-09-24,183.52999877929688,184.8699951171875,183.11000061035156,183.11000061035156,285000
2024-09-25,184.16000366210938,184.83999633789062,183.5,184.00999450683594,213800
2024-09-26,189.36000061035156,190.44000244140625,188.47000122070312,188.5500030517578,449700
2024-09-27,182.82000732421875,185.19000244140625,181.6999969482422,184.3699951171875,575200
2024-09-30,178.57000732421875,179.82000732421875,177.3699951171875,179.44000244140625,458600
2024-10-01,178.05999755859375,179.97999572753906,176.8699951171875,179.97999572753906,391200
2024-10-02,180.5,180.61000061035156,178.5500030517578,179.0,295100
2024-10-03,176.1699981689453,176.9199981689453,175.38999938964844,176.9199981689453,394700
2024-10-04,180.02000427246094,180.50999450683594,177.9600067138672,178.3000030517578,309500
2024-10-07,177.32000732421875,178.22000122070312,176.86000061035156,177.7899932861328,228700
2024-10-08,175.75999450683594,176.99000549316406,174.64999389648438,175.72999572753906,325900
2024-10-09,173.99000549316406,174.36000061035156,171.8000030517578,172.8800048828125,416300
2024-10-10,174.35000610351562,174.5800018310547,172.75999450683594,172.83999633789062,241400
2024-10-11,174.05999755859375,174.52000427246094,171.8000030517578,172.05999755859375,344400
2024-10-14,175.10000610351562,175.38999938964844,174.0800018310547,174.22000122070312,316100
2024-10-15,169.5500030517578,171.67999267578125,169.30999755859375,171.61000061035156,858900
2024-10-16,171.5,171.8000030517578,170.50999450683594,170.75999450683594,507900
2024-10-17,171.1999969482422,172.77000427246094,171.10000610351562,172.47999572753906,516200
2024-10-18,171.52999877929688,171.92999267578125,170.69000244140625,171.6999969482422,400300
2024-10-21,169.1699981689453,170.25999450683594,168.66000366210938,170.10000610351562,420200
2024-10-22,169.92999267578125,170.3000030517578,169.2899932861328,169.5800018310547,393100
2024-10-23,171.3300018310547,172.36000061035156,170.3300018310547,172.0,398000
2024-10-24,170.42999267578125,171.39999389648438,169.3000030517578,170.3699951171875,288500
2024-10-25,172.0,173.0,171.58999633789062,171.89999389648438,273900
2024-10-28,176.6300048828125,176.8800048828125,175.30999755859375,175.6999969482422,457000
2024-10-29,176.02999877929688,177.14999389648438,175.63999938964844,176.5,357100
2024-10-30,175.2100067138672,176.3300018310547,175.1999969482422,176.25,222800
2024-10-31,173.02000427246094,174.63999938964844,172.1999969482422,174.63999938964844,234800
2024-11-01,172.8300018310547,173.69000244140625,172.27000427246094,172.67999267578125,234200
2024-11-04,172.6999969482422,173.88999938964844,172.2899932861328,173.0,253400
2024-11-05,174.72999572753906,174.80999755859375,172.63999938964844,173.00999450683594,353400
2024-11-06,175.14999389648438,176.0,172.02000427246094,175.25,633000
2024-11-07,178.4499969482422,179.67999267578125,177.25999450683594,179.0,638000
2024-11-08,172.02999877929688,174.5399932861328,171.8000030517578,174.35000610351562,504100
2024-11-11,174.10000610351562,174.8000030517578,172.47999572753906,172.47999572753906,310300
2024-11-12,174.99000549316406,176.72000122070312,173.86000061035156,175.83999633789062,324700
2024-11-13,172.35000610351562,172.9199981689453,171.2899932861328,172.30999755859375,268600
2024-11-14,173.47999572753906,174.63999938964844,173.00999450683594,173.27000427246094,424900
2024-11-15,172.83999633789062,173.5500030517578,171.77999877929688,173.22999572753906,282200
2024-11-18,174.77999877929688,175.82000732421875,172.83999633789062,173.0,289400
2024-11-19,175.38999938964844,176.08999633789062,175.0,175.1999969482422,254600
2024-11-20,172.91000366210938,174.2100067138672,171.77000427246094,173.77000427246094,295500
2024-11-21,173.3800048828125,174.25999450683594,172.97999572753906,173.0500030517578,314700
2024-11-22,174.39999389648438,174.77999877929688,172.63999938964844,172.75,368900
2024-11-25,175.8300018310547,176.55999755859375,175.1699981689453,175.8699951171875,347900
2024-11-26,172.52000427246094,173.42999267578125,172.30999755859375,173.1999969482422,410700
2024-11-27,169.72000122070312,170.35000610351562,169.1199951171875,170.0800018310547,478500
2024-11-29,170.6300048828125,170.6300048828125,169.4199981689453,169.8000030517578,247700
2024-12-02,175.80999755859375,176.13999938964844,173.16000366210938,173.35000610351562,634900
2024-12-03,176.0,176.75999450683594,175.57000732421875,176.6999969482422,412200
2024-12-04,174.77999877929688,176.25,174.25,176.25,400500
2024-12-05,174.39999389648438,176.14999389648438,174.39999389648438,175.5800018310547,405500
2024-12-06,175.9499969482422,176.24000549316406,175.2899932861328,175.86000061035156,290600
2024-12-09,177.00999450683594,178.60000610351562,176.2100067138672,176.35000610351562,376000
2024-12-10,175.7100067138672,177.35000610351562,175.33999633789062,177.00999450683594,237100
2024-12-11,178.14999389648438,178.44000244140625,176.47999572753906,177.3000030517578,290100
2024-12-12,176.89999389648438,178.58999633789062,176.82000732421875,177.94000244140625,214100
2024-12-13,175.86000061035156,176.27000427246094,175.0500030517578,176.1699981689453,225800
2024-12-16,174.25,174.97000122070312,173.85000610351562,174.57000732421875,327400
2024-12-17,173.27999877929688,174.6300048828125,173.27999877929688,174.0,421000
2024-12-18,173.6199951171875,179.3699951171875,173.5500030517578,177.3300018310547,457900
2024-12-19,174.2100067138672,175.8000030517578,173.77000427246094,174.86000061035156,404500
2024-12-20,178.1699981689453,179.9199981689453,175.83999633789062,175.83999633789062,425700
2024-12-23,180.4499969482422,180.6199951171875,177.97000122070312,179.1199951171875,422700
2024-12-24,181.42999267578125,181.72000122070312,180.8300018310547,181.0,168600
2024-12-26,197.36000061035156,198.0,193.1300048828125,195.97000122070312,1281200
2024-12-27,199.52000427246094,201.0,198.17999267578125,200.36000061035156,779500
2024-12-30,195.66000366210938,198.0,195.61000061035156,198.0,463600
2024-12-31,194.61000061035156,196.57000732421875,193.94000244140625,195.35000610351562,442600
2025-01-02,193.1199951171875,194.8000030517578,192.0,194.39999389648438,615500
2025-01-03,195.25,195.5,193.22999572753906,194.19000244140625,611300
