Date,Close,High,Low,Open,Volume
1984-12-26,162.85446166992188,171.42574912623357,162.85446166992188,0.0,193
1984-12-27,167.14012145996094,167.14012145996094,162.85447731996194,0.0,303
1984-12-28,162.85446166992188,167.14010539807774,162.85446166992188,0.0,68
1984-12-31,167.14012145996094,167.14012145996094,162.85447731996194,0.0,83
1985-01-02,167.14012145996094,167.14012145996094,162.85447731996194,0.0,60
1985-01-03,158.56884765625,167.14013671875,158.56884765625,0.0,65
1985-01-04,162.85446166992188,162.85446166992188,158.56881794176604,0.0,48
1985-01-07,167.14012145996094,167.14012145996094,167.14012145996094,0.0,105
1985-01-08,167.14012145996094,167.14012145996094,167.14012145996094,0.0,18
1985-01-09,167.14012145996094,167.14012145996094,167.14012145996094,0.0,35
1985-01-10,162.85446166992188,167.14010539807774,162.85446166992188,0.0,38
1985-01-11,167.14012145996094,167.14012145996094,167.14012145996094,0.0,58
1985-01-14,167.14012145996094,167.14012145996094,162.85447731996194,0.0,183
1985-01-15,167.14012145996094,167.14012145996094,162.85447731996194,0.0,140
1985-01-16,167.14012145996094,171.42576559995996,167.14012145996094,0.0,268
1985-01-17,171.42576599121094,171.42576599121094,167.14012184143067,0.0,168
1985-01-18,175.71141052246094,175.71141052246094,175.71141052246094,0.0,133
1985-01-21,201.42529296875,201.42529296875,188.568359375,0.0,385
1985-01-22,201.42529296875,209.99658203125,197.1396484375,0.0,488
1985-01-23,201.42529296875,201.42529296875,197.1396484375,0.0,113
1985-01-24,192.85400390625,201.42529296875,192.85400390625,0.0,175
1985-01-25,197.13963317871094,197.13963317871094,197.13963317871094,0.0,55
1985-01-28,197.13963317871094,201.42527737824813,197.13963317871094,0.0,208
1985-01-29,188.56832885742188,201.4252603704279,188.56832885742188,0.0,140
1985-01-30,197.13963317871094,197.13963317871094,192.85398897917372,0.0,133
1985-01-31,197.13963317871094,197.13963317871094,197.13963317871094,0.0,50
1985-02-01,197.13963317871094,197.13963317871094,192.85398897917372,0.0,25
1985-02-04,192.85400390625,192.85400390625,188.568359375,0.0,130
1985-02-05,184.28271484375,192.85400390625,184.28271484375,0.0,143
1985-02-06,188.56832885742188,188.56832885742188,184.2826850197532,0.0,105
1985-02-07,192.85400390625,192.85400390625,188.568359375,0.0,100
1985-02-08,192.85400390625,192.85400390625,192.85400390625,0.0,35
1985-02-11,192.85400390625,197.1396484375,192.85400390625,0.0,413
1985-02-12,197.13963317871094,197.13963317871094,192.85398897917372,0.0,838
1985-02-13,205.71092224121094,205.71092224121094,197.1396338144938,0.0,638
1985-02-14,201.42529296875,209.99658203125,197.1396484375,0.0,523
1985-02-15,205.71092224121094,205.71092224121094,201.42527802785236,0.0,50
1985-02-19,205.71092224121094,209.9965664545695,201.42527802785236,0.0,348
1985-02-20,218.56785583496094,222.85350006701898,209.99656737084482,0.0,868
1985-02-21,218.56785583496094,218.56785583496094,218.56785583496094,218.56785583496094,0
1985-02-22,231.42481994628906,231.42481994628906,227.1391751324689,0.0,318
1985-02-25,231.42481994628906,231.42481994628906,222.85353031864875,0.0,195
1985-02-26,222.853515625,227.13916015625,218.56787109375,0.0,173
1985-02-27,214.28221130371094,227.13914398193361,209.99656707763674,0.0,410
1985-02-28,214.28221130371094,214.28221130371094,209.99656707763674,0.0,70
1985-03-01,222.853515625,222.853515625,218.56787109375,0.0,63
1985-03-04,214.28221130371094,222.8534997558594,214.28221130371094,0.0,100
1985-03-05,231.42481994628906,231.42481994628906,218.56788550482858,0.0,173
1985-03-06,227.13914489746094,231.42478914080925,222.85350065411262,0.0,110
1985-03-07,227.13914489746094,227.13914489746094,222.85350065411262,0.0,118
1985-03-08,235.71043395996094,235.71043395996094,227.139145452326,0.0,73
1985-03-11,235.71043395996094,239.99607821377842,235.71043395996094,0.0,78
1985-03-12,235.71043395996094,235.71043395996094,231.42478970614346,0.0,20
1985-03-13,222.853515625,235.71044921875,218.56787109375,0.0,153
1985-03-14,218.56785583496094,222.85350006701898,218.56785583496094,0.0,90
1985-03-15,205.71092224121094,218.56785488128662,205.71092224121094,0.0,135
1985-03-18,201.42529296875,205.7109375,197.1396484375,0.0,210
1985-03-19,209.99658203125,209.99658203125,197.1396484375,0.0,103
1985-03-20,214.28221130371094,214.28221130371094,205.71092285156251,0.0,140
1985-03-21,209.99658203125,214.2822265625,209.99658203125,0.0,23
1985-03-22,214.28221130371094,214.28221130371094,209.99656707763674,0.0,13
1985-03-25,218.56785583496094,218.56785583496094,214.28221160290286,0.0,8
1985-03-26,218.56785583496094,218.56785583496094,214.28221160290286,0.0,13
1985-03-27,205.71092224121094,209.9965664545695,205.71092224121094,0.0,133
1985-03-28,205.71092224121094,205.71092224121094,205.71092224121094,0.0,8
1985-03-29,201.42529296875,205.7109375,201.42529296875,0.0,33
1985-04-01,205.71092224121094,209.9965664545695,205.71092224121094,0.0,33
1985-04-02,201.42529296875,205.7109375,201.42529296875,0.0,85
1985-04-03,192.85400390625,201.42529296875,192.85400390625,0.0,53
1985-04-04,192.85400390625,197.1396484375,192.85400390625,0.0,33
1985-04-08,192.85400390625,192.85400390625,192.85400390625,0.0,5
1985-04-09,197.13963317871094,197.13963317871094,192.85398897917372,0.0,10
1985-04-10,197.13963317871094,201.42527737824813,197.13963317871094,0.0,38
1985-04-11,197.13963317871094,197.13963317871094,197.13963317871094,0.0,10
1985-04-12,188.56832885742188,192.85397269509056,188.56832885742188,0.0,73
1985-04-15,179.99703979492188,184.2826835995629,175.7113959902809,0.0,123
1985-04-16,175.71141052246094,179.99705468154534,175.71141052246094,0.0,113
1985-04-17,171.42576599121094,175.7114101409912,171.42576599121094,0.0,103
1985-04-18,158.56884765625,167.14013671875,149.99755859375,0.0,468
1985-04-19,162.85446166992188,162.85446166992188,158.56881794176604,0.0,215
1985-04-22,162.85446166992188,162.85446166992188,158.56881794176604,0.0,98
1985-04-23,162.85446166992188,167.14010539807774,162.85446166992188,0.0,95
1985-04-24,162.85446166992188,162.85446166992188,158.56881794176604,0.0,113
1985-04-25,167.14012145996094,167.14012145996094,162.85447731996194,0.0,93
1985-04-26,162.85446166992188,171.42574912623357,162.85446166992188,0.0,190
1985-04-29,167.14012145996094,167.14012145996094,167.14012145996094,0.0,15
1985-04-30,171.42576599121094,171.42576599121094,162.85447769165037,0.0,28
1985-05-01,167.14012145996094,171.42576559995996,167.14012145996094,0.0,8
1985-05-02,167.14012145996094,171.42576559995996,167.14012145996094,0.0,18
1985-05-03,167.14012145996094,171.42576559995996,167.14012145996094,0.0,13
1985-05-06,162.85446166992188,162.85446166992188,162.85446166992188,0.0,38
1985-05-07,162.85446166992188,167.14010539807774,162.85446166992188,0.0,95
1985-05-08,167.14012145996094,167.14012145996094,162.85447731996194,0.0,43
1985-05-09,167.14012145996094,167.14012145996094,167.14012145996094,0.0,28
1985-05-10,167.14012145996094,167.14012145996094,162.85447731996194,0.0,120
1985-05-13,167.14012145996094,175.71140973995895,167.14012145996094,0.0,118
1985-05-14,171.42576599121094,171.42576599121094,167.14012184143067,0.0,50
1985-05-15,171.42576599121094,171.42576599121094,171.42576599121094,0.0,15
1985-05-16,171.42576599121094,171.42576599121094,167.14012184143067,0.0,35
1985-05-17,171.42576599121094,171.42576599121094,162.85447769165037,0.0,113
1985-05-20,167.14012145996094,171.42576559995996,167.14012145996094,0.0,33
1985-05-21,167.14012145996094,167.14012145996094,167.14012145996094,0.0,5
1985-05-22,162.85446166992188,167.14010539807774,158.56881794176604,0.0,30
1985-05-23,158.56884765625,158.56884765625,158.56884765625,0.0,3
1985-05-24,162.85446166992188,162.85446166992188,158.56881794176604,0.0,15
1985-05-28,162.85446166992188,162.85446166992188,158.56881794176604,0.0,63
1985-05-29,154.28318786621094,158.56883197360568,149.9975437588162,0.0,128
1985-05-30,162.85446166992188,162.85446166992188,154.2831742136102,0.0,45
1985-05-31,167.14012145996094,167.14012145996094,158.56883317996295,0.0,38
1985-06-03,167.14012145996094,171.42576559995996,162.85447731996194,0.0,115
1985-06-04,158.56884765625,167.14013671875,158.56884765625,0.0,48
1985-06-05,162.85446166992188,162.85446166992188,162.85446166992188,0.0,38
1985-06-06,154.28318786621094,167.14012018839517,154.28318786621094,0.0,125
1985-06-07,154.28318786621094,158.56883197360568,149.9975437588162,0.0,20
1985-06-10,141.42626953125,149.99755859375,141.42626953125,0.0,128
1985-06-11,154.28318786621094,154.28318786621094,149.9975437588162,0.0,370
1985-06-12,158.56884765625,167.14013671875,158.56884765625,0.0,130
1985-06-13,149.99755859375,162.8544921875,149.99755859375,0.0,100
1985-06-14,141.42626953125,154.283203125,137.140625,0.0,358
1985-06-17,141.42626953125,145.7119140625,137.140625,0.0,125
1985-06-18,141.42626953125,141.42626953125,137.140625,0.0,43
1985-06-19,137.14059448242188,141.42623805999756,137.14059448242188,0.0,35
1985-06-20,137.14059448242188,141.42623805999756,132.8549509048462,0.0,55
1985-06-21,137.14059448242188,137.14059448242188,137.14059448242188,0.0,30
1985-06-24,132.85499572753906,132.85499572753906,128.56935070407005,0.0,168
1985-06-25,132.85499572753906,132.85499572753906,128.56935070407005,0.0,228
1985-06-26,128.5693359375,132.85498046875,128.5693359375,0.0,88
1985-06-27,132.85499572753906,137.14064075100805,132.85499572753906,0.0,45
1985-06-28,132.85499572753906,137.14064075100805,132.85499572753906,0.0,63
1985-07-01,141.42626953125,141.42626953125,132.85498046875,0.0,125
1985-07-02,149.99755859375,154.283203125,145.7119140625,0.0,85
1985-07-03,141.42626953125,145.7119140625,141.42626953125,0.0,10
1985-07-05,141.42626953125,141.42626953125,141.42626953125,0.0,65
1985-07-08,145.71189880371094,145.71189880371094,141.42625472124885,0.0,33
1985-07-09,154.28318786621094,154.28318786621094,149.9975437588162,0.0,155
1985-07-10,149.99755859375,154.283203125,149.99755859375,0.0,153
1985-07-11,149.99755859375,158.56884765625,149.99755859375,0.0,475
1985-07-12,149.99755859375,154.283203125,149.99755859375,0.0,18
1985-07-15,145.71189880371094,149.99754288617302,145.71189880371094,0.0,65
1985-07-16,149.99755859375,149.99755859375,145.7119140625,0.0,35
1985-07-17,154.28318786621094,154.28318786621094,149.9975437588162,0.0,33
1985-07-18,158.56884765625,158.56884765625,154.283203125,0.0,58
1985-07-19,154.28318786621094,158.56883197360568,154.28318786621094,0.0,38
1985-07-22,167.14012145996094,171.42576559995996,158.56883317996295,0.0,428
1985-07-23,162.85446166992188,167.14010539807774,162.85446166992188,0.0,78
1985-07-24,167.14012145996094,171.42576559995996,167.14012145996094,0.0,113
1985-07-25,175.71141052246094,179.99705468154534,171.4257663633765,0.0,205
1985-07-26,184.28271484375,188.568359375,184.28271484375,0.0,65
1985-07-29,184.28271484375,184.28271484375,184.28271484375,0.0,65
1985-07-30,188.56832885742188,192.85397269509056,184.2826850197532,0.0,68
1985-07-31,184.28271484375,192.85400390625,184.28271484375,0.0,68
1985-08-01,184.28271484375,184.28271484375,179.9970703125,0.0,60
1985-08-02,188.56832885742188,188.56832885742188,179.99704118208453,0.0,68
1985-08-05,184.28271484375,188.568359375,184.28271484375,0.0,48
1985-08-06,179.99703979492188,179.99703979492188,175.7113959902809,0.0,100
1985-08-07,175.71141052246094,179.99705468154534,175.71141052246094,0.0,28
1985-08-08,175.71141052246094,175.71141052246094,171.4257663633765,0.0,95
1985-08-09,184.28271484375,188.568359375,179.9970703125,0.0,103
1985-08-12,188.56832885742188,188.56832885742188,184.2826850197532,0.0,78
1985-08-13,184.28271484375,188.568359375,184.28271484375,0.0,80
1985-08-14,205.71092224121094,214.28221066792804,192.85398960113525,0.0,420
1985-08-15,201.42529296875,214.2822265625,201.42529296875,0.0,68
1985-08-16,201.42529296875,201.42529296875,188.568359375,0.0,235
1985-08-19,192.85400390625,205.7109375,192.85400390625,0.0,130
1985-08-20,197.13963317871094,197.13963317871094,192.85398897917372,0.0,55
1985-08-21,192.85400390625,201.42529296875,192.85400390625,0.0,98
1985-08-22,184.28271484375,188.568359375,184.28271484375,0.0,103
1985-08-23,184.28271484375,184.28271484375,179.9970703125,0.0,110
1985-08-26,175.71141052246094,184.28269884062976,175.71141052246094,0.0,58
1985-08-27,179.99703979492188,179.99703979492188,175.7113959902809,0.0,38
1985-08-28,192.85400390625,192.85400390625,179.9970703125,0.0,310
1985-08-29,192.85400390625,197.1396484375,188.568359375,0.0,73
1985-08-30,188.56832885742188,188.56832885742188,188.56832885742188,0.0,25
1985-09-03,184.28271484375,188.568359375,184.28271484375,0.0,23
1985-09-04,192.85400390625,192.85400390625,188.568359375,0.0,70
1985-09-05,197.13963317871094,197.13963317871094,188.56834477963653,0.0,98
1985-09-06,205.71092224121094,205.71092224121094,192.85398960113525,0.0,168
1985-09-09,201.42529296875,205.7109375,201.42529296875,0.0,198
1985-09-10,222.853515625,227.13916015625,205.7109375,0.0,360
1985-09-11,222.853515625,227.13916015625,218.56787109375,0.0,488
1985-09-12,218.56785583496094,222.85350006701898,214.28221160290286,0.0,165
1985-09-13,205.71092224121094,218.56785488128662,205.71092224121094,0.0,148
1985-09-16,214.28221130371094,218.56785552978516,214.28221130371094,0.0,65
1985-09-17,209.99658203125,214.2822265625,209.99658203125,0.0,100
1985-09-18,205.71092224121094,209.9965664545695,197.1396338144938,0.0,135
1985-09-19,209.99658203125,209.99658203125,201.42529296875,0.0,155
1985-09-20,205.71092224121094,209.9965664545695,205.71092224121094,0.0,30
1985-09-23,209.99658203125,209.99658203125,205.7109375,0.0,63
1985-09-24,205.71092224121094,209.9965664545695,201.42527802785236,0.0,123
1985-09-25,205.71092224121094,205.71092224121094,205.71092224121094,0.0,53
1985-09-26,197.13963317871094,205.7109215777853,197.13963317871094,0.0,108
1985-09-30,188.56832885742188,192.85397269509056,184.2826850197532,0.0,218
1985-10-01,201.42529296875,201.42529296875,188.568359375,0.0,170
1985-10-02,197.13963317871094,205.7109215777853,197.13963317871094,0.0,38
1985-10-03,188.56832885742188,197.13961653275922,188.56832885742188,0.0,63
1985-10-04,197.13963317871094,197.13963317871094,192.85398897917372,0.0,33
1985-10-07,197.13963317871094,197.13963317871094,197.13963317871094,0.0,13
1985-10-08,197.13963317871094,201.42527737824813,197.13963317871094,0.0,60
1985-10-09,197.13963317871094,197.13963317871094,197.13963317871094,0.0,18
1985-10-10,201.42529296875,201.42529296875,197.1396484375,0.0,48
1985-10-11,201.42529296875,205.7109375,201.42529296875,0.0,50
1985-10-14,205.71092224121094,205.71092224121094,205.71092224121094,0.0,50
1985-10-15,205.71092224121094,205.71092224121094,201.42527802785236,0.0,73
1985-10-16,214.28221130371094,214.28221130371094,205.71092285156251,0.0,120
1985-10-17,209.99658203125,209.99658203125,209.99658203125,0.0,13
1985-10-18,205.71092224121094,209.9965664545695,205.71092224121094,0.0,98
1985-10-21,205.71092224121094,214.28221066792804,205.71092224121094,0.0,63
1985-10-22,209.99658203125,209.99658203125,205.7109375,0.0,148
1985-10-23,201.42529296875,205.7109375,201.42529296875,0.0,155
1985-10-24,205.71092224121094,205.71092224121094,201.42527802785236,0.0,43
1985-10-25,205.71092224121094,205.71092224121094,201.42527802785236,0.0,10
1985-10-28,201.42529296875,201.42529296875,197.1396484375,0.0,98
1985-10-29,201.42529296875,201.42529296875,201.42529296875,0.0,25
1985-10-30,205.71092224121094,205.71092224121094,201.42527802785236,0.0,28
1985-10-31,205.71092224121094,205.71092224121094,201.42527802785236,0.0,158
1985-11-01,209.99658203125,209.99658203125,209.99658203125,0.0,3
1985-11-04,209.99658203125,209.99658203125,201.42529296875,0.0,80
1985-11-05,205.71092224121094,209.9965664545695,205.71092224121094,0.0,63
1985-11-06,209.99658203125,209.99658203125,205.7109375,0.0,130
1985-11-07,209.99658203125,209.99658203125,209.99658203125,0.0,5
1985-11-08,201.42529296875,205.7109375,201.42529296875,0.0,85
1985-11-11,209.99658203125,209.99658203125,201.42529296875,0.0,135
1985-11-12,214.28221130371094,214.28221130371094,205.71092285156251,0.0,133
1985-11-13,261.4243469238281,269.99563698690446,214.2822515769083,0.0,1308
1985-11-14,291.4237976074219,291.4237976074219,269.9955771951114,0.0,1870
1985-11-15,269.9956359863281,291.42386106460816,265.70999097067215,0.0,623
1985-11-18,265.7099914550781,265.7099914550781,248.56741136120212,0.0,613
1985-11-19,252.85304260253906,265.70997697215967,252.85304260253906,0.0,153
1985-11-20,257.138671875,257.138671875,252.85302734375,0.0,40
1985-11-21,269.9956359863281,274.28128100198415,261.4243459550161,0.0,190
1985-11-22,295.7095031738281,299.9951481473619,269.9956333326257,0.0,420
1985-11-25,291.4237976074219,295.70944168988393,287.13815352495976,0.0,175
1985-11-26,291.4237976074219,291.4237976074219,287.13815352495976,0.0,118
1985-11-27,287.1382141113281,287.1382141113281,282.85256912459187,0.0,155
1985-11-29,291.4237976074219,291.4237976074219,287.13815352495976,0.0,48
1985-12-02,278.56689453125,291.423828125,278.56689453125,0.0,115
1985-12-03,278.56689453125,282.8525390625,278.56689453125,0.0,48
1985-12-04,287.1382141113281,287.1382141113281,278.56692413785566,0.0,173
1985-12-05,291.4237976074219,291.4237976074219,287.13815352495976,0.0,120
1985-12-06,291.4237976074219,291.4237976074219,282.8525094424977,0.0,133
1985-12-09,287.1382141113281,295.7095040848006,287.1382141113281,0.0,240
1985-12-10,287.1382141113281,295.7095040848006,287.1382141113281,0.0,80
1985-12-11,304.2807922363281,304.2807922363281,287.138212392028,0.0,230
1985-12-12,304.2807922363281,308.56643719740316,304.2807922363281,0.0,95
1985-12-13,299.9951171875,308.56640625,295.70947265625,0.0,225
1985-12-16,308.5663757324219,317.13766394721137,295.7094434102376,0.0,343
1985-12-17,299.9951171875,312.85205078125,295.70947265625,0.0,263
1985-12-18,304.2807922363281,304.2807922363281,299.9951472752531,0.0,73
1985-12-19,299.9951171875,299.9951171875,295.70947265625,0.0,118
1985-12-20,295.7095031738281,304.2807931208956,295.7095031738281,0.0,40
1985-12-23,291.4237976074219,295.70944168988393,291.4237976074219,0.0,108
1985-12-24,287.1382141113281,291.4238590980644,287.1382141113281,0.0,60
1985-12-26,299.9951171875,299.9951171875,291.423828125,0.0,138
1985-12-27,312.8520202636719,312.8520202636719,304.2807320372699,0.0,80
1985-12-30,304.2807922363281,312.8520821584782,299.9951472752531,0.0,145
1985-12-31,304.2807922363281,304.2807922363281,299.9951472752531,0.0,100
1986-01-02,295.7095031738281,304.2807931208956,291.4238582002944,0.0,88
1986-01-03,304.2807922363281,308.56643719740316,299.9951472752531,0.0,153
1986-01-06,295.7095031738281,299.9951481473619,291.4238582002944,0.0,75
1986-01-07,287.1382141113281,295.7095040848006,282.85256912459187,0.0,115
1986-01-08,287.1382141113281,299.99514907153684,282.85256912459187,0.0,258
1986-01-09,278.56689453125,282.8525390625,269.99560546875,0.0,210
1986-01-10,274.28118896484375,282.8524761199951,269.99554538726807,0.0,153
1986-01-13,269.9956359863281,274.28128100198415,261.4243459550161,0.0,168
1986-01-14,278.56689453125,278.56689453125,265.7099609375,0.0,140
1986-01-15,291.4237976074219,291.4237976074219,278.5668653600356,0.0,60
1986-01-16,295.7095031738281,295.7095031738281,291.4238582002944,0.0,60
1986-01-17,287.1382141113281,295.7095040848006,282.85256912459187,0.0,133
1986-01-20,287.1382141113281,287.1382141113281,282.85256912459187,0.0,10
1986-01-21,282.8525390625,282.8525390625,278.56689453125,0.0,95
1986-01-22,282.8525390625,282.8525390625,274.28125,0.0,98
1986-01-23,287.1382141113281,287.1382141113281,282.85256912459187,0.0,78
1986-01-24,304.2807922363281,304.2807922363281,287.138212392028,0.0,155
1986-01-27,304.2807922363281,308.56643719740316,295.70950231417805,0.0,213
1986-01-28,304.2807922363281,308.56643719740316,304.2807922363281,0.0,110
1986-01-29,312.8520202636719,312.8520202636719,304.2807320372699,0.0,243
1986-01-30,312.8520202636719,312.8520202636719,308.5663761504709,0.0,58
1986-01-31,312.8520202636719,312.8520202636719,308.5663761504709,0.0,53
1986-02-03,312.8520202636719,312.8520202636719,308.5663761504709,0.0,180
1986-02-04,308.5663757324219,312.8520198398166,299.9950875176324,0.0,200
1986-02-05,312.8520202636719,312.8520202636719,304.2807320372699,0.0,308
1986-02-06,299.9951171875,304.28076171875,299.9951171875,0.0,90
1986-02-07,304.2807922363281,308.56643719740316,295.70950231417805,0.0,138
1986-02-10,295.7095031738281,304.2807931208956,291.4238582002944,0.0,135
1986-02-11,312.8520202636719,317.13766437687286,295.7094438108679,0.0,523
1986-02-12,364.2797546386719,381.4223313275506,312.8520245720359,0.0,1390
1986-02-13,389.99365234375,402.8505859375,381.42236328125,0.0,1740
1986-02-14,368.5654296875,389.99365234375,359.994140625,0.0,1460
1986-02-18,372.85101318359375,389.9935885023797,372.85101318359375,0.0,535
1986-02-19,385.7080078125,385.7080078125,368.5654296875,0.0,313
1986-02-20,389.99365234375,394.279296875,377.13671875,0.0,493
1986-02-21,394.2792663574219,398.56491055695903,385.70797795834744,0.0,378
1986-02-24,389.99365234375,402.8505859375,385.7080078125,0.0,420
1986-02-25,402.8505859375,411.421875,385.7080078125,0.0,525
1986-02-26,407.1361999511719,407.1361999511719,398.5649115311472,0.0,268
1986-02-27,407.1361999511719,411.4218441611842,402.85055574115955,0.0,110
1986-02-28,398.5649108886719,407.1361992948799,394.2792666855679,0.0,165
1986-03-03,389.99365234375,394.279296875,385.7080078125,0.0,240
1986-03-04,385.7080078125,394.279296875,381.42236328125,0.0,350
1986-03-05,385.7080078125,385.7080078125,377.13671875,0.0,403
1986-03-06,377.13665771484375,385.7079453901811,377.13665771484375,0.0,138
1986-03-07,381.4223937988281,381.4223937988281,377.13674892468396,0.0,138
1986-03-10,424.27880859375,424.27880859375,394.279296875,0.0,1465
1986-03-11,458.5639343261719,467.1352228182498,449.9926458340939,0.0,1135
1986-03-12,475.7065734863281,492.8491527110607,458.5639942615956,0.0,1213
1986-03-13,462.8496398925781,484.277863961679,458.56399507875796,0.0,468
1986-03-14,467.1352844238281,471.42092923505595,462.84963961260036,0.0,360
1986-03-17,458.5639343261719,462.8495785722108,449.9926458340939,0.0,230
1986-03-18,449.99261474609375,462.84954659598213,445.7069707961309,0.0,280
1986-03-19,437.1357116699219,449.99264436609604,411.4218462775735,0.0,463
1986-03-20,432.85009765625,441.42138671875,428.564453125,0.0,225
1986-03-21,454.2782897949219,454.2782897949219,432.85006857818024,0.0,450
1986-03-24,445.70703125,449.99267578125,441.42138671875,0.0,460
1986-03-25,441.4213562011719,445.7070004361347,437.13571196620904,0.0,385
1986-03-26,445.70703125,445.70703125,441.42138671875,0.0,108
1986-03-27,449.99261474609375,449.99261474609375,441.42132684616814,0.0,373
1986-03-31,449.99261474609375,454.2782586960565,445.7069707961309,0.0,205
1986-04-01,415.70751953125,454.2783203125,411.421875,0.0,463
1986-04-02,419.9931640625,428.564453125,419.9931640625,0.0,235
1986-04-03,432.85009765625,432.85009765625,424.27880859375,0.0,198
1986-04-04,441.4213562011719,441.4213562011719,428.5644234962834,0.0,108
1986-04-07,437.1357116699219,445.70700013403797,428.5644232058057,0.0,148
1986-04-08,428.5644226074219,445.7069995117188,428.5644226074219,0.0,175
1986-04-09,441.4213562011719,445.7070004361347,437.13571196620904,0.0,193
1986-04-10,445.70703125,445.70703125,432.85009765625,0.0,168
1986-04-11,441.4213562011719,445.7070004361347,437.13571196620904,0.0,50
1986-04-14,449.99261474609375,449.99261474609375,432.85003894624253,0.0,253
1986-04-15,449.99261474609375,454.2782586960565,445.7069707961309,0.0,213
1986-04-16,462.8496398925781,475.70657433403863,445.7070606372975,0.0,603
1986-04-17,462.8496398925781,471.42092952021846,458.56399507875796,0.0,270
1986-04-18,467.1352844238281,471.42092923505595,462.84963961260036,0.0,225
1986-04-21,467.1352844238281,467.1352844238281,458.5639948013726,0.0,280
1986-04-22,509.99176025390625,518.5630503422072,462.84966476825105,0.0,1055
1986-04-23,539.9912719726562,565.7051420665923,505.70611184740824,0.0,998
1986-04-24,557.1337890625,565.705078125,544.27685546875,0.0,528
1986-04-25,608.5615844726562,612.8472294337313,565.7051348619058,0.0,388
1986-04-28,565.705078125,608.5615234375,548.5625,0.0,778
1986-04-29,531.4199829101562,565.7051430979083,518.5630478397492,0.0,485
1986-04-30,518.5629272460938,527.1342152997482,505.7059951656121,0.0,395
1986-05-01,544.27685546875,548.5625,518.56298828125,0.0,240
1986-05-02,578.5620727539062,578.5620727539062,548.5625578703704,0.0,215
1986-05-05,578.5620727539062,591.4190077039931,565.7051378038194,0.0,205
1986-05-06,561.41943359375,569.99072265625,561.41943359375,0.0,220
1986-05-07,552.8482055664062,561.4194955751877,544.2769155576248,0.0,128
1986-05-08,557.1337890625,561.41943359375,548.5625,0.0,78
1986-05-09,578.5620727539062,578.5620727539062,552.8482028537326,0.0,253
1986-05-12,595.70458984375,595.70458984375,582.84765625,0.0,533
1986-05-13,587.1332397460938,595.7045279175696,587.1332397460938,0.0,115
1986-05-14,574.2764282226562,587.133363182865,569.99078323592,0.0,195
1986-05-15,565.705078125,587.13330078125,557.1337890625,0.0,250
1986-05-16,544.27685546875,565.705078125,544.27685546875,0.0,160
1986-05-19,548.5623779296875,548.5623779296875,539.9910907745361,0.0,68
1986-05-20,557.1337890625,557.1337890625,548.5625,0.0,145
1986-05-21,565.705078125,569.99072265625,557.1337890625,0.0,140
1986-05-22,561.41943359375,569.99072265625,557.1337890625,0.0,75
1986-05-23,548.5623779296875,561.4193086624146,544.2767343521118,0.0,185
1986-05-27,561.41943359375,561.41943359375,539.9912109375,0.0,153
1986-05-28,578.5620727539062,591.4190077039931,565.7051378038194,0.0,345
1986-05-29,569.99072265625,587.13330078125,565.705078125,0.0,145
1986-05-30,565.705078125,578.56201171875,561.41943359375,0.0,143
1986-06-02,539.9912719726562,565.7051420665923,539.9912719726562,0.0,165
1986-06-03,514.27734375,522.8486328125,488.5634765625,0.0,610
1986-06-04,501.4203796386719,509.9916681795039,488.5634468274239,0.0,433
1986-06-05,501.4203796386719,514.2773124499199,492.8490910978399,0.0,153
1986-06-06,535.70556640625,548.5625,505.7060546875,0.0,535
1986-06-09,557.1337890625,565.705078125,522.8486328125,0.0,513
1986-06-10,591.4190063476562,591.4190063476562,539.9912666652514,0.0,685
1986-06-11,411.4218444824219,591.4189014434814,381.4223349889119,0.0,4180
1986-06-12,359.99407958984375,415.7074490501767,325.70892915271577,0.0,1983
1986-06-13,377.13665771484375,389.9935892278498,368.5653700395064,0.0,935
1986-06-16,377.13665771484375,389.9935892278498,372.8510138771751,0.0,528
1986-06-17,372.85101318359375,377.13665701329023,364.2797255242008,0.0,425
1986-06-18,359.99407958984375,368.5653671991258,359.99407958984375,0.0,125
1986-06-19,347.13720703125,351.4228515625,329.99462890625,0.0,588
1986-06-20,342.8515319824219,355.7084644317627,329.99459953308104,0.0,265
1986-06-23,334.2802429199219,342.8515311999199,325.7089546399239,0.0,395
1986-06-24,329.9946594238281,334.2803043514103,325.7090144962459,0.0,110
1986-06-25,317.1376953125,329.99462890625,308.56640625,0.0,365
1986-06-26,312.8520202636719,312.8520202636719,299.9950879240689,0.0,588
1986-06-27,321.42333984375,325.708984375,312.85205078125,0.0,180
1986-06-30,317.1376953125,321.42333984375,317.1376953125,0.0,48
1986-07-01,291.4237976074219,312.85201801973227,278.5668653600356,0.0,380
1986-07-02,291.4237976074219,291.4237976074219,269.9955771951114,0.0,760
1986-07-03,299.9951171875,299.9951171875,287.13818359375,0.0,165
1986-07-07,274.28118896484375,299.99505043029785,274.28118896484375,0.0,145
1986-07-08,261.4243469238281,269.99563698690446,252.8530568607518,0.0,1010
1986-07-09,261.4243469238281,261.4243469238281,257.13870189229,0.0,168
1986-07-10,248.56739807128906,261.42433245428674,231.42481889395876,0.0,1245
1986-07-11,265.7099914550781,265.7099914550781,248.56741136120212,0.0,473
1986-07-14,244.28173828125,261.42431640625,244.28173828125,0.0,365
1986-07-15,244.28173828125,248.5673828125,244.28173828125,0.0,98
1986-07-16,244.28173828125,252.85302734375,244.28173828125,0.0,53
1986-07-17,244.28173828125,248.5673828125,244.28173828125,0.0,88
1986-07-18,257.138671875,257.138671875,248.5673828125,0.0,48
1986-07-21,257.138671875,269.99560546875,257.138671875,0.0,165
1986-07-22,265.7099914550781,265.7099914550781,261.42434643160914,0.0,233
1986-07-23,265.7099914550781,265.7099914550781,261.42434643160914,0.0,53
1986-07-24,261.4243469238281,265.7099919553663,257.13870189229,0.0,188
1986-07-25,274.28118896484375,274.28118896484375,265.7099018096924,0.0,148
1986-07-28,269.9956359863281,274.28128100198415,261.4243459550161,0.0,198
1986-07-29,269.9956359863281,278.5669260176401,269.9956359863281,0.0,118
1986-07-30,274.28118896484375,274.28118896484375,269.99554538726807,0.0,80
1986-07-31,261.4243469238281,269.99563698690446,257.13870189229,0.0,123
1986-08-01,265.7099914550781,265.7099914550781,265.7099914550781,0.0,18
1986-08-04,265.7099914550781,265.7099914550781,261.42434643160914,0.0,23
1986-08-05,257.138671875,265.7099609375,257.138671875,0.0,160
1986-08-06,257.138671875,257.138671875,252.85302734375,0.0,20
1986-08-07,252.85304260253906,257.1386873924126,252.85304260253906,0.0,103
1986-08-08,252.85304260253906,261.42433218228615,252.85304260253906,0.0,55
1986-08-11,265.7099914550781,265.7099914550781,257.1387014081401,0.0,148
1986-08-12,274.28118896484375,274.28118896484375,265.7099018096924,0.0,255
1986-08-13,312.8520202636719,321.42330849007385,278.56686735806403,0.0,335
1986-08-14,317.1376953125,325.708984375,312.85205078125,0.0,288
1986-08-15,317.1376953125,317.1376953125,304.28076171875,0.0,123
1986-08-18,312.8520202636719,321.42330849007385,308.5663761504709,0.0,170
1986-08-19,321.42333984375,321.42333984375,308.56640625,0.0,68
1986-08-20,317.1376953125,325.708984375,312.85205078125,0.0,275
1986-08-21,308.5663757324219,317.13766394721137,308.5663757324219,0.0,108
1986-08-22,312.8520202636719,317.13766437687286,308.5663761504709,0.0,110
1986-08-25,317.1376953125,317.1376953125,312.85205078125,0.0,58
1986-08-26,317.1376953125,321.42333984375,312.85205078125,0.0,48
1986-08-27,312.8520202636719,312.8520202636719,308.5663761504709,0.0,55
1986-08-28,312.8520202636719,317.13766437687286,308.5663761504709,0.0,75
1986-08-29,317.1376953125,317.1376953125,312.85205078125,0.0,23
1986-09-02,317.1376953125,321.42333984375,312.85205078125,0.0,155
1986-09-03,304.2807922363281,312.8520821584782,299.9951472752531,0.0,175
1986-09-04,299.9951171875,299.9951171875,295.70947265625,0.0,83
1986-09-05,287.1382141113281,295.7095040848006,282.85256912459187,0.0,190
1986-09-08,287.1382141113281,287.1382141113281,282.85256912459187,0.0,43
1986-09-09,295.7095031738281,295.7095031738281,287.1382132267606,0.0,30
1986-09-10,295.7095031738281,295.7095031738281,287.1382132267606,0.0,55
1986-09-11,299.9951171875,304.28076171875,291.423828125,0.0,133
1986-09-12,287.1382141113281,295.7095040848006,282.85256912459187,0.0,70
1986-09-15,287.1382141113281,287.1382141113281,278.56692413785566,0.0,38
1986-09-16,274.28118896484375,282.8524761199951,274.28118896484375,0.0,125
1986-09-17,274.28118896484375,287.1381196975708,274.28118896484375,0.0,53
1986-09-18,269.9956359863281,274.28128100198415,265.70999097067215,0.0,88
1986-09-19,274.28118896484375,274.28118896484375,261.4242582321167,0.0,58
1986-09-22,269.9956359863281,269.9956359863281,265.70999097067215,0.0,40
1986-09-23,274.28118896484375,274.28118896484375,274.28118896484375,0.0,15
1986-09-24,278.56689453125,278.56689453125,274.28125,0.0,10
1986-09-25,278.56689453125,278.56689453125,274.28125,0.0,30
1986-09-26,291.4237976074219,291.4237976074219,282.8525094424977,0.0,88
1986-09-29,282.8525390625,287.13818359375,282.8525390625,0.0,25
1986-09-30,278.56689453125,282.8525390625,278.56689453125,0.0,38
1986-10-01,282.8525390625,282.8525390625,282.8525390625,0.0,30
1986-10-02,278.56689453125,291.423828125,278.56689453125,0.0,130
1986-10-03,278.56689453125,282.8525390625,278.56689453125,0.0,50
1986-10-06,282.8525390625,287.13818359375,278.56689453125,0.0,105
1986-10-07,278.56689453125,282.8525390625,274.28125,0.0,35
1986-10-08,278.56689453125,278.56689453125,274.28125,0.0,53
1986-10-09,278.56689453125,278.56689453125,274.28125,0.0,30
1986-10-10,269.9956359863281,274.28128100198415,269.9956359863281,0.0,68
1986-10-13,274.28118896484375,274.28118896484375,269.99554538726807,0.0,23
1986-10-14,274.28118896484375,274.28118896484375,274.28118896484375,0.0,53
1986-10-15,274.28118896484375,274.28118896484375,274.28118896484375,274.28118896484375,0
1986-10-16,274.28118896484375,274.28118896484375,274.28118896484375,274.28118896484375,0
1986-10-17,274.28118896484375,274.28118896484375,274.28118896484375,274.28118896484375,0
1986-10-20,261.4243469238281,265.7099919553663,257.13870189229,0.0,130
1986-10-21,257.138671875,265.7099609375,257.138671875,0.0,143
1986-10-22,257.138671875,265.7099609375,252.85302734375,0.0,478
1986-10-23,261.4243469238281,261.4243469238281,261.4243469238281,0.0,23
1986-10-24,257.138671875,257.138671875,252.85302734375,0.0,50
1986-10-27,257.138671875,257.138671875,252.85302734375,0.0,35
1986-10-28,257.138671875,257.138671875,252.85302734375,0.0,18
1986-10-29,261.4243469238281,261.4243469238281,244.28176679767546,0.0,228
1986-10-30,257.138671875,265.7099609375,257.138671875,0.0,115
1986-10-31,257.138671875,261.42431640625,257.138671875,0.0,38
1986-11-03,261.4243469238281,261.4243469238281,257.13870189229,0.0,50
1986-11-04,257.138671875,261.42431640625,257.138671875,0.0,28
1986-11-05,257.138671875,257.138671875,252.85302734375,0.0,43
1986-11-06,261.4243469238281,265.7099919553663,252.8530568607518,0.0,160
1986-11-07,261.4243469238281,261.4243469238281,257.13870189229,0.0,73
1986-11-10,261.4243469238281,261.4243469238281,257.13870189229,0.0,240
1986-11-11,261.4243469238281,261.4243469238281,261.4243469238281,0.0,50
1986-11-12,248.56739807128906,257.1386876599542,248.56739807128906,0.0,143
1986-11-13,235.71043395996094,244.28172246759587,231.42478970614346,0.0,215
1986-11-14,235.71043395996094,239.99607821377842,235.71043395996094,0.0,43
1986-11-17,239.99606323242188,239.99606323242188,231.42477525983537,0.0,105
1986-11-18,239.99606323242188,244.28170721871513,235.71041924612862,0.0,65
1986-11-19,235.71043395996094,235.71043395996094,227.139145452326,0.0,110
1986-11-20,235.71043395996094,235.71043395996094,231.42478970614346,0.0,38
1986-11-21,231.42481994628906,231.42481994628906,227.1391751324689,0.0,48
1986-11-24,227.13914489746094,227.13914489746094,227.13914489746094,0.0,23
1986-11-25,239.99606323242188,239.99606323242188,227.13913127354212,0.0,480
1986-11-26,235.71043395996094,235.71043395996094,222.85350119850852,0.0,550
1986-11-28,231.42481994628906,231.42481994628906,231.42481994628906,0.0,40
1986-12-01,231.42481994628906,231.42481994628906,227.1391751324689,0.0,70
1986-12-02,231.42481994628906,235.71046476010923,227.1391751324689,0.0,120
1986-12-03,239.99606323242188,239.99606323242188,231.42477525983537,0.0,95
1986-12-04,257.138671875,257.138671875,239.99609375,0.0,138
1986-12-05,261.4243469238281,261.4243469238281,252.8530568607518,0.0,138
1986-12-08,248.56739807128906,252.85304286562163,248.56739807128906,0.0,100
1986-12-09,248.56739807128906,252.85304286562163,248.56739807128906,0.0,63
1986-12-10,239.99606323242188,248.56735120500838,235.71041924612862,0.0,173
1986-12-11,239.99606323242188,239.99606323242188,235.71041924612862,0.0,205
1986-12-12,235.71043395996094,239.99607821377842,235.71043395996094,0.0,65
1986-12-15,231.42481994628906,231.42481994628906,231.42481994628906,0.0,30
1986-12-16,235.71043395996094,235.71043395996094,231.42478970614346,0.0,75
1986-12-17,231.42481994628906,239.9961095739294,231.42481994628906,0.0,68
1986-12-18,231.42481994628906,235.71046476010923,231.42481994628906,0.0,63
1986-12-19,231.42481994628906,231.42481994628906,231.42481994628906,0.0,20
1986-12-22,231.42481994628906,235.71046476010923,227.1391751324689,0.0,210
1986-12-23,235.71043395996094,235.71043395996094,227.139145452326,0.0,175
1986-12-24,235.71043395996094,235.71043395996094,231.42478970614346,0.0,148
1986-12-26,235.71043395996094,235.71043395996094,227.139145452326,0.0,80
1986-12-29,235.71043395996094,235.71043395996094,227.139145452326,0.0,135
1986-12-30,227.13914489746094,235.71043338415757,227.13914489746094,0.0,143
1986-12-31,227.13914489746094,239.99607762750588,227.13914489746094,0.0,155
1987-01-02,235.71043395996094,235.71043395996094,235.71043395996094,0.0,25
1987-01-05,248.56739807128906,248.56739807128906,239.99610848262392,0.0,55
1987-01-06,252.85304260253906,257.1386873924126,252.85304260253906,0.0,155
1987-01-07,244.28173828125,252.85302734375,244.28173828125,0.0,153
1987-01-08,248.56739807128906,257.1386876599542,244.2817532769565,0.0,90
1987-01-09,252.85304260253906,257.1386873924126,252.85304260253906,0.0,30
1987-01-12,265.7099914550781,265.7099914550781,257.1387014081401,0.0,85
1987-01-13,265.7099914550781,265.7099914550781,257.1387014081401,0.0,233
1987-01-14,295.7095031738281,304.2807931208956,265.70998835909194,0.0,830
1987-01-15,304.2807922363281,317.1377271195533,299.9951472752531,0.0,400
1987-01-16,282.8525390625,299.9951171875,282.8525390625,0.0,365
1987-01-19,295.7095031738281,299.9951481473619,282.8525682532269,0.0,85
1987-01-20,299.9951171875,304.28076171875,295.70947265625,0.0,270
1987-01-21,291.4237976074219,304.2807298548081,291.4237976074219,0.0,320
1987-01-22,291.4237976074219,295.70944168988393,282.8525094424977,0.0,128
1987-01-23,278.56689453125,291.423828125,278.56689453125,0.0,138
1987-01-26,282.8525390625,282.8525390625,282.8525390625,0.0,90
1987-01-27,299.9951171875,299.9951171875,287.13818359375,0.0,263
1987-01-28,299.9951171875,299.9951171875,295.70947265625,0.0,288
1987-01-29,299.9951171875,304.28076171875,291.423828125,0.0,368
1987-01-30,295.7095031738281,299.9951481473619,291.4238582002944,0.0,395
1987-02-02,304.2807922363281,308.56643719740316,291.423857353103,0.0,410
1987-02-03,295.7095031738281,304.2807931208956,291.4238582002944,0.0,168
1987-02-04,295.7095031738281,295.7095031738281,295.7095031738281,0.0,128
1987-02-05,299.9951171875,299.9951171875,295.70947265625,0.0,78
1987-02-06,299.9951171875,304.28076171875,291.423828125,0.0,183
1987-02-09,304.2807922363281,304.2807922363281,299.9951472752531,0.0,88
1987-02-10,299.9951171875,299.9951171875,295.70947265625,0.0,243
1987-02-11,308.5663757324219,312.8520198398166,304.2807316250271,0.0,143
1987-02-12,269.9956359863281,304.28079611157614,257.13870093936015,0.0,570
1987-02-13,252.85304260253906,261.42433218228615,248.56739781266552,0.0,563
1987-02-17,252.85304260253906,257.1386873924126,252.85304260253906,0.0,163
1987-02-18,248.56739807128906,252.85304286562163,244.2817532769565,0.0,313
1987-02-19,252.85304260253906,252.85304260253906,244.28175302279197,0.0,180
1987-02-20,257.138671875,269.99560546875,257.138671875,0.0,235
1987-02-23,252.85304260253906,257.1386873924126,248.56739781266552,0.0,80
1987-02-24,248.56739807128906,252.85304286562163,244.2817532769565,0.0,110
1987-02-25,248.56739807128906,248.56739807128906,248.56739807128906,0.0,48
1987-02-26,252.85304260253906,252.85304260253906,244.28175302279197,0.0,58
1987-02-27,261.4243469238281,261.4243469238281,257.13870189229,0.0,55
1987-03-02,257.138671875,261.42431640625,257.138671875,0.0,90
1987-03-03,257.138671875,261.42431640625,252.85302734375,0.0,70
1987-03-04,261.4243469238281,261.4243469238281,252.8530568607518,0.0,135
1987-03-05,265.7099914550781,265.7099914550781,261.42434643160914,0.0,53
1987-03-06,257.138671875,265.7099609375,257.138671875,0.0,248
1987-03-09,261.4243469238281,261.4243469238281,257.13870189229,0.0,160
1987-03-10,265.7099914550781,265.7099914550781,257.1387014081401,0.0,140
1987-03-11,282.8525390625,282.8525390625,269.99560546875,0.0,153
1987-03-12,282.8525390625,282.8525390625,278.56689453125,0.0,95
1987-03-13,287.1382141113281,291.4238590980644,282.85256912459187,0.0,93
1987-03-16,295.7095031738281,295.7095031738281,282.8525682532269,0.0,290
1987-03-17,291.4237976074219,295.70944168988393,291.4237976074219,0.0,48
1987-03-18,295.7095031738281,295.7095031738281,291.4238582002944,0.0,345
1987-03-19,291.4237976074219,291.4237976074219,282.8525094424977,0.0,225
1987-03-20,291.4237976074219,295.70944168988393,291.4237976074219,0.0,50
1987-03-23,291.4237976074219,291.4237976074219,291.4237976074219,0.0,48
1987-03-24,287.1382141113281,287.1382141113281,278.56692413785566,0.0,120
1987-03-25,282.8525390625,282.8525390625,282.8525390625,0.0,210
1987-03-26,287.1382141113281,287.1382141113281,282.85256912459187,0.0,275
1987-03-27,282.8525390625,287.13818359375,282.8525390625,0.0,35
1987-03-30,274.28118896484375,282.8524761199951,269.99554538726807,0.0,123
1987-03-31,278.56689453125,282.8525390625,278.56689453125,0.0,53
1987-04-01,274.28118896484375,282.8524761199951,274.28118896484375,0.0,63
1987-04-02,287.1382141113281,287.1382141113281,278.56692413785566,0.0,195
1987-04-03,282.8525390625,287.13818359375,282.8525390625,0.0,55
1987-04-06,274.28118896484375,282.8524761199951,274.28118896484375,0.0,203
1987-04-07,274.28118896484375,274.28118896484375,269.99554538726807,0.0,55
1987-04-08,265.7099914550781,269.9956364785471,265.7099914550781,0.0,18
1987-04-09,265.7099914550781,265.7099914550781,261.42434643160914,0.0,55
1987-04-10,261.4243469238281,265.7099919553663,257.13870189229,0.0,318
1987-04-13,269.9956359863281,269.9956359863281,257.13870093936015,0.0,83
1987-04-14,265.7099914550781,265.7099914550781,261.42434643160914,0.0,40
1987-04-15,265.7099914550781,265.7099914550781,265.7099914550781,0.0,33
1987-04-16,265.7099914550781,265.7099914550781,261.42434643160914,0.0,35
1987-04-20,265.7099914550781,265.7099914550781,261.42434643160914,0.0,63
1987-04-21,261.4243469238281,261.4243469238281,257.13870189229,0.0,40
1987-04-22,261.4243469238281,261.4243469238281,257.13870189229,0.0,68
1987-04-23,257.138671875,257.138671875,252.85302734375,0.0,108
1987-04-24,257.138671875,257.138671875,252.85302734375,0.0,35
1987-04-27,252.85304260253906,252.85304260253906,248.56739781266552,0.0,103
1987-04-28,244.28173828125,248.5673828125,244.28173828125,0.0,153
1987-04-29,248.56739807128906,248.56739807128906,248.56739807128906,0.0,15
1987-04-30,248.56739807128906,248.56739807128906,248.56739807128906,0.0,33
1987-05-01,252.85304260253906,252.85304260253906,244.28175302279197,0.0,165
1987-05-04,257.138671875,257.138671875,248.5673828125,0.0,28
1987-05-05,252.85304260253906,257.1386873924126,248.56739781266552,0.0,103
1987-05-06,252.85304260253906,252.85304260253906,248.56739781266552,0.0,75
1987-05-07,252.85304260253906,252.85304260253906,248.56739781266552,0.0,50
1987-05-08,252.85304260253906,252.85304260253906,248.56739781266552,0.0,45
1987-05-11,252.85304260253906,252.85304260253906,248.56739781266552,0.0,30
1987-05-12,252.85304260253906,252.85304260253906,248.56739781266552,0.0,33
1987-05-13,248.56739807128906,252.85304286562163,248.56739807128906,0.0,20
1987-05-14,248.56739807128906,248.56739807128906,244.2817532769565,0.0,110
1987-05-15,244.28173828125,244.28173828125,244.28173828125,0.0,68
1987-05-18,244.28173828125,244.28173828125,244.28173828125,0.0,18
1987-05-19,239.99606323242188,248.56735120500838,239.99606323242188,0.0,140
1987-05-20,248.56739807128906,248.56739807128906,239.99610848262392,0.0,50
1987-05-21,244.28173828125,244.28173828125,244.28173828125,0.0,48
1987-05-22,252.85304260253906,252.85304260253906,244.28175302279197,0.0,28
1987-05-26,248.56739807128906,248.56739807128906,244.2817532769565,0.0,60
1987-05-27,252.85304260253906,252.85304260253906,248.56739781266552,0.0,40
1987-05-28,248.56739807128906,248.56739807128906,248.56739807128906,0.0,25
1987-05-29,252.85304260253906,252.85304260253906,244.28175302279197,0.0,105
1987-06-01,261.4243469238281,261.4243469238281,252.8530568607518,0.0,80
1987-06-02,257.138671875,261.42431640625,257.138671875,0.0,53
1987-06-03,252.85304260253906,261.42433218228615,252.85304260253906,0.0,50
1987-06-04,252.85304260253906,257.1386873924126,252.85304260253906,0.0,73
1987-06-05,257.138671875,257.138671875,252.85302734375,0.0,10
1987-06-08,252.85304260253906,252.85304260253906,252.85304260253906,0.0,15
1987-06-09,252.85304260253906,257.1386873924126,252.85304260253906,0.0,8
1987-06-10,261.4243469238281,261.4243469238281,252.8530568607518,0.0,53
1987-06-11,257.138671875,257.138671875,252.85302734375,0.0,35
1987-06-12,252.85304260253906,257.1386873924126,252.85304260253906,0.0,28
1987-06-15,257.138671875,261.42431640625,257.138671875,0.0,18
1987-06-16,248.56739807128906,252.85304286562163,248.56739807128906,0.0,128
1987-06-17,248.56739807128906,248.56739807128906,248.56739807128906,0.0,5
1987-06-18,248.56739807128906,248.56739807128906,244.2817532769565,0.0,133
1987-06-19,252.85304260253906,252.85304260253906,244.28175302279197,0.0,50
1987-06-22,252.85304260253906,252.85304260253906,248.56739781266552,0.0,68
1987-06-23,248.56739807128906,248.56739807128906,248.56739807128906,0.0,85
1987-06-24,248.56739807128906,252.85304286562163,248.56739807128906,0.0,40
1987-06-25,252.85304260253906,252.85304260253906,248.56739781266552,0.0,60
1987-06-26,252.85304260253906,252.85304260253906,252.85304260253906,0.0,33
1987-06-29,248.56739807128906,248.56739807128906,248.56739807128906,0.0,90
1987-06-30,248.56739807128906,248.56739807128906,244.2817532769565,0.0,128
1987-07-01,248.56739807128906,248.56739807128906,244.2817532769565,0.0,28
1987-07-02,252.85304260253906,252.85304260253906,244.28175302279197,0.0,55
1987-07-06,252.85304260253906,252.85304260253906,248.56739781266552,0.0,70
1987-07-07,248.56739807128906,248.56739807128906,248.56739807128906,0.0,23
1987-07-08,244.28173828125,248.5673828125,244.28173828125,0.0,55
1987-07-09,248.56739807128906,248.56739807128906,248.56739807128906,0.0,63
1987-07-10,248.56739807128906,248.56739807128906,244.2817532769565,0.0,55
1987-07-13,244.28173828125,244.28173828125,239.99609375,0.0,133
1987-07-14,244.28173828125,244.28173828125,239.99609375,0.0,23
1987-07-15,252.85304260253906,257.1386873924126,239.99610823291843,0.0,310
1987-07-16,265.7099914550781,269.9956364785471,252.8530563846711,0.0,125
1987-07-17,257.138671875,265.7099609375,257.138671875,0.0,30
1987-07-20,248.56739807128906,252.85304286562163,244.2817532769565,0.0,68
1987-07-21,248.56739807128906,248.56739807128906,244.2817532769565,0.0,63
1987-07-22,248.56739807128906,252.85304286562163,248.56739807128906,0.0,53
1987-07-23,248.56739807128906,248.56739807128906,248.56739807128906,0.0,23
1987-07-24,244.28173828125,248.5673828125,244.28173828125,0.0,8
1987-07-27,248.56739807128906,248.56739807128906,244.2817532769565,0.0,23
1987-07-28,248.56739807128906,248.56739807128906,248.56739807128906,248.56739807128906,0
1987-07-29,248.56739807128906,248.56739807128906,248.56739807128906,0.0,8
1987-07-30,248.56739807128906,248.56739807128906,244.2817532769565,0.0,73
1987-07-31,248.56739807128906,248.56739807128906,244.2817532769565,0.0,53
1987-08-03,248.56739807128906,248.56739807128906,248.56739807128906,0.0,25
1987-08-04,244.28173828125,244.28173828125,244.28173828125,0.0,143
1987-08-05,244.28173828125,244.28173828125,244.28173828125,0.0,25
1987-08-06,244.28173828125,244.28173828125,244.28173828125,0.0,15
1987-08-07,244.28173828125,244.28173828125,244.28173828125,0.0,15
1987-08-10,244.28173828125,248.5673828125,239.99609375,0.0,158
1987-08-11,248.56739807128906,252.85304286562163,244.2817532769565,0.0,280
1987-08-12,252.85304260253906,252.85304260253906,244.28175302279197,0.0,105
1987-08-13,248.56739807128906,248.56739807128906,248.56739807128906,0.0,38
1987-08-14,244.28173828125,248.5673828125,244.28173828125,0.0,68
1987-08-17,248.56739807128906,248.56739807128906,244.2817532769565,0.0,75
1987-08-18,244.28173828125,244.28173828125,244.28173828125,0.0,48
1987-08-19,252.85304260253906,252.85304260253906,244.28175302279197,0.0,50
1987-08-20,248.56739807128906,252.85304286562163,244.2817532769565,0.0,108
1987-08-21,252.85304260253906,252.85304260253906,248.56739781266552,0.0,43
1987-08-24,248.56739807128906,248.56739807128906,248.56739807128906,0.0,13
1987-08-25,252.85304260253906,252.85304260253906,248.56739781266552,0.0,183
1987-08-26,257.138671875,261.42431640625,252.85302734375,0.0,220
1987-08-27,257.138671875,257.138671875,257.138671875,0.0,25
1987-08-28,257.138671875,257.138671875,252.85302734375,0.0,18
1987-08-31,257.138671875,257.138671875,252.85302734375,0.0,30
1987-09-01,252.85304260253906,252.85304260253906,252.85304260253906,0.0,28
1987-09-02,248.56739807128906,248.56739807128906,239.99610848262392,0.0,493
1987-09-03,248.56739807128906,248.56739807128906,244.2817532769565,0.0,30
1987-09-04,252.85304260253906,252.85304260253906,252.85304260253906,0.0,35
1987-09-08,248.56739807128906,248.56739807128906,248.56739807128906,0.0,3
1987-09-09,248.56739807128906,248.56739807128906,248.56739807128906,0.0,3
1987-09-10,252.85304260253906,252.85304260253906,248.56739781266552,0.0,80
1987-09-11,257.138671875,261.42431640625,252.85302734375,0.0,18
1987-09-14,252.85304260253906,257.1386873924126,248.56739781266552,0.0,73
1987-09-15,252.85304260253906,252.85304260253906,252.85304260253906,0.0,8
1987-09-16,261.4243469238281,261.4243469238281,252.8530568607518,0.0,188
1987-09-17,265.7099914550781,265.7099914550781,257.1387014081401,0.0,173
1987-09-18,261.4243469238281,265.7099919553663,261.4243469238281,0.0,55
1987-09-21,269.9956359863281,269.9956359863281,265.70999097067215,0.0,155
1987-09-22,269.9956359863281,269.9956359863281,265.70999097067215,0.0,75
1987-09-23,265.7099914550781,265.7099914550781,265.7099914550781,0.0,13
1987-09-24,265.7099914550781,265.7099914550781,265.7099914550781,0.0,3
1987-09-25,265.7099914550781,265.7099914550781,265.7099914550781,0.0,43
1987-09-28,265.7099914550781,265.7099914550781,265.7099914550781,0.0,3
1987-09-29,261.4243469238281,261.4243469238281,261.4243469238281,0.0,70
1987-09-30,261.4243469238281,261.4243469238281,261.4243469238281,261.4243469238281,0
1987-10-01,265.7099914550781,265.7099914550781,261.42434643160914,0.0,13
1987-10-02,265.7099914550781,265.7099914550781,265.7099914550781,265.7099914550781,0
1987-10-05,265.7099914550781,269.9956364785471,261.42434643160914,0.0,100
1987-10-06,269.9956359863281,269.9956359863281,265.70999097067215,0.0,25
1987-10-07,265.7099914550781,265.7099914550781,265.7099914550781,0.0,25
1987-10-08,265.7099914550781,265.7099914550781,261.42434643160914,0.0,13
1987-10-09,261.4243469238281,261.4243469238281,261.4243469238281,0.0,48
1987-10-12,257.138671875,261.42431640625,257.138671875,0.0,195
1987-10-13,261.4243469238281,261.4243469238281,257.13870189229,0.0,80
1987-10-14,261.4243469238281,261.4243469238281,261.4243469238281,261.4243469238281,0
1987-10-15,257.138671875,257.138671875,257.138671875,0.0,3
1987-10-16,252.85304260253906,257.1386873924126,252.85304260253906,0.0,83
1987-10-19,231.42481994628906,248.56739920156974,231.42481994628906,0.0,1840
1987-10-20,218.56785583496094,235.71043276319315,218.56785583496094,0.0,633
1987-10-21,244.28173828125,244.28173828125,218.56787109375,0.0,260
1987-10-22,239.99606323242188,244.28170721871513,235.71041924612862,0.0,365
1987-10-23,239.99606323242188,248.56735120500838,239.99606323242188,0.0,135
1987-10-26,235.71043395996094,239.99607821377842,235.71043395996094,0.0,398
1987-10-27,239.99606323242188,239.99606323242188,235.71041924612862,0.0,180
1987-10-28,222.853515625,235.71044921875,218.56787109375,0.0,285
1987-10-29,222.853515625,222.853515625,218.56787109375,0.0,55
1987-10-30,218.56785583496094,218.56785583496094,214.28221160290286,0.0,2910
1987-11-02,222.853515625,222.853515625,214.2822265625,0.0,90
1987-11-03,218.56785583496094,222.85350006701898,218.56785583496094,0.0,48
1987-11-04,218.56785583496094,218.56785583496094,218.56785583496094,218.56785583496094,0
1987-11-05,218.56785583496094,218.56785583496094,218.56785583496094,0.0,65
1987-11-06,218.56785583496094,218.56785583496094,218.56785583496094,0.0,5
1987-11-09,214.28221130371094,218.56785552978516,214.28221130371094,0.0,223
1987-11-10,214.28221130371094,214.28221130371094,214.28221130371094,0.0,43
1987-11-11,214.28221130371094,214.28221130371094,214.28221130371094,0.0,30
1987-11-12,214.28221130371094,214.28221130371094,214.28221130371094,0.0,8
1987-11-13,218.56785583496094,222.85350006701898,214.28221160290286,0.0,65
1987-11-16,227.13914489746094,227.13914489746094,218.56785641076428,0.0,50
1987-11-17,227.13914489746094,227.13914489746094,222.85350065411262,0.0,93
1987-11-18,222.853515625,222.853515625,222.853515625,0.0,45
1987-11-19,218.56785583496094,222.85350006701898,218.56785583496094,0.0,50
1987-11-20,218.56785583496094,218.56785583496094,218.56785583496094,218.56785583496094,0
1987-11-23,218.56785583496094,218.56785583496094,214.28221160290286,0.0,53
1987-11-24,218.56785583496094,218.56785583496094,214.28221160290286,0.0,55
1987-11-25,209.99658203125,214.2822265625,205.7109375,0.0,115
1987-11-27,205.71092224121094,209.9965664545695,201.42527802785236,0.0,93
1987-11-30,205.71092224121094,205.71092224121094,205.71092224121094,0.0,30
1987-12-01,184.28271484375,205.7109375,179.9970703125,0.0,343
1987-12-02,175.71141052246094,184.28269884062976,162.85447804520768,0.0,325
1987-12-03,175.71141052246094,184.28269884062976,162.85447804520768,0.0,295
1987-12-04,175.71141052246094,175.71141052246094,175.71141052246094,0.0,55
1987-12-07,184.28271484375,184.28271484375,175.71142578125,0.0,85
1987-12-08,179.99703979492188,179.99703979492188,175.7113959902809,0.0,93
1987-12-09,192.85400390625,192.85400390625,184.28271484375,0.0,58
1987-12-10,188.56832885742188,188.56832885742188,188.56832885742188,0.0,35
1987-12-11,201.42529296875,201.42529296875,192.85400390625,0.0,63
1987-12-14,201.42529296875,201.42529296875,197.1396484375,0.0,50
1987-12-15,201.42529296875,205.7109375,201.42529296875,0.0,25
1987-12-16,201.42529296875,205.7109375,201.42529296875,0.0,43
1987-12-17,201.42529296875,205.7109375,201.42529296875,0.0,100
1987-12-18,201.42529296875,201.42529296875,201.42529296875,0.0,68
1987-12-21,201.42529296875,201.42529296875,201.42529296875,0.0,40
1987-12-22,205.71092224121094,205.71092224121094,201.42527802785236,0.0,78
1987-12-23,205.71092224121094,205.71092224121094,201.42527802785236,0.0,85
1987-12-24,209.99658203125,209.99658203125,201.42529296875,0.0,35
1987-12-28,201.42529296875,205.7109375,201.42529296875,0.0,38
1987-12-29,201.42529296875,201.42529296875,201.42529296875,0.0,15
1987-12-30,197.13963317871094,197.13963317871094,197.13963317871094,0.0,83
1987-12-31,201.42529296875,201.42529296875,192.85400390625,0.0,380
1988-01-04,209.99658203125,209.99658203125,205.7109375,0.0,163
1988-01-05,214.28221130371094,214.28221130371094,214.28221130371094,0.0,25
1988-01-06,218.56785583496094,218.56785583496094,218.56785583496094,0.0,35
1988-01-07,218.56785583496094,218.56785583496094,214.28221160290286,0.0,15
1988-01-08,214.28221130371094,214.28221130371094,214.28221130371094,0.0,13
1988-01-11,209.99658203125,209.99658203125,205.7109375,0.0,38
1988-01-12,209.99658203125,209.99658203125,209.99658203125,0.0,13
1988-01-13,218.56785583496094,218.56785583496094,209.99656737084482,0.0,38
1988-01-14,218.56785583496094,218.56785583496094,218.56785583496094,218.56785583496094,0
1988-01-15,209.99658203125,209.99658203125,209.99658203125,0.0,28
1988-01-18,205.71092224121094,205.71092224121094,205.71092224121094,0.0,28
1988-01-19,209.99658203125,209.99658203125,205.7109375,0.0,53
1988-01-20,205.71092224121094,205.71092224121094,205.71092224121094,0.0,10
1988-01-21,209.99658203125,209.99658203125,209.99658203125,0.0,13
1988-01-22,209.99658203125,209.99658203125,209.99658203125,0.0,10
1988-01-25,214.28221130371094,218.56785552978516,214.28221130371094,0.0,203
1988-01-26,218.56785583496094,218.56785583496094,218.56785583496094,0.0,13
1988-01-27,214.28221130371094,214.28221130371094,214.28221130371094,0.0,30
1988-01-28,218.56785583496094,222.85350006701898,218.56785583496094,0.0,115
1988-01-29,214.28221130371094,214.28221130371094,214.28221130371094,0.0,50
1988-02-01,201.42529296875,218.56787109375,201.42529296875,0.0,173
1988-02-02,201.42529296875,205.7109375,201.42529296875,0.0,30
1988-02-03,205.71092224121094,205.71092224121094,205.71092224121094,0.0,25
1988-02-04,205.71092224121094,205.71092224121094,201.42527802785236,0.0,105
1988-02-05,205.71092224121094,205.71092224121094,205.71092224121094,205.71092224121094,0
1988-02-08,205.71092224121094,205.71092224121094,205.71092224121094,205.71092224121094,0
1988-02-09,205.71092224121094,205.71092224121094,205.71092224121094,0.0,105
1988-02-10,205.71092224121094,205.71092224121094,205.71092224121094,205.71092224121094,0
1988-02-11,205.71092224121094,205.71092224121094,205.71092224121094,0.0,23
1988-02-12,209.99658203125,209.99658203125,209.99658203125,0.0,13
1988-02-16,209.99658203125,209.99658203125,205.7109375,0.0,45
1988-02-17,205.71092224121094,209.9965664545695,205.71092224121094,0.0,145
1988-02-18,205.71092224121094,205.71092224121094,205.71092224121094,205.71092224121094,0
1988-02-19,201.42529296875,205.7109375,201.42529296875,0.0,260
1988-02-22,205.71092224121094,205.71092224121094,205.71092224121094,0.0,63
1988-02-23,205.71092224121094,205.71092224121094,205.71092224121094,0.0,25
1988-02-24,205.71092224121094,205.71092224121094,205.71092224121094,0.0,30
1988-02-25,209.99658203125,214.2822265625,209.99658203125,0.0,78
1988-02-26,209.99658203125,209.99658203125,209.99658203125,0.0,10
1988-02-29,209.99658203125,214.2822265625,209.99658203125,0.0,33
1988-03-01,209.99658203125,214.2822265625,209.99658203125,0.0,50
1988-03-02,214.28221130371094,214.28221130371094,209.99656707763674,0.0,45
1988-03-03,214.28221130371094,214.28221130371094,214.28221130371094,0.0,15
1988-03-04,214.28221130371094,214.28221130371094,214.28221130371094,214.28221130371094,0
1988-03-07,214.28221130371094,214.28221130371094,214.28221130371094,0.0,13
1988-03-08,214.28221130371094,218.56785552978516,214.28221130371094,0.0,38
1988-03-09,214.28221130371094,214.28221130371094,214.28221130371094,0.0,25
1988-03-10,218.56785583496094,218.56785583496094,214.28221160290286,0.0,13
1988-03-11,214.28221130371094,214.28221130371094,214.28221130371094,0.0,25
1988-03-14,214.28221130371094,214.28221130371094,214.28221130371094,0.0,75
1988-03-15,218.56785583496094,218.56785583496094,218.56785583496094,0.0,8
1988-03-16,218.56785583496094,218.56785583496094,218.56785583496094,0.0,75
1988-03-17,218.56785583496094,218.56785583496094,218.56785583496094,0.0,18
1988-03-18,214.28221130371094,214.28221130371094,214.28221130371094,0.0,13
1988-03-21,218.56785583496094,218.56785583496094,214.28221160290286,0.0,13
1988-03-22,218.56785583496094,218.56785583496094,218.56785583496094,218.56785583496094,0
1988-03-23,218.56785583496094,218.56785583496094,214.28221160290286,0.0,60
1988-03-24,218.56785583496094,218.56785583496094,214.28221160290286,0.0,13
1988-03-25,218.56785583496094,218.56785583496094,214.28221160290286,0.0,33
1988-03-28,214.28221130371094,214.28221130371094,214.28221130371094,0.0,53
1988-03-29,214.28221130371094,214.28221130371094,214.28221130371094,214.28221130371094,0
1988-03-30,214.28221130371094,214.28221130371094,214.28221130371094,0.0,13
1988-03-31,218.56785583496094,218.56785583496094,214.28221160290286,0.0,33
1988-04-04,235.71043395996094,235.71043395996094,227.139145452326,0.0,120
1988-04-05,227.13914489746094,235.71043338415757,227.13914489746094,0.0,40
1988-04-06,239.99606323242188,239.99606323242188,231.42477525983537,0.0,40
1988-04-07,244.28173828125,244.28173828125,239.99609375,0.0,108
1988-04-08,248.56739807128906,248.56739807128906,244.2817532769565,0.0,40
1988-04-11,261.4243469238281,261.4243469238281,248.56741182921363,0.0,138
1988-04-12,274.28118896484375,274.28118896484375,265.7099018096924,0.0,303
1988-04-13,269.9956359863281,278.5669260176401,265.70999097067215,0.0,110
1988-04-14,269.9956359863281,274.28128100198415,269.9956359863281,0.0,70
1988-04-15,269.9956359863281,269.9956359863281,265.70999097067215,0.0,45
1988-04-18,269.9956359863281,269.9956359863281,265.70999097067215,0.0,70
1988-04-19,269.9956359863281,269.9956359863281,269.9956359863281,0.0,25
1988-04-20,269.9956359863281,274.28128100198415,265.70999097067215,0.0,73
1988-04-21,269.9956359863281,269.9956359863281,265.70999097067215,0.0,28
1988-04-22,265.7099914550781,269.9956364785471,261.42434643160914,0.0,60
1988-04-25,261.4243469238281,261.4243469238281,261.4243469238281,0.0,33
1988-04-26,265.7099914550781,265.7099914550781,261.42434643160914,0.0,30
1988-04-27,265.7099914550781,265.7099914550781,261.42434643160914,0.0,63
1988-04-28,265.7099914550781,265.7099914550781,265.7099914550781,265.7099914550781,0
1988-04-29,278.56689453125,278.56689453125,269.99560546875,0.0,203
1988-05-02,269.9956359863281,274.28128100198415,269.9956359863281,0.0,58
1988-05-03,265.7099914550781,265.7099914550781,261.42434643160914,0.0,35
1988-05-04,265.7099914550781,265.7099914550781,265.7099914550781,265.7099914550781,0
1988-05-05,257.138671875,265.7099609375,257.138671875,0.0,50
1988-05-06,252.85304260253906,252.85304260253906,252.85304260253906,0.0,35
1988-05-09,257.138671875,257.138671875,252.85302734375,0.0,8
1988-05-10,257.138671875,257.138671875,252.85302734375,0.0,8
1988-05-11,257.138671875,257.138671875,257.138671875,257.138671875,0
1988-05-12,252.85304260253906,252.85304260253906,252.85304260253906,0.0,23
1988-05-13,239.99606323242188,248.56735120500838,239.99606323242188,0.0,148
1988-05-16,244.28173828125,244.28173828125,239.99609375,0.0,53
1988-05-17,248.56739807128906,248.56739807128906,244.2817532769565,0.0,33
1988-05-18,239.99606323242188,244.28170721871513,239.99606323242188,0.0,18
1988-05-19,239.99606323242188,239.99606323242188,235.71041924612862,0.0,25
1988-05-20,239.99606323242188,239.99606323242188,239.99606323242188,0.0,25
1988-05-23,235.71043395996094,239.99607821377842,235.71043395996094,0.0,28
1988-05-24,231.42481994628906,235.71046476010923,231.42481994628906,0.0,15
1988-05-25,231.42481994628906,231.42481994628906,227.1391751324689,0.0,75
1988-05-26,231.42481994628906,231.42481994628906,231.42481994628906,231.42481994628906,0
1988-05-27,231.42481994628906,231.42481994628906,231.42481994628906,231.42481994628906,0
1988-05-31,231.42481994628906,231.42481994628906,231.42481994628906,0.0,30
1988-06-01,235.71043395996094,235.71043395996094,231.42478970614346,0.0,23
1988-06-02,231.42481994628906,231.42481994628906,231.42481994628906,0.0,50
1988-06-03,231.42481994628906,231.42481994628906,227.1391751324689,0.0,15
1988-06-06,231.42481994628906,231.42481994628906,231.42481994628906,0.0,10
1988-06-07,227.13914489746094,227.13914489746094,227.13914489746094,0.0,20
1988-06-08,227.13914489746094,227.13914489746094,227.13914489746094,0.0,8
1988-06-09,231.42481994628906,231.42481994628906,227.1391751324689,0.0,38
1988-06-10,227.13914489746094,231.42478914080925,227.13914489746094,0.0,23
1988-06-13,227.13914489746094,231.42478914080925,227.13914489746094,0.0,18
1988-06-14,227.13914489746094,227.13914489746094,227.13914489746094,0.0,13
1988-06-15,231.42481994628906,231.42481994628906,227.1391751324689,0.0,40
1988-06-16,239.99606323242188,239.99606323242188,235.71041924612862,0.0,93
1988-06-17,257.138671875,257.138671875,239.99609375,0.0,85
1988-06-20,261.4243469238281,261.4243469238281,257.13870189229,0.0,45
1988-06-21,261.4243469238281,261.4243469238281,257.13870189229,0.0,35
1988-06-22,257.138671875,257.138671875,257.138671875,0.0,15
1988-06-23,261.4243469238281,261.4243469238281,261.4243469238281,0.0,35
1988-06-24,257.138671875,257.138671875,257.138671875,0.0,43
1988-06-27,257.138671875,257.138671875,257.138671875,0.0,5
1988-06-28,257.138671875,257.138671875,257.138671875,257.138671875,0
1988-06-29,252.85304260253906,252.85304260253906,252.85304260253906,0.0,8
1988-06-30,257.138671875,257.138671875,257.138671875,0.0,68
1988-07-01,257.138671875,261.42431640625,257.138671875,0.0,18
1988-07-05,257.138671875,257.138671875,252.85302734375,0.0,13
1988-07-06,235.71043395996094,252.85301097523083,235.71043395996094,0.0,100
1988-07-07,239.99606323242188,239.99606323242188,239.99606323242188,0.0,18
1988-07-08,239.99606323242188,239.99606323242188,239.99606323242188,239.99606323242188,0
1988-07-11,235.71043395996094,239.99607821377842,235.71043395996094,0.0,68
1988-07-12,235.71043395996094,235.71043395996094,235.71043395996094,0.0,88
1988-07-13,239.99606323242188,239.99606323242188,239.99606323242188,0.0,10
1988-07-14,235.71043395996094,235.71043395996094,235.71043395996094,0.0,125
1988-07-15,239.99606323242188,239.99606323242188,239.99606323242188,0.0,3
1988-07-18,239.99606323242188,239.99606323242188,235.71041924612862,0.0,13
1988-07-19,248.56739807128906,248.56739807128906,235.71046368829136,0.0,38
1988-07-20,261.4243469238281,261.4243469238281,257.13870189229,0.0,55
1988-07-21,261.4243469238281,261.4243469238281,261.4243469238281,0.0,3
1988-07-22,261.4243469238281,261.4243469238281,257.13870189229,0.0,5
1988-07-25,257.138671875,261.42431640625,252.85302734375,0.0,55
1988-07-26,261.4243469238281,261.4243469238281,261.4243469238281,0.0,13
1988-07-27,252.85304260253906,252.85304260253906,252.85304260253906,0.0,30
1988-07-28,257.138671875,257.138671875,257.138671875,0.0,3
1988-07-29,252.85304260253906,252.85304260253906,252.85304260253906,0.0,15
1988-08-01,257.138671875,257.138671875,257.138671875,0.0,13
1988-08-02,257.138671875,257.138671875,257.138671875,0.0,10
1988-08-03,261.4243469238281,261.4243469238281,257.13870189229,0.0,18
1988-08-04,261.4243469238281,261.4243469238281,257.13870189229,0.0,40
1988-08-05,252.85304260253906,261.42433218228615,252.85304260253906,0.0,33
1988-08-08,257.138671875,257.138671875,257.138671875,0.0,25
1988-08-09,261.4243469238281,261.4243469238281,257.13870189229,0.0,28
1988-08-10,261.4243469238281,261.4243469238281,252.8530568607518,0.0,88
1988-08-11,261.4243469238281,261.4243469238281,261.4243469238281,261.4243469238281,0
1988-08-12,257.138671875,257.138671875,257.138671875,0.0,25
1988-08-15,257.138671875,257.138671875,257.138671875,0.0,5
1988-08-16,257.138671875,257.138671875,257.138671875,0.0,15
1988-08-17,261.4243469238281,261.4243469238281,261.4243469238281,0.0,3
1988-08-18,252.85304260253906,257.1386873924126,252.85304260253906,0.0,53
1988-08-19,252.85304260253906,252.85304260253906,248.56739781266552,0.0,20
1988-08-22,257.138671875,257.138671875,248.5673828125,0.0,35
1988-08-23,261.4243469238281,261.4243469238281,257.13870189229,0.0,38
1988-08-24,265.7099914550781,265.7099914550781,257.1387014081401,0.0,108
1988-08-25,261.4243469238281,261.4243469238281,261.4243469238281,0.0,3
1988-08-26,257.138671875,261.42431640625,257.138671875,0.0,28
1988-08-29,257.138671875,257.138671875,257.138671875,0.0,20
1988-08-30,257.138671875,257.138671875,257.138671875,0.0,15
1988-08-31,257.138671875,257.138671875,252.85302734375,0.0,20
1988-09-01,248.56739807128906,252.85304286562163,248.56739807128906,0.0,28
1988-09-02,252.85304260253906,257.1386873924126,252.85304260253906,0.0,30
1988-09-06,257.138671875,257.138671875,252.85302734375,0.0,10
1988-09-07,252.85304260253906,252.85304260253906,252.85304260253906,0.0,153
1988-09-08,257.138671875,257.138671875,252.85302734375,0.0,30
1988-09-09,252.85304260253906,252.85304260253906,248.56739781266552,0.0,53
1988-09-12,248.56739807128906,248.56739807128906,248.56739807128906,0.0,13
1988-09-13,248.56739807128906,248.56739807128906,248.56739807128906,0.0,8
1988-09-14,248.56739807128906,252.85304286562163,248.56739807128906,0.0,55
1988-09-15,248.56739807128906,252.85304286562163,248.56739807128906,0.0,30
1988-09-16,257.138671875,257.138671875,252.85302734375,0.0,88
1988-09-19,265.7099914550781,265.7099914550781,257.1387014081401,0.0,185
1988-09-20,269.9956359863281,269.9956359863281,265.70999097067215,0.0,93
1988-09-21,269.9956359863281,269.9956359863281,265.70999097067215,0.0,113
1988-09-22,269.9956359863281,269.9956359863281,265.70999097067215,0.0,38
1988-09-23,269.9956359863281,269.9956359863281,265.70999097067215,0.0,45
1988-09-26,274.28118896484375,274.28118896484375,274.28118896484375,0.0,3
1988-09-27,278.56689453125,278.56689453125,274.28125,0.0,53
1988-09-28,287.1382141113281,287.1382141113281,282.85256912459187,0.0,40
1988-09-29,282.8525390625,282.8525390625,278.56689453125,0.0,40
1988-09-30,278.56689453125,287.13818359375,278.56689453125,0.0,33
1988-10-03,274.28118896484375,278.56683254241943,274.28118896484375,0.0,35
1988-10-04,274.28118896484375,278.56683254241943,269.99554538726807,0.0,63
1988-10-05,291.4237976074219,291.4237976074219,278.5668653600356,0.0,145
1988-10-06,295.7095031738281,295.7095031738281,295.7095031738281,0.0,33
1988-10-07,299.9951171875,299.9951171875,295.70947265625,0.0,168
1988-10-10,299.9951171875,299.9951171875,295.70947265625,0.0,13
1988-10-11,291.4237976074219,295.70944168988393,291.4237976074219,0.0,23
1988-10-12,291.4237976074219,295.70944168988393,287.13815352495976,0.0,43
1988-10-13,278.56689453125,287.13818359375,278.56689453125,0.0,58
1988-10-14,278.56689453125,278.56689453125,274.28125,0.0,70
1988-10-17,278.56689453125,278.56689453125,274.28125,0.0,18
1988-10-18,278.56689453125,278.56689453125,274.28125,0.0,73
1988-10-19,278.56689453125,278.56689453125,278.56689453125,0.0,18
1988-10-20,274.28118896484375,278.56683254241943,274.28118896484375,0.0,50
1988-10-21,278.56689453125,278.56689453125,274.28125,0.0,43
1988-10-24,274.28118896484375,274.28118896484375,269.99554538726807,0.0,28
1988-10-25,274.28118896484375,274.28118896484375,274.28118896484375,274.28118896484375,0
1988-10-26,269.9956359863281,274.28128100198415,269.9956359863281,0.0,78
1988-10-27,274.28118896484375,274.28118896484375,269.99554538726807,0.0,25
1988-10-28,274.28118896484375,274.28118896484375,269.99554538726807,0.0,58
1988-10-31,265.7099914550781,274.2812815020161,265.7099914550781,0.0,43
1988-11-01,269.9956359863281,269.9956359863281,265.70999097067215,0.0,28
1988-11-02,265.7099914550781,269.9956364785471,265.7099914550781,0.0,65
1988-11-03,261.4243469238281,261.4243469238281,261.4243469238281,0.0,35
1988-11-04,261.4243469238281,261.4243469238281,261.4243469238281,261.4243469238281,0
1988-11-07,265.7099914550781,265.7099914550781,261.42434643160914,0.0,28
1988-11-08,269.9956359863281,269.9956359863281,265.70999097067215,0.0,23
1988-11-09,265.7099914550781,269.9956364785471,265.7099914550781,0.0,63
1988-11-10,261.4243469238281,265.7099919553663,261.4243469238281,0.0,18
1988-11-11,252.85304260253906,261.42433218228615,248.56739781266552,0.0,120
1988-11-14,252.85304260253906,252.85304260253906,248.56739781266552,0.0,20
1988-11-15,252.85304260253906,252.85304260253906,248.56739781266552,0.0,73
1988-11-16,252.85304260253906,252.85304260253906,248.56739781266552,0.0,55
1988-11-17,257.138671875,261.42431640625,252.85302734375,0.0,115
1988-11-18,261.4243469238281,265.7099919553663,261.4243469238281,0.0,63
1988-11-21,252.85304260253906,257.1386873924126,252.85304260253906,0.0,63
1988-11-22,248.56739807128906,248.56739807128906,248.56739807128906,0.0,23
1988-11-23,248.56739807128906,248.56739807128906,248.56739807128906,0.0,8
1988-11-25,248.56739807128906,248.56739807128906,248.56739807128906,248.56739807128906,0
1988-11-28,239.99606323242188,244.28170721871513,239.99606323242188,0.0,60
1988-11-29,239.99606323242188,244.28170721871513,235.71041924612862,0.0,60
1988-11-30,235.71043395996094,239.99607821377842,235.71043395996094,0.0,140
1988-12-01,244.28173828125,244.28173828125,235.71044921875,0.0,43
1988-12-02,248.56739807128906,248.56739807128906,248.56739807128906,0.0,13
1988-12-05,248.56739807128906,248.56739807128906,244.2817532769565,0.0,23
1988-12-06,252.85304260253906,252.85304260253906,252.85304260253906,0.0,38
1988-12-07,248.56739807128906,248.56739807128906,248.56739807128906,0.0,8
1988-12-08,248.56739807128906,248.56739807128906,248.56739807128906,0.0,5
1988-12-09,244.28173828125,248.5673828125,244.28173828125,0.0,23
1988-12-12,235.71043395996094,239.99607821377842,235.71043395996094,0.0,53
1988-12-13,239.99606323242188,239.99606323242188,239.99606323242188,0.0,8
1988-12-14,235.71043395996094,239.99607821377842,235.71043395996094,0.0,125
1988-12-15,235.71043395996094,235.71043395996094,235.71043395996094,0.0,25
1988-12-16,235.71043395996094,239.99607821377842,235.71043395996094,0.0,88
1988-12-19,239.99606323242188,239.99606323242188,239.99606323242188,0.0,3
1988-12-20,239.99606323242188,239.99606323242188,239.99606323242188,0.0,8
1988-12-21,239.99606323242188,239.99606323242188,239.99606323242188,239.99606323242188,0
1988-12-22,235.71043395996094,239.99607821377842,235.71043395996094,0.0,23
1988-12-23,239.99606323242188,239.99606323242188,235.71041924612862,0.0,13
1988-12-27,248.56739807128906,248.56739807128906,235.71046368829136,0.0,173
1988-12-28,252.85304260253906,252.85304260253906,252.85304260253906,0.0,8
1988-12-29,257.138671875,257.138671875,252.85302734375,0.0,33
1988-12-30,248.56739807128906,252.85304286562163,244.2817532769565,0.0,90
1989-01-03,252.85304260253906,252.85304260253906,252.85304260253906,0.0,18
1989-01-04,252.85304260253906,252.85304260253906,248.56739781266552,0.0,10
1989-01-05,252.85304260253906,252.85304260253906,252.85304260253906,252.85304260253906,0
1989-01-06,257.138671875,257.138671875,252.85302734375,0.0,35
1989-01-09,257.138671875,257.138671875,257.138671875,0.0,5
1989-01-10,257.138671875,257.138671875,252.85302734375,0.0,18
1989-01-11,252.85304260253906,252.85304260253906,252.85304260253906,0.0,5
1989-01-12,252.85304260253906,252.85304260253906,252.85304260253906,0.0,8
1989-01-13,252.85304260253906,252.85304260253906,248.56739781266552,0.0,18
1989-01-16,257.138671875,257.138671875,248.5673828125,0.0,193
1989-01-17,257.138671875,261.42431640625,257.138671875,0.0,78
1989-01-18,257.138671875,257.138671875,257.138671875,0.0,53
1989-01-19,257.138671875,257.138671875,257.138671875,0.0,13
1989-01-20,257.138671875,257.138671875,252.85302734375,0.0,13
1989-01-23,257.138671875,257.138671875,252.85302734375,0.0,13
1989-01-24,257.138671875,257.138671875,252.85302734375,0.0,80
1989-01-25,261.4243469238281,261.4243469238281,257.13870189229,0.0,80
1989-01-26,261.4243469238281,261.4243469238281,261.4243469238281,261.4243469238281,0
1989-01-27,261.4243469238281,261.4243469238281,257.13870189229,0.0,175
1989-01-30,291.4237976074219,291.4237976074219,282.8525094424977,0.0,398
1989-01-31,304.2807922363281,312.8520821584782,304.2807922363281,0.0,330
1989-02-01,308.5663757324219,312.8520198398166,308.5663757324219,0.0,80
1989-02-02,304.2807922363281,308.56643719740316,304.2807922363281,0.0,83
1989-02-03,304.2807922363281,308.56643719740316,304.2807922363281,0.0,120
1989-02-06,295.7095031738281,308.5664380944294,295.7095031738281,0.0,50
1989-02-07,282.8525390625,304.28076171875,282.8525390625,0.0,160
1989-02-08,287.1382141113281,287.1382141113281,278.56692413785566,0.0,133
1989-02-09,287.1382141113281,291.4238590980644,287.1382141113281,0.0,30
1989-02-10,278.56689453125,282.8525390625,278.56689453125,0.0,50
1989-02-13,278.56689453125,278.56689453125,274.28125,0.0,33
1989-02-14,282.8525390625,282.8525390625,282.8525390625,0.0,13
1989-02-15,287.1382141113281,291.4238590980644,282.85256912459187,0.0,150
1989-02-16,287.1382141113281,287.1382141113281,282.85256912459187,0.0,88
1989-02-17,287.1382141113281,291.4238590980644,282.85256912459187,0.0,100
1989-02-21,299.9951171875,299.9951171875,295.70947265625,0.0,118
1989-02-22,295.7095031738281,304.2807931208956,295.7095031738281,0.0,98
1989-02-23,291.4237976074219,295.70944168988393,291.4237976074219,0.0,78
1989-02-24,299.9951171875,299.9951171875,291.423828125,0.0,58
1989-02-27,304.2807922363281,308.56643719740316,304.2807922363281,0.0,95
1989-02-28,308.5663757324219,308.5663757324219,304.2807316250271,0.0,85
1989-03-01,308.5663757324219,312.8520198398166,304.2807316250271,0.0,80
1989-03-02,312.8520202636719,312.8520202636719,312.8520202636719,0.0,83
1989-03-03,308.5663757324219,312.8520198398166,308.5663757324219,0.0,55
1989-03-06,312.8520202636719,312.8520202636719,308.5663761504709,0.0,10
1989-03-07,304.2807922363281,308.56643719740316,299.9951472752531,0.0,65
1989-03-08,304.2807922363281,304.2807922363281,304.2807922363281,304.2807922363281,0
1989-03-09,304.2807922363281,304.2807922363281,299.9951472752531,0.0,20
1989-03-10,295.7095031738281,295.7095031738281,295.7095031738281,0.0,28
1989-03-13,291.4237976074219,291.4237976074219,287.13815352495976,0.0,50
1989-03-14,291.4237976074219,291.4237976074219,287.13815352495976,0.0,50
1989-03-15,287.1382141113281,287.1382141113281,287.1382141113281,0.0,18
1989-03-16,282.8525390625,287.13818359375,282.8525390625,0.0,68
1989-03-17,278.56689453125,282.8525390625,278.56689453125,0.0,55
1989-03-20,278.56689453125,282.8525390625,278.56689453125,0.0,63
1989-03-21,282.8525390625,282.8525390625,282.8525390625,0.0,13
1989-03-22,278.56689453125,282.8525390625,278.56689453125,0.0,48
1989-03-23,282.8525390625,282.8525390625,282.8525390625,0.0,13
1989-03-27,287.1382141113281,287.1382141113281,282.85256912459187,0.0,15
1989-03-28,287.1382141113281,287.1382141113281,282.85256912459187,0.0,48
1989-03-29,291.4237976074219,291.4237976074219,287.13815352495976,0.0,20
1989-03-30,291.4237976074219,291.4237976074219,287.13815352495976,0.0,28
1989-03-31,287.1382141113281,287.1382141113281,287.1382141113281,0.0,15
1989-04-03,287.1382141113281,287.1382141113281,287.1382141113281,0.0,83
1989-04-04,291.4237976074219,291.4237976074219,291.4237976074219,0.0,25
1989-04-05,287.1382141113281,291.4238590980644,287.1382141113281,0.0,18
1989-04-06,291.4237976074219,291.4237976074219,287.13815352495976,0.0,13
1989-04-07,287.1382141113281,287.1382141113281,287.1382141113281,0.0,3
1989-04-10,287.1382141113281,287.1382141113281,287.1382141113281,287.1382141113281,0
1989-04-11,287.1382141113281,287.1382141113281,287.1382141113281,287.1382141113281,0
1989-04-12,291.4237976074219,291.4237976074219,282.8525094424977,0.0,120
1989-04-13,287.1382141113281,287.1382141113281,287.1382141113281,0.0,95
1989-04-14,291.4237976074219,291.4237976074219,291.4237976074219,0.0,13
1989-04-17,295.7095031738281,295.7095031738281,295.7095031738281,0.0,53
1989-04-18,291.4237976074219,291.4237976074219,291.4237976074219,0.0,5
1989-04-19,295.7095031738281,295.7095031738281,295.7095031738281,0.0,8
1989-04-20,291.4237976074219,291.4237976074219,291.4237976074219,0.0,13
1989-04-21,282.8525390625,282.8525390625,282.8525390625,0.0,105
1989-04-24,282.8525390625,282.8525390625,282.8525390625,0.0,28
1989-04-25,282.8525390625,287.13818359375,282.8525390625,0.0,38
1989-04-26,282.8525390625,282.8525390625,282.8525390625,0.0,20
1989-04-27,278.56689453125,278.56689453125,278.56689453125,0.0,5
1989-04-28,278.56689453125,278.56689453125,278.56689453125,0.0,18
1989-05-01,278.56689453125,282.8525390625,274.28125,0.0,75
1989-05-02,278.56689453125,278.56689453125,278.56689453125,278.56689453125,0
1989-05-03,278.56689453125,278.56689453125,278.56689453125,278.56689453125,0
1989-05-04,278.56689453125,278.56689453125,278.56689453125,278.56689453125,0
1989-05-05,278.56689453125,278.56689453125,278.56689453125,0.0,10
1989-05-08,278.56689453125,278.56689453125,278.56689453125,0.0,5
1989-05-09,282.8525390625,282.8525390625,282.8525390625,0.0,15
1989-05-10,282.8525390625,282.8525390625,282.8525390625,0.0,8
1989-05-11,291.4237976074219,291.4237976074219,291.4237976074219,0.0,28
1989-05-12,291.4237976074219,291.4237976074219,291.4237976074219,0.0,8
1989-05-15,291.4237976074219,291.4237976074219,291.4237976074219,0.0,60
1989-05-16,291.4237976074219,291.4237976074219,291.4237976074219,0.0,10
1989-05-17,291.4237976074219,291.4237976074219,287.13815352495976,0.0,45
1989-05-18,295.7095031738281,295.7095031738281,291.4238582002944,0.0,40
1989-05-19,291.4237976074219,291.4237976074219,291.4237976074219,0.0,38
1989-05-22,295.7095031738281,295.7095031738281,287.1382132267606,0.0,178
1989-05-23,299.9951171875,299.9951171875,291.423828125,0.0,73
1989-05-24,299.9951171875,299.9951171875,299.9951171875,0.0,15
1989-05-25,321.42333984375,321.42333984375,295.70947265625,0.0,805
1989-05-26,325.70892333984375,329.9945670679996,321.4232796116879,0.0,395
1989-05-30,325.70892333984375,342.85149825246714,317.1376358835321,0.0,693
1989-05-31,325.70892333984375,329.9945670679996,325.70892333984375,0.0,445
1989-06-01,317.1376953125,329.99462890625,317.1376953125,0.0,193
1989-06-02,321.42333984375,321.42333984375,312.85205078125,0.0,315
1989-06-05,321.42333984375,325.708984375,317.1376953125,0.0,213
1989-06-06,321.42333984375,321.42333984375,317.1376953125,0.0,105
1989-06-07,317.1376953125,321.42333984375,317.1376953125,0.0,93
1989-06-08,317.1376953125,321.42333984375,317.1376953125,0.0,13
1989-06-09,325.70892333984375,325.70892333984375,317.1376358835321,0.0,73
1989-06-12,325.70892333984375,325.70892333984375,321.4232796116879,0.0,40
1989-06-13,338.56597900390625,338.56597900390625,321.42339778851857,0.0,355
1989-06-14,338.56597900390625,368.5654961308346,334.2803337000593,0.0,925
1989-06-15,338.56597900390625,347.13726961160006,338.56597900390625,0.0,383
1989-06-16,334.2802429199219,338.5658870599209,329.9945987799229,0.0,98
1989-06-19,325.70892333984375,334.2802107961555,325.70892333984375,0.0,95
1989-06-20,325.70892333984375,329.9945670679996,325.70892333984375,0.0,240
1989-06-21,321.42333984375,325.708984375,321.42333984375,0.0,130
1989-06-22,325.70892333984375,325.70892333984375,321.4232796116879,0.0,38
1989-06-23,325.70892333984375,325.70892333984375,321.4232796116879,0.0,110
1989-06-26,321.42333984375,329.99462890625,321.42333984375,0.0,98
1989-06-27,317.1376953125,317.1376953125,317.1376953125,0.0,55
1989-06-28,317.1376953125,321.42333984375,317.1376953125,0.0,50
1989-06-29,312.8520202636719,321.42330849007385,312.8520202636719,0.0,95
1989-06-30,287.1382141113281,312.85208403174556,282.85256912459187,0.0,338
1989-07-03,291.4237976074219,291.4237976074219,282.8525094424977,0.0,35
1989-07-05,299.9951171875,299.9951171875,291.423828125,0.0,40
1989-07-06,308.5663757324219,308.5663757324219,295.7094434102376,0.0,88
1989-07-07,308.5663757324219,308.5663757324219,308.5663757324219,0.0,190
1989-07-10,312.8520202636719,312.8520202636719,312.8520202636719,0.0,25
1989-07-11,308.5663757324219,308.5663757324219,304.2807316250271,0.0,105
1989-07-12,312.8520202636719,312.8520202636719,308.5663761504709,0.0,43
1989-07-13,308.5663757324219,312.8520198398166,308.5663757324219,0.0,53
1989-07-14,312.8520202636719,317.13766437687286,308.5663761504709,0.0,108
1989-07-17,304.2807922363281,308.56643719740316,304.2807922363281,0.0,140
1989-07-18,304.2807922363281,304.2807922363281,304.2807922363281,0.0,60
1989-07-19,304.2807922363281,304.2807922363281,299.9951472752531,0.0,128
1989-07-20,299.9951171875,299.9951171875,295.70947265625,0.0,150
1989-07-21,295.7095031738281,299.9951481473619,295.7095031738281,0.0,5
1989-07-24,291.4237976074219,295.70944168988393,291.4237976074219,0.0,113
1989-07-25,295.7095031738281,295.7095031738281,291.4238582002944,0.0,13
1989-07-26,295.7095031738281,295.7095031738281,291.4238582002944,0.0,125
1989-07-27,308.5663757324219,308.5663757324219,295.7094434102376,0.0,143
1989-07-28,385.7080078125,394.279296875,372.85107421875,0.0,1843
1989-07-31,381.4223937988281,398.5649732954047,381.4223937988281,0.0,768
1989-08-01,372.85101318359375,385.7079446726832,372.85101318359375,0.0,278
1989-08-02,381.4223937988281,385.70803867297224,377.13674892468396,0.0,318
1989-08-03,377.13665771484375,381.4223015525124,377.13665771484375,0.0,190
1989-08-04,381.4223937988281,381.4223937988281,372.85110405053985,0.0,253
1989-08-07,377.13665771484375,377.13665771484375,377.13665771484375,0.0,98
1989-08-08,377.13665771484375,381.4223015525124,372.8510138771751,0.0,243
1989-08-09,381.4223937988281,381.4223937988281,377.13674892468396,0.0,160
1989-08-10,381.4223937988281,385.70803867297224,381.4223937988281,0.0,155
1989-08-11,381.4223937988281,381.4223937988281,381.4223937988281,0.0,65
1989-08-14,368.5654296875,372.85107421875,368.5654296875,0.0,358
1989-08-15,377.13665771484375,377.13665771484375,368.5653700395064,0.0,173
1989-08-16,381.4223937988281,385.70803867297224,381.4223937988281,0.0,188
1989-08-17,377.13665771484375,385.7079453901811,377.13665771484375,0.0,70
1989-08-18,377.13665771484375,377.13665771484375,377.13665771484375,0.0,45
1989-08-21,377.13665771484375,377.13665771484375,377.13665771484375,0.0,18
1989-08-22,377.13665771484375,377.13665771484375,377.13665771484375,0.0,40
1989-08-23,372.85101318359375,377.13665701329023,372.85101318359375,0.0,43
1989-08-24,368.5654296875,372.85107421875,368.5654296875,0.0,115
1989-08-25,372.85101318359375,372.85101318359375,372.85101318359375,0.0,68
1989-08-28,321.42333984375,342.8515625,308.56640625,0.0,545
1989-08-29,321.42333984375,321.42333984375,317.1376953125,0.0,173
1989-08-30,304.2807922363281,312.8520821584782,299.9951472752531,0.0,260
1989-08-31,312.8520202636719,317.13766437687286,308.5663761504709,0.0,260
1989-09-01,312.8520202636719,317.13766437687286,308.5663761504709,0.0,60
1989-09-05,325.70892333984375,325.70892333984375,317.1376358835321,0.0,230
1989-09-06,334.2802429199219,334.2802429199219,317.1376663599259,0.0,150
1989-09-07,338.56597900390625,338.56597900390625,334.2803337000593,0.0,140
1989-09-08,338.56597900390625,342.8516243077531,334.2803337000593,0.0,130
1989-09-11,347.13720703125,355.70849609375,338.56591796875,0.0,255
1989-09-12,342.8515319824219,347.1371761322021,342.8515319824219,0.0,60
1989-09-13,342.8515319824219,347.1371761322021,342.8515319824219,0.0,155
1989-09-14,347.13720703125,347.13720703125,342.8515625,0.0,240
1989-09-15,342.8515319824219,342.8515319824219,342.8515319824219,0.0,533
1989-09-18,334.2802429199219,338.5658870599209,334.2802429199219,0.0,10
1989-09-19,317.1376953125,329.99462890625,317.1376953125,0.0,240
1989-09-20,317.1376953125,321.42333984375,312.85205078125,0.0,95
1989-09-21,321.42333984375,321.42333984375,321.42333984375,0.0,38
1989-09-22,321.42333984375,321.42333984375,321.42333984375,321.42333984375,0
1989-09-25,325.70892333984375,325.70892333984375,325.70892333984375,0.0,25
1989-09-26,329.9946594238281,329.9946594238281,329.9946594238281,0.0,13
1989-09-27,321.42333984375,325.708984375,317.1376953125,0.0,165
1989-09-28,325.70892333984375,329.9945670679996,321.4232796116879,0.0,68
1989-09-29,334.2802429199219,334.2802429199219,325.7089546399239,0.0,123
1989-10-02,325.70892333984375,329.9945670679996,325.70892333984375,0.0,20
1989-10-03,325.70892333984375,329.9945670679996,325.70892333984375,0.0,40
1989-10-04,325.70892333984375,325.70892333984375,317.1376358835321,0.0,138
1989-10-05,325.70892333984375,325.70892333984375,321.4232796116879,0.0,68
1989-10-06,329.9946594238281,329.9946594238281,321.42336956866376,0.0,115
1989-10-09,325.70892333984375,325.70892333984375,321.4232796116879,0.0,33
1989-10-10,329.9946594238281,329.9946594238281,325.7090144962459,0.0,33
1989-10-11,325.70892333984375,325.70892333984375,321.4232796116879,0.0,63
1989-10-12,325.70892333984375,325.70892333984375,321.4232796116879,0.0,18
1989-10-13,308.5663757324219,325.70895216200086,308.5663757324219,0.0,100
1989-10-16,295.7095031738281,299.9951481473619,287.1382132267606,0.0,243
1989-10-17,287.1382141113281,291.4238590980644,287.1382141113281,0.0,130
1989-10-18,304.2807922363281,304.2807922363281,287.138212392028,0.0,93
1989-10-19,304.2807922363281,308.56643719740316,304.2807922363281,0.0,33
1989-10-20,308.5663757324219,308.5663757324219,299.9950875176324,0.0,20
1989-10-23,308.5663757324219,308.5663757324219,308.5663757324219,308.5663757324219,0
1989-10-24,308.5663757324219,308.5663757324219,304.2807316250271,0.0,35
1989-10-25,304.2807922363281,308.56643719740316,304.2807922363281,0.0,10
1989-10-26,299.9951171875,299.9951171875,299.9951171875,0.0,25
1989-10-27,299.9951171875,299.9951171875,295.70947265625,0.0,15
1989-10-30,299.9951171875,299.9951171875,295.70947265625,0.0,53
1989-10-31,295.7095031738281,299.9951481473619,295.7095031738281,0.0,28
1989-11-01,299.9951171875,299.9951171875,299.9951171875,0.0,20
1989-11-02,295.7095031738281,295.7095031738281,295.7095031738281,0.0,3
1989-11-03,295.7095031738281,295.7095031738281,291.4238582002944,0.0,115
1989-11-06,295.7095031738281,295.7095031738281,291.4238582002944,0.0,75
1989-11-07,287.1382141113281,291.4238590980644,287.1382141113281,0.0,60
1989-11-08,299.9951171875,299.9951171875,295.70947265625,0.0,65
1989-11-09,295.7095031738281,295.7095031738281,295.7095031738281,0.0,8
1989-11-10,295.7095031738281,299.9951481473619,295.7095031738281,0.0,15
1989-11-13,295.7095031738281,295.7095031738281,295.7095031738281,0.0,3
1989-11-14,299.9951171875,299.9951171875,295.70947265625,0.0,38
1989-11-15,295.7095031738281,299.9951481473619,295.7095031738281,0.0,50
1989-11-16,291.4237976074219,295.70944168988393,291.4237976074219,0.0,63
1989-11-17,291.4237976074219,291.4237976074219,287.13815352495976,0.0,10
1989-11-20,291.4237976074219,291.4237976074219,282.8525094424977,0.0,58
1989-11-21,291.4237976074219,291.4237976074219,291.4237976074219,0.0,20
1989-11-22,287.1382141113281,287.1382141113281,287.1382141113281,0.0,30
1989-11-24,287.1382141113281,291.4238590980644,282.85256912459187,0.0,78
1989-11-27,287.1382141113281,291.4238590980644,287.1382141113281,0.0,48
1989-11-28,304.2807922363281,304.2807922363281,291.423857353103,0.0,80
1989-11-29,334.2802429199219,334.2802429199219,329.9945987799229,0.0,478
1989-11-30,329.9946594238281,338.5659492789925,329.9946594238281,0.0,335
1989-12-01,329.9946594238281,334.2803043514103,329.9946594238281,0.0,33
1989-12-04,329.9946594238281,329.9946594238281,329.9946594238281,0.0,155
1989-12-05,329.9946594238281,334.2803043514103,329.9946594238281,0.0,45
1989-12-06,325.70892333984375,325.70892333984375,325.70892333984375,0.0,88
1989-12-07,325.70892333984375,325.70892333984375,325.70892333984375,0.0,80
1989-12-08,329.9946594238281,329.9946594238281,325.7090144962459,0.0,178
1989-12-11,329.9946594238281,329.9946594238281,329.9946594238281,0.0,78
1989-12-12,329.9946594238281,338.5659492789925,329.9946594238281,0.0,128
1989-12-13,334.2802429199219,334.2802429199219,329.9945987799229,0.0,118
1989-12-14,329.9946594238281,329.9946594238281,329.9946594238281,0.0,90
1989-12-15,329.9946594238281,334.2803043514103,325.7090144962459,0.0,373
1989-12-18,325.70892333984375,329.9945670679996,325.70892333984375,0.0,115
1989-12-19,325.70892333984375,329.9945670679996,325.70892333984375,0.0,238
1989-12-20,329.9946594238281,329.9946594238281,325.7090144962459,0.0,178
1989-12-21,329.9946594238281,329.9946594238281,329.9946594238281,0.0,175
1989-12-22,329.9946594238281,329.9946594238281,329.9946594238281,0.0,50
1989-12-26,329.9946594238281,329.9946594238281,329.9946594238281,0.0,13
1989-12-27,329.9946594238281,329.9946594238281,329.9946594238281,0.0,5
1989-12-28,329.9946594238281,329.9946594238281,329.9946594238281,0.0,33
1989-12-29,329.9946594238281,329.9946594238281,325.7090144962459,0.0,65
1990-01-02,325.70892333984375,329.9945670679996,325.70892333984375,0.0,275
1990-01-03,329.9946594238281,329.9946594238281,329.9946594238281,0.0,75
1990-01-04,325.70892333984375,325.70892333984375,325.70892333984375,0.0,293
1990-01-05,325.70892333984375,325.70892333984375,325.70892333984375,325.70892333984375,0
1990-01-08,325.70892333984375,325.70892333984375,325.70892333984375,0.0,95
1990-01-09,325.70892333984375,325.70892333984375,325.70892333984375,0.0,308
1990-01-10,321.42333984375,321.42333984375,321.42333984375,0.0,13
1990-01-11,325.70892333984375,325.70892333984375,325.70892333984375,0.0,75
1990-01-12,325.70892333984375,325.70892333984375,325.70892333984375,0.0,43
1990-01-15,325.70892333984375,325.70892333984375,325.70892333984375,0.0,53
1990-01-16,325.70892333984375,325.70892333984375,325.70892333984375,0.0,30
1990-01-17,325.70892333984375,325.70892333984375,325.70892333984375,0.0,18
1990-01-18,325.70892333984375,325.70892333984375,321.4232796116879,0.0,20
1990-01-19,325.70892333984375,325.70892333984375,325.70892333984375,325.70892333984375,0
1990-01-22,334.2802429199219,334.2802429199219,325.7089546399239,0.0,73
1990-01-23,334.2802429199219,334.2802429199219,334.2802429199219,334.2802429199219,0
1990-01-24,329.9946594238281,329.9946594238281,329.9946594238281,0.0,3
1990-01-25,329.9946594238281,329.9946594238281,325.7090144962459,0.0,28
1990-01-26,329.9946594238281,329.9946594238281,329.9946594238281,329.9946594238281,0
1990-01-29,329.9946594238281,329.9946594238281,329.9946594238281,0.0,30
1990-01-30,329.9946594238281,329.9946594238281,329.9946594238281,0.0,38
1990-01-31,329.9946594238281,329.9946594238281,329.9946594238281,0.0,50
1990-02-01,329.9946594238281,329.9946594238281,329.9946594238281,329.9946594238281,0
1990-02-02,329.9946594238281,329.9946594238281,329.9946594238281,329.9946594238281,0
1990-02-05,338.56597900390625,338.56597900390625,334.2803337000593,0.0,35
1990-02-06,342.8515319824219,342.8515319824219,338.5658878326416,0.0,38
1990-02-07,381.4223937988281,381.4223937988281,351.4228796798192,0.0,78
1990-02-08,381.4223937988281,381.4223937988281,381.4223937988281,0.0,23
1990-02-09,368.5654296875,372.85107421875,368.5654296875,0.0,35
1990-02-12,364.2797546386719,364.2797546386719,364.2797546386719,0.0,13
1990-02-13,364.2797546386719,364.2797546386719,364.2797546386719,364.2797546386719,0
1990-02-14,428.5644226074219,428.5644226074219,372.85104766845706,0.0,225
1990-02-15,428.5644226074219,454.27828796386723,428.5644226074219,0.0,170
1990-02-16,411.4218444824219,428.5644213358561,411.4218444824219,0.0,88
1990-02-20,398.5649108886719,415.70748770108787,398.5649108886719,0.0,103
1990-02-21,402.8505859375,402.8505859375,398.56494140625,0.0,40
1990-02-22,411.4218444824219,411.4218444824219,398.5649118423462,0.0,63
1990-02-23,407.1361999511719,407.1361999511719,407.1361999511719,0.0,10
1990-02-26,407.1361999511719,407.1361999511719,407.1361999511719,0.0,15
1990-02-27,407.1361999511719,407.1361999511719,407.1361999511719,0.0,3
1990-02-28,407.1361999511719,407.1361999511719,407.1361999511719,0.0,8
1990-03-01,411.4218444824219,415.7074886957804,411.4218444824219,0.0,223
1990-03-02,411.4218444824219,411.4218444824219,411.4218444824219,0.0,43
1990-03-05,411.4218444824219,415.7074886957804,411.4218444824219,0.0,13
1990-03-06,415.70751953125,415.70751953125,415.70751953125,0.0,25
1990-03-07,411.4218444824219,411.4218444824219,411.4218444824219,0.0,30
1990-03-08,419.9931640625,419.9931640625,415.70751953125,0.0,38
1990-03-09,419.9931640625,419.9931640625,419.9931640625,0.0,13
1990-03-12,419.9931640625,419.9931640625,419.9931640625,419.9931640625,0
1990-03-13,424.27880859375,424.27880859375,415.70751953125,0.0,33
1990-03-14,424.27880859375,428.564453125,424.27880859375,0.0,23
1990-03-15,432.85009765625,432.85009765625,428.564453125,0.0,8
1990-03-16,445.70703125,445.70703125,441.42138671875,0.0,30
1990-03-19,441.4213562011719,441.4213562011719,432.8500677312462,0.0,98
1990-03-20,441.4213562011719,441.4213562011719,441.4213562011719,0.0,25
1990-03-21,441.4213562011719,441.4213562011719,441.4213562011719,0.0,25
1990-03-22,437.1357116699219,445.70700013403797,437.1357116699219,0.0,115
1990-03-23,437.1357116699219,437.1357116699219,437.1357116699219,437.1357116699219,0
1990-03-26,445.70703125,445.70703125,441.42138671875,0.0,73
1990-03-27,445.70703125,445.70703125,445.70703125,445.70703125,0
1990-03-28,475.7065734863281,475.7065734863281,445.7070598430462,0.0,143
1990-03-29,492.8491516113281,492.8491516113281,475.70657242484714,0.0,125
1990-03-30,505.7060852050781,505.7060852050781,488.56350604558395,0.0,133
1990-04-02,497.1347961425781,501.42044093691067,497.1347961425781,0.0,30
1990-04-03,488.5634765625,505.7060546875,488.5634765625,0.0,43
1990-04-04,488.5634765625,488.5634765625,479.9921875,0.0,53
1990-04-05,488.5634765625,488.5634765625,484.27783203125,0.0,35
1990-04-06,484.2778015136719,484.2778015136719,484.2778015136719,0.0,20
1990-04-09,488.5634765625,488.5634765625,488.5634765625,0.0,8
1990-04-10,484.2778015136719,488.5634457748548,484.2778015136719,0.0,10
1990-04-11,497.1347961425781,501.42044093691067,488.563506553913,0.0,140
1990-04-12,497.1347961425781,497.1347961425781,497.1347961425781,0.0,50
1990-04-16,497.1347961425781,497.1347961425781,488.563506553913,0.0,35
1990-04-17,497.1347961425781,497.1347961425781,488.563506553913,0.0,58
1990-04-18,492.8491516113281,497.13479640794833,492.8491516113281,0.0,28
1990-04-19,501.4203796386719,501.4203796386719,492.8490910978399,0.0,350
1990-04-20,501.4203796386719,505.7060239090879,497.1347353682559,0.0,128
1990-04-23,492.8491516113281,497.13479640794833,492.8491516113281,0.0,58
1990-04-24,497.1347961425781,497.1347961425781,497.1347961425781,0.0,13
1990-04-25,497.1347961425781,497.1347961425781,497.1347961425781,0.0,10
1990-04-26,484.2778015136719,492.84909003603775,484.2778015136719,0.0,35
1990-04-27,479.99212646484375,479.99212646484375,475.70648247855047,0.0,43
1990-04-30,492.8491516113281,492.8491516113281,479.99221722146734,0.0,70
1990-05-01,497.1347961425781,497.1347961425781,488.563506553913,0.0,58
1990-05-02,497.1347961425781,501.42044093691067,492.8491513482455,0.0,70
1990-05-03,492.8491516113281,497.13479640794833,488.56350681470786,0.0,80
1990-05-04,492.8491516113281,497.13479640794833,492.8491516113281,0.0,25
1990-05-07,497.1347961425781,501.42044093691067,497.1347961425781,0.0,30
1990-05-08,501.4203796386719,505.7060239090879,501.4203796386719,0.0,245
1990-05-09,501.4203796386719,501.4203796386719,501.4203796386719,0.0,28
1990-05-10,544.27685546875,548.5625,501.42041015625,0.0,403
1990-05-11,535.70556640625,548.5625,535.70556640625,0.0,73
1990-05-14,509.99176025390625,531.4199854746587,505.7061152097558,0.0,140
1990-05-15,522.8486938476562,522.8486938476562,505.7061137215036,0.0,155
1990-05-16,514.27734375,514.27734375,514.27734375,0.0,10
1990-05-17,514.27734375,514.27734375,509.99169921875,0.0,68
1990-05-18,514.27734375,514.27734375,509.99169921875,0.0,10
1990-05-21,531.4199829101562,535.7056279336252,505.7061127693422,0.0,140
1990-05-22,531.4199829101562,531.4199829101562,522.8486928632183,0.0,418
1990-05-23,544.27685546875,544.27685546875,539.9912109375,0.0,65
1990-05-24,565.705078125,565.705078125,539.9912109375,0.0,333
1990-05-25,561.41943359375,561.41943359375,557.1337890625,0.0,23
1990-05-29,557.1337890625,557.1337890625,548.5625,0.0,118
1990-05-30,565.705078125,574.2763671875,557.1337890625,0.0,198
1990-05-31,552.8482055664062,561.4194955751877,552.8482055664062,0.0,23
1990-06-01,557.1337890625,561.41943359375,552.84814453125,0.0,45
1990-06-04,539.9912719726562,552.8482070196243,539.9912719726562,0.0,43
1990-06-05,497.1347961425781,527.1343097029061,497.1347961425781,0.0,298
1990-06-06,501.4203796386719,501.4203796386719,501.4203796386719,0.0,8
1990-06-07,501.4203796386719,501.4203796386719,501.4203796386719,501.4203796386719,0
1990-06-08,497.1347961425781,501.42044093691067,497.1347961425781,0.0,45
1990-06-11,569.99072265625,569.99072265625,497.134765625,0.0,1143
1990-06-12,612.84716796875,638.56103515625,595.70458984375,0.0,1745
1990-06-13,629.9896850585938,638.5609732906835,621.418396826504,0.0,1083
1990-06-14,612.84716796875,629.98974609375,599.990234375,0.0,213
1990-06-15,634.275390625,638.56103515625,612.84716796875,0.0,178
1990-06-18,651.4178466796875,668.560421592311,625.7039843107525,0.0,468
1990-06-19,664.2747802734375,664.2747802734375,638.56091781124,0.0,255
1990-06-20,642.8466796875,659.9892578125,642.8466796875,0.0,120
1990-06-21,617.1327514648438,651.4179043240017,604.2758191426595,0.0,270
1990-06-22,617.1327514648438,634.2753278944227,617.1327514648438,0.0,378
1990-06-25,604.27587890625,617.1328125,604.27587890625,0.0,148
1990-06-26,582.8475952148438,595.70452746223,565.7050188849954,0.0,278
1990-06-27,582.8475952148438,591.4188833797679,565.7050188849954,0.0,175
1990-06-28,591.4190063476562,599.9902962947237,582.8477164005888,0.0,175
1990-06-29,604.27587890625,604.27587890625,599.990234375,0.0,258
1990-07-02,595.70458984375,604.27587890625,595.70458984375,0.0,88
1990-07-03,634.275390625,634.275390625,604.27587890625,0.0,563
1990-07-05,621.41845703125,647.13232421875,612.84716796875,0.0,233
1990-07-06,629.9896850585938,629.9896850585938,617.1327527104592,0.0,135
1990-07-09,634.275390625,634.275390625,617.1328125,0.0,890
1990-07-10,668.5604858398438,681.4174182598408,629.9896885798528,0.0,410
1990-07-11,715.7025146484375,754.2733088510479,677.1317204458271,0.0,1295
1990-07-12,677.1319580078125,732.8453469578224,672.8463127039656,0.0,368
1990-07-13,702.8456420898438,724.2738628852658,698.5599979307593,0.0,470
1990-07-16,702.8456420898438,702.8456420898438,698.5599979307593,0.0,55
1990-07-17,672.8461303710938,694.2743510835489,651.4179096586386,0.0,285
1990-07-18,677.1319580078125,677.1319580078125,659.9893767924249,0.0,178
1990-07-19,681.4173583984375,681.4173583984375,668.560427107901,0.0,158
1990-07-20,664.2747802734375,685.7029989919355,664.2747802734375,0.0,260
1990-07-23,625.7040405273438,655.7035493197507,565.70502294253,0.0,698
1990-07-24,604.27587890625,625.7041015625,599.990234375,0.0,120
1990-07-25,642.8466796875,642.8466796875,608.5615234375,0.0,158
1990-07-26,668.5604858398438,668.5604858398438,647.1322651398488,0.0,150
1990-07-27,659.9893188476562,672.8462536304028,659.9893188476562,0.0,33
1990-07-30,642.8466796875,659.9892578125,638.56103515625,0.0,105
1990-07-31,655.70361328125,655.70361328125,638.56103515625,0.0,63
1990-08-01,651.4178466796875,651.4178466796875,651.4178466796875,0.0,13
1990-08-02,599.990234375,642.8466796875,599.990234375,0.0,328
1990-08-03,565.705078125,591.4189453125,505.7060546875,0.0,710
1990-08-06,531.4199829101562,552.8482080275013,514.2774028162802,0.0,390
1990-08-07,514.27734375,561.41943359375,514.27734375,0.0,305
1990-08-08,544.27685546875,548.5625,522.8486328125,0.0,238
1990-08-09,544.27685546875,552.84814453125,544.27685546875,0.0,105
1990-08-10,539.9912719726562,539.9912719726562,527.1343369256882,0.0,78
1990-08-13,539.9912719726562,539.9912719726562,527.1343369256882,0.0,70
1990-08-14,587.1332397460938,587.1332397460938,548.5624429744526,0.0,210
1990-08-15,445.70703125,599.990234375,437.1357421875,0.0,1355
1990-08-16,415.70751953125,424.27880859375,402.8505859375,0.0,1015
1990-08-17,411.4218444824219,415.7074886957804,402.8505560557047,0.0,395
1990-08-20,398.5649108886719,411.4218434979839,394.2792666855679,0.0,105
1990-08-21,372.85101318359375,398.56487616177264,372.85101318359375,0.0,308
1990-08-22,368.5654296875,377.13671875,368.5654296875,0.0,98
1990-08-23,338.56597900390625,364.27985082698774,338.56597900390625,0.0,245
1990-08-24,342.8515319824219,347.1371761322021,338.5658878326416,0.0,123
1990-08-27,368.5654296875,368.5654296875,347.13720703125,0.0,133
1990-08-28,364.2797546386719,368.56539881089157,359.9941104664522,0.0,120
1990-08-29,402.8505859375,402.8505859375,364.27978515625,0.0,163
1990-08-30,394.2792663574219,411.4218431555706,389.99362215788466,0.0,145
1990-08-31,389.99365234375,389.99365234375,385.7080078125,0.0,38
1990-09-04,377.13665771484375,389.9935892278498,377.13665771484375,0.0,220
1990-09-05,394.2792663574219,394.2792663574219,385.70797795834744,0.0,103
1990-09-06,398.5649108886719,407.1361992948799,398.5649108886719,0.0,120
1990-09-07,407.1361999511719,407.1361999511719,407.1361999511719,0.0,15
1990-09-10,419.9931640625,419.9931640625,411.421875,0.0,28
1990-09-11,428.5644226074219,428.5644226074219,419.9931341552735,0.0,78
1990-09-12,424.27880859375,428.564453125,419.9931640625,0.0,40
1990-09-13,415.70751953125,415.70751953125,415.70751953125,0.0,30
1990-09-14,407.1361999511719,407.1361999511719,407.1361999511719,0.0,108
1990-09-17,407.1361999511719,407.1361999511719,402.85055574115955,0.0,23
1990-09-18,402.8505859375,402.8505859375,402.8505859375,0.0,25
1990-09-19,402.8505859375,407.13623046875,402.8505859375,0.0,48
1990-09-20,402.8505859375,402.8505859375,398.56494140625,0.0,58
1990-09-21,385.7080078125,398.56494140625,385.7080078125,0.0,60
1990-09-24,347.13720703125,377.13671875,338.56591796875,0.0,215
1990-09-25,347.13720703125,347.13720703125,347.13720703125,0.0,3
1990-09-26,347.13720703125,347.13720703125,347.13720703125,347.13720703125,0
1990-09-27,329.9946594238281,342.85159420657465,329.9946594238281,0.0,58
1990-09-28,334.2802429199219,334.2802429199219,321.4233104999249,0.0,208
1990-10-01,347.13720703125,347.13720703125,342.8515625,0.0,20
1990-10-02,359.99407958984375,359.99407958984375,351.4227919805618,0.0,48
1990-10-03,355.70849609375,355.70849609375,355.70849609375,0.0,8
1990-10-04,342.8515319824219,351.4228202819824,342.8515319824219,0.0,28
1990-10-05,329.9946594238281,342.85159420657465,329.9946594238281,0.0,55
1990-10-08,338.56597900390625,338.56597900390625,338.56597900390625,0.0,13
1990-10-09,325.70892333984375,334.2802107961555,325.70892333984375,0.0,43
1990-10-10,325.70892333984375,325.70892333984375,325.70892333984375,0.0,13
1990-10-11,317.1376953125,325.708984375,317.1376953125,0.0,80
1990-10-12,321.42333984375,325.708984375,317.1376953125,0.0,38
1990-10-15,312.8520202636719,317.13766437687286,312.8520202636719,0.0,15
1990-10-16,308.5663757324219,308.5663757324219,308.5663757324219,0.0,5
1990-10-17,312.8520202636719,317.13766437687286,308.5663761504709,0.0,85
1990-10-18,304.2807922363281,312.8520821584782,299.9951472752531,0.0,95
1990-10-19,312.8520202636719,317.13766437687286,312.8520202636719,0.0,75
1990-10-22,274.28118896484375,304.28069400787354,274.28118896484375,0.0,235
1990-10-23,291.4237976074219,295.70944168988393,274.28122127757354,0.0,235
1990-10-24,282.8525390625,287.13818359375,282.8525390625,0.0,85
1990-10-25,287.1382141113281,287.1382141113281,287.1382141113281,0.0,50
1990-10-26,282.8525390625,282.8525390625,278.56689453125,0.0,105
1990-10-29,282.8525390625,282.8525390625,278.56689453125,0.0,30
1990-10-30,282.8525390625,282.8525390625,282.8525390625,0.0,48
1990-10-31,282.8525390625,282.8525390625,282.8525390625,0.0,3
1990-11-01,282.8525390625,287.13818359375,282.8525390625,0.0,48
1990-11-02,287.1382141113281,287.1382141113281,282.85256912459187,0.0,98
1990-11-05,287.1382141113281,287.1382141113281,278.56692413785566,0.0,165
1990-11-06,282.8525390625,282.8525390625,278.56689453125,0.0,50
1990-11-07,282.8525390625,282.8525390625,282.8525390625,282.8525390625,0
1990-11-08,282.8525390625,282.8525390625,282.8525390625,282.8525390625,0
1990-11-09,287.1382141113281,287.1382141113281,282.85256912459187,0.0,30
1990-11-12,291.4237976074219,291.4237976074219,287.13815352495976,0.0,55
1990-11-13,291.4237976074219,295.70944168988393,291.4237976074219,0.0,63
1990-11-14,299.9951171875,299.9951171875,295.70947265625,0.0,78
1990-11-15,265.7099914550781,287.1382165724231,261.42434643160914,0.0,680
1990-11-16,265.7099914550781,265.7099914550781,265.7099914550781,0.0,113
1990-11-19,248.56739807128906,265.70997724861934,239.99610848262392,0.0,380
1990-11-20,248.56739807128906,248.56739807128906,248.56739807128906,0.0,20
1990-11-21,248.56739807128906,248.56739807128906,244.2817532769565,0.0,23
1990-11-23,257.138671875,257.138671875,257.138671875,0.0,18
1990-11-26,261.4243469238281,261.4243469238281,257.13870189229,0.0,53
1990-11-27,265.7099914550781,269.9956364785471,265.7099914550781,0.0,45
1990-11-28,269.9956359863281,274.28128100198415,269.9956359863281,0.0,30
1990-11-29,269.9956359863281,269.9956359863281,269.9956359863281,269.9956359863281,0
1990-11-30,278.56689453125,278.56689453125,274.28125,0.0,25
1990-12-03,325.70892333984375,334.2802107961555,291.42377351459703,0.0,185
1990-12-04,329.9946594238281,329.9946594238281,325.7090144962459,0.0,93
1990-12-05,325.70892333984375,329.9945670679996,325.70892333984375,0.0,55
1990-12-06,317.1376953125,325.708984375,317.1376953125,0.0,40
1990-12-07,317.1376953125,317.1376953125,312.85205078125,0.0,30
1990-12-10,321.42333984375,321.42333984375,317.1376953125,0.0,40
1990-12-11,317.1376953125,325.708984375,317.1376953125,0.0,40
1990-12-12,308.5663757324219,312.8520198398166,308.5663757324219,0.0,38
1990-12-13,308.5663757324219,308.5663757324219,308.5663757324219,308.5663757324219,0
1990-12-14,304.2807922363281,304.2807922363281,299.9951472752531,0.0,60
1990-12-17,304.2807922363281,304.2807922363281,299.9951472752531,0.0,28
1990-12-18,317.1376953125,317.1376953125,304.28076171875,0.0,95
1990-12-19,308.5663757324219,321.42330805460614,308.5663757324219,0.0,45
1990-12-20,312.8520202636719,312.8520202636719,312.8520202636719,0.0,3
1990-12-21,304.2807922363281,308.56643719740316,299.9951472752531,0.0,80
1990-12-24,304.2807922363281,304.2807922363281,304.2807922363281,0.0,5
1990-12-26,308.5663757324219,308.5663757324219,304.2807316250271,0.0,33
1990-12-27,317.1376953125,317.1376953125,308.56640625,0.0,53
1990-12-28,304.2807922363281,312.8520821584782,299.9951472752531,0.0,95
1990-12-31,304.2807922363281,304.2807922363281,295.70950231417805,0.0,190
1991-01-02,299.9951171875,299.9951171875,299.9951171875,0.0,5
1991-01-03,295.7095031738281,295.7095031738281,295.7095031738281,0.0,3
1991-01-04,304.2807922363281,304.2807922363281,299.9951472752531,0.0,18
1991-01-07,304.2807922363281,304.2807922363281,304.2807922363281,0.0,45
1991-01-08,291.4237976074219,299.99508577234604,291.4237976074219,0.0,90
1991-01-09,295.7095031738281,299.9951481473619,291.4238582002944,0.0,40
1991-01-10,295.7095031738281,295.7095031738281,295.7095031738281,295.7095031738281,0
1991-01-11,291.4237976074219,291.4237976074219,291.4237976074219,0.0,25
1991-01-14,265.7099914550781,287.1382165724231,265.7099914550781,0.0,130
1991-01-15,278.56689453125,278.56689453125,274.28125,0.0,58
1991-01-16,274.28118896484375,274.28118896484375,274.28118896484375,0.0,13
1991-01-17,291.4237976074219,295.70944168988393,282.8525094424977,0.0,78
1991-01-18,287.1382141113281,287.1382141113281,282.85256912459187,0.0,40
1991-01-21,282.8525390625,282.8525390625,282.8525390625,0.0,5
1991-01-22,287.1382141113281,287.1382141113281,287.1382141113281,0.0,10
1991-01-23,282.8525390625,291.423828125,282.8525390625,0.0,65
1991-01-24,291.4237976074219,291.4237976074219,287.13815352495976,0.0,35
1991-01-25,355.70849609375,364.27978515625,299.9951171875,0.0,230
1991-01-28,377.13665771484375,389.9935892278498,355.70843852650034,0.0,190
1991-01-29,359.99407958984375,394.27923002697173,359.99407958984375,0.0,218
1991-01-30,368.5654296875,377.13671875,359.994140625,0.0,128
1991-01-31,359.99407958984375,368.5653671991258,359.99407958984375,0.0,78
1991-02-01,355.70849609375,368.5654296875,355.70849609375,0.0,143
1991-02-04,359.99407958984375,359.99407958984375,355.70843578520277,0.0,75
1991-02-05,351.4228210449219,368.5653976812595,351.4228210449219,0.0,158
1991-02-06,355.70849609375,355.70849609375,347.13720703125,0.0,188
1991-02-07,351.4228210449219,355.7084652040063,351.4228210449219,0.0,98
1991-02-08,338.56597900390625,347.13726961160006,338.56597900390625,0.0,55
1991-02-11,355.70849609375,355.70849609375,334.2802734375,0.0,130
1991-02-12,342.8515319824219,355.7084644317627,342.8515319824219,0.0,68
1991-02-13,368.5654296875,368.5654296875,342.8515625,0.0,253
1991-02-14,377.13665771484375,428.5643837668679,377.13665771484375,0.0,363
1991-02-15,372.85101318359375,381.4223008429867,368.56536935389727,0.0,98
1991-02-19,359.99407958984375,368.5653671991258,351.4227919805618,0.0,148
1991-02-20,372.85101318359375,377.13665701329023,364.2797255242008,0.0,110
1991-02-21,368.5654296875,368.5654296875,368.5654296875,0.0,13
1991-02-22,364.2797546386719,364.2797546386719,364.2797546386719,0.0,33
1991-02-25,377.13665771484375,381.4223015525124,368.5653700395064,0.0,78
1991-02-26,372.85101318359375,372.85101318359375,372.85101318359375,0.0,8
1991-02-27,368.5654296875,368.5654296875,364.27978515625,0.0,50
1991-02-28,368.5654296875,368.5654296875,364.27978515625,0.0,53
1991-03-01,368.5654296875,372.85107421875,364.27978515625,0.0,50
1991-03-04,385.7080078125,389.99365234375,377.13671875,0.0,135
1991-03-05,402.8505859375,402.8505859375,389.99365234375,0.0,68
1991-03-06,411.4218444824219,419.993132909139,411.4218444824219,0.0,138
1991-03-07,428.5644226074219,437.1357110595703,411.42184570312503,0.0,188
1991-03-08,415.70751953125,445.70703125,415.70751953125,0.0,143
1991-03-11,411.4218444824219,419.993132909139,411.4218444824219,0.0,45
1991-03-12,402.8505859375,407.13623046875,402.8505859375,0.0,18
1991-03-13,394.2792663574219,402.85055475649625,394.2792663574219,0.0,133
1991-03-14,385.7080078125,398.56494140625,385.7080078125,0.0,278
1991-03-15,389.99365234375,389.99365234375,389.99365234375,0.0,20
1991-03-18,394.2792663574219,398.56491055695903,394.2792663574219,0.0,35
1991-03-19,377.13665771484375,389.9935892278498,377.13665771484375,0.0,78
1991-03-20,372.85101318359375,372.85101318359375,372.85101318359375,0.0,15
1991-03-21,372.85101318359375,372.85101318359375,368.56536935389727,0.0,35
1991-03-22,377.13665771484375,377.13665771484375,377.13665771484375,0.0,8
1991-03-25,381.4223937988281,381.4223937988281,381.4223937988281,0.0,13
1991-03-26,385.7080078125,385.7080078125,377.13671875,0.0,45
1991-03-27,372.85101318359375,381.4223008429867,372.85101318359375,0.0,40
1991-03-28,372.85101318359375,372.85101318359375,372.85101318359375,0.0,90
1991-04-01,372.85101318359375,372.85101318359375,368.56536935389727,0.0,28
1991-04-02,355.70849609375,368.5654296875,351.4228515625,0.0,115
1991-04-03,355.70849609375,355.70849609375,355.70849609375,355.70849609375,0
1991-04-04,359.99407958984375,359.99407958984375,359.99407958984375,0.0,30
1991-04-05,359.99407958984375,368.5653671991258,359.99407958984375,0.0,73
1991-04-08,359.99407958984375,359.99407958984375,359.99407958984375,0.0,25
1991-04-09,359.99407958984375,359.99407958984375,359.99407958984375,359.99407958984375,0
1991-04-10,355.70849609375,359.994140625,355.70849609375,0.0,58
1991-04-11,368.5654296875,368.5654296875,359.994140625,0.0,60
1991-04-12,368.5654296875,368.5654296875,364.27978515625,0.0,25
1991-04-15,364.2797546386719,364.2797546386719,364.2797546386719,0.0,5
1991-04-16,364.2797546386719,364.2797546386719,359.9941104664522,0.0,5
1991-04-17,368.5654296875,368.5654296875,364.27978515625,0.0,28
1991-04-18,368.5654296875,372.85107421875,368.5654296875,0.0,55
1991-04-19,364.2797546386719,364.2797546386719,364.2797546386719,0.0,15
1991-04-22,359.99407958984375,359.99407958984375,359.99407958984375,0.0,25
1991-04-23,359.99407958984375,359.99407958984375,359.99407958984375,0.0,13
1991-04-24,351.4228210449219,359.9941093630907,351.4228210449219,0.0,73
1991-04-25,347.13720703125,347.13720703125,347.13720703125,0.0,5
1991-04-26,351.4228210449219,351.4228210449219,347.13717688583745,0.0,13
1991-04-29,347.13720703125,347.13720703125,342.8515625,0.0,55
1991-04-30,347.13720703125,347.13720703125,347.13720703125,0.0,35
1991-05-01,338.56597900390625,342.8516243077531,338.56597900390625,0.0,28
1991-05-02,338.56597900390625,338.56597900390625,329.99468839621244,0.0,48
1991-05-03,338.56597900390625,338.56597900390625,334.2803337000593,0.0,33
1991-05-06,342.8515319824219,342.8515319824219,334.28024368286134,0.0,75
1991-05-07,334.2802429199219,342.8515311999199,334.2802429199219,0.0,35
1991-05-08,342.8515319824219,342.8515319824219,338.5658878326416,0.0,68
1991-05-09,355.70849609375,355.70849609375,347.13720703125,0.0,38
1991-05-10,351.4228210449219,359.9941093630907,351.4228210449219,0.0,98
1991-05-13,351.4228210449219,351.4228210449219,351.4228210449219,351.4228210449219,0
1991-05-14,351.4228210449219,351.4228210449219,351.4228210449219,0.0,28
1991-05-15,338.56597900390625,351.422914915447,338.56597900390625,0.0,150
1991-05-16,338.56597900390625,338.56597900390625,334.2803337000593,0.0,30
1991-05-17,338.56597900390625,338.56597900390625,338.56597900390625,338.56597900390625,0
1991-05-20,338.56597900390625,338.56597900390625,338.56597900390625,338.56597900390625,0
1991-05-21,338.56597900390625,338.56597900390625,338.56597900390625,0.0,5
1991-05-22,334.2802429199219,338.5658870599209,334.2802429199219,0.0,43
1991-05-23,338.56597900390625,338.56597900390625,338.56597900390625,0.0,18
1991-05-24,338.56597900390625,338.56597900390625,338.56597900390625,338.56597900390625,0
1991-05-28,415.70751953125,419.9931640625,389.99365234375,0.0,1053
1991-05-29,432.85009765625,441.42138671875,432.85009765625,0.0,823
1991-05-30,411.4218444824219,424.27877712249756,407.1362002690633,0.0,400
1991-05-31,411.4218444824219,415.7074886957804,411.4218444824219,0.0,213
1991-06-03,398.5649108886719,407.1361992948799,398.5649108886719,0.0,143
1991-06-04,398.5649108886719,402.8505550917759,398.5649108886719,0.0,45
1991-06-05,411.4218444824219,411.4218444824219,402.8505560557047,0.0,65
1991-06-06,407.1361999511719,411.4218441611842,407.1361999511719,0.0,60
1991-06-07,407.1361999511719,407.1361999511719,407.1361999511719,407.1361999511719,0
1991-06-10,398.5649108886719,411.4218434979839,398.5649108886719,0.0,75
1991-06-11,394.2792663574219,398.56491055695903,389.99362215788466,0.0,98
1991-06-12,389.99365234375,389.99365234375,385.7080078125,0.0,63
1991-06-13,368.5654296875,385.7080078125,368.5654296875,0.0,108
1991-06-14,372.85101318359375,372.85101318359375,372.85101318359375,0.0,38
1991-06-17,368.5654296875,372.85107421875,368.5654296875,0.0,40
1991-06-18,372.85101318359375,372.85101318359375,364.2797255242008,0.0,103
1991-06-19,372.85101318359375,372.85101318359375,368.56536935389727,0.0,78
1991-06-20,368.5654296875,372.85107421875,368.5654296875,0.0,165
1991-06-21,368.5654296875,368.5654296875,359.994140625,0.0,65
1991-06-24,347.13720703125,359.994140625,338.56591796875,0.0,273
1991-06-25,351.4228210449219,351.4228210449219,351.4228210449219,0.0,138
1991-06-26,342.8515319824219,347.1371761322021,342.8515319824219,0.0,78
1991-06-27,342.8515319824219,347.1371761322021,342.8515319824219,0.0,60
1991-06-28,347.13720703125,355.70849609375,347.13720703125,0.0,80
1991-07-01,351.4228210449219,351.4228210449219,347.13717688583745,0.0,128
1991-07-02,351.4228210449219,351.4228210449219,351.4228210449219,351.4228210449219,0
1991-07-03,351.4228210449219,351.4228210449219,351.4228210449219,0.0,38
1991-07-05,351.4228210449219,351.4228210449219,351.4228210449219,0.0,25
1991-07-08,355.70849609375,359.994140625,351.4228515625,0.0,115
1991-07-09,368.5654296875,372.85107421875,359.994140625,0.0,70
1991-07-10,364.2797546386719,368.56539881089157,364.2797546386719,0.0,30
1991-07-11,355.70849609375,364.27978515625,355.70849609375,0.0,70
1991-07-12,355.70849609375,355.70849609375,351.4228515625,0.0,55
1991-07-15,359.99407958984375,359.99407958984375,359.99407958984375,0.0,38
1991-07-16,347.13720703125,355.70849609375,347.13720703125,0.0,53
1991-07-17,347.13720703125,347.13720703125,342.8515625,0.0,38
1991-07-18,355.70849609375,355.70849609375,347.13720703125,0.0,70
1991-07-19,351.4228210449219,351.4228210449219,351.4228210449219,0.0,30
1991-07-22,355.70849609375,355.70849609375,355.70849609375,0.0,3
1991-07-23,355.70849609375,359.994140625,355.70849609375,0.0,178
1991-07-24,355.70849609375,355.70849609375,355.70849609375,0.0,13
1991-07-25,351.4228210449219,351.4228210449219,351.4228210449219,0.0,38
1991-07-26,351.4228210449219,351.4228210449219,347.13717688583745,0.0,8
1991-07-29,351.4228210449219,351.4228210449219,351.4228210449219,0.0,53
1991-07-30,359.99407958984375,359.99407958984375,355.70843578520277,0.0,25
1991-07-31,359.99407958984375,359.99407958984375,359.99407958984375,359.99407958984375,0
1991-08-01,355.70849609375,359.994140625,355.70849609375,0.0,30
1991-08-02,355.70849609375,355.70849609375,355.70849609375,0.0,33
1991-08-05,359.99407958984375,359.99407958984375,359.99407958984375,0.0,33
1991-08-06,364.2797546386719,368.56539881089157,359.9941104664522,0.0,83
1991-08-07,364.2797546386719,364.2797546386719,355.70846629423255,0.0,460
1991-08-08,377.13665771484375,381.4223015525124,359.99408236416906,0.0,290
1991-08-09,377.13665771484375,377.13665771484375,377.13665771484375,0.0,13
1991-08-12,389.99365234375,389.99365234375,385.7080078125,0.0,60
1991-08-13,381.4223937988281,385.70803867297224,381.4223937988281,0.0,33
1991-08-14,432.85009765625,432.85009765625,394.279296875,0.0,393
1991-08-15,454.2782897949219,467.1352225249668,441.4213570648769,0.0,760
1991-08-16,445.70703125,467.13525390625,445.70703125,0.0,230
1991-08-19,437.1357116699219,437.1357116699219,415.70749050963155,0.0,215
1991-08-20,437.1357116699219,437.1357116699219,432.8500674378638,0.0,75
1991-08-21,462.8496398925781,462.8496398925781,441.42141582347733,0.0,223
1991-08-22,479.99212646484375,479.99212646484375,458.5639065333775,0.0,175
1991-08-23,488.5634765625,497.134765625,479.9921875,0.0,185
1991-08-26,479.99212646484375,484.277770451137,475.70648247855047,0.0,145
1991-08-27,471.4208679199219,479.99215642755684,471.4208679199219,0.0,28
1991-08-28,462.8496398925781,475.70657433403863,462.8496398925781,0.0,70
1991-08-29,467.1352844238281,471.42092923505595,462.84963961260036,0.0,50
1991-08-30,458.5639343261719,462.8495785722108,458.5639343261719,0.0,60
1991-09-03,458.5639343261719,462.8495785722108,454.2782900801329,0.0,58
1991-09-04,462.8496398925781,462.8496398925781,462.8496398925781,0.0,20
1991-09-05,454.2782897949219,458.5639340382702,454.2782897949219,0.0,28
1991-09-06,454.2782897949219,454.2782897949219,454.2782897949219,454.2782897949219,0
1991-09-09,458.5639343261719,458.5639343261719,449.9926458340939,0.0,50
1991-09-10,458.5639343261719,458.5639343261719,458.5639343261719,458.5639343261719,0
1991-09-11,454.2782897949219,458.5639340382702,454.2782897949219,0.0,25
1991-09-12,467.1352844238281,467.1352844238281,458.5639948013726,0.0,40
1991-09-13,471.4208679199219,471.4208679199219,467.1352236661044,0.0,28
1991-09-16,462.8496398925781,467.1352847063983,462.8496398925781,0.0,28
1991-09-17,458.5639343261719,458.5639343261719,454.2782900801329,0.0,25
1991-09-18,462.8496398925781,462.8496398925781,462.8496398925781,0.0,13
1991-09-19,458.5639343261719,462.8495785722108,458.5639343261719,0.0,25
1991-09-20,458.5639343261719,458.5639343261719,458.5639343261719,0.0,13
1991-09-23,458.5639343261719,458.5639343261719,458.5639343261719,0.0,5
1991-09-24,458.5639343261719,462.8495785722108,454.2782900801329,0.0,45
1991-09-25,458.5639343261719,458.5639343261719,454.2782900801329,0.0,28
1991-09-26,475.7065734863281,475.7065734863281,458.5639942615956,0.0,55
1991-09-27,488.5634765625,488.5634765625,479.9921875,0.0,48
1991-09-30,509.99176025390625,509.99176025390625,488.5635350331539,0.0,185
1991-10-01,548.5623779296875,548.5623779296875,514.277229309082,0.0,243
1991-10-02,552.8482055664062,561.4194955751877,552.8482055664062,0.0,145
1991-10-03,514.27734375,544.27685546875,509.99169921875,0.0,353
1991-10-04,531.4199829101562,535.7056279336252,522.8486928632183,0.0,123
1991-10-07,527.13427734375,527.13427734375,527.13427734375,0.0,18
1991-10-08,535.70556640625,535.70556640625,531.419921875,0.0,13
1991-10-09,539.9912719726562,548.5625620039683,539.9912719726562,0.0,93
1991-10-10,539.9912719726562,539.9912719726562,539.9912719726562,0.0,18
1991-10-11,535.70556640625,535.70556640625,531.419921875,0.0,50
1991-10-14,539.9912719726562,539.9912719726562,539.9912719726562,0.0,30
1991-10-15,527.13427734375,539.9912109375,514.27734375,0.0,200
1991-10-16,527.13427734375,527.13427734375,518.56298828125,0.0,65
1991-10-17,522.8486938476562,522.8486938476562,518.5630488161181,0.0,40
1991-10-18,518.5629272460938,518.5629272460938,518.5629272460938,0.0,13
1991-10-21,509.99176025390625,518.5630503422072,509.99176025390625,0.0,53
1991-10-22,505.7060852050781,509.99172999495164,501.42044041520455,0.0,38
1991-10-23,492.8491516113281,501.4204412045686,492.8491516113281,0.0,65
1991-10-24,484.2778015136719,484.2778015136719,479.99215725248894,0.0,75
1991-10-25,484.2778015136719,484.2778015136719,484.2778015136719,0.0,13
1991-10-28,505.7060852050781,505.7060852050781,484.2778612557104,0.0,185
1991-10-29,518.5629272460938,518.5629272460938,509.9916391924393,0.0,120
1991-10-30,514.27734375,522.8486328125,514.27734375,0.0,58
1991-10-31,531.4199829101562,539.9912729570942,518.5630478397492,0.0,140
1991-11-01,535.70556640625,535.70556640625,535.70556640625,0.0,28
1991-11-04,518.5629272460938,535.7055033534026,518.5629272460938,0.0,85
1991-11-05,518.5629272460938,522.8485712729209,518.5629272460938,0.0,33
1991-11-06,527.13427734375,527.13427734375,522.8486328125,0.0,135
1991-11-07,561.41943359375,561.41943359375,535.70556640625,0.0,340
1991-11-08,565.705078125,569.99072265625,565.705078125,0.0,65
1991-11-11,552.8482055664062,561.4194955751877,552.8482055664062,561.4194955751877,78
1991-11-12,574.2764282226562,578.5620732093925,552.848203288975,557.1338482757113,155
1991-11-13,608.5615844726562,612.8472294337313,582.847714706206,582.847714706206,1423
1991-11-14,629.9896850585938,642.8466174067283,625.7040409425489,638.5609732906835,725
1991-11-15,569.99072265625,647.13232421875,569.99072265625,638.56103515625,888
1991-11-18,591.4190063476562,591.4190063476562,561.4194915329201,561.4194915329201,208
1991-11-19,557.1337890625,599.990234375,552.84814453125,599.990234375,253
1991-11-20,561.41943359375,569.99072265625,557.1337890625,561.41943359375,93
1991-11-21,557.1337890625,561.41943359375,557.1337890625,561.41943359375,48
1991-11-22,561.41943359375,569.99072265625,557.1337890625,561.41943359375,110
1991-11-25,574.2764282226562,574.2764282226562,561.4194932624475,565.7051382491837,210
1991-11-26,569.99072265625,582.84765625,569.99072265625,582.84765625,108
1991-11-27,565.705078125,569.99072265625,565.705078125,569.99072265625,55
1991-11-29,574.2764282226562,574.2764282226562,561.4194932624475,561.4194932624475,33
1991-12-02,595.70458984375,595.70458984375,578.56201171875,578.56201171875,60
1991-12-03,582.8475952148438,599.9901715446921,582.8475952148438,599.9901715446921,35
1991-12-04,574.2764282226562,578.5620732093925,574.2764282226562,578.5620732093925,20
1991-12-05,578.5620727539062,578.5620727539062,578.5620727539062,578.5620727539062,3
1991-12-06,595.70458984375,595.70458984375,574.2763671875,582.84765625,78
1991-12-09,591.4190063476562,595.70465132119,591.4190063476562,595.70465132119,25
1991-12-10,591.4190063476562,591.4190063476562,591.4190063476562,591.4190063476562,3
1991-12-11,582.8475952148438,591.4188833797679,582.8475952148438,587.1332392973057,45
1991-12-12,599.990234375,599.990234375,591.4189453125,591.4189453125,65
1991-12-13,599.990234375,608.5615234375,599.990234375,608.5615234375,63
1991-12-16,599.990234375,599.990234375,595.70458984375,595.70458984375,43
1991-12-17,599.990234375,604.27587890625,595.70458984375,595.70458984375,30
1991-12-18,599.990234375,599.990234375,595.70458984375,595.70458984375,23
1991-12-19,591.4190063476562,591.4190063476562,587.1333613741225,591.4190063476562,63
1991-12-20,604.27587890625,604.27587890625,582.84765625,582.84765625,140
1991-12-23,647.1322631835938,647.1322631835938,599.9901777861135,599.9901777861135,98
1991-12-24,651.4178466796875,651.4178466796875,647.1322029515317,651.4178466796875,85
1991-12-26,647.1322631835938,651.4179073106375,642.8466190565501,651.4179073106375,48
1991-12-27,642.8466796875,642.8466796875,642.8466796875,642.8466796875,25
1991-12-30,659.9893188476562,659.9893188476562,647.1323840649097,647.1323840649097,205
1991-12-31,638.56103515625,659.9892578125,638.56103515625,655.70361328125,123
1992-01-02,625.7040405273438,634.2753287537457,625.7040405273438,634.2753287537457,180
1992-01-03,617.1327514648438,629.989683787028,608.5614632500542,629.989683787028,98
1992-01-06,625.7040405273438,625.7040405273438,621.4183964141428,621.4183964141428,105
1992-01-07,634.275390625,634.275390625,621.41845703125,621.41845703125,263
1992-01-08,642.8466796875,655.70361328125,634.275390625,638.56103515625,215
1992-01-09,668.5604858398438,677.1317741198418,642.8466209998498,642.8466209998498,258
1992-01-10,707.13134765625,719.98828125,689.98876953125,694.2744140625,550
1992-01-13,719.9881591796875,719.9881591796875,707.1312277657645,719.9881591796875,343
1992-01-14,715.7025146484375,724.2738022490175,707.1312270478574,719.9881584487275,83
1992-01-15,715.7025146484375,719.9881584487275,707.1312270478574,719.9881584487275,310
1992-01-16,707.13134765625,715.70263671875,694.2744140625,715.70263671875,215
1992-01-17,745.7020263671875,754.2733140265805,702.8455880702227,702.8455880702227,598
1992-01-20,801.41552734375,809.98681640625,749.98779296875,749.98779296875,840
1992-01-21,754.2733154296875,814.2723291570491,745.7020277543502,814.2723291570491,358
1992-01-22,767.1303100585938,775.7015984391368,749.9877332975079,754.2733774877794,208
1992-01-23,775.7017211914062,779.987366059867,771.4160763229454,779.987366059867,395
1992-01-24,839.986328125,844.27197265625,771.416015625,779.9873046875,725
1992-01-27,861.4144897460938,869.9857782012788,827.1293359253536,839.9862686081312,478
1992-01-28,861.4144897460938,878.5570666564637,861.4144897460938,869.9857782012788,338
1992-01-29,788.5585327148438,857.1288399074389,788.5585327148438,852.8431957079016,553
1992-01-30,745.7020263671875,779.9871770047594,745.7020263671875,758.558957856277,598
1992-01-31,762.8447875976562,767.1304324718003,732.8452734786473,732.8452734786473,270
1992-02-03,775.7017211914062,775.7017211914062,754.2734968491022,762.8447865860238,118
1992-02-04,822.8436889648438,822.8436889648438,784.2728910446167,788.5585352579752,138
1992-02-05,857.1288452148438,887.1283547973633,827.1293356323242,831.4149798583985,463
1992-02-06,835.7005615234375,865.7000688601763,831.4149176181891,857.1287810496794,390
1992-02-07,874.2714233398438,882.8427118039598,844.2719137154373,844.2719137154373,283
1992-02-10,904.2709350585938,908.5565793005776,878.5570696066906,882.8427138486744,403
1992-02-11,1071.4111328125,1079.982421875,908.556640625,908.556640625,3370
1992-02-12,1122.8388671875,1148.552734375,1071.4111328125,1135.69580078125,2390
1992-02-13,1174.2664794921875,1208.5516321780908,1131.4100386348084,1131.4100386348084,1158
1992-02-14,1148.5528564453125,1182.8380163392023,1131.4102764983675,1174.26672636573,435
1992-02-18,1144.2672119140625,1174.2667268331577,1097.1251170411986,1131.4102769487358,550
1992-02-19,1118.552978515625,1139.9811964948515,1075.6965425571718,1139.9811964948515,548
1992-02-20,1118.552978515625,1122.8386221114704,1101.4104041322437,1122.8386221114704,435
1992-02-21,1079.9825439453125,1118.5533490862165,1067.1256088983446,1114.2677040705605,288
1992-02-24,1088.5537109375,1088.5537109375,1075.69677734375,1079.982421875,88
1992-02-25,1157.1241455078125,1165.695435474537,1092.8394707573784,1092.8394707573784,415
1992-02-26,1371.4061279296875,1371.4061279296875,1169.9808528900146,1169.9808528900146,1175
1992-02-27,1448.5478515625,1508.546875,1379.9775390625,1422.833984375,2035
1992-02-28,1572.8311767578125,1577.1168202912127,1439.9762272224116,1439.9762272224116,1728
1992-03-02,1834.2557373046875,1834.2557373046875,1594.259659526504,1594.259659526504,3333
1992-03-03,1714.2576904296875,2022.8240747070313,1714.2576904296875,1859.969594116211,2833
1992-03-04,1611.40234375,1662.830078125,1482.8330078125,1654.2587890625,3363
1992-03-05,1645.6873779296875,1701.4007527033486,1534.2606283823648,1611.4022242228189,1090
1992-03-06,1714.2576904296875,1735.6859115600587,1628.5448059082032,1628.5448059082032,538
1992-03-09,1662.830078125,1714.2578125,1662.830078125,1714.2578125,298
1992-03-10,1637.1160888671875,1675.6868867724352,1628.544800443799,1671.4012425607411,263
1992-03-11,1572.8311767578125,1628.544542692013,1564.2598896910124,1628.544542692013,373
1992-03-12,1714.2576904296875,1739.971555786133,1568.5457867431642,1568.5457867431642,655
1992-03-13,1645.6873779296875,1761.3997716903687,1628.5448010762532,1748.542839050293,723
1992-03-16,1662.830078125,1688.5439453125,1654.2587890625,1675.68701171875,243
1992-03-17,1667.11572265625,1675.68701171875,1654.2587890625,1662.830078125,168
1992-03-18,1705.6864013671875,1748.5428436125942,1667.1156033463214,1667.1156033463214,540
1992-03-19,1701.40087890625,1714.2578125,1701.40087890625,1714.2578125,195
1992-03-20,1722.8289794921875,1778.5423544508901,1709.97204680941,1709.97204680941,533
1992-03-23,1782.828125,1782.828125,1727.11474609375,1727.11474609375,355
1992-03-24,1868.5411376953125,1954.254033919868,1782.828241470757,1782.828241470757,1230
1992-03-25,1937.1112060546875,1988.5389371888828,1911.3973404875899,1928.5399175323216,1058
1992-03-26,1997.1103515625,2018.53857421875,1945.6826171875,1954.25390625,903
1992-03-27,1855.683837890625,2001.3957327827295,1842.8269059883805,1997.1100888153146,1010
1992-03-30,1829.9703369140625,1894.2550091709968,1722.8292164858387,1855.684205816836,948
1992-03-31,1851.3985595703125,1881.3980732670539,1812.8277562459311,1821.3990458735714,463
1992-04-01,1817.1131591796875,1842.8270246397774,1799.9705822062942,1834.2557361530808,455
1992-04-02,1739.9715576171875,1799.9705768453664,1731.400269156019,1799.9705768453664,550
1992-04-03,1658.5445556640625,1722.82922836422,1637.1163314306766,1697.115359284157,898
1992-04-06,1761.39990234375,1774.2568359375,1697.115234375,1697.115234375,402
1992-04-07,1761.39990234375,1941.39697265625,1748.54296875,1799.970703125,873
1992-04-08,1632.8306884765625,1761.400034025898,1619.973753921629,1671.4014921413632,741
1992-04-09,1761.39990234375,1812.82763671875,1645.6875,1645.6875,583
1992-04-10,1851.3985595703125,1941.3971006605361,1825.6846906873916,1851.3985595703125,598
1992-04-13,1877.1123046875,1902.826171875,1864.25537109375,1864.25537109375,295
1992-04-14,1825.6844482421875,1902.8260446467868,1825.6844482421875,1877.112179178587,543
1992-04-15,1645.6873779296875,1864.2552328109741,1632.8304452896118,1851.3983001708984,636
1992-04-16,1542.83203125,1697.115234375,1427.11962890625,1645.6875,1243
1992-04-20,1272.8363037109375,1517.1180185645517,1272.8363037109375,1504.2610862038352,935
1992-04-21,1375.6917724609375,1439.9764347254672,1234.265515478972,1234.265515478972,1061
1992-04-22,1375.6917724609375,1439.9764347254672,1337.1209751022197,1401.4056373667495,583
1992-04-23,1272.8363037109375,1362.8348302359532,1259.9793713502208,1362.8348302359532,381
1992-04-24,1285.693359375,1337.12109375,1285.693359375,1285.693359375,203
1992-04-27,1362.834716796875,1388.5485793779483,1285.6931290536556,1285.6931290536556,265
1992-04-28,1414.2626953125,1439.9765625,1375.69189453125,1375.69189453125,188
1992-04-29,1491.404052734375,1529.9748472016433,1427.1193952889278,1427.1193952889278,407
1992-04-30,1529.97509765625,1542.83203125,1491.404296875,1491.404296875,259
1992-05-01,1439.976318359375,1542.831769670759,1414.262455531529,1529.974838256836,263
1992-05-04,1491.404052734375,1542.8317786907328,1439.9763267780172,1439.9763267780172,304
1992-05-05,1529.97509765625,1529.97509765625,1478.54736328125,1517.1181640625,273
1992-05-06,1568.5457763671875,1568.5457763671875,1529.9749785876663,1542.83191118084,270
1992-05-07,1619.9737548828125,1658.5445585704986,1594.2598857576886,1594.2598857576886,316
1992-05-08,1632.8306884765625,1645.687623031496,1632.8306884765625,1645.687623031496,197
1992-05-11,1607.11669921875,1645.6875,1607.11669921875,1645.6875,86
1992-05-12,1555.6890869140625,1568.5460215166581,1504.2613485036802,1555.6890869140625,343
1992-05-13,1645.6873779296875,1658.5443105697632,1555.6888494491577,1568.5457820892334,391
1992-05-14,1632.8306884765625,1658.5445575864296,1607.1168193666954,1658.5445575864296,164
1992-05-15,1632.8306884765625,1632.8306884765625,1607.1168193666954,1619.973753921629,87
1992-05-18,1555.6890869140625,1632.8306945296358,1529.9752177088715,1619.9737599270402,169
1992-05-19,1414.2626953125,1555.68896484375,1401.40576171875,1542.83203125,412
1992-05-20,1594.2596435546875,1594.2596435546875,1427.1195196336316,1439.9764522429437,422
1992-05-21,1542.83203125,1722.8291015625,1452.83349609375,1581.40283203125,939
1992-05-22,1581.403076171875,1581.403076171875,1555.6892050146087,1568.546140593242,235
1992-05-26,1491.404052734375,1594.2595046470906,1478.5471212452856,1594.2595046470906,248
1992-05-27,1427.1197509765625,1478.5474897504928,1401.4058815895976,1478.5474897504928,362
1992-05-28,1414.2626953125,1452.83349609375,1414.2626953125,1427.11962890625,205
1992-05-29,1439.976318359375,1465.690181187221,1427.119386945452,1427.119386945452,185
1992-06-01,1581.403076171875,1632.8308184864075,1478.5475915428099,1478.5475915428099,606
1992-06-02,1619.9737548828125,1658.5445585704986,1568.5460166325645,1645.6876240079366,558
1992-06-03,1542.83203125,1607.11669921875,1542.83203125,1607.11669921875,71
1992-06-04,1542.83203125,1542.83203125,1491.404296875,1517.1181640625,177
1992-06-05,1529.97509765625,1568.5458984375,1517.1181640625,1555.68896484375,143
1992-06-08,1504.2613525390625,1504.2613525390625,1465.6905486278047,1491.4044179019766,65
1992-06-09,1427.1197509765625,1491.4044244439754,1427.1197509765625,1491.4044244439754,150
1992-06-10,1439.976318359375,1465.690181187221,1414.262455531529,1465.690181187221,482
1992-06-11,1504.2613525390625,1529.9752218132346,1401.4058754423745,1452.8336139907185,265
1992-06-12,1491.404052734375,1491.404052734375,1465.690189756196,1491.404052734375,42
1992-06-15,1439.976318359375,1491.404044015067,1439.976318359375,1491.404044015067,137
1992-06-16,1439.976318359375,1452.8332497732981,1427.119386945452,1427.119386945452,40
1992-06-17,1375.6917724609375,1427.1195022725612,1362.8348400080315,1427.1195022725612,104
1992-06-18,1247.122314453125,1311.4069698373066,1208.551521222616,1311.4069698373066,833
1992-06-19,1272.8363037109375,1337.12096551452,1272.8363037109375,1311.407100793087,230
1992-06-22,1234.2655029296875,1272.8362998962402,1169.9808413187664,1272.8362998962402,320
1992-06-23,1285.693359375,1285.693359375,1208.5517578125,1221.40869140625,159
1992-06-24,1221.4085693359375,1311.4070954975327,1208.551637027138,1285.6932308799342,139
1992-06-25,1234.2655029296875,1259.979367574056,1221.4085706075032,1221.4085706075032,59
1992-06-26,1208.5517578125,1234.265625,1208.5517578125,1208.5517578125,120
1992-06-29,1311.4072265625,1311.4072265625,1221.40869140625,1221.40869140625,161
1992-06-30,1427.1197509765625,1504.261359137458,1298.550404041737,1298.550404041737,548
1992-07-01,1491.404052734375,1504.2609842234644,1427.1193952889278,1439.9763267780172,393
1992-07-02,1452.83349609375,1529.97509765625,1439.9765625,1517.1181640625,455
1992-07-06,1388.548828125,1452.83349609375,1375.69189453125,1452.83349609375,273
1992-07-07,1298.550048828125,1388.5485670637377,1272.8361864750927,1375.6916358872215,246
1992-07-08,1259.9793701171875,1298.5501671615912,1234.2655054209183,1298.5501671615912,412
1992-07-09,1324.2640380859375,1349.9779029031401,1259.9793760429309,1259.9793760429309,164
1992-07-10,1311.4072265625,1311.4072265625,1298.55029296875,1311.4072265625,53
1992-07-13,1311.4072265625,1324.26416015625,1298.55029296875,1298.55029296875,60
1992-07-14,1272.8363037109375,1324.2640331538037,1272.8363037109375,1311.407100793087,88
1992-07-15,1285.693359375,1311.4072265625,1259.9794921875,1285.693359375,248
1992-07-16,1285.693359375,1311.4072265625,1272.83642578125,1298.55029296875,133
1992-07-17,1298.550048828125,1311.4069800046411,1285.6931176516089,1285.6931176516089,114
1992-07-20,1298.550048828125,1324.2639111811573,1272.8361864750927,1298.550048828125,138
1992-07-21,1311.4072265625,1324.26416015625,1311.4072265625,1311.4072265625,23
1992-07-22,1349.97802734375,1362.8349609375,1298.55029296875,1298.55029296875,94
1992-07-23,1362.834716796875,1375.6916480874117,1349.9777855063385,1362.834716796875,63
1992-07-24,1349.97802734375,1362.8349609375,1337.12109375,1349.97802734375,53
1992-07-27,1401.40576171875,1427.11962890625,1362.8349609375,1375.69189453125,218
1992-07-28,1529.97509765625,1542.83203125,1388.548828125,1414.2626953125,563
1992-07-29,1684.25830078125,1748.54296875,1645.6875,1671.4013671875,2189
1992-07-30,1658.5445556640625,1709.9722938241885,1619.973752043968,1709.9722938241885,973
1992-07-31,1632.8306884765625,1658.5445575864296,1619.973753921629,1658.5445575864296,169
1992-08-03,1671.401123046875,1671.401123046875,1568.5456693209135,1619.9733961838942,336
1992-08-04,1632.8306884765625,1684.2584266962967,1632.8306884765625,1671.4014921413632,333
1992-08-05,1581.403076171875,1619.9738829077744,1568.546140593242,1619.9738829077744,190
1992-08-06,1594.2596435546875,1607.1165761639995,1594.2596435546875,1607.1165761639995,98
1992-08-07,1581.403076171875,1607.1169473291413,1568.546140593242,1594.260011750508,230
1992-08-10,1427.1197509765625,1581.4029672983531,1427.1197509765625,1581.4029672983531,254
1992-08-11,1517.1180419921875,1517.1180419921875,1414.262581518141,1414.262581518141,308
1992-08-12,1619.9737548828125,1722.8292313833085,1491.4044092571926,1645.6876240079366,3942
1992-08-13,1697.115234375,1851.3984375,1645.6875,1671.4013671875,1235
1992-08-14,1619.9737548828125,1748.5431005084326,1568.5460166325645,1697.1153622581846,499
1992-08-17,1568.5457763671875,1645.6873719262294,1568.5457763671875,1619.9735067398822,211
1992-08-18,1542.83203125,1594.259765625,1542.83203125,1594.259765625,148
1992-08-19,1414.2626953125,1542.83203125,1362.8349609375,1542.83203125,414
1992-08-20,1414.2626953125,1517.1181640625,1388.548828125,1439.9765625,234
1992-08-21,1439.976318359375,1439.976318359375,1414.262455531529,1414.262455531529,75
1992-08-24,1517.1180419921875,1517.1180419921875,1439.9764466366526,1439.9764466366526,132
1992-08-25,1465.6903076171875,1517.1180377090186,1465.6903076171875,1517.1180377090186,109
1992-08-26,1465.6903076171875,1491.404172663103,1439.976442571272,1491.404172663103,62
1992-08-27,1439.976318359375,1491.404044015067,1439.976318359375,1491.404044015067,50
1992-08-28,1491.404052734375,1491.404052734375,1439.9763267780172,1465.690189756196,48
1992-08-31,1388.548828125,1465.6904296875,1388.548828125,1465.6904296875,92
1992-09-01,1439.976318359375,1439.976318359375,1388.5485927036832,1388.5485927036832,80
1992-09-02,1465.6903076171875,1465.6903076171875,1439.976442571272,1465.6903076171875,31
1992-09-03,1465.6903076171875,1491.404172663103,1439.976442571272,1439.976442571272,150
1992-09-04,1491.404052734375,1542.8317786907328,1465.690189756196,1491.404052734375,59
1992-09-08,1491.404052734375,1542.8317786907328,1465.690189756196,1517.117915712554,53
1992-09-09,1517.1180419921875,1517.1180419921875,1491.4041768736759,1517.1180419921875,30
1992-09-10,1465.6903076171875,1491.404172663103,1465.6903076171875,1491.404172663103,72
1992-09-11,1465.6903076171875,1491.404172663103,1439.976442571272,1465.6903076171875,35
1992-09-14,1465.6903076171875,1491.404172663103,1439.976442571272,1491.404172663103,86
1992-09-15,1388.548828125,1439.9765625,1362.8349609375,1414.2626953125,128
1992-09-16,1388.548828125,1414.2626953125,1337.12109375,1388.548828125,87
1992-09-17,1388.548828125,1414.2626953125,1362.8349609375,1414.2626953125,29
1992-09-18,1285.693359375,1414.2626953125,1182.837890625,1414.2626953125,245
1992-09-21,1234.2655029296875,1285.6932322184246,1234.2655029296875,1259.979367574056,83
1992-09-22,1234.2655029296875,1285.6932322184246,1234.2655029296875,1259.979367574056,46
1992-09-23,1311.4072265625,1311.4072265625,1259.9794921875,1259.9794921875,52
1992-09-24,1311.4072265625,1337.12109375,1285.693359375,1337.12109375,31
1992-09-25,1234.2655029296875,1285.6932322184246,1234.2655029296875,1285.6932322184246,30
1992-09-28,1285.693359375,1285.693359375,1234.265625,1234.265625,11
1992-09-29,1234.2655029296875,1259.979367574056,1234.2655029296875,1234.2655029296875,24
1992-09-30,1234.2655029296875,1259.979367574056,1234.2655029296875,1259.979367574056,15
1992-10-01,1105.6964111328125,1234.2657612645348,1054.2686710801236,1208.5518912381904,215
1992-10-02,1131.41015625,1157.1240234375,1105.6962890625,1131.41015625,60
1992-10-05,1079.9825439453125,1105.6964140392486,977.1270635695685,1105.6964140392486,196
1992-10-06,1105.6964111328125,1105.6964111328125,1079.982541106468,1105.6964111328125,20
1992-10-07,1079.9825439453125,1105.6964140392486,1079.9825439453125,1079.9825439453125,44
1992-10-08,1105.6964111328125,1105.6964111328125,1054.2686710801236,1079.982541106468,18
1992-10-09,1105.6964111328125,1105.6964111328125,1054.2686710801236,1079.982541106468,39
1992-10-12,1157.1241455078125,1182.8380154079862,1131.4102756076388,1131.4102756076388,27
1992-10-13,1208.5517578125,1259.9794921875,1182.837890625,1182.837890625,64
1992-10-14,1259.9793701171875,1259.9793701171875,1208.5516407246494,1208.5516407246494,107
1992-10-15,1234.2655029296875,1285.6932322184246,1208.551638285319,1285.6932322184246,55
1992-10-16,1208.5517578125,1234.265625,1208.5517578125,1208.5517578125,42
1992-10-19,1182.8380126953125,1208.551882536515,1157.12414285411,1208.551882536515,50
1992-10-20,1208.5517578125,1259.9794921875,1208.5517578125,1208.5517578125,28
1992-10-21,1234.2655029296875,1311.407096862793,1234.2655029296875,1234.2655029296875,49
1992-10-22,1234.2655029296875,1234.2655029296875,1208.551638285319,1208.551638285319,35
1992-10-23,1234.2655029296875,1259.979367574056,1234.2655029296875,1259.979367574056,38
1992-10-26,1311.4072265625,1311.4072265625,1208.5517578125,1259.9794921875,70
1992-10-27,1568.5457763671875,1568.5457763671875,1285.6932593173667,1285.6932593173667,136
1992-10-28,1722.8289794921875,1722.8289794921875,1568.5457872988572,1645.6873833955224,560
1992-10-29,1774.2569580078125,1825.6846959210825,1722.8292200945425,1774.2569580078125,411
1992-10-30,1645.6873779296875,1722.8289737701416,1594.2596473693848,1697.1151084899902,197
1992-11-02,1517.1180419921875,1645.687367584746,1491.4041768736759,1645.687367584746,85
1992-11-03,1568.5457763671875,1594.2596415535347,1465.6903156217982,1491.4041808081454,32
1992-11-04,1645.6873779296875,1697.1151084899902,1619.9735126495361,1619.9735126495361,81
1992-11-05,1619.9737548828125,1671.4014931330605,1594.2598857576886,1671.4014931330605,48
1992-11-06,1671.401123046875,1722.8288499098558,1645.6872596153846,1645.6872596153846,45
1992-11-09,1825.6844482421875,1825.6844482421875,1671.4012554329884,1671.4012554329884,168
1992-11-10,1722.8289794921875,1902.8260370510727,1722.8289794921875,1851.3983063199626,228
1992-11-11,2314.248291015625,2391.389900716146,1954.2541124131944,1954.2541124131944,1929
1992-11-12,2468.531005859375,2725.66965230306,2391.3894119262695,2494.2448705037436,1499
1992-11-13,2365.676025390625,2545.6731142790422,2314.24828570822,2494.2453745966372,379
1992-11-16,2442.817138671875,2494.244867907072,2339.9616802014802,2365.675544819079,263
1992-11-17,2417.103515625,2442.8173828125,2391.3896484375,2391.3896484375,135
1992-11-18,2314.248291015625,2442.817640516493,2185.678941514757,2442.817640516493,231
1992-11-19,2262.8203125,2339.9619140625,2237.1064453125,2339.9619140625,102
1992-11-20,2262.8203125,2288.5341796875,2262.8203125,2262.8203125,81
1992-11-23,2134.2509765625,2262.8203125,2134.2509765625,2262.8203125,128
1992-11-24,2365.676025390625,2365.676025390625,2134.251196819803,2134.251196819803,210
1992-11-25,2288.534423828125,2468.5315133426966,2288.534423828125,2417.1037734813904,113
1992-11-27,2237.10595703125,2262.819818606322,2134.2505107309626,2262.819818606322,65
1992-11-30,2211.392822265625,2237.1066922919695,2134.2512121865916,2237.1066922919695,106
1992-12-01,2159.965087890625,2211.392828078497,2159.965087890625,2211.392828078497,78
1992-12-02,2314.248291015625,2365.6760308159724,2159.9650716145834,2159.9650716145834,135
1992-12-03,2134.2509765625,2339.9619140625,2134.2509765625,2314.248046875,86
1992-12-04,2262.8203125,2314.248046875,2185.6787109375,2185.6787109375,98
1992-12-07,2237.10595703125,2339.9614033315374,2211.392095456178,2288.5336801813937,109
1992-12-08,2339.9619140625,2339.9619140625,2237.1064453125,2262.8203125,125
1992-12-09,2314.248291015625,2365.6760308159724,2288.5344211154516,2339.9621609157984,78
1992-12-10,2314.248291015625,2365.6760308159724,2262.8205512152776,2288.5344211154516,60
1992-12-11,2288.534423828125,2314.248293758778,2288.534423828125,2314.248293758778,24
1992-12-14,2262.8203125,2314.248046875,2262.8203125,2314.248046875,36
1992-12-15,2159.965087890625,2288.534438360305,2159.965087890625,2288.534438360305,106
1992-12-16,2159.965087890625,2211.392828078497,2134.251217796689,2159.965087890625,53
1992-12-17,2211.392822265625,2237.1066922919695,2082.8234721339027,2134.2512121865916,114
1992-12-18,2134.2509765625,2185.6787109375,2134.2509765625,2185.6787109375,45
1992-12-21,2082.8232421875,2159.96484375,2031.3955078125,2134.2509765625,168
1992-12-22,2108.537109375,2108.537109375,2057.109375,2082.8232421875,57
1992-12-23,2005.6815185546875,2057.1092497996797,2005.6815185546875,2057.1092497996797,66
1992-12-24,2031.3953857421875,2057.1092513844937,2005.6815200998815,2031.3953857421875,65
1992-12-28,2057.109375,2108.537109375,2005.681640625,2057.109375,60
1992-12-29,2005.6815185546875,2031.3953841771836,1979.9676529321916,2031.3953841771836,28
1992-12-30,1954.25390625,2005.681640625,1928.5400390625,1954.25390625,98
1992-12-31,1954.25390625,1979.9677734375,1877.1123046875,1954.25390625,165
1993-01-04,1954.25390625,1979.9677734375,1928.5400390625,1928.5400390625,38
1993-01-05,1928.5400390625,1979.9677734375,1928.5400390625,1928.5400390625,70
1993-01-06,2134.2509765625,2211.392578125,1902.826171875,1902.826171875,270
1993-01-07,2262.8203125,2417.103515625,2159.96484375,2159.96484375,354
1993-01-08,2288.534423828125,2417.1037734813904,2237.1066839668188,2314.248293758778,240
1993-01-11,2237.10595703125,2262.819818606322,2211.392095456178,2237.10595703125,76
1993-01-12,2262.8203125,2262.8203125,2185.6787109375,2185.6787109375,58
1993-01-13,2391.3896484375,2391.3896484375,2262.8203125,2314.248046875,158
1993-01-14,2494.24462890625,2571.386215367268,2442.816904598905,2442.816904598905,282
1993-01-15,2391.3896484375,2545.6728515625,2391.3896484375,2545.6728515625,130
1993-01-18,2365.676025390625,2391.3898952318273,2365.676025390625,2365.676025390625,25
1993-01-19,2314.248291015625,2391.389900716146,2288.5344211154516,2365.6760308159724,70
1993-01-20,2314.248291015625,2314.248291015625,2262.8205512152776,2288.5344211154516,45
1993-01-21,2314.248291015625,2339.9621609157984,2288.5344211154516,2288.5344211154516,28
1993-01-22,2288.534423828125,2339.9621636894312,2262.8205538974717,2339.9621636894312,45
1993-01-25,2262.8203125,2262.8203125,2237.1064453125,2262.8203125,65
1993-01-26,2237.10595703125,2365.6752649066093,2237.10595703125,2314.2475417564656,100
1993-01-27,2159.965087890625,2237.106698172433,2159.965087890625,2211.392828078497,137
1993-01-28,2159.965087890625,2159.965087890625,2134.251217796689,2134.251217796689,28
1993-01-29,2134.2509765625,2134.2509765625,2134.2509765625,2134.2509765625,0
1993-02-01,2237.10595703125,2237.10595703125,2159.9643723060344,2159.9643723060344,40
1993-02-02,2159.965087890625,2237.106698172433,2159.965087890625,2237.106698172433,48
1993-02-03,2185.6787109375,2185.6787109375,2134.2509765625,2185.6787109375,31
1993-02-04,2185.6787109375,2211.392578125,2134.2509765625,2134.2509765625,109
1993-02-05,2185.6787109375,2211.392578125,2159.96484375,2185.6787109375,105
1993-02-08,2365.676025390625,2365.676025390625,2185.6789365022078,2185.6789365022078,284
1993-02-09,2391.3896484375,2494.2451171875,2365.67578125,2468.53125,177
1993-02-10,2262.8203125,2417.103515625,2211.392578125,2391.3896484375,110
1993-02-11,2211.392822265625,2288.5344323446584,2211.392822265625,2237.1066922919695,90
1993-02-12,1697.115234375,1851.3984375,1619.9736328125,1851.3984375,813
1993-02-16,1568.5457763671875,1697.115102298924,1542.83191118084,1697.115102298924,272
1993-02-17,1594.2596435546875,1645.6873739919356,1568.5457783360634,1568.5457783360634,100
1993-02-18,1594.2596435546875,1697.1151044291835,1594.2596435546875,1645.6873739919356,133
1993-02-19,1645.6873779296875,1671.4012432098389,1619.9735126495361,1619.9735126495361,50
1993-02-22,1645.6873779296875,1697.1151084899902,1645.6873779296875,1697.1151084899902,39
1993-02-23,1671.401123046875,1722.8288499098558,1645.6872596153846,1697.1149864783654,56
1993-02-24,1722.8289794921875,1722.8289794921875,1671.4012487610773,1697.1151141266323,104
1993-02-25,1774.2569580078125,1774.2569580078125,1748.5430890511775,1748.5430890511775,46
1993-02-26,1851.3985595703125,1877.1124284532336,1799.9708218044707,1799.9708218044707,121
1993-03-01,1851.3985595703125,1902.8262973361545,1825.6846906873916,1877.1124284532336,59
1993-03-02,1825.6844482421875,1877.112179178587,1825.6844482421875,1825.6844482421875,25
1993-03-03,1748.5428466796875,1799.9705774643842,1748.5428466796875,1799.9705774643842,52
1993-03-04,1722.8289794921875,1748.5428448577425,1722.8289794921875,1722.8289794921875,14
1993-03-05,1722.8289794921875,1722.8289794921875,1697.1151141266323,1697.1151141266323,18
1993-03-08,1697.115234375,1722.8291015625,1671.4013671875,1697.115234375,25
1993-03-09,1774.2569580078125,1799.9708269644475,1722.8292200945425,1722.8292200945425,86
1993-03-10,1799.970458984375,1825.6843226841518,1774.2565952845982,1774.2565952845982,47
1993-03-11,1799.970458984375,1825.6843226841518,1774.2565952845982,1825.6843226841518,10
1993-03-12,1748.5428466796875,1774.2567120720357,1671.4012505026424,1774.2567120720357,66
1993-03-15,1825.6844482421875,1825.6844482421875,1748.542851837588,1748.542851837588,35
1993-03-16,1928.5400390625,2031.3955078125,1851.3984375,1851.3984375,212
1993-03-17,1851.3985595703125,1979.9679039849177,1851.3985595703125,1928.5401662190757,84
1993-03-18,1928.5400390625,1954.25390625,1877.1123046875,1877.1123046875,50
1993-03-19,1799.970458984375,1902.825913783482,1799.970458984375,1877.1120500837053,84
1993-03-22,1825.6844482421875,1825.6844482421875,1774.2567173057878,1825.6844482421875,84
1993-03-23,1877.1123046875,1928.5400390625,1851.3984375,1851.3984375,34
1993-03-24,1851.3985595703125,1902.8262973361545,1825.6846906873916,1902.8262973361545,43
1993-03-25,1851.3985595703125,1902.8262973361545,1851.3985595703125,1851.3985595703125,21
1993-03-26,1799.970458984375,1851.3981863839285,1774.2565952845982,1851.3981863839285,37
1993-03-29,1799.970458984375,1825.6843226841518,1774.2565952845982,1774.2565952845982,12
1993-03-30,1799.970458984375,1825.6843226841518,1799.970458984375,1825.6843226841518,16
1993-03-31,1825.6844482421875,1851.3983137103871,1799.9705827739876,1799.9705827739876,15
1993-04-01,1877.1123046875,1877.1123046875,1851.3984375,1877.1123046875,19
1993-04-02,1799.970458984375,1877.1120500837053,1774.2565952845982,1877.1120500837053,58
1993-04-05,1851.3985595703125,1851.3985595703125,1799.9708218044707,1799.9708218044707,29
1993-04-06,1928.5400390625,2005.681640625,1851.3984375,1851.3984375,140
1993-04-07,1877.1123046875,1954.25390625,1877.1123046875,1902.826171875,74
1993-04-08,1851.3985595703125,1902.8262973361545,1825.6846906873916,1902.8262973361545,25
1993-04-12,1851.3985595703125,1928.5401662190757,1851.3985595703125,1902.8262973361545,34
1993-04-13,1825.6844482421875,1877.112179178587,1825.6844482421875,1851.3983137103871,41
1993-04-14,1825.6844482421875,1877.112179178587,1825.6844482421875,1825.6844482421875,20
1993-04-15,1799.970458984375,1825.6843226841518,1748.5427315848212,1799.970458984375,79
1993-04-16,1851.3985595703125,1851.3985595703125,1825.6846906873916,1825.6846906873916,45
1993-04-19,1877.1123046875,1877.1123046875,1851.3984375,1851.3984375,31
1993-04-20,1851.3985595703125,1877.1124284532336,1825.6846906873916,1851.3985595703125,64
1993-04-21,1902.8262939453125,1902.8262939453125,1877.1124251082138,1877.1124251082138,49
1993-04-22,1851.3985595703125,1902.8262973361545,1851.3985595703125,1877.1124284532336,19
1993-04-23,1902.8262939453125,1902.8262939453125,1851.398556271115,1877.1124251082138,48
1993-04-26,1877.1123046875,1954.25390625,1877.1123046875,1902.826171875,104
1993-04-27,1954.25390625,1979.9677734375,1877.1123046875,1902.826171875,42
1993-04-28,1954.25390625,1979.9677734375,1928.5400390625,1928.5400390625,32
1993-04-29,1902.8262939453125,1954.2540316195102,1902.8262939453125,1928.5401627824115,33
1993-04-30,1877.1123046875,1928.5400390625,1851.3984375,1877.1123046875,31
1993-05-03,1954.25390625,1979.9677734375,1877.1123046875,1877.1123046875,84
1993-05-04,1979.9676513671875,1979.9676513671875,1979.9676513671875,1979.9676513671875,38
1993-05-05,1979.9676513671875,2005.6815169693589,1954.2537857650163,1979.9676513671875,42
1993-05-06,1954.25390625,1954.25390625,1954.25390625,1954.25390625,6
1993-05-07,1979.9676513671875,1979.9676513671875,1954.2537857650163,1954.2537857650163,18
1993-05-10,2031.3953857421875,2031.3953857421875,2005.6815200998815,2005.6815200998815,69
1993-05-11,2185.6787109375,2185.6787109375,2031.3955078125,2031.3955078125,109
1993-05-12,2262.8203125,2314.248046875,2134.2509765625,2185.6787109375,229
1993-05-13,2159.965087890625,2288.534438360305,2159.965087890625,2262.8205682663693,113
1993-05-14,2237.10595703125,2314.2475417564656,2159.9643723060344,2185.6782338811063,73
1993-05-17,2262.8203125,2339.9619140625,2262.8203125,2262.8203125,72
1993-05-18,2262.8203125,2365.67578125,2262.8203125,2288.5341796875,56
1993-05-19,2237.10595703125,2288.5336801813937,2159.9643723060344,2288.5336801813937,82
1993-05-20,2211.392822265625,2262.820562318314,2211.392822265625,2237.1066922919695,55
1993-05-21,2005.6815185546875,2211.3924435346557,1902.8260560647036,2211.3924435346557,254
1993-05-24,2031.3953857421875,2057.1092513844937,2005.6815200998815,2005.6815200998815,42
1993-05-25,2082.8232421875,2134.2509765625,2005.681640625,2005.681640625,48
1993-05-26,2288.534423828125,2365.676033620084,2237.1066839668188,2365.676033620084,457
1993-05-27,2159.965087890625,2391.3899187360494,2159.965087890625,2391.3899187360494,518
1993-05-28,2134.2509765625,2185.6787109375,2108.537109375,2185.6787109375,96
1993-06-01,2185.6787109375,2211.392578125,2108.537109375,2108.537109375,53
1993-06-02,2211.392822265625,2237.1066922919695,2159.965082212936,2237.1066922919695,52
1993-06-03,2159.965087890625,2211.392828078497,2159.965087890625,2211.392828078497,73
1993-06-04,2108.537109375,2185.6787109375,2057.109375,2185.6787109375,62
1993-06-07,2108.537109375,2108.537109375,2082.8232421875,2108.537109375,18
1993-06-08,2108.537109375,2159.96484375,2108.537109375,2134.2509765625,23
1993-06-09,1979.9676513671875,2082.8231137758726,1902.8260545606738,2082.8231137758726,68
1993-06-10,1954.25390625,1954.25390625,1825.6845703125,1928.5400390625,84
1993-06-11,1979.9676513671875,2031.39538257153,1954.2537857650163,1979.9676513671875,21
1993-06-14,1954.25390625,2005.681640625,1954.25390625,1979.9677734375,75
1993-06-15,1902.8262939453125,1928.5401627824115,1851.398556271115,1928.5401627824115,51
1993-06-16,1877.1123046875,1928.5400390625,1877.1123046875,1928.5400390625,25
1993-06-17,1851.3985595703125,1877.1124284532336,1825.6846906873916,1877.1124284532336,69
1993-06-18,1825.6844482421875,1851.3983137103871,1825.6844482421875,1825.6844482421875,40
1993-06-21,1748.5428466796875,1877.112173641429,1748.5428466796875,1774.2567120720357,102
1993-06-22,1928.5400390625,1954.25390625,1851.3984375,1851.3984375,45
1993-06-23,1902.8262939453125,1902.8262939453125,1902.8262939453125,1902.8262939453125,5
1993-06-24,1851.3985595703125,1902.8262973361545,1851.3985595703125,1877.1124284532336,27
1993-06-25,1825.6844482421875,1851.3983137103871,1825.6844482421875,1825.6844482421875,18
1993-06-28,1825.6844482421875,1851.3983137103871,1825.6844482421875,1825.6844482421875,11
1993-06-29,1799.970458984375,1825.6843226841518,1774.2565952845982,1799.970458984375,46
1993-06-30,1902.8262939453125,1902.8262939453125,1774.2569497598186,1774.2569497598186,40
1993-07-01,1825.6844482421875,1877.112179178587,1825.6844482421875,1877.112179178587,25
1993-07-02,1825.6844482421875,1825.6844482421875,1825.6844482421875,1825.6844482421875,8
1993-07-06,1825.6844482421875,1825.6844482421875,1825.6844482421875,1825.6844482421875,2
1993-07-07,1774.2569580078125,1825.6846959210825,1774.2569580078125,1799.9708269644475,19
1993-07-08,1774.2569580078125,1799.9708269644475,1748.5430890511775,1748.5430890511775,33
1993-07-09,1748.5428466796875,1799.9705774643842,1722.828981287339,1799.9705774643842,43
1993-07-12,1748.5428466796875,1748.5428466796875,1722.828981287339,1722.828981287339,22
1993-07-13,1799.970458984375,1799.970458984375,1774.2565952845982,1799.970458984375,39
1993-07-14,2005.6815185546875,2005.6815185546875,1799.9705935747197,1799.9705935747197,107
1993-07-15,1954.25390625,1979.9677734375,1928.5400390625,1979.9677734375,35
1993-07-16,1877.1123046875,1954.25390625,1877.1123046875,1954.25390625,26
1993-07-19,1851.3985595703125,1877.1124284532336,1851.3985595703125,1877.1124284532336,4
1993-07-20,1877.1123046875,1877.1123046875,1825.6845703125,1825.6845703125,11
1993-07-21,1902.8262939453125,1902.8262939453125,1877.1124251082138,1902.8262939453125,8
1993-07-22,1928.5400390625,1954.25390625,1928.5400390625,1928.5400390625,23
1993-07-23,1902.8262939453125,1928.5401627824115,1902.8262939453125,1928.5401627824115,21
1993-07-26,1877.1123046875,1902.826171875,1877.1123046875,1877.1123046875,7
1993-07-27,1979.9676513671875,2005.6815169693589,1902.8260545606738,1902.8260545606738,33
1993-07-28,1979.9676513671875,2005.6815169693589,1954.2537857650163,1979.9676513671875,37
1993-07-29,1954.25390625,1954.25390625,1928.5400390625,1954.25390625,19
1993-07-30,1954.25390625,1954.25390625,1928.5400390625,1954.25390625,23
1993-08-02,1928.5400390625,1928.5400390625,1902.826171875,1902.826171875,13
1993-08-03,1902.8262939453125,1928.5401627824115,1902.8262939453125,1902.8262939453125,23
1993-08-04,1902.8262939453125,1902.8262939453125,1902.8262939453125,1902.8262939453125,3
1993-08-05,1877.1123046875,1902.826171875,1877.1123046875,1902.826171875,20
1993-08-06,1851.3985595703125,1877.1124284532336,1851.3985595703125,1877.1124284532336,7
1993-08-09,1825.6844482421875,1877.112179178587,1825.6844482421875,1851.3983137103871,29
1993-08-10,1979.9676513671875,1979.9676513671875,1825.68445775416,1851.3983233563313,62
1993-08-11,1954.25390625,2031.3955078125,1877.1123046875,2031.3955078125,280
1993-08-12,1825.6844482421875,1928.5399101149867,1825.6844482421875,1928.5399101149867,67
1993-08-13,1799.970458984375,1825.6843226841518,1774.2565952845982,1799.970458984375,36
1993-08-16,1851.3985595703125,1851.3985595703125,1799.9708218044707,1825.6846906873916,46
1993-08-17,1851.3985595703125,1902.8262973361545,1825.6846906873916,1825.6846906873916,22
1993-08-18,1851.3985595703125,1877.1124284532336,1825.6846906873916,1877.1124284532336,28
1993-08-19,1825.6844482421875,1825.6844482421875,1799.9705827739876,1825.6844482421875,15
1993-08-20,1748.5428466796875,1799.9705774643842,1748.5428466796875,1799.9705774643842,51
1993-08-23,1697.115234375,1748.54296875,1645.6875,1722.8291015625,109
1993-08-24,1697.115234375,1748.54296875,1697.115234375,1697.115234375,47
1993-08-25,1697.115234375,1722.8291015625,1671.4013671875,1697.115234375,33
1993-08-26,1619.9737548828125,1722.8292313833085,1594.2598857576886,1722.8292313833085,58
1993-08-27,1619.9737548828125,1645.6876240079366,1594.2598857576886,1594.2598857576886,53
1993-08-30,1594.2596435546875,1645.6873739919356,1594.2596435546875,1645.6873739919356,16
1993-08-31,1671.401123046875,1671.401123046875,1568.5456693209135,1568.5456693209135,37
1993-09-01,1645.6873779296875,1697.1151084899902,1645.6873779296875,1671.4012432098389,65
1993-09-02,1619.9737548828125,1619.9737548828125,1594.2598857576886,1619.9737548828125,13
1993-09-03,1697.115234375,1697.115234375,1594.259765625,1594.259765625,66
1993-09-07,1697.115234375,1697.115234375,1645.6875,1671.4013671875,43
1993-09-08,1542.83203125,1671.4013671875,1542.83203125,1671.4013671875,28
1993-09-09,1594.2596435546875,1619.9735087733116,1542.8319131174396,1542.8319131174396,135
1993-09-10,1928.5400390625,1979.9677734375,1568.5458984375,1568.5458984375,284
1993-09-13,1877.1123046875,1979.9677734375,1877.1123046875,1928.5400390625,136
1993-09-14,1774.2569580078125,1851.3985648777173,1774.2569580078125,1851.3985648777173,80
1993-09-15,1799.970458984375,1825.6843226841518,1774.2565952845982,1774.2565952845982,34
1993-09-16,1799.970458984375,1825.6843226841518,1774.2565952845982,1774.2565952845982,31
1993-09-17,1799.970458984375,1799.970458984375,1774.2565952845982,1799.970458984375,13
1993-09-20,1774.2569580078125,1825.6846959210825,1774.2569580078125,1825.6846959210825,20
1993-09-21,1748.5428466796875,1774.2567120720357,1748.5428466796875,1774.2567120720357,10
1993-09-22,1774.2569580078125,1774.2569580078125,1774.2569580078125,1774.2569580078125,14
1993-09-23,1722.8289794921875,1748.5428448577425,1671.4012487610773,1748.5428448577425,50
1993-09-24,1722.8289794921875,1748.5428448577425,1697.1151141266323,1697.1151141266323,29
1993-09-27,1697.115234375,1697.115234375,1697.115234375,1697.115234375,2
1993-09-28,1799.970458984375,1799.970458984375,1748.5427315848212,1748.5427315848212,39
1993-09-29,1825.6844482421875,1851.3983137103871,1799.9705827739876,1825.6844482421875,52
1993-09-30,1928.5400390625,1928.5400390625,1851.3984375,1851.3984375,38
1993-10-01,2005.6815185546875,2005.6815185546875,1902.8260560647036,1902.8260560647036,100
1993-10-04,1877.1123046875,2005.681640625,1877.1123046875,2005.681640625,48
1993-10-05,1799.970458984375,1877.1120500837053,1799.970458984375,1851.3981863839285,34
1993-10-06,1851.3985595703125,1851.3985595703125,1799.9708218044707,1799.9708218044707,24
1993-10-07,1928.5400390625,1928.5400390625,1877.1123046875,1877.1123046875,14
1993-10-08,1851.3985595703125,1902.8262973361545,1851.3985595703125,1902.8262973361545,19
1993-10-11,1902.8262939453125,1902.8262939453125,1774.2569497598186,1825.684687434016,53
1993-10-12,1902.8262939453125,1928.5401627824115,1902.8262939453125,1902.8262939453125,18
1993-10-13,1979.9676513671875,2005.6815169693589,1928.539920162845,1928.539920162845,55
1993-10-14,2031.3953857421875,2031.3953857421875,1979.9676544575752,2005.6815200998815,61
1993-10-15,2057.109375,2057.109375,2031.3955078125,2057.109375,85
1993-10-18,2005.6815185546875,2057.1092497996797,2005.6815185546875,2057.1092497996797,49
1993-10-19,2005.6815185546875,2057.1092497996797,2005.6815185546875,2031.3953841771836,48
1993-10-20,2005.6815185546875,2057.1092497996797,1979.9676529321916,1979.9676529321916,69
1993-10-21,2005.6815185546875,2031.3953841771836,1954.2537873096956,2031.3953841771836,21
1993-10-22,1979.9676513671875,1979.9676513671875,1979.9676513671875,1979.9676513671875,9
1993-10-25,1954.25390625,1979.9677734375,1928.5400390625,1954.25390625,16
1993-10-26,1979.9676513671875,2005.6815169693589,1954.2537857650163,1979.9676513671875,23
1993-10-27,1928.5400390625,1979.9677734375,1928.5400390625,1954.25390625,40
1993-10-28,2005.6815185546875,2031.3953841771836,1954.2537873096956,1954.2537873096956,51
1993-10-29,2134.2509765625,2159.96484375,2005.681640625,2031.3955078125,144
1993-11-01,2134.2509765625,2211.392578125,2108.537109375,2134.2509765625,88
1993-11-02,2108.537109375,2134.2509765625,2082.8232421875,2108.537109375,25
1993-11-03,2057.109375,2108.537109375,2057.109375,2108.537109375,10
1993-11-04,1979.9676513671875,2005.6815169693589,1979.9676513671875,2005.6815169693589,73
1993-11-05,2031.3953857421875,2031.3953857421875,1979.9676544575752,2005.6815200998815,36
1993-11-08,2005.6815185546875,2057.1092497996797,2005.6815185546875,2031.3953841771836,50
1993-11-09,2031.3953857421875,2031.3953857421875,2005.6815200998815,2031.3953857421875,28
1993-11-10,2108.537109375,2108.537109375,2031.3955078125,2031.3955078125,63
1993-11-11,2005.6815185546875,2134.2508466671675,2005.6815185546875,2108.5369810446714,50
1993-11-12,2005.6815185546875,2031.3953841771836,1979.9676529321916,1979.9676529321916,63
1993-11-15,2082.8232421875,2211.392578125,2031.3955078125,2082.8232421875,237
1993-11-16,2031.3953857421875,2082.8231170268,2031.3953857421875,2082.8231170268,72
1993-11-17,1979.9676513671875,2031.39538257153,1979.9676513671875,2031.39538257153,24
1993-11-18,1928.5400390625,2005.681640625,1902.826171875,1979.9677734375,20
1993-11-19,1928.5400390625,1979.9677734375,1902.826171875,1954.25390625,51
1993-11-22,1851.3985595703125,1954.2540351019966,1851.3985595703125,1928.5401662190757,70
1993-11-23,1902.8262939453125,1902.8262939453125,1877.1124251082138,1877.1124251082138,11
1993-11-24,1902.8262939453125,1902.8262939453125,1877.1124251082138,1877.1124251082138,6
1993-11-26,1954.25390625,1954.25390625,1928.5400390625,1928.5400390625,12
1993-11-29,1954.25390625,1979.9677734375,1928.5400390625,1979.9677734375,22
1993-11-30,1979.9676513671875,1979.9676513671875,1954.2537857650163,1954.2537857650163,43
1993-12-01,1979.9676513671875,2005.6815169693589,1979.9676513671875,1979.9676513671875,18
1993-12-02,1979.9676513671875,1979.9676513671875,1954.2537857650163,1954.2537857650163,6
1993-12-03,1954.25390625,1979.9677734375,1954.25390625,1979.9677734375,38
1993-12-06,1877.1123046875,1954.25390625,1851.3984375,1954.25390625,47
1993-12-07,1928.5400390625,1954.25390625,1877.1123046875,1877.1123046875,29
1993-12-08,1979.9676513671875,1979.9676513671875,1902.8260545606738,1928.539920162845,31
1993-12-09,1928.5400390625,1979.9677734375,1902.826171875,1954.25390625,29
1993-12-10,1928.5400390625,1954.25390625,1902.826171875,1954.25390625,35
1993-12-13,1877.1123046875,1902.826171875,1825.6845703125,1902.826171875,69
1993-12-14,1825.6844482421875,1851.3983137103871,1825.6844482421875,1851.3983137103871,11
1993-12-15,1851.3985595703125,1851.3985595703125,1825.6846906873916,1825.6846906873916,42
1993-12-16,1799.970458984375,1799.970458984375,1774.2565952845982,1799.970458984375,40
1993-12-17,1799.970458984375,1851.3981863839285,1799.970458984375,1799.970458984375,44
1993-12-20,1799.970458984375,1799.970458984375,1748.5427315848212,1799.970458984375,57
1993-12-21,1722.8289794921875,1825.6844409544076,1697.1151141266323,1825.6844409544076,23
1993-12-22,1697.115234375,1722.8291015625,1645.6875,1671.4013671875,182
1993-12-23,1697.115234375,1748.54296875,1671.4013671875,1697.115234375,77
1993-12-27,1748.5428466796875,1748.5428466796875,1697.1151158949906,1697.1151158949906,37
1993-12-28,1799.970458984375,1799.970458984375,1722.8288678850445,1722.8288678850445,60
1993-12-29,1748.5428466796875,1825.6844428567324,1748.5428466796875,1825.6844428567324,36
1993-12-30,1774.2569580078125,1774.2569580078125,1748.5430890511775,1774.2569580078125,53
1993-12-31,1799.970458984375,1851.3981863839285,1774.2565952845982,1774.2565952845982,90
1994-01-03,1825.6844482421875,1851.3983137103871,1799.9705827739876,1825.6844482421875,34
1994-01-04,1851.3985595703125,1851.3985595703125,1851.3985595703125,1851.3985595703125,20
1994-01-05,1877.1123046875,1877.1123046875,1851.3984375,1851.3984375,21
1994-01-06,1799.970458984375,1851.3981863839285,1671.401140485491,1851.3981863839285,138
1994-01-07,1799.970458984375,1799.970458984375,1697.1150041852677,1774.2565952845982,127
1994-01-10,1774.2569580078125,1799.9708269644475,1722.8292200945425,1774.2569580078125,45
1994-01-11,1722.8289794921875,1774.2567102232974,1722.8289794921875,1722.8289794921875,110
1994-01-12,1774.2569580078125,1774.2569580078125,1748.5430890511775,1748.5430890511775,62
1994-01-13,1697.115234375,1799.970703125,1645.6875,1774.2568359375,152
1994-01-14,1697.115234375,1748.54296875,1671.4013671875,1697.115234375,184
1994-01-17,1697.115234375,1748.54296875,1671.4013671875,1722.8291015625,93
1994-01-18,1722.8289794921875,1722.8289794921875,1697.1151141266323,1722.8289794921875,93
1994-01-19,1722.8289794921875,1722.8289794921875,1722.8289794921875,1722.8289794921875,15
1994-01-20,1645.6873779296875,1722.8289737701416,1619.9735126495361,1697.1151084899902,127
1994-01-21,1671.401123046875,1671.401123046875,1619.9733961838942,1645.6872596153846,94
1994-01-24,1748.5428466796875,1748.5428466796875,1645.687385110294,1645.687385110294,156
1994-01-25,1748.5428466796875,1799.9705774643842,1748.5428466796875,1748.5428466796875,56
1994-01-26,1799.970458984375,1851.3981863839285,1774.2565952845982,1774.2565952845982,61
1994-01-27,1748.5428466796875,1748.5428466796875,1748.5428466796875,1748.5428466796875,10
1994-01-28,1722.8289794921875,1774.2567102232974,1722.8289794921875,1774.2567102232974,20
1994-01-31,1697.115234375,1748.54296875,1671.4013671875,1748.54296875,35
1994-02-01,1697.115234375,1722.8291015625,1697.115234375,1722.8291015625,21
1994-02-02,1671.401123046875,1697.1149864783654,1671.401123046875,1697.1149864783654,19
1994-02-03,1697.115234375,1748.54296875,1671.4013671875,1697.115234375,40
1994-02-04,1671.401123046875,1722.8288499098558,1645.6872596153846,1671.401123046875,39
1994-02-07,1671.401123046875,1671.401123046875,1619.9733961838942,1645.6872596153846,22
1994-02-08,1671.401123046875,1671.401123046875,1645.6872596153846,1671.401123046875,32
1994-02-09,1645.6873779296875,1697.1151084899902,1645.6873779296875,1671.4012432098389,45
1994-02-10,1671.401123046875,1697.1149864783654,1645.6872596153846,1645.6872596153846,49
1994-02-11,1645.6873779296875,1671.4012432098389,1645.6873779296875,1671.4012432098389,41
1994-02-14,1697.115234375,1697.115234375,1645.6875,1645.6875,51
1994-02-15,1234.2655029296875,1517.118014017741,1182.8377736409504,1517.118014017741,974
1994-02-16,1311.4072265625,1362.8349609375,1234.265625,1234.265625,532
1994-02-17,1337.1209716796875,1388.5487013596755,1285.6932419996997,1285.6932419996997,147
1994-02-18,1337.1209716796875,1362.8348365196816,1311.4071068396936,1311.4071068396936,40
1994-02-22,1337.1209716796875,1362.8348365196816,1337.1209716796875,1362.8348365196816,37
1994-02-23,1285.693359375,1362.8349609375,1285.693359375,1362.8349609375,48
1994-02-24,1285.693359375,1311.4072265625,1234.265625,1311.4072265625,52
1994-02-25,1259.9793701171875,1285.6932348134567,1234.2655054209183,1285.6932348134567,47
1994-02-28,1285.693359375,1285.693359375,1259.9794921875,1285.693359375,22
1994-03-01,1259.9793701171875,1259.9793701171875,1234.2655054209183,1259.9793701171875,48
1994-03-02,1259.9793701171875,1285.6932348134567,1234.2655054209183,1259.9793701171875,63
1994-03-03,1285.693359375,1285.693359375,1259.9794921875,1259.9794921875,24
1994-03-04,1234.2655029296875,1285.6932322184246,1234.2655029296875,1285.6932322184246,84
1994-03-07,1182.8380126953125,1234.2657523777175,1131.4102730129075,1208.551882536515,107
1994-03-08,1131.41015625,1131.41015625,1105.6962890625,1131.41015625,135
1994-03-09,1131.41015625,1131.41015625,1079.982421875,1131.41015625,185
1994-03-10,1131.41015625,1131.41015625,1105.6962890625,1131.41015625,75
1994-03-11,1105.6964111328125,1131.410281159157,1105.6964111328125,1105.6964111328125,149
1994-03-14,1079.9825439453125,1105.6964140392486,1079.9825439453125,1105.6964140392486,24
1994-03-15,1079.9825439453125,1131.4102841331846,1079.9825439453125,1105.6964140392486,83
1994-03-16,1079.9825439453125,1105.6964140392486,1054.2686738513764,1105.6964140392486,44
1994-03-17,1028.5546875,1105.6962890625,1028.5546875,1079.982421875,29
1994-03-18,1079.9825439453125,1079.9825439453125,1054.2686738513764,1079.9825439453125,49
1994-03-21,1054.2685546875,1079.982421875,1054.2685546875,1079.982421875,29
1994-03-22,1054.2685546875,1079.982421875,1054.2685546875,1079.982421875,23
1994-03-23,1079.9825439453125,1079.9825439453125,1028.5548037574406,1054.2686738513764,263
1994-03-24,1131.41015625,1157.1240234375,1079.982421875,1105.6962890625,53
1994-03-25,1157.1241455078125,1157.1241455078125,1131.4102756076388,1131.4102756076388,45
1994-03-28,1131.41015625,1157.1240234375,1131.41015625,1157.1240234375,15
1994-03-29,1105.6964111328125,1131.410281159157,1105.6964111328125,1131.410281159157,24
1994-03-30,1105.6964111328125,1105.6964111328125,1079.982541106468,1079.982541106468,41
1994-03-31,1105.6964111328125,1105.6964111328125,1079.982541106468,1079.982541106468,40
1994-04-04,1002.8407592773438,1054.2684905223357,977.1268936548478,1054.2684905223357,67
1994-04-05,1105.6964111328125,1105.6964111328125,1028.554801053779,1054.2686710801236,70
1994-04-06,1079.9825439453125,1157.1241542271207,1079.9825439453125,1131.4102841331846,45
1994-04-07,1054.2685546875,1105.6962890625,1054.2685546875,1105.6962890625,18
1994-04-08,1054.2685546875,1079.982421875,1028.5546875,1079.982421875,13
1994-04-11,1028.5546875,1079.982421875,1028.5546875,1079.982421875,44
1994-04-12,1028.5546875,1028.5546875,977.126953125,1028.5546875,74
1994-04-13,1002.8407592773438,1054.2684905223357,1002.8407592773438,1054.2684905223357,8
1994-04-14,1028.5546875,1028.5546875,1028.5546875,1028.5546875,6
1994-04-15,1028.5546875,1028.5546875,1002.8408203125,1028.5546875,18
1994-04-18,1028.5546875,1054.2685546875,1028.5546875,1054.2685546875,6
1994-04-19,1028.5546875,1054.2685546875,1002.8408203125,1028.5546875,21
1994-04-20,1002.8407592773438,1028.5546248998398,977.1268936548478,1002.8407592773438,85
1994-04-21,977.126953125,977.126953125,977.126953125,977.126953125,26
1994-04-22,874.2714233398438,951.4130195168888,848.5575579474953,951.4130195168888,56
1994-04-25,925.6992797851562,951.4131486680773,899.9854109022353,899.9854109022353,73
1994-04-26,977.126953125,977.126953125,925.69921875,925.69921875,59
1994-04-28,1054.2685546875,1054.2685546875,977.126953125,977.126953125,24
1994-04-29,1028.5546875,1028.5546875,1002.8408203125,1028.5546875,23
1994-05-02,1002.8407592773438,1028.5546248998398,1002.8407592773438,1002.8407592773438,15
1994-05-03,989.9838256835938,1002.8407584846794,977.1268928825082,1002.8407584846794,23
1994-05-04,964.27001953125,1002.8408203125,951.4130859375,1002.8408203125,24
1994-05-05,951.4131469726562,1002.840884646854,951.4131469726562,977.1270158097551,27
1994-05-06,977.126953125,977.126953125,964.27001953125,964.27001953125,13
1994-05-09,951.4131469726562,977.1270158097551,951.4131469726562,977.1270158097551,23
1994-05-10,912.8422241210938,951.4130223233934,899.9852913869938,951.4130223233934,26
1994-05-11,899.9852294921875,925.6990931919643,899.9852294921875,912.8421613420759,11
1994-05-12,977.126953125,1028.5546875,925.69921875,925.69921875,64
1994-05-13,977.126953125,1028.5546875,977.126953125,1028.5546875,58
1994-05-16,951.4131469726562,951.4131469726562,951.4131469726562,951.4131469726562,10
1994-05-17,977.126953125,977.126953125,925.69921875,977.126953125,30
1994-05-18,1002.8407592773438,1028.5546248998398,951.4130280323518,951.4130280323518,48
1994-05-19,977.126953125,1015.69775390625,977.126953125,1002.8408203125,65
1994-05-20,951.4131469726562,977.1270158097551,951.4131469726562,977.1270158097551,5
1994-05-23,925.6992797851562,977.1270175509983,899.9854109022353,977.1270175509983,10
1994-05-24,925.6992797851562,951.4131486680773,912.8423453436958,925.6992797851562,8
1994-05-25,1054.2685546875,1079.982421875,951.4130859375,951.4130859375,53
1994-05-26,1079.9825439453125,1105.6964140392486,1054.2686738513764,1105.6964140392486,65
1994-05-27,1002.8407592773438,1079.9823561448318,951.4130280323518,1079.9823561448318,83
1994-05-31,951.4131469726562,977.1270158097551,951.4131469726562,977.1270158097551,55
1994-06-01,899.9852294921875,925.6990931919643,899.9852294921875,899.9852294921875,43
1994-06-02,925.6992797851562,951.4131486680773,899.9854109022353,925.6992797851562,36
1994-06-03,925.6992797851562,925.6992797851562,899.9854109022353,899.9854109022353,20
1994-06-06,899.9852294921875,925.6990931919643,899.9852294921875,925.6990931919643,27
1994-06-07,874.2714233398438,899.9852887321921,874.2714233398438,899.9852887321921,61
1994-06-08,848.5576171875,899.9853515625,848.5576171875,874.271484375,40
1994-06-09,874.2714233398438,874.2714233398438,848.5575579474953,874.2714233398438,23
1994-06-10,899.9852294921875,899.9852294921875,861.4144339425222,861.4144339425222,20
1994-06-13,899.9852294921875,899.9852294921875,874.2713657924106,874.2713657924106,13
1994-06-14,925.6992797851562,925.6992797851562,887.1284764607748,925.6992797851562,31
1994-06-15,899.9852294921875,899.9852294921875,874.2713657924106,899.9852294921875,14
1994-06-16,874.2714233398438,874.2714233398438,874.2714233398438,874.2714233398438,22
1994-06-17,874.2714233398438,874.2714233398438,874.2714233398438,874.2714233398438,13
1994-06-20,899.9852294921875,899.9852294921875,874.2713657924106,874.2713657924106,14
1994-06-21,899.9852294921875,899.9852294921875,899.9852294921875,899.9852294921875,12
1994-06-22,887.1284790039062,887.1284790039062,887.1284790039062,887.1284790039062,10
1994-06-23,874.2714233398438,899.9852887321921,874.2714233398438,887.1283560360179,13
1994-06-24,848.5576171875,887.12841796875,848.5576171875,861.41455078125,31
1994-06-27,951.4131469726562,951.4131469726562,874.2715404613598,874.2715404613598,40
1994-06-28,1028.5546875,1028.5546875,951.4130859375,951.4130859375,38
1994-06-29,977.126953125,1028.5546875,951.4130859375,1028.5546875,43
1994-06-30,1131.41015625,1157.1240234375,1002.8408203125,1002.8408203125,154
1994-07-01,1054.2685546875,1131.41015625,1054.2685546875,1131.41015625,29
1994-07-05,1002.8407592773438,1054.2684905223357,989.9838264660958,1054.2684905223357,30
1994-07-06,1105.6964111328125,1105.6964111328125,1054.2686710801236,1054.2686710801236,72
1994-07-07,1079.9825439453125,1105.6964140392486,1079.9825439453125,1105.6964140392486,12
1994-07-08,1054.2685546875,1054.2685546875,1054.2685546875,1054.2685546875,13
1994-07-11,1028.5546875,1054.2685546875,1028.5546875,1054.2685546875,46
1994-07-12,1028.5546875,1054.2685546875,1028.5546875,1054.2685546875,2
1994-07-13,1079.9825439453125,1105.6964140392486,1054.2686738513764,1054.2686738513764,29
1994-07-14,1105.6964111328125,1105.6964111328125,1105.6964111328125,1105.6964111328125,19
1994-07-15,1054.2685546875,1054.2685546875,1054.2685546875,1054.2685546875,16
1994-07-18,1105.6964111328125,1105.6964111328125,1054.2686710801236,1054.2686710801236,19
1994-07-19,1079.9825439453125,1079.9825439453125,1079.9825439453125,1079.9825439453125,19
1994-07-20,977.126953125,1054.2685546875,977.126953125,1054.2685546875,54
1994-07-21,951.4131469726562,977.1270158097551,951.4131469726562,977.1270158097551,57
1994-07-22,951.4131469726562,951.4131469726562,925.6992781355575,925.6992781355575,62
1994-07-25,951.4131469726562,951.4131469726562,951.4131469726562,951.4131469726562,6
1994-07-26,1028.5546875,1028.5546875,977.126953125,1002.8408203125,28
1994-07-27,1002.8407592773438,1028.5546248998398,1002.8407592773438,1028.5546248998398,13
1994-07-28,977.126953125,1002.8408203125,977.126953125,977.126953125,8
1994-07-29,977.126953125,977.126953125,977.126953125,977.126953125,0
1994-08-01,1028.5546875,1028.5546875,977.126953125,977.126953125,21
1994-08-02,1028.5546875,1028.5546875,1028.5546875,1028.5546875,1
1994-08-03,1028.5546875,1028.5546875,1028.5546875,1028.5546875,11
1994-08-04,1028.5546875,1028.5546875,1028.5546875,1028.5546875,5
1994-08-05,1054.2685546875,1079.982421875,1002.8408203125,1002.8408203125,27
1994-08-08,1054.2685546875,1079.982421875,1054.2685546875,1079.982421875,10
1994-08-09,1054.2685546875,1079.982421875,1054.2685546875,1079.982421875,10
1994-08-10,1054.2685546875,1054.2685546875,1028.5546875,1028.5546875,15
1994-08-11,1028.5546875,1054.2685546875,1028.5546875,1028.5546875,19
1994-08-12,1028.5546875,1054.2685546875,1028.5546875,1054.2685546875,43
1994-08-15,1105.6964111328125,1131.410281159157,1002.8409310274346,1002.8409310274346,90
1994-08-16,1079.9825439453125,1079.9825439453125,1054.2686738513764,1079.9825439453125,30
1994-08-17,1079.9825439453125,1079.9825439453125,1054.2686738513764,1054.2686738513764,45
1994-08-18,1079.9825439453125,1079.9825439453125,1054.2686738513764,1079.9825439453125,36
1994-08-19,1105.6964111328125,1105.6964111328125,1054.2686710801236,1054.2686710801236,64
1994-08-22,1079.9825439453125,1105.6964140392486,1079.9825439453125,1079.9825439453125,14
1994-08-23,1105.6964111328125,1131.410281159157,1105.6964111328125,1105.6964111328125,47
1994-08-24,1105.6964111328125,1105.6964111328125,1079.982541106468,1105.6964111328125,52
1994-08-25,1182.8380126953125,1208.551882536515,1105.6964031717052,1105.6964031717052,126
1994-08-26,1157.1241455078125,1182.8380154079862,1157.1241455078125,1182.8380154079862,41
1994-08-29,1131.41015625,1182.837890625,1131.41015625,1182.837890625,28
1994-08-30,1131.41015625,1131.41015625,1105.6962890625,1105.6962890625,25
1994-08-31,1131.41015625,1131.41015625,1131.41015625,1131.41015625,25
1994-09-01,1054.2685546875,1105.6962890625,1054.2685546875,1105.6962890625,28
1994-09-02,1079.9825439453125,1105.6964140392486,1079.9825439453125,1079.9825439453125,21
1994-09-06,1054.2685546875,1054.2685546875,1054.2685546875,1054.2685546875,27
1994-09-07,1105.6964111328125,1131.410281159157,1054.2686710801236,1054.2686710801236,43
1994-09-08,1131.41015625,1131.41015625,1105.6962890625,1105.6962890625,10
1994-09-09,1105.6964111328125,1157.1241511855014,1105.6964111328125,1157.1241511855014,82
1994-09-12,1054.2685546875,1105.6962890625,1054.2685546875,1105.6962890625,33
1994-09-13,1079.9825439453125,1079.9825439453125,1028.5548037574406,1028.5548037574406,28
1994-09-14,1054.2685546875,1054.2685546875,1054.2685546875,1054.2685546875,5
1994-09-15,1079.9825439453125,1079.9825439453125,1079.9825439453125,1079.9825439453125,16
1994-09-16,1028.5546875,1054.2685546875,1028.5546875,1054.2685546875,10
1994-09-19,1002.8407592773438,1028.5546248998398,1002.8407592773438,1028.5546248998398,15
1994-09-20,1028.5546875,1028.5546875,1028.5546875,1028.5546875,44
1994-09-21,1054.2685546875,1054.2685546875,1028.5546875,1054.2685546875,48
1994-09-22,1054.2685546875,1054.2685546875,1054.2685546875,1054.2685546875,0
1994-09-23,1028.5546875,1054.2685546875,1002.8408203125,1028.5546875,16
1994-09-26,1002.8407592773438,1002.8407592773438,1002.8407592773438,1002.8407592773438,1
1994-09-27,1002.8407592773438,1015.6976920885918,1002.8407592773438,1015.6976920885918,6
1994-09-28,989.9838256835938,1002.8407584846794,977.1268928825082,977.1268928825082,13
1994-09-29,977.126953125,989.98388671875,977.126953125,977.126953125,38
1994-09-30,951.4131469726562,1002.840884646854,925.6992781355575,1002.840884646854,35
1994-10-03,925.6992797851562,951.4131486680773,912.8423453436958,951.4131486680773,100
1994-10-04,938.55615234375,938.55615234375,899.9853515625,899.9853515625,28
1994-10-05,899.9852294921875,938.5560250418526,899.9852294921875,938.5560250418526,31
1994-10-06,899.9852294921875,925.6990931919643,899.9852294921875,899.9852294921875,17
1994-10-07,951.4131469726562,951.4131469726562,925.6992781355575,925.6992781355575,21
1994-10-10,925.6992797851562,951.4131486680773,925.6992797851562,951.4131486680773,20
1994-10-11,925.6992797851562,925.6992797851562,899.9854109022353,925.6992797851562,21
1994-10-12,912.8422241210938,925.6991568551936,874.271425918794,925.6991568551936,79
1994-10-13,899.9852294921875,925.6990931919643,899.9852294921875,925.6990931919643,55
1994-10-14,925.6992797851562,925.6992797851562,887.1284764607748,899.9854109022353,63
1994-10-17,1015.6976928710938,1054.2684913345531,951.4130287653284,951.4130287653284,77
1994-10-18,1079.9825439453125,1105.6964140392486,1028.5548037574406,1028.5548037574406,163
1994-10-19,1028.5546875,1079.982421875,1002.8408203125,1079.982421875,59
1994-10-20,1028.5546875,1054.2685546875,1028.5546875,1028.5546875,26
1994-10-21,1028.5546875,1028.5546875,1002.8408203125,1002.8408203125,7
1994-10-24,951.4131469726562,1002.840884646854,951.4131469726562,977.1270158097551,90
1994-10-25,977.126953125,977.126953125,951.4130859375,977.126953125,12
1994-10-26,989.9838256835938,1002.8407584846794,951.4130272803369,951.4130272803369,15
1994-10-27,1015.6976928710938,1015.6976928710938,989.9838272287876,989.9838272287876,4
1994-10-28,989.9838256835938,1028.5546240868507,989.9838256835938,989.9838256835938,38
1994-10-31,1002.8407592773438,1015.6976920885918,989.9838264660958,989.9838264660958,6
1994-11-01,951.4131469726562,1002.840884646854,951.4131469726562,1002.840884646854,18
1994-11-02,1002.8407592773438,1002.8407592773438,951.4130280323518,951.4130280323518,25
1994-11-03,1015.6976928710938,1015.6976928710938,1002.8407600499407,1015.6976928710938,12
1994-11-04,1002.8407592773438,1015.6976920885918,989.9838264660958,1015.6976920885918,24
1994-11-07,1002.8407592773438,1002.8407592773438,989.9838264660958,989.9838264660958,16
1994-11-08,989.9838256835938,989.9838256835938,989.9838256835938,989.9838256835938,1
1994-11-09,989.9838256835938,1002.8407584846794,989.9838256835938,1002.8407584846794,22
1994-11-10,1079.9825439453125,1105.6964140392486,989.9839986165365,989.9839986165365,208
1994-11-11,1157.1241455078125,1157.1241455078125,1002.8409261067708,1028.5547960069443,314
1994-11-14,1182.8380126953125,1208.551882536515,1157.12414285411,1157.12414285411,198
1994-11-15,1234.2655029296875,1285.6932322184246,1208.551638285319,1208.551638285319,232
1994-11-16,1337.1209716796875,1388.5487013596755,1259.9793771597056,1259.9793771597056,199
1994-11-17,1337.1209716796875,1362.8348365196816,1285.6932419996997,1362.8348365196816,135
1994-11-18,1285.693359375,1337.12109375,1285.693359375,1311.4072265625,143
1994-11-21,1259.9793701171875,1311.4070995097259,1259.9793701171875,1311.4070995097259,70
1994-11-22,1234.2655029296875,1234.2655029296875,1182.8377736409504,1234.2655029296875,96
1994-11-23,1285.693359375,1311.4072265625,1234.265625,1234.265625,135
1994-11-25,1285.693359375,1311.4072265625,1259.9794921875,1285.693359375,20
1994-11-28,1285.693359375,1311.4072265625,1259.9794921875,1311.4072265625,63
1994-11-29,1337.1209716796875,1337.1209716796875,1259.9793771597056,1285.6932419996997,96
1994-11-30,1414.2626953125,1414.2626953125,1311.4072265625,1337.12109375,231
1994-12-01,1311.4072265625,1414.2626953125,1311.4072265625,1414.2626953125,74
1994-12-02,1311.4072265625,1362.8349609375,1311.4072265625,1337.12109375,119
1994-12-05,1311.4072265625,1362.8349609375,1311.4072265625,1337.12109375,77
1994-12-06,1337.1209716796875,1337.1209716796875,1311.4071068396936,1311.4071068396936,43
1994-12-07,1259.9793701171875,1311.4070995097259,1259.9793701171875,1311.4070995097259,58
1994-12-08,1234.2655029296875,1259.979367574056,1208.551638285319,1259.979367574056,83
1994-12-09,1234.2655029296875,1234.2655029296875,1208.551638285319,1234.2655029296875,19
1994-12-12,1259.9793701171875,1259.9793701171875,1208.5516407246494,1234.2655054209183,40
1994-12-13,1259.9793701171875,1311.4070995097259,1259.9793701171875,1311.4070995097259,24
1994-12-14,1259.9793701171875,1285.6932348134567,1259.9793701171875,1259.9793701171875,29
1994-12-15,1285.693359375,1285.693359375,1259.9794921875,1259.9794921875,35
1994-12-16,1311.4072265625,1311.4072265625,1311.4072265625,1311.4072265625,11
1994-12-19,1285.693359375,1311.4072265625,1285.693359375,1311.4072265625,30
1994-12-20,1311.4072265625,1311.4072265625,1285.693359375,1311.4072265625,25
1994-12-21,1285.693359375,1311.4072265625,1259.9794921875,1285.693359375,125
1994-12-22,1285.693359375,1311.4072265625,1285.693359375,1311.4072265625,39
1994-12-23,1311.4072265625,1311.4072265625,1285.693359375,1311.4072265625,40
1994-12-27,1337.1209716796875,1362.8348365196816,1311.4071068396936,1311.4071068396936,32
1994-12-28,1362.834716796875,1362.834716796875,1311.406991634729,1311.406991634729,109
1994-12-29,1311.4072265625,1337.12109375,1311.4072265625,1337.12109375,46
1994-12-30,1285.693359375,1337.12109375,1285.693359375,1337.12109375,69
1995-01-03,1311.4072265625,1311.4072265625,1285.693359375,1285.693359375,11
1995-01-04,1388.548828125,1388.548828125,1311.4072265625,1311.4072265625,92
1995-01-05,1491.404052734375,1568.5456416689117,1414.2624637998383,1414.2624637998383,133
1995-01-06,1491.404052734375,1517.117915712554,1491.404052734375,1491.404052734375,63
1995-01-09,1491.404052734375,1517.117915712554,1491.404052734375,1517.117915712554,8
1995-01-10,1491.404052734375,1517.117915712554,1491.404052734375,1491.404052734375,36
1995-01-11,1414.2626953125,1517.1181640625,1362.8349609375,1517.1181640625,60
1995-01-12,1465.6903076171875,1465.6903076171875,1414.2625775253564,1414.2625775253564,38
1995-01-13,1491.404052734375,1491.404052734375,1439.9763267780172,1439.9763267780172,30
1995-01-16,1465.6903076171875,1491.404172663103,1439.976442571272,1465.6903076171875,33
1995-01-17,1439.976318359375,1465.690181187221,1439.976318359375,1465.690181187221,32
1995-01-18,1414.2626953125,1439.9765625,1362.8349609375,1414.2626953125,97
1995-01-19,1388.548828125,1414.2626953125,1388.548828125,1414.2626953125,15
1995-01-20,1439.976318359375,1439.976318359375,1388.5485927036832,1414.262455531529,49
1995-01-23,1439.976318359375,1465.690181187221,1388.5485927036832,1388.5485927036832,52
1995-01-24,1414.2626953125,1439.9765625,1414.2626953125,1439.9765625,13
1995-01-25,1439.976318359375,1439.976318359375,1414.262455531529,1439.976318359375,23
1995-01-26,1465.6903076171875,1465.6903076171875,1439.976442571272,1439.976442571272,123
1995-01-27,1414.2626953125,1439.9765625,1414.2626953125,1439.9765625,19
1995-01-30,1414.2626953125,1465.6904296875,1414.2626953125,1414.2626953125,29
1995-01-31,1439.976318359375,1439.976318359375,1362.8347298758372,1414.262455531529,75
1995-02-01,1388.548828125,1465.6904296875,1388.548828125,1439.9765625,25
1995-02-02,1362.834716796875,1414.2624419590213,1362.834716796875,1388.5485793779483,48
1995-02-03,1388.548828125,1414.2626953125,1388.548828125,1388.548828125,12
1995-02-06,1414.2626953125,1414.2626953125,1388.548828125,1414.2626953125,22
1995-02-07,1337.1209716796875,1388.5487013596755,1337.1209716796875,1388.5487013596755,131
1995-02-08,1414.2626953125,1414.2626953125,1362.8349609375,1362.8349609375,23
1995-02-09,1388.548828125,1439.9765625,1388.548828125,1414.2626953125,40
1995-02-10,1208.5517578125,1311.4072265625,1105.6962890625,1311.4072265625,477
1995-02-13,1182.8380126953125,1208.551882536515,1157.12414285411,1208.551882536515,101
1995-02-14,1131.41015625,1182.837890625,1131.41015625,1182.837890625,121
1995-02-15,1131.41015625,1157.1240234375,1131.41015625,1131.41015625,29
1995-02-16,1182.8380126953125,1182.8380126953125,1131.4102730129075,1131.4102730129075,23
1995-02-17,1131.41015625,1182.837890625,1105.6962890625,1157.1240234375,37
1995-02-21,1105.6964111328125,1157.1241511855014,1105.6964111328125,1131.410281159157,34
1995-02-22,1105.6964111328125,1131.410281159157,1105.6964111328125,1131.410281159157,30
1995-02-23,1105.6964111328125,1131.410281159157,1079.982541106468,1105.6964111328125,75
1995-02-24,1079.9825439453125,1105.6964140392486,1079.9825439453125,1079.9825439453125,29
1995-02-27,1054.2685546875,1054.2685546875,1028.5546875,1028.5546875,29
1995-02-28,1105.6964111328125,1105.6964111328125,1028.554801053779,1028.554801053779,33
1995-03-01,1054.2685546875,1079.982421875,1054.2685546875,1079.982421875,18
1995-03-02,1054.2685546875,1054.2685546875,1028.5546875,1054.2685546875,14
1995-03-03,1054.2685546875,1079.982421875,1028.5546875,1028.5546875,28
1995-03-06,1054.2685546875,1079.982421875,1054.2685546875,1079.982421875,15
1995-03-07,1054.2685546875,1079.982421875,1054.2685546875,1079.982421875,16
1995-03-08,977.126953125,1028.5546875,977.126953125,1028.5546875,155
1995-03-09,977.126953125,1028.5546875,977.126953125,977.126953125,31
1995-03-10,1028.5546875,1028.5546875,951.4130859375,977.126953125,34
1995-03-13,1028.5546875,1028.5546875,1028.5546875,1028.5546875,0
1995-03-14,1028.5546875,1028.5546875,1002.8408203125,1028.5546875,30
1995-03-15,1028.5546875,1028.5546875,1002.8408203125,1028.5546875,8
1995-03-16,1002.8407592773438,1054.2684905223357,1002.8407592773438,1002.8407592773438,53
1995-03-17,1054.2685546875,1054.2685546875,1028.5546875,1028.5546875,41
1995-03-20,1079.9825439453125,1105.6964140392486,1079.9825439453125,1079.9825439453125,20
1995-03-21,1079.9825439453125,1079.9825439453125,1054.2686738513764,1054.2686738513764,9
1995-03-22,1079.9825439453125,1079.9825439453125,1054.2686738513764,1054.2686738513764,25
1995-03-23,1002.8407592773438,1079.9823561448318,1002.8407592773438,1054.2684905223357,34
1995-03-24,1002.8407592773438,1002.8407592773438,1002.8407592773438,1002.8407592773438,4
1995-03-27,1028.5546875,1054.2685546875,1015.69775390625,1028.5546875,27
1995-03-28,1079.9825439453125,1079.9825439453125,1028.5548037574406,1028.5548037574406,57
1995-03-29,1054.2685546875,1105.6962890625,1054.2685546875,1054.2685546875,58
1995-03-30,1054.2685546875,1079.982421875,1054.2685546875,1079.982421875,54
1995-03-31,1079.9825439453125,1079.9825439453125,1054.2686738513764,1054.2686738513764,64
1995-04-03,1054.2685546875,1079.982421875,1054.2685546875,1079.982421875,14
1995-04-04,1028.5546875,1028.5546875,1028.5546875,1028.5546875,1
1995-04-05,1028.5546875,1028.5546875,1002.8408203125,1028.5546875,20
1995-04-06,1028.5546875,1054.2685546875,1028.5546875,1028.5546875,35
1995-04-07,1054.2685546875,1054.2685546875,1054.2685546875,1054.2685546875,14
1995-04-10,1054.2685546875,1054.2685546875,1028.5546875,1028.5546875,15
1995-04-11,1054.2685546875,1054.2685546875,1054.2685546875,1054.2685546875,12
1995-04-12,1028.5546875,1054.2685546875,1028.5546875,1054.2685546875,38
1995-04-13,1054.2685546875,1054.2685546875,1028.5546875,1028.5546875,32
1995-04-17,1028.5546875,1079.982421875,1028.5546875,1054.2685546875,37
1995-04-18,1028.5546875,1028.5546875,1028.5546875,1028.5546875,10
1995-04-19,1054.2685546875,1054.2685546875,1015.69775390625,1028.5546875,35
1995-04-20,1028.5546875,1054.2685546875,1028.5546875,1028.5546875,44
1995-04-21,1054.2685546875,1054.2685546875,1015.69775390625,1015.69775390625,24
1995-04-24,1079.9825439453125,1079.9825439453125,1028.5548037574406,1028.5548037574406,20
1995-04-25,1067.12548828125,1079.982421875,1054.2685546875,1079.982421875,51
1995-04-26,964.27001953125,977.126953125,925.69921875,977.126953125,257
1995-04-27,938.55615234375,951.4130859375,925.69921875,938.55615234375,187
1995-04-28,1015.6976928710938,1028.5546256922469,951.4130287653284,964.2699615864815,69
1995-05-01,1079.9825439453125,1118.5533490862165,1015.6978687104726,1015.6978687104726,163
1995-05-02,1092.83935546875,1131.41015625,1079.982421875,1079.982421875,180
1995-05-03,1079.9825439453125,1079.9825439453125,1079.9825439453125,1079.9825439453125,32
1995-05-04,1028.5546875,1079.982421875,1002.8408203125,1079.982421875,111
1995-05-05,1028.5546875,1054.2685546875,1028.5546875,1054.2685546875,28
1995-05-08,1015.6976928710938,1054.2684913345531,1015.6976928710938,1041.4115585134,42
1995-05-09,989.9838256835938,1015.697691285765,989.9838256835938,1015.697691285765,35
1995-05-10,1015.6976928710938,1015.6976928710938,1015.6976928710938,1015.6976928710938,28
1995-05-11,964.27001953125,1002.8408203125,951.4130859375,1002.8408203125,45
1995-05-12,1015.6976928710938,1015.6976928710938,964.2699615864815,977.1268944076345,23
1995-05-15,964.27001953125,1015.69775390625,964.27001953125,1002.8408203125,28
1995-05-16,977.126953125,989.98388671875,964.27001953125,977.126953125,34
1995-05-17,989.9838256835938,1002.8407584846794,951.4130272803369,951.4130272803369,49
1995-05-18,1002.8407592773438,1002.8407592773438,951.4130280323518,964.2699608435998,75
1995-05-19,1002.8407592773438,1002.8407592773438,977.1268936548478,977.1268936548478,29
1995-05-22,977.126953125,977.126953125,977.126953125,977.126953125,4
1995-05-23,1054.2685546875,1079.982421875,977.126953125,989.98388671875,91
1995-05-24,1041.41162109375,1054.2685546875,1028.5546875,1028.5546875,18
1995-05-25,1079.9825439453125,1105.6964140392486,1054.2686738513764,1054.2686738513764,22
1995-05-26,1079.9825439453125,1079.9825439453125,1028.5548037574406,1079.9825439453125,85
1995-05-30,1105.6964111328125,1131.410281159157,1079.982541106468,1079.982541106468,65
1995-05-31,1144.2672119140625,1182.838016810042,1105.696407018083,1131.4102769487358,106
1995-06-01,1067.12548828125,1157.1240234375,1067.12548828125,1157.1240234375,37
1995-06-02,1092.83935546875,1105.6962890625,1079.982421875,1079.982421875,35
1995-06-05,1092.83935546875,1092.83935546875,1067.12548828125,1079.982421875,30
1995-06-06,1105.6964111328125,1105.6964111328125,1054.2686710801236,1067.1256060932958,31
1995-06-07,1054.2685546875,1079.982421875,1054.2685546875,1079.982421875,20
1995-06-08,1054.2685546875,1079.982421875,1054.2685546875,1054.2685546875,15
1995-06-09,1028.5546875,1054.2685546875,1028.5546875,1054.2685546875,35
1995-06-12,1028.5546875,1028.5546875,1028.5546875,1028.5546875,8
1995-06-13,1028.5546875,1054.2685546875,1028.5546875,1054.2685546875,23
1995-06-14,1041.41162109375,1054.2685546875,1028.5546875,1054.2685546875,18
1995-06-15,1079.9825439453125,1079.9825439453125,1041.4117388044085,1041.4117388044085,29
1995-06-16,1054.2685546875,1079.982421875,1054.2685546875,1067.12548828125,10
1995-06-19,1092.83935546875,1092.83935546875,1079.982421875,1079.982421875,33
1995-06-20,1054.2685546875,1067.12548828125,1054.2685546875,1067.12548828125,15
1995-06-21,1067.12548828125,1079.982421875,1054.2685546875,1054.2685546875,15
1995-06-22,1054.2685546875,1054.2685546875,1028.5546875,1054.2685546875,16
1995-06-23,1105.6964111328125,1157.1241511855014,1079.982541106468,1079.982541106468,169
1995-06-26,1131.41015625,1131.41015625,1105.6962890625,1131.41015625,28
1995-06-27,1105.6964111328125,1131.410281159157,1079.982541106468,1105.6964111328125,21
1995-06-28,1105.6964111328125,1131.410281159157,1054.2686710801236,1054.2686710801236,83
1995-06-29,1054.2685546875,1105.6962890625,1054.2685546875,1105.6962890625,41
1995-06-30,1105.6964111328125,1105.6964111328125,1054.2686710801236,1054.2686710801236,48
1995-07-03,1105.6964111328125,1105.6964111328125,1105.6964111328125,1105.6964111328125,15
1995-07-05,1157.1241455078125,1208.5518853081596,1131.4102756076388,1131.4102756076388,131
1995-07-06,1208.5517578125,1259.9794921875,1157.1240234375,1157.1240234375,105
1995-07-07,1234.2655029296875,1259.979367574056,1208.551638285319,1208.551638285319,55
1995-07-10,1375.6917724609375,1427.1195022725612,1221.408583026066,1221.408583026066,411
1995-07-11,1375.6917724609375,1414.2625698196555,1311.4071101964078,1362.8348400080315,195
1995-07-12,1337.1209716796875,1401.4056337796726,1337.1209716796875,1401.4056337796726,93
1995-07-13,1388.548828125,1427.11962890625,1362.8349609375,1427.11962890625,135
1995-07-14,1362.834716796875,1388.5485793779483,1362.834716796875,1388.5485793779483,75
1995-07-17,1439.976318359375,1439.976318359375,1375.69166128976,1375.69166128976,156
1995-07-18,1414.2626953125,1439.9765625,1388.548828125,1439.9765625,133
1995-07-19,1362.834716796875,1401.4055106684848,1362.834716796875,1388.5485793779483,133
1995-07-20,1478.5472412109375,1491.4041737432067,1388.5487134850543,1388.5487134850543,349
1995-07-21,1517.1180419921875,1594.2596373477224,1491.4041768736759,1491.4041768736759,346
1995-07-24,1529.97509765625,1594.259765625,1517.1181640625,1568.5458984375,163
1995-07-25,1594.2596435546875,1594.2596435546875,1529.9749805081276,1529.9749805081276,152
1995-07-26,1542.83203125,1594.259765625,1517.1181640625,1594.259765625,52
1995-07-27,1542.83203125,1542.83203125,1439.9765625,1517.1181640625,138
1995-07-28,1542.83203125,1542.83203125,1491.404296875,1542.83203125,581
1995-07-31,1517.1180419921875,1594.2596373477224,1517.1180419921875,1568.5457722292108,97
1995-08-01,1517.1180419921875,1542.8319071106991,1491.4041768736759,1542.8319071106991,76
1995-08-02,1555.6890869140625,1568.5460215166581,1517.1182831062758,1568.5460215166581,42
1995-08-03,1568.5457763671875,1568.5457763671875,1517.1180459944928,1542.83191118084,77
1995-08-04,1542.83203125,1581.40283203125,1517.1181640625,1581.40283203125,80
1995-08-07,1542.83203125,1568.5458984375,1517.1181640625,1542.83203125,55
1995-08-08,1504.2613525390625,1542.8321564503206,1491.4044179019766,1517.1182871761487,98
1995-08-09,1491.404052734375,1504.2609842234644,1439.9763267780172,1491.404052734375,148
1995-08-10,1619.9737548828125,1671.4014931330605,1568.5460166325645,1645.6876240079366,731
1995-08-11,1658.5445556640625,1748.543097444283,1619.973752043968,1658.5445556640625,656
1995-08-14,1619.9737548828125,1697.1153622581846,1619.9737548828125,1658.5445585704986,473
1995-08-15,1542.83203125,1645.6875,1504.26123046875,1607.11669921875,430
1995-08-16,1645.6873779296875,1645.6873779296875,1542.831916809082,1542.831916809082,236
1995-08-17,1722.8289794921875,1722.8289794921875,1645.6873833955224,1671.4012487610773,198
1995-08-18,1619.9737548828125,1697.1153622581846,1594.2598857576886,1697.1153622581846,148
1995-08-21,1619.9737548828125,1645.6876240079366,1568.5460166325645,1619.9737548828125,147
1995-08-22,1619.9737548828125,1645.6876240079366,1619.9737548828125,1645.6876240079366,178
1995-08-23,1619.9737548828125,1671.4014931330605,1619.9737548828125,1645.6876240079366,43
1995-08-24,1671.401123046875,1671.401123046875,1619.9733961838942,1619.9733961838942,70
1995-08-25,1658.5445556640625,1671.401490204094,1645.687621124031,1671.401490204094,60
1995-08-28,1645.6873779296875,1722.8289737701416,1645.6873779296875,1671.4012432098389,78
1995-08-29,1619.9737548828125,1645.6876240079366,1594.2598857576886,1645.6876240079366,110
1995-08-30,1645.6873779296875,1671.4012432098389,1619.9735126495361,1645.6873779296875,93
1995-08-31,1607.11669921875,1645.6875,1594.259765625,1619.9736328125,44
1995-09-01,1568.5457763671875,1632.8304393330557,1568.5457763671875,1632.8304393330557,44
1995-09-05,1594.2596435546875,1594.2596435546875,1568.5457783360634,1594.2596435546875,35
1995-09-06,1594.2596435546875,1645.6873739919356,1594.2596435546875,1594.2596435546875,105
1995-09-07,1568.5457763671875,1619.9735067398822,1568.5457763671875,1619.9735067398822,78
1995-09-08,1671.401123046875,1671.401123046875,1555.6887376051682,1568.5456693209135,94
1995-09-11,1851.3985595703125,1889.969362894694,1671.4014773898655,1671.4014773898655,469
1995-09-12,1774.2569580078125,1928.5401717476223,1722.8292200945425,1825.6846959210825,304
1995-09-13,1825.6844482421875,1902.8260446467868,1774.2567173057878,1799.9705827739876,282
1995-09-14,1851.3985595703125,1851.3985595703125,1774.2569529215496,1799.9708218044707,180
1995-09-15,1799.970458984375,1851.3981863839285,1774.2565952845982,1851.3981863839285,65
1995-09-18,1799.970458984375,1799.970458984375,1748.5427315848212,1799.970458984375,111
1995-09-19,1697.115234375,1825.6845703125,1671.4013671875,1799.970703125,118
1995-09-20,1697.115234375,1748.54296875,1697.115234375,1697.115234375,85
1995-09-21,1799.970458984375,1799.970458984375,1697.1150041852677,1748.5427315848212,172
1995-09-22,1722.8289794921875,1774.2567102232974,1697.1151141266323,1774.2567102232974,96
1995-09-25,1774.2569580078125,1774.2569580078125,1697.1153511379075,1748.5430890511775,71
1995-09-26,1709.9720458984375,1774.256709278078,1697.1151132225095,1774.256709278078,105
1995-09-27,1671.401123046875,1697.1149864783654,1594.2595327524039,1697.1149864783654,113
1995-09-28,1671.401123046875,1671.401123046875,1632.8303278996393,1645.6872596153846,50
1995-09-29,1619.9737548828125,1671.4014931330605,1619.9737548828125,1671.4014931330605,33
1995-10-02,1619.9737548828125,1671.4014931330605,1619.9737548828125,1658.5445585704986,76
1995-10-03,1568.5457763671875,1594.2596415535347,1568.5457763671875,1594.2596415535347,32
1995-10-04,1542.83203125,1568.5458984375,1529.97509765625,1542.83203125,89
1995-10-05,1517.1180419921875,1568.5457722292108,1517.1180419921875,1542.8319071106991,95
1995-10-06,1504.2613525390625,1529.9752218132346,1504.2613525390625,1504.2613525390625,70
1995-10-09,1465.6903076171875,1517.1180377090186,1439.976442571272,1517.1180377090186,68
1995-10-10,1375.6917724609375,1439.9764347254672,1285.6932452905958,1439.9764347254672,202
1995-10-11,1388.548828125,1401.40576171875,1375.69189453125,1388.548828125,24
1995-10-12,1465.6903076171875,1465.6903076171875,1439.976442571272,1439.976442571272,59
1995-10-13,1517.1180419921875,1594.2596373477224,1491.4041768736759,1491.4041768736759,168
1995-10-16,1581.403076171875,1594.260011750508,1491.4045271214432,1491.4045271214432,82
1995-10-17,1645.6873779296875,1645.6873779296875,1581.402714729309,1581.402714729309,35
1995-10-18,1697.115234375,1722.8291015625,1619.9736328125,1645.6875,128
1995-10-19,1697.115234375,1774.2568359375,1697.115234375,1697.115234375,80
1995-10-20,1671.401123046875,1709.9719181941107,1645.6872596153846,1709.9719181941107,100
1995-10-23,1671.401123046875,1671.401123046875,1645.6872596153846,1645.6872596153846,63
1995-10-24,1761.39990234375,1774.2568359375,1671.4013671875,1671.4013671875,181
1995-10-25,1709.9720458984375,1774.256709278078,1709.9720458984375,1735.6859112502939,95
1995-10-26,1645.6873779296875,1748.542839050293,1645.6873779296875,1697.1151084899902,148
1995-10-27,1748.5428466796875,1748.5428466796875,1671.4012505026424,1671.4012505026424,76
1995-10-30,1722.8289794921875,1774.2567102232974,1709.97204680941,1748.5428448577425,83
1995-10-31,1722.8289794921875,1761.39977754052,1697.1151141266323,1748.5428448577425,59
1995-11-01,1697.115234375,1761.39990234375,1697.115234375,1722.8291015625,38
1995-11-02,1799.970458984375,1799.970458984375,1697.1150041852677,1722.8288678850445,140
1995-11-03,1812.82763671875,1825.6845703125,1787.11376953125,1799.970703125,107
1995-11-06,1799.970458984375,1812.8273908342633,1774.2565952845982,1812.8273908342633,69
1995-11-07,1671.401123046875,1774.2565767728365,1671.401123046875,1774.2565767728365,150
1995-11-08,1697.115234375,1697.115234375,1619.9736328125,1619.9736328125,101
1995-11-09,1684.25830078125,1812.82763671875,1619.9736328125,1812.82763671875,412
1995-11-10,1645.6873779296875,1697.1151084899902,1619.9735126495361,1697.1151084899902,58
1995-11-13,1594.2596435546875,1619.9735087733116,1594.2596435546875,1619.9735087733116,36
1995-11-14,1517.1180419921875,1594.2596373477224,1465.6903117551642,1594.2596373477224,106
1995-11-15,1594.2596435546875,1594.2596435546875,1529.9749805081276,1542.8319131174396,85
1995-11-16,1491.404052734375,1542.8317786907328,1491.404052734375,1542.8317786907328,58
1995-11-17,1504.2613525390625,1542.8321564503206,1491.4044179019766,1491.4044179019766,53
1995-11-20,1414.2626953125,1491.404296875,1414.2626953125,1478.54736328125,40
1995-11-21,1414.2626953125,1439.9765625,1388.548828125,1427.11962890625,56
1995-11-22,1414.2626953125,1414.2626953125,1388.548828125,1388.548828125,94
1995-11-24,1439.976318359375,1439.976318359375,1388.5485927036832,1388.5485927036832,48
1995-11-27,1388.548828125,1439.9765625,1388.548828125,1439.9765625,26
1995-11-28,1465.6903076171875,1465.6903076171875,1414.2625775253564,1414.2625775253564,60
1995-11-29,1517.1180419921875,1542.8319071106991,1491.4041768736759,1491.4041768736759,36
1995-11-30,1465.6903076171875,1555.6888352778922,1465.6903076171875,1517.1180377090186,88
1995-12-01,1465.6903076171875,1491.404172663103,1465.6903076171875,1465.6903076171875,27
1995-12-04,1388.548828125,1439.9765625,1388.548828125,1439.9765625,46
1995-12-05,1388.548828125,1401.40576171875,1362.8349609375,1362.8349609375,66
1995-12-06,1452.83349609375,1465.6904296875,1388.548828125,1401.40576171875,55
1995-12-07,1491.404052734375,1542.8317786907328,1491.404052734375,1517.117915712554,97
1995-12-08,1414.2626953125,1465.6904296875,1414.2626953125,1465.6904296875,40
1995-12-11,1401.40576171875,1439.9765625,1388.548828125,1439.9765625,19
1995-12-12,1375.6917724609375,1401.4056373667495,1375.6917724609375,1401.4056373667495,49
1995-12-13,1414.2626953125,1414.2626953125,1349.97802734375,1349.97802734375,32
1995-12-14,1349.97802734375,1414.2626953125,1337.12109375,1414.2626953125,76
1995-12-15,1337.1209716796875,1362.8348365196816,1337.1209716796875,1362.8348365196816,45
1995-12-18,1272.8363037109375,1337.12096551452,1247.1224389895044,1337.12096551452,60
1995-12-19,1311.4072265625,1311.4072265625,1259.9794921875,1285.693359375,48
1995-12-20,1272.8363037109375,1285.693236071654,1259.9793713502208,1285.693236071654,49
1995-12-21,1324.2640380859375,1324.2640380859375,1259.9793760429309,1259.9793760429309,73
1995-12-22,1247.122314453125,1349.9777630678157,1234.2653833762886,1324.263900914143,177
1995-12-26,1247.122314453125,1259.9792455299614,1182.8376590689434,1247.122314453125,83
1995-12-27,1234.2655029296875,1247.1224352518718,1221.4085706075032,1234.2655029296875,102
1995-12-28,1285.693359375,1298.55029296875,1157.1240234375,1234.265625,241
1995-12-29,1311.4072265625,1362.8349609375,1208.5517578125,1259.9794921875,149
1996-01-02,1362.834716796875,1414.2624419590213,1337.120854215802,1337.120854215802,29
1996-01-03,1259.9793701171875,1337.1209642059948,1259.9793701171875,1337.1209642059948,35
1996-01-04,1234.2655029296875,1285.6932322184246,1234.2655029296875,1285.6932322184246,45
1996-01-05,1311.4072265625,1311.4072265625,1221.40869140625,1221.40869140625,65
1996-01-08,1337.1209716796875,1337.1209716796875,1311.4071068396936,1311.4071068396936,12
1996-01-09,1259.9793701171875,1337.1209642059948,1259.9793701171875,1337.1209642059948,53
1996-01-10,1234.2655029296875,1285.6932322184246,1234.2655029296875,1259.979367574056,37
1996-01-11,1259.9793701171875,1259.9793701171875,1234.2655054209183,1234.2655054209183,18
1996-01-12,1234.2655029296875,1259.979367574056,1208.551638285319,1259.979367574056,45
1996-01-15,1195.69482421875,1247.12255859375,1182.837890625,1221.40869140625,44
1996-01-16,1182.8380126953125,1195.6949476159136,1105.6964031717052,1195.6949476159136,157
1996-01-17,1208.5517578125,1234.265625,1182.837890625,1182.837890625,46
1996-01-18,1208.5517578125,1208.5517578125,1157.1240234375,1208.5517578125,26
1996-01-19,1234.2655029296875,1259.979367574056,1169.9808413187664,1208.551638285319,42
1996-01-22,1337.1209716796875,1337.1209716796875,1259.9793771597056,1272.8363095797026,39
1996-01-23,1285.693359375,1362.8349609375,1285.693359375,1311.4072265625,110
1996-01-24,1337.1209716796875,1337.1209716796875,1285.6932419996997,1311.4071068396936,88
1996-01-25,1311.4072265625,1311.4072265625,1311.4072265625,1311.4072265625,10
1996-01-26,1285.693359375,1311.4072265625,1285.693359375,1311.4072265625,3
1996-01-29,1285.693359375,1337.12109375,1285.693359375,1311.4072265625,21
1996-01-30,1285.693359375,1311.4072265625,1285.693359375,1285.693359375,27
1996-01-31,1285.693359375,1311.4072265625,1285.693359375,1311.4072265625,32
1996-02-01,1311.4072265625,1337.12109375,1259.9794921875,1259.9794921875,222
1996-02-02,1337.1209716796875,1388.5487013596755,1337.1209716796875,1337.1209716796875,144
1996-02-05,1337.1209716796875,1337.1209716796875,1311.4071068396936,1311.4071068396936,65
1996-02-06,1439.976318359375,1439.976318359375,1337.1208670479912,1337.1208670479912,86
1996-02-07,1337.1209716796875,1439.9764310396636,1311.4071068396936,1439.9764310396636,80
1996-02-08,1067.12548828125,1169.98095703125,1041.41162109375,1169.98095703125,629
1996-02-09,1054.2685546875,1079.982421875,951.4130859375,1067.12548828125,353
1996-02-12,1015.6976928710938,1054.2684913345531,989.9838272287876,1041.4115585134,178
1996-02-13,951.4131469726562,977.1270158097551,874.2715404613598,977.1270158097551,364
1996-02-14,951.4131469726562,977.1270158097551,938.5562125541069,951.4131469726562,149
1996-02-15,964.27001953125,977.126953125,938.55615234375,951.4130859375,64
1996-02-16,1015.6976928710938,1015.6976928710938,938.5560959441752,951.4130287653284,115
1996-02-20,938.55615234375,977.126953125,925.69921875,964.27001953125,96
1996-02-21,874.2714233398438,925.6991541245404,861.4144906436695,925.6991541245404,250
1996-02-22,887.1284790039062,912.8423479605412,887.1284790039062,887.1284790039062,73
1996-02-23,912.8422241210938,912.8422241210938,848.5575604505941,848.5575604505941,183
1996-02-26,925.6992797851562,938.5562142266168,899.9854109022353,938.5562142266168,103
1996-02-27,874.2714233398438,925.6991541245404,874.2714233398438,899.9852887321921,58
1996-02-28,912.8422241210938,925.6991568551936,887.1283586528939,912.8422241210938,68
1996-02-29,925.6992797851562,925.6992797851562,887.1284764607748,912.8423453436958,55
1996-03-01,1002.8407592773438,1002.8407592773438,925.6991624098558,951.4130280323518,41
1996-03-04,938.55615234375,1002.8408203125,938.55615234375,977.126953125,19
1996-03-05,1041.41162109375,1041.41162109375,912.84228515625,925.69921875,112
1996-03-06,1028.5546875,1028.5546875,1002.8408203125,1028.5546875,166
1996-03-07,1002.8407592773438,1015.6976920885918,989.9838264660958,1002.8407592773438,43
1996-03-08,938.55615234375,977.126953125,925.69921875,977.126953125,65
1996-03-11,951.4131469726562,964.2700813912057,925.6992781355575,964.2700813912057,64
1996-03-12,925.6992797851562,938.5562142266168,925.6992797851562,938.5562142266168,29
1996-03-13,938.55615234375,951.4130859375,912.84228515625,925.69921875,38
1996-03-14,925.6992797851562,938.5562142266168,925.6992797851562,938.5562142266168,10
1996-03-15,925.6992797851562,925.6992797851562,899.9854109022353,925.6992797851562,23
1996-03-18,951.4131469726562,951.4131469726562,925.6992781355575,938.5562125541069,31
1996-03-19,938.55615234375,951.4130859375,925.69921875,938.55615234375,47
1996-03-20,899.9852294921875,925.6990931919643,887.1282976422991,925.6990931919643,71
1996-03-21,899.9852294921875,899.9852294921875,887.1282976422991,899.9852294921875,21
1996-03-22,899.9852294921875,899.9852294921875,874.2713657924106,874.2713657924106,40
1996-03-25,912.8422241210938,925.6991568551936,899.9852913869938,925.6991568551936,84
1996-03-26,912.8422241210938,912.8422241210938,899.9852913869938,899.9852913869938,35
1996-03-27,912.8422241210938,925.6991568551936,912.8422241210938,925.6991568551936,43
1996-03-28,887.1284790039062,938.5562169171761,887.1284790039062,938.5562169171761,35
1996-03-29,874.2714233398438,887.1283560360179,874.2714233398438,874.2714233398438,64
1996-04-01,938.55615234375,938.55615234375,874.271484375,874.271484375,39
1996-04-02,899.9852294921875,925.6990931919643,899.9852294921875,925.6990931919643,17
1996-04-03,925.6992797851562,925.6992797851562,899.9854109022353,899.9854109022353,114
1996-04-04,951.4131469726562,951.4131469726562,912.842343717008,912.842343717008,46
1996-04-08,951.4131469726562,951.4131469726562,951.4131469726562,951.4131469726562,28
1996-04-09,938.55615234375,964.27001953125,938.55615234375,951.4130859375,9
1996-04-10,912.8422241210938,938.5560895892935,899.9852913869938,925.6991568551936,57
1996-04-11,925.6992797851562,938.5562142266168,912.8423453436958,912.8423453436958,46
1996-04-12,964.27001953125,977.126953125,925.69921875,925.69921875,62
1996-04-15,1002.8407592773438,1079.9823561448318,977.1268936548478,1015.6976920885918,245
1996-04-16,1028.5546875,1067.12548828125,1002.8408203125,1015.69775390625,35
1996-04-17,1041.41162109375,1054.2685546875,1041.41162109375,1054.2685546875,33
1996-04-18,1015.6976928710938,1041.4115585134,1015.6976928710938,1028.5546256922469,46
1996-04-19,1028.5546875,1028.5546875,1002.8408203125,1015.69775390625,50
1996-04-22,1079.9825439453125,1092.8394789922806,1041.4117388044085,1041.4117388044085,81
1996-04-23,1131.41015625,1144.26708984375,1079.982421875,1079.982421875,85
1996-04-24,1079.9825439453125,1234.2657645089287,1054.2686738513764,1182.8380243210565,226
1996-04-25,1054.2685546875,1118.55322265625,1041.41162109375,1105.6962890625,47
1996-04-26,1105.6964111328125,1105.6964111328125,1054.2686710801236,1054.2686710801236,92
1996-04-29,1195.69482421875,1221.40869140625,1182.837890625,1182.837890625,413
1996-04-30,1221.4085693359375,1285.6932308799342,1208.551637027138,1208.551637027138,448
1996-05-01,1324.2640380859375,1324.2640380859375,1259.9793760429309,1272.8363084515322,387
1996-05-02,1285.693359375,1401.40576171875,1272.83642578125,1324.26416015625,228
1996-05-03,1337.1209716796875,1337.1209716796875,1285.6932419996997,1311.4071068396936,130
1996-05-06,1362.834716796875,1401.4055106684848,1337.120854215802,1349.9777855063385,193
1996-05-07,1362.834716796875,1427.1193732495578,1349.9777855063385,1375.6916480874117,276
1996-05-08,1311.4072265625,1349.97802734375,1247.12255859375,1337.12109375,116
1996-05-09,1247.122314453125,1311.4069698373066,1247.122314453125,1259.9792455299614,124
1996-05-10,1285.693359375,1311.4072265625,1247.12255859375,1247.12255859375,60
1996-05-13,1337.1209716796875,1337.1209716796875,1285.6932419996997,1298.5501744196965,98
1996-05-14,1311.4072265625,1324.26416015625,1285.693359375,1324.26416015625,135
1996-05-15,1324.2640380859375,1337.1209704945388,1311.4071056773362,1311.4071056773362,150
1996-05-16,1324.2640380859375,1337.1209704945388,1285.6932408601335,1324.2640380859375,78
1996-05-17,1311.4072265625,1324.26416015625,1298.55029296875,1298.55029296875,97
1996-05-20,1311.4072265625,1337.12109375,1298.55029296875,1324.26416015625,59
1996-05-21,1259.9793701171875,1285.6932348134567,1234.2655054209183,1285.6932348134567,86
1996-05-22,1234.2655029296875,1259.979367574056,1221.4085706075032,1247.1224352518718,102
1996-05-23,1182.8380126953125,1234.2657523777175,1157.12414285411,1234.2657523777175,113
1996-05-24,1234.2655029296875,1234.2655029296875,1157.123908996582,1182.8377736409504,60
1996-05-28,1234.2655029296875,1234.2655029296875,1182.8377736409504,1234.2655029296875,37
1996-05-29,1234.2655029296875,1311.407096862793,1208.551638285319,1285.6932322184246,179
1996-05-30,1285.693359375,1311.4072265625,1234.265625,1234.265625,124
1996-05-31,1285.693359375,1285.693359375,1208.5517578125,1285.693359375,111
1996-06-03,1259.9793701171875,1311.4070995097259,1247.122437769053,1285.6932348134567,96
1996-06-04,1259.9793701171875,1259.9793701171875,1247.122437769053,1259.9793701171875,65
1996-06-05,1259.9793701171875,1311.4070995097259,1234.2655054209183,1311.4070995097259,68
1996-06-06,1234.2655029296875,1259.979367574056,1208.551638285319,1259.979367574056,42
1996-06-07,1182.8380126953125,1234.2657523777175,1169.9810777747114,1182.8380126953125,110
1996-06-10,1195.69482421875,1208.5517578125,1195.69482421875,1208.5517578125,9
1996-06-11,1221.4085693359375,1221.4085693359375,1182.8377724095394,1195.6947047183387,56
1996-06-12,1311.4072265625,1337.12109375,1182.837890625,1234.265625,211
1996-06-13,1285.693359375,1337.12109375,1285.693359375,1324.26416015625,254
1996-06-14,1362.834716796875,1362.834716796875,1311.406991634729,1311.406991634729,105
1996-06-17,1362.834716796875,1414.2624419590213,1362.834716796875,1362.834716796875,144
1996-06-18,1337.1209716796875,1362.8348365196816,1337.1209716796875,1362.8348365196816,86
1996-06-19,1285.693359375,1337.12109375,1285.693359375,1311.4072265625,138
1996-06-20,1234.2655029296875,1285.6932322184246,1234.2655029296875,1285.6932322184246,120
1996-06-21,1311.4072265625,1311.4072265625,1259.9794921875,1259.9794921875,83
1996-06-24,1311.4072265625,1324.26416015625,1298.55029296875,1298.55029296875,253
1996-06-25,1324.2640380859375,1324.2640380859375,1311.4071056773362,1311.4071056773362,234
1996-06-26,1285.693359375,1311.4072265625,1285.693359375,1311.4072265625,213
1996-06-27,1285.693359375,1285.693359375,1234.265625,1285.693359375,30
1996-06-28,1234.2655029296875,1311.407096862793,1234.2655029296875,1311.407096862793,65
1996-07-01,1375.6917724609375,1388.5487049138435,1259.9793803847838,1259.9793803847838,135
1996-07-02,1337.1209716796875,1388.5487013596755,1337.1209716796875,1388.5487013596755,102
1996-07-03,1362.834716796875,1388.5485793779483,1337.120854215802,1349.9777855063385,40
1996-07-05,1337.1209716796875,1362.8348365196816,1337.1209716796875,1362.8348365196816,24
1996-07-08,1324.2640380859375,1337.1209704945388,1311.4071056773362,1337.1209704945388,67
1996-07-09,1337.1209716796875,1337.1209716796875,1285.6932419996997,1311.4071068396936,51
1996-07-10,1259.9793701171875,1337.1209642059948,1234.2655054209183,1337.1209642059948,127
1996-07-11,1234.2655029296875,1234.2655029296875,1234.2655029296875,1234.2655029296875,77
1996-07-12,1182.8380126953125,1234.2657523777175,1182.8380126953125,1234.2657523777175,44
1996-07-15,1131.41015625,1208.5517578125,1079.982421875,1208.5517578125,80
1996-07-16,1182.8380126953125,1208.551882536515,1105.6964031717052,1131.4102730129075,145
1996-07-17,1234.2655029296875,1234.2655029296875,1182.8377736409504,1182.8377736409504,35
1996-07-18,1208.5517578125,1234.265625,1208.5517578125,1234.265625,17
1996-07-19,1195.69482421875,1208.5517578125,1195.69482421875,1208.5517578125,24
1996-07-22,1182.8380126953125,1208.551882536515,1182.8380126953125,1182.8380126953125,12
1996-07-23,1234.2655029296875,1259.979367574056,1208.551638285319,1208.551638285319,54
1996-07-24,1234.2655029296875,1234.2655029296875,1208.551638285319,1234.2655029296875,73
1996-07-25,1234.2655029296875,1234.2655029296875,1208.551638285319,1221.4085706075032,30
1996-07-26,1221.4085693359375,1247.122433953536,1221.4085693359375,1221.4085693359375,43
1996-07-29,1234.2655029296875,1234.2655029296875,1208.551638285319,1234.2655029296875,13
1996-07-30,1234.2655029296875,1234.2655029296875,1234.2655029296875,1234.2655029296875,15
1996-07-31,1208.5517578125,1234.265625,1208.5517578125,1234.265625,143
1996-08-01,1259.9793701171875,1285.6932348134567,1221.4085730727838,1221.4085730727838,43
1996-08-02,1298.550048828125,1311.4069800046411,1259.9792552985768,1259.9792552985768,18
1996-08-05,1324.2640380859375,1362.8348353117415,1311.4071056773362,1311.4071056773362,60
1996-08-06,1311.4072265625,1337.12109375,1285.693359375,1337.12109375,48
1996-08-07,1362.834716796875,1362.834716796875,1311.406991634729,1324.2639229252654,42
1996-08-08,1491.404052734375,1517.117915712554,1439.9763267780172,1439.9763267780172,431
1996-08-09,1478.5472412109375,1491.4041737432067,1465.6903086786685,1478.5472412109375,140
1996-08-12,1452.83349609375,1465.6904296875,1452.83349609375,1465.6904296875,119
1996-08-13,1439.976318359375,1452.8332497732981,1414.262455531529,1452.8332497732981,117
1996-08-14,1439.976318359375,1478.5471126011441,1439.976318359375,1465.690181187221,44
1996-08-15,1414.2626953125,1439.9765625,1414.2626953125,1439.9765625,39
1996-08-16,1439.976318359375,1439.976318359375,1414.262455531529,1414.262455531529,22
1996-08-19,1439.976318359375,1439.976318359375,1427.119386945452,1439.976318359375,50
1996-08-20,1465.6903076171875,1478.5472401401453,1439.976442571272,1439.976442571272,75
1996-08-21,1465.6903076171875,1491.404172663103,1465.6903076171875,1491.404172663103,136
1996-08-22,1452.83349609375,1465.6904296875,1452.83349609375,1465.6904296875,11
1996-08-23,1517.1180419921875,1517.1180419921875,1452.8333791959085,1452.8333791959085,94
1996-08-26,1517.1180419921875,1517.1180419921875,1491.4041768736759,1517.1180419921875,23
1996-08-27,1491.404052734375,1529.9748472016433,1491.404052734375,1491.404052734375,83
1996-08-28,1491.404052734375,1504.2609842234644,1478.5471212452856,1491.404052734375,77
1996-08-29,1517.1180419921875,1542.8319071106991,1504.2611094329318,1517.1180419921875,115
1996-08-30,1517.1180419921875,1517.1180419921875,1504.2611094329318,1517.1180419921875,74
1996-09-03,1517.1180419921875,1542.8319071106991,1491.4041768736759,1542.8319071106991,29
1996-09-04,1491.404052734375,1517.117915712554,1491.404052734375,1504.2609842234644,42
1996-09-05,1439.976318359375,1478.5471126011441,1388.5485927036832,1478.5471126011441,66
1996-09-06,1465.6903076171875,1465.6903076171875,1414.2625775253564,1439.976442571272,65
1996-09-09,1427.1197509765625,1439.976685670045,1414.26281628308,1439.976685670045,24
1996-09-10,1439.976318359375,1465.690181187221,1414.262455531529,1427.119386945452,25
1996-09-11,1594.2596435546875,1594.2596435546875,1491.4041826801915,1517.1180478988156,271
1996-09-12,1529.97509765625,1594.259765625,1491.404296875,1594.259765625,71
1996-09-13,1568.5457763671875,1581.402708960361,1542.83191118084,1581.402708960361,62
1996-09-16,1517.1180419921875,1568.5457722292108,1504.2611094329318,1542.8319071106991,53
1996-09-17,1568.5457763671875,1568.5457763671875,1491.4041808081454,1517.1180459944928,79
1996-09-18,1529.97509765625,1542.83203125,1517.1181640625,1542.83203125,65
1996-09-19,1555.6890869140625,1555.6890869140625,1517.1182831062758,1529.9752177088715,32
1996-09-20,1529.97509765625,1607.11669921875,1517.1181640625,1607.11669921875,107
1996-09-23,1517.1180419921875,1542.8319071106991,1517.1180419921875,1517.1180419921875,12
1996-09-24,1542.83203125,1555.68896484375,1517.1181640625,1529.97509765625,23
1996-09-25,1555.6890869140625,1568.5460215166581,1542.8321523114669,1568.5460215166581,7
1996-09-26,1594.2596435546875,1619.9735087733116,1568.5457783360634,1581.4027109453755,126
1996-09-27,1594.2596435546875,1632.8304413826236,1568.5457783360634,1619.9735087733116,43
1996-09-30,1581.403076171875,1594.260011750508,1568.546140593242,1581.403076171875,26
1996-10-01,1594.2596435546875,1594.2596435546875,1568.5457783360634,1568.5457783360634,42
1996-10-02,1594.2596435546875,1594.2596435546875,1568.5457783360634,1594.2596435546875,16
1996-10-03,1542.83203125,1568.5458984375,1542.83203125,1568.5458984375,38
1996-10-04,1504.2613525390625,1542.8321564503206,1504.2613525390625,1542.8321564503206,18
1996-10-07,1568.5457763671875,1568.5457763671875,1439.9764504354507,1491.4041808081454,125
1996-10-08,1619.9737548828125,1645.6876240079366,1568.5460166325645,1594.2598857576886,80
1996-10-09,1632.8306884765625,1632.8306884765625,1607.1168193666954,1619.973753921629,18
1996-10-10,1632.8306884765625,1671.4014921413632,1607.1168193666954,1607.1168193666954,115
1996-10-11,1671.401123046875,1671.401123046875,1607.116464468149,1607.116464468149,163
1996-10-14,1671.401123046875,1697.1149864783654,1645.6872596153846,1697.1149864783654,55
1996-10-15,1439.976318359375,1645.687220982143,1439.976318359375,1645.687220982143,263
1996-10-16,1465.6903076171875,1491.404172663103,1388.5487124794408,1414.2625775253564,152
1996-10-17,1452.83349609375,1465.6904296875,1452.83349609375,1465.6904296875,20
1996-10-18,1439.976318359375,1465.690181187221,1439.976318359375,1439.976318359375,28
1996-10-21,1439.976318359375,1452.8332497732981,1414.262455531529,1439.976318359375,51
1996-10-22,1439.976318359375,1439.976318359375,1427.119386945452,1439.976318359375,33
1996-10-23,1439.976318359375,1465.690181187221,1439.976318359375,1465.690181187221,75
1996-10-24,1491.404052734375,1491.404052734375,1439.9763267780172,1439.9763267780172,86
1996-10-25,1517.1180419921875,1542.8319071106991,1491.4041768736759,1491.4041768736759,52
1996-10-28,1517.1180419921875,1555.688839669955,1517.1180419921875,1542.8319071106991,83
1996-10-29,1542.83203125,1542.83203125,1517.1181640625,1517.1181640625,21
1996-10-30,1542.83203125,1542.83203125,1517.1181640625,1542.83203125,47
1996-10-31,1607.11669921875,1619.9736328125,1542.83203125,1542.83203125,78
1996-11-01,1632.8306884765625,1645.687623031496,1607.1168193666954,1619.973753921629,78
1996-11-04,1607.11669921875,1671.4013671875,1607.11669921875,1645.6875,137
1996-11-05,1607.11669921875,1645.6875,1607.11669921875,1619.9736328125,86
1996-11-06,1722.8289794921875,1774.2567102232974,1607.1165853471898,1619.9735180299674,338
1996-11-07,1607.11669921875,1761.39990234375,1607.11669921875,1722.8291015625,209
1996-11-08,1697.115234375,1722.8291015625,1594.259765625,1594.259765625,190
1996-11-11,1697.115234375,1748.54296875,1697.115234375,1748.54296875,185
1996-11-12,1607.11669921875,1697.115234375,1594.259765625,1697.115234375,80
1996-11-13,1697.115234375,1697.115234375,1594.259765625,1594.259765625,70
1996-11-14,1645.6873779296875,1697.1151084899902,1645.6873779296875,1684.2581758499146,35
1996-11-15,1619.9737548828125,1645.6876240079366,1594.2598857576886,1645.6876240079366,55
1996-11-18,1645.6873779296875,1645.6873779296875,1594.2596473693848,1607.1165800094604,36
1996-11-19,1632.8306884765625,1645.687623031496,1619.973753921629,1619.973753921629,70
1996-11-20,1619.9737548828125,1645.6876240079366,1619.9737548828125,1632.8306894453747,40
1996-11-21,1594.2596435546875,1619.9735087733116,1568.5457783360634,1619.9735087733116,57
1996-11-22,1645.6873779296875,1645.6873779296875,1594.2596473693848,1594.2596473693848,93
1996-11-25,1594.2596435546875,1619.9735087733116,1594.2596435546875,1619.9735087733116,33
1996-11-26,1594.2596435546875,1594.2596435546875,1542.8319131174396,1594.2596435546875,15
1996-11-27,1517.1180419921875,1568.5457722292108,1517.1180419921875,1568.5457722292108,5
1996-11-29,1594.2596435546875,1619.9735087733116,1542.8319131174396,1568.5457783360634,35
1996-12-02,1568.5457763671875,1619.9735067398822,1568.5457763671875,1619.9735067398822,26
1996-12-03,1619.9737548828125,1619.9737548828125,1568.5460166325645,1568.5460166325645,42
1996-12-04,1594.2596435546875,1645.6873739919356,1594.2596435546875,1619.9735087733116,97
1996-12-05,1594.2596435546875,1594.2596435546875,1568.5457783360634,1568.5457783360634,8
1996-12-06,1568.5457763671875,1568.5457763671875,1517.1180459944928,1542.83191118084,55
1996-12-09,1619.9737548828125,1632.8306894453747,1555.6890820700025,1555.6890820700025,47
1996-12-10,1671.401123046875,1671.401123046875,1619.9733961838942,1645.6872596153846,194
1996-12-11,1619.9737548828125,1645.6876240079366,1619.9737548828125,1645.6876240079366,70
1996-12-12,1671.401123046875,1697.1149864783654,1632.8303278996393,1645.6872596153846,188
1996-12-13,1709.9720458984375,1709.9720458984375,1658.5443151947252,1658.5443151947252,68
1996-12-16,1619.9737548828125,1722.8292313833085,1619.9737548828125,1722.8292313833085,75
1996-12-17,1684.25830078125,1697.115234375,1619.9736328125,1619.9736328125,35
1996-12-18,1709.9720458984375,1709.9720458984375,1658.5443151947252,1684.2581805465813,34
1996-12-19,1697.115234375,1722.8291015625,1671.4013671875,1722.8291015625,56
1996-12-20,1671.401123046875,1684.2580547626203,1671.401123046875,1671.401123046875,33
1996-12-23,1645.6873779296875,1671.4012432098389,1645.6873779296875,1671.4012432098389,22
1996-12-24,1671.401123046875,1684.2580547626203,1671.401123046875,1671.401123046875,19
1996-12-26,1697.115234375,1697.115234375,1645.6875,1671.4013671875,50
1996-12-27,1697.115234375,1697.115234375,1671.4013671875,1697.115234375,23
1996-12-30,1722.8289794921875,1722.8289794921875,1671.4012487610773,1697.1151141266323,51
1996-12-31,1774.2569580078125,1799.9708269644475,1697.1153511379075,1697.1153511379075,125
1997-01-02,1877.1123046875,1877.1123046875,1748.54296875,1748.54296875,256
1997-01-03,1877.1123046875,2005.681640625,1877.1123046875,1928.5400390625,397
1997-01-06,1902.8262939453125,1954.2540316195102,1902.8262939453125,1902.8262939453125,137
1997-01-07,1954.25390625,1954.25390625,1877.1123046875,1915.68310546875,185
1997-01-08,2082.8232421875,2108.537109375,2005.681640625,2005.681640625,172
1997-01-09,2134.2509765625,2185.6787109375,2082.8232421875,2082.8232421875,210
1997-01-10,2108.537109375,2108.537109375,2005.681640625,2108.537109375,136
1997-01-13,2057.109375,2108.537109375,2044.25244140625,2108.537109375,65
1997-01-14,1979.9676513671875,2082.8231137758726,1928.539920162845,2082.8231137758726,87
1997-01-15,2082.8232421875,2108.537109375,1967.11083984375,1967.11083984375,210
1997-01-16,1954.25390625,2108.537109375,1954.25390625,2057.109375,120
1997-01-17,1954.25390625,2005.681640625,1928.5400390625,1954.25390625,96
1997-01-20,2057.109375,2057.109375,1967.11083984375,1967.11083984375,48
1997-01-21,2005.6815185546875,2057.1092497996797,1992.8245857434397,2057.1092497996797,74
1997-01-22,1915.6832275390625,2031.395637256187,1915.6832275390625,2031.395637256187,67
1997-01-23,1902.8262939453125,1979.967900456609,1877.1124251082138,1889.9693595267631,85
1997-01-24,1954.25390625,1954.25390625,1889.96923828125,1928.5400390625,75
1997-01-27,1928.5400390625,1928.5400390625,1928.5400390625,1928.5400390625,18
1997-01-28,1954.25390625,1979.9677734375,1902.826171875,1902.826171875,63
1997-01-29,2082.8232421875,2108.537109375,1954.25390625,1979.9677734375,116
1997-01-30,2134.2509765625,2134.2509765625,2031.3955078125,2134.2509765625,147
1997-01-31,2314.248291015625,2365.6760308159724,2134.2512017144095,2134.2512017144095,233
1997-02-03,2339.9619140625,2494.2451171875,2314.248046875,2391.3896484375,268
1997-02-04,2442.817138671875,2494.244867907072,2314.2478155838817,2365.675544819079,169
1997-02-05,2442.817138671875,2571.3864617598683,2391.3894094366774,2468.5310032894736,253
1997-02-06,2417.103515625,2468.53125,2417.103515625,2442.8173828125,99
1997-02-07,2262.8203125,2442.8173828125,2108.537109375,2442.8173828125,406
1997-02-10,2057.109375,2211.392578125,2057.109375,2211.392578125,90
1997-02-11,2185.6787109375,2185.6787109375,2057.109375,2057.109375,93
1997-02-12,2211.392822265625,2211.392822265625,2159.965082212936,2185.6789522392805,53
1997-02-13,2134.2509765625,2211.392578125,2134.2509765625,2185.6787109375,80
1997-02-14,2082.8232421875,2159.96484375,2057.109375,2159.96484375,80
1997-02-18,2108.537109375,2134.2509765625,2005.681640625,2134.2509765625,72
1997-02-19,2082.8232421875,2108.537109375,2082.8232421875,2082.8232421875,59
1997-02-20,2031.3953857421875,2108.5369826691062,2031.3953857421875,2082.8231170268,97
1997-02-21,2057.109375,2057.109375,2031.3955078125,2031.3955078125,28
1997-02-24,2108.537109375,2134.2509765625,2057.109375,2057.109375,62
1997-02-25,2262.8203125,2262.8203125,2108.537109375,2108.537109375,126
1997-02-26,2288.534423828125,2314.248293758778,2211.392814036166,2288.534423828125,149
1997-02-27,2159.965087890625,2237.106698172433,2159.965087890625,2237.106698172433,38
1997-02-28,2159.965087890625,2159.965087890625,2108.537347702753,2134.251217796689,59
1997-03-03,2134.2509765625,2159.96484375,2108.537109375,2159.96484375,40
1997-03-04,2159.965087890625,2159.965087890625,2134.251217796689,2159.965087890625,43
1997-03-05,2237.10595703125,2237.10595703125,2185.6782338811063,2185.6782338811063,58
1997-03-06,2134.2509765625,2237.1064453125,2134.2509765625,2237.1064453125,29
1997-03-07,2134.2509765625,2159.96484375,2134.2509765625,2159.96484375,26
1997-03-10,2057.109375,2134.2509765625,2031.3955078125,2134.2509765625,93
1997-03-11,2005.6815185546875,2031.3953841771836,1928.5399216871997,2031.3953841771836,97
1997-03-12,1979.9676513671875,2005.6815169693589,1979.9676513671875,1979.9676513671875,83
1997-03-13,1928.5400390625,1967.11083984375,1915.68310546875,1954.25390625,128
1997-03-14,1979.9676513671875,2031.39538257153,1954.2537857650163,1954.2537857650163,49
1997-03-17,1877.1123046875,1967.11083984375,1851.3984375,1967.11083984375,90
1997-03-18,1928.5400390625,1941.39697265625,1902.826171875,1902.826171875,68
1997-03-19,1979.9676513671875,1979.9676513671875,1889.969121759588,1928.539920162845,48
1997-03-20,1928.5400390625,1954.25390625,1928.5400390625,1954.25390625,33
1997-03-21,1941.39697265625,1941.39697265625,1941.39697265625,1941.39697265625,8
1997-03-24,1954.25390625,1979.9677734375,1954.25390625,1954.25390625,34
1997-03-25,1992.8245849609375,2031.3953833795365,1979.967652154738,1979.967652154738,25
1997-03-26,1979.9676513671875,2005.6815169693589,1967.110718566102,2005.6815169693589,21
1997-03-27,1954.25390625,1979.9677734375,1954.25390625,1979.9677734375,43
1997-03-31,1877.1123046875,1979.9677734375,1877.1123046875,1979.9677734375,28
1997-04-01,1902.8262939453125,1915.683228363862,1889.9693595267631,1902.8262939453125,18
1997-04-02,1902.8262939453125,1928.5401627824115,1902.8262939453125,1928.5401627824115,18
1997-04-03,1851.3985595703125,1877.1124284532336,1851.3985595703125,1877.1124284532336,38
1997-04-04,1851.3985595703125,1877.1124284532336,1851.3985595703125,1877.1124284532336,95
1997-04-07,1954.25390625,1954.25390625,1877.1123046875,1877.1123046875,20
1997-04-08,1954.25390625,1979.9677734375,1954.25390625,1979.9677734375,17
1997-04-09,2005.6815185546875,2044.2523169884316,1979.9676529321916,1979.9676529321916,32
1997-04-10,2031.3953857421875,2044.2523185633406,2018.5384529210344,2031.3953857421875,10
1997-04-11,1902.8262939453125,2005.681769293708,1902.8262939453125,2005.681769293708,58
1997-04-14,1902.8262939453125,1928.5401627824115,1902.8262939453125,1928.5401627824115,8
1997-04-15,1979.9676513671875,1979.9676513671875,1928.539920162845,1928.539920162845,21
1997-04-16,1954.25390625,1954.25390625,1928.5400390625,1954.25390625,12
1997-04-17,1954.25390625,1979.9677734375,1954.25390625,1979.9677734375,8
1997-04-18,1954.25390625,1967.11083984375,1954.25390625,1954.25390625,33
1997-04-21,1902.8262939453125,1967.1109660380596,1902.8262939453125,1967.1109660380596,28
1997-04-22,1877.1123046875,1928.5400390625,1877.1123046875,1928.5400390625,17
1997-04-23,1825.6844482421875,1851.3983137103871,1825.6844482421875,1851.3983137103871,18
1997-04-24,1774.2569580078125,1851.3985648777173,1774.2569580078125,1851.3985648777173,53
1997-04-25,1761.39990234375,1799.970703125,1722.8291015625,1799.970703125,20
1997-04-28,1748.5428466796875,1774.2567120720357,1748.5428466796875,1748.5428466796875,18
1997-04-29,1748.5428466796875,1774.2567120720357,1619.9735197179457,1774.2567120720357,158
1997-04-30,1799.970458984375,1799.970458984375,1748.5427315848212,1774.2565952845982,38
1997-05-01,1851.3985595703125,1851.3985595703125,1825.6846906873916,1825.6846906873916,22
1997-05-02,1902.8262939453125,1928.5401627824115,1877.1124251082138,1877.1124251082138,28
1997-05-05,1967.1104736328125,1967.1104736328125,1928.5396800321691,1954.2535424325981,39
1997-05-06,1954.25390625,2031.3955078125,1954.25390625,2005.681640625,44
1997-05-07,1928.5400390625,1954.25390625,1928.5400390625,1954.25390625,18
1997-05-08,1941.39697265625,1954.25390625,1941.39697265625,1954.25390625,14
1997-05-09,2082.8232421875,2082.8232421875,1928.5400390625,1928.5400390625,28
1997-05-12,2057.109375,2159.96484375,2057.109375,2108.537109375,63
1997-05-13,2031.3953857421875,2108.5369826691062,2031.3953857421875,2108.5369826691062,54
1997-05-14,2057.109375,2082.8232421875,2031.3955078125,2044.25244140625,35
1997-05-15,2057.109375,2108.537109375,2057.109375,2082.8232421875,40
1997-05-16,2005.6815185546875,2082.8231154221758,2005.6815185546875,2057.1092497996797,41
1997-05-19,1954.25390625,1979.9677734375,1902.826171875,1928.5400390625,68
1997-05-20,2005.6815185546875,2005.6815185546875,1979.9676529321916,1979.9676529321916,40
1997-05-21,2031.3953857421875,2057.1092513844937,2005.6815200998815,2005.6815200998815,23
1997-05-22,2185.6787109375,2237.1064453125,2121.39404296875,2121.39404296875,198
1997-05-23,2237.10595703125,2262.819818606322,2211.392095456178,2237.10595703125,254
1997-05-27,2275.677001953125,2288.5339341675494,2237.1062053098517,2237.1062053098517,130
1997-05-28,2211.392822265625,2288.5344323446584,2211.392822265625,2288.5344323446584,43
1997-05-29,2108.537109375,2185.6787109375,2057.109375,2185.6787109375,90
1997-05-30,2082.8232421875,2108.537109375,2069.96630859375,2082.8232421875,25
1997-06-02,2082.8232421875,2108.537109375,2082.8232421875,2108.537109375,36
1997-06-03,2044.2523193359375,2108.5369834659987,2031.3953865099254,2108.5369834659987,89
1997-06-04,1979.9676513671875,2018.5384497704445,1979.9676513671875,1992.824584168273,42
1997-06-05,1992.8245849609375,2031.3953833795365,1979.967652154738,2018.5384505733368,24
1997-06-06,2005.6815185546875,2018.5384513659355,1992.8245857434397,1992.8245857434397,11
1997-06-09,2044.2523193359375,2057.10925216195,2031.3953865099254,2031.3953865099254,8
1997-06-10,1979.9676513671875,2031.39538257153,1954.2537857650163,2031.39538257153,49
1997-06-11,2031.3953857421875,2044.2523185633406,1954.253788815269,1979.9676544575752,44
1997-06-12,2005.6815185546875,2031.3953841771836,1992.8245857434397,2031.3953841771836,25
1997-06-13,1992.8245849609375,2031.3953833795365,1992.8245849609375,1992.8245849609375,39
1997-06-16,2005.6815185546875,2005.6815185546875,1979.9676529321916,1979.9676529321916,11
1997-06-17,2005.6815185546875,2057.1092497996797,2005.6815185546875,2005.6815185546875,17
1997-06-18,2018.53857421875,2018.53857421875,1992.82470703125,1992.82470703125,20
1997-06-19,2005.6815185546875,2031.3953841771836,2005.6815185546875,2005.6815185546875,64
1997-06-20,1979.9676513671875,2005.6815169693589,1979.9676513671875,2005.6815169693589,26
1997-06-23,1967.1104736328125,1979.9674048330269,1954.2535424325981,1954.2535424325981,31
1997-06-24,1992.8245849609375,2031.3953833795365,1954.2537865423387,1954.2537865423387,80
1997-06-25,1954.25390625,2018.53857421875,1954.25390625,1979.9677734375,51
1997-06-26,1967.1104736328125,2005.6812672334559,1967.1104736328125,1979.9674048330269,27
1997-06-27,1954.25390625,1967.11083984375,1954.25390625,1967.11083984375,12
1997-06-30,1954.25390625,1954.25390625,1954.25390625,1954.25390625,2
1997-07-01,1928.5400390625,1928.5400390625,1928.5400390625,1928.5400390625,2
1997-07-02,1902.8262939453125,1915.683228363862,1902.8262939453125,1915.683228363862,18
1997-07-03,1851.3985595703125,1902.8262973361545,1851.3985595703125,1902.8262973361545,18
1997-07-07,1877.1123046875,1902.826171875,1825.6845703125,1851.3984375,23
1997-07-08,1967.1104736328125,1979.9674048330269,1889.9688864315258,1902.8258176317402,28
1997-07-09,2005.6815185546875,2005.6815185546875,1954.2537873096956,1954.2537873096956,38
1997-07-10,2057.109375,2057.109375,1979.9677734375,2005.681640625,34
1997-07-11,2134.2509765625,2159.96484375,2095.68017578125,2108.537109375,134
1997-07-14,2134.2509765625,2159.96484375,2134.2509765625,2159.96484375,29
1997-07-15,2211.392822265625,2237.1066922919695,2159.965082212936,2159.965082212936,82
1997-07-16,2237.10595703125,2262.819818606322,2211.392095456178,2224.249026243714,63
1997-07-17,2134.2509765625,2211.392578125,2134.2509765625,2211.392578125,51
1997-07-18,2108.537109375,2134.2509765625,2108.537109375,2134.2509765625,19
1997-07-21,2057.109375,2108.537109375,2057.109375,2108.537109375,28
1997-07-22,2082.8232421875,2082.8232421875,2031.3955078125,2082.8232421875,22
1997-07-23,2082.8232421875,2108.537109375,2082.8232421875,2082.8232421875,20
1997-07-24,2134.2509765625,2159.96484375,2057.109375,2082.8232421875,59
1997-07-25,2018.53857421875,2134.2509765625,2005.681640625,2134.2509765625,75
1997-07-28,2031.3953857421875,2031.3953857421875,2018.5384529210344,2031.3953857421875,45
1997-07-29,2082.8232421875,2082.8232421875,2005.681640625,2031.3955078125,33
1997-07-30,2108.537109375,2108.537109375,2082.8232421875,2082.8232421875,18
1997-07-31,2057.109375,2108.537109375,2057.109375,2108.537109375,17
1997-08-01,2108.537109375,2159.96484375,2057.109375,2057.109375,43
1997-08-04,2134.2509765625,2134.2509765625,2108.537109375,2108.537109375,5
1997-08-05,2057.109375,2108.537109375,2057.109375,2108.537109375,42
1997-08-06,2108.537109375,2121.39404296875,2057.109375,2057.109375,21
1997-08-07,2108.537109375,2134.2509765625,2057.109375,2134.2509765625,28
1997-08-08,1799.970458984375,1954.2536411830356,1748.5427315848212,1954.2536411830356,336
1997-08-11,1697.115234375,1787.11376953125,1697.115234375,1787.11376953125,165
1997-08-12,1748.5428466796875,1799.9705774643842,1697.1151158949906,1722.828981287339,123
1997-08-13,1748.5428466796875,1774.2567120720357,1722.828981287339,1748.5428466796875,135
1997-08-14,1671.401123046875,1774.2565767728365,1671.401123046875,1748.5427133413461,94
1997-08-15,1748.5428466796875,1774.2567120720357,1671.4012505026424,1671.4012505026424,56
1997-08-18,1761.39990234375,1812.82763671875,1761.39990234375,1774.2568359375,60
1997-08-19,1787.11376953125,1787.11376953125,1748.54296875,1761.39990234375,18
1997-08-20,1812.82763671875,1812.82763671875,1799.970703125,1799.970703125,20
1997-08-21,1825.6844482421875,1877.112179178587,1825.6844482421875,1838.5413809762872,75
1997-08-22,1825.6844482421875,1851.3983137103871,1748.542851837588,1851.3983137103871,47
1997-08-25,1877.1123046875,1902.826171875,1851.3984375,1851.3984375,38
1997-08-26,1825.6844482421875,1851.3983137103871,1825.6844482421875,1851.3983137103871,27
1997-08-27,1825.6844482421875,1825.6844482421875,1799.9705827739876,1799.9705827739876,4
1997-08-28,1774.2569580078125,1812.827761442765,1774.2569580078125,1799.9708269644475,16
1997-08-29,1799.970458984375,1799.970458984375,1748.5427315848212,1748.5427315848212,47
1997-09-02,1774.2569580078125,1825.6846959210825,1774.2569580078125,1825.6846959210825,22
1997-09-03,1748.5428466796875,1799.9705774643842,1748.5428466796875,1774.2567120720357,30
1997-09-04,1825.6844482421875,1825.6844482421875,1761.3997845716879,1774.2567173057878,37
1997-09-05,1825.6844482421875,1825.6844482421875,1774.2567173057878,1799.9705827739876,25
1997-09-08,1851.3985595703125,1851.3985595703125,1799.9708218044707,1825.6846906873916,29
1997-09-09,1851.3985595703125,1877.1124284532336,1825.6846906873916,1877.1124284532336,27
1997-09-10,1851.3985595703125,1877.1124284532336,1838.541625128852,1877.1124284532336,42
1997-09-11,1825.6844482421875,1825.6844482421875,1787.1136500398877,1812.8275155080876,18
1997-09-12,1851.3985595703125,1851.3985595703125,1799.9708218044707,1799.9708218044707,29
1997-09-15,1851.3985595703125,1851.3985595703125,1851.3985595703125,1851.3985595703125,18
1997-09-16,1902.8262939453125,1902.8262939453125,1851.398556271115,1851.398556271115,44
1997-09-17,1825.6844482421875,1877.112179178587,1799.9705827739876,1877.112179178587,40
1997-09-18,1851.3985595703125,1877.1124284532336,1825.6846906873916,1825.6846906873916,22
1997-09-19,1825.6844482421875,1851.3983137103871,1825.6844482421875,1825.6844482421875,20
1997-09-22,1838.5413818359375,1851.398314576049,1825.684449095826,1851.398314576049,59
1997-09-23,1851.3985595703125,1877.1124284532336,1825.6846906873916,1838.541625128852,46
1997-09-24,1915.6832275390625,1928.5401619520765,1851.3985554739934,1851.3985554739934,44
1997-09-25,1967.1104736328125,2005.6812672334559,1928.5396800321691,1928.5396800321691,72
1997-09-26,1979.9676513671875,2005.6815169693589,1967.110718566102,1967.110718566102,22
1997-09-29,1954.25390625,1979.9677734375,1954.25390625,1979.9677734375,25
1997-09-30,1954.25390625,1979.9677734375,1928.5400390625,1979.9677734375,23
1997-10-01,1851.3985595703125,1954.2540351019966,1825.6846906873916,1954.2540351019966,55
1997-10-02,1928.5400390625,1928.5400390625,1825.6845703125,1851.3984375,64
1997-10-03,1877.1123046875,1902.826171875,1877.1123046875,1902.826171875,15
1997-10-06,1851.3985595703125,1877.1124284532336,1838.541625128852,1877.1124284532336,11
1997-10-07,1877.1123046875,1877.1123046875,1851.3984375,1851.3984375,8
1997-10-08,1851.3985595703125,1864.2554940117732,1851.3985595703125,1864.2554940117732,5
1997-10-09,1851.3985595703125,1851.3985595703125,1851.3985595703125,1851.3985595703125,13
1997-10-10,1838.5413818359375,1851.398314576049,1838.5413818359375,1851.398314576049,10
1997-10-13,1838.5413818359375,1838.5413818359375,1838.5413818359375,1838.5413818359375,5
1997-10-14,1851.3985595703125,1851.3985595703125,1838.541625128852,1838.541625128852,24
1997-10-15,1851.3985595703125,1877.1124284532336,1825.6846906873916,1851.3985595703125,17
1997-10-16,1825.6844482421875,1851.3983137103871,1825.6844482421875,1851.3983137103871,35
1997-10-17,1799.970458984375,1825.6843226841518,1761.3996634347097,1825.6843226841518,60
1997-10-20,1774.2569580078125,1799.9708269644475,1774.2569580078125,1774.2569580078125,11
1997-10-21,1838.5413818359375,1838.5413818359375,1799.9705836156031,1799.9705836156031,13
1997-10-22,1799.970458984375,1799.970458984375,1799.970458984375,1799.970458984375,2
1997-10-23,1799.970458984375,1799.970458984375,1799.970458984375,1799.970458984375,1
1997-10-24,1799.970458984375,1799.970458984375,1799.970458984375,1799.970458984375,22
1997-10-27,1748.5428466796875,1799.9705774643842,1748.5428466796875,1799.9705774643842,71
1997-10-28,1825.6844482421875,1825.6844482421875,1748.542851837588,1774.2567173057878,80
1997-10-29,1799.970458984375,1825.6843226841518,1774.2565952845982,1825.6843226841518,15
1997-10-30,1799.970458984375,1799.970458984375,1774.2565952845982,1774.2565952845982,4
1997-10-31,1851.3985595703125,1851.3985595703125,1812.8277562459311,1825.6846906873916,48
1997-11-03,1915.6832275390625,1928.5401619520765,1851.3985554739934,1851.3985554739934,62
1997-11-04,1902.8262939453125,1902.8262939453125,1877.1124251082138,1902.8262939453125,25
1997-11-05,1979.9676513671875,1979.9676513671875,1902.8260545606738,1902.8260545606738,50
1997-11-06,1992.8245849609375,1992.8245849609375,1954.2537865423387,1979.967652154738,48
1997-11-07,1877.1123046875,1954.25390625,1851.3984375,1954.25390625,29
1997-11-10,1722.8289794921875,1851.3983063199626,1722.8289794921875,1851.3983063199626,71
1997-11-11,1799.970458984375,1812.8273908342633,1735.685799734933,1748.5427315848212,36
1997-11-12,1851.3985595703125,1877.1124284532336,1774.2569529215496,1799.9708218044707,68
1997-11-13,1825.6844482421875,1851.3983137103871,1825.6844482421875,1851.3983137103871,98
1997-11-14,1774.2569580078125,1825.6846959210825,1761.400023529495,1825.6846959210825,128
1997-11-17,1735.6861572265625,1774.2569607204862,1722.829222728588,1774.2569607204862,145
1997-11-18,1735.6861572265625,1774.2569607204862,1735.6861572265625,1735.6861572265625,74
1997-11-19,1851.3985595703125,1877.1124284532336,1722.8292151557075,1761.400018480089,134
1997-11-20,1851.3985595703125,1864.2554940117732,1851.3985595703125,1864.2554940117732,3
1997-11-21,1748.5428466796875,1851.3983082490809,1735.6859139835133,1851.3983082490809,87
1997-11-24,1671.401123046875,1799.970440204327,1671.401123046875,1748.5427133413461,48
1997-11-25,1697.115234375,1697.115234375,1697.115234375,1697.115234375,2
1997-11-26,1774.2569580078125,1774.2569580078125,1684.25841665959,1684.25841665959,24
1997-11-28,1774.2569580078125,1799.9708269644475,1761.400023529495,1761.400023529495,6
1997-12-01,1722.8289794921875,1748.5428448577425,1697.1151141266323,1748.5428448577425,35
1997-12-02,1748.5428466796875,1748.5428466796875,1697.1151158949906,1697.1151158949906,33
1997-12-03,1748.5428466796875,1748.5428466796875,1697.1151158949906,1722.828981287339,35
1997-12-04,1697.115234375,1748.54296875,1671.4013671875,1748.54296875,22
1997-12-05,1645.6873779296875,1697.1151084899902,1619.9735126495361,1697.1151084899902,26
1997-12-08,1671.401123046875,1671.401123046875,1619.9733961838942,1619.9733961838942,18
1997-12-09,1671.401123046875,1684.2580547626203,1645.6872596153846,1684.2580547626203,15
1997-12-10,1735.6861572265625,1761.4000262225115,1645.6876157407407,1645.6876157407407,73
1997-12-11,1709.9720458984375,1735.6859112502939,1709.9720458984375,1722.8289785743657,46
1997-12-12,1722.8289794921875,1748.5428448577425,1709.97204680941,1709.97204680941,41
1997-12-15,1735.6861572265625,1761.4000262225115,1722.829222728588,1748.5430917245371,29
1997-12-16,1722.8289794921875,1748.5428448577425,1722.8289794921875,1722.8289794921875,73
1997-12-17,1735.6861572265625,1748.5430917245371,1722.829222728588,1748.5430917245371,24
1997-12-18,1748.5428466796875,1748.5428466796875,1735.6859139835133,1735.6859139835133,25
1997-12-19,1735.6861572265625,1748.5430917245371,1722.829222728588,1735.6861572265625,63
1997-12-22,1761.39990234375,1787.11376953125,1735.68603515625,1735.68603515625,21
1997-12-23,1748.5428466796875,1761.3997793758615,1735.6859139835133,1761.3997793758615,62
1997-12-24,1748.5428466796875,1748.5428466796875,1748.5428466796875,1748.5428466796875,0
1997-12-26,1825.6844482421875,1825.6844482421875,1774.2567173057878,1774.2567173057878,15
1997-12-29,1787.11376953125,1799.970703125,1774.2568359375,1799.970703125,3
1997-12-30,1825.6844482421875,1838.5413809762872,1761.3997845716879,1774.2567173057878,28
1997-12-31,1877.1123046875,1877.1123046875,1799.970703125,1812.82763671875,60
1998-01-02,1877.1123046875,1902.826171875,1851.3984375,1851.3984375,53
1998-01-05,1851.3985595703125,1902.8262973361545,1851.3985595703125,1902.8262973361545,27
1998-01-06,1825.6844482421875,1851.3983137103871,1825.6844482421875,1825.6844482421875,53
1998-01-07,1851.3985595703125,1851.3985595703125,1825.6846906873916,1851.3985595703125,17
1998-01-08,1851.3985595703125,1851.3985595703125,1825.6846906873916,1825.6846906873916,30
1998-01-09,1812.82763671875,1851.3984375,1812.82763671875,1825.6845703125,21
1998-01-12,1851.3985595703125,1851.3985595703125,1799.9708218044707,1799.9708218044707,10
1998-01-13,1877.1123046875,1877.1123046875,1838.54150390625,1838.54150390625,24
1998-01-14,1877.1123046875,1877.1123046875,1851.3984375,1851.3984375,15
1998-01-15,1877.1123046875,1877.1123046875,1877.1123046875,1877.1123046875,0
1998-01-16,1864.25537109375,1864.25537109375,1851.3984375,1864.25537109375,2
1998-01-20,1877.1123046875,1877.1123046875,1825.6845703125,1851.3984375,28
1998-01-21,1902.8262939453125,1902.8262939453125,1851.398556271115,1864.2554906896644,48
1998-01-22,1877.1123046875,1902.826171875,1864.25537109375,1902.826171875,40
1998-01-23,1851.3985595703125,1902.8262973361545,1851.3985595703125,1851.3985595703125,16
1998-01-26,1877.1123046875,1877.1123046875,1864.25537109375,1864.25537109375,5
1998-01-27,1851.3985595703125,1864.2554940117732,1851.3985595703125,1864.2554940117732,35
1998-01-28,1851.3985595703125,1902.8262973361545,1851.3985595703125,1851.3985595703125,14
1998-01-29,1851.3985595703125,1851.3985595703125,1851.3985595703125,1851.3985595703125,9
1998-01-30,1902.8262939453125,1902.8262939453125,1851.398556271115,1851.398556271115,32
1998-02-02,2031.3953857421875,2031.3953857421875,1889.9691247095036,1889.9691247095036,91
1998-02-03,2057.109375,2082.8232421875,2005.681640625,2005.681640625,141
1998-02-04,2018.53857421875,2057.109375,2005.681640625,2057.109375,20
1998-02-05,2237.10595703125,2237.10595703125,2095.6797183683548,2095.6797183683548,66
1998-02-06,2172.82177734375,2288.5341796875,2134.2509765625,2262.8203125,166
1998-02-09,2211.392822265625,2211.392822265625,2185.6789522392805,2185.6789522392805,61
1998-02-10,2159.965087890625,2211.392828078497,2159.965087890625,2198.535893031529,78
1998-02-11,2249.96337890625,2249.96337890625,2185.6787109375,2185.6787109375,60
1998-02-12,2262.8203125,2275.67724609375,2237.1064453125,2262.8203125,73
1998-02-13,2237.10595703125,2262.819818606322,2211.392095456178,2237.10595703125,50
1998-02-17,2185.6787109375,2249.96337890625,2185.6787109375,2211.392578125,40
1998-02-18,2211.392822265625,2211.392822265625,2134.2512121865916,2159.965082212936,50
1998-02-19,2172.82177734375,2185.6787109375,2159.96484375,2185.6787109375,38
1998-02-20,2134.2509765625,2172.82177734375,2134.2509765625,2159.96484375,23
1998-02-23,2108.537109375,2108.537109375,2108.537109375,2108.537109375,11
1998-02-24,2108.537109375,2134.2509765625,2108.537109375,2108.537109375,9
1998-02-25,2147.10791015625,2147.10791015625,2121.39404296875,2121.39404296875,59
1998-02-26,2121.3935546875,2134.25048532197,2121.3935546875,2134.25048532197,36
1998-02-27,2121.3935546875,2121.3935546875,2121.3935546875,2121.3935546875,4
1998-03-02,2121.3935546875,2121.3935546875,2121.3935546875,2121.3935546875,13
1998-03-03,2095.68017578125,2121.39404296875,2095.68017578125,2121.39404296875,30
1998-03-04,2095.68017578125,2095.68017578125,2095.68017578125,2095.68017578125,23
1998-03-05,2082.8232421875,2095.68017578125,2082.8232421875,2082.8232421875,66
1998-03-06,2082.8232421875,2095.68017578125,2082.8232421875,2095.68017578125,3
1998-03-09,2108.537109375,2108.537109375,2082.8232421875,2082.8232421875,30
1998-03-10,2211.392822265625,2211.392822265625,2108.537342160247,2108.537342160247,61
1998-03-11,2211.392822265625,2224.2497572787975,2185.6789522392805,2185.6789522392805,28
1998-03-12,2237.10595703125,2237.10595703125,2224.249026243714,2224.249026243714,19
1998-03-13,2211.392822265625,2211.392822265625,2211.392822265625,2211.392822265625,12
1998-03-16,2185.6787109375,2211.392578125,2185.6787109375,2185.6787109375,8
1998-03-17,2288.534423828125,2288.534423828125,2211.392814036166,2237.1066839668188,57
1998-03-18,2288.534423828125,2288.534423828125,2249.9636189321454,2249.9636189321454,22
1998-03-19,2404.24658203125,2468.53125,2275.67724609375,2288.5341796875,156
1998-03-20,2494.24462890625,2494.24462890625,2417.103042445232,2417.103042445232,83
1998-03-23,2391.3896484375,2468.53125,2391.3896484375,2468.53125,60
1998-03-24,2339.9619140625,2365.67578125,2339.9619140625,2365.67578125,32
1998-03-25,2339.9619140625,2442.8173828125,2339.9619140625,2391.3896484375,77
1998-03-26,2314.248291015625,2339.9621609157984,2314.248291015625,2314.248291015625,17
1998-03-27,2365.676025390625,2365.676025390625,2314.24828570822,2365.676025390625,53
1998-03-30,2519.958740234375,2545.672604930644,2365.6755520567604,2365.6755520567604,75
1998-03-31,2442.817138671875,2558.529529451069,2442.817138671875,2545.6725971422698,67
1998-04-01,2597.10009765625,2699.9555470683786,2545.6723729501855,2545.6723729501855,232
1998-04-02,2609.957275390625,2674.2419373460593,2597.1003429995385,2674.2419373460593,253
1998-04-03,2571.38671875,2674.2421875,2571.38671875,2622.814453125,80
1998-04-06,2519.958740234375,2597.1003343231823,2519.958740234375,2597.1003343231823,36
1998-04-07,2429.96044921875,2494.2451171875,2417.103515625,2494.2451171875,61
1998-04-08,2365.676025390625,2391.3898952318273,2365.676025390625,2391.3898952318273,22
1998-04-09,2417.103515625,2417.103515625,2378.53271484375,2391.3896484375,30
1998-04-13,2519.958740234375,2571.3864696269134,2494.244875538106,2494.244875538106,71
1998-04-14,2417.103515625,2519.958984375,2404.24658203125,2519.958984375,51
1998-04-15,2468.531005859375,2494.2448705037436,2417.103276570638,2417.103276570638,41
1998-04-16,2417.103515625,2468.53125,2417.103515625,2468.53125,30
1998-04-17,2442.817138671875,2468.5310032894736,2417.103274054276,2442.817138671875,17
1998-04-20,2468.531005859375,2468.531005859375,2417.103276570638,2417.103276570638,18
1998-04-21,2429.96044921875,2442.8173828125,2429.96044921875,2429.96044921875,8
1998-04-22,2429.96044921875,2455.67431640625,2429.96044921875,2455.67431640625,28
1998-04-23,2417.103515625,2442.8173828125,2417.103515625,2442.8173828125,25
1998-04-24,2442.817138671875,2468.5310032894736,2417.103274054276,2442.817138671875,35
1998-04-27,2404.24658203125,2429.96044921875,2404.24658203125,2429.96044921875,54
1998-04-28,2429.96044921875,2429.96044921875,2429.96044921875,2429.96044921875,0
1998-04-29,2429.96044921875,2455.67431640625,2417.103515625,2429.96044921875,15
1998-04-30,2455.674072265625,2468.5310045811516,2442.817139950098,2468.5310045811516,30
1998-05-01,2494.24462890625,2494.24462890625,2455.673835675741,2468.530766752577,38
1998-05-04,2494.24462890625,2545.672353213595,2494.24462890625,2519.958491059923,29
1998-05-05,2597.10009765625,2597.10009765625,2494.2446482441214,2494.2446482441214,27
1998-05-06,2674.241943359375,2674.241943359375,2571.3864839993994,2597.100348839393,47
1998-05-07,2699.9560546875,2725.669921875,2648.5283203125,2699.9560546875,60
1998-05-08,2699.9560546875,2802.8115234375,2699.9560546875,2725.669921875,71
1998-05-11,2674.241943359375,2751.383537879357,2674.241943359375,2751.383537879357,24
1998-05-12,2674.241943359375,2674.241943359375,2622.814213679387,2648.5280785193813,57
1998-05-13,2674.241943359375,2674.241943359375,2648.5280785193813,2648.5280785193813,8
1998-05-14,2738.52685546875,2751.3837890625,2699.9560546875,2699.9560546875,46
1998-05-15,2777.09765625,2777.09765625,2777.09765625,2777.09765625,55
1998-05-18,2725.66943359375,2802.8110213369696,2699.955571012677,2751.3832961748235,27
1998-05-19,2622.814453125,2815.66845703125,2622.814453125,2751.3837890625,73
1998-05-20,2597.10009765625,2725.669409421411,2519.9585105971537,2725.669409421411,109
1998-05-21,2674.241943359375,2699.955808199369,2622.814213679387,2622.814213679387,38
1998-05-22,2571.38671875,2622.814453125,2571.38671875,2622.814453125,46
1998-05-26,2571.38671875,2622.814453125,2571.38671875,2571.38671875,12
1998-05-27,2519.958740234375,2545.672604930644,2468.5310108418366,2545.672604930644,45
1998-05-28,2468.531005859375,2519.958735148112,2468.531005859375,2519.958735148112,39
1998-05-29,2494.24462890625,2519.958491059923,2468.530766752577,2468.530766752577,28
1998-06-01,2455.674072265625,2494.2448692122052,2455.674072265625,2494.2448692122052,8
1998-06-02,2468.531005859375,2481.387938181559,2455.674073537191,2455.674073537191,8
1998-06-03,2455.674072265625,2494.2448692122052,2442.817139950098,2442.817139950098,36
1998-06-04,2442.817138671875,2442.817138671875,2442.817138671875,2442.817138671875,3
1998-06-05,2468.531005859375,2468.531005859375,2468.531005859375,2468.531005859375,13
1998-06-08,2468.531005859375,2481.387938181559,2442.8171412150064,2442.8171412150064,18
1998-06-09,2442.817138671875,2442.817138671875,2442.817138671875,2442.817138671875,17
1998-06-10,2429.96044921875,2442.8173828125,2429.96044921875,2442.8173828125,3
1998-06-11,2404.24658203125,2429.96044921875,2404.24658203125,2429.96044921875,49
1998-06-12,2417.103515625,2417.103515625,2417.103515625,2417.103515625,5
1998-06-15,2365.676025390625,2404.2468301524286,2365.676025390625,2391.3898952318273,39
1998-06-16,2378.5322265625,2404.2460884712837,2378.5322265625,2404.2460884712837,15
1998-06-17,2391.3896484375,2404.24658203125,2391.3896484375,2404.24658203125,3
1998-06-18,2417.103515625,2417.103515625,2391.3896484375,2391.3896484375,5
1998-06-19,2391.3896484375,2391.3896484375,2391.3896484375,2391.3896484375,2
1998-06-22,2391.3896484375,2391.3896484375,2378.53271484375,2391.3896484375,29
1998-06-23,2404.24658203125,2417.103515625,2378.53271484375,2378.53271484375,33
1998-06-24,2391.3896484375,2417.103515625,2391.3896484375,2391.3896484375,69
1998-06-25,2417.103515625,2429.96044921875,2417.103515625,2417.103515625,19
1998-06-26,2391.3896484375,2404.24658203125,2378.53271484375,2391.3896484375,23
1998-06-29,2391.3896484375,2404.24658203125,2391.3896484375,2391.3896484375,18
1998-06-30,2391.3896484375,2417.103515625,2391.3896484375,2404.24658203125,64
1998-07-01,2494.24462890625,2519.958491059923,2391.389180291559,2391.389180291559,93
1998-07-02,2622.814453125,2674.2421875,2519.958984375,2519.958984375,57
1998-07-06,2622.814453125,2648.5283203125,2622.814453125,2648.5283203125,14
1998-07-07,2545.672607421875,2597.100336864741,2545.672607421875,2597.100336864741,13
1998-07-08,2558.52978515625,2558.52978515625,2558.52978515625,2558.52978515625,3
1998-07-09,2494.24462890625,2571.386215367268,2494.24462890625,2545.672353213595,8
1998-07-10,2519.958740234375,2519.958740234375,2519.958740234375,2519.958740234375,2
1998-07-13,2519.958740234375,2571.3864696269134,2519.958740234375,2545.672604930644,14
1998-07-14,2545.672607421875,2571.386472143308,2545.672607421875,2571.386472143308,6
1998-07-15,2545.672607421875,2571.386472143308,2545.672607421875,2571.386472143308,13
1998-07-16,2532.815673828125,2571.3864708914975,2532.815673828125,2532.815673828125,35
1998-07-17,2532.815673828125,2609.95726795487,2532.815673828125,2609.95726795487,35
1998-07-20,2545.672607421875,2571.386472143308,2545.672607421875,2571.386472143308,13
1998-07-21,2571.38671875,2571.38671875,2558.52978515625,2558.52978515625,25
1998-07-22,2571.38671875,2571.38671875,2545.6728515625,2571.38671875,15
1998-07-23,2545.672607421875,2545.672607421875,2545.672607421875,2545.672607421875,8
1998-07-24,2558.52978515625,2558.52978515625,2545.6728515625,2545.6728515625,7
1998-07-27,2507.10205078125,2597.1005859375,2507.10205078125,2584.24365234375,53
1998-07-28,2507.10205078125,2519.958984375,2507.10205078125,2507.10205078125,18
1998-07-29,2519.958740234375,2545.672604930644,2507.1018078862403,2507.1018078862403,21
1998-07-30,2519.958740234375,2519.958740234375,2519.958740234375,2519.958740234375,8
1998-07-31,2339.9619140625,2545.6728515625,2339.9619140625,2545.6728515625,43
1998-08-03,2339.9619140625,2339.9619140625,2288.5341796875,2339.9619140625,63
1998-08-04,2417.103515625,2417.103515625,2314.248046875,2417.103515625,65
1998-08-05,2404.24658203125,2442.8173828125,2404.24658203125,2442.8173828125,49
1998-08-06,2635.671142578125,2751.3835342035063,2545.6726157583844,2545.6726157583844,125
1998-08-07,2661.38525390625,2687.09912109375,2635.67138671875,2635.67138671875,65
1998-08-10,2751.383544921875,2777.097409827687,2712.8127475631572,2751.383544921875,148
1998-08-11,2661.38525390625,2661.38525390625,2571.38671875,2571.38671875,170
1998-08-12,2674.241943359375,2699.955808199369,2648.5280785193813,2674.241943359375,53
1998-08-13,2661.38525390625,2725.669921875,2622.814453125,2699.9560546875,42
1998-08-14,2725.66943359375,2725.66943359375,2622.813983269458,2635.6709145599943,17
1998-08-17,2622.814453125,2725.669921875,2622.814453125,2725.669921875,41
1998-08-18,2661.38525390625,2674.2421875,2622.814453125,2648.5283203125,21
1998-08-19,2661.38525390625,2674.2421875,2648.5283203125,2674.2421875,20
1998-08-20,2635.671142578125,2648.5280749809453,2635.671142578125,2648.5280749809453,13
1998-08-21,2532.815673828125,2609.95726795487,2519.9587414736675,2609.95726795487,39
1998-08-24,2545.672607421875,2571.386472143308,2519.9587427004417,2532.8156750611583,15
1998-08-25,2545.672607421875,2571.386472143308,2545.672607421875,2545.672607421875,4
1998-08-26,2468.531005859375,2519.958735148112,2468.531005859375,2519.958735148112,28
1998-08-27,2288.534423828125,2442.8176434120437,2288.534423828125,2442.8176434120437,51
1998-08-28,2185.6787109375,2314.248046875,2185.6787109375,2314.248046875,85
1998-08-31,2134.2509765625,2211.392578125,2121.39404296875,2211.392578125,88
1998-09-01,2159.965087890625,2185.6789579845613,2108.537347702753,2121.3942827497212,46
1998-09-02,2262.8203125,2288.5341796875,2134.2509765625,2147.10791015625,33
1998-09-03,2237.10595703125,2288.5336801813937,2237.10595703125,2262.819818606322,28
1998-09-04,2224.24951171875,2224.24951171875,2224.24951171875,2224.24951171875,3
1998-09-08,2224.24951171875,2262.8203125,2224.24951171875,2249.96337890625,31
1998-09-09,2468.531005859375,2519.958735148112,2237.1062240600586,2237.1062240600586,50
1998-09-10,2442.817138671875,2494.244867907072,2442.817138671875,2494.244867907072,25
1998-09-11,2494.24462890625,2494.24462890625,2442.816904598905,2442.816904598905,14
1998-09-14,2442.817138671875,2455.674070980674,2442.817138671875,2442.817138671875,18
1998-09-15,2417.103515625,2455.67431640625,2417.103515625,2455.67431640625,20
1998-09-16,2468.531005859375,2468.531005859375,2442.8171412150064,2442.8171412150064,16
1998-09-17,2442.817138671875,2442.817138671875,2442.817138671875,2442.817138671875,3
1998-09-18,2404.24658203125,2417.103515625,2391.3896484375,2391.3896484375,28
1998-09-21,2404.24658203125,2404.24658203125,2404.24658203125,2404.24658203125,0
1998-09-22,2442.817138671875,2494.244867907072,2391.3894094366774,2391.3894094366774,46
1998-09-23,2468.531005859375,2468.531005859375,2429.9602088928223,2429.9602088928223,5
1998-09-24,2429.96044921875,2429.96044921875,2417.103515625,2417.103515625,48
1998-09-25,2468.531005859375,2468.531005859375,2417.103276570638,2417.103276570638,13
1998-09-28,2455.674072265625,2455.674072265625,2455.674072265625,2455.674072265625,4
1998-09-29,2442.817138671875,2442.817138671875,2442.817138671875,2442.817138671875,8
1998-09-30,2468.531005859375,2468.531005859375,2442.8171412150064,2442.8171412150064,10
1998-10-01,2468.531005859375,2468.531005859375,2468.531005859375,2468.531005859375,0
1998-10-02,2455.674072265625,2455.674072265625,2442.817139950098,2455.674072265625,10
1998-10-05,2442.817138671875,2519.9587325246707,2442.817138671875,2442.817138671875,15
1998-10-06,2391.3896484375,2468.53125,2391.3896484375,2455.67431640625,28
1998-10-07,2417.103515625,2442.8173828125,2391.3896484375,2391.3896484375,25
1998-10-08,2159.965087890625,2442.817658923921,2159.965087890625,2442.817658923921,84
1998-10-09,2211.392822265625,2237.1066922919695,2211.392822265625,2211.392822265625,9
1998-10-12,2314.248291015625,2391.389900716146,2262.8205512152776,2262.8205512152776,42
1998-10-13,2365.676025390625,2365.676025390625,2314.24828570822,2314.24828570822,21
1998-10-14,2314.248291015625,2339.9621609157984,2314.248291015625,2339.9621609157984,16
1998-10-15,2288.534423828125,2314.248293758778,2288.534423828125,2314.248293758778,12
1998-10-16,2339.9619140625,2365.67578125,2314.248046875,2314.248046875,45
1998-10-19,2391.3896484375,2391.3896484375,2365.67578125,2365.67578125,12
1998-10-20,2365.676025390625,2442.8176349142323,2365.676025390625,2404.2468301524286,30
1998-10-21,2391.3896484375,2391.3896484375,2365.67578125,2365.67578125,13
1998-10-22,2429.96044921875,2429.96044921875,2391.3896484375,2391.3896484375,21
1998-10-23,2494.24462890625,2494.24462890625,2417.103042445232,2417.103042445232,19
1998-10-26,2802.8115234375,2854.2392578125,2545.6728515625,2545.6728515625,156
1998-10-27,3059.9501953125,3265.6611328125,2815.66845703125,2828.525390625,206
1998-10-28,3008.522705078125,3085.664312900641,3008.522705078125,3034.2365743522973,62
1998-10-29,3008.522705078125,3085.664312900641,3008.522705078125,3034.2365743522973,85
1998-10-30,2982.80810546875,3072.806625892376,2982.80810546875,3047.0927629141975,46
1998-11-02,3008.522705078125,3008.522705078125,3008.522705078125,3008.522705078125,29
1998-11-03,3085.6640625,3085.6640625,2982.80859375,2982.80859375,59
1998-11-04,3239.947509765625,3317.089117140997,3137.092033265129,3137.092033265129,229
1998-11-05,3085.6640625,3239.947265625,3034.236328125,3214.2333984375,58
1998-11-06,3008.522705078125,3085.664312900641,2982.808835803953,3085.664312900641,42
1998-11-09,3188.519287109375,3239.947017546623,3034.236095797631,3034.236095797631,65
1998-11-10,3239.947509765625,3317.089117140997,3175.6628369528153,3175.6628369528153,90
1998-11-11,3779.938720703125,3779.938720703125,3291.375212585034,3291.375212585034,611
1998-11-12,3818.509521484375,4088.505144215593,3792.79565265283,3959.9358000578704,417
1998-11-13,3702.797119140625,3908.508070203993,3702.797119140625,3805.652594672309,107
1998-11-16,3934.220947265625,3934.220947265625,3702.796185661765,3754.2239104626224,109
1998-11-17,3934.220947265625,3985.648672066483,3857.0793600643383,3959.9348096660538,133
1998-11-18,3895.65087890625,3959.935546875,3831.3662109375,3934.2216796875,110
1998-11-19,3985.649169921875,3985.649169921875,3882.7937074722786,3908.5075730846775,105
1998-11-20,3985.649169921875,4011.3630355342743,3934.221438697077,3985.649169921875,42
1998-11-23,4268.501953125,4268.501953125,3985.6494140625,4011.36328125,111
1998-11-24,4371.357421875,4448.4990234375,4242.7880859375,4319.9296875,118
1998-11-25,4371.357421875,4422.78515625,4345.6435546875,4371.357421875,171
1998-11-27,4371.357421875,4397.0712890625,4268.501953125,4397.0712890625,64
1998-11-30,4371.357421875,4448.4990234375,4371.357421875,4397.0712890625,101
1998-12-01,4345.6435546875,4371.357421875,4268.501953125,4345.6435546875,105
1998-12-02,4422.78564453125,4448.499514557595,4371.357904478561,4371.357904478561,46
1998-12-03,4422.78564453125,4525.641124636628,4397.071774504906,4448.499514557595,98
1998-12-04,4114.21875,4474.212890625,4114.21875,4422.78515625,107
1998-12-07,4062.790771484375,4165.6462340536,4062.790771484375,4114.2185027689875,36
1998-12-08,3908.5078125,4217.07421875,3805.65234375,4062.791015625,80
1998-12-09,4062.790771484375,4062.790771484375,3908.507577630538,3959.9353089151505,34
1998-12-10,4088.504638671875,4088.504638671875,3959.935310411753,4011.363041715802,20
1998-12-11,4011.363037109375,4114.218499599359,4011.363037109375,4011.363037109375,22
1998-12-14,3908.5078125,3959.935546875,3857.080078125,3908.5078125,39
1998-12-15,3805.652587890625,3908.5080632390204,3805.652587890625,3908.5080632390204,31
1998-12-16,3805.652587890625,3857.080325564823,3754.2248502164275,3754.2248502164275,33
1998-12-17,3857.080078125,3959.935546875,3651.369140625,3702.796875,59
1998-12-18,3882.7939453125,3882.7939453125,3805.65234375,3882.7939453125,21
1998-12-21,4011.363037109375,4011.363037109375,3805.652112129407,3831.3659777519033,37
1998-12-22,3908.5078125,3959.935546875,3908.5078125,3959.935546875,7
1998-12-23,3805.652587890625,3908.5080632390204,3754.2248502164275,3908.5080632390204,13
1998-12-24,3882.7939453125,3882.7939453125,3702.796875,3857.080078125,32
1998-12-28,4114.21875,4114.21875,3908.5078125,3959.935546875,37
1998-12-29,3959.935302734375,4165.646227551745,3959.935302734375,4114.218496347403,20
1998-12-30,3857.080078125,3908.5078125,3702.796875,3908.5078125,25
1998-12-31,3908.5078125,4011.36328125,3857.080078125,3857.080078125,11
1999-01-04,4191.3603515625,4217.07421875,4011.36328125,4062.791015625,47
1999-01-05,4114.21875,4165.646484375,4062.791015625,4139.9326171875,10
1999-01-06,4088.504638671875,4114.2185043239,4011.363041715802,4088.504638671875,9
1999-01-07,3959.935302734375,4088.504630745231,3959.935302734375,4037.076899540889,24
1999-01-08,4062.790771484375,4165.6462340536,3959.9353089151505,3959.9353089151505,29
1999-01-11,3959.935302734375,4088.504630745231,3959.935302734375,4088.504630745231,20
1999-01-12,3702.797119140625,3959.9358079698354,3702.797119140625,3959.9358079698354,33
1999-01-13,3805.652587890625,3805.652587890625,3599.9416371938346,3651.369374868032,51
1999-01-14,3702.797119140625,3754.2248569064673,3702.797119140625,3754.2248569064673,7
1999-01-15,3805.652587890625,3805.652587890625,3754.2248502164275,3754.2248502164275,10
1999-01-19,3728.5107421875,3754.224609375,3702.796875,3754.224609375,19
1999-01-20,3959.935302734375,3959.935302734375,3831.365974723519,3831.365974723519,66
1999-01-21,3908.5078125,3959.935546875,3754.224609375,3959.935546875,29
1999-01-22,3805.652587890625,3857.080325564823,3754.2248502164275,3754.2248502164275,19
1999-01-25,3779.938720703125,3857.0803272480866,3702.7971141581634,3857.0803272480866,43
1999-01-26,3677.082763671875,3831.3659565532125,3651.368898191652,3779.9382255927667,22
1999-01-27,3702.797119140625,3754.2248569064673,3651.369381374783,3651.369381374783,35
1999-01-28,3702.797119140625,3754.2248569064673,3651.369381374783,3702.797119140625,23
1999-01-29,3728.5107421875,3728.5107421875,3702.796875,3702.796875,16
1999-02-01,3754.224609375,3805.65234375,3677.0830078125,3728.5107421875,20
1999-02-02,3805.652587890625,3805.652587890625,3754.2248502164275,3754.2248502164275,11
1999-02-03,3754.224609375,3805.65234375,3702.796875,3805.65234375,9
1999-02-04,3959.935302734375,4114.218496347403,3754.224377917005,3754.224377917005,72
1999-02-05,3959.935302734375,4011.3630339387178,3908.5075715300327,4011.3630339387178,22
1999-02-08,4217.07421875,4268.501953125,4062.791015625,4062.791015625,42
1999-02-09,3702.797119140625,4191.360627916124,3548.513905843099,4191.360627916124,151
1999-02-10,3651.368896484375,3754.224358357174,3548.5134346115756,3548.5134346115756,50
1999-02-11,3548.513916015625,3651.369391842165,3471.37230914572,3651.369391842165,56
1999-02-12,3677.082763671875,3805.6520910729896,3651.368898191652,3651.368898191652,29
1999-02-16,3497.085693359375,3651.368885713465,3342.8025010052847,3651.368885713465,37
1999-02-17,3394.23046875,3497.0859375,3342.802734375,3497.0859375,42
1999-02-18,3368.5166015625,3445.658203125,3342.802734375,3445.658203125,32
1999-02-19,3291.374755859375,3394.2302169799805,3214.233160018921,3342.8024864196777,53
1999-02-22,3291.374755859375,3445.657947540283,3239.9470252990723,3239.9470252990723,43
1999-02-23,3291.374755859375,3291.374755859375,3239.9470252990723,3291.374755859375,32
1999-02-24,3394.23046875,3394.23046875,3239.947265625,3239.947265625,11
1999-02-25,3368.5166015625,3394.23046875,3342.802734375,3342.802734375,8
1999-02-26,3291.374755859375,3394.2302169799805,3291.374755859375,3368.516351699829,15
1999-03-01,3342.80224609375,3445.6576998197115,3291.3745192307692,3291.3745192307692,8
1999-03-02,3239.947509765625,3342.802986266121,3239.947509765625,3342.802986266121,10
1999-03-03,3342.80224609375,3342.80224609375,3291.3745192307692,3291.3745192307692,1
1999-03-04,3317.089111328125,3342.802980408188,3239.947504087936,3239.947504087936,9
1999-03-05,3368.5166015625,3394.23046875,3368.5166015625,3394.23046875,2
1999-03-08,3291.374755859375,3394.2302169799805,3291.374755859375,3394.2302169799805,12
1999-03-09,3265.661376953125,3291.375246062992,3265.661376953125,3291.375246062992,13
1999-03-10,3291.374755859375,3291.374755859375,3265.6608905792236,3291.374755859375,28
1999-03-11,3265.661376953125,3291.375246062992,3265.661376953125,3291.375246062992,13
1999-03-12,3265.661376953125,3265.661376953125,3265.661376953125,3265.661376953125,6
1999-03-15,3317.089111328125,3317.089111328125,3265.661373167999,3265.661373167999,14
1999-03-16,3342.80224609375,3342.80224609375,3342.80224609375,3342.80224609375,3
1999-03-17,3291.374755859375,3291.374755859375,3291.374755859375,3291.374755859375,7
1999-03-18,3291.374755859375,3291.374755859375,3265.6608905792236,3291.374755859375,12
1999-03-19,3342.80224609375,3342.80224609375,3291.3745192307692,3291.3745192307692,4
1999-03-22,3291.374755859375,3368.516351699829,3291.374755859375,3317.0886211395264,19
1999-03-23,3317.089111328125,3394.230718568314,3291.375242248062,3394.230718568314,11
1999-03-24,3317.089111328125,3342.802980408188,3317.089111328125,3317.089111328125,5
1999-03-25,3342.80224609375,3342.80224609375,3342.80224609375,3342.80224609375,1
1999-03-26,3497.085693359375,3497.085693359375,3291.374770220588,3394.230231789981,33
1999-03-29,3445.657958984375,3445.657958984375,3445.657958984375,3445.657958984375,3
1999-03-30,3471.372314453125,3522.800052445023,3471.372314453125,3497.0861834490743,12
1999-03-31,3188.519287109375,3471.371804514239,3085.6638262348793,3471.371804514239,72
1999-04-01,3034.236083984375,3111.37767933991,3034.236083984375,3085.6638142213983,20
1999-04-05,3059.9501953125,3137.091796875,3034.236328125,3085.6640625,18
1999-04-06,2982.80810546875,3034.235831425108,2879.9526535560344,3034.235831425108,21
1999-04-07,2982.80810546875,3034.235831425108,2931.380379512392,2957.094242490571,23
1999-04-08,2982.80810546875,2982.80810546875,2879.9526535560344,2879.9526535560344,17
1999-04-09,2982.80810546875,2982.80810546875,2931.380379512392,2931.380379512392,21
1999-04-12,2828.525390625,2931.380859375,2777.09765625,2879.953125,67
1999-04-13,2828.525390625,2879.953125,2777.09765625,2777.09765625,16
1999-04-14,2854.239501953125,2879.95337134009,2828.52563256616,2828.52563256616,34
1999-04-15,2828.525390625,2879.953125,2751.3837890625,2828.525390625,36
1999-04-16,2777.09765625,2828.525390625,2725.669921875,2802.8115234375,29
1999-04-19,2982.80810546875,2982.80810546875,2828.5249275996766,2828.5249275996766,17
1999-04-20,3137.091552734375,3188.5192831070694,3085.66382236168,3085.66382236168,15
1999-04-21,3085.6640625,3137.091796875,3085.6640625,3085.6640625,3
1999-04-22,3085.6640625,3085.6640625,3085.6640625,3085.6640625,31
1999-04-23,2982.80810546875,3137.0912833378234,2982.80810546875,3085.6635573814656,17
1999-04-26,2982.80810546875,3034.235831425108,2879.9526535560344,2931.380379512392,23
1999-04-27,2982.80810546875,2982.80810546875,2931.380379512392,2931.380379512392,46
1999-04-28,2982.80810546875,3034.235831425108,2879.9526535560344,2931.380379512392,22
1999-04-29,2931.380615234375,2982.808345326206,2931.380615234375,2982.808345326206,3
1999-04-30,3034.236083984375,3137.0915444584216,3034.236083984375,3085.6638142213983,22
1999-05-03,2982.80810546875,2982.80810546875,2931.380379512392,2982.80810546875,38
1999-05-04,2982.80810546875,3034.235831425108,2957.094242490571,2957.094242490571,3
1999-05-05,3188.519287109375,3188.519287109375,3008.522230579007,3008.522230579007,19
1999-05-06,3291.374755859375,3291.374755859375,3291.374755859375,3291.374755859375,11
1999-05-07,3419.944091796875,3445.6579571487314,3265.660899685738,3265.660899685738,9
1999-05-10,3497.085693359375,3497.085693359375,3394.230231789981,3394.230231789981,8
1999-05-11,3445.657958984375,3497.085689715485,3445.657958984375,3445.657958984375,9
1999-05-12,3445.657958984375,3497.085689715485,3342.8024975221547,3497.085689715485,14
1999-05-13,3291.374755859375,3394.2302169799805,3291.374755859375,3394.2302169799805,23
1999-05-14,3239.947509765625,3291.3752480158732,3239.947509765625,3291.3752480158732,8
1999-05-17,3445.657958984375,3445.657958984375,3291.3747667910447,3291.3747667910447,13
1999-05-18,3394.23046875,3548.513671875,3394.23046875,3471.3720703125,6
1999-05-19,3497.085693359375,3497.085693359375,3291.374770220588,3342.8025010052847,23
1999-05-20,3702.797119140625,3908.508070203993,3651.369381374783,3651.369381374783,73
1999-05-21,3702.797119140625,3805.652594672309,3651.369381374783,3651.369381374783,33
1999-05-24,3548.513916015625,3728.5109987120695,3497.086178102355,3702.7971297554345,31
1999-05-25,3548.513916015625,3548.513916015625,3342.802964362545,3445.658440189085,19
1999-05-26,3394.23046875,3497.0859375,3394.23046875,3497.0859375,6
1999-05-27,3497.085693359375,3497.085693359375,3497.085693359375,3497.085693359375,4
1999-05-28,3419.944091796875,3497.0856878524437,3419.944091796875,3445.6579571487314,5
1999-06-01,3445.657958984375,3497.085689715485,3445.657958984375,3471.3718243499297,4
1999-06-02,3497.085693359375,3497.085693359375,3419.9440971823296,3445.657962574678,21
1999-06-03,3445.657958984375,3548.513420446595,3419.94409361882,3497.085689715485,24
1999-06-04,3497.085693359375,3497.085693359375,3445.657962574678,3445.657962574678,13
1999-06-07,3728.5107421875,3728.5107421875,3497.0859375,3497.0859375,18
1999-06-08,3702.797119140625,3754.2248569064673,3702.797119140625,3702.797119140625,28
1999-06-09,3831.366455078125,3882.7941927301804,3702.7971109479868,3754.224848600042,26
1999-06-10,3805.652587890625,3805.652587890625,3805.652587890625,3805.652587890625,11
1999-06-11,3805.652587890625,3882.7941944019217,3805.652587890625,3857.080325564823,18
1999-06-14,3702.797119140625,3805.652594672309,3702.797119140625,3805.652594672309,10
1999-06-15,3754.224609375,4062.791015625,3702.796875,3805.65234375,122
1999-06-16,3754.224609375,3805.65234375,3702.796875,3805.65234375,26
1999-06-17,3754.224609375,3754.224609375,3702.796875,3702.796875,2
1999-06-18,3857.080078125,3857.080078125,3702.796875,3702.796875,26
1999-06-21,3857.080078125,3908.5078125,3857.080078125,3882.7939453125,17
1999-06-22,3882.7939453125,3882.7939453125,3805.65234375,3857.080078125,5
1999-06-23,3831.366455078125,3857.080323904153,3831.366455078125,3857.080323904153,11
1999-06-24,3805.652587890625,3857.080325564823,3754.2248502164275,3805.652587890625,22
1999-06-25,3908.5078125,3908.5078125,3779.9384765625,3779.9384765625,9
1999-06-28,4011.363037109375,4062.790768354367,3908.507574619391,3908.507574619391,19
1999-06-29,4088.504638671875,4088.504638671875,3959.935310411753,4011.363041715802,18
1999-06-30,4062.790771484375,4062.790771484375,4011.363040199763,4062.790771484375,9
1999-07-01,4165.646484375,4165.646484375,4011.36328125,4062.791015625,50
1999-07-02,4319.93017578125,4371.357915969123,4114.219215029762,4114.219215029762,53
1999-07-06,4319.93017578125,4371.357915969123,4268.502435593378,4319.93017578125,24
1999-07-07,4217.07421875,4268.501953125,4114.21875,4268.501953125,13
1999-07-08,4268.501953125,4268.501953125,4062.791015625,4217.07421875,46
1999-07-09,4294.2158203125,4319.9296875,4268.501953125,4319.9296875,8
1999-07-12,4294.2158203125,4294.2158203125,4062.791015625,4294.2158203125,33
1999-07-13,4217.07421875,4268.501953125,4114.21875,4268.501953125,23
1999-07-14,4319.93017578125,4319.93017578125,4217.074695405506,4268.502435593378,96
1999-07-15,4319.93017578125,4319.93017578125,4217.074695405506,4319.93017578125,68
1999-07-16,4294.2158203125,4294.2158203125,4242.7880859375,4268.501953125,20
1999-07-19,4371.357421875,4371.357421875,4242.7880859375,4294.2158203125,304
1999-07-20,4268.501953125,4345.6435546875,4268.501953125,4345.6435546875,45
1999-07-21,4268.501953125,4268.501953125,4114.21875,4165.646484375,67
1999-07-22,4165.646484375,4217.07421875,4165.646484375,4217.07421875,18
1999-07-23,4242.787109375,4242.787109375,4139.931664299243,4191.359386837121,13
1999-07-26,4114.21875,4165.646484375,4088.5048828125,4165.646484375,19
1999-07-27,4165.646484375,4165.646484375,4037.0771484375,4088.5048828125,33
1999-07-28,4217.07421875,4268.501953125,4191.3603515625,4217.07421875,30
1999-07-29,4165.646484375,4217.07421875,4165.646484375,4165.646484375,20
1999-07-30,4217.07421875,4371.357421875,4114.21875,4114.21875,58
1999-08-02,4217.07421875,4242.7880859375,4165.646484375,4242.7880859375,90
1999-08-03,4165.646484375,4217.07421875,4165.646484375,4217.07421875,20
1999-08-04,4062.790771484375,4165.6462340536,4062.790771484375,4139.932368411293,20
1999-08-05,4011.363037109375,4011.363037109375,3959.9353058643833,4011.363037109375,35
1999-08-06,3908.5078125,3959.935546875,3805.65234375,3959.935546875,35
1999-08-09,4011.363037109375,4165.6462308443515,3959.9353058643833,3959.9353058643833,24
1999-08-10,4062.790771484375,4114.2185027689875,3959.9353089151505,3959.9353089151505,13
1999-08-11,4268.501953125,4319.9296875,4011.36328125,4011.36328125,20
1999-08-12,4088.504638671875,4268.501698236046,4037.076907367826,4165.646235627948,34
1999-08-13,4037.0771484375,4062.791015625,3985.6494140625,3985.6494140625,25
1999-08-16,4062.790771484375,4165.6462340536,4011.363040199763,4011.363040199763,73
1999-08-17,4114.21875,4114.21875,4114.21875,4114.21875,36
1999-08-18,4037.0771484375,4062.791015625,3985.6494140625,4062.791015625,18
1999-08-19,4165.646484375,4165.646484375,4011.36328125,4011.36328125,17
1999-08-20,4268.501953125,4319.9296875,4165.646484375,4217.07421875,30
1999-08-23,4319.93017578125,4448.49952625093,4319.93017578125,4371.357915969123,37
1999-08-24,4268.501953125,4319.9296875,4217.07421875,4319.9296875,22
1999-08-25,4217.07421875,4217.07421875,4165.646484375,4217.07421875,4
1999-08-26,4165.646484375,4217.07421875,4114.21875,4217.07421875,18
1999-08-27,4319.93017578125,4422.785656156994,4217.074695405506,4371.357915969123,88
1999-08-30,4319.93017578125,4371.357915969123,4268.502435593378,4319.93017578125,52
1999-08-31,4294.2158203125,4319.9296875,4268.501953125,4319.9296875,32
1999-09-01,4165.646484375,4268.501953125,4114.21875,4268.501953125,17
1999-09-02,4011.363037109375,4165.6462308443515,3959.9353058643833,4165.6462308443515,33
1999-09-03,4114.21875,4165.646484375,3934.2216796875,3934.2216796875,90
1999-09-07,4268.501953125,4319.9296875,4165.646484375,4319.9296875,110
1999-09-08,4319.93017578125,4371.357915969123,4217.074695405506,4268.502435593378,70
1999-09-09,4319.93017578125,4319.93017578125,4217.074695405506,4319.93017578125,44
1999-09-10,4268.501953125,4319.9296875,4217.07421875,4319.9296875,14
1999-09-13,4217.07421875,4294.2158203125,4217.07421875,4268.501953125,38
1999-09-14,4268.501953125,4268.501953125,4217.07421875,4268.501953125,9
1999-09-15,4242.787109375,4242.787109375,4217.07324810606,4242.787109375,14
1999-09-16,4268.501953125,4268.501953125,4217.07421875,4217.07421875,56
1999-09-17,4217.07421875,4268.501953125,4165.646484375,4268.501953125,39
1999-09-20,4165.646484375,4217.07421875,4114.21875,4165.646484375,13
1999-09-21,4191.3603515625,4217.07421875,4114.21875,4165.646484375,28
1999-09-22,4217.07421875,4217.07421875,4191.3603515625,4217.07421875,10
1999-09-23,4525.640625,4679.923828125,4217.07421875,4268.501953125,163
1999-09-24,4628.49658203125,4731.352061631945,4474.213362630208,4525.641102430555,152
1999-09-27,4988.4892578125,5065.630844273518,4679.922911968428,4679.922911968428,288
1999-09-28,5014.2041015625,5142.7734375,4885.634765625,5142.7734375,96
1999-09-29,4731.35205078125,5245.629447605299,4654.210441257643,5065.632358716882,298
1999-09-30,4422.78564453125,4937.063045058139,4371.357904478561,4628.496604742006,244
1999-10-01,4911.34814453125,4937.062009162303,4422.78471654123,4422.78471654123,75
1999-10-04,4988.4892578125,5245.6278793492265,4962.775395658828,4962.775395658828,129
1999-10-05,4834.20703125,5091.345703125,4834.20703125,5091.345703125,106
1999-10-06,5348.48388671875,5451.3393460787265,4885.634319598858,4911.3481844388525,195
1999-10-07,5451.3388671875,5605.622042673939,5399.911142025354,5451.3388671875,153
1999-10-08,5425.62646484375,5554.195812351895,5399.912595342121,5502.768073348638,77
1999-10-11,5759.9052734375,5811.3329990931925,5502.76664515904,5502.76664515904,114
1999-10-12,5811.333984375,5965.6171875,5759.90625,5811.333984375,123
1999-10-13,5605.623046875,5811.333984375,5477.0537109375,5811.333984375,63
1999-10-14,5759.9052734375,5811.3329990931925,5554.194370814733,5579.908233642578,81
1999-10-15,5502.76708984375,5657.050279278622,5399.911630220502,5657.050279278622,85
1999-10-18,5245.62890625,5477.0537109375,5194.201171875,5451.33984375,102
1999-10-19,5528.4814453125,5605.623046875,5245.62890625,5245.62890625,74
1999-10-20,5708.47900390625,5862.762220228041,5554.19578758446,5554.19578758446,53
1999-10-21,5785.62060546875,5862.762213541667,5657.051258680556,5708.478997395833,42
1999-10-22,5991.330078125,6119.899393106223,5759.905311158798,5759.905311158798,42
1999-10-25,6222.75634765625,6479.895039708161,6119.900870835486,6171.3286092458675,130
1999-10-26,6582.74951171875,6608.463376998901,6274.183128356934,6325.610858917236,120
1999-10-27,6557.03662109375,6608.464359298407,6222.75632276348,6582.750490196078,71
1999-10-28,6659.8916015625,6942.744140625,6634.177734375,6634.177734375,136
1999-10-29,6582.74951171875,6737.032703399658,6531.321781158447,6737.032703399658,94
1999-11-01,6557.03662109375,6634.178228400735,6377.039537377451,6582.750490196078,41
1999-11-02,6994.17138671875,6994.17138671875,6582.749540441176,6634.177271225873,100
1999-11-03,6994.17138671875,7199.882309857537,6994.17138671875,7097.026848288143,76
1999-11-04,6942.74462890625,7045.600104890046,6891.316890914352,7045.600104890046,53
1999-11-05,7354.16552734375,7508.4487202250875,7045.599141581075,7097.026872541521,158
1999-11-08,7714.16015625,7868.443359375,7354.166015625,7405.59375,178
1999-11-09,7611.30517578125,8022.727077174832,7302.738749736064,7817.016126478041,146
1999-11-10,7971.29833984375,8331.29245841734,7714.1596837197585,7791.301280556956,452
1999-11-11,8022.72607421875,8125.581536708734,7919.870611728767,8022.72607421875,238
1999-11-12,7842.7294921875,8022.7265625,7765.587890625,7919.87109375,132
1999-11-15,7354.16552734375,7894.15670242843,7354.16552734375,7894.15670242843,213
1999-11-16,7559.87744140625,7585.591310254571,7199.883277529762,7251.3110152264035,167
1999-11-17,7559.87744140625,7611.305179102891,7431.308097164648,7611.305179102891,98
1999-11-18,7534.162109375,7611.303700938566,7508.448245520478,7585.589837084044,127
1999-11-19,7559.87744140625,7611.305179102891,7405.594228316327,7457.021966012968,142
1999-11-22,7765.587890625,7919.87109375,7714.16015625,7714.16015625,264
1999-11-23,7817.015625,7971.298828125,7817.015625,7868.443359375,165
1999-11-24,8151.296875,8202.724615536277,7868.444302050473,7868.444302050473,116
1999-11-26,8177.00927734375,8228.4370086478,8099.867680387677,8099.867680387677,84
1999-11-29,7842.7294921875,8279.865234375,7817.015625,8202.7236328125,90
1999-11-30,7611.30517578125,7971.299339500634,7611.30517578125,7868.443864152238,89
1999-12-01,7868.44189453125,7868.44189453125,7457.020096124387,7559.875545726103,92
1999-12-02,7997.0126953125,8125.58203125,7765.587890625,7894.1572265625,81
1999-12-03,8022.72607421875,8202.723133576223,8022.72607421875,8022.72607421875,84
1999-12-06,9745.5546875,9745.5546875,7971.298029353563,7971.298029353563,203
1999-12-07,9591.271484375,9874.123994638068,9256.99124497319,9668.41307808311,207
1999-12-08,10054.1201171875,10079.833979379797,9256.990389226343,9668.41218430307,187
1999-12-09,10542.6845703125,11108.389596036586,10028.407274199695,10131.262733422256,294
1999-12-10,10696.9677734375,11211.24507023738,10491.256854717549,11005.534151517428,202
1999-12-13,10079.8349609375,10799.823172433036,9822.69631397481,10748.395443040497,214
1999-12-14,9462.7041015625,10182.692457116169,9308.420882515285,10079.836977751358,176
1999-12-15,9205.5654296875,9539.845738586766,8999.854470364873,9539.845738586766,217
1999-12-16,10414.1171875,10684.112818287036,9334.134664351852,9334.134664351852,164
1999-12-17,10259.833984375,11108.391682330828,10182.692375469926,10568.400419995301,104
1999-12-20,9758.4130859375,10414.116732028162,9565.559072381422,10336.975126605732,87
1999-12-21,10028.408203125,10259.8330078125,9488.4169921875,9835.55419921875,127
1999-12-22,10105.55078125,10414.117217318702,10028.409172232825,10028.409172232825,161
1999-12-23,9951.267578125,10336.97562378876,9874.125968992248,10182.692405523256,36
1999-12-27,10105.55078125,10259.83399928435,10105.55078125,10105.55078125,48
1999-12-28,10838.3935546875,11031.247532528914,10182.69003002669,10182.69003002669,93
1999-12-29,12149.8017578125,12265.514155505953,10799.823784722223,10915.536182415675,195
1999-12-30,14194.0556640625,14965.471732761549,12342.657099184782,12342.657099184782,267
1999-12-31,13846.9169921875,14502.620582346795,13422.638198555014,14194.054186977715,68
2000-01-03,12728.365234375,14039.77256155303,12728.365234375,14001.2017578125,150
2000-01-04,11918.376953125,12342.65574433657,11571.239760315533,12265.514145934467,178
2000-01-05,12149.8017578125,12265.514155505953,11609.81056857639,11764.093765500991,96
2000-01-06,11146.9619140625,11879.807161007786,11108.391111591696,11802.665556066177,87
2000-01-07,10645.541015625,11108.390625,10182.69140625,10838.39501953125,153
2000-01-10,11185.5322265625,11571.240234375,10491.2578125,10491.2578125,108
2000-01-11,11185.5322265625,11686.95263671875,11108.390625,11494.0986328125,60
2000-01-12,12496.94140625,12496.94140625,11185.533974729939,11224.104781539352,241
2000-01-13,12612.6533203125,13345.498620269496,12496.940904529818,12612.6533203125,168
2000-01-14,11648.3818359375,12728.3642578125,11262.673828125,12458.36865234375,147
2000-01-18,12419.798828125,12419.798828125,11648.382751843945,11648.382751843945,151
2000-01-19,12304.0849609375,12496.93895719044,12034.089366183385,12496.93895719044,77
2000-01-20,11879.8076171875,12265.515656706575,11879.8076171875,12265.515656706575,56
2000-01-21,11571.2412109375,12111.232467447917,11416.957994791666,11879.807643229167,135
2000-01-24,10954.107421875,11764.09423828125,10645.541015625,11262.673828125,197
2000-01-25,10491.2578125,10799.82421875,10259.8330078125,10568.3994140625,353
2000-01-26,11108.390625,11185.5322265625,10568.3994140625,10568.3994140625,174
2000-01-27,11532.6689453125,11841.235338498118,10954.106958089464,10954.106958089464,175
2000-01-28,11956.94921875,12419.79886592742,11416.957963709678,11571.241179435483,177
2000-01-31,11416.9580078125,12188.374089421453,11416.9580078125,11879.807656777872,126
2000-02-01,12034.0908203125,12689.794486803887,11416.957957732373,11416.957957732373,64
2000-02-02,11879.8076171875,12381.228068562297,11841.236813235593,12111.232440898944,73
2000-02-03,11956.94921875,12496.940473790322,11802.666003024193,11802.666003024193,84
2000-02-04,12419.798828125,13576.922942546584,12034.090789984471,12651.223651009317,193
2000-02-07,13345.498046875,13808.34769011922,12496.940367593932,13461.210457686055,161
2000-02-08,13075.501953125,13306.926766454646,12496.939919800885,13229.78516201143,194
2000-02-09,11609.8125,13538.352782392027,10799.82558139535,13480.496573920265,453
2000-02-10,10954.107421875,12072.66064453125,10799.82421875,12014.804443359375,297
2000-02-11,10645.541015625,11262.673828125,10491.2578125,11050.534423828125,214
2000-02-14,9796.984375,10722.683686023622,8948.426673228347,10703.39828371063,341
2000-02-15,9102.7080078125,9681.2699574616,8986.99561788268,9256.991194385593,298
2000-02-16,10259.833984375,10645.542028900376,9411.276286419174,9565.559504229324,210
2000-02-17,10799.82421875,11031.2490234375,10336.974609375,10375.54541015625,203
2000-02-18,10259.833984375,10876.966855615601,9604.13030868186,10645.542028900376,159
2000-02-22,10568.3994140625,10799.82421875,9642.7001953125,10201.976806640625,141
2000-02-23,10568.3994140625,11108.390625,10491.2578125,10645.541015625,148
2000-02-24,10491.2578125,10799.82421875,10066.97900390625,10491.2578125,83
2000-02-25,10722.68359375,10799.825202338128,10259.833942221223,10568.40037657374,82
2000-02-28,11108.390625,11108.390625,10491.2578125,10722.6826171875,151
2000-02-29,11879.8076171875,12034.09083299513,11146.962342101258,11146.962342101258,167
2000-03-01,12265.5146484375,12496.939453125,11802.6650390625,11841.23583984375,171
2000-03-02,12882.6484375,13268.3564745509,11956.949148577845,12149.803167103293,151
2000-03-03,13557.63671875,13885.488531294453,13036.930898826458,13519.065917274183,296
2000-03-06,13962.630859375,15119.754963743095,13576.922824585636,14502.622108080112,390
2000-03-07,14116.9130859375,15351.1787109375,13576.921875,15274.037109375,229
2000-03-08,14271.1962890625,14811.1875,12959.7890625,13846.91748046875,237
2000-03-09,14271.1962890625,14811.1875,13576.921875,14656.904296875,108
2000-03-10,13576.921875,14656.904296875,13114.072265625,14386.90869140625,117
2000-03-13,16662.5859375,16971.15234375,14348.337890625,14656.904296875,1146
2000-03-14,17395.431640625,18668.268102134145,17048.294423849777,18552.555696542408,1430
2000-03-15,15891.1708984375,18051.13587492415,15428.321260618932,18012.565071772602,749
2000-03-16,15119.7548828125,16816.87022680166,13114.073112643495,16161.166571169484,652
2000-03-17,15814.0322265625,16122.598709032012,14811.191158536585,15621.178175019055,233
2000-03-20,16122.595703125,16662.586946770334,15736.88767194976,16546.874537417763,138
2000-03-21,16045.4521484375,16585.443326509918,15274.036179762621,16045.4521484375,139
2000-03-22,14541.1943359375,15929.74339719413,14194.057070623341,15929.74339719413,282
2000-03-23,14695.474609375,15389.749000369095,12342.655839895015,14521.906011626477,520
2000-03-24,14194.0556640625,15196.896553371264,13268.35638162364,14734.046912151834,184
2000-03-27,14116.9130859375,14811.1875,13885.48828125,14811.1875,121
2000-03-28,13962.630859375,14348.338894164366,13576.922824585636,13885.489252417128,79
2000-03-29,13229.78515625,14039.77200255102,13229.78515625,13422.639167274052,138
2000-03-30,12651.224609375,13345.499130621189,11416.95879382622,12998.361869998094,259
2000-03-31,14348.3388671875,14502.622080813171,11725.524235551075,11976.234457692792,392
2000-04-03,12651.224609375,14039.773651867377,12034.09170160061,13808.348811451982,148
2000-04-04,11725.5224609375,12805.504792865955,10028.407367907073,12342.655222039475,310
2000-04-05,12072.6611328125,12342.656749201278,9912.696201702276,10799.824655551118,134
2000-04-06,11725.5224609375,12959.787983141448,11725.5224609375,11879.805651212993,145
2000-04-07,12342.65625,12766.93505859375,11841.23583984375,12072.66064453125,100
2000-04-10,11725.5224609375,12959.787983141448,11725.5224609375,12574.080007452714,101
2000-04-11,11532.6689453125,11879.806137646321,10876.96535979306,10992.677757237667,68
2000-04-12,10414.1171875,11725.524537037038,9488.417881944444,11571.241319444445,146
2000-04-13,10279.1201171875,11648.383772572703,10182.693099202626,10954.109243081613,108
2000-04-14,10028.408203125,10645.541015625,9874.125,10259.8330078125,265
2000-04-17,9681.2705078125,11185.531662412848,9295.562519453437,9874.124501992032,179
2000-04-18,11108.390625,11879.806640625,10259.8330078125,10298.40380859375,191
2000-04-19,10799.82421875,12265.5146484375,10799.82421875,11185.5322265625,77
2000-04-20,11416.9580078125,12342.657305743243,11185.533183329815,11301.245595571158,81
2000-04-24,12034.0908203125,12188.374035957533,11108.391526442309,11725.524389022437,60
2000-04-25,12342.65625,12574.0810546875,11725.5234375,12188.373046875,74
2000-04-26,12844.078125,12959.790540540542,12188.374436936938,12496.940878378378,68
2000-04-27,12921.2177734375,12921.2177734375,12034.089388992537,12342.65578358209,51
2000-04-28,12766.935546875,12959.7895581571,12342.65672205438,12959.7895581571,52
2000-05-01,12381.2275390625,13538.35160813376,12111.231922945872,12342.656736760124,145
2000-05-02,12959.7900390625,13538.352094377791,12342.657180059525,12496.940394810268,79
2000-05-03,12265.5146484375,12959.7890625,12034.08984375,12728.3642578125,48
2000-05-04,12342.65625,12805.505859375,12111.2314453125,12111.2314453125,77
2000-05-05,12458.369140625,12959.789570433437,12381.227536039087,12921.21876814048,58
2000-05-08,12574.08203125,12959.790069018405,12342.657208588958,12496.94042369632,53
2000-05-09,12034.0908203125,12651.223682892629,11725.524389022437,12458.369663336338,88
2000-05-10,11262.673828125,12323.370849609375,11108.390625,12323.370849609375,65
2000-05-11,11764.0947265625,12342.656762295082,11185.532690829918,11609.811517033811,44
2000-05-12,12265.5146484375,12342.65625,11802.6650390625,11879.806640625,39
2000-05-15,12496.94140625,12496.94140625,11764.096076871141,11956.95011091821,51
2000-05-16,13036.931640625,13576.922892011835,12496.940389238165,12496.940389238165,87
2000-05-17,12458.369140625,13036.93117501935,12265.515129160216,12574.08154750387,40
2000-05-18,12805.5068359375,12959.790050828313,11995.51995776073,12034.090761483434,57
2000-05-19,12188.373046875,12959.7890625,11802.6650390625,12728.3642578125,91
2000-05-22,12265.5146484375,12342.65625,11571.240234375,12188.373046875,88
2000-05-23,12072.6611328125,12496.939958566294,11918.377923447484,12342.656749201278,74
2000-05-24,11416.9580078125,13268.356603673987,11108.39157516892,11976.234666978991,165
2000-05-25,10954.107421875,12149.80224609375,10491.2578125,12149.80224609375,68
2000-05-26,10799.82421875,11339.8154296875,10568.3994140625,10799.82421875,36
2000-05-30,11494.09765625,11956.947226300335,10799.823301174496,11224.102073720638,44
2000-05-31,10645.541015625,11879.806640625,10645.541015625,11108.390625,82
2000-06-01,11725.5224609375,11725.5224609375,10876.964914422288,10876.964914422288,51
2000-06-02,12111.232421875,13191.214930832008,11416.957951831211,11918.378402418391,211
2000-06-05,12805.5068359375,12959.790050828313,11879.80754659262,12111.23236892884,114
2000-06-06,13114.0732421875,13576.922886029412,12651.223598345588,12921.219223920036,183
2000-06-07,13846.9169921875,13885.487791608635,13114.071803185932,13384.067399133879,188
2000-06-08,15004.0419921875,15196.896002369858,14348.338357567482,14502.621565713369,698
2000-06-09,14811.1884765625,16122.595789591473,13962.630803426107,15351.179723103842,536
2000-06-12,14116.9130859375,15428.3203125,13615.49267578125,15351.1787109375,181
2000-06-13,14656.90625,15042.614309210527,13692.636101973683,13885.490131578947,112
2000-06-14,14811.1884765625,15274.038116455078,13962.630803426107,14811.1884765625,142
2000-06-15,13808.34765625,15081.18417204958,12882.648372032123,14965.471761522345,116
2000-06-16,14271.1962890625,14656.904296875,13268.35546875,13789.061279296875,94
2000-06-19,15119.7548828125,15274.038095902424,13962.630784638075,14194.05560427296,75
2000-06-20,15274.0380859375,15428.321298926767,14965.471659958965,15119.754872948231,177
2000-06-21,16971.1484375,17511.139524147726,14984.75265447443,15004.038050426136,829
2000-06-22,18128.27734375,18513.985372340427,17742.569315159577,18243.98975232713,1132
2000-06-23,18166.849609375,18513.986863057326,17164.008654292727,18301.84743025146,575
2000-06-26,18513.986328125,19671.110473632812,18205.419889322915,18764.696559651693,1381
2000-06-27,19632.541015625,20249.67393556606,18822.554058202357,19593.97020812868,1169
2000-06-28,19632.541015625,20519.669588040273,19439.686978143418,20403.957165551325,856
2000-06-29,18668.265625,19671.106340392562,16662.584194214876,19671.106340392562,927
2000-06-30,17742.56640625,18822.54870923913,17511.141627038043,18436.840743885867,330
2000-07-03,19516.826171875,19516.826171875,17356.861220046936,17356.861220046936,289
2000-07-05,20355.736328125,21599.644422074845,19748.246328754147,20307.52283611144,1163
2000-07-06,18861.12109375,22216.78067484663,17434.001501789367,21580.36247843175,1188
2000-07-07,19555.396484375,19902.533700073964,18668.268044255423,19131.117665187376,366
2000-07-10,19401.11328125,19748.250497017892,18783.98045321819,19208.25927249006,222
2000-07-11,20673.94921875,20943.94482421875,19208.2587890625,19401.11279296875,315
2000-07-12,22178.212890625,22602.491745923915,19748.252173913042,21117.51575237772,620
2000-07-13,23991.0390625,23991.0390625,22216.782154340835,22371.06536374598,646
2000-07-14,24531.029296875,24993.87890625,24145.3212890625,24743.168701171875,671
2000-07-17,27153.84375,29313.80859375,25649.58251953125,25688.1533203125,1039
2000-07-18,27848.12109375,28812.391214724725,26536.71372922438,26864.565570355786,507
2000-07-19,24068.181640625,28388.1116786859,22563.920288085938,28368.82627673027,1414
2000-07-20,26035.291015625,26073.86181712963,23605.330520833333,24222.463344907406,536
2000-07-21,26073.86328125,26845.279354659764,24685.314349112425,26112.43408492049,518
2000-07-24,25765.296875,27616.695452844313,25302.447230538924,27616.695452844313,414
2000-07-25,26382.4296875,26845.27933114035,25572.442811129386,25842.438436586257,366
2000-07-26,25919.580078125,26228.14650762649,22371.06613885789,25726.72605968657,666
2000-07-27,21329.65234375,24492.457935409133,19979.674347310127,23682.47113754521,821
2000-07-28,15852.599609375,20365.383439781024,15042.612768020073,19555.396598426094,1758
2000-07-31,14965.4716796875,16971.15345119201,14811.188466494845,15852.600155545264,836
2000-08-01,15428.3203125,16045.453125,15042.6123046875,15042.6123046875,415
2000-08-02,15891.1708984375,17241.149008741657,15544.033670073573,15814.029292134406,523
2000-08-03,15351.177734375,15736.885717650754,14541.190969495918,15042.611347754397,349
2000-08-04,16816.8671875,17549.712317230507,15505.460113245414,15929.738872563074,352
2000-08-07,16122.595703125,17819.711040296053,15736.88767194976,17279.719796650716,464
2000-08-08,15852.599609375,16971.152866484186,15389.749985743614,15891.170411344283,372
2000-08-09,16662.5859375,16662.5859375,15351.1787109375,15929.74072265625,265
2000-08-10,17588.28515625,18205.41796875,16971.15234375,17588.28515625,510
2000-08-11,17819.708984375,18668.266555059523,17279.717803030304,18051.13377637987,370
2000-08-14,17164.005859375,17973.992652738765,16045.452668539327,17588.28465589888,257
2000-08-15,17009.72265625,17511.14305201247,16662.585459183672,16855.439457553854,116
2000-08-16,17665.427734375,18128.27736933679,16971.153281932315,16990.438683389057,202
2000-08-17,17125.4375,17781.141188063062,17009.72508445946,17453.28934403153,137
2000-08-18,17819.708984375,18359.700165719696,17135.07730802726,17260.432403696563,242
2000-08-21,17318.291015625,18205.41950863029,17279.72021158129,17877.56767425877,172
2000-08-22,17318.291015625,17626.857447974668,16816.870563056793,17241.149407537585,125
2000-08-23,15891.1708984375,17356.8614181963,15582.604473225121,17202.57820559011,291
2000-08-24,16739.7265625,16894.009756624426,15582.602606566821,15736.885800691245,247
2000-08-25,16431.162109375,17279.719776995305,15891.170866343897,16932.582549332456,230
2000-08-28,16971.1484375,17549.710316051136,16045.44943181818,16392.586558948864,238
2000-08-29,17819.708984375,18128.275373714827,17356.859400365258,17434.000997700216,245
2000-08-30,19362.541015625,19671.10740631225,17819.709062188747,17819.709062188747,422
2000-08-31,20133.9609375,20442.527388649425,19131.11997126437,20018.248518318964,363
2000-09-01,20133.9609375,21599.65158045977,20056.819324712644,21561.08077406609,245
2000-09-05,19902.53515625,20828.234465843023,19786.822742550874,20828.234465843023,220
2000-09-06,17665.427734375,19053.97663926037,17549.715325634552,18128.27736933679,356
2000-09-07,18205.416015625,18668.26557534428,17511.14167604608,17588.283269332627,150
2000-09-08,17086.86328125,18398.270395386568,16971.150888826185,18051.133218115123,228
2000-09-11,17434.0,17472.57079646018,16739.725663716814,16739.725663716814,162
2000-09-12,17356.857421875,17858.277747395834,16971.149479166666,17279.715833333332,85
2000-09-13,17511.142578125,17588.284175385463,16816.86820278084,17511.142578125,154
2000-09-14,17703.998046875,18513.984885620917,17279.71922657952,17318.290028424566,166
2000-09-15,16971.1484375,17703.993483664774,16894.00685369318,17703.993483664774,146
2000-09-18,15505.4619140625,17202.5771484375,14849.75830078125,16894.0107421875,299
2000-09-19,16701.154296875,16816.866682303695,15351.176466873556,15428.318057159353,117
2000-09-20,16816.8671875,17896.849483944956,16122.592854071101,16739.72559489679,96
2000-09-21,15891.1708984375,16816.870174074636,15621.175276376669,16816.870174074636,94
2000-09-22,14811.1884765625,15351.179723103842,13885.489196777344,14811.1884765625,365
2000-09-25,14811.1884765625,15698.316953023275,14811.1884765625,14888.330083211264,216
2000-09-26,13962.630859375,14849.759339390539,13306.927200233082,14811.188535911602,221
2000-09-27,12149.8017578125,14425.478912450397,12034.089360119047,13615.49212859623,325
2000-09-28,13345.498046875,13499.78126128974,11378.387063087066,11416.957866690753,388
2000-09-29,12574.08203125,13345.49810678681,12265.515601035277,13306.92730300997,208
2000-10-02,12265.5146484375,13306.92626953125,12265.5146484375,12400.512451171875,175
2000-10-03,12072.6611328125,12882.647981978833,12034.090330471246,12766.935574955072,171
2000-10-04,12111.232421875,12111.232421875,11224.103932374603,11918.378402418391,172
2000-10-05,10722.68359375,12304.086569806654,10645.54198516187,12014.805537601169,354
2000-10-06,11262.673828125,11416.95703125,10645.541015625,10722.6826171875,130
2000-10-09,10992.6796875,11841.237417763157,10645.542434210525,10896.252672697368,72
2000-10-10,9835.5546875,11108.391176470588,9334.13425245098,11098.748475796569,344
2000-10-11,9874.1240234375,10028.407211303711,8948.424896240234,9044.851888656616,170
2000-10-12,10144.12109375,10491.258317490494,9565.55905418251,10066.979488474335,99
2000-10-13,12034.0908203125,12034.0908203125,9739.127987592648,9758.413389548277,128
2000-10-16,11224.1025390625,11956.947722025345,11108.390141752578,11455.527333682347,63
2000-10-17,10144.12109375,11561.598090690351,9951.267080560836,11561.598090690351,99
2000-10-18,11416.9580078125,11879.807656777872,9681.271824192358,9989.838256835938,97
2000-10-19,12959.7900390625,13576.922898065477,11725.524321056548,11995.51994687035,163
2000-10-20,11725.5224609375,13258.711664300217,10876.964914422288,13258.711664300217,127
2000-10-23,12034.0908203125,12651.223682892629,10954.108310797275,11253.032041109525,76
2000-10-24,11841.236328125,12921.218794533794,11802.665525753257,12342.656758957653,118
2000-10-25,10876.96484375,12034.088763297872,10799.823249113475,11571.239195478724,71
2000-10-26,12265.5146484375,12265.5146484375,10799.82421875,11108.390625,72
2000-10-27,11455.5283203125,12496.939985795454,11185.532703335437,12265.515171243687,77
2000-10-30,11764.0947265625,12005.162241451077,11224.103493212091,11474.813708696209,48
2000-10-31,12188.373046875,12959.7890625,11551.954833984375,11802.6650390625,64
2000-11-01,12651.224609375,13499.782357564787,12034.09170160061,12034.09170160061,71
2000-11-02,13384.068359375,14039.77199657781,12728.364722172191,12805.506326548992,96
2000-11-03,13576.921875,13962.6298828125,13036.9306640625,13567.279174804688,90
2000-11-06,12651.224609375,14116.915265339177,12342.658155487805,14039.773651867377,91
2000-11-07,12689.794921875,13191.215389912615,12342.657674772037,12342.657674772037,103
2000-11-08,12882.6484375,13692.635315306887,12574.082007859282,13268.3564745509,137
2000-11-09,11995.51953125,13499.78082295016,11262.674286575562,13345.497613545016,145
2000-11-10,11224.1025390625,11764.093726508807,10722.682150719502,11224.1025390625,126
2000-11-13,10915.5361328125,11069.819329035998,9874.124558303887,10259.832548862632,155
2000-11-14,10915.5361328125,12034.089305432863,10876.965333756625,11416.95652053887,179
2000-11-15,10799.82421875,11416.95703125,10799.82421875,11108.390625,67
2000-11-16,10336.974609375,11262.673828125,10336.974609375,10606.97021484375,111
2000-11-17,10529.8291015625,11262.674350389194,10182.691878434067,10346.617789355827,106
2000-11-20,9565.55859375,10414.1162109375,9334.1337890625,10028.408203125,178
2000-11-21,9565.55859375,10066.97900390625,9218.42138671875,9777.697998046875,117
2000-11-22,9141.279296875,9719.841277689873,8871.28370582806,9025.566900712025,106
2000-11-24,9565.55859375,9874.125,9179.8505859375,9864.482299804688,81
2000-11-27,9372.7041015625,10259.83247331533,9102.708510159466,10144.120076999743,101
2000-11-28,8369.86328125,9719.84122983871,8369.86328125,9526.987237183179,200
2000-11-29,8254.150390625,8794.141537675234,8138.438001971378,8794.141537675234,140
2000-11-30,7868.44189453125,8138.437449735754,7328.450784122243,8099.86665613511,186
2000-12-01,8408.43359375,8639.858371559634,7598.446871416285,7791.3008529243125,205
2000-12-04,8639.8603515625,8639.8603515625,8215.581495012557,8331.293910435268,112
2000-12-05,9604.12890625,9719.841302710844,8639.858935742972,8639.858935742972,149
2000-12-06,9179.8505859375,9835.55419921875,8948.42578125,9835.55419921875,97
2000-12-07,8639.8603515625,9642.701285226005,8447.006325857981,9256.993233816966,152
2000-12-08,9295.5625,9295.5625,8755.571317427386,9256.991701244813,135
2000-12-11,8678.4287109375,9796.981744791667,8562.716328125,9102.707447916666,147
2000-12-12,9025.56640625,9256.991185897436,8794.141626602564,8948.424813034188,119
2000-12-13,8755.5712890625,9256.991671255508,8485.57569865088,9121.993876049697,60
2000-12-14,8447.0048828125,9025.566861087329,8177.009292950914,8755.571271225743,66
2000-12-15,7945.58544921875,8331.293480734223,7405.594205097087,8196.295669703808,207
2000-12-18,7675.5888671875,8485.575632066584,7637.018068859925,7907.013657152953,122
2000-12-19,7714.16015625,8022.7265625,7328.4521484375,7945.5849609375,109
2000-12-20,7019.88671875,7482.736392513737,6017.045758928572,6171.328983516484,222
2000-12-21,6045.97314453125,7097.027487041468,6017.045043361244,6315.968755451306,296
2000-12-22,6479.89501953125,6788.4614490327385,6017.045375279018,6017.045375279018,188
2000-12-26,7097.02783203125,7367.023456075917,6865.6030114215355,6865.6030114215355,207
2000-12-27,7058.45654296875,7328.4521484375,6479.89453125,7328.4521484375,155
2000-12-28,7019.88671875,7559.878004807692,6942.745106456045,7434.522884830014,307
2000-12-29,7174.16943359375,7598.448271064348,6788.4613995295695,7019.886219968078,253
2001-01-02,7637.01904296875,8524.147517657038,7251.31101049558,7367.023420237531,152
2001-01-03,8061.2978515625,8177.010260915072,7598.448214152212,7714.160623504784,173
2001-01-04,9064.138671875,9565.559109042553,8022.726994680851,8099.868600398937,198
2001-01-05,8678.4287109375,9526.986184895834,8177.008385416666,9218.419830729166,105
2001-01-08,7868.44189453125,9025.565702550552,7521.304752125459,8948.424115349264,154
2001-01-09,8061.2978515625,8485.576685855263,8022.7270484449755,8177.010260915072,120
2001-01-10,7945.58544921875,8485.576693340412,7868.443842915655,8475.933992552526,114
2001-01-11,7907.01611328125,8292.72421636814,7714.162061737805,7723.804764314978,297
2001-01-12,8871.283203125,9179.849575407608,7945.584086277174,7964.869484544836,283
2001-01-16,10221.26171875,10259.83251768868,9064.137750589623,9179.850147405661,243
2001-01-17,10028.408203125,11108.390625,9874.125,11108.390625,209
2001-01-18,10568.3994140625,10645.541015625,9806.626098632812,10018.765502929688,82
2001-01-19,10259.833984375,10876.966855615601,10028.409157659775,10645.542028900376,84
2001-01-22,9874.1240234375,10645.539962768555,9874.1240234375,10095.906105995178,70
2001-01-23,10491.2578125,10491.2578125,10028.408203125,10182.69140625,78
2001-01-24,11108.390625,11416.95703125,10182.69140625,10645.541015625,166
2001-01-25,10568.3994140625,11108.390625,9912.69580078125,11031.2490234375,80
2001-01-26,9951.267578125,10491.258842054263,9719.842750726744,10115.193497532098,67
2001-01-29,10182.6904296875,10606.969197591146,9565.557676373106,10028.407241358902,113
2001-01-30,10182.6904296875,10491.256806344696,10028.407241358902,10336.973618016098,43
2001-01-31,10105.55078125,10491.258826335878,9874.125954198473,10327.33290717438,106
2001-02-01,10298.4033203125,10375.544918217463,10028.407727645132,10182.690923455057,47
2001-02-02,10144.12109375,10799.824738593155,9874.125475285171,10365.903208917538,62
2001-02-05,9488.41796875,10028.409235264227,9102.709921239837,9951.267625762195,77
2001-02-06,9411.275390625,9951.2666015625,9025.5673828125,9064.13818359375,46
2001-02-07,8871.283203125,9256.99116847826,8022.7256793478255,9102.707982336957,128
2001-02-08,8022.72607421875,9102.708430363582,7646.660789489746,8948.425236628605,178
2001-02-09,7868.44189453125,8794.14094094669,6942.742848115809,8794.14094094669,151
2001-02-12,8254.150390625,8254.150390625,7405.592873831775,7868.442428446261,56
2001-02-13,8022.72607421875,8562.717252291166,7868.442880483774,7945.584477351263,48
2001-02-14,8177.00927734375,8639.858859080188,7868.442889519458,8331.292471255896,55
2001-02-15,8601.2890625,8948.426289237668,8099.868623878923,8408.43504764574,57
2001-02-16,8022.72607421875,8485.575655423678,8022.72607421875,8369.863260122447,65
2001-02-20,7907.01611328125,8639.861509146342,7868.445302972561,8369.865836985518,50
2001-02-21,7521.30517578125,8061.29631660657,7521.30517578125,7868.442337740385,53
2001-02-22,7328.453125,7559.877960526315,6942.745065789473,7559.877960526315,46
2001-02-23,7559.87744140625,7559.87744140625,6479.894949776786,6884.888384137835,58
2001-02-26,7289.8818359375,7907.0146897734785,6942.7446056547615,7868.44388640873,58
2001-02-27,7019.88671875,7328.453167925824,6865.603494162088,7328.453167925824,19
2001-02-28,6749.89111328125,6981.3159514508925,6557.037081473214,6942.745145089286,27
2001-03-01,6711.31982421875,6711.31982421875,6402.7533955190365,6528.108507178295,27
2001-03-02,7097.02783203125,7868.443900730299,6672.748994246773,6711.3197976817255,47
2001-03-05,7251.310546875,7984.15576171875,6942.744140625,7984.15576171875,21
2001-03-06,7405.59423828125,8331.293518066406,7405.59423828125,8022.7270914713545,38
2001-03-07,7521.30517578125,7945.583929286859,7097.0264222756405,7637.0175631009615,32
2001-03-08,7367.0234375,7598.448257526178,7097.027814136126,7463.450445844242,29
2001-03-09,6942.74462890625,7251.311056857639,6788.461414930556,7019.886235894098,24
2001-03-12,6518.4658203125,7097.027875369822,6402.753409301035,6942.74466068787,75
2001-03-13,6711.31982421875,6788.461431393678,6402.7533955190365,6557.036609868894,41
2001-03-14,6634.17822265625,6749.890633516533,5939.90375749455,6624.535521751226,49
2001-03-15,6634.17822265625,6865.603044376817,6017.0453647347385,6634.17822265625,34
2001-03-16,6171.328125,6402.7529296875,5939.9033203125,6171.328125,51
2001-03-19,6248.470703125,6248.470703125,5399.912953317901,6094.1874758873455,119
2001-03-20,5978.474609375,6557.036668346774,5631.337373991935,6017.045413306451,55
2001-03-21,5399.912109375,6094.1865234375,5399.912109375,5853.1190185546875,47
2001-03-22,5978.474609375,6171.328629032258,5264.914736643145,5862.762197580645,65
2001-03-23,6094.1865234375,6132.75732421875,5747.04931640625,6132.75732421875,64
2001-03-26,5766.33447265625,6402.752658601588,5747.049073082148,6306.325660731082,41
2001-03-27,5862.76123046875,6055.615218313117,5862.76123046875,6055.615218313117,12
2001-03-28,5708.47900390625,6055.616240630279,5708.47900390625,5862.762220228041,21
2001-03-29,5766.33447265625,6094.1862654159695,5708.478273933946,6094.1862654159695,18
2001-03-30,5785.62060546875,5785.62060546875,5708.478997395833,5747.049801432292,60
2001-04-02,5245.62890625,5785.6201171875,5014.2041015625,5785.6201171875,53
2001-04-03,5245.62890625,5245.62890625,4705.6376953125,4937.0625,123
2001-04-04,4898.4921875,5245.629429133858,4859.921382874016,5245.629429133858,43
2001-04-05,4898.4921875,5129.917015255905,4821.3505782480315,4994.919199064961,109
2001-04-06,4937.06201171875,5091.345199584961,4782.778823852539,4917.776613235474,36
2001-04-09,4967.9189453125,4980.26151737326,4813.635748253106,4980.26151737326,33
2001-04-10,5344.37109375,5430.769532541511,4906.206566330115,4906.206566330115,50
2001-04-11,5726.9921875,5856.58981804721,5646.764843721283,5720.820692393966,42
2001-04-12,5844.248046875,5862.762116209135,5671.450763956414,5856.590620257756,17
2001-04-16,5122.20263671875,5998.531196887115,4967.9194247693895,5862.762054075677,36
2001-04-17,5338.19921875,5517.1675800630965,4955.576930705446,4986.433573588394,32
2001-04-18,5893.619140625,5924.475785340314,5585.052693471859,5862.762495909686,92
2001-04-19,6418.181640625,6560.1222798428225,5770.192148061899,6017.0452880859375,79
2001-04-20,6047.9013671875,6405.838470582181,5924.474808673469,6140.471286073023,42
2001-04-23,5677.62158203125,6171.327806555706,5554.195025900136,6171.327806555706,41
2001-04-24,5554.1953125,5807.2199330329895,4986.433208703995,5677.621875000001,38
2001-04-25,5739.3349609375,5807.219735410336,5406.08342093621,5548.023628164933,36
2001-04-26,5702.306640625,5930.646100870848,5634.422286879432,5930.646100870848,54
2001-04-27,5862.76123046875,5918.303011559952,5708.478040193257,5862.76123046875,65
2001-04-30,5726.9921875,5862.761313153244,5622.079700337036,5862.761313153244,80
2001-05-01,5825.7333984375,5992.359587361338,5652.936551215679,5733.163479488684,51
2001-05-02,6547.779296875,6603.321082497363,5825.733572664451,5862.761708759341,102
2001-05-03,6985.94384765625,7257.482555464234,6640.349699337004,6640.349699337004,101
2001-05-04,6973.6005859375,7467.306822110067,6307.097083400543,7405.593542588495,60
2001-05-07,7350.0517578125,7584.5618851588915,6942.743945596205,7004.457225112616,74
2001-05-08,7788.216796875,7868.443731477996,7652.447236888404,7652.447236888404,64
2001-05-09,7559.87744140625,7856.100875722903,7479.65050541549,7856.100875722903,39
2001-05-10,7961.01318359375,8022.726464086725,7652.446781128876,7652.446781128876,35
2001-05-11,7905.470703125,8022.725758338904,7677.131250571717,7961.012483274759,15
2001-05-14,7529.01953125,7985.697597704732,7097.026607325819,7985.697597704732,27
2001-05-15,7689.474609375,7868.44294824073,7035.313694897593,7313.023446011973,33
2001-05-16,7498.16357421875,7596.904990340729,7282.167092656892,7529.020214441872,15
2001-05-17,7306.85205078125,7467.306743250821,7035.313791161931,7288.338401936263,24
2001-05-18,7590.73291015625,7831.414517948351,6819.31696400216,7201.939608110537,81
2001-05-21,8022.72607421875,8022.72607421875,7405.593299278847,7547.533502699066,89
2001-05-22,8325.12109375,8565.802712246512,7998.041052849601,8004.212548101288,129
2001-05-23,8269.5791015625,8460.890427290207,8158.495537999257,8454.718932194495,42
2001-05-24,8442.3759765625,8541.117387378414,8269.57913541457,8436.205318481418,50
2001-05-25,8393.005859375,8522.603911376273,8269.579302619484,8516.432416130514,70
2001-05-29,7757.3583984375,8386.833252211554,7220.452612917463,8386.833252211554,67
2001-05-30,7097.02783203125,7436.450902258832,6788.46140455163,7405.594259510869,125
2001-05-31,7053.8271484375,7109.36976675644,6862.516242960788,7066.170138517238,69
2001-06-01,7380.908203125,7498.16326370918,6992.114468710163,6992.114468710163,36
2001-06-04,7282.1669921875,7374.736911579714,7078.513504340599,7374.736911579714,35
2001-06-05,7066.169921875,7251.309745155568,7016.79921862953,7097.026559088428,24
2001-06-06,6628.00634765625,6942.744254606399,6331.782927609028,6942.744254606399,118
2001-06-07,7010.62841796875,7029.142066208853,6473.722574527103,6553.949918140677,59
2001-06-08,7109.3701171875,7559.8767217058385,7035.313847138495,7072.341982162998,48
2001-06-11,7158.7412109375,7343.881069841056,7010.6294912226585,7010.6294912226585,19
2001-06-12,7140.22705078125,7189.597341486203,6856.34578662788,7189.597341486203,50
2001-06-13,6856.34521484375,7140.226455322876,6856.34521484375,7016.7994832937375,23
2001-06-14,6924.23046875,6924.23046875,6726.748041154064,6856.346106602646,24
2001-06-15,6467.5517578125,6603.3208886413195,6368.810343471561,6578.635744316066,24
2001-06-18,6214.52685546875,6523.093237751408,6189.841712294114,6239.212417163328,25
2001-06-19,6029.3876953125,6331.78303462491,5930.64669313456,6263.898255580087,33
2001-06-20,6171.328125,6226.8699107170105,5893.618359375,5899.78985490799,16
2001-06-21,6220.69921875,6479.894932339583,5899.7902200905155,6257.726938679941,17
2001-06-22,5924.47412109375,6220.697910852419,5912.131550378786,6220.697910852419,21
2001-06-25,5615.908203125,5856.589815850951,5560.366421271302,5751.67732872733,45
2001-06-26,5634.42236328125,5671.4500789573,5307.341906283071,5578.880161987247,47
2001-06-27,5622.0791015625,5689.963447899188,5529.509195950735,5652.935736766422,24
2001-06-28,5640.59326171875,5677.621394744625,5529.509699681002,5615.908118714792,78
2001-06-29,6109.615234375,6109.615234375,5622.080448736914,5622.080448736914,33
2001-07-02,5862.76123046875,6171.327611019738,5862.76123046875,6097.271763391488,28
2001-07-03,6165.15576171875,6202.183892665014,5930.645660792124,6165.15576171875,29
2001-07-05,6165.15576171875,6226.86903428258,5986.187438691606,6171.327256383099,14
2001-07-06,6109.615234375,6140.471876972853,6023.21680250901,6078.758591777147,21
2001-07-09,5739.3349609375,5992.359572859933,5739.3349609375,5986.188077536963,25
2001-07-10,5548.02392578125,5757.849337258572,5307.3422915937135,5714.650123240294,43
2001-07-11,5548.02392578125,5548.02392578125,5276.485650363518,5344.3704284779415,11
2001-07-12,5585.0517578125,5825.733378862735,5554.195118266575,5560.366613583744,22
2001-07-13,5850.41845703125,5862.761028123315,5646.764569192455,5801.047754143069,33
2001-07-16,5801.048828125,5961.503537587521,5585.052329205452,5862.762113530584,30
2001-07-17,5708.47900390625,5733.164151109733,5615.909074113176,5615.909074113176,4
2001-07-18,5708.47900390625,5998.531366887215,5171.573494810421,5233.286781339138,48
2001-07-19,5924.47412109375,5980.015898571039,5264.1421933841575,5307.341400146484,44
2001-07-20,6072.58642578125,6072.58642578125,5646.764972325353,5887.446590623042,18
2001-07-23,5801.048828125,5893.618756233377,5554.19568650266,5893.618756233377,33
2001-07-24,5659.107421875,5683.792983807377,5523.338296066734,5560.366429705327,66
2001-07-25,5708.47900390625,5764.020794374091,5523.339144320102,5739.335647170608,17
2001-07-26,5615.908203125,5689.964051769913,5492.481649210165,5615.908203125,14
2001-07-27,5523.33837890625,5702.306717630427,5492.4817399179465,5504.824311809278,27
2001-07-30,5646.76611328125,5831.905985847849,5523.339531570185,5819.56341138075,54
2001-07-31,5399.912109375,5930.64649553299,5399.912109375,5665.279302453995,59
2001-08-01,5603.56689453125,5739.336050737153,5430.769596396446,5430.769596396446,52
2001-08-02,5708.47900390625,5708.47900390625,5529.510640380977,5615.909074113176,18
2001-08-03,5708.47900390625,5862.762220228041,5535.681717921843,5801.048933699325,29
2001-08-06,5214.771484375,5430.767936390533,4393.9848830119945,5257.970691074124,130
2001-08-07,5301.17041015625,5307.341905361162,4714.894269447749,4782.779042621977,47
2001-08-08,5338.19921875,5350.541792199178,5029.632789920521,5122.202718569364,30
2001-08-09,5122.20263671875,5146.887783222648,5029.632709549133,5091.345994328878,8
2001-08-10,4998.77490234375,5257.970554316853,4875.348361545139,5245.627983940973,35
2001-08-13,5227.1142578125,5227.1142578125,4943.233446693336,4998.775226243628,39
2001-08-14,5177.74462890625,5517.167708521606,4838.321549290893,4967.919619824762,48
2001-08-15,5171.572265625,5245.628108153777,4937.061748850614,5196.257406961289,34
2001-08-16,4974.09130859375,5233.287041179819,4937.063167430013,5103.6889656267695,93
2001-08-17,4924.7197265625,5017.289644661344,4782.7791017736145,4967.9189379713025,16
2001-08-20,4751.9228515625,5153.059196174919,4751.9228515625,5153.059196174919,31
2001-08-21,4702.5517578125,4844.492382664627,4560.611132960373,4758.093959808527,60
2001-08-22,4505.0693359375,4665.524027639147,4449.527552628445,4628.495893086473,53
2001-08-23,4609.98193359375,4609.98193359375,4449.52765666056,4566.782721285582,35
2001-08-24,4702.5517578125,4745.75096924055,4505.069349484303,4505.069349484303,36
2001-08-27,4924.7197265625,5091.345495436429,4751.922462407333,4782.7791017736145,31
2001-08-28,4782.779296875,5048.146489953995,4628.49609375,4788.95079240799,15
2001-08-29,4714.89501953125,5091.346242440952,4554.440722396637,5091.346242440952,20
2001-08-30,4474.2119140625,4591.466955436875,4196.502209051724,4554.439245880701,50
2001-08-31,4400.15673828125,4542.097359229667,4196.502840270038,4480.384082166872,24
2001-09-04,3764.509765625,4412.499151511271,3702.796490778688,4177.9886233913,63
2001-09-05,3900.279052734375,4258.21614579505,3684.282581570858,4110.104447262332,62
2001-09-06,3752.167236328125,4011.362909877779,3585.541476083343,3999.02033847445,109
2001-09-07,3943.478759765625,4011.3635409434373,3795.3670425849446,3918.793613075512,114
2001-09-10,3968.164306640625,4103.933449848921,3517.657242727646,3517.657242727646,77
2001-09-17,3678.11181640625,4060.734085450394,3239.947341818934,3357.202620803427,107
2001-09-18,3900.279052734375,3906.450547889883,3517.656816091563,3560.8560266202767,116
2001-09-19,4319.93017578125,4702.552479075014,3492.972071708266,3610.227361188616,86
2001-09-20,4134.78955078125,4319.929381413246,4011.3629970265856,4319.929381413246,30
2001-09-21,3857.080078125,4165.646484375,3529.9996037960054,4073.0765625000004,35
2001-09-24,3931.135986328125,4159.475046409354,3696.6254306284923,3832.394986073529,16
2001-09-25,3826.2236328125,4128.61855896549,3702.797064012097,3949.6502016129034,19
2001-09-26,3702.797119140625,3826.223689778646,3332.5174072265627,3696.6256232007236,54
2001-09-27,3807.708740234375,3807.708740234375,3394.2299078867027,3585.54121555737,33
2001-09-28,3887.9365234375,4097.761501738844,3548.513493613591,3807.709178138767,20
2001-10-01,3733.65380859375,3826.223737732438,3394.230735085227,3616.398732426081,9
2001-10-02,3579.37060546875,3826.2237506734914,3486.800676016972,3628.7413182136997,21
2001-10-03,3733.65380859375,3980.506952963585,3455.944021177686,3671.940522501291,26
2001-10-04,3702.797119140625,3869.4229057979533,3634.912337881713,3869.4229057979533,28
2001-10-05,3585.5419921875,3826.2236340159916,3548.5138541277342,3554.6853499776935,17
2001-10-08,3591.713134765625,3591.713134765625,3579.3705613614825,3579.3705613614825,2
2001-10-09,3628.74072265625,3702.7965703594514,3449.7721799035494,3604.0551610752236,30
2001-10-10,3499.14306640625,3653.426274083069,3418.9159239703004,3647.255196887988,38
2001-10-11,3462.115234375,3727.4822333782895,3425.087305358262,3727.4822333782895,43
2001-10-12,3548.513916015625,3702.7971297554345,3394.230702275815,3653.426417654695,22
2001-10-15,3671.93994140625,3671.93994140625,3548.513388753939,3641.0833032431724,8
2001-10-16,3789.195556640625,3826.223695293401,3536.171337579998,3727.4822712326672,24
2001-10-17,3875.59423828125,3924.9649481582055,3641.0836802556996,3764.5102456880963,28
2001-10-18,3702.797119140625,3943.4787644767653,3591.7131218624063,3943.4787644767653,27
2001-10-19,3678.11181640625,3696.6254664006574,3647.2551750555936,3653.4262522137346,8
2001-10-22,3659.59765625,3776.8527230382574,3394.230463575553,3776.8527230382574,55
2001-10-23,3505.314208984375,3591.7126291713366,3486.800142224328,3591.7126291713366,15
2001-10-24,3536.171142578125,3579.370356277478,3443.6012195709486,3517.657074272694,36
2001-10-25,3567.027587890625,3659.597505819344,3455.9436026721714,3567.027587890625,47
2001-10-26,3573.198486328125,3573.198486328125,3486.800067980822,3548.5133435203056,18
2001-10-29,3529.999755859375,3616.398604443201,3400.401901503628,3486.800540827458,88
2001-10-30,3455.943359375,3616.39803989681,3418.9154366622606,3616.39803989681,20
2001-10-31,3455.943359375,3560.855841937756,3412.744151086798,3486.799996512277,30
2001-11-01,3289.318115234375,3462.115184580536,3289.318115234375,3455.9438980431723,37
2001-11-02,3351.03076171875,3548.513148910665,3264.632138849803,3270.803424213309,58
2001-11-05,3418.916015625,3529.9998025742607,3264.6328038121387,3270.8040904326535,44
2001-11-06,3363.37353515625,3449.772163232441,3276.974907080059,3394.2301730934637,40
2001-11-07,3412.744384765625,3418.9156707636507,3351.031106265415,3394.2303175115712,30
2001-11-08,3394.23046875,3480.6291043519977,3283.1464787960053,3375.7164006710054,47
2001-11-09,3326.345703125,3455.943544179746,3289.317778432212,3320.1744172195313,22
2001-11-12,3314.003173828125,3455.9438067374076,3276.9752463222226,3307.8318874538063,22
2001-11-13,3554.68505859375,3616.398337954614,3332.517085486655,3363.3737251670873,29
2001-11-14,3702.797119140625,3702.797119140625,3480.629333844188,3548.513905843099,38
2001-11-15,3826.2236328125,3857.080275012601,3517.657210811492,3665.768925963978,48
2001-11-16,4159.47509765625,4159.47509765625,3770.681750426173,3795.366896163961,31
2001-11-19,4677.8662109375,4733.407989631249,4196.502594351967,4264.387362550922,59
2001-11-20,5066.66064453125,5165.4016451049765,4628.4961727678965,4776.6078828884765,97
2001-11-21,4943.23388671875,5054.3174557075145,4881.52060682723,4998.775671213132,32
2001-11-23,5054.31787109375,5054.31787109375,4937.062797071306,4998.7760820346975,6
2001-11-26,4924.7197265625,4961.7474426900635,4863.006447829937,4863.006447829937,22
2001-11-27,4751.9228515625,5060.48927049513,4721.066209669238,5060.48927049513,16
2001-11-28,4542.0966796875,4751.921622901156,4517.411121443616,4751.921622901156,28
2001-11-29,4566.78369140625,4708.724349302617,4517.41297320055,4542.098541563428,5
2001-11-30,4980.26171875,5017.289854949469,4461.870323077276,4566.782817615807,33
2001-12-03,5122.20263671875,5171.573348246545,4727.237781536387,4869.178001713801,29
2001-12-04,5344.37109375,5486.311326261763,4998.776501543891,5153.059726900184,34
2001-12-05,5751.677734375,6294.754693605766,5467.796891461626,5467.796891461626,73
2001-12-06,5578.87939453125,5776.362191716695,5467.795844264305,5770.190697359689,37
2001-12-07,5535.681640625,5794.877356722357,5517.167571220903,5708.478924196573,19
2001-12-10,5572.708984375,5572.708984375,5362.883591931013,5517.16678408691,13
2001-12-11,5399.912109375,5510.996099328995,5369.055468750001,5369.055468750001,28
2001-12-12,5554.1953125,5554.1953125,5362.883973217011,5399.912109375,17
2001-12-13,5430.76904296875,5665.2796080736725,5430.76904296875,5659.108112207755,16
2001-12-14,4986.4326171875,5424.596610973231,4548.268204881845,5418.42553469226,64
2001-12-17,4844.4921875,5060.488654458599,4838.320692464636,4998.775378184713,13
2001-12-18,4967.9189453125,5122.202142371894,4659.352551193711,4844.492387664985,49
2001-12-19,4967.9189453125,5060.488863548137,4363.128729135682,4381.642796486802,35
2001-12-20,5214.771484375,5541.851909702503,4591.467269722213,4628.49540033284,44
2001-12-21,4967.9189453125,5492.481815314441,4937.062305900621,4937.062305900621,20
2001-12-24,5048.14697265625,5091.3461899579515,4937.062972080438,5060.489546382449,6
2001-12-26,5492.48291015625,5548.02470476105,5159.23130548737,5245.6297456548455,35
2001-12-27,5665.27783203125,5665.27783203125,5190.085773446334,5430.767340444449,33
2001-12-28,5510.99560546875,5702.306509087704,5183.915160450617,5406.0831204493325,41
2001-12-31,5153.05859375,5554.194891467067,4832.149639280336,5399.911700037425,45
2002-01-02,5541.85302734375,5628.251458166215,5282.657316356357,5504.824889265553,13
2002-01-03,5683.79296875,5831.904665872108,5523.33828143443,5523.33828143443,27
2002-01-04,5893.619140625,5955.332430055629,5813.391780661178,5862.762495909686,22
2002-01-07,5764.01953125,6103.442532776968,5615.907843446199,5862.7609354658125,10
2002-01-08,5615.908203125,5986.187864869506,5615.908203125,5986.187864869506,13
2002-01-09,5646.76611328125,5924.475922131148,5646.76611328125,5677.622758709016,7
2002-01-10,5461.62451171875,5652.935820215166,5214.771426443326,5646.764325675318,42
2002-01-11,5461.62451171875,5492.481147378178,5190.086285323747,5307.34133342161,45
2002-01-14,5344.37109375,5492.482822684028,5190.087868393707,5430.769532541511,27
2002-01-15,5307.341796875,5412.254283574354,5004.946908414518,5282.656653599837,28
2002-01-16,4998.77490234375,5245.627983940973,4998.77490234375,5183.914713541667,7
2002-01-17,5270.3134765625,5399.911520461548,5060.488510603965,5393.740025601621,13
2002-01-18,5183.91552734375,5319.6846598320935,4363.1288184769965,5091.345607212612,45
2002-01-22,4924.7197265625,5122.20213480271,4875.3490198724585,4912.377154519979,10
2002-01-23,4937.06201171875,5097.5166945075825,4893.862802820197,4906.205374145507,11
2002-01-24,5183.91552734375,5183.91552734375,4961.747551621032,5097.517102629341,20
2002-01-25,5239.45751953125,5344.370434651084,5159.230587056058,5159.230587056058,21
2002-01-28,5004.94677734375,5393.740075605429,4980.2612161951165,5196.257679016019,23
2002-01-29,4893.86328125,4998.775775551405,4758.0941463587715,4937.0624943717585,14
2002-01-30,4708.72412109375,4788.951481974777,4690.210050348892,4758.094836906693,8
2002-01-31,4751.9228515625,4937.062702922078,4751.9228515625,4875.349419135552,11
2002-02-01,5029.63232421875,5153.058884322278,4702.551856240409,4702.551856240409,11
2002-02-04,4937.06201171875,5085.173704662339,4937.06201171875,4937.06201171875,3
2002-02-05,5029.63232421875,5134.544816602755,4844.4924840634585,5091.345604270514,11
2002-02-06,5091.34521484375,5153.058490175189,4832.149542155691,4875.348751183712,13
2002-02-07,5060.4892578125,5060.4892578125,4498.89820935458,4788.950977240313,52
2002-02-08,5122.20263671875,5208.601068002392,4943.234278265491,4943.234278265491,39
2002-02-11,5171.572265625,5338.198015944726,4721.065297338399,4721.065297338399,25
2002-02-12,4937.06201171875,5369.05493774414,4838.320604076402,5091.345199584961,17
2002-02-13,4819.8076171875,4937.062688634575,4659.35291239888,4930.891192865786,16
2002-02-14,4937.06201171875,4937.06201171875,4708.722977380744,4714.894053783433,23
2002-02-15,4832.14990234375,4900.034259156468,4498.897939601443,4875.349114591837,25
2002-02-19,4628.49658203125,4974.09116089759,4566.783294270833,4640.83915587933,35
2002-02-20,4616.15380859375,4937.062807368717,4461.870595863477,4659.353024454226,22
2002-02-21,4511.24169921875,4714.895222883917,4480.385053994326,4492.727628380088,27
2002-02-22,4387.8134765625,4461.869313688137,4313.757220916984,4461.869313688137,13
2002-02-25,3992.84912109375,4381.642867706952,3708.9682850021795,4227.359668139805,27
2002-02-26,4289.07275390625,4468.041089898677,3980.5063687331385,3980.5063687331385,15
2002-02-27,4258.21728515625,4338.444651044365,4196.503991168478,4196.503991168478,6
2002-02-28,4079.2470703125,4264.3868692340375,4079.2470703125,4258.215375195371,15
2002-03-01,4313.75830078125,4344.614942184607,4073.076665243063,4079.248160931728,18
2002-03-04,4498.8974609375,4807.463827765036,4245.873291250873,4319.9291355854975,19
2002-03-05,4782.779296875,4937.0625,4659.352734375,4659.352734375,26
2002-03-06,4875.34912109375,4998.775681121439,4751.922561066061,4930.890905698225,13
2002-03-07,4751.9228515625,5029.6326286018675,4721.066209669238,4875.349419135552,15
2002-03-08,4838.32080078125,4887.69150660962,4758.093874645092,4887.69150660962,9
2002-03-11,4937.06201171875,4937.06201171875,4745.750691356676,4807.46396650316,8
2002-03-12,4930.89111328125,4974.090745925552,4665.524332866151,4937.062608950431,10
2002-03-13,4875.34912109375,4986.433108822664,4628.49600103837,4986.433108822664,6
2002-03-14,5060.4892578125,5122.20254144436,4764.265412675575,4937.062690548781,33
2002-03-15,5060.4892578125,5140.716610237915,5060.4892578125,5097.517395399612,11
2002-03-18,5264.14306640625,5424.597349350836,4998.7758686856105,5004.947364326548,24
2002-03-19,5362.8837890625,5399.911923948991,5097.517023615832,5097.517023615832,8
2002-03-20,5146.88720703125,5362.883679579659,5122.202063290841,5122.202063290841,14
2002-03-21,5048.14697265625,5091.3461899579515,4967.91961565594,5091.3461899579515,10
2002-03-22,5060.4892578125,5060.4892578125,4967.9193323647105,5029.63261599657,17
2002-03-25,4980.26171875,5183.915630807132,4955.5765736303365,5183.915630807132,28
2002-03-26,5091.34521484375,5091.34521484375,4974.090159121989,4974.090159121989,4
2002-03-27,4980.26171875,5146.887494607663,4967.919146190168,4967.919146190168,9
2002-03-28,4844.4921875,4980.26131159856,4844.4921875,4980.26131159856,15
2002-04-01,4671.6953125,4844.492583910352,4634.667594817765,4788.950798127013,10
2002-04-02,4721.06591796875,4813.635837928922,4597.639358021855,4770.436625651501,22
2002-04-03,4665.5244140625,4782.779485657726,4603.811130376594,4721.066201971819,14
2002-04-04,4665.5244140625,4832.150196310448,4665.5244140625,4665.5244140625,13
2002-04-05,4480.3837890625,4535.925567377522,4480.3837890625,4535.925567377522,4
2002-04-08,4381.64208984375,4659.351799763424,4258.215552101672,4418.670218574329,25
2002-04-09,4393.98583984375,4585.297192125319,4319.929981016047,4585.297192125319,14
2002-04-10,4381.64208984375,4400.156154209039,4289.072186537192,4400.156154209039,6
2002-04-11,4011.363037109375,4381.642702073317,4011.363037109375,4350.786063326323,13
2002-04-12,4017.53466796875,4535.926049020219,4011.3631726029143,4319.929570495446,32
2002-04-15,4455.6982421875,4455.6982421875,4011.3627587665715,4011.3627587665715,18
2002-04-16,4955.5771484375,4955.5771484375,4344.615341399439,4344.615341399439,15
2002-04-17,4937.06201171875,5060.488562011718,4906.205374145507,4924.71944039344,20
2002-04-18,4714.89501953125,5054.318102360647,4714.89501953125,4937.063022973044,29
2002-04-19,4665.5244140625,4918.548626062721,4653.181422509327,4714.894706195233,10
2002-04-22,4850.6640625,5029.632410305329,4628.496083103064,4708.7234322475115,14
2002-04-23,4850.6640625,4961.747633678496,4788.950781391959,4844.492566981207,14
2002-04-24,4375.47119140625,4795.121560581844,4375.47119140625,4795.121560581844,13
2002-04-25,4276.73046875,4684.037873356683,4116.275770301323,4381.642963034146,65
2002-04-26,4227.35888671875,4319.928789347628,4227.35888671875,4258.2155209283765,5
2002-04-29,4239.70263671875,4480.3847016538775,4134.790134910106,4196.503420505779,10
2002-04-30,4505.0693359375,4511.240831202931,4270.558793650461,4270.558793650461,13
2002-05-01,4622.32470703125,4622.32470703125,4301.41572068072,4505.069637303935,1
2002-05-02,4628.49658203125,4702.552443639746,4350.786787109375,4350.786787109375,23
2002-05-03,4326.10107421875,4566.782697631906,4319.929578840992,4350.786218689856,27
2002-05-06,4258.21728515625,4443.357167119565,4258.21728515625,4344.615729331106,31
2002-05-07,4301.41552734375,4313.7580996255465,4011.363195381683,4042.219835346157,15
2002-05-08,4289.07275390625,4319.929392423561,4171.817694948446,4171.817694948446,27
2002-05-09,4103.93359375,4319.930098684211,4073.07695018797,4103.93359375,10
2002-05-10,4252.04541015625,4252.04541015625,4042.22039666849,4042.22039666849,5
2002-05-13,3949.649658203125,4165.646123886108,3949.649658203125,4159.474628887191,50
2002-05-14,4091.59033203125,4159.474685341003,3949.649711809121,3949.649711809121,6
2002-05-15,4042.220458984375,4153.304463698639,3912.6223837310627,4153.304463698639,21
2002-05-16,4196.5029296875,4196.5029296875,3918.793176987592,3918.793176987592,5
2002-05-17,4140.9619140625,4628.496736200992,3949.6505482248463,4270.559571564108,31
2002-05-20,3961.992431640625,4184.160403647372,3776.8525944749886,3924.9647153194733,45
2002-05-21,3974.33544921875,3974.3354492187495,3783.0245138161113,3783.0245138161113,14
2002-05-22,3980.506591796875,4196.503073522287,3949.649951550388,3974.33509633959,10
2002-05-23,4011.363037109375,4165.6462308443515,3826.223204627404,3826.223204627404,10
2002-05-24,4073.07666015625,4073.07666015625,4073.07666015625,4073.07666015625,1
2002-05-28,3949.649658203125,4066.9047150230554,3702.7965545654297,3937.3070867252277,13
2002-05-29,3826.2236328125,3857.080275012601,3702.797064012097,3752.167775236257,10
2002-05-30,3715.1396484375,3844.737713478342,3622.569721556898,3844.737713478342,18
2002-05-31,3548.513916015625,3702.7971297554345,3486.800630519701,3548.513916015625,32
2002-06-03,3486.80029296875,3641.083491772677,3486.80029296875,3604.0553566517497,9
2002-06-04,3314.003173828125,3610.2270123953276,3314.003173828125,3554.6852257664686,41
2002-06-05,2709.213134765625,3394.230526429373,2375.961368500561,3394.230526429373,98
2002-06-06,2900.5244140625,2900.5244140625,2561.101344331782,2807.954485954122,76
2002-06-07,2931.380615234375,3005.436462862624,2616.6429489243624,2715.384148848684,54
2002-06-10,2919.03857421875,2925.2098610993376,2678.356711795765,2783.26921654578,17
2002-06-11,2807.9541015625,2925.209369633588,2703.041614438879,2925.209369633588,29
2002-06-12,2622.814453125,2919.038286828995,2591.9578125000003,2622.814453125,31
2002-06-13,2591.957763671875,2838.8108840215777,2468.531203497024,2591.957763671875,34
2002-06-14,2548.7587890625,2777.0978629814153,2493.2167899508713,2777.0978629814153,30
2002-06-17,2641.328857421875,2740.0700781387645,2493.2169217165338,2591.9581424334237,29
2002-06-18,2573.443603515625,2740.06957932324,2474.7024007740615,2740.06957932324,14
2002-06-19,2474.70263671875,2585.7866311815346,2474.70263671875,2567.2725623510723,24
2002-06-20,2412.989013671875,2505.5589262878802,2412.989013671875,2505.5589262878802,21
2002-06-21,2301.9052734375,2493.216386764431,2005.6814655855003,2493.216386764431,26
2002-06-24,2221.67822265625,2308.076862055992,2005.6817287868923,2308.076862055992,44
2002-06-25,2252.53466796875,2345.1045858304797,2079.7374042561974,2079.7374042561974,54
2002-06-26,2283.391845703125,2326.5910671880924,2129.1086128853462,2326.5910671880924,40
2002-06-27,2203.164306640625,2314.248309185535,2129.1084444506923,2252.5350209405874,22
2002-06-28,2314.248291015625,2394.4756488081703,2098.2517838541667,2190.8217154947915,15
2002-07-01,2308.076904296875,2308.076904296875,2073.5663372428608,2159.9649782238134,4
2002-07-02,2190.821044921875,2308.0762976288374,2079.737077250027,2079.737077250027,35
2002-07-03,2314.248291015625,2437.6748665364585,2178.479141646712,2308.077004091585,40
2002-07-05,2369.790283203125,2456.188927604386,2252.5349950342707,2456.188927604386,11
2002-07-08,2345.1044921875,2456.188472889843,2264.8771495402557,2264.8771495402557,10
2002-07-09,2357.447509765625,2462.3602245598076,2320.4195789453292,2351.2762228389106,8
2002-07-10,2314.248291015625,2345.104934895833,2264.877577103288,2345.104934895833,11
2002-07-11,2209.33544921875,2320.419224722165,2036.5381860890238,2252.5346603711932,22
2002-07-12,2240.19189453125,2456.1883501206557,2147.621984992933,2153.7932704434957,16
2002-07-15,2394.475341796875,2462.359907777409,2036.5382349759047,2462.359907777409,16
2002-07-16,2252.53466796875,2450.017075703115,2098.251471532534,2450.017075703115,13
2002-07-17,2295.733642578125,2437.674252369442,2258.7057211029855,2437.674252369442,7
2002-07-18,2172.307373046875,2406.8179208319275,2172.307373046875,2283.3913607892646,23
2002-07-19,2147.621826171875,2178.4784604027354,2036.5378592367992,2172.3069661486084,10
2002-07-22,1734.14306640625,2153.793439653161,1727.9717804708491,2005.6815309036642,51
2002-07-23,1851.3985595703125,2110.594274206156,1610.7167049741718,1610.7167049741718,18
2002-07-24,1789.685302734375,2030.3671611609986,1734.1433032113075,2030.3671611609986,20
2002-07-25,1851.3985595703125,2098.251700846354,1789.6852742513022,1789.6852742513022,13
2002-07-26,1845.22705078125,1845.22705078125,1789.6850588277055,1845.22705078125,13
2002-07-29,1999.51025390625,2098.251457093971,1789.6850663448577,1789.6850663448577,8
2002-07-30,1968.6539306640625,2005.6818616423814,1845.2273545629928,2005.6818616423814,30
2002-07-31,2067.394775390625,2104.42269966503,1943.9682216359608,1974.8248600746267,36
2002-08-01,1851.3985595703125,1913.111844889323,1795.8565609312031,1913.111844889323,8
2002-08-02,1820.541748046875,1863.7409600592491,1820.541748046875,1857.5696739517643,13
2002-08-05,1857.56982421875,1999.5104624730059,1820.5418953185088,1820.5418953185088,26
2002-08-06,1820.541748046875,1863.7409600592491,1820.541748046875,1863.7409600592491,9
2002-08-07,1888.426513671875,1894.5978004326973,1820.5419407828213,1820.5419407828213,8
2002-08-08,1851.3985595703125,1913.111844889323,1851.3985595703125,1913.111844889323,5
2002-08-09,1950.1395263671875,2042.7094425801233,1820.5416855210722,1820.5416855210722,19
2002-08-12,1820.541748046875,1888.426313749169,1820.541748046875,1888.426313749169,4
2002-08-13,1820.541748046875,1857.5696739517643,1820.541748046875,1820.541748046875,15
2002-08-14,1802.0277099609375,1820.5417778464205,1795.856423752438,1820.5417778464205,8
2002-08-15,1789.685302734375,1863.7411625917957,1789.685302734375,1802.0278762906105,32
2002-08-16,1888.426513671875,1993.33922564587,1882.2552269110524,1993.33922564587,20
2002-08-19,1974.8248291015625,1974.8248291015625,1758.828363418579,1913.1115531921387,19
2002-08-20,1851.3985595703125,1974.8251302083333,1789.6852742513022,1962.4825568485317,10
2002-08-21,1968.6539306640625,2024.1959317615458,1857.5699284690959,1943.9685735918465,28
2002-08-22,2061.223876953125,2147.6225226716415,1931.626013005356,1937.797300000962,22
2002-08-23,2079.737548828125,2129.1082588236854,2005.6816930947762,2098.2516173914582,18
2002-08-26,2030.3668212890625,2030.3668212890625,2024.1955355439832,2024.1955355439832,9
2002-08-27,2042.70947265625,2141.4506762185506,2036.538186669852,2036.538186669852,20
2002-08-28,2098.25146484375,2147.622171249947,2011.8528332628941,2055.0522536833105,23
2002-08-29,1943.96826171875,2055.0522460923835,1943.96826171875,2055.0522460923835,7
2002-08-30,1913.11181640625,1943.9684586063509,1857.5698185940691,1913.11181640625,14
2002-09-03,2085.908935546875,2116.765575367036,1851.398389209659,2116.765575367036,9
2002-09-04,2073.56591796875,2085.908698047467,1974.8247236388013,2079.73720337813,14
2002-09-05,1888.426513671875,1974.8251561033994,1888.426513671875,1913.1118699751682,19
2002-09-06,1931.6256103515625,2036.5380951875395,1913.1115439640523,1913.1115439640523,35
2002-09-09,1993.3389892578125,2005.6815613157642,1925.4542151591422,1956.310854564,14
2002-09-10,2036.538330078125,2252.5348196318655,2036.538330078125,2067.394971442945,17
2002-09-11,1894.5977783203125,2036.5384184626166,1894.5977783203125,2036.5384184626166,7
2002-09-12,1851.3985595703125,2129.1083435058595,1684.7726682829843,2067.395058186849,231
2002-09-13,1789.685302734375,1906.940588558628,1789.685302734375,1906.940588558628,16
2002-09-16,1758.8284912109375,1956.310904765716,1758.8284912109375,1857.5696979883269,12
2002-09-17,1777.342529296875,1777.342529296875,1727.9718221041917,1727.9718221041917,18
2002-09-18,1845.22705078125,1845.22705078125,1709.4578184959094,1709.4578184959094,3
2002-09-19,1734.14306640625,1783.5137724094072,1734.14306640625,1783.5137724094072,4
2002-09-20,1697.115234375,1832.8843694210054,1697.115234375,1752.6572293519976,22
2002-09-23,1820.541748046875,1820.541748046875,1481.1187102754238,1487.2899963829084,20
2002-09-24,1555.1748046875,1697.1153394222717,1511.9754842125694,1666.2586968873213,18
2002-09-25,1295.9788818359375,1549.003288342386,1129.3530046738902,1493.4613990416979,35
2002-09-26,1333.0068359375,1542.832034478585,1314.4928724497559,1388.5488310307267,77
2002-09-27,1419.4053955078125,1444.0907485860305,1357.6921174422553,1357.6921174422553,28
2002-09-30,1419.4053955078125,1530.4892750998176,1357.6921174422553,1530.4892750998176,19
2002-10-01,1468.7760009765625,1468.7760009765625,1357.6921210864002,1357.6921210864002,5
2002-10-02,1444.090576171875,1444.090576171875,1326.835319994766,1363.8632405612343,3
2002-10-03,1444.090576171875,1444.090576171875,1339.1779950602472,1351.5206701257287,3
2002-10-04,1431.748046875,1431.748046875,1339.1781314041593,1419.4053705528906,5
2002-10-07,1407.0628662109375,1444.090899703067,1326.8356172563224,1339.1782950870322,36
2002-10-08,1320.6644287109375,1326.8357157694907,1265.1224266639329,1295.9790712167119,20
2002-10-09,1320.6644287109375,1320.6644287109375,1265.1224266639329,1271.293713722486,17
2002-10-10,1363.8634033203125,1413.2341094739793,1320.6641923808363,1413.2341094739793,13
2002-10-11,1295.9788818359375,1308.321558779421,1265.1222417922247,1308.321558779421,4
2002-10-14,1265.122314453125,1400.8915593692159,1252.7796368007535,1258.951027941938,21
2002-10-15,1431.748046875,1542.8319245140117,1258.950892255428,1258.950892255428,8
2002-10-16,1499.6328125,1549.0034198349383,1419.4055625019753,1419.4055625019753,9
2002-10-17,1474.9476318359375,1610.716782356396,1234.2657656769334,1524.3182415370138,27
2002-10-18,1295.9788818359375,1499.6326851984438,1295.9788818359375,1499.6326851984438,4
2002-10-21,1308.321533203125,1357.6921353819243,1283.6361797987306,1295.9788565009278,12
2002-10-22,1351.5211181640625,1357.6924054276385,1295.9791142718368,1302.1504015354128,4
2002-10-23,1561.345947265625,1629.2306173562984,1357.6921462535852,1549.0032704645944,4
2002-10-24,1542.83203125,1629.2306668519975,1542.83203125,1629.2306668519975,6
2002-10-25,1549.00341796875,1604.5454165473907,1549.00341796875,1549.00341796875,3
2002-10-28,1524.318115234375,1629.2307175500196,1481.11879608911,1542.8320792594895,3
2002-10-29,1561.345947265625,1647.7445802428492,1561.345947265625,1635.4019034418186,2
2002-10-30,1709.4580078125,1709.4580078125,1672.4299741994137,1678.6013654499277,24
2002-10-31,1758.8284912109375,1814.370485416964,1697.1152108175713,1697.1152108175713,24
2002-11-01,1789.685302734375,1814.3706591068499,1740.3146946194272,1764.9999463619001,3
2002-11-04,1857.56982421875,2030.36710476654,1789.6852530249748,1789.6852530249748,9
2002-11-05,1857.56982421875,1937.7971778859378,1826.713181925216,1937.7971778859378,6
2002-11-06,2073.56591796875,2110.593839684986,1863.7407492301356,1869.912243899473,29
2002-11-07,1789.685302734375,2061.2238043115913,1789.685302734375,2024.195874382881,26
2002-11-08,1660.087158203125,1839.0556995873967,1653.9157678550562,1839.0556995873967,19
2002-11-11,1660.087158203125,1777.3424238866112,1660.087158203125,1660.087158203125,3
2002-11-12,1641.5732421875,1715.6292007393408,1493.461429713812,1647.744633100983,19
2002-11-13,1604.54541015625,1604.54541015625,1555.1748030774424,1555.1748030774424,5
2002-11-14,1647.74462890625,1647.74462890625,1542.8320299440554,1555.1747071096067,4
2002-11-15,1727.9716796875,1771.1708879757023,1542.8318568638394,1604.545131138393,15
2002-11-18,1783.5137939453125,1851.3983585743774,1746.4857639958316,1746.4857639958316,21
2002-11-19,1598.3740234375,1906.940429148987,1598.3740234375,1906.940429148987,19
2002-11-20,2116.76513671875,2129.1077063851235,1672.4294898302396,1814.3700872932232,60
2002-11-21,2345.1044921875,2530.244320518092,2011.8527593404403,2036.5381116365133,96
2002-11-22,2598.12890625,2598.12890625,2085.9088353868246,2215.506674556545,21
2002-11-25,2277.220703125,2530.245179192213,2277.220703125,2524.0738913388745,16
2002-11-26,2499.387451171875,2499.387451171875,2394.4749751970357,2468.530815972222,13
2002-11-27,2493.21630859375,2641.3282078759457,2314.2477723469287,2394.47511215894,43
2002-11-29,2499.387451171875,2641.328056794258,2332.76170479773,2554.92943638324,11
2002-12-02,2530.24462890625,2709.2131932906423,2406.81806164253,2450.017276480834,11
2002-12-03,2443.845458984375,2573.4432846009804,2437.674173814051,2573.4432846009804,8
2002-12-04,2357.447509765625,2462.3602245598076,2345.104935912196,2443.846154519655,10
2002-12-05,2351.27587890625,2431.503224998318,2073.566124485985,2357.44716493026,17
2002-12-06,2314.248291015625,2412.98950958029,2314.248291015625,2320.419577939665,5
2002-12-09,2215.5068359375,2412.9892519848595,1937.7970706621584,2320.419330226412,21
2002-12-10,2240.19189453125,2277.219816494585,2073.5659318063044,2098.251282868514,12
2002-12-11,2264.877197265625,2431.503171830273,2098.251431960951,2289.5625500818664,17
2002-12-12,2345.1044921875,2345.1044921875,2252.534578022204,2271.048644559251,6
2002-12-13,2283.391845703125,2419.1610068787595,2079.737894679646,2338.9338513695307,18
2002-12-16,2406.818115234375,2431.503471088779,2209.3356869191443,2277.220258573755,18
2002-12-17,2221.67822265625,2375.961432562934,2209.3356495677135,2375.961432562934,8
2002-12-18,2159.965087890625,2240.1924462877096,2159.965087890625,2234.020950057157,21
2002-12-19,2178.479248046875,2190.8218224977845,2122.9372444977444,2122.9372444977444,10
2002-12-20,2135.279541015625,2196.9928237574636,2036.5383304806812,2166.1361823865445,12
2002-12-23,2067.394775390625,2135.279338103696,2067.394775390625,2110.5939855007687,12
2002-12-24,2061.223876953125,2092.0805211911656,2018.0244494638612,2018.0244494638612,8
2002-12-26,2005.6815185546875,2079.7373678434865,1987.167451602501,2079.7373678434865,13
2002-12-27,1956.310791015625,2030.3668487376503,1906.94029512758,2030.3668487376503,20
2002-12-30,1795.8565673828125,1943.9684945325293,1697.1153523696685,1752.6573512083125,88
2002-12-31,1906.9403076171875,1913.1115934861157,1684.7724468859692,1740.3144382262703,18
2003-01-02,1950.1395263671875,1987.167451000367,1913.111601734008,1931.6256686805848,8
2003-01-03,1913.11181640625,1974.8251008064517,1882.2551742061491,1931.6258854303096,5
2003-01-06,2098.25146484375,2153.793457235727,1956.3108408709172,1956.3108408709172,14
2003-01-07,1987.167724609375,2098.251723063813,1974.825151118883,2092.080436318567,18
2003-01-08,2018.02392578125,2036.5379912236294,1968.6534333681666,2030.3667058294886,6
2003-01-09,2055.0517578125,2055.0517578125,1968.653147079075,2055.0517578125,6
2003-01-10,1968.6539306640625,2024.1959317615458,1962.482643711011,2018.0244355484842,5
2003-01-13,1987.167724609375,2024.1958636008562,1962.4825776283913,1962.4825776283913,10
2003-01-14,1999.51025390625,2005.6815398692372,1950.1395476824014,1974.8249007943257,5
2003-01-15,2024.19580078125,2024.19580078125,1925.4543788816795,1943.968447802848,2
2003-01-16,1925.454345703125,1956.3109872000339,1925.454345703125,1943.9684143052675,9
2003-01-17,1789.685302734375,1913.1118753367457,1771.1712331400179,1913.1118753367457,26
2003-01-21,1746.4859619140625,1839.0559949631481,1740.3146752047905,1839.0559949631481,24
2003-01-22,1783.5137939453125,1826.7130052747236,1715.6291246862586,1826.7130052747236,21
2003-01-23,1727.9716796875,1802.027525112979,1703.286328125686,1789.6849539620537,11
2003-01-24,1727.9716796875,1727.9716796875,1672.4296909884092,1715.629003906593,5
2003-01-27,1635.4017333984375,1832.8841231614351,1616.8877724369038,1666.2583698776532,8
2003-01-28,1666.2584228515625,1666.2584228515625,1635.4017853913483,1641.573071031398,7
2003-01-29,1623.0592041015625,1653.9158433606417,1623.0592041015625,1641.5731667310122,5
2003-01-30,1666.2584228515625,1727.9716977719906,1660.0871372115128,1660.0871372115128,10
2003-01-31,1703.28662109375,1703.28662109375,1703.28662109375,1703.28662109375,1
2003-02-03,1758.8284912109375,1758.8284912109375,1684.7725338128996,1684.7725338128996,5
2003-02-04,1697.115234375,1882.2550781250002,1684.7725571990013,1690.9439481019974,6
2003-02-05,1734.14306640625,1758.8284194078287,1734.14306640625,1758.8284194078287,1
2003-02-06,1703.28662109375,1703.28662109375,1703.28662109375,1703.28662109375,2
2003-02-07,1678.6011962890625,1697.1151589148633,1678.6011962890625,1697.1151589148633,3
2003-02-10,1660.087158203125,1678.601119987364,1635.4018060708172,1635.4018060708172,13
2003-02-11,1666.2584228515625,1727.9716977719906,1647.7444613014306,1666.2584228515625,6
2003-02-12,1641.5732421875,1684.7725600619065,1635.4019559040107,1635.4019559040107,2
2003-02-13,1623.0592041015625,1635.401880731192,1623.0592041015625,1635.401880731192,2
2003-02-14,1666.2584228515625,1666.2584228515625,1623.0591094812662,1623.0591094812662,3
2003-02-18,1666.2584228515625,1697.1150603117767,1616.8878238412165,1672.4297084916122,6
2003-02-19,1666.2584228515625,1727.9716977719906,1616.8878238412165,1629.2304997512986,13
2003-02-20,1641.5732421875,1672.4298828649341,1623.0592787070382,1623.0592787070382,2
2003-02-21,1647.74462890625,1727.9718735373422,1641.5732380084778,1672.429878607359,9
2003-02-24,1635.4017333984375,1635.4017333984375,1604.5450969192216,1616.8877724369038,18
2003-02-25,1542.83203125,1647.7446303009988,1542.83203125,1586.0313490509989,18
2003-02-26,1542.83203125,1573.6886718750002,1542.83203125,1555.1747084259987,3
2003-02-27,1493.4613037109375,1561.3458656218954,1437.9193133256194,1542.831903703451,22
2003-02-28,1444.090576171875,1604.5450381332055,1444.090576171875,1474.9472115205906,12
2003-03-03,1511.975341796875,1511.975341796875,1450.2620625398597,1450.2620625398597,4
2003-03-04,1511.975341796875,1536.660695351677,1511.975341796875,1536.660695351677,2
2003-03-05,1481.1185302734375,1481.1185302734375,1481.1185302734375,1481.1185302734375,0
2003-03-06,1493.4613037109375,1518.146551392202,1493.4613037109375,1499.6325894737574,9
2003-03-07,1400.8917236328125,1481.1189808353943,1400.8917236328125,1450.2623354013235,29
2003-03-10,1431.748046875,1431.748046875,1376.2060557405011,1431.748046875,5
2003-03-11,1400.8917236328125,1400.8917236328125,1376.206365433552,1388.5490445331823,10
2003-03-12,1308.321533203125,1376.2060981202255,1308.321533203125,1357.6921353819243,7
2003-03-13,1339.17822265625,1357.692186085969,1277.464941470524,1308.321582063387,18
2003-03-14,1376.2060546875,1413.2340836254962,1357.692092533495,1370.0347688461604,11
2003-03-17,1431.748046875,1789.6850324362536,1419.4053705528906,1444.0907231971094,21
2003-03-18,1536.66064453125,1635.4018462249103,1437.9193382076032,1635.4018462249103,9
2003-03-19,1450.26220703125,1481.1188497340424,1246.6083861188192,1357.6922789228722,6
2003-03-20,1462.6046142578125,1462.6046142578125,1394.7199501015539,1450.2619385357673,13
2003-03-21,1629.230712890625,2036.5383387982831,1505.8041469028503,1913.1117728105082,31
2003-03-24,1437.91943359375,1623.0592775233313,1407.0627929388197,1530.4893555585406,11
2003-03-25,1450.26220703125,1450.26220703125,1450.26220703125,1450.26220703125,0
2003-03-26,1567.517578125,1573.688865155962,1511.9755763263165,1536.6609337101772,5
2003-03-27,1511.975341796875,1511.975341796875,1511.975341796875,1511.975341796875,0
2003-03-28,1598.3740234375,1598.3740234375,1598.3740234375,1598.3740234375,1
2003-03-31,1561.345947265625,1598.3739776687169,1561.345947265625,1561.345947265625,1
2003-04-01,1481.1185302734375,1598.373789105409,1481.1185302734375,1481.1185302734375,4
2003-04-02,1549.00341796875,1549.00341796875,1549.00341796875,1549.00341796875,3
2003-04-03,1518.1466064453125,1610.7165240244167,1518.1466064453125,1610.7165240244167,4
2003-04-04,1481.1185302734375,1511.9751663208008,1481.1185302734375,1511.9751663208008,15
2003-04-07,1505.8040771484375,1561.3459664920326,1481.1187232424008,1561.3459664920326,12
2003-04-08,1505.8040771484375,1573.688643445051,1493.4614001954192,1573.688643445051,3
2003-04-09,1511.975341796875,1511.975341796875,1493.4613789457685,1493.4613789457685,6
2003-04-10,1542.83203125,1573.6886718750002,1511.975390625,1511.975390625,9
2003-04-11,1524.318115234375,1524.318115234375,1511.9754376742997,1511.9754376742997,1
2003-04-14,1524.318115234375,1573.6887208446792,1511.9754376742997,1573.6887208446792,6
2003-04-15,1524.318115234375,1524.318115234375,1511.9754376742997,1511.9754376742997,5
2003-04-16,1518.1466064453125,1524.3179970619126,1511.975320458701,1511.975320458701,9
2003-04-17,1474.9476318359375,1518.1468499306259,1474.9476318359375,1511.9755629542433,0
2003-04-21,1450.26220703125,1450.26220703125,1450.26220703125,1450.26220703125,0
2003-04-22,1542.83203125,1635.401953125,1462.6047865509988,1462.6047865509988,11
2003-04-23,1647.74462890625,1647.74462890625,1635.401951740699,1635.401951740699,7
2003-04-24,1653.9158935546875,1653.9158935546875,1549.0032959638695,1653.9158935546875,12
2003-04-25,1653.9158935546875,1653.9158935546875,1653.9158935546875,1653.9158935546875,2
2003-04-28,1573.6885986328125,1653.9158395978993,1524.3179968566044,1536.6606734581535,18
2003-04-29,1542.83203125,1542.83203125,1542.83203125,1542.83203125,0
2003-04-30,1542.83203125,1542.83203125,1487.2900362730027,1487.2900362730027,5
2003-05-01,1542.83203125,1573.6886718750002,1542.83203125,1542.83203125,9
2003-05-02,1573.6885986328125,1573.6885986328125,1524.3179968566044,1567.5173126470322,8
2003-05-05,1536.66064453125,1561.3458926396718,1536.66064453125,1542.831930400859,10
2003-05-06,1561.345947265625,1561.345947265625,1511.9753446914926,1524.3180214925233,6
2003-05-07,1542.83203125,1542.83203125,1518.1466768980026,1518.1466768980026,5
2003-05-08,1555.1748046875,1555.1748046875,1511.9754842125694,1524.3181621525496,9
2003-05-09,1524.318115234375,1561.346043284604,1493.461473649185,1555.1747568195647,8
2003-05-12,1758.8284912109375,2030.3669667937459,1530.489332829484,1999.5103265970627,45
2003-05-13,1604.54541015625,1758.8286226712742,1542.8321251502405,1758.8286226712742,25
2003-05-14,1604.54541015625,1697.1153376652644,1573.6887676532453,1697.1153376652644,5
2003-05-15,1635.4017333984375,1635.4017333984375,1542.8318239607902,1555.1744994784722,9
2003-05-16,1672.429931640625,1672.429931640625,1604.5453620224434,1604.5453620224434,5
2003-05-19,1647.74462890625,1715.629196371791,1604.5453111418178,1715.629196371791,2
2003-05-20,1567.517578125,1635.4021539856076,1542.8322207411393,1635.4021539856076,11
2003-05-21,1561.345947265625,1561.345947265625,1542.8319843790741,1542.8319843790741,1
2003-05-22,1579.8599853515625,1635.4019812849358,1542.8320578159771,1542.8320578159771,8
2003-05-23,1555.1748046875,1653.9160189473412,1549.00341340251,1653.9160189473412,2
2003-05-27,1647.74462890625,1672.429878607359,1610.7165974095967,1616.887988307369,10
2003-05-28,1666.2584228515625,1758.8283352322048,1616.8878238412165,1616.8878238412165,4
2003-05-29,1727.9716796875,1740.314355468407,1653.9157296320395,1666.2584054129466,17
2003-05-30,1894.5977783203125,1925.4544210242916,1727.9719914228262,1727.9719914228262,30
2003-06-02,2129.108642578125,2283.391877547554,1925.454688714466,2098.251995584239,47
2003-06-03,2122.937255859375,2122.937255859375,2036.5386064605593,2092.080610306942,9
2003-06-04,2159.965087890625,2264.87759416988,2122.9371568073593,2122.9371568073593,12
2003-06-05,2079.737548828125,2221.6781831203675,2067.394975959231,2159.9649002559127,16
2003-06-06,2098.25146484375,2129.1081040326285,2067.394825654871,2098.25146484375,10
2003-06-09,2067.394775390625,2159.964690706623,2067.394775390625,2159.964690706623,6
2003-06-10,2098.25146484375,2098.25146484375,2067.394825654871,2098.25146484375,11
2003-06-11,2147.621826171875,2147.621826171875,2073.5657784618434,2073.5657784618434,8
2003-06-12,2085.908935546875,2147.622215187197,2085.908935546875,2147.622215187197,1
2003-06-13,2067.394775390625,2104.42269966503,2036.538136951959,2098.251413829291,11
2003-06-16,2048.880859375,2079.737500084021,2042.7095730851931,2042.7095730851931,14
2003-06-17,2252.53466796875,2283.391307255993,2178.4788173833576,2271.0487352450873,36
2003-06-18,2005.6815185546875,2289.5625531750484,1943.9682410606972,2178.47877924185,24
2003-06-19,1906.9403076171875,2067.3947865091895,1906.9403076171875,2067.3947865091895,11
2003-06-20,1845.22705078125,1906.9403286718605,1802.0276307018373,1906.9403286718605,17
2003-06-23,1894.5977783203125,2011.853062447433,1851.3985622387422,1851.3985622387422,14
2003-06-24,1876.0836181640625,1894.5974752690563,1851.3982660974366,1894.5974752690563,8
2003-06-25,1851.3985595703125,1876.0839155499168,1734.1432756121926,1869.912628870016,16
2003-06-26,1869.9124755859375,1882.2550479339702,1820.54176767384,1820.54176767384,1
2003-06-27,1980.9962158203125,1980.9962158203125,1863.7409437634137,1876.0837251304438,12
2003-06-30,1882.2548828125,1987.1673663472434,1882.2548828125,1987.1673663472434,2
2003-07-01,1882.2548828125,1882.2548828125,1882.2548828125,1882.2548828125,0
2003-07-02,1894.5977783203125,1894.5977783203125,1882.2552049427213,1882.2552049427213,1
2003-07-03,1888.426513671875,1888.426513671875,1888.426513671875,1888.426513671875,0
2003-07-07,1919.283203125,1987.1677776548215,1882.2552724050981,1888.4265593150803,8
2003-07-08,2024.19580078125,2024.19580078125,1876.0838771918907,1888.426450299339,3
2003-07-09,2061.223876953125,2067.395163948731,1980.9965182302146,1980.9965182302146,10
2003-07-10,2011.85302734375,2067.3950250937914,2005.6817407626336,2067.3950250937914,13
2003-07-11,2092.080078125,2092.080078125,2005.68145070421,2005.68145070421,10
2003-07-14,1974.8248291015625,2092.0800951814617,1894.597486715324,2048.8806764888836,48
2003-07-15,2055.0517578125,2172.30679102937,1974.824431575764,1974.824431575764,60
2003-07-16,2190.821044921875,2314.2475826639525,2098.251141615317,2295.733518298663,37
2003-07-17,2308.076904296875,2406.818118592249,2166.136264881024,2166.136264881024,18
2003-07-18,2375.96142578125,2419.16064072782,2295.7340731547683,2406.8180676745133,9
2003-07-21,2295.733642578125,2456.18831773699,2147.621956677567,2375.9609801575575,24
2003-07-22,2419.160400390625,2437.674467391257,2184.650070855805,2184.650070855805,11
2003-07-23,2221.67822265625,2437.6747165256074,2221.67822265625,2332.7622174930607,16
2003-07-24,2375.96142578125,2375.96142578125,2227.8495028415887,2227.8495028415887,16
2003-07-25,2394.475341796875,2412.989200195212,2258.7060005758253,2283.3913543669237,15
2003-07-28,2363.618408203125,2450.016821847348,2190.821162394767,2406.8176150252366,12
2003-07-29,2320.419677734375,2406.8183261667223,2252.5351001303943,2406.8183261667223,5
2003-07-30,2301.9052734375,2375.9611207705157,2221.6779311100927,2234.020502578939,12
2003-07-31,2227.84912109375,2301.905174503878,2221.6778356245627,2221.6778356245627,6
2003-08-01,2264.877197265625,2264.877197265625,2221.6779867821833,2252.534625487491,7
2003-08-04,2277.220703125,2326.5912152117508,2234.021269631548,2314.2486395050732,7
2003-08-05,2289.562255859375,2326.59017569544,2252.53433602331,2326.59017569544,10
2003-08-06,2258.7060546875,2283.3914090699836,2258.7060546875,2283.3914090699836,2
2003-08-07,2227.84912109375,2240.1919012920844,2227.84912109375,2234.0204065629373,7
2003-08-08,2166.13623046875,2234.0208011396235,2166.13623046875,2234.0208011396235,2
2003-08-11,2234.02099609375,2234.02099609375,2147.622558205716,2147.622558205716,6
2003-08-12,2190.821044921875,2234.020249427624,2166.1356955214706,2227.848964392509,12
2003-08-13,2172.307373046875,2289.562646939401,2104.422806875407,2104.422806875407,3
2003-08-14,2172.307373046875,2283.3913607892646,2104.422806875407,2104.422806875407,4
2003-08-15,2129.108642578125,2129.108642578125,2129.108642578125,2129.108642578125,0
2003-08-18,2289.562255859375,2308.076320407381,2110.5937325151226,2166.1357168991935,28
2003-08-19,2326.590576171875,2345.1046439067104,2221.6780837010942,2221.6780837010942,39
2003-08-20,2585.7861328125,2585.7861328125,2320.4189801077973,2345.1043307040413,51
2003-08-21,2499.387451171875,2622.8139919704863,2456.188245596341,2579.6147863949523,52
2003-08-22,2591.957763671875,2703.041751533234,2437.6745634533113,2437.6745634533113,30
2003-08-25,2499.387451171875,2666.01319754602,2437.6741807725693,2591.9573567708335,30
2003-08-26,2468.531005859375,2715.3841064453127,2345.104455566406,2345.104455566406,13
2003-08-27,2487.045654296875,2548.7589438897503,2431.5036518112843,2530.244873307882,9
2003-08-28,2456.18896484375,2524.0735403096805,2345.1049618922193,2524.0735403096805,4
2003-08-29,2419.160400390625,2499.387745046732,2388.3037615628878,2468.531106218995,6
2003-09-02,2542.586669921875,2591.957370201115,2437.6741934034294,2437.6741934034294,24
2003-09-03,2783.268798828125,2783.268798828125,2524.0731146639,2530.244400618291,75
2003-09-04,2770.926513671875,2807.954442490074,2715.3845158145773,2777.0978002649085,16
2003-09-05,2770.926513671875,2956.0663670228687,2622.81458913908,2721.555802407611,17
2003-09-08,2733.898193359375,2931.380591616951,2733.898193359375,2820.2966118095846,22
2003-09-09,2777.09765625,2832.6396512269976,2715.384375,2715.384375,15
2003-09-10,2536.415283203125,2752.4117220764315,2524.0727132571988,2752.4117220764315,13
2003-09-11,2517.90234375,2585.786921654138,2437.67498215237,2536.416205400209,58
2003-09-12,2561.101318359375,2598.1292473752214,2400.6468197840404,2598.1292473752214,33
2003-09-15,2585.7861328125,2591.9574181465723,2462.3595890912347,2505.5587956896957,77
2003-09-16,2511.730224609375,2567.2722143110495,2468.5310155413877,2548.7583572504695,52
2003-09-17,2524.073486328125,2530.2447731912243,2493.2168427526226,2530.2447731912243,16
2003-09-18,2585.7861328125,2585.7861328125,2505.5587956896957,2505.5587956896957,26
2003-09-19,2530.24462890625,2579.6153395157357,2314.2481361947407,2567.2725572333666,67
2003-09-22,2487.045654296875,2591.9581629007566,2480.8741579295756,2591.9581629007566,14
2003-09-23,2530.24462890625,2591.9579125381097,2530.24462890625,2591.9579125381097,9
2003-09-24,2468.531005859375,2591.957556152344,2462.35972019672,2585.7862704896884,18
2003-09-25,2382.13232421875,2567.2721454159578,2258.7057767539445,2567.2721454159578,22
2003-09-26,2375.96142578125,2375.96142578125,2338.9334973613336,2338.9334973613336,5
2003-09-29,2468.531005859375,2548.7583472537913,2357.4470268917166,2462.35972019672,17
2003-09-30,2400.646728515625,2462.360010949137,2326.590664039416,2394.475442124272,5
2003-10-01,2480.87353515625,2511.7301722067505,2480.87353515625,2511.7301722067505,4
2003-10-02,2351.27587890625,2511.7303618304077,2351.27587890625,2511.7303618304077,2
2003-10-03,2351.27587890625,2468.5311504023575,2351.27587890625,2425.331938974308,16
2003-10-06,2406.818115234375,2536.4159718949954,2382.1327593799715,2425.332184440178,11
2003-10-07,2524.073486328125,2554.930129903628,2419.1607726154116,2505.559416478821,49
2003-10-08,2554.93017578125,2554.93017578125,2412.9895290811764,2412.9895290811764,46
2003-10-09,2468.531005859375,2604.3001274776543,2468.531005859375,2511.7302147579276,46
2003-10-10,2468.531005859375,2548.7583472537913,2437.674368286133,2548.7583472537913,15
2003-10-13,2474.70263671875,2524.0733474266535,2431.503421794331,2456.1887771482825,16
2003-10-14,2450.01708984375,2530.244436157617,2443.8458038026783,2468.531157226944,11
2003-10-15,2591.957763671875,2653.6710437593006,2468.531203497024,2511.730415854229,64
2003-10-16,2684.527587890625,2690.698873826884,2610.4717381355636,2659.842234885613,28
2003-10-17,2678.3564453125,2727.7269447050885,2678.3564453125,2678.3564453125,15
2003-10-20,2628.985595703125,2746.2408655211934,2628.985595703125,2746.2408655211934,13
2003-10-21,2530.24462890625,2610.4719813316656,2517.902055883876,2610.4719813316656,23
2003-10-22,2474.70263671875,2585.7866311815346,2474.70263671875,2530.2446339501425,16
2003-10-23,2450.01708984375,2493.216510651209,2443.8458038026783,2474.702443268015,17
2003-10-24,2450.01708984375,2468.531157226944,2443.8458038026783,2443.8458038026783,7
2003-10-27,2443.845458984375,2487.044873696543,2382.1321887612344,2468.5308089256214,22
2003-10-28,2468.531005859375,2493.216357769962,2400.6464450502353,2493.216357769962,13
2003-10-29,2505.55908203125,2505.55908203125,2437.6745170785275,2468.5311565352176,12
2003-10-30,2499.387451171875,2585.786071582893,2499.387451171875,2548.7581511952994,31
2003-10-31,2591.957763671875,2653.6710437593006,2357.4472156356646,2468.531203497024,24
2003-11-03,2684.527587890625,2777.0975047144398,2647.4996630130945,2653.6709489493537,49
2003-11-04,2746.241455078125,2789.4406751618626,2696.870738473836,2789.4406751618626,24
2003-11-05,2832.638916015625,2851.1527700293627,2690.6983222773088,2715.3836702222243,28
2003-11-06,2894.3525390625,2925.209175493316,2721.555291345949,2912.8663953650143,24
2003-11-07,2962.237060546875,3060.978254046446,2703.0414014530056,2703.0414014530056,73
2003-11-10,2943.723388671875,3110.3493711548012,2931.3808163072067,2962.2374564788615,43
2003-11-11,2900.5244140625,3079.492983590697,2851.1537020340315,2931.381056765292,24
2003-11-12,2931.380615234375,3073.321233991817,2900.5239771792762,3011.6079578816193,41
2003-11-13,3054.8076171875,3079.4929731177826,2851.1536923376666,2851.1536923376666,51
2003-11-14,2912.86669921875,3085.663964960532,2900.5241270629003,3085.663964960532,25
2003-11-17,2900.5244140625,3030.1222715622284,2727.7271312228613,3030.1222715622284,32
2003-11-18,2752.412109375,3011.6079980510144,2746.2408235336607,2949.8947211176737,20
2003-11-19,2684.527587890625,2869.6674215382545,2684.527587890625,2752.4121517094272,15
2003-11-20,2777.09765625,2931.380859375,2653.67109375,2684.5277343750004,36
2003-11-21,2530.24462890625,2653.6711961699693,2468.5313452743903,2653.6711961699693,89
2003-11-24,2777.09765625,2777.09765625,2443.8458956480026,2499.387890625,63
2003-11-25,2783.268798828125,2789.440084782516,2733.8983019330217,2789.440084782516,9
2003-11-26,2758.58349609375,2789.440135688803,2591.9577259844555,2789.440135688803,9
2003-11-28,2715.384521484375,2789.440379275404,2598.1292389319137,2789.440379275404,19
2003-12-01,2684.527587890625,2740.069579836909,2659.842234885613,2740.069579836909,6
2003-12-02,2684.527587890625,2789.440076586958,2659.842234885613,2783.268790650699,8
2003-12-03,2591.957763671875,2709.2130376899804,2591.957763671875,2690.6989699597593,16
2003-12-04,2474.70263671875,2641.328628412927,2474.70263671875,2591.957917705024,14
2003-12-05,2468.531005859375,2672.1848975467597,2468.531005859375,2511.7302147579276,32
2003-12-08,2554.93017578125,2770.926684688312,2474.702817340337,2474.702817340337,21
2003-12-09,2437.674560546875,2561.101120574565,2437.674560546875,2474.7024867031855,16
2003-12-10,2357.447509765625,2468.531511486522,2357.447509765625,2437.6748675929407,30
2003-12-11,2517.90234375,2622.8148542145755,2357.4476205547403,2357.4476205547403,10
2003-12-12,2468.531005859375,2567.2722042417568,2406.817730712891,2468.531005859375,31
2003-12-15,2505.55908203125,2554.929788865946,2468.5311565352176,2499.3877959919078,11
2003-12-16,2542.586669921875,2542.586669921875,2375.960922684355,2468.5308287629664,23
2003-12-17,2400.646728515625,2542.5871525567086,2394.475442124272,2394.475442124272,11
2003-12-18,2468.531005859375,2480.8735771846855,2468.531005859375,2474.70229152203,7
2003-12-19,2437.674560546875,2740.0696744667116,2412.9892066893403,2715.3843206091774,11
2003-12-22,2487.045654296875,2511.730802726013,2375.9616493256935,2400.6470070148466,20
2003-12-23,2511.730224609375,2567.2722143110495,2425.3318064734003,2567.2722143110495,18
2003-12-24,2511.730224609375,2511.730224609375,2314.247827070051,2314.247827070051,11
2003-12-26,2468.531005859375,2530.244281005859,2468.531005859375,2511.7302147579276,11
2003-12-29,2419.160400390625,2524.073097960917,2419.160400390625,2468.531106218995,19
2003-12-30,2375.96142578125,2468.531351461039,2357.447356941294,2357.447356941294,30
2003-12-31,2591.957763671875,2672.1851114895217,2345.1046433221727,2357.4472156356646,42
2004-01-02,2530.24462890625,2684.527837985899,2530.24462890625,2684.527837985899,11
2004-01-05,2653.6708984375,2653.6708984375,2530.2443450218025,2647.4996126187093,19
2004-01-06,2604.300537109375,2684.5278911227915,2561.1013214159966,2653.671248696093,5
2004-01-07,2561.101318359375,2733.8985994466575,2536.4159625954776,2653.6712455289908,20
2004-01-08,2659.84228515625,2659.84228515625,2530.244441005524,2659.84228515625,40
2004-01-09,2622.814453125,2678.3564481019976,2542.5871037960055,2542.5871037960055,17
2004-01-12,2641.328857421875,2684.52807609176,2468.531564222308,2622.8147869862023,35
2004-01-13,2573.443603515625,2733.8982933881375,2567.2723175805227,2653.6709484518815,57
2004-01-14,2715.384521484375,2752.41245037989,2561.1013100363994,2604.300525537833,28
2004-01-15,2807.9541015625,2838.810740041209,2715.3841861263736,2727.7267578138685,26
2004-01-16,3048.63623046875,3048.63623046875,2888.181736077762,2888.181736077762,32
2004-01-20,2882.009765625,3091.834935693663,2777.097285220648,2875.8384801765014,32
2004-01-21,2832.638916015625,2962.2367311515177,2832.638916015625,2912.8660352616857,8
2004-01-22,2764.75537109375,2993.0944517500607,2715.384657257787,2814.125875669705,35
2004-01-23,2875.8388671875,2962.2375028733018,2838.810940253581,2912.8667941214185,17
2004-01-26,3301.66015625,3320.1742221385643,2844.9818871783814,2844.9818871783814,117
2004-01-27,3406.5732421875,3931.1361637468794,3314.0033148534917,3314.0033148534917,246
2004-01-28,3523.82861328125,4393.985649153724,3406.573124916034,4023.70595256459,172
2004-01-29,3486.80029296875,3826.223330337389,3425.0870134471793,3826.223330337389,51
2004-01-30,3320.17431640625,3579.369990645562,3301.6602499920273,3579.369990645562,37
2004-02-02,3400.4013671875,3443.600784691348,3283.1461043341455,3314.002741439767,7
2004-02-03,3486.80029296875,3671.940131533462,3215.261821221842,3486.80029296875,25
2004-02-04,3418.916015625,3418.916015625,3233.7761614495666,3394.2306598829423,8
2004-02-05,3246.118408203125,3678.11156709021,3060.9785726486507,3678.11156709021,37
2004-02-06,3486.80029296875,3826.223330337389,3332.517094164823,3702.7967712942477,33
2004-02-09,3363.37353515625,3505.314153371419,3289.3176878109257,3425.086811030677,26
2004-02-10,3579.37060546875,3641.0838917699352,3178.2342445110453,3412.744816159551,26
2004-02-11,3783.0244140625,3918.7935559178604,3307.8319990487457,3733.653702882371,64
2004-02-12,3961.992431640625,4005.191643275282,3813.8807293160994,3857.0799409507563,60
2004-02-13,3918.792724609375,3980.505995863066,3863.2509478890156,3875.5935184357722,39
2004-02-17,3980.506591796875,4036.048376832565,3918.7933113039003,3918.7933113039003,53
2004-02-18,4400.15673828125,4579.1250743553765,4005.191513967397,4005.191513967397,246
2004-02-19,3992.84912109375,4671.695199189194,3727.481934134266,4554.440134926148,178
2004-02-20,3943.478759765625,4134.790111434005,3844.7377544851715,4134.790111434005,50
2004-02-23,3906.4501953125,4258.215761469,3801.5377167773904,3801.5377167773904,21
2004-02-24,3764.509765625,4011.3628650102455,3758.3382707323967,4011.3628650102455,19
2004-02-25,3881.7646484375,3887.9361430566655,3770.6810934518103,3813.8803002262352,18
2004-02-26,3739.824951171875,3980.506576778396,3739.824951171875,3857.0800162581354,24
2004-02-27,3949.649658203125,3949.649658203125,3739.824687519059,3739.824687519059,31
2004-03-01,3918.792724609375,3974.3345013297344,3826.2228177288384,3974.3345013297344,25
2004-03-02,3986.677978515625,4017.534617920483,3887.9365650120967,3887.9365650120967,25
2004-03-03,4258.21728515625,4319.930579144022,4011.364109205163,4011.364109205163,37
2004-03-04,4233.5302734375,4597.638380454831,4196.502145918504,4276.729476529745,22
2004-03-05,4171.81787109375,4202.674510913911,4165.6463757217325,4202.674510913911,18
2004-03-08,4202.67529296875,4319.930378696789,4190.332299927869,4190.332299927869,32
2004-03-09,4011.363037109375,4289.072785832332,3968.1638265675715,4289.072785832332,21
2004-03-10,3980.506591796875,4165.6464332758,3980.506591796875,4165.6464332758,12
2004-03-11,3826.2236328125,3918.7935594128026,3702.797064012097,3739.825202060216,24
2004-03-12,3887.9365234375,4042.219718812004,3875.59395151153,3875.59395151153,4
2004-03-15,3863.251220703125,4005.191419794187,3721.3106030921276,3721.3106030921276,17
2004-03-16,3739.824951171875,4005.1917214744612,3739.824951171875,3955.821432082331,11
2004-03-17,3931.135986328125,3986.678191333816,3863.2516271255863,3863.2516271255863,8
2004-03-18,3912.62158203125,4042.2196307298013,3900.279010374232,3992.8489255817844,17
2004-03-19,3937.307861328125,4005.1922270717014,3912.622294995899,3961.9930091403307,18
2004-03-22,3918.792724609375,4042.219267116757,3764.5095464751475,4042.219267116757,5
2004-03-23,3733.65380859375,3943.4788139001066,3702.7971655475208,3943.4788139001066,26
2004-03-24,3887.9365234375,3887.9365234375,3733.653328062996,3733.653328062996,8
2004-03-25,3813.880615234375,3813.880615234375,3752.1673380251455,3776.8524815008586,4
2004-03-26,3974.33544921875,4011.3635882102312,3894.10851227055,3924.9651552567825,7
2004-03-29,3813.880615234375,4036.0481620756336,3770.6814048919036,4011.36301859992,12
2004-03-30,3850.90869140625,3857.080187113626,3733.65362112599,3733.65362112599,7
2004-03-31,3826.2236328125,4042.220128213206,3813.8810596364588,3826.2236328125,26
2004-04-01,3820.051513671875,3857.0796456783582,3820.0515136718755,3826.2230085129313,62
2004-04-02,4190.33154296875,4270.558890641664,3857.079998505832,3857.079998505832,62
2004-04-05,4431.013671875,4468.041389466395,4208.845692246738,4289.0730414747195,30
2004-04-06,4202.67529296875,4486.556181028229,4196.503796448309,4486.556181028229,28
2004-04-07,4437.18408203125,4443.355576628976,4258.215760936102,4258.215760936102,39
2004-04-08,4412.49951171875,4480.384286999332,4307.58701961964,4480.384286999332,17
2004-04-12,4387.8134765625,4461.869313688137,4245.8728779351,4363.127918507368,11
2004-04-13,4289.07275390625,4523.583290341804,4289.07275390625,4443.355946492806,18
2004-04-14,4677.8662109375,4838.320470786064,4301.415075506781,4468.040830107949,89
2004-04-15,5369.05517578125,5369.05517578125,4387.814224856796,4671.695052004523,228
2004-04-16,5245.62890625,5307.3421875,5011.118353796005,5214.772265625,71
2004-04-19,5282.65771484375,5418.426867171972,5091.346351208511,5313.5143593965295,46
2004-04-20,5467.79638671875,5585.051442975454,5344.369835492773,5424.59675897371,68
2004-04-21,5560.36669921875,5646.765123869976,5122.202243510471,5578.880348415466,378
2004-04-22,5560.36669921875,5640.593628457761,5245.62880359506,5517.167068373172,141
2004-04-23,5572.708984375,5578.880060949269,5473.967573987248,5548.02342251809,63
2004-04-26,5504.82421875,5764.019898166042,5504.82421875,5628.250772616681,62
2004-04-27,5325.85595703125,5659.107489692415,5325.85595703125,5535.68093411125,29
2004-04-28,4844.4921875,5319.684331104929,4690.208996815287,5319.684331104929,85
2004-04-29,4714.89501953125,4776.608307318413,4634.6680802239525,4634.6680802239525,25
2004-04-30,4258.21728515625,4745.752140251622,3863.252371042535,4609.982977182537,83
2004-05-03,4406.32861328125,4449.52824986873,4233.531741011414,4233.531741011414,26
2004-05-04,4597.63916015625,4597.63916015625,4326.100907367081,4406.327833063917,14
2004-05-05,4554.44140625,4659.35392753688,4326.102290856183,4492.7281091965315,9
2004-05-06,4659.3525390625,4745.750961782829,4449.527559016013,4449.527559016013,5
2004-05-07,4696.38037109375,4832.1494917013115,4449.527272345484,4449.527272345484,12
2004-05-10,4671.6953125,4838.321088369992,4449.52775084667,4838.321088369992,8
2004-05-11,4813.63623046875,4813.63623046875,4437.185024524092,4437.185024524092,11
2004-05-12,4591.46728515625,4751.921960315115,4437.184104626538,4696.380182732384,18
2004-05-13,4690.208984375,4721.065622430099,4381.642603824013,4381.642603824013,11
2004-05-14,4468.0419921875,4844.493225528283,4363.129483746307,4844.493225528283,16
2004-05-17,4443.3564453125,5529.510410463552,4381.643161349826,5381.39827784114,17
2004-05-18,4443.3564453125,4480.384583098101,4258.2165934244795,4437.184949508236,20
2004-05-19,4640.83935546875,4776.608510676711,4505.070200260789,4505.070200260789,15
2004-05-20,4560.61181640625,4721.066532635869,4560.61181640625,4721.066532635869,17
2004-05-21,4492.7275390625,4609.982621176207,4468.0419722617,4609.982621176207,18
2004-05-24,4893.86328125,4900.034358255981,4492.726953582294,4603.810943409654,30
2004-05-25,5054.31787109375,5091.346009479785,4745.751446276793,4782.779584662828,36
2004-05-26,4782.779296875,5054.317566967011,4511.24102678299,4758.09415178299,43
2004-05-27,4937.06201171875,4967.918649291993,4647.00970223426,4782.778823852539,13
2004-05-28,4967.9189453125,5554.195094138198,4900.034171198384,5399.911897078804,29
2004-06-01,4887.69091796875,4937.061617851243,4764.264377522469,4937.061617851243,11
2004-06-02,4967.9189453125,5091.345502960015,4597.639272369954,4597.639272369954,35
2004-06-03,5091.34521484375,5159.229985116307,4974.090159121989,4998.775301846591,22
2004-06-04,5671.45068359375,5967.674533182498,5381.398329868933,5801.048748576326,421
2004-06-07,6140.47119140625,6412.009448542867,5702.306748028576,5887.4465829453475,388
2004-06-08,6189.841796875,6294.754284580689,6017.044536731541,6294.754284580689,145
2004-06-09,5677.62158203125,6165.156311341169,5622.079799180229,6165.156311341169,127
2004-06-10,5838.0771484375,5961.503723089286,5708.479077645118,5708.479077645118,94
2004-06-14,5862.76123046875,5955.331144634047,5745.506173267351,5918.303011559952,72
2004-06-15,5776.3623046875,6017.04389299952,5770.190810209796,5788.704875123006,68
2004-06-16,5850.41845703125,5980.01608127781,5739.334480162824,5770.191117152946,33
2004-06-17,5831.90576171875,5992.360479184629,5708.479184751157,5850.4198319678935,30
2004-06-18,5708.47900390625,5850.419646626299,5708.47900390625,5807.2204297602,20
2004-06-21,5702.306640625,5751.677346043561,5554.194942889265,5677.621497175693,54
2004-06-22,5652.9365234375,5831.904865117787,5406.083407453678,5554.195109635988,54
2004-06-23,5652.9365234375,5856.590009308186,5628.250960727142,5646.765028129921,19
2004-06-24,5801.048828125,5801.048828125,5591.223825154011,5591.223825154011,24
2004-06-25,5646.76611328125,5770.192694992315,5566.53875146505,5622.080964347053,19
2004-06-28,5733.1640625,5856.590633649796,5615.908987315695,5757.849627841962,39
2004-06-29,5677.62158203125,5770.191499129585,5615.9083039656925,5615.9083039656925,28
2004-06-30,5677.62158203125,5776.362994344122,5566.537597809256,5745.506355311343,19
2004-07-01,5689.96484375,5739.335555891779,5436.940624118386,5436.940624118386,35
2004-07-02,5609.7373046875,5677.622083969039,5591.223654447071,5615.908800447635,13
2004-07-06,5387.56884765625,5671.4496539804995,5381.397352912712,5615.907875368342,30
2004-07-07,5097.517578125,5554.195725962831,4967.9195104445325,5554.195725962831,119
2004-07-08,4671.6953125,5091.345709205147,4492.726964069264,5060.489068543297,97
2004-07-09,4776.607421875,4893.862898046882,4572.953944744779,4572.953944744779,38
2004-07-12,4369.30029296875,4844.492463662195,4196.503025847507,4844.492463662195,85
2004-07-13,4350.7861328125,4381.642772052304,3844.737332983689,4085.418951646186,43
2004-07-14,4350.7861328125,4350.7861328125,4140.961153389808,4140.961153389808,62
2004-07-15,4443.3564453125,4498.898233470909,4350.786519368489,4381.643161349826,17
2004-07-16,4418.6708984375,4492.726748773111,4369.300192040442,4369.300192040442,21
2004-07-19,4264.388671875,4474.213698608626,4190.332386185439,4474.213698608626,21
2004-07-20,4350.7861328125,4350.7861328125,4147.132230125796,4177.988869365601,18
2004-07-21,4301.41552734375,4461.870222567003,3949.6499154527337,3949.6499154527337,17
2004-07-22,4276.73046875,4461.870312258485,4079.2480527116104,4381.642963034146,60
2004-07-23,4252.04541015625,4474.21341615978,4153.3043996702545,4202.675114173264,18
2004-07-26,4110.103515625,4449.526464802085,4110.103515625,4449.526464802085,14
2004-07-27,4103.93359375,4103.93359375,4017.5351591843214,4017.5351591843214,40
2004-07-28,4196.5029296875,4276.730275282575,4073.076372931985,4079.2478681777425,23
2004-07-29,4498.8974609375,4535.9255923647725,4270.558433189108,4270.558433189108,31
2004-07-30,4671.6953125,4776.607807046294,4338.443760760017,4560.611322413348,36
2004-08-02,4529.75439453125,4708.723150134006,4387.814191302791,4622.324310647175,29
2004-08-03,4498.8974609375,4628.495502413033,4406.327550889239,4628.495502413033,26
2004-08-04,4356.95849609375,4560.612020833852,4350.786999608276,4492.72765209383,31
2004-08-05,4134.78955078125,4566.782488922575,4029.877063793774,4233.530961192959,60
2004-08-06,4122.44775390625,4258.216904849625,3869.423103746307,3999.021176954087,58
2004-08-09,3887.9365234375,4085.4189298128745,3857.079884362599,3857.079884362599,22
2004-08-10,3943.478759765625,3980.5068983207957,3641.0838294717355,3665.7689761618485,58
2004-08-11,3758.33837890625,3924.9645606031304,3715.139168974443,3924.9645606031304,31
2004-08-12,3486.80029296875,3807.7092627769257,3344.8596663651447,3801.538185936746,45
2004-08-13,3801.53759765625,3826.2227382369165,3431.2577685669226,3826.2227382369165,21
2004-08-16,3980.506591796875,3980.506591796875,3480.6290616557762,3480.6290616557762,25
2004-08-17,3974.33544921875,3974.3354492187495,3739.825297339387,3863.2518692843173,28
2004-08-18,3912.62158203125,4091.5903358778182,3641.083331497073,4073.076269132319,86
2004-08-19,3745.99560546875,3974.334632966399,3554.684709357712,3776.8522421176194,59
2004-08-20,3820.051513671875,3931.1354911713975,3548.5132740240897,3548.5132740240897,31
2004-08-23,3813.880615234375,3826.2231869722314,3548.5134395306986,3548.5134395306986,10
2004-08-24,3795.366455078125,3844.737159335974,3764.5098172319613,3813.8805214898102,12
2004-08-25,3999.0205078125,4097.761501740245,3721.310756138298,3721.310756138298,31
2004-08-26,4153.30322265625,4153.30322265625,3931.135279613397,4079.2473811486,23
2004-08-27,3875.59423828125,4153.304010504143,3807.7094598854387,4153.304010504143,50
2004-08-30,3702.797119140625,3999.0209723758753,3659.5979031213183,3850.9088364982495,35
2004-08-31,3708.96826171875,3783.0241133420946,3523.828423400409,3523.828423400409,16
2004-09-01,3869.422607421875,3887.936675293935,3653.426125461101,3776.8526865815434,29
2004-09-02,3783.0244140625,3931.136129082894,3727.4822070398563,3881.7654179027645,15
2004-09-03,3875.59423828125,4042.2200179109886,3678.111817293412,3678.111817293412,29
2004-09-07,3838.56640625,3918.7937638597946,3807.7097624400803,3887.937120049875,4
2004-09-08,3813.880615234375,3832.394682101133,3795.366548367617,3795.366548367617,5
2004-09-09,3795.366455078125,3968.1637107206284,3745.995750820276,3745.995750820276,20
2004-09-10,3980.506591796875,4005.1917365860777,3838.5659629590396,3838.5659629590396,10
2004-09-13,4252.04541015625,4258.216906414134,3980.5071081697347,3980.5071081697347,23
2004-09-14,4165.646484375,4276.730474328995,4079.24805803299,4276.730474328995,8
2004-09-15,4258.21728515625,4258.21728515625,4073.0774031929345,4073.0774031929345,6
2004-09-16,4350.7861328125,4455.698622523846,4159.474802117727,4165.64629737367,20
2004-09-17,4505.0693359375,4603.810749064661,4319.929500214042,4319.929500214042,44
2004-09-20,4480.3837890625,4647.009542527487,4406.327526615912,4647.009542527487,39
2004-09-21,4431.013671875,4684.0378735694385,4239.702332832887,4684.0378735694385,25
2004-09-22,4289.07275390625,4412.499307975494,4196.502838354317,4412.499307975494,10
2004-09-23,4215.01708984375,4289.072941825961,4134.789742479704,4289.072941825961,11
2004-09-24,4295.24365234375,4295.24365234375,4011.3624500118776,4221.187395373775,26
2004-09-27,4060.733642578125,4301.415251456003,4029.8770045927595,4301.415251456003,15
2004-09-28,3955.821533203125,4252.044951207996,3955.821533203125,4042.219960367883,11
2004-09-29,4128.6181640625,4134.789659320214,4011.3631023255807,4134.789659320214,6
2004-09-30,4110.103515625,4276.729243335235,4103.932021868384,4128.61715985514,21
2004-10-01,4103.93359375,4289.07345512218,4011.36366306391,4165.64688087406,23
2004-10-04,4177.98876953125,4233.530969947674,3992.848938516395,3999.020433624868,24
2004-10-05,3949.649658203125,4177.988695364006,3949.649658203125,4177.988695364006,34
2004-10-06,3931.135986328125,4060.734046154758,3924.9649092297013,3961.9926273801825,7
2004-10-07,3961.992431640625,4171.817831540321,3863.251436264261,3924.9647153194733,15
2004-10-08,3918.792724609375,3968.163425316309,3887.9360889825293,3961.9919307829773,8
2004-10-11,4097.76171875,4159.475000168042,3887.9367293366467,4005.1917966229366,35
2004-10-12,4140.9619140625,4140.9619140625,4011.3638380408593,4023.7064123000555,11
2004-10-13,4091.59033203125,4301.415305563132,4048.391122012327,4134.789542050174,20
2004-10-14,4097.76171875,4177.989068297449,4036.0484373319578,4042.219932881752,8
2004-10-15,4011.363037109375,4054.562247651179,4011.363037109375,4054.562247651179,12
2004-10-18,3943.478759765625,4060.7342528436643,3912.622117142983,4011.3635409434373,10
2004-10-19,3924.964599609375,4042.2196589495516,3887.936465859874,3906.4505327346246,25
2004-10-20,3820.051513671875,4005.191336664436,3795.3663713475044,3887.936282843785,13
2004-10-21,4110.103515625,4134.788653611756,3826.222336178043,3887.9355996647855,32
2004-10-22,3863.251220703125,4029.8769811508455,3863.251220703125,3949.6496391515916,13
2004-10-25,3850.90869140625,4048.391531802456,3807.709477014574,3807.709477014574,1
2004-10-26,3832.39501953125,3999.0207989630476,3832.39501953125,3999.0207989630476,15
2004-10-27,3949.649658203125,3992.848867635734,3857.0797443389893,3857.0797443389893,9
2004-10-28,4085.4189453125,4147.132223696435,3949.649816571834,4005.191599709394,38
2004-10-29,4165.646484375,4177.989056921006,4103.933203125001,4122.447271203995,30
2004-11-01,4116.27587890625,4165.646588848451,4073.076664651818,4165.646588848451,6
2004-11-02,4159.47509765625,4159.47509765625,4091.5907376173404,4091.5907376173404,4
2004-11-03,4048.3916015625,4165.646673863246,3986.6783175052665,4165.646673863246,5
2004-11-04,3857.080078125,4048.3914174079896,3795.366796875,4048.3914174079896,37
2004-11-05,3961.992431640625,4023.7057106958373,3857.0799409507563,3857.0799409507563,11
2004-11-08,3974.33544921875,3974.3354492187495,3857.080373279068,3857.080373279068,13
2004-11-09,4085.4189453125,4097.761517285296,3961.99238854463,3974.334960517426,17
2004-11-10,4085.4189453125,4085.4189453125,4085.4189453125,4085.4189453125,3
2004-11-11,3918.792724609375,4073.075902743602,3918.792724609375,4011.362631489911,18
2004-11-12,3980.506591796875,4066.9050170790524,3918.7933113039003,4066.9050170790524,14
2004-11-15,3906.4501953125,4029.8767391231954,3783.023651501804,3820.0513635330667,37
2004-11-16,4165.646484375,4165.646484375,3807.7093694210052,3974.335145092011,60
2004-11-17,4289.07275390625,4381.642669458183,4134.789561319694,4319.929392423561,171
2004-11-18,4110.103515625,4307.585875078606,3949.648863151528,4177.987854348505,82
2004-11-19,3894.1083984375,4079.2482509428646,3887.936902612657,4073.0767551180215,51
2004-11-22,3733.65380859375,4005.1920999925655,3634.9123834378133,3980.506952963585,125
2004-11-23,3567.027587890625,3715.139289168593,3492.971527991663,3622.5693712398743,263
2004-11-24,3671.93994140625,3813.8805606603955,3591.7125984782597,3653.4258748044153,175
2004-11-26,3696.625,3702.7964948994713,3641.0832199844804,3641.0832199844804,24
2004-11-29,3752.167236328125,4042.2195476460697,3696.625037233241,3758.338312769822,235
2004-11-30,3684.28271484375,3894.108116961797,3616.398358277294,3795.366702021544,109
2004-12-01,3702.797119140625,3801.5385430590422,3634.912337881713,3702.797119140625,35
2004-12-02,3702.797119140625,3795.367047119141,3579.3705485026044,3579.3705485026044,39
2004-12-03,3949.649658203125,3949.649658203125,3758.338335475936,3813.88053490638,50
2004-12-06,3887.9365234375,4073.0763578869046,3863.2513795855602,4048.3912140349653,203
2004-12-07,3770.68115234375,3918.7928403178757,3622.569045849706,3622.569045849706,71
2004-12-08,3783.0244140625,3857.0802715726973,3776.852918219986,3801.538483070048,27
2004-12-09,3826.2236328125,3850.908779164583,3696.6255681640787,3733.653706212198,30
2004-12-10,3850.90869140625,3857.080187113626,3715.139552523847,3857.080187113626,20
2004-12-13,3937.307861328125,3999.0211493786596,3875.59457327759,3992.8496531655983,56
2004-12-14,3924.964599609375,3980.50638171368,3844.7372554987533,3881.764970728308,33
2004-12-15,3974.33544921875,3986.6784412292473,3931.136232742025,3986.6784412292473,19
2004-12-16,3844.7373046875,3974.3349374289055,3838.5658094769774,3974.3349374289055,18
2004-12-17,3838.56640625,3949.6504076697142,3696.625761020366,3949.6504076697142,39
2004-12-20,3702.797119140625,3949.6502604166667,3702.797119140625,3949.6502604166667,52
2004-12-21,3733.65380859375,3881.765527807648,3708.9686615647693,3857.0803807786674,27
2004-12-22,3758.33837890625,3826.223150599049,3715.139168974443,3826.223150599049,12
2004-12-23,3820.051513671875,3820.0515136718755,3708.96795469228,3708.96795469228,18
2004-12-27,3980.506591796875,3999.0206596487615,3857.0800308109256,3924.964806761185,114
2004-12-28,3986.677978515625,4042.2197620363863,3955.821339110767,4011.3631226315283,48
2004-12-29,3875.59423828125,4023.7059493921324,3875.59423828125,4023.7059493921324,36
2004-12-30,3850.90869140625,4017.534890305547,3739.825116833366,4017.534890305547,44
2004-12-31,3924.964599609375,4029.8770872063665,3869.4223989851234,3943.478247964179,23
2005-01-03,4159.47509765625,4159.47509765625,3875.594247591749,4011.3633861895523,50
2005-01-04,3918.792724609375,4165.645809624139,3906.450154062618,4165.645809624139,70
2005-01-05,3745.99560546875,4190.331089508484,3715.138968819881,3900.2787887130967,52
2005-01-06,3807.708740234375,3844.736870273828,3764.5095342016157,3764.5095342016157,12
2005-01-07,3844.7373046875,3881.7650203907792,3721.310748636665,3813.880665674791,17
2005-01-10,3857.080078125,3961.9925725460052,3764.5101562500004,3764.5101562500004,13
2005-01-11,3702.797119140625,3943.4787644767653,3702.797119140625,3943.4787644767653,41
2005-01-12,3776.85302734375,3801.5385929070467,3671.9405246297583,3702.7971676938737,8
2005-01-13,3745.99560546875,3776.8522421176194,3671.9397612154476,3764.509671162056,28
2005-01-14,3671.93994140625,3801.5379890991526,3671.93994140625,3770.681350936075,26
2005-01-18,3739.824951171875,3826.2233761280704,3721.3108833898427,3783.0241636499727,29
2005-01-19,3696.625,3826.2230447294537,3696.625,3826.2230447294537,16
2005-01-20,3696.625,3764.5097698144627,3671.9398574419756,3764.5097698144627,8
2005-01-21,3684.28271484375,3752.1674899301693,3641.0835027523754,3696.625287081291,14
2005-01-24,3585.5419921875,3739.8252032365317,3548.5138541277342,3641.0837807571534,41
2005-01-25,3492.971923828125,3641.083851150661,3406.5732821183124,3585.5420615072117,72
2005-01-26,3363.37353515625,3511.485229846899,3270.8036213446103,3431.2580967661256,95
2005-01-27,3295.4892578125,3418.9158202080243,3252.2898354180743,3369.54511154582,37
2005-01-28,3344.85986328125,3375.716504858605,3283.146580126541,3375.716504858605,12
2005-01-31,3406.5732421875,3505.3146654184416,3388.0593822766978,3455.9439538029706,26
2005-02-01,3554.68505859375,3739.824896676342,3363.3737251670873,3369.5450112511776,83
2005-02-02,3622.56982421875,3696.625684117939,3591.7131810507535,3659.5979634283485,41
2005-02-03,3591.713134765625,3671.9404896725555,3523.8287717828402,3529.99984922491,18
2005-02-04,3641.08349609375,3678.1116312586205,3486.8002971067267,3536.1710044865667,24
2005-02-07,3783.0244140625,3887.9369137452786,3579.3704920194627,3579.3704920194627,48
2005-02-08,3832.39501953125,3912.621952151016,3708.968454245477,3708.968454245477,36
2005-02-09,3752.167236328125,3875.5937874012875,3647.254751619924,3875.5937874012875,30
2005-02-10,3733.65380859375,3838.5663112469283,3696.6256695302723,3838.5663112469283,12
2005-02-11,3795.366455078125,3826.2230929242883,3745.995750820276,3758.338322254754,21
2005-02-14,3739.824951171875,3857.0800162581354,3659.5976031297123,3857.0800162581354,11
2005-02-15,3795.366455078125,3807.709026512603,3671.9399036934706,3671.9399036934706,27
2005-02-16,2900.5244140625,3388.059410618622,2832.6398419683564,3388.059410618622,638
2005-02-17,2888.18115234375,2949.894423041181,2826.4678816463193,2931.3803581279712,145
2005-02-18,2882.009765625,2925.2091822844077,2733.898077821199,2925.2091822844077,166
2005-02-22,3048.63623046875,3054.807516933789,2882.010240352729,2894.3530225428008,157
2005-02-23,2980.751708984375,3091.835494929509,2943.723571076,3091.835494929509,78
2005-02-24,3042.46484375,3054.807416273373,2968.4087808298054,3054.807416273373,48
2005-02-25,3017.77978515625,3054.80771561473,2968.4090717049385,3054.80771561473,64
2005-02-28,2949.895263671875,3005.4370557193283,2925.2099065063344,2931.3811934827168,48
2005-03-01,3023.95068359375,3067.1498953696687,2795.611634046785,2949.8948321893236,127
2005-03-02,3030.121826171875,3036.293111953331,2962.2372640559206,2962.2372640559206,29
2005-03-03,2980.751708984375,3048.6362797164006,2968.408926594918,2974.580213159648,10
2005-03-04,2980.751708984375,2980.751708984375,2980.751708984375,2980.751708984375,0
2005-03-07,2962.237060546875,3036.2929033565642,2931.3804244995117,2931.3804244995117,64
2005-03-08,3011.608154296875,3023.950726619902,2962.2374464848017,2962.2374464848017,52
2005-03-09,2968.408935546875,3011.6083601502582,2931.3810067868303,3011.6083601502582,38
2005-03-10,2925.209228515625,2986.9225024958705,2919.037942969593,2925.209228515625,33
2005-03-11,2937.552001953125,2993.0939942132004,2869.6674377508,2869.6674377508,48
2005-03-14,2888.18115234375,2931.3803581279712,2869.6670874305405,2900.523722779256,29
2005-03-15,2925.209228515625,2925.209228515625,2882.009811173476,2882.009811173476,30
2005-03-16,2925.209228515625,2931.3805140616573,2869.667240081412,2925.209228515625,22
2005-03-17,3036.293212890625,3079.49263331686,2956.066076544721,2956.066076544721,68
2005-03-18,2962.237060546875,3085.663604736328,2962.237060546875,3036.2929033565642,47
2005-03-21,3005.4365234375,3048.6359431413084,2968.408598877074,2986.9226657872737,13
2005-03-22,2912.86669921875,3042.464753155077,2900.5241270629003,2962.237406362111,55
2005-03-23,2986.922607421875,3017.779245495944,2900.523978962488,2919.038045510917,24
2005-03-24,2993.093994140625,3073.3213395432304,2974.579926967723,3073.3213395432304,38
2005-03-28,2931.380615234375,2968.4085390484997,2912.866548697328,2949.8946817714223,14
2005-03-29,2820.296630859375,2943.723182919041,2814.1253451083853,2925.2093256660723,48
2005-03-30,2937.552001953125,2937.552001953125,2814.1254454907253,2814.1254454907253,28
2005-03-31,2900.5244140625,2993.0943421708776,2875.8390580482655,2943.723630142409,33
2005-04-01,2943.723388671875,2974.58002884353,2882.0101083285654,2937.552102489541,8
2005-04-04,2801.783447265625,2851.153954404126,2715.384798198223,2851.153954404126,85
2005-04-05,2863.49609375,2863.49609375,2764.7548924330977,2764.7548924330977,6
2005-04-06,2820.296630859375,2894.352687651156,2814.1253451083853,2894.352687651156,31
2005-04-07,2838.810791015625,2844.9820769701855,2795.6115800737252,2795.6115800737252,14
2005-04-08,2820.296630859375,2851.1532688742914,2820.296630859375,2838.8106973723125,24
2005-04-11,2770.926513671875,2832.6397981222062,2770.926513671875,2832.6397981222062,58
2005-04-12,2709.213134765625,2777.0977034422144,2709.213134765625,2721.555707521372,101
2005-04-13,2709.213134765625,2740.069775914983,2696.870352749888,2696.870352749888,27
2005-04-14,2591.957763671875,2653.6710437593006,2505.5591296974826,2616.643117558842,30
2005-04-15,2616.64306640625,2616.64306640625,2462.3598692037585,2536.415720156963,24
2005-04-18,2777.09765625,2783.268942523003,2412.989255023003,2524.0732449769976,76
2005-04-19,2820.296630859375,2820.296630859375,2690.69879304872,2820.296630859375,3
2005-04-20,2770.926513671875,2801.7831558970406,2604.300520099982,2690.699160182445,3
2005-04-21,2721.555908203125,2777.0979082195167,2666.0139081867337,2666.0139081867337,4
2005-04-22,2573.443603515625,2647.499662516779,2505.559039709549,2604.300242451112,19
2005-04-25,2641.328857421875,2678.356789033207,2493.2169217165338,2493.2169217165338,21
2005-04-26,2585.7861328125,2635.1566247450332,2579.6148474784277,2604.299988814717,14
2005-04-27,2579.614990234375,2598.128847261149,2542.586857660894,2542.586857660894,19
2005-04-28,2548.7587890625,2635.157221836142,2499.388076683274,2548.7587890625,17
2005-04-29,2591.957763671875,2591.957763671875,2487.045271227245,2499.387843540737,22
2005-05-02,2604.300537109375,2690.699177756131,2450.0173249758814,2591.9579638426953,24
2005-05-03,2524.073486328125,2690.699277931837,2480.8740597664173,2690.699277931837,15
2005-05-04,2567.2724609375,2567.2724609375,2425.332039464265,2505.559179620445,34
2005-05-05,2468.531005859375,2622.814193725586,2456.1884345340645,2622.814193725586,11
2005-05-06,2561.101318359375,2561.101318359375,2406.818106410015,2406.818106410015,9
2005-05-09,2567.2724609375,2567.2724609375,2425.332039464265,2425.332039464265,20
2005-05-10,2554.93017578125,2610.4721770664964,2474.702817340337,2542.5873925734113,7
2005-05-11,2573.443603515625,2573.443603515625,2474.7024007740615,2530.2443927099334,5
2005-05-12,2548.7587890625,2561.1013625273054,2474.7027204936608,2517.9021461404845,8
2005-05-13,2530.24462890625,2530.24462890625,2487.0454140679462,2487.0454140679462,6
2005-05-16,2536.415283203125,2554.929347381957,2505.558649078367,2530.243998230162,29
2005-05-17,2622.814453125,2622.814453125,2480.873822546005,2480.873822546005,12
2005-05-18,2684.527587890625,2795.611571783193,2536.4156791205264,2536.4156791205264,37
2005-05-19,2875.8388671875,2875.8388671875,2628.985741948058,2628.985741948058,49
2005-05-20,2795.6123046875,2925.21018036453,2783.269520319193,2894.3535333338073,38
2005-05-23,2777.09765625,2807.954296875,2733.898443078995,2733.898443078995,24
2005-05-24,2844.982421875,2888.1818473140574,2746.2412068514427,2795.6119189932224,44
2005-05-25,2962.237060546875,3042.4643979740017,2795.6113095950955,2795.6113095950955,46
2005-05-26,2900.5244140625,3036.2935582507866,2900.5244140625,3036.2935582507866,12
2005-05-27,2869.66748046875,2956.066113130558,2826.468268767836,2956.066113130558,14
2005-05-31,3684.28271484375,3702.796782460043,3005.436638059409,3054.8073455295353,316
2005-06-01,4029.877197265625,4258.216245570486,3832.3947884214203,3887.936572042617,332
2005-06-02,3863.251220703125,4116.275399599313,3702.796536704617,4116.275399599313,155
2005-06-03,3900.279052734375,4011.3630358938876,3517.656816091563,4011.3630358938876,133
2005-06-06,3789.195556640625,4011.363551517275,3764.5104098854426,4011.363551517275,64
2005-06-07,3752.167236328125,3783.0238740964155,3715.1391035982024,3727.4816750015316,37
2005-06-08,3770.68115234375,3887.9362037799397,3443.6007213376447,3826.222930704068,83
2005-06-09,3931.135986328125,3943.478559044952,3702.7969262468955,3733.653567298953,27
2005-06-10,3937.307861328125,4005.1922270717014,3758.339074869562,3949.650435234228,14
2005-06-13,3850.225830078125,3937.307123534369,3850.225830078125,3937.307123534369,6
2005-06-14,3881.326904296875,3887.5471484647637,3582.763620755471,3601.423509607412,19
2005-06-15,3775.585205078125,3856.4462593984144,3756.9248968771653,3788.02526993683,8
2005-06-16,3738.265380859375,3800.466133141056,3694.7245168015197,3794.2458891825486,15
2005-06-17,3719.60498046875,3881.3266793777507,3676.0645392942433,3744.4851120467997,72
2005-06-20,3800.465576171875,3800.465576171875,3352.6200988290616,3383.720470412053,11
2005-06-21,3738.265380859375,3756.925269083201,3719.605070809701,3738.265380859375,10
2005-06-22,3707.1650390625,3763.1455479042893,3682.28448482382,3682.28448482382,18
2005-06-23,3638.74365234375,3713.384463411281,3638.74365234375,3682.2840903143256,13
2005-06-24,3601.4228515625,3713.3842733460865,3582.7629661200567,3582.7629661200567,44
2005-06-27,3601.4228515625,3781.805259387663,3582.7629661200567,3582.7629661200567,41
2005-06-28,3644.964111328125,3707.1648612018075,3607.643492673583,3700.9446174841064,44
2005-06-29,3669.84375,3794.2452330508477,3651.183443177218,3794.2452330508477,14
2005-06-30,3620.08349609375,3694.724310294748,3607.6434306978877,3620.08349609375,20
2005-07-01,3601.4228515625,3732.0445806143152,3576.5427230887185,3595.2030303569472,44
2005-07-05,3657.404296875,3676.0646068141987,3607.6436109790848,3676.0646068141987,13
2005-07-06,3788.025390625,3788.025390625,3657.4040727082393,3707.1647555542613,27
2005-07-07,3794.2451171875,3856.4458568135246,3744.4844411215277,3856.4458568135246,28
2005-07-08,3769.365478515625,3881.326486890178,3725.824617674613,3725.824617674613,37
2005-07-11,3862.666748046875,3937.30756376512,3676.0644978383466,3707.164872873101,34
2005-07-12,4179.8896484375,4310.511371317889,3750.704710674677,3918.6466245024876,132
2005-07-13,4086.58935546875,4155.0103519588665,4049.2691570589272,4105.249665586586,14
2005-07-14,4049.268310546875,4167.449546877268,4049.268310546875,4161.229304196401,24
2005-07-15,4055.488525390625,4161.229708457748,4049.2687039312664,4136.349578968708,12
2005-07-18,4316.73095703125,4341.611504799673,4074.1482527000194,4167.4493577236835,72
2005-07-19,4291.8525390625,4354.053300498189,4198.551396908968,4354.053300498189,31
2005-07-20,4279.412109375,4347.832688074691,3819.126260566209,4242.0914869381695,31
2005-07-21,4055.488525390625,4335.391880358432,4030.6083959015855,4279.411378095192,121
2005-07-22,4167.45068359375,4260.7518183010725,4074.1495488864275,4117.689994051336,46
2005-07-25,4254.5302734375,4285.630642166797,4167.449409725768,4167.449409725768,45
2005-07-26,4229.65087890625,4242.090944184928,4229.65087890625,4229.65087890625,1
2005-07-27,4198.55078125,4285.631665760401,4173.670649054414,4285.631665760401,6
2005-07-28,4229.65087890625,4322.952001235064,4173.67037423929,4173.67037423929,10
2005-07-29,4266.97119140625,4266.97119140625,4105.249088871889,4179.889897031675,43
2005-08-01,4416.251953125,4441.1320770883785,4279.410427675,4347.830979487146,44
2005-08-02,4478.45361328125,4509.553985595703,4416.252868652344,4497.113921035081,21
2005-08-03,4565.5341796875,4615.294856405982,4447.352941578654,4615.294856405982,14
2005-08-04,4428.693359375,4652.616230316916,4416.253293617302,4416.253293617302,33
2005-08-05,4366.4931640625,4714.817580530676,3955.968410895603,4354.053096722756,66
2005-08-08,4273.19140625,4354.052464964507,4242.091031500254,4291.8517154650135,18
2005-08-09,4260.7509765625,4354.052092837591,4260.7509765625,4273.19104103402,3
2005-08-10,4273.19140625,4279.411649930281,4273.19140625,4279.411649930281,2
2005-08-11,4229.65087890625,4341.612310065992,4117.689447746508,4229.65087890625,18
2005-08-12,4235.87158203125,4279.412026143472,4217.2112711757645,4229.651337804133,28
2005-08-15,4273.19140625,4341.612399429774,4105.249466966535,4235.871209645802,29
2005-08-16,4416.251953125,4584.193844442077,4198.549392055457,4198.549392055457,75
2005-08-17,4310.51220703125,4360.272893101079,4273.191587022417,4354.0526491576575,31
2005-08-18,4266.97119140625,4304.291384573247,4248.310883909856,4260.750948298855,18
2005-08-19,4310.51220703125,4441.1335334104715,4254.531277018001,4441.1335334104715,9
2005-08-22,4229.65087890625,4410.0328800116295,4204.770748348895,4410.0328800116295,11
2005-08-23,4105.24951171875,4254.531143414553,3987.0682551117256,4223.430768325775,53
2005-08-24,4099.029296875,4123.909850216968,4011.9484147427024,4018.168658534654,17
2005-08-25,4167.45068359375,4167.45068359375,4086.5896158155615,4086.5896158155615,0
2005-08-26,4130.1298828125,4167.45050381582,4043.048996239229,4043.048996239229,5
2005-08-29,4123.86181640625,4167.732600883989,3942.1108163895437,4017.3183612385255,17
2005-08-30,4042.3876953125,4130.12927372737,4011.0513565891474,4130.12927372737,62
2005-08-31,4036.12060546875,4073.7243851887174,3942.111581195164,4011.05170233966,15
2005-09-01,4017.319091796875,4061.1898842526152,3979.715312534054,4017.319091796875,12
2005-09-02,4117.59521484375,4167.733446574728,4067.456983112772,4073.72442146402,7
2005-09-06,4211.60400390625,4211.60400390625,4011.051513249059,4123.8624220644515,10
2005-09-07,4217.87109375,4255.4744435670245,4186.534756389341,4230.4055436890085,5
2005-09-08,4148.93115234375,4199.069379190085,4117.594813693077,4155.198590084402,18
2005-09-09,4130.1298828125,4161.466226157136,4105.060978147334,4161.466226157136,2
2005-09-12,4111.328125,4230.406051246786,4111.328125,4230.406051246786,13
2005-09-13,4155.19873046875,4261.742200475373,4098.793063976085,4098.793063976085,17
2005-09-14,4142.66357421875,4199.068806080985,4117.594251704017,4199.068806080985,23
2005-09-15,3979.714599609375,4211.6033967860885,3929.576377916133,4199.068947619341,48
2005-09-16,4004.783935546875,4042.387712182346,3891.973455693057,4011.0513733282196,55
2005-09-19,4117.59521484375,4174.000884925977,4098.793324816341,4098.793324816341,31
2005-09-20,4199.06982421875,4255.475069757421,4111.3282367082975,4224.138727785639,44
2005-09-21,4186.53515625,4199.069607386187,4136.396926678931,4199.069607386187,25
2005-09-22,4186.53515625,4249.207836957256,4117.59503746149,4136.396926678931,21
2005-09-23,4192.802734375,4249.208409629196,4111.328578496232,4249.208409629196,12
2005-09-26,4180.267578125,4230.405806016381,4111.327886672367,4167.73312740873,10
2005-09-27,4230.4052734375,4249.207159658028,4111.3273690845745,4230.4052734375,12
2005-09-28,4123.86181640625,4255.474169839468,4117.594379326752,4236.672708653472,15
2005-09-29,4136.39697265625,4230.4059947620735,4079.991729403285,4199.069654060133,7
2005-09-30,4224.138671875,4387.087817982008,4086.2588540294037,4136.397085525893,40
2005-10-03,4224.138671875,4236.673548518873,4117.595195586418,4224.138671875,18
2005-10-04,4230.4052734375,4236.67271051976,4111.3273690845745,4111.3273690845745,12
2005-10-05,4186.53515625,4242.940398876003,4123.862475542744,4242.940398876003,9
2005-10-06,4123.86181640625,4167.732600883989,4105.059930194005,4130.128828459498,6
2005-10-07,4136.39697265625,4161.465875207274,4105.0606319543085,4111.328070105226,19
2005-10-10,4073.723388671875,4130.12861942761,4042.3870549128605,4105.059722430889,23
2005-10-11,4117.59521484375,4123.8626531949985,4086.2588731401806,4117.59521484375,6
2005-10-12,4130.1298828125,4387.08806824906,4029.853839125479,4387.08806824906,13
2005-10-13,4023.58544921875,4387.08703108536,4011.0509998494717,4130.128906397,14
2005-10-14,3841.835693359375,4079.9919824714248,3791.697460121099,4011.0518586405015,22
2005-10-17,4086.258544921875,4098.792995591238,3810.4989300906873,3810.4989300906873,27
2005-10-18,4217.87109375,4217.87109375,4098.792756763728,4186.534756389341,31
2005-10-19,4205.33642578125,4261.741660095542,4180.2671021767,4261.741660095542,7
2005-10-20,4161.46533203125,4387.087125646431,4079.991196861687,4355.750789034671,30
2005-10-21,4098.79248046875,4255.474156710311,4079.9910193407613,4255.474156710311,10
2005-10-24,4136.39697265625,4217.871543486562,4105.0606319543085,4199.069654060133,8
2005-10-25,4092.526123046875,4180.267705766184,4092.5261230468745,4167.733254667185,4
2005-10-26,4117.59521484375,4217.871678305706,4092.5263114914287,4217.871678305706,8
2005-10-27,4111.328125,4180.267820448966,4086.2587970879263,4180.267820448966,5
2005-10-28,3979.714599609375,4199.068947619341,3967.1801504426276,4199.068947619341,11
2005-10-31,4142.66357421875,4192.801369195743,3898.2399110878464,4011.050799838553,21
2005-11-01,4036.12060546875,4180.267861026848,4036.12060546875,4180.267861026848,5
2005-11-02,4161.46533203125,4161.46533203125,3985.9821870264063,4061.1893098893775,30
2005-11-03,4105.06103515625,4186.535613989051,4098.793596389741,4186.535613989051,13
2005-11-04,4098.79248046875,4167.732588025537,4079.9910193407613,4086.258031374675,4
2005-11-07,4142.66357421875,4199.068806080985,4086.2579173302784,4086.2579173302784,21
2005-11-08,4211.60400390625,4217.871441906226,4142.664311038069,4142.664311038069,6
2005-11-09,4199.06982421875,4199.06982421875,4123.862688491742,4180.267934030413,8
2005-11-10,4199.06982421875,4217.871714407087,4136.397140275187,4199.06982421875,34
2005-11-11,4180.267578125,4211.603917428825,4161.465689537444,4199.069466712555,17
2005-11-14,4199.06982421875,4230.406166190532,4155.199030463524,4199.06982421875,11
2005-11-15,4117.59521484375,4180.267898250889,4079.991859815268,4180.267898250889,18
2005-11-16,3271.513671875,4073.724026766606,3146.1683172052585,4073.724026766606,150
2005-11-17,3258.9794921875,3284.04860770696,3227.6431509164663,3258.9794921875,20
2005-11-18,3415.660888671875,3415.660888671875,2914.2794738209577,3227.642858102781,77
2005-11-21,3478.33349609375,3584.876959617491,3415.6608204884574,3415.6608204884574,54
2005-11-22,3597.411865234375,3628.7482070048013,3528.4721683552402,3616.2137553018983,34
2005-11-23,3528.4716796875,3603.6788045156136,3522.2042421908745,3597.411367018988,19
2005-11-25,3478.33349609375,3603.6788473043357,3459.5316084069054,3603.6788473043357,12
2005-11-28,3288.6064453125,3478.333740234375,3269.6336300422745,3478.333740234375,28
2005-11-29,3421.41552734375,3472.0095587074857,3383.470111043496,3472.0095587074857,9
2005-11-30,3566.873046875,3807.1941489729616,3522.603217803867,3592.170061423492,50
2005-12-01,3301.254638671875,3642.7640054318244,3130.500169736981,3490.9819216862375,49
2005-12-02,3326.551513671875,3427.7393508303403,3288.6061015430846,3288.6061015430846,19
2005-12-05,3288.6064453125,3383.4700927734375,3275.9580447624126,3383.4700927734375,5
2005-12-06,3256.985107421875,3351.8487513273667,3200.066878189563,3275.957921981008,23
2005-12-07,3200.06689453125,3256.985124054225,3054.6094351337447,3256.985124054225,39
2005-12-08,3219.03955078125,3294.9303767806396,3168.4455238182727,3174.7697235773758,15
2005-12-09,3225.36376953125,3332.8758094042605,3162.1213426776962,3332.8758094042605,17
2005-12-12,3174.77001953125,3326.5519001242988,3168.445819182601,3326.5519001242988,17
2005-12-13,3250.660888671875,3256.985088673486,3162.121445314064,3193.7426597672047,24
2005-12-14,3219.03955078125,3383.4698167433116,3098.878897577986,3383.4698167433116,29
2005-12-15,3231.688232421875,3275.9580634904514,3168.4458004197045,3275.9580634904514,9
2005-12-16,3206.391357421875,3238.012574810434,3098.879304078815,3174.770140033316,19
2005-12-19,3155.797119140625,3244.336558958543,3155.797119140625,3206.390931575809,18
2005-12-20,3130.50048828125,3269.633757537931,3098.8792712279037,3219.039938919639,22
2005-12-21,3231.688232421875,3238.0124327330727,3117.851983485026,3193.742816109592,23
2005-12-22,3269.63330078125,3326.5515264150104,3181.0940769565927,3231.687888507101,30
2005-12-23,3168.445556640625,3339.200238575737,3111.527329328921,3339.200238575737,40
2005-12-27,3174.77001953125,3256.9852673989712,3067.257970268934,3098.8791864572736,27
2005-12-28,3174.77001953125,3244.3368667016744,3105.203386805922,3105.203386805922,19
2005-12-29,3313.9033203125,3351.848734798561,3111.527418978366,3111.527418978366,34
2005-12-30,3326.551513671875,3377.1455394736436,3162.1212514837353,3320.2273140579223,47
2006-01-03,3351.8486328125,3383.469846329599,3193.7425652270044,3383.469846329599,12
2006-01-04,3313.9033203125,3377.1457492709633,3307.5791203056706,3351.848734798561,12
2006-01-05,3326.551513671875,3427.7393508303403,3294.930301157038,3427.7393508303403,17
2006-01-06,3332.8759765625,3415.0912213736037,3263.309346423537,3415.0912213736037,17
2006-01-09,3345.52490234375,3415.091538951897,3282.282466437234,3282.282466437234,22
2006-01-10,3408.76708984375,3415.0912900845174,3339.200458305121,3415.0912900845174,16
2006-01-11,3345.52490234375,3415.091538951897,3345.52490234375,3358.17330374701,25
2006-01-12,3263.309326171875,3408.767000105725,3238.012311429672,3408.767000105725,23
2006-01-13,3231.688232421875,3326.55188042513,3181.094415487196,3181.094415487196,14
2006-01-17,3294.9306640625,3326.5518800601153,3244.336847133373,3313.9034794391073,13
2006-01-18,3339.200439453125,3402.442870393941,3263.309393657091,3351.8488398632517,21
2006-01-19,3250.660888671875,3320.2275175797677,3231.688074221957,3263.3092886750974,21
2006-01-20,3238.012451171875,3294.930683186967,3219.039850130242,3231.688250824664,16
2006-01-23,3231.688232421875,3313.903479802734,3231.688232421875,3238.0124327330727,16
2006-01-24,3244.337158203125,3320.2279980958406,3174.770304782167,3320.2279980958406,19
2006-01-25,3193.74267578125,3320.2275342280323,3187.418475747928,3320.2275342280323,4
2006-01-26,3130.50048828125,3307.579389558028,3098.8792712279037,3307.579389558028,37
2006-01-27,3269.63330078125,3320.227326776831,3098.878838325042,3130.5000509610118,67
2006-01-30,3313.9033203125,3377.1457492709633,3275.957905826439,3377.1457492709633,42
2006-01-31,3320.22802734375,3370.822064014654,3307.5796253985827,3351.8492466517855,3
2006-02-01,3288.6064453125,3377.1458924983936,3256.9852294921875,3377.1458924983936,11
2006-02-02,3174.77001953125,3351.84891596399,3162.1216188339527,3238.012451907929,22
2006-02-03,3269.63330078125,3288.606114140861,3162.121263596982,3288.606114140861,18
2006-02-06,3212.7158203125,3256.9854395378843,2959.746077435771,3174.770187324904,83
2006-02-07,3168.445556640625,3301.254610737881,3022.988102894136,3275.9578114394167,29
2006-02-08,3086.23095703125,3256.985448146314,3079.9065418865293,3256.985448146314,9
2006-02-09,3162.121826171875,3238.0126642219557,3004.0157348632815,3004.0157348632815,13
2006-02-10,3187.418701171875,3206.3913026136406,3035.6368174122426,3200.0671021330522,8
2006-02-13,3256.985107421875,3256.985107421875,3041.9608050137435,3193.7426781515474,14
2006-02-14,3162.121826171875,3275.958297692107,3098.8793896484376,3256.9854809570315,15
2006-02-15,3162.121826171875,3212.7158611686696,3098.8793896484376,3130.5006079101563,7
2006-02-16,3124.176025390625,3275.9578973890316,3098.8790109833762,3162.1214397789554,36
2006-02-17,3193.74267578125,3193.74267578125,3048.285002789416,3048.285002789416,8
2006-02-21,3313.9033203125,3396.1183492914515,3130.500233443939,3269.6334913745245,72
2006-02-22,3187.418701171875,3351.8489858926846,3174.770085765597,3351.8489858926846,35
2006-02-23,3250.660888671875,3263.3092886750974,3130.5002308609237,3130.5002308609237,7
2006-02-24,3193.74267578125,3269.6335050712846,3162.1214611695545,3269.6335050712846,11
2006-02-27,3086.23095703125,3174.7701957160334,3004.0157046009695,3136.8247770732537,46
2006-02-28,3067.2578125,3263.309299894488,3048.2849979848525,3263.309299894488,42
2006-03-01,3181.09423828125,3225.363852438649,3067.257781240676,3073.5819811995784,19
2006-03-02,3231.688232421875,3256.985248111762,3168.4458004197045,3168.4458004197045,72
2006-03-03,3212.7158203125,3225.3642216782932,3162.1217859591106,3225.3642216782932,16
2006-03-06,3415.09130859375,3415.09130859375,3212.7156131217876,3269.6336300422745,64
2006-03-07,3344.7431640625,3517.416238100122,3344.7431640625,3504.625720339778,29
2006-03-08,3555.787841796875,3600.5550855718107,3357.5335246638324,3357.5335246638324,45
2006-03-09,3568.578857421875,3613.3458878749448,3421.48681418247,3568.578857421875,24
2006-03-10,3504.625732421875,3632.5317778846497,3434.2772339336716,3613.345784323395,31
2006-03-13,3587.764404296875,3677.2986763083436,3511.020866489667,3600.5551385011354,28
2006-03-14,3677.299072265625,3741.252099609375,3613.346044921875,3677.299072265625,15
2006-03-15,3754.0419921875,3766.832508781034,3638.926475427394,3638.926475427394,16
2006-03-16,3773.22802734375,3798.8090608251296,3754.042035378137,3766.8325521188267,24
2006-03-17,3683.694580078125,3798.809683316819,3383.1152188717133,3798.809683316819,36
2006-03-20,3670.90283203125,3901.1338560350023,3645.321799901559,3901.1338560350023,44
2006-03-21,3805.20458984375,3824.390582080593,3690.0890701318544,3805.20458984375,23
2006-03-22,3709.275146484375,3837.181186018319,3677.298636600889,3837.181186018319,38
2006-03-23,3792.414306640625,3805.204824350385,3709.275290963401,3786.01883093115,20
2006-03-24,3709.275146484375,3837.181186018319,3395.905306255295,3395.905306255295,22
2006-03-27,3773.22802734375,3837.181044756356,3101.721344511388,3101.721344511388,25
2006-03-28,3715.6708984375,3837.1814715529963,3677.298910238288,3741.2519347641714,16
2006-03-29,3773.22802734375,3817.995052790743,3702.879534706221,3817.995052790743,5
2006-03-30,3773.22802734375,3817.995052790743,3645.321992518538,3786.01854408444,19
2006-03-31,3805.20458984375,3805.20458984375,3619.740793354399,3773.228080685399,13
2006-04-03,3734.8564453125,3837.1814576673096,3709.275409078399,3805.204945520082,21
2006-04-04,3709.275146484375,3798.8092006744664,3690.089153812449,3734.8561809074945,8
2006-04-05,3773.22802734375,3811.600011274976,3741.251518637447,3741.251518637447,11
2006-04-06,3664.508056640625,3773.2281016409897,3613.345554961287,3773.2281016409897,18
2006-04-07,3779.62353515625,3824.39056098922,3722.065558763151,3722.065558763151,46
2006-04-10,3773.22802734375,3837.181044756356,3709.2750099311443,3837.181044756356,33
2006-04-11,3728.46142578125,3766.8329803657375,3690.0894374875566,3709.275431634403,10
2006-04-12,3594.159912109375,3741.251956099576,3562.18339966408,3741.251956099576,19
2006-04-13,3702.879638671875,3728.4611065806616,3485.4395468476177,3581.3690756599376,22
2006-04-17,3709.275146484375,3741.251656367861,3555.7878556727246,3741.251656367861,14
2006-04-18,3594.159912109375,3741.251956099576,3555.788140545941,3555.788140545941,32
2006-04-19,3760.43798828125,3805.205019414877,3536.6023989039045,3536.6023989039045,57
2006-04-20,3709.275146484375,3869.157695901805,3632.531609505843,3837.181186018319,21
2006-04-21,3626.136474609375,3786.0190390428506,3613.34595619654,3741.25200774332,19
2006-04-24,3670.90283203125,3709.27481393492,3613.345292884879,3709.27481393492,27
2006-04-25,3683.694580078125,3709.2756177513397,3613.346075912943,3709.2756177513397,18
2006-04-26,3619.7412109375,3696.484971883658,3511.021153998701,3511.021153998701,16
2006-04-27,3690.0888671875,3702.879383405566,3613.345336169966,3613.345336169966,7
2006-04-28,3702.879638671875,3709.275114076364,3613.345585264044,3613.345585264044,22
2006-05-01,3683.694580078125,3798.809683316819,3542.997788602375,3702.880141478422,17
2006-05-02,3549.392822265625,3606.95058707869,3517.416310353322,3587.7645931894685,24
2006-05-03,3632.531494140625,3677.2985198139195,3562.183001147478,3568.5784764047307,27
2006-05-04,3658.11279296875,3658.11279296875,3581.369252863513,3587.7645117298503,9
2006-05-05,3651.7177734375,3670.9033333000257,3613.3457862940627,3670.9033333000257,12
2006-05-08,3670.90283203125,3702.8793390479304,3626.1358089497244,3670.90283203125,15
2006-05-09,3690.0888671875,3702.879383405566,3626.1358523880317,3664.507834751368,23
2006-05-10,3677.299072265625,3677.299072265625,3619.7413042853277,3677.299072265625,39
2006-05-11,3677.299072265625,3677.299072265625,3587.7647906134525,3677.299072265625,20
2006-05-12,3517.416015625,3677.2985617897725,3517.416015625,3677.2985617897725,31
2006-05-15,3594.159912109375,3606.950647200256,3536.6023631915264,3549.392881427803,12
2006-05-16,3555.787841796875,3613.345602733458,3523.8113320381717,3600.5550855718107,4
2006-05-17,3562.18310546875,3562.18310546875,3517.416078484419,3517.416078484419,3
2006-05-18,3562.18310546875,3568.5785809132994,3517.416078484419,3517.416078484419,5
2006-05-19,3530.20654296875,3568.5785276449224,3517.4160259797477,3562.1830522958385,11
2006-05-22,3574.973388671875,3574.973388671875,3517.4156349115024,3517.4156349115024,7
2006-05-23,3638.926513671875,3638.926513671875,3517.4159541925233,3517.4159541925233,13
2006-05-24,3555.787841796875,3594.1596101364016,3542.997324635228,3549.392583216051,6
2006-05-25,3523.811279296875,3581.369039371984,3517.41602081177,3517.41602081177,5
2006-05-26,3587.764404296875,3632.5316487299037,3517.4161251645023,3517.4161251645023,8
2006-05-30,3619.7412109375,3626.136470136028,3587.7646980902523,3587.7646980902523,6
2006-05-31,3357.533447265625,3606.950261004845,3229.6274111793155,3587.764268850066,56
2006-06-01,3325.55712890625,3357.5336397611177,3216.8370787415365,3357.5336397611177,51
2006-06-02,3108.116455078125,3229.62722575466,3101.721197011901,3229.62722575466,73
2006-06-05,3178.465087890625,3287.1853547614323,3120.9075419141536,3287.1853547614323,68
2006-06-06,3197.651123046875,3255.208886632638,3108.1168482306434,3178.465129566756,89
2006-06-07,3267.99951171875,3267.99951171875,3178.4652339618115,3261.6042526335264,15
2006-06-08,3223.232177734375,3274.3944624527917,3197.6509269478756,3267.9992039698127,19
2006-06-09,3299.97607421875,3383.115094155681,3248.8137839037668,3376.719834973134,12
2006-06-12,3254.682373046875,3358.210990327841,3177.0357455317753,3177.0357455317753,20
2006-06-13,3164.0947265625,3293.5055520300393,3144.683014980036,3235.2706366884804,19
2006-06-14,3105.859619140625,3118.800613124717,3034.6837134164825,3118.800613124717,31
2006-06-15,3170.56494140625,3183.50593503742,3105.8595344387754,3170.56494140625,22
2006-06-16,3202.91748046875,3222.3291893248206,3170.5647786458335,3170.5647786458335,15
2006-06-19,3079.977294921875,3235.2703138687366,3034.683598290037,3235.2703138687366,14
2006-06-20,3189.976806640625,3189.976806640625,3034.6837784732957,3034.6837784732957,10
2006-06-21,3183.505859375,3183.505859375,3112.329957283579,3112.329957283579,3
2006-06-22,3138.212158203125,3189.976570224468,3118.8004488436695,3189.976570224468,5
2006-06-23,2995.860595703125,3189.976827319159,2982.9193819518946,3189.976827319159,46
2006-06-26,2989.3896484375,3138.2121689543596,2982.919151764116,2982.919151764116,15
2006-06-27,3028.21337890625,3073.507079686669,2995.860672804285,3073.507079686669,10
2006-06-28,3047.62451171875,3112.3299162962426,3015.2718094300035,3073.506717430908,8
2006-06-29,3099.38916015625,3144.6828590618247,3008.8015429392794,3008.8015429392794,6
2006-06-30,3021.742431640625,3125.271258793642,3021.742431640625,3105.859548850998,19
2006-07-03,3015.27197265625,3086.447877663309,3002.3309788025363,3021.742469583107,7
2006-07-05,3047.62451171875,3164.094327720559,3008.8013128534153,3008.8013128534153,19
2006-07-06,3086.447998046875,3177.035616773593,3060.566009329948,3131.7419171131464,10
2006-07-07,3067.03662109375,3079.9776159356893,3008.801705493357,3073.50711851472,26
2006-07-10,3151.1533203125,3183.506024707519,3067.0364205289425,3073.5069175267827,44
2006-07-11,3079.977294921875,3215.8586042232,3079.977294921875,3157.6239140982107,23
2006-07-12,3202.91748046875,3235.270182291667,3164.0942821624103,3183.50577161268,27
2006-07-13,3215.85888671875,3274.0938013651667,3177.0356834230815,3274.0938013651667,22
2006-07-14,3248.211669921875,3261.152884265313,3209.388465703231,3248.211669921875,19
2006-07-17,3189.976806640625,3319.3876268790955,3092.918691461772,3267.6232110213778,31
2006-07-18,3118.800537109375,3228.799860916388,3079.977336697529,3189.9766605045415,11
2006-07-19,3138.212158203125,3235.2702661887884,3125.2711649006924,3151.153151505557,11
2006-07-20,3235.2705078125,3319.3876287779544,3235.2705078125,3235.2705078125,5
2006-07-21,3157.6240234375,3215.858715578986,3073.506904601859,3144.682810090422,8
2006-07-24,3099.38916015625,3151.153356133218,3079.9774495362485,3086.447946607642,10
2006-07-25,3073.507080078125,3099.3892888441596,3067.0365827380742,3067.0365827380742,3
2006-07-26,3092.918701171875,3131.7419034841355,3002.3310828393846,3028.2132908494996,17
2006-07-27,3034.683837890625,3131.741954969819,3008.8016294550075,3028.2133406331773,4
2006-07-28,3028.21337890625,3086.448074365123,3002.3311701435123,3002.3311701435123,9
2006-07-31,3028.21337890625,3118.800780467088,3028.21337890625,3073.507079686669,9
2006-08-01,2982.919189453125,3015.2718926346247,2976.448692697987,3015.2718926346247,8
2006-08-02,2982.919189453125,2982.919189453125,2924.684279845263,2976.448692697987,18
2006-08-03,2995.860595703125,3021.7425843939363,2957.0371738552585,2957.0371738552585,8
2006-08-04,3086.447998046875,3092.9187146319314,2957.037176838942,2957.037176838942,7
2006-08-07,3060.56591796875,3073.506911940911,3008.8015032684707,3073.506911940911,9
2006-08-08,2957.036865234375,3112.329878200701,2957.036865234375,3021.7422690198605,17
2006-08-09,2989.3896484375,3060.565770062142,2905.2727528718983,2937.625455644624,21
2006-08-10,2982.919189453125,3079.9772989976245,2918.213783090125,2918.213783090125,10
2006-08-11,2898.80224609375,3008.8013473752535,2853.508330726337,2950.5664387061843,6
2006-08-14,2795.273681640625,2963.507926620094,2762.920975976239,2834.09710396255,19
2006-08-15,2827.62646484375,2872.9203856594295,2782.3327634339034,2795.2737582921927,23
2006-08-16,2989.3896484375,3002.3308611900748,2762.9207290284226,2762.9207290284226,6
2006-08-17,2911.743896484375,3028.2137401060927,2911.743896484375,3021.74302258922,10
2006-08-18,2944.096435546875,2982.9196413652257,2749.980187049279,2976.4491436298076,38
2006-08-21,3041.154296875,3138.212412732713,2834.097070807543,2847.0380651595747,48
2006-08-22,3073.507080078125,3138.2124922902963,2944.096255653783,2976.448961759869,32
2006-08-23,3105.859619140625,3125.2713295225813,3015.2720030345263,3041.154210408529,12
2006-08-24,2898.80224609375,3060.565759393495,2840.5673374246803,3054.0950433368594,39
2006-08-25,2737.0390625,2879.3908835892707,2717.627350803357,2834.0971821715484,80
2006-08-28,2769.3916015625,2859.978998919158,2769.3916015625,2859.978998919158,9
2006-08-29,2782.332763671875,2788.803261101573,2594.687021775628,2594.687021775628,15
2006-08-30,2872.920166015625,2879.39066295008,2814.6852547938984,2853.5084558064436,84
2006-08-31,2982.919189453125,3028.2131055507107,2879.3905831534876,2898.8022928247115,33
2006-09-01,3061.589599609375,3068.1456440193633,3022.254444644835,3022.254444644835,11
2006-09-05,3120.592529296875,3120.592529296875,3035.3663949056595,3068.145728663608,28
2006-09-06,3094.368896484375,3120.59240692219,3022.25440950469,3120.59240692219,6
2006-09-07,3087.81298828125,3114.0364979872725,3015.6985033139904,3081.257166429512,11
2006-09-08,3140.260498046875,3140.260498046875,3061.589956644355,3127.1486299969033,42
2006-09-11,3022.254638671875,3140.260333440472,3022.254638671875,3140.260333440472,9
2006-09-12,3127.1484375,3133.7044822709695,3028.81043352454,3028.81043352454,14
2006-09-13,3081.257568359375,3166.4839304464012,3048.4782325257643,3166.4839304464012,14
2006-09-14,3107.481201171875,3107.481201171875,2963.2519845694887,3015.699012842921,15
2006-09-15,3140.260498046875,3159.9279666731773,3002.587328466345,3140.260498046875,13
2006-09-18,3094.368896484375,3153.3717393946904,3002.5869434006354,3146.8159173600056,8
2006-09-19,3002.5869140625,3166.4835748235737,2976.3634038809137,3166.4835748235737,24
2006-09-20,3081.257568359375,3120.5927268998876,2950.1402250249334,3107.481081486083,13
2006-09-21,3028.810302734375,3114.03665808583,3022.2544805455896,3055.0338137885983,10
2006-09-22,3028.810302734375,3094.3689692203925,3022.2544805455896,3055.0338137885983,4
2006-09-25,3068.14599609375,3081.2576418201515,3022.2547914531365,3022.2547914531365,11
2006-09-26,3035.366455078125,3068.145789485884,3022.254587935568,3022.254587935568,6
2006-09-27,3061.589599609375,3081.257288241184,3035.366311165734,3035.366311165734,7
2006-09-28,3048.478271484375,3081.2576077368954,3022.2547580225387,3022.2547580225387,8
2006-09-29,3100.92529296875,3114.0369385271188,3068.145956773728,3081.2576023320967,13
2006-10-02,3081.257568359375,3323.8245646084524,3022.2547193990567,3323.8245646084524,17
2006-10-03,3028.810302734375,3159.92763570641,3028.810302734375,3120.592480274616,13
2006-10-04,3015.698974609375,3146.8163213315215,2963.2519470008747,3028.810620361948,23
2006-10-05,3107.481201171875,3127.1486700500823,2989.4754987062047,3002.5873669241164,14
2006-10-06,3055.033935546875,3107.4809597455956,3009.1429560973115,3068.1458027461,16
2006-10-09,3087.81298828125,3133.704185841557,3048.477834871751,3133.704185841557,20
2006-10-10,3146.81591796875,3146.81591796875,3087.813075047021,3140.2600959327965,9
2006-10-11,3127.1484375,3173.0396394013355,3048.478123239268,3048.478123239268,18
2006-10-12,3074.70166015625,3166.4838423980514,3055.033970283331,3100.925172553778,13
2006-10-13,3114.03662109375,3146.8159539473686,2996.0309339010923,2996.0309339010923,20
2006-10-16,3081.257568359375,3127.14854960679,3009.1430739852517,3087.8133910662773,24
2006-10-17,3094.368896484375,3140.2600953253204,3028.810231539375,3081.2572524150055,13
2006-10-18,3140.260498046875,3140.260498046875,3048.478310893487,3114.036984246035,11
2006-10-19,3120.592529296875,3120.592529296875,3048.4780394892055,3100.9250624215565,5
2006-10-20,3127.1484375,3140.260304742849,3028.81043352454,3028.81043352454,14
2006-10-23,3133.70458984375,3186.1513937182513,3094.3692090640016,3140.260412540675,22
2006-10-24,3107.481201171875,3159.928007146201,3100.9253782124724,3159.928007146201,12
2006-10-25,3028.810302734375,3192.7069689494188,3015.6986583568037,3114.03665808583,22
2006-10-26,3022.254638671875,3100.925175950637,3015.6988161400845,3015.6988161400845,18
2006-10-27,3028.810302734375,3140.260169140053,3015.6986583568037,3087.813147031607,11
2006-10-30,3041.92236328125,3100.9252113388984,2963.251825104687,2996.031160436815,50
2006-10-31,2969.807861328125,3074.701689624456,2969.807861328125,3074.701689624456,10
2006-11-01,3022.254638671875,3048.4781510981293,3002.587171076504,3009.142993608294,3
2006-11-02,2996.03076171875,3061.5894236583204,2950.1397872806765,2950.1397872806765,11
2006-11-03,3035.366455078125,3048.478099921593,2950.140096698316,2950.140096698316,36
2006-11-06,3041.92236328125,3048.478185887857,2950.1401798914744,3022.2546731623356,35
2006-11-07,2996.03076171875,3061.5894236583204,2976.363296516318,3055.0336019241763,46
2006-11-08,2996.03076171875,3002.586805751959,2950.1397872806765,2950.1397872806765,11
2006-11-09,3028.810302734375,3061.5896359773838,2976.3635029250095,3041.922169411027,5
2006-11-10,2989.475341796875,3055.034012548118,2950.140183805948,2982.9195191815697,11
2006-11-13,3055.033935546875,3061.5897579969424,2950.140109448523,3061.5897579969424,19
2006-11-14,3015.698974609375,3055.0341341661983,2950.1403012483015,3055.0341341661983,17
2006-11-15,2982.919677734375,3146.8163633241757,2956.6961635801854,3146.8163633241757,51
2006-11-16,2976.363525390625,3022.2545033575902,2937.0283696619285,3015.6986811193215,33
2006-11-17,2851.80224609375,2989.475413514318,2799.3552193149144,2950.1402545797414,67
2006-11-20,2891.137451171875,3015.698975035329,2845.2464687322836,2845.2464687322836,51
2006-11-21,2864.913818359375,2923.9166664015993,2819.0228378260313,2819.0228378260313,26
2006-11-22,2969.807861328125,2982.919506503006,2851.8021655578186,2897.6931459689968,38
2006-11-24,2976.363525390625,2976.363525390625,2858.3578359054536,2976.363525390625,9
2006-11-27,2923.214111328125,3082.6621988194647,2856.7774269797587,3082.6621988194647,66
2006-11-28,2896.639404296875,2943.145218695374,2863.421061987791,2889.9957808903187,10
2006-11-29,2843.490234375,2876.7085771818283,2790.3407957735535,2876.7085771818283,99
2006-11-30,2963.076171875,2976.3636443364358,2909.926957858179,2909.926957858179,58
2006-12-01,2903.283203125,2956.4326441414396,2843.490363576899,2936.501547441196,11
2006-12-04,2836.846435546875,2943.145314621595,2783.6972212858236,2923.2142184760078,53
2006-12-05,2883.35205078125,2883.35205078125,2796.984273863272,2816.9153686216646,37
2006-12-06,2816.915771484375,2909.927184865129,2816.915771484375,2883.352463145439,35
2006-12-07,2843.490234375,2909.926919988656,2763.76607647283,2763.76607647283,35
2006-12-08,2790.3408203125,2889.995849609375,2750.4788536490114,2863.421130074947,12
2006-12-11,2810.27197265625,2863.4211875149686,2757.1225325212204,2803.628123682138,22
2006-12-12,2777.0537109375,2870.0648960073013,2777.0537109375,2830.202927366484,20
2006-12-13,2850.1337890625,2850.1337890625,2803.6279750900753,2823.559070403443,25
2006-12-14,2777.0537109375,2883.3523690717857,2770.409861767099,2883.3523690717857,21
2006-12-15,2803.6279296875,2803.6279296875,2777.0534367350956,2790.340683211298,39
2006-12-18,2757.12255859375,2836.846494273887,2757.12255859375,2823.5592467526353,54
2006-12-19,2763.765869140625,2823.55892676262,2757.1222461329116,2757.1222461329116,24
2006-12-20,2783.697021484375,2823.5589856381253,2757.1223036231104,2770.4095499155965,31
2006-12-21,2743.835205078125,2856.777480474744,2717.2604857858896,2783.6971713783255,49
2006-12-22,2690.685791015625,2757.1224772135415,2684.0421674510944,2703.9730381446857,66
2006-12-26,2710.616943359375,2723.904190764776,2697.3294706776624,2717.2605670620756,43
2006-12-27,2730.547607421875,2757.122325493943,2710.6167378250448,2737.1912306208187,59
2006-12-28,2730.547607421875,2757.122325493943,2703.9728893498072,2757.122325493943,42
2006-12-29,2796.984375,2823.5590938800133,2697.329348157176,2703.9729715581043,61
2007-01-03,2710.616943359375,2883.3522860111475,2710.616943359375,2863.4211896267343,57
2007-01-04,2863.4208984375,2863.4208984375,2730.547536790504,2737.191159817596,23
2007-01-05,2836.846435546875,2863.421155315555,2823.5591883006896,2830.202811923782,33
2007-01-08,2896.639404296875,2909.9268763862897,2823.5590962721503,2823.5590962721503,35
2007-01-09,2976.36328125,2983.006904032109,2889.995509253744,2889.995509253744,28
2007-01-10,2956.432373046875,2983.0070911182856,2916.5704085779066,2976.3634679195065,15
2007-01-11,3115.880615234375,3115.880615234375,2923.214180978273,2983.0072433717264,79
2007-01-12,3095.949462890625,3155.7425241937676,3036.156401587483,3036.156401587483,26
2007-01-16,3049.444091796875,3155.7427498960033,3049.444091796875,3155.7427498960033,36
2007-01-17,3029.512939453125,3135.8115956086826,3022.869315682711,3049.4440360406793,28
2007-01-18,3009.581787109375,3089.305715462404,3009.581787109375,3022.869033409449,22
2007-01-19,3022.869384765625,3022.869384765625,2889.9960052154875,3009.582136921139,7
2007-01-22,3089.30615234375,3109.2372498887557,3009.5822127163765,3009.5822127163765,17
2007-01-23,3029.512939453125,3089.306003939474,2989.6509715543298,3089.306003939474,13
2007-01-24,2943.14501953125,3036.156191481531,2943.14501953125,2989.6506055063905,18
2007-01-25,2836.846435546875,2943.145314621595,2830.202811923782,2903.2831223304206,29
2007-01-26,2883.35205078125,2936.5012613431422,2830.2026149430644,2856.777332862157,20
2007-01-29,2889.995849609375,3002.9381260353107,2856.7775065104165,2856.7775065104165,37
2007-01-30,2916.570556640625,3056.087552002887,2889.9958372201213,2916.570556640625,34
2007-01-31,2983.007080078125,2989.650703252316,2863.420961837515,2956.432362105068,27
2007-02-01,3155.74267578125,3155.74267578125,2963.0762357835533,2989.650956003289,20
2007-02-02,3109.237060546875,3175.6737479493613,3002.9381804818486,3175.6737479493613,38
2007-02-05,3069.374755859375,3135.8114408370784,3029.5127899280137,3135.8114408370784,23
2007-02-06,3076.0185546875,3115.8805199723306,3049.44383607218,3049.44383607218,13
2007-02-07,3076.0185546875,3122.524143307086,3029.512740791615,3042.8002127374248,16
2007-02-08,3082.662353515625,3089.3059772285965,3056.0876333874285,3056.0876333874285,15
2007-02-09,3056.087646484375,3102.593237950786,3056.087646484375,3062.7312702258178,29
2007-02-12,3076.0185546875,3102.593048026521,3049.44383607218,3082.6621780222554,12
2007-02-13,3082.662353515625,3109.2370736438215,3076.018729802654,3109.2370736438215,21
2007-02-14,3089.30615234375,3115.880873978316,3062.7314307091838,3109.2372498887557,24
2007-02-15,3069.374755859375,3115.880570509549,2989.650823996652,3115.880570509549,27
2007-02-16,3002.938232421875,3135.8116095250784,2989.6509848220808,3042.800425773888,25
2007-02-20,3036.15625,3076.018439062746,2996.2942862135446,3076.018439062746,15
2007-02-21,3076.0185546875,3089.3058013570108,3022.86911745686,3022.86911745686,28
2007-02-22,2989.651123046875,3076.0189122676484,2936.501679637734,3069.3750628842618,34
2007-02-23,2943.14501953125,3049.4436626717757,2943.14501953125,2963.0758884021875,19
2007-02-26,2989.651123046875,3049.444190563078,2943.1455290211206,3029.5130929655684,28
2007-02-27,3022.869384765625,3049.4441057309164,2943.14544714607,3022.869384765625,15
2007-02-28,2989.651123046875,3049.444190563078,2976.3638748327526,2976.3638748327526,10
2007-03-01,2936.501708984375,3002.93840127159,2929.858084810919,2956.43280678107,13
2007-03-02,2923.214111328125,2996.294419056068,2916.5704879485484,2956.4324535023084,18
2007-03-05,2876.0654296875,2950.1562932700576,2876.0654296875,2909.743011901128,15
2007-03-06,2903.00732421875,2929.9494336546345,2876.0652147828655,2923.2139633933393,10
2007-03-07,2869.329833984375,2903.0074147315877,2862.5943635130748,2896.2719442602875,15
2007-03-08,2882.801025390625,2909.7429074821134,2869.329855954167,2909.7429074821134,13
2007-03-09,2869.329833984375,2903.0074147315877,2855.8588930417745,2896.2719442602875,10
2007-03-12,2869.329833984375,2896.2719442602875,2761.5616212714367,2855.8588930417745,59
2007-03-13,2916.47900390625,2916.47900390625,2795.239604406998,2889.536889751889,64
2007-03-14,2855.859375,2997.3051923307153,2801.9751453546082,2929.9500194693505,47
2007-03-15,2903.00732421875,2963.627013351814,2889.5363836961596,2963.627013351814,28
2007-03-16,2936.68505859375,2936.68505859375,2903.007477122742,2929.9495879776914,13
2007-03-19,2849.12353515625,2943.420582262112,2815.4459530782365,2916.4786993122775,20
2007-03-20,2835.65234375,2855.8589841995995,2808.7102326141066,2855.8589841995995,13
2007-03-21,2855.859375,2903.007904646655,2842.388203393277,2849.1239033920133,7
2007-03-22,2835.65234375,2849.123513513306,2801.974761927813,2835.65234375,14
2007-03-23,2849.12353515625,2849.12353515625,2822.181423815695,2835.652365290612,17
2007-03-26,2808.710205078125,2855.858956201382,2801.9747344578645,2855.858956201382,32
2007-03-27,2788.50390625,2828.9169600004325,2775.0327360727056,2795.2393771432844,19
2007-03-28,2795.239501953125,2801.9749731471543,2775.032859980302,2781.768559565067,17
2007-03-29,2754.826416015625,2788.504000005081,2748.0909448958805,2775.0328293748585,38
2007-03-30,2775.03271484375,2795.239355759749,2754.8263023184754,2768.2972440019917,17
2007-04-02,2761.561767578125,2808.7102917658526,2754.826296749982,2768.2972384062687,14
2007-04-03,2781.768310546875,2788.503781137959,2761.561670382909,2761.561670382909,10
2007-04-04,2775.03271484375,2795.239355759749,2754.8263023184754,2761.5617731602338,23
2007-04-05,2808.710205078125,2828.9168453296234,2795.239263837604,2795.239263837604,34
2007-04-09,2775.03271484375,2808.710297443265,2741.355132244235,2788.5038849179905,17
2007-04-10,2768.297119140625,2768.297119140625,2721.1485969841824,2761.561648602664,23
2007-04-11,2741.355224609375,2788.5039788717245,2721.148811403281,2788.5039788717245,15
2007-04-12,2727.88427734375,2741.3552194558215,2721.1488062877143,2741.3552194558215,9
2007-04-13,2734.619384765625,2828.9166521832053,2727.8839146052337,2781.7681326697657,28
2007-04-16,2768.297119140625,2788.503759145223,2721.1485969841824,2721.1485969841824,8
2007-04-17,2748.0908203125,2795.239344403989,2721.1487086641964,2748.0908203125,16
2007-04-18,2734.619384765625,2775.032434118674,2721.1484444448424,2727.8839146052337,16
2007-04-19,2727.88427734375,2788.5039736295353,2727.88427734375,2788.5039736295353,16
2007-04-20,2775.03271484375,2775.03271484375,2734.6196614024766,2754.8263023184754,7
2007-04-23,2761.561767578125,2761.561767578125,2714.413243390398,2748.090825921838,103
2007-04-24,2842.3876953125,2896.271915326012,2714.4130724641504,2781.7682332856857,54
2007-04-25,2943.420654296875,2970.3627662967883,2801.9748517857374,2801.9748517857374,112
2007-04-26,2882.801025390625,2936.6850179643156,2808.7101644668915,2903.0074369592417,15
2007-04-27,2869.329833984375,2896.2719442602875,2808.71014296125,2882.801003317687,14
2007-04-30,2842.3876953125,2923.2140253327675,2828.9167545044766,2909.742856134035,9
2007-05-01,2882.801025390625,2882.801025390625,2862.594385431295,2869.329855954167,4
2007-05-02,2815.446044921875,2909.7430951038336,2815.446044921875,2862.594570012854,5
2007-05-03,2903.00732421875,3098.3373321405334,2903.00732421875,2929.9494336546345,63
2007-05-04,2990.5693359375,3064.6599708738895,2896.272060386313,2956.891753839985,33
2007-05-07,2923.214111328125,3078.130848740584,2923.214111328125,3030.9823261347738,31
2007-05-08,3024.246826171875,3051.18893670965,2909.7429134840095,2909.7429134840095,22
2007-05-09,3017.51123046875,3037.717641240884,2997.3045913059113,3037.717641240884,39
2007-05-10,3010.77587890625,3064.660103958516,2963.627353278565,3057.9246329246653,33
2007-05-11,2916.47900390625,3024.247232132949,2909.7433040746014,3004.0405894194923,17
2007-05-14,3037.7177734375,3064.659884030194,2963.627140600627,2963.627140600627,27
2007-05-15,2936.68505859375,3091.602024716673,2916.4786467455747,3091.602024716673,22
2007-05-16,2970.36279296875,3091.6021838616493,2936.6852097641367,3017.5115464896453,14
2007-05-17,2963.627197265625,3084.866583055506,2956.8917265863465,2970.362667944903,15
2007-05-18,2983.833740234375,2997.3046811529352,2936.684990237992,2943.420460697272,9
2007-05-21,2990.5693359375,3037.7178595177334,2916.4787010011105,3037.7178595177334,11
2007-05-22,2977.098388671875,2977.098388671875,2882.801334460496,2936.6853328111783,10
2007-05-23,2929.94970703125,2977.0982316501754,2896.2721241918107,2977.0982316501754,5
2007-05-24,3044.453369140625,3064.660010013487,2956.891791603245,2956.891791603245,11
2007-05-25,3024.246826171875,3044.453237782171,3004.0401861708656,3010.775656707631,9
2007-05-29,2977.098388671875,3037.7180866582885,2963.627446181889,3030.982615413295,12
2007-05-30,3037.7177734375,3044.453243987995,2923.2140889069433,3044.453243987995,10
2007-05-31,2977.098388671875,3064.6602000289986,2977.098388671875,3064.6602000289986,13
2007-06-01,2977.098388671875,3037.7180866582885,2950.1565036919023,2990.569559552599,19
2007-06-04,3037.7177734375,3051.188942929204,2963.627140600627,2970.362611151122,8
2007-06-05,3030.982666015625,3051.1893084786925,3010.7760235525575,3010.7760235525575,4
2007-06-06,3037.7177734375,3057.924413479699,3017.511361786015,3057.924413479699,12
2007-06-07,2997.3046875,3071.395319490397,2977.0980476886593,3071.395319490397,30
2007-06-08,3030.982666015625,3098.337836371528,2929.949910481771,2956.8920243022803,29
2007-06-11,2935.41064453125,3106.07405409702,2921.7576643568136,3099.2475640098023,38
2007-06-12,2914.93115234375,3017.3292054444964,2914.93115234375,2914.93115234375,18
2007-06-13,2962.717041015625,2976.370022133181,2901.278163032463,2914.931144150019,8
2007-06-14,2908.104736328125,2990.0233197953216,2908.104736328125,2914.9312270811197,28
2007-06-15,2942.2373046875,2976.3699885736128,2908.1046208013872,2908.1046208013872,17
2007-06-18,2894.45166015625,2935.410834811695,2880.7984476197157,2908.104641215705,32
2007-06-19,2887.625244140625,2928.5844198530067,2873.9720312517748,2887.625244140625,18
2007-06-20,2914.93115234375,2921.7578743987974,2901.278171187816,2921.7578743987974,7
2007-06-21,2894.45166015625,2928.5843442819673,2894.45166015625,2901.278150685978,31
2007-06-22,2990.023193359375,2996.849683823705,2867.145439093125,2867.145439093125,14
2007-06-25,2928.58447265625,3003.676334729059,2901.2782778632954,3003.676334729059,12
2007-06-26,2901.2783203125,2935.4110064338233,2901.2783203125,2935.4110064338233,9
2007-06-27,2901.2783203125,2935.4110064338233,2873.9721251200226,2873.9721251200226,15
2007-06-28,2819.35986328125,2921.75791790681,2785.227178406063,2901.2782143908644,37
2007-06-29,2846.666015625,2901.2784076540333,2805.7068373417746,2867.1457205051624,9
2007-07-02,2785.227294921875,2846.665945085738,2751.0946086187987,2833.0129631553446,18
2007-07-03,2812.532958984375,2846.665641649123,2751.0943153694843,2751.0943153694843,15
2007-07-05,2798.880126953125,2826.1863208285718,2764.7474424780867,2785.2271457539423,5
2007-07-06,2812.532958984375,2819.3596806989794,2778.400276319627,2785.226998034232,24
2007-07-09,2812.532958984375,2819.3596806989794,2785.226998034232,2785.226998034232,12
2007-07-10,2757.921142578125,2853.492712012054,2757.921142578125,2771.574124721359,19
2007-07-11,2792.0537109375,2819.3599055423756,2771.5740071145715,2771.5740071145715,6
2007-07-12,2819.35986328125,2887.6252330316233,2778.4004562493587,2798.8801597653046,18
2007-07-13,2792.0537109375,2826.1863963243227,2771.5740071145715,2792.0537109375,12
2007-07-16,2805.70654296875,2812.5330333868733,2771.5738594010595,2771.5738594010595,11
2007-07-17,2778.400390625,2819.3597966894513,2778.400390625,2819.3597966894513,16
2007-07-18,2792.0537109375,2798.880201719447,2771.5740071145715,2798.880201719447,13
2007-07-19,2819.35986328125,2819.35986328125,2798.8801597653046,2798.8801597653046,14
2007-07-20,2757.921142578125,2935.411067825652,2751.094651506508,2805.706811556541,36
2007-07-23,2792.0537109375,2826.1863963243227,2764.7475163326244,2764.7475163326244,9
2007-07-24,2744.267822265625,2805.7067024757393,2744.267822265625,2805.7067024757393,12
2007-07-25,2757.921142578125,2792.053829413307,2744.267928957794,2771.574124721359,8
2007-07-26,2744.267822265625,2792.0537208633086,2744.267822265625,2744.267822265625,21
2007-07-27,2757.921142578125,2798.880320484924,2737.441437886177,2737.441437886177,9
2007-07-30,2764.747314453125,2812.532977914573,2737.4411218421246,2737.4411218421246,9
2007-07-31,2757.921142578125,2798.880320484924,2751.094651506508,2798.880320484924,2
2007-08-01,2757.921142578125,2785.22733834169,2757.921142578125,2757.921142578125,2
2007-08-02,2696.48193359375,2744.2675967881282,2696.48193359375,2744.2675967881282,19
2007-08-03,2723.788330078125,2737.4413115914645,2696.4821355743597,2730.6148208347945,6
2007-08-06,2703.30859375,2764.7474727737217,2662.3494182265467,2730.6147879246632,60
2007-08-07,2669.17578125,2710.1349548146172,2662.349290902076,2669.17578125,30
2007-08-08,2655.52294921875,2669.1759306789354,2655.52294921875,2662.3494399488427,11
2007-08-09,2648.696533203125,2662.349515048434,2635.043319880724,2655.5230241257796,9
2007-08-10,2600.910400390625,2662.349276135316,2512.1655634056906,2600.910400390625,21
2007-08-13,2512.165771484375,2655.5230057779904,2512.165771484375,2628.216810798947,10
2007-08-14,2478.032958984375,2512.165643094479,2478.032958984375,2512.165643094479,4
2007-08-15,2396.114501953125,2478.0330869333466,2396.114501953125,2478.0330869333466,20
2007-08-16,2389.287841796875,2457.553208705357,2389.287841796875,2402.940822587742,18
2007-08-17,2457.55322265625,2525.818589952257,2389.287855360243,2457.55322265625,9
2007-08-20,2457.55322265625,2518.9920995180714,2450.7267322220646,2518.9920995180714,16
2007-08-21,2211.798095703125,2478.0330923902116,2211.798095703125,2478.0330923902116,18
2007-08-22,2437.073486328125,2457.553188825836,2252.7570897570163,2252.7570897570163,27
2007-08-23,2648.696533203125,2648.696533203125,2450.726907583592,2457.5533985062466,17
2007-08-24,2532.645263671875,2710.135185190876,2389.2880282710316,2566.7779497900324,29
2007-08-27,2648.696533203125,2676.002496893743,2566.777947699995,2594.084142867705,33
2007-08-28,2655.52294921875,2682.8291436162067,2580.431088233559,2682.8291436162067,26
2007-08-29,2607.737060546875,2696.482134788993,2553.124903032337,2696.482134788993,14
2007-08-30,2546.29833984375,2580.4310241232797,2546.29833984375,2580.4310241232797,7
2007-08-31,2601.803466796875,2705.87560546875,2567.11275390625,2567.11275390625,8
2007-09-04,2483.855224609375,2601.8035584896547,2442.226179464371,2525.484034492917,23
2007-09-05,2469.978759765625,2497.7313776810392,2428.3499505232326,2449.164472775158,12
2007-09-06,2490.793212890625,2594.865350739023,2407.5353614550354,2469.9786912163645,12
2007-09-07,2504.66943359375,2511.6075291471266,2483.8551469336194,2511.6075291471266,5
2007-09-10,2490.793212890625,2601.8034462099595,2435.287978600232,2601.8034462099595,17
2007-09-11,2497.7314453125,2587.9273971644816,2456.102634942918,2463.040730794271,6
2007-09-12,2442.22607421875,2601.8034463671847,2428.3498832760392,2497.7313085124974,8
2007-09-13,2428.349853515625,2532.421990094866,2428.349853515625,2511.607468674438,11
2007-09-14,2497.7314453125,2580.989066051664,2476.9169224969764,2580.989066051664,5
2007-09-17,2421.411865234375,2497.7313883826646,2407.535438586485,2449.164483268696,14
2007-09-18,2393.6591796875,2463.0406051856885,2372.8446579334627,2435.2879879341226,18
2007-09-19,2428.349853515625,2511.607468674438,2372.844619902117,2393.6591413225447,16
2007-09-20,2386.720947265625,2490.793079542369,2372.8445218051957,2372.8445218051957,15
2007-09-21,2400.59716796875,2421.4116887931627,2338.153840756955,2379.7828824057797,25
2007-09-24,2407.535400390625,2407.535400390625,2345.0923048808936,2407.535400390625,14
2007-09-25,2345.09228515625,2414.4737109270095,2282.6489549102757,2358.9684762058205,20
2007-09-26,2338.154052734375,2372.844767079167,2282.6490509395862,2282.6490509395862,22
2007-09-27,2310.401611328125,2379.783038271775,2289.587089140447,2289.587089140447,27
2007-09-28,2338.154052734375,2386.7211939739614,2289.587146756252,2352.03047962917,15
2007-10-01,2331.2158203125,2358.968437214371,2296.525108000524,2358.968437214371,15
2007-10-02,2331.2158203125,2352.0303418042654,2282.6489171803137,2310.4015340821843,18
2007-10-03,2352.0302734375,2358.968368645935,2282.6488508302664,2296.525041247136,27
2007-10-04,2345.09228515625,2345.09228515625,2289.587050435061,2338.1539543700114,14
2007-10-05,2324.27783203125,2352.0304502122735,2303.4633095801173,2303.4633095801173,22
2007-10-08,2289.587158203125,2352.0304913882305,2289.587158203125,2289.587158203125,16
2007-10-09,2275.7109375,2352.030461415237,2275.7109375,2317.3397473390874,21
2007-10-10,2296.525146484375,2338.153954904048,2199.391103330836,2261.834433591072,61
2007-10-11,2268.7724609375,2303.463172788296,2192.452941918037,2289.586982152556,13
2007-10-12,2213.267333984375,2289.5868485504366,2213.267333984375,2241.019948897879,20
2007-10-15,2254.896240234375,2268.772430685086,2164.700296520423,2234.081719296865,8
2007-10-16,2241.02001953125,2268.772400058032,2171.638597691415,2213.267403743028,11
2007-10-17,2227.1435546875,2261.8342649949736,2150.824039063346,2227.1435546875,7
2007-10-18,2199.390869140625,2261.8341927519227,2164.700159941174,2254.896097964318,10
2007-10-19,2157.762451171875,2220.205785954129,2150.8243551430623,2178.576974519783,6
2007-10-22,2130.009765625,2220.205716981978,2116.133573998448,2150.8242883262915,22
2007-10-23,2150.82421875,2150.82421875,2116.1335055443546,2143.8861231611622,5
2007-10-24,2150.82421875,2171.6387407779694,2130.0096967220306,2171.6387407779694,7
2007-10-25,2150.82421875,2150.82421875,2123.071601133193,2123.071601133193,2
2007-10-26,2150.82421875,2157.7623143388378,2123.071601133193,2123.071601133193,14
2007-10-29,2213.267333984375,2213.267333984375,2123.0713943308456,2123.0713943308456,26
2007-10-30,2206.329345703125,2247.9581524545824,2178.576729448339,2178.576729448339,10
2007-10-31,2227.1435546875,2254.896169985766,2199.390939389234,2254.896169985766,6
2007-11-01,2206.329345703125,2254.896247702918,2150.8241131935524,2254.896247702918,7
2007-11-02,2234.081787109375,2317.3396381251505,2060.6282249033225,2081.442746472629,39
2007-11-05,2095.31884765625,2261.8343072988027,2081.4426573783044,2102.2571780566636,34
2007-11-06,2116.133544921875,2157.762354490997,2074.504735352753,2081.4428310706967,25
2007-11-07,2310.401611328125,2324.277802612272,2130.0097130654694,2136.948043969,25
2007-11-08,2192.452880859375,2324.27762927344,2060.62813244531,2324.27762927344,17
2007-11-09,2324.27783203125,2358.9685459421644,2261.8344999393125,2358.9685459421644,32
2007-11-12,2310.401611328125,2358.968516084097,2192.4530443670455,2324.277802612272,19
2007-11-13,2213.267333984375,2352.0301732904622,2199.3909088969067,2352.0301732904622,18
2007-11-14,2289.587158203125,2331.215968572707,2053.690252426874,2102.257393909273,124
2007-11-15,2199.390869140625,2358.9682255626713,2164.700159941174,2310.4013267880114,20
2007-11-16,2352.0302734375,2352.0302734375,2123.071484729053,2199.391002544721,16
2007-11-19,2185.514892578125,2345.0922645534893,2130.009658344576,2261.834413203166,18
2007-11-20,2185.514892578125,2324.2777429005455,2109.195371953084,2199.3910835057864,14
2007-11-21,2220.20556640625,2234.08175709171,2185.5148544311523,2185.5148544311523,4
2007-11-23,2220.20556640625,2220.20556640625,2220.20556640625,2220.20556640625,0
2007-11-26,2150.82421875,2247.9582627780974,2150.82421875,2247.9582627780974,33
2007-11-27,2303.46337890625,2303.46337890625,2150.824327208914,2150.824327208914,6
2007-11-28,2345.8583984375,2402.3852049794723,2162.1466365632386,2162.1466365632386,26
2007-11-29,2352.92431640625,2402.3850900711464,2176.2783539010184,2381.1874787339507,6
2007-11-30,2416.5166015625,2430.6484219103254,2359.99003894544,2423.5826315321196,12
2007-12-03,2352.92431640625,2529.570278911481,2225.739127565915,2473.043475073239,23
2007-12-04,2331.726806640625,2395.319403830928,2197.4758213703026,2268.1342094503216,6
2007-12-05,2359.989990234375,2409.4507614523404,2176.278246235835,2289.331608727905,41
2007-12-06,2303.46337890625,2374.121766232156,2218.6734099517344,2296.397588091945,22
2007-12-07,2331.726806640625,2338.7925975303406,2204.5416122600186,2317.5952248611934,15
2007-12-10,2268.134033203125,2345.8582061332395,2204.541440954336,2296.3974341571884,26
2007-12-11,2197.475830078125,2367.056010060443,2176.27845732498,2310.52920353586,14
2007-12-12,2183.34423828125,2254.002626318886,2084.422447110273,2211.6076414145905,44
2007-12-13,2254.00244140625,2324.660823647252,2162.1464486563827,2162.1464486563827,24
2007-12-14,2282.265869140625,2296.3974499189453,2084.422300695658,2296.3974499189453,40
2007-12-17,2352.92431640625,2352.92431640625,2176.2783539010184,2211.6075464020646,37
2007-12-18,2282.265869140625,2367.055832993374,2204.541456085622,2282.265869140625,24
2007-12-19,2310.529052734375,2395.319256987241,2218.673297616374,2395.319256987241,23
2007-12-20,2402.385009765625,2402.385009765625,2204.5414425365966,2232.8048435109454,28
2007-12-21,2402.385009765625,2536.635984700222,2338.792417471194,2359.990028099808,33
2007-12-24,2359.989990234375,2367.05578046674,2331.7265897135053,2352.9242000020095,9
2007-12-26,2338.79248046875,2430.648476211757,2197.47571138192,2303.4632881970424,38
2007-12-27,2296.3974609375,2296.3974609375,2225.7390775240387,2289.331670514437,21
2007-12-28,2204.54150390625,2268.134097970961,2155.0807305178187,2261.0683074285307,77
2007-12-31,2338.79248046875,2359.9900916683423,2162.146519110213,2162.146519110213,48
2008-01-02,2310.529052734375,2395.319256987241,2261.0682799470987,2345.8582446085484,13
2008-01-03,2345.8583984375,2352.9244289488206,2261.0684282159737,2261.0684282159737,15
2008-01-04,2261.068359375,2324.660954900707,2211.607584850242,2211.607584850242,4
2008-01-07,2296.3974609375,2345.858233490357,2183.3440953942445,2218.6732871009754,18
2008-01-08,2289.331787109375,2317.595189832489,2232.8049816631474,2232.8049816631474,11
2008-01-09,2261.068359375,2296.3975524902344,2218.673375555004,2261.068359375,29
2008-01-10,2296.3974609375,2345.858233490357,2204.541466663434,2211.6074966779124,10
2008-01-11,2232.804931640625,2324.6609285349973,2232.804931640625,2296.397526445081,8
2008-01-14,2296.3974609375,2331.726652644231,2183.3440953942445,2261.068269230769,34
2008-01-15,2324.660888671875,2352.9242902771325,2218.6733123457234,2296.3974870666175,24
2008-01-16,2331.726806640625,2352.924418901203,2225.7392245205965,2268.1342094503216,19
2008-01-17,2225.739013671875,2296.3973950582836,2162.1464225058253,2261.0682043650795,16
2008-01-18,2254.00244140625,2296.397422832569,2155.0806583505646,2225.739040591567,10
2008-01-22,2324.660888671875,2331.726679175335,2254.0025044544404,2254.0025044544404,18
2008-01-23,2261.068359375,2338.792536310231,2254.0025686702384,2338.792536310231,23
2008-01-24,2261.068359375,2331.7267456054688,2126.8173776188246,2197.4757638492933,31
2008-01-25,2345.8583984375,2345.8583984375,2261.0684282159737,2268.134219135862,27
2008-01-28,2317.59521484375,2367.0559904494044,2225.739214900186,2225.739214900186,6
2008-01-29,2282.265869140625,2374.1216233825344,2211.607486066196,2374.1216233825344,12
2008-01-30,2261.068359375,2367.055938720703,2126.8173776188246,2140.949198619773,10
2008-01-31,2303.46337890625,2359.9901846035464,2155.080813440133,2261.068394428992,35
2008-02-01,2261.068359375,2324.660954900707,2232.8049569645277,2232.8049569645277,14
2008-02-04,2331.726806640625,2367.0560006806345,2204.5416122600186,2303.463403490331,32
2008-02-05,2331.726806640625,2359.990209790919,2204.5416122600186,2275.2000003400376,8
2008-02-06,2268.134033203125,2508.372581925544,2225.739051567736,2317.5950447705886,19
2008-02-07,2282.265869140625,2437.7142160678036,2239.8706476228363,2261.0682583817306,9
2008-02-08,2296.3974609375,2296.3974609375,2261.068269230769,2289.331670514437,11
2008-02-11,2388.25341796875,2388.25341796875,2190.409851659697,2261.0682339713,22
2008-02-12,2289.331787109375,2388.2535768445596,2282.265996326453,2317.595189832489,7
2008-02-13,2246.936767578125,2282.265960530036,2176.278381674302,2211.6075746262136,29
2008-02-14,2388.25341796875,2388.25341796875,2204.5414322854526,2211.6074621897424,12
2008-02-15,2331.726806640625,2381.1875824600656,2268.1342094503216,2381.1875824600656,7
2008-02-19,2317.59521484375,2317.59521484375,2211.6076331818363,2275.1999905058406,8
2008-02-20,2246.936767578125,2317.5951534819474,2232.8049466425064,2317.5951534819474,13
2008-02-21,2232.804931640625,2317.5951379103735,2190.409948301462,2317.5951379103735,10
2008-02-22,2317.59521484375,2331.7267965621,2211.6076331818363,2218.6734240410115,16
2008-02-25,2282.265869140625,2381.1874137716945,2275.199839160051,2289.331659529785,9
2008-02-26,2275.199951171875,2331.726756250891,2197.475773881797,2268.1341604348545,12
2008-02-27,2304.0,2368.800048828125,2246.39990234375,2296.800048828125,12
2008-02-28,2340.0,2397.60009765625,2304.0,2304.0,3
2008-02-29,2361.60009765625,2361.60009765625,2325.60009765625,2325.60009765625,3
2008-03-03,2325.60009765625,2354.39990234375,2304.0,2304.0,6
2008-03-04,2311.199951171875,2318.39990234375,2311.199951171875,2318.39990234375,3
2008-03-05,2340.0,2354.39990234375,2332.800048828125,2354.39990234375,2
2008-03-06,2340.0,2340.0,2304.0,2311.199951171875,3
2008-03-07,2217.60009765625,2304.0,2217.60009765625,2275.199951171875,8
2008-03-10,2260.800048828125,2318.39990234375,2260.800048828125,2318.39990234375,4
2008-03-11,2296.800048828125,2304.0,2232.0,2296.800048828125,7
2008-03-12,2181.60009765625,2282.39990234375,2174.39990234375,2282.39990234375,43
2008-03-13,2275.199951171875,2275.199951171875,2138.39990234375,2138.39990234375,3
2008-03-14,2224.800048828125,2304.0,2224.800048828125,2275.199951171875,11
2008-03-17,2152.800048828125,2304.0,2138.39990234375,2289.60009765625,6
2008-03-18,2246.39990234375,2246.39990234375,2138.39990234375,2160.0,3
2008-03-19,2095.199951171875,2253.60009765625,2030.4000244140625,2239.199951171875,23
2008-03-20,2152.800048828125,2152.800048828125,2088.0,2088.0,5
2008-03-24,2160.0,2196.0,2088.0,2088.0,10
2008-03-25,2188.800048828125,2210.39990234375,2152.800048828125,2210.39990234375,13
2008-03-26,2210.39990234375,2210.39990234375,2145.60009765625,2145.60009765625,2
2008-03-27,2210.39990234375,2239.199951171875,2124.0,2239.199951171875,6
2008-03-28,2246.39990234375,2260.800048828125,2224.800048828125,2260.800048828125,8
2008-03-31,2167.199951171875,2268.0,2167.199951171875,2268.0,6
2008-04-01,2174.39990234375,2253.60009765625,2174.39990234375,2224.800048828125,3
2008-04-02,2224.800048828125,2239.199951171875,2124.0,2239.199951171875,42
2008-04-03,2174.39990234375,2188.800048828125,2167.199951171875,2167.199951171875,4
2008-04-04,2318.39990234375,2325.60009765625,2203.199951171875,2210.39990234375,18
2008-04-07,2325.60009765625,2332.800048828125,2296.800048828125,2332.800048828125,7
2008-04-08,2268.0,2340.0,2239.199951171875,2340.0,8
2008-04-09,2210.39990234375,2253.60009765625,2174.39990234375,2253.60009765625,6
2008-04-10,2174.39990234375,2210.39990234375,2174.39990234375,2174.39990234375,5
2008-04-11,2167.199951171875,2210.39990234375,2160.0,2174.39990234375,2
2008-04-14,2246.39990234375,2282.39990234375,2196.0,2210.39990234375,3
2008-04-15,2174.39990234375,2232.0,2174.39990234375,2196.0,4
2008-04-16,2275.199951171875,2289.60009765625,2167.199951171875,2167.199951171875,7
2008-04-17,2203.199951171875,2239.199951171875,2174.39990234375,2210.39990234375,6
2008-04-18,2232.0,2246.39990234375,2196.0,2217.60009765625,10
2008-04-21,2239.199951171875,2246.39990234375,2203.199951171875,2203.199951171875,5
2008-04-22,2203.199951171875,2296.800048828125,2160.0,2232.0,24
2008-04-23,2217.60009765625,2289.60009765625,2217.60009765625,2289.60009765625,2
2008-04-24,2174.39990234375,2253.60009765625,2167.199951171875,2210.39990234375,6
2008-04-25,2246.39990234375,2268.0,2232.0,2232.0,7
2008-04-28,2354.39990234375,2354.39990234375,2253.60009765625,2296.800048828125,16
2008-04-29,2354.39990234375,2361.60009765625,2340.0,2340.0,7
2008-04-30,2361.60009765625,2376.0,2340.0,2368.800048828125,7
2008-05-01,2368.800048828125,2376.0,2347.199951171875,2368.800048828125,4
2008-05-02,2340.0,2376.0,2311.199951171875,2376.0,3
2008-05-05,2332.800048828125,2404.800048828125,2332.800048828125,2397.60009765625,9
2008-05-06,2354.39990234375,2412.0,2347.199951171875,2361.60009765625,9
2008-05-07,2304.0,2390.39990234375,2304.0,2304.0,10
2008-05-08,2239.199951171875,2289.60009765625,2232.0,2232.0,2
2008-05-09,2260.800048828125,2304.0,2203.199951171875,2304.0,9
2008-05-12,2325.60009765625,2397.60009765625,2246.39990234375,2246.39990234375,4
2008-05-13,2354.39990234375,2368.800048828125,2325.60009765625,2340.0,4
2008-05-14,2304.0,2412.0,2304.0,2376.0,9
2008-05-15,2354.39990234375,2390.39990234375,2340.0,2376.0,7
2008-05-16,2332.800048828125,2354.39990234375,2311.199951171875,2325.60009765625,10
2008-05-19,2311.199951171875,2332.800048828125,2311.199951171875,2311.199951171875,10
2008-05-20,2325.60009765625,2404.800048828125,2318.39990234375,2318.39990234375,4
2008-05-21,2347.199951171875,2390.39990234375,2332.800048828125,2368.800048828125,13
2008-05-22,2325.60009765625,2390.39990234375,2275.199951171875,2340.0,6
2008-05-23,2210.39990234375,2325.60009765625,2210.39990234375,2325.60009765625,10
2008-05-27,2318.39990234375,2376.0,2296.800048828125,2376.0,6
2008-05-28,2289.60009765625,2296.800048828125,2246.39990234375,2289.60009765625,7
2008-05-29,2304.0,2340.0,2275.199951171875,2318.39990234375,4
2008-05-30,2318.39990234375,2340.0,2318.39990234375,2340.0,3
2008-06-02,2340.0,2404.800048828125,2340.0,2340.0,19
2008-06-03,2311.199951171875,2397.60009765625,2311.199951171875,2332.800048828125,3
2008-06-04,2196.0,2304.0,2174.39990234375,2304.0,53
2008-06-05,2138.39990234375,2268.0,2138.39990234375,2174.39990234375,43
2008-06-06,2152.800048828125,2174.39990234375,2131.199951171875,2160.0,10
2008-06-09,2080.800048828125,2124.0,1994.4000244140625,2124.0,53
2008-06-10,2109.60009765625,2152.800048828125,2001.5999755859375,2059.199951171875,24
2008-06-11,2030.4000244140625,2203.199951171875,1936.800048828125,2066.39990234375,31
2008-06-12,1980.0,2008.800048828125,1951.199951171875,2008.800048828125,28
2008-06-13,1980.0,2124.0,1893.5999755859375,1929.5999755859375,9
2008-06-16,2016.0,2066.39990234375,1922.4000244140625,2001.5999755859375,20
2008-06-17,1987.199951171875,2044.800048828125,1951.199951171875,2044.800048828125,13
2008-06-18,1908.0,2066.39990234375,1850.4000244140625,2008.800048828125,33
2008-06-19,1814.4000244140625,1872.0,1720.800048828125,1857.5999755859375,11
2008-06-20,1807.199951171875,1857.5999755859375,1771.199951171875,1771.199951171875,4
2008-06-23,1792.800048828125,1800.0,1735.199951171875,1742.4000244140625,13
2008-06-24,1814.4000244140625,1864.800048828125,1742.4000244140625,1742.4000244140625,12
2008-06-25,1785.5999755859375,1908.0,1749.5999755859375,1756.800048828125,8
2008-06-26,1634.4000244140625,1800.0,1634.4000244140625,1800.0,42
2008-06-27,1821.5999755859375,1864.800048828125,1634.4000244140625,1634.4000244140625,25
2008-06-30,1872.0,2152.800048828125,1800.0,1872.0,19
2008-07-01,1728.0,1821.5999755859375,1720.800048828125,1821.5999755859375,7
2008-07-02,1764.0,1800.0,1692.0,1699.199951171875,6
2008-07-03,2138.39990234375,2138.39990234375,1742.4000244140625,1742.4000244140625,16
2008-07-07,1836.0,1980.0,1807.199951171875,1908.0,7
2008-07-08,1771.199951171875,1800.0,1720.800048828125,1800.0,6
2008-07-09,1864.800048828125,1864.800048828125,1807.199951171875,1843.199951171875,5
2008-07-10,1663.199951171875,1778.4000244140625,1663.199951171875,1778.4000244140625,7
2008-07-11,1728.0,1756.800048828125,1634.4000244140625,1656.0,28
2008-07-14,1699.199951171875,2044.800048828125,1699.199951171875,1857.5999755859375,34
2008-07-15,1778.4000244140625,1778.4000244140625,1634.4000244140625,1634.4000244140625,26
2008-07-16,1692.0,2001.5999755859375,1634.4000244140625,1850.4000244140625,28
2008-07-17,1648.800048828125,1814.4000244140625,1634.4000244140625,1663.199951171875,33
2008-07-18,1692.0,1713.5999755859375,1670.4000244140625,1670.4000244140625,1
2008-07-21,1749.5999755859375,1778.4000244140625,1670.4000244140625,1692.0,14
2008-07-22,1764.0,1814.4000244140625,1677.5999755859375,1684.800048828125,14
2008-07-23,1692.0,1742.4000244140625,1670.4000244140625,1728.0,12
2008-07-24,1713.5999755859375,1720.800048828125,1670.4000244140625,1670.4000244140625,16
2008-07-25,1713.5999755859375,1728.0,1684.800048828125,1728.0,6
2008-07-28,1720.800048828125,1728.0,1670.4000244140625,1699.199951171875,16
2008-07-29,1713.5999755859375,1713.5999755859375,1591.199951171875,1670.4000244140625,8
2008-07-30,1720.800048828125,1814.4000244140625,1692.0,1792.800048828125,8
2008-07-31,1692.0,1728.0,1670.4000244140625,1670.4000244140625,13
2008-08-01,1713.5999755859375,1720.800048828125,1562.4000244140625,1670.4000244140625,32
2008-08-04,1670.4000244140625,1778.4000244140625,1584.0,1749.5999755859375,31
2008-08-05,1706.4000244140625,1706.4000244140625,1634.4000244140625,1648.800048828125,8
2008-08-06,1706.4000244140625,1706.4000244140625,1706.4000244140625,1706.4000244140625,0
2008-08-07,1670.4000244140625,1764.0,1598.4000244140625,1598.4000244140625,10
2008-08-08,1684.800048828125,1792.800048828125,1620.0,1627.199951171875,11
2008-08-11,1706.4000244140625,1728.0,1670.4000244140625,1684.800048828125,19
2008-08-12,1728.0,1764.0,1670.4000244140625,1713.5999755859375,7
2008-08-13,1692.0,1692.0,1612.800048828125,1684.800048828125,31
2008-08-14,1785.5999755859375,1785.5999755859375,1692.0,1692.0,2
2008-08-15,1742.4000244140625,1800.0,1742.4000244140625,1785.5999755859375,7
2008-08-18,1692.0,1728.0,1692.0,1728.0,21
2008-08-19,1735.199951171875,1735.199951171875,1706.4000244140625,1706.4000244140625,1
2008-08-20,1656.0,1692.0,1656.0,1692.0,6
2008-08-21,1720.800048828125,1720.800048828125,1684.800048828125,1706.4000244140625,6
2008-08-22,1699.199951171875,1735.199951171875,1692.0,1735.199951171875,20
2008-08-25,1692.0,1699.199951171875,1677.5999755859375,1692.0,25
2008-08-26,1720.800048828125,1720.800048828125,1677.5999755859375,1720.800048828125,8
2008-08-27,1684.800048828125,1720.800048828125,1656.0,1720.800048828125,13
2008-08-28,1720.800048828125,1720.800048828125,1677.5999755859375,1699.199951171875,8
2008-08-29,1735.199951171875,1735.199951171875,1656.0,1663.199951171875,18
2008-09-02,1749.5999755859375,1749.5999755859375,1713.5999755859375,1742.4000244140625,8
2008-09-03,1728.0,1749.5999755859375,1713.5999755859375,1713.5999755859375,7
2008-09-04,1742.4000244140625,1771.199951171875,1677.5999755859375,1771.199951171875,3
2008-09-05,1713.5999755859375,1756.800048828125,1663.199951171875,1735.199951171875,20
2008-09-08,1656.0,1713.5999755859375,1656.0,1713.5999755859375,14
2008-09-09,1677.5999755859375,1677.5999755859375,1656.0,1656.0,8
2008-09-10,1656.0,1684.800048828125,1656.0,1656.0,8
2008-09-11,1663.199951171875,1663.199951171875,1605.5999755859375,1656.0,9
2008-09-12,1598.4000244140625,1663.199951171875,1598.4000244140625,1663.199951171875,6
2008-09-15,1620.0,1620.0,1562.4000244140625,1612.800048828125,11
2008-09-16,1670.4000244140625,1670.4000244140625,1432.800048828125,1533.5999755859375,30
2008-09-17,1497.5999755859375,1648.800048828125,1476.0,1605.5999755859375,21
2008-09-18,1447.199951171875,1627.199951171875,1447.199951171875,1461.5999755859375,21
2008-09-19,1382.4000244140625,1490.4000244140625,1375.199951171875,1447.199951171875,10
2008-09-22,1396.800048828125,1440.0,1368.0,1368.0,5
2008-09-23,1411.199951171875,1418.4000244140625,1389.5999755859375,1389.5999755859375,28
2008-09-24,1432.800048828125,1440.0,1389.5999755859375,1440.0,9
2008-09-25,1432.800048828125,1569.5999755859375,1396.800048828125,1461.5999755859375,7
2008-09-26,1404.0,1404.0,1382.4000244140625,1389.5999755859375,5
2008-09-29,1288.800048828125,1404.0,1288.800048828125,1375.199951171875,18
2008-09-30,1267.199951171875,1411.199951171875,1267.199951171875,1288.800048828125,40
2008-10-01,1332.0,1332.0,1317.5999755859375,1317.5999755859375,2
2008-10-02,1332.0,1332.0,1267.199951171875,1332.0,16
2008-10-03,1303.199951171875,1332.0,1267.199951171875,1274.4000244140625,5
2008-10-06,1137.5999755859375,1245.5999755859375,900.0,1245.5999755859375,79
2008-10-07,1094.4000244140625,1231.199951171875,1080.0,1101.5999755859375,31
2008-10-08,1123.199951171875,1152.0,1080.0,1101.5999755859375,43
2008-10-09,1080.0,1180.800048828125,972.0,1087.199951171875,26
2008-10-10,936.0,1058.4000244140625,813.5999755859375,900.0,69
2008-10-13,1008.0,1116.0,972.0,972.0,31
2008-10-14,1058.4000244140625,1123.199951171875,1022.4000244140625,1080.0,22
2008-10-15,993.5999755859375,1231.199951171875,864.0,979.2000122070312,39
2008-10-16,907.2000122070312,1044.0,842.4000244140625,842.4000244140625,12
2008-10-17,957.5999755859375,1202.4000244140625,907.2000122070312,907.2000122070312,12
2008-10-20,957.5999755859375,1058.4000244140625,936.0,936.0,10
2008-10-21,972.0,1029.5999755859375,972.0,1022.4000244140625,6
2008-10-22,914.4000244140625,972.0,907.2000122070312,972.0,10
2008-10-23,900.0,993.5999755859375,871.2000122070312,957.5999755859375,223
2008-10-24,900.0,936.0,856.7999877929688,871.2000122070312,21
2008-10-27,907.2000122070312,1000.7999877929688,892.7999877929688,914.4000244140625,26
2008-10-28,907.2000122070312,993.5999755859375,900.0,900.0,28
2008-10-29,907.2000122070312,928.7999877929688,907.2000122070312,914.4000244140625,19
2008-10-30,950.4000244140625,986.4000244140625,900.0,914.4000244140625,19
2008-10-31,921.5999755859375,921.5999755859375,921.5999755859375,921.5999755859375,2
2008-11-03,1008.0,1008.0,900.0,900.0,16
2008-11-04,1015.2000122070312,1036.800048828125,907.2000122070312,921.5999755859375,17
2008-11-05,907.2000122070312,1044.0,907.2000122070312,1044.0,30
2008-11-06,907.2000122070312,993.5999755859375,907.2000122070312,907.2000122070312,10
2008-11-07,936.0,1353.5999755859375,914.4000244140625,1065.5999755859375,22
2008-11-10,878.4000244140625,1000.7999877929688,878.4000244140625,964.7999877929688,27
2008-11-11,936.0,964.7999877929688,878.4000244140625,878.4000244140625,6
2008-11-12,936.0,1000.7999877929688,892.7999877929688,892.7999877929688,10
2008-11-13,1051.199951171875,1051.199951171875,907.2000122070312,928.7999877929688,8
2008-11-14,900.0,1000.7999877929688,878.4000244140625,1000.7999877929688,9
2008-11-17,892.7999877929688,993.5999755859375,878.4000244140625,878.4000244140625,25
2008-11-18,936.0,936.0,878.4000244140625,928.7999877929688,9
2008-11-19,799.2000122070312,928.7999877929688,799.2000122070312,921.5999755859375,27
2008-11-20,784.7999877929688,828.0,784.7999877929688,792.0,37
2008-11-21,864.0,864.0,777.5999755859375,777.5999755859375,28
2008-11-24,835.2000122070312,892.7999877929688,828.0,892.7999877929688,14
2008-11-25,835.2000122070312,864.0,828.0,828.0,27
2008-11-26,849.5999755859375,914.4000244140625,842.4000244140625,842.4000244140625,32
2008-11-28,864.0,864.0,849.5999755859375,849.5999755859375,2
2008-12-01,921.5999755859375,921.5999755859375,828.0,878.4000244140625,26
2008-12-02,849.5999755859375,892.7999877929688,849.5999755859375,864.0,12
2008-12-03,864.0,892.7999877929688,856.7999877929688,864.0,17
2008-12-04,842.4000244140625,856.7999877929688,828.0,856.7999877929688,18
2008-12-05,835.2000122070312,871.2000122070312,835.2000122070312,835.2000122070312,8
2008-12-08,871.2000122070312,871.2000122070312,828.0,828.0,27
2008-12-09,900.0,900.0,864.0,892.7999877929688,28
2008-12-10,864.0,900.0,856.7999877929688,864.0,16
2008-12-11,871.2000122070312,885.5999755859375,864.0,871.2000122070312,15
2008-12-12,871.2000122070312,900.0,864.0,864.0,31
2008-12-15,914.4000244140625,914.4000244140625,878.4000244140625,878.4000244140625,4
2008-12-16,871.2000122070312,892.7999877929688,864.0,878.4000244140625,12
2008-12-17,907.2000122070312,907.2000122070312,871.2000122070312,871.2000122070312,3
2008-12-18,921.5999755859375,936.0,856.7999877929688,864.0,94
2008-12-19,871.2000122070312,900.0,871.2000122070312,900.0,16
2008-12-22,828.0,914.4000244140625,828.0,878.4000244140625,137
2008-12-23,835.2000122070312,856.7999877929688,806.4000244140625,849.5999755859375,41
2008-12-24,828.0,849.5999755859375,813.5999755859375,813.5999755859375,20
2008-12-26,864.0,921.5999755859375,828.0,828.0,24
2008-12-29,957.5999755859375,957.5999755859375,864.0,864.0,12
2008-12-30,950.4000244140625,957.5999755859375,928.7999877929688,943.2000122070312,12
2008-12-31,936.0,936.0,900.0,936.0,58
2009-01-02,936.0,986.4000244140625,878.4000244140625,878.4000244140625,10
2009-01-05,914.4000244140625,972.0,907.2000122070312,921.5999755859375,53
2009-01-06,1065.5999755859375,1065.5999755859375,907.2000122070312,964.7999877929688,24
2009-01-07,936.0,1044.0,936.0,1044.0,5
2009-01-08,928.7999877929688,993.5999755859375,892.7999877929688,993.5999755859375,41
2009-01-09,907.2000122070312,986.4000244140625,907.2000122070312,936.0,17
2009-01-12,907.2000122070312,943.2000122070312,907.2000122070312,907.2000122070312,9
2009-01-13,892.7999877929688,921.5999755859375,892.7999877929688,900.0,38
2009-01-14,878.4000244140625,914.4000244140625,871.2000122070312,892.7999877929688,37
2009-01-15,878.4000244140625,878.4000244140625,878.4000244140625,878.4000244140625,0
2009-01-16,914.4000244140625,914.4000244140625,871.2000122070312,892.7999877929688,8
2009-01-20,921.5999755859375,936.0,864.0,885.5999755859375,20
2009-01-21,871.2000122070312,936.0,871.2000122070312,907.2000122070312,21
2009-01-22,892.7999877929688,892.7999877929688,871.2000122070312,878.4000244140625,5
2009-01-23,885.5999755859375,972.0,878.4000244140625,900.0,26
2009-01-26,914.4000244140625,936.0,871.2000122070312,900.0,39
2009-01-27,936.0,936.0,864.0,892.7999877929688,28
2009-01-28,928.7999877929688,928.7999877929688,885.5999755859375,907.2000122070312,9
2009-01-29,936.0,936.0,921.5999755859375,928.7999877929688,2
2009-01-30,936.0,943.2000122070312,907.2000122070312,914.4000244140625,3
2009-02-02,979.2000122070312,979.2000122070312,936.0,936.0,2
2009-02-03,907.2000122070312,921.5999755859375,907.2000122070312,914.4000244140625,4
2009-02-04,914.4000244140625,936.0,907.2000122070312,914.4000244140625,3
2009-02-05,907.2000122070312,921.5999755859375,907.2000122070312,907.2000122070312,4
2009-02-06,921.5999755859375,921.5999755859375,907.2000122070312,907.2000122070312,5
2009-02-09,900.0,921.5999755859375,885.5999755859375,900.0,13
2009-02-10,900.0,900.0,900.0,900.0,3
2009-02-11,914.4000244140625,914.4000244140625,914.4000244140625,914.4000244140625,6
2009-02-12,907.2000122070312,914.4000244140625,892.7999877929688,892.7999877929688,30
2009-02-13,928.7999877929688,936.0,892.7999877929688,892.7999877929688,4
2009-02-17,878.4000244140625,1008.0,878.4000244140625,1008.0,39
2009-02-18,878.4000244140625,878.4000244140625,878.4000244140625,878.4000244140625,0
2009-02-19,900.0,907.2000122070312,885.5999755859375,892.7999877929688,38
2009-02-20,892.7999877929688,892.7999877929688,892.7999877929688,892.7999877929688,1
2009-02-23,885.5999755859375,964.7999877929688,885.5999755859375,892.7999877929688,30
2009-02-24,885.5999755859375,892.7999877929688,885.5999755859375,885.5999755859375,6
2009-02-25,885.5999755859375,885.5999755859375,885.5999755859375,885.5999755859375,0
2009-02-26,907.2000122070312,907.2000122070312,871.2000122070312,885.5999755859375,59
2009-02-27,878.4000244140625,907.2000122070312,871.2000122070312,878.4000244140625,15
2009-03-02,885.5999755859375,921.5999755859375,878.4000244140625,914.4000244140625,25
2009-03-03,878.4000244140625,885.5999755859375,878.4000244140625,878.4000244140625,3
2009-03-04,885.5999755859375,921.5999755859375,878.4000244140625,878.4000244140625,68
2009-03-05,878.4000244140625,900.0,864.0,878.4000244140625,37
2009-03-06,842.4000244140625,878.4000244140625,799.2000122070312,878.4000244140625,43
2009-03-09,842.4000244140625,864.0,842.4000244140625,864.0,21
2009-03-10,900.0,900.0,842.4000244140625,842.4000244140625,33
2009-03-11,900.0,900.0,878.4000244140625,878.4000244140625,3
2009-03-12,921.5999755859375,921.5999755859375,864.0,864.0,53
2009-03-13,892.7999877929688,914.4000244140625,892.7999877929688,900.0,70
2009-03-16,921.5999755859375,921.5999755859375,892.7999877929688,892.7999877929688,7
2009-03-17,892.7999877929688,907.2000122070312,892.7999877929688,907.2000122070312,10
2009-03-18,892.7999877929688,914.4000244140625,892.7999877929688,892.7999877929688,18
2009-03-19,907.2000122070312,907.2000122070312,885.5999755859375,892.7999877929688,29
2009-03-20,921.5999755859375,936.0,900.0,928.7999877929688,12
2009-03-23,892.7999877929688,921.5999755859375,892.7999877929688,921.5999755859375,22
2009-03-24,900.0,907.2000122070312,892.7999877929688,892.7999877929688,8
2009-03-25,914.4000244140625,921.5999755859375,892.7999877929688,921.5999755859375,4
2009-03-26,907.2000122070312,921.5999755859375,892.7999877929688,892.7999877929688,12
2009-03-27,892.7999877929688,928.7999877929688,885.5999755859375,892.7999877929688,38
2009-03-30,928.7999877929688,928.7999877929688,892.7999877929688,892.7999877929688,5
2009-03-31,907.2000122070312,936.0,907.2000122070312,936.0,9
2009-04-01,907.2000122070312,914.4000244140625,907.2000122070312,907.2000122070312,2
2009-04-02,892.7999877929688,914.4000244140625,892.7999877929688,907.2000122070312,12
2009-04-03,878.4000244140625,914.4000244140625,871.2000122070312,914.4000244140625,78
2009-04-06,892.7999877929688,907.2000122070312,892.7999877929688,907.2000122070312,3
2009-04-07,892.7999877929688,907.2000122070312,892.7999877929688,892.7999877929688,54
2009-04-08,907.2000122070312,914.4000244140625,892.7999877929688,914.4000244140625,40
2009-04-09,921.5999755859375,928.7999877929688,907.2000122070312,907.2000122070312,91
2009-04-13,871.2000122070312,928.7999877929688,871.2000122070312,928.7999877929688,6
2009-04-14,914.4000244140625,936.0,907.2000122070312,907.2000122070312,63
2009-04-15,907.2000122070312,914.4000244140625,900.0,900.0,2
2009-04-16,921.5999755859375,921.5999755859375,900.0,900.0,23
2009-04-17,914.4000244140625,921.5999755859375,900.0,921.5999755859375,16
2009-04-20,900.0,914.4000244140625,878.4000244140625,914.4000244140625,39
2009-04-21,892.7999877929688,900.0,878.4000244140625,878.4000244140625,3
2009-04-22,900.0,907.2000122070312,878.4000244140625,878.4000244140625,16
2009-04-23,921.5999755859375,936.0,914.4000244140625,936.0,10
2009-04-24,921.5999755859375,921.5999755859375,907.2000122070312,914.4000244140625,5
2009-04-27,914.4000244140625,936.0,914.4000244140625,936.0,7
2009-04-28,950.4000244140625,964.7999877929688,921.5999755859375,921.5999755859375,12
2009-04-29,936.0,964.7999877929688,936.0,957.5999755859375,5
2009-04-30,950.4000244140625,957.5999755859375,936.0,936.0,12
2009-05-01,979.2000122070312,986.4000244140625,914.4000244140625,928.7999877929688,17
2009-05-04,964.7999877929688,1008.0,964.7999877929688,986.4000244140625,22
2009-05-05,928.7999877929688,950.4000244140625,921.5999755859375,950.4000244140625,15
2009-05-06,914.4000244140625,928.7999877929688,914.4000244140625,914.4000244140625,8
2009-05-07,957.5999755859375,964.7999877929688,914.4000244140625,914.4000244140625,53
2009-05-08,979.2000122070312,993.5999755859375,936.0,936.0,46
2009-05-11,972.0,1008.0,943.2000122070312,979.2000122070312,45
2009-05-12,979.2000122070312,979.2000122070312,936.0,972.0,4
2009-05-13,1000.7999877929688,1000.7999877929688,936.0,943.2000122070312,9
2009-05-14,979.2000122070312,993.5999755859375,950.4000244140625,950.4000244140625,7
2009-05-15,964.7999877929688,964.7999877929688,964.7999877929688,964.7999877929688,1
2009-05-18,986.4000244140625,1000.7999877929688,972.0,1000.7999877929688,4
2009-05-19,1000.7999877929688,1008.0,979.2000122070312,1000.7999877929688,12
2009-05-20,1008.0,1008.0,1000.7999877929688,1000.7999877929688,3
2009-05-21,1015.2000122070312,1015.2000122070312,972.0,972.0,14
2009-05-22,1000.7999877929688,1000.7999877929688,986.4000244140625,986.4000244140625,12
2009-05-26,1022.4000244140625,1022.4000244140625,986.4000244140625,986.4000244140625,21
2009-05-27,1044.0,1044.0,1022.4000244140625,1022.4000244140625,3
2009-05-28,1036.800048828125,1044.0,979.2000122070312,1044.0,3
2009-05-29,1022.4000244140625,1022.4000244140625,986.4000244140625,986.4000244140625,2
2009-06-01,1022.4000244140625,1036.800048828125,986.4000244140625,1022.4000244140625,17
2009-06-02,993.5999755859375,1022.4000244140625,993.5999755859375,1000.7999877929688,5
2009-06-03,993.5999755859375,1000.7999877929688,993.5999755859375,1000.7999877929688,3
2009-06-04,986.4000244140625,1015.2000122070312,986.4000244140625,1015.2000122070312,5
2009-06-05,993.5999755859375,993.5999755859375,993.5999755859375,993.5999755859375,0
2009-06-08,1015.2000122070312,1015.2000122070312,1008.0,1008.0,2
2009-06-09,1036.800048828125,1036.800048828125,1008.0,1022.4000244140625,15
2009-06-10,1058.4000244140625,1058.4000244140625,1022.4000244140625,1058.4000244140625,9
2009-06-11,1130.4000244140625,1180.800048828125,1051.199951171875,1051.199951171875,27
2009-06-12,1216.800048828125,1260.0,1209.5999755859375,1252.800048828125,41
2009-06-15,1188.0,1188.0,1094.4000244140625,1094.4000244140625,10
2009-06-16,1137.5999755859375,1216.800048828125,1123.199951171875,1216.800048828125,13
2009-06-17,1101.5999755859375,1137.5999755859375,1008.0,1008.0,10
2009-06-18,1130.4000244140625,1209.5999755859375,986.4000244140625,1008.0,68
2009-06-19,1180.800048828125,1231.199951171875,1080.0,1173.5999755859375,9
2009-06-22,1044.0,1094.4000244140625,1044.0,1044.0,10
2009-06-23,1000.7999877929688,1044.0,993.5999755859375,1044.0,15
2009-06-24,1072.800048828125,1123.199951171875,1044.0,1044.0,31
2009-06-25,1058.4000244140625,1072.800048828125,1008.0,1072.800048828125,2
2009-06-26,1058.4000244140625,1080.0,1051.199951171875,1072.800048828125,13
2009-06-29,1008.0,1101.5999755859375,1008.0,1101.5999755859375,8
2009-06-30,1058.4000244140625,1058.4000244140625,950.4000244140625,1022.4000244140625,14
2009-07-01,986.4000244140625,1051.199951171875,936.0,936.0,7
2009-07-02,986.4000244140625,1022.4000244140625,986.4000244140625,1022.4000244140625,11
2009-07-06,1044.0,1044.0,986.4000244140625,1036.800048828125,11
2009-07-07,1000.7999877929688,1036.800048828125,986.4000244140625,986.4000244140625,3
2009-07-08,993.5999755859375,993.5999755859375,993.5999755859375,993.5999755859375,0
2009-07-09,972.0,986.4000244140625,972.0,986.4000244140625,12
2009-07-10,972.0,986.4000244140625,972.0,972.0,1
2009-07-13,1015.2000122070312,1044.0,957.5999755859375,972.0,11
2009-07-14,972.0,1022.4000244140625,957.5999755859375,979.2000122070312,8
2009-07-15,1015.2000122070312,1015.2000122070312,1008.0,1015.2000122070312,7
2009-07-16,1008.0,1008.0,1000.7999877929688,1008.0,2
2009-07-17,1008.0,1008.0,993.5999755859375,1000.7999877929688,3
2009-07-20,993.5999755859375,1044.0,986.4000244140625,1044.0,15
2009-07-21,1044.0,1044.0,986.4000244140625,1044.0,7
2009-07-22,1036.800048828125,1036.800048828125,1008.0,1008.0,1
2009-07-23,1044.0,1044.0,1036.800048828125,1044.0,6
2009-07-24,1008.0,1008.0,993.5999755859375,1000.7999877929688,7
2009-07-27,1044.0,1044.0,1008.0,1044.0,18
2009-07-28,1036.800048828125,1036.800048828125,1008.0,1015.2000122070312,8
2009-07-29,1000.7999877929688,1008.0,993.5999755859375,1008.0,3
2009-07-30,1044.0,1044.0,1008.0,1008.0,12
2009-07-31,1044.0,1058.4000244140625,1044.0,1044.0,16
2009-08-03,1072.800048828125,1072.800048828125,1022.4000244140625,1072.800048828125,4
2009-08-04,1108.800048828125,1108.800048828125,1058.4000244140625,1058.4000244140625,15
2009-08-05,1101.5999755859375,1108.800048828125,1029.5999755859375,1108.800048828125,17
2009-08-06,1101.5999755859375,1101.5999755859375,1000.7999877929688,1094.4000244140625,34
2009-08-07,1087.199951171875,1108.800048828125,1029.5999755859375,1108.800048828125,4
2009-08-10,1051.199951171875,1108.800048828125,1051.199951171875,1087.199951171875,6
2009-08-11,1116.0,1116.0,1101.5999755859375,1101.5999755859375,13
2009-08-12,1116.0,1123.199951171875,1072.800048828125,1072.800048828125,6
2009-08-13,1101.5999755859375,1108.800048828125,1044.0,1108.800048828125,6
2009-08-14,1101.5999755859375,1101.5999755859375,1094.4000244140625,1094.4000244140625,12
2009-08-17,1080.0,1080.0,1065.5999755859375,1080.0,2
2009-08-18,1065.5999755859375,1101.5999755859375,1051.199951171875,1051.199951171875,1
2009-08-19,1123.199951171875,1130.4000244140625,1094.4000244140625,1094.4000244140625,26
2009-08-20,1144.800048828125,1144.800048828125,1058.4000244140625,1123.199951171875,78
2009-08-21,1152.0,1188.0,1130.4000244140625,1130.4000244140625,109
2009-08-24,1144.800048828125,1152.0,1137.5999755859375,1137.5999755859375,77
2009-08-25,1195.199951171875,1209.5999755859375,1152.0,1173.5999755859375,88
2009-08-26,1202.4000244140625,1216.800048828125,1137.5999755859375,1137.5999755859375,31
2009-08-27,1173.5999755859375,1209.5999755859375,1166.4000244140625,1209.5999755859375,31
2009-08-28,1382.4000244140625,1411.199951171875,1173.5999755859375,1188.0,186
2009-08-31,1353.5999755859375,1382.4000244140625,1332.0,1375.199951171875,38
2009-09-01,1288.800048828125,1396.800048828125,1288.800048828125,1324.800048828125,32
2009-09-02,1260.0,1288.800048828125,1202.4000244140625,1238.4000244140625,13
2009-09-03,1296.0,1353.5999755859375,1267.199951171875,1353.5999755859375,12
2009-09-04,1432.800048828125,1569.5999755859375,1324.800048828125,1324.800048828125,103
2009-09-08,1533.5999755859375,1569.5999755859375,1432.800048828125,1432.800048828125,88
2009-09-09,1648.800048828125,1656.0,1533.5999755859375,1612.800048828125,129
2009-09-10,1598.4000244140625,1728.0,1569.5999755859375,1677.5999755859375,133
2009-09-11,1555.199951171875,1749.5999755859375,1497.5999755859375,1749.5999755859375,64
2009-09-14,1591.199951171875,1605.5999755859375,1461.5999755859375,1548.0,47
2009-09-15,1519.199951171875,1713.5999755859375,1519.199951171875,1605.5999755859375,35
2009-09-16,1569.5999755859375,1612.800048828125,1519.199951171875,1519.199951171875,15
2009-09-17,1454.4000244140625,1612.800048828125,1332.0,1605.5999755859375,63
2009-09-18,1382.4000244140625,1483.199951171875,1339.199951171875,1440.0,95
2009-09-21,1389.5999755859375,1526.4000244140625,1281.5999755859375,1296.0,92
2009-09-22,1526.4000244140625,1562.4000244140625,1346.4000244140625,1360.800048828125,52
2009-09-23,1548.0,1548.0,1440.0,1468.800048828125,28
2009-09-24,1850.4000244140625,1857.5999755859375,1562.4000244140625,1569.5999755859375,329
2009-09-25,2858.39990234375,3232.800048828125,1735.199951171875,1836.0,4126
2009-09-28,2275.199951171875,2930.39990234375,2253.60009765625,2858.39990234375,1047
2009-09-29,2433.60009765625,2476.800048828125,2080.800048828125,2340.0,678
2009-09-30,2440.800048828125,2707.199951171875,2239.199951171875,2354.39990234375,433
2009-10-01,2433.60009765625,2548.800048828125,2318.39990234375,2491.199951171875,86
2009-10-02,2412.0,2448.0,2289.60009765625,2354.39990234375,86
2009-10-05,2361.60009765625,2476.800048828125,2332.800048828125,2332.800048828125,126
2009-10-06,2203.199951171875,2426.39990234375,2174.39990234375,2376.0,136
2009-10-07,2340.0,2361.60009765625,2174.39990234375,2181.60009765625,86
2009-10-08,2340.0,2476.800048828125,2268.0,2433.60009765625,48
2009-10-09,2361.60009765625,2397.60009765625,2260.800048828125,2304.0,67
2009-10-12,2419.199951171875,2440.800048828125,2347.199951171875,2347.199951171875,43
2009-10-13,2282.39990234375,2620.800048828125,2268.0,2448.0,166
2009-10-14,2376.0,2376.0,2268.0,2268.0,70
2009-10-15,2376.0,2412.0,2296.800048828125,2412.0,39
2009-10-16,2325.60009765625,2397.60009765625,2275.199951171875,2397.60009765625,33
2009-10-19,2311.199951171875,2361.60009765625,2268.0,2361.60009765625,24
2009-10-20,2325.60009765625,2354.39990234375,2268.0,2275.199951171875,29
2009-10-21,2448.0,2484.0,2275.199951171875,2289.60009765625,76
2009-10-22,2376.0,2433.60009765625,2232.0,2412.0,47
2009-10-23,2347.199951171875,2368.800048828125,2347.199951171875,2368.800048828125,3
2009-10-26,2260.800048828125,2397.60009765625,2246.39990234375,2376.0,23
2009-10-27,2217.60009765625,2311.199951171875,2217.60009765625,2232.0,31
2009-10-28,2016.0,2181.60009765625,2008.800048828125,2181.60009765625,61
2009-10-29,2023.199951171875,2196.0,1965.5999755859375,1987.199951171875,24
2009-10-30,1936.800048828125,2145.60009765625,1936.800048828125,2145.60009765625,22
2009-11-02,1951.199951171875,1980.0,1893.5999755859375,1944.0,29
2009-11-03,1987.199951171875,1987.199951171875,1800.0,1850.4000244140625,11
2009-11-04,1987.199951171875,2066.39990234375,1908.0,1908.0,9
2009-11-05,1936.800048828125,1951.199951171875,1908.0,1951.199951171875,2
2009-11-06,2059.199951171875,2102.39990234375,1900.800048828125,1900.800048828125,9
2009-11-09,1980.0,2116.800048828125,1951.199951171875,2023.199951171875,12
2009-11-10,1922.4000244140625,2138.39990234375,1821.5999755859375,1821.5999755859375,20
2009-11-11,2016.0,2073.60009765625,1893.5999755859375,1972.800048828125,17
2009-11-12,2138.39990234375,2145.60009765625,1980.0,1980.0,9
2009-11-13,2145.60009765625,2145.60009765625,2008.800048828125,2138.39990234375,7
2009-11-16,2685.60009765625,2844.0,2109.60009765625,2109.60009765625,688
2009-11-17,2505.60009765625,2930.39990234375,2433.60009765625,2721.60009765625,327
2009-11-18,2584.800048828125,2656.800048828125,2426.39990234375,2541.60009765625,63
2009-11-19,2440.800048828125,2584.800048828125,2354.39990234375,2584.800048828125,50
2009-11-20,3420.0,3441.60009765625,2347.199951171875,2347.199951171875,3097
2009-11-23,3225.60009765625,3816.0,3024.0,3672.0,4485
2009-11-24,3880.800048828125,3952.800048828125,3024.0,3096.0,6512
2009-11-25,2930.39990234375,3470.39990234375,2822.39990234375,3304.800048828125,4010
2009-11-27,2829.60009765625,3204.0,2635.199951171875,2707.199951171875,1925
2009-11-30,2606.39990234375,2937.60009765625,2520.0,2916.0,1022
2009-12-01,2606.39990234375,2714.39990234375,2484.0,2556.0,875
2009-12-02,2469.60009765625,2671.199951171875,2448.0,2671.199951171875,412
2009-12-03,2664.0,2750.39990234375,2455.199951171875,2520.0,696
2009-12-04,2592.0,2822.39990234375,2527.199951171875,2527.199951171875,502
2009-12-07,2635.199951171875,2800.800048828125,2556.0,2599.199951171875,398
2009-12-08,2534.39990234375,2721.60009765625,2520.0,2635.199951171875,491
2009-12-09,2390.39990234375,2584.800048828125,2376.0,2570.39990234375,494
2009-12-10,2404.800048828125,2592.0,2354.39990234375,2404.800048828125,374
2009-12-11,2383.199951171875,2412.0,2232.0,2404.800048828125,421
2009-12-14,2289.60009765625,2412.0,2232.0,2390.39990234375,304
2009-12-15,2390.39990234375,2433.60009765625,2232.0,2289.60009765625,274
2009-12-16,2347.199951171875,2462.39990234375,2318.39990234375,2383.199951171875,332
2009-12-17,2268.0,2361.60009765625,2260.800048828125,2325.60009765625,208
2009-12-18,2268.0,2390.39990234375,2196.0,2296.800048828125,253
2009-12-21,2448.0,2498.39990234375,2196.0,2296.800048828125,345
2009-12-22,2397.60009765625,2498.39990234375,2376.0,2448.0,152
2009-12-23,2649.60009765625,2908.800048828125,2361.60009765625,2368.800048828125,748
2009-12-24,3103.199951171875,3326.39990234375,2678.39990234375,2685.60009765625,1165
2009-12-28,2887.199951171875,3204.0,2793.60009765625,3110.39990234375,624
2009-12-29,2678.39990234375,2923.199951171875,2628.0,2887.199951171875,457
2009-12-30,2700.0,2736.0,2527.199951171875,2714.39990234375,296
2009-12-31,2642.39990234375,2700.0,2628.0,2700.0,137
2010-01-04,2764.800048828125,2844.0,2664.0,2736.0,242
2010-01-05,2966.39990234375,3031.199951171875,2736.0,2743.199951171875,206
2010-01-06,2995.199951171875,3240.0,2923.199951171875,2959.199951171875,326
2010-01-07,3002.39990234375,3096.0,2880.0,3031.199951171875,131
2010-01-08,2959.199951171875,3016.800048828125,2908.800048828125,2966.39990234375,129
2010-01-11,2844.0,2988.0,2764.800048828125,2923.199951171875,200
2010-01-12,2714.39990234375,2829.60009765625,2606.39990234375,2829.60009765625,229
2010-01-13,2836.800048828125,2880.0,2649.60009765625,2736.0,119
2010-01-14,2829.60009765625,2858.39990234375,2743.199951171875,2808.0,78
2010-01-15,2721.60009765625,2829.60009765625,2685.60009765625,2829.60009765625,83
2010-01-19,2700.0,2772.0,2628.0,2757.60009765625,139
2010-01-20,2541.60009765625,2664.0,2520.0,2664.0,302
2010-01-21,2462.39990234375,2570.39990234375,2304.0,2570.39990234375,371
2010-01-22,2275.199951171875,2433.60009765625,2239.199951171875,2433.60009765625,303
2010-01-25,2181.60009765625,2325.60009765625,2059.199951171875,2275.199951171875,381
2010-01-26,2203.199951171875,2296.800048828125,2052.0,2145.60009765625,242
2010-01-27,2203.199951171875,2239.199951171875,2116.800048828125,2167.199951171875,60
2010-01-28,2124.0,2239.199951171875,1987.199951171875,2239.199951171875,249
2010-01-29,2008.800048828125,2196.0,1987.199951171875,2109.60009765625,126
2010-02-01,2052.0,2124.0,1980.0,2059.199951171875,76
2010-02-02,2080.800048828125,2109.60009765625,2037.5999755859375,2095.199951171875,33
2010-02-03,2217.60009765625,2289.60009765625,2088.0,2102.39990234375,213
2010-02-04,2052.0,2296.800048828125,2023.199951171875,2188.800048828125,166
2010-02-05,1900.800048828125,2088.0,1850.4000244140625,2052.0,357
2010-02-08,1915.199951171875,1980.0,1828.800048828125,1929.5999755859375,143
2010-02-09,2030.4000244140625,2138.39990234375,1980.0,2008.800048828125,166
2010-02-10,2044.800048828125,2109.60009765625,1994.4000244140625,2023.199951171875,65
2010-02-11,2016.0,2073.60009765625,1958.4000244140625,2059.199951171875,89
2010-02-12,1987.199951171875,2037.5999755859375,1936.800048828125,1965.5999755859375,54
2010-02-16,2008.800048828125,2037.5999755859375,1936.800048828125,1980.0,121
2010-02-17,2073.60009765625,2124.0,1994.4000244140625,2044.800048828125,132
2010-02-18,2052.0,2152.800048828125,2030.4000244140625,2080.800048828125,209
2010-02-19,2260.800048828125,2527.199951171875,2095.199951171875,2102.39990234375,1280
2010-02-22,2260.800048828125,2390.39990234375,2167.199951171875,2347.199951171875,314
2010-02-23,2160.0,2282.39990234375,2131.199951171875,2260.800048828125,144
2010-02-24,2174.39990234375,2224.800048828125,2124.0,2160.0,134
2010-02-25,2059.199951171875,2073.60009765625,1908.0,2073.60009765625,249
2010-02-26,1965.5999755859375,2052.0,1908.0,1980.0,159
2010-03-01,1965.5999755859375,2030.4000244140625,1828.800048828125,1958.4000244140625,119
2010-03-02,2016.0,2016.0,1922.4000244140625,1951.199951171875,127
2010-03-03,2016.0,2073.60009765625,1951.199951171875,2037.5999755859375,86
2010-03-04,1994.4000244140625,2023.199951171875,1958.4000244140625,1994.4000244140625,68
2010-03-05,2023.199951171875,2030.4000244140625,1929.5999755859375,1994.4000244140625,113
2010-03-08,2030.4000244140625,2052.0,1987.199951171875,1994.4000244140625,114
2010-03-09,2160.0,2203.199951171875,2008.800048828125,2008.800048828125,239
2010-03-10,2196.0,2253.60009765625,2138.39990234375,2138.39990234375,124
2010-03-11,2174.39990234375,2203.199951171875,2088.0,2203.199951171875,88
2010-03-12,2181.60009765625,2196.0,2145.60009765625,2160.0,35
2010-03-15,2088.0,2188.800048828125,2073.60009765625,2152.800048828125,73
2010-03-16,2023.199951171875,2080.800048828125,1944.0,2073.60009765625,247
2010-03-17,1951.199951171875,2023.199951171875,1886.4000244140625,2008.800048828125,261
2010-03-18,1944.0,2016.0,1857.5999755859375,1958.4000244140625,97
2010-03-19,1792.800048828125,1994.4000244140625,1778.4000244140625,1929.5999755859375,231
2010-03-22,1843.199951171875,1893.5999755859375,1720.800048828125,1821.5999755859375,189
2010-03-23,1879.199951171875,1886.4000244140625,1814.4000244140625,1821.5999755859375,83
2010-03-24,1836.0,1864.800048828125,1807.199951171875,1843.199951171875,57
2010-03-25,1771.199951171875,1864.800048828125,1742.4000244140625,1800.0,122
2010-03-26,1764.0,1850.4000244140625,1749.5999755859375,1749.5999755859375,75
2010-03-29,1728.0,1792.800048828125,1713.5999755859375,1771.199951171875,84
2010-03-30,1692.0,1728.0,1677.5999755859375,1728.0,71
2010-03-31,1756.800048828125,1764.0,1670.4000244140625,1670.4000244140625,77
2010-04-01,1821.5999755859375,1821.5999755859375,1742.4000244140625,1756.800048828125,117
2010-04-05,1792.800048828125,1807.199951171875,1764.0,1807.199951171875,38
2010-04-06,1908.0,1929.5999755859375,1692.0,1807.199951171875,181
2010-04-07,1929.5999755859375,2016.0,1908.0,1908.0,114
2010-04-08,1951.199951171875,1980.0,1893.5999755859375,1944.0,58
2010-04-09,1965.5999755859375,1980.0,1944.0,1951.199951171875,56
2010-04-12,1900.800048828125,1944.0,1864.800048828125,1944.0,35
2010-04-13,1900.800048828125,1908.0,1836.0,1879.199951171875,16
2010-04-14,1965.5999755859375,1965.5999755859375,1879.199951171875,1879.199951171875,61
2010-04-15,1965.5999755859375,1965.5999755859375,1908.0,1958.4000244140625,27
2010-04-16,1807.199951171875,1958.4000244140625,1749.5999755859375,1944.0,187
2010-04-19,1850.4000244140625,1886.4000244140625,1764.0,1807.199951171875,46
2010-04-20,1929.5999755859375,1929.5999755859375,1800.0,1843.199951171875,28
2010-04-21,1908.0,1951.199951171875,1864.800048828125,1951.199951171875,38
2010-04-22,1886.4000244140625,1908.0,1800.0,1872.0,24
2010-04-23,1908.0,1908.0,1864.800048828125,1900.800048828125,50
2010-04-26,1828.800048828125,1944.0,1800.0,1944.0,54
2010-04-27,1735.199951171875,1807.199951171875,1699.199951171875,1807.199951171875,74
2010-04-28,1713.5999755859375,1735.199951171875,1598.4000244140625,1735.199951171875,138
2010-04-29,1720.800048828125,1735.199951171875,1656.0,1713.5999755859375,45
2010-04-30,1713.5999755859375,1713.5999755859375,1634.4000244140625,1699.199951171875,26
2010-05-03,1677.5999755859375,1728.0,1634.4000244140625,1706.4000244140625,31
2010-05-04,1555.199951171875,1663.199951171875,1526.4000244140625,1663.199951171875,58
2010-05-05,1555.199951171875,1591.199951171875,1519.199951171875,1562.4000244140625,91
2010-05-06,1533.5999755859375,1555.199951171875,1440.0,1555.199951171875,38
2010-05-07,1476.0,1512.0,1432.800048828125,1512.0,26
2010-05-10,1332.0,1533.5999755859375,1332.0,1526.4000244140625,146
2010-05-11,1425.5999755859375,1440.0,1332.0,1332.0,116
2010-05-12,1605.5999755859375,1634.4000244140625,1432.800048828125,1454.4000244140625,108
2010-05-13,1620.0,1663.199951171875,1526.4000244140625,1620.0,67
2010-05-14,1555.199951171875,1620.0,1483.199951171875,1512.0,45
2010-05-17,1468.800048828125,1548.0,1440.0,1483.199951171875,51
2010-05-18,1440.0,1533.5999755859375,1440.0,1476.0,21
2010-05-19,1346.4000244140625,1440.0,1339.199951171875,1440.0,99
2010-05-20,1296.0,1368.0,1274.4000244140625,1296.0,75
2010-05-21,1288.800048828125,1368.0,1238.4000244140625,1238.4000244140625,36
2010-05-24,1296.0,1389.5999755859375,1260.0,1288.800048828125,25
2010-05-25,1224.0,1281.5999755859375,1188.0,1260.0,46
2010-05-26,1188.0,1252.800048828125,1188.0,1231.199951171875,56
2010-05-27,1245.5999755859375,1425.5999755859375,1202.4000244140625,1252.800048828125,111
2010-05-28,1281.5999755859375,1332.0,1224.0,1245.5999755859375,25
2010-06-01,1252.800048828125,1267.199951171875,1216.800048828125,1267.199951171875,14
2010-06-02,1224.0,1274.4000244140625,1216.800048828125,1231.199951171875,5
2010-06-03,1224.0,1332.0,1224.0,1260.0,51
2010-06-04,1188.0,1296.0,1188.0,1202.4000244140625,17
2010-06-07,1159.199951171875,1245.5999755859375,1159.199951171875,1180.800048828125,22
2010-06-08,1080.0,1159.199951171875,1065.5999755859375,1159.199951171875,87
2010-06-09,1130.4000244140625,1173.5999755859375,1116.0,1116.0,20
2010-06-10,1137.5999755859375,1195.199951171875,1137.5999755859375,1166.4000244140625,43
2010-06-11,1209.5999755859375,1238.4000244140625,1152.0,1152.0,29
2010-06-14,1195.199951171875,1310.4000244140625,1130.4000244140625,1267.199951171875,36
2010-06-15,1267.199951171875,1526.4000244140625,1152.0,1267.199951171875,34
2010-06-16,1231.199951171875,1324.800048828125,1224.0,1281.5999755859375,19
2010-06-17,1252.800048828125,1274.4000244140625,1188.0,1224.0,10
2010-06-18,1353.5999755859375,1353.5999755859375,1231.199951171875,1260.0,16
2010-06-21,1195.199951171875,1396.800048828125,1195.199951171875,1396.800048828125,31
2010-06-22,1260.0,1288.800048828125,1159.199951171875,1159.199951171875,25
2010-06-23,1238.4000244140625,1267.199951171875,1166.4000244140625,1238.4000244140625,16
2010-06-24,1166.4000244140625,1260.0,1159.199951171875,1260.0,23
2010-06-25,1173.5999755859375,1281.5999755859375,1159.199951171875,1166.4000244140625,34
2010-06-28,1130.4000244140625,1274.4000244140625,1094.4000244140625,1159.199951171875,185
2010-06-29,943.2000122070312,1108.800048828125,936.0,1108.800048828125,203
2010-06-30,1072.800048828125,1080.0,900.0,936.0,86
2010-07-01,957.5999755859375,1036.800048828125,856.7999877929688,1008.0,200
2010-07-02,943.2000122070312,979.2000122070312,907.2000122070312,914.4000244140625,8
2010-07-06,1051.199951171875,1065.5999755859375,964.7999877929688,972.0,47
2010-07-07,1094.4000244140625,1101.5999755859375,1015.2000122070312,1029.5999755859375,36
2010-07-08,1116.0,1137.5999755859375,1044.0,1058.4000244140625,33
2010-07-09,1072.800048828125,1101.5999755859375,1022.4000244140625,1029.5999755859375,10
2010-07-12,1195.199951171875,1231.199951171875,1094.4000244140625,1123.199951171875,35
2010-07-13,1216.800048828125,1245.5999755859375,1188.0,1245.5999755859375,13
2010-07-14,1173.5999755859375,1260.0,1137.5999755859375,1195.199951171875,28
2010-07-15,1137.5999755859375,1173.5999755859375,1087.199951171875,1137.5999755859375,8
2010-07-16,1152.0,1202.4000244140625,1087.199951171875,1108.800048828125,5
2010-07-19,1051.199951171875,1245.5999755859375,1051.199951171875,1245.5999755859375,18
2010-07-20,1101.5999755859375,1137.5999755859375,1058.4000244140625,1072.800048828125,9
2010-07-21,1036.800048828125,1108.800048828125,1036.800048828125,1094.4000244140625,19
2010-07-22,1036.800048828125,1144.800048828125,1022.4000244140625,1080.0,55
2010-07-23,1080.0,1202.4000244140625,1036.800048828125,1202.4000244140625,38
2010-07-26,1101.5999755859375,1202.4000244140625,1080.0,1094.4000244140625,29
2010-07-27,1173.5999755859375,1195.199951171875,1080.0,1195.199951171875,14
2010-07-28,1231.199951171875,1252.800048828125,1152.0,1195.199951171875,60
2010-07-29,1238.4000244140625,1238.4000244140625,1051.199951171875,1108.800048828125,116
2010-07-30,1317.5999755859375,1368.0,1209.5999755859375,1267.199951171875,84
2010-08-02,1346.4000244140625,1396.800048828125,1317.5999755859375,1317.5999755859375,33
2010-08-03,1353.5999755859375,1368.0,1260.0,1346.4000244140625,11
2010-08-04,1296.0,1368.0,1274.4000244140625,1368.0,8
2010-08-05,1252.800048828125,1296.0,1238.4000244140625,1260.0,30
2010-08-06,1296.0,1296.0,1260.0,1260.0,3
2010-08-09,1252.800048828125,1382.4000244140625,1231.199951171875,1288.800048828125,14
2010-08-10,1296.0,1368.0,1260.0,1274.4000244140625,46
2010-08-11,1310.4000244140625,1339.199951171875,1260.0,1339.199951171875,32
2010-08-12,1310.4000244140625,1332.0,1231.199951171875,1260.0,16
2010-08-13,1267.199951171875,1317.5999755859375,1252.800048828125,1252.800048828125,3
2010-08-16,1245.5999755859375,1267.199951171875,1188.0,1267.199951171875,10
2010-08-17,1238.4000244140625,1310.4000244140625,1188.0,1245.5999755859375,24
2010-08-18,1260.0,1296.0,1188.0,1209.5999755859375,8
2010-08-19,1216.800048828125,1288.800048828125,1166.4000244140625,1260.0,19
2010-08-20,1224.0,1260.0,1159.199951171875,1216.800048828125,19
2010-08-23,1252.800048828125,1296.0,1224.0,1224.0,21
2010-08-24,1202.4000244140625,1224.0,1202.4000244140625,1202.4000244140625,11
2010-08-25,1202.4000244140625,1202.4000244140625,1152.0,1202.4000244140625,11
2010-08-26,1224.0,1224.0,1130.4000244140625,1188.0,17
2010-08-27,1166.4000244140625,1224.0,1166.4000244140625,1209.5999755859375,11
2010-08-30,1180.800048828125,1231.199951171875,1180.800048828125,1195.199951171875,4
2010-08-31,1180.800048828125,1195.199951171875,1180.800048828125,1180.800048828125,2
2010-09-01,1238.4000244140625,1238.4000244140625,1094.4000244140625,1173.5999755859375,33
2010-09-02,1274.4000244140625,1317.5999755859375,1224.0,1231.199951171875,75
2010-09-03,1368.0,1375.199951171875,1195.199951171875,1245.5999755859375,45
2010-09-07,1317.5999755859375,1375.199951171875,1296.0,1375.199951171875,14
2010-09-08,1310.4000244140625,1324.800048828125,1260.0,1267.199951171875,1
2010-09-09,1231.199951171875,1288.800048828125,1195.199951171875,1260.0,19
2010-09-10,1231.199951171875,1274.4000244140625,1216.800048828125,1231.199951171875,7
2010-09-13,1296.0,1310.4000244140625,1188.0,1188.0,3
2010-09-14,1260.0,1303.199951171875,1224.0,1296.0,21
2010-09-15,1195.199951171875,1238.4000244140625,1180.800048828125,1209.5999755859375,10
2010-09-16,1159.199951171875,1216.800048828125,1137.5999755859375,1188.0,19
2010-09-17,1260.0,1260.0,1159.199951171875,1159.199951171875,6
2010-09-20,1252.800048828125,1274.4000244140625,1180.800048828125,1224.0,14
2010-09-21,1260.0,1296.0,1166.4000244140625,1296.0,11
2010-09-22,1260.0,1296.0,1238.4000244140625,1260.0,12
2010-09-23,1267.199951171875,1288.800048828125,1267.199951171875,1267.199951171875,6
2010-09-24,1267.199951171875,1339.199951171875,1209.5999755859375,1324.800048828125,17
2010-09-27,1216.800048828125,1281.5999755859375,1188.0,1202.4000244140625,25
2010-09-28,1180.800048828125,1216.800048828125,1166.4000244140625,1216.800048828125,8
2010-09-29,1267.199951171875,1368.0,1180.800048828125,1180.800048828125,23
2010-09-30,1245.5999755859375,1296.0,1188.0,1260.0,11
2010-10-01,1224.0,1332.0,1209.5999755859375,1209.5999755859375,14
2010-10-04,1260.0,1267.199951171875,1224.0,1231.199951171875,7
2010-10-05,1274.4000244140625,1274.4000244140625,1216.800048828125,1252.800048828125,32
2010-10-06,1404.0,1404.0,1267.199951171875,1274.4000244140625,108
2010-10-07,1368.0,1404.0,1353.5999755859375,1404.0,38
2010-10-08,1368.0,1404.0,1360.800048828125,1360.800048828125,43
2010-10-11,1332.0,1396.800048828125,1296.0,1360.800048828125,24
2010-10-12,1382.4000244140625,1382.4000244140625,1267.199951171875,1267.199951171875,34
2010-10-13,1382.4000244140625,1404.0,1368.0,1368.0,14
2010-10-14,1411.199951171875,1432.800048828125,1346.4000244140625,1404.0,29
2010-10-15,1418.4000244140625,1468.800048828125,1396.800048828125,1432.800048828125,22
2010-10-18,1620.0,1620.0,1411.199951171875,1411.199951171875,44
2010-10-19,1677.5999755859375,1713.5999755859375,1591.199951171875,1620.0,67
2010-10-20,1656.0,1706.4000244140625,1648.800048828125,1706.4000244140625,21
2010-10-21,1663.199951171875,1670.4000244140625,1634.4000244140625,1656.0,14
2010-10-22,1706.4000244140625,1720.800048828125,1656.0,1677.5999755859375,16
2010-10-25,1792.800048828125,1850.4000244140625,1713.5999755859375,1720.800048828125,155
2010-10-26,1764.0,1814.4000244140625,1764.0,1814.4000244140625,25
2010-10-27,1728.0,1893.5999755859375,1728.0,1764.0,82
2010-10-28,1778.4000244140625,1850.4000244140625,1728.0,1728.0,15
2010-10-29,1756.800048828125,1850.4000244140625,1728.0,1800.0,68
2010-11-01,1764.0,1828.800048828125,1634.4000244140625,1828.800048828125,45
2010-11-02,1720.800048828125,1792.800048828125,1692.0,1792.800048828125,47
2010-11-03,1713.5999755859375,1764.0,1706.4000244140625,1742.4000244140625,10
2010-11-04,1720.800048828125,1771.199951171875,1720.800048828125,1756.800048828125,23
2010-11-05,1749.5999755859375,1800.0,1735.199951171875,1764.0,65
2010-11-08,1785.5999755859375,1814.4000244140625,1749.5999755859375,1814.4000244140625,99
2010-11-09,1771.199951171875,1800.0,1728.0,1792.800048828125,73
2010-11-10,1699.199951171875,1778.4000244140625,1699.199951171875,1749.5999755859375,73
2010-11-11,1605.5999755859375,1699.199951171875,1584.0,1699.199951171875,57
2010-11-12,1540.800048828125,1641.5999755859375,1497.5999755859375,1605.5999755859375,79
2010-11-15,1461.5999755859375,1627.199951171875,1296.0,1519.199951171875,142
2010-11-16,1447.199951171875,1483.199951171875,1418.4000244140625,1432.800048828125,73
2010-11-17,1454.4000244140625,1512.0,1411.199951171875,1454.4000244140625,42
2010-11-18,1512.0,1598.4000244140625,1490.4000244140625,1490.4000244140625,60
2010-11-19,1512.0,1648.800048828125,1396.800048828125,1490.4000244140625,82
2010-11-22,1447.199951171875,1504.800048828125,1375.199951171875,1483.199951171875,24
2010-11-23,1512.0,1519.199951171875,1404.0,1418.4000244140625,17
2010-11-24,1548.0,1548.0,1440.0,1497.5999755859375,26
2010-11-26,1562.4000244140625,1584.0,1504.800048828125,1555.199951171875,2
2010-11-29,1490.4000244140625,1555.199951171875,1432.800048828125,1432.800048828125,27
2010-11-30,1476.0,1555.199951171875,1454.4000244140625,1476.0,62
2010-12-01,1483.199951171875,1504.800048828125,1461.5999755859375,1461.5999755859375,20
2010-12-02,1447.199951171875,1504.800048828125,1447.199951171875,1490.4000244140625,19
2010-12-03,1512.0,1548.0,1454.4000244140625,1454.4000244140625,23
2010-12-06,1454.4000244140625,1548.0,1447.199951171875,1483.199951171875,24
2010-12-07,1432.800048828125,1468.800048828125,1411.199951171875,1440.0,49
2010-12-08,1404.0,1432.800048828125,1382.4000244140625,1425.5999755859375,14
2010-12-09,1310.4000244140625,1404.0,1310.4000244140625,1382.4000244140625,102
2010-12-10,1281.5999755859375,1411.199951171875,1260.0,1288.800048828125,98
2010-12-13,1296.0,1296.0,1274.4000244140625,1296.0,17
2010-12-14,1195.199951171875,1274.4000244140625,1180.800048828125,1267.199951171875,82
2010-12-15,1123.199951171875,1188.0,1123.199951171875,1188.0,117
2010-12-16,1144.800048828125,1209.5999755859375,1123.199951171875,1123.199951171875,111
2010-12-17,1144.800048828125,1216.800048828125,1137.5999755859375,1216.800048828125,22
2010-12-20,1130.4000244140625,1180.800048828125,1087.199951171875,1152.0,60
2010-12-21,1116.0,1166.4000244140625,1080.0,1116.0,91
2010-12-22,1116.0,1144.800048828125,1080.0,1101.5999755859375,53
2010-12-23,1130.4000244140625,1188.0,1101.5999755859375,1144.800048828125,104
2010-12-27,1094.4000244140625,1152.0,1051.199951171875,1123.199951171875,134
2010-12-28,1137.5999755859375,1152.0,1036.800048828125,1065.5999755859375,45
2010-12-29,1087.199951171875,1123.199951171875,1022.4000244140625,1116.0,42
2010-12-30,1130.4000244140625,1130.4000244140625,1087.199951171875,1116.0,86
2010-12-31,1130.4000244140625,1152.0,1080.0,1123.199951171875,85
2011-01-03,1087.199951171875,1116.0,1080.0,1116.0,20
2011-01-04,1238.4000244140625,1324.800048828125,1072.800048828125,1116.0,428
2011-01-05,1202.4000244140625,1252.800048828125,1173.5999755859375,1252.800048828125,43
2011-01-06,1159.199951171875,1296.0,1130.4000244140625,1267.199951171875,87
2011-01-07,1159.199951171875,1216.800048828125,1159.199951171875,1173.5999755859375,37
2011-01-10,1260.0,1281.5999755859375,1159.199951171875,1159.199951171875,69
2011-01-11,1317.5999755859375,1332.0,1267.199951171875,1267.199951171875,85
2011-01-12,1389.5999755859375,1389.5999755859375,1332.0,1368.0,89
2011-01-13,1382.4000244140625,1440.0,1382.4000244140625,1404.0,95
2011-01-14,1396.800048828125,1418.4000244140625,1332.0,1418.4000244140625,32
2011-01-18,1353.5999755859375,1368.0,1324.800048828125,1368.0,18
2011-01-19,1303.199951171875,1360.800048828125,1288.800048828125,1353.5999755859375,40
2011-01-20,1252.800048828125,1281.5999755859375,1216.800048828125,1260.0,33
2011-01-21,1252.800048828125,1267.199951171875,1166.4000244140625,1260.0,47
2011-01-24,1245.5999755859375,1267.199951171875,1195.199951171875,1195.199951171875,14
2011-01-25,1281.5999755859375,1310.4000244140625,1252.800048828125,1296.0,38
2011-01-26,1310.4000244140625,1339.199951171875,1216.800048828125,1288.800048828125,23
2011-01-27,1396.800048828125,1440.0,1339.199951171875,1339.199951171875,155
2011-01-28,1368.0,1411.199951171875,1303.199951171875,1411.199951171875,26
2011-01-31,1634.4000244140625,1735.199951171875,1346.4000244140625,1353.5999755859375,315
2011-02-01,1576.800048828125,1728.0,1476.0,1526.4000244140625,453
2011-02-02,1677.5999755859375,1677.5999755859375,1497.5999755859375,1569.5999755859375,125
2011-02-03,1612.800048828125,1692.0,1548.0,1692.0,81
2011-02-04,1620.0,1620.0,1562.4000244140625,1620.0,57
2011-02-07,1677.5999755859375,1692.0,1620.0,1684.800048828125,54
2011-02-08,1627.199951171875,1677.5999755859375,1620.0,1663.199951171875,42
2011-02-09,1670.4000244140625,1677.5999755859375,1634.4000244140625,1634.4000244140625,53
2011-02-10,1800.0,1800.0,1641.5999755859375,1641.5999755859375,287
2011-02-11,1771.199951171875,1908.0,1699.199951171875,1814.4000244140625,167
2011-02-14,1720.800048828125,1836.0,1684.800048828125,1836.0,41
2011-02-15,1576.800048828125,1692.0,1497.5999755859375,1663.199951171875,85
2011-02-16,1548.0,1584.0,1497.5999755859375,1576.800048828125,79
2011-02-17,1584.0,1656.0,1512.0,1526.4000244140625,100
2011-02-18,1706.4000244140625,1792.800048828125,1555.199951171875,1555.199951171875,106
2011-02-22,1713.5999755859375,1749.5999755859375,1692.0,1742.4000244140625,90
2011-02-23,1598.4000244140625,1728.0,1555.199951171875,1728.0,94
2011-02-24,1569.5999755859375,1634.4000244140625,1562.4000244140625,1562.4000244140625,45
2011-02-25,1627.199951171875,1677.5999755859375,1584.0,1584.0,27
2011-02-28,1656.0,1692.0,1612.800048828125,1612.800048828125,49
2011-03-01,1684.800048828125,1684.800048828125,1656.0,1656.0,17
2011-03-02,1699.199951171875,1800.0,1684.800048828125,1684.800048828125,50
2011-03-03,1720.800048828125,1814.4000244140625,1692.0,1692.0,47
2011-03-04,1663.199951171875,1800.0,1641.5999755859375,1800.0,42
2011-03-07,1670.4000244140625,1692.0,1641.5999755859375,1684.800048828125,16
2011-03-08,1699.199951171875,1771.199951171875,1648.800048828125,1648.800048828125,90
2011-03-09,1735.199951171875,1778.4000244140625,1663.199951171875,1663.199951171875,35
2011-03-10,1677.5999755859375,1706.4000244140625,1605.5999755859375,1670.4000244140625,34
2011-03-11,1677.5999755859375,1699.199951171875,1620.0,1663.199951171875,43
2011-03-14,1648.800048828125,1699.199951171875,1605.5999755859375,1699.199951171875,18
2011-03-15,1605.5999755859375,1677.5999755859375,1468.800048828125,1483.199951171875,45
2011-03-16,1540.800048828125,1612.800048828125,1526.4000244140625,1576.800048828125,13
2011-03-17,1591.199951171875,1634.4000244140625,1526.4000244140625,1526.4000244140625,15
2011-03-18,1584.0,1620.0,1548.0,1620.0,52
2011-03-21,1540.800048828125,1648.800048828125,1519.199951171875,1584.0,64
2011-03-22,1605.5999755859375,1634.4000244140625,1569.5999755859375,1605.5999755859375,9
2011-03-23,1605.5999755859375,1670.4000244140625,1584.0,1627.199951171875,36
2011-03-24,1620.0,1684.800048828125,1548.0,1620.0,43
2011-03-25,1634.4000244140625,1670.4000244140625,1598.4000244140625,1605.5999755859375,16
2011-03-28,1576.800048828125,1656.0,1569.5999755859375,1612.800048828125,37
2011-03-29,1584.0,1620.0,1576.800048828125,1576.800048828125,48
2011-03-30,1627.199951171875,1656.0,1584.0,1627.199951171875,42
2011-03-31,1656.0,1656.0,1598.4000244140625,1620.0,21
2011-04-01,1576.800048828125,1620.0,1555.199951171875,1620.0,42
2011-04-04,1519.199951171875,1605.5999755859375,1519.199951171875,1584.0,27
2011-04-05,1526.4000244140625,1584.0,1504.800048828125,1526.4000244140625,26
2011-04-06,1569.5999755859375,1634.4000244140625,1504.800048828125,1555.199951171875,39
2011-04-07,1548.0,1598.4000244140625,1548.0,1562.4000244140625,19
2011-04-08,1483.199951171875,1598.4000244140625,1447.199951171875,1598.4000244140625,46
2011-04-11,1533.5999755859375,1569.5999755859375,1476.0,1476.0,47
2011-04-12,1483.199951171875,1562.4000244140625,1483.199951171875,1533.5999755859375,29
2011-04-13,1504.800048828125,1548.0,1483.199951171875,1483.199951171875,28
2011-04-14,1519.199951171875,1540.800048828125,1483.199951171875,1533.5999755859375,7
2011-04-15,1526.4000244140625,1584.0,1476.0,1562.4000244140625,45
2011-04-18,1476.0,1548.0,1454.4000244140625,1454.4000244140625,24
2011-04-19,1526.4000244140625,1555.199951171875,1440.0,1555.199951171875,22
2011-04-20,1483.199951171875,1548.0,1447.199951171875,1476.0,20
2011-04-21,1425.5999755859375,1476.0,1411.199951171875,1476.0,11
2011-04-25,1461.5999755859375,1468.800048828125,1425.5999755859375,1440.0,11
2011-04-26,1533.5999755859375,1548.0,1454.4000244140625,1468.800048828125,64
2011-04-27,1476.0,1512.0,1432.800048828125,1512.0,50
2011-04-28,1396.800048828125,1440.0,1389.5999755859375,1440.0,24
2011-04-29,1382.4000244140625,1418.4000244140625,1375.199951171875,1396.800048828125,40
2011-05-02,1296.0,1432.800048828125,1267.199951171875,1360.800048828125,106
2011-05-03,1332.0,1368.0,1231.199951171875,1238.4000244140625,21
2011-05-04,1375.199951171875,1375.199951171875,1346.4000244140625,1353.5999755859375,25
2011-05-05,1368.0,1425.5999755859375,1281.5999755859375,1360.800048828125,101
2011-05-06,1382.4000244140625,1411.199951171875,1339.199951171875,1375.199951171875,12
2011-05-09,1332.0,1425.5999755859375,1296.0,1375.199951171875,12
2011-05-10,1389.5999755859375,1389.5999755859375,1346.4000244140625,1360.800048828125,11
2011-05-11,1360.800048828125,1411.199951171875,1360.800048828125,1382.4000244140625,4
2011-05-12,1440.0,1468.800048828125,1360.800048828125,1360.800048828125,106
2011-05-13,1353.5999755859375,1468.800048828125,1324.800048828125,1440.0,110
2011-05-16,1332.0,1360.800048828125,1324.800048828125,1353.5999755859375,57
2011-05-17,1317.5999755859375,1332.0,1303.199951171875,1303.199951171875,28
2011-05-18,1310.4000244140625,1317.5999755859375,1288.800048828125,1317.5999755859375,164
2011-05-19,1274.4000244140625,1324.800048828125,1274.4000244140625,1303.199951171875,8
2011-05-20,1310.4000244140625,1346.4000244140625,1274.4000244140625,1274.4000244140625,20
2011-05-23,1260.0,1324.800048828125,1260.0,1274.4000244140625,31
2011-05-24,1310.4000244140625,1324.800048828125,1260.0,1274.4000244140625,25
2011-05-25,1274.4000244140625,1310.4000244140625,1216.800048828125,1310.4000244140625,25
2011-05-26,1224.0,1274.4000244140625,1224.0,1245.5999755859375,13
2011-05-27,1274.4000244140625,1288.800048828125,1231.199951171875,1260.0,18
2011-05-31,1216.800048828125,1281.5999755859375,1188.0,1281.5999755859375,51
2011-06-01,1195.199951171875,1267.199951171875,1188.0,1195.199951171875,29
2011-06-02,1224.0,1224.0,1202.4000244140625,1224.0,7
2011-06-03,1224.0,1224.0,1195.199951171875,1195.199951171875,18
2011-06-06,1216.800048828125,1216.800048828125,1188.0,1195.199951171875,8
2011-06-07,1209.5999755859375,1224.0,1188.0,1216.800048828125,15
2011-06-08,1152.0,1195.199951171875,1123.199951171875,1188.0,51
2011-06-09,1166.4000244140625,1209.5999755859375,1152.0,1152.0,5
2011-06-10,1173.5999755859375,1209.5999755859375,1116.0,1166.4000244140625,14
2011-06-13,1101.5999755859375,1209.5999755859375,1094.4000244140625,1195.199951171875,52
2011-06-14,1094.4000244140625,1159.199951171875,1087.199951171875,1123.199951171875,11
2011-06-15,1101.5999755859375,1152.0,1094.4000244140625,1101.5999755859375,10
2011-06-16,1087.199951171875,1116.0,1087.199951171875,1116.0,5
2011-06-17,1123.199951171875,1166.4000244140625,1087.199951171875,1094.4000244140625,10
2011-06-20,1152.0,1166.4000244140625,1108.800048828125,1137.5999755859375,5
2011-06-21,1130.4000244140625,1173.5999755859375,1101.5999755859375,1152.0,4
2011-06-22,1166.4000244140625,1166.4000244140625,1159.199951171875,1159.199951171875,2
2011-06-23,1123.199951171875,1130.4000244140625,1087.199951171875,1130.4000244140625,13
2011-06-24,1116.0,1130.4000244140625,1094.4000244140625,1094.4000244140625,4
2011-06-27,1101.5999755859375,1130.4000244140625,1101.5999755859375,1116.0,4
2011-06-28,1094.4000244140625,1108.800048828125,1087.199951171875,1108.800048828125,10
2011-06-29,1137.5999755859375,1144.800048828125,1080.0,1123.199951171875,33
2011-06-30,1087.199951171875,1152.0,1087.199951171875,1108.800048828125,6
2011-07-01,1152.0,1152.0,1108.800048828125,1108.800048828125,13
2011-07-05,1123.199951171875,1173.5999755859375,1108.800048828125,1108.800048828125,8
2011-07-06,1087.199951171875,1123.199951171875,1087.199951171875,1116.0,10
2011-07-07,1116.0,1159.199951171875,1087.199951171875,1159.199951171875,16
2011-07-08,1130.4000244140625,1130.4000244140625,1087.199951171875,1101.5999755859375,9
2011-07-11,1094.4000244140625,1144.800048828125,1087.199951171875,1094.4000244140625,10
2011-07-12,1144.800048828125,1152.0,1116.0,1116.0,6
2011-07-13,1137.5999755859375,1166.4000244140625,1130.4000244140625,1130.4000244140625,5
2011-07-14,1159.199951171875,1159.199951171875,1123.199951171875,1144.800048828125,6
2011-07-15,1166.4000244140625,1173.5999755859375,1116.0,1173.5999755859375,9
2011-07-18,1137.5999755859375,1159.199951171875,1130.4000244140625,1130.4000244140625,10
2011-07-19,1159.199951171875,1173.5999755859375,1130.4000244140625,1166.4000244140625,10
2011-07-20,1116.0,1166.4000244140625,1094.4000244140625,1166.4000244140625,11
2011-07-21,1137.5999755859375,1152.0,1116.0,1116.0,2
2011-07-22,1116.0,1152.0,1101.5999755859375,1101.5999755859375,8
2011-07-25,1173.5999755859375,1173.5999755859375,1137.5999755859375,1152.0,5
2011-07-26,1116.0,1173.5999755859375,1116.0,1173.5999755859375,3
2011-07-27,1072.800048828125,1130.4000244140625,1058.4000244140625,1108.800048828125,45
2011-07-28,1123.199951171875,1130.4000244140625,1080.0,1080.0,13
2011-07-29,1123.199951171875,1130.4000244140625,1080.0,1101.5999755859375,6
2011-08-01,1094.4000244140625,1144.800048828125,1080.0,1144.800048828125,7
2011-08-02,1080.0,1137.5999755859375,1080.0,1137.5999755859375,8
2011-08-03,1108.800048828125,1123.199951171875,1072.800048828125,1087.199951171875,14
2011-08-04,1065.5999755859375,1080.0,1058.4000244140625,1072.800048828125,25
2011-08-05,972.0,1080.0,943.2000122070312,1058.4000244140625,30
2011-08-08,964.7999877929688,1051.199951171875,871.2000122070312,950.4000244140625,22
2011-08-09,972.0,993.5999755859375,871.2000122070312,993.5999755859375,8
2011-08-10,964.7999877929688,1058.4000244140625,964.7999877929688,972.0,6
2011-08-11,936.0,1029.5999755859375,878.4000244140625,964.7999877929688,16
2011-08-12,1008.0,1008.0,1008.0,1008.0,1
2011-08-15,900.0,957.5999755859375,892.7999877929688,943.2000122070312,31
2011-08-16,1044.0,1058.4000244140625,907.2000122070312,936.0,17
2011-08-17,943.2000122070312,1008.0,943.2000122070312,1008.0,4
2011-08-18,885.5999755859375,1008.0,885.5999755859375,921.5999755859375,33
2011-08-19,871.2000122070312,900.0,871.2000122070312,871.2000122070312,18
2011-08-22,892.7999877929688,900.0,842.4000244140625,900.0,9
2011-08-23,813.5999755859375,914.4000244140625,784.7999877929688,842.4000244140625,16
2011-08-24,878.4000244140625,878.4000244140625,770.4000244140625,777.5999755859375,7
2011-08-25,828.0,885.5999755859375,813.5999755859375,871.2000122070312,4
2011-08-26,835.2000122070312,878.4000244140625,828.0,835.2000122070312,8
2011-08-29,820.7999877929688,864.0,799.2000122070312,842.4000244140625,5
2011-08-30,835.2000122070312,842.4000244140625,784.7999877929688,842.4000244140625,6
2011-08-31,842.4000244140625,842.4000244140625,792.0,842.4000244140625,13
2011-09-01,842.4000244140625,842.4000244140625,806.4000244140625,806.4000244140625,1
2011-09-02,842.4000244140625,842.4000244140625,820.7999877929688,820.7999877929688,0
2011-09-06,813.5999755859375,842.4000244140625,799.2000122070312,799.2000122070312,5
2011-09-07,842.4000244140625,842.4000244140625,813.5999755859375,820.7999877929688,3
2011-09-08,849.5999755859375,878.4000244140625,799.2000122070312,842.4000244140625,47
2011-09-09,806.4000244140625,871.2000122070312,806.4000244140625,813.5999755859375,1
2011-09-12,828.0,842.4000244140625,806.4000244140625,806.4000244140625,2
2011-09-13,849.5999755859375,849.5999755859375,842.4000244140625,842.4000244140625,1
2011-09-14,856.7999877929688,856.7999877929688,806.4000244140625,849.5999755859375,15
2011-09-15,878.4000244140625,878.4000244140625,813.5999755859375,849.5999755859375,8
2011-09-16,828.0,864.0,820.7999877929688,864.0,7
2011-09-19,806.4000244140625,828.0,806.4000244140625,828.0,3
2011-09-20,806.4000244140625,849.5999755859375,799.2000122070312,806.4000244140625,2
2011-09-21,784.7999877929688,806.4000244140625,784.7999877929688,806.4000244140625,9
2011-09-22,763.2000122070312,864.0,763.2000122070312,828.0,16
2011-09-23,1058.4000244140625,1058.4000244140625,792.0,792.0,177
2011-09-26,986.4000244140625,1051.199951171875,928.7999877929688,1051.199951171875,20
2011-09-27,957.5999755859375,1051.199951171875,892.7999877929688,914.4000244140625,37
2011-09-28,928.7999877929688,1036.800048828125,885.5999755859375,885.5999755859375,8
2011-09-29,900.0,1029.5999755859375,878.4000244140625,1008.0,19
2011-09-30,914.4000244140625,957.5999755859375,828.0,921.5999755859375,8
2011-10-03,864.0,871.2000122070312,864.0,871.2000122070312,27
2011-10-04,878.4000244140625,921.5999755859375,856.7999877929688,856.7999877929688,9
2011-10-05,842.4000244140625,856.7999877929688,799.2000122070312,799.2000122070312,2
2011-10-06,878.4000244140625,878.4000244140625,806.4000244140625,806.4000244140625,4
2011-10-07,878.4000244140625,878.4000244140625,806.4000244140625,813.5999755859375,3
2011-10-10,885.5999755859375,928.7999877929688,813.5999755859375,928.7999877929688,5
2011-10-11,871.2000122070312,979.2000122070312,820.7999877929688,979.2000122070312,4
2011-10-12,914.4000244140625,914.4000244140625,914.4000244140625,914.4000244140625,0
2011-10-13,828.0,842.4000244140625,828.0,842.4000244140625,11
2011-10-14,885.5999755859375,936.0,842.4000244140625,842.4000244140625,10
2011-10-17,900.0,914.4000244140625,871.2000122070312,914.4000244140625,3
2011-10-18,871.2000122070312,928.7999877929688,864.0,864.0,16
2011-10-19,849.5999755859375,936.0,849.5999755859375,900.0,22
2011-10-20,849.5999755859375,928.7999877929688,842.4000244140625,849.5999755859375,1
2011-10-21,900.0,928.7999877929688,871.2000122070312,928.7999877929688,8
2011-10-24,799.2000122070312,856.7999877929688,784.7999877929688,849.5999755859375,48
2011-10-25,856.7999877929688,856.7999877929688,799.2000122070312,799.2000122070312,15
2011-10-26,806.4000244140625,878.4000244140625,799.2000122070312,856.7999877929688,2
2011-10-27,813.5999755859375,885.5999755859375,813.5999755859375,856.7999877929688,12
2011-10-28,828.0,871.2000122070312,820.7999877929688,842.4000244140625,17
2011-10-31,871.2000122070312,878.4000244140625,813.5999755859375,813.5999755859375,32
2011-11-01,864.0,900.0,828.0,885.5999755859375,4
2011-11-02,864.0,900.0,864.0,900.0,2
2011-11-03,892.7999877929688,900.0,871.2000122070312,900.0,3
2011-11-04,871.2000122070312,892.7999877929688,871.2000122070312,885.5999755859375,3
2011-11-07,864.0,871.2000122070312,842.4000244140625,842.4000244140625,9
2011-11-08,842.4000244140625,849.5999755859375,835.2000122070312,835.2000122070312,7
2011-11-09,878.4000244140625,892.7999877929688,835.2000122070312,835.2000122070312,14
2011-11-10,849.5999755859375,878.4000244140625,835.2000122070312,835.2000122070312,5
2011-11-11,871.2000122070312,878.4000244140625,835.2000122070312,849.5999755859375,5
2011-11-14,878.4000244140625,892.7999877929688,835.2000122070312,835.2000122070312,16
2011-11-15,885.5999755859375,921.5999755859375,849.5999755859375,892.7999877929688,40
2011-11-16,856.7999877929688,907.2000122070312,828.0,878.4000244140625,15
2011-11-17,892.7999877929688,900.0,828.0,878.4000244140625,16
2011-11-18,928.7999877929688,936.0,849.5999755859375,928.7999877929688,6
2011-11-21,921.5999755859375,936.0,921.5999755859375,928.7999877929688,1
2011-11-22,921.5999755859375,921.5999755859375,921.5999755859375,921.5999755859375,0
2011-11-23,878.4000244140625,957.5999755859375,849.5999755859375,878.4000244140625,5
2011-11-25,878.4000244140625,878.4000244140625,878.4000244140625,878.4000244140625,0
2011-11-28,878.4000244140625,986.4000244140625,878.4000244140625,914.4000244140625,14
2011-11-29,878.4000244140625,943.2000122070312,878.4000244140625,936.0,2
2011-11-30,849.5999755859375,957.5999755859375,849.5999755859375,907.2000122070312,12
2011-12-01,828.0,892.7999877929688,828.0,849.5999755859375,17
2011-12-02,770.4000244140625,871.2000122070312,741.5999755859375,871.2000122070312,39
2011-12-05,720.0,792.0,720.0,756.0,32
2011-12-06,756.0,784.7999877929688,705.5999755859375,720.0,31
2011-12-07,720.0,756.0,705.5999755859375,720.0,31
2011-12-08,691.2000122070312,784.7999877929688,669.5999755859375,734.4000244140625,11
2011-12-09,691.2000122070312,691.2000122070312,691.2000122070312,691.2000122070312,0
2011-12-12,734.4000244140625,741.5999755859375,720.0,741.5999755859375,5
2011-12-13,734.4000244140625,741.5999755859375,698.4000244140625,741.5999755859375,4
2011-12-14,720.0,741.5999755859375,655.2000122070312,691.2000122070312,6
2011-12-15,734.4000244140625,763.2000122070312,684.0,748.7999877929688,30
2011-12-16,720.0,720.0,655.2000122070312,655.2000122070312,14
2011-12-19,640.7999877929688,684.0,633.5999755859375,684.0,45
2011-12-20,648.0,669.5999755859375,640.7999877929688,648.0,25
2011-12-21,612.0,669.5999755859375,612.0,619.2000122070312,17
2011-12-22,698.4000244140625,698.4000244140625,590.4000244140625,590.4000244140625,5
2011-12-23,669.5999755859375,691.2000122070312,612.0,612.0,21
2011-12-27,619.2000122070312,655.2000122070312,597.5999755859375,633.5999755859375,35
2011-12-28,597.5999755859375,640.7999877929688,597.5999755859375,597.5999755859375,28
2011-12-29,583.2000122070312,612.0,583.2000122070312,583.2000122070312,24
2011-12-30,583.2000122070312,612.0,561.5999755859375,590.4000244140625,55
2012-01-03,640.7999877929688,648.0,612.0,612.0,10
2012-01-04,648.0,648.0,583.2000122070312,583.2000122070312,1
2012-01-05,648.0,648.0,626.4000244140625,626.4000244140625,1
2012-01-06,640.7999877929688,648.0,590.4000244140625,648.0,4
2012-01-09,626.4000244140625,648.0,583.2000122070312,626.4000244140625,12
2012-01-10,655.2000122070312,655.2000122070312,612.0,619.2000122070312,8
2012-01-11,612.0,662.4000244140625,612.0,655.2000122070312,16
2012-01-12,590.4000244140625,612.0,583.2000122070312,612.0,36
2012-01-13,583.2000122070312,655.2000122070312,583.2000122070312,590.4000244140625,15
2012-01-17,633.5999755859375,633.5999755859375,590.4000244140625,590.4000244140625,15
2012-01-18,604.7999877929688,640.7999877929688,597.5999755859375,597.5999755859375,19
2012-01-19,604.7999877929688,612.0,576.0,612.0,24
2012-01-20,568.7999877929688,597.5999755859375,561.5999755859375,583.2000122070312,42
2012-01-23,561.5999755859375,576.0,554.4000244140625,554.4000244140625,11
2012-01-24,561.5999755859375,612.0,540.0,554.4000244140625,37
2012-01-25,561.5999755859375,583.2000122070312,540.0,561.5999755859375,45
2012-01-26,576.0,597.5999755859375,554.4000244140625,576.0,68
2012-01-27,576.0,604.7999877929688,576.0,583.2000122070312,17
2012-01-30,612.0,612.0,540.0,561.5999755859375,3
2012-01-31,590.4000244140625,590.4000244140625,554.4000244140625,561.5999755859375,1
2012-02-01,590.4000244140625,590.4000244140625,590.4000244140625,590.4000244140625,0
2012-02-02,590.4000244140625,590.4000244140625,590.4000244140625,590.4000244140625,0
2012-02-03,590.4000244140625,590.4000244140625,547.2000122070312,590.4000244140625,4
2012-02-06,590.4000244140625,590.4000244140625,540.0,561.5999755859375,6
2012-02-07,604.7999877929688,604.7999877929688,568.7999877929688,568.7999877929688,1
2012-02-08,604.7999877929688,604.7999877929688,561.5999755859375,604.7999877929688,32
2012-02-09,554.4000244140625,597.5999755859375,547.2000122070312,568.7999877929688,18
2012-02-10,554.4000244140625,576.0,540.0,554.4000244140625,8
2012-02-13,540.0,554.4000244140625,540.0,554.4000244140625,2
2012-02-14,547.2000122070312,554.4000244140625,540.0,540.0,17
2012-02-15,597.5999755859375,597.5999755859375,547.2000122070312,554.4000244140625,13
2012-02-16,568.7999877929688,597.5999755859375,561.5999755859375,576.0,8
2012-02-17,568.7999877929688,590.4000244140625,568.7999877929688,568.7999877929688,5
2012-02-21,568.7999877929688,583.2000122070312,540.0,547.2000122070312,13
2012-02-22,576.0,576.0,568.7999877929688,568.7999877929688,3
2012-02-23,576.0,576.0,540.0,540.0,6
2012-02-24,554.4000244140625,576.0,554.4000244140625,576.0,37
2012-02-27,561.5999755859375,568.7999877929688,554.4000244140625,554.4000244140625,6
2012-02-28,568.7999877929688,576.0,554.4000244140625,561.5999755859375,5
2012-02-29,568.7999877929688,568.7999877929688,568.7999877929688,568.7999877929688,3
2012-03-01,540.0,568.7999877929688,518.4000244140625,554.4000244140625,51
2012-03-02,547.2000122070312,561.5999755859375,525.5999755859375,525.5999755859375,12
2012-03-05,568.7999877929688,568.7999877929688,540.0,547.2000122070312,4
2012-03-06,540.0,568.7999877929688,540.0,568.7999877929688,9
2012-03-07,561.5999755859375,568.7999877929688,540.0,540.0,7
2012-03-08,540.0,540.0,518.4000244140625,540.0,7
2012-03-09,532.7999877929688,547.2000122070312,489.6000061035156,504.0,5
2012-03-12,518.4000244140625,547.2000122070312,482.3999938964844,532.7999877929688,12
2012-03-13,518.4000244140625,518.4000244140625,482.3999938964844,496.79998779296875,22
2012-03-14,489.6000061035156,532.7999877929688,468.0,489.6000061035156,8
2012-03-15,432.0,504.0,432.0,446.3999938964844,11
2012-03-16,518.4000244140625,518.4000244140625,468.0,482.3999938964844,23
2012-03-19,547.2000122070312,554.4000244140625,504.0,511.20001220703125,38
2012-03-20,554.4000244140625,561.5999755859375,540.0,561.5999755859375,20
2012-03-21,496.79998779296875,532.7999877929688,496.79998779296875,496.79998779296875,3
2012-03-22,482.3999938964844,496.79998779296875,468.0,496.79998779296875,7
2012-03-23,525.5999755859375,525.5999755859375,482.3999938964844,482.3999938964844,15
2012-03-26,504.0,525.5999755859375,504.0,525.5999755859375,7
2012-03-27,489.6000061035156,525.5999755859375,482.3999938964844,518.4000244140625,6
2012-03-28,518.4000244140625,525.5999755859375,482.3999938964844,482.3999938964844,11
2012-03-29,561.5999755859375,561.5999755859375,504.0,518.4000244140625,21
2012-03-30,561.5999755859375,568.7999877929688,547.2000122070312,547.2000122070312,39
2012-04-02,576.0,576.0,554.4000244140625,554.4000244140625,19
2012-04-03,590.4000244140625,604.7999877929688,576.0,576.0,11
2012-04-04,648.0,684.0,561.5999755859375,604.7999877929688,261
2012-04-05,590.4000244140625,662.4000244140625,583.2000122070312,662.4000244140625,33
2012-04-09,576.0,590.4000244140625,561.5999755859375,590.4000244140625,16
2012-04-10,633.5999755859375,676.7999877929688,576.0,583.2000122070312,22
2012-04-11,662.4000244140625,676.7999877929688,597.5999755859375,648.0,64
2012-04-12,676.7999877929688,691.2000122070312,676.7999877929688,676.7999877929688,25
2012-04-13,698.4000244140625,698.4000244140625,648.0,698.4000244140625,29
2012-04-16,684.0,705.5999755859375,655.2000122070312,698.4000244140625,4
2012-04-17,662.4000244140625,698.4000244140625,655.2000122070312,698.4000244140625,3
2012-04-18,698.4000244140625,698.4000244140625,655.2000122070312,698.4000244140625,29
2012-04-19,684.0,705.5999755859375,676.7999877929688,684.0,17
2012-04-20,705.5999755859375,705.5999755859375,676.7999877929688,676.7999877929688,8
2012-04-23,705.5999755859375,705.5999755859375,648.0,705.5999755859375,18
2012-04-24,712.7999877929688,712.7999877929688,669.5999755859375,669.5999755859375,27
2012-04-25,741.5999755859375,741.5999755859375,669.5999755859375,698.4000244140625,34
2012-04-26,799.2000122070312,813.5999755859375,684.0,741.5999755859375,35
2012-04-27,784.7999877929688,813.5999755859375,727.2000122070312,770.4000244140625,25
2012-04-30,748.7999877929688,777.5999755859375,720.0,777.5999755859375,21
2012-05-01,748.7999877929688,792.0,698.4000244140625,792.0,17
2012-05-02,734.4000244140625,770.4000244140625,720.0,770.4000244140625,3
2012-05-03,727.2000122070312,734.4000244140625,655.2000122070312,734.4000244140625,33
2012-05-04,684.0,727.2000122070312,684.0,684.0,14
2012-05-07,727.2000122070312,770.4000244140625,684.0,734.4000244140625,129
2012-05-08,734.4000244140625,734.4000244140625,684.0,684.0,4
2012-05-09,748.7999877929688,748.7999877929688,727.2000122070312,727.2000122070312,8
2012-05-10,748.7999877929688,756.0,727.2000122070312,741.5999755859375,11
2012-05-11,712.7999877929688,756.0,669.5999755859375,756.0,19
2012-05-14,691.2000122070312,741.5999755859375,691.2000122070312,691.2000122070312,2
2012-05-15,669.5999755859375,698.4000244140625,669.5999755859375,669.5999755859375,26
2012-05-16,727.2000122070312,727.2000122070312,655.2000122070312,655.2000122070312,6
2012-05-17,712.7999877929688,734.4000244140625,669.5999755859375,734.4000244140625,10
2012-05-18,662.4000244140625,727.2000122070312,662.4000244140625,727.2000122070312,3
2012-05-21,712.7999877929688,741.5999755859375,669.5999755859375,676.7999877929688,12
2012-05-22,669.5999755859375,712.7999877929688,669.5999755859375,691.2000122070312,2
2012-05-23,720.0,720.0,691.2000122070312,705.5999755859375,72
2012-05-24,648.0,705.5999755859375,648.0,705.5999755859375,13
2012-05-25,626.4000244140625,676.7999877929688,612.0,655.2000122070312,16
2012-05-29,698.4000244140625,712.7999877929688,576.0,604.7999877929688,30
2012-05-30,684.0,684.0,676.7999877929688,676.7999877929688,2
2012-05-31,684.0,684.0,684.0,684.0,3
2012-06-01,662.4000244140625,676.7999877929688,633.5999755859375,633.5999755859375,18
2012-06-04,612.0,662.4000244140625,597.5999755859375,626.4000244140625,10
2012-06-05,676.7999877929688,684.0,612.0,612.0,11
2012-06-06,676.7999877929688,684.0,648.0,648.0,11
2012-06-07,669.5999755859375,669.5999755859375,669.5999755859375,669.5999755859375,2
2012-06-08,676.7999877929688,684.0,590.4000244140625,619.2000122070312,11
2012-06-11,619.2000122070312,619.2000122070312,619.2000122070312,619.2000122070312,1
2012-06-12,626.4000244140625,626.4000244140625,626.4000244140625,626.4000244140625,1
2012-06-13,640.7999877929688,676.7999877929688,626.4000244140625,640.7999877929688,15
2012-06-14,684.0,684.0,684.0,684.0,1
2012-06-15,669.5999755859375,684.0,669.5999755859375,684.0,1
2012-06-18,684.0,684.0,590.4000244140625,619.2000122070312,6
2012-06-19,676.7999877929688,684.0,626.4000244140625,655.2000122070312,3
2012-06-20,612.0,619.2000122070312,612.0,619.2000122070312,13
2012-06-21,619.2000122070312,640.7999877929688,619.2000122070312,626.4000244140625,1
2012-06-22,619.2000122070312,619.2000122070312,612.0,619.2000122070312,6
2012-06-25,633.5999755859375,633.5999755859375,619.2000122070312,619.2000122070312,2
2012-06-26,576.0,633.5999755859375,576.0,612.0,10
2012-06-27,576.0,626.4000244140625,554.4000244140625,568.7999877929688,9
2012-06-28,576.0,576.0,576.0,576.0,0
2012-06-29,525.5999755859375,576.0,518.4000244140625,525.5999755859375,6
2012-07-02,532.7999877929688,568.7999877929688,504.0,525.5999755859375,18
2012-07-03,511.20001220703125,532.7999877929688,511.20001220703125,532.7999877929688,0
2012-07-05,511.20001220703125,511.20001220703125,511.20001220703125,511.20001220703125,0
2012-07-06,496.79998779296875,496.79998779296875,496.79998779296875,496.79998779296875,7
2012-07-09,504.0,532.7999877929688,496.79998779296875,496.79998779296875,1
2012-07-10,439.20001220703125,504.0,424.79998779296875,504.0,49
2012-07-11,439.20001220703125,496.79998779296875,417.6000061035156,432.0,32
2012-07-12,432.0,432.0,432.0,432.0,6
2012-07-13,475.20001220703125,475.20001220703125,475.20001220703125,475.20001220703125,2
2012-07-16,475.20001220703125,475.20001220703125,417.6000061035156,475.20001220703125,2
2012-07-17,446.3999938964844,446.3999938964844,446.3999938964844,446.3999938964844,2
2012-07-18,496.79998779296875,504.0,432.0,439.20001220703125,8
2012-07-19,496.79998779296875,496.79998779296875,496.79998779296875,496.79998779296875,0
2012-07-20,496.79998779296875,496.79998779296875,496.79998779296875,496.79998779296875,0
2012-07-23,496.79998779296875,496.79998779296875,496.79998779296875,496.79998779296875,0
2012-07-24,460.79998779296875,489.6000061035156,424.79998779296875,446.3999938964844,4
2012-07-25,475.20001220703125,475.20001220703125,410.3999938964844,439.20001220703125,7
2012-07-26,475.20001220703125,475.20001220703125,475.20001220703125,475.20001220703125,0
2012-07-27,432.0,489.6000061035156,403.20001220703125,489.6000061035156,6
2012-07-30,417.6000061035156,460.79998779296875,403.20001220703125,403.20001220703125,9
2012-07-31,460.79998779296875,468.0,403.20001220703125,403.20001220703125,2
2012-08-01,460.79998779296875,482.3999938964844,403.20001220703125,403.20001220703125,4
2012-08-02,468.0,468.0,460.79998779296875,460.79998779296875,1
2012-08-03,475.20001220703125,475.20001220703125,475.20001220703125,475.20001220703125,1
2012-08-06,424.79998779296875,460.79998779296875,424.79998779296875,460.79998779296875,9
2012-08-07,410.3999938964844,460.79998779296875,410.3999938964844,410.3999938964844,14
2012-08-08,403.20001220703125,403.20001220703125,374.3999938964844,403.20001220703125,11
2012-08-09,482.3999938964844,482.3999938964844,432.0,432.0,25
2012-08-10,432.0,511.20001220703125,417.6000061035156,511.20001220703125,8
2012-08-13,432.0,432.0,410.3999938964844,417.6000061035156,1
2012-08-14,446.3999938964844,446.3999938964844,403.20001220703125,410.3999938964844,2
2012-08-15,453.6000061035156,460.79998779296875,403.20001220703125,403.20001220703125,5
2012-08-16,410.3999938964844,468.0,410.3999938964844,453.6000061035156,5
2012-08-17,417.6000061035156,417.6000061035156,417.6000061035156,417.6000061035156,1
2012-08-20,417.6000061035156,417.6000061035156,417.6000061035156,417.6000061035156,0
2012-08-21,403.20001220703125,453.6000061035156,381.6000061035156,453.6000061035156,9
2012-08-22,410.3999938964844,432.0,381.6000061035156,381.6000061035156,4
2012-08-23,403.20001220703125,403.20001220703125,403.20001220703125,403.20001220703125,0
2012-08-24,381.6000061035156,396.0,381.6000061035156,396.0,3
2012-08-27,396.0,446.3999938964844,374.3999938964844,374.3999938964844,5
2012-08-28,446.3999938964844,446.3999938964844,367.20001220703125,367.20001220703125,5
2012-08-29,439.20001220703125,439.20001220703125,439.20001220703125,439.20001220703125,0
2012-08-30,403.20001220703125,403.20001220703125,403.20001220703125,403.20001220703125,3
2012-08-31,374.3999938964844,374.3999938964844,374.3999938964844,374.3999938964844,2
2012-09-04,403.20001220703125,403.20001220703125,360.0,374.3999938964844,28
2012-09-05,403.20001220703125,403.20001220703125,403.20001220703125,403.20001220703125,0
2012-09-06,504.0,590.4000244140625,475.20001220703125,547.2000122070312,164
2012-09-07,504.0,540.0,489.6000061035156,525.5999755859375,62
2012-09-10,511.20001220703125,554.4000244140625,504.0,504.0,8
2012-09-11,540.0,561.5999755859375,496.79998779296875,561.5999755859375,5
2012-09-12,518.4000244140625,547.2000122070312,504.0,547.2000122070312,14
2012-09-13,439.20001220703125,525.5999755859375,432.0,525.5999755859375,22
2012-09-14,475.20001220703125,475.20001220703125,417.6000061035156,424.79998779296875,26
2012-09-17,460.79998779296875,475.20001220703125,388.79998779296875,475.20001220703125,21
2012-09-18,489.6000061035156,518.4000244140625,475.20001220703125,475.20001220703125,51
2012-09-19,482.3999938964844,518.4000244140625,475.20001220703125,475.20001220703125,44
2012-09-20,518.4000244140625,518.4000244140625,460.79998779296875,468.0,5
2012-09-21,432.0,525.5999755859375,432.0,518.4000244140625,11
2012-09-24,460.79998779296875,511.20001220703125,432.0,511.20001220703125,8
2012-09-25,482.3999938964844,496.79998779296875,475.20001220703125,496.79998779296875,15
2012-09-26,410.3999938964844,511.20001220703125,410.3999938964844,482.3999938964844,5
2012-09-27,468.0,468.0,396.0,396.0,9
2012-09-28,446.3999938964844,446.3999938964844,403.20001220703125,446.3999938964844,11
2012-10-01,446.3999938964844,468.0,446.3999938964844,460.79998779296875,11
2012-10-02,417.6000061035156,460.79998779296875,396.0,460.79998779296875,9
2012-10-03,460.79998779296875,460.79998779296875,396.0,396.0,2
2012-10-04,432.0,432.0,432.0,432.0,1
2012-10-05,417.6000061035156,417.6000061035156,396.0,396.0,12
2012-10-08,410.3999938964844,439.20001220703125,381.6000061035156,439.20001220703125,8
2012-10-09,460.79998779296875,460.79998779296875,388.79998779296875,388.79998779296875,16
2012-10-10,396.0,460.79998779296875,396.0,460.79998779296875,7
2012-10-11,468.0,468.0,410.3999938964844,460.79998779296875,6
2012-10-12,468.0,468.0,468.0,468.0,0
2012-10-15,460.79998779296875,460.79998779296875,403.20001220703125,403.20001220703125,3
2012-10-16,453.6000061035156,460.79998779296875,403.20001220703125,403.20001220703125,1
2012-10-17,460.79998779296875,460.79998779296875,417.6000061035156,432.0,3
2012-10-18,460.79998779296875,460.79998779296875,460.79998779296875,460.79998779296875,0
2012-10-19,424.79998779296875,432.0,424.79998779296875,432.0,17
2012-10-22,403.20001220703125,446.3999938964844,388.79998779296875,396.0,7
2012-10-23,374.3999938964844,439.20001220703125,374.3999938964844,388.79998779296875,9
2012-10-24,388.79998779296875,388.79998779296875,388.79998779296875,388.79998779296875,0
2012-10-25,388.79998779296875,388.79998779296875,388.79998779296875,388.79998779296875,0
2012-10-26,417.6000061035156,417.6000061035156,388.79998779296875,388.79998779296875,2
2012-10-31,396.0,417.6000061035156,388.79998779296875,417.6000061035156,15
2012-11-01,388.79998779296875,396.0,374.3999938964844,396.0,31
2012-11-02,381.6000061035156,417.6000061035156,374.3999938964844,374.3999938964844,65
2012-11-05,410.3999938964844,424.79998779296875,367.20001220703125,367.20001220703125,3
2012-11-06,388.79998779296875,388.79998779296875,381.6000061035156,381.6000061035156,10
2012-11-07,360.0,360.0,360.0,360.0,6
2012-11-08,360.0,360.0,360.0,360.0,0
2012-11-09,396.0,396.0,396.0,396.0,0
2012-11-12,360.0,360.0,360.0,360.0,10
2012-11-13,374.3999938964844,374.3999938964844,360.0,360.0,9
2012-11-14,352.79998779296875,388.79998779296875,352.79998779296875,381.6000061035156,27
2012-11-15,352.79998779296875,352.79998779296875,352.79998779296875,352.79998779296875,3
2012-11-16,360.0,374.3999938964844,331.20001220703125,338.3999938964844,27
2012-11-19,367.20001220703125,367.20001220703125,324.0,324.0,12
2012-11-20,367.20001220703125,367.20001220703125,367.20001220703125,367.20001220703125,0
2012-11-21,324.0,352.79998779296875,324.0,352.79998779296875,2
2012-11-23,338.3999938964844,338.3999938964844,338.3999938964844,338.3999938964844,9
2012-11-26,331.20001220703125,345.6000061035156,324.0,324.0,2
2012-11-27,324.0,381.6000061035156,324.0,352.79998779296875,55
2012-11-28,324.0,374.3999938964844,324.0,374.3999938964844,11
2012-11-29,367.20001220703125,381.6000061035156,316.79998779296875,381.6000061035156,10
2012-11-30,316.79998779296875,360.0,316.79998779296875,352.79998779296875,19
2012-12-03,345.6000061035156,374.3999938964844,309.6000061035156,309.6000061035156,2
2012-12-04,324.0,367.20001220703125,302.3999938964844,352.79998779296875,30
2012-12-05,338.3999938964844,360.0,302.3999938964844,338.3999938964844,9
2012-12-06,388.79998779296875,388.79998779296875,338.3999938964844,338.3999938964844,12
2012-12-07,338.3999938964844,367.20001220703125,309.6000061035156,367.20001220703125,21
2012-12-10,316.79998779296875,360.0,280.79998779296875,360.0,109
2012-12-11,338.3999938964844,345.6000061035156,288.0,316.79998779296875,37
2012-12-12,288.0,302.3999938964844,288.0,302.3999938964844,45
2012-12-13,295.20001220703125,381.6000061035156,288.0,295.20001220703125,63
2012-12-14,316.79998779296875,316.79998779296875,295.20001220703125,295.20001220703125,6
2012-12-17,288.0,302.3999938964844,280.79998779296875,302.3999938964844,92
2012-12-18,316.79998779296875,316.79998779296875,266.3999938964844,280.79998779296875,93
2012-12-19,295.20001220703125,302.3999938964844,288.0,295.20001220703125,106
2012-12-20,280.79998779296875,316.79998779296875,280.79998779296875,288.0,134
2012-12-21,266.3999938964844,288.0,252.0,252.0,10
2012-12-24,266.3999938964844,295.20001220703125,252.0,259.20001220703125,56
2012-12-26,259.20001220703125,259.20001220703125,244.8000030517578,259.20001220703125,80
2012-12-27,259.20001220703125,259.20001220703125,230.39999389648438,244.8000030517578,32
2012-12-28,237.60000610351562,273.6000061035156,237.60000610351562,237.60000610351562,23
2012-12-31,237.60000610351562,244.8000030517578,216.0,237.60000610351562,100
2013-01-02,302.3999938964844,302.3999938964844,273.6000061035156,273.6000061035156,24
2013-01-03,316.79998779296875,316.79998779296875,288.0,302.3999938964844,24
2013-01-04,324.0,338.3999938964844,266.3999938964844,316.79998779296875,10
2013-01-07,288.0,324.0,280.79998779296875,324.0,17
2013-01-08,309.6000061035156,309.6000061035156,280.79998779296875,309.6000061035156,4
2013-01-09,309.6000061035156,309.6000061035156,280.79998779296875,309.6000061035156,8
2013-01-10,273.6000061035156,288.0,259.20001220703125,266.3999938964844,19
2013-01-11,302.3999938964844,302.3999938964844,273.6000061035156,288.0,40
2013-01-14,280.79998779296875,309.6000061035156,266.3999938964844,273.6000061035156,13
2013-01-15,280.79998779296875,280.79998779296875,259.20001220703125,259.20001220703125,7
2013-01-16,266.3999938964844,324.0,259.20001220703125,302.3999938964844,32
2013-01-17,288.0,288.0,259.20001220703125,259.20001220703125,6
2013-01-18,280.79998779296875,280.79998779296875,273.6000061035156,273.6000061035156,3
2013-01-22,288.0,288.0,266.3999938964844,266.3999938964844,9
2013-01-23,280.79998779296875,280.79998779296875,259.20001220703125,259.20001220703125,1
2013-01-24,324.0,324.0,259.20001220703125,259.20001220703125,15
2013-01-25,288.0,324.0,266.3999938964844,273.6000061035156,56
2013-01-28,288.0,288.0,273.6000061035156,273.6000061035156,25
2013-01-29,273.6000061035156,309.6000061035156,266.3999938964844,266.3999938964844,13
2013-01-30,302.3999938964844,309.6000061035156,273.6000061035156,302.3999938964844,24
2013-01-31,302.3999938964844,324.0,302.3999938964844,302.3999938964844,3
2013-02-01,259.20001220703125,316.79998779296875,259.20001220703125,302.3999938964844,39
2013-02-04,237.60000610351562,259.20001220703125,230.39999389648438,259.20001220703125,55
2013-02-05,237.60000610351562,259.20001220703125,230.39999389648438,230.39999389648438,33
2013-02-06,230.39999389648438,252.0,208.8000030517578,223.1999969482422,49
2013-02-07,223.1999969482422,230.39999389648438,194.39999389648438,208.8000030517578,75
2013-02-08,244.8000030517578,244.8000030517578,187.1999969482422,223.1999969482422,93
2013-02-11,230.39999389648438,244.8000030517578,201.60000610351562,237.60000610351562,20
2013-02-12,223.1999969482422,230.39999389648438,194.39999389648438,230.39999389648438,18
2013-02-13,223.1999969482422,230.39999389648438,201.60000610351562,230.39999389648438,31
2013-02-14,244.8000030517578,244.8000030517578,216.0,223.1999969482422,14
2013-02-15,208.8000030517578,244.8000030517578,201.60000610351562,201.60000610351562,20
2013-02-19,244.8000030517578,259.20001220703125,223.1999969482422,259.20001220703125,59
2013-02-20,216.0,244.8000030517578,216.0,244.8000030517578,30
2013-02-21,244.8000030517578,244.8000030517578,216.0,223.1999969482422,5
2013-02-22,266.3999938964844,273.6000061035156,208.8000030517578,273.6000061035156,46
2013-02-25,252.0,273.6000061035156,223.1999969482422,273.6000061035156,8
2013-02-26,223.1999969482422,273.6000061035156,223.1999969482422,266.3999938964844,15
2013-02-27,273.6000061035156,273.6000061035156,230.39999389648438,230.39999389648438,19
2013-02-28,273.6000061035156,273.6000061035156,237.60000610351562,273.6000061035156,11
2013-03-01,237.60000610351562,273.6000061035156,223.1999969482422,259.20001220703125,21
2013-03-04,230.39999389648438,230.39999389648438,230.39999389648438,230.39999389648438,2
2013-03-05,216.0,266.3999938964844,216.0,216.0,71
2013-03-06,216.0,237.60000610351562,208.8000030517578,208.8000030517578,3
2013-03-07,208.8000030517578,223.1999969482422,201.60000610351562,208.8000030517578,78
2013-03-08,216.0,223.1999969482422,187.1999969482422,201.60000610351562,56
2013-03-11,194.39999389648438,216.0,187.1999969482422,216.0,20
2013-03-12,216.0,230.39999389648438,194.39999389648438,216.0,64
2013-03-13,216.0,216.0,194.39999389648438,216.0,14
2013-03-14,208.8000030517578,230.39999389648438,208.8000030517578,230.39999389648438,14
2013-03-15,216.0,216.0,194.39999389648438,216.0,21
2013-03-18,249.60000610351562,266.3999938964844,151.1999969482422,151.1999969482422,660
2013-03-19,213.60000610351562,252.0,204.0,252.0,107
2013-03-20,228.0,258.0,199.1999969482422,211.1999969482422,331
2013-03-21,224.39999389648438,288.0,212.39999389648438,236.39999389648438,158
2013-03-22,240.0,240.0,217.1999969482422,217.1999969482422,19
2013-03-25,246.0,252.0,224.39999389648438,238.8000030517578,60
2013-03-26,272.3999938964844,278.3999938964844,248.39999389648438,248.39999389648438,44
2013-03-27,288.0,288.0,247.1999969482422,259.20001220703125,80
2013-03-28,283.20001220703125,290.3999938964844,252.0,290.3999938964844,70
2013-04-01,261.6000061035156,286.79998779296875,261.6000061035156,286.79998779296875,28
2013-04-02,279.6000061035156,279.6000061035156,242.39999389648438,262.79998779296875,28
2013-04-03,244.8000030517578,276.0,242.39999389648438,276.0,68
2013-04-04,248.39999389648438,268.79998779296875,240.0,244.8000030517578,16
2013-04-05,292.79998779296875,292.79998779296875,240.0,240.0,135
2013-04-08,288.0,292.79998779296875,254.39999389648438,271.20001220703125,39
2013-04-09,267.6000061035156,288.0,266.3999938964844,270.0,21
2013-04-10,273.6000061035156,274.79998779296875,249.60000610351562,249.60000610351562,56
2013-04-11,270.0,273.6000061035156,258.0,260.3999938964844,43
2013-04-12,276.0,276.0,265.20001220703125,274.79998779296875,210
2013-04-15,255.60000610351562,283.20001220703125,255.60000610351562,283.20001220703125,48
2013-04-16,272.3999938964844,272.3999938964844,261.6000061035156,261.6000061035156,2
2013-04-17,252.0,267.6000061035156,252.0,258.0,16
2013-04-18,270.0,272.3999938964844,242.39999389648438,244.8000030517578,44
2013-04-19,268.79998779296875,271.20001220703125,267.6000061035156,270.0,30
2013-04-22,271.20001220703125,274.79998779296875,255.60000610351562,274.79998779296875,12
2013-04-23,270.0,270.0,258.0,266.3999938964844,13
2013-04-24,270.0,270.0,270.0,270.0,0
2013-04-25,272.3999938964844,274.79998779296875,258.0,259.20001220703125,39
2013-04-26,271.20001220703125,273.6000061035156,255.60000610351562,255.60000610351562,21
2013-04-29,271.20001220703125,271.20001220703125,271.20001220703125,271.20001220703125,0
2013-04-30,250.8000030517578,268.79998779296875,250.8000030517578,252.0,11
2013-05-01,267.6000061035156,268.79998779296875,246.0,249.60000610351562,183
2013-05-02,247.1999969482422,252.0,247.1999969482422,252.0,6
2013-05-03,258.0,267.6000061035156,247.1999969482422,258.0,7
2013-05-06,265.20001220703125,267.6000061035156,249.60000610351562,250.8000030517578,31
2013-05-07,262.79998779296875,262.79998779296875,255.60000610351562,262.79998779296875,56
2013-05-08,264.0,264.0,254.39999389648438,256.79998779296875,31
2013-05-09,363.6000061035156,384.0,256.79998779296875,256.79998779296875,429
2013-05-10,513.5999755859375,672.0,369.6000061035156,369.6000061035156,4638
2013-05-13,508.79998779296875,555.5999755859375,466.79998779296875,520.7999877929688,1163
2013-05-14,495.6000061035156,513.5999755859375,480.0,500.3999938964844,422
2013-05-15,463.20001220703125,512.4000244140625,456.0,486.0,425
2013-05-16,439.20001220703125,469.20001220703125,436.79998779296875,456.0,378
2013-05-17,424.79998779296875,465.6000061035156,422.3999938964844,448.79998779296875,262
2013-05-20,408.0,428.3999938964844,387.6000061035156,415.20001220703125,243
2013-05-21,408.0,421.20001220703125,384.0,411.6000061035156,305
2013-05-22,405.6000061035156,410.3999938964844,387.6000061035156,402.0,83
2013-05-23,414.0,414.0,398.3999938964844,398.3999938964844,52
2013-05-24,492.0,546.0,421.20001220703125,421.20001220703125,674
2013-05-28,528.0,573.5999755859375,483.6000061035156,483.6000061035156,898
2013-05-29,520.7999877929688,532.7999877929688,482.3999938964844,532.7999877929688,151
2013-05-30,504.0,532.7999877929688,488.3999938964844,508.79998779296875,151
2013-05-31,518.4000244140625,523.2000122070312,490.79998779296875,502.79998779296875,126
2013-06-03,499.20001220703125,507.6000061035156,492.0,493.20001220703125,48
2013-06-04,496.79998779296875,504.0,489.6000061035156,499.20001220703125,99
2013-06-05,478.79998779296875,504.0,452.3999938964844,504.0,225
2013-06-06,470.3999938964844,489.6000061035156,463.20001220703125,484.79998779296875,26
2013-06-07,444.0,489.6000061035156,439.20001220703125,489.6000061035156,219
2013-06-10,457.20001220703125,490.79998779296875,432.0,454.79998779296875,368
2013-06-11,462.0,476.3999938964844,457.20001220703125,472.79998779296875,72
2013-06-12,469.20001220703125,484.79998779296875,452.3999938964844,462.0,73
2013-06-13,483.6000061035156,570.0,463.20001220703125,463.20001220703125,532
2013-06-14,498.0,523.2000122070312,456.0,507.6000061035156,468
2013-06-17,510.0,566.4000244140625,492.0,538.7999877929688,684
2013-06-18,489.6000061035156,525.5999755859375,480.0,499.20001220703125,500
2013-06-19,480.0,499.20001220703125,462.0,499.20001220703125,263
2013-06-20,470.3999938964844,484.79998779296875,463.20001220703125,464.3999938964844,102
2013-06-21,468.0,475.20001220703125,468.0,474.0,40
2013-06-24,450.0,477.6000061035156,448.79998779296875,477.6000061035156,156
2013-06-25,440.3999938964844,478.79998779296875,436.79998779296875,448.79998779296875,67
2013-06-26,450.0,454.79998779296875,438.0,438.0,84
2013-06-27,466.79998779296875,486.0,462.0,484.79998779296875,184
2013-06-28,444.0,474.0,444.0,463.20001220703125,240
2013-07-01,466.79998779296875,477.6000061035156,446.3999938964844,446.3999938964844,58
2013-07-02,468.0,480.0,456.0,480.0,46
2013-07-03,468.0,483.6000061035156,450.0,450.0,13
2013-07-05,462.0,468.0,451.20001220703125,468.0,22
2013-07-08,451.20001220703125,464.3999938964844,450.0,458.3999938964844,44
2013-07-09,450.0,471.6000061035156,438.0,450.0,84
2013-07-10,441.6000061035156,456.0,436.79998779296875,447.6000061035156,148
2013-07-11,502.79998779296875,516.0,435.6000061035156,462.0,465
2013-07-12,513.5999755859375,516.0,486.0,514.7999877929688,275
2013-07-15,573.5999755859375,592.7999877929688,516.0,516.0,631
2013-07-16,660.0,742.7999877929688,584.4000244140625,592.7999877929688,3837
2013-07-17,626.4000244140625,657.5999755859375,586.7999877929688,621.5999755859375,1423
2013-07-18,620.4000244140625,636.0,601.2000122070312,621.5999755859375,424
2013-07-19,564.0,625.2000122070312,548.4000244140625,608.4000244140625,311
2013-07-22,525.5999755859375,559.2000122070312,506.3999938964844,559.2000122070312,392
2013-07-23,504.0,528.0,504.0,520.7999877929688,331
2013-07-24,508.79998779296875,522.0,484.79998779296875,504.0,139
2013-07-25,554.4000244140625,580.7999877929688,493.20001220703125,500.3999938964844,361
2013-07-26,564.0,566.4000244140625,540.0,552.0,233
2013-07-29,373.20001220703125,564.0,345.6000061035156,564.0,3697
2013-07-30,367.20001220703125,423.6000061035156,357.6000061035156,373.20001220703125,717
2013-07-31,368.3999938964844,410.3999938964844,350.3999938964844,366.0,1889
2013-08-01,372.0,392.3999938964844,355.20001220703125,381.6000061035156,421
2013-08-02,357.6000061035156,370.79998779296875,354.0,368.3999938964844,445
2013-08-05,358.79998779296875,369.6000061035156,352.79998779296875,364.79998779296875,200
2013-08-06,346.79998779296875,366.0,331.20001220703125,366.0,347
2013-08-07,342.0,346.79998779296875,312.0,330.0,159
2013-08-08,328.79998779296875,355.20001220703125,310.79998779296875,334.79998779296875,126
2013-08-09,312.0,322.79998779296875,300.0,320.3999938964844,353
2013-08-12,288.0,308.3999938964844,288.0,306.0,211
2013-08-13,276.0,286.79998779296875,266.3999938964844,285.6000061035156,138
2013-08-14,332.3999938964844,384.0,268.79998779296875,268.79998779296875,1549
2013-08-15,330.0,363.6000061035156,330.0,340.79998779296875,761
2013-08-16,357.6000061035156,404.3999938964844,276.0,339.6000061035156,2225
2013-08-19,364.79998779296875,372.0,342.0,357.6000061035156,256
2013-08-20,350.3999938964844,363.6000061035156,343.20001220703125,363.6000061035156,103
2013-08-21,345.6000061035156,360.0,343.20001220703125,358.79998779296875,162
2013-08-22,357.6000061035156,360.0,345.6000061035156,346.79998779296875,74
2013-08-23,346.79998779296875,358.79998779296875,343.20001220703125,358.79998779296875,113
2013-08-26,342.0,357.6000061035156,342.0,357.6000061035156,102
2013-08-27,346.79998779296875,354.0,336.0,354.0,84
2013-08-28,349.20001220703125,354.0,346.79998779296875,352.79998779296875,77
2013-08-29,338.3999938964844,354.0,336.0,345.6000061035156,165
2013-08-30,344.3999938964844,345.6000061035156,332.3999938964844,344.3999938964844,12
2013-09-03,345.6000061035156,346.79998779296875,331.20001220703125,331.20001220703125,127
2013-09-04,332.3999938964844,354.0,332.3999938964844,346.79998779296875,203
2013-09-05,336.0,344.3999938964844,336.0,339.6000061035156,88
2013-09-06,337.20001220703125,345.6000061035156,337.20001220703125,344.3999938964844,58
2013-09-09,334.79998779296875,350.3999938964844,331.20001220703125,350.3999938964844,80
2013-09-10,376.79998779296875,408.0,333.6000061035156,336.0,803
2013-09-11,348.0,387.6000061035156,345.6000061035156,387.6000061035156,234
2013-09-12,368.3999938964844,372.0,351.6000061035156,355.20001220703125,121
2013-09-13,379.20001220703125,384.0,360.0,372.0,161
2013-09-16,376.79998779296875,381.6000061035156,368.3999938964844,368.3999938964844,72
2013-09-17,339.6000061035156,373.20001220703125,337.20001220703125,368.3999938964844,277
2013-09-18,342.0,370.79998779296875,337.20001220703125,370.79998779296875,287
2013-09-19,360.0,368.3999938964844,336.0,363.6000061035156,363
2013-09-20,350.3999938964844,363.6000061035156,344.3999938964844,354.0,55
2013-09-23,366.0,366.0,354.0,366.0,61
2013-09-24,349.20001220703125,364.79998779296875,342.0,360.0,68
2013-09-25,339.6000061035156,352.79998779296875,332.3999938964844,336.0,97
2013-09-26,348.0,354.0,331.20001220703125,332.3999938964844,40
2013-09-27,356.3999938964844,357.6000061035156,343.20001220703125,343.20001220703125,38
2013-09-30,332.3999938964844,342.0,331.20001220703125,334.79998779296875,134
2013-10-01,304.79998779296875,327.6000061035156,291.6000061035156,322.79998779296875,249
2013-10-02,304.79998779296875,328.79998779296875,294.0,328.79998779296875,83
2013-10-03,302.3999938964844,326.3999938964844,301.20001220703125,326.3999938964844,144
2013-10-04,304.79998779296875,312.0,302.3999938964844,303.6000061035156,111
2013-10-07,304.79998779296875,310.79998779296875,300.0,302.3999938964844,47
2013-10-08,301.20001220703125,312.0,288.0,302.3999938964844,116
2013-10-09,289.20001220703125,309.6000061035156,289.20001220703125,301.20001220703125,33
2013-10-10,285.6000061035156,297.6000061035156,282.0,294.0,268
2013-10-11,294.0,295.20001220703125,288.0,295.20001220703125,49
2013-10-14,291.6000061035156,295.20001220703125,284.3999938964844,284.3999938964844,29
2013-10-15,278.3999938964844,295.20001220703125,277.20001220703125,286.79998779296875,63
2013-10-16,291.6000061035156,296.3999938964844,277.20001220703125,277.20001220703125,71
2013-10-17,282.0,288.0,279.6000061035156,284.3999938964844,147
2013-10-18,286.79998779296875,288.0,278.3999938964844,280.79998779296875,37
2013-10-21,292.79998779296875,292.79998779296875,277.20001220703125,277.20001220703125,119
2013-10-22,294.0,296.3999938964844,280.79998779296875,283.20001220703125,44
2013-10-23,289.20001220703125,295.20001220703125,273.6000061035156,289.20001220703125,118
2013-10-24,288.0,291.6000061035156,288.0,289.20001220703125,39
2013-10-25,292.79998779296875,292.79998779296875,276.0,284.3999938964844,76
2013-10-28,291.6000061035156,294.0,285.6000061035156,285.6000061035156,40
2013-10-29,279.6000061035156,291.6000061035156,276.0,288.0,151
2013-10-30,291.6000061035156,291.6000061035156,278.3999938964844,280.79998779296875,76
2013-10-31,292.79998779296875,292.79998779296875,289.20001220703125,291.6000061035156,28
2013-11-01,292.79998779296875,292.79998779296875,292.79998779296875,292.79998779296875,0
2013-11-04,288.0,292.79998779296875,282.0,285.6000061035156,28
2013-11-05,292.79998779296875,292.79998779296875,288.0,288.0,13
2013-11-06,284.3999938964844,284.3999938964844,284.3999938964844,284.3999938964844,3
2013-11-07,286.79998779296875,291.6000061035156,282.0,282.0,42
2013-11-08,284.3999938964844,330.0,282.0,282.0,921
2013-11-11,294.0,303.6000061035156,272.3999938964844,283.20001220703125,649
2013-11-12,282.0,324.0,265.20001220703125,291.6000061035156,187
2013-11-13,264.0,282.0,264.0,277.20001220703125,87
2013-11-14,273.6000061035156,273.6000061035156,264.0,273.6000061035156,113
2013-11-15,272.3999938964844,272.3999938964844,264.0,272.3999938964844,38
2013-11-18,280.79998779296875,291.6000061035156,261.6000061035156,265.20001220703125,326
2013-11-19,283.20001220703125,290.3999938964844,266.3999938964844,286.79998779296875,29
2013-11-20,289.20001220703125,289.20001220703125,289.20001220703125,289.20001220703125,3
2013-11-21,285.6000061035156,289.20001220703125,272.3999938964844,289.20001220703125,12
2013-11-22,282.0,282.0,259.20001220703125,272.3999938964844,193
2013-11-25,276.0,283.20001220703125,259.20001220703125,267.6000061035156,103
2013-11-26,276.0,283.20001220703125,274.79998779296875,276.0,8
2013-11-27,282.0,282.0,265.20001220703125,276.0,51
2013-11-29,295.20001220703125,295.20001220703125,270.0,276.0,488
2013-12-02,288.0,300.0,277.20001220703125,291.6000061035156,356
2013-12-03,297.6000061035156,300.0,279.6000061035156,279.6000061035156,197
2013-12-04,417.6000061035156,447.6000061035156,297.6000061035156,297.6000061035156,9083
2013-12-05,381.6000061035156,426.0,372.0,408.0,3080
2013-12-06,396.0,408.0,385.20001220703125,394.79998779296875,762
2013-12-09,398.3999938964844,400.79998779296875,374.3999938964844,400.79998779296875,632
2013-12-10,346.79998779296875,390.0,324.0,384.0,1032
2013-12-11,370.79998779296875,372.0,354.0,354.0,348
2013-12-12,369.6000061035156,380.3999938964844,354.0,362.3999938964844,372
2013-12-13,361.20001220703125,369.6000061035156,349.20001220703125,369.6000061035156,98
2013-12-16,355.20001220703125,372.0,344.3999938964844,368.3999938964844,779
2013-12-17,366.0,372.0,339.6000061035156,361.20001220703125,606
2013-12-18,346.79998779296875,360.0,336.0,348.0,572
2013-12-19,330.0,336.0,324.0,326.3999938964844,274
2013-12-20,337.20001220703125,343.20001220703125,325.20001220703125,330.0,369
2013-12-23,340.79998779296875,345.6000061035156,330.0,342.0,78
2013-12-24,340.79998779296875,343.20001220703125,332.3999938964844,336.0,122
2013-12-26,333.6000061035156,344.3999938964844,328.79998779296875,344.3999938964844,542
2013-12-27,336.0,338.3999938964844,332.3999938964844,338.3999938964844,105
2013-12-30,333.6000061035156,338.3999938964844,333.6000061035156,337.20001220703125,73
2013-12-31,312.0,337.20001220703125,309.6000061035156,333.6000061035156,469
2014-01-02,324.0,336.0,316.79998779296875,319.20001220703125,283
2014-01-03,332.3999938964844,332.3999938964844,321.6000061035156,321.6000061035156,83
2014-01-06,313.20001220703125,333.6000061035156,310.79998779296875,331.20001220703125,274
2014-01-07,314.3999938964844,325.20001220703125,312.0,325.20001220703125,120
2014-01-08,393.6000061035156,450.0,343.20001220703125,345.6000061035156,7358
2014-01-09,363.6000061035156,402.0,357.6000061035156,384.0,1033
2014-01-10,369.6000061035156,384.0,360.0,360.0,332
2014-01-13,357.6000061035156,376.79998779296875,350.3999938964844,360.0,328
2014-01-14,356.3999938964844,358.79998779296875,349.20001220703125,352.79998779296875,234
2014-01-15,345.6000061035156,356.3999938964844,338.3999938964844,346.79998779296875,434
2014-01-16,358.79998779296875,402.0,354.0,367.20001220703125,991
2014-01-17,351.6000061035156,374.3999938964844,351.6000061035156,360.0,453
2014-01-21,349.20001220703125,349.20001220703125,334.79998779296875,348.0,393
2014-01-22,346.79998779296875,346.79998779296875,336.0,344.3999938964844,238
2014-01-23,348.0,357.6000061035156,342.0,348.0,221
2014-01-24,333.6000061035156,344.3999938964844,330.0,344.3999938964844,258
2014-01-27,295.20001220703125,334.79998779296875,289.20001220703125,334.79998779296875,1070
2014-01-28,290.3999938964844,322.79998779296875,289.20001220703125,295.20001220703125,814
2014-01-29,295.20001220703125,298.79998779296875,290.3999938964844,290.3999938964844,123
2014-01-30,300.0,300.0,290.3999938964844,294.0,84
2014-01-31,304.79998779296875,307.20001220703125,290.3999938964844,297.6000061035156,252
2014-02-03,301.20001220703125,310.79998779296875,297.6000061035156,302.3999938964844,209
2014-02-04,313.20001220703125,318.0,290.3999938964844,300.0,199
2014-02-05,314.3999938964844,316.79998779296875,310.79998779296875,310.79998779296875,97
2014-02-06,307.20001220703125,324.0,303.6000061035156,319.20001220703125,84
2014-02-07,303.6000061035156,312.0,301.20001220703125,306.0,140
2014-02-10,312.0,312.0,300.0,303.6000061035156,75
2014-02-11,312.0,320.3999938964844,306.0,307.20001220703125,77
2014-02-12,312.0,318.0,312.0,312.0,298
2014-02-13,304.79998779296875,310.79998779296875,302.3999938964844,302.3999938964844,48
2014-02-14,303.6000061035156,313.20001220703125,298.79998779296875,313.20001220703125,53
2014-02-18,304.79998779296875,308.3999938964844,294.0,300.0,210
2014-02-19,306.0,313.20001220703125,304.79998779296875,306.0,124
2014-02-20,308.3999938964844,309.6000061035156,298.79998779296875,298.79998779296875,73
2014-02-21,328.79998779296875,334.79998779296875,297.6000061035156,306.0,229
2014-02-24,337.20001220703125,348.0,315.6000061035156,315.6000061035156,356
2014-02-25,337.20001220703125,346.79998779296875,321.6000061035156,346.79998779296875,83
2014-02-26,322.79998779296875,326.3999938964844,322.79998779296875,322.79998779296875,25
2014-02-27,324.0,330.0,318.0,328.79998779296875,100
2014-02-28,327.6000061035156,328.79998779296875,318.0,327.6000061035156,77
2014-03-03,325.20001220703125,327.6000061035156,324.0,327.6000061035156,81
2014-03-04,327.6000061035156,336.0,327.6000061035156,327.6000061035156,83
2014-03-05,420.0,472.79998779296875,336.0,336.0,5924
2014-03-06,442.79998779296875,465.6000061035156,391.20001220703125,422.3999938964844,1883
2014-03-07,434.3999938964844,450.0,427.20001220703125,450.0,556
2014-03-10,424.79998779296875,439.20001220703125,403.20001220703125,435.6000061035156,259
2014-03-11,516.0,614.4000244140625,462.0,477.6000061035156,4028
2014-03-12,507.6000061035156,522.0,492.0,520.7999877929688,377
2014-03-13,471.6000061035156,511.20001220703125,456.0,500.3999938964844,1096
2014-03-14,462.0,466.79998779296875,451.20001220703125,462.0,383
2014-03-17,478.79998779296875,490.79998779296875,470.3999938964844,483.6000061035156,605
2014-03-18,511.20001220703125,651.5999755859375,478.79998779296875,486.0,5566
2014-03-19,552.0,578.4000244140625,528.0,528.0,1284
2014-03-20,559.2000122070312,573.5999755859375,540.0,544.7999877929688,707
2014-03-21,466.79998779296875,516.0,450.0,513.5999755859375,2289
2014-03-24,396.0,438.0,390.0,421.20001220703125,2105
2014-03-25,393.6000061035156,412.79998779296875,390.0,402.0,630
2014-03-26,362.3999938964844,396.0,360.0,396.0,1526
2014-03-27,367.20001220703125,373.20001220703125,360.0,366.0,175
2014-03-28,367.20001220703125,391.20001220703125,364.79998779296875,367.20001220703125,304
2014-03-31,369.6000061035156,372.0,361.20001220703125,366.0,220
2014-04-01,379.20001220703125,382.79998779296875,368.3999938964844,376.79998779296875,242
2014-04-02,390.0,421.20001220703125,361.20001220703125,384.0,1203
2014-04-03,355.20001220703125,385.20001220703125,350.3999938964844,376.79998779296875,1402
2014-04-04,336.0,361.20001220703125,332.3999938964844,357.6000061035156,723
2014-04-07,330.0,349.20001220703125,327.6000061035156,333.6000061035156,233
2014-04-08,337.20001220703125,342.0,325.20001220703125,336.0,378
2014-04-09,344.3999938964844,349.20001220703125,337.20001220703125,342.0,318
2014-04-10,340.79998779296875,355.20001220703125,337.20001220703125,355.20001220703125,160
2014-04-11,321.6000061035156,340.79998779296875,316.79998779296875,337.20001220703125,483
2014-04-14,303.6000061035156,330.0,301.20001220703125,318.0,279
2014-04-15,298.79998779296875,319.20001220703125,289.20001220703125,303.6000061035156,497
2014-04-16,312.0,328.79998779296875,294.0,298.79998779296875,268
2014-04-17,312.0,328.79998779296875,306.0,320.3999938964844,303
2014-04-21,326.3999938964844,340.79998779296875,312.0,312.0,355
2014-04-22,338.3999938964844,344.3999938964844,328.79998779296875,344.3999938964844,235
2014-04-23,336.0,342.0,321.6000061035156,342.0,57
2014-04-24,342.0,360.0,336.0,336.0,381
2014-04-25,338.3999938964844,346.79998779296875,333.6000061035156,346.79998779296875,181
2014-04-28,320.3999938964844,357.6000061035156,320.3999938964844,338.3999938964844,190
2014-04-29,324.0,343.20001220703125,318.0,336.0,208
2014-04-30,322.79998779296875,326.3999938964844,318.0,319.20001220703125,70
2014-05-01,320.3999938964844,330.0,318.0,328.79998779296875,65
2014-05-02,325.20001220703125,326.3999938964844,320.3999938964844,320.3999938964844,70
2014-05-05,318.0,324.0,314.3999938964844,319.20001220703125,134
2014-05-06,314.3999938964844,324.0,313.20001220703125,316.79998779296875,123
2014-05-07,326.3999938964844,330.0,314.3999938964844,330.0,20
2014-05-08,315.6000061035156,325.20001220703125,312.0,321.6000061035156,117
2014-05-09,319.20001220703125,321.6000061035156,313.20001220703125,314.3999938964844,46
2014-05-12,307.20001220703125,320.3999938964844,300.0,316.79998779296875,175
2014-05-13,308.3999938964844,312.0,302.3999938964844,302.3999938964844,64
2014-05-14,312.0,313.20001220703125,312.0,312.0,50
2014-05-15,312.0,313.20001220703125,302.3999938964844,312.0,137
2014-05-16,309.6000061035156,312.0,302.3999938964844,312.0,205
2014-05-19,303.6000061035156,318.0,302.3999938964844,302.3999938964844,51
2014-05-20,313.20001220703125,319.20001220703125,309.6000061035156,309.6000061035156,109
2014-05-21,309.6000061035156,318.0,307.20001220703125,318.0,68
2014-05-22,316.79998779296875,318.0,310.79998779296875,314.3999938964844,87
2014-05-23,322.79998779296875,324.0,306.0,312.0,102
2014-05-27,328.79998779296875,330.0,315.6000061035156,315.6000061035156,153
2014-05-28,333.6000061035156,336.0,325.20001220703125,336.0,113
2014-05-29,318.0,336.0,316.79998779296875,336.0,142
2014-05-30,318.0,326.3999938964844,312.0,326.3999938964844,79
2014-06-02,318.0,325.20001220703125,308.3999938964844,314.3999938964844,169
2014-06-03,324.0,328.79998779296875,314.3999938964844,327.6000061035156,63
2014-06-04,320.3999938964844,328.79998779296875,315.6000061035156,318.0,16
2014-06-05,314.3999938964844,330.0,313.20001220703125,326.3999938964844,96
2014-06-06,321.6000061035156,324.0,313.20001220703125,313.20001220703125,8
2014-06-09,312.0,330.0,308.3999938964844,321.6000061035156,205
2014-06-10,319.20001220703125,325.20001220703125,307.20001220703125,312.0,48
2014-06-11,313.20001220703125,321.6000061035156,307.20001220703125,321.6000061035156,111
2014-06-12,327.6000061035156,332.3999938964844,310.79998779296875,310.79998779296875,119
2014-06-13,320.3999938964844,330.0,315.6000061035156,320.3999938964844,131
2014-06-16,319.20001220703125,336.0,304.79998779296875,320.3999938964844,411
2014-06-17,320.3999938964844,325.20001220703125,309.6000061035156,321.6000061035156,219
2014-06-18,318.0,322.79998779296875,312.0,316.79998779296875,63
2014-06-19,314.3999938964844,327.6000061035156,313.20001220703125,327.6000061035156,93
2014-06-20,320.3999938964844,322.79998779296875,313.20001220703125,322.79998779296875,57
2014-06-23,319.20001220703125,325.20001220703125,310.79998779296875,310.79998779296875,110
2014-06-24,326.3999938964844,333.6000061035156,308.3999938964844,326.3999938964844,218
2014-06-25,330.0,333.6000061035156,315.6000061035156,327.6000061035156,130
2014-06-26,337.20001220703125,338.3999938964844,330.0,332.3999938964844,109
2014-06-27,338.3999938964844,342.0,330.0,336.0,147
2014-06-30,344.3999938964844,346.79998779296875,328.79998779296875,338.3999938964844,154
2014-07-01,362.3999938964844,364.79998779296875,348.0,349.20001220703125,280
2014-07-02,356.3999938964844,369.6000061035156,350.3999938964844,364.79998779296875,219
2014-07-03,366.0,370.79998779296875,351.6000061035156,362.3999938964844,81
2014-07-07,354.0,374.3999938964844,350.3999938964844,361.20001220703125,116
2014-07-08,349.20001220703125,370.79998779296875,330.0,358.79998779296875,312
2014-07-09,351.6000061035156,354.0,338.3999938964844,352.79998779296875,88
2014-07-10,339.6000061035156,354.0,330.0,348.0,257
2014-07-11,351.6000061035156,351.6000061035156,337.20001220703125,338.3999938964844,86
2014-07-14,356.3999938964844,367.20001220703125,336.0,348.0,545
2014-07-15,352.79998779296875,367.20001220703125,344.3999938964844,357.6000061035156,223
2014-07-16,346.79998779296875,358.79998779296875,340.79998779296875,358.79998779296875,173
2014-07-17,343.20001220703125,352.79998779296875,325.20001220703125,351.6000061035156,458
2014-07-18,343.20001220703125,352.79998779296875,327.6000061035156,332.3999938964844,44
2014-07-21,330.0,348.0,330.0,348.0,23
2014-07-22,330.0,348.0,318.0,328.79998779296875,658
2014-07-23,330.0,342.0,318.0,328.79998779296875,1459
2014-07-24,318.0,350.3999938964844,316.79998779296875,336.0,365
2014-07-25,306.0,345.6000061035156,302.3999938964844,336.0,1005
2014-07-28,304.79998779296875,312.0,304.79998779296875,310.79998779296875,88
2014-07-29,292.79998779296875,312.0,285.6000061035156,304.79998779296875,1366
2014-07-30,352.79998779296875,374.3999938964844,289.20001220703125,289.20001220703125,2129
2014-07-31,363.6000061035156,382.79998779296875,336.0,352.79998779296875,1173
2014-08-01,370.79998779296875,384.0,361.20001220703125,363.6000061035156,607
2014-08-04,427.20001220703125,436.79998779296875,361.20001220703125,378.0,2647
2014-08-05,398.3999938964844,460.79998779296875,382.79998779296875,406.79998779296875,2508
2014-08-06,403.20001220703125,429.6000061035156,369.6000061035156,384.0,1034
2014-08-07,382.79998779296875,408.0,378.0,406.79998779296875,455
2014-08-08,390.0,402.0,367.20001220703125,387.6000061035156,508
2014-08-11,375.6000061035156,397.20001220703125,370.79998779296875,382.79998779296875,230
2014-08-12,375.6000061035156,375.6000061035156,362.3999938964844,369.6000061035156,273
2014-08-13,368.3999938964844,392.3999938964844,367.20001220703125,369.6000061035156,213
2014-08-14,376.79998779296875,396.0,370.79998779296875,370.79998779296875,183
2014-08-15,380.3999938964844,380.3999938964844,372.0,372.0,28
2014-08-18,381.6000061035156,385.20001220703125,374.3999938964844,384.0,148
2014-08-19,366.0,375.6000061035156,360.0,375.6000061035156,352
2014-08-20,367.20001220703125,372.0,361.20001220703125,366.0,141
2014-08-21,372.0,376.79998779296875,362.3999938964844,362.3999938964844,92
2014-08-22,367.20001220703125,370.79998779296875,352.79998779296875,355.20001220703125,281
2014-08-25,367.20001220703125,378.0,352.79998779296875,355.20001220703125,128
2014-08-26,368.3999938964844,369.6000061035156,350.3999938964844,358.79998779296875,58
2014-08-27,348.0,372.0,333.6000061035156,368.3999938964844,299
2014-08-28,346.79998779296875,361.20001220703125,342.0,342.0,92
2014-08-29,334.79998779296875,350.3999938964844,334.79998779296875,346.79998779296875,66
2014-09-02,343.20001220703125,354.0,334.79998779296875,340.79998779296875,164
2014-09-03,334.79998779296875,349.20001220703125,331.20001220703125,348.0,193
2014-09-04,328.79998779296875,340.79998779296875,324.0,331.20001220703125,211
2014-09-05,325.20001220703125,328.79998779296875,325.20001220703125,327.6000061035156,65
2014-09-08,336.0,336.0,318.0,324.0,205
2014-09-09,322.79998779296875,339.6000061035156,316.79998779296875,339.6000061035156,150
2014-09-10,313.20001220703125,333.6000061035156,304.79998779296875,333.6000061035156,198
2014-09-11,308.3999938964844,316.79998779296875,277.20001220703125,313.20001220703125,693
2014-09-12,304.79998779296875,321.6000061035156,291.6000061035156,294.0,114
2014-09-15,288.0,307.20001220703125,285.6000061035156,307.20001220703125,252
2014-09-16,277.20001220703125,289.20001220703125,277.20001220703125,282.0,303
2014-09-17,279.6000061035156,282.0,266.3999938964844,282.0,239
2014-09-18,284.3999938964844,294.0,271.20001220703125,273.6000061035156,64
2014-09-19,277.20001220703125,288.0,267.6000061035156,279.6000061035156,102
2014-09-22,264.0,272.3999938964844,264.0,272.3999938964844,127
2014-09-23,282.0,283.20001220703125,264.0,264.0,78
2014-09-24,291.6000061035156,300.0,265.20001220703125,270.0,359
2014-09-25,295.20001220703125,303.6000061035156,290.3999938964844,290.3999938964844,31
2014-09-26,303.6000061035156,303.6000061035156,289.20001220703125,303.6000061035156,52
2014-09-29,297.6000061035156,298.79998779296875,289.20001220703125,296.3999938964844,29
2014-09-30,300.0,304.79998779296875,296.3999938964844,296.3999938964844,68
2014-10-01,295.20001220703125,304.79998779296875,283.20001220703125,298.79998779296875,98
2014-10-02,300.0,303.6000061035156,282.0,282.0,48
2014-10-03,297.6000061035156,297.6000061035156,279.6000061035156,285.6000061035156,119
2014-10-06,288.0,290.3999938964844,280.79998779296875,280.79998779296875,25
2014-10-07,284.3999938964844,290.3999938964844,284.3999938964844,290.3999938964844,54
2014-10-08,296.3999938964844,296.3999938964844,276.0,285.6000061035156,14
2014-10-09,276.0,292.79998779296875,276.0,280.79998779296875,123
2014-10-10,280.79998779296875,282.0,274.79998779296875,280.79998779296875,30
2014-10-13,274.79998779296875,274.79998779296875,265.20001220703125,274.79998779296875,86
2014-10-14,286.79998779296875,294.0,266.3999938964844,276.0,92
2014-10-15,283.20001220703125,295.20001220703125,265.20001220703125,294.0,48
2014-10-16,273.6000061035156,279.6000061035156,270.0,279.6000061035156,50
2014-10-17,279.6000061035156,283.20001220703125,261.6000061035156,280.79998779296875,176
2014-10-20,278.3999938964844,291.6000061035156,258.0,272.3999938964844,88
2014-10-21,259.20001220703125,273.6000061035156,259.20001220703125,272.3999938964844,33
2014-10-22,274.79998779296875,284.3999938964844,260.3999938964844,260.3999938964844,116
2014-10-23,288.0,297.6000061035156,270.0,277.20001220703125,76
2014-10-24,278.3999938964844,285.6000061035156,272.3999938964844,285.6000061035156,23
2014-10-27,272.3999938964844,285.6000061035156,266.3999938964844,270.0,28
2014-10-28,274.79998779296875,278.3999938964844,261.6000061035156,262.79998779296875,75
2014-10-29,260.3999938964844,273.6000061035156,260.3999938964844,262.79998779296875,104
2014-10-30,262.79998779296875,262.79998779296875,252.0,256.79998779296875,78
2014-10-31,264.0,264.0,256.79998779296875,262.79998779296875,99
2014-11-03,270.0,272.3999938964844,256.79998779296875,270.0,14
2014-11-04,271.20001220703125,274.79998779296875,258.0,271.20001220703125,53
2014-11-05,276.0,278.3999938964844,254.39999389648438,254.39999389648438,8
2014-11-06,272.3999938964844,276.0,259.20001220703125,265.20001220703125,45
2014-11-07,272.3999938964844,272.3999938964844,272.3999938964844,272.3999938964844,0
2014-11-10,270.0,278.3999938964844,255.60000610351562,272.3999938964844,54
2014-11-11,273.6000061035156,276.0,253.1999969482422,270.0,56
2014-11-12,272.3999938964844,278.3999938964844,250.8000030517578,278.3999938964844,31
2014-11-13,266.3999938964844,271.20001220703125,246.0,264.0,136
2014-11-14,264.0,282.0,244.8000030517578,247.1999969482422,186
2014-11-17,267.6000061035156,279.6000061035156,261.6000061035156,278.3999938964844,202
2014-11-18,280.79998779296875,300.0,264.0,264.0,637
2014-11-19,295.20001220703125,301.20001220703125,282.0,282.0,255
2014-11-20,309.6000061035156,315.6000061035156,289.20001220703125,294.0,630
2014-11-21,310.79998779296875,315.6000061035156,301.20001220703125,312.0,248
2014-11-24,307.20001220703125,312.0,300.0,312.0,129
2014-11-25,284.3999938964844,302.3999938964844,282.0,302.3999938964844,343
2014-11-26,290.3999938964844,304.79998779296875,288.0,304.79998779296875,118
2014-11-28,304.79998779296875,306.0,278.3999938964844,300.0,158
2014-12-01,313.20001220703125,316.79998779296875,296.3999938964844,300.0,112
2014-12-02,301.20001220703125,314.3999938964844,300.0,312.0,232
2014-12-03,319.20001220703125,325.20001220703125,301.20001220703125,314.3999938964844,211
2014-12-04,312.0,326.3999938964844,312.0,324.0,222
2014-12-05,310.79998779296875,318.0,301.20001220703125,310.79998779296875,58
2014-12-08,300.0,307.20001220703125,300.0,307.20001220703125,40
2014-12-09,304.79998779296875,304.79998779296875,301.20001220703125,301.20001220703125,8
2014-12-10,300.0,303.6000061035156,300.0,300.0,32
2014-12-11,278.3999938964844,322.79998779296875,278.3999938964844,294.0,81
2014-12-12,278.3999938964844,278.3999938964844,278.3999938964844,278.3999938964844,0
2014-12-15,277.20001220703125,290.3999938964844,277.20001220703125,290.3999938964844,31
2014-12-16,274.79998779296875,300.0,273.6000061035156,286.79998779296875,79
2014-12-17,298.79998779296875,302.3999938964844,290.3999938964844,302.3999938964844,28
2014-12-18,300.0,302.3999938964844,271.20001220703125,302.3999938964844,31
2014-12-19,277.20001220703125,297.6000061035156,272.3999938964844,276.0,58
2014-12-22,288.0,313.20001220703125,272.3999938964844,272.3999938964844,113
2014-12-23,274.79998779296875,280.79998779296875,271.20001220703125,279.6000061035156,73
2014-12-24,300.0,302.3999938964844,278.3999938964844,302.3999938964844,9
2014-12-26,273.6000061035156,298.79998779296875,271.20001220703125,276.0,94
2014-12-29,243.60000610351562,284.3999938964844,235.1999969482422,273.6000061035156,504
2014-12-30,231.60000610351562,249.60000610351562,230.39999389648438,242.39999389648438,185
2014-12-31,204.0,240.0,187.1999969482422,240.0,979
2015-01-02,208.8000030517578,211.1999969482422,198.0,211.1999969482422,82
2015-01-05,201.60000610351562,208.8000030517578,198.0,198.0,119
2015-01-06,210.0,213.60000610351562,198.0,205.1999969482422,71
2015-01-07,201.60000610351562,216.0,199.1999969482422,199.1999969482422,81
2015-01-08,183.60000610351562,205.1999969482422,182.39999389648438,205.1999969482422,389
2015-01-09,177.60000610351562,183.60000610351562,175.1999969482422,183.60000610351562,121
2015-01-12,186.0,190.8000030517578,182.39999389648438,187.1999969482422,65
2015-01-13,181.1999969482422,182.39999389648438,171.60000610351562,178.8000030517578,55
2015-01-14,182.39999389648438,186.0,169.1999969482422,169.1999969482422,78
2015-01-15,181.1999969482422,186.0,175.1999969482422,175.1999969482422,55
2015-01-16,200.39999389648438,202.8000030517578,177.60000610351562,177.60000610351562,96
2015-01-20,204.0,226.8000030517578,195.60000610351562,207.60000610351562,180
2015-01-21,217.1999969482422,222.0,207.60000610351562,207.60000610351562,83
2015-01-22,212.39999389648438,216.0,212.39999389648438,216.0,77
2015-01-23,219.60000610351562,224.39999389648438,198.0,198.0,102
2015-01-26,234.0,252.0,228.0,231.60000610351562,480
2015-01-27,264.0,266.3999938964844,241.1999969482422,242.39999389648438,371
2015-01-28,266.3999938964844,279.6000061035156,264.0,279.6000061035156,333
2015-01-29,277.20001220703125,280.79998779296875,265.20001220703125,278.3999938964844,169
2015-01-30,289.20001220703125,289.20001220703125,270.0,276.0,268
2015-02-02,285.6000061035156,294.0,278.3999938964844,282.0,192
2015-02-03,273.6000061035156,292.79998779296875,266.3999938964844,276.0,136
2015-02-04,271.20001220703125,292.79998779296875,270.0,292.79998779296875,58
2015-02-05,265.20001220703125,290.3999938964844,262.79998779296875,289.20001220703125,115
2015-02-06,274.79998779296875,279.6000061035156,248.39999389648438,252.0,279
2015-02-09,276.0,288.0,270.0,282.0,133
2015-02-10,271.20001220703125,289.20001220703125,271.20001220703125,289.20001220703125,46
2015-02-11,291.6000061035156,292.79998779296875,271.20001220703125,273.6000061035156,165
2015-02-12,291.6000061035156,292.79998779296875,273.6000061035156,291.6000061035156,77
2015-02-13,286.79998779296875,294.0,280.79998779296875,292.79998779296875,40
2015-02-17,282.0,285.6000061035156,282.0,285.6000061035156,6
2015-02-18,286.79998779296875,289.20001220703125,272.3999938964844,272.3999938964844,26
2015-02-19,285.6000061035156,285.6000061035156,279.6000061035156,285.6000061035156,48
2015-02-20,288.0,288.0,273.6000061035156,285.6000061035156,189
2015-02-23,283.20001220703125,286.79998779296875,278.3999938964844,286.79998779296875,23
2015-02-24,285.6000061035156,286.79998779296875,273.6000061035156,277.20001220703125,20
2015-02-25,274.79998779296875,283.20001220703125,270.0,276.0,59
2015-02-26,286.79998779296875,288.0,271.20001220703125,271.20001220703125,185
2015-02-27,285.6000061035156,286.79998779296875,271.20001220703125,273.6000061035156,56
2015-03-02,369.6000061035156,428.3999938964844,294.0,294.0,9000
2015-03-03,354.0,398.3999938964844,344.3999938964844,382.79998779296875,2544
2015-03-04,394.79998779296875,399.6000061035156,326.3999938964844,360.0,1397
2015-03-05,332.3999938964844,392.3999938964844,325.20001220703125,384.0,1302
2015-03-06,296.3999938964844,355.20001220703125,271.20001220703125,351.6000061035156,810
2015-03-09,322.79998779296875,327.6000061035156,289.20001220703125,289.20001220703125,243
2015-03-10,302.3999938964844,324.0,298.79998779296875,300.0,183
2015-03-11,290.3999938964844,312.0,283.20001220703125,302.3999938964844,280
2015-03-12,290.3999938964844,310.79998779296875,274.79998779296875,291.6000061035156,163
2015-03-13,277.20001220703125,294.0,276.0,285.6000061035156,158
2015-03-16,276.0,288.0,270.0,286.79998779296875,188
2015-03-17,258.0,284.3999938964844,252.0,284.3999938964844,336
2015-03-18,267.6000061035156,273.6000061035156,249.60000610351562,249.60000610351562,78
2015-03-19,265.20001220703125,265.20001220703125,260.3999938964844,260.3999938964844,5
2015-03-20,276.0,285.6000061035156,265.20001220703125,271.20001220703125,148
2015-03-23,272.3999938964844,279.6000061035156,252.0,258.0,48
2015-03-24,280.79998779296875,282.0,266.3999938964844,280.79998779296875,103
2015-03-25,280.79998779296875,288.0,264.0,270.0,67
2015-03-26,272.3999938964844,288.0,265.20001220703125,288.0,95
2015-03-27,268.79998779296875,270.0,255.60000610351562,262.79998779296875,8
2015-03-30,267.6000061035156,270.0,267.6000061035156,268.79998779296875,8
2015-03-31,270.0,270.0,259.20001220703125,259.20001220703125,13
2015-04-01,268.79998779296875,268.79998779296875,253.1999969482422,260.3999938964844,21
2015-04-02,254.39999389648438,266.3999938964844,246.0,254.39999389648438,91
2015-04-06,252.0,270.0,250.8000030517578,256.79998779296875,99
2015-04-07,255.60000610351562,256.79998779296875,246.0,249.60000610351562,26
2015-04-08,291.6000061035156,300.0,252.0,252.0,190
2015-04-09,282.0,298.79998779296875,254.39999389648438,268.79998779296875,278
2015-04-10,255.60000610351562,282.0,254.39999389648438,279.6000061035156,46
2015-04-13,274.79998779296875,285.6000061035156,258.0,267.6000061035156,96
2015-04-14,265.20001220703125,273.6000061035156,261.6000061035156,272.3999938964844,51
2015-04-15,259.20001220703125,273.6000061035156,258.0,261.6000061035156,193
2015-04-16,261.6000061035156,264.0,261.6000061035156,264.0,23
2015-04-17,264.0,264.0,259.20001220703125,264.0,73
2015-04-20,265.20001220703125,280.79998779296875,258.0,259.20001220703125,102
2015-04-21,278.3999938964844,280.79998779296875,264.0,280.79998779296875,28
2015-04-22,270.0,282.0,260.3999938964844,279.6000061035156,33
2015-04-23,273.6000061035156,273.6000061035156,264.0,266.3999938964844,31
2015-04-24,273.6000061035156,276.0,264.0,276.0,51
2015-04-27,268.79998779296875,271.20001220703125,266.3999938964844,266.3999938964844,9
2015-04-28,274.79998779296875,274.79998779296875,264.0,264.0,8
2015-04-29,266.3999938964844,270.0,258.0,268.79998779296875,45
2015-04-30,260.3999938964844,268.79998779296875,254.39999389648438,261.6000061035156,66
2015-05-01,265.20001220703125,270.0,260.3999938964844,260.3999938964844,42
2015-05-04,265.20001220703125,273.6000061035156,261.6000061035156,261.6000061035156,51
2015-05-05,273.6000061035156,273.6000061035156,260.3999938964844,260.3999938964844,8
2015-05-06,272.3999938964844,272.3999938964844,272.3999938964844,272.3999938964844,2
2015-05-07,271.20001220703125,271.20001220703125,254.39999389648438,254.39999389648438,12
2015-05-08,271.20001220703125,271.20001220703125,271.20001220703125,271.20001220703125,0
2015-05-11,272.3999938964844,272.3999938964844,260.3999938964844,260.3999938964844,9
2015-05-12,267.6000061035156,276.0,267.6000061035156,268.79998779296875,56
2015-05-13,278.3999938964844,278.3999938964844,278.3999938964844,278.3999938964844,2
2015-05-14,282.0,282.0,265.20001220703125,278.3999938964844,108
2015-05-15,261.6000061035156,282.0,260.3999938964844,282.0,57
2015-05-18,276.0,277.20001220703125,253.1999969482422,258.0,135
2015-05-19,255.60000610351562,277.20001220703125,249.60000610351562,267.6000061035156,93
2015-05-20,265.20001220703125,277.20001220703125,253.1999969482422,277.20001220703125,23
2015-05-21,259.20001220703125,266.3999938964844,248.39999389648438,266.3999938964844,132
2015-05-22,253.1999969482422,261.6000061035156,241.1999969482422,258.0,68
2015-05-26,254.39999389648438,254.39999389648438,250.8000030517578,254.39999389648438,42
2015-05-27,244.8000030517578,248.39999389648438,242.39999389648438,244.8000030517578,44
2015-05-28,254.39999389648438,254.39999389648438,254.39999389648438,254.39999389648438,2
2015-05-29,248.39999389648438,248.39999389648438,247.1999969482422,247.1999969482422,13
2015-06-01,242.39999389648438,244.8000030517578,240.0,244.8000030517578,24
2015-06-02,249.60000610351562,249.60000610351562,240.0,243.60000610351562,47
2015-06-03,250.8000030517578,252.0,246.0,252.0,83
2015-06-04,249.60000610351562,271.20001220703125,243.60000610351562,264.0,188
2015-06-05,240.0,255.60000610351562,235.1999969482422,255.60000610351562,58
2015-06-08,238.8000030517578,250.8000030517578,229.1999969482422,246.0,98
2015-06-09,236.39999389648438,248.39999389648438,235.1999969482422,235.1999969482422,29
2015-06-10,238.8000030517578,250.8000030517578,234.0,234.0,21
2015-06-11,262.79998779296875,384.0,252.0,252.0,19968
2015-06-12,262.79998779296875,276.0,243.60000610351562,246.0,1229
2015-06-15,252.0,265.20001220703125,246.0,265.20001220703125,141
2015-06-16,248.39999389648438,253.1999969482422,236.39999389648438,253.1999969482422,243
2015-06-17,244.8000030517578,249.60000610351562,236.39999389648438,249.60000610351562,253
2015-06-18,246.0,247.1999969482422,234.0,238.8000030517578,205
2015-06-19,240.0,249.60000610351562,240.0,243.60000610351562,167
2015-06-22,255.60000610351562,264.0,240.0,240.0,245
2015-06-23,258.0,259.20001220703125,248.39999389648438,259.20001220703125,50
2015-06-24,261.6000061035156,262.79998779296875,246.0,255.60000610351562,82
2015-06-25,249.60000610351562,264.0,243.60000610351562,261.6000061035156,398
2015-06-26,252.0,252.0,238.8000030517578,246.0,106
2015-06-29,238.8000030517578,246.0,235.1999969482422,244.8000030517578,451
2015-06-30,241.1999969482422,241.1999969482422,231.60000610351562,238.8000030517578,118
2015-07-01,240.0,240.0,225.60000610351562,228.0,88
2015-07-02,254.39999389648438,254.39999389648438,228.0,240.0,216
2015-07-06,242.39999389648438,249.60000610351562,240.0,249.60000610351562,134
2015-07-07,242.39999389648438,246.0,228.0,240.0,306
2015-07-08,247.1999969482422,248.39999389648438,242.39999389648438,247.1999969482422,147
2015-07-09,242.39999389648438,247.1999969482422,238.8000030517578,247.1999969482422,212
2015-07-10,240.0,246.0,240.0,244.8000030517578,140
2015-07-13,246.0,247.1999969482422,238.8000030517578,243.60000610351562,183
2015-07-14,236.39999389648438,243.60000610351562,234.0,242.39999389648438,207
2015-07-15,244.8000030517578,244.8000030517578,237.60000610351562,243.60000610351562,76
2015-07-16,244.8000030517578,247.1999969482422,237.60000610351562,244.8000030517578,852
2015-07-17,247.1999969482422,249.60000610351562,238.8000030517578,244.8000030517578,354
2015-07-20,244.8000030517578,244.8000030517578,237.60000610351562,238.8000030517578,86
2015-07-21,242.39999389648438,247.1999969482422,240.0,240.0,155
2015-07-22,236.39999389648438,243.60000610351562,234.0,234.0,53
2015-07-23,230.39999389648438,243.60000610351562,230.39999389648438,243.60000610351562,43
2015-07-24,232.8000030517578,241.1999969482422,228.0,229.1999969482422,153
2015-07-27,240.0,241.1999969482422,222.0,222.0,57
2015-07-28,238.8000030517578,238.8000030517578,237.60000610351562,237.60000610351562,4
2015-07-29,222.0,235.1999969482422,222.0,234.0,118
2015-07-30,226.8000030517578,231.60000610351562,222.0,230.39999389648438,131
2015-07-31,229.1999969482422,231.60000610351562,229.1999969482422,229.1999969482422,90
2015-08-03,232.8000030517578,232.8000030517578,232.8000030517578,232.8000030517578,3
2015-08-04,224.39999389648438,225.60000610351562,217.1999969482422,222.0,193
2015-08-05,187.1999969482422,220.8000030517578,184.8000030517578,205.1999969482422,778
2015-08-06,181.1999969482422,187.1999969482422,177.60000610351562,187.1999969482422,231
2015-08-07,170.39999389648438,181.1999969482422,169.1999969482422,181.1999969482422,196
2015-08-10,182.39999389648438,187.1999969482422,171.60000610351562,187.1999969482422,14
2015-08-11,182.39999389648438,182.39999389648438,182.39999389648438,182.39999389648438,0
2015-08-12,180.0,186.0,174.0,186.0,13
2015-08-13,183.60000610351562,186.0,169.1999969482422,171.60000610351562,157
2015-08-14,182.39999389648438,184.8000030517578,178.8000030517578,184.8000030517578,30
2015-08-17,180.0,180.0,177.60000610351562,178.8000030517578,57
2015-08-18,180.0,180.0,174.0,174.0,20
2015-08-19,172.8000030517578,178.8000030517578,169.1999969482422,175.1999969482422,150
2015-08-20,172.8000030517578,176.39999389648438,169.1999969482422,169.1999969482422,101
2015-08-21,168.0,168.0,168.0,168.0,58
2015-08-24,152.39999389648438,165.60000610351562,152.39999389648438,165.60000610351562,136
2015-08-25,139.1999969482422,158.39999389648438,134.39999389648438,158.39999389648438,435
2015-08-26,135.60000610351562,148.8000030517578,132.0,138.0,311
2015-08-27,151.1999969482422,151.1999969482422,138.0,138.0,286
2015-08-28,157.1999969482422,157.1999969482422,145.1999969482422,145.1999969482422,165
2015-08-31,170.39999389648438,170.39999389648438,156.0,158.39999389648438,387
2015-09-01,165.60000610351562,182.39999389648438,162.0,164.39999389648438,115
2015-09-02,157.1999969482422,177.60000610351562,157.1999969482422,177.60000610351562,65
2015-09-03,159.60000610351562,162.0,157.1999969482422,157.1999969482422,65
2015-09-04,156.0,156.0,151.1999969482422,156.0,131
2015-09-08,162.0,163.1999969482422,147.60000610351562,151.1999969482422,243
2015-09-09,163.1999969482422,174.0,158.39999389648438,172.8000030517578,25
2015-09-10,156.0,164.39999389648438,153.60000610351562,160.8000030517578,47
2015-09-11,163.1999969482422,163.1999969482422,159.60000610351562,159.60000610351562,30
2015-09-14,183.60000610351562,192.0,168.0,170.39999389648438,1154
2015-09-15,158.39999389648438,201.60000610351562,150.0,198.0,859
2015-09-16,168.0,169.1999969482422,156.0,156.0,118
2015-09-17,168.0,186.0,166.8000030517578,176.39999389648438,283
2015-09-18,171.60000610351562,176.39999389648438,165.60000610351562,165.60000610351562,82
2015-09-21,168.0,174.0,159.60000610351562,159.60000610351562,138
2015-09-22,177.60000610351562,181.1999969482422,163.1999969482422,164.39999389648438,217
2015-09-23,182.39999389648438,186.0,178.8000030517578,178.8000030517578,164
2015-09-24,195.60000610351562,231.60000610351562,186.0,186.0,5296
2015-09-25,198.0,201.60000610351562,170.39999389648438,201.60000610351562,1185
2015-09-28,150.0,198.0,148.8000030517578,198.0,835
2015-09-29,139.1999969482422,153.60000610351562,138.0,152.39999389648438,426
2015-09-30,148.8000030517578,158.39999389648438,139.1999969482422,141.60000610351562,352
2015-10-01,139.1999969482422,156.0,136.8000030517578,145.1999969482422,306
2015-10-02,134.39999389648438,139.1999969482422,133.1999969482422,138.0,122
2015-10-05,134.39999389648438,139.1999969482422,132.0,139.1999969482422,227
2015-10-06,134.39999389648438,136.8000030517578,124.80000305175781,134.39999389648438,411
2015-10-07,141.60000610351562,144.0,128.39999389648438,135.60000610351562,231
2015-10-08,142.8000030517578,152.39999389648438,139.1999969482422,140.39999389648438,144
2015-10-09,152.39999389648438,158.39999389648438,141.60000610351562,144.0,1086
2015-10-12,146.39999389648438,164.39999389648438,139.1999969482422,157.1999969482422,233
2015-10-13,139.1999969482422,148.8000030517578,138.0,144.0,317
2015-10-14,134.39999389648438,145.1999969482422,134.39999389648438,136.8000030517578,193
2015-10-15,142.8000030517578,144.0,135.60000610351562,138.0,63
2015-10-16,140.39999389648438,146.39999389648438,136.8000030517578,144.0,305
2015-10-19,146.39999389648438,146.39999389648438,142.8000030517578,144.0,220
2015-10-20,148.8000030517578,153.60000610351562,144.0,144.0,147
2015-10-21,139.1999969482422,147.60000610351562,136.8000030517578,141.60000610351562,214
2015-10-22,141.60000610351562,147.60000610351562,139.1999969482422,139.1999969482422,192
2015-10-23,136.8000030517578,142.8000030517578,136.8000030517578,142.8000030517578,124
2015-10-26,140.39999389648438,142.8000030517578,136.8000030517578,136.8000030517578,75
2015-10-27,144.0,144.0,139.1999969482422,139.1999969482422,97
2015-10-28,135.60000610351562,140.39999389648438,134.39999389648438,140.39999389648438,91
2015-10-29,135.60000610351562,140.39999389648438,135.60000610351562,136.8000030517578,175
2015-10-30,133.1999969482422,136.8000030517578,133.1999969482422,133.1999969482422,100
2015-11-02,139.1999969482422,140.39999389648438,134.39999389648438,139.1999969482422,653
2015-11-03,136.8000030517578,142.8000030517578,136.8000030517578,138.0,158
2015-11-04,142.8000030517578,142.8000030517578,136.8000030517578,139.1999969482422,221
2015-11-05,138.0,142.8000030517578,136.8000030517578,142.8000030517578,78
2015-11-06,148.8000030517578,178.8000030517578,145.1999969482422,148.8000030517578,9411
2015-11-09,153.60000610351562,162.0,138.0,162.0,2056
2015-11-10,158.39999389648438,164.39999389648438,153.60000610351562,163.1999969482422,2353
2015-11-11,166.8000030517578,168.0,156.0,162.0,629
2015-11-12,156.0,169.1999969482422,151.1999969482422,168.0,470
2015-11-13,146.39999389648438,162.0,146.39999389648438,153.60000610351562,307
2015-11-16,148.8000030517578,156.0,141.60000610351562,146.39999389648438,359
2015-11-17,132.0,146.39999389648438,132.0,146.39999389648438,614
2015-11-18,132.0,134.39999389648438,132.0,134.39999389648438,84
2015-11-19,128.39999389648438,141.60000610351562,121.19999694824219,134.39999389648438,495
2015-11-20,133.1999969482422,151.1999969482422,128.39999389648438,128.39999389648438,1037
2015-11-23,132.0,136.8000030517578,130.8000030517578,132.0,486
2015-11-24,128.39999389648438,136.8000030517578,127.19999694824219,132.0,652
2015-11-25,130.8000030517578,147.60000610351562,128.39999389648438,132.0,606
2015-11-27,126.0,138.0,126.0,138.0,98
2015-11-30,122.4000015258789,126.0,121.19999694824219,126.0,429
2015-12-01,122.4000015258789,132.0,121.19999694824219,132.0,273
2015-12-02,122.4000015258789,127.19999694824219,120.0,127.19999694824219,253
2015-12-03,123.5999984741211,127.19999694824219,120.0,120.0,182
2015-12-04,121.19999694824219,124.80000305175781,120.0,122.4000015258789,318
2015-12-07,120.0,121.19999694824219,120.0,121.19999694824219,128
2015-12-08,120.0,123.5999984741211,120.0,120.0,267
2015-12-09,120.0,122.4000015258789,117.5999984741211,121.19999694824219,76
2015-12-10,100.80000305175781,120.0,98.4000015258789,120.0,474
2015-12-11,103.19999694824219,108.0,90.0,96.0,625
2015-12-14,104.4000015258789,114.0,94.80000305175781,108.0,582
2015-12-15,97.19999694824219,106.80000305175781,97.19999694824219,100.80000305175781,363
2015-12-16,96.0,105.5999984741211,96.0,102.0,271
2015-12-17,93.5999984741211,99.5999984741211,93.5999984741211,97.19999694824219,143
2015-12-18,88.80000305175781,99.5999984741211,86.4000015258789,99.5999984741211,450
2015-12-21,87.5999984741211,90.0,86.4000015258789,86.4000015258789,166
2015-12-22,88.80000305175781,90.0,80.4000015258789,84.0,523
2015-12-23,84.0,93.5999984741211,81.5999984741211,87.5999984741211,253
2015-12-24,98.4000015258789,98.4000015258789,91.19999694824219,91.19999694824219,184
2015-12-28,91.19999694824219,96.0,91.19999694824219,96.0,317
2015-12-29,79.19999694824219,99.5999984741211,78.0,92.4000015258789,458
2015-12-30,86.4000015258789,90.0,85.19999694824219,90.0,62
2015-12-31,79.19999694824219,90.0,72.0,86.4000015258789,382
2016-01-04,86.4000015258789,86.4000015258789,76.80000305175781,76.80000305175781,19
2016-01-05,86.4000015258789,90.0,84.0,88.80000305175781,103
2016-01-06,84.0,87.5999984741211,81.5999984741211,81.5999984741211,33
2016-01-07,79.19999694824219,88.80000305175781,78.0,88.80000305175781,183
2016-01-08,82.80000305175781,86.4000015258789,81.5999984741211,81.5999984741211,67
2016-01-11,79.19999694824219,87.5999984741211,79.19999694824219,84.0,29
2016-01-12,78.0,82.80000305175781,66.0,72.0,58
2016-01-13,72.0,78.0,67.19999694824219,78.0,447
2016-01-14,72.0,72.0,67.19999694824219,68.4000015258789,183
2016-01-15,70.80000305175781,75.5999984741211,67.19999694824219,67.19999694824219,178
2016-01-19,69.5999984741211,70.80000305175781,68.4000015258789,69.5999984741211,109
2016-01-20,66.0,70.80000305175781,63.599998474121094,69.5999984741211,133
2016-01-21,88.80000305175781,96.0,63.599998474121094,64.80000305175781,358
2016-01-22,87.5999984741211,110.4000015258789,85.19999694824219,88.80000305175781,378
2016-01-25,79.19999694824219,87.5999984741211,75.5999984741211,87.5999984741211,233
2016-01-26,80.4000015258789,96.0,74.4000015258789,85.19999694824219,30
2016-01-27,86.4000015258789,88.80000305175781,75.5999984741211,81.5999984741211,117
2016-01-28,84.0,93.5999984741211,78.0,90.0,238
2016-01-29,91.19999694824219,96.0,84.0,86.4000015258789,97
2016-02-01,93.5999984741211,98.4000015258789,90.0,98.4000015258789,33
2016-02-02,86.4000015258789,86.4000015258789,74.4000015258789,75.5999984741211,256
2016-02-03,87.5999984741211,96.0,87.5999984741211,96.0,38
2016-02-04,87.5999984741211,87.5999984741211,82.80000305175781,85.19999694824219,71
2016-02-05,88.80000305175781,88.80000305175781,81.5999984741211,82.80000305175781,49
2016-02-08,93.5999984741211,97.19999694824219,87.5999984741211,90.0,19
2016-02-09,93.5999984741211,99.5999984741211,86.4000015258789,98.4000015258789,141
2016-02-10,98.4000015258789,100.80000305175781,92.4000015258789,98.4000015258789,238
2016-02-11,92.4000015258789,98.4000015258789,92.4000015258789,98.4000015258789,90
2016-02-12,97.19999694824219,97.19999694824219,91.19999694824219,91.19999694824219,39
2016-02-16,96.0,96.0,92.4000015258789,92.4000015258789,53
2016-02-17,91.19999694824219,93.5999984741211,91.19999694824219,91.19999694824219,22
2016-02-18,88.80000305175781,99.5999984741211,87.5999984741211,99.5999984741211,84
2016-02-19,90.0,96.0,90.0,96.0,25
2016-02-22,87.5999984741211,99.5999984741211,87.5999984741211,99.5999984741211,191
2016-02-23,84.0,87.5999984741211,81.5999984741211,85.19999694824219,173
2016-02-24,84.0,87.5999984741211,84.0,86.4000015258789,26
2016-02-25,85.19999694824219,92.4000015258789,84.0,92.4000015258789,113
2016-02-26,82.80000305175781,90.0,74.4000015258789,88.80000305175781,130
2016-02-29,81.5999984741211,88.80000305175781,81.5999984741211,86.4000015258789,16
2016-03-01,84.0,84.0,84.0,84.0,33
2016-03-02,84.0,84.0,82.80000305175781,82.80000305175781,76
2016-03-03,106.80000305175781,110.4000015258789,88.80000305175781,88.80000305175781,682
2016-03-04,109.19999694824219,111.5999984741211,106.80000305175781,111.5999984741211,165
2016-03-07,109.19999694824219,109.19999694824219,109.19999694824219,109.19999694824219,6
2016-03-08,97.19999694824219,100.80000305175781,96.0,100.80000305175781,61
2016-03-09,104.4000015258789,104.4000015258789,98.4000015258789,98.4000015258789,184
2016-03-10,104.4000015258789,104.4000015258789,98.4000015258789,98.4000015258789,103
2016-03-11,104.4000015258789,108.0,104.4000015258789,104.4000015258789,108
2016-03-14,104.4000015258789,104.4000015258789,104.4000015258789,104.4000015258789,32
2016-03-15,104.4000015258789,108.0,98.4000015258789,99.5999984741211,120
2016-03-16,87.5999984741211,100.80000305175781,81.5999984741211,98.4000015258789,261
2016-03-17,88.80000305175781,90.0,79.19999694824219,85.19999694824219,33
2016-03-18,90.0,90.0,88.80000305175781,90.0,73
2016-03-21,86.4000015258789,90.0,86.4000015258789,88.80000305175781,37
2016-03-22,86.4000015258789,86.4000015258789,86.4000015258789,86.4000015258789,0
2016-03-23,87.5999984741211,87.5999984741211,87.5999984741211,87.5999984741211,13
2016-03-24,82.80000305175781,82.80000305175781,82.80000305175781,82.80000305175781,1
2016-03-28,85.19999694824219,85.19999694824219,81.5999984741211,85.19999694824219,14
2016-03-29,87.5999984741211,87.5999984741211,87.5999984741211,87.5999984741211,3
2016-03-30,86.4000015258789,87.5999984741211,82.80000305175781,87.5999984741211,53
2016-03-31,87.5999984741211,88.80000305175781,87.5999984741211,87.5999984741211,23
2016-04-01,79.19999694824219,82.80000305175781,79.19999694824219,82.80000305175781,32
2016-04-04,84.0,84.0,79.19999694824219,79.19999694824219,13
2016-04-05,85.19999694824219,85.19999694824219,82.80000305175781,82.80000305175781,68
2016-04-06,81.5999984741211,81.5999984741211,79.19999694824219,80.4000015258789,63
2016-04-07,79.19999694824219,79.19999694824219,79.19999694824219,79.19999694824219,2
2016-04-08,84.0,84.0,79.19999694824219,79.19999694824219,27
2016-04-11,82.80000305175781,82.80000305175781,74.4000015258789,79.19999694824219,107
2016-04-12,80.4000015258789,80.4000015258789,74.4000015258789,74.4000015258789,10
2016-04-13,76.80000305175781,82.80000305175781,74.4000015258789,81.5999984741211,117
2016-04-14,80.4000015258789,80.4000015258789,75.5999984741211,75.5999984741211,13
2016-04-15,75.5999984741211,82.80000305175781,75.5999984741211,82.80000305175781,135
2016-04-18,72.0,78.0,70.80000305175781,75.5999984741211,165
2016-04-19,69.5999984741211,72.0,69.5999984741211,70.80000305175781,39
2016-04-20,69.5999984741211,72.0,66.0,72.0,226
2016-04-21,69.5999984741211,69.5999984741211,69.5999984741211,69.5999984741211,28
2016-04-22,69.5999984741211,69.5999984741211,67.19999694824219,69.5999984741211,334
2016-04-25,67.19999694824219,72.0,67.19999694824219,72.0,51
2016-04-26,72.0,72.0,70.80000305175781,72.0,184
2016-04-27,69.5999984741211,72.0,68.4000015258789,68.4000015258789,24
2016-04-28,67.19999694824219,70.80000305175781,67.19999694824219,67.19999694824219,68
2016-04-29,74.4000015258789,74.4000015258789,70.80000305175781,70.80000305175781,121
2016-05-02,72.0,78.0,63.599998474121094,67.19999694824219,448
2016-05-03,70.80000305175781,78.0,68.4000015258789,78.0,315
2016-05-04,76.80000305175781,79.19999694824219,69.5999984741211,78.0,14
2016-05-05,67.19999694824219,67.19999694824219,67.19999694824219,67.19999694824219,2
2016-05-06,70.80000305175781,70.80000305175781,70.80000305175781,70.80000305175781,3
2016-05-09,78.0,78.0,72.0,72.0,277
2016-05-10,78.0,78.0,76.80000305175781,76.80000305175781,31
2016-05-11,75.5999984741211,78.0,67.19999694824219,76.80000305175781,194
2016-05-12,75.5999984741211,79.19999694824219,75.5999984741211,79.19999694824219,162
2016-05-13,75.5999984741211,79.19999694824219,75.5999984741211,75.5999984741211,36
2016-05-16,84.0,84.0,70.80000305175781,70.80000305175781,317
2016-05-17,76.80000305175781,82.80000305175781,76.80000305175781,80.4000015258789,92
2016-05-18,88.80000305175781,88.80000305175781,81.5999984741211,81.5999984741211,61
2016-05-19,87.5999984741211,88.80000305175781,85.19999694824219,88.80000305175781,209
2016-05-20,87.5999984741211,90.0,87.5999984741211,90.0,127
2016-05-23,87.5999984741211,87.5999984741211,86.4000015258789,87.5999984741211,201
2016-05-24,88.80000305175781,90.0,87.5999984741211,90.0,43
2016-05-25,88.80000305175781,90.0,87.5999984741211,90.0,40
2016-05-26,87.5999984741211,90.0,87.5999984741211,90.0,16
2016-05-27,88.80000305175781,91.19999694824219,88.80000305175781,90.0,31
2016-05-31,88.80000305175781,88.80000305175781,88.80000305175781,88.80000305175781,97
2016-06-01,97.19999694824219,97.19999694824219,88.80000305175781,88.80000305175781,201
2016-06-02,88.80000305175781,93.5999984741211,88.80000305175781,91.19999694824219,184
2016-06-03,91.19999694824219,91.19999694824219,88.80000305175781,88.80000305175781,88
2016-06-06,91.19999694824219,94.80000305175781,91.19999694824219,92.4000015258789,110
2016-06-07,99.5999984741211,105.5999984741211,92.4000015258789,92.4000015258789,618
2016-06-08,114.0,160.8000030517578,99.5999984741211,102.0,7741
2016-06-09,109.19999694824219,136.8000030517578,105.5999984741211,117.5999984741211,506
2016-06-10,105.5999984741211,114.0,98.4000015258789,110.4000015258789,260
2016-06-13,168.0,202.8000030517578,93.5999984741211,102.0,23187
2016-06-14,114.0,164.39999389648438,114.0,156.0,21058
2016-06-15,105.5999984741211,124.80000305175781,103.19999694824219,120.0,6168
2016-06-16,100.80000305175781,105.5999984741211,96.0,96.0,3005
2016-06-17,110.4000015258789,123.5999984741211,102.0,104.4000015258789,21904
2016-06-20,98.4000015258789,129.60000610351562,91.19999694824219,116.4000015258789,25528
2016-06-21,91.19999694824219,104.4000015258789,91.19999694824219,103.19999694824219,5386
2016-06-22,85.19999694824219,98.4000015258789,82.80000305175781,96.0,3128
2016-06-23,82.80000305175781,87.5999984741211,79.19999694824219,80.4000015258789,2119
2016-06-24,87.5999984741211,97.19999694824219,82.80000305175781,90.0,13173
2016-06-27,74.4000015258789,93.5999984741211,72.0,93.5999984741211,4702
2016-06-28,69.5999984741211,78.0,64.80000305175781,78.0,3139
2016-06-29,76.80000305175781,79.19999694824219,70.80000305175781,73.19999694824219,3320
2016-06-30,73.19999694824219,80.4000015258789,72.0,78.0,1940
2016-07-01,72.0,78.0,68.4000015258789,78.0,3446
2016-07-05,72.0,75.5999984741211,69.5999984741211,75.5999984741211,1537
2016-07-06,69.5999984741211,79.19999694824219,69.5999984741211,73.19999694824219,6994
2016-07-07,63.599998474121094,73.19999694824219,62.400001525878906,73.19999694824219,4973
2016-07-08,56.400001525878906,62.400001525878906,51.599998474121094,61.20000076293945,7256
2016-07-11,60.0,72.0,44.0,49.20000076293945,16538
2016-07-12,56.0,65.19999694824219,56.0,63.599998474121094,3860
2016-07-13,56.79999923706055,60.0,55.20000076293945,55.20000076293945,1910
2016-07-14,59.599998474121094,60.0,56.0,57.20000076293945,2923
2016-07-15,62.400001525878906,75.5999984741211,60.0,60.0,50360
2016-07-18,67.19999694824219,71.5999984741211,60.400001525878906,62.79999923706055,23543
2016-07-19,65.5999984741211,71.19999694824219,62.0,69.19999694824219,7443
2016-07-20,64.80000305175781,65.5999984741211,61.599998474121094,64.80000305175781,6028
2016-07-21,62.79999923706055,65.5999984741211,60.79999923706055,65.5999984741211,4203
2016-07-22,62.400001525878906,67.5999984741211,60.0,62.0,11383
2016-07-25,66.0,68.0,61.20000076293945,64.4000015258789,7603
2016-07-26,69.19999694824219,77.19999694824219,65.5999984741211,66.80000305175781,36090
2016-07-27,87.5999984741211,97.19999694824219,72.0,72.0,122078
2016-07-28,71.19999694824219,97.19999694824219,66.0,86.0,67288
2016-07-29,72.0,76.0,64.80000305175781,72.80000305175781,12790
2016-08-01,64.80000305175781,72.4000015258789,64.4000015258789,70.80000305175781,8763
2016-08-02,54.400001525878906,64.4000015258789,52.0,63.20000076293945,20765
2016-08-03,56.400001525878906,58.79999923706055,50.400001525878906,54.0,7458
2016-08-04,61.599998474121094,68.0,56.79999923706055,64.4000015258789,23040
2016-08-05,61.599998474121094,63.599998474121094,58.400001525878906,61.599998474121094,7355
2016-08-08,62.0,62.0,58.400001525878906,58.79999923706055,5500
2016-08-09,61.20000076293945,62.0,58.400001525878906,61.20000076293945,2395
2016-08-10,58.0,62.0,56.0,62.0,3713
2016-08-11,57.599998474121094,58.79999923706055,54.400001525878906,58.400001525878906,2520
2016-08-12,58.400001525878906,60.0,56.79999923706055,57.20000076293945,1655
2016-08-15,61.20000076293945,62.79999923706055,58.79999923706055,59.20000076293945,3988
2016-08-16,64.0,66.0,60.0,62.0,6935
2016-08-17,62.79999923706055,64.4000015258789,61.599998474121094,64.4000015258789,3688
2016-08-18,60.79999923706055,62.79999923706055,60.0,61.20000076293945,2355
2016-08-19,59.599998474121094,60.79999923706055,58.0,60.79999923706055,3295
2016-08-22,57.20000076293945,59.599998474121094,54.79999923706055,59.599998474121094,4555
2016-08-23,57.20000076293945,58.79999923706055,56.400001525878906,57.20000076293945,2370
2016-08-24,56.400001525878906,58.79999923706055,55.20000076293945,56.79999923706055,3315
2016-08-25,56.0,56.79999923706055,54.79999923706055,56.0,1208
2016-08-26,57.599998474121094,57.599998474121094,56.0,56.79999923706055,758
2016-08-29,57.599998474121094,58.0,56.400001525878906,57.599998474121094,1755
2016-08-30,59.20000076293945,60.0,56.400001525878906,58.79999923706055,2980
2016-08-31,56.0,58.79999923706055,55.20000076293945,58.400001525878906,2518
2016-09-01,56.79999923706055,58.400001525878906,56.0,58.400001525878906,590
2016-09-02,56.79999923706055,57.599998474121094,56.0,56.400001525878906,548
2016-09-06,56.79999923706055,58.400001525878906,56.400001525878906,56.79999923706055,2573
2016-09-07,55.599998474121094,58.400001525878906,55.20000076293945,56.79999923706055,2400
2016-09-08,56.0,57.20000076293945,55.20000076293945,56.79999923706055,1633
2016-09-09,54.79999923706055,56.79999923706055,54.79999923706055,56.400001525878906,1443
2016-09-12,53.20000076293945,56.0,52.400001525878906,55.599998474121094,2368
2016-09-13,54.0,54.79999923706055,52.79999923706055,53.20000076293945,1068
2016-09-14,54.79999923706055,55.599998474121094,53.20000076293945,53.20000076293945,483
2016-09-15,47.599998474121094,54.400001525878906,44.400001525878906,52.0,9875
2016-09-16,50.0,50.400001525878906,48.0,48.0,2330
2016-09-19,52.0,52.400001525878906,48.79999923706055,49.599998474121094,1425
2016-09-20,51.599998474121094,53.599998474121094,50.0,52.79999923706055,2058
2016-09-21,48.79999923706055,51.599998474121094,48.0,51.599998474121094,1950
2016-09-22,48.400001525878906,51.20000076293945,48.400001525878906,50.0,4268
2016-09-23,49.20000076293945,52.0,48.400001525878906,50.0,1170
2016-09-26,47.599998474121094,49.599998474121094,47.599998474121094,49.599998474121094,2143
2016-09-27,46.400001525878906,48.79999923706055,46.0,47.599998474121094,1968
2016-09-28,47.20000076293945,47.20000076293945,45.20000076293945,45.20000076293945,2210
2016-09-29,47.599998474121094,49.599998474121094,46.79999923706055,47.599998474121094,1413
2016-09-30,50.400001525878906,54.400001525878906,48.400001525878906,53.599998474121094,4993
2016-10-03,48.0,51.599998474121094,48.0,51.599998474121094,2113
2016-10-04,46.79999923706055,48.79999923706055,46.0,47.599998474121094,2275
2016-10-05,46.0,48.0,44.79999923706055,45.599998474121094,1880
2016-10-06,44.79999923706055,46.0,44.79999923706055,44.79999923706055,1395
2016-10-07,45.20000076293945,48.400001525878906,44.79999923706055,46.0,940
2016-10-10,44.79999923706055,46.0,44.400001525878906,46.0,360
2016-10-11,46.400001525878906,47.20000076293945,44.0,44.79999923706055,5273
2016-10-12,45.599998474121094,47.20000076293945,45.20000076293945,47.20000076293945,1773
2016-10-13,46.79999923706055,47.20000076293945,44.0,45.599998474121094,1213
2016-10-14,46.0,46.79999923706055,44.400001525878906,46.79999923706055,1200
2016-10-17,43.599998474121094,48.0,43.599998474121094,48.0,3335
2016-10-18,41.599998474121094,44.400001525878906,40.400001525878906,42.79999923706055,4040
2016-10-19,44.0,44.79999923706055,37.599998474121094,41.599998474121094,4025
2016-10-20,44.79999923706055,45.599998474121094,44.0,44.0,645
2016-10-21,44.0,44.79999923706055,40.400001525878906,44.400001525878906,1268
2016-10-24,42.79999923706055,44.400001525878906,41.20000076293945,44.0,1328
2016-10-25,41.599998474121094,44.0,40.400001525878906,41.20000076293945,1265
2016-10-26,44.79999923706055,46.400001525878906,40.79999923706055,41.20000076293945,1798
2016-10-27,42.400001525878906,44.400001525878906,42.0,42.0,753
2016-10-28,42.400001525878906,44.400001525878906,42.400001525878906,44.400001525878906,468
2016-10-31,41.20000076293945,42.79999923706055,41.20000076293945,42.79999923706055,323
2016-11-01,40.79999923706055,42.400001525878906,40.400001525878906,41.20000076293945,1050
2016-11-02,39.599998474121094,40.79999923706055,37.20000076293945,40.79999923706055,3405
2016-11-03,40.79999923706055,41.20000076293945,37.599998474121094,40.0,2170
2016-11-04,41.20000076293945,42.0,40.0,42.0,428
2016-11-07,40.0,41.20000076293945,38.79999923706055,40.0,428
2016-11-08,40.0,40.400001525878906,36.79999923706055,40.0,1105
2016-11-09,40.0,42.0,37.20000076293945,38.79999923706055,995
2016-11-10,39.599998474121094,41.20000076293945,38.0,41.20000076293945,798
2016-11-11,38.400001525878906,39.599998474121094,36.79999923706055,39.599998474121094,600
2016-11-14,36.79999923706055,39.599998474121094,36.400001525878906,37.599998474121094,1753
2016-11-15,36.79999923706055,39.20000076293945,36.0,37.20000076293945,1485
2016-11-16,36.0,38.79999923706055,32.400001525878906,38.0,2575
2016-11-17,36.79999923706055,38.400001525878906,32.79999923706055,36.0,1218
2016-11-18,43.599998474121094,52.79999923706055,36.400001525878906,37.599998474121094,37618
2016-11-21,42.400001525878906,44.79999923706055,39.599998474121094,43.20000076293945,5863
2016-11-22,39.599998474121094,42.79999923706055,32.79999923706055,42.0,4603
2016-11-23,38.0,41.20000076293945,36.400001525878906,41.20000076293945,1458
2016-11-25,40.0,41.20000076293945,38.0,40.0,1665
2016-11-28,42.400001525878906,44.0,38.79999923706055,40.79999923706055,5035
2016-11-29,56.400001525878906,68.4000015258789,44.0,46.0,111293
2016-11-30,46.79999923706055,56.0,46.0,55.599998474121094,15453
2016-12-01,46.79999923706055,51.599998474121094,44.0,46.400001525878906,6828
2016-12-02,47.20000076293945,49.20000076293945,44.0,48.400001525878906,3393
2016-12-05,44.0,47.599998474121094,44.0,47.599998474121094,3245
2016-12-06,48.0,48.0,44.400001525878906,44.400001525878906,4335
2016-12-07,50.79999923706055,54.0,47.599998474121094,47.599998474121094,8600
2016-12-08,55.20000076293945,68.0,52.0,53.20000076293945,50108
2016-12-09,53.599998474121094,56.0,51.20000076293945,52.400001525878906,5940
2016-12-12,50.400001525878906,55.599998474121094,50.0,53.599998474121094,4765
2016-12-13,52.400001525878906,52.79999923706055,50.0,50.79999923706055,2783
2016-12-14,52.400001525878906,54.400001525878906,50.79999923706055,52.400001525878906,3013
2016-12-15,52.79999923706055,53.20000076293945,50.0,52.79999923706055,2970
2016-12-16,52.0,54.0,48.79999923706055,52.400001525878906,3225
2016-12-19,53.599998474121094,53.599998474121094,51.20000076293945,51.599998474121094,2263
2016-12-20,56.400001525878906,57.20000076293945,53.20000076293945,54.0,3038
2016-12-21,64.80000305175781,66.80000305175781,56.0,56.0,19785
2016-12-22,62.0,68.80000305175781,59.20000076293945,68.0,13460
2016-12-23,63.20000076293945,64.0,58.0,60.400001525878906,4695
2016-12-27,76.4000015258789,76.80000305175781,60.0,64.80000305175781,34545
2016-12-28,96.80000305175781,115.19999694824219,76.4000015258789,76.4000015258789,274590
2016-12-29,99.5999984741211,106.80000305175781,81.19999694824219,96.4000015258789,47023
2016-12-30,88.0,98.0,84.80000305175781,94.0,14695
2017-01-03,69.5999984741211,85.5999984741211,64.0,85.19999694824219,30465
2017-01-04,72.0,75.19999694824219,64.4000015258789,68.80000305175781,12615
2017-01-05,66.4000015258789,71.19999694824219,64.4000015258789,71.19999694824219,9910
2017-01-06,60.79999923706055,66.0,57.20000076293945,64.80000305175781,16090
2017-01-09,60.79999923706055,65.5999984741211,58.400001525878906,60.79999923706055,7713
2017-01-10,62.400001525878906,63.599998474121094,58.79999923706055,60.79999923706055,4575
2017-01-11,61.20000076293945,62.400001525878906,60.400001525878906,61.20000076293945,2598
2017-01-12,60.400001525878906,64.0,60.0,62.400001525878906,4630
2017-01-13,56.79999923706055,60.79999923706055,56.0,60.400001525878906,5228
2017-01-17,58.0,60.400001525878906,56.0,56.400001525878906,4483
2017-01-18,62.79999923706055,70.4000015258789,58.0,61.599998474121094,28095
2017-01-19,57.20000076293945,62.79999923706055,57.20000076293945,62.0,8063
2017-01-20,55.599998474121094,58.0,52.79999923706055,57.20000076293945,5803
2017-01-23,54.400001525878906,56.79999923706055,52.79999923706055,55.20000076293945,4908
2017-01-24,56.400001525878906,57.20000076293945,54.400001525878906,54.400001525878906,1385
2017-01-25,56.400001525878906,60.0,55.20000076293945,56.400001525878906,5425
2017-01-26,58.0,58.79999923706055,54.0,55.20000076293945,12085
2017-01-27,57.20000076293945,58.79999923706055,55.599998474121094,58.79999923706055,2043
2017-01-30,59.599998474121094,60.0,54.79999923706055,56.79999923706055,2315
2017-01-31,57.20000076293945,60.400001525878906,56.0,60.400001525878906,3405
2017-02-01,58.79999923706055,59.20000076293945,56.400001525878906,56.400001525878906,2518
2017-02-02,58.79999923706055,59.20000076293945,55.20000076293945,58.79999923706055,1503
2017-02-03,58.79999923706055,59.20000076293945,56.400001525878906,58.0,1070
2017-02-06,57.599998474121094,58.79999923706055,56.79999923706055,57.599998474121094,800
2017-02-07,69.19999694824219,71.19999694824219,56.79999923706055,57.599998474121094,20430
2017-02-08,64.4000015258789,67.19999694824219,60.400001525878906,67.19999694824219,7983
2017-02-09,65.5999984741211,70.0,62.400001525878906,63.599998474121094,7468
2017-02-10,62.0,78.0,60.0,65.5999984741211,29393
2017-02-13,62.0,65.19999694824219,60.0,63.20000076293945,3585
2017-02-14,63.20000076293945,64.0,62.0,64.0,2545
2017-02-15,61.20000076293945,64.0,60.0,64.0,3068
2017-02-16,58.400001525878906,62.0,58.0,60.0,2673
2017-02-17,61.599998474121094,62.0,57.599998474121094,58.0,2368
2017-02-21,63.20000076293945,66.80000305175781,58.0,62.0,7210
2017-02-22,60.400001525878906,63.599998474121094,60.400001525878906,63.20000076293945,1678
2017-02-23,59.599998474121094,62.79999923706055,58.79999923706055,61.20000076293945,1538
2017-02-24,58.79999923706055,60.400001525878906,58.79999923706055,59.20000076293945,1865
2017-02-27,55.20000076293945,59.20000076293945,54.400001525878906,59.20000076293945,3920
2017-02-28,55.20000076293945,58.0,54.0,55.20000076293945,2625
2017-03-01,54.400001525878906,56.400001525878906,54.400001525878906,54.400001525878906,1665
2017-03-02,51.599998474121094,55.20000076293945,48.400001525878906,54.0,7288
2017-03-03,51.20000076293945,52.79999923706055,49.20000076293945,50.0,1720
2017-03-06,49.20000076293945,52.0,48.400001525878906,52.0,2880
2017-03-07,49.599998474121094,50.0,48.0,48.0,2168
2017-03-08,48.400001525878906,51.20000076293945,48.400001525878906,50.0,2215
2017-03-09,47.20000076293945,50.79999923706055,44.400001525878906,49.20000076293945,6278
2017-03-10,46.400001525878906,48.400001525878906,45.20000076293945,48.0,2085
2017-03-13,46.0,48.0,46.0,46.79999923706055,1200
2017-03-14,45.20000076293945,47.599998474121094,44.400001525878906,47.20000076293945,693
2017-03-15,45.599998474121094,47.20000076293945,44.0,45.20000076293945,998
2017-03-16,48.0,48.0,44.400001525878906,44.400001525878906,2530
2017-03-17,48.79999923706055,50.0,48.0,48.0,1568
2017-03-20,49.599998474121094,50.79999923706055,46.0,49.20000076293945,4075
2017-03-21,45.599998474121094,50.400001525878906,44.79999923706055,50.0,2310
2017-03-22,46.400001525878906,48.0,45.599998474121094,47.599998474121094,1365
2017-03-23,45.599998474121094,46.400001525878906,44.400001525878906,45.599998474121094,1223
2017-03-24,46.400001525878906,48.79999923706055,45.599998474121094,46.0,1408
2017-03-27,45.599998474121094,47.599998474121094,44.400001525878906,46.0,3640
2017-03-28,50.400001525878906,55.20000076293945,44.79999923706055,47.20000076293945,19030
2017-03-29,50.0,53.599998474121094,49.20000076293945,50.79999923706055,10920
2017-03-30,48.79999923706055,52.0,46.79999923706055,50.79999923706055,3628
2017-03-31,46.0,49.20000076293945,46.0,49.20000076293945,2965
2017-04-03,49.599998474121094,60.0,46.0,49.599998474121094,38403
2017-04-04,47.20000076293945,49.599998474121094,46.79999923706055,46.79999923706055,6425
2017-04-05,45.599998474121094,47.20000076293945,45.20000076293945,46.79999923706055,5300
2017-04-06,45.20000076293945,46.400001525878906,44.79999923706055,45.599998474121094,2790
2017-04-07,47.599998474121094,48.0,45.20000076293945,47.20000076293945,3603
2017-04-10,48.0,49.599998474121094,45.599998474121094,47.20000076293945,3245
2017-04-11,47.599998474121094,49.20000076293945,46.400001525878906,49.20000076293945,1943
2017-04-12,46.400001525878906,47.599998474121094,44.79999923706055,46.79999923706055,1498
2017-04-13,46.79999923706055,47.20000076293945,45.599998474121094,46.400001525878906,1243
2017-04-17,47.20000076293945,47.20000076293945,44.79999923706055,46.0,2523
2017-04-18,46.79999923706055,46.79999923706055,44.79999923706055,46.400001525878906,415
2017-04-19,46.79999923706055,47.20000076293945,45.20000076293945,46.0,983
2017-04-20,47.20000076293945,50.0,46.400001525878906,46.79999923706055,3235
2017-04-21,48.400001525878906,49.20000076293945,46.79999923706055,47.599998474121094,2815
2017-04-24,48.400001525878906,49.599998474121094,47.20000076293945,49.20000076293945,1743
2017-04-25,47.599998474121094,48.79999923706055,46.400001525878906,47.20000076293945,1015
2017-04-26,48.79999923706055,48.79999923706055,46.79999923706055,47.599998474121094,893
2017-04-27,47.20000076293945,48.79999923706055,45.20000076293945,48.0,1698
2017-04-28,48.0,48.0,46.0,48.0,2355
2017-05-01,47.20000076293945,48.0,45.599998474121094,48.0,1458
2017-05-02,46.0,47.599998474121094,45.599998474121094,46.79999923706055,1218
2017-05-03,46.400001525878906,46.400001525878906,45.599998474121094,46.400001525878906,713
2017-05-04,45.599998474121094,46.400001525878906,45.599998474121094,45.599998474121094,1378
2017-05-05,48.79999923706055,51.20000076293945,45.599998474121094,46.0,12340
2017-05-08,47.900001525878906,53.0,42.70000076293945,43.0,3830
2017-05-09,52.099998474121094,55.79999923706055,49.0,49.20000076293945,13520
2017-05-10,51.5,56.599998474121094,51.20000076293945,53.20000076293945,14000
2017-05-11,49.900001525878906,53.0,49.5,52.5,7380
2017-05-12,49.900001525878906,51.79999923706055,49.70000076293945,49.70000076293945,3170
2017-05-15,47.20000076293945,51.400001525878906,46.099998474121094,50.20000076293945,4690
2017-05-16,45.79999923706055,48.099998474121094,45.099998474121094,47.400001525878906,5250
2017-05-17,42.5,45.599998474121094,42.5,44.79999923706055,3070
2017-05-18,43.099998474121094,45.599998474121094,42.5,42.5,1640
2017-05-19,45.400001525878906,45.79999923706055,43.20000076293945,43.20000076293945,1240
2017-05-22,47.400001525878906,49.900001525878906,45.599998474121094,46.0,2900
2017-05-23,47.0,47.400001525878906,45.70000076293945,46.70000076293945,2190
2017-05-24,43.20000076293945,47.5,42.599998474121094,47.0,9760
2017-05-25,40.599998474121094,43.099998474121094,38.900001525878906,43.0,8340
2017-05-26,35.0,41.0,33.70000076293945,41.0,8230
2017-05-30,34.20000076293945,38.400001525878906,34.099998474121094,36.599998474121094,9870
2017-05-31,30.0,35.099998474121094,28.700000762939453,35.099998474121094,18890
2017-06-01,30.0,30.399999618530273,28.100000381469727,29.899999618530273,5530
2017-06-02,29.799999237060547,30.100000381469727,29.0,29.0,3390
2017-06-05,26.799999237060547,31.0,25.5,31.0,57230
2017-06-06,26.200000762939453,27.5,25.600000381469727,27.5,12510
2017-06-07,26.600000381469727,28.100000381469727,26.0,26.5,27610
2017-06-08,27.600000381469727,27.600000381469727,26.5,26.700000762939453,16070
2017-06-09,27.5,28.0,26.700000762939453,27.5,23200
2017-06-12,28.899999618530273,31.100000381469727,27.0,28.100000381469727,68650
2017-06-13,29.0,29.899999618530273,28.5,29.700000762939453,24050
2017-06-14,28.0,29.5,27.200000762939453,29.5,15470
2017-06-15,28.5,28.799999237060547,27.5,28.200000762939453,10310
2017-06-16,28.799999237060547,28.899999618530273,28.0,28.799999237060547,6960
2017-06-19,28.100000381469727,29.0,27.299999237060547,28.5,12470
2017-06-20,27.899999618530273,28.5,27.200000762939453,28.5,8830
2017-06-21,28.700000762939453,34.599998474121094,28.700000762939453,31.5,266240
2017-06-22,30.399999618530273,30.700000762939453,29.0,29.600000381469727,118800
2017-06-23,30.299999237060547,32.599998474121094,29.799999237060547,30.399999618530273,91330
2017-06-26,29.799999237060547,31.600000381469727,23.5,31.5,63410
2017-06-27,31.100000381469727,33.20000076293945,30.700000762939453,31.100000381469727,103620
2017-06-28,31.100000381469727,31.5,30.5,31.5,64890
2017-06-29,28.5,32.0,28.0,32.0,61790
2017-06-30,28.399999618530273,29.0,26.700000762939453,28.899999618530273,36050
2017-07-03,27.799999237060547,29.399999618530273,27.5,29.399999618530273,18110
2017-07-05,28.799999237060547,30.0,27.5,28.0,60810
2017-07-06,29.299999237060547,32.5,27.899999618530273,31.700000762939453,87710
2017-07-07,27.0,29.299999237060547,26.5,28.0,36670
2017-07-10,27.200000762939453,27.899999618530273,26.899999618530273,27.0,29350
2017-07-11,26.899999618530273,27.899999618530273,26.299999237060547,27.5,17820
2017-07-12,27.100000381469727,27.600000381469727,26.600000381469727,26.700000762939453,15810
2017-07-13,25.299999237060547,27.700000762939453,25.200000762939453,27.299999237060547,24430
2017-07-14,23.200000762939453,26.0,22.299999237060547,25.5,34140
2017-07-17,24.100000381469727,24.899999618530273,23.700000762939453,24.100000381469727,14220
2017-07-18,26.0,26.600000381469727,24.200000762939453,24.5,26130
2017-07-19,26.299999237060547,26.899999618530273,25.200000762939453,26.899999618530273,20600
2017-07-20,26.5,26.899999618530273,25.700000762939453,26.799999237060547,17330
2017-07-21,25.799999237060547,26.700000762939453,25.5,26.200000762939453,11840
2017-07-24,25.5,26.0,24.799999237060547,26.0,11680
2017-07-25,25.299999237060547,25.5,25.100000381469727,25.200000762939453,6610
2017-07-26,25.600000381469727,26.0,25.0,25.0,18820
2017-07-27,25.700000762939453,26.0,25.299999237060547,25.799999237060547,10630
2017-07-28,25.0,25.5,24.799999237060547,25.399999618530273,8870
2017-07-31,25.5,26.200000762939453,25.0,26.200000762939453,6590
2017-08-01,25.100000381469727,25.5,25.0,25.100000381469727,5370
2017-08-02,24.799999237060547,25.5,24.799999237060547,25.100000381469727,8000
2017-08-03,23.899999618530273,25.0,23.399999618530273,24.899999618530273,18290
2017-08-04,23.200000762939453,24.399999618530273,22.5,23.899999618530273,29200
2017-08-07,23.700000762939453,26.0,22.600000381469727,25.0,43200
2017-08-08,23.899999618530273,24.5,23.200000762939453,24.5,17200
2017-08-09,23.399999618530273,26.200000762939453,22.5,26.200000762939453,23530
2017-08-10,23.5,24.200000762939453,22.799999237060547,23.899999618530273,13110
2017-08-11,24.0,24.200000762939453,22.5,24.200000762939453,16930
2017-08-14,24.399999618530273,24.899999618530273,23.899999618530273,24.100000381469727,13400
2017-08-15,23.899999618530273,24.899999618530273,23.5,23.899999618530273,5240
2017-08-16,23.700000762939453,24.5,23.100000381469727,24.100000381469727,7850
2017-08-17,24.5,24.899999618530273,22.200000762939453,24.0,31150
2017-08-18,24.0,25.200000762939453,23.5,24.899999618530273,17500
2017-08-21,24.299999237060547,24.799999237060547,23.799999237060547,24.0,8130
2017-08-22,23.700000762939453,24.100000381469727,23.399999618530273,24.100000381469727,8100
2017-08-23,23.899999618530273,24.100000381469727,23.600000381469727,23.899999618530273,3750
2017-08-24,22.799999237060547,24.5,22.5,24.5,11610
2017-08-25,23.200000762939453,23.5,22.899999618530273,23.299999237060547,6730
2017-08-28,25.399999618530273,25.799999237060547,24.0,24.5,43210
2017-08-29,25.200000762939453,26.5,24.700000762939453,26.399999618530273,40380
2017-08-30,24.200000762939453,25.5,24.0,25.5,8710
2017-08-31,24.200000762939453,25.0,24.100000381469727,24.100000381469727,6940
2017-09-01,24.700000762939453,24.799999237060547,24.100000381469727,24.100000381469727,11190
2017-09-05,24.600000381469727,25.5,24.200000762939453,25.5,14770
2017-09-06,24.200000762939453,24.600000381469727,23.5,24.5,12510
2017-09-07,24.299999237060547,24.700000762939453,23.5,24.5,14680
2017-09-08,23.899999618530273,24.5,23.899999618530273,24.5,11730
2017-09-11,24.100000381469727,25.399999618530273,23.899999618530273,23.899999618530273,18210
2017-09-12,24.700000762939453,24.700000762939453,24.100000381469727,24.200000762939453,9260
2017-09-13,24.799999237060547,25.399999618530273,24.5,25.200000762939453,13430
2017-09-14,24.600000381469727,25.299999237060547,24.399999618530273,24.899999618530273,12910
2017-09-15,23.899999618530273,25.5,23.899999618530273,25.5,8740
2017-09-18,23.5,25.0,23.5,24.200000762939453,17290
2017-09-19,22.200000762939453,24.0,22.0,24.0,36260
2017-09-20,22.299999237060547,23.799999237060547,22.100000381469727,23.0,30870
2017-09-21,22.299999237060547,23.399999618530273,22.100000381469727,22.600000381469727,10950
2017-09-22,22.600000381469727,23.100000381469727,22.399999618530273,22.5,4930
2017-09-25,22.600000381469727,23.0,22.299999237060547,22.600000381469727,6680
2017-09-26,22.0,22.700000762939453,22.0,22.700000762939453,11330
2017-09-27,22.200000762939453,23.100000381469727,22.0,22.0,31290
2017-09-28,22.600000381469727,22.700000762939453,22.0,22.0,7460
2017-09-29,22.200000762939453,22.600000381469727,22.0,22.600000381469727,7770
2017-10-02,20.600000381469727,22.200000762939453,20.299999237060547,22.200000762939453,23780
2017-10-03,18.399999618530273,20.600000381469727,18.100000381469727,20.399999618530273,45630
2017-10-04,19.100000381469727,19.399999618530273,18.700000762939453,18.799999237060547,12080
2017-10-05,18.399999618530273,20.0,18.0,18.5,38280
2017-10-06,18.0,18.799999237060547,17.399999618530273,18.600000381469727,53090
2017-10-09,17.600000381469727,18.299999237060547,17.100000381469727,18.100000381469727,23820
2017-10-10,17.100000381469727,18.0,16.799999237060547,17.799999237060547,28980
2017-10-11,17.5,17.700000762939453,16.299999237060547,16.700000762939453,37720
2017-10-12,17.299999237060547,17.700000762939453,17.100000381469727,17.5,8130
2017-10-13,16.799999237060547,17.5,16.5,17.399999618530273,15610
2017-10-16,16.700000762939453,17.100000381469727,16.100000381469727,17.100000381469727,22530
2017-10-17,16.0,16.600000381469727,15.699999809265137,16.5,15370
2017-10-18,15.199999809265137,16.299999237060547,14.0,16.0,31000
2017-10-19,14.100000381469727,15.0,13.800000190734863,14.800000190734863,32790
2017-10-20,13.5,15.100000381469727,13.100000381469727,14.0,49970
2017-10-23,13.0,13.5,12.0,13.300000190734863,50430
2017-10-24,12.600000381469727,13.800000190734863,12.300000190734863,12.899999618530273,21260
2017-10-25,11.800000190734863,12.899999618530273,11.199999809265137,12.600000381469727,29420
2017-10-26,11.100000381469727,12.399999618530273,11.100000381469727,11.899999618530273,22730
2017-10-27,11.300000190734863,12.5,11.0,11.0,27840
2017-10-30,11.800000190734863,12.199999809265137,11.300000190734863,11.399999618530273,16670
2017-10-31,12.0,12.199999809265137,11.600000381469727,11.600000381469727,14450
2017-11-01,11.600000381469727,12.5,11.5,12.199999809265137,19380
2017-11-02,11.0,11.899999618530273,10.800000190734863,11.600000381469727,15270
2017-11-03,11.0,11.600000381469727,10.5,11.100000381469727,21350
2017-11-06,14.399999618530273,14.800000190734863,11.100000381469727,11.100000381469727,85230
2017-11-07,13.399999618530273,15.399999618530273,12.699999809265137,14.399999618530273,49120
2017-11-08,13.899999618530273,14.399999618530273,12.800000190734863,13.600000381469727,25110
2017-11-09,12.399999618530273,13.899999618530273,12.0,13.899999618530273,11660
2017-11-10,12.699999809265137,13.0,12.0,12.199999809265137,11650
2017-11-13,14.0,14.100000381469727,12.800000190734863,13.300000190734863,27110
2017-11-14,16.5,17.0,14.0,14.100000381469727,66580
2017-11-15,15.199999809265137,17.100000381469727,14.5,16.700000762939453,35430
2017-11-16,14.699999809265137,15.5,14.5,15.100000381469727,12670
2017-11-17,15.399999618530273,16.100000381469727,14.699999809265137,15.600000381469727,26240
2017-11-20,15.699999809265137,16.200000762939453,15.100000381469727,15.800000190734863,28950
2017-11-21,15.399999618530273,16.399999618530273,15.300000190734863,15.800000190734863,19160
2017-11-22,15.399999618530273,15.800000190734863,14.800000190734863,15.300000190734863,17820
2017-11-24,16.0,16.299999237060547,14.800000190734863,15.399999618530273,7470
2017-11-27,14.5,15.899999618530273,14.199999809265137,15.899999618530273,29580
2017-11-28,14.300000190734863,14.800000190734863,13.5,14.5,13670
2017-11-29,14.199999809265137,14.899999618530273,13.600000381469727,14.399999618530273,13720
2017-11-30,13.699999809265137,14.100000381469727,13.600000381469727,14.0,6370
2017-12-01,14.399999618530273,14.5,13.800000190734863,14.0,21120
2017-12-04,14.100000381469727,14.5,13.800000190734863,14.399999618530273,7940
2017-12-05,13.699999809265137,14.199999809265137,13.5,14.0,15820
2017-12-06,13.100000381469727,13.699999809265137,13.0,13.600000381469727,11690
2017-12-07,13.0,13.300000190734863,12.5,13.0,16500
2017-12-08,13.100000381469727,13.399999618530273,12.5,12.899999618530273,8280
2017-12-11,13.100000381469727,13.399999618530273,12.800000190734863,13.300000190734863,5830
2017-12-12,12.699999809265137,13.399999618530273,12.600000381469727,13.399999618530273,12580
2017-12-13,13.300000190734863,13.399999618530273,12.699999809265137,12.899999618530273,15470
2017-12-14,12.899999618530273,13.5,12.699999809265137,13.5,14070
2017-12-15,13.199999809265137,13.5,12.800000190734863,13.0,17600
2017-12-18,13.800000190734863,14.5,13.5,13.5,18630
2017-12-19,14.699999809265137,15.0,13.800000190734863,13.800000190734863,24700
2017-12-20,13.699999809265137,14.800000190734863,13.5,14.399999618530273,9540
2017-12-21,13.899999618530273,14.0,13.5,13.699999809265137,5290
2017-12-22,16.299999237060547,19.100000381469727,13.699999809265137,13.899999618530273,89460
2017-12-26,15.5,18.100000381469727,15.100000381469727,17.5,46140
2017-12-27,15.800000190734863,17.0,15.100000381469727,16.200000762939453,25670
2017-12-28,16.899999618530273,17.200000762939453,15.199999809265137,15.899999618530273,60720
2017-12-29,16.299999237060547,17.5,16.0,17.5,30410
2018-01-02,16.600000381469727,16.899999618530273,16.399999618530273,16.899999618530273,11360
2018-01-03,17.0,17.5,16.799999237060547,17.0,28770
2018-01-04,18.5,18.700000762939453,17.200000762939453,18.5,70690
2018-01-05,20.5,20.899999618530273,19.299999237060547,19.899999618530273,89790
2018-01-08,18.799999237060547,21.100000381469727,18.200000762939453,21.100000381469727,45360
2018-01-09,21.399999618530273,21.700000762939453,20.0,21.700000762939453,54320
2018-01-10,23.299999237060547,25.899999618530273,22.5,23.0,112540
2018-01-11,28.399999618530273,28.5,23.0,25.0,78190
2018-01-12,27.600000381469727,32.70000076293945,26.0,32.20000076293945,151880
2018-01-16,27.0,28.700000762939453,26.0,28.5,46560
2018-01-17,31.0,31.200000762939453,27.5,27.600000381469727,83980
2018-01-18,25.0,30.899999618530273,21.5,30.899999618530273,251530
2018-01-19,23.899999618530273,26.0,22.5,25.5,66630
2018-01-22,21.899999618530273,24.100000381469727,21.200000762939453,24.100000381469727,63600
2018-01-23,22.200000762939453,22.899999618530273,21.399999618530273,22.0,33950
2018-01-24,22.399999618530273,23.200000762939453,21.799999237060547,22.899999618530273,42730
2018-01-25,23.399999618530273,23.700000762939453,21.799999237060547,23.0,44320
2018-01-26,26.700000762939453,26.700000762939453,23.0,24.0,100240
2018-01-29,27.299999237060547,28.0,25.5,26.899999618530273,72140
2018-01-30,27.899999618530273,29.0,27.0,28.5,87940
2018-01-31,25.5,28.700000762939453,25.0,28.700000762939453,57940
2018-02-01,26.299999237060547,26.799999237060547,25.700000762939453,25.799999237060547,24640
2018-02-02,23.5,26.700000762939453,22.299999237060547,26.700000762939453,78480
2018-02-05,23.200000762939453,25.0,22.899999618530273,24.399999618530273,28490
2018-02-06,23.200000762939453,23.299999237060547,22.299999237060547,23.0,22910
2018-02-07,24.5,25.5,23.0,23.200000762939453,32750
2018-02-08,24.100000381469727,24.5,23.0,24.5,17960
2018-02-09,22.700000762939453,23.899999618530273,21.5,23.899999618530273,25380
2018-02-12,23.600000381469727,23.600000381469727,22.899999618530273,22.899999618530273,15170
2018-02-13,20.600000381469727,22.5,20.0,22.0,97050
2018-02-14,22.0,22.5,18.899999618530273,20.600000381469727,92780
2018-02-15,21.600000381469727,22.299999237060547,21.100000381469727,22.299999237060547,24320
2018-02-16,21.200000762939453,21.899999618530273,20.700000762939453,21.899999618530273,20740
2018-02-20,20.5,21.299999237060547,20.0,21.299999237060547,24350
2018-02-21,20.200000762939453,20.5,19.700000762939453,20.5,23190
2018-02-22,18.399999618530273,20.5,18.0,20.5,30350
2018-02-23,19.100000381469727,19.5,18.200000762939453,18.799999237060547,29200
2018-02-26,19.100000381469727,19.5,19.0,19.0,15350
2018-02-27,18.600000381469727,19.0,18.5,19.0,30260
2018-02-28,18.100000381469727,19.0,18.100000381469727,19.0,16030
2018-03-01,17.5,18.200000762939453,17.299999237060547,18.100000381469727,19130
2018-03-02,17.5,18.100000381469727,16.600000381469727,17.0,20700
2018-03-05,19.100000381469727,19.399999618530273,17.299999237060547,17.299999237060547,13800
2018-03-06,18.799999237060547,19.799999237060547,18.399999618530273,19.299999237060547,11890
2018-03-07,17.799999237060547,19.200000762939453,17.5,19.0,19910
2018-03-08,17.799999237060547,18.399999618530273,17.5,17.799999237060547,9130
2018-03-09,18.799999237060547,18.799999237060547,17.5,17.799999237060547,14560
2018-03-12,18.700000762939453,19.5,17.600000381469727,18.0,15910
2018-03-13,18.799999237060547,19.5,17.899999618530273,18.0,23430
2018-03-14,18.200000762939453,19.100000381469727,17.600000381469727,19.100000381469727,13610
2018-03-15,17.799999237060547,18.5,17.600000381469727,18.0,10480
2018-03-16,18.799999237060547,18.799999237060547,17.600000381469727,17.799999237060547,10420
2018-03-19,18.200000762939453,18.600000381469727,17.600000381469727,18.600000381469727,9350
2018-03-20,18.0,18.399999618530273,17.5,18.399999618530273,11800
2018-03-21,18.299999237060547,19.100000381469727,17.600000381469727,18.100000381469727,24850
2018-03-22,18.200000762939453,18.799999237060547,17.799999237060547,18.299999237060547,10230
2018-03-23,17.899999618530273,18.600000381469727,17.5,18.600000381469727,15020
2018-03-26,16.600000381469727,17.899999618530273,16.5,17.799999237060547,20120
2018-03-27,14.199999809265137,17.0,13.699999809265137,16.5,50310
2018-03-28,12.199999809265137,14.199999809265137,12.100000381469727,13.800000190734863,102140
2018-03-29,12.800000190734863,13.5,12.100000381469727,12.100000381469727,47500
2018-04-02,14.800000190734863,15.199999809265137,13.0,13.399999618530273,76780
2018-04-03,14.199999809265137,15.800000190734863,14.0,15.199999809265137,32040
2018-04-04,14.199999809265137,15.399999618530273,13.899999618530273,14.199999809265137,23650
2018-04-05,15.0,15.0,13.800000190734863,14.5,13460
2018-04-06,14.199999809265137,15.399999618530273,13.800000190734863,14.800000190734863,23040
2018-04-09,14.5,14.699999809265137,14.0,14.300000190734863,9390
2018-04-10,14.899999618530273,15.100000381469727,14.600000381469727,14.800000190734863,9550
2018-04-11,14.600000381469727,15.300000190734863,14.600000381469727,15.0,15560
2018-04-12,13.899999618530273,15.300000190734863,13.800000190734863,14.399999618530273,19630
2018-04-13,14.0,14.5,13.699999809265137,14.100000381469727,9780
2018-04-16,13.399999618530273,14.100000381469727,13.0,14.100000381469727,15820
2018-04-17,13.199999809265137,13.800000190734863,13.100000381469727,13.399999618530273,21230
2018-04-18,13.5,14.0,13.199999809265137,13.199999809265137,12510
2018-04-19,13.899999618530273,13.899999618530273,13.5,13.600000381469727,7520
2018-04-20,13.600000381469727,13.800000190734863,13.100000381469727,13.699999809265137,10550
2018-04-23,13.100000381469727,13.5,13.0,13.5,8720
2018-04-24,12.699999809265137,13.199999809265137,12.399999618530273,13.0,27160
2018-04-25,12.5,13.100000381469727,12.199999809265137,12.800000190734863,13210
2018-04-26,12.699999809265137,12.899999618530273,12.600000381469727,12.600000381469727,9020
2018-04-27,13.800000190734863,13.800000190734863,12.699999809265137,12.699999809265137,16170
2018-04-30,13.600000381469727,13.899999618530273,13.100000381469727,13.5,5930
2018-05-01,13.600000381469727,13.600000381469727,13.300000190734863,13.600000381469727,6170
2018-05-02,13.800000190734863,14.0,13.399999618530273,13.5,5430
2018-05-03,12.5,13.600000381469727,12.5,13.300000190734863,10380
2018-05-04,12.600000381469727,13.199999809265137,12.0,12.199999809265137,18100
2018-05-07,12.800000190734863,13.399999618530273,12.5,12.5,12860
2018-05-08,12.699999809265137,13.300000190734863,12.600000381469727,12.699999809265137,4470
2018-05-09,12.899999618530273,13.0,12.399999618530273,12.800000190734863,9400
2018-05-10,13.199999809265137,13.5,12.800000190734863,12.899999618530273,15500
2018-05-11,13.5,14.0,13.300000190734863,13.5,5520
2018-05-14,13.199999809265137,13.899999618530273,13.0,13.5,7410
2018-05-15,12.600000381469727,13.399999618530273,12.600000381469727,13.399999618530273,9670
2018-05-16,12.5,13.199999809265137,12.399999618530273,12.600000381469727,14990
2018-05-17,13.5,13.5,12.699999809265137,12.699999809265137,15400
2018-05-18,13.600000381469727,13.600000381469727,13.0,13.5,5290
2018-05-21,13.699999809265137,13.699999809265137,13.100000381469727,13.699999809265137,6690
2018-05-22,13.399999618530273,13.800000190734863,13.100000381469727,13.100000381469727,9190
2018-05-23,13.899999618530273,15.0,13.5,13.5,16600
2018-05-24,13.899999618530273,14.199999809265137,13.899999618530273,14.0,2610
2018-05-25,14.5,14.800000190734863,13.899999618530273,13.899999618530273,10500
2018-05-29,13.399999618530273,14.5,13.399999618530273,14.5,7660
2018-05-30,13.0,13.5,13.0,13.199999809265137,8510
2018-05-31,13.300000190734863,13.399999618530273,13.0,13.100000381469727,6550
2018-06-01,13.600000381469727,13.800000190734863,13.0,13.399999618530273,5390
2018-06-04,13.399999618530273,14.0,13.100000381469727,13.399999618530273,5620
2018-06-05,13.5,13.899999618530273,13.399999618530273,13.5,5690
2018-06-06,13.199999809265137,14.0,13.199999809265137,13.600000381469727,6780
2018-06-07,13.399999618530273,13.899999618530273,12.800000190734863,13.199999809265137,5870
2018-06-08,13.0,13.600000381469727,13.0,13.100000381469727,3690
2018-06-11,13.300000190734863,13.5,13.0,13.199999809265137,2560
2018-06-12,13.0,13.399999618530273,12.699999809265137,13.199999809265137,11650
2018-06-13,12.600000381469727,13.300000190734863,12.600000381469727,13.0,10530
2018-06-14,12.899999618530273,13.199999809265137,12.800000190734863,12.800000190734863,4120
2018-06-15,13.199999809265137,13.300000190734863,12.199999809265137,13.0,16220
2018-06-18,12.899999618530273,13.199999809265137,12.899999618530273,13.199999809265137,5430
2018-06-19,12.699999809265137,13.199999809265137,12.699999809265137,12.899999618530273,4840
2018-06-20,12.5,13.0,12.0,12.800000190734863,21160
2018-06-21,12.300000190734863,12.5,12.0,12.399999618530273,5670
2018-06-22,13.0,13.0,12.0,12.600000381469727,8720
2018-06-25,12.699999809265137,13.199999809265137,12.399999618530273,12.899999618530273,8100
2018-06-26,12.699999809265137,13.199999809265137,12.5,12.5,7700
2018-06-27,12.699999809265137,12.899999618530273,12.600000381469727,12.899999618530273,6090
2018-06-28,12.5,12.800000190734863,12.5,12.699999809265137,4060
2018-06-29,12.600000381469727,12.800000190734863,12.300000190734863,12.5,6640
2018-07-02,12.699999809265137,12.699999809265137,12.300000190734863,12.600000381469727,5240
2018-07-03,12.399999618530273,12.699999809265137,12.100000381469727,12.699999809265137,4670
2018-07-05,12.699999809265137,12.699999809265137,12.399999618530273,12.699999809265137,4990
2018-07-06,12.5,12.699999809265137,12.399999618530273,12.5,7340
2018-07-09,13.300000190734863,13.300000190734863,12.399999618530273,12.600000381469727,14590
2018-07-10,16.299999237060547,16.5,13.5,13.5,63200
2018-07-11,14.199999809265137,16.899999618530273,13.300000190734863,16.399999618530273,37890
2018-07-12,14.300000190734863,14.899999618530273,14.0,14.800000190734863,8970
2018-07-13,14.100000381469727,14.399999618530273,13.5,14.300000190734863,6060
2018-07-16,13.800000190734863,14.5,13.800000190734863,14.100000381469727,8700
2018-07-17,13.600000381469727,13.800000190734863,13.5,13.600000381469727,4010
2018-07-18,13.800000190734863,14.5,13.5,14.0,4800
2018-07-19,13.399999618530273,13.899999618530273,13.199999809265137,13.899999618530273,7330
2018-07-20,13.300000190734863,13.600000381469727,13.199999809265137,13.5,3930
2018-07-23,12.899999618530273,13.5,12.699999809265137,13.100000381469727,9370
2018-07-24,12.899999618530273,13.300000190734863,12.699999809265137,12.800000190734863,3550
2018-07-25,12.699999809265137,13.199999809265137,12.399999618530273,13.100000381469727,8880
2018-07-26,12.600000381469727,13.100000381469727,12.399999618530273,12.899999618530273,3290
2018-07-27,12.800000190734863,13.199999809265137,12.600000381469727,12.899999618530273,2720
2018-07-30,13.0,13.300000190734863,12.600000381469727,12.800000190734863,3760
2018-07-31,12.699999809265137,13.5,12.600000381469727,13.300000190734863,13800
2018-08-01,12.800000190734863,13.399999618530273,12.600000381469727,12.899999618530273,2800
2018-08-02,12.699999809265137,13.199999809265137,12.600000381469727,12.600000381469727,7750
2018-08-03,12.600000381469727,13.0,12.600000381469727,12.600000381469727,3520
2018-08-06,12.699999809265137,12.899999618530273,12.600000381469727,12.600000381469727,6830
2018-08-07,12.699999809265137,12.899999618530273,12.699999809265137,12.699999809265137,5480
2018-08-08,12.600000381469727,12.899999618530273,12.399999618530273,12.699999809265137,6360
2018-08-09,12.199999809265137,13.399999618530273,12.199999809265137,12.5,14340
2018-08-10,12.5,12.600000381469727,12.300000190734863,12.300000190734863,4800
2018-08-13,12.199999809265137,12.5,12.0,12.300000190734863,5760
2018-08-14,12.199999809265137,12.399999618530273,12.0,12.199999809265137,3960
2018-08-15,12.300000190734863,12.600000381469727,12.0,12.600000381469727,6440
2018-08-16,11.899999618530273,12.5,11.899999618530273,12.5,7020
2018-08-17,11.800000190734863,12.300000190734863,11.800000190734863,12.300000190734863,3880
2018-08-20,12.100000381469727,12.5,11.800000190734863,11.800000190734863,9030
2018-08-21,11.800000190734863,12.300000190734863,11.800000190734863,12.300000190734863,3560
2018-08-22,12.0,12.199999809265137,11.800000190734863,12.0,4020
2018-08-23,11.399999618530273,12.199999809265137,11.0,12.199999809265137,12030
2018-08-24,11.199999809265137,11.5,11.0,11.199999809265137,11880
2018-08-27,11.100000381469727,11.5,11.0,11.5,7580
2018-08-28,11.0,11.199999809265137,11.0,11.0,4280
2018-08-29,10.699999809265137,11.300000190734863,10.5,11.300000190734863,9730
2018-08-30,10.0,10.5,9.899999618530273,10.5,18480
2018-08-31,11.399999618530273,11.899999618530273,9.899999618530273,10.100000381469727,19890
2018-09-04,10.5,11.600000381469727,10.199999809265137,11.600000381469727,13730
2018-09-05,10.800000190734863,11.199999809265137,10.399999618530273,10.800000190734863,8760
2018-09-06,10.800000190734863,11.0,10.600000381469727,10.800000190734863,6660
2018-09-07,10.199999809265137,11.0,10.100000381469727,10.699999809265137,8030
2018-09-10,10.300000190734863,11.0,10.199999809265137,10.199999809265137,5850
2018-09-11,9.899999618530273,10.5,9.800000190734863,10.199999809265137,15480
2018-09-12,10.199999809265137,10.199999809265137,9.699999809265137,9.899999618530273,19990
2018-09-13,10.0,10.399999618530273,9.699999809265137,9.899999618530273,12670
2018-09-14,9.699999809265137,10.199999809265137,9.699999809265137,10.199999809265137,4990
2018-09-17,10.100000381469727,10.399999618530273,9.800000190734863,10.100000381469727,10700
2018-09-18,10.899999618530273,11.0,10.199999809265137,10.199999809265137,8140
2018-09-19,10.399999618530273,11.0,10.300000190734863,10.899999618530273,7260
2018-09-20,10.699999809265137,10.899999618530273,10.0,10.5,9930
2018-09-21,10.199999809265137,11.0,10.199999809265137,10.899999618530273,13340
2018-09-24,10.5,10.699999809265137,10.300000190734863,10.300000190734863,5610
2018-09-25,10.899999618530273,11.0,10.300000190734863,10.5,8540
2018-09-26,10.899999618530273,11.199999809265137,10.899999618530273,10.899999618530273,6460
2018-09-27,10.399999618530273,10.800000190734863,10.300000190734863,10.800000190734863,4150
2018-09-28,10.600000381469727,10.699999809265137,10.300000190734863,10.5,2490
2018-10-01,10.5,10.800000190734863,10.5,10.800000190734863,5900
2018-10-02,10.5,11.0,10.5,10.5,3290
2018-10-03,10.5,10.600000381469727,10.5,10.600000381469727,4740
2018-10-04,10.5,10.800000190734863,10.300000190734863,10.699999809265137,2650
2018-10-05,10.399999618530273,10.800000190734863,10.399999618530273,10.699999809265137,3710
2018-10-08,11.100000381469727,11.199999809265137,10.699999809265137,11.0,11940
2018-10-09,11.199999809265137,11.5,10.800000190734863,11.199999809265137,8680
2018-10-10,11.300000190734863,11.5,10.800000190734863,11.399999618530273,4890
2018-10-11,12.800000190734863,13.0,10.800000190734863,11.0,48550
2018-10-12,11.800000190734863,12.399999618530273,11.199999809265137,12.399999618530273,23860
2018-10-15,11.800000190734863,12.399999618530273,11.699999809265137,11.699999809265137,9480
2018-10-16,11.699999809265137,12.100000381469727,11.699999809265137,12.0,10110
2018-10-17,11.0,12.0,10.800000190734863,11.699999809265137,8610
2018-10-18,10.600000381469727,11.199999809265137,10.600000381469727,10.899999618530273,11070
2018-10-19,10.199999809265137,10.899999618530273,10.199999809265137,10.699999809265137,15830
2018-10-22,10.199999809265137,11.0,10.199999809265137,11.0,8730
2018-10-23,10.699999809265137,11.600000381469727,10.5,10.5,21230
2018-10-24,10.600000381469727,10.899999618530273,10.199999809265137,10.800000190734863,12200
2018-10-25,10.100000381469727,10.699999809265137,10.100000381469727,10.699999809265137,6300
2018-10-26,10.300000190734863,10.5,10.0,10.5,6720
2018-10-29,10.199999809265137,10.5,10.100000381469727,10.300000190734863,9520
2018-10-30,9.800000190734863,10.5,9.800000190734863,10.199999809265137,8300
2018-10-31,10.399999618530273,10.399999618530273,9.699999809265137,10.0,3940
2018-11-01,10.5,10.800000190734863,10.100000381469727,10.399999618530273,24140
2018-11-02,10.800000190734863,11.0,10.600000381469727,10.800000190734863,7050
2018-11-05,10.600000381469727,11.0,10.399999618530273,10.800000190734863,2820
2018-11-06,11.0,11.5,10.800000190734863,11.0,6510
2018-11-07,10.600000381469727,11.399999618530273,10.399999618530273,10.800000190734863,5240
2018-11-08,10.100000381469727,11.100000381469727,10.100000381469727,10.800000190734863,8320
2018-11-09,10.100000381469727,10.5,9.899999618530273,10.100000381469727,6130
2018-11-12,9.899999618530273,10.199999809265137,9.800000190734863,10.199999809265137,5590
2018-11-13,9.800000190734863,10.0,9.600000381469727,9.800000190734863,8890
2018-11-14,9.300000190734863,10.0,9.100000381469727,10.0,10590
2018-11-15,9.5,9.800000190734863,9.0,9.0,4830
2018-11-16,9.5,9.800000190734863,9.5,9.800000190734863,5040
2018-11-19,9.5,9.5,9.199999809265137,9.5,4040
2018-11-20,9.300000190734863,9.699999809265137,8.899999618530273,9.600000381469727,4010
2018-11-21,10.0,10.0,9.0,9.300000190734863,6440
2018-11-23,10.0,10.199999809265137,9.600000381469727,9.899999618530273,4550
2018-11-26,9.800000190734863,10.100000381469727,9.600000381469727,9.800000190734863,3420
2018-11-27,9.5,10.199999809265137,9.300000190734863,9.899999618530273,6480
2018-11-28,9.0,9.399999618530273,8.699999809265137,9.199999809265137,16650
2018-11-29,9.5,10.0,9.0,9.399999618530273,13660
2018-11-30,9.300000190734863,10.0,9.0,9.5,8340
2018-12-03,9.699999809265137,10.0,9.199999809265137,10.0,5600
2018-12-04,9.800000190734863,9.899999618530273,9.300000190734863,9.600000381469727,2920
2018-12-06,9.800000190734863,10.0,9.300000190734863,10.0,1870
2018-12-07,9.800000190734863,10.0,9.399999618530273,10.0,2170
2018-12-10,9.600000381469727,10.0,9.399999618530273,9.899999618530273,4390
2018-12-11,9.600000381469727,9.899999618530273,9.5,9.800000190734863,2730
2018-12-12,9.899999618530273,9.899999618530273,9.5,9.899999618530273,3030
2018-12-13,9.300000190734863,9.800000190734863,9.199999809265137,9.800000190734863,5440
2018-12-14,9.300000190734863,9.399999618530273,9.0,9.0,3070
2018-12-17,10.5,10.5,9.100000381469727,9.399999618530273,31060
2018-12-18,10.899999618530273,10.899999618530273,9.399999618530273,10.5,29650
2018-12-19,10.5,11.0,9.600000381469727,11.0,15790
2018-12-20,9.699999809265137,10.699999809265137,9.600000381469727,10.699999809265137,20590
2018-12-21,8.100000381469727,10.5,7.400000095367432,9.600000381469727,68140
2018-12-24,9.100000381469727,10.0,8.5,10.0,14710
2018-12-26,9.300000190734863,11.300000190734863,9.199999809265137,11.300000190734863,11960
2018-12-27,9.199999809265137,9.800000190734863,9.0,9.300000190734863,4670
2018-12-28,8.800000190734863,9.199999809265137,8.399999618530273,8.800000190734863,13810
2018-12-31,9.0,9.0,8.100000381469727,8.899999618530273,16550
2019-01-02,9.199999809265137,9.600000381469727,8.5,9.0,5970
2019-01-03,10.399999618530273,10.5,9.100000381469727,9.5,16050
2019-01-04,9.699999809265137,10.300000190734863,9.100000381469727,10.300000190734863,20910
2019-01-07,10.699999809265137,10.899999618530273,9.800000190734863,10.199999809265137,19040
2019-01-08,10.899999618530273,11.0,10.399999618530273,10.699999809265137,13240
2019-01-09,10.899999618530273,11.399999618530273,10.699999809265137,11.0,5980
2019-01-10,10.899999618530273,11.0,10.600000381469727,10.699999809265137,4320
2019-01-11,11.0,11.0,10.5,11.0,4330
2019-01-14,11.300000190734863,11.399999618530273,10.800000190734863,10.899999618530273,10810
2019-01-15,10.800000190734863,11.5,10.800000190734863,11.399999618530273,7090
2019-01-16,11.100000381469727,11.300000190734863,10.800000190734863,11.100000381469727,3460
2019-01-17,10.800000190734863,11.300000190734863,10.800000190734863,11.100000381469727,3710
2019-01-18,10.899999618530273,11.0,10.600000381469727,10.800000190734863,4660
2019-01-22,10.5,11.0,10.5,10.699999809265137,4140
2019-01-23,10.399999618530273,10.899999618530273,10.300000190734863,10.5,3570
2019-01-24,10.600000381469727,10.899999618530273,10.100000381469727,10.699999809265137,4060
2019-01-25,10.5,10.899999618530273,10.300000190734863,10.800000190734863,15720
2019-01-28,10.5,11.0,10.0,10.399999618530273,10220
2019-01-29,10.199999809265137,10.5,10.0,10.5,6770
2019-01-30,10.199999809265137,10.300000190734863,9.699999809265137,10.199999809265137,11840
2019-01-31,9.899999618530273,10.199999809265137,9.600000381469727,10.199999809265137,14580
2019-02-01,9.5,9.800000190734863,9.5,9.800000190734863,11420
2019-02-04,9.399999618530273,9.600000381469727,8.5,9.5,13530
2019-02-05,8.899999618530273,9.5,8.800000190734863,9.5,9920
2019-02-06,8.699999809265137,9.0,8.600000381469727,8.600000381469727,9620
2019-02-07,8.899999618530273,9.199999809265137,8.699999809265137,9.0,4560
2019-02-08,9.300000190734863,9.300000190734863,8.699999809265137,9.0,5440
2019-02-11,9.0,9.300000190734863,9.0,9.300000190734863,4020
2019-02-12,9.300000190734863,9.399999618530273,9.0,9.199999809265137,3350
2019-02-13,9.199999809265137,9.5,9.199999809265137,9.5,2090
2019-02-14,9.0,9.5,9.0,9.199999809265137,3080
2019-02-15,9.300000190734863,9.600000381469727,9.0,9.5,7040
2019-02-19,10.300000190734863,10.300000190734863,9.399999618530273,9.800000190734863,10140
2019-02-20,9.800000190734863,10.399999618530273,9.300000190734863,10.399999618530273,7090
2019-02-21,10.0,10.100000381469727,9.800000190734863,9.800000190734863,7850
2019-02-22,9.800000190734863,10.5,9.5,9.899999618530273,42810
2019-02-25,10.0,10.199999809265137,9.800000190734863,10.0,3530
2019-02-26,9.5,10.0,9.5,10.0,2460
2019-02-27,9.5,10.0,9.5,9.800000190734863,9290
2019-02-28,9.5,10.0,9.399999618530273,9.800000190734863,3320
2019-03-01,9.399999618530273,9.600000381469727,9.199999809265137,9.399999618530273,2930
2019-03-04,9.300000190734863,9.5,9.300000190734863,9.399999618530273,2860
2019-03-05,9.0,9.5,9.0,9.300000190734863,5080
2019-03-06,8.600000381469727,9.300000190734863,8.5,9.0,17020
2019-03-07,8.300000190734863,8.899999618530273,8.199999809265137,8.5,9460
2019-03-08,8.5,9.0,8.399999618530273,8.399999618530273,9080
2019-03-11,8.699999809265137,8.800000190734863,8.5,8.699999809265137,6690
2019-03-12,8.899999618530273,9.5,8.5,9.399999618530273,4490
2019-03-13,9.100000381469727,9.300000190734863,8.600000381469727,8.600000381469727,6060
2019-03-14,9.100000381469727,9.199999809265137,8.699999809265137,9.0,3960
2019-03-15,8.899999618530273,9.100000381469727,8.600000381469727,9.100000381469727,3270
2019-03-18,8.899999618530273,9.0,8.600000381469727,9.0,2260
2019-03-19,8.800000190734863,8.899999618530273,8.699999809265137,8.899999618530273,6320
2019-03-20,8.899999618530273,8.899999618530273,8.600000381469727,8.800000190734863,3430
2019-03-21,8.899999618530273,9.0,8.600000381469727,8.699999809265137,1410
2019-03-22,8.600000381469727,8.899999618530273,8.5,8.5,3710
2019-03-25,8.600000381469727,8.899999618530273,8.600000381469727,8.600000381469727,1850
2019-03-26,8.800000190734863,8.899999618530273,8.600000381469727,8.899999618530273,1790
2019-03-27,8.699999809265137,8.899999618530273,8.600000381469727,8.899999618530273,2090
2019-03-28,8.800000190734863,9.300000190734863,8.600000381469727,8.800000190734863,11230
2019-03-29,9.0,9.5,9.0,9.0,7970
2019-04-01,9.199999809265137,9.5,8.800000190734863,9.100000381469727,1970
2019-04-02,9.399999618530273,9.399999618530273,9.0,9.399999618530273,7190
2019-04-03,9.100000381469727,9.399999618530273,9.0,9.0,2480
2019-04-04,9.300000190734863,9.399999618530273,8.899999618530273,9.399999618530273,8200
2019-04-05,9.300000190734863,9.399999618530273,8.800000190734863,8.800000190734863,2440
2019-04-08,9.399999618530273,9.399999618530273,9.300000190734863,9.300000190734863,3440
2019-04-09,9.600000381469727,9.699999809265137,9.300000190734863,9.300000190734863,3930
2019-04-10,9.699999809265137,10.300000190734863,9.5,9.5,10150
2019-04-11,9.899999618530273,10.199999809265137,9.5,9.899999618530273,3510
2019-04-12,9.800000190734863,10.0,9.300000190734863,9.699999809265137,3650
2019-04-15,10.199999809265137,10.300000190734863,9.300000190734863,9.800000190734863,13060
2019-04-16,10.5,10.699999809265137,10.0,10.300000190734863,38560
2019-04-17,10.199999809265137,10.699999809265137,9.699999809265137,10.5,10510
2019-04-18,10.300000190734863,10.5,9.899999618530273,10.199999809265137,9860
2019-04-22,10.600000381469727,10.699999809265137,10.199999809265137,10.5,11590
2019-04-23,10.699999809265137,10.699999809265137,10.0,10.0,11990
2019-04-24,11.0,11.300000190734863,10.699999809265137,10.699999809265137,12210
2019-04-25,11.100000381469727,11.100000381469727,10.300000190734863,11.100000381469727,10920
2019-04-26,10.800000190734863,11.199999809265137,10.699999809265137,11.100000381469727,6730
2019-04-29,11.600000381469727,11.800000190734863,10.800000190734863,10.899999618530273,20560
2019-04-30,11.699999809265137,12.0,11.199999809265137,11.800000190734863,19130
2019-05-01,11.699999809265137,11.800000190734863,11.399999618530273,11.399999618530273,8760
2019-05-02,11.199999809265137,11.899999618530273,10.600000381469727,11.899999618530273,20700
2019-05-03,11.300000190734863,11.600000381469727,10.899999618530273,11.0,6670
2019-05-06,11.399999618530273,11.800000190734863,11.0,11.5,5050
2019-05-07,11.699999809265137,11.699999809265137,11.300000190734863,11.5,1960
2019-05-08,11.800000190734863,12.0,11.300000190734863,11.699999809265137,7310
2019-05-09,11.699999809265137,12.0,11.5,11.800000190734863,3190
2019-05-10,11.899999618530273,12.0,11.399999618530273,11.800000190734863,8800
2019-05-13,12.600000381469727,12.699999809265137,11.899999618530273,12.0,17980
2019-05-14,13.199999809265137,14.899999618530273,12.699999809265137,12.699999809265137,43610
2019-05-15,12.600000381469727,13.600000381469727,12.199999809265137,13.600000381469727,13420
2019-05-16,13.5,13.600000381469727,12.800000190734863,13.399999618530273,8350
2019-05-17,13.300000190734863,14.0,12.5,14.0,10450
2019-05-20,14.100000381469727,14.699999809265137,14.0,14.100000381469727,23160
2019-05-21,14.100000381469727,15.300000190734863,13.399999618530273,15.300000190734863,22520
2019-05-22,13.600000381469727,13.899999618530273,13.399999618530273,13.899999618530273,7430
2019-05-23,13.800000190734863,14.0,13.399999618530273,14.0,6840
2019-05-24,13.899999618530273,13.899999618530273,13.5,13.899999618530273,5290
2019-05-28,13.800000190734863,14.0,13.5,14.0,10510
2019-05-29,13.600000381469727,13.899999618530273,13.5,13.800000190734863,4250
2019-05-30,13.199999809265137,13.800000190734863,12.699999809265137,13.600000381469727,6690
2019-05-31,13.300000190734863,13.600000381469727,12.800000190734863,13.399999618530273,7230
2019-06-03,12.800000190734863,13.5,12.199999809265137,13.5,12230
2019-06-04,12.0,13.199999809265137,11.399999618530273,13.199999809265137,16040
2019-06-05,10.100000381469727,12.0,10.100000381469727,12.0,35700
2019-06-06,11.100000381469727,11.399999618530273,10.0,10.0,21910
2019-06-07,11.300000190734863,11.399999618530273,10.899999618530273,11.0,6970
2019-06-10,11.699999809265137,11.699999809265137,10.699999809265137,11.100000381469727,5540
2019-06-11,11.199999809265137,11.600000381469727,10.399999618530273,11.300000190734863,8020
2019-06-12,11.100000381469727,11.399999618530273,10.699999809265137,11.199999809265137,3400
2019-06-13,11.399999618530273,11.600000381469727,10.600000381469727,11.199999809265137,10580
2019-06-14,11.199999809265137,11.800000190734863,11.100000381469727,11.699999809265137,2140
2019-06-17,11.399999618530273,11.600000381469727,11.300000190734863,11.300000190734863,3370
2019-06-18,11.399999618530273,11.699999809265137,11.300000190734863,11.399999618530273,2380
2019-06-19,11.399999618530273,11.699999809265137,11.300000190734863,11.399999618530273,6170
2019-06-20,10.399999618530273,11.600000381469727,10.100000381469727,11.600000381469727,31660
2019-06-21,10.600000381469727,11.199999809265137,10.300000190734863,10.699999809265137,15010
2019-06-24,10.5,10.800000190734863,10.300000190734863,10.300000190734863,14710
2019-06-25,10.399999618530273,10.800000190734863,10.399999618530273,10.600000381469727,8090
2019-06-26,10.399999618530273,10.699999809265137,10.100000381469727,10.300000190734863,14280
2019-06-27,10.199999809265137,10.5,10.100000381469727,10.300000190734863,5590
2019-06-28,10.300000190734863,10.399999618530273,10.100000381469727,10.399999618530273,3570
2019-07-01,10.199999809265137,10.399999618530273,10.100000381469727,10.300000190734863,4270
2019-07-02,10.399999618530273,10.5,10.199999809265137,10.300000190734863,6710
2019-07-03,10.5,10.5,10.300000190734863,10.399999618530273,2500
2019-07-05,10.100000381469727,10.199999809265137,9.800000190734863,10.199999809265137,16070
2019-07-08,10.0,10.300000190734863,9.5,9.600000381469727,20040
2019-07-09,10.0,10.0,9.800000190734863,10.0,7310
2019-07-10,10.699999809265137,10.800000190734863,9.899999618530273,10.0,6830
2019-07-11,10.800000190734863,11.0,10.399999618530273,11.0,9030
2019-07-12,10.5,10.899999618530273,10.399999618530273,10.899999618530273,7490
2019-07-15,10.199999809265137,10.600000381469727,10.0,10.600000381469727,9730
2019-07-16,10.300000190734863,10.5,9.899999618530273,10.199999809265137,6920
2019-07-17,10.199999809265137,10.399999618530273,10.100000381469727,10.399999618530273,6590
2019-07-18,10.199999809265137,10.300000190734863,10.100000381469727,10.100000381469727,8030
2019-07-19,10.399999618530273,10.5,10.0,10.0,8650
2019-07-22,10.399999618530273,10.5,10.199999809265137,10.399999618530273,7140
2019-07-23,10.600000381469727,10.699999809265137,10.199999809265137,10.5,12550
2019-07-24,10.399999618530273,10.600000381469727,10.199999809265137,10.600000381469727,10820
2019-07-25,10.399999618530273,10.5,10.100000381469727,10.5,10580
2019-07-26,10.199999809265137,10.5,10.0,10.5,20210
2019-07-29,10.199999809265137,10.5,10.0,10.300000190734863,6730
2019-07-30,10.100000381469727,10.300000190734863,10.100000381469727,10.199999809265137,11240
2019-07-31,9.899999618530273,10.399999618530273,9.899999618530273,10.100000381469727,12540
2019-08-01,10.0,10.300000190734863,9.899999618530273,9.899999618530273,18580
2019-08-02,10.5,10.5,10.199999809265137,10.399999618530273,20790
2019-08-05,10.600000381469727,11.0,10.300000190734863,10.5,64360
2019-08-06,10.399999618530273,10.800000190734863,9.600000381469727,10.800000190734863,21410
2019-08-07,10.300000190734863,10.899999618530273,10.0,10.0,16690
2019-08-08,10.100000381469727,10.5,10.100000381469727,10.300000190734863,6640
2019-08-09,10.0,10.5,10.0,10.5,14090
2019-08-12,10.0,10.100000381469727,9.899999618530273,9.899999618530273,5280
2019-08-13,10.199999809265137,10.199999809265137,9.899999618530273,10.100000381469727,5050
2019-08-14,10.0,10.199999809265137,9.899999618530273,10.0,14000
2019-08-15,9.899999618530273,10.100000381469727,9.800000190734863,10.100000381469727,6480
2019-08-16,9.899999618530273,10.100000381469727,9.699999809265137,10.100000381469727,8340
2019-08-19,9.800000190734863,10.0,9.699999809265137,10.0,4510
2019-08-20,9.899999618530273,9.899999618530273,9.699999809265137,9.899999618530273,7410
2019-08-21,9.800000190734863,9.899999618530273,9.600000381469727,9.800000190734863,6560
2019-08-22,9.699999809265137,9.800000190734863,9.600000381469727,9.699999809265137,5420
2019-08-23,9.800000190734863,9.899999618530273,9.699999809265137,9.699999809265137,6270
2019-08-26,9.699999809265137,9.800000190734863,9.600000381469727,9.699999809265137,7680
2019-08-27,9.100000381469727,9.699999809265137,8.899999618530273,9.699999809265137,26850
2019-08-28,8.899999618530273,9.100000381469727,8.600000381469727,9.100000381469727,20710
2019-08-29,8.899999618530273,9.100000381469727,8.800000190734863,8.800000190734863,11740
2019-08-30,9.100000381469727,9.199999809265137,8.899999618530273,9.199999809265137,6610
2019-09-03,10.0,10.100000381469727,9.5,9.5,29460
2019-09-04,10.199999809265137,10.199999809265137,9.899999618530273,10.0,15580
2019-09-05,9.800000190734863,10.0,9.699999809265137,9.899999618530273,10560
2019-09-06,10.199999809265137,10.199999809265137,9.800000190734863,9.800000190734863,16700
2019-09-09,10.0,10.199999809265137,9.800000190734863,10.0,10420
2019-09-10,10.100000381469727,10.199999809265137,9.899999618530273,10.100000381469727,9900
2019-09-11,10.699999809265137,10.800000190734863,10.100000381469727,10.199999809265137,42070
2019-09-12,10.600000381469727,11.199999809265137,10.5,11.0,52680
2019-09-13,10.199999809265137,10.600000381469727,10.100000381469727,10.5,17740
2019-09-16,10.300000190734863,10.399999618530273,10.100000381469727,10.399999618530273,8560
2019-09-17,10.399999618530273,10.5,10.300000190734863,10.300000190734863,10760
2019-09-18,10.300000190734863,10.5,10.100000381469727,10.399999618530273,9220
2019-09-19,10.399999618530273,10.5,10.199999809265137,10.399999618530273,10650
2019-09-20,10.699999809265137,10.699999809265137,10.300000190734863,10.5,18260
2019-09-23,10.800000190734863,11.0,10.699999809265137,10.699999809265137,12460
2019-09-24,10.100000381469727,11.0,10.0,10.800000190734863,15140
2019-09-25,10.0,10.300000190734863,10.0,10.100000381469727,8120
2019-09-26,10.300000190734863,10.300000190734863,9.899999618530273,10.100000381469727,8460
2019-09-27,9.699999809265137,10.300000190734863,9.5,10.199999809265137,10050
2019-09-30,9.300000190734863,9.899999618530273,9.199999809265137,9.600000381469727,8070
2019-10-01,9.100000381469727,9.600000381469727,9.0,9.199999809265137,14330
2019-10-02,9.300000190734863,9.399999618530273,9.300000190734863,9.300000190734863,6000
2019-10-03,9.300000190734863,9.399999618530273,9.0,9.300000190734863,13180
2019-10-04,9.300000190734863,9.5,8.899999618530273,9.399999618530273,18290
2019-10-07,9.199999809265137,9.5,9.100000381469727,9.300000190734863,6330
2019-10-08,9.199999809265137,9.300000190734863,9.0,9.300000190734863,7030
2019-10-09,8.800000190734863,9.399999618530273,8.699999809265137,9.199999809265137,13730
2019-10-10,8.600000381469727,8.899999618530273,8.5,8.800000190734863,8920
2019-10-11,9.0,9.0,8.5,9.0,13190
2019-10-14,8.600000381469727,9.0,8.5,9.0,6200
2019-10-15,8.5,8.800000190734863,8.5,8.600000381469727,4130
2019-10-16,8.600000381469727,8.699999809265137,8.5,8.600000381469727,5650
2019-10-17,8.600000381469727,8.699999809265137,8.600000381469727,8.699999809265137,2860
2019-10-18,8.100000381469727,9.0,8.100000381469727,8.600000381469727,16900
2019-10-21,8.199999809265137,8.699999809265137,8.100000381469727,8.199999809265137,8820
2019-10-22,8.199999809265137,8.399999618530273,8.100000381469727,8.399999618530273,6080
2019-10-23,8.600000381469727,8.699999809265137,8.199999809265137,8.199999809265137,3670
2019-10-24,8.300000190734863,9.0,8.199999809265137,8.600000381469727,4950
2019-10-25,8.300000190734863,8.600000381469727,8.199999809265137,8.199999809265137,6890
2019-10-28,8.300000190734863,8.5,8.199999809265137,8.300000190734863,5520
2019-10-29,8.199999809265137,8.600000381469727,8.199999809265137,8.600000381469727,6600
2019-10-30,8.100000381469727,8.5,8.100000381469727,8.5,12930
2019-10-31,8.0,8.199999809265137,7.900000095367432,8.100000381469727,19160
2019-11-01,8.399999618530273,8.5,7.900000095367432,7.900000095367432,13020
2019-11-04,8.5,8.5,8.300000190734863,8.399999618530273,4100
2019-11-05,8.300000190734863,8.399999618530273,8.100000381469727,8.100000381469727,3280
2019-11-06,8.0,8.300000190734863,8.0,8.300000190734863,8580
2019-11-07,8.0,8.199999809265137,7.5,8.0,19660
2019-11-08,7.800000190734863,8.0,7.800000190734863,7.900000095367432,7160
2019-11-11,7.599999904632568,7.800000190734863,7.599999904632568,7.800000190734863,6520
2019-11-12,7.400000095367432,8.399999618530273,7.199999809265137,8.0,24170
2019-11-13,7.699999809265137,7.900000095367432,7.300000190734863,7.300000190734863,16960
2019-11-14,7.5,7.599999904632568,7.300000190734863,7.599999904632568,10790
2019-11-15,7.300000190734863,7.300000190734863,7.0,7.300000190734863,22260
2019-11-18,6.599999904632568,7.0,6.5,7.0,24790
2019-11-19,6.800000190734863,7.0,6.5,6.5,15460
2019-11-20,6.800000190734863,7.0,6.800000190734863,6.900000095367432,3780
2019-11-21,7.599999904632568,7.800000190734863,6.800000190734863,6.800000190734863,18590
2019-11-22,7.699999809265137,8.0,7.400000095367432,7.599999904632568,5770
2019-11-25,8.0,8.199999809265137,7.699999809265137,8.0,5900
2019-11-26,8.100000381469727,8.199999809265137,8.0,8.100000381469727,2800
2019-11-27,8.100000381469727,8.199999809265137,8.0,8.100000381469727,6340
2019-11-29,8.0,8.199999809265137,7.900000095367432,8.100000381469727,5660
2019-12-02,8.399999618530273,8.800000190734863,8.0,8.199999809265137,13500
2019-12-03,8.199999809265137,8.399999618530273,8.100000381469727,8.399999618530273,3120
2019-12-04,8.300000190734863,8.5,8.100000381469727,8.100000381469727,5820
2019-12-05,8.300000190734863,8.5,8.300000190734863,8.5,7340
2019-12-06,8.199999809265137,8.5,8.199999809265137,8.199999809265137,2150
2019-12-09,8.399999618530273,9.0,8.199999809265137,8.800000190734863,8370
2019-12-10,8.5,8.800000190734863,8.300000190734863,8.5,6040
2019-12-11,8.5,8.5,8.199999809265137,8.399999618530273,4220
2019-12-12,8.300000190734863,8.5,8.199999809265137,8.300000190734863,2560
2019-12-13,8.399999618530273,8.5,8.100000381469727,8.5,4050
2019-12-16,8.100000381469727,8.399999618530273,8.100000381469727,8.399999618530273,4900
2019-12-17,8.100000381469727,8.300000190734863,8.100000381469727,8.100000381469727,2740
2019-12-18,8.100000381469727,8.300000190734863,8.100000381469727,8.199999809265137,2240
2019-12-19,7.699999809265137,8.199999809265137,7.5,8.199999809265137,11950
2019-12-20,7.900000095367432,8.199999809265137,7.699999809265137,8.199999809265137,5130
2019-12-23,7.800000190734863,8.100000381469727,7.800000190734863,8.100000381469727,4360
2019-12-24,7.900000095367432,7.900000095367432,7.800000190734863,7.800000190734863,2840
2019-12-26,7.900000095367432,8.5,7.800000190734863,7.900000095367432,16400
2019-12-27,7.900000095367432,8.399999618530273,7.900000095367432,8.199999809265137,6790
2019-12-30,8.0,8.199999809265137,7.900000095367432,7.900000095367432,5180
2019-12-31,8.100000381469727,8.399999618530273,7.900000095367432,8.0,9290
2020-01-02,8.399999618530273,8.399999618530273,8.199999809265137,8.199999809265137,16260
2020-01-03,8.699999809265137,9.0,8.399999618530273,8.5,23790
2020-01-06,9.300000190734863,9.399999618530273,8.899999618530273,9.399999618530273,24150
2020-01-07,9.699999809265137,10.0,9.300000190734863,9.300000190734863,21270
2020-01-08,8.699999809265137,10.0,8.5,10.0,31710
2020-01-09,8.699999809265137,8.800000190734863,8.300000190734863,8.300000190734863,5590
2020-01-10,9.0,9.0,8.699999809265137,8.699999809265137,3590
2020-01-13,8.800000190734863,9.199999809265137,8.600000381469727,8.899999618530273,7050
2020-01-14,8.699999809265137,9.0,8.600000381469727,9.0,3560
2020-01-15,9.0,9.199999809265137,8.699999809265137,9.0,6700
2020-01-16,8.899999618530273,9.0,8.600000381469727,9.0,4810
2020-01-17,8.5,9.0,8.5,9.0,7510
2020-01-21,8.5,8.899999618530273,8.300000190734863,8.300000190734863,6680
2020-01-22,8.300000190734863,8.5,8.100000381469727,8.399999618530273,4220
2020-01-23,8.199999809265137,8.5,8.100000381469727,8.199999809265137,5080
2020-01-24,8.300000190734863,8.5,8.0,8.0,4760
2020-01-27,8.199999809265137,8.699999809265137,8.0,8.399999618530273,6910
2020-01-28,8.100000381469727,8.399999618530273,7.900000095367432,7.900000095367432,5410
2020-01-29,8.100000381469727,8.399999618530273,7.800000190734863,8.0,4590
2020-01-30,8.199999809265137,8.5,8.0,8.100000381469727,3160
2020-01-31,8.100000381469727,8.399999618530273,8.0,8.0,9350
2020-02-03,8.199999809265137,8.399999618530273,7.900000095367432,8.0,6640
2020-02-04,8.0,8.399999618530273,7.699999809265137,8.0,9360
2020-02-05,7.900000095367432,8.199999809265137,7.699999809265137,8.0,6390
2020-02-06,7.699999809265137,7.900000095367432,7.5,7.900000095367432,12260
2020-02-07,8.0,8.0,7.800000190734863,7.800000190734863,4070
2020-02-10,7.900000095367432,8.0,7.699999809265137,8.0,4670
2020-02-11,7.900000095367432,8.0,7.5,7.900000095367432,2640
2020-02-12,7.699999809265137,7.900000095367432,7.5,7.900000095367432,3320
2020-02-13,7.699999809265137,7.900000095367432,7.5,7.699999809265137,5870
2020-02-14,7.699999809265137,8.0,7.599999904632568,7.699999809265137,3340
2020-02-18,7.5,8.0,7.400000095367432,7.800000190734863,8770
2020-02-19,7.599999904632568,7.800000190734863,7.5,7.599999904632568,5550
2020-02-20,7.400000095367432,7.800000190734863,7.199999809265137,7.400000095367432,14970
2020-02-21,7.699999809265137,7.699999809265137,7.199999809265137,7.5,12370
2020-02-24,7.900000095367432,8.0,7.699999809265137,7.900000095367432,11080
2020-02-25,7.5,7.800000190734863,7.400000095367432,7.699999809265137,7020
2020-02-26,7.400000095367432,7.699999809265137,7.099999904632568,7.5,9450
2020-02-27,6.900000095367432,7.5,6.5,7.099999904632568,23460
2020-02-28,6.300000190734863,6.800000190734863,6.0,6.5,22010
2020-03-02,6.099999904632568,6.599999904632568,6.0,6.5,7300
2020-03-03,6.5,6.5,6.0,6.400000095367432,9700
2020-03-04,7.0,7.0,6.099999904632568,6.5,13340
2020-03-05,6.900000095367432,7.5,6.5,7.0,5510
2020-03-06,6.400000095367432,7.0,6.199999809265137,7.0,5790
2020-03-09,6.300000190734863,6.699999809265137,5.800000190734863,6.300000190734863,10080
2020-03-10,6.0,6.400000095367432,5.800000190734863,6.400000095367432,14630
2020-03-11,5.300000190734863,6.099999904632568,4.800000190734863,6.0,20160
2020-03-12,4.699999809265137,5.5,3.9000000953674316,5.099999904632568,17390
2020-03-13,3.4000000953674316,5.0,3.0999999046325684,5.0,35510
2020-03-16,3.299999952316284,3.4000000953674316,2.5999999046325684,3.0,20130
2020-03-17,4.400000095367432,4.5,3.700000047683716,4.300000190734863,29880
2020-03-18,4.099999904632568,4.300000190734863,3.5,3.5999999046325684,11260
2020-03-19,3.9000000953674316,4.199999809265137,3.5999999046325684,4.0,11070
2020-03-20,3.2899999618530273,4.550000190734863,3.0,3.549999952316284,94600
2020-03-23,3.319999933242798,4.0,3.0,3.5,62800
2020-03-24,7.400000095367432,9.5,4.25,4.880000114440918,533600
2020-03-25,8.8100004196167,12.739999771118164,7.789999961853027,7.789999961853027,771900
2020-03-26,8.5,11.0,8.0,9.029999732971191,326300
2020-03-27,7.0,8.600000381469727,6.690000057220459,8.59000015258789,144500
2020-03-30,5.340000152587891,6.0,4.900000095367432,6.0,262400
2020-03-31,5.110000133514404,5.360000133514404,5.059999942779541,5.179999828338623,37500
2020-04-01,4.679999828338623,5.070000171661377,4.519999980926514,5.050000190734863,64700
2020-04-02,4.820000171661377,4.909999847412109,4.670000076293945,4.670000076293945,37000
2020-04-03,5.079999923706055,5.099999904632568,4.860000133514404,5.070000171661377,53700
2020-04-06,5.150000095367432,5.269999980926514,5.03000020980835,5.269999980926514,57400
2020-04-07,4.980000019073486,5.239999771118164,4.820000171661377,5.239999771118164,42300
2020-04-08,5.099999904632568,5.150000095367432,5.050000190734863,5.070000171661377,30300
2020-04-09,4.949999809265137,5.150000095367432,4.900000095367432,5.099999904632568,88000
2020-04-13,4.909999847412109,5.0,4.610000133514404,4.889999866485596,78000
2020-04-14,5.150000095367432,5.480000019073486,4.809999942779541,5.0,53500
2020-04-15,5.099999904632568,5.210000038146973,4.849999904632568,5.159999847412109,33500
2020-04-16,4.900000095367432,5.03000020980835,4.849999904632568,5.019999980926514,22500
2020-04-17,4.849999904632568,5.0,4.75,4.900000095367432,23500
2020-04-20,4.900000095367432,5.010000228881836,4.849999904632568,4.909999847412109,26500
2020-04-21,4.539999961853027,4.889999866485596,4.480000019073486,4.800000190734863,67200
2020-04-22,4.519999980926514,4.710000038146973,4.489999771118164,4.610000133514404,31700
2020-04-23,4.739999771118164,5.0,4.550000190734863,4.739999771118164,53400
2020-04-24,5.050000190734863,5.150000095367432,4.699999809265137,4.739999771118164,104900
2020-04-27,5.230000019073486,5.25,5.050000190734863,5.110000133514404,53200
2020-04-28,5.21999979019165,5.369999885559082,5.050000190734863,5.369999885559082,44700
2020-04-29,5.019999980926514,5.420000076293945,4.920000076293945,5.420000076293945,104200
2020-04-30,5.110000133514404,5.190000057220459,4.900000095367432,5.119999885559082,41900
2020-05-01,4.929999828338623,5.0,4.909999847412109,5.0,14300
2020-05-04,5.099999904632568,5.099999904632568,4.900000095367432,4.929999828338623,16400
2020-05-05,5.130000114440918,5.300000190734863,5.050000190734863,5.110000133514404,12800
2020-05-06,5.039999961853027,5.090000152587891,4.769999980926514,5.090000152587891,28000
2020-05-07,5.110000133514404,5.119999885559082,4.929999828338623,5.03000020980835,21400
2020-05-08,5.099999904632568,5.099999904632568,4.929999828338623,4.929999828338623,19300
2020-05-11,5.010000228881836,5.110000133514404,4.940000057220459,5.090000152587891,13400
2020-05-12,4.849999904632568,5.03000020980835,4.849999904632568,5.03000020980835,29700
2020-05-13,4.789999961853027,5.0,4.75,5.0,29500
2020-05-14,5.039999961853027,5.039999961853027,4.599999904632568,4.989999771118164,26100
2020-05-15,5.110000133514404,5.199999809265137,4.650000095367432,5.059999942779541,47300
2020-05-18,5.21999979019165,5.300000190734863,5.110000133514404,5.110000133514404,61300
2020-05-19,5.980000019073486,6.150000095367432,5.260000228881836,5.300000190734863,151300
2020-05-20,5.75,6.349999904632568,5.590000152587891,6.349999904632568,119000
2020-05-21,5.860000133514404,5.900000095367432,5.409999847412109,5.699999809265137,47600
2020-05-22,6.019999980926514,6.050000190734863,5.820000171661377,5.820000171661377,49800
2020-05-26,6.5,7.199999809265137,6.28000020980835,6.300000190734863,621500
2020-05-27,7.210000038146973,7.269999980926514,6.5,6.570000171661377,216800
2020-05-28,8.069999694824219,8.25,7.550000190734863,7.659999847412109,311300
2020-05-29,8.789999961853027,9.899999618530273,8.130000114440918,8.130000114440918,508100
2020-06-01,8.380000114440918,9.130000114440918,7.570000171661377,9.100000381469727,265100
2020-06-02,7.420000076293945,8.5,7.400000095367432,8.350000381469727,148800
2020-06-03,7.550000190734863,7.730000019073486,7.010000228881836,7.510000228881836,154800
2020-06-04,7.340000152587891,7.769999980926514,7.110000133514404,7.690000057220459,72400
2020-06-05,7.039999961853027,7.329999923706055,6.559999942779541,7.199999809265137,150600
2020-06-08,7.03000020980835,7.179999828338623,6.820000171661377,7.099999904632568,51800
2020-06-09,6.800000190734863,7.0,6.800000190734863,6.960000038146973,106200
2020-06-10,6.599999904632568,6.929999828338623,6.369999885559082,6.809999942779541,77500
2020-06-11,6.360000133514404,6.699999809265137,6.25,6.610000133514404,61800
2020-06-12,6.199999809265137,6.989999771118164,6.050000190734863,6.989999771118164,73600
2020-06-15,6.199999809265137,6.269999980926514,5.869999885559082,6.03000020980835,39200
2020-06-16,6.269999980926514,6.429999828338623,6.210000038146973,6.21999979019165,19300
2020-06-17,6.309999942779541,6.46999979019165,6.070000171661377,6.269999980926514,25700
2020-06-18,6.159999847412109,6.260000228881836,6.050000190734863,6.260000228881836,28800
2020-06-19,6.389999866485596,6.5,6.159999847412109,6.159999847412109,35000
2020-06-22,6.599999904632568,7.079999923706055,6.409999847412109,6.489999771118164,121800
2020-06-23,6.840000152587891,6.960000038146973,6.53000020980835,6.789999961853027,65200
2020-06-24,6.670000076293945,6.980000019073486,6.539999961853027,6.980000019073486,53500
2020-06-25,6.670000076293945,6.840000152587891,6.570000171661377,6.659999847412109,31000
2020-06-26,6.610000133514404,6.820000171661377,6.329999923706055,6.679999828338623,29200
2020-06-29,6.590000152587891,6.800000190734863,6.409999847412109,6.769999980926514,23500
2020-06-30,6.710000038146973,7.25,6.21999979019165,6.539999961853027,91400
2020-07-01,6.630000114440918,6.710000038146973,6.539999961853027,6.710000038146973,14400
2020-07-02,6.440000057220459,6.75,6.369999885559082,6.75,41500
2020-07-06,6.480000019073486,6.639999866485596,6.420000076293945,6.480000019073486,19000
2020-07-07,6.659999847412109,6.829999923706055,6.269999980926514,6.380000114440918,74300
2020-07-08,6.610000133514404,6.909999847412109,6.519999980926514,6.800000190734863,54000
2020-07-09,6.639999866485596,6.829999923706055,6.5,6.829999923706055,34600
2020-07-10,7.349999904632568,7.730000019073486,6.650000095367432,6.650000095367432,101800
2020-07-13,7.510000228881836,8.220000267028809,7.400000095367432,8.050000190734863,161200
2020-07-14,7.579999923706055,7.75,7.099999904632568,7.559999942779541,50400
2020-07-15,7.630000114440918,7.710000038146973,7.380000114440918,7.53000020980835,24500
2020-07-16,7.570000171661377,7.690000057220459,7.550000190734863,7.679999828338623,22200
2020-07-17,7.760000228881836,7.829999923706055,7.53000020980835,7.570000171661377,34800
2020-07-20,7.989999771118164,8.170000076293945,7.510000228881836,7.760000228881836,93500
2020-07-21,8.0600004196167,8.550000190734863,7.960000038146973,8.170000076293945,81400
2020-07-22,8.319999694824219,8.449999809265137,8.149999618530273,8.149999618530273,65900
2020-07-23,8.420000076293945,8.460000038146973,8.15999984741211,8.399999618530273,69900
2020-07-24,8.470000267028809,8.600000381469727,8.239999771118164,8.5,48300
2020-07-27,8.399999618530273,8.800000190734863,8.149999618530273,8.699999809265137,90300
2020-07-28,8.020000457763672,8.350000381469727,7.989999771118164,8.170000076293945,68200
2020-07-29,7.78000020980835,8.100000381469727,7.380000114440918,8.0,65600
2020-07-30,7.840000152587891,8.270000457763672,7.630000114440918,7.679999828338623,40700
2020-07-31,8.130000114440918,8.130000114440918,7.789999961853027,8.020000457763672,21600
2020-08-03,7.880000114440918,8.119999885559082,7.659999847412109,8.119999885559082,31000
2020-08-04,8.199999809265137,8.25,7.650000095367432,7.880000114440918,71500
2020-08-05,8.180000305175781,8.470000267028809,7.639999866485596,8.260000228881836,81700
2020-08-06,8.199999809265137,8.479999542236328,8.0,8.279999732971191,71400
2020-08-07,8.520000457763672,8.640000343322754,8.029999732971191,8.140000343322754,112700
2020-08-10,9.569999694824219,9.9399995803833,8.819999694824219,8.829999923706055,221700
2020-08-11,9.529999732971191,10.0,8.869999885559082,9.699999809265137,151300
2020-08-12,11.050000190734863,11.260000228881836,9.210000038146973,9.210000038146973,370100
2020-08-13,12.800000190734863,12.90999984741211,11.319999694824219,11.319999694824219,629000
2020-08-14,11.979999542236328,14.4399995803833,11.359999656677246,13.0,581900
2020-08-17,13.640000343322754,13.65999984741211,12.529999732971191,12.640000343322754,300500
2020-08-18,13.420000076293945,14.270000457763672,12.699999809265137,14.039999961853027,245900
2020-08-19,12.770000457763672,13.1899995803833,12.430000305175781,13.119999885559082,159000
2020-08-20,12.510000228881836,12.989999771118164,12.260000228881836,12.9399995803833,71200
2020-08-21,11.199999809265137,12.470000267028809,11.199999809265137,12.40999984741211,159100
2020-08-24,10.520000457763672,11.5600004196167,10.100000381469727,11.5,131900
2020-08-25,10.729999542236328,10.779999732971191,10.149999618530273,10.350000381469727,51900
2020-08-26,11.279999732971191,11.460000038146973,10.59000015258789,10.59000015258789,47800
2020-08-27,11.1899995803833,11.5600004196167,10.720000267028809,11.510000228881836,62500
2020-08-28,10.800000190734863,11.199999809265137,10.789999961853027,11.199999809265137,61200
2020-08-31,10.489999771118164,10.90999984741211,10.270000457763672,10.90999984741211,67500
2020-09-01,10.729999542236328,10.819999694824219,10.210000038146973,10.65999984741211,72100
2020-09-02,10.489999771118164,10.699999809265137,10.300000190734863,10.699999809265137,43100
2020-09-03,10.470000267028809,10.670000076293945,10.010000228881836,10.489999771118164,84000
2020-09-04,10.729999542236328,10.859999656677246,10.199999809265137,10.539999961853027,52700
2020-09-08,10.930000305175781,11.0,10.229999542236328,10.59000015258789,66900
2020-09-09,12.010000228881836,12.25,10.819999694824219,10.819999694824219,260800
2020-09-10,12.630000114440918,13.399999618530273,12.15999984741211,12.220000267028809,373700
2020-09-11,11.739999771118164,12.850000381469727,11.640000343322754,12.600000381469727,145200
2020-09-14,11.569999694824219,12.100000381469727,11.399999618530273,12.100000381469727,83600
2020-09-15,11.399999618530273,11.859999656677246,11.229999542236328,11.859999656677246,66400
2020-09-16,11.600000381469727,11.979999542236328,11.289999961853027,11.380000114440918,77100
2020-09-17,11.210000038146973,11.5,11.0600004196167,11.460000038146973,53200
2020-09-18,10.600000381469727,11.1899995803833,10.600000381469727,11.149999618530273,47500
2020-09-21,10.199999809265137,10.699999809265137,10.199999809265137,10.649999618530273,101900
2020-09-22,9.739999771118164,10.279999732971191,9.6899995803833,10.199999809265137,85700
2020-09-23,9.0600004196167,9.609999656677246,8.979999542236328,9.569999694824219,76400
2020-09-24,9.510000228881836,9.680000305175781,8.119999885559082,8.770000457763672,106600
2020-09-25,9.199999809265137,9.539999961853027,8.800000190734863,9.529999732971191,56700
2020-09-28,9.539999961853027,9.770000457763672,9.350000381469727,9.350000381469727,25300
2020-09-29,9.270000457763672,9.75,9.180000305175781,9.470000267028809,38700
2020-09-30,9.199999809265137,9.5,9.140000343322754,9.210000038146973,21200
2020-10-01,8.84000015258789,9.229999542236328,8.75,9.1899995803833,54200
2020-10-02,8.800000190734863,9.050000190734863,8.649999618530273,8.720000267028809,32500
2020-10-05,8.550000190734863,8.9399995803833,8.539999961853027,8.710000038146973,35800
2020-10-06,8.760000228881836,8.850000381469727,8.600000381469727,8.600000381469727,28000
2020-10-07,8.800000190734863,9.0600004196167,8.729999542236328,8.9399995803833,14400
2020-10-08,9.050000190734863,9.09000015258789,8.829999923706055,8.899999618530273,14100
2020-10-09,9.609999656677246,9.75,9.0600004196167,9.069999694824219,48300
2020-10-12,8.979999542236328,9.609999656677246,8.819999694824219,9.579999923706055,61700
2020-10-13,9.1899995803833,9.25,8.850000381469727,8.949999809265137,26300
2020-10-14,8.760000228881836,9.15999984741211,8.609999656677246,9.010000228881836,86900
2020-10-15,8.609999656677246,8.800000190734863,8.470000267028809,8.800000190734863,57900
2020-10-16,8.640000343322754,8.779999732971191,8.579999923706055,8.600000381469727,15800
2020-10-19,8.600000381469727,8.710000038146973,8.40999984741211,8.579999923706055,21900
2020-10-20,8.5600004196167,8.65999984741211,8.40999984741211,8.619999885559082,25500
2020-10-21,8.899999618530273,8.899999618530273,8.34000015258789,8.529999732971191,39700
2020-10-22,8.75,8.890000343322754,8.59000015258789,8.890000343322754,17500
2020-10-23,8.680000305175781,8.75,8.59000015258789,8.75,8400
2020-10-26,8.4399995803833,8.680000305175781,8.329999923706055,8.680000305175781,16400
2020-10-27,8.720000267028809,8.720000267028809,8.300000190734863,8.600000381469727,17500
2020-10-28,8.220000267028809,8.600000381469727,8.130000114440918,8.600000381469727,31400
2020-10-29,8.300000190734863,8.319999694824219,8.119999885559082,8.220000267028809,25000
2020-10-30,8.109999656677246,8.380000114440918,8.0600004196167,8.329999923706055,13500
2020-11-02,8.300000190734863,8.300000190734863,8.010000228881836,8.100000381469727,18700
2020-11-03,8.350000381469727,8.59000015258789,8.300000190734863,8.300000190734863,14000
2020-11-04,8.1899995803833,8.460000038146973,8.109999656677246,8.460000038146973,21300
2020-11-05,9.050000190734863,9.25,8.430000305175781,8.430000305175781,104800
2020-11-06,8.899999618530273,9.5,8.819999694824219,9.260000228881836,43700
2020-11-09,8.5,9.229999542236328,8.289999961853027,9.100000381469727,39400
2020-11-10,8.859999656677246,9.220000267028809,8.600000381469727,8.600000381469727,43800
2020-11-11,8.729999542236328,9.020000457763672,8.220000267028809,9.020000457763672,15800
2020-11-12,8.979999542236328,9.050000190734863,8.729999542236328,8.739999771118164,20200
2020-11-13,9.079999923706055,9.319999694824219,9.0,9.100000381469727,43800
2020-11-16,9.0,9.109999656677246,8.850000381469727,9.079999923706055,22300
2020-11-17,9.069999694824219,9.09000015258789,8.850000381469727,8.850000381469727,23100
2020-11-18,8.930000305175781,9.25,8.84000015258789,9.0,31700
2020-11-19,9.09000015258789,9.119999885559082,8.859999656677246,8.970000267028809,25400
2020-11-20,9.260000228881836,9.300000190734863,9.010000228881836,9.130000114440918,37700
2020-11-23,9.199999809265137,9.59000015258789,9.039999961853027,9.260000228881836,65300
2020-11-24,9.489999771118164,9.59000015258789,9.109999656677246,9.109999656677246,49400
2020-11-25,10.420000076293945,10.430000305175781,9.34000015258789,9.399999618530273,90300
2020-11-27,11.319999694824219,11.5,10.680000305175781,11.489999771118164,135300
2020-11-30,11.039999961853027,11.300000190734863,10.569999694824219,11.300000190734863,92600
2020-12-01,10.90999984741211,11.5,10.649999618530273,11.239999771118164,82400
2020-12-02,10.960000038146973,11.199999809265137,10.649999618530273,10.930000305175781,80300
2020-12-03,10.520000457763672,10.880000114440918,10.5,10.880000114440918,44400
2020-12-04,10.84000015258789,10.989999771118164,10.520000457763672,10.579999923706055,58400
2020-12-07,11.09000015258789,11.130000114440918,10.75,10.899999618530273,91300
2020-12-08,11.229999542236328,11.229999542236328,10.899999618530273,11.100000381469727,45300
2020-12-09,11.210000038146973,11.420000076293945,10.899999618530273,11.270000457763672,55500
2020-12-10,11.220000267028809,11.420000076293945,11.0,11.109999656677246,39300
2020-12-11,11.720000267028809,11.90999984741211,11.0,11.25,112200
2020-12-14,11.880000114440918,11.949999809265137,11.510000228881836,11.75,42800
2020-12-15,11.600000381469727,11.850000381469727,11.359999656677246,11.850000381469727,55500
2020-12-16,11.779999732971191,12.100000381469727,11.609999656677246,11.640000343322754,63500
2020-12-17,12.84000015258789,13.229999542236328,11.859999656677246,11.859999656677246,139400
2020-12-18,12.430000305175781,12.800000190734863,12.260000228881836,12.800000190734863,67100
2020-12-21,12.579999923706055,12.800000190734863,12.100000381469727,12.380000114440918,25400
2020-12-22,12.5,12.9399995803833,12.319999694824219,12.65999984741211,43900
2020-12-23,12.149999618530273,12.710000038146973,12.149999618530273,12.649999618530273,34700
2020-12-24,13.149999618530273,13.229999542236328,12.170000076293945,12.170000076293945,52200
2020-12-28,13.75,14.300000190734863,13.25,13.5,178000
2020-12-29,14.489999771118164,16.489999771118164,13.899999618530273,13.920000076293945,463000
2020-12-30,16.0,16.520000457763672,14.710000038146973,14.800000190734863,270600
2020-12-31,16.549999237060547,16.649999618530273,15.65999984741211,16.389999389648438,147300
2021-01-04,15.5,17.399999618530273,15.449999809265137,17.3799991607666,160000
2021-01-05,16.059999465942383,16.43000030517578,15.09000015258789,15.529999732971191,102200
2021-01-06,14.65999984741211,16.40999984741211,14.270000457763672,16.18000030517578,197100
2021-01-07,15.520000457763672,15.680000305175781,14.850000381469727,14.90999984741211,84600
2021-01-08,13.8100004196167,15.399999618530273,13.699999809265137,15.369999885559082,140700
2021-01-11,13.380000114440918,13.829999923706055,13.3100004196167,13.5,70800
2021-01-12,13.550000190734863,13.930000305175781,13.380000114440918,13.460000038146973,88500
2021-01-13,14.0,14.369999885559082,13.050000190734863,13.850000381469727,101100
2021-01-14,13.460000038146973,14.449999809265137,13.359999656677246,14.0,35900
2021-01-15,12.680000305175781,13.300000190734863,12.59000015258789,13.229999542236328,67800
2021-01-19,12.34000015258789,12.670000076293945,12.300000190734863,12.619999885559082,44600
2021-01-20,12.930000305175781,13.390000343322754,12.449999809265137,12.449999809265137,99000
2021-01-21,13.079999923706055,13.079999923706055,12.3100004196167,12.899999618530273,50500
2021-01-22,13.130000114440918,13.319999694824219,12.460000038146973,12.84000015258789,23300
2021-01-25,12.390000343322754,13.260000228881836,12.300000190734863,13.15999984741211,65400
2021-01-26,12.829999923706055,13.050000190734863,12.5,12.630000114440918,50200
2021-01-27,13.180000305175781,13.920000076293945,12.470000267028809,12.75,152300
2021-01-28,11.1899995803833,13.0,10.819999694824219,13.0,290800
2021-01-29,10.989999771118164,12.819999694824219,10.859999656677246,12.819999694824219,203100
2021-02-01,11.399999618530273,11.5,10.899999618530273,11.0600004196167,166100
2021-02-02,11.079999923706055,11.350000381469727,11.0600004196167,11.300000190734863,39200
2021-02-03,11.180000305175781,11.449999809265137,11.039999961853027,11.039999961853027,77000
2021-02-04,11.630000114440918,12.0,10.760000228881836,11.0,330000
2021-02-05,12.449999809265137,12.6899995803833,11.760000228881836,12.25,269500
2021-02-08,12.199999809265137,12.420000076293945,12.079999923706055,12.3100004196167,126200
2021-02-09,12.449999809265137,12.640000343322754,11.850000381469727,12.010000228881836,157900
2021-02-10,12.5,12.75,11.819999694824219,12.5,132500
2021-02-11,12.470000267028809,12.899999618530273,12.100000381469727,12.350000381469727,142700
2021-02-12,12.670000076293945,12.989999771118164,12.329999923706055,12.649999618530273,89600
2021-02-16,13.550000190734863,13.649999618530273,12.699999809265137,12.699999809265137,275100
2021-02-17,12.800000190734863,13.520000457763672,12.460000038146973,13.449999809265137,240600
2021-02-18,12.020000457763672,13.020000457763672,11.960000038146973,12.670000076293945,75400
2021-02-19,11.649999618530273,12.229999542236328,11.649999618530273,12.140000343322754,69900
2021-02-22,11.890000343322754,12.520000457763672,11.630000114440918,11.630000114440918,101600
2021-02-23,10.210000038146973,11.880000114440918,10.0,11.760000228881836,516300
2021-02-24,11.15999984741211,11.170000076293945,10.279999732971191,11.09000015258789,161500
2021-02-25,10.5,11.399999618530273,10.40999984741211,11.170000076293945,83300
2021-02-26,10.149999618530273,10.569999694824219,10.119999885559082,10.40999984741211,51100
2021-03-01,10.430000305175781,10.930000305175781,10.220000267028809,10.399999618530273,95900
2021-03-02,10.300000190734863,10.630000114440918,10.199999809265137,10.289999961853027,40900
2021-03-03,9.720000267028809,10.460000038146973,9.630000114440918,10.369999885559082,125400
2021-03-04,9.260000228881836,10.15999984741211,8.800000190734863,9.899999618530273,213100
2021-03-05,9.100000381469727,9.350000381469727,8.5,9.199999809265137,93000
2021-03-08,9.720000267028809,9.949999809265137,9.1899995803833,9.300000190734863,78900
2021-03-09,10.529999732971191,10.680000305175781,9.760000228881836,10.0,94300
2021-03-10,10.289999961853027,10.6899995803833,10.199999809265137,10.600000381469727,36200
2021-03-11,11.0,11.0,10.300000190734863,10.390000343322754,80800
2021-03-12,11.050000190734863,11.199999809265137,10.640000343322754,10.90999984741211,61800
2021-03-15,11.199999809265137,11.25,10.869999885559082,11.010000228881836,80800
2021-03-16,10.960000038146973,11.25,10.90999984741211,11.25,36000
2021-03-17,11.609999656677246,11.619999885559082,10.829999923706055,10.979999542236328,126000
2021-03-18,11.699999809265137,12.0,11.319999694824219,11.59000015258789,126000
2021-03-19,11.899999618530273,12.09000015258789,11.5,11.609999656677246,183200
2021-03-22,11.260000228881836,11.890000343322754,10.949999809265137,11.890000343322754,119700
2021-03-23,10.850000381469727,11.369999885559082,10.569999694824219,11.079999923706055,89900
2021-03-24,10.260000228881836,10.779999732971191,10.229999542236328,10.739999771118164,52400
2021-03-25,10.4399995803833,10.510000228881836,10.050000190734863,10.220000267028809,31600
2021-03-26,10.229999542236328,10.600000381469727,10.050000190734863,10.550000190734863,77400
2021-03-29,9.8100004196167,10.479999542236328,9.619999885559082,10.130000114440918,84300
2021-03-30,10.210000038146973,10.210000038146973,9.5,9.829999923706055,63600
2021-03-31,10.350000381469727,10.449999809265137,10.029999732971191,10.050000190734863,25100
2021-04-01,11.010000228881836,11.069999694824219,10.399999618530273,10.399999618530273,43500
2021-04-05,10.6899995803833,11.350000381469727,10.5,11.130000114440918,55700
2021-04-06,10.770000457763672,11.079999923706055,10.6899995803833,10.6899995803833,20700
2021-04-07,10.329999923706055,10.859999656677246,10.270000457763672,10.760000228881836,31200
2021-04-08,10.670000076293945,10.6899995803833,10.34000015258789,10.479999542236328,21600
2021-04-09,10.34000015258789,10.710000038146973,10.260000228881836,10.710000038146973,24100
2021-04-12,9.710000038146973,10.380000114440918,9.710000038146973,10.25,34100
2021-04-13,10.079999923706055,10.329999923706055,9.84000015258789,9.84000015258789,23800
2021-04-14,9.84000015258789,10.479999542236328,9.75,10.180000305175781,40500
2021-04-15,10.1899995803833,10.279999732971191,9.90999984741211,10.0,59400
2021-04-16,10.260000228881836,10.279999732971191,10.0,10.260000228881836,34000
2021-04-19,10.579999923706055,10.890000343322754,10.3100004196167,10.390000343322754,63200
2021-04-20,10.109999656677246,10.449999809265137,10.029999732971191,10.449999809265137,22800
2021-04-21,10.5600004196167,10.760000228881836,10.119999885559082,10.149999618530273,48200
2021-04-22,10.5600004196167,10.75,10.319999694824219,10.550000190734863,51900
2021-04-23,10.4399995803833,10.600000381469727,10.25,10.600000381469727,24500
2021-04-26,10.989999771118164,10.989999771118164,10.520000457763672,10.619999885559082,54300
2021-04-27,10.84000015258789,11.050000190734863,10.680000305175781,11.010000228881836,16800
2021-04-28,10.8100004196167,10.890000343322754,10.510000228881836,10.640000343322754,17700
2021-04-29,10.680000305175781,10.920000076293945,10.529999732971191,10.899999618530273,26600
2021-04-30,11.0,11.0,10.520000457763672,10.619999885559082,25700
2021-05-03,11.300000190734863,11.5,10.90999984741211,11.229999542236328,69100
2021-05-04,11.100000381469727,11.300000190734863,10.899999618530273,11.300000190734863,51000
2021-05-05,10.800000190734863,11.210000038146973,10.640000343322754,11.210000038146973,49100
2021-05-06,10.989999771118164,11.020000457763672,10.670000076293945,11.020000457763672,49500
2021-05-07,10.819999694824219,11.149999618530273,10.699999809265137,11.09000015258789,48300
2021-05-10,10.829999923706055,11.09000015258789,10.619999885559082,11.010000228881836,48000
2021-05-11,10.5,10.640000343322754,10.329999923706055,10.510000228881836,75700
2021-05-12,10.699999809265137,10.890000343322754,10.449999809265137,10.510000228881836,40900
2021-05-13,10.550000190734863,10.829999923706055,10.5,10.699999809265137,32600
2021-05-14,10.65999984741211,11.079999923706055,10.600000381469727,10.720000267028809,31200
2021-05-17,11.850000381469727,11.899999618530273,10.670000076293945,10.670000076293945,149200
2021-05-18,11.489999771118164,11.869999885559082,11.40999984741211,11.770000457763672,35900
2021-05-19,11.260000228881836,11.529999732971191,11.079999923706055,11.420000076293945,49700
2021-05-20,11.5,11.630000114440918,11.149999618530273,11.260000228881836,25400
2021-05-21,11.8100004196167,11.8100004196167,11.550000190734863,11.600000381469727,44900
2021-05-24,12.050000190734863,12.050000190734863,11.800000190734863,11.899999618530273,32200
2021-05-25,12.239999771118164,12.270000457763672,11.850000381469727,12.050000190734863,55800
2021-05-26,11.890000343322754,12.289999961853027,11.699999809265137,12.100000381469727,53200
2021-05-27,12.25,12.25,11.65999984741211,11.890000343322754,47000
2021-05-28,12.25,12.25,12.020000457763672,12.199999809265137,35600
2021-06-01,11.920000076293945,12.25,11.720000267028809,12.25,70900
2021-06-02,12.180000305175781,12.229999542236328,11.920000076293945,12.0,17200
2021-06-03,11.819999694824219,12.069999694824219,11.699999809265137,11.979999542236328,43400
2021-06-04,11.989999771118164,12.180000305175781,11.8100004196167,11.9399995803833,21700
2021-06-07,11.979999542236328,12.119999885559082,11.869999885559082,12.050000190734863,18200
2021-06-08,11.800000190734863,12.039999961853027,11.720000267028809,11.90999984741211,32200
2021-06-09,11.5,11.979999542236328,11.449999809265137,11.729999542236328,36700
2021-06-10,11.699999809265137,11.75,11.319999694824219,11.569999694824219,31600
2021-06-11,11.75,11.789999961853027,11.640000343322754,11.789999961853027,18000
2021-06-14,12.479999542236328,12.489999771118164,11.789999961853027,12.0,136400
2021-06-15,12.9399995803833,12.9399995803833,12.289999961853027,12.479999542236328,57700
2021-06-16,12.640000343322754,13.199999809265137,12.640000343322754,12.850000381469727,117800
2021-06-17,11.449999809265137,12.25,11.3100004196167,12.25,83800
2021-06-18,11.399999618530273,12.020000457763672,11.300000190734863,11.34000015258789,54100
2021-06-21,10.899999618530273,11.420000076293945,10.899999618530273,11.40999984741211,48600
2021-06-22,10.84000015258789,11.319999694824219,10.649999618530273,11.229999542236328,37600
2021-06-23,10.920000076293945,11.079999923706055,10.8100004196167,10.899999618530273,29500
2021-06-24,11.5,11.510000228881836,10.960000038146973,11.109999656677246,50300
2021-06-25,11.390000343322754,11.5600004196167,11.210000038146973,11.550000190734863,47700
2021-06-28,11.0600004196167,11.520000457763672,10.920000076293945,11.329999923706055,21700
2021-06-29,11.130000114440918,11.25,10.800000190734863,11.130000114440918,23700
2021-06-30,11.109999656677246,11.229999542236328,10.979999542236328,10.979999542236328,25300
2021-07-01,11.0600004196167,11.199999809265137,10.970000267028809,11.199999809265137,19000
2021-07-02,10.970000267028809,11.130000114440918,10.899999618530273,11.130000114440918,10500
2021-07-06,10.800000190734863,11.050000190734863,10.800000190734863,11.050000190734863,18900
2021-07-07,10.619999885559082,10.859999656677246,10.5,10.859999656677246,22500
2021-07-08,10.050000190734863,10.65999984741211,10.050000190734863,10.5600004196167,48000
2021-07-09,10.359999656677246,10.539999961853027,10.069999694824219,10.069999694824219,30600
2021-07-12,10.350000381469727,10.699999809265137,10.140000343322754,10.390000343322754,24400
2021-07-13,10.15999984741211,10.5,10.149999618530273,10.359999656677246,13700
2021-07-14,10.0,10.359999656677246,10.0,10.260000228881836,25000
2021-07-15,10.109999656677246,10.130000114440918,9.899999618530273,9.960000038146973,14700
2021-07-16,9.989999771118164,10.289999961853027,9.989999771118164,10.130000114440918,25100
2021-07-19,9.789999961853027,9.949999809265137,9.550000190734863,9.84000015258789,41300
2021-07-20,10.199999809265137,10.59000015258789,9.800000190734863,9.8100004196167,39300
2021-07-21,10.350000381469727,11.0,10.15999984741211,10.15999984741211,28500
2021-07-22,10.4399995803833,10.630000114440918,10.119999885559082,10.350000381469727,27900
2021-07-23,10.210000038146973,10.579999923706055,10.0,10.34000015258789,21700
2021-07-26,10.210000038146973,10.699999809265137,10.130000114440918,10.140000343322754,17400
2021-07-27,10.050000190734863,10.289999961853027,10.0,10.079999923706055,7600
2021-07-28,10.270000457763672,10.460000038146973,10.0,10.0,25000
2021-07-29,10.239999771118164,10.449999809265137,10.149999618530273,10.380000114440918,19100
2021-07-30,10.15999984741211,10.520000457763672,10.109999656677246,10.329999923706055,11400
2021-08-02,10.140000343322754,10.470000267028809,10.020000457763672,10.15999984741211,14000
2021-08-03,10.319999694824219,10.359999656677246,10.039999961853027,10.15999984741211,21000
2021-08-04,10.170000076293945,10.430000305175781,10.109999656677246,10.350000381469727,11700
2021-08-05,10.140000343322754,10.260000228881836,10.079999923706055,10.130000114440918,16900
2021-08-06,10.079999923706055,10.350000381469727,9.970000267028809,10.0,30900
2021-08-09,9.930000305175781,10.34000015258789,9.84000015258789,10.119999885559082,36900
2021-08-10,10.100000381469727,10.109999656677246,9.829999923706055,9.989999771118164,17700
2021-08-11,10.050000190734863,10.069999694824219,9.890000343322754,10.0600004196167,11000
2021-08-12,9.850000381469727,10.069999694824219,9.770000457763672,10.050000190734863,14300
2021-08-13,9.930000305175781,9.930000305175781,9.699999809265137,9.930000305175781,30100
2021-08-16,9.869999885559082,9.949999809265137,9.630000114440918,9.949999809265137,20100
2021-08-17,9.699999809265137,10.039999961853027,9.609999656677246,9.869999885559082,27000
2021-08-18,9.739999771118164,9.880000114440918,9.550000190734863,9.75,13300
2021-08-19,9.699999809265137,9.90999984741211,9.609999656677246,9.75,8800
2021-08-20,9.600000381469727,9.8100004196167,9.5600004196167,9.600000381469727,9100
2021-08-23,9.5600004196167,9.890000343322754,9.510000228881836,9.649999618530273,25700
2021-08-24,9.149999618530273,9.550000190734863,9.119999885559082,9.470000267028809,39300
2021-08-25,9.289999961853027,9.369999885559082,9.119999885559082,9.199999809265137,5300
2021-08-26,9.380000114440918,9.420000076293945,9.25,9.260000228881836,8300
2021-08-27,9.449999809265137,9.5600004196167,9.34000015258789,9.34000015258789,23300
2021-08-30,9.529999732971191,9.890000343322754,9.510000228881836,9.510000228881836,14200
2021-08-31,9.470000267028809,9.520000457763672,9.430000305175781,9.430000305175781,9000
2021-09-01,9.399999618530273,9.550000190734863,9.199999809265137,9.470000267028809,27800
2021-09-02,9.510000228881836,9.569999694824219,9.449999809265137,9.470000267028809,21500
2021-09-03,9.949999809265137,9.989999771118164,9.569999694824219,9.569999694824219,37100
2021-09-07,10.220000267028809,10.40999984741211,9.9399995803833,9.979999542236328,40600
2021-09-08,10.180000305175781,10.430000305175781,10.109999656677246,10.220000267028809,11800
2021-09-09,10.109999656677246,10.180000305175781,9.920000076293945,10.180000305175781,11500
2021-09-10,10.149999618530273,10.229999542236328,9.9399995803833,10.130000114440918,8200
2021-09-13,10.149999618530273,10.1899995803833,10.109999656677246,10.149999618530273,24400
2021-09-14,10.25,10.479999542236328,10.069999694824219,10.149999618530273,30700
2021-09-15,10.40999984741211,10.449999809265137,10.300000190734863,10.300000190734863,20300
2021-09-16,10.149999618530273,10.319999694824219,10.020000457763672,10.319999694824219,28400
2021-09-17,10.489999771118164,10.489999771118164,9.949999809265137,10.130000114440918,22300
2021-09-20,10.09000015258789,10.449999809265137,9.960000038146973,10.449999809265137,79500
2021-09-21,10.319999694824219,10.529999732971191,10.010000228881836,10.199999809265137,53300
2021-09-22,10.920000076293945,11.100000381469727,10.279999732971191,10.489999771118164,35500
2021-09-23,10.850000381469727,10.970000267028809,10.619999885559082,10.949999809265137,27100
2021-09-24,10.649999618530273,10.800000190734863,10.649999618530273,10.760000228881836,11600
2021-09-27,10.880000114440918,11.0,10.670000076293945,10.699999809265137,15600
2021-09-28,10.479999542236328,10.819999694824219,10.390000343322754,10.819999694824219,7700
2021-09-29,10.100000381469727,10.510000228881836,9.989999771118164,10.510000228881836,54500
2021-09-30,10.180000305175781,10.329999923706055,9.979999542236328,10.149999618530273,16700
2021-10-01,10.140000343322754,10.369999885559082,10.130000114440918,10.260000228881836,18000
2021-10-04,10.050000190734863,10.25,10.050000190734863,10.180000305175781,18200
2021-10-05,10.079999923706055,10.130000114440918,9.949999809265137,10.050000190734863,20100
2021-10-06,10.130000114440918,10.149999618530273,10.039999961853027,10.0600004196167,6100
2021-10-07,9.770000457763672,10.239999771118164,9.770000457763672,10.239999771118164,41900
2021-10-08,9.920000076293945,10.109999656677246,9.800000190734863,9.800000190734863,12800
2021-10-11,9.819999694824219,10.0,9.720000267028809,9.90999984741211,6800
2021-10-12,9.890000343322754,10.010000228881836,9.720000267028809,9.899999618530273,10000
2021-10-13,9.989999771118164,10.199999809265137,9.90999984741211,9.90999984741211,46800
2021-10-14,10.149999618530273,10.25,10.010000228881836,10.199999809265137,12300
2021-10-15,10.050000190734863,10.100000381469727,9.989999771118164,10.100000381469727,7100
2021-10-18,10.0600004196167,10.270000457763672,10.0,10.0,6700
2021-10-19,9.970000267028809,10.170000076293945,9.970000267028809,10.0600004196167,8800
2021-10-20,10.130000114440918,10.130000114440918,10.0,10.0,15000
2021-10-21,10.020000457763672,10.15999984741211,10.0,10.149999618530273,28900
2021-10-22,10.069999694824219,10.210000038146973,10.0,10.0,22900
2021-10-25,10.149999618530273,10.220000267028809,10.069999694824219,10.100000381469727,13400
2021-10-26,10.220000267028809,10.279999732971191,10.149999618530273,10.149999618530273,5300
2021-10-27,10.109999656677246,10.220000267028809,10.09000015258789,10.180000305175781,8000
2021-10-28,9.890000343322754,10.25,9.819999694824219,10.09000015258789,27200
2021-10-29,9.920000076293945,10.210000038146973,9.890000343322754,9.899999618530273,33600
2021-11-01,9.930000305175781,10.010000228881836,9.800000190734863,10.010000228881836,12400
2021-11-02,9.739999771118164,9.899999618530273,9.710000038146973,9.899999618530273,13300
2021-11-03,9.59000015258789,10.0,9.350000381469727,9.710000038146973,52400
2021-11-04,9.600000381469727,9.819999694824219,9.520000457763672,9.520000457763672,17000
2021-11-05,9.90999984741211,9.970000267028809,9.609999656677246,9.609999656677246,23600
2021-11-08,9.930000305175781,10.1899995803833,9.899999618530273,9.899999618530273,17300
2021-11-09,9.960000038146973,10.0600004196167,9.65999984741211,10.0600004196167,19900
2021-11-10,9.930000305175781,10.399999618530273,9.920000076293945,10.0,46300
2021-11-11,10.15999984741211,10.289999961853027,9.920000076293945,10.140000343322754,13100
2021-11-12,10.4399995803833,10.5,10.130000114440918,10.220000267028809,39300
2021-11-15,10.539999961853027,10.6899995803833,10.390000343322754,10.550000190734863,35900
2021-11-16,10.710000038146973,10.729999542236328,10.4399995803833,10.550000190734863,43300
2021-11-17,11.039999961853027,11.199999809265137,10.609999656677246,10.640000343322754,29700
2021-11-18,10.770000457763672,11.140000343322754,10.479999542236328,11.100000381469727,53600
2021-11-19,10.489999771118164,10.710000038146973,10.420000076293945,10.710000038146973,10300
2021-11-22,10.380000114440918,10.550000190734863,10.100000381469727,10.449999809265137,16700
2021-11-23,10.25,10.359999656677246,10.0,10.359999656677246,21000
2021-11-24,10.199999809265137,10.380000114440918,9.949999809265137,10.09000015258789,4700
2021-11-26,10.0,10.239999771118164,9.920000076293945,10.199999809265137,18900
2021-11-29,10.350000381469727,10.420000076293945,9.75,10.0,47500
2021-11-30,10.760000228881836,10.8100004196167,10.149999618530273,10.350000381469727,50900
2021-12-01,10.800000190734863,11.630000114440918,10.609999656677246,11.229999542236328,178100
2021-12-02,11.149999618530273,11.5,10.920000076293945,11.010000228881836,95200
2021-12-03,10.380000114440918,11.25,10.319999694824219,11.25,92900
2021-12-06,9.979999542236328,10.390000343322754,9.84000015258789,10.380000114440918,70200
2021-12-07,9.789999961853027,10.149999618530273,9.789999961853027,10.010000228881836,36800
2021-12-08,9.819999694824219,10.0,9.760000228881836,9.8100004196167,31100
2021-12-09,9.720000267028809,9.970000267028809,9.720000267028809,9.8100004196167,19500
2021-12-10,9.739999771118164,9.979999542236328,9.65999984741211,9.829999923706055,46500
2021-12-13,9.25,9.949999809265137,9.109999656677246,9.729999542236328,64900
2021-12-14,8.329999923706055,9.170000076293945,8.020000457763672,8.960000038146973,78800
2021-12-15,8.050000190734863,8.399999618530273,7.809999942779541,8.0600004196167,70500
2021-12-16,8.149999618530273,8.229999542236328,8.0,8.100000381469727,53700
2021-12-17,8.0600004196167,8.359999656677246,7.980000019073486,8.359999656677246,66900
2021-12-20,8.539999961853027,8.600000381469727,7.980000019073486,7.980000019073486,44500
2021-12-21,8.760000228881836,8.829999923706055,8.3100004196167,8.479999542236328,27800
2021-12-22,8.65999984741211,8.75,8.359999656677246,8.699999809265137,29400
2021-12-23,9.180000305175781,9.199999809265137,8.609999656677246,8.739999771118164,40400
2021-12-27,8.779999732971191,9.140000343322754,8.779999732971191,9.100000381469727,21400
2021-12-28,8.949999809265137,9.149999618530273,8.609999656677246,8.720000267028809,17800
2021-12-29,8.789999961853027,8.979999542236328,8.6899995803833,8.979999542236328,11100
2021-12-30,8.720000267028809,8.970000267028809,8.569999694824219,8.6899995803833,18300
2021-12-31,8.970000267028809,8.970000267028809,8.550000190734863,8.680000305175781,29800
2022-01-03,8.850000381469727,8.930000305175781,8.699999809265137,8.930000305175781,11600
2022-01-04,8.739999771118164,8.869999885559082,8.699999809265137,8.850000381469727,17100
2022-01-05,8.600000381469727,8.899999618530273,8.5,8.75,23000
2022-01-06,8.390000343322754,8.600000381469727,8.199999809265137,8.600000381469727,16300
2022-01-07,8.600000381469727,8.600000381469727,8.229999542236328,8.229999542236328,15100
2022-01-10,8.359999656677246,8.489999771118164,8.210000038146973,8.489999771118164,26100
2022-01-11,8.5600004196167,8.5600004196167,8.1899995803833,8.40999984741211,13500
2022-01-12,8.069999694824219,8.869999885559082,7.699999809265137,8.600000381469727,214900
2022-01-13,7.860000133514404,8.1899995803833,7.860000133514404,8.1899995803833,50500
2022-01-14,7.940000057220459,8.020000457763672,7.809999942779541,7.940000057220459,31400
2022-01-18,7.889999866485596,8.010000228881836,7.78000020980835,8.0,20100
2022-01-19,8.010000228881836,8.529999732971191,7.78000020980835,7.78000020980835,58900
2022-01-20,7.869999885559082,8.130000114440918,7.809999942779541,8.100000381469727,30000
2022-01-21,7.340000152587891,7.909999847412109,7.340000152587891,7.900000095367432,34600
2022-01-24,6.929999828338623,7.739999771118164,6.650000095367432,7.739999771118164,76900
2022-01-25,6.800000190734863,7.0,6.610000133514404,6.840000152587891,51700
2022-01-26,6.670000076293945,6.900000095367432,6.610000133514404,6.690000057220459,40100
2022-01-27,6.260000228881836,6.71999979019165,6.159999847412109,6.650000095367432,23600
2022-01-28,6.070000171661377,6.25,6.010000228881836,6.079999923706055,54000
2022-01-31,6.630000114440918,6.789999961853027,6.070000171661377,6.070000171661377,27900
2022-02-01,7.139999866485596,7.21999979019165,6.679999828338623,6.769999980926514,20600
2022-02-02,7.019999980926514,7.650000095367432,6.989999771118164,7.230000019073486,26500
2022-02-03,6.769999980926514,7.019999980926514,6.75,7.019999980926514,13600
2022-02-04,6.929999828338623,7.059999942779541,6.75,7.059999942779541,13500
2022-02-07,7.059999942779541,7.170000076293945,6.880000114440918,6.880000114440918,23300
2022-02-08,6.989999771118164,7.179999828338623,6.909999847412109,7.179999828338623,14100
2022-02-09,6.909999847412109,7.03000020980835,6.900000095367432,7.010000228881836,18900
2022-02-10,6.769999980926514,7.0,6.610000133514404,6.960000038146973,31200
2022-02-11,7.010000228881836,7.150000095367432,6.840000152587891,6.869999885559082,83200
2022-02-14,6.630000114440918,7.179999828338623,6.630000114440918,7.059999942779541,47300
2022-02-15,6.349999904632568,6.789999961853027,6.159999847412109,6.5,62200
2022-02-16,6.510000228881836,6.809999942779541,6.329999923706055,6.369999885559082,37300
2022-02-17,6.800000190734863,6.889999866485596,6.570000171661377,6.769999980926514,24900
2022-02-18,6.929999828338623,7.010000228881836,6.730000019073486,7.010000228881836,30700
2022-02-22,6.820000171661377,7.119999885559082,6.699999809265137,7.119999885559082,22200
2022-02-23,6.75,6.980000019073486,6.75,6.800000190734863,14000
2022-02-24,6.849999904632568,7.090000152587891,6.5,7.0,81600
2022-02-25,6.840000152587891,6.869999885559082,6.53000020980835,6.75,15700
2022-02-28,7.0,7.079999923706055,6.800000190734863,6.96999979019165,48800
2022-03-01,7.099999904632568,7.190000057220459,6.869999885559082,6.989999771118164,48800
2022-03-02,7.0,7.21999979019165,6.949999809265137,7.210000038146973,34600
2022-03-03,6.980000019073486,7.21999979019165,6.960000038146973,7.21999979019165,32200
2022-03-04,7.130000114440918,7.199999809265137,6.900000095367432,7.0,73400
2022-03-07,8.359999656677246,8.670000076293945,7.159999847412109,7.420000076293945,278100
2022-03-08,9.140000343322754,9.789999961853027,8.40999984741211,8.479999542236328,415700
2022-03-09,9.0,9.15999984741211,8.520000457763672,8.779999732971191,81600
2022-03-10,9.100000381469727,9.380000114440918,8.699999809265137,8.949999809265137,126300
2022-03-11,9.109999656677246,10.100000381469727,8.800000190734863,8.869999885559082,564000
2022-03-14,8.130000114440918,8.899999618530273,7.980000019073486,8.899999618530273,149600
2022-03-15,8.600000381469727,9.59000015258789,8.350000381469727,8.59000015258789,292100
2022-03-16,8.010000228881836,8.699999809265137,7.909999847412109,8.4399995803833,148000
2022-03-17,8.15999984741211,8.5,8.149999618530273,8.210000038146973,77200
2022-03-18,8.0,8.239999771118164,7.949999809265137,8.109999656677246,47800
2022-03-21,8.170000076293945,8.289999961853027,7.940000057220459,8.0,46600
2022-03-22,7.920000076293945,8.119999885559082,7.800000190734863,8.100000381469727,54500
2022-03-23,7.869999885559082,7.960000038146973,7.829999923706055,7.929999828338623,70800
2022-03-24,7.980000019073486,7.989999771118164,7.610000133514404,7.869999885559082,60600
2022-03-25,7.659999847412109,7.960000038146973,7.659999847412109,7.960000038146973,27100
2022-03-28,7.039999961853027,7.599999904632568,6.96999979019165,7.599999904632568,145200
2022-03-29,6.960000038146973,7.170000076293945,6.710000038146973,7.0,103100
2022-03-30,6.96999979019165,7.380000114440918,6.909999847412109,7.03000020980835,71900
2022-03-31,7.0,7.25,6.880000114440918,6.949999809265137,24900
2022-04-01,6.960000038146973,7.090000152587891,6.840000152587891,6.840000152587891,53700
2022-04-04,7.0,7.139999866485596,6.929999828338623,7.0,38500
2022-04-05,6.53000020980835,7.050000190734863,6.519999980926514,6.920000076293945,102800
2022-04-06,6.25,6.519999980926514,6.139999866485596,6.489999771118164,98400
2022-04-07,6.110000133514404,6.519999980926514,6.090000152587891,6.260000228881836,127200
2022-04-08,6.28000020980835,6.340000152587891,6.119999885559082,6.119999885559082,44000
2022-04-11,6.150000095367432,6.329999923706055,6.050000190734863,6.28000020980835,92400
2022-04-12,6.099999904632568,6.320000171661377,6.099999904632568,6.190000057220459,57300
2022-04-13,6.110000133514404,6.489999771118164,6.019999980926514,6.099999904632568,203800
2022-04-14,6.170000076293945,6.25,6.070000171661377,6.099999904632568,58500
2022-04-18,6.440000057220459,6.670000076293945,6.21999979019165,6.289999961853027,140500
2022-04-19,6.429999828338623,6.5,6.300000190734863,6.5,42900
2022-04-20,6.25,6.5,6.230000019073486,6.5,88400
2022-04-21,5.929999828338623,6.28000020980835,5.829999923706055,6.239999771118164,113400
2022-04-22,5.949999809265137,6.079999923706055,5.710000038146973,5.869999885559082,30400
2022-04-25,5.639999866485596,5.849999904632568,5.460000038146973,5.820000171661377,74000
2022-04-26,5.400000095367432,5.760000228881836,5.28000020980835,5.659999847412109,66400
2022-04-27,5.239999771118164,5.400000095367432,5.0,5.400000095367432,107700
2022-04-28,5.539999961853027,5.699999809265137,5.119999885559082,5.239999771118164,88900
2022-04-29,5.650000095367432,5.730000019073486,5.409999847412109,5.53000020980835,21500
2022-05-02,5.599999904632568,5.949999809265137,5.300000190734863,5.670000076293945,17200
2022-05-03,5.630000114440918,5.889999866485596,5.53000020980835,5.599999904632568,14400
2022-05-04,5.449999809265137,5.690000057220459,5.329999923706055,5.690000057220459,17500
2022-05-05,5.25,5.409999847412109,5.050000190734863,5.369999885559082,37400
2022-05-06,5.119999885559082,5.260000228881836,5.0,5.21999979019165,21900
2022-05-09,4.940000057220459,5.179999828338623,4.809999942779541,5.179999828338623,66200
2022-05-10,4.829999923706055,5.050000190734863,4.75,4.96999979019165,52300
2022-05-11,4.309999942779541,4.909999847412109,4.300000190734863,4.820000171661377,66300
2022-05-12,4.139999866485596,4.21999979019165,3.9100000858306885,4.03000020980835,78500
2022-05-13,4.440000057220459,4.480000019073486,4.199999809265137,4.199999809265137,26800
2022-05-16,4.510000228881836,4.730000019073486,4.400000095367432,4.570000171661377,23200
2022-05-17,4.539999961853027,4.829999923706055,4.539999961853027,4.639999866485596,16800
2022-05-18,4.21999979019165,4.650000095367432,4.21999979019165,4.53000020980835,13800
2022-05-19,4.389999866485596,4.690000057220459,4.21999979019165,4.690000057220459,13200
2022-05-20,4.03000020980835,4.519999980926514,4.0,4.519999980926514,27100
2022-05-23,4.429999828338623,4.429999828338623,4.150000095367432,4.150000095367432,20000
2022-05-24,4.440000057220459,4.550000190734863,4.269999980926514,4.550000190734863,14600
2022-05-25,4.53000020980835,4.650000095367432,4.360000133514404,4.360000133514404,28900
2022-05-26,4.559999942779541,4.820000171661377,4.449999809265137,4.610000133514404,18800
2022-05-27,4.949999809265137,4.980000019073486,4.710000038146973,4.849999904632568,22600
2022-05-31,4.800000190734863,5.150000095367432,4.800000190734863,5.099999904632568,7200
2022-06-01,4.840000152587891,5.070000171661377,4.699999809265137,4.920000076293945,16500
2022-06-02,5.0,5.300000190734863,4.880000114440918,5.03000020980835,22000
2022-06-03,5.03000020980835,5.210000038146973,4.940000057220459,5.070000171661377,7300
2022-06-06,5.300000190734863,5.46999979019165,4.900000095367432,5.090000152587891,61500
2022-06-07,5.070000171661377,5.340000152587891,4.989999771118164,5.139999866485596,24600
2022-06-08,5.130000114440918,5.340000152587891,4.949999809265137,5.159999847412109,19400
2022-06-09,4.78000020980835,5.190000057220459,4.75,5.190000057220459,21600
2022-06-10,4.809999942779541,5.03000020980835,4.659999847412109,5.03000020980835,130100
2022-06-13,4.610000133514404,5.130000114440918,4.489999771118164,4.96999979019165,22900
2022-06-14,4.460000038146973,4.75,4.449999809265137,4.75,17900
2022-06-15,4.739999771118164,4.849999904632568,4.480000019073486,4.480000019073486,19100
2022-06-16,4.630000114440918,4.75,4.519999980926514,4.730000019073486,46200
2022-06-17,4.460000038146973,4.699999809265137,4.460000038146973,4.599999904632568,35500
2022-06-21,4.400000095367432,4.670000076293945,4.360000133514404,4.489999771118164,14700
2022-06-22,4.119999885559082,4.619999885559082,4.079999923706055,4.230000019073486,21200
2022-06-23,3.799999952316284,4.199999809265137,3.7100000381469727,4.110000133514404,120800
2022-06-24,4.360000133514404,4.429999828338623,3.819999933242798,3.819999933242798,131000
2022-06-27,4.380000114440918,4.650000095367432,4.300000190734863,4.550000190734863,37400
2022-06-28,4.360000133514404,4.449999809265137,4.289999961853027,4.400000095367432,10600
2022-06-29,4.289999961853027,4.46999979019165,4.21999979019165,4.46999979019165,13900
2022-06-30,4.199999809265137,4.420000076293945,4.139999866485596,4.289999961853027,14900
2022-07-01,4.139999866485596,4.53000020980835,4.019999980926514,4.199999809265137,95000
2022-07-05,4.139999866485596,4.269999980926514,3.9800000190734863,4.269999980926514,23800
2022-07-06,4.050000190734863,4.210000038146973,4.010000228881836,4.210000038146973,19400
2022-07-07,4.099999904632568,4.130000114440918,4.0,4.090000152587891,23000
2022-07-08,4.070000171661377,4.230000019073486,4.039999961853027,4.099999904632568,11900
2022-07-11,3.759999990463257,4.170000076293945,3.7100000381469727,4.010000228881836,67600
2022-07-12,3.690000057220459,3.940000057220459,3.619999885559082,3.930000066757202,29700
2022-07-13,3.680000066757202,3.809999942779541,3.609999895095825,3.75,28900
2022-07-14,3.5999999046325684,3.6500000953674316,3.5,3.5999999046325684,32900
2022-07-15,3.569999933242798,3.6500000953674316,3.5,3.6500000953674316,25900
2022-07-18,3.8499999046325684,3.990000009536743,3.569999933242798,3.609999895095825,33700
2022-07-19,3.7699999809265137,4.210000038146973,3.7699999809265137,3.9600000381469727,24200
2022-07-20,3.9600000381469727,4.039999961853027,3.7300000190734863,3.8399999141693115,8300
2022-07-21,3.950000047683716,4.079999923706055,3.799999952316284,4.079999923706055,24000
2022-07-22,3.7799999713897705,4.059999942779541,3.7799999713897705,3.950000047683716,6600
2022-07-25,3.9100000858306885,3.930000066757202,3.799999952316284,3.9000000953674316,12800
2022-07-26,3.7300000190734863,4.03000020980835,3.7300000190734863,4.0,12700
2022-07-27,3.9100000858306885,4.0,3.8299999237060547,3.8499999046325684,20600
2022-07-28,4.050000190734863,4.099999904632568,3.9600000381469727,4.099999904632568,35700
2022-07-29,4.150000095367432,4.199999809265137,3.940000057220459,4.019999980926514,32600
2022-08-01,4.179999828338623,4.21999979019165,4.050000190734863,4.199999809265137,22000
2022-08-02,4.070000171661377,4.199999809265137,4.059999942779541,4.199999809265137,11700
2022-08-03,4.079999923706055,4.130000114440918,3.990000009536743,4.079999923706055,6600
2022-08-04,4.070000171661377,4.130000114440918,4.019999980926514,4.110000133514404,20300
2022-08-05,3.9600000381469727,4.110000133514404,3.9600000381469727,4.070000171661377,20400
2022-08-08,4.199999809265137,4.199999809265137,3.9700000286102295,3.9700000286102295,27200
2022-08-09,4.099999904632568,4.199999809265137,4.099999904632568,4.190000057220459,17300
2022-08-10,4.28000020980835,4.320000171661377,4.179999828338623,4.199999809265137,32300
2022-08-11,4.429999828338623,4.5,4.340000152587891,4.5,9700
2022-08-12,4.599999904632568,4.599999904632568,4.460000038146973,4.460000038146973,9800
2022-08-15,4.340000152587891,4.519999980926514,4.25,4.510000228881836,15300
2022-08-16,4.28000020980835,4.5,4.239999771118164,4.289999961853027,18100
2022-08-17,4.039999961853027,4.380000114440918,3.9000000953674316,4.380000114440918,39200
2022-08-18,4.019999980926514,4.079999923706055,4.019999980926514,4.039999961853027,14300
2022-08-19,3.8299999237060547,4.03000020980835,3.799999952316284,4.03000020980835,23700
2022-08-22,3.859999895095825,4.159999847412109,3.8499999046325684,4.159999847412109,11500
2022-08-23,3.9000000953674316,4.0,3.880000114440918,3.950000047683716,10900
2022-08-24,3.940000057220459,3.990000009536743,3.9000000953674316,3.9000000953674316,12100
2022-08-25,3.890000104904175,3.950000047683716,3.859999895095825,3.9200000762939453,13400
2022-08-26,3.759999990463257,4.199999809265137,3.7200000286102295,3.9000000953674316,41300
2022-08-29,3.7200000286102295,3.9000000953674316,3.7200000286102295,3.8299999237060547,33300
2022-08-30,3.690000057220459,3.869999885559082,3.690000057220459,3.700000047683716,11300
2022-08-31,3.609999895095825,3.7200000286102295,3.609999895095825,3.700000047683716,7600
2022-09-01,3.549999952316284,3.680000066757202,3.549999952316284,3.609999895095825,12800
2022-09-02,3.609999895095825,3.759999990463257,3.559999942779541,3.569999933242798,19200
2022-09-06,3.7799999713897705,3.799999952316284,3.5999999046325684,3.5999999046325684,11900
2022-09-07,3.809999942779541,3.859999895095825,3.690000057220459,3.690000057220459,13000
2022-09-08,3.9200000762939453,3.9600000381469727,3.7799999713897705,3.799999952316284,10600
2022-09-09,4.090000152587891,4.090000152587891,3.950000047683716,3.990000009536743,14000
2022-09-12,3.930000066757202,4.139999866485596,3.930000066757202,4.099999904632568,9700
2022-09-13,3.8299999237060547,4.0,3.759999990463257,4.0,10200
2022-09-14,3.8499999046325684,4.190000057220459,3.8499999046325684,3.880000114440918,28800
2022-09-15,3.7699999809265137,3.869999885559082,3.7100000381469727,3.8499999046325684,10600
2022-09-16,3.8299999237060547,3.8499999046325684,3.690000057220459,3.7100000381469727,22100
2022-09-19,4.5,4.5,3.690000057220459,3.930000066757202,48600
2022-09-20,4.199999809265137,4.429999828338623,4.090000152587891,4.360000133514404,9300
2022-09-21,4.170000076293945,4.269999980926514,4.03000020980835,4.269999980926514,13500
2022-09-22,3.890000104904175,4.050000190734863,3.859999895095825,3.9800000190734863,8200
2022-09-23,3.619999885559082,4.019999980926514,3.5999999046325684,4.019999980926514,29800
2022-09-26,3.700000047683716,4.019999980926514,3.5,3.5999999046325684,96000
2022-09-27,3.5999999046325684,3.7799999713897705,3.569999933242798,3.7799999713897705,14100
2022-09-28,3.799999952316284,3.9100000858306885,3.5899999141693115,3.5999999046325684,21500
2022-09-29,3.7300000190734863,3.890000104904175,3.6700000762939453,3.8499999046325684,6800
2022-09-30,3.75,3.8399999141693115,3.6700000762939453,3.799999952316284,18200
2022-10-03,4.050000190734863,4.199999809265137,3.8299999237060547,3.859999895095825,24800
2022-10-04,4.059999942779541,4.300000190734863,4.059999942779541,4.199999809265137,23100
2022-10-05,4.0,4.119999885559082,3.9100000858306885,4.070000171661377,17600
2022-10-06,3.990000009536743,4.050000190734863,3.859999895095825,4.0,24100
2022-10-07,3.8499999046325684,4.03000020980835,3.8399999141693115,4.03000020980835,13800
2022-10-10,3.759999990463257,3.990000009536743,3.700000047683716,3.930000066757202,10500
2022-10-11,3.700000047683716,3.8499999046325684,3.680000066757202,3.819999933242798,11600
2022-10-12,3.5899999141693115,3.700000047683716,3.559999942779541,3.6500000953674316,20300
2022-10-13,3.559999942779541,3.740000009536743,3.509999990463257,3.559999942779541,14700
2022-10-14,3.5199999809265137,3.619999885559082,3.509999990463257,3.5799999237060547,13200
2022-10-17,3.5999999046325684,3.740000009536743,3.5999999046325684,3.6500000953674316,14400
2022-10-18,3.5999999046325684,3.7200000286102295,3.5899999141693115,3.5999999046325684,9700
2022-10-19,3.5,3.6500000953674316,3.5,3.509999990463257,13900
2022-10-20,3.569999933242798,3.700000047683716,3.5,3.5,32600
2022-10-21,3.6500000953674316,3.7100000381469727,3.5799999237060547,3.630000114440918,15300
2022-10-24,3.619999885559082,3.700000047683716,3.5999999046325684,3.680000066757202,9700
2022-10-25,3.6700000762939453,3.7799999713897705,3.609999895095825,3.6600000858306885,9300
2022-10-26,3.859999895095825,4.170000076293945,3.7300000190734863,3.7300000190734863,13700
2022-10-27,3.990000009536743,3.990000009536743,3.880000114440918,3.950000047683716,4800
2022-10-28,3.7300000190734863,3.9800000190734863,3.690000057220459,3.9100000858306885,21000
2022-10-31,3.690000057220459,3.7899999618530273,3.6500000953674316,3.7899999618530273,8700
2022-11-01,3.690000057220459,3.799999952316284,3.619999885559082,3.759999990463257,5900
2022-11-02,3.6700000762939453,3.700000047683716,3.5999999046325684,3.690000057220459,7500
2022-11-03,3.569999933242798,3.7200000286102295,3.559999942779541,3.7200000286102295,12500
2022-11-04,3.759999990463257,3.7799999713897705,3.640000104904175,3.6700000762939453,17000
2022-11-07,3.8499999046325684,3.869999885559082,3.7699999809265137,3.7799999713897705,8500
2022-11-08,4.150000095367432,4.28000020980835,3.799999952316284,3.8499999046325684,75400
2022-11-09,4.070000171661377,4.190000057220459,4.0,4.190000057220459,8300
2022-11-10,4.269999980926514,4.349999904632568,4.119999885559082,4.210000038146973,34900
2022-11-11,4.409999847412109,4.440000057220459,4.260000228881836,4.349999904632568,31600
2022-11-14,4.389999866485596,4.420000076293945,4.28000020980835,4.309999942779541,31200
2022-11-15,4.239999771118164,4.449999809265137,4.21999979019165,4.300000190734863,14800
2022-11-16,4.139999866485596,4.28000020980835,4.099999904632568,4.25,10800
2022-11-17,4.050000190734863,4.130000114440918,4.050000190734863,4.099999904632568,8600
2022-11-18,3.950000047683716,4.099999904632568,3.950000047683716,4.099999904632568,10100
2022-11-21,3.809999942779541,3.9100000858306885,3.75,3.9100000858306885,17700
2022-11-22,3.9200000762939453,4.039999961853027,3.9000000953674316,3.9800000190734863,28300
2022-11-23,3.9100000858306885,4.0,3.8399999141693115,3.9800000190734863,18300
2022-11-25,3.9800000190734863,4.019999980926514,3.9200000762939453,3.990000009536743,11300
2022-11-28,3.75,4.0,3.75,4.0,27900
2022-11-29,3.859999895095825,3.9600000381469727,3.7899999618530273,3.8499999046325684,24700
2022-11-30,4.239999771118164,4.25,3.930000066757202,4.0,71100
2022-12-01,4.289999961853027,4.420000076293945,4.159999847412109,4.199999809265137,20200
2022-12-02,4.409999847412109,4.449999809265137,4.210000038146973,4.210000038146973,15800
2022-12-05,4.320000171661377,4.550000190734863,4.320000171661377,4.389999866485596,34800
2022-12-06,4.130000114440918,4.46999979019165,4.099999904632568,4.320000171661377,24500
2022-12-07,4.269999980926514,4.360000133514404,4.090000152587891,4.090000152587891,24900
2022-12-08,4.300000190734863,4.360000133514404,4.25,4.320000171661377,10600
2022-12-09,4.400000095367432,4.550000190734863,4.309999942779541,4.329999923706055,18700
2022-12-12,4.300000190734863,4.489999771118164,4.25,4.46999979019165,24500
2022-12-13,4.289999961853027,4.46999979019165,4.260000228881836,4.380000114440918,29200
2022-12-14,4.380000114440918,4.449999809265137,4.340000152587891,4.400000095367432,11200
2022-12-15,4.28000020980835,4.400000095367432,4.25,4.400000095367432,12400
2022-12-16,4.340000152587891,4.46999979019165,4.25,4.309999942779541,17300
2022-12-19,4.269999980926514,4.420000076293945,4.159999847412109,4.329999923706055,14700
2022-12-20,4.329999923706055,4.46999979019165,4.199999809265137,4.309999942779541,18900
2022-12-21,4.449999809265137,4.489999771118164,4.329999923706055,4.400000095367432,12800
2022-12-22,4.230000019073486,4.46999979019165,4.199999809265137,4.46999979019165,6300
2022-12-23,4.489999771118164,4.5,4.230000019073486,4.230000019073486,14100
2022-12-27,4.690000057220459,4.699999809265137,4.269999980926514,4.420000076293945,57800
2022-12-28,4.75,4.980000019073486,4.599999904632568,4.760000228881836,51100
2022-12-29,4.739999771118164,4.869999885559082,4.559999942779541,4.739999771118164,32500
2022-12-30,4.800000190734863,4.869999885559082,4.519999980926514,4.690000057220459,35400
2023-01-03,4.880000114440918,5.0,4.809999942779541,4.889999866485596,21600
2023-01-04,5.300000190734863,5.300000190734863,4.880000114440918,4.880000114440918,32700
2023-01-05,4.989999771118164,5.269999980926514,4.949999809265137,5.239999771118164,39300
2023-01-06,5.099999904632568,5.139999866485596,4.960000038146973,4.989999771118164,12300
2023-01-09,5.099999904632568,5.239999771118164,5.070000171661377,5.170000076293945,26200
2023-01-10,5.110000133514404,5.159999847412109,5.070000171661377,5.159999847412109,8100
2023-01-11,5.03000020980835,5.199999809265137,5.0,5.099999904632568,47600
2023-01-12,5.019999980926514,5.099999904632568,5.010000228881836,5.03000020980835,13500
2023-01-13,5.150000095367432,5.150000095367432,5.0,5.0,15600
2023-01-17,5.059999942779541,5.230000019073486,5.059999942779541,5.190000057220459,8500
2023-01-18,5.039999961853027,5.150000095367432,5.0,5.070000171661377,15100
2023-01-19,5.139999866485596,5.139999866485596,5.0,5.050000190734863,10700
2023-01-20,5.130000114440918,5.199999809265137,5.050000190734863,5.119999885559082,16200
2023-01-23,5.139999866485596,5.21999979019165,5.050000190734863,5.150000095367432,47000
2023-01-24,5.110000133514404,5.210000038146973,5.019999980926514,5.210000038146973,36000
2023-01-25,5.0,5.099999904632568,4.980000019073486,5.010000228881836,16700
2023-01-26,4.920000076293945,5.090000152587891,4.820000171661377,5.0,32300
2023-01-27,4.900000095367432,5.050000190734863,4.849999904632568,4.920000076293945,8100
2023-01-30,4.570000171661377,4.860000133514404,4.570000171661377,4.809999942779541,32700
2023-01-31,4.610000133514404,4.769999980926514,4.550000190734863,4.550000190734863,13600
2023-02-01,4.659999847412109,4.710000038146973,4.579999923706055,4.659999847412109,9300
2023-02-02,4.440000057220459,4.699999809265137,4.369999885559082,4.699999809265137,35800
2023-02-03,4.139999866485596,4.409999847412109,4.110000133514404,4.360000133514404,31900
2023-02-06,4.260000228881836,4.320000171661377,4.050000190734863,4.139999866485596,12500
2023-02-07,4.429999828338623,4.519999980926514,4.260000228881836,4.260000228881836,19600
2023-02-08,4.320000171661377,4.599999904632568,4.269999980926514,4.46999979019165,24400
2023-02-09,4.300000190734863,4.489999771118164,4.25,4.369999885559082,15000
2023-02-10,4.150000095367432,4.340000152587891,4.099999904632568,4.25,8300
2023-02-13,4.159999847412109,4.239999771118164,4.070000171661377,4.150000095367432,18200
2023-02-14,4.320000171661377,4.320000171661377,4.110000133514404,4.170000076293945,18700
2023-02-15,4.329999923706055,4.349999904632568,4.150000095367432,4.300000190734863,10200
2023-02-16,4.320000171661377,4.349999904632568,4.21999979019165,4.239999771118164,9800
2023-02-17,4.389999866485596,4.460000038146973,4.309999942779541,4.309999942779541,14100
2023-02-21,4.190000057220459,4.449999809265137,4.190000057220459,4.349999904632568,17400
2023-02-22,4.150000095367432,4.260000228881836,4.150000095367432,4.21999979019165,6700
2023-02-23,4.139999866485596,4.260000228881836,4.099999904632568,4.150000095367432,7800
2023-02-24,4.079999923706055,4.230000019073486,4.059999942779541,4.059999942779541,7500
2023-02-27,3.9600000381469727,4.099999904632568,3.950000047683716,4.090000152587891,38800
2023-02-28,4.159999847412109,4.230000019073486,3.9100000858306885,3.9100000858306885,13500
2023-03-01,4.150000095367432,4.269999980926514,4.119999885559082,4.239999771118164,20400
2023-03-02,4.070000171661377,4.269999980926514,4.039999961853027,4.199999809265137,5700
2023-03-03,4.079999923706055,4.309999942779541,4.050000190734863,4.079999923706055,20000
2023-03-06,4.090000152587891,4.230000019073486,3.9800000190734863,4.079999923706055,19800
2023-03-07,3.869999885559082,4.199999809265137,3.869999885559082,4.199999809265137,29000
2023-03-08,3.890000104904175,3.9700000286102295,3.8499999046325684,3.869999885559082,11700
2023-03-09,3.9000000953674316,3.940000057220459,3.8499999046325684,3.940000057220459,8600
2023-03-10,3.890000104904175,4.010000228881836,3.8399999141693115,3.9000000953674316,52700
2023-03-13,4.179999828338623,4.199999809265137,3.9100000858306885,4.039999961853027,51500
2023-03-14,4.150000095367432,4.199999809265137,3.9200000762939453,4.199999809265137,29900
2023-03-15,3.9600000381469727,4.199999809265137,3.950000047683716,4.199999809265137,18000
2023-03-16,4.059999942779541,4.329999923706055,4.0,4.099999904632568,58100
2023-03-17,4.320000171661377,4.340000152587891,3.950000047683716,4.099999904632568,154700
2023-03-20,4.630000114440918,4.889999866485596,4.25,4.400000095367432,167400
2023-03-21,4.300000190734863,4.769999980926514,4.260000228881836,4.769999980926514,39100
2023-03-22,4.320000171661377,4.5,4.179999828338623,4.389999866485596,82900
2023-03-23,4.400000095367432,4.449999809265137,4.329999923706055,4.360000133514404,45300
2023-03-24,4.360000133514404,4.46999979019165,4.300000190734863,4.46999979019165,18700
2023-03-27,4.670000076293945,4.699999809265137,4.300000190734863,4.360000133514404,117700
2023-03-28,5.409999847412109,5.5,4.75,4.78000020980835,247700
2023-03-29,5.96999979019165,6.53000020980835,5.769999980926514,5.769999980926514,456700
2023-03-30,5.789999961853027,6.079999923706055,5.46999979019165,6.010000228881836,225900
2023-03-31,5.579999923706055,5.789999961853027,5.400000095367432,5.739999771118164,179600
2023-04-03,6.380000114440918,7.110000133514404,5.610000133514404,5.849999904632568,661300
2023-04-04,7.079999923706055,7.480000019073486,6.5,6.590000152587891,752700
2023-04-05,5.739999771118164,6.579999923706055,5.650000095367432,6.53000020980835,505500
2023-04-06,5.760000228881836,6.300000190734863,5.75,5.78000020980835,254100
2023-04-10,5.230000019073486,5.849999904632568,5.150000095367432,5.78000020980835,261900
2023-04-11,4.829999923706055,5.349999904632568,4.75,5.230000019073486,265800
2023-04-12,4.619999885559082,5.099999904632568,4.550000190734863,5.010000228881836,185500
2023-04-13,4.690000057220459,5.289999961853027,4.690000057220459,5.0,411000
2023-04-14,4.309999942779541,4.679999828338623,4.099999904632568,4.679999828338623,320700
2023-04-17,4.380000114440918,4.730000019073486,4.329999923706055,4.329999923706055,187900
2023-04-18,4.409999847412109,4.5,4.179999828338623,4.409999847412109,130800
2023-04-19,4.570000171661377,4.75,4.360000133514404,4.360000133514404,293100
2023-04-20,4.829999923706055,5.210000038146973,4.570000171661377,4.570000171661377,358800
2023-04-21,4.710000038146973,4.989999771118164,4.639999866485596,4.989999771118164,135200
2023-04-24,4.449999809265137,4.800000190734863,4.400000095367432,4.800000190734863,174200
2023-04-25,4.300000190734863,4.429999828338623,4.21999979019165,4.400000095367432,154600
2023-04-26,4.199999809265137,4.400000095367432,4.170000076293945,4.300000190734863,61800
2023-04-27,4.340000152587891,4.420000076293945,4.159999847412109,4.170000076293945,125800
2023-04-28,4.309999942779541,4.420000076293945,4.269999980926514,4.320000171661377,63900
2023-05-01,4.059999942779541,4.449999809265137,4.0,4.28000020980835,164300
2023-05-02,3.700000047683716,4.239999771118164,3.5999999046325684,4.079999923706055,383900
2023-05-03,3.940000057220459,3.950000047683716,3.6600000858306885,3.6600000858306885,172500
2023-05-04,4.150000095367432,4.21999979019165,4.0,4.0,76300
2023-05-05,4.21999979019165,4.269999980926514,4.019999980926514,4.150000095367432,70600
2023-05-08,4.449999809265137,4.5,4.239999771118164,4.269999980926514,103500
2023-05-09,4.449999809265137,4.480000019073486,4.300000190734863,4.400000095367432,85300
2023-05-10,4.230000019073486,4.440000057220459,4.159999847412109,4.400000095367432,60200
2023-05-11,4.159999847412109,4.320000171661377,4.019999980926514,4.179999828338623,56800
2023-05-12,4.130000114440918,4.170000076293945,4.050000190734863,4.159999847412109,40600
2023-05-15,4.190000057220459,4.400000095367432,4.119999885559082,4.239999771118164,44500
2023-05-16,4.150000095367432,4.230000019073486,4.050000190734863,4.230000019073486,47700
2023-05-17,4.010000228881836,4.099999904632568,3.940000057220459,4.099999904632568,143900
2023-05-18,3.940000057220459,4.059999942779541,3.9000000953674316,4.019999980926514,49800
2023-05-19,4.059999942779541,4.159999847412109,3.940000057220459,3.940000057220459,35100
2023-05-22,4.03000020980835,4.139999866485596,3.990000009536743,4.03000020980835,42100
2023-05-23,4.0,4.110000133514404,3.9600000381469727,4.010000228881836,24200
2023-05-24,3.869999885559082,4.039999961853027,3.809999942779541,4.039999961853027,62300
2023-05-25,3.9600000381469727,4.0,3.809999942779541,3.859999895095825,37400
2023-05-26,3.950000047683716,4.079999923706055,3.9200000762939453,3.9800000190734863,27200
2023-05-30,3.950000047683716,4.039999961853027,3.950000047683716,3.9600000381469727,39000
2023-05-31,3.9700000286102295,4.019999980926514,3.9000000953674316,3.9000000953674316,26700
2023-06-01,4.059999942779541,4.139999866485596,4.0,4.019999980926514,45900
2023-06-02,4.320000171661377,4.380000114440918,4.119999885559082,4.159999847412109,77500
2023-06-05,4.300000190734863,4.440000057220459,4.199999809265137,4.440000057220459,31400
2023-06-06,4.28000020980835,4.329999923706055,4.159999847412109,4.289999961853027,32400
2023-06-07,4.139999866485596,4.389999866485596,4.119999885559082,4.300000190734863,28100
2023-06-08,4.300000190734863,4.300000190734863,4.159999847412109,4.159999847412109,13600
2023-06-09,4.210000038146973,4.300000190734863,4.179999828338623,4.239999771118164,19500
2023-06-12,4.25,4.309999942779541,4.099999904632568,4.21999979019165,27600
2023-06-13,4.179999828338623,4.369999885559082,4.150000095367432,4.369999885559082,27800
2023-06-14,4.090000152587891,4.239999771118164,4.059999942779541,4.199999809265137,26400
2023-06-15,4.170000076293945,4.260000228881836,4.050000190734863,4.090000152587891,53300
2023-06-16,4.070000171661377,4.190000057220459,4.03000020980835,4.119999885559082,33700
2023-06-20,4.170000076293945,4.210000038146973,4.039999961853027,4.079999923706055,62400
2023-06-21,4.289999961853027,4.289999961853027,4.170000076293945,4.179999828338623,52100
2023-06-22,4.75,4.889999866485596,4.519999980926514,4.519999980926514,610000
2023-06-23,4.289999961853027,4.829999923706055,4.179999828338623,4.789999961853027,164500
2023-06-26,4.449999809265137,4.480000019073486,4.300000190734863,4.300000190734863,52400
2023-06-27,4.369999885559082,4.519999980926514,4.239999771118164,4.449999809265137,58700
2023-06-28,4.25,4.5,4.139999866485596,4.449999809265137,113800
2023-06-29,4.46999979019165,4.489999771118164,4.360000133514404,4.420000076293945,118200
2023-06-30,4.449999809265137,4.489999771118164,4.400000095367432,4.489999771118164,40000
2023-07-03,4.309999942779541,4.409999847412109,4.260000228881836,4.409999847412109,29400
2023-07-05,4.269999980926514,4.420000076293945,4.25,4.309999942779541,34500
2023-07-06,4.28000020980835,4.380000114440918,4.110000133514404,4.269999980926514,37400
2023-07-07,4.349999904632568,4.349999904632568,4.230000019073486,4.230000019073486,31100
2023-07-10,4.349999904632568,4.489999771118164,4.269999980926514,4.349999904632568,17800
2023-07-11,4.309999942779541,4.400000095367432,4.230000019073486,4.380000114440918,37200
2023-07-12,4.46999979019165,4.570000171661377,4.329999923706055,4.420000076293945,85900
2023-07-13,4.429999828338623,4.570000171661377,4.269999980926514,4.460000038146973,99400
2023-07-14,4.289999961853027,4.449999809265137,4.25,4.340000152587891,123700
2023-07-17,4.260000228881836,4.440000057220459,4.260000228881836,4.289999961853027,65700
2023-07-18,4.460000038146973,4.53000020980835,4.300000190734863,4.320000171661377,56500
2023-07-19,4.400000095367432,4.519999980926514,4.28000020980835,4.389999866485596,29300
2023-07-20,4.300000190734863,4.429999828338623,4.300000190734863,4.389999866485596,20000
2023-07-21,4.309999942779541,4.369999885559082,4.309999942779541,4.369999885559082,11600
2023-07-24,4.380000114440918,4.420000076293945,4.300000190734863,4.420000076293945,28300
2023-07-25,4.389999866485596,4.420000076293945,4.320000171661377,4.340000152587891,24100
2023-07-26,4.409999847412109,4.449999809265137,4.329999923706055,4.380000114440918,45300
2023-07-27,4.230000019073486,4.380000114440918,4.099999904632568,4.380000114440918,88900
2023-07-28,4.309999942779541,4.389999866485596,4.239999771118164,4.239999771118164,25000
2023-07-31,4.480000019073486,4.559999942779541,4.300000190734863,4.300000190734863,62200
2023-08-01,4.440000057220459,4.489999771118164,4.329999923706055,4.449999809265137,27100
2023-08-02,4.289999961853027,4.5,4.179999828338623,4.5,69400
2023-08-03,4.170000076293945,4.269999980926514,4.139999866485596,4.230000019073486,17400
2023-08-04,4.179999828338623,4.360000133514404,4.070000171661377,4.230000019073486,50100
2023-08-07,4.150000095367432,4.269999980926514,4.079999923706055,4.119999885559082,17700
2023-08-08,4.050000190734863,4.179999828338623,4.039999961853027,4.179999828338623,22300
2023-08-09,4.079999923706055,4.119999885559082,4.039999961853027,4.050000190734863,13900
2023-08-10,4.019999980926514,4.139999866485596,3.9800000190734863,4.050000190734863,35600
2023-08-11,4.039999961853027,4.099999904632568,3.9800000190734863,4.0,24400
2023-08-14,3.9600000381469727,4.070000171661377,3.940000057220459,4.070000171661377,37100
2023-08-15,3.9000000953674316,3.990000009536743,3.819999933242798,3.950000047683716,30700
2023-08-16,3.8499999046325684,3.940000057220459,3.809999942779541,3.9000000953674316,27400
2023-08-17,3.7699999809265137,3.9000000953674316,3.740000009536743,3.890000104904175,44600
2023-08-18,3.75,3.869999885559082,3.7300000190734863,3.7899999618530273,46600
2023-08-21,3.7100000381469727,3.890000104904175,3.700000047683716,3.8299999237060547,38000
2023-08-22,3.859999895095825,3.9000000953674316,3.7200000286102295,3.7200000286102295,15500
2023-08-23,3.890000104904175,3.9600000381469727,3.7699999809265137,3.9000000953674316,16700
2023-08-24,3.819999933242798,3.9000000953674316,3.799999952316284,3.890000104904175,13900
2023-08-25,3.8299999237060547,3.8299999237060547,3.7300000190734863,3.809999942779541,18300
2023-08-28,3.75,3.8399999141693115,3.75,3.799999952316284,23100
2023-08-29,3.9200000762939453,3.990000009536743,3.7300000190734863,3.75,37300
2023-08-30,3.940000057220459,3.950000047683716,3.7699999809265137,3.890000104904175,15900
2023-08-31,3.8399999141693115,4.0,3.809999942779541,3.9000000953674316,29800
2023-09-01,3.859999895095825,3.930000066757202,3.8499999046325684,3.9000000953674316,21600
2023-09-05,3.8299999237060547,3.9200000762939453,3.799999952316284,3.859999895095825,21300
2023-09-06,3.680000066757202,3.8499999046325684,3.6700000762939453,3.8499999046325684,37400
2023-09-07,3.7799999713897705,3.7899999618530273,3.6700000762939453,3.7300000190734863,41000
2023-09-08,3.569999933242798,3.809999942779541,3.549999952316284,3.7300000190734863,61000
2023-09-11,3.4600000381469727,3.6500000953674316,3.4200000762939453,3.549999952316284,45500
2023-09-12,3.5299999713897705,3.630000114440918,3.4000000953674316,3.430000066757202,27500
2023-09-13,3.5299999713897705,3.630000114440918,3.4800000190734863,3.5299999713897705,17900
2023-09-14,3.609999895095825,3.6600000858306885,3.450000047683716,3.490000009536743,17900
2023-09-15,3.8499999046325684,3.869999885559082,3.549999952316284,3.549999952316284,69000
2023-09-18,3.9000000953674316,3.9200000762939453,3.799999952316284,3.799999952316284,25900
2023-09-19,3.7200000286102295,3.890000104904175,3.7100000381469727,3.890000104904175,13700
2023-09-20,3.6600000858306885,3.799999952316284,3.569999933242798,3.7100000381469727,21900
2023-09-21,3.490000009536743,3.619999885559082,3.440000057220459,3.440000057220459,96600
2023-09-22,3.2799999713897705,3.8399999141693115,3.1500000953674316,3.490000009536743,244200
2023-09-25,3.25,3.440000057220459,3.2100000381469727,3.440000057220459,21200
2023-09-26,3.140000104904175,3.2200000286102295,3.049999952316284,3.2200000286102295,68600
2023-09-27,3.109999895095825,3.240000009536743,3.0999999046325684,3.109999895095825,43600
2023-09-28,3.200000047683716,3.2899999618530273,3.0899999141693115,3.0899999141693115,12900
2023-09-29,3.109999895095825,3.2899999618530273,3.0799999237060547,3.25,38100
2023-10-02,3.0799999237060547,3.25,2.950000047683716,3.1600000858306885,44000
2023-10-03,3.059999942779541,3.180000066757202,3.0199999809265137,3.049999952316284,10400
2023-10-04,3.069999933242798,3.1600000858306885,3.0,3.0999999046325684,17900
2023-10-05,3.0799999237060547,3.200000047683716,3.0199999809265137,3.109999895095825,21300
2023-10-06,3.109999895095825,3.180000066757202,3.0299999713897705,3.0299999713897705,28100
2023-10-09,3.109999895095825,3.190000057220459,3.0999999046325684,3.119999885559082,17800
2023-10-10,3.140000104904175,3.1700000762939453,3.119999885559082,3.130000114440918,14000
2023-10-11,3.119999885559082,3.1700000762939453,3.109999895095825,3.109999895095825,9500
2023-10-12,3.0299999713897705,3.1700000762939453,2.9200000762939453,3.140000104904175,43600
2023-10-13,3.4000000953674316,3.490000009536743,3.0999999046325684,3.130000114440918,87000
2023-10-16,3.690000057220459,3.7300000190734863,3.359999895095825,3.4000000953674316,75800
2023-10-17,3.4800000190734863,3.7699999809265137,3.440000057220459,3.5899999141693115,42100
2023-10-18,3.380000114440918,3.569999933242798,3.2899999618530273,3.4200000762939453,66300
2023-10-19,3.3499999046325684,3.4100000858306885,3.3299999237060547,3.380000114440918,19300
2023-10-20,3.259999990463257,3.5299999713897705,3.200000047683716,3.2899999618530273,60800
2023-10-23,3.309999942779541,3.490000009536743,3.200000047683716,3.2300000190734863,51600
2023-10-24,3.2899999618530273,3.4000000953674316,3.2300000190734863,3.2899999618530273,13400
2023-10-25,3.2300000190734863,3.390000104904175,3.200000047683716,3.390000104904175,16900
2023-10-26,3.2200000286102295,3.2899999618530273,3.1600000858306885,3.25,22500
2023-10-27,3.430000066757202,3.5,3.2100000381469727,3.2899999618530273,47400
2023-10-30,3.4100000858306885,3.5199999809265137,3.3299999237060547,3.490000009536743,79800
2023-10-31,3.3299999237060547,3.450000047683716,3.299999952316284,3.450000047683716,11000
2023-11-01,3.259999990463257,3.4000000953674316,3.240000009536743,3.4000000953674316,18700
2023-11-02,3.3499999046325684,3.3499999046325684,3.25,3.2799999713897705,12600
2023-11-03,3.4600000381469727,3.619999885559082,3.390000104904175,3.430000066757202,21600
2023-11-06,3.309999942779541,3.5899999141693115,3.309999942779541,3.549999952316284,26100
2023-11-07,3.299999952316284,3.4100000858306885,3.259999990463257,3.309999942779541,47500
2023-11-08,3.200000047683716,3.4700000286102295,3.049999952316284,3.259999990463257,38500
2023-11-09,3.119999885559082,3.4200000762939453,3.0999999046325684,3.2699999809265137,17100
2023-11-10,3.069999933242798,3.240000009536743,3.059999942779541,3.0999999046325684,18900
2023-11-13,3.0899999141693115,3.2300000190734863,3.049999952316284,3.130000114440918,14800
2023-11-14,3.25,3.2899999618530273,3.1500000953674316,3.2300000190734863,23000
2023-11-15,3.299999952316284,3.390000104904175,3.2100000381469727,3.319999933242798,30800
2023-11-16,3.259999990463257,3.5,3.119999885559082,3.2799999713897705,20100
2023-11-17,3.2300000190734863,3.430000066757202,3.2100000381469727,3.2699999809265137,17900
2023-11-20,3.299999952316284,3.299999952316284,3.2100000381469727,3.2100000381469727,18600
2023-11-21,3.309999942779541,3.3399999141693115,3.259999990463257,3.319999933242798,13200
2023-11-22,3.240000009536743,3.3499999046325684,3.2200000286102295,3.3399999141693115,8400
2023-11-24,3.380000114440918,3.450000047683716,3.240000009536743,3.240000009536743,11400
2023-11-27,3.390000104904175,3.450000047683716,3.380000114440918,3.4000000953674316,25700
2023-11-28,3.4100000858306885,3.5,3.3499999046325684,3.4000000953674316,44200
2023-11-29,3.4100000858306885,3.490000009536743,3.390000104904175,3.490000009536743,35700
2023-11-30,3.3299999237060547,3.450000047683716,3.2799999713897705,3.450000047683716,21200
2023-12-01,3.700000047683716,3.700000047683716,3.3399999141693115,3.369999885559082,155500
2023-12-04,3.9000000953674316,4.079999923706055,3.7100000381469727,3.8399999141693115,111200
2023-12-05,3.680000066757202,3.9100000858306885,3.5299999713897705,3.9000000953674316,47500
2023-12-06,3.6700000762939453,3.740000009536743,3.549999952316284,3.7200000286102295,30200
2023-12-07,3.609999895095825,3.7899999618530273,3.609999895095825,3.700000047683716,27100
2023-12-08,3.6600000858306885,3.690000057220459,3.549999952316284,3.619999885559082,18100
2023-12-11,3.5199999809265137,3.5899999141693115,3.5199999809265137,3.549999952316284,67900
2023-12-12,3.4100000858306885,3.559999942779541,3.4000000953674316,3.5199999809265137,37200
2023-12-13,3.5399999618530273,3.5899999141693115,3.4200000762939453,3.559999942779541,23800
2023-12-14,3.680000066757202,3.75,3.549999952316284,3.549999952316284,39000
2023-12-15,3.630000114440918,3.740000009536743,3.5999999046325684,3.7200000286102295,10400
2023-12-18,3.609999895095825,3.7300000190734863,3.5299999713897705,3.640000104904175,22800
2023-12-19,3.6700000762939453,3.75,3.609999895095825,3.619999885559082,20200
2023-12-20,3.7699999809265137,3.869999885559082,3.700000047683716,3.740000009536743,33700
2023-12-21,3.8299999237060547,3.8299999237060547,3.7100000381469727,3.75,33100
2023-12-22,3.9600000381469727,4.050000190734863,3.809999942779541,3.880000114440918,60200
2023-12-26,4.210000038146973,4.349999904632568,3.9800000190734863,3.9800000190734863,61400
2023-12-27,4.239999771118164,4.409999847412109,4.150000095367432,4.239999771118164,64300
2023-12-28,4.070000171661377,4.260000228881836,4.03000020980835,4.199999809265137,23500
2023-12-29,4.25,4.320000171661377,4.039999961853027,4.039999961853027,61000
2024-01-02,4.230000019073486,4.380000114440918,4.230000019073486,4.25,42000
2024-01-03,4.25,4.28000020980835,4.070000171661377,4.179999828338623,37500
2024-01-04,4.21999979019165,4.369999885559082,4.199999809265137,4.329999923706055,32000
2024-01-05,4.110000133514404,4.28000020980835,4.039999961853027,4.28000020980835,28600
2024-01-08,3.9800000190734863,4.099999904632568,3.950000047683716,4.070000171661377,30800
2024-01-09,4.139999866485596,4.159999847412109,3.9700000286102295,3.9700000286102295,15900
2024-01-10,4.150000095367432,4.199999809265137,4.070000171661377,4.119999885559082,8400
2024-01-11,4.03000020980835,4.230000019073486,4.03000020980835,4.150000095367432,48200
2024-01-12,3.9800000190734863,4.369999885559082,3.8499999046325684,4.110000133514404,90200
2024-01-16,3.8299999237060547,4.039999961853027,3.799999952316284,3.930000066757202,45600
2024-01-17,3.7899999618530273,3.8299999237060547,3.759999990463257,3.799999952316284,25900
2024-01-18,3.859999895095825,3.9200000762939453,3.809999942779541,3.8499999046325684,12500
2024-01-19,3.859999895095825,4.150000095367432,3.8299999237060547,3.890000104904175,81900
2024-01-22,3.809999942779541,3.9800000190734863,3.809999942779541,3.869999885559082,17600
2024-01-23,3.7100000381469727,3.930000066757202,3.7100000381469727,3.8299999237060547,23000
2024-01-24,3.630000114440918,3.799999952316284,3.5899999141693115,3.7899999618530273,25900
2024-01-25,3.5799999237060547,3.740000009536743,3.5299999713897705,3.7200000286102295,22500
2024-01-26,3.509999990463257,3.640000104904175,3.5,3.569999933242798,15900
2024-01-29,3.680000066757202,3.7300000190734863,3.5199999809265137,3.5199999809265137,32300
2024-01-30,3.7300000190734863,3.740000009536743,3.680000066757202,3.740000009536743,5200
2024-01-31,3.700000047683716,3.7699999809265137,3.690000057220459,3.700000047683716,17900
2024-02-01,3.7100000381469727,3.7799999713897705,3.700000047683716,3.7200000286102295,49100
2024-02-02,3.7699999809265137,3.7799999713897705,3.6600000858306885,3.700000047683716,19400
2024-02-05,3.559999942779541,3.7699999809265137,3.549999952316284,3.700000047683716,31400
2024-02-06,3.549999952316284,3.630000114440918,3.549999952316284,3.559999942779541,8100
2024-02-07,3.4700000286102295,3.5799999237060547,3.4700000286102295,3.5299999713897705,27000
2024-02-08,3.4700000286102295,3.5299999713897705,3.4700000286102295,3.4700000286102295,17000
2024-02-09,3.490000009536743,3.5199999809265137,3.450000047683716,3.509999990463257,22300
2024-02-12,3.450000047683716,3.5199999809265137,3.450000047683716,3.5,10500
2024-02-13,3.200000047683716,3.509999990463257,3.200000047683716,3.450000047683716,23400
2024-02-14,3.319999933242798,3.359999895095825,3.2699999809265137,3.3499999046325684,16800
2024-02-15,3.430000066757202,3.4800000190734863,3.299999952316284,3.299999952316284,10900
2024-02-16,3.440000057220459,3.5,3.430000066757202,3.430000066757202,6600
2024-02-20,3.4200000762939453,3.5,3.369999885559082,3.5,27400
2024-02-21,3.4000000953674316,3.5,3.4000000953674316,3.5,7000
2024-02-22,3.3299999237060547,3.4800000190734863,3.3299999237060547,3.4600000381469727,13100
2024-02-23,3.380000114440918,3.490000009536743,3.3299999237060547,3.359999895095825,14400
2024-02-26,3.390000104904175,3.4200000762939453,3.309999942779541,3.380000114440918,17500
2024-02-27,3.380000114440918,3.4800000190734863,3.2899999618530273,3.4800000190734863,23000
2024-02-28,3.380000114440918,3.450000047683716,3.3299999237060547,3.450000047683716,8800
2024-02-29,3.4200000762939453,3.450000047683716,3.380000114440918,3.380000114440918,7900
2024-03-01,3.5399999618530273,3.6500000953674316,3.2899999618530273,3.450000047683716,61600
2024-03-04,3.5899999141693115,3.700000047683716,3.4700000286102295,3.4800000190734863,46200
2024-03-05,3.5999999046325684,3.6500000953674316,3.5399999618530273,3.5899999141693115,24200
2024-03-06,3.6500000953674316,3.799999952316284,3.5799999237060547,3.5799999237060547,32100
2024-03-07,3.5,3.7300000190734863,3.440000057220459,3.700000047683716,61200
2024-03-08,3.700000047683716,3.7899999618530273,3.5999999046325684,3.7899999618530273,50200
2024-03-11,3.890000104904175,3.9800000190734863,3.7699999809265137,3.8499999046325684,133800
2024-03-12,3.7699999809265137,3.890000104904175,3.7200000286102295,3.890000104904175,31700
2024-03-13,3.8499999046325684,3.9000000953674316,3.7200000286102295,3.7200000286102295,39700
2024-03-14,3.680000066757202,3.990000009536743,3.619999885559082,3.890000104904175,33500
2024-03-15,3.559999942779541,3.7300000190734863,3.4700000286102295,3.6600000858306885,29800
2024-03-18,3.5,3.7200000286102295,3.4800000190734863,3.5199999809265137,36700
2024-03-19,3.450000047683716,3.690000057220459,3.450000047683716,3.5,38300
2024-03-20,3.559999942779541,3.630000114440918,3.4000000953674316,3.5299999713897705,22700
2024-03-21,3.4600000381469727,3.6600000858306885,3.4600000381469727,3.609999895095825,37000
2024-03-22,3.6700000762939453,3.680000066757202,3.490000009536743,3.5,60700
2024-03-25,3.630000114440918,3.9100000858306885,3.630000114440918,3.7300000190734863,77600
2024-03-26,3.559999942779541,3.7899999618530273,3.490000009536743,3.7100000381469727,60400
2024-03-27,3.609999895095825,3.7100000381469727,3.5299999713897705,3.5299999713897705,49600
2024-03-28,3.6700000762939453,3.75,3.5999999046325684,3.609999895095825,62200
2024-04-01,3.930000066757202,4.070000171661377,3.7699999809265137,3.940000057220459,130600
2024-04-02,3.990000009536743,4.239999771118164,3.8499999046325684,4.050000190734863,177100
2024-04-03,4.21999979019165,4.21999979019165,3.9600000381469727,4.090000152587891,95100
2024-04-04,4.090000152587891,4.309999942779541,4.019999980926514,4.239999771118164,99500
2024-04-05,4.090000152587891,4.190000057220459,3.9800000190734863,4.010000228881836,94800
2024-04-08,4.309999942779541,4.329999923706055,4.099999904632568,4.099999904632568,104500
2024-04-09,4.71999979019165,4.739999771118164,4.329999923706055,4.369999885559082,143600
2024-04-10,4.610000133514404,4.699999809265137,4.21999979019165,4.699999809265137,111900
2024-04-11,4.639999866485596,4.769999980926514,4.510000228881836,4.519999980926514,65800
2024-04-12,4.429999828338623,5.0,4.260000228881836,4.75,178400
2024-04-15,3.940000057220459,4.269999980926514,3.819999933242798,4.110000133514404,176300
2024-04-16,3.9000000953674316,3.950000047683716,3.799999952316284,3.950000047683716,61500
2024-04-17,3.940000057220459,4.090000152587891,3.809999942779541,3.9200000762939453,49900
2024-04-18,4.079999923706055,4.170000076293945,3.9200000762939453,4.079999923706055,59500
2024-04-19,4.369999885559082,4.420000076293945,4.039999961853027,4.099999904632568,164200
2024-04-22,4.090000152587891,4.380000114440918,4.0,4.28000020980835,116400
2024-04-23,4.130000114440918,4.199999809265137,4.0,4.03000020980835,51100
2024-04-24,4.050000190734863,4.150000095367432,3.950000047683716,4.110000133514404,35600
2024-04-25,4.099999904632568,4.190000057220459,3.950000047683716,4.099999904632568,61700
2024-04-26,4.420000076293945,4.480000019073486,4.150000095367432,4.150000095367432,83600
2024-04-29,4.300000190734863,4.449999809265137,4.230000019073486,4.449999809265137,47800
2024-04-30,4.179999828338623,4.25,4.03000020980835,4.21999979019165,42100
2024-05-01,4.340000152587891,4.420000076293945,4.130000114440918,4.21999979019165,46600
2024-05-02,4.409999847412109,4.489999771118164,4.239999771118164,4.349999904632568,78000
2024-05-03,4.349999904632568,4.449999809265137,4.28000020980835,4.440000057220459,22500
2024-05-06,4.400000095367432,4.480000019073486,4.349999904632568,4.429999828338623,41700
2024-05-07,4.349999904632568,4.449999809265137,4.300000190734863,4.400000095367432,22900
2024-05-08,4.599999904632568,5.050000190734863,4.46999979019165,4.570000171661377,368900
2024-05-09,4.489999771118164,4.900000095367432,4.409999847412109,4.889999866485596,195900
2024-05-10,4.25,4.590000152587891,4.210000038146973,4.5,119000
2024-05-13,4.599999904632568,4.78000020980835,4.349999904632568,4.400000095367432,238400
2024-05-14,5.070000171661377,5.079999923706055,4.590000152587891,4.590000152587891,262600
2024-05-15,5.309999942779541,5.480000019073486,4.900000095367432,5.090000152587891,236000
2024-05-16,5.360000133514404,5.710000038146973,5.309999942779541,5.380000114440918,134000
2024-05-17,5.949999809265137,6.0,5.380000114440918,5.400000095367432,212800
2024-05-20,6.110000133514404,7.059999942779541,6.03000020980835,6.130000114440918,565000
2024-05-21,6.400000095367432,6.630000114440918,6.119999885559082,6.130000114440918,235600
2024-05-22,5.829999923706055,6.46999979019165,5.610000133514404,6.440000057220459,309200
2024-05-23,5.409999847412109,5.75,5.340000152587891,5.71999979019165,177700
2024-05-24,5.940000057220459,5.989999771118164,5.460000038146973,5.460000038146973,198200
2024-05-28,5.909999847412109,6.400000095367432,5.840000152587891,6.0,208200
2024-05-29,5.679999828338623,5.909999847412109,5.570000171661377,5.909999847412109,129200
2024-05-30,5.800000190734863,5.880000114440918,5.590000152587891,5.800000190734863,103100
2024-05-31,5.829999923706055,5.900000095367432,5.559999942779541,5.800000190734863,106300
2024-06-03,5.75,5.829999923706055,5.5,5.829999923706055,115300
2024-06-04,5.5,5.800000190734863,5.420000076293945,5.760000228881836,108700
2024-06-05,5.570000171661377,5.630000114440918,5.420000076293945,5.510000228881836,63500
2024-06-06,5.849999904632568,5.989999771118164,5.610000133514404,5.650000095367432,154400
2024-06-07,5.559999942779541,5.659999847412109,5.349999904632568,5.659999847412109,170100
2024-06-10,5.659999847412109,5.739999771118164,5.489999771118164,5.559999942779541,94700
2024-06-11,5.440000057220459,5.619999885559082,5.329999923706055,5.599999904632568,97400
2024-06-12,5.289999961853027,5.579999923706055,5.25,5.579999923706055,83200
2024-06-13,5.289999961853027,5.630000114440918,5.159999847412109,5.289999961853027,127600
2024-06-14,5.639999866485596,5.639999866485596,5.300000190734863,5.300000190734863,172800
2024-06-17,5.889999866485596,6.099999904632568,5.710000038146973,5.710000038146973,347600
2024-06-18,5.96999979019165,6.079999923706055,5.800000190734863,5.949999809265137,105500
2024-06-20,5.860000133514404,6.090000152587891,5.71999979019165,6.070000171661377,201500
2024-06-21,5.630000114440918,5.909999847412109,5.53000020980835,5.860000133514404,215800
2024-06-24,5.630000114440918,5.800000190734863,5.550000190734863,5.650000095367432,88200
2024-06-25,5.199999809265137,5.699999809265137,5.179999828338623,5.570000171661377,96400
2024-06-26,5.099999904632568,5.25,5.019999980926514,5.150000095367432,77300
2024-06-27,5.070000171661377,5.150000095367432,5.010000228881836,5.139999866485596,61700
2024-06-28,5.170000076293945,5.179999828338623,5.019999980926514,5.079999923706055,70300
2024-07-01,5.210000038146973,5.239999771118164,5.070000171661377,5.210000038146973,30200
2024-07-02,5.260000228881836,5.309999942779541,5.159999847412109,5.170000076293945,30500
2024-07-03,5.5,5.769999980926514,5.400000095367432,5.449999809265137,100100
2024-07-05,5.800000190734863,5.840000152587891,5.599999904632568,5.699999809265137,116100
2024-07-08,5.679999828338623,5.880000114440918,5.539999961853027,5.75,108900
2024-07-09,5.710000038146973,5.71999979019165,5.579999923706055,5.650000095367432,33100
2024-07-10,5.849999904632568,5.989999771118164,5.71999979019165,5.71999979019165,90400
2024-07-11,6.369999885559082,6.46999979019165,5.909999847412109,6.0,278000
2024-07-12,6.460000038146973,6.610000133514404,6.159999847412109,6.340000152587891,191200
2024-07-15,6.28000020980835,6.550000190734863,6.190000057220459,6.46999979019165,86800
2024-07-16,6.730000019073486,6.739999771118164,6.210000038146973,6.369999885559082,158300
2024-07-17,6.429999828338623,6.699999809265137,6.349999904632568,6.699999809265137,141500
2024-07-18,6.019999980926514,6.539999961853027,6.0,6.380000114440918,114000
2024-07-19,5.929999828338623,5.96999979019165,5.800000190734863,5.949999809265137,60900
2024-07-22,6.0,6.010000228881836,5.71999979019165,5.889999866485596,69200
2024-07-23,5.900000095367432,6.0,5.789999961853027,5.96999979019165,41500
2024-07-24,5.860000133514404,6.130000114440918,5.820000171661377,5.900000095367432,65600
2024-07-25,5.550000190734863,5.840000152587891,5.400000095367432,5.800000190734863,90100
2024-07-26,5.840000152587891,5.96999979019165,5.510000228881836,5.610000133514404,60600
2024-07-29,5.670000076293945,5.909999847412109,5.639999866485596,5.909999847412109,42500
2024-07-30,5.539999961853027,5.730000019073486,5.420000076293945,5.730000019073486,61800
2024-07-31,5.840000152587891,5.949999809265137,5.630000114440918,5.630000114440918,57600
2024-08-01,5.559999942779541,5.889999866485596,5.320000171661377,5.820000171661377,80800
2024-08-02,5.349999904632568,5.699999809265137,5.210000038146973,5.570000171661377,82300
2024-08-05,5.079999923706055,5.170000076293945,4.710000038146973,4.949999809265137,102400
2024-08-06,5.21999979019165,5.329999923706055,5.010000228881836,5.010000228881836,57200
2024-08-07,4.989999771118164,5.349999904632568,4.929999828338623,5.28000020980835,92600
2024-08-08,5.150000095367432,5.179999828338623,5.050000190734863,5.150000095367432,47200
2024-08-09,5.159999847412109,5.210000038146973,5.059999942779541,5.210000038146973,48200
2024-08-12,5.079999923706055,5.21999979019165,4.980000019073486,5.150000095367432,89900
2024-08-13,5.25,5.300000190734863,5.070000171661377,5.110000133514404,71400
2024-08-14,5.119999885559082,5.25,5.0,5.199999809265137,49700
2024-08-15,5.070000171661377,5.150000095367432,4.860000133514404,5.110000133514404,55500
2024-08-16,5.170000076293945,5.360000133514404,5.099999904632568,5.150000095367432,86800
2024-08-19,5.550000190734863,5.559999942779541,5.199999809265137,5.199999809265137,70900
2024-08-20,5.440000057220459,5.679999828338623,5.300000190734863,5.630000114440918,68100
2024-08-21,5.53000020980835,5.579999923706055,5.369999885559082,5.5,29600
2024-08-22,5.510000228881836,5.539999961853027,5.440000057220459,5.46999979019165,28200
2024-08-23,5.639999866485596,5.75,5.460000038146973,5.5,64600
2024-08-26,5.610000133514404,5.769999980926514,5.570000171661377,5.710000038146973,53700
2024-08-27,5.570000171661377,5.599999904632568,5.429999828338623,5.5,62300
2024-08-28,5.409999847412109,5.579999923706055,5.289999961853027,5.5,43500
2024-08-29,5.519999980926514,5.579999923706055,5.360000133514404,5.400000095367432,29700
2024-08-30,5.539999961853027,5.610000133514404,5.309999942779541,5.519999980926514,45000
2024-09-03,5.329999923706055,5.579999923706055,5.179999828338623,5.480000019073486,70800
2024-09-04,5.340000152587891,5.46999979019165,5.28000020980835,5.320000171661377,23000
2024-09-05,5.25,5.460000038146973,5.25,5.400000095367432,63900
2024-09-06,5.230000019073486,5.349999904632568,5.059999942779541,5.260000228881836,43500
2024-09-09,5.139999866485596,5.329999923706055,5.090000152587891,5.159999847412109,58300
2024-09-10,5.25,5.300000190734863,5.039999961853027,5.090000152587891,39900
2024-09-11,5.28000020980835,5.360000133514404,5.110000133514404,5.360000133514404,50200
2024-09-12,5.860000133514404,5.949999809265137,5.28000020980835,5.28000020980835,215300
2024-09-13,5.840000152587891,6.099999904632568,5.75,5.900000095367432,139100
2024-09-16,5.889999866485596,5.949999809265137,5.650000095367432,5.860000133514404,93300
2024-09-17,5.75,5.960000038146973,5.699999809265137,5.949999809265137,53700
2024-09-18,5.409999847412109,5.800000190734863,5.409999847412109,5.769999980926514,112000
2024-09-19,5.610000133514404,5.679999828338623,5.53000020980835,5.650000095367432,55800
2024-09-20,5.949999809265137,6.059999942779541,5.670000076293945,5.690000057220459,215700
2024-09-23,5.880000114440918,6.090000152587891,5.769999980926514,6.059999942779541,106900
2024-09-24,5.880000114440918,5.980000019073486,5.820000171661377,5.900000095367432,93100
2024-09-25,5.699999809265137,6.0,5.619999885559082,5.900000095367432,119700
2024-09-26,5.679999828338623,5.800000190734863,5.539999961853027,5.639999866485596,97600
2024-09-27,5.590000152587891,5.789999961853027,5.539999961853027,5.769999980926514,55400
2024-09-30,5.809999942779541,5.820000171661377,5.599999904632568,5.75,92700
2024-10-01,5.710000038146973,5.889999866485596,5.670000076293945,5.869999885559082,69300
2024-10-02,5.739999771118164,5.78000020980835,5.650000095367432,5.650000095367432,34900
2024-10-03,5.650000095367432,5.71999979019165,5.579999923706055,5.699999809265137,39200
2024-10-04,5.71999979019165,5.800000190734863,5.670000076293945,5.699999809265137,57100
2024-10-07,5.690000057220459,5.929999828338623,5.630000114440918,5.75,120600
2024-10-08,5.570000171661377,5.75,5.440000057220459,5.75,65300
2024-10-09,5.579999923706055,5.590000152587891,5.449999809265137,5.570000171661377,36500
2024-10-10,5.789999961853027,5.800000190734863,5.5,5.619999885559082,61600
2024-10-11,5.920000076293945,6.099999904632568,5.849999904632568,5.880000114440918,146100
2024-10-14,5.900000095367432,5.949999809265137,5.829999923706055,5.909999847412109,71400
2024-10-15,5.909999847412109,5.940000057220459,5.760000228881836,5.909999847412109,49300
2024-10-16,5.949999809265137,6.050000190734863,5.900000095367432,6.0,48900
2024-10-17,6.0,6.050000190734863,5.929999828338623,6.0,44500
2024-10-18,6.489999771118164,6.579999923706055,6.019999980926514,6.050000190734863,286000
2024-10-21,6.400000095367432,6.75,6.21999979019165,6.550000190734863,248200
2024-10-22,6.409999847412109,6.460000038146973,6.300000190734863,6.400000095367432,82700
2024-10-23,6.179999828338623,6.360000133514404,5.96999979019165,6.360000133514404,119800
2024-10-24,6.190000057220459,6.210000038146973,6.010000228881836,6.179999828338623,114400
2024-10-25,6.010000228881836,6.150000095367432,6.010000228881836,6.079999923706055,49000
2024-10-28,6.079999923706055,6.159999847412109,6.0,6.0,71300
2024-10-29,6.389999866485596,6.449999809265137,6.150000095367432,6.150000095367432,83000
2024-10-30,6.320000171661377,6.420000076293945,6.289999961853027,6.409999847412109,62000
2024-10-31,6.150000095367432,6.300000190734863,6.0,6.289999961853027,83600
2024-11-01,6.119999885559082,6.269999980926514,6.039999961853027,6.199999809265137,83100
2024-11-04,6.25,6.269999980926514,6.050000190734863,6.190000057220459,55200
2024-11-05,6.269999980926514,6.380000114440918,6.179999828338623,6.349999904632568,92500
2024-11-06,6.110000133514404,6.110000133514404,5.849999904632568,6.070000171661377,172800
2024-11-07,6.420000076293945,6.5,6.190000057220459,6.230000019073486,111900
2024-11-08,6.269999980926514,6.46999979019165,6.099999904632568,6.460000038146973,144500
2024-11-11,5.769999980926514,6.119999885559082,5.590000152587891,6.079999923706055,217800
2024-11-12,5.940000057220459,5.940000057220459,5.71999979019165,5.760000228881836,120100
2024-11-13,5.940000057220459,6.170000076293945,5.860000133514404,6.010000228881836,104200
2024-11-14,6.239999771118164,6.300000190734863,5.989999771118164,6.010000228881836,172400
2024-11-15,7.070000171661377,7.130000114440918,6.269999980926514,6.340000152587891,426200
2024-11-18,7.789999961853027,8.210000038146973,7.239999771118164,7.239999771118164,503300
2024-11-19,8.25,8.5,7.710000038146973,7.849999904632568,387600
2024-11-20,7.829999923706055,8.300000190734863,7.550000190734863,8.300000190734863,257400
2024-11-21,7.880000114440918,8.149999618530273,7.789999961853027,7.849999904632568,190900
2024-11-22,8.010000228881836,8.140000343322754,7.800000190734863,8.0,183400
2024-11-25,7.650000095367432,7.949999809265137,7.360000133514404,7.949999809265137,257200
2024-11-26,8.34000015258789,8.59000015258789,7.46999979019165,7.639999866485596,309000
2024-11-27,8.220000267028809,8.619999885559082,8.180000305175781,8.399999618530273,119800
2024-11-29,7.699999809265137,7.760000228881836,7.25,7.699999809265137,357800
2024-12-02,7.940000057220459,8.220000267028809,7.710000038146973,7.739999771118164,219500
2024-12-03,7.980000019073486,8.100000381469727,7.840000152587891,8.0,124000
2024-12-04,8.0,8.119999885559082,7.909999847412109,8.020000457763672,84700
2024-12-05,7.539999961853027,8.069999694824219,7.510000228881836,7.980000019073486,308500
2024-12-06,7.329999923706055,7.829999923706055,7.260000228881836,7.639999866485596,283800
2024-12-09,7.369999885559082,7.559999942779541,7.25,7.53000020980835,124400
2024-12-10,7.139999866485596,7.630000114440918,7.050000190734863,7.380000114440918,177600
2024-12-11,7.010000228881836,7.269999980926514,6.949999809265137,7.119999885559082,196100
2024-12-12,7.320000171661377,7.480000019073486,7.050000190734863,7.050000190734863,122000
2024-12-13,6.96999979019165,7.409999847412109,6.940000057220459,7.329999923706055,78200
2024-12-16,6.75,6.960000038146973,6.639999866485596,6.960000038146973,139100
2024-12-17,6.699999809265137,6.880000114440918,6.510000228881836,6.75,147000
2024-12-18,6.409999847412109,6.900000095367432,6.349999904632568,6.829999923706055,240900
2024-12-19,6.380000114440918,6.710000038146973,6.25,6.5,80800
2024-12-20,6.5,6.71999979019165,6.289999961853027,6.380000114440918,101400
2024-12-23,6.429999828338623,6.539999961853027,6.369999885559082,6.510000228881836,63700
2024-12-24,6.369999885559082,6.420000076293945,6.300000190734863,6.400000095367432,22600
