Date,Adj Close,Close,High,Low,Open,Volume
2004-03-26,3.784545421600342,20.010000228881836,20.010000228881836,20.0,20.0,384300
2004-03-29,3.784545421600342,20.010000228881836,20.010000228881836,20.0,20.010000228881836,201600
2004-03-30,3.782654047012329,20.0,20.010000228881836,20.0,20.010000228881836,63800
2004-03-31,3.784545421600342,20.010000228881836,20.010000228881836,20.0,20.0,82700
2004-04-01,3.784545421600342,20.010000228881836,20.030000686645508,20.0,20.010000228881836,42500
2004-04-02,3.784545421600342,20.010000228881836,20.049999237060547,20.0,20.020000457763672,27900
2004-04-05,3.788325548171997,20.030000686645508,20.079999923706055,20.0,20.0,42900
2004-04-06,3.784545421600342,20.010000228881836,20.049999237060547,20.0,20.020000457763672,49800
2004-04-07,3.792109489440918,20.049999237060547,20.049999237060547,20.0,20.010000228881836,52200
2004-04-08,3.786433219909668,20.020000457763672,20.049999237060547,20.0,20.020000457763672,48500
2004-04-12,3.782654047012329,20.0,20.010000228881836,20.0,20.010000228881836,88500
2004-04-13,3.782654047012329,20.0,20.020000457763672,20.0,20.020000457763672,166800
2004-04-14,3.782654047012329,20.0,20.010000228881836,20.0,20.0,206700
2004-04-15,3.784545421600342,20.010000228881836,20.010000228881836,20.0,20.0,46900
2004-04-16,3.782654047012329,20.0,20.010000228881836,20.0,20.010000228881836,61100
2004-04-19,3.782654047012329,20.0,20.010000228881836,20.0,20.0,97500
2004-04-20,3.782654047012329,20.0,20.010000228881836,20.0,20.0,134300
2004-04-21,3.782654047012329,20.0,20.010000228881836,20.0,20.0,322600
2004-04-22,3.782654047012329,20.0,20.010000228881836,20.0,20.0,109600
2004-04-23,3.782654047012329,20.0,20.010000228881836,20.0,20.0,223600
2004-04-26,3.782654047012329,20.0,20.010000228881836,20.0,20.0,368800
2004-04-27,3.782654047012329,20.0,20.010000228881836,20.0,20.0,1071600
2004-04-28,3.782654047012329,20.0,20.010000228881836,20.0,20.0,517900
2004-04-29,3.782654047012329,20.0,20.010000228881836,20.0,20.0,543200
2004-04-30,3.782654047012329,20.0,20.010000228881836,20.0,20.0,463800
2004-05-03,3.7542824745178223,19.850000381469727,20.0,19.850000381469727,20.0,1023300
2004-05-04,3.7259113788604736,19.700000762939453,19.860000610351562,19.700000762939453,19.850000381469727,524800
2004-05-05,3.51786732673645,18.600000381469727,19.600000381469727,18.549999237060547,19.600000381469727,165600
2004-05-06,3.4327542781829834,18.149999618530273,18.649999618530273,18.110000610351562,18.5,99000
2004-05-07,3.243623971939087,17.149999618530273,17.950000762939453,16.649999618530273,17.649999618530273,176900
2004-05-10,3.101773738861084,16.399999618530273,17.149999618530273,15.5,16.5,723600
2004-05-11,3.192556381225586,16.8799991607666,16.8799991607666,16.299999237060547,16.299999237060547,101800
2004-05-12,3.109869956970215,16.360000610351562,17.0,16.010000228881836,16.709999084472656,141000
2004-05-13,3.1554925441741943,16.600000381469727,16.8700008392334,16.299999237060547,16.350000381469727,84000
2004-05-14,3.2315261363983154,17.0,17.200000762939453,16.299999237060547,16.700000762939453,84100
2004-05-17,3.2505366802215576,17.100000381469727,17.100000381469727,16.5,16.940000534057617,73400
2004-05-18,3.311366319656372,17.420000076293945,17.600000381469727,16.950000762939453,16.950000762939453,60900
2004-05-19,3.2695438861846924,17.200000762939453,17.790000915527344,16.989999771118164,17.3700008392334,86100
2004-05-20,3.1725997924804688,16.690000534057617,17.440000534057617,16.25,17.200000762939453,127300
2004-05-21,3.193506956100464,16.799999237060547,17.100000381469727,16.579999923706055,16.68000030517578,89500
2004-05-24,3.2011122703552246,16.84000015258789,16.950000762939453,16.5,16.700000762939453,99800
2004-05-25,3.193506956100464,16.799999237060547,16.979999542236328,16.5,16.950000762939453,114000
2004-05-26,3.2277259826660156,16.979999542236328,16.979999542236328,16.670000076293945,16.75,143400
2004-05-27,3.305662155151367,17.389999389648438,17.399999618530273,16.799999237060547,17.0,107300
2004-05-28,3.326572895050049,17.5,17.860000610351562,17.149999618530273,17.489999771118164,79500
2004-06-01,3.3855018615722656,17.809999465942383,17.93000030517578,17.299999237060547,17.459999084472656,86000
2004-06-02,3.4178144931793213,17.979999542236328,17.989999771118164,17.649999618530273,17.90999984741211,69800
2004-06-03,3.395005702972412,17.860000610351562,17.979999542236328,17.5,17.899999618530273,69800
2004-06-04,3.408313512802124,17.93000030517578,18.100000381469727,17.799999237060547,17.799999237060547,47000
2004-06-07,3.364591121673584,17.700000762939453,18.0,17.600000381469727,17.81999969482422,53500
2004-06-08,3.339881420135498,17.56999969482422,18.049999237060547,17.399999618530273,17.950000762939453,58100
2004-06-09,3.2676448822021484,17.190000534057617,17.850000381469727,17.100000381469727,17.799999237060547,62800
2004-06-10,3.2866523265838623,17.290000915527344,17.360000610351562,17.079999923706055,17.260000228881836,63600
2004-06-14,3.2188401222229004,16.850000381469727,17.450000762939453,16.600000381469727,17.25,105700
2004-06-15,3.190183401107788,16.700000762939453,16.950000762939453,16.459999084472656,16.549999237060547,149000
2004-06-16,3.142425537109375,16.450000762939453,16.799999237060547,16.34000015258789,16.600000381469727,147000
2004-06-17,3.148158073425293,16.479999542236328,16.639999389648438,16.299999237060547,16.399999618530273,96300
2004-06-18,3.1615281105041504,16.549999237060547,16.59000015258789,16.34000015258789,16.34000015258789,76100
2004-06-21,3.1615281105041504,16.549999237060547,16.829999923706055,16.420000076293945,16.420000076293945,95800
2004-06-22,3.094669818878174,16.200000762939453,16.850000381469727,16.15999984741211,16.5,198500
2004-06-23,3.132873773574829,16.399999618530273,16.530000686645508,16.1299991607666,16.31999969482422,123100
2004-06-24,3.1309618949890137,16.389999389648438,16.670000076293945,16.209999084472656,16.5,111000
2004-06-25,3.123323440551758,16.350000381469727,16.5,16.219999313354492,16.399999618530273,113600
2004-06-28,3.094669818878174,16.200000762939453,16.3700008392334,16.15999984741211,16.299999237060547,124900
2004-06-29,3.09848952293396,16.219999313354492,16.350000381469727,16.010000228881836,16.010000228881836,123300
2004-06-30,3.138606548309326,16.43000030517578,16.459999084472656,16.219999313354492,16.389999389648438,132500
2004-07-01,3.1787209510803223,16.639999389648438,16.729999542236328,16.280000686645508,16.280000686645508,153100
2004-07-02,3.2226572036743164,16.8700008392334,16.8700008392334,16.549999237060547,16.68000030517578,68400
2004-07-06,3.2665963172912598,17.100000381469727,17.1200008392334,16.719999313354492,16.799999237060547,88500
2004-07-07,3.2761473655700684,17.149999618530273,17.299999237060547,16.969999313354492,17.299999237060547,88500
2004-07-08,3.257042646408081,17.049999237060547,17.25,16.84000015258789,17.149999618530273,115800
2004-07-09,3.213107109069824,16.81999969482422,17.200000762939453,16.649999618530273,16.899999618530273,84800
2004-07-12,3.2111990451812744,16.809999465942383,16.959999084472656,16.729999542236328,16.829999923706055,84000
2004-07-13,3.2198357582092285,16.770000457763672,16.799999237060547,16.649999618530273,16.700000762939453,91000
2004-07-14,3.225595474243164,16.799999237060547,17.049999237060547,16.65999984741211,16.690000534057617,104900
2004-07-15,3.2063963413238525,16.700000762939453,16.899999618530273,16.649999618530273,16.75,106800
2004-07-16,3.2447967529296875,16.899999618530273,16.989999771118164,16.700000762939453,16.780000686645508,77300
2004-07-19,3.2313549518585205,16.829999923706055,16.950000762939453,16.649999618530273,16.950000762939453,104300
2004-07-20,3.235197067260742,16.850000381469727,16.989999771118164,16.68000030517578,16.68000030517578,147500
2004-07-21,3.210236072540283,16.719999313354492,16.979999542236328,16.670000076293945,16.979999542236328,126200
2004-07-22,3.1967968940734863,16.649999618530273,16.690000534057617,16.450000762939453,16.649999618530273,172800
2004-07-23,3.169917345046997,16.510000228881836,16.639999389648438,16.3799991607666,16.600000381469727,124700
2004-07-26,3.1641578674316406,16.479999542236328,16.5,16.170000076293945,16.450000762939453,122700
2004-07-27,3.129596471786499,16.299999237060547,16.420000076293945,16.1200008392334,16.25,191900
2004-07-28,3.1679975986480713,16.5,16.5,16.290000915527344,16.350000381469727,59700
2004-07-29,3.1775949001312256,16.549999237060547,16.579999923706055,16.399999618530273,16.5,78200
2004-07-30,3.2467169761657715,16.90999984741211,16.950000762939453,16.559999465942383,16.670000076293945,61800
2004-08-02,3.2908763885498047,17.139999389648438,17.489999771118164,16.719999313354492,16.75,164100
2004-08-03,3.323516368865967,17.309999465942383,17.360000610351562,17.020000457763672,17.25,125400
2004-08-04,3.344635486602783,17.420000076293945,17.420000076293945,17.030000686645508,17.25,105200
2004-08-05,3.3119966983795166,17.25,17.3799991607666,17.1200008392334,17.290000915527344,115900
2004-08-06,3.3081555366516113,17.229999542236328,17.229999542236328,17.0,17.049999237060547,101600
2004-08-09,3.3081555366516113,17.229999542236328,17.34000015258789,17.049999237060547,17.260000228881836,99000
2004-08-10,3.310077667236328,17.239999771118164,17.399999618530273,17.149999618530273,17.239999771118164,82600
2004-08-11,3.3766467571258545,17.5,17.5,17.06999969482422,17.200000762939453,93200
2004-08-12,3.326477289199829,17.239999771118164,17.420000076293945,17.110000610351562,17.25,111800
2004-08-13,3.355419158935547,17.389999389648438,17.479999542236328,17.18000030517578,17.299999237060547,78400
2004-08-16,3.44803786277771,17.8700008392334,17.889999389648438,17.399999618530273,17.399999618530273,98800
2004-08-17,3.3766467571258545,17.5,17.959999084472656,17.40999984741211,17.6200008392334,137600
2004-08-18,3.4036591053009033,17.639999389648438,17.729999542236328,17.420000076293945,17.479999542236328,132000
2004-08-19,3.3708555698394775,17.469999313354492,17.6200008392334,17.399999618530273,17.510000228881836,102700
2004-08-20,3.3727855682373047,17.479999542236328,17.6299991607666,17.40999984741211,17.40999984741211,158800
2004-08-23,3.3959403038024902,17.600000381469727,17.610000610351562,17.350000381469727,17.40999984741211,137600
2004-08-24,3.411375045776367,17.68000030517578,17.709999084472656,17.43000030517578,17.479999542236328,159500
2004-08-25,3.44803786277771,17.8700008392334,17.979999542236328,17.559999465942383,17.899999618530273,139500
2004-08-26,3.471189022064209,17.989999771118164,18.0,17.809999465942383,17.809999465942383,128400
2004-08-27,3.4576849937438965,17.920000076293945,18.0,17.829999923706055,17.989999771118164,123500
2004-08-30,3.4634735584259033,17.950000762939453,18.100000381469727,17.8700008392334,17.940000534057617,111700
2004-08-31,3.5348658561706543,18.31999969482422,18.31999969482422,18.020000457763672,18.020000457763672,116000
2004-09-01,3.6236202716827393,18.780000686645508,18.899999618530273,18.440000534057617,18.479999542236328,152200
2004-09-02,3.642915725708008,18.8799991607666,19.0,18.600000381469727,18.760000228881836,123800
2004-09-03,3.588888645172119,18.600000381469727,18.829999923706055,18.350000381469727,18.829999923706055,98900
2004-09-07,3.650635004043579,18.920000076293945,19.139999389648438,18.549999237060547,18.600000381469727,121000
2004-09-08,3.5985374450683594,18.649999618530273,19.049999237060547,18.610000610351562,18.84000015258789,110300
2004-09-09,3.577314615249634,18.540000915527344,18.649999618530273,18.170000076293945,18.649999618530273,117200
2004-09-10,3.5869619846343994,18.59000015258789,18.790000915527344,18.399999618530273,18.790000915527344,95700
2004-09-13,3.58211612701416,18.479999542236328,18.600000381469727,18.350000381469727,18.59000015258789,89200
2004-09-14,3.520087957382202,18.15999984741211,18.600000381469727,18.149999618530273,18.56999969482422,104600
2004-09-15,3.504579544067383,18.079999923706055,18.15999984741211,18.0,18.09000015258789,99400
2004-09-16,3.5394721031188965,18.260000228881836,18.329999923706055,17.8799991607666,17.8799991607666,108500
2004-09-17,3.603437900543213,18.59000015258789,18.59000015258789,18.270000457763672,18.3700008392334,102100
2004-09-20,3.529778480529785,18.209999084472656,18.700000762939453,18.200000762939453,18.59000015258789,99700
2004-09-21,3.554976463317871,18.34000015258789,18.479999542236328,18.149999618530273,18.399999618530273,120700
2004-09-22,3.6053760051727295,18.600000381469727,18.610000610351562,18.149999618530273,18.270000457763672,98700
2004-09-23,3.5472233295440674,18.299999237060547,18.649999618530273,18.170000076293945,18.649999618530273,87200
2004-09-24,3.5278420448303223,18.200000762939453,18.43000030517578,18.100000381469727,18.170000076293945,94200
2004-09-27,3.5007035732269287,18.059999465942383,18.229999542236328,18.030000686645508,18.15999984741211,84700
2004-09-28,3.5065183639526367,18.09000015258789,18.209999084472656,18.010000228881836,18.030000686645508,87900
2004-09-29,3.508455991744995,18.100000381469727,18.139999389648438,17.889999389648438,18.030000686645508,94000
2004-09-30,3.549163579940796,18.309999465942383,18.3799991607666,18.110000610351562,18.260000228881836,65300
2004-10-01,3.589869976043701,18.520000457763672,18.700000762939453,18.280000686645508,18.34000015258789,102300
2004-10-04,3.5879318714141846,18.510000228881836,18.520000457763672,18.350000381469727,18.3799991607666,63700
2004-10-05,3.5724260807037354,18.43000030517578,18.5,18.40999984741211,18.440000534057617,68400
2004-10-06,3.5859930515289307,18.5,18.530000686645508,18.360000610351562,18.360000610351562,96200
2004-10-07,3.5956835746765137,18.549999237060547,18.709999084472656,18.420000076293945,18.709999084472656,102900
2004-10-08,3.603437900543213,18.59000015258789,18.639999389648438,18.450000762939453,18.5,111600
2004-10-11,3.603437900543213,18.59000015258789,18.670000076293945,18.479999542236328,18.670000076293945,74000
2004-10-12,3.6208839416503906,18.68000030517578,18.68000030517578,18.420000076293945,18.5,112700
2004-10-13,3.6140666007995605,18.559999465942383,18.75,18.540000915527344,18.649999618530273,84700
2004-10-14,3.5712273120880127,18.34000015258789,18.709999084472656,18.34000015258789,18.6200008392334,112400
2004-10-15,3.6023857593536377,18.5,18.56999969482422,18.34000015258789,18.34000015258789,108400
2004-10-18,3.621856689453125,18.600000381469727,18.600000381469727,18.469999313354492,18.56999969482422,116100
2004-10-19,3.6549606323242188,18.770000457763672,18.770000457763672,18.520000457763672,18.579999923706055,131200
2004-10-20,3.582911491394043,18.399999618530273,18.75,18.31999969482422,18.56999969482422,166500
2004-10-21,3.641329765319824,18.700000762939453,18.729999542236328,18.479999542236328,18.549999237060547,140800
2004-10-22,3.6510660648345947,18.75,18.959999084472656,18.649999618530273,18.760000228881836,104700
2004-10-25,3.588754177093506,18.43000030517578,18.700000762939453,18.389999389648438,18.690000534057617,144000
2004-10-26,3.641329765319824,18.700000762939453,18.700000762939453,18.31999969482422,18.43000030517578,166000
2004-10-27,3.6121199131011963,18.549999237060547,18.829999923706055,18.469999313354492,18.549999237060547,98600
2004-10-28,3.6082262992858887,18.530000686645508,18.600000381469727,18.43000030517578,18.510000228881836,117300
2004-10-29,3.6569058895111084,18.780000686645508,18.780000686645508,18.56999969482422,18.649999618530273,60500
2004-11-01,3.695852756500244,18.979999542236328,19.239999771118164,18.799999237060547,18.81999969482422,130600
2004-11-02,3.7075345516204834,19.040000915527344,19.149999618530273,18.889999389648438,18.989999771118164,87800
2004-11-03,3.6997482776641846,19.0,19.200000762939453,18.899999618530273,19.030000686645508,165200
2004-11-04,3.7386903762817383,19.200000762939453,19.25,19.0,19.06999969482422,94600
2004-11-05,3.7016937732696533,19.010000228881836,19.219999313354492,18.770000457763672,19.219999313354492,198100
2004-11-08,3.7016937732696533,19.010000228881836,19.1299991607666,18.81999969482422,18.90999984741211,110900
2004-11-09,3.674431562423706,18.8700008392334,19.0,18.770000457763672,19.0,118700
2004-11-10,3.6930129528045654,18.8799991607666,18.899999618530273,18.6299991607666,18.8799991607666,111000
2004-11-11,3.704749345779419,18.940000534057617,18.979999542236328,18.75,18.8799991607666,133300
2004-11-12,3.7477855682373047,19.15999984741211,19.170000076293945,18.8799991607666,18.950000762939453,98600
2004-11-15,3.704749345779419,18.940000534057617,19.200000762939453,18.920000076293945,19.139999389648438,118800
2004-11-16,3.673452138900757,18.780000686645508,18.969999313354492,18.75,18.889999389648438,130100
2004-11-17,3.661715507507324,18.719999313354492,18.920000076293945,18.6200008392334,18.899999618530273,172800
2004-11-18,3.683232545852661,18.829999923706055,18.8700008392334,18.6299991607666,18.68000030517578,120100
2004-11-19,3.6519370079040527,18.670000076293945,18.969999313354492,18.6200008392334,18.8799991607666,117000
2004-11-22,3.673452138900757,18.780000686645508,18.809999465942383,18.649999618530273,18.690000534057617,153000
2004-11-23,3.7223565578460693,19.030000686645508,19.040000915527344,18.649999618530273,18.780000686645508,287800
2004-11-24,3.734092950820923,19.09000015258789,19.34000015258789,19.030000686645508,19.079999923706055,172500
2004-11-26,3.7771239280700684,19.309999465942383,19.309999465942383,19.06999969482422,19.09000015258789,26200
2004-11-29,3.7771239280700684,19.309999465942383,19.479999542236328,19.1200008392334,19.360000610351562,145700
2004-11-30,3.790815591812134,19.3799991607666,19.479999542236328,19.239999771118164,19.360000610351562,149300
2004-12-01,3.7790791988372803,19.31999969482422,19.6299991607666,19.170000076293945,19.399999618530273,170200
2004-12-02,3.734092950820923,19.09000015258789,19.25,18.940000534057617,19.190000534057617,133000
2004-12-03,3.7692995071411133,19.270000457763672,19.399999618530273,19.15999984741211,19.299999237060547,101800
2004-12-06,3.7653870582580566,19.25,19.290000915527344,19.020000457763672,19.15999984741211,97900
2004-12-07,3.718442916870117,19.010000228881836,19.280000686645508,18.969999313354492,19.260000228881836,126100
2004-12-08,3.6949708461761475,18.889999389648438,19.010000228881836,18.81999969482422,18.899999618530273,138200
2004-12-09,3.6949708461761475,18.889999389648438,18.889999389648438,18.75,18.860000610351562,139100
2004-12-10,3.739959478378296,19.1200008392334,19.1200008392334,18.809999465942383,18.81999969482422,117700
2004-12-13,3.742908239364624,19.049999237060547,19.110000610351562,18.899999618530273,19.049999237060547,136400
2004-12-14,3.7311160564422607,18.989999771118164,19.1299991607666,18.979999542236328,19.040000915527344,169200
2004-12-15,3.7723770141601562,19.200000762939453,19.219999313354492,19.079999923706055,19.100000381469727,207900
2004-12-16,3.733083724975586,19.0,19.25,19.0,19.239999771118164,169100
2004-12-17,3.750767230987549,19.09000015258789,19.09000015258789,18.90999984741211,19.0,165500
2004-12-20,3.7664835453033447,19.170000076293945,19.219999313354492,19.049999237060547,19.06999969482422,172900
2004-12-21,3.7684485912323,19.18000030517578,19.290000915527344,19.149999618530273,19.229999542236328,166500
2004-12-22,3.7861320972442627,19.270000457763672,19.34000015258789,19.18000030517578,19.200000762939453,267900
2004-12-23,3.790060043334961,19.290000915527344,19.360000610351562,19.260000228881836,19.270000457763672,157700
2004-12-27,3.7939906120300293,19.309999465942383,19.56999969482422,19.299999237060547,19.31999969482422,120900
2004-12-28,3.7939906120300293,19.309999465942383,19.469999313354492,19.270000457763672,19.31999969482422,82000
2004-12-29,3.8234620094299316,19.459999084472656,19.5,19.270000457763672,19.280000686645508,125100
2004-12-30,3.858830451965332,19.639999389648438,19.75,19.360000610351562,19.459999084472656,160300
2004-12-31,3.894196033477783,19.81999969482422,19.8700008392334,19.610000610351562,19.8700008392334,104500
2005-01-03,3.8470404148101807,19.579999923706055,19.84000015258789,19.489999771118164,19.719999313354492,196300
2005-01-04,3.807742118835449,19.3799991607666,19.600000381469727,19.270000457763672,19.520000457763672,121900
2005-01-05,3.7861320972442627,19.270000457763672,19.3700008392334,19.15999984741211,19.350000381469727,118200
2005-01-06,3.7959558963775635,19.31999969482422,19.31999969482422,19.18000030517578,19.280000686645508,77100
2005-01-07,3.8254270553588867,19.469999313354492,19.5,19.350000381469727,19.3799991607666,97200
2005-01-10,3.83132266998291,19.5,19.5,19.280000686645508,19.420000076293945,154200
2005-01-11,3.790060043334961,19.290000915527344,19.5,19.18000030517578,19.5,115100
2005-01-12,3.7792088985443115,19.149999618530273,19.290000915527344,19.1299991607666,19.190000534057617,126600
2005-01-13,3.793020009994507,19.219999313354492,19.239999771118164,19.1200008392334,19.170000076293945,107100
2005-01-14,3.8009135723114014,19.260000228881836,19.31999969482422,19.229999542236328,19.280000686645508,94200
2005-01-18,3.8088080883026123,19.299999237060547,19.350000381469727,19.200000762939453,19.290000915527344,128600
2005-01-19,3.820650339126587,19.360000610351562,19.420000076293945,19.260000228881836,19.31999969482422,109900
2005-01-20,3.7949962615966797,19.229999542236328,19.31999969482422,19.1200008392334,19.290000915527344,118500
2005-01-21,3.7871038913726807,19.190000534057617,19.25,19.110000610351562,19.209999084472656,112200
2005-01-24,3.759474992752075,19.049999237060547,19.260000228881836,19.010000228881836,19.219999313354492,121500
2005-01-25,3.7456579208374023,18.979999542236328,19.1299991607666,18.950000762939453,19.049999237060547,152600
2005-01-26,3.7732906341552734,19.1200008392334,19.149999618530273,18.979999542236328,19.010000228881836,161800
2005-01-27,3.7989394664764404,19.25,19.309999465942383,19.110000610351562,19.139999389648438,139100
2005-01-28,3.8344640731811523,19.43000030517578,19.43000030517578,19.270000457763672,19.31999969482422,119000
2005-01-31,3.8877508640289307,19.700000762939453,19.729999542236328,19.399999618530273,19.489999771118164,145100
2005-02-01,3.9272167682647705,19.899999618530273,19.959999084472656,19.610000610351562,19.719999313354492,210400
2005-02-02,3.944978713989258,19.989999771118164,20.049999237060547,19.8799991607666,19.940000534057617,254300
2005-02-03,3.929192066192627,19.90999984741211,19.950000762939453,19.760000228881836,19.93000030517578,161900
2005-02-04,3.946953296661377,20.0,20.020000457763672,19.899999618530273,19.899999618530273,251000
2005-02-07,3.9311649799346924,19.920000076293945,20.0,19.920000076293945,19.959999084472656,175200
2005-02-08,3.9311649799346924,19.920000076293945,19.989999771118164,19.899999618530273,19.90999984741211,240500
2005-02-09,3.9212968349456787,19.8700008392334,19.93000030517578,19.850000381469727,19.899999618530273,174000
2005-02-10,3.929192066192627,19.90999984741211,19.93000030517578,19.84000015258789,19.8700008392334,199400
2005-02-11,3.9440550804138184,19.899999618530273,19.90999984741211,19.739999771118164,19.760000228881836,265700
2005-02-14,3.9519846439361572,19.940000534057617,19.979999542236328,19.860000610351562,19.899999618530273,199100
2005-02-15,3.9480202198028564,19.920000076293945,19.989999771118164,19.889999389648438,19.93000030517578,274300
2005-02-16,3.9638750553131104,20.0,20.040000915527344,19.860000610351562,19.90999984741211,266200
2005-02-17,3.9618945121765137,19.989999771118164,20.049999237060547,19.950000762939453,19.959999084472656,325800
2005-02-18,3.914325475692749,19.75,19.989999771118164,19.6299991607666,19.959999084472656,179100
2005-02-22,3.8390135765075684,19.3700008392334,19.649999618530273,19.280000686645508,19.649999618530273,287200
2005-02-23,3.934148073196411,19.850000381469727,19.850000381469727,19.3799991607666,19.3799991607666,268100
2005-02-24,3.9103617668151855,19.729999542236328,19.75,19.6299991607666,19.700000762939453,137500
2005-02-25,3.9381103515625,19.8700008392334,19.950000762939453,19.709999084472656,19.770000457763672,156000
2005-02-28,3.898468255996704,19.670000076293945,19.979999542236328,19.56999969482422,19.920000076293945,182800
2005-03-01,3.9301815032958984,19.829999923706055,19.959999084472656,19.6299991607666,19.68000030517578,184100
2005-03-02,3.9301815032958984,19.829999923706055,19.8799991607666,19.739999771118164,19.760000228881836,118500
2005-03-03,3.9500012397766113,19.93000030517578,19.969999313354492,19.81999969482422,19.8700008392334,155800
2005-03-04,3.98567795753479,20.110000610351562,20.15999984741211,19.969999313354492,19.969999313354492,212900
2005-03-07,3.991621255874634,20.139999389648438,20.229999542236328,20.110000610351562,20.1299991607666,204300
2005-03-08,3.979727268218994,20.079999923706055,20.170000076293945,19.989999771118164,20.1200008392334,170800
2005-03-09,3.9975688457489014,20.170000076293945,20.299999237060547,20.100000381469727,20.170000076293945,303500
2005-03-10,3.9638750553131104,20.0,20.209999084472656,19.8799991607666,20.200000762939453,207600
2005-03-11,3.94496488571167,19.81999969482422,19.959999084472656,19.81999969482422,19.8700008392334,98800
2005-03-14,3.964871644973755,19.920000076293945,19.950000762939453,19.809999465942383,19.850000381469727,105600
2005-03-15,3.940983772277832,19.799999237060547,19.989999771118164,19.780000686645508,19.920000076293945,155000
2005-03-16,3.9171018600463867,19.68000030517578,19.809999465942383,19.59000015258789,19.809999465942383,151500
2005-03-17,3.9210848808288574,19.700000762939453,19.809999465942383,19.639999389648438,19.68000030517578,124000
2005-03-18,3.9011776447296143,19.600000381469727,19.739999771118164,19.450000762939453,19.690000534057617,130600
2005-03-21,3.87331223487854,19.459999084472656,19.59000015258789,19.40999984741211,19.520000457763672,165200
2005-03-22,3.8235511779785156,19.209999084472656,19.540000915527344,19.209999084472656,19.420000076293945,106000
2005-03-23,3.7996668815612793,19.09000015258789,19.18000030517578,18.639999389648438,19.18000030517578,185800
2005-03-24,3.7877259254455566,19.030000686645508,19.3799991607666,19.0,19.049999237060547,139000
2005-03-28,3.712090253829956,18.649999618530273,19.040000915527344,18.56999969482422,19.020000457763672,220800
2005-03-29,3.724032402038574,18.709999084472656,18.81999969482422,18.56999969482422,18.579999923706055,159500
2005-03-30,3.8016586303710938,19.100000381469727,19.139999389648438,18.719999313354492,18.760000228881836,82600
2005-03-31,3.8175830841064453,19.18000030517578,19.239999771118164,19.020000457763672,19.100000381469727,120200
2005-04-01,3.8573880195617676,19.3799991607666,19.450000762939453,19.239999771118164,19.270000457763672,121900
2005-04-04,3.8474345207214355,19.329999923706055,19.360000610351562,19.219999313354492,19.260000228881836,106300
2005-04-05,3.8593809604644775,19.389999389648438,19.489999771118164,19.360000610351562,19.40999984741211,113100
2005-04-06,3.8772945404052734,19.479999542236328,19.5,19.350000381469727,19.459999084472656,119900
2005-04-07,3.9071500301361084,19.6299991607666,19.6299991607666,19.440000534057617,19.5,70200
2005-04-08,3.8912265300750732,19.549999237060547,19.65999984741211,19.5,19.6299991607666,77400
2005-04-11,3.895205497741699,19.56999969482422,19.670000076293945,19.510000228881836,19.579999923706055,85100
2005-04-12,3.9210848808288574,19.700000762939453,19.700000762939453,19.420000076293945,19.65999984741211,78800
2005-04-13,3.9110777378082275,19.549999237060547,19.670000076293945,19.469999313354492,19.600000381469727,137300
2005-04-14,3.8670661449432373,19.329999923706055,19.59000015258789,19.299999237060547,19.549999237060547,111900
2005-04-15,3.831059455871582,19.149999618530273,19.40999984741211,19.149999618530273,19.260000228881836,89400
2005-04-18,3.837059259414673,19.18000030517578,19.190000534057617,19.0,19.100000381469727,88900
2005-04-19,3.8610641956329346,19.299999237060547,19.3700008392334,19.010000228881836,19.239999771118164,107800
2005-04-20,3.8510630130767822,19.25,19.549999237060547,19.15999984741211,19.299999237060547,111000
2005-04-21,3.873067855834961,19.360000610351562,19.360000610351562,19.1299991607666,19.219999313354492,108600
2005-04-22,3.9050800800323486,19.520000457763672,19.520000457763672,19.239999771118164,19.25,122600
2005-04-25,3.9370856285095215,19.68000030517578,19.690000534057617,19.479999542236328,19.5,96400
2005-04-26,3.9410901069641113,19.700000762939453,19.75,19.610000610351562,19.700000762939453,114800
2005-04-27,3.961092948913574,19.799999237060547,19.84000015258789,19.520000457763672,19.709999084472656,124500
2005-04-28,3.9570906162261963,19.780000686645508,19.860000610351562,19.68000030517578,19.799999237060547,111700
2005-04-29,3.979097604751587,19.889999389648438,19.899999618530273,19.649999618530273,19.850000381469727,98600
2005-05-02,3.991102457046509,19.950000762939453,19.969999313354492,19.829999923706055,19.8799991607666,160900
2005-05-03,3.931086778640747,19.649999618530273,19.950000762939453,19.649999618530273,19.920000076293945,164500
2005-05-04,3.979097604751587,19.889999389648438,19.889999389648438,19.639999389648438,19.670000076293945,140400
2005-05-05,3.9870998859405518,19.93000030517578,19.979999542236328,19.8700008392334,19.920000076293945,94100
2005-05-06,3.9670963287353516,19.829999923706055,19.969999313354492,19.81999969482422,19.969999313354492,94500
2005-05-09,3.993100881576538,19.959999084472656,19.979999542236328,19.75,19.799999237060547,121600
2005-05-10,3.9951014518737793,19.969999313354492,20.030000686645508,19.90999984741211,19.969999313354492,153900
2005-05-11,4.001131534576416,19.899999618530273,19.950000762939453,19.670000076293945,19.670000076293945,137400
2005-05-12,3.985048770904541,19.81999969482422,19.899999618530273,19.780000686645508,19.799999237060547,155400
2005-05-13,3.94081711769104,19.600000381469727,19.850000381469727,19.399999618530273,19.809999465942383,217900
2005-05-16,3.9166884422302246,19.479999542236328,19.68000030517578,19.420000076293945,19.65999984741211,109800
2005-05-17,3.9609220027923584,19.700000762939453,19.780000686645508,19.489999771118164,19.510000228881836,133900
2005-05-18,3.974994421005249,19.770000457763672,19.780000686645508,19.700000762939453,19.700000762939453,162600
2005-05-19,3.96494197845459,19.719999313354492,19.829999923706055,19.6200008392334,19.829999923706055,148300
2005-05-20,3.9589102268218994,19.690000534057617,19.75,19.649999618530273,19.75,94900
2005-05-23,3.950871467590332,19.649999618530273,19.790000915527344,19.639999389648438,19.770000457763672,131100
2005-05-24,3.9428274631500244,19.610000610351562,19.729999542236328,19.600000381469727,19.690000534057617,165700
2005-05-25,3.9367964267730713,19.579999923706055,19.639999389648438,19.520000457763672,19.639999389648438,167900
2005-05-26,3.9589102268218994,19.690000534057617,19.719999313354492,19.6299991607666,19.719999313354492,165400
2005-05-27,3.989070177078247,19.84000015258789,19.84000015258789,19.649999618530273,19.68000030517578,103600
2005-05-31,4.011185169219971,19.950000762939453,19.989999771118164,19.84000015258789,19.8700008392334,102100
2005-06-01,4.043358325958252,20.110000610351562,20.209999084472656,19.950000762939453,19.989999771118164,248700
2005-06-02,4.067486763000488,20.229999542236328,20.239999771118164,20.139999389648438,20.149999618530273,175600
2005-06-03,4.093621730804443,20.360000610351562,20.420000076293945,20.229999542236328,20.239999771118164,137600
2005-06-06,4.089600563049316,20.34000015258789,20.459999084472656,20.25,20.399999618530273,120300
2005-06-07,4.101667404174805,20.399999618530273,20.690000534057617,20.34000015258789,20.450000762939453,172500
2005-06-08,4.091611862182617,20.350000381469727,20.540000915527344,20.31999969482422,20.420000076293945,165900
2005-06-09,4.089600563049316,20.34000015258789,20.440000534057617,20.219999313354492,20.31999969482422,159300
2005-06-10,4.145899295806885,20.6200008392334,20.6200008392334,20.299999237060547,20.350000381469727,139300
2005-06-13,4.151959419250488,20.549999237060547,20.770000457763672,20.450000762939453,20.459999084472656,167700
2005-06-14,4.145899295806885,20.520000457763672,20.579999923706055,20.420000076293945,20.5,172100
2005-06-15,4.1337761878967285,20.459999084472656,20.59000015258789,20.360000610351562,20.520000457763672,218400
2005-06-16,4.170143127441406,20.639999389648438,20.649999618530273,20.329999923706055,20.5,215200
2005-06-17,4.172163963317871,20.649999618530273,20.709999084472656,20.530000686645508,20.600000381469727,135900
2005-06-20,4.166102886199951,20.6200008392334,20.649999618530273,20.459999084472656,20.649999618530273,190400
2005-06-21,4.166102886199951,20.6200008392334,20.639999389648438,20.549999237060547,20.549999237060547,185900
2005-06-22,4.212576866149902,20.850000381469727,20.90999984741211,20.6299991607666,20.6299991607666,205200
2005-06-23,4.236816883087158,20.969999313354492,21.06999969482422,20.790000915527344,20.850000381469727,238500
2005-06-24,4.252979755401611,21.049999237060547,21.100000381469727,20.959999084472656,20.969999313354492,186500
2005-06-27,4.230757236480713,20.940000534057617,21.079999923706055,20.90999984741211,21.020000457763672,201600
2005-06-28,4.259040832519531,21.079999923706055,21.09000015258789,20.920000076293945,20.940000534057617,219800
2005-06-29,4.297430992126465,21.270000457763672,21.309999465942383,21.049999237060547,21.100000381469727,131900
2005-06-30,4.3297576904296875,21.43000030517578,21.450000762939453,21.290000915527344,21.31999969482422,181800
2005-07-01,4.40047025680542,21.780000686645508,21.899999618530273,21.3700008392334,21.479999542236328,207600
2005-07-05,4.36208438873291,21.59000015258789,21.760000228881836,21.520000457763672,21.75,153900
2005-07-06,4.311570644378662,21.34000015258789,21.719999313354492,21.280000686645508,21.639999389648438,197400
2005-07-07,4.343897819519043,21.5,21.5,21.100000381469727,21.260000228881836,166700
2005-07-08,4.3964314460754395,21.760000228881836,21.829999923706055,21.479999542236328,21.489999771118164,152800
2005-07-11,4.386330604553223,21.709999084472656,21.850000381469727,21.65999984741211,21.81999969482422,181700
2005-07-12,4.384311199188232,21.700000762939453,21.75,21.610000610351562,21.729999542236328,129700
2005-07-13,4.394455909729004,21.649999618530273,21.719999313354492,21.5,21.690000534057617,128900
2005-07-14,4.327474594116211,21.31999969482422,21.739999771118164,21.229999542236328,21.670000076293945,199400
2005-07-15,4.343710422515869,21.399999618530273,21.469999313354492,21.290000915527344,21.299999237060547,120100
2005-07-18,4.353862285614014,21.450000762939453,21.489999771118164,21.34000015258789,21.3700008392334,117200
2005-07-19,4.337624549865723,21.3700008392334,21.610000610351562,21.329999923706055,21.420000076293945,138500
2005-07-20,4.345742702484131,21.40999984741211,21.43000030517578,21.239999771118164,21.3700008392334,131600
2005-07-21,4.290938854217529,21.139999389648438,21.440000534057617,21.100000381469727,21.399999618530273,168500
2005-07-22,4.319357395172119,21.280000686645508,21.280000686645508,20.989999771118164,20.989999771118164,130200
2005-07-25,4.353862285614014,21.450000762939453,21.5,21.280000686645508,21.299999237060547,138500
2005-07-26,4.38633918762207,21.610000610351562,21.75,21.450000762939453,21.450000762939453,180000
2005-07-27,4.451291084289551,21.93000030517578,21.93000030517578,21.559999465942383,21.559999465942383,116000
2005-07-28,4.47970724105835,22.06999969482422,22.09000015258789,21.940000534057617,22.0,143500
2005-07-29,4.50000524520874,22.170000076293945,22.270000457763672,22.020000457763672,22.200000762939453,170000
2005-08-01,4.481738090515137,22.079999923706055,22.34000015258789,22.030000686645508,22.209999084472656,170100
2005-08-02,4.506093502044678,22.200000762939453,22.200000762939453,22.020000457763672,22.100000381469727,140000
2005-08-03,4.4878249168396,22.110000610351562,22.229999542236328,22.030000686645508,22.09000015258789,107800
2005-08-04,4.445200443267822,21.899999618530273,22.06999969482422,21.68000030517578,22.06999969482422,186900
2005-08-05,4.361979961395264,21.489999771118164,21.8799991607666,21.309999465942383,21.850000381469727,197500
2005-08-08,4.323413372039795,21.299999237060547,21.56999969482422,21.209999084472656,21.450000762939453,173200
2005-08-09,4.315296649932861,21.260000228881836,21.510000228881836,21.25,21.260000228881836,108900
2005-08-10,4.335590839385986,21.360000610351562,21.489999771118164,21.270000457763672,21.280000686645508,115200
2005-08-11,4.353949546813965,21.350000381469727,21.469999313354492,21.25,21.25,124000
2005-08-12,4.323354721069336,21.200000762939453,21.420000076293945,21.059999465942383,21.40999984741211,89800
2005-08-15,4.323354721069336,21.200000762939453,21.270000457763672,21.049999237060547,21.200000762939453,127000
2005-08-16,4.300924301147461,21.09000015258789,21.200000762939453,21.010000228881836,21.18000030517578,147100
2005-08-17,4.276453018188477,20.969999313354492,21.100000381469727,20.950000762939453,21.0,149500
2005-08-18,4.298884868621826,21.079999923706055,21.079999923706055,20.860000610351562,20.950000762939453,126800
2005-08-19,4.321316242218018,21.190000534057617,21.360000610351562,20.969999313354492,21.0,133400
2005-08-22,4.331511974334717,21.239999771118164,21.350000381469727,21.15999984741211,21.170000076293945,98500
2005-08-23,4.331511974334717,21.239999771118164,21.31999969482422,21.149999618530273,21.200000762939453,131600
2005-08-24,4.33559513092041,21.260000228881836,21.389999389648438,21.190000534057617,21.209999084472656,120800
2005-08-25,4.34986686706543,21.329999923706055,21.399999618530273,21.149999618530273,21.260000228881836,125800
2005-08-26,4.35190486907959,21.34000015258789,21.420000076293945,21.229999542236328,21.399999618530273,89900
2005-08-29,4.366183280944824,21.40999984741211,21.479999542236328,21.170000076293945,21.229999542236328,112900
2005-08-30,4.355984210968018,21.360000610351562,21.489999771118164,21.25,21.489999771118164,109100
2005-08-31,4.396773815155029,21.559999465942383,21.65999984741211,21.290000915527344,21.40999984741211,95600
2005-09-01,4.48242712020874,21.979999542236328,22.06999969482422,21.540000915527344,21.549999237060547,122500
2005-09-02,4.506899356842041,22.100000381469727,22.170000076293945,21.969999313354492,21.969999313354492,70800
2005-09-06,4.535445690155029,22.239999771118164,22.31999969482422,22.020000457763672,22.1299991607666,107100
2005-09-07,4.572154998779297,22.420000076293945,22.469999313354492,22.239999771118164,22.239999771118164,113100
2005-09-08,4.529327392578125,22.209999084472656,22.40999984741211,22.170000076293945,22.239999771118164,101300
2005-09-09,4.539525032043457,22.260000228881836,22.350000381469727,22.06999969482422,22.200000762939453,113900
2005-09-12,4.535445690155029,22.239999771118164,22.309999465942383,22.110000610351562,22.280000686645508,118100
2005-09-13,4.504718780517578,21.989999771118164,22.239999771118164,21.93000030517578,22.239999771118164,153300
2005-09-14,4.510861873626709,22.020000457763672,22.139999389648438,21.899999618530273,21.920000076293945,127400
2005-09-15,4.5067667961120605,22.0,22.170000076293945,21.959999084472656,22.0,137700
2005-09-16,4.527252197265625,22.100000381469727,22.100000381469727,22.010000228881836,22.059999465942383,119300
2005-09-19,4.547738552093506,22.200000762939453,22.31999969482422,22.149999618530273,22.260000228881836,137500
2005-09-20,4.557981491088867,22.25,22.399999618530273,22.15999984741211,22.200000762939453,129100
2005-09-21,4.484233379364014,21.889999389648438,22.3700008392334,21.81999969482422,22.299999237060547,159200
2005-09-22,4.412535190582275,21.540000915527344,21.709999084472656,21.459999084472656,21.709999084472656,152300
2005-09-23,4.402293682098389,21.489999771118164,21.600000381469727,21.399999618530273,21.5,193300
2005-09-26,4.418679237365723,21.56999969482422,21.639999389648438,21.450000762939453,21.5,98800
2005-09-27,4.383853435516357,21.399999618530273,21.579999923706055,21.360000610351562,21.530000686645508,157500
2005-09-28,4.410488128662109,21.530000686645508,21.6299991607666,21.450000762939453,21.450000762939453,91200
2005-09-29,4.4719414710998535,21.829999923706055,21.889999389648438,21.549999237060547,21.600000381469727,73900
2005-09-30,4.494477272033691,21.940000534057617,21.979999542236328,21.790000915527344,21.979999542236328,85500
2005-10-03,4.519059658050537,22.059999465942383,22.100000381469727,21.8700008392334,21.8700008392334,165700
2005-10-04,4.555930137634277,22.239999771118164,22.25,22.049999237060547,22.06999969482422,161200
2005-10-05,4.486283302307129,21.899999618530273,22.15999984741211,21.850000381469727,22.15999984741211,108900
2005-10-06,4.332639694213867,21.149999618530273,21.850000381469727,20.959999084472656,21.850000381469727,194100
2005-10-07,4.3162522315979,21.06999969482422,21.1200008392334,21.0,21.0,80500
2005-10-10,4.199485778808594,20.5,21.15999984741211,19.950000762939453,21.15999984741211,694000
2005-10-11,4.205630779266357,20.530000686645508,20.719999313354492,20.450000762939453,20.540000915527344,180800
2005-10-12,4.129464626312256,20.059999465942383,20.489999771118164,19.920000076293945,20.489999771118164,188700
2005-10-13,4.003895282745361,19.450000762939453,19.989999771118164,19.25,19.989999771118164,177200
2005-10-14,4.053300380706787,19.690000534057617,19.75,19.3700008392334,19.559999465942383,184200
2005-10-17,4.117114067077637,20.0,20.0,19.690000534057617,19.790000915527344,106100
2005-10-18,4.063593864440918,19.739999771118164,19.989999771118164,19.700000762939453,19.8700008392334,127700
2005-10-19,4.061534881591797,19.729999542236328,19.739999771118164,19.399999618530273,19.549999237060547,147800
2005-10-20,3.9688987731933594,19.280000686645508,19.729999542236328,19.149999618530273,19.729999542236328,84900
2005-10-21,4.012126922607422,19.489999771118164,19.649999618530273,19.25,19.25,101200
2005-10-24,4.0780029296875,19.809999465942383,19.809999465942383,19.489999771118164,19.489999771118164,92800
2005-10-25,4.100645542144775,19.920000076293945,20.030000686645508,19.670000076293945,19.920000076293945,130700
2005-10-26,4.0780029296875,19.809999465942383,19.989999771118164,19.790000915527344,19.93000030517578,81900
2005-10-27,4.047123432159424,19.65999984741211,19.90999984741211,19.65999984741211,19.90999984741211,77000
2005-10-28,4.09652853012085,19.899999618530273,19.979999542236328,19.700000762939453,19.700000762939453,79300
2005-10-31,4.158287525177002,20.200000762939453,20.299999237060547,19.950000762939453,19.950000762939453,113000
2005-11-01,4.092411041259766,19.8799991607666,20.239999771118164,19.809999465942383,20.239999771118164,124700
2005-11-02,4.127407550811768,20.049999237060547,20.100000381469727,19.809999465942383,19.81999969482422,76100
2005-11-03,4.147995471954346,20.149999618530273,20.200000762939453,20.09000015258789,20.100000381469727,176600
2005-11-04,4.145936012268066,20.139999389648438,20.280000686645508,20.139999389648438,20.229999542236328,67300
2005-11-07,4.13770055770874,20.100000381469727,20.149999618530273,20.059999465942383,20.100000381469727,77300
2005-11-08,4.131525039672852,20.06999969482422,20.1299991607666,20.0,20.010000228881836,70700
2005-11-09,4.133585453033447,20.079999923706055,20.139999389648438,19.979999542236328,19.979999542236328,97700
2005-11-10,4.106689453125,19.850000381469727,20.020000457763672,19.760000228881836,20.010000228881836,78000
2005-11-11,4.096345901489258,19.799999237060547,19.8799991607666,19.639999389648438,19.860000610351562,91300
2005-11-14,4.086001396179199,19.75,19.84000015258789,19.709999084472656,19.770000457763672,89600
2005-11-15,4.083933353424072,19.739999771118164,19.8700008392334,19.68000030517578,19.75,322900
2005-11-16,4.096345901489258,19.799999237060547,19.899999618530273,19.780000686645508,19.850000381469727,88100
2005-11-17,4.1356520652771,19.989999771118164,20.0,19.81999969482422,19.889999389648438,81700
2005-11-18,4.123239040374756,19.93000030517578,19.989999771118164,19.850000381469727,19.959999084472656,87200
2005-11-21,4.1356520652771,19.989999771118164,20.0,19.8799991607666,19.889999389648438,75000
2005-11-22,4.127377510070801,19.950000762939453,20.040000915527344,19.899999618530273,19.969999313354492,133300
2005-11-23,4.172893047332764,20.170000076293945,20.18000030517578,19.950000762939453,19.950000762939453,97900
2005-11-25,4.189442157745361,20.25,20.299999237060547,20.200000762939453,20.219999313354492,45600
2005-11-28,4.181168556213379,20.209999084472656,20.280000686645508,20.149999618530273,20.200000762939453,120400
2005-11-29,4.1977152824401855,20.290000915527344,20.40999984741211,20.200000762939453,20.200000762939453,113000
2005-11-30,4.179098606109619,20.200000762939453,20.309999465942383,20.149999618530273,20.260000228881836,91700
2005-12-01,4.218405723571777,20.389999389648438,20.549999237060547,20.200000762939453,20.290000915527344,114600
2005-12-02,4.216339588165283,20.3799991607666,20.43000030517578,20.31999969482422,20.350000381469727,39900
2005-12-05,4.181168556213379,20.209999084472656,20.389999389648438,20.15999984741211,20.3700008392334,78200
2005-12-06,4.160480499267578,20.110000610351562,20.25,20.110000610351562,20.239999771118164,129600
2005-12-07,4.148065567016602,20.049999237060547,20.15999984741211,19.90999984741211,20.110000610351562,101100
2005-12-08,4.15841007232666,20.100000381469727,20.1299991607666,20.0,20.020000457763672,91200
2005-12-09,4.172893047332764,20.170000076293945,20.209999084472656,20.040000915527344,20.040000915527344,90800
2005-12-12,4.154271602630615,20.079999923706055,20.280000686645508,20.040000915527344,20.18000030517578,113500
2005-12-13,4.187539577484131,20.139999389648438,20.149999618530273,19.90999984741211,19.950000762939453,149300
2005-12-14,4.200019359588623,20.200000762939453,20.25,20.15999984741211,20.18000030517578,174700
2005-12-15,4.202094554901123,20.209999084472656,20.270000457763672,20.18000030517578,20.239999771118164,207800
2005-12-16,4.208332061767578,20.239999771118164,20.299999237060547,20.200000762939453,20.25,175800
2005-12-19,4.185458660125732,20.1299991607666,20.290000915527344,20.049999237060547,20.25,127500
2005-12-20,4.200019359588623,20.200000762939453,20.290000915527344,20.100000381469727,20.139999389648438,113300
2005-12-21,4.160510540008545,20.010000228881836,20.290000915527344,19.989999771118164,20.239999771118164,128100
2005-12-22,4.172985553741455,20.06999969482422,20.06999969482422,20.0,20.010000228881836,104800
2005-12-23,4.195858955383301,20.18000030517578,20.18000030517578,20.049999237060547,20.1299991607666,93600
2005-12-27,4.185458660125732,20.1299991607666,20.200000762939453,20.059999465942383,20.100000381469727,94700
2005-12-28,4.170907497406006,20.059999465942383,20.149999618530273,20.049999237060547,20.09000015258789,81600
2005-12-29,4.181301593780518,20.110000610351562,20.15999984741211,20.049999237060547,20.049999237060547,84900
2005-12-30,4.191697597503662,20.15999984741211,20.239999771118164,20.020000457763672,20.18000030517578,122300
2006-01-03,4.243680000305176,20.40999984741211,20.40999984741211,20.1299991607666,20.1299991607666,155100
2006-01-04,4.2769455909729,20.56999969482422,20.579999923706055,20.329999923706055,20.329999923706055,114800
2006-01-05,4.266551494598389,20.520000457763672,20.6299991607666,20.510000228881836,20.549999237060547,106000
2006-01-06,4.316452503204346,20.760000228881836,20.770000457763672,20.530000686645508,20.530000686645508,70300
2006-01-09,4.324767112731934,20.799999237060547,20.889999389648438,20.709999084472656,20.760000228881836,130200
2006-01-10,4.335165023803711,20.850000381469727,20.8799991607666,20.709999084472656,20.799999237060547,96600
2006-01-11,4.320540904998779,20.68000030517578,20.84000015258789,20.649999618530273,20.690000534057617,130500
2006-01-12,4.295470714569092,20.559999465942383,20.68000030517578,20.520000457763672,20.579999923706055,120500
2006-01-13,4.293379783630371,20.549999237060547,20.6200008392334,20.5,20.549999237060547,131400
2006-01-17,4.326807498931885,20.709999084472656,20.84000015258789,20.5,20.5,124800
2006-01-18,4.345608711242676,20.799999237060547,20.8799991607666,20.579999923706055,20.579999923706055,120400
2006-01-19,4.387391567230225,21.0,21.0,20.81999969482422,20.84000015258789,104200
2006-01-20,4.372772693634033,20.93000030517578,21.18000030517578,20.93000030517578,21.030000686645508,105300
2006-01-23,4.387391567230225,21.0,21.049999237060547,20.90999984741211,20.90999984741211,89900
2006-01-24,4.395750522613525,21.040000915527344,21.049999237060547,20.920000076293945,20.940000534057617,146000
2006-01-25,4.353967666625977,20.84000015258789,21.149999618530273,20.799999237060547,21.100000381469727,139900
2006-01-26,4.303823947906494,20.600000381469727,20.899999618530273,20.600000381469727,20.829999923706055,164400
2006-01-27,4.339340686798096,20.770000457763672,20.8799991607666,20.649999618530273,20.649999618530273,127300
2006-01-30,4.314270496368408,20.649999618530273,20.770000457763672,20.600000381469727,20.729999542236328,93000
2006-01-31,4.303823947906494,20.600000381469727,20.649999618530273,20.520000457763672,20.600000381469727,202400
2006-02-01,4.31845235824585,20.670000076293945,20.68000030517578,20.510000228881836,20.549999237060547,140900
2006-02-02,4.303823947906494,20.600000381469727,20.670000076293945,20.399999618530273,20.6200008392334,131800
2006-02-03,4.314270496368408,20.649999618530273,20.729999542236328,20.399999618530273,20.510000228881836,140900
2006-02-06,4.341433048248291,20.780000686645508,20.790000915527344,20.489999771118164,20.729999542236328,170500
2006-02-07,4.264127731323242,20.40999984741211,20.81999969482422,20.299999237060547,20.729999542236328,184900
2006-02-08,4.241147041320801,20.299999237060547,20.459999084472656,20.260000228881836,20.389999389648438,80200
2006-02-09,4.280841827392578,20.489999771118164,20.600000381469727,20.34000015258789,20.350000381469727,76500
2006-02-10,4.26204252243042,20.399999618530273,20.6200008392334,20.3700008392334,20.450000762939453,137900
2006-02-13,4.238947868347168,20.190000534057617,20.3799991607666,20.18000030517578,20.25,115700
2006-02-14,4.226347923278809,20.1299991607666,20.170000076293945,20.010000228881836,20.139999389648438,139700
2006-02-15,4.241046905517578,20.200000762939453,20.350000381469727,20.100000381469727,20.149999618530273,114600
2006-02-16,4.278835773468018,20.3799991607666,20.399999618530273,20.149999618530273,20.149999618530273,92500
2006-02-17,4.314528942108154,20.549999237060547,20.56999969482422,20.399999618530273,20.399999618530273,76800
2006-02-21,4.3481221199035645,20.709999084472656,20.75,20.530000686645508,20.549999237060547,137300
2006-02-22,4.394309997558594,20.93000030517578,20.93000030517578,20.649999618530273,20.700000762939453,166900
2006-02-23,4.381714344024658,20.8700008392334,20.969999313354492,20.780000686645508,20.780000686645508,130700
2006-02-24,4.400610446929932,20.959999084472656,20.979999542236328,20.81999969482422,20.81999969482422,104600
2006-02-27,4.425801753997803,21.079999923706055,21.100000381469727,20.950000762939453,20.989999771118164,133100
2006-02-28,4.400610446929932,20.959999084472656,21.079999923706055,20.920000076293945,21.040000915527344,130500
2006-03-01,4.404806137084961,20.979999542236328,20.979999542236328,20.809999465942383,20.920000076293945,125200
2006-03-02,4.396410942077637,20.940000534057617,20.969999313354492,20.799999237060547,20.950000762939453,78800
2006-03-03,4.396410942077637,20.940000534057617,21.100000381469727,20.860000610351562,20.860000610351562,101200
2006-03-06,4.327126979827881,20.610000610351562,20.84000015258789,20.59000015258789,20.809999465942383,153400
2006-03-07,4.310328483581543,20.530000686645508,20.610000610351562,20.420000076293945,20.610000610351562,150500
2006-03-08,4.312431812286377,20.540000915527344,20.56999969482422,20.350000381469727,20.450000762939453,116900
2006-03-09,4.29143762588501,20.440000534057617,20.6299991607666,20.440000534057617,20.6200008392334,75800
2006-03-10,4.314528942108154,20.549999237060547,20.549999237060547,20.40999984741211,20.440000534057617,228200
2006-03-13,4.327187538146973,20.510000228881836,20.600000381469727,20.489999771118164,20.5,153800
2006-03-14,4.358834743499756,20.65999984741211,20.729999542236328,20.0,20.0,173700
2006-03-15,4.371493816375732,20.719999313354492,20.790000915527344,20.559999465942383,20.690000534057617,188700
2006-03-16,4.409468650817871,20.899999618530273,21.0,20.780000686645508,20.799999237060547,154600
2006-03-17,4.409468650817871,20.899999618530273,20.979999542236328,20.850000381469727,20.93000030517578,80600
2006-03-20,4.386262893676758,20.790000915527344,21.049999237060547,20.65999984741211,20.950000762939453,145200
2006-03-21,4.356724262237549,20.649999618530273,20.81999969482422,20.59000015258789,20.760000228881836,90000
2006-03-22,4.354617595672607,20.639999389648438,20.68000030517578,20.540000915527344,20.6200008392334,111700
2006-03-23,4.344066619873047,20.59000015258789,20.739999771118164,20.540000915527344,20.670000076293945,83800
2006-03-24,4.344066619873047,20.59000015258789,20.639999389648438,20.469999313354492,20.59000015258789,71300
2006-03-27,4.333518028259277,20.540000915527344,20.65999984741211,20.3799991607666,20.59000015258789,86100
2006-03-28,4.318748950958252,20.469999313354492,20.600000381469727,20.360000610351562,20.520000457763672,126200
2006-03-29,4.325079441070557,20.5,20.670000076293945,20.3799991607666,20.3799991607666,73400
2006-03-30,4.293428897857666,20.350000381469727,20.510000228881836,20.31999969482422,20.420000076293945,94800
2006-03-31,4.314528942108154,20.450000762939453,20.510000228881836,20.31999969482422,20.31999969482422,128400
2006-04-03,4.314528942108154,20.450000762939453,20.520000457763672,20.31999969482422,20.31999969482422,92600
2006-04-04,4.33140754699707,20.530000686645508,20.549999237060547,20.309999465942383,20.309999465942383,104600
2006-04-05,4.354617595672607,20.639999389648438,20.65999984741211,20.43000030517578,20.43000030517578,211000
2006-04-06,4.314528942108154,20.450000762939453,20.68000030517578,20.3799991607666,20.68000030517578,136200
2006-04-07,4.261783123016357,20.200000762939453,20.459999084472656,20.110000610351562,20.389999389648438,103100
2006-04-10,4.228025436401367,20.040000915527344,20.18000030517578,20.0,20.1200008392334,132000
2006-04-11,4.1968536376953125,19.790000915527344,20.020000457763672,19.6299991607666,19.989999771118164,135700
2006-04-12,4.165045738220215,19.639999389648438,19.75,19.520000457763672,19.700000762939453,156200
2006-04-13,4.131112575531006,19.479999542236328,19.670000076293945,19.299999237060547,19.670000076293945,210600
2006-04-17,4.097179412841797,19.31999969482422,19.420000076293945,19.18000030517578,19.360000610351562,102500
2006-04-18,4.156560897827148,19.600000381469727,19.670000076293945,19.25,19.25,183200
2006-04-19,4.186247825622559,19.739999771118164,19.950000762939453,19.68000030517578,19.68000030517578,190300
2006-04-20,4.230785846710205,19.950000762939453,20.040000915527344,19.809999465942383,19.81999969482422,104200
2006-04-21,4.2625956535339355,20.100000381469727,20.1299991607666,20.0,20.0,91000
2006-04-24,4.27955961227417,20.18000030517578,20.18000030517578,19.979999542236328,20.110000610351562,145700
2006-04-25,4.222301959991455,19.90999984741211,20.209999084472656,19.860000610351562,20.1200008392334,187400
2006-04-26,4.192610263824463,19.770000457763672,19.940000534057617,19.75,19.93000030517578,121700
2006-04-27,4.232905864715576,19.959999084472656,20.020000457763672,19.649999618530273,19.75,184600
2006-04-28,4.258352756500244,20.079999923706055,20.100000381469727,19.899999618530273,19.959999084472656,129800
2006-05-01,4.241386413574219,20.0,20.170000076293945,19.969999313354492,20.079999923706055,120100
2006-05-02,4.268956184387207,20.1299991607666,20.229999542236328,20.0,20.0,165600
2006-05-03,4.239267826080322,19.989999771118164,20.149999618530273,19.889999389648438,20.110000610351562,258300
2006-05-04,4.245628833770752,20.020000457763672,20.15999984741211,19.969999313354492,20.06999969482422,192100
2006-05-05,4.309248924255371,20.31999969482422,20.350000381469727,20.100000381469727,20.100000381469727,166700
2006-05-08,4.324095249176025,20.389999389648438,20.420000076293945,20.260000228881836,20.31999969482422,251500
2006-05-09,4.30076789855957,20.280000686645508,20.350000381469727,20.200000762939453,20.350000381469727,149700
2006-05-10,4.3050103187561035,20.299999237060547,20.350000381469727,20.209999084472656,20.25,112500
2006-05-11,4.271543025970459,20.040000915527344,20.200000762939453,19.969999313354492,20.1299991607666,153100
2006-05-12,4.211861610412598,19.760000228881836,20.020000457763672,19.700000762939453,20.020000457763672,104600
2006-05-15,4.216124534606934,19.780000686645508,19.8700008392334,19.6200008392334,19.6200008392334,110800
2006-05-16,4.235308647155762,19.8700008392334,19.8700008392334,19.649999618530273,19.780000686645508,213200
2006-05-17,4.167098522186279,19.549999237060547,19.780000686645508,19.420000076293945,19.770000457763672,171000
2006-05-18,4.167098522186279,19.549999237060547,19.610000610351562,19.520000457763672,19.520000457763672,116700
2006-05-19,4.177758693695068,19.600000381469727,19.639999389648438,19.420000076293945,19.549999237060547,147600
2006-05-22,4.179887294769287,19.610000610351562,19.65999984741211,19.399999618530273,19.399999618530273,188400
2006-05-23,4.1393914222717285,19.420000076293945,19.68000030517578,19.420000076293945,19.6200008392334,180100
2006-05-24,4.12446928024292,19.350000381469727,19.440000534057617,19.100000381469727,19.40999984741211,126300
2006-05-25,4.154313564300537,19.489999771118164,19.540000915527344,19.350000381469727,19.399999618530273,172900
2006-05-26,4.203333854675293,19.719999313354492,19.780000686645508,19.549999237060547,19.59000015258789,113900
2006-05-30,4.216124534606934,19.780000686645508,19.829999923706055,19.690000534057617,19.690000534057617,212800
2006-05-31,4.269411563873291,20.030000686645508,20.030000686645508,19.84000015258789,19.84000015258789,258800
2006-06-01,4.3248291015625,20.290000915527344,20.290000915527344,19.969999313354492,19.979999542236328,193200
2006-06-02,4.384515285491943,20.56999969482422,20.59000015258789,20.309999465942383,20.329999923706055,226600
2006-06-05,4.363199234008789,20.469999313354492,20.579999923706055,20.440000534057617,20.489999771118164,205200
2006-06-06,4.329092979431152,20.309999465942383,20.450000762939453,20.200000762939453,20.360000610351562,222500
2006-06-07,4.320568561553955,20.270000457763672,20.3700008392334,20.229999542236328,20.31999969482422,116600
2006-06-08,4.329092979431152,20.309999465942383,20.350000381469727,20.06999969482422,20.229999542236328,157000
2006-06-09,4.363199234008789,20.469999313354492,20.5,20.309999465942383,20.360000610351562,121900
2006-06-12,4.369595050811768,20.5,20.600000381469727,20.399999618530273,20.5,134700
2006-06-13,4.320965766906738,20.170000076293945,20.440000534057617,20.110000610351562,20.440000534057617,159600
2006-06-14,4.284543991088867,20.0,20.139999389648438,19.899999618530273,20.079999923706055,103900
2006-06-15,4.340241432189941,20.260000228881836,20.260000228881836,20.0,20.010000228881836,85700
2006-06-16,4.327390193939209,20.200000762939453,20.34000015258789,20.190000534057617,20.219999313354492,125400
2006-06-19,4.3252482414245605,20.190000534057617,20.209999084472656,20.100000381469727,20.209999084472656,144800
2006-06-20,4.335957050323486,20.239999771118164,20.3799991607666,20.1200008392334,20.1200008392334,104100
2006-06-21,4.344527721405029,20.280000686645508,20.389999389648438,20.200000762939453,20.260000228881836,125400
2006-06-22,4.310253143310547,20.1200008392334,20.200000762939453,20.010000228881836,20.200000762939453,72800
2006-06-23,4.310253143310547,20.1200008392334,20.239999771118164,20.049999237060547,20.110000610351562,84000
2006-06-26,4.329532623291016,20.209999084472656,20.219999313354492,20.1200008392334,20.1299991607666,86900
2006-06-27,4.310253143310547,20.1200008392334,20.350000381469727,20.1200008392334,20.200000762939453,69900
2006-06-28,4.338105201721191,20.25,20.270000457763672,20.1200008392334,20.1299991607666,93500
2006-06-29,4.4195075035095215,20.6299991607666,20.6299991607666,20.209999084472656,20.209999084472656,121900
2006-06-30,4.428081512451172,20.670000076293945,20.670000076293945,20.540000915527344,20.600000381469727,59600
2006-07-03,4.464494228363037,20.84000015258789,20.90999984741211,20.68000030517578,20.68000030517578,75200
2006-07-05,4.477349758148193,20.899999618530273,20.940000534057617,20.81999969482422,20.84000015258789,86900
2006-07-06,4.473065376281738,20.8799991607666,20.90999984741211,20.75,20.799999237060547,60800
2006-07-07,4.464494228363037,20.84000015258789,20.899999618530273,20.719999313354492,20.729999542236328,79400
2006-07-10,4.488059997558594,20.950000762939453,20.989999771118164,20.790000915527344,20.829999923706055,91900
2006-07-11,4.533049583435059,21.15999984741211,21.15999984741211,20.950000762939453,20.950000762939453,107600
2006-07-12,4.512166500091553,20.959999084472656,21.059999465942383,20.899999618530273,21.0,63000
2006-07-13,4.507862091064453,20.940000534057617,21.079999923706055,20.8700008392334,20.889999389648438,77700
2006-07-14,4.486330032348633,20.84000015258789,20.959999084472656,20.780000686645508,20.799999237060547,74800
2006-07-17,4.488486289978027,20.850000381469727,20.899999618530273,20.670000076293945,20.81999969482422,98500
2006-07-18,4.514320373535156,20.969999313354492,20.969999313354492,20.780000686645508,20.93000030517578,74100
2006-07-19,4.568140983581543,21.219999313354492,21.350000381469727,20.8700008392334,20.8700008392334,126100
2006-07-20,4.604733943939209,21.389999389648438,21.420000076293945,21.209999084472656,21.209999084472656,89500
2006-07-21,4.600427627563477,21.3700008392334,21.43000030517578,21.270000457763672,21.280000686645508,79700
2006-07-24,4.617652893066406,21.450000762939453,21.5,21.34000015258789,21.360000610351562,115600
2006-07-25,4.632723808288574,21.520000457763672,21.549999237060547,21.40999984741211,21.440000534057617,161300
2006-07-26,4.684385776519775,21.760000228881836,21.799999237060547,21.510000228881836,21.540000915527344,83300
2006-07-27,4.684385776519775,21.760000228881836,21.950000762939453,21.719999313354492,21.760000228881836,197900
2006-07-28,4.731749534606934,21.979999542236328,21.979999542236328,21.829999923706055,21.829999923706055,150200
2006-07-31,4.748968601226807,22.059999465942383,22.649999618530273,22.0,22.649999618530273,294800
2006-08-01,4.798484802246094,22.290000915527344,22.290000915527344,21.950000762939453,21.950000762939453,150200
2006-08-02,4.802788734436035,22.309999465942383,22.389999389648438,22.229999542236328,22.389999389648438,111300
2006-08-03,4.7855658531188965,22.229999542236328,22.260000228881836,22.139999389648438,22.149999618530273,107000
2006-08-04,4.807093620300293,22.329999923706055,22.350000381469727,22.139999389648438,22.329999923706055,158000
2006-08-07,4.774803161621094,22.18000030517578,22.360000610351562,22.18000030517578,22.360000610351562,134200
2006-08-08,4.792025089263916,22.260000228881836,22.290000915527344,22.149999618530273,22.209999084472656,120700
2006-08-09,4.789870738983154,22.25,22.450000762939453,22.239999771118164,22.299999237060547,152700
2006-08-10,4.798484802246094,22.290000915527344,22.299999237060547,22.15999984741211,22.15999984741211,63800
2006-08-11,4.794806957244873,22.170000076293945,22.229999542236328,22.110000610351562,22.1200008392334,93900
2006-08-14,4.771015167236328,22.059999465942383,22.229999542236328,21.989999771118164,22.100000381469727,92400
2006-08-15,4.825082302093506,22.309999465942383,22.350000381469727,22.1299991607666,22.209999084472656,103500
2006-08-16,4.818597316741943,22.280000686645508,22.440000534057617,22.25,22.31999969482422,104600
2006-08-17,4.783989429473877,22.1200008392334,22.209999084472656,21.989999771118164,22.209999084472656,135300
2006-08-18,4.820758819580078,22.290000915527344,22.34000015258789,22.1200008392334,22.229999542236328,87800
2006-08-21,4.825082302093506,22.309999465942383,22.420000076293945,22.190000534057617,22.200000762939453,120200
2006-08-22,4.8423871994018555,22.389999389648438,22.440000534057617,22.299999237060547,22.329999923706055,103900
2006-08-23,4.822922706604004,22.299999237060547,22.399999618530273,22.15999984741211,22.350000381469727,123200
2006-08-24,4.812107086181641,22.25,22.309999465942383,22.1299991607666,22.309999465942383,68500
2006-08-25,4.820758819580078,22.290000915527344,22.3700008392334,22.25,22.25,80500
2006-08-28,4.8402252197265625,22.3799991607666,22.540000915527344,22.280000686645508,22.389999389648438,94800
2006-08-29,4.859691619873047,22.469999313354492,22.549999237060547,22.309999465942383,22.309999465942383,127900
2006-08-30,4.861852169036865,22.479999542236328,22.5,22.309999465942383,22.469999313354492,98200
2006-08-31,4.900782108306885,22.65999984741211,22.709999084472656,22.479999542236328,22.5,100300
2006-09-01,4.909433841705322,22.700000762939453,22.829999923706055,22.6200008392334,22.829999923706055,153600
2006-09-05,4.876991271972656,22.549999237060547,22.729999542236328,22.479999542236328,22.729999542236328,99600
2006-09-06,4.857522487640381,22.459999084472656,22.5,22.280000686645508,22.450000762939453,154000
2006-09-07,4.809946537017822,22.239999771118164,22.459999084472656,22.18000030517578,22.40999984741211,212200
2006-09-08,4.853204727172852,22.440000534057617,22.440000534057617,22.200000762939453,22.200000762939453,105900
2006-09-11,4.8402252197265625,22.3799991607666,22.530000686645508,22.229999542236328,22.440000534057617,153200
2006-09-12,4.829409599304199,22.329999923706055,22.5,22.200000762939453,22.31999969482422,132200
2006-09-13,4.821369647979736,22.190000534057617,22.219999313354492,21.889999389648438,22.1200008392334,121600
2006-09-14,4.80181360244751,22.100000381469727,22.239999771118164,22.010000228881836,22.190000534057617,100600
2006-09-15,4.825714588165283,22.209999084472656,22.209999084472656,22.059999465942383,22.100000381469727,63500
2006-09-18,4.780087947845459,22.0,22.239999771118164,21.899999618530273,22.139999389648438,73300
2006-09-19,4.790948390960693,22.049999237060547,22.1200008392334,21.950000762939453,22.1200008392334,150500
2006-09-20,4.797470569610596,22.079999923706055,22.139999389648438,21.959999084472656,22.030000686645508,146000
2006-09-21,4.773570537567139,21.969999313354492,22.079999923706055,21.899999618530273,22.010000228881836,129300
2006-09-22,4.767049789428711,21.940000534057617,22.040000915527344,21.8700008392334,22.030000686645508,89000
2006-09-25,4.8105058670043945,22.139999389648438,22.200000762939453,21.860000610351562,21.860000610351562,178500
2006-09-26,4.84309720993042,22.290000915527344,22.290000915527344,22.110000610351562,22.1200008392334,150300
2006-09-27,4.899591445922852,22.549999237060547,22.549999237060547,22.25,22.260000228881836,118800
2006-09-28,4.877864360809326,22.450000762939453,22.579999923706055,22.329999923706055,22.56999969482422,93500
2006-09-29,4.851789474487305,22.329999923706055,22.520000457763672,22.270000457763672,22.389999389648438,104800
2006-10-02,4.8756937980651855,22.440000534057617,22.530000686645508,22.280000686645508,22.329999923706055,141900
2006-10-03,4.910453796386719,22.600000381469727,22.610000610351562,22.389999389648438,22.420000076293945,187300
2006-10-04,4.940873622894287,22.739999771118164,22.75,22.5,22.5,211200
2006-10-05,4.936527729034424,22.719999313354492,22.84000015258789,22.600000381469727,22.739999771118164,109600
2006-10-06,4.880033016204834,22.459999084472656,22.670000076293945,22.420000076293945,22.670000076293945,113400
2006-10-09,4.849619388580322,22.31999969482422,22.489999771118164,22.299999237060547,22.3700008392334,136900
2006-10-10,4.888729095458984,22.5,22.549999237060547,22.309999465942383,22.309999465942383,169000
2006-10-11,4.911211967468262,22.5,22.549999237060547,22.31999969482422,22.43000030517578,105300
2006-10-12,4.935218811035156,22.610000610351562,22.639999389648438,22.440000534057617,22.5,100300
2006-10-13,4.946134567260742,22.65999984741211,22.690000534057617,22.530000686645508,22.559999465942383,94200
2006-10-16,4.948311805725098,22.670000076293945,22.700000762939453,22.520000457763672,22.68000030517578,86200
2006-10-17,4.976691722869873,22.799999237060547,22.850000381469727,22.6299991607666,22.6299991607666,90400
2006-10-18,5.0312581062316895,23.049999237060547,23.049999237060547,22.780000686645508,22.780000686645508,112100
2006-10-19,5.053088188171387,23.149999618530273,23.25,23.010000228881836,23.020000457763672,91500
2006-10-20,5.070552349090576,23.229999542236328,23.309999465942383,23.100000381469727,23.15999984741211,115400
2006-10-23,5.118572235107422,23.450000762939453,23.469999313354492,23.190000534057617,23.25,89300
2006-10-24,5.12730073928833,23.489999771118164,23.489999771118164,23.290000915527344,23.479999542236328,191300
2006-10-25,5.177505016326904,23.719999313354492,23.739999771118164,23.489999771118164,23.489999771118164,145300
2006-10-26,5.170958995819092,23.690000534057617,23.780000686645508,23.600000381469727,23.780000686645508,124200
2006-10-27,5.146950721740723,23.579999923706055,23.719999313354492,23.579999923706055,23.719999313354492,86400
2006-10-30,5.142580032348633,23.559999465942383,23.68000030517578,23.520000457763672,23.579999923706055,100700
2006-10-31,5.1491289138793945,23.59000015258789,23.670000076293945,23.520000457763672,23.520000457763672,148000
2006-11-01,5.173141956329346,23.700000762939453,23.84000015258789,23.6200008392334,23.6200008392334,125200
2006-11-02,5.142580032348633,23.559999465942383,23.690000534057617,23.469999313354492,23.610000610351562,144900
2006-11-03,5.092379570007324,23.329999923706055,23.649999618530273,23.200000762939453,23.520000457763672,150600
2006-11-06,5.0749125480651855,23.25,23.389999389648438,23.110000610351562,23.290000915527344,176900
2006-11-07,5.077101707458496,23.260000228881836,23.34000015258789,23.209999084472656,23.260000228881836,120200
2006-11-08,5.11638879776001,23.440000534057617,23.440000534057617,23.18000030517578,23.18000030517578,122100
2006-11-09,5.120754241943359,23.459999084472656,23.530000686645508,23.40999984741211,23.440000534057617,85800
2006-11-10,5.146950721740723,23.579999923706055,23.59000015258789,23.420000076293945,23.420000076293945,167200
2006-11-13,5.1519880294799805,23.5,23.579999923706055,23.450000762939453,23.520000457763672,99000
2006-11-14,5.165146827697754,23.559999465942383,23.600000381469727,23.329999923706055,23.530000686645508,117800
2006-11-15,5.1519880294799805,23.5,23.559999465942383,23.469999313354492,23.530000686645508,100700
2006-11-16,5.187066555023193,23.65999984741211,23.739999771118164,23.5,23.5,103500
2006-11-17,5.171718120574951,23.59000015258789,23.719999313354492,23.579999923706055,23.639999389648438,96900
2006-11-20,5.165146827697754,23.559999465942383,23.68000030517578,23.540000915527344,23.579999923706055,171000
2006-11-21,5.169527053833008,23.579999923706055,23.639999389648438,23.489999771118164,23.56999969482422,113300
2006-11-22,5.17391300201416,23.600000381469727,23.639999389648438,23.549999237060547,23.56999969482422,140600
2006-11-24,5.187066555023193,23.65999984741211,23.65999984741211,23.549999237060547,23.600000381469727,24900
2006-11-27,5.134450435638428,23.420000076293945,23.649999618530273,23.350000381469727,23.6299991607666,151000
2006-11-28,5.16295051574707,23.549999237060547,23.579999923706055,23.389999389648438,23.420000076293945,117600
2006-11-29,5.224334239959717,23.829999923706055,23.860000610351562,23.610000610351562,23.610000610351562,167000
2006-11-30,5.270375728607178,24.040000915527344,24.040000915527344,23.8799991607666,23.93000030517578,107400
2006-12-01,5.2835307121276855,24.100000381469727,24.110000610351562,23.969999313354492,24.040000915527344,92000
2006-12-04,5.327373504638672,24.299999237060547,24.34000015258789,24.1200008392334,24.1200008392334,127700
2006-12-05,5.3668389320373535,24.479999542236328,24.5,24.3700008392334,24.3700008392334,123200
2006-12-06,5.358069896697998,24.440000534057617,24.559999465942383,24.399999618530273,24.479999542236328,350000
2006-12-07,5.3427205085754395,24.3700008392334,24.5,24.31999969482422,24.420000076293945,97000
2006-12-08,5.318606376647949,24.260000228881836,24.399999618530273,24.239999771118164,24.31999969482422,90100
2006-12-11,5.3427205085754395,24.3700008392334,24.420000076293945,24.270000457763672,24.290000915527344,117800
2006-12-12,5.39314603805542,24.600000381469727,24.709999084472656,24.440000534057617,24.440000534057617,191600
2006-12-13,5.4312357902526855,24.670000076293945,24.700000762939453,24.5,24.5,163000
2006-12-14,5.4312357902526855,24.670000076293945,24.75,24.6200008392334,24.700000762939453,360100
2006-12-15,5.407018184661865,24.559999465942383,24.770000457763672,24.520000457763672,24.75,105900
2006-12-18,5.380598068237305,24.440000534057617,24.649999618530273,24.40999984741211,24.59000015258789,233200
2006-12-19,5.415823459625244,24.600000381469727,24.6200008392334,24.350000381469727,24.389999389648438,133900
2006-12-20,5.415823459625244,24.600000381469727,24.639999389648438,24.530000686645508,24.6200008392334,163100
2006-12-21,5.3497772216796875,24.299999237060547,24.350000381469727,24.219999313354492,24.34000015258789,471600
2006-12-22,5.347570896148682,24.290000915527344,24.350000381469727,24.200000762939453,24.299999237060547,57700
2006-12-26,5.376193046569824,24.420000076293945,24.420000076293945,24.290000915527344,24.290000915527344,91000
2006-12-27,5.387199878692627,24.469999313354492,24.5,24.3700008392334,24.43000030517578,102300
2006-12-28,5.376193046569824,24.420000076293945,24.530000686645508,24.420000076293945,24.510000228881836,80500
2006-12-29,5.389403343200684,24.479999542236328,24.56999969482422,24.440000534057617,24.5,102700
2007-01-03,5.407018184661865,24.559999465942383,24.649999618530273,24.420000076293945,24.520000457763672,293800
2007-01-04,5.404812812805176,24.549999237060547,24.6299991607666,24.469999313354492,24.559999465942383,168800
2007-01-05,5.3211565017700195,24.170000076293945,24.549999237060547,24.0,24.549999237060547,201600
2007-01-08,5.305744171142578,24.100000381469727,24.229999542236328,24.010000228881836,24.170000076293945,133200
2007-01-09,5.296937465667725,24.059999465942383,24.110000610351562,23.969999313354492,24.100000381469727,140700
2007-01-10,5.257309436798096,23.8799991607666,24.059999465942383,23.760000228881836,24.059999465942383,249300
2007-01-11,5.275661468505859,23.860000610351562,23.899999618530273,23.600000381469727,23.6299991607666,145700
2007-01-12,5.251341819763184,23.75,23.8700008392334,23.75,23.809999465942383,146700
2007-01-16,5.260184288024902,23.790000915527344,23.889999389648438,23.729999542236328,23.760000228881836,119100
2007-01-17,5.26902961730957,23.829999923706055,23.850000381469727,23.65999984741211,23.719999313354492,103300
2007-01-18,5.240286827087402,23.700000762939453,23.8799991607666,23.690000534057617,23.780000686645508,92500
2007-01-19,5.255760669708252,23.770000457763672,23.81999969482422,23.670000076293945,23.68000030517578,88000
2007-01-22,5.275661468505859,23.860000610351562,23.8700008392334,23.780000686645508,23.81999969482422,123600
2007-01-23,5.304404258728027,23.989999771118164,24.010000228881836,23.809999465942383,23.90999984741211,125600
2007-01-24,5.324306488037109,24.079999923706055,24.079999923706055,23.940000534057617,23.940000534057617,120300
2007-01-25,5.3021931648254395,23.979999542236328,24.1200008392334,23.920000076293945,24.100000381469727,142100
2007-01-26,5.304404258728027,23.989999771118164,24.0,23.8799991607666,23.959999084472656,108300
2007-01-29,5.3088274002075195,24.010000228881836,24.030000686645508,23.950000762939453,23.969999313354492,87600
2007-01-30,5.3331499099731445,24.1200008392334,24.190000534057617,24.0,24.010000228881836,121500
2007-01-31,5.353049278259277,24.209999084472656,24.270000457763672,24.100000381469727,24.15999984741211,120000
2007-02-01,5.417171955108643,24.5,24.520000457763672,24.25,24.25,144500
2007-02-02,5.454763889312744,24.670000076293945,24.700000762939453,24.479999542236328,24.479999542236328,168100
2007-02-05,5.5078277587890625,24.90999984741211,24.93000030517578,24.649999618530273,24.670000076293945,151000
2007-02-06,5.540995121002197,25.059999465942383,25.1200008392334,24.90999984741211,24.959999084472656,127600
2007-02-07,5.558681011199951,25.139999389648438,25.229999542236328,25.059999465942383,25.110000610351562,128400
2007-02-08,5.578578472137451,25.229999542236328,25.270000457763672,25.049999237060547,25.049999237060547,113500
2007-02-09,5.585214614868164,25.260000228881836,25.399999618530273,25.149999618530273,25.229999542236328,116500
2007-02-12,5.5520477294921875,25.110000610351562,25.270000457763672,25.110000610351562,25.25,140800
2007-02-13,5.574915409088135,25.110000610351562,25.139999389648438,24.959999084472656,24.989999771118164,144600
2007-02-14,5.590459823608398,25.18000030517578,25.280000686645508,25.1200008392334,25.1200008392334,144900
2007-02-15,5.56603479385376,25.06999969482422,25.25,25.059999465942383,25.229999542236328,130700
2007-02-16,5.550495624542236,25.0,25.079999923706055,24.899999618530273,25.049999237060547,123500
2007-02-20,5.572696685791016,25.100000381469727,25.18000030517578,24.979999542236328,24.979999542236328,166200
2007-02-21,5.557158470153809,25.030000686645508,25.09000015258789,24.950000762939453,25.079999923706055,159800
2007-02-22,5.559374809265137,25.040000915527344,25.1299991607666,24.979999542236328,24.989999771118164,111900
2007-02-23,5.599339008331299,25.219999313354492,25.219999313354492,25.049999237060547,25.1200008392334,124300
2007-02-26,5.7725138664245605,26.0,26.25,25.479999542236328,25.479999542236328,246100
2007-02-27,5.586019515991211,25.15999984741211,25.81999969482422,24.90999984741211,25.530000686645508,216700
2007-02-28,5.628194808959961,25.350000381469727,25.450000762939453,25.040000915527344,25.219999313354492,172900
2007-03-01,5.637082576751709,25.389999389648438,25.549999237060547,24.59000015258789,25.15999984741211,228200
2007-03-02,5.546054840087891,24.979999542236328,25.209999084472656,24.920000076293945,25.100000381469727,110100
2007-03-05,5.4239420890808105,24.43000030517578,24.889999389648438,24.399999618530273,24.889999389648438,162200
2007-03-06,5.497208595275879,24.760000228881836,24.760000228881836,24.450000762939453,24.68000030517578,146700
2007-03-07,5.5060906410217285,24.799999237060547,24.959999084472656,24.639999389648438,24.75,108500
2007-03-08,5.49943208694458,24.770000457763672,25.040000915527344,24.770000457763672,24.889999389648438,117400
2007-03-09,5.510531425476074,24.81999969482422,24.989999771118164,24.770000457763672,24.8799991607666,90000
2007-03-12,5.548274517059326,24.989999771118164,25.049999237060547,24.81999969482422,24.81999969482422,79000
2007-03-13,5.4842915534973145,24.600000381469727,24.969999313354492,24.559999465942383,24.93000030517578,156000
2007-03-14,5.506584167480469,24.700000762939453,24.809999465942383,24.450000762939453,24.600000381469727,163300
2007-03-15,5.566777229309082,24.969999313354492,24.989999771118164,24.6200008392334,24.670000076293945,152100
2007-03-16,5.546711444854736,24.8799991607666,25.040000915527344,24.81999969482422,24.959999084472656,72600
2007-03-19,5.589069366455078,25.06999969482422,25.09000015258789,24.920000076293945,24.920000076293945,83100
2007-03-20,5.6581807136535645,25.3799991607666,25.420000076293945,25.049999237060547,25.059999465942383,122500
2007-03-21,5.762966156005859,25.850000381469727,25.950000762939453,25.399999618530273,25.530000686645508,120400
2007-03-22,5.796405792236328,26.0,26.09000015258789,25.770000457763672,25.850000381469727,167600
2007-03-23,5.809779644012451,26.059999465942383,26.059999465942383,25.860000610351562,25.989999771118164,155000
2007-03-26,5.834304332733154,26.170000076293945,26.170000076293945,25.969999313354492,26.040000915527344,142300
2007-03-27,5.82092809677124,26.110000610351562,26.25,25.90999984741211,26.219999313354492,113600
2007-03-28,5.82092809677124,26.110000610351562,26.25,26.040000915527344,26.110000610351562,96900
2007-03-29,5.845451354980469,26.219999313354492,26.350000381469727,26.1299991607666,26.149999618530273,121900
2007-03-30,5.83876371383667,26.190000534057617,26.329999923706055,25.899999618530273,26.25,151100
2007-04-02,5.914562225341797,26.530000686645508,26.6299991607666,26.170000076293945,26.18000030517578,165200
2007-04-03,5.961380958557129,26.739999771118164,26.739999771118164,26.59000015258789,26.59000015258789,127700
2007-04-04,5.954692363739014,26.709999084472656,26.8799991607666,26.700000762939453,26.8799991607666,92500
2007-04-05,5.956918239593506,26.719999313354492,26.770000457763672,26.68000030517578,26.700000762939453,103500
2007-04-09,5.990362167358398,26.8700008392334,26.969999313354492,26.729999542236328,26.729999542236328,137000
2007-04-10,6.005965709686279,26.940000534057617,26.969999313354492,26.860000610351562,26.889999389648438,127000
2007-04-11,6.012233734130859,26.860000610351562,26.979999542236328,26.809999465942383,26.979999542236328,120400
2007-04-12,5.9786601066589355,26.709999084472656,26.8799991607666,26.65999984741211,26.84000015258789,97500
2007-04-13,5.976419925689697,26.700000762939453,26.790000915527344,26.649999618530273,26.700000762939453,126000
2007-04-16,6.003280162811279,26.81999969482422,26.889999389648438,26.739999771118164,26.739999771118164,130100
2007-04-17,6.034617900848389,26.959999084472656,27.020000457763672,26.780000686645508,26.850000381469727,116700
2007-04-18,6.054764270782471,27.049999237060547,27.149999618530273,26.920000076293945,26.940000534057617,99300
2007-04-19,6.005521297454834,26.829999923706055,26.969999313354492,26.770000457763672,26.889999389648438,112700
2007-04-20,6.050288677215576,27.030000686645508,27.1200008392334,26.899999618530273,26.940000534057617,181000
2007-04-23,6.092817783355713,27.219999313354492,27.350000381469727,27.049999237060547,27.049999237060547,124200
2007-04-24,6.126389980316162,27.3700008392334,27.440000534057617,27.18000030517578,27.200000762939453,154000
2007-04-25,6.186827182769775,27.639999389648438,27.639999389648438,27.40999984741211,27.40999984741211,183100
2007-04-26,6.193543434143066,27.670000076293945,27.780000686645508,27.610000610351562,27.670000076293945,151600
2007-04-27,6.15772819519043,27.510000228881836,27.639999389648438,27.399999618530273,27.6299991607666,78200
2007-04-30,6.117436408996582,27.329999923706055,27.719999313354492,27.31999969482422,27.510000228881836,175400
2007-05-01,6.166682720184326,27.549999237060547,27.59000015258789,27.299999237060547,27.350000381469727,153800
2007-05-02,6.215924263000488,27.770000457763672,27.81999969482422,27.530000686645508,27.530000686645508,167700
2007-05-03,6.2427849769592285,27.889999389648438,27.940000534057617,27.719999313354492,27.799999237060547,141000
2007-05-04,6.265169143676758,27.989999771118164,28.020000457763672,27.90999984741211,27.90999984741211,261200
2007-05-07,6.323366165161133,28.25,28.280000686645508,28.010000228881836,28.010000228881836,138000
2007-05-08,6.287555694580078,28.09000015258789,28.270000457763672,27.81999969482422,28.270000457763672,151100
2007-05-09,6.3278422355651855,28.270000457763672,28.270000457763672,28.09000015258789,28.09000015258789,221200
2007-05-10,6.2808380126953125,28.059999465942383,28.280000686645508,28.0,28.229999542236328,133700
2007-05-11,6.296118259429932,28.020000457763672,28.049999237060547,27.799999237060547,27.950000762939453,157400
2007-05-14,6.3185882568359375,28.1200008392334,28.18000030517578,28.059999465942383,28.059999465942383,130700
2007-05-15,6.338809490203857,28.209999084472656,28.420000076293945,28.139999389648438,28.139999389648438,160900
2007-05-16,6.377008438110352,28.3799991607666,28.399999618530273,28.190000534057617,28.219999313354492,131500
2007-05-17,6.352293491363525,28.270000457763672,28.299999237060547,28.09000015258789,28.219999313354492,134400
2007-05-18,6.392739295959473,28.450000762939453,28.459999084472656,28.25,28.280000686645508,392100
2007-05-21,6.415209770202637,28.549999237060547,28.56999969482422,28.43000030517578,28.469999313354492,354200
2007-05-22,6.390493392944336,28.440000534057617,28.579999923706055,28.43000030517578,28.510000228881836,196900
2007-05-23,6.334316253662109,28.190000534057617,28.530000686645508,28.18000030517578,28.43000030517578,214100
2007-05-24,6.156803131103516,27.399999618530273,28.100000381469727,27.209999084472656,28.06999969482422,340100
2007-05-25,6.084897994995117,27.079999923706055,27.450000762939453,26.850000381469727,27.399999618530273,207500
2007-05-29,6.156803131103516,27.399999618530273,27.440000534057617,27.079999923706055,27.079999923706055,228200
2007-05-30,6.24668550491333,27.799999237060547,27.860000610351562,27.1200008392334,27.149999618530273,126700
2007-05-31,6.255673408508301,27.84000015258789,27.950000762939453,27.520000457763672,27.600000381469727,227100
2007-06-01,6.210729122161865,27.639999389648438,27.899999618530273,27.6299991607666,27.799999237060547,466200
2007-06-04,6.199497699737549,27.59000015258789,27.670000076293945,27.40999984741211,27.6200008392334,357900
2007-06-05,6.165791034698486,27.440000534057617,27.59000015258789,27.31999969482422,27.549999237060547,314100
2007-06-06,6.024232387542725,26.809999465942383,27.299999237060547,26.649999618530273,27.299999237060547,246500
2007-06-07,5.82874059677124,25.940000534057617,26.6200008392334,25.90999984741211,26.610000610351562,457300
2007-06-08,5.887164115905762,26.200000762939453,26.34000015258789,25.56999969482422,25.719999313354492,343800
2007-06-11,5.934349536895752,26.40999984741211,26.549999237060547,25.950000762939453,25.950000762939453,215700
2007-06-12,5.833231449127197,25.959999084472656,26.350000381469727,25.899999618530273,26.170000076293945,217200
2007-06-13,5.941085338592529,26.329999923706055,26.34000015258789,25.8799991607666,25.8799991607666,393800
2007-06-14,5.990732669830322,26.549999237060547,26.690000534057617,26.350000381469727,26.350000381469727,312500
2007-06-15,6.078729152679443,26.940000534057617,27.0,26.799999237060547,26.799999237060547,246700
2007-06-18,6.031343460083008,26.729999542236328,27.190000534057617,26.700000762939453,27.190000534057617,145300
2007-06-19,6.053912162780762,26.829999923706055,26.850000381469727,26.56999969482422,26.6299991607666,149300
2007-06-20,5.947861194610596,26.360000610351562,26.920000076293945,26.350000381469727,26.84000015258789,232500
2007-06-21,5.925300598144531,26.260000228881836,26.459999084472656,26.049999237060547,26.1299991607666,115800
2007-06-22,5.8666276931762695,26.0,26.200000762939453,25.850000381469727,26.09000015258789,113500
2007-06-25,5.8666276931762695,26.0,26.299999237060547,25.809999465942383,25.899999618530273,147300
2007-06-26,5.846322536468506,25.90999984741211,26.25,25.850000381469727,26.049999237060547,126100
2007-06-27,5.923038005828857,26.25,26.25,25.670000076293945,25.670000076293945,107600
2007-06-28,5.934321403503418,26.299999237060547,26.489999771118164,25.90999984741211,26.25,163500
2007-06-29,5.923038005828857,26.25,26.479999542236328,26.149999618530273,26.34000015258789,57500
2007-07-02,6.038112640380859,26.760000228881836,26.84000015258789,26.25,26.25,76900
2007-07-03,6.076474189758301,26.93000030517578,27.049999237060547,26.700000762939453,26.700000762939453,70900
2007-07-05,6.044882297515869,26.790000915527344,26.989999771118164,26.690000534057617,26.889999389648438,73000
2007-07-06,5.992986679077148,26.559999465942383,26.8799991607666,26.440000534057617,26.729999542236328,89000
2007-07-09,5.979450225830078,26.5,26.670000076293945,26.489999771118164,26.489999771118164,59700
2007-07-10,5.907243728637695,26.18000030517578,26.610000610351562,26.18000030517578,26.309999465942383,90000
2007-07-11,5.919264793395996,26.100000381469727,26.209999084472656,26.0,26.200000762939453,66700
2007-07-12,6.019054412841797,26.540000915527344,26.600000381469727,26.1299991607666,26.1299991607666,91100
2007-07-13,6.132445812225342,27.040000915527344,27.040000915527344,26.459999084472656,26.459999084472656,101000
2007-07-16,6.06667947769165,26.75,27.010000228881836,26.700000762939453,27.010000228881836,102100
2007-07-17,6.030392646789551,26.59000015258789,26.75,26.5,26.719999313354492,96900
2007-07-18,6.021322727203369,26.549999237060547,26.56999969482422,26.309999465942383,26.3700008392334,113500
2007-07-19,6.155128479003906,27.139999389648438,27.170000076293945,26.549999237060547,26.549999237060547,162000
2007-07-20,6.068944454193115,26.760000228881836,27.139999389648438,26.760000228881836,27.1299991607666,242600
2007-07-23,6.091625213623047,26.860000610351562,27.059999465942383,26.719999313354492,26.760000228881836,144400
2007-07-24,5.92152738571167,26.110000610351562,26.920000076293945,26.049999237060547,26.809999465942383,130900
2007-07-25,5.878442764282227,25.920000076293945,26.34000015258789,25.709999084472656,26.100000381469727,204200
2007-07-26,5.672061443328857,25.010000228881836,25.65999984741211,24.450000762939453,25.420000076293945,341100
2007-07-27,5.604022026062012,24.709999084472656,25.110000610351562,24.65999984741211,24.65999984741211,144100
2007-07-30,5.622166633605957,24.790000915527344,24.90999984741211,24.43000030517578,24.799999237060547,221400
2007-07-31,5.592685222625732,24.65999984741211,25.219999313354492,24.65999984741211,24.860000610351562,182800
2007-08-01,5.692472457885742,25.100000381469727,25.190000534057617,24.639999389648438,24.649999618530273,224900
2007-08-02,5.776383399963379,25.469999313354492,25.549999237060547,25.15999984741211,25.15999984741211,196700
2007-08-03,5.6312408447265625,24.829999923706055,25.639999389648438,24.790000915527344,25.43000030517578,98300
2007-08-06,5.701539993286133,25.139999389648438,25.15999984741211,24.010000228881836,24.75,141600
2007-08-07,5.824010848999023,25.68000030517578,25.780000686645508,25.0,25.1299991607666,107200
2007-08-08,5.882976055145264,25.940000534057617,26.270000457763672,25.600000381469727,25.729999542236328,108600
2007-08-09,5.8035993576049805,25.59000015258789,25.979999542236328,25.34000015258789,25.450000762939453,131000
2007-08-10,5.758243560791016,25.389999389648438,25.799999237060547,24.799999237060547,25.420000076293945,198300
2007-08-13,5.754364490509033,25.239999771118164,25.579999923706055,25.149999618530273,25.459999084472656,64000
2007-08-14,5.603895664215088,24.579999923706055,25.270000457763672,24.5,25.270000457763672,143400
2007-08-15,5.487620830535889,24.06999969482422,24.850000381469727,24.010000228881836,24.510000228881836,155700
2007-08-16,5.271035194396973,23.1200008392334,23.950000762939453,21.770000457763672,23.899999618530273,459100
2007-08-17,5.455704212188721,23.93000030517578,24.170000076293945,23.010000228881836,24.0,456700
2007-08-20,5.546895980834961,24.329999923706055,24.459999084472656,24.010000228881836,24.170000076293945,110300
2007-08-21,5.619852066040039,24.649999618530273,24.75,24.329999923706055,24.329999923706055,103500
2007-08-22,5.706489086151123,25.030000686645508,25.200000762939453,24.719999313354492,24.770000457763672,145700
2007-08-23,5.7566447257995605,25.25,25.25,24.959999084472656,25.09000015258789,106500
2007-08-24,5.795402526855469,25.420000076293945,25.420000076293945,25.110000610351562,25.219999313354492,81500
2007-08-27,5.670015335083008,24.8700008392334,25.350000381469727,24.809999465942383,25.350000381469727,252400
2007-08-28,5.556019306182861,24.3700008392334,24.780000686645508,24.360000610351562,24.780000686645508,171200
2007-08-29,5.660891056060791,24.829999923706055,24.84000015258789,24.399999618530273,24.56999969482422,69900
2007-08-30,5.615293979644775,24.6299991607666,24.889999389648438,24.520000457763672,24.649999618530273,114600
2007-08-31,5.7133283615112305,25.059999465942383,25.229999542236328,24.670000076293945,24.860000610351562,221000
2007-09-04,5.829604625701904,25.56999969482422,25.579999923706055,25.06999969482422,25.06999969482422,129400
2007-09-05,5.781725883483887,25.360000610351562,25.450000762939453,25.200000762939453,25.450000762939453,73300
2007-09-06,5.793123722076416,25.40999984741211,25.5,25.15999984741211,25.43000030517578,129800
2007-09-07,5.7042107582092285,25.020000457763672,25.280000686645508,25.0,25.260000228881836,92200
2007-09-10,5.729286193847656,25.1299991607666,25.290000915527344,24.889999389648438,25.09000015258789,103500
2007-09-11,5.786282062530518,25.3799991607666,25.479999542236328,25.139999389648438,25.209999084472656,89100
2007-09-12,5.823642730712891,25.40999984741211,25.440000534057617,25.190000534057617,25.209999084472656,86200
2007-09-13,5.841975212097168,25.489999771118164,25.6299991607666,25.420000076293945,25.510000228881836,78500
2007-09-14,5.848850727081299,25.520000457763672,25.700000762939453,25.309999465942383,25.309999465942383,54600
2007-09-17,5.832808971405029,25.450000762939453,25.56999969482422,25.350000381469727,25.520000457763672,57600
2007-09-18,5.956570148468018,25.989999771118164,26.040000915527344,25.520000457763672,25.649999618530273,99300
2007-09-19,6.045953750610352,26.3799991607666,26.510000228881836,26.170000076293945,26.200000762939453,177700
2007-09-20,6.027621269226074,26.299999237060547,26.479999542236328,26.299999237060547,26.479999542236328,80200
2007-09-21,6.041370868682861,26.360000610351562,26.579999923706055,26.209999084472656,26.350000381469727,116600
2007-09-24,6.03220272064209,26.31999969482422,26.520000457763672,26.270000457763672,26.3799991607666,82500
2007-09-25,6.029908657073975,26.309999465942383,26.469999313354492,26.209999084472656,26.31999969482422,83400
2007-09-26,6.052831172943115,26.40999984741211,26.5,26.329999923706055,26.329999923706055,62100
2007-09-27,6.029908657073975,26.309999465942383,26.459999084472656,26.270000457763672,26.440000534057617,96800
2007-09-28,5.977197647094727,26.079999923706055,26.420000076293945,26.079999923706055,26.309999465942383,97000
2007-10-01,6.059703826904297,26.440000534057617,26.56999969482422,26.1200008392334,26.1200008392334,99700
2007-10-02,6.0619964599609375,26.450000762939453,26.489999771118164,26.34000015258789,26.40999984741211,89600
2007-10-03,6.034491539001465,26.329999923706055,26.40999984741211,26.270000457763672,26.40999984741211,96300
2007-10-04,6.075747013092041,26.510000228881836,26.610000610351562,26.3700008392334,26.3700008392334,61700
2007-10-05,6.160546779632568,26.8799991607666,26.979999542236328,26.559999465942383,26.559999465942383,107600
2007-10-08,6.160546779632568,26.8799991607666,26.93000030517578,26.739999771118164,26.739999771118164,72900
2007-10-09,6.22013521194458,27.139999389648438,27.15999984741211,26.920000076293945,26.93000030517578,267700
2007-10-10,6.288893222808838,27.440000534057617,27.479999542236328,27.170000076293945,27.170000076293945,88400
2007-10-11,6.298796653747559,27.350000381469727,27.600000381469727,27.299999237060547,27.31999969482422,534200
2007-10-12,6.2918853759765625,27.31999969482422,27.559999465942383,27.25,27.31999969482422,536100
2007-10-15,6.250430583953857,27.139999389648438,27.489999771118164,27.139999389648438,27.420000076293945,539000
2007-10-16,6.238914489746094,27.09000015258789,27.239999771118164,27.09000015258789,27.09000015258789,546300
2007-10-17,6.243521213531494,27.110000610351562,27.450000762939453,27.040000915527344,27.149999618530273,115800
2007-10-18,6.273458480834961,27.239999771118164,27.309999465942383,27.020000457763672,27.020000457763672,56400
2007-10-19,6.086915016174316,26.43000030517578,27.200000762939453,26.43000030517578,27.200000762939453,106700
2007-10-22,6.119158744812012,26.56999969482422,26.75,26.190000534057617,26.299999237060547,120000
2007-10-23,6.137581825256348,26.649999618530273,26.829999923706055,26.579999923706055,26.6299991607666,72900
2007-10-24,6.162915229797363,26.760000228881836,26.799999237060547,26.3700008392334,26.6200008392334,75100
2007-10-25,6.2964887619018555,27.34000015258789,27.360000610351562,26.84000015258789,26.84000015258789,111500
2007-10-26,6.395522117614746,27.770000457763672,27.790000915527344,27.40999984741211,27.40999984741211,103900
2007-10-29,6.432369709014893,27.93000030517578,27.969999313354492,27.770000457763672,27.790000915527344,69200
2007-10-30,6.4346723556518555,27.940000534057617,28.0,27.829999923706055,27.899999618530273,170600
2007-10-31,6.508368492126465,28.260000228881836,28.469999313354492,27.90999984741211,27.90999984741211,114100
2007-11-01,6.423155784606934,27.889999389648438,28.190000534057617,27.8799991607666,28.09000015258789,106000
2007-11-02,6.347158908843994,27.559999465942383,28.040000915527344,27.389999389648438,27.989999771118164,162100
2007-11-05,6.393217086791992,27.760000228881836,27.93000030517578,27.31999969482422,27.31999969482422,117900
2007-11-06,6.413946628570557,27.850000381469727,28.09000015258789,27.6200008392334,28.09000015258789,100600
2007-11-07,6.287280559539795,27.299999237060547,27.719999313354492,27.299999237060547,27.31999969482422,62700
2007-11-08,6.377095699310303,27.690000534057617,27.8700008392334,27.299999237060547,27.299999237060547,74400
2007-11-09,6.326431751251221,27.469999313354492,27.700000762939453,27.399999618530273,27.700000762939453,57300
2007-11-12,6.250430583953857,27.139999389648438,27.450000762939453,27.110000610351562,27.239999771118164,71900
2007-11-13,6.258065223693848,27.040000915527344,27.239999771118164,26.8700008392334,27.170000076293945,130400
2007-11-14,6.262698173522949,27.059999465942383,27.229999542236328,27.010000228881836,27.010000228881836,343100
2007-11-15,6.239549160003662,26.959999084472656,27.1299991607666,26.780000686645508,26.780000686645508,193900
2007-11-16,6.2835259437561035,27.149999618530273,27.200000762939453,26.8700008392334,27.100000381469727,322700
2007-11-19,6.278898239135742,27.1299991607666,27.31999969482422,27.06999969482422,27.09000015258789,495200
2007-11-20,6.35526704788208,27.459999084472656,27.600000381469727,27.200000762939453,27.200000762939453,213800
2007-11-21,6.295097351074219,27.200000762939453,27.520000457763672,27.200000762939453,27.290000915527344,244000
2007-11-23,6.341386318206787,27.399999618530273,27.600000381469727,27.25,27.479999542236328,68100
2007-11-26,6.262698173522949,27.059999465942383,27.649999618530273,27.059999465942383,27.43000030517578,477600
2007-11-27,6.389986991882324,27.610000610351562,27.649999618530273,27.020000457763672,27.020000457763672,86500
2007-11-28,6.436274528503418,27.809999465942383,28.219999313354492,27.649999618530273,27.75,83400
2007-11-29,6.417758464813232,27.729999542236328,27.969999313354492,27.700000762939453,27.75,59900
2007-11-30,6.563562393188477,28.360000610351562,28.40999984741211,27.809999465942383,28.010000228881836,84500
2007-12-03,6.591336250305176,28.479999542236328,28.81999969482422,28.270000457763672,28.530000686645508,91200
2007-12-04,6.607539176940918,28.549999237060547,28.709999084472656,28.25,28.25,71600
2007-12-05,6.639944553375244,28.690000534057617,29.079999923706055,28.5,28.809999465942383,76400
2007-12-06,6.670024871826172,28.81999969482422,28.81999969482422,28.520000457763672,28.520000457763672,68600
2007-12-07,6.702427387237549,28.959999084472656,29.030000686645508,28.780000686645508,28.84000015258789,58800
2007-12-10,6.744088172912598,29.139999389648438,29.239999771118164,29.0,29.0,56800
2007-12-11,6.630682468414307,28.649999618530273,29.219999313354492,28.610000610351562,29.170000076293945,77700
2007-12-12,6.5523247718811035,28.18000030517578,29.110000610351562,27.979999542236328,28.899999618530273,60100
2007-12-13,6.601152420043945,28.389999389648438,28.5,27.979999542236328,27.979999542236328,74900
2007-12-14,6.636031627655029,28.540000915527344,28.760000228881836,28.34000015258789,28.5,81800
2007-12-17,6.615103244781494,28.450000762939453,28.610000610351562,28.209999084472656,28.40999984741211,103800
2007-12-18,6.675558090209961,28.709999084472656,28.799999237060547,28.540000915527344,28.709999084472656,82700
2007-12-19,6.705784320831299,28.84000015258789,28.959999084472656,28.739999771118164,28.75,95300
2007-12-20,6.705784320831299,28.84000015258789,28.93000030517578,28.670000076293945,28.93000030517578,127800
2007-12-21,6.787054538726807,27.559999465942383,28.0,27.309999465942383,28.0,89600
2007-12-24,6.799370288848877,27.610000610351562,27.639999389648438,27.5,27.600000381469727,31600
2007-12-26,6.814138889312744,27.670000076293945,27.780000686645508,27.489999771118164,27.579999923706055,83500
2007-12-27,6.762425422668457,27.459999084472656,27.6299991607666,27.299999237060547,27.6299991607666,96100
2007-12-28,6.819066047668457,27.690000534057617,27.690000534057617,27.549999237060547,27.600000381469727,80600
2007-12-31,6.772279262542725,27.5,27.84000015258789,27.43000030517578,27.84000015258789,79300
2008-01-02,6.705782413482666,27.229999542236328,27.649999618530273,27.09000015258789,27.600000381469727,234300
2008-01-03,6.747647285461426,27.399999618530273,27.540000915527344,27.1200008392334,27.190000534057617,195700
2008-01-04,6.7230224609375,27.299999237060547,27.459999084472656,27.079999923706055,27.079999923706055,182000
2008-01-07,6.816603660583496,27.68000030517578,27.850000381469727,27.31999969482422,27.31999969482422,225800
2008-01-08,6.927425384521484,28.1299991607666,28.5,27.829999923706055,27.860000610351562,269300
2008-01-09,6.934811592102051,28.15999984741211,28.489999771118164,28.0,28.170000076293945,430000
2008-01-10,6.9298834800720215,28.139999389648438,28.479999542236328,28.010000228881836,28.389999389648438,193700
2008-01-11,6.941041469573975,28.0,28.219999313354492,27.6299991607666,27.809999465942383,127800
2008-01-14,6.891460418701172,27.799999237060547,28.059999465942383,27.68000030517578,28.0,101500
2008-01-15,6.869151592254639,27.709999084472656,27.829999923706055,27.510000228881836,27.780000686645508,97000
2008-01-16,6.752642631530762,27.239999771118164,27.940000534057617,27.200000762939453,27.940000534057617,163900
2008-01-17,6.489871501922607,26.18000030517578,27.219999313354492,26.059999465942383,27.219999313354492,246300
2008-01-18,6.289079189300537,25.3700008392334,26.25,24.479999542236328,26.25,220200
2008-01-22,6.13290548324585,24.739999771118164,24.8700008392334,23.510000228881836,23.760000228881836,160100
2008-01-23,6.1453022956848145,24.790000915527344,24.8799991607666,23.729999542236328,24.010000228881836,187100
2008-01-24,6.175049781799316,24.90999984741211,25.18000030517578,24.760000228881836,24.799999237060547,229000
2008-01-25,6.122990131378174,24.700000762939453,25.149999618530273,24.639999389648438,25.030000686645508,215600
2008-01-28,6.1477766036987305,24.799999237060547,24.90999984741211,24.709999084472656,24.709999084472656,177000
2008-01-29,6.2023162841796875,25.020000457763672,25.09000015258789,24.799999237060547,25.020000457763672,179500
2008-01-30,6.184962749481201,24.950000762939453,25.239999771118164,24.8700008392334,24.90999984741211,158100
2008-01-31,6.313867568969727,25.469999313354492,25.469999313354492,24.799999237060547,24.950000762939453,184400
2008-02-01,6.492349624633789,26.190000534057617,26.25,25.329999923706055,25.329999923706055,178600
2008-02-04,6.549368381500244,26.420000076293945,26.5,25.93000030517578,25.959999084472656,156300
2008-02-05,6.338654518127441,25.56999969482422,26.299999237060547,25.530000686645508,26.299999237060547,234700
2008-02-06,6.306434631347656,25.440000534057617,25.809999465942383,25.399999618530273,25.6200008392334,116000
2008-02-07,6.306434631347656,25.440000534057617,25.489999771118164,25.100000381469727,25.360000610351562,140200
2008-02-08,6.167607307434082,24.8799991607666,25.3700008392334,24.850000381469727,25.219999313354492,145100
2008-02-11,6.15273904800415,24.81999969482422,24.899999618530273,24.510000228881836,24.8799991607666,158700
2008-02-12,6.214709281921387,25.06999969482422,25.360000610351562,24.81999969482422,25.0,141600
2008-02-13,6.190989971160889,24.790000915527344,25.15999984741211,24.43000030517578,24.81999969482422,170100
2008-02-14,6.013672828674316,24.079999923706055,24.760000228881836,23.799999237060547,24.6299991607666,252800
2008-02-15,6.118560314178467,24.5,24.5,23.860000610351562,23.979999542236328,153500
2008-02-19,6.033651828765869,24.15999984741211,24.739999771118164,23.8799991607666,24.56999969482422,180900
2008-02-20,6.09358549118042,24.399999618530273,24.59000015258789,23.850000381469727,23.979999542236328,96900
2008-02-21,6.043637752532959,24.200000762939453,24.559999465942383,23.989999771118164,24.360000610351562,125900
2008-02-22,6.153526306152344,24.639999389648438,24.780000686645508,24.100000381469727,24.219999313354492,128800
2008-02-25,6.260910987854004,25.06999969482422,25.100000381469727,24.510000228881836,24.610000610351562,138500
2008-02-26,6.323348522186279,25.31999969482422,25.350000381469727,24.729999542236328,24.889999389648438,149700
2008-02-27,6.265909194946289,25.09000015258789,25.399999618530273,24.950000762939453,25.100000381469727,118200
2008-02-28,6.173501968383789,24.719999313354492,25.049999237060547,24.440000534057617,25.049999237060547,139600
2008-02-29,6.008677959442139,24.059999465942383,24.75,24.049999237060547,24.709999084472656,98000
2008-03-03,6.131049156188965,24.549999237060547,24.600000381469727,24.010000228881836,24.020000457763672,165000
2008-03-04,6.09358549118042,24.399999618530273,24.709999084472656,23.65999984741211,23.65999984741211,102100
2008-03-05,6.1235575675964355,24.520000457763672,24.809999465942383,24.260000228881836,24.399999618530273,98000
2008-03-06,6.023667335510254,24.1200008392334,24.649999618530273,24.1200008392334,24.5,99900
2008-03-07,5.848843574523926,23.420000076293945,24.350000381469727,23.399999618530273,24.09000015258789,141500
2008-03-10,5.616589546203613,22.489999771118164,23.209999084472656,22.200000762939453,23.059999465942383,206400
2008-03-11,5.936254978179932,23.770000457763672,23.979999542236328,22.600000381469727,22.600000381469727,150600
2008-03-12,5.733638763427734,22.780000686645508,23.940000534057617,22.780000686645508,23.90999984741211,178600
2008-03-13,5.791525840759277,23.010000228881836,23.219999313354492,22.270000457763672,22.649999618530273,98200
2008-03-14,5.718535900115967,22.719999313354492,23.209999084472656,22.559999465942383,23.18000030517578,107200
2008-03-17,5.685816287994385,22.59000015258789,22.850000381469727,22.25,22.5,103400
2008-03-18,5.8418684005737305,23.209999084472656,23.219999313354492,22.399999618530273,22.690000534057617,126600
2008-03-19,5.7890119552612305,23.0,23.959999084472656,22.700000762939453,23.209999084472656,155100
2008-03-20,5.763843059539795,22.899999618530273,23.190000534057617,22.709999084472656,22.920000076293945,133200
2008-03-24,5.781461238861084,22.969999313354492,23.18000030517578,22.770000457763672,23.059999465942383,120700
2008-03-25,5.781461238861084,22.969999313354492,23.079999923706055,22.809999465942383,22.969999313354492,95300
2008-03-26,5.766357898712158,22.90999984741211,23.010000228881836,22.799999237060547,23.010000228881836,84700
2008-03-27,5.7890119552612305,23.0,23.229999542236328,22.899999618530273,22.93000030517578,73100
2008-03-28,5.756290912628174,22.8700008392334,23.25,22.8700008392334,23.149999618530273,90900
2008-03-31,5.761322975158691,22.889999389648438,22.989999771118164,22.780000686645508,22.989999771118164,88900
2008-04-01,5.9224090576171875,23.530000686645508,23.530000686645508,22.979999542236328,22.979999542236328,127900
2008-04-02,6.015537261962891,23.899999618530273,24.3799991607666,23.559999465942383,23.799999237060547,148100
2008-04-03,6.002954006195068,23.850000381469727,24.049999237060547,23.670000076293945,23.940000534057617,149700
2008-04-04,6.101112365722656,24.239999771118164,24.5,23.920000076293945,24.06999969482422,149900
2008-04-07,6.070913314819336,24.1200008392334,24.43000030517578,24.110000610351562,24.3700008392334,118200
2008-04-08,6.065878868103027,24.100000381469727,24.1299991607666,23.889999389648438,24.1299991607666,99000
2008-04-09,6.050775051116943,24.040000915527344,24.079999923706055,23.84000015258789,24.079999923706055,90000
2008-04-10,5.962681770324707,23.690000534057617,24.040000915527344,23.649999618530273,24.040000915527344,124100
2008-04-11,5.88530969619751,23.200000762939453,23.549999237060547,23.200000762939453,23.479999542236328,102600
2008-04-14,5.903069496154785,23.270000457763672,23.450000762939453,23.149999618530273,23.200000762939453,88300
2008-04-15,5.913214683532715,23.309999465942383,23.5,23.25,23.260000228881836,90100
2008-04-16,6.004538536071777,23.670000076293945,23.700000762939453,23.3700008392334,23.440000534057617,121800
2008-04-17,6.04005241394043,23.809999465942383,23.93000030517578,23.65999984741211,23.65999984741211,88800
2008-04-18,6.075567722320557,23.950000762939453,24.09000015258789,23.850000381469727,23.93000030517578,94600
2008-04-21,6.032443523406982,23.780000686645508,23.969999313354492,23.760000228881836,23.950000762939453,102200
2008-04-22,6.050201416015625,23.850000381469727,23.850000381469727,23.780000686645508,23.809999465942383,71000
2008-04-23,6.154207706451416,24.260000228881836,24.329999923706055,23.850000381469727,23.850000381469727,110700
2008-04-24,6.179576396942139,24.360000610351562,24.600000381469727,24.15999984741211,24.219999313354492,105800
2008-04-25,6.2049407958984375,24.459999084472656,24.469999313354492,24.260000228881836,24.389999389648438,83900
2008-04-28,6.210018157958984,24.479999542236328,24.700000762939453,24.43000030517578,24.549999237060547,78300
2008-04-29,6.1643548011779785,24.299999237060547,24.450000762939453,24.09000015258789,24.450000762939453,69300
2008-04-30,6.1643548011779785,24.299999237060547,24.479999542236328,24.239999771118164,24.420000076293945,67700
2008-05-01,6.3013410568237305,24.84000015258789,24.84000015258789,24.31999969482422,24.420000076293945,180900
2008-05-02,6.37237024307251,25.1200008392334,25.1200008392334,24.829999923706055,24.829999923706055,142200
2008-05-05,6.291192531585693,24.799999237060547,25.040000915527344,24.68000030517578,25.0,162200
2008-05-06,6.265829563140869,24.700000762939453,24.90999984741211,24.5,24.690000534057617,131500
2008-05-07,6.2049407958984375,24.459999084472656,24.770000457763672,24.440000534057617,24.770000457763672,98600
2008-05-08,6.2277727127075195,24.549999237060547,24.6299991607666,24.309999465942383,24.6299991607666,90700
2008-05-09,6.275972366333008,24.739999771118164,24.739999771118164,24.299999237060547,24.40999984741211,96100
2008-05-12,6.352075576782227,25.040000915527344,25.049999237060547,24.6299991607666,24.75,94000
2008-05-13,6.348243236541748,24.84000015258789,24.90999984741211,24.65999984741211,24.860000610351562,93400
2008-05-14,6.391689300537109,25.010000228881836,25.1200008392334,24.899999618530273,24.989999771118164,99500
2008-05-15,6.3763532638549805,24.950000762939453,25.030000686645508,24.799999237060547,24.93000030517578,84400
2008-05-16,6.440247058868408,25.200000762939453,25.25,24.93000030517578,25.09000015258789,80300
2008-05-19,6.49391508102417,25.40999984741211,25.5,25.18000030517578,25.219999313354492,75700
2008-05-20,6.514361381530762,25.489999771118164,25.6200008392334,25.31999969482422,25.350000381469727,141300
2008-05-21,6.516912937164307,25.5,25.790000915527344,25.459999084472656,25.469999313354492,545700
2008-05-22,6.5808024406433105,25.75,25.809999465942383,25.5,25.5,79500
2008-05-23,6.491366386413574,25.399999618530273,25.8799991607666,25.399999618530273,25.809999465942383,133400
2008-05-27,6.509246826171875,25.469999313354492,25.59000015258789,25.290000915527344,25.440000534057617,84000
2008-05-28,6.488802433013916,25.389999389648438,25.510000228881836,25.280000686645508,25.450000762939453,78000
2008-05-29,6.511805534362793,25.479999542236328,25.56999969482422,25.25,25.309999465942383,82000
2008-05-30,6.573139667510986,25.719999313354492,25.81999969482422,25.479999542236328,25.540000915527344,84800
2008-06-02,6.463246822357178,25.290000915527344,25.540000915527344,25.25,25.540000915527344,126900
2008-06-03,6.412136077880859,25.09000015258789,25.389999389648438,24.93000030517578,25.34000015258789,103900
2008-06-04,6.47346830368042,25.329999923706055,25.360000610351562,25.0,25.09000015258789,125900
2008-06-05,6.5654683113098145,25.690000534057617,25.700000762939453,25.18000030517578,25.3799991607666,92900
2008-06-06,6.39424467086792,25.020000457763672,25.510000228881836,25.020000457763672,25.510000228881836,114500
2008-06-09,6.458138465881348,25.270000457763672,25.280000686645508,25.06999969482422,25.110000610351562,77600
2008-06-10,6.491366386413574,25.399999618530273,25.59000015258789,25.0,25.030000686645508,104700
2008-06-11,6.407690525054932,24.889999389648438,25.299999237060547,24.860000610351562,25.299999237060547,82200
2008-06-12,6.369075775146484,24.739999771118164,24.899999618530273,24.65999984741211,24.899999618530273,85500
2008-06-13,6.495223522186279,25.229999542236328,25.25,24.8799991607666,24.8799991607666,112800
2008-06-16,6.466904163360596,25.1200008392334,25.229999542236328,24.899999618530273,25.229999542236328,115500
2008-06-17,6.454029560089111,25.06999969482422,25.200000762939453,24.979999542236328,25.170000076293945,92600
2008-06-18,6.441157341003418,25.020000457763672,25.059999465942383,24.899999618530273,25.049999237060547,74100
2008-06-19,6.482346534729004,25.18000030517578,25.18000030517578,24.920000076293945,24.920000076293945,96200
2008-06-20,6.4102630615234375,24.899999618530273,25.100000381469727,24.860000610351562,25.030000686645508,110700
2008-06-23,6.441157341003418,25.020000457763672,25.09000015258789,24.90999984741211,25.06999969482422,90500
2008-06-24,6.4154157638549805,24.920000076293945,25.049999237060547,24.770000457763672,25.049999237060547,114700
2008-06-25,6.407690525054932,24.889999389648438,25.020000457763672,24.84000015258789,25.020000457763672,140900
2008-06-26,6.263523101806641,24.329999923706055,24.8799991607666,24.18000030517578,24.8799991607666,129300
2008-06-27,6.173423767089844,23.979999542236328,24.469999313354492,23.90999984741211,24.329999923706055,94900
2008-06-30,6.2815446853637695,24.399999618530273,24.399999618530273,23.829999923706055,23.90999984741211,89100
2008-07-01,6.335608005523682,24.610000610351562,24.610000610351562,24.049999237060547,24.149999618530273,109300
2008-07-02,6.3098649978637695,24.510000228881836,24.739999771118164,24.510000228881836,24.649999618530273,122400
2008-07-03,6.307289123535156,24.5,24.639999389648438,24.299999237060547,24.6299991607666,93900
2008-07-07,6.119359970092773,23.770000457763672,24.5,23.6200008392334,24.5,96800
2008-07-08,6.196587562561035,24.06999969482422,24.06999969482422,23.739999771118164,23.81999969482422,111500
2008-07-09,6.250651836395264,24.280000686645508,24.299999237060547,24.049999237060547,24.100000381469727,101200
2008-07-10,6.263523101806641,24.329999923706055,24.43000030517578,24.219999313354492,24.229999542236328,115400
2008-07-11,6.218867301940918,23.950000762939453,24.200000762939453,23.600000381469727,23.920000076293945,118400
2008-07-14,6.008539199829102,23.139999389648438,24.1200008392334,23.139999389648438,24.1200008392334,97500
2008-07-15,5.816389560699463,22.399999618530273,22.950000762939453,21.8799991607666,22.93000030517578,182000
2008-07-16,5.795613765716553,22.31999969482422,22.6200008392334,22.100000381469727,22.43000030517578,103400
2008-07-17,5.733299732208252,22.079999923706055,22.739999771118164,22.010000228881836,22.739999771118164,110500
2008-07-18,5.8215837478637695,22.420000076293945,22.420000076293945,22.049999237060547,22.190000534057617,95300
2008-07-21,5.982569694519043,23.040000915527344,23.079999923706055,22.40999984741211,22.59000015258789,124900
2008-07-22,5.87351655960083,22.6200008392334,22.979999542236328,22.56999969482422,22.979999542236328,108100
2008-07-23,5.837162971496582,22.479999542236328,22.770000457763672,22.200000762939453,22.690000534057617,166600
2008-07-24,5.764455318450928,22.200000762939453,22.5,21.84000015258789,22.5,171500
2008-07-25,5.725510597229004,22.049999237060547,22.200000762939453,21.989999771118164,22.200000762939453,95700
2008-07-28,5.712522983551025,22.0,22.079999923706055,21.889999389648438,22.020000457763672,120600
2008-07-29,5.785229206085205,22.280000686645508,22.280000686645508,21.889999389648438,22.0,122000
2008-07-30,5.889090061187744,22.68000030517578,22.68000030517578,22.299999237060547,22.399999618530273,122100
2008-07-31,5.8553385734558105,22.549999237060547,22.649999618530273,22.399999618530273,22.649999618530273,102800
2008-08-01,5.764455318450928,22.200000762939453,22.59000015258789,22.15999984741211,22.59000015258789,149800
2008-08-04,5.68396520614624,21.889999389648438,22.260000228881836,21.860000610351562,22.200000762939453,121200
2008-08-05,5.774844169616699,22.239999771118164,22.239999771118164,21.979999542236328,22.030000686645508,141700
2008-08-06,5.702136516571045,21.959999084472656,22.280000686645508,21.860000610351562,22.170000076293945,363800
2008-08-07,5.5775041580200195,21.479999542236328,22.170000076293945,21.440000534057617,21.8700008392334,170400
2008-08-08,5.696944236755371,21.940000534057617,22.18000030517578,21.540000915527344,21.56999969482422,98300
2008-08-11,5.767052173614502,22.209999084472656,22.34000015258789,21.920000076293945,22.0,83400
2008-08-12,5.668384075164795,21.829999923706055,22.229999542236328,21.75,22.170000076293945,111700
2008-08-13,5.597074031829834,21.350000381469727,21.709999084472656,21.15999984741211,21.709999084472656,157000
2008-08-14,5.515808582305908,21.040000915527344,21.3799991607666,20.940000534057617,21.360000610351562,153400
2008-08-15,5.531536102294922,21.100000381469727,21.219999313354492,21.0,21.049999237060547,108800
2008-08-18,5.599698066711426,21.360000610351562,21.489999771118164,21.0,21.209999084472656,197600
2008-08-19,5.639020919799805,21.510000228881836,21.549999237060547,21.09000015258789,21.190000534057617,91400
2008-08-20,5.618049144744873,21.43000030517578,21.5,21.329999923706055,21.489999771118164,71200
2008-08-21,5.628533840179443,21.469999313354492,21.649999618530273,21.399999618530273,21.5,141700
2008-08-22,5.657372951507568,21.579999923706055,21.709999084472656,21.489999771118164,21.549999237060547,111100
2008-08-25,5.618049144744873,21.43000030517578,21.6299991607666,21.25,21.610000610351562,121700
2008-08-26,5.7124247550964355,21.790000915527344,21.829999923706055,21.309999465942383,21.469999313354492,133400
2008-08-27,5.76223611831665,21.979999542236328,22.0,21.709999084472656,21.709999084472656,129300
2008-08-28,5.825155735015869,22.219999313354492,22.299999237060547,21.920000076293945,22.059999465942383,149200
2008-08-29,5.801558017730713,22.1299991607666,22.239999771118164,21.920000076293945,22.200000762939453,132100
2008-09-02,5.725536823272705,21.84000015258789,22.239999771118164,21.770000457763672,22.06999969482422,184900
2008-09-03,5.578726291656494,21.280000686645508,21.81999969482422,21.200000762939453,21.81999969482422,193400
2008-09-04,5.384727954864502,20.540000915527344,21.299999237060547,20.5,21.299999237060547,231700
2008-09-05,5.27462100982666,20.1200008392334,20.5,20.0,20.5,192500
2008-09-08,5.316568851470947,20.280000686645508,20.469999313354492,20.100000381469727,20.450000762939453,124600
2008-09-09,5.1697587966918945,19.719999313354492,20.31999969482422,19.709999084472656,20.299999237060547,161800
2008-09-10,5.046545505523682,19.25,19.75,18.850000381469727,19.719999313354492,226800
2008-09-11,4.966503620147705,18.739999771118164,19.0,18.530000686645508,18.799999237060547,226000
2008-09-12,5.027463912963867,18.969999313354492,19.020000457763672,18.559999465942383,18.6200008392334,141300
2008-09-15,4.828696250915527,18.219999313354492,18.889999389648438,18.190000534057617,18.56999969482422,184700
2008-09-16,4.537171840667725,17.1200008392334,18.190000534057617,16.969999313354492,17.850000381469727,349600
2008-09-17,4.285404205322266,16.170000076293945,16.780000686645508,15.539999961853027,16.780000686645508,374700
2008-09-18,4.26154899597168,16.079999923706055,16.1299991607666,14.550000190734863,15.989999771118164,337700
2008-09-19,4.714735507965088,17.790000915527344,17.90999984741211,16.860000610351562,16.860000610351562,291200
2008-09-22,4.640529155731201,17.510000228881836,17.950000762939453,17.15999984741211,17.790000915527344,314600
2008-09-23,4.566324710845947,17.229999542236328,17.420000076293945,16.81999969482422,17.049999237060547,227100
2008-09-24,4.4841694831848145,16.920000076293945,17.040000915527344,16.260000228881836,17.0,264200
2008-09-25,4.4073100090026855,16.6299991607666,17.329999923706055,16.329999923706055,17.15999984741211,303400
2008-09-26,4.481517791748047,16.90999984741211,17.260000228881836,16.1200008392334,16.290000915527344,188900
2008-09-29,4.025679588317871,15.1899995803833,16.520000457763672,15.0,16.40999984741211,196900
2008-09-30,4.213848114013672,15.899999618530273,16.059999465942383,14.949999809265137,15.100000381469727,171900
2008-10-01,4.3145551681518555,16.280000686645508,16.34000015258789,15.59000015258789,15.899999618530273,131700
2008-10-02,4.184692859649658,15.789999961853027,16.329999923706055,15.550000190734863,16.329999923706055,135000
2008-10-03,4.0760345458984375,15.380000114440918,16.299999237060547,15.34000015258789,15.979999542236328,194100
2008-10-06,3.7129554748535156,14.010000228881836,14.819999694824219,13.130000114440918,14.819999694824219,416200
2008-10-07,3.3975789546966553,12.819999694824219,14.100000381469727,12.600000381469727,13.989999771118164,295100
2008-10-08,3.1908626556396484,12.039999961853027,12.350000381469727,9.699999809265137,12.350000381469727,605200
2008-10-09,2.7456259727478027,10.359999656677246,12.180000305175781,10.039999961853027,12.15999984741211,239700
2008-10-10,2.5016777515411377,9.25,9.710000038146973,6.840000152587891,9.609999656677246,901400
2008-10-13,3.0209460258483887,11.170000076293945,11.170000076293945,9.65999984741211,10.25,168800
2008-10-14,3.1886250972747803,11.789999961853027,12.899999618530273,11.760000228881836,11.800000190734863,499800
2008-10-15,3.012830972671509,11.140000343322754,11.920000076293945,10.989999771118164,11.760000228881836,142100
2008-10-16,2.934401273727417,10.850000381469727,11.100000381469727,10.0,10.880000114440918,255600
2008-10-17,3.1642844676971436,11.699999809265137,11.949999809265137,10.380000114440918,10.710000038146973,250900
2008-10-20,3.491532564163208,12.90999984741211,12.979999542236328,11.789999961853027,12.0,302300
2008-10-21,3.391464948654175,12.539999961853027,12.90999984741211,12.40999984741211,12.850000381469727,233300
2008-10-22,2.9506280422210693,10.90999984741211,12.430000305175781,10.579999923706055,12.430000305175781,284600
2008-10-23,3.072329521179199,11.359999656677246,11.430000305175781,10.600000381469727,10.949999809265137,231300
2008-10-24,3.0669188499450684,11.34000015258789,11.470000267028809,10.520000457763672,10.520000457763672,205900
2008-10-27,2.9560372829437256,10.930000305175781,11.369999885559082,10.8100004196167,11.220000267028809,214400
2008-10-28,3.080444812774658,11.390000343322754,11.5600004196167,10.359999656677246,11.109999656677246,405200
2008-10-29,3.2075564861297607,11.859999656677246,12.199999809265137,11.680000305175781,11.739999771118164,298000
2008-10-30,3.2237846851348877,11.920000076293945,12.300000190734863,11.630000114440918,12.300000190734863,190200
2008-10-31,3.348191738128662,12.380000114440918,12.399999618530273,12.0,12.149999618530273,318600
2008-11-03,3.459078311920166,12.789999961853027,12.800000190734863,12.25,12.359999656677246,355500
2008-11-04,3.4428505897521973,12.729999542236328,13.119999885559082,12.630000114440918,13.0,309400
2008-11-05,3.3292601108551025,12.3100004196167,12.850000381469727,12.1899995803833,12.699999809265137,246500
2008-11-06,3.072329521179199,11.359999656677246,12.369999885559082,11.300000190734863,12.34000015258789,192700
2008-11-07,3.313032627105713,12.25,12.4399995803833,11.300000190734863,11.5,182000
2008-11-10,3.2021493911743164,11.84000015258789,12.75,11.739999771118164,12.600000381469727,212700
2008-11-11,3.2183752059936523,11.899999618530273,12.15999984741211,11.649999618530273,12.100000381469727,169800
2008-11-12,3.0003662109375,10.899999618530273,11.6899995803833,10.789999961853027,11.6899995803833,228300
2008-11-13,3.110470771789551,11.300000190734863,11.3100004196167,10.199999809265137,10.899999618530273,241800
2008-11-14,2.9838502407073975,10.84000015258789,11.59000015258789,10.770000457763672,11.579999923706055,246900
2008-11-17,3.0333969593048096,11.020000457763672,11.619999885559082,10.600000381469727,10.800000190734863,189200
2008-11-18,2.926046371459961,10.630000114440918,11.239999771118164,10.25,11.239999771118164,175000
2008-11-19,2.6975769996643066,9.800000190734863,10.640000343322754,9.789999961853027,10.510000228881836,172300
2008-11-20,2.2681655883789062,8.239999771118164,9.8100004196167,8.09000015258789,9.609999656677246,405200
2008-11-21,2.3920347690582275,8.6899995803833,8.760000228881836,7.880000114440918,8.270000457763672,371500
2008-11-24,2.614999294281006,9.5,9.920000076293945,8.970000267028809,9.119999885559082,344400
2008-11-25,2.7251036167144775,9.899999618530273,10.170000076293945,9.600000381469727,9.9399995803833,304400
2008-11-26,2.893014430999756,10.510000228881836,10.59000015258789,9.600000381469727,9.630000114440918,218400
2008-11-28,3.129739284515381,11.369999885559082,11.739999771118164,10.630000114440918,10.760000228881836,196700
2008-12-01,2.9067771434783936,10.5600004196167,11.350000381469727,10.25,11.350000381469727,613500
2008-12-02,2.912283182144165,10.579999923706055,10.819999694824219,10.3100004196167,10.630000114440918,746400
2008-12-03,3.0664303302764893,11.140000343322754,11.140000343322754,10.399999618530273,10.40999984741211,704000
2008-12-04,2.909529447555542,10.569999694824219,11.050000190734863,10.420000076293945,11.0,296300
2008-12-05,3.0581722259521484,11.109999656677246,11.25,10.0,10.550000190734863,332200
2008-12-08,3.1379973888397217,11.399999618530273,11.510000228881836,11.130000114440918,11.5,353600
2008-12-09,3.165524482727051,11.5,11.800000190734863,11.300000190734863,11.369999885559082,338400
2008-12-10,3.1765358448028564,11.539999961853027,12.380000114440918,11.300000190734863,12.380000114440918,230300
2008-12-11,3.1171092987060547,11.119999885559082,11.979999542236328,11.100000381469727,11.970000267028809,255500
2008-12-12,2.951721429824829,10.529999732971191,11.0,10.319999694824219,11.0,287200
2008-12-15,2.870431661605835,10.239999771118164,10.930000305175781,10.010000228881836,10.699999809265137,277900
2008-12-16,2.9208874702453613,10.420000076293945,10.479999542236328,10.0,10.239999771118164,301400
2008-12-17,2.9349043369293213,10.470000267028809,10.75,10.300000190734863,10.420000076293945,233400
2008-12-18,2.699439764022827,9.630000114440918,10.25,9.619999885559082,10.25,703400
2008-12-19,2.79754638671875,9.979999542236328,10.100000381469727,9.670000076293945,9.670000076293945,289500
2008-12-22,2.8283820152282715,10.09000015258789,10.170000076293945,9.779999732971191,9.979999542236328,279100
2008-12-23,2.7947473526000977,9.970000267028809,10.1899995803833,9.8100004196167,10.119999885559082,258500
2008-12-24,2.8087594509124756,10.020000457763672,10.100000381469727,9.880000114440918,9.899999618530273,73300
2008-12-26,2.8480052947998047,10.15999984741211,10.229999542236328,10.029999732971191,10.069999694824219,152600
2008-12-29,2.79754638671875,9.979999542236328,10.149999618530273,9.9399995803833,10.09000015258789,234900
2008-12-30,2.8452022075653076,10.149999618530273,10.149999618530273,9.9399995803833,10.010000228881836,387100
2008-12-31,2.8872501850128174,10.300000190734863,10.350000381469727,10.109999656677246,10.170000076293945,305900
2009-01-02,3.125516176223755,11.149999618530273,11.329999923706055,10.359999656677246,10.420000076293945,429000
2009-01-05,3.380605936050415,12.0600004196167,12.069999694824219,11.149999618530273,11.239999771118164,425900
2009-01-06,3.46470046043396,12.359999656677246,12.479999542236328,12.100000381469727,12.270000457763672,301800
2009-01-07,3.307720899581909,11.800000190734863,12.300000190734863,11.649999618530273,12.220000267028809,281900
2009-01-08,3.206807851791382,11.4399995803833,11.649999618530273,11.029999732971191,11.649999618530273,226800
2009-01-09,3.2320375442504883,11.529999732971191,11.640000343322754,11.3100004196167,11.59000015258789,159600
2009-01-12,3.2320375442504883,11.529999732971191,11.699999809265137,11.5,11.6899995803833,335200
2009-01-13,3.1787757873535156,11.34000015258789,11.529999732971191,11.3100004196167,11.470000267028809,161400
2009-01-14,3.0666496753692627,10.9399995803833,11.300000190734863,10.829999923706055,11.260000228881836,362100
2009-01-15,3.0330140590667725,10.819999694824219,11.050000190734863,10.789999961853027,10.949999809265137,293900
2009-01-16,3.083469867706299,11.0,11.170000076293945,10.859999656677246,10.859999656677246,282300
2009-01-20,2.8816425800323486,10.279999732971191,11.100000381469727,10.270000457763672,11.100000381469727,273200
2009-01-21,3.083469867706299,11.0,11.029999732971191,10.359999656677246,10.449999809265137,327200
2009-01-22,3.1339266300201416,11.180000305175781,11.25,10.760000228881836,10.949999809265137,192600
2009-01-23,3.1647605895996094,11.289999961853027,11.319999694824219,10.779999732971191,11.0,125700
2009-01-26,3.1955947875976562,11.399999618530273,11.609999656677246,11.260000228881836,11.270000457763672,128200
2009-01-27,3.2376444339752197,11.550000190734863,11.550000190734863,11.239999771118164,11.449999809265137,150300
2009-01-28,3.3189353942871094,11.84000015258789,11.850000381469727,11.600000381469727,11.649999618530273,253200
2009-01-29,3.2684779167175293,11.65999984741211,11.949999809265137,11.65999984741211,11.899999618530273,121300
2009-01-30,3.1759729385375977,11.329999923706055,11.84000015258789,11.289999961853027,11.710000038146973,156600
2009-02-02,3.2180211544036865,11.479999542236328,11.550000190734863,11.149999618530273,11.25,145700
2009-02-03,3.2432501316070557,11.569999694824219,11.65999984741211,11.300000190734863,11.470000267028809,126000
2009-02-04,3.2404465675354004,11.5600004196167,11.8100004196167,11.420000076293945,11.529999732971191,125900
2009-02-05,3.2404465675354004,11.5600004196167,11.670000076293945,11.399999618530273,11.630000114440918,156500
2009-02-06,3.3189353942871094,11.84000015258789,12.0,11.529999732971191,11.649999618530273,164200
2009-02-09,3.2993109226226807,11.770000457763672,11.989999771118164,11.630000114440918,11.989999771118164,189400
2009-02-10,3.262871742248535,11.640000343322754,11.930000305175781,11.449999809265137,11.90999984741211,397300
2009-02-11,3.254462242126465,11.609999656677246,11.800000190734863,11.550000190734863,11.640000343322754,230800
2009-02-12,3.17037034034729,11.3100004196167,11.569999694824219,11.100000381469727,11.569999694824219,182800
2009-02-13,3.145138740539551,11.220000267028809,11.3100004196167,11.079999923706055,11.220000267028809,254200
2009-02-17,2.971343755722046,10.600000381469727,11.0,10.550000190734863,11.0,292700
2009-02-18,2.8732330799102783,10.25,10.579999923706055,10.109999656677246,10.5600004196167,376900
2009-02-19,2.7779269218444824,9.90999984741211,10.350000381469727,9.899999618530273,10.260000228881836,181000
2009-02-20,2.573296546936035,9.180000305175781,9.649999618530273,8.5,9.649999618530273,516200
2009-02-23,2.424729347229004,8.649999618530273,9.300000190734863,8.649999618530273,9.210000038146973,228600
2009-02-24,2.506019353866577,8.9399995803833,9.010000228881836,8.4399995803833,8.600000381469727,332900
2009-02-25,2.567690134048462,9.15999984741211,9.359999656677246,8.739999771118164,8.920000076293945,155900
2009-02-26,2.567690134048462,9.15999984741211,9.649999618530273,9.149999618530273,9.199999809265137,183600
2009-02-27,2.5592784881591797,9.130000114440918,9.239999771118164,8.899999618530273,8.970000267028809,217300
2009-03-02,2.3266167640686035,8.300000190734863,8.84000015258789,8.170000076293945,8.8100004196167,302300
2009-03-03,2.1696417331695557,7.739999771118164,8.34000015258789,7.679999828338623,8.329999923706055,438400
2009-03-04,2.2565395832061768,8.050000190734863,8.149999618530273,7.699999809265137,7.909999847412109,234200
2009-03-05,2.0799403190612793,7.420000076293945,7.889999866485596,7.28000020980835,7.889999866485596,294900
2009-03-06,1.984632968902588,7.079999923706055,7.570000171661377,6.789999961853027,7.409999847412109,419800
2009-03-09,1.900538682937622,6.78000020980835,7.099999904632568,6.75,6.980000019073486,310700
2009-03-10,2.0434985160827637,7.289999961853027,7.349999904632568,6.949999809265137,7.0,245500
2009-03-11,2.1014716625213623,7.25,7.300000190734863,7.019999980926514,7.21999979019165,197700
2009-03-12,2.217414617538452,7.650000095367432,7.659999847412109,7.079999923706055,7.159999847412109,173200
2009-03-13,2.2348074913024902,7.710000038146973,7.78000020980835,7.599999904632568,7.619999885559082,128500
2009-03-16,2.2956759929656982,7.920000076293945,8.039999961853027,7.800000190734863,7.880000114440918,207600
2009-03-17,2.4029228687286377,8.289999961853027,8.350000381469727,7.900000095367432,7.920000076293945,130900
2009-03-18,2.5014755725860596,8.630000114440918,8.649999618530273,8.149999618530273,8.34000015258789,136300
2009-03-19,2.5275628566741943,8.720000267028809,8.880000114440918,8.600000381469727,8.880000114440918,122800
2009-03-20,2.5188660621643066,8.6899995803833,8.90999984741211,8.609999656677246,8.819999694824219,126500
2009-03-23,2.6608972549438477,9.180000305175781,9.210000038146973,8.869999885559082,8.960000038146973,183900
2009-03-24,2.6348094940185547,9.09000015258789,9.260000228881836,9.0,9.260000228881836,219400
2009-03-25,2.681187629699707,9.25,9.260000228881836,8.90999984741211,9.09000015258789,128300
2009-03-26,2.7159695625305176,9.369999885559082,9.5,9.149999618530273,9.5,160100
2009-03-27,2.6290132999420166,9.069999694824219,9.460000038146973,9.010000228881836,9.430000305175781,225500
2009-03-30,2.5739402770996094,8.880000114440918,8.979999542236328,8.729999542236328,8.859999656677246,149400
2009-03-31,2.611621856689453,9.010000228881836,9.149999618530273,8.960000038146973,8.960000038146973,155200
2009-04-01,2.7043747901916504,9.329999923706055,9.34000015258789,8.90999984741211,8.949999809265137,131200
2009-04-02,2.788435935974121,9.619999885559082,9.699999809265137,9.390000343322754,9.5,219800
2009-04-03,2.753652334213257,9.5,9.579999923706055,9.399999618530273,9.5600004196167,133200
2009-04-06,2.7565510272979736,9.510000228881836,9.539999961853027,9.369999885559082,9.420000076293945,127000
2009-04-07,2.6927807331085205,9.289999961853027,9.510000228881836,9.289999961853027,9.359999656677246,180700
2009-04-08,2.739159345626831,9.449999809265137,9.5,9.289999961853027,9.289999961853027,65300
2009-04-09,2.762348175048828,9.529999732971191,9.680000305175781,9.430000305175781,9.619999885559082,116800
2009-04-13,2.7159695625305176,9.369999885559082,9.449999809265137,9.220000267028809,9.319999694824219,145700
2009-04-14,2.698578357696533,9.3100004196167,9.399999618530273,9.220000267028809,9.399999618530273,216600
2009-04-15,2.742058038711548,9.460000038146973,9.619999885559082,9.25,9.25,154700
2009-04-16,2.8174214363098145,9.720000267028809,9.720000267028809,9.420000076293945,9.420000076293945,121400
2009-04-17,2.805825710296631,9.680000305175781,9.970000267028809,9.670000076293945,9.819999694824219,111900
2009-04-20,2.718869924545288,9.380000114440918,9.640000343322754,9.300000190734863,9.510000228881836,159700
2009-04-21,2.6956787109375,9.300000190734863,9.520000457763672,9.229999542236328,9.229999542236328,225100
2009-04-22,2.7246651649475098,9.399999618530273,9.479999542236328,9.239999771118164,9.270000457763672,180700
2009-04-23,2.727564811706543,9.40999984741211,9.449999809265137,9.359999656677246,9.399999618530273,143600
2009-04-24,2.7333614826202393,9.430000305175781,9.550000190734863,9.399999618530273,9.399999618530273,119000
2009-04-27,2.762348175048828,9.529999732971191,9.579999923706055,9.260000228881836,9.260000228881836,179600
2009-04-28,2.7971315383911133,9.649999618530273,9.710000038146973,9.479999542236328,9.520000457763672,100300
2009-04-29,2.8261170387268066,9.75,9.899999618530273,9.720000267028809,9.729999542236328,150500
2009-04-30,2.837712049484253,9.789999961853027,10.029999732971191,9.75,9.800000190734863,108400
2009-05-01,2.8985819816589355,10.0,10.010000228881836,9.760000228881836,9.760000228881836,76600
2009-05-04,2.9623494148254395,10.220000267028809,10.270000457763672,10.100000381469727,10.149999618530273,141300
2009-05-05,2.9942338466644287,10.329999923706055,10.359999656677246,10.210000038146973,10.220000267028809,109500
2009-05-06,3.0464093685150146,10.510000228881836,10.90999984741211,10.3100004196167,10.420000076293945,221900
2009-05-07,3.043511390686035,10.5,10.6899995803833,10.5,10.6899995803833,113300
2009-05-08,3.0724945068359375,10.600000381469727,10.829999923706055,10.529999732971191,10.550000190734863,269200
2009-05-11,3.0753962993621826,10.609999656677246,10.6899995803833,10.489999771118164,10.539999961853027,259600
2009-05-12,3.121771812438965,10.770000457763672,10.770000457763672,10.609999656677246,10.609999656677246,147600
2009-05-13,3.0145232677459717,10.399999618530273,10.739999771118164,10.399999618530273,10.739999771118164,154300
2009-05-14,2.997133731842041,10.34000015258789,10.460000038146973,10.199999809265137,10.390000343322754,156800
2009-05-15,2.927567720413208,10.100000381469727,10.390000343322754,10.079999923706055,10.300000190734863,156300
2009-05-18,3.0145232677459717,10.399999618530273,10.399999618530273,10.170000076293945,10.289999961853027,160600
2009-05-19,3.0000317096710205,10.350000381469727,10.489999771118164,10.289999961853027,10.390000343322754,214200
2009-05-20,3.011625289916992,10.390000343322754,10.5,10.369999885559082,10.380000114440918,190600
2009-05-21,3.0029296875,10.359999656677246,10.369999885559082,10.210000038146973,10.25,107200
2009-05-22,3.0406124591827393,10.489999771118164,10.510000228881836,10.359999656677246,10.369999885559082,145900
2009-05-26,3.1072793006896973,10.720000267028809,10.720000267028809,10.4399995803833,10.550000190734863,194600
2009-05-27,3.1478586196899414,10.859999656677246,10.890000343322754,10.680000305175781,10.779999732971191,225100
2009-05-28,3.2029318809509277,11.050000190734863,11.100000381469727,10.800000190734863,10.930000305175781,113200
2009-05-29,3.2116293907165527,11.079999923706055,11.109999656677246,10.890000343322754,11.09000015258789,117100
2009-06-01,3.3072800636291504,11.40999984741211,11.5,11.130000114440918,11.130000114440918,148800
2009-06-02,3.3043816089630127,11.399999618530273,11.489999771118164,11.270000457763672,11.479999542236328,142700
2009-06-03,3.327570676803589,11.479999542236328,11.479999542236328,11.300000190734863,11.319999694824219,158700
2009-06-04,3.3333675861358643,11.5,11.5600004196167,11.430000305175781,11.470000267028809,120500
2009-06-05,3.3420634269714355,11.529999732971191,11.619999885559082,11.399999618530273,11.520000457763672,105900
2009-06-08,3.3420634269714355,11.529999732971191,11.600000381469727,11.359999656677246,11.510000228881836,110500
2009-06-09,3.313077449798584,11.430000305175781,11.630000114440918,11.399999618530273,11.470000267028809,171500
2009-06-10,3.3420634269714355,11.529999732971191,11.640000343322754,11.470000267028809,11.479999542236328,204200
2009-06-11,3.417428493499756,11.789999961853027,11.890000343322754,11.529999732971191,11.5600004196167,295200
2009-06-12,3.4087326526641846,11.760000228881836,11.899999618530273,11.699999809265137,11.789999961853027,254400
2009-06-15,3.4377171993255615,11.859999656677246,11.899999618530273,11.539999961853027,11.699999809265137,194100
2009-06-16,3.4464147090911865,11.890000343322754,11.970000267028809,11.8100004196167,11.920000076293945,125000
2009-06-17,3.4348206520080566,11.850000381469727,11.880000114440918,11.6899995803833,11.880000114440918,143900
2009-06-18,3.4762377738952637,11.75,11.779999732971191,11.569999694824219,11.670000076293945,80500
2009-06-19,3.4555282592773438,11.680000305175781,11.890000343322754,11.640000343322754,11.779999732971191,133100
2009-06-22,3.4466516971588135,11.649999618530273,11.699999809265137,11.649999618530273,11.680000305175781,139500
2009-06-23,3.414109468460083,11.539999961853027,11.710000038146973,11.520000457763672,11.710000038146973,122500
2009-06-24,3.4910287857055664,11.800000190734863,11.850000381469727,11.569999694824219,11.569999694824219,133900
2009-06-25,3.517657518386841,11.890000343322754,11.979999542236328,11.680000305175781,11.680000305175781,135300
2009-06-26,3.5294902324676514,11.930000305175781,11.9399995803833,11.800000190734863,11.930000305175781,69800
2009-06-29,3.5797853469848633,12.100000381469727,12.100000381469727,11.899999618530273,11.9399995803833,92200
2009-06-30,3.5916197299957275,12.140000343322754,12.1899995803833,11.850000381469727,12.149999618530273,202800
2009-07-01,3.6241631507873535,12.25,12.34000015258789,12.149999618530273,12.1899995803833,207400
2009-07-02,3.5916197299957275,12.140000343322754,12.15999984741211,12.010000228881836,12.15999984741211,187600
2009-07-06,3.5975353717803955,12.15999984741211,12.15999984741211,11.890000343322754,12.0600004196167,162600
2009-07-07,3.5294902324676514,11.930000305175781,12.149999618530273,11.90999984741211,12.149999618530273,117100
2009-07-08,3.5206143856048584,11.899999618530273,11.989999771118164,11.800000190734863,11.9399995803833,157800
2009-07-09,3.5413243770599365,11.970000267028809,12.029999732971191,11.829999923706055,11.989999771118164,135200
2009-07-10,3.5442848205566406,11.979999542236328,12.029999732971191,11.819999694824219,11.970000267028809,71400
2009-07-13,3.502864360809326,11.84000015258789,12.029999732971191,11.800000190734863,11.970000267028809,143000
2009-07-14,3.5561177730560303,12.020000457763672,12.029999732971191,11.8100004196167,11.84000015258789,86800
2009-07-15,3.594576120376587,12.149999618530273,12.260000228881836,12.050000190734863,12.050000190734863,138800
2009-07-16,3.644871234893799,12.319999694824219,12.319999694824219,12.180000305175781,12.199999809265137,104200
2009-07-17,3.6922073364257812,12.479999542236328,12.479999542236328,12.25,12.359999656677246,93200
2009-07-20,3.7661712169647217,12.729999542236328,12.739999771118164,12.4399995803833,12.4399995803833,136000
2009-07-21,3.7099609375,12.539999961853027,12.829999923706055,12.520000457763672,12.720000267028809,116100
2009-07-22,3.695167303085327,12.489999771118164,12.649999618530273,12.430000305175781,12.520000457763672,108200
2009-07-23,3.772085666656494,12.75,12.899999618530273,12.529999732971191,12.529999732971191,119800
2009-07-24,3.8785924911499023,13.109999656677246,13.130000114440918,12.670000076293945,12.670000076293945,116000
2009-07-27,3.9081783294677734,13.210000038146973,13.210000038146973,13.0,13.140000343322754,101700
2009-07-28,3.90226149559021,13.1899995803833,13.229999542236328,13.0,13.119999885559082,100000
2009-07-29,3.8756356239318848,13.100000381469727,13.149999618530273,13.0,13.140000343322754,122700
2009-07-30,3.8845112323760986,13.130000114440918,13.359999656677246,13.109999656677246,13.199999809265137,132600
2009-07-31,3.914092540740967,13.229999542236328,13.350000381469727,13.130000114440918,13.130000114440918,145000
2009-08-03,3.9495983123779297,13.350000381469727,13.430000305175781,13.260000228881836,13.350000381469727,127200
2009-08-04,3.979182720184326,13.449999809265137,13.520000457763672,13.210000038146973,13.270000457763672,87800
2009-08-05,3.9170522689819336,13.239999771118164,13.59000015258789,13.170000076293945,13.59000015258789,119000
2009-08-06,3.846050500869751,13.0,13.25,12.90999984741211,13.15999984741211,151200
2009-08-07,3.9348058700561523,13.300000190734863,13.3100004196167,13.050000190734863,13.050000190734863,140400
2009-08-10,3.911137342453003,13.220000267028809,13.300000190734863,13.0600004196167,13.260000228881836,100300
2009-08-11,3.9348058700561523,13.300000190734863,13.300000190734863,13.15999984741211,13.279999732971191,96000
2009-08-12,3.937764883041382,13.3100004196167,13.350000381469727,13.229999542236328,13.300000190734863,95800
2009-08-13,3.9495983123779297,13.350000381469727,13.420000076293945,13.270000457763672,13.399999618530273,101700
2009-08-14,3.9584720134735107,13.380000114440918,13.399999618530273,13.199999809265137,13.300000190734863,83600
2009-08-17,3.849008798599243,13.010000228881836,13.199999809265137,12.920000076293945,13.130000114440918,178700
2009-08-18,3.8223817348480225,12.920000076293945,13.119999885559082,12.920000076293945,13.0,116100
2009-08-19,3.846050500869751,13.0,13.039999961853027,12.859999656677246,12.899999618530273,119200
2009-08-20,3.8933863639831543,13.15999984741211,13.210000038146973,13.020000457763672,13.020000457763672,95100
2009-08-21,3.9614312648773193,13.390000343322754,13.420000076293945,13.15999984741211,13.15999984741211,99200
2009-08-24,4.002851963043213,13.529999732971191,13.600000381469727,13.399999618530273,13.399999618530273,108300
2009-08-25,4.026517868041992,13.609999656677246,13.739999771118164,13.550000190734863,13.5600004196167,94900
2009-08-26,4.026517868041992,13.609999656677246,13.670000076293945,13.4399995803833,13.670000076293945,129600
2009-08-27,4.020599842071533,13.59000015258789,13.609999656677246,13.510000228881836,13.579999923706055,101400
2009-08-28,3.999891996383667,13.520000457763672,13.619999885559082,13.510000228881836,13.569999694824219,78700
2009-08-31,3.928889513015747,13.279999732971191,13.489999771118164,13.270000457763672,13.479999542236328,74600
2009-09-01,3.837174654006958,12.970000267028809,13.399999618530273,12.949999809265137,13.270000457763672,153700
2009-09-02,3.807590961456299,12.869999885559082,12.930000305175781,12.8100004196167,12.90999984741211,146500
2009-09-03,3.786879062652588,12.800000190734863,12.9399995803833,12.800000190734863,12.920000076293945,112100
2009-09-04,3.7987122535705566,12.84000015258789,12.890000343322754,12.75,12.829999923706055,118300
2009-09-08,3.8401317596435547,12.979999542236328,13.0,12.880000114440918,12.880000114440918,132200
2009-09-09,3.8874692916870117,13.140000343322754,13.1899995803833,12.90999984741211,12.979999542236328,147700
2009-09-10,3.9495983123779297,13.350000381469727,13.350000381469727,13.0600004196167,13.220000267028809,131000
2009-09-11,3.946640968322754,13.34000015258789,13.390000343322754,13.279999732971191,13.329999923706055,108000
2009-09-14,3.9969348907470703,13.510000228881836,13.520000457763672,13.25,13.300000190734863,151500
2009-09-15,4.106398582458496,13.880000114440918,13.890000343322754,13.520000457763672,13.520000457763672,166100
2009-09-16,4.204026222229004,14.210000038146973,14.399999618530273,13.949999809265137,13.949999809265137,206100
2009-09-17,4.248406887054443,14.359999656677246,14.5,14.1899995803833,14.199999809265137,182900
2009-09-18,4.3105340003967285,14.569999694824219,14.640000343322754,14.369999885559082,14.399999618530273,124500
2009-09-21,4.262408256530762,14.170000076293945,14.350000381469727,14.130000114440918,14.300000190734863,147900
2009-09-22,4.217284679412842,14.020000457763672,14.199999809265137,13.859999656677246,14.180000305175781,239100
2009-09-23,4.232325077056885,14.069999694824219,14.210000038146973,13.960000038146973,13.989999771118164,141500
2009-09-24,4.175170421600342,13.880000114440918,14.170000076293945,13.850000381469727,14.170000076293945,161800
2009-09-25,4.181188106536865,13.899999618530273,13.949999809265137,13.8100004196167,13.90999984741211,138200
2009-09-28,4.187204837799072,13.920000076293945,13.989999771118164,13.819999694824219,13.850000381469727,218000
2009-09-29,4.157124042510986,13.819999694824219,13.960000038146973,13.75,13.869999885559082,226700
2009-09-30,4.169154644012451,13.859999656677246,14.100000381469727,13.770000457763672,14.100000381469727,244600
2009-10-01,4.093952655792236,13.609999656677246,13.8100004196167,13.609999656677246,13.8100004196167,254300
2009-10-02,4.036802291870117,13.420000076293945,13.550000190734863,13.180000305175781,13.529999732971191,210500
2009-10-05,4.099972248077393,13.630000114440918,13.65999984741211,13.319999694824219,13.430000305175781,165200
2009-10-06,4.1511077880859375,13.800000190734863,13.800000190734863,13.649999618530273,13.65999984741211,155600
2009-10-07,4.139074802398682,13.760000228881836,13.789999961853027,13.579999923706055,13.6899995803833,153500
2009-10-08,4.154116630554199,13.8100004196167,13.9399995803833,13.779999732971191,13.899999618530273,101700
2009-10-09,4.169154644012451,13.859999656677246,13.920000076293945,13.819999694824219,13.84000015258789,96800
2009-10-12,4.208261966705322,13.989999771118164,14.109999656677246,13.920000076293945,13.920000076293945,119000
2009-10-13,4.226310729980469,14.050000190734863,14.079999923706055,13.920000076293945,13.920000076293945,92700
2009-10-14,4.2202935218811035,14.029999732971191,14.100000381469727,13.979999542236328,14.079999923706055,88200
2009-10-15,4.235334873199463,14.079999923706055,14.100000381469727,13.899999618530273,13.9399995803833,82600
2009-10-16,4.259397506713867,14.15999984741211,14.15999984741211,13.930000305175781,13.970000267028809,136100
2009-10-19,4.295494556427002,14.279999732971191,14.34000015258789,14.130000114440918,14.180000305175781,114900
2009-10-20,4.280455112457275,14.229999542236328,14.270000457763672,14.119999885559082,14.229999542236328,128300
2009-10-21,4.232325077056885,14.069999694824219,14.229999542236328,14.050000190734863,14.15999984741211,154800
2009-10-22,4.271430015563965,14.199999809265137,14.25,14.039999961853027,14.109999656677246,141300
2009-10-23,4.241350173950195,14.100000381469727,14.239999771118164,14.039999961853027,14.239999771118164,132900
2009-10-26,4.133060455322266,13.739999771118164,14.15999984741211,13.720000267028809,14.100000381469727,163200
2009-10-27,4.139074802398682,13.760000228881836,13.829999923706055,13.619999885559082,13.720000267028809,128200
2009-10-28,3.9224960803985596,13.039999961853027,13.75,13.0,13.75,212700
2009-10-29,4.018754482269287,13.359999656677246,13.399999618530273,13.0600004196167,13.100000381469727,153200
2009-10-30,3.9826548099517822,13.239999771118164,13.65999984741211,13.050000190734863,13.3100004196167,170400
2009-11-02,3.9255027770996094,13.050000190734863,13.369999885559082,12.819999694824219,13.369999885559082,179600
2009-11-03,3.895425796508789,12.949999809265137,13.050000190734863,12.890000343322754,12.890000343322754,87300
2009-11-04,3.9255027770996094,13.050000190734863,13.25,13.010000228881836,13.010000228881836,133100
2009-11-05,4.0217604637146,13.369999885559082,13.369999885559082,13.079999923706055,13.079999923706055,124900
2009-11-06,4.024770736694336,13.380000114440918,13.390000343322754,13.279999732971191,13.329999923706055,86600
2009-11-09,4.093952655792236,13.609999656677246,13.619999885559082,13.460000038146973,13.470000267028809,138300
2009-11-10,4.1240339279174805,13.710000038146973,13.739999771118164,13.630000114440918,13.640000343322754,104900
2009-11-11,4.14208459854126,13.770000457763672,13.819999694824219,13.670000076293945,13.779999732971191,106200
2009-11-12,4.069891929626465,13.529999732971191,13.829999923706055,13.510000228881836,13.720000267028809,100500
2009-11-13,4.0759053230285645,13.550000190734863,13.649999618530273,13.5,13.529999732971191,87600
2009-11-16,4.139074802398682,13.760000228881836,13.869999885559082,13.609999656677246,13.609999656677246,165500
2009-11-17,4.127043724060059,13.720000267028809,13.760000228881836,13.600000381469727,13.710000038146973,116800
2009-11-18,4.130052089691162,13.729999542236328,13.75,13.579999923706055,13.710000038146973,108600
2009-11-19,4.072897911071777,13.539999961853027,13.6899995803833,13.449999809265137,13.630000114440918,123400
2009-11-20,4.139074802398682,13.760000228881836,13.760000228881836,13.5,13.5,224300
2009-11-23,4.160134792327881,13.829999923706055,13.949999809265137,13.800000190734863,13.819999694824219,153700
2009-11-24,4.187204837799072,13.920000076293945,13.930000305175781,13.770000457763672,13.789999961853027,184700
2009-11-25,4.244354248046875,14.109999656677246,14.15999984741211,13.920000076293945,13.920000076293945,169700
2009-11-27,4.196230411529541,13.949999809265137,14.0,13.739999771118164,13.739999771118164,66500
2009-11-30,4.235334873199463,14.079999923706055,14.149999618530273,13.899999618530273,13.899999618530273,173800
2009-12-01,4.343626022338867,14.4399995803833,14.460000038146973,14.199999809265137,14.210000038146973,137800
2009-12-02,4.469961643218994,14.859999656677246,14.859999656677246,14.369999885559082,14.399999618530273,301400
2009-12-03,4.481992244720459,14.899999618530273,15.199999809265137,14.8100004196167,14.829999923706055,345300
2009-12-04,4.542153358459473,15.100000381469727,15.270000457763672,14.90999984741211,15.020000457763672,263400
2009-12-07,4.722634792327881,15.699999809265137,15.789999961853027,15.220000267028809,15.300000190734863,615100
2009-12-08,4.722634792327881,15.699999809265137,16.030000686645508,15.420000076293945,15.699999809265137,587200
2009-12-09,4.782800197601318,15.899999618530273,15.979999542236328,15.6899995803833,15.789999961853027,411100
2009-12-10,4.746700763702393,15.779999732971191,16.0,15.75,16.0,248600
2009-12-11,4.779791355133057,15.890000343322754,15.949999809265137,15.779999732971191,15.899999618530273,212000
2009-12-14,4.999382019042969,16.6200008392334,16.780000686645508,15.949999809265137,15.949999809265137,445900
2009-12-15,4.882066249847412,16.229999542236328,16.690000534057617,16.010000228881836,16.6299991607666,499500
2009-12-16,4.975314140319824,16.540000915527344,16.579999923706055,16.049999237060547,16.420000076293945,228500
2009-12-17,4.927184581756592,16.3799991607666,16.489999771118164,16.200000762939453,16.479999542236328,244200
2009-12-18,4.848975658416748,16.1200008392334,16.5,16.0,16.329999923706055,441200
2009-12-21,4.830654621124268,15.819999694824219,16.1200008392334,15.800000190734863,16.049999237060547,255500
2009-12-22,4.839816093444824,15.850000381469727,15.970000267028809,15.779999732971191,15.869999885559082,194100
2009-12-23,4.879510402679443,15.979999542236328,15.989999771118164,15.789999961853027,15.859999656677246,182100
2009-12-24,4.940581798553467,16.18000030517578,16.18000030517578,15.899999618530273,15.899999618530273,57600
2009-12-28,4.946690082550049,16.200000762939453,16.260000228881836,16.040000915527344,16.219999313354492,161700
2009-12-29,4.906991004943848,16.06999969482422,16.280000686645508,16.059999465942383,16.139999389648438,156500
2009-12-30,4.8642425537109375,15.930000305175781,16.030000686645508,15.829999923706055,15.850000381469727,157200
2009-12-31,4.870350360870361,15.949999809265137,16.059999465942383,15.930000305175781,16.059999465942383,127900
2010-01-04,4.965009689331055,16.260000228881836,16.270000457763672,15.949999809265137,15.949999809265137,270300
2010-01-05,4.968059539794922,16.270000457763672,16.40999984741211,16.149999618530273,16.25,215100
2010-01-06,4.986383438110352,16.329999923706055,16.5,16.18000030517578,16.290000915527344,191500
2010-01-07,4.940581798553467,16.18000030517578,16.399999618530273,16.15999984741211,16.200000762939453,210000
2010-01-08,4.867297649383545,15.9399995803833,16.290000915527344,15.9399995803833,16.290000915527344,311200
2010-01-11,4.815385341644287,15.770000457763672,16.059999465942383,15.699999809265137,15.979999542236328,259400
2010-01-12,4.778746604919434,15.649999618530273,15.739999771118164,15.460000038146973,15.739999771118164,218700
2010-01-13,4.888671875,16.010000228881836,16.010000228881836,15.640000343322754,15.789999961853027,196800
2010-01-14,4.873404502868652,15.960000038146973,16.06999969482422,15.859999656677246,15.859999656677246,136600
2010-01-15,4.8642425537109375,15.930000305175781,15.9399995803833,15.829999923706055,15.880000114440918,208100
2010-01-19,4.894778251647949,16.030000686645508,16.06999969482422,15.859999656677246,15.859999656677246,160200
2010-01-20,4.852030277252197,15.890000343322754,16.010000228881836,15.850000381469727,16.0,140900
2010-01-21,4.760424613952637,15.59000015258789,15.989999771118164,15.59000015258789,15.970000267028809,147900
2010-01-22,4.6443891525268555,15.210000038146973,15.579999923706055,15.199999809265137,15.5,183300
2010-01-25,4.6443891525268555,15.210000038146973,15.520000457763672,15.180000305175781,15.510000228881836,196700
2010-01-26,4.665765285491943,15.279999732971191,15.380000114440918,15.109999656677246,15.170000076293945,198800
2010-01-27,4.565000057220459,14.949999809265137,15.319999694824219,14.569999694824219,15.319999694824219,270600
2010-01-28,4.540570259094238,14.869999885559082,15.039999961853027,14.609999656677246,14.970000267028809,164900
2010-01-29,4.50698184967041,14.760000228881836,14.949999809265137,14.75,14.930000305175781,133500
2010-02-01,4.5436248779296875,14.880000114440918,14.979999542236328,14.75,14.920000076293945,185500
2010-02-02,4.641336917877197,15.199999809265137,15.300000190734863,14.859999656677246,15.0,170200
2010-02-03,4.681032180786133,15.329999923706055,15.369999885559082,15.010000228881836,15.199999809265137,143900
2010-02-04,4.537518501281738,14.859999656677246,15.260000228881836,14.829999923706055,15.260000228881836,185500
2010-02-05,4.406216621398926,14.430000305175781,14.880000114440918,14.140000343322754,14.800000190734863,420500
2010-02-08,4.33293342590332,14.1899995803833,14.40999984741211,14.029999732971191,14.390000343322754,270500
2010-02-09,4.433700084686279,14.520000457763672,14.59000015258789,14.289999961853027,14.289999961853027,193500
2010-02-10,4.473392963409424,14.649999618530273,14.680000305175781,14.369999885559082,14.510000228881836,211900
2010-02-11,4.485609531402588,14.6899995803833,14.710000038146973,14.460000038146973,14.630000114440918,219400
2010-02-12,4.436751842498779,14.529999732971191,14.600000381469727,14.319999694824219,14.600000381469727,174300
2010-02-16,4.510035037994385,14.770000457763672,14.949999809265137,14.520000457763672,14.520000457763672,167700
2010-02-17,4.519199371337891,14.800000190734863,14.899999618530273,14.760000228881836,14.880000114440918,133700
2010-02-18,4.561944007873535,14.9399995803833,15.0,14.800000190734863,14.850000381469727,171000
2010-02-19,4.635231018066406,15.180000305175781,15.180000305175781,14.899999618530273,14.949999809265137,219400
2010-02-22,4.5985870361328125,15.0600004196167,15.300000190734863,15.039999961853027,15.300000190734863,167200
2010-02-23,4.558889865875244,14.930000305175781,15.260000228881836,14.930000305175781,15.100000381469727,205900
2010-02-24,4.561944007873535,14.9399995803833,15.050000190734863,14.800000190734863,14.920000076293945,106800
2010-02-25,4.577212333679199,14.989999771118164,15.010000228881836,14.579999923706055,14.850000381469727,110500
2010-02-26,4.491714954376221,14.710000038146973,15.100000381469727,14.550000190734863,15.100000381469727,456000
2010-03-01,4.589426040649414,15.029999732971191,15.100000381469727,14.8100004196167,14.8100004196167,325800
2010-03-02,4.647446632385254,15.220000267028809,15.239999771118164,15.079999923706055,15.140000343322754,198300
2010-03-03,4.600909233093262,14.829999923706055,15.109999656677246,14.829999923706055,15.109999656677246,227900
2010-03-04,4.607112884521484,14.850000381469727,14.960000038146973,14.720000267028809,14.930000305175781,426200
2010-03-05,4.653649806976318,15.0,15.029999732971191,14.90999984741211,15.029999732971191,162100
2010-03-08,4.672264099121094,15.0600004196167,15.130000114440918,15.029999732971191,15.09000015258789,139800
2010-03-09,4.6846723556518555,15.100000381469727,15.100000381469727,14.920000076293945,14.9399995803833,139900
2010-03-10,4.706390857696533,15.170000076293945,15.170000076293945,15.0,15.0,175800
2010-03-11,4.740516185760498,15.279999732971191,15.289999961853027,15.09000015258789,15.260000228881836,231700
2010-03-12,4.774641036987305,15.390000343322754,15.390000343322754,15.220000267028809,15.359999656677246,210000
2010-03-15,4.774641036987305,15.390000343322754,15.430000305175781,15.25,15.399999618530273,403900
2010-03-16,4.777746200561523,15.399999618530273,15.5,15.279999732971191,15.5,194700
2010-03-17,4.743616104125977,15.289999961853027,15.470000267028809,15.25,15.4399995803833,648500
2010-03-18,4.709494113922119,15.180000305175781,15.350000381469727,15.130000114440918,15.239999771118164,411600
2010-03-19,4.666060447692871,15.039999961853027,15.25,14.949999809265137,15.039999961853027,356900
2010-03-22,4.619521141052246,14.890000343322754,15.010000228881836,14.819999694824219,14.880000114440918,269300
2010-03-23,4.672264099121094,15.0600004196167,15.0600004196167,14.869999885559082,14.869999885559082,286800
2010-03-24,4.64124059677124,14.960000038146973,15.010000228881836,14.930000305175781,14.970000267028809,281100
2010-03-25,4.594703197479248,14.8100004196167,15.039999961853027,14.8100004196167,15.039999961853027,270100
2010-03-26,4.588498115539551,14.789999961853027,14.90999984741211,14.760000228881836,14.850000381469727,205400
2010-03-29,4.616420745849609,14.880000114440918,14.90999984741211,14.779999732971191,14.779999732971191,232400
2010-03-30,4.619521141052246,14.890000343322754,14.960000038146973,14.8100004196167,14.890000343322754,224000
2010-03-31,4.619521141052246,14.890000343322754,14.90999984741211,14.779999732971191,14.779999732971191,149900
2010-04-01,4.6629557609558105,15.029999732971191,15.050000190734863,14.90999984741211,14.90999984741211,269800
2010-04-05,4.709494113922119,15.180000305175781,15.229999542236328,15.069999694824219,15.069999694824219,196200
2010-04-06,4.734310626983643,15.260000228881836,15.300000190734863,15.140000343322754,15.180000305175781,205100
2010-04-07,4.706390857696533,15.170000076293945,15.260000228881836,15.100000381469727,15.220000267028809,231200
2010-04-08,4.709494113922119,15.180000305175781,15.1899995803833,15.029999732971191,15.079999923706055,220800
2010-04-09,4.731207847595215,15.25,15.300000190734863,15.079999923706055,15.210000038146973,175500
2010-04-12,4.7498250007629395,15.3100004196167,15.34000015258789,15.239999771118164,15.270000457763672,196800
2010-04-13,4.740516185760498,15.279999732971191,15.3100004196167,15.199999809265137,15.260000228881836,262200
2010-04-14,4.746720790863037,15.300000190734863,15.3100004196167,15.199999809265137,15.270000457763672,346400
2010-04-15,4.737415313720703,15.270000457763672,15.34000015258789,15.199999809265137,15.270000457763672,225400
2010-04-16,4.697085380554199,15.140000343322754,15.260000228881836,14.90999984741211,15.260000228881836,348600
2010-04-19,4.6567511558532715,15.010000228881836,15.119999885559082,14.869999885559082,15.09000015258789,233000
2010-04-20,4.7125935554504395,15.1899995803833,15.25,14.930000305175781,15.149999618530273,233100
2010-04-21,4.7125935554504395,15.1899995803833,15.300000190734863,15.0,15.020000457763672,187200
2010-04-22,4.737415313720703,15.270000457763672,15.270000457763672,15.020000457763672,15.020000457763672,184300
2010-04-23,4.715698719024658,15.199999809265137,15.260000228881836,15.119999885559082,15.260000228881836,253700
2010-04-26,4.715698719024658,15.199999809265137,15.25,15.140000343322754,15.15999984741211,181900
2010-04-27,4.613318920135498,14.869999885559082,15.210000038146973,14.850000381469727,15.149999618530273,204800
2010-04-28,4.579190731048584,14.760000228881836,14.90999984741211,14.720000267028809,14.90999984741211,367900
2010-04-29,4.588498115539551,14.789999961853027,14.84000015258789,14.699999809265137,14.770000457763672,267000
2010-04-30,4.5729851722717285,14.739999771118164,14.880000114440918,14.699999809265137,14.739999771118164,213600
2010-05-03,4.616420745849609,14.880000114440918,14.989999771118164,14.760000228881836,14.760000228881836,172200
2010-05-04,4.529551982879639,14.600000381469727,14.770000457763672,14.5,14.739999771118164,304300
2010-05-05,4.4178643226623535,14.239999771118164,14.399999618530273,14.109999656677246,14.260000228881836,322400
2010-05-06,4.154156684875488,13.390000343322754,14.0600004196167,12.699999809265137,14.039999961853027,876200
2010-05-07,4.0331621170043945,13.0,13.369999885559082,12.59000015258789,13.369999885559082,550800
2010-05-10,4.253437042236328,13.710000038146973,13.90999984741211,13.319999694824219,13.819999694824219,436000
2010-05-11,4.2658467292785645,13.75,13.979999542236328,13.399999618530273,13.399999618530273,231700
2010-05-12,4.352713584899902,14.029999732971191,14.069999694824219,13.800000190734863,13.829999923706055,204000
2010-05-13,4.31858491897583,13.920000076293945,14.050000190734863,13.850000381469727,14.029999732971191,158900
2010-05-14,4.228616237640381,13.630000114440918,13.880000114440918,13.399999618530273,13.739999771118164,311900
2010-05-17,4.138643741607666,13.34000015258789,13.600000381469727,13.15999984741211,13.569999694824219,256900
2010-05-18,4.110723495483398,13.25,13.489999771118164,13.020000457763672,13.380000114440918,234200
2010-05-19,4.082799911499023,13.15999984741211,13.359999656677246,12.760000228881836,13.079999923706055,222200
2010-05-20,3.847015380859375,12.399999618530273,12.9399995803833,12.34000015258789,12.9399995803833,417100
2010-05-21,3.8780410289764404,12.5,12.600000381469727,12.119999885559082,12.25,341900
2010-05-24,3.90596342086792,12.59000015258789,12.75,12.399999618530273,12.470000267028809,223200
2010-05-25,3.859424114227295,12.4399995803833,12.460000038146973,12.050000190734863,12.239999771118164,289300
2010-05-26,3.828401565551758,12.34000015258789,12.619999885559082,12.260000228881836,12.489999771118164,263900
2010-05-27,4.020751953125,12.960000038146973,12.960000038146973,12.59000015258789,12.75,436700
2010-05-28,3.977318048477173,12.819999694824219,13.010000228881836,12.760000228881836,13.010000228881836,638000
2010-06-01,3.9680120944976807,12.789999961853027,12.850000381469727,12.5,12.710000038146973,468600
2010-06-02,3.995934009552002,12.880000114440918,12.880000114440918,12.569999694824219,12.65999984741211,301400
2010-06-03,4.0331621170043945,13.0,13.020000457763672,12.869999885559082,12.930000305175781,180100
2010-06-04,3.8935539722442627,12.550000190734863,12.920000076293945,12.520000457763672,12.920000076293945,144000
2010-06-07,3.847015380859375,12.399999618530273,12.6899995803833,12.350000381469727,12.579999923706055,265200
2010-06-08,3.874939441680908,12.489999771118164,12.489999771118164,12.270000457763672,12.399999618530273,231300
2010-06-09,3.8687353134155273,12.470000267028809,12.670000076293945,12.399999618530273,12.470000267028809,241100
2010-06-10,4.002137184143066,12.899999618530273,12.899999618530273,12.550000190734863,12.680000305175781,179000
2010-06-11,4.0331621170043945,13.0,13.0,12.710000038146973,12.8100004196167,155800
2010-06-14,4.064187049865723,13.100000381469727,13.180000305175781,13.020000457763672,13.039999961853027,181200
2010-06-15,4.144848346710205,13.359999656677246,13.390000343322754,13.170000076293945,13.199999809265137,306300
2010-06-16,4.191388130187988,13.510000228881836,13.510000228881836,13.300000190734863,13.34000015258789,250000
2010-06-17,4.194488525390625,13.520000457763672,13.550000190734863,13.369999885559082,13.539999961853027,190700
2010-06-18,4.194488525390625,13.520000457763672,13.630000114440918,13.5,13.5,222500
2010-06-21,4.200803279876709,13.300000190734863,13.630000114440918,13.199999809265137,13.630000114440918,377400
2010-06-22,4.112368583679199,13.020000457763672,13.3100004196167,12.970000267028809,13.25,225800
2010-06-23,4.068150520324707,12.880000114440918,13.050000190734863,12.8100004196167,13.050000190734863,213400
2010-06-24,4.0397233963012695,12.789999961853027,12.920000076293945,12.770000457763672,12.869999885559082,406800
2010-06-25,4.074464797973633,12.899999618530273,13.029999732971191,12.760000228881836,12.800000190734863,220600
2010-06-28,4.10605001449585,13.0,13.010000228881836,12.829999923706055,12.899999618530273,168400
2010-06-29,4.011297702789307,12.699999809265137,12.880000114440918,12.619999885559082,12.850000381469727,297500
2010-06-30,3.9955058097839355,12.649999618530273,12.859999656677246,12.649999618530273,12.770000457763672,248000
2010-07-01,4.036561489105225,12.779999732971191,12.779999732971191,12.600000381469727,12.619999885559082,365400
2010-07-02,4.080782890319824,12.920000076293945,12.9399995803833,12.739999771118164,12.739999771118164,195900
2010-07-06,4.118684768676758,13.039999961853027,13.25,12.960000038146973,13.010000228881836,267400
2010-07-07,4.276609420776367,13.539999961853027,13.550000190734863,12.989999771118164,12.989999771118164,194000
2010-07-08,4.342939376831055,13.75,13.75,13.5,13.670000076293945,240500
2010-07-09,4.352413177490234,13.779999732971191,13.829999923706055,13.670000076293945,13.680000305175781,120900
2010-07-12,4.333463191986084,13.720000267028809,13.779999732971191,13.649999618530273,13.779999732971191,139900
2010-07-13,4.406108856201172,13.949999809265137,13.949999809265137,13.770000457763672,13.770000457763672,250600
2010-07-14,4.380838394165039,13.869999885559082,13.920000076293945,13.779999732971191,13.90999984741211,181000
2010-07-15,4.383999347686768,13.880000114440918,13.890000343322754,13.710000038146973,13.84000015258789,196400
2010-07-16,4.317668437957764,13.670000076293945,13.859999656677246,13.59000015258789,13.859999656677246,279200
2010-07-19,4.399789810180664,13.930000305175781,13.960000038146973,13.65999984741211,13.65999984741211,209700
2010-07-20,4.421899795532227,14.0,14.0,13.699999809265137,13.75,144400
2010-07-21,4.37452507019043,13.850000381469727,14.039999961853027,13.75,13.960000038146973,218000
2010-07-22,4.453486442565918,14.100000381469727,14.130000114440918,13.960000038146973,13.970000267028809,239500
2010-07-23,4.516655445098877,14.300000190734863,14.300000190734863,14.029999732971191,14.039999961853027,364600
2010-07-26,4.5482401847839355,14.399999618530273,14.4399995803833,14.25,14.25,198600
2010-07-27,4.582982063293457,14.510000228881836,14.539999961853027,14.420000076293945,14.420000076293945,265600
2010-07-28,4.52929162979126,14.34000015258789,14.520000457763672,14.329999923706055,14.520000457763672,227300
2010-07-29,4.5419230461120605,14.380000114440918,14.5,14.279999732971191,14.40999984741211,197000
2010-07-30,4.567192077636719,14.460000038146973,14.489999771118164,14.220000267028809,14.260000228881836,124100
2010-08-02,4.652470111846924,14.729999542236328,14.75,14.569999694824219,14.59000015258789,241900
2010-08-03,4.680896282196045,14.819999694824219,14.84000015258789,14.630000114440918,14.630000114440918,210100
2010-08-04,4.67458438873291,14.800000190734863,14.859999656677246,14.789999961853027,14.84000015258789,132000
2010-08-05,4.7061638832092285,14.899999618530273,14.899999618530273,14.670000076293945,14.789999961853027,217600
2010-08-06,4.703007221221924,14.890000343322754,14.899999618530273,14.710000038146973,14.760000228881836,127900
2010-08-09,4.709323406219482,14.90999984741211,14.970000267028809,14.869999885559082,14.920000076293945,134400
2010-08-10,4.7061638832092285,14.899999618530273,14.989999771118164,14.699999809265137,14.880000114440918,246000
2010-08-11,4.5577168464660645,14.430000305175781,14.760000228881836,14.399999618530273,14.729999542236328,288800
2010-08-12,4.51981258392334,14.3100004196167,14.369999885559082,14.199999809265137,14.329999923706055,229800
2010-08-13,4.538763999938965,14.369999885559082,14.470000267028809,14.279999732971191,14.279999732971191,206500
2010-08-16,4.551400184631348,14.40999984741211,14.4399995803833,14.25,14.359999656677246,199300
2010-08-17,4.6177287101745605,14.619999885559082,14.739999771118164,14.460000038146973,14.460000038146973,193900
2010-08-18,4.611410617828369,14.600000381469727,14.640000343322754,14.510000228881836,14.600000381469727,215200
2010-08-19,4.538763999938965,14.369999885559082,14.550000190734863,14.289999961853027,14.5,177800
2010-08-20,4.538763999938965,14.369999885559082,14.390000343322754,14.25,14.350000381469727,177900
2010-08-23,4.538763999938965,14.369999885559082,14.5,14.329999923706055,14.329999923706055,186500
2010-08-24,4.516655445098877,14.300000190734863,14.329999923706055,14.119999885559082,14.210000038146973,167600
2010-08-25,4.52929162979126,14.34000015258789,14.369999885559082,14.119999885559082,14.289999961853027,235600
2010-08-26,4.513495445251465,14.289999961853027,14.449999809265137,14.260000228881836,14.34000015258789,221700
2010-08-27,4.61456823348999,14.609999656677246,14.609999656677246,14.270000457763672,14.319999694824219,260800
2010-08-30,4.567192077636719,14.460000038146973,14.609999656677246,14.460000038146973,14.600000381469727,168900
2010-08-31,4.560872554779053,14.4399995803833,14.520000457763672,14.329999923706055,14.380000114440918,176900
2010-09-01,4.696692943572998,14.869999885559082,14.880000114440918,14.489999771118164,14.489999771118164,209400
2010-09-02,4.703007221221924,14.890000343322754,14.899999618530273,14.800000190734863,14.84000015258789,158600
2010-09-03,4.744068622589111,15.020000457763672,15.079999923706055,14.930000305175781,15.020000457763672,259300
2010-09-07,4.718800067901611,14.9399995803833,15.029999732971191,14.899999618530273,14.949999809265137,186100
2010-09-08,4.7251176834106445,14.960000038146973,15.149999618530273,14.920000076293945,14.930000305175781,286300
2010-09-09,4.800921440124512,15.199999809265137,15.199999809265137,15.050000190734863,15.050000190734863,235000
2010-09-10,4.819870471954346,15.260000228881836,15.260000228881836,15.140000343322754,15.140000343322754,145400
2010-09-13,4.841981410980225,15.329999923706055,15.399999618530273,15.270000457763672,15.289999961853027,177700
2010-09-14,4.832504749298096,15.300000190734863,15.399999618530273,15.25,15.279999732971191,222500
2010-09-15,4.838822841644287,15.319999694824219,15.369999885559082,15.180000305175781,15.300000190734863,207300
2010-09-16,4.971480369567871,15.739999771118164,15.979999542236328,15.520000457763672,15.949999809265137,928700
2010-09-17,4.9967474937438965,15.819999694824219,15.880000114440918,15.670000076293945,15.800000190734863,546400
2010-09-20,5.047285079956055,15.979999542236328,16.049999237060547,15.8100004196167,15.819999694824219,476200
2010-09-21,5.072549343109131,16.059999465942383,16.110000610351562,15.899999618530273,15.989999771118164,531200
2010-09-22,5.0887041091918945,15.75,15.84000015258789,15.649999618530273,15.65999984741211,398900
2010-09-23,5.059628963470459,15.65999984741211,15.739999771118164,15.600000381469727,15.680000305175781,379600
2010-09-24,5.104860305786133,15.800000190734863,15.850000381469727,15.6899995803833,15.739999771118164,450400
2010-09-27,5.143629550933838,15.920000076293945,15.970000267028809,15.84000015258789,15.880000114440918,398000
2010-09-28,5.153323173522949,15.949999809265137,16.0,15.819999694824219,15.970000267028809,365800
2010-09-29,5.163020133972168,15.979999542236328,16.030000686645508,15.84000015258789,15.880000114440918,300300
2010-09-30,5.143629550933838,15.920000076293945,16.170000076293945,15.84000015258789,16.139999389648438,417400
2010-10-01,5.182404041290283,16.040000915527344,16.079999923706055,15.899999618530273,15.960000038146973,323500
2010-10-04,5.137169361114502,15.899999618530273,16.059999465942383,15.829999923706055,16.020000457763672,392500
2010-10-05,5.227634906768799,16.18000030517578,16.280000686645508,16.030000686645508,16.030000686645508,385400
2010-10-06,5.295483589172363,16.389999389648438,16.389999389648438,16.1200008392334,16.239999771118164,434800
2010-10-07,5.276098728179932,16.329999923706055,16.459999084472656,16.280000686645508,16.450000762939453,383900
2010-10-08,5.311642169952393,16.440000534057617,16.459999084472656,16.34000015258789,16.350000381469727,276100
2010-10-11,5.324563026428223,16.479999542236328,16.5,16.329999923706055,16.420000076293945,294000
2010-10-12,5.324563026428223,16.479999542236328,16.479999542236328,16.260000228881836,16.31999969482422,417800
2010-10-13,5.366567134857178,16.610000610351562,16.639999389648438,16.489999771118164,16.559999465942383,500400
2010-10-14,5.35687255859375,16.579999923706055,16.729999542236328,16.530000686645508,16.6299991607666,429300
2010-10-15,5.331025123596191,16.5,16.739999771118164,16.40999984741211,16.700000762939453,313800
2010-10-18,5.3762617111206055,16.639999389648438,16.649999618530273,16.420000076293945,16.5,320200
2010-10-19,5.327795505523682,16.489999771118164,16.610000610351562,16.229999542236328,16.610000610351562,451600
2010-10-20,5.3697991371154785,16.6200008392334,16.6200008392334,16.43000030517578,16.489999771118164,274200
2010-10-21,5.395644187927246,16.700000762939453,16.799999237060547,16.59000015258789,16.600000381469727,268300
2010-10-22,5.389181137084961,16.68000030517578,16.739999771118164,16.559999465942383,16.729999542236328,279200
2010-10-25,5.421492576599121,16.780000686645508,16.829999923706055,16.6200008392334,16.729999542236328,289400
2010-10-26,5.4441070556640625,16.850000381469727,16.850000381469727,16.690000534057617,16.75,319800
2010-10-27,5.411797523498535,16.75,16.760000228881836,16.579999923706055,16.75,249200
2010-10-28,5.415029048919678,16.760000228881836,16.8700008392334,16.709999084472656,16.860000610351562,180900
2010-10-29,5.457033157348633,16.889999389648438,16.889999389648438,16.770000457763672,16.780000686645508,372100
2010-11-01,5.4699554443359375,16.93000030517578,16.950000762939453,16.829999923706055,16.8799991607666,340000
2010-11-02,5.524883270263672,17.100000381469727,17.100000381469727,16.950000762939453,16.950000762939453,199100
2010-11-03,5.518418312072754,17.079999923706055,17.1299991607666,16.93000030517578,17.110000610351562,242200
2010-11-04,5.618577003479004,17.389999389648438,17.450000762939453,17.1200008392334,17.18000030517578,307900
2010-11-05,5.6153459548950195,17.3799991607666,17.399999618530273,17.280000686645508,17.34000015258789,290100
2010-11-08,5.553959369659424,17.190000534057617,17.290000915527344,17.149999618530273,17.260000228881836,314700
2010-11-09,5.576576232910156,17.260000228881836,17.309999465942383,17.15999984741211,17.200000762939453,343400
2010-11-10,5.5507283210754395,17.18000030517578,17.260000228881836,17.020000457763672,17.25,300500
2010-11-11,5.547497749328613,17.170000076293945,17.170000076293945,17.040000915527344,17.110000610351562,297400
2010-11-12,5.4764180183410645,16.950000762939453,17.1200008392334,16.8700008392334,17.1200008392334,264700
2010-11-15,5.453800201416016,16.8799991607666,17.049999237060547,16.8799991607666,17.040000915527344,151000
2010-11-16,5.314870834350586,16.450000762939453,16.850000381469727,16.100000381469727,16.850000381469727,416800
2010-11-17,5.360105037689209,16.59000015258789,16.6200008392334,16.399999618530273,16.510000228881836,254700
2010-11-18,5.405335426330566,16.729999542236328,16.799999237060547,16.600000381469727,16.790000915527344,231600
2010-11-19,5.427954196929932,16.799999237060547,16.799999237060547,16.56999969482422,16.729999542236328,194900
2010-11-22,5.389181137084961,16.68000030517578,16.790000915527344,16.56999969482422,16.790000915527344,238100
2010-11-23,5.298713684082031,16.399999618530273,16.520000457763672,16.350000381469727,16.520000457763672,266200
2010-11-24,5.324563026428223,16.479999542236328,16.5,16.420000076293945,16.440000534057617,168400
2010-11-26,5.295483589172363,16.389999389648438,16.489999771118164,16.389999389648438,16.43000030517578,85000
2010-11-29,5.279331207275391,16.34000015258789,16.350000381469727,16.149999618530273,16.34000015258789,424200
2010-11-30,5.224405288696289,16.170000076293945,16.200000762939453,16.040000915527344,16.15999984741211,301300
2010-12-01,5.282561302185059,16.350000381469727,16.40999984741211,16.25,16.40999984741211,240100
2010-12-02,5.334256649017334,16.510000228881836,16.520000457763672,16.280000686645508,16.299999237060547,246500
2010-12-03,5.347177982330322,16.549999237060547,16.549999237060547,16.350000381469727,16.489999771118164,225000
2010-12-06,5.314870834350586,16.450000762939453,16.549999237060547,16.3700008392334,16.489999771118164,211000
2010-12-07,5.347177982330322,16.549999237060547,16.6200008392334,16.5,16.540000915527344,298000
2010-12-08,5.2696380615234375,16.309999465942383,16.600000381469727,16.25,16.479999542236328,216900
2010-12-09,5.237329006195068,16.209999084472656,16.309999465942383,16.15999984741211,16.309999465942383,256300
2010-12-10,5.295483589172363,16.389999389648438,16.399999618530273,16.229999542236328,16.239999771118164,215400
2010-12-13,5.289022922515869,16.3700008392334,16.479999542236328,16.309999465942383,16.40999984741211,215900
2010-12-14,5.331025123596191,16.5,16.5,16.360000610351562,16.3700008392334,310300
2010-12-15,5.263174057006836,16.290000915527344,16.479999542236328,16.25,16.469999313354492,225100
2010-12-16,5.318100452423096,16.459999084472656,16.459999084472656,16.260000228881836,16.329999923706055,259400
2010-12-17,5.292254447937012,16.3799991607666,16.399999618530273,16.270000457763672,16.299999237060547,252700
2010-12-20,5.289022922515869,16.3700008392334,16.420000076293945,16.209999084472656,16.350000381469727,275500
2010-12-21,5.311642169952393,16.440000534057617,16.489999771118164,16.350000381469727,16.420000076293945,347700
2010-12-22,5.377706050872803,16.280000686645508,16.309999465942383,16.110000610351562,16.18000030517578,262000
2010-12-23,5.354583263397217,16.209999084472656,16.280000686645508,16.040000915527344,16.280000686645508,188900
2010-12-27,5.344674110412598,16.18000030517578,16.25,16.079999923706055,16.1299991607666,116300
2010-12-28,5.338067054748535,16.15999984741211,16.270000457763672,16.139999389648438,16.270000457763672,169600
2010-12-29,5.33476448059082,16.149999618530273,16.260000228881836,16.1200008392334,16.149999618530273,190000
2010-12-30,5.354583263397217,16.209999084472656,16.270000457763672,16.100000381469727,16.149999618530273,186800
2010-12-31,5.423950672149658,16.420000076293945,16.43000030517578,16.170000076293945,16.31999969482422,204200
2011-01-03,5.473498344421387,16.56999969482422,16.6299991607666,16.450000762939453,16.450000762939453,232800
2011-01-04,5.519742965698242,16.709999084472656,16.790000915527344,16.5,16.549999237060547,318000
2011-01-05,5.519742965698242,16.709999084472656,16.780000686645508,16.540000915527344,16.639999389648438,235400
2011-01-06,5.516440391540527,16.700000762939453,16.700000762939453,16.559999465942383,16.639999389648438,214400
2011-01-07,5.420647144317627,16.40999984741211,16.649999618530273,16.350000381469727,16.600000381469727,263300
2011-01-10,5.400829792022705,16.350000381469727,16.399999618530273,16.25,16.3799991607666,176600
2011-01-11,5.407434940338135,16.3700008392334,16.420000076293945,16.299999237060547,16.399999618530273,157700
2011-01-12,5.41073751449585,16.3799991607666,16.510000228881836,16.350000381469727,16.440000534057617,157200
2011-01-13,5.423950672149658,16.420000076293945,16.600000381469727,16.40999984741211,16.40999984741211,146000
2011-01-14,5.473498344421387,16.56999969482422,16.6299991607666,16.420000076293945,16.459999084472656,213900
2011-01-18,5.447072982788086,16.489999771118164,16.56999969482422,16.399999618530273,16.549999237060547,193300
2011-01-19,5.433862209320068,16.450000762939453,16.559999465942383,16.3799991607666,16.469999313354492,145500
2011-01-20,5.460286617279053,16.530000686645508,16.549999237060547,16.350000381469727,16.350000381469727,209100
2011-01-21,5.506534576416016,16.670000076293945,16.690000534057617,16.530000686645508,16.530000686645508,188500
2011-01-24,5.615540027618408,17.0,17.100000381469727,16.649999618530273,16.670000076293945,363000
2011-01-25,5.625449180603027,17.030000686645508,17.100000381469727,16.90999984741211,16.969999313354492,292900
2011-01-26,5.6353607177734375,17.059999465942383,17.170000076293945,17.010000228881836,17.100000381469727,163400
2011-01-27,5.668392658233643,17.15999984741211,17.18000030517578,17.030000686645508,17.030000686645508,158200
2011-01-28,5.6056318283081055,16.969999313354492,17.25,16.850000381469727,17.15999984741211,232700
2011-01-31,5.58250617980957,16.899999618530273,17.0,16.860000610351562,16.950000762939453,225900
2011-02-01,5.69481897354126,17.239999771118164,17.25,16.959999084472656,17.0,232500
2011-02-02,5.734455585479736,17.360000610351562,17.3799991607666,17.110000610351562,17.110000610351562,200100
2011-02-03,5.72454833984375,17.329999923706055,17.389999389648438,17.209999084472656,17.270000457763672,134400
2011-02-04,5.691511631011963,17.229999542236328,17.31999969482422,17.139999389648438,17.239999771118164,183900
2011-02-07,5.668392658233643,17.15999984741211,17.25,17.1299991607666,17.219999313354492,227000
2011-02-08,5.72454833984375,17.329999923706055,17.329999923706055,17.170000076293945,17.18000030517578,226300
2011-02-09,5.704725742340088,17.270000457763672,17.31999969482422,17.170000076293945,17.260000228881836,199100
2011-02-10,5.754278182983398,17.420000076293945,17.43000030517578,17.209999084472656,17.209999084472656,159900
2011-02-11,5.793915271759033,17.540000915527344,17.540000915527344,17.299999237060547,17.34000015258789,324900
2011-02-14,5.817040920257568,17.610000610351562,17.700000762939453,17.479999542236328,17.479999542236328,179200
2011-02-15,5.826948642730713,17.639999389648438,17.690000534057617,17.56999969482422,17.639999389648438,238100
2011-02-16,5.830252647399902,17.649999618530273,17.850000381469727,17.6200008392334,17.719999313354492,454900
2011-02-17,5.889710426330566,17.829999923706055,17.829999923706055,17.579999923706055,17.600000381469727,203100
2011-02-18,5.912834644317627,17.899999618530273,17.920000076293945,17.770000457763672,17.770000457763672,194900
2011-02-22,5.830252647399902,17.649999618530273,17.899999618530273,17.549999237060547,17.75,276500
2011-02-23,5.793915271759033,17.540000915527344,17.68000030517578,17.399999618530273,17.579999923706055,257000
2011-02-24,5.803823471069336,17.56999969482422,17.700000762939453,17.459999084472656,17.510000228881836,192500
2011-02-25,5.833549976348877,17.65999984741211,17.760000228881836,17.530000686645508,17.559999465942383,173500
2011-02-28,5.863283157348633,17.75,17.90999984741211,17.610000610351562,17.75,314900
2011-03-01,5.817040920257568,17.610000610351562,17.799999237060547,17.559999465942383,17.75,125600
2011-03-02,5.859982490539551,17.739999771118164,17.760000228881836,17.549999237060547,17.549999237060547,184700
2011-03-03,5.949169158935547,18.010000228881836,18.010000228881836,17.780000686645508,17.780000686645508,201300
2011-03-04,5.926044940948486,17.940000534057617,18.030000686645508,17.860000610351562,18.020000457763672,181900
2011-03-07,5.929349422454834,17.950000762939453,18.079999923706055,17.90999984741211,17.950000762939453,230200
2011-03-08,5.978898525238037,18.100000381469727,18.100000381469727,17.889999389648438,17.889999389648438,218400
2011-03-09,5.982201099395752,18.110000610351562,18.1200008392334,18.0,18.110000610351562,169200
2011-03-10,5.912834644317627,17.899999618530273,18.06999969482422,17.829999923706055,18.020000457763672,289300
2011-03-11,5.916137218475342,17.90999984741211,17.920000076293945,17.75,17.780000686645508,127100
2011-03-14,5.767486095428467,17.459999084472656,17.799999237060547,17.040000915527344,17.780000686645508,507400
2011-03-15,5.575900554656982,16.8799991607666,16.969999313354492,16.09000015258789,16.950000762939453,606800
2011-03-16,5.420647144317627,16.40999984741211,16.920000076293945,16.389999389648438,16.90999984741211,313200
2011-03-17,5.532956600189209,16.75,16.75,16.309999465942383,16.510000228881836,311500
2011-03-18,5.625449180603027,17.030000686645508,17.149999618530273,16.969999313354492,16.989999771118164,191700
2011-03-21,5.747671604156494,17.399999618530273,17.579999923706055,17.200000762939453,17.25,366400
2011-03-22,5.778027534484863,17.1299991607666,17.149999618530273,16.959999084472656,17.040000915527344,163400
2011-03-23,5.838743686676025,17.309999465942383,17.31999969482422,17.110000610351562,17.149999618530273,260700
2011-03-24,5.869101047515869,17.399999618530273,17.450000762939453,17.31999969482422,17.450000762939453,180000
2011-03-25,5.815130710601807,17.239999771118164,17.389999389648438,17.149999618530273,17.350000381469727,186100
2011-03-28,5.835368633270264,17.299999237060547,17.360000610351562,17.190000534057617,17.299999237060547,172300
2011-03-29,5.831995010375977,17.290000915527344,17.3799991607666,17.219999313354492,17.290000915527344,177200
2011-03-30,5.882591724395752,17.440000534057617,17.479999542236328,17.31999969482422,17.34000015258789,185800
2011-03-31,5.953429698944092,17.649999618530273,17.670000076293945,17.459999084472656,17.489999771118164,227000
2011-04-01,6.027632236480713,17.8700008392334,17.950000762939453,17.700000762939453,17.719999313354492,256400
2011-04-04,6.047873020172119,17.93000030517578,18.040000915527344,17.90999984741211,17.940000534057617,242700
2011-04-05,6.071484565734863,18.0,18.040000915527344,17.899999618530273,17.93000030517578,230200
2011-04-06,6.095093250274658,18.06999969482422,18.09000015258789,17.979999542236328,18.079999923706055,197400
2011-04-07,6.057989597320557,17.959999084472656,18.06999969482422,17.889999389648438,18.059999465942383,218000
2011-04-08,6.071484565734863,18.0,18.06999969482422,17.90999984741211,18.049999237060547,159300
2011-04-11,6.034377574920654,17.889999389648438,18.049999237060547,17.8700008392334,17.959999084472656,173000
2011-04-12,6.004021644592285,17.799999237060547,17.799999237060547,17.510000228881836,17.729999542236328,234300
2011-04-13,5.987156391143799,17.75,17.8799991607666,17.6200008392334,17.770000457763672,230400
2011-04-14,5.987156391143799,17.75,17.75,17.520000457763672,17.68000030517578,151900
2011-04-15,6.020884990692139,17.850000381469727,17.850000381469727,17.690000534057617,17.75,122100
2011-04-18,5.960172176361084,17.670000076293945,17.75,17.450000762939453,17.75,181500
2011-04-19,5.970293045043945,17.700000762939453,17.700000762939453,17.549999237060547,17.649999618530273,132500
2011-04-20,6.034377574920654,17.889999389648438,17.899999618530273,17.809999465942383,17.8799991607666,156500
2011-04-21,6.088347434997559,18.049999237060547,18.06999969482422,17.860000610351562,17.860000610351562,226100
2011-04-25,6.101839065551758,18.09000015258789,18.09000015258789,18.0,18.079999923706055,113100
2011-04-26,6.115329742431641,18.1299991607666,18.200000762939453,17.969999313354492,18.170000076293945,334500
2011-04-27,6.1355743408203125,18.190000534057617,18.219999313354492,18.09000015258789,18.15999984741211,137300
2011-04-28,6.179420471191406,18.31999969482422,18.31999969482422,18.190000534057617,18.209999084472656,118300
2011-04-29,6.196286678314209,18.3700008392334,18.40999984741211,18.280000686645508,18.360000610351562,239000
2011-05-02,6.2064032554626465,18.399999618530273,18.479999542236328,18.329999923706055,18.420000076293945,263000
2011-05-03,6.2064032554626465,18.399999618530273,18.459999084472656,18.270000457763672,18.31999969482422,152000
2011-05-04,6.1355743408203125,18.190000534057617,18.389999389648438,18.079999923706055,18.3700008392334,186000
2011-05-05,5.950055122375488,17.639999389648438,18.059999465942383,17.520000457763672,18.030000686645508,281800
2011-05-06,5.993900775909424,17.770000457763672,17.979999542236328,17.65999984741211,17.729999542236328,191600
2011-05-09,6.071484565734863,18.0,18.0,17.719999313354492,17.75,157000
2011-05-10,6.111961841583252,18.1200008392334,18.149999618530273,17.950000762939453,18.049999237060547,144000
2011-05-11,6.044497489929199,17.920000076293945,18.049999237060547,17.799999237060547,18.049999237060547,144200
2011-05-12,6.118703365325928,18.139999389648438,18.139999389648438,17.790000915527344,17.920000076293945,225000
2011-05-13,6.0613603591918945,17.969999313354492,18.110000610351562,17.829999923706055,18.09000015258789,144800
2011-05-16,6.024263858795166,17.860000610351562,17.950000762939453,17.81999969482422,17.920000076293945,139500
2011-05-17,5.993900775909424,17.770000457763672,17.860000610351562,17.68000030517578,17.84000015258789,184100
2011-05-18,6.00064754486084,17.790000915527344,17.90999984741211,17.68000030517578,17.84000015258789,177300
2011-05-19,5.987156391143799,17.75,17.8799991607666,17.700000762939453,17.809999465942383,204400
2011-05-20,6.037753105163574,17.899999618530273,17.989999771118164,17.760000228881836,17.770000457763672,223500
2011-05-23,6.031005382537842,17.8799991607666,17.889999389648438,17.690000534057617,17.75,166100
2011-05-24,6.010765075683594,17.81999969482422,17.93000030517578,17.790000915527344,17.81999969482422,240300
2011-05-25,6.098467826843262,18.079999923706055,18.079999923706055,17.770000457763672,17.799999237060547,186600
2011-05-26,6.081604957580566,18.030000686645508,18.100000381469727,17.90999984741211,17.989999771118164,112000
2011-05-27,6.088347434997559,18.049999237060547,18.139999389648438,17.969999313354492,18.020000457763672,98800
2011-05-31,6.2064032554626465,18.399999618530273,18.40999984741211,18.170000076293945,18.200000762939453,207900
2011-06-01,6.1052165031433105,18.100000381469727,18.450000762939453,18.049999237060547,18.43000030517578,146100
2011-06-02,6.108583927154541,18.110000610351562,18.149999618530273,17.90999984741211,18.100000381469727,141600
2011-06-03,6.071484565734863,18.0,18.049999237060547,17.920000076293945,17.969999313354492,136800
2011-06-06,6.027632236480713,17.8700008392334,18.030000686645508,17.809999465942383,18.030000686645508,124800
2011-06-07,6.017514705657959,17.84000015258789,18.020000457763672,17.809999465942383,18.0,125400
2011-06-08,5.983784198760986,17.739999771118164,17.93000030517578,17.68000030517578,17.8700008392334,127900
2011-06-09,5.973666191101074,17.709999084472656,17.850000381469727,17.690000534057617,17.81999969482422,118600
2011-06-10,5.912952423095703,17.530000686645508,17.719999313354492,17.43000030517578,17.700000762939453,207700
2011-06-13,5.821877479553223,17.260000228881836,17.530000686645508,17.190000534057617,17.5,276500
2011-06-14,5.9567975997924805,17.65999984741211,17.65999984741211,17.3700008392334,17.3700008392334,216200
2011-06-15,5.882591724395752,17.440000534057617,17.59000015258789,17.25,17.43000030517578,192400
2011-06-16,5.828621864318848,17.280000686645508,17.40999984741211,17.25,17.329999923706055,221600
2011-06-17,5.835368633270264,17.299999237060547,17.549999237060547,17.110000610351562,17.440000534057617,163000
2011-06-20,5.801639556884766,17.200000762939453,17.350000381469727,17.020000457763672,17.049999237060547,283400
2011-06-21,5.932557582855225,17.219999313354492,17.459999084472656,16.899999618530273,16.920000076293945,330000
2011-06-22,5.891213417053223,17.100000381469727,17.3700008392334,17.06999969482422,17.219999313354492,289200
2011-06-23,5.86365270614624,17.020000457763672,17.040000915527344,16.799999237060547,16.979999542236328,220000
2011-06-24,5.798194408416748,16.829999923706055,16.979999542236328,16.770000457763672,16.969999313354492,184800
2011-06-27,5.898104667663574,17.1200008392334,17.1299991607666,16.84000015258789,16.8799991607666,225500
2011-06-28,6.022130012512207,17.479999542236328,17.479999542236328,17.18000030517578,17.25,278100
2011-06-29,6.087586879730225,17.670000076293945,17.709999084472656,17.450000762939453,17.59000015258789,232800
2011-06-30,6.132373809814453,17.799999237060547,17.889999389648438,17.68000030517578,17.790000915527344,160400
2011-07-01,6.215057849884033,18.040000915527344,18.06999969482422,17.75,17.860000610351562,188300
2011-07-05,6.194387435913086,17.979999542236328,18.030000686645508,17.899999618530273,17.959999084472656,229800
2011-07-06,6.180605411529541,17.940000534057617,18.0,17.809999465942383,17.959999084472656,185500
2011-07-07,6.228837966918945,18.079999923706055,18.200000762939453,17.979999542236328,18.040000915527344,276700
2011-07-08,6.180605411529541,17.940000534057617,18.010000228881836,17.829999923706055,17.940000534057617,112000
2011-07-11,6.042797565460205,17.540000915527344,17.75,17.399999618530273,17.709999084472656,242400
2011-07-12,6.022130012512207,17.479999542236328,17.540000915527344,17.360000610351562,17.459999084472656,132800
2011-07-13,6.022130012512207,17.479999542236328,17.670000076293945,17.350000381469727,17.5,152500
2011-07-14,5.9773406982421875,17.350000381469727,17.690000534057617,17.270000457763672,17.5,147200
2011-07-15,5.984230995178223,17.3700008392334,17.440000534057617,17.270000457763672,17.399999618530273,118800
2011-07-18,5.970452308654785,17.329999923706055,17.360000610351562,17.079999923706055,17.309999465942383,217600
2011-07-19,5.960116863250732,17.299999237060547,17.450000762939453,17.18000030517578,17.3700008392334,141700
2011-07-20,5.9773406982421875,17.350000381469727,17.479999542236328,17.290000915527344,17.290000915527344,164700
2011-07-21,6.097923755645752,17.700000762939453,17.709999084472656,17.440000534057617,17.489999771118164,164500
2011-07-22,6.108257293701172,17.729999542236328,17.780000686645508,17.59000015258789,17.760000228881836,125200
2011-07-25,6.066919326782227,17.610000610351562,17.709999084472656,17.510000228881836,17.649999618530273,155100
2011-07-26,6.049691200256348,17.559999465942383,17.68000030517578,17.459999084472656,17.549999237060547,165400
2011-07-27,5.967005729675293,17.31999969482422,17.530000686645508,17.170000076293945,17.389999389648438,241000
2011-07-28,5.949780464172363,17.270000457763672,17.3799991607666,17.149999618530273,17.3700008392334,215400
2011-07-29,5.904994010925293,17.139999389648438,17.200000762939453,16.920000076293945,17.030000686645508,246900
2011-08-01,5.929108619689941,17.209999084472656,17.579999923706055,17.06999969482422,17.450000762939453,227900
2011-08-02,5.79130220413208,16.809999465942383,17.239999771118164,16.790000915527344,17.18000030517578,200100
2011-08-03,5.763742446899414,16.729999542236328,16.8799991607666,16.399999618530273,16.8799991607666,276200
2011-08-04,5.426118850708008,15.75,16.649999618530273,15.739999771118164,16.579999923706055,535000
2011-08-05,5.357213020324707,15.550000190734863,16.040000915527344,15.050000190734863,15.880000114440918,413700
2011-08-08,4.9610209465026855,14.399999618530273,14.859999656677246,14.050000190734863,14.8100004196167,589000
2011-08-09,5.191848278045654,15.069999694824219,15.119999885559082,14.149999618530273,14.539999961853027,444900
2011-08-10,5.105716705322266,14.819999694824219,15.130000114440918,14.550000190734863,14.960000038146973,249200
2011-08-11,5.308980941772461,15.40999984741211,15.550000190734863,14.899999618530273,14.899999618530273,219600
2011-08-12,5.384776592254639,15.630000114440918,15.75,15.399999618530273,15.649999618530273,162200
2011-08-15,5.63627290725708,16.360000610351562,16.3700008392334,15.779999732971191,15.779999732971191,257300
2011-08-16,5.608710765838623,16.280000686645508,16.350000381469727,16.030000686645508,16.229999542236328,198100
2011-08-17,5.612156867980957,16.290000915527344,16.459999084472656,16.149999618530273,16.309999465942383,112000
2011-08-18,5.419225692749023,15.729999542236328,16.059999465942383,15.579999923706055,15.979999542236328,205800
2011-08-19,5.353770732879639,15.539999961853027,15.850000381469727,15.34000015258789,15.539999961853027,187900
2011-08-22,5.305532932281494,15.399999618530273,15.979999542236328,15.199999809265137,15.979999542236328,171700
2011-08-23,5.5122480392456055,16.0,16.0,15.430000305175781,15.449999809265137,123500
2011-08-24,5.643163204193115,16.3799991607666,16.399999618530273,15.84000015258789,16.020000457763672,235400
2011-08-25,5.5225830078125,16.030000686645508,16.489999771118164,15.979999542236328,16.489999771118164,132500
2011-08-26,5.577703475952148,16.190000534057617,16.34000015258789,15.760000228881836,15.960000038146973,135700
2011-08-29,5.63627290725708,16.360000610351562,16.59000015258789,16.270000457763672,16.420000076293945,182500
2011-08-30,5.612156867980957,16.290000915527344,16.5,16.260000228881836,16.299999237060547,198600
2011-08-31,5.622490406036377,16.31999969482422,16.610000610351562,16.299999237060547,16.3799991607666,188300
2011-09-01,5.6672773361206055,16.450000762939453,16.549999237060547,16.3700008392334,16.389999389648438,172000
2011-09-02,5.639715194702148,16.3700008392334,16.450000762939453,16.079999923706055,16.270000457763672,113000
2011-09-06,5.629383087158203,16.34000015258789,16.34000015258789,15.920000076293945,16.079999923706055,206600
2011-09-07,5.656942844390869,16.420000076293945,16.469999313354492,16.200000762939453,16.389999389648438,151300
2011-09-08,5.687947750091553,16.510000228881836,16.600000381469727,16.219999313354492,16.3799991607666,208400
2011-09-09,5.550142288208008,16.110000610351562,16.40999984741211,15.970000267028809,16.290000915527344,127200
2011-09-12,5.49501895904541,15.949999809265137,16.020000457763672,15.59000015258789,15.930000305175781,130300
2011-09-13,5.519137859344482,16.020000457763672,16.1200008392334,15.949999809265137,16.020000457763672,148100
2011-09-14,5.560476779937744,16.139999389648438,16.209999084472656,15.979999542236328,16.1299991607666,169000
2011-09-15,5.591487407684326,16.229999542236328,16.350000381469727,16.190000534057617,16.25,168400
2011-09-16,5.625936985015869,16.329999923706055,16.40999984741211,16.209999084472656,16.290000915527344,106100
2011-09-19,5.608710765838623,16.280000686645508,16.360000610351562,16.06999969482422,16.229999542236328,155700
2011-09-20,5.615756988525391,15.9399995803833,16.190000534057617,15.920000076293945,15.989999771118164,205200
2011-09-21,5.481880187988281,15.5600004196167,16.049999237060547,15.539999961853027,16.010000228881836,164600
2011-09-22,5.316296100616455,15.09000015258789,15.390000343322754,15.0,15.390000343322754,257300
2011-09-23,5.351525783538818,15.1899995803833,15.1899995803833,14.9399995803833,15.119999885559082,204200
2011-09-26,5.478357315063477,15.550000190734863,15.550000190734863,14.930000305175781,15.210000038146973,406000
2011-09-27,5.555864334106445,15.770000457763672,16.0,15.739999771118164,15.899999618530273,303200
2011-09-28,5.478357315063477,15.550000190734863,15.899999618530273,15.449999809265137,15.859999656677246,300600
2011-09-29,5.527679443359375,15.6899995803833,15.800000190734863,15.510000228881836,15.779999732971191,274500
2011-09-30,5.4854021072387695,15.569999694824219,15.770000457763672,15.470000267028809,15.65999984741211,301700
2011-10-03,5.393805980682373,15.3100004196167,15.630000114440918,15.3100004196167,15.420000076293945,295500
2011-10-04,5.309251308441162,15.069999694824219,15.15999984741211,14.75,15.0600004196167,275700
2011-10-05,5.348003387451172,15.180000305175781,15.180000305175781,14.890000343322754,15.119999885559082,254500
2011-10-06,5.577004909515381,15.829999923706055,15.829999923706055,15.100000381469727,15.109999656677246,285000
2011-10-07,5.629847526550293,15.979999542236328,15.989999771118164,15.649999618530273,15.949999809265137,155700
2011-10-10,5.67917013168335,16.1200008392334,16.329999923706055,15.930000305175781,16.170000076293945,169600
2011-10-11,5.598140239715576,15.890000343322754,16.200000762939453,15.880000114440918,16.110000610351562,127900
2011-10-12,5.67917013168335,16.1200008392334,16.200000762939453,15.890000343322754,15.960000038146973,166000
2011-10-13,5.693263530731201,16.15999984741211,16.329999923706055,15.970000267028809,16.010000228881836,188300
2011-10-14,5.724970817565918,16.25,16.34000015258789,16.139999389648438,16.290000915527344,127500
2011-10-17,5.714401721954346,16.219999313354492,16.25,16.049999237060547,16.25,227800
2011-10-18,5.728494644165039,16.260000228881836,16.420000076293945,16.049999237060547,16.200000762939453,237300
2011-10-19,5.717925071716309,16.229999542236328,16.3700008392334,16.110000610351562,16.25,148500
2011-10-20,5.724970817565918,16.25,16.25,16.059999465942383,16.229999542236328,100700
2011-10-21,5.739063262939453,16.290000915527344,16.450000762939453,16.25,16.260000228881836,144600
2011-10-24,5.788384914398193,16.43000030517578,16.43000030517578,16.260000228881836,16.260000228881836,203800
2011-10-25,5.753157138824463,16.329999923706055,16.389999389648438,16.280000686645508,16.350000381469727,123200
2011-10-26,5.788384914398193,16.43000030517578,16.440000534057617,16.25,16.40999984741211,126900
2011-10-27,5.91169548034668,16.780000686645508,16.920000076293945,16.540000915527344,16.59000015258789,291300
2011-10-28,5.858846187591553,16.6299991607666,16.790000915527344,16.309999465942383,16.309999465942383,175300
2011-10-31,5.756680965423584,16.34000015258789,16.489999771118164,16.329999923706055,16.489999771118164,135900
2011-11-01,5.594621181488037,15.880000114440918,16.020000457763672,15.760000228881836,16.0,164500
2011-11-02,5.675648212432861,16.110000610351562,16.209999084472656,16.040000915527344,16.1299991607666,102400
2011-11-03,5.784862041473389,16.420000076293945,16.420000076293945,16.110000610351562,16.219999313354492,158600
2011-11-04,5.732016563415527,16.270000457763672,16.350000381469727,16.1200008392334,16.34000015258789,129500
2011-11-07,5.686216354370117,16.139999389648438,16.309999465942383,16.059999465942383,16.219999313354492,146400
2011-11-08,5.707357406616211,16.200000762939453,16.31999969482422,16.020000457763672,16.209999084472656,121900
2011-11-09,5.601664066314697,15.899999618530273,16.170000076293945,15.850000381469727,15.890000343322754,174000
2011-11-10,5.608707427978516,15.920000076293945,16.139999389648438,15.8100004196167,16.079999923706055,155600
2011-11-11,5.67917013168335,16.1200008392334,16.219999313354492,16.0,16.100000381469727,242000
2011-11-14,5.601664066314697,15.899999618530273,16.170000076293945,15.850000381469727,16.139999389648438,140400
2011-11-15,5.6051859855651855,15.90999984741211,15.979999542236328,15.699999809265137,15.789999961853027,150200
2011-11-16,5.591095447540283,15.869999885559082,16.030000686645508,15.640000343322754,15.800000190734863,145900
2011-11-17,5.584049224853516,15.850000381469727,15.90999984741211,15.649999618530273,15.880000114440918,161400
2011-11-18,5.569957733154297,15.8100004196167,16.030000686645508,15.739999771118164,15.949999809265137,112000
2011-11-21,5.503019332885742,15.619999885559082,15.710000038146973,15.399999618530273,15.600000381469727,155300
2011-11-22,5.495975017547607,15.600000381469727,15.699999809265137,15.510000228881836,15.600000381469727,105500
2011-11-23,5.407896518707275,15.350000381469727,15.510000228881836,15.329999923706055,15.470000267028809,89900
2011-11-25,5.39732551574707,15.319999694824219,15.5,15.279999732971191,15.329999923706055,39900
2011-11-28,5.376186847686768,15.260000228881836,15.6899995803833,15.239999771118164,15.539999961853027,153500
2011-11-29,5.436080455780029,15.430000305175781,15.4399995803833,15.270000457763672,15.270000457763672,117700
2011-11-30,5.577004909515381,15.829999923706055,15.869999885559082,15.75,15.770000457763672,184300
2011-12-01,5.650986671447754,16.040000915527344,16.040000915527344,15.65999984741211,15.739999771118164,176900
2011-12-02,5.629847526550293,15.979999542236328,16.170000076293945,15.920000076293945,16.170000076293945,179500
2011-12-05,5.6650776863098145,16.079999923706055,16.280000686645508,16.049999237060547,16.139999389648438,130000
2011-12-06,5.658032417297363,16.059999465942383,16.149999618530273,15.970000267028809,16.1200008392334,159300
2011-12-07,5.686216354370117,16.139999389648438,16.149999618530273,15.800000190734863,15.960000038146973,166200
2011-12-08,5.577004909515381,15.829999923706055,16.06999969482422,15.760000228881836,16.059999465942383,100300
2011-12-09,5.636894702911377,16.0,16.030000686645508,15.829999923706055,15.84000015258789,142600
2011-12-12,5.612236022949219,15.930000305175781,15.930000305175781,15.710000038146973,15.829999923706055,142400
2011-12-13,5.52063512802124,15.670000076293945,16.030000686645508,15.5600004196167,16.0,153000
2011-12-14,5.464262962341309,15.510000228881836,15.640000343322754,15.399999618530273,15.59000015258789,104300
2011-12-15,5.464262962341309,15.510000228881836,15.630000114440918,15.319999694824219,15.579999923706055,198300
2011-12-16,5.517113208770752,15.65999984741211,15.699999809265137,15.569999694824219,15.59000015258789,147200
2011-12-19,5.446651458740234,15.460000038146973,15.75,15.449999809265137,15.720000267028809,133200
2011-12-20,5.566432476043701,15.800000190734863,15.800000190734863,15.569999694824219,15.569999694824219,219400
2011-12-21,5.613300323486328,15.569999694824219,15.579999923706055,15.239999771118164,15.399999618530273,243600
2011-12-22,5.638539791107178,15.640000343322754,15.6899995803833,15.529999732971191,15.640000343322754,229900
2011-12-23,5.609695911407471,15.5600004196167,15.699999809265137,15.550000190734863,15.630000114440918,241100
2011-12-27,5.71424674987793,15.850000381469727,15.850000381469727,15.550000190734863,15.609999656677246,223300
2011-12-28,5.660167694091797,15.699999809265137,15.819999694824219,15.65999984741211,15.760000228881836,161900
2011-12-29,5.6962175369262695,15.800000190734863,15.880000114440918,15.630000114440918,15.630000114440918,243900
2011-12-30,5.6962175369262695,15.800000190734863,15.989999771118164,15.789999961853027,15.930000305175781,257900
2012-01-03,5.7899556159973145,16.059999465942383,16.079999923706055,15.930000305175781,15.930000305175781,210500
2012-01-04,5.829614162445068,16.170000076293945,16.170000076293945,15.979999542236328,16.09000015258789,154600
2012-01-05,5.948586940765381,16.5,16.5,16.049999237060547,16.1299991607666,294700
2012-01-06,5.872876167297363,16.290000915527344,16.440000534057617,16.139999389648438,16.399999618530273,267900
2012-01-09,5.8800835609436035,16.309999465942383,16.389999389648438,16.149999618530273,16.25,199100
2012-01-10,5.966610431671143,16.549999237060547,16.649999618530273,16.5,16.540000915527344,526000
2012-01-11,5.9810309410095215,16.59000015258789,16.639999389648438,16.520000457763672,16.56999969482422,302300
2012-01-12,5.966610431671143,16.549999237060547,16.639999389648438,16.540000915527344,16.59000015258789,221100
2012-01-13,5.966610431671143,16.549999237060547,16.59000015258789,16.450000762939453,16.5,220500
2012-01-17,5.952188014984131,16.510000228881836,16.739999771118164,16.5,16.709999084472656,293900
2012-01-18,6.002663612365723,16.649999618530273,16.700000762939453,16.549999237060547,16.579999923706055,238900
2012-01-19,6.01708459854126,16.690000534057617,16.75,16.579999923706055,16.719999313354492,213700
2012-01-20,5.963003158569336,16.540000915527344,16.860000610351562,16.540000915527344,16.709999084472656,244500
2012-01-23,5.948586940765381,16.5,16.739999771118164,16.5,16.639999389648438,243500
2012-01-24,6.002663612365723,16.649999618530273,16.649999618530273,16.5,16.5,350300
2012-01-25,6.013479232788086,16.68000030517578,16.700000762939453,16.559999465942383,16.600000381469727,172900
2012-01-26,6.01708459854126,16.690000534057617,16.889999389648438,16.690000534057617,16.700000762939453,168800
2012-01-27,6.168499946594238,17.110000610351562,17.15999984741211,16.700000762939453,16.700000762939453,306900
2012-01-30,6.211765289306641,17.229999542236328,17.229999542236328,16.959999084472656,17.049999237060547,230500
2012-01-31,6.096397876739502,16.90999984741211,17.299999237060547,16.889999389648438,17.260000228881836,239900
2012-02-01,6.182924270629883,17.149999618530273,17.209999084472656,17.010000228881836,17.09000015258789,230100
2012-02-02,6.240607738494873,17.309999465942383,17.350000381469727,17.09000015258789,17.1200008392334,210700
2012-02-03,6.244211673736572,17.31999969482422,17.440000534057617,17.290000915527344,17.43000030517578,127500
2012-02-06,6.237005710601807,17.299999237060547,17.350000381469727,17.18000030517578,17.18000030517578,127900
2012-02-07,6.240607738494873,17.309999465942383,17.34000015258789,17.239999771118164,17.299999237060547,151400
2012-02-08,6.30549955368042,17.489999771118164,17.489999771118164,17.290000915527344,17.34000015258789,183000
2012-02-09,6.316315650939941,17.520000457763672,17.600000381469727,17.450000762939453,17.479999542236328,151000
2012-02-10,6.3091020584106445,17.5,17.510000228881836,17.420000076293945,17.420000076293945,144700
2012-02-13,6.258633136749268,17.360000610351562,17.670000076293945,17.350000381469727,17.639999389648438,141300
2012-02-14,6.2153706550598145,17.239999771118164,17.350000381469727,17.110000610351562,17.350000381469727,180400
2012-02-15,6.172110557556152,17.1200008392334,17.309999465942383,17.110000610351562,17.260000228881836,162700
2012-02-16,6.316315650939941,17.520000457763672,17.540000915527344,17.06999969482422,17.06999969482422,296300
2012-02-17,6.319922924041748,17.530000686645508,17.59000015258789,17.3700008392334,17.579999923706055,147200
2012-02-21,6.2550249099731445,17.350000381469727,17.639999389648438,17.34000015258789,17.530000686645508,154000
2012-02-22,6.30549955368042,17.489999771118164,17.610000610351562,17.360000610351562,17.360000610351562,201500
2012-02-23,6.316315650939941,17.520000457763672,17.6200008392334,17.459999084472656,17.5,128400
2012-02-24,6.374000072479248,17.68000030517578,17.68000030517578,17.540000915527344,17.540000915527344,132200
2012-02-27,6.341552257537842,17.59000015258789,17.670000076293945,17.5,17.520000457763672,148000
2012-02-28,6.377608776092529,17.690000534057617,17.690000534057617,17.559999465942383,17.579999923706055,163800
2012-02-29,6.388419151306152,17.719999313354492,17.760000228881836,17.649999618530273,17.700000762939453,241500
2012-03-01,6.49657678604126,18.020000457763672,18.049999237060547,17.68000030517578,17.68000030517578,240000
2012-03-02,6.424469470977783,17.81999969482422,18.020000457763672,17.75,18.020000457763672,205000
2012-03-05,6.388419151306152,17.719999313354492,17.84000015258789,17.700000762939453,17.760000228881836,162300
2012-03-06,6.327129364013672,17.549999237060547,17.639999389648438,17.459999084472656,17.610000610351562,178300
2012-03-07,6.3235249519348145,17.540000915527344,17.649999618530273,17.5,17.549999237060547,196900
2012-03-08,6.363185882568359,17.649999618530273,17.700000762939453,17.520000457763672,17.700000762939453,202100
2012-03-09,6.4028425216674805,17.760000228881836,17.809999465942383,17.649999618530273,17.649999618530273,114000
2012-03-12,6.428077697753906,17.829999923706055,17.829999923706055,17.65999984741211,17.670000076293945,140100
2012-03-13,6.446101188659668,17.8799991607666,17.899999618530273,17.809999465942383,17.829999923706055,303500
2012-03-14,6.453315734863281,17.899999618530273,17.93000030517578,17.799999237060547,17.850000381469727,212900
2012-03-15,6.493785858154297,17.649999618530273,17.68000030517578,17.450000762939453,17.56999969482422,151600
2012-03-16,6.449635982513428,17.530000686645508,17.700000762939453,17.489999771118164,17.700000762939453,132500
2012-03-19,6.387088775634766,17.360000610351562,17.530000686645508,17.350000381469727,17.530000686645508,155800
2012-03-20,6.368692874908447,17.309999465942383,17.360000610351562,17.260000228881836,17.280000686645508,157800
2012-03-21,6.3760504722595215,17.329999923706055,17.389999389648438,17.280000686645508,17.350000381469727,143000
2012-03-22,6.324542045593262,17.190000534057617,17.270000457763672,17.100000381469727,17.270000457763672,139000
2012-03-23,6.34293794631958,17.239999771118164,17.239999771118164,17.110000610351562,17.18000030517578,140200
2012-03-26,6.427556037902832,17.469999313354492,17.469999313354492,17.270000457763672,17.270000457763672,183800
2012-03-27,6.4422760009765625,17.510000228881836,17.540000915527344,17.3799991607666,17.469999313354492,230200
2012-03-28,6.379726409912109,17.34000015258789,17.489999771118164,17.270000457763672,17.459999084472656,136100
2012-03-29,6.3576555252075195,17.280000686645508,17.290000915527344,17.100000381469727,17.260000228881836,127500
2012-03-30,6.47538948059082,17.600000381469727,17.950000762939453,17.299999237060547,17.299999237060547,304300
2012-04-02,6.545293807983398,17.790000915527344,17.850000381469727,17.450000762939453,17.510000228881836,196100
2012-04-03,6.493785858154297,17.649999618530273,17.809999465942383,17.610000610351562,17.719999313354492,186700
2012-04-04,6.504822731018066,17.68000030517578,17.739999771118164,17.200000762939453,17.219999313354492,238400
2012-04-05,6.387088775634766,17.360000610351562,17.56999969482422,17.280000686645508,17.559999465942383,130800
2012-04-09,6.379726409912109,17.34000015258789,17.3799991607666,17.200000762939453,17.25,134800
2012-04-10,6.335582256317139,17.219999313354492,17.5,17.100000381469727,17.3700008392334,160200
2012-04-11,6.276711940765381,17.059999465942383,17.34000015258789,17.030000686645508,17.290000915527344,246300
2012-04-12,6.309825420379639,17.149999618530273,17.200000762939453,17.06999969482422,17.06999969482422,248000
2012-04-13,6.353976249694824,17.270000457763672,17.3700008392334,17.010000228881836,17.139999389648438,183600
2012-04-16,6.284072399139404,17.079999923706055,17.389999389648438,17.06999969482422,17.360000610351562,164100
2012-04-17,6.335582256317139,17.219999313354492,17.280000686645508,17.1299991607666,17.1299991607666,366500
2012-04-18,6.298790454864502,17.1200008392334,17.170000076293945,17.079999923706055,17.149999618530273,173400
2012-04-19,6.2472825050354,16.979999542236328,17.139999389648438,16.8799991607666,17.139999389648438,273100
2012-04-20,6.320862293243408,17.18000030517578,17.18000030517578,17.020000457763672,17.020000457763672,131100
2012-04-23,6.2583160400390625,17.010000228881836,17.049999237060547,16.850000381469727,17.020000457763672,148100
2012-04-24,6.291431427001953,17.100000381469727,17.149999618530273,17.0,17.030000686645508,202000
2012-04-25,6.4018049240112305,17.399999618530273,17.399999618530273,17.18000030517578,17.18000030517578,156000
2012-04-26,6.43859338760376,17.5,17.5,17.329999923706055,17.3799991607666,132900
2012-04-27,6.427556037902832,17.469999313354492,17.5,17.43000030517578,17.43000030517578,102600
2012-04-30,6.4018049240112305,17.399999618530273,17.459999084472656,17.329999923706055,17.329999923706055,138000
2012-05-01,6.46435022354126,17.56999969482422,17.600000381469727,17.329999923706055,17.329999923706055,157000
2012-05-02,6.412840843200684,17.43000030517578,17.43000030517578,17.280000686645508,17.389999389648438,183000
2012-05-03,6.379726409912109,17.34000015258789,17.469999313354492,17.329999923706055,17.360000610351562,132700
2012-05-04,6.353976249694824,17.270000457763672,17.360000610351562,17.190000534057617,17.190000534057617,134400
2012-05-07,6.335582256317139,17.219999313354492,17.25,17.149999618530273,17.149999618530273,100000
2012-05-08,6.34293794631958,17.239999771118164,17.239999771118164,17.0,17.079999923706055,173500
2012-05-09,6.261996746063232,17.020000457763672,17.100000381469727,16.920000076293945,17.020000457763672,228000
2012-05-10,6.306145668029785,17.139999389648438,17.190000534057617,17.06999969482422,17.1200008392334,176900
2012-05-11,6.287752628326416,17.09000015258789,17.239999771118164,17.09000015258789,17.110000610351562,104000
2012-05-14,6.177375316619873,16.790000915527344,16.989999771118164,16.790000915527344,16.989999771118164,152400
2012-05-15,6.122188091278076,16.639999389648438,16.860000610351562,16.579999923706055,16.790000915527344,157000
2012-05-16,6.081716537475586,16.530000686645508,16.68000030517578,16.5,16.649999618530273,121900
2012-05-17,5.989737033843994,16.280000686645508,16.559999465942383,16.270000457763672,16.559999465942383,153800
2012-05-18,5.9419050216674805,16.149999618530273,16.350000381469727,16.100000381469727,16.329999923706055,132200
2012-05-21,5.97133731842041,16.229999542236328,16.239999771118164,16.020000457763672,16.18000030517578,125800
2012-05-22,5.986052989959717,16.270000457763672,16.459999084472656,16.209999084472656,16.209999084472656,147700
2012-05-23,6.019171714782715,16.360000610351562,16.360000610351562,16.110000610351562,16.1299991607666,163000
2012-05-24,6.022848129272461,16.3700008392334,16.40999984741211,16.260000228881836,16.40999984741211,106400
2012-05-25,6.041243553161621,16.420000076293945,16.459999084472656,16.329999923706055,16.399999618530273,100600
2012-05-29,6.070680618286133,16.5,16.549999237060547,16.420000076293945,16.5,126800
2012-05-30,5.989737033843994,16.280000686645508,16.43000030517578,16.200000762939453,16.43000030517578,121800
2012-05-31,5.949264049530029,16.170000076293945,16.25,16.09000015258789,16.18000030517578,128000
2012-06-01,5.842565536499023,15.880000114440918,16.09000015258789,15.819999694824219,15.970000267028809,122200
2012-06-04,5.820492744445801,15.819999694824219,15.920000076293945,15.630000114440918,15.8100004196167,185300
2012-06-05,5.875680923461914,15.970000267028809,15.970000267028809,15.760000228881836,15.84000015258789,123600
2012-06-06,5.9419050216674805,16.149999618530273,16.239999771118164,16.049999237060547,16.1299991607666,175400
2012-06-07,6.00445032119751,16.31999969482422,16.450000762939453,16.280000686645508,16.280000686645508,168000
2012-06-08,6.030208110809326,16.389999389648438,16.389999389648438,16.18000030517578,16.239999771118164,106100
2012-06-11,5.949264049530029,16.170000076293945,16.540000915527344,16.139999389648438,16.520000457763672,132100
2012-06-12,6.044920921325684,16.43000030517578,16.43000030517578,16.209999084472656,16.209999084472656,85600
2012-06-13,6.0007710456848145,16.309999465942383,16.489999771118164,16.260000228881836,16.399999618530273,138200
2012-06-14,6.085391521453857,16.540000915527344,16.600000381469727,16.350000381469727,16.350000381469727,116600
2012-06-15,6.10746955871582,16.600000381469727,16.690000534057617,16.549999237060547,16.639999389648438,131200
2012-06-18,6.15529727935791,16.729999542236328,16.75,16.5,16.559999465942383,209400
2012-06-19,6.2041826248168945,16.5,16.6200008392334,16.3799991607666,16.479999542236328,177900
2012-06-20,6.1628217697143555,16.389999389648438,16.579999923706055,16.350000381469727,16.5,106900
2012-06-21,6.106417655944824,16.239999771118164,16.510000228881836,16.15999984741211,16.459999084472656,174000
2012-06-22,6.125219345092773,16.290000915527344,16.450000762939453,16.209999084472656,16.329999923706055,149400
2012-06-25,6.087616443634033,16.190000534057617,16.229999542236328,16.020000457763672,16.18000030517578,171300
2012-06-26,6.091379165649414,16.200000762939453,16.350000381469727,16.18000030517578,16.25,180300
2012-06-27,6.211699485778809,16.520000457763672,16.530000686645508,16.239999771118164,16.25,150100
2012-06-28,6.249300956726074,16.6200008392334,16.6200008392334,16.280000686645508,16.450000762939453,233600
2012-06-29,6.467390537261963,17.200000762939453,17.350000381469727,16.979999542236328,16.979999542236328,359600
2012-07-02,6.535068035125732,17.3799991607666,17.389999389648438,17.1299991607666,17.190000534057617,168100
2012-07-03,6.565150737762451,17.459999084472656,17.5,17.31999969482422,17.389999389648438,124800
2012-07-05,6.591472625732422,17.530000686645508,17.610000610351562,17.260000228881836,17.3799991607666,158100
2012-07-06,6.478669166564941,17.229999542236328,17.459999084472656,17.219999313354492,17.440000534057617,115300
2012-07-09,6.497467041015625,17.280000686645508,17.299999237060547,17.149999618530273,17.15999984741211,85000
2012-07-10,6.482429027557373,17.239999771118164,17.469999313354492,17.170000076293945,17.399999618530273,113700
2012-07-11,6.4561052322387695,17.170000076293945,17.389999389648438,17.0,17.290000915527344,97800
2012-07-12,6.452346324920654,17.15999984741211,17.18000030517578,17.0,17.09000015258789,96600
2012-07-13,6.531306266784668,17.3700008392334,17.440000534057617,17.15999984741211,17.15999984741211,117400
2012-07-16,6.565150737762451,17.459999084472656,17.489999771118164,17.350000381469727,17.40999984741211,129800
2012-07-17,6.5801873207092285,17.5,17.559999465942383,17.31999969482422,17.479999542236328,152800
2012-07-18,6.606510639190674,17.56999969482422,17.6200008392334,17.459999084472656,17.479999542236328,137200
2012-07-19,6.576430797576904,17.489999771118164,17.59000015258789,17.40999984741211,17.59000015258789,143600
2012-07-20,6.617793560028076,17.600000381469727,17.600000381469727,17.329999923706055,17.399999618530273,112000
2012-07-23,6.602752208709717,17.559999465942383,17.56999969482422,17.360000610351562,17.440000534057617,154300
2012-07-24,6.433543682098389,17.110000610351562,17.600000381469727,17.079999923706055,17.600000381469727,202300
2012-07-25,6.489948749542236,17.260000228881836,17.31999969482422,17.149999618530273,17.200000762939453,122200
2012-07-26,6.614030838012695,17.59000015258789,17.610000610351562,17.43000030517578,17.43000030517578,113800
2012-07-27,6.741875648498535,17.93000030517578,17.950000762939453,17.68000030517578,17.68000030517578,183400
2012-07-30,6.719315052032471,17.8700008392334,17.969999313354492,17.75,17.889999389648438,144200
2012-07-31,6.719315052032471,17.8700008392334,17.920000076293945,17.81999969482422,17.8799991607666,151600
2012-08-01,6.734355926513672,17.90999984741211,17.93000030517578,17.850000381469727,17.899999618530273,132200
2012-08-02,6.692995071411133,17.799999237060547,17.8799991607666,17.709999084472656,17.84000015258789,137400
2012-08-03,6.68923282623291,17.790000915527344,18.0,17.790000915527344,17.920000076293945,140100
2012-08-06,6.704274654388428,17.829999923706055,17.8799991607666,17.780000686645508,17.790000915527344,139100
2012-08-07,6.768198490142822,18.0,18.0,17.90999984741211,17.920000076293945,127500
2012-08-08,6.715556621551514,17.860000610351562,17.979999542236328,17.709999084472656,17.979999542236328,112600
2012-08-09,6.738117694854736,17.920000076293945,17.950000762939453,17.75,17.889999389648438,121100
2012-08-10,6.7117919921875,17.850000381469727,17.920000076293945,17.639999389648438,17.65999984741211,85900
2012-08-13,6.692995071411133,17.799999237060547,17.889999389648438,17.75,17.799999237060547,119500
2012-08-14,6.677955627441406,17.760000228881836,17.889999389648438,17.75,17.889999389648438,117200
2012-08-15,6.7117919921875,17.850000381469727,17.850000381469727,17.75,17.780000686645508,192000
2012-08-16,6.726834297180176,17.889999389648438,17.889999389648438,17.81999969482422,17.8799991607666,184300
2012-08-17,6.715556621551514,17.860000610351562,17.899999618530273,17.84000015258789,17.889999389648438,133700
2012-08-20,6.7117919921875,17.850000381469727,17.889999389648438,17.84000015258789,17.8700008392334,151000
2012-08-21,6.734355926513672,17.90999984741211,17.93000030517578,17.850000381469727,17.8799991607666,224900
2012-08-22,6.753155708312988,17.959999084472656,17.979999542236328,17.850000381469727,17.90999984741211,163200
2012-08-23,6.726834297180176,17.889999389648438,17.920000076293945,17.780000686645508,17.899999618530273,189200
2012-08-24,6.715556621551514,17.860000610351562,17.950000762939453,17.81999969482422,17.889999389648438,172300
2012-08-27,6.685475826263428,17.780000686645508,17.90999984741211,17.729999542236328,17.90999984741211,199500
2012-08-28,6.692995071411133,17.799999237060547,17.809999465942383,17.709999084472656,17.790000915527344,158100
2012-08-29,6.704274654388428,17.829999923706055,17.860000610351562,17.739999771118164,17.829999923706055,137800
2012-08-30,6.674191951751709,17.75,17.799999237060547,17.670000076293945,17.790000915527344,141900
2012-08-31,6.734355926513672,17.90999984741211,17.940000534057617,17.780000686645508,17.780000686645508,116200
2012-09-04,6.738117694854736,17.920000076293945,18.049999237060547,17.84000015258789,17.889999389648438,154100
2012-09-05,6.696754455566406,17.809999465942383,17.920000076293945,17.729999542236328,17.920000076293945,140700
2012-09-06,6.84339714050293,18.200000762939453,18.200000762939453,17.829999923706055,17.829999923706055,319400
2012-09-07,6.84339714050293,18.200000762939453,18.239999771118164,18.149999618530273,18.170000076293945,134800
2012-09-10,6.805800437927246,18.100000381469727,18.219999313354492,18.100000381469727,18.18000030517578,140200
2012-09-11,6.862201690673828,18.25,18.25,18.100000381469727,18.1299991607666,177300
2012-09-12,6.963719844818115,18.520000457763672,18.520000457763672,18.229999542236328,18.25,319400
2012-09-13,6.978762626647949,18.559999465942383,18.59000015258789,18.290000915527344,18.479999542236328,286700
2012-09-14,6.982523441314697,18.56999969482422,18.690000534057617,18.479999542236328,18.479999542236328,226600
2012-09-17,6.903560161590576,18.360000610351562,18.530000686645508,18.360000610351562,18.43000030517578,171000
2012-09-18,6.964926719665527,18.15999984741211,18.15999984741211,17.889999389648438,18.020000457763672,235700
2012-09-19,6.9917731285095215,18.229999542236328,18.229999542236328,18.020000457763672,18.190000534057617,214500
2012-09-20,6.984104633331299,18.209999084472656,18.239999771118164,18.059999465942383,18.18000030517578,178400
2012-09-21,7.026295185089111,18.31999969482422,18.3700008392334,18.229999542236328,18.270000457763672,176500
2012-09-24,7.026295185089111,18.31999969482422,18.31999969482422,18.200000762939453,18.260000228881836,149000
2012-09-25,6.984104633331299,18.209999084472656,18.3799991607666,18.15999984741211,18.31999969482422,215600
2012-09-26,6.930407524108887,18.06999969482422,18.239999771118164,18.020000457763672,18.239999771118164,154000
2012-09-27,6.995607852935791,18.239999771118164,18.31999969482422,18.0,18.149999618530273,164700
2012-09-28,6.98793888092041,18.219999313354492,18.43000030517578,18.149999618530273,18.299999237060547,350000
2012-10-01,7.072315216064453,18.440000534057617,18.520000457763672,18.290000915527344,18.459999084472656,280900
2012-10-02,7.060806751251221,18.40999984741211,18.780000686645508,18.350000381469727,18.780000686645508,205100
2012-10-03,7.068479537963867,18.43000030517578,18.510000228881836,18.350000381469727,18.489999771118164,179700
2012-10-04,7.079983711242676,18.459999084472656,18.579999923706055,18.420000076293945,18.440000534057617,261400
2012-10-05,7.106835842132568,18.530000686645508,18.540000915527344,18.479999542236328,18.479999542236328,196300
2012-10-08,7.068479537963867,18.43000030517578,18.5,18.34000015258789,18.43000030517578,168700
2012-10-09,7.056973457336426,18.399999618530273,18.489999771118164,18.3700008392334,18.450000762939453,160000
2012-10-10,7.041633605957031,18.360000610351562,18.40999984741211,18.25,18.40999984741211,105100
2012-10-11,7.053138256072998,18.389999389648438,18.510000228881836,18.299999237060547,18.440000534057617,89600
2012-10-12,7.064645767211914,18.420000076293945,18.450000762939453,18.34000015258789,18.450000762939453,125700
2012-10-15,7.122175216674805,18.56999969482422,18.56999969482422,18.40999984741211,18.440000534057617,97200
2012-10-16,7.218055725097656,18.81999969482422,18.81999969482422,18.6299991607666,18.649999618530273,190100
2012-10-17,7.23723030090332,18.8700008392334,18.889999389648438,18.799999237060547,18.829999923706055,141700
2012-10-18,7.160524845123291,18.670000076293945,18.850000381469727,18.6299991607666,18.84000015258789,160400
2012-10-19,7.087655544281006,18.479999542236328,18.709999084472656,18.420000076293945,18.65999984741211,195200
2012-10-22,7.126009941101074,18.579999923706055,18.59000015258789,18.420000076293945,18.469999313354492,170700
2012-10-23,7.010951519012451,18.280000686645508,18.450000762939453,18.149999618530273,18.440000534057617,217200
2012-10-24,7.045468807220459,18.3700008392334,18.43000030517578,18.299999237060547,18.3700008392334,94100
2012-10-25,7.022454261779785,18.309999465942383,18.479999542236328,18.25,18.479999542236328,175900
2012-10-26,6.999441623687744,18.25,18.350000381469727,18.200000762939453,18.34000015258789,152800
2012-10-31,7.033962249755859,18.34000015258789,18.450000762939453,18.260000228881836,18.270000457763672,281300
2012-11-01,7.241067409515381,18.8799991607666,18.8799991607666,18.43000030517578,18.43000030517578,427500
2012-11-02,7.198877811431885,18.770000457763672,18.8700008392334,18.75,18.8700008392334,299600
2012-11-05,7.064645767211914,18.420000076293945,18.729999542236328,18.219999313354492,18.729999542236328,207300
2012-11-06,7.076153755187988,18.450000762939453,18.559999465942383,18.389999389648438,18.389999389648438,173100
2012-11-07,6.964926719665527,18.15999984741211,18.399999618530273,18.059999465942383,18.25,169300
2012-11-08,6.8843841552734375,17.950000762939453,18.200000762939453,17.940000534057617,18.09000015258789,174600
2012-11-09,6.842195510864258,17.84000015258789,17.899999618530273,17.760000228881836,17.790000915527344,208300
2012-11-12,6.807675838470459,17.75,17.93000030517578,17.75,17.790000915527344,159800
2012-11-13,6.7654876708984375,17.639999389648438,17.75,17.420000076293945,17.5,229200
2012-11-14,6.523866653442383,17.010000228881836,17.639999389648438,17.010000228881836,17.59000015258789,349600
2012-11-15,6.504685401916504,16.959999084472656,17.059999465942383,16.510000228881836,16.899999618530273,581900
2012-11-16,6.631252288818359,17.290000915527344,17.299999237060547,16.950000762939453,17.040000915527344,241600
2012-11-19,6.704122066497803,17.479999542236328,17.799999237060547,17.3700008392334,17.799999237060547,313400
2012-11-20,6.742478370666504,17.579999923706055,17.579999923706055,17.3799991607666,17.520000457763672,203000
2012-11-21,6.780829906463623,17.68000030517578,17.739999771118164,17.559999465942383,17.639999389648438,162000
2012-11-23,6.857536315917969,17.8799991607666,17.920000076293945,17.739999771118164,17.739999771118164,82800
2012-11-26,6.857536315917969,17.8799991607666,17.969999313354492,17.770000457763672,17.84000015258789,185100
2012-11-27,6.853704929351807,17.8700008392334,17.979999542236328,17.799999237060547,17.93000030517578,163800
2012-11-28,6.880547523498535,17.940000534057617,17.979999542236328,17.81999969482422,17.8799991607666,251600
2012-11-29,6.9073967933654785,18.010000228881836,18.079999923706055,17.93000030517578,18.059999465942383,198000
2012-11-30,6.945747375488281,18.110000610351562,18.18000030517578,18.049999237060547,18.079999923706055,191500
2012-12-03,6.945747375488281,18.110000610351562,18.25,18.040000915527344,18.200000762939453,150900
2012-12-04,6.9342427253723145,18.079999923706055,18.15999984741211,18.049999237060547,18.06999969482422,176900
2012-12-05,6.91506814956665,18.030000686645508,18.18000030517578,17.940000534057617,18.149999618530273,258900
2012-12-06,6.922738075256348,18.049999237060547,18.049999237060547,17.93000030517578,18.049999237060547,253600
2012-12-07,6.899724006652832,17.989999771118164,18.049999237060547,17.920000076293945,18.040000915527344,188000
2012-12-10,6.87671422958374,17.93000030517578,17.989999771118164,17.8700008392334,17.940000534057617,145000
2012-12-11,6.880547523498535,17.940000534057617,18.059999465942383,17.93000030517578,18.010000228881836,294800
2012-12-12,6.953418731689453,18.1299991607666,18.209999084472656,17.940000534057617,17.989999771118164,174000
2012-12-13,6.945747375488281,18.110000610351562,18.149999618530273,18.049999237060547,18.1299991607666,174300
2012-12-14,6.98793888092041,18.219999313354492,18.290000915527344,18.09000015258789,18.100000381469727,208800
2012-12-17,7.087655544281006,18.479999542236328,18.489999771118164,18.25,18.25,402000
2012-12-18,7.110668182373047,18.540000915527344,18.649999618530273,18.40999984741211,18.450000762939453,283300
2012-12-19,7.165426731109619,18.31999969482422,18.31999969482422,18.170000076293945,18.229999542236328,289200
2012-12-20,7.165426731109619,18.31999969482422,18.350000381469727,18.15999984741211,18.31999969482422,200400
2012-12-21,7.173250198364258,18.34000015258789,18.34000015258789,18.040000915527344,18.190000534057617,258500
2012-12-24,7.087199687957764,18.1200008392334,18.299999237060547,18.059999465942383,18.239999771118164,114100
2012-12-26,7.09111213684082,18.1299991607666,18.290000915527344,18.059999465942383,18.100000381469727,216100
2012-12-27,7.079377174377441,18.100000381469727,18.190000534057617,17.84000015258789,18.15999984741211,232400
2012-12-28,7.110666751861572,18.18000030517578,18.209999084472656,17.950000762939453,18.040000915527344,225400
2012-12-31,7.333610534667969,18.75,18.75,18.1299991607666,18.209999084472656,368800
2013-01-02,7.407924652099609,18.940000534057617,18.950000762939453,18.799999237060547,18.889999389648438,451700
2013-01-03,7.392276763916016,18.899999618530273,19.020000457763672,18.850000381469727,18.920000076293945,268500
2013-01-04,7.509617328643799,19.200000762939453,19.229999542236328,18.81999969482422,18.950000762939453,217400
2013-01-07,7.450946807861328,19.049999237060547,19.139999389648438,18.959999084472656,19.139999389648438,176500
2013-01-08,7.482236385345459,19.1299991607666,19.149999618530273,18.950000762939453,19.040000915527344,170800
2013-01-09,7.505702018737793,19.190000534057617,19.25,19.079999923706055,19.1299991607666,212700
2013-01-10,7.619133472442627,19.479999542236328,19.489999771118164,19.149999618530273,19.209999084472656,266700
2013-01-11,7.556552886962891,19.31999969482422,19.479999542236328,19.299999237060547,19.469999313354492,203500
2013-01-14,7.443122386932373,19.030000686645508,19.389999389648438,19.030000686645508,19.299999237060547,197400
2013-01-15,7.482236385345459,19.1299991607666,19.200000762939453,19.0,19.0,202800
2013-01-16,7.478327751159668,19.1200008392334,19.15999984741211,19.030000686645508,19.139999389648438,168000
2013-01-17,7.587841510772705,19.399999618530273,19.399999618530273,19.149999618530273,19.200000762939453,193700
2013-01-18,7.638688564300537,19.530000686645508,19.559999465942383,19.280000686645508,19.350000381469727,189700
2013-01-22,7.634777545928955,19.520000457763672,19.540000915527344,19.299999237060547,19.540000915527344,177500
2013-01-23,7.669978141784668,19.610000610351562,19.6299991607666,19.479999542236328,19.549999237060547,238800
2013-01-24,7.666064739227295,19.600000381469727,19.6200008392334,19.420000076293945,19.510000228881836,193500
2013-01-25,7.677798271179199,19.6299991607666,19.6299991607666,19.440000534057617,19.56999969482422,204200
2013-01-28,7.626953125,19.5,19.600000381469727,19.440000534057617,19.56999969482422,197100
2013-01-29,7.654331684112549,19.56999969482422,19.6200008392334,19.399999618530273,19.40999984741211,185600
2013-01-30,7.630862236022949,19.510000228881836,19.65999984741211,19.459999084472656,19.530000686645508,194500
2013-01-31,7.658244609832764,19.579999923706055,19.579999923706055,19.40999984741211,19.540000915527344,174800
2013-02-01,7.64650821685791,19.549999237060547,19.6200008392334,19.5,19.579999923706055,154800
2013-02-04,7.583930015563965,19.389999389648438,19.530000686645508,19.34000015258789,19.520000457763672,101300
2013-02-05,7.654331684112549,19.56999969482422,19.6200008392334,19.399999618530273,19.40999984741211,191600
2013-02-06,7.626953125,19.5,19.510000228881836,19.3799991607666,19.489999771118164,144500
2013-02-07,7.568282604217529,19.350000381469727,19.5,19.350000381469727,19.5,129200
2013-02-08,7.642601490020752,19.540000915527344,19.540000915527344,19.40999984741211,19.440000534057617,145000
2013-02-11,7.650423049926758,19.559999465942383,19.579999923706055,19.510000228881836,19.56999969482422,147700
2013-02-12,7.634777545928955,19.520000457763672,19.56999969482422,19.479999542236328,19.56999969482422,168100
2013-02-13,7.64650821685791,19.549999237060547,19.56999969482422,19.5,19.540000915527344,133700
2013-02-14,7.619133472442627,19.479999542236328,19.530000686645508,19.420000076293945,19.530000686645508,155100
2013-02-15,7.650423049926758,19.559999465942383,19.579999923706055,19.5,19.520000457763672,168600
2013-02-19,7.681711673736572,19.639999389648438,19.670000076293945,19.530000686645508,19.579999923706055,174900
2013-02-20,7.626953125,19.5,19.670000076293945,19.420000076293945,19.649999618530273,140700
2013-02-21,7.560462951660156,19.329999923706055,19.479999542236328,19.270000457763672,19.479999542236328,185100
2013-02-22,7.59566068649292,19.420000076293945,19.440000534057617,19.309999465942383,19.440000534057617,202200
2013-02-25,7.548727989196777,19.299999237060547,19.559999465942383,19.290000915527344,19.479999542236328,218200
2013-02-26,7.599574089050293,19.43000030517578,19.479999542236328,19.209999084472656,19.329999923706055,193400
2013-02-27,7.6934428215026855,19.670000076293945,19.670000076293945,19.270000457763672,19.459999084472656,215500
2013-02-28,7.673888683319092,19.6200008392334,19.670000076293945,19.56999969482422,19.670000076293945,197300
2013-03-01,7.6934428215026855,19.670000076293945,19.68000030517578,19.459999084472656,19.6299991607666,166600
2013-03-04,7.716915130615234,19.729999542236328,19.75,19.56999969482422,19.579999923706055,114800
2013-03-05,7.756025791168213,19.829999923706055,19.899999618530273,19.780000686645508,19.790000915527344,322100
2013-03-06,7.783402442932129,19.899999618530273,19.899999618530273,19.790000915527344,19.8700008392334,162600
2013-03-07,7.783402442932129,19.899999618530273,19.90999984741211,19.84000015258789,19.8700008392334,184400
2013-03-08,7.849896430969238,20.06999969482422,20.06999969482422,19.860000610351562,19.90999984741211,158100
2013-03-11,7.90074348449707,20.200000762939453,20.209999084472656,20.0,20.100000381469727,193400
2013-03-12,7.861623764038086,20.100000381469727,20.219999313354492,20.06999969482422,20.170000076293945,277400
2013-03-13,7.892916679382324,20.18000030517578,20.190000534057617,20.079999923706055,20.1299991607666,187700
2013-03-14,7.951586723327637,20.329999923706055,20.329999923706055,20.09000015258789,20.09000015258789,252000
2013-03-15,8.100212097167969,20.709999084472656,20.709999084472656,20.270000457763672,20.280000686645508,255700
2013-03-18,7.988768577575684,20.06999969482422,20.299999237060547,19.90999984741211,20.200000762939453,235000
2013-03-19,7.785762786865234,19.559999465942383,20.149999618530273,19.420000076293945,20.149999618530273,356700
2013-03-20,8.01662540435791,20.139999389648438,20.190000534057617,19.68000030517578,19.709999084472656,187900
2013-03-21,7.992743015289307,20.079999923706055,20.190000534057617,19.969999313354492,20.100000381469727,146900
2013-03-22,7.952941417694092,19.979999542236328,20.299999237060547,19.90999984741211,20.1299991607666,190700
2013-03-25,7.972843170166016,20.030000686645508,20.260000228881836,20.020000457763672,20.079999923706055,178800
2013-03-26,8.092254638671875,20.329999923706055,20.34000015258789,20.1299991607666,20.149999618530273,173200
2013-03-27,8.147974014282227,20.469999313354492,20.489999771118164,20.209999084472656,20.280000686645508,170000
2013-03-28,8.235553741455078,20.690000534057617,20.729999542236328,20.520000457763672,20.530000686645508,342300
2013-04-01,8.191767692565918,20.579999923706055,20.770000457763672,20.329999923706055,20.690000534057617,229100
2013-04-02,8.207687377929688,20.6200008392334,20.690000534057617,20.3799991607666,20.68000030517578,180900
2013-04-03,8.215645790100098,20.639999389648438,20.65999984741211,20.530000686645508,20.600000381469727,165700
2013-04-04,8.211670875549316,20.6299991607666,20.700000762939453,20.450000762939453,20.59000015258789,129700
2013-04-05,8.18380355834961,20.559999465942383,20.559999465942383,20.43000030517578,20.489999771118164,133500
2013-04-08,8.144001007080078,20.459999084472656,20.579999923706055,20.40999984741211,20.559999465942383,172300
2013-04-09,8.279336929321289,20.799999237060547,20.809999465942383,20.489999771118164,20.520000457763672,179900
2013-04-10,8.243509292602539,20.709999084472656,21.139999389648438,20.670000076293945,20.799999237060547,203400
2013-04-11,8.307201385498047,20.8700008392334,21.100000381469727,20.649999618530273,20.649999618530273,290200
2013-04-12,8.319140434265137,20.899999618530273,20.920000076293945,20.6200008392334,20.719999313354492,141200
2013-04-15,8.199725151062012,20.600000381469727,20.8700008392334,20.459999084472656,20.850000381469727,246700
2013-04-16,8.39078426361084,21.079999923706055,21.079999923706055,20.700000762939453,20.760000228881836,148000
2013-04-17,8.16788387298584,20.520000457763672,21.0,20.469999313354492,20.889999389648438,174300
2013-04-18,8.22360897064209,20.65999984741211,20.65999984741211,20.350000381469727,20.5,178500
2013-04-19,8.35496711730957,20.989999771118164,21.030000686645508,20.40999984741211,20.6299991607666,153100
2013-04-22,8.327104568481445,20.920000076293945,21.049999237060547,20.790000915527344,21.049999237060547,149500
2013-04-23,8.406712532043457,21.1200008392334,21.219999313354492,20.969999313354492,21.059999465942383,211200
2013-04-24,8.410693168640137,21.1299991607666,21.219999313354492,21.020000457763672,21.049999237060547,165800
2013-04-25,8.442534446716309,21.209999084472656,21.34000015258789,21.15999984741211,21.190000534057617,179200
2013-04-26,8.454476356506348,21.239999771118164,21.389999389648438,21.1299991607666,21.1299991607666,163400
2013-04-29,8.482338905334473,21.309999465942383,21.389999389648438,21.200000762939453,21.239999771118164,139300
2013-04-30,8.466414451599121,21.270000457763672,21.329999923706055,21.209999084472656,21.270000457763672,149400
2013-05-01,8.43059253692627,21.18000030517578,21.350000381469727,21.149999618530273,21.209999084472656,190800
2013-05-02,8.478358268737793,21.299999237060547,21.329999923706055,21.200000762939453,21.200000762939453,181600
2013-05-03,8.490300178527832,21.329999923706055,21.469999313354492,21.229999542236328,21.450000762939453,220600
2013-05-06,8.490300178527832,21.329999923706055,21.329999923706055,21.219999313354492,21.260000228881836,171300
2013-05-07,8.534083366394043,21.440000534057617,21.440000534057617,21.239999771118164,21.25,247900
2013-05-08,8.514184951782227,21.389999389648438,21.469999313354492,21.309999465942383,21.389999389648438,225800
2013-05-09,8.506218910217285,21.3700008392334,21.489999771118164,21.25,21.43000030517578,221600
2013-05-10,8.530105590820312,21.43000030517578,21.43000030517578,21.280000686645508,21.399999618530273,167300
2013-05-13,8.518165588378906,21.399999618530273,21.440000534057617,21.31999969482422,21.399999618530273,142700
2013-05-14,8.546024322509766,21.469999313354492,21.479999542236328,21.31999969482422,21.3700008392334,242100
2013-05-15,8.553986549377441,21.489999771118164,21.489999771118164,21.280000686645508,21.360000610351562,189100
2013-05-16,8.61767578125,21.649999618530273,21.670000076293945,21.360000610351562,21.469999313354492,181600
2013-05-17,8.661458015441895,21.760000228881836,21.850000381469727,21.649999618530273,21.729999542236328,182800
2013-05-20,8.62961483001709,21.68000030517578,21.8799991607666,21.600000381469727,21.700000762939453,162300
2013-05-21,8.641557693481445,21.709999084472656,21.760000228881836,21.6299991607666,21.670000076293945,129700
2013-05-22,8.550002098083496,21.479999542236328,21.850000381469727,21.3700008392334,21.700000762939453,200200
2013-05-23,8.454476356506348,21.239999771118164,21.239999771118164,20.8700008392334,21.170000076293945,268100
2013-05-24,8.382824897766113,21.059999465942383,21.170000076293945,20.950000762939453,21.170000076293945,187200
2013-05-28,8.378849983215332,21.049999237060547,21.3700008392334,20.979999542236328,21.360000610351562,159300
2013-05-29,8.120121955871582,20.399999618530273,20.989999771118164,20.200000762939453,20.989999771118164,377800
2013-05-30,8.100214004516602,20.350000381469727,20.6299991607666,20.309999465942383,20.309999465942383,193400
2013-05-31,7.885275363922119,19.809999465942383,20.360000610351562,19.809999465942383,20.219999313354492,297300
2013-06-03,7.737991809844971,19.440000534057617,19.860000610351562,19.350000381469727,19.770000457763672,424200
2013-06-04,7.869349479675293,19.770000457763672,19.889999389648438,19.440000534057617,19.5,228200
2013-06-05,7.785762786865234,19.559999465942383,19.75,19.479999542236328,19.739999771118164,211300
2013-06-06,7.777798652648926,19.540000915527344,19.6200008392334,19.40999984741211,19.489999771118164,297600
2013-06-07,7.964879989624023,20.010000228881836,20.049999237060547,19.649999618530273,19.719999313354492,243800
2013-06-10,8.01662540435791,20.139999389648438,20.139999389648438,19.8700008392334,20.0,154400
2013-06-11,7.905176162719727,19.860000610351562,20.100000381469727,19.799999237060547,19.959999084472656,143600
2013-06-12,7.54295539855957,18.950000762939453,19.899999618530273,18.860000610351562,19.8799991607666,471700
2013-06-13,7.749938011169434,19.469999313354492,19.5,18.860000610351562,19.0,429800
2013-06-14,7.805662155151367,19.610000610351562,19.68000030517578,19.360000610351562,19.360000610351562,214800
2013-06-17,7.853428363800049,19.729999542236328,19.950000762939453,19.649999618530273,19.700000762939453,289800
2013-06-18,7.954791069030762,19.6200008392334,19.65999984741211,19.420000076293945,19.479999542236328,305000
2013-06-19,7.804778575897217,19.25,19.65999984741211,19.25,19.6299991607666,144900
2013-06-20,7.622326850891113,18.799999237060547,19.15999984741211,18.59000015258789,19.15999984741211,709200
2013-06-21,7.5371809005737305,18.59000015258789,18.899999618530273,18.280000686645508,18.899999618530273,504400
2013-06-24,7.253373622894287,17.889999389648438,18.299999237060547,17.75,18.299999237060547,490200
2013-06-25,7.427714824676514,18.31999969482422,18.40999984741211,17.93000030517578,18.1200008392334,271800
2013-06-26,7.642601490020752,18.850000381469727,18.889999389648438,18.420000076293945,18.530000686645508,179200
2013-06-27,7.650710105895996,18.8700008392334,19.1200008392334,18.8700008392334,19.0,203700
2013-06-28,7.658815383911133,18.889999389648438,19.049999237060547,18.850000381469727,18.950000762939453,483900
2013-07-01,7.727741241455078,19.059999465942383,19.149999618530273,18.93000030517578,19.0,290100
2013-07-02,7.780448913574219,19.190000534057617,19.270000457763672,18.93000030517578,19.0,302300
2013-07-03,7.768287658691406,19.15999984741211,19.200000762939453,18.969999313354492,19.139999389648438,146300
2013-07-05,7.707464694976807,19.010000228881836,19.229999542236328,18.90999984741211,19.229999542236328,145200
2013-07-08,7.6953043937683105,18.979999542236328,19.170000076293945,18.90999984741211,19.1200008392334,192500
2013-07-09,7.715578556060791,19.030000686645508,19.030000686645508,18.90999984741211,18.979999542236328,202400
2013-07-10,7.800719738006592,19.239999771118164,19.239999771118164,18.969999313354492,19.09000015258789,171400
2013-07-11,7.918294429779053,19.530000686645508,19.579999923706055,19.389999389648438,19.530000686645508,220100
2013-07-12,8.015606880187988,19.770000457763672,19.770000457763672,19.469999313354492,19.469999313354492,129600
2013-07-15,8.076423645019531,19.920000076293945,19.93000030517578,19.719999313354492,19.81999969482422,130800
2013-07-16,7.9912824630737305,19.709999084472656,19.920000076293945,19.700000762939453,19.8700008392334,113600
2013-07-17,7.958843231201172,19.6299991607666,19.84000015258789,19.59000015258789,19.780000686645508,83000
2013-07-18,8.03587818145752,19.81999969482422,19.889999389648438,19.670000076293945,19.719999313354492,108800
2013-07-19,7.958843231201172,19.6299991607666,19.829999923706055,19.610000610351562,19.799999237060547,132400
2013-07-22,8.007495880126953,19.75,19.780000686645508,19.610000610351562,19.649999618530273,177300
2013-07-23,8.145347595214844,20.09000015258789,20.110000610351562,19.799999237060547,19.90999984741211,223300
2013-07-24,8.039935111999512,19.829999923706055,20.18000030517578,19.790000915527344,20.18000030517578,208300
2013-07-25,8.01965618133545,19.780000686645508,19.90999984741211,19.719999313354492,19.809999465942383,151500
2013-07-26,7.97505521774292,19.670000076293945,19.729999542236328,19.530000686645508,19.6299991607666,155600
2013-07-29,8.031825065612793,19.809999465942383,19.850000381469727,19.610000610351562,19.610000610351562,116300
2013-07-30,8.088586807250977,19.950000762939453,19.969999313354492,19.790000915527344,19.84000015258789,113200
2013-07-31,7.983175277709961,19.690000534057617,20.010000228881836,19.579999923706055,20.010000228881836,311400
2013-08-01,7.983175277709961,19.690000534057617,19.829999923706055,19.549999237060547,19.770000457763672,223100
2013-08-02,7.95073127746582,19.610000610351562,19.700000762939453,19.56999969482422,19.649999618530273,121000
2013-08-05,7.906133651733398,19.5,19.6299991607666,19.5,19.559999465942383,133700
2013-08-06,7.8899149894714355,19.459999084472656,19.540000915527344,19.399999618530273,19.5,152100
2013-08-07,7.857483386993408,19.3799991607666,19.520000457763672,19.3799991607666,19.399999618530273,152100
2013-08-08,7.829099178314209,19.309999465942383,19.530000686645508,19.299999237060547,19.530000686645508,259900
2013-08-09,7.808830738067627,19.260000228881836,19.329999923706055,19.229999542236328,19.270000457763672,142000
2013-08-12,7.820991039276123,19.290000915527344,19.299999237060547,19.190000534057617,19.209999084472656,106700
2013-08-13,7.808830738067627,19.260000228881836,19.309999465942383,19.149999618530273,19.25,222800
2013-08-14,7.752072334289551,19.1200008392334,19.25,19.110000610351562,19.25,209900
2013-08-15,7.699357032775879,18.989999771118164,19.0,18.8799991607666,19.0,251800
2013-08-16,7.6953043937683105,18.979999542236328,19.059999465942383,18.920000076293945,19.0,131200
2013-08-19,7.565565586090088,18.65999984741211,18.969999313354492,18.65999984741211,18.969999313354492,178000
2013-08-20,7.573674201965332,18.68000030517578,18.739999771118164,18.600000381469727,18.639999389648438,162100
2013-08-21,7.525017738342285,18.559999465942383,18.639999389648438,18.5,18.559999465942383,192900
2013-08-22,7.54529333114624,18.610000610351562,18.649999618530273,18.56999969482422,18.639999389648438,132700
2013-08-23,7.581783294677734,18.700000762939453,18.75,18.600000381469727,18.600000381469727,165400
2013-08-26,7.573674201965332,18.68000030517578,18.75,18.68000030517578,18.729999542236328,176600
2013-08-27,7.48042106628418,18.450000762939453,18.559999465942383,18.399999618530273,18.559999465942383,209700
2013-08-28,7.5371809005737305,18.59000015258789,18.600000381469727,18.450000762939453,18.5,183400
2013-08-29,7.464203834533691,18.40999984741211,18.549999237060547,18.40999984741211,18.5,276400
2013-08-30,7.516908645629883,18.540000915527344,18.540000915527344,18.40999984741211,18.469999313354492,160500
2013-09-03,7.549339294433594,18.6200008392334,18.729999542236328,18.56999969482422,18.649999618530273,150500
2013-09-04,7.602056503295898,18.75,18.790000915527344,18.540000915527344,18.540000915527344,120800
2013-09-05,7.626381874084473,18.809999465942383,18.809999465942383,18.700000762939453,18.780000686645508,229800
2013-09-06,7.626381874084473,18.809999465942383,18.899999618530273,18.799999237060547,18.8799991607666,124500
2013-09-09,7.6547627449035645,18.8799991607666,18.950000762939453,18.790000915527344,18.790000915527344,134000
2013-09-10,7.788559436798096,19.209999084472656,19.209999084472656,18.940000534057617,18.940000534057617,133400
2013-09-11,7.739906311035156,19.09000015258789,19.200000762939453,19.09000015258789,19.200000762939453,207600
2013-09-12,7.784505367279053,19.200000762939453,19.25,19.110000610351562,19.139999389648438,151300
2013-09-13,7.8169355392456055,19.280000686645508,19.280000686645508,19.149999618530273,19.149999618530273,247300
2013-09-16,7.869645118713379,19.40999984741211,19.459999084472656,19.350000381469727,19.350000381469727,141700
2013-09-17,7.902084827423096,19.489999771118164,19.540000915527344,19.3799991607666,19.3799991607666,138800
2013-09-18,8.080473899841309,19.93000030517578,19.979999542236328,19.489999771118164,19.540000915527344,170300
2013-09-19,8.10112190246582,19.6200008392334,19.68000030517578,19.600000381469727,19.6200008392334,174900
2013-09-20,8.022673606872559,19.43000030517578,19.600000381469727,19.420000076293945,19.579999923706055,160000
2013-09-23,8.018542289733887,19.420000076293945,19.489999771118164,19.3700008392334,19.3700008392334,210800
2013-09-24,8.018542289733887,19.420000076293945,19.450000762939453,19.3700008392334,19.389999389648438,178800
2013-09-25,8.018542289733887,19.420000076293945,19.510000228881836,19.389999389648438,19.450000762939453,210400
2013-09-26,8.113506317138672,19.649999618530273,19.649999618530273,19.43000030517578,19.450000762939453,112700
2013-09-27,8.10112190246582,19.6200008392334,19.639999389648438,19.520000457763672,19.59000015258789,102800
2013-09-30,8.150668144226074,19.739999771118164,19.75,19.5,19.540000915527344,242200
2013-10-01,8.20022201538086,19.860000610351562,19.8799991607666,19.670000076293945,19.670000076293945,168600
2013-10-02,8.158927917480469,19.760000228881836,19.899999618530273,19.6200008392334,19.719999313354492,177500
2013-10-03,8.113506317138672,19.649999618530273,19.75,19.530000686645508,19.690000534057617,145500
2013-10-04,8.11763858795166,19.65999984741211,19.729999542236328,19.600000381469727,19.6200008392334,77200
2013-10-07,8.002025604248047,19.3799991607666,19.520000457763672,19.3700008392334,19.510000228881836,148700
2013-10-08,8.002025604248047,19.3799991607666,19.459999084472656,19.3799991607666,19.420000076293945,123300
2013-10-09,8.014410018920898,19.40999984741211,19.450000762939453,19.299999237060547,19.309999465942383,124100
2013-10-10,8.167182922363281,19.780000686645508,19.790000915527344,19.510000228881836,19.510000228881836,137000
2013-10-11,8.171318054199219,19.790000915527344,19.829999923706055,19.6299991607666,19.670000076293945,70900
2013-10-14,8.204347610473633,19.8700008392334,19.8700008392334,19.68000030517578,19.68000030517578,118200
2013-10-15,8.146539688110352,19.729999542236328,19.850000381469727,19.700000762939453,19.84000015258789,145600
2013-10-16,8.204347610473633,19.8700008392334,19.899999618530273,19.739999771118164,19.739999771118164,114200
2013-10-17,8.315828323364258,20.139999389648438,20.170000076293945,19.81999969482422,19.850000381469727,127000
2013-10-18,8.365377426147461,20.260000228881836,20.280000686645508,20.100000381469727,20.170000076293945,155000
2013-10-21,8.431439399719238,20.420000076293945,20.440000534057617,20.219999313354492,20.329999923706055,114600
2013-10-22,8.493377685546875,20.56999969482422,20.600000381469727,20.420000076293945,20.43000030517578,219000
2013-10-23,8.514019966125488,20.6200008392334,20.649999618530273,20.530000686645508,20.56999969482422,174800
2013-10-24,8.497507095336914,20.579999923706055,20.6299991607666,20.559999465942383,20.59000015258789,88100
2013-10-25,8.518152236938477,20.6299991607666,20.65999984741211,20.559999465942383,20.56999969482422,115000
2013-10-28,8.472734451293945,20.520000457763672,20.6200008392334,20.5,20.600000381469727,124700
2013-10-29,8.509895324707031,20.610000610351562,20.6299991607666,20.510000228881836,20.510000228881836,92200
2013-10-30,8.464473724365234,20.5,20.639999389648438,20.459999084472656,20.6299991607666,119400
2013-10-31,8.493377685546875,20.56999969482422,20.6200008392334,20.479999542236328,20.479999542236328,105400
2013-11-01,8.518152236938477,20.6299991607666,20.6299991607666,20.559999465942383,20.559999465942383,132800
2013-11-04,8.489249229431152,20.559999465942383,20.6299991607666,20.489999771118164,20.6299991607666,90100
2013-11-05,8.41491985321045,20.3799991607666,20.530000686645508,20.350000381469727,20.520000457763672,109400
2013-11-06,8.435574531555176,20.43000030517578,20.600000381469727,20.399999618530273,20.489999771118164,174300
2013-11-07,8.406670570373535,20.360000610351562,20.489999771118164,20.34000015258789,20.440000534057617,155400
2013-11-08,8.373641014099121,20.280000686645508,20.309999465942383,20.1200008392334,20.280000686645508,111200
2013-11-11,8.369507789611816,20.270000457763672,20.360000610351562,20.139999389648438,20.25,84700
2013-11-12,8.328217506408691,20.170000076293945,20.270000457763672,20.1200008392334,20.200000762939453,165200
2013-11-13,8.361249923706055,20.25,20.25,20.0,20.1200008392334,121500
2013-11-14,8.390154838562012,20.31999969482422,20.3700008392334,20.139999389648438,20.299999237060547,169100
2013-11-15,8.493377685546875,20.56999969482422,20.610000610351562,20.3700008392334,20.43000030517578,165200
2013-11-18,8.497507095336914,20.579999923706055,20.639999389648438,20.540000915527344,20.6200008392334,127000
2013-11-19,8.435574531555176,20.43000030517578,20.579999923706055,20.3700008392334,20.520000457763672,148000
2013-11-20,8.369507789611816,20.270000457763672,20.440000534057617,20.209999084472656,20.399999618530273,164300
2013-11-21,8.291054725646973,20.079999923706055,20.229999542236328,20.059999465942383,20.219999313354492,148400
2013-11-22,8.307570457458496,20.1200008392334,20.15999984741211,20.040000915527344,20.040000915527344,134300
2013-11-25,8.348864555358887,20.219999313354492,20.25,20.059999465942383,20.09000015258789,177800
2013-11-26,8.266279220581055,20.020000457763672,20.09000015258789,19.93000030517578,20.0,241400
2013-11-27,8.307570457458496,20.1200008392334,20.149999618530273,20.059999465942383,20.059999465942383,102200
2013-11-29,8.311700820922852,20.1299991607666,20.229999542236328,20.100000381469727,20.170000076293945,35900
2013-12-02,8.224991798400879,19.920000076293945,20.049999237060547,19.90999984741211,20.010000228881836,123800
2013-12-03,8.208473205566406,19.8799991607666,19.8799991607666,19.700000762939453,19.780000686645508,233200
2013-12-04,8.196089744567871,19.850000381469727,19.920000076293945,19.780000686645508,19.829999923706055,189800
2013-12-05,8.142414093017578,19.719999313354492,19.8700008392334,19.6200008392334,19.850000381469727,320700
2013-12-06,8.167182922363281,19.780000686645508,19.809999465942383,19.760000228881836,19.780000686645508,213800
2013-12-09,8.237380981445312,19.950000762939453,19.969999313354492,19.780000686645508,19.780000686645508,191000
2013-12-10,8.212606430053711,19.889999389648438,19.93000030517578,19.84000015258789,19.860000610351562,128100
2013-12-11,8.121761322021484,19.670000076293945,19.8700008392334,19.670000076293945,19.84000015258789,162000
2013-12-12,8.096986770629883,19.610000610351562,19.65999984741211,19.549999237060547,19.610000610351562,147500
2013-12-13,8.084603309631348,19.579999923706055,19.610000610351562,19.530000686645508,19.540000915527344,121800
2013-12-16,8.179574966430664,19.809999465942383,19.899999618530273,19.6200008392334,19.6200008392334,185800
2013-12-17,8.150668144226074,19.739999771118164,19.799999237060547,19.65999984741211,19.729999542236328,174800
2013-12-18,8.241504669189453,19.959999084472656,20.0,19.68000030517578,19.690000534057617,140000
2013-12-19,8.270939826965332,19.670000076293945,19.690000534057617,19.420000076293945,19.459999084472656,156900
2013-12-20,8.308783531188965,19.760000228881836,19.84000015258789,19.56999969482422,19.6299991607666,165600
2013-12-23,8.502206802368164,20.219999313354492,20.309999465942383,19.899999618530273,19.899999618530273,258100
2013-12-24,8.548460006713867,20.329999923706055,20.3799991607666,20.209999084472656,20.260000228881836,99200
2013-12-26,8.590514183044434,20.43000030517578,20.479999542236328,20.3799991607666,20.399999618530273,159100
2013-12-27,8.544256210327148,20.31999969482422,20.469999313354492,20.290000915527344,20.43000030517578,114900
2013-12-30,8.514822959899902,20.25,20.290000915527344,20.149999618530273,20.239999771118164,219900
2013-12-31,8.661995887756348,20.600000381469727,20.6200008392334,20.3799991607666,20.43000030517578,299300
2014-01-02,8.569482803344727,20.3799991607666,20.540000915527344,20.270000457763672,20.540000915527344,182200
2014-01-03,8.561076164245605,20.360000610351562,20.440000534057617,20.280000686645508,20.440000534057617,142900
2014-01-06,8.615743637084961,20.489999771118164,20.5,20.329999923706055,20.3799991607666,226600
2014-01-07,8.619942665100098,20.5,20.520000457763672,20.399999618530273,20.459999084472656,236700
2014-01-08,8.603124618530273,20.459999084472656,20.510000228881836,20.34000015258789,20.510000228881836,204300
2014-01-09,8.573691368103027,20.389999389648438,20.489999771118164,20.350000381469727,20.43000030517578,174800
2014-01-10,8.640970230102539,20.549999237060547,20.579999923706055,20.389999389648438,20.389999389648438,155600
2014-01-13,8.577895164489746,20.399999618530273,20.559999465942383,20.3799991607666,20.479999542236328,202800
2014-01-14,8.640970230102539,20.549999237060547,20.6200008392334,20.40999984741211,20.40999984741211,114000
2014-01-15,8.65778923034668,20.59000015258789,20.690000534057617,20.549999237060547,20.559999465942383,190400
2014-01-16,8.678811073303223,20.639999389648438,20.649999618530273,20.520000457763672,20.530000686645508,132200
2014-01-17,8.674609184265137,20.6299991607666,20.65999984741211,20.579999923706055,20.579999923706055,153600
2014-01-21,8.75450325012207,20.81999969482422,20.84000015258789,20.65999984741211,20.65999984741211,159400
2014-01-22,8.775527000427246,20.8700008392334,20.90999984741211,20.799999237060547,20.860000610351562,153800
2014-01-23,8.741888999938965,20.790000915527344,20.84000015258789,20.709999084472656,20.780000686645508,171700
2014-01-24,8.640970230102539,20.549999237060547,20.700000762939453,20.540000915527344,20.700000762939453,171200
2014-01-27,8.556868553161621,20.350000381469727,20.559999465942383,20.280000686645508,20.549999237060547,107300
2014-01-28,8.586302757263184,20.420000076293945,20.459999084472656,20.309999465942383,20.309999465942383,111500
2014-01-29,8.5106201171875,20.239999771118164,20.329999923706055,20.170000076293945,20.260000228881836,129300
2014-01-30,8.590514183044434,20.43000030517578,20.479999542236328,20.309999465942383,20.309999465942383,169000
2014-01-31,8.594717025756836,20.440000534057617,20.540000915527344,20.200000762939453,20.229999542236328,116300
2014-02-03,8.434929847717285,20.059999465942383,20.5,20.049999237060547,20.440000534057617,160500
2014-02-04,8.5106201171875,20.239999771118164,20.270000457763672,20.040000915527344,20.079999923706055,148300
2014-02-05,8.498002052307129,20.209999084472656,20.239999771118164,20.059999465942383,20.239999771118164,92100
2014-02-06,8.565284729003906,20.3700008392334,20.420000076293945,20.209999084472656,20.209999084472656,77500
2014-02-07,8.65778923034668,20.59000015258789,20.59000015258789,20.34000015258789,20.360000610351562,114500
2014-02-10,8.746091842651367,20.799999237060547,20.799999237060547,20.549999237060547,20.59000015258789,132600
2014-02-11,8.82177734375,20.979999542236328,20.979999542236328,20.780000686645508,20.829999923706055,134800
2014-02-12,8.859617233276367,21.06999969482422,21.06999969482422,20.969999313354492,20.989999771118164,196000
2014-02-13,8.905874252319336,21.18000030517578,21.200000762939453,20.950000762939453,20.950000762939453,97800
2014-02-14,8.97315502166748,21.34000015258789,21.350000381469727,21.100000381469727,21.1299991607666,188600
2014-02-18,9.006787300109863,21.420000076293945,21.450000762939453,21.290000915527344,21.309999465942383,124800
2014-02-19,8.998380661010742,21.399999618530273,21.489999771118164,21.360000610351562,21.3799991607666,175300
2014-02-20,9.040427207946777,21.5,21.559999465942383,21.399999618530273,21.440000534057617,166800
2014-02-21,9.107706069946289,21.65999984741211,21.65999984741211,21.559999465942383,21.59000015258789,211200
2014-02-24,9.09509563446045,21.6299991607666,21.75,21.600000381469727,21.670000076293945,173400
2014-02-25,9.04883861541748,21.520000457763672,21.690000534057617,21.420000076293945,21.59000015258789,178600
2014-02-26,9.03201675415039,21.479999542236328,21.579999923706055,21.420000076293945,21.549999237060547,137900
2014-02-27,9.00259017944336,21.40999984741211,21.479999542236328,21.389999389648438,21.399999618530273,225800
2014-02-28,9.090886116027832,21.6200008392334,21.729999542236328,21.459999084472656,21.469999313354492,168800
2014-03-03,9.053041458129883,21.530000686645508,21.540000915527344,21.420000076293945,21.540000915527344,115100
2014-03-04,9.162374496459961,21.790000915527344,21.799999237060547,21.610000610351562,21.610000610351562,286500
2014-03-05,9.1707763671875,21.809999465942383,21.850000381469727,21.75,21.799999237060547,222200
2014-03-06,9.259084701538086,22.020000457763672,22.040000915527344,21.790000915527344,21.790000915527344,228300
2014-03-07,9.271696090698242,22.049999237060547,22.079999923706055,21.8799991607666,22.079999923706055,152500
2014-03-10,9.19180679321289,21.860000610351562,22.030000686645508,21.799999237060547,21.989999771118164,181900
2014-03-11,9.187599182128906,21.850000381469727,21.889999389648438,21.790000915527344,21.860000610351562,119000
2014-03-12,9.292718887329102,22.100000381469727,22.100000381469727,21.780000686645508,21.799999237060547,125400
2014-03-13,9.250673294067383,22.0,22.170000076293945,21.899999618530273,22.100000381469727,148900
2014-03-14,9.238058090209961,21.969999313354492,22.030000686645508,21.920000076293945,21.969999313354492,81600
2014-03-17,9.246463775634766,21.989999771118164,22.110000610351562,21.979999542236328,22.010000228881836,143500
2014-03-18,9.334770202636719,22.200000762939453,22.200000762939453,22.020000457763672,22.040000915527344,155500
2014-03-19,9.236422538757324,21.600000381469727,21.920000076293945,21.549999237060547,21.860000610351562,215400
2014-03-20,9.18938159942627,21.489999771118164,21.579999923706055,21.399999618530273,21.579999923706055,138400
2014-03-21,9.18938159942627,21.489999771118164,21.649999618530273,21.489999771118164,21.5,201200
2014-03-24,9.133790016174316,21.360000610351562,21.5,21.31999969482422,21.5,242300
2014-03-25,9.180830001831055,21.469999313354492,21.489999771118164,21.3799991607666,21.40999984741211,228600
2014-03-26,9.18938159942627,21.489999771118164,21.59000015258789,21.440000534057617,21.479999542236328,171700
2014-03-27,9.27062702178955,21.68000030517578,21.68000030517578,21.469999313354492,21.469999313354492,140100
2014-03-28,9.3475980758667,21.860000610351562,21.8700008392334,21.65999984741211,21.690000534057617,165300
2014-03-31,9.441673278808594,22.079999923706055,22.100000381469727,21.93000030517578,22.0,282100
2014-04-01,9.53147029876709,22.290000915527344,22.290000915527344,21.93000030517578,22.06999969482422,280700
2014-04-02,9.43311595916748,22.059999465942383,22.25,22.030000686645508,22.229999542236328,204300
2014-04-03,9.373254776000977,21.920000076293945,22.06999969482422,21.8700008392334,22.059999465942383,138600
2014-04-04,9.36042594909668,21.889999389648438,22.09000015258789,21.850000381469727,21.950000762939453,100700
2014-04-07,9.351874351501465,21.8700008392334,21.899999618530273,21.81999969482422,21.850000381469727,109700
2014-04-08,9.373254776000977,21.920000076293945,22.0,21.729999542236328,21.84000015258789,158000
2014-04-09,9.390359878540039,21.959999084472656,22.030000686645508,21.809999465942383,21.920000076293945,229000
2014-04-10,9.398911476135254,21.979999542236328,22.1299991607666,21.959999084472656,22.010000228881836,180500
2014-04-11,9.309114456176758,21.770000457763672,21.950000762939453,21.719999313354492,21.950000762939453,114200
2014-04-14,9.424568176269531,22.040000915527344,22.040000915527344,21.809999465942383,21.81999969482422,178500
2014-04-15,9.407462120056152,22.0,22.020000457763672,21.850000381469727,21.989999771118164,129400
2014-04-16,9.471606254577637,22.149999618530273,22.170000076293945,21.989999771118164,22.020000457763672,95800
2014-04-17,9.492985725402832,22.200000762939453,22.25,22.1299991607666,22.149999618530273,88700
2014-04-21,9.471606254577637,22.149999618530273,22.290000915527344,22.100000381469727,22.200000762939453,84000
2014-04-22,9.557127952575684,22.350000381469727,22.350000381469727,22.170000076293945,22.18000030517578,106100
2014-04-23,9.540021896362305,22.309999465942383,22.420000076293945,22.260000228881836,22.34000015258789,147200
2014-04-24,9.544300079345703,22.31999969482422,22.3799991607666,22.260000228881836,22.329999923706055,183200
2014-04-25,9.591338157653809,22.43000030517578,22.43000030517578,22.229999542236328,22.329999923706055,158800
2014-04-28,9.578510284423828,22.399999618530273,22.450000762939453,22.280000686645508,22.40999984741211,140200
2014-04-29,9.608438491821289,22.469999313354492,22.489999771118164,22.40999984741211,22.440000534057617,106500
2014-04-30,9.642648696899414,22.549999237060547,22.549999237060547,22.420000076293945,22.450000762939453,87700
2014-05-01,9.698236465454102,22.68000030517578,22.68000030517578,22.469999313354492,22.549999237060547,117200
2014-05-02,9.749547004699707,22.799999237060547,22.799999237060547,22.600000381469727,22.68000030517578,215800
2014-05-05,9.800860404968262,22.920000076293945,22.920000076293945,22.6200008392334,22.780000686645508,209200
2014-05-06,9.792312622070312,22.899999618530273,22.950000762939453,22.850000381469727,22.920000076293945,180500
2014-05-07,9.882113456726074,23.110000610351562,23.1200008392334,22.8799991607666,22.899999618530273,224700
2014-05-08,9.843626976013184,23.020000457763672,23.09000015258789,22.950000762939453,23.06999969482422,153900
2014-05-09,9.899214744567871,23.149999618530273,23.15999984741211,22.920000076293945,22.950000762939453,150200
2014-05-12,9.890664100646973,23.1299991607666,23.239999771118164,23.059999465942383,23.149999618530273,154700
2014-05-13,9.941978454589844,23.25,23.260000228881836,23.059999465942383,23.09000015258789,164100
2014-05-14,9.899214744567871,23.149999618530273,23.209999084472656,23.1200008392334,23.209999084472656,125800
2014-05-15,9.882113456726074,23.110000610351562,23.209999084472656,23.040000915527344,23.209999084472656,137800
2014-05-16,9.967631340026855,23.309999465942383,23.309999465942383,23.09000015258789,23.18000030517578,200600
2014-05-19,9.937699317932129,23.239999771118164,23.299999237060547,23.190000534057617,23.290000915527344,114500
2014-05-20,9.924875259399414,23.209999084472656,23.270000457763672,23.1200008392334,23.25,125100
2014-05-21,9.899214744567871,23.149999618530273,23.309999465942383,23.100000381469727,23.239999771118164,207400
2014-05-22,9.971914291381836,23.31999969482422,23.329999923706055,23.1200008392334,23.200000762939453,134700
2014-05-23,9.97618579864502,23.329999923706055,23.399999618530273,23.260000228881836,23.360000610351562,119100
2014-05-27,9.971914291381836,23.31999969482422,23.450000762939453,23.290000915527344,23.360000610351562,164100
2014-05-28,10.018948554992676,23.43000030517578,23.469999313354492,23.350000381469727,23.3799991607666,134300
2014-05-29,10.078813552856445,23.56999969482422,23.59000015258789,23.450000762939453,23.469999313354492,104700
2014-05-30,10.13012981414795,23.690000534057617,23.690000534057617,23.479999542236328,23.530000686645508,115900
2014-06-02,10.117302894592285,23.65999984741211,23.719999313354492,23.600000381469727,23.700000762939453,117800
2014-06-03,10.113022804260254,23.649999618530273,23.68000030517578,23.549999237060547,23.639999389648438,94100
2014-06-04,10.1343994140625,23.700000762939453,23.709999084472656,23.579999923706055,23.68000030517578,155800
2014-06-05,10.232749938964844,23.93000030517578,23.93000030517578,23.610000610351562,23.700000762939453,159400
2014-06-06,10.207098007202148,23.8700008392334,23.989999771118164,23.790000915527344,23.989999771118164,124900
2014-06-09,10.198548316955566,23.850000381469727,23.90999984741211,23.81999969482422,23.889999389648438,190100
2014-06-10,10.185717582702637,23.81999969482422,23.860000610351562,23.770000457763672,23.809999465942383,133100
2014-06-11,10.185717582702637,23.81999969482422,23.8700008392334,23.770000457763672,23.81999969482422,134000
2014-06-12,10.185717582702637,23.81999969482422,23.850000381469727,23.739999771118164,23.799999237060547,95800
2014-06-13,10.254136085510254,23.979999542236328,23.979999542236328,23.84000015258789,23.850000381469727,115800
2014-06-16,10.254136085510254,23.979999542236328,24.100000381469727,23.90999984741211,23.93000030517578,119800
2014-06-17,10.288338661193848,24.059999465942383,24.059999465942383,23.950000762939453,23.989999771118164,96100
2014-06-18,10.39952278137207,24.31999969482422,24.34000015258789,24.049999237060547,24.100000381469727,201000
2014-06-19,10.429911613464355,24.020000457763672,24.040000915527344,23.93000030517578,23.989999771118164,186500
2014-06-20,10.39952278137207,23.950000762939453,24.020000457763672,23.8799991607666,24.010000228881836,125200
2014-06-23,10.425577163696289,24.010000228881836,24.059999465942383,23.93000030517578,23.989999771118164,128800
2014-06-24,10.438605308532715,24.040000915527344,24.09000015258789,23.959999084472656,24.020000457763672,122200
2014-06-25,10.516763687133789,24.219999313354492,24.219999313354492,24.030000686645508,24.030000686645508,169800
2014-06-26,10.538470268249512,24.270000457763672,24.270000457763672,24.079999923706055,24.229999542236328,121200
2014-06-27,10.581892967224121,24.3700008392334,24.3700008392334,24.15999984741211,24.219999313354492,132300
2014-06-30,10.634000778198242,24.489999771118164,24.510000228881836,24.389999389648438,24.5,317600
2014-07-01,10.764269828796387,24.790000915527344,25.030000686645508,24.440000534057617,24.59000015258789,339000
2014-07-02,10.720846176147461,24.690000534057617,24.84000015258789,24.450000762939453,24.84000015258789,233300
2014-07-03,10.677421569824219,24.59000015258789,24.739999771118164,24.520000457763672,24.739999771118164,128600
2014-07-07,10.429911613464355,24.020000457763672,24.520000457763672,23.989999771118164,24.520000457763672,198300
2014-07-08,10.38215446472168,23.90999984741211,24.010000228881836,23.850000381469727,23.979999542236328,148600
2014-07-09,10.373464584350586,23.889999389648438,23.989999771118164,23.770000457763672,23.989999771118164,151000
2014-07-10,10.35610294342041,23.850000381469727,23.8700008392334,23.549999237060547,23.75,119900
2014-07-11,10.455968856811523,24.079999923706055,24.079999923706055,23.780000686645508,23.780000686645508,110200
2014-07-14,10.547154426574707,24.290000915527344,24.290000915527344,24.139999389648438,24.170000076293945,136700
2014-07-15,10.51241683959961,24.209999084472656,24.3700008392334,24.190000534057617,24.329999923706055,113700
2014-07-16,10.59492015838623,24.399999618530273,24.399999618530273,24.260000228881836,24.329999923706055,130900
2014-07-17,10.412545204162598,23.979999542236328,24.31999969482422,23.889999389648438,24.309999465942383,158900
2014-07-18,10.482026100158691,24.139999389648438,24.15999984741211,23.889999389648438,24.049999237060547,189200
2014-07-21,10.447281837463379,24.059999465942383,24.170000076293945,23.950000762939453,24.09000015258789,144800
2014-07-22,10.4950532913208,24.170000076293945,24.270000457763672,24.1299991607666,24.149999618530273,164300
2014-07-23,10.568862915039062,24.34000015258789,24.360000610351562,24.100000381469727,24.239999771118164,146500
2014-07-24,10.62097454071045,24.459999084472656,24.530000686645508,24.280000686645508,24.34000015258789,122700
2014-07-25,10.564526557922363,24.329999923706055,24.510000228881836,24.280000686645508,24.479999542236328,115900
2014-07-28,10.503735542297363,24.190000534057617,24.3799991607666,24.1200008392334,24.360000610351562,132200
2014-07-29,10.4950532913208,24.170000076293945,24.25,24.139999389648438,24.190000534057617,101900
2014-07-30,10.377806663513184,23.899999618530273,24.18000030517578,23.860000610351562,24.15999984741211,227300
2014-07-31,10.134652137756348,23.34000015258789,23.860000610351562,23.299999237060547,23.860000610351562,245400
2014-08-01,10.095574378967285,23.25,23.399999618530273,23.209999084472656,23.31999969482422,158600
2014-08-04,10.056487083435059,23.15999984741211,23.229999542236328,22.760000228881836,23.229999542236328,226000
2014-08-05,9.83503246307373,22.649999618530273,23.1200008392334,22.479999542236328,23.1200008392334,272700
2014-08-06,9.826355934143066,22.6299991607666,22.670000076293945,22.399999618530273,22.489999771118164,155500
2014-08-07,9.856751441955566,22.700000762939453,22.8700008392334,22.649999618530273,22.649999618530273,112800
2014-08-08,9.943591117858887,22.899999618530273,22.899999618530273,22.68000030517578,22.760000228881836,127700
2014-08-11,10.043462753295898,23.1299991607666,23.149999618530273,23.040000915527344,23.040000915527344,121000
2014-08-12,10.047802925109863,23.139999389648438,23.25,23.020000457763672,23.149999618530273,82400
2014-08-13,10.152017593383789,23.3799991607666,23.389999389648438,23.100000381469727,23.18000030517578,97600
2014-08-14,10.23017406463623,23.559999465942383,23.579999923706055,23.3799991607666,23.43000030517578,148900
2014-08-15,10.277938842773438,23.670000076293945,23.719999313354492,23.520000457763672,23.579999923706055,113700
2014-08-18,10.290963172912598,23.700000762939453,23.81999969482422,23.68000030517578,23.760000228881836,119000
2014-08-19,10.347412109375,23.829999923706055,23.860000610351562,23.68000030517578,23.700000762939453,142200
2014-08-20,10.386500358581543,23.920000076293945,23.920000076293945,23.760000228881836,23.81999969482422,158400
2014-08-21,10.455968856811523,24.079999923706055,24.079999923706055,23.899999618530273,23.940000534057617,122400
2014-08-22,10.46031379699707,24.09000015258789,24.1299991607666,23.940000534057617,24.1299991607666,139500
2014-08-25,10.482026100158691,24.139999389648438,24.219999313354492,24.100000381469727,24.209999084472656,87700
2014-08-26,10.516763687133789,24.219999313354492,24.309999465942383,24.09000015258789,24.190000534057617,159700
2014-08-27,10.625316619873047,24.469999313354492,24.469999313354492,24.25,24.260000228881836,141900
2014-08-28,10.642683029174805,24.510000228881836,24.520000457763672,24.239999771118164,24.34000015258789,123800
2014-08-29,10.66873836517334,24.56999969482422,24.56999969482422,24.399999618530273,24.459999084472656,75300
2014-09-02,10.638344764709473,24.5,24.56999969482422,24.489999771118164,24.520000457763672,69000
2014-09-03,10.729524612426758,24.709999084472656,24.709999084472656,24.579999923706055,24.6299991607666,81900
2014-09-04,10.720846176147461,24.690000534057617,24.75,24.610000610351562,24.729999542236328,151600
2014-09-05,10.65137004852295,24.530000686645508,24.670000076293945,24.5,24.6200008392334,134400
2014-09-08,10.52978801727295,24.25,24.540000915527344,24.209999084472656,24.489999771118164,108500
2014-09-09,10.508073806762695,24.200000762939453,24.290000915527344,24.149999618530273,24.290000915527344,89800
2014-09-10,10.508073806762695,24.200000762939453,24.219999313354492,24.059999465942383,24.200000762939453,106900
2014-09-11,10.516763687133789,24.219999313354492,24.219999313354492,24.049999237060547,24.1200008392334,83200
2014-09-12,10.369126319885254,23.8799991607666,24.219999313354492,23.81999969482422,24.139999389648438,118000
2014-09-15,10.273605346679688,23.65999984741211,23.90999984741211,23.6200008392334,23.829999923706055,105600
2014-09-16,10.35610294342041,23.850000381469727,23.860000610351562,23.579999923706055,23.639999389648438,99100
2014-09-17,10.351693153381348,23.469999313354492,23.549999237060547,23.40999984741211,23.540000915527344,98800
2014-09-18,10.334050178527832,23.43000030517578,23.510000228881836,23.350000381469727,23.510000228881836,118100
2014-09-19,10.36051082611084,23.489999771118164,23.520000457763672,23.420000076293945,23.450000762939453,89100
2014-09-22,10.276704788208008,23.299999237060547,23.479999542236328,23.260000228881836,23.479999542236328,100000
2014-09-23,10.223776817321777,23.18000030517578,23.229999542236328,23.079999923706055,23.229999542236328,94600
2014-09-24,10.232601165771484,23.200000762939453,23.200000762939453,22.969999313354492,23.1299991607666,150200
2014-09-25,10.16644287109375,23.049999237060547,23.239999771118164,22.959999084472656,23.149999618530273,149600
2014-09-26,10.087052345275879,22.8700008392334,23.06999969482422,22.719999313354492,23.040000915527344,136300
2014-09-29,10.10910701751709,22.920000076293945,22.950000762939453,22.729999542236328,22.770000457763672,126700
2014-09-30,10.210552215576172,23.149999618530273,23.18000030517578,22.920000076293945,22.979999542236328,246300
2014-10-01,10.404616355895996,23.59000015258789,23.649999618530273,23.100000381469727,23.1200008392334,252700
2014-10-02,10.206135749816895,23.139999389648438,23.479999542236328,23.09000015258789,23.479999542236328,163300
2014-10-03,10.241422653198242,23.219999313354492,23.31999969482422,23.030000686645508,23.200000762939453,116200
2014-10-06,10.298761367797852,23.350000381469727,23.440000534057617,23.1299991607666,23.229999542236328,133700
2014-10-07,10.254652976989746,23.25,23.399999618530273,23.149999618530273,23.31999969482422,89800
2014-10-08,10.342867851257324,23.450000762939453,23.450000762939453,23.1299991607666,23.309999465942383,109400
2014-10-09,10.117924690246582,22.940000534057617,23.440000534057617,22.84000015258789,23.40999984741211,152500
2014-10-10,9.804781913757324,22.229999542236328,22.940000534057617,22.200000762939453,22.899999618530273,200400
2014-10-13,9.668047904968262,21.920000076293945,22.350000381469727,21.799999237060547,22.31999969482422,186900
2014-10-14,9.412227630615234,21.34000015258789,21.940000534057617,21.309999465942383,21.8799991607666,333100
2014-10-15,9.385774612426758,21.280000686645508,21.34000015258789,20.309999465942383,21.030000686645508,411700
2014-10-16,9.654814720153809,21.889999389648438,21.979999542236328,20.670000076293945,20.90999984741211,349200
2014-10-17,9.866523742675781,22.3700008392334,22.5,21.920000076293945,21.989999771118164,165200
2014-10-20,9.98560905456543,22.639999389648438,22.719999313354492,22.290000915527344,22.290000915527344,94400
2014-10-21,10.223776817321777,23.18000030517578,23.18000030517578,22.690000534057617,22.690000534057617,118900
2014-10-22,10.272296905517578,23.290000915527344,23.65999984741211,23.239999771118164,23.280000686645508,151800
2014-10-23,10.298761367797852,23.350000381469727,23.649999618530273,23.350000381469727,23.420000076293945,148900
2014-10-24,10.351693153381348,23.469999313354492,23.5,23.219999313354492,23.25,68300
2014-10-27,10.320821762084961,23.399999618530273,23.450000762939453,23.229999542236328,23.43000030517578,74300
2014-10-28,10.404616355895996,23.59000015258789,23.59000015258789,23.3799991607666,23.530000686645508,117700
2014-10-29,10.444314002990723,23.68000030517578,23.75,23.540000915527344,23.610000610351562,143000
2014-10-30,10.37374496459961,23.520000457763672,23.690000534057617,23.309999465942383,23.65999984741211,118400
2014-10-31,10.444314002990723,23.68000030517578,23.790000915527344,23.559999465942383,23.600000381469727,142200
2014-11-03,10.461959838867188,23.719999313354492,23.729999542236328,23.479999542236328,23.610000610351562,228200
2014-11-04,10.298761367797852,23.350000381469727,23.65999984741211,23.209999084472656,23.639999389648438,110300
2014-11-05,10.303174018859863,23.360000610351562,23.440000534057617,23.229999542236328,23.420000076293945,156400
2014-11-06,10.254652976989746,23.25,23.420000076293945,23.170000076293945,23.31999969482422,154800
2014-11-07,10.223776817321777,23.18000030517578,23.239999771118164,23.170000076293945,23.190000534057617,156800
2014-11-10,10.298761367797852,23.350000381469727,23.350000381469727,23.200000762939453,23.200000762939453,113100
2014-11-11,10.338457107543945,23.440000534057617,23.440000534057617,23.219999313354492,23.270000457763672,127200
2014-11-12,10.325225830078125,23.40999984741211,23.40999984741211,23.219999313354492,23.270000457763672,145300
2014-11-13,10.307577133178711,23.3700008392334,23.579999923706055,23.280000686645508,23.459999084472656,144700
2014-11-14,10.232601165771484,23.200000762939453,23.389999389648438,23.200000762939453,23.299999237060547,93200
2014-11-17,10.237009048461914,23.209999084472656,23.389999389648438,23.15999984741211,23.260000228881836,174300
2014-11-18,10.272296905517578,23.290000915527344,23.329999923706055,23.219999313354492,23.219999313354492,162500
2014-11-19,10.409027099609375,23.600000381469727,23.719999313354492,23.270000457763672,23.270000457763672,248200
2014-11-20,10.386968612670898,23.549999237060547,23.6200008392334,23.489999771118164,23.5,114200
2014-11-21,10.497241973876953,23.799999237060547,23.889999389648438,23.68000030517578,23.799999237060547,113300
2014-11-24,10.453134536743164,23.700000762939453,23.8700008392334,23.579999923706055,23.8700008392334,110200
2014-11-25,10.453134536743164,23.700000762939453,23.829999923706055,23.559999465942383,23.790000915527344,113200
2014-11-26,10.545757293701172,23.90999984741211,23.959999084472656,23.739999771118164,23.739999771118164,77000
2014-11-28,10.51929759979248,23.850000381469727,23.979999542236328,23.81999969482422,23.860000610351562,64700
2014-12-01,10.35610294342041,23.479999542236328,23.729999542236328,23.450000762939453,23.729999542236328,95300
2014-12-02,10.36051082611084,23.489999771118164,23.610000610351562,23.3799991607666,23.399999618530273,93800
2014-12-03,10.391385078430176,23.559999465942383,23.610000610351562,23.479999542236328,23.520000457763672,87700
2014-12-04,10.391385078430176,23.559999465942383,23.639999389648438,23.5,23.559999465942383,73700
2014-12-05,10.351693153381348,23.469999313354492,23.600000381469727,23.399999618530273,23.559999465942383,107400
2014-12-08,10.214964866638184,23.15999984741211,23.469999313354492,23.1299991607666,23.459999084472656,135600
2014-12-09,10.007658004760742,22.690000534057617,23.059999465942383,22.600000381469727,23.040000915527344,295700
2014-12-10,9.875341415405273,22.389999389648438,22.670000076293945,22.34000015258789,22.6299991607666,160900
2014-12-11,9.84005069732666,22.309999465942383,22.6299991607666,22.260000228881836,22.299999237060547,125300
2014-12-12,9.835648536682129,22.299999237060547,22.360000610351562,22.049999237060547,22.229999542236328,176500
2014-12-15,9.672453880310059,21.93000030517578,22.440000534057617,21.760000228881836,22.3799991607666,132100
2014-12-16,9.623934745788574,21.81999969482422,22.1299991607666,21.56999969482422,21.809999465942383,134800
2014-12-17,9.84446907043457,22.31999969482422,22.329999923706055,21.729999542236328,21.760000228881836,121700
2014-12-18,10.064998626708984,22.81999969482422,22.850000381469727,22.440000534057617,22.479999542236328,84500
2014-12-19,10.15018367767334,22.639999389648438,22.670000076293945,22.309999465942383,22.440000534057617,261300
2014-12-22,10.100866317749023,22.530000686645508,22.690000534057617,22.3700008392334,22.68000030517578,207400
2014-12-23,10.195014953613281,22.739999771118164,22.760000228881836,22.489999771118164,22.670000076293945,205700
2014-12-24,10.262267112731934,22.889999389648438,22.93000030517578,22.68000030517578,22.68000030517578,73700
2014-12-26,10.401246070861816,23.200000762939453,23.200000762939453,22.889999389648438,22.920000076293945,139100
2014-12-29,10.289164543151855,22.950000762939453,23.110000610351562,22.799999237060547,23.040000915527344,163500
2014-12-30,10.253297805786133,22.8700008392334,22.889999389648438,22.709999084472656,22.809999465942383,124500
2014-12-31,10.186049461364746,22.719999313354492,23.110000610351562,22.719999313354492,22.920000076293945,249600
2015-01-02,10.257779121398926,22.8799991607666,22.920000076293945,22.530000686645508,22.709999084472656,142700
2015-01-05,9.934985160827637,22.15999984741211,22.700000762939453,22.1200008392334,22.700000762939453,191900
2015-01-06,9.921533584594727,22.1299991607666,22.360000610351562,22.0,22.190000534057617,128600
2015-01-07,9.934985160827637,22.15999984741211,22.290000915527344,22.040000915527344,22.18000030517578,105300
2015-01-08,10.109829902648926,22.549999237060547,22.6200008392334,22.260000228881836,22.31999969482422,118100
2015-01-09,10.011200904846191,22.329999923706055,22.6200008392334,22.190000534057617,22.530000686645508,139800
2015-01-12,9.993268013000488,22.290000915527344,22.299999237060547,22.059999465942383,22.25,178600
2015-01-13,9.943953514099121,22.18000030517578,22.510000228881836,22.049999237060547,22.3799991607666,155700
2015-01-14,9.943953514099121,22.18000030517578,22.18000030517578,21.799999237060547,21.8700008392334,125800
2015-01-15,9.979819297790527,22.260000228881836,22.31999969482422,22.079999923706055,22.25,122800
2015-01-16,10.141214370727539,22.6200008392334,22.709999084472656,22.149999618530273,22.149999618530273,160800
2015-01-20,10.195014953613281,22.739999771118164,22.75,22.559999465942383,22.610000610351562,211900
2015-01-21,10.23088264465332,22.81999969482422,22.81999969482422,22.639999389648438,22.770000457763672,120500
2015-01-22,10.307099342346191,22.989999771118164,23.0,22.739999771118164,22.8700008392334,118000
2015-01-23,10.31606674194336,23.010000228881836,23.100000381469727,22.90999984741211,22.979999542236328,153300
2015-01-26,10.39676284790039,23.190000534057617,23.190000534057617,22.8799991607666,23.06999969482422,126700
2015-01-27,10.441594123840332,23.290000915527344,23.309999465942383,23.030000686645508,23.09000015258789,149900
2015-01-28,10.275716781616211,22.920000076293945,23.3799991607666,22.920000076293945,23.309999465942383,154100
2015-01-29,10.3519287109375,23.09000015258789,23.190000534057617,22.75,23.020000457763672,149600
2015-01-30,10.248815536499023,22.860000610351562,23.049999237060547,22.780000686645508,22.93000030517578,160200
2015-02-02,10.311579704284668,23.0,23.0,22.729999542236328,22.8700008392334,139500
2015-02-03,10.49988079071045,23.420000076293945,23.420000076293945,23.020000457763672,23.020000457763672,176500
2015-02-04,10.39676284790039,23.190000534057617,23.34000015258789,23.1200008392334,23.200000762939453,189500
2015-02-05,10.508845329284668,23.440000534057617,23.489999771118164,23.219999313354492,23.299999237060547,258000
2015-02-06,10.49988079071045,23.420000076293945,23.579999923706055,23.200000762939453,23.489999771118164,334500
2015-02-09,10.33399486541748,23.049999237060547,23.34000015258789,23.0,23.260000228881836,253100
2015-02-10,10.401246070861816,23.200000762939453,23.229999542236328,23.0,23.110000610351562,138800
2015-02-11,10.253297805786133,22.8700008392334,23.209999084472656,22.850000381469727,23.100000381469727,147800
2015-02-12,10.284679412841797,22.940000534057617,22.959999084472656,22.799999237060547,22.829999923706055,141700
2015-02-13,10.31606674194336,23.010000228881836,23.110000610351562,22.899999618530273,23.010000228881836,130300
2015-02-17,10.181570053100586,22.709999084472656,23.0,22.600000381469727,22.940000534057617,217700
2015-02-18,10.320549011230469,23.020000457763672,23.049999237060547,22.739999771118164,22.739999771118164,106800
2015-02-19,10.275716781616211,22.920000076293945,23.079999923706055,22.850000381469727,23.0,99600
2015-02-20,10.325027465820312,23.030000686645508,23.079999923706055,22.8799991607666,22.959999084472656,97400
2015-02-23,10.37883186340332,23.149999618530273,23.200000762939453,23.010000228881836,23.030000686645508,133800
2015-02-24,10.486429214477539,23.389999389648438,23.420000076293945,23.190000534057617,23.219999313354492,106600
2015-02-25,10.437117576599121,23.280000686645508,23.399999618530273,23.229999542236328,23.309999465942383,91400
2015-02-26,10.419180870056152,23.239999771118164,23.34000015258789,23.18000030517578,23.260000228881836,139700
2015-02-27,10.414693832397461,23.229999542236328,23.299999237060547,23.200000762939453,23.25,132400
2015-03-02,10.401246070861816,23.200000762939453,23.270000457763672,23.149999618530273,23.229999542236328,146300
2015-03-03,10.36538028717041,23.1200008392334,23.190000534057617,23.020000457763672,23.110000610351562,148400
2015-03-04,10.289164543151855,22.950000762939453,23.1299991607666,22.93000030517578,23.059999465942383,83800
2015-03-05,10.33399486541748,23.049999237060547,23.149999618530273,22.969999313354492,23.010000228881836,74500
2015-03-06,10.177082061767578,22.700000762939453,22.969999313354492,22.639999389648438,22.969999313354492,149400
2015-03-09,10.118791580200195,22.56999969482422,22.75,22.549999237060547,22.65999984741211,154100
2015-03-10,10.051546096801758,22.420000076293945,22.540000915527344,22.280000686645508,22.450000762939453,145600
2015-03-11,9.993268013000488,22.290000915527344,22.5,22.25,22.479999542236328,112900
2015-03-12,10.091900825500488,22.510000228881836,22.540000915527344,22.260000228881836,22.31999969482422,88500
2015-03-13,9.993268013000488,22.290000915527344,22.489999771118164,22.25,22.489999771118164,78700
2015-03-16,10.02016544342041,22.350000381469727,22.43000030517578,22.309999465942383,22.329999923706055,124900
2015-03-17,10.118791580200195,22.56999969482422,22.59000015258789,22.31999969482422,22.31999969482422,150600
2015-03-18,10.319624900817871,22.610000610351562,22.709999084472656,22.06999969482422,22.290000915527344,178500
2015-03-19,10.278545379638672,22.520000457763672,22.59000015258789,22.40999984741211,22.520000457763672,116100
2015-03-20,10.305931091308594,22.579999923706055,22.729999542236328,22.479999542236328,22.56999969482422,239400
2015-03-23,10.383519172668457,22.75,22.780000686645508,22.639999389648438,22.649999618530273,197300
2015-03-24,10.397212028503418,22.780000686645508,22.8799991607666,22.68000030517578,22.68000030517578,118900
2015-03-25,10.33788013458252,22.649999618530273,22.850000381469727,22.639999389648438,22.780000686645508,152100
2015-03-26,10.333314895629883,22.639999389648438,22.719999313354492,22.530000686645508,22.65999984741211,184700
2015-03-27,10.29680061340332,22.559999465942383,22.68000030517578,22.540000915527344,22.649999618530273,142400
2015-03-30,10.40178108215332,22.790000915527344,22.850000381469727,22.59000015258789,22.59000015258789,132500
2015-03-31,10.369833946228027,22.719999313354492,22.8700008392334,22.6299991607666,22.790000915527344,251600
2015-04-01,10.442856788635254,22.8799991607666,22.959999084472656,22.639999389648438,22.770000457763672,195200
2015-04-02,10.420042037963867,22.829999923706055,22.8799991607666,22.700000762939453,22.8799991607666,158000
2015-04-06,10.488505363464355,22.979999542236328,23.049999237060547,22.670000076293945,22.670000076293945,150000
2015-04-07,10.474804878234863,22.950000762939453,23.010000228881836,22.850000381469727,22.90999984741211,111900
2015-04-08,10.488505363464355,22.979999542236328,23.149999618530273,22.950000762939453,23.0,170100
2015-04-09,10.4382963180542,22.8700008392334,22.969999313354492,22.809999465942383,22.940000534057617,142900
2015-04-10,10.456551551818848,22.90999984741211,23.010000228881836,22.809999465942383,22.809999465942383,214800
2015-04-13,10.406342506408691,22.799999237060547,23.09000015258789,22.799999237060547,22.90999984741211,81600
2015-04-14,10.410905838012695,22.809999465942383,22.90999984741211,22.760000228881836,22.799999237060547,162800
2015-04-15,10.493057250976562,22.989999771118164,23.059999465942383,22.790000915527344,22.799999237060547,129800
2015-04-16,10.497625350952148,23.0,23.1200008392334,22.860000610351562,22.90999984741211,149900
2015-04-17,10.488505363464355,22.979999542236328,22.979999542236328,22.799999237060547,22.799999237060547,102700
2015-04-20,10.520448684692383,23.049999237060547,23.190000534057617,23.020000457763672,23.049999237060547,150700
2015-04-21,10.529574394226074,23.06999969482422,23.200000762939453,23.049999237060547,23.15999984741211,136700
2015-04-22,10.552396774291992,23.1200008392334,23.15999984741211,23.059999465942383,23.100000381469727,127600
2015-04-23,10.575214385986328,23.170000076293945,23.200000762939453,23.049999237060547,23.149999618530273,82000
2015-04-24,10.64824104309082,23.329999923706055,23.3700008392334,23.18000030517578,23.219999313354492,104000
2015-04-27,10.575214385986328,23.170000076293945,23.40999984741211,23.1200008392334,23.40999984741211,186500
2015-04-28,10.602603912353516,23.229999542236328,23.260000228881836,23.079999923706055,23.139999389648438,125400
2015-04-29,10.602603912353516,23.229999542236328,23.25,23.149999618530273,23.18000030517578,119800
2015-04-30,10.529574394226074,23.06999969482422,23.290000915527344,23.0,23.219999313354492,125700
2015-05-01,10.525012016296387,23.059999465942383,23.06999969482422,22.90999984741211,23.06999969482422,134700
2015-05-04,10.515885353088379,23.040000915527344,23.139999389648438,23.0,23.040000915527344,170600
2015-05-05,10.415471076965332,22.81999969482422,23.020000457763672,22.760000228881836,23.0,121700
2015-05-06,10.264852523803711,22.489999771118164,22.760000228881836,22.459999084472656,22.760000228881836,148100
2015-05-07,10.242039680480957,22.440000534057617,22.520000457763672,22.299999237060547,22.40999984741211,118500
2015-05-08,10.333314895629883,22.639999389648438,22.729999542236328,22.530000686645508,22.530000686645508,144700
2015-05-11,10.310494422912598,22.59000015258789,22.709999084472656,22.559999465942383,22.559999465942383,122200
2015-05-12,10.328751564025879,22.6299991607666,22.6299991607666,22.360000610351562,22.479999542236328,119700
2015-05-13,10.278545379638672,22.520000457763672,22.780000686645508,22.5,22.600000381469727,161700
2015-05-14,10.424596786499023,22.84000015258789,22.860000610351562,22.559999465942383,22.559999465942383,128000
2015-05-15,10.4793701171875,22.959999084472656,23.059999465942383,22.809999465942383,22.8700008392334,138800
2015-05-18,10.46111011505127,22.920000076293945,22.969999313354492,22.850000381469727,22.8799991607666,108300
2015-05-19,10.4382963180542,22.8700008392334,22.940000534057617,22.81999969482422,22.860000610351562,83500
2015-05-20,10.429162979125977,22.850000381469727,22.950000762939453,22.809999465942383,22.8700008392334,60000
2015-05-21,10.488505363464355,22.979999542236328,23.06999969482422,22.889999389648438,22.889999389648438,106600
2015-05-22,10.442856788635254,22.8799991607666,22.950000762939453,22.75,22.93000030517578,101300
2015-05-26,10.305931091308594,22.579999923706055,22.81999969482422,22.56999969482422,22.770000457763672,100600
2015-05-27,10.365269660949707,22.709999084472656,22.709999084472656,22.59000015258789,22.6200008392334,87600
2015-05-28,10.351579666137695,22.68000030517578,22.790000915527344,22.600000381469727,22.6299991607666,130900
2015-05-29,10.30136775970459,22.56999969482422,22.790000915527344,22.549999237060547,22.729999542236328,191800
2015-06-01,10.328751564025879,22.6299991607666,22.700000762939453,22.520000457763672,22.56999969482422,81200
2015-06-02,10.278545379638672,22.520000457763672,22.6299991607666,22.450000762939453,22.6299991607666,154900
2015-06-03,10.242039680480957,22.440000534057617,22.549999237060547,22.3799991607666,22.549999237060547,126300
2015-06-04,10.095979690551758,22.1200008392334,22.43000030517578,22.100000381469727,22.299999237060547,148000
2015-06-05,9.968185424804688,21.84000015258789,22.200000762939453,21.81999969482422,22.06999969482422,199200
2015-06-08,9.890594482421875,21.670000076293945,21.809999465942383,21.670000076293945,21.760000228881836,140500
2015-06-09,9.826693534851074,21.530000686645508,21.739999771118164,21.420000076293945,21.59000015258789,309600
2015-06-10,9.908845901489258,21.709999084472656,21.850000381469727,21.610000610351562,21.610000610351562,221100
2015-06-11,10.013823509216309,21.940000534057617,21.969999313354492,21.700000762939453,21.709999084472656,152800
2015-06-12,9.927098274230957,21.75,21.889999389648438,21.75,21.81999969482422,119400
2015-06-15,9.954484939575195,21.809999465942383,21.860000610351562,21.6299991607666,21.719999313354492,128200
2015-06-16,9.9818754196167,21.8700008392334,21.899999618530273,21.729999542236328,21.739999771118164,83100
2015-06-17,10.02751636505127,21.969999313354492,21.989999771118164,21.760000228881836,21.90999984741211,86700
2015-06-18,10.101899147033691,21.729999542236328,21.809999465942383,21.5,21.559999465942383,116600
2015-06-19,10.050761222839355,21.6200008392334,21.729999542236328,21.600000381469727,21.639999389648438,90000
2015-06-22,9.976381301879883,21.459999084472656,21.829999923706055,21.40999984741211,21.700000762939453,202300
2015-06-23,10.004271507263184,21.520000457763672,21.670000076293945,21.510000228881836,21.530000686645508,169600
2015-06-24,9.985674858093262,21.479999542236328,21.6200008392334,21.420000076293945,21.440000534057617,190700
2015-06-25,9.967084884643555,21.440000534057617,21.6299991607666,21.40999984741211,21.6299991607666,136600
2015-06-26,9.878751754760742,21.25,21.3799991607666,21.079999923706055,21.3799991607666,174100
2015-06-29,9.734639167785645,20.940000534057617,21.170000076293945,20.93000030517578,21.020000457763672,238600
2015-06-30,9.771829605102539,21.020000457763672,21.239999771118164,20.829999923706055,21.15999984741211,412800
2015-07-01,9.869455337524414,21.229999542236328,21.3700008392334,20.979999542236328,21.100000381469727,288100
2015-07-02,9.809025764465332,21.100000381469727,21.290000915527344,21.079999923706055,21.229999542236328,132200
2015-07-06,9.781128883361816,21.040000915527344,21.09000015258789,20.860000610351562,20.899999618530273,201200
2015-07-07,9.864808082580566,21.219999313354492,21.219999313354492,20.920000076293945,21.09000015258789,145700
2015-07-08,9.748590469360352,20.969999313354492,21.09000015258789,20.84000015258789,21.010000228881836,155300
2015-07-09,9.678851127624512,20.81999969482422,21.280000686645508,20.809999465942383,21.239999771118164,234000
2015-07-10,9.813668251037598,21.110000610351562,21.1299991607666,20.950000762939453,20.989999771118164,146900
2015-07-13,9.878751754760742,21.25,21.280000686645508,21.079999923706055,21.139999389648438,198200
2015-07-14,9.901998519897461,21.299999237060547,21.389999389648438,21.0,21.18000030517578,92000
2015-07-15,9.850858688354492,21.190000534057617,21.43000030517578,21.15999984741211,21.270000457763672,258500
2015-07-16,9.957783699035645,21.420000076293945,21.459999084472656,21.239999771118164,21.239999771118164,176100
2015-07-17,9.822968482971191,21.1299991607666,21.360000610351562,21.1299991607666,21.360000610351562,151000
2015-07-20,9.743937492370605,20.959999084472656,21.1299991607666,20.940000534057617,21.1299991607666,130200
2015-07-21,9.790420532226562,21.059999465942383,21.100000381469727,20.84000015258789,20.860000610351562,203600
2015-07-22,9.6974515914917,20.860000610351562,21.020000457763672,20.809999465942383,20.950000762939453,122800
2015-07-23,9.646312713623047,20.75,20.93000030517578,20.670000076293945,20.93000030517578,206500
2015-07-24,9.604473114013672,20.65999984741211,20.760000228881836,20.579999923706055,20.709999084472656,162700
2015-07-27,9.59052848815918,20.6299991607666,20.65999984741211,20.510000228881836,20.56999969482422,100400
2015-07-28,9.664911270141602,20.790000915527344,20.790000915527344,20.530000686645508,20.59000015258789,151800
2015-07-29,9.799724578857422,21.079999923706055,21.079999923706055,20.6200008392334,20.719999313354492,201100
2015-07-30,9.78577995300293,21.049999237060547,21.049999237060547,20.90999984741211,20.950000762939453,92800
2015-07-31,9.836917877197266,21.15999984741211,21.25,21.020000457763672,21.06999969482422,151400
2015-08-03,9.855509757995605,21.200000762939453,21.229999542236328,21.1299991607666,21.139999389648438,134200
2015-08-04,9.75788402557373,20.989999771118164,21.190000534057617,20.8700008392334,21.18000030517578,228100
2015-08-05,9.734639167785645,20.940000534057617,21.059999465942383,20.8799991607666,20.989999771118164,135800
2015-08-06,9.743937492370605,20.959999084472656,20.959999084472656,20.6200008392334,20.8700008392334,173900
2015-08-07,9.692802429199219,20.850000381469727,20.950000762939453,20.700000762939453,20.829999923706055,101500
2015-08-10,9.734639167785645,20.940000534057617,20.959999084472656,20.850000381469727,20.8799991607666,121600
2015-08-11,9.7532377243042,20.979999542236328,20.979999542236328,20.690000534057617,20.739999771118164,154500
2015-08-12,9.781128883361816,21.040000915527344,21.049999237060547,20.770000457763672,20.770000457763672,125200
2015-08-13,9.77647590637207,21.030000686645508,21.049999237060547,20.850000381469727,20.969999313354492,123000
2015-08-14,9.832268714904785,21.149999618530273,21.149999618530273,20.959999084472656,21.040000915527344,105900
2015-08-17,9.822968482971191,21.1299991607666,21.229999542236328,21.010000228881836,21.020000457763672,164900
2015-08-18,9.855509757995605,21.200000762939453,21.229999542236328,20.979999542236328,21.059999465942383,180400
2015-08-19,9.864808082580566,21.219999313354492,21.3799991607666,21.020000457763672,21.110000610351562,138400
2015-08-20,9.748590469360352,20.969999313354492,21.190000534057617,20.899999618530273,21.06999969482422,132800
2015-08-21,9.576581954956055,20.600000381469727,20.889999389648438,20.600000381469727,20.799999237060547,199800
2015-08-24,9.162836074829102,19.709999084472656,19.790000915527344,17.5,19.739999771118164,618700
2015-08-25,9.079157829284668,19.530000686645508,19.989999771118164,19.530000686645508,19.989999771118164,219400
2015-08-26,9.102401733398438,19.579999923706055,19.81999969482422,19.299999237060547,19.81999969482422,196700
2015-08-27,9.227914810180664,19.850000381469727,19.93000030517578,19.540000915527344,19.739999771118164,206300
2015-08-28,9.227914810180664,19.850000381469727,20.040000915527344,19.770000457763672,19.770000457763672,264400
2015-08-31,9.130294799804688,19.639999389648438,19.84000015258789,19.600000381469727,19.760000228881836,184900
2015-09-01,8.92574405670166,19.200000762939453,19.40999984741211,19.149999618530273,19.299999237060547,283300
2015-09-02,8.944334030151367,19.239999771118164,19.600000381469727,19.209999084472656,19.469999313354492,320500
2015-09-03,8.92574405670166,19.200000762939453,19.3799991607666,19.1200008392334,19.299999237060547,260200
2015-09-04,8.832769393920898,19.0,19.1200008392334,18.93000030517578,19.020000457763672,168800
2015-09-08,8.981528282165527,19.31999969482422,19.399999618530273,19.260000228881836,19.270000457763672,151500
2015-09-09,8.832769393920898,19.0,19.520000457763672,18.969999313354492,19.520000457763672,136500
2015-09-10,8.842068672180176,19.020000457763672,19.149999618530273,18.959999084472656,18.959999084472656,205100
2015-09-11,8.828120231628418,18.989999771118164,19.049999237060547,18.860000610351562,18.969999313354492,155300
2015-09-14,8.790925979614258,18.90999984741211,18.989999771118164,18.850000381469727,18.959999084472656,167000
2015-09-15,8.832769393920898,19.0,19.059999465942383,18.850000381469727,18.850000381469727,135300
2015-09-16,8.948987007141113,19.25,19.25,18.90999984741211,19.09000015258789,145300
2015-09-17,9.028019905090332,19.420000076293945,19.600000381469727,19.149999618530273,19.149999618530273,147900
2015-09-18,9.065993309020996,19.100000381469727,19.229999542236328,18.93000030517578,18.93000030517578,170600
2015-09-21,9.065993309020996,19.100000381469727,19.219999313354492,18.989999771118164,19.0,129500
2015-09-22,9.018526077270508,19.0,19.0,18.780000686645508,18.84000015258789,161300
2015-09-23,8.990047454833984,18.940000534057617,19.020000457763672,18.829999923706055,18.969999313354492,98100
2015-09-24,8.933085441589355,18.81999969482422,18.90999984741211,18.649999618530273,18.760000228881836,199000
2015-09-25,8.980555534362793,18.920000076293945,18.979999542236328,18.799999237060547,18.850000381469727,169200
2015-09-28,8.84764575958252,18.639999389648438,18.889999389648438,18.530000686645508,18.8700008392334,270200
2015-09-29,8.804927825927734,18.549999237060547,18.639999389648438,18.389999389648438,18.56999969482422,299200
2015-09-30,9.051749229431152,19.06999969482422,19.06999969482422,18.56999969482422,18.75,441900
2015-10-01,8.999537467956543,18.959999084472656,19.010000228881836,18.790000915527344,18.950000762939453,429800
2015-10-02,9.056499481201172,19.079999923706055,19.110000610351562,18.719999313354492,18.739999771118164,144300
2015-10-05,9.260603904724121,19.510000228881836,19.530000686645508,19.1299991607666,19.200000762939453,189800
2015-10-06,9.289083480834961,19.56999969482422,19.6200008392334,19.399999618530273,19.469999313354492,151900
2015-10-07,9.360283851623535,19.719999313354492,19.719999313354492,19.6299991607666,19.6299991607666,142100
2015-10-08,9.493181228637695,20.0,20.0,19.43000030517578,19.600000381469727,191300
2015-10-09,9.469450950622559,19.950000762939453,20.040000915527344,19.940000534057617,20.030000686645508,118100
2015-10-12,9.493181228637695,20.0,20.110000610351562,19.959999084472656,19.959999084472656,211200
2015-10-13,9.37452220916748,19.75,19.920000076293945,19.75,19.8799991607666,139600
2015-10-14,9.379268646240234,19.760000228881836,19.889999389648438,19.610000610351562,19.709999084472656,164500
2015-10-15,9.535909652709961,20.09000015258789,20.139999389648438,19.670000076293945,19.780000686645508,392900
2015-10-16,9.55014419555664,20.1200008392334,20.149999618530273,19.979999542236328,20.06999969482422,128500
2015-10-19,9.474199295043945,19.959999084472656,20.09000015258789,19.93000030517578,20.040000915527344,109100
2015-10-20,9.497931480407715,20.010000228881836,20.18000030517578,19.93000030517578,19.93000030517578,153000
2015-10-21,9.474199295043945,19.959999084472656,20.09000015258789,19.950000762939453,20.010000228881836,159300
2015-10-22,9.578625679016113,20.18000030517578,20.239999771118164,20.030000686645508,20.040000915527344,145900
2015-10-23,9.611849784851074,20.25,20.309999465942383,20.079999923706055,20.25,146300
2015-10-26,9.497931480407715,20.010000228881836,20.18000030517578,19.950000762939453,20.18000030517578,119600
2015-10-27,9.426734924316406,19.860000610351562,19.989999771118164,19.81999969482422,19.989999771118164,125200
2015-10-28,9.407748222351074,19.81999969482422,20.010000228881836,19.709999084472656,19.8700008392334,136200
2015-10-29,9.322306632995605,19.639999389648438,19.81999969482422,19.56999969482422,19.709999084472656,145000
2015-10-30,9.459959983825684,19.93000030517578,19.950000762939453,19.670000076293945,19.670000076293945,188000
2015-11-02,9.50267505645752,20.020000457763672,20.020000457763672,19.850000381469727,19.920000076293945,176900
2015-11-03,9.540651321411133,20.100000381469727,20.18000030517578,19.709999084472656,19.920000076293945,266400
2015-11-04,9.478944778442383,19.969999313354492,20.1200008392334,19.81999969482422,20.110000610351562,143200
2015-11-05,9.445718765258789,19.899999618530273,20.06999969482422,19.760000228881836,19.899999618530273,189100
2015-11-06,9.246359825134277,19.479999542236328,19.799999237060547,19.280000686645508,19.799999237060547,318100
2015-11-09,9.075488090515137,19.1200008392334,19.329999923706055,19.100000381469727,19.329999923706055,163900
2015-11-10,9.04700756072998,19.059999465942383,19.15999984741211,18.989999771118164,19.030000686645508,186500
2015-11-11,8.999537467956543,18.959999084472656,19.219999313354492,18.950000762939453,19.100000381469727,173700
2015-11-12,9.013781547546387,18.989999771118164,19.059999465942383,18.850000381469727,18.920000076293945,263000
2015-11-13,9.013781547546387,18.989999771118164,19.020000457763672,18.899999618530273,19.010000228881836,189200
2015-11-16,9.084983825683594,19.139999389648438,19.170000076293945,18.959999084472656,18.989999771118164,209300
2015-11-17,9.042263984680176,19.049999237060547,19.239999771118164,18.979999542236328,19.200000762939453,132300
2015-11-18,9.084983825683594,19.139999389648438,19.170000076293945,19.020000457763672,19.049999237060547,152500
2015-11-19,9.156179428100586,19.290000915527344,19.34000015258789,19.18000030517578,19.190000534057617,141300
2015-11-20,9.184654235839844,19.350000381469727,19.459999084472656,19.299999237060547,19.31999969482422,146000
2015-11-23,9.070740699768066,19.110000610351562,19.3799991607666,19.059999465942383,19.290000915527344,134600
2015-11-24,9.051749229431152,19.06999969482422,19.110000610351562,19.0,19.020000457763672,152000
2015-11-25,9.056499481201172,19.079999923706055,19.200000762939453,19.010000228881836,19.040000915527344,83000
2015-11-27,9.089722633361816,19.149999618530273,19.170000076293945,19.010000228881836,19.049999237060547,36300
2015-11-30,9.084983825683594,19.139999389648438,19.190000534057617,19.100000381469727,19.100000381469727,150700
2015-12-01,9.160924911499023,19.299999237060547,19.299999237060547,19.170000076293945,19.239999771118164,177000
2015-12-02,9.04700756072998,19.059999465942383,19.389999389648438,19.059999465942383,19.25,181000
2015-12-03,8.985302925109863,18.93000030517578,19.079999923706055,18.90999984741211,19.079999923706055,179000
2015-12-04,8.999537467956543,18.959999084472656,19.010000228881836,18.899999618530273,18.920000076293945,209700
2015-12-07,8.823914527893066,18.59000015258789,18.899999618530273,18.540000915527344,18.899999618530273,172900
2015-12-08,8.691012382507324,18.309999465942383,18.549999237060547,18.239999771118164,18.5,320300
2015-12-09,8.719493865966797,18.3700008392334,18.639999389648438,18.260000228881836,18.360000610351562,347300
2015-12-10,8.695758819580078,18.31999969482422,18.5,18.31999969482422,18.31999969482422,162100
2015-12-11,8.629304885864258,18.18000030517578,18.270000457763672,18.15999984741211,18.209999084472656,281600
2015-12-14,8.600826263427734,18.1200008392334,18.229999542236328,18.030000686645508,18.149999618530273,389400
2015-12-15,8.605572700500488,18.1299991607666,18.31999969482422,18.1200008392334,18.139999389648438,292800
2015-12-16,8.785940170288086,18.510000228881836,18.530000686645508,18.18000030517578,18.18000030517578,345400
2015-12-17,8.785943031311035,18.110000610351562,18.309999465942383,18.030000686645508,18.239999771118164,366600
2015-12-18,8.751982688903809,18.040000915527344,18.1299991607666,17.950000762939453,18.110000610351562,275700
2015-12-21,8.839305877685547,18.219999313354492,18.229999542236328,18.110000610351562,18.110000610351562,310000
2015-12-22,8.91693115234375,18.3799991607666,18.43000030517578,18.200000762939453,18.219999313354492,264900
2015-12-23,9.164356231689453,18.889999389648438,18.989999771118164,18.450000762939453,18.450000762939453,232300
2015-12-24,9.208017349243164,18.979999542236328,19.020000457763672,18.84000015258789,18.899999618530273,116300
2015-12-28,9.241982460021973,19.049999237060547,19.06999969482422,18.809999465942383,18.940000534057617,285300
2015-12-29,9.208017349243164,18.979999542236328,19.15999984741211,18.959999084472656,19.06999969482422,294500
2015-12-30,9.174054145812988,18.90999984741211,18.989999771118164,18.84000015258789,18.90999984741211,233600
2015-12-31,9.2565336227417,19.079999923706055,19.219999313354492,18.8799991607666,18.93000030517578,502300
2016-01-04,9.2371244430542,19.040000915527344,19.079999923706055,18.670000076293945,19.0,444900
2016-01-05,9.047917366027832,18.649999618530273,19.040000915527344,18.649999618530273,19.0,435600
2016-01-06,8.844159126281738,18.229999542236328,18.530000686645508,18.209999084472656,18.479999542236328,530300
2016-01-07,8.713168144226074,17.959999084472656,18.1299991607666,17.920000076293945,18.040000915527344,382800
2016-01-08,8.620991706848145,17.770000457763672,18.079999923706055,17.770000457763672,18.0,266500
2016-01-11,8.533668518066406,17.59000015258789,17.90999984741211,17.59000015258789,17.860000610351562,303000
2016-01-12,8.485153198242188,17.489999771118164,17.799999237060547,17.3799991607666,17.780000686645508,288300
2016-01-13,8.349312782287598,17.209999084472656,17.709999084472656,17.209999084472656,17.59000015258789,279600
2016-01-14,8.441493034362793,17.399999618530273,17.469999313354492,17.110000610351562,17.18000030517578,250300
2016-01-15,8.218323707580566,16.940000534057617,17.200000762939453,16.93000030517578,17.15999984741211,420100
2016-01-19,8.232877731323242,16.969999313354492,17.149999618530273,16.780000686645508,17.149999618530273,220600
2016-01-20,7.835061073303223,16.149999618530273,16.700000762939453,15.850000381469727,16.670000076293945,511000
2016-01-21,7.995158672332764,16.479999542236328,16.649999618530273,16.229999542236328,16.229999542236328,316500
2016-01-22,8.276542663574219,17.059999465942383,17.110000610351562,16.59000015258789,16.59000015258789,232500
2016-01-25,8.286249160766602,17.079999923706055,17.229999542236328,16.8799991607666,16.959999084472656,219600
2016-01-26,8.359017372131348,17.229999542236328,17.3700008392334,17.1299991607666,17.1299991607666,198200
2016-01-27,8.426935195922852,17.3700008392334,17.420000076293945,17.209999084472656,17.229999542236328,221900
2016-01-28,8.727724075317383,17.989999771118164,18.0,17.530000686645508,17.549999237060547,326900
2016-01-29,8.819904327392578,18.18000030517578,18.299999237060547,18.030000686645508,18.049999237060547,127900
2016-02-01,9.038224220275879,18.6299991607666,18.6299991607666,18.030000686645508,18.139999389648438,180700
2016-02-02,8.955744743347168,18.459999084472656,18.489999771118164,18.100000381469727,18.100000381469727,292000
2016-02-03,9.144953727722168,18.850000381469727,18.889999389648438,18.350000381469727,18.610000610351562,251800
2016-02-04,9.18861198425293,18.940000534057617,19.0,18.700000762939453,18.8700008392334,239100
2016-02-05,8.907228469848633,18.360000610351562,18.889999389648438,18.100000381469727,18.889999389648438,212100
2016-02-08,8.562780380249023,17.649999618530273,18.25,17.489999771118164,18.25,205600
2016-02-09,8.465747833251953,17.450000762939453,17.559999465942383,17.260000228881836,17.399999618530273,195600
2016-02-10,8.431794166564941,17.3799991607666,17.549999237060547,17.25,17.549999237060547,200900
2016-02-11,8.325050354003906,17.15999984741211,17.209999084472656,16.940000534057617,17.139999389648438,302400
2016-02-12,8.363869667053223,17.239999771118164,17.270000457763672,17.040000915527344,17.270000457763672,235300
2016-02-16,8.499703407287598,17.520000457763672,17.530000686645508,17.309999465942383,17.420000076293945,159400
2016-02-17,8.751982688903809,18.040000915527344,18.049999237060547,17.56999969482422,17.68000030517578,143100
2016-02-18,8.7568359375,18.049999237060547,18.170000076293945,18.0,18.1299991607666,198600
2016-02-19,8.795645713806152,18.1299991607666,18.139999389648438,17.90999984741211,18.049999237060547,162000
2016-02-22,8.810198783874512,18.15999984741211,18.3700008392334,18.1200008392334,18.229999542236328,167000
2016-02-23,8.829605102539062,18.200000762939453,18.200000762939453,18.100000381469727,18.15999984741211,166800
2016-02-24,8.839305877685547,18.219999313354492,18.270000457763672,18.0,18.040000915527344,126300
2016-02-25,8.91693115234375,18.3799991607666,18.43000030517578,18.18000030517578,18.25,157500
2016-02-26,8.892678260803223,18.329999923706055,18.5,18.239999771118164,18.450000762939453,146700
2016-02-29,8.819904327392578,18.18000030517578,18.360000610351562,18.15999984741211,18.31999969482422,127200
2016-03-01,8.887823104858398,18.31999969482422,18.389999389648438,18.229999542236328,18.34000015258789,203500
2016-03-02,8.912083625793457,18.3700008392334,18.389999389648438,18.149999618530273,18.299999237060547,145000
2016-03-03,8.946041107177734,18.440000534057617,18.450000762939453,18.280000686645508,18.360000610351562,202600
2016-03-04,9.057626724243164,18.670000076293945,18.780000686645508,18.40999984741211,18.440000534057617,156700
2016-03-07,9.169205665588379,18.899999618530273,18.90999984741211,18.610000610351562,18.639999389648438,189200
2016-03-08,9.101286888122559,18.760000228881836,18.84000015258789,18.690000534057617,18.770000457763672,143600
2016-03-09,9.164356231689453,18.889999389648438,18.989999771118164,18.84000015258789,18.84000015258789,157600
2016-03-10,9.149801254272461,18.860000610351562,19.100000381469727,18.809999465942383,18.979999542236328,104000
2016-03-11,9.382674217224121,19.34000015258789,19.350000381469727,19.0,19.049999237060547,191000
2016-03-14,9.372964859008789,19.31999969482422,19.3799991607666,19.059999465942383,19.290000915527344,158800
2016-03-15,9.387518882751465,19.350000381469727,19.3700008392334,19.200000762939453,19.280000686645508,110400
2016-03-16,9.533063888549805,19.649999618530273,19.649999618530273,19.280000686645508,19.309999465942383,130600
2016-03-17,9.678606033325195,19.950000762939453,20.040000915527344,19.600000381469727,19.639999389648438,279900
2016-03-18,9.678610801696777,19.549999237060547,19.670000076293945,19.510000228881836,19.6200008392334,125400
2016-03-21,9.614249229431152,19.420000076293945,19.559999465942383,19.399999618530273,19.559999465942383,127600
2016-03-22,9.624147415161133,19.440000534057617,19.489999771118164,19.31999969482422,19.3700008392334,101900
2016-03-23,9.65385627746582,19.5,19.5,19.329999923706055,19.420000076293945,178700
2016-03-24,9.648903846740723,19.489999771118164,19.489999771118164,19.299999237060547,19.459999084472656,132000
2016-03-28,9.638998985290527,19.469999313354492,19.59000015258789,19.3799991607666,19.520000457763672,129800
2016-03-29,9.742965698242188,19.68000030517578,19.700000762939453,19.360000610351562,19.3799991607666,119000
2016-03-30,9.713258743286133,19.6200008392334,19.850000381469727,19.549999237060547,19.81999969482422,316100
2016-03-31,9.807319641113281,19.809999465942383,20.049999237060547,19.510000228881836,19.56999969482422,347800
2016-04-01,9.866729736328125,19.93000030517578,19.969999313354492,19.559999465942383,19.690000534057617,215500
2016-04-04,9.678610801696777,19.549999237060547,19.969999313354492,19.510000228881836,19.969999313354492,158500
2016-04-05,9.515233039855957,19.219999313354492,19.450000762939453,19.190000534057617,19.3700008392334,115200
2016-04-06,9.510283470153809,19.209999084472656,19.309999465942383,19.100000381469727,19.18000030517578,147600
2016-04-07,9.515233039855957,19.219999313354492,19.290000915527344,19.010000228881836,19.079999923706055,167100
2016-04-08,9.589498519897461,19.3700008392334,19.549999237060547,19.360000610351562,19.3799991607666,131300
2016-04-11,9.673653602600098,19.540000915527344,19.639999389648438,19.399999618530273,19.399999618530273,142300
2016-04-12,9.841980934143066,19.8799991607666,19.920000076293945,19.530000686645508,19.530000686645508,132600
2016-04-13,9.871683120727539,19.940000534057617,19.940000534057617,19.84000015258789,19.940000534057617,120600
2016-04-14,9.772672653198242,19.739999771118164,20.0,19.670000076293945,19.899999618530273,116400
2016-04-15,9.846929550170898,19.889999389648438,19.93000030517578,19.6299991607666,19.6299991607666,121500
2016-04-18,9.881585121154785,19.959999084472656,20.09000015258789,19.829999923706055,19.8799991607666,155100
2016-04-19,9.926142692565918,20.049999237060547,20.079999923706055,19.979999542236328,19.989999771118164,100300
2016-04-20,9.871683120727539,19.940000534057617,20.100000381469727,19.90999984741211,20.059999465942383,130900
2016-04-21,9.772672653198242,19.739999771118164,19.899999618530273,19.65999984741211,19.899999618530273,160700
2016-04-22,9.797428131103516,19.790000915527344,19.8799991607666,19.719999313354492,19.719999313354492,129600
2016-04-25,9.832077026367188,19.860000610351562,19.959999084472656,19.770000457763672,19.899999618530273,257500
2016-04-26,9.866729736328125,19.93000030517578,19.93000030517578,19.780000686645508,19.860000610351562,220400
2016-04-27,9.94594955444336,20.09000015258789,20.149999618530273,19.809999465942383,19.8700008392334,154600
2016-04-28,9.975646018981934,20.149999618530273,20.25,20.0,20.049999237060547,127200
2016-04-29,10.000398635864258,20.200000762939453,20.329999923706055,20.100000381469727,20.149999618530273,176000
2016-05-02,10.049909591674805,20.299999237060547,20.329999923706055,20.15999984741211,20.260000228881836,153700
2016-05-03,9.901384353637695,20.0,20.270000457763672,19.950000762939453,20.1299991607666,242300
2016-05-04,9.955843925476074,20.110000610351562,20.110000610351562,19.84000015258789,19.84000015258789,157700
2016-05-05,9.980600357055664,20.15999984741211,20.219999313354492,20.0,20.170000076293945,132400
2016-05-06,10.104365348815918,20.40999984741211,20.40999984741211,19.920000076293945,20.100000381469727,282300
2016-05-09,9.960798263549805,20.1200008392334,20.389999389648438,20.09000015258789,20.389999389648438,194700
2016-05-10,10.020204544067383,20.239999771118164,20.329999923706055,20.1200008392334,20.1200008392334,147300
2016-05-11,9.990499496459961,20.18000030517578,20.25,20.1200008392334,20.200000762939453,154300
2016-05-12,9.980600357055664,20.15999984741211,20.290000915527344,20.139999389648438,20.290000915527344,103000
2016-05-13,9.940997123718262,20.079999923706055,20.18000030517578,20.049999237060547,20.15999984741211,77700
2016-05-16,9.891483306884766,19.979999542236328,20.15999984741211,19.979999542236328,20.059999465942383,147800
2016-05-17,9.846929550170898,19.889999389648438,20.030000686645508,19.829999923706055,19.979999542236328,190300
2016-05-18,9.752869606018066,19.700000762939453,19.90999984741211,19.6299991607666,19.8799991607666,176400
2016-05-19,9.757819175720215,19.709999084472656,19.719999313354492,19.549999237060547,19.6299991607666,170200
2016-05-20,9.747918128967285,19.690000534057617,19.739999771118164,19.59000015258789,19.719999313354492,143100
2016-05-23,9.742965698242188,19.68000030517578,19.84000015258789,19.68000030517578,19.739999771118164,96100
2016-05-24,9.841980934143066,19.8799991607666,19.93000030517578,19.709999084472656,19.739999771118164,173100
2016-05-25,9.866729736328125,19.93000030517578,19.969999313354492,19.850000381469727,19.969999313354492,152600
2016-05-26,9.975646018981934,20.149999618530273,20.149999618530273,19.920000076293945,19.959999084472656,145100
2016-05-27,9.936036109924316,20.06999969482422,20.110000610351562,20.030000686645508,20.100000381469727,125600
2016-05-31,9.990499496459961,20.18000030517578,20.219999313354492,20.100000381469727,20.149999618530273,103300
2016-06-01,10.020204544067383,20.239999771118164,20.239999771118164,20.110000610351562,20.1299991607666,127800
2016-06-02,10.074660301208496,20.350000381469727,20.360000610351562,20.100000381469727,20.260000228881836,136500
2016-06-03,10.139023780822754,20.479999542236328,20.479999542236328,20.399999618530273,20.40999984741211,219400
2016-06-06,10.262789726257324,20.729999542236328,20.739999771118164,20.540000915527344,20.559999465942383,260000
2016-06-07,10.426158905029297,21.059999465942383,21.09000015258789,20.75,20.75,203600
2016-06-08,10.535080909729004,21.280000686645508,21.34000015258789,21.110000610351562,21.149999618530273,187900
2016-06-09,10.49547290802002,21.200000762939453,21.239999771118164,21.09000015258789,21.200000762939453,125400
2016-06-10,10.351899147033691,20.90999984741211,21.110000610351562,20.829999923706055,21.030000686645508,148500
2016-06-13,10.158822059631348,20.520000457763672,20.81999969482422,20.5,20.770000457763672,158400
2016-06-14,10.257835388183594,20.719999313354492,20.75,20.399999618530273,20.5,103900
2016-06-15,10.208335876464844,20.6200008392334,20.770000457763672,20.469999313354492,20.709999084472656,196400
2016-06-16,10.267735481262207,20.739999771118164,20.75,20.459999084472656,20.540000915527344,155000
2016-06-17,10.33704948425293,20.8799991607666,20.93000030517578,20.75,20.81999969482422,112500
2016-06-20,10.437995910644531,20.68000030517578,20.770000457763672,20.579999923706055,20.729999542236328,112000
2016-06-21,10.448090553283691,20.700000762939453,20.760000228881836,20.65999984741211,20.719999313354492,112600
2016-06-22,10.443044662475586,20.690000534057617,20.75,20.649999618530273,20.739999771118164,107200
2016-06-23,10.49351978302002,20.790000915527344,20.850000381469727,20.75,20.75,131000
2016-06-24,10.367331504821777,20.540000915527344,20.719999313354492,20.170000076293945,20.170000076293945,319400
2016-06-27,10.180578231811523,20.170000076293945,20.489999771118164,20.0,20.489999771118164,342200
2016-06-28,10.301715850830078,20.40999984741211,20.479999542236328,20.260000228881836,20.3799991607666,169700
2016-06-29,10.569229125976562,20.940000534057617,20.940000534057617,20.489999771118164,20.559999465942383,200700
2016-06-30,10.811498641967773,21.420000076293945,21.479999542236328,20.940000534057617,21.06999969482422,356900
2016-07-01,10.957877159118652,21.709999084472656,21.739999771118164,21.350000381469727,21.420000076293945,323200
2016-07-05,10.655035972595215,21.110000610351562,21.649999618530273,21.0,21.559999465942383,347600
2016-07-06,10.735790252685547,21.270000457763672,21.3799991607666,21.020000457763672,21.020000457763672,153300
2016-07-07,10.655035972595215,21.110000610351562,21.3700008392334,20.989999771118164,21.260000228881836,170300
2016-07-08,10.690362930297852,21.18000030517578,21.309999465942383,21.139999389648438,21.170000076293945,187100
2016-07-11,10.740840911865234,21.280000686645508,21.389999389648438,21.15999984741211,21.18000030517578,219800
2016-07-12,10.72065258026123,21.239999771118164,21.450000762939453,21.219999313354492,21.3799991607666,182600
2016-07-13,10.725702285766602,21.25,21.31999969482422,21.219999313354492,21.25,165900
2016-07-14,10.816546440124512,21.43000030517578,21.450000762939453,21.290000915527344,21.360000610351562,160300
2016-07-15,10.715599060058594,21.229999542236328,21.40999984741211,21.229999542236328,21.360000610351562,144800
2016-07-18,10.745894432067871,21.290000915527344,21.5,21.260000228881836,21.299999237060547,172000
2016-07-19,10.725702285766602,21.25,21.3700008392334,21.219999313354492,21.309999465942383,138400
2016-07-20,10.841791152954102,21.479999542236328,21.489999771118164,21.299999237060547,21.3700008392334,123700
2016-07-21,10.796360969543457,21.389999389648438,21.479999542236328,21.350000381469727,21.479999542236328,159300
2016-07-22,10.861976623535156,21.520000457763672,21.520000457763672,21.399999618530273,21.399999618530273,99500
2016-07-25,10.877119064331055,21.549999237060547,21.6200008392334,21.459999084472656,21.520000457763672,143600
2016-07-26,10.851879119873047,21.5,21.59000015258789,21.450000762939453,21.56999969482422,154900
2016-07-27,10.821601867675781,21.440000534057617,21.579999923706055,21.290000915527344,21.579999923706055,190700
2016-07-28,10.87206745147705,21.540000915527344,21.559999465942383,21.399999618530273,21.43000030517578,142500
2016-07-29,10.907403945922852,21.610000610351562,21.649999618530273,21.530000686645508,21.579999923706055,93700
2016-08-01,10.80645751953125,21.40999984741211,21.610000610351562,21.40999984741211,21.600000381469727,205800
2016-08-02,10.715599060058594,21.229999542236328,21.459999084472656,21.190000534057617,21.43000030517578,191100
2016-08-03,10.796360969543457,21.389999389648438,21.40999984741211,21.1200008392334,21.239999771118164,175500
2016-08-04,10.836740493774414,21.469999313354492,21.479999542236328,21.31999969482422,21.3799991607666,121600
2016-08-05,10.715599060058594,21.229999542236328,21.459999084472656,21.170000076293945,21.450000762939453,164500
2016-08-08,10.715599060058594,21.229999542236328,21.3700008392334,21.15999984741211,21.260000228881836,138000
2016-08-09,10.745894432067871,21.290000915527344,21.309999465942383,21.149999618530273,21.18000030517578,113300
2016-08-10,10.755979537963867,21.309999465942383,21.3700008392334,21.219999313354492,21.299999237060547,103600
2016-08-11,10.821601867675781,21.440000534057617,21.459999084472656,21.299999237060547,21.3799991607666,118700
2016-08-12,10.856928825378418,21.510000228881836,21.540000915527344,21.329999923706055,21.479999542236328,122600
2016-08-15,10.861976623535156,21.520000457763672,21.6299991607666,21.450000762939453,21.6299991607666,261700
2016-08-16,10.77112102508545,21.34000015258789,21.489999771118164,21.290000915527344,21.450000762939453,234300
2016-08-17,10.836740493774414,21.469999313354492,21.489999771118164,21.170000076293945,21.360000610351562,374900
2016-08-18,10.902356147766113,21.600000381469727,21.610000610351562,21.43000030517578,21.43000030517578,152500
2016-08-19,10.87206745147705,21.540000915527344,21.579999923706055,21.43000030517578,21.579999923706055,104400
2016-08-22,10.907403945922852,21.610000610351562,21.610000610351562,21.469999313354492,21.510000228881836,112500
2016-08-23,10.927594184875488,21.649999618530273,21.719999313354492,21.600000381469727,21.610000610351562,208200
2016-08-24,10.932640075683594,21.65999984741211,21.709999084472656,21.479999542236328,21.709999084472656,134000
2016-08-25,10.917500495910645,21.6299991607666,21.700000762939453,21.56999969482422,21.600000381469727,74400
2016-08-26,10.89731216430664,21.59000015258789,21.760000228881836,21.43000030517578,21.670000076293945,128800
2016-08-29,10.89731216430664,21.59000015258789,21.690000534057617,21.43000030517578,21.530000686645508,176200
2016-08-30,10.831690788269043,21.459999084472656,21.670000076293945,21.450000762939453,21.600000381469727,106200
2016-08-31,10.77112102508545,21.34000015258789,21.459999084472656,21.309999465942383,21.450000762939453,116200
2016-09-01,10.695416450500488,21.190000534057617,21.450000762939453,21.15999984741211,21.389999389648438,183500
2016-09-02,10.84683609008789,21.489999771118164,21.5,21.280000686645508,21.280000686645508,115900
2016-09-06,10.973016738891602,21.739999771118164,21.75,21.530000686645508,21.59000015258789,80900
2016-09-07,11.013398170471191,21.81999969482422,21.829999923706055,21.670000076293945,21.760000228881836,145800
2016-09-08,11.174911499023438,22.139999389648438,22.139999389648438,21.75,21.75,151900
2016-09-09,10.851879119873047,21.5,21.959999084472656,21.450000762939453,21.959999084472656,176700
2016-09-12,10.821601867675781,21.440000534057617,21.459999084472656,21.15999984741211,21.360000610351562,151400
2016-09-13,10.665125846862793,21.1299991607666,21.31999969482422,21.059999465942383,21.31999969482422,141800
2016-09-14,10.644940376281738,21.09000015258789,21.229999542236328,21.059999465942383,21.100000381469727,99600
2016-09-15,10.665125846862793,21.1299991607666,21.149999618530273,21.059999465942383,21.059999465942383,92900
2016-09-16,10.740840911865234,21.280000686645508,21.34000015258789,21.149999618530273,21.200000762939453,205200
2016-09-19,10.745894432067871,21.290000915527344,21.450000762939453,21.260000228881836,21.3799991607666,158200
2016-09-20,10.771604537963867,20.940000534057617,21.1200008392334,20.93000030517578,21.079999923706055,134300
2016-09-21,10.81789779663086,21.030000686645508,21.059999465942383,20.729999542236328,20.899999618530273,250000
2016-09-22,10.910502433776855,21.209999084472656,21.360000610351562,21.170000076293945,21.209999084472656,269500
2016-09-23,10.828190803527832,21.049999237060547,21.280000686645508,21.049999237060547,21.18000030517578,237000
2016-09-26,10.802470207214355,21.0,21.1200008392334,20.959999084472656,21.030000686645508,181900
2016-09-27,10.920778274536133,21.229999542236328,21.299999237060547,21.059999465942383,21.059999465942383,229000
2016-09-28,10.931076049804688,21.25,21.350000381469727,21.030000686645508,21.239999771118164,142000
2016-09-29,10.987658500671387,21.360000610351562,21.3700008392334,21.020000457763672,21.25,248700
2016-09-30,11.080245018005371,21.540000915527344,21.600000381469727,21.239999771118164,21.270000457763672,314200
2016-10-03,11.126540184020996,21.6299991607666,21.639999389648438,21.299999237060547,21.450000762939453,281700
2016-10-04,10.977367401123047,21.34000015258789,21.6200008392334,21.170000076293945,21.6200008392334,188600
2016-10-05,10.75617504119873,20.90999984741211,21.239999771118164,20.780000686645508,21.209999084472656,338800
2016-10-06,10.75617504119873,20.90999984741211,20.950000762939453,20.780000686645508,20.850000381469727,155400
2016-10-07,10.637861251831055,20.68000030517578,21.0,20.649999618530273,20.90999984741211,216000
2016-10-10,10.668726921081543,20.739999771118164,20.770000457763672,20.649999618530273,20.649999618530273,134900
2016-10-11,10.601852416992188,20.610000610351562,20.739999771118164,20.510000228881836,20.68000030517578,174000
2016-10-12,10.643010139465332,20.690000534057617,20.719999313354492,20.59000015258789,20.6299991607666,125600
2016-10-13,10.601852416992188,20.610000610351562,20.6200008392334,20.510000228881836,20.59000015258789,205900
2016-10-14,10.586423873901367,20.579999923706055,20.65999984741211,20.510000228881836,20.59000015258789,225500
2016-10-17,10.565849304199219,20.540000915527344,20.639999389648438,20.5,20.579999923706055,116800
2016-10-18,10.567919731140137,20.40999984741211,20.700000762939453,20.40999984741211,20.520000457763672,130600
2016-10-19,10.70253849029541,20.670000076293945,20.670000076293945,20.440000534057617,20.5,103700
2016-10-20,10.687003135681152,20.639999389648438,20.670000076293945,20.540000915527344,20.600000381469727,102700
2016-10-21,10.655940055847168,20.579999923706055,20.610000610351562,20.5,20.56999969482422,101700
2016-10-24,10.692187309265137,20.649999618530273,20.700000762939453,20.549999237060547,20.670000076293945,97300
2016-10-25,10.70253849029541,20.670000076293945,20.709999084472656,20.610000610351562,20.6299991607666,85100
2016-10-26,10.728433609008789,20.719999313354492,20.770000457763672,20.549999237060547,20.6200008392334,134900
2016-10-27,10.718070983886719,20.700000762939453,20.719999313354492,20.59000015258789,20.719999313354492,104200
2016-10-28,10.609341621398926,20.489999771118164,20.670000076293945,20.399999618530273,20.600000381469727,103400
2016-10-31,10.718070983886719,20.700000762939453,20.700000762939453,20.5,20.520000457763672,144900
2016-11-01,10.609341621398926,20.489999771118164,20.690000534057617,20.399999618530273,20.690000534057617,172300
2016-11-02,10.127803802490234,19.559999465942383,20.450000762939453,19.530000686645508,20.389999389648438,407300
2016-11-03,10.050135612487793,19.40999984741211,19.549999237060547,19.31999969482422,19.520000457763672,234800
2016-11-04,10.044960021972656,19.399999618530273,19.520000457763672,19.350000381469727,19.389999389648438,164800
2016-11-07,10.127803802490234,19.559999465942383,19.59000015258789,19.450000762939453,19.510000228881836,313100
2016-11-08,10.169219017028809,19.639999389648438,19.739999771118164,19.5,19.5,165800
2016-11-09,10.557558059692383,20.389999389648438,20.459999084472656,19.3700008392334,19.530000686645508,790400
2016-11-10,10.4074068069458,20.100000381469727,20.280000686645508,19.90999984741211,20.25,441600
2016-11-11,10.195110321044922,19.690000534057617,19.940000534057617,19.5,19.93000030517578,415500
2016-11-14,9.925871849060059,19.170000076293945,19.649999618530273,19.100000381469727,19.649999618530273,352000
2016-11-15,10.143332481384277,19.59000015258789,19.600000381469727,19.209999084472656,19.209999084472656,269200
2016-11-16,10.218412399291992,19.600000381469727,19.610000610351562,19.350000381469727,19.540000915527344,152900
2016-11-17,10.301827430725098,19.760000228881836,19.799999237060547,19.600000381469727,19.639999389648438,200800
2016-11-18,10.234048843383789,19.6299991607666,19.799999237060547,19.600000381469727,19.719999313354492,226000
2016-11-21,10.254903793334961,19.670000076293945,19.739999771118164,19.56999969482422,19.739999771118164,245200
2016-11-22,10.333104133605957,19.81999969482422,19.850000381469727,19.75,19.760000228881836,185300
2016-11-23,10.171486854553223,19.510000228881836,19.809999465942383,19.5,19.709999084472656,282100
2016-11-25,10.33831787109375,19.829999923706055,19.829999923706055,19.6299991607666,19.6299991607666,177200
2016-11-28,10.286184310913086,19.729999542236328,19.920000076293945,19.729999542236328,19.8700008392334,225100
2016-11-29,10.33831787109375,19.829999923706055,19.829999923706055,19.709999084472656,19.739999771118164,199400
2016-11-30,10.26533317565918,19.690000534057617,19.8799991607666,19.670000076293945,19.770000457763672,326200
2016-12-01,10.307042121887207,19.770000457763672,19.799999237060547,19.6200008392334,19.68000030517578,258300
2016-12-02,10.301827430725098,19.760000228881836,19.799999237060547,19.700000762939453,19.760000228881836,202700
2016-12-05,10.333104133605957,19.81999969482422,19.84000015258789,19.760000228881836,19.809999465942383,224200
2016-12-06,10.322680473327637,19.799999237060547,19.8700008392334,19.790000915527344,19.84000015258789,174100
2016-12-07,10.348750114440918,19.850000381469727,19.90999984741211,19.809999465942383,19.860000610351562,262900
2016-12-08,10.353960990905762,19.860000610351562,19.959999084472656,19.799999237060547,19.81999969482422,303800
2016-12-09,10.272078514099121,19.56999969482422,19.920000076293945,19.549999237060547,19.8700008392334,307900
2016-12-12,10.31407356262207,19.649999618530273,19.790000915527344,19.56999969482422,19.56999969482422,208700
2016-12-13,10.51352596282959,20.030000686645508,20.049999237060547,19.700000762939453,19.75,319000
2016-12-14,10.524023056030273,20.049999237060547,20.110000610351562,19.90999984741211,20.010000228881836,283900
2016-12-15,10.413798332214355,19.84000015258789,20.030000686645508,19.81999969482422,20.010000228881836,317400
2016-12-16,10.387554168701172,19.790000915527344,19.920000076293945,19.719999313354492,19.920000076293945,242300
2016-12-19,10.392804145812988,19.799999237060547,19.850000381469727,19.770000457763672,19.850000381469727,261900
2016-12-20,10.392804145812988,19.799999237060547,19.850000381469727,19.760000228881836,19.799999237060547,293500
2016-12-21,10.419044494628906,19.850000381469727,19.93000030517578,19.790000915527344,19.790000915527344,299500
2016-12-22,10.387554168701172,19.790000915527344,19.920000076293945,19.780000686645508,19.920000076293945,379500
2016-12-23,10.403302192687988,19.81999969482422,19.920000076293945,19.700000762939453,19.860000610351562,324200
2016-12-27,10.403302192687988,19.81999969482422,19.940000534057617,19.770000457763672,19.84000015258789,288400
2016-12-28,10.377542495727539,19.34000015258789,19.459999084472656,19.290000915527344,19.389999389648438,208600
2016-12-29,10.39364242553711,19.3700008392334,19.440000534057617,19.309999465942383,19.309999465942383,256600
2016-12-30,10.388279914855957,19.360000610351562,19.579999923706055,19.34000015258789,19.530000686645508,306700
2017-01-03,10.409737586975098,19.399999618530273,19.479999542236328,19.360000610351562,19.389999389648438,385700
2017-01-04,10.41510009765625,19.40999984741211,19.479999542236328,19.389999389648438,19.399999618530273,421400
2017-01-05,10.554615020751953,19.670000076293945,19.670000076293945,19.420000076293945,19.469999313354492,417700
2017-01-06,10.613638877868652,19.780000686645508,19.850000381469727,19.6200008392334,19.6200008392334,495500
2017-01-09,10.640469551086426,19.829999923706055,19.899999618530273,19.75,19.809999465942383,268300
2017-01-10,10.672666549682617,19.889999389648438,19.90999984741211,19.770000457763672,19.860000610351562,274000
2017-01-11,10.747784614562988,20.030000686645508,20.049999237060547,19.809999465942383,19.889999389648438,311300
2017-01-12,10.737055778503418,20.010000228881836,20.040000915527344,19.860000610351562,20.030000686645508,381000
2017-01-13,10.753151893615723,20.040000915527344,20.049999237060547,19.920000076293945,20.010000228881836,335200
2017-01-17,10.879563331604004,20.139999389648438,20.15999984741211,20.040000915527344,20.049999237060547,361700
2017-01-18,10.922771453857422,20.219999313354492,20.219999313354492,20.059999465942383,20.15999984741211,359800
2017-01-19,10.857955932617188,20.100000381469727,20.190000534057617,20.020000457763672,20.149999618530273,247500
2017-01-20,10.906575202941895,20.190000534057617,20.219999313354492,20.110000610351562,20.170000076293945,262400
2017-01-23,10.938982009887695,20.25,20.280000686645508,20.200000762939453,20.239999771118164,181800
2017-01-24,11.009211540222168,20.3799991607666,20.399999618530273,20.229999542236328,20.25,269100
2017-01-25,11.101042747497559,20.549999237060547,20.549999237060547,20.389999389648438,20.420000076293945,289700
2017-01-26,11.13885498046875,20.6200008392334,20.6200008392334,20.5,20.559999465942383,285300
2017-01-27,11.101042747497559,20.549999237060547,20.65999984741211,20.530000686645508,20.65999984741211,173900
2017-01-30,11.052421569824219,20.459999084472656,20.540000915527344,20.420000076293945,20.5,209300
2017-01-31,11.106440544128418,20.559999465942383,20.559999465942383,20.450000762939453,20.479999542236328,270600
2017-02-01,11.07403564453125,20.5,20.600000381469727,20.450000762939453,20.600000381469727,237800
2017-02-02,11.095638275146484,20.540000915527344,20.549999237060547,20.40999984741211,20.450000762939453,201700
2017-02-03,11.165863990783691,20.670000076293945,20.690000534057617,20.56999969482422,20.600000381469727,299700
2017-02-06,11.160457611083984,20.65999984741211,20.670000076293945,20.56999969482422,20.639999389648438,186600
2017-02-07,11.14965534210205,20.639999389648438,20.670000076293945,20.600000381469727,20.6299991607666,135900
2017-02-08,11.187466621398926,20.709999084472656,20.709999084472656,20.639999389648438,20.649999618530273,288400
2017-02-09,11.257697105407715,20.84000015258789,20.8799991607666,20.709999084472656,20.770000457763672,234900
2017-02-10,11.27390193939209,20.8700008392334,20.90999984741211,20.829999923706055,20.850000381469727,159800
2017-02-13,11.31171703338623,20.940000534057617,20.950000762939453,20.850000381469727,20.8700008392334,245500
2017-02-14,11.34107494354248,20.860000610351562,20.8700008392334,20.68000030517578,20.799999237060547,270000
2017-02-15,11.292142868041992,20.770000457763672,20.799999237060547,20.700000762939453,20.799999237060547,313800
2017-02-16,11.281269073486328,20.75,20.81999969482422,20.6299991607666,20.739999771118164,211100
2017-02-17,11.22690486907959,20.649999618530273,20.719999313354492,20.6299991607666,20.700000762939453,167500
2017-02-21,11.292142868041992,20.770000457763672,20.809999465942383,20.649999618530273,20.649999618530273,200800
2017-02-22,11.313889503479004,20.809999465942383,20.809999465942383,20.719999313354492,20.719999313354492,149600
2017-02-23,11.384570121765137,20.940000534057617,20.950000762939453,20.81999969482422,20.8799991607666,269600
2017-02-24,11.335640907287598,20.850000381469727,20.920000076293945,20.780000686645508,20.81999969482422,156900
2017-02-27,11.384570121765137,20.940000534057617,20.940000534057617,20.829999923706055,20.850000381469727,203600
2017-02-28,11.444375038146973,21.049999237060547,21.049999237060547,20.8799991607666,20.969999313354492,207800
2017-03-01,11.563986778259277,21.270000457763672,21.280000686645508,21.030000686645508,21.110000610351562,276200
2017-03-02,11.41718578338623,21.0,21.290000915527344,21.0,21.18000030517578,154700
2017-03-03,11.542235374450684,21.229999542236328,21.239999771118164,20.889999389648438,21.0,140900
2017-03-06,11.444375038146973,21.049999237060547,21.170000076293945,21.010000228881836,21.170000076293945,181000
2017-03-07,11.400873184204102,20.969999313354492,21.1299991607666,20.950000762939453,20.989999771118164,191100
2017-03-08,11.357382774353027,20.889999389648438,21.059999465942383,20.889999389648438,20.979999542236328,256900
2017-03-09,11.259526252746582,20.709999084472656,20.84000015258789,20.610000610351562,20.829999923706055,221100
2017-03-10,11.254084587097168,20.700000762939453,20.84000015258789,20.65999984741211,20.75,161900
2017-03-13,11.335640907287598,20.850000381469727,20.8799991607666,20.760000228881836,20.770000457763672,171300
2017-03-14,11.319328308105469,20.81999969482422,20.860000610351562,20.739999771118164,20.809999465942383,126000
2017-03-15,11.444375038146973,21.049999237060547,21.06999969482422,20.809999465942383,20.850000381469727,176800
2017-03-16,11.46611499786377,21.09000015258789,21.110000610351562,20.969999313354492,21.049999237060547,171300
2017-03-17,11.525925636291504,21.200000762939453,21.229999542236328,21.100000381469727,21.139999389648438,155200
2017-03-20,11.547675132751465,21.239999771118164,21.25,21.1200008392334,21.190000534057617,146600
2017-03-21,11.473258972167969,20.969999313354492,21.170000076293945,20.90999984741211,21.170000076293945,202700
2017-03-22,11.489670753479004,21.0,21.049999237060547,20.920000076293945,20.969999313354492,149600
2017-03-23,11.533446311950684,21.079999923706055,21.18000030517578,20.959999084472656,20.979999542236328,232200
2017-03-24,11.599101066589355,21.200000762939453,21.229999542236328,21.100000381469727,21.100000381469727,165000
2017-03-27,11.626459121704102,21.25,21.25,21.06999969482422,21.15999984741211,155200
2017-03-28,11.659286499023438,21.309999465942383,21.350000381469727,21.229999542236328,21.260000228881836,221400
2017-03-29,11.72493839263916,21.43000030517578,21.450000762939453,21.299999237060547,21.329999923706055,253200
2017-03-30,11.741351127624512,21.459999084472656,21.459999084472656,21.3700008392334,21.420000076293945,133200
2017-03-31,11.790592193603516,21.549999237060547,21.600000381469727,21.459999084472656,21.5,220300
2017-04-03,11.801539421081543,21.56999969482422,21.600000381469727,21.469999313354492,21.549999237060547,168800
2017-04-04,11.828896522521973,21.6200008392334,21.6299991607666,21.520000457763672,21.549999237060547,167700
2017-04-05,11.889080047607422,21.729999542236328,21.75,21.65999984741211,21.690000534057617,197300
2017-04-06,11.982096672058105,21.899999618530273,21.90999984741211,21.68000030517578,21.780000686645508,227000
2017-04-07,11.998501777648926,21.93000030517578,21.989999771118164,21.790000915527344,21.8799991607666,174500
2017-04-10,12.003972053527832,21.940000534057617,22.059999465942383,21.90999984741211,21.959999084472656,196200
2017-04-11,12.036805152893066,22.0,22.100000381469727,21.969999313354492,21.989999771118164,225400
2017-04-12,12.042279243469238,22.010000228881836,22.100000381469727,22.0,22.040000915527344,253600
2017-04-13,12.009443283081055,21.950000762939453,22.059999465942383,21.850000381469727,22.059999465942383,215800
2017-04-17,12.06416130065918,22.049999237060547,22.059999465942383,21.920000076293945,21.920000076293945,170800
2017-04-18,12.154434204101562,22.079999923706055,22.09000015258789,21.899999618530273,21.940000534057617,174300
2017-04-19,12.170953750610352,22.110000610351562,22.110000610351562,22.0,22.09000015258789,146600
2017-04-20,12.203977584838867,22.170000076293945,22.190000534057617,21.93000030517578,22.09000015258789,192600
2017-04-21,12.187467575073242,22.139999389648438,22.190000534057617,22.020000457763672,22.1299991607666,155100
2017-04-24,12.264528274536133,22.280000686645508,22.31999969482422,22.139999389648438,22.219999313354492,173600
2017-04-25,12.358114242553711,22.450000762939453,22.489999771118164,22.219999313354492,22.25,192400
2017-04-26,12.341595649719238,22.420000076293945,22.469999313354492,22.34000015258789,22.469999313354492,152900
2017-04-27,12.462698936462402,22.639999389648438,22.639999389648438,22.3799991607666,22.43000030517578,155900
2017-04-28,12.528762817382812,22.760000228881836,22.780000686645508,22.6200008392334,22.670000076293945,198300
2017-05-01,12.501237869262695,22.709999084472656,22.850000381469727,22.670000076293945,22.829999923706055,203600
2017-05-02,12.53976821899414,22.780000686645508,22.790000915527344,22.700000762939453,22.719999313354492,125000
2017-05-03,12.567289352416992,22.829999923706055,22.8700008392334,22.709999084472656,22.719999313354492,157600
2017-05-04,12.528762817382812,22.760000228881836,22.90999984741211,22.549999237060547,22.809999465942383,172600
2017-05-05,12.627842903137207,22.940000534057617,22.950000762939453,22.700000762939453,22.75,134200
2017-05-08,12.572795867919922,22.84000015258789,22.93000030517578,22.75,22.889999389648438,163500
2017-05-09,12.550780296325684,22.799999237060547,22.899999618530273,22.760000228881836,22.8700008392334,170300
2017-05-10,12.611331939697266,22.90999984741211,22.940000534057617,22.780000686645508,22.829999923706055,159500
2017-05-11,12.561781883239746,22.81999969482422,22.899999618530273,22.799999237060547,22.8799991607666,112600
2017-05-12,12.600327491760254,22.889999389648438,22.940000534057617,22.799999237060547,22.860000610351562,104500
2017-05-15,12.704912185668945,23.079999923706055,23.1299991607666,22.93000030517578,22.940000534057617,250800
2017-05-16,12.624074935913086,22.799999237060547,23.049999237060547,22.760000228881836,23.020000457763672,190900
2017-05-17,12.352763175964355,22.309999465942383,22.81999969482422,22.290000915527344,22.799999237060547,209600
2017-05-18,12.352763175964355,22.309999465942383,22.34000015258789,21.989999771118164,22.200000762939453,307900
2017-05-19,12.518875122070312,22.610000610351562,22.719999313354492,22.299999237060547,22.389999389648438,144100
2017-05-22,12.524406433105469,22.6200008392334,22.799999237060547,22.489999771118164,22.690000534057617,127600
2017-05-23,12.684981346130371,22.90999984741211,23.0,22.600000381469727,22.670000076293945,169300
2017-05-24,12.779105186462402,23.079999923706055,23.110000610351562,22.93000030517578,22.979999542236328,160100
2017-05-25,12.823400497436523,23.15999984741211,23.350000381469727,23.079999923706055,23.170000076293945,241300
2017-05-26,12.729267120361328,22.989999771118164,23.200000762939453,22.950000762939453,23.149999618530273,216900
2017-05-30,12.74034595489502,23.010000228881836,23.219999313354492,22.940000534057617,23.049999237060547,210300
2017-05-31,12.7957124710083,23.110000610351562,23.290000915527344,23.100000381469727,23.149999618530273,317700
2017-06-01,12.878764152526855,23.260000228881836,23.3700008392334,23.18000030517578,23.190000534057617,216300
2017-06-02,12.95628833770752,23.399999618530273,23.40999984741211,23.34000015258789,23.350000381469727,129500
2017-06-05,13.050414085388184,23.56999969482422,23.56999969482422,23.239999771118164,23.389999389648438,166400
2017-06-06,13.067015647888184,23.600000381469727,23.639999389648438,23.399999618530273,23.5,189600
2017-06-07,13.033803939819336,23.540000915527344,23.6299991607666,23.520000457763672,23.559999465942383,123100
2017-06-08,13.04487419128418,23.559999465942383,23.600000381469727,23.309999465942383,23.489999771118164,210300
2017-06-09,13.039335250854492,23.549999237060547,23.68000030517578,23.450000762939453,23.450000762939453,158600
2017-06-12,13.039335250854492,23.549999237060547,23.700000762939453,23.420000076293945,23.530000686645508,136400
2017-06-13,13.078096389770508,23.6200008392334,23.690000534057617,23.530000686645508,23.56999969482422,173800
2017-06-14,13.078096389770508,23.6200008392334,23.729999542236328,23.559999465942383,23.690000534057617,219400
2017-06-15,13.067015647888184,23.600000381469727,23.649999618530273,23.459999084472656,23.610000610351562,129200
2017-06-16,13.15007495880127,23.75,23.790000915527344,23.600000381469727,23.65999984741211,121400
2017-06-19,13.17776107788086,23.799999237060547,23.93000030517578,23.719999313354492,23.780000686645508,164500
2017-06-20,13.057485580444336,23.450000762939453,23.600000381469727,23.3799991607666,23.600000381469727,143000
2017-06-21,13.024077415466309,23.389999389648438,23.510000228881836,23.389999389648438,23.399999618530273,145300
2017-06-22,13.012941360473633,23.3700008392334,23.530000686645508,23.350000381469727,23.530000686645508,121200
2017-06-23,13.00737476348877,23.360000610351562,23.469999313354492,23.15999984741211,23.350000381469727,186200
2017-06-26,13.018508911132812,23.3799991607666,23.520000457763672,23.3700008392334,23.399999618530273,144000
2017-06-27,12.985102653503418,23.31999969482422,23.549999237060547,23.31999969482422,23.469999313354492,160800
2017-06-28,13.04635238647461,23.43000030517578,23.469999313354492,23.209999084472656,23.399999618530273,155600
2017-06-29,13.068618774414062,23.469999313354492,23.479999542236328,23.270000457763672,23.31999969482422,152300
2017-06-30,13.157709121704102,23.6299991607666,23.709999084472656,23.360000610351562,23.520000457763672,232200
2017-07-03,13.146578788757324,23.610000610351562,23.760000228881836,23.549999237060547,23.639999389648438,132700
2017-07-05,12.957253456115723,23.270000457763672,23.65999984741211,23.229999542236328,23.6299991607666,304000
2017-07-06,12.896007537841797,23.15999984741211,23.360000610351562,23.149999618530273,23.229999542236328,161000
2017-07-07,12.845897674560547,23.06999969482422,23.299999237060547,23.06999969482422,23.260000228881836,169600
2017-07-10,12.834757804870605,23.049999237060547,23.190000534057617,23.040000915527344,23.079999923706055,176800
2017-07-11,12.734528541564941,22.8700008392334,23.1200008392334,22.790000915527344,23.0,227100
2017-07-12,12.812482833862305,23.010000228881836,23.1299991607666,22.90999984741211,22.90999984741211,158300
2017-07-13,12.801342010498047,22.989999771118164,23.209999084472656,22.989999771118164,23.040000915527344,180500
2017-07-14,12.857032775878906,23.09000015258789,23.190000534057617,23.030000686645508,23.040000915527344,232200
2017-07-17,12.857032775878906,23.09000015258789,23.190000534057617,23.040000915527344,23.100000381469727,207900
2017-07-18,12.8648681640625,22.969999313354492,23.079999923706055,22.920000076293945,22.959999084472656,152200
2017-07-19,12.90407943725586,23.040000915527344,23.100000381469727,22.889999389648438,23.020000457763672,242700
2017-07-20,12.90407943725586,23.040000915527344,23.139999389648438,23.020000457763672,23.049999237060547,170900
2017-07-21,13.04969596862793,23.299999237060547,23.360000610351562,23.079999923706055,23.079999923706055,267900
2017-07-24,13.088898658752441,23.3700008392334,23.40999984741211,23.219999313354492,23.260000228881836,156400
2017-07-25,13.004888534545898,23.219999313354492,23.420000076293945,23.200000762939453,23.360000610351562,174500
2017-07-26,13.06089973449707,23.31999969482422,23.3799991607666,23.219999313354492,23.219999313354492,144200
2017-07-27,12.982487678527832,23.18000030517578,23.399999618530273,23.139999389648438,23.329999923706055,228400
2017-07-28,12.954482078552246,23.1299991607666,23.219999313354492,22.989999771118164,23.079999923706055,286100
2017-07-31,13.06089973449707,23.31999969482422,23.350000381469727,23.15999984741211,23.299999237060547,259800
2017-08-01,13.094498634338379,23.3799991607666,23.3799991607666,23.299999237060547,23.3700008392334,172200
2017-08-02,13.111305236816406,23.40999984741211,23.440000534057617,23.290000915527344,23.309999465942383,149700
2017-08-03,13.06089973449707,23.31999969482422,23.3799991607666,23.270000457763672,23.31999969482422,185700
2017-08-04,13.038494110107422,23.280000686645508,23.3700008392334,23.239999771118164,23.270000457763672,163100
2017-08-07,13.06089973449707,23.31999969482422,23.3700008392334,23.229999542236328,23.25,153700
2017-08-08,13.004888534545898,23.219999313354492,23.31999969482422,23.209999084472656,23.270000457763672,146200
2017-08-09,12.932083129882812,23.09000015258789,23.209999084472656,23.059999465942383,23.15999984741211,142300
2017-08-10,12.62964153289795,22.549999237060547,23.079999923706055,22.489999771118164,23.0,284900
2017-08-11,12.7024507522583,22.68000030517578,22.739999771118164,22.219999313354492,22.3700008392334,302300
2017-08-14,12.909679412841797,23.049999237060547,23.049999237060547,22.739999771118164,22.739999771118164,138400
2017-08-15,12.940093994140625,22.969999313354492,23.0,22.8700008392334,22.8799991607666,132400
2017-08-16,12.985167503356934,23.049999237060547,23.09000015258789,22.969999313354492,22.979999542236328,167400
2017-08-17,12.827427864074707,22.770000457763672,23.139999389648438,22.770000457763672,23.06999969482422,210200
2017-08-18,12.849959373474121,22.809999465942383,22.8700008392334,22.739999771118164,22.760000228881836,131600
2017-08-21,12.83869743347168,22.790000915527344,22.899999618530273,22.770000457763672,22.799999237060547,120200
2017-08-22,12.951356887817383,22.989999771118164,22.989999771118164,22.84000015258789,22.860000610351562,135800
2017-08-23,13.041500091552734,23.149999618530273,23.149999618530273,22.920000076293945,22.989999771118164,157300
2017-08-24,13.114734649658203,23.280000686645508,23.299999237060547,23.079999923706055,23.09000015258789,185300
2017-08-25,13.1372709274292,23.31999969482422,23.3700008392334,23.25,23.3700008392334,166500
2017-08-28,13.114734649658203,23.280000686645508,23.350000381469727,23.15999984741211,23.270000457763672,145700
2017-08-29,13.142903327941895,23.329999923706055,23.360000610351562,23.190000534057617,23.25,108700
2017-08-30,13.126001358032227,23.299999237060547,23.31999969482422,23.200000762939453,23.260000228881836,133400
2017-08-31,13.255574226379395,23.530000686645508,23.530000686645508,23.309999465942383,23.3799991607666,161400
2017-09-01,13.255574226379395,23.530000686645508,23.690000534057617,23.530000686645508,23.530000686645508,150700
2017-09-05,13.165433883666992,23.3700008392334,23.610000610351562,23.360000610351562,23.5,170200
2017-09-06,13.199241638183594,23.43000030517578,23.5,23.3799991607666,23.3799991607666,114000
2017-09-07,13.261205673217773,23.540000915527344,23.59000015258789,23.469999313354492,23.579999923706055,120600
2017-09-08,13.278109550476074,23.56999969482422,23.65999984741211,23.520000457763672,23.549999237060547,114000
2017-09-11,13.345705032348633,23.690000534057617,23.729999542236328,23.610000610351562,23.690000534057617,158100
2017-09-12,13.385143280029297,23.760000228881836,23.790000915527344,23.600000381469727,23.700000762939453,177000
2017-09-13,13.221770286560059,23.469999313354492,23.68000030517578,23.43000030517578,23.68000030517578,208900
2017-09-14,13.306278228759766,23.6200008392334,23.6299991607666,23.459999084472656,23.489999771118164,116600
2017-09-15,13.32880687713623,23.65999984741211,23.65999984741211,23.530000686645508,23.59000015258789,82500
2017-09-18,13.300641059875488,23.610000610351562,23.690000534057617,23.549999237060547,23.670000076293945,138000
2017-09-19,13.31989860534668,23.510000228881836,23.510000228881836,23.329999923706055,23.459999084472656,128300
2017-09-20,13.274581909179688,23.43000030517578,23.540000915527344,23.360000610351562,23.469999313354492,96400
2017-09-21,13.291569709777832,23.459999084472656,23.530000686645508,23.40999984741211,23.530000686645508,117800
2017-09-22,13.189592361450195,23.280000686645508,23.420000076293945,23.270000457763672,23.420000076293945,133700
2017-09-25,13.121600151062012,23.15999984741211,23.290000915527344,23.15999984741211,23.260000228881836,144700
2017-09-26,13.093276977539062,23.110000610351562,23.260000228881836,23.110000610351562,23.170000076293945,155300
2017-09-27,13.030957221984863,23.0,23.18000030517578,22.969999313354492,23.110000610351562,180800
2017-09-28,12.985629081726074,22.920000076293945,22.989999771118164,22.8799991607666,22.93000030517578,212300
2017-09-29,13.030957221984863,23.0,23.06999969482422,22.979999542236328,23.010000228881836,149700
2017-10-02,13.087611198425293,23.100000381469727,23.100000381469727,22.959999084472656,22.989999771118164,181000
2017-10-03,13.121600151062012,23.15999984741211,23.15999984741211,22.959999084472656,23.049999237060547,177400
2017-10-04,13.07061767578125,23.06999969482422,23.09000015258789,22.979999542236328,23.09000015258789,264900
2017-10-05,13.081950187683105,23.09000015258789,23.100000381469727,23.010000228881836,23.100000381469727,135400
2017-10-06,13.02528190612793,22.989999771118164,23.079999923706055,22.93000030517578,23.079999923706055,150100
2017-10-09,13.104608535766602,23.1299991607666,23.1299991607666,22.969999313354492,22.969999313354492,161800
2017-10-10,13.127272605895996,23.170000076293945,23.190000534057617,23.079999923706055,23.18000030517578,150600
2017-10-11,13.166934967041016,23.239999771118164,23.239999771118164,23.15999984741211,23.18000030517578,126000
2017-10-12,13.200923919677734,23.299999237060547,23.309999465942383,23.209999084472656,23.229999542236328,115800
2017-10-13,13.223587036132812,23.34000015258789,23.399999618530273,23.309999465942383,23.399999618530273,135800
2017-10-16,13.172600746154785,23.25,23.34000015258789,23.219999313354492,23.34000015258789,116000
2017-10-17,13.163480758666992,23.100000381469727,23.1200008392334,22.950000762939453,23.059999465942383,138000
2017-10-18,13.134988784790039,23.049999237060547,23.190000534057617,23.020000457763672,23.139999389648438,115800
2017-10-19,13.209067344665527,23.18000030517578,23.18000030517578,23.010000228881836,23.049999237060547,97500
2017-10-20,13.260353088378906,23.270000457763672,23.270000457763672,23.049999237060547,23.15999984741211,84500
2017-10-23,13.14068603515625,23.059999465942383,23.260000228881836,23.049999237060547,23.260000228881836,97100
2017-10-24,13.112192153930664,23.010000228881836,23.139999389648438,22.979999542236328,23.079999923706055,112200
2017-10-25,12.986824989318848,22.790000915527344,23.0,22.760000228881836,23.0,179800
2017-10-26,13.02100944519043,22.850000381469727,22.940000534057617,22.790000915527344,22.8700008392334,145000
2017-10-27,13.106494903564453,23.0,23.030000686645508,22.809999465942383,22.940000534057617,109500
2017-10-30,13.14068603515625,23.059999465942383,23.079999923706055,22.940000534057617,23.0,97400
2017-10-31,13.254658699035645,23.260000228881836,23.309999465942383,23.059999465942383,23.149999618530273,266500
2017-11-01,13.146381378173828,23.06999969482422,23.309999465942383,23.010000228881836,23.309999465942383,162700
2017-11-02,13.112192153930664,23.010000228881836,23.100000381469727,22.950000762939453,23.040000915527344,120200
2017-11-03,13.157783508300781,23.09000015258789,23.1299991607666,22.989999771118164,23.049999237060547,82000
2017-11-06,13.214768409729004,23.190000534057617,23.25,23.079999923706055,23.110000610351562,105200
2017-11-07,13.266050338745117,23.280000686645508,23.31999969482422,23.200000762939453,23.239999771118164,138600
2017-11-08,13.38571548461914,23.489999771118164,23.489999771118164,23.280000686645508,23.350000381469727,119900
2017-11-09,13.38571548461914,23.489999771118164,23.5,23.3700008392334,23.3799991607666,133500
2017-11-10,13.334433555603027,23.399999618530273,23.469999313354492,23.290000915527344,23.40999984741211,130100
2017-11-13,13.112192153930664,23.010000228881836,23.389999389648438,22.979999542236328,23.329999923706055,232800
2017-11-14,13.051433563232422,22.770000457763672,22.969999313354492,22.6299991607666,22.920000076293945,237200
2017-11-15,13.028508186340332,22.729999542236328,22.770000457763672,22.610000610351562,22.719999313354492,137200
2017-11-16,13.04570484161377,22.760000228881836,22.8700008392334,22.719999313354492,22.81999969482422,109800
2017-11-17,13.06863021850586,22.799999237060547,22.84000015258789,22.719999313354492,22.809999465942383,87900
2017-11-20,13.085823059082031,22.829999923706055,22.829999923706055,22.739999771118164,22.760000228881836,90200
2017-11-21,13.097283363342285,22.850000381469727,22.959999084472656,22.799999237060547,22.93000030517578,108400
2017-11-22,13.120223999023438,22.889999389648438,22.969999313354492,22.799999237060547,22.799999237060547,92100
2017-11-24,13.303633689880371,23.209999084472656,23.25,22.950000762939453,22.989999771118164,71500
2017-11-27,13.223390579223633,23.06999969482422,23.260000228881836,23.06999969482422,23.200000762939453,95400
2017-11-28,13.34949016571045,23.290000915527344,23.31999969482422,23.149999618530273,23.149999618530273,118300
2017-11-29,13.33230209350586,23.260000228881836,23.360000610351562,23.1299991607666,23.299999237060547,103600
2017-11-30,13.429736137390137,23.43000030517578,23.459999084472656,23.239999771118164,23.239999771118164,242100
2017-12-01,13.521450996398926,23.59000015258789,23.600000381469727,23.420000076293945,23.43000030517578,152300
2017-12-04,13.418274879455566,23.40999984741211,23.760000228881836,23.399999618530273,23.68000030517578,135100
2017-12-05,13.269244194030762,23.149999618530273,23.469999313354492,23.1299991607666,23.399999618530273,140700
2017-12-06,13.34376049041748,23.280000686645508,23.309999465942383,23.06999969482422,23.1299991607666,86800
2017-12-07,13.355220794677734,23.299999237060547,23.299999237060547,23.190000534057617,23.209999084472656,127200
2017-12-08,13.37814712524414,23.34000015258789,23.389999389648438,23.25,23.299999237060547,130800
2017-12-11,13.544366836547852,23.6299991607666,23.6299991607666,23.360000610351562,23.360000610351562,92900
2017-12-12,13.37814712524414,23.34000015258789,23.579999923706055,23.329999923706055,23.579999923706055,153000
2017-12-13,13.269244194030762,23.149999618530273,23.399999618530273,23.149999618530273,23.31999969482422,145400
2017-12-14,13.34376049041748,23.280000686645508,23.309999465942383,23.149999618530273,23.15999984741211,152000
2017-12-15,13.424009323120117,23.420000076293945,23.5,23.229999542236328,23.280000686645508,215000
2017-12-18,13.383878707885742,23.350000381469727,23.510000228881836,23.299999237060547,23.5,155500
2017-12-19,13.178646087646484,22.860000610351562,23.270000457763672,22.850000381469727,23.209999084472656,235000
2017-12-20,13.322772026062012,23.110000610351562,23.139999389648438,22.8799991607666,22.8799991607666,244200
2017-12-21,13.305481910705566,23.079999923706055,23.219999313354492,22.84000015258789,23.020000457763672,240200
2017-12-22,13.41501235961914,23.270000457763672,23.280000686645508,23.1299991607666,23.18000030517578,131200
2017-12-26,13.386187553405762,23.219999313354492,23.299999237060547,23.139999389648438,23.200000762939453,172700
2017-12-27,13.587965965270996,23.56999969482422,23.6299991607666,23.270000457763672,23.280000686645508,192500
2017-12-28,13.60537338256836,23.440000534057617,23.600000381469727,23.389999389648438,23.549999237060547,179300
2017-12-29,13.930413246154785,24.0,24.0,23.600000381469727,23.6200008392334,247000
2018-01-02,13.895589828491211,23.940000534057617,24.1200008392334,23.829999923706055,24.0,359200
2018-01-03,13.95943832397461,24.049999237060547,24.100000381469727,23.899999618530273,23.899999618530273,236600
2018-01-04,13.982648849487305,24.09000015258789,24.31999969482422,24.09000015258789,24.170000076293945,173100
2018-01-05,14.1103515625,24.309999465942383,24.3799991607666,24.18000030517578,24.190000534057617,196400
2018-01-08,14.214826583862305,24.489999771118164,24.549999237060547,24.299999237060547,24.299999237060547,205400
2018-01-09,14.214826583862305,24.489999771118164,24.610000610351562,24.459999084472656,24.549999237060547,211900
2018-01-10,14.081334114074707,24.260000228881836,24.489999771118164,24.200000762939453,24.40999984741211,321600
2018-01-11,14.162592887878418,24.399999618530273,24.5,24.270000457763672,24.290000915527344,217200
2018-01-12,14.058113098144531,24.219999313354492,24.3700008392334,24.209999084472656,24.3700008392334,184100
2018-01-16,13.94420051574707,23.8700008392334,24.190000534057617,23.8700008392334,24.06999969482422,265300
2018-01-17,13.83320426940918,23.68000030517578,23.989999771118164,23.68000030517578,23.959999084472656,329100
2018-01-18,13.710525512695312,23.469999313354492,23.719999313354492,23.469999313354492,23.719999313354492,282700
2018-01-19,13.453490257263184,23.030000686645508,23.559999465942383,23.0,23.469999313354492,372400
2018-01-22,13.488545417785645,23.09000015258789,23.190000534057617,22.889999389648438,23.190000534057617,444700
2018-01-23,13.587860107421875,23.260000228881836,23.3799991607666,23.0,23.079999923706055,310900
2018-01-24,13.535279273986816,23.170000076293945,23.389999389648438,23.15999984741211,23.31999969482422,332400
2018-01-25,13.60538101196289,23.290000915527344,23.420000076293945,23.239999771118164,23.290000915527344,286200
2018-01-26,13.593696594238281,23.270000457763672,23.43000030517578,23.239999771118164,23.360000610351562,266600
2018-01-29,13.47101879119873,23.059999465942383,23.309999465942383,23.040000915527344,23.260000228881836,378100
2018-01-30,13.441813468933105,23.010000228881836,23.110000610351562,22.989999771118164,23.010000228881836,390700
2018-01-31,13.430130004882812,22.989999771118164,23.260000228881836,22.850000381469727,23.229999542236328,415000
2018-02-01,13.371705055236816,22.889999389648438,23.059999465942383,22.809999465942383,22.969999313354492,314900
2018-02-02,13.295762062072754,22.760000228881836,22.81999969482422,22.6200008392334,22.81999969482422,484200
2018-02-05,12.659015655517578,21.670000076293945,22.700000762939453,21.309999465942383,22.65999984741211,750500
2018-02-06,12.775850296020508,21.8700008392334,21.940000534057617,21.0,21.40999984741211,632600
2018-02-07,12.898529052734375,22.079999923706055,22.440000534057617,21.90999984741211,21.920000076293945,468500
2018-02-08,12.58891487121582,21.549999237060547,22.190000534057617,21.540000915527344,22.190000534057617,462500
2018-02-09,12.466238975524902,21.34000015258789,21.799999237060547,21.020000457763672,21.700000762939453,504500
2018-02-12,12.746644020080566,21.81999969482422,21.860000610351562,21.299999237060547,21.469999313354492,472800
2018-02-13,12.808418273925781,21.770000457763672,21.780000686645508,21.360000610351562,21.719999313354492,420600
2018-02-14,12.784890174865723,21.729999542236328,21.770000457763672,21.530000686645508,21.65999984741211,332900
2018-02-15,13.014348983764648,22.1200008392334,22.139999389648438,21.770000457763672,21.770000457763672,207400
2018-02-16,13.067294120788574,22.209999084472656,22.34000015258789,22.100000381469727,22.1200008392334,242300
2018-02-20,12.914328575134277,21.950000762939453,22.260000228881836,21.899999618530273,22.219999313354492,287300
2018-02-21,12.731935501098633,21.639999389648438,22.1299991607666,21.6299991607666,22.010000228881836,269100
2018-02-22,12.637797355651855,21.479999542236328,21.860000610351562,21.450000762939453,21.75,388400
2018-02-23,12.861372947692871,21.860000610351562,21.8799991607666,21.530000686645508,21.530000686645508,292000
2018-02-26,12.979045867919922,22.059999465942383,22.15999984741211,21.940000534057617,22.0,286300
2018-02-27,12.796659469604492,21.75,22.1299991607666,21.65999984741211,22.1299991607666,363600
2018-02-28,12.649567604064941,21.5,21.850000381469727,21.450000762939453,21.84000015258789,429600
2018-03-01,12.508359909057617,21.260000228881836,21.670000076293945,21.18000030517578,21.510000228881836,365700
2018-03-02,12.584848403930664,21.389999389648438,21.40999984741211,21.09000015258789,21.149999618530273,270600
2018-03-05,12.526019096374512,21.290000915527344,21.40999984741211,21.219999313354492,21.31999969482422,295200
2018-03-06,12.81430435180664,21.780000686645508,21.780000686645508,21.290000915527344,21.43000030517578,290100
2018-03-07,12.514245986938477,21.270000457763672,21.59000015258789,21.209999084472656,21.559999465942383,353500
2018-03-08,12.520132064819336,21.280000686645508,21.40999984741211,21.25,21.290000915527344,278700
2018-03-09,12.720168113708496,21.6200008392334,21.670000076293945,21.31999969482422,21.40999984741211,288300
2018-03-12,12.784890174865723,21.729999542236328,21.920000076293945,21.719999313354492,21.75,275400
2018-03-13,12.731935501098633,21.639999389648438,21.920000076293945,21.610000610351562,21.850000381469727,206300
2018-03-14,12.861372947692871,21.860000610351562,21.8799991607666,21.670000076293945,21.799999237060547,245200
2018-03-15,12.673101425170898,21.540000915527344,21.899999618530273,21.329999923706055,21.809999465942383,325500
2018-03-16,12.678984642028809,21.549999237060547,21.690000534057617,21.510000228881836,21.610000610351562,230400
2018-03-19,12.57896614074707,21.3799991607666,21.56999969482422,21.270000457763672,21.549999237060547,296000
2018-03-20,12.52266788482666,21.1299991607666,21.329999923706055,21.06999969482422,21.25,347100
2018-03-21,12.623414039611816,21.299999237060547,21.329999923706055,21.18000030517578,21.190000534057617,195600
2018-03-22,12.534515380859375,21.149999618530273,21.290000915527344,21.110000610351562,21.25,258700
2018-03-23,12.404133796691895,20.93000030517578,21.290000915527344,20.8799991607666,21.200000762939453,307700
2018-03-26,12.469327926635742,21.040000915527344,21.190000534057617,20.899999618530273,21.190000534057617,225100
2018-03-27,12.52859115600586,21.139999389648438,21.290000915527344,21.020000457763672,21.030000686645508,237400
2018-03-28,12.605627059936523,21.270000457763672,21.309999465942383,21.030000686645508,21.030000686645508,224900
2018-03-29,12.688600540161133,21.40999984741211,21.469999313354492,21.270000457763672,21.399999618530273,204400
2018-04-02,12.6293363571167,21.309999465942383,21.43000030517578,21.209999084472656,21.420000076293945,284600
2018-04-03,12.741944313049316,21.5,21.559999465942383,21.25,21.389999389648438,261700
2018-04-04,12.6826810836792,21.399999618530273,21.43000030517578,21.200000762939453,21.280000686645508,276500
2018-04-05,12.736016273498535,21.489999771118164,21.5,21.25,21.440000534057617,210600
2018-04-06,12.599710464477539,21.260000228881836,21.56999969482422,21.200000762939453,21.479999542236328,270200
2018-04-09,12.712307929992676,21.450000762939453,21.75,21.329999923706055,21.329999923706055,224100
2018-04-10,12.848628044128418,21.68000030517578,21.75,21.559999465942383,21.610000610351562,292100
2018-04-11,12.747870445251465,21.510000228881836,21.739999771118164,21.459999084472656,21.639999389648438,274000
2018-04-12,12.771573066711426,21.549999237060547,21.639999389648438,21.440000534057617,21.639999389648438,145800
2018-04-13,12.789353370666504,21.579999923706055,21.6200008392334,21.440000534057617,21.6200008392334,212500
2018-04-16,12.860475540161133,21.700000762939453,21.799999237060547,21.639999389648438,21.700000762939453,193800
2018-04-17,13.030598640441895,21.829999923706055,21.84000015258789,21.6200008392334,21.700000762939453,200200
2018-04-18,13.078344345092773,21.90999984741211,21.989999771118164,21.850000381469727,21.850000381469727,155400
2018-04-19,12.952995300292969,21.700000762939453,21.860000610351562,21.6200008392334,21.809999465942383,123700
2018-04-20,12.905241966247559,21.6200008392334,21.780000686645508,21.579999923706055,21.700000762939453,182300
2018-04-23,12.875393867492676,21.56999969482422,21.690000534057617,21.5,21.649999618530273,153100
2018-04-24,12.845550537109375,21.520000457763672,21.729999542236328,21.489999771118164,21.670000076293945,172500
2018-04-25,12.809734344482422,21.459999084472656,21.59000015258789,21.3700008392334,21.56999969482422,153600
2018-04-26,12.988807678222656,21.760000228881836,21.770000457763672,21.510000228881836,21.59000015258789,160500
2018-04-27,13.10818862915039,21.959999084472656,22.010000228881836,21.760000228881836,21.790000915527344,239900
2018-04-30,13.084312438964844,21.920000076293945,22.09000015258789,21.920000076293945,21.959999084472656,212000
2018-05-01,13.09028434753418,21.93000030517578,22.0,21.84000015258789,21.90999984741211,220700
2018-05-02,13.173856735229492,22.06999969482422,22.139999389648438,21.940000534057617,22.010000228881836,192200
2018-05-03,13.078344345092773,21.90999984741211,22.139999389648438,21.90999984741211,22.1299991607666,146500
2018-05-04,13.233543395996094,22.170000076293945,22.200000762939453,21.81999969482422,21.899999618530273,148700
2018-05-07,13.287262916564941,22.260000228881836,22.360000610351562,22.149999618530273,22.15999984741211,236000
2018-05-08,13.269357681274414,22.229999542236328,22.31999969482422,22.100000381469727,22.25,242400
2018-05-09,13.14997386932373,22.030000686645508,22.229999542236328,22.030000686645508,22.209999084472656,254400
2018-05-10,13.311144828796387,22.299999237060547,22.309999465942383,22.09000015258789,22.110000610351562,124700
2018-05-11,13.287262916564941,22.260000228881836,22.43000030517578,22.25,22.309999465942383,166800
2018-05-14,13.340993881225586,22.350000381469727,22.479999542236328,22.290000915527344,22.360000610351562,172400
2018-05-15,13.446171760559082,22.3700008392334,22.389999389648438,22.049999237060547,22.219999313354492,320300
2018-05-16,13.307926177978516,22.139999389648438,22.3700008392334,22.1200008392334,22.360000610351562,184900
2018-05-17,13.20573902130127,21.969999313354492,22.170000076293945,21.93000030517578,22.1299991607666,215400
2018-05-18,13.091540336608887,21.780000686645508,22.040000915527344,21.6299991607666,22.040000915527344,284600
2018-05-21,13.145631790161133,21.8700008392334,21.959999084472656,21.790000915527344,21.90999984741211,211300
2018-05-22,13.223774909973145,22.0,22.059999465942383,21.8700008392334,21.90999984741211,123700
2018-05-23,13.259840965270996,22.059999465942383,22.100000381469727,21.959999084472656,22.0,127700
2018-05-24,13.235795021057129,22.020000457763672,22.110000610351562,21.959999084472656,22.110000610351562,141400
2018-05-25,13.193720817565918,21.950000762939453,22.06999969482422,21.809999465942383,22.030000686645508,292600
2018-05-29,13.253829002380371,22.049999237060547,22.139999389648438,21.90999984741211,22.0,225000
2018-05-30,13.446171760559082,22.3700008392334,22.3799991607666,22.030000686645508,22.030000686645508,184000
2018-05-31,13.464214324951172,22.399999618530273,22.440000534057617,22.270000457763672,22.43000030517578,206400
2018-06-01,13.48825454711914,22.440000534057617,22.479999542236328,22.34000015258789,22.479999542236328,207900
2018-06-04,13.542350769042969,22.530000686645508,22.56999969482422,22.43000030517578,22.469999313354492,197800
2018-06-05,13.59644603729248,22.6200008392334,22.68000030517578,22.5,22.530000686645508,351300
2018-06-06,13.656554222106934,22.719999313354492,22.739999771118164,22.530000686645508,22.68000030517578,319200
2018-06-07,13.590435028076172,22.610000610351562,22.729999542236328,22.600000381469727,22.700000762939453,349900
2018-06-08,13.494263648986816,22.450000762939453,22.649999618530273,22.43000030517578,22.6299991607666,315900
2018-06-11,13.704636573791504,22.799999237060547,22.809999465942383,22.530000686645508,22.540000915527344,228100
2018-06-12,13.752728462219238,22.8799991607666,22.8799991607666,22.760000228881836,22.829999923706055,234600
2018-06-13,13.656554222106934,22.719999313354492,22.93000030517578,22.65999984741211,22.93000030517578,225300
2018-06-14,13.662566184997559,22.729999542236328,22.84000015258789,22.670000076293945,22.690000534057617,206200
2018-06-15,13.692622184753418,22.780000686645508,22.780000686645508,22.6200008392334,22.729999542236328,200700
2018-06-18,13.77076530456543,22.90999984741211,22.979999542236328,22.700000762939453,22.739999771118164,235200
2018-06-19,13.676959037780762,22.600000381469727,22.729999542236328,22.540000915527344,22.600000381469727,146800
2018-06-20,13.622488975524902,22.510000228881836,22.719999313354492,22.479999542236328,22.719999313354492,327500
2018-06-21,13.549874305725098,22.389999389648438,22.59000015258789,22.329999923706055,22.510000228881836,215400
2018-06-22,13.60433578491211,22.479999542236328,22.56999969482422,22.440000534057617,22.549999237060547,254100
2018-06-25,13.561972618103027,22.40999984741211,22.510000228881836,22.350000381469727,22.459999084472656,143600
2018-06-26,13.616439819335938,22.5,22.56999969482422,22.440000534057617,22.510000228881836,147100
2018-06-27,13.59223747253418,22.459999084472656,22.649999618530273,22.40999984741211,22.530000686645508,151300
2018-06-28,13.598284721374512,22.469999313354492,22.59000015258789,22.329999923706055,22.450000762939453,241800
2018-06-29,13.73747444152832,22.700000762939453,22.760000228881836,22.540000915527344,22.56999969482422,236000
2018-07-02,13.767733573913574,22.75,22.860000610351562,22.549999237060547,22.579999923706055,180900
2018-07-03,13.779841423034668,22.770000457763672,22.940000534057617,22.770000457763672,22.790000915527344,110800
2018-07-05,13.81614875793457,22.829999923706055,22.940000534057617,22.75,22.799999237060547,150300
2018-07-06,13.937185287475586,23.030000686645508,23.100000381469727,22.799999237060547,22.799999237060547,161200
2018-07-09,13.96138858795166,23.06999969482422,23.190000534057617,23.059999465942383,23.15999984741211,256100
2018-07-10,13.943231582641602,23.040000915527344,23.110000610351562,22.969999313354492,23.079999923706055,159500
2018-07-11,13.949281692504883,23.049999237060547,23.100000381469727,22.959999084472656,23.0,114100
2018-07-12,13.985599517822266,23.110000610351562,23.170000076293945,23.0,23.15999984741211,165800
2018-07-13,13.985599517822266,23.110000610351562,23.18000030517578,23.030000686645508,23.110000610351562,120100
2018-07-16,14.04006576538086,23.200000762939453,23.280000686645508,23.110000610351562,23.149999618530273,163200
2018-07-17,14.06139087677002,23.079999923706055,23.149999618530273,22.989999771118164,22.989999771118164,128200
2018-07-18,14.030924797058105,23.030000686645508,23.09000015258789,23.0,23.06999969482422,103200
2018-07-19,14.037005424499512,23.040000915527344,23.200000762939453,22.989999771118164,23.0,143300
2018-07-20,14.085762977600098,23.1200008392334,23.200000762939453,23.059999465942383,23.170000076293945,171100
2018-07-23,14.15277099609375,23.229999542236328,23.229999542236328,23.1200008392334,23.1200008392334,178200
2018-07-24,14.15277099609375,23.229999542236328,23.290000915527344,23.170000076293945,23.290000915527344,241500
2018-07-25,14.104035377502441,23.149999618530273,23.350000381469727,23.09000015258789,23.290000915527344,299600
2018-07-26,13.994364738464355,22.969999313354492,23.209999084472656,22.940000534057617,23.209999084472656,382600
2018-07-27,14.104035377502441,23.149999618530273,23.149999618530273,23.040000915527344,23.06999969482422,127500
2018-07-30,14.14667797088623,23.219999313354492,23.229999542236328,23.06999969482422,23.170000076293945,150300
2018-07-31,14.268532752990723,23.420000076293945,23.459999084472656,23.239999771118164,23.299999237060547,233400
2018-08-01,14.305083274841309,23.479999542236328,23.489999771118164,23.190000534057617,23.3700008392334,235400
2018-08-02,14.231971740722656,23.360000610351562,23.43000030517578,23.290000915527344,23.43000030517578,122600
2018-08-03,14.14058780670166,23.209999084472656,23.360000610351562,23.110000610351562,23.360000610351562,329000
2018-08-06,14.225883483886719,23.350000381469727,23.3700008392334,23.229999542236328,23.229999542236328,135400
2018-08-07,14.335548400878906,23.530000686645508,23.530000686645508,23.350000381469727,23.420000076293945,124300
2018-08-08,14.213692665100098,23.329999923706055,23.56999969482422,23.290000915527344,23.56999969482422,239900
2018-08-09,14.20760726928711,23.31999969482422,23.3700008392334,23.260000228881836,23.270000457763672,149400
2018-08-10,14.171045303344727,23.260000228881836,23.34000015258789,23.200000762939453,23.299999237060547,102000
2018-08-13,14.15277099609375,23.229999542236328,23.3799991607666,23.200000762939453,23.31999969482422,109400
2018-08-14,14.19542121887207,23.299999237060547,23.329999923706055,23.219999313354492,23.290000915527344,129400
2018-08-15,14.171045303344727,23.260000228881836,23.299999237060547,23.110000610351562,23.299999237060547,133700
2018-08-16,14.244159698486328,23.3799991607666,23.40999984741211,23.229999542236328,23.229999542236328,155000
2018-08-17,14.34164047241211,23.540000915527344,23.540000915527344,23.31999969482422,23.43000030517578,145200
2018-08-20,14.426929473876953,23.68000030517578,23.75,23.549999237060547,23.639999389648438,209000
2018-08-21,14.380937576293945,23.450000762939453,23.59000015258789,23.440000534057617,23.56999969482422,140400
2018-08-22,14.344141006469727,23.389999389648438,23.469999313354492,23.350000381469727,23.389999389648438,101900
2018-08-23,14.27055549621582,23.270000457763672,23.440000534057617,23.239999771118164,23.43000030517578,131800
2018-08-24,14.319607734680176,23.350000381469727,23.350000381469727,23.270000457763672,23.299999237060547,99000
2018-08-27,14.288951873779297,23.299999237060547,23.489999771118164,23.280000686645508,23.450000762939453,155800
2018-08-28,14.325746536254883,23.360000610351562,23.3799991607666,23.280000686645508,23.34000015258789,108600
2018-08-29,14.472929000854492,23.600000381469727,23.670000076293945,23.350000381469727,23.399999618530273,182000
2018-08-30,14.411608695983887,23.5,23.520000457763672,23.40999984741211,23.479999542236328,128500
2018-08-31,14.423863410949707,23.520000457763672,23.6200008392334,23.40999984741211,23.43000030517578,160700
2018-09-04,14.448396682739258,23.559999465942383,23.56999969482422,23.469999313354492,23.559999465942383,152900
2018-09-05,14.472929000854492,23.600000381469727,23.670000076293945,23.469999313354492,23.5,112500
2018-09-06,14.344141006469727,23.389999389648438,23.65999984741211,23.31999969482422,23.65999984741211,226800
2018-09-07,14.264421463012695,23.260000228881836,23.399999618530273,23.239999771118164,23.399999618530273,190000
2018-09-10,14.264421463012695,23.260000228881836,23.5,23.239999771118164,23.399999618530273,172100
2018-09-11,14.190828323364258,23.139999389648438,23.31999969482422,23.139999389648438,23.260000228881836,203500
2018-09-12,14.135642051696777,23.049999237060547,23.18000030517578,23.040000915527344,23.149999618530273,264000
2018-09-13,14.104971885681152,23.0,23.18000030517578,22.969999313354492,23.15999984741211,263900
2018-09-14,14.080443382263184,22.959999084472656,23.049999237060547,22.90999984741211,22.959999084472656,194800
2018-09-17,14.049783706665039,22.90999984741211,23.110000610351562,22.90999984741211,22.959999084472656,248500
2018-09-18,14.102255821228027,22.84000015258789,23.0,22.739999771118164,22.81999969482422,209500
2018-09-19,13.954075813293457,22.600000381469727,22.989999771118164,22.510000228881836,22.84000015258789,253600
2018-09-20,14.065214157104492,22.780000686645508,22.84000015258789,22.540000915527344,22.59000015258789,193100
2018-09-21,14.164007186889648,22.940000534057617,22.950000762939453,22.729999542236328,22.829999923706055,149600
2018-09-24,13.966428756713867,22.6200008392334,22.940000534057617,22.559999465942383,22.93000030517578,210800
2018-09-25,13.83059024810791,22.399999618530273,22.649999618530273,22.34000015258789,22.610000610351562,268700
2018-09-26,13.58361530303955,22.0,22.520000457763672,21.899999618530273,22.3799991607666,423200
2018-09-27,13.614480018615723,22.049999237060547,22.200000762939453,21.920000076293945,21.989999771118164,330700
2018-09-28,13.663881301879883,22.1299991607666,22.299999237060547,22.0,22.139999389648438,313200
2018-10-01,13.954075813293457,22.600000381469727,22.68000030517578,22.190000534057617,22.209999084472656,258700
2018-10-02,14.170177459716797,22.950000762939453,22.989999771118164,22.540000915527344,22.600000381469727,351400
2018-10-03,13.960247039794922,22.610000610351562,23.0,22.610000610351562,22.959999084472656,243100
2018-10-04,13.700926780700684,22.190000534057617,22.5,22.190000534057617,22.5,251600
2018-10-05,13.805891990661621,22.360000610351562,22.450000762939453,22.239999771118164,22.239999771118164,260800
2018-10-08,13.954075813293457,22.600000381469727,22.649999618530273,22.389999389648438,22.469999313354492,153800
2018-10-09,13.947906494140625,22.59000015258789,22.719999313354492,22.549999237060547,22.709999084472656,130800
2018-10-10,13.608312606811523,22.040000915527344,22.639999389648438,22.010000228881836,22.610000610351562,228700
2018-10-11,13.373684883117676,21.65999984741211,22.18000030517578,21.639999389648438,21.989999771118164,458700
2018-10-12,13.509517669677734,21.8799991607666,22.139999389648438,21.75,21.899999618530273,332600
2018-10-15,13.71328067779541,22.209999084472656,22.25,21.959999084472656,21.959999084472656,263200
2018-10-16,13.803436279296875,22.200000762939453,22.299999237060547,22.06999969482422,22.1200008392334,186000
2018-10-17,13.815868377685547,22.219999313354492,22.34000015258789,22.030000686645508,22.18000030517578,188200
2018-10-18,13.741252899169922,22.100000381469727,22.200000762939453,21.959999084472656,22.190000534057617,166400
2018-10-19,13.809651374816895,22.209999084472656,22.360000610351562,22.1200008392334,22.149999618530273,131900
2018-10-22,13.753689765930176,22.1200008392334,22.360000610351562,22.040000915527344,22.25,140100
2018-10-23,13.728816986083984,22.079999923706055,22.100000381469727,21.899999618530273,22.0,132500
2018-10-24,13.672861099243164,21.989999771118164,22.329999923706055,21.959999084472656,22.1200008392334,282400
2018-10-25,13.492546081542969,21.700000762939453,22.079999923706055,21.530000686645508,22.06999969482422,517400
2018-10-26,13.293581008911133,21.3799991607666,21.649999618530273,21.299999237060547,21.600000381469727,281800
2018-10-29,13.386845588684082,21.530000686645508,21.690000534057617,21.420000076293945,21.420000076293945,196100
2018-10-30,13.36819076538086,21.5,21.649999618530273,21.40999984741211,21.5,168100
2018-10-31,13.355753898620605,21.479999542236328,21.65999984741211,21.469999313354492,21.56999969482422,308400
2018-11-01,13.399276733398438,21.549999237060547,21.639999389648438,21.510000228881836,21.540000915527344,235800
2018-11-02,13.318450927734375,21.420000076293945,21.6299991607666,21.34000015258789,21.559999465942383,140600
2018-11-05,13.455236434936523,21.639999389648438,21.65999984741211,21.399999618530273,21.399999618530273,173600
2018-11-06,13.567150115966797,21.81999969482422,21.860000610351562,21.6200008392334,21.690000534057617,179600
2018-11-07,13.834516525268555,22.25,22.270000457763672,22.020000457763672,22.1299991607666,324400
2018-11-08,13.952659606933594,22.440000534057617,22.479999542236328,22.1200008392334,22.200000762939453,232900
2018-11-09,14.021053314208984,22.549999237060547,22.559999465942383,22.3700008392334,22.510000228881836,207600
2018-11-12,14.002401351928711,22.520000457763672,22.600000381469727,22.459999084472656,22.56999969482422,161200
2018-11-13,13.99300479888916,22.350000381469727,22.459999084472656,22.260000228881836,22.459999084472656,110000
2018-11-14,13.805190086364746,22.049999237060547,22.3700008392334,21.8799991607666,22.3700008392334,215900
2018-11-15,13.7926607131958,22.030000686645508,22.06999969482422,21.8700008392334,22.0,120900
2018-11-16,13.855269432067871,22.1299991607666,22.190000534057617,22.040000915527344,22.139999389648438,112200
2018-11-19,13.748831748962402,21.959999084472656,22.100000381469727,21.90999984741211,22.049999237060547,181000
2018-11-20,13.504663467407227,21.56999969482422,21.979999542236328,21.5,21.850000381469727,262700
2018-11-21,13.548494338989258,21.639999389648438,21.729999542236328,21.559999465942383,21.56999969482422,135300
2018-11-23,13.517187118530273,21.59000015258789,21.709999084472656,21.56999969482422,21.600000381469727,79500
2018-11-26,13.498403549194336,21.559999465942383,21.770000457763672,21.520000457763672,21.770000457763672,143500
2018-11-27,13.473360061645508,21.520000457763672,21.700000762939453,21.489999771118164,21.520000457763672,175000
2018-11-28,13.467095375061035,21.510000228881836,21.729999542236328,21.459999084472656,21.549999237060547,254100
2018-11-29,13.435792922973633,21.459999084472656,21.59000015258789,21.40999984741211,21.469999313354492,314900
2018-11-30,13.517187118530273,21.59000015258789,21.709999084472656,21.469999313354492,21.469999313354492,353500
2018-12-03,13.636141777038574,21.780000686645508,21.969999313354492,21.709999084472656,21.760000228881836,236400
2018-12-04,13.535970687866211,21.6200008392334,21.93000030517578,21.5,21.81999969482422,399900
2018-12-06,13.429535865783691,21.450000762939453,21.559999465942383,21.059999465942383,21.489999771118164,403700
2018-12-07,13.310574531555176,21.260000228881836,21.579999923706055,21.25,21.459999084472656,211300
2018-12-10,13.360662460327148,21.34000015258789,21.450000762939453,21.0,21.260000228881836,249900
2018-12-11,13.366920471191406,21.350000381469727,21.579999923706055,21.270000457763672,21.450000762939453,154700
2018-12-12,13.335619926452637,21.299999237060547,21.56999969482422,21.299999237060547,21.420000076293945,138800
2018-12-13,13.542228698730469,21.6299991607666,21.770000457763672,21.31999969482422,21.31999969482422,159400
2018-12-14,13.360662460327148,21.34000015258789,21.579999923706055,21.299999237060547,21.559999465942383,155200
2018-12-17,12.922405242919922,20.639999389648438,21.31999969482422,20.40999984741211,21.270000457763672,529300
2018-12-18,12.67323112487793,20.09000015258789,20.6299991607666,19.950000762939453,20.600000381469727,578400
2018-12-19,12.629070281982422,20.020000457763672,20.43000030517578,19.969999313354492,20.18000030517578,323400
2018-12-20,12.118102073669434,19.209999084472656,20.079999923706055,18.8799991607666,20.0,737200
2018-12-21,12.042407989501953,19.09000015258789,19.559999465942383,19.040000915527344,19.209999084472656,555500
2018-12-24,11.846854209899902,18.780000686645508,19.040000915527344,18.6299991607666,19.0,246200
2018-12-26,12.212729454040527,19.360000610351562,19.3799991607666,18.739999771118164,18.81999969482422,381300
2018-12-27,12.0792875289917,19.010000228881836,19.229999542236328,18.850000381469727,19.139999389648438,528700
2018-12-28,12.479609489440918,19.639999389648438,19.65999984741211,19.079999923706055,19.079999923706055,535400
2018-12-31,12.555856704711914,19.760000228881836,19.899999618530273,19.5,19.850000381469727,532200
2019-01-02,12.956165313720703,20.389999389648438,20.579999923706055,19.6200008392334,19.649999618530273,828400
2019-01-03,12.822731971740723,20.18000030517578,20.43000030517578,20.06999969482422,20.3700008392334,628900
2019-01-04,13.000641822814941,20.459999084472656,20.5,20.170000076293945,20.229999542236328,611900
2019-01-07,13.528047561645508,21.290000915527344,21.530000686645508,20.510000228881836,20.56999969482422,390900
2019-01-08,13.515331268310547,21.270000457763672,21.68000030517578,21.25,21.479999542236328,331700
2019-01-09,13.826688766479492,21.760000228881836,21.899999618530273,21.3700008392334,21.450000762939453,307300
2019-01-10,14.023667335510254,22.06999969482422,22.100000381469727,21.690000534057617,21.719999313354492,199300
2019-01-11,14.049089431762695,22.110000610351562,22.18000030517578,21.979999542236328,22.049999237060547,122400
2019-01-14,13.966482162475586,21.979999542236328,22.09000015258789,21.829999923706055,22.049999237060547,162500
2019-01-15,14.001678466796875,21.8799991607666,22.040000915527344,21.860000610351562,21.8700008392334,203300
2019-01-16,13.9824800491333,21.850000381469727,22.110000610351562,21.799999237060547,21.93000030517578,217700
2019-01-17,14.040080070495605,21.940000534057617,22.15999984741211,21.809999465942383,21.84000015258789,221900
2019-01-18,14.193658828735352,22.18000030517578,22.25,21.979999542236328,22.040000915527344,134900
2019-01-22,14.072068214416504,21.989999771118164,22.239999771118164,21.90999984741211,22.15999984741211,190600
2019-01-23,14.20645523071289,22.200000762939453,22.309999465942383,22.020000457763672,22.020000457763672,178600
2019-01-24,14.33443832397461,22.399999618530273,22.420000076293945,22.190000534057617,22.239999771118164,130300
2019-01-25,14.481620788574219,22.6299991607666,22.68000030517578,22.450000762939453,22.469999313354492,154600
2019-01-28,14.430435180664062,22.549999237060547,22.649999618530273,22.5,22.510000228881836,249400
2019-01-29,14.609610557556152,22.829999923706055,22.889999389648438,22.559999465942383,22.559999465942383,224700
2019-01-30,14.750399589538574,23.049999237060547,23.139999389648438,22.850000381469727,22.899999618530273,298900
2019-01-31,14.955174446105957,23.3700008392334,23.3700008392334,23.100000381469727,23.139999389648438,389600
2019-02-01,15.089561462402344,23.579999923706055,23.579999923706055,23.34000015258789,23.43000030517578,230600
2019-02-04,15.115156173706055,23.6200008392334,23.739999771118164,23.350000381469727,23.6200008392334,387200
2019-02-05,14.903977394104004,23.290000915527344,23.68000030517578,23.209999084472656,23.68000030517578,373900
2019-02-06,14.903977394104004,23.290000915527344,23.40999984741211,23.229999542236328,23.290000915527344,154900
2019-02-07,14.73759937286377,23.030000686645508,23.239999771118164,22.959999084472656,23.15999984741211,258000
2019-02-08,14.72480297088623,23.010000228881836,23.06999969482422,22.899999618530273,22.989999771118164,194400
2019-02-11,14.827192306518555,23.170000076293945,23.170000076293945,23.040000915527344,23.100000381469727,167300
2019-02-12,14.862618446350098,23.06999969482422,23.389999389648438,23.0,23.15999984741211,179100
2019-02-13,14.856179237365723,23.059999465942383,23.149999618530273,23.049999237060547,23.06999969482422,118300
2019-02-14,15.023679733276367,23.31999969482422,23.31999969482422,23.06999969482422,23.110000610351562,147900
2019-02-15,14.939929962158203,23.190000534057617,23.520000457763672,23.09000015258789,23.420000076293945,293000
2019-02-19,15.017242431640625,23.309999465942383,23.3799991607666,23.149999618530273,23.200000762939453,272100
2019-02-20,15.055892944335938,23.3700008392334,23.440000534057617,23.200000762939453,23.3700008392334,191100
2019-02-21,14.965702056884766,23.229999542236328,23.520000457763672,23.209999084472656,23.31999969482422,230100
2019-02-22,15.081664085388184,23.40999984741211,23.440000534057617,23.260000228881836,23.270000457763672,192300
2019-02-25,15.088106155395508,23.420000076293945,23.549999237060547,23.3799991607666,23.469999313354492,158700
2019-02-26,15.191184997558594,23.579999923706055,23.600000381469727,23.389999389648438,23.469999313354492,189500
2019-02-27,15.191184997558594,23.579999923706055,23.600000381469727,23.420000076293945,23.56999969482422,136800
2019-02-28,15.139642715454102,23.5,23.760000228881836,23.489999771118164,23.709999084472656,238900
2019-03-01,15.249166488647461,23.670000076293945,23.729999542236328,23.540000915527344,23.56999969482422,155300
2019-03-04,15.204069137573242,23.600000381469727,23.75,23.520000457763672,23.709999084472656,165500
2019-03-05,15.171857833862305,23.549999237060547,23.700000762939453,23.510000228881836,23.639999389648438,167400
2019-03-06,15.229835510253906,23.639999389648438,23.639999389648438,23.450000762939453,23.540000915527344,139900
2019-03-07,15.139642715454102,23.5,23.6299991607666,23.309999465942383,23.59000015258789,158200
2019-03-08,15.113874435424805,23.459999084472656,23.540000915527344,23.3700008392334,23.479999542236328,161100
2019-03-11,15.229835510253906,23.639999389648438,23.68000030517578,23.43000030517578,23.479999542236328,133400
2019-03-12,15.30070686340332,23.75,23.809999465942383,23.6299991607666,23.65999984741211,178500
2019-03-13,15.229835510253906,23.639999389648438,23.889999389648438,23.59000015258789,23.760000228881836,281200
2019-03-14,15.332915306091309,23.799999237060547,23.799999237060547,23.600000381469727,23.68000030517578,109900
2019-03-15,15.448883056640625,23.979999542236328,24.0,23.809999465942383,23.8799991607666,186500
2019-03-18,15.616387367248535,24.239999771118164,24.260000228881836,23.93000030517578,23.989999771118164,232100
2019-03-19,15.476974487304688,23.8700008392334,24.239999771118164,23.860000610351562,24.229999542236328,193800
2019-03-20,15.561273574829102,24.0,24.040000915527344,23.81999969482422,23.81999969482422,175300
2019-03-21,15.632589340209961,24.110000610351562,24.18000030517578,23.920000076293945,23.920000076293945,171300
2019-03-22,15.567758560180664,24.010000228881836,24.280000686645508,23.979999542236328,24.110000610351562,177100
2019-03-25,15.690938949584961,24.200000762939453,24.200000762939453,23.940000534057617,24.049999237060547,156800
2019-03-26,15.684460639953613,24.190000534057617,24.350000381469727,24.100000381469727,24.25,214500
2019-03-27,15.71688461303711,24.239999771118164,24.309999465942383,24.190000534057617,24.239999771118164,183200
2019-03-28,15.749303817749023,24.290000915527344,24.309999465942383,24.049999237060547,24.280000686645508,144900
2019-03-29,15.898435592651367,24.520000457763672,24.600000381469727,24.3799991607666,24.43000030517578,218000
2019-04-01,15.950301170349121,24.600000381469727,24.690000534057617,24.530000686645508,24.6200008392334,247300
2019-04-02,16.047557830810547,24.75,24.75,24.549999237060547,24.6200008392334,155300
2019-04-03,15.989204406738281,24.65999984741211,24.729999542236328,24.559999465942383,24.729999542236328,150800
2019-04-04,15.976227760314941,24.639999389648438,24.65999984741211,24.530000686645508,24.65999984741211,114400
2019-04-05,15.969747543334961,24.6299991607666,24.649999618530273,24.540000915527344,24.6200008392334,110600
2019-04-08,16.021625518798828,24.709999084472656,24.739999771118164,24.559999465942383,24.649999618530273,164000
2019-04-09,16.067012786865234,24.780000686645508,24.780000686645508,24.6299991607666,24.690000534057617,116600
2019-04-10,16.112398147583008,24.850000381469727,24.969999313354492,24.739999771118164,24.81999969482422,176900
2019-04-11,16.164268493652344,24.93000030517578,24.950000762939453,24.739999771118164,24.81999969482422,125800
2019-04-12,16.242067337036133,25.049999237060547,25.100000381469727,24.899999618530273,24.969999313354492,174000
2019-04-15,16.2939453125,25.1299991607666,25.1299991607666,25.010000228881836,25.09000015258789,162500
2019-04-16,16.016666412353516,24.549999237060547,24.989999771118164,24.440000534057617,24.959999084472656,253500
2019-04-17,15.840522766113281,24.280000686645508,24.6200008392334,24.270000457763672,24.6200008392334,192000
2019-04-18,15.644798278808594,23.979999542236328,24.290000915527344,23.959999084472656,24.260000228881836,173100
2019-04-22,15.762231826782227,24.15999984741211,24.190000534057617,23.93000030517578,24.0,188300
2019-04-23,15.964473724365234,24.469999313354492,24.489999771118164,24.219999313354492,24.219999313354492,145900
2019-04-24,16.010150909423828,24.540000915527344,24.549999237060547,24.459999084472656,24.469999313354492,118400
2019-04-25,15.931855201721191,24.420000076293945,24.6299991607666,24.399999618530273,24.549999237060547,99000
2019-04-26,16.068862915039062,24.6299991607666,24.770000457763672,24.389999389648438,24.489999771118164,145100
2019-04-29,16.147153854370117,24.75,24.75,24.639999389648438,24.68000030517578,108800
2019-04-30,16.3298282623291,25.030000686645508,25.030000686645508,24.649999618530273,24.739999771118164,215800
2019-05-01,16.355932235717773,25.06999969482422,25.25,24.979999542236328,25.1299991607666,211700
2019-05-02,16.258066177368164,24.920000076293945,25.1299991607666,24.780000686645508,25.1200008392334,192800
2019-05-03,16.486408233642578,25.270000457763672,25.270000457763672,25.020000457763672,25.100000381469727,196400
2019-05-06,16.46683120727539,25.239999771118164,25.260000228881836,25.059999465942383,25.170000076293945,142100
2019-05-07,15.984047889709473,24.5,25.209999084472656,24.479999542236328,25.15999984741211,284300
2019-05-08,15.99710464477539,24.520000457763672,24.6200008392334,24.43000030517578,24.520000457763672,196100
2019-05-09,15.971003532409668,24.479999542236328,24.520000457763672,24.200000762939453,24.450000762939453,160500
2019-05-10,16.16672706604004,24.780000686645508,24.780000686645508,24.420000076293945,24.540000915527344,233800
2019-05-13,16.2123966217041,24.850000381469727,24.8700008392334,24.610000610351562,24.690000534057617,194600
2019-05-14,16.215679168701172,24.700000762939453,24.93000030517578,24.670000076293945,24.729999542236328,240500
2019-05-15,16.14346694946289,24.59000015258789,24.75,24.559999465942383,24.670000076293945,148300
2019-05-16,16.222246170043945,24.709999084472656,24.899999618530273,24.56999969482422,24.56999969482422,175000
2019-05-17,16.27476692199707,24.790000915527344,25.100000381469727,24.649999618530273,24.65999984741211,223400
2019-05-20,16.39949607849121,24.979999542236328,25.020000457763672,24.760000228881836,24.780000686645508,139800
2019-05-21,16.504539489746094,25.139999389648438,25.229999542236328,25.010000228881836,25.040000915527344,144200
2019-05-22,16.49141502380371,25.1200008392334,25.219999313354492,25.020000457763672,25.139999389648438,137400
2019-05-23,16.169723510742188,24.6299991607666,25.100000381469727,24.479999542236328,25.020000457763672,326900
2019-05-24,16.136899948120117,24.579999923706055,24.889999389648438,24.510000228881836,24.790000915527344,152100
2019-05-28,15.985904693603516,24.350000381469727,24.65999984741211,24.309999465942383,24.579999923706055,178700
2019-05-29,15.664212226867676,23.860000610351562,24.25,23.649999618530273,24.1299991607666,583900
2019-05-30,15.62482738494873,23.799999237060547,24.139999389648438,23.700000762939453,23.860000610351562,215000
2019-05-31,15.434439659118652,23.510000228881836,24.020000457763672,23.510000228881836,23.75,380300
2019-06-03,15.677345275878906,23.8799991607666,23.959999084472656,23.6299991607666,23.6299991607666,187100
2019-06-04,15.939946174621582,24.280000686645508,24.309999465942383,23.8799991607666,24.1200008392334,209900
2019-06-05,16.37324333190918,24.940000534057617,24.959999084472656,24.31999969482422,24.350000381469727,235700
2019-06-06,16.34041404724121,24.889999389648438,24.959999084472656,24.6200008392334,24.899999618530273,161900
2019-06-07,16.28789520263672,24.809999465942383,25.09000015258789,24.760000228881836,24.979999542236328,201500
2019-06-10,16.39293098449707,24.969999313354492,25.030000686645508,24.6200008392334,24.68000030517578,204100
2019-06-11,16.438884735107422,25.040000915527344,25.139999389648438,24.81999969482422,25.049999237060547,137000
2019-06-12,16.524234771728516,25.170000076293945,25.190000534057617,24.8799991607666,25.0,130900
2019-06-13,16.655542373657227,25.3700008392334,25.40999984741211,25.030000686645508,25.170000076293945,177600
2019-06-14,16.64240074157715,25.350000381469727,25.389999389648438,25.219999313354492,25.299999237060547,150800
2019-06-17,16.721189498901367,25.469999313354492,25.479999542236328,25.049999237060547,25.479999542236328,245700
2019-06-18,16.731094360351562,25.329999923706055,25.469999313354492,25.290000915527344,25.469999313354492,159400
2019-06-19,16.75091552734375,25.360000610351562,25.389999389648438,25.170000076293945,25.3700008392334,104000
2019-06-20,16.770729064941406,25.389999389648438,25.469999313354492,25.190000534057617,25.40999984741211,193300
2019-06-21,16.71788787841797,25.309999465942383,25.440000534057617,25.209999084472656,25.360000610351562,111300
2019-06-24,16.869808197021484,25.540000915527344,25.639999389648438,25.229999542236328,25.309999465942383,222000
2019-06-25,16.96888542175293,25.690000534057617,25.75,25.510000228881836,25.6299991607666,187700
2019-06-26,16.81035614013672,25.450000762939453,25.75,25.25,25.670000076293945,255200
2019-06-27,16.935855865478516,25.639999389648438,25.670000076293945,25.40999984741211,25.40999984741211,172500
2019-06-28,17.1406192779541,25.950000762939453,25.950000762939453,25.65999984741211,25.729999542236328,276200
2019-07-01,17.127408981323242,25.93000030517578,26.149999618530273,25.799999237060547,26.0,268500
2019-07-02,17.180238723754883,26.010000228881836,26.09000015258789,25.899999618530273,25.989999771118164,148600
2019-07-03,17.233091354370117,26.09000015258789,26.309999465942383,26.030000686645508,26.06999969482422,111000
2019-07-05,17.36520004272461,26.290000915527344,26.31999969482422,26.010000228881836,26.020000457763672,168700
2019-07-08,17.490697860717773,26.479999542236328,26.579999923706055,26.270000457763672,26.290000915527344,288700
2019-07-09,17.55674934387207,26.579999923706055,26.6299991607666,26.3799991607666,26.399999618530273,281100
2019-07-10,17.596378326416016,26.639999389648438,26.739999771118164,26.520000457763672,26.520000457763672,229900
2019-07-11,17.60298728942871,26.649999618530273,26.81999969482422,26.549999237060547,26.649999618530273,206400
2019-07-12,17.56995964050293,26.600000381469727,26.719999313354492,26.5,26.700000762939453,184200
2019-07-15,17.60959815979004,26.65999984741211,26.690000534057617,26.5,26.540000915527344,280400
2019-07-16,17.420244216918945,26.219999313354492,26.549999237060547,26.06999969482422,26.5,281400
2019-07-17,17.400314331054688,26.190000534057617,26.25,26.1200008392334,26.25,129300
2019-07-18,17.426889419555664,26.229999542236328,26.239999771118164,26.059999465942383,26.1299991607666,191400
2019-07-19,17.393667221069336,26.18000030517578,26.290000915527344,26.139999389648438,26.25,149800
2019-07-22,17.267431259155273,25.989999771118164,26.25,25.950000762939453,26.18000030517578,229600
2019-07-23,17.24750518798828,25.959999084472656,26.09000015258789,25.799999237060547,26.010000228881836,178400
2019-07-24,17.167776107788086,25.84000015258789,26.040000915527344,25.84000015258789,26.0,126800
2019-07-25,17.15448570251465,25.81999969482422,25.889999389648438,25.719999313354492,25.850000381469727,144000
2019-07-26,17.227567672729492,25.93000030517578,26.079999923706055,25.790000915527344,25.790000915527344,129800
2019-07-29,17.287363052368164,26.020000457763672,26.139999389648438,25.959999084472656,25.969999313354492,218000
2019-07-30,17.28072166442871,26.010000228881836,26.200000762939453,25.979999542236328,26.010000228881836,215900
2019-07-31,17.274076461791992,26.0,26.200000762939453,25.959999084472656,26.139999389648438,390400
2019-08-01,17.23421859741211,25.940000534057617,26.059999465942383,25.8799991607666,26.040000915527344,299600
2019-08-02,17.220924377441406,25.920000076293945,26.010000228881836,25.780000686645508,25.959999084472656,110900
2019-08-05,16.981746673583984,25.559999465942383,25.850000381469727,25.190000534057617,25.770000457763672,304600
2019-08-06,17.181058883666992,25.860000610351562,25.940000534057617,25.540000915527344,25.6299991607666,193300
2019-08-07,17.121265411376953,25.770000457763672,25.899999618530273,25.540000915527344,25.75,147900
2019-08-08,17.194351196289062,25.8799991607666,25.940000534057617,25.729999542236328,25.799999237060547,125900
2019-08-09,17.254146575927734,25.969999313354492,26.020000457763672,25.940000534057617,25.940000534057617,175400
2019-08-12,17.227567672729492,25.93000030517578,26.149999618530273,25.739999771118164,25.969999313354492,207900
2019-08-13,17.194351196289062,25.8799991607666,26.0,25.770000457763672,25.950000762939453,161400
2019-08-14,16.855506896972656,25.3700008392334,25.860000610351562,25.270000457763672,25.579999923706055,280000
2019-08-15,17.15448570251465,25.81999969482422,25.899999618530273,25.299999237060547,25.34000015258789,198900
2019-08-16,17.194351196289062,25.8799991607666,26.139999389648438,25.850000381469727,25.850000381469727,145400
2019-08-19,17.5199031829834,26.3700008392334,26.40999984741211,25.299999237060547,26.09000015258789,209400
2019-08-20,17.5098819732666,26.200000762939453,26.25,26.09000015258789,26.239999771118164,148100
2019-08-21,17.529926300048828,26.229999542236328,26.360000610351562,26.18000030517578,26.25,135100
2019-08-22,17.53660774230957,26.239999771118164,26.299999237060547,26.1200008392334,26.25,87700
2019-08-23,17.40294647216797,26.040000915527344,26.290000915527344,25.90999984741211,26.229999542236328,145800
2019-08-26,17.34279441833496,25.950000762939453,26.100000381469727,25.899999618530273,26.09000015258789,145700
2019-08-27,17.422998428344727,26.06999969482422,26.1200008392334,25.959999084472656,26.010000228881836,224500
2019-08-28,17.543291091918945,26.25,26.440000534057617,26.110000610351562,26.139999389648438,213300
2019-08-29,17.630170822143555,26.3799991607666,26.450000762939453,26.290000915527344,26.399999618530273,159600
2019-08-30,17.737102508544922,26.540000915527344,26.690000534057617,26.420000076293945,26.510000228881836,245500
2019-09-03,17.92423439025879,26.81999969482422,26.8799991607666,26.3799991607666,26.3799991607666,234600
2019-09-04,18.017799377441406,26.959999084472656,27.06999969482422,26.829999923706055,26.899999618530273,205900
2019-09-05,18.09131622314453,27.06999969482422,27.139999389648438,26.920000076293945,27.059999465942383,205000
2019-09-06,17.810623168945312,26.649999618530273,27.190000534057617,26.649999618530273,26.979999542236328,273100
2019-09-09,17.964324951171875,26.8799991607666,27.049999237060547,26.649999618530273,26.649999618530273,193100
2019-09-10,18.017799377441406,26.959999084472656,27.030000686645508,26.8799991607666,26.8799991607666,122400
2019-09-11,18.071264266967773,27.040000915527344,27.079999923706055,26.75,27.079999923706055,304300
2019-09-12,18.218292236328125,27.260000228881836,27.350000381469727,27.040000915527344,27.040000915527344,236700
2019-09-13,18.164825439453125,27.18000030517578,27.350000381469727,26.989999771118164,27.350000381469727,159600
2019-09-16,18.171512603759766,27.190000534057617,27.290000915527344,27.049999237060547,27.25,156000
2019-09-17,18.36307144165039,27.31999969482422,27.489999771118164,26.979999542236328,26.979999542236328,213100
2019-09-18,18.309293746948242,27.239999771118164,27.5,27.1200008392334,27.3700008392334,151500
2019-09-19,18.309293746948242,27.239999771118164,27.389999389648438,27.139999389648438,27.280000686645508,161400
2019-09-20,18.342905044555664,27.290000915527344,27.43000030517578,27.190000534057617,27.299999237060547,158100
2019-09-23,18.322738647460938,27.260000228881836,27.329999923706055,27.170000076293945,27.170000076293945,128900
2019-09-24,18.37651252746582,27.34000015258789,27.469999313354492,27.299999237060547,27.360000610351562,168100
2019-09-25,18.262248992919922,27.170000076293945,27.469999313354492,27.010000228881836,27.399999618530273,163800
2019-09-26,18.36307144165039,27.31999969482422,27.479999542236328,27.239999771118164,27.239999771118164,196900
2019-09-27,18.342905044555664,27.290000915527344,27.450000762939453,27.079999923706055,27.34000015258789,133900
2019-09-30,18.309293746948242,27.239999771118164,27.540000915527344,27.200000762939453,27.350000381469727,221400
2019-10-01,18.060596466064453,26.8700008392334,27.420000076293945,26.81999969482422,27.420000076293945,242300
2019-10-02,17.63715362548828,26.239999771118164,26.889999389648438,26.149999618530273,26.889999389648438,347200
2019-10-03,17.590099334716797,26.170000076293945,26.450000762939453,26.15999984741211,26.280000686645508,292200
2019-10-04,17.737972259521484,26.389999389648438,26.420000076293945,26.229999542236328,26.3700008392334,348500
2019-10-07,17.563220977783203,26.1299991607666,26.56999969482422,26.1299991607666,26.520000457763672,279600
2019-10-08,17.401905059814453,25.889999389648438,26.200000762939453,25.760000228881836,26.100000381469727,355200
2019-10-09,17.55649185180664,26.1200008392334,26.309999465942383,26.020000457763672,26.020000457763672,211400
2019-10-10,17.596826553344727,26.18000030517578,26.350000381469727,26.139999389648438,26.200000762939453,137600
2019-10-11,17.623708724975586,26.219999313354492,26.40999984741211,26.1299991607666,26.309999465942383,216500
2019-10-14,17.71108055114746,26.350000381469727,26.459999084472656,26.170000076293945,26.219999313354492,247900
2019-10-15,17.511634826660156,25.899999618530273,26.3700008392334,25.8799991607666,26.25,217100
2019-10-16,17.74151611328125,26.239999771118164,26.309999465942383,25.940000534057617,25.989999771118164,175400
2019-10-17,17.802364349365234,26.329999923706055,26.440000534057617,26.239999771118164,26.360000610351562,198900
2019-10-18,17.84969711303711,26.399999618530273,26.399999618530273,26.100000381469727,26.260000228881836,124200
2019-10-21,17.99168586730957,26.610000610351562,26.6299991607666,26.399999618530273,26.450000762939453,176100
2019-10-22,18.06604766845703,26.719999313354492,26.81999969482422,26.68000030517578,26.770000457763672,178100
2019-10-23,18.181001663208008,26.889999389648438,26.90999984741211,26.75,26.799999237060547,196900
2019-10-24,18.181001663208008,26.889999389648438,26.979999542236328,26.809999465942383,26.979999542236328,141800
2019-10-25,18.11338233947754,26.790000915527344,26.969999313354492,26.780000686645508,26.8799991607666,148400
2019-10-28,18.086339950561523,26.75,26.969999313354492,26.670000076293945,26.84000015258789,186200
2019-10-29,18.14719581604004,26.84000015258789,26.93000030517578,26.770000457763672,26.899999618530273,189800
2019-10-30,18.208038330078125,26.93000030517578,26.950000762939453,26.709999084472656,26.84000015258789,120900
2019-10-31,18.201284408569336,26.920000076293945,27.06999969482422,26.90999984741211,26.93000030517578,228100
2019-11-01,18.363548278808594,27.15999984741211,27.25,26.829999923706055,26.8799991607666,165800
2019-11-04,18.35679054260254,27.149999618530273,27.25,27.030000686645508,27.1299991607666,208500
2019-11-05,18.322978973388672,27.100000381469727,27.229999542236328,27.0,27.040000915527344,167200
2019-11-06,18.214805603027344,26.940000534057617,27.139999389648438,26.75,27.079999923706055,181500
2019-11-07,17.97139549255371,26.579999923706055,26.989999771118164,26.280000686645508,26.989999771118164,331100
2019-11-08,18.005205154418945,26.6299991607666,26.75,26.280000686645508,26.34000015258789,141400
2019-11-11,18.086339950561523,26.75,26.950000762939453,26.520000457763672,26.600000381469727,314600
2019-11-12,17.967323303222656,26.420000076293945,26.59000015258789,26.3700008392334,26.549999237060547,384300
2019-11-13,17.95372772216797,26.399999618530273,26.600000381469727,26.329999923706055,26.34000015258789,143600
2019-11-14,17.994529724121094,26.459999084472656,26.469999313354492,26.299999237060547,26.360000610351562,165400
2019-11-15,17.994529724121094,26.459999084472656,26.56999969482422,26.399999618530273,26.56999969482422,122300
2019-11-18,18.144149780273438,26.68000030517578,26.68000030517578,26.399999618530273,26.399999618530273,151600
2019-11-19,18.042131423950195,26.530000686645508,26.770000457763672,26.43000030517578,26.709999084472656,165400
2019-11-20,17.89251136779785,26.309999465942383,26.520000457763672,26.299999237060547,26.469999313354492,180000
2019-11-21,17.872114181518555,26.280000686645508,26.389999389648438,26.190000534057617,26.3700008392334,161000
2019-11-22,17.858518600463867,26.260000228881836,26.34000015258789,26.149999618530273,26.219999313354492,145800
2019-11-25,17.749706268310547,26.100000381469727,26.280000686645508,26.049999237060547,26.18000030517578,212300
2019-11-26,17.89251136779785,26.309999465942383,26.34000015258789,26.06999969482422,26.06999969482422,173100
2019-11-27,17.899316787719727,26.31999969482422,26.450000762939453,26.299999237060547,26.350000381469727,163900
2019-11-29,18.035335540771484,26.520000457763672,26.670000076293945,26.25,26.25,114800
2019-12-02,17.98093605041504,26.440000534057617,26.479999542236328,26.219999313354492,26.479999542236328,250500
2019-12-03,17.96382713317871,26.260000228881836,26.280000686645508,25.950000762939453,26.010000228881836,320700
2019-12-04,17.861207962036133,26.110000610351562,26.299999237060547,26.040000915527344,26.200000762939453,223500
2019-12-05,17.799652099609375,26.020000457763672,26.100000381469727,25.90999984741211,26.049999237060547,169700
2019-12-06,17.3344783782959,25.34000015258789,25.899999618530273,25.209999084472656,25.8799991607666,1265700
2019-12-09,17.25922966003418,25.229999542236328,25.420000076293945,25.170000076293945,25.209999084472656,633900
2019-12-10,17.238704681396484,25.200000762939453,25.329999923706055,25.1299991607666,25.229999542236328,432700
2019-12-11,17.272907257080078,25.25,25.3700008392334,25.1299991607666,25.1299991607666,284200
2019-12-12,17.19082260131836,25.1299991607666,25.469999313354492,25.06999969482422,25.299999237060547,296900
2019-12-13,17.39604377746582,25.43000030517578,25.450000762939453,25.020000457763672,25.049999237060547,317500
2019-12-16,17.66282844543457,25.81999969482422,25.81999969482422,25.3700008392334,25.479999542236328,429700
2019-12-17,17.703876495361328,25.8799991607666,25.950000762939453,25.760000228881836,25.829999923706055,290000
2019-12-18,17.75176429748535,25.950000762939453,25.969999313354492,25.760000228881836,25.760000228881836,323400
2019-12-19,17.73808479309082,25.93000030517578,26.020000457763672,25.860000610351562,25.899999618530273,271200
2019-12-20,17.8543758392334,26.100000381469727,26.190000534057617,25.899999618530273,26.0,268300
2019-12-23,17.97066879272461,26.270000457763672,26.299999237060547,26.100000381469727,26.100000381469727,364000
2019-12-24,18.018552780151367,26.34000015258789,26.389999389648438,26.200000762939453,26.280000686645508,131800
2019-12-26,17.929624557495117,26.209999084472656,26.34000015258789,26.15999984741211,26.34000015258789,258300
2019-12-27,17.77228546142578,25.979999542236328,26.15999984741211,25.920000076293945,26.1200008392334,625000
2019-12-30,17.731237411499023,25.920000076293945,26.020000457763672,25.850000381469727,25.950000762939453,350700
2019-12-31,17.922779083251953,26.200000762939453,26.200000762939453,25.850000381469727,25.90999984741211,363900
2020-01-02,17.792804718017578,26.010000228881836,26.149999618530273,26.0,26.1299991607666,770800
2020-01-03,17.929624557495117,26.209999084472656,26.25,25.8799991607666,25.8799991607666,672000
2020-01-06,17.895418167114258,26.15999984741211,26.3799991607666,26.1200008392334,26.139999389648438,816600
2020-01-07,17.943302154541016,26.229999542236328,26.309999465942383,26.149999618530273,26.239999771118164,314000
2020-01-08,18.01171112060547,26.329999923706055,26.360000610351562,26.139999389648438,26.31999969482422,277400
2020-01-09,18.223777770996094,26.639999389648438,26.639999389648438,26.350000381469727,26.389999389648438,368900
2020-01-10,18.31954574584961,26.780000686645508,26.799999237060547,26.540000915527344,26.6200008392334,335600
2020-01-13,18.524770736694336,27.079999923706055,27.079999923706055,26.809999465942383,26.809999465942383,549200
2020-01-14,18.583255767822266,27.010000228881836,27.010000228881836,26.84000015258789,26.920000076293945,288700
2020-01-15,18.548851013183594,26.959999084472656,27.049999237060547,26.84000015258789,26.940000534057617,327000
2020-01-16,18.61764907836914,27.059999465942383,27.079999923706055,26.979999542236328,27.0,188400
2020-01-17,18.658926010131836,27.1200008392334,27.149999618530273,27.030000686645508,27.030000686645508,369200
2020-01-21,18.610767364501953,27.049999237060547,27.190000534057617,27.040000915527344,27.1299991607666,275100
2020-01-22,18.63141441345215,27.079999923706055,27.209999084472656,27.059999465942383,27.200000762939453,187900
2020-01-23,18.67268943786621,27.139999389648438,27.149999618530273,27.040000915527344,27.049999237060547,203900
2020-01-24,18.707094192504883,27.190000534057617,27.290000915527344,27.110000610351562,27.18000030517578,170200
2020-01-27,18.597013473510742,27.030000686645508,27.110000610351562,26.940000534057617,27.040000915527344,319200
2020-01-28,18.610767364501953,27.049999237060547,27.149999618530273,27.030000686645508,27.059999465942383,165700
2020-01-29,18.624528884887695,27.06999969482422,27.190000534057617,27.049999237060547,27.15999984741211,194100
2020-01-30,18.54196548461914,26.950000762939453,27.040000915527344,26.8700008392334,26.950000762939453,281100
2020-01-31,18.431888580322266,26.790000915527344,27.049999237060547,26.75,26.950000762939453,300100
2020-02-03,18.514453887939453,26.90999984741211,26.959999084472656,26.790000915527344,26.809999465942383,259900
2020-02-04,18.56948471069336,26.989999771118164,27.049999237060547,26.950000762939453,26.969999313354492,272400
2020-02-05,18.686450958251953,27.15999984741211,27.200000762939453,27.049999237060547,27.1200008392334,220200
2020-02-06,18.720853805541992,27.209999084472656,27.260000228881836,27.149999618530273,27.170000076293945,249100
2020-02-07,18.658926010131836,27.1200008392334,27.260000228881836,27.110000610351562,27.209999084472656,221500
2020-02-10,18.686450958251953,27.15999984741211,27.25,27.079999923706055,27.079999923706055,397600
2020-02-11,18.814464569091797,27.190000534057617,27.209999084472656,27.049999237060547,27.110000610351562,341200
2020-02-12,18.807540893554688,27.18000030517578,27.229999542236328,27.100000381469727,27.229999542236328,225600
2020-02-13,18.84214973449707,27.229999542236328,27.299999237060547,27.15999984741211,27.18000030517578,232300
2020-02-14,19.04973030090332,27.530000686645508,27.530000686645508,27.280000686645508,27.280000686645508,359100
2020-02-18,19.112009048461914,27.6200008392334,27.649999618530273,27.5,27.530000686645508,234000
2020-02-19,19.098169326782227,27.600000381469727,27.649999618530273,27.579999923706055,27.6299991607666,284900
2020-02-20,18.966693878173828,27.40999984741211,27.59000015258789,27.3799991607666,27.549999237060547,202900
2020-02-21,18.932096481323242,27.360000610351562,27.479999542236328,27.34000015258789,27.399999618530273,178500
2020-02-24,18.503076553344727,26.739999771118164,27.09000015258789,26.709999084472656,26.979999542236328,342000
2020-02-25,17.64504623413086,25.5,26.940000534057617,25.31999969482422,26.780000686645508,692500
2020-02-26,17.72808265686035,25.6200008392334,25.899999618530273,25.479999542236328,25.5,393400
2020-02-27,16.600175857543945,23.989999771118164,25.350000381469727,23.8700008392334,25.309999465942383,961800
2020-02-28,15.797506332397461,22.829999923706055,23.510000228881836,22.209999084472656,23.5,1164000
2020-03-02,17.1675968170166,24.809999465942383,25.030000686645508,23.010000228881836,23.040000915527344,791300
2020-03-03,16.953086853027344,24.5,25.299999237060547,24.360000610351562,24.8700008392334,441900
2020-03-04,17.72808265686035,25.6200008392334,25.65999984741211,24.760000228881836,24.920000076293945,371000
2020-03-05,17.402862548828125,25.149999618530273,25.440000534057617,25.020000457763672,25.25,336500
2020-03-06,17.305986404418945,25.010000228881836,25.020000457763672,24.209999084472656,24.559999465942383,313700
2020-03-09,15.901302337646484,22.979999542236328,23.489999771118164,22.56999969482422,23.389999389648438,694700
2020-03-10,15.728310585021973,22.729999542236328,23.690000534057617,22.040000915527344,23.68000030517578,562400
2020-03-11,14.420500755310059,20.84000015258789,22.360000610351562,20.459999084472656,22.360000610351562,646400
2020-03-12,12.109347343444824,17.5,19.510000228881836,17.010000228881836,19.510000228881836,1013600
2020-03-13,12.870505332946777,18.600000381469727,18.700000762939453,17.25,18.56999969482422,866800
2020-03-16,11.479660034179688,16.59000015258789,18.010000228881836,16.059999465942383,16.110000610351562,712400
2020-03-17,11.580938339233398,16.579999923706055,16.8799991607666,15.34000015258789,16.40999984741211,812900
2020-03-18,9.30387020111084,13.319999694824219,16.0,12.229999542236328,15.380000114440918,1535800
2020-03-19,10.637980461120605,15.229999542236328,15.770000457763672,12.100000381469727,12.5,1372700
2020-03-20,9.785823822021484,14.010000228881836,15.84000015258789,14.010000228881836,15.260000228881836,1138600
2020-03-23,9.073368072509766,12.989999771118164,14.0,12.600000381469727,13.729999542236328,1178100
2020-03-24,10.400495529174805,14.890000343322754,15.239999771118164,13.300000190734863,13.300000190734863,1053400
2020-03-25,11.490137100219727,16.450000762939453,18.010000228881836,14.949999809265137,14.949999809265137,1294400
2020-03-26,12.949979782104492,18.540000915527344,19.1200008392334,16.600000381469727,16.770000457763672,1139700
2020-03-27,12.572793960571289,18.0,18.270000457763672,17.5,17.5,717500
2020-03-30,12.565812110900879,17.989999771118164,18.239999771118164,17.5,17.729999542236328,518300
2020-03-31,13.166518211364746,18.850000381469727,19.149999618530273,18.25,18.34000015258789,724000
2020-04-01,11.699681282043457,16.75,18.219999313354492,16.510000228881836,17.56999969482422,563300
2020-04-02,11.97907829284668,17.149999618530273,17.389999389648438,16.549999237060547,16.700000762939453,337200
2020-04-03,11.168830871582031,15.989999771118164,17.139999389648438,15.75,17.1200008392334,572400
2020-04-06,12.58676528930664,18.020000457763672,18.100000381469727,16.40999984741211,16.40999984741211,697500
2020-04-07,12.775355339050293,18.290000915527344,19.25,18.290000915527344,18.8799991607666,449800
2020-04-08,13.397013664245605,19.18000030517578,19.610000610351562,18.299999237060547,18.40999984741211,473500
2020-04-09,14.179317474365234,20.299999237060547,21.0,19.649999618530273,19.670000076293945,603900
2020-04-13,13.599570274353027,19.469999313354492,20.3700008392334,19.15999984741211,20.299999237060547,658800
2020-04-14,14.29310417175293,20.299999237060547,20.43000030517578,19.93000030517578,19.940000534057617,482800
2020-04-15,13.934019088745117,19.790000915527344,19.950000762939453,19.530000686645508,19.559999465942383,342100
2020-04-16,13.919938087463379,19.770000457763672,19.969999313354492,19.59000015258789,19.81999969482422,201600
2020-04-17,14.328312873840332,20.350000381469727,20.40999984741211,19.920000076293945,19.969999313354492,295500
2020-04-20,14.166372299194336,20.1200008392334,20.690000534057617,19.760000228881836,19.760000228881836,498000
2020-04-21,13.743914604187012,19.520000457763672,19.959999084472656,19.270000457763672,19.780000686645508,514900
2020-04-22,14.194527626037598,20.15999984741211,20.3799991607666,19.860000610351562,19.899999618530273,531600
2020-04-23,14.250860214233398,20.239999771118164,20.469999313354492,20.049999237060547,20.18000030517578,383100
2020-04-24,14.574740409851074,20.700000762939453,20.700000762939453,20.270000457763672,20.489999771118164,269000
2020-04-27,14.898629188537598,21.15999984741211,21.65999984741211,20.770000457763672,20.780000686645508,408300
2020-04-28,15.56751537322998,22.110000610351562,22.110000610351562,21.549999237060547,21.790000915527344,408500
2020-04-29,15.68017292022705,22.270000457763672,22.420000076293945,21.809999465942383,22.329999923706055,500200
2020-04-30,14.870466232299805,21.1200008392334,22.280000686645508,21.079999923706055,22.280000686645508,829900
2020-05-01,14.342389106750488,20.3700008392334,20.940000534057617,20.049999237060547,20.68000030517578,440700
2020-05-04,14.09596061706543,20.020000457763672,20.170000076293945,19.56999969482422,20.1200008392334,445500
2020-05-05,14.4832124710083,20.56999969482422,20.90999984741211,20.209999084472656,20.209999084472656,269500
2020-05-06,14.581790924072266,20.709999084472656,21.059999465942383,20.489999771118164,20.600000381469727,315200
2020-05-07,14.546576499938965,20.65999984741211,20.969999313354492,20.59000015258789,20.90999984741211,220500
2020-05-08,14.891585350036621,21.149999618530273,21.200000762939453,20.559999465942383,20.709999084472656,278100
2020-05-11,15.18730354309082,21.56999969482422,21.6200008392334,20.899999618530273,21.1200008392334,373900
2020-05-12,14.666048049926758,20.68000030517578,21.579999923706055,20.6200008392334,21.530000686645508,348600
2020-05-13,13.637718200683594,19.229999542236328,20.68000030517578,18.920000076293945,20.68000030517578,788100
2020-05-14,14.247627258300781,20.09000015258789,20.239999771118164,18.510000228881836,18.959999084472656,384000
2020-05-15,13.729920387268066,19.360000610351562,19.8799991607666,19.040000915527344,19.649999618530273,349500
2020-05-18,14.290182113647461,20.149999618530273,20.270000457763672,19.709999084472656,19.950000762939453,359600
2020-05-19,14.119976043701172,19.90999984741211,20.530000686645508,19.850000381469727,20.270000457763672,329700
2020-05-20,14.332732200622559,20.209999084472656,20.440000534057617,20.030000686645508,20.219999313354492,214600
2020-05-21,14.531307220458984,20.489999771118164,20.540000915527344,20.18000030517578,20.280000686645508,196300
2020-05-22,14.8291597366333,20.90999984741211,20.90999984741211,20.469999313354492,20.59000015258789,177300
2020-05-26,14.992276191711426,21.139999389648438,21.489999771118164,21.139999389648438,21.239999771118164,224800
2020-05-27,15.375235557556152,21.68000030517578,21.68000030517578,21.299999237060547,21.299999237060547,319800
2020-05-28,15.80075454711914,22.280000686645508,22.3700008392334,21.729999542236328,21.809999465942383,288300
2020-05-29,16.06315040588379,22.649999618530273,22.649999618530273,22.229999542236328,22.389999389648438,256500
2020-06-01,16.509946823120117,23.280000686645508,23.290000915527344,22.360000610351562,22.549999237060547,303500
2020-06-02,16.772350311279297,23.649999618530273,23.700000762939453,23.15999984741211,23.3700008392334,256700
2020-06-03,16.70142936706543,23.549999237060547,24.06999969482422,23.510000228881836,23.700000762939453,480300
2020-06-04,16.69432830810547,23.540000915527344,23.6200008392334,23.200000762939453,23.3700008392334,374200
2020-06-05,17.006380081176758,23.979999542236328,24.290000915527344,23.799999237060547,24.239999771118164,244400
2020-06-08,17.368066787719727,24.489999771118164,24.5,23.969999313354492,23.989999771118164,374400
2020-06-09,17.084388732910156,24.09000015258789,24.329999923706055,23.93000030517578,24.329999923706055,269800
2020-06-10,16.978010177612305,23.940000534057617,24.229999542236328,23.809999465942383,24.100000381469727,225800
2020-06-11,15.616363525390625,22.020000457763672,23.059999465942383,21.81999969482422,22.940000534057617,573300
2020-06-12,15.829118728637695,22.31999969482422,22.719999313354492,21.93000030517578,22.649999618530273,245500
2020-06-15,16.240447998046875,22.899999618530273,23.100000381469727,22.0,22.0,449000
2020-06-16,16.743844985961914,23.450000762939453,23.90999984741211,23.31999969482422,23.75,406900
2020-06-17,16.536771774291992,23.15999984741211,23.709999084472656,23.139999389648438,23.639999389648438,223200
2020-06-18,16.351123809814453,22.899999618530273,23.219999313354492,22.719999313354492,23.09000015258789,200900
2020-06-19,16.215465545654297,22.709999084472656,23.079999923706055,22.68000030517578,23.059999465942383,294300
2020-06-22,16.036958694458008,22.459999084472656,22.899999618530273,22.459999084472656,22.709999084472656,219700
2020-06-23,15.85844612121582,22.209999084472656,22.75,22.209999084472656,22.540000915527344,264400
2020-06-24,15.658528327941895,21.93000030517578,22.15999984741211,21.549999237060547,22.100000381469727,278100
2020-06-25,15.8084716796875,22.139999389648438,22.200000762939453,21.649999618530273,21.780000686645508,192500
2020-06-26,15.708508491516113,22.0,22.3799991607666,21.920000076293945,22.18000030517578,197300
2020-06-29,15.651390075683594,21.920000076293945,21.979999542236328,21.420000076293945,21.899999618530273,284900
2020-06-30,15.744208335876465,22.049999237060547,22.239999771118164,21.809999465942383,22.1200008392334,411200
2020-07-01,16.10120964050293,22.549999237060547,22.6200008392334,22.06999969482422,22.06999969482422,194200
2020-07-02,16.036958694458008,22.459999084472656,22.979999542236328,22.459999084472656,22.760000228881836,261200
2020-07-06,16.279720306396484,22.799999237060547,22.920000076293945,22.520000457763672,22.75,181000
2020-07-07,16.086938858032227,22.530000686645508,22.760000228881836,22.450000762939453,22.610000610351562,213200
2020-07-08,15.986970901489258,22.389999389648438,22.6299991607666,22.329999923706055,22.420000076293945,217900
2020-07-09,15.629964828491211,21.889999389648438,22.329999923706055,21.809999465942383,22.309999465942383,218700
2020-07-10,15.872729301452637,22.229999542236328,22.229999542236328,21.739999771118164,21.75,171900
2020-07-13,15.82988452911377,22.170000076293945,22.489999771118164,22.1299991607666,22.299999237060547,326900
2020-07-14,16.070772171020508,22.350000381469727,22.350000381469727,21.75,21.75,291300
2020-07-15,16.279296875,22.639999389648438,22.719999313354492,22.399999618530273,22.549999237060547,229400
2020-07-16,16.437488555908203,22.860000610351562,22.90999984741211,22.600000381469727,22.639999389648438,220800
2020-07-17,16.710723876953125,23.239999771118164,23.280000686645508,22.850000381469727,22.850000381469727,201800
2020-07-20,16.66039276123047,23.170000076293945,23.239999771118164,23.040000915527344,23.209999084472656,212500
2020-07-21,16.68195915222168,23.200000762939453,23.520000457763672,23.18000030517578,23.270000457763672,248500
2020-07-22,16.998348236083984,23.639999389648438,23.709999084472656,23.100000381469727,23.100000381469727,201300
2020-07-23,16.717918395996094,23.25,23.6200008392334,23.209999084472656,23.440000534057617,263100
2020-07-24,16.63162612915039,23.1299991607666,23.309999465942383,23.010000228881836,23.200000762939453,203700
2020-07-27,16.538158416748047,23.0,23.389999389648438,22.809999465942383,23.350000381469727,229600
2020-07-28,16.696346282958984,23.219999313354492,23.280000686645508,23.0,23.0,151600
2020-07-29,16.90486717224121,23.510000228881836,23.639999389648438,23.299999237060547,23.31999969482422,199300
2020-07-30,16.804210662841797,23.3700008392334,23.479999542236328,23.06999969482422,23.280000686645508,166700
2020-07-31,16.76824951171875,23.31999969482422,23.579999923706055,23.1200008392334,23.559999465942383,231700
2020-08-03,16.76824951171875,23.31999969482422,23.5,23.15999984741211,23.280000686645508,250400
2020-08-04,16.811391830444336,23.3799991607666,23.469999313354492,23.15999984741211,23.170000076293945,204300
2020-08-05,16.976770401000977,23.610000610351562,23.6299991607666,23.399999618530273,23.399999618530273,188800
2020-08-06,16.955202102661133,23.579999923706055,23.6299991607666,23.469999313354492,23.610000610351562,171700
2020-08-07,17.08463478088379,23.760000228881836,23.760000228881836,23.459999084472656,23.459999084472656,149900
2020-08-10,17.134965896606445,23.829999923706055,24.079999923706055,23.780000686645508,23.90999984741211,223800
2020-08-11,16.897682189941406,23.5,24.040000915527344,23.5,23.950000762939453,193900
2020-08-12,17.01991844177246,23.670000076293945,23.780000686645508,23.459999084472656,23.459999084472656,219700
2020-08-13,17.11339569091797,23.799999237060547,23.8799991607666,23.579999923706055,23.6200008392334,146600
2020-08-14,17.235633850097656,23.969999313354492,24.139999389648438,23.760000228881836,23.889999389648438,230900
2020-08-17,17.11339569091797,23.799999237060547,24.149999618530273,23.75,24.149999618530273,252400
2020-08-18,17.00121307373047,23.489999771118164,23.739999771118164,23.479999542236328,23.649999618530273,183800
2020-08-19,16.972265243530273,23.450000762939453,23.610000610351562,23.360000610351562,23.469999313354492,173500
2020-08-20,16.68275260925293,23.049999237060547,23.34000015258789,22.969999313354492,23.219999313354492,240200
2020-08-21,16.5307674407959,22.84000015258789,23.079999923706055,22.649999618530273,22.979999542236328,228600
2020-08-24,16.559711456298828,22.8799991607666,22.969999313354492,22.780000686645508,22.899999618530273,185400
2020-08-25,16.55247688293457,22.8700008392334,23.0,22.75,22.90999984741211,132800
2020-08-26,16.49457550048828,22.790000915527344,22.889999389648438,22.739999771118164,22.829999923706055,147400
2020-08-27,16.610382080078125,22.950000762939453,23.0,22.739999771118164,22.790000915527344,241900
2020-08-28,16.78408432006836,23.190000534057617,23.25,22.829999923706055,22.899999618530273,198800
2020-08-31,16.820266723632812,23.239999771118164,23.420000076293945,23.110000610351562,23.31999969482422,269400
2020-09-01,16.762367248535156,23.15999984741211,23.299999237060547,23.059999465942383,23.170000076293945,256800
2020-09-02,17.14596176147461,23.690000534057617,23.920000076293945,23.170000076293945,23.190000534057617,326000
2020-09-03,16.820266723632812,23.239999771118164,23.780000686645508,23.170000076293945,23.6200008392334,179100
2020-09-04,16.689992904663086,23.059999465942383,23.459999084472656,22.579999923706055,23.229999542236328,256800
2020-09-08,16.436677932739258,22.709999084472656,22.850000381469727,22.579999923706055,22.700000762939453,197200
2020-09-09,16.733421325683594,23.1200008392334,23.18000030517578,22.799999237060547,22.799999237060547,135600
2020-09-10,16.545238494873047,22.860000610351562,23.149999618530273,22.81999969482422,23.149999618530273,174200
2020-09-11,16.49457550048828,22.790000915527344,22.90999984741211,22.59000015258789,22.860000610351562,206800
2020-09-14,16.668275833129883,23.030000686645508,23.030000686645508,22.81999969482422,22.81999969482422,220500
2020-09-15,16.715639114379883,22.940000534057617,23.139999389648438,22.850000381469727,22.93000030517578,179900
2020-09-16,16.773937225341797,23.020000457763672,23.139999389648438,22.899999618530273,23.020000457763672,168600
2020-09-17,16.69377899169922,22.90999984741211,22.979999542236328,22.700000762939453,22.8799991607666,178300
2020-09-18,16.46060562133789,22.59000015258789,22.860000610351562,22.549999237060547,22.860000610351562,161700
2020-09-21,15.928685188293457,21.860000610351562,22.389999389648438,21.700000762939453,22.309999465942383,400100
2020-09-22,16.110849380493164,22.110000610351562,22.139999389648438,21.84000015258789,21.889999389648438,202100
2020-09-23,15.92140007019043,21.850000381469727,22.329999923706055,21.84000015258789,22.25,252400
2020-09-24,15.855813980102539,21.760000228881836,21.90999984741211,21.510000228881836,21.700000762939453,299800
2020-09-25,15.928685188293457,21.860000610351562,21.940000534057617,21.549999237060547,21.610000610351562,178500
2020-09-28,16.191003799438477,22.219999313354492,22.309999465942383,21.989999771118164,21.989999771118164,178600
2020-09-29,16.07441520690918,22.059999465942383,22.270000457763672,21.920000076293945,22.149999618530273,184300
2020-09-30,16.198280334472656,22.229999542236328,22.5,22.06999969482422,22.110000610351562,248300
2020-10-01,16.351303100585938,22.440000534057617,22.700000762939453,22.229999542236328,22.229999542236328,200000
2020-10-02,16.234724044799805,22.280000686645508,22.489999771118164,22.09000015258789,22.139999389648438,145600
2020-10-05,16.43146514892578,22.549999237060547,22.6299991607666,22.229999542236328,22.229999542236328,158700
2020-10-06,16.628198623657227,22.81999969482422,23.049999237060547,22.549999237060547,22.549999237060547,184700
2020-10-07,16.86866569519043,23.149999618530273,23.25,22.950000762939453,22.969999313354492,187700
2020-10-08,17.007110595703125,23.34000015258789,23.420000076293945,23.200000762939453,23.239999771118164,146200
2020-10-09,17.007110595703125,23.34000015258789,23.5,23.34000015258789,23.5,167700
2020-10-12,17.145559310913086,23.530000686645508,23.639999389648438,23.34000015258789,23.34000015258789,176000
2020-10-13,17.046537399291992,23.239999771118164,23.270000457763672,23.100000381469727,23.260000228881836,164500
2020-10-14,17.039196014404297,23.229999542236328,23.389999389648438,23.1200008392334,23.1200008392334,147300
2020-10-15,16.90716552734375,23.049999237060547,23.200000762939453,22.969999313354492,23.190000534057617,136400
2020-10-16,17.039196014404297,23.229999542236328,23.260000228881836,23.030000686645508,23.049999237060547,139200
2020-10-19,16.767803192138672,22.860000610351562,23.360000610351562,22.860000610351562,23.34000015258789,148900
2020-10-20,16.87049674987793,23.0,23.110000610351562,22.8799991607666,22.8799991607666,146700
2020-10-21,17.017196655273438,23.200000762939453,23.3700008392334,23.030000686645508,23.100000381469727,274800
2020-10-22,17.068540573120117,23.270000457763672,23.389999389648438,23.030000686645508,23.15999984741211,143800
2020-10-23,17.075881958007812,23.280000686645508,23.389999389648438,23.270000457763672,23.34000015258789,90600
2020-10-26,16.95851707458496,23.1200008392334,23.25,22.93000030517578,23.059999465942383,215900
2020-10-27,16.91449546813965,23.059999465942383,23.190000534057617,23.049999237060547,23.1299991607666,99700
2020-10-28,16.445070266723633,22.420000076293945,22.899999618530273,22.399999618530273,22.850000381469727,229600
2020-10-29,16.569753646850586,22.59000015258789,22.799999237060547,22.229999542236328,22.5,307500
2020-10-30,16.7017879486084,22.770000457763672,22.8700008392334,22.489999771118164,22.6200008392334,281500
2020-11-02,17.039196014404297,23.229999542236328,23.350000381469727,22.899999618530273,23.030000686645508,330600
2020-11-03,17.523313522338867,23.889999389648438,23.959999084472656,23.3700008392334,23.489999771118164,428200
2020-11-04,17.413284301757812,23.739999771118164,24.18000030517578,23.709999084472656,23.920000076293945,292100
2020-11-05,17.794706344604492,24.260000228881836,24.299999237060547,23.899999618530273,23.979999542236328,333800
2020-11-06,18.139450073242188,24.729999542236328,24.850000381469727,24.420000076293945,24.440000534057617,486200
2020-11-09,18.37416648864746,25.049999237060547,25.93000030517578,24.989999771118164,25.469999313354492,534000
2020-11-10,18.806934356689453,25.639999389648438,25.65999984741211,25.020000457763672,25.1200008392334,351400
2020-11-11,19.019657135009766,25.93000030517578,26.170000076293945,25.739999771118164,25.739999771118164,311800
2020-11-12,18.777597427368164,25.600000381469727,25.979999542236328,25.559999465942383,25.940000534057617,232500
2020-11-13,19.115001678466797,26.059999465942383,26.079999923706055,25.670000076293945,25.75,190800
2020-11-16,19.38640022277832,26.43000030517578,26.559999465942383,26.190000534057617,26.25,408700
2020-11-17,19.190872192382812,26.010000228881836,26.200000762939453,25.399999618530273,26.139999389648438,498800
2020-11-18,18.86623191833496,25.56999969482422,26.079999923706055,25.469999313354492,25.959999084472656,197000
2020-11-19,18.74818229675293,25.40999984741211,25.5,25.200000762939453,25.399999618530273,221800
2020-11-20,18.80720329284668,25.489999771118164,25.56999969482422,25.18000030517578,25.299999237060547,177500
2020-11-23,18.9473934173584,25.68000030517578,25.81999969482422,25.510000228881836,25.6200008392334,185900
2020-11-24,18.984285354614258,25.729999542236328,25.860000610351562,25.559999465942383,25.729999542236328,219300
2020-11-25,19.072826385498047,25.850000381469727,26.09000015258789,25.559999465942383,25.610000610351562,184300
2020-11-27,19.117090225219727,25.90999984741211,26.100000381469727,25.65999984741211,25.850000381469727,117200
2020-11-30,19.124475479125977,25.920000076293945,26.219999313354492,25.860000610351562,26.010000228881836,311300
2020-12-01,18.903127670288086,25.6200008392334,26.25,25.540000915527344,26.100000381469727,271200
2020-12-02,19.058067321777344,25.829999923706055,26.09000015258789,25.510000228881836,25.510000228881836,261300
2020-12-03,18.94001007080078,25.670000076293945,26.0,25.5,25.860000610351562,243600
2020-12-04,19.02117347717285,25.780000686645508,25.8799991607666,25.610000610351562,25.670000076293945,191300
2020-12-07,19.065448760986328,25.84000015258789,26.1299991607666,25.709999084472656,25.850000381469727,281200
2020-12-08,18.96215057373047,25.700000762939453,25.989999771118164,25.68000030517578,25.84000015258789,158500
2020-12-09,18.94001007080078,25.670000076293945,26.0,25.56999969482422,25.780000686645508,233100
2020-12-10,18.792448043823242,25.469999313354492,25.75,25.440000534057617,25.579999923706055,206300
2020-12-11,18.70391273498535,25.350000381469727,25.450000762939453,25.09000015258789,25.309999465942383,257700
2020-12-14,19.1466064453125,25.950000762939453,26.020000457763672,25.420000076293945,25.5,342100
2020-12-15,19.172584533691406,25.829999923706055,25.889999389648438,25.610000610351562,25.889999389648438,217500
2020-12-16,19.231962203979492,25.90999984741211,26.040000915527344,25.799999237060547,25.93000030517578,222300
2020-12-17,19.194849014282227,25.860000610351562,26.040000915527344,25.700000762939453,26.0,279200
2020-12-18,19.157739639282227,25.809999465942383,26.020000457763672,25.729999542236328,25.760000228881836,273400
2020-12-21,19.04640007019043,25.65999984741211,25.799999237060547,25.420000076293945,25.530000686645508,166400
2020-12-22,18.89794921875,25.459999084472656,25.65999984741211,25.3700008392334,25.6200008392334,213800
2020-12-23,18.994436264038086,25.59000015258789,25.75,25.5,25.5,171400
2020-12-24,18.97216796875,25.559999465942383,25.690000534057617,25.510000228881836,25.540000915527344,69700
2020-12-28,18.756919860839844,25.270000457763672,25.75,25.260000228881836,25.690000534057617,369700
2020-12-29,18.831144332885742,25.3700008392334,25.670000076293945,25.280000686645508,25.280000686645508,148400
2020-12-30,19.135467529296875,25.780000686645508,25.780000686645508,25.34000015258789,25.34000015258789,163900
2020-12-31,19.165163040161133,25.81999969482422,26.260000228881836,25.719999313354492,25.860000610351562,372100
2021-01-04,19.01671028137207,25.6200008392334,25.950000762939453,25.389999389648438,25.8700008392334,300900
2021-01-05,19.098358154296875,25.729999542236328,25.889999389648438,25.43000030517578,25.459999084472656,267300
2021-01-06,19.31361961364746,26.020000457763672,26.239999771118164,25.649999618530273,25.68000030517578,254100
2021-01-07,19.580827713012695,26.3799991607666,26.59000015258789,26.100000381469727,26.100000381469727,486900
2021-01-08,19.892580032348633,26.799999237060547,26.899999618530273,26.420000076293945,26.420000076293945,343000
2021-01-11,20.100404739379883,27.079999923706055,27.079999923706055,26.6200008392334,26.75,388000
2021-01-12,20.074277877807617,26.889999389648438,26.979999542236328,26.649999618530273,26.780000686645508,305500
2021-01-13,19.969768524169922,26.75,27.09000015258789,26.5,26.93000030517578,232000
2021-01-14,20.081750869750977,26.899999618530273,27.100000381469727,26.790000915527344,26.950000762939453,287600
2021-01-15,20.20865821838379,27.06999969482422,27.06999969482422,26.700000762939453,26.799999237060547,186700
2021-01-19,20.02202796936035,26.81999969482422,27.100000381469727,26.729999542236328,26.989999771118164,263700
2021-01-20,20.193729400634766,27.049999237060547,27.15999984741211,26.770000457763672,26.81999969482422,233900
2021-01-21,20.148935317993164,26.989999771118164,27.15999984741211,26.850000381469727,27.049999237060547,177400
2021-01-22,19.81299591064453,26.540000915527344,26.969999313354492,26.43000030517578,26.90999984741211,363900
2021-01-25,19.798067092895508,26.520000457763672,26.670000076293945,26.329999923706055,26.5,261200
2021-01-26,19.93990707397461,26.709999084472656,26.889999389648438,26.559999465942383,26.760000228881836,200800
2021-01-27,19.805526733398438,26.530000686645508,26.760000228881836,26.389999389648438,26.59000015258789,221300
2021-01-28,19.93990707397461,26.709999084472656,26.940000534057617,26.5,26.510000228881836,211700
2021-01-29,19.86525535583496,26.610000610351562,27.06999969482422,26.579999923706055,26.790000915527344,256700
2021-02-01,19.857789993286133,26.600000381469727,26.850000381469727,26.5,26.549999237060547,233200
2021-02-02,20.096677780151367,26.920000076293945,27.139999389648438,26.639999389648438,26.649999618530273,232000
2021-02-03,20.05934715270996,26.8700008392334,27.139999389648438,26.719999313354492,27.0,204700
2021-02-04,20.20119285583496,27.059999465942383,27.1200008392334,26.809999465942383,26.899999618530273,252300
2021-02-05,20.268381118774414,27.149999618530273,27.299999237060547,27.020000457763672,27.139999389648438,449000
2021-02-08,20.38783073425293,27.309999465942383,27.479999542236328,27.15999984741211,27.239999771118164,304300
2021-02-09,20.27895736694336,27.010000228881836,27.34000015258789,26.959999084472656,27.25,284200
2021-02-10,20.211383819580078,26.920000076293945,27.170000076293945,26.850000381469727,27.049999237060547,224300
2021-02-11,20.09876823425293,26.770000457763672,27.100000381469727,26.729999542236328,26.889999389648438,201900
2021-02-12,20.151325225830078,26.84000015258789,27.010000228881836,26.719999313354492,26.8700008392334,216500
2021-02-16,19.918577194213867,26.530000686645508,26.90999984741211,26.530000686645508,26.760000228881836,295700
2021-02-17,19.828481674194336,26.40999984741211,26.639999389648438,26.149999618530273,26.510000228881836,211900
2021-02-18,20.001169204711914,26.639999389648438,26.700000762939453,26.200000762939453,26.3799991607666,200400
2021-02-19,19.99365997314453,26.6299991607666,26.8700008392334,26.510000228881836,26.6299991607666,165300
2021-02-22,19.603246688842773,26.110000610351562,26.809999465942383,26.09000015258789,26.549999237060547,314500
2021-02-23,19.475608825683594,25.940000534057617,26.329999923706055,25.899999618530273,26.040000915527344,232800
2021-02-24,19.280399322509766,25.68000030517578,26.079999923706055,25.489999771118164,25.899999618530273,492700
2021-02-25,18.889989852905273,25.15999984741211,25.6299991607666,24.809999465942383,25.5,364000
2021-02-26,19.13775062561035,25.489999771118164,25.75,25.209999084472656,25.399999618530273,248600
2021-03-01,19.805957794189453,26.3799991607666,26.3799991607666,25.600000381469727,25.84000015258789,192700
2021-03-02,20.03870964050293,26.690000534057617,26.850000381469727,25.989999771118164,26.3799991607666,188400
2021-03-03,19.36299705505371,25.790000915527344,26.600000381469727,25.700000762939453,26.600000381469727,223100
2021-03-04,19.09270477294922,25.43000030517578,25.899999618530273,25.139999389648438,25.729999542236328,253600
2021-03-05,19.723377227783203,26.270000457763672,26.399999618530273,25.399999618530273,25.540000915527344,242100
2021-03-08,19.565706253051758,26.059999465942383,26.690000534057617,26.0,26.440000534057617,236600
2021-03-09,19.783432006835938,26.350000381469727,26.610000610351562,26.1200008392334,26.329999923706055,166100
2021-03-10,19.723377227783203,26.270000457763672,26.639999389648438,26.209999084472656,26.389999389648438,168700
2021-03-11,19.79094123840332,26.360000610351562,26.639999389648438,26.34000015258789,26.389999389648438,187900
2021-03-12,19.88104248046875,26.479999542236328,26.6200008392334,26.360000610351562,26.489999771118164,163200
2021-03-15,19.918577194213867,26.530000686645508,26.670000076293945,26.450000762939453,26.479999542236328,236900
2021-03-16,19.61271858215332,25.969999313354492,26.459999084472656,25.90999984741211,26.399999618530273,447800
2021-03-17,19.590063095092773,25.940000534057617,26.1299991607666,25.850000381469727,25.950000762939453,116500
2021-03-18,19.650480270385742,26.020000457763672,26.079999923706055,25.8700008392334,26.059999465942383,146500
2021-03-19,19.72600555419922,26.1200008392334,26.170000076293945,25.850000381469727,25.940000534057617,144700
2021-03-22,20.05829620361328,26.559999465942383,26.600000381469727,26.149999618530273,26.149999618530273,153800
2021-03-23,20.216890335083008,26.770000457763672,26.860000610351562,26.600000381469727,26.6200008392334,204900
2021-03-24,20.352827072143555,26.950000762939453,27.100000381469727,26.809999465942383,26.899999618530273,231200
2021-03-25,20.47365379333496,27.110000610351562,27.110000610351562,26.84000015258789,26.940000534057617,243400
2021-03-26,20.46611213684082,27.100000381469727,27.149999618530273,26.84000015258789,27.139999389648438,278400
2021-03-29,20.677568435668945,27.3799991607666,27.40999984741211,27.100000381469727,27.100000381469727,223900
2021-03-30,20.61713981628418,27.299999237060547,27.399999618530273,26.860000610351562,27.31999969482422,245500
2021-03-31,21.092924118041992,27.93000030517578,27.979999542236328,27.3700008392334,27.459999084472656,422900
2021-04-01,21.3345947265625,28.25,28.3700008392334,28.020000457763672,28.09000015258789,289600
2021-04-05,21.644227981567383,28.65999984741211,28.860000610351562,28.299999237060547,28.299999237060547,483600
2021-04-06,21.825475692749023,28.899999618530273,29.06999969482422,28.610000610351562,28.65999984741211,263100
2021-04-07,22.097347259521484,29.260000228881836,29.3799991607666,28.959999084472656,28.979999542236328,277200
2021-04-08,21.787717819213867,28.850000381469727,29.420000076293945,28.780000686645508,29.420000076293945,349000
2021-04-09,21.98407745361328,29.110000610351562,29.25,28.950000762939453,28.989999771118164,170200
2021-04-12,22.135112762451172,29.309999465942383,29.5,28.90999984741211,28.969999313354492,286600
2021-04-13,22.154085159301758,29.18000030517578,29.260000228881836,28.969999313354492,29.110000610351562,162300
2021-04-14,22.138904571533203,29.15999984741211,29.40999984741211,29.049999237060547,29.049999237060547,174300
2021-04-15,22.267972946166992,29.329999923706055,29.360000610351562,29.149999618530273,29.25,205200
2021-04-16,22.404630661010742,29.510000228881836,29.950000762939453,29.299999237060547,29.40999984741211,330400
2021-04-19,22.070575714111328,29.06999969482422,29.540000915527344,28.959999084472656,29.510000228881836,245700
2021-04-20,21.782068252563477,28.690000534057617,29.1299991607666,28.420000076293945,28.950000762939453,315700
2021-04-21,21.842809677124023,28.770000457763672,29.09000015258789,28.610000610351562,28.850000381469727,196800
2021-04-22,21.766891479492188,28.670000076293945,28.81999969482422,28.579999923706055,28.81999969482422,205000
2021-04-23,21.99465560913086,28.969999313354492,28.979999542236328,28.68000030517578,28.68000030517578,112600
2021-04-26,21.698556900024414,28.579999923706055,29.229999542236328,28.520000457763672,29.209999084472656,187000
2021-04-27,21.766891479492188,28.670000076293945,28.860000610351562,28.549999237060547,28.649999618530273,191400
2021-04-28,21.941516876220703,28.899999618530273,29.020000457763672,28.709999084472656,28.709999084472656,214800
2021-04-29,22.214826583862305,29.260000228881836,29.43000030517578,28.93000030517578,28.959999084472656,168900
2021-04-30,22.548887252807617,29.700000762939453,29.829999923706055,29.260000228881836,29.34000015258789,254600
2021-05-03,22.19205093383789,29.229999542236328,29.850000381469727,29.200000762939453,29.799999237060547,320500
2021-05-04,21.842809677124023,28.770000457763672,29.200000762939453,28.56999969482422,29.079999923706055,321800
2021-05-05,21.865581512451172,28.799999237060547,28.93000030517578,28.670000076293945,28.93000030517578,152100
2021-05-06,22.131317138671875,29.149999618530273,29.209999084472656,28.6200008392334,28.959999084472656,146500
2021-05-07,22.252790451049805,29.309999465942383,29.399999618530273,29.1299991607666,29.170000076293945,201100
2021-05-10,22.526111602783203,29.670000076293945,29.670000076293945,29.06999969482422,29.43000030517578,199400
2021-05-11,22.071998596191406,28.920000076293945,29.239999771118164,28.760000228881836,29.059999465942383,170200
2021-05-12,21.484331130981445,28.149999618530273,28.850000381469727,28.06999969482422,28.84000015258789,243200
2021-05-13,21.63697052001953,28.350000381469727,28.479999542236328,28.100000381469727,28.219999313354492,217700
2021-05-14,21.675134658813477,28.399999618530273,28.5,28.34000015258789,28.489999771118164,156100
2021-05-17,21.89645767211914,28.690000534057617,28.700000762939453,28.270000457763672,28.479999542236328,117800
2021-05-18,21.766721725463867,28.520000457763672,28.65999984741211,28.360000610351562,28.520000457763672,104800
2021-05-19,21.369844436645508,28.0,28.520000457763672,27.860000610351562,28.479999542236328,188300
2021-05-20,21.560649871826172,28.25,28.3799991607666,27.899999618530273,28.0,118100
2021-05-21,21.69039535522461,28.420000076293945,28.479999542236328,28.25,28.3799991607666,101800
2021-05-24,21.911727905273438,28.709999084472656,28.729999542236328,28.43000030517578,28.43000030517578,146900
2021-05-25,21.85830307006836,28.639999389648438,28.899999618530273,28.530000686645508,28.65999984741211,110400
2021-05-26,22.102529525756836,28.959999084472656,29.1200008392334,28.690000534057617,28.790000915527344,143500
2021-05-27,22.30859375,29.229999542236328,29.34000015258789,28.93000030517578,28.93000030517578,158000
2021-05-28,22.38491439819336,29.329999923706055,29.690000534057617,29.309999465942383,29.329999923706055,186300
2021-06-01,22.071998596191406,28.920000076293945,29.59000015258789,28.8799991607666,29.559999465942383,194900
2021-06-02,22.285703659057617,29.200000762939453,29.440000534057617,28.760000228881836,28.93000030517578,156800
2021-06-03,22.186479568481445,29.06999969482422,29.350000381469727,28.93000030517578,29.100000381469727,155700
2021-06-04,22.21701431274414,29.110000610351562,29.270000457763672,29.0,29.06999969482422,108600
2021-06-07,22.201745986938477,29.09000015258789,29.25,29.0,29.149999618530273,149800
2021-06-08,22.15595817565918,29.030000686645508,29.25,29.0,29.09000015258789,131100
2021-06-09,22.300966262817383,29.219999313354492,29.299999237060547,29.059999465942383,29.09000015258789,247000
2021-06-10,22.285703659057617,29.200000762939453,29.530000686645508,29.100000381469727,29.399999618530273,142500
2021-06-11,22.262800216674805,29.170000076293945,29.329999923706055,29.059999465942383,29.25,102800
2021-06-14,22.33911895751953,29.270000457763672,29.31999969482422,29.1299991607666,29.280000686645508,157500
2021-06-15,22.120447158813477,28.829999923706055,29.200000762939453,28.770000457763672,29.110000610351562,187500
2021-06-16,21.813547134399414,28.43000030517578,28.829999923706055,28.350000381469727,28.739999771118164,138300
2021-06-17,21.568010330200195,28.110000610351562,28.469999313354492,28.030000686645508,28.3700008392334,196100
2021-06-18,21.0002384185791,27.3700008392334,28.100000381469727,26.549999237060547,27.989999771118164,639200
2021-06-21,21.215070724487305,27.649999618530273,27.809999465942383,27.239999771118164,27.299999237060547,182700
2021-06-22,21.452924728393555,27.959999084472656,28.040000915527344,27.649999618530273,27.770000457763672,149000
2021-06-23,21.268779754638672,27.719999313354492,27.90999984741211,27.670000076293945,27.889999389648438,146500
2021-06-24,21.368532180786133,27.850000381469727,27.969999313354492,27.719999313354492,27.75,145900
2021-06-25,21.591035842895508,28.139999389648438,28.170000076293945,27.84000015258789,27.899999618530273,121900
2021-06-28,21.974668502807617,28.639999389648438,28.649999618530273,28.110000610351562,28.299999237060547,177800
2021-06-29,21.913284301757812,28.559999465942383,28.729999542236328,28.329999923706055,28.729999542236328,141200
2021-06-30,22.013029098510742,28.690000534057617,28.75,28.31999969482422,28.68000030517578,216400
2021-07-01,21.598709106445312,28.149999618530273,28.8700008392334,28.149999618530273,28.81999969482422,179200
2021-07-02,21.85190773010254,28.479999542236328,28.5,28.229999542236328,28.25,91900
2021-07-06,21.629404067993164,28.190000534057617,28.600000381469727,28.020000457763672,28.600000381469727,209700
2021-07-07,21.629404067993164,28.190000534057617,28.31999969482422,28.100000381469727,28.1299991607666,127000
2021-07-08,21.483612060546875,28.0,28.030000686645508,27.75,28.0,150200
2021-07-09,21.775182723999023,28.3799991607666,28.549999237060547,28.020000457763672,28.020000457763672,127300
2021-07-12,21.821216583251953,28.440000534057617,28.559999465942383,28.280000686645508,28.399999618530273,174900
2021-07-13,21.879077911376953,28.360000610351562,28.559999465942383,28.280000686645508,28.40999984741211,136800
2021-07-14,21.87135887145996,28.350000381469727,28.469999313354492,28.1299991607666,28.469999313354492,99600
2021-07-15,21.75564193725586,28.200000762939453,28.450000762939453,28.149999618530273,28.350000381469727,101400
2021-07-16,21.701635360717773,28.1299991607666,28.280000686645508,28.110000610351562,28.190000534057617,97300
2021-07-19,21.315893173217773,27.6299991607666,28.0,27.34000015258789,28.0,207500
2021-07-20,21.57819938659668,27.969999313354492,28.139999389648438,27.600000381469727,27.600000381469727,99600
2021-07-21,21.462482452392578,27.81999969482422,28.020000457763672,27.799999237060547,27.93000030517578,118600
2021-07-22,21.609054565429688,28.010000228881836,28.06999969482422,27.809999465942383,27.850000381469727,98600
2021-07-23,21.92536735534668,28.420000076293945,28.489999771118164,28.049999237060547,28.209999084472656,160400
2021-07-26,21.6707763671875,28.09000015258789,28.5,27.979999542236328,28.420000076293945,132900
2021-07-27,21.539630889892578,27.920000076293945,28.190000534057617,27.899999618530273,28.020000457763672,92700
2021-07-28,21.56277084350586,27.950000762939453,28.049999237060547,27.829999923706055,27.920000076293945,173600
2021-07-29,21.778783798217773,28.229999542236328,28.239999771118164,27.979999542236328,27.979999542236328,126700
2021-07-30,21.855934143066406,28.329999923706055,28.489999771118164,28.139999389648438,28.260000228881836,159500
2021-08-02,22.00250816345215,28.520000457763672,28.600000381469727,28.350000381469727,28.420000076293945,109500
2021-08-03,21.879077911376953,28.360000610351562,28.579999923706055,28.350000381469727,28.510000228881836,117400
2021-08-04,22.064228057861328,28.600000381469727,28.600000381469727,28.139999389648438,28.3700008392334,193100
2021-08-05,22.164525985717773,28.729999542236328,28.799999237060547,28.59000015258789,28.649999618530273,92800
2021-08-06,22.411396026611328,29.049999237060547,29.049999237060547,28.729999542236328,28.799999237060547,89100
2021-08-09,22.295671463012695,28.899999618530273,29.0,28.780000686645508,28.959999084472656,115300
2021-08-10,22.627410888671875,29.329999923706055,29.360000610351562,28.920000076293945,28.950000762939453,131400
2021-08-11,22.989999771118164,29.799999237060547,29.809999465942383,29.239999771118164,29.40999984741211,198900
2021-08-12,22.85113525390625,29.6200008392334,29.81999969482422,29.549999237060547,29.81999969482422,131800
2021-08-13,23.013145446777344,29.829999923706055,29.850000381469727,29.68000030517578,29.770000457763672,129800
2021-08-16,22.527114868164062,29.200000762939453,29.799999237060547,29.15999984741211,29.799999237060547,274500
2021-08-17,22.181976318359375,28.600000381469727,29.1200008392334,28.549999237060547,29.09000015258789,177400
2021-08-18,22.088903427124023,28.479999542236328,28.700000762939453,28.360000610351562,28.5,108900
2021-08-19,21.794178009033203,28.100000381469727,28.489999771118164,28.049999237060547,28.350000381469727,198300
2021-08-20,22.011348724365234,28.3799991607666,28.530000686645508,28.06999969482422,28.139999389648438,128600
2021-08-23,22.19748878479004,28.6200008392334,28.65999984741211,28.5,28.530000686645508,173800
2021-08-24,22.267292022705078,28.709999084472656,28.75,28.469999313354492,28.690000534057617,171500
2021-08-25,22.15870475769043,28.56999969482422,28.75,28.520000457763672,28.75,135200
2021-08-26,22.14320182800293,28.549999237060547,28.649999618530273,28.360000610351562,28.649999618530273,103100
2021-08-27,22.36035919189453,28.829999923706055,28.889999389648438,28.600000381469727,28.709999084472656,161800
2021-08-30,22.63958168029785,29.190000534057617,29.190000534057617,28.719999313354492,28.850000381469727,188500
2021-08-31,22.56977653503418,29.100000381469727,29.329999923706055,29.020000457763672,29.280000686645508,189400
2021-09-01,22.810209274291992,29.40999984741211,29.459999084472656,28.93000030517578,29.170000076293945,119800
2021-09-02,22.825721740722656,29.43000030517578,29.459999084472656,29.309999465942383,29.459999084472656,115500
2021-09-03,22.918792724609375,29.549999237060547,29.549999237060547,29.360000610351562,29.479999542236328,92200
2021-09-07,22.69386863708496,29.260000228881836,29.610000610351562,29.200000762939453,29.610000610351562,148300
2021-09-08,22.63182258605957,29.18000030517578,29.3700008392334,29.09000015258789,29.18000030517578,140600
2021-09-09,22.51548194885254,29.030000686645508,29.18000030517578,29.010000228881836,29.100000381469727,121000
2021-09-10,22.104419708251953,28.5,29.360000610351562,28.5,29.049999237060547,159500
2021-09-13,22.33709716796875,28.799999237060547,28.989999771118164,28.600000381469727,28.65999984741211,131400
2021-09-14,22.153844833374023,28.40999984741211,28.690000534057617,28.299999237060547,28.579999923706055,170200
2021-09-15,22.16944122314453,28.43000030517578,28.5,28.280000686645508,28.399999618530273,154900
2021-09-16,22.153844833374023,28.40999984741211,28.56999969482422,28.200000762939453,28.3700008392334,162900
2021-09-17,21.9744930267334,28.18000030517578,28.440000534057617,28.139999389648438,28.440000534057617,129500
2021-09-20,21.38965606689453,27.43000030517578,27.989999771118164,27.219999313354492,27.889999389648438,290900
2021-09-21,21.467634201049805,27.530000686645508,27.799999237060547,27.469999313354492,27.469999313354492,125000
2021-09-22,21.561203002929688,27.649999618530273,27.829999923706055,27.59000015258789,27.6299991607666,161200
2021-09-23,21.631389617919922,27.739999771118164,27.889999389648438,27.649999618530273,27.649999618530273,119200
2021-09-24,21.584598541259766,27.68000030517578,27.850000381469727,27.579999923706055,27.780000686645508,95300
2021-09-27,21.39745330810547,27.440000534057617,27.770000457763672,27.399999618530273,27.600000381469727,153400
2021-09-28,21.030946731567383,26.969999313354492,27.299999237060547,26.850000381469727,27.260000228881836,177100
2021-09-29,21.038747787475586,26.979999542236328,27.149999618530273,26.600000381469727,27.010000228881836,249300
2021-09-30,21.132320404052734,27.100000381469727,27.3799991607666,26.950000762939453,27.18000030517578,162600
2021-10-01,21.233692169189453,27.229999542236328,27.309999465942383,26.920000076293945,27.1200008392334,118300
2021-10-04,21.27267837524414,27.280000686645508,27.3799991607666,27.059999465942383,27.149999618530273,127100
2021-10-05,21.37405014038086,27.40999984741211,27.579999923706055,27.350000381469727,27.350000381469727,107400
2021-10-06,21.662578582763672,27.780000686645508,27.889999389648438,27.18000030517578,27.34000015258789,136500
2021-10-07,21.771751403808594,27.920000076293945,28.079999923706055,27.709999084472656,27.809999465942383,123100
2021-10-08,21.68596839904785,27.809999465942383,28.0,27.700000762939453,27.8799991607666,110500
2021-10-11,21.600194931030273,27.700000762939453,27.799999237060547,27.59000015258789,27.760000228881836,127200
2021-10-12,21.58058738708496,27.520000457763672,27.649999618530273,27.309999465942383,27.510000228881836,121100
2021-10-13,21.64332389831543,27.600000381469727,27.670000076293945,27.389999389648438,27.489999771118164,86600
2021-10-14,21.776636123657227,27.770000457763672,27.90999984741211,27.610000610351562,27.709999084472656,122300
2021-10-15,21.85504722595215,27.8700008392334,27.989999771118164,27.81999969482422,27.8700008392334,91400
2021-10-18,21.823684692382812,27.829999923706055,27.959999084472656,27.690000534057617,27.739999771118164,105100
2021-10-19,21.86289405822754,27.8799991607666,28.0,27.75,27.809999465942383,109200
2021-10-20,22.05893898010254,28.1299991607666,28.270000457763672,27.84000015258789,27.969999313354492,114700
2021-10-21,21.941312789916992,27.979999542236328,28.270000457763672,27.8700008392334,28.139999389648438,115400
2021-10-22,22.113826751708984,28.200000762939453,28.270000457763672,28.0,28.09000015258789,81900
2021-10-25,22.05893898010254,28.1299991607666,28.31999969482422,28.030000686645508,28.18000030517578,110900
2021-10-26,22.082460403442383,28.15999984741211,28.299999237060547,28.1299991607666,28.149999618530273,106000
2021-10-27,22.004039764404297,28.059999465942383,28.350000381469727,28.0,28.290000915527344,143700
2021-10-28,22.24714469909668,28.3700008392334,28.3799991607666,28.100000381469727,28.100000381469727,108100
2021-10-29,22.286352157592773,28.420000076293945,28.459999084472656,28.25,28.3799991607666,153400
2021-11-01,22.36476707458496,28.520000457763672,28.579999923706055,28.399999618530273,28.420000076293945,122200
2021-11-02,22.2628231048584,28.389999389648438,28.56999969482422,28.299999237060547,28.549999237060547,129900
2021-11-03,22.294191360473633,28.43000030517578,28.559999465942383,28.299999237060547,28.469999313354492,81900
2021-11-04,22.035411834716797,28.100000381469727,28.479999542236328,27.989999771118164,28.43000030517578,175000
2021-11-05,22.184404373168945,28.290000915527344,28.34000015258789,28.1200008392334,28.1200008392334,95700
2021-11-08,22.30203628540039,28.440000534057617,28.5,28.170000076293945,28.479999542236328,208700
2021-11-09,22.50592041015625,28.700000762939453,28.760000228881836,28.260000228881836,28.3799991607666,153800
2021-11-10,22.65491485595703,28.889999389648438,28.899999618530273,28.600000381469727,28.700000762939453,144900
2021-11-11,22.56081199645996,28.770000457763672,28.950000762939453,28.670000076293945,28.950000762939453,100600
2021-11-12,22.662755966186523,28.899999618530273,28.969999313354492,28.610000610351562,28.729999542236328,144800
2021-11-15,22.60002899169922,28.81999969482422,28.950000762939453,28.700000762939453,28.889999389648438,160600
2021-11-16,22.375320434570312,28.3799991607666,28.829999923706055,28.299999237060547,28.739999771118164,137600
2021-11-17,22.10725975036621,28.040000915527344,28.34000015258789,27.979999542236328,28.31999969482422,171400
2021-11-18,21.973224639892578,27.8700008392334,28.149999618530273,27.850000381469727,28.049999237060547,126900
2021-11-19,21.831314086914062,27.690000534057617,27.829999923706055,27.639999389648438,27.790000915527344,121900
2021-11-22,22.012653350830078,27.920000076293945,28.06999969482422,27.75,27.799999237060547,181700
2021-11-23,22.091493606567383,28.020000457763672,28.100000381469727,27.850000381469727,28.030000686645508,175700
2021-11-24,22.0993709564209,28.030000686645508,28.110000610351562,27.90999984741211,27.989999771118164,144500
2021-11-26,21.99687385559082,27.899999618530273,27.950000762939453,27.719999313354492,27.81999969482422,98800
2021-11-29,22.146682739257812,28.09000015258789,28.110000610351562,27.81999969482422,27.90999984741211,153700
2021-11-30,21.965347290039062,27.860000610351562,28.149999618530273,27.809999465942383,28.100000381469727,180900
2021-12-01,21.768238067626953,27.610000610351562,28.290000915527344,27.520000457763672,28.059999465942383,221300
2021-12-02,21.681507110595703,27.5,27.739999771118164,27.5,27.510000228881836,177000
2021-12-03,21.563255310058594,27.350000381469727,27.59000015258789,27.290000915527344,27.530000686645508,149700
2021-12-06,21.67362403869629,27.489999771118164,27.600000381469727,27.309999465942383,27.34000015258789,196200
2021-12-07,21.902273178100586,27.780000686645508,27.920000076293945,27.600000381469727,27.600000381469727,156600
2021-12-08,21.910154342651367,27.790000915527344,27.889999389648438,27.700000762939453,27.709999084472656,126300
2021-12-09,21.736703872680664,27.56999969482422,27.770000457763672,27.549999237060547,27.610000610351562,159400
2021-12-10,21.823427200317383,27.68000030517578,27.8700008392334,27.559999465942383,27.65999984741211,173900
2021-12-13,21.784006118774414,27.6299991607666,27.690000534057617,27.5,27.579999923706055,145200
2021-12-14,21.716611862182617,27.389999389648438,27.600000381469727,27.34000015258789,27.360000610351562,121400
2021-12-15,22.160619735717773,27.950000762939453,27.969999313354492,27.309999465942383,27.43000030517578,181500
2021-12-16,21.986186981201172,27.729999542236328,28.190000534057617,27.719999313354492,27.920000076293945,153200
2021-12-17,21.764188766479492,27.450000762939453,27.75,27.440000534057617,27.6299991607666,101600
2021-12-20,21.61353874206543,27.260000228881836,27.389999389648438,27.059999465942383,27.200000762939453,187000
2021-12-21,21.756261825561523,27.440000534057617,27.559999465942383,27.229999542236328,27.389999389648438,146200
2021-12-22,21.859325408935547,27.56999969482422,27.6299991607666,27.420000076293945,27.420000076293945,108100
2021-12-23,21.90690040588379,27.6299991607666,27.75,27.600000381469727,27.639999389648438,98700
2021-12-27,22.017902374267578,27.770000457763672,27.8799991607666,27.6299991607666,27.649999618530273,172300
2021-12-28,22.1209716796875,27.899999618530273,28.049999237060547,27.770000457763672,27.799999237060547,129100
2021-12-29,22.239910125732422,28.049999237060547,28.139999389648438,27.899999618530273,27.989999771118164,126100
2021-12-30,22.319198608398438,28.149999618530273,28.15999984741211,27.950000762939453,28.06999969482422,135100
2021-12-31,22.596698760986328,28.5,28.5,28.190000534057617,28.260000228881836,132900
2022-01-03,22.929697036743164,28.920000076293945,29.18000030517578,28.25,28.540000915527344,438700
2022-01-04,22.715625762939453,28.649999618530273,28.920000076293945,28.6200008392334,28.920000076293945,187000
2022-01-05,22.382627487182617,28.229999542236328,28.770000457763672,28.229999542236328,28.59000015258789,144900
2022-01-06,22.27954864501953,28.100000381469727,28.290000915527344,28.0,28.260000228881836,178000
2022-01-07,22.477766036987305,28.350000381469727,28.389999389648438,27.979999542236328,28.190000534057617,121800
2022-01-10,22.350910186767578,28.190000534057617,28.299999237060547,27.959999084472656,28.299999237060547,218600
2022-01-11,22.31502914428711,27.989999771118164,28.06999969482422,27.799999237060547,28.0,149300
2022-01-12,22.307058334350586,27.979999542236328,28.170000076293945,27.959999084472656,28.100000381469727,112500
2022-01-13,22.131664276123047,27.760000228881836,28.139999389648438,27.729999542236328,27.989999771118164,146200
2022-01-14,21.956270217895508,27.540000915527344,27.770000457763672,27.440000534057617,27.559999465942383,167000
2022-01-18,21.717092514038086,27.239999771118164,27.549999237060547,27.149999618530273,27.5,204900
2022-01-19,21.485891342163086,26.950000762939453,27.469999313354492,26.940000534057617,27.270000457763672,224900
2022-01-20,21.374279022216797,26.809999465942383,27.350000381469727,26.799999237060547,27.049999237060547,161900
2022-01-21,20.61688995361328,25.860000610351562,26.770000457763672,25.760000228881836,26.75,331100
2022-01-24,20.27407455444336,25.43000030517578,25.559999465942383,24.25,25.5,749900
2022-01-25,20.62486457824707,25.8700008392334,26.110000610351562,24.809999465942383,25.18000030517578,451800
2022-01-26,20.84012222290039,26.139999389648438,26.329999923706055,25.809999465942383,26.020000457763672,302000
2022-01-27,20.85606575012207,26.15999984741211,26.59000015258789,26.139999389648438,26.229999542236328,231000
2022-01-28,21.127126693725586,26.5,26.510000228881836,26.010000228881836,26.260000228881836,175700
2022-01-31,21.661283493041992,27.170000076293945,27.170000076293945,26.360000610351562,26.489999771118164,219900
2022-02-01,21.74101448059082,27.270000457763672,27.479999542236328,27.170000076293945,27.239999771118164,184000
2022-02-02,21.988155364990234,27.579999923706055,27.6299991607666,27.270000457763672,27.3700008392334,173900
2022-02-03,21.876544952392578,27.440000534057617,27.639999389648438,27.329999923706055,27.469999313354492,185200
2022-02-04,21.74101448059082,27.270000457763672,27.459999084472656,27.020000457763672,27.399999618530273,148500
2022-02-07,21.629396438598633,27.1299991607666,27.469999313354492,27.06999969482422,27.34000015258789,160500
2022-02-08,21.661283493041992,27.170000076293945,27.270000457763672,27.06999969482422,27.270000457763672,98800
2022-02-09,21.940319061279297,27.520000457763672,27.6299991607666,27.309999465942383,27.309999465942383,136400
2022-02-10,21.326440811157227,26.75,27.540000915527344,26.65999984741211,27.3799991607666,203900
2022-02-11,21.422119140625,26.8700008392334,27.219999313354492,26.690000534057617,26.690000534057617,158600
2022-02-14,21.135095596313477,26.510000228881836,27.059999465942383,26.43000030517578,26.920000076293945,176800
2022-02-15,20.898527145385742,26.059999465942383,26.649999618530273,26.020000457763672,26.489999771118164,184300
2022-02-16,21.107032775878906,26.31999969482422,26.329999923706055,26.010000228881836,26.059999465942383,138000
2022-02-17,21.034854888916016,26.229999542236328,26.3700008392334,26.030000686645508,26.09000015258789,113900
2022-02-18,21.010801315307617,26.200000762939453,26.420000076293945,26.100000381469727,26.260000228881836,111000
2022-02-22,20.489540100097656,25.549999237060547,26.190000534057617,25.290000915527344,26.100000381469727,208900
2022-02-23,20.369251251220703,25.399999618530273,25.760000228881836,25.31999969482422,25.510000228881836,238400
2022-02-24,20.657947540283203,25.760000228881836,25.760000228881836,24.90999984741211,25.0,222700
2022-02-25,21.12307357788086,26.34000015258789,26.3700008392334,25.920000076293945,25.959999084472656,153100
2022-02-28,21.628292083740234,26.969999313354492,27.030000686645508,26.040000915527344,26.040000915527344,256800
2022-03-01,21.56414031982422,26.889999389648438,27.110000610351562,26.68000030517578,27.079999923706055,226700
2022-03-02,21.900951385498047,27.309999465942383,27.329999923706055,26.889999389648438,27.040000915527344,199900
2022-03-03,21.86888313293457,27.270000457763672,27.489999771118164,27.209999084472656,27.420000076293945,111100
2022-03-04,21.892932891845703,27.299999237060547,27.389999389648438,27.100000381469727,27.100000381469727,90600
2022-03-07,21.62027359008789,26.959999084472656,27.31999969482422,26.8799991607666,27.25,122300
2022-03-08,21.548105239868164,26.8700008392334,27.40999984741211,26.760000228881836,26.90999984741211,191900
2022-03-09,21.483949661254883,26.790000915527344,27.15999984741211,26.770000457763672,27.010000228881836,108400
2022-03-10,21.66037368774414,27.010000228881836,27.010000228881836,26.65999984741211,26.84000015258789,121500
2022-03-11,21.70848846435547,27.06999969482422,27.239999771118164,26.950000762939453,27.139999389648438,97700
2022-03-14,21.403749465942383,26.690000534057617,27.15999984741211,26.6200008392334,26.950000762939453,117600
2022-03-15,21.569108963012695,26.739999771118164,26.8799991607666,26.5,26.59000015258789,138100
2022-03-16,21.762693405151367,26.979999542236328,27.040000915527344,26.739999771118164,26.790000915527344,103900
2022-03-17,22.004684448242188,27.280000686645508,27.360000610351562,26.93000030517578,26.93000030517578,91800
2022-03-18,22.11761474609375,27.420000076293945,27.479999542236328,27.040000915527344,27.040000915527344,146900
2022-03-21,22.262800216674805,27.600000381469727,27.6200008392334,27.25,27.25,158100
2022-03-22,22.14987564086914,27.459999084472656,27.719999313354492,27.459999084472656,27.510000228881836,140800
2022-03-23,22.424129486083984,27.799999237060547,27.959999084472656,27.5,27.5,220600
2022-03-24,22.770977020263672,28.229999542236328,28.299999237060547,27.780000686645508,27.84000015258789,157100
2022-03-25,23.004898071289062,28.520000457763672,28.649999618530273,28.219999313354492,28.3799991607666,181400
2022-03-28,23.359811782836914,28.959999084472656,29.1299991607666,28.43000030517578,28.479999542236328,231000
2022-03-29,23.021032333374023,28.540000915527344,29.059999465942383,28.3700008392334,29.040000915527344,216700
2022-03-30,23.214624404907227,28.780000686645508,28.799999237060547,28.5,28.56999969482422,118600
2022-03-31,23.35174560546875,28.950000762939453,29.09000015258789,28.700000762939453,28.959999084472656,155900
2022-04-01,23.472740173339844,29.100000381469727,29.139999389648438,28.729999542236328,28.8799991607666,127600
2022-04-04,23.319482803344727,28.90999984741211,28.969999313354492,28.770000457763672,28.920000076293945,148100
2022-04-05,23.238815307617188,28.809999465942383,29.139999389648438,28.719999313354492,28.8700008392334,144900
2022-04-06,23.206554412841797,28.770000457763672,28.940000534057617,28.59000015258789,28.799999237060547,109900
2022-04-07,23.24688148498535,28.81999969482422,28.899999618530273,28.600000381469727,28.790000915527344,84300
2022-04-08,23.440475463867188,29.059999465942383,29.15999984741211,28.920000076293945,28.989999771118164,141200
2022-04-11,23.214624404907227,28.780000686645508,29.049999237060547,28.700000762939453,29.0,95700
2022-04-12,23.243005752563477,28.65999984741211,28.969999313354492,28.530000686645508,28.610000610351562,134000
2022-04-13,23.259225845336914,28.68000030517578,28.829999923706055,28.600000381469727,28.729999542236328,99300
2022-04-14,23.105131149291992,28.489999771118164,28.690000534057617,28.43000030517578,28.610000610351562,88700
2022-04-18,23.234891891479492,28.649999618530273,28.809999465942383,28.489999771118164,28.5,148700
2022-04-19,23.56740379333496,29.059999465942383,29.100000381469727,28.530000686645508,28.579999923706055,117700
2022-04-20,23.802587509155273,29.350000381469727,29.479999542236328,29.020000457763672,29.139999389648438,144300
2022-04-21,23.559289932250977,29.049999237060547,29.489999771118164,29.0,29.489999771118164,127000
2022-04-22,22.861839294433594,28.190000534057617,29.0,28.170000076293945,28.940000534057617,166600
2022-04-25,22.553661346435547,27.809999465942383,28.190000534057617,27.270000457763672,28.100000381469727,187800
2022-04-26,22.253599166870117,27.440000534057617,27.84000015258789,27.3799991607666,27.68000030517578,123000
2022-04-27,22.123836517333984,27.280000686645508,27.75,27.209999084472656,27.389999389648438,116200
2022-04-28,22.480669021606445,27.719999313354492,27.719999313354492,27.290000915527344,27.479999542236328,114200
2022-04-29,21.921091079711914,27.030000686645508,27.770000457763672,27.010000228881836,27.729999542236328,165900
2022-05-02,21.653467178344727,26.700000762939453,27.959999084472656,26.579999923706055,27.139999389648438,209100
2022-05-03,21.929203033447266,27.040000915527344,27.309999465942383,26.729999542236328,26.729999542236328,128900
2022-05-04,22.38334846496582,27.600000381469727,27.670000076293945,27.06999969482422,27.139999389648438,101400
2022-05-05,22.01840591430664,27.149999618530273,27.5,26.899999618530273,27.459999084472656,125000
2022-05-06,21.71023178100586,26.770000457763672,27.200000762939453,26.6200008392334,27.059999465942383,204600
2022-05-09,21.247970581054688,26.200000762939453,26.709999084472656,26.110000610351562,26.600000381469727,211400
2022-05-10,20.917564392089844,25.639999389648438,26.399999618530273,25.450000762939453,26.219999313354492,184600
2022-05-11,20.50149154663086,25.1299991607666,26.100000381469727,25.110000610351562,25.139999389648438,248700
2022-05-12,20.28938102722168,24.8700008392334,25.0,24.579999923706055,24.950000762939453,325800
2022-05-13,20.86045265197754,25.56999969482422,25.65999984741211,25.010000228881836,25.010000228881836,178000
2022-05-16,21.072566986083984,25.829999923706055,25.989999771118164,25.270000457763672,25.59000015258789,107300
2022-05-17,21.48863410949707,26.34000015258789,26.3700008392334,25.860000610351562,26.09000015258789,110800
2022-05-18,21.79048728942871,26.709999084472656,26.860000610351562,26.209999084472656,26.219999313354492,302000
2022-05-19,21.79048728942871,26.709999084472656,26.780000686645508,26.399999618530273,26.6200008392334,128400
2022-05-20,21.578371047973633,26.450000762939453,26.899999618530273,26.15999984741211,26.81999969482422,146400
2022-05-23,21.333627700805664,26.149999618530273,26.889999389648438,26.1200008392334,26.440000534057617,202800
2022-05-24,21.643634796142578,26.530000686645508,26.549999237060547,26.010000228881836,26.139999389648438,124900
2022-05-25,21.79048728942871,26.709999084472656,26.809999465942383,26.329999923706055,26.510000228881836,93100
2022-05-26,22.21471405029297,27.229999542236328,27.299999237060547,26.81999969482422,26.829999923706055,153600
2022-05-27,22.630775451660156,27.739999771118164,27.739999771118164,27.209999084472656,27.239999771118164,143100
2022-05-31,22.72867774963379,27.860000610351562,28.049999237060547,27.729999542236328,27.93000030517578,187900
2022-06-01,22.573671340942383,27.670000076293945,27.969999313354492,27.610000610351562,27.950000762939453,97400
2022-06-02,22.66341209411621,27.780000686645508,28.010000228881836,27.530000686645508,27.65999984741211,102000
2022-06-03,22.86736297607422,28.030000686645508,28.1200008392334,27.43000030517578,27.700000762939453,130900
2022-06-06,22.924474716186523,28.100000381469727,28.489999771118164,28.0,28.15999984741211,92500
2022-06-07,23.112110137939453,28.329999923706055,28.360000610351562,28.0,28.110000610351562,124200
2022-06-08,23.01420783996582,28.209999084472656,28.479999542236328,28.110000610351562,28.350000381469727,156100
2022-06-09,23.022367477416992,28.219999313354492,28.440000534057617,28.030000686645508,28.270000457763672,130100
2022-06-10,22.3044490814209,27.34000015258789,27.8700008392334,27.34000015258789,27.600000381469727,155700
2022-06-13,21.300992965698242,26.110000610351562,27.09000015258789,26.059999465942383,27.0,224800
2022-06-14,20.673168182373047,25.190000534057617,26.229999542236328,25.010000228881836,26.110000610351562,203600
2022-06-15,20.829097747802734,25.3799991607666,25.889999389648438,24.850000381469727,25.229999542236328,180000
2022-06-16,19.138479232788086,23.31999969482422,25.1200008392334,23.219999313354492,24.950000762939453,495100
2022-06-17,18.86764907836914,22.989999771118164,23.6299991607666,22.899999618530273,23.3700008392334,299100
2022-06-21,19.28619956970215,23.5,23.639999389648438,23.0,23.329999923706055,278000
2022-06-22,19.335447311401367,23.559999465942383,23.75,23.31999969482422,23.31999969482422,126500
2022-06-23,19.499582290649414,23.760000228881836,24.06999969482422,23.56999969482422,23.700000762939453,211800
2022-06-24,20.147930145263672,24.549999237060547,24.6299991607666,23.809999465942383,23.959999084472656,146900
2022-06-27,20.509031295776367,24.989999771118164,25.139999389648438,24.6200008392334,24.6299991607666,127500
2022-06-28,20.714202880859375,25.239999771118164,25.489999771118164,25.0,25.170000076293945,152400
2022-06-29,20.623931884765625,25.1299991607666,25.34000015258789,24.799999237060547,25.239999771118164,164400
2022-06-30,20.77165412902832,25.309999465942383,25.420000076293945,25.0,25.18000030517578,202000
2022-07-01,21.16558074951172,25.790000915527344,25.81999969482422,25.31999969482422,25.389999389648438,132200
2022-07-05,20.919374465942383,25.489999771118164,25.579999923706055,24.799999237060547,25.489999771118164,154300
2022-07-06,20.68137550354004,25.200000762939453,25.549999237060547,25.0,25.549999237060547,117700
2022-07-07,20.820884704589844,25.3700008392334,25.579999923706055,25.25,25.34000015258789,77800
2022-07-08,20.960412979125977,25.540000915527344,25.579999923706055,25.06999969482422,25.329999923706055,83500
2022-07-11,21.1163387298584,25.729999542236328,25.8799991607666,25.360000610351562,25.540000915527344,135600
2022-07-12,21.070934295654297,25.520000457763672,25.690000534057617,25.260000228881836,25.5,103100
2022-07-13,20.66635513305664,25.030000686645508,25.540000915527344,24.90999984741211,25.260000228881836,150100
2022-07-14,20.43516731262207,24.75,24.809999465942383,24.5,24.56999969482422,115700
2022-07-15,20.649839401245117,25.010000228881836,25.010000228881836,24.649999618530273,24.809999465942383,93400
2022-07-18,20.732412338256836,25.110000610351562,25.350000381469727,25.059999465942383,25.190000534057617,127100
2022-07-19,21.260835647583008,25.75,25.760000228881836,25.239999771118164,25.25,74200
2022-07-20,21.343399047851562,25.850000381469727,26.040000915527344,25.510000228881836,25.760000228881836,110000
2022-07-21,21.384679794311523,25.899999618530273,25.899999618530273,25.59000015258789,25.809999465942383,73900
2022-07-22,21.442476272583008,25.969999313354492,26.239999771118164,25.799999237060547,25.93000030517578,57900
2022-07-25,21.525047302246094,26.06999969482422,26.209999084472656,25.850000381469727,26.0,69000
2022-07-26,21.764484405517578,26.360000610351562,26.5,26.100000381469727,26.100000381469727,74200
2022-07-27,21.830537796020508,26.440000534057617,26.770000457763672,25.899999618530273,26.43000030517578,178500
2022-07-28,22.507587432861328,27.260000228881836,27.3700008392334,26.450000762939453,26.450000762939453,115000
2022-07-29,22.747028350830078,27.549999237060547,27.670000076293945,27.299999237060547,27.40999984741211,176400
2022-08-01,22.8295955657959,27.649999618530273,27.729999542236328,27.270000457763672,27.549999237060547,151300
2022-08-02,22.747028350830078,27.549999237060547,27.8700008392334,27.510000228881836,27.579999923706055,117300
2022-08-03,22.58189582824707,27.350000381469727,27.729999542236328,27.299999237060547,27.510000228881836,123800
2022-08-04,22.8295955657959,27.649999618530273,27.700000762939453,27.219999313354492,27.389999389648438,71600
2022-08-05,22.38373565673828,27.110000610351562,27.559999465942383,27.100000381469727,27.350000381469727,90400
2022-08-08,22.92867088317871,27.770000457763672,27.799999237060547,27.1299991607666,27.190000534057617,129000
2022-08-09,22.548866271972656,27.309999465942383,27.610000610351562,27.25,27.56999969482422,103200
2022-08-10,22.895645141601562,27.729999542236328,27.84000015258789,27.459999084472656,27.719999313354492,118500
2022-08-11,22.912160873413086,27.75,27.989999771118164,27.6200008392334,27.75,113800
2022-08-12,23.275449752807617,28.190000534057617,28.290000915527344,27.690000534057617,27.690000534057617,121500
2022-08-15,23.267196655273438,28.18000030517578,28.389999389648438,28.020000457763672,28.219999313354492,130600
2022-08-16,23.23813247680664,27.989999771118164,28.15999984741211,27.860000610351562,27.959999084472656,128200
2022-08-17,23.06378936767578,27.780000686645508,27.940000534057617,27.559999465942383,27.8700008392334,84800
2022-08-18,23.072092056274414,27.790000915527344,27.920000076293945,27.639999389648438,27.84000015258789,87600
2022-08-19,22.856231689453125,27.530000686645508,27.770000457763672,27.3700008392334,27.6299991607666,69400
2022-08-22,22.43281364440918,27.020000457763672,27.290000915527344,27.0,27.149999618530273,106400
2022-08-23,22.51584243774414,27.1200008392334,27.190000534057617,26.920000076293945,26.969999313354492,91400
2022-08-24,22.474323272705078,27.06999969482422,27.219999313354492,26.959999084472656,26.989999771118164,90900
2022-08-25,22.507535934448242,27.110000610351562,27.290000915527344,26.989999771118164,27.1299991607666,68200
2022-08-26,22.216949462890625,26.760000228881836,27.239999771118164,26.670000076293945,27.100000381469727,104900
2022-08-29,22.266767501831055,26.81999969482422,26.989999771118164,26.530000686645508,26.540000915527344,116500
2022-08-30,22.001094818115234,26.5,26.739999771118164,26.350000381469727,26.739999771118164,136500
2022-08-31,22.12562370300293,26.649999618530273,27.15999984741211,26.34000015258789,26.700000762939453,152000
2022-09-01,22.0093994140625,26.510000228881836,26.600000381469727,26.200000762939453,26.600000381469727,119000
2022-09-02,22.001094818115234,26.5,26.899999618530273,26.3799991607666,26.770000457763672,93000
2022-09-06,22.43281364440918,27.020000457763672,27.149999618530273,26.350000381469727,26.520000457763672,205500
2022-09-07,22.84792709350586,27.520000457763672,27.6200008392334,26.8700008392334,27.020000457763672,145000
2022-09-08,22.798112869262695,27.459999084472656,27.649999618530273,27.299999237060547,27.420000076293945,167200
2022-09-09,22.922651290893555,27.610000610351562,27.760000228881836,27.399999618530273,27.5,121900
2022-09-12,23.04718589782715,27.760000228881836,27.979999542236328,27.510000228881836,27.690000534057617,101500
2022-09-13,22.466934204101562,26.90999984741211,27.3799991607666,26.899999618530273,27.3700008392334,99100
2022-09-14,22.216461181640625,26.610000610351562,27.06999969482422,26.540000915527344,26.8799991607666,94900
2022-09-15,21.84911346435547,26.170000076293945,26.65999984741211,26.040000915527344,26.5,96800
2022-09-16,21.64874267578125,25.93000030517578,26.100000381469727,25.709999084472656,25.969999313354492,96700
2022-09-19,21.615345001220703,25.889999389648438,25.979999542236328,25.670000076293945,25.729999542236328,81400
2022-09-20,21.164505004882812,25.350000381469727,25.649999618530273,25.040000915527344,25.649999618530273,132800
2022-09-21,20.53833770751953,24.600000381469727,25.540000915527344,24.600000381469727,25.3799991607666,183800
2022-09-22,20.36301040649414,24.389999389648438,24.860000610351562,24.360000610351562,24.68000030517578,136400
2022-09-23,19.586557388305664,23.459999084472656,24.25,23.18000030517578,24.25,316900
2022-09-26,19.444625854492188,23.290000915527344,23.450000762939453,22.690000534057617,23.299999237060547,553900
2022-09-27,19.411230087280273,23.25,23.540000915527344,22.920000076293945,23.440000534057617,245700
2022-09-28,20.11254119873047,24.09000015258789,24.350000381469727,23.219999313354492,23.350000381469727,193900
2022-09-29,19.69509506225586,23.59000015258789,23.920000076293945,23.31999969482422,23.920000076293945,157400
2022-09-30,19.402881622314453,23.239999771118164,23.889999389648438,23.209999084472656,23.670000076293945,177200
2022-10-03,19.74518585205078,23.649999618530273,23.84000015258789,23.239999771118164,23.40999984741211,173000
2022-10-04,20.329612731933594,24.350000381469727,24.59000015258789,23.829999923706055,24.0,167800
2022-10-05,19.56151008605957,23.43000030517578,24.440000534057617,23.270000457763672,24.43000030517578,200000
2022-10-06,19.227558135986328,23.030000686645508,23.350000381469727,22.969999313354492,23.239999771118164,128700
2022-10-07,18.676525115966797,22.3700008392334,23.059999465942383,22.229999542236328,22.959999084472656,202500
2022-10-10,18.526248931884766,22.190000534057617,22.75,22.1299991607666,22.6299991607666,161600
2022-10-11,18.555675506591797,22.06999969482422,22.309999465942383,21.530000686645508,22.0,212600
2022-10-12,18.07643699645996,21.5,22.1299991607666,21.5,22.079999923706055,159900
2022-10-13,18.24458885192871,21.700000762939453,21.81999969482422,20.899999618530273,21.0,184600
2022-10-14,17.773757934570312,21.139999389648438,21.969999313354492,21.079999923706055,21.809999465942383,144500
2022-10-17,18.126882553100586,21.559999465942383,21.829999923706055,21.25,21.25,150900
2022-10-18,18.45478057861328,21.950000762939453,22.190000534057617,21.790000915527344,21.969999313354492,147000
2022-10-19,18.4295597076416,21.920000076293945,22.31999969482422,21.649999618530273,21.860000610351562,130000
2022-10-20,18.143693923950195,21.579999923706055,21.989999771118164,21.440000534057617,21.950000762939453,146300
2022-10-21,18.227773666381836,21.68000030517578,21.81999969482422,21.329999923706055,21.469999313354492,138300
2022-10-24,18.320255279541016,21.790000915527344,22.06999969482422,21.709999084472656,21.75,136400
2022-10-25,18.976055145263672,22.56999969482422,22.6299991607666,21.770000457763672,21.860000610351562,247700
2022-10-26,19.455297470092773,23.139999389648438,23.18000030517578,22.56999969482422,22.59000015258789,122700
2022-10-27,19.572994232177734,23.280000686645508,23.690000534057617,23.040000915527344,23.260000228881836,134100
2022-10-28,19.959747314453125,23.739999771118164,23.739999771118164,23.280000686645508,23.350000381469727,105800
2022-10-31,20.027013778686523,23.81999969482422,23.979999542236328,23.600000381469727,23.799999237060547,161900
2022-11-01,20.03542137145996,23.829999923706055,24.18000030517578,23.690000534057617,23.959999084472656,129900
2022-11-02,19.715932846069336,23.450000762939453,24.149999618530273,23.399999618530273,23.90999984741211,155900
2022-11-03,19.631851196289062,23.350000381469727,23.59000015258789,22.920000076293945,23.1200008392334,122700
2022-11-04,20.010194778442383,23.799999237060547,24.31999969482422,23.450000762939453,23.670000076293945,98300
2022-11-07,19.875669479370117,23.639999389648438,23.950000762939453,23.459999084472656,23.899999618530273,128000
2022-11-08,20.060640335083008,23.860000610351562,23.889999389648438,23.489999771118164,23.639999389648438,97100
2022-11-09,19.47210693359375,23.15999984741211,23.850000381469727,23.1200008392334,23.770000457763672,117000
2022-11-10,20.405351638793945,24.270000457763672,24.270000457763672,23.790000915527344,23.790000915527344,141400
2022-11-11,20.44739532470703,24.31999969482422,24.40999984741211,24.020000457763672,24.309999465942383,102500
2022-11-14,20.472612380981445,24.350000381469727,24.5,24.15999984741211,24.360000610351562,127800
2022-11-15,20.26531219482422,23.950000762939453,24.440000534057617,23.90999984741211,24.350000381469727,202300
2022-11-16,19.994539260864258,23.6299991607666,24.219999313354492,23.6200008392334,24.010000228881836,177400
2022-11-17,19.960689544677734,23.59000015258789,23.600000381469727,23.25,23.540000915527344,189900
2022-11-18,20.358381271362305,24.059999465942383,24.190000534057617,23.59000015258789,23.59000015258789,144100
2022-11-21,20.222999572753906,23.899999618530273,24.100000381469727,23.790000915527344,23.93000030517578,149900
2022-11-22,20.569921493530273,24.309999465942383,24.399999618530273,23.969999313354492,23.969999313354492,117000
2022-11-23,20.899921417236328,24.700000762939453,24.75,24.309999465942383,24.43000030517578,118600
2022-11-25,21.052227020263672,24.8799991607666,24.979999542236328,24.510000228881836,24.780000686645508,57100
2022-11-28,20.832231521606445,24.6200008392334,24.8799991607666,24.540000915527344,24.75,137100
2022-11-29,20.75607681274414,24.530000686645508,24.75,24.239999771118164,24.5,117200
2022-11-30,21.153764724731445,25.0,25.0,24.360000610351562,24.68000030517578,176500
2022-12-01,21.424535751342773,25.31999969482422,25.450000762939453,24.90999984741211,25.030000686645508,142400
2022-12-02,21.339921951293945,25.219999313354492,25.5,24.889999389648438,25.020000457763672,107900
2022-12-05,20.866073608398438,24.65999984741211,25.239999771118164,24.649999618530273,25.219999313354492,113700
2022-12-06,20.967615127563477,24.780000686645508,24.93000030517578,24.56999969482422,24.56999969482422,107700
2022-12-07,20.552997589111328,24.290000915527344,24.8700008392334,24.049999237060547,24.690000534057617,254300
2022-12-08,20.63761329650879,24.389999389648438,24.610000610351562,24.219999313354492,24.329999923706055,103800
2022-12-09,20.688385009765625,24.450000762939453,24.610000610351562,24.239999771118164,24.239999771118164,120400
2022-12-12,21.01838493347168,24.84000015258789,24.8700008392334,24.40999984741211,24.440000534057617,139300
2022-12-13,21.082244873046875,24.760000228881836,25.399999618530273,24.559999465942383,25.299999237060547,164100
2022-12-14,21.090757369995117,24.770000457763672,25.110000610351562,24.549999237060547,24.760000228881836,142500
2022-12-15,21.039674758911133,24.709999084472656,24.770000457763672,24.229999542236328,24.440000534057617,119500
2022-12-16,20.537311553955078,24.1200008392334,24.59000015258789,24.010000228881836,24.5,129300
2022-12-19,20.137117385864258,23.649999618530273,24.1200008392334,23.510000228881836,24.100000381469727,164200
2022-12-20,20.247804641723633,23.780000686645508,24.06999969482422,23.510000228881836,23.510000228881836,192800
2022-12-21,20.38404083251953,23.940000534057617,24.110000610351562,23.809999465942383,23.850000381469727,221600
2022-12-22,20.094545364379883,23.600000381469727,23.950000762939453,23.350000381469727,23.850000381469727,143700
2022-12-23,20.27335548400879,23.809999465942383,23.899999618530273,23.450000762939453,23.450000762939453,130900
2022-12-27,20.15414810180664,23.670000076293945,23.989999771118164,23.600000381469727,23.84000015258789,123400
2022-12-28,19.98385238647461,23.469999313354492,24.0,23.3799991607666,23.6200008392334,292600
2022-12-29,20.2818660736084,23.81999969482422,23.90999984741211,23.510000228881836,23.510000228881836,162000
2022-12-30,20.42661476135254,23.989999771118164,24.06999969482422,23.68000030517578,23.93000030517578,226700
2023-01-03,20.537311553955078,24.1200008392334,24.329999923706055,23.809999465942383,24.219999313354492,253700
2023-01-04,21.039674758911133,24.709999084472656,24.709999084472656,24.149999618530273,24.31999969482422,143000
2023-01-05,20.639480590820312,24.239999771118164,24.65999984741211,24.18000030517578,24.540000915527344,91100
2023-01-06,21.201446533203125,24.899999618530273,25.010000228881836,24.3700008392334,24.3700008392334,80000
2023-01-09,21.40580177307129,25.139999389648438,25.399999618530273,24.959999084472656,25.0,197900
2023-01-10,21.252534866333008,24.959999084472656,25.200000762939453,24.84000015258789,25.190000534057617,120700
2023-01-11,21.482431411743164,25.229999542236328,25.299999237060547,25.0,25.0,114700
2023-01-12,21.840045928955078,25.649999618530273,25.649999618530273,25.079999923706055,25.280000686645508,134100
2023-01-13,21.780445098876953,25.579999923706055,25.649999618530273,25.350000381469727,25.420000076293945,138900
2023-01-17,21.681928634643555,25.309999465942383,25.549999237060547,25.309999465942383,25.399999618530273,120700
2023-01-18,21.262165069580078,24.81999969482422,25.68000030517578,24.780000686645508,25.5,220700
2023-01-19,21.0822696685791,24.610000610351562,24.850000381469727,24.5,24.649999618530273,137600
2023-01-20,21.2793025970459,24.84000015258789,24.950000762939453,24.56999969482422,24.700000762939453,142100
2023-01-23,21.519163131713867,25.1200008392334,25.34000015258789,24.829999923706055,24.84000015258789,175700
2023-01-24,21.52773094177246,25.1299991607666,25.56999969482422,24.8700008392334,25.25,120000
2023-01-25,21.433500289916992,25.020000457763672,25.06999969482422,24.709999084472656,24.84000015258789,121900
2023-01-26,21.724761962890625,25.360000610351562,25.40999984741211,24.899999618530273,24.979999542236328,114000
2023-01-27,21.92179298400879,25.59000015258789,25.799999237060547,25.260000228881836,25.299999237060547,151400
2023-01-30,21.553430557250977,25.15999984741211,25.56999969482422,24.989999771118164,25.5,151600
2023-01-31,21.87895965576172,25.540000915527344,25.540000915527344,25.25,25.309999465942383,161400
2023-02-01,21.7590274810791,25.399999618530273,25.549999237060547,25.059999465942383,25.520000457763672,120400
2023-02-02,22.04172134399414,25.729999542236328,25.860000610351562,25.389999389648438,25.469999313354492,128700
2023-02-03,21.56199836730957,25.170000076293945,25.639999389648438,25.010000228881836,25.639999389648438,170700
2023-02-06,21.870389938354492,25.530000686645508,25.729999542236328,25.170000076293945,25.219999313354492,239200
2023-02-07,22.25588607788086,25.979999542236328,25.989999771118164,25.469999313354492,25.6200008392334,192800
2023-02-08,22.084556579589844,25.780000686645508,26.09000015258789,25.670000076293945,25.899999618530273,164900
2023-02-09,21.784725189208984,25.43000030517578,25.979999542236328,25.420000076293945,25.8700008392334,151400
2023-02-10,22.204486846923828,25.920000076293945,25.959999084472656,25.399999618530273,25.399999618530273,187900
2023-02-13,22.290149688720703,26.020000457763672,26.190000534057617,25.8700008392334,26.059999465942383,163100
2023-02-14,22.1479549407959,25.700000762939453,25.829999923706055,25.25,25.770000457763672,152900
2023-02-15,21.8721866607666,25.3799991607666,25.649999618530273,25.360000610351562,25.579999923706055,139200
2023-02-16,21.811857223510742,25.309999465942383,25.479999542236328,25.139999389648438,25.139999389648438,103200
2023-02-17,21.553325653076172,25.010000228881836,25.420000076293945,24.959999084472656,25.18000030517578,139200
2023-02-21,21.268932342529297,24.68000030517578,25.010000228881836,24.540000915527344,24.8799991607666,187700
2023-02-22,21.131040573120117,24.520000457763672,24.850000381469727,24.520000457763672,24.610000610351562,92900
2023-02-23,21.191370010375977,24.59000015258789,24.84000015258789,24.520000457763672,24.739999771118164,92000
2023-02-24,21.08795738220215,24.469999313354492,24.579999923706055,24.40999984741211,24.520000457763672,124600
2023-02-27,21.148286819458008,24.540000915527344,24.729999542236328,24.40999984741211,24.549999237060547,108700
2023-02-28,21.07933807373047,24.459999084472656,24.600000381469727,24.3799991607666,24.579999923706055,149500
2023-03-01,20.906982421875,24.260000228881836,24.469999313354492,24.139999389648438,24.459999084472656,152900
2023-03-02,21.33787727355957,24.760000228881836,24.770000457763672,24.25,24.299999237060547,137000
2023-03-03,21.182754516601562,24.579999923706055,24.90999984741211,24.530000686645508,24.850000381469727,148800
2023-03-06,21.05348777770996,24.43000030517578,24.56999969482422,24.34000015258789,24.549999237060547,135600
2023-03-07,20.91560173034668,24.270000457763672,24.5,24.170000076293945,24.489999771118164,112200
2023-03-08,20.6915340423584,24.010000228881836,24.489999771118164,23.969999313354492,24.209999084472656,162200
2023-03-09,20.364055633544922,23.6299991607666,24.020000457763672,23.56999969482422,23.950000762939453,130800
2023-03-10,19.984872817993164,23.190000534057617,23.979999542236328,23.1299991607666,23.65999984741211,165800
2023-03-13,19.915925979614258,23.110000610351562,23.450000762939453,22.799999237060547,23.059999465942383,202000
2023-03-14,20.024377822875977,23.079999923706055,23.31999969482422,23.0,23.1299991607666,116100
2023-03-15,20.111135482788086,23.18000030517578,23.18000030517578,22.850000381469727,22.899999618530273,164000
2023-03-16,20.111135482788086,23.18000030517578,23.290000915527344,22.81999969482422,23.0,131100
2023-03-17,19.885560989379883,22.920000076293945,23.25,22.790000915527344,23.1299991607666,90300
2023-03-20,19.80747413635254,22.829999923706055,23.170000076293945,22.760000228881836,22.899999618530273,109400
2023-03-21,19.72939109802246,22.739999771118164,23.0,22.690000534057617,22.899999618530273,127300
2023-03-22,19.512487411499023,22.489999771118164,22.950000762939453,22.489999771118164,22.649999618530273,120100
2023-03-23,19.321613311767578,22.270000457763672,22.75,22.110000610351562,22.510000228881836,127700
2023-03-24,19.399700164794922,22.360000610351562,22.3799991607666,22.0,22.020000457763672,146800
2023-03-27,19.48646354675293,22.459999084472656,22.56999969482422,22.3799991607666,22.3799991607666,114200
2023-03-28,19.68600845336914,22.690000534057617,22.850000381469727,22.5,22.530000686645508,132300
2023-03-29,20.09378433227539,23.15999984741211,23.25,22.739999771118164,22.829999923706055,158700
2023-03-30,20.414798736572266,23.530000686645508,23.540000915527344,23.190000534057617,23.309999465942383,127400
2023-03-31,21.169618606567383,24.399999618530273,24.440000534057617,23.600000381469727,23.770000457763672,229600
2023-04-03,20.623023986816406,23.770000457763672,24.489999771118164,23.649999618530273,24.399999618530273,276300
2023-04-04,20.718461990356445,23.8799991607666,24.260000228881836,23.709999084472656,23.969999313354492,108000
2023-04-05,20.605674743652344,23.75,23.799999237060547,23.450000762939453,23.739999771118164,142900
2023-04-06,20.744491577148438,23.90999984741211,24.100000381469727,23.780000686645508,23.799999237060547,97200
2023-04-10,20.813899993896484,23.989999771118164,24.06999969482422,23.729999542236328,23.799999237060547,111000
2023-04-11,20.8619327545166,23.889999389648438,23.979999542236328,23.790000915527344,23.84000015258789,94800
2023-04-12,20.844465255737305,23.8700008392334,24.1299991607666,23.739999771118164,24.06999969482422,263500
2023-04-13,20.792068481445312,23.809999465942383,23.989999771118164,23.65999984741211,23.81999969482422,162400
2023-04-14,20.65234375,23.649999618530273,23.860000610351562,23.540000915527344,23.700000762939453,94000
2023-04-17,20.66981315612793,23.670000076293945,23.81999969482422,23.549999237060547,23.549999237060547,115300
2023-04-18,20.643617630004883,23.639999389648438,23.829999923706055,23.6200008392334,23.700000762939453,131300
2023-04-19,20.599956512451172,23.59000015258789,23.700000762939453,23.5,23.59000015258789,96800
2023-04-20,20.468965530395508,23.440000534057617,23.790000915527344,23.360000610351562,23.540000915527344,95600
2023-04-21,20.3903751373291,23.350000381469727,23.649999618530273,23.270000457763672,23.40999984741211,130000
2023-04-24,20.50389289855957,23.479999542236328,23.489999771118164,23.34000015258789,23.479999542236328,94900
2023-04-25,20.18952751159668,23.1200008392334,23.389999389648438,23.079999923706055,23.329999923706055,117100
2023-04-26,20.041074752807617,22.950000762939453,23.329999923706055,22.889999389648438,23.079999923706055,162500
2023-04-27,20.329246520996094,23.280000686645508,23.280000686645508,22.940000534057617,22.940000534057617,159800
2023-04-28,20.25938606262207,23.200000762939453,23.739999771118164,23.1200008392334,23.299999237060547,298300
2023-05-01,20.329246520996094,23.280000686645508,23.43000030517578,23.079999923706055,23.15999984741211,186900
2023-05-02,19.97994613647461,22.8799991607666,23.350000381469727,22.639999389648438,23.280000686645508,163300
2023-05-03,19.883888244628906,22.770000457763672,23.100000381469727,22.700000762939453,22.93000030517578,146700
2023-05-04,19.848960876464844,22.729999542236328,22.8799991607666,22.65999984741211,22.75,144500
2023-05-05,20.206989288330078,23.139999389648438,23.25,22.799999237060547,22.799999237060547,129000
2023-05-08,20.215726852416992,23.149999618530273,23.299999237060547,23.100000381469727,23.149999618530273,124200
2023-05-09,20.09703826904297,22.860000610351562,23.0,22.780000686645508,22.81999969482422,134500
2023-05-10,20.25528335571289,23.040000915527344,23.239999771118164,22.829999923706055,23.100000381469727,168200
2023-05-11,19.947586059570312,22.690000534057617,22.989999771118164,22.649999618530273,22.899999618530273,166800
2023-05-12,20.000333786010742,22.75,22.989999771118164,22.670000076293945,22.799999237060547,94900
2023-05-15,19.86846160888672,22.600000381469727,22.790000915527344,22.600000381469727,22.700000762939453,106400
2023-05-16,19.587142944335938,22.280000686645508,22.729999542236328,22.260000228881836,22.579999923706055,132300
2023-05-17,19.516809463500977,22.200000762939453,22.450000762939453,22.18000030517578,22.329999923706055,155900
2023-05-18,19.314611434936523,21.969999313354492,22.239999771118164,21.899999618530273,22.110000610351562,199700
2023-05-19,19.094825744628906,21.719999313354492,22.149999618530273,21.719999313354492,22.059999465942383,311800
2023-05-22,19.13878059387207,21.770000457763672,21.959999084472656,21.770000457763672,21.899999618530273,241700
2023-05-23,19.03328514099121,21.649999618530273,21.950000762939453,21.649999618530273,21.770000457763672,193800
2023-05-24,18.84866714477539,21.440000534057617,21.579999923706055,21.40999984741211,21.56999969482422,173000
2023-05-25,18.435470581054688,20.969999313354492,21.469999313354492,20.959999084472656,21.3700008392334,315100
2023-05-26,18.628881454467773,21.190000534057617,21.219999313354492,20.979999542236328,21.06999969482422,204300
2023-05-30,18.549758911132812,21.100000381469727,21.329999923706055,21.010000228881836,21.299999237060547,265900
2023-05-31,18.593713760375977,21.149999618530273,21.229999542236328,20.920000076293945,21.100000381469727,274700
2023-06-01,18.787132263183594,21.3700008392334,21.399999618530273,21.0,21.18000030517578,197800
2023-06-02,19.25306510925293,21.899999618530273,21.950000762939453,21.5,21.549999237060547,377300
2023-06-05,19.39373016357422,22.059999465942383,22.100000381469727,21.8700008392334,22.0,243500
2023-06-06,19.55197525024414,22.239999771118164,22.270000457763672,22.049999237060547,22.06999969482422,194900
2023-06-07,19.68384552001953,22.389999389648438,22.549999237060547,22.229999542236328,22.229999542236328,180400
2023-06-08,19.534393310546875,22.219999313354492,22.530000686645508,21.969999313354492,22.530000686645508,289900
2023-06-09,19.534393310546875,22.219999313354492,22.260000228881836,22.1299991607666,22.219999313354492,142200
2023-06-12,19.56955909729004,22.260000228881836,22.309999465942383,22.219999313354492,22.299999237060547,206900
2023-06-13,19.618249893188477,22.15999984741211,22.25,22.100000381469727,22.1299991607666,183300
2023-06-14,19.494312286376953,22.020000457763672,22.260000228881836,22.010000228881836,22.209999084472656,196000
2023-06-15,19.662513732910156,22.209999084472656,22.270000457763672,22.06999969482422,22.06999969482422,194500
2023-06-16,19.742189407348633,22.299999237060547,22.43000030517578,22.25,22.31999969482422,148800
2023-06-20,19.520862579345703,22.049999237060547,22.399999618530273,22.049999237060547,22.31999969482422,230400
2023-06-21,19.813016891479492,22.3799991607666,22.3799991607666,21.90999984741211,22.1299991607666,258400
2023-06-22,19.98122787475586,22.56999969482422,22.600000381469727,22.209999084472656,22.399999618530273,226000
2023-06-23,19.910398483276367,22.489999771118164,22.729999542236328,22.360000610351562,22.399999618530273,186300
2023-06-26,19.857280731201172,22.43000030517578,22.600000381469727,22.3799991607666,22.549999237060547,219400
2023-06-27,20.06089973449707,22.65999984741211,22.84000015258789,22.43000030517578,22.450000762939453,169000
2023-06-28,20.317636489868164,22.950000762939453,22.950000762939453,22.559999465942383,22.719999313354492,165200
2023-06-29,20.654050827026367,23.329999923706055,23.329999923706055,22.799999237060547,22.809999465942383,190900
2023-06-30,20.91078758239746,23.6200008392334,23.649999618530273,23.389999389648438,23.540000915527344,228500
2023-07-03,20.645198822021484,23.31999969482422,23.649999618530273,23.309999465942383,23.520000457763672,178900
2023-07-05,20.716020584106445,23.399999618530273,23.440000534057617,23.219999313354492,23.299999237060547,156900
2023-07-06,20.645198822021484,23.31999969482422,23.559999465942383,23.219999313354492,23.299999237060547,118800
2023-07-07,20.981609344482422,23.700000762939453,23.75,23.299999237060547,23.299999237060547,164200
2023-07-10,20.884231567382812,23.59000015258789,23.75,23.469999313354492,23.719999313354492,263300
2023-07-11,20.94215202331543,23.5,23.510000228881836,23.329999923706055,23.479999542236328,269600
2023-07-12,21.02235984802246,23.59000015258789,23.760000228881836,23.510000228881836,23.700000762939453,183500
2023-07-13,20.85304069519043,23.399999618530273,23.709999084472656,23.399999618530273,23.700000762939453,146100
2023-07-14,20.861949920654297,23.40999984741211,23.59000015258789,23.399999618530273,23.479999542236328,163900
2023-07-17,20.6302490234375,23.149999618530273,23.420000076293945,23.149999618530273,23.329999923706055,185000
2023-07-18,20.54113006591797,23.049999237060547,23.34000015258789,22.889999389648438,23.239999771118164,239600
2023-07-19,20.55004119873047,23.059999465942383,23.309999465942383,23.040000915527344,23.170000076293945,192600
2023-07-20,20.487661361694336,22.989999771118164,23.049999237060547,22.780000686645508,22.860000610351562,240000
2023-07-21,20.55004119873047,23.059999465942383,23.190000534057617,22.969999313354492,23.0,303600
2023-07-24,20.46984100341797,22.969999313354492,23.1200008392334,22.93000030517578,23.049999237060547,189300
2023-07-25,20.4074649810791,22.899999618530273,23.079999923706055,22.899999618530273,22.93000030517578,166000
2023-07-26,20.692626953125,23.219999313354492,23.219999313354492,22.899999618530273,22.989999771118164,167800
2023-07-27,20.648069381713867,23.170000076293945,23.489999771118164,23.1299991607666,23.280000686645508,197900
2023-07-28,20.79065704345703,23.329999923706055,23.3700008392334,23.200000762939453,23.34000015258789,199500
2023-07-31,20.81739616394043,23.360000610351562,23.40999984741211,23.280000686645508,23.399999618530273,235100
2023-08-01,20.7371883392334,23.270000457763672,23.3799991607666,23.229999542236328,23.25,148600
2023-08-02,20.558956146240234,23.06999969482422,23.229999542236328,23.0,23.139999389648438,189100
2023-08-03,20.35399627685547,22.84000015258789,23.049999237060547,22.799999237060547,23.0,163400
2023-08-04,20.149028778076172,22.610000610351562,23.170000076293945,22.59000015258789,22.959999084472656,327800
2023-08-07,20.434194564819336,22.93000030517578,23.030000686645508,22.600000381469727,22.649999618530273,197800
2023-08-08,20.487661361694336,22.989999771118164,22.989999771118164,22.700000762939453,22.75,151300
2023-08-09,20.37181282043457,22.860000610351562,23.1299991607666,22.790000915527344,22.950000762939453,152700
2023-08-10,20.166852951049805,22.6299991607666,23.149999618530273,22.6299991607666,23.020000457763672,181500
2023-08-11,20.184669494628906,22.649999618530273,23.059999465942383,22.6200008392334,22.6299991607666,155400
2023-08-14,20.28270149230957,22.760000228881836,22.860000610351562,22.649999618530273,22.700000762939453,153100
2023-08-15,20.1525936126709,22.459999084472656,22.600000381469727,22.399999618530273,22.489999771118164,146000
2023-08-16,19.77574348449707,22.040000915527344,22.459999084472656,22.010000228881836,22.40999984741211,165500
2023-08-17,19.237382888793945,21.440000534057617,22.059999465942383,21.440000534057617,22.020000457763672,329500
2023-08-18,19.228408813476562,21.43000030517578,21.510000228881836,21.360000610351562,21.40999984741211,204100
2023-08-21,19.084850311279297,21.270000457763672,21.489999771118164,21.200000762939453,21.40999984741211,277800
2023-08-22,19.075878143310547,21.260000228881836,21.459999084472656,21.25,21.3700008392334,132500
2023-08-23,19.282243728637695,21.489999771118164,21.540000915527344,21.360000610351562,21.3700008392334,164200
2023-08-24,19.129709243774414,21.31999969482422,21.649999618530273,21.309999465942383,21.489999771118164,150400
2023-08-25,19.165603637695312,21.360000610351562,21.510000228881836,21.229999542236328,21.34000015258789,209100
2023-08-28,19.237382888793945,21.440000534057617,21.520000457763672,21.389999389648438,21.399999618530273,188700
2023-08-29,19.43478012084961,21.65999984741211,21.739999771118164,21.399999618530273,21.43000030517578,197100
2023-08-30,19.488615036010742,21.719999313354492,21.899999618530273,21.6299991607666,21.65999984741211,165500
2023-08-31,19.398889541625977,21.6200008392334,21.860000610351562,21.600000381469727,21.81999969482422,209200
2023-09-01,19.524507522583008,21.760000228881836,21.799999237060547,21.56999969482422,21.68000030517578,220700
2023-09-05,19.138681411743164,21.329999923706055,22.09000015258789,21.299999237060547,21.780000686645508,268200
2023-09-06,19.120737075805664,21.309999465942383,21.329999923706055,21.1299991607666,21.299999237060547,163100
2023-09-07,18.8336124420166,20.989999771118164,21.459999084472656,20.959999084472656,21.200000762939453,359500
2023-09-08,18.851558685302734,21.010000228881836,21.209999084472656,20.979999542236328,21.020000457763672,220600
2023-09-11,18.896425247192383,21.059999465942383,21.200000762939453,21.010000228881836,21.06999969482422,181100
2023-09-12,18.93709945678711,20.950000762939453,20.959999084472656,20.760000228881836,20.850000381469727,207200
2023-09-13,18.801513671875,20.799999237060547,21.049999237060547,20.760000228881836,20.899999618530273,292000
2023-09-14,18.928058624267578,20.940000534057617,21.06999969482422,20.8700008392334,20.950000762939453,253500
2023-09-15,18.991334915161133,21.010000228881836,21.139999389648438,20.950000762939453,20.950000762939453,159200
2023-09-18,18.89189910888672,20.899999618530273,21.06999969482422,20.84000015258789,21.010000228881836,269400
2023-09-19,18.756315231323242,20.75,20.989999771118164,20.709999084472656,20.93000030517578,246400
2023-09-20,18.74727439880371,20.739999771118164,21.09000015258789,20.739999771118164,20.81999969482422,301900
2023-09-21,18.548416137695312,20.520000457763672,20.739999771118164,20.510000228881836,20.670000076293945,229900
2023-09-22,18.52129554748535,20.489999771118164,20.610000610351562,20.420000076293945,20.549999237060547,303400
2023-09-25,18.575532913208008,20.549999237060547,20.559999465942383,20.389999389648438,20.479999542236328,281300
2023-09-26,18.132610321044922,20.059999465942383,20.440000534057617,20.0,20.440000534057617,330600
2023-09-27,17.85239601135254,19.75,20.219999313354492,19.65999984741211,20.1200008392334,437000
2023-09-28,17.698728561401367,19.579999923706055,19.809999465942383,19.5,19.719999313354492,330500
2023-09-29,17.698728561401367,19.579999923706055,19.790000915527344,19.520000457763672,19.739999771118164,264900
2023-10-02,17.44563102722168,19.299999237060547,19.75,19.149999618530273,19.75,536100
2023-10-03,16.92136001586914,18.719999313354492,19.190000534057617,18.649999618530273,19.100000381469727,455200
2023-10-04,16.867122650146484,18.65999984741211,18.8700008392334,18.530000686645508,18.770000457763672,369500
2023-10-05,16.595947265625,18.360000610351562,18.65999984741211,18.219999313354492,18.549999237060547,416400
2023-10-06,17.59929847717285,19.469999313354492,19.579999923706055,18.149999618530273,18.299999237060547,442300
2023-10-09,17.337162017822266,19.18000030517578,19.690000534057617,19.020000457763672,19.479999542236328,216400
2023-10-10,17.715341567993164,19.440000534057617,19.899999618530273,19.18000030517578,19.18000030517578,313600
2023-10-11,17.979618072509766,19.729999542236328,19.8799991607666,19.600000381469727,19.639999389648438,195700
2023-10-12,17.83380889892578,19.56999969482422,19.899999618530273,19.510000228881836,19.75,210300
2023-10-13,17.879375457763672,19.6200008392334,19.780000686645508,19.469999313354492,19.639999389648438,177200
2023-10-16,17.90671157836914,19.649999618530273,19.889999389648438,19.6200008392334,19.6200008392334,269900
2023-10-17,17.91582679748535,19.65999984741211,19.860000610351562,19.469999313354492,19.610000610351562,289200
2023-10-18,17.405506134033203,19.100000381469727,19.65999984741211,19.079999923706055,19.600000381469727,185000
2023-10-19,17.405506134033203,19.100000381469727,19.479999542236328,18.969999313354492,19.049999237060547,357800
2023-10-20,17.04099464416504,18.700000762939453,19.360000610351562,18.670000076293945,19.040000915527344,273800
2023-10-23,16.822282791137695,18.459999084472656,18.829999923706055,18.3700008392334,18.739999771118164,346700
2023-10-24,16.958982467651367,18.610000610351562,18.790000915527344,18.520000457763672,18.530000686645508,207700
2023-10-25,16.895191192626953,18.540000915527344,18.780000686645508,18.5,18.65999984741211,237500
2023-10-26,17.123008728027344,18.790000915527344,19.010000228881836,18.639999389648438,18.700000762939453,211500
2023-10-27,17.159461975097656,18.829999923706055,18.93000030517578,18.760000228881836,18.889999389648438,180900
2023-10-30,17.36905860900879,19.059999465942383,19.1200008392334,18.90999984741211,19.0,239300
2023-10-31,17.997840881347656,19.75,19.75,19.149999618530273,19.200000762939453,368500
2023-11-01,18.006956100463867,19.760000228881836,20.110000610351562,19.700000762939453,19.75,378900
2023-11-02,18.827110290527344,20.65999984741211,20.670000076293945,19.889999389648438,19.889999389648438,287900
2023-11-03,19.31009292602539,21.190000534057617,21.200000762939453,20.719999313354492,20.809999465942383,279700
2023-11-06,19.246301651000977,21.1200008392334,21.709999084472656,21.09000015258789,21.399999618530273,309500
2023-11-07,19.027591705322266,20.8799991607666,21.149999618530273,20.84000015258789,21.149999618530273,137100
2023-11-08,18.535499572753906,20.34000015258789,20.950000762939453,20.110000610351562,20.889999389648438,207200
2023-11-09,17.83380889892578,19.56999969482422,20.510000228881836,19.3700008392334,20.459999084472656,589400
2023-11-10,18.353239059448242,20.139999389648438,20.139999389648438,19.68000030517578,19.68000030517578,230700
2023-11-13,18.571945190429688,20.3799991607666,20.40999984741211,20.139999389648438,20.139999389648438,196600
2023-11-14,19.136688232421875,20.84000015258789,20.989999771118164,20.520000457763672,20.600000381469727,210000
2023-11-15,19.513174057006836,21.25,21.559999465942383,20.81999969482422,20.81999969482422,442600
2023-11-16,19.37543487548828,21.100000381469727,21.479999542236328,21.010000228881836,21.170000076293945,165900
2023-11-17,19.127504348754883,20.829999923706055,21.149999618530273,20.729999542236328,21.149999618530273,215000
2023-11-20,19.072404861450195,20.770000457763672,20.969999313354492,20.700000762939453,20.799999237060547,236200
2023-11-21,18.998947143554688,20.690000534057617,20.979999542236328,20.6299991607666,20.829999923706055,210000
2023-11-22,19.044857025146484,20.739999771118164,20.90999984741211,20.670000076293945,20.700000762939453,182800
2023-11-24,19.090770721435547,20.790000915527344,20.84000015258789,20.579999923706055,20.600000381469727,151200
2023-11-27,19.210147857666016,20.920000076293945,20.959999084472656,20.68000030517578,20.760000228881836,227500
2023-11-28,19.35706901550293,21.079999923706055,21.290000915527344,21.0,21.0,271200
2023-11-29,19.393800735473633,21.1200008392334,21.290000915527344,21.010000228881836,21.100000381469727,206400
2023-11-30,19.696828842163086,21.450000762939453,21.450000762939453,21.09000015258789,21.239999771118164,321100
2023-12-01,20.550813674926758,22.3799991607666,22.469999313354492,21.309999465942383,21.420000076293945,390600
2023-12-04,20.266155242919922,22.06999969482422,22.299999237060547,21.959999084472656,22.299999237060547,257100
2023-12-05,20.137596130371094,21.93000030517578,22.139999389648438,21.920000076293945,22.040000915527344,167800
2023-12-06,19.724376678466797,21.479999542236328,22.0,21.459999084472656,21.8700008392334,226700
2023-12-07,19.678462982177734,21.43000030517578,21.760000228881836,21.31999969482422,21.690000534057617,264100
2023-12-08,19.77947235107422,21.540000915527344,21.6299991607666,21.34000015258789,21.40999984741211,219900
2023-12-11,19.862117767333984,21.6299991607666,21.649999618530273,21.459999084472656,21.549999237060547,190700
2023-12-12,19.709508895874023,21.309999465942383,21.479999542236328,21.25,21.469999313354492,176200
2023-12-13,20.144208908081055,21.780000686645508,21.799999237060547,21.139999389648438,21.290000915527344,287900
2023-12-14,20.347686767578125,22.0,22.270000457763672,21.920000076293945,21.989999771118164,259400
2023-12-15,19.96847915649414,21.59000015258789,22.15999984741211,21.5,21.93000030517578,228300
2023-12-18,19.885238647460938,21.5,21.770000457763672,21.440000534057617,21.56999969482422,246000
2023-12-19,19.98697853088379,21.610000610351562,21.739999771118164,21.360000610351562,21.3700008392334,277200
2023-12-20,19.62626838684082,21.219999313354492,21.639999389648438,21.190000534057617,21.579999923706055,235600
2023-12-21,19.64476776123047,21.239999771118164,21.459999084472656,21.1299991607666,21.25,226600
2023-12-22,19.654014587402344,21.25,21.56999969482422,21.18000030517578,21.209999084472656,340300
2023-12-26,19.866741180419922,21.479999542236328,21.540000915527344,21.270000457763672,21.270000457763672,295100
2023-12-27,19.80199432373047,21.40999984741211,21.6200008392334,21.3700008392334,21.489999771118164,281600
2023-12-28,19.829744338989258,21.440000534057617,21.639999389648438,21.260000228881836,21.440000534057617,379700
2023-12-29,19.64476776123047,21.239999771118164,21.579999923706055,21.209999084472656,21.579999923706055,398900
2024-01-02,19.7187557220459,21.31999969482422,21.639999389648438,21.260000228881836,21.270000457763672,498200
2024-01-03,19.894487380981445,21.510000228881836,21.559999465942383,21.25,21.399999618530273,259400
2024-01-04,19.8389949798584,21.450000762939453,21.729999542236328,21.40999984741211,21.5,351400
2024-01-05,20.1164608001709,21.75,21.770000457763672,21.399999618530273,21.489999771118164,238300
2024-01-08,20.50491714477539,22.170000076293945,22.239999771118164,21.690000534057617,21.93000030517578,378700
2024-01-09,20.597408294677734,22.270000457763672,22.290000915527344,22.040000915527344,22.1200008392334,248500
2024-01-10,20.726892471313477,22.40999984741211,22.40999984741211,22.15999984741211,22.360000610351562,250300
2024-01-11,20.55116081237793,22.219999313354492,22.360000610351562,21.969999313354492,22.31999969482422,267900
2024-01-12,20.347686767578125,22.0,22.350000381469727,21.8700008392334,22.270000457763672,314100
2024-01-16,20.249881744384766,21.739999771118164,22.079999923706055,21.709999084472656,21.920000076293945,203900
2024-01-17,19.812097549438477,21.270000457763672,21.549999237060547,20.860000610351562,21.489999771118164,629000
2024-01-18,19.439516067504883,20.8700008392334,21.3700008392334,20.81999969482422,21.239999771118164,330800
2024-01-19,19.551288604736328,20.989999771118164,21.100000381469727,20.559999465942383,20.989999771118164,266500
2024-01-22,19.653749465942383,21.100000381469727,21.239999771118164,21.010000228881836,21.030000686645508,255900
2024-01-23,19.71895408630371,21.170000076293945,21.209999084472656,21.049999237060547,21.15999984741211,276700
2024-01-24,19.87729835510254,21.34000015258789,21.670000076293945,21.209999084472656,21.329999923706055,780200
2024-01-25,19.74690055847168,21.200000762939453,21.780000686645508,21.149999618530273,21.469999313354492,402200
2024-01-26,19.90524673461914,21.3700008392334,21.3700008392334,21.15999984741211,21.280000686645508,303000
2024-01-29,20.482746124267578,21.989999771118164,22.010000228881836,21.450000762939453,21.489999771118164,340800
2024-01-30,20.454801559448242,21.959999084472656,22.049999237060547,21.700000762939453,22.010000228881836,226800
2024-01-31,20.370967864990234,21.8700008392334,22.209999084472656,21.809999465942383,22.049999237060547,349500
2024-02-01,20.762187957763672,22.290000915527344,22.540000915527344,22.020000457763672,22.06999969482422,343600
2024-02-02,20.622467041015625,22.139999389648438,22.219999313354492,21.969999313354492,22.15999984741211,337100
2024-02-05,20.473432540893555,21.979999542236328,22.100000381469727,21.8700008392334,22.100000381469727,189400
2024-02-06,20.333715438842773,21.829999923706055,22.149999618530273,21.739999771118164,21.93000030517578,233000
2024-02-07,20.696979522705078,22.219999313354492,22.229999542236328,21.760000228881836,21.799999237060547,265800
2024-02-08,20.42685890197754,21.93000030517578,22.1200008392334,21.760000228881836,22.09000015258789,206300
2024-02-09,20.38028335571289,21.8799991607666,22.06999969482422,21.81999969482422,21.899999618530273,176500
2024-02-12,20.678354263305664,22.200000762939453,22.280000686645508,21.920000076293945,21.959999084472656,243400
2024-02-13,20.45792007446289,21.809999465942383,21.93000030517578,21.65999984741211,21.760000228881836,265200
2024-02-14,20.392261505126953,21.739999771118164,21.93000030517578,21.68000030517578,21.920000076293945,156800
2024-02-15,20.401641845703125,21.75,21.969999313354492,21.670000076293945,21.760000228881836,177300
2024-02-16,20.3547420501709,21.700000762939453,21.780000686645508,21.610000610351562,21.670000076293945,178900
2024-02-20,20.364120483398438,21.709999084472656,21.940000534057617,21.68000030517578,21.780000686645508,217400
2024-02-21,20.42978286743164,21.780000686645508,21.860000610351562,21.670000076293945,21.670000076293945,217900
2024-02-22,20.289077758789062,21.6299991607666,21.90999984741211,21.600000381469727,21.90999984741211,311100
2024-02-23,20.37350082397461,21.719999313354492,21.860000610351562,21.6299991607666,21.6299991607666,197800
2024-02-26,20.110857009887695,21.440000534057617,21.790000915527344,21.420000076293945,21.700000762939453,219400
2024-02-27,20.22341537475586,21.559999465942383,21.690000534057617,21.420000076293945,21.440000534057617,242500
2024-02-28,20.298460006713867,21.639999389648438,21.690000534057617,21.459999084472656,21.5,208200
2024-02-29,20.467300415039062,21.81999969482422,21.93000030517578,21.719999313354492,21.780000686645508,243000
2024-03-01,20.870643615722656,22.25,22.290000915527344,21.84000015258789,21.950000762939453,431400
2024-03-04,20.729942321777344,22.100000381469727,22.34000015258789,22.06999969482422,22.239999771118164,243600
2024-03-05,20.7674617767334,22.139999389648438,22.3799991607666,22.059999465942383,22.1299991607666,237000
2024-03-06,20.908166885375977,22.290000915527344,22.350000381469727,22.229999542236328,22.280000686645508,222500
2024-03-07,20.973825454711914,22.360000610351562,22.489999771118164,22.299999237060547,22.360000610351562,230400
2024-03-08,21.001964569091797,22.389999389648438,22.520000457763672,22.3700008392334,22.399999618530273,215500
2024-03-11,21.245845794677734,22.649999618530273,22.649999618530273,22.3799991607666,22.479999542236328,145700
2024-03-12,21.052234649658203,22.290000915527344,22.600000381469727,22.270000457763672,22.530000686645508,181700
2024-03-13,21.09945297241211,22.34000015258789,22.440000534057617,22.25,22.299999237060547,154200
2024-03-14,20.882225036621094,22.110000610351562,22.389999389648438,22.09000015258789,22.299999237060547,121300
2024-03-15,21.014450073242188,22.25,22.31999969482422,22.0,22.010000228881836,140700
2024-03-18,21.137229919433594,22.3799991607666,22.43000030517578,22.239999771118164,22.389999389648438,172800
2024-03-19,21.27890396118164,22.530000686645508,22.59000015258789,22.350000381469727,22.3799991607666,148500
2024-03-20,21.260013580322266,22.510000228881836,22.649999618530273,22.440000534057617,22.56999969482422,148100
2024-03-21,21.137229919433594,22.3799991607666,22.639999389648438,22.299999237060547,22.5,223700
2024-03-22,21.005008697509766,22.239999771118164,22.510000228881836,22.1299991607666,22.3799991607666,172400
2024-03-25,21.25057029724121,22.5,22.520000457763672,22.280000686645508,22.299999237060547,175100
2024-03-26,21.42057228088379,22.68000030517578,22.799999237060547,22.559999465942383,22.6299991607666,271900
2024-03-27,22.18559455871582,23.489999771118164,23.489999771118164,22.75,22.850000381469727,472300
2024-03-28,22.261154174804688,23.56999969482422,23.84000015258789,23.559999465942383,23.600000381469727,472800
2024-04-01,22.42171287536621,23.739999771118164,23.850000381469727,23.520000457763672,23.729999542236328,435100
2024-04-02,22.3555965423584,23.670000076293945,23.829999923706055,23.600000381469727,23.649999618530273,232000
2024-04-03,22.36504364013672,23.68000030517578,23.799999237060547,23.610000610351562,23.700000762939453,210400
2024-04-04,22.204484939575195,23.510000228881836,23.8700008392334,23.399999618530273,23.790000915527344,274500
2024-04-05,22.02503204345703,23.31999969482422,23.459999084472656,23.290000915527344,23.399999618530273,192900
2024-04-08,22.08169937133789,23.3799991607666,23.59000015258789,23.3700008392334,23.389999389648438,157800
2024-04-09,21.98187255859375,23.1200008392334,23.43000030517578,23.110000610351562,23.31999969482422,188200
2024-04-10,21.601564407348633,22.719999313354492,23.030000686645508,22.65999984741211,22.950000762939453,235700
2024-04-11,21.382884979248047,22.489999771118164,22.81999969482422,22.43000030517578,22.770000457763672,217700
2024-04-12,21.126174926757812,22.219999313354492,22.600000381469727,22.190000534057617,22.579999923706055,135400
2024-04-15,20.527189254760742,21.59000015258789,22.360000610351562,21.520000457763672,22.31999969482422,390100
2024-04-16,20.318017959594727,21.3700008392334,21.59000015258789,21.260000228881836,21.56999969482422,307400
2024-04-17,20.631772994995117,21.700000762939453,21.739999771118164,21.3799991607666,21.5,140300
2024-04-18,20.91700553894043,22.0,22.110000610351562,21.700000762939453,21.780000686645508,196600
2024-04-19,21.126174926757812,22.219999313354492,22.270000457763672,22.059999465942383,22.110000610351562,127400
2024-04-22,21.1832218170166,22.280000686645508,22.350000381469727,22.200000762939453,22.350000381469727,169500
2024-04-23,21.439929962158203,22.549999237060547,22.600000381469727,22.360000610351562,22.360000610351562,136000
2024-04-24,22.038917541503906,23.18000030517578,23.209999084472656,22.489999771118164,22.559999465942383,301500
2024-04-25,22.133996963500977,23.280000686645508,23.280000686645508,22.799999237060547,22.989999771118164,197300
2024-04-26,21.98187255859375,23.1200008392334,23.43000030517578,23.110000610351562,23.399999618530273,192100
2024-04-29,21.95334815979004,23.09000015258789,23.3700008392334,22.940000534057617,23.1200008392334,215900
2024-04-30,21.677623748779297,22.799999237060547,23.0,22.739999771118164,23.0,475700
2024-05-01,21.62057876586914,22.739999771118164,22.8799991607666,22.600000381469727,22.75,258600
2024-05-02,21.86777687072754,23.0,23.079999923706055,22.860000610351562,22.920000076293945,142900
2024-05-03,21.972366333007812,23.110000610351562,23.280000686645508,23.049999237060547,23.149999618530273,151100
2024-05-06,22.15300750732422,23.299999237060547,23.350000381469727,23.110000610351562,23.1200008392334,204800
2024-05-07,22.15300750732422,23.299999237060547,23.3700008392334,23.209999084472656,23.31999969482422,186400
2024-05-08,22.181533813476562,23.329999923706055,23.389999389648438,23.260000228881836,23.350000381469727,167200
2024-05-09,22.447750091552734,23.610000610351562,23.6299991607666,23.299999237060547,23.31999969482422,159200
2024-05-10,22.466764450073242,23.6299991607666,23.700000762939453,23.56999969482422,23.670000076293945,136000
2024-05-13,22.59036636352539,23.760000228881836,23.760000228881836,23.6299991607666,23.649999618530273,175800
2024-05-14,22.56644058227539,23.579999923706055,23.700000762939453,23.5,23.6200008392334,133400
2024-05-15,22.595149993896484,23.610000610351562,23.760000228881836,23.549999237060547,23.739999771118164,166500
2024-05-16,22.56644058227539,23.579999923706055,23.739999771118164,23.549999237060547,23.65999984741211,125600
2024-05-17,22.55687141418457,23.56999969482422,23.649999618530273,23.5,23.579999923706055,125200
2024-05-20,22.528162002563477,23.540000915527344,23.639999389648438,23.510000228881836,23.56999969482422,151000
2024-05-21,22.595149993896484,23.610000610351562,23.649999618530273,23.5,23.5,113100
2024-05-22,22.461164474487305,23.469999313354492,23.56999969482422,23.40999984741211,23.489999771118164,112400
2024-05-23,21.98265838623047,22.969999313354492,23.469999313354492,22.950000762939453,23.469999313354492,165400
2024-05-24,22.020938873291016,23.010000228881836,23.1200008392334,22.8799991607666,22.90999984741211,113700
2024-05-28,21.80082893371582,22.780000686645508,23.200000762939453,22.6200008392334,23.200000762939453,238600
2024-05-29,21.571144104003906,22.540000915527344,22.6299991607666,22.520000457763672,22.559999465942383,145300
2024-05-30,22.020938873291016,23.010000228881836,23.040000915527344,22.639999389648438,22.639999389648438,203300
2024-05-31,22.700422286987305,23.719999313354492,23.719999313354492,23.149999618530273,23.229999542236328,244200
2024-06-03,22.53772735595703,23.549999237060547,23.770000457763672,23.510000228881836,23.719999313354492,168800
2024-06-04,22.461164474487305,23.469999313354492,23.65999984741211,23.399999618530273,23.549999237060547,128500
2024-06-05,22.60472297668457,23.6200008392334,23.75,23.360000610351562,23.479999542236328,126200
2024-06-06,22.57600975036621,23.59000015258789,23.729999542236328,23.540000915527344,23.6200008392334,134200
2024-06-07,22.375032424926758,23.3799991607666,23.649999618530273,23.3700008392334,23.479999542236328,117800
2024-06-10,22.509017944335938,23.520000457763672,23.610000610351562,23.299999237060547,23.329999923706055,121800
2024-06-11,22.20555877685547,23.049999237060547,23.350000381469727,23.049999237060547,23.299999237060547,132000
2024-06-12,22.128488540649414,22.969999313354492,23.280000686645508,22.8799991607666,23.25,123900
2024-06-13,21.974349975585938,22.809999465942383,23.0,22.760000228881836,22.889999389648438,137200
2024-06-14,22.022518157958984,22.860000610351562,22.950000762939453,22.790000915527344,22.81999969482422,119800
2024-06-17,21.82984733581543,22.65999984741211,22.889999389648438,22.6299991607666,22.719999313354492,172900
2024-06-18,21.61790657043457,22.440000534057617,22.739999771118164,22.420000076293945,22.600000381469727,191200
2024-06-20,21.646806716918945,22.469999313354492,22.540000915527344,22.25,22.299999237060547,211000
2024-06-21,21.73350715637207,22.559999465942383,22.719999313354492,22.469999313354492,22.479999542236328,161400
2024-06-24,21.579370498657227,22.399999618530273,22.790000915527344,22.309999465942383,22.709999084472656,439900
2024-06-25,21.53120231628418,22.350000381469727,22.549999237060547,22.280000686645508,22.399999618530273,146000
2024-06-26,21.41560173034668,22.229999542236328,22.309999465942383,22.100000381469727,22.299999237060547,155000
2024-06-27,21.675708770751953,22.5,22.530000686645508,22.260000228881836,22.260000228881836,162900
2024-06-28,21.656436920166016,22.479999542236328,22.68000030517578,22.34000015258789,22.610000610351562,192200
2024-07-01,21.656436920166016,22.479999542236328,22.649999618530273,22.389999389648438,22.579999923706055,190900
2024-07-02,21.4830322265625,22.299999237060547,22.6299991607666,22.200000762939453,22.450000762939453,257800
2024-07-03,21.598636627197266,22.420000076293945,22.549999237060547,22.299999237060547,22.31999969482422,83700
2024-07-05,22.01288604736328,22.850000381469727,22.90999984741211,22.520000457763672,22.59000015258789,332900
2024-07-08,22.253726959228516,23.100000381469727,23.219999313354492,22.850000381469727,22.899999618530273,239800
2024-07-09,22.24409294128418,23.09000015258789,23.280000686645508,23.049999237060547,23.170000076293945,173900
2024-07-10,22.523466110229492,23.3799991607666,23.420000076293945,23.110000610351562,23.25,142300
2024-07-11,22.6679744720459,23.530000686645508,23.600000381469727,23.459999084472656,23.5,196600
2024-07-12,22.937713623046875,23.809999465942383,23.950000762939453,23.579999923706055,23.59000015258789,250200
2024-07-15,22.870281219482422,23.739999771118164,23.959999084472656,23.670000076293945,23.959999084472656,281500
2024-07-16,22.991491317749023,23.709999084472656,23.989999771118164,23.510000228881836,23.639999389648438,297900
2024-07-17,23.156339645385742,23.8799991607666,23.950000762939453,23.579999923706055,23.690000534057617,181700
2024-07-18,23.224220275878906,23.950000762939453,24.309999465942383,23.90999984741211,23.93000030517578,305100
2024-07-19,23.28240203857422,24.010000228881836,24.049999237060547,23.860000610351562,24.049999237060547,72900
2024-07-22,23.408462524414062,24.139999389648438,24.25,24.030000686645508,24.15999984741211,187200
2024-07-23,23.408462524414062,24.139999389648438,24.219999313354492,24.059999465942383,24.100000381469727,152300
2024-07-24,23.272706985473633,24.0,24.200000762939453,23.989999771118164,24.049999237060547,123400
2024-07-25,23.20482635498047,23.93000030517578,24.190000534057617,23.8700008392334,24.010000228881836,128800
2024-07-26,23.311491012573242,24.040000915527344,24.229999542236328,24.010000228881836,24.139999389648438,146800
2024-07-29,23.26300811767578,23.989999771118164,24.190000534057617,23.920000076293945,24.06999969482422,153900
2024-07-30,23.408462524414062,24.139999389648438,24.209999084472656,23.829999923706055,24.0,168900
2024-07-31,23.621797561645508,24.360000610351562,24.5,24.239999771118164,24.43000030517578,186200
2024-08-01,23.679975509643555,24.420000076293945,24.479999542236328,24.299999237060547,24.459999084472656,125000
2024-08-02,23.776947021484375,24.520000457763672,24.65999984741211,24.329999923706055,24.3799991607666,248700
2024-08-05,23.398765563964844,24.1299991607666,24.450000762939453,23.760000228881836,23.90999984741211,582800
2024-08-06,23.641189575195312,24.3799991607666,24.549999237060547,24.079999923706055,24.1299991607666,167300
2024-08-07,23.767248153686523,24.510000228881836,24.799999237060547,24.399999618530273,24.520000457763672,195100
2024-08-08,23.999975204467773,24.75,24.860000610351562,24.510000228881836,24.530000686645508,154900
2024-08-09,23.873916625976562,24.6200008392334,24.860000610351562,24.520000457763672,24.860000610351562,135900
2024-08-12,23.72846031188965,24.469999313354492,24.739999771118164,24.450000762939453,24.649999618530273,234400
2024-08-13,23.860206604003906,24.450000762939453,24.6299991607666,24.239999771118164,24.360000610351562,178000
2024-08-14,23.684551239013672,24.270000457763672,24.5,24.219999313354492,24.399999618530273,184000
2024-08-15,23.547924041748047,24.1299991607666,24.43000030517578,24.079999923706055,24.399999618530273,230000
2024-08-16,23.616239547729492,24.200000762939453,24.219999313354492,24.09000015258789,24.100000381469727,159800
2024-08-19,23.821170806884766,24.40999984741211,24.440000534057617,24.15999984741211,24.200000762939453,166200
2024-08-20,23.547924041748047,24.1299991607666,24.389999389648438,24.1299991607666,24.31999969482422,138100
2024-08-21,23.6455135345459,24.229999542236328,24.399999618530273,24.110000610351562,24.229999542236328,129400
2024-08-22,23.69430923461914,24.280000686645508,24.3799991607666,24.209999084472656,24.25,101600
2024-08-23,23.850446701049805,24.440000534057617,24.600000381469727,24.260000228881836,24.299999237060547,101200
2024-08-26,24.055381774902344,24.649999618530273,24.809999465942383,24.489999771118164,24.5,188300
2024-08-27,24.045621871948242,24.639999389648438,24.65999984741211,24.549999237060547,24.6200008392334,98700
2024-08-28,23.91875648498535,24.510000228881836,24.75,24.510000228881836,24.649999618530273,121100
2024-08-29,24.250558853149414,24.850000381469727,24.850000381469727,24.520000457763672,24.56999969482422,205600
2024-08-30,24.31886863708496,24.920000076293945,25.0,24.84000015258789,24.8700008392334,200300
2024-09-03,24.42621421813965,25.030000686645508,25.18000030517578,24.860000610351562,24.920000076293945,179800
2024-09-04,24.738496780395508,25.350000381469727,25.420000076293945,24.950000762939453,24.950000762939453,189900
2024-09-05,24.66042709350586,25.270000457763672,25.489999771118164,25.239999771118164,25.420000076293945,163000
2024-09-06,24.767772674560547,25.3799991607666,25.5,25.270000457763672,25.299999237060547,260000
2024-09-09,24.982465744018555,25.600000381469727,25.6299991607666,25.3799991607666,25.540000915527344,193300
2024-09-10,25.301557540893555,25.770000457763672,25.81999969482422,25.420000076293945,25.540000915527344,236800
2024-09-11,25.085556030273438,25.549999237060547,25.799999237060547,25.5,25.799999237060547,155800
2024-09-12,25.213193893432617,25.68000030517578,25.75,25.520000457763672,25.6299991607666,141400
2024-09-13,25.29174041748047,25.760000228881836,25.84000015258789,25.56999969482422,25.6200008392334,123100
2024-09-16,25.468467712402344,25.940000534057617,26.0,25.799999237060547,25.81999969482422,176300
2024-09-17,25.419376373291016,25.889999389648438,26.06999969482422,25.850000381469727,25.979999542236328,176000
2024-09-18,25.497920989990234,25.969999313354492,26.049999237060547,25.899999618530273,25.989999771118164,164200
2024-09-19,25.12483024597168,25.59000015258789,26.049999237060547,25.530000686645508,26.049999237060547,312800
2024-09-20,24.91864776611328,25.3799991607666,25.670000076293945,25.299999237060547,25.520000457763672,225900
2024-09-23,25.213193893432617,25.68000030517578,25.700000762939453,25.3799991607666,25.3799991607666,139100
2024-09-24,25.2033748626709,25.670000076293945,25.850000381469727,25.6200008392334,25.65999984741211,172300
2024-09-25,25.065919876098633,25.530000686645508,25.799999237060547,25.329999923706055,25.75,199900
2024-09-26,24.96773910522461,25.43000030517578,25.68000030517578,25.399999618530273,25.649999618530273,120700
2024-09-27,25.29174041748047,25.760000228881836,25.809999465942383,25.5,25.549999237060547,168600
2024-09-30,25.55683135986328,26.030000686645508,26.049999237060547,25.700000762939453,25.84000015258789,218700
2024-10-01,25.507740020751953,25.979999542236328,26.15999984741211,25.889999389648438,26.049999237060547,151400
2024-10-02,25.694286346435547,26.170000076293945,26.270000457763672,25.920000076293945,26.030000686645508,231300
2024-10-03,25.753196716308594,26.229999542236328,26.239999771118164,26.09000015258789,26.239999771118164,124100
2024-10-04,25.782649993896484,26.260000228881836,26.309999465942383,26.049999237060547,26.170000076293945,184200
2024-10-07,25.3604679107666,25.829999923706055,26.260000228881836,25.799999237060547,26.260000228881836,170200
2024-10-08,25.144466400146484,25.610000610351562,25.959999084472656,25.510000228881836,25.959999084472656,184600
2024-10-09,24.771373748779297,25.229999542236328,25.700000762939453,25.079999923706055,25.510000228881836,301600
2024-10-10,24.771373748779297,25.229999542236328,25.360000610351562,25.149999618530273,25.280000686645508,141700
2024-10-11,24.771373748779297,25.229999542236328,25.3799991607666,25.219999313354492,25.239999771118164,121900
2024-10-14,24.91864776611328,25.3799991607666,25.489999771118164,25.25,25.360000610351562,170000
2024-10-15,25.25945472717285,25.56999969482422,25.670000076293945,25.389999389648438,25.389999389648438,129700
2024-10-16,25.368122100830078,25.68000030517578,25.760000228881836,25.56999969482422,25.56999969482422,174100
2024-10-17,25.219942092895508,25.530000686645508,25.700000762939453,25.530000686645508,25.68000030517578,104500
2024-10-18,25.338483810424805,25.649999618530273,25.649999618530273,25.489999771118164,25.510000228881836,133200
2024-10-21,25.229822158813477,25.540000915527344,25.690000534057617,25.43000030517578,25.610000610351562,143800
2024-10-22,25.081642150878906,25.389999389648438,25.549999237060547,25.34000015258789,25.43000030517578,137800
2024-10-23,25.140913009643555,25.450000762939453,25.489999771118164,25.299999237060547,25.299999237060547,141200
2024-10-24,25.18042755126953,25.489999771118164,25.59000015258789,25.350000381469727,25.43000030517578,150500
2024-10-25,25.140913009643555,25.450000762939453,25.59000015258789,25.350000381469727,25.559999465942383,180800
2024-10-28,25.15079116821289,25.459999084472656,25.829999923706055,25.43000030517578,25.5,172600
2024-10-29,24.88407325744629,25.190000534057617,25.420000076293945,25.149999618530273,25.399999618530273,176600
2024-10-30,25.012493133544922,25.31999969482422,25.389999389648438,25.1299991607666,25.270000457763672,152400
2024-10-31,24.814922332763672,25.1200008392334,25.520000457763672,25.1200008392334,25.3700008392334,316600
2024-11-01,24.76552963256836,25.06999969482422,25.3799991607666,25.040000915527344,25.270000457763672,161700
2024-11-04,24.56795883178711,24.8700008392334,25.059999465942383,24.75,25.0,218900
2024-11-05,24.824798583984375,25.1299991607666,25.18000030517578,24.850000381469727,24.850000381469727,147400
2024-11-06,24.696378707885742,25.0,25.239999771118164,24.950000762939453,25.229999542236328,202800
2024-11-07,24.98285675048828,25.290000915527344,25.34000015258789,25.0,25.0,179000
2024-11-08,25.18042755126953,25.489999771118164,25.510000228881836,25.309999465942383,25.43000030517578,177400
2024-11-11,25.38787841796875,25.700000762939453,25.790000915527344,25.600000381469727,25.639999389648438,164400
2024-11-12,24.876047134399414,25.030000686645508,25.59000015258789,25.030000686645508,25.479999542236328,153700
2024-11-13,24.70709228515625,24.860000610351562,25.190000534057617,24.860000610351562,25.09000015258789,160900
2024-11-14,24.717031478881836,24.8700008392334,25.0,24.84000015258789,24.84000015258789,116300
2024-11-15,24.746845245361328,24.899999618530273,25.0,24.81999969482422,24.84000015258789,140700
2024-11-18,25.0549373626709,25.209999084472656,25.299999237060547,24.979999542236328,25.0,128400
2024-11-19,25.253707885742188,25.40999984741211,25.579999923706055,24.989999771118164,25.06999969482422,174600
2024-11-20,25.19407844543457,25.350000381469727,25.420000076293945,25.200000762939453,25.309999465942383,123900
2024-11-21,25.442541122436523,25.600000381469727,25.6299991607666,25.350000381469727,25.389999389648438,163300
2024-11-22,25.62143325805664,25.780000686645508,25.850000381469727,25.559999465942383,25.56999969482422,134300
2024-11-25,25.56180191040039,25.719999313354492,25.969999313354492,25.559999465942383,25.93000030517578,163700
2024-11-26,25.651247024536133,25.809999465942383,25.920000076293945,25.6299991607666,25.719999313354492,152000
2024-11-27,25.98915672302246,26.149999618530273,26.149999618530273,25.809999465942383,25.940000534057617,188800
2024-11-29,26.058725357055664,26.219999313354492,26.299999237060547,26.110000610351562,26.299999237060547,134000
2024-12-02,25.800325393676758,25.959999084472656,26.209999084472656,25.899999618530273,26.149999618530273,142700
2024-12-03,25.62143325805664,25.780000686645508,25.979999542236328,25.760000228881836,25.940000534057617,141900
2024-12-04,25.452478408813477,25.610000610351562,25.899999618530273,25.600000381469727,25.799999237060547,125400
2024-12-05,25.64130973815918,25.799999237060547,25.889999389648438,25.610000610351562,25.670000076293945,166300
2024-12-06,25.462417602539062,25.6200008392334,25.989999771118164,25.559999465942383,25.93000030517578,137300
2024-12-09,25.045001983642578,25.200000762939453,25.6299991607666,25.149999618530273,25.549999237060547,203400
2024-12-10,24.8799991607666,24.8799991607666,25.100000381469727,24.860000610351562,25.030000686645508,214900
2024-12-11,24.770000457763672,24.770000457763672,24.959999084472656,24.729999542236328,24.959999084472656,204000
2024-12-12,24.540000915527344,24.540000915527344,24.969999313354492,24.520000457763672,24.8799991607666,244700
2024-12-13,24.420000076293945,24.420000076293945,24.600000381469727,24.389999389648438,24.549999237060547,165300
