Date,Adj Close,Close,High,Low,Open,Volume
2009-01-02,8.091666221618652,10.5,10.5,7.0,9.0,15500
2009-01-05,6.7892937660217285,8.8100004196167,11.1899995803833,8.0,11.1899995803833,35700
2009-01-06,9.162851333618164,11.890000343322754,11.970000267028809,8.649999618530273,8.899999618530273,53900
2009-01-07,7.89130163192749,10.239999771118164,12.300000190734863,9.920000076293945,9.920000076293945,22100
2009-01-08,7.636992454528809,9.90999984741211,11.449999809265137,9.0,10.1899995803833,26200
2009-01-09,7.0358967781066895,9.130000114440918,9.8100004196167,8.130000114440918,9.470000267028809,39000
2009-01-12,5.910770416259766,7.670000076293945,8.75,7.670000076293945,8.479999542236328,63000
2009-01-13,5.5331573486328125,7.179999828338623,8.569999694824219,6.949999809265137,7.690000057220459,59000
2009-01-14,5.170961380004883,6.710000038146973,7.400000095367432,6.710000038146973,6.900000095367432,39800
2009-01-15,5.587103366851807,7.25,7.489999771118164,6.5,6.690000057220459,42900
2009-01-16,5.6949920654296875,7.389999866485596,8.0,7.0,7.28000020980835,78300
2009-01-20,5.332794189453125,6.920000076293945,7.590000152587891,6.920000076293945,7.039999961853027,58500
2009-01-21,5.355912208557129,6.949999809265137,7.25,6.010000228881836,7.03000020980835,47700
2009-01-22,4.639222145080566,6.019999980926514,6.809999942779541,6.019999980926514,6.809999942779541,30900
2009-01-23,4.585278511047363,5.949999809265137,6.360000133514404,5.920000076293945,6.150000095367432,19900
2009-01-26,4.623809814453125,6.0,6.460000038146973,5.940000057220459,5.940000057220459,26400
2009-01-27,4.623809814453125,6.0,6.050000190734863,5.75,6.0,29000
2009-01-28,4.893532752990723,6.349999904632568,6.460000038146973,5.889999866485596,6.039999961853027,80700
2009-01-29,4.438857555389404,5.760000228881836,6.489999771118164,5.75,6.489999771118164,27200
2009-01-30,4.670048236846924,6.059999942779541,6.75,5.949999809265137,6.739999771118164,33700
2009-02-02,4.546746730804443,5.900000095367432,6.230000019073486,5.75,5.900000095367432,23500
2009-02-03,4.469682693481445,5.800000190734863,6.139999866485596,5.75,5.909999847412109,30200
2009-02-04,4.431151390075684,5.75,6.070000171661377,5.739999771118164,5.769999980926514,24300
2009-02-05,4.485095024108887,5.820000171661377,5.989999771118164,5.599999904632568,5.820000171661377,425500
2009-02-06,4.492801189422607,5.829999923706055,5.940000057220459,5.590000152587891,5.760000228881836,52600
2009-02-09,4.346380710601807,5.639999866485596,5.849999904632568,5.5,5.849999904632568,24100
2009-02-10,4.261610984802246,5.53000020980835,5.699999809265137,5.5,5.630000114440918,31300
2009-02-11,4.261610984802246,5.53000020980835,5.590000152587891,5.400000095367432,5.5,16600
2009-02-12,4.901238441467285,6.360000133514404,6.360000133514404,5.269999980926514,5.269999980926514,26500
2009-02-13,4.546746730804443,5.900000095367432,6.809999942779541,5.610000133514404,6.329999923706055,27000
2009-02-17,4.346380710601807,5.639999866485596,6.090000152587891,5.519999980926514,5.739999771118164,28500
2009-02-18,4.207666873931885,5.460000038146973,5.869999885559082,5.400000095367432,5.510000228881836,40800
2009-02-19,4.045833110809326,5.25,5.579999923706055,5.25,5.53000020980835,45400
2009-02-20,4.0920729637146,5.309999942779541,5.420000076293945,5.199999809265137,5.199999809265137,34600
2009-02-23,3.6451029777526855,4.730000019073486,5.389999866485596,4.5,5.320000171661377,28500
2009-02-24,4.022715091705322,5.21999979019165,5.989999771118164,4.769999980926514,4.769999980926514,25200
2009-02-25,3.745285987854004,4.860000133514404,5.699999809265137,4.809999942779541,5.210000038146973,23600
2009-02-26,3.8531739711761475,5.0,5.5,4.559999942779541,4.880000114440918,27900
2009-02-27,3.8531739711761475,5.0,5.099999904632568,4.75,4.960000038146973,20100
2009-03-02,3.2983174324035645,4.28000020980835,5.079999923706055,4.260000228881836,4.840000152587891,28600
2009-03-03,3.128777503967285,4.059999942779541,7.0,4.0,4.28000020980835,55700
2009-03-04,3.113365411758423,4.039999961853027,4.559999942779541,3.7799999713897705,4.119999885559082,75800
2009-03-05,3.128777503967285,4.059999942779541,4.260000228881836,4.039999961853027,4.050000190734863,39400
2009-03-06,3.6142780780792236,4.690000057220459,4.71999979019165,4.079999923706055,4.079999923706055,494600
2009-03-09,3.560333013534546,4.619999885559082,5.0,4.099999904632568,4.599999904632568,13500
2009-03-10,3.6451029777526855,4.730000019073486,5.159999847412109,4.510000228881836,4.510000228881836,44000
2009-03-11,3.845468521118164,4.989999771118164,5.590000152587891,4.510000228881836,4.510000228881836,107600
2009-03-12,4.616103172302246,5.989999771118164,6.0,4.639999866485596,4.639999866485596,54700
2009-03-13,4.431151390075684,5.75,6.0,5.269999980926514,5.989999771118164,94000
2009-03-16,4.585278511047363,5.949999809265137,6.71999979019165,5.599999904632568,5.599999904632568,85500
2009-03-17,5.109309673309326,6.630000114440918,6.630000114440918,5.800000190734863,5.929999828338623,84700
2009-03-18,5.325087070465088,6.909999847412109,7.800000190734863,6.539999961853027,6.699999809265137,102800
2009-03-19,5.201784610748291,6.75,7.760000228881836,6.409999847412109,6.949999809265137,75700
2009-03-20,4.592984199523926,5.960000038146973,7.329999923706055,5.949999809265137,6.829999923706055,100300
2009-03-23,4.816468238830566,6.25,6.25,5.75,6.03000020980835,22500
2009-03-24,5.117016315460205,6.639999866485596,6.800000190734863,5.920000076293945,6.159999847412109,24900
2009-03-25,5.325087070465088,6.909999847412109,7.0,6.630000114440918,6.650000095367432,15200
2009-03-26,5.510039806365967,7.150000095367432,7.25,6.809999942779541,7.019999980926514,42800
2009-03-27,5.19407844543457,6.739999771118164,7.019999980926514,6.739999771118164,7.019999980926514,14800
2009-03-30,4.716285228729248,6.119999885559082,6.590000152587891,6.010000228881836,6.590000152587891,133300
2009-03-31,5.016835689544678,6.510000228881836,6.639999866485596,6.050000190734863,6.199999809265137,58200
2009-04-01,4.95518159866333,6.429999828338623,6.610000133514404,6.179999828338623,6.460000038146973,17000
2009-04-02,4.932064056396484,6.400000095367432,6.599999904632568,6.110000133514404,6.5,29800
2009-04-03,5.001419544219971,6.489999771118164,6.489999771118164,6.059999942779541,6.360000133514404,20400
2009-04-06,4.962889194488525,6.440000057220459,6.5,6.25,6.400000095367432,62800
2009-04-07,4.8395867347717285,6.28000020980835,6.429999828338623,6.28000020980835,6.349999904632568,49000
2009-04-08,4.993714332580566,6.480000019073486,6.510000228881836,6.170000076293945,6.300000190734863,24100
2009-04-09,5.841413497924805,7.579999923706055,7.739999771118164,6.309999942779541,6.309999942779541,446500
2009-04-13,5.671873092651367,7.360000133514404,7.75,6.900000095367432,7.75,23000
2009-04-14,5.39444637298584,7.0,7.199999809265137,7.0,7.199999809265137,11800
2009-04-15,6.003246307373047,7.789999961853027,7.789999961853027,7.0,7.0,17000
2009-04-16,6.172786235809326,8.010000228881836,8.289999961853027,7.510000228881836,7.820000171661377,28300
2009-04-17,6.928008079528809,8.989999771118164,9.100000381469727,7.269999980926514,7.989999771118164,40000
2009-04-20,7.243966579437256,9.399999618530273,9.760000228881836,8.760000228881836,9.220000267028809,60700
2009-04-21,7.398094177246094,9.600000381469727,9.84000015258789,9.390000343322754,9.399999618530273,35200
2009-04-22,7.698646545410156,9.989999771118164,10.380000114440918,9.300000190734863,9.300000190734863,133200
2009-04-23,7.436625957489014,9.649999618530273,9.90999984741211,9.609999656677246,9.739999771118164,47100
2009-04-24,7.205438137054443,9.350000381469727,9.789999961853027,9.300000190734863,9.6899995803833,61500
2009-04-27,7.367271423339844,9.5600004196167,9.75,9.199999809265137,9.300000190734863,54400
2009-04-28,7.166906356811523,9.300000190734863,9.600000381469727,9.010000228881836,9.4399995803833,63200
2009-04-29,8.053138732910156,10.449999809265137,10.729999542236328,9.149999618530273,9.329999923706055,22500
2009-04-30,8.746708869934082,11.350000381469727,11.920000076293945,10.779999732971191,10.779999732971191,115200
2009-05-01,8.816061973571777,11.4399995803833,11.970000267028809,11.260000228881836,11.270000457763672,137600
2009-05-04,8.669646263122559,11.25,11.539999961853027,11.0600004196167,11.430000305175781,60400
2009-05-05,8.353683471679688,10.84000015258789,11.369999885559082,10.720000267028809,11.100000381469727,66000
2009-05-06,8.430747032165527,10.9399995803833,11.869999885559082,10.760000228881836,10.9399995803833,89600
2009-05-07,8.93936538696289,11.600000381469727,12.109999656677246,10.770000457763672,11.100000381469727,122400
2009-05-08,10.69641399383545,13.880000114440918,13.989999771118164,11.289999961853027,11.770000457763672,67400
2009-05-11,10.781182289123535,13.989999771118164,14.199999809265137,12.569999694824219,13.779999732971191,57500
2009-05-12,10.881363868713379,14.119999885559082,14.649999618530273,13.289999961853027,13.289999961853027,64700
2009-05-13,10.596230506896973,13.75,14.630000114440918,13.550000190734863,14.350000381469727,56000
2009-05-14,10.773478507995605,13.979999542236328,14.170000076293945,13.699999809265137,14.170000076293945,71600
2009-05-15,10.31109619140625,13.380000114440918,14.0,13.380000114440918,14.0,45900
2009-05-18,11.143383026123047,14.460000038146973,14.460000038146973,13.199999809265137,13.5600004196167,39300
2009-05-19,12.052732467651367,15.640000343322754,15.859999656677246,14.59000015258789,14.869999885559082,74200
2009-05-20,12.229975700378418,15.869999885559082,15.920000076293945,15.130000114440918,15.789999961853027,42200
2009-05-21,11.906309127807617,15.449999809265137,15.920000076293945,14.829999923706055,15.890000343322754,33600
2009-05-22,11.675118446350098,15.149999618530273,15.75,14.84000015258789,15.520000457763672,8900
2009-05-26,11.898601531982422,15.4399995803833,15.510000228881836,14.819999694824219,14.930000305175781,23700
2009-05-27,12.106675148010254,15.710000038146973,15.979999542236328,14.9399995803833,15.420000076293945,34200
2009-05-28,11.798419952392578,15.3100004196167,15.84000015258789,15.050000190734863,15.75,19200
2009-05-29,11.4053955078125,14.800000190734863,15.470000267028809,14.760000228881836,15.180000305175781,35400
2009-06-01,12.299333572387695,15.960000038146973,15.989999771118164,14.819999694824219,15.270000457763672,58000
2009-06-02,12.638412475585938,16.399999618530273,16.399999618530273,15.100000381469727,15.539999961853027,48000
2009-06-03,12.638412475585938,16.399999618530273,16.399999618530273,15.65999984741211,16.290000915527344,46000
2009-06-04,12.754008293151855,16.549999237060547,16.700000762939453,16.110000610351562,16.34000015258789,51900
2009-06-05,12.661528587341309,16.43000030517578,16.700000762939453,15.819999694824219,16.700000762939453,14400
2009-06-08,12.484285354614258,16.200000762939453,16.34000015258789,15.680000305175781,16.280000686645508,12600
2009-06-09,12.145204544067383,15.760000228881836,16.200000762939453,15.489999771118164,16.200000762939453,30700
2009-06-10,11.729063034057617,15.220000267028809,15.699999809265137,14.449999809265137,15.699999809265137,31700
2009-06-11,11.929426193237305,15.479999542236328,15.789999961853027,15.039999961853027,15.3100004196167,16500
2009-06-12,12.075847625732422,15.670000076293945,15.800000190734863,15.300000190734863,15.800000190734863,6100
2009-06-15,11.775300979614258,15.279999732971191,15.479999542236328,15.0,15.430000305175781,12600
2009-06-16,11.4362211227417,14.84000015258789,15.520000457763672,14.649999618530273,15.520000457763672,42300
2009-06-17,11.220444679260254,14.5600004196167,14.899999618530273,14.050000190734863,14.890000343322754,19800
2009-06-18,11.366867065429688,14.75,15.460000038146973,14.449999809265137,14.470000267028809,5700
2009-06-19,10.842836380004883,14.069999694824219,15.039999961853027,14.069999694824219,15.039999961853027,33300
2009-06-22,10.164673805236816,13.1899995803833,14.609999656677246,13.109999656677246,14.1899995803833,42700
2009-06-23,10.133848190307617,13.149999618530273,14.0600004196167,13.0,13.3100004196167,14200
2009-06-24,10.449807167053223,13.5600004196167,13.899999618530273,13.25,13.25,15100
2009-06-25,10.711824417114258,13.899999618530273,13.899999618530273,13.5,13.510000228881836,21000
2009-06-26,11.752182960510254,15.25,15.489999771118164,14.100000381469727,14.100000381469727,134800
2009-06-29,11.42851734161377,14.829999923706055,15.350000381469727,13.710000038146973,14.529999732971191,33700
2009-06-30,11.320629119873047,14.6899995803833,15.130000114440918,14.09000015258789,14.890000343322754,13000
2009-07-01,12.029611587524414,15.609999656677246,15.880000114440918,14.5,14.880000114440918,9700
2009-07-02,11.09714126586914,14.399999618530273,15.239999771118164,14.149999618530273,15.239999771118164,18400
2009-07-06,10.919896125793457,14.170000076293945,14.40999984741211,14.109999656677246,14.40999984741211,16600
2009-07-07,10.835126876831055,14.0600004196167,14.25,13.979999542236328,14.25,27100
2009-07-08,10.457513809204102,13.569999694824219,13.989999771118164,13.5,13.989999771118164,22500
2009-07-09,10.403569221496582,13.5,14.149999618530273,13.479999542236328,13.760000228881836,36200
2009-07-10,10.542285919189453,13.680000305175781,13.899999618530273,13.489999771118164,13.600000381469727,13300
2009-07-13,11.497872352600098,14.920000076293945,14.920000076293945,13.699999809265137,13.699999809265137,21600
2009-07-14,11.020079612731934,14.300000190734863,14.720000267028809,13.850000381469727,13.850000381469727,10100
2009-07-15,11.4362211227417,14.84000015258789,14.989999771118164,14.100000381469727,14.4399995803833,22200
2009-07-16,11.559520721435547,15.0,15.0,14.380000114440918,14.800000190734863,11900
2009-07-17,11.613470077514648,15.069999694824219,15.25,14.8100004196167,14.949999809265137,22200
2009-07-20,11.598054885864258,15.050000190734863,15.25,14.930000305175781,15.109999656677246,10600
2009-07-21,12.176033973693848,15.800000190734863,15.850000381469727,14.899999618530273,15.210000038146973,24500
2009-07-22,12.176033973693848,15.800000190734863,15.800000190734863,15.180000305175781,15.789999961853027,9300
2009-07-23,12.553643226623535,16.290000915527344,16.399999618530273,15.100000381469727,15.579999923706055,32400
2009-07-24,12.51511001586914,16.239999771118164,16.5,15.420000076293945,15.420000076293945,19100
2009-07-27,12.330160140991211,16.0,16.15999984741211,15.829999923706055,16.15999984741211,1800
2009-07-28,12.330160140991211,16.0,16.389999389648438,15.90999984741211,16.389999389648438,4000
2009-07-29,11.883188247680664,15.420000076293945,16.149999618530273,15.399999618530273,16.149999618530273,10200
2009-07-30,11.890894889831543,15.430000305175781,16.290000915527344,15.109999656677246,15.829999923706055,51100
2009-07-31,12.214561462402344,15.850000381469727,15.90999984741211,15.289999961853027,15.289999961853027,17200
2009-08-03,12.253092765808105,15.899999618530273,16.200000762939453,15.329999923706055,15.90999984741211,29200
2009-08-04,12.152914047241211,15.770000457763672,15.890000343322754,15.649999618530273,15.649999618530273,7200
2009-08-05,11.490165710449219,14.90999984741211,15.949999809265137,14.880000114440918,15.75,16900
2009-08-06,11.4053955078125,14.800000190734863,15.0,14.359999656677246,14.989999771118164,14800
2009-08-07,11.914016723632812,15.460000038146973,15.640000343322754,14.850000381469727,15.239999771118164,17300
2009-08-10,12.045026779174805,15.630000114440918,15.739999771118164,15.300000190734863,15.460000038146973,9100
2009-08-11,12.176033973693848,15.800000190734863,16.399999618530273,15.510000228881836,15.649999618530273,15400
2009-08-12,12.176033973693848,15.800000190734863,16.209999084472656,15.630000114440918,15.800000190734863,13900
2009-08-13,11.967962265014648,15.529999732971191,16.0,15.399999618530273,15.84000015258789,5800
2009-08-14,11.62887954711914,15.09000015258789,16.209999084472656,14.65999984741211,16.049999237060547,14300
2009-08-17,11.790716171264648,15.300000190734863,15.949999809265137,14.859999656677246,14.859999656677246,45100
2009-08-18,11.944842338562012,15.5,16.0,15.1899995803833,15.489999771118164,45200
2009-08-19,11.944842338562012,15.5,15.989999771118164,15.020000457763672,15.989999771118164,4600
2009-08-20,12.052732467651367,15.640000343322754,15.90999984741211,15.010000228881836,15.359999656677246,44900
2009-08-21,12.19144344329834,15.819999694824219,16.0,15.09000015258789,16.0,18400
2009-08-24,12.229975700378418,15.869999885559082,16.309999465942383,15.15999984741211,15.15999984741211,13500
2009-08-25,12.46887493133545,16.18000030517578,16.25,15.75,16.040000915527344,6200
2009-08-26,12.584466934204102,16.329999923706055,16.350000381469727,16.100000381469727,16.100000381469727,11500
2009-08-27,12.268506050109863,15.920000076293945,16.389999389648438,15.039999961853027,16.389999389648438,80200
2009-08-28,12.19914722442627,15.829999923706055,16.149999618530273,15.199999809265137,16.059999465942383,56300
2009-08-31,12.037318229675293,15.619999885559082,16.079999923706055,15.140000343322754,15.630000114440918,61500
2009-09-01,11.366867065429688,14.75,15.670000076293945,14.649999618530273,15.4399995803833,32000
2009-09-02,11.544109344482422,14.979999542236328,15.270000457763672,14.619999885559082,14.640000343322754,26300
2009-09-03,11.567231178283691,15.010000228881836,15.4399995803833,14.510000228881836,14.649999618530273,13400
2009-09-04,11.836953163146973,15.359999656677246,15.65999984741211,14.960000038146973,15.140000343322754,18100
2009-09-08,11.713652610778809,15.199999809265137,15.449999809265137,15.100000381469727,15.449999809265137,4400
2009-09-09,12.13750171661377,15.75,15.770000457763672,15.199999809265137,15.210000038146973,2000
2009-09-10,12.13750171661377,15.75,15.75,15.25,15.5,9600
2009-09-11,12.106675148010254,15.710000038146973,15.710000038146973,15.319999694824219,15.6899995803833,4900
2009-09-14,11.621176719665527,15.079999923706055,15.510000228881836,14.960000038146973,15.510000228881836,27200
2009-09-15,11.921724319458008,15.470000267028809,15.9399995803833,14.920000076293945,15.079999923706055,10000
2009-09-16,12.499699592590332,16.219999313354492,16.239999771118164,15.029999732971191,15.029999732971191,14400
2009-09-17,12.438048362731934,16.139999389648438,16.329999923706055,15.920000076293945,15.970000267028809,7600
2009-09-18,11.960253715515137,15.520000457763672,16.170000076293945,15.5,16.170000076293945,30900
2009-09-21,11.98337173461914,15.550000190734863,15.729999542236328,15.149999618530273,15.5,14300
2009-09-22,12.245388984680176,15.890000343322754,15.890000343322754,15.25,15.529999732971191,8900
2009-09-23,11.944842338562012,15.5,15.789999961853027,15.420000076293945,15.479999542236328,10000
2009-09-24,11.937135696411133,15.489999771118164,15.699999809265137,15.149999618530273,15.520000457763672,6600
2009-09-25,12.176033973693848,15.800000190734863,15.989999771118164,15.5,15.5,5900
2009-09-28,12.214561462402344,15.850000381469727,16.3700008392334,15.539999961853027,15.539999961853027,8600
2009-09-29,12.060434341430664,15.649999618530273,16.25,15.569999694824219,15.9399995803833,7700
2009-09-30,12.029611587524414,15.609999656677246,16.110000610351562,15.609999656677246,15.699999809265137,8400
2009-10-01,11.636588096618652,15.100000381469727,15.5,14.65999984741211,15.5,18400
2009-10-02,11.675118446350098,15.149999618530273,15.609999656677246,14.4399995803833,14.880000114440918,9300
2009-10-05,12.31474494934082,15.979999542236328,15.979999542236328,14.930000305175781,15.180000305175781,13300
2009-10-06,11.890894889831543,15.430000305175781,15.9399995803833,14.5,15.9399995803833,3400
2009-10-07,11.759889602661133,15.260000228881836,15.329999923706055,15.170000076293945,15.329999923706055,20600
2009-10-08,12.307040214538574,15.970000267028809,16.049999237060547,14.989999771118164,15.25,33500
2009-10-09,12.391809463500977,16.079999923706055,16.079999923706055,15.510000228881836,15.680000305175781,14500
2009-10-12,12.414929389953613,16.110000610351562,16.219999313354492,16.110000610351562,16.18000030517578,3700
2009-10-13,12.430340766906738,16.1299991607666,16.1299991607666,15.850000381469727,15.850000381469727,5600
2009-10-14,12.63070297241211,16.389999389648438,16.389999389648438,15.65999984741211,16.219999313354492,55200
2009-10-15,12.707768440246582,16.489999771118164,16.850000381469727,15.760000228881836,16.170000076293945,15600
2009-10-16,12.35328483581543,16.030000686645508,16.309999465942383,15.899999618530273,16.309999465942383,10900
2009-10-19,12.091257095336914,15.6899995803833,16.09000015258789,15.380000114440918,16.0,9100
2009-10-20,11.929426193237305,15.479999542236328,15.720000267028809,15.399999618530273,15.399999618530273,11200
2009-10-21,11.890894889831543,15.430000305175781,15.819999694824219,15.359999656677246,15.819999694824219,11000
2009-10-22,11.767597198486328,15.270000457763672,15.289999961853027,15.069999694824219,15.25,6400
2009-10-23,11.621176719665527,15.079999923706055,15.300000190734863,14.9399995803833,15.0600004196167,12700
2009-10-26,11.559520721435547,15.0,15.109999656677246,14.899999618530273,15.0600004196167,15900
2009-10-27,11.574934959411621,15.020000457763672,15.199999809265137,14.609999656677246,14.989999771118164,5200
2009-10-28,11.274389266967773,14.630000114440918,14.970000267028809,14.609999656677246,14.970000267028809,18700
2009-10-29,11.45934009552002,14.869999885559082,15.170000076293945,14.699999809265137,14.729999542236328,12400
2009-10-30,11.289803504943848,14.649999618530273,15.609999656677246,14.529999732971191,14.75,29400
2009-11-02,11.752182960510254,15.25,15.479999542236328,14.710000038146973,14.710000038146973,8000
2009-11-03,12.029611587524414,15.609999656677246,15.609999656677246,14.760000228881836,15.180000305175781,13600
2009-11-04,12.045026779174805,15.630000114440918,15.800000190734863,15.079999923706055,15.569999694824219,11300
2009-11-05,12.337867736816406,16.010000228881836,16.010000228881836,15.510000228881836,15.710000038146973,12000
2009-11-06,12.222270965576172,15.859999656677246,16.010000228881836,15.510000228881836,16.010000228881836,11600
2009-11-09,12.414929389953613,16.110000610351562,16.110000610351562,15.930000305175781,15.930000305175781,8400
2009-11-10,12.38410472869873,16.06999969482422,16.459999084472656,15.90999984741211,16.040000915527344,8400
2009-11-11,12.715476036071777,16.5,16.520000457763672,16.270000457763672,16.270000457763672,4500
2009-11-12,12.368691444396973,16.049999237060547,16.489999771118164,16.010000228881836,16.489999771118164,10700
2009-11-13,12.453461647033691,16.15999984741211,16.15999984741211,16.06999969482422,16.149999618530273,2000
2009-11-16,12.561349868774414,16.299999237060547,16.40999984741211,16.190000534057617,16.350000381469727,7200
2009-11-17,12.622998237609863,16.3799991607666,16.389999389648438,15.699999809265137,16.389999389648438,2400
2009-11-18,12.669238090515137,16.440000534057617,16.6299991607666,15.729999542236328,15.84000015258789,17800
2009-11-19,12.12208366394043,15.729999542236328,16.530000686645508,15.729999542236328,16.399999618530273,21500
2009-11-20,12.014198303222656,15.59000015258789,16.040000915527344,15.489999771118164,15.710000038146973,7100
2009-11-23,12.345572471618652,16.020000457763672,16.709999084472656,15.729999542236328,15.729999542236328,4300
2009-11-24,12.052732467651367,15.640000343322754,15.850000381469727,15.399999618530273,15.460000038146973,53900
2009-11-25,12.106675148010254,15.710000038146973,16.239999771118164,15.5,15.979999542236328,6800
2009-11-27,11.85236644744873,15.380000114440918,15.5600004196167,15.329999923706055,15.329999923706055,5800
2009-11-30,12.052732467651367,15.640000343322754,15.9399995803833,15.399999618530273,15.430000305175781,19300
2009-12-01,11.998785972595215,15.569999694824219,15.75,15.420000076293945,15.75,10300
2009-12-02,12.183736801147461,15.8100004196167,16.260000228881836,15.460000038146973,15.539999961853027,3600
2009-12-03,11.975666999816895,15.539999961853027,15.859999656677246,15.4399995803833,15.8100004196167,7700
2009-12-04,12.276215553283691,15.930000305175781,16.149999618530273,15.5,15.949999809265137,13000
2009-12-07,12.214561462402344,15.850000381469727,15.989999771118164,15.529999732971191,15.930000305175781,7200
2009-12-08,12.307040214538574,15.970000267028809,16.020000457763672,15.710000038146973,15.729999542236328,29100
2009-12-09,12.345572471618652,16.020000457763672,16.110000610351562,15.9399995803833,15.949999809265137,16600
2009-12-10,12.360984802246094,16.040000915527344,16.520000457763672,15.949999809265137,16.15999984741211,21700
2009-12-11,12.168326377868652,15.789999961853027,16.25,15.470000267028809,15.979999542236328,15100
2009-12-14,12.576760292053223,16.31999969482422,16.520000457763672,15.529999732971191,15.890000343322754,12500
2009-12-15,12.330160140991211,16.0,16.510000228881836,15.779999732971191,16.329999923706055,22000
2009-12-16,12.391809463500977,16.079999923706055,16.56999969482422,15.6899995803833,16.190000534057617,25400
2009-12-17,12.51511001586914,16.239999771118164,16.56999969482422,15.75,15.970000267028809,30400
2009-12-18,12.407220840454102,16.100000381469727,16.40999984741211,15.899999618530273,16.40999984741211,64900
2009-12-21,12.307040214538574,15.970000267028809,16.770000457763672,15.619999885559082,16.149999618530273,19600
2009-12-22,12.276215553283691,15.930000305175781,16.149999618530273,15.760000228881836,16.030000686645508,8300
2009-12-23,12.31474494934082,15.979999542236328,16.209999084472656,15.979999542236328,16.049999237060547,9500
2009-12-24,12.422635078430176,16.1200008392334,16.170000076293945,15.899999618530273,16.010000228881836,6200
2009-12-28,12.2608003616333,15.90999984741211,16.34000015258789,15.800000190734863,16.040000915527344,15100
2009-12-29,12.35328483581543,16.030000686645508,16.030000686645508,15.850000381469727,15.850000381469727,22600
2009-12-30,12.399516105651855,16.09000015258789,16.139999389648438,15.90999984741211,16.0,8700
2009-12-31,12.253092765808105,15.899999618530273,16.219999313354492,15.899999618530273,16.1299991607666,6300
2010-01-04,12.823365211486816,16.639999389648438,16.690000534057617,16.15999984741211,16.18000030517578,11300
2010-01-05,12.599883079528809,16.350000381469727,16.6299991607666,16.25,16.479999542236328,10000
2010-01-06,12.330160140991211,16.0,16.600000381469727,15.960000038146973,16.280000686645508,15200
2010-01-07,12.461170196533203,16.170000076293945,16.309999465942383,15.789999961853027,16.040000915527344,11600
2010-01-08,12.414929389953613,16.110000610351562,16.239999771118164,16.0,16.1299991607666,2600
2010-01-11,12.553643226623535,16.290000915527344,16.530000686645508,16.200000762939453,16.200000762939453,5400
2010-01-12,12.54593563079834,16.280000686645508,16.959999084472656,16.25,16.25,4900
2010-01-13,12.622998237609863,16.3799991607666,16.559999465942383,16.149999618530273,16.34000015258789,6200
2010-01-14,12.599883079528809,16.350000381469727,16.440000534057617,16.350000381469727,16.40999984741211,900
2010-01-15,12.561349868774414,16.299999237060547,17.0,16.299999237060547,16.479999542236328,10300
2010-01-19,13.462991714477539,17.469999313354492,17.639999389648438,16.389999389648438,16.389999389648438,13000
2010-01-20,13.640238761901855,17.700000762939453,17.81999969482422,17.350000381469727,17.350000381469727,19100
2010-01-21,13.293450355529785,17.25,17.709999084472656,17.25,17.690000534057617,7200
2010-01-22,12.615296363830566,16.3700008392334,17.5,16.299999237060547,17.290000915527344,19400
2010-01-25,12.831069946289062,16.649999618530273,16.649999618530273,16.479999542236328,16.479999542236328,5300
2010-01-26,12.769420623779297,16.56999969482422,16.649999618530273,16.520000457763672,16.540000915527344,20500
2010-01-27,13.05455207824707,16.940000534057617,17.1200008392334,16.329999923706055,16.420000076293945,31200
2010-01-28,12.607588768005371,16.360000610351562,17.25,16.350000381469727,16.950000762939453,16000
2010-01-29,12.615296363830566,16.3700008392334,17.0,16.309999465942383,16.940000534057617,57900
2010-02-01,12.561349868774414,16.299999237060547,16.489999771118164,16.1299991607666,16.3799991607666,10900
2010-02-02,12.723183631896973,16.510000228881836,16.6299991607666,15.800000190734863,16.270000457763672,14400
2010-02-03,12.653823852539062,16.420000076293945,16.520000457763672,16.049999237060547,16.389999389648438,9600
2010-02-04,12.422635078430176,16.1200008392334,16.200000762939453,15.979999542236328,16.15999984741211,17100
2010-02-05,13.05455207824707,16.940000534057617,16.989999771118164,16.1200008392334,16.1299991607666,5800
2010-02-08,12.738597869873047,16.530000686645508,16.93000030517578,16.489999771118164,16.920000076293945,12800
2010-02-09,13.05455207824707,16.940000534057617,16.940000534057617,16.700000762939453,16.84000015258789,8000
2010-02-10,12.992903709411621,16.860000610351562,17.260000228881836,16.530000686645508,16.809999465942383,8100
2010-02-11,13.331984519958496,17.299999237060547,17.989999771118164,16.950000762939453,17.950000762939453,31600
2010-02-12,13.462991714477539,17.469999313354492,17.940000534057617,17.0,17.0,18300
2010-02-16,13.979320526123047,18.139999389648438,18.139999389648438,17.5,17.549999237060547,11000
2010-02-17,14.626648902893066,18.979999542236328,19.200000762939453,18.200000762939453,18.200000762939453,27000
2010-02-18,14.187386512756348,18.40999984741211,18.989999771118164,18.110000610351562,18.8700008392334,13600
2010-02-19,14.742243766784668,19.1299991607666,19.219999313354492,18.40999984741211,18.40999984741211,7500
2010-02-22,16.029207229614258,20.799999237060547,20.899999618530273,19.1200008392334,19.729999542236328,32000
2010-02-23,15.45893383026123,20.059999465942383,21.600000381469727,20.059999465942383,20.799999237060547,14700
2010-02-24,15.35104751586914,19.920000076293945,20.75,19.90999984741211,20.75,5300
2010-02-25,15.374163627624512,19.950000762939453,19.989999771118164,18.829999923706055,19.639999389648438,11100
2010-02-26,15.72095012664795,20.399999618530273,20.93000030517578,19.84000015258789,20.93000030517578,26300
2010-03-01,16.09856414794922,20.889999389648438,20.969999313354492,19.579999923706055,19.579999923706055,12200
2010-03-02,15.921316146850586,20.65999984741211,20.829999923706055,20.600000381469727,20.81999969482422,7500
2010-03-03,16.006084442138672,20.770000457763672,20.989999771118164,20.549999237060547,20.989999771118164,4900
2010-03-04,15.867366790771484,20.59000015258789,20.770000457763672,20.239999771118164,20.770000457763672,7300
2010-03-05,15.798012733459473,20.5,20.610000610351562,20.229999542236328,20.610000610351562,13300
2010-03-08,15.41269588470459,20.0,20.489999771118164,19.920000076293945,20.489999771118164,13000
2010-03-09,15.35104751586914,19.920000076293945,20.459999084472656,19.270000457763672,19.639999389648438,20200
2010-03-10,15.505175590515137,20.1200008392334,20.200000762939453,19.399999618530273,19.979999542236328,28600
2010-03-11,15.628474235534668,20.280000686645508,20.700000762939453,19.93000030517578,19.93000030517578,18200
2010-03-12,15.135272979736328,19.639999389648438,19.969999313354492,19.489999771118164,19.940000534057617,17600
2010-03-15,15.189217567443848,19.709999084472656,20.229999542236328,19.559999465942383,19.559999465942383,9800
2010-03-16,15.597647666931152,20.239999771118164,20.239999771118164,19.360000610351562,19.649999618530273,6400
2010-03-17,15.805723190307617,20.510000228881836,20.690000534057617,20.360000610351562,20.56999969482422,4800
2010-03-18,15.235445976257324,19.770000457763672,20.75,19.610000610351562,20.719999313354492,39400
2010-03-19,15.235445976257324,19.770000457763672,19.979999542236328,19.350000381469727,19.770000457763672,31700
2010-03-22,15.821130752563477,20.530000686645508,20.559999465942383,19.790000915527344,20.270000457763672,13300
2010-03-23,15.89048957824707,20.6200008392334,20.780000686645508,20.229999542236328,20.489999771118164,5300
2010-03-24,15.98297119140625,20.739999771118164,20.799999237060547,20.420000076293945,20.68000030517578,15000
2010-03-25,16.252687454223633,21.09000015258789,21.399999618530273,20.8700008392334,20.950000762939453,21000
2010-03-26,15.72865104675293,20.40999984741211,21.579999923706055,20.360000610351562,21.350000381469727,21100
2010-03-29,15.736366271972656,20.420000076293945,20.739999771118164,20.1200008392334,20.549999237060547,17100
2010-03-30,16.036911010742188,20.809999465942383,21.610000610351562,20.43000030517578,21.15999984741211,22200
2010-03-31,16.060029983520508,20.84000015258789,21.219999313354492,20.229999542236328,20.639999389648438,20800
2010-04-01,15.867366790771484,20.59000015258789,21.030000686645508,20.510000228881836,20.889999389648438,5200
2010-04-05,15.882787704467773,20.610000610351562,20.690000534057617,20.389999389648438,20.6299991607666,17300
2010-04-06,16.021501541137695,20.790000915527344,21.0,20.639999389648438,20.969999313354492,8600
2010-04-07,16.09856414794922,20.889999389648438,21.139999389648438,20.700000762939453,20.700000762939453,15600
2010-04-08,16.337461471557617,21.200000762939453,21.200000762939453,21.100000381469727,21.200000762939453,6000
2010-04-09,16.62259292602539,21.56999969482422,21.600000381469727,21.270000457763672,21.440000534057617,9800
2010-04-12,16.645713806152344,21.600000381469727,21.829999923706055,21.489999771118164,21.700000762939453,10700
2010-04-13,16.645713806152344,21.600000381469727,21.700000762939453,21.520000457763672,21.700000762939453,13700
2010-04-14,17.02332878112793,22.09000015258789,22.100000381469727,21.6299991607666,21.780000686645508,16400
2010-04-15,17.239103317260742,22.3700008392334,22.479999542236328,21.899999618530273,21.950000762939453,10200
2010-04-16,17.02332878112793,22.09000015258789,22.649999618530273,22.09000015258789,22.399999618530273,19800
2010-04-19,17.208271026611328,22.329999923706055,22.3799991607666,22.030000686645508,22.059999465942383,11800
2010-04-20,17.46259117126465,22.65999984741211,22.729999542236328,21.799999237060547,21.799999237060547,6600
2010-04-21,17.4317626953125,22.6200008392334,22.889999389648438,22.510000228881836,22.600000381469727,14600
2010-04-22,17.670652389526367,22.93000030517578,22.93000030517578,22.459999084472656,22.459999084472656,3400
2010-04-23,18.140743255615234,23.540000915527344,23.540000915527344,22.93000030517578,22.93000030517578,24100
2010-04-26,18.294872283935547,23.739999771118164,23.799999237060547,23.450000762939453,23.610000610351562,11500
2010-04-27,17.801664352416992,23.100000381469727,23.5,23.0,23.200000762939453,14500
2010-04-28,18.055978775024414,23.43000030517578,23.6299991607666,23.25,23.25,2300
2010-04-29,18.7957820892334,24.389999389648438,24.40999984741211,23.450000762939453,23.68000030517578,13200
2010-04-30,18.6724796295166,24.229999542236328,24.549999237060547,24.18000030517578,24.43000030517578,11800
2010-05-03,18.895967483520508,24.520000457763672,24.520000457763672,24.049999237060547,24.239999771118164,8600
2010-05-04,18.711015701293945,24.280000686645508,24.280000686645508,22.520000457763672,24.18000030517578,43300
2010-05-05,18.502944946289062,24.010000228881836,24.299999237060547,23.399999618530273,23.959999084472656,9900
2010-05-06,17.007909774780273,22.06999969482422,23.940000534057617,20.90999984741211,23.940000534057617,19900
2010-05-07,17.339292526245117,22.5,22.649999618530273,22.0,22.06999969482422,32000
2010-05-10,18.4952392578125,24.0,24.0,23.3799991607666,23.3799991607666,9900
2010-05-11,18.764957427978516,24.350000381469727,24.5,22.8700008392334,23.68000030517578,11900
2010-05-12,19.096336364746094,24.780000686645508,24.809999465942383,24.059999465942383,24.290000915527344,11900
2010-05-13,19.21192741394043,24.93000030517578,24.989999771118164,24.68000030517578,24.68000030517578,7500
2010-05-14,18.595420837402344,24.1299991607666,24.670000076293945,24.100000381469727,24.579999923706055,19400
2010-05-17,18.179283142089844,23.59000015258789,24.40999984741211,23.510000228881836,24.3799991607666,16200
2010-05-18,17.90955924987793,23.239999771118164,24.0,23.239999771118164,24.0,9300
2010-05-19,17.9635009765625,23.309999465942383,23.700000762939453,23.0,23.3799991607666,13000
2010-05-20,17.28534507751465,22.43000030517578,23.200000762939453,22.329999923706055,22.860000610351562,21800
2010-05-21,17.424057006835938,22.610000610351562,22.829999923706055,22.18000030517578,22.18000030517578,27200
2010-05-24,17.115800857543945,22.209999084472656,22.760000228881836,22.209999084472656,22.600000381469727,5100
2010-05-25,16.206457138061523,21.030000686645508,21.65999984741211,21.0,21.65999984741211,19800
2010-05-26,16.483882904052734,21.389999389648438,21.979999542236328,21.030000686645508,21.030000686645508,111100
2010-05-27,17.701478958129883,22.969999313354492,23.100000381469727,21.5,21.8700008392334,47600
2010-05-28,17.562772750854492,22.790000915527344,24.010000228881836,22.56999969482422,23.8799991607666,14500
2010-06-01,17.58588409423828,22.81999969482422,23.5,22.59000015258789,22.59000015258789,9700
2010-06-02,17.924970626831055,23.260000228881836,23.639999389648438,23.049999237060547,23.56999969482422,27200
2010-06-03,18.009740829467773,23.3700008392334,23.940000534057617,23.18000030517578,23.18000030517578,22900
2010-06-04,16.79984474182129,21.799999237060547,22.43000030517578,21.649999618530273,22.040000915527344,18600
2010-06-07,16.761306762695312,21.75,22.299999237060547,21.75,22.06999969482422,6800
2010-06-08,16.47616958618164,21.3799991607666,21.760000228881836,21.290000915527344,21.760000228881836,13900
2010-06-09,16.599475860595703,21.540000915527344,21.829999923706055,21.290000915527344,21.59000015258789,11300
2010-06-10,17.007909774780273,22.06999969482422,22.100000381469727,21.700000762939453,21.829999923706055,53100
2010-06-11,17.40863800048828,22.59000015258789,22.59000015258789,21.860000610351562,21.860000610351562,5600
2010-06-14,17.115800857543945,22.209999084472656,23.030000686645508,22.040000915527344,22.700000762939453,8500
2010-06-15,17.44717788696289,22.639999389648438,22.690000534057617,21.90999984741211,22.219999313354492,28900
2010-06-16,17.32387924194336,22.479999542236328,22.860000610351562,22.360000610351562,22.520000457763672,5500
2010-06-17,17.670652389526367,22.93000030517578,22.940000534057617,22.329999923706055,22.739999771118164,21200
2010-06-18,17.231399536132812,22.360000610351562,22.969999313354492,22.350000381469727,22.959999084472656,40000
2010-06-21,16.95396614074707,22.0,22.950000762939453,22.0,22.68000030517578,21700
2010-06-22,16.499286651611328,21.40999984741211,22.139999389648438,21.360000610351562,22.139999389648438,40600
2010-06-23,16.19104766845703,21.010000228881836,21.489999771118164,20.899999618530273,21.459999084472656,30200
2010-06-24,15.643892288208008,20.299999237060547,21.100000381469727,20.299999237060547,20.84000015258789,37200
2010-06-25,15.065908432006836,19.549999237060547,20.690000534057617,19.540000915527344,20.690000534057617,415100
2010-06-28,14.888663291931152,19.31999969482422,19.719999313354492,19.31999969482422,19.719999313354492,25200
2010-06-29,14.457112312316895,18.760000228881836,19.239999771118164,18.639999389648438,19.1200008392334,43800
2010-06-30,14.426283836364746,18.719999313354492,19.100000381469727,18.559999465942383,18.719999313354492,33300
2010-07-01,14.087212562561035,18.280000686645508,18.68000030517578,18.25,18.68000030517578,30600
2010-07-02,13.994730949401855,18.15999984741211,18.540000915527344,18.1200008392334,18.43000030517578,50000
2010-07-06,13.956198692321777,18.110000610351562,18.56999969482422,17.899999618530273,18.40999984741211,46000
2010-07-07,14.495638847351074,18.809999465942383,18.81999969482422,17.889999389648438,18.15999984741211,32000
2010-07-08,14.541876792907715,18.8700008392334,18.989999771118164,18.75,18.920000076293945,34700
2010-07-09,15.065908432006836,19.549999237060547,19.549999237060547,18.84000015258789,18.899999618530273,13100
2010-07-12,15.859667778015137,20.579999923706055,20.81999969482422,19.520000457763672,19.549999237060547,38700
2010-07-13,17.316165924072266,22.469999313354492,23.1200008392334,20.709999084472656,20.799999237060547,82300
2010-07-14,16.630300521850586,21.579999923706055,22.690000534057617,21.079999923706055,22.459999084472656,50000
2010-07-15,16.93085289001465,21.969999313354492,22.299999237060547,21.020000457763672,21.600000381469727,82600
2010-07-16,16.260395050048828,21.100000381469727,22.059999465942383,21.100000381469727,21.719999313354492,16600
2010-07-19,16.55323600769043,21.479999542236328,21.940000534057617,21.0,21.940000534057617,16500
2010-07-20,16.560943603515625,21.489999771118164,21.969999313354492,21.110000610351562,21.600000381469727,25900
2010-07-21,16.684249877929688,21.649999618530273,21.90999984741211,21.299999237060547,21.639999389648438,20300
2010-07-22,17.57047462463379,22.799999237060547,22.84000015258789,21.65999984741211,21.889999389648438,47900
2010-07-23,18.3179931640625,23.770000457763672,23.780000686645508,22.059999465942383,22.299999237060547,28900
2010-07-26,18.965330123901367,24.610000610351562,24.860000610351562,23.209999084472656,23.979999542236328,24800
2010-07-27,18.595420837402344,24.1299991607666,24.75,24.030000686645508,24.700000762939453,19200
2010-07-28,18.81890106201172,24.420000076293945,24.420000076293945,23.790000915527344,24.09000015258789,17800
2010-07-29,18.895967483520508,24.520000457763672,24.780000686645508,23.059999465942383,23.81999969482422,13900
2010-07-30,19.882375717163086,25.799999237060547,25.920000076293945,24.389999389648438,24.389999389648438,73300
2010-08-02,20.41411781311035,26.489999771118164,26.809999465942383,25.239999771118164,25.75,69700
2010-08-03,20.252286911010742,26.280000686645508,26.979999542236328,23.670000076293945,24.399999618530273,63300
2010-08-04,21.192461013793945,27.5,27.600000381469727,26.06999969482422,26.329999923706055,53700
2010-08-05,21.03833770751953,27.299999237060547,27.5,26.739999771118164,26.739999771118164,39900
2010-08-06,20.483476638793945,26.579999923706055,27.1200008392334,26.459999084472656,27.020000457763672,22600
2010-08-09,21.015214920043945,27.270000457763672,27.31999969482422,26.56999969482422,26.59000015258789,14800
2010-08-10,20.9227352142334,27.149999618530273,27.469999313354492,26.920000076293945,27.030000686645508,18900
2010-08-11,20.02109146118164,25.979999542236328,26.31999969482422,25.540000915527344,26.049999237060547,21100
2010-08-12,19.843847274780273,25.75,25.920000076293945,24.350000381469727,25.459999084472656,9600
2010-08-13,19.011560440063477,24.670000076293945,25.510000228881836,24.670000076293945,25.510000228881836,27000
2010-08-16,19.65890121459961,25.510000228881836,25.520000457763672,24.6200008392334,24.6200008392334,10800
2010-08-17,21.053743362426758,27.31999969482422,27.479999542236328,25.84000015258789,25.84000015258789,15700
2010-08-18,21.099990844726562,27.3799991607666,27.469999313354492,26.229999542236328,26.950000762939453,21600
2010-08-19,20.329347610473633,26.3799991607666,27.239999771118164,26.3799991607666,27.239999771118164,18100
2010-08-20,20.02879524230957,25.989999771118164,26.34000015258789,25.889999389648438,26.229999542236328,13100
2010-08-23,19.79761505126953,25.690000534057617,26.600000381469727,25.690000534057617,26.600000381469727,14500
2010-08-24,20.29852294921875,26.34000015258789,26.950000762939453,25.65999984741211,25.75,23800
2010-08-25,20.55282974243164,26.670000076293945,26.690000534057617,26.049999237060547,26.100000381469727,13200
2010-08-26,20.591367721557617,26.719999313354492,26.8799991607666,26.610000610351562,26.68000030517578,6300
2010-08-27,20.814847946166992,27.010000228881836,27.110000610351562,26.1200008392334,27.110000610351562,10800
2010-08-30,20.537418365478516,26.649999618530273,27.15999984741211,26.649999618530273,26.790000915527344,19300
2010-08-31,20.4449405670166,26.530000686645508,26.6299991607666,26.170000076293945,26.170000076293945,10400
2010-09-01,21.269521713256836,27.600000381469727,27.600000381469727,26.709999084472656,27.020000457763672,14000
2010-09-02,21.446767807006836,27.829999923706055,27.93000030517578,27.420000076293945,27.729999542236328,25900
2010-09-03,21.847501754760742,28.350000381469727,28.399999618530273,27.520000457763672,27.610000610351562,35100
2010-09-07,21.246402740478516,27.56999969482422,28.170000076293945,27.56999969482422,28.100000381469727,27500
2010-09-08,21.90144920349121,28.420000076293945,28.459999084472656,28.030000686645508,28.25,8300
2010-09-09,21.970800399780273,28.510000228881836,28.979999542236328,28.440000534057617,28.700000762939453,7600
2010-09-10,21.747318267822266,28.219999313354492,28.8700008392334,28.1299991607666,28.8700008392334,11100
2010-09-13,22.348413467407227,29.0,29.0,28.43000030517578,28.6299991607666,17300
2010-09-14,22.117223739624023,28.700000762939453,29.0,28.34000015258789,28.989999771118164,12200
2010-09-15,22.17116355895996,28.770000457763672,29.0,28.360000610351562,28.59000015258789,15700
2010-09-16,22.13262939453125,28.719999313354492,28.940000534057617,28.690000534057617,28.75,3300
2010-09-17,22.117223739624023,28.700000762939453,29.059999465942383,28.700000762939453,29.0,39300
2010-09-20,22.440889358520508,29.1200008392334,29.149999618530273,28.850000381469727,28.950000762939453,34700
2010-09-21,22.556482315063477,29.270000457763672,29.81999969482422,29.0,29.0,4700
2010-09-22,22.19428253173828,28.799999237060547,29.739999771118164,28.530000686645508,29.420000076293945,8500
2010-09-23,22.232816696166992,28.850000381469727,29.0,28.530000686645508,28.59000015258789,12000
2010-09-24,23.08051872253418,29.950000762939453,29.979999542236328,28.920000076293945,28.950000762939453,14700
2010-09-27,22.887859344482422,29.700000762939453,30.020000457763672,29.700000762939453,30.0,17400
2010-09-28,23.5737247467041,30.59000015258789,30.68000030517578,29.690000534057617,29.75,20400
2010-09-29,23.673906326293945,30.719999313354492,30.850000381469727,30.110000610351562,30.520000457763672,24800
2010-09-30,23.319416046142578,30.260000228881836,31.649999618530273,30.1200008392334,31.649999618530273,19100
2010-10-01,23.77408218383789,30.850000381469727,31.579999923706055,30.690000534057617,30.739999771118164,14900
2010-10-04,24.32894515991211,31.56999969482422,31.68000030517578,30.81999969482422,30.8799991607666,39100
2010-10-05,24.960866928100586,32.38999938964844,32.5,31.579999923706055,31.600000381469727,19100
2010-10-06,25.230592727661133,32.7400016784668,33.0,29.84000015258789,29.84000015258789,19200
2010-10-07,26.024333953857422,33.77000045776367,34.220001220703125,32.689998626708984,33.11000061035156,14400
2010-10-08,25.954988479614258,33.68000030517578,34.5,33.61000061035156,33.70000076293945,8200
2010-10-11,26.10141372680664,33.869998931884766,34.0099983215332,33.709999084472656,33.72999954223633,17600
2010-10-12,26.155345916748047,33.939998626708984,34.150001525878906,33.7599983215332,33.7599983215332,22100
2010-10-13,26.201587677001953,34.0,34.099998474121094,33.900001525878906,33.970001220703125,39300
2010-10-14,26.147645950317383,33.93000030517578,34.0,33.7599983215332,33.97999954223633,7700
2010-10-15,27.342124938964844,35.47999954223633,35.4900016784668,34.15999984741211,34.15999984741211,26300
2010-10-18,27.58103370666504,35.790000915527344,35.849998474121094,35.11000061035156,35.5,12600
2010-10-19,27.01845932006836,35.060001373291016,35.45000076293945,33.709999084472656,35.220001220703125,8500
2010-10-20,27.38835906982422,35.540000915527344,36.099998474121094,35.20000076293945,35.349998474121094,9200
2010-10-21,27.557903289794922,35.7599983215332,35.959999084472656,35.540000915527344,35.540000915527344,14500
2010-10-22,27.457725524902344,35.630001068115234,35.95000076293945,35.540000915527344,35.7599983215332,15200
2010-10-25,27.7813777923584,36.04999923706055,36.25,35.650001525878906,35.66999816894531,20300
2010-10-26,28.09735107421875,36.459999084472656,36.599998474121094,35.689998626708984,35.720001220703125,42000
2010-10-27,27.92010498046875,36.22999954223633,36.9900016784668,36.08000183105469,36.36000061035156,39400
2010-10-28,28.128170013427734,36.5,37.4900016784668,36.34000015258789,36.4900016784668,29800
2010-10-29,28.320829391479492,36.75,37.04999923706055,36.29999923706055,36.4900016784668,12100
2010-11-01,28.058828353881836,36.40999984741211,37.06999969482422,36.189998626708984,37.060001373291016,6900
2010-11-02,29.453670501708984,38.220001220703125,38.220001220703125,36.599998474121094,36.599998474121094,19100
2010-11-03,29.985408782958984,38.90999984741211,39.9900016784668,38.119998931884766,38.119998931884766,28100
2010-11-04,30.686683654785156,39.81999969482422,39.900001525878906,39.25,39.689998626708984,17100
2010-11-05,30.40154457092285,39.45000076293945,39.959999084472656,39.0,39.959999084472656,10900
2010-11-08,30.51714515686035,39.599998474121094,39.66999816894531,38.220001220703125,38.369998931884766,28100
2010-11-09,30.077871322631836,39.029998779296875,39.70000076293945,39.029998779296875,39.43000030517578,31000
2010-11-10,30.047060012817383,38.9900016784668,39.29999923706055,38.029998779296875,39.15999984741211,14100
2010-11-11,30.054767608642578,39.0,39.29999923706055,38.65999984741211,38.65999984741211,8600
2010-11-12,30.016233444213867,38.95000076293945,39.25,38.47999954223633,38.58000183105469,31900
2010-11-15,31.002639770507812,40.22999954223633,40.95000076293945,39.08000183105469,39.27000045776367,35800
2010-11-16,30.278242111206055,39.290000915527344,40.119998931884766,38.95000076293945,39.91999816894531,24000
2010-11-17,30.50173568725586,39.58000183105469,39.939998626708984,38.97999954223633,39.31999969482422,17200
2010-11-18,30.424665451049805,39.47999954223633,40.279998779296875,39.20000076293945,40.279998779296875,14500
2010-11-19,31.765575408935547,41.220001220703125,41.220001220703125,38.900001525878906,39.470001220703125,25900
2010-11-22,31.927400588989258,41.43000030517578,41.52000045776367,40.45000076293945,41.150001525878906,26400
2010-11-23,31.88887596130371,41.380001068115234,41.959999084472656,40.77000045776367,40.97999954223633,24700
2010-11-24,33.24518585205078,43.13999938964844,43.2400016784668,41.380001068115234,41.380001068115234,35000
2010-11-26,33.769222259521484,43.81999969482422,44.470001220703125,42.849998474121094,42.959999084472656,16800
2010-11-29,34.524436950683594,44.79999923706055,44.83000183105469,43.0,43.689998626708984,57700
2010-11-30,34.524436950683594,44.79999923706055,45.0,44.029998779296875,44.9900016784668,29300
2010-12-01,35.84994125366211,46.52000045776367,46.560001373291016,45.13999938964844,45.470001220703125,52900
2010-12-02,36.443328857421875,47.290000915527344,47.5,46.439998626708984,46.61000061035156,58900
2010-12-03,37.321842193603516,48.43000030517578,48.630001068115234,46.20000076293945,47.16999816894531,54800
2010-12-06,37.84588623046875,49.11000061035156,49.43000030517578,48.41999816894531,48.41999816894531,27800
2010-12-07,37.946067810058594,49.2400016784668,49.90999984741211,48.65999984741211,49.43000030517578,67700
2010-12-08,37.26789474487305,48.36000061035156,49.869998931884766,48.189998626708984,49.38999938964844,55100
2010-12-09,38.62423324584961,50.119998931884766,50.119998931884766,48.959999084472656,49.25,45900
2010-12-10,38.45468521118164,49.900001525878906,50.09000015258789,49.56999969482422,50.0099983215332,28400
2010-12-13,37.91523742675781,49.20000076293945,50.04999923706055,49.15999984741211,50.04999923706055,24100
2010-12-14,36.782413482666016,47.72999954223633,49.119998931884766,46.88999938964844,48.91999816894531,69500
2010-12-15,36.76699447631836,47.709999084472656,48.4900016784668,46.93000030517578,47.709999084472656,39300
2010-12-16,36.91341781616211,47.900001525878906,48.11000061035156,47.09000015258789,47.58000183105469,28800
2010-12-17,36.266075134277344,47.060001373291016,48.36000061035156,46.189998626708984,47.72999954223633,74800
2010-12-20,37.13691329956055,48.189998626708984,48.290000915527344,45.95000076293945,47.33000183105469,33200
2010-12-21,37.599281311035156,48.790000915527344,49.0,48.099998474121094,48.20000076293945,29400
2010-12-22,37.1754264831543,48.2400016784668,48.77000045776367,47.2599983215332,48.58000183105469,16400
2010-12-23,36.98276138305664,47.9900016784668,48.459999084472656,47.68000030517578,48.04999923706055,13700
2010-12-27,37.63780212402344,48.84000015258789,48.84000015258789,47.93000030517578,47.95000076293945,4000
2010-12-28,37.49138259887695,48.650001525878906,49.04999923706055,48.470001220703125,49.04999923706055,12800
2010-12-29,37.08294677734375,48.119998931884766,48.939998626708984,48.11000061035156,48.900001525878906,5800
2010-12-30,35.49544906616211,46.060001373291016,48.150001525878906,46.0099983215332,47.970001220703125,22200
2010-12-31,34.96370315551758,45.369998931884766,46.31999969482422,45.369998931884766,45.880001068115234,13000
2011-01-03,35.98094940185547,46.689998626708984,47.84000015258789,44.9900016784668,45.25,74600
2011-01-04,36.01176834106445,46.72999954223633,47.47999954223633,46.290000915527344,46.939998626708984,23400
2011-01-05,36.18130874633789,46.95000076293945,46.95000076293945,46.349998474121094,46.349998474121094,7800
2011-01-06,36.08113479614258,46.81999969482422,46.970001220703125,46.529998779296875,46.709999084472656,10400
2011-01-07,36.18130874633789,46.95000076293945,46.9900016784668,46.599998474121094,46.709999084472656,18800
2011-01-10,36.219852447509766,47.0,47.09000015258789,46.529998779296875,46.66999816894531,12800
2011-01-11,36.77470397949219,47.720001220703125,48.08000183105469,46.77000045776367,47.09000015258789,28300
2011-01-12,37.45285415649414,48.599998474121094,48.959999084472656,48.130001068115234,48.939998626708984,12700
2011-01-13,36.72846221923828,47.65999984741211,48.4900016784668,47.310001373291016,48.33000183105469,27200
2011-01-14,36.89029312133789,47.869998931884766,48.150001525878906,46.81999969482422,47.66999816894531,30000
2011-01-18,36.76699447631836,47.709999084472656,47.9900016784668,47.63999938964844,47.63999938964844,39800
2011-01-19,35.795989990234375,46.45000076293945,47.709999084472656,46.45000076293945,47.59000015258789,29400
2011-01-20,34.023536682128906,44.150001525878906,47.36000061035156,43.2599983215332,46.279998779296875,40400
2011-01-21,34.8712272644043,45.25,46.81999969482422,44.630001068115234,44.630001068115234,26400
2011-01-24,35.002235412597656,45.41999816894531,46.5099983215332,44.40999984741211,45.439998626708984,35300
2011-01-25,35.37984848022461,45.90999984741211,46.09000015258789,44.599998474121094,45.38999938964844,53300
2011-01-26,36.45102310180664,47.29999923706055,47.29999923706055,46.29999923706055,46.33000183105469,18100
2011-01-27,36.48954772949219,47.349998474121094,47.54999923706055,46.66999816894531,47.41999816894531,12200
2011-01-28,36.40478515625,47.2400016784668,47.790000915527344,46.939998626708984,47.5,20800
2011-01-31,37.198551177978516,48.27000045776367,48.9900016784668,46.959999084472656,47.31999969482422,23600
2011-02-01,38.431575775146484,49.869998931884766,50.2599983215332,48.2400016784668,48.5,26100
2011-02-02,41.10565948486328,53.34000015258789,54.4900016784668,49.540000915527344,49.540000915527344,52600
2011-02-03,41.39853286743164,53.720001220703125,54.369998931884766,53.31999969482422,53.31999969482422,16200
2011-02-04,41.55262756347656,53.91999816894531,54.380001068115234,53.7400016784668,53.7400016784668,16200
2011-02-07,42.92436599731445,55.70000076293945,55.810001373291016,53.84000015258789,53.84000015258789,27100
2011-02-08,43.533172607421875,56.4900016784668,56.4900016784668,55.5,56.20000076293945,29200
2011-02-09,43.44839859008789,56.380001068115234,57.0,55.91999816894531,56.08000183105469,18700
2011-02-10,43.602535247802734,56.58000183105469,56.93000030517578,55.810001373291016,56.16999816894531,15500
2011-02-11,44.450218200683594,57.68000030517578,57.68000030517578,55.9900016784668,56.58000183105469,38100
2011-02-14,44.226741790771484,57.38999938964844,58.619998931884766,56.599998474121094,57.41999816894531,29500
2011-02-15,43.83370590209961,56.880001068115234,57.279998779296875,56.400001525878906,56.900001525878906,19000
2011-02-16,44.61976623535156,57.900001525878906,57.970001220703125,56.20000076293945,56.459999084472656,24100
2011-02-17,44.55811309814453,57.81999969482422,58.0,57.38999938964844,57.880001068115234,4000
2011-02-18,44.16509246826172,57.310001373291016,58.0,56.56999969482422,57.84000015258789,29400
2011-02-22,42.87041091918945,55.630001068115234,56.720001220703125,55.529998779296875,56.560001373291016,33000
2011-02-23,42.30016326904297,54.88999938964844,56.060001373291016,54.470001220703125,56.0099983215332,31800
2011-02-24,43.41756820678711,56.34000015258789,57.20000076293945,54.47999954223633,54.47999954223633,24400
2011-02-25,44.75847244262695,58.08000183105469,58.38999938964844,55.83000183105469,56.209999084472656,14100
2011-02-28,44.912601470947266,58.279998779296875,58.86000061035156,56.95000076293945,58.66999816894531,53400
2011-03-01,43.1940803527832,56.04999923706055,58.459999084472656,56.0,58.459999084472656,14000
2011-03-02,44.02637481689453,57.130001068115234,57.54999923706055,55.790000915527344,56.04999923706055,20600
2011-03-03,45.35957717895508,58.86000061035156,59.349998474121094,57.709999084472656,57.709999084472656,24400
2011-03-04,44.69682693481445,58.0,58.68000030517578,57.18000030517578,58.68000030517578,21400
2011-03-07,43.533172607421875,56.4900016784668,58.459999084472656,56.40999984741211,58.459999084472656,33400
2011-03-08,44.41169738769531,57.630001068115234,58.040000915527344,55.29999923706055,56.880001068115234,26600
2011-03-09,44.56582260131836,57.83000183105469,57.84000015258789,57.150001525878906,57.27000045776367,14700
2011-03-10,41.02860641479492,53.2400016784668,56.91999816894531,53.220001220703125,56.619998931884766,36300
2011-03-11,41.691349029541016,54.099998474121094,55.59000015258789,52.529998779296875,53.310001373291016,81900
2011-03-14,39.4179801940918,51.150001525878906,53.720001220703125,50.56999969482422,53.720001220703125,49900
2011-03-15,38.97099304199219,50.56999969482422,51.150001525878906,49.189998626708984,49.689998626708984,32500
2011-03-16,38.485496520996094,49.939998626708984,51.7400016784668,49.470001220703125,50.279998779296875,45700
2011-03-17,40.08072280883789,52.0099983215332,52.72999954223633,49.970001220703125,49.970001220703125,29900
2011-03-18,40.3042106628418,52.29999923706055,53.650001525878906,52.279998779296875,52.439998626708984,19300
2011-03-21,42.52364730834961,55.18000030517578,55.189998626708984,53.029998779296875,53.279998779296875,64300
2011-03-22,44.1419677734375,57.279998779296875,58.4900016784668,55.04999923706055,55.04999923706055,40800
2011-03-23,44.9665412902832,58.349998474121094,58.4900016784668,55.66999816894531,57.33000183105469,91400
2011-03-24,46.33057403564453,60.119998931884766,60.22999954223633,57.150001525878906,58.9900016784668,40600
2011-03-25,46.03773880004883,59.7400016784668,60.619998931884766,58.75,60.4900016784668,53200
2011-03-28,46.23808288574219,60.0,62.29999923706055,59.90999984741211,61.540000915527344,42300
2011-03-29,46.23808288574219,60.0,60.81999969482422,59.59000015258789,59.7599983215332,18400
2011-03-30,45.452049255371094,58.97999954223633,60.43000030517578,58.61000061035156,60.43000030517578,32100
2011-03-31,45.405818939208984,58.91999816894531,59.27000045776367,58.540000915527344,58.61000061035156,15100
2011-04-01,46.70047378540039,60.599998474121094,60.79999923706055,59.08000183105469,59.5099983215332,27900
2011-04-04,47.001033782958984,60.9900016784668,61.5099983215332,60.47999954223633,61.0099983215332,19200
2011-04-05,46.51551818847656,60.36000061035156,61.5,60.220001220703125,60.68000030517578,18600
2011-04-06,44.242156982421875,57.40999984741211,60.790000915527344,57.38999938964844,60.790000915527344,37800
2011-04-07,44.4425163269043,57.66999816894531,59.369998931884766,57.459999084472656,57.56999969482422,19700
2011-04-08,43.26345443725586,56.13999938964844,58.20000076293945,55.880001068115234,58.20000076293945,29000
2011-04-11,42.762535095214844,55.4900016784668,56.93000030517578,55.22999954223633,56.31999969482422,49800
2011-04-12,41.32915115356445,53.630001068115234,55.15999984741211,53.45000076293945,55.0099983215332,31400
2011-04-13,40.53539276123047,52.599998474121094,54.279998779296875,52.209999084472656,52.47999954223633,39900
2011-04-14,42.92436599731445,55.70000076293945,56.5,51.40999984741211,52.2400016784668,53700
2011-04-15,43.163265228271484,56.0099983215332,56.599998474121094,55.220001220703125,55.650001525878906,26900
2011-04-18,41.56034851074219,53.93000030517578,55.31999969482422,53.349998474121094,54.970001220703125,34600
2011-04-19,40.882179260253906,53.04999923706055,54.95000076293945,53.0,54.099998474121094,71700
2011-04-20,41.514095306396484,53.869998931884766,54.41999816894531,53.150001525878906,54.279998779296875,43100
2011-04-21,41.69905090332031,54.11000061035156,54.81999969482422,53.439998626708984,54.36000061035156,9500
2011-04-25,40.61246871948242,52.70000076293945,54.25,52.22999954223633,53.869998931884766,36900
2011-04-26,41.96876525878906,54.459999084472656,55.150001525878906,51.849998474121094,51.90999984741211,41200
2011-04-27,41.8454704284668,54.29999923706055,54.650001525878906,53.97999954223633,54.560001373291016,16700
2011-04-28,41.34456253051758,53.650001525878906,54.38999938964844,53.47999954223633,54.060001373291016,6400
2011-04-29,40.697235107421875,52.810001373291016,54.119998931884766,51.95000076293945,53.790000915527344,32000
2011-05-02,39.479618072509766,51.22999954223633,52.61000061035156,49.790000915527344,52.56999969482422,49600
2011-05-03,40.65098190307617,52.75,54.939998626708984,51.18000030517578,51.540000915527344,44600
2011-05-04,41.58345031738281,53.959999084472656,54.5099983215332,52.68000030517578,52.7599983215332,34000
2011-05-05,43.00142288208008,55.79999923706055,56.0,53.959999084472656,53.959999084472656,29200
2011-05-06,44.080318450927734,57.20000076293945,57.97999954223633,56.459999084472656,56.5,21000
2011-05-09,45.86820602416992,59.52000045776367,59.630001068115234,56.88999938964844,57.20000076293945,40300
2011-05-10,46.762123107910156,60.68000030517578,61.400001525878906,59.4900016784668,59.720001220703125,27000
2011-05-11,44.8432502746582,58.189998626708984,61.599998474121094,58.09000015258789,59.5099983215332,24900
2011-05-12,45.059017181396484,58.470001220703125,58.84000015258789,57.66999816894531,57.869998931884766,8000
2011-05-13,44.226741790771484,57.38999938964844,58.61000061035156,56.68000030517578,58.61000061035156,22700
2011-05-16,42.677764892578125,55.380001068115234,57.290000915527344,55.380001068115234,57.04999923706055,39000
2011-05-17,42.415740966796875,55.040000915527344,56.220001220703125,54.90999984741211,55.119998931884766,28900
2011-05-18,43.14013671875,55.97999954223633,56.0,54.95000076293945,55.189998626708984,15600
2011-05-19,43.13242721557617,55.970001220703125,56.369998931884766,52.72999954223633,56.369998931884766,42100
2011-05-20,42.70087432861328,55.40999984741211,55.9900016784668,55.0,55.52000045776367,15300
2011-05-23,41.8454704284668,54.29999923706055,55.459999084472656,53.220001220703125,54.349998474121094,36000
2011-05-24,40.697235107421875,52.810001373291016,54.88999938964844,52.77000045776367,54.709999084472656,30000
2011-05-25,41.02860641479492,53.2400016784668,53.61000061035156,52.369998931884766,53.0,13400
2011-05-26,41.483272552490234,53.83000183105469,54.0099983215332,51.77000045776367,52.369998931884766,34400
2011-05-27,41.876304626464844,54.34000015258789,54.5,54.0,54.20000076293945,15500
2011-05-31,42.662353515625,55.36000061035156,55.88999938964844,54.15999984741211,55.15999984741211,37000
2011-06-01,41.853179931640625,54.310001373291016,55.52000045776367,54.13999938964844,55.5,37500
2011-06-02,41.961063385009766,54.45000076293945,54.52000045776367,53.900001525878906,54.52000045776367,12600
2011-06-03,44.080318450927734,57.20000076293945,58.189998626708984,55.2400016784668,55.2400016784668,57800
2011-06-06,43.93389129638672,57.0099983215332,57.61000061035156,57.0,57.61000061035156,24300
2011-06-07,44.1342658996582,57.27000045776367,57.880001068115234,57.02000045776367,57.18000030517578,33100
2011-06-08,43.903076171875,56.970001220703125,57.68000030517578,56.849998474121094,57.04999923706055,64900
2011-06-09,43.92618942260742,57.0,57.20000076293945,56.70000076293945,56.959999084472656,39600
2011-06-10,43.47922897338867,56.41999816894531,57.16999816894531,56.38999938964844,56.9900016784668,27000
2011-06-13,43.756649017333984,56.779998779296875,57.63999938964844,56.61000061035156,56.939998626708984,21600
2011-06-14,45.22856521606445,58.689998626708984,59.0,56.77000045776367,56.779998779296875,29500
2011-06-15,43.76435470581055,56.790000915527344,58.560001373291016,56.310001373291016,58.22999954223633,35200
2011-06-16,44.42710494995117,57.650001525878906,59.02000045776367,56.45000076293945,56.91999816894531,24700
2011-06-17,44.072601318359375,57.189998626708984,58.43000030517578,56.45000076293945,58.290000915527344,100400
2011-06-20,43.903076171875,56.970001220703125,57.63999938964844,56.5,56.849998474121094,19300
2011-06-21,45.059017181396484,58.470001220703125,58.63999938964844,57.0099983215332,57.47999954223633,24600
2011-06-22,44.62746047973633,57.90999984741211,59.09000015258789,57.810001373291016,57.95000076293945,15200
2011-06-23,44.39628219604492,57.61000061035156,57.91999816894531,56.810001373291016,57.130001068115234,15900
2011-06-24,44.7430534362793,58.060001373291016,58.66999816894531,57.25,57.7400016784668,122700
2011-06-27,45.49057388305664,59.029998779296875,59.349998474121094,57.7599983215332,58.31999969482422,13700
2011-06-28,46.23039245605469,59.9900016784668,59.9900016784668,58.90999984741211,59.5099983215332,14800
2011-06-29,46.82377624511719,60.7599983215332,60.79999923706055,59.599998474121094,59.9900016784668,20500
2011-06-30,46.77753829956055,60.70000076293945,61.209999084472656,60.56999969482422,61.0,30000
2011-07-01,49.22043991088867,63.869998931884766,64.88999938964844,61.0,61.2400016784668,51700
2011-07-05,50.630706787109375,65.69999694824219,66.05000305175781,63.9900016784668,64.51000213623047,61900
2011-07-06,51.28574752807617,66.55000305175781,66.62999725341797,65.69999694824219,65.91000366210938,65200
2011-07-07,53.135276794433594,68.94999694824219,69.0,66.83000183105469,67.0,46800
2011-07-08,54.32205581665039,70.48999786376953,70.72000122070312,67.75,67.75,34900
2011-07-11,53.667022705078125,69.63999938964844,71.0,69.44000244140625,70.77999877929688,57600
2011-07-12,54.19105529785156,70.31999969482422,71.12999725341797,69.5999984741211,69.5999984741211,35100
2011-07-13,54.48389434814453,70.69999694824219,71.93000030517578,70.18000030517578,71.18000030517578,16000
2011-07-14,53.751792907714844,69.75,71.5,69.69000244140625,71.12000274658203,14900
2011-07-15,54.91545104980469,71.26000213623047,71.26000213623047,69.58000183105469,69.9800033569336,19700
2011-07-18,55.58589553833008,72.12999725341797,72.58999633789062,70.80000305175781,70.80000305175781,22000
2011-07-19,58.37560272216797,75.75,75.77999877929688,72.55999755859375,72.7300033569336,27200
2011-07-20,58.344783782958984,75.70999908447266,76.87999725341797,74.41999816894531,75.44000244140625,27300
2011-07-21,60.12493896484375,78.0199966430664,78.16999816894531,75.05000305175781,75.05000305175781,29500
2011-07-22,60.3253059387207,78.27999877929688,78.48999786376953,77.69999694824219,77.69999694824219,23700
2011-07-25,60.9803352355957,79.12999725341797,80.5999984741211,77.91999816894531,77.91999816894531,27000
2011-07-26,61.16530227661133,79.37000274658203,79.8499984741211,79.02999877929688,79.77999877929688,48000
2011-07-27,60.1480598449707,78.05000305175781,79.5999984741211,76.91000366210938,78.76000213623047,68700
2011-07-28,60.8030891418457,78.9000015258789,79.1500015258789,77.31999969482422,77.88999938964844,32200
2011-07-29,60.54109191894531,78.55999755859375,80.31999969482422,74.62000274658203,77.98999786376953,69800
2011-08-01,61.12675476074219,79.31999969482422,80.94999694824219,78.04000091552734,79.66000366210938,43200
2011-08-02,59.816680908203125,77.62000274658203,80.23999786376953,77.61000061035156,79.08000183105469,57200
2011-08-03,60.926395416259766,79.05999755859375,79.5,75.12999725341797,78.0999984741211,40500
2011-08-04,55.35470199584961,71.83000183105469,79.30000305175781,70.81999969482422,78.66000366210938,40900
2011-08-05,51.95620346069336,67.41999816894531,74.2300033569336,63.20000076293945,72.43000030517578,90300
2011-08-08,44.00324249267578,57.099998474121094,65.19999694824219,57.099998474121094,65.05999755859375,95200
2011-08-09,48.68871307373047,63.18000030517578,63.959999084472656,57.0099983215332,60.36000061035156,114800
2011-08-10,46.17643737792969,59.91999816894531,63.5,59.540000915527344,60.68000030517578,50200
2011-08-11,48.40357971191406,62.810001373291016,63.380001068115234,60.0,60.38999938964844,35200
2011-08-12,47.66375732421875,61.849998474121094,64.72000122070312,61.25,63.29999923706055,28400
2011-08-15,49.551822662353516,64.30000305175781,64.30000305175781,62.16999816894531,62.9900016784668,14800
2011-08-16,47.324684143066406,61.40999984741211,64.26000213623047,61.25,63.439998626708984,45700
2011-08-17,46.523223876953125,60.369998931884766,62.029998779296875,60.29999923706055,62.029998779296875,17200
2011-08-18,42.70087432861328,55.40999984741211,58.61000061035156,55.060001373291016,58.22999954223633,50600
2011-08-19,42.18455505371094,54.7400016784668,56.459999084472656,53.41999816894531,54.709999084472656,56100
2011-08-22,43.88764953613281,56.95000076293945,58.04999923706055,52.58000183105469,56.709999084472656,36800
2011-08-23,46.577178955078125,60.439998626708984,60.91999816894531,56.779998779296875,57.09000015258789,66000
2011-08-24,48.03368377685547,62.33000183105469,63.43000030517578,58.58000183105469,60.72999954223633,40500
2011-08-25,45.94525146484375,59.619998931884766,62.970001220703125,59.0,62.970001220703125,22400
2011-08-26,48.23403549194336,62.59000015258789,63.099998474121094,58.81999969482422,58.81999969482422,58300
2011-08-29,50.07585525512695,64.9800033569336,65.0,62.88999938964844,63.41999816894531,38900
2011-08-30,47.20909118652344,61.2599983215332,62.63999938964844,60.0,62.599998474121094,41400
2011-08-31,47.24763870239258,61.310001373291016,61.79999923706055,60.0,61.31999969482422,44000
2011-09-01,46.48470687866211,60.31999969482422,61.75,59.34000015258789,61.150001525878906,33200
2011-09-02,44.7430534362793,58.060001373291016,61.56999969482422,57.86000061035156,59.0,61500
2011-09-06,44.2652587890625,57.439998626708984,58.04999923706055,55.97999954223633,56.29999923706055,49200
2011-09-07,45.19003677368164,58.63999938964844,59.54999923706055,57.52000045776367,58.93000030517578,20000
2011-09-08,43.34821701049805,56.25,58.70000076293945,56.029998779296875,58.279998779296875,23200
2011-09-09,42.03042984008789,54.540000915527344,56.68000030517578,53.5,55.65999984741211,23700
2011-09-12,42.29243850708008,54.880001068115234,57.52000045776367,53.279998779296875,53.279998779296875,25000
2011-09-13,43.86454772949219,56.91999816894531,57.09000015258789,54.099998474121094,54.099998474121094,16700
2011-09-14,44.226741790771484,57.38999938964844,57.9900016784668,55.2599983215332,57.540000915527344,39600
2011-09-15,43.93389129638672,57.0099983215332,57.77000045776367,55.75,57.77000045776367,19600
2011-09-16,43.980133056640625,57.06999969482422,58.5099983215332,56.029998779296875,57.310001373291016,42700
2011-09-19,44.05718231201172,57.16999816894531,57.47999954223633,55.09000015258789,55.849998474121094,18100
2011-09-20,43.13242721557617,55.970001220703125,57.75,55.709999084472656,57.290000915527344,32500
2011-09-21,42.42345428466797,55.04999923706055,57.599998474121094,55.0,55.66999816894531,87800
2011-09-22,39.02495574951172,50.63999938964844,54.43000030517578,50.099998474121094,53.119998931884766,37400
2011-09-23,40.73577117919922,52.86000061035156,52.9900016784668,50.81999969482422,50.81999969482422,60800
2011-09-26,41.63739776611328,54.029998779296875,54.65999984741211,52.349998474121094,54.27000045776367,56100
2011-09-27,43.7874755859375,56.81999969482422,58.380001068115234,54.2400016784668,54.2400016784668,53000
2011-09-28,41.89942169189453,54.369998931884766,57.59000015258789,54.20000076293945,55.029998779296875,37600
2011-09-29,42.83960723876953,55.59000015258789,56.310001373291016,53.119998931884766,56.310001373291016,30500
2011-09-30,41.32145309448242,53.619998931884766,56.720001220703125,53.459999084472656,55.65999984741211,51700
2011-10-03,39.834110260009766,51.689998626708984,55.13999938964844,51.540000915527344,53.31999969482422,50500
2011-10-04,40.589324951171875,52.66999816894531,53.7400016784668,50.36000061035156,50.97999954223633,37100
2011-10-05,42.07667541503906,54.599998474121094,55.0099983215332,51.86000061035156,53.310001373291016,11200
2011-10-06,43.7874755859375,56.81999969482422,56.93000030517578,54.20000076293945,54.54999923706055,20100
2011-10-07,42.631526947021484,55.31999969482422,56.88999938964844,54.5099983215332,56.88999938964844,24100
2011-10-10,44.69682693481445,58.0,58.0,55.880001068115234,57.06999969482422,23300
2011-10-11,43.88764953613281,56.95000076293945,58.66999816894531,56.40999984741211,57.599998474121094,21500
2011-10-12,45.875892639160156,59.529998779296875,59.84000015258789,56.849998474121094,57.650001525878906,20800
2011-10-13,46.29203796386719,60.06999969482422,60.4900016784668,58.029998779296875,58.70000076293945,18200
2011-10-14,45.213138580322266,58.66999816894531,61.16999816894531,57.84000015258789,61.16999816894531,23800
2011-10-17,43.240325927734375,56.11000061035156,58.06999969482422,55.869998931884766,57.880001068115234,20600
2011-10-18,44.01866149902344,57.119998931884766,57.59000015258789,55.43000030517578,56.36000061035156,22800
2011-10-19,42.3618049621582,54.970001220703125,57.220001220703125,54.93000030517578,56.70000076293945,20300
2011-10-20,42.5467529296875,55.209999084472656,56.65999984741211,54.33000183105469,55.380001068115234,16800
2011-10-21,43.741241455078125,56.7599983215332,57.52000045776367,54.959999084472656,56.56999969482422,18500
2011-10-24,46.03773880004883,59.7400016784668,59.7400016784668,56.790000915527344,57.060001373291016,15800
2011-10-25,43.99554443359375,57.09000015258789,59.02000045776367,56.689998626708984,58.13999938964844,17600
2011-10-26,44.088016510009766,57.209999084472656,57.52000045776367,55.47999954223633,57.20000076293945,18200
2011-10-27,49.174217224121094,63.810001373291016,64.33999633789062,57.65999984741211,59.56999969482422,40200
2011-10-28,49.96797180175781,64.83999633789062,66.19000244140625,64.01000213623047,64.66000366210938,19600
2011-10-31,48.08761215209961,62.400001525878906,64.7699966430664,62.400001525878906,64.05999755859375,17800
2011-11-01,44.50416946411133,57.75,59.29999923706055,56.939998626708984,58.06999969482422,36000
2011-11-02,45.875892639160156,59.529998779296875,59.790000915527344,57.06999969482422,57.79999923706055,31900
2011-11-03,48.442115783691406,62.86000061035156,63.939998626708984,59.2599983215332,59.97999954223633,29200
2011-11-04,48.496063232421875,62.93000030517578,63.27000045776367,62.02000045776367,62.02000045776367,8500
2011-11-07,48.68871307373047,63.18000030517578,63.5,61.630001068115234,62.959999084472656,12500
2011-11-08,50.299339294433594,65.2699966430664,65.58000183105469,63.0099983215332,64.01000213623047,14500
2011-11-09,47.84101486206055,62.08000183105469,65.68000030517578,62.08000183105469,63.29999923706055,20300
2011-11-10,49.86008834838867,64.69999694824219,66.72000122070312,63.189998626708984,63.68000030517578,17600
2011-11-11,53.243160247802734,69.08999633789062,69.5,65.02999877929688,65.02999877929688,22300
2011-11-14,53.58224868774414,69.52999877929688,70.80999755859375,67.91000366210938,68.62999725341797,23800
2011-11-15,55.06187057495117,71.44999694824219,71.5,69.2699966430664,69.2699966430664,20000
2011-11-16,53.04279708862305,68.83000183105469,71.75,68.5199966430664,70.4000015258789,23500
2011-11-17,52.904090881347656,68.6500015258789,71.02999877929688,67.94999694824219,69.51000213623047,26300
2011-11-18,55.393245697021484,71.87999725341797,72.0,68.83999633789062,68.83999633789062,26500
2011-11-21,55.20056915283203,71.62999725341797,71.63999938964844,69.44000244140625,69.93000030517578,27000
2011-11-22,55.8402099609375,72.45999908447266,72.45999908447266,70.69000244140625,71.16000366210938,64900
2011-11-23,55.539669036865234,72.06999969482422,72.4000015258789,69.19999694824219,71.29000091552734,27900
2011-11-25,53.882789611816406,69.91999816894531,71.79000091552734,68.73999786376953,71.79000091552734,9800
2011-11-28,56.425880432128906,73.22000122070312,74.5,71.08000183105469,71.9000015258789,34400
2011-11-29,57.165706634521484,74.18000030517578,74.4000015258789,72.55000305175781,73.51000213623047,33300
2011-11-30,58.483489990234375,75.88999938964844,79.4800033569336,74.54000091552734,76.25,227800
2011-12-01,56.94991683959961,73.9000015258789,75.73999786376953,72.80999755859375,75.73999786376953,35700
2011-12-02,57.497066497802734,74.61000061035156,75.11000061035156,73.76000213623047,75.11000061035156,15800
2011-12-05,57.11943054199219,74.12000274658203,75.5199966430664,73.13999938964844,74.79000091552734,34000
2011-12-06,56.56460952758789,73.4000015258789,74.45999908447266,73.23999786376953,74.2300033569336,17600
2011-12-07,57.90550994873047,75.13999938964844,75.47000122070312,71.86000061035156,72.83000183105469,9100
2011-12-08,55.41636657714844,71.91000366210938,76.05000305175781,71.62000274658203,75.94000244140625,16300
2011-12-09,59.48531723022461,77.19000244140625,77.31999969482422,72.4800033569336,72.4800033569336,14700
2011-12-12,58.452659606933594,75.8499984741211,76.30000305175781,74.87000274658203,75.7300033569336,13500
2011-12-13,56.75727462768555,73.6500015258789,76.80999755859375,73.33000183105469,76.41000366210938,13100
2011-12-14,56.518348693847656,73.33999633789062,74.02999877929688,72.73999786376953,72.73999786376953,19100
2011-12-15,56.82661437988281,73.73999786376953,74.58000183105469,72.98999786376953,74.58000183105469,12900
2011-12-16,55.4857063293457,72.0,74.05999755859375,72.0,74.0,34800
2011-12-19,56.60313034057617,73.44999694824219,74.16999816894531,72.73999786376953,72.73999786376953,26700
2011-12-20,58.05964279174805,75.33999633789062,76.22000122070312,74.86000061035156,74.98999786376953,26300
2011-12-21,58.30623245239258,75.66000366210938,75.91000366210938,74.73999786376953,74.73999786376953,7700
2011-12-22,58.953575134277344,76.5,76.58999633789062,75.12000274658203,75.9800033569336,24200
2011-12-23,59.04603958129883,76.62000274658203,76.62000274658203,75.94000244140625,76.55999755859375,4800
2011-12-27,60.48713684082031,78.48999786376953,78.55999755859375,76.0999984741211,76.19999694824219,25500
2011-12-28,58.668426513671875,76.12999725341797,78.69999694824219,76.12999725341797,78.69999694824219,16100
2011-12-29,58.59909439086914,76.04000091552734,77.79000091552734,75.37000274658203,76.0999984741211,23400
2011-12-30,58.57596969604492,76.01000213623047,78.27999877929688,75.58000183105469,76.05000305175781,22900
2012-01-03,59.72417449951172,77.5,77.5,75.62000274658203,77.30999755859375,11000
2012-01-04,59.77814865112305,77.56999969482422,78.0,76.4000015258789,76.8499984741211,19100
2012-01-05,60.00934600830078,77.87000274658203,77.87000274658203,76.08000183105469,76.9800033569336,7300
2012-01-06,59.35429763793945,77.0199966430664,77.55999755859375,76.44999694824219,77.55999755859375,11400
2012-01-09,59.539276123046875,77.26000213623047,77.7699966430664,76.3499984741211,77.26000213623047,17000
2012-01-10,63.870216369628906,82.87999725341797,83.5,79.62999725341797,79.75,133800
2012-01-11,63.56968688964844,82.48999786376953,83.0,82.04000091552734,82.04000091552734,66200
2012-01-12,63.19205093383789,82.0,82.98999786376953,81.87999725341797,82.98999786376953,31700
2012-01-13,61.866546630859375,80.27999877929688,81.93000030517578,80.01000213623047,80.87000274658203,882800
2012-01-17,60.75687026977539,78.83999633789062,81.0,78.83999633789062,79.48999786376953,41200
2012-01-18,61.32714080810547,79.58000183105469,79.58000183105469,78.93000030517578,79.05000305175781,22200
2012-01-19,61.34256362915039,79.5999984741211,80.0,78.6500015258789,80.0,31800
2012-01-20,61.573707580566406,79.9000015258789,80.48999786376953,79.41999816894531,79.4800033569336,20800
2012-01-23,61.58917236328125,79.91999816894531,80.12999725341797,79.38999938964844,80.12999725341797,14200
2012-01-24,61.573707580566406,79.9000015258789,80.20999908447266,78.93000030517578,78.93000030517578,23800
2012-01-25,61.51207733154297,79.81999969482422,80.13999938964844,79.33999633789062,79.91999816894531,24800
2012-01-26,61.527496337890625,79.83999633789062,80.69000244140625,79.41999816894531,80.69000244140625,21800
2012-01-27,61.62766647338867,79.97000122070312,80.52999877929688,79.58000183105469,79.69999694824219,11900
2012-01-30,61.38107681274414,79.6500015258789,79.98999786376953,79.30999755859375,79.44999694824219,15800
2012-01-31,61.16530227661133,79.37000274658203,80.29000091552734,79.19999694824219,80.01000213623047,18900
2012-02-01,62.197940826416016,80.70999908447266,81.41999816894531,80.08000183105469,80.16000366210938,46700
2012-02-02,63.42327880859375,82.30000305175781,83.19000244140625,80.79000091552734,81.70999908447266,68500
2012-02-03,63.88563537597656,82.9000015258789,83.5,82.33999633789062,82.51000213623047,24100
2012-02-06,63.21516799926758,82.02999877929688,83.44000244140625,81.58999633789062,82.6500015258789,15500
2012-02-07,63.16893768310547,81.97000122070312,82.55000305175781,81.55999755859375,82.0,27300
2012-02-08,63.770050048828125,82.75,83.20999908447266,82.0,82.0,27500
2012-02-09,62.62179183959961,81.26000213623047,83.05000305175781,80.30000305175781,83.05000305175781,13600
2012-02-10,62.21337127685547,80.7300033569336,81.05000305175781,79.91000366210938,80.2300033569336,13700
2012-02-13,62.37519073486328,80.94000244140625,81.4000015258789,80.62000274658203,81.37000274658203,10000
2012-02-14,62.090057373046875,80.56999969482422,80.88999938964844,80.13999938964844,80.77999877929688,10200
2012-02-15,60.74916076660156,78.83000183105469,80.86000061035156,78.66000366210938,80.86000061035156,20400
2012-02-16,61.34256362915039,79.5999984741211,79.5999984741211,77.70999908447266,78.19000244140625,13100
2012-02-17,61.612266540527344,79.94999694824219,80.30999755859375,79.0999984741211,79.98999786376953,11100
2012-02-21,61.265480041503906,79.5,79.87999725341797,79.0,79.0,12100
2012-02-22,61.53522491455078,79.8499984741211,80.31999969482422,78.97000122070312,78.97000122070312,19600
2012-02-23,62.036128997802734,80.5,80.7699966430664,79.3499984741211,79.73999786376953,16000
2012-02-24,60.880149841308594,79.0,80.80999755859375,78.76000213623047,80.80999755859375,11500
2012-02-27,62.868385314941406,81.58000183105469,81.9800033569336,78.75,78.75,28200
2012-02-28,62.74510955810547,81.41999816894531,82.44999694824219,81.0,81.98999786376953,53700
2012-02-29,61.29631423950195,79.54000091552734,81.93000030517578,79.01000213623047,81.47000122070312,119800
2012-03-01,61.46585464477539,79.76000213623047,81.97000122070312,79.5199966430664,80.19000244140625,25300
2012-03-02,58.65300750732422,76.11000061035156,80.69999694824219,76.01000213623047,79.87000274658203,26000
2012-03-05,59.96307373046875,77.80999755859375,78.86000061035156,75.5199966430664,75.5199966430664,17000
2012-03-06,57.39689254760742,74.4800033569336,76.6500015258789,74.13999938964844,76.6500015258789,13100
2012-03-07,59.546974182128906,77.2699966430664,77.58000183105469,74.62999725341797,74.7699966430664,28800
2012-03-08,60.433170318603516,78.41999816894531,78.44000244140625,76.22000122070312,78.08000183105469,8500
2012-03-09,61.79718780517578,80.19000244140625,80.22000122070312,78.58999633789062,78.8499984741211,19700
2012-03-12,62.30584716796875,80.8499984741211,81.12000274658203,80.2699966430664,80.29000091552734,38800
2012-03-13,63.338478088378906,82.19000244140625,82.37999725341797,81.0,81.44999694824219,42900
2012-03-14,62.721988677978516,81.38999938964844,82.37999725341797,81.05000305175781,82.30000305175781,9700
2012-03-15,63.21516799926758,82.02999877929688,82.41999816894531,80.44999694824219,81.66000366210938,24100
2012-03-16,62.413700103759766,80.98999786376953,82.20999908447266,80.36000061035156,82.20999908447266,180800
2012-03-19,63.084190368652344,81.86000061035156,82.0,81.1500015258789,81.47000122070312,40500
2012-03-20,61.14216613769531,79.33999633789062,81.12999725341797,79.0,81.12999725341797,16700
2012-03-21,61.920509338378906,80.3499984741211,80.73999786376953,78.62000274658203,79.88999938964844,14600
2012-03-22,61.22693634033203,79.44999694824219,79.93000030517578,78.37999725341797,79.25,10100
2012-03-23,61.65078353881836,80.0,80.13999938964844,79.01000213623047,79.54000091552734,16000
2012-03-26,62.729698181152344,81.4000015258789,81.83999633789062,80.37000274658203,80.9000015258789,17600
2012-03-27,63.161224365234375,81.95999908447266,82.0,80.52999877929688,81.37000274658203,16200
2012-03-28,63.92416000366211,82.94999694824219,82.94999694824219,81.19999694824219,81.62999725341797,15900
2012-03-29,66.62910461425781,86.45999908447266,87.0,82.26000213623047,82.26000213623047,41000
2012-03-30,66.10506439208984,85.77999877929688,87.0,85.05999755859375,87.0,38700
2012-04-02,67.36119079589844,87.41000366210938,87.45999908447266,84.94000244140625,84.94000244140625,34000
2012-04-03,64.58692169189453,83.80999755859375,86.87999725341797,82.29000091552734,86.79000091552734,24500
2012-04-04,62.829856872558594,81.52999877929688,83.62999725341797,81.30999755859375,83.44999694824219,28500
2012-04-05,62.59869384765625,81.2300033569336,82.08000183105469,80.80999755859375,81.55999755859375,8700
2012-04-09,62.91460418701172,81.63999938964844,83.19000244140625,79.68000030517578,79.69999694824219,45400
2012-04-10,60.063270568847656,77.94000244140625,81.18000030517578,77.69000244140625,81.18000030517578,30700
2012-04-11,61.134464263916016,79.33000183105469,79.41000366210938,77.87999725341797,79.01000213623047,36900
2012-04-12,63.785430908203125,82.7699966430664,83.4000015258789,79.0999984741211,79.0999984741211,22000
2012-04-13,62.11318588256836,80.5999984741211,82.12999725341797,78.73999786376953,82.12999725341797,21400
2012-04-16,62.822166442871094,81.5199966430664,82.83999633789062,80.05000305175781,80.80999755859375,10400
2012-04-17,63.770050048828125,82.75,83.33000183105469,81.86000061035156,82.41999816894531,5900
2012-04-18,64.995361328125,84.33999633789062,84.45999908447266,81.37000274658203,82.66999816894531,15800
2012-04-19,61.874298095703125,80.29000091552734,84.80999755859375,79.5199966430664,84.80000305175781,14800
2012-04-20,61.51978302001953,79.83000183105469,82.06999969482422,79.12999725341797,82.06999969482422,19500
2012-04-23,60.363834381103516,78.33000183105469,79.37999725341797,77.37000274658203,78.4000015258789,17200
2012-04-24,61.612266540527344,79.94999694824219,79.9800033569336,78.06999969482422,78.06999969482422,9900
2012-04-25,63.970420837402344,83.01000213623047,83.72000122070312,80.30000305175781,80.33999633789062,23900
2012-04-26,65.5040054321289,85.0,85.0,82.70999908447266,83.08999633789062,24100
2012-04-27,66.5520248413086,86.36000061035156,86.36000061035156,84.44999694824219,84.80000305175781,11000
2012-04-30,65.04158020019531,84.4000015258789,86.76000213623047,83.69999694824219,85.87999725341797,8100
2012-05-01,63.20745849609375,82.0199966430664,85.5999984741211,82.0199966430664,84.04000091552734,36000
2012-05-02,62.80674743652344,81.5,84.02999877929688,80.75,80.98999786376953,21000
2012-05-03,60.18659591674805,78.0999984741211,81.36000061035156,78.0,80.55999755859375,33000
2012-05-04,58.05193328857422,75.33000183105469,78.11000061035156,75.33000183105469,78.11000061035156,22900
2012-05-07,58.668426513671875,76.12999725341797,77.23999786376953,75.0,75.01000213623047,19400
2012-05-08,60.18659591674805,78.0999984741211,78.41000366210938,75.5,75.5,10400
2012-05-09,59.37739944458008,77.05000305175781,78.0,76.69999694824219,76.69999694824219,11600
2012-05-10,60.00164794921875,77.86000061035156,78.3499984741211,77.05999755859375,77.8499984741211,9600
2012-05-11,60.42547607421875,78.41000366210938,78.94000244140625,77.0,77.0,12200
2012-05-14,59.67025375366211,77.43000030517578,78.88999938964844,77.0999984741211,77.12999725341797,18000
2012-05-15,59.40055847167969,77.08000183105469,78.12999725341797,77.01000213623047,77.45999908447266,7500
2012-05-16,59.04603958129883,76.62000274658203,77.91000366210938,76.04000091552734,77.3499984741211,19000
2012-05-17,58.25999450683594,75.5999984741211,77.05000305175781,75.5999984741211,77.05000305175781,15800
2012-05-18,57.88239288330078,75.11000061035156,75.91999816894531,75.0,75.56999969482422,16000
2012-05-21,59.04603958129883,76.62000274658203,76.98999786376953,75.31999969482422,75.75,20900
2012-05-22,56.8420295715332,73.76000213623047,77.0,73.33000183105469,76.29000091552734,33800
2012-05-23,55.493431091308594,72.01000213623047,74.66000366210938,71.20999908447266,73.16999816894531,18500
2012-05-24,55.740013122558594,72.33000183105469,72.5,71.0,71.75,9300
2012-05-25,55.15434646606445,71.56999969482422,72.12000274658203,71.25,72.12000274658203,12400
2012-05-29,55.1235237121582,71.52999877929688,71.91000366210938,71.04000091552734,71.44999694824219,19200
2012-05-30,54.229576110839844,70.37000274658203,72.43000030517578,70.31999969482422,71.0,26100
2012-05-31,54.62260055541992,70.87999725341797,71.68000030517578,69.80999755859375,70.5199966430664,31400
2012-06-01,53.697837829589844,69.68000030517578,70.43000030517578,69.0,69.0,21500
2012-06-04,53.482059478759766,69.4000015258789,69.86000061035156,69.0,69.81999969482422,12900
2012-06-05,53.75950241088867,69.76000213623047,70.38999938964844,69.18000030517578,69.18000030517578,9200
2012-06-06,56.34885025024414,73.12000274658203,73.4000015258789,69.9000015258789,70.0,11100
2012-06-07,55.79395294189453,72.4000015258789,74.11000061035156,72.05000305175781,73.62999725341797,14000
2012-06-08,56.34885025024414,73.12000274658203,73.79000091552734,71.68000030517578,72.05999755859375,6200
2012-06-11,54.93085479736328,71.27999877929688,74.58000183105469,71.08000183105469,74.23999786376953,24500
2012-06-12,55.0772705078125,71.47000122070312,72.20999908447266,70.5999984741211,72.20999908447266,7200
2012-06-13,53.41271209716797,69.30999755859375,71.63999938964844,69.19999694824219,71.62999725341797,13200
2012-06-14,54.221858978271484,70.36000061035156,71.31999969482422,69.0,70.0,28900
2012-06-15,55.131221771240234,71.54000091552734,72.5,70.0,70.01000213623047,37100
2012-06-18,53.9444580078125,70.0,71.69999694824219,69.61000061035156,70.94999694824219,23600
2012-06-19,56.487518310546875,73.30000305175781,73.48999786376953,69.72000122070312,70.51000213623047,30100
2012-06-20,57.435428619384766,74.52999877929688,74.69999694824219,71.41000366210938,73.44999694824219,23100
2012-06-21,54.699668884277344,70.9800033569336,74.62999725341797,70.61000061035156,74.62999725341797,16000
2012-06-22,56.52606201171875,73.3499984741211,73.88999938964844,70.43000030517578,71.58999633789062,135800
2012-06-25,57.12715530395508,74.12999725341797,75.0,71.58000183105469,71.58000183105469,14100
2012-06-26,59.09228515625,76.68000030517578,76.95999908447266,73.19000244140625,74.51000213623047,29900
2012-06-27,59.68568420410156,77.44999694824219,78.19000244140625,76.61000061035156,76.94000244140625,29800
2012-06-28,59.69336700439453,77.45999908447266,77.4800033569336,75.1500015258789,76.8499984741211,12600
2012-06-29,62.42142105102539,81.0,81.33000183105469,78.0,78.5,28500
2012-07-02,63.16893768310547,81.97000122070312,81.97000122070312,79.63999938964844,81.0,23200
2012-07-03,64.91825103759766,84.23999786376953,84.25,81.43000030517578,82.0,15000
2012-07-05,65.22654724121094,84.63999938964844,84.94000244140625,82.0,83.27999877929688,24400
2012-07-06,62.75279998779297,81.43000030517578,83.36000061035156,80.91000366210938,83.3499984741211,16200
2012-07-09,63.114990234375,81.9000015258789,82.48999786376953,79.9000015258789,80.45999908447266,26200
2012-07-10,63.53883743286133,82.44999694824219,83.41000366210938,81.44999694824219,82.73999786376953,11400
2012-07-11,63.59279251098633,82.5199966430664,83.11000061035156,82.0999984741211,82.94000244140625,12800
2012-07-12,62.036128997802734,80.5,82.12999725341797,80.05999755859375,82.12999725341797,16600
2012-07-13,63.076446533203125,81.8499984741211,82.1500015258789,80.8499984741211,80.9000015258789,10800
2012-07-16,62.922340393066406,81.6500015258789,82.8499984741211,80.30000305175781,80.30000305175781,8700
2012-07-17,63.92416000366211,82.94999694824219,83.29000091552734,79.68000030517578,82.63999938964844,13600
2012-07-18,65.9432144165039,85.56999969482422,86.38999938964844,82.83999633789062,83.44000244140625,50200
2012-07-19,64.54839324951172,83.76000213623047,86.27999877929688,83.76000213623047,86.1500015258789,13900
2012-07-20,60.24824142456055,78.18000030517578,82.62000274658203,77.80000305175781,82.62000274658203,24700
2012-07-23,59.3928337097168,77.06999969482422,77.83999633789062,75.0,77.01000213623047,19100
2012-07-24,59.29265594482422,76.94000244140625,77.80000305175781,76.0999984741211,76.0999984741211,17400
2012-07-25,60.24824142456055,78.18000030517578,79.80000305175781,75.94999694824219,77.69999694824219,21500
2012-07-26,61.04197692871094,79.20999908447266,81.73999786376953,79.05000305175781,79.58999633789062,8800
2012-07-27,63.831687927246094,82.83000183105469,83.54000091552734,79.4800033569336,79.4800033569336,8000
2012-07-30,62.922340393066406,81.6500015258789,84.0,81.3499984741211,83.43000030517578,9300
2012-07-31,64.51756286621094,83.72000122070312,83.98999786376953,81.6500015258789,81.7300033569336,20500
2012-08-01,63.18437194824219,81.98999786376953,84.98999786376953,81.98999786376953,84.63999938964844,17500
2012-08-02,64.39425659179688,83.55999755859375,84.1500015258789,81.55999755859375,82.83999633789062,27200
2012-08-03,65.04158020019531,84.4000015258789,85.27999877929688,83.69999694824219,85.27999877929688,19100
2012-08-06,64.07828521728516,83.1500015258789,84.25,82.08999633789062,84.22000122070312,14500
2012-08-07,65.25737762451172,84.68000030517578,85.0,82.83999633789062,83.26000213623047,17200
2012-08-08,65.61956787109375,85.1500015258789,85.5,83.01000213623047,84.37000274658203,12700
2012-08-09,65.83531951904297,85.43000030517578,86.41999816894531,84.22000122070312,84.22000122070312,12400
2012-08-10,65.89698791503906,85.51000213623047,86.48999786376953,84.33000183105469,85.58000183105469,10300
2012-08-13,66.12045288085938,85.80000305175781,86.04000091552734,85.30999755859375,85.43000030517578,11800
2012-08-14,64.97993469238281,84.31999969482422,86.22000122070312,84.0,86.01000213623047,24800
2012-08-15,66.02799987792969,85.68000030517578,86.48999786376953,84.30000305175781,84.51000213623047,30600
2012-08-16,66.43644714355469,86.20999908447266,86.48999786376953,82.81999969482422,85.81999969482422,56800
2012-08-17,66.9681625366211,86.9000015258789,86.9000015258789,86.20999908447266,86.31999969482422,17400
2012-08-20,67.3149642944336,87.3499984741211,87.5,85.81999969482422,86.5,15500
2012-08-21,68.21659088134766,88.5199966430664,89.5999984741211,87.55000305175781,87.55000305175781,22400
2012-08-22,68.48631286621094,88.87000274658203,90.33999633789062,87.93000030517578,89.68000030517578,19700
2012-08-23,67.33806610107422,87.37999725341797,89.08999633789062,87.33999633789062,89.08999633789062,7500
2012-08-24,67.73882293701172,87.9000015258789,88.72000122070312,87.25,87.70999908447266,15100
2012-08-27,68.01625061035156,88.26000213623047,88.45999908447266,87.25,88.12000274658203,15900
2012-08-28,67.88521575927734,88.08999633789062,88.5,87.66999816894531,88.05999755859375,9900
2012-08-29,67.9391860961914,88.16000366210938,88.97000122070312,87.68000030517578,88.19999694824219,13400
2012-08-30,66.84487915039062,86.73999786376953,88.9000015258789,85.30999755859375,87.1500015258789,24300
2012-08-31,65.99714660644531,85.63999938964844,87.3499984741211,85.5199966430664,87.2300033569336,32600
2012-09-04,67.86212158203125,88.05999755859375,88.55999755859375,84.95999908447266,85.5,19500
2012-09-05,63.962703704833984,83.0,87.83000183105469,82.91000366210938,87.83000183105469,47900
2012-09-06,65.92781829833984,85.55000305175781,85.94000244140625,84.05999755859375,84.05999755859375,51200
2012-09-07,67.75422668457031,87.91999816894531,88.66000366210938,85.55000305175781,85.69000244140625,20600
2012-09-10,67.94684600830078,88.16999816894531,89.25,87.0,88.25,32200
2012-09-11,68.1549301147461,88.44000244140625,89.72000122070312,87.16000366210938,87.93000030517578,19300
2012-09-12,67.79276275634766,87.97000122070312,89.7300033569336,87.12000274658203,88.87000274658203,21500
2012-09-13,69.7424545288086,90.5,90.5199966430664,87.0199966430664,87.94999694824219,21900
2012-09-14,70.99858093261719,92.12999725341797,93.73999786376953,90.44000244140625,90.44999694824219,33900
2012-09-17,69.11055755615234,89.68000030517578,92.61000061035156,89.30000305175781,92.19999694824219,21200
2012-09-18,68.91018676757812,89.41999816894531,89.91999816894531,85.12999725341797,89.91999816894531,22800
2012-09-19,66.12045288085938,85.80000305175781,89.69999694824219,85.68000030517578,89.5,39000
2012-09-20,67.91605377197266,88.12999725341797,88.47000122070312,84.69999694824219,85.6500015258789,26800
2012-09-21,68.33991241455078,88.68000030517578,89.87000274658203,86.25,89.5,283800
2012-09-24,68.8947525024414,89.4000015258789,90.45999908447266,86.83000183105469,88.05000305175781,35200
2012-09-25,67.56925201416016,87.68000030517578,91.37000274658203,87.68000030517578,89.69000244140625,31500
2012-09-26,66.98357391357422,86.91999816894531,88.44999694824219,86.66000366210938,88.16999816894531,12300
2012-09-27,66.97586822509766,86.91000366210938,87.94999694824219,86.23999786376953,87.77999877929688,16000
2012-09-28,66.27462005615234,86.0,87.01000213623047,85.55999755859375,86.30999755859375,18300
2012-10-01,67.0067138671875,86.94999694824219,87.72000122070312,86.37999725341797,86.5999984741211,9800
2012-10-02,66.86027526855469,86.76000213623047,87.5,86.0199966430664,87.11000061035156,17900
2012-10-03,67.1222915649414,87.0999984741211,87.51000213623047,86.12000274658203,87.2699966430664,13300
2012-10-04,67.19937896728516,87.19999694824219,87.69000244140625,86.73999786376953,87.47000122070312,9800
2012-10-05,66.99901580810547,86.94000244140625,88.38999938964844,86.94000244140625,87.66999816894531,5600
2012-10-08,67.09920501708984,87.06999969482422,87.80000305175781,86.75,86.75,6800
2012-10-09,67.56925201416016,87.68000030517578,88.48999786376953,86.72000122070312,87.29000091552734,15100
2012-10-10,67.81586456298828,88.0,88.19999694824219,87.01000213623047,88.19000244140625,26000
2012-10-11,68.35530853271484,88.69999694824219,88.80000305175781,87.81999969482422,88.08000183105469,15700
2012-10-12,68.36302185058594,88.70999908447266,89.25,88.05999755859375,88.83999633789062,11200
2012-10-15,69.4264907836914,90.08999633789062,90.08999633789062,88.4800033569336,89.05000305175781,11100
2012-10-16,71.06022644042969,92.20999908447266,92.5199966430664,90.45999908447266,90.45999908447266,27600
2012-10-17,71.76152038574219,93.12000274658203,93.12000274658203,92.0,92.13999938964844,57600
2012-10-18,71.7384033203125,93.08999633789062,93.6500015258789,92.69999694824219,92.7300033569336,8300
2012-10-19,71.59197998046875,92.9000015258789,93.61000061035156,92.01000213623047,92.2300033569336,44700
2012-10-22,72.21620178222656,93.70999908447266,93.87000274658203,92.79000091552734,93.12000274658203,40900
2012-10-23,71.74610900878906,93.0999984741211,93.29000091552734,92.22000122070312,92.93000030517578,18000
2012-10-24,71.75382995605469,93.11000061035156,93.73999786376953,92.12000274658203,92.54000091552734,13000
2012-10-25,73.06389617919922,94.80999755859375,95.2300033569336,94.30000305175781,94.9000015258789,13300
2012-10-26,73.59564208984375,95.5,95.9800033569336,94.55000305175781,95.0,26000
2012-10-31,73.84993743896484,95.83000183105469,96.5,94.98999786376953,95.62999725341797,23400
2012-11-01,78.41211700439453,101.75,102.0,96.16000366210938,96.16000366210938,96100
2012-11-02,80.14603424072266,104.0,104.12999725341797,102.4000015258789,102.4000015258789,63800
2012-11-05,80.28475189208984,104.18000030517578,104.25,102.66000366210938,102.66000366210938,39000
2012-11-06,80.95520782470703,105.05000305175781,105.30000305175781,104.0999984741211,104.47000122070312,38000
2012-11-07,79.47560119628906,103.12999725341797,104.1500015258789,102.87999725341797,104.0999984741211,48600
2012-11-08,78.45062255859375,101.80000305175781,104.30000305175781,101.80000305175781,103.05000305175781,36600
2012-11-09,78.4814682006836,101.83999633789062,101.97000122070312,99.94999694824219,101.37999725341797,45300
2012-11-12,79.29061889648438,102.88999938964844,102.95999908447266,100.97000122070312,100.97000122070312,24900
2012-11-13,80.05355072021484,103.87999725341797,104.4000015258789,102.51000213623047,102.51000213623047,25900
2012-11-14,79.26750946044922,102.86000061035156,103.98999786376953,102.52999877929688,103.8499984741211,64200
2012-11-15,77.4796142578125,100.54000091552734,102.9800033569336,100.20999908447266,102.80000305175781,55200
2012-11-16,77.9574203491211,101.16000366210938,101.7300033569336,99.87999725341797,100.26000213623047,191100
2012-11-19,80.34638214111328,104.26000213623047,104.41000366210938,102.0199966430664,102.62999725341797,21900
2012-11-20,83.14380645751953,107.88999938964844,108.26000213623047,103.55999755859375,103.55999755859375,63200
2012-11-21,84.30745697021484,109.4000015258789,110.0,108.19999694824219,108.87000274658203,54000
2012-11-23,84.84690856933594,110.0999984741211,110.2699966430664,109.75,110.0,14700
2012-11-26,86.71955871582031,112.52999877929688,112.68000030517578,110.05999755859375,110.0999984741211,49300
2012-11-27,86.11846160888672,111.75,113.12000274658203,111.51000213623047,112.91999816894531,53900
2012-11-28,86.04139709472656,111.6500015258789,112.4800033569336,110.3499984741211,111.4800033569336,32800
2012-11-29,87.62118530273438,113.69999694824219,114.22000122070312,112.61000061035156,112.61000061035156,80600
2012-11-30,88.51510620117188,114.86000061035156,114.98999786376953,113.0,114.37999725341797,61000
2012-12-03,89.11622619628906,115.63999938964844,115.63999938964844,114.75,115.06999969482422,28700
2012-12-04,87.65972137451172,113.75,115.62999725341797,112.91999816894531,115.51000213623047,55000
2012-12-05,88.23770904541016,114.5,114.75,114.06999969482422,114.06999969482422,55600
2012-12-06,88.76944732666016,115.19000244140625,115.56999969482422,113.5,114.5,45400
2012-12-07,89.55546569824219,116.20999908447266,116.5,115.44999694824219,115.63999938964844,46000
2012-12-10,89.40137481689453,116.01000213623047,116.9800033569336,116.0,116.5,31100
2012-12-11,89.00833892822266,115.5,116.98999786376953,115.33000183105469,116.54000091552734,35900
2012-12-12,89.17787170410156,115.72000122070312,116.9800033569336,115.5199966430664,116.0,20500
2012-12-13,88.73860168457031,115.1500015258789,116.47000122070312,114.4800033569336,116.19999694824219,61700
2012-12-14,88.283935546875,114.55999755859375,115.4800033569336,114.0,115.13999938964844,14900
2012-12-17,91.50519561767578,118.73999786376953,119.0,114.98999786376953,114.98999786376953,32600
2012-12-18,92.63029479980469,120.19999694824219,120.19999694824219,118.58000183105469,118.63999938964844,17200
2012-12-19,90.46482849121094,117.38999938964844,120.23999786376953,117.19000244140625,119.93000030517578,29900
2012-12-20,91.99840545654297,119.37999725341797,120.3499984741211,117.31999969482422,117.31999969482422,17200
2012-12-21,92.66883850097656,120.25,120.26000213623047,118.0,119.44999694824219,98200
2012-12-24,93.35472106933594,121.13999938964844,121.93000030517578,119.33000183105469,120.1500015258789,16400
2012-12-26,92.93856048583984,120.5999984741211,121.68000030517578,120.29000091552734,121.68000030517578,18900
2012-12-27,92.04461669921875,119.44000244140625,121.0999984741211,118.5999984741211,121.0999984741211,32300
2012-12-28,92.09088134765625,119.5,120.5,118.73999786376953,118.73999786376953,9000
2012-12-31,93.20057678222656,120.94000244140625,121.87999725341797,119.55000305175781,119.55000305175781,18800
2013-01-02,96.85340118408203,125.68000030517578,125.9800033569336,121.22000122070312,121.9800033569336,62700
2013-01-03,96.39874267578125,125.08999633789062,126.2300033569336,124.37999725341797,125.86000061035156,60000
2013-01-04,97.83210754394531,126.94999694824219,127.4000015258789,124.58999633789062,125.76000213623047,23100
2013-01-07,97.70880889892578,126.79000091552734,127.3499984741211,125.70999908447266,126.55999755859375,21700
2013-01-08,99.25003814697266,128.7899932861328,129.24000549316406,126.44999694824219,127.0,64600
2013-01-09,101.50804138183594,131.72000122070312,131.72999572753906,129.4499969482422,129.5,41600
2013-01-10,103.55793762207031,134.3800048828125,134.41000366210938,130.1300048828125,132.0800018310547,48300
2013-01-11,103.87386322021484,134.7899932861328,134.7899932861328,132.58999633789062,134.5399932861328,22700
2013-01-14,106.2397232055664,137.86000061035156,138.1300048828125,133.5,135.0,37400
2013-01-15,104.80635070800781,136.0,137.2100067138672,135.5800018310547,136.75,46000
2013-01-16,104.65220642089844,135.8000030517578,136.75999450683594,135.5,135.5,45500
2013-01-17,105.0067138671875,136.25999450683594,136.75,135.5,136.72999572753906,40500
2013-01-18,106.1318588256836,137.72000122070312,137.72000122070312,136.4499969482422,136.4499969482422,14100
2013-01-22,108.52082061767578,140.82000732421875,140.97999572753906,137.8699951171875,138.02000427246094,22800
2013-01-23,110.37033081054688,143.22000122070312,143.72999572753906,140.85000610351562,141.1300048828125,37700
2013-01-24,109.88484191894531,142.58999633789062,146.69000244140625,142.3800048828125,143.6999969482422,75800
2013-01-25,108.50540161132812,140.8000030517578,143.77000427246094,140.5800018310547,143.0,62600
2013-01-28,109.53805541992188,142.13999938964844,142.27000427246094,139.6199951171875,141.0,38300
2013-01-29,111.65727996826172,144.88999938964844,145.3300018310547,142.02999877929688,142.30999755859375,35800
2013-01-30,111.93473815917969,145.25,145.8300018310547,141.66000366210938,144.5,70100
2013-01-31,114.8322982788086,149.00999450683594,149.42999267578125,145.02000427246094,145.42999267578125,53100
2013-02-01,117.51410675048828,152.49000549316406,152.74000549316406,148.94000244140625,149.92999267578125,35400
2013-02-04,120.41169738769531,156.25,156.92999267578125,151.07000732421875,151.07000732421875,55500
2013-02-05,120.4964828491211,156.36000061035156,157.32000732421875,155.25,157.32000732421875,75500
2013-02-06,120.58897399902344,156.47999572753906,157.42999267578125,154.72000122070312,155.38999938964844,32500
2013-02-07,120.4810791015625,156.33999633789062,157.17999267578125,155.3800048828125,157.17999267578125,34400
2013-02-08,124.88909912109375,162.05999755859375,162.1199951171875,156.6999969482422,156.6999969482422,37700
2013-02-11,125.55183410644531,162.9199981689453,164.1300048828125,161.3800048828125,162.05999755859375,15500
2013-02-12,125.65202331542969,163.0500030517578,163.75,162.52000427246094,163.75,12200
2013-02-13,126.76941680908203,164.5,165.30999755859375,163.0,163.0500030517578,31600
2013-02-14,128.12576293945312,166.25999450683594,166.9600067138672,163.75999450683594,163.75999450683594,19900
2013-02-15,128.7808074951172,167.11000061035156,167.99000549316406,166.08999633789062,167.17999267578125,25100
2013-02-19,130.97708129882812,169.9600067138672,170.8300018310547,166.63999938964844,166.63999938964844,22600
2013-02-20,124.06448364257812,160.99000549316406,170.83999633789062,160.97999572753906,170.83999633789062,92100
2013-02-21,123.18596649169922,159.85000610351562,160.99000549316406,158.0,159.88999938964844,51400
2013-02-22,126.28392791748047,163.8699951171875,164.35000610351562,157.92999267578125,159.9499969482422,22900
2013-02-25,124.92765045166016,162.11000061035156,166.1300048828125,160.44000244140625,165.10000610351562,67500
2013-02-26,127.53238677978516,165.49000549316406,167.4199981689453,162.38999938964844,162.38999938964844,34300
2013-02-27,131.6475372314453,170.8300018310547,171.75999450683594,166.02000427246094,166.02000427246094,36000
2013-02-28,129.474365234375,168.00999450683594,170.75,167.6199951171875,170.1999969482422,44100
2013-03-01,129.7517852783203,168.3699951171875,169.25,165.7100067138672,167.0,19500
2013-03-04,131.84788513183594,171.08999633789062,173.2100067138672,166.52000427246094,167.2100067138672,50100
2013-03-05,135.2387237548828,175.49000549316406,175.88999938964844,173.36000061035156,174.3699951171875,43800
2013-03-06,135.63172912597656,176.0,176.64999389648438,174.33999633789062,175.49000549316406,35100
2013-03-07,139.8162384033203,181.42999267578125,181.44000244140625,176.0,176.0,98200
2013-03-08,142.2745819091797,184.6199951171875,184.6300048828125,181.0,182.69000244140625,40500
2013-03-11,143.1839599609375,185.8000030517578,186.3699951171875,183.64999389648438,183.64999389648438,38100
2013-03-12,142.8679656982422,185.38999938964844,185.8000030517578,183.3000030517578,184.11000061035156,29500
2013-03-13,143.3226776123047,185.97999572753906,186.69000244140625,184.14999389648438,185.72999572753906,26300
2013-03-14,145.79641723632812,189.19000244140625,189.92999267578125,185.52999877929688,186.88999938964844,41400
2013-03-15,143.46139526367188,186.16000366210938,191.33999633789062,185.89999389648438,189.08999633789062,91400
2013-03-18,144.12413024902344,187.02000427246094,187.85000610351562,183.02000427246094,183.61000061035156,35800
2013-03-19,139.0995330810547,180.5,186.5399932861328,177.3699951171875,186.1300048828125,128200
2013-03-20,142.1744384765625,184.49000549316406,184.61000061035156,180.0,180.0,72400
2013-03-21,140.37115478515625,182.14999389648438,184.5,180.4499969482422,183.8300018310547,60100
2013-03-22,142.0280303955078,184.3000030517578,185.9499969482422,180.99000549316406,183.0,39700
2013-03-25,142.72154235839844,185.1999969482422,186.33999633789062,182.64999389648438,185.6199951171875,48200
2013-03-26,144.60195922851562,187.63999938964844,187.63999938964844,184.4199981689453,186.72999572753906,28400
2013-03-27,144.49407958984375,187.5,188.6699981689453,185.25,186.91000366210938,13500
2013-03-28,143.55386352539062,186.27999877929688,189.0,185.72999572753906,187.8800048828125,35900
2013-04-01,143.1839599609375,185.8000030517578,187.8000030517578,183.52999877929688,186.92999267578125,53200
2013-04-02,143.50765991210938,186.22000122070312,187.92999267578125,184.82000732421875,186.39999389648438,34300
2013-04-03,136.8878936767578,177.6300048828125,185.8800048828125,177.44000244140625,185.8800048828125,41900
2013-04-04,139.97042846679688,181.6300048828125,181.6300048828125,176.88999938964844,178.6999969482422,22300
2013-04-05,137.82037353515625,178.83999633789062,179.61000061035156,177.5399932861328,178.4600067138672,47100
2013-04-08,140.29408264160156,182.0500030517578,182.0500030517578,177.92999267578125,178.83999633789062,42400
2013-04-09,141.28822326660156,183.33999633789062,183.8800048828125,180.0,181.75,48500
2013-04-10,147.79234313964844,191.77999877929688,192.75,184.1999969482422,184.58999633789062,64100
2013-04-11,149.0177001953125,193.3699951171875,194.6999969482422,192.13999938964844,192.13999938964844,58300
2013-04-12,149.11785888671875,193.5,194.3699951171875,191.74000549316406,191.74000549316406,23400
2013-04-15,143.80050659179688,186.60000610351562,192.82000732421875,185.60000610351562,191.9199981689453,69500
2013-04-16,146.9986572265625,190.75,192.86000061035156,185.33999633789062,188.6699981689453,55600
2013-04-17,141.36521911621094,183.44000244140625,189.30999755859375,182.3699951171875,189.30999755859375,50300
2013-04-18,136.78770446777344,177.5,185.38999938964844,175.9600067138672,182.5500030517578,45400
2013-04-19,140.18626403808594,181.91000366210938,183.0,177.02000427246094,177.4199981689453,38000
2013-04-22,142.06654357910156,184.35000610351562,184.4199981689453,178.69000244140625,181.14999389648438,25300
2013-04-23,145.37257385253906,188.63999938964844,188.63999938964844,184.6999969482422,185.75,26800
2013-04-24,142.87576293945312,185.39999389648438,188.47000122070312,184.0800018310547,188.47000122070312,24400
2013-04-25,144.2397918701172,187.1699981689453,190.1199951171875,186.4499969482422,186.47000122070312,19900
2013-04-26,142.6753692626953,185.13999938964844,187.97999572753906,184.32000732421875,187.16000366210938,12400
2013-04-29,145.8503875732422,189.25999450683594,190.9199981689453,182.9600067138672,186.02000427246094,15600
2013-04-30,147.1912841796875,191.0,192.77999877929688,189.0,190.25,40000
2013-05-01,146.04298400878906,189.50999450683594,196.3800048828125,182.36000061035156,193.1300048828125,65200
2013-05-02,149.11785888671875,193.5,194.10000610351562,188.25,190.8000030517578,51200
2013-05-03,157.1170654296875,203.8800048828125,205.1199951171875,194.85000610351562,195.05999755859375,70600
2013-05-06,157.59483337402344,204.5,205.9499969482422,203.2100067138672,203.88999938964844,24200
2013-05-07,161.6330108642578,209.74000549316406,210.5800018310547,202.4499969482422,205.25,43400
2013-05-08,164.53057861328125,213.5,214.6999969482422,208.75,209.75999450683594,109100
2013-05-09,167.16610717773438,216.9199981689453,219.4600067138672,212.6300048828125,214.44000244140625,79800
2013-05-10,170.56460571289062,221.3300018310547,221.8000030517578,216.17999267578125,217.0,65300
2013-05-13,173.0460968017578,224.5500030517578,224.97999572753906,220.9600067138672,221.33999633789062,57400
2013-05-14,179.60415649414062,233.05999755859375,233.11000061035156,224.1999969482422,224.1999969482422,49300
2013-05-15,183.9197540283203,238.66000366210938,239.0,231.5,232.10000610351562,36800
2013-05-16,184.805908203125,239.80999755859375,242.11000061035156,238.82000732421875,239.0,60200
2013-05-17,190.43931579589844,247.1199951171875,247.33999633789062,241.57000732421875,241.57000732421875,42800
2013-05-20,188.79014587402344,244.97999572753906,248.88999938964844,242.9600067138672,247.0800018310547,70600
2013-05-21,185.95419311523438,241.3000030517578,246.3000030517578,239.50999450683594,244.10000610351562,44100
2013-05-22,174.76458740234375,226.77999877929688,242.75999450683594,225.6300048828125,241.25999450683594,93300
2013-05-23,170.37196350097656,221.0800018310547,224.6999969482422,217.5800018310547,223.10000610351562,81500
2013-05-24,172.66844177246094,224.05999755859375,224.47999572753906,220.0,220.4199981689453,42600
2013-05-28,183.056640625,237.5399932861328,237.83999633789062,227.17999267578125,227.17999267578125,64800
2013-05-29,180.3516845703125,234.02999877929688,237.97000122070312,234.02999877929688,235.0,47400
2013-05-30,182.486328125,236.8000030517578,238.10000610351562,232.49000549316406,233.94000244140625,27600
2013-05-31,178.6793670654297,231.86000061035156,235.97999572753906,231.75,234.6699981689453,52600
2013-06-03,179.8661651611328,233.39999389648438,233.99000549316406,228.17999267578125,233.7100067138672,53900
2013-06-04,176.38291931152344,228.8800048828125,235.11000061035156,227.00999450683594,234.02000427246094,26600
2013-06-05,169.8094024658203,220.35000610351562,228.0,217.1699981689453,227.55999755859375,52200
2013-06-06,176.976318359375,229.64999389648438,229.75,220.1999969482422,220.1999969482422,29100
2013-06-07,183.1336669921875,237.63999938964844,239.91000366210938,231.8000030517578,231.8000030517578,21300
2013-06-10,183.64999389648438,238.30999755859375,240.72000122070312,237.17999267578125,239.0800018310547,16100
2013-06-11,178.71791076660156,231.91000366210938,238.77000427246094,231.10000610351562,236.1699981689453,45700
2013-06-12,169.87875366210938,220.44000244140625,236.88999938964844,219.5800018310547,233.55999755859375,35700
2013-06-13,171.15805053710938,222.10000610351562,223.63999938964844,216.69000244140625,219.8800048828125,51700
2013-06-14,166.67295837402344,216.27999877929688,221.0,216.0,220.72000122070312,59100
2013-06-17,167.20465087890625,216.97000122070312,219.4499969482422,214.8699951171875,218.25999450683594,55900
2013-06-18,167.76719665527344,217.6999969482422,219.85000610351562,216.63999938964844,218.22999572753906,34500
2013-06-19,164.39186096191406,213.32000732421875,217.33999633789062,213.02000427246094,216.02000427246094,29200
2013-06-20,152.73980712890625,198.1999969482422,211.5,195.22000122070312,210.9600067138672,80900
2013-06-21,148.73252868652344,193.0,200.05999755859375,189.52999877929688,199.97000122070312,95300
2013-06-24,142.64454650878906,185.10000610351562,189.3000030517578,181.27999877929688,189.3000030517578,93500
2013-06-25,145.8811798095703,189.3000030517578,191.3699951171875,184.58999633789062,188.2899932861328,44200
2013-06-26,141.8354034423828,184.0500030517578,192.4499969482422,182.3000030517578,191.52000427246094,69700
2013-06-27,142.18215942382812,184.5,187.35000610351562,182.1699981689453,185.83999633789062,135400
2013-06-28,135.83984375,176.27000427246094,184.25999450683594,176.25999450683594,183.49000549316406,229200
2013-07-01,137.1653594970703,177.99000549316406,179.83999633789062,175.0,178.02999877929688,90800
2013-07-02,137.91282653808594,178.9600067138672,179.0399932861328,173.11000061035156,177.38999938964844,84100
2013-07-03,137.40419006347656,178.3000030517578,178.63999938964844,176.75999450683594,177.6699981689453,25700
2013-07-05,138.95314025878906,180.30999755859375,181.61000061035156,176.39999389648438,181.61000061035156,39900
2013-07-08,139.80087280273438,181.41000366210938,182.5500030517578,179.86000061035156,180.55999755859375,23800
2013-07-09,141.53480529785156,183.66000366210938,185.63999938964844,179.8800048828125,182.91000366210938,49600
2013-07-10,142.9527587890625,185.5,187.49000549316406,177.99000549316406,180.0800018310547,57200
2013-07-11,146.4206085205078,190.0,192.14999389648438,185.27999877929688,188.99000549316406,89200
2013-07-12,145.98141479492188,189.42999267578125,190.75,188.11000061035156,190.52999877929688,42700
2013-07-15,146.43606567382812,190.02000427246094,190.8000030517578,188.52000427246094,190.0,29500
2013-07-16,144.78688049316406,187.8800048828125,190.9499969482422,186.60000610351562,190.0,21700
2013-07-17,146.32815551757812,189.8800048828125,189.99000549316406,185.30999755859375,188.52000427246094,25100
2013-07-18,147.48411560058594,191.3800048828125,191.94000244140625,187.14999389648438,190.0,36800
2013-07-19,146.73655700683594,190.41000366210938,191.16000366210938,188.14999389648438,190.0,43000
2013-07-22,147.54576110839844,191.4600067138672,191.47999572753906,189.60000610351562,190.0,42600
2013-07-23,150.19674682617188,194.89999389648438,195.69000244140625,190.05999755859375,191.5399932861328,47700
2013-07-24,148.331787109375,192.47999572753906,195.49000549316406,191.61000061035156,195.1699981689453,17600
2013-07-25,148.6015167236328,192.8300018310547,194.52999877929688,191.10000610351562,191.6999969482422,30100
2013-07-26,147.19895935058594,191.00999450683594,191.97999572753906,189.89999389648438,191.0,36700
2013-07-29,142.5520477294922,184.97999572753906,191.52000427246094,184.57000732421875,190.0,31900
2013-07-30,143.50765991210938,186.22000122070312,188.32000732421875,181.6199951171875,185.0800018310547,36500
2013-07-31,143.723388671875,186.5,188.61000061035156,184.72000122070312,186.02000427246094,46600
2013-08-01,146.22024536132812,189.74000549316406,192.22999572753906,186.25999450683594,188.0500030517578,40400
2013-08-02,146.38209533691406,189.9499969482422,191.24000549316406,187.14999389648438,187.9600067138672,54000
2013-08-05,146.3204345703125,189.8699951171875,191.4600067138672,188.75999450683594,189.13999938964844,51400
2013-08-06,146.597900390625,190.22999572753906,190.86000061035156,188.91000366210938,189.4499969482422,35800
2013-08-07,145.4419403076172,188.72999572753906,190.8000030517578,188.16000366210938,189.1300048828125,70800
2013-08-08,142.11280822753906,184.41000366210938,190.0,181.16000366210938,190.0,82800
2013-08-09,139.96270751953125,181.6199951171875,185.08999633789062,181.57000732421875,183.42999267578125,29800
2013-08-12,141.06472778320312,183.0500030517578,183.49000549316406,180.11000061035156,180.16000366210938,25000
2013-08-13,144.66357421875,187.72000122070312,187.77999877929688,181.85000610351562,182.94000244140625,20300
2013-08-14,144.8022918701172,187.89999389648438,188.5399932861328,184.1199951171875,187.13999938964844,45800
2013-08-15,144.17042541503906,187.0800018310547,190.17999267578125,185.44000244140625,185.44000244140625,53100
2013-08-16,145.41879272460938,188.6999969482422,192.1699981689453,186.22000122070312,186.22000122070312,32300
2013-08-19,145.64999389648438,189.0,194.49000549316406,187.39999389648438,188.8000030517578,82300
2013-08-20,146.4206085205078,190.0,190.74000549316406,185.61000061035156,188.7100067138672,34900
2013-08-21,145.4033660888672,188.67999267578125,190.32000732421875,185.57000732421875,188.7899932861328,56100
2013-08-22,147.00633239746094,190.75999450683594,193.1199951171875,188.97999572753906,189.1300048828125,19300
2013-08-23,146.73655700683594,190.41000366210938,192.1999969482422,187.75999450683594,191.4499969482422,19700
2013-08-26,146.52081298828125,190.1300048828125,192.97000122070312,189.0,190.64999389648438,18000
2013-08-27,142.20523071289062,184.52999877929688,189.83999633789062,184.42999267578125,186.49000549316406,70600
2013-08-28,139.3076934814453,180.77000427246094,185.72000122070312,180.1300048828125,185.0,22700
2013-08-29,139.3769989013672,180.86000061035156,181.17999267578125,179.52000427246094,180.3000030517578,28400
2013-08-30,134.32167053222656,174.3000030517578,180.10000610351562,172.5399932861328,180.10000610351562,43300
2013-09-03,135.7704315185547,176.17999267578125,178.0399932861328,174.30999755859375,177.2100067138672,17700
2013-09-04,135.82443237304688,176.25,177.32000732421875,175.0500030517578,176.60000610351562,38100
2013-09-05,135.30029296875,175.57000732421875,177.19000244140625,174.52999877929688,176.05999755859375,20400
2013-09-06,134.99977111816406,175.17999267578125,176.4199981689453,171.7100067138672,176.4199981689453,43000
2013-09-09,134.73780822753906,174.83999633789062,176.75,172.9600067138672,175.77999877929688,33100
2013-09-10,128.1180419921875,166.25,170.89999389648438,164.0,169.6199951171875,101900
2013-09-11,128.01783752441406,166.1199951171875,166.97999572753906,152.61000061035156,163.22000122070312,180300
2013-09-12,123.77165985107422,160.61000061035156,165.6300048828125,158.14999389648438,161.89999389648438,704900
2013-09-13,123.84877014160156,160.7100067138672,163.11000061035156,159.67999267578125,159.91000366210938,117900
2013-09-16,122.55406951904297,159.02999877929688,163.0399932861328,158.3000030517578,163.0399932861328,278700
2013-09-17,124.02596282958984,160.94000244140625,162.14999389648438,159.0,159.19000244140625,113100
2013-09-18,126.36099243164062,163.97000122070312,164.1199951171875,158.99000549316406,160.1999969482422,84500
2013-09-19,128.53419494628906,166.7899932861328,168.19000244140625,163.44000244140625,164.22000122070312,59800
2013-09-20,128.4031982421875,166.6199951171875,168.0399932861328,165.47000122070312,166.74000549316406,132000
2013-09-23,127.47076416015625,165.41000366210938,166.50999450683594,163.39999389648438,166.50999450683594,30700
2013-09-24,127.93309783935547,166.00999450683594,168.66000366210938,162.5399932861328,165.4600067138672,66700
2013-09-25,127.87914276123047,165.94000244140625,167.49000549316406,165.00999450683594,165.4199981689453,43800
2013-09-26,129.08905029296875,167.50999450683594,168.3000030517578,165.52999877929688,166.75999450683594,55900
2013-09-27,129.3972930908203,167.91000366210938,168.60000610351562,164.66000366210938,166.35000610351562,46500
2013-09-30,125.33602142333984,162.63999938964844,165.5399932861328,160.33999633789062,165.4600067138672,235400
2013-10-01,125.10489654541016,162.33999633789062,163.67999267578125,160.5,161.8699951171875,62200
2013-10-02,122.39991760253906,158.8300018310547,161.77999877929688,157.08999633789062,160.64999389648438,85000
2013-10-03,119.34050750732422,154.86000061035156,158.47000122070312,154.3000030517578,158.00999450683594,62300
2013-10-04,122.29975891113281,158.6999969482422,158.97999572753906,155.35000610351562,155.74000549316406,78600
2013-10-07,120.77391052246094,156.72000122070312,158.7100067138672,156.30999755859375,158.0,55300
2013-10-08,119.68729400634766,155.30999755859375,158.6199951171875,154.97999572753906,157.5800018310547,46600
2013-10-09,119.7258529663086,155.36000061035156,158.10000610351562,154.88999938964844,156.08999633789062,58300
2013-10-10,121.42897033691406,157.57000732421875,158.6999969482422,156.0500030517578,156.4499969482422,92200
2013-10-11,124.89683532714844,162.07000732421875,163.69000244140625,156.1300048828125,157.47999572753906,42200
2013-10-14,124.78118133544922,161.9199981689453,163.32000732421875,159.77999877929688,161.1300048828125,66000
2013-10-15,124.73493957519531,161.86000061035156,163.27999877929688,159.60000610351562,160.47999572753906,86600
2013-10-16,127.11628723144531,164.9499969482422,166.74000549316406,162.74000549316406,162.91000366210938,66600
2013-10-17,127.93309783935547,166.00999450683594,166.6999969482422,163.52000427246094,163.52000427246094,81200
2013-10-18,128.58811950683594,166.86000061035156,169.77000427246094,164.69000244140625,167.60000610351562,96300
2013-10-21,128.78851318359375,167.1199951171875,167.49000549316406,165.88999938964844,166.57000732421875,45600
2013-10-22,133.5047607421875,173.24000549316406,174.3800048828125,166.97999572753906,167.35000610351562,80600
2013-10-23,135.4930419921875,175.82000732421875,176.60000610351562,170.75999450683594,172.61000061035156,52000
2013-10-24,136.20201110839844,176.74000549316406,177.25,174.74000549316406,176.5,32800
2013-10-25,136.47181701660156,177.08999633789062,178.25999450683594,174.75,177.5500030517578,23500
2013-10-28,136.78770446777344,177.5,178.4499969482422,175.75999450683594,176.91000366210938,40400
2013-10-29,142.69081115722656,185.16000366210938,188.30999755859375,178.91000366210938,178.91000366210938,120900
2013-10-30,158.8355712890625,206.11000061035156,209.0,190.0,191.02999877929688,128400
2013-10-31,156.83963012695312,203.52000427246094,211.33999633789062,202.75999450683594,206.1699981689453,84400
2013-11-01,154.0884552001953,199.9499969482422,206.72999572753906,196.6300048828125,204.42999267578125,57400
2013-11-04,158.1573944091797,205.22999572753906,205.5500030517578,199.41000366210938,201.02999877929688,47800
2013-11-05,159.2594451904297,206.66000366210938,211.55999755859375,201.38999938964844,204.58999633789062,86300
2013-11-06,158.4502716064453,205.61000061035156,211.0,204.1300048828125,207.11000061035156,49500
2013-11-07,157.30201721191406,204.1199951171875,214.42999267578125,201.92999267578125,206.77999877929688,45900
2013-11-08,160.21498107910156,207.89999389648438,207.97999572753906,202.10000610351562,203.89999389648438,33200
2013-11-11,160.39219665527344,208.1300048828125,209.10000610351562,206.32000732421875,206.8800048828125,12800
2013-11-12,159.5600128173828,207.0500030517578,208.5500030517578,205.0,208.1300048828125,34800
2013-11-13,160.69276428222656,208.52000427246094,208.97000122070312,200.1199951171875,206.6199951171875,21400
2013-11-14,159.536865234375,207.02000427246094,209.11000061035156,204.17999267578125,209.11000061035156,24900
2013-11-15,160.25350952148438,207.9499969482422,207.97999572753906,204.25,207.97999572753906,28200
2013-11-18,161.2784423828125,209.27999877929688,212.39999389648438,205.3300018310547,207.85000610351562,22400
2013-11-19,159.8913116455078,207.47999572753906,209.74000549316406,202.4499969482422,209.35000610351562,40000
2013-11-20,155.0209197998047,201.16000366210938,208.0,200.10000610351562,208.0,47800
2013-11-21,157.20948791503906,204.0,206.5399932861328,201.33999633789062,202.3000030517578,37500
2013-11-22,157.25576782226562,204.05999755859375,205.63999938964844,198.72000122070312,203.1300048828125,46900
2013-11-25,158.70457458496094,205.94000244140625,212.99000549316406,202.97000122070312,204.02999877929688,29500
2013-11-26,159.25169372558594,206.64999389648438,210.00999450683594,205.16000366210938,205.63999938964844,28700
2013-11-27,159.82200622558594,207.38999938964844,208.9600067138672,205.83999633789062,207.52000427246094,14900
2013-11-29,160.13796997070312,207.8000030517578,208.16000366210938,206.39999389648438,208.16000366210938,5600
2013-12-02,155.28292846679688,201.5,207.61000061035156,201.5,207.2100067138672,16000
2013-12-03,152.20037841796875,197.5,200.5,195.5800018310547,200.5,20100
2013-12-04,152.24661254882812,197.55999755859375,200.6199951171875,195.44000244140625,196.69000244140625,19600
2013-12-05,153.44879150390625,199.1199951171875,202.6999969482422,196.8000030517578,196.8000030517578,24700
2013-12-06,155.69908142089844,202.0399932861328,204.0,198.72000122070312,202.4600067138672,17600
2013-12-09,157.33282470703125,204.16000366210938,204.89999389648438,201.02999877929688,203.1300048828125,23500
2013-12-10,154.8590850830078,200.9499969482422,205.17999267578125,200.00999450683594,203.1699981689453,31600
2013-12-11,152.08477783203125,197.35000610351562,202.0399932861328,197.08999633789062,200.5,37900
2013-12-12,152.11561584472656,197.38999938964844,199.2899932861328,195.27999877929688,198.42999267578125,20900
2013-12-13,154.4043731689453,200.36000061035156,206.6699981689453,195.02999877929688,198.47999572753906,26500
2013-12-16,159.1361083984375,206.5,206.94000244140625,201.83999633789062,201.85000610351562,35900
2013-12-17,158.02639770507812,205.05999755859375,207.4199981689453,201.4499969482422,207.0800018310547,40800
2013-12-18,163.3900604248047,212.02000427246094,212.22000122070312,205.44000244140625,206.49000549316406,44200
2013-12-19,159.035888671875,206.3699951171875,211.25,205.0500030517578,210.5,41500
2013-12-20,159.79116821289062,207.35000610351562,210.44000244140625,206.80999755859375,206.80999755859375,81400
2013-12-23,164.8388671875,213.89999389648438,214.49000549316406,207.3000030517578,208.4499969482422,60000
2013-12-24,163.3745880126953,212.0,214.14999389648438,209.3000030517578,214.14999389648438,33100
2013-12-26,163.90631103515625,212.69000244140625,214.3699951171875,211.60000610351562,212.97000122070312,54800
2013-12-27,161.44802856445312,209.5,213.61000061035156,206.32000732421875,213.61000061035156,27200
2013-12-30,154.8976287841797,201.0,210.1699981689453,200.16000366210938,208.75,111900
2013-12-31,154.1654815673828,200.0500030517578,205.0,199.3699951171875,202.2899932861328,224900
2014-01-02,154.12698364257812,200.0,203.3800048828125,198.33999633789062,200.0,129800
2014-01-03,157.42527770996094,204.27999877929688,205.32000732421875,199.60000610351562,200.1999969482422,65100
2014-01-06,155.0902557373047,201.25,205.1699981689453,200.0,205.1699981689453,72900
2014-01-07,155.84552001953125,202.22999572753906,204.11000061035156,201.52000427246094,201.52000427246094,40300
2014-01-08,151.05990600585938,196.02000427246094,202.4600067138672,193.47000122070312,202.4600067138672,69900
2014-01-09,146.61326599121094,190.25,197.8300018310547,188.92999267578125,197.5399932861328,74000
2014-01-10,143.3843536376953,186.05999755859375,190.8300018310547,184.47999572753906,190.8300018310547,103300
2014-01-13,140.00894165039062,181.67999267578125,186.47000122070312,180.22999572753906,184.6699981689453,61400
2014-01-14,142.8834228515625,185.41000366210938,186.5,179.52999877929688,182.24000549316406,64300
2014-01-15,151.6918182373047,196.83999633789062,200.1300048828125,184.88999938964844,185.41000366210938,95700
2014-01-16,150.4972686767578,195.2899932861328,197.97999572753906,193.14999389648438,196.80999755859375,68900
2014-01-17,154.7589111328125,200.82000732421875,201.42999267578125,194.5800018310547,194.5800018310547,61800
2014-01-21,157.94163513183594,204.9499969482422,207.91000366210938,202.3699951171875,202.3699951171875,72900
2014-01-22,159.12843322753906,206.49000549316406,208.9199981689453,204.89999389648438,205.00999450683594,51600
2014-01-23,153.46421813964844,199.13999938964844,205.2100067138672,198.67999267578125,204.85000610351562,61300
2014-01-24,147.17584228515625,190.97999572753906,198.7100067138672,189.1300048828125,198.7100067138672,151800
2014-01-27,146.38980102539062,189.9600067138672,194.85000610351562,181.02000427246094,191.63999938964844,76700
2014-01-28,149.31051635742188,193.75,193.8300018310547,188.85000610351562,189.6199951171875,172900
2014-01-29,140.55606079101562,182.38999938964844,191.49000549316406,180.10000610351562,191.49000549316406,135900
2014-01-30,141.635009765625,183.7899932861328,186.72000122070312,180.72000122070312,184.61000061035156,146600
2014-01-31,140.45590209960938,182.25999450683594,184.4199981689453,177.25,180.1699981689453,65700
2014-02-03,137.18072509765625,178.00999450683594,183.41000366210938,175.55999755859375,181.89999389648438,123700
2014-02-04,140.4019775390625,182.19000244140625,184.4600067138672,169.02999877929688,179.3300018310547,82700
2014-02-05,136.9033203125,177.64999389648438,181.6999969482422,175.8800048828125,181.6999969482422,91100
2014-02-06,136.5410919189453,177.17999267578125,180.08999633789062,175.35000610351562,177.89999389648438,84100
2014-02-07,138.10545349121094,179.2100067138672,180.58999633789062,177.47999572753906,177.47999572753906,57800
2014-02-10,137.68161010742188,178.66000366210938,178.8800048828125,176.7100067138672,178.8800048828125,51300
2014-02-11,139.58511352539062,181.1300048828125,181.1300048828125,177.00999450683594,178.3300018310547,46500
2014-02-12,139.91644287109375,181.55999755859375,182.9600067138672,180.3800048828125,181.66000366210938,50200
2014-02-13,142.37474060058594,184.75,184.83999633789062,179.25999450683594,181.5500030517578,47900
2014-02-14,138.64495849609375,179.91000366210938,184.75,176.5,184.75,83700
2014-02-18,139.2537384033203,180.6999969482422,181.5,178.67999267578125,179.69000244140625,89500
2014-02-19,136.2559814453125,176.80999755859375,181.60000610351562,176.58999633789062,179.60000610351562,116800
2014-02-20,138.1517333984375,179.27000427246094,179.6699981689453,177.1199951171875,177.99000549316406,40000
2014-02-21,136.98031616210938,177.75,181.38999938964844,177.3800048828125,179.75999450683594,51600
2014-02-24,140.47906494140625,182.2899932861328,184.91000366210938,176.1199951171875,177.5,49700
2014-02-25,138.61410522460938,179.8699951171875,181.82000732421875,177.8000030517578,181.74000549316406,78900
2014-02-26,137.17303466796875,178.0,181.5399932861328,176.32000732421875,180.44000244140625,60600
2014-02-27,140.0706329345703,181.75999450683594,182.47000122070312,174.92999267578125,177.1199951171875,65200
2014-02-28,142.69081115722656,185.16000366210938,187.99000549316406,181.0500030517578,181.14999389648438,69400
2014-03-03,137.44277954101562,178.35000610351562,184.22000122070312,177.8300018310547,184.22000122070312,121300
2014-03-04,141.3036346435547,183.36000061035156,184.91000366210938,178.50999450683594,180.5800018310547,180000
2014-03-05,137.0419921875,177.8300018310547,182.6300048828125,176.19000244140625,182.6300048828125,166400
2014-03-06,139.3769989013672,180.86000061035156,181.7100067138672,176.7100067138672,177.64999389648438,57000
2014-03-07,137.61227416992188,178.57000732421875,182.61000061035156,177.32000732421875,182.47000122070312,50300
2014-03-10,139.4078369140625,180.89999389648438,182.33999633789062,176.4600067138672,177.69000244140625,58400
2014-03-11,135.8783721923828,176.32000732421875,180.91000366210938,174.60000610351562,180.91000366210938,39700
2014-03-12,136.10955810546875,176.6199951171875,178.05999755859375,174.42999267578125,174.89999389648438,24000
2014-03-13,134.6453399658203,174.72000122070312,177.7899932861328,173.61000061035156,177.7899932861328,53500
2014-03-14,135.33889770507812,175.6199951171875,177.82000732421875,173.10000610351562,174.0,117600
2014-03-17,137.86660766601562,178.89999389648438,179.14999389648438,173.9499969482422,176.3800048828125,53900
2014-03-18,140.71023559570312,182.58999633789062,182.8000030517578,177.1300048828125,179.2899932861328,67400
2014-03-19,138.62181091308594,179.8800048828125,182.38999938964844,179.30999755859375,182.38999938964844,33600
2014-03-20,141.2650909423828,183.30999755859375,183.89999389648438,177.4199981689453,180.1699981689453,33100
2014-03-21,139.5465850830078,181.0800018310547,185.1199951171875,179.52999877929688,182.64999389648438,62100
2014-03-24,138.7913818359375,180.10000610351562,182.97000122070312,178.58999633789062,182.08999633789062,51100
2014-03-25,139.2152099609375,180.64999389648438,182.66000366210938,180.07000732421875,180.3000030517578,39600
2014-03-26,135.21559143066406,175.4600067138672,181.5800018310547,173.14999389648438,181.0800018310547,99500
2014-03-27,135.1539764404297,175.3800048828125,176.5800018310547,172.07000732421875,174.72999572753906,75100
2014-03-28,132.51071166992188,171.9499969482422,177.7899932861328,171.0500030517578,175.25999450683594,65800
2014-03-31,133.4508056640625,173.1699981689453,174.0,171.25999450683594,172.2899932861328,161200
2014-04-01,134.07504272460938,173.97999572753906,175.6999969482422,172.39999389648438,173.07000732421875,94600
2014-04-02,136.78001403808594,177.49000549316406,179.75,173.42999267578125,173.7899932861328,61200
2014-04-03,136.140380859375,176.66000366210938,178.97000122070312,174.77000427246094,177.75,45900
2014-04-04,132.29489135742188,171.6699981689453,179.1300048828125,167.63999938964844,176.91000366210938,48000
2014-04-07,129.19692993164062,167.64999389648438,170.16000366210938,165.0,170.16000366210938,66300
2014-04-08,130.81529235839844,169.75,170.83999633789062,166.3699951171875,167.0500030517578,61400
2014-04-09,134.69923400878906,174.7899932861328,175.8699951171875,168.97000122070312,170.75999450683594,54900
2014-04-10,133.7976837158203,173.6199951171875,175.64999389648438,171.39999389648438,173.94000244140625,73900
2014-04-11,134.8611297607422,175.0,176.83999633789062,171.72999572753906,171.72999572753906,113500
2014-04-14,134.2214813232422,174.1699981689453,177.19000244140625,172.64999389648438,177.19000244140625,41800
2014-04-15,136.16348266601562,176.69000244140625,177.50999450683594,170.00999450683594,174.63999938964844,32200
2014-04-16,140.61001586914062,182.4600067138672,183.33999633789062,177.38999938964844,178.60000610351562,42200
2014-04-17,143.5153350830078,186.22999572753906,187.99000549316406,180.86000061035156,182.99000549316406,76800
2014-04-21,141.4346466064453,183.52999877929688,187.85000610351562,183.10000610351562,185.66000366210938,37500
2014-04-22,142.18980407714844,184.50999450683594,185.27000427246094,182.69000244140625,184.24000549316406,29200
2014-04-23,139.9087371826172,181.5500030517578,186.0500030517578,181.0399932861328,184.3000030517578,40400
2014-04-24,138.7066192626953,179.99000549316406,183.60000610351562,179.2899932861328,182.99000549316406,31000
2014-04-25,136.1711883544922,176.6999969482422,178.83999633789062,173.9600067138672,178.57000732421875,34000
2014-04-28,137.1190948486328,177.92999267578125,180.0,176.00999450683594,176.6300048828125,35400
2014-04-29,137.9050750732422,178.9499969482422,182.9499969482422,177.86000061035156,179.8699951171875,48000
2014-04-30,142.5597686767578,184.99000549316406,186.3800048828125,176.22999572753906,177.1999969482422,146500
2014-05-01,144.27056884765625,187.2100067138672,190.3300018310547,183.5,183.69000244140625,123600
2014-05-02,144.0316619873047,186.89999389648438,189.10000610351562,186.7100067138672,187.60000610351562,69800
2014-05-05,145.3956756591797,188.6699981689453,188.89999389648438,184.4600067138672,188.89999389648438,62900
2014-05-06,143.2378692626953,185.8699951171875,188.0,184.35000610351562,188.0,43500
2014-05-07,145.07203674316406,188.25,188.8699951171875,183.5,186.61000061035156,31900
2014-05-08,146.03536987304688,189.5,192.44000244140625,188.64999389648438,188.64999389648438,54900
2014-05-09,145.38795471191406,188.66000366210938,190.75,186.3000030517578,188.27999877929688,42400
2014-05-12,146.87535095214844,190.58999633789062,192.5,188.61000061035156,189.9199981689453,40700
2014-05-13,142.68307495117188,185.14999389648438,190.02999877929688,184.10000610351562,189.97999572753906,59600
2014-05-14,140.98764038085938,182.9499969482422,185.35000610351562,182.60000610351562,184.27999877929688,33000
2014-05-15,136.00938415527344,176.49000549316406,181.9499969482422,174.0,181.9499969482422,42100
2014-05-16,140.63314819335938,182.49000549316406,182.63999938964844,174.5500030517578,176.2899932861328,47100
2014-05-19,145.1721649169922,188.3800048828125,189.55999755859375,178.80999755859375,181.16000366210938,52300
2014-05-20,141.38070678710938,183.4600067138672,187.63999938964844,181.8300018310547,187.25999450683594,74600
2014-05-21,141.85842895507812,184.0800018310547,187.0,183.4600067138672,183.4600067138672,72500
2014-05-22,142.2592315673828,184.60000610351562,185.9199981689453,184.0399932861328,185.0,80900
2014-05-23,144.34762573242188,187.30999755859375,188.0500030517578,185.11000061035156,185.11000061035156,30600
2014-05-27,145.75787353515625,189.13999938964844,189.5,187.11000061035156,188.16000366210938,31900
2014-05-28,144.83311462402344,187.94000244140625,189.85000610351562,185.1999969482422,188.60000610351562,25000
2014-05-29,144.74066162109375,187.82000732421875,188.27000427246094,186.4199981689453,187.72999572753906,41300
2014-05-30,142.1744384765625,184.49000549316406,188.47000122070312,183.85000610351562,188.47000122070312,48100
2014-06-02,142.6368408203125,185.08999633789062,185.75999450683594,182.5,185.6300048828125,36400
2014-06-03,147.06797790527344,190.83999633789062,191.6999969482422,184.72999572753906,184.72999572753906,44400
2014-06-04,150.35861206054688,195.11000061035156,196.94000244140625,189.25999450683594,189.25999450683594,38400
2014-06-05,153.12513732910156,198.6999969482422,201.16000366210938,192.3000030517578,195.05999755859375,37400
2014-06-06,156.9937286376953,203.72000122070312,205.1199951171875,198.30999755859375,200.0800018310547,34800
2014-06-09,156.0535430908203,202.5,204.0,201.17999267578125,203.02999877929688,32700
2014-06-10,157.4638214111328,204.3300018310547,204.58999633789062,199.58999633789062,202.7100067138672,47000
2014-06-11,157.00144958496094,203.72999572753906,204.9600067138672,202.35000610351562,203.52000427246094,37500
2014-06-12,154.92843627929688,201.0399932861328,205.0,200.0500030517578,203.89999389648438,44500
2014-06-13,152.40078735351562,197.75999450683594,202.16000366210938,195.7100067138672,201.0500030517578,27800
2014-06-16,147.2991485595703,191.13999938964844,197.69000244140625,190.52000427246094,196.52999877929688,62500
2014-06-17,150.18902587890625,194.88999938964844,197.2100067138672,192.3000030517578,192.3000030517578,33800
2014-06-18,153.58753967285156,199.3000030517578,199.97999572753906,192.35000610351562,194.3699951171875,37800
2014-06-19,158.4116973876953,205.55999755859375,207.07000732421875,199.91000366210938,200.4199981689453,53200
2014-06-20,161.73316955566406,209.8699951171875,209.9199981689453,203.1199951171875,207.4600067138672,120600
2014-06-23,164.02967834472656,212.85000610351562,215.0,208.3699951171875,209.3300018310547,83900
2014-06-24,161.44802856445312,209.5,215.72000122070312,209.36000061035156,212.0,69900
2014-06-25,161.2476348876953,209.24000549316406,211.9499969482422,207.3300018310547,208.89999389648438,28200
2014-06-26,160.09942626953125,207.75,210.08999633789062,205.10000610351562,210.08999633789062,17400
2014-06-27,162.6039276123047,211.0,212.47000122070312,205.7100067138672,205.7100067138672,47600
2014-06-30,163.1819610595703,211.75,213.0,208.69000244140625,209.0500030517578,43600
2014-07-01,162.01829528808594,210.24000549316406,215.0,209.3000030517578,211.47999572753906,61200
2014-07-02,162.8428497314453,211.30999755859375,214.94000244140625,209.6300048828125,210.92999267578125,38700
2014-07-03,165.6865234375,215.0,215.4600067138672,212.32000732421875,213.52000427246094,35700
2014-07-07,165.5015411376953,214.75999450683594,216.32000732421875,211.7899932861328,213.00999450683594,38600
2014-07-08,165.6788330078125,214.99000549316406,217.9499969482422,211.02000427246094,211.02000427246094,94800
2014-07-09,166.4571075439453,216.0,217.42999267578125,212.8000030517578,217.08999633789062,39800
2014-07-10,163.51333618164062,212.17999267578125,214.99000549316406,210.52999877929688,213.3000030517578,42800
2014-07-11,165.88685607910156,215.25999450683594,223.92999267578125,211.13999938964844,213.27000427246094,39100
2014-07-14,167.297119140625,217.08999633789062,220.49000549316406,216.05999755859375,218.4600067138672,46600
2014-07-15,166.8963623046875,216.57000732421875,219.36000061035156,216.11000061035156,218.0399932861328,36500
2014-07-16,163.90631103515625,212.69000244140625,217.52000427246094,212.55999755859375,217.22999572753906,50200
2014-07-17,162.6039276123047,211.0,212.91000366210938,209.72999572753906,211.72999572753906,25600
2014-07-18,164.37644958496094,213.3000030517578,213.36000061035156,205.8000030517578,210.0500030517578,79100
2014-07-21,163.3900604248047,212.02000427246094,213.25,209.57000732421875,211.08999633789062,32600
2014-07-22,162.5962677001953,210.99000549316406,214.4600067138672,210.22000122070312,212.6999969482422,30000
2014-07-23,161.83335876464844,210.0,211.89999389648438,209.5500030517578,211.82000732421875,25000
2014-07-24,162.3572998046875,210.67999267578125,211.19000244140625,209.22000122070312,211.19000244140625,38100
2014-07-25,161.83335876464844,210.0,211.39999389648438,207.77000427246094,208.35000610351562,33800
2014-07-28,160.7544708251953,208.60000610351562,212.0,207.8300018310547,210.85000610351562,91100
2014-07-29,162.4071807861328,210.2899932861328,211.8000030517578,206.00999450683594,207.75,74100
2014-07-30,161.6580047607422,209.32000732421875,211.36000061035156,206.02000427246094,211.22999572753906,60300
2014-07-31,158.36038208007812,205.0500030517578,208.49000549316406,204.47999572753906,208.49000549316406,70300
2014-08-01,158.05136108398438,204.64999389648438,208.0,203.75999450683594,203.75999450683594,60600
2014-08-04,161.30279541015625,208.86000061035156,210.83999633789062,206.47999572753906,206.47999572753906,75800
2014-08-05,158.78509521484375,205.60000610351562,209.75999450683594,205.11000061035156,207.0500030517578,42000
2014-08-06,160.84707641601562,208.27000427246094,210.97000122070312,203.77999877929688,203.77999877929688,63700
2014-08-07,158.5997314453125,205.36000061035156,208.9499969482422,204.41000366210938,208.9499969482422,13100
2014-08-08,160.569091796875,207.91000366210938,209.16000366210938,204.60000610351562,205.2899932861328,17600
2014-08-11,160.654052734375,208.02000427246094,209.97000122070312,208.00999450683594,209.2100067138672,19700
2014-08-12,160.19834899902344,207.42999267578125,208.8699951171875,206.5,207.8699951171875,19900
2014-08-13,161.58079528808594,209.22000122070312,209.22000122070312,206.2100067138672,208.83999633789062,10500
2014-08-14,161.60394287109375,209.25,210.66000366210938,208.10000610351562,208.10000610351562,41400
2014-08-15,159.84312438964844,206.97000122070312,211.75,204.44000244140625,211.75,43900
2014-08-18,161.37225341796875,208.9499969482422,208.97000122070312,207.22000122070312,208.0,20300
2014-08-19,162.2990264892578,210.14999389648438,210.38999938964844,206.6199951171875,209.0,39500
2014-08-20,162.72381591796875,210.6999969482422,211.75999450683594,208.8699951171875,211.1199951171875,16600
2014-08-21,164.35333251953125,212.80999755859375,213.60000610351562,208.35000610351562,209.55999755859375,15800
2014-08-22,165.6431427001953,214.47999572753906,216.27000427246094,213.24000549316406,213.24000549316406,19600
2014-08-25,167.8519287109375,217.33999633789062,218.75,215.97999572753906,215.97999572753906,25500
2014-08-26,169.17250061035156,219.0500030517578,220.6300048828125,216.47000122070312,216.97000122070312,24800
2014-08-27,172.03005981445312,222.75,223.11000061035156,218.5800018310547,220.14999389648438,28700
2014-08-28,172.91812133789062,223.89999389648438,224.3699951171875,221.97000122070312,222.11000061035156,34600
2014-08-29,172.75599670410156,223.69000244140625,227.2899932861328,222.47999572753906,224.9499969482422,62800
2014-09-02,173.38156127929688,224.5,226.89999389648438,224.0399932861328,225.0800018310547,26400
2014-09-03,171.7133331298828,222.33999633789062,226.6199951171875,222.07000732421875,224.8800048828125,22600
2014-09-04,158.5611114501953,205.30999755859375,222.22000122070312,204.55999755859375,222.22000122070312,174600
2014-09-05,142.8833770751953,185.00999450683594,207.9499969482422,177.39999389648438,205.0,452600
2014-09-08,144.50521850585938,187.11000061035156,188.64999389648438,183.61000061035156,184.42999267578125,125300
2014-09-09,146.73716735839844,190.0,191.47999572753906,186.10000610351562,186.99000549316406,107900
2014-09-10,147.60986328125,191.1300048828125,192.8000030517578,188.82000732421875,190.0,71000
2014-09-11,146.2892303466797,189.4199981689453,191.6699981689453,188.74000549316406,190.4600067138672,70300
2014-09-12,143.30044555664062,185.5500030517578,189.5800018310547,184.30999755859375,189.11000061035156,100500
2014-09-15,142.6516876220703,184.7100067138672,186.99000549316406,180.77999877929688,185.0,84000
2014-09-16,143.64794921875,186.0,188.35000610351562,182.6999969482422,184.97000122070312,77100
2014-09-17,142.60537719726562,184.64999389648438,186.80999755859375,182.6999969482422,184.8800048828125,38900
2014-09-18,135.5774688720703,175.5500030517578,184.80999755859375,171.27000427246094,184.80999755859375,202500
2014-09-19,134.40353393554688,174.02999877929688,176.27000427246094,172.00999450683594,175.22000122070312,148700
2014-09-22,131.48422241210938,170.25,175.02999877929688,170.24000549316406,173.77999877929688,117800
2014-09-23,132.06346130371094,171.0,172.6699981689453,167.19000244140625,170.1699981689453,111000
2014-09-24,134.6738739013672,174.3800048828125,175.75,170.49000549316406,170.92999267578125,71900
2014-09-25,134.93643188476562,174.72000122070312,174.94000244140625,172.0,174.82000732421875,49000
2014-09-26,136.172119140625,176.32000732421875,178.2899932861328,174.3699951171875,175.9600067138672,48000
2014-09-29,135.1990509033203,175.05999755859375,175.6300048828125,166.35000610351562,175.0,34900
2014-09-30,134.148681640625,173.6999969482422,176.58999633789062,171.14999389648438,175.99000549316406,88100
2014-10-01,130.80458068847656,169.3699951171875,173.0,167.6999969482422,173.0,62000
2014-10-02,133.63897705078125,173.0399932861328,173.6999969482422,166.97999572753906,170.0500030517578,39900
2014-10-03,132.86668395996094,172.0399932861328,175.0800018310547,170.00999450683594,173.9499969482422,56700
2014-10-06,131.82408142089844,170.69000244140625,172.17999267578125,170.0399932861328,171.9600067138672,32500
2014-10-07,130.92811584472656,169.52999877929688,173.25,168.86000061035156,169.38999938964844,50900
2014-10-08,131.0749053955078,169.72000122070312,171.25999450683594,163.3699951171875,169.6300048828125,86900
2014-10-09,127.66138458251953,165.3000030517578,172.83999633789062,163.57000732421875,170.27999877929688,40000
2014-10-10,125.68428039550781,162.74000549316406,168.42999267578125,162.6300048828125,164.05999755859375,28800
2014-10-13,125.9931640625,163.13999938964844,168.52999877929688,163.10000610351562,163.64999389648438,39100
2014-10-14,127.86209869384766,165.55999755859375,171.52000427246094,162.88999938964844,165.32000732421875,43100
2014-10-15,129.40672302246094,167.55999755859375,167.75,162.64999389648438,163.6199951171875,71500
2014-10-16,131.93215942382812,170.8300018310547,173.14999389648438,162.5800018310547,164.82000732421875,40900
2014-10-17,128.4413299560547,166.30999755859375,173.2899932861328,165.05999755859375,173.2899932861328,40100
2014-10-20,133.25274658203125,172.5399932861328,172.64999389648438,163.61000061035156,165.1699981689453,36500
2014-10-21,137.06028747558594,177.47000122070312,178.7100067138672,173.07000732421875,173.1300048828125,52200
2014-10-22,130.4106903076172,168.86000061035156,178.3699951171875,167.19000244140625,178.3699951171875,57000
2014-10-23,129.71563720703125,167.9600067138672,171.24000549316406,165.2100067138672,171.24000549316406,47600
2014-10-24,129.76199340820312,168.02000427246094,169.72999572753906,166.08999633789062,168.3300018310547,24800
2014-10-27,127.88533782958984,165.58999633789062,168.05999755859375,164.0800018310547,168.05999755859375,42700
2014-10-28,131.3143310546875,170.02999877929688,184.58999633789062,165.13999938964844,184.58999633789062,85200
2014-10-29,135.49581909179688,174.97999572753906,178.17999267578125,166.72999572753906,170.8000030517578,126200
2014-10-30,139.9638671875,180.75,180.77999877929688,172.6199951171875,174.36000061035156,60100
2014-10-31,138.77134704589844,179.2100067138672,183.50999450683594,177.72000122070312,183.50999450683594,57400
2014-11-03,138.94940185546875,179.44000244140625,180.8000030517578,178.0,178.0,35100
2014-11-04,139.38304138183594,180.0,181.64999389648438,175.52000427246094,178.14999389648438,37300
2014-11-05,144.39309692382812,186.47000122070312,187.19000244140625,180.1999969482422,180.67999267578125,71400
2014-11-06,144.80343627929688,187.0,187.0399932861328,181.72000122070312,186.0,35900
2014-11-07,142.42623901367188,183.92999267578125,188.0399932861328,183.88999938964844,187.5,45400
2014-11-10,143.40191650390625,185.19000244140625,185.97000122070312,182.24000549316406,185.00999450683594,31800
2014-11-11,141.628662109375,182.89999389648438,185.42999267578125,181.63999938964844,185.36000061035156,59400
2014-11-12,141.737060546875,183.0399932861328,184.10000610351562,182.08999633789062,182.6300048828125,51200
2014-11-13,141.70611572265625,183.0,184.42999267578125,183.0,184.0,47300
2014-11-14,127.7523193359375,164.97999572753906,183.9499969482422,160.58999633789062,183.02000427246094,483400
2014-11-17,124.0277099609375,160.1699981689453,165.13999938964844,157.8800048828125,164.2899932861328,99000
2014-11-18,121.68909454345703,157.14999389648438,160.89999389648438,156.17999267578125,159.75999450683594,102700
2014-11-19,119.38158416748047,154.1699981689453,157.58999633789062,153.36000061035156,157.58999633789062,67600
2014-11-20,121.90595245361328,157.42999267578125,159.67999267578125,153.8800048828125,154.1699981689453,93100
2014-11-21,119.5287094116211,154.36000061035156,157.5,153.75,157.5,127200
2014-11-24,120.8141098022461,156.02000427246094,157.5800018310547,154.60000610351562,155.0,77400
2014-11-25,121.54975891113281,156.97000122070312,158.07000732421875,155.0,155.97000122070312,61400
2014-11-26,120.79088592529297,155.99000549316406,157.47000122070312,155.2100067138672,156.32000732421875,91400
2014-11-28,119.24993133544922,154.0,156.0,153.5500030517578,155.27000427246094,42500
2014-12-01,119.89263916015625,154.8300018310547,155.4499969482422,151.80999755859375,154.2100067138672,54300
2014-12-02,121.35617065429688,156.72000122070312,158.25,154.92999267578125,155.5,113100
2014-12-03,122.14601135253906,157.74000549316406,159.47999572753906,156.1199951171875,156.1699981689453,87100
2014-12-04,121.84402465820312,157.35000610351562,158.6699981689453,156.19000244140625,157.0,86600
2014-12-05,122.45573425292969,158.13999938964844,159.6199951171875,157.17999267578125,157.17999267578125,179700
2014-12-08,122.64159393310547,158.3800048828125,158.91000366210938,157.41000366210938,157.7899932861328,91900
2014-12-09,122.64159393310547,158.3800048828125,159.25999450683594,156.36000061035156,157.8300018310547,123900
2014-12-10,123.0984878540039,158.97000122070312,160.9199981689453,157.8300018310547,158.33999633789062,163700
2014-12-11,123.7101821899414,159.75999450683594,160.6699981689453,158.80999755859375,159.86000061035156,96600
2014-12-12,122.95133209228516,158.77999877929688,159.4499969482422,156.7899932861328,157.94000244140625,91300
2014-12-15,122.34732818603516,158.0,159.86000061035156,155.57000732421875,158.88999938964844,103300
2014-12-16,120.76769256591797,155.9600067138672,158.32000732421875,155.0399932861328,157.8000030517578,103600
2014-12-17,123.12166595458984,159.0,160.05999755859375,155.94000244140625,156.0,104900
2014-12-18,126.18037414550781,162.9499969482422,163.32000732421875,159.52000427246094,160.0,102500
2014-12-19,130.0211639404297,167.91000366210938,169.2100067138672,162.33999633789062,162.9499969482422,191300
2014-12-22,131.40719604492188,169.6999969482422,172.13999938964844,166.1300048828125,168.5,137200
2014-12-23,130.8342742919922,168.9600067138672,170.80999755859375,164.92999267578125,170.08999633789062,63700
2014-12-24,130.55543518066406,168.60000610351562,169.4499969482422,167.60000610351562,169.4499969482422,13400
2014-12-26,130.68711853027344,168.77000427246094,169.6300048828125,167.80999755859375,168.9199981689453,33300
2014-12-29,132.41387939453125,171.0,171.5500030517578,167.39999389648438,168.7100067138672,67400
2014-12-30,132.04994201660156,170.52999877929688,173.07000732421875,169.55999755859375,171.14999389648438,34300
2014-12-31,132.0189971923828,170.49000549316406,172.94000244140625,170.27000427246094,171.6199951171875,76200
2015-01-02,128.6505889892578,166.13999938964844,171.0,164.83999633789062,170.6699981689453,77400
2015-01-05,124.6858901977539,161.02000427246094,165.9499969482422,159.99000549316406,165.50999450683594,86700
2015-01-06,118.7001724243164,153.2899932861328,161.9600067138672,152.2899932861328,161.9600067138672,108400
2015-01-07,116.9036636352539,150.97000122070312,153.82000732421875,148.80999755859375,153.82000732421875,90900
2015-01-08,115.14588928222656,148.6999969482422,153.92999267578125,145.5500030517578,151.5,130400
2015-01-09,112.59830474853516,145.41000366210938,148.47999572753906,144.5,148.47999572753906,54500
2015-01-12,111.77745056152344,144.35000610351562,144.88999938964844,141.60000610351562,144.88999938964844,22000
2015-01-13,114.44123840332031,147.7899932861328,147.82000732421875,142.72000122070312,144.67999267578125,84000
2015-01-14,112.21113586425781,144.91000366210938,147.75999450683594,143.3800048828125,145.92999267578125,109600
2015-01-15,108.98979949951172,140.75,145.75,140.08999633789062,144.49000549316406,43000
2015-01-16,110.57717895507812,142.8000030517578,143.55999755859375,139.1300048828125,140.41000366210938,53900
2015-01-20,109.94999694824219,141.99000549316406,145.52999877929688,140.3300018310547,142.8000030517578,42900
2015-01-21,107.03070068359375,138.22000122070312,142.0,136.80999755859375,141.99000549316406,64800
2015-01-22,109.23756408691406,141.07000732421875,142.39999389648438,134.8000030517578,137.94000244140625,49000
2015-01-23,108.17670440673828,139.6999969482422,141.41000366210938,138.3300018310547,141.41000366210938,32700
2015-01-26,111.74647521972656,144.30999755859375,144.4499969482422,137.82000732421875,139.8800048828125,77100
2015-01-27,110.24427032470703,142.3699951171875,144.89999389648438,141.1999969482422,142.25,44400
2015-01-28,108.12358856201172,139.19000244140625,143.3300018310547,138.64999389648438,142.13999938964844,65400
2015-01-29,110.69483947753906,142.5,144.3699951171875,136.4199981689453,136.8000030517578,89500
2015-01-30,105.358154296875,135.6300048828125,140.6199951171875,128.1699981689453,139.91000366210938,129300
2015-02-02,108.63624572753906,139.85000610351562,140.41000366210938,134.6699981689453,135.64999389648438,63700
2015-02-03,111.3550796508789,143.35000610351562,145.60000610351562,139.94000244140625,139.94000244140625,41100
2015-02-04,111.01327514648438,142.91000366210938,145.16000366210938,139.99000549316406,143.1300048828125,76300
2015-02-05,114.31475067138672,147.16000366210938,149.25,142.99000549316406,143.99000549316406,60400
2015-02-06,115.6197280883789,148.83999633789062,150.9499969482422,147.0,147.82000732421875,71600
2015-02-09,116.85486602783203,150.42999267578125,151.13999938964844,148.07000732421875,148.8699951171875,63200
2015-02-10,114.99053192138672,148.02999877929688,152.0,147.00999450683594,152.0,79800
2015-02-11,113.25051879882812,145.7899932861328,148.8800048828125,145.66000366210938,147.1199951171875,37200
2015-02-12,111.46385192871094,143.49000549316406,147.9499969482422,142.88999938964844,145.6199951171875,54300
2015-02-13,111.75125122070312,143.86000061035156,145.13999938964844,142.88999938964844,143.35000610351562,58100
2015-02-17,112.5280532836914,144.86000061035156,147.0399932861328,142.49000549316406,144.25,36400
2015-02-18,112.98637390136719,145.4499969482422,146.5,144.0399932861328,145.0500030517578,33500
2015-02-19,114.38459014892578,147.25,148.5,145.6999969482422,145.7899932861328,51600
2015-02-20,113.0407485961914,145.52000427246094,147.6199951171875,144.02000427246094,146.75,31500
2015-02-23,110.92005920410156,142.7899932861328,144.82000732421875,141.41000366210938,144.82000732421875,25000
2015-02-24,109.79371643066406,141.33999633789062,143.32000732421875,140.99000549316406,143.32000732421875,27800
2015-02-25,108.75279998779297,140.0,141.8000030517578,139.32000732421875,140.7100067138672,41100
2015-02-26,106.41461181640625,136.99000549316406,141.1999969482422,136.0,139.3300018310547,44100
2015-02-27,102.51505279541016,131.97000122070312,137.0,131.69000244140625,136.0,93200
2015-03-02,100.98474884033203,130.0,133.2899932861328,129.63999938964844,132.22000122070312,132000
2015-03-03,100.1302490234375,128.89999389648438,131.0,127.33999633789062,130.0,97900
2015-03-04,99.57870483398438,128.19000244140625,128.6199951171875,126.94000244140625,128.24000549316406,110900
2015-03-05,100.93811798095703,129.94000244140625,130.2100067138672,128.0500030517578,128.8699951171875,102200
2015-03-06,100.98474884033203,130.0,131.0,127.88999938964844,129.36000061035156,105900
2015-03-09,101.91687774658203,131.1999969482422,133.8000030517578,128.86000061035156,129.80999755859375,103100
2015-03-10,102.26646423339844,131.64999389648438,132.58999633789062,129.17999267578125,129.8300018310547,78500
2015-03-11,103.71907806396484,133.52000427246094,134.0399932861328,130.4499969482422,131.0,141100
2015-03-12,106.91950988769531,137.63999938964844,137.97999572753906,132.9499969482422,133.5,99200
2015-03-13,109.2809829711914,140.67999267578125,141.67999267578125,136.16000366210938,137.10000610351562,142100
2015-03-16,107.32347869873047,138.16000366210938,142.55999755859375,134.60000610351562,141.82000732421875,103800
2015-03-17,108.2400894165039,139.33999633789062,140.9199981689453,137.07000732421875,137.44000244140625,73400
2015-03-18,108.82271575927734,140.08999633789062,142.72000122070312,138.6199951171875,138.66000366210938,51000
2015-03-19,103.4161376953125,133.1300048828125,139.75999450683594,132.63999938964844,139.3000030517578,68700
2015-03-20,106.46900177001953,137.05999755859375,138.0500030517578,132.97000122070312,133.0,75600
2015-03-23,111.24633026123047,143.2100067138672,143.77999877929688,136.89999389648438,137.4199981689453,140800
2015-03-24,111.3550796508789,143.35000610351562,145.47999572753906,141.72999572753906,143.77000427246094,72400
2015-03-25,110.40737915039062,142.1300048828125,144.1199951171875,140.74000549316406,143.49000549316406,169600
2015-03-26,108.06919860839844,139.1199951171875,145.99000549316406,138.80999755859375,142.5,145700
2015-03-27,105.1251220703125,135.3300018310547,141.5,134.63999938964844,139.3300018310547,87600
2015-03-30,103.3151626586914,133.0,137.2899932861328,132.3800048828125,136.0,93200
2015-03-31,101.58290100097656,130.77000427246094,132.27000427246094,130.1199951171875,132.08999633789062,58000
2015-04-01,105.64557647705078,136.0,136.22000122070312,130.67999267578125,131.0800018310547,119300
2015-04-02,105.60671997070312,135.9499969482422,141.88999938964844,135.66000366210938,136.58999633789062,138900
2015-04-06,105.4823989868164,135.7899932861328,138.66000366210938,132.0,135.57000732421875,58100
2015-04-07,102.53057098388672,131.99000549316406,137.4600067138672,131.67999267578125,135.94000244140625,112500
2015-04-08,103.01219940185547,132.61000061035156,134.6999969482422,129.64999389648438,132.58999633789062,134200
2015-04-09,104.51139068603516,134.5399932861328,135.32000732421875,130.85000610351562,133.02999877929688,113400
2015-04-10,101.73824310302734,130.97000122070312,136.2100067138672,129.27000427246094,135.05999755859375,92900
2015-04-13,110.86569213867188,142.72000122070312,147.77000427246094,131.27999877929688,131.27999877929688,287600
2015-04-14,103.42387390136719,133.13999938964844,145.3000030517578,132.32000732421875,142.22999572753906,100400
2015-04-15,104.85323333740234,134.97999572753906,139.4600067138672,131.88999938964844,134.1300048828125,89900
2015-04-16,104.37159729003906,134.36000061035156,138.50999450683594,133.0500030517578,135.3800048828125,67600
2015-04-17,101.03911590576172,130.07000732421875,134.77999877929688,130.0,133.39999389648438,58400
2015-04-20,100.8681869506836,129.85000610351562,131.35000610351562,126.5,130.49000549316406,111100
2015-04-21,105.66886138916016,136.02999877929688,137.44000244140625,130.57000732421875,130.57000732421875,90200
2015-04-22,103.4083480834961,133.1199951171875,136.92999267578125,132.4199981689453,136.50999450683594,122700
2015-04-23,103.42387390136719,133.13999938964844,134.99000549316406,129.52999877929688,133.3800048828125,67700
2015-04-24,104.57357788085938,134.6199951171875,135.97999572753906,133.22000122070312,133.57000732421875,56900
2015-04-27,105.6766357421875,136.0399932861328,138.1699981689453,134.25,135.4600067138672,66200
2015-04-28,107.27436828613281,137.63999938964844,139.33999633789062,133.13999938964844,136.86000061035156,33100
2015-04-29,106.27674865722656,136.36000061035156,138.4499969482422,135.4499969482422,136.58999633789062,47200
2015-04-30,104.14126586914062,133.6199951171875,137.47999572753906,132.5,137.10000610351562,60800
2015-05-01,103.19042205810547,132.39999389648438,134.77000427246094,129.8000030517578,134.77000427246094,45400
2015-05-04,103.71258544921875,133.07000732421875,134.39999389648438,131.3300018310547,132.05999755859375,45200
2015-05-05,103.78272247314453,133.16000366210938,136.4499969482422,132.24000549316406,132.24000549316406,137200
2015-05-06,104.12570190429688,133.60000610351562,134.24000549316406,131.41000366210938,134.24000549316406,55000
2015-05-07,104.18798828125,133.67999267578125,136.36000061035156,132.6199951171875,132.80999755859375,62300
2015-05-08,104.3984146118164,133.9499969482422,135.8699951171875,131.36000061035156,134.55999755859375,68600
2015-05-11,90.61894226074219,116.2699966430664,134.0,114.08000183105469,129.36000061035156,328100
2015-05-12,89.69927215576172,115.08999633789062,119.19000244140625,113.55000305175781,115.87999725341797,143400
2015-05-13,90.45526123046875,116.05999755859375,116.80000305175781,114.30999755859375,114.70999908447266,65600
2015-05-14,90.08119201660156,115.58000183105469,118.08999633789062,113.5999984741211,116.75,119600
2015-05-15,89.79277801513672,115.20999908447266,117.31999969482422,113.47000122070312,115.7699966430664,54800
2015-05-18,91.5464096069336,117.45999908447266,117.91000366210938,114.62000274658203,115.58000183105469,120000
2015-05-19,91.42950439453125,117.30999755859375,118.20999908447266,114.7300033569336,117.95999908447266,123400
2015-05-20,91.86595916748047,117.87000274658203,119.48999786376953,116.9000015258789,117.66999816894531,75200
2015-05-21,92.55181884765625,118.75,119.41999816894531,116.6500015258789,118.0,147400
2015-05-22,94.02487182617188,120.63999938964844,121.66999816894531,118.75,119.11000061035156,189900
2015-05-26,94.7652587890625,121.58999633789062,123.37999725341797,119.54000091552734,120.75,110400
2015-05-27,96.76830291748047,124.16000366210938,125.4800033569336,120.2300033569336,122.38999938964844,190900
2015-05-28,99.17657470703125,127.25,127.5,123.88999938964844,124.23999786376953,151300
2015-05-29,96.963134765625,124.41000366210938,127.44000244140625,123.79000091552734,126.88999938964844,88900
2015-06-01,97.74250793457031,125.41000366210938,126.16999816894531,121.98999786376953,124.55999755859375,90000
2015-06-02,98.52967071533203,126.41999816894531,128.86000061035156,124.95999908447266,125.12000274658203,94400
2015-06-03,99.18436431884766,127.26000213623047,128.58999633789062,125.75,126.1500015258789,96700
2015-06-04,97.74250793457031,125.41000366210938,127.5,124.5,126.41999816894531,84100
2015-06-05,103.50991821289062,132.80999755859375,134.7899932861328,126.01000213623047,127.62000274658203,185300
2015-06-08,101.02371978759766,129.6199951171875,134.0399932861328,128.75999450683594,132.5399932861328,117100
2015-06-09,102.73053741455078,131.80999755859375,132.97999572753906,127.80000305175781,130.0800018310547,84500
2015-06-10,102.9176025390625,132.0500030517578,134.64999389648438,128.4499969482422,132.57000732421875,109500
2015-06-11,103.52552795410156,132.8300018310547,133.60000610351562,130.63999938964844,132.58999633789062,58600
2015-06-12,101.72516632080078,130.52000427246094,133.19000244140625,129.66000366210938,132.14999389648438,97000
2015-06-15,100.05728912353516,128.3800048828125,130.97999572753906,126.2300033569336,129.1699981689453,95600
2015-06-16,105.21681213378906,135.0,136.0399932861328,127.66000366210938,127.66000366210938,87100
2015-06-17,108.02257537841797,138.60000610351562,139.9499969482422,134.83999633789062,134.83999633789062,209000
2015-06-18,107.53936767578125,137.97999572753906,140.97000122070312,137.1199951171875,139.44000244140625,84800
2015-06-19,109.34757232666016,140.3000030517578,141.1199951171875,136.7899932861328,139.35000610351562,127900
2015-06-22,109.07476806640625,139.9499969482422,140.99000549316406,139.4499969482422,140.3000030517578,85200
2015-06-23,109.53459167480469,140.5399932861328,141.8300018310547,139.4199981689453,139.9499969482422,126700
2015-06-24,109.50341796875,140.5,141.97000122070312,140.0,140.3000030517578,149500
2015-06-25,106.30793762207031,136.39999389648438,140.63999938964844,135.36000061035156,140.63999938964844,97200
2015-06-26,105.72342681884766,135.64999389648438,138.02999877929688,133.77000427246094,136.11000061035156,298900
2015-06-29,100.39242553710938,128.80999755859375,134.8800048828125,128.80999755859375,134.8800048828125,88300
2015-06-30,103.07351684570312,132.25,132.89999389648438,128.16000366210938,129.80999755859375,98300
2015-07-01,103.07351684570312,132.25,134.77999877929688,128.82000732421875,134.32000732421875,113800
2015-07-02,101.5926742553711,130.35000610351562,132.3000030517578,129.60000610351562,132.0399932861328,124600
2015-07-06,100.29107666015625,128.67999267578125,130.3699951171875,126.05000305175781,129.55999755859375,179700
2015-07-07,100.08846282958984,128.4199981689453,129.11000061035156,122.4800033569336,128.19000244140625,106800
2015-07-08,96.22269439697266,123.45999908447266,126.4800033569336,120.0,124.83999633789062,146500
2015-07-09,97.01769256591797,124.4800033569336,125.91999816894531,120.01000213623047,124.77999877929688,149600
2015-07-10,94.91334533691406,121.77999877929688,125.01000213623047,119.37999725341797,122.36000061035156,119800
2015-07-13,98.3348388671875,126.16999816894531,126.4800033569336,120.87999725341797,122.58999633789062,109500
2015-07-14,99.88582611083984,128.16000366210938,129.38999938964844,125.88999938964844,125.88999938964844,122500
2015-07-15,100.25993347167969,128.63999938964844,128.8699951171875,127.01000213623047,128.25999450683594,138000
2015-07-16,101.57707214355469,130.3300018310547,133.8000030517578,128.6300048828125,129.02999877929688,124100
2015-07-17,100.66522216796875,129.16000366210938,133.10000610351562,128.33999633789062,130.0,114100
2015-07-20,96.52665710449219,123.8499984741211,130.1300048828125,123.41999816894531,129.63999938964844,110400
2015-07-21,96.65135192871094,124.01000213623047,125.5999984741211,121.55999755859375,123.61000061035156,117700
2015-07-22,95.76287841796875,122.87000274658203,125.73999786376953,121.08000183105469,123.61000061035156,88600
2015-07-23,94.28207397460938,120.97000122070312,122.23999786376953,119.22000122070312,121.87000274658203,124900
2015-07-24,93.44032287597656,119.88999938964844,122.22000122070312,119.5,120.88999938964844,130800
2015-07-27,92.26344299316406,118.37999725341797,119.55999755859375,113.94999694824219,119.55999755859375,105200
2015-07-28,92.24784851074219,118.36000061035156,121.06999969482422,117.20999908447266,119.37999725341797,122300
2015-07-29,94.31328582763672,120.55000305175781,120.77999877929688,116.56999969482422,117.45999908447266,98100
2015-07-30,92.26349639892578,117.93000030517578,121.16999816894531,117.77999877929688,119.6500015258789,94100
2015-07-31,94.55582427978516,120.86000061035156,125.81999969482422,115.58999633789062,119.52999877929688,122100
2015-08-03,97.8182373046875,125.02999877929688,126.73999786376953,117.7699966430664,120.2699966430664,184800
2015-08-04,97.52877807617188,124.66000366210938,126.62999725341797,121.4800033569336,123.70999908447266,167900
2015-08-05,96.06576538085938,122.79000091552734,125.9800033569336,119.27999877929688,125.20999908447266,118200
2015-08-06,95.49461364746094,122.05999755859375,123.45999908447266,120.54000091552734,123.45999908447266,61600
2015-08-07,94.50887298583984,120.80000305175781,123.0,119.58999633789062,121.80000305175781,85400
2015-08-10,98.0842514038086,125.37000274658203,127.55999755859375,121.77999877929688,121.77999877929688,100000
2015-08-11,95.42420959472656,121.97000122070312,125.88999938964844,120.2300033569336,124.91999816894531,106200
2015-08-12,95.07217407226562,121.5199966430664,122.02999877929688,117.76000213623047,121.55000305175781,88400
2015-08-13,96.4725570678711,123.30999755859375,125.30000305175781,121.30000305175781,121.30000305175781,90100
2015-08-14,98.89007568359375,126.4000015258789,128.33999633789062,122.0999984741211,123.36000061035156,88700
2015-08-17,96.62125396728516,123.5,126.41000366210938,123.0199966430664,126.23999786376953,75500
2015-08-18,96.75421905517578,123.66999816894531,125.9000015258789,123.18000030517578,123.38999938964844,75000
2015-08-19,94.14899444580078,120.33999633789062,123.9800033569336,120.33999633789062,123.0,68500
2015-08-20,89.50959777832031,114.41000366210938,119.70999908447266,114.08999633789062,119.3499984741211,92100
2015-08-21,89.51741027832031,114.41999816894531,116.86000061035156,112.5999984741211,112.69000244140625,97500
2015-08-24,84.7450180053711,108.31999969482422,115.22000122070312,107.26000213623047,108.26000213623047,86700
2015-08-25,82.39014434814453,105.30999755859375,111.58000183105469,105.19999694824219,111.58000183105469,140900
2015-08-26,85.51957702636719,109.30999755859375,109.77999877929688,103.23999786376953,107.44999694824219,137200
2015-08-27,89.50177764892578,114.4000015258789,116.2300033569336,110.30000305175781,110.6500015258789,83700
2015-08-28,88.75853729248047,113.44999694824219,114.4800033569336,111.87000274658203,113.62999725341797,100000
2015-08-31,90.01815032958984,115.05999755859375,116.37999725341797,112.11000061035156,112.5999984741211,71500
2015-09-01,80.29344177246094,102.62999725341797,111.33000183105469,100.69999694824219,111.2300033569336,382500
2015-09-02,81.06015014648438,103.61000061035156,104.02999877929688,100.2699966430664,102.54000091552734,184800
2015-09-03,81.70948791503906,104.44000244140625,105.41999816894531,102.83000183105469,103.61000061035156,110600
2015-09-04,78.83822631835938,100.7699966430664,104.41999816894531,100.37999725341797,103.25,80400
2015-09-08,80.4029541015625,102.7699966430664,103.5,100.19999694824219,101.45999908447266,233500
2015-09-09,78.8695297241211,100.80999755859375,104.43000030517578,100.70999908447266,103.4000015258789,140600
2015-09-10,79.01818084716797,101.0,102.58000183105469,100.0,100.2300033569336,174800
2015-09-11,80.19168853759766,102.5,102.94000244140625,100.0,101.01000213623047,195300
2015-09-14,80.91148376464844,103.41999816894531,104.68000030517578,101.12000274658203,103.02999877929688,134600
2015-09-15,79.67537689208984,101.83999633789062,104.04000091552734,100.01000213623047,103.16000366210938,180600
2015-09-16,80.44207000732422,102.81999969482422,103.97000122070312,101.43000030517578,101.86000061035156,114800
2015-09-17,80.45771026611328,102.83999633789062,105.66000366210938,102.16999816894531,102.38999938964844,98000
2015-09-18,77.40652465820312,98.94000244140625,101.63999938964844,97.86000061035156,101.30000305175781,176700
2015-09-21,79.79271697998047,101.98999786376953,102.55000305175781,99.12000274658203,99.12000274658203,57400
2015-09-22,78.30622100830078,100.08999633789062,100.9000015258789,98.75,100.56999969482422,100600
2015-09-23,79.7379379272461,101.91999816894531,102.77999877929688,99.81999969482422,99.91000366210938,101300
2015-09-24,79.07294464111328,101.06999969482422,102.56999969482422,99.94000244140625,101.06999969482422,65900
2015-09-25,80.34818267822266,102.69999694824219,103.83999633789062,100.66999816894531,102.11000061035156,78400
2015-09-28,77.78986358642578,99.43000030517578,103.16999816894531,98.58999633789062,102.13999938964844,74100
2015-09-29,76.80413818359375,98.16999816894531,100.37999725341797,97.37000274658203,99.69000244140625,166200
2015-09-30,78.62699127197266,100.5,100.8499984741211,98.5,99.43000030517578,90000
2015-10-01,78.9477767944336,100.91000366210938,101.37999725341797,97.7300033569336,100.98999786376953,97100
2015-10-02,77.90721130371094,99.58000183105469,101.23999786376953,94.5199966430664,99.37000274658203,67000
2015-10-05,80.85672760009766,103.3499984741211,105.22000122070312,99.98999786376953,99.98999786376953,75700
2015-10-06,81.51392364501953,104.19000244140625,105.7699966430664,102.7699966430664,103.19999694824219,107000
2015-10-07,81.3652572631836,104.0,105.47000122070312,102.01000213623047,104.41000366210938,165800
2015-10-08,81.73295593261719,104.47000122070312,105.06999969482422,102.76000213623047,102.88999938964844,97600
2015-10-09,80.37164306640625,102.7300033569336,104.1500015258789,101.94999694824219,104.0,104600
2015-10-12,80.2151870727539,102.52999877929688,103.43000030517578,101.11000061035156,103.0199966430664,95100
2015-10-13,79.21376037597656,101.25,104.51000213623047,100.73999786376953,102.0199966430664,74600
2015-10-14,77.5708236694336,99.1500015258789,101.12999725341797,97.66000366210938,100.91999816894531,95300
2015-10-15,82.42926788330078,105.36000061035156,106.88999938964844,99.79000091552734,99.79000091552734,91000
2015-10-16,83.30552673339844,106.4800033569336,107.5,103.30999755859375,105.55999755859375,46700
2015-10-19,82.02243041992188,104.83999633789062,109.0,104.63999938964844,105.62999725341797,41700
2015-10-20,83.73577117919922,107.02999877929688,107.95999908447266,103.5199966430664,105.4000015258789,85300
2015-10-21,81.89727783203125,104.68000030517578,109.81999969482422,104.61000061035156,106.91000366210938,52200
2015-10-22,84.1739273071289,107.58999633789062,109.55000305175781,104.5999984741211,104.9800033569336,50800
2015-10-23,87.045166015625,111.26000213623047,112.5199966430664,107.08999633789062,108.44999694824219,59600
2015-10-26,83.74364471435547,107.04000091552734,112.19999694824219,105.23999786376953,110.7699966430664,58700
2015-10-27,82.6561508178711,105.6500015258789,108.6500015258789,105.19999694824219,106.23999786376953,81400
2015-10-28,86.15251159667969,109.6500015258789,109.83999633789062,104.41000366210938,104.41000366210938,76200
2015-10-29,80.20474243164062,102.08000183105469,112.23999786376953,101.16999816894531,108.94999694824219,123800
2015-10-30,91.95891571044922,117.04000091552734,119.08999633789062,102.83999633789062,102.83999633789062,271100
2015-11-02,96.64167022705078,123.0,124.26000213623047,117.33000183105469,117.33000183105469,202700
2015-11-03,101.11236572265625,128.69000244140625,130.22999572753906,121.31999969482422,123.38999938964844,188100
2015-11-04,99.55667114257812,126.70999908447266,129.1199951171875,123.63999938964844,129.11000061035156,70200
2015-11-05,99.82377624511719,127.05000305175781,128.5399932861328,126.30999755859375,126.94000244140625,92400
2015-11-06,102.07091522216797,129.91000366210938,130.6300048828125,123.80999755859375,128.19000244140625,169200
2015-11-09,98.01667785644531,124.75,129.5500030517578,124.41999816894531,129.5500030517578,73500
2015-11-10,96.95594024658203,123.4000015258789,125.97000122070312,122.2699966430664,124.79000091552734,83000
2015-11-11,97.13667297363281,123.62999725341797,125.3499984741211,121.81999969482422,123.01000213623047,66300
2015-11-12,97.73380279541016,124.38999938964844,127.19999694824219,122.5999984741211,123.11000061035156,102500
2015-11-13,98.85738372802734,125.81999969482422,129.1300048828125,122.83999633789062,123.80000305175781,95100
2015-11-16,101.62303924560547,129.33999633789062,131.14999389648438,124.55999755859375,125.8499984741211,144100
2015-11-17,102.91162109375,130.97999572753906,133.5399932861328,128.1999969482422,129.52000427246094,113500
2015-11-18,105.49661254882812,134.27000427246094,136.1199951171875,130.24000549316406,132.60000610351562,170600
2015-11-19,105.61442565917969,134.4199981689453,134.85000610351562,130.6300048828125,134.07000732421875,204700
2015-11-20,106.02301025390625,134.94000244140625,136.49000549316406,134.02999877929688,135.1999969482422,138400
2015-11-23,106.9972915649414,136.17999267578125,137.91000366210938,134.60000610351562,134.60000610351562,81900
2015-11-24,106.30587768554688,135.3000030517578,135.8000030517578,134.72000122070312,135.6999969482422,54700
2015-11-25,105.98374938964844,134.88999938964844,137.3000030517578,134.6199951171875,134.7899932861328,124200
2015-11-27,107.63369750976562,136.99000549316406,139.02999877929688,135.05999755859375,135.05999755859375,44200
2015-11-30,107.04440307617188,136.24000549316406,139.8699951171875,135.9199981689453,137.83999633789062,65900
2015-12-01,109.15007781982422,138.9199981689453,141.02999877929688,137.22000122070312,137.22000122070312,105000
2015-12-02,108.72581481933594,138.3800048828125,141.97000122070312,137.13999938964844,138.9199981689453,163600
2015-12-03,103.94873809814453,132.3000030517578,139.50999450683594,131.4199981689453,138.57000732421875,69100
2015-12-04,104.90728759765625,133.52000427246094,135.1300048828125,131.67999267578125,133.17999267578125,104400
2015-12-07,104.34158325195312,132.8000030517578,133.25,130.11000061035156,132.83999633789062,86900
2015-12-08,102.69161224365234,130.6999969482422,134.1699981689453,129.25,131.13999938964844,135500
2015-12-09,101.56019592285156,129.25999450683594,132.7899932861328,126.19000244140625,129.66000366210938,70100
2015-12-10,101.7959213256836,129.55999755859375,130.94000244140625,128.75,129.5500030517578,61400
2015-12-11,97.47455596923828,124.05999755859375,129.08999633789062,123.19999694824219,126.8499984741211,106100
2015-12-14,95.35313415527344,121.36000061035156,125.02999877929688,120.94999694824219,123.83999633789062,132000
2015-12-15,95.75383758544922,121.87000274658203,124.33999633789062,119.97000122070312,122.7699966430664,162200
2015-12-16,97.96165466308594,124.68000030517578,125.54000091552734,120.18000030517578,122.87000274658203,149000
2015-12-17,96.41386413574219,122.70999908447266,128.0399932861328,122.4800033569336,124.87000274658203,78300
2015-12-18,93.02745056152344,118.4000015258789,121.9000015258789,117.79000091552734,121.7699966430664,209200
2015-12-21,93.2631607055664,118.69999694824219,120.91000366210938,117.41000366210938,119.55000305175781,168200
2015-12-22,93.6167221069336,119.1500015258789,121.06999969482422,116.26000213623047,119.16999816894531,182000
2015-12-23,95.74600219726562,121.86000061035156,123.70999908447266,118.97000122070312,120.3499984741211,108200
2015-12-24,95.33741760253906,121.33999633789062,122.33000183105469,119.44000244140625,121.80999755859375,42700
2015-12-28,95.21955108642578,121.19000244140625,123.83999633789062,118.0,120.29000091552734,116900
2015-12-29,95.00739288330078,120.91999816894531,123.16999816894531,119.58000183105469,122.36000061035156,106600
2015-12-30,93.06674194335938,118.44999694824219,121.31999969482422,117.79000091552734,120.30000305175781,95000
2015-12-31,92.28888702392578,117.45999908447266,119.47000122070312,116.87000274658203,117.33999633789062,52300
2016-01-04,91.95891571044922,117.04000091552734,117.62999725341797,113.2300033569336,114.72000122070312,119500
2016-01-05,91.1417465209961,116.0,120.08999633789062,115.4800033569336,117.23999786376953,99600
2016-01-06,88.63536071777344,112.80999755859375,115.38999938964844,111.9000015258789,113.80999755859375,124700
2016-01-07,83.80328369140625,106.66000366210938,110.94999694824219,105.83999633789062,110.20999908447266,167800
2016-01-08,82.546142578125,105.05999755859375,108.0999984741211,104.30000305175781,107.43000030517578,156700
2016-01-11,80.45616912841797,102.4000015258789,105.19999694824219,98.7300033569336,104.62999725341797,156400
2016-01-12,77.57261657714844,98.7300033569336,104.22000122070312,96.83999633789062,103.3499984741211,236700
2016-01-13,73.56555938720703,93.62999725341797,99.91000366210938,91.44999694824219,99.91000366210938,202800
2016-01-14,73.91910552978516,94.08000183105469,95.02999877929688,90.91000366210938,93.75,112100
2016-01-15,73.47126007080078,93.51000213623047,93.94000244140625,89.41999816894531,91.29000091552734,112600
2016-01-19,71.34200286865234,90.80000305175781,96.5,90.08000183105469,94.94999694824219,109000
2016-01-20,71.4991226196289,91.0,91.80000305175781,86.06999969482422,88.51000213623047,174200
2016-01-21,72.15912628173828,91.83999633789062,94.48999786376953,90.37999725341797,91.26000213623047,72400
2016-01-22,74.24125671386719,94.48999786376953,95.75,92.22000122070312,93.41999816894531,68600
2016-01-25,72.08840942382812,91.75,95.58999633789062,90.37999725341797,93.6500015258789,102300
2016-01-26,75.136962890625,95.62999725341797,96.87000274658203,92.19999694824219,92.44000244140625,133600
2016-01-27,73.10025024414062,92.5999984741211,94.9000015258789,91.33999633789062,94.58999633789062,62700
2016-01-28,72.1766128540039,91.43000030517578,94.4800033569336,90.2699966430664,93.55000305175781,79600
2016-01-29,69.46891021728516,88.0,94.43000030517578,86.0,90.13999938964844,216700
2016-02-01,69.54784393310547,88.0999984741211,89.4000015258789,85.75,87.58000183105469,155400
2016-02-02,69.05841064453125,87.4800033569336,88.22000122070312,84.91999816894531,87.0999984741211,158800
2016-02-03,68.2610855102539,86.47000122070312,89.79000091552734,84.5199966430664,88.5,117800
2016-02-04,68.52161407470703,86.80000305175781,89.5,84.86000061035156,86.51000213623047,142000
2016-02-05,67.63746643066406,85.68000030517578,88.19999694824219,84.87999725341797,86.79000091552734,134700
2016-02-08,68.56897735595703,86.86000061035156,87.45999908447266,83.47000122070312,84.70999908447266,158500
2016-02-09,68.29269409179688,86.51000213623047,88.05999755859375,84.25,85.5999984741211,102500
2016-02-10,68.22162628173828,86.41999816894531,90.33999633789062,85.87999725341797,87.22000122070312,63800
2016-02-11,68.21372985839844,86.41000366210938,88.62000274658203,84.55000305175781,84.68000030517578,107300
2016-02-12,70.34516143798828,89.11000061035156,89.86000061035156,87.13999938964844,87.73999786376953,84900
2016-02-16,73.51862335205078,93.12999725341797,93.7699966430664,88.98999786376953,90.55000305175781,86100
2016-02-17,74.57646942138672,94.47000122070312,95.80999755859375,93.2300033569336,93.72000122070312,77000
2016-02-18,73.29759979248047,92.8499984741211,95.62999725341797,92.12999725341797,94.91999816894531,65900
2016-02-19,71.79769134521484,90.94999694824219,92.04000091552734,89.94999694824219,92.04000091552734,68800
2016-02-22,74.63961029052734,94.55000305175781,95.66999816894531,85.88999938964844,91.94999694824219,73400
2016-02-23,71.59245300292969,90.69000244140625,95.05000305175781,90.6500015258789,94.45999908447266,114100
2016-02-24,71.59245300292969,90.69000244140625,91.4000015258789,86.3499984741211,89.61000061035156,50600
2016-02-25,72.10556030273438,91.33999633789062,94.58000183105469,89.51000213623047,90.79000091552734,55400
2016-02-26,73.82650756835938,93.5199966430664,96.4000015258789,92.01000213623047,92.01000213623047,78200
2016-02-29,72.47659301757812,91.80999755859375,95.04000091552734,90.95999908447266,93.55000305175781,105000
2016-03-01,75.421142578125,95.54000091552734,96.1500015258789,92.08999633789062,92.23999786376953,158200
2016-03-02,75.7763671875,95.98999786376953,96.87999725341797,93.70999908447266,95.36000061035156,132100
2016-03-03,78.56301879882812,99.5199966430664,101.01000213623047,95.37999725341797,95.98999786376953,105600
2016-03-04,77.56047058105469,98.25,100.30999755859375,97.47000122070312,100.0199966430664,123000
2016-03-07,76.57369995117188,97.0,98.0999984741211,96.41999816894531,98.06999969482422,99800
2016-03-08,66.64281463623047,84.41999816894531,96.95999908447266,83.51000213623047,96.63999938964844,706500
2016-03-09,61.708919525146484,78.16999816894531,87.55000305175781,77.0,84.56999969482422,314000
2016-03-10,60.64320755004883,76.81999969482422,77.77999877929688,73.33000183105469,75.88999938964844,291500
2016-03-11,59.90904998779297,75.88999938964844,77.70999908447266,75.61000061035156,77.70999908447266,346000
2016-03-14,61.57471466064453,78.0,78.22000122070312,74.62000274658203,75.62999725341797,216100
2016-03-15,60.46953201293945,76.5999984741211,77.37000274658203,75.44999694824219,77.37000274658203,116500
2016-03-16,60.68268585205078,76.87000274658203,77.72000122070312,75.8499984741211,75.94000244140625,102600
2016-03-17,61.606285095214844,78.04000091552734,78.30999755859375,76.5,76.58000183105469,188300
2016-03-18,63.04302978515625,79.86000061035156,80.12000274658203,78.2300033569336,78.4800033569336,266500
2016-03-21,63.82457733154297,80.8499984741211,81.12999725341797,78.69999694824219,79.63999938964844,77900
2016-03-22,63.44563293457031,80.37000274658203,81.47000122070312,78.0,80.12000274658203,103700
2016-03-23,61.385257720947266,77.76000213623047,80.37000274658203,77.62000274658203,80.31999969482422,124800
2016-03-24,60.816871643066406,77.04000091552734,77.30000305175781,76.18000030517578,77.20999908447266,76100
2016-03-28,60.61162185668945,76.77999877929688,77.26000213623047,74.41999816894531,77.26000213623047,103800
2016-03-29,61.101070404052734,77.4000015258789,77.54000091552734,74.7300033569336,76.44999694824219,76600
2016-03-30,62.57728958129883,79.2699966430664,79.51000213623047,77.5,77.5,112300
2016-03-31,61.66156005859375,78.11000061035156,80.47000122070312,77.73999786376953,79.45999908447266,178800
2016-04-01,60.03535842895508,76.05000305175781,77.52999877929688,75.43000030517578,77.52999877929688,145400
2016-04-04,57.651302337646484,73.02999877929688,76.83999633789062,72.94999694824219,76.06999969482422,91900
2016-04-05,54.82518768310547,69.44999694824219,73.04000091552734,69.33000183105469,72.37999725341797,149200
2016-04-06,54.896236419677734,69.54000091552734,71.12000274658203,68.27999877929688,69.52999877929688,146400
2016-04-07,52.74111557006836,66.80999755859375,69.05999755859375,66.12000274658203,69.05999755859375,160200
2016-04-08,52.87532043457031,66.9800033569336,68.5199966430664,66.37000274658203,67.5,166600
2016-04-11,53.230560302734375,67.43000030517578,69.22000122070312,66.69000244140625,67.72000122070312,133800
2016-04-12,53.76735305786133,68.11000061035156,69.29000091552734,67.19000244140625,67.54000091552734,84100
2016-04-13,58.39337158203125,73.97000122070312,74.36000061035156,68.6500015258789,68.6500015258789,153900
2016-04-14,57.98284912109375,73.44999694824219,75.48999786376953,71.51000213623047,73.68000030517578,129800
2016-04-15,56.94871139526367,72.13999938964844,73.5199966430664,71.8499984741211,73.4800033569336,44700
2016-04-18,56.82242202758789,71.9800033569336,73.06999969482422,71.5,71.8499984741211,77900
2016-04-19,57.106590270996094,72.33999633789062,73.86000061035156,71.01000213623047,72.29000091552734,101100
2016-04-20,58.377567291259766,73.94999694824219,74.75,72.62000274658203,72.62000274658203,75900
2016-04-21,57.611846923828125,72.9800033569336,73.79000091552734,72.36000061035156,73.79000091552734,61100
2016-04-22,57.659202575683594,73.04000091552734,73.75,72.16999816894531,73.19999694824219,88300
2016-04-25,56.74347686767578,71.87999725341797,72.62000274658203,70.33999633789062,72.13999938964844,59300
2016-04-26,55.65406036376953,70.5,72.63999938964844,70.19999694824219,72.33999633789062,281400
2016-04-27,56.186378479003906,70.72000122070312,71.44000244140625,69.54000091552734,69.9800033569336,127800
2016-04-28,54.16043472290039,68.16999816894531,70.52999877929688,67.76000213623047,70.0,171600
2016-04-29,62.14504623413086,78.22000122070312,79.37999725341797,70.11000061035156,70.12000274658203,425100
2016-05-02,62.53437042236328,78.70999908447266,79.37000274658203,76.25,78.05999755859375,155600
2016-05-03,59.745697021484375,75.19999694824219,78.08000183105469,73.22000122070312,78.08000183105469,169600
2016-05-04,56.35321044921875,70.93000030517578,75.76000213623047,70.66999816894531,74.47000122070312,145000
2016-05-05,56.28966522216797,70.8499984741211,71.20999908447266,69.05999755859375,71.08999633789062,127800
2016-05-06,58.887630462646484,74.12000274658203,74.2300033569336,70.0999984741211,70.25,113800
2016-05-09,62.35164260864258,78.4800033569336,78.58999633789062,75.30000305175781,75.30000305175781,199900
2016-05-10,64.75099182128906,81.5,81.55000305175781,78.44999694824219,79.2300033569336,186400
2016-05-11,63.7975959777832,80.30000305175781,83.56999969482422,79.26000213623047,81.1500015258789,269100
2016-05-12,63.88496780395508,80.41000366210938,81.97000122070312,79.63999938964844,80.38999938964844,148900
2016-05-13,62.5899772644043,78.77999877929688,81.3499984741211,78.12999725341797,80.33999633789062,194100
2016-05-16,62.955448150634766,79.23999786376953,80.51000213623047,78.5,79.12999725341797,169600
2016-05-17,62.08945083618164,78.1500015258789,80.16000366210938,77.4800033569336,78.63999938964844,166600
2016-05-18,63.21764373779297,79.56999969482422,80.5,77.66000366210938,77.86000061035156,145000
2016-05-19,62.06560516357422,78.12000274658203,80.12999725341797,77.5999984741211,79.19999694824219,120000
2016-05-20,62.939571380615234,79.22000122070312,80.26000213623047,78.38999938964844,78.38999938964844,63400
2016-05-23,62.7488899230957,78.9800033569336,80.45999908447266,78.02999877929688,79.4000015258789,91100
2016-05-24,63.17790222167969,79.5199966430664,80.26000213623047,78.3499984741211,79.06999969482422,77600
2016-05-25,64.20278930664062,80.80999755859375,81.0,79.48999786376953,79.98999786376953,76300
2016-05-26,64.31401824951172,80.94999694824219,81.83000183105469,79.47000122070312,80.9800033569336,74200
2016-05-27,63.97237777709961,80.5199966430664,81.0,79.80000305175781,80.9000015258789,50800
2016-05-31,64.67948150634766,81.41000366210938,82.55999755859375,80.06999969482422,81.23999786376953,95900
2016-06-01,64.56031799316406,81.26000213623047,81.94000244140625,80.26000213623047,81.30999755859375,93700
2016-06-02,64.73509216308594,81.4800033569336,81.70999908447266,80.51000213623047,81.16000366210938,72600
2016-06-03,63.495697021484375,79.91999816894531,81.52999877929688,79.72000122070312,81.16000366210938,129700
2016-06-06,64.67153930664062,81.4000015258789,82.4800033569336,80.01000213623047,80.01000213623047,134100
2016-06-07,64.57620239257812,81.27999877929688,81.83999633789062,80.81999969482422,81.79000091552734,114100
2016-06-08,64.79073333740234,81.55000305175781,81.8499984741211,81.05000305175781,81.27999877929688,92200
2016-06-09,63.9803466796875,80.52999877929688,82.4800033569336,79.97000122070312,80.86000061035156,205200
2016-06-10,61.73192596435547,77.69999694824219,80.52999877929688,77.41000366210938,79.62000274658203,93300
2016-06-13,60.00788497924805,75.52999877929688,77.8499984741211,75.0,77.06999969482422,143200
2016-06-14,60.754695892333984,76.47000122070312,77.77999877929688,75.0,75.22000122070312,139600
2016-06-15,60.76266098022461,76.4800033569336,78.08999633789062,75.23999786376953,76.94000244140625,80800
2016-06-16,59.92050552368164,75.41999816894531,75.9000015258789,73.80000305175781,75.87000274658203,75900
2016-06-17,59.99993133544922,75.5199966430664,77.18000030517578,75.06999969482422,75.66000366210938,93300
2016-06-20,61.88287353515625,77.88999938964844,78.06999969482422,76.25,76.58999633789062,132200
2016-06-21,62.34368133544922,78.47000122070312,78.61000061035156,76.87999725341797,78.20999908447266,72000
2016-06-22,62.2086067199707,78.30000305175781,80.0,77.86000061035156,78.45999908447266,113100
2016-06-23,64.44114685058594,81.11000061035156,81.29000091552734,79.0,79.55000305175781,70200
2016-06-24,62.08150100708008,78.13999938964844,78.98999786376953,76.55999755859375,76.55999755859375,291800
2016-06-27,58.38713836669922,73.48999786376953,77.16000366210938,73.4000015258789,77.16000366210938,271100
2016-06-28,55.812965393066406,70.25,75.0,69.73999786376953,74.38999938964844,250100
2016-06-29,56.361183166503906,70.94000244140625,71.48999786376953,69.80999755859375,70.80999755859375,106200
2016-06-30,56.551849365234375,71.18000030517578,71.4000015258789,69.58999633789062,71.08999633789062,77500
2016-07-01,56.70281219482422,71.37000274658203,72.08000183105469,70.3499984741211,71.27999877929688,72300
2016-07-05,56.575679779052734,71.20999908447266,71.88999938964844,69.77999877929688,71.16999816894531,133200
2016-07-06,56.996761322021484,71.73999786376953,72.52999877929688,70.01000213623047,70.97000122070312,68500
2016-07-07,59.4835205078125,74.87000274658203,75.29000091552734,71.93000030517578,71.93000030517578,201000
2016-07-08,61.29494857788086,77.1500015258789,77.81999969482422,75.72000122070312,75.72000122070312,67300
2016-07-11,61.14400100708008,76.95999908447266,78.33999633789062,75.68000030517578,77.58000183105469,54600
2016-07-12,62.28011703491211,78.38999938964844,78.80000305175781,77.37999725341797,77.37999725341797,59200
2016-07-13,62.66942596435547,78.87999725341797,78.91000366210938,76.81999969482422,78.19000244140625,60800
2016-07-14,63.034912109375,79.33999633789062,82.0,78.86000061035156,80.22000122070312,93600
2016-07-15,65.04496002197266,81.87000274658203,83.23999786376953,78.91000366210938,81.75,134600
2016-07-18,64.34579467773438,80.98999786376953,82.33999633789062,80.44000244140625,82.0999984741211,56000
2016-07-19,63.65460968017578,80.12000274658203,81.45999908447266,80.08999633789062,80.5,63200
2016-07-20,64.63977813720703,81.36000061035156,82.8499984741211,80.12000274658203,80.48999786376953,48400
2016-07-21,64.00416564941406,80.55999755859375,82.7699966430664,80.19999694824219,80.95999908447266,41400
2016-07-22,65.1879653930664,82.05000305175781,82.05000305175781,79.83999633789062,80.87999725341797,44700
2016-07-25,64.75891876220703,81.51000213623047,81.73999786376953,80.55999755859375,81.58000183105469,36100
2016-07-26,65.59315490722656,82.55999755859375,82.95999908447266,81.38999938964844,82.01000213623047,45200
2016-07-27,67.0949935913086,83.98999786376953,84.91999816894531,81.68000030517578,82.19999694824219,131100
2016-07-28,66.38401794433594,83.0999984741211,84.33999633789062,82.02999877929688,84.33999633789062,72500
2016-07-29,67.33465576171875,84.29000091552734,85.75,81.7699966430664,81.7699966430664,114900
2016-08-01,68.56485748291016,85.83000183105469,89.20999908447266,84.0,84.93000030517578,327600
2016-08-02,69.82704162597656,87.41000366210938,87.5999984741211,84.20999908447266,85.91999816894531,95200
2016-08-03,71.22502899169922,89.16000366210938,89.83000183105469,87.37999725341797,87.69999694824219,45300
2016-08-04,71.48062896728516,89.4800033569336,89.72000122070312,88.55999755859375,88.8499984741211,33000
2016-08-05,73.74935150146484,92.31999969482422,95.75,89.70999908447266,89.75,189500
2016-08-08,73.09431457519531,91.5,93.73999786376953,90.26000213623047,92.94999694824219,113300
2016-08-09,72.88658905029297,91.23999786376953,92.43000030517578,90.45999908447266,91.86000061035156,99000
2016-08-10,72.44725036621094,90.69000244140625,92.22000122070312,90.0999984741211,91.23999786376953,103300
2016-08-11,72.00787353515625,90.13999938964844,91.77999877929688,89.95999908447266,91.25,86600
2016-08-12,71.2170181274414,89.1500015258789,89.88999938964844,88.02999877929688,89.77999877929688,102000
2016-08-15,71.62442016601562,89.66000366210938,90.7699966430664,89.43000030517578,89.44000244140625,56600
2016-08-16,71.06523895263672,88.95999908447266,92.05000305175781,88.44999694824219,89.5,52400
2016-08-17,70.442138671875,88.18000030517578,88.95999908447266,87.69999694824219,88.95999908447266,78100
2016-08-18,71.25696563720703,89.19999694824219,89.33000183105469,87.5999984741211,88.37999725341797,66800
2016-08-19,71.67237091064453,89.72000122070312,89.86000061035156,87.94000244140625,89.13999938964844,96900
2016-08-22,70.9054946899414,88.76000213623047,89.76000213623047,87.87999725341797,89.56999969482422,191500
2016-08-23,71.42474365234375,89.41000366210938,90.0,88.62999725341797,89.31999969482422,96800
2016-08-24,71.19305419921875,89.12000274658203,89.97000122070312,88.4800033569336,89.5,82700
2016-08-25,70.74571228027344,88.55999755859375,89.5,88.41999816894531,88.72000122070312,71200
2016-08-26,70.83356475830078,88.66999816894531,89.94999694824219,88.05000305175781,88.8499984741211,104600
2016-08-29,71.27294158935547,89.22000122070312,92.02999877929688,88.05999755859375,89.1500015258789,146400
2016-08-30,72.78276824951172,91.11000061035156,91.3499984741211,88.94999694824219,88.94999694824219,98000
2016-08-31,72.85466766357422,91.19999694824219,92.87000274658203,90.4000015258789,90.87000274658203,142000
2016-09-01,70.78565216064453,88.61000061035156,92.33999633789062,87.94000244140625,92.33999633789062,102900
2016-09-02,72.66293334960938,90.95999908447266,91.06999969482422,88.80999755859375,88.80999755859375,63300
2016-09-06,70.95340728759766,88.81999969482422,90.87000274658203,87.02999877929688,90.87000274658203,127400
2016-09-07,70.80962371826172,88.63999938964844,89.7699966430664,87.86000061035156,88.33999633789062,63700
2016-09-08,73.27005767822266,91.72000122070312,93.6500015258789,87.79000091552734,88.80999755859375,216100
2016-09-09,71.08122253417969,88.9800033569336,91.4000015258789,88.91999816894531,90.83000183105469,69000
2016-09-12,73.5416488647461,92.05999755859375,92.31999969482422,88.05999755859375,88.33000183105469,90300
2016-09-13,72.71085357666016,91.0199966430664,92.68000030517578,90.19999694824219,91.0199966430664,97100
2016-09-14,71.528564453125,89.54000091552734,91.37999725341797,87.9800033569336,90.81999969482422,160300
2016-09-15,73.99699401855469,92.62999725341797,92.83000183105469,88.55000305175781,89.16000366210938,104900
2016-09-16,73.94107055664062,92.55999755859375,93.45999908447266,90.38999938964844,92.54000091552734,184000
2016-09-19,76.57728576660156,95.86000061035156,97.55999755859375,92.26000213623047,93.58999633789062,140600
2016-09-20,76.33759307861328,95.55999755859375,97.69999694824219,95.48999786376953,96.86000061035156,72900
2016-09-21,78.55839538574219,98.33999633789062,98.77999877929688,96.04000091552734,96.04000091552734,79700
2016-09-22,81.18659973144531,101.62999725341797,101.77999877929688,98.58000183105469,98.87999725341797,90800
2016-09-23,78.19891357421875,97.88999938964844,101.63999938964844,97.75,100.83999633789062,70200
2016-09-26,77.32020568847656,96.79000091552734,104.7300033569336,96.04000091552734,97.23999786376953,73800
2016-09-27,77.40009307861328,96.88999938964844,97.30000305175781,94.26000213623047,96.55000305175781,133200
2016-09-28,77.46399688720703,96.97000122070312,99.01000213623047,94.16000366210938,97.69000244140625,124400
2016-09-29,76.06599426269531,95.22000122070312,97.58000183105469,94.62000274658203,96.52999877929688,45900
2016-09-30,78.17497253417969,97.86000061035156,100.31999969482422,95.5999984741211,95.93000030517578,53800
2016-10-03,78.70218658447266,98.5199966430664,99.93000030517578,95.62000274658203,97.30000305175781,85500
2016-10-04,79.02174377441406,98.91999816894531,99.16000366210938,93.51000213623047,98.66999816894531,95700
2016-10-05,80.35581970214844,100.58999633789062,101.0999984741211,98.5999984741211,99.11000061035156,86000
2016-10-06,80.35581970214844,100.58999633789062,100.94999694824219,98.0199966430664,100.94999694824219,76700
2016-10-07,78.8539810180664,98.70999908447266,101.55000305175781,97.93000030517578,101.2699966430664,83100
2016-10-10,79.53298950195312,99.55999755859375,100.0999984741211,99.3499984741211,99.47000122070312,73200
2016-10-11,78.17497253417969,97.86000061035156,99.9800033569336,97.41999816894531,99.79000091552734,61300
2016-10-12,78.41463470458984,98.16000366210938,98.48999786376953,97.12999725341797,98.12000274658203,104300
2016-10-13,76.88880157470703,96.25,97.22000122070312,95.33000183105469,97.22000122070312,60800
2016-10-14,77.67967224121094,97.23999786376953,97.97000122070312,96.05000305175781,96.3499984741211,52800
2016-10-17,77.16839599609375,96.5999984741211,97.25,96.19999694824219,97.19999694824219,28200
2016-10-18,77.36813354492188,96.8499984741211,98.1500015258789,96.8499984741211,97.69999694824219,30400
2016-10-19,78.7261734008789,98.55000305175781,98.69999694824219,96.6500015258789,97.3499984741211,62400
2016-10-20,78.32674407958984,98.05000305175781,99.80000305175781,97.6500015258789,98.1500015258789,46100
2016-10-21,77.4480209350586,96.94999694824219,97.94999694824219,96.94999694824219,97.69999694824219,41000
2016-10-24,78.24687194824219,97.94999694824219,98.44999694824219,96.69999694824219,97.94999694824219,48900
2016-10-25,78.04715728759766,97.69999694824219,98.37999725341797,96.8499984741211,97.8499984741211,25900
2016-10-26,76.76899719238281,96.0999984741211,97.6500015258789,95.5999984741211,96.94999694824219,35200
2016-10-27,74.72235107421875,93.0999984741211,96.5,92.80000305175781,96.5,53700
2016-10-28,89.5303955078125,111.55000305175781,117.94999694824219,101.55000305175781,106.5,355900
2016-10-31,86.11932373046875,107.30000305175781,110.75,106.75,110.75,233400
2016-11-01,82.62799835205078,102.94999694824219,107.5999984741211,102.25,107.5999984741211,148000
2016-11-02,80.26029968261719,100.0,102.75,99.9000015258789,102.30000305175781,66200
2016-11-03,80.30046844482422,100.05000305175781,101.75,99.5,100.8499984741211,88200
2016-11-04,80.13992309570312,99.8499984741211,100.94999694824219,99.3499984741211,100.0999984741211,60900
2016-11-07,81.66487884521484,101.75,103.05000305175781,101.19999694824219,102.0999984741211,40800
2016-11-08,82.54773712158203,102.8499984741211,105.30000305175781,101.80000305175781,102.55000305175781,101800
2016-11-09,85.91867065429688,107.05000305175781,109.1500015258789,103.05000305175781,103.05000305175781,106300
2016-11-10,87.64427947998047,109.19999694824219,111.55000305175781,107.69999694824219,107.69999694824219,84200
2016-11-11,85.7581558227539,106.8499984741211,112.05000305175781,105.80000305175781,108.44999694824219,148800
2016-11-14,88.48700714111328,110.25,110.9000015258789,107.05000305175781,107.44999694824219,95700
2016-11-15,89.49024963378906,111.5,112.94999694824219,105.8499984741211,109.94999694824219,63100
2016-11-16,89.28961181640625,111.25,111.75,108.66000366210938,111.5,93700
2016-11-17,91.45664978027344,113.94999694824219,114.80000305175781,110.91999816894531,112.0,84800
2016-11-18,91.29613494873047,113.75,117.62999725341797,111.55000305175781,114.5,91800
2016-11-21,91.37638854980469,113.8499984741211,115.30000305175781,111.6500015258789,113.3499984741211,48400
2016-11-22,91.81780242919922,114.4000015258789,117.62000274658203,111.9000015258789,114.05000305175781,32100
2016-11-23,92.9815673828125,115.8499984741211,116.4000015258789,110.77999877929688,114.0,90100
2016-11-25,93.18223571777344,116.0999984741211,117.44999694824219,114.80000305175781,116.1500015258789,32300
2016-11-28,93.26248168945312,116.19999694824219,118.33000183105469,113.69999694824219,116.0999984741211,85000
2016-11-29,92.62040710449219,115.4000015258789,117.93000030517578,115.05000305175781,116.5,56800
2016-11-30,92.94144439697266,115.80000305175781,116.69999694824219,114.16999816894531,116.69999694824219,96000
2016-12-01,93.14208984375,116.05000305175781,118.77999877929688,114.08000183105469,116.1500015258789,88000
2016-12-02,91.89805603027344,114.5,116.52999877929688,114.19999694824219,116.05000305175781,71100
2016-12-05,91.81780242919922,114.4000015258789,116.3499984741211,113.69999694824219,115.3499984741211,100000
2016-12-06,93.98483276367188,117.0999984741211,117.94999694824219,113.80000305175781,114.55000305175781,115200
2016-12-07,96.23212432861328,119.9000015258789,120.5,117.69999694824219,119.0,68600
2016-12-08,101.93058776855469,127.0,127.0999984741211,120.0999984741211,120.1500015258789,98000
2016-12-09,102.6529312133789,127.9000015258789,128.0,125.80000305175781,126.8499984741211,68100
2016-12-12,97.8774642944336,121.94999694824219,128.10000610351562,121.58000183105469,127.5999984741211,121600
2016-12-13,95.46964263916016,118.94999694824219,126.0,118.80000305175781,122.94999694824219,75600
2016-12-14,92.58027648925781,115.3499984741211,120.33000183105469,114.75,119.0999984741211,91300
2016-12-15,91.37638854980469,113.8499984741211,117.5999984741211,112.69999694824219,115.3499984741211,84900
2016-12-16,92.74079132080078,115.55000305175781,127.55000305175781,114.0,117.0,576000
2016-12-19,92.70068359375,115.5,116.6500015258789,113.43000030517578,115.44999694824219,70500
2016-12-20,96.27223205566406,119.94999694824219,120.0,115.9000015258789,115.9000015258789,69000
2016-12-21,98.3590087890625,122.55000305175781,122.8499984741211,119.04000091552734,120.1500015258789,86800
2016-12-22,97.1551284790039,121.05000305175781,121.4000015258789,119.5999984741211,120.5,50900
2016-12-23,98.27875518798828,122.44999694824219,123.5999984741211,120.9000015258789,120.9000015258789,42000
2016-12-27,97.19524383544922,121.0999984741211,123.19999694824219,120.94999694824219,122.1500015258789,16200
2016-12-28,95.79068756103516,119.3499984741211,123.0,117.55000305175781,121.3499984741211,54800
2016-12-29,95.3492660522461,118.80000305175781,120.1500015258789,116.05000305175781,118.9000015258789,59900
2016-12-30,94.74732208251953,118.05000305175781,119.4000015258789,117.3499984741211,118.69999694824219,33000
2017-01-03,97.59652709960938,121.5999984741211,121.9800033569336,118.05000305175781,119.19999694824219,42900
2017-01-04,100.20499420166016,124.8499984741211,125.05000305175781,121.1500015258789,122.19999694824219,39700
2017-01-05,98.63992309570312,122.9000015258789,124.0999984741211,120.0,124.05000305175781,42600
2017-01-06,97.95772552490234,122.05000305175781,124.6500015258789,121.44999694824219,123.6500015258789,42800
2017-01-09,98.51953125,122.75,123.0,119.75,122.1500015258789,38500
2017-01-10,97.67679595947266,121.69999694824219,123.41999816894531,120.94999694824219,122.55000305175781,52600
2017-01-11,100.20499420166016,124.8499984741211,124.8499984741211,121.5,121.5,33900
2017-01-12,98.03797149658203,122.1500015258789,124.25,119.0,124.25,48700
2017-01-13,98.80046081542969,123.0999984741211,126.0,121.69999694824219,124.94999694824219,31700
2017-01-17,95.59003448486328,119.0999984741211,122.8499984741211,118.75,122.8499984741211,33200
2017-01-18,96.67355346679688,120.44999694824219,121.05000305175781,116.52999877929688,119.5,64400
2017-01-19,96.11173248291016,119.75,120.8499984741211,119.0999984741211,120.6500015258789,38700
2017-01-20,96.7538070678711,120.55000305175781,121.0,118.47000122070312,120.19999694824219,34800
2017-01-23,96.63341522216797,120.4000015258789,121.0999984741211,119.0,120.44999694824219,39500
2017-01-24,100.32538604736328,125.0,126.55000305175781,120.0,122.5,71400
2017-01-25,100.84707641601562,125.6500015258789,126.5999984741211,121.05000305175781,124.19999694824219,37800
2017-01-26,89.20936584472656,111.1500015258789,122.08000183105469,109.55000305175781,121.0999984741211,887200
2017-01-27,88.52434539794922,109.8499984741211,110.25,108.0,109.80000305175781,1283800
2017-01-30,88.64524841308594,110.0,110.5,108.11000061035156,108.80000305175781,239500
2017-01-31,87.83939361572266,109.0,110.44999694824219,106.75,109.69999694824219,363600
2017-02-01,88.20198822021484,109.44999694824219,110.25,108.05000305175781,109.80000305175781,136600
2017-02-02,88.04083251953125,109.25,110.6500015258789,107.83000183105469,108.80000305175781,122300
2017-02-03,87.19468688964844,108.19999694824219,111.25,108.1500015258789,110.55000305175781,106200
2017-02-06,87.11409759521484,108.0999984741211,108.5,106.5999984741211,107.3499984741211,86700
2017-02-07,88.00055694580078,109.19999694824219,109.3499984741211,108.0,108.30000305175781,75900
2017-02-08,87.11409759521484,108.0999984741211,109.5,107.69999694824219,108.5999984741211,85700
2017-02-09,88.24230194091797,109.5,109.69999694824219,107.6500015258789,108.25,95300
2017-02-10,88.48403930664062,109.80000305175781,111.5999984741211,109.44999694824219,109.9000015258789,61800
2017-02-13,87.51701354980469,108.5999984741211,110.25,108.25,109.75,130200
2017-02-14,87.51701354980469,108.5999984741211,108.94999694824219,107.5,108.1500015258789,58900
2017-02-15,89.6928482055664,111.30000305175781,111.5,108.05000305175781,108.05000305175781,91500
2017-02-16,89.57200622558594,111.1500015258789,111.75,109.5999984741211,110.9000015258789,123700
2017-02-17,89.37049102783203,110.9000015258789,111.52999877929688,109.80000305175781,110.44999694824219,102500
2017-02-21,88.1617202758789,109.4000015258789,111.75,108.44999694824219,110.4000015258789,93700
2017-02-22,88.92728424072266,110.3499984741211,110.80000305175781,109.0,109.0999984741211,67300
2017-02-23,89.7734375,111.4000015258789,111.55000305175781,109.30000305175781,110.5,95100
2017-02-24,88.32286834716797,109.5999984741211,110.9000015258789,108.69999694824219,109.94999694824219,53400
2017-02-27,90.09580993652344,111.80000305175781,112.1500015258789,109.3499984741211,109.3499984741211,126100
2017-02-28,88.36320495605469,109.6500015258789,112.6500015258789,108.69999694824219,111.0,132600
2017-03-01,89.57200622558594,111.1500015258789,111.6500015258789,110.0999984741211,111.0999984741211,168000
2017-03-02,88.76612091064453,110.1500015258789,111.4000015258789,109.3499984741211,110.9000015258789,131100
2017-03-03,89.41082000732422,110.94999694824219,111.19999694824219,109.0999984741211,110.0,103900
2017-03-06,88.92728424072266,110.3499984741211,111.0,109.0,110.0,51400
2017-03-07,88.40347290039062,109.69999694824219,111.27999877929688,108.94999694824219,109.9000015258789,67100
2017-03-08,88.44377136230469,109.75,111.68000030517578,109.3499984741211,110.30000305175781,64600
2017-03-09,86.83204650878906,107.75,110.75,107.25,109.9000015258789,103900
2017-03-10,86.1873550415039,106.94999694824219,109.0,106.4000015258789,108.55000305175781,90600
2017-03-13,85.3814926147461,105.94999694824219,107.3499984741211,105.19999694824219,107.0999984741211,65600
2017-03-14,85.09942626953125,105.5999984741211,105.80000305175781,104.05000305175781,104.8499984741211,76400
2017-03-15,88.24230194091797,109.5,109.6500015258789,106.75,106.75,208000
2017-03-16,89.00787353515625,110.44999694824219,111.1500015258789,108.69999694824219,110.19999694824219,128000
2017-03-17,87.51701354980469,108.5999984741211,110.5,107.69999694824219,110.25,117500
2017-03-20,86.02618408203125,106.75,108.5999984741211,106.55000305175781,108.5999984741211,58100
2017-03-21,82.92359924316406,102.9000015258789,107.55000305175781,102.9000015258789,107.55000305175781,119200
2017-03-22,81.95654296875,101.69999694824219,102.8499984741211,100.93000030517578,102.75,58400
2017-03-23,81.71479034423828,101.4000015258789,102.58000183105469,101.0,102.30000305175781,72700
2017-03-24,81.47303009033203,101.0999984741211,102.4000015258789,100.6500015258789,101.6500015258789,138800
2017-03-27,81.7953872680664,101.5,104.75,99.8499984741211,100.1500015258789,67300
2017-03-28,83.89063262939453,104.0999984741211,104.55000305175781,102.4000015258789,103.5999984741211,116900
2017-03-29,83.60858917236328,103.75,104.4000015258789,103.0,104.0,61900
2017-03-30,84.65618896484375,105.05000305175781,105.6500015258789,103.75,103.75,73500
2017-03-31,85.34119415283203,105.9000015258789,106.25,104.44999694824219,104.69999694824219,89600
2017-04-03,84.89793395996094,105.3499984741211,107.1500015258789,104.3499984741211,106.3499984741211,97000
2017-04-04,84.17267608642578,104.44999694824219,106.4000015258789,103.4000015258789,104.55000305175781,62500
2017-04-05,82.27890014648438,102.0999984741211,106.19999694824219,101.8499984741211,105.1500015258789,58300
2017-04-06,85.74413299560547,106.4000015258789,106.4000015258789,101.9000015258789,102.4000015258789,53200
2017-04-07,86.38880920410156,107.19999694824219,107.83999633789062,105.80000305175781,106.1500015258789,46600
2017-04-10,86.63056182861328,107.5,108.94999694824219,107.19999694824219,108.0,38500
2017-04-11,87.19468688964844,108.19999694824219,108.5,106.75,107.4000015258789,39400
2017-04-12,87.43644714355469,108.5,109.25,106.75,107.6500015258789,64700
2017-04-13,85.98587799072266,106.69999694824219,108.6500015258789,106.25,108.0999984741211,44300
2017-04-17,87.63789367675781,108.75,108.8499984741211,107.19999694824219,107.5999984741211,47200
2017-04-18,88.685546875,110.05000305175781,110.0999984741211,107.87999725341797,107.87999725341797,32200
2017-04-19,89.37049102783203,110.9000015258789,111.33000183105469,108.69999694824219,108.69999694824219,63200
2017-04-20,89.85404205322266,111.5,111.9000015258789,111.05000305175781,111.9000015258789,56100
2017-04-21,90.01521301269531,111.69999694824219,112.3499984741211,110.8499984741211,111.1500015258789,100700
2017-04-24,89.16905975341797,110.6500015258789,113.5,110.6500015258789,113.5,49300
2017-04-25,89.61225891113281,111.19999694824219,111.75,111.1500015258789,111.69999694824219,33100
2017-04-26,90.50231170654297,111.8499984741211,112.75,110.5999984741211,110.5999984741211,51100
2017-04-27,90.01683044433594,111.25,112.0,110.80000305175781,111.69999694824219,115900
2017-04-28,86.09252166748047,106.4000015258789,110.75,104.9000015258789,109.55000305175781,73700
2017-05-01,85.80933380126953,106.05000305175781,107.69999694824219,104.5999984741211,106.25,61800
2017-05-02,83.94830322265625,103.75,106.0,101.94999694824219,106.0,66200
2017-05-03,83.74600982666016,103.5,104.0999984741211,101.05000305175781,103.25,34600
2017-05-04,82.89640808105469,102.44999694824219,104.4000015258789,101.30000305175781,103.5,22600
2017-05-05,83.13916778564453,102.75,106.1500015258789,101.44999694824219,102.8499984741211,27400
2017-05-08,82.6536636352539,102.1500015258789,104.94999694824219,101.4000015258789,102.44999694824219,40100
2017-05-09,83.0582504272461,102.6500015258789,104.05000305175781,101.75,102.1500015258789,31300
2017-05-10,83.46282196044922,103.1500015258789,103.75,102.30000305175781,102.30000305175781,39600
2017-05-11,80.63082885742188,99.6500015258789,103.19999694824219,99.5999984741211,102.5999984741211,65100
2017-05-12,79.65984344482422,98.44999694824219,99.30000305175781,97.5999984741211,99.30000305175781,52200
2017-05-15,81.48040771484375,100.69999694824219,100.8499984741211,98.44999694824219,98.44999694824219,33600
2017-05-16,83.42233276367188,103.0999984741211,103.0999984741211,99.5,100.75,39000
2017-05-17,80.83311462402344,99.9000015258789,101.30000305175781,99.25,101.30000305175781,47800
2017-05-18,81.76361846923828,101.05000305175781,101.44999694824219,99.3499984741211,99.6500015258789,39600
2017-05-19,83.90782165527344,103.69999694824219,103.69999694824219,100.94999694824219,100.94999694824219,53800
2017-05-22,84.67652130126953,104.6500015258789,105.05000305175781,102.4000015258789,103.6500015258789,46700
2017-05-23,83.94830322265625,103.75,105.05000305175781,103.25,105.05000305175781,31600
2017-05-24,81.96590423583984,101.30000305175781,103.9000015258789,100.05000305175781,103.9000015258789,51400
2017-05-25,83.38188934326172,103.05000305175781,103.25,101.0,101.4000015258789,25700
2017-05-26,82.81548309326172,102.3499984741211,102.55000305175781,101.44999694824219,102.19999694824219,16200
2017-05-30,80.67127990722656,99.69999694824219,102.27999877929688,99.05000305175781,101.9000015258789,71600
2017-05-31,81.48040771484375,100.69999694824219,101.27999877929688,97.9000015258789,100.30000305175781,46400
2017-06-01,81.96590423583984,101.30000305175781,102.9800033569336,100.3499984741211,100.3499984741211,59000
2017-06-02,81.3995132446289,100.5999984741211,102.69999694824219,100.25,101.4000015258789,53000
2017-06-05,81.80408477783203,101.0999984741211,101.9000015258789,100.30000305175781,100.30000305175781,21300
2017-06-06,82.08726501464844,101.44999694824219,102.0,99.75,102.0,34700
2017-06-07,83.09868621826172,102.69999694824219,103.05000305175781,100.94999694824219,101.25,32900
2017-06-08,85.52613067626953,105.69999694824219,107.05000305175781,102.19999694824219,102.5,32400
2017-06-09,87.54894256591797,108.19999694824219,109.4000015258789,105.9000015258789,105.9000015258789,43600
2017-06-12,89.20771026611328,110.25,110.3499984741211,101.9000015258789,108.6500015258789,60400
2017-06-13,87.5085220336914,108.1500015258789,110.44999694824219,107.44999694824219,110.44999694824219,51200
2017-06-14,88.11539459228516,108.9000015258789,109.3499984741211,107.3499984741211,107.58000183105469,37100
2017-06-15,87.62989807128906,108.30000305175781,108.9000015258789,106.6500015258789,107.5,18600
2017-06-16,88.23674011230469,109.05000305175781,109.19999694824219,107.44999694824219,107.44999694824219,61100
2017-06-19,89.08633422851562,110.0999984741211,110.19999694824219,108.5,109.4000015258789,22500
2017-06-20,89.73365783691406,110.9000015258789,111.3499984741211,109.0999984741211,110.3499984741211,30200
2017-06-21,88.03445434570312,108.80000305175781,111.3499984741211,108.80000305175781,110.8499984741211,30700
2017-06-22,88.96495819091797,109.94999694824219,110.69999694824219,108.5,109.0,23300
2017-06-23,88.56037902832031,109.44999694824219,111.1500015258789,108.0,110.8499984741211,195000
2017-06-26,89.77410888671875,110.94999694824219,111.3499984741211,108.75,109.5,30400
2017-06-27,90.01683044433594,111.25,111.8499984741211,110.6500015258789,111.3499984741211,38700
2017-06-28,90.1382064819336,111.4000015258789,112.3499984741211,111.0,112.0,85800
2017-06-29,89.40999603271484,110.5,111.55000305175781,108.44999694824219,111.4000015258789,43300
2017-06-30,89.77410888671875,110.94999694824219,112.0999984741211,109.25,110.5,53100
2017-07-03,89.8954849243164,111.0999984741211,113.36000061035156,110.55000305175781,111.80000305175781,31000
2017-07-05,89.97637176513672,111.19999694824219,111.4000015258789,109.8499984741211,111.05000305175781,29800
2017-07-06,89.08633422851562,110.0999984741211,110.94999694824219,108.30000305175781,109.94999694824219,17500
2017-07-07,90.58323669433594,111.94999694824219,113.25,111.1500015258789,111.1500015258789,64900
2017-07-10,90.30001831054688,111.5999984741211,112.83000183105469,111.4000015258789,111.75,98100
2017-07-11,90.01683044433594,111.25,111.73999786376953,108.75,111.6500015258789,63400
2017-07-12,91.7564926147461,113.4000015258789,114.05000305175781,111.05000305175781,111.25,104400
2017-07-13,96.08538055419922,118.75,118.75,113.5999984741211,113.94999694824219,101700
2017-07-14,94.3052749633789,116.55000305175781,118.25,115.70999908447266,118.25,91400
2017-07-17,91.87786865234375,113.55000305175781,116.5999984741211,112.6500015258789,116.5999984741211,75800
2017-07-18,92.12059020996094,113.8499984741211,115.0999984741211,111.5999984741211,112.8499984741211,36100
2017-07-19,93.7388916015625,115.8499984741211,115.9000015258789,113.44999694824219,114.5999984741211,31400
2017-07-20,93.37478637695312,115.4000015258789,116.75,114.8499984741211,115.4000015258789,112100
2017-07-21,91.55420684814453,113.1500015258789,115.75,111.19999694824219,115.75,60700
2017-07-24,93.77935791015625,115.9000015258789,116.1500015258789,113.19999694824219,113.30000305175781,45500
2017-07-25,94.79076385498047,117.1500015258789,118.4000015258789,116.0999984741211,117.0,57500
2017-07-26,94.06254577636719,116.25,117.75,114.75,117.69999694824219,73800
2017-07-27,94.30623626708984,116.0999984741211,116.6500015258789,114.75,116.19999694824219,80400
2017-07-28,92.0318374633789,113.30000305175781,116.3499984741211,111.19999694824219,113.94999694824219,91400
2017-07-31,95.68711853027344,117.80000305175781,118.30000305175781,115.1500015258789,115.44999694824219,73500
2017-08-01,95.03728485107422,117.0,118.3499984741211,115.8499984741211,118.3499984741211,55100
2017-08-02,93.5751724243164,115.19999694824219,117.19999694824219,114.30000305175781,117.19999694824219,42500
2017-08-03,93.85945892333984,115.55000305175781,116.25,114.3499984741211,115.0999984741211,29500
2017-08-04,94.06254577636719,115.80000305175781,116.3499984741211,115.4000015258789,115.58000183105469,15300
2017-08-07,93.65641021728516,115.30000305175781,116.8499984741211,113.25,115.5999984741211,49600
2017-08-08,93.45335388183594,115.05000305175781,117.4000015258789,114.55000305175781,115.1500015258789,37200
2017-08-09,93.41271209716797,115.0,115.6500015258789,112.44000244140625,114.6500015258789,32800
2017-08-10,90.40725708007812,111.30000305175781,114.0999984741211,110.94999694824219,114.0999984741211,45000
2017-08-11,90.20420837402344,111.05000305175781,111.44999694824219,109.25,111.44999694824219,40500
2017-08-14,91.17893981933594,112.25,112.69999694824219,111.75,111.75,23800
2017-08-15,91.66629791259766,112.8499984741211,113.80000305175781,111.94999694824219,113.0,56100
2017-08-16,89.51375579833984,110.19999694824219,112.94999694824219,108.55000305175781,112.94999694824219,68800
2017-08-17,86.83320617675781,106.9000015258789,113.52999877929688,106.9000015258789,110.30000305175781,56300
2017-08-18,86.02092742919922,105.9000015258789,110.2300033569336,104.8499984741211,106.4000015258789,34700
2017-08-21,86.22398376464844,106.1500015258789,106.9800033569336,104.9000015258789,105.94999694824219,34800
2017-08-22,86.3458480834961,106.30000305175781,107.55000305175781,106.1500015258789,106.75,56200
2017-08-23,85.77723693847656,105.5999984741211,106.94999694824219,105.45999908447266,105.9000015258789,46100
2017-08-24,86.18339538574219,106.0999984741211,107.1500015258789,105.44999694824219,106.44999694824219,24100
2017-08-25,85.93968963623047,105.80000305175781,106.52999877929688,105.5,106.1500015258789,27900
2017-08-28,86.02092742919922,105.9000015258789,106.5,104.44999694824219,106.0,40300
2017-08-29,84.88372039794922,104.5,106.0,104.5,105.4000015258789,58500
2017-08-30,85.1274185180664,104.80000305175781,105.9000015258789,104.44999694824219,104.94999694824219,35200
2017-08-31,86.10214233398438,106.0,106.77999877929688,104.80000305175781,105.4000015258789,47600
2017-09-01,87.3611831665039,107.55000305175781,108.4000015258789,106.69999694824219,106.69999694824219,25400
2017-09-05,85.00555419921875,104.6500015258789,108.55000305175781,104.25,107.5999984741211,41800
2017-09-06,85.98030853271484,105.8499984741211,106.25,104.25,105.05000305175781,37100
2017-09-07,85.33048248291016,105.05000305175781,106.30000305175781,103.80999755859375,106.0,27500
2017-09-08,85.00555419921875,104.6500015258789,106.5,104.25,104.25,28000
2017-09-11,86.99567413330078,107.0999984741211,108.05000305175781,105.80000305175781,106.0,34000
2017-09-12,88.78269958496094,109.30000305175781,109.30000305175781,107.5999984741211,107.80000305175781,25300
2017-09-13,89.91988372802734,110.69999694824219,111.5,108.80000305175781,109.9000015258789,49800
2017-09-14,89.91988372802734,110.69999694824219,112.5,110.69999694824219,110.69999694824219,68900
2017-09-15,90.81341552734375,111.80000305175781,112.62999725341797,109.3499984741211,110.94999694824219,145900
2017-09-18,92.07244873046875,113.3499984741211,114.0999984741211,111.75,111.75,36500
2017-09-19,90.8946533203125,111.9000015258789,114.0,111.5999984741211,113.8499984741211,45600
2017-09-20,91.30077362060547,112.4000015258789,113.30000305175781,111.94000244140625,112.0999984741211,53700
2017-09-21,91.78815460205078,113.0,113.44999694824219,110.8499984741211,112.69999694824219,31400
2017-09-22,93.85945892333984,115.55000305175781,115.75,112.05000305175781,113.05000305175781,52100
2017-09-25,94.06254577636719,115.80000305175781,116.4000015258789,114.4000015258789,115.5999984741211,47600
2017-09-26,94.14380645751953,115.9000015258789,116.5999984741211,114.80000305175781,116.19999694824219,47600
2017-09-27,94.06254577636719,115.80000305175781,116.9000015258789,113.8499984741211,116.9000015258789,159400
2017-09-28,94.30623626708984,116.0999984741211,117.05000305175781,114.80000305175781,115.80000305175781,71200
2017-09-29,94.2656021118164,116.05000305175781,116.6500015258789,115.30000305175781,116.6500015258789,76100
2017-10-02,94.22500610351562,116.0,116.8499984741211,115.25,116.44999694824219,134100
2017-10-03,94.99665832519531,116.94999694824219,117.44999694824219,116.19999694824219,116.6500015258789,262000
2017-10-04,97.35227966308594,119.8499984741211,120.94999694824219,116.94999694824219,117.25,109200
2017-10-05,97.5147476196289,120.05000305175781,121.3499984741211,119.1500015258789,120.5,92500
2017-10-06,97.83966827392578,120.44999694824219,120.94999694824219,119.4000015258789,119.75,43300
2017-10-09,99.22055053710938,122.1500015258789,124.4000015258789,120.5,124.4000015258789,63000
2017-10-10,99.7079086303711,122.75,123.25,121.5,122.30000305175781,99400
2017-10-11,98.73319244384766,121.55000305175781,123.05000305175781,121.16000366210938,122.94999694824219,50000
2017-10-12,99.09871673583984,122.0,122.25,120.1500015258789,121.1500015258789,46400
2017-10-13,99.09871673583984,122.0,122.94999694824219,120.5999984741211,121.94999694824219,35100
2017-10-16,99.58606719970703,122.5999984741211,123.08000183105469,121.18000030517578,121.94999694824219,44000
2017-10-17,98.57073211669922,121.3499984741211,123.83000183105469,120.77999877929688,122.1500015258789,45600
2017-10-18,99.46421813964844,122.44999694824219,122.94999694824219,121.3499984741211,121.3499984741211,33700
2017-10-19,99.58606719970703,122.5999984741211,122.69999694824219,120.8499984741211,122.05000305175781,25700
2017-10-20,100.92633819580078,124.25,124.4000015258789,121.44999694824219,123.75,70100
2017-10-23,97.88027954101562,120.5,123.9000015258789,119.5999984741211,123.9000015258789,46300
2017-10-24,97.6365966796875,120.19999694824219,121.5999984741211,119.0,120.5999984741211,29100
2017-10-25,96.86492156982422,119.25,120.05000305175781,117.5999984741211,120.05000305175781,27400
2017-10-26,97.88027954101562,120.5,120.8499984741211,117.9000015258789,119.8499984741211,30500
2017-10-27,95.52466583251953,117.5999984741211,120.5,116.3499984741211,120.5,91100
2017-10-30,94.70926666259766,116.1500015258789,118.52999877929688,114.69999694824219,117.3499984741211,40200
2017-10-31,94.91309356689453,116.4000015258789,117.55000305175781,115.4000015258789,115.80000305175781,43800
2017-11-01,93.28229522705078,114.4000015258789,117.75,114.4000015258789,116.94999694824219,41800
2017-11-02,95.728515625,117.4000015258789,117.55000305175781,114.0,114.0,53500
2017-11-03,94.79078674316406,116.25,117.69999694824219,115.8499984741211,117.19999694824219,32900
2017-11-06,94.26078033447266,115.5999984741211,116.69999694824219,113.3499984741211,115.6500015258789,29400
2017-11-07,90.42837524414062,110.9000015258789,116.0999984741211,110.69999694824219,116.0999984741211,84200
2017-11-08,90.5099105834961,111.0,111.55000305175781,108.9800033569336,110.4000015258789,45200
2017-11-09,90.06143951416016,110.44999694824219,111.3499984741211,108.8499984741211,110.0,35900
2017-11-10,91.2437973022461,111.9000015258789,113.19999694824219,106.55000305175781,110.25,49700
2017-11-13,90.6729965209961,111.19999694824219,113.80000305175781,110.23999786376953,111.4000015258789,50000
2017-11-14,91.7330322265625,112.5,112.69999694824219,107.58000183105469,110.5,68800
2017-11-15,91.7330322265625,112.5,112.8499984741211,111.44999694824219,111.44999694824219,43200
2017-11-16,93.20074462890625,114.30000305175781,115.55000305175781,112.69999694824219,115.0,87000
2017-11-17,93.89385223388672,115.1500015258789,115.9000015258789,113.5,113.5999984741211,99400
2017-11-20,94.42387390136719,115.80000305175781,116.6500015258789,114.69999694824219,115.55000305175781,53800
2017-11-21,95.64695739746094,117.30000305175781,118.69999694824219,116.0,116.5999984741211,50000
2017-11-22,94.99465942382812,116.5,118.4000015258789,115.9000015258789,117.55000305175781,30600
2017-11-24,94.22000122070312,115.55000305175781,116.9000015258789,114.3499984741211,116.9000015258789,14700
2017-11-27,94.99465942382812,116.5,117.3499984741211,116.0999984741211,116.80000305175781,38200
2017-11-28,96.54393005371094,118.4000015258789,118.80000305175781,116.2300033569336,116.55000305175781,22300
2017-11-29,97.56315612792969,119.6500015258789,120.5,116.9800033569336,118.55000305175781,39900
2017-11-30,97.88933563232422,120.05000305175781,124.6500015258789,118.2699966430664,120.4000015258789,37500
2017-12-01,97.84857177734375,120.0,120.5,114.55000305175781,120.0999984741211,45900
2017-12-04,98.4193344116211,120.69999694824219,121.5999984741211,114.3499984741211,121.55000305175781,23900
2017-12-05,97.35933685302734,119.4000015258789,121.94999694824219,119.0,120.44999694824219,42000
2017-12-06,97.64470672607422,119.75,120.69999694824219,119.19999694824219,119.4000015258789,18200
2017-12-07,96.78852081298828,118.69999694824219,120.9000015258789,118.69999694824219,120.0,32300
2017-12-08,95.728515625,117.4000015258789,119.44999694824219,116.80000305175781,117.5999984741211,29600
2017-12-11,96.01390838623047,117.75,119.1500015258789,117.4000015258789,118.75,25000
2017-12-12,95.93235778808594,117.6500015258789,118.9000015258789,117.05000305175781,117.80000305175781,19000
2017-12-13,95.15772247314453,116.69999694824219,118.5,116.5,116.80000305175781,43300
2017-12-14,94.95387268066406,116.44999694824219,118.5999984741211,115.5,115.80000305175781,66300
2017-12-15,95.93235778808594,117.6500015258789,119.3499984741211,116.69999694824219,116.69999694824219,98900
2017-12-18,96.78852081298828,118.69999694824219,120.5999984741211,117.94999694824219,118.69999694824219,46700
2017-12-19,95.9731216430664,117.69999694824219,118.9000015258789,116.6500015258789,118.9000015258789,55100
2017-12-20,94.95387268066406,116.44999694824219,118.0,116.30000305175781,118.0,43700
2017-12-21,95.15772247314453,116.69999694824219,118.05000305175781,116.25,116.80000305175781,38400
2017-12-22,94.26078033447266,115.5999984741211,116.94999694824219,114.6500015258789,116.94999694824219,30900
2017-12-26,92.87458038330078,113.9000015258789,115.69999694824219,113.9000015258789,115.55000305175781,27300
2017-12-27,91.77379608154297,112.55000305175781,114.62999725341797,111.4000015258789,114.3499984741211,63300
2017-12-28,92.1407470703125,113.0,114.55000305175781,111.8499984741211,112.69999694824219,71300
2017-12-29,93.81232452392578,115.05000305175781,115.44999694824219,112.87999725341797,113.9000015258789,66300
2018-01-02,93.64922332763672,114.8499984741211,115.4000015258789,113.0999984741211,115.30000305175781,150500
2018-01-03,96.74776458740234,118.6500015258789,118.75,115.30000305175781,115.30000305175781,122700
2018-01-04,99.19398498535156,121.6500015258789,122.19999694824219,118.6500015258789,119.3499984741211,67300
2018-01-05,100.05014038085938,122.69999694824219,124.95999908447266,121.44999694824219,122.1500015258789,101800
2018-01-08,101.96635437011719,125.05000305175781,125.25,122.0,122.94999694824219,57600
2018-01-09,103.556396484375,127.0,127.69999694824219,125.75,127.30000305175781,67800
2018-01-10,103.76024627685547,127.25,128.4499969482422,124.5999984741211,127.1500015258789,62600
2018-01-11,105.83954620361328,129.8000030517578,130.1300048828125,125.80000305175781,128.14999389648438,70300
2018-01-12,107.14415740966797,131.39999389648438,132.85000610351562,129.9499969482422,130.89999389648438,54100
2018-01-16,105.55413818359375,129.4499969482422,134.64999389648438,128.47000122070312,132.6999969482422,41800
2018-01-17,106.28800964355469,130.35000610351562,132.3000030517578,129.9499969482422,130.35000610351562,44300
2018-01-18,105.71720123291016,129.64999389648438,132.0,129.3000030517578,130.35000610351562,43400
2018-01-19,106.85877990722656,131.0500030517578,131.9499969482422,129.6999969482422,129.6999969482422,59000
2018-01-22,106.4103012084961,130.5,132.13999938964844,129.24000549316406,130.35000610351562,60300
2018-01-23,106.85877990722656,131.0500030517578,132.1999969482422,129.75,130.5500030517578,27200
2018-01-24,106.32877349853516,130.39999389648438,132.0,125.43000030517578,131.60000610351562,39900
2018-01-25,105.75798797607422,129.6999969482422,130.52999877929688,128.39999389648438,130.5,56600
2018-01-26,106.81800079345703,131.0,131.60000610351562,128.6999969482422,130.5,65000
2018-01-29,105.83954620361328,129.8000030517578,131.35000610351562,128.89999389648438,130.1999969482422,40800
2018-01-30,105.02127838134766,128.35000610351562,129.60000610351562,126.4000015258789,128.35000610351562,51900
2018-01-31,104.73490142822266,128.0,128.75,125.52999877929688,128.75,63200
2018-02-01,106.04408264160156,129.60000610351562,129.60000610351562,127.05000305175781,127.05000305175781,55000
2018-02-02,106.33047485351562,129.9499969482422,133.3000030517578,128.64999389648438,129.39999389648438,69400
2018-02-05,102.32108306884766,125.05000305175781,131.89999389648438,124.5999984741211,131.35000610351562,73700
2018-02-06,103.30296325683594,126.25,128.60000610351562,121.5999984741211,124.0999984741211,70000
2018-02-07,103.54845428466797,126.55000305175781,129.4499969482422,123.8499984741211,126.3499984741211,52700
2018-02-08,98.35260772705078,120.19999694824219,127.4000015258789,119.5,127.0,93700
2018-02-09,99.12994384765625,121.1500015258789,124.25,118.19999694824219,121.75,170000
2018-02-12,101.09371185302734,123.55000305175781,124.6500015258789,119.94999694824219,122.3499984741211,67500
2018-02-13,101.05279541015625,123.5,126.55000305175781,121.94999694824219,122.80000305175781,64100
2018-02-14,103.0166015625,125.9000015258789,127.05000305175781,122.18000030517578,122.5,36300
2018-02-15,102.89385223388672,125.75,128.25,125.2300033569336,126.94999694824219,19700
2018-02-16,103.09842681884766,126.0,127.93000030517578,124.5999984741211,125.55000305175781,166300
2018-02-20,100.80733489990234,123.19999694824219,125.9000015258789,122.5999984741211,125.1500015258789,36900
2018-02-21,100.8482437133789,123.25,126.44999694824219,120.27999877929688,123.5999984741211,42400
2018-02-22,99.82545471191406,122.0,124.5,121.27999877929688,123.94999694824219,38100
2018-02-23,100.0709228515625,122.30000305175781,123.8499984741211,119.25,122.8499984741211,80900
2018-02-26,101.38011169433594,123.9000015258789,126.3499984741211,121.44999694824219,122.5999984741211,20200
2018-02-27,101.38011169433594,123.9000015258789,125.80000305175781,122.27999877929688,123.69999694824219,40500
2018-02-28,100.6845932006836,123.05000305175781,125.19999694824219,122.75,124.25,47300
2018-03-01,100.5618896484375,122.9000015258789,124.7300033569336,121.2300033569336,123.0999984741211,47400
2018-03-02,100.23457336425781,122.5,124.19999694824219,120.69999694824219,121.9000015258789,31100
2018-03-05,100.93009185791016,123.3499984741211,124.30000305175781,116.68000030517578,121.9000015258789,40100
2018-03-06,103.34390258789062,126.30000305175781,126.62999725341797,122.6500015258789,123.75,35700
2018-03-07,103.99848175048828,127.0999984741211,127.93000030517578,125.25,125.25,26900
2018-03-08,105.18492126464844,128.5500030517578,128.75,126.1500015258789,127.5,45000
2018-03-09,109.7670669555664,134.14999389648438,134.85000610351562,127.69999694824219,129.60000610351562,135600
2018-03-12,109.88980865478516,134.3000030517578,135.89999389648438,132.0500030517578,134.14999389648438,63100
2018-03-13,107.47602081298828,131.35000610351562,135.89999389648438,131.35000610351562,134.14999389648438,52100
2018-03-14,107.06689453125,130.85000610351562,132.5,129.3000030517578,132.0500030517578,54800
2018-03-15,106.78048706054688,130.5,131.85000610351562,129.10000610351562,131.85000610351562,28700
2018-03-16,108.04875946044922,132.0500030517578,134.17999267578125,128.75,130.60000610351562,87700
2018-03-19,106.65777587890625,130.35000610351562,131.8000030517578,129.0,131.8000030517578,54900
2018-03-20,105.5122299194336,128.9499969482422,131.1300048828125,128.8000030517578,130.5500030517578,40900
2018-03-21,106.78048706054688,130.5,132.35000610351562,129.1999969482422,129.1999969482422,21300
2018-03-22,104.20304870605469,127.3499984741211,130.0,127.0,129.5500030517578,27300
2018-03-23,100.0709228515625,122.30000305175781,128.0,122.0999984741211,127.5999984741211,26900
2018-03-26,101.38011169433594,123.9000015258789,126.37000274658203,122.80000305175781,124.0999984741211,40100
2018-03-27,100.72553253173828,123.0999984741211,129.89999389648438,121.52999877929688,124.5999984741211,53600
2018-03-28,100.93009185791016,123.3499984741211,127.27999877929688,121.05999755859375,123.5,50500
2018-03-29,101.29827880859375,123.80000305175781,125.44999694824219,123.12999725341797,124.25,68500
2018-04-02,98.02533721923828,119.80000305175781,123.6500015258789,117.9000015258789,123.30000305175781,43500
2018-04-03,101.4210205078125,123.94999694824219,125.75,120.30000305175781,120.30000305175781,49300
2018-04-04,103.13931274414062,126.05000305175781,126.80000305175781,121.55000305175781,121.55000305175781,74000
2018-04-05,103.50753021240234,126.5,131.85000610351562,124.75,126.44999694824219,42900
2018-04-06,101.87104034423828,124.5,126.19999694824219,123.25,125.19999694824219,66000
2018-04-09,100.88916778564453,123.30000305175781,126.0,122.3499984741211,124.80000305175781,80900
2018-04-10,99.6208724975586,121.75,124.94999694824219,120.94999694824219,124.05000305175781,47500
2018-04-11,97.1661605834961,118.75,120.5,117.25,120.19999694824219,43400
2018-04-12,95.8160629272461,117.0999984741211,119.9800033569336,116.94999694824219,119.05000305175781,43100
2018-04-13,94.83421325683594,115.9000015258789,118.5,115.0999984741211,117.5,61200
2018-04-16,97.08434295654297,118.6500015258789,119.25,114.77999877929688,116.30000305175781,105700
2018-04-17,97.32979583740234,118.94999694824219,120.9000015258789,117.80000305175781,119.30000305175781,31900
2018-04-18,96.55249786376953,118.0,120.02999877929688,116.30000305175781,118.75,93500
2018-04-19,95.97970581054688,117.30000305175781,118.94999694824219,115.55000305175781,117.3499984741211,29000
2018-04-20,94.79327392578125,115.8499984741211,119.79000091552734,114.94999694824219,116.80000305175781,35100
2018-04-23,93.6068115234375,114.4000015258789,115.80000305175781,112.9000015258789,115.80000305175781,36100
2018-04-24,93.77045440673828,114.5999984741211,115.8499984741211,113.56999969482422,115.30000305175781,23000
2018-04-25,93.85230255126953,114.69999694824219,116.1500015258789,112.6500015258789,114.55000305175781,32700
2018-04-26,93.40225219726562,114.1500015258789,115.3499984741211,113.13999938964844,115.1500015258789,42100
2018-04-27,94.305908203125,114.80000305175781,117.87999725341797,113.9800033569336,115.1500015258789,78200
2018-04-30,94.7576904296875,115.3499984741211,117.4000015258789,114.4000015258789,115.8499984741211,93700
2018-05-01,94.55233001708984,115.0999984741211,117.4000015258789,112.77999877929688,115.55000305175781,72400
2018-05-02,94.38803100585938,114.9000015258789,116.5999984741211,110.0,114.80000305175781,75900
2018-05-03,94.51126098632812,115.05000305175781,115.5,113.75,114.5999984741211,40400
2018-05-04,94.92198944091797,115.55000305175781,115.9000015258789,114.25,114.5,32200
2018-05-07,96.1952896118164,117.0999984741211,117.8499984741211,114.8499984741211,115.80000305175781,29400
2018-05-08,97.5096664428711,118.69999694824219,120.75,116.30000305175781,117.05000305175781,72600
2018-05-09,99.02940368652344,120.55000305175781,121.80000305175781,119.12999725341797,119.1500015258789,86000
2018-05-10,99.85088348388672,121.55000305175781,122.5,120.4000015258789,120.9000015258789,54600
2018-05-11,101.41168212890625,123.44999694824219,123.80000305175781,121.4000015258789,121.5999984741211,45400
2018-05-14,101.6170654296875,123.69999694824219,124.5,122.94999694824219,124.0999984741211,39200
2018-05-15,101.86349487304688,124.0,125.44999694824219,122.9000015258789,123.4000015258789,29300
2018-05-16,104.36898803710938,127.05000305175781,127.75,124.0,124.0,50300
2018-05-17,106.34056091308594,129.4499969482422,130.25,127.05000305175781,127.05000305175781,53300
2018-05-18,105.51907348632812,128.4499969482422,130.10000610351562,127.44999694824219,130.0500030517578,62800
2018-05-21,105.8476791381836,128.85000610351562,130.3000030517578,128.1999969482422,129.0,33900
2018-05-22,103.79396057128906,126.3499984741211,129.0500030517578,125.94999694824219,129.0500030517578,27600
2018-05-23,102.56175994873047,124.8499984741211,126.3499984741211,124.3499984741211,126.3499984741211,22600
2018-05-24,103.17787170410156,125.5999984741211,125.69999694824219,122.9000015258789,125.0,50400
2018-05-25,102.89032745361328,125.25,127.30000305175781,123.87999725341797,125.4000015258789,37500
2018-05-29,101.45275115966797,123.5,124.6500015258789,122.0999984741211,124.4000015258789,45000
2018-05-30,102.84928131103516,125.19999694824219,126.75,124.0999984741211,124.0999984741211,28600
2018-05-31,103.13678741455078,125.55000305175781,128.60000610351562,124.4000015258789,125.5999984741211,34900
2018-06-01,104.61546325683594,127.3499984741211,129.5,123.0,126.25,29200
2018-06-04,106.83345794677734,130.0500030517578,131.25,126.5,127.4000015258789,89200
2018-06-05,105.14942169189453,128.0,131.0,126.9000015258789,130.1999969482422,43300
2018-06-06,105.47802734375,128.39999389648438,130.0,127.27999877929688,128.35000610351562,37200
2018-06-07,105.0672607421875,127.9000015258789,130.8000030517578,126.52999877929688,129.0500030517578,30200
2018-06-08,104.41008758544922,127.0999984741211,129.60000610351562,126.8499984741211,127.8499984741211,26700
2018-06-11,105.19049072265625,128.0500030517578,130.39999389648438,127.44999694824219,127.44999694824219,36900
2018-06-12,105.76553344726562,128.75,129.3800048828125,126.44999694824219,128.5,46800
2018-06-13,104.41008758544922,127.0999984741211,129.47999572753906,126.27999877929688,129.0,39000
2018-06-14,105.35478973388672,128.25,129.0,126.0999984741211,127.4000015258789,60300
2018-06-15,108.6407241821289,132.25,133.0500030517578,126.1500015258789,127.55000305175781,101500
2018-06-18,109.2568130493164,133.0,134.6999969482422,129.6999969482422,131.35000610351562,74900
2018-06-19,110.03722381591797,133.9499969482422,134.5500030517578,131.35000610351562,132.0,84500
2018-06-20,109.83186340332031,133.6999969482422,138.02999877929688,131.82000732421875,135.1999969482422,111500
2018-06-21,109.83186340332031,133.6999969482422,134.8000030517578,130.8000030517578,133.9499969482422,50900
2018-06-22,112.95348358154297,137.5,138.0,130.57000732421875,134.9499969482422,95300
2018-06-25,109.7497329711914,133.60000610351562,136.60000610351562,131.75,136.60000610351562,50000
2018-06-26,110.16044616699219,134.10000610351562,135.14999389648438,132.3000030517578,134.10000610351562,42800
2018-06-27,105.31371307373047,128.1999969482422,135.25,127.8499984741211,134.5,54500
2018-06-28,106.5048599243164,129.64999389648438,132.07000732421875,126.44999694824219,128.5500030517578,57500
2018-06-29,105.10832977294922,127.94999694824219,132.0500030517578,127.94999694824219,130.75,61700
2018-07-02,105.88874053955078,128.89999389648438,130.0,126.5,127.8499984741211,58200
2018-07-03,105.80660247802734,128.8000030517578,130.25,128.0,129.5500030517578,20400
2018-07-05,107.4495849609375,130.8000030517578,131.35000610351562,128.25,130.0,36600
2018-07-06,106.8745346069336,130.10000610351562,134.1999969482422,129.60000610351562,130.85000610351562,39700
2018-07-09,107.07987976074219,130.35000610351562,131.6999969482422,129.4499969482422,130.3000030517578,51000
2018-07-10,109.3389892578125,133.10000610351562,133.60000610351562,130.6999969482422,130.6999969482422,105100
2018-07-11,107.94242858886719,131.39999389648438,134.10000610351562,131.1300048828125,132.89999389648438,51200
2018-07-12,108.3942642211914,131.9499969482422,133.4499969482422,130.14999389648438,132.89999389648438,21900
2018-07-13,108.02461242675781,131.5,134.0,130.3000030517578,132.35000610351562,44800
2018-07-16,107.12097930908203,130.39999389648438,132.89999389648438,129.4499969482422,131.5,57400
2018-07-17,105.60124206542969,128.5500030517578,133.66000366210938,127.94999694824219,130.64999389648438,63000
2018-07-18,106.54594421386719,129.6999969482422,131.25,127.3499984741211,128.8000030517578,87500
2018-07-19,105.3958740234375,128.3000030517578,131.89999389648438,128.0500030517578,129.39999389648438,46900
2018-07-20,106.011962890625,129.0500030517578,130.10000610351562,128.3000030517578,128.3000030517578,76700
2018-07-23,106.13520050048828,129.1999969482422,130.4499969482422,127.16000366210938,128.9499969482422,59100
2018-07-24,106.13520050048828,129.1999969482422,130.42999267578125,127.4800033569336,130.0,46600
2018-07-25,106.62808227539062,129.8000030517578,131.9499969482422,126.30000305175781,129.10000610351562,71600
2018-07-26,106.5048599243164,129.64999389648438,131.60000610351562,128.6999969482422,129.35000610351562,80900
2018-07-27,106.2994613647461,129.39999389648438,134.10000610351562,124.5999984741211,128.89999389648438,71100
2018-07-30,107.41232299804688,130.3000030517578,134.25,128.8000030517578,129.64999389648438,57900
2018-07-31,109.84418487548828,133.25,133.25,129.52000427246094,130.5,45100
2018-08-01,105.47515869140625,127.94999694824219,133.39999389648438,126.1500015258789,133.39999389648438,88000
2018-08-02,105.18660736083984,127.5999984741211,128.1999969482422,124.5,127.3499984741211,81800
2018-08-03,105.10419464111328,127.5,128.5500030517578,126.1500015258789,127.5,23500
2018-08-06,107.20629119873047,130.0500030517578,130.5500030517578,126.29000091552734,127.44999694824219,38900
2018-08-07,108.7313232421875,131.89999389648438,132.77999877929688,129.9499969482422,129.9499969482422,35200
2018-08-08,109.47322845458984,132.8000030517578,132.8000030517578,130.10000610351562,131.5,32200
2018-08-09,108.11305236816406,131.14999389648438,132.60000610351562,130.89999389648438,132.60000610351562,31600
2018-08-10,106.79410552978516,129.5500030517578,130.6999969482422,127.4000015258789,130.6999969482422,64600
2018-08-13,106.5880126953125,129.3000030517578,130.8000030517578,128.0500030517578,130.8000030517578,31000
2018-08-14,108.27790832519531,131.35000610351562,131.82000732421875,128.55999755859375,129.4499969482422,64400
2018-08-15,106.79410552978516,129.5500030517578,131.5500030517578,128.10000610351562,130.5500030517578,47300
2018-08-16,107.90694427490234,130.89999389648438,132.5500030517578,129.8000030517578,129.8000030517578,31600
2018-08-17,107.74208068847656,130.6999969482422,131.75,129.8000030517578,130.4499969482422,26000
2018-08-20,107.2887191772461,130.14999389648438,131.57000732421875,128.85000610351562,130.64999389648438,41100
2018-08-21,108.40159606933594,131.5,132.35000610351562,129.85000610351562,130.64999389648438,41100
2018-08-22,107.2887191772461,130.14999389648438,131.6999969482422,129.5,131.6999969482422,37000
2018-08-23,106.62923431396484,129.35000610351562,131.39999389648438,128.39999389648438,130.3000030517578,36700
2018-08-24,105.96975708007812,128.5500030517578,130.8000030517578,128.10000610351562,130.1999969482422,37200
2018-08-27,106.29946899414062,128.9499969482422,130.5500030517578,128.39999389648438,128.9499969482422,89600
2018-08-28,105.55757904052734,128.0500030517578,130.39999389648438,127.9000015258789,128.89999389648438,27100
2018-08-29,105.80487823486328,128.35000610351562,128.9499969482422,127.69999694824219,128.10000610351562,22400
2018-08-30,105.84610748291016,128.39999389648438,129.14999389648438,127.25,128.1999969482422,16400
2018-08-31,106.34068298339844,129.0,129.1999969482422,128.10000610351562,128.14999389648438,15900
2018-09-04,105.51636505126953,128.0,129.6999969482422,127.75,128.5,15500
2018-09-05,103.373046875,125.4000015258789,127.94999694824219,124.9000015258789,127.94999694824219,27300
2018-09-06,101.02366638183594,122.55000305175781,125.33000183105469,121.30000305175781,124.43000030517578,40400
2018-09-07,98.75674438476562,119.80000305175781,122.19999694824219,114.55999755859375,122.19999694824219,80900
2018-09-10,100.1581039428711,121.5,121.75,118.6500015258789,120.4000015258789,32400
2018-09-11,101.06486511230469,122.5999984741211,123.25,121.0,121.8499984741211,17500
2018-09-12,100.44662475585938,121.8499984741211,123.30000305175781,120.80000305175781,122.6500015258789,32400
2018-09-13,99.53984832763672,120.75,123.44999694824219,119.94999694824219,123.25,24500
2018-09-14,100.11687469482422,121.44999694824219,123.5999984741211,118.30000305175781,120.94999694824219,19300
2018-09-17,98.30332946777344,119.25,121.30000305175781,118.5,121.30000305175781,19200
2018-09-18,97.97357177734375,118.8499984741211,122.80000305175781,118.30000305175781,119.3499984741211,32700
2018-09-19,100.11687469482422,121.44999694824219,122.0,117.19999694824219,118.5999984741211,37300
2018-09-20,100.77638244628906,122.25,123.0999984741211,119.55000305175781,122.1500015258789,19000
2018-09-21,100.32296752929688,121.69999694824219,124.9000015258789,121.05000305175781,122.30000305175781,64500
2018-09-24,98.83914184570312,119.9000015258789,122.02999877929688,114.55000305175781,121.19999694824219,16800
2018-09-25,98.01480102539062,118.9000015258789,121.80000305175781,118.5,121.4000015258789,46700
2018-09-26,94.0167465209961,114.05000305175781,120.0,113.80000305175781,119.19999694824219,42100
2018-09-27,94.26403045654297,114.3499984741211,115.55000305175781,113.80000305175781,114.44999694824219,48400
2018-09-28,93.76942443847656,113.75,115.5999984741211,112.9000015258789,114.0,50000
2018-10-01,94.0167465209961,114.05000305175781,115.19999694824219,112.75,113.76000213623047,67200
2018-10-02,95.08013153076172,115.33999633789062,116.75,112.83999633789062,113.70999908447266,51800
2018-10-03,95.25325775146484,115.55000305175781,117.08000183105469,114.70999908447266,115.4000015258789,38200
2018-10-04,94.8575668334961,115.06999969482422,117.02999877929688,114.23999786376953,114.95999908447266,53800
2018-10-05,93.86833953857422,113.87000274658203,116.04000091552734,113.33000183105469,115.19999694824219,53200
2018-10-08,93.56332397460938,113.5,114.68000030517578,111.12999725341797,113.62999725341797,39200
2018-10-09,93.20061492919922,113.05999755859375,117.94999694824219,112.36000061035156,113.94000244140625,45100
2018-10-10,92.48343658447266,112.19000244140625,115.11000061035156,108.61000061035156,113.20999908447266,98000
2018-10-11,90.25770568847656,109.48999786376953,115.36000061035156,109.48999786376953,111.93000030517578,53900
2018-10-12,90.23296356201172,109.45999908447266,110.9000015258789,108.08999633789062,110.80000305175781,57200
2018-10-15,91.93938446044922,111.52999877929688,113.38999938964844,107.66000366210938,109.31999969482422,61200
2018-10-16,92.44221496582031,112.13999938964844,113.19000244140625,108.4800033569336,112.2699966430664,55200
2018-10-17,92.07951354980469,111.69999694824219,112.9800033569336,109.38999938964844,112.1500015258789,58500
2018-10-18,89.59823608398438,108.69000244140625,112.51000213623047,108.08000183105469,111.31999969482422,47000
2018-10-19,89.4498519897461,108.51000213623047,110.5,105.2699966430664,108.79000091552734,25100
2018-10-22,89.21904754638672,108.2300033569336,108.9000015258789,106.51000213623047,108.63999938964844,10200
2018-10-23,86.83666229248047,105.33999633789062,108.2300033569336,104.12000274658203,106.51000213623047,36400
2018-10-24,82.55006408691406,100.13999938964844,105.30000305175781,99.66000366210938,105.30000305175781,36200
2018-10-25,83.7618637084961,101.61000061035156,102.55000305175781,99.7300033569336,99.83999633789062,39700
2018-10-26,84.30591583251953,102.2699966430664,108.87000274658203,101.0,105.97000122070312,81400
2018-10-29,81.7751693725586,99.19999694824219,102.25,97.5,100.63999938964844,48800
2018-10-30,81.79175567626953,98.66999816894531,99.01000213623047,96.22000122070312,99.01000213623047,30100
2018-10-31,82.3471450805664,99.33999633789062,102.72000122070312,99.0,99.55999755859375,53400
2018-11-01,83.26725006103516,100.44999694824219,101.43000030517578,97.43000030517578,99.62999725341797,52500
2018-11-02,83.29214477539062,100.4800033569336,101.27999877929688,98.54000091552734,100.97000122070312,46600
2018-11-05,83.49109649658203,100.72000122070312,101.16000366210938,100.0,100.56999969482422,29800
2018-11-06,83.72318267822266,101.0,101.94999694824219,99.0,100.61000061035156,32500
2018-11-07,84.9914779663086,102.52999877929688,102.54000091552734,99.9000015258789,101.5999984741211,45000
2018-11-08,86.3260498046875,104.13999938964844,104.44999694824219,102.1500015258789,102.1500015258789,32200
2018-11-09,85.72924041748047,103.41999816894531,103.72000122070312,98.98999786376953,103.72000122070312,24800
2018-11-12,85.13237762451172,102.69999694824219,104.12000274658203,101.12000274658203,103.3499984741211,58100
2018-11-13,85.09095764160156,102.6500015258789,103.61000061035156,101.62000274658203,102.75,95000
2018-11-14,84.53556060791016,101.9800033569336,103.0,101.5,102.69999694824219,87700
2018-11-15,85.19869232177734,102.77999877929688,104.0,101.0,101.5199966430664,40100
2018-11-16,85.30647277832031,102.91000366210938,102.91000366210938,101.16999816894531,102.41000366210938,59900
2018-11-19,83.44963836669922,100.66999816894531,103.37000274658203,100.30000305175781,102.66999816894531,30100
2018-11-20,78.14439392089844,94.2699966430664,99.77999877929688,93.88999938964844,99.62999725341797,55600
2018-11-21,79.13912963867188,95.47000122070312,97.72000122070312,94.29000091552734,94.29000091552734,31300
2018-11-23,80.05096435546875,96.56999969482422,99.30999755859375,95.18000030517578,95.18000030517578,11500
2018-11-26,79.89346313476562,96.37999725341797,97.94999694824219,95.38999938964844,97.30999755859375,31300
2018-11-27,77.1496810913086,93.06999969482422,96.70999908447266,92.70999908447266,96.2300033569336,69000
2018-11-28,78.7495346069336,95.0,96.0199966430664,91.18000030517578,93.08000183105469,80800
2018-11-29,78.0615234375,94.16999816894531,97.11000061035156,94.05999755859375,94.26000213623047,39600
2018-11-30,78.7495346069336,95.0,97.83000183105469,93.5,93.98999786376953,78900
2018-12-03,78.38480377197266,94.55999755859375,95.98999786376953,93.81999969482422,95.98999786376953,78400
2018-12-04,75.74047088623047,91.37000274658203,94.19000244140625,90.0999984741211,94.19000244140625,65700
2018-12-06,70.8165512084961,85.43000030517578,93.75,84.19000244140625,89.68000030517578,180900
2018-12-07,69.00116729736328,83.23999786376953,87.16000366210938,80.13999938964844,85.5999984741211,136600
2018-12-10,70.04564666748047,84.5,85.05999755859375,80.43000030517578,83.19000244140625,108400
2018-12-11,70.04564666748047,84.5,94.83000183105469,83.58999633789062,85.51000213623047,64600
2018-12-12,71.70352172851562,86.5,87.73999786376953,85.48999786376953,85.48999786376953,43400
2018-12-13,67.94012451171875,81.95999908447266,85.3499984741211,81.33000183105469,85.3499984741211,62500
2018-12-14,66.94538879394531,80.76000213623047,83.01000213623047,79.01000213623047,81.3499984741211,143200
2018-12-17,65.46986389160156,78.9800033569336,81.5999984741211,78.29000091552734,80.22000122070312,124300
2018-12-18,64.26791381835938,77.52999877929688,82.93000030517578,76.3499984741211,79.29000091552734,78200
2018-12-19,62.8089714050293,75.7699966430664,78.33000183105469,75.37999725341797,77.52999877929688,69300
2018-12-20,61.814247131347656,74.56999969482422,78.0,73.75,75.98999786376953,72400
2018-12-21,60.114906311035156,72.5199966430664,76.25,71.54000091552734,74.75,237400
2018-12-24,58.42387008666992,70.4800033569336,72.3499984741211,70.1500015258789,72.3499984741211,19400
2018-12-26,61.67331314086914,74.4000015258789,74.41000366210938,70.0,70.61000061035156,100700
2018-12-27,62.5519905090332,75.45999908447266,75.69999694824219,73.23999786376953,73.23999786376953,63500
2018-12-28,65.94239044189453,79.55000305175781,80.58000183105469,75.5199966430664,75.66000366210938,96700
2018-12-31,65.8428955078125,79.43000030517578,80.0199966430664,77.47000122070312,79.75,60800
2019-01-02,67.15264892578125,81.01000213623047,81.01000213623047,70.0,77.73999786376953,61900
2019-01-03,66.71330261230469,80.4800033569336,83.0,80.41000366210938,80.5999984741211,45200
2019-01-04,67.98985290527344,82.0199966430664,83.31999969482422,79.16000366210938,80.4800033569336,67800
2019-01-07,68.46236419677734,82.58999633789062,83.36000061035156,81.61000061035156,81.61000061035156,70800
2019-01-08,68.73590850830078,82.91999816894531,83.80000305175781,81.66999816894531,82.94000244140625,48800
2019-01-09,69.24986267089844,83.54000091552734,84.9000015258789,82.66000366210938,82.66000366210938,61200
2019-01-10,68.40434265136719,82.5199966430664,84.69000244140625,82.36000061035156,82.94000244140625,24400
2019-01-11,66.58895111083984,80.33000183105469,82.4000015258789,74.22000122070312,81.69000244140625,99600
2019-01-14,65.67713165283203,79.2300033569336,80.37999725341797,78.69999694824219,78.98999786376953,62500
2019-01-15,70.01248931884766,84.45999908447266,84.62999725341797,79.23999786376953,79.23999786376953,127700
2019-01-16,72.61540222167969,87.5999984741211,88.7699966430664,84.9000015258789,84.9000015258789,166400
2019-01-17,73.94168090820312,89.19999694824219,89.19999694824219,87.02999877929688,87.02999877929688,97500
2019-01-18,77.81283569335938,93.87000274658203,96.12999725341797,89.4800033569336,89.4800033569336,163500
2019-01-22,75.45033264160156,91.0199966430664,94.44999694824219,90.01000213623047,93.1500015258789,124300
2019-01-23,72.53246307373047,87.5,93.55000305175781,87.18000030517578,91.66999816894531,52500
2019-01-24,73.03813171386719,88.11000061035156,89.08999633789062,86.73999786376953,87.08999633789062,27000
2019-01-25,74.53852844238281,89.91999816894531,90.06999969482422,87.80000305175781,89.69999694824219,53700
2019-01-28,74.65454864501953,90.05999755859375,90.52999877929688,87.91999816894531,89.02999877929688,41600
2019-01-29,73.89192962646484,89.13999938964844,90.37000274658203,88.58999633789062,89.69000244140625,46800
2019-01-30,73.2830581665039,87.86000061035156,89.68000030517578,84.7300033569336,88.98999786376953,72400
2019-01-31,75.04298400878906,89.97000122070312,89.97000122070312,86.91000366210938,87.6500015258789,105200
2019-02-01,75.19309997558594,90.1500015258789,92.2300033569336,87.0,92.2300033569336,77200
2019-02-04,76.22737884521484,91.38999938964844,91.70999908447266,89.58999633789062,90.68000030517578,66800
2019-02-05,78.30427551269531,93.87999725341797,94.12000274658203,90.38999938964844,91.38999938964844,67700
2019-02-06,79.16337585449219,94.91000366210938,94.98999786376953,93.44999694824219,93.88999938964844,62500
2019-02-07,79.08829498291016,94.81999969482422,95.5199966430664,92.69999694824219,94.91000366210938,65900
2019-02-08,77.4201431274414,92.81999969482422,96.81999969482422,92.18000030517578,94.86000061035156,94700
2019-02-11,76.73616790771484,92.0,93.76000213623047,91.37999725341797,92.87000274658203,89100
2019-02-12,78.62955474853516,94.2699966430664,94.5999984741211,92.02999877929688,92.08999633789062,90600
2019-02-13,81.38204956054688,97.56999969482422,97.66999816894531,93.81999969482422,94.87000274658203,78900
2019-02-14,82.0409927368164,98.36000061035156,98.36000061035156,95.55000305175781,96.8499984741211,93600
2019-02-15,82.98351287841797,99.48999786376953,101.63999938964844,98.43000030517578,98.7699966430664,240700
2019-02-19,84.86019897460938,101.73999786376953,102.5999984741211,99.31999969482422,99.66999816894531,71600
2019-02-20,85.55250549316406,102.56999969482422,103.87000274658203,100.5999984741211,101.75,84400
2019-02-21,85.93618774414062,103.02999877929688,103.75,101.1500015258789,102.98999786376953,56900
2019-02-22,87.35415649414062,104.7300033569336,104.75,103.06999969482422,103.66999816894531,48100
2019-02-25,88.68867492675781,106.33000183105469,106.45999908447266,104.81999969482422,105.0,59100
2019-02-26,89.28923034667969,107.05000305175781,108.29000091552734,105.5999984741211,105.79000091552734,71900
2019-02-27,89.81471252441406,107.68000030517578,108.0,105.69999694824219,106.30000305175781,52900
2019-02-28,85.33564758300781,102.30999755859375,107.22000122070312,101.70999908447266,107.22000122070312,167200
2019-03-01,86.5367431640625,103.75,104.45999908447266,101.73999786376953,103.54000091552734,93300
2019-03-04,85.36065673828125,102.33999633789062,104.58999633789062,101.87000274658203,103.80000305175781,93100
2019-03-05,85.01033020019531,101.91999816894531,102.55000305175781,100.11000061035156,102.37000274658203,76000
2019-03-06,82.71659088134766,99.16999816894531,102.2699966430664,99.16999816894531,102.2699966430664,41300
2019-03-07,81.2652816772461,97.43000030517578,99.12999725341797,96.30000305175781,99.12999725341797,47900
2019-03-08,81.84913635253906,98.12999725341797,98.4800033569336,97.0,97.0,28700
2019-03-11,83.6924819946289,100.33999633789062,100.5999984741211,97.83000183105469,98.5199966430664,43300
2019-03-12,83.33383178710938,99.91000366210938,100.62000274658203,98.94999694824219,100.48999786376953,52500
2019-03-13,84.19294738769531,100.94000244140625,102.12000274658203,99.19999694824219,100.22000122070312,50800
2019-03-14,84.19294738769531,100.94000244140625,101.80000305175781,100.47000122070312,100.94999694824219,56800
2019-03-15,83.7925796508789,100.45999908447266,101.97000122070312,100.33999633789062,101.18000030517578,150800
2019-03-18,86.01123809814453,103.12000274658203,103.48999786376953,100.16999816894531,100.2699966430664,101000
2019-03-19,84.20963287353516,100.95999908447266,104.08000183105469,100.41000366210938,103.6500015258789,54700
2019-03-20,82.70826721191406,99.16000366210938,101.86000061035156,99.01000213623047,100.95999908447266,60800
2019-03-21,83.81759643554688,100.48999786376953,101.58000183105469,98.94999694824219,99.01000213623047,126600
2019-03-22,80.4478759765625,96.44999694824219,101.0,95.30999755859375,99.83999633789062,72500
2019-03-25,79.15504455566406,94.9000015258789,96.98999786376953,94.16999816894531,96.0,127200
2019-03-26,81.57389068603516,97.80000305175781,98.5,95.76000213623047,95.80000305175781,100600
2019-03-27,81.97425842285156,98.27999877929688,100.16999816894531,97.1500015258789,98.25,108400
2019-03-28,82.06600189208984,98.38999938964844,99.26000213623047,88.69999694824219,98.41999816894531,46600
2019-03-29,81.3653793334961,97.55000305175781,100.0,97.2699966430664,99.19999694824219,74900
2019-04-01,85.59420776367188,102.62000274658203,102.81999969482422,98.5,98.77999877929688,45100
2019-04-02,87.20399475097656,104.55000305175781,104.80999755859375,102.0,103.43000030517578,74400
2019-04-03,87.4375228881836,104.83000183105469,106.83999633789062,104.0,105.66999816894531,41900
2019-04-04,88.65530395507812,106.29000091552734,106.70999908447266,103.48999786376953,104.83999633789062,36800
2019-04-05,91.04914855957031,109.16000366210938,109.55999755859375,106.48999786376953,107.2300033569336,49100
2019-04-08,91.60797882080078,109.83000183105469,110.0,107.45999908447266,109.22000122070312,70500
2019-04-09,90.32350158691406,108.29000091552734,110.30000305175781,107.76000213623047,109.88999938964844,52600
2019-04-10,92.99256896972656,111.48999786376953,111.86000061035156,108.19999694824219,108.27999877929688,71500
2019-04-11,96.24549865722656,115.38999938964844,117.16000366210938,112.5199966430664,112.66000366210938,109200
2019-04-12,97.22142791748047,116.55999755859375,117.98999786376953,115.29000091552734,117.31999969482422,84400
2019-04-15,99.22320556640625,118.95999908447266,118.95999908447266,115.13999938964844,117.19999694824219,83300
2019-04-16,100.54107666015625,120.54000091552734,122.48999786376953,118.76000213623047,119.70999908447266,64200
2019-04-17,100.18242645263672,120.11000061035156,121.41999816894531,118.2699966430664,121.41999816894531,66200
2019-04-18,98.51425170898438,118.11000061035156,120.97000122070312,117.2699966430664,119.83999633789062,70700
2019-04-22,99.28160095214844,119.02999877929688,119.58000183105469,117.05999755859375,117.55999755859375,89200
2019-04-23,99.29828643798828,119.05000305175781,119.75,118.22000122070312,118.76000213623047,128800
2019-04-24,99.33999633789062,119.0999984741211,119.9000015258789,118.0,119.16000366210938,97100
2019-04-25,100.81633758544922,120.87000274658203,121.63999938964844,117.80000305175781,118.98999786376953,45500
2019-04-26,103.43537139892578,124.01000213623047,125.9800033569336,120.01000213623047,122.62000274658203,69700
2019-04-29,104.2647705078125,124.44999694824219,126.55000305175781,124.01000213623047,124.44999694824219,52600
2019-04-30,102.72323608398438,122.61000061035156,125.0999984741211,121.72000122070312,124.9000015258789,82600
2019-05-01,102.89080810546875,122.80999755859375,123.80999755859375,120.2699966430664,123.30000305175781,122800
2019-05-02,101.88541412353516,121.61000061035156,123.19999694824219,118.68000030517578,123.19999694824219,86600
2019-05-03,102.84053802490234,122.75,123.38999938964844,122.5,122.5,106600
2019-05-06,101.54193115234375,121.19999694824219,122.48999786376953,119.43000030517578,120.91999816894531,93700
2019-05-07,100.96383666992188,120.51000213623047,122.54000091552734,119.69999694824219,119.91000366210938,57600
2019-05-08,99.83280181884766,119.16000366210938,121.6500015258789,118.91000366210938,120.36000061035156,62600
2019-05-09,98.73528289794922,117.8499984741211,120.44999694824219,115.33000183105469,118.29000091552734,94200
2019-05-10,100.23495483398438,119.63999938964844,120.2300033569336,116.05999755859375,116.44999694824219,78400
2019-05-13,96.29727935791016,114.94000244140625,120.43000030517578,114.54000091552734,117.5999984741211,59100
2019-05-14,97.62937927246094,116.52999877929688,117.18000030517578,114.75,115.68000030517578,87300
2019-05-15,98.67662811279297,117.77999877929688,118.54000091552734,115.12999725341797,115.55999755859375,56900
2019-05-16,98.01477813720703,116.98999786376953,119.3499984741211,116.5999984741211,117.75,67900
2019-05-17,95.5935287475586,114.0999984741211,116.70999908447266,114.0999984741211,116.05999755859375,76800
2019-05-20,95.13272094726562,113.55000305175781,115.02999877929688,112.37999725341797,113.08999633789062,51900
2019-05-21,95.12435150146484,113.54000091552734,115.36000061035156,113.08000183105469,114.4000015258789,141500
2019-05-22,93.24766540527344,111.30000305175781,116.94999694824219,111.08000183105469,113.29000091552734,45900
2019-05-23,91.36260223388672,109.05000305175781,111.69000244140625,106.8499984741211,110.18000030517578,197200
2019-05-24,93.49060821533203,111.58999633789062,112.19999694824219,108.44999694824219,109.7300033569336,60100
2019-05-28,92.55230712890625,110.47000122070312,112.66999816894531,110.26000213623047,111.70999908447266,60100
2019-05-29,90.1226577758789,107.56999969482422,110.4000015258789,106.55999755859375,109.51000213623047,77100
2019-05-30,89.54457092285156,106.87999725341797,108.9000015258789,106.27999877929688,107.86000061035156,55800
2019-05-31,85.1125717163086,101.58999633789062,105.55999755859375,101.3499984741211,105.36000061035156,89700
2019-06-03,84.31665802001953,100.63999938964844,102.63999938964844,99.80000305175781,101.18000030517578,112300
2019-06-04,87.7181396484375,104.69999694824219,104.7300033569336,101.30000305175781,101.47000122070312,100200
2019-06-05,88.67325592041016,105.83999633789062,106.44999694824219,103.4800033569336,105.19000244140625,66700
2019-06-06,87.93599700927734,104.95999908447266,106.80000305175781,103.81999969482422,105.7699966430664,49800
2019-06-07,88.39677429199219,105.51000213623047,106.97000122070312,104.9000015258789,105.29000091552734,42200
2019-06-10,89.44404602050781,106.76000213623047,107.88999938964844,105.31999969482422,106.27999877929688,39200
2019-06-11,88.43029022216797,105.55000305175781,108.80999755859375,105.16000366210938,107.72000122070312,29100
2019-06-12,88.12030792236328,105.18000030517578,106.05999755859375,104.4000015258789,105.12999725341797,34000
2019-06-13,89.1172866821289,106.37000274658203,107.43000030517578,105.33000183105469,106.5199966430664,34400
2019-06-14,88.24598693847656,105.33000183105469,106.22000122070312,104.37000274658203,106.20999908447266,69500
2019-06-17,86.77980041503906,103.58000183105469,106.0999984741211,103.56999969482422,104.75,47600
2019-06-18,88.97484588623047,106.19999694824219,107.19999694824219,103.91999816894531,103.91999816894531,64000
2019-06-19,87.2657470703125,104.16000366210938,107.6500015258789,103.54000091552734,106.1500015258789,37000
2019-06-20,87.29927062988281,104.19999694824219,105.5999984741211,103.01000213623047,105.5,33900
2019-06-21,85.97552490234375,102.62000274658203,104.79000091552734,102.16999816894531,103.69000244140625,57500
2019-06-24,84.16585540771484,100.45999908447266,104.0999984741211,99.7300033569336,102.58999633789062,87000
2019-06-25,84.6350326538086,101.0199966430664,104.27999877929688,99.20999908447266,100.58000183105469,119200
2019-06-26,85.50635528564453,102.05999755859375,103.13999938964844,100.25,101.33000183105469,42600
2019-06-27,88.47216796875,105.5999984741211,105.93000030517578,102.33000183105469,102.79000091552734,55400
2019-06-28,89.98023986816406,107.4000015258789,107.56999969482422,105.5,106.16000366210938,88400
2019-07-01,89.48591613769531,106.80999755859375,109.30000305175781,105.94000244140625,109.30000305175781,74800
2019-07-02,88.50569152832031,105.63999938964844,106.94999694824219,102.9800033569336,106.94999694824219,55400
2019-07-03,89.53617095947266,106.87000274658203,107.11000061035156,105.02999877929688,105.4800033569336,31800
2019-07-05,89.96345520019531,107.37999725341797,108.1500015258789,106.4000015258789,106.83999633789062,80500
2019-07-08,88.56433868408203,105.70999908447266,107.62000274658203,104.9000015258789,106.66000366210938,37100
2019-07-09,89.17594146728516,106.44000244140625,107.1500015258789,104.88999938964844,105.37000274658203,54400
2019-07-10,91.00234985351562,108.62000274658203,110.08999633789062,107.19000244140625,107.4000015258789,74600
2019-07-11,93.12198638916016,111.1500015258789,111.38999938964844,108.9800033569336,109.5199966430664,92700
2019-07-12,93.105224609375,111.12999725341797,112.41000366210938,110.19999694824219,112.12000274658203,71200
2019-07-15,93.28956604003906,111.3499984741211,112.25,109.44000244140625,112.05000305175781,86000
2019-07-16,93.23091125488281,111.27999877929688,114.83000183105469,110.3499984741211,110.94000244140625,80200
2019-07-17,90.70073699951172,108.26000213623047,112.44999694824219,107.43000030517578,111.45999908447266,76100
2019-07-18,91.29556274414062,108.97000122070312,109.26000213623047,106.83999633789062,108.3499984741211,59500
2019-07-19,90.53317260742188,108.05999755859375,110.16000366210938,107.80999755859375,108.54000091552734,75300
2019-07-22,87.39977264404297,104.31999969482422,108.5999984741211,103.80000305175781,108.5999984741211,64600
2019-07-23,88.7654037475586,105.94999694824219,106.66999816894531,103.97000122070312,105.37000274658203,73500
2019-07-24,92.09986114501953,109.93000030517578,110.33999633789062,105.70999908447266,105.70999908447266,74000
2019-07-25,88.40514373779297,105.5199966430664,109.94999694824219,104.98999786376953,109.77999877929688,85600
2019-07-26,94.75570678710938,113.0999984741211,113.16999816894531,107.0199966430664,112.48999786376953,81500
2019-07-29,92.57740783691406,110.5,113.3499984741211,110.5,113.08000183105469,129500
2019-07-30,92.11434173583984,109.4000015258789,110.66999816894531,107.94999694824219,109.45999908447266,134900
2019-07-31,90.2282485961914,107.16000366210938,109.47000122070312,106.58999633789062,108.98999786376953,87900
2019-08-01,86.3382339477539,102.54000091552734,107.69000244140625,102.05999755859375,106.97000122070312,60100
2019-08-02,85.04998016357422,101.01000213623047,102.2699966430664,97.75,101.77999877929688,79400
2019-08-05,79.69487762451172,94.6500015258789,103.11000061035156,93.56999969482422,98.5199966430664,81100
2019-08-06,80.1495590209961,95.19000244140625,98.1500015258789,92.51000213623047,95.12000274658203,120800
2019-08-07,80.33480072021484,95.41000366210938,95.76000213623047,92.55000305175781,93.58999633789062,78400
2019-08-08,81.48831939697266,96.77999877929688,97.61000061035156,95.51000213623047,96.16000366210938,49200
2019-08-09,79.96434783935547,94.97000122070312,97.77999877929688,93.98999786376953,96.26000213623047,55700
2019-08-12,78.72659301757812,93.5,94.63999938964844,92.5999984741211,94.4000015258789,55600
2019-08-13,80.949462890625,96.13999938964844,96.33000183105469,92.88999938964844,93.33999633789062,71500
2019-08-14,80.20850372314453,95.26000213623047,96.73999786376953,93.18000030517578,94.26000213623047,145000
2019-08-15,80.79788970947266,95.95999908447266,97.4000015258789,94.30000305175781,97.0,104000
2019-08-16,83.52596282958984,99.19999694824219,99.55999755859375,96.97000122070312,96.97000122070312,34200
2019-08-19,85.70673370361328,101.79000091552734,102.37999725341797,100.80999755859375,100.80999755859375,35300
2019-08-20,87.08760833740234,103.43000030517578,103.8499984741211,100.0999984741211,101.25,74300
2019-08-21,90.64925384521484,107.66000366210938,108.12000274658203,104.0999984741211,104.0999984741211,79200
2019-08-22,90.31243896484375,107.26000213623047,109.56999969482422,107.12999725341797,108.19999694824219,90800
2019-08-23,87.08760833740234,103.43000030517578,107.4800033569336,103.30999755859375,106.55999755859375,70600
2019-08-26,85.80777740478516,101.91000366210938,106.33000183105469,101.62999725341797,104.95999908447266,35700
2019-08-27,84.1658706665039,99.95999908447266,102.83000183105469,99.16000366210938,102.83000183105469,56900
2019-08-28,85.8582992553711,101.97000122070312,103.0199966430664,99.81999969482422,100.02999877929688,75000
2019-08-29,88.69581604003906,105.33999633789062,106.43000030517578,103.30000305175781,103.30000305175781,59400
2019-08-30,89.83251953125,106.69000244140625,106.86000061035156,104.0,106.33000183105469,41100
2019-09-03,87.75277709960938,104.22000122070312,106.62999725341797,103.3499984741211,105.56999969482422,70800
2019-09-04,89.56307983398438,106.37000274658203,106.37000274658203,104.0,105.75,47000
2019-09-05,92.7626724243164,110.16999816894531,111.5,107.91000366210938,107.91000366210938,54200
2019-09-06,93.07421112060547,110.54000091552734,111.79000091552734,108.87999725341797,109.70999908447266,55100
2019-09-09,97.65467071533203,115.9800033569336,116.52999877929688,110.66000366210938,111.0999984741211,80700
2019-09-10,100.61849212646484,119.5,120.93000030517578,114.83999633789062,115.7699966430664,82200
2019-09-11,103.39706420898438,122.80000305175781,123.12999725341797,119.19999694824219,119.41000366210938,82900
2019-09-12,103.43914794921875,122.8499984741211,124.22000122070312,120.4000015258789,122.9800033569336,85800
2019-09-13,100.04591369628906,118.81999969482422,123.4800033569336,118.41999816894531,123.20999908447266,110800
2019-09-16,100.1974868774414,119.0,119.38999938964844,115.73999786376953,118.19000244140625,64500
2019-09-17,100.69425201416016,119.58999633789062,119.70999908447266,116.16000366210938,118.66000366210938,95600
2019-09-18,100.71109008789062,119.61000061035156,121.33999633789062,117.94000244140625,119.43000030517578,71800
2019-09-19,99.98698425292969,118.75,121.18000030517578,117.20999908447266,119.72000122070312,97200
2019-09-20,97.6883316040039,116.0199966430664,119.51000213623047,115.23999786376953,118.87000274658203,173000
2019-09-23,96.231689453125,114.29000091552734,116.20999908447266,111.54000091552734,115.6500015258789,65200
2019-09-24,93.3268051147461,110.83999633789062,114.8499984741211,109.79000091552734,114.8499984741211,88600
2019-09-25,96.66952514648438,114.80999755859375,114.8499984741211,110.0,111.26000213623047,57100
2019-09-26,95.23812866210938,113.11000061035156,114.19000244140625,112.48999786376953,113.94000244140625,40900
2019-09-27,94.22774505615234,111.91000366210938,114.01000213623047,111.52999877929688,113.23999786376953,44500
2019-09-30,93.09945678710938,110.56999969482422,112.30999755859375,109.5,111.7300033569336,60300
2019-10-01,89.0326156616211,105.73999786376953,111.22000122070312,105.5,110.61000061035156,72100
2019-10-02,86.20350646972656,102.37999725341797,105.29000091552734,101.69999694824219,104.48999786376953,41100
2019-10-03,84.57006072998047,100.44000244140625,102.01000213623047,99.0999984741211,102.01000213623047,33900
2019-10-04,85.0920639038086,101.05999755859375,101.5,98.98999786376953,100.11000061035156,35200
2019-10-07,83.65227508544922,99.3499984741211,100.7300033569336,98.81999969482422,100.12000274658203,55400
2019-10-08,78.49925994873047,93.2300033569336,97.13999938964844,93.18000030517578,97.13999938964844,59600
2019-10-09,75.33334350585938,89.47000122070312,94.0,89.22000122070312,93.69999694824219,63100
2019-10-10,74.35662078857422,88.30999755859375,90.72000122070312,87.87999725341797,90.05000305175781,79600
2019-10-11,76.53739929199219,90.9000015258789,92.48999786376953,89.54000091552734,89.98999786376953,151600
2019-10-14,80.9578857421875,96.1500015258789,98.62000274658203,92.0199966430664,92.0199966430664,111800
2019-10-15,82.75133514404297,98.27999877929688,101.36000061035156,96.80000305175781,96.80000305175781,106100
2019-10-16,83.57648468017578,99.26000213623047,101.45999908447266,96.2699966430664,97.94999694824219,87400
2019-10-17,82.3218994140625,97.7699966430664,101.0999984741211,97.01000213623047,100.0199966430664,63200
2019-10-18,83.05445861816406,98.63999938964844,98.83000183105469,96.41000366210938,97.05000305175781,66100
2019-10-21,84.23326873779297,100.04000091552734,100.93000030517578,99.30999755859375,99.30999755859375,49600
2019-10-22,83.70278930664062,99.41000366210938,101.0,98.37000274658203,99.68000030517578,28700
2019-10-23,84.44373321533203,100.29000091552734,100.76000213623047,97.01000213623047,98.98999786376953,38500
2019-10-24,83.39966583251953,99.05000305175781,100.48999786376953,98.26000213623047,100.48999786376953,47000
2019-10-25,86.01825714111328,102.16000366210938,106.94000244140625,99.7699966430664,106.94000244140625,35100
2019-10-28,90.76712799072266,107.80000305175781,108.02999877929688,103.13999938964844,104.16000366210938,59500
2019-10-29,91.56702423095703,108.75,110.0,106.12999725341797,107.29000091552734,46500
2019-10-30,92.43965911865234,109.11000061035156,110.98999786376953,106.3499984741211,108.91000366210938,61700
2019-10-31,91.90591430664062,108.4800033569336,109.0,105.26000213623047,108.08000183105469,60800
2019-11-01,93.0750732421875,109.86000061035156,111.30000305175781,108.27999877929688,109.76000213623047,71000
2019-11-04,95.8200454711914,113.0999984741211,113.56999969482422,110.0,111.4800033569336,67300
2019-11-05,97.67544555664062,115.29000091552734,117.29000091552734,113.8499984741211,113.8499984741211,51000
2019-11-06,96.9976577758789,114.48999786376953,115.94999694824219,113.61000061035156,114.93000030517578,62500
2019-11-07,97.37045288085938,114.93000030517578,115.61000061035156,113.4000015258789,115.61000061035156,53700
2019-11-08,97.2687759399414,114.80999755859375,115.62999725341797,111.19999694824219,114.37000274658203,70000
2019-11-11,98.16683959960938,115.87000274658203,116.33000183105469,113.8499984741211,113.87999725341797,33200
2019-11-12,98.93780517578125,116.77999877929688,117.11000061035156,113.93000030517578,115.9000015258789,35000
2019-11-13,98.70056915283203,116.5,116.80999755859375,114.06999969482422,115.9000015258789,55200
2019-11-14,98.63279724121094,116.41999816894531,117.76000213623047,115.30000305175781,116.30999755859375,44800
2019-11-15,99.25975036621094,117.16000366210938,117.80000305175781,115.5199966430664,117.45999908447266,43000
2019-11-18,98.51419830322266,116.27999877929688,116.94000244140625,115.75,116.44999694824219,51200
2019-11-19,99.15807342529297,117.04000091552734,118.36000061035156,116.56999969482422,116.9800033569336,28000
2019-11-20,97.93807220458984,115.5999984741211,117.69000244140625,114.19999694824219,116.16999816894531,41400
2019-11-21,97.94656372070312,115.61000061035156,116.9000015258789,114.58000183105469,116.08000183105469,35100
2019-11-22,98.64972686767578,116.44000244140625,117.38999938964844,115.20999908447266,116.3499984741211,25600
2019-11-25,99.8866958618164,117.9000015258789,120.56999969482422,115.97000122070312,116.81999969482422,68800
2019-11-26,99.22586822509766,117.12000274658203,118.4000015258789,116.69000244140625,118.36000061035156,43100
2019-11-27,100.31877136230469,118.41000366210938,123.26000213623047,114.54000091552734,117.55999755859375,25800
2019-11-29,99.80197143554688,117.80000305175781,119.47000122070312,115.94000244140625,117.80000305175781,18200
2019-12-02,98.92932891845703,116.7699966430664,122.27999877929688,116.27999877929688,118.45999908447266,30400
2019-12-03,98.25155639648438,115.97000122070312,116.75,114.0999984741211,114.94000244140625,45900
2019-12-04,99.02251434326172,116.87999725341797,118.29000091552734,116.05000305175781,117.05999755859375,43700
2019-12-05,98.83612823486328,116.66000366210938,118.44999694824219,116.41999816894531,117.87999725341797,39500
2019-12-06,101.16598510742188,119.41000366210938,120.0,117.51000213623047,117.83000183105469,65100
2019-12-09,101.35234832763672,119.62999725341797,120.37000274658203,118.37000274658203,119.02999877929688,71800
2019-12-10,99.31057739257812,117.22000122070312,119.55000305175781,115.26000213623047,119.55000305175781,63700
2019-12-11,99.8104248046875,117.80999755859375,118.8499984741211,116.2300033569336,117.73999786376953,57400
2019-12-12,102.05554962158203,120.45999908447266,121.27999877929688,116.5,118.37000274658203,58200
2019-12-13,101.40319061279297,119.69000244140625,119.97000122070312,117.94000244140625,119.80999755859375,36500
2019-12-16,101.13208770751953,119.37000274658203,122.25,118.77999877929688,120.4000015258789,79300
2019-12-17,103.377197265625,122.0199966430664,122.0199966430664,119.0,120.0,49300
2019-12-18,102.42833709716797,120.9000015258789,122.6500015258789,120.0,122.6500015258789,76700
2019-12-19,104.5971908569336,123.45999908447266,123.87999725341797,119.18000030517578,121.66999816894531,89900
2019-12-20,104.11429595947266,122.88999938964844,123.91000366210938,119.19999694824219,123.58999633789062,206000
2019-12-23,104.24984741210938,123.05000305175781,123.7300033569336,121.62000274658203,123.7300033569336,34900
2019-12-24,104.74970245361328,123.63999938964844,123.70999908447266,122.22000122070312,123.0,12000
2019-12-26,102.67400360107422,121.19000244140625,124.0,121.02999877929688,124.0,30300
2019-12-27,103.74150848388672,122.44999694824219,122.88999938964844,119.5999984741211,121.9000015258789,40300
2019-12-30,104.05497741699219,122.81999969482422,123.30000305175781,122.02999877929688,123.05999755859375,30100
2019-12-31,103.12303924560547,121.72000122070312,123.98999786376953,121.4800033569336,122.80000305175781,46800
2020-01-02,104.34302520751953,123.16000366210938,126.11000061035156,121.0,122.91999816894531,55700
2020-01-03,104.89370727539062,123.80999755859375,124.08999633789062,120.31999969482422,121.30999755859375,73000
2020-01-06,104.51248931884766,123.36000061035156,123.72000122070312,121.3499984741211,122.76000213623047,55900
2020-01-07,104.57176208496094,123.43000030517578,124.75,122.08000183105469,123.2699966430664,40700
2020-01-08,105.13941955566406,124.0999984741211,124.9800033569336,123.0999984741211,123.5199966430664,70100
2020-01-09,105.64774322509766,124.69999694824219,125.54000091552734,122.87999725341797,125.16999816894531,64400
2020-01-10,107.35063934326172,126.70999908447266,127.25,124.3499984741211,125.11000061035156,73500
2020-01-13,108.65536499023438,128.25,130.33999633789062,126.55000305175781,126.55000305175781,116000
2020-01-14,107.58786010742188,126.98999786376953,128.75,126.52999877929688,127.69999694824219,63500
2020-01-15,106.85926055908203,126.12999725341797,127.33000183105469,125.7699966430664,126.20999908447266,61400
2020-01-16,107.63870239257812,127.05000305175781,127.77999877929688,126.63999938964844,126.9000015258789,77300
2020-01-17,108.72313690185547,128.3300018310547,129.2100067138672,127.18000030517578,128.00999450683594,58100
2020-01-21,108.72313690185547,128.3300018310547,129.14999389648438,127.19999694824219,128.24000549316406,91900
2020-01-22,110.3243637084961,130.22000122070312,131.17999267578125,128.1999969482422,128.91000366210938,92900
2020-01-23,109.91771697998047,129.74000549316406,130.0,127.56999969482422,129.88999938964844,50000
2020-01-24,107.5455093383789,126.94000244140625,129.66000366210938,125.83999633789062,129.66000366210938,68300
2020-01-27,106.52037048339844,125.7300033569336,126.91000366210938,123.87000274658203,124.26000213623047,103500
2020-01-28,107.33370208740234,126.69000244140625,127.41999816894531,124.62999725341797,126.56999969482422,66300
2020-01-29,107.1557846069336,126.4800033569336,127.9000015258789,125.33999633789062,126.8499984741211,119200
2020-01-30,107.76903533935547,126.52999877929688,126.79000091552734,122.18000030517578,124.86000061035156,92900
2020-01-31,104.78797912597656,123.02999877929688,128.5500030517578,120.18000030517578,128.5500030517578,149700
2020-02-03,108.0586166381836,126.87000274658203,128.6999969482422,124.81999969482422,127.80000305175781,232500
2020-02-04,110.61380767822266,129.8699951171875,129.88999938964844,127.12000274658203,128.27999877929688,161100
2020-02-05,114.88948822021484,134.88999938964844,135.0,130.0500030517578,131.0,103800
2020-02-06,115.35794830322266,135.44000244140625,136.60000610351562,134.89999389648438,135.61000061035156,39900
2020-02-07,114.33586120605469,134.24000549316406,135.7100067138672,132.41000366210938,134.83999633789062,45000
2020-02-10,117.6490707397461,138.1300048828125,138.52999877929688,132.11000061035156,134.14999389648438,135800
2020-02-11,118.21118927001953,138.7899932861328,141.7899932861328,138.0500030517578,138.47999572753906,107300
2020-02-12,117.93014526367188,138.4600067138672,140.8699951171875,138.35000610351562,140.0800018310547,82200
2020-02-13,115.90302276611328,136.0800018310547,139.13999938964844,135.99000549316406,137.77000427246094,57000
2020-02-14,115.89451599121094,136.07000732421875,137.0399932861328,133.47000122070312,136.1199951171875,218700
2020-02-18,114.74467468261719,134.72000122070312,136.99000549316406,132.42999267578125,136.7899932861328,47000
2020-02-19,116.87399291992188,137.22000122070312,137.38999938964844,134.64999389648438,135.22000122070312,54700
2020-02-20,117.0954360961914,137.47999572753906,138.67999267578125,136.61000061035156,136.74000549316406,37300
2020-02-21,114.62545013427734,134.5800018310547,137.0399932861328,133.97000122070312,137.02999877929688,57900
2020-02-24,107.845703125,126.62000274658203,130.0800018310547,125.4800033569336,129.47999572753906,79600
2020-02-25,104.58358001708984,122.79000091552734,127.01000213623047,121.4800033569336,126.62000274658203,67900
2020-02-26,102.65868377685547,120.52999877929688,125.41000366210938,119.19000244140625,123.48999786376953,47500
2020-02-27,99.70315551757812,117.05999755859375,121.66000366210938,112.12000274658203,118.01000213623047,53100
2020-02-28,94.03068542480469,110.4000015258789,114.25,107.95999908447266,112.20999908447266,114500
2020-03-02,95.8533706665039,112.54000091552734,112.54000091552734,105.0,111.3499984741211,217700
2020-03-03,92.72754669189453,108.87000274658203,114.08999633789062,107.93000030517578,112.44000244140625,112200
2020-03-04,95.59786224365234,112.23999786376953,112.43000030517578,107.93000030517578,111.2300033569336,77800
2020-03-05,87.30203247070312,102.5,109.08999633789062,101.3499984741211,108.7300033569336,124100
2020-03-06,86.62916564941406,101.70999908447266,102.72000122070312,97.3499984741211,97.3499984741211,108000
2020-03-09,76.35733032226562,89.6500015258789,95.73999786376953,88.12000274658203,92.93000030517578,86800
2020-03-10,84.63611602783203,99.37000274658203,99.51000213623047,92.58000183105469,93.25,87600
2020-03-11,78.9210205078125,92.66000366210938,96.97000122070312,91.7300033569336,96.76000213623047,134500
2020-03-12,68.6236572265625,80.56999969482422,86.56999969482422,77.86000061035156,86.05999755859375,93700
2020-03-13,72.28608703613281,84.87000274658203,88.54000091552734,77.12000274658203,85.05999755859375,64100
2020-03-16,61.70761489868164,72.44999694824219,79.41999816894531,70.69000244140625,74.61000061035156,99700
2020-03-17,67.2268295288086,78.93000030517578,79.26000213623047,69.61000061035156,73.08000183105469,100600
2020-03-18,62.32937240600586,73.18000030517578,74.7300033569336,67.94000244140625,73.37000274658203,127500
2020-03-19,63.368507385253906,74.4000015258789,81.29000091552734,70.43000030517578,72.26000213623047,98900
2020-03-20,57.67897415161133,67.72000122070312,77.44000244140625,66.98999786376953,73.77999877929688,135100
2020-03-23,48.82099914550781,57.31999969482422,72.94000244140625,55.369998931884766,68.1500015258789,90700
2020-03-24,58.64140701293945,68.8499984741211,72.63999938964844,58.869998931884766,60.5,62400
2020-03-25,59.680519104003906,70.06999969482422,76.88999938964844,67.41000366210938,69.44000244140625,55100
2020-03-26,66.79243469238281,78.41999816894531,79.27999877929688,71.23999786376953,71.23999786376953,73000
2020-03-27,63.879539489746094,75.0,77.83999633789062,72.80999755859375,73.01000213623047,88000
2020-03-30,64.36502075195312,75.56999969482422,79.68000030517578,72.04000091552734,75.94000244140625,69300
2020-03-31,64.824951171875,76.11000061035156,76.30000305175781,73.04000091552734,75.0,73200
2020-04-01,61.656532287597656,72.38999938964844,75.30000305175781,70.58000183105469,72.66000366210938,63500
2020-04-02,60.48115158081055,71.01000213623047,74.61000061035156,68.0999984741211,71.37000274658203,78900
2020-04-03,55.404850006103516,65.05000305175781,73.12000274658203,62.81999969482422,70.5199966430664,60900
2020-04-06,61.00069808959961,71.62000274658203,73.08000183105469,67.23999786376953,67.23999786376953,69700
2020-04-07,66.42617797851562,77.98999786376953,80.8499984741211,71.5,75.12000274658203,90500
2020-04-08,68.11261749267578,79.97000122070312,81.36000061035156,76.04000091552734,80.4800033569336,47100
2020-04-09,72.0816650390625,84.62999725341797,85.30000305175781,80.08000183105469,80.08000183105469,57000
2020-04-13,71.97093200683594,84.5,87.0999984741211,80.70999908447266,83.12000274658203,59600
2020-04-14,69.91828155517578,82.08999633789062,89.5,80.86000061035156,85.73999786376953,49700
2020-04-15,67.28645324707031,79.0,80.05000305175781,76.66999816894531,80.0,67900
2020-04-16,65.84701538085938,77.30999755859375,81.08999633789062,75.69999694824219,81.08999633789062,59500
2020-04-17,68.71733856201172,80.68000030517578,84.38999938964844,79.18000030517578,79.5999984741211,46800
2020-04-20,65.94071960449219,77.41999816894531,81.06999969482422,76.0,80.0199966430664,44800
2020-04-21,65.2848892211914,76.6500015258789,77.37999725341797,75.25,75.58999633789062,32800
2020-04-22,64.73126983642578,76.0,79.63999938964844,75.29000091552734,78.0199966430664,73200
2020-04-23,63.879539489746094,75.0,77.98999786376953,74.4000015258789,77.0,60200
2020-04-24,64.4416732788086,75.66000366210938,77.23999786376953,73.48999786376953,75.44999694824219,38900
2020-04-27,68.46183776855469,80.37999725341797,81.05999755859375,76.5,76.87000274658203,43600
2020-04-28,69.84162139892578,82.0,83.27999877929688,79.56999969482422,82.7300033569336,71700
2020-04-29,73.74032592773438,85.87000274658203,86.95999908447266,83.23999786376953,85.08000183105469,67800
2020-04-30,69.79009246826172,81.2699966430664,85.20999908447266,80.0,83.6500015258789,111200
2020-05-01,79.8631591796875,93.0,94.81999969482422,80.41000366210938,84.19000244140625,84000
2020-05-04,80.30110931396484,93.51000213623047,97.9000015258789,90.62000274658203,93.4000015258789,73800
2020-05-05,75.78414154052734,88.25,99.16000366210938,88.2300033569336,95.98999786376953,100400
2020-05-06,75.4749755859375,87.88999938964844,90.0,87.02999877929688,89.69999694824219,33600
2020-05-07,77.02931213378906,89.69999694824219,91.2699966430664,88.25,88.63999938964844,33500
2020-05-08,81.98426818847656,95.47000122070312,95.94000244140625,90.94999694824219,90.98999786376953,47100
2020-05-11,78.56645965576172,91.48999786376953,94.38999938964844,91.26000213623047,93.55000305175781,53000
2020-05-12,74.1954574584961,86.4000015258789,91.5,86.12999725341797,91.5,36800
2020-05-13,70.60591125488281,82.22000122070312,85.56999969482422,80.80999755859375,84.80999755859375,37300
2020-05-14,71.16409301757812,82.87000274658203,84.41999816894531,75.19999694824219,79.01000213623047,45600
2020-05-15,69.72997283935547,81.19999694824219,82.97000122070312,80.26000213623047,82.08000183105469,40900
2020-05-18,76.56559753417969,89.16000366210938,89.4800033569336,83.12999725341797,84.5999984741211,39300
2020-05-19,72.79570007324219,84.7699966430664,90.2300033569336,84.7699966430664,88.58000183105469,25700
2020-05-20,75.9730453491211,88.47000122070312,89.37999725341797,86.31999969482422,86.31999969482422,31600
2020-05-21,76.48828887939453,89.06999969482422,91.30999755859375,88.06999969482422,88.06999969482422,32600
2020-05-22,77.99109649658203,90.81999969482422,91.44999694824219,86.8499984741211,89.44000244140625,43800
2020-05-26,83.23802947998047,96.93000030517578,99.62999725341797,93.25,94.69000244140625,39000
2020-05-27,85.5136947631836,99.58000183105469,102.18000030517578,97.01000213623047,99.73999786376953,54500
2020-05-28,80.47286987304688,93.70999908447266,101.7300033569336,93.04000091552734,101.7300033569336,57100
2020-05-29,79.84597778320312,92.9800033569336,94.5199966430664,91.8499984741211,93.5,53800
2020-06-01,87.47161865234375,101.86000061035156,108.08999633789062,93.93000030517578,93.93000030517578,83400
2020-06-02,90.32266235351562,105.18000030517578,108.08000183105469,100.1500015258789,102.52999877929688,80100
2020-06-03,97.3386001586914,113.3499984741211,114.05999755859375,107.79000091552734,108.4000015258789,73700
2020-06-04,95.41500091552734,111.11000061035156,114.04000091552734,108.62999725341797,111.79000091552734,52400
2020-06-05,95.53523254394531,111.25,119.0,108.56999969482422,113.91000366210938,109300
2020-06-08,98.86714935302734,115.12999725341797,116.69999694824219,111.94000244140625,114.44000244140625,48900
2020-06-09,97.97406768798828,114.08999633789062,115.9800033569336,110.97000122070312,111.91000366210938,45700
2020-06-10,96.7546615600586,112.66999816894531,117.31999969482422,111.54000091552734,113.44000244140625,56200
2020-06-11,87.3857650756836,101.76000213623047,111.08000183105469,101.37999725341797,107.41999816894531,72300
2020-06-12,93.6717529296875,109.08000183105469,109.36000061035156,103.66000366210938,106.7699966430664,40400
2020-06-15,97.38154602050781,113.4000015258789,114.9000015258789,106.63999938964844,107.95999908447266,55400
2020-06-16,99.51119995117188,115.87999725341797,119.94000244140625,114.16000366210938,119.43000030517578,56100
2020-06-17,100.02647399902344,116.4800033569336,117.83999633789062,112.98999786376953,116.12000274658203,55900
2020-06-18,100.48159790039062,117.01000213623047,117.69000244140625,113.62000274658203,115.38999938964844,46800
2020-06-19,98.80705261230469,115.05999755859375,119.52999877929688,114.2300033569336,119.19000244140625,125800
2020-06-22,98.42060852050781,114.61000061035156,115.06999969482422,111.9000015258789,114.3499984741211,36900
2020-06-23,98.90152740478516,115.16999816894531,116.38999938964844,114.52999877929688,115.83999633789062,35800
2020-06-24,94.38451385498047,109.91000366210938,116.4000015258789,109.55999755859375,113.43000030517578,44500
2020-06-25,98.12865447998047,114.2699966430664,114.7699966430664,110.05999755859375,110.05999755859375,32900
2020-06-26,91.919921875,107.04000091552734,112.44000244140625,106.2300033569336,112.44000244140625,136500
2020-06-29,96.94357299804688,112.88999938964844,112.88999938964844,109.31999969482422,109.31999969482422,46400
2020-06-30,99.86331176757812,116.29000091552734,116.62999725341797,111.52999877929688,111.52999877929688,39600
2020-07-01,97.09814453125,113.06999969482422,118.0,112.62000274658203,115.70999908447266,29700
2020-07-02,97.95687866210938,114.06999969482422,117.2699966430664,113.26000213623047,116.41999816894531,39400
2020-07-06,101.3661117553711,118.04000091552734,120.69999694824219,116.79000091552734,117.9000015258789,74600
2020-07-07,109.7474365234375,127.80000305175781,133.50999450683594,114.2699966430664,116.80000305175781,99100
2020-07-08,109.12915802001953,127.08000183105469,129.94000244140625,124.5999984741211,127.01000213623047,52000
2020-07-09,104.79249572753906,122.02999877929688,130.30999755859375,120.25,127.72000122070312,41300
2020-07-10,109.29230499267578,127.2699966430664,128.1999969482422,123.38999938964844,123.38999938964844,40600
2020-07-13,106.59585571289062,124.12999725341797,131.13999938964844,122.88999938964844,131.13999938964844,60800
2020-07-14,109.35240936279297,127.33999633789062,128.25,121.22000122070312,122.80999755859375,28400
2020-07-15,111.41341400146484,129.74000549316406,131.52000427246094,128.88999938964844,131.50999450683594,53100
2020-07-16,111.48210906982422,129.82000732421875,131.13999938964844,125.9800033569336,129.80999755859375,35400
2020-07-17,109.34381866455078,127.33000183105469,129.32000732421875,126.77999877929688,129.32000732421875,44500
2020-07-20,109.84191131591797,127.91000366210938,131.91000366210938,125.72000122070312,126.6500015258789,41600
2020-07-21,112.74446868896484,131.2899932861328,132.22000122070312,128.4600067138672,129.02000427246094,21300
2020-07-22,112.82174682617188,131.3800048828125,132.72999572753906,129.49000549316406,129.49000549316406,30100
2020-07-23,113.48297119140625,132.14999389648438,133.42999267578125,130.0,130.00999450683594,58300
2020-07-24,114.87413024902344,133.77000427246094,143.49000549316406,132.1300048828125,136.97999572753906,124700
2020-07-27,119.04763793945312,138.6300048828125,141.7899932861328,134.77000427246094,136.2899932861328,40600
2020-07-28,117.21849060058594,136.5,138.6699981689453,135.24000549316406,137.99000549316406,26300
2020-07-29,119.20221710205078,138.80999755859375,141.61000061035156,135.47999572753906,136.16000366210938,31000
2020-07-30,117.44187927246094,136.10000610351562,138.39999389648438,135.08999633789062,136.02000427246094,25000
2020-07-31,117.28657531738281,135.9199981689453,136.41000366210938,132.47999572753906,135.47000122070312,30400
2020-08-03,117.69213104248047,136.38999938964844,137.22000122070312,132.85000610351562,136.25,25200
2020-08-04,116.6911392211914,135.22999572753906,136.64999389648438,132.9600067138672,136.64999389648438,39300
2020-08-05,120.91075897216797,140.1199951171875,140.13999938964844,135.60000610351562,137.17999267578125,32400
2020-08-06,119.68540954589844,138.6999969482422,140.33999633789062,137.77999877929688,139.47999572753906,26600
2020-08-07,123.43909454345703,143.0500030517578,143.22999572753906,137.52000427246094,137.52000427246094,27100
2020-08-10,123.0162582397461,142.55999755859375,146.10000610351562,140.47000122070312,143.02000427246094,26700
2020-08-11,123.53401947021484,143.16000366210938,146.6999969482422,142.3300018310547,144.9199981689453,39600
2020-08-12,125.07862091064453,144.9499969482422,148.24000549316406,142.22999572753906,145.83999633789062,40500
2020-08-13,122.51578521728516,141.97999572753906,146.5,141.0,145.3699951171875,27400
2020-08-14,123.06802368164062,142.6199951171875,144.69000244140625,140.41000366210938,140.41000366210938,23400
2020-08-17,123.55122375488281,143.17999267578125,144.5500030517578,141.77000427246094,141.97000122070312,29900
2020-08-18,120.94528198242188,140.16000366210938,144.50999450683594,140.16000366210938,142.80999755859375,30600
2020-08-19,121.88585662841797,141.25,143.4499969482422,139.77000427246094,139.77000427246094,26800
2020-08-20,121.1006088256836,140.33999633789062,143.2899932861328,139.8699951171875,140.10000610351562,37600
2020-08-21,120.46207427978516,139.60000610351562,140.83999633789062,138.60000610351562,139.35000610351562,24900
2020-08-24,120.82450103759766,140.02000427246094,141.8300018310547,138.99000549316406,141.50999450683594,55000
2020-08-25,121.37677001953125,140.66000366210938,142.02999877929688,139.9199981689453,141.52000427246094,24700
2020-08-26,120.00474548339844,139.07000732421875,141.25,137.72999572753906,141.24000549316406,19500
2020-08-27,120.79861450195312,139.99000549316406,141.77000427246094,138.5800018310547,139.3800048828125,39400
2020-08-28,120.09963989257812,139.17999267578125,141.02000427246094,137.49000549316406,140.6199951171875,42100
2020-08-31,122.4467544555664,141.89999389648438,143.5,137.50999450683594,138.50999450683594,54400
2020-09-01,122.72288513183594,142.22000122070312,144.13999938964844,140.72999572753906,140.94000244140625,39500
2020-09-02,123.67208099365234,143.32000732421875,144.2899932861328,140.86000061035156,141.77999877929688,34100
2020-09-03,121.80819702148438,141.16000366210938,144.35000610351562,139.83999633789062,143.8800048828125,49400
2020-09-04,119.65956115722656,138.6699981689453,142.64999389648438,137.72999572753906,142.64999389648438,50700
2020-09-08,114.76686096191406,133.0,136.52000427246094,131.61000061035156,136.52000427246094,46000
2020-09-09,116.50994110107422,135.02000427246094,135.42999267578125,131.89999389648438,134.32000732421875,31200
2020-09-10,114.30951690673828,132.47000122070312,137.1999969482422,131.83999633789062,136.38999938964844,49800
2020-09-11,116.49266815185547,135.0,136.10000610351562,132.0,132.72000122070312,36900
2020-09-14,117.79564666748047,136.50999450683594,137.8699951171875,134.1300048828125,135.66000366210938,24000
2020-09-15,117.42460632324219,136.0800018310547,138.49000549316406,135.75999450683594,138.02000427246094,26500
2020-09-16,120.59149169921875,139.75,141.11000061035156,135.8000030517578,135.8000030517578,47600
2020-09-17,120.09963989257812,139.17999267578125,140.88999938964844,137.39999389648438,137.39999389648438,60700
2020-09-18,120.05648803710938,139.1300048828125,142.0399932861328,138.4600067138672,140.69000244140625,145400
2020-09-21,112.97199249267578,130.9199981689453,137.1999969482422,129.35000610351562,136.13999938964844,69500
2020-09-22,117.39873504638672,136.0500030517578,137.0399932861328,130.97999572753906,131.25999450683594,72500
2020-09-23,116.38050079345703,134.8699951171875,139.9199981689453,134.4199981689453,135.85000610351562,90100
2020-09-24,115.09476470947266,133.3800048828125,136.0,131.9199981689453,134.86000061035156,76000
2020-09-25,116.27696228027344,134.75,135.0,131.9499969482422,132.52000427246094,45700
2020-09-28,119.50424194335938,138.49000549316406,140.0800018310547,135.0,136.8699951171875,38200
2020-09-29,118.33927154541016,137.13999938964844,139.17999267578125,135.47999572753906,138.41000366210938,31900
2020-09-30,119.64229583740234,138.64999389648438,140.94000244140625,137.69000244140625,137.9499969482422,37800
2020-10-01,119.34026336669922,138.3000030517578,139.77999877929688,137.19000244140625,139.1999969482422,30300
2020-10-02,122.88683319091797,142.41000366210938,143.13999938964844,135.22000122070312,135.88999938964844,48700
2020-10-05,128.107421875,148.4600067138672,148.9600067138672,143.63999938964844,144.35000610351562,56000
2020-10-06,125.70851135253906,145.67999267578125,150.67999267578125,145.17999267578125,150.67999267578125,69700
2020-10-07,124.43141174316406,144.1999969482422,148.9499969482422,143.69000244140625,147.10000610351562,85000
2020-10-08,133.12095642089844,154.27000427246094,154.63999938964844,145.8000030517578,145.8000030517578,66000
2020-10-09,134.27725219726562,155.61000061035156,157.60000610351562,154.27999877929688,156.66000366210938,49700
2020-10-12,135.0710906982422,156.52999877929688,158.0399932861328,155.02000427246094,156.85000610351562,52000
2020-10-13,134.74317932128906,156.14999389648438,157.6999969482422,155.22999572753906,156.07000732421875,50800
2020-10-14,137.07305908203125,158.85000610351562,159.47999572753906,155.0,156.77000427246094,44300
2020-10-15,140.421142578125,162.72999572753906,163.63999938964844,154.77999877929688,158.83999633789062,50000
2020-10-16,142.30227661132812,164.91000366210938,166.2100067138672,160.7899932861328,162.0800018310547,31400
2020-10-19,140.74905395507812,163.11000061035156,167.3800048828125,162.33999633789062,166.47999572753906,40900
2020-10-20,143.8813934326172,166.74000549316406,167.14999389648438,164.24000549316406,164.24000549316406,33100
2020-10-21,143.89002990722656,166.75,169.25999450683594,164.97000122070312,167.83999633789062,37400
2020-10-22,145.83155822753906,169.0,170.08999633789062,165.75,167.1300048828125,59600
2020-10-23,153.2180633544922,177.55999755859375,179.57000732421875,170.42999267578125,170.42999267578125,62600
2020-10-26,149.42990112304688,173.1699981689453,180.88999938964844,172.02000427246094,178.07000732421875,53300
2020-10-27,142.9322052001953,165.63999938964844,174.1999969482422,164.49000549316406,174.1999969482422,52200
2020-10-28,137.33193969726562,159.14999389648438,164.8300018310547,158.99000549316406,161.50999450683594,45500
2020-10-29,137.6875457763672,158.74000549316406,159.8300018310547,155.72999572753906,157.27999877929688,44100
2020-10-30,138.39012145996094,159.5500030517578,160.02999877929688,157.4199981689453,157.49000549316406,48600
2020-11-02,141.6167755126953,163.27000427246094,165.0,159.4199981689453,161.63999938964844,65400
2020-11-03,143.60305786132812,165.55999755859375,168.8000030517578,163.4600067138672,166.1999969482422,75200
2020-11-04,146.083740234375,168.4199981689453,171.86000061035156,162.1199951171875,164.05999755859375,62000
2020-11-05,151.17529296875,174.2899932861328,175.66000366210938,170.52999877929688,170.52999877929688,53700
2020-11-06,146.6041717529297,169.02000427246094,175.7899932861328,168.5399932861328,175.7899932861328,45300
2020-11-09,150.27316284179688,173.25,182.9499969482422,172.85000610351562,175.1199951171875,67100
2020-11-10,153.85548400878906,177.3800048828125,179.97999572753906,174.32000732421875,175.8699951171875,64400
2020-11-11,155.54685974121094,179.3300018310547,180.39999389648438,177.22000122070312,179.0,58300
2020-11-12,152.2508087158203,175.52999877929688,179.89999389648438,173.38999938964844,177.52000427246094,55400
2020-11-13,157.6719207763672,181.77999877929688,182.80999755859375,176.92999267578125,177.60000610351562,41200
2020-11-16,162.00013732910156,186.77000427246094,189.77999877929688,183.52999877929688,184.47000122070312,72200
2020-11-17,165.4002685546875,190.69000244140625,192.41000366210938,182.64999389648438,185.11000061035156,106800
2020-11-18,158.66075134277344,182.9199981689453,194.88999938964844,182.67999267578125,191.47000122070312,139100
2020-11-19,155.60757446289062,179.39999389648438,183.27999877929688,174.99000549316406,181.69000244140625,61700
2020-11-20,155.04376220703125,178.75,180.1300048828125,174.1699981689453,179.02000427246094,55200
2020-11-23,158.43519592285156,182.66000366210938,184.02999877929688,178.8800048828125,178.8800048828125,53500
2020-11-24,159.3806610107422,183.75,187.91000366210938,179.82000732421875,184.17999267578125,84600
2020-11-25,158.3831329345703,182.60000610351562,184.2100067138672,179.47999572753906,182.8300018310547,42900
2020-11-27,160.56893920898438,185.1199951171875,186.0399932861328,181.25999450683594,182.61000061035156,24000
2020-11-30,155.15652465820312,178.8800048828125,185.0,177.16000366210938,185.0,46900
2020-12-01,156.03256225585938,179.88999938964844,181.6199951171875,178.52999877929688,179.72999572753906,25800
2020-12-02,159.94444274902344,184.39999389648438,185.69000244140625,179.5,179.8699951171875,44000
2020-12-03,173.0679168701172,199.52999877929688,200.7899932861328,185.35000610351562,185.35000610351562,60500
2020-12-04,178.67982482910156,206.0,206.66000366210938,197.5,200.0,41200
2020-12-07,178.3675537109375,205.63999938964844,206.58999633789062,203.89999389648438,206.58999633789062,50200
2020-12-08,185.90504455566406,214.3300018310547,214.60000610351562,205.07000732421875,205.07000732421875,79200
2020-12-09,184.8555450439453,213.1199951171875,216.58999633789062,209.0,216.58999633789062,69600
2020-12-10,185.79229736328125,214.1999969482422,216.97000122070312,210.2100067138672,210.2100067138672,35200
2020-12-11,182.86061096191406,210.82000732421875,214.4600067138672,209.50999450683594,211.6699981689453,40000
2020-12-14,177.11851501464844,204.1999969482422,216.2899932861328,202.25,213.82000732421875,63200
2020-12-15,185.41070556640625,213.75999450683594,217.08999633789062,205.1199951171875,206.0,85200
2020-12-16,184.75144958496094,213.0,217.3000030517578,210.3000030517578,215.8800048828125,75000
2020-12-17,186.33009338378906,214.82000732421875,216.52000427246094,209.3300018310547,215.61000061035156,66800
2020-12-18,180.8222198486328,208.47000122070312,214.82000732421875,207.3699951171875,214.82000732421875,161300
2020-12-21,177.60426330566406,204.75999450683594,209.00999450683594,203.3000030517578,206.17999267578125,62300
2020-12-22,179.97219848632812,207.49000549316406,209.97000122070312,203.13999938964844,206.5,29000
2020-12-23,183.91876220703125,212.0399932861328,213.97000122070312,208.3000030517578,210.24000549316406,25500
2020-12-24,186.3647918701172,214.86000061035156,215.1699981689453,210.64999389648438,212.66000366210938,28600
2020-12-28,185.15914916992188,213.47000122070312,218.5,213.0,217.3699951171875,33000
2020-12-29,183.59783935546875,211.6699981689453,214.52999877929688,208.3300018310547,213.4199981689453,23300
2020-12-30,186.61630249023438,215.14999389648438,216.39999389648438,212.58999633789062,212.58999633789062,27900
2020-12-31,188.22097778320312,217.0,217.2899932861328,213.55999755859375,214.08999633789062,28500
2021-01-04,184.43051147460938,212.6300048828125,220.3000030517578,210.5399932861328,219.5800018310547,51600
2021-01-05,187.06735229492188,215.6699981689453,220.0,214.25,215.75999450683594,45700
2021-01-06,199.29736328125,229.77000427246094,236.41000366210938,216.6699981689453,216.6699981689453,81000
2021-01-07,201.40509033203125,232.1999969482422,232.83999633789062,228.66000366210938,230.1300048828125,31200
2021-01-08,202.84498596191406,233.86000061035156,236.0,228.8000030517578,233.0,40600
2021-01-11,202.11636352539062,233.02000427246094,239.99000549316406,228.35000610351562,232.49000549316406,41300
2021-01-12,203.3827362060547,234.47999572753906,237.24000549316406,232.9499969482422,235.14999389648438,36200
2021-01-13,202.80162048339844,233.80999755859375,236.0,232.47000122070312,233.80999755859375,51600
2021-01-14,204.14602661132812,235.36000061035156,238.33999633789062,233.75999450683594,235.88999938964844,54600
2021-01-15,196.8687286376953,226.97000122070312,233.27000427246094,225.02999877929688,231.99000549316406,75300
2021-01-19,193.73745727539062,223.36000061035156,232.10000610351562,220.13999938964844,230.58999633789062,86100
2021-01-20,194.93446350097656,224.74000549316406,225.5500030517578,223.22000122070312,223.67999267578125,52400
2021-01-21,190.71031188964844,219.8699951171875,227.27000427246094,219.74000549316406,227.27000427246094,55400
2021-01-22,193.45123291015625,223.02999877929688,223.97000122070312,213.80999755859375,217.02000427246094,70900
2021-01-25,187.38827514648438,216.0399932861328,224.66000366210938,215.6199951171875,224.64999389648438,64600
2021-01-26,188.02149963378906,216.77000427246094,218.94000244140625,212.97999572753906,216.7899932861328,25600
2021-01-27,176.87564086914062,203.9199981689453,213.6199951171875,200.94000244140625,210.64999389648438,71900
2021-01-28,189.1637725830078,217.2100067138672,218.6999969482422,206.88999938964844,206.88999938964844,66800
2021-01-29,182.8847198486328,210.0,215.5500030517578,207.11000061035156,215.5500030517578,80800
2021-02-01,193.02175903320312,221.63999938964844,222.6999969482422,211.08999633789062,212.5,46400
2021-02-02,203.8206787109375,234.0399932861328,247.00999450683594,225.0500030517578,240.0,102800
2021-02-03,202.2879180908203,232.27999877929688,238.47000122070312,227.50999450683594,237.8300018310547,68000
2021-02-04,205.65821838378906,236.14999389648438,238.32000732421875,232.05999755859375,232.05999755859375,43200
2021-02-05,210.44810485839844,241.64999389648438,241.64999389648438,235.77999877929688,240.27999877929688,38200
2021-02-08,214.04481506347656,245.77999877929688,245.91000366210938,242.4499969482422,243.5,27800
2021-02-09,217.77218627929688,250.05999755859375,252.24000549316406,243.55999755859375,243.91000366210938,41500
2021-02-10,220.73316955566406,253.4600067138672,260.0,252.52999877929688,253.33999633789062,51000
2021-02-11,222.08302307128906,255.00999450683594,256.1000061035156,242.27999877929688,256.1000061035156,32900
2021-02-12,224.63475036621094,257.94000244140625,258.1600036621094,252.10000610351562,252.10000610351562,21500
2021-02-16,228.35336303710938,262.2099914550781,263.010009765625,256.8599853515625,258.760009765625,40800
2021-02-17,220.75059509277344,253.47999572753906,260.2300109863281,252.8800048828125,259.510009765625,34100
2021-02-18,216.84902954101562,249.0,254.2100067138672,245.6199951171875,253.13999938964844,43900
2021-02-19,215.1072540283203,247.0,255.0,242.7899932861328,255.0,73200
2021-02-22,211.832763671875,243.24000549316406,247.0,240.85000610351562,243.9600067138672,36000
2021-02-23,222.34426879882812,255.30999755859375,257.42999267578125,234.6199951171875,241.6699981689453,56800
2021-02-24,224.89598083496094,258.239990234375,262.8299865722656,256.0400085449219,257.69000244140625,35100
2021-02-25,218.50369262695312,250.89999389648438,259.5199890136719,250.5399932861328,257.7900085449219,31300
2021-02-26,218.50369262695312,250.89999389648438,254.83999633789062,245.25999450683594,251.4600067138672,39700
2021-03-01,229.71192932128906,263.7699890136719,267.0,256.0,256.0,58800
2021-03-02,220.96824645996094,253.72999572753906,260.45001220703125,251.67999267578125,256.1499938964844,47800
2021-03-03,214.21896362304688,245.97999572753906,270.0,243.0,256.1300048828125,147100
2021-03-04,207.10389709472656,237.80999755859375,248.10000610351562,229.67999267578125,248.10000610351562,84000
2021-03-05,214.1580352783203,245.91000366210938,245.91000366210938,231.6199951171875,243.10000610351562,45900
2021-03-08,213.91416931152344,245.6300048828125,253.08999633789062,243.6699981689453,247.07000732421875,48900
2021-03-09,221.20346069335938,254.0,257.44000244140625,244.58999633789062,249.27000427246094,59200
2021-03-10,225.90621948242188,259.3999938964844,266.67999267578125,257.6700134277344,257.6700134277344,44700
2021-03-11,227.01219177246094,260.6700134277344,266.7900085449219,258.5,263.1400146484375,43100
2021-03-12,225.82781982421875,259.30999755859375,260.9599914550781,255.27000427246094,259.07000732421875,38400
2021-03-15,227.86566162109375,261.6499938964844,262.6099853515625,256.7799987792969,262.6099853515625,30500
2021-03-16,224.18186950683594,257.4200134277344,262.32000732421875,255.88999938964844,262.32000732421875,31400
2021-03-17,227.3779754638672,261.0899963378906,262.2699890136719,253.3300018310547,255.89999389648438,30300
2021-03-18,222.10044860839844,255.02999877929688,263.0199890136719,252.27000427246094,258.8800048828125,45400
2021-03-19,223.23257446289062,256.3299865722656,261.32000732421875,248.8800048828125,252.75999450683594,97100
2021-03-22,220.33255004882812,253.0,258.6099853515625,250.49000549316406,258.32000732421875,26000
2021-03-23,209.5597686767578,240.6300048828125,251.3800048828125,239.27999877929688,250.85000610351562,32800
2021-03-24,204.87445068359375,235.25,247.72999572753906,233.97000122070312,242.39999389648438,50300
2021-03-25,204.41287231445312,234.72000122070312,237.88999938964844,226.3800048828125,235.0800018310547,28700
2021-03-26,209.080810546875,240.0800018310547,242.61000061035156,233.8800048828125,238.72000122070312,56800
2021-03-29,209.01109313964844,240.0,242.44000244140625,231.08999633789062,235.27000427246094,67300
2021-03-30,207.84413146972656,238.66000366210938,240.9499969482422,234.16000366210938,239.42999267578125,31500
2021-03-31,205.09214782714844,235.5,240.08999633789062,232.1999969482422,237.8000030517578,67800
2021-04-01,209.83843994140625,240.9499969482422,245.1199951171875,239.0,239.0,28400
2021-04-05,214.11448669433594,245.86000061035156,246.80999755859375,240.72000122070312,243.47000122070312,31300
2021-04-06,213.5135955810547,245.1699981689453,248.0,240.27999877929688,246.24000549316406,94600
2021-04-07,211.3363494873047,242.6699981689453,249.55999755859375,241.27000427246094,246.8300018310547,29000
2021-04-08,215.542724609375,247.5,247.5,242.5,244.97999572753906,36600
2021-04-09,220.2628631591797,252.9199981689453,254.72000122070312,247.5399932861328,247.5399932861328,45000
2021-04-12,221.1772918701172,253.97000122070312,255.80999755859375,248.92999267578125,252.0,25700
2021-04-13,219.06106567382812,251.5399932861328,258.2099914550781,245.7100067138672,254.0,28900
2021-04-14,222.1178436279297,255.0500030517578,258.4800109863281,250.27999877929688,250.27999877929688,31800
2021-04-15,223.5025634765625,256.6400146484375,258.57000732421875,255.5,256.7799987792969,24500
2021-04-16,226.42869567871094,260.0,264.6400146484375,257.2699890136719,259.4200134277344,53300
2021-04-19,223.53738403320312,256.67999267578125,260.0,252.47000122070312,257.6499938964844,37100
2021-04-20,216.30911254882812,248.3800048828125,260.20001220703125,246.97000122070312,254.1999969482422,39500
2021-04-21,220.76800537109375,253.5,253.8699951171875,246.2100067138672,247.1999969482422,27600
2021-04-22,219.14817810058594,251.63999938964844,259.55999755859375,250.92999267578125,255.36000061035156,30000
2021-04-23,223.65060424804688,256.80999755859375,259.2099914550781,253.60000610351562,253.60000610351562,34800
2021-04-26,227.8917999267578,261.67999267578125,262.5899963378906,256.80999755859375,256.80999755859375,38600
2021-04-27,227.02090454101562,260.67999267578125,270.0,259.70001220703125,260.8299865722656,89700
2021-04-28,236.95762634277344,272.0899963378906,275.0,262.3699951171875,270.0,76400
2021-04-29,241.054443359375,275.9599914550781,277.80999755859375,270.3299865722656,275.0,71800
2021-04-30,238.87060546875,273.4599914550781,277.95001220703125,266.5799865722656,270.92999267578125,51800
2021-05-03,239.5083465576172,274.19000244140625,277.7799987792969,271.4800109863281,276.6000061035156,61500
2021-05-04,235.760986328125,269.8999938964844,281.989990234375,268.0,273.4599914550781,58200
2021-05-05,239.3423614501953,274.0,275.2699890136719,268.05999755859375,269.8999938964844,46100
2021-05-06,241.8143768310547,276.8299865722656,277.45001220703125,270.05999755859375,274.0,43800
2021-05-07,240.72251892089844,275.5799865722656,280.6199951171875,273.1099853515625,273.1099853515625,46800
2021-05-10,235.49888610839844,269.6000061035156,278.5400085449219,268.04998779296875,277.239990234375,52700
2021-05-11,230.3102264404297,263.6600036621094,267.1700134277344,259.5400085449219,266.3699951171875,64600
2021-05-12,220.6317138671875,252.5800018310547,267.0899963378906,251.6199951171875,263.6300048828125,65900
2021-05-13,226.90354919433594,259.760009765625,261.2099914550781,251.8699951171875,251.8699951171875,60100
2021-05-14,234.13624572753906,268.0400085449219,274.19000244140625,258.04998779296875,262.57000732421875,72800
2021-05-17,238.94927978515625,273.54998779296875,275.2900085449219,262.0,264.510009765625,83100
2021-05-18,241.53488159179688,276.510009765625,285.0,274.760009765625,274.760009765625,97300
2021-05-19,236.2762908935547,270.489990234375,277.1499938964844,265.54998779296875,270.6499938964844,51600
2021-05-20,242.8363494873047,278.0,279.6300048828125,269.1700134277344,270.7099914550781,53300
2021-05-21,242.37347412109375,277.4700012207031,285.9100036621094,277.1000061035156,281.9700012207031,47400
2021-05-24,243.3080596923828,278.5400085449219,281.3399963378906,275.5799865722656,278.92999267578125,30600
2021-05-25,238.4775848388672,273.010009765625,284.67999267578125,271.2099914550781,280.7699890136719,48600
2021-05-26,241.62222290039062,276.6099853515625,279.260009765625,270.7099914550781,273.3699951171875,52400
2021-05-27,243.0984344482422,278.29998779296875,280.45001220703125,277.2699890136719,278.4800109863281,54100
2021-05-28,245.65789794921875,281.2300109863281,282.2099914550781,274.69000244140625,279.4800109863281,43600
2021-06-01,250.80279541015625,287.1199951171875,289.1600036621094,284.1000061035156,284.5,62400
2021-06-02,258.2713317871094,295.6700134277344,300.5400085449219,283.0,287.20001220703125,109500
2021-06-03,260.4551696777344,298.1700134277344,299.3599853515625,284.9100036621094,292.2799987792969,47000
2021-06-04,257.0309753417969,294.25,299.04998779296875,292.04998779296875,299.0,41500
2021-06-07,254.1396484375,290.94000244140625,298.8299865722656,290.94000244140625,296.7900085449219,46600
2021-06-08,258.8915710449219,296.3800048828125,297.70001220703125,288.8900146484375,290.5799865722656,35500
2021-06-09,252.64593505859375,289.2300109863281,296.2900085449219,289.2300109863281,296.2900085449219,32600
2021-06-10,254.8559112548828,291.760009765625,294.67999267578125,289.0199890136719,293.6099853515625,42200
2021-06-11,256.58544921875,293.739990234375,295.6400146484375,289.5199890136719,291.3800048828125,38400
2021-06-14,253.31857299804688,290.0,295.739990234375,289.010009765625,292.8500061035156,40000
2021-06-15,252.07814025878906,288.5799865722656,291.8500061035156,286.57000732421875,291.20001220703125,42000
2021-06-16,249.05581665039062,285.1199951171875,288.6700134277344,283.3699951171875,286.8699951171875,40200
2021-06-17,241.67462158203125,276.6700134277344,285.8299865722656,273.739990234375,284.6400146484375,47400
2021-06-18,230.2665557861328,263.6099853515625,272.8599853515625,262.8599853515625,271.29998779296875,64900
2021-06-21,236.52088928222656,270.7699890136719,271.3299865722656,265.3800048828125,265.3800048828125,34500
2021-06-22,239.3773651123047,274.0400085449219,274.0400085449219,267.760009765625,272.0,43500
2021-06-23,239.57823181152344,274.2699890136719,276.69000244140625,272.1600036621094,274.07000732421875,34900
2021-06-24,239.60435485839844,274.29998779296875,282.1300048828125,271.1000061035156,277.1400146484375,34400
2021-06-25,240.0411376953125,274.79998779296875,279.989990234375,273.29998779296875,273.4599914550781,353700
2021-06-28,240.1284942626953,274.8999938964844,280.010009765625,270.1099853515625,276.79998779296875,69600
2021-06-29,237.09738159179688,271.42999267578125,279.1700134277344,271.42999267578125,275.5,32900
2021-06-30,242.63546752929688,277.7699890136719,278.6300048828125,268.19000244140625,272.4200134277344,57800
2021-07-01,241.73574829101562,276.739990234375,280.1499938964844,274.2900085449219,279.8900146484375,23200
2021-07-02,239.83152770996094,274.55999755859375,278.4200134277344,273.6700134277344,276.6499938964844,26200
2021-07-06,237.5079345703125,271.8999938964844,274.5299987792969,270.17999267578125,274.07000732421875,48900
2021-07-07,238.11940002441406,272.6000061035156,275.3500061035156,267.2200012207031,271.2200012207031,40900
2021-07-08,232.42408752441406,266.0799865722656,271.3699951171875,262.2200012207031,266.92999267578125,44400
2021-07-09,241.31646728515625,276.260009765625,276.3599853515625,266.55999755859375,270.6099853515625,35600
2021-07-12,246.0596160888672,281.69000244140625,282.45001220703125,274.5299987792969,275.6499938964844,25400
2021-07-13,241.77943420410156,276.7900085449219,287.5899963378906,275.010009765625,281.8999938964844,50600
2021-07-14,234.55548095703125,268.5199890136719,277.79998779296875,263.8800048828125,277.79998779296875,60500
2021-07-15,231.47201538085938,264.989990234375,269.1400146484375,261.25,265.9200134277344,31000
2021-07-16,228.71168518066406,261.8299865722656,266.1000061035156,260.2799987792969,266.1000061035156,42100
2021-07-19,218.8148193359375,250.5,255.52000427246094,248.4600067138672,255.00999450683594,40200
2021-07-20,225.5496063232422,258.2099914550781,261.2900085449219,245.66000366210938,249.97000122070312,54300
2021-07-21,231.01779174804688,264.4700012207031,266.3699951171875,259.94000244140625,261.1400146484375,36100
2021-07-22,229.1571502685547,262.3399963378906,265.0,258.1400146484375,263.8800048828125,37000
2021-07-23,231.48074340820312,265.0,265.3900146484375,259.42999267578125,263.32000732421875,35100
2021-07-26,232.590087890625,266.2699890136719,268.0,263.4800109863281,267.8699951171875,25100
2021-07-27,229.55902099609375,262.79998779296875,265.739990234375,260.9599914550781,263.79998779296875,39800
2021-07-28,234.99224853515625,269.0199890136719,271.2300109863281,257.7099914550781,266.6700134277344,48100
2021-07-29,240.12669372558594,274.05999755859375,276.1499938964844,271.4800109863281,272.9800109863281,28100
2021-07-30,241.9403839111328,276.1300048828125,279.2799987792969,271.3699951171875,271.3699951171875,33500
2021-08-02,243.25466918945312,277.6300048828125,286.05999755859375,275.7699890136719,277.9700012207031,41500
2021-08-03,246.74188232421875,281.6099853515625,284.82000732421875,276.9700012207031,279.6700134277344,51400
2021-08-04,249.67709350585938,284.9599914550781,285.82000732421875,275.32000732421875,278.2300109863281,45800
2021-08-05,271.1961669921875,309.5199890136719,313.989990234375,297.9200134277344,313.989990234375,147100
2021-08-06,273.9649353027344,312.67999267578125,316.80999755859375,302.79998779296875,313.6499938964844,74300
2021-08-09,273.9824523925781,312.70001220703125,315.010009765625,308.6199951171875,314.80999755859375,48200
2021-08-10,272.50164794921875,311.010009765625,315.6199951171875,309.04998779296875,312.94000244140625,45600
2021-08-11,272.2913818359375,310.7699890136719,311.44000244140625,305.9200134277344,310.7099914550781,23400
2021-08-12,273.6494445800781,312.32000732421875,314.3500061035156,306.4700012207031,311.92999267578125,19000
2021-08-13,274.3241271972656,313.0899963378906,315.3699951171875,310.6700134277344,311.9599914550781,30700
2021-08-16,274.1401062011719,312.8800048828125,314.0400085449219,309.05999755859375,310.0899963378906,23500
2021-08-17,274.8235778808594,313.6600036621094,313.7699890136719,308.8800048828125,308.8800048828125,53300
2021-08-18,267.3234558105469,305.1000061035156,315.6099853515625,304.3900146484375,313.7799987792969,36600
2021-08-19,262.3816833496094,299.4599914550781,304.70001220703125,292.0,304.70001220703125,79600
2021-08-20,261.90863037109375,298.9200134277344,303.2799987792969,294.75,298.0199890136719,43400
2021-08-23,268.0331115722656,305.9100036621094,307.0799865722656,300.0,300.5400085449219,23400
2021-08-24,270.46893310546875,308.69000244140625,310.2300109863281,303.1099853515625,307.6400146484375,31000
2021-08-25,273.1938171386719,311.79998779296875,315.010009765625,310.17999267578125,310.6199951171875,37300
2021-08-26,266.19305419921875,303.80999755859375,311.79998779296875,300.7300109863281,311.79998779296875,44400
2021-08-27,277.7674560546875,317.0199890136719,317.80999755859375,304.8299865722656,305.55999755859375,44300
2021-08-30,272.65057373046875,311.17999267578125,319.1000061035156,310.44000244140625,319.1000061035156,24800
2021-08-31,273.9824523925781,312.70001220703125,315.8900146484375,309.1400146484375,313.1099853515625,45500
2021-09-01,275.6559143066406,314.6099853515625,315.1099853515625,309.6600036621094,312.5299987792969,42100
2021-09-02,279.32708740234375,318.79998779296875,321.54998779296875,316.2699890136719,316.8800048828125,58400
2021-09-03,277.7412109375,316.989990234375,322.25,313.4599914550781,319.55999755859375,26000
2021-09-07,274.9988098144531,313.8599853515625,316.8699951171875,313.7200012207031,315.3299865722656,26400
2021-09-08,274.376708984375,313.1499938964844,314.3299865722656,309.75,311.6199951171875,31600
2021-09-09,277.1892395019531,316.3599853515625,319.5400085449219,312.739990234375,313.7900085449219,40700
2021-09-10,273.9649353027344,312.67999267578125,318.9599914550781,311.739990234375,318.9599914550781,29000
2021-09-13,277.662353515625,316.8999938964844,317.17999267578125,313.5299987792969,313.5299987792969,30000
2021-09-14,276.4620056152344,315.5299987792969,322.0,313.57000732421875,319.32000732421875,73300
2021-09-15,283.1384582519531,323.1499938964844,324.239990234375,314.6199951171875,314.6199951171875,24700
2021-09-16,285.0748596191406,325.3599853515625,326.0,319.92999267578125,324.7799987792969,33700
2021-09-17,281.79791259765625,321.6199951171875,326.9599914550781,314.1199951171875,326.19000244140625,96600
2021-09-20,266.0791931152344,303.67999267578125,314.80999755859375,296.8500061035156,314.1000061035156,53300
2021-09-21,266.16680908203125,303.7799987792969,309.0,303.2300109863281,308.8900146484375,28900
2021-09-22,273.0624084472656,311.6499938964844,316.8900146484375,307.3500061035156,307.3500061035156,36000
2021-09-23,282.1483459472656,322.0199890136719,325.79998779296875,314.2699890136719,314.2699890136719,48200
2021-09-24,283.61163330078125,323.69000244140625,326.239990234375,319.6199951171875,319.6199951171875,25900
2021-09-27,283.64666748046875,323.7300109863281,333.0299987792969,322.9599914550781,324.1499938964844,43900
2021-09-28,274.22772216796875,312.9800109863281,320.75,308.5799865722656,320.4599914550781,33300
2021-09-29,273.22882080078125,311.8399963378906,315.17999267578125,308.510009765625,315.1099853515625,28600
2021-09-30,271.8970947265625,310.32000732421875,316.94000244140625,310.010009765625,312.95001220703125,55200
2021-10-01,275.8223876953125,314.79998779296875,315.1199951171875,307.55999755859375,313.2699890136719,39500
2021-10-04,276.4006652832031,315.4599914550781,317.2300109863281,308.17999267578125,315.0,54400
2021-10-05,281.7015380859375,321.510009765625,325.989990234375,316.3599853515625,316.3599853515625,34100
2021-10-06,279.5986633300781,319.1099853515625,320.6499938964844,313.4599914550781,319.8699951171875,27500
2021-10-07,281.79791259765625,321.6199951171875,326.5899963378906,321.6199951171875,324.0299987792969,27300
2021-10-08,284.7594299316406,325.0,329.5400085449219,322.45001220703125,324.5,33200
2021-10-11,278.1004943847656,317.3999938964844,326.239990234375,317.3699951171875,323.7799987792969,19300
2021-10-12,271.9671325683594,310.3999938964844,318.0,308.44000244140625,316.70001220703125,30900
2021-10-13,271.6167297363281,310.0,313.2699890136719,306.7699890136719,313.2699890136719,25100
2021-10-14,280.72900390625,320.3999938964844,322.19000244140625,314.3599853515625,317.9800109863281,36500
2021-10-15,281.82421875,321.6499938964844,330.7900085449219,320.2200012207031,327.57000732421875,43100
2021-10-18,278.74884033203125,318.1400146484375,321.3299865722656,316.4700012207031,318.94000244140625,29900
2021-10-19,285.1624755859375,325.4599914550781,325.4599914550781,318.1499938964844,319.42999267578125,25200
2021-10-20,282.9544982910156,322.94000244140625,331.82000732421875,321.1099853515625,325.4599914550781,31800
2021-10-21,281.4386901855469,321.2099914550781,328.5199890136719,317.6499938964844,324.80999755859375,52200
2021-10-22,284.8383483886719,325.0899963378906,326.5,321.7300109863281,323.0,20300
2021-10-25,291.7251281738281,332.95001220703125,333.4100036621094,326.7099914550781,327.1300048828125,36100
2021-10-26,290.9014892578125,332.010009765625,338.79998779296875,330.2799987792969,334.8999938964844,40300
2021-10-27,271.0296325683594,309.3299865722656,323.7200012207031,307.8299865722656,314.5899963378906,63400
2021-10-28,273.9967956542969,311.20001220703125,317.2200012207031,304.3399963378906,309.0,64700
2021-10-29,281.74481201171875,320.0,322.1099853515625,311.20001220703125,311.20001220703125,52900
2021-11-01,284.0251770019531,322.5899963378906,323.2099914550781,317.6700134277344,322.79998779296875,38600
2021-11-02,284.18365478515625,322.7699890136719,331.239990234375,319.7200012207031,324.510009765625,48600
2021-11-03,289.17578125,328.44000244140625,331.3999938964844,324.0199890136719,324.0199890136719,51100
2021-11-04,287.4413146972656,326.4700012207031,331.5,324.25,328.29998779296875,43600
2021-11-05,289.6864318847656,329.0199890136719,335.0,327.6000061035156,330.1000061035156,40500
2021-11-08,288.2689208984375,327.4100036621094,333.5199890136719,327.19000244140625,333.5199890136719,31100
2021-11-09,279.4468078613281,317.3900146484375,328.1199951171875,315.9800109863281,328.1199951171875,59200
2021-11-10,279.1122131347656,317.010009765625,321.3800048828125,315.0,317.8800048828125,43700
2021-11-11,286.1558532714844,325.010009765625,327.5899963378906,318.510009765625,318.80999755859375,36800
2021-11-12,293.59564208984375,333.4599914550781,335.2900085449219,329.0799865722656,330.45001220703125,43300
2021-11-15,291.35931396484375,330.9200134277344,336.7799987792969,328.80999755859375,336.7799987792969,51100
2021-11-16,287.8462829589844,326.92999267578125,329.8299865722656,325.94000244140625,329.8299865722656,31700
2021-11-17,283.9810485839844,322.5400085449219,326.8399963378906,321.7099914550781,326.8399963378906,64500
2021-11-18,282.8981628417969,321.30999755859375,326.3800048828125,318.0,323.75,47900
2021-11-19,278.44305419921875,316.25,325.1400146484375,314.0,318.45001220703125,57900
2021-11-22,276.3475646972656,313.8699951171875,322.6000061035156,313.0299987792969,320.4200134277344,50500
2021-11-23,277.509765625,315.19000244140625,318.92999267578125,311.5899963378906,315.07000732421875,41100
2021-11-24,278.2229309082031,316.0,318.2200012207031,311.25,314.44000244140625,33100
2021-11-26,268.06256103515625,304.4599914550781,307.80999755859375,298.1000061035156,306.70001220703125,25700
2021-11-29,267.10284423828125,303.3699951171875,308.0199890136719,299.5400085449219,306.70001220703125,70200
2021-11-30,261.8289489746094,297.3800048828125,303.489990234375,292.67999267578125,300.04998779296875,74300
2021-12-01,253.6407470703125,288.0799865722656,309.5,286.6700134277344,299.2099914550781,84100
2021-12-02,266.380859375,302.54998779296875,303.4599914550781,288.45001220703125,288.45001220703125,49900
2021-12-03,256.8543395996094,291.7300109863281,302.489990234375,287.80999755859375,302.489990234375,97600
2021-12-06,258.2366943359375,293.29998779296875,296.4700012207031,292.0799865722656,296.1499938964844,37900
2021-12-07,264.1004943847656,299.9599914550781,306.3299865722656,297.2900085449219,297.8500061035156,53400
2021-12-08,264.65521240234375,300.5899963378906,303.4700012207031,298.5,300.5799865722656,32700
2021-12-09,259.3548583984375,294.57000732421875,298.92999267578125,292.42999267578125,298.92999267578125,47300
2021-12-10,258.62408447265625,293.739990234375,298.5299987792969,292.760009765625,297.80999755859375,28800
2021-12-13,251.36920166015625,285.5,301.70001220703125,284.6000061035156,294.3599853515625,48200
2021-12-14,250.7880859375,284.8399963378906,289.3399963378906,280.0,283.6199951171875,106300
2021-12-15,249.56430053710938,283.45001220703125,289.9800109863281,281.8299865722656,286.1300048828125,102600
2021-12-16,255.2783660888672,289.94000244140625,295.989990234375,288.04998779296875,288.04998779296875,55600
2021-12-17,255.09349060058594,289.7300109863281,291.1499938964844,279.3900146484375,287.32000732421875,134000
2021-12-20,245.48777770996094,278.82000732421875,284.25,273.07000732421875,284.25,71900
2021-12-21,254.66207885742188,289.239990234375,291.5,283.489990234375,283.489990234375,40600
2021-12-22,256.29095458984375,291.0899963378906,292.20001220703125,289.0,289.67999267578125,37800
2021-12-23,261.01885986328125,296.4599914550781,299.5199890136719,293.5299987792969,293.5299987792969,30200
2021-12-27,262.21630859375,297.82000732421875,300.04998779296875,295.1600036621094,298.79998779296875,36800
2021-12-28,262.5685119628906,298.2200012207031,302.1400146484375,297.6000061035156,298.5299987792969,30700
2021-12-29,261.2478332519531,296.7200012207031,299.5799865722656,294.6300048828125,298.2099914550781,26300
2021-12-30,261.8729553222656,297.42999267578125,302.1600036621094,296.5,298.0400085449219,25400
2021-12-31,261.5823669433594,297.1000061035156,299.69000244140625,294.3999938964844,296.9800109863281,30900
2022-01-03,255.40167236328125,290.0799865722656,302.8999938964844,286.19000244140625,300.010009765625,104000
2022-01-04,261.0541687011719,296.5,298.7699890136719,292.55999755859375,292.55999755859375,43500
2022-01-05,252.0294952392578,286.25,297.2099914550781,284.6199951171875,297.2099914550781,61500
2022-01-06,250.24212646484375,284.2200012207031,287.010009765625,278.760009765625,287.010009765625,40900
2022-01-07,255.3400115966797,290.010009765625,292.7799987792969,284.19000244140625,285.739990234375,70700
2022-01-10,252.6898193359375,287.0,289.25,279.6600036621094,289.25,61000
2022-01-11,256.7398986816406,291.6000061035156,291.8699951171875,284.239990234375,287.8399963378906,41900
2022-01-12,257.96380615234375,292.989990234375,295.4100036621094,291.6199951171875,294.3299865722656,61200
2022-01-13,250.93775939941406,285.010009765625,295.20001220703125,285.010009765625,295.20001220703125,36900
2022-01-14,250.31260681152344,284.29998779296875,285.2200012207031,276.3299865722656,281.04998779296875,45600
2022-01-18,249.45855712890625,283.3299865722656,285.7699890136719,279.44000244140625,281.45001220703125,80200
2022-01-19,243.8677520751953,276.9800109863281,285.75,275.8900146484375,285.75,96100
2022-01-20,241.1383056640625,273.8800048828125,284.0199890136719,272.0899963378906,279.54998779296875,86400
2022-01-21,230.24713134765625,261.510009765625,270.9599914550781,261.25,269.8299865722656,98500
2022-01-24,231.04833984375,262.4200134277344,263.8299865722656,246.0399932861328,255.77999877929688,89600
2022-01-25,221.91806030273438,252.0500030517578,263.4800109863281,250.05999755859375,258.4599914550781,76800
2022-01-26,219.9722442626953,249.83999633789062,259.8800048828125,246.38999938964844,256.19000244140625,87000
2022-01-27,217.36807250976562,245.39999389648438,254.77000427246094,243.67999267578125,250.17999267578125,57100
2022-01-28,219.52935791015625,247.83999633789062,247.83999633789062,238.97000122070312,246.4499969482422,67500
2022-01-31,231.78842163085938,261.67999267578125,261.69000244140625,247.5399932861328,247.5399932861328,66500
2022-02-01,232.06300354003906,261.989990234375,263.989990234375,255.9499969482422,262.9100036621094,96400
2022-02-02,228.9716339111328,258.5,260.75,255.17999267578125,260.75,64100
2022-02-03,221.83233642578125,250.44000244140625,258.2099914550781,249.25,254.5,63700
2022-02-04,238.7151336669922,269.5,273.0299987792969,255.1699981689453,268.2799987792969,73300
2022-02-07,231.0000762939453,260.7900085449219,271.54998779296875,258.6700134277344,268.0199890136719,54600
2022-02-08,232.8513641357422,262.8800048828125,265.9700012207031,261.44000244140625,261.44000244140625,34100
2022-02-09,239.16683959960938,270.010009765625,270.79998779296875,263.1499938964844,266.8800048828125,56500
2022-02-10,229.30824279785156,258.8800048828125,270.5799865722656,256.6199951171875,265.8500061035156,76200
2022-02-11,226.96978759765625,256.239990234375,265.0,254.57000732421875,260.5,47300
2022-02-14,224.43653869628906,253.3800048828125,257.8999938964844,250.6300048828125,256.1000061035156,58100
2022-02-15,232.09844970703125,262.0299987792969,264.739990234375,257.19000244140625,258.04998779296875,38100
2022-02-16,233.80795288085938,263.9599914550781,264.739990234375,260.3699951171875,262.0,30400
2022-02-17,222.2752685546875,250.94000244140625,262.2300109863281,250.5800018310547,260.1300048828125,38300
2022-02-18,223.5950164794922,252.42999267578125,255.8800048828125,249.3699951171875,250.52999877929688,35600
2022-02-22,221.5932159423828,250.1699981689453,255.30999755859375,244.52999877929688,251.5399932861328,46500
2022-02-23,212.3546142578125,239.74000549316406,253.67999267578125,239.64999389648438,250.92999267578125,57100
2022-02-24,213.76300048828125,241.3300018310547,242.8300018310547,230.13999938964844,231.4499969482422,74700
2022-02-25,219.89251708984375,248.25,249.00999450683594,243.14999389648438,243.67999267578125,39500
2022-02-28,213.13409423828125,240.6199951171875,246.74000549316406,236.5800018310547,245.0399932861328,92700
2022-03-01,204.96730041503906,231.39999389648438,241.92999267578125,227.77000427246094,238.75,61700
2022-03-02,212.6645965576172,240.08999633789062,242.1300048828125,233.17999267578125,234.27000427246094,44800
2022-03-03,207.8903350830078,234.6999969482422,242.61000061035156,232.72000122070312,242.57000732421875,48100
2022-03-04,195.20611572265625,220.3800048828125,231.47999572753906,217.8300018310547,231.47999572753906,69500
2022-03-07,183.11532592773438,206.72999572753906,221.72000122070312,206.72999572753906,219.30999755859375,80100
2022-03-08,182.51300048828125,206.0500030517578,213.52999877929688,203.75999450683594,209.52999877929688,80000
2022-03-09,192.2564697265625,217.0500030517578,219.88999938964844,211.91000366210938,212.91000366210938,44500
2022-03-10,188.38565063476562,212.67999267578125,216.6300048828125,208.58999633789062,213.6199951171875,48900
2022-03-11,187.46446228027344,211.63999938964844,217.80999755859375,210.77999877929688,216.39999389648438,35100
2022-03-14,189.24485778808594,213.64999389648438,220.38999938964844,212.11000061035156,214.0,42200
2022-03-15,193.27508544921875,218.1999969482422,220.1300048828125,214.25999450683594,214.25999450683594,58200
2022-03-16,204.92300415039062,231.35000610351562,234.4199981689453,218.4600067138672,222.77000427246094,58400
2022-03-17,209.71502685546875,236.75999450683594,237.5399932861328,223.4499969482422,230.8000030517578,44100
2022-03-18,211.2650909423828,238.50999450683594,238.9499969482422,232.1699981689453,236.13999938964844,102000
2022-03-21,212.46974182128906,239.8699951171875,244.57000732421875,238.11000061035156,242.33999633789062,71800
2022-03-22,215.40164184570312,243.17999267578125,248.44000244140625,241.99000549316406,242.3800048828125,45700
2022-03-23,210.78680419921875,237.97000122070312,243.7100067138672,236.47000122070312,241.72000122070312,35200
2022-03-24,214.07298278808594,241.67999267578125,243.27999877929688,238.42999267578125,240.4600067138672,27800
2022-03-25,216.59747314453125,244.52999877929688,244.77999877929688,242.52000427246094,243.61000061035156,30200
2022-03-28,212.7886505126953,240.22999572753906,243.72000122070312,237.64999389648438,243.72000122070312,23900
2022-03-29,219.113037109375,247.3699951171875,249.3699951171875,243.7100067138672,243.7100067138672,44100
2022-03-30,214.825927734375,242.52999877929688,247.4600067138672,241.5500030517578,246.38999938964844,29500
2022-03-31,212.5760498046875,239.99000549316406,245.80999755859375,239.74000549316406,243.0800018310547,31000
2022-04-01,212.34573364257812,239.72999572753906,244.9199981689453,238.1199951171875,242.1300048828125,38200
2022-04-04,210.48562622070312,237.6300048828125,242.2899932861328,237.27999877929688,240.17999267578125,35000
2022-04-05,205.5518798828125,232.05999755859375,239.94000244140625,231.33999633789062,238.22000122070312,39600
2022-04-06,195.8881378173828,221.14999389648438,231.57000732421875,221.14999389648438,231.57000732421875,31300
2022-04-07,193.38140869140625,218.32000732421875,222.63999938964844,213.52999877929688,222.41000366210938,65700
2022-04-08,180.52001953125,203.8000030517578,213.2899932861328,197.30999755859375,208.1199951171875,112200
2022-04-11,176.17091369628906,198.88999938964844,208.14999389648438,198.19000244140625,203.8000030517578,57600
2022-04-12,175.6305694580078,198.27999877929688,202.5,197.24000549316406,200.24000549316406,48600
2022-04-13,183.36334228515625,207.00999450683594,207.64999389648438,198.47000122070312,198.47000122070312,40200
2022-04-14,179.81137084960938,203.0,207.99000549316406,203.0,207.0,34700
2022-04-18,175.93173217773438,198.6199951171875,201.7100067138672,198.0,201.0,33600
2022-04-19,185.6575164794922,209.60000610351562,210.11000061035156,199.25,199.25,38800
2022-04-20,185.78150939941406,209.74000549316406,213.49000549316406,208.66000366210938,212.67999267578125,30600
2022-04-21,180.25428771972656,203.5,213.77000427246094,202.33999633789062,213.77000427246094,26600
2022-04-22,174.1779022216797,196.63999938964844,204.00999450683594,195.77999877929688,202.0,84300
2022-04-25,174.8688201904297,197.4199981689453,198.1199951171875,190.77000427246094,195.17999267578125,67200
2022-04-26,163.8941192626953,185.02999877929688,196.5399932861328,183.82000732421875,196.5399932861328,68200
2022-04-27,161.5911102294922,182.42999267578125,188.36000061035156,181.6199951171875,185.0399932861328,64100
2022-04-28,164.33294677734375,184.0,185.36000061035156,176.08999633789062,185.36000061035156,62500
2022-04-29,158.22409057617188,177.16000366210938,189.47999572753906,176.3300018310547,189.14999389648438,58200
2022-05-02,160.6354522705078,179.86000061035156,181.47999572753906,175.1300048828125,178.0,75500
2022-05-03,158.8045654296875,177.80999755859375,181.49000549316406,173.86000061035156,178.69000244140625,150300
2022-05-04,164.2168426513672,183.8699951171875,185.02000427246094,174.5,179.19000244140625,69300
2022-05-05,157.36668395996094,176.1999969482422,184.2899932861328,172.5399932861328,180.75,50700
2022-05-06,156.0984344482422,174.77999877929688,177.30999755859375,170.0,175.77000427246094,102800
2022-05-09,151.99903869628906,170.19000244140625,173.0,165.3699951171875,172.74000549316406,80600
2022-05-10,153.0886688232422,171.41000366210938,174.58999633789062,166.38999938964844,174.58999633789062,56600
2022-05-11,147.74783325195312,165.42999267578125,173.2899932861328,164.97999572753906,170.25,59200
2022-05-12,151.53463745117188,169.6699981689453,170.41000366210938,161.30999755859375,163.47000122070312,67100
2022-05-13,154.42832946777344,172.91000366210938,177.36000061035156,171.25999450683594,173.2899932861328,74000
2022-05-16,152.9814910888672,171.2899932861328,173.94000244140625,167.7899932861328,171.1999969482422,71600
2022-05-17,161.6982879638672,181.0500030517578,181.6199951171875,176.3000030517578,176.7899932861328,83700
2022-05-18,156.29495239257812,175.0,178.35000610351562,173.5,176.8699951171875,103500
2022-05-19,158.47410583496094,177.44000244140625,181.02000427246094,174.32000732421875,174.32000732421875,76200
2022-05-20,163.93106079101562,183.5500030517578,183.83999633789062,178.1300048828125,181.38999938964844,53100
2022-05-23,162.9307861328125,182.42999267578125,186.5800018310547,182.25,186.3800048828125,48300
2022-05-24,161.91262817382812,181.2899932861328,181.99000549316406,175.27000427246094,180.5399932861328,59900
2022-05-25,164.64553833007812,184.35000610351562,186.60000610351562,180.4199981689453,181.52000427246094,45600
2022-05-26,171.25460815429688,191.75,193.30999755859375,185.82000732421875,185.82000732421875,34500
2022-05-27,173.2283935546875,193.9600067138672,195.10000610351562,191.74000549316406,193.1699981689453,43300
2022-05-31,172.06736755371094,192.66000366210938,195.0,190.22999572753906,192.39999389648438,48000
2022-06-01,169.24510192871094,189.5,192.74000549316406,186.2100067138672,192.6699981689453,49400
2022-06-02,174.2375946044922,195.08999633789062,195.47999572753906,188.5500030517578,189.13999938964844,48500
2022-06-03,172.02267456054688,192.61000061035156,194.97999572753906,190.85000610351562,192.50999450683594,40200
2022-06-06,176.3007049560547,197.39999389648438,198.80999755859375,194.10000610351562,194.10000610351562,40000
2022-06-07,173.8535614013672,194.66000366210938,196.77000427246094,193.08999633789062,194.63999938964844,33500
2022-06-08,170.74551391601562,191.17999267578125,193.8300018310547,190.30999755859375,192.2899932861328,29500
2022-06-09,167.79824829101562,187.8800048828125,192.7899932861328,186.85000610351562,189.1300048828125,40500
2022-06-10,162.54673767089844,182.0,184.1300048828125,175.0,183.6999969482422,39300
2022-06-13,153.66024780273438,172.0500030517578,177.19000244140625,170.1300048828125,175.7100067138672,69500
2022-06-14,157.5095672607422,176.36000061035156,177.27000427246094,171.08999633789062,173.94000244140625,57000
2022-06-15,159.51014709472656,178.60000610351562,181.9199981689453,175.05999755859375,177.61000061035156,51100
2022-06-16,150.43612670898438,168.44000244140625,172.3699951171875,166.3000030517578,172.3699951171875,61100
2022-06-17,152.40989685058594,170.64999389648438,173.63999938964844,168.92999267578125,168.92999267578125,90900
2022-06-21,157.00047302246094,175.7899932861328,176.52000427246094,174.4600067138672,174.97000122070312,41500
2022-06-22,156.49142456054688,175.22000122070312,177.72999572753906,173.14999389648438,173.14999389648438,44200
2022-06-23,163.36837768554688,182.9199981689453,182.9199981689453,175.00999450683594,175.00999450683594,66700
2022-06-24,169.92388916015625,190.25999450683594,193.25999450683594,183.0399932861328,184.63999938964844,210800
2022-06-27,167.72682189941406,187.8000030517578,191.75999450683594,185.47000122070312,191.75999450683594,51400
2022-06-28,164.9938507080078,184.74000549316406,191.89999389648438,183.8699951171875,189.89999389648438,49900
2022-06-29,160.70692443847656,179.94000244140625,186.14999389648438,178.5399932861328,186.14999389648438,40000
2022-06-30,152.74037170410156,171.02000427246094,175.74000549316406,166.19000244140625,175.74000549316406,87900
2022-07-01,155.17855834960938,173.75,175.17999267578125,167.17999267578125,169.72000122070312,59800
2022-07-05,160.10855102539062,179.27000427246094,179.52999877929688,168.22000122070312,171.6199951171875,62400
2022-07-06,156.5271453857422,175.25999450683594,178.85000610351562,173.77000427246094,178.85000610351562,52000
2022-07-07,160.82302856445312,180.07000732421875,180.9499969482422,177.3300018310547,177.49000549316406,37800
2022-07-08,156.2502899169922,174.9499969482422,180.60000610351562,174.32000732421875,180.60000610351562,52600
2022-07-11,149.58763122558594,167.49000549316406,172.39999389648438,166.4499969482422,172.39999389648438,51600
2022-07-12,154.10679626464844,172.5500030517578,173.5800018310547,167.6999969482422,167.6999969482422,66000
2022-07-13,154.77664184570312,173.3000030517578,173.8000030517578,167.6999969482422,168.74000549316406,74400
2022-07-14,157.39346313476562,176.22999572753906,176.80999755859375,167.9600067138672,171.25,66800
2022-07-15,161.22491455078125,180.52000427246094,181.6199951171875,173.0,179.44000244140625,109700
2022-07-18,158.82244873046875,177.8300018310547,182.83999633789062,177.3699951171875,181.67999267578125,51900
2022-07-19,164.931396484375,184.6699981689453,186.83999633789062,180.7899932861328,180.7899932861328,59300
2022-07-20,169.2361602783203,189.49000549316406,189.77000427246094,184.9499969482422,184.9499969482422,45800
2022-07-21,171.1116943359375,191.58999633789062,192.66000366210938,188.5,189.83999633789062,57800
2022-07-22,169.85238647460938,190.17999267578125,194.0,187.8300018310547,191.3800048828125,34900
2022-07-25,172.59426879882812,193.25,193.27000427246094,190.0500030517578,192.0399932861328,32500
2022-07-26,170.49542236328125,190.89999389648438,193.97999572753906,190.02000427246094,191.94000244140625,39600
2022-07-27,175.11285400390625,196.07000732421875,196.75999450683594,190.72000122070312,191.6699981689453,48500
2022-07-28,182.14187622070312,202.3800048828125,202.52999877929688,189.52999877929688,195.27999877929688,35400
2022-07-29,185.68785095214844,206.32000732421875,207.4499969482422,200.4600067138672,200.4600067138672,60300
2022-08-01,184.121826171875,204.5800018310547,207.41000366210938,199.9499969482422,203.47999572753906,44500
2022-08-02,182.62783813476562,202.9199981689453,205.6300048828125,199.60000610351562,202.67999267578125,64400
2022-08-03,186.7228240966797,207.47000122070312,209.0399932861328,200.4600067138672,204.5,48000
2022-08-04,186.8758544921875,207.63999938964844,209.0399932861328,202.5,208.60000610351562,47000
2022-08-05,184.59884643554688,205.11000061035156,216.8800048828125,201.22000122070312,206.1999969482422,70700
2022-08-08,186.8488311767578,207.61000061035156,209.85000610351562,205.27000427246094,207.47000122070312,38800
2022-08-09,183.8428497314453,204.27000427246094,207.27999877929688,199.75999450683594,207.27999877929688,63700
2022-08-10,190.43984985351562,211.60000610351562,212.0,209.10000610351562,209.8000030517578,48800
2022-08-11,192.05979919433594,213.39999389648438,216.42999267578125,210.83999633789062,214.47999572753906,37600
2022-08-12,196.30783081054688,218.1199951171875,218.88999938964844,214.0399932861328,215.6999969482422,39000
2022-08-15,198.872802734375,220.97000122070312,221.75999450683594,215.33999633789062,216.49000549316406,31500
2022-08-16,197.7838134765625,219.75999450683594,222.52999877929688,217.33999633789062,219.6199951171875,41000
2022-08-17,194.8498077392578,216.5,219.02999877929688,214.27999877929688,217.8800048828125,40600
2022-08-18,197.3518524169922,219.27999877929688,219.6699981689453,215.5500030517578,218.92999267578125,49200
2022-08-19,190.2598114013672,211.39999389648438,217.89999389648438,209.5500030517578,216.2899932861328,56000
2022-08-22,185.37283325195312,205.97000122070312,207.80999755859375,203.6999969482422,207.6699981689453,49600
2022-08-23,184.19386291503906,204.66000366210938,209.67999267578125,204.25999450683594,206.57000732421875,50700
2022-08-24,184.71585083007812,205.24000549316406,206.3300018310547,203.0500030517578,205.39999389648438,37700
2022-08-25,187.9468536376953,208.8300018310547,209.89999389648438,206.41000366210938,207.24000549316406,31000
2022-08-26,179.25283813476562,199.1699981689453,209.75,198.4199981689453,209.75,56700
2022-08-29,177.8128662109375,197.57000732421875,199.47000122070312,195.3000030517578,197.83999633789062,58300
2022-08-30,175.2028350830078,194.6699981689453,203.5800018310547,194.25,199.41000366210938,69900
2022-08-31,172.1248321533203,191.25,197.0,190.30999755859375,196.22000122070312,54200
2022-09-01,171.07186889648438,190.0800018310547,190.74000549316406,184.52999877929688,189.8699951171875,44800
2022-09-02,167.33685302734375,185.92999267578125,194.19000244140625,185.91000366210938,192.8800048828125,40300
2022-09-06,166.94984436035156,185.5,186.3000030517578,183.19000244140625,185.86000061035156,48700
2022-09-07,169.64987182617188,188.5,189.1199951171875,183.00999450683594,184.02000427246094,39000
2022-09-08,173.77183532714844,193.0800018310547,193.36000061035156,186.9499969482422,187.47000122070312,33800
2022-09-09,177.3808135986328,197.08999633789062,199.97000122070312,194.4199981689453,194.4199981689453,45000
2022-09-12,180.8638458251953,200.9600067138672,201.32000732421875,197.0399932861328,199.67999267578125,39300
2022-09-13,170.6578369140625,189.6199951171875,197.5399932861328,188.50999450683594,195.32000732421875,56700
2022-09-14,168.18284606933594,186.8699951171875,197.1300048828125,184.86000061035156,191.5,48700
2022-09-15,167.61585998535156,186.24000549316406,189.6199951171875,184.97000122070312,186.63999938964844,46500
2022-09-16,167.28285217285156,185.8699951171875,186.58999633789062,181.99000549316406,185.74000549316406,134300
2022-09-19,173.19586181640625,192.44000244140625,194.17999267578125,184.08999633789062,184.08999633789062,50000
2022-09-20,168.119873046875,186.8000030517578,190.52000427246094,185.0,189.9199981689453,39200
2022-09-21,163.3408660888672,181.49000549316406,189.6999969482422,180.9199981689453,189.6999969482422,43200
2022-09-22,158.7688751220703,176.41000366210938,180.8699951171875,174.60000610351562,180.8699951171875,53300
2022-09-23,154.21487426757812,171.35000610351562,175.02000427246094,167.25,173.1199951171875,55100
2022-09-26,151.8118896484375,168.67999267578125,174.75999450683594,168.67999267578125,171.3300018310547,48300
2022-09-27,149.16590881347656,165.74000549316406,172.30999755859375,164.35000610351562,170.49000549316406,48600
2022-09-28,150.20986938476562,166.89999389648438,169.10000610351562,166.1199951171875,167.22000122070312,69700
2022-09-29,145.97984313964844,162.1999969482422,164.6300048828125,160.0500030517578,164.6300048828125,56700
2022-09-30,143.56788635253906,159.52000427246094,166.25,158.99000549316406,162.1300048828125,69600
2022-10-03,147.24887084960938,163.61000061035156,165.41000366210938,158.9600067138672,161.8699951171875,65700
2022-10-04,152.27989196777344,169.1999969482422,170.25999450683594,166.85000610351562,167.39999389648438,90000
2022-10-05,149.9128875732422,166.57000732421875,167.86000061035156,162.66000366210938,165.52999877929688,50700
2022-10-06,148.57186889648438,165.0800018310547,169.08999633789062,162.52000427246094,167.6699981689453,62400
2022-10-07,140.9488525390625,156.61000061035156,162.89999389648438,154.69000244140625,162.89999389648438,68700
2022-10-10,140.6788787841797,156.30999755859375,158.50999450683594,154.0800018310547,157.25999450683594,46500
2022-10-11,136.64688110351562,151.8300018310547,155.02999877929688,150.05999755859375,154.39999389648438,57800
2022-10-12,132.97488403320312,147.75,151.4600067138672,146.07000732421875,151.4600067138672,63100
2022-10-13,140.5708770751953,156.19000244140625,156.67999267578125,141.8000030517578,144.57000732421875,76600
2022-10-14,133.19088745117188,147.99000549316406,157.16000366210938,147.1300048828125,157.16000366210938,66000
2022-10-17,137.76287841796875,153.07000732421875,155.52999877929688,150.1300048828125,150.67999267578125,52300
2022-10-18,140.06687927246094,155.6300048828125,159.05999755859375,153.63999938964844,157.0399932861328,62200
2022-10-19,136.2418975830078,151.3800048828125,154.14999389648438,148.4499969482422,154.07000732421875,55300
2022-10-20,138.5278778076172,153.9199981689453,158.13999938964844,151.19000244140625,152.49000549316406,68300
2022-10-21,145.7368621826172,161.92999267578125,162.5399932861328,144.97999572753906,152.67999267578125,71000
2022-10-24,149.40882873535156,166.00999450683594,167.32000732421875,161.57000732421875,164.27999877929688,48200
2022-10-25,154.4128875732422,171.57000732421875,171.57000732421875,164.47000122070312,165.8699951171875,52200
2022-10-26,154.7998504638672,172.0,175.99000549316406,170.27999877929688,173.32000732421875,87800
2022-10-27,154.880859375,172.08999633789062,176.10000610351562,171.02000427246094,174.8000030517578,76400
2022-10-28,159.2063446044922,175.1999969482422,176.5399932861328,169.80999755859375,170.86000061035156,89300
2022-10-31,155.8350067138672,171.49000549316406,174.5,169.57000732421875,174.30999755859375,69000
2022-11-01,157.225341796875,173.02000427246094,175.6699981689453,169.38999938964844,174.67999267578125,47500
2022-11-02,152.6726837158203,168.00999450683594,175.6199951171875,168.00999450683594,173.02000427246094,64500
2022-11-03,148.2654571533203,163.16000366210938,165.1199951171875,160.25999450683594,165.1199951171875,57700
2022-11-04,152.66358947753906,168.0,170.55999755859375,163.89999389648438,166.7100067138672,55700
2022-11-07,153.96307373046875,169.42999267578125,169.6999969482422,165.64999389648438,169.5800018310547,57100
2022-11-08,155.825927734375,171.47999572753906,172.80999755859375,166.47000122070312,170.3000030517578,47400
2022-11-09,151.7003631591797,166.94000244140625,171.5,165.72000122070312,171.5,61600
2022-11-10,170.4289093017578,187.5500030517578,188.1199951171875,173.27000427246094,175.63999938964844,104600
2022-11-11,183.76881408691406,202.22999572753906,202.5,189.5,189.5,94300
2022-11-14,171.88284301757812,189.14999389648438,200.19000244140625,188.6199951171875,199.9499969482422,83900
2022-11-15,175.6267547607422,193.27000427246094,199.27999877929688,191.8000030517578,191.8000030517578,76000
2022-11-16,173.73663330078125,191.19000244140625,194.14999389648438,188.64999389648438,191.16000366210938,53100
2022-11-17,172.0736846923828,189.36000061035156,189.74000549316406,185.5399932861328,187.22000122070312,59000
2022-11-18,170.68338012695312,187.8300018310547,194.41000366210938,184.33999633789062,194.41000366210938,66200
2022-11-21,171.39218139648438,188.61000061035156,191.08999633789062,185.17999267578125,185.42999267578125,47200
2022-11-22,172.40992736816406,189.72999572753906,191.02000427246094,186.8800048828125,188.77999877929688,51000
2022-11-23,174.8271026611328,192.38999938964844,192.67999267578125,187.0,188.63999938964844,34400
2022-11-25,176.0084228515625,193.69000244140625,193.82000732421875,190.63999938964844,191.25,21000
2022-11-28,172.7461395263672,190.10000610351562,192.8300018310547,188.49000549316406,192.36000061035156,52500
2022-11-29,171.92831420898438,189.1999969482422,192.3000030517578,187.58999633789062,190.10000610351562,53100
2022-11-30,176.23562622070312,193.94000244140625,194.44000244140625,185.10000610351562,190.4600067138672,86900
2022-12-01,180.85186767578125,199.02000427246094,202.07000732421875,193.75,195.94000244140625,75700
2022-12-02,180.18844604492188,198.2899932861328,200.39999389648438,194.0399932861328,194.0399932861328,78600
2022-12-05,174.83619689941406,192.39999389648438,197.5399932861328,191.64999389648438,197.5399932861328,82600
2022-12-06,172.4553680419922,189.77999877929688,193.97000122070312,187.6999969482422,192.8000030517578,69200
2022-12-07,171.7011260986328,188.9499969482422,192.9199981689453,187.55999755859375,191.02999877929688,70200
2022-12-08,174.41815185546875,191.94000244140625,194.39999389648438,189.5,191.6300048828125,67600
2022-12-09,173.90928649902344,191.3800048828125,192.4600067138672,188.66000366210938,189.72999572753906,81500
2022-12-12,176.1810760498047,193.8800048828125,194.5,189.19000244140625,191.50999450683594,37900
2022-12-13,180.23391723632812,198.33999633789062,207.66000366210938,196.25,203.35000610351562,85900
2022-12-14,176.6172332763672,194.36000061035156,200.57000732421875,193.25,196.60000610351562,54200
2022-12-15,170.7924041748047,187.9499969482422,192.24000549316406,184.60000610351562,191.5,90100
2022-12-16,172.03736877441406,189.32000732421875,190.3000030517578,177.17999267578125,184.36000061035156,229900
2022-12-19,170.58340454101562,187.72000122070312,190.99000549316406,185.10000610351562,190.6699981689453,96500
2022-12-20,172.3826141357422,189.6999969482422,192.72999572753906,185.6300048828125,187.72000122070312,71900
2022-12-21,176.0538787841797,193.74000549316406,195.16000366210938,191.25999450683594,192.67999267578125,61000
2022-12-22,170.32896423339844,187.44000244140625,191.6699981689453,182.6999969482422,191.41000366210938,82000
2022-12-23,172.6007537841797,189.94000244140625,193.05999755859375,185.86000061035156,188.60000610351562,57800
2022-12-27,174.7725830078125,192.3300018310547,192.83999633789062,188.1999969482422,191.05999755859375,64800
2022-12-28,167.6119384765625,184.4499969482422,193.42999267578125,184.39999389648438,192.6300048828125,73900
2022-12-29,173.30953979492188,190.72000122070312,194.2899932861328,185.16000366210938,186.80999755859375,92700
2022-12-30,173.9638214111328,191.44000244140625,192.0,186.3000030517578,187.4199981689453,101500
2023-01-03,176.3900909423828,194.11000061035156,196.6699981689453,192.0,194.67999267578125,100500
2023-01-04,183.65975952148438,202.11000061035156,202.1699981689453,194.30999755859375,194.30999755859375,91300
2023-01-05,180.015869140625,198.10000610351562,201.22999572753906,197.41000366210938,201.22999572753906,86600
2023-01-06,186.2859344482422,205.0,205.75999450683594,199.4600067138672,201.4199981689453,53700
2023-01-09,186.9129638671875,205.69000244140625,210.19000244140625,204.77999877929688,206.39999389648438,79400
2023-01-10,192.47427368164062,211.80999755859375,212.3699951171875,203.72999572753906,203.99000549316406,74500
2023-01-11,194.13720703125,213.63999938964844,216.60000610351562,212.14999389648438,214.07000732421875,83300
2023-01-12,193.6192626953125,213.07000732421875,216.77000427246094,211.02999877929688,215.5,70200
2023-01-13,195.17315673828125,214.77999877929688,216.74000549316406,209.39999389648438,210.72000122070312,40600
2023-01-17,192.20166015625,211.50999450683594,215.5,211.0800018310547,213.1199951171875,69100
2023-01-18,192.52879333496094,211.8699951171875,215.4600067138672,209.77999877929688,212.02999877929688,77700
2023-01-19,192.52879333496094,211.8699951171875,213.05999755859375,206.6999969482422,210.7100067138672,88400
2023-01-20,198.0901336669922,217.99000549316406,217.99000549316406,211.8300018310547,213.6699981689453,62300
2023-01-23,198.4808807373047,218.4199981689453,219.80999755859375,215.42999267578125,217.86000061035156,68400
2023-01-24,195.60934448242188,215.25999450683594,218.6999969482422,215.0500030517578,216.49000549316406,85300
2023-01-25,190.72955322265625,209.88999938964844,212.75,206.77000427246094,212.63999938964844,60300
2023-01-26,194.20083618164062,213.7100067138672,213.7100067138672,207.3699951171875,211.86000061035156,62300
2023-01-27,194.7914581298828,214.36000061035156,215.77999877929688,212.6300048828125,212.92999267578125,44300
2023-01-30,191.46728515625,209.0800018310547,214.2899932861328,208.4600067138672,211.24000549316406,61700
2023-01-31,196.77870178222656,214.8800048828125,215.22999572753906,208.39999389648438,209.74000549316406,76500
2023-02-01,203.0883026123047,221.77000427246094,224.33999633789062,212.30999755859375,214.0,100600
2023-02-02,211.18362426757812,230.61000061035156,235.32000732421875,219.6999969482422,224.77999877929688,99200
2023-02-03,224.3614044189453,245.0,248.22999572753906,222.05999755859375,230.14999389648438,141600
2023-02-06,198.6285400390625,216.89999389648438,238.64999389648438,216.02999877929688,238.64999389648438,181800
2023-02-07,201.67800903320312,220.22999572753906,221.2899932861328,213.25999450683594,215.47000122070312,93500
2023-02-08,198.72012329101562,217.0,224.9499969482422,213.99000549316406,218.6300048828125,86400
2023-02-09,196.01861572265625,214.0500030517578,219.97999572753906,213.6300048828125,219.75999450683594,70100
2023-02-10,195.11199951171875,213.05999755859375,213.6999969482422,209.80999755859375,212.57000732421875,64600
2023-02-13,197.90509033203125,216.11000061035156,217.75,213.9199981689453,214.4600067138672,77300
2023-02-14,198.58274841308594,216.85000610351562,219.2100067138672,212.91000366210938,215.1699981689453,89900
2023-02-15,198.67431640625,216.9499969482422,217.67999267578125,213.5500030517578,214.3300018310547,77500
2023-02-16,196.62301635742188,214.7100067138672,217.9499969482422,211.3800048828125,212.52999877929688,51100
2023-02-17,198.3812713623047,216.6300048828125,217.39999389648438,213.0,215.3300018310547,86700
2023-02-21,191.57717895507812,209.1999969482422,214.60000610351562,207.35000610351562,212.8300018310547,75000
2023-02-22,192.02590942382812,209.69000244140625,212.0,207.27999877929688,210.0,76800
2023-02-23,193.15228271484375,210.9199981689453,212.85000610351562,208.05999755859375,212.36000061035156,51300
2023-02-24,190.6248016357422,208.16000366210938,208.99000549316406,204.7100067138672,206.94000244140625,70100
2023-02-27,190.79879760742188,208.35000610351562,211.6999969482422,206.5800018310547,211.22999572753906,60700
2023-02-28,192.70355224609375,210.42999267578125,212.00999450683594,208.0,209.52999877929688,43800
2023-03-01,189.25115966796875,206.66000366210938,211.9499969482422,204.92999267578125,210.85000610351562,49600
2023-03-02,186.78775024414062,203.97000122070312,205.41000366210938,202.07000732421875,203.6300048828125,39100
2023-03-03,190.64308166503906,208.17999267578125,209.25,202.25999450683594,206.38999938964844,31200
2023-03-06,185.267578125,202.30999755859375,211.52999877929688,200.42999267578125,208.55999755859375,71900
2023-03-07,180.11184692382812,196.67999267578125,202.82000732421875,196.30999755859375,202.82000732421875,55100
2023-03-08,183.6466827392578,200.5399932861328,200.9499969482422,195.5,197.64999389648438,72100
2023-03-09,176.3022918701172,192.52000427246094,200.22000122070312,192.0,200.22000122070312,58000
2023-03-10,167.04397583007812,182.41000366210938,192.75,180.0,192.00999450683594,97800
2023-03-13,158.49073791503906,173.07000732421875,177.64999389648438,169.77999877929688,177.6300048828125,130100
2023-03-14,157.91380310058594,172.44000244140625,181.1699981689453,171.72999572753906,179.5500030517578,145400
2023-03-15,156.66835021972656,171.0800018310547,171.08999633789062,165.0,166.89999389648438,91700
2023-03-16,161.37542724609375,176.22000122070312,177.82000732421875,166.39999389648438,168.38999938964844,113200
2023-03-17,157.03468322753906,171.47999572753906,175.14999389648438,169.89999389648438,173.75,165800
2023-03-20,155.6060791015625,169.9199981689453,174.75,169.07000732421875,174.17999267578125,83500
2023-03-21,162.18124389648438,177.10000610351562,178.1300048828125,173.0,173.5800018310547,84100
2023-03-22,157.66656494140625,172.1699981689453,178.10000610351562,171.47999572753906,177.10000610351562,96500
2023-03-23,155.09326171875,169.36000061035156,176.3300018310547,167.99000549316406,171.99000549316406,64700
2023-03-24,154.0767822265625,168.25,168.5,165.0,167.2899932861328,79200
2023-03-27,160.899169921875,175.6999969482422,176.72999572753906,172.47000122070312,175.02999877929688,63800
2023-03-28,161.274658203125,176.11000061035156,177.33999633789062,172.52999877929688,173.8800048828125,63900
2023-03-29,163.29849243164062,178.32000732421875,178.75999450683594,175.0800018310547,177.9600067138672,89200
2023-03-30,164.69960021972656,179.85000610351562,183.0,177.5500030517578,180.6199951171875,98600
2023-03-31,174.3517303466797,190.38999938964844,191.17999267578125,179.19000244140625,180.83999633789062,146700
2023-04-03,169.64471435546875,185.25,189.8000030517578,181.52000427246094,189.6300048828125,84700
2023-04-04,166.2197265625,181.50999450683594,185.44000244140625,179.33999633789062,185.2899932861328,103400
2023-04-05,164.63548278808594,179.77999877929688,181.6999969482422,177.9499969482422,179.19000244140625,113100
2023-04-06,164.113525390625,179.2100067138672,182.08999633789062,177.5,179.72999572753906,110000
2023-04-10,164.9468536376953,180.1199951171875,181.4499969482422,177.0399932861328,178.8000030517578,49800
2023-04-11,167.7307586669922,183.16000366210938,185.8000030517578,180.49000549316406,180.49000549316406,63000
2023-04-12,165.56956481933594,180.8000030517578,185.4499969482422,180.7899932861328,185.32000732421875,47100
2023-04-13,166.93402099609375,182.2899932861328,182.8699951171875,180.0800018310547,182.41000366210938,41100
2023-04-14,168.6739959716797,184.19000244140625,185.8800048828125,180.85000610351562,183.72000122070312,50900
2023-04-17,171.83335876464844,187.63999938964844,188.07000732421875,183.10000610351562,184.19000244140625,38800
2023-04-18,171.6593475341797,187.4499969482422,188.5800018310547,186.1999969482422,188.39999389648438,51000
2023-04-19,172.73081970214844,188.6199951171875,191.11000061035156,185.64999389648438,185.64999389648438,73100
2023-04-20,171.51284790039062,187.2899932861328,187.7100067138672,185.4199981689453,186.49000549316406,65300
2023-04-21,173.13375854492188,189.05999755859375,189.88999938964844,185.19000244140625,187.9600067138672,70400
2023-04-24,171.71432495117188,187.50999450683594,189.27000427246094,185.25,188.6999969482422,55700
2023-04-25,166.69595336914062,182.02999877929688,187.5,182.02999877929688,185.4499969482422,47400
2023-04-26,162.9047393798828,177.88999938964844,183.64999389648438,177.0,181.07000732421875,77200
2023-04-27,164.62396240234375,178.10000610351562,178.10000610351562,175.0399932861328,177.5800018310547,85200
2023-04-28,168.4229736328125,182.2100067138672,183.97999572753906,174.8699951171875,179.74000549316406,43000
2023-05-01,162.76605224609375,176.08999633789062,184.57000732421875,175.42999267578125,182.75,50600
2023-05-02,161.887939453125,175.13999938964844,175.99000549316406,170.88999938964844,174.8800048828125,53100
2023-05-03,159.98382568359375,173.0800018310547,178.0399932861328,172.63999938964844,175.41000366210938,44500
2023-05-04,154.62266540527344,167.27999877929688,171.1999969482422,165.32000732421875,171.1999969482422,54400
2023-05-05,156.00917053222656,168.77999877929688,172.1199951171875,165.8699951171875,171.22999572753906,98600
2023-05-08,154.41932678222656,167.05999755859375,169.8300018310547,165.6999969482422,169.8300018310547,38100
2023-05-09,154.97390747070312,167.66000366210938,171.0399932861328,165.0,165.3000030517578,49700
2023-05-10,157.33096313476562,170.2100067138672,171.19000244140625,166.07000732421875,171.19000244140625,54800
2023-05-11,158.3199920654297,171.27999877929688,172.25,168.2100067138672,168.2100067138672,44600
2023-05-12,158.5048828125,171.47999572753906,173.10000610351562,169.36000061035156,172.47000122070312,27900
2023-05-15,161.25938415527344,174.4600067138672,176.5500030517578,170.39999389648438,172.02999877929688,33200
2023-05-16,158.90232849121094,171.91000366210938,173.7899932861328,171.66000366210938,172.6699981689453,31900
2023-05-17,165.03065490722656,178.5399932861328,180.0800018310547,173.02000427246094,173.02000427246094,46200
2023-05-18,169.3750457763672,183.24000549316406,183.83999633789062,176.85000610351562,176.85000610351562,38600
2023-05-19,169.64309692382812,183.52999877929688,185.83999633789062,179.5800018310547,185.83999633789062,52400
2023-05-22,171.37159729003906,185.39999389648438,187.49000549316406,184.1199951171875,185.1300048828125,64700
2023-05-23,173.87655639648438,188.11000061035156,190.47000122070312,183.8300018310547,184.3000030517578,62100
2023-05-24,171.24217224121094,185.25999450683594,187.0399932861328,184.13999938964844,186.17999267578125,50700
2023-05-25,174.7546844482422,189.05999755859375,189.8699951171875,184.91000366210938,185.9600067138672,44400
2023-05-26,179.64439392089844,194.35000610351562,195.4199981689453,188.0,188.72000122070312,31400
2023-05-30,180.24522399902344,195.0,195.58999633789062,193.99000549316406,194.7899932861328,32900
2023-05-31,176.3445281982422,190.77999877929688,193.4600067138672,189.75999450683594,193.4600067138672,42900
2023-06-01,179.9771728515625,194.7100067138672,196.36000061035156,190.0,190.0800018310547,33100
2023-06-02,186.61387634277344,201.88999938964844,203.66000366210938,196.92999267578125,197.8000030517578,58900
2023-06-05,183.9055938720703,198.9600067138672,201.57000732421875,194.69000244140625,200.0,60800
2023-06-06,191.3464813232422,207.00999450683594,207.67999267578125,198.27999877929688,198.27999877929688,57800
2023-06-07,196.7168731689453,212.82000732421875,214.47000122070312,208.85000610351562,208.85000610351562,72800
2023-06-08,195.2563934326172,211.24000549316406,211.64999389648438,207.52000427246094,211.5399932861328,50500
2023-06-09,194.3228302001953,210.22999572753906,212.99000549316406,208.22000122070312,212.99000549316406,36100
2023-06-12,196.62442016601562,212.72000122070312,212.94000244140625,207.35000610351562,208.9199981689453,47300
2023-06-13,198.73190307617188,215.0,217.08999633789062,212.30999755859375,212.30999755859375,44400
2023-06-14,195.86643981933594,211.89999389648438,216.4499969482422,202.25999450683594,214.41000366210938,44600
2023-06-15,199.08314514160156,215.3800048828125,215.82000732421875,211.25,211.75999450683594,49700
2023-06-16,195.64462280273438,211.66000366210938,217.0,208.99000549316406,216.64999389648438,105400
2023-06-20,192.75146484375,208.52999877929688,211.41000366210938,208.17999267578125,211.3800048828125,33400
2023-06-21,189.07261657714844,204.5500030517578,208.35000610351562,204.5500030517578,207.5,20200
2023-06-22,184.4139404296875,199.50999450683594,204.07000732421875,197.9600067138672,204.07000732421875,43500
2023-06-23,181.8813018798828,196.77000427246094,198.19000244140625,194.72000122070312,197.66000366210938,77200
2023-06-26,182.14012145996094,197.0500030517578,200.2899932861328,196.27999877929688,196.36000061035156,32500
2023-06-27,185.09796142578125,200.25,201.64999389648438,198.97000122070312,199.0399932861328,32100
2023-06-28,183.75767517089844,198.8000030517578,201.0,198.50999450683594,198.6699981689453,23700
2023-06-29,184.9408416748047,200.0800018310547,203.19000244140625,199.64999389648438,200.30999755859375,32500
2023-06-30,182.5283203125,197.47000122070312,202.67999267578125,197.32000732421875,202.67999267578125,31500
2023-07-03,184.32154846191406,199.41000366210938,200.63999938964844,196.88999938964844,196.88999938964844,23700
2023-07-05,181.48382568359375,196.33999633789062,199.27999877929688,195.5800018310547,197.4499969482422,47200
2023-07-06,178.12850952148438,192.7100067138672,193.63999938964844,188.25,193.63999938964844,44000
2023-07-07,178.6276397705078,193.25,195.36000061035156,193.24000549316406,193.55999755859375,31500
2023-07-10,180.2544708251953,195.00999450683594,196.27000427246094,192.0,192.4600067138672,29200
2023-07-11,182.40814208984375,197.33999633789062,198.1300048828125,194.0500030517578,194.0800018310547,22600
2023-07-12,186.0685272216797,201.3000030517578,202.44000244140625,200.13999938964844,201.35000610351562,33300
2023-07-13,190.09861755371094,205.66000366210938,206.2899932861328,201.27000427246094,203.1199951171875,39200
2023-07-14,190.9767303466797,206.61000061035156,207.30999755859375,202.9499969482422,205.63999938964844,40400
2023-07-17,192.1691436767578,207.89999389648438,210.67999267578125,205.39999389648438,205.57000732421875,33800
2023-07-18,200.0721893310547,216.4499969482422,216.4499969482422,207.77999877929688,207.77999877929688,35600
2023-07-19,200.1646270751953,216.5500030517578,218.5,215.0,215.58999633789062,26600
2023-07-20,200.2847900390625,216.67999267578125,217.35000610351562,213.69000244140625,215.49000549316406,27500
2023-07-21,198.5377960205078,214.7899932861328,217.47000122070312,214.27999877929688,217.47000122070312,20700
2023-07-24,202.04104614257812,218.5800018310547,218.69000244140625,214.5,214.5,25600
2023-07-25,200.55284118652344,216.97000122070312,223.10000610351562,216.80999755859375,217.92999267578125,44300
2023-07-26,200.44190979003906,216.85000610351562,219.08999633789062,215.47000122070312,216.63999938964844,19900
2023-07-27,194.86819458007812,210.82000732421875,217.0800018310547,209.02999877929688,216.3000030517578,34600
2023-07-28,187.98345947265625,201.77999877929688,209.86000061035156,199.4600067138672,202.25999450683594,58900
2023-07-31,191.6634063720703,205.72999572753906,208.67999267578125,202.36000061035156,202.8800048828125,46200
2023-08-01,191.26278686523438,205.3000030517578,206.36000061035156,201.91000366210938,204.08999633789062,43800
2023-08-02,189.38087463378906,203.27999877929688,206.1999969482422,200.82000732421875,204.8000030517578,38100
2023-08-03,190.24732971191406,204.2100067138672,205.07000732421875,202.0,202.0,30800
2023-08-04,191.8683319091797,205.9499969482422,209.27000427246094,203.3800048828125,203.3800048828125,47900
2023-08-07,195.57620239257812,209.92999267578125,211.47999572753906,205.72000122070312,205.85000610351562,35600
2023-08-08,191.7751922607422,205.85000610351562,207.0399932861328,202.44000244140625,207.0399932861328,50000
2023-08-09,189.427490234375,203.3300018310547,205.00999450683594,201.94000244140625,204.05999755859375,30700
2023-08-10,188.65423583984375,202.5,207.57000732421875,201.41000366210938,203.44000244140625,36300
2023-08-11,186.7537078857422,200.4600067138672,203.39999389648438,198.85000610351562,202.25999450683594,62200
2023-08-14,185.85935974121094,199.5,201.22000122070312,197.50999450683594,199.69000244140625,39500
2023-08-15,181.7974853515625,195.13999938964844,198.83999633789062,193.7899932861328,197.25,35700
2023-08-16,182.33779907226562,195.72000122070312,198.2100067138672,193.94000244140625,193.94000244140625,22900
2023-08-17,186.89346313476562,200.61000061035156,204.75999450683594,196.1199951171875,197.60000610351562,65800
2023-08-18,183.99609375,197.5,200.1699981689453,196.35000610351562,199.41000366210938,41800
2023-08-21,182.72909545898438,196.13999938964844,198.27999877929688,194.77000427246094,198.27999877929688,23300
2023-08-22,181.92791748046875,195.27999877929688,197.25,194.16000366210938,196.11000061035156,21600
2023-08-23,186.94003295898438,200.66000366210938,201.00999450683594,195.3000030517578,195.3000030517578,22000
2023-08-24,183.85638427734375,197.35000610351562,203.64999389648438,197.25999450683594,199.39999389648438,38900
2023-08-25,187.06112670898438,200.7899932861328,202.35000610351562,199.1699981689453,199.77999877929688,21900
2023-08-28,189.18527221679688,203.07000732421875,204.1999969482422,200.55999755859375,201.55999755859375,32500
2023-08-29,190.30322265625,204.27000427246094,204.77999877929688,203.0399932861328,203.8800048828125,24700
2023-08-30,190.73175048828125,204.72999572753906,206.02999877929688,202.80999755859375,203.07000732421875,18700
2023-08-31,192.93972778320312,207.10000610351562,208.35000610351562,203.61000061035156,204.0800018310547,83800
2023-09-01,196.18179321289062,210.5800018310547,212.5,207.9499969482422,207.9499969482422,33900
2023-09-05,188.41201782226562,202.24000549316406,210.0,202.02999877929688,208.39999389648438,44100
2023-09-06,187.3126983642578,201.05999755859375,203.0,199.3800048828125,201.39999389648438,24800
2023-09-07,186.3997039794922,200.0800018310547,200.11000061035156,197.24000549316406,199.5,33300
2023-09-08,186.64193725585938,200.33999633789062,201.91000366210938,197.55999755859375,197.9600067138672,23100
2023-09-11,186.3997039794922,200.0800018310547,201.41000366210938,197.72999572753906,201.38999938964844,30600
2023-09-12,188.16976928710938,201.97999572753906,204.24000549316406,198.69000244140625,199.5,22600
2023-09-13,188.17910766601562,201.99000549316406,202.8699951171875,198.8800048828125,198.8800048828125,28700
2023-09-14,191.43978881835938,205.49000549316406,206.25,203.39999389648438,203.39999389648438,38400
2023-09-15,192.6136474609375,206.75,206.75999450683594,203.89999389648438,204.72999572753906,115800
2023-09-18,190.56407165527344,204.5500030517578,207.5,202.50999450683594,207.5,36300
2023-09-19,191.02989196777344,205.0500030517578,205.8000030517578,203.85000610351562,204.60000610351562,26900
2023-09-20,189.45542907714844,203.36000061035156,206.72000122070312,202.85000610351562,206.72000122070312,22800
2023-09-21,187.86233520507812,201.64999389648438,204.42999267578125,199.0,201.00999450683594,39500
2023-09-22,187.15431213378906,200.88999938964844,204.3000030517578,199.8699951171875,201.77000427246094,35700
2023-09-25,189.194580078125,203.0800018310547,203.0800018310547,200.5,201.41000366210938,20800
2023-09-26,184.8811492919922,198.4499969482422,202.55999755859375,198.44000244140625,202.55999755859375,34200
2023-09-27,186.3438262939453,200.02000427246094,200.50999450683594,196.02000427246094,197.58999633789062,30000
2023-09-28,188.5238037109375,202.36000061035156,204.47000122070312,199.4499969482422,199.47999572753906,38600
2023-09-29,188.17910766601562,201.99000549316406,204.50999450683594,200.86000061035156,203.85000610351562,28400
2023-10-02,184.94639587402344,198.52000427246094,202.27999877929688,196.74000549316406,201.97000122070312,28500
2023-10-03,178.41566467285156,191.50999450683594,196.66000366210938,190.83999633789062,196.66000366210938,28700
2023-10-04,178.69517517089844,191.80999755859375,192.42999267578125,188.0500030517578,192.19000244140625,28400
2023-10-05,180.59568786621094,193.85000610351562,195.02999877929688,190.3000030517578,190.33999633789062,25700
2023-10-06,179.6826934814453,192.8699951171875,195.5,190.47000122070312,191.35000610351562,37300
2023-10-09,180.24168395996094,193.47000122070312,194.19000244140625,190.11000061035156,190.89999389648438,34800
2023-10-10,179.7385711669922,192.92999267578125,196.39999389648438,192.75,194.5,29100
2023-10-11,177.19522094726562,190.1999969482422,196.0500030517578,189.57000732421875,194.4499969482422,29400
2023-10-12,173.45008850097656,186.17999267578125,191.24000549316406,183.6999969482422,191.24000549316406,24100
2023-10-13,169.2205047607422,181.63999938964844,187.5,179.1300048828125,187.5,41700
2023-10-16,169.78880310058594,182.25,186.63999938964844,181.57000732421875,184.25,42200
2023-10-17,169.10873413085938,181.52000427246094,184.33999633789062,179.89999389648438,180.33999633789062,41900
2023-10-18,165.32632446289062,177.4600067138672,179.11000061035156,175.2100067138672,179.11000061035156,37300
2023-10-19,160.57505798339844,172.36000061035156,177.7899932861328,171.97000122070312,176.6199951171875,46300
2023-10-20,159.25213623046875,170.94000244140625,173.66000366210938,170.00999450683594,173.66000366210938,53800
2023-10-23,159.31732177734375,171.00999450683594,174.0500030517578,170.00999450683594,171.72999572753906,69300
2023-10-24,160.44459533691406,172.22000122070312,173.2100067138672,170.10000610351562,171.8000030517578,38200
2023-10-25,159.31732177734375,171.00999450683594,171.47000122070312,168.77999877929688,170.88999938964844,37600
2023-10-26,161.6650390625,173.52999877929688,173.9499969482422,171.77999877929688,171.77999877929688,58000
2023-10-27,162.12152099609375,174.02000427246094,182.22000122070312,168.92999267578125,168.92999267578125,43600
2023-10-30,169.2706298828125,179.7100067138672,180.85000610351562,172.94000244140625,174.99000549316406,57300
2023-10-31,173.52806091308594,184.22999572753906,184.83999633789062,178.3300018310547,178.3300018310547,40300
2023-11-01,176.0712127685547,186.92999267578125,187.32000732421875,181.77999877929688,185.4199981689453,42800
2023-11-02,183.0225067138672,194.30999755859375,194.3300018310547,187.7899932861328,187.7899932861328,29500
2023-11-03,189.35214233398438,201.02999877929688,202.4499969482422,197.39999389648438,197.39999389648438,30700
2023-11-06,187.8262481689453,199.41000366210938,200.22999572753906,197.1999969482422,200.22999572753906,27900
2023-11-07,183.29568481445312,194.60000610351562,201.0800018310547,192.86000061035156,201.0800018310547,56300
2023-11-08,182.5797882080078,193.83999633789062,196.11000061035156,193.1699981689453,195.52000427246094,28800
2023-11-09,181.76976013183594,192.97999572753906,195.61000061035156,192.0500030517578,192.0500030517578,44800
2023-11-10,182.02407836914062,193.25,194.3000030517578,191.14999389648438,191.22000122070312,39400
2023-11-13,181.2328643798828,192.41000366210938,193.52999877929688,190.50999450683594,192.57000732421875,56600
2023-11-14,191.75401306152344,203.5800018310547,203.8800048828125,196.52000427246094,198.25999450683594,35600
2023-11-15,190.3599853515625,202.10000610351562,208.30999755859375,201.17999267578125,202.6699981689453,71600
2023-11-16,186.441650390625,197.94000244140625,200.3000030517578,197.83999633789062,200.3000030517578,53700
2023-11-17,187.50599670410156,199.07000732421875,201.52999877929688,198.0,200.88999938964844,77500
2023-11-20,186.5358123779297,198.0399932861328,203.83999633789062,197.0,197.91000366210938,45000
2023-11-21,182.57040405273438,193.8300018310547,197.41000366210938,193.8300018310547,197.38999938964844,58400
2023-11-22,184.6049346923828,195.99000549316406,196.89999389648438,194.4499969482422,195.89999389648438,35600
2023-11-24,186.5358123779297,198.0399932861328,198.19000244140625,195.22000122070312,195.22000122070312,10600
2023-11-27,182.85296630859375,194.1300048828125,196.72000122070312,193.44000244140625,196.72000122070312,29500
2023-11-28,180.72422790527344,191.8699951171875,194.57000732421875,191.7100067138672,192.08999633789062,32800
2023-11-29,183.71951293945312,195.0500030517578,196.85000610351562,193.83999633789062,193.83999633789062,34200
2023-11-30,184.25640869140625,195.6199951171875,198.89999389648438,194.25,195.6999969482422,67100
2023-12-01,189.54051208496094,201.22999572753906,201.7899932861328,194.22000122070312,194.22000122070312,49500
2023-12-04,192.50755310058594,204.3800048828125,205.35000610351562,199.27999877929688,199.27999877929688,34700
2023-12-05,190.32229614257812,202.05999755859375,204.0,200.02999877929688,202.8699951171875,74400
2023-12-06,191.31130981445312,203.11000061035156,205.77999877929688,202.77999877929688,203.08999633789062,42700
2023-12-07,194.683349609375,206.69000244140625,206.6999969482422,202.80999755859375,202.80999755859375,36000
2023-12-08,194.4478759765625,206.44000244140625,209.27999877929688,205.07000732421875,206.02999877929688,36600
2023-12-11,193.21397399902344,205.1300048828125,207.77000427246094,204.60000610351562,205.41000366210938,38000
2023-12-12,195.88900756835938,207.97000122070312,208.52999877929688,204.91000366210938,205.97999572753906,31500
2023-12-13,204.43211364746094,217.0399932861328,217.3000030517578,205.08999633789062,207.14999389648438,71800
2023-12-14,212.54196166992188,225.64999389648438,226.8300018310547,220.0800018310547,220.0800018310547,59900
2023-12-15,207.1448211669922,219.9199981689453,226.8800048828125,218.8000030517578,226.8699951171875,83800
2023-12-18,205.31748962402344,217.97999572753906,220.02999877929688,217.3000030517578,220.02999877929688,42500
2023-12-19,213.44619750976562,226.61000061035156,227.5,220.00999450683594,220.00999450683594,69700
2023-12-20,222.17771911621094,235.8800048828125,237.50999450683594,229.05999755859375,230.67999267578125,78300
2023-12-21,221.82919311523438,235.50999450683594,237.02000427246094,232.92999267578125,237.02000427246094,53300
2023-12-22,226.36920166015625,240.3300018310547,240.6199951171875,235.69000244140625,237.25,30800
2023-12-26,229.0724639892578,243.1999969482422,243.3300018310547,239.39999389648438,242.1199951171875,22500
2023-12-27,231.1446533203125,245.39999389648438,246.97000122070312,242.39999389648438,242.39999389648438,27700
2023-12-28,232.75535583496094,247.11000061035156,247.8699951171875,243.35000610351562,243.88999938964844,29400
2023-12-29,227.7161407470703,241.75999450683594,243.52000427246094,240.0,242.60000610351562,33400
2024-01-02,221.9422149658203,235.6300048828125,240.25,233.75,239.4600067138672,32000
2024-01-03,215.8009796142578,229.11000061035156,234.6699981689453,228.77000427246094,234.6699981689453,46600
2024-01-04,224.19338989257812,238.02000427246094,238.7100067138672,231.0800018310547,231.0800018310547,24800
2024-01-05,220.5952911376953,234.1999969482422,238.9600067138672,233.41000366210938,235.4499969482422,49700
2024-01-08,224.59841918945312,238.4499969482422,238.80999755859375,233.77000427246094,233.77000427246094,22600
2024-01-09,219.81350708007812,233.3699951171875,236.5,232.41000366210938,235.17999267578125,37500
2024-01-10,219.70046997070312,233.25,236.57000732421875,231.57000732421875,233.3699951171875,31900
2024-01-11,219.25778198242188,232.77999877929688,235.0,230.63999938964844,232.80999755859375,38100
2024-01-12,223.3833465576172,237.16000366210938,237.6699981689453,234.16000366210938,236.38999938964844,31400
2024-01-16,217.02545166015625,230.41000366210938,237.52999877929688,228.97000122070312,234.13999938964844,42000
2024-01-17,215.97052001953125,229.2899932861328,232.2899932861328,226.0,226.0,38400
2024-01-18,218.400634765625,231.8699951171875,232.57000732421875,228.39999389648438,229.75,40600
2024-01-19,226.19964599609375,240.14999389648438,242.42999267578125,230.89999389648438,230.94000244140625,39200
2024-01-22,230.47593688964844,244.69000244140625,245.5399932861328,240.7899932861328,240.7899932861328,37900
2024-01-23,228.64862060546875,242.75,247.8699951171875,240.0,247.8699951171875,31900
2024-01-24,227.0002899169922,241.0,247.42999267578125,237.66000366210938,246.75999450683594,65800
2024-01-25,230.43826293945312,244.64999389648438,245.60000610351562,240.49000549316406,245.60000610351562,24000
2024-01-26,231.67214965820312,245.9600067138672,248.16000366210938,243.4199981689453,246.86000061035156,24800
2024-01-29,232.35032653808594,246.67999267578125,247.3000030517578,243.77000427246094,245.38999938964844,41200
2024-01-30,230.7841339111328,243.1300048828125,246.3800048828125,243.1300048828125,244.05999755859375,31400
2024-01-31,224.12057495117188,236.11000061035156,244.75,235.6699981689453,243.13999938964844,43900
2024-02-01,227.0631866455078,239.2100067138672,239.8699951171875,230.9199981689453,238.64999389648438,39800
2024-02-02,219.25108337402344,230.97999572753906,243.14999389648438,230.08999633789062,233.69000244140625,56800
2024-02-05,220.68441772460938,232.49000549316406,234.58999633789062,226.35000610351562,228.82000732421875,55300
2024-02-06,218.32081604003906,230.0,233.1999969482422,229.92999267578125,230.8699951171875,41800
2024-02-07,220.3521728515625,232.13999938964844,235.00999450683594,226.42999267578125,230.16000366210938,33300
2024-02-08,219.92501831054688,231.69000244140625,235.55999755859375,228.30999755859375,229.75999450683594,31000
2024-02-09,222.212646484375,234.10000610351562,237.25999450683594,230.41000366210938,233.8000030517578,49300
2024-02-12,225.8671417236328,237.9499969482422,239.13999938964844,233.99000549316406,233.99000549316406,48200
2024-02-13,216.59326171875,228.17999267578125,233.6300048828125,225.72000122070312,230.17999267578125,45900
2024-02-14,219.29855346679688,231.02999877929688,233.5,227.3300018310547,232.58999633789062,42500
2024-02-15,223.82632446289062,235.8000030517578,237.0399932861328,231.49000549316406,231.74000549316406,44400
2024-02-16,221.39633178710938,233.24000549316406,236.25,231.74000549316406,231.74000549316406,42000
2024-02-20,219.7446746826172,231.5,235.8000030517578,229.47999572753906,229.66000366210938,42300
2024-02-21,218.32081604003906,230.0,231.99000549316406,227.25,229.27999877929688,67600
2024-02-22,222.91506958007812,234.83999633789062,234.83999633789062,229.89999389648438,229.99000549316406,113500
2024-02-23,223.55105590820312,235.50999450683594,238.25999450683594,233.49000549316406,233.74000549316406,44400
2024-02-26,219.22259521484375,230.9499969482422,237.0,230.57000732421875,233.4600067138672,40400
2024-02-27,219.763671875,231.52000427246094,234.1999969482422,230.24000549316406,234.1999969482422,49600
2024-02-28,217.15330505371094,228.77000427246094,232.0,228.3800048828125,228.50999450683594,84700
2024-02-29,220.5230255126953,232.32000732421875,232.8300018310547,229.60000610351562,232.8300018310547,39900
2024-03-01,224.1680450439453,236.16000366210938,236.7899932861328,229.5399932861328,233.7100067138672,93700
2024-03-04,215.72947692871094,227.27000427246094,236.72000122070312,226.36000061035156,233.52000427246094,131000
2024-03-05,215.64401245117188,227.17999267578125,230.2899932861328,224.82000732421875,226.5399932861328,99000
2024-03-06,233.1571807861328,245.6300048828125,252.5,234.02000427246094,238.22999572753906,148700
2024-03-07,235.60617065429688,248.2100067138672,252.32000732421875,247.5,247.5,67800
2024-03-08,237.79884338378906,250.52000427246094,253.6300048828125,248.38999938964844,249.42999267578125,55200
2024-03-11,236.43197631835938,249.0800018310547,250.85000610351562,245.80999755859375,248.42999267578125,51600
2024-03-12,234.7423553466797,247.3000030517578,251.3800048828125,246.72999572753906,246.9199981689453,58400
2024-03-13,229.4552001953125,241.72999572753906,249.80999755859375,239.67999267578125,246.3800048828125,52900
2024-03-14,222.1177215576172,234.0,241.72999572753906,231.1999969482422,241.72999572753906,83500
2024-03-15,219.58331298828125,231.3300018310547,237.0500030517578,231.2899932861328,231.9499969482422,315100
2024-03-18,219.62127685546875,231.3699951171875,233.64999389648438,230.47999572753906,232.9199981689453,49100
2024-03-19,222.08924865722656,233.97000122070312,235.32000732421875,228.80999755859375,228.80999755859375,44000
2024-03-20,227.97442626953125,240.1699981689453,242.25,231.6300048828125,231.6300048828125,37400
2024-03-21,233.4799041748047,245.97000122070312,247.16000366210938,240.97000122070312,240.97000122070312,49300
2024-03-22,231.04039001464844,243.39999389648438,246.0,242.8699951171875,245.24000549316406,41400
2024-03-25,231.42958068847656,243.80999755859375,245.63999938964844,243.60000610351562,244.3800048828125,24800
2024-03-26,227.20555114746094,239.36000061035156,246.02999877929688,237.66000366210938,244.99000549316406,49600
2024-03-27,235.03662109375,247.61000061035156,247.61000061035156,242.8300018310547,242.8300018310547,38000
2024-03-28,235.38784790039062,247.97999572753906,263.3900146484375,243.72999572753906,252.08999633789062,102700
2024-04-01,229.6735382080078,241.9600067138672,246.67999267578125,241.24000549316406,246.67999267578125,50000
2024-04-02,230.1481475830078,242.4600067138672,242.4600067138672,236.88999938964844,236.88999938964844,52900
2024-04-03,232.0940399169922,244.50999450683594,246.32000732421875,239.57000732421875,239.57000732421875,27700
2024-04-04,228.43003845214844,240.64999389648438,247.74000549316406,240.07000732421875,246.0,21200
2024-04-05,229.12298583984375,241.3800048828125,242.41000366210938,238.8000030517578,239.2899932861328,24400
2024-04-08,227.47134399414062,239.63999938964844,243.0800018310547,237.10000610351562,238.3800048828125,40300
2024-04-09,227.47134399414062,239.63999938964844,239.94000244140625,236.6199951171875,239.69000244140625,22200
2024-04-10,216.72616577148438,228.32000732421875,233.7100067138672,227.91000366210938,232.38999938964844,43200
2024-04-11,219.79214477539062,231.5500030517578,233.9600067138672,228.33999633789062,230.6999969482422,34400
2024-04-12,214.17276000976562,225.6300048828125,229.1300048828125,225.52000427246094,228.3699951171875,32300
2024-04-15,212.6065216064453,223.97999572753906,230.25999450683594,222.22000122070312,228.52999877929688,35900
2024-04-16,208.32554626464844,219.47000122070312,221.8800048828125,216.6699981689453,221.00999450683594,64300
2024-04-17,207.48074340820312,218.5800018310547,222.5,218.0399932861328,222.3800048828125,43400
2024-04-18,208.6387939453125,219.8000030517578,225.0800018310547,217.61000061035156,217.61000061035156,44200
2024-04-19,213.89747619628906,225.33999633789062,225.3800048828125,218.80999755859375,218.80999755859375,42800
2024-04-22,220.01046752929688,231.77999877929688,232.27000427246094,224.38999938964844,224.38999938964844,62400
2024-04-23,221.30137634277344,233.13999938964844,236.07000732421875,230.89999389648438,230.89999389648438,20100
2024-04-24,222.78216552734375,234.6999969482422,236.0399932861328,230.1300048828125,230.92999267578125,36200
2024-04-25,219.03274536132812,230.75,231.47000122070312,226.44000244140625,230.52000427246094,38900
2024-04-26,216.0237274169922,227.5800018310547,240.3699951171875,217.9600067138672,217.9600067138672,74500
2024-04-29,212.6830596923828,222.19000244140625,226.99000549316406,218.94000244140625,225.82000732421875,72800
2024-04-30,209.93585205078125,219.32000732421875,223.41000366210938,218.64999389648438,221.88999938964844,84600
2024-05-01,210.49102783203125,219.89999389648438,223.97000122070312,218.57000732421875,220.2100067138672,58200
2024-05-02,213.72640991210938,223.27999877929688,223.41000366210938,219.52999877929688,223.25999450683594,60900
2024-05-03,216.90435791015625,226.60000610351562,228.22999572753906,224.02999877929688,224.47999572753906,25200
2024-05-06,217.82330322265625,227.55999755859375,229.3000030517578,226.0500030517578,228.00999450683594,30200
2024-05-07,214.99951171875,224.61000061035156,230.7899932861328,224.61000061035156,229.22999572753906,52100
2024-05-08,224.140869140625,234.16000366210938,234.5500030517578,223.35000610351562,223.75,52100
2024-05-09,224.50462341308594,234.5399932861328,238.8000030517578,232.44000244140625,232.44000244140625,51500
2024-05-10,220.80978393554688,230.67999267578125,234.17999267578125,230.57000732421875,233.05999755859375,31700
2024-05-13,220.77149963378906,230.63999938964844,233.9600067138672,230.63999938964844,232.67999267578125,23400
2024-05-14,222.54234313964844,232.49000549316406,235.1199951171875,230.3699951171875,234.17999267578125,34300
2024-05-15,224.39932250976562,234.42999267578125,236.47000122070312,231.97999572753906,233.85000610351562,37500
2024-05-16,225.33740234375,235.41000366210938,236.30999755859375,232.6699981689453,234.52000427246094,23600
2024-05-17,223.35597229003906,233.33999633789062,236.36000061035156,233.1699981689453,236.36000061035156,27000
2024-05-20,223.37510681152344,233.36000061035156,235.80999755859375,232.4499969482422,232.4499969482422,40700
2024-05-21,226.859375,237.0,237.3800048828125,231.22999572753906,231.22999572753906,22500
2024-05-22,224.37060546875,234.39999389648438,235.88999938964844,232.7100067138672,235.1699981689453,46400
2024-05-23,219.84300231933594,229.6699981689453,234.36000061035156,229.0,234.36000061035156,25800
2024-05-24,222.6859130859375,232.63999938964844,234.1300048828125,229.60000610351562,230.14999389648438,50800
2024-05-28,218.7613525390625,228.5399932861328,232.3800048828125,227.67999267578125,232.3800048828125,26600
2024-05-29,216.02371215820312,225.67999267578125,227.44000244140625,224.94000244140625,227.38999938964844,39600
2024-05-30,216.99050903320312,226.69000244140625,229.49000549316406,225.67999267578125,227.05999755859375,27900
2024-05-31,218.8092041015625,228.58999633789062,230.49000549316406,225.3699951171875,226.24000549316406,75700
2024-06-03,220.15887451171875,230.0,231.2899932861328,227.3699951171875,231.2899932861328,26600
2024-06-04,217.49783325195312,227.22000122070312,232.0,225.3800048828125,228.9600067138672,19500
2024-06-05,217.0000762939453,226.6999969482422,228.60000610351562,225.22999572753906,226.86000061035156,42500
2024-06-06,212.48204040527344,221.97999572753906,226.0399932861328,221.1699981689453,224.47999572753906,60100
2024-06-07,208.67233276367188,218.0,220.32000732421875,216.74000549316406,220.0399932861328,53500
2024-06-10,207.09295654296875,216.35000610351562,217.14999389648438,215.22999572753906,215.22999572753906,57300
2024-06-11,205.79112243652344,214.99000549316406,215.32000732421875,212.2100067138672,214.19000244140625,34100
2024-06-12,209.39981079101562,218.75999450683594,229.41000366210938,217.77000427246094,221.1699981689453,45500
2024-06-13,204.31700134277344,213.4499969482422,218.24000549316406,213.07000732421875,217.16000366210938,49600
2024-06-14,203.53208923339844,212.6300048828125,213.7899932861328,209.9600067138672,210.88999938964844,35700
2024-06-17,206.30799865722656,215.52999877929688,215.5399932861328,210.00999450683594,212.52999877929688,39700
2024-06-18,208.031005859375,217.3300018310547,220.75,216.00999450683594,216.91000366210938,45300
2024-06-20,210.58677673339844,220.0,221.47000122070312,215.52999877929688,215.52999877929688,27500
2024-06-21,209.83056640625,219.2100067138672,221.57000732421875,219.00999450683594,219.8300018310547,106000
2024-06-24,215.736572265625,225.3800048828125,227.07000732421875,221.0500030517578,221.0500030517578,36000
2024-06-25,213.1712188720703,222.6999969482422,224.27999877929688,219.8300018310547,224.27999877929688,35600
2024-06-26,210.9026336669922,220.3300018310547,222.74000549316406,219.49000549316406,221.57000732421875,20000
2024-06-27,211.38124084472656,220.8300018310547,222.52999877929688,219.50999450683594,221.80999755859375,23800
2024-06-28,216.18646240234375,225.85000610351562,226.02000427246094,219.35000610351562,223.30999755859375,313400
2024-07-01,213.38182067871094,222.9199981689453,226.66000366210938,221.6699981689453,224.97999572753906,31600
2024-07-02,215.78440856933594,225.42999267578125,225.9499969482422,223.0,223.82000732421875,16700
2024-07-03,217.0000762939453,226.6999969482422,226.77999877929688,225.02999877929688,225.02999877929688,10900
2024-07-05,211.9842987060547,221.4600067138672,225.50999450683594,221.44000244140625,225.50999450683594,15700
2024-07-08,212.5777587890625,222.0800018310547,222.77999877929688,221.11000061035156,221.8300018310547,43000
2024-07-09,213.199951171875,222.72999572753906,224.5,220.4499969482422,221.35000610351562,24400
2024-07-10,217.44039916992188,227.16000366210938,227.16000366210938,222.4600067138672,222.4600067138672,16600
2024-07-11,219.95785522460938,229.7899932861328,235.14999389648438,229.4600067138672,231.72999572753906,65100
2024-07-12,221.049072265625,230.92999267578125,233.39999389648438,229.9499969482422,232.30999755859375,39600
2024-07-15,221.6329803466797,231.5399932861328,238.97000122070312,230.5,231.6999969482422,68900
2024-07-16,233.20570373535156,243.6300048828125,244.8699951171875,234.74000549316406,234.75,55800
2024-07-17,234.38307189941406,244.86000061035156,247.88999938964844,239.66000366210938,242.75,70800
2024-07-18,232.97596740722656,243.38999938964844,248.7100067138672,242.80999755859375,242.82000732421875,27800
2024-07-19,230.01817321777344,240.3000030517578,244.82000732421875,239.55999755859375,243.47000122070312,25400
2024-07-22,231.27210998535156,241.61000061035156,242.80999755859375,237.8800048828125,240.8000030517578,36500
2024-07-23,230.8605194091797,241.17999267578125,246.33999633789062,240.5,240.5,62500
2024-07-24,227.24224853515625,237.39999389648438,244.77000427246094,237.39999389648438,240.22000122070312,49500
2024-07-25,235.27328491210938,245.7899932861328,248.35000610351562,238.05999755859375,238.05999755859375,68200
2024-07-26,224.44717407226562,234.47999572753906,247.0500030517578,231.1300048828125,242.1999969482422,36800
2024-07-29,216.6076202392578,226.2899932861328,232.24000549316406,224.0800018310547,232.24000549316406,41600
2024-07-30,219.52711486816406,229.33999633789062,233.0,225.5,228.74000549316406,43700
2024-07-31,218.13722229003906,226.0,230.19000244140625,225.0,227.5500030517578,52000
2024-08-01,207.33653259277344,214.80999755859375,227.0399932861328,214.64999389648438,225.39999389648438,52900
2024-08-02,200.02024841308594,207.22999572753906,210.14999389648438,204.55999755859375,208.00999450683594,42200
2024-08-05,189.26780700683594,196.08999633789062,199.02000427246094,193.83999633789062,196.4199981689453,57000
2024-08-06,189.99171447753906,196.83999633789062,200.1699981689453,194.10000610351562,196.52000427246094,41900
2024-08-07,185.69654846191406,192.38999938964844,199.5,192.38999938964844,199.47999572753906,37200
2024-08-08,190.98590087890625,197.8699951171875,198.60000610351562,192.60000610351562,195.80999755859375,27400
2024-08-09,190.61912536621094,197.49000549316406,198.32000732421875,195.92999267578125,198.32000732421875,20900
2024-08-12,190.5901641845703,197.4600067138672,200.0,194.9199981689453,197.2100067138672,47600
2024-08-13,190.3778076171875,197.24000549316406,198.36000061035156,194.6699981689453,196.50999450683594,49300
2024-08-14,193.44717407226562,200.4199981689453,201.33999633789062,191.44000244140625,197.32000732421875,44800
2024-08-15,198.83303833007812,206.0,208.7100067138672,205.42999267578125,205.83999633789062,35300
2024-08-16,200.8792724609375,208.1199951171875,208.55999755859375,205.36000061035156,205.36000061035156,23900
2024-08-19,203.4177703857422,210.75,211.13999938964844,207.08999633789062,207.64999389648438,39500
2024-08-20,202.24986267089844,209.5399932861328,210.08999633789062,207.27000427246094,210.08999633789062,26800
2024-08-21,200.6572723388672,207.88999938964844,211.16000366210938,206.99000549316406,209.38999938964844,23300
2024-08-22,202.64561462402344,209.9499969482422,211.36000061035156,207.92999267578125,207.92999267578125,23000
2024-08-23,209.1993865966797,216.74000549316406,218.75,210.1999969482422,210.1999969482422,25800
2024-08-26,206.98904418945312,214.4499969482422,220.4600067138672,213.83999633789062,219.94000244140625,37200
2024-08-27,202.385009765625,209.67999267578125,212.6699981689453,209.47000122070312,209.7100067138672,26000
2024-08-28,197.25975036621094,204.3699951171875,209.9199981689453,204.07000732421875,207.52999877929688,32000
2024-08-29,200.5511016845703,207.77999877929688,208.4199981689453,204.60000610351562,207.02999877929688,36800
2024-08-30,204.29611206054688,211.66000366210938,212.0800018310547,207.3000030517578,209.89999389648438,36200
2024-09-03,198.49522399902344,205.64999389648438,210.22999572753906,204.38999938964844,210.22999572753906,44000
2024-09-04,195.1555938720703,202.19000244140625,206.0399932861328,201.1999969482422,203.6199951171875,24100
2024-09-05,194.8756866455078,201.89999389648438,204.8000030517578,201.08999633789062,203.97000122070312,17200
2024-09-06,190.18475341796875,197.0399932861328,202.1199951171875,196.77999877929688,200.0800018310547,23500
2024-09-09,189.89520263671875,196.74000549316406,199.52000427246094,195.7100067138672,197.9600067138672,32800
2024-09-10,188.9396514892578,195.75,197.85000610351562,193.22999572753906,197.85000610351562,35300
2024-09-11,188.2061004638672,194.99000549316406,196.11000061035156,190.4199981689453,194.0500030517578,40200
2024-09-12,190.7928466796875,197.6699981689453,198.36000061035156,194.82000732421875,194.82000732421875,22800
2024-09-13,196.88331604003906,203.97999572753906,204.4199981689453,199.47000122070312,200.7100067138672,32400
2024-09-16,198.91990661621094,206.08999633789062,206.42999267578125,204.33999633789062,205.3000030517578,20500
2024-09-17,199.1998291015625,206.3800048828125,209.27999877929688,206.16000366210938,208.57000732421875,24900
2024-09-18,198.8619842529297,206.02999877929688,209.89999389648438,205.61000061035156,205.61000061035156,41700
2024-09-19,202.54910278320312,209.85000610351562,211.27999877929688,209.30999755859375,211.10000610351562,23600
2024-09-20,200.00094604492188,207.2100067138672,209.77999877929688,206.22000122070312,209.77999877929688,116300
2024-09-23,200.9564971923828,208.1999969482422,209.6300048828125,207.2100067138672,208.4600067138672,16200
2024-09-24,201.56459045410156,208.8300018310547,210.10000610351562,207.2899932861328,208.4600067138672,16800
2024-09-25,197.153564453125,204.25999450683594,207.7899932861328,204.19000244140625,207.5,22000
2024-09-26,199.61485290527344,206.80999755859375,207.50999450683594,205.25,206.86000061035156,24200
2024-09-27,200.59938049316406,207.8300018310547,211.14999389648438,206.66000366210938,208.5399932861328,19500
2024-09-30,202.16299438476562,209.4499969482422,209.4499969482422,204.0500030517578,206.3000030517578,34300
2024-10-01,197.99331665039062,205.1300048828125,207.77999877929688,203.13999938964844,207.77999877929688,21800
2024-10-02,197.81956481933594,204.9499969482422,206.55999755859375,204.35000610351562,205.86000061035156,23000
2024-10-03,197.08599853515625,204.19000244140625,205.50999450683594,203.0,204.44000244140625,21000
2024-10-04,201.13987731933594,208.38999938964844,208.63999938964844,205.80999755859375,207.0,22000
2024-10-07,198.22494506835938,205.3699951171875,206.6699981689453,203.4199981689453,206.6699981689453,18600
2024-10-08,196.2655792236328,203.33999633789062,204.3800048828125,202.0,203.58999633789062,28900
2024-10-09,198.7172088623047,205.8800048828125,206.05999755859375,203.99000549316406,203.99000549316406,23900
2024-10-10,198.08982849121094,205.22999572753906,205.22999572753906,203.30999755859375,203.47000122070312,18400
2024-10-11,200.6765899658203,207.91000366210938,208.14999389648438,205.99000549316406,205.99000549316406,19300
2024-10-14,205.3771514892578,212.77999877929688,212.8300018310547,206.2899932861328,206.2899932861328,31200
2024-10-15,210.01980590820312,217.58999633789062,222.0399932861328,213.97000122070312,213.97000122070312,38200
2024-10-16,215.16436767578125,222.9199981689453,223.5500030517578,220.38999938964844,220.38999938964844,25200
2024-10-17,215.8689727783203,223.64999389648438,224.14999389648438,223.0800018310547,223.2899932861328,15300
2024-10-18,216.35157775878906,224.14999389648438,225.41000366210938,221.86000061035156,223.99000549316406,23600
2024-10-21,209.29591369628906,216.83999633789062,223.64999389648438,216.49000549316406,223.64999389648438,21900
2024-10-22,207.65504455566406,215.13999938964844,216.6300048828125,214.44000244140625,216.6300048828125,16600
2024-10-23,201.9603271484375,209.24000549316406,214.0,207.0,212.6699981689453,24500
2024-10-24,205.54124450683594,212.9499969482422,214.94000244140625,209.2899932861328,211.05999755859375,37200
2024-10-25,206.30374145507812,213.74000549316406,223.61000061035156,210.0800018310547,223.61000061035156,28900
2024-10-28,217.577392578125,225.4199981689453,225.44000244140625,215.52999877929688,215.52999877929688,29100
2024-10-29,216.1488800048828,223.94000244140625,225.39999389648438,221.89999389648438,225.39999389648438,44900
2024-10-30,217.68356323242188,225.52999877929688,227.75,222.42999267578125,222.42999267578125,38300
2024-10-31,210.94676208496094,216.3699951171875,223.97999572753906,216.3699951171875,221.2899932861328,29000
2024-11-01,211.6194610595703,217.05999755859375,218.61000061035156,215.66000366210938,217.52999877929688,17100
2024-11-04,210.04981994628906,215.4499969482422,215.4499969482422,213.64999389648438,215.3699951171875,20300
2024-11-05,213.0428924560547,218.52000427246094,218.52000427246094,213.5800018310547,213.5800018310547,22900
2024-11-06,232.94129943847656,238.92999267578125,242.58999633789062,233.25,233.25,53900
2024-11-07,228.8855743408203,234.77000427246094,238.1999969482422,234.72999572753906,237.00999450683594,49800
2024-11-08,230.7184600830078,236.64999389648438,238.27000427246094,234.63999938964844,234.63999938964844,37900
2024-11-11,237.9329833984375,244.0500030517578,245.58999633789062,238.72999572753906,238.72999572753906,27600
2024-11-12,235.7393798828125,241.8000030517578,243.27000427246094,239.4499969482422,240.9499969482422,33400
2024-11-13,232.65858459472656,238.63999938964844,245.0,238.0399932861328,242.97999572753906,26200
2024-11-14,235.4761505126953,241.52999877929688,241.7899932861328,238.64999389648438,241.22999572753906,26900
2024-11-15,232.0346221923828,238.0,244.60000610351562,237.99000549316406,243.74000549316406,25200
2024-11-18,229.9677734375,235.8800048828125,239.1699981689453,235.35000610351562,237.41000366210938,20700
2024-11-19,226.53598022460938,232.36000061035156,235.16000366210938,232.36000061035156,233.5800018310547,27000
2024-11-20,228.60284423828125,234.47999572753906,235.75,231.89999389648438,232.36000061035156,21000
2024-11-21,233.39952087402344,239.39999389648438,240.6199951171875,232.50999450683594,236.72999572753906,29300
2024-11-22,236.0220947265625,242.08999633789062,244.4199981689453,240.3800048828125,240.3800048828125,31200
2024-11-25,237.91348266601562,244.02999877929688,249.75999450683594,243.97999572753906,243.97999572753906,46900
2024-11-26,241.4622344970703,247.6699981689453,248.52000427246094,239.00999450683594,242.8300018310547,46900
2024-11-27,240.7310333251953,246.9199981689453,250.99000549316406,244.9600067138672,249.5,40800
2024-11-29,240.77980041503906,246.97000122070312,250.5399932861328,245.72000122070312,249.00999450683594,20400
2024-12-02,242.24220275878906,248.47000122070312,248.86000061035156,245.1300048828125,247.05999755859375,28500
2024-12-03,240.19482421875,246.3699951171875,250.0,243.14999389648438,249.50999450683594,23300
2024-12-04,244.60153198242188,250.88999938964844,252.82000732421875,245.80999755859375,245.80999755859375,23100
2024-12-05,241.4037628173828,247.61000061035156,250.88999938964844,247.61000061035156,250.88999938964844,25400
2024-12-06,239.3953857421875,245.5500030517578,248.33999633789062,244.4600067138672,248.33999633789062,21300
2024-12-09,241.13076782226562,247.3300018310547,249.75,245.11000061035156,247.32000732421875,38700
2024-12-10,239.53189086914062,245.69000244140625,247.1999969482422,244.2100067138672,245.0399932861328,45900
2024-12-11,238.09872436523438,244.22000122070312,248.35000610351562,243.7899932861328,247.47999572753906,61600
2024-12-12,236.5875701904297,242.6699981689453,246.77999877929688,242.42999267578125,244.97999572753906,24600
2024-12-13,233.6920166015625,239.6999969482422,243.38999938964844,239.0399932861328,242.61000061035156,34800
2024-12-16,232.0833740234375,238.0500030517578,240.13999938964844,237.94000244140625,239.6999969482422,26100
2024-12-17,227.70590209960938,233.55999755859375,237.49000549316406,232.5,235.17999267578125,37600
2024-12-18,215.38272094726562,220.9199981689453,236.1199951171875,220.02999877929688,235.8000030517578,48400
2024-12-19,212.41891479492188,217.8800048828125,227.3800048828125,216.8300018310547,224.1300048828125,67700
2024-12-20,215.46072387695312,221.0,223.67999267578125,214.67999267578125,214.67999267578125,196400
2024-12-23,214.85626220703125,220.3800048828125,220.3800048828125,217.72999572753906,218.77999877929688,30700
2024-12-24,217.89805603027344,223.5,223.5,219.5800018310547,219.5800018310547,14200
2024-12-26,219.9454345703125,225.60000610351562,226.50999450683594,222.36000061035156,222.36000061035156,36900
2024-12-27,217.3325958251953,222.9199981689453,223.8800048828125,220.7899932861328,223.72000122070312,24700
2024-12-30,215.11949157714844,220.64999389648438,222.83999633789062,219.27000427246094,221.00999450683594,46400
2024-12-31,215.05125427246094,220.5800018310547,223.17999267578125,218.99000549316406,221.64999389648438,15600
2025-01-02,213.71559143066406,219.2100067138672,223.9600067138672,217.22000122070312,223.9600067138672,51100
2025-01-03,214.58328247070312,220.10000610351562,220.10000610351562,215.8300018310547,219.25,33700
2025-01-06,211.92169189453125,217.3699951171875,222.2899932861328,216.77999877929688,220.4600067138672,22800
2025-01-07,209.0846405029297,214.4600067138672,216.80999755859375,211.63999938964844,216.80999755859375,45100
2025-01-08,209.19187927246094,214.57000732421875,215.5399932861328,211.72999572753906,211.72999572753906,38300
2025-01-10,199.2767791748047,204.39999389648438,209.0,202.86000061035156,209.0,30900
2025-01-13,200.1444854736328,205.2899932861328,205.2899932861328,201.3000030517578,201.3000030517578,28300
2025-01-14,202.54281616210938,207.75,209.14999389648438,205.5500030517578,205.5500030517578,20800
2025-01-15,204.66818237304688,209.92999267578125,215.0,207.38999938964844,211.02999877929688,42900
2025-01-16,205.7016143798828,210.99000549316406,211.44000244140625,208.97000122070312,210.52999877929688,22800
2025-01-17,204.81442260742188,210.0800018310547,215.89999389648438,207.8000030517578,212.25999450683594,33800
2025-01-21,205.4091339111328,210.69000244140625,212.5399932861328,209.6999969482422,211.0,37500
2025-01-22,203.8394775390625,209.0800018310547,210.0,207.57000732421875,209.3699951171875,56800
2025-01-23,205.14590454101562,210.4199981689453,211.42999267578125,207.1199951171875,207.1199951171875,19600
2025-01-24,203.6055145263672,208.83999633789062,210.38999938964844,207.74000549316406,208.72999572753906,53700
2025-01-27,204.95091247558594,210.22000122070312,212.27000427246094,206.91000366210938,206.91000366210938,24600
2025-01-28,206.88128662109375,212.1999969482422,215.27999877929688,208.5800018310547,208.5800018310547,56100
2025-01-29,203.63475036621094,208.8699951171875,212.85000610351562,206.02999877929688,211.5500030517578,54700
2025-01-30,205.91610717773438,211.2100067138672,213.8699951171875,208.8699951171875,211.75999450683594,32100
2025-01-31,196.59390258789062,199.5,207.39999389648438,195.14999389648438,207.39999389648438,67200
2025-02-03,193.65731811523438,196.52000427246094,198.47999572753906,191.47999572753906,194.86000061035156,37300
2025-02-04,191.72586059570312,194.55999755859375,195.1999969482422,193.0800018310547,194.3300018310547,26200
2025-02-05,192.0412139892578,194.8800048828125,197.49000549316406,193.47000122070312,194.19000244140625,38000
2025-02-06,188.48379516601562,191.27000427246094,193.86000061035156,190.75999450683594,193.86000061035156,32700
2025-02-07,186.29612731933594,189.0500030517578,191.83999633789062,188.05999755859375,191.83999633789062,25100
2025-02-10,182.68943786621094,185.38999938964844,189.77000427246094,184.89999389648438,189.77000427246094,22400
2025-02-11,186.14830017089844,188.89999389648438,189.55999755859375,183.1699981689453,185.05999755859375,24300
2025-02-12,181.74342346191406,184.42999267578125,185.07000732421875,181.64999389648438,185.07000732421875,55800
2025-02-13,181.3295440673828,184.00999450683594,185.3000030517578,182.4499969482422,185.0,68900
2025-02-14,184.128173828125,186.85000610351562,188.1699981689453,185.60000610351562,185.63999938964844,38000
2025-02-18,184.1873016357422,186.91000366210938,187.8699951171875,185.9600067138672,186.85000610351562,38500
2025-02-19,183.0343475341797,185.74000549316406,186.47000122070312,183.88999938964844,184.8800048828125,38400
2025-02-20,179.6345977783203,182.2899932861328,184.67999267578125,181.8800048828125,184.41000366210938,39700
2025-02-21,177.64402770996094,180.27000427246094,184.42999267578125,179.39999389648438,184.42999267578125,42000
2025-02-24,178.18601989746094,180.82000732421875,182.72999572753906,180.0,182.00999450683594,36700
2025-02-25,177.68344116210938,180.30999755859375,182.22999572753906,179.3800048828125,182.22999572753906,39900
2025-02-26,178.46194458007812,181.10000610351562,181.97000122070312,180.0,180.72999572753906,33700
2025-02-27,180.60032653808594,183.27000427246094,184.44000244140625,180.4199981689453,180.97000122070312,36900
2025-02-28,185.03477478027344,187.77000427246094,188.42999267578125,184.19000244140625,184.61000061035156,55200
2025-03-03,181.0831756591797,183.75999450683594,192.0,180.99000549316406,189.6699981689453,51100
2025-03-04,174.44137573242188,177.02000427246094,181.77000427246094,175.27000427246094,181.77000427246094,56500
2025-03-05,178.35354614257812,180.99000549316406,182.14999389648438,176.3000030517578,177.85000610351562,37000
2025-03-06,178.5900421142578,181.22999572753906,181.36000061035156,175.00999450683594,180.22999572753906,40000
2025-03-07,178.9940643310547,181.63999938964844,182.52000427246094,177.6199951171875,180.77999877929688,55500
2025-03-10,169.20872497558594,171.7100067138672,179.47999572753906,171.13999938964844,179.47999572753906,52400
2025-03-11,173.3475341796875,175.91000366210938,177.64999389648438,170.13999938964844,172.38999938964844,37700
2025-03-12,169.76055908203125,172.27000427246094,176.0800018310547,172.00999450683594,176.07000732421875,40500
2025-03-13,165.49363708496094,167.94000244140625,170.30999755859375,167.1300048828125,170.02999877929688,32600
2025-03-14,170.79527282714844,173.32000732421875,174.00999450683594,168.55999755859375,170.2899932861328,31000
2025-03-17,173.81069946289062,176.3800048828125,176.97999572753906,171.1699981689453,171.44000244140625,42700
2025-03-18,173.19972229003906,175.75999450683594,176.42999267578125,171.67999267578125,175.36000061035156,39700
2025-03-19,174.2639923095703,176.83999633789062,178.10000610351562,173.69000244140625,176.50999450683594,52200
2025-03-20,174.3723907470703,176.9499969482422,179.25999450683594,174.10000610351562,175.77999877929688,42000
2025-03-21,172.95335388183594,175.50999450683594,177.25,172.74000549316406,175.5800018310547,136600
2025-03-24,176.1954345703125,178.8000030517578,180.9199981689453,176.8000030517578,177.97999572753906,27400
2025-03-25,174.20486450195312,176.77999877929688,180.19000244140625,175.3699951171875,179.5,34000
2025-03-26,172.22415161132812,174.77000427246094,178.0399932861328,171.49000549316406,178.0399932861328,68100
2025-03-27,172.62815856933594,175.17999267578125,176.07000732421875,170.44000244140625,175.2899932861328,63800
2025-03-28,170.72628784179688,173.25,174.82000732421875,169.77000427246094,174.4499969482422,56500
2025-03-31,169.8492431640625,172.36000061035156,174.4199981689453,169.0,171.77999877929688,39000
2025-04-01,171.48507690429688,174.02000427246094,174.89999389648438,170.5,171.97000122070312,53900
2025-04-02,172.4606475830078,175.00999450683594,175.02999877929688,171.60000610351562,171.60000610351562,64000
2025-04-03,159.40365600585938,161.75999450683594,169.08999633789062,160.1699981689453,169.08999633789062,56300
2025-04-04,156.220703125,158.52999877929688,159.4600067138672,151.77000427246094,157.25,98800
2025-04-07,148.7806854248047,150.97999572753906,159.72000122070312,148.80999755859375,152.58999633789062,79300
2025-04-08,144.73056030273438,146.8699951171875,155.50999450683594,145.9199981689453,154.0500030517578,43200
2025-04-09,157.55105590820312,159.8800048828125,160.77999877929688,144.1300048828125,144.1300048828125,62700
2025-04-10,145.8736572265625,148.02999877929688,155.44000244140625,145.41000366210938,155.44000244140625,55700
2025-04-11,149.06646728515625,151.27000427246094,152.5500030517578,145.0,148.05999755859375,60100
2025-04-14,150.71214294433594,152.94000244140625,154.77999877929688,150.00999450683594,152.44000244140625,42300
2025-04-15,151.72714233398438,153.97000122070312,156.30999755859375,152.25,153.02999877929688,31100
2025-04-16,145.89337158203125,148.0500030517578,155.1999969482422,146.38999938964844,151.91000366210938,44300
2025-04-17,146.7901153564453,148.9600067138672,150.9600067138672,147.88999938964844,147.99000549316406,32600
2025-04-21,141.114013671875,143.1999969482422,147.67999267578125,142.17999267578125,147.67999267578125,40500
2025-04-22,148.218994140625,150.41000366210938,151.30999755859375,145.58999633789062,146.1199951171875,60400
2025-04-23,151.6680145263672,153.91000366210938,160.6999969482422,153.02999877929688,155.22999572753906,52300
2025-04-24,154.55532836914062,156.83999633789062,156.83999633789062,154.4199981689453,155.13999938964844,58200
2025-04-25,151.04718017578125,153.27999877929688,155.91000366210938,152.0,154.80999755859375,44900
2025-04-28,152.0030517578125,154.25,155.77000427246094,152.0,153.27000427246094,45900
2025-04-29,152.2100067138672,154.4600067138672,155.60000610351562,151.8000030517578,152.89999389648438,39300
2025-04-30,153.58999633789062,153.58999633789062,154.7100067138672,147.49000549316406,150.50999450683594,72500
2025-05-01,156.47999572753906,156.47999572753906,158.52000427246094,152.0500030517578,152.85000610351562,50000
2025-05-02,159.22999572753906,159.22999572753906,160.75999450683594,156.4199981689453,157.00999450683594,57300
2025-05-05,159.5,159.5,161.6699981689453,158.7899932861328,158.7899932861328,37000
2025-05-06,159.6199951171875,159.6199951171875,161.58999633789062,157.94000244140625,157.97000122070312,46200
2025-05-07,160.10000610351562,160.10000610351562,161.8699951171875,159.16000366210938,161.63999938964844,37800
2025-05-08,166.49000549316406,166.49000549316406,167.74000549316406,160.19000244140625,161.6300048828125,42000
2025-05-09,165.22000122070312,165.22000122070312,170.99000549316406,164.75,166.27999877929688,41700
2025-05-12,172.4199981689453,172.4199981689453,177.0399932861328,170.4600067138672,173.74000549316406,54300
2025-05-13,176.9199981689453,176.9199981689453,178.0800018310547,174.0,174.17999267578125,48000
2025-05-14,176.22999572753906,176.22999572753906,177.11000061035156,174.74000549316406,176.10000610351562,53000
2025-05-15,176.5,176.5,180.0800018310547,173.47999572753906,175.47000122070312,70900
2025-05-16,177.5800018310547,177.5800018310547,178.6300048828125,176.3000030517578,177.27000427246094,43800
