Date,Close,High,Low,Open,Volume
2021-07-21,20.718305587768555,20.834795133885283,20.64342001777545,20.801511952986385,12833408
2021-07-22,20.793193817138672,20.818156206005447,20.693347435730804,20.768231428271896,3775495
2021-07-23,20.83479881286621,20.884722006000516,20.718309246179913,20.801515626090215,1798416
2021-07-26,20.826473236083984,20.876396417759928,20.78486926216292,20.84311323862308,909470
2021-07-27,20.801517486572266,20.90136546880094,20.743273491534637,20.859761481609894,805225
2021-07-28,20.859760284423828,20.901364269227134,20.65174512149654,20.901364269227134,586460
2021-07-29,20.859760284423828,20.859760284423828,20.859760284423828,20.859760284423828,0
2021-07-30,20.859760284423828,20.859760284423828,20.859760284423828,20.859760284423828,0
2021-08-02,20.859760284423828,20.859760284423828,20.859760284423828,20.859760284423828,0
2021-08-03,20.859760284423828,20.859760284423828,20.859760284423828,20.859760284423828,0
2021-08-04,20.859760284423828,20.859760284423828,20.859760284423828,20.859760284423828,0
2021-08-05,20.859760284423828,20.859760284423828,20.859760284423828,20.859760284423828,0
2021-08-06,20.859760284423828,20.859760284423828,20.859760284423828,20.859760284423828,0
2021-08-09,20.859760284423828,20.859760284423828,20.859760284423828,20.859760284423828,0
2021-08-10,20.859760284423828,20.859760284423828,20.859760284423828,20.859760284423828,0
2021-08-11,20.859760284423828,20.859760284423828,20.859760284423828,20.859760284423828,0
2021-08-12,20.818153381347656,20.88463404303941,20.68502383284743,20.743267811937603,511795
2021-08-13,20.992889404296875,21.001210201076226,20.834799026578366,20.843118236328003,248015
2021-08-16,21.009532928466797,21.034495321098692,20.909684944969065,20.984570535834898,763918
2021-08-17,20.97624969482422,21.034495277511283,20.909684901640286,20.97624969482422,290428
2021-08-18,20.942962646484375,21.009527422361174,20.918000260394535,20.992885831634613,316681
2021-08-19,20.926326751708984,20.934647549337107,20.88472435059824,20.91800595408086,394205
2021-08-20,20.97624969482422,21.009532884931115,20.918089811749294,20.94296809174718,354842
2021-08-23,21.05945587158203,21.092739061354695,20.967930273766886,20.967930273766886,464394
2021-08-24,21.05945587158203,21.10938065624103,21.03449506628237,21.092739061354695,315182
2021-08-25,21.009532928466797,21.0677769242447,21.009532928466797,21.0677769242447,500372
2021-08-26,20.9512882232666,21.042815406121207,20.942967426004383,21.02617381159677,436177
2021-08-27,21.001211166381836,21.017852760705455,20.959608767602575,21.001211166381836,470416
2021-08-30,20.9512882232666,21.00953221707233,20.859761040411996,20.884723432198655,2458739
2021-08-31,20.809837341308594,21.017852506751066,20.809837341308594,21.009531709689796,5803090
2021-09-01,20.901365280151367,20.918005287847762,20.84311969860961,20.851440495972717,803433
2021-09-02,20.934646606445312,20.959608998205383,20.89304420720833,20.926325809191955,369190
2021-09-03,20.909683227539062,20.926324821260128,20.893043220847726,20.893043220847726,100117
2021-09-07,20.84311866760254,20.926325050087986,20.809837066826205,20.918004253136466,396494
2021-09-08,20.901365280151367,20.901365280151367,20.84311969860961,20.859761293335826,379042
2021-09-09,20.901365280151367,20.92632608521087,20.876402888062042,20.918005287847762,218791
2021-09-10,20.884723663330078,20.926326063071784,20.876402865975773,20.91800526571748,346475
2021-09-13,20.901365280151367,20.92632608521087,20.84311969860961,20.918005287847762,1130521
2021-09-14,20.901365280151367,20.942967679937087,20.88472368542515,20.909684490484654,259418
2021-09-15,20.9512882232666,20.967929817791042,20.893044229460873,20.90136502672309,408876
2021-09-16,20.992889404296875,21.017851794634925,20.951287007429837,20.984568607517527,523941
2021-09-17,20.97624969482422,21.042816075038008,20.937143692181458,21.02617447998456,598493
2021-09-20,20.901365280151367,20.975251040600895,20.851440495972717,20.88472368542515,355837
2021-09-21,20.893043518066406,20.951287509888964,20.884722721087503,20.92632511895226,662885
2021-09-22,21.017850875854492,21.042813265101326,20.893042103679594,20.91800290589679,489839
2021-09-23,20.884723663330078,21.059455646681027,20.87756774586478,21.051134849326722,890551
2021-09-24,20.784873962402344,20.901363528694645,20.759913159434465,20.868080342031217,838072
2021-09-27,20.651744842529297,20.784874418042047,20.593500851621187,20.74327202083046,1107056
2021-09-28,20.53525733947754,20.651745324009593,20.393806963818715,20.585180534701312,417612
2021-09-29,20.73495101928711,20.73495101928711,20.593500648322497,20.610142241854735,231478
2021-09-30,20.83479881286621,20.859759615918517,20.668386053045612,20.75991322964991,771843
2021-10-01,20.768230438232422,20.851436810125538,20.7599112293697,20.851436810125538,170523
2021-10-04,20.60598373413086,20.784876920331122,20.551900928650717,20.75991611381103,218320
2021-10-05,20.53525733947754,20.668386918094107,20.53525733947754,20.63510372992508,204074
2021-10-06,20.685028076171875,20.685028076171875,20.468692118722522,20.543577703494595,511520
2021-10-07,20.41876792907715,20.701667073609826,20.41876792907715,20.651743881872253,536436
2021-10-08,20.42708969116211,20.535258471645328,20.360524898183918,20.485335273669147,354750
2021-10-11,20.42708969116211,20.51029607914231,20.39380808818794,20.47701447616814,135488
2021-10-12,20.49365234375,20.59350031630393,20.460370744251815,20.468691540883782,210401
2021-10-13,20.768230438232422,20.784872030016952,20.568536097906673,20.568536097906673,169227
2021-10-14,20.884723663330078,20.942967657780393,20.813997679333394,20.834800466234068,255786
2021-10-15,20.75159454345703,20.884724130041324,20.71831135329603,20.884724130041324,302195
2021-10-18,20.809837341308594,20.826478935431137,20.693349356510332,20.743272551848193,164308
2021-10-19,20.759916305541992,20.85942943031888,20.69335150915712,20.801518708146315,260469
2021-10-20,20.801517486572266,20.826479878886893,20.70166950434359,20.734952694096428,186735
2021-10-21,20.718305587768555,20.79319115776166,20.709984792543832,20.784870362536935,285828
2021-10-22,20.70998764038086,20.78229429751692,20.685026838303735,20.743270825856538,331759
2021-10-25,20.718305587768555,20.75990956389218,20.63509922255073,20.734947178218004,383651
2021-10-26,20.784873962402344,20.83479874239748,20.734950769436896,20.743271566102752,312816
2021-10-27,20.784873962402344,20.843117952033648,20.75159236276861,20.801515555734056,333684
2021-10-28,20.77655029296875,20.826475066060805,20.759910288967536,20.80151267951478,146795
2021-10-29,20.768230438232422,20.801513621801483,20.751590433477432,20.77655123412469,190978
2021-11-01,20.801517486572266,20.843119886733476,20.7099903017818,20.76823429681943,184847
2021-11-02,20.83063507080078,20.859757062149654,20.793192283776587,20.801513079451908,315739
2021-11-03,20.83479881286621,20.868080412612514,20.809836422784212,20.868080412612514,113363
2021-11-04,20.868083953857422,20.91792462990535,20.834884874021515,20.843121559539387,195472
2021-11-05,20.884723663330078,20.90136525803869,20.851440473912856,20.893044460684383,188055
2021-11-08,20.901365280151367,20.92632608521087,20.851440495972717,20.92632608521087,89585
2021-11-09,20.876401901245117,20.918337575311433,20.85143951033575,20.901364292154483,91602
2021-11-10,20.72662925720215,20.859758825200288,20.685026862338844,20.8514380288217,210251
2021-11-11,20.700836181640625,20.78487416564895,20.66006538850003,20.75991336243699,129115
2021-11-12,20.743270874023438,20.784873268935005,20.668385293558906,20.718308484858714,140162
2021-11-15,20.660064697265625,20.78487347023875,20.651743900796795,20.768231877301094,232382
2021-11-16,20.5935001373291,20.751592097903167,20.5935001373291,20.693348109015265,200517
2021-11-17,20.662559509277344,20.677536306960064,20.568535944721575,20.63510072433441,106145
2021-11-18,20.63510513305664,20.718311522107246,20.585181934438225,20.693350716312974,91322
2021-11-19,20.651744842529297,20.676707233074087,20.5518984544096,20.651744842529297,70940
2021-11-22,20.61014175415039,20.70166734235249,20.568537771304282,20.65174414996683,134143
2021-11-23,20.50197410583496,20.601737970513604,20.42708851965052,20.560218097971806,270345
2021-11-24,20.560216903686523,20.601820886388865,20.452049722719767,20.485332908881638,128955
2021-11-26,20.385486602783203,20.468692987955624,20.318921812051226,20.44373059629496,138116
2021-11-29,20.63416290283203,20.667809296130365,20.474338122496647,20.558456512379735,241940
2021-11-30,20.642574310302734,20.659396704257073,20.482749534550592,20.61733831273404,296903
2021-12-01,20.735103607177734,20.882311190011578,20.625750823848872,20.71827960838104,127193
2021-12-02,20.735103607177734,20.827633996134733,20.68463321521248,20.777163604169473,209787
2021-12-03,20.693044662475586,20.785573444538883,20.6509846666061,20.75192705226808,152621
2021-12-06,20.70566749572754,20.735108698638566,20.62575588845836,20.735108698638566,216717
2021-12-07,20.810808181762695,20.85286817508504,20.676219411980576,20.735101798207165,256619
2021-12-08,20.75192642211914,20.85286880471593,20.659396038440814,20.77716241887452,154880
2021-12-09,20.709869384765625,20.751927777680535,20.625750994510962,20.72669177927668,250968
2021-12-10,20.65098762512207,20.760342025624357,20.634165228789044,20.735106024487287,121904
2021-12-13,20.68463706970215,20.701461071633922,20.617342666400184,20.701461071633922,116475
2021-12-14,20.566871643066406,20.663859139349093,20.558291177721166,20.65940044204273,204333
2021-12-15,20.52480697631836,20.60051336109645,20.49116058554183,20.592101362296138,292378
2021-12-16,20.693044662475586,20.72669105474639,20.465925498054716,20.550043885368904,514745
2021-12-17,20.718280792236328,20.802399186601555,20.650986397629133,20.684634397145192,336926
2021-12-20,20.676223754882812,20.723329673758368,20.634165357151076,20.676223754882812,157255
2021-12-21,20.80240249633789,20.810814497555285,20.67622568692733,20.693049689362123,395589
2021-12-22,20.98746109008789,20.9958714859888,20.802989115746275,20.836048293071382,169493
2021-12-23,20.844457626342773,20.987458404736373,20.844457626342773,20.97904640548677,259221
2021-12-27,20.861282348632812,20.911754349763324,20.819223952115703,20.87810634900965,421825
2021-12-28,20.911752700805664,20.979047092581652,20.86128070365503,20.90334070128056,180083
2021-12-29,20.92857551574707,20.97904751391135,20.878105122007675,20.92857551574707,270699
2021-12-30,20.920166015625,20.98746041163193,20.87390081754056,20.962224411469972,641603
2021-12-31,20.962223052978516,21.00428144609782,20.878104662315046,20.953811053469682,653859
2022-01-03,20.793987274169922,20.978963028915306,20.735104879194115,20.953812063693487,374823
2022-01-04,20.507986068725586,20.78557565326237,20.48275167294722,20.768753257551776,416905
2022-01-05,20.474336624145508,20.667724353535114,20.381806241603176,20.60892539633905,474770
2022-01-06,20.566871643066406,20.60893004219882,20.314516434996676,20.51639963879741,230592
2022-01-07,20.415456771850586,20.60051595548932,20.390220772271473,20.50798556145749,247854
2022-01-10,20.465925216674805,20.465925216674805,20.28927804972599,20.356572437767174,278332
2022-01-11,20.516395568847656,20.558455564061482,20.398630791098476,20.432278787269535,108952
2022-01-12,20.507986068725586,20.56687006920002,20.457515672743888,20.52481006886114,98689
2022-01-13,20.583688735961914,20.583688735961914,20.440687969565708,20.51639435203574,117929
2022-01-14,20.49957275390625,20.550043142700872,20.449100760686893,20.516395147221303,173088
2022-01-18,20.314516067504883,20.46592886872263,20.280869669692635,20.398634468673084,251920
2022-01-19,20.407045364379883,20.457515760578275,20.272456571567524,20.381809364068204,289035
2022-01-20,20.21357536315918,20.4322825654383,20.188339361364452,20.42387056484006,295967
2022-01-21,20.221986770629883,20.28919613449119,20.146280371891294,20.213574770278374,313243
2022-01-24,20.02010726928711,20.18834411199054,19.994872865979403,20.154696101679676,346024
2022-01-25,19.97804069519043,20.045335083881447,19.87709830994151,19.97804069519043,161771
2022-01-26,19.767745971679688,20.129453920635413,19.64165262070836,20.06215953044073,205731
2022-01-27,19.002273559570312,19.864483520535547,19.002273559570312,19.851866322509828,449127
2022-01-28,19.313507080078125,19.355567075507818,18.64317038770722,18.934976747759517,353957
2022-01-31,19.439685821533203,19.490156212557654,19.229390653769062,19.33033143581796,293511
2022-02-01,19.523807525634766,19.607925934825534,19.372396314401634,19.591103536527545,113502
2022-02-02,19.355567932128906,19.574275104768336,19.321919934295988,19.47333271569443,157044
2022-02-03,19.052745819091797,19.216775827165034,18.92656901322201,19.18733462594292,287669
2022-02-04,18.489151000976562,18.993859730943562,18.380302007683586,18.960213337972334,365038
2022-02-07,18.312503814697266,18.58168137597199,18.304091815354326,18.50597498631037,302826
2022-02-08,18.186330795288086,18.29568360051652,18.09380038780046,18.27044759726758,307800
2022-02-09,18.329328536987305,18.362974931262524,18.152679752661523,18.329328536987305,717499
2022-02-10,17.790971755981445,18.20315011274902,17.70685336381105,18.085385326365394,321262
2022-02-11,17.429264068603516,17.866678431272742,17.283572660407273,17.866678431272742,348900
2022-02-14,17.101200103759766,17.41243760567983,16.857258584459853,17.336731229656696,724288
2022-02-15,17.303083419799805,17.420848181770975,17.101200283095853,17.101200283095853,536201
2022-02-16,17.572265625,17.64797202202118,17.193735244319075,17.2442056408582,336678
2022-02-17,17.706851959228516,18.119031887725114,17.53020479366548,17.53020479366548,335676
2022-02-18,17.824621200561523,17.887708796488358,17.706854800199746,17.799385199535784,150918
2022-02-22,17.748916625976562,17.816211031202744,17.55544541150443,17.71526862115088,257951
2022-02-23,17.631149291992188,17.83303410154409,17.563854890283253,17.790974097710322,83433
2022-02-24,17.53020668029785,17.614325074848594,17.25261710137785,17.25261710137785,239329
2022-02-25,17.773571014404297,17.875814996911572,17.469476667156005,17.69688721495444,110124
2022-02-28,17.935461044311523,18.08882867274167,17.637248016963028,17.722450810411676,176168
2022-03-01,17.98658561706543,18.07485667780572,17.90138119399391,17.935461988138997,142724
2022-03-02,17.935461044311523,18.063268484762723,17.81728417824761,17.98658467054765,145661
2022-03-03,17.926942825317383,18.06326925078344,17.81617658891422,17.978064828582358,194824
2022-03-04,17.654287338256836,17.926941798714317,17.611685942165497,17.926941798714317,104541
2022-03-07,17.356075286865234,17.65428832647561,17.27939146949709,17.62020753272264,191383
2022-03-08,17.211225509643555,17.449795903251907,17.16862249282855,17.424235718301823,193217
2022-03-09,17.30495262145996,17.39859314624742,17.151584978189533,17.356076252642954,182621
2022-03-10,17.19418716430664,17.253829772634216,17.108982741636165,17.185666559525675,321758
2022-03-11,17.126022338867188,17.28791056418619,17.057859132175874,17.194185545558497,155835
2022-03-14,16.574583053588867,17.117503044549704,16.495513532760647,17.040819228012516,217030
2022-03-15,16.589237213134766,16.734084244020735,16.486993206120662,16.691482845288057,245716
2022-03-16,16.73408317565918,16.84484940551515,16.555155362238274,16.691481779646324,212401
2022-03-17,16.998218536376953,17.126024360870318,16.819289081974855,16.819289081974855,239801
2022-03-18,17.313472747802734,17.313472747802734,17.000518061927934,17.066381704476054,77705
2022-03-21,16.998218536376953,17.296431585148397,16.85337150191401,17.194187575609394,233434
2022-03-22,16.887454986572266,16.95561821216848,16.751895601218745,16.90449619925619,175868
2022-03-23,16.827810287475586,17.023779333701366,16.751126465015187,16.887452899358276,164738
2022-03-24,16.938573837280273,16.998218070539238,16.793726806786875,16.870410624409214,138933
2022-03-25,16.802249908447266,16.95561756648324,16.714320114592155,16.8618941505697,135644
2022-03-28,16.972658157348633,16.989699368759936,16.776689101536753,16.819290504925643,127297
2022-03-29,17.211225509643555,17.23678569459364,17.040816692661373,17.06637850275038,129135
2022-03-30,17.492403030395508,17.637250071324544,17.185667737807126,17.185667737807126,315363
2022-03-31,17.62872886657715,17.756534692430435,17.52648323081097,17.543524440961875,276937
2022-04-01,17.560564041137695,17.594644833175686,17.377800898102436,17.594644833175686,89746
2022-04-04,17.552045822143555,17.560566427595766,17.381636963377968,17.51796340033471,106603
2022-04-05,17.202709197998047,17.509442869895146,17.134545979227656,17.500923889545756,188257
2022-04-06,16.938573837280273,17.053173777247096,16.793726806786875,16.9215342529169,138248
2022-04-07,16.913015365600586,17.023609348704635,16.785209531631686,16.84485214580788,182225
2022-04-08,16.64035987854004,16.904492110699344,16.614798065696586,16.861890714432686,129825
2022-04-11,16.316587448120117,16.589240351931082,16.265465434940438,16.589240351931082,176441
2022-04-12,16.282503128051758,16.521073554746692,16.154695685020446,16.444389738983563,143262
2022-04-13,16.188779830932617,16.308065057010694,16.07801521030859,16.291025471241912,178594
2022-04-14,16.15469741821289,16.269723154198374,16.018370981149946,16.188779840048287,165464
2022-04-18,16.00984764099121,16.188775431483045,15.95020341902172,16.120612231513935,120045
2022-04-19,15.9331693649292,15.958729558072374,15.78832231160659,15.958729558072374,212008
2022-04-20,16.05245018005371,16.10272060457035,15.882041355369212,15.975766371459587,139382
2022-04-21,15.813882827758789,16.157341429577798,15.686076984014072,16.12061815285769,215046
2022-04-22,15.651994705200195,15.745718115016468,15.387860811259761,15.720157923766267,167054
2022-04-25,15.600872039794922,15.651995675744024,15.353780966598613,15.63495446376099,220558
2022-04-26,15.524186134338379,15.650969744275757,15.507146549774154,15.575309763448667,258022
2022-04-27,15.217451095581055,15.67755233957872,15.106684867764116,15.549746528753762,146651
2022-04-28,15.498628616333008,15.49862861633301,14.953321187806155,15.208934501998598,299316
2022-04-29,15.098165512084961,15.421941993094698,15.072605322889954,15.33673757045323,229406
2022-05-02,14.82551383972168,15.06408591707815,14.714749219069335,15.06408591707815,311972
2022-05-03,14.88515853881836,14.98740419348275,14.774393902643187,14.92776157207,76673
2022-05-04,15.609394073486328,15.63495589379887,14.765873504847315,14.89367935613088,129360
2022-05-05,15.274368286132812,15.379339278867198,15.021481996678935,15.379339278867198,106622
2022-05-06,14.84255313873291,15.106685373295306,14.748828115926626,15.064083976641056,188919
2022-05-09,14.681262969970703,14.825513583827602,14.56990192510995,14.748829761184448,287151
2022-05-10,14.82551383972168,15.042785216007236,14.6125035787339,15.012963909480092,232646
2022-05-11,14.82551383972168,15.062551785559805,14.689187402700647,14.731790429981794,104141
2022-05-12,15.089644432067871,15.106685641087301,14.706226979965551,14.851074006352421,166692
2022-05-13,15.217451095581055,15.294134907103842,15.064083472535481,15.174848075213365,148844
2022-05-16,15.558268547058105,15.626431760703321,15.106686240946548,15.140768660338757,124896
2022-05-17,15.243011474609375,15.62123334228317,15.208930683025118,15.489421562023962,210320
2022-05-18,15.225973129272461,15.234492109006819,14.876634830013074,15.225973129272463,200452
2022-05-19,15.098165512084961,15.234491938255632,15.012962714582684,15.149289140753355,122376
2022-05-20,15.00444221496582,15.2615018585718,14.868115787839681,15.2615018585718,145773
2022-05-23,15.106684684753418,15.166327287406585,15.004440687387714,15.004440687387714,202440
2022-05-24,15.345257759094238,15.35377836364124,15.081039386318992,15.106685707195632,61746
2022-05-25,15.775369644165039,15.77536964416504,15.387861652305837,15.387861652305837,88055
2022-05-26,16.05245018005371,16.218597890294653,15.805357546775086,15.924644374109834,131264
2022-05-27,16.333871841430664,16.45486460804121,16.2560913658883,16.264733824101935,148443
2022-05-31,16.100528717041016,16.359797490969743,15.94496943074,16.273374566326833,159067
2022-06-01,15.94497013092041,16.28201773861009,15.901757842511312,16.13509925477967,119347
2022-06-02,15.962251663208008,15.970894119950609,15.7548376465258,15.893113657647271,93061
2022-06-03,15.979536056518555,15.992240121356813,15.737552220743133,15.789406959510737,73159
2022-06-06,15.8671875,16.040031684964557,15.798049496338171,16.040031684964557,100403
2022-06-07,16.031389236450195,16.100527240146487,15.746194765155492,15.849902594889945,93405
2022-06-08,15.953607559204102,16.13509583529933,15.944966751733768,16.057315381027077,62009
2022-06-09,15.789407730102539,16.022749120804768,15.772122816336424,15.901756372822073,75586
2022-06-10,15.435074806213379,15.56470835905751,15.236301600246982,15.56470835905751,176512
2022-06-13,14.83011531829834,15.236300870661228,14.752334860640344,15.193090237908997,251187
2022-06-14,14.717766761779785,15.03969042810862,14.631343847439295,14.83011539655643,246214
2022-06-15,15.054814338684082,15.262228344406596,14.838757876675631,14.968391424204704,142074
2022-06-16,14.742308616638184,14.932783857978263,14.63998543501429,14.648627890773518,105676
2022-06-17,14.80418872833252,14.933736566024645,14.657270261514928,14.778263006669457,178565
2022-06-21,14.916540145874023,15.037531251806591,14.873327859197971,14.977035698840307,76095
2022-06-22,14.951108932495117,15.063459234023908,14.899255834763506,14.899255834763506,113175
2022-06-23,15.123952865600586,15.175805956736232,14.959749487227652,15.037529948121144,56890
2022-06-24,15.365935325622559,15.39186104467327,15.156706465048638,15.279512415900427,47196
2022-06-27,15.175809860229492,15.35081676644482,15.12395675575629,15.296802635174263,101482
2022-06-28,15.172955513000488,15.294638938118116,15.123954115296998,15.201734582617512,115205
2022-06-29,15.167162895202637,15.206831159449342,15.123952262376411,15.141237174858894,92218
2022-06-30,15.193090438842773,15.262228441188702,15.08074180317314,15.08074180317314,71517
2022-07-01,15.314085006713867,15.374582214830196,15.175808970637291,15.219021262148956,128593
2022-07-05,15.400506019592285,15.452359114555376,15.210376905807502,15.219019363031379,82401
2022-07-06,15.340010643005371,15.51285649270117,15.27087263280309,15.426433567853271,92530
2022-07-07,15.365935325622559,15.486926410205603,15.34000795819195,15.357292869812357,107360
2022-07-08,15.495573043823242,15.495573043823244,15.305442261496848,15.322727177777493,128182
2022-07-11,15.469642639160156,15.58199292459647,15.426432005303125,15.478285095607566,81446
2022-07-12,15.452359199523926,15.633760141313543,15.435075933361304,15.486929028609524,166270
2022-07-13,15.530139923095703,15.590637124994723,15.184449868430896,15.244945421949712,153914
2022-07-14,15.530139923095703,15.530139923095703,15.296800166434586,15.400506358643925,89705
2022-07-15,15.60792064666748,15.694343573841943,15.530227541200775,15.60792064666748,91402
2022-07-18,15.61656379699707,15.677059354188797,15.564710697744204,15.677059354188797,84081
2022-07-19,15.711631774902344,15.728916693628273,15.642493748379211,15.702989315539382,88671
2022-07-20,15.784653663635254,15.872805734042302,15.685699758504072,15.763480221390248,230819
2022-07-21,15.875831604003906,15.884472413025799,15.73755393395059,15.780766220961064,71617
2022-07-22,16.01410484313965,16.091885297863524,15.841432101782248,15.944966844316193,130032
2022-07-25,15.988178253173828,16.057316255360462,15.946004450967381,15.962250884211343,77177
2022-07-26,15.927684783935547,16.040033433994175,15.927684783935547,16.040033433994175,58762
2022-07-27,16.031389236450195,16.091886432016977,15.979536145772986,16.014105971811148,135268
2022-07-28,16.065959930419922,16.169666117376863,15.953609638106428,16.117813023898393,130113
2022-07-29,16.161026000976562,16.290659564415158,16.10485085241377,16.126456171590167,187583
2022-08-01,16.316587448120117,16.411652843137592,16.161028140428446,16.169668950538753,234643
2022-08-02,16.904258728027344,17.284518598746203,16.230163557639536,16.24744682346937,486692
2022-08-03,17.103031158447266,17.103031158447266,16.886974685895158,16.912900407638165,155117
2022-08-04,17.189451217651367,17.19809367375014,16.99067967251944,17.10302995342354,115110
2022-08-05,16.99932098388672,17.077101435158003,16.87832990341132,17.059816524124418,137472
2022-08-08,17.025251388549805,17.103031853700816,16.93882846633978,17.0425346542877,84587
2022-08-09,16.878334045410156,16.982040240301814,16.709808594045775,16.947472058131343,146599
2022-08-10,17.0598201751709,17.14805796705026,16.93951974010369,17.0684626325373,111479
2022-08-11,16.99068260192871,17.146243541767404,16.912902132009364,17.12895862658972,69687
2022-08-12,17.15488624572754,17.275877356948484,16.959744396806823,17.01661021908067,67437
2022-08-15,17.103031158447266,17.267232890753217,17.059818874908803,17.077103788324187,158326
2022-08-16,17.094388961791992,17.146242054446905,17.02525095545874,17.146242054446905,64679
2022-08-17,16.72277069091797,16.956112068313942,16.67955840896686,16.947469611923722,177888
2022-08-18,16.696849822998047,16.765987852660086,16.619069333580676,16.679564903487375,59801
2022-08-19,16.45486068725586,16.61906240904867,16.42029086263845,16.57585177665687,110156
2022-08-22,16.264734268188477,16.446222598869408,16.22152362432085,16.299304101986902,56744
2022-08-23,16.15238380432129,16.43757830784117,15.469644498342651,16.195594443371487,226538
2022-08-24,16.333871841430664,16.368441674285208,15.958192770945576,16.02275158764156,149669
2022-08-25,16.5499267578125,16.567211672575173,16.238806533985404,16.37708255532638,70483
2022-08-26,16.333871841430664,16.532643435203216,16.282018740529207,16.532643435203216,74239
2022-08-29,16.256088256835938,16.299300539639567,16.16966533960872,16.204235165851625,64721
2022-08-30,16.068172454833984,16.348685837448894,15.954214520143545,16.26102498738382,149843
2022-08-31,15.919149398803711,16.16459944285273,15.849021053645654,16.103237349838384,209015
2022-09-01,15.927912712097168,15.927912712097168,15.63863313269604,15.813954799238498,106543
2022-09-02,16.015573501586914,16.103234334618506,15.954211420062196,16.015573501586914,114753
2022-09-06,15.735062599182129,16.0769380615181,15.691231339913683,16.033108474241235,119375
2022-09-07,15.813956260681152,15.900388188314789,15.708762916635997,15.778891255335607,88654
2022-09-08,15.717530250549316,15.930720883037687,15.629869403139114,15.75259358631844,118576
2022-09-09,15.86655330657959,15.954214154636372,15.717530366480544,15.743827450503453,98167
2022-09-12,15.936684608459473,16.085707576217033,15.875322505028464,15.954217115723168,65623
2022-09-13,15.813956260681152,15.822720840026058,15.638634577936386,15.691230413963224,56160
2022-09-14,15.752592086791992,15.787657091214792,15.61233541308367,15.787657091214792,176363
2022-09-15,15.656168937683105,15.770126874590414,15.577274338288937,15.761360622214209,124711
2022-09-16,15.586036682128906,15.629866261027036,15.42824752290962,15.489609602163506,87593
2022-09-19,15.498380661010742,15.550976506405618,15.358123958629884,15.533444000610066,71619
2022-09-20,15.428251266479492,15.428251266479492,15.217866227135566,15.340590415421605,107259
2022-09-21,15.542210578918457,15.621105184658495,15.375656786348879,15.445785139007599,71396
2022-09-22,15.34058952331543,15.375654530496105,15.200332838575871,15.349355775110599,135369
2022-09-23,15.191567420959473,15.226632430065589,15.0425444762418,15.19156742095947,210374
2022-09-26,14.97241497039795,15.130204155171276,14.911052881206441,15.06007581438219,148820
2022-09-27,14.94611644744873,15.011862499454644,14.840924770629139,14.93735186770673,105364
2022-09-28,15.156502723693848,15.191566057661705,14.91981894944265,14.989947289369875,76937
2022-09-29,15.033778190612793,15.051310695126954,14.823393152417816,15.02501193835571,98949
2022-09-30,15.068841934204102,15.182799859992992,14.92858525385246,14.92858525385246,194203
2022-10-03,15.095138549804688,15.25213854834556,15.068841468046957,15.147736057303076,155788
2022-10-04,15.174034118652344,15.296759972079945,15.112672027934329,15.21786537773062,139552
2022-10-05,14.998714447021484,15.098647713653433,14.919819850837925,15.077609043205044,115507
2022-10-06,14.981182098388672,15.077609199611437,14.919820005607505,15.02501168694904,209198
2022-10-07,14.88475513458252,14.938404330474794,14.832159293426184,14.902287638965179,148125
2022-10-10,14.700668334960938,14.954882951557993,14.656837075553454,14.946116699676498,94755
2022-10-11,14.63930606842041,14.775178790977048,14.542878970870618,14.674369403534794,98995
2022-10-12,14.428919792175293,14.551645648647353,14.376323951968189,14.463984800307772,99420
2022-10-13,14.314962387084961,14.595475774512323,14.10457734651444,14.10457734651444,100655
2022-10-14,14.35002613067627,14.472750308852175,14.253599035257183,14.385089465015874,66668
2022-10-17,14.420154571533203,14.577942085144965,14.341259978731552,14.577942085144965,152705
2022-10-18,14.385090827941895,14.544545331118735,14.279899142965093,14.428920418016949,94292
2022-10-19,14.262367248535156,14.420156454745065,14.148407634276106,14.332495598851587,100220
2022-10-20,14.060748100280762,14.227301883140472,13.942756480834515,14.201004797421422,120874
2022-10-21,13.876659393310547,14.043214839196324,13.815297300613585,13.894191897507287,176697
2022-10-24,13.920488357543945,13.981850443804012,13.850360020105093,13.911722106365158,277011
2022-10-25,14.157172203063965,14.18347095830129,13.992108180348318,14.11334261632665,126104
2022-10-26,14.17470645904541,14.35002817165369,14.130876866889222,14.157173953386229,132239
2022-10-27,14.271132469177246,14.323728310112683,14.209768704095657,14.236067460559195,98836
2022-10-28,14.306195259094238,14.354408808105763,14.244833168349231,14.271131923807765,96656
2022-10-31,14.069512367248535,14.332494922519155,14.034449029740793,14.288663660644879,211382
2022-11-01,14.02568244934082,14.314875139413516,13.955554103973782,14.271132494121275,98564
2022-11-02,14.069512367248535,14.22730156601257,13.94678817798392,13.990618603862357,154667
2022-11-03,13.946788787841797,13.981852962878646,13.832830009973069,13.973086710120466,165581
2022-11-04,13.920488357543945,14.060745868417378,13.85912627128388,14.00814836134465,176137
2022-11-07,13.938021659851074,14.025682509936507,13.902957487016065,13.946787912058783,88107
2022-11-08,14.218534469604492,14.244833225167923,14.025681944780725,14.025681944780725,167264
2022-11-09,14.201004028320312,14.323728213673938,14.06951191887957,14.306195709482955,261038
2022-11-10,15.025012016296387,15.025012016296387,14.448995839584397,14.595475685421178,409287
2022-11-11,15.156502723693848,15.238814865758489,14.946116031920665,15.025010623337732,244868
2022-11-14,15.077609062194824,15.19156699460815,15.007480717942403,15.121438650355731,226661
2022-11-15,15.34058952331543,15.507144963440494,15.174034083190366,15.252928677355314,364196
2022-11-16,15.410717964172363,15.463313803287937,15.27046127853645,15.375654628759175,131060
2022-11-17,15.366888046264648,15.428250135911108,15.279314145190733,15.33182303961436,152989
2022-11-18,15.384418487548828,15.428249744750412,15.340588902338746,15.366887656659697,56142
2022-11-21,15.287994384765625,15.472080664921084,15.252929375978882,15.349356478150778,102291
2022-11-22,15.314291954040527,15.419485311738333,15.296761121083973,15.358123216411153,150583
2022-11-23,15.359786987304688,15.443677490402706,15.296759594535864,15.349355432140088,187701
2022-11-25,15.34935474395752,15.40195057920363,15.331822241544996,15.331822241544996,40427
2022-11-28,15.252928733825684,15.401951670912132,15.20909914667914,15.349355831937967,229741
2022-11-29,15.01313591003418,15.275743458150252,14.981979226182437,15.275743458150252,129701
2022-11-30,15.115509986877441,15.275745351063273,14.910765553934272,15.04429445811842,267795
2022-12-01,15.516098022460938,15.525000175579748,15.186725148713283,15.22233376118853,190826
2022-12-02,15.694136619567871,15.720843079993758,15.338148959461542,15.364765430542743,169818
2022-12-05,15.596214294433594,15.685234119672003,15.542801380543384,15.640723358096826,239537
2022-12-06,15.507195472717285,15.640724370260024,15.409273488826985,15.640724370260024,164278
2022-12-07,15.56950855255127,15.622919770982561,15.47158657050055,15.578410705275155,147259
2022-12-08,15.471588134765625,15.676244282945753,15.356664948033485,15.614020894836528,145574
2022-12-09,15.329154968261719,15.444881251574198,15.266841599360518,15.435979099172318,120120
2022-12-12,15.311354637145996,15.391472322759107,15.213432644082813,15.391472322759107,141438
2022-12-13,15.640725135803223,15.747549277813208,15.516098385051686,15.587313913754299,227929
2022-12-14,15.62292194366455,15.672684356084089,15.444883958163137,15.64962840555028,146639
2022-12-15,15.471588134765625,15.596126598242453,15.391472147974518,15.578412280340755,268382
2022-12-16,15.667430877685547,15.667430877685547,15.311353250492887,15.462686454288775,143016
2022-12-19,15.667430877685547,15.667430877685547,15.489391215133189,15.489391215133189,203584
2022-12-20,15.596214294433594,15.631821205781792,15.51609662151022,15.560605685173453,210939
2022-12-21,15.551706314086914,15.649628309152485,15.498295088556716,15.649628309152485,201231
2022-12-22,15.2045316696167,15.507109836651942,15.151120441036136,15.43598259068226,249947
2022-12-23,15.124411582946777,15.284646941228678,15.06209820981761,15.160020194970343,132463
2022-12-27,14.821746826171875,15.124413270494733,14.795042062086615,15.00868866433,250319
2022-12-28,14.706022262573242,14.844001405179155,14.617002420236101,14.803942561023055,350097
2022-12-29,14.652607917785645,14.794950681121401,14.572491935153327,14.697118683594825,293421
2022-12-30,14.661510467529297,14.89296136226128,14.490148683787043,14.581392784817758,316457
2023-01-03,14.857354164123535,15.062098594755415,14.77723648293504,14.812843397956527,75275
2023-01-04,15.382569313049316,15.382569313049318,14.973078754045408,14.973078754045408,169080
2023-01-05,15.649625778198242,15.649625778198242,15.257939559194126,15.30245032153094,82772
2023-01-06,15.827667236328125,15.934489682292002,15.640815398367852,15.658529715987795,181011
2023-01-09,15.881077766418457,15.938940912573084,15.747548865833396,15.845469154042659,86447
2023-01-10,15.916685104370117,15.916685104370117,15.760901665861368,15.881078188959032,50524
2023-01-11,16.050214767456055,16.219350577110216,15.916684173217874,15.934488478837903,253444
2023-01-12,16.290565490722656,16.326174100627263,16.005793392468295,16.121429687411702,126558
2023-01-13,16.379587173461914,16.379587173461914,16.15703843007816,16.15703843007816,96013
2023-01-17,16.58432960510254,16.58432960510254,16.388487345847334,16.41519380307339,102198
2023-01-18,16.735666275024414,16.86919689096748,16.64664812827879,16.74456842928144,243234
2023-01-19,16.86919403076172,16.87809448559734,16.575429781737462,16.655545760642237,55672
2023-01-20,16.96711540222168,16.976284127744695,16.780175276280165,16.88699772027185,85632
2023-01-23,17.100645065307617,17.100645065307617,16.86919586041365,16.88699846992781,110200
2023-01-24,17.100645065307617,20.759347043728305,16.984920462860632,22.219266294446424,43525
2023-01-25,17.04723358154297,17.10954695867487,16.993822357988797,17.038331427965243,137761
2023-01-26,17.082843780517578,17.13625500902636,16.99382393439471,17.11845070021932,129658
2023-01-27,17.091745376586914,17.180763521889492,17.06503891424877,17.109547986900058,46401
2023-01-30,17.154056549072266,17.234174227860166,17.038330258417712,17.09174317621769,96436
2023-01-31,17.367704391479492,17.38550869870956,17.189664715003186,17.251978092396236,203495
2023-02-01,17.44782066345215,17.51903618869432,17.249395869281468,17.340996526632868,76840
2023-02-02,17.599153518676758,17.688173347946456,17.511379956829366,17.5546427550859,97204
2023-02-03,17.349899291992188,17.474526041087394,17.269781611027522,17.447821279373915,84312
2023-02-06,17.073938369750977,17.258564228755112,16.998449201470407,17.25197633012874,74198
2023-02-07,16.97601890563965,17.12735212825682,16.842489991074444,17.01162752174358,94992
2023-02-08,16.97601890563965,17.0027253677176,16.878096909266105,16.94931414147397,95857
2023-02-09,16.86919403076172,17.091742755716822,16.797978506692566,17.091742755716822,53342
2023-02-10,16.78907585144043,16.869193525859274,16.70895817702159,16.869193525859274,54006
2023-02-13,16.86919403076172,16.87809448559734,16.735663437459035,16.815781114275836,45304
2023-02-14,16.97601890563965,16.993823213691613,16.789078764830816,16.789078764830816,107264
2023-02-15,16.931509017944336,16.958213780823826,16.832785611734707,16.958213780823826,60607
2023-02-16,16.762372970581055,16.80688204457198,16.68225527906752,16.80688204457198,66757
2023-02-17,16.637744903564453,16.700058281442132,16.575431525686778,16.700058281442132,57365
2023-02-21,16.165939331054688,16.530919106093087,16.07691950101585,16.513114800502912,84740
2023-02-22,16.397390365600586,16.432997279206806,16.130332570861757,16.130332570861757,86222
2023-02-23,16.53982162475586,16.55762593073987,16.397390572707902,16.504214710699905,91569
2023-02-24,16.432994842529297,16.46860344876754,16.32617241963817,16.370681479524173,89629
2023-02-27,16.447114944458008,16.609689675820185,16.392923941570924,16.53743443107043,63200
2023-02-28,16.528400421142578,16.654848377028863,16.302602591767947,16.447113064751655,156209
2023-03-01,16.356794357299805,16.50130482185624,16.27550700564923,16.46517634436682,64633
2023-03-02,16.167125701904297,16.230259243773357,15.932295731377087,16.21228630548696,105582
2023-03-03,16.284542083740234,16.284542083740234,16.167126233267098,16.257445720700062,68812
2023-03-06,16.3026065826416,16.40195820315192,16.27560151947196,16.311638704751736,79170
2023-03-07,16.2122859954834,16.347764358239075,16.113023972646246,16.329700117151425,71818
2023-03-08,16.221317291259766,16.29835992282963,16.149062045610314,16.21228689291691,45572
2023-03-09,15.878104209899902,16.239380413227952,15.733593728568684,16.239380413227952,105244
2023-03-10,15.805850982666016,16.06723468930369,15.534894226329302,15.814883104237378,82685
2023-03-13,15.29102897644043,15.733502926043363,15.173613142790945,15.27296473700194,189630
2023-03-14,15.589082717895508,15.994253324463907,15.49569338669085,15.516827479683393,95925
2023-03-15,15.345221519470215,15.598115729008882,15.07426479137232,15.453605244329891,255061
2023-03-16,15.914236068725586,16.058655277560167,15.202248835133727,15.263937042035037,150828
2023-03-17,15.64327621459961,15.81488307877715,15.454871292573399,15.81488307877715,45738
2023-03-20,15.309096336364746,15.706499348810858,15.182648357221854,15.58908521392929,83711
2023-03-21,15.58005428314209,15.589086405392688,15.399415283532436,15.444575894785435,64102
2023-03-22,15.851009368896484,15.923264616492043,15.471668888344553,15.498765252205759,95819
2023-03-23,15.670370101928711,15.94132681499345,15.525859625267415,15.860039456533876,59998
2023-03-24,15.534893989562988,15.65230812279912,15.399413890758431,15.625211758498004,42982
2023-03-27,15.733593940734863,15.968332603595055,15.661338699094898,15.959391786197362,72557
2023-03-28,15.629728317260742,15.7822769341988,15.607148875551836,15.77875401070031,97770
2023-03-29,15.534893989562988,15.788599613782825,15.53489398956299,15.643276001365415,139184
2023-03-30,15.607148170471191,15.715530174857985,15.561987566392611,15.598116049655475,123915
2023-03-31,15.534893989562988,15.742627614435152,15.53489398956299,15.661340244232823,217375
2023-04-03,15.661340713500977,15.7064995993216,15.571021219158657,15.679404956909654,121127
2023-04-04,15.65230941772461,15.724564672470954,15.480702541689103,15.724564672470954,80102
2023-04-05,15.706498146057129,15.724562387794387,15.5710197784295,15.5710197784295,31502
2023-04-06,15.75165843963623,15.841977923839709,15.679403196813624,15.69746571549362,58190
2023-04-10,15.670370101928711,15.805848458461082,15.670370101928711,15.688434342186566,115677
2023-04-11,15.787784576416016,15.832853874942511,15.72456145677981,15.749669821049501,143284
2023-04-12,15.688437461853027,15.932297863022947,15.679405339928051,15.887138976099177,60512
2023-04-13,15.851009368896484,15.887137854044758,15.724563116279503,15.724563116279503,61226
2023-04-14,15.841979026794434,16.004552042438345,15.796818420198072,15.905202153328343,98757
2023-04-17,15.832945823669434,15.950359947395516,15.769720978754444,15.80584946156301,129555
2023-04-18,15.832945823669434,15.941327826693374,15.79681734086087,15.896168945883545,87277
2023-04-19,15.878104209899902,15.950359450565513,15.760690089831096,15.796816848813489,152656
2023-04-20,15.959391593933105,16.013493013392043,15.814881112394106,15.869072112296024,81672
2023-04-21,16.094871520996094,16.12196788493382,15.961379420955764,15.98648951064718,30793
2023-04-24,16.203256607055664,16.248415494688416,16.076808620821904,16.076808620821904,73875
2023-04-25,16.06777572631836,16.20325409087955,16.031647243661578,16.18518984955116,71311
2023-04-26,16.049711227416992,16.17615746928472,15.986488106483128,16.14906110772699,68109
2023-04-27,16.167125701904297,16.167125701904297,16.036162535565893,16.103902579589448,65940
2023-04-28,16.130998611450195,16.212285973533717,16.07680588826062,16.194221732470524,146136
2023-05-01,16.076807022094727,16.17615863224832,15.9774571346421,16.130999749106305,85590
2023-05-02,15.986489295959473,16.067685360828555,15.895267111438809,15.950360811194352,141311
2023-05-03,15.55295467376709,16.049710957774725,15.55295467376709,15.986487837903036,119234
2023-05-04,15.119422912597656,15.408443867442411,15.047167673886468,15.36328498926071,141872
2023-05-05,15.318126678466797,15.598839089428642,15.272967793533757,15.336190921520426,112680
2023-05-08,15.14652156829834,15.363287317278688,15.128457325208052,15.363287317278688,87329
2023-05-09,15.13748836517334,15.191679367871197,14.983945755278647,15.128456244273544,133507
2023-05-10,15.32715892791748,15.444574786045017,15.23684115729759,15.23684115729759,391158
2023-05-11,14.983945846557617,15.263934705353249,14.983945846557617,15.263934705353249,205091
2023-05-12,15.047168731689453,15.137488217103016,14.947817125464447,15.047168731689455,104135
2023-05-15,15.16458511352539,15.254902879418399,15.015557698940201,15.05620138267244,97523
2023-05-16,15.083297729492188,15.182647616405555,15.032898390282924,15.1555529757478,63431
2023-05-17,15.309096336364746,15.390383707706233,15.056202100780004,15.182648357221854,89086
2023-05-18,15.345221519470215,15.471667762889115,15.245869915240583,15.263934156500673,56308
2023-05-19,15.444574356079102,15.444574356079102,15.281999617167585,15.381351229324846,55356
2023-05-22,15.50779914855957,15.543925915142028,15.426511770372558,15.489734903917748,48135
2023-05-23,15.625211715698242,15.625211715698242,15.417478091395093,15.489733339965797,31827
2023-05-24,15.57102108001709,15.607149566511604,15.444574822688402,15.589085323264348,28473
2023-05-25,15.534893989562988,15.63424387993171,15.399413890758431,15.63424387993171,15969
2023-05-26,15.543924331665039,15.580052817268232,15.453606563059076,15.53489393296525,25108
2023-05-30,15.805947303771973,15.87016155316644,15.604130841431209,15.659171376668313,177454
2023-05-31,15.52156925201416,15.851723230254356,15.52156925201416,15.805947393681759,158366
2023-06-01,15.732559204101562,15.750906632257545,15.549090171662902,15.594956992345804,116942
2023-06-02,15.897684097290039,16.09950057742436,15.769255587177945,15.769255587177945,132650
2023-06-05,15.824295043945312,15.94354983092711,15.778428221961645,16.0444589389397,38088
2023-06-06,15.998591423034668,16.00776513697492,15.787599501822877,15.916029747279408,96836
2023-06-07,15.95272159576416,16.09949750782368,15.906854779385645,16.035283265011003,56176
2023-06-08,15.95272159576416,16.044456978228084,15.872362807490104,15.971069022198323,73131
2023-06-09,15.934378623962402,15.95272430380393,15.897683764864977,15.906857479639333,26534
2023-06-12,15.741732597351074,15.96189648161459,15.714211455678003,15.96189648161459,37066
2023-06-13,15.824295043945312,15.888509294605289,15.741733364609031,15.851816186959775,51977
2023-06-14,15.677517890930176,15.86098866396631,15.576608790789605,15.815120095853795,51800
2023-06-15,15.842641830444336,15.879334936602504,15.6866921924313,15.815120688545436,55994
2023-06-16,15.805947303771973,15.897682695638526,15.787599875457248,15.815121017929334,41275
2023-06-20,15.714211463928223,15.860989136554645,15.714211463928223,15.769253747303262,39205
2023-06-21,15.68669319152832,15.769254872776402,15.631652653931981,15.71421258547292,33153
2023-06-22,15.66834545135498,15.72338598785857,15.559455928888505,15.63165234358829,56141
2023-06-23,15.66834545135498,15.75090713096392,15.594957486114492,15.594957486114492,28143
2023-06-26,15.760079383850098,15.805946201731862,15.66852771760895,15.741731956814613,44793
2023-06-27,15.732559204101562,15.824294595174418,15.709625793760111,15.805947167018436,46839
2023-06-28,15.750907897949219,15.778429042394702,15.69586735876545,15.732560468318898,90538
2023-06-29,15.72338581085205,15.80594748953155,15.558262453493052,15.686692703498434,124325
2023-06-30,15.649996757507324,15.750905857695898,15.59504721021536,15.741732144069031,167400
2023-07-03,15.925202369689941,15.925202369689941,15.64999621946631,15.686691072712224,65919
2023-07-05,15.897684097290039,16.00776692717699,15.805948697335447,15.870162952391494,70291
2023-07-06,15.8151216506958,15.8151216506958,15.558262893133888,15.705040575817222,105057
2023-07-07,15.824295043945312,15.824295043945312,15.64082425659644,15.668345399610901,55213
2023-07-10,15.796772003173828,15.833466856118081,15.741731473464343,15.792186021409243,35392
2023-07-11,15.90685749053955,15.916031205320193,15.76008155346364,15.897683775758907,45945
2023-07-12,15.91602897644043,16.035192767713006,15.888507835952561,15.971069507709228,39675
2023-07-13,15.897684097290039,15.98941949724463,15.851817272166354,15.98941949724463,48032
2023-07-14,15.59495735168457,16.00519717615808,15.558262494527083,15.879335495826714,89325
2023-07-17,15.448182106018066,15.631652900509504,15.34727299407706,15.631652900509504,130697
2023-07-18,15.5406494140625,15.677518497059056,15.383966648617424,15.383966648617424,93918
2023-07-19,15.629908561706543,15.649998699592281,15.576703465657985,15.640824984827002,55961
2023-07-20,15.595229148864746,15.627061564077053,15.457901663548794,15.558259594584483,71011
2023-07-21,15.750907897949219,15.778429042394702,15.614222521705553,15.714213038688577,47912
2023-07-24,15.705039978027344,15.778427941722034,15.686692549676904,15.778427941722034,33109
2023-07-25,15.68669319152832,15.741733729124661,15.640824618775419,15.695866906078901,60166
2023-07-26,15.805947303771973,15.91603012395325,15.705039947455123,15.705039947455123,109152
2023-07-27,15.769160270690918,15.91593618670264,15.631650802610888,15.860988390092572,57892
2023-07-28,15.795489311218262,15.87016155978914,15.714211918463041,15.72338563262423,41720
2023-07-31,15.998591423034668,16.01693710120815,15.842641785464401,15.870161177578137,59955
2023-08-01,15.863924026489258,15.952723410897836,15.778428089062283,15.906856589300498,64737
2023-08-02,15.805947303771973,15.88841799671363,15.659171376668313,15.686692519140399,42291
2023-08-03,15.640823364257812,15.805946713509778,15.60413025870571,15.723385038883794,51311
2023-08-04,15.805947303771973,15.860989588716146,15.72338562606278,15.72338562606278,32627
2023-08-07,15.824295043945312,15.925204151957903,15.750907078947185,15.760080793285338,28555
2023-08-08,15.760079383850098,15.787598774696377,15.73255824329687,15.77842681088558,33315
2023-08-09,15.714211463928223,15.824203296206344,15.705039499739401,15.723385177824062,54194
2023-08-10,15.769253730773926,15.91602965353948,15.741732589115253,15.805946836611806,55489
2023-08-11,15.77842903137207,15.817599726284053,15.714213027710805,15.732560457328308,47277
2023-08-14,15.829614639282227,15.829614639282227,15.686691575737674,15.732558394058973,30841
2023-08-15,15.68669319152832,15.824295410372741,15.68669319152832,15.760081158225821,63841
2023-08-16,15.640823364257812,15.778427321772451,15.594956544890934,15.686691933331693,67833
2023-08-17,15.57660961151123,15.686692431074498,15.521569076583125,15.613304467934672,56184
2023-08-18,15.567436218261719,15.585783646851594,15.475702574726533,15.475702574726533,80975
2023-08-21,15.58578109741211,15.58578109741211,15.475700043293523,15.521566857558465,57036
2023-08-22,15.59495735168457,15.668345316292449,15.549090529944806,15.576609923105826,62458
2023-08-23,15.934378623962402,15.934378623962402,15.613305605688673,15.613305605688673,48616
2023-08-24,15.934378623962402,15.95272430380393,15.787693671760726,15.879336335316266,44926
2023-08-25,15.96483039855957,16.03528234237656,15.87015901338371,15.87015901338371,43097
2023-08-28,16.00776481628418,16.04436693683952,15.961896247501814,16.00776481628418,86324
2023-08-29,16.136194229125977,16.218755907932756,15.961897157233096,15.998592014350372,212236
2023-08-30,16.25320816040039,16.290463872590323,16.10418175857098,16.13212309857972,48967
2023-08-31,16.132122039794922,16.392919114147155,16.0482944722008,16.215949607389042,243438
2023-09-01,16.094867706298828,16.215950993991363,16.011040131536735,16.215950993991363,44753
2023-09-05,16.05760955810547,16.122808385460264,16.02966644215278,16.04829518612124,100570
2023-09-06,16.206636428833008,16.206636428833008,16.00172556881597,16.057610025814277,94098
2023-09-07,16.066925048828125,16.290464662410237,16.066925048828125,16.122809508089922,71220
2023-09-08,16.19732093811035,16.253207167784428,16.10418077505636,16.11349337013397,58063
2023-09-11,16.19732093811035,16.23373990016511,16.160065228195702,16.188006566498004,66521
2023-09-12,16.085552215576172,16.23457861000656,16.085552215576172,16.197321123131587,103627
2023-09-13,16.132122039794922,16.20467927108554,16.0482944722008,16.0482944722008,85647
2023-09-14,16.188007354736328,16.23457921506577,16.13212289887582,16.206636098868106,95083
2023-09-15,16.1228084564209,16.2066360281131,16.029666512703475,16.2066360281131,149249
2023-09-18,16.132122039794922,16.1973208642493,16.076237586910416,16.076237586910416,130163
2023-09-19,16.225265502929688,16.281149961063182,16.132123555017266,16.150752299906728,176646
2023-09-20,16.048295974731445,16.36497753161767,15.992411516614727,16.206636753174557,198295
2023-09-21,15.796813011169434,15.936526819165366,15.666415352010423,15.87132798958586,114133
2023-09-22,15.955153465270996,16.001725325841473,15.778185724707667,15.88064026489306,130789
2023-09-25,15.927212715148926,15.964468428449825,15.815536178525916,15.824756394635385,109696
2023-09-26,15.508075714111328,15.94584236176199,15.414933760789804,15.89927049683373,367905
2023-09-27,15.386992454528809,15.629160823119891,15.293850500988391,15.582588958082182,239785
2023-09-28,15.377676010131836,15.461503579373048,15.247278358660957,15.321791556149282,118806
2023-09-29,15.545332908630371,15.638474860169842,15.387084503791801,15.48013407551323,859706
2023-10-02,15.359047889709473,15.508074290731804,15.275220317067557,15.508074290731804,89857
2023-10-03,15.033052444458008,15.312478287571304,14.930597900864532,15.303163915147373,132713
2023-10-04,15.051681518554688,15.21002230015539,14.949225196185138,15.154137840924239,67469
2023-10-05,14.967853546142578,15.07962423818797,14.967853546142578,15.005111035669335,61411
2023-10-06,14.930598258972168,15.023272980223535,14.744314359095318,14.846769793413612,110088
2023-10-09,15.023737907409668,15.070309769019012,14.865398019275073,14.930597737260719,30713
2023-10-10,15.098250389099121,15.135507876609008,14.944660074266611,14.977167107761554,70639
2023-10-11,15.22865104675293,15.293849878617507,15.13550909700285,15.163452214888352,211723
2023-10-12,15.107564926147461,15.256591324746747,14.967852899527479,15.256591324746747,103389
2023-10-13,14.828142166137695,15.200708195129103,14.753628960339414,15.135509362122477,91318
2023-10-16,14.828142166137695,14.939912863102597,14.773747330486104,14.911969744727632,55594
2023-10-17,14.67911434173584,14.846768594512191,14.669799969840655,14.67911434173584,85460
2023-10-18,14.585972785949707,14.734999187153331,14.548716185648802,14.669800358693601,112228
2023-10-19,14.49283218383789,14.697743047785332,14.49283218383789,14.61391547241254,63906
2023-10-20,14.660486221313477,14.688429338187179,14.409097655402528,14.511459817723456,74789
2023-10-23,14.67911434173584,14.762941912257713,14.45566712566477,14.558030171900624,64574
2023-10-24,14.995796203613281,15.033051915463137,14.716371258600054,14.716371258600054,104274
2023-10-25,14.809513092041016,14.967853872916827,14.80373846528388,14.911969413941517,117147
2023-10-26,14.846769332885742,14.93013056717148,14.7536282741039,14.781570502911709,95941
2023-10-27,14.63254451751709,14.856084130919578,14.623230144891787,14.781570926452083,147264
2023-10-30,14.734999656677246,14.753628401555005,14.632544224651914,14.663560747331752,43592
2023-10-31,14.576658248901367,14.902654164046854,14.511459421179232,14.688428936807037,194131
2023-11-01,14.967853546142578,15.005111035669335,14.62322976242704,14.63254413480873,220114
2023-11-02,15.368361473083496,15.545330981415397,15.237963823015116,15.275219533091192,259991
2023-11-03,15.489444732666016,15.796811890692577,15.396304569321702,15.545330962514292,285986
2023-11-06,15.489444732666016,15.58258667254507,15.331103967832044,15.442874650993858,150507
2023-11-07,15.480133056640625,15.573180845702867,15.433561195668679,15.498760024494558,125496
2023-11-08,15.563960075378418,15.666416401026565,15.480134272116734,15.563960075378418,140405
2023-11-09,15.247278213500977,15.577930413174062,15.154136273393627,15.563957967410376,177976
2023-11-10,15.303163528442383,15.37767672941603,15.228650327468735,15.349733612850347,81116
2023-11-13,15.359047889709473,15.442783082540059,15.210021488687142,15.256591572806057,106581
2023-11-14,15.694358825683594,15.852513069183033,15.601216877080608,15.610531249594398,117866
2023-11-15,15.72230052947998,15.787501138581,15.573274118890403,15.629160355262705,66269
2023-11-16,16.141437530517578,16.160066274948928,15.740928407917764,15.76887152456479,284972
2023-11-17,16.243892669677734,16.355661575086053,16.11349324465507,16.19732081197867,220211
2023-11-20,16.225265502929688,16.292327918610816,16.18800801315076,16.25320862026388,87181
2023-11-21,16.150753021240234,16.33703692538499,16.113495529797294,16.12280990265803,172462
2023-11-22,16.076236724853516,16.280961022662314,15.955151677472859,16.243891851051576,94695
2023-11-24,16.160064697265625,16.18800603464993,15.973780824208426,16.113492840733986,19680
2023-11-27,16.29977798461914,16.337035472749267,16.122808469070673,16.225264784893703,157771
2023-11-28,16.318405151367188,16.392918343890273,16.225263216579673,16.29046203797054,167381
2023-11-29,16.3426456451416,16.503990473168233,16.295356816874236,16.380474903871146,127059
2023-11-30,16.446678161621094,16.512880720137048,16.15349462938568,16.314273044589182,292983
2023-12-01,16.55071258544922,16.5885436515091,16.276442768168636,16.41830746200867,191884
2023-12-04,16.3426456451416,16.493870681957862,16.3426456451416,16.47505075652153,88878
2023-12-05,16.493967056274414,16.5223385506723,16.371017900935467,16.371017900935467,184888
2023-12-06,16.569625854492188,16.664201702835022,16.48034621036333,16.503423301817485,127994
2023-12-07,16.730405807495117,16.824981664611222,16.550711859362963,16.550711859362963,154689
2023-12-08,16.579086303710938,16.701939861744464,16.503425973564838,16.645288867103204,110017
2023-12-11,16.512882232666016,16.64746465053013,16.333190072773302,16.59800033109292,112261
2023-12-12,16.45613670349121,16.579085864146702,16.40884967486034,16.437221170485056,77431
2023-12-13,16.862810134887695,16.938470456258035,16.456135231065495,16.579084380720015,146760
2023-12-14,17.269487380981445,17.307316644855245,16.95265850210096,17.014133085266057,213477
2023-12-15,17.241111755371094,17.39243239823141,17.13830838607694,17.288400583692663,138845
2023-12-18,16.900644302368164,17.203285643448396,16.900644302368164,17.165454573871028,146601
2023-12-19,16.995214462280273,17.09934187780374,16.938469674841397,16.938469674841397,201533
2023-12-20,17.1181640625,17.184366616923846,17.023588211658367,17.023588211658367,235076
2023-12-21,17.1181640625,17.193824382396443,17.03304597713096,17.184366616923846,179755
2023-12-22,17.00467300415039,17.184366943778926,17.00467300415039,17.14653588116898,104112
2023-12-26,16.987272262573242,17.099250196320387,16.970059596747234,17.023589869057734,88943
2023-12-27,17.00467300415039,17.070875559833443,16.948022016106076,16.97630151107728,121626
2023-12-28,16.85335350036621,17.02358968584619,16.796608706501043,16.966844891981022,113112
2023-12-29,16.815523147583008,16.9290127279467,16.673658466301863,16.834436875054053,186324
2024-01-02,16.787151336669922,16.862811664905166,16.645288446714403,16.768235803639982,68981
2024-01-03,16.739864349365234,16.872269473133127,16.569628159443933,16.702033283211826,83628
2024-01-04,16.673660278320312,16.796609441607618,16.560170685623085,16.65474654879381,62353
2024-01-05,16.65474510192871,16.94792862879182,16.61700964426608,16.711489893347675,78009
2024-01-08,16.9195556640625,16.9195556640625,16.654745429640457,16.683116923966,56641
2024-01-09,17.00467300415039,17.070875559833443,16.900641189741744,16.91009715150988,39358
2024-01-10,17.014131546020508,17.155994429511157,16.98103026666884,17.00467377993654,45817
2024-01-11,16.957387924194336,17.051963787679405,16.881727594183193,16.985759420520665,90444
2024-01-12,17.070877075195312,17.099250374671435,16.985758980651454,17.06132550670869,54500
2024-01-16,16.881725311279297,17.042503716296597,16.787149460583652,16.947927865600953,70786
2024-01-17,16.909910202026367,16.910097806006135,16.787150455533904,16.834437481742203,142612
2024-01-18,16.94792938232422,17.01413194257055,16.872269055773486,16.96684491493302,92474
2024-01-19,17.042505264282227,17.042505264282227,16.881726844661284,16.95738717131323,63884
2024-01-22,17.29785919189453,17.30731515413507,17.118165243288807,17.118165243288807,102937
2024-01-23,17.307313919067383,17.38297423878358,17.212739872335373,17.29785795750163,114588
2024-01-24,17.340038299560547,17.430073773960547,17.326229565057183,17.392432119763065,42755
2024-01-25,17.50592613220215,17.50592613220215,17.354605469029515,17.354605469029515,77206
2024-01-26,17.487010955810547,17.505926490064954,17.43026615693196,17.46809542155614,62864
2024-01-29,17.50592613220215,17.50592613220215,17.38297696594651,17.449181334483562,133166
2024-01-30,17.630481719970703,17.63833042147164,17.45863646605544,17.45863646605544,73626
2024-01-31,17.78965187072754,17.93151476653607,17.524841612920838,17.524841612920838,172945
2024-02-01,18.016630172729492,18.063919000189436,17.723446658015117,17.723446658015117,95567
2024-02-02,18.007173538208008,18.06391832515511,17.802795256225615,17.92205545584522,61839
2024-02-05,17.704530715942383,17.903140178893914,17.676159224009506,17.87476688307676,110842
2024-02-06,17.799108505249023,17.884226598095825,17.71399041240222,17.770737010223073,45156
2024-02-07,17.799108505249023,17.922057663309726,17.732999747001884,17.874768831792352,54430
2024-02-08,17.90314292907715,17.90314292907715,17.72344896906678,17.84639813261029,79490
2024-02-09,18.07337760925293,18.092291337235384,17.87949791732866,17.922056962086884,48723
2024-02-12,18.120664596557617,18.120664596557617,18.01927907769558,18.09229129881758,66665
2024-02-13,17.770734786987305,17.96924864087876,17.742361491626564,17.89368212578201,133842
2024-02-14,17.704530715942383,17.940875634116694,17.704530715942383,17.770735072849078,58321
2024-02-15,17.75182342529297,17.827483760137522,17.721370244241406,17.780194923431754,89919
2024-02-16,17.780193328857422,17.85585365691656,17.732906300277154,17.742364066770108,47658
2024-02-20,17.846399307250977,17.91260187480049,17.732907902962758,17.732907902962758,76249
2024-02-21,17.82748031616211,18.01663021479051,17.799107019619903,17.903140636390333,85434
2024-02-22,17.912601470947266,17.97227758239945,17.83826518907697,17.874770402409233,38179
2024-02-23,18.14904022216797,18.186869486789085,17.95043072028205,17.95043072028205,66452
2024-02-26,18.196325302124023,18.196325302124023,18.073377950437298,18.158496041560582,58690
2024-02-27,18.082836151123047,18.25307053357632,18.068648599671914,18.25307053357632,69292
2024-02-28,18.1074161529541,18.212915460012006,18.040280895480368,18.07864494506454,89682
2024-02-29,18.164960861206055,18.481456929278618,17.99232630965767,18.184141055257097,243724
2024-03-01,18.06905174255371,18.280048501796443,18.001916493217312,18.280048501796443,63884
2024-03-04,17.94437026977539,18.131392243255497,17.94437026977539,18.011507347826324,48352
2024-03-05,18.078643798828125,18.078643798828125,17.915600257029947,18.001917533823008,63538
2024-03-06,18.347185134887695,18.385549182715273,18.052461368072674,18.078644117288587,70324
2024-03-07,18.548593521118164,18.586955741288858,18.388522579636298,18.39514098183827,84160
2024-03-08,18.749998092651367,18.749998092651367,18.521546156199662,18.60613657494811,61719
2024-03-11,18.663681030273438,18.749998307745283,18.606136788391694,18.749998307745283,46685
2024-03-12,18.67327308654785,18.759590368847494,18.57736662114698,18.67327308654785,75306
2024-03-13,18.644500732421875,18.77877123916728,18.63490972061171,18.673271938553913,53537
2024-03-14,18.433500289916992,18.673174949815476,18.38554706495455,18.606134826659012,55182
2024-03-15,18.328004837036133,18.500639392690864,18.265664174316708,18.47186635698225,97457
2024-03-18,18.31841278076172,18.414321065024023,18.25127753056762,18.414321065024023,131498
2024-03-19,18.500638961791992,18.57736522592945,18.342294889509642,18.356775615898123,61660
2024-03-20,18.471866607666016,18.653995224876148,18.414322364766324,18.5869550934654,157377
2024-03-21,18.654090881347656,18.749997336416044,18.548591585614382,18.548591585614382,120821
2024-03-22,18.702045440673828,18.721227464772827,18.567774930577844,18.66368139247583,53122
2024-03-25,18.471866607666016,18.701950285041306,18.414322364766324,18.673272372464186,176176
2024-03-26,18.361572265625,18.54859242246379,18.32800463897693,18.51981938706611,84627
2024-03-27,18.53900146484375,18.567295224128927,18.265664030311555,18.404730957859083,204497
2024-03-28,18.692453384399414,18.769179647210713,18.471865607479234,18.57736490483167,796465
2024-04-01,18.6157283782959,18.68286363412564,18.41432261080667,18.606137366134718,102591
2024-04-02,18.184141159057617,18.51022824066632,18.04987065344172,18.414321781968358,195187
2024-04-03,18.06905174255371,18.17455103682425,18.03068769761957,18.04986972008664,199776
2024-04-04,18.390342712402344,18.481456406083765,18.145778324164503,18.145778324164503,205149
2024-04-05,18.375957489013672,18.452683752523814,18.31841324870567,18.32800426030674,133546
2024-04-08,18.53900146484375,18.596545706508827,18.289640645230467,18.33759570436675,237666
2024-04-09,18.548593521118164,18.59654675365617,18.462276239110903,18.59654675365617,85357
2024-04-10,18.136188507080078,18.45268458703505,17.99232698515482,18.39514034412465,134188
2024-04-11,17.915599822998047,18.203322852472105,17.85805558296292,18.193731840916513,123849
2024-04-12,17.69501304626465,17.99223015129462,17.69501304626465,17.848465581239317,70015
2024-04-15,17.301790237426758,17.74296580644261,17.292199225583136,17.70460175906812,152456
2024-04-16,17.32097053527832,17.36892559478288,17.033247495444854,17.157926991559766,84938
2024-04-17,17.40728759765625,17.50175805759691,17.35933436804363,17.40728759765625,380138
2024-04-18,17.378517150878906,17.455146466368177,17.321260106839418,17.378517150878906,176711
2024-04-19,17.44565200805664,17.45524302003857,17.33056169357199,17.34015270555392,70122
2024-04-22,17.637468338012695,17.704603598595014,17.407289517745326,17.445653569105882,97819
2024-04-23,18.040279388427734,18.040279388427734,17.637466047937075,17.637466047937075,266082
2024-04-24,18.088233947753906,18.136187175107672,17.81969111839706,17.992325663748005,89405
2024-04-25,17.8388729095459,18.011507452656403,17.714191593166827,17.896417147483287,111648
2024-04-26,17.906009674072266,18.059462207757527,17.858056443282557,17.944371892844334,52312
2024-04-29,18.030689239501953,18.097826323877882,17.858151633952968,17.96355398442453,52949
2024-04-30,17.723783493041992,18.04027956151423,17.695012287279884,17.992326332378422,286433
2024-05-01,17.953962326049805,18.078643648961076,17.75255656806789,17.75255656806789,270218
2024-05-02,18.030689239501953,18.078644299770474,17.886827717293396,17.925191765508213,77386
2024-05-03,18.1937313079834,18.270457568882232,18.054185112279548,18.23209535308199,37989
2024-05-06,18.2608699798584,18.356009966296835,18.174552700155193,18.232096943524493,35032
2024-05-07,18.232097625732422,18.385550166658113,18.203324588321887,18.385550166658113,157257
2024-05-08,17.963552474975586,18.2033222682752,17.906008236787216,18.15536904133462,109975
2024-05-09,18.00191879272461,18.040281013260667,17.877237460060606,17.99232778026595,71296
2024-05-10,17.963552474975586,18.078545827838138,17.88682621429164,18.00191651996673,30312
2024-05-13,17.97314453125,18.115376144810348,17.97314453125,18.059461808200542,39908
2024-05-14,17.88682746887207,18.088235060605598,17.88682746887207,18.059462024844102,96077
2024-05-15,18.040279388427734,18.13618767507759,18.00191717134684,18.021099194536497,40911
2024-05-16,17.982736587524414,18.069053869488418,17.934783355010442,18.069053869488418,53967
2024-05-17,17.963552474975586,17.97314348622337,17.86774114460861,17.97314348622337,55757
2024-05-20,17.992326736450195,18.05946199046742,17.898337380826085,17.963553700743468,52798
2024-05-21,17.94437026977539,18.107413800731,17.91559906562332,18.069051585428795,68737
2024-05-22,17.982736587524414,18.040280832400896,17.915601330285426,17.915601330285426,95054
2024-05-23,17.790918350219727,18.049870172115146,17.72378309920204,18.049870172115146,202320
2024-05-24,18.059463500976562,18.117007747904594,17.80051164585248,17.896419943598286,57468
2024-05-28,18.030689239501953,18.155370566901603,17.99232702058564,18.12659753074049,85744
2024-05-29,17.858057022094727,17.934783291424193,17.781330752765257,17.934783291424193,57925
2024-05-30,18.01150894165039,18.09782622034141,17.84846539626719,17.934782674958207,84524
2024-05-31,18.153181076049805,18.20182229852818,17.978069706257735,18.18236692286305,137964
2024-06-03,18.260196685791016,18.260196685791016,18.14355348069117,18.182369605018803,97122
2024-06-04,18.260196685791016,18.396393613256393,18.221380561463384,18.299109298405135,55087
2024-06-05,18.260196685791016,18.33792542273277,18.153282097730695,18.299109298405135,49239
2024-06-06,18.289379119873047,18.318564968499814,18.240737894372245,18.240737894372245,63983
2024-06-07,18.192096710205078,18.279554056918215,18.162910861511996,18.192096710205078,38697
2024-06-10,18.00725746154785,18.231010077532446,17.997528844912363,18.231010077532446,33445
2024-06-11,17.92943000793457,18.12390028165116,17.871060164889844,18.07535554331832,51651
2024-06-12,18.065628051757812,18.191999873866887,18.046269161513866,18.123997898436986,47289
2024-06-13,18.09481430053711,18.153184148499072,17.96834413181818,18.153184148499072,32347
2024-06-14,18.0850830078125,18.17468164822878,18.077300857380585,18.133724231327573,42960
2024-06-17,18.09481430053711,18.149098240586294,18.012121981675655,18.07535706603512,60538
2024-06-18,18.25046730041504,18.357381883974305,18.143454373029453,18.143454373029453,71983
2024-06-20,18.14345359802246,18.22098935181504,18.14345359802246,18.17263944666563,76372
2024-06-21,18.153181076049805,18.2796512233635,18.114268469175844,18.172638307258634,79768
2024-06-24,18.211551666259766,18.273814437590698,18.143551553580142,18.16291044177253,35936
2024-06-25,18.25046730041504,18.289379911390956,18.201824217265276,18.25046730041504,48269
2024-06-26,18.201824188232422,18.33802296529062,18.167774957853844,18.211552804846857,82354
2024-06-27,18.1823673248291,18.33218392625302,18.17263870900961,18.279651627480263,43530
2024-06-28,18.260196685791016,18.260196685791016,18.143455136860712,18.182369605018803,52654
2024-07-01,18.153181076049805,18.22127952973701,18.104539853571428,18.18236692286305,82255
2024-07-02,18.192096710205078,18.308836393889766,18.172639477743022,18.260195168278447,48714
2024-07-03,18.425579071044922,18.425579071044922,18.201824595000314,18.201824595000314,29873
2024-07-05,18.44989776611328,18.48385050543644,18.33315623181902,18.425577154335567,42674
2024-07-08,18.367206573486328,18.48394811486159,18.328293963390475,18.48394811486159,38032
2024-07-09,18.221281051635742,18.406024564190332,18.221281051635742,18.3574798259296,27599
2024-07-10,18.299108505249023,18.36915343157118,18.221281427850148,18.299108505249023,40556
2024-07-11,18.56177520751953,18.603510099850553,18.38666382306892,18.415849672325304,81539
2024-07-12,18.62014389038086,18.775020559470253,18.600688514299268,18.62014389038086,28271
2024-07-15,18.71742820739746,18.775798046774725,18.571502681182434,18.571502681182434,36452
2024-07-16,18.649330139160156,18.814614556626918,18.61041567507204,18.736885827814636,64581
2024-07-17,18.600690841674805,18.688148195569926,18.55204775652511,18.649332071280533,39386
2024-07-18,18.56177520751953,18.688147021595835,18.493676748131815,18.659059516163634,88994
2024-07-19,18.532588958740234,18.577242620588645,18.493676349447778,18.55204619115837,37158
2024-07-22,18.50340461730957,18.64923365833431,18.493676001283657,18.629872914558916,47074
2024-07-23,18.396392822265625,18.639602671164475,18.386664205644404,18.5617755937386,43765
2024-07-24,18.12399673461914,18.46439439860011,18.10454135733804,18.41584966036185,43411
2024-07-25,18.09481430053711,18.26019708271601,18.09481430053711,18.20182537921004,71359
2024-07-26,18.133726119995117,18.269924900001453,18.11427074188901,18.162911970470173,79726
2024-07-29,18.114269256591797,18.196668389135155,18.07535479248255,18.182367713239202,62196
2024-07-30,18.211551666259766,18.221280282265965,18.1142692172853,18.182367673784935,76105
2024-07-31,18.065628051757812,18.282669174440088,18.065628051757812,18.240739447339305,103855
2024-08-01,18.240737915039062,18.289379140594974,18.143453608383425,18.143453608383425,125694
2024-08-02,18.299108505249023,18.328294355102564,18.11427035614162,18.162911583686963,60861
2024-08-05,18.00725746154785,18.09481315572337,17.919701767372334,17.997528844912363,118424
2024-08-06,18.104541778564453,18.19209747276998,18.016986084358923,18.046170078731503,91757
2024-08-07,18.318565368652344,18.318565368652344,18.10463786229268,18.153182600575647,43459
2024-08-08,18.34775161743164,18.415850078320652,18.19209746238707,18.29910853426528,73359
2024-08-09,18.34775161743164,18.45476268930985,18.260195923276083,18.33802300079837,42131
2024-08-12,18.289379119873047,18.396392042627383,18.27478712333157,18.289379119873047,27096
2024-08-13,18.279651641845703,18.357478712919043,18.26019441019143,18.357478712919043,92591
2024-08-14,18.44503402709961,18.474219876927307,18.299108489048887,18.318565722267355,104602
2024-08-15,18.370805740356445,18.474218906940056,18.28937891215741,18.474218906940056,59488
2024-08-16,18.532588958740234,18.581232039785572,18.376934810482783,18.38666342669185,61981
2024-08-19,18.72715950012207,18.77580073063206,18.561776718626504,18.561776718626504,67450
2024-08-20,18.82930564880371,18.853529773778078,18.736886576218627,18.78552780272786,59549
2024-08-21,18.970367431640625,19.009281896520406,18.853625892545097,18.863354508765042,59471
2024-08-22,18.84389877319336,18.999552918662125,18.84389877319336,18.999552918662125,81263
2024-08-23,18.999553680419922,19.009282296844745,18.814713679435968,18.941181981870976,63987
2024-08-26,19.09683609008789,19.155207788503898,19.009378741831753,19.06765209642374,68567
2024-08-27,19.11629295349121,19.184391411450104,18.989824653788098,19.06765172796166,59147
2024-08-28,19.184391021728516,19.24762609806739,19.09683533311893,19.184391021728516,157252
2024-08-29,19.164936065673828,19.305122401018398,19.14061359732576,19.213577291282334,129934
2024-08-30,19.239517211914062,19.33813120668156,19.032427634811775,19.298684856412358,71103
2024-09-03,19.254308700561523,19.308448684776877,19.208749407285246,19.29868490427167,37223
2024-09-04,19.505775451660156,19.525398939827234,19.22965662807966,19.27896268758429,31918
2024-09-05,19.624109268188477,19.64383244286646,19.510703835148263,19.545218450382002,85200
2024-09-06,19.495912551879883,19.70300024495305,19.387436971181284,19.643832601347214,54330
2024-09-09,19.624109268188477,19.624109268188477,19.45646604523654,19.555080037720995,89761
2024-09-10,19.663557052612305,19.683278347824107,19.492067365474398,19.673418640671006,47420
2024-09-11,19.64383316040039,19.703000805690106,19.545219164313842,19.703000805690106,49506
2024-09-12,19.752307891845703,19.81147553458225,19.614247550919824,19.673417074561822,59491
2024-09-13,19.939672470092773,19.94953405739748,19.732584779410285,19.84106035885661,66248
2024-09-16,20.215791702270508,20.284820933967527,19.969257657120867,20.008704007179446,114792
2024-09-17,20.17516326904297,20.35385118096587,20.097455535511923,20.314406709845194,97508
2024-09-18,20.196069717407227,20.33413006984274,20.127040481642272,20.265098953172178,91092
2024-09-19,20.3439884185791,20.45246399948386,20.265197287976726,20.304543949735404,63862
2024-09-20,20.31440544128418,20.422879140771435,20.25523779784518,20.324267028674925,74309
2024-09-23,20.31440544128418,20.442602315552925,20.215791448282197,20.403157846895418,136304
2024-09-24,20.40315818786621,20.467255685619023,20.23719084803662,20.363711837644015,100132
2024-09-25,20.363712310791016,20.482049483301644,20.324267840557837,20.43274154437824,73128
2024-09-26,20.38343620300293,20.511633086899845,20.38343620300293,20.501773379674063,508505
2024-09-27,20.41301918029785,20.50177158480479,20.41301918029785,20.482048410268703,86526
2024-09-30,19.988981246948242,20.491811247205284,19.85092089978377,20.491811247205284,420482
2024-10-01,20.038288116455078,20.14676370485639,19.880506468365322,20.077734468930323,215903
2024-10-02,20.06787109375,20.06787109375,19.92981075328665,20.048147919268743,183703
2024-10-03,19.939672470092773,20.0481480495391,19.85092006525586,20.0481480495391,158150
2024-10-04,19.80161476135254,19.910090344916846,19.781891585994387,19.890367169558694,93677
2024-10-07,19.436742782592773,19.772029226979228,19.407159901615145,19.76216952059032,172655
2024-10-08,19.762170791625977,19.762170791625977,19.40716114981779,19.436744032698087,77567
2024-10-09,19.614248275756836,19.76217020942278,19.574803806109966,19.75230862178468,130974
2024-10-10,19.338130950927734,19.62410946297524,19.31840777605398,19.594526581570094,143262
2024-10-11,19.584665298461914,19.584665298461914,19.298684901065037,19.298684901065037,195799
2024-10-14,19.63397216796875,19.678643675685155,19.47619052180882,19.58466610888337,72860
2024-10-15,19.821338653564453,19.959397124253453,19.712863066077045,19.76217100625568,65424
2024-10-16,19.919952392578125,19.979120039113326,19.868178585841058,19.87064445304415,56283
2024-10-17,19.919952392578125,19.96925845120653,19.79175363069536,19.87064445304415,107444
2024-10-18,19.772029876708984,19.969257867266414,19.722723819522386,19.94953469202957,110903
2024-10-21,19.417022705078125,19.68327805508073,19.30854711895133,19.68327805508073,92328
2024-10-22,19.56494140625,19.574802993478702,19.278961019333963,19.495912176554526,98362
2024-10-23,19.278961181640625,19.545218396340836,19.209931951364005,19.426883110411048,73644
2024-10-24,19.30854606628418,19.41702164649708,19.17048760485356,19.387436884373887,46778
2024-10-25,19.278961181640625,19.48605075337594,19.209931951364005,19.407159935787597,65856
2024-10-28,19.259241104125977,19.377576397528532,19.131042341883372,19.32827033876173,58915
2024-10-29,19.190210342407227,19.22965669487243,19.022568987146954,19.131042694615036,46462
2024-10-30,19.14090347290039,19.466328343347477,19.14090347290039,19.26910223208273,68151
2024-10-31,19.180349349975586,19.219793818892114,19.0028445375875,19.219793818892114,205051
2024-11-01,18.914093017578125,19.28882395391714,18.904231429660577,19.28882395391714,63122
2024-11-04,19.40715980529785,19.466327447864916,18.983120958272096,18.983120958272096,181205
2024-11-05,19.584665298461914,19.633971355506993,19.308644295741686,19.40716048365082,64848
2024-11-06,19.170488357543945,19.416922720873348,19.119602338985466,19.39729923334394,66052
2024-11-07,19.37757682800293,19.407061904465845,19.1704891194952,19.298686003680135,48009
2024-11-08,19.456466674804688,19.525495907505803,19.338131384718643,19.42688379273594,72910
2024-11-11,19.272159576416016,19.525399065863475,19.170489104238285,19.426884753309718,48790
2024-11-12,19.101459503173828,19.278962443688286,18.997618467898985,19.209933208892846,168433
2024-11-13,19.180349349975586,19.28882305017515,19.065661138055063,19.28882305017515,128343
2024-11-14,19.170488357543945,19.259240766492734,19.101556931206574,19.259240766492734,58263
2024-11-15,19.14090347290039,19.22965588128646,19.062012652213387,19.170488235997592,64558
2024-11-18,19.121179580688477,19.239516747735532,19.09159669960581,19.170487517335356,63164
2024-11-19,18.933815002441406,19.209834116058612,18.835201010374487,19.140902692967032,85966
2024-11-20,18.80561637878418,18.904230371534382,18.766171910227378,18.904230371534382,49465
2024-11-21,18.953536987304688,19.081735745938314,18.80561693426287,18.894369342269066,103060
2024-11-22,18.9732608795166,19.081736466935226,18.96339929148713,19.022568819663974,60624
2024-11-25,19.022567749023438,19.209932268321296,19.022567749023438,19.17048779932903,80904
2024-11-26,18.845064163208008,19.071775359172847,18.79575622262561,19.06201345905373,93182
2024-11-27,18.89436912536621,18.98312153235355,18.825339893466168,18.89436912536621,50027
2024-11-29,18.950000762939453,19.079999923706055,18.899999618530273,18.950000762939453,74173
2024-12-02,18.75,19.0,18.719999313354492,19.0,116186
2024-12-03,18.760000228881836,18.809999465942383,18.649999618530273,18.75,124421
2024-12-04,18.770000457763672,18.83989906311035,18.70170021057129,18.729999542236328,88529
2024-12-05,18.850000381469727,18.899999618530273,18.780000686645508,18.780000686645508,100349
2024-12-06,18.81999969482422,18.979999542236328,18.790000915527344,18.90999984741211,45586
2024-12-09,18.850000381469727,18.872100830078125,18.760000228881836,18.809999465942383,92437
2024-12-10,18.899999618530273,18.969999313354492,18.770000457763672,18.84000015258789,146255
2024-12-11,18.93000030517578,19.100000381469727,18.93000030517578,18.989999771118164,103440
2024-12-12,18.81999969482422,18.90999984741211,18.75,18.860000610351562,96428
2024-12-13,18.700000762939453,18.859899520874023,18.639999389648438,18.799999237060547,59061
2024-12-16,18.56999969482422,18.780000686645508,18.5,18.780000686645508,160476
2024-12-17,18.68000030517578,18.760000228881836,18.5,18.549999237060547,119741
2024-12-18,18.3799991607666,18.729999542236328,18.350000381469727,18.6200008392334,136307
2024-12-19,18.360000610351562,18.519899368286133,18.110000610351562,18.3799991607666,121988
2024-12-20,18.329999923706055,18.469999313354492,18.309999465942383,18.440000534057617,103603
2024-12-23,18.280000686645508,18.440000534057617,18.2450008392334,18.299999237060547,152229
2024-12-24,18.239999771118164,18.322799682617188,18.1200008392334,18.190000534057617,125783
