Date,Close,High,Low,Open,Volume
1984-12-27,0.8162451982498169,0.8232517412625638,0.8127419535295269,0.8232517412625638,258968
1984-12-28,0.8232517838478088,0.8267548144606357,0.8197485389463027,0.8232517838478088,489875
1984-12-31,0.8337609171867371,0.8337609171867371,0.8232513487531161,0.8267543775145653,440166
1985-01-02,0.8267549872398376,0.8337615320792809,0.8267549872398376,0.8302582864456498,900377
1985-01-03,0.8127415180206299,0.8337608679347819,0.8127415180206299,0.8197480572789111,258968
1985-01-04,0.8127415180206299,0.8197480572789111,0.805735193050902,0.805735193050902,218079
1985-01-07,0.7987294793128967,0.8127420854635817,0.7952261804517422,0.8127420854635817,512325
1985-01-08,0.7812132239341736,0.7987293401836141,0.7812132239341736,0.7987293401836141,939663
1985-01-09,0.7812132239341736,0.7882197668638493,0.7812132239341736,0.7847164686129282,1637194
1985-01-10,0.7847159504890442,0.7917222745039934,0.781212708123373,0.781212708123373,359990
1985-01-11,0.7917225360870361,0.7952257796101697,0.7847162097572152,0.7882195068524975,685505
1985-01-14,0.8057358860969543,0.8057358860969543,0.7917230633880875,0.7917230633880875,641408
1985-01-15,0.8022323250770569,0.8197484403331138,0.8022323250770569,0.812741897800797,1943466
1985-01-16,0.8057358860969543,0.8197487623780055,0.8022326402405993,0.8022326402405993,827416
1985-01-17,0.8092390894889832,0.812742120640878,0.7987295138836961,0.812742120640878,884341
1985-01-18,0.8197484612464905,0.8197484612464905,0.8057355901130148,0.8057355901130148,1949079
1985-01-21,0.8232517838478088,0.8232517838478088,0.8092389649582937,0.8197485389463027,889152
1985-01-22,0.8302581310272217,0.8337613760050703,0.8197485568101891,0.8197485568101891,848262
1985-01-23,0.8267549872398376,0.8337615320792809,0.8232519558949306,0.8337615320792809,658245
1985-01-24,0.8232517838478088,0.8372643884486446,0.8232517838478088,0.8302581129343116,1007812
1985-01-25,0.8162451982498169,0.8267547716941857,0.8162451982498169,0.8267547716941857,313488
1985-01-28,0.8057358860969543,0.8127422170931111,0.798729608672982,0.8127422170931111,748042
1985-01-29,0.8162451982498169,0.8162451982498169,0.8057356248054481,0.8057356248054481,694324
1985-01-30,0.8022323250770569,0.8162451422808736,0.7987292948856337,0.812741897800797,1083980
1985-01-31,0.8127415180206299,0.8197480572789111,0.7987289216533126,0.805735193050902,1165759
1985-02-01,0.8057358860969543,0.8127422170931111,0.8057358860969543,0.8057358860969543,712765
1985-02-04,0.8162451982498169,0.8162451982498169,0.7987293496535365,0.8022323800851582,482660
1985-02-05,0.8162451982498169,0.8302580699866426,0.8162451982498169,0.8197484965422739,1864894
1985-02-06,0.8162451982498169,0.8232517412625638,0.8092389230979052,0.8232517412625638,727998
1985-02-07,0.8232517838478088,0.8267548144606357,0.8162452404726267,0.8232517838478088,1579467
1985-02-08,0.8092390894889832,0.8232519105348773,0.805735790476198,0.8232519105348773,1923422
1985-02-11,0.7812132239341736,0.8127419438934679,0.7636973219733987,0.8092389135033788,1898568
1985-02-12,0.7812132239341736,0.7917227972539383,0.7777099256832525,0.7812132239341736,804165
1985-02-13,0.7847159504890442,0.7882192464268464,0.7707031417427527,0.781212708123373,770491
1985-02-14,0.7742067575454712,0.7847163289953618,0.7742067575454712,0.7777097873122975,1785520
1985-02-15,0.76369708776474,0.7742066578614568,0.7566905469838121,0.7672001170805289,2014021
1985-02-19,0.7566909193992615,0.7672004946684048,0.7531878883594094,0.7601942182999953,1722181
1985-02-20,0.7461808919906616,0.7531874319744232,0.7356713230896668,0.7496841887686144,2544786
1985-02-21,0.7531874775886536,0.7566905067180358,0.742677693762594,0.742677693762594,1872110
1985-02-22,0.7601940035820007,0.7636972479210613,0.7496844312813027,0.7566907056707789,769690
1985-02-25,0.76369708776474,0.7672001170805289,0.7566905469838121,0.7566905469838121,280616
1985-02-26,0.7742067575454712,0.7882196266229725,0.7636971860955806,0.7636971860955806,905989
1985-02-27,0.7777097225189209,0.7917225904289673,0.7636971224696367,0.784716263618249,1250746
1985-02-28,0.7812132239341736,0.7812132239341736,0.7672003523634877,0.7742068952931634,1457600
1985-03-01,0.7672004699707031,0.7812133436894783,0.7566908950398838,0.77420701397444,1671670
1985-03-04,0.7735872864723206,0.7771356814920866,0.7664900080394017,0.7735872864723206,440166
1985-03-05,0.7806846499443054,0.7842332634010115,0.7700389723720455,0.7735875858287518,1087187
1985-03-06,0.7806846499443054,0.7806846499443054,0.7735875858287518,0.7806846499443054,994182
1985-03-07,0.7700397372245789,0.7806854253708145,0.7700397372245789,0.7735883542059976,242933
1985-03-08,0.7771362662315369,0.7806849352510818,0.7700392537882832,0.7700392537882832,489074
1985-03-11,0.7877814769744873,0.7877814769744873,0.7735874063033323,0.7735874063033323,803364
1985-03-12,0.7948787212371826,0.7948787212371826,0.7771357673904157,0.7806844341320821,1060729
1985-03-13,0.7806846499443054,0.7913303275165652,0.7806846499443054,0.7877816597939061,655038
1985-03-14,0.7771362662315369,0.784233550004654,0.7771362662315369,0.7806849352510818,254158
1985-03-15,0.7735872864723206,0.780684347841512,0.7664900080394017,0.7771356814920866,570853
1985-03-18,0.7629420161247253,0.7700390812436946,0.7522961199834886,0.7700390812436946,1389450
1985-03-19,0.7735872864723206,0.7735872864723206,0.7558443345867168,0.7593930009361423,2679482
1985-03-20,0.7700397372245789,0.7771367541233891,0.7664910659771534,0.7700397372245789,284625
1985-03-21,0.7771362662315369,0.7806849352510818,0.7700392537882832,0.7735878685418555,885945
1985-03-22,0.7913304567337036,0.7913304567337036,0.7806847774231002,0.7842333914592631,1087187
1985-03-25,0.7913304567337036,0.7913304567337036,0.787781788431579,0.7913304567337036,291841
1985-03-26,0.7877814769744873,0.7948787565067961,0.7842330814050642,0.7948787565067961,444175
1985-03-27,0.8126218318939209,0.8161704460023075,0.7842334074204939,0.7877818044650291,1672471
1985-03-28,0.8445591330528259,0.848107530288584,0.8197191585512722,0.8197191585512722,2335527
1985-03-29,0.8516561388969421,0.8587532046508605,0.8197191530734307,0.8481075246210349,1144913
1985-04-01,0.8693990111351013,0.8729474079773303,0.8445590393883842,0.848107436230613,1203442
1985-04-02,0.8445591330528259,0.8729475047901377,0.8445591330528259,0.8693991075543797,1004605
1985-04-03,0.8374621868133545,0.8481078711934529,0.8268165024332561,0.8445594725313829,1015028
1985-04-04,0.8303647637367249,0.8374617746318118,0.8268160954912989,0.8303647637367249,989372
1985-04-08,0.8268164396286011,0.8339137248075223,0.8268164396286011,0.8303651093510535,329523
1985-04-09,0.8232677578926086,0.8268163730633862,0.8161706903489909,0.8197193597857475,489074
1985-04-10,0.8197195529937744,0.8197195529937744,0.8161708827205957,0.8197195529937744,1261970
1985-04-11,0.8232677578926086,0.8339136576709203,0.8161706903489909,0.8161706903489909,1310076
1985-04-12,0.8161710500717163,0.8232681207433273,0.8161710500717163,0.8197197210725293,235717
1985-04-15,0.8197195529937744,0.8303652382173594,0.8126222667134089,0.8268165679441807,263779
1985-04-16,0.8303647637367249,0.8303647637367249,0.8090734054556988,0.8268160954912989,858685
1985-04-17,0.8552046418190002,0.8587530383438597,0.8374616824075145,0.8374616824075145,2260162
1985-04-18,0.8552046418190002,0.8623016519325389,0.8552046418190002,0.8587530383438597,1661247
1985-04-19,0.8552046418190002,0.8623016519325389,0.8516559739643663,0.8552046418190002,550809
1985-04-22,0.8552046418190002,0.8587530383438597,0.8516559739643663,0.8552046418190002,149127
1985-04-23,0.8516561388969421,0.8587532046508605,0.8516561388969421,0.8552048074388148,1553009
1985-04-24,0.848107635974884,0.8623019321442831,0.848107635974884,0.858753317402454,654236
1985-04-25,0.8552046418190002,0.8587530383438597,0.8516559739643663,0.8516559739643663,846659
1985-04-26,0.7877814769744873,0.8552044115477643,0.78068446877188,0.8552044115477643,8642973
1985-04-29,0.7806846499443054,0.7842332634010115,0.7593932947997858,0.7735875858287518,1477644
1985-04-30,0.7806846499443054,0.7842332634010115,0.7735875858287518,0.7735875858287518,1835229
1985-05-01,0.7735872864723206,0.7877813549447714,0.7735872864723206,0.780684347841512,1009416
1985-05-02,0.8090736269950867,0.8090736269950867,0.7735879116114734,0.7735879116114734,2694715
1985-05-03,0.8445591330528259,0.8587532103895503,0.8161704899856853,0.8161704899856853,5755835
1985-05-06,0.8339135050773621,0.8481075833013169,0.8339135050773621,0.8445591858437588,1426331
1985-05-07,0.8374621868133545,0.8410108568053625,0.8303651724252641,0.8410108568053625,460210
1985-05-08,0.8339135050773621,0.8374619025349201,0.8303648905559273,0.8374619025349201,652633
1985-05-09,0.8232677578926086,0.8374620557777815,0.8232677578926086,0.8374620557777815,1903378
1985-05-10,0.8161710500717163,0.8232681207433273,0.8090740336661082,0.8232681207433273,899575
1985-05-13,0.8339135050773621,0.8374619025349201,0.8161705410021266,0.8161705410021266,624571
1985-05-14,0.8374621868133545,0.8374621868133545,0.8232678867072357,0.8374621868133545,897169
1985-05-15,0.8197195529937744,0.8303652382173594,0.8055251974970107,0.8303652382173594,750447
1985-05-16,0.8374621868133545,0.8481078711934529,0.8161708180531577,0.8161708180531577,1420719
1985-05-17,0.8374621868133545,0.8410108568053625,0.8232678867072357,0.8339137881512845,1533767
1985-05-20,0.8268164396286011,0.8481078067715139,0.8268164396286011,0.8481078067715139,454598
1985-05-21,0.8232677578926086,0.8303650425001429,0.8126220751782134,0.8303650425001429,986967
1985-05-22,0.801976203918457,0.8090734868574133,0.7948791380433662,0.8090734868574133,992579
1985-05-23,0.8090736269950867,0.8090736269950867,0.7948792757224705,0.7948792757224705,546800
1985-05-24,0.8232677578926086,0.8232677578926086,0.8055250076345957,0.8055250076345957,550007
1985-05-28,0.8153655529022217,0.8333250541430489,0.8153655529022217,0.8153655529022217,295849
1985-05-29,0.8261414766311646,0.8297334985491587,0.8153657404507134,0.8153657404507134,908394
1985-05-30,0.8512848615646362,0.8548768280923293,0.8117736691913309,0.8297333919719667,2686698
1985-05-31,0.8907961249351501,0.9123475975744129,0.8548769489407897,0.862060663296032,3485251
1985-06-03,0.8692442178726196,0.8943876513367975,0.8692442178726196,0.8943876513367975,2519130
1985-06-04,0.8728362917900085,0.8764283133106578,0.8512848767420181,0.8728362917900085,828218
1985-06-05,0.8476928472518921,0.865652570183882,0.8405091338516251,0.865652570183882,649426
1985-06-06,0.8512848615646362,0.8548768280923293,0.8333251387840005,0.8405091267683015,453796
1985-06-07,0.8800196051597595,0.8872033680484301,0.8476922052653153,0.8512842240318348,2134285
1985-06-10,0.8728362917900085,0.8764283133106578,0.8620605568015555,0.8728362917900085,1607529
1985-06-11,0.8800196051597595,0.8800196051597595,0.8620598958292776,0.8764276413221137,828218
1985-06-12,0.8548765182495117,0.8800199452568503,0.8548765182495117,0.8800199452568503,263779
1985-06-13,0.8620603084564209,0.8692440747836178,0.8441008651739788,0.8512846315011756,1096808
1985-06-14,0.8584684729576111,0.872836172575414,0.8512847604709805,0.8692442064742821,908394
1985-06-17,0.8620603084564209,0.8656523289422693,0.8405088996170303,0.8584683428994725,1071953
1985-06-18,0.833324670791626,0.8620600573019839,0.833324670791626,0.8620600573019839,836236
1985-06-19,0.8045895099639893,0.8297329887957798,0.8009975451816705,0.8297329887957798,1241125
1985-06-20,0.8153655529022217,0.8153655529022217,0.8045898192003799,0.8045898192003799,490677
1985-06-21,0.8369171619415283,0.8441011504119326,0.8153656908905828,0.8225494596453128,1362992
1985-06-24,0.8225489854812622,0.8333247147949913,0.8189572404966798,0.8333247147949913,383241
1985-06-25,0.8441007733345032,0.8476925187850641,0.8225490921954691,0.8225490921954691,877927
1985-06-26,0.8297328948974609,0.844100587614124,0.8297328948974609,0.844100587614124,676685
1985-06-27,0.8261414766311646,0.8333252458225434,0.8225495096420923,0.8333252458225434,1012623
1985-06-28,0.818957507610321,0.8261412196380944,0.8153654868097199,0.8225492537663981,1181794
1985-07-01,0.818957507610321,0.8225492537663981,0.8081817747819465,0.818957507610321,1144913
1985-07-02,0.8117737174034119,0.8189577058143774,0.8081819703780606,0.8189577058143774,804967
1985-07-03,0.818957507610321,0.818957507610321,0.8117735209380236,0.8153654868097199,595708
1985-07-05,0.8153655529022217,0.822549320441207,0.8117735867393652,0.8117735867393652,298255
1985-07-08,0.8225489854812622,0.8225489854812622,0.811773256167533,0.811773256167533,387250
1985-07-09,0.833324670791626,0.8441006192518832,0.8117732133021837,0.8153651778126413,893962
1985-07-10,0.8369171619415283,0.8405091836411898,0.8261414264160556,0.8261414264160556,152334
1985-07-11,0.8369171619415283,0.8441011504119326,0.8333251951707855,0.8333251951707855,287832
1985-07-12,0.8512848615646362,0.8512848615646362,0.8369171053116935,0.8369171053116935,438563
1985-07-15,0.8692442178726196,0.8872039387559674,0.851284771633817,0.851284771633817,946077
1985-07-16,0.8656521439552307,0.869243889029035,0.8548764143738238,0.869243889029035,528360
1985-07-17,0.833324670791626,0.8620600573019839,0.8225489420469049,0.8584680927915261,1333327
1985-07-18,0.8405094742774963,0.8405094742774963,0.8225497440713982,0.8333254833229695,893962
1985-07-19,0.8261414766311646,0.8405092347296098,0.8153657404507134,0.8405092347296098,522748
1985-07-22,0.8405094742774963,0.8405094742774963,0.8189579957743538,0.826141712084193,1131283
1985-07-23,0.818957507610321,0.8441009391387663,0.818957507610321,0.8441009391387663,1855273
1985-07-24,0.818957507610321,0.8297332404386955,0.797405767309048,0.818957507610321,531567
1985-07-25,0.8117737174034119,0.8153656841444357,0.8045899487081187,0.8153656841444357,855478
1985-07-26,0.7974057197570801,0.8153654381867539,0.7938139738151908,0.8117734725292586,500298
1985-07-29,0.808181643486023,0.8189573745637891,0.7974056377637775,0.8009976579808246,505911
1985-07-30,0.8045895099639893,0.8153652395242811,0.7974055254704636,0.8045895099639893,401682
1985-07-31,0.8045895099639893,0.8045895099639893,0.7866297959101718,0.8009975451816705,724791
1985-08-01,0.808181643486023,0.8117733890585908,0.8009976579808246,0.8009976579808246,433752
1985-08-02,0.7938138246536255,0.8045895548145938,0.7866298397596397,0.7938138246536255,219682
1985-08-05,0.7974057197570801,0.8009977403434769,0.7902220081576954,0.7974057197570801,304669
1985-08-06,0.7938138246536255,0.8045895548145938,0.7866298397596397,0.797405569920608,1046297
1985-08-07,0.7938138246536255,0.8405087652089372,0.7938138246536255,0.797405569920608,822606
1985-08-08,0.833324670791626,0.8369166353020837,0.818957197251983,0.8261409065573625,1989167
1985-08-09,0.8153655529022217,0.8297333076958293,0.8153655529022217,0.8189575739939875,215673
1985-08-12,0.8225489854812622,0.8297329698104089,0.8189572404966798,0.8225489854812622,1536974
1985-08-13,0.833324670791626,0.8405086547414254,0.8153651778126413,0.8153651778126413,1342948
1985-08-14,0.8872036337852478,0.8979793637391301,0.8333247643002752,0.8333247643002752,5378206
1985-08-15,0.8764283657073975,0.9051635508700232,0.8728363439720013,0.8872041013400714,2469421
1985-08-16,0.8656521439552307,0.8764278735366378,0.8656521439552307,0.8764278735366378,1354173
1985-08-19,0.8405094742774963,0.8656529207934335,0.8405094742774963,0.8620608978517013,3662440
1985-08-20,0.9195306897163391,0.9482660752658016,0.83691660731606,0.844100591025631,10847813
1985-08-21,0.9051634073257446,0.9231231835810809,0.8800201929569033,0.9195311624153212,4796128
1985-08-22,0.8836117386817932,0.9123471874020499,0.8836117386817932,0.8979794905063705,1947475
1985-08-23,0.9195306897163391,0.9195306897163391,0.8656520477944047,0.8692437924692206,1880127
1985-08-26,0.9260682463645935,0.9296997118791921,0.9115416067974867,0.9260682463645935,985363
1985-08-27,0.9151731133460999,0.9260682878871197,0.9151731133460999,0.9188048567052195,942068
1985-08-28,0.9151731133460999,0.9188048567052195,0.8861201661272463,0.9151731133460999,1387847
1985-08-29,0.8970146775245667,0.9079095697021762,0.8897514716091423,0.9079095697021762,398475
1985-08-30,0.8970146775245667,0.9079095697021762,0.8970146775245667,0.9042778279036758,504307
1985-09-03,0.8970146775245667,0.9151727200812854,0.8933829357260663,0.9042778279036758,1514525
1985-09-04,0.8788568377494812,0.9006468561623702,0.8752253716472669,0.8933834241308312,513928
1985-09-05,0.8861198425292969,0.8897515290258389,0.8679615211192245,0.8861198425292969,2094197
1985-09-06,0.8788568377494812,0.8897519580286168,0.8752253716472669,0.8824885259970779,779311
1985-09-09,0.8643303513526917,0.8824884012698735,0.8643303513526917,0.8824884012698735,369611
1985-09-10,0.9079097509384155,0.9151729027673895,0.8606984865415165,0.8643301735286562,3849250
1985-09-11,0.8933830857276917,0.911541409014822,0.889751621001034,0.911541409014822,656641
1985-09-12,0.8933830857276917,0.9006465150079279,0.8933830857276917,0.9006465150079279,561232
1985-09-13,0.8933830857276917,0.9042779797345856,0.889751621001034,0.8933830857276917,1121662
1985-09-16,0.9006468057632446,0.9006468057632446,0.8933833741381586,0.9006468057632446,485867
1985-09-17,0.8425405025482178,0.8970152184301056,0.8352772922530342,0.8933834744416419,3112432
1985-09-18,0.8461722135543823,0.8643305452262554,0.8461722135543823,0.8498039576396472,1007812
1985-09-19,0.8715932965278625,0.8861199329232695,0.8461718216767117,0.8461718216767117,751249
1985-09-20,0.8461722135543823,0.8679620116297693,0.8461722135543823,0.8643305452262554,540386
1985-09-23,0.835277259349823,0.8570670559860772,0.8243823610316958,0.8461721576679501,818597
1985-09-24,0.8207507133483887,0.8498039435771856,0.8171192470049679,0.8352773006946125,501100
1985-09-25,0.8134870529174805,0.8207502592676942,0.8062236244219927,0.8207502592676942,905187
1985-09-26,0.8062238693237305,0.8134873000255867,0.791697507747037,0.8062238693237305,893962
1985-09-30,0.8207507133483887,0.8243824018372066,0.8098558144909828,0.8098558144909828,812183
1985-10-01,0.8280137777328491,0.8316452424617443,0.8098554544345302,0.8207503484481373,4757644
1985-10-02,0.8861198425292969,0.8861198425292969,0.8425400488613434,0.8425400488613434,7229470
1985-10-03,0.9115408658981323,0.9151723284610823,0.8788559812065466,0.900645978382659,4598094
1985-10-04,0.8824884295463562,0.8970150698763767,0.8788567416956813,0.8970150698763767,775302
1985-10-07,0.8643303513526917,0.8824884012698735,0.849803767024468,0.8824884012698735,708756
1985-10-08,0.8534355759620667,0.8679619402079457,0.849803887711992,0.8679619402079457,751249
1985-10-09,0.8570670485496521,0.8715936350507936,0.8498038941399466,0.8498038941399466,829822
1985-10-10,0.8534355759620667,0.860698785853179,0.849803887711992,0.860698785853179,380034
1985-10-11,0.8715932965278625,0.8897516197902835,0.8534352509470641,0.8570667156687801,1066341
1985-10-14,0.8715932965278625,0.8752250389312011,0.8679616096608486,0.8715932965278625,244537
1985-10-15,0.8606988787651062,0.8715937225460394,0.8570671345866413,0.8679620339039261,931645
1985-10-16,0.8861198425292969,0.8897515290258389,0.8679615211192245,0.8679615211192245,2205642
1985-10-17,0.918804943561554,0.9442264830424677,0.8788568180253102,0.8788568180253102,4128262
1985-10-18,0.9551211595535278,0.973279429566221,0.9224364179251417,0.9224364179251417,4998974
1985-10-21,0.9514890313148499,0.973279035362689,0.9369626211190656,0.9405941403635482,2168761
1985-10-22,0.9442264437675476,0.947858076246237,0.9260683369104429,0.9442264437675476,2764469
1985-10-23,0.9405940771102905,0.955120708474421,0.9333309280371411,0.944225818255781,1378225
1985-10-24,0.9006468057632446,0.940594707815224,0.9006468057632446,0.9369631863798797,1603520
1985-10-25,0.8933830857276917,0.9006465150079279,0.889751621001034,0.9006465150079279,587690
1985-10-28,0.9151731133460999,0.9260682878871197,0.8933833196274511,0.8933833196274511,830623
1985-10-29,0.8970146775245667,0.9224361481419707,0.8897514716091423,0.9224361481419707,1495282
1985-10-30,0.8715932965278625,0.9079097209074065,0.8679616096608486,0.8970148269153381,1711758
1985-10-31,0.8824884295463562,0.8970150698763767,0.8606986911966836,0.8643303790473584,565241
1985-11-01,0.8788568377494812,0.8861202697810202,0.8679619396157279,0.8679619396157279,1471230
1985-11-04,0.8715932965278625,0.8824881905199311,0.8679616096608486,0.8824881905199311,1132085
1985-11-05,0.8679621815681458,0.8752256156244336,0.8606990251936633,0.8715938708281091,663056
1985-11-06,0.8679621815681458,0.8752256156244336,0.8606990251936633,0.8752256156244336,624571
1985-11-07,0.8643303513526917,0.875225247946606,0.8606986636183824,0.8679618169416499,739223
1985-11-08,0.8715932965278625,0.8788565036529171,0.8606984580721185,0.8679616096608486,465823
1985-11-11,0.8715932965278625,0.8715932965278625,0.8534352509470641,0.8679616096608486,1534569
1985-11-12,0.8715932965278625,0.8788565036529171,0.8643301449391325,0.8679616096608486,1796744
1985-11-13,0.8679621815681458,0.8715938708281091,0.8606990251936633,0.8643307144536266,841046
1985-11-14,0.8606988787651062,0.8715937225460394,0.8606988787651062,0.8606988787651062,1223486
1985-11-15,0.8498036861419678,0.8606985816989292,0.8461719432169823,0.8606985816989292,1226693
1985-11-18,0.8461722135543823,0.8570671125920758,0.8352773145166889,0.8461722135543823,1128878
1985-11-19,0.8243821859359741,0.8425402904064586,0.8207504983982755,0.8425402904064586,736817
1985-11-20,0.8606988787651062,0.8715937225460394,0.8062241044969238,0.8207507479926736,3905373
1985-11-21,0.8570670485496521,0.8788568449968451,0.8425404620485107,0.8679619467732487,1363794
1985-11-22,0.8425405025482178,0.8534356234409113,0.8352772922530342,0.8498039349887964,591699
1985-11-25,0.8389086723327637,0.842540137064197,0.8316452430429755,0.8352769299197073,578069
1985-11-26,0.8425405025482178,0.8534356234409113,0.8389090362414978,0.8389090362414978,470633
1985-11-27,0.835277259349823,0.8498039015133523,0.835277259349823,0.8425404693588945,245339
1985-11-29,0.8534355759620667,0.8534355759620667,0.8316455575343101,0.8425404556754971,1549000
1985-12-02,0.8453494906425476,0.8453494906425476,0.8306477344668527,0.8453494906425476,1067944
1985-12-03,0.8453494906425476,0.8490250280470313,0.8416740094440982,0.8416740094440982,275805
1985-12-04,0.8453494906425476,0.8490250280470313,0.8379987530697858,0.8453494906425476,1872911
1985-12-05,0.8379985094070435,0.8379985094070435,0.8232967013001224,0.8379985094070435,1269186
1985-12-06,0.826972484588623,0.8343232222191268,0.8196214659279458,0.8343232222191268,2012418
1985-12-09,0.826972484588623,0.8490250347163425,0.8232969471552671,0.826972484588623,927636
1985-12-10,0.826972484588623,0.8379987596524828,0.8122706720914074,0.8343232222191268,1392657
1985-12-11,0.8196214437484741,0.8269724622102282,0.8196214437484741,0.8196214437484741,578871
1985-12-12,0.8232963681221008,0.8379981702793814,0.8232963681221008,0.8232963681221008,1454393
1985-12-13,0.8306475877761841,0.8306475877761841,0.8232967952955229,0.8306475877761841,626175
1985-12-16,0.8416736125946045,0.8453490920600636,0.8306473428162502,0.8379983579531763,1096808
1985-12-17,0.8453494906425476,0.856375765619793,0.8306477344668527,0.8416740094440982,1496886
1985-12-18,0.8343228697776794,0.8453491401837324,0.8343228697776794,0.8379984056583857,1131283
1985-12-19,0.8490251302719116,0.8527003870887347,0.8306478344790579,0.8306478344790579,863496
1985-12-20,0.8490251302719116,0.8490251302719116,0.8416741107838963,0.8416741107838963,833830
1985-12-23,0.8453494906425476,0.8527002844213436,0.8416740094440982,0.8527002844213436,1063936
1985-12-24,0.8527007102966309,0.8527007102966309,0.8416744298123883,0.8453499128465314,448184
1985-12-26,0.8490251302719116,0.86005140657675,0.8453495924248835,0.8563758687297218,641408
1985-12-27,0.8527007102966309,0.8600517325709796,0.849025452086737,0.849025452086737,457805
1985-12-30,0.8527007102966309,0.8600517325709796,0.8269728911182518,0.8527007102966309,531567
1985-12-31,0.8747527003288269,0.8747527003288269,0.8490246797309202,0.8526999345974431,1570648
1986-01-02,0.8600512146949768,0.8674019515128005,0.8453494038231586,0.8637266955159457,2450179
1986-01-03,0.8600512146949768,0.8600512146949768,0.8416739230021898,0.8416739230021898,586087
1986-01-06,0.8527007102966309,0.8563761933307741,0.8379991716024944,0.8527007102966309,445779
1986-01-07,0.8563756346702576,0.8563756346702576,0.8453493613790543,0.8453493613790543,715972
1986-01-08,0.8343228697776794,0.8563754105897853,0.8232965993716265,0.8563754105897853,1001398
1986-01-09,0.8159458041191101,0.8453493684254905,0.8159458041191101,0.8306476143753133,501100
1986-01-10,0.8343228697776794,0.8416736605090371,0.8196211196969312,0.8232965993716265,715972
1986-01-13,0.8379985094070435,0.8490247811782072,0.8232967013001224,0.8269722376358796,756861
1986-01-14,0.8232963681221008,0.8343226354310684,0.8232963681221008,0.8306471567887508,242933
1986-01-15,0.8232963681221008,0.8306471567887508,0.8159453546314702,0.8269719029704138,545197
1986-01-16,0.8196214437484741,0.8232969248763345,0.8159459064145805,0.8159459064145805,690315
1986-01-17,0.8085950613021851,0.823296815237691,0.8085950613021851,0.8159457977548739,738421
1986-01-20,0.7865424156188965,0.8085949594349247,0.7865424156188965,0.8085949594349247,655840
1986-01-21,0.757138729095459,0.7902177641321119,0.7424369794616203,0.7902177641321119,1090394
1986-01-22,0.7314108610153198,0.7644899029093983,0.7203845886586548,0.7571388860535591,1075962
1986-01-23,0.7277356386184692,0.7424372244862054,0.7277356386184692,0.7314109507763616,618959
1986-01-24,0.7387619614601135,0.7497882359032663,0.7203847249761294,0.7203847249761294,532369
1986-01-27,0.6983323097229004,0.7461128976592343,0.6909815148935131,0.7387621028298471,966923
1986-01-28,0.6726037263870239,0.6946562633523681,0.6505511894216798,0.6909810091428142,1703740
1986-01-29,0.6579025387763977,0.6836305766710551,0.6395254652048693,0.6836305766710551,3332916
1986-01-30,0.68730628490448,0.7020080485660903,0.6579027013751964,0.6579027013751964,1443970
1986-01-31,0.7130339741706848,0.7240602492728665,0.6873059427262262,0.6873059427262262,2875111
1986-02-03,0.702007532119751,0.7130338045997066,0.6909812596397954,0.7056827876616716,1326913
1986-02-04,0.6946565508842468,0.7020075682000942,0.690981295153433,0.7020075682000942,2061325
1986-02-05,0.6909810900688171,0.7056826144828494,0.6909810900688171,0.6946563447088079,332730
1986-02-06,0.6983323097229004,0.6983323097229004,0.6873060331697561,0.694656771793101,1391054
1986-02-07,0.7093588709831238,0.7314114329403912,0.69833259000449,0.7056833315781161,704747
1986-02-10,0.6983323097229004,0.7203848628291888,0.6909815148935131,0.7130340679998016,636597
1986-02-11,0.7056829333305359,0.7130339517859867,0.6909814022739323,0.6909814022739323,279012
1986-02-12,0.7093588709831238,0.7130343541820665,0.69833259000449,0.7020080732034328,866703
1986-02-13,0.7056829333305359,0.7130339517859867,0.6983321959052506,0.7130339517859867,1563432
1986-02-14,0.7056829333305359,0.7093584706612779,0.7020076770299596,0.7056829333305359,385647
1986-02-18,0.7056829333305359,0.7093584706612779,0.6983321959052506,0.7056829333305359,558827
1986-02-19,0.6983323097229004,0.7093585862760445,0.694656771793101,0.7020077914466574,963716
1986-02-20,0.6946565508842468,0.7020075682000942,0.6836302778375856,0.690981295153433,812183
1986-02-21,0.7056829333305359,0.7056829333305359,0.6873059211492235,0.6909814022739323,807372
1986-02-24,0.6946565508842468,0.7130338412467555,0.6615777317442629,0.6983320876451827,1330922
1986-02-25,0.7277356386184692,0.7314109507763616,0.7020076104228059,0.7020076104228059,1886541
1986-02-26,0.7093588709831238,0.727736118359643,0.7056833315781161,0.7240606351607003,1323706
1986-02-27,0.7130339741706848,0.7167094554107802,0.6946566803822776,0.7130339741706848,1865696
1986-02-28,0.7277356386184692,0.7314109507763616,0.7167093649086255,0.7240601578424936,1814383
1986-03-03,0.7167094945907593,0.7314110831186156,0.7130340131497382,0.7277357702957085,4329504
1986-03-04,0.7047763466835022,0.7159632510975882,0.7010475496199844,0.7047763466835022,1536172
1986-03-05,0.6861319541931152,0.7122348008963845,0.6786738432104055,0.7047766899136747,1141706
1986-03-06,0.6712155938148499,0.686131579536047,0.6637577720287521,0.6786734726257813,289435
1986-03-07,0.6712155938148499,0.6824024975684972,0.6600286900612025,0.6712155938148499,1448780
1986-03-10,0.7047763466835022,0.7085054288712048,0.6674866082783787,0.6749447156289469,831425
1986-03-11,0.7159631252288818,0.7159631252288818,0.6824024178867083,0.6973184018662171,670271
1986-03-12,0.7159631252288818,0.7271502557755808,0.7085053043136083,0.7085053043136083,545197
1986-03-13,0.7085053324699402,0.7346081629093518,0.7085053324699402,0.7085053324699402,1457600
1986-03-14,0.7122348546981812,0.7122348546981812,0.6861320060231183,0.7010479439909552,895566
1986-03-17,0.7234213948249817,0.7308792744512171,0.7010475848717557,0.7047763821227738,371215
1986-03-18,0.6935895681381226,0.7122345832863685,0.6935895681381226,0.7085055574467803,525153
1986-03-19,0.7122348546981812,0.7122348546981812,0.6861320060231183,0.6898610332837293,1133689
1986-03-20,0.7047763466835022,0.7122344540340704,0.7010475496199844,0.7047763466835022,360792
1986-03-21,0.7085053324699402,0.715963153681591,0.7010474542334602,0.7047762507896271,2026849
1986-03-24,0.7085053324699402,0.712234357125424,0.7010474542334602,0.7010474542334602,831425
1986-03-25,0.6935895681381226,0.7085055574467803,0.6861317445583356,0.7010476768421461,4699115
1986-03-26,0.7010476589202881,0.7085055393342662,0.6861317270177943,0.6898607527620522,563637
1986-03-27,0.7122348546981812,0.715963653859316,0.7010479439909552,0.7085058274375701,371215
1986-03-31,0.7010476589202881,0.712234565078524,0.6973186331760303,0.7047764565651625,990174
1986-04-01,0.6824020743370056,0.7010470734371338,0.6749442571763086,0.7010470734371338,505109
1986-04-02,0.7047763466835022,0.7159632510975882,0.6861316200430329,0.6861316200430329,10422880
1986-04-03,0.6935895681381226,0.7047764745823449,0.6749448381141132,0.7047764745823449,3399463
1986-04-04,0.7010476589202881,0.712234565078524,0.6861317270177943,0.6935895504069266,3284009
1986-04-07,0.7122348546981812,0.7122348546981812,0.6973189167303442,0.7085058274375701,2260162
1986-04-08,0.7047763466835022,0.7122344540340704,0.7010475496199844,0.7122344540340704,990975
1986-04-09,0.7010476589202881,0.712234565078524,0.6935895504069266,0.7085055393342662,592501
1986-04-10,0.7047763466835022,0.7085054288712048,0.6973185244571188,0.6973185244571188,427338
1986-04-11,0.7047763466835022,0.7085054288712048,0.7010475496199844,0.7047763466835022,372818
1986-04-14,0.7159631252288818,0.72342123126829,0.7047762227814907,0.7085053043136083,1370208
1986-04-15,0.7047763466835022,0.7159632510975882,0.6935894422694162,0.7159632510975882,748042
1986-04-16,0.7085053324699402,0.7085053324699402,0.7010474542334602,0.7047762507896271,299858
1986-04-17,0.7085053324699402,0.712234357125424,0.6973184295779763,0.7010474542334602,323109
1986-04-18,0.6973187327384949,0.7085056404939861,0.6973187327384949,0.7085056404939861,1389450
1986-04-21,0.7047763466835022,0.7085054288712048,0.6935894422694162,0.7085054288712048,309479
1986-04-22,0.6898606419563293,0.7010475463177197,0.6861316168110292,0.7010475463177197,891557
1986-04-23,0.6973187327384949,0.6973187327384949,0.6861318249830035,0.6861318249830035,733610
1986-04-24,0.6935895681381226,0.6935895681381226,0.6898607703979237,0.6935895681381226,118660
1986-04-25,0.6861319541931152,0.6935897800515013,0.6861319541931152,0.6935897800515013,471435
1986-04-28,0.6935895681381226,0.697318651002558,0.6861317445583356,0.6861317445583356,508316
1986-04-29,0.7085053324699402,0.7085053324699402,0.6861315266860124,0.6973184295779763,990975
1986-04-30,0.7047763466835022,0.7085054288712048,0.7010475496199844,0.7085054288712048,889954
1986-05-01,0.6898606419563293,0.7085054255338099,0.6898606419563293,0.7085054255338099,1715766
1986-05-02,0.6861319541931152,0.6898609811720378,0.682402870189328,0.6861319541931152,343153
1986-05-05,0.6935895681381226,0.6935895681381226,0.6786736358543121,0.6786736358543121,630183
1986-05-06,0.6935895681381226,0.7047764745823449,0.6861317445583356,0.6861317445583356,790535
1986-05-07,0.6861319541931152,0.6973188640552885,0.6861319541931152,0.6973188640552885,812183
1986-05-08,0.6973187327384949,0.6973187327384949,0.6861318249830035,0.6861318249830035,601320
1986-05-09,0.7308793067932129,0.7308793067932129,0.6973185903782853,0.7047764133096956,1469626
1986-05-12,0.7234213948249817,0.7346082998015946,0.7234213948249817,0.7308792744512171,837839
1986-05-13,0.7271506786346436,0.7346085609117174,0.7196926252829894,0.7234216519588165,485867
1986-05-14,0.7271506786346436,0.7271506786346436,0.7159635415823022,0.7196926252829894,374422
1986-05-15,0.7159631252288818,0.72342123126829,0.7122343288208989,0.72342123126829,450589
1986-05-16,0.7047763466835022,0.7159632510975882,0.7010475496199844,0.7159632510975882,532369
1986-05-19,0.7122348546981812,0.7122348546981812,0.7010479439909552,0.70477674315209,793742
1986-05-20,0.7122348546981812,0.715963653859316,0.7085058274375701,0.715963653859316,231709
1986-05-21,0.7122348546981812,0.715963653859316,0.70477674315209,0.70477674315209,703945
1986-05-22,0.7234213948249817,0.7271504201753591,0.7159632870993868,0.7159632870993868,2129475
1986-05-23,0.7264479994773865,0.7340153252533981,0.7188809630009909,0.7264479994773865,2075757
1986-05-27,0.7377989888191223,0.7377989888191223,0.7188809918494967,0.7188809918494967,390457
1986-05-28,0.7113139033317566,0.7340153610268765,0.7113139033317566,0.7340153610268765,496289
1986-05-29,0.7188807725906372,0.7188807725906372,0.7075300473027473,0.7113136802586184,1090394
1986-05-30,0.7150974869728088,0.7340155467519491,0.7113140833127671,0.7264482186923998,832227
1986-06-02,0.7150974869728088,0.7264482186923998,0.7113140833127671,0.7188811799325538,202845
1986-06-03,0.7150974869728088,0.7188811799325538,0.7075304482129628,0.7075304482129628,787328
1986-06-04,0.7037469744682312,0.7150977097235413,0.7037469744682312,0.7150977097235413,684703
1986-06-05,0.7150974869728088,0.7188811799325538,0.7037467552532178,0.7037467552532178,484263
1986-06-06,0.7150974869728088,0.7188811799325538,0.7037467552532178,0.7188811799325538,481056
1986-06-09,0.6999633312225342,0.7150974661617265,0.6999633312225342,0.7113140626117912,293444
1986-06-10,0.696179986000061,0.7037470276892764,0.696179986000061,0.6999636225645949,226898
1986-06-11,0.6999633312225342,0.6999633312225342,0.6961796962328428,0.6961796962328428,190819
1986-06-12,0.6886123418807983,0.6961796694287652,0.6886123418807983,0.6923959767248135,350369
1986-06-13,0.6886123418807983,0.6923959767248135,0.6810452457725785,0.6886123418807983,400880
1986-06-16,0.6923960447311401,0.6923960447311401,0.6848290057396313,0.6848290057396313,285427
1986-06-17,0.6923960447311401,0.7037467767982306,0.6923960447311401,0.6961797378067218,307876
1986-06-18,0.7037469744682312,0.7037469744682312,0.6923962392129211,0.6999635696296705,177189
1986-06-19,0.7037469744682312,0.7075306686065852,0.6961799333512751,0.6999635696296705,270995
1986-06-20,0.6999633312225342,0.7075304276220998,0.6961796962328428,0.7037467347724696,741628
1986-06-23,0.696179986000061,0.7037470276892764,0.6923962915755641,0.6999636225645949,822606
1986-06-24,0.696179986000061,0.7037470276892764,0.6923962915755641,0.696179986000061,1798348
1986-06-25,0.6999633312225342,0.7037467347724696,0.6961796962328428,0.6961796962328428,492281
1986-06-26,0.6999633312225342,0.7075304276220998,0.6961796962328428,0.7037467347724696,296651
1986-06-27,0.7188807725906372,0.7226644055465085,0.6999629549707285,0.6999629549707285,1322102
1986-06-30,0.7113139033317566,0.7226646321793165,0.7113139033317566,0.7226646321793165,210061
1986-07-01,0.7113139033317566,0.7113139033317566,0.6923958483393787,0.7113139033317566,1009416
1986-07-02,0.6999633312225342,0.7037467347724696,0.6961796962328428,0.6999633312225342,655038
1986-07-03,0.7075303196907043,0.7113139541032147,0.6999632244454739,0.7037466274182637,120264
1986-07-07,0.696179986000061,0.7075307221137733,0.696179986000061,0.7075307221137733,353576
1986-07-08,0.6886123418807983,0.6923959767248135,0.6810452457725785,0.6886123418807983,265383
1986-07-09,0.696179986000061,0.6999636225645949,0.6886126550110303,0.696179986000061,679893
1986-07-10,0.696179986000061,0.6999636225645949,0.6923962915755641,0.696179986000061,575664
1986-07-11,0.6999633312225342,0.7037467347724696,0.6923960033832126,0.6999633312225342,295849
1986-07-14,0.7037469744682312,0.7037469744682312,0.6886126029345258,0.6961799333512751,573258
1986-07-15,0.696179986000061,0.7075307221137733,0.6886126550110303,0.696179986000061,901980
1986-07-16,0.696179986000061,0.7037470276892764,0.696179986000061,0.7037470276892764,506712
1986-07-17,0.696179986000061,0.6999636225645949,0.6886126550110303,0.6999636225645949,508316
1986-07-18,0.6999633312225342,0.6999633312225342,0.6886123683935212,0.6923960033832126,333532
1986-07-21,0.6545602679252625,0.7037468355129796,0.6545602679252625,0.7037468355129796,752051
1986-07-22,0.6394258141517639,0.6507765456529431,0.6242916212034041,0.6469930842057624,670271
1986-07-23,0.6356425881385803,0.6469933238439288,0.6356425881385803,0.6432096874155183,439364
1986-07-24,0.6129404306411743,0.6394255766949591,0.6091570284589358,0.6356421166528026,556421
1986-07-25,0.6394258141517639,0.6394258141517639,0.6091572546752256,0.6129406582624667,318299
1986-07-28,0.6129404306411743,0.6318584830308919,0.6053733948370251,0.6318584830308919,404889
1986-07-29,0.5826721787452698,0.6091572777791456,0.5826721787452698,0.6091572777791456,567646
1986-07-30,0.5826721787452698,0.5978065458474596,0.5637541186126344,0.5826721787452698,737619
1986-07-31,0.5675376653671265,0.5902391256938653,0.5675376653671265,0.5864557225525404,686307
1986-08-01,0.5372687578201294,0.5713211684645383,0.5334852980727615,0.5713211684645383,798553
1986-08-04,0.5448362827301025,0.5561870145120043,0.5372690124889528,0.5410526476095276,658245
1986-08-05,0.5561871528625488,0.5637542514061777,0.5486201121788753,0.5524035168008014,2742019
1986-08-06,0.5524035096168518,0.5599708395018899,0.5486201050441286,0.5561871456293935,590897
1986-08-07,0.5524035096168518,0.5599708395018899,0.5486201050441286,0.5524035096168518,1494481
1986-08-08,0.5486200451850891,0.5599707784043904,0.5448363517254254,0.5561870849447267,632589
1986-08-11,0.5524035096168518,0.5599708395018899,0.5448364111716323,0.5486201050441286,873918
1986-08-12,0.5561871528625488,0.5561871528625488,0.5486201121788753,0.5486201121788753,1073557
1986-08-13,0.5788885951042175,0.5826722888496468,0.5486200866199313,0.5637542251421691,2000391
1986-08-14,0.5826721787452698,0.5940229106769558,0.5788884857148242,0.5826721787452698,1923422
1986-08-15,0.5751050710678101,0.5864560387917809,0.5751050710678101,0.5826724021704452,843452
1986-08-18,0.5599705576896667,0.5788883232120896,0.5486198289443024,0.5751046891037093,264581
1986-08-19,0.5713216066360474,0.5751050114251601,0.5486201364221279,0.5637542763182004,743232
1986-08-20,0.5902389883995056,0.5978063136613291,0.57132122491418,0.5751046271754551,2084576
1986-08-21,0.5978067517280579,0.6015901567617737,0.5788886850801684,0.5940231152544952,536377
1986-08-22,0.6129404306411743,0.6129404306411743,0.594022667551047,0.5978063011729579,2121457
1986-08-25,0.5929203629493713,0.612170864273471,0.5929203629493713,0.5929203629493713,1181794
1986-08-26,0.608320951461792,0.61217089886239,0.5852199717509992,0.596770579361596,1087187
1986-08-27,0.6237210035324097,0.6237210035324097,0.6044705093745686,0.6044705093745686,1149724
1986-08-28,0.6237210035324097,0.6237210035324097,0.612170636384615,0.6198710577825364,722386
1986-08-29,0.6391216516494751,0.6391216516494751,0.6198710973842001,0.6198710973842001,803364
1986-09-02,0.6198708415031433,0.6429715677386486,0.616020661586338,0.6391213878218432,644615
1986-09-03,0.6275715827941895,0.6314217661349057,0.6198713927455773,0.6198713927455773,462616
1986-09-04,0.6275715827941895,0.6314217661349057,0.6198713927455773,0.6237213405758665,424131
1986-09-05,0.6622223854064941,0.6622223854064941,0.6468220126942149,0.6468220126942149,1303662
1986-09-08,0.685323178768158,0.685323178768158,0.6622222135516741,0.6699225745422109,1648419
1986-09-09,0.6776230335235596,0.6930235851133979,0.6699228460450211,0.6853234565124466,2034065
1986-09-10,0.6622223854064941,0.6776229347515091,0.6622223854064941,0.6776229347515091,351171
1986-09-11,0.6506720185279846,0.6660725678960072,0.635271645792698,0.6622223863958175,2165554
1986-09-12,0.6275715827941895,0.6583726962542786,0.6198713927455773,0.6545225129135623,4408878
1986-09-15,0.6121703386306763,0.6314211178129929,0.5929198538360914,0.6275709384255111,586888
1986-09-16,0.608320951461792,0.61217089886239,0.600620526762194,0.61217089886239,719981
1986-09-17,0.6006203293800354,0.612170697684428,0.6006203293800354,0.612170697684428,331929
1986-09-18,0.6006203293800354,0.604470569903328,0.585219779429931,0.5929202015989353,471435
1986-09-19,0.6044705510139465,0.6044705510139465,0.5852197611421264,0.5929201830704967,408898
1986-09-22,0.5929203629493713,0.608320917090403,0.5929203629493713,0.6044707343969474,220484
1986-09-23,0.6006203293800354,0.6083207515490398,0.5929202015989353,0.5967703832446472,293444
1986-09-24,0.5929203629493713,0.6044707343969474,0.5890701213783188,0.6044707343969474,336739
1986-09-25,0.6006203293800354,0.612170697684428,0.56981946499015,0.5929202015989353,840245
1986-09-26,0.5929203629493713,0.5967705456428269,0.5852199386848632,0.5929203629493713,247744
1986-09-29,0.5698193907737732,0.6006202511519869,0.5698193907737732,0.5852197032077336,676685
1986-09-30,0.5698193907737732,0.5852197032077336,0.5698193907737732,0.5736693364077237,2293835
1986-10-01,0.5698193907737732,0.5813697575737833,0.5698193907737732,0.5698193907737732,1284420
1986-10-02,0.5659691691398621,0.5775195363151348,0.5582690421114972,0.5775195363151348,584483
1986-10-03,0.5621191263198853,0.569819549632732,0.5621191263198853,0.5659693085375138,647822
1986-10-06,0.5659691691398621,0.5813697764620425,0.5621189878705294,0.5698194092867698,255761
1986-10-07,0.5736693143844604,0.5736693143844604,0.5582690025417206,0.5736693143844604,330325
1986-10-08,0.5775192975997925,0.5775192975997925,0.5698191737542437,0.5736691179219165,1182596
1986-10-09,0.5813699960708618,0.5852199432841871,0.5659693829311977,0.5698196245325098,1359785
1986-10-10,0.5852200388908386,0.5852200388908386,0.5736696654655168,0.5852200388908386,1210658
1986-10-13,0.6044705510139465,0.6044705510139465,0.5852197611421264,0.589069942667522,261374
1986-10-14,0.6006203293800354,0.604470569903328,0.5929202015989353,0.604470569903328,520342
1986-10-15,0.6006203293800354,0.6083207515490398,0.5929202015989353,0.6006203293800354,283823
1986-10-16,0.6044705510139465,0.6121706785544216,0.6006203106109719,0.6083207325393422,341550
1986-10-17,0.5929203629493713,0.6044707343969474,0.5929203629493713,0.6006204928258949,315893
1986-10-20,0.5852200388908386,0.5929204644738741,0.577519848818231,0.5929204644738741,209259
1986-10-21,0.5775192975997925,0.5890696600007681,0.5775192975997925,0.5890696600007681,480254
1986-10-22,0.5813699960708618,0.5852199432841871,0.5659693829311977,0.5813699960708618,719981
1986-10-23,0.5775192975997925,0.5929198985561948,0.5736691179219165,0.5775192975997925,640606
1986-10-24,0.5813699960708618,0.5813699960708618,0.5698196245325098,0.5775197544695497,843452
1986-10-27,0.554418683052063,0.5736692320043899,0.554418683052063,0.5736692320043899,613346
1986-10-28,0.5582689642906189,0.5659690902456113,0.546718363215162,0.554418724680422,1702137
1986-10-29,0.550568699836731,0.5582691223598683,0.5467185180139541,0.5544188816595078,750447
1986-10-30,0.554418683052063,0.554418683052063,0.5467183221649823,0.554418683052063,561232
1986-10-31,0.5775192975997925,0.5775192975997925,0.5582688113532681,0.562118755520941,517135
1986-11-03,0.5698193907737732,0.5813697575737833,0.5659691507519568,0.5775195175519668,579672
1986-11-04,0.5659691691398621,0.5659691691398621,0.5582690421114972,0.5621189878705294,816993
1986-11-05,0.5659691691398621,0.5659691691398621,0.5582690421114972,0.5659691691398621,582880
1986-11-06,0.6930232048034668,0.7045735679991693,0.6583721152163592,0.6930232048034668,7511690
1986-11-07,0.6814731359481812,0.6968737446160255,0.6737730082469998,0.6968737446160255,2741218
1986-11-10,0.6814731359481812,0.6891733225269427,0.6737730082469998,0.67762295434243,1326111
1986-11-11,0.6776230335235596,0.6853234565124466,0.6737730869782581,0.6853234565124466,682298
1986-11-12,0.7238246202468872,0.731524806375186,0.685323336339932,0.685323336339932,3595092
1986-11-13,0.7315245866775513,0.7392247116157068,0.7199742226376405,0.7276743475757961,3183789
1986-11-14,0.7199742794036865,0.7315246443542806,0.7199742794036865,0.7315246443542806,1989167
1986-11-17,0.70842444896698,0.7161245803220806,0.6930238329911296,0.7122746323997466,865099
1986-11-18,0.685323178768158,0.7238244538227725,0.685323178768158,0.704573669101557,3967910
1986-11-19,0.6968735456466675,0.7007234906428723,0.6660723959828162,0.6699225764892748,1257961
1986-11-20,0.7430751919746399,0.7507755549231395,0.6930234804627535,0.6968737208145815,1877722
1986-11-21,0.7700256109237671,0.7738757899074582,0.7507750692705527,0.7546250716216233,4330306
1986-11-24,0.7661758065223694,0.7777261724877801,0.7584756214229978,0.7700259873884086,1934647
1986-11-25,0.7700256109237671,0.7738757899074582,0.7584752506053144,0.766175431940076,2049299
1986-11-26,0.7700256109237671,0.7700256109237671,0.7623254295890054,0.7700256109237671,960509
1986-11-28,0.7738760113716125,0.7738760113716125,0.766175651200578,0.766175651200578,1318895
1986-12-01,0.8004273772239685,0.8004273772239685,0.7730956524315706,0.8004273772239685,732007
1986-12-02,0.7926177382469177,0.804331277056201,0.7848087720833988,0.804331277056201,1060729
1986-12-03,0.7809037566184998,0.7926172887855096,0.7730947948831292,0.7887127183538702,839443
1986-12-04,0.7965227961540222,0.7965227961540222,0.7770001001595024,0.7809046751840301,1727793
1986-12-05,0.7848090529441833,0.8043315649035359,0.773095509942957,0.8004272296978675,1420719
1986-12-08,0.7809037566184998,0.7926172887855096,0.7691902244514898,0.7926172887855096,824209
1986-12-09,0.7691903710365295,0.792617439835059,0.7652857998607938,0.7887128686593232,622166
1986-12-10,0.7809037566184998,0.7809037566184996,0.7691902244514898,0.7691902244514898,521946
1986-12-11,0.7730952501296997,0.7809042164634753,0.7652861046679104,0.7730952501296996,385647
1986-12-12,0.7691903710365295,0.7809039054357942,0.7691903710365295,0.7691903710365295,2108629
1986-12-15,0.7769998908042908,0.7769998908042908,0.7574773791980443,0.7691909219874062,723188
1986-12-16,0.7769998908042908,0.7809044647767682,0.7652863480149287,0.7691909219874062,327118
1986-12-17,0.7574775218963623,0.7770000371803815,0.7574775218963624,0.7691910668923947,583681
1986-12-18,0.7730952501296997,0.7730952501296996,0.7574771383341348,0.7730952501296996,164361
1986-12-19,0.7730952501296997,0.7730952501296996,0.75357256560324,0.7652861046679104,1038279
1986-12-22,0.7652859687805176,0.776999505765283,0.7535724317957521,0.776999505765283,626976
1986-12-23,0.7496680617332458,0.7769997769902871,0.7418591537695578,0.7613818416442147,386448
1986-12-24,0.7457635998725891,0.7613817116807848,0.745763599872589,0.7535725662126801,133894
1986-12-26,0.7457635998725891,0.7574771389467325,0.745763599872589,0.745763599872589,83383
1986-12-29,0.7340500354766846,0.7496679079087752,0.7106227192991939,0.7379543692387016,220484
1986-12-30,0.7145276069641113,0.7379546946342562,0.7106230326430584,0.730145784829599,412906
1986-12-31,0.7262413501739502,0.7301459852763034,0.7067188911747271,0.7067188911747271,609338
1987-01-02,0.7457635998725891,0.7496679337692898,0.7301454880643932,0.7340500607984456,637399
1987-01-05,0.7496680617332458,0.7691908093172509,0.7418591537695578,0.7574772682436745,679091
1987-01-06,0.7496680617332458,0.7613818416442147,0.7379545206596694,0.7574772682436745,1769484
1987-01-07,0.741858959197998,0.7535724971993985,0.7379543271121998,0.7496678651136001,493082
1987-01-08,0.7496680617332458,0.7496680617332458,0.7418591537695578,0.7418591537695578,776104
1987-01-09,0.73795485496521,0.7457640650133376,0.7340505186333343,0.7418594898439613,559628
1987-01-12,0.7691903710365295,0.7691903710365295,0.7379541001772147,0.7418587310622644,608536
1987-01-13,0.7809037566184998,0.7809037566184996,0.7652856540198505,0.7652856540198505,783320
1987-01-14,0.7730952501296997,0.788713182797251,0.75357256560324,0.7809042164634753,561232
1987-01-15,0.7848090529441833,0.7926180219023096,0.773095509942957,0.7769999048579832,995786
1987-01-16,0.7769998908042908,0.7809044647767682,0.7574773791980443,0.7809044647767682,1103222
1987-01-19,0.7730952501296997,0.7809042164634753,0.7496679331630076,0.7809042164634753,958905
1987-01-20,0.7769998908042908,0.7769998908042908,0.7652863480149287,0.7730954959598838,1722982
1987-01-21,0.7691903710365295,0.7769993342600585,0.7652857998607938,0.7691903710365295,364801
1987-01-22,0.7574775218963623,0.7770000371803815,0.7574775218963624,0.7652864921843492,1035072
1987-01-23,0.741858959197998,0.7613816419523303,0.7262407891107995,0.7535724971993985,1303662
1987-01-26,0.8511855006217957,0.8511855006217957,0.7809040430074826,0.7965221513339216,7995151
1987-01-27,0.8902312517166138,0.8941355869802381,0.8746130747310932,0.8902312517166139,5640382
1987-01-28,0.9253719449043274,0.9331808548062375,0.9097537668443298,0.9136584009233737,10022000
1987-01-29,0.9331810474395752,0.937085622615264,0.9175631647024466,0.9175631647024466,6367578
1987-01-30,0.9175627827644348,0.9331806590005798,0.8902311261677414,0.9331806590005798,4448966
1987-02-02,0.9253719449043274,0.9253719449043275,0.905849192474649,0.9097537668443298,2984953
1987-02-03,0.9370853900909424,0.9370853900909425,0.9253719063079103,0.9331808158841178,3796334
1987-02-04,0.9644168019294739,0.972225709003195,0.9331805168318348,0.9448940565704405,4431328
1987-02-05,0.9917488098144531,1.0073669281062845,0.9683217219407501,0.9995577793963246,6374794
1987-02-06,0.9956533312797546,0.99955766635574,0.9839394901208149,0.9917486976569894,2123061
1987-02-09,0.9683214426040649,0.9995574910488154,0.968321442604065,0.9995574910488154,1128878
1987-02-10,0.9409899711608887,0.9605124231331028,0.9253718543387888,0.9605124231331028,1583476
1987-02-11,0.9644168019294739,0.968321374885017,0.9448940565704405,0.9487986295259837,1828013
1987-02-12,0.9566079378128052,0.9683214788085476,0.948798731354267,0.9644169054339524,1907387
1987-02-13,0.9487985372543335,0.9683212807147598,0.9448939646785142,0.9644167081389403,2468619
1987-02-17,0.9527037143707275,0.9605126251507764,0.9409901690725452,0.9409901690725452,2382029
1987-02-18,0.9409899711608887,0.9644170568300027,0.9409899711608886,0.9527035139954456,1217873
1987-02-19,0.9370853900909424,0.9487989335833351,0.9331808158841178,0.9448943593765105,2002797
1987-02-20,0.9527037143707275,0.9527037143707275,0.9331809597456481,0.9370855345544118,3243119
1987-02-23,0.9448941349983215,0.9566079145465568,0.9448941349983215,0.9527033412669271,3866087
1987-02-24,0.9487985372543335,0.9527031695394885,0.9370849986548817,0.9448939646785142,761672
1987-02-25,0.9605119228363037,0.9605119228363037,0.9409894810326412,0.9409894810326412,741628
1987-02-26,0.9683214426040649,0.9722257769952906,0.9566079020462791,0.9566079020462791,707152
1987-02-27,0.9683214426040649,0.9761304099332435,0.9566079020462791,0.9605122364375046,651831
1987-03-02,0.9761301279067993,0.9956528689905767,0.9566076256603347,0.9683211628338104,2240919
1987-03-03,0.9634947180747986,0.9753409393653107,0.9634947180747985,0.9634947180747985,825011
1987-03-04,0.9990331530570984,0.9990331530570983,0.9555968371199054,0.9595456370310442,2630575
1987-03-05,1.0306230783462524,1.0306230783462524,0.9990330447944725,1.0029818442776903,3048292
1987-03-06,1.0266743898391724,1.0385206077155797,1.0148281719627652,1.02272552977571,1037477
1987-03-09,1.0187772512435913,1.030623473073347,1.006931089799519,1.0266747324634284,3015419
1987-03-10,1.002982258796692,1.0187772821004513,1.002982258796692,1.010879679870044,1415106
1987-03-11,0.9990331530570984,1.0108793716335145,0.9990331530570983,1.0029819529682371,902782
1987-03-12,1.006931185722351,1.0148286073088333,0.9950846608356481,1.006931185722351,3392247
1987-03-13,1.022725224494934,1.022725224494934,0.9911353799729964,0.9950839369295086,1590692
1987-03-16,1.0306230783462524,1.0345716966724892,1.0108792620871447,1.0148281219560227,588492
1987-03-17,1.0543156862258911,1.0543156862258911,1.0227256474817636,1.0266745079997026,1039883
1987-03-18,1.0898542404174805,1.0977519607031352,1.0503668467024965,1.0503668467024965,2135087
1987-03-19,1.0819568634033203,1.089854221235994,1.08195686340332,1.089854221235994,1499291
1987-03-20,1.0464181900024414,1.0740592438251957,1.0306231123202145,1.0740592438251957,2764469
1987-03-23,1.0345720052719116,1.0701109092933638,1.0345720052719116,1.042469606594099,970130
1987-03-24,1.022725224494934,1.0464178947182021,1.0187766071527766,1.0345714388352776,1718172
1987-03-25,1.022725224494934,1.0266740833796724,1.00298159431334,1.0266740833796724,1339741
1987-03-26,1.022725224494934,1.0345714388352776,1.0148278690393289,1.0148278690393289,917213
1987-03-27,1.022725224494934,1.0385202977200159,1.022725224494934,1.0306228214931203,914808
1987-03-30,0.9911354780197144,1.014827969429794,0.9871866791299918,1.014827969429794,982958
1987-03-31,1.0108795166015625,1.0345719571520764,0.9871870760510485,0.9871870760510485,1382234
1987-04-01,0.9990331530570984,1.0029819529682371,0.9871869344806822,0.9990331530570983,1921017
1987-04-02,0.9911354780197144,1.0029816935319287,0.9871866791299918,0.9911354780197144,801760
1987-04-03,0.9990331530570984,1.0108793716335145,0.9950842927602925,0.9990331530570983,1470428
1987-04-06,1.0108795166015625,1.0108795166015625,0.9950844354632022,1.0029820968037333,1165759
1987-04-07,1.0108795166015625,1.0227257368768194,1.0029820968037333,1.0029820968037333,1326111
1987-04-08,1.0306230783462524,1.0345716966724892,1.0148281219560227,1.026674339248695,724791
1987-04-09,1.006931185722351,1.0345721914678834,1.002982323964887,1.030623571253176,1381433
1987-04-10,1.0148286819458008,1.022726043727416,1.0029823977306032,1.0029823977306032,590095
1987-04-13,1.0108795166015625,1.0187771175564182,1.0029820968037333,1.0069309576668366,768086
1987-04-14,0.9990331530570984,1.0069308132650427,0.9832380741838764,0.991135734391821,1438357
1987-04-15,1.006931185722351,1.0148286073088333,0.9990335225931121,0.9990335225931121,558827
1987-04-16,1.006931185722351,1.0227259685096262,1.002982323964887,1.006931185722351,1535370
1987-04-20,1.0187772512435913,1.022725871082143,0.9990334274226317,1.0148285106336727,444977
1987-04-21,1.006931185722351,1.0148286073088333,0.9911361010066299,1.0108797455513692,845857
1987-04-22,0.9832382202148438,1.0069309628148664,0.9832382202148436,1.0069309628148664,394466
1987-04-23,0.9832382202148438,0.9871870810981359,0.9792896612599304,0.9792896612599304,673478
1987-04-24,0.9871867299079895,0.9871867299079896,0.971391654307949,0.9792893128792779,1091997
1987-04-27,0.9713914394378662,0.9792890962622474,0.9634940845416899,0.9792890962622474,1185803
1987-04-28,0.9792894721031189,0.9832380302953397,0.963494454320602,0.9753406723682416,541188
1987-04-29,0.9950845837593079,0.995084583759308,0.9792898021954503,0.9792898021954503,852271
1987-04-30,0.9911354780197144,1.0108791101544201,0.9792892625075001,0.9950840353668321,2139898
1987-05-01,0.9832382202148438,0.9950844405506656,0.9792896612599304,0.9911358815957524,969328
1987-05-04,0.9792894721031189,0.9950842483429794,0.9713918122477002,0.9832380302953397,395268
1987-05-05,0.959545373916626,0.983237804572819,0.9555965750882769,0.979289247287071,805769
1987-05-06,0.959545373916626,0.9634942331306253,0.9555965750882769,0.959545373916626,2018832
1987-05-07,0.9555970430374146,0.9634947049471924,0.947699622670356,0.9595458437994635,1363794
1987-05-08,0.9555970430374146,0.9595458437994635,0.947699622670356,0.9516484838180849,2126268
1987-05-11,0.9753408432006836,0.9832382025110163,0.9634946230781604,0.9634946230781604,1269186
1987-05-12,0.9713914394378662,0.9792890962622474,0.9634940845416899,0.9713914394378662,1096006
1987-05-13,0.9713914394378662,0.9753402980428773,0.96744288276106,0.9713914394378662,1703740
1987-05-14,0.9792894721031189,0.979289472103119,0.9674432540554794,0.9713918122477002,751249
1987-05-15,0.9713914394378662,0.9911353097634346,0.9713914394378662,0.9753402980428773,1271591
1987-05-18,0.9792894721031189,0.979289472103119,0.9674432540554794,0.9713918122477002,580474
1987-05-19,0.9713914394378662,0.9950838664402408,0.9713914394378662,0.9832376529390535,559628
1987-05-20,0.9753408432006836,0.9871870633232068,0.9713919823884931,0.9713919823884931,506712
1987-05-21,0.9871867299079895,0.9990329460295385,0.983237870429498,0.983237870429498,2070946
1987-05-22,1.006931185722351,1.0148286073088333,0.9950846608356481,0.9950846608356481,1803960
1987-05-26,1.0260956287384033,1.0300882101808868,1.0061324773015272,1.0260956287384033,2112638
1987-05-27,1.034079670906067,1.0380723706050514,1.0221019381454473,1.0221019381454473,554016
1987-05-28,1.0300874710083008,1.034079927473639,1.0221021917412,1.0221021917412,326316
1987-05-29,1.0420658588409424,1.0420658588409424,1.0340805745768393,1.038073277765,415312
1987-06-01,1.0260956287384033,1.0420659545083375,1.0260956287384033,1.0340806695111413,295849
1987-06-02,1.0181102752685547,1.0300879555794302,1.0141175727006975,1.0221026725559148,909196
1987-06-03,1.0260956287384033,1.0260956287384033,1.01012518085624,1.014117823354838,494686
1987-06-04,1.0540432929992676,1.0700137347323586,1.0221025316452677,1.026095233662677,1164957
1987-06-05,1.058035969734192,1.0620284274318346,1.0380729485729034,1.046057986080368,667064
1987-06-08,1.0939698219299316,1.1019548640643766,1.06602162495425,1.06602162495425,1212261
1987-06-09,1.0859835147857666,1.1019538282676393,1.0700133234160292,1.0979614941214413,956500
1987-06-10,1.0779982805252075,1.1019537490253615,1.0779982805252075,1.09396871497077,1445573
1987-06-11,1.0779982805252075,1.0859834366919254,1.0620279681917715,1.0819909807206929,478651
1987-06-12,1.08199143409729,1.0939691733662855,1.0700136948282946,1.0859838917414444,1128076
1987-06-15,1.097961664199829,1.1139317359312555,1.0899762619976536,1.1059467000655423,1508111
1987-06-16,1.070013165473938,1.0979613320539878,1.070013165473938,1.0979613320539878,1101618
1987-06-17,1.0460580587387085,1.0740062414608986,1.0260952804151802,1.0700137834859431,2146312
1987-06-18,1.0500507354736328,1.0540433154639532,1.0420655754929917,1.0500507354736328,1593899
1987-06-19,1.0420658588409424,1.0460583178046672,1.0221028313490115,1.0420658588409424,1223486
1987-06-22,1.0620287656784058,1.0700140499534696,1.0380732791898686,1.0500510224341373,3449172
1987-06-23,1.1378873586654663,1.1378873586654663,1.0540429627047774,1.0540429627047774,3837223
1987-06-24,1.1219170093536377,1.1458724805374991,1.1179243087108541,1.1418797798947156,2394055
1987-06-25,1.105947494506836,1.1219179440468645,1.0939697489359959,1.117925240077676,1008614
1987-06-26,1.1019541025161743,1.10594680399246,1.0899763644238134,1.10594680399246,834632
1987-06-29,1.105947494506836,1.105947494506836,1.0939697489359959,1.1019547905376474,667064
1987-06-30,1.097961664199829,1.10993940116663,1.0899762619976536,1.10993940116663,337541
1987-07-01,1.0859835147857666,1.1019538282676393,1.0819910585274337,1.0899760931562348,830623
1987-07-02,1.0779982805252075,1.09396871497077,1.0700132464706158,1.0859834366919254,564439
1987-07-06,1.0899769067764282,1.0899769067764282,1.0580363780826074,1.0580363780826074,1427935
1987-07-07,1.1179255247116089,1.1219182296973762,1.085984739611381,1.0939700274706428,1853669
1987-07-08,1.125909686088562,1.125909686088562,1.109939611333209,1.1179246487108854,1256358
1987-07-09,1.1418801546096802,1.177813617401538,1.1179246755646817,1.1259097131341678,1164957
1987-07-10,1.173821210861206,1.173821210861206,1.133895402404846,1.14986572578739,789734
1987-07-13,1.161842942237854,1.1778133805011402,1.1538576620501333,1.1658353991634811,1142508
1987-07-14,1.1538580656051636,1.177813792434544,1.1338952855465416,1.1618433485856898,1321301
1987-07-15,1.1498652696609497,1.1578504281846838,1.1338949526134816,1.1378875318753485,744835
1987-07-16,1.1418801546096802,1.1538578941321793,1.133895117040194,1.1538578941321793,667866
1987-07-17,1.1498652696609497,1.1498652696609497,1.1338949526134816,1.1418799890250533,618157
1987-07-20,1.1498652696609497,1.1498652696609497,1.1418799890250533,1.1418799890250533,1391054
1987-07-21,1.1538580656051636,1.1578507681515258,1.1458730268490338,1.1498656072831976,823408
1987-07-22,1.1498652696609497,1.1538577268106542,1.1378875318753485,1.1498652696609497,1933845
1987-07-23,1.1538580656051636,1.1538580656051636,1.1378878659807057,1.1418803243026714,640606
1987-07-24,1.161842942237854,1.1658353991634811,1.1498652051245062,1.1578503632000714,13629920
1987-07-27,1.1498652696609497,1.1578504281846838,1.1378875318753485,1.1578504281846838,639804
1987-07-28,1.1498652696609497,1.1498652696609497,1.1259095498654228,1.1498652696609497,330325
1987-07-29,1.1378873586654663,1.1498650946278093,1.133894780011352,1.1418798152074368,323109
1987-07-30,1.125909686088562,1.1458728290375506,1.1219173505679894,1.1418801271804466,250951
1987-07-31,1.125909686088562,1.125909686088562,1.0859838886392934,1.1179246487108854,1197829
1987-08-03,1.097961664199829,1.1259094728980563,1.097961664199829,1.1179244370323431,726395
1987-08-04,1.097961664199829,1.1139317359312555,1.097961664199829,1.1059467000655423,574862
1987-08-05,1.1019541025161743,1.1099395054687458,1.097961767376385,1.10594680399246,971733
1987-08-06,1.105947494506836,1.1099401984760244,1.0859844631098605,1.105947494506836,2123862
1987-08-07,1.0939698219299316,1.1139326104344187,1.0939698219299316,1.1099402725355711,790535
1987-08-10,1.1099395751953125,1.1139319105859007,1.0899764328962924,1.0899764328962924,1322102
1987-08-11,1.125909686088562,1.1418801271804466,1.0939691702413243,1.1019542076190008,807372
1987-08-12,1.0939698219299316,1.1458735116456975,1.0939698219299316,1.1458735116456975,5408673
1987-08-13,1.097961664199829,1.1019539989644547,1.0819912261319404,1.097961664199829,704747
1987-08-14,1.097961664199829,1.097961664199829,1.0899762619976536,1.0899762619976536,441770
1987-08-17,1.0899769067764282,1.0979623137023924,1.0859843254256722,1.0939696102394103,1554613
1987-08-18,1.1019541025161743,1.1099395054687458,1.0899763644238134,1.1019541025161743,1241125
1987-08-19,1.105947494506836,1.105947494506836,1.0899770449668074,1.1019547905376474,1439159
1987-08-20,1.0939698219299316,1.1099402725355711,1.0899771176943343,1.1059475682999738,620562
1987-08-21,1.0939698219299316,1.1059475682999738,1.0939698219299316,1.1019548640643766,2321095
1987-08-24,1.0649255514144897,1.0931622782529833,1.0649255514144897,1.0649255514144897,1153733
1987-08-25,1.0971959829330444,1.101229783529444,1.0689595021311546,1.0729931793546466,3916598
1987-08-26,1.1012308597564697,1.1052647876681134,1.081061960436422,1.1012308597564697,1465617
1987-08-27,1.0971959829330444,1.101229783529444,1.089128381740245,1.101229783529444,376827
1987-08-28,1.0891282558441162,1.101229656234472,1.0850944557139977,1.0931621793471287,368008
1987-08-31,1.0810610055923462,1.0891284841709705,1.0770270812436549,1.0850946831951986,1217873
1987-09-01,1.0689589977264404,1.0891278678185397,1.0689589977264404,1.0770264717395703,1047099
1987-09-02,1.0770272016525269,1.0770272016525269,1.0649257973723052,1.068959722171979,1266781
1987-09-03,1.072993516921997,1.089128724383786,1.0649259131911026,1.0850949225183386,293444
1987-09-04,1.0689589977264404,1.0810603938054097,1.064925075660601,1.0729926730465804,2040479
1987-09-08,1.0487899780273438,1.0770265714935396,1.0487899780273438,1.0689590967332019,612545
1987-09-09,1.0326553583145142,1.056858169118603,1.0326553583145142,1.0487906888901846,557223
1987-09-10,1.0528247356414795,1.0568584150076938,1.0245880547806798,1.0326555985725683,10342704
1987-09-11,1.0649255514144897,1.0649255514144897,1.0568578270514168,1.0608917509194058,1604322
1987-09-14,1.0689589977264404,1.0770264717395703,1.064925075660601,1.0729926730465804,1545793
1987-09-15,1.0528247356414795,1.0689600699712034,1.048790932902292,1.0608923411198548,578871
1987-09-16,1.0407228469848633,1.0528242496159372,1.0326551218578974,1.0528242496159372,1383838
1987-09-17,1.0447561740875244,1.0608914955569038,1.0407224979362735,1.0487900969845256,877125
1987-09-18,1.0568580627441406,1.0649257889064188,1.0366891791437087,1.0366891791437087,845055
1987-09-21,1.0326553583145142,1.0649258960929104,1.0326553583145142,1.060892094292229,523549
1987-09-22,1.0447561740875244,1.0528238965086516,1.0326547755151463,1.0326547755151463,847460
1987-09-23,1.060892105102539,1.0689598321590557,1.0407230958936131,1.0447567743624524,1147319
1987-09-24,1.0649255514144897,1.0649255514144897,1.0447564255661645,1.0528241499292375,1342948
1987-09-25,1.0528247356414795,1.0689600699712034,1.048790932902292,1.0608923411198548,1124068
1987-09-28,1.0568580627441406,1.0689597136740239,1.0528243847224001,1.0568580627441406,1023046
1987-09-29,1.1173654794692993,1.1294668852676741,1.052824525171685,1.056858203731528,5245114
1987-09-30,1.133500337600708,1.1415678147270474,1.1092975361029977,1.1133310896068216,2903173
1987-10-01,1.1577036380767822,1.1577036380767822,1.1294669007863252,1.1335008261474908,3808360
1987-10-02,1.2182109355926514,1.2222447384672643,1.1375346313544379,1.1536699662258671,7633557
1987-10-05,1.165771245956421,1.2020757145598953,1.1617375669007686,1.2020757145598953,1658841
1987-10-06,1.133500337600708,1.1617369393480366,1.133500337600708,1.1536692154759025,2451782
1987-10-07,1.1456019878387451,1.15366946672202,1.1254327354523992,1.1335005844544466,1904982
1987-10-08,1.1496350765228271,1.1698040696643337,1.133499882009622,1.1698040696643337,2006004
1987-10-09,1.1254328489303589,1.1536695830471038,1.1092978895369132,1.145602103350381,1007812
1987-10-12,1.1092976331710815,1.1294665128111356,1.097195984617488,1.1294665128111356,941266
1987-10-13,1.121399164199829,1.1335005674020742,1.1092977609975838,1.1294666429617368,872315
1987-10-14,1.0971959829330444,1.101229783529444,1.089128381740245,1.101229783529444,1062332
1987-10-15,1.0528247356414795,1.0971965657725429,1.0528247356414795,1.0971965657725429,1301257
1987-10-16,1.016520380973816,1.0528248565414344,1.0084528979419938,1.0528248565414344,1442366
1987-10-19,0.8793703317642212,0.9681139954169818,0.8592011462579929,0.9681139954169818,1928233
1987-10-20,0.7744914889335632,0.9076075143155965,0.6776802378762998,0.8672693696687821,1700533
1987-10-21,0.8713029623031616,0.8793707513911242,0.7825592563027945,0.7825592563027945,1852066
1987-10-22,0.8067618012428284,0.8228970656434544,0.7744912107551213,0.7744912107551213,1323706
1987-10-23,0.9035733342170715,0.9035733342170714,0.7744912707065927,0.7744912707065927,1354974
1987-10-26,0.8470999002456665,0.8713027051892339,0.8188632327917139,0.8551674402070649,1528155
1987-10-27,0.887437641620636,0.887437641620636,0.8390320530191235,0.8551670641603368,1652427
1987-10-28,0.8390324711799622,0.8793705434715255,0.822897143564999,0.8309646839995585,946879
1987-10-29,0.8672693967819214,0.8672693967819214,0.8471002004550169,0.8471002004550169,639804
1987-10-30,0.8713029623031616,0.903573563476731,0.8713029623031617,0.8753368876903808,572457
1987-11-02,0.8390324711799622,0.8834041594726527,0.8107957403834684,0.8632352775430235,2672266
1987-11-03,0.8713029623031616,0.8834043683459651,0.8228973381319481,0.8430662865168115,2564830
1987-11-04,0.8672693967819214,0.8672693967819214,0.8430663365150444,0.8632355328419488,916412
1987-11-05,0.8672693967819214,0.8955058274969367,0.8471002004550169,0.8592016072154969,1038279
1987-11-06,0.8430661559104919,0.8672692109925068,0.8390325395805317,0.8672692109925068,434554
1987-11-09,0.8309646844863892,0.8470999504243443,0.8027280153598136,0.8390324716715194,274202
1987-11-10,0.7785253524780273,0.8269312209003779,0.7785253524780273,0.8067620268091019,470633
1987-11-11,0.7704580426216125,0.7986947254578654,0.7623902515193505,0.7785255869779106,481858
1987-11-12,0.7865931987762451,0.8027282850761995,0.7744915447756293,0.8027282850761995,663857
1987-11-13,0.7744914889335632,0.7906268208160618,0.7744914889335632,0.7865931420616306,376827
1987-11-16,0.7865931987762451,0.790626877821511,0.7785254705668224,0.786593198776245,647020
1987-11-17,0.7623897790908813,0.7865928289673596,0.7462547620631284,0.7785251045508983,973337
1987-11-18,0.7664238810539246,0.7664238810539244,0.7422210723000578,0.7583563398224361,1310076
1987-11-19,0.7422212362289429,0.7664240503283052,0.742221236228943,0.7583565073149986,1126473
1987-11-20,0.7422212362289429,0.7543226432786241,0.7341534464697133,0.7502887175557689,558025
1987-11-23,0.7099505662918091,0.7341533781384982,0.7018830240293876,0.7260858358760769,909998
1987-11-24,0.7341530919075012,0.7381869539957057,0.7139841515851849,0.7180180753598403,1100817
1987-11-25,0.7664238810539246,0.7704577441993694,0.7381871474681457,0.7422210723000578,539584
1987-11-27,0.758355975151062,0.8067615693819503,0.7502881910532682,0.7906263096185501,1633185
1987-11-30,0.7002103924751282,0.7493478584131277,0.6469780750898523,0.7493478584131277,919619
1987-12-01,0.7083998918533325,0.732968624279246,0.7043050404965718,0.7206842580662892,374422
1987-12-02,0.7124942541122437,0.7124942541122437,0.6961150477861742,0.7043045570206108,915610
1987-12-03,0.7124942541122437,0.7329681211269332,0.7043045570206108,0.7043045570206108,595708
1987-12-04,0.6756417155265808,0.7124948180357347,0.6715468637397821,0.7124948180357347,828218
1987-12-07,0.7043048143386841,0.7083996643805558,0.6756414276173771,0.6756414276173771,788932
1987-12-08,0.7043048143386841,0.7043048143386842,0.6715465775755054,0.692020452070334,988570
1987-12-09,0.7206843495368958,0.728874115908986,0.6961156139926723,0.6961156139926723,1538577
1987-12-10,0.7206843495368958,0.749347936957606,0.7002104658691592,0.708399981764784,785725
1987-12-11,0.7411576509475708,0.7452522477470758,0.7124940331129781,0.728873296977642,489074
1987-12-14,0.7657269239425659,0.7698217742399799,0.7329684346587152,0.7493476479910944,529162
1987-12-15,0.7698215246200562,0.786200482165077,0.7575371655683789,0.7739161231133996,732809
1987-12-16,0.7616320252418518,0.7739163885061036,0.745252811603756,0.7739163885061036,617355
1987-12-17,0.7452526092529297,0.7739161783725512,0.7370630985861361,0.7698215795868453,844253
1987-12-18,0.7411576509475708,0.7534420049174997,0.6961148318673603,0.6961148318673603,1062332
1987-12-21,0.7534428238868713,0.7575376756135392,0.7206843231690985,0.7411584565642099,1360587
1987-12-22,0.7616320252418518,0.7657269382347891,0.7329684483395041,0.7534425749705373,990174
1987-12-23,0.7780115604400635,0.798485631266268,0.7698220448239872,0.7780115604400635,925231
1987-12-24,0.7698215246200562,0.7902953937537799,0.7698215246200563,0.7821058836717336,516333
1987-12-28,0.7452526092529297,0.7739161783725512,0.7370630985861361,0.7493474585149411,588492
1987-12-29,0.7534428238868713,0.7534428238868713,0.7288740892415484,0.7370635422184278,634994
1987-12-30,0.7616320252418518,0.769821788608633,0.745252811603756,0.745252811603756,849866
1987-12-31,0.7657269239425659,0.7780112869775312,0.7534425609076006,0.7534425609076006,608536
1988-01-04,0.8107696771621704,0.8148643394180708,0.7739163392391006,0.7739163392391006,466624
1988-01-05,0.8353384137153625,0.8599071390206813,0.8025799880700905,0.8189592008927266,901980
1988-01-06,0.8312432765960693,0.843527635008107,0.8189589181840317,0.8353381253524839,798553
1988-01-07,0.8599073886871338,0.8680969035475691,0.8148645873114261,0.8312438048896221,3324899
1988-01-08,0.8353384137153625,0.8599071390206813,0.8353384137153625,0.8599071390206813,2091792
1988-01-11,0.8189589977264404,0.8312433573316118,0.810769487275401,0.8271485081774799,424131
1988-01-12,0.823053777217865,0.8271484381682034,0.7862004510452923,0.8271484381682034,415312
1988-01-13,0.8148639798164368,0.823053676428639,0.7862003547690377,0.8189588281225378,1914603
1988-01-14,0.8066742420196533,0.8107690891630904,0.7862001315405551,0.8066742420196532,978147
1988-01-15,0.8271489143371582,0.8353386166668584,0.8107698853923906,0.8230542510296245,1572251
1988-01-18,0.8189589977264404,0.8189589977264404,0.7943902785160978,0.8189589977264404,204449
1988-01-19,0.7984854578971863,0.8189593364207105,0.7984854578971863,0.8107698225827612,287832
1988-01-20,0.7575375437736511,0.7821062741430954,0.7247790487570827,0.7821062741430954,687108
1988-01-21,0.786200761795044,0.7862007617950438,0.7616320349532694,0.7780113114193075,825813
1988-01-22,0.7780115604400635,0.798485631266268,0.7739166460842397,0.7943907795295586,1040685
1988-01-25,0.7902956008911133,0.7943904509340091,0.7739163259577073,0.7902956008911134,289435
1988-01-26,0.7739161849021912,0.7902954568502782,0.7698215860819386,0.7902954568502782,204449
1988-01-27,0.786200761795044,0.7862007617950438,0.7657269479984202,0.7780113114193075,1819995
1988-01-28,0.8066742420196533,0.8066742420196532,0.7780106877298567,0.7862001315405551,3894950
1988-01-29,0.7984854578971863,0.8066749717351356,0.7862008427352088,0.8066749717351356,1322102
1988-02-01,0.7739161849021912,0.7984851554433987,0.7739161849021913,0.7984851554433987,267788
1988-02-02,0.786200761795044,0.7862007617950438,0.7698217984244767,0.7698217984244767,874720
1988-02-03,0.786200761795044,0.7984853756923078,0.7739163983741566,0.7862007617950438,780113
1988-02-04,0.786200761795044,0.7902956748401947,0.7739163983741566,0.7862007617950438,245339
1988-02-05,0.7739161849021912,0.7902954568502782,0.7739161849021913,0.7902954568502782,141912
1988-02-08,0.782106339931488,0.782106339931488,0.7698219737134425,0.7698219737134425,294246
1988-02-09,0.7902956008911133,0.7902956008911134,0.7780112386196913,0.7780112386196913,366404
1988-02-10,0.782106339931488,0.7943907061495334,0.7739165745954657,0.7862009408135111,351973
1988-02-11,0.786200761795044,0.7943905252662512,0.7780113114193075,0.782106161845364,937257
1988-02-12,0.786200761795044,0.7862007617950438,0.7780113114193075,0.7780113114193075,446580
1988-02-16,0.782106339931488,0.7862009408135111,0.7698219737134425,0.7862009408135111,558827
1988-02-17,0.802579939365387,0.8025799393653871,0.7821060654725056,0.7862006649176398,429743
1988-02-18,0.8271489143371582,0.8271489143371581,0.7943906685903066,0.7943906685903066,601320
1988-02-19,0.8435278534889221,0.8476227033059373,0.8189591303013406,0.8189591303013406,961310
1988-02-22,0.8517175316810608,0.8558121306176164,0.827148560441995,0.8435277702362409,578069
1988-02-23,0.8558123111724854,0.8599071614492664,0.8394333483990051,0.8599071614492664,413708
1988-02-24,0.8967601656913757,0.8967601656913758,0.8394332691350385,0.855812230361926,970931
1988-02-25,0.9049497842788696,0.925423654761321,0.8844756633201141,0.8967600231810305,3148512
1988-02-26,0.8926651477813721,0.913139011918981,0.884475389221536,0.913139011918981,1855273
1988-02-29,0.9125759601593018,0.9208719610839022,0.900131768470962,0.900131768470962,1381433
1988-03-01,0.9125759601593018,0.9250201518476414,0.8959835777072228,0.9125759601593016,773698
1988-03-02,0.9167241454124451,0.9374644027696716,0.9125760178204195,0.9208720192692029,638201
1988-03-03,0.9125759601593018,0.9167240874892278,0.8959835777072228,0.9167240874892278,983760
1988-03-04,0.9001320004463196,0.9125761953416851,0.8876878055509541,0.9125761953416851,1051107
1988-03-07,0.8835397362709045,0.9084281295138182,0.8793916072965808,0.9084281295138182,866703
1988-03-08,0.8835397362709045,0.8959839328923614,0.8835397362709045,0.89183605765339,520342
1988-03-09,0.8959838151931763,0.9042801354858316,0.8835396202064271,0.8918359404990824,299858
1988-03-10,0.9084284901618958,0.9250208857787315,0.8918364117143766,0.9001324826550678,1031063
1988-03-11,0.9001320004463196,0.9084280035089047,0.8918359339499052,0.9084280035089047,981354
1988-03-14,0.9001320004463196,0.9042801288452708,0.8876878055509541,0.9042801288452708,884341
1988-03-15,0.8835397362709045,0.8959839328923614,0.8793916072965808,0.89183605765339,602122
1988-03-16,0.8876878023147583,0.8876878023147583,0.8710954156471022,0.8876878023147583,3223877
1988-03-17,0.8959838151931763,0.9084280101799255,0.8752436170829204,0.8876878120696696,3618343
1988-03-18,0.8918359875679016,0.9084280581244316,0.8835396668373876,0.8959838624809097,1700533
1988-03-21,0.871095597743988,0.8876879878801756,0.86694746849302,0.8835397951953652,1356578
1988-03-22,0.9208723306655884,0.9250205230941576,0.8752437363634488,0.879391611622826,1644410
1988-03-23,0.9457612633705139,0.9540572695734508,0.9291688703615204,0.9291688703615204,1385441
1988-03-24,0.9291689991950989,0.9416132005265101,0.912576667319355,0.9374650699821775,1234710
1988-03-25,0.871095597743988,0.9291687094852752,0.8627995929774213,0.9084281900981196,8017600
1988-03-28,0.871095597743988,0.8876879878801756,0.86694746849302,0.8752437904287984,1414305
1988-03-29,0.8627994656562805,0.8793915361748065,0.8586512735836084,0.8793915361748065,2473430
1988-03-30,0.8918359875679016,0.9001320545630832,0.8752436632760392,0.8793915381890473,1332525
1988-03-31,0.9125759601593018,0.9208719610839022,0.883539386018883,0.8959835777072228,997389
1988-04-04,0.9665015935897827,0.9706497875267764,0.9084284643184083,0.9208726655262205,1860885
1988-04-05,0.9996855854988098,1.0121297775579272,0.9789450750988361,0.9830932659861715,3119648
1988-04-06,1.0038344860076904,1.0079826177042042,0.9789460764318866,0.9955384129163022,1895361
1988-04-07,1.0038344860076904,1.0121308128345974,0.9955384129163022,0.9955384129163022,1377424
1988-04-08,1.0079818964004517,1.012130088562432,0.978945375906435,1.012130088562432,800958
1988-04-11,1.0038344860076904,1.020426822492106,1.0038344860076904,1.0121308128345974,776104
1988-04-12,1.0121294260025024,1.0204254242927326,0.9872410505290545,1.0079812365560088,493884
1988-04-13,0.9955381155014038,1.0121305104627563,0.9872421083223097,1.0121305104627563,350369
1988-04-14,0.9665015935897827,0.9955381265085392,0.9665015935897827,0.9872421192377208,1144112
1988-04-15,0.974797785282135,0.9830938548570578,0.9665014619718009,0.9665014619718009,1123266
1988-04-18,0.9830942749977112,0.9913902846842102,0.9665018750214337,0.9665018750214337,573258
1988-04-19,1.0121294260025024,1.028721739751927,1.003833110543308,1.0079812365560088,2948072
1988-04-20,1.0038344860076904,1.0162789445311111,0.9955384129163022,1.0121308128345974,792139
1988-04-21,0.9955381155014038,1.0038341861143585,0.9913899850441352,0.999686309392533,698333
1988-04-22,1.0328701734542847,1.0370183651555611,0.9913894616842401,0.9996857816529654,2706742
1988-04-25,1.0204262733459473,1.032870471436958,1.0121302681529645,1.0287225957081578,1160949
1988-04-26,1.0245740413665771,1.0287221691105854,1.016277976180018,1.016277976180018,815390
1988-04-27,1.0245740413665771,1.0287221691105854,1.0121298484360097,1.0287221691105854,546800
1988-04-28,1.0328701734542847,1.0702030106921894,1.0121299761538307,1.0162781044212796,1775898
1988-04-29,1.0577592849731445,1.0577592849731445,1.0411668924125688,1.0411668924125688,2673068
1988-05-02,1.0536106824874878,1.0577588741673603,1.0453143625615695,1.0577588741673603,493082
1988-05-03,1.0577592849731445,1.0577592849731445,1.0494629618251534,1.0577592849731445,685505
1988-05-04,1.0494626760482788,1.0577589969371168,1.0453144838869424,1.0577589969371168,1712559
1988-05-05,1.0536106824874878,1.0577588741673603,1.0453143625615695,1.0536106824874878,1455996
1988-05-06,1.0536106824874878,1.0577588741673603,1.0494625542414422,1.0494625542414422,524351
1988-05-09,1.0536106824874878,1.0536106824874878,1.0453143625615695,1.0494625542414422,914006
1988-05-10,1.045314908027649,1.0494631018721314,1.0328707070973617,1.0411670313524666,1124068
1988-05-11,1.0162783861160278,1.0453146576982493,1.0162783861160278,1.0453146576982493,877927
1988-05-12,0.9913896322250366,1.0204261544891358,0.9830936279983526,1.0204261544891358,1657238
1988-05-13,0.9913896322250366,1.003833828866577,0.9789454355834961,0.9955377612060549,1002200
1988-05-16,1.0121294260025024,1.0121294260025024,0.9913889228065841,0.9955370488192848,459408
1988-05-17,0.9872411489486694,1.0121295269032786,0.9872411489486694,1.0121295269032786,354378
1988-05-18,0.9830942749977112,0.9955384163952196,0.9830942749977113,0.9872424067087207,458607
1988-05-19,0.9955381155014038,0.9955381155014037,0.9830939778650413,0.9913899850441352,332730
1988-05-20,0.9996855854988098,0.9996855854988097,0.9913892671579535,0.9996855854988097,262176
1988-05-23,0.974797785282135,0.9996861843084619,0.9457612563175674,0.9913898609981278,428942
1988-05-24,0.9830942749977112,0.9913902846842102,0.9747982018773323,0.978946079852822,1122464
1988-05-25,0.9996855854988098,1.0079815866705917,0.9789450750988361,0.9913892671579535,1564234
1988-05-26,1.0121294260025024,1.0162775520152032,0.9955370488192848,1.003833110543308,702342
1988-05-27,0.9987019300460815,1.011290582335066,0.9987019300460815,1.011290582335066,105031
1988-05-31,1.0196833610534668,1.0196833610534668,0.9987023925295911,1.007094702934871,271797
1988-06-01,1.0238795280456543,1.0280758108480748,1.0070945251764005,1.01968318107302,865099
1988-06-02,1.0112905502319336,1.023879202121295,0.9987018983425724,1.023879202121295,511523
1988-06-03,1.0616455078125,1.0700381376830272,1.002898253782675,1.0070945366328312,1070350
1988-06-06,1.028076171875,1.0574495201047682,1.0154872548767064,1.0574495201047682,1180191
1988-06-07,1.0742342472076416,1.0784305945536286,1.0532532163501236,1.070038220712753,2605720
1988-06-08,1.1245888471603394,1.1329811547056983,1.0826265393911039,1.0826265393911039,4669450
1988-06-09,1.1203925609588623,1.132981215462586,1.11200025296346,1.1203925609588623,1884136
1988-06-10,1.1078041791915894,1.1287852751965812,1.1078041791915894,1.1203928367945846,1302860
1988-06-13,1.0994120836257935,1.1161970959638097,1.0868234206276566,1.1078046539650517,1182596
1988-06-14,1.091020107269287,1.103608774159359,1.0784314403792152,1.0994124235221283,853073
1988-06-15,1.10360848903656,1.10360848903656,1.082627382973681,1.0868234758457498,602924
1988-06-16,1.091020107269287,1.0994124235221283,1.0742350897419846,1.0952163295659778,319902
1988-06-17,1.0742342472076416,1.0742342472076416,1.057449242845012,1.057449242845012,1568243
1988-06-20,1.0826267004013062,1.0826267004013062,1.0658417619632847,1.070038108870663,595708
1988-06-21,1.0868226289749146,1.0910189752581323,1.065841603431064,1.0868226289749146,687910
1988-06-22,1.0868226289749146,1.099411282803347,1.0784303214297,1.0868226289749146,778509
1988-06-23,1.091020107269287,1.091020107269287,1.082627662675906,1.082627662675906,672677
1988-06-24,1.091020107269287,1.0994124235221283,1.0868237566320564,1.091020107269287,1091195
1988-06-27,1.0826267004013062,1.0910191375352103,1.078430481834354,1.0826267004013062,419320
1988-06-28,1.0952157974243164,1.0952157974243164,1.0784309163929644,1.0784309163929644,716773
1988-06-29,1.0784311294555664,1.091019792716187,1.0658424020246942,1.0868234432888104,400880
1988-06-30,1.0490572452545166,1.0784309153720533,1.0364685844929198,1.0784309153720533,1824806
1988-07-01,1.0490572452545166,1.053253529678621,1.0406648689170241,1.0490572452545166,559628
1988-07-05,1.057449460029602,1.0616458082374574,1.0448608004274336,1.0490571486352889,994182
1988-07-06,1.0826267004013062,1.0910191375352103,1.070038108870663,1.070038108870663,1418313
1988-07-07,1.0784311294555664,1.0868234432888104,1.0658424020246942,1.0742347800281897,333532
1988-07-08,1.0826267004013062,1.1078040118030188,1.074234134926976,1.074234134926976,630183
1988-07-11,1.0868226289749146,1.095215193200943,1.0784303214297,1.0910189752581323,428140
1988-07-12,1.0700383186340332,1.0826269126324626,1.0658419709040303,1.078430693242911,325515
1988-07-13,1.065841555595398,1.0700379016902808,1.04905662040727,1.0700379016902808,284625
1988-07-14,1.0742342472076416,1.0742342472076416,1.061645590190999,1.070038220712753,198836
1988-07-15,1.0742342472076416,1.0742342472076416,1.057449242845012,1.0742342472076416,372818
1988-07-18,1.065841555595398,1.0700379016902808,1.04905662040727,1.065841555595398,349567
1988-07-19,1.0616455078125,1.0742341638523245,1.036468195732851,1.0616455078125,318299
1988-07-20,1.0490572452545166,1.0616459060161134,1.0448608966601733,1.0616459060161134,141110
1988-07-21,1.0238795280456543,1.0406644667446943,1.01968318107302,1.0406644667446943,412906
1988-07-22,1.0196833610534668,1.040664650428469,1.0154870775103761,1.0238797087667826,311083
1988-07-25,1.0112905502319336,1.023879202121295,1.0070942045950928,1.0154865750178068,853874
1988-07-26,1.0028979778289795,1.0070942595245023,0.9987019528142448,1.0070942595245023,578871
1988-07-27,0.994506299495697,1.0028986115086216,0.986113923312535,1.0028986115086216,840245
1988-07-28,1.0070946216583252,1.0154869955565324,0.9945060287259043,0.9945060287259043,403285
1988-07-29,1.0112905502319336,1.023879202121295,1.0070942045950928,1.0154865750178068,1314085
1988-08-01,0.9987019300460815,1.0154866072541406,0.9945056484462245,1.0154866072541406,530765
1988-08-02,1.0112905502319336,1.0112905502319336,1.0028979231284456,1.0028979231284456,2101413
1988-08-03,1.0322721004486084,1.0406647323658136,1.0070947822290661,1.0070947822290661,3069137
1988-08-04,1.0448603630065918,1.0532529917385751,1.0364680551256382,1.040664337406527,1722181
1988-08-05,1.0532530546188354,1.0700380564040597,1.036468117003821,1.0448604253858036,1856876
1988-08-08,1.036468267440796,1.0490569243515653,1.036468267440796,1.0448605770408705,576465
1988-08-09,1.0070946216583252,1.040664566442695,1.0028983384538914,1.040664566442695,488272
1988-08-10,0.9987019300460815,1.011290582335066,0.9903093026761719,1.0070942365650133,610139
1988-08-11,0.9987019300460815,1.0028979549651562,0.9903093026761719,1.0028979549651562,291841
1988-08-12,1.0070946216583252,1.0070946216583252,0.9903096813512504,0.9945060287259043,974138
1988-08-15,0.977721095085144,1.0070946946229966,0.9777210950851442,0.998702384286981,489875
1988-08-16,0.9693285226821899,0.9819171772934281,0.9651321761380289,0.9819171772934281,1158543
1988-08-17,0.97352534532547,0.97352534532547,0.9693293161973806,0.97352534532547,982958
1988-08-18,0.9903097748756409,0.9987024062473248,0.9735248329834041,0.9735248329834041,2286620
1988-08-19,1.0070946216583252,1.0070946216583252,0.9987023119303381,0.9987023119303381,747240
1988-08-22,1.0019993782043457,1.0147366328498448,1.0019993782043457,1.0062452596082267,444175
1988-08-23,0.9977544546127319,1.0020000140723868,0.9935086354421496,0.9977544546127319,88995
1988-08-24,1.0147370100021362,1.0147370100021362,0.9935083742248675,0.997754192279122,423329
1988-08-25,1.0104912519454956,1.0104912519454956,0.9892622957253387,1.0062454347303835,755258
1988-08-26,1.0019993782043457,1.0062452596082267,0.997753821438918,1.0019993782043457,617355
1988-08-29,1.0147370100021362,1.0232287110383598,0.997754192279122,0.997754192279122,1470428
1988-08-30,1.006245732307434,1.0104915507781622,1.0019998489089847,1.006245732307434,589294
1988-08-31,0.9807713031768799,1.0104916456973914,0.9807713031768799,1.0019999430305568,1344552
1988-09-01,0.9807713031768799,0.9850168623355243,0.9680340413514009,0.9850168623355243,447382
1988-09-02,1.0147370100021362,1.0189828280563906,1.0019997506225171,1.0104914516587409,1875317
1988-09-06,1.0189827680587769,1.0317200266884272,1.0062455743568375,1.0104913921610987,1442366
1988-09-07,1.0189827680587769,1.0317200266884272,1.0104913921610987,1.0274742088841662,1272393
1988-09-08,0.9935082197189331,1.0147368521948201,0.9935082197189331,1.0147368521948201,2158338
1988-09-09,1.0104912519454956,1.0147368094498,0.9935081778681528,1.0019995525875693,2003598
1988-09-12,1.0274746417999268,1.0402121655072443,1.00624599832813,1.0147373778035627,1686903
1988-09-13,1.0359656810760498,1.040211497944461,1.0189825434577982,1.0359656810760498,1822401
1988-09-14,1.0359656810760498,1.0444570551020858,1.0359656810760498,1.0444570551020858,1461609
1988-09-15,1.0274746417999268,1.0359663459140513,1.0232290819176872,1.0274746417999268,1670066
1988-09-16,1.0784237384796143,1.0826696221382506,1.0189829904518355,1.0189829904518355,2426928
1988-09-19,1.0614404678344727,1.074177726957979,1.0444573258143701,1.0444573258143701,881936
1988-09-20,1.0869148969650269,1.09540653220656,1.0614403808066766,1.0614403808066766,2363589
1988-09-21,1.0784237384796143,1.0869151811582611,1.0784237384796143,1.0869151811582611,886747
1988-09-22,1.0656861066818237,1.0911606855747589,1.0614402894265824,1.086914803391815,460210
1988-09-23,1.0614404678344727,1.0614404678344727,1.0444573258143701,1.0614404678344727,806571
1988-09-26,1.0444570779800415,1.0529487768305643,1.0402115207294216,1.048702959869152,351171
1988-09-27,1.0571945905685425,1.0571945905685425,1.0402117730965563,1.0444573313771968,750447
1988-09-28,1.0784237384796143,1.0826696221382506,1.0487033969295874,1.0529492156604985,617355
1988-09-29,1.1123895645141602,1.1803220064146167,1.0826694864011184,1.0826694864011184,5035855
1988-09-30,1.103898525238037,1.1421103163555586,1.103898525238037,1.1421103163555586,1673273
1988-10-03,1.0996516942977905,1.108143325981389,1.07842300465488,1.0954060732390343,521144
1988-10-04,1.103898525238037,1.1081442798066508,1.0911612615321966,1.09965264081395,576465
1988-10-05,1.0954066514968872,1.1208811704294253,1.0826694569583333,1.1123895342631487,1313283
1988-10-06,1.1463556289672852,1.154847134830764,1.0869149580675088,1.0954065937864115,1597908
1988-10-07,1.1421098709106445,1.1718301412994594,1.129372612172581,1.1633387653295066,1018235
1988-10-10,1.1548470258712769,1.1548470258712769,1.1336182632155072,1.142109768277815,363999
1988-10-11,1.1378637552261353,1.1506010084497267,1.1293721232217075,1.142109376445299,1160147
1988-10-12,1.1548470258712769,1.1590927784024307,1.129372510684353,1.1378641456020724,2616143
1988-10-13,1.1378637552261353,1.1506010084497267,1.1251265020025438,1.1463551275198294,1822401
1988-10-14,1.1378637552261353,1.1463551275198294,1.1378637552261353,1.1463551275198294,1362190
1988-10-17,1.1463556289672852,1.1463556289672852,1.1378642529592298,1.1378642529592298,445779
1988-10-18,1.1548470258712769,1.1548470258712769,1.142109768277815,1.142109768277815,1940259
1988-10-19,1.1888134479522705,1.1973048251018215,1.1421100295693731,1.1548472900768612,4541169
1988-10-20,1.2142879962921143,1.2312711405397077,1.1845675912504088,1.1845675912504088,4527539
1988-10-21,1.1888134479522705,1.2100423453201918,1.1803220708027196,1.2015507084597588,4472217
1988-10-24,1.2142879962921143,1.222779633343633,1.171830330456297,1.18881347470389,2875913
1988-10-25,1.2142879962921143,1.2907118207676742,1.2142879962921143,1.2567456621279316,4690296
1988-10-26,1.2397621870040894,1.2397621870040894,1.1973045324996625,1.227024929609384,1885740
1988-10-27,1.1803219318389893,1.2397623440203498,1.1760760489809357,1.235516720873148,2896759
1988-10-28,1.1888134479522705,1.2057965918176958,1.1803220708027196,1.1803220708027196,2997781
1988-10-31,1.159092903137207,1.1675846688241716,1.1378642680523476,1.1675846688241716,1930638
1988-11-01,1.1463556289672852,1.1590928877625035,1.1378642529592298,1.1506015117544484,2865490
1988-11-02,1.125126838684082,1.1378640957191541,1.10814369944858,1.1378640957191541,2640196
1988-11-03,1.1293716430664062,1.1293716430664062,1.116634395258089,1.1251260236522789,1056720
1988-11-04,1.0996516942977905,1.120880578723744,1.0954060732390343,1.1166348278096256,952491
1988-11-07,1.0656861066818237,1.1038979425573754,1.0656861066818237,1.1038979425573754,590897
1988-11-08,1.0784237384796143,1.0869151811582611,1.0699320360900668,1.0784237384796143,925231
1988-11-09,1.0784237384796143,1.0869151811582611,1.0614406583391454,1.0741779197487031,599716
1988-11-10,1.0826692581176758,1.0826692581176758,1.0656861187596391,1.0826692581176758,569250
1988-11-11,1.0147370100021362,1.0741777485568358,1.0019997506225171,1.0741777485568358,1130482
1988-11-14,1.0359656810760498,1.040211497944461,1.0189825434577982,1.023228425253906,788130
1988-11-15,1.0614404678344727,1.0614404678344727,1.023228690463953,1.0402117675563418,551611
1988-11-16,1.0317201614379883,1.0656863836697381,1.0232287844312793,1.0656863836697381,1303662
1988-11-17,1.0317201614379883,1.04445742173121,1.0274743430791948,1.0402118630832944,667866
1988-11-18,1.0274746417999268,1.03172046139312,1.0147373778035627,1.03172046139312,555620
1988-11-21,1.0274746417999268,1.0274746417999268,1.0147373778035627,1.0274746417999268,688712
1988-11-22,1.0189827680587769,1.0274742088841662,1.0147369502545158,1.0274742088841662,501902
1988-11-23,1.0274746417999268,1.0359663459140513,1.0147373778035627,1.0232290819176872,1520939
1988-11-25,1.023228645324707,1.0317200211770248,1.0147369448338361,1.0317200211770248,262977
1988-11-28,1.0266653299331665,1.048143838585791,1.0266653299331665,1.039552316881039,1115248
1988-11-29,1.0438480377197266,1.0438480377197266,1.0266653228829463,1.0266653228829463,824209
1988-11-30,1.0739175081253052,1.0782132349147673,1.039552022264243,1.039552022264243,1469626
1988-12-01,1.0438480377197266,1.0696220114384791,1.0438480377197266,1.0696220114384791,695928
1988-12-02,1.06532621383667,1.0696216777100827,1.035256521522438,1.0438477120329623,776104
1988-12-05,1.0696218013763428,1.0782133213348144,1.0653263370063022,1.0696218013763428,646219
1988-12-06,1.0696218013763428,1.0782133213348144,1.0610306098725326,1.0739175942010448,495488
1988-12-07,1.0782132148742676,1.0825086788201828,1.073917488164649,1.073917488164649,400880
1988-12-08,1.0739175081253052,1.0868044914209107,1.0739175081253052,1.0739175081253052,667866
1988-12-09,1.0739175081253052,1.0825086989405215,1.0739175081253052,1.0782132349147673,416915
1988-12-12,1.0825085639953613,1.091100082194197,1.07391737425112,1.07391737425112,606932
1988-12-13,1.0825085639953613,1.0825085639953613,1.07391737425112,1.0782131005050783,466624
1988-12-14,1.0739175081253052,1.0868044914209107,1.0739175081253052,1.0782132349147673,568448
1988-12-15,1.0696218013763428,1.0696218013763428,1.0653263370063022,1.0696218013763428,1102420
1988-12-16,1.0739175081253052,1.0739175081253052,1.0610305248296998,1.0696217156449161,1509714
1988-12-19,1.0825085639953613,1.0825085639953613,1.069621582306243,1.069621582306243,444977
1988-12-20,1.0696218013763428,1.086804578529557,1.0696218013763428,1.0739175942010448,378431
1988-12-21,1.06532621383667,1.07821319667523,1.0610304871995584,1.0739174700381187,490677
1988-12-22,1.0696218013763428,1.0739175942010448,1.0653263370063022,1.0653263370063022,383241
1988-12-23,1.0567344427108765,1.0696214224743128,1.0395517373353855,1.0696214224743128,220484
1988-12-27,1.0481431484222412,1.052438873600568,1.0481431484222412,1.0481431484222412,159550
1988-12-28,1.0524386167526245,1.0567340781190333,1.0352559173054672,1.0524386167526245,254158
1988-12-29,1.0481431484222412,1.0567343360152854,1.043847357553012,1.052438873600568,761672
1988-12-30,1.0481431484222412,1.0567343360152854,1.0481431484222412,1.052438873600568,467426
1989-01-03,1.0266653299331665,1.048143838585791,1.0223698646900456,1.048143838585791,1346155
1989-01-04,1.0481431484222412,1.0567343360152854,1.026664653912412,1.0309603790907387,4487451
1989-01-05,1.0696218013763428,1.0739175942010448,1.0481436255440204,1.0567348170478308,1225089
1989-01-06,1.0996915102005005,1.108282964056647,1.065326285994276,1.065326285994276,2005202
1989-01-09,1.095395803451538,1.095395803451538,1.082508494139463,1.095395803451538,903584
1989-01-10,1.095395803451538,1.0996912666646286,1.082508494139463,1.0868042858071263,584483
1989-01-11,1.0911000967025757,1.095395888704574,1.086804370391497,1.086804370391497,250149
1989-01-12,1.0868042707443237,1.0953957882696597,1.0868042707443237,1.091099996661535,968526
1989-01-13,1.0868042707443237,1.091099996661535,1.0739172900654312,1.0868042707443237,1111239
1989-01-16,1.1082829236984253,1.11687424585986,1.0996914701551372,1.11687424585986,1239521
1989-01-17,1.1297615766525269,1.1297615766525269,1.1039876022393305,1.1125787956618354,1229098
1989-01-18,1.1168746948242188,1.1168746948242188,1.1168746948242188,1.1168746948242188,1233909
1989-01-19,1.1168746948242188,1.1211703576317182,1.0996919122123139,1.1082833692092193,971733
1989-01-20,1.1168746948242188,1.1211703576317182,1.1082833692092193,1.1125789006348128,513126
1989-01-23,1.1125781536102295,1.121169604838529,1.1125781536102295,1.121169604838529,327920
1989-01-24,1.1125781536102295,1.1125781536102295,1.0996911738405077,1.108282625068807,748844
1989-01-25,1.1168746948242188,1.1211703576317182,1.1082833692092193,1.1082833692092193,849866
1989-01-26,1.1254655122756958,1.1254655122756958,1.1082829981799391,1.1082829981799391,566844
1989-01-27,1.134056806564331,1.1512395810021012,1.0953959253794185,1.1168741635084045,1893757
1989-01-30,1.1512387990951538,1.1641257726344278,1.1254645892530966,1.1426473520205498,1505705
1989-01-31,1.1469441652297974,1.1512399587853015,1.1340571787089453,1.1469441652297974,582880
1989-02-01,1.1383525133132935,1.1555350236983797,1.1254652692244358,1.1555350236983797,1025451
1989-02-02,1.1254655122756958,1.1383527591476346,1.1125785281674816,1.1297613050269628,505911
1989-02-03,1.1039879322052002,1.1211705869496424,1.0825093510107815,1.1082835958913109,1022244
1989-02-06,1.0996915102005005,1.1168742865309353,1.0911002534171412,1.108282964056647,1092799
1989-02-07,1.1039879322052002,1.1039879322052002,1.0953966705239457,1.0953966705239457,1164156
1989-02-08,1.06532621383667,1.112578418553799,1.06532621383667,1.1082828889894618,2340338
1989-02-09,1.095395803451538,1.1082827186181259,1.0610303240921215,1.0696215132819606,2630575
1989-02-10,1.0610302686691284,1.0953957462334618,1.0567344772258562,1.0910999547901896,1267583
1989-02-13,1.0782132148742676,1.0782132148742676,1.0309607465958706,1.0309607465958706,904385
1989-02-14,1.0911000967025757,1.1082828048741313,1.0911000967025757,1.0911000967025757,1083980
1989-02-15,1.1125781536102295,1.1168739449152882,1.0868041940707858,1.0868041940707858,1419115
1989-02-16,1.1168746948242188,1.1211703576317182,1.1039877064017198,1.1125789006348128,756060
1989-02-17,1.1383525133132935,1.1469437028149196,1.1082827588393496,1.1168740797228096,1581071
1989-02-21,1.1125781536102295,1.1469435643779726,1.1125781536102295,1.1383523759133094,631787
1989-02-22,1.1039879322052002,1.1125791281954882,1.0953966705239457,1.1082835958913109,577267
1989-02-23,1.121170163154602,1.1254656938350966,1.0996917214608277,1.1125787076479623,1025451
1989-02-24,1.0911000967025757,1.125465315972928,1.0911000967025757,1.1211697867346084,1912198
1989-02-27,1.0989187955856323,1.0989187955856323,1.0772011438823548,1.0858881647097665,442572
1989-02-28,1.0989187955856323,1.1032624056340863,1.0858881647097665,1.0945751191140132,1357380
1989-03-01,1.0945746898651123,1.1032619729783766,1.0902313472126068,1.1032619729783766,279012
1989-03-02,1.1076056957244873,1.1076056957244873,1.0902313944379172,1.0902313944379172,223691
1989-03-03,1.1119493246078491,1.116293000681591,1.1032623045761611,1.107605980649903,504307
1989-03-06,1.129323959350586,1.129323959350586,1.1076063033099923,1.1249802820114743,2556011
1989-03-07,1.142354130744934,1.1466976734807193,1.1206364170660088,1.1249798269554905,1666057
1989-03-08,1.1336669921875,1.146697619784674,1.1336669921875,1.1423540772522829,621364
1989-03-09,1.1032624244689941,1.1380107076413606,1.1032624244689941,1.1380107076413606,1246737
1989-03-10,1.0858882665634155,1.1032625091173964,1.0772012449211825,1.1032625091173964,1126473
1989-03-13,1.1076056957244873,1.1076056957244873,1.0858877859047034,1.0858877859047034,758465
1989-03-14,1.1032624244689941,1.1076061010147684,1.098918814346386,1.1076061010147684,235717
1989-03-15,1.0945746898651123,1.107605647746578,1.0858877388675443,1.107605647746578,475444
1989-03-16,1.1032624244689941,1.1076061010147684,1.0815445067022866,1.098918814346386,1125671
1989-03-17,1.0902314186096191,1.0902314186096191,1.0641701653713818,1.068513508308324,1155336
1989-03-20,1.0554828643798828,1.0858877921721566,1.0554828643798828,1.0815441171907303,363197
1989-03-21,1.068513035774231,1.068513035774231,1.0598260880494466,1.0598260880494466,331127
1989-03-22,1.0554828643798828,1.0685134907853064,1.051139255821599,1.0685134907853064,852271
1989-03-23,1.0424528121948242,1.0641707341029676,1.0424528121948242,1.0641707341029676,757663
1989-03-27,1.0511391162872314,1.0511391162872314,1.038108491611569,1.0467957739980784,1737414
1989-03-28,1.0728576183319092,1.0728576183319092,1.0511396992254722,1.0511396992254722,1305265
1989-03-29,1.0511391162872314,1.0772006313310907,1.0511391162872314,1.0641700066554283,588492
1989-03-30,1.0381087064743042,1.05548294272769,1.033765363286187,1.051139333846983,1187407
1989-03-31,1.0467959642410278,1.0511393073195328,1.0337653371972013,1.0381086802757062,1787925
1989-04-03,1.0511391162872314,1.0511391162872314,1.038108491611569,1.042452099593257,660650
1989-04-04,1.0424528121948242,1.0511398348270875,1.038109201243924,1.0424528121948242,5682073
1989-04-05,1.0641703605651855,1.0728573801481909,1.0511394658633209,1.0511394658633209,3099604
1989-04-06,1.0554828643798828,1.059826539361309,1.0467959129558853,1.0554828643798828,818597
1989-04-07,1.0554828643798828,1.0641701479195929,1.051139255821599,1.051139255821599,1076764
1989-04-10,1.0772007703781128,1.0858877881934232,1.0554828605125544,1.0641701440204339,1031865
1989-04-11,1.0728576183319092,1.0772012287224648,1.068513941518183,1.0772012287224648,335937
1989-04-12,1.0641703605651855,1.0728573801481909,1.0554830752895572,1.0641703605651855,1523344
1989-04-13,1.0554828643798828,1.0641701479195929,1.051139255821599,1.059826539361309,319902
1989-04-14,1.068513035774231,1.072856708905966,1.0554824149177118,1.0641696947580672,635796
1989-04-17,1.0598266124725342,1.0728572397768645,1.0554829371914634,1.0728572397768645,2144708
1989-04-18,1.0511391162872314,1.0685133489445813,1.0467957739980784,1.0641700066554283,2862283
1989-04-19,1.0902314186096191,1.094574761546561,1.0467959301227467,1.0511392730596887,2932036
1989-04-20,1.081544041633606,1.0989183418066801,1.0685134161385073,1.0989183418066801,1647617
1989-04-21,1.1032624244689941,1.1032624244689941,1.0815445067022866,1.0858881832480611,1761467
1989-04-24,1.0989187955856323,1.120636646558406,1.0945751191140132,1.1032624056340863,2427729
1989-04-25,1.0902314186096191,1.0989184365992213,1.0772007919905005,1.0989184365992213,1628375
1989-04-26,1.0902314186096191,1.0902314186096191,1.0815441349274426,1.0902314186096191,913205
1989-04-27,1.0989187955856323,1.0989187955856323,1.0815444882381473,1.0815444882381473,1336534
1989-04-28,1.0902314186096191,1.1032620452287378,1.0902314186096191,1.094574761546561,946077
1989-05-01,1.0902314186096191,1.094574761546561,1.068513508308324,1.094574761546561,1383036
1989-05-02,1.0902314186096191,1.0989184365992213,1.0815441349274426,1.0902314186096191,631787
1989-05-03,1.0989187955856323,1.0989187955856323,1.0815444882381473,1.0858881647097665,954896
1989-05-04,1.124979853630066,1.129323529315148,1.0858879680810865,1.098918596597413,2749235
1989-05-05,1.129323959350586,1.1423545928288492,1.1249802820114743,1.129323959350586,3227886
1989-05-08,1.1466978788375854,1.151041555197563,1.129323704782984,1.129323704782984,2479844
1989-05-09,1.142354130744934,1.1597283016880744,1.133667045273364,1.1553847589522894,1472833
1989-05-10,1.1553847789764404,1.1727589502206952,1.13801047488588,1.1423541505432493,5501677
1989-05-11,1.1944769620895386,1.2161945438825632,1.1640720287481623,1.1640720287481623,7337708
1989-05-12,1.203163981437683,1.2161946109397517,1.1901333519356145,1.1988203054240103,4827397
1989-05-15,1.203163981437683,1.2118509349260789,1.1944770279492873,1.1988203054240103,1583476
1989-05-16,1.2292253971099854,1.2379126173982244,1.1988204582169821,1.1988204582169821,2733200
1989-05-17,1.2335684299468994,1.2552860043721425,1.220537805583995,1.2292247556463338,4691900
1989-05-18,1.2379119396209717,1.242255348117503,1.2292247240891268,1.242255348117503,837839
1989-05-19,1.2248815298080444,1.2379124246344404,1.22053825245608,1.2379124246344404,2080567
1989-05-22,1.2161945104599,1.229225138885401,1.2031638820343988,1.2248814632305949,1034270
1989-05-23,1.2205383777618408,1.224881655559705,1.2075077472902895,1.2118510250881538,711161
1989-05-24,1.2161945104599,1.2248814632305949,1.2118508348050938,1.2161945104599,1979545
1989-05-25,1.2118510007858276,1.2248816309960642,1.2118510007858276,1.2118510007858276,1625168
1989-05-26,1.224136233329773,1.2329116545320624,1.2153612147066746,1.2153612147066746,1044693
1989-05-30,1.2372987270355225,1.24607414656742,1.2285237100827389,1.2285237100827389,1077565
1989-05-31,1.263624668121338,1.2636246681213381,1.2329116337816826,1.2372989417297964,1572251
1989-06-01,1.3294378519058228,1.3338255609108691,1.2636242297253513,1.2636242297253513,4217258
1989-06-02,1.2899500131607056,1.3338259068537455,1.2899500131607056,1.3338259068537455,7258333
1989-06-05,1.2416869401931763,1.2899504252547092,1.2329119196829161,1.2899504252547092,1854471
1989-06-06,1.2548494338989258,1.2723998741651488,1.2372989936327028,1.2636247211285707,2267377
1989-06-07,1.263624668121338,1.2767873971240475,1.2592370917871014,1.2636246681213381,1646815
1989-06-08,1.316274881362915,1.316274881362915,1.2680114332614774,1.2680114332614774,3405075
1989-06-09,1.364538550376892,1.3996390103480336,1.3426004106383083,1.3426004106383083,6843022
1989-06-12,1.3513760566711426,1.368926088342564,1.338213331628045,1.36453878171424,3450775
1989-06-13,1.3338258266448975,1.3426008438241652,1.3250505410795466,1.3382135365240937,2260162
1989-06-14,1.3118876218795776,1.338213340526875,1.303112471792493,1.3338256312903107,1642806
1989-06-15,1.3031131029129028,1.3206635457800795,1.2943380827689448,1.3206635457800795,2012418
1989-06-16,1.316274881362915,1.316274881362915,1.2943371455975192,1.3031121593878838,1645212
1989-06-19,1.3426005840301514,1.3645387266019642,1.3162751350072133,1.3206628440373853,918817
1989-06-20,1.3777015209197998,1.3908642460982072,1.3469883613104934,1.3469883613104934,4497072
1989-06-21,1.3820899724960327,1.395252706022201,1.3733146826188132,1.3777023946539768,1703740
1989-06-22,1.3777015209197998,1.3820890959792689,1.3689261024148167,1.3820890959792689,691919
1989-06-23,1.373313546180725,1.3777012545849925,1.3645385319511798,1.3777012545849925,851469
1989-06-26,1.3820899724960327,1.382089972496033,1.3733146826188132,1.3777023946539768,1607529
1989-06-27,1.399639368057251,1.421577379209587,1.3777016252909797,1.3820892006828405,3279198
1989-06-28,1.399639368057251,1.3996393680572508,1.3864766418816687,1.3952519268584227,715972
1989-06-29,1.3338258266448975,1.39086444475795,1.3338258266448975,1.39086444475795,779311
1989-06-30,1.3118876218795776,1.338213340526875,1.2943374558984302,1.3338256312903107,2039678
1989-07-03,1.3031131029129028,1.3075008142745121,1.2987255257443804,1.3075008142745121,566844
1989-07-05,1.320663571357727,1.3250510144181353,1.29433810783674,1.311888282657642,630985
1989-07-06,1.3382141590118408,1.3426014683527265,1.3206637139103625,1.3338264470916434,1170570
1989-07-07,1.3601511716842651,1.3601511716842651,1.3338257196785113,1.3382134292058343,1034270
1989-07-10,1.373313546180725,1.3820888287962634,1.3601508235469124,1.3645385319511798,966923
1989-07-11,1.3820899724960327,1.4040278617063133,1.382089972496033,1.3996401496711497,1782313
1989-07-12,1.3952515125274658,1.3952515125274658,1.382088790260658,1.3864762301566014,1191415
1989-07-13,1.3689262866973877,1.395252008984172,1.3689262866973877,1.395252008984172,1005407
1989-07-14,1.3777015209197998,1.3777015209197998,1.351376070562985,1.3733138116673083,1757458
1989-07-17,1.390864372253418,1.3952519477108523,1.3689262265801776,1.3689262265801776,616553
1989-07-18,1.3864766359329224,1.39086434549899,1.3777016193798832,1.39086434549899,1416710
1989-07-19,1.4040268659591675,1.4084144406895203,1.3952517164984617,1.3952517164984617,4297434
1989-07-20,1.373313546180725,1.3996389914483507,1.368925837776458,1.3996389914483507,1358983
1989-07-21,1.364538550376892,1.3777012731884446,1.3601508419133765,1.3733135647249288,1223486
1989-07-24,1.3382141590118408,1.3777023585556836,1.3382141590118408,1.3689269347152884,1132085
1989-07-25,1.3513760566711426,1.368926088342564,1.3469883474637556,1.3557633632994663,1209856
1989-07-26,1.3820899724960327,1.382089972496033,1.3469892155664767,1.3557642370574814,730403
1989-07-27,1.3777015209197998,1.3820890959792689,1.3689261024148167,1.3820890959792689,1698929
1989-07-28,1.3952515125274658,1.3952515125274658,1.3733135078897936,1.3733135078897936,1269186
1989-07-31,1.399639368057251,1.4040270776421442,1.3864766418816687,1.3996393680572508,774500
1989-08-01,1.3777015209197998,1.4128019872025304,1.3689261024148167,1.3996392620241231,2762063
1989-08-02,1.3601511716842651,1.368926188159819,1.3382134292058343,1.368926188159819,828218
1989-08-03,1.3777015209197998,1.3820890959792689,1.3601510864889008,1.3645387957413924,788932
1989-08-04,1.3777015209197998,1.3864765368457157,1.3645387957413924,1.3864765368457157,640606
1989-08-07,1.399639368057251,1.3996393680572508,1.3777016252909797,1.3864766418816687,836236
1989-08-08,1.4171899557113647,1.425965241628649,1.3908645005386526,1.399639518069843,2879922
1989-08-09,1.3952515125274658,1.4171893829721456,1.39086393843853,1.4171893829721456,1442366
1989-08-10,1.3777015209197998,1.3996392620241231,1.3733138116673083,1.3996392620241231,926835
1989-08-11,1.3864766359329224,1.3996393620520293,1.3733139098138156,1.3864766359329226,1472031
1989-08-14,1.3864766359329224,1.404027071618097,1.3820891947529188,1.3820891947529188,428140
1989-08-15,1.3864766359329224,1.3952519208720258,1.3777016193798832,1.3864766359329226,822606
1989-08-16,1.3864766359329224,1.3996393620520293,1.3820891947529188,1.3864766359329226,1970726
1989-08-17,1.3513760566711426,1.3864765225930482,1.3469883474637556,1.3864765225930482,793742
1989-08-18,1.3601511716842651,1.3645388812115882,1.3513761552087111,1.3601511716842651,673478
1989-08-21,1.3592664003372192,1.3725491061020076,1.3504113985769093,1.3504113985769093,483461
1989-08-22,1.3592664003372192,1.3681214020975292,1.3548386963327406,1.3636941043416977,467426
1989-08-23,1.3725484609603882,1.3769761628837054,1.3592657614388928,1.368120759037071,455400
1989-08-24,1.3991138935089111,1.3991138935089111,1.3681207918003901,1.376976195859091,578871
1989-08-25,1.4123966693878174,1.4301070722102296,1.390258970546168,1.3991139688331302,2444566
1989-08-28,1.4301073551177979,1.4301073551177979,1.3991142456095607,1.4035419487531855,2406082
1989-08-29,1.4788106679916382,1.4876656676258706,1.447817559899,1.4566726949494158,3021032
1989-08-30,1.496520757675171,1.505375755440599,1.4655276561234774,1.4788103558958512,1879325
1989-08-31,1.5142306089401245,1.5142306089401243,1.465527516497684,1.4876652119263523,1004605
1989-09-01,1.5319406986236572,1.545223394439146,1.5142303021202248,1.5186580028081686,1646013
1989-09-05,1.5098042488098145,1.540797231190292,1.5009488401543698,1.540797231190292,2394857
1989-09-06,1.487666130065918,1.4965215387013981,1.4743834233613737,1.4965215387013981,1267583
1989-09-07,1.4788106679916382,1.5053760731428854,1.4743829650502471,1.4920933705672617,2114241
1989-09-08,1.4788106679916382,1.4876656676258706,1.447817559899,1.4876656676258706,1859281
1989-09-11,1.4743831157684326,1.4788108191624438,1.4566728438571763,1.4699555477906185,564439
1989-09-12,1.487666130065918,1.5009488367704622,1.4743834233613737,1.4743834233613737,2264170
1989-09-13,1.487666130065918,1.5053765410882023,1.4788111276791138,1.492093834383658,732007
1989-09-14,1.4743831157684326,1.487665819701875,1.4743831157684328,1.483238522556455,752051
1989-09-15,1.4566720724105835,1.4832377370408127,1.4478169411445907,1.478810035991691,1318895
1989-09-18,1.4655269384384155,1.4743819318674536,1.4478165453320748,1.4655269384384155,653434
1989-09-19,1.4743831157684326,1.4788108191624438,1.4611004118349904,1.4655281152290016,1236314
1989-09-20,1.4788106679916382,1.4832383709330292,1.4743829650502471,1.4788106679916382,412906
1989-09-21,1.496520757675171,1.5009480534336532,1.4788103558958512,1.4788103558958512,1949079
1989-09-22,1.4920921325683594,1.4965198318360586,1.4832371402811737,1.4965198318360586,671875
1989-09-25,1.4655269384384155,1.492092324973794,1.461099238599764,1.492092324973794,399276
1989-09-26,1.438962697982788,1.4566728343624107,1.438962697982788,1.4522454018296522,1273195
1989-09-27,1.4522444009780884,1.4566718304595703,1.4256787407603757,1.4478167006644012,1502498
1989-09-28,1.4610997438430786,1.465527445212814,1.4433894800286773,1.452244747352013,1245133
1989-09-29,1.4788106679916382,1.4788106679916382,1.452245262840391,1.4655279654160145,280616
1989-10-02,1.4743831157684326,1.4788108191624438,1.4655281152290016,1.4788108191624438,1324508
1989-10-03,1.4743831157684326,1.4743831157684328,1.4699555477906185,1.4699555477906185,311885
1989-10-04,1.5230863094329834,1.5230863094329834,1.4832382061335516,1.4832382061335516,4612525
1989-10-05,1.5098042488098145,1.5186592512165826,1.5053765444820921,1.5186592512165826,1239521
1989-10-06,1.5540788173675537,1.5850719128169106,1.5053754590420658,1.5098031601772266,4517918
1989-10-09,1.5762169361114502,1.5762169361114502,1.5540791034411723,1.5540791034411723,1534569
1989-10-10,1.5363695621490479,1.5717902465487767,1.5275144249031698,1.5717902465487767,1933845
1989-10-11,1.4920921325683594,1.5363679065007132,1.4832371402811737,1.5363679065007132,1381433
1989-10-12,1.505375623703003,1.5142306206935172,1.492092925093017,1.5009479220835316,1077565
1989-10-13,1.363693118095398,1.505375345869002,1.3592654172931087,1.500947645066713,1621961
1989-10-16,1.3902584314346313,1.4035411268385825,1.3017068579094042,1.3017068579094042,3603911
1989-10-17,1.4035418033599854,1.4168245051663335,1.3725486970623306,1.3814036961837208,2034867
1989-10-18,1.438962697982788,1.4433901305155468,1.4035420189749543,1.4035420189749543,1128878
1989-10-19,1.4478178024291992,1.4522455061122939,1.4389628013116271,1.4433902341623102,1552207
1989-10-20,1.4522444009780884,1.4610993953571547,1.4433891357668167,1.4566718304595703,1535370
1989-10-23,1.4301073551177979,1.4522453291711641,1.4301073551177979,1.4478176260275395,753654
1989-10-24,1.4212515354156494,1.4345342322031347,1.3814031742209454,1.4345342322031347,1238719
1989-10-25,1.4168237447738647,1.4256787391428847,1.4123960444652008,1.4123960444652008,775302
1989-10-26,1.4079699516296387,1.41682508982129,1.399114678021756,1.41682508982129,1126473
1989-10-27,1.4079699516296387,1.41682508982129,1.403542382533813,1.412397385309233,818597
1989-10-30,1.3991138935089111,1.4168242953778467,1.3946864623118713,1.3991138935089111,1407089
1989-10-31,1.4256792068481445,1.430106908609351,1.3991138087777895,1.403541510538996,1091997
1989-11-01,1.4168237447738647,1.4301064394515486,1.4168237447738647,1.4256787391428847,202845
1989-11-02,1.4212515354156494,1.4212515354156494,1.4123962688078684,1.416823969819821,279012
1989-11-03,1.3814038038253784,1.412396912538076,1.3548383981426544,1.412396912538076,4872296
1989-11-06,1.3725484609603882,1.3858311604818836,1.368120759037071,1.3814034585585664,1285221
1989-11-07,1.3681212663650513,1.3725489699302535,1.3459835610362534,1.3681212663650513,1399873
1989-11-08,1.3681212663650513,1.3725489699302535,1.3681212663650513,1.3725489699302535,448986
1989-11-09,1.3548383712768555,1.368121073854828,1.3504110745832312,1.368121073854828,280616
1989-11-10,1.323845624923706,1.3548386029042983,1.323845624923706,1.3504113054537692,1209054
1989-11-13,1.3149901628494263,1.3238452972233385,1.2884247597276897,1.3238452972233385,3358573
1989-11-14,1.3149901628494263,1.3194178654525552,1.3105625956624702,1.3149901628494263,736817
1989-11-15,1.323845624923706,1.323845624923706,1.3061354872081454,1.323845624923706,836236
1989-11-16,1.323845624923706,1.323845624923706,1.310562920074881,1.323845624923706,193224
1989-11-17,1.323845624923706,1.323845624923706,1.310562920074881,1.3194181920569708,514730
1989-11-20,1.3105624914169312,1.323845191921259,1.3061350599983172,1.323845191921259,1135292
1989-11-21,1.2839961051940918,1.3061340577976144,1.2839961051940918,1.3017063589440634,2042885
1989-11-22,1.2839961051940918,1.2884236686315846,1.2707134148816133,1.2839961051940918,556421
1989-11-24,1.3105624914169312,1.3105624914169312,1.2884246572430513,1.2884246572430513,245339
1989-11-27,1.3320178985595703,1.3320178985595703,1.3141383655057437,1.3141383655057437,1830418
1989-11-28,1.3186085224151611,1.340957634036607,1.3007289870411327,1.340957634036607,1810374
1989-11-29,1.3409568071365356,1.3409568071365356,1.3096678787676845,1.3141377256775204,1242728
1989-11-30,1.381186604499817,1.381186604499817,1.336488097369988,1.3454279355053589,1725388
1989-12-01,1.3901256322860718,1.4080050229572127,1.381185663531877,1.381185663531877,1855273
1989-12-04,1.4035353660583496,1.4169449108843344,1.3945953960890318,1.3945953960890318,1379829
1989-12-05,1.381186604499817,1.390126579344593,1.3767170272056444,1.385656591922205,792941
1989-12-06,1.399065613746643,1.4080054484933782,1.3767165053625425,1.3856560666905706,766483
1989-12-07,1.399065613746643,1.425884707858788,1.399065613746643,1.4080054484933782,410501
1989-12-08,1.4258846044540405,1.4258846044540405,1.4035354976906909,1.4035354976906909,423329
1989-12-11,1.4124752283096313,1.4571738573421897,1.4035356665543515,1.4303547619482706,772897
1989-12-12,1.4258846044540405,1.4437641359415387,1.4080053463852296,1.4080053463852296,439364
1989-12-13,1.3945958614349365,1.4348247827550566,1.3945958614349363,1.4258849465120431,2060523
1989-12-14,1.381186604499817,1.390126579344593,1.3767170272056444,1.3767170272056444,9954652
1989-12-15,1.3677771091461182,1.390126637057716,1.3498977055518973,1.390126637057716,2074153
1989-12-18,1.3633060455322266,1.3856551389529395,1.3588360627969698,1.3767155836102114,3511709
1989-12-19,1.3588379621505737,1.3767175079554486,1.3543679731672653,1.3677775299888317,3098802
1989-12-20,1.3588379621505737,1.3677775299888317,1.3498981208934098,1.3677775299888317,1986761
1989-12-21,1.381186604499817,1.385656591922205,1.3543675002219195,1.3543675002219195,1203442
1989-12-22,1.3856559991836548,1.3901259846939285,1.3767164382911474,1.3901259846939285,1092799
1989-12-26,1.3856559991836548,1.3901259846939285,1.381186013673381,1.3901259846939285,354378
1989-12-27,1.3856559991836548,1.3901259846939285,1.3767164382911474,1.3856559991836548,208458
1989-12-28,1.3722472190856934,1.3856567729767795,1.3543676771881554,1.3856567729767795,612545
1989-12-29,1.381186604499817,1.381186604499817,1.367777052360868,1.3767170272056444,961310
1990-01-02,1.4214158058166504,1.4214158058166502,1.3767172901496956,1.3811868682975283,1301257
1990-01-03,1.452704668045044,1.452704668045044,1.4214155754399411,1.4214155754399411,833830
1990-01-04,1.4080049991607666,1.4527036117924874,1.4080049991607666,1.4527036117924874,874720
1990-01-05,1.4124752283096313,1.416945214251311,1.3990656806126718,1.3990656806126718,539584
1990-01-08,1.4303542375564575,1.4348240851500562,1.403535151994864,1.403535151994864,419320
1990-01-09,1.4035353660583496,1.443764000536304,1.4035353660583496,1.4348243039856474,958103
1990-01-10,1.3498966693878174,1.3990651282402315,1.3275474320500409,1.3990651282402315,1435952
1990-01-11,1.3588379621505737,1.3633079511338821,1.3543679731672653,1.3588379621505737,779311
1990-01-12,1.3141382932662964,1.3320178253372679,1.3051984588761365,1.327547839787514,1210658
1990-01-15,1.2560302019119263,1.3096683855870193,1.2515602165629935,1.3096683855870193,1925026
1990-01-16,1.2649707794189453,1.2649707794189453,1.2336816770784846,1.2426216549633906,3049895
1990-01-17,1.2336804866790771,1.2739093913774335,1.2336804866790771,1.2739093913774335,1313283
1990-01-18,1.2247406244277954,1.2247406244277954,1.2023912536500538,1.2247406244277954,2025246
1990-01-19,1.2336804866790771,1.2470900304389827,1.2158010949992029,1.2202709429191714,768086
1990-01-22,1.1800427436828613,1.2292113622230263,1.1800427436828613,1.2247413759571633,944473
1990-01-23,1.1487536430358887,1.175572736785326,1.1174645636188603,1.1711027511177348,1896162
1990-01-24,1.1442843675613403,1.1621639112004787,1.0727666031330962,1.0995857135276492,4520323
1990-01-25,1.15769362449646,1.1800430141100435,1.1442840727539507,1.1532239106250248,1125671
1990-01-26,1.16216242313385,1.1845117898886335,1.135343278724593,1.1576924404154842,2147915
1990-01-29,1.1845123767852783,1.193451936523557,1.1621629989569298,1.1621629989569298,565241
1990-01-30,1.1845123767852783,1.188982088299753,1.1711025586952084,1.1800423918521454,970130
1990-01-31,1.1979219913482666,1.2068615516081151,1.171102627022036,1.1889821576697441,1838436
1990-02-01,1.1889827251434326,1.1934525757613808,1.1666334720536922,1.1934525757613808,632589
1990-02-02,1.2113319635391235,1.2158016768890032,1.1845128631835338,1.1845128631835338,978949
1990-02-05,1.2247406244277954,1.2336801813458917,1.2158007940911273,1.2202706409048183,456201
1990-02-06,1.2739099264144897,1.2739099264144897,1.2247414419349496,1.2292114284416145,1068746
1990-02-07,1.2694395780563354,1.2694395780563357,1.2515600491798309,1.2649695933052167,1428736
1990-02-08,1.2560302019119263,1.260499777132834,1.2426206559931532,1.260499777132834,725593
1990-02-09,1.2470905780792236,1.2560305512636492,1.233681028430725,1.2560305512636492,1273195
1990-02-12,1.2113319635391235,1.2426210506633635,1.2113319635391235,1.2381510638947133,340748
1990-02-13,1.1979219913482666,1.2247410822558233,1.1979219913482668,1.211331536802045,745637
1990-02-14,1.2068616151809692,1.2113316006103607,1.197922054450219,1.197922054450219,894764
1990-02-15,1.1845123767852783,1.2068614811949685,1.1800423918521454,1.2068614811949685,1237116
1990-02-16,1.1711030006408691,1.19345238690333,1.1711030006408691,1.19345238690333,1427133
1990-02-20,1.1532230377197266,1.1755722737071754,1.1532230377197266,1.171102289800388,974138
1990-02-21,1.1398144960403442,1.1532239802375956,1.1129950491629086,1.1442841418268823,1527353
1990-02-22,1.1085249185562134,1.1487536269725147,1.1085249185562134,1.1487536269725147,833830
1990-02-23,1.090645432472229,1.108524896046793,1.0817055297982632,1.095115349631875,1686101
1990-02-26,1.094262957572937,1.098784765621873,1.0761762094145724,1.098784765621873,1353371
1990-02-27,1.1033062934875488,1.116871505894716,1.0897410810803818,1.0897410810803818,1714965
1990-02-28,1.1213933229446411,1.1259148530112368,1.1078281104112724,1.1123496404778679,776905
1990-03-01,1.1575675010681152,1.1711327176700226,1.121393659277892,1.1259151907006049,1532163
1990-03-02,1.1801756620407104,1.1846972600382928,1.1711320511566026,1.1846972600382928,1805564
1990-03-05,1.1982630491256714,1.211828261444483,1.1756542236313026,1.1801759610709064,1706947
1990-03-06,1.2118278741836548,1.2118278741836548,1.193740791908934,1.2073059998927458,943672
1990-03-07,1.1801756620407104,1.211827954394302,1.1801756620407104,1.211827954394302,596509
1990-03-08,1.2027851343154907,1.2118287511455816,1.184698038951714,1.184698038951714,485065
1990-03-09,1.1756534576416016,1.2208708025765607,1.1756534576416016,1.2118274718858282,276607
1990-03-12,1.184698224067688,1.193741842310897,1.175654882417333,1.175654882417333,225295
1990-03-13,1.1530462503433228,1.189220100939719,1.1394806846980274,1.1801766210035665,315893
1990-03-14,1.125914454460144,1.1485233414571945,1.116871120935408,1.1485233414571945,472237
1990-03-15,1.1575675010681152,1.1620893782318107,1.1304370678643003,1.1349588758797995,1417512
1990-03-16,1.189219355583191,1.2118281795496653,1.1756541441811104,1.2118281795496653,1054314
1990-03-19,1.189219355583191,1.1937410927172178,1.184697480152824,1.1937410927172178,622968
1990-03-20,1.189219355583191,1.1982629681475847,1.184697480152824,1.1937410927172178,448184
1990-03-21,1.184698224067688,1.193741842310897,1.184698224067688,1.189220102337506,153136
1990-03-22,1.1440023183822632,1.1756546296881647,1.1349589095277461,1.1575675353863364,3722572
1990-03-23,1.1213933229446411,1.14400194135208,1.1123496404778679,1.1394800655446056,4553997
1990-03-26,1.1213933229446411,1.13495853547801,1.1213933229446411,1.1304367288187114,1492877
1990-03-27,1.1485236883163452,1.1485236883163452,1.1168714582354478,1.1259147944913106,441770
1990-03-28,1.1530462503433228,1.1620896611312619,1.1485243720788199,1.1530462503433228,1054314
1990-03-29,1.162089467048645,1.1666112062615375,1.1440023719006713,1.1485241802617656,849866
1990-03-30,1.1666111946105957,1.1666111946105957,1.1394804830113876,1.1575675779787256,1016632
1990-04-02,1.1440023183822632,1.1575675353863364,1.1394804410845083,1.1575675353863364,830623
1990-04-03,1.189219355583191,1.189219355583191,1.148523652228779,1.1530455276591458,684703
1990-04-04,1.189219355583191,1.1937410927172178,1.1756541441811104,1.184697480152824,837839
1990-04-05,1.1666111946105957,1.1937416296169994,1.1666111946105957,1.1937416296169994,2030056
1990-04-06,1.1575675010681152,1.1711327176700226,1.1485240924817068,1.1666111170991131,307876
1990-04-09,1.1575675010681152,1.1982634274666235,1.1575675010681152,1.1756545948337183,3825197
1990-04-10,1.1575675010681152,1.1620893782318107,1.1394804073025122,1.1485240924817068,1632383
1990-04-11,1.1394799947738647,1.1530455522055838,1.134958464988092,1.1485236766789535,1438357
1990-04-12,1.1440023183822632,1.1485241265318196,1.1394804410845083,1.1440023183822632,1066341
1990-04-16,1.1394799947738647,1.1530455522055838,1.1394799947738647,1.1440018703004948,1476040
1990-04-17,1.1394799947738647,1.1394799947738647,1.1168714469187715,1.1304366586096333,2573650
1990-04-18,1.1394799947738647,1.1575670819913564,1.1304366586096333,1.1485236766789535,2489465
1990-04-19,1.125914454460144,1.1440015363985239,1.1213929259940787,1.130436328666966,1655634
1990-04-20,1.1394799947738647,1.1394799947738647,1.1213932532972304,1.1213932532972304,825813
1990-04-23,1.11687171459198,1.1304369295339265,1.11687171459198,1.1304369295339265,848262
1990-04-24,1.1033062934875488,1.1213933125119468,1.0987844177221429,1.1213933125119468,2687500
1990-04-25,1.094262957572937,1.1123499823240899,1.094262957572937,1.098784765621873,982958
1990-04-26,1.0671327114105225,1.094263149575337,1.0626111791610142,1.094263149575337,2559218
1990-04-27,1.0897411108016968,1.1213933430965368,1.0535670026181225,1.0671322153952638,2823799
1990-04-30,1.085219383239746,1.085219383239746,1.0761760451153044,1.085219383239746,1478445
1990-05-01,1.0761762857437134,1.0852196258902074,1.0761762857437134,1.0852196258902074,1247539
1990-05-02,1.0490446090698242,1.0716534918294478,1.0490446090698242,1.0716534918294478,2483051
1990-05-03,1.0490446090698242,1.0490446090698242,1.0445230814511977,1.0490446090698242,3450775
1990-05-04,1.085219383239746,1.0897412597465266,1.0580890231254882,1.0580890231254882,3097199
1990-05-07,1.125914454460144,1.125914454460144,1.0852188312654705,1.0942622339383579,2001193
1990-05-08,1.2027851343154907,1.2027851343154907,1.148524193965174,1.148524193965174,4192403
1990-05-09,1.1711323261260986,1.202784625911316,1.15756711405944,1.202784625911316,2052506
1990-05-10,1.1530462503433228,1.1756548810354903,1.1440025629625303,1.1756548810354903,1028658
1990-05-11,1.1756534576416016,1.1756534576416016,1.1485229815324967,1.1575663813713588,2966512
1990-05-14,1.1982630491256714,1.2073063857085298,1.1801759610709064,1.184697560214161,1750242
1990-05-15,1.189219355583191,1.1937410927172178,1.184697480152824,1.189219355583191,461012
1990-05-16,1.184698224067688,1.2073070622310698,1.180176622390724,1.189220102337506,871513
1990-05-17,1.2027851343154907,1.2073068735823336,1.1892199165149622,1.1892199165149622,384043
1990-05-18,1.2253937721252441,1.2253937721252441,1.1982633408818353,1.2118285565035398,702342
1990-05-21,1.2389585971832275,1.2525238085286958,1.2208715104262635,1.225393385837759,1012623
1990-05-22,1.2299154996871948,1.2480024557217837,1.2253938989749449,1.2434809933059312,850667
1990-05-23,1.2344372272491455,1.2389591045122597,1.2253938876121055,1.2389591045122597,582078
1990-05-24,1.2208716869354248,1.238958776307354,1.2163499491665324,1.238958776307354,1083980
1990-05-25,1.201681137084961,1.2108195172994396,1.1971118771049507,1.2062502573194294,584483
1990-05-29,1.2108198404312134,1.2153888221394653,1.2016814577779722,1.2016814577779722,287832
1990-05-30,1.1925427913665771,1.2199575103538656,1.1834044119586182,1.2199575103538656,1799149
1990-05-31,1.1696977615356445,1.1834051293386938,1.1605595862064186,1.1788361464832915,1503300
1990-06-01,1.1651290655136108,1.1788363659963117,1.1605598023161305,1.1696979793469908,1487265
1990-06-04,1.1651290655136108,1.1696979793469908,1.15599060899147,1.15599060899147,1818392
1990-06-05,1.174267053604126,1.174267053604126,1.160559615581321,1.169697791141843,3060318
1990-06-06,1.1651290655136108,1.1696979793469908,1.1605598023161305,1.1696979793469908,578069
1990-06-07,1.1468515396118164,1.1696970692224176,1.1331441799217963,1.1651281589440414,1225089
1990-06-08,1.1240063905715942,1.15599038837612,1.1240063905715942,1.151421126050662,882738
1990-06-11,1.1422827243804932,1.1422827243804932,1.1148679960115568,1.1148679960115568,445779
1990-06-12,1.1696977615356445,1.1696977615356445,1.142283025929546,1.1514211313859646,1194622
1990-06-13,1.160559058189392,1.1651283184571564,1.160559058189392,1.160559058189392,682298
1990-06-14,1.160559058189392,1.1696972293610441,1.160559058189392,1.160559058189392,489875
1990-06-15,1.1788361072540283,1.1788361072540283,1.1605595475853623,1.1605595475853623,1937052
1990-06-18,1.1696977615356445,1.1788361464832915,1.1696977615356445,1.174267023882275,277409
1990-06-19,1.160559058189392,1.1788356101510218,1.1559898677944032,1.1696972293610441,2890345
1990-06-20,1.1651290655136108,1.1788363659963117,1.1605598023161305,1.1605598023161305,773698
1990-06-21,1.1696977615356445,1.1879743916853243,1.1651288485530493,1.1696977615356445,1048702
1990-06-22,1.1468515396118164,1.1742663288646222,1.1422823498423773,1.1696970692224176,1807167
1990-06-25,1.1240063905715942,1.15599038837612,1.1240063905715942,1.15599038837612,512325
1990-06-26,1.1285755634307861,1.133144755521221,1.1240063014675499,1.1285755634307861,1636392
1990-06-27,1.1240063905715942,1.1331448453497037,1.1194374776101699,1.1331448453497037,942068
1990-06-28,1.110298752784729,1.1194372053401802,1.110298752784729,1.1148680139988494,514730
1990-06-29,1.0965914726257324,1.110298838084436,1.0965914726257324,1.110298838084436,926033
1990-07-02,1.092022180557251,1.101160632974787,1.0874532687760323,1.101160632974787,1391054
1990-07-03,1.0737459659576416,1.0920222429823732,1.0691767744240714,1.0920222429823732,1042288
1990-07-05,1.050899863243103,1.0691764846788612,1.050899863243103,1.0691764846788612,2044488
1990-07-06,1.0417624711990356,1.0554698417963504,1.0371932079209547,1.0554698417963504,687108
1990-07-09,1.0646072626113892,1.0691765229430161,1.037192539094943,1.037192539094943,638201
1990-07-10,1.0600377321243286,1.0737453689766594,1.0600377321243286,1.0737453689766594,2000391
1990-07-11,1.028055191040039,1.060038848962255,1.0234859273599988,1.060038848962255,1777502
1990-07-12,1.028055191040039,1.0326241053559422,1.0143474698727453,1.028055191040039,1374217
1990-07-13,1.0189162492752075,1.0371928061989681,1.0143469877668774,1.0280547024190736,1679687
1990-07-16,1.037192940711975,1.037192940711975,1.0143471193170215,1.0143471193170215,1470428
1990-07-17,1.028055191040039,1.0417625628431955,1.0234859273599988,1.0371932991631552,922024
1990-07-18,0.9686554074287415,1.0234851314970341,0.9686554074287416,1.0234851314970341,1382234
1990-07-19,0.9823634028434753,0.9823634028434753,0.9549483911628848,0.9549483911628848,1346155
1990-07-20,1.028055191040039,1.0417625628431955,0.9869327262664325,0.9915019899464729,948482
1990-07-23,1.0143476724624634,1.0280553963675205,1.0006402979216134,1.0280553963675205,630985
1990-07-24,1.000639796257019,1.0143471639257646,1.000639796257019,1.0097782509879354,543593
1990-07-25,0.9915019273757935,0.9915019273757936,0.9777945564376677,0.9915019273757936,1767881
1990-07-26,1.028055191040039,1.0371932991631552,0.9823638119505294,0.9869327262664325,2632980
1990-07-27,1.037192940711975,1.046331115549789,1.0234855736460489,1.0234855736460489,2139898
1990-07-30,1.0691766738891602,1.0691766738891602,1.0371926855255942,1.0509000492190201,1342146
1990-07-31,1.050899863243103,1.0737456749741876,1.0326233116801184,1.0600380342154345,715170
1990-08-01,1.050899863243103,1.064607224510761,1.0463306729477766,1.0600380342154345,1420719
1990-08-02,1.0828841924667358,1.1148681155321531,1.0691768268127553,1.1057296621444443,2582469
1990-08-03,1.028055191040039,1.0920227863757808,1.0143474698727453,1.0920227863757808,1592295
1990-08-06,0.9869322180747986,1.0006395828197518,0.9777941146570793,0.9960706708564753,1320499
1990-08-07,0.9823634028434753,1.0052089431285078,0.9686557572575833,0.9869323152566464,568448
1990-08-08,0.9915019273757935,0.9960711208946585,0.9823637499565328,0.9869326639841054,711963
1990-08-09,0.9869322180747986,0.9915014794020326,0.9823633061115219,0.9915014794020326,562836
1990-08-10,0.9777941107749939,0.9869322141564326,0.977794110774994,0.977794110774994,388052
1990-08-13,0.9823634028434753,0.9869323152566464,0.9777942109391108,0.9869323152566464,327920
1990-08-14,0.9869322180747986,0.9960706708564753,0.9777941146570793,0.9915014794020326,445779
1990-08-15,0.9869322180747986,1.0006395828197518,0.9823633061115219,0.9823633061115219,2248135
1990-08-16,0.9686554074287415,0.986931958827248,0.9686554074287416,0.9823630480641341,832227
1990-08-17,0.9092572331428528,0.9595177225414755,0.904688250192742,0.9549485299729392,1580269
1990-08-20,0.9083306193351746,0.9175994220620496,0.8990620292182744,0.8990620292182744,1460807
1990-08-21,0.8897928595542908,0.8990617300670601,0.8712557563584645,0.8944273302456595,1972330
1990-08-22,0.8990623950958252,0.931502792621706,0.8805249947081702,0.9036967983452543,4234095
1990-08-23,0.8573525547981262,0.8851585215432982,0.8573525547981262,0.8851585215432982,2179184
1990-08-24,0.8897928595542908,0.8897928595542908,0.8619868858456952,0.8712557563584645,1640401
1990-08-27,0.9361364245414734,0.940770825024927,0.922233435701047,0.9268678361845006,2038876
1990-08-28,0.9454048275947571,0.963942279986344,0.9222330475402475,0.9268674460731184,1132085
1990-08-29,0.9546736478805542,0.9593080475582457,0.9454050611350688,0.9454050611350688,723188
1990-08-30,0.9407706260681152,0.9593080114716569,0.9407706260681152,0.954673611968299,578871
1990-08-31,0.9454048275947571,0.945404827594757,0.9315018446059893,0.9407704290618861,508316
1990-09-04,0.9454048275947571,0.9546734120506538,0.9361360305290152,0.9546734120506538,307876
1990-09-05,0.9639420509338379,0.9685761648857544,0.9454046029471308,0.9546731852006214,1062332
1990-09-06,0.9685767292976379,0.9732111294298518,0.9546737415109149,0.9639426126453153,1143310
1990-09-07,0.9685767292976379,0.9732111294298518,0.9593081416431287,0.9685767292976379,572457
1990-09-10,0.9546736478805542,0.9732110339814225,0.9546736478805542,0.9685766343037311,566043
1990-09-11,0.9593077301979065,0.9639421992123783,0.954673332053377,0.954673332053377,351973
1990-09-12,0.9685767292976379,0.9685767292976379,0.9639426126453153,0.9639426126453153,709558
1990-09-13,0.9593077301979065,0.9685763138771382,0.954673332053377,0.9685763138771382,244537
1990-09-14,0.9639420509338379,0.9639420509338379,0.9500390712487049,0.9593075826322639,891557
1990-09-17,0.9685767292976379,0.9685767292976379,0.9546737415109149,0.9546737415109149,1148120
1990-09-18,0.9685767292976379,0.9685767292976379,0.9546737415109149,0.9685767292976379,1036676
1990-09-19,0.9593077301979065,0.9685763138771382,0.9500392173886172,0.9685763138771382,521946
1990-09-20,0.9500393867492676,0.9639423710514717,0.9454049169086228,0.959307901210827,721584
1990-09-21,0.9407706260681152,0.950039495944794,0.9361362265647574,0.950039495944794,1100015
1990-09-24,0.9454048275947571,0.9546734120506538,0.9361360305290152,0.9407704290618861,1677282
1990-09-25,0.9500393867492676,0.9546735022401371,0.9407705179379331,0.9454049169086228,1135292
1990-09-26,0.9593077301979065,0.9685763138771382,0.9500392173886172,0.9500392173886172,942068
1990-09-27,0.9593077301979065,0.9685763138771382,0.9500392173886172,0.9639421992123783,943672
1990-09-28,0.9639420509338379,0.9639420509338379,0.9315016232619978,0.9500390712487049,517135
1990-10-01,0.9732109308242798,0.9778454008806986,0.954673546688313,0.954673546688313,1285221
1990-10-02,1.0056513547897339,1.0149198695354509,0.9732109153501092,0.9732109153501092,1128878
1990-10-03,1.042726755142212,1.05662974736131,1.0056518966146304,1.0056518966146304,824209
1990-10-04,1.084434986114502,1.093703499480645,1.0334571704214615,1.0380915688444263,1547397
1990-10-05,1.0798003673553467,1.0890692337882242,1.0658973866207462,1.084434836006754,577267
1990-10-08,1.0658977031707764,1.0890695572198257,1.0566291883350218,1.0751662888764886,492281
1990-10-09,1.0010170936584473,1.0658979152044246,0.9917485769789539,1.0566293985249313,1763070
1990-10-10,0.9917482137680054,1.001016727053063,0.9824793461332174,0.9963826121504263,707954
1990-10-11,0.9639420509338379,0.9963824077357466,0.9639420509338379,0.9963824077357466,772897
1990-10-12,0.9917482137680054,0.9917482137680054,0.9639422486931561,0.9732107619782138,903584
1990-10-15,1.014919400215149,1.014919400215149,0.9963823084257029,0.9963823084257029,771293
1990-10-16,1.028823733329773,1.0334582072723728,1.024189613737262,1.024189613737262,344757
1990-10-17,0.9963831305503845,1.0334576990694588,0.9917487297567695,1.0288232274058609,1478445
1990-10-18,1.0056513547897339,1.0056513547897339,0.9824795009657834,1.0010168848070036,705549
1990-10-19,1.0519951581954956,1.0519951581954956,1.0241891768415075,1.0288232944572095,1314886
1990-10-22,1.0566296577453613,1.0566296577453613,1.0427266667054178,1.0519951856587346,222088
1990-10-23,1.0334569215774536,1.0519942981958956,1.0334569215774536,1.0519942981958956,262176
1990-10-24,1.0241886377334595,1.0334572224360432,1.0195542390772423,1.0334572224360432,156343
1990-10-25,1.019554853439331,1.0288233728569773,1.014920381120529,1.014920381120529,270995
1990-10-26,1.028823733329773,1.0334582072723728,1.01492073672208,1.01955521066468,287832
1990-10-29,1.028823733329773,1.0334582072723728,1.024189613737262,1.024189613737262,232510
1990-10-30,1.0380916595458984,1.0427261292437389,1.0241886756720946,1.0380916595458984,588492
1990-10-31,1.042726755142212,1.0519952748816197,1.0380922826625216,1.0380922826625216,343955
1990-11-01,1.0566296577453613,1.0751667665219846,1.0427266667054178,1.0427266667054178,1358983
1990-11-02,1.0658977031707764,1.0705321731985273,1.0566291883350218,1.0566291883350218,1043892
1990-11-05,1.1261441707611084,1.1354130410082262,1.0566293093519266,1.0566293093519266,1551406
1990-11-06,1.09833824634552,1.121509748226618,1.09833824634552,1.121509748226618,632589
1990-11-07,1.0658977031707764,1.098338142925538,1.0658977031707764,1.0937036728977871,302264
1990-11-08,1.0658977031707764,1.0705321731985273,1.0566291883350218,1.0705321731985273,434554
1990-11-09,1.075165867805481,1.075165867805481,1.0612628883868485,1.0658972857296563,652633
1990-11-12,1.0705320835113525,1.0844350672100922,1.0705320835113525,1.0798005975706084,420122
1990-11-13,1.0566296577453613,1.0658981766986784,1.0473607844420973,1.061263775482041,380034
1990-11-14,1.0566296577453613,1.0705326487853049,1.0566296577453613,1.0658981766986784,421726
1990-11-15,1.0566296577453613,1.0705326487853049,1.0519951856587346,1.0566296577453613,715972
1990-11-16,1.0473601818084717,1.0705320328189816,1.0241886142777563,1.0612631648488702,2204038
1990-11-19,1.084434986114502,1.084434986114502,1.0566290207963926,1.0566290207963926,428140
1990-11-20,1.0473601818084717,1.0983379988997783,1.0473601818084717,1.0937035294797484,529162
1990-11-21,1.0612633228302002,1.0612633228302002,1.0473603377201814,1.0566292070700716,562034
1990-11-23,1.0519951581954956,1.0612637477768374,1.0427266394841412,1.0519951581954956,1885740
1990-11-26,1.0510563850402832,1.0510563850402832,1.036979766817509,1.0510563850402832,697531
1990-11-27,1.046364426612854,1.051056705874474,1.0369800833548224,1.051056705874474,663857
1990-11-28,1.0229029655456543,1.0510561969531655,1.0229029655456543,1.0463639199635455,312686
1990-11-29,1.018210530281067,1.0322871437966938,0.9994415687501835,1.0229028065412995,237321
1990-11-30,1.0416722297668457,1.0510568614341096,1.0041347076689122,1.0135189805607754,468228
1990-12-03,1.004134178161621,1.0510563071835024,0.9947495514431265,1.0463640297017762,563637
1990-12-04,1.008826494216919,1.008826494216919,0.9853652494213064,0.9947495894784523,592501
1990-12-05,1.0135185718536377,1.018210921672593,0.9947496748631753,0.9994419529270794,588492
1990-12-06,0.971288800239563,1.0229032894278152,0.9665965217642255,1.0229032894278152,1464014
1990-12-07,0.971288800239563,0.9759811504699579,0.971288800239563,0.971288800239563,1031063
1990-12-10,0.971288800239563,0.9759811504699579,0.961904530309118,0.971288800239563,772095
1990-12-11,0.9759808778762817,0.9947494842501148,0.9665962517916967,0.9665962517916967,363197
1990-12-12,1.0229029655456543,1.0229029655456543,0.9759808414447674,0.9759808414447674,804967
1990-12-13,1.032287359237671,1.0369796364771935,1.0182107427842184,1.0229030200237412,355180
1990-12-14,1.032287359237671,1.032287359237671,1.0088264035702887,1.0229030200237412,309479
1990-12-17,1.018210530281067,1.0275947957814378,1.0135181822658106,1.0229028065412995,279814
1990-12-18,1.0229029655456543,1.0229029655456543,1.0088263498418986,1.0182106885560342,483461
1990-12-19,0.9900583624839783,1.0229039009159353,0.9853660094485122,1.0182116196355697,395268
1990-12-20,0.9759808778762817,0.9853651451856795,0.9712885289564706,0.9806728680209057,756861
1990-12-21,0.9853652715682983,0.9947496118363659,0.9759810030552775,0.9900576210899488,1242728
1990-12-24,0.971288800239563,0.9806731419250654,0.971288800239563,0.9806731419250654,283823
1990-12-26,0.9900583624839783,0.9900583624839783,0.9712893808727164,0.9712893808727164,776905
1990-12-27,0.971288800239563,0.9853654204004029,0.971288800239563,0.9806731419250654,756060
1990-12-28,0.9759808778762817,0.9806728680209057,0.9665962517916967,0.9759808778762817,963716
1990-12-31,0.971288800239563,0.9759811504699579,0.9665965217642255,0.971288800239563,984561
1991-01-02,0.9806730151176453,0.9806730151176453,0.9665963967770039,0.9665963967770039,526756
1991-01-03,0.9947494268417358,0.9947494268417358,0.9712884729020561,0.9759808215510654,1160949
1991-01-04,0.9900583624839783,0.999442638024308,0.9712893808727164,0.9947503567439423,725593
1991-01-07,0.9619045257568359,0.9853654157370904,0.9619045257568359,0.9853654157370904,788130
1991-01-08,0.971288800239563,0.971288800239563,0.9525199016033856,0.961904530309118,957301
1991-01-09,0.9665964245796204,1.0041342898328591,0.9619044335962602,0.9759810523417932,834632
1991-01-10,0.9806730151176453,0.9853652929862405,0.957212056304958,0.9665963967770039,523549
1991-01-11,0.9994416236877441,0.9994416236877443,0.9806727328801913,0.9806727328801913,312686
1991-01-14,0.9853652715682983,0.9900576210899488,0.9759810030552775,0.9900576210899488,331127
1991-01-15,0.9853652715682983,0.9900576210899488,0.9759810030552775,0.9900576210899488,305471
1991-01-16,0.9759808778762817,0.9853651451856795,0.9759808778762817,0.9853651451856795,357585
1991-01-17,0.9947494268417358,1.008826329278697,0.9759808215510654,0.9853650883188839,620562
1991-01-18,1.0839024782180786,1.0839024782180786,0.9759814727497651,0.9759814727497651,666263
1991-01-21,1.046364426612854,1.0745176716521572,1.0369800833548224,1.0698256794108152,279012
1991-01-22,1.027595043182373,1.0463640092320206,1.0229030528126042,1.0463640092320206,381638
1991-01-23,1.027595043182373,1.0416716600870473,0.9947495319830919,1.018210775422672,440968
1991-01-24,1.032287359237671,1.0369796364771935,1.0229030200237412,1.032287359237671,374422
1991-01-25,1.0135185718536377,1.0369798186630554,1.0088265808099386,1.022903199736497,321506
1991-01-28,0.9853652715682983,1.0229031349258952,0.9853652715682983,1.0229031349258952,224493
1991-01-29,1.004134178161621,1.004134178161621,0.9759809438015178,0.985365211744801,786527
1991-01-30,0.9759808778762817,1.0229030037286826,0.9665962517916967,0.9994417614148885,2069343
1991-01-31,0.9853652715682983,0.9994418896029696,0.9665963757670233,0.9759810030552775,827416
1991-02-01,0.971288800239563,0.9994420405612428,0.961904530309118,0.9994420405612428,493082
1991-02-04,0.9806730151176453,0.9853652929862405,0.9665963967770039,0.9759810242692428,1342146
1991-02-05,0.9900583624839783,1.0041349910597739,0.9806737281681466,0.9806737281681466,1008614
1991-02-06,1.032287359237671,1.032287359237671,0.9806728836432294,0.9806728836432294,1781511
1991-02-07,1.027595043182373,1.060440626136695,1.0229030528126042,1.0322873923273463,1306869
1991-02-08,1.0557485818862915,1.0557485818862915,1.0229030006082596,1.0275949907385704,784923
1991-02-11,1.1261316537857056,1.1542848877263152,1.051056291522372,1.0651329084926768,5221061
1991-02-12,1.1167478561401367,1.14020875079108,1.1167478561401367,1.1261321278944283,2405280
1991-02-13,1.1449006795883179,1.1542849478808246,1.116747444180528,1.116747444180528,1273997
1991-02-14,1.1167478561401367,1.149593381320729,1.107363225610488,1.149593381320729,1284420
1991-02-15,1.107362985610962,1.1261318838271064,1.1026709942608575,1.1120553357363459,1082376
1991-02-19,1.1355164051055908,1.1355164051055908,1.107363160956041,1.1167477909377594,970931
1991-02-20,1.1449006795883179,1.1449006795883179,1.1261317124730348,1.130824061884423,1305265
1991-02-21,1.163669228553772,1.1730535658078447,1.1355157145063886,1.1355157145063886,1027055
1991-02-22,1.1730539798736572,1.1824382486851752,1.1636696393070902,1.1636696393070902,894764
1991-02-25,1.1483776569366455,1.1863406980229958,1.1293964629485254,1.1863406980229958,748042
1991-02-26,1.1863412857055664,1.1863412857055664,1.138887587833935,1.1436330882431849,908394
1991-02-27,1.200576901435852,1.2148129619196153,1.176850206530712,1.1815953423219037,956500
1991-02-28,1.1815954446792603,1.1958315063962424,1.1768503084770148,1.1958315063962424,649426
1991-03-01,1.1863412857055664,1.1863412857055664,1.1721052198847726,1.1863412857055664,709558
1991-03-04,1.1815954446792603,1.2053224319109785,1.1815954446792603,1.1958315063962424,1628375
1991-03-05,1.200576901435852,1.2100678261284237,1.1815953423219037,1.1815953423219037,1425529
1991-03-06,1.2053221464157104,1.2385396884551596,1.2005767210662568,1.2053221464157104,1226693
1991-03-07,1.1910868883132935,1.205322956222923,1.1910868883132935,1.2005775276852098,980553
1991-03-08,1.1958314180374146,1.2053223428508757,1.1958314180374146,1.200576916728045,1291635
1991-03-11,1.1958314180374146,1.200576916728045,1.1863408560629518,1.1958314180374146,801760
1991-03-12,1.1721054315567017,1.1958320670738611,1.167359930290456,1.1958320670738611,915610
1991-03-13,1.1910868883132935,1.1910868883132935,1.157869323956321,1.1673598907604008,785725
1991-03-14,1.153122901916504,1.1958310715367848,1.153122901916504,1.1910859370600895,261374
1991-03-15,1.1673592329025269,1.1721047313337811,1.1531231730155382,1.1531231730155382,784923
1991-03-18,1.1721054315567017,1.1815959986821585,1.1626147918634058,1.1721054315567017,279814
1991-03-19,1.1673592329025269,1.1815952927895155,1.1531231730155382,1.1626140973102512,537981
1991-03-20,1.1863412857055664,1.1958318511171104,1.1673597194755228,1.1768506477261964,1004605
1991-03-21,1.1721054315567017,1.1958320670738611,1.1721054315567017,1.1815959986821585,768888
1991-03-22,1.1673592329025269,1.1863407912207697,1.1673592329025269,1.1721047313337811,584483
1991-03-25,1.1673592329025269,1.1673592329025269,1.1531231730155382,1.1673592329025269,673478
1991-03-26,1.1815954446792603,1.1815954446792603,1.1578688202865672,1.1626142467600329,354378
1991-03-27,1.2053221464157104,1.210067644332952,1.1815951648040175,1.1815951648040175,1242728
1991-03-28,1.2053221464157104,1.210067644332952,1.2005767210662568,1.2053221464157104,458607
1991-04-01,1.200576901435852,1.2100678261284237,1.200576901435852,1.200576901435852,387250
1991-04-02,1.2195587158203125,1.2195587158203125,1.2005771527332603,1.2100680794124143,735214
1991-04-03,1.200576901435852,1.2195584605498004,1.200576901435852,1.2148129619196153,694324
1991-04-04,1.1815954446792603,1.2385399818184082,1.1815954446792603,1.224303920101426,1755854
1991-04-05,1.1815954446792603,1.2148130671544948,1.1768503084770148,1.1910863701939967,822606
1991-04-08,1.2148131132125854,1.2195586124337758,1.1863409886991374,1.1863409886991374,736016
1991-04-09,1.2148131132125854,1.2195586124337758,1.210067976830434,1.2148131132125854,686307
1991-04-10,1.2100683450698853,1.2243043390909987,1.2100683450698853,1.219558983561351,356783
1991-04-11,1.2100683450698853,1.219558983561351,1.2053228444045778,1.2148134828960435,612545
1991-04-12,1.25277578830719,1.25277578830719,1.2148128196604961,1.2148128196604961,2158338
1991-04-15,1.248030424118042,1.2527757770141545,1.233794365429704,1.2527757770141545,384845
1991-04-16,1.248030424118042,1.248030424118042,1.233794365429704,1.2385397183258167,1805564
1991-04-17,1.25277578830719,1.2575212863816596,1.243284937293831,1.2480304353683007,1721379
1991-04-18,1.271757960319519,1.2812485256520934,1.2432855386435424,1.2432855386435424,1570648
1991-04-19,1.2575210332870483,1.2670115921191316,1.2527755361676798,1.2575210332870483,1268384
1991-04-22,1.2432852983474731,1.2527761521170033,1.2432852983474734,1.2527761521170033,538783
1991-04-23,1.25277578830719,1.25277578830719,1.243284937293831,1.25277578830719,1290032
1991-04-24,1.248030424118042,1.2527757770141545,1.248030424118042,1.2527757770141545,459408
1991-04-25,1.267012596130371,1.2812486633628248,1.2385404616654638,1.2432856722739487,1993175
1991-04-26,1.290738821029663,1.290738821029663,1.262266698781381,1.262266698781381,1244332
1991-04-29,1.271757960319519,1.2907392361203185,1.271757960319519,1.2907392361203185,1241926
1991-04-30,1.2954843044281006,1.2954843044281006,1.267012179329486,1.267012179329486,2091792
1991-05-01,1.3097199201583862,1.3192109155579166,1.2907385099016015,1.2907385099016015,2232100
1991-05-02,1.3381930589675903,1.3381930589675903,1.3192119244655411,1.3239569903875335,3509304
1991-05-03,1.3381930589675903,1.3429385602966226,1.333447993045598,1.3381930589675903,1785520
1991-05-06,1.3381930589675903,1.3381930589675903,1.3239569903875335,1.3287024917165657,1626771
1991-05-07,1.3097199201583862,1.3524283835072897,1.3097199201583862,1.3476830309430936,1892154
1991-05-08,1.3144659996032715,1.3144659996032715,1.3002299356102074,1.3049754354101955,757663
1991-05-09,1.3429384231567383,1.3429384231567383,1.319211789748603,1.319211789748603,1144112
1991-05-10,1.3192110061645508,1.3381921274538673,1.3144655081388532,1.3381921274538673,513126
1991-05-13,1.3192110061645508,1.3239560687835115,1.3144655081388532,1.3192110061645508,725593
1991-05-14,1.3049750328063965,1.3192110924074287,1.2954840361345312,1.3144655940714962,729602
1991-05-15,1.2812483310699463,1.3049753939084003,1.276502976556507,1.3002298942593324,910799
1991-05-16,1.300229549407959,1.300229549407959,1.276502637998067,1.2812479912529273,935654
1991-05-17,1.3144659996032715,1.3144659996032715,1.290739081145865,1.3002299356102074,720782
1991-05-20,1.3049750328063965,1.3144655940714962,1.3049750328063965,1.3097200957355637,216475
1991-05-21,1.3097199201583862,1.3097199201583862,1.3002293601655628,1.304974857865328,1400675
1991-05-22,1.3239562511444092,1.3239562511444092,1.290738776338225,1.3097201905131874,1011019
1991-05-23,1.3192110061645508,1.3334470648349066,1.3097200101131556,1.3239560687835115,1104825
1991-05-24,1.318252444267273,1.3230457856319155,1.303871247275232,1.3230457856319155,754456
1991-05-28,1.318252444267273,1.318252444267273,1.3086648818644029,1.318252444267273,643012
1991-05-29,1.313458800315857,1.313458800315857,1.2942841133432483,1.3086650186134952,1868903
1991-05-30,1.3422207832336426,1.3422207832336426,1.3086651866813448,1.3086651866813448,1747035
1991-05-31,1.3422207832336426,1.3422207832336426,1.3326336584345124,1.3422207832336426,942068
1991-06-03,1.3230456113815308,1.3470140743951713,1.3230456113815308,1.3374265132550212,606932
1991-06-04,1.318252444267273,1.3278395668333505,1.303871247275232,1.3278395668333505,264581
1991-06-05,1.2846969366073608,1.3182525274614967,1.2846969366073608,1.3182525274614967,594104
1991-06-06,1.303871750831604,1.303871750831604,1.2894908415101722,1.2942844779506495,351973
1991-06-07,1.2942842245101929,1.3038714955138146,1.2942842245101929,1.2942842245101929,428942
1991-06-10,1.2894904613494873,1.3134587830979823,1.2894904613494873,1.3038713664312178,505109
1991-06-11,1.303871750831604,1.303871750831604,1.2894908415101722,1.2894908415101722,731205
1991-06-12,1.303871750831604,1.303871750831604,1.2990782610034475,1.2990782610034475,537179
1991-06-13,1.2751097679138184,1.3038715828512406,1.2703162787032167,1.3038715828512406,786527
1991-06-14,1.2511417865753174,1.2751099694786403,1.2511417865753174,1.2751099694786403,1161750
1991-06-17,1.2703156471252441,1.2799027673922068,1.2511409667546318,1.2511409667546318,466624
1991-06-18,1.2990777492523193,1.2990777492523193,1.2655221607753506,1.2751094298795522,550007
1991-06-19,1.2703156471252441,1.2894900342713984,1.2511409667546318,1.2846965474440317,2630575
1991-06-20,1.2271729707717896,1.2607285601518017,1.2127920667284702,1.2511412907895887,1222684
1991-06-21,1.2655221223831177,1.2655221223831177,1.2319666815363857,1.2319666815363857,990975
1991-06-24,1.260728359222412,1.275109260973766,1.251141091388176,1.275109260973766,264581
1991-06-25,1.2559350728988647,1.2751097627247499,1.25114158370777,1.2751097627247499,764879
1991-06-26,1.2511417865753174,1.2511417865753174,1.2367608768333234,1.2463481499946527,285427
1991-06-27,1.2511417865753174,1.2511417865753174,1.2463481499946527,1.2511417865753174,195629
1991-06-28,1.2175861597061157,1.251141686389967,1.2127924502031455,1.251141686389967,585285
1991-07-01,1.2223799228668213,1.2271733390681159,1.2079986479767608,1.2175861401347494,769690
1991-07-02,1.2559350728988647,1.2559350728988647,1.222379842193545,1.2271732580784889,990174
1991-07-03,1.2655221223831177,1.2655221223831177,1.2463475847564138,1.255934706957507,1423926
1991-07-05,1.2846969366073608,1.2846969366073608,1.2607286155366142,1.2655222504283088,313488
1991-07-08,1.2799032926559448,1.2846970746751056,1.2751096572490732,1.2799032926559448,609338
1991-07-09,1.2655221223831177,1.2799030256031456,1.2607284879764418,1.2799030256031456,768888
1991-07-10,1.2463475465774536,1.2751093521364585,1.2463475465774536,1.2751093521364585,816993
1991-07-11,1.2559350728988647,1.265522491117958,1.25114158370777,1.25114158370777,2408487
1991-07-12,1.2559350728988647,1.2559350728988647,1.25114158370777,1.2559350728988647,552413
1991-07-15,1.2511417865753174,1.2559352765436569,1.2463481499946527,1.2559352765436569,1010218
1991-07-16,1.2559350728988647,1.2559350728988647,1.25114158370777,1.25114158370777,716773
1991-07-17,1.2463475465774536,1.2559346684848678,1.2415537657053652,1.2511411808372876,119462
1991-07-18,1.260728359222412,1.26552199313953,1.246347457471058,1.246347457471058,614950
1991-07-19,1.2655221223831177,1.2703159034020524,1.255934706957507,1.2703159034020524,618959
1991-07-22,1.2751097679138184,1.279903403736722,1.2655224962680112,1.2655224962680112,1395864
1991-07-23,1.2846969366073608,1.2990778412824449,1.2799031551033928,1.2799031551033928,750447
1991-07-24,1.2942842245101929,1.2942842245101929,1.2846971001188632,1.289490589008382,1202640
1991-07-25,1.3566018342971802,1.3613956171238517,1.2942844168982168,1.2942844168982168,3223877
1991-07-26,1.3326326608657837,1.3518068961107879,1.3326326608657837,1.3518068961107879,1080773
1991-07-29,1.2990777492523193,1.3374266790568627,1.2990777492523193,1.332633337729288,2086180
1991-07-30,1.2942842245101929,1.299078006624296,1.289490589008382,1.299078006624296,934050
1991-07-31,1.2799032926559448,1.2942841988765599,1.2799032926559448,1.2942841988765599,513928
1991-08-01,1.260728359222412,1.2846966754202456,1.260728359222412,1.279902894890884,881936
1991-08-02,1.2655221223831177,1.2703159034020524,1.2415538037374791,1.2703159034020524,715170
1991-08-05,1.2703156471252441,1.2799027673922068,1.2559344535819987,1.2559344535819987,1016632
1991-08-06,1.2799032926559448,1.2894905634696883,1.2751096572490732,1.2751096572490732,942870
1991-08-07,1.2751097679138184,1.2846971861719279,1.2703162787032167,1.279903403736722,1415106
1991-08-08,1.2846969366073608,1.2846969366073608,1.2703160319322768,1.275109520211698,1476842
1991-08-09,1.2846969366073608,1.303871329561866,1.275109520211698,1.2846969366073608,765681
1991-08-12,1.2799032926559448,1.2846970746751056,1.2703161684544906,1.2751096572490732,825011
1991-08-13,1.2894904613494873,1.2990778780162517,1.2703160678527912,1.275109556267757,1599511
1991-08-14,1.2990777492523193,1.308664871744258,1.2799030644316531,1.2894903335358547,1044693
1991-08-15,1.2990777492523193,1.303871237192157,1.2942839680879554,1.303871237192157,905187
1991-08-16,1.2894904613494873,1.3230459065401916,1.2799031912950005,1.2990778780162517,699937
1991-08-19,1.2594572305679321,1.2643012865825047,1.2255486903115316,1.2400808583552494,2154329
1991-08-20,1.273989200592041,1.2836774592697062,1.2594570348070975,1.2691449971760238,1604322
1991-08-21,1.307897925376892,1.307897925376892,1.2836777909646784,1.2836777909646784,623769
1991-08-22,1.327274203300476,1.327274203300476,1.317585942822233,1.327274203300476,1462410
1991-08-23,1.307897925376892,1.322430094916865,1.2982099605046513,1.322430094916865,713566
1991-08-26,1.3127423524856567,1.3272745244880713,1.3078981469970858,1.3078981469970858,1160949
1991-08-27,1.327274203300476,1.332118407616796,1.3127420348147067,1.3127420348147067,1480851
1991-08-28,1.322429895401001,1.3272740993378846,1.3078977280535056,1.322429895401001,1273195
1991-08-29,1.307897925376892,1.3175860384035407,1.307897925376892,1.312742130044624,265383
1991-08-30,1.3030537366867065,1.3127419968850222,1.2982098288191377,1.3078977927086681,275805
1991-09-03,1.3030537366867065,1.3224299607745527,1.2933656246427836,1.3127419968850222,1224288
1991-09-04,1.3127423524856567,1.3224303189995004,1.3030540896629477,1.3127423524856567,732007
1991-09-05,1.322429895401001,1.322429895401001,1.3127419319903895,1.3127419319903895,994182
1991-09-06,1.3127423524856567,1.3224303189995004,1.3030540896629477,1.3224303189995004,657443
1991-09-09,1.3175861835479736,1.3224302405949162,1.3127422746554553,1.3127422746554553,518739
1991-09-10,1.3175861835479736,1.3224302405949162,1.3127422746554553,1.3175861835479736,465021
1991-09-11,1.322429895401001,1.322429895401001,1.3175858396185025,1.322429895401001,207656
1991-09-12,1.3563387393951416,1.3563387393951416,1.3175861362561176,1.3175861362561176,1740621
1991-09-13,1.3514946699142456,1.3708710475042984,1.3514946699142456,1.3708710475042984,1031865
1991-09-16,1.366026759147644,1.3854031355626077,1.346650827195954,1.3514945879522398,1067944
1991-09-17,1.3757144212722778,1.3757144212722778,1.3611822579815869,1.3708702186877035,1250746
1991-09-18,1.3757144212722778,1.3854023819783945,1.3708702186877035,1.3854023819783945,546800
1991-09-19,1.3854029178619385,1.39509117862423,1.3757149534084494,1.3757149534084494,661452
1991-09-20,1.3708710670471191,1.3999354116148826,1.3708710670471191,1.3950915023413577,998191
1991-09-23,1.366026759147644,1.3854031355626077,1.3611829983913584,1.366026759147644,809778
1991-09-24,1.3563387393951416,1.3708709100143686,1.3466507738034088,1.3660267049868742,930843
1991-09-25,1.3563387393951416,1.3563387393951416,1.3466507738034088,1.3563387393951416,414510
1991-09-26,1.361182689666748,1.361182689666748,1.3466505217673288,1.356338485545884,606131
1991-09-27,1.361182689666748,1.361182689666748,1.356338485545884,1.361182689666748,353576
1991-09-30,1.3854029178619385,1.3854029178619385,1.3466506155847784,1.3563385800382675,299858
1991-10-01,1.3854029178619385,1.3999350867737739,1.3805590097123945,1.3902471223202848,1017433
1991-10-02,1.3757144212722778,1.3854023819783945,1.3757144212722778,1.3854023819783945,508316
1991-10-03,1.3563387393951416,1.3805591719149386,1.3563387393951416,1.375715115041863,613346
1991-10-04,1.3418062925338745,1.361182664191519,1.3418062925338745,1.3563384601613169,153136
1991-10-07,1.3030537366867065,1.341806333016791,1.2982098288191377,1.341806333016791,1150526
1991-10-08,1.307897925376892,1.307897925376892,1.3030538688635678,1.3030538688635678,719179
1991-10-09,1.2788335084915161,1.3078978458031603,1.2691452478999028,1.3078978458031603,880333
1991-10-10,1.2933658361434937,1.2933658361434937,1.26914540391859,1.26914540391859,766483
1991-10-11,1.3175861835479736,1.3175861835479736,1.298210103514628,1.298210103514628,532369
1991-10-14,1.322429895401001,1.3272740993378846,1.3175858396185025,1.322429895401001,290237
1991-10-15,1.3321181535720825,1.3369619125014713,1.3175856915489665,1.3175856915489665,533972
1991-10-16,1.3175861835479736,1.332118650997649,1.3175861835479736,1.332118650997649,578871
1991-10-17,1.3175861835479736,1.3175861835479736,1.3127422746554553,1.3175861835479736,384845
1991-10-18,1.3369622230529785,1.341806427570692,1.3127420893908286,1.317585997599736,758465
1991-10-21,1.3466503620147705,1.3514941210978486,1.332118195839296,1.332118195839296,676685
1991-10-22,1.3466503620147705,1.3514941210978486,1.3418061584685723,1.3466503620147705,337541
1991-10-23,1.3321181535720825,1.3466503192864612,1.3272739501795876,1.3466503192864612,280616
1991-10-24,1.3175861835479736,1.34180661693711,1.3127422746554553,1.34180661693711,336739
1991-10-25,1.3321181535720825,1.3321181535720825,1.2885213601202092,1.3175856915489665,1505705
1991-10-28,1.3321181535720825,1.3418061158939663,1.3272739501795876,1.3369619125014713,946879
1991-10-29,1.361182689666748,1.3660264493244392,1.336962113525601,1.3418063176464647,896368
1991-10-30,1.4047791957855225,1.4241554196848012,1.3708706558073938,1.3708706558073938,1014226
1991-10-31,1.3902467489242554,1.4144668757844763,1.3805586389184226,1.3950908039271719,541990
1991-11-01,1.3805592060089111,1.4096235479651316,1.3757151490162078,1.3854031148471921,608536
1991-11-04,1.3999354839324951,1.3999354839324951,1.3805594013741622,1.3805594013741622,525955
1991-11-05,1.4047791957855225,1.443531791738471,1.3950910838358832,1.3999349916563117,545197
1991-11-06,1.4193115234375,1.4193115234375,1.3950912408376819,1.3950912408376819,432149
1991-11-07,1.4483758211135864,1.4629079902576552,1.4241555392068053,1.4241555392068053,1650824
1991-11-08,1.44353187084198,1.4580640395627813,1.4386876664473136,1.453219835168115,2073351
1991-11-11,1.4289997816085815,1.4435319511377276,1.4193115204347435,1.4435319511377276,876324
1991-11-12,1.4193115234375,1.4241555799574637,1.4144673187631285,1.4241555799574637,812985
1991-11-13,1.4193115234375,1.4193115234375,1.404779353877609,1.4144673187631285,694324
1991-11-14,1.4289997816085815,1.4289997816085815,1.3999351462414746,1.4193115204347435,1233107
1991-11-15,1.4289997816085815,1.4338436899638893,1.4096234074153127,1.4289997816085815,1844048
1991-11-18,1.4193115234375,1.4193115234375,1.3854029796433467,1.4193115234375,1383036
1991-11-19,1.3950914144515991,1.4096235858199646,1.3805592430832339,1.4096235858199646,570051
1991-11-20,1.3999354839324951,1.4096237474433264,1.3902475167305504,1.3950915744087444,1366199
1991-11-21,1.3950914144515991,1.4096235858199646,1.3757151859604453,1.3999353234199614,494686
1991-11-22,1.3794381618499756,1.3941133064816371,1.3696550811831492,1.3941133064816371,289435
1991-11-25,1.3696545362472534,1.3794376130217483,1.3647627734466288,1.3794376130217483,973337
1991-11-26,1.3549797534942627,1.369654593684783,1.3403049133037426,1.369654593684783,978949
1991-11-27,1.3549797534942627,1.3598715165000275,1.3500879904884981,1.3549797534942627,255761
1991-11-29,1.3500885963439941,1.3549803615449503,1.3451972799700134,1.3500885963439941,87392
1991-12-02,1.3745464086532593,1.3745464086532593,1.3354132007813162,1.3451967271626972,1474437
1991-12-03,1.3647630214691162,1.3745465488483555,1.3549799429167133,1.3745465488483555,295849
1991-12-04,1.3500885963439941,1.3647634431198872,1.330522133976137,1.3647634431198872,865099
1991-12-05,1.3256300687789917,1.3403049089215318,1.320738305789221,1.3403049089215318,351171
1991-12-06,1.3305219411849976,1.3354135560681724,1.3158470965354732,1.320738711418648,691117
1991-12-09,1.3549797534942627,1.3794376708695386,1.3305215369011378,1.3403049133037426,562034
1991-12-10,1.3354136943817139,1.3549803055499663,1.330522078991897,1.3451972243793182,675884
1991-12-11,1.3403050899505615,1.3403050899505615,1.330521712258547,1.330521712258547,487470
1991-12-12,1.3500885963439941,1.3500885963439941,1.330522133976137,1.3451972799700134,1211459
1991-12-13,1.3647630214691162,1.369654785158736,1.3500881792270936,1.3500881792270936,467426
1991-12-16,1.3745464086532593,1.3745464086532593,1.3647628822718783,1.3647628822718783,990174
1991-12-17,1.359871506690979,1.3794376609193553,1.359871506690979,1.3696545838051672,757663
1991-12-18,1.3500885963439941,1.37943828989578,1.3403055147690572,1.369655208320843,808174
1991-12-19,1.3500885963439941,1.3500885963439941,1.330522133976137,1.3500885963439941,751249
1991-12-20,1.3843294382095337,1.389221201230614,1.3500879947155213,1.3647628349519874,1193821
1991-12-23,1.4185712337493896,1.4283543133926353,1.3794380175226337,1.3794380175226337,954094
1991-12-24,1.4283541440963745,1.4332459077516422,1.4087878375200253,1.4087878375200253,861090
1991-12-26,1.4381370544433594,1.4381370544433594,1.4234622170733038,1.4234622170733038,642210
1991-12-27,1.447920799255371,1.447920799255371,1.4332459566160833,1.4332459566160833,1162552
1991-12-30,1.53107750415802,1.5310775041580198,1.4430284992931823,1.4479199610656992,1192217
1991-12-31,1.5017285346984863,1.5359699799112505,1.482161930458793,1.5310782166446277,834632
1992-01-02,1.4674873352050781,1.4919457068067588,1.462595720728325,1.4919457068067588,1316490
1992-01-03,1.4577031135559082,1.4674861852341166,1.4528113533035436,1.4625945745905922,1334129
1992-01-06,1.4381370544433594,1.452811891813415,1.4087873797032482,1.4430288165089402,1316490
1992-01-07,1.3892215490341187,1.4332460807654348,1.3892215490341187,1.4332460807654348,506712
1992-01-08,1.4283541440963745,1.452812363936936,1.3941129953810552,1.3941129953810552,3115639
1992-01-09,1.4625957012176514,1.4674873156291515,1.4136794074936945,1.4332460147486505,1269988
1992-01-10,1.5066205263137817,1.506620526313782,1.4625956975041476,1.4625956975041476,1458401
1992-01-13,1.4772703647613525,1.4968368200273474,1.467487137128355,1.4968368200273474,1279609
1992-01-14,1.4968372583389282,1.4968372583389282,1.4723793317034763,1.4772707973433816,1852867
1992-01-15,1.4723783731460571,1.4968362838587597,1.4723783731460571,1.4968362838587597,908394
1992-01-16,1.4625957012176514,1.4772705444521517,1.4577042364151067,1.4674873156291515,930843
1992-01-17,1.447920799255371,1.4625956418946586,1.428354192794038,1.4625956418946586,873117
1992-01-20,1.4430290460586548,1.4479205096845533,1.4283539071363611,1.438137283214917,837839
1992-01-21,1.4332457780838013,1.443029154900276,1.4283540148710985,1.4381373916875733,857081
1992-01-22,1.447920799255371,1.447920799255371,1.4332459566160833,1.4332459566160833,881134
1992-01-23,1.4234620332717896,1.4528117042221866,1.4234620332717896,1.4528117042221866,826615
1992-01-24,1.4283541440963745,1.4381375217979657,1.4283541440963745,1.4332459077516422,558025
1992-01-27,1.4087872505187988,1.443028684184584,1.4038956385106698,1.4283535489424328,1227495
1992-01-28,1.394112467765808,1.4087873043509453,1.394112467765808,1.4087873043509453,820201
1992-01-29,1.3794381618499756,1.4038965367574412,1.3696550811831492,1.3990047720105614,626976
1992-01-30,1.3696545362472534,1.3794376130217483,1.359871459472759,1.3794376130217483,1062332
1992-01-31,1.3990039825439453,1.4038957445303735,1.3794373834249125,1.3794373834249125,934050
1992-02-03,1.394112467765808,1.4136787669371034,1.3892208555707621,1.4087873043509453,709558
1992-02-04,1.4185712337493896,1.4283543133926353,1.3941131606188697,1.3941131606188697,1658040
1992-02-05,1.4674873352050781,1.487053942721048,1.4185711904375473,1.4185711904375473,1715766
1992-02-06,1.4772703647613525,1.4821619785778513,1.4723789005537913,1.4772703647613525,1488868
1992-02-07,1.487054467201233,1.4919462330122566,1.4821627013902094,1.4870544672012331,1379829
1992-02-10,1.491944670677185,1.5115108157779356,1.482161149300249,1.4968359825390922,1168966
1992-02-11,1.5212947130203247,1.5212947130203247,1.4870532773941572,1.4968363523616313,1615546
1992-02-12,1.5848864316940308,1.5848864316940308,1.5164036772574263,1.5164036772574263,3728184
1992-02-13,1.5751022100448608,1.599560419719866,1.5751022100448608,1.5897773453022992,2505500
1992-02-14,1.5799946784973145,1.5848862926988638,1.560428072082168,1.570211450094216,1702938
1992-02-18,1.5799946784973145,1.5848862926988638,1.5555366074895678,1.5799946784973145,1702938
1992-02-19,1.511510968208313,1.5702106063010384,1.5115109682083128,1.5653189947281225,2113439
1992-02-20,1.4968372583389282,1.5212956338013237,1.491945942308004,1.5164038689434558,970130
1992-02-21,1.5017285346984863,1.5164033756715571,1.4968367714318636,1.5017285346984863,831425
1992-02-24,1.4968372583389282,1.501729023196796,1.491945942308004,1.501729023196796,681496
1992-02-25,1.4821617603302002,1.4968365996188329,1.4772701472339893,1.4968365996188329,556421
1992-02-26,1.5066205263137817,1.506620526313782,1.4723790759112638,1.477270540701389,603725
1992-02-27,1.5017285346984863,1.506620297965109,1.4870536937254155,1.506620297965109,804967
1992-02-28,1.5212947130203247,1.5310777879877988,1.5066198761557774,1.5066198761557774,768086
1992-03-02,1.53107750415802,1.5457523383021594,1.5115109090236376,1.5261857431677772,1201037
1992-03-03,1.4723783731460571,1.5261859562446631,1.4625949994085388,1.5212946433981136,934050
1992-03-04,1.4332457780838013,1.4772703005177488,1.4332457780838013,1.4723788365229078,1198631
1992-03-05,1.4087872505187988,1.423462086543186,1.3941124144944117,1.423462086543186,1464816
1992-03-06,1.4185712337493896,1.4185712337493896,1.3892215459927657,1.4136794695143236,1604322
1992-03-09,1.384164810180664,1.4187690098119738,1.384164810180664,1.4088821388298545,1310878
1992-03-10,1.3693342208862305,1.3940512420426023,1.3693342208862305,1.3891081099602771,1732603
1992-03-11,1.3594473600387573,1.3643904916007472,1.3594473600387573,1.3643904916007472,11769035
1992-03-12,1.384164810180664,1.3891083968656157,1.3594477839192576,1.3594477839192576,2620954
1992-03-13,1.4088820219039917,1.4187688920655805,1.3841646953061404,1.3989950005485234,2459800
1992-03-16,1.4138249158859253,1.423711934514749,1.4138249158859253,1.4187685007972561,757663
1992-03-17,1.4286556243896484,1.4286556243896484,1.408882035075489,1.4187689053295092,845055
1992-03-18,1.4088820219039917,1.423712327146375,1.4088820219039917,1.4187688920655805,748844
1992-03-19,1.4088820219039917,1.4088820219039917,1.3940514142738496,1.4039385868231973,417717
1992-03-20,1.4187688827514648,1.4187688827514648,1.4039385776064417,1.4088820126547827,1677282
1992-03-23,1.4286556243896484,1.4286556243896484,1.4138253190086183,1.4187689053295092,740025
1992-03-24,1.4385420083999634,1.443485290142657,1.4187682766539333,1.4286549913331346,865901
1992-03-25,1.4385420083999634,1.4484288742729783,1.4335985754634557,1.4385420083999634,1297248
1992-03-26,1.4335992336273193,1.4335992336273191,1.4286556472274028,1.4335992336273191,368810
1992-03-27,1.4138249158859253,1.4335988019497352,1.4138249158859253,1.4335988019497352,479452
1992-03-30,1.4286556243896484,1.4385426458375494,1.4138253190086183,1.4138253190086183,543593
1992-03-31,1.4138249158859253,1.4335988019497352,1.40888163336227,1.423711934514749,1392657
1992-04-01,1.4039387702941895,1.4039387702941895,1.3891084631137365,1.4039387702941895,548404
1992-04-02,1.3989946842193604,1.408881703339257,1.3940510990624893,1.4039382693762312,588492
1992-04-03,1.394051432609558,1.398995018949254,1.3891082998515063,1.3891082998515063,753654
1992-04-06,1.3792213201522827,1.3891084942150844,1.3643910126397878,1.3891084942150844,958905
1992-04-07,1.344617247581482,1.3841648848368904,1.344617247581482,1.3841648848368904,1540983
1992-04-08,1.3248428106307983,1.3396731084436548,1.3149557942284236,1.3347295246455657,550809
1992-04-09,1.339673638343811,1.339673638343811,1.310013030986016,1.3198997489114175,900377
1992-04-10,1.3693342208862305,1.38416452429637,1.3594475031399984,1.3643906352223234,705549
1992-04-13,1.389108419418335,1.4039387261322898,1.37427811270438,1.37427811270438,1134490
1992-04-14,1.4039387702941895,1.4039387702941895,1.3891084631137365,1.3940515964527558,1532965
1992-04-15,1.4286556243896484,1.4335992107105393,1.408882035075489,1.4138253190086183,954896
1992-04-16,1.4929207563400269,1.4929207563400266,1.4286559345434549,1.4286559345434549,2028453
1992-04-20,1.4583158493041992,1.483032862080461,1.4484288325223613,1.483032862080461,854676
1992-04-21,1.4335992336273193,1.4484295392454192,1.4237123632152526,1.4484295392454192,508316
1992-04-22,1.423711895942688,1.428655178332417,1.4138248775817293,1.4187684623591255,211665
1992-04-23,1.4484293460845947,1.4484293460845947,1.408881869710333,1.4237121733506812,738421
1992-04-24,1.453372597694397,1.453372597694397,1.4335988619961995,1.4434855786514542,1007812
1992-04-27,1.280352234840393,1.4434858921701084,1.2754089510360287,1.4434858921701084,3032256
1992-04-28,1.2111448049545288,1.275409566542464,1.196314190414869,1.275409566542464,7899742
1992-04-29,1.2160872220993042,1.240804619682717,1.206200504976101,1.2210308074516827,6412477
1992-04-30,1.206201434135437,1.2259752615986172,1.1864275310752728,1.2210317480350843,5886522
1992-05-01,1.2259738445281982,1.2506909301941411,1.1963129486252055,1.20125645647467,5008595
1992-05-04,1.2259738445281982,1.2358606334364375,1.221030336678734,1.2309170499900768,1892154
1992-05-05,1.221031665802002,1.2309183898752893,1.2160880769744222,1.2259751790326032,2697922
1992-05-06,1.2358615398406982,1.2457482604031491,1.2259747436812953,1.2259747436812953,1361389
1992-05-07,1.221031665802002,1.235861978702869,1.2160880769744222,1.235861978702869,1382234
1992-05-08,1.2259738445281982,1.2309170499900768,1.2111435477704948,1.2259738445281982,2563227
1992-05-11,1.245748519897461,1.2556356205041932,1.230918209173717,1.235861797275567,1241125
1992-05-12,1.2309178113937378,1.2506917038292555,1.2210310919668084,1.2457481173249614,2664249
1992-05-13,1.2160872220993042,1.2259743172071353,1.211144014731554,1.2210308074516827,2208047
1992-05-14,1.1666529178619385,1.2062006217495853,1.1666529178619385,1.2062006217495853,2902371
1992-05-15,1.1567661762237549,1.161709686357118,1.132048776750802,1.1567661762237549,4244518
1992-05-18,1.1617096662521362,1.1765399696047727,1.1518225705595886,1.1567661562043274,3162142
1992-05-19,1.14193594455719,1.1715965536444184,1.1369923585154462,1.1666529676026747,2080567
1992-05-20,1.1518229246139526,1.1518229246139526,1.1271058959557476,1.1419362038670144,2697121
1992-05-21,1.1913704872131348,1.1913704872131348,1.1567663642368575,1.161709875173706,1864894
1992-05-22,1.1965768337249756,1.2015834979875921,1.1765507126133685,1.1865638114505193,1834427
1992-05-26,1.2015838623046875,1.2115969641777846,1.1915708369943079,1.2115969641777846,1896964
1992-05-27,1.2065906524658203,1.2115970121939799,1.2015839099240586,1.2115970121939799,1858480
1992-05-28,1.2115963697433472,1.2115963697433472,1.2015832727828843,1.2065900126698155,910799
1992-05-29,1.2015838623046875,1.2316233976121307,1.2015838623046875,1.2216103723017513,1732603
1992-06-01,1.2115963697433472,1.2115963697433472,1.2015832727828843,1.2065900126698155,956500
1992-06-02,1.176551342010498,1.2216106554143171,1.176551342010498,1.2115972449697074,2479844
1992-06-03,1.1965768337249756,1.2015834979875921,1.1865638114505193,1.1865638114505193,2174373
1992-06-04,1.1965768337249756,1.206590238812903,1.1965768337249756,1.1965768337249756,1574657
1992-06-05,1.2015838623046875,1.2015838623046875,1.1915708369943079,1.1965771965240628,954896
1992-06-08,1.1615309715270996,1.1965771718937783,1.1565246121003954,1.191570812467074,2121457
1992-06-09,1.1314916610717773,1.1515180980626472,1.121478557420439,1.1465114313928815,3293630
1992-06-10,1.1515177488327026,1.1615308494472882,1.1314913179154076,1.1314913179154076,1516930
1992-06-11,1.1615309715270996,1.1665376372046674,1.1515178698601118,1.1615309715270996,964517
1992-06-12,1.146511197090149,1.1715443721976986,1.146511197090149,1.1715443721976986,3550995
1992-06-15,1.1615309715270996,1.1615309715270996,1.1515178698601118,1.1515178698601118,752853
1992-06-16,1.156524419784546,1.1765508494765191,1.156524419784546,1.161530778378754,1646013
1992-06-17,1.1314916610717773,1.1615312017139856,1.121478557420439,1.156524841295144,1241125
1992-06-18,1.1314916610717773,1.1415050709740397,1.1164718907506732,1.1314916610717773,1371010
1992-06-19,1.1615309715270996,1.1665376372046674,1.1364981025155563,1.1415048447558398,1363794
1992-06-22,1.1715444326400757,1.1715444326400757,1.1515179221459133,1.1615310242675558,1182596
1992-06-23,1.176551342010498,1.1815577027004946,1.1715446750695606,1.1715446750695606,837839
1992-06-24,1.156524419784546,1.1815572080707273,1.156524419784546,1.1765508494765191,599716
1992-06-25,1.1515177488327026,1.166537514598643,1.1515177488327026,1.1615308494472882,1438357
1992-06-26,1.1615309715270996,1.1615309715270996,1.1515178698601118,1.1565246121003954,839443
1992-06-29,1.1665374040603638,1.1715441452999995,1.1565243809572958,1.1615307393834287,660650
1992-06-30,1.1615309715270996,1.171544379444951,1.1515178698601118,1.171544379444951,1168966
1992-07-01,1.146511197090149,1.161530964341791,1.1364980954851027,1.161530964341791,2204840
1992-07-02,1.1415050029754639,1.1515180294676028,1.1364982600412148,1.1465113630960804,2004400
1992-07-06,1.176551342010498,1.176551342010498,1.1415051328003478,1.1465114934903444,2286620
1992-07-07,1.1364983320236206,1.1765512827190023,1.1364983320236206,1.1765512827190023,1753449
1992-07-08,1.156524419784546,1.156524419784546,1.1364979135298698,1.1364979135298698,2087783
1992-07-09,1.156524419784546,1.161530778378754,1.1465110135318015,1.156524419784546,3847646
1992-07-10,1.1515177488327026,1.1565244905467649,1.146511083681348,1.1515177488327026,1388648
1992-07-13,1.146511197090149,1.1565246049460565,1.1415048376944144,1.1565246049460565,909196
1992-07-14,1.2065906524658203,1.2115970121939799,1.1515179391981296,1.1515179391981296,2993772
1992-07-15,1.19157075881958,1.2115968846892138,1.176550992151252,1.2115968846892138,2262567
1992-07-16,1.2266170978546143,1.2266170978546143,1.1815574864468545,1.1815574864468545,1420719
1992-07-17,1.2166035175323486,1.236630025678767,1.2015837512666,1.2266169247309786,1412701
1992-07-20,1.236630916595459,1.251650693682035,1.2065913624223068,1.2065913624223068,1250746
1992-07-21,1.2466434240341187,1.2466434240341187,1.236630396645315,1.2416370634651834,1511318
1992-07-22,1.2516499757766724,1.2566566418299705,1.2416368733582408,1.2566566418299705,1165759
1992-07-23,1.2516499757766724,1.2616630016323822,1.2516499757766724,1.2516499757766724,2185598
1992-07-24,1.2416365146636963,1.2566562787963884,1.2416365146636963,1.2466428730198287,317497
1992-07-27,1.2917029857635498,1.3217425259846025,1.2366303422328262,1.2416370088323985,5070330
1992-07-28,1.3067229986190796,1.331755953453568,1.3017164076521819,1.3017164076521819,3710545
1992-07-29,1.2917029857635498,1.3167359359477604,1.2766832922157532,1.3117291927854584,1326111
1992-07-30,1.3017163276672363,1.3067229183265003,1.2866965556894447,1.2917031463487085,1835229
1992-07-31,1.3117294311523438,1.316736175224469,1.3017164023845562,1.3117294311523438,2213659
1992-08-03,1.3067229986190796,1.3167361805528748,1.3067229986190796,1.3167361805528748,593302
1992-08-04,1.3117294311523438,1.3217427661711068,1.306722993331194,1.306722993331194,1972330
1992-08-05,1.3117294311523438,1.326749510243232,1.3117294311523438,1.3217427661711068,1884136
1992-08-06,1.316735863685608,1.3217424534476894,1.3117291207980746,1.3167358636856077,1900973
1992-08-07,1.3367620706558228,1.3367620706558228,1.3117289715678793,1.3117289715678793,1242728
1992-08-10,1.331755518913269,1.331755518913269,1.3267490827054165,1.3267490827054165,1031865
1992-08-11,1.3267492055892944,1.3367622320578472,1.3267492055892944,1.3267492055892944,2038074
1992-08-12,1.316735863685608,1.3317556329718527,1.3067226841614445,1.3317556329718527,2042885
1992-08-13,1.3367620706558228,1.3367620706558228,1.321742303078317,1.3317554814633208,3124459
1992-08-14,1.3367620706558228,1.3367620706558228,1.3317554814633208,1.3367620706558228,491479
1992-08-17,1.3267492055892944,1.3367622320578472,1.3267492055892944,1.3367622320578472,859487
1992-08-18,1.341768503189087,1.351781526136871,1.3317551739905054,1.3317551739905054,4104210
1992-08-19,1.341768503189087,1.3467749381002798,1.341768503189087,1.341768503189087,1339741
1992-08-20,1.341768503189087,1.3467749381002798,1.3367617620270968,1.3467749381002798,1597908
1992-08-21,1.331755518913269,1.3517818762464326,1.331755518913269,1.3467752869131417,1345353
1992-08-24,1.311700463294983,1.331958499736149,1.3066361478043387,1.3167650885770628,787328
1992-08-25,1.3268940448760986,1.3268940448760986,1.2965072186551392,1.3117006317656188,2252144
1992-08-26,1.3268940448760986,1.3471520839191424,1.3268940448760986,1.3370231418454892,808174
1992-08-27,1.3268940448760986,1.3370231418454892,1.3268940448760986,1.3370231418454892,661452
1992-08-28,1.3471513986587524,1.3572804904757414,1.3319579932767573,1.3319579932767573,1621159
1992-08-31,1.3420873880386353,1.352216172350643,1.3370227635390908,1.352216172350643,676685
1992-09-01,1.3370226621627808,1.3572806939378643,1.326893568827398,1.3370226621627808,2071748
1992-09-02,1.3420873880386353,1.3471517027467923,1.33195829393524,1.3471517027467923,1209054
1992-09-03,1.316765308380127,1.342087819434654,1.316765308380127,1.342087819434654,736016
1992-09-04,1.3370226621627808,1.342087286278313,1.3167647852833793,1.3167647852833793,664659
1992-09-08,1.3319584131240845,1.3420875081338708,1.3319584131240845,1.3420875081338708,2909587
1992-09-09,1.3319584131240845,1.3370228831811237,1.3268937881713374,1.3319584131240845,1009416
1992-09-10,1.3268940448760986,1.3572811808885332,1.3117006317656188,1.3370231418454892,1184200
1992-09-11,1.3218295574188232,1.3268938729035498,1.3167650870383791,1.3218295574188232,1140905
1992-09-14,1.3471513986587524,1.3471513986587524,1.3268933699204337,1.3319579932767573,820201
1992-09-15,1.3572806119918823,1.3572806119918823,1.3370225814398797,1.3370225814398797,1143310
1992-09-16,1.3826031684875488,1.3876677936410087,1.3471518766833257,1.352216346941072,1162552
1992-09-17,1.407926082611084,1.407926082611084,1.377538945811768,1.407926082611084,1338137
1992-09-18,1.4737632274627686,1.4737632274627686,1.4332473301740027,1.4383119528687822,3603110
1992-09-21,1.4535058736801147,1.4737637520880067,1.448441249182448,1.463634657988367,2094999
1992-09-22,1.4129902124404907,1.4433773485613692,1.402861425226428,1.4433773485613692,894764
1992-09-23,1.4433773756027222,1.448441691856763,1.4129902389125473,1.4180548649580704,1231503
1992-09-24,1.4433773756027222,1.448441691856763,1.4332482784074168,1.4433773756027222,1008614
1992-09-25,1.4281834363937378,1.4433771573369902,1.4129900252419205,1.4433771573369902,979751
1992-09-28,1.4281834363937378,1.4281834363937378,1.4180546505215772,1.4180546505215772,865901
1992-09-29,1.4129902124404907,1.45350629067117,1.4129902124404907,1.4281836256051919,1087988
1992-09-30,1.4180550575256348,1.4231196842589189,1.4129904307923509,1.418055057525635,1213063
1992-10-01,1.4484410285949707,1.4484410285949707,1.4231188393371925,1.4231188393371925,680694
1992-10-02,1.4180550575256348,1.4484418885507668,1.4129904307923509,1.443377571609007,715972
1992-10-05,1.4028606414794922,1.4028606414794922,1.3420870227735524,1.3977960183583455,2505500
1992-10-06,1.4281834363937378,1.4281834363937378,1.40286123936976,1.40286123936976,736016
1992-10-07,1.4231189489364624,1.4383123565986278,1.4231189489364624,1.4231189489364624,365603
1992-10-08,1.4535058736801147,1.4686992824860337,1.4281832158788625,1.4281832158788625,1230702
1992-10-09,1.4535058736801147,1.4737637520880067,1.4433769344761689,1.4737637520880067,457805
1992-10-12,1.463634967803955,1.4737640640476757,1.4585706520256845,1.4585706520256845,1966717
1992-10-13,1.4737632274627686,1.4737632274627686,1.4585698240653457,1.4585698240653457,1528155
1992-10-14,1.4737632274627686,1.4889566308601911,1.4686987596636276,1.4737632274627686,423329
1992-10-15,1.4433773756027222,1.4636351053061094,1.4433773756027222,1.4636351053061094,1424728
1992-10-16,1.433248519897461,1.4433776187994323,1.4180551038881548,1.4433776187994323,2795737
1992-10-19,1.4484410285949707,1.4484410285949707,1.428182998376542,1.4332476221029018,724791
1992-10-20,1.4585704803466797,1.4585704803466797,1.44844138529519,1.4535060102687891,1672471
1992-10-21,1.4838926792144775,1.4838926792144775,1.4585703314107126,1.4585703314107126,1273997
1992-10-22,1.4788274765014648,1.483892098977523,1.4737631638166704,1.483892098977523,473038
1992-10-23,1.5193431377410889,1.534536538139378,1.4788272484500427,1.4788272484500427,4034456
1992-10-26,1.5598602294921875,1.575053640094004,1.5142796878953129,1.5193441580959186,5410277
1992-10-27,1.5396029949188232,1.5699898319340966,1.5244095764111867,1.564925204202425,2119854
1992-10-28,1.5598602294921875,1.575053640094004,1.5497309792995522,1.5598602294921873,2337130
1992-10-29,1.5598602294921875,1.60037583620132,1.5547956043958697,1.5699890149976865,2258558
1992-10-30,1.549730658531189,1.5598599066272392,1.539601875122179,1.5598599066272392,678289
1992-11-02,1.5598602294921875,1.5598602294921873,1.5446668188903705,1.5497309792995522,1749440
1992-11-03,1.5547956228256226,1.564924408451183,1.5497309976692715,1.5598602479819736,1445573
1992-11-04,1.5446666479110718,1.564924216679758,1.534537398839644,1.554795432295415,1505705
1992-11-05,1.529473066329956,1.5497309467063238,1.5294730663299558,1.5446667864036494,755258
1992-11-06,1.5142792463302612,1.5345371212254708,1.514279246330261,1.5345371212254708,897971
1992-11-09,1.5446666479110718,1.549730807759701,1.5142795202795682,1.5142795202795682,1941061
1992-11-10,1.5345370769500732,1.549730482683111,1.529472608372394,1.5446663238967566,1096808
1992-11-11,1.5396029949188232,1.5497317856947885,1.529473894351273,1.529473894351273,749646
1992-11-12,1.5193431377410889,1.539601159834416,1.5193431377410889,1.539601159834416,792941
1992-11-13,1.5193431377410889,1.5244077594361265,1.5142786709416591,1.5193431377410889,527558
1992-11-16,1.5345370769500732,1.5446663238967566,1.5244082946903772,1.529472608372394,563637
1992-11-17,1.529473066329956,1.5396021614138486,1.51427965604768,1.5345375364240479,568448
1992-11-18,1.5193431377410889,1.5294720713399483,1.5193431377410889,1.5294720713399483,477047
1992-11-19,1.5345370769500732,1.539601700423415,1.5244082946903772,1.5244082946903772,546800
1992-11-20,1.5396029949188232,1.544667622650495,1.5041515301718786,1.544667622650495,1304464
1992-11-23,1.5446666479110718,1.5598600568311287,1.524408614455301,1.539602023375358,1152129
1992-11-24,1.5649243593215942,1.5699889843189452,1.5446667887064436,1.5446667887064436,935654
1992-11-25,1.5699901580810547,1.580118950961157,1.559861365200952,1.5699901580810545,707152
1992-11-27,1.5851818323135376,1.5851818323135376,1.5699884273981561,1.5750530505989373,748042
1992-11-30,1.6007287502288818,1.6007287502288818,1.5751582123063554,1.5751582123063554,3296837
1992-12-01,1.5853872299194336,1.6058439533692608,1.5802729317457975,1.6058439533692608,854676
1992-12-02,1.5853872299194336,1.5905015280930697,1.5751591028168785,1.5853872299194336,679893
1992-12-03,1.5700451135635376,1.5853875418584875,1.5700451135635376,1.5700451135635376,1218675
1992-12-04,1.5802736282348633,1.5853879286625736,1.5751597970520768,1.580273628234863,711161
1992-12-07,1.5956158638000488,1.5956158638000488,1.5751596030978965,1.5802734336510014,699135
1992-12-08,1.5905002355575562,1.590500235557556,1.5802716475226455,1.590500235557556,812183
1992-12-09,1.5956158638000488,1.5956158638000488,1.5802734336510014,1.5802734336510014,936456
1992-12-10,1.5853872299194336,1.5956153570219884,1.5700448046432425,1.5956153570219884,684703
1992-12-11,1.5700451135635376,1.5905018410384073,1.5598169844485075,1.5905018410384073,594104
1992-12-14,1.5802736282348633,1.580273628234863,1.5649311961966557,1.5700454966243662,1293239
1992-12-15,1.5700451135635376,1.5853875418584875,1.5700451135635376,1.5802732426785675,420924
1992-12-16,1.5700451135635376,1.5802732426785675,1.5598169844485075,1.5700451135635376,500298
1992-12-17,1.5956158638000488,1.5956158638000488,1.564931003501954,1.570045303299925,841848
1992-12-18,1.5956158638000488,1.60073016359802,1.5853877334489725,1.60073016359802,1677282
1992-12-21,1.5956158638000488,1.5956158638000488,1.590502033246944,1.5956158638000488,513126
1992-12-22,1.5905002355575562,1.5956140603306754,1.5802716475226455,1.5956140603306754,870711
1992-12-23,1.5700451135635376,1.5905018410384073,1.5700451135635376,1.5853875418584875,786527
1992-12-24,1.5649309158325195,1.5700452153439812,1.5444743434464596,1.5700452153439812,316695
1992-12-28,1.5802736282348633,1.580273628234863,1.5598173650138694,1.5598173650138694,373620
1992-12-29,1.6007287502288818,1.616071166831288,1.5802720383441895,1.5802720383441895,2094999
1992-12-30,1.5956158638000488,1.6109586067790072,1.590502033246944,1.6058444633959914,618157
1992-12-31,1.6058437824249268,1.6314143320816517,1.6007294847957148,1.6058437824249265,1119257
1993-01-04,1.5751583576202393,1.6211856116736336,1.5751583576202393,1.616071315919536,1252349
1993-01-05,1.5291316509246826,1.5598168170513707,1.524017665123461,1.5547025184203094,1645212
1993-01-06,1.5189032554626465,1.5393599792467734,1.5086751281929456,1.5342456809895604,1654833
1993-01-07,1.4984462261199951,1.5189027871824223,1.4933319294395284,1.5137886469168156,1501697
1993-01-08,1.4831035137176514,1.4933316358229674,1.4677610959374334,1.4933316358229674,1222684
1993-01-11,1.4933316707611084,1.5137883846948357,1.4677611302773235,1.4831035484164943,958905
1993-01-12,1.5291316509246826,1.5291316509246826,1.498446797627834,1.5035609398439753,1666057
1993-01-13,1.5240161418914795,1.5342442596859875,1.5189018483720802,1.5291301225813518,1280411
1993-01-14,1.5342450141906738,1.5495874330496124,1.5240168913662215,1.5342450141906736,2395659
1993-01-15,1.6007287502288818,1.6058430455111679,1.5495872051393769,1.554701500421663,1448780
1993-01-18,1.6365289688110352,1.6365289688110352,1.5956155177891231,1.6007298164780532,2851860
1993-01-19,1.6723276376724243,1.6723276376724243,1.6314143510668342,1.6365286487555626,4966102
1993-01-20,1.6723276376724243,1.7030124853154485,1.6620995115396404,1.6723276376724243,1555414
1993-01-21,1.6672132015228271,1.6723273418921396,1.6467564836307145,1.6672132015228271,2636187
1993-01-22,1.6723276376724243,1.6774419353611525,1.6620995115396404,1.6723276376724243,768086
1993-01-25,1.6672132015228271,1.6876697630000768,1.6672132015228271,1.6774416386763151,1164957
1993-01-26,1.6672132015228271,1.6774416386763151,1.662099217568378,1.6774416386763151,1685300
1993-01-27,1.6876699924468994,1.6876699924468994,1.6620994435387622,1.6672134281884818,1071953
1993-01-28,1.6927839517593384,1.7183544955592542,1.6825555152585776,1.6876696553015313,2564830
1993-01-29,1.6876699924468994,1.7081267131202014,1.682555851382295,1.682555851382295,978949
1993-02-01,1.7183552980422974,1.7234695968885152,1.6774423150068924,1.6876704434545489,966121
1993-02-02,1.7132408618927002,1.723468986719237,1.7081265648571253,1.7183546896836621,1080773
1993-02-03,1.6774414777755737,1.743925452614333,1.6723271814819631,1.7183544403908246,4199619
1993-02-04,1.6927839517593384,1.7081263718881998,1.6620991115016155,1.67232723517267,2072550
1993-02-05,1.7132408618927002,1.7183546896836621,1.687669845959439,1.687669845959439,1399071
1993-02-08,1.7132408618927002,1.7183546896836621,1.7030122678215507,1.7183546896836621,1650824
1993-02-09,1.7183552980422974,1.7183552980422974,1.708127169594641,1.7132414684408586,751249
1993-02-10,1.728582739830017,1.7285827398300169,1.7183541489774488,1.723468444403733,1484860
1993-02-11,1.7081260681152344,1.7285827810638832,1.7081260681152344,1.7285827810638832,1132887
1993-02-12,1.6672132015228271,1.7081264808921894,1.6467564836307145,1.7081264808921894,2488663
1993-02-16,1.62630033493042,1.6569851819833046,1.62630033493042,1.6518710408078237,1876118
1993-02-17,1.6825554370880127,1.682555437088013,1.6365281788398287,1.6365281788398287,1456798
1993-02-18,1.6876699924468994,1.7439258569873164,1.6876699924468994,1.7388115595078275,2042885
1993-02-19,1.7388110160827637,1.7388110160827637,1.697897743937539,1.697897743937539,1748639
1993-02-22,1.795067548751831,1.8052958324828512,1.759268555693261,1.759268555693261,2968116
1993-02-23,1.795067548751831,1.8052958324828512,1.764382697558771,1.8052958324828512,1876920
1993-02-24,1.7899532318115234,1.7899532318115234,1.7694965099354403,1.7899532318115234,719179
1993-02-25,1.7899532318115234,1.795067373176821,1.7694965099354403,1.7797249490809288,1870506
1993-02-26,1.795067548751831,1.8052958324828512,1.789953406886321,1.789953406886321,1233909
1993-03-01,1.8052959442138672,1.8052959442138672,1.7899535176677839,1.7950676598498116,809778
1993-03-02,1.8359801769256592,1.8462086142484297,1.7950670532940407,1.8001810373331273,1771890
1993-03-03,1.8410940170288086,1.8666650279567203,1.8257515981698698,1.8308658942043563,2356373
1993-03-04,1.8462092876434326,1.8615517146013578,1.8257525619512758,1.8410949889092012,2758054
1993-03-05,1.8564364910125732,1.876893206513438,1.8308659485698935,1.8462083678844083,1462410
1993-03-08,1.8618009090423584,1.872115415936093,1.8411714220472504,1.846328912097937,2171166
1993-03-09,1.8618009090423584,1.872115415936093,1.8308569151535157,1.8514860866768645,1379829
1993-03-10,1.8669575452804565,1.8824298532351669,1.8411708911420526,1.856642883625095,1526551
1993-03-11,1.856642723083496,1.8875867053738928,1.8566427230834959,1.8824296904638007,1288428
1993-03-12,1.8256986141204834,1.8669572543116937,1.820541284096582,1.8669572543116937,725593
1993-03-15,1.8411705493927002,1.8566425390039052,1.8256985597814954,1.8256985597814954,743232
1993-03-16,1.8308565616607666,1.8411710665630279,1.8205417412868077,1.8411710665630279,752051
1993-03-17,1.8256986141204834,1.8411706041921874,1.8153837963368713,1.820541284096582,762474
1993-03-18,1.897902250289917,1.9030592667452397,1.8308567775022948,1.8308567775022948,2029255
1993-03-19,1.949475884437561,1.95979054995769,1.908217064621153,1.9185315724053886,3506097
1993-03-22,1.9546326398849487,1.9701046348439604,1.9236886499669257,1.9340034710087926,1380631
1993-03-23,1.944318175315857,1.9494755070776166,1.9236886905329553,1.9391606858182344,1243530
1993-03-24,1.9752627611160278,1.9907347610636703,1.923689270221309,1.934004094588981,3062723
1993-03-25,1.9597911834716797,1.9752631867532886,1.9546336913085325,1.9752631867532886,2365192
1993-03-26,1.9597911834716797,1.9701056945901414,1.9494765146172737,1.9546336913085325,1759061
1993-03-29,1.9752627611160278,1.9752627611160278,1.9597907611683851,1.9701052700642367,1356578
1993-03-30,1.9752627611160278,1.9855775854836994,1.9546332701165943,1.9752627611160278,1439961
1993-03-31,1.9907338619232178,1.995891192909724,1.975261868963699,1.9804191999502052,1359785
1993-04-01,1.9958914518356323,1.9958914518356323,1.975262125213376,1.9907341201800681,912403
1993-04-02,1.9752627611160278,2.006206761011313,1.9701052700642367,2.006206761011313,1189010
1993-04-05,1.9804191589355469,1.9804191589355469,1.9443178427776646,1.9752618280558494,2039678
1993-04-06,1.9958914518356323,2.0062061151467603,1.975262125213376,1.9804194568689402,690315
1993-04-07,2.001049041748047,2.006206215926818,1.990734220182903,1.9958915520975413,1064737
1993-04-08,2.026834726333618,2.031992213904543,1.9752614279824037,2.0010482348938146,1646815
1993-04-12,2.011364221572876,2.0268362224993295,2.011364221572876,2.016521712950947,955698
1993-04-13,2.011364221572876,2.016521712950947,1.9958922206464225,2.0010497120244937,852271
1993-04-14,2.0165212154388428,2.0165212154388428,2.0010492183296096,2.0010492183296096,485867
1993-04-15,1.9804191589355469,2.03715011408389,1.9804191589355469,2.0216778059731264,1185001
1993-04-16,1.9958914518356323,2.001048941227056,1.9804194568689402,1.9907341201800681,1710956
1993-04-19,1.9855767488479614,1.995891253397729,1.9649472665408951,1.995891253397729,942870
1993-04-20,2.0371503829956055,2.0371503829956055,1.9855769096548976,1.9855769096548976,1196226
1993-04-21,2.011364221572876,2.0319937138774007,2.011364221572876,2.021678888857178,807372
1993-04-22,1.9855767488479614,2.0216779091117574,1.9804192599693122,2.0113632468261464,1259565
1993-04-23,2.026834726333618,2.031992213904543,1.9855762453884502,1.990733417487768,914006
1993-04-26,2.0371503829956055,2.0784088777436303,2.0165208990178085,2.0319928936992637,2879120
1993-04-27,1.9546326398849487,2.0113634458038505,1.954632639884949,2.001048940233702,1229098
1993-04-28,1.9752627611160278,1.9804200944319086,1.9288467612731002,1.9546332701165943,2014021
1993-04-29,1.9804191589355469,1.9958911515746391,1.9752618280558494,1.9804191589355469,465823
1993-04-30,1.9855767488479614,1.995891253397729,1.9752619288265065,1.9907339222549236,780113
1993-05-03,2.011364221572876,2.021678888857178,1.9907348870042714,2.0010497120244937,1102420
1993-05-04,2.031993865966797,2.042308376287193,2.0010498617978123,2.0010498617978123,1338939
1993-05-05,2.011364221572876,2.037151205255472,2.0062068879307247,2.021678888857178,1700533
1993-05-06,2.021678924560547,2.026836258293778,2.001049747363546,2.011364257094085,1334129
1993-05-07,2.021678924560547,2.026836258293778,2.011364257094085,2.021678924560547,814588
1993-05-10,1.9804191589355469,2.0423071294919164,1.9804191589355469,2.031992625468357,2065334
1993-05-11,2.0165212154388428,2.0216783900727058,1.9752623987450064,1.980419731114751,1288428
1993-05-12,2.026834726333618,2.026834726333618,2.0062054069931325,2.0216773964984966,1349362
1993-05-13,2.026834726333618,2.0371497014754683,2.0165202243991787,2.026834726333618,975742
1993-05-14,2.026834726333618,2.031992213904543,2.0216773964984966,2.026834726333618,808174
1993-05-17,1.9958914518356323,2.0268354417690166,1.9958914518356323,2.0268354417690166,1332525
1993-05-18,1.9597911834716797,2.0062071933165067,1.9494765146172737,2.0010500166252476,601320
1993-05-19,1.9958914518356323,1.9958914518356323,1.9494754669355558,1.9597901302466838,1277204
1993-05-20,1.9855767488479614,2.0010487422763785,1.9701044399478573,1.9855767488479614,829822
1993-05-21,1.9855767488479614,2.0062059156833407,1.9804192599693122,1.9855767488479614,1000597
1993-05-24,1.990983486175537,1.9961818656857244,1.975388347644975,1.9805867271551625,672677
1993-05-25,1.9857845306396484,2.0013799838776087,1.9805863112124376,2.0013799838776087,918817
1993-05-26,2.0117762088775635,2.0117762088775635,1.9753875666921938,1.9857841626110633,2484654
1993-05-27,2.053363800048828,2.053363800048828,2.0169749943789506,2.0169749943789506,2573650
1993-05-28,2.0325710773468018,2.048166218916476,2.0221741573090224,2.048166218916476,1260367
1993-06-01,2.001380443572998,2.0273721826441355,2.001380443572998,2.0221738030316474,3327304
1993-06-02,1.9857845306396484,2.0013799838776087,1.975387932793961,2.0013799838776087,1176984
1993-06-03,1.9805866479873657,1.9857848682984716,1.9701897303912765,1.9857848682984716,2600910
1993-06-04,2.037768840789795,2.042967220144428,1.9857848882521705,1.9909834265980977,4109020
1993-06-07,2.048166036605835,2.058562637735536,2.0377691174935024,2.0377691174935024,2459800
1993-06-08,2.0585615634918213,2.0585615634918213,2.0481649677875,2.05336350412651,1160949
1993-06-09,2.048166036605835,2.058562637735536,2.042967497554011,2.058562637735536,869108
1993-06-10,2.042966365814209,2.0533634381582027,2.042966365814209,2.0533634381582027,816192
1993-06-11,2.037768840789795,2.048165758490355,2.016975482362557,2.048165758490355,888350
1993-06-14,2.0585615634918213,2.0585615634918213,2.032569835744168,2.0377680541007126,1056720
1993-06-15,2.053363800048828,2.053363800048828,2.0325701286697884,2.053363800048828,1782313
1993-06-16,2.0845539569854736,2.0949505536312865,2.0533636900742933,2.0533636900742933,1690912
1993-06-17,2.1105449199676514,2.1105449199676514,2.0949497921804183,2.0949497921804183,1697326
1993-06-18,2.115743637084961,2.1573308070900463,2.10534688433149,2.1105451017170225,2146312
1993-06-21,2.1625301837921143,2.1677285629556624,2.1313399088108254,2.1313399088108254,2867094
1993-06-22,2.1833226680755615,2.1937194214866165,2.1677275379589784,2.1677275379589784,2105422
1993-06-23,2.1677277088165283,2.1833228401622997,2.152132577470757,2.1781244630470424,2847050
1993-06-24,2.1573314666748047,2.1625296856496456,2.1469345517513676,2.1625296856496456,1428736
1993-06-25,2.1937217712402344,2.1937217712402344,2.1573332543160477,2.1625314775983173,1067944
1993-06-28,2.235307216644287,2.240505753788795,2.18852181326503,2.1937200324270236,2016426
1993-06-29,2.2768945693969727,2.2768945693969727,2.24570398018623,2.24570398018623,1983554
1993-06-30,2.2768945693969727,2.2924897050110746,2.2664976533296355,2.2768945693969727,1229900
1993-07-01,2.2768945693969727,2.2924897050110746,2.2612994337828707,2.2820927889437375,1739017
1993-07-02,2.2872917652130127,2.3028869038185174,2.271696626607508,2.282093226686545,2399668
1993-07-06,2.2872917652130127,2.292490144748181,2.2664980880810397,2.282093226686545,3422714
1993-07-07,2.2768945693969727,2.3080848406251766,2.2768945693969727,2.3080848406251766,2022039
1993-07-08,2.2820916175842285,2.2872901524452103,2.271695024835827,2.2768934007056214,1484860
1993-07-09,2.3288791179656982,2.354870858407815,2.2820933810029085,2.2820933810029085,2114241
1993-07-12,2.308084487915039,2.3236796211459696,2.308084487915039,2.3236796211459696,1714965
1993-07-13,2.3236796855926514,2.339274819256109,2.3028861740413746,2.3132830888082623,1225089
1993-07-14,2.3600683212280273,2.3704649172698273,2.323679519621156,2.328878056128913,1407891
1993-07-15,2.3496720790863037,2.365267534077816,2.3288787220656597,2.3496720790863037,1575458
1993-07-16,2.2924890518188477,2.344472981378827,2.287290674761972,2.339274445330728,1172173
1993-07-19,2.188521385192871,2.297687305058414,2.18332284906519,2.297687305058414,2641799
1993-07-20,2.2664988040924072,2.2664988040924072,2.2041182299636937,2.2041182299636937,2568839
1993-07-21,2.2457048892974854,2.2613003492075148,2.2405068266376986,2.2561019685650607,2490267
1993-07-22,2.2457048892974854,2.250903428931273,2.2353082870039107,2.2405068266376986,1136094
1993-07-23,2.2249107360839844,2.256101006640237,2.2145136612493688,2.2457039318056213,1524146
1993-07-26,2.344472885131836,2.3548694798275545,2.26649691449738,2.26649691449738,2921614
1993-07-27,2.3236796855926514,2.39125875712555,2.3132830888082623,2.3860602202464816,2078964
1993-07-28,2.3236796855926514,2.3340764413682895,2.3132830888082623,2.3132830888082623,1881731
1993-07-29,2.318481683731079,2.323680062462005,2.308084926269228,2.323680062462005,941266
1993-07-30,2.3548688888549805,2.370464015471667,2.3184802600827124,2.3184802600827124,2716363
1993-08-02,2.3600683212280273,2.3600683212280273,2.328878056128913,2.3600683212280273,2123061
1993-08-03,2.3600683212280273,2.3652668577357843,2.3496714072037514,2.3548697847202704,2064532
1993-08-04,2.375664472579956,2.375664472579956,2.3600693333424325,2.36526787207958,1102420
1993-08-05,2.4640371799468994,2.4640371799468994,2.386061008883312,2.386061008883312,2011616
1993-08-06,2.458838939666748,2.4640374788947383,2.4432437989567406,2.4640374788947383,2447773
1993-08-09,2.4640371799468994,2.474433780167555,2.4536401027523382,2.4640371799468994,1205045
1993-08-10,2.432847023010254,2.458838763338357,2.427648484155062,2.458838763338357,1030262
1993-08-11,2.4432427883148193,2.448441325392446,2.4328461911333314,2.4432427883148193,1009416
1993-08-12,2.4848296642303467,2.4848296642303467,2.44844102213278,2.453639081592818,2060523
1993-08-13,2.458838939666748,2.4796324606134243,2.448442338184731,2.4796324606134243,1670868
1993-08-16,2.4744319915771484,2.479630367425592,2.4588368640318174,2.4588368640318174,1568243
1993-08-17,2.4900293350219727,2.5004262549623593,2.4692359721151846,2.479632574072914,1733405
1993-08-18,2.4952266216278076,2.5108217562147295,2.4848300242277848,2.490028243432167,1895361
1993-08-19,2.505624294281006,2.505624294281006,2.4952275340878156,2.4952275340878156,1379829
1993-08-20,2.4536402225494385,2.500425959270129,2.448442160672272,2.500425959270129,1767079
1993-08-23,2.4172232151031494,2.448616142109585,2.4015269916327107,2.448616142109585,1749440
1993-08-24,2.5218665599823,2.5270986376571543,2.4276891618349175,2.4276891618349175,3354564
1993-08-25,2.5218665599823,2.5375631130507634,2.5166346423293953,2.5270986376571543,1743026
1993-08-26,2.511401891708374,2.521866044920903,2.5061698151021092,2.521866044920903,717575
1993-08-27,2.4957053661346436,2.5114015940933476,2.485241374184073,2.5009376021427765,780914
1993-08-30,2.4904725551605225,2.495704629602668,2.485240640740228,2.495704629602668,1252349
1993-08-31,2.4904725551605225,2.5009368640666647,2.4800085662980824,2.4904725551605225,1197829
1993-09-01,2.4904725551605225,2.495704629602668,2.4800085662980824,2.4904725551605225,806571
1993-09-02,2.5061707496643066,2.5218669853362967,2.5009388311289538,2.5009388311289538,555620
1993-09-03,2.5009374618530273,2.5114014532166222,2.495705226138396,2.5009374618530273,1010218
1993-09-07,2.5061707496643066,2.5218669853362967,2.490474513992317,2.5166350668009434,1311679
1993-09-08,2.427690029144287,2.511403301849117,2.427690029144287,2.506171222305065,1504102
1993-09-09,2.432919502258301,2.443383489425887,2.4224550350252394,2.432919502258301,1508912
1993-09-10,2.4800100326538086,2.495706105239012,2.4381530923241854,2.4381530923241854,975742
1993-09-13,2.548027276992798,2.553259515035843,2.4852423407397852,2.4852423407397852,1674877
1993-09-14,2.5689549446105957,2.5689549446105957,2.5323302499103564,2.548026479058212,1544992
1993-09-15,2.5532588958740234,2.5584906525824933,2.5270981920686157,2.5584906525824933,1232305
1993-09-16,2.5689549446105957,2.5741867009493933,2.548026479058212,2.548026479058212,1322102
1993-09-17,2.532330274581909,2.5532587403381917,2.5270980381264048,2.5480265038826873,2711552
1993-09-20,2.574186086654663,2.589882792122443,2.5689543315643535,2.5689543315643535,1279609
1993-09-21,2.5584912300109863,2.574187463810424,2.5480272341666526,2.574187463810424,1302058
1993-09-22,2.6160435676574707,2.6212758039332025,2.553258652611567,2.553258652611567,1254754
1993-09-23,2.6212754249572754,2.6265071804108966,2.610810953918733,2.6160431894380043,744835
1993-09-24,2.6212754249572754,2.6212754249572754,2.610810953918733,2.6212754249572754,778509
1993-09-27,2.6422033309936523,2.657899555133624,2.621275032140357,2.621275032140357,2046893
1993-09-28,2.6422033309936523,2.6422033309936523,2.6265067868099616,2.6422033309936523,1112843
1993-09-29,2.6317408084869385,2.6683655163700997,2.621276811977137,2.642205125040676,1382234
1993-09-30,2.6317408084869385,2.6317408084869385,2.6108123354014316,2.6317408084869385,1752647
1993-10-01,2.6317408084869385,2.6317408084869385,2.616044573689284,2.621276811977137,1135292
1993-10-04,2.626507520675659,2.626507520675659,2.6160435283471535,2.626507520675659,1579467
1993-10-05,2.6422033309936523,2.6422033309936523,2.621275032140357,2.6265067868099616,1725388
1993-10-06,2.6317408084869385,2.642205125040676,2.6265085701990856,2.6369730467747914,1231503
1993-10-07,2.6160435676574707,2.6631322539418982,2.6160435676574707,2.6265075601432146,1195424
1993-10-08,2.600348472595215,2.621276946756813,2.5846522369904985,2.621276946756813,524351
1993-10-11,2.574186086654663,2.6055790175246063,2.563722096408427,2.6003467823686797,700738
1993-10-12,2.6055803298950195,2.616044325411728,2.5794196210044604,2.5794196210044604,755258
1993-10-13,2.610811233520508,2.616043469600119,2.595115005347375,2.605579477506598,1575458
1993-10-14,2.6212754249572754,2.6265071804108966,2.6055791984651115,2.6212754249572754,811381
1993-10-15,2.610811233520508,2.657900238083708,2.610811233520508,2.652668162025997,1280411
1993-10-18,2.610811233520508,2.636971933852864,2.605579477506598,2.621275705679731,822606
1993-10-19,2.4904725551605225,2.6055786729532784,2.4904725551605225,2.6055786729532784,1367803
1993-10-20,2.385831832885742,2.4852417726276816,2.359671608782359,2.4852417726276816,3317683
1993-10-21,2.427690029144287,2.448618507342502,2.401529311380014,2.401529311380014,1497688
1993-10-22,2.427690029144287,2.4381540282103837,2.422457789578228,2.4329222687103464,881134
1993-10-25,2.380599021911621,2.4224554579550395,2.375366787381609,2.4172232234250277,4913987
1993-10-26,2.3753676414489746,2.4172240925419493,2.3753676414489746,2.3858316342057853,1941061
1993-10-27,2.4172232151031494,2.4172232151031494,2.375366779203832,2.375366779203832,1239521
1993-10-28,2.443384885787964,2.4538488789355832,2.411992426279356,2.4329208926403445,2147113
1993-10-29,2.4852421283721924,2.495706123498237,2.4381531101623377,2.44338534775828,1004605
1993-11-01,2.6055803298950195,2.6055803298950195,2.4852422211565086,2.4852422211565086,1399071
1993-11-02,2.527097463607788,2.5741861408048274,2.5061691626313265,2.5741861408048274,1269186
1993-11-03,2.3439760208129883,2.5218668416485444,2.333511704272574,2.516634923411289,3603110
1993-11-04,2.3753676414489746,2.3858316342057853,2.3439751831128106,2.3439751831128106,2981746
1993-11-05,2.3439760208129883,2.3806007286495183,2.3439760208129883,2.370136252087136,1390252
1993-11-08,2.3439760208129883,2.364904173827913,2.3439760208129883,2.3439760208129883,984962
1993-11-09,2.2497975826263428,2.3649034280524375,2.2184051229706583,2.3649034280524375,1547798
1993-11-10,2.2497975826263428,2.2916543555225064,2.2393335894296986,2.2497975826263428,2192012
1993-11-11,2.1660847663879395,2.2497981741692445,2.1346922984781846,2.2497981741692445,2285417
1993-11-12,2.3230466842651367,2.333510836894001,2.228868990561541,2.228868990561541,2108629
1993-11-15,2.228870153427124,2.3230478962659538,2.2079418372504915,2.3230478962659538,1305265
1993-11-16,2.176548719406128,2.2288694943770815,2.0823713244584106,2.2288694943770815,2422919
1993-11-17,2.1556196212768555,2.1765480851889047,2.1032987015295785,2.1765480851889047,2500690
1993-11-18,2.239333391189575,2.24979738345988,2.1765481573925216,2.1870124697066324,1939858
1993-11-19,2.302119016647339,2.302119016647339,2.2184056124076132,2.2393340834840094,822205
1993-11-22,2.1346921920776367,2.2393340666050197,2.1137638811809407,2.207941280216073,1749440
1993-11-23,2.1660847663879395,2.1870132383497354,2.1451564544481028,2.1556204503960616,1817189
1993-11-24,2.281191110610962,2.291655428752097,2.166085211278396,2.166085211278396,1255155
1993-11-26,2.312582492828369,2.323046806027629,2.2707260401409144,2.2707260401409144,343153
1993-11-29,2.245943069458008,2.30920926672874,2.235398918243211,2.30920926672874,2740416
1993-11-30,2.2881200313568115,2.3197529603050944,2.2459424702636994,2.2459424702636994,1329719
1993-12-01,2.2881200313568115,2.330297108706821,2.2775753992119823,2.2775753992119823,1257160
1993-12-02,2.309208393096924,2.3197527015702866,2.25648685073011,2.2881197761501983,1769083
1993-12-03,2.2775766849517822,2.3092099542531104,2.2775766849517822,2.2986654774034037,1237116
1993-12-06,2.2248547077178955,2.2670321238051,2.2143103940080353,2.2564879713430024,1615947
1993-12-07,2.161587715148926,2.224853564911283,2.098321865386568,2.1932206400301046,2875111
1993-12-08,2.140498399734497,2.2037645561031227,2.119409627195742,2.1826757835643678,2729592
1993-12-09,2.119410514831543,2.1510437675119,2.0877775846466005,2.1404992962025453,2641799
1993-12-10,2.1299548149108887,2.161587740158054,2.1088660368317633,2.119410183999803,845456
1993-12-13,2.245943069458008,2.256487704416036,2.1404997835848563,2.1404997835848563,2252144
1993-12-14,2.1826775074005127,2.2459433912400213,2.16158887945401,2.2459433912400213,1210257
1993-12-15,2.1510441303253174,2.1826770658457404,2.108866721717019,2.172132592757865,1888145
1993-12-16,2.172132968902588,2.1932217574825152,2.1405000279043405,2.161588816484268,2570443
1993-12-17,2.214308977127075,2.2353977523003787,2.172131588028128,2.1826760562386096,1889748
1993-12-20,2.1510441303253174,2.2037658507737565,2.119410872309426,2.2037658507737565,1728595
1993-12-21,2.1088666915893555,2.1510440995950995,2.0983225411475845,2.1510440995950995,2535566
1993-12-22,2.1088666915893555,2.1088666915893555,2.0561449718941085,2.1088666915893555,2291430
1993-12-23,2.119410514831543,2.1404992962025453,2.0877775846466005,2.119410514831543,1036275
1993-12-27,2.1299548149108887,2.151043431742332,2.1088660368317633,2.119410183999803,1296045
1993-12-28,2.161587715148926,2.161587715148926,2.129954790267747,2.1404989373137933,623769
1993-12-29,2.1510441303253174,2.172132592757865,2.1299555066450355,2.161588442165458,872716
1993-12-30,2.1088666915893555,2.1510440995950995,2.0983225411475845,2.1404996266578644,1712960
1993-12-31,2.0561439990997314,2.129954468500811,2.0561439990997314,2.129954468500811,936857
1994-01-03,2.0245120525360107,2.066689299621322,2.0139675795169496,2.066689299621322,2944865
1994-01-04,2.0245120525360107,2.0350563643073385,1.9190687735749992,2.0245120525360107,5964694
1994-01-05,2.0772342681884766,2.0877784212274997,1.9717909640727533,2.035056849793524,3723774
1994-01-06,2.0561439990997314,2.0877769192022035,2.0561439990997314,2.077232773749035,2086981
1994-01-07,2.0034232139587402,2.0561447671565856,2.0034232139587402,2.0561447671565856,2301452
1994-01-10,2.0561439990997314,2.108865693851507,2.0034224655956114,2.0245110789972594,2131479
1994-01-11,2.087777614593506,2.087777614593506,2.035056063529035,2.035056063529035,2320694
1994-01-12,2.0983223915100098,2.129955324322681,2.066689136201898,2.0772336083871754,1662449
1994-01-13,2.1299548149108887,2.1404989620789285,2.0983218896637235,2.1088660368317633,1807969
1994-01-14,2.0983223915100098,2.1615882571353517,2.0983223915100098,2.129955324322681,1387446
1994-01-17,2.045600652694702,2.119410667184324,2.0350561806273633,2.1088665176124226,2519932
1994-01-18,2.119410514831543,2.1299551473886047,2.0561446544616575,2.0561446544616575,1859281
1994-01-19,2.119410514831543,2.161588077573547,2.1088663660176024,2.1299551473886047,1886942
1994-01-20,2.172132968902588,2.182677443816433,2.12995587548602,2.12995587548602,2012418
1994-01-21,2.203766345977783,2.2248548131490793,2.1721330808536425,2.182677556310946,2054109
1994-01-24,2.140498399734497,2.214308700501041,2.140498399734497,2.214308700501041,1911396
1994-01-25,2.0983223915100098,2.172132406825188,2.0983223915100098,2.172132406825188,2279003
1994-01-26,2.119410514831543,2.119410514831543,2.0877775846466005,2.098322217203662,1496886
1994-01-27,2.1088666915893555,2.1721325617263734,2.0983225411475845,2.1194108420311264,2460201
1994-01-28,2.1299548149108887,2.1404989620789285,2.1088660368317633,2.1088660368317633,1529758
1994-01-31,2.203766345977783,2.214310498939546,2.1194113485582062,2.1299559852632806,1883735
1994-02-01,2.245943069458008,2.256487704416036,2.2037659808555885,2.2037659808555885,3709744
1994-02-02,2.2248547077178955,2.2459433351376163,2.1615888254587334,2.2459433351376163,2392853
1994-02-03,2.235398769378662,2.235398769378662,2.214309984610227,2.235398769378662,1773092
1994-02-04,2.214308977127075,2.2670306731888443,2.214308977127075,2.2564865274736823,1774696
1994-02-07,2.235398769378662,2.256487554147097,2.214309984610227,2.224854296370578,2180386
1994-02-08,2.2564868927001953,2.288119818708648,2.2459422615353395,2.2459422615353395,1427534
1994-02-09,2.2986645698547363,2.3092090425413208,2.2564874853470402,2.267031635538168,1453591
1994-02-10,2.2248547077178955,2.2881209124725834,2.2248547077178955,2.2881209124725834,2012017
1994-02-11,2.203766345977783,2.203766345977783,2.151044613682347,2.1932218705204796,5079150
1994-02-14,2.1826775074005127,2.2248547632935183,2.1510445654807584,2.2248547632935183,1486864
1994-02-15,2.203766345977783,2.2459434415681456,2.1721330808536425,2.203766345977783,1943466
1994-02-16,2.1826775074005127,2.2037662965947824,2.1826775074005127,2.193221821373764,1226693
1994-02-17,2.140498399734497,2.1932200892099254,2.140498399734497,2.1826757835643678,1142107
1994-02-18,2.119410514831543,2.1404992962025453,2.1088663660176024,2.119410514831543,1851264
1994-02-22,2.1510441303253174,2.214310001366163,2.1299555066450355,2.140499657237442,938460
1994-02-23,2.1299548149108887,2.151043431742332,2.1088660368317633,2.1299548149108887,1180191
1994-02-24,2.1088666915893555,2.1510440995950995,2.1088666915893555,2.1194108420311264,1303261
1994-02-25,2.0983223915100098,2.129955324322681,2.0983223915100098,2.119410690889683,1369005
1994-02-28,2.094919443130493,2.1268217028113185,2.084285193949614,2.1161877788716477,1270790
1994-03-01,2.094919443130493,2.105553367070164,2.073651107389339,2.094919443130493,1419917
1994-03-02,2.073651075363159,2.0842851617591975,2.0417488161750437,2.0630171515877223,1784317
1994-03-03,2.052382469177246,2.126821220851168,2.052382469177246,2.0949189683997305,1620758
1994-03-04,2.052382469177246,2.063016715948293,2.009846132575329,2.052382469177246,1302459
1994-03-07,2.084284782409668,2.0949190294908258,2.052382529027911,2.052382529027911,1004605
1994-03-08,2.063015937805176,2.094918178223498,2.063015937805176,2.084283935463551,1594300
1994-03-09,2.084284782409668,2.116187361032569,2.052382529027911,2.052382529027911,1634388
1994-03-10,2.179992437362671,2.1906263619810096,2.105553501448767,2.105553501448767,2026048
1994-03-11,2.11618709564209,2.1799915944038983,2.094918766767602,2.1799915944038983,1002601
1994-03-14,2.094919443130493,2.1268217028113185,2.073651107389339,2.1268217028113185,6063711
1994-03-15,2.105552911758423,2.105552911758423,2.073650658976247,2.105552911758423,3670057
1994-03-16,2.126821517944336,2.126821517944336,2.0949192610365097,2.0949192610365097,1246737
1994-03-17,2.1693577766418457,2.1693577766418457,2.1268212763101793,2.1374551981173813,1438758
1994-03-18,2.1693577766418457,2.1799918610696194,2.1587235295935003,2.1693577766418457,3147309
1994-03-21,2.1693577766418457,2.1799918610696194,2.1587235295935003,2.1587235295935003,1503701
1994-03-22,2.179992437362671,2.1906263619810096,2.1693583501237175,2.1693583501237175,813386
1994-03-23,2.2012600898742676,2.21189417459165,2.169357835722121,2.169357835722121,1156138
1994-03-24,2.2012600898742676,2.2012600898742676,2.179991920439503,2.1906258425363094,860289
1994-03-25,2.1374547481536865,2.1906253217199882,2.1268208285850716,2.179991402151373,1055116
1994-03-28,2.179992437362671,2.2012606118405778,2.1268218385472886,2.1374557631656277,1657639
1994-03-29,2.052382469177246,2.1693577200736525,2.052382469177246,2.1693577200736525,1425930
1994-03-30,1.9354093074798584,2.0630187695539517,1.9247750501230763,2.0630187695539517,4529142
1994-03-31,2.041748046875,2.041748046875,1.9141387329626098,1.9566753877607939,3478837
1994-04-04,1.8822367191314697,2.041748299985982,1.8822367191314695,2.0098460488633036,1182195
1994-04-05,1.999212622642517,2.0204809614027917,1.9460420196727717,1.9673103584330462,1332124
1994-04-06,1.9885777235031128,2.009845889228983,1.9673093951566947,1.9673093951566947,1033068
1994-04-07,1.9673100709915161,2.0098465796764753,1.9673100709915163,1.9992123305397826,734011
1994-04-08,1.9779431819915771,1.9885775893783428,1.9673092624664221,1.9673092624664221,1003403
1994-04-11,1.9673100709915161,1.9992123305397826,1.9673100709915163,1.9673100709915163,1117653
1994-04-12,1.9885777235031128,1.9992116437455,1.9566754749143074,1.9673093951566947,1093601
1994-04-13,2.020479202270508,2.020479202270508,1.999210882027518,2.009845123459256,678690
1994-04-14,2.0311145782470703,2.0311145782470703,1.9992123188847875,2.0098465679594844,853874
1994-04-15,2.052382469177246,2.0736506374782047,2.03111413825572,2.03111413825572,1499692
1994-04-18,2.0311145782470703,2.0630171628505587,1.9992123188847875,2.0523829137758614,830623
1994-04-19,1.999212622642517,2.0417491375424386,1.9885786971933208,2.009846873332968,695527
1994-04-20,1.9779431819915771,2.0417480001068022,1.956675342941267,2.0204798358154186,2034867
1994-04-21,2.020479202270508,2.020479202270508,1.967308645593762,1.988576965836752,2571244
1994-04-22,2.041748046875,2.094918621441919,2.0204798820964482,2.0311138018651835,2185999
1994-04-25,2.094919443130493,2.094919443130493,1.9992123388468095,2.0311145985276347,1116050
1994-04-26,2.1480894088745117,2.1480894088745117,2.1055527498611424,2.1161871585453196,1188208
1994-04-28,2.1587228775024414,2.1906251211489685,2.148088958907455,2.1587228775024414,1805964
1994-04-29,2.1906256675720215,2.2012599140606275,2.148089494720413,2.1587234159678927,950887
1994-05-02,2.1693577766418457,2.1906257828768214,2.1374551981173813,2.1693577766418457,958504
1994-05-03,2.1693577766418457,2.1693577766418457,2.1374551981173813,2.1587235295935003,1048301
1994-05-04,2.445845365524292,2.6053570162623845,2.392674761071384,2.573454751163019,9734168
1994-05-05,2.4033079147338867,2.499014998050473,2.392673830503281,2.4564783358869136,4465002
1994-05-06,2.4564785957336426,2.4671130063302953,2.339503656823354,2.3714059128897964,3896955
1994-05-09,2.3501369953155518,2.4352101448720203,2.3501369953155518,2.4352101448720203,3492467
1994-05-10,2.3714051246643066,2.4033073701268406,2.3501367984020853,2.4033073701268406,2228893
1994-05-11,2.328869104385376,2.37140543727613,2.296966529476204,2.3607713540534414,1342146
1994-05-12,2.2969677448272705,2.3501383516944228,2.286333818598607,2.3395044254657598,1184200
1994-05-13,2.3714051246643066,2.392673288305996,2.2969662266773305,2.3076006337392387,993782
1994-05-16,2.4245760440826416,2.445844374821328,2.3714056237873424,2.3714056237873424,1362992
1994-05-17,2.4245760440826416,2.4671127055600137,2.392673791905462,2.4564782962598213,1116852
1994-05-18,2.4033079147338867,2.4245760831950975,2.3714056620420703,2.4245760831950975,1705744
1994-05-19,2.445845365524292,2.4777476306236577,2.4139431004249263,2.4139431004249263,1128076
1994-05-20,2.4033079147338867,2.445844414276877,2.350137330960291,2.4352104926668403,2365192
1994-05-23,2.3714051246643066,2.413941614568217,2.3714051246643066,2.4033073701268406,1670868
1994-05-24,2.3501369953155518,2.3820395686922047,2.3395030752242434,2.3820395686922047,1999589
1994-05-25,2.3820407390594482,2.3926746643755195,2.3288701367553393,2.3501381500081076,1057521
1994-05-26,2.4033079147338867,2.4352104926668403,2.3820399088932445,2.3820399088932445,1221481
1994-05-27,2.421306610107422,2.4855892836680615,2.389165437165558,2.389165437165558,1387446
1994-05-31,2.4105937480926514,2.464162552663104,2.4105937480926514,2.442734932531814,893962
1994-06-01,2.3891654014587402,2.3998792894510284,2.3677377893126175,2.3998792894510284,1003002
1994-06-02,2.346311330795288,2.399880134260282,2.346311330795288,2.399880134260282,655840
1994-06-03,2.3570263385772705,2.3891675398057153,2.3463126048344556,2.3677399084814854,819399
1994-06-06,2.39988112449646,2.4105946930038655,2.3784534959659123,2.3891672283118965,679492
1994-06-07,2.39988112449646,2.39988112449646,2.3891672283118965,2.39988112449646,749245
1994-06-08,2.421306610107422,2.453448110726198,2.399879325317969,2.399879325317969,1358983
1994-06-09,2.421306610107422,2.4427340587353314,2.421306610107422,2.421306610107422,748042
1994-06-10,2.442735195159912,2.485590440030028,2.4320216297001815,2.442735195159912,1137697
1994-06-13,2.432021379470825,2.485590184289007,2.4213074874363767,2.432021379470825,1342146
1994-06-14,2.4855899810791016,2.4855899810791016,2.4320211806404477,2.442734744121976,2812173
1994-06-15,2.5820140838623047,2.592727977331668,2.485590517184869,2.485590517184869,3983144
1994-06-16,2.5605857372283936,2.5712992986223875,2.507017111066074,2.5498718481574594,1358983
1994-06-17,2.5391595363616943,2.5605869973717326,2.5284454781795738,2.5605869973717326,1574657
1994-06-20,2.5177314281463623,2.5177314281463623,2.4855902428019316,2.5177314281463623,825813
1994-06-21,2.4748761653900146,2.517731406491024,2.4320214158045586,2.507017841973548,1382635
1994-06-22,2.464163064956665,2.4855906895427067,2.432021873835426,2.474876631491863,729201
1994-06-23,2.432021379470825,2.4963037486464246,2.432021379470825,2.4748761284160428,820601
1994-06-24,2.3570263385772705,2.4320226386155746,2.3570263385772705,2.4320226386155746,1545793
1994-06-27,2.4534475803375244,2.48558874633108,2.3355961468458926,2.357023754680017,1104024
1994-06-28,2.4855899810791016,2.5177311630391923,2.464162362600539,2.464162362600539,1412300
1994-06-29,2.5177314281463623,2.5498726134907934,2.4748761866767497,2.4748761866767497,1257160
1994-06-30,2.4534475803375244,2.5177299123246355,2.4427335306628315,2.5177299123246355,910799
1994-07-01,2.432021379470825,2.464162564058625,2.3998801948830253,2.464162564058625,1153332
1994-07-05,2.5177314281463623,2.5177314281463623,2.432021436722694,2.4427350013323186,488673
1994-07-06,2.5284454822540283,2.5284454822540283,2.4641630991203263,2.5177319155702955,1411499
1994-07-07,2.5177314281463623,2.560586505777456,2.507017863536738,2.507017863536738,875522
1994-07-08,2.5284454822540283,2.5284454822540283,2.474876665804059,2.4963042906871773,712364
1994-07-11,2.5177314281463623,2.5284449927559867,2.496303807411556,2.5284449927559867,482259
1994-07-12,2.5605857372283936,2.5605857372283936,2.528444233854062,2.528444233854062,1552608
1994-07-13,2.6141555309295654,2.624869096437014,2.5605867203611257,2.5605867203611257,3096397
1994-07-14,2.6141555309295654,2.6141555309295654,2.5498728271766113,2.5927279083990697,1989968
1994-07-15,2.732006311416626,2.7427198753313284,2.6141551422927956,2.6141551422927956,5542968
1994-07-18,2.699864625930786,2.7212920774512943,2.657009395212813,2.699864625930786,3667250
1994-07-19,2.7105789184570312,2.732006539591579,2.689151297322483,2.689151297322483,2042885
1994-07-20,2.6570096015930176,2.699864835639722,2.624868421815725,2.699864835639722,988971
1994-07-21,2.6677234172821045,2.6677234172821045,2.624868187068037,2.6570093639708734,791738
1994-07-22,2.6784379482269287,2.6784379482269287,2.624869136834059,2.6677243825545975,2976534
1994-07-25,2.6891510486602783,2.6891510486602783,2.6462963018694703,2.678437484841457,1116451
1994-07-26,2.6570096015930176,2.6784372186163696,2.6462960388390777,2.6784372186163696,1096006
1994-07-27,2.6784379482269287,2.6784379482269287,2.6462967596943283,2.6570103253666595,667064
1994-07-28,2.8177154064178467,2.849856579515566,2.785574233320127,2.785574233320127,10208009
1994-07-29,2.785573720932007,2.828428610512755,2.785573720932007,2.7962871156503404,2522337
1994-08-01,2.8177154064178467,2.828429130783753,2.785574233320127,2.785574233320127,3121653
1994-08-02,2.785573720932007,2.8605697776983163,2.785573720932007,2.817714888117568,3332115
1994-08-03,2.785573720932007,2.7962871156503404,2.7641459484647792,2.7962871156503404,1567842
1994-08-04,2.7641491889953613,2.7855769865833144,2.710580514218572,2.7855769865833144,1398670
1994-08-05,2.7641491889953613,2.7855769865833144,2.7427217190846456,2.7427217190846456,2288223
1994-08-08,2.732006311416626,2.774861386267979,2.732006311416626,2.774861386267979,5331303
1994-08-09,2.7105789184570312,2.7534341607261275,2.7105789184570312,2.74272010440107,1553811
1994-08-10,2.7427194118499756,2.7427194118499756,2.6998646719174935,2.7105782340217535,2388844
1994-08-11,2.732006311416626,2.7641473308377504,2.6891510727267645,2.7427198753313284,1689709
1994-08-12,2.7212932109832764,2.75343456549073,2.710579316921761,2.7212932109832764,5294021
1994-08-15,2.732006311416626,2.732006311416626,2.710578692071695,2.721292583663415,679091
1994-08-16,2.7212932109832764,2.7320069412062455,2.6998657505373385,2.7320069412062455,787328
1994-08-17,2.7534332275390625,2.7534332275390625,2.689150385922006,2.6998644386158825,1268384
1994-08-18,2.7641491889953613,2.7641491889953613,2.699866943101833,2.753435781717241,6670243
1994-08-19,2.699864625930786,2.764146816653833,2.699864625930786,2.764146816653833,3092789
1994-08-22,2.6964142322540283,2.825842176099455,2.6424858948287446,2.750342569679312,7150096
1994-08-23,2.61012864112854,2.7071993385811743,2.566985943989257,2.674842439430296,7625139
1994-08-24,2.5130579471588135,2.5885575534640575,2.4914865132586477,2.5885575534640575,6038055
1994-08-25,2.61012864112854,2.631700072167238,2.566985943989257,2.566985943989257,6758436
1994-08-26,2.631699800491333,2.6424852674901067,2.610128371679499,2.631699800491333,3087578
1994-08-29,2.6532700061798096,2.664055965032179,2.6316990781033716,2.6316990781033716,3704532
1994-08-30,2.707199811935425,2.707199811935425,2.6317005323204294,2.6640574371289167,4407676
1994-08-31,2.685628652572632,2.707199590806723,2.664057219524157,2.6964141216896773,1722181
1994-09-01,2.6640563011169434,2.6856277267288813,2.642484875505006,2.6856277267288813,1086786
1994-09-02,2.6748428344726562,2.6964142686971972,2.664057364767591,2.6748428344726562,1495282
1994-09-06,2.6640563011169434,2.6856277267288813,2.642484875505006,2.6748417665158057,1379428
1994-09-07,2.6640563011169434,2.6640563011169434,2.6316994101061435,2.6532703409038683,1087587
1994-09-08,2.6640563011169434,2.6748417665158057,2.642484875505006,2.6532703409038683,1055918
1994-09-09,2.6748428344726562,2.6748428344726562,2.631700460837984,2.64248593054305,948482
1994-09-12,2.6748428344726562,2.6964142686971972,2.664057364767591,2.664057364767591,1466419
1994-09-13,2.6640563011169434,2.6748417665158057,2.6532703409038683,2.6748417665158057,1392657
1994-09-14,2.685628652572632,2.685628652572632,2.664057219524157,2.6748426886412027,1892555
1994-09-15,2.6964142322540283,2.6964142322540283,2.65327136438804,2.685628762694733,2328311
1994-09-16,2.642486095428467,2.6964144369476264,2.642486095428467,2.685628966569571,7245505
1994-09-19,2.6640563011169434,2.6640563011169434,2.642484875505006,2.642484875505006,3542176
1994-09-20,2.6640563011169434,2.6748417665158057,2.6532703409038683,2.6532703409038683,3531753
1994-09-21,2.6640563011169434,2.6748417665158057,2.6532703409038683,2.6640563011169434,2427328
1994-09-22,2.6640563011169434,2.6748417665158057,2.6532703409038683,2.6640563011169434,1284420
1994-09-23,2.685628652572632,2.6964141216896773,2.664057219524157,2.664057219524157,4155121
1994-09-26,2.6640563011169434,2.6748417665158057,2.6532703409038683,2.6748417665158057,1148922
1994-09-27,2.631699800491333,2.6748421633007142,2.620913838678273,2.6532707344888804,1441565
1994-09-28,2.61012864112854,2.631700072167238,2.556200475877077,2.631700072167238,2734403
1994-09-29,2.599344253540039,2.642486974088491,2.577773140673116,2.642486974088491,1540983
1994-09-30,2.5885565280914307,2.599342158300069,2.566985267674154,2.5885565280914307,1561829
1994-10-03,2.61012864112854,2.61012864112854,2.566985943989257,2.599342843140135,1482454
1994-10-04,2.61012864112854,2.631700072167238,2.588557210089842,2.588557210089842,2549597
1994-10-05,2.5885565280914307,2.620913418717346,2.5885565280914307,2.599342158300069,7008986
1994-10-06,2.577770948410034,2.5885564132019057,2.5454137293441117,2.5885564132019057,2005603
1994-10-07,2.5885565280914307,2.599342158300069,2.566985267674154,2.566985267674154,2350360
1994-10-10,2.566986322402954,2.5885575916834798,2.566986322402954,2.577772121981354,643412
1994-10-11,2.577770948410034,2.577770948410034,2.5669851537420394,2.5669851537420394,1419917
1994-10-12,2.577770948410034,2.577770948410034,2.556199688950168,2.5669851537420394,762073
1994-10-13,2.566986322402954,2.577772121981354,2.5454148881842915,2.577772121981354,4051694
1994-10-14,2.5454139709472656,2.5669853973926893,2.5454139709472656,2.5669853973926893,943271
1994-10-17,2.52384352684021,2.5454144626382016,2.5130575641268864,2.5346289947392058,740826
1994-10-18,2.53462815284729,2.5454136171638293,2.513056729400048,2.5238426885307508,1083980
1994-10-19,2.502272367477417,2.534629269496262,2.491486403594881,2.5238438004281076,4169553
1994-10-20,2.4699149131774902,2.491485846490468,2.4375576885175727,2.491485846490468,1571450
1994-10-21,2.5130579471588135,2.5130579471588135,2.469915574172885,2.4807010437157664,990575
1994-10-24,2.491485595703125,2.513057021659042,2.491485595703125,2.502271556088194,5296828
1994-10-25,2.491485595703125,2.513057021659042,2.4807001301322766,2.4807001301322766,1040685
1994-10-26,2.4375576972961426,2.5022718169728573,2.4267720656627203,2.5022718169728573,1265177
1994-10-27,2.5130579471588135,2.5130579471588135,2.459129609815601,2.459129609815601,1112041
1994-10-28,2.53462815284729,2.5454136171638293,2.5022712650835084,2.5022712650835084,2801750
1994-10-31,2.502272367477417,2.5562007024469526,2.502272367477417,2.534629269496262,2754046
1994-11-01,2.5562000274658203,2.5562000274658203,2.502271706736406,2.502271706736406,3488057
1994-11-02,2.480701446533203,2.5562012300362706,2.480701446533203,2.5454152639275565,604527
1994-11-03,2.5130579471588135,2.5130579471588135,2.4807010437157664,2.4807010437157664,1693317
1994-11-04,2.502272367477417,2.545414738564417,2.502272367477417,2.513057836545572,930042
1994-11-07,2.5130579471588135,2.523843911516098,2.4807010437157664,2.4807010437157664,1318494
1994-11-08,2.502272367477417,2.513057836545572,2.491486403594881,2.513057836545572,573258
1994-11-09,2.53462815284729,2.556199576294532,2.5022712650835084,2.5238426885307508,3069137
1994-11-10,2.52384352684021,2.556200425351525,2.5130575641268864,2.556200425351525,673078
1994-11-11,2.459129571914673,2.513057908426724,2.459129571914673,2.502272439050072,686707
1994-11-14,2.491485595703125,2.502271556088194,2.4699146645614287,2.4699146645614287,1161349
1994-11-15,2.5130579471588135,2.523843911516098,2.4807010437157664,2.4914865132586477,1176984
1994-11-16,2.459129571914673,2.513057908426724,2.437558303285105,2.513057908426724,4632569
1994-11-17,2.4159889221191406,2.469917297080457,2.3836316662288013,2.469917297080457,1548599
1994-11-18,2.405200958251953,2.459129119913588,2.3944153259196264,2.4375578552489343,4424112
1994-11-21,2.36205792427063,2.4052004443825683,2.36205792427063,2.3944148143545836,780914
1994-11-22,2.340486526489258,2.3728434146691777,2.329700567219838,2.362057785275871,2069744
1994-11-23,2.3512730598449707,2.362058859079612,2.3189161569554413,2.3404875904865925,1485661
1994-11-25,2.3728439807891846,2.3728439807891846,2.3404870848894626,2.3404870848894626,321907
1994-11-28,2.3693666458129883,2.3693666458129883,2.3584981797919196,2.3693666458129883,1498489
1994-11-29,2.391103506088257,2.4019719695166937,2.3693660806093977,2.3802348764524917,1528956
1994-11-30,2.456315279006958,2.456315279006958,2.412840760550549,2.412840760550549,2825001
1994-12-01,2.380234479904175,2.456314874679499,2.3693656858718275,2.456314874679499,762073
1994-12-02,2.4237093925476074,2.4237093925476074,2.380234874048455,2.380234874048455,598514
1994-12-05,2.391103506088257,2.4345781908386472,2.3802348764524917,2.4345781908386472,708756
1994-12-06,2.3367600440979004,2.3911033550513974,2.315022619992111,2.3911033550513974,1010619
1994-12-07,2.3476290702819824,2.3693664996048587,2.3258921395811805,2.3258921395811805,945676
1994-12-08,2.3476290702819824,2.3802352973699756,2.3258921395811805,2.3476290702819824,1952687
1994-12-09,2.3367600440979004,2.347628506839818,2.315022619992111,2.347628506839818,1650423
1994-12-12,2.0976498126983643,2.2280736989767194,2.0433064990478287,2.217205069488078,9449945
1994-12-13,2.0976498126983643,2.119387071675648,2.0650439242324388,2.0867811832097227,4342733
1994-12-14,2.130256414413452,2.141125213748495,2.02156975072208,2.0976505150304696,3019428
1994-12-15,2.130256414413452,2.1519936806687734,2.0867818819028088,2.141125213748495,3585872
1994-12-16,2.2606799602508545,2.2715487577391933,2.130256052464323,2.141124849952662,6041663
1994-12-19,2.2280735969543457,2.293285370900182,2.1954677099814273,2.2389420597379996,2968116
1994-12-20,2.1845993995666504,2.2280742609002937,2.1845993995666504,2.217205628670567,1334930
1994-12-21,2.2280735969543457,2.2389420597379996,2.130255603620953,2.162861823008509,3353762
1994-12-22,2.2280735969543457,2.2389420597379996,2.2280735969543457,2.2280735969543457,2242122
1994-12-23,2.1737306118011475,2.2389423955272334,2.1737306118011475,2.2389423955272334,486668
1994-12-27,2.195467710494995,2.195467710494995,2.173730286300646,2.173730286300646,540386
1994-12-28,2.1737306118011475,2.2063365036641907,2.162862147387477,2.2063365036641907,679893
1994-12-29,2.1628615856170654,2.195467469011226,2.151992625404411,2.1845985087985715,1197028
1994-12-30,2.1845993995666504,2.1845993995666504,2.173730933544292,2.173730933544292,1428335
1995-01-03,2.195467710494995,2.2063361732811915,2.1628618235144494,2.195467710494995,899575
1995-01-04,2.2498109340667725,2.2606795634400174,2.217205045947038,2.217205045947038,1040685
1995-01-05,2.2824172973632812,2.3041547268426137,2.249811402455321,2.249811402455321,1288027
1995-01-06,2.2280735969543457,2.293285370900182,2.2172049679633727,2.2824167419092096,771293
1995-01-09,2.217205762863159,2.2498116615257557,2.217205762863159,2.217205762863159,1477644
1995-01-10,2.1628615856170654,2.2389418139961395,2.1628615856170654,2.217204724607333,1195424
1995-01-11,2.1737306118011475,2.228073931113563,2.1302559231097464,2.1737306118011475,1407089
1995-01-12,2.1737306118011475,2.184599076214818,2.1411247199381047,2.1737306118011475,2033263
1995-01-13,2.195467710494995,2.2063361732811915,2.173730286300646,2.195467710494995,1229098
1995-01-16,2.217205762863159,2.228074395750691,2.1954684970880947,2.1954684970880947,2029255
1995-01-17,2.1845993995666504,2.206336830233472,2.1628624675219332,2.206336830233472,2117047
1995-01-18,2.3476290702819824,2.3476290702819824,2.228074123146633,2.228074123146633,3359775
1995-01-19,2.3150222301483154,2.3367596505935793,2.282416348791355,2.3367596505935793,2390448
1995-01-20,2.3476290702819824,2.3476290702819824,2.304154710258304,2.304154710258304,3404674
1995-01-23,2.3476290702819824,2.3584980342544575,2.304154710258304,2.3258921395811805,1982753
1995-01-24,2.3693666458129883,2.3802354442487936,2.3584981797919196,2.3584981797919196,1602718
1995-01-25,2.3693666458129883,2.3802354442487936,2.325892283106608,2.3476292151487455,1847255
1995-01-26,2.391103506088257,2.4019719695166937,2.3802348764524917,2.391103506088257,2410892
1995-01-27,2.391103506088257,2.4019719695166937,2.3802348764524917,2.3802348764524917,500699
1995-01-30,2.380234479904175,2.3911031077292213,2.3584972242540823,2.380234479904175,701941
1995-01-31,2.3476290702819824,2.3693664996048587,2.336760604931581,2.3693664996048587,2296642
1995-02-01,2.3693666458129883,2.3693666458129883,2.3476292151487455,2.3584981797919196,683100
1995-02-02,2.3693666458129883,2.3802354442487936,2.3476292151487455,2.3476292151487455,1089592
1995-02-03,2.4019722938537598,2.412841091164462,2.3802351978544087,2.3802351978544087,2051303
1995-02-06,2.445446729660034,2.456315359630879,2.401972043569322,2.401972043569322,2363188
1995-02-07,2.478053092956543,2.478053092956543,2.434578730975565,2.4454471968152856,2477038
1995-02-08,2.5432651042938232,2.5650020335838413,2.478052820557644,2.478052820557644,3419106
1995-02-09,2.5215277671813965,2.543265195876216,2.510658803522957,2.543265195876216,2241320
1995-02-10,2.5215277671813965,2.5215277671813965,2.488921873450197,2.5215277671813965,2160743
1995-02-13,2.499790906906128,2.5323968080514803,2.499790906906128,2.521528340543754,628179
1995-02-14,2.4889214038848877,2.510658329856712,2.47805244227701,2.4997898668708,679893
1995-02-15,2.499790906906128,2.5106593744138546,2.4889224393984017,2.499790906906128,1303662
1995-02-16,2.5323963165283203,2.5323963165283203,2.4997904217115794,2.4997904217115794,994984
1995-02-17,2.499790906906128,2.5650027091968326,2.499790906906128,2.5323968080514803,992579
1995-02-21,2.467184543609619,2.49979043864726,2.4454471140438323,2.49979043864726,1647617
1995-02-22,2.4889214038848877,2.510658329856712,2.456315183890542,2.47805244227701,1138900
1995-02-23,2.4889214038848877,2.4997898668708,2.47805244227701,2.4889214038848877,725994
1995-02-24,2.4889214038848877,2.4997898668708,2.4889214038848877,2.4997898668708,727196
1995-02-27,2.523592233657837,2.534564183399108,2.468731478212045,2.468731478212045,911200
1995-02-28,2.523592233657837,2.523592233657837,2.512620283916566,2.523592233657837,1049905
1995-03-01,2.5455374717712402,2.5565094251127123,2.5126211083769405,2.5126211083769405,1032266
1995-03-02,2.5784549713134766,2.5784549713134766,2.545538593415191,2.545538593415191,795747
1995-03-03,2.5894267559051514,2.6113711741563144,2.556510380213443,2.556510380213443,800157
1995-03-06,2.6003987789154053,2.6003987789154053,2.5565099498021557,2.5894263199520995,2101814
1995-03-07,2.5894267559051514,2.6003992167157683,2.556510380213443,2.5894267559051514,1943867
1995-03-08,2.6003987789154053,2.6113707345087245,2.5674824087654615,2.5894263199520995,1177785
1995-03-09,2.611370801925659,2.6223430933822374,2.578454430925924,2.5894263868025025,1388648
1995-03-10,2.6772022247314453,2.69914612292112,2.600397238748415,2.6223414725178817,3871699
1995-03-13,2.666231393814087,2.699147764487348,2.6552594380463312,2.677203852951837,1968321
1995-03-14,2.633314609527588,2.677203432445006,2.633314609527588,2.666230975030694,769289
1995-03-15,2.666231393814087,2.666231393814087,2.6333150231408258,2.666231393814087,1047499
1995-03-16,2.6772022247314453,2.6881741738262828,2.644285538497453,2.6552578231720823,867504
1995-03-17,2.7101187705993652,2.7101187705993652,2.6772024175741524,2.6881743674593155,1940259
1995-03-20,2.666231393814087,2.710120223625098,2.666231393814087,2.710120223625098,671875
1995-03-21,2.6772022247314453,2.69914612292112,2.6552578231720823,2.6662297722669197,1014627
1995-03-22,2.644286632537842,2.6881752860250514,2.633314511113531,2.6881752860250514,1097609
1995-03-23,2.622342824935913,2.6552591925660365,2.622342824935913,2.6333147796893046,636597
1995-03-24,2.655258893966675,2.655258893966675,2.6333144835577205,2.6333144835577205,551210
1995-03-27,2.633314609527588,2.666230975030694,2.622342655483191,2.655259020986297,744434
1995-03-28,2.655258893966675,2.677203304375629,2.6333144835577205,2.6333144835577205,517135
1995-03-29,2.6772022247314453,2.6881741738262828,2.644285538497453,2.6662297722669197,1117253
1995-03-30,2.6991467475891113,2.6991467475891113,2.688174795955017,2.688174795955017,1223085
1995-03-31,2.6881747245788574,2.6881747245788574,2.6552583671807617,2.6772027732360892,1039081
1995-04-03,2.655258893966675,2.7101196683041153,2.655258893966675,2.688175257895161,698333
1995-04-04,2.7540085315704346,2.7540085315704346,2.6772038349719702,2.6772038349719702,1825608
1995-04-05,2.7430360317230225,2.7540079852405155,2.732064078205529,2.7540079852405155,535576
1995-04-06,2.7430360317230225,2.7649804421279,2.7210916213181444,2.7540079852405155,509118
1995-04-07,2.764979839324951,2.764979839324951,2.7320634825787904,2.74303543370425,1324508
1995-04-10,2.732064962387085,2.764981336962223,2.72109250194867,2.7540088765238075,1288829
1995-04-11,2.7759530544281006,2.7759530544281006,2.721092267081418,2.7430366826940933,1059125
1995-04-12,2.764979839324951,2.786924077155725,2.75400738482971,2.775951790450411,751650
1995-04-13,2.764979839324951,2.786924077155725,2.74303543370425,2.764979839324951,853073
1995-04-17,2.6772022247314453,2.7759512766940473,2.6662297722669197,2.7759512766940473,1057521
1995-04-18,2.6991467475891113,2.6991467475891113,2.6552584376829294,2.677202844320923,1023848
1995-04-19,2.6991467475891113,2.721091154227105,2.688174795955017,2.6991467475891113,690315
1995-04-20,2.7101187705993652,2.721090720484528,2.6662299643192657,2.699146317344478,1210658
1995-04-21,2.808868885040283,2.808868885040283,2.69914733148451,2.7210917428696475,3030653
1995-04-24,2.8198418617248535,2.8527582331795394,2.8088694023266205,2.8088694023266205,1814383
1995-04-25,2.852757692337036,2.907618301027384,2.764980550642509,2.8417855705989665,1516128
1995-04-26,2.7540085315704346,2.852758146297018,2.7430365758763657,2.852758146297018,1747436
1995-04-27,2.732064962387085,2.7540088765238075,2.7101205448803083,2.7540088765238075,1810374
1995-04-28,2.885674476623535,2.885674476623535,2.743036537734084,2.7540084932755864,2760861
1995-05-01,2.8417868614196777,2.9185917484731374,2.8308143991176618,2.874703241585446,2257355
1995-05-02,2.8417868614196777,2.8417868614196777,2.79789818674194,2.8417868614196777,1490472
1995-05-03,2.885674476623535,2.885674476623535,2.830813524386061,2.841785983297547,1364996
1995-05-04,2.9295642375946045,2.940536365673826,2.8966478533569395,2.8966478533569395,1613542
1995-05-05,2.9295642375946045,2.940536365673826,2.8966478533569395,2.918592109515383,719580
1995-05-08,2.885674476623535,2.9076187232865296,2.8637298943805516,2.8966465999550324,887147
1995-05-09,2.9185903072357178,2.9185903072357178,2.8637293651370492,2.8856739433244734,1863290
1995-05-10,2.9295642375946045,2.940536365673826,2.907619981436161,2.9295642375946045,967724
1995-05-11,2.9295642375946045,2.9624806218322695,2.9295642375946045,2.940536365673826,977746
1995-05-12,2.9624786376953125,2.973450758425894,2.9295622755035686,2.94053439623415,946478
1995-05-15,2.9844229221343994,2.9844229221343994,2.9515065631698767,2.962478347244841,1189010
1995-05-16,2.9953956604003906,2.9953956604003906,2.9624792909502733,2.9844238728303356,1180191
1995-05-17,2.9953956604003906,3.017340242280453,2.9624792909502733,2.9734514141003126,1609132
1995-05-18,2.9185903072357178,2.9405345498432145,2.8966460646282215,2.8966460646282215,1991171
1995-05-19,2.9734513759613037,2.9734513759613037,2.9185907609147783,2.9295628839240835,1644410
1995-05-22,2.9624786376953125,2.9953949998870564,2.9295622755035686,2.9953949998870564,1443569
1995-05-23,2.9295642375946045,2.9624806218322695,2.918592109515383,2.9624806218322695,1102019
1995-05-24,2.9185903072357178,2.9405345498432145,2.9076181859319696,2.9405345498432145,1126874
1995-05-25,2.89664626121521,2.9405347494087875,2.8856741391668157,2.929562627360393,1405886
1995-05-26,2.9205427169799805,2.9205427169799805,2.887354462418994,2.8984174395049114,896769
1995-05-30,2.9205427169799805,2.9205427169799805,2.8984174395049114,2.8984174395049114,884742
1995-05-31,3.0090415477752686,3.0090415477752686,2.8984149182815333,2.9205401765106624,3258353
1995-06-01,2.964792251586914,3.0090431296563467,2.964792251586914,2.986917521447497,973337
1995-06-02,2.942666530609131,2.975854768660443,2.931603897374765,2.9647917970778623,601320
1995-06-05,2.9758548736572266,2.986917168933687,2.9537292680596248,2.9647919016843125,718778
1995-06-06,2.986917734146118,2.9979803698641807,2.942667191273868,2.942667191273868,716773
1995-06-07,2.9758548736572266,2.986917168933687,2.9647919016843125,2.9758548736572266,348766
1995-06-08,2.964792251586914,2.975855224865472,2.9537296166566227,2.964792251586914,646219
1995-06-09,2.964792251586914,2.986917521447497,2.942666981726331,2.964792251586914,600117
1995-06-12,2.953728675842285,2.975854277003743,2.953728675842285,2.9647913072489347,478250
1995-06-13,2.986917734146118,2.986917734146118,2.9537298269919305,2.9537298269919305,984160
1995-06-14,2.9758548736572266,2.997979802558375,2.9758548736572266,2.986917168933687,971332
1995-06-15,2.9758548736572266,3.0201050698077494,2.9647919016843125,2.997979802558375,2177580
1995-06-16,2.986917734146118,2.986917734146118,2.964792462709993,2.9758554367763463,2761662
1995-06-19,3.0311689376831055,3.0311689376831055,2.9758557532111185,2.9758557532111185,1074759
1995-06-20,3.086479663848877,3.097542291932159,3.064354407682312,3.0754170357655943,1574657
1995-06-21,3.0975451469421387,3.108607785221864,3.0643572321029624,3.0864825086624132,1786722
1995-06-22,3.119668960571289,3.130731593663329,3.097543694387209,3.108606327479249,1113244
1995-06-23,3.053293466567993,3.1086069820231392,2.9869176540397557,3.1086069820231392,1243931
1995-06-26,3.086479663848877,3.097542291932159,3.0311665234324647,3.0311665234324647,837839
1995-06-27,3.1307315826416016,3.1528568487477897,3.075418417376131,3.075418417376131,1006209
1995-06-28,3.0975451469421387,3.1639209766204917,3.0643572321029624,3.1417960384094097,1484860
1995-06-29,3.0975451469421387,3.1417960384094097,3.0864825086624132,3.0975451469421387,1295644
1995-06-30,3.086479663848877,3.1086049200154413,3.020103557001125,3.097542291932159,1528956
1995-07-03,3.0975451469421387,3.108607785221864,3.075419870382688,3.0864825086624132,240127
1995-07-05,3.064356565475464,3.108607108967996,3.064356565475464,3.108607108967996,522748
1995-07-06,3.1528570652008057,3.1528570652008057,3.053293022539382,3.053293022539382,699536
1995-07-07,3.1528570652008057,3.1639196990133827,3.1417947697364617,3.1528570652008057,758064
1995-07-10,3.16391921043396,3.1639192104339604,3.1417942845736193,3.1639192104339604,913606
1995-07-11,3.119668960571289,3.163919492939449,3.119668960571289,3.163919492939449,792540
1995-07-12,3.1417949199676514,3.1417949199676514,3.097544044253168,3.1086066785947266,657042
1995-07-13,3.1307315826416016,3.1639194818008836,3.1086063165354134,3.1307315826416016,1251547
1995-07-14,3.1417949199676514,3.152857215960961,3.086481409911609,3.1086066785947266,1073958
1995-07-17,3.1307315826416016,3.1528568487477897,3.097543683482319,3.1528568487477897,794143
1995-07-18,3.086479663848877,3.141793142613346,3.0864796638488765,3.130730176182006,543994
1995-07-19,3.086479663848877,3.1086049200154413,3.0422291515157474,3.0864796638488765,922024
1995-07-20,3.1417949199676514,3.1417949199676514,3.0754187755700504,3.097544044253168,923227
1995-07-21,3.0975451469421387,3.1528583383407662,3.0864825086624132,3.1417960384094097,1427935
1995-07-24,3.263484001159668,3.263484001159668,3.1196694118130077,3.1196694118130077,3360978
1995-07-25,3.1860456466674805,3.219233555188832,3.1639203743199134,3.208171257363353,2026448
1995-07-26,3.219233751296997,3.2524220001884028,3.1860458407539163,3.1971088159499352,1322102
1995-07-27,3.2524209022521973,3.2634835353654217,3.2302956360257484,3.2302956360257484,1043090
1995-07-28,3.2524209022521973,3.274546168478646,3.219232664564313,3.2524209022521973,1094402
1995-07-31,3.2745471000671387,3.2745471000671387,3.2413591912857096,3.2634844638066625,1140905
1995-08-01,3.263484001159668,3.274546635851853,3.21923312404267,3.2413587317752985,1345353
1995-08-02,3.2745471000671387,3.307735347196875,3.2634844638066625,3.2634844638066625,1752247
1995-08-03,3.285609006881714,3.2966716406861485,3.2413584716639754,3.2634837392728446,1078768
1995-08-04,3.285609006881714,3.285609006881714,3.269015056175062,3.285609006881714,757262
1995-08-07,3.2745471000671387,3.285609736327615,3.252421827546186,3.2745471000671387,329523
1995-08-08,3.2524209022521973,3.274546168478646,3.219232664564313,3.2634835353654217,263378
1995-08-09,3.230297088623047,3.263485002886634,3.2192341121868213,3.252422364798772,1054314
1995-08-10,3.241359233856201,3.252421870261969,3.2192336226963536,3.2302965974504336,459008
1995-08-11,3.208170175552368,3.246889389104299,3.208170175552368,3.2413580728825946,926434
1995-08-14,3.219233751296997,3.219233751296997,3.1971088159499352,3.1971088159499352,699937
1995-08-15,3.1860456466674805,3.219233555188832,3.1749833488420016,3.219233555188832,486267
1995-08-16,3.208170175552368,3.208170175552368,3.18604457231736,3.18604457231736,333131
1995-08-17,3.263484001159668,3.263484001159668,3.21923312404267,3.21923312404267,590897
1995-08-18,3.230297088623047,3.263485002886634,3.2192341121868213,3.263485002886634,1129279
1995-08-21,3.241359233856201,3.2634845066677367,3.2192336226963536,3.2192336226963536,1051508
1995-08-22,3.230297088623047,3.252422364798772,3.2192341121868213,3.2413597267109093,818196
1995-08-23,3.2209360599517822,3.2432258868503636,3.2209360599517822,3.2432258868503636,407695
1995-08-24,3.1986427307128906,3.2320779493190295,3.1986427307128906,3.2209328764503167,853874
1995-08-25,3.2766592502593994,3.2989494028639235,3.1986437161435655,3.1986437161435655,529963
1995-08-28,3.2878055572509766,3.2878055572509766,3.254370315828732,3.276660476776895,377629
1995-08-29,3.2655138969421387,3.2878040476557793,3.2320786708716778,3.2878040476557793,412906
1995-08-30,3.2878055572509766,3.2878055572509766,3.2432248944848046,3.276660476776895,924429
1995-08-31,3.2766592502593994,3.2878043265616617,3.2655141739571376,3.2878043265616617,572858
1995-09-01,3.2432234287261963,3.265513920470129,3.220933618721647,3.2320786941587674,1151728
1995-09-05,3.321239471435547,3.332384888325529,3.2655140913341816,3.2655140913341816,1739418
1995-09-06,3.3435301780700684,3.3435301780700684,3.2655146329876574,3.3323854410709184,1163354
1995-09-07,3.3435301780700684,3.3435301780700684,3.3100949444633208,3.3435301780700684,800157
1995-09-08,3.354674816131592,3.354674816131592,3.321239586908298,3.3435297397238273,363999
1995-09-11,3.399257183074951,3.399257183074951,3.3323866907836623,3.3435314319623166,885945
1995-09-12,3.47727108001709,3.4772710800170894,3.3769650490967993,3.3881104666388135,1632784
1995-09-13,3.466125726699829,3.5218511056135924,3.454980650917076,3.466125726699829,1748238
1995-09-14,3.4884159564971924,3.4995613733995965,3.466125804431804,3.4772708804644985,1696524
1995-09-15,3.4884159564971924,3.488415956497193,3.466125804431804,3.488415956497193,1350966
1995-09-18,3.4884159564971924,3.4995613733995965,3.4772708804644985,3.488415956497193,910399
1995-09-19,3.443837881088257,3.4884182140697417,3.399257548106772,3.4884182140697417,1022244
1995-09-20,3.410400867462158,3.4661266013068874,3.410400867462158,3.4661266013068874,1095605
1995-09-21,3.421546459197998,3.443836617510259,3.4104010391720623,3.443836617510259,1204244
1995-09-22,3.410400867462158,3.432691365521923,3.376965631677194,3.432691365521923,1482053
1995-09-25,3.466125726699829,3.466125726699829,3.410400006916363,3.454980650917076,1126473
1995-09-26,3.454981565475464,3.477271722941334,3.4326914080095943,3.4326914080095943,2071748
1995-09-27,3.421546459197998,3.4661267758225205,3.421546459197998,3.45498169666639,2086580
1995-09-28,3.466125726699829,3.466125726699829,3.410400006916363,3.4215454235688183,1106830
1995-09-29,3.47727108001709,3.4772710800170894,3.4549809266725204,3.466126003344805,460611
1995-10-02,3.466125726699829,3.488415878265334,3.454980650917076,3.466125726699829,355180
1995-10-03,3.532996892929077,3.538569431405094,3.4215457825389968,3.4438359364430653,1008213
1995-10-04,3.5218522548675537,3.532997675156992,3.4661268577694293,3.532997675156992,2018030
1995-10-05,3.47727108001709,3.5218513867062278,3.4772710800170894,3.5218513867062278,1394662
1995-10-06,3.466125726699829,3.488415878265334,3.454980650917076,3.488415878265334,852672
1995-10-09,3.410400867462158,3.4549815227118996,3.38811105114197,3.4549815227118996,1430741
1995-10-10,3.354674816131592,3.3992554626323717,3.3435297397238273,3.3992554626323717,1826409
1995-10-11,3.388110876083374,3.399255954102513,3.3546753011561874,3.3658207200450967,1108834
1995-10-12,3.443837881088257,3.4549829643336283,3.376967040746099,3.3881124648614005,1013826
1995-10-13,3.466125726699829,3.488415878265334,3.4438355751343237,3.454980650917076,914407
1995-10-16,3.4884159564971924,3.4995613733995965,3.466125804431804,3.466125804431804,851870
1995-10-17,3.566432476043701,3.566432476043701,3.4995620077266625,3.4995620077266625,841447
1995-10-18,3.566432476043701,3.61101278825506,3.566432476043701,3.5775772132267694,1131684
1995-10-19,3.544142246246338,3.588722902688218,3.5329975082231146,3.5775774829254,1155737
1995-10-20,3.622159242630005,3.622159242630005,3.566433831191664,3.566433831191664,846659
1995-10-23,3.5552873611450195,3.5998676728943626,3.5441419423379155,3.5998676728943626,563637
1995-10-24,3.566432476043701,3.566432476043701,3.54414197906825,3.555287397990861,441369
1995-10-25,3.443837881088257,3.599869387393385,3.432692797842886,3.5887243041480135,1674877
1995-10-26,3.454981565475464,3.5107069591401387,3.4215463292766595,3.4549815654754643,1189812
1995-10-27,3.47727108001709,3.4772710800170894,3.399255543311098,3.4326907733279515,1674075
1995-10-30,3.47727108001709,3.499561574231388,3.466126003344805,3.4884161566893743,641007
1995-10-31,3.443837881088257,3.4884182140697417,3.443837881088257,3.4772731308243707,3031856
1995-11-01,3.5218522548675537,3.5218522548675537,3.443836698930179,3.4549817783498042,2416104
1995-11-02,3.5218522548675537,3.5218522548675537,3.488417016608679,3.5107071754479287,311484
1995-11-03,3.47727108001709,3.5329968042482416,3.4549809266725204,3.5218513867062278,593302
1995-11-06,3.4884159564971924,3.4995613733995965,3.466125804431804,3.4772708804644985,638201
1995-11-07,3.47727108001709,3.4884161566893743,3.443835850000236,3.4772710800170894,2329915
1995-11-08,3.5107080936431885,3.521853175977713,3.4772728466396146,3.488417928974139,357986
1995-11-09,3.47727108001709,3.5552869575928105,3.466126003344805,3.5441415400507967,1262371
1995-11-10,3.5218522548675537,3.532997675156992,3.4995624368981173,3.4995624368981173,955297
1995-11-13,3.5218522548675537,3.532997675156992,3.4995624368981173,3.5107071754479287,654236
1995-11-14,3.599867343902588,3.599867343902588,3.5329968823898628,3.544141618438913,1256759
1995-11-15,3.58872389793396,3.6110140619016393,3.577578475080229,3.5998689799177996,963315
1995-11-16,3.655593156814575,3.655593156814575,3.5775772683723703,3.5887226874667797,1154134
1995-11-17,3.733609914779663,3.733609914779663,3.677884169808718,3.677884169808718,1802757
1995-11-20,3.767042398452759,3.8227677617434663,3.7447519122668695,3.7447519122668695,1082777
1995-11-21,3.711317539215088,3.7781883312574216,3.6778823136287633,3.7781883312574216,1016231
1995-11-22,3.733609914779663,3.744754654730025,3.6890292506289355,3.6890292506289355,605329
1995-11-24,3.711317539215088,3.7336080304756556,3.689027388824205,3.7224629552802138,171176
1995-11-27,3.744752883911133,3.767043375880696,3.6778824306115285,3.6778824306115285,1073958
1995-11-28,3.744752883911133,3.744752883911133,3.72246307368096,3.744752883911133,639404
1995-11-29,3.7914164066314697,3.7914164066314697,3.7465476667982966,3.75776485175659,1345754
1995-11-30,3.768982172012329,3.8475028197616465,3.746548142323481,3.791416887851555,519941
1995-12-01,3.825070381164551,3.825070381164551,3.768984077818936,3.780201612948349,632589
1995-12-04,3.8362879753112793,3.8475051685410366,3.780202009162491,3.8250707820815215,696729
1995-12-05,3.7914164066314697,3.836285146464643,3.768981693639738,3.8138507765480565,757262
1995-12-06,3.825070381164551,3.8362875732186015,3.768984077818936,3.80263599705645,857081
1995-12-07,3.9148058891296387,3.9260230743884525,3.8138508787251624,3.825068063983976,1007411
1995-12-08,3.903590440750122,3.9260251662968235,3.8811560582787576,3.9260251662968235,997389
1995-12-11,3.9484589099884033,3.9484589099884033,3.881155430387298,3.903589809229239,816192
1995-12-12,3.9933278560638428,3.9933278560638428,3.9260247163628876,3.948459096263206,818196
1995-12-13,3.903590440750122,3.970893931239552,3.8811560582787576,3.970893931239552,1439560
1995-12-14,3.8587231636047363,3.9260263309848678,3.847505625965942,3.9260263309848678,989372
1995-12-15,3.881155252456665,3.903589630270108,3.8475036857365015,3.858721217718489,1854070
1995-12-18,3.8138530254364014,3.8699389832996864,3.8026358338637443,3.8587221348023775,968526
1995-12-19,3.903590440750122,3.903590440750122,3.746549763450573,3.7914185283933013,765280
1995-12-20,3.825070381164551,3.9035907255429043,3.825070381164551,3.9035907255429043,794143
1995-12-21,3.881155252456665,3.903589630270108,3.825069307923059,3.825069307923059,557223
1995-12-22,3.9148058891296387,3.937239916572111,3.8811539902780434,3.8811539902780434,711161
1995-12-26,3.959677219390869,3.959677219390869,3.892374063828573,3.926025641609721,537179
1995-12-27,3.9484589099884033,3.9484589099884033,3.8923729628835506,3.926024531146462,873918
1995-12-28,3.937242031097412,3.9484595654558414,3.9260251828896613,3.9484595654558414,597311
1995-12-29,3.937242031097412,3.9596767567389315,3.903590457248142,3.9484595654558414,668668
1996-01-02,3.9708926677703857,3.993327043103521,3.9035891986957525,3.9148067294375486,866302
1996-01-03,3.9148058891296387,3.98210900068252,3.9148058891296387,3.98210900068252,535175
1996-01-04,3.881155252456665,3.9372411969902714,3.869938063549944,3.926024351158816,784121
1996-01-05,3.8475022315979004,3.8699366009324176,3.8362850469306413,3.8699366009324176,753254
1996-01-08,3.8475022315979004,3.8587197593402953,3.8250678622633827,3.8362850469306413,287832
1996-01-09,3.8362879753112793,3.9260258642247385,3.836287975311279,3.8475051685410366,1892154
1996-01-10,3.8362879753112793,3.9260258642247385,3.8138535888517637,3.836287975311279,1081173
1996-01-11,3.8475022315979004,3.8587197593402953,3.8138506775961236,3.8587197593402953,781716
1996-01-12,3.8923728466033936,3.9035896926139917,3.8475037471846423,3.8475037471846423,3179780
1996-01-15,3.926025390625,3.9372422394262614,3.8811562800431694,3.8811562800431694,869108
1996-01-16,3.903590440750122,3.9372420144571683,3.8923735925897773,3.9260251662968235,878729
1996-01-17,3.9484589099884033,3.9933276676722853,3.8923729628835506,3.8923729628835506,1137697
1996-01-18,3.9484589099884033,3.9933276676722853,3.926024531146462,3.926024531146462,1139301
1996-01-19,3.9148058891296387,3.9484574449060794,3.892371518612012,3.9260230743884525,1787925
1996-01-22,3.9148058891296387,3.9148058891296387,3.8475024345016027,3.9148058891296387,1039081
1996-01-23,4.015761852264404,4.026979384218045,3.9035896204053953,3.9035896204053953,803364
1996-01-24,4.083064556121826,4.083064556121826,3.9821095322411963,3.993326718997355,1719374
1996-01-25,4.026978492736816,4.083064424712542,3.9933265904761917,4.083064424712542,623769
1996-01-26,4.150368690490723,4.150368690490723,3.9708933154756068,4.004544883964325,1263574
1996-01-29,4.116716384887695,4.206453884789758,4.105498854324714,4.1391507598632105,868306
1996-01-30,4.172799587249756,4.172799587249756,4.094279326301843,4.127930866708091,817394
1996-01-31,4.228886127471924,4.228886127471924,4.150365517944251,4.150365517944251,1493278
1996-02-01,4.307411193847656,4.329845580690819,4.251325226739751,4.273759270507508,1138098
1996-02-02,4.3186259269714355,4.329843114002646,4.284974365877805,4.296191552909015,896368
1996-02-05,4.2961907386779785,4.318625108488549,4.262539183962123,4.318625108488549,843051
1996-02-06,4.262541770935059,4.284976154361248,4.217672661007328,4.251324579221964,779712
1996-02-07,4.262541770935059,4.273758619572801,4.240107044433517,4.273758619572801,801760
1996-02-08,4.363496780395508,4.3747136288815,4.262541713268103,4.273758561754096,2578861
1996-02-09,4.430800437927246,4.453234823622901,4.352279744917068,4.363497280840281,1765476
1996-02-12,4.352280616760254,4.442018177518984,4.341063421665413,4.442018177518984,1969123
1996-02-13,4.419581413269043,4.442015446590943,4.341060752803793,4.341060752803793,2404478
1996-02-14,4.397146224975586,4.464449341740061,4.385928695772993,4.430797783357824,1342547
1996-02-15,4.442015647888184,4.453233179670341,4.3971472361358535,4.408364081767491,1361789
1996-02-16,4.38593053817749,4.442016492374664,4.38593053817749,4.442016492374664,959306
1996-02-20,4.329844951629639,4.3522793352134235,4.318627759837747,4.3410621434215315,827015
1996-02-21,4.397146224975586,4.397146224975586,4.296191206753693,4.307408392881105,1011420
1996-02-22,4.442015647888184,4.442015647888184,4.385929704353696,4.3971472361358535,784923
1996-02-23,4.442015647888184,4.509319123204829,4.329843760819208,4.453233179670341,1423124
1996-02-26,4.4083638191223145,4.464450102390507,4.374712255006543,4.453232914351917,879130
1996-02-27,4.363496780395508,4.397148355079526,4.329844862636142,4.385930820442839,1033068
1996-02-28,4.315147399902344,4.405516790837134,4.315147399902344,4.382924443103437,1118054
1996-02-29,4.292555332183838,4.315147681391297,4.213481764466706,4.292555332183838,1144112
1996-03-01,4.32644510269165,4.32644510269165,4.213482978612473,4.3038524014829145,879130
1996-03-04,4.428109645843506,4.473293997470714,4.371628428954708,4.371628428954708,1782313
1996-03-05,4.416814804077148,4.428111328139415,4.394222792426059,4.40551862550603,641809
1996-03-06,4.33773946762085,4.428109198212984,4.33773946762085,4.428109198212984,849866
1996-03-07,4.382925510406494,4.394222032515207,4.303851928592037,4.337740803935997,1422723
1996-03-08,4.236072540283203,4.371626930670446,4.2247767153660725,4.3264422490383305,957301
1996-03-11,4.315147399902344,4.34903592150289,4.236073837343398,4.236073837343398,841848
1996-03-12,4.33773946762085,4.349035640758494,4.292554775070274,4.303850602716936,1836431
1996-03-13,4.34903621673584,4.360332391369526,4.303851172710068,4.326443867468468,912804
1996-03-14,4.484592437744141,4.518480975095396,4.326445584613788,4.349037942847958,1437957
1996-03-15,4.473294258117676,4.484590778546466,4.4281099038576945,4.484590778546466,1427534
1996-03-18,4.518479824066162,4.541072176545198,4.4845912953476095,4.4845912953476095,1104825
1996-03-19,4.608846664428711,4.631439349802805,4.529773474837476,4.529773474837476,1722982
1996-03-20,4.574962139129639,4.608850678469399,4.495888880670198,4.597554844180664,1039081
1996-03-21,4.529775142669678,4.574959839072794,4.518478968568899,4.5523674908712355,1053914
1996-03-22,4.473294258117676,4.541071653235238,4.473294258117676,4.5184793033597295,1314486
1996-03-25,4.462000846862793,4.484593208982286,4.462000846862793,4.484593208982286,946077
1996-03-26,4.484592437744141,4.518480975095396,4.4168150175504675,4.484592437744141,1470428
1996-03-27,4.529775142669678,4.5523674908712355,4.484590446266562,4.495886620367341,1945471
1996-03-28,4.552368640899658,4.586257171762983,4.49588775612745,4.507183933081891,1104825
1996-03-29,4.552368640899658,4.597553694208523,4.552368640899658,4.552368640899658,1096808
1996-04-01,4.631443500518799,4.654035860649362,4.50718517430951,4.552369894570636,751650
1996-04-02,4.5975542068481445,4.6427385742129905,4.574961504929016,4.631442741490131,575263
1996-04-03,4.541072845458984,4.597554080467506,4.495888133845068,4.597554080467506,1692916
1996-04-04,4.620144367218018,4.620144367218018,4.552366984659014,4.58625550319303,930042
1996-04-08,4.507186412811279,4.563667674149015,4.484594046472701,4.563667674149015,942870
1996-04-09,4.507186412811279,4.552371145488437,4.473297517812123,4.49589022964199,1369807
1996-04-10,4.439406394958496,4.5184799767990285,4.439406394958496,4.5184799767990285,795346
1996-04-11,4.416814804077148,4.47329569693274,4.382926268363793,4.450703685281652,2601310
1996-04-12,4.405518531799316,4.416814710130161,4.360333818475935,4.416814710130161,1009817
1996-04-15,4.394222259521484,4.461999322728605,4.371629559628006,4.428110791125045,1528155
1996-04-16,4.439406394958496,4.473294924822543,4.394222033964188,4.4168140417157975,962112
1996-04-17,4.394222259521484,4.428110791125045,4.360333382426819,4.428110791125045,763676
1996-04-18,4.4507036209106445,4.5071845129493475,4.439407097011761,4.4507036209106445,1089191
1996-04-19,4.4507036209106445,4.473295632234983,4.439407097011761,4.439407097011761,1048301
1996-04-22,4.495885848999023,4.518478193324367,4.450701160348337,4.461997332511008,822606
1996-04-23,4.541072845458984,4.541072845458984,4.484591955941589,4.484591955941589,901579
1996-04-24,4.620144367218018,4.642736367416389,4.541070811814342,4.541070811814342,1305265
1996-04-25,4.665332317352295,4.665332317352295,4.608851068185556,4.608851068185556,1180191
1996-04-26,4.620144367218018,4.665329058596705,4.597552021528674,4.63144054006269,1190614
1996-04-29,4.608846664428711,4.631439349802805,4.608846664428711,4.6201431798612,980953
1996-04-30,4.620144367218018,4.654032885752033,4.597552021528674,4.608847848882373,554818
1996-05-01,4.620144367218018,4.642736367416389,4.608847848882373,4.620144367218018,1057521
1996-05-02,4.586256980895996,4.631442032324388,4.586256980895996,4.620145855840061,502303
1996-05-03,4.507186412811279,4.574963511827016,4.484594046472701,4.574963511827016,908795
1996-05-06,4.484592437744141,4.518480975095396,4.439407375784636,4.5071847959783105,881936
1996-05-07,4.574962139129639,4.574962139129639,4.473296175619173,4.484592700890278,600518
1996-05-08,4.541072845458984,4.574961379169421,4.461999600134631,4.563665546757069,1030663
1996-05-09,4.495885848999023,4.54107053764971,4.484589676836352,4.529774365487039,609738
1996-05-10,4.552368640899658,4.586257171762983,4.518480110036333,4.552368640899658,694725
1996-05-13,4.642736911773682,4.642736911773682,4.552367518420565,4.563664038080718,478250
1996-05-14,4.7331061363220215,4.744401962948218,4.620144069659604,4.6427360684029475,1485260
1996-05-15,4.710515022277832,4.733107719560399,4.67662649459058,4.733107719560399,727998
1996-05-16,4.665332317352295,4.687924678822505,4.65403613661719,4.665332317352295,447382
1996-05-17,4.642736911773682,4.676625779772113,4.631441083095555,4.654033431433834,816192
1996-05-20,4.665332317352295,4.6766284980874,4.6201475944118755,4.63144377514698,861892
1996-05-21,4.687923431396484,4.733108487804667,4.654034898208688,4.676627253667219,658646
1996-05-22,4.687923431396484,4.687923431396484,4.631442542750158,4.654034898208688,1338538
1996-05-23,4.687923431396484,4.72181196458428,4.654034898208688,4.687923431396484,627778
1996-05-24,4.800884246826172,4.823476596132461,4.699218329456844,4.699218329456844,1121261
1996-05-28,4.654032230377197,4.789586630915635,4.5862548573625155,4.789586630915635,963315
1996-05-29,4.582619667053223,4.662218704511722,4.57124842567157,4.650847463130068,752452
1996-05-30,4.650850772857666,4.650850772857666,4.571251678753334,4.571251678753334,929641
1996-05-31,4.571250915527344,4.65084999634164,4.559879667952033,4.65084999634164,611743
1996-06-03,4.503022193908691,4.5485075230234715,4.468908457912892,4.5485075230234715,1136094
1996-06-04,4.491652965545654,4.537137963776458,4.480281715987953,4.514395464661057,780113
1996-06-05,4.514394760131836,4.525766007914908,4.468909421212425,4.48028101678262,892760
1996-06-06,4.468907356262207,4.514392674164195,4.275595885486389,4.503021083848476,1767079
1996-06-07,4.457537651062012,4.503022285528135,4.389309829895188,4.468908548838251,866703
1996-06-10,4.400681018829346,4.4802800845351625,4.389309773412379,4.4689084913311445,760870
1996-06-11,4.252856731414795,4.3893117374772785,4.218742632111967,4.3893117374772785,2775693
1996-06-12,4.366567134857178,4.434794605050836,4.355195889824901,4.412052114986284,2245329
1996-06-13,4.332455158233643,4.389311758823389,4.3210842554603435,4.377940508262882,1106028
1996-06-14,4.343824863433838,4.366567354643107,4.321082372224569,4.355196109038473,1402679
1996-06-17,4.366567134857178,4.3779383798894544,4.343824644792625,4.355195889824901,962914
1996-06-18,4.434795379638672,4.457538221462562,4.377939144546696,4.3893103915650915,1051909
1996-06-19,4.377940654754639,4.423426006305879,4.355198152872629,4.412054407577654,1301657
1996-06-20,4.343824863433838,4.423423930453336,4.343824863433838,4.389309845852376,738421
1996-06-21,4.480279445648193,4.480279445648193,4.34382417231604,4.34382417231604,1542987
1996-06-24,4.491652965545654,4.525766714218757,4.446167619527674,4.480281715987953,794143
1996-06-25,4.491652965545654,4.503023867316178,4.446167619527674,4.480281715987953,621364
1996-06-26,4.537137985229492,4.54850923484096,4.50302388860791,4.514395486006556,934852
1996-06-27,4.468907356262207,4.514392674164195,4.412051143618426,4.514392674164195,1201838
1996-06-28,4.503022193908691,4.5257650323596055,4.480280051031874,4.4916512963638064,1012222
1996-07-01,4.480279445648193,4.514393177034481,4.468907854065763,4.503021585452051,1824004
1996-07-02,4.491652965545654,4.491652965545654,4.457539216872552,4.480281715987953,898773
1996-07-03,4.457537651062012,4.4916513877518955,4.446166057711662,4.480280142188601,970531
1996-07-05,4.321084976196289,4.434797500768062,4.309713723739112,4.423426596098151,605329
1996-07-08,4.377940654754639,4.400683156636648,4.298341550380384,4.332455303203399,975341
1996-07-09,4.412054061889648,4.457539409877074,4.366569061689415,4.377940311739473,616954
1996-07-10,4.503022193908691,4.5257650323596055,4.400680985921295,4.423423824372209,1095204
1996-07-11,4.468907356262207,4.503021083848476,4.434793628675939,4.4802789465779265,803364
1996-07-12,4.537137985229492,4.537137985229492,4.423425489114814,4.434796390939103,774500
1996-07-15,4.514394760131836,4.616735990179482,4.5030231645616405,4.514394760131836,1657238
1996-07-16,4.4461669921875,4.468909488094007,4.230112933288553,4.468909488094007,1743828
1996-07-17,4.412054061889648,4.503024062290115,4.412054061889648,4.503024062290115,2338333
1996-07-18,4.423424243927002,4.446166388960876,4.355196417677055,4.400681403318965,832227
1996-07-19,4.412054061889648,4.446167812039823,4.377940311739473,4.446167812039823,738421
1996-07-22,4.332455158233643,4.400683009383897,4.332455158233643,4.400683009383897,870311
1996-07-23,4.298342704772949,4.366570576529947,4.298342704772949,4.355199322534999,1925026
1996-07-24,4.298342704772949,4.332456466757791,4.264228942788107,4.275600196783055,913205
1996-07-25,4.343824863433838,4.389309845852376,4.298339533228243,4.321082372224569,643813
1996-07-26,4.321084976196289,4.366569986024999,4.309713723739112,4.343827481110644,339545
1996-07-29,4.264227867126465,4.321084470546301,4.264227867126465,4.321084470546301,471034
1996-07-30,4.1960015296936035,4.264229055466132,4.161887419020016,4.264229055466132,1898167
1996-07-31,4.161884784698486,4.207370120876933,4.161884784698486,4.195998873779097,1128878
1996-08-01,4.298342704772949,4.343828068540052,4.161887309046267,4.161887309046267,865500
1996-08-02,4.366567134857178,4.3779383798894544,4.309710909695795,4.309710909695795,539584
1996-08-05,4.412054061889648,4.412054061889648,4.366569061689415,4.3893115617895315,704346
1996-08-06,4.4461669921875,4.468909488094007,4.400682000374486,4.400682000374486,832628
1996-08-07,4.400681018829346,4.4802800845351625,4.366567282578447,4.42342385745033,528761
1996-08-08,4.377940654754639,4.423426006305879,4.366569403813633,4.423426006305879,624972
1996-08-09,4.377940654754639,4.389311905695644,4.343826901931624,4.389311905695644,557223
1996-08-12,4.525766372680664,4.616736362277198,4.412053537897845,4.412053537897845,2921213
1996-08-13,4.468907356262207,4.548506401750463,4.446164871204695,4.514392674164195,867905
1996-08-14,4.639477252960205,4.639477252960205,4.468908233749999,4.468908233749999,1565436
1996-08-15,4.662222385406494,4.696336136484773,4.616737036181586,4.650851135047067,814187
1996-08-16,4.662222385406494,4.696336136484773,4.639479536900439,4.6735932879787185,832628
1996-08-19,4.662222385406494,4.696336136484773,4.650851135047067,4.650851135047067,760870
1996-08-20,4.639477252960205,4.650848845508781,4.616734763437115,4.628106355985691,725994
1996-08-21,4.601930618286133,4.624826098581592,4.590483053199039,4.613378183373227,683100
1996-08-22,4.71640682220459,4.727854387784222,4.601930816286979,4.601930816286979,790936
1996-08-23,4.750749588012695,4.762197153758759,4.704958974907147,4.727854456520567,1248741
1996-08-26,4.682064533233643,4.750749932693351,4.670616616535708,4.739302366116733,463016
1996-08-27,4.670614719390869,4.704957405171157,4.647719595537344,4.670614719390869,561232
1996-08-28,4.601930618286133,4.670616008808697,4.579035488111945,4.670616008808697,1080372
1996-08-29,4.590484142303467,4.590484142303467,4.5675890066973475,4.590484142303467,723588
1996-08-30,4.5675883293151855,4.601931027631276,4.5675883293151855,4.601931027631276,645016
1996-09-03,4.659170150756836,4.670617369056491,4.521798979583127,4.544694116425183,948081
1996-09-04,4.613375663757324,4.647718340262199,4.567585428417492,4.647718340262199,775302
1996-09-05,4.579034805297852,4.62482540893932,4.5675872419177885,4.601929932057976,1005808
1996-09-06,4.579034805297852,4.613377495438038,4.544692115157664,4.579034805297852,901178
1996-09-09,4.601930618286133,4.601930618286133,4.567587923024851,4.590483053199039,964517
1996-09-10,4.63627290725708,4.682063513713961,4.60193021500535,4.60193021500535,1221481
1996-09-11,4.682064533233643,4.704959316265562,4.624826700350552,4.6362739168058535,1888145
1996-09-12,4.71640682220459,4.727854387784222,4.670616209764774,4.670616209764774,1549802
1996-09-13,4.7278547286987305,4.773644994319088,4.716407162293641,4.762197427913999,1042288
1996-09-16,4.704958915710449,4.739301962637836,4.704958915710449,4.727854397035803,1088790
1996-09-17,4.7278547286987305,4.7278547286987305,4.704959245767239,4.7278547286987305,1245935
1996-09-18,4.71640682220459,4.750749518943487,4.704958906503672,4.71640682220459,845857
1996-09-19,4.71640682220459,4.7850922156823845,4.693511691045325,4.71640682220459,1144512
1996-09-20,4.659170150756836,4.75075069812506,4.636274663793407,4.739303129704032,1460406
1996-09-23,4.704958915710449,4.716406831433769,4.624826306617503,4.636273522098249,1271992
1996-09-24,4.7278547286987305,4.773644994319088,4.704959245767239,4.716407162293641,1020240
1996-09-25,4.670614719390869,4.7164053172190945,4.636272033610582,4.7164053172190945,1094002
1996-09-26,4.601930618286133,4.693511489104156,4.601930618286133,4.659168793842874,993782
1996-09-27,4.670614719390869,4.682062631438806,4.498900940368255,4.613376909757056,2202836
1996-09-30,4.670614719390869,4.682062631438806,4.647719595537344,4.670614719390869,780513
1996-10-01,4.624826908111572,4.7164074448385875,4.601931423808486,4.670616826353747,1206248
1996-10-02,4.579034805297852,4.67061531233835,4.5675872419177885,4.636272622198163,1307671
1996-10-03,4.624826908111572,4.636274125081116,4.579036289626732,4.579036289626732,918015
1996-10-04,4.624826908111572,4.659169609384203,4.579036289626732,4.601931423808486,1013425
1996-10-07,4.647720813751221,4.65916872879977,4.590482989114804,4.624826034017921,669870
1996-10-08,4.71640682220459,4.76219708452312,4.636273513025876,4.6477210786055085,883540
1996-10-09,4.670614719390869,4.739300441072619,4.670614719390869,4.704957405171157,619360
1996-10-10,4.601930618286133,4.670616008808697,4.590483053199039,4.670616008808697,375224
1996-10-11,4.670614719390869,4.727852879145857,4.613376909757056,4.613376909757056,1054715
1996-10-14,4.693512439727783,4.7507502767562,4.659169737510733,4.659169737510733,740025
1996-10-15,4.8308820724487305,4.899567455182375,4.704958170527918,4.704958170527918,1739017
1996-10-16,4.865226745605469,4.865226745605469,4.750750710964433,4.762198279416399,1204244
1996-10-17,5.082729339599609,5.105624469491328,4.876672470331605,4.876672470331605,2694315
1996-10-18,5.0369391441345215,5.071281839410633,4.945358273276953,5.071281839410633,2107426
1996-10-21,4.922463417053223,5.036939424466044,4.91101585132407,5.036939424466044,994984
1996-10-22,4.819435119628906,4.911015998324697,4.762197289269851,4.911015998324697,2225285
1996-10-23,4.785091876983643,4.819434571291692,4.727854053136892,4.819434571291692,1569846
1996-10-24,4.819435119628906,4.819435119628906,4.7736448553416615,4.807987553557095,1457600
1996-10-25,4.785091876983643,4.853777615721005,4.773644312214293,4.842329700830393,1183398
1996-10-28,4.7621965408325195,4.830882276589886,4.739301412287147,4.796539583771826,870311
1996-10-29,4.79653787612915,4.81943264640238,4.7736424056136775,4.785089965810853,912403
1996-10-30,4.819435119628906,4.853778167965641,4.807987553557095,4.819435119628906,641809
1996-10-31,4.785091876983643,4.9110154395677545,4.773644312214293,4.830882486182304,1099213
1996-11-01,4.71640682220459,4.807987346841649,4.693511691045325,4.796540131383304,2193615
1996-11-04,4.704958915710449,4.716406831433769,4.659169003423603,4.716406831433769,705950
1996-11-05,4.647720813751221,4.750749248218037,4.647720813751221,4.72785411836347,2378020
1996-11-06,4.5675883293151855,4.601931027631276,4.544693197104459,4.601931027631276,2506302
1996-11-07,4.464559078216553,4.590482632762684,4.464559078216553,4.567587504685431,2032061
1996-11-08,4.510348320007324,4.55613856230922,4.350082121829556,4.464557727584295,2195219
1996-11-11,4.556140422821045,4.590483118571396,4.533244942199534,4.533244942199534,1615947
1996-11-12,4.533243656158447,4.579034254289804,4.521796444277079,4.567586692287259,1729797
1996-11-13,4.704958915710449,4.716406831433769,4.5904832596901155,4.624826306617503,2071748
1996-11-14,4.79653787612915,4.79653787612915,4.6820619240362715,4.6820619240362715,1847656
1996-11-15,4.819435119628906,4.888120866181074,4.796540337606586,4.865225734037452,2005202
1996-11-18,4.79653787612915,4.830880556720677,4.73929972502215,4.807985086205204,1021843
1996-11-19,4.842329978942871,4.842329978942871,4.773644586381921,4.773644586381921,669870
1996-11-20,4.7736430168151855,4.865223860239422,4.7736430168151855,4.865223860239422,1162953
1996-11-21,4.7621965408325195,4.796539583771826,4.750748976559833,4.785091669377893,1049504
1996-11-22,4.807988166809082,4.8423308694048774,4.773645464213287,4.773645464213287,1936651
1996-11-25,5.208649158477783,5.357467395755678,5.071278127792558,5.117068354647294,5528937
1996-11-26,5.2658891677856445,5.2658891677856445,5.117070517485384,5.2086513600244535,3382225
1996-11-27,5.185756683349609,5.254442413334576,5.16286155672836,5.254442413334576,1341345
1996-11-29,5.139969825744629,5.1628646158102,5.117074335436209,5.1628646158102,518739
1996-12-02,5.151414394378662,5.208652565508143,5.07128144496713,5.11707170177372,1154534
1996-12-03,5.151414394378662,5.208652565508143,5.105624137572073,5.174309872903201,1885740
1996-12-04,5.279601097106934,5.279601097106934,5.1527983606039465,5.187380828950468,1575058
1996-12-05,5.233489513397217,5.268071970999833,5.233489513397217,5.256544132566663,673478
1996-12-06,5.221961498260498,5.279599278213445,5.072104187053445,5.198906527305567,1516529
1996-12-09,5.221961498260498,5.245016821781048,5.187379041828102,5.245016821781048,660249
1996-12-10,5.187381267547607,5.233491581807374,5.1758541296898795,5.210436600960376,877125
1996-12-11,5.083631992340088,5.1643247539206065,5.083631992340088,5.1643247539206065,1993175
1996-12-12,5.025994777679443,5.0721050802751675,4.991412315156912,5.060577592767657,2756451
1996-12-13,5.083631992340088,5.118214805912119,5.014467070327356,5.014467070327356,1054715
1996-12-16,5.0490498542785645,5.141270108759752,5.0490498542785645,5.072105182323127,1485661
1996-12-17,5.060577869415283,5.083632493124956,5.014467564298838,5.0259950524365244,804165
1996-12-18,5.072103500366211,5.129740919950291,5.0490481799670075,5.095158468199843,1225891
1996-12-19,5.106686592102051,5.118214077463526,5.025993842006108,5.072104136017625,1139301
1996-12-20,5.279601097106934,5.302656076004615,5.141270871155106,5.175853692067368,2299448
1996-12-23,5.256545066833496,5.3026553710646525,5.1989076272516686,5.279600395231921,556822
1996-12-24,5.245018005371094,5.256545140884152,5.210435541134823,5.256545140884152,277409
1996-12-26,5.256545066833496,5.256545066833496,5.2219626030844,5.256545066833496,497492
1996-12-27,5.256545066833496,5.268072907315555,5.2219626030844,5.256545066833496,566443
1996-12-30,5.221961498260498,5.256543954692895,5.16432407087317,5.256543954692895,583280
1996-12-31,5.187381267547607,5.221963738818104,5.1009250893713665,5.221963738818104,550809
1997-01-02,5.031759738922119,5.221963681383637,4.997177268031982,5.221963681383637,966655
1997-01-03,5.118215084075928,5.22196247273347,5.031758574295625,5.049049805738549,1434883
1997-01-06,5.187381267547607,5.187381267547607,5.1009250893713665,5.118216325006615,904385
1997-01-07,5.291130065917969,5.291130065917969,5.100926084266684,5.187382279305523,796148
1997-01-08,5.343001365661621,5.377583828031366,5.273836440922131,5.3084189032918765,814054
1997-01-09,5.446748733520508,5.4813308387253805,5.2392529292005765,5.30841819730722,1281480
1997-01-10,5.619663715362549,5.654246187535632,5.41216782462671,5.41216782462671,2031393
1997-01-13,5.481329917907715,5.5677860478100705,5.429455887400728,5.5677860478100705,1707482
1997-01-14,5.6369524002075195,5.654243628468183,5.498621868990969,5.498621868990969,1102420
1997-01-15,5.567788124084473,5.619662526501428,5.533205659227442,5.619662526501428,993381
1997-01-16,5.602370738983154,5.6369539098977945,5.515914574525126,5.567788273199943,920421
1997-01-17,5.619663715362549,5.654246187535632,5.498624357625198,5.619663715362549,2259894
1997-01-20,5.6369524002075195,5.6369524002075195,5.585078010294288,5.585078010294288,1000597
1997-01-21,5.688826084136963,5.809865034509091,5.585078009457288,5.60236923771536,1470161
1997-01-22,5.602370738983154,5.688827608572613,5.429458057501382,5.688827608572613,3468147
1997-01-23,5.550498008728027,5.636954893401997,5.515915536911061,5.619663657493513,1416710
1997-01-24,5.515914440155029,5.585079370036564,5.481331975214261,5.515914440155029,1214132
1997-01-27,5.498624324798584,5.602371740698466,5.481333088815271,5.515915560781898,751784
1997-01-28,5.481329917907715,5.5677860478100705,5.464039044492817,5.533203595849129,939128
1997-01-29,5.533205509185791,5.602370437024335,5.464040933912941,5.5159142772261545,1082911
1997-01-30,5.567788124084473,5.567788124084473,5.515914426798927,5.533205659227442,339946
1997-01-31,5.533205509185791,5.636953606074997,5.533205509185791,5.567787973105062,647288
1997-02-03,5.515914440155029,5.550496905095796,5.498623207684645,5.550496905095796,827149
1997-02-04,5.481329917907715,5.515912369868657,5.446747818512345,5.498621143888186,605329
1997-02-05,5.464040279388428,5.498622386599496,5.429457114480401,5.481331156711135,1103222
1997-02-06,5.360293388366699,5.515914844575854,5.308419687152225,5.498623610837695,933783
1997-02-07,5.343001365661621,5.515914030076024,5.3084189032918765,5.41216629040111,1084781
1997-02-10,5.3775811195373535,5.3775811195373535,5.273833784681917,5.360289897061448,1643875
1997-02-11,5.464040279388428,5.567787306152937,5.41216588459204,5.41216588459204,1684231
1997-02-12,5.515914440155029,5.567788137566181,5.41216669276702,5.464041095309583,1159345
1997-02-13,5.515914440155029,5.533205672625413,5.481331975214261,5.498623207684645,1009683
1997-02-14,5.723409652709961,5.775282994997535,5.533205399783291,5.550496631401045,2986556
1997-02-18,5.86174201965332,5.86174201965332,5.688829287150933,5.70612052514459,2688301
1997-02-19,5.792574405670166,5.844448095812305,5.72340913291499,5.827156865764925,1242461
1997-02-20,5.757994174957275,5.792577357808375,5.6888295720842565,5.757994174957275,1427667
1997-02-21,5.757994174957275,5.792577357808375,5.70612081094397,5.792577357808375,1113912
1997-02-24,5.879030227661133,5.8963214567430855,5.74069968987424,5.74069968987424,1709887
1997-02-25,5.740700721740723,5.879031284391945,5.723409842116444,5.8617400522019665,837305
1997-02-26,5.706119060516357,5.775283642172225,5.6369541262947624,5.775283642172225,990441
1997-02-27,5.896322250366211,6.086526148434064,5.740700462551249,5.740700462551249,3913391
1997-02-28,6.069231986999512,6.1556881023077885,5.896319403817445,5.896319403817445,2188270
1997-03-03,6.051943778991699,6.051943778991699,5.930904452127782,6.017361315639546,1176182
1997-03-04,6.345895290374756,6.432351446953486,6.017361190244215,6.017361190244215,2319492
1997-03-05,6.329893589019775,6.364673863138792,6.173385546660333,6.364673863138792,2601444
1997-03-06,6.190777778625488,6.295116514815082,6.1038288318008265,6.295116514815082,1892154
1997-03-07,6.225556373596191,6.312505306681229,6.034268720809111,6.069048294043126,2391650
1997-03-10,6.329893589019775,6.4168432105919395,6.1907753291447145,6.208165111629097,1490739
1997-03-11,6.347281455993652,6.434230332461384,6.329890971550147,6.347281455993652,1540181
1997-03-12,6.312507629394531,6.416847096639135,6.295117836378878,6.364677717592174,1124335
1997-03-13,6.277726650238037,6.329896017707804,6.173387915298504,6.312506228551214,1079703
1997-03-14,6.503795623779297,6.590744583002789,6.277727620647582,6.29511741249228,1675946
1997-03-17,6.382070064544678,6.503798664366842,6.312510155495333,6.503798664366842,1315688
1997-03-18,6.364678382873535,6.416847767373611,6.295118494389346,6.382068177706894,1228296
1997-03-19,6.312507629394531,6.399457303623481,6.277728043363224,6.382067510607827,993381
1997-03-20,6.312507629394531,6.34728792457652,6.295117836378878,6.295117836378878,1370475
1997-03-21,6.39945650100708,6.39945650100708,6.329896628517946,6.347287128503174,1339206
1997-03-24,6.364678382873535,6.382068177706894,6.329898084056063,6.382068177706894,1231771
1997-03-25,6.469013690948486,6.5559626185975635,6.347285192239779,6.364674977769594,1779373
1997-03-26,6.486405372619629,6.5037951632329225,6.364676838326573,6.486405372619629,861358
1997-03-27,6.312507629394531,6.503796061717403,6.26033825034757,6.503796061717403,1385709
1997-03-31,6.208169937133789,6.347289014293989,6.190780141132614,6.2951189171396615,1231236
1997-04-01,6.208169937133789,6.225559733134963,6.086441365125567,6.173390345131439,701273
1997-04-02,6.06904935836792,6.208167675701057,6.06904935836792,6.208167675701057,681763
1997-04-03,5.9820990562438965,6.034269128772441,5.825591320684906,6.034269128772441,1330387
1997-04-04,6.06904935836792,6.06904935836792,5.912540896792868,5.964709911217522,786794
1997-04-07,6.242948055267334,6.295117430954431,6.103829720101743,6.121219511997442,1611003
1997-04-08,6.312507629394531,6.312507629394531,6.225558664316264,6.26033825034757,1105360
1997-04-09,6.469013690948486,6.486403476478302,6.3298946975595864,6.3298946975595864,1213063
1997-04-10,6.538573265075684,6.590742625111994,6.416844758324291,6.434234545003061,1552742
1997-04-11,6.173386096954346,6.469013134691218,6.173386096954346,6.469013134691218,1012356
1997-04-14,6.138609886169434,6.1733894732598396,6.01688133135301,6.1733894732598396,1269453
1997-04-15,6.364678382873535,6.382068177706894,6.13861034088912,6.2255593150559125,2701931
1997-04-16,6.451626300811768,6.451626300811768,6.2777276717972565,6.329897047756418,944741
1997-04-17,6.06904935836792,6.416845860851308,5.7734218703091855,6.364676491851381,8492242
1997-04-18,6.155996322631836,6.155996322631836,6.069047402322145,6.086437186384083,3939314
1997-04-21,6.034271240234375,6.15599979737746,5.982101149450908,6.15599979737746,1700266
1997-04-22,6.034271240234375,6.103830415744709,5.929932122393516,6.086440621867125,2775693
1997-04-23,6.051659107208252,6.121218260570314,6.016879530527221,6.034269318867736,1234176
1997-04-24,6.103828430175781,6.155997794837893,6.05165906551367,6.05165906551367,2134552
1997-04-25,6.121218681335449,6.138608470871318,6.0864391022637125,6.103828891799581,1052176
1997-04-28,6.121218681335449,6.1907778394789235,6.034269733656107,6.138608470871318,1088523
1997-04-29,6.155996322631836,6.190775890755713,6.051657618260207,6.138606538569898,664392
1997-04-30,6.121218681335449,6.138608470871318,6.069049312727843,6.121218681335449,1898568
1997-05-01,6.121218681335449,6.1907778394789235,6.034269733656107,6.069049312727843,899307
1997-05-02,6.121218681335449,6.155998260407187,6.051659523191975,6.138608470871318,1699999
1997-05-05,6.242948055267334,6.260337847163033,6.1559990957888395,6.1559990957888395,876324
1997-05-06,6.173386096954346,6.242945233092359,6.103826960816333,6.242945233092359,1660178
1997-05-07,6.173386096954346,6.208165665023352,6.121216744850836,6.155996312919843,1236848
1997-05-08,6.347281455993652,6.399450781874291,6.208162544495322,6.208162544495322,1620357
1997-05-09,6.39945650100708,6.39945650100708,6.260337465179404,6.347287128503174,1003269
1997-05-12,6.312507629394531,6.451626682670442,6.312507629394531,6.434236889654788,1083445
1997-05-13,6.208169937133789,6.260339325137313,6.156000549130265,6.242949529136138,846659
1997-05-14,6.086438179016113,6.312505408690423,5.999489244525995,6.242946261098328,1371811
1997-05-15,6.086438179016113,6.20816668730228,6.086438179016113,6.173387113506233,1465083
1997-05-16,5.964707851409912,6.051657478867133,5.929928638662293,5.982097635071296,1546061
1997-05-19,6.016879558563232,6.103828500670954,5.982099272569649,6.051659135406321,944473
1997-05-20,5.947323322296143,5.982102563698219,5.912543726318624,5.96471276570946,981354
1997-05-21,5.964707851409912,6.034267695205749,5.8951490713395245,5.964707851409912,1605925
1997-05-22,6.034271240234375,6.051661034111959,5.895152534638349,5.9473219162710995,1618753
1997-05-23,6.06904935836792,6.06904935836792,6.016879989367993,6.051659568701278,1136361
1997-05-27,6.06904935836792,6.086439148034562,5.982099700884164,5.982099700884164,2283680
1997-05-28,6.157919406890869,6.1929075123775075,6.052955090430955,6.070449143174274,2101680
1997-05-29,6.175413131713867,6.192907183528235,6.122930976270762,6.122930976270762,974673
1997-05-30,6.175413131713867,6.210401235342603,6.052954769013288,6.157919079899498,872315
1997-06-02,6.157919406890869,6.227895617864146,6.14042535414755,6.227895617864146,656107
1997-06-03,6.175413131713867,6.175413131713867,6.122930976270762,6.157919079899498,971733
1997-06-04,6.157919406890869,6.175413459634188,6.087943195917593,6.14042535414755,1115248
1997-06-05,6.105436325073242,6.19290657555795,6.0879422749763,6.157918475364067,1722715
1997-06-06,6.105436325073242,6.105436325073242,6.000471311089337,6.0704482248793585,1319964
1997-06-09,5.965485095977783,6.1404259984688885,5.947991041398795,6.1404259984688885,629382
1997-06-10,5.668084144592285,5.930495989239984,5.47564921989203,5.930495989239984,8856241
1997-06-11,5.598109245300293,5.685580237309973,5.580615189578854,5.6680854681860495,4665174
1997-06-12,5.598109245300293,5.6680854681860495,5.423168331384659,5.633097356743171,6776743
1997-06-13,5.720564365386963,5.790540539546635,5.633093434285386,5.738058408926881,4020292
1997-06-16,5.738063335418701,5.808039212956115,5.685581159739667,5.738063335418701,1577596
1997-06-17,5.668084144592285,5.7730491678122915,5.633096041319722,5.720567012903447,2087516
1997-06-18,5.598109245300293,5.6680854681860495,5.598109245300293,5.6680854681860495,1742225
1997-06-19,5.773049354553223,5.773049354553223,5.580614066927101,5.580614066927101,2349424
1997-06-20,5.825531959533691,5.878014836795531,5.79054420699531,5.808037904913891,3802481
1997-06-23,5.808037281036377,5.860520152660704,5.720567374034284,5.825531333777032,1969924
1997-06-24,5.8780131340026855,5.904254208330648,5.773048479989719,5.843024321496503,1671135
1997-06-25,5.808037281036377,5.930496363623323,5.755555479515594,5.913002310882669,2328044
1997-06-26,5.825531959533691,5.843026014153491,5.79054420699531,5.79054420699531,2527148
1997-06-27,5.965485095977783,5.965485095977783,5.808037891364449,5.825531945943437,1722982
1997-06-30,6.1229329109191895,6.157921025603037,5.921750894785792,5.9829800954825245,1545526
1997-07-01,6.1229329109191895,6.245391312312655,6.1229329109191895,6.245391312312655,5119238
1997-07-02,6.11418342590332,6.157918551687745,6.009218410618437,6.14917152653086,2322699
1997-07-03,6.210400581359863,6.245388681304197,6.122930331499027,6.122930331499027,1199968
1997-07-07,6.262879371643066,6.411579430040689,6.2278912904675945,6.2278912904675945,2703000
1997-07-08,6.210400581359863,6.262882731276364,6.192906531387695,6.262882731276364,1306602
1997-07-09,6.03546142578125,6.262884126068185,5.9742318805412555,6.227896018331734,1945604
1997-07-10,6.1229329109191895,6.192909140286884,5.930497923456754,6.035462624209571,1718439
1997-07-11,6.061699390411377,6.157916637223672,6.035458323098933,6.1491696147861905,1561027
1997-07-14,6.201655387878418,6.245390525724921,6.096691057046811,6.096691057046811,1929302
1997-07-15,6.2541375160217285,6.315366708641928,6.035461828092445,6.219149405953043,3490863
1997-07-16,6.3066182136535645,6.341606315580956,6.254136060762477,6.289124162689869,1443168
1997-07-17,6.262879371643066,6.315361493406274,6.2103972498798585,6.315361493406274,1664721
1997-07-18,6.149172306060791,6.236642568718237,6.07044906966909,6.227895542452492,1109903
1997-07-21,6.175413131713867,6.219148261249788,6.157919079899498,6.166666105806683,1419650
1997-07-22,6.192907333374023,6.2278954378493445,6.11418409830455,6.184160307255193,2830213
1997-07-23,6.219146728515625,6.262881847272847,6.175411609758403,6.201652681012736,2099275
1997-07-24,6.2978715896606445,6.332859693818525,6.210401329265942,6.227895381344882,1629444
1997-07-25,6.437824726104736,6.437824726104736,6.2453894396424445,6.2453894396424445,1249944
1997-07-28,6.402834892272949,6.481558105440559,6.38534084490237,6.4290759633288195,1046297
1997-07-29,6.446573734283447,6.446573734283447,6.332861647291674,6.4028385905952865,800691
1997-07-30,6.39409065246582,6.4553198449209965,6.376595884076172,6.429078762440207,1179122
1997-07-31,6.402834892272949,6.4290759633288195,6.280375847276747,6.4290759633288195,1069815
1997-08-01,6.262879371643066,6.385338369159085,6.236638310761462,6.385338369159085,1060996
1997-08-04,6.3066182136535645,6.3066182136535645,6.184159856907693,6.227894984316933,1377424
1997-08-05,6.367845058441162,6.376592080717542,6.280374835677362,6.315362924782882,1681825
1997-08-06,6.577775478363037,6.577775478363037,6.350352145257725,6.367846192927198,1713361
1997-08-07,6.612765789031982,6.621512815797044,6.53404254814643,6.59527173550186,1031865
1997-08-08,6.490304946899414,6.586522204736139,6.446569829700903,6.525293040658223,1039081
1997-08-11,6.4815592765808105,6.5427884534412195,6.429077124986174,6.490306301846583,859219
1997-08-12,6.39409065246582,6.507802009882577,6.376595884076172,6.481560927401787,1012356
1997-08-13,6.437824726104736,6.437824726104736,6.2978715959315235,6.411583647960197,1184734
1997-08-14,6.39409065246582,6.47281389990819,6.315366691620995,6.47281389990819,1058590
1997-08-15,6.28912353515625,6.385341519258162,6.28912353515625,6.385341519258162,949818
1997-08-18,6.271635055541992,6.30662318504989,6.227899893657121,6.297876152672916,875789
1997-08-19,6.359100818634033,6.359100818634033,6.2541365053896,6.271630557597006,1306334
1997-08-20,6.351711273193359,6.395698103927768,6.316521808605833,6.316521808605833,1386243
1997-08-21,6.246142864227295,6.316521793231042,6.237345498101827,6.298927060980105,1234978
1997-08-22,6.263738632202148,6.307725470102817,6.131778118500142,6.158170221240543,1727793
1997-08-25,6.316520690917969,6.351710149278834,6.246141774196237,6.272533867966886,1029727
1997-08-26,6.483673095703125,6.501267829659839,6.369306607476373,6.369306607476373,1300188
1997-08-27,6.606834888458252,6.650821714395715,6.422090219520909,6.483671775833357,1843514
1997-08-28,6.5276594161987305,6.624430445334852,6.48367258477322,6.61563307904975,984294
1997-08-29,6.5716423988342285,6.633223926763712,6.474871426373612,6.492466148639179,746706
1997-09-02,6.923544883728027,7.073100181149275,6.554054607884784,6.554054607884784,1674075
1997-09-03,6.817972183227539,6.9675273873077535,6.8003774533357495,6.941135292470069,2197624
1997-09-04,6.747592449188232,6.835566814890921,6.738795084368757,6.80037735561302,2286887
1997-09-05,6.861959457397461,6.932338381574257,6.7563903536242735,6.782783167698566,3131407
1997-09-08,6.826768398284912,7.108284029135566,6.6772125018876745,7.108284029135566,3177642
1997-09-09,6.756390571594238,6.826770215549567,6.650822181923271,6.826770215549567,4284606
1997-09-10,6.721202850341797,6.721202850341797,6.668418641825939,6.703608114169844,2081102
1997-09-11,6.615633010864258,6.773986319872046,6.571646179892108,6.712404039002987,1275333
1997-09-12,6.712405681610107,6.712405681610107,6.545255683012305,6.62443199813758,2643403
1997-09-15,6.712405681610107,6.738797786651866,6.6156346297903275,6.62443199813758,1703206
1997-09-16,6.826768398284912,6.870755215605326,6.6420230480313425,6.747591409600338,1956562
1997-09-17,6.747592449188232,6.8795536389882965,6.747592449188232,6.8619589093493465,1357380
1997-09-18,6.826768398284912,6.853160488677161,6.729996682672173,6.747591409600338,1194355
1997-09-19,6.8531646728515625,6.861962041686847,6.791583091004575,6.826772566345711,1034003
1997-09-22,6.826768398284912,6.888349942533493,6.800376307892663,6.861957852141244,1866230
1997-09-23,6.791583061218262,6.817975167608364,6.68601391814959,6.817975167608364,1074626
1997-09-24,6.756390571594238,6.897149141996879,6.756390571594238,6.773986020714084,819399
1997-09-25,6.747592449188232,6.835566814890921,6.738795084368757,6.7739852611545945,913205
1997-09-26,6.817972183227539,6.861959007957013,6.765187276044221,6.809174818281644,1476575
1997-09-29,6.703606128692627,6.773985770043566,6.6596193012907845,6.756390321574838,1081574
1997-09-30,6.589241027832031,6.703606790365176,6.562848928785922,6.703606790365176,1647617
1997-10-01,6.50126838684082,6.580444696431712,6.43968681271457,6.580444696431712,3019428
1997-10-02,6.615633010864258,6.624430377058688,6.4836725179478085,6.492469884142238,1424193
1997-10-03,6.729997158050537,6.853160972755293,6.589239332682676,6.642023517195624,2888474
1997-10-06,6.729997158050537,6.782782060071362,6.659618245366606,6.738794522136028,991510
1997-10-07,6.721202850341797,6.721202850341797,6.668418641825939,6.712405482255821,704747
1997-10-08,6.650823593139648,6.738797269865633,6.633228857794451,6.738797269865633,1241926
1997-10-09,6.650823593139648,6.686013063830042,6.5716472840862625,6.580444651758861,928438
1997-10-10,6.650823593139648,6.668418328484845,6.598039387104057,6.615634122449254,680427
1997-10-13,6.721202850341797,6.7387975865137495,6.677216009911915,6.694810746083868,563103
1997-10-14,6.703606128692627,6.817972597445409,6.68601139773189,6.817972597445409,1033201
1997-10-15,6.817972183227539,6.853161643011119,6.650821531747587,6.668416261639377,2313345
1997-10-16,6.897149562835693,6.932339028206481,6.782783800380631,6.782783800380631,2467550
1997-10-17,6.77398681640625,6.861960484799033,6.686012430505366,6.861960484799033,1624366
1997-10-20,6.861959457397461,6.861959457397462,6.677214063925378,6.773985802176467,1052444
1997-10-21,7.18746280670166,7.213854903662615,6.870756925662189,6.8795542913158405,3667785
1997-10-22,7.319421768188477,7.477775034505735,7.187461310847308,7.187461310847308,3280802
1997-10-23,7.319421768188477,7.319421768188477,7.178663947024563,7.231448129961031,2579262
1997-10-24,7.319421768188477,7.345813859656711,7.231448129961031,7.345813859656711,1466954
1997-10-27,7.1082844734191895,7.381003475359134,7.1082844734191895,7.231448287122191,2312276
1997-10-28,7.27543830871582,7.310627780256541,6.897150772144892,6.897150772144892,3885864
1997-10-29,7.196259498596191,7.337017335875986,7.16986740410623,7.29303051172605,1741690
1997-10-30,7.18746280670166,7.257841731930874,7.134678612779749,7.178665441048008,2214728
1997-10-31,7.169867992401123,7.240246916815682,7.152273261297483,7.187462723504763,2012952
1997-11-03,7.249048709869385,7.275440822644357,7.152277629694488,7.249048709869386,806303
1997-11-04,7.196259498596191,7.23144895791614,7.161070039276242,7.23144895791614,629649
1997-11-05,7.2050580978393555,7.2666396621997835,7.196260731502152,7.196260731502152,815657
1997-11-06,7.222651958465576,7.222651958465577,7.169867766815408,7.187462497365464,835968
1997-11-07,7.196259498596191,7.284233146896063,7.16986740410623,7.187462133766204,1213597
1997-11-10,7.196259498596191,7.23144895791614,7.178664768936217,7.2050568634261785,651296
1997-11-11,7.196259498596191,7.2138542282561655,7.16986740410623,7.187462133766204,755258
1997-11-12,7.1522722244262695,7.187461681532103,7.117082049812543,7.117082049812543,741361
1997-11-13,7.169867992401123,7.187462723504763,7.134678530193844,7.134678530193844,940732
1997-11-14,7.407398223876953,7.451385059721408,7.11708438979542,7.1522745759791135,1694119
1997-11-17,7.600939750671387,7.618534482072996,7.3546127935408485,7.442586450548895,1375018
1997-11-18,7.504168510437012,7.6009395303407326,7.468978331145852,7.6009395303407326,1196493
1997-11-19,7.442585468292236,7.539357195737369,7.4161933746729956,7.512965102118128,1070884
1997-11-20,7.715303897857666,7.838467709524689,7.47777507340785,7.47777507340785,1518266
1997-11-21,7.803276062011719,7.882453039374658,7.627328817889018,7.715302439950368,3266638
1997-11-24,7.57454776763916,7.7592924501382505,7.486574109306259,7.60093986513903,6280721
1997-11-25,7.495370864868164,7.600939246272291,7.486573499751154,7.574547150921259,4437742
1997-11-26,7.521763324737549,7.565750152454283,7.354612661905961,7.4953712281075076,3865820
1997-11-28,7.521763324737549,7.530560690280896,7.486573862564161,7.530560690280896,351171
1997-12-01,7.477777481079102,7.556953781388642,7.46018203016889,7.556953781388642,2619617
1997-12-02,7.477777481079102,7.539359047986522,7.44258729676677,7.486574847780161,1254487
1997-12-03,7.467159271240234,7.520243955747246,7.440617289778146,7.484853925548292,2142570
1997-12-04,7.47600793838501,7.4937025958646375,7.458313280905381,7.4671606096451955,1842445
1997-12-05,7.422922611236572,7.48485390111259,7.414075284111426,7.467159246862299,1539112
1997-12-08,7.422922611236572,7.458311919737154,7.3786859756108445,7.396380629861135,1011287
1997-12-09,7.458312034606934,7.4760066891297505,7.360991434731442,7.414075398299892,2262032
1997-12-10,7.582174777984619,7.582174777984619,7.449464157279951,7.449464157279951,1985960
1997-12-11,7.59987211227417,7.6441087609205445,7.502550763669099,7.582177452815619,1474704
1997-12-12,7.697192668914795,7.697192668914795,7.599872042782649,7.6618033503212875,1722448
1997-12-15,7.785667896270752,7.8387518873260245,7.7325839052154794,7.7325839052154794,1445841
1997-12-16,7.812203884124756,7.882983206018234,7.759119933891645,7.7856619090082,1494213
1997-12-17,7.891829490661621,7.900676814534112,7.8033555303541355,7.8033555303541355,986432
1997-12-18,7.785667896270752,7.9449205910197875,7.767973232585661,7.8741419362794245,887816
1997-12-19,7.644104957580566,7.7945094881441594,7.644104957580566,7.785662162816889,1951751
1997-12-22,7.59987211227417,7.652956090649819,7.59987211227417,7.61756677173272,1373682
1997-12-23,7.573326587677002,7.63525786687093,7.555631936478737,7.617563215672665,881134
1997-12-24,7.732579231262207,7.794510516725693,7.582174680850883,7.591022007345668,663056
1997-12-26,7.617562770843506,7.7237306718333985,7.617562770843506,7.7148833467509075,262710
1997-12-29,7.706039905548096,7.706039905548096,7.599871951049064,7.635261269215408,901980
1997-12-30,8.015690803527832,8.033385448576688,7.67949182601713,7.71488111611484,1020507
1997-12-31,8.068778038024902,8.121861994877674,7.9626101243193546,8.015694081172128,564974
1998-01-02,8.121864318847656,8.121864318847656,8.015696374763479,8.068780346805568,906256
1998-01-05,8.263419151306152,8.40497635615963,8.139555875476674,8.281113801912836,1760264
1998-01-06,8.086472511291504,8.334198359369733,8.033388555613898,8.245725099907057,1496485
1998-01-07,7.909526824951172,8.104168016257685,7.608716989531021,8.086473362502547,2437618
1998-01-08,7.732579231262207,7.909526482740665,7.608716660335235,7.909526482740665,1254354
1998-01-09,7.626410484313965,7.838746297107315,7.573326531115628,7.714883739644527,1597373
1998-01-12,7.555634021759033,7.661801958249924,7.43177070760342,7.43177070760342,1378760
1998-01-13,7.679497241973877,7.679497241973878,7.555634639277932,7.573329296805925,1768950
1998-01-14,7.644104957580566,7.679494258889647,7.591021005616945,7.679494258889647,2017228
1998-01-15,7.537936687469482,7.661799236034173,7.537936687469482,7.661799236034173,2028987
1998-01-16,7.626410484313965,7.6441051353800775,7.555631880049515,7.555631880049515,1211459
1998-01-20,7.626410484313965,7.66179978644619,7.59102118218174,7.6441051353800775,1058457
1998-01-21,7.732579231262207,7.732579231262207,7.555632701366532,7.608716660335235,1161617
1998-01-22,8.068778038024902,8.174945951730448,7.714884270756992,7.714884270756992,3749698
1998-01-23,8.104167938232422,8.192641206156308,8.033389323893314,8.086473284647646,1851932
1998-01-26,8.086472511291504,8.104167163184039,8.051083207506434,8.104167163184039,1151862
1998-01-27,8.086472511291504,8.121861815076574,8.068777859398969,8.068777859398969,926567
1998-01-28,8.086472511291504,8.174945770754178,8.015693903721363,8.086472511291504,1227094
1998-01-29,8.121864318847656,8.192642948237108,8.08647500415293,8.13955897619502,1162018
1998-01-30,8.068778038024902,8.139556647161934,8.051083385740643,8.08647269030916,894631
1998-02-02,8.086472511291504,8.13955646696911,8.068777859398969,8.104167163184039,904118
1998-02-03,8.210336685180664,8.245726717491019,8.139558063725712,8.139558063725712,1650156
1998-02-04,8.104167938232422,8.228031234908668,8.033389323893314,8.157251898986754,1793270
1998-02-05,8.086472511291504,8.210335074539248,7.997999251828828,8.13955646696911,1239655
1998-02-06,8.139558792114258,8.157253449061447,7.998001536536753,8.12186413516707,1011821
1998-02-09,8.298809051513672,8.316503703397526,8.17494576674395,8.21033507051166,1591895
1998-02-10,8.298809051513672,8.351893007165236,8.13955646297624,8.281114399629816,1491675
1998-02-11,8.493453979492188,8.511148639203643,8.174949383102925,8.281118062954716,1411632
1998-02-12,8.865039825439453,8.865039825439453,8.42267274727635,8.44036740153956,3073681
1998-02-13,8.98890209197998,9.041986048658101,8.723481587006626,8.776565543684747,1605524
1998-02-17,9.378185272216797,9.378185272216797,9.165848721438213,9.342795967350826,2232768
1998-02-18,9.289713859558105,9.395881795293189,9.201239858195967,9.360492483381494,1554479
1998-02-19,9.34279727935791,9.378186589193595,9.095071388925259,9.325102624440069,2008142
1998-02-20,9.696690559387207,9.873637098713269,9.30740745128705,9.342796759152261,1559022
1998-02-23,9.46666145324707,9.519745426913461,9.25432483699852,9.484356111135867,1792201
1998-02-24,9.378185272216797,9.502047839247695,9.342795967350826,9.466658534381725,1493946
1998-02-25,9.30740737915039,9.360491340536784,9.183544080999322,9.34279668674132,1960437
1998-02-26,9.30740737915039,9.431269955718642,9.236628042385716,9.34279668674132,3448503
1998-02-27,9.289713859558105,9.289713859558105,9.18354520224012,9.289713859558105,1651091
1998-03-02,9.18354606628418,9.254324696766853,9.130462093422175,9.254324696766853,876457
1998-03-03,9.236627578735352,9.254322231642599,8.98890243803389,9.165848967106363,1987563
1998-03-04,9.21893310546875,9.378185706319961,9.201238452216703,9.342796399815867,1719642
1998-03-05,9.130459785461426,9.201238398052968,9.006597213426227,9.183543744905082,820201
1998-03-06,9.165851593017578,9.218935566947268,8.953515697298814,9.130462277064451,951556
1998-03-09,9.18354606628418,9.201240723904847,9.112767435801505,9.148156751042842,1189411
1998-03-10,9.413581848144531,9.431276514244898,9.183550467256449,9.183550467256449,2266843
1998-03-11,9.50205135345459,9.50205135345459,9.3251047636834,9.378188740614757,1351233
1998-03-12,9.526930809020996,9.562478985285264,9.438060368360327,9.473608544624595,1070082
1998-03-13,9.526930809020996,9.704672415164458,9.171448321556198,9.54470489715313,1265445
1998-03-16,9.2603178024292,9.455833476440528,9.242543716139265,9.349188958700921,1652561
1998-03-17,9.384744644165039,9.384744644165039,9.135906512078476,9.17145471311618,1255423
1998-03-18,9.366968154907227,9.384742250893376,9.064807798320226,9.384742250893376,1388114
1998-03-19,9.118127822875977,9.349191738161132,8.993709181857499,9.349191738161132,2057984
1998-03-20,9.100354194641113,9.24254693447332,9.02925782472501,9.189224657036243,1971528
1998-03-23,9.18921947479248,9.242541722158572,9.10034906251566,9.118123144971024,1496218
1998-03-24,9.06480598449707,9.224772816363846,9.047031892067428,9.189224631504562,2224216
1998-03-25,9.029260635375977,9.207001615493894,8.887067126459113,9.082582929411352,1360052
1998-03-26,8.887065887451172,8.922614078518734,8.673776741045799,8.887065887451172,1555414
1998-03-27,8.904842376708984,8.993713603089923,8.869294176085656,8.993713603089923,845857
1998-03-30,8.975936889648438,9.135903745882876,8.922613879414547,8.958162069688868,7700638
1998-03-31,9.100354194641113,9.135902379599166,8.958160729986606,9.011483732245985,4269639
1998-04-01,9.384744644165039,9.384744644165039,8.940390681548472,9.100358311040772,3858203
1998-04-02,10.166804313659668,10.166804313659668,9.33142032064239,9.38474261064488,2946735
1998-04-03,9.811321258544922,9.953514026132117,9.544709094496486,9.953514026132117,2804557
1998-04-06,9.615806579589844,9.793548284253065,9.562484285637634,9.775774186268995,1869972
1998-04-07,9.455841064453125,9.651356170537078,9.278099334099627,9.544711567218558,2476102
1998-04-08,9.526930809020996,9.686898327032324,9.438060368360327,9.455834456492461,2783978
1998-04-09,9.580256462097168,9.651352839773553,9.455837801163494,9.526934178839879,815657
1998-04-13,9.49138355255127,9.633576271388003,9.420287193132904,9.58025400182423,1216136
1998-04-14,9.526930809020996,9.633575337813799,9.473608544624595,9.526930809020996,1194489
1998-04-15,9.420292854309082,9.544711558061321,9.36697055270098,9.45584105538115,966923
1998-04-16,9.153676986694336,9.50915958108225,9.118128799737779,9.455837300647413,1226158
1998-04-17,9.242551803588867,9.242551803588867,8.958165449283134,9.153681294375414,3848983
1998-04-20,9.278097152709961,9.331420166654985,9.13590438171646,9.242548959961587,1592028
1998-04-21,9.242551803588867,9.242551803588867,9.064810785161962,9.242551803588867,1517331
1998-04-22,9.207002639770508,9.24255083974882,9.171454439792196,9.207002639770508,1503567
1998-04-23,9.313644409179688,9.313644409179688,9.100355274130887,9.153677557893086,2088318
1998-04-24,9.171449661254883,9.34919129336155,9.01148284469889,9.313642387082432,1233107
1998-04-27,8.958160400390625,9.100353859813437,8.904838124915425,9.100353859813437,1674209
1998-04-28,8.762645721435547,9.029257833708497,8.691549351448707,8.993709648715077,2133483
1998-04-29,8.727100372314453,8.922615453310911,8.62045578268002,8.81597086367648,2850925
1998-04-30,9.047033309936523,9.064807405151756,8.744872966455143,8.815969347316077,5970974
1998-05-01,9.082579612731934,9.15367597881689,8.922612064218521,9.064805521210696,2789056
1998-05-04,9.118127822875977,9.260320555468525,8.993709181857499,9.064805548153771,1476575
1998-05-05,9.100354194641113,9.153676472078192,9.02925782472501,9.047031917204036,1394394
1998-05-06,8.815963745117188,9.08257572874665,8.815963745117188,9.06480164482615,1117253
1998-05-07,9.011483192443848,9.082579558101166,8.869289736306952,9.011483192443848,1887610
1998-05-08,8.975936889648438,9.100355555608557,8.904839784277387,9.029259175059916,628981
1998-05-11,9.082579612731934,9.15367597881689,8.958160247260999,8.993709155125739,1841509
1998-05-12,9.06480598449707,9.135902354215638,8.904838427807995,9.118128261785996,874052
1998-05-13,8.86928653717041,9.047028112024881,8.815964282160667,8.9403828771834,751917
1998-05-14,8.887065887451172,8.975937089942503,8.815969505316048,8.815969505316048,977479
1998-05-15,8.851519584655762,8.958164180608668,8.798197286679308,8.851519584655762,1285889
1998-05-18,8.83374309539795,8.922613567981836,8.709324433780507,8.83374309539795,1018770
1998-05-19,8.815963745117188,9.029253476985149,8.780415577276186,8.815963745117188,1090661
1998-05-20,8.958160400390625,8.993709308863034,8.744871298489821,8.904838124915425,831024
1998-05-21,9.082579612731934,9.100353704253173,8.815967515091087,8.958160247260999,1070751
1998-05-22,9.331421852111816,9.349195951696393,9.189228330612625,9.24255062936635,2489866
1998-05-26,9.313644409179688,9.420289701526475,9.206999841655287,9.331419228589475,1349763
1998-05-27,9.118127822875977,9.242546463894456,9.029257365005634,9.064805548153771,1838168
1998-05-28,9.06480598449707,9.118128261785996,8.975935522348863,9.100354169356354,1395196
1998-05-29,9.224770545959473,9.331415799112047,9.06480375346379,9.135900105684094,1052444
1998-06-01,9.082579612731934,9.189224161859368,8.993709155125739,9.100353704253173,1116050
1998-06-02,9.011483192443848,9.100353649515496,8.993709101029518,9.082579558101166,957970
1998-06-03,9.03648567199707,9.107920191657026,9.01862704208208,9.05434430191206,1229232
1998-06-04,8.893617630004883,9.018628791934997,8.893617630004883,8.947193530144995,888484
1998-06-05,8.965048789978027,8.965048789978027,8.822179776699326,8.893614283338676,988036
1998-06-08,9.01862621307373,9.054343469620514,8.857897830343557,9.000766856530692,1278005
1998-06-09,8.87575626373291,9.036484642933987,8.857897635851637,8.947190775257997,1010752
1998-06-10,8.857897758483887,9.018626139910152,8.786463245969832,8.804321874098346,1491407
1998-06-11,8.804325103759766,8.911476911836992,8.679314661003001,8.857901007798379,1418714
1998-06-12,8.857897758483887,9.072202024295693,8.822180502226859,8.875756386612402,1747169
1998-06-15,8.250704765319824,8.750747919745148,8.250704765319824,8.715030655610454,1526150
1998-06-16,8.322138786315918,8.393573303979808,8.232844910966362,8.304280156899946,2571111
1998-06-17,8.304276466369629,8.536438545601374,8.304276466369629,8.322135087848993,1271057
1998-06-18,8.536443710327148,8.679313496870627,8.357857387485062,8.375716019769271,1426331
1998-06-19,8.75074577331543,8.786463028689205,8.625734651237595,8.715028517941656,1611270
1998-06-22,8.69717025756836,8.786463399773975,8.572159130210842,8.750746142891728,920955
1998-06-23,8.786466598510742,8.840042503338564,8.500727711159108,8.643596790699965,1757057
1998-06-24,8.893617630004883,8.965052163525032,8.572161500894358,8.85790036324481,2746162
1998-06-25,8.857897758483887,8.929332270997943,8.804321874098346,8.911473642869428,1573588
1998-06-26,9.161493301391602,9.161493301391602,8.87575458118808,8.893613205683957,1692649
1998-06-29,9.340086936950684,9.572249967371949,9.250793743815608,9.28651102106964,2490133
1998-06-30,9.6436767578125,9.822263728573398,9.34007941730761,9.411514642573659,3002190
1998-07-01,9.697251319885254,9.7329692918254,9.44723061418992,9.607958210708349,1230568
1998-07-02,9.661539077758789,9.84012611683216,9.536528660196263,9.750832961430355,2089387
1998-07-06,10.036569595336914,10.125863465989012,9.786548796666073,9.804407425142562,2378154
1998-07-07,9.893699645996094,10.10800389602267,9.875841019183012,10.054427287313835,2269515
1998-07-08,9.840126037597656,9.875843299470775,9.732974251978296,9.857984668534217,1581204
1998-07-09,9.661539077758789,9.84012611683216,9.590104553437346,9.804408854671436,1441431
1998-07-10,9.875846862792969,9.929422774933471,9.482956112159272,9.590107936440276,2525544
1998-07-13,9.911561012268066,9.9294196440171,9.62582217601373,9.804409221773861,1499291
1998-07-14,10.090147018432617,10.143722908159754,9.822266841527215,9.840125471436261,1665389
1998-07-15,10.322310447692871,10.500897496514032,10.072288870651164,10.125865495086373,1668329
1998-07-16,10.518752098083496,10.554469348507938,10.215154741206227,10.34016511769177,1398804
1998-07-17,10.304450035095215,10.500895682026972,10.179439632310254,10.44731979511913,1580135
1998-07-20,10.28659725189209,10.304455891010248,9.947282380376981,10.28659725189209,833162
1998-07-21,9.822261810302734,10.375879782174978,9.679392115942322,10.268728057606674,1626771
1998-07-22,9.78654956817627,9.80440819806062,9.46509350198824,9.679397060600452,1282950
1998-07-23,9.679397583007812,9.786550096366765,9.643680321311411,9.750832834670364,1398002
1998-07-24,9.822261810302734,10.036565259439342,9.607957632896786,9.607957632896786,915075
1998-07-27,9.78654956817627,9.875842717598026,9.572245281294347,9.679397060600452,1087053
1998-07-28,9.57224178314209,9.715110770005777,9.429372796278402,9.715110770005777,1196627
1998-07-29,9.429378509521484,9.643682119663177,9.393661241164535,9.536530314592332,988570
1998-07-30,9.465097427368164,9.590107888403153,9.429380152786738,9.429380152786738,804299
1998-07-31,9.17935562133789,9.53652898331676,9.09006246291062,9.500811719945851,1247405
1998-08-03,9.161493301391602,9.357938170846246,9.10791742790397,9.304362297358615,1308472
1998-08-04,8.554301261901855,9.16149613939447,8.250703823155547,9.16149613939447,2288357
1998-08-05,8.286422729492188,8.768607292585155,7.964967325123359,8.55430296140274,2301987
1998-08-06,8.357856750488281,8.50072579787314,8.197128343910562,8.357856750488281,1467488
1998-08-07,8.572160720825195,8.69717187137926,8.35785713976644,8.429291666786025,1886408
1998-08-10,8.51858901977539,8.679317512975572,8.465013098132045,8.590023581966518,893695
1998-08-11,8.339998245239258,8.411432770008123,8.072118049086253,8.286421623392844,1406020
1998-08-12,8.572160720825195,8.607877984334989,8.30428124450175,8.375715771521335,849197
1998-08-13,8.84003734588623,8.911471843980362,8.590015874287273,8.590015874287273,1193954
1998-08-14,8.411431312561035,8.750745974689918,8.125692534725715,8.715028718494208,1130883
1998-08-17,8.572160720825195,8.768606398398845,8.339998508011544,8.411433035031129,1246737
1998-08-18,8.304276466369629,8.55429716708074,8.143548144785974,8.536438545601374,2000792
1998-08-19,8.429291725158691,8.465008988915825,8.357857197644423,8.37571582952299,714903
1998-08-20,8.339998245239258,8.482867294776986,8.179269836239548,8.429291401200338,697932
1998-08-21,8.197129249572754,8.429292205493493,7.822097230482227,8.393574939701047,1385976
1998-08-24,8.07211971282959,8.429293138560634,7.947109268718194,8.232847426687098,828619
1998-08-25,8.286422729492188,8.393575259218325,8.05426049300359,8.357857992066235,980553
1998-08-26,7.844815254211426,8.167942724669356,7.719154855944139,7.898669710611692,2393521
1998-08-27,7.2344651222229,7.665302346996537,7.036998731920128,7.6473508569690125,3390109
1998-08-28,7.198564529418945,7.342177229321767,7.054952561572887,7.108807049515159,1959234
1998-08-31,6.6061601638793945,7.234462849518145,6.534353494270822,7.180608396353934,1876920
1998-09-01,6.642064571380615,6.731822012763157,5.744487961385851,6.606161594827599,6187449
1998-09-02,6.624107837677002,6.821574052351176,6.516398261253401,6.677962259860868,2011883
1998-09-03,6.660012245178223,6.965188103147816,6.498448211167952,6.552303377208729,2037139
1998-09-04,6.947240829467773,7.054949762620305,6.7856766976825025,6.875434141976279,1426732
1998-09-08,6.893381118774414,7.180605484568347,6.857478164557172,6.947236282156273,1616081
1998-09-09,7.342174530029297,7.449883466315501,7.0010954997331565,7.0010954997331565,2805759
1998-09-10,7.485784530639648,7.5755419545899745,7.054948163621777,7.270366713158867,2813777
1998-09-11,7.629395484924316,7.683249927604475,7.108801074903825,7.342171058573992,1441965
1998-09-14,8.042282104492188,8.27565140912067,7.647348703064594,7.647348703064594,1999723
1998-09-15,7.701208591461182,8.042287778618261,7.683257093824326,8.042287778618261,1549668
1998-09-16,7.790960788726807,7.826863759618454,7.647348905160218,7.665300390606042,901713
1998-09-17,7.431927680969238,7.737103556098884,7.378073243956255,7.701200598090228,1335465
1998-09-18,7.5934929847717285,7.611444468487072,7.342172212756924,7.449881115048983,1405218
1998-09-21,7.719153881072998,7.790959813871469,7.467832384222106,7.557589800220195,757797
1998-09-22,7.862763404846191,7.934569316258187,7.557587549289179,7.647345670610201,1432077
1998-09-23,8.36540699005127,8.383358469494842,7.97047297818048,8.006376669123716,2063463
1998-09-24,8.203842163085938,8.903951258939994,8.006375907979216,8.903951258939994,1474303
1998-09-25,8.347453117370605,8.347453117370605,7.86276184724423,8.042277322268486,1053646
1998-09-28,8.167943000793457,8.347458593586019,7.880718491559174,8.347458593586019,967992
1998-09-29,8.221796035766602,8.311553450597096,8.042281206105613,8.2397475187327,706083
1998-09-30,8.25770378112793,8.25770378112793,7.773012728455468,8.078188847566521,2124397
1998-10-01,7.629395484924316,8.257698048248974,7.539637348401238,8.114086201101887,1567842
1998-10-02,7.98842716217041,8.024330129922664,7.396026730145703,7.629396752591615,1879593
1998-10-05,8.401311874389648,8.401311874389648,7.916620354217164,7.970474804890493,1783248
1998-10-06,8.25770378112793,8.455170940102137,8.006382874141957,8.455170940102137,1154668
1998-10-07,8.132034301757812,8.29359756264139,8.04227693460027,8.257694615778373,1189010
1998-10-08,7.934568881988525,8.024326998396964,7.6832482058016565,7.970471835729506,1750376
1998-10-09,7.916621208190918,8.006379367718361,7.755057838742928,7.952524179179361,1362057
1998-10-12,7.7550554275512695,8.024328358298936,7.7550554275512695,7.898667266853433,1144646
1998-10-13,7.8268632888793945,7.9525236794424385,7.665299929584053,7.9166207107101405,1524413
1998-10-14,7.916621208190918,8.006379367718361,7.737106353248707,7.826863780719813,1509447
1998-10-15,8.006376266479492,8.114085137724205,7.790957791934015,7.84481222755637,692988
1998-10-16,8.329505920410156,8.329505920410156,7.97047548649544,8.07818512910928,1866765
1998-10-19,8.293601036071777,8.365407691926892,8.078183264674886,8.221795112272813,710359
1998-10-20,7.862763404846191,8.167939260403202,7.144702826614173,8.114084826844204,9105856
1998-10-21,7.952521324157715,8.006376493362259,7.43192769966643,7.826860970811285,2277667
1998-10-22,7.8089118003845215,7.880717737811153,7.629396956817944,7.880717737811153,2051303
1998-10-23,7.719153881072998,7.773008330671852,7.629396465074909,7.737105364272616,1783649
1998-10-26,7.934568881988525,8.096132905878926,7.611441566263709,7.701199682672147,1599779
1998-10-27,7.73710298538208,8.18589065944214,7.647345596981272,7.898666284503535,1516262
1998-10-28,7.73710298538208,7.7730059407424035,7.61144190956493,7.73710298538208,1151461
1998-10-29,7.683249473571777,7.880715751729983,7.324219144864388,7.719152433236905,3875574
1998-10-30,7.862763404846191,7.934569316258187,7.467830160024184,7.593490504995178,2729458
1998-11-02,7.862763404846191,7.970472271964185,7.7909574934341945,7.8268604491401925,1824672
1998-11-03,7.8268632888793945,7.9345721950762895,7.8089118045132455,7.8986692263439915,1133956
1998-11-04,8.060234069824219,8.132040013989277,7.862766991313944,7.8986699633964745,2087115
1998-11-05,7.934568881988525,7.988424044655982,7.8089085438950905,7.898665928247544,1478713
1998-11-06,8.042282104492188,8.221796954206404,7.934572462607341,8.006379134549343,1400274
1998-11-09,7.934568881988525,8.042278475267453,7.844811497636072,7.952520358859015,929373
1998-11-10,7.73710298538208,7.880714806823374,7.61144190956493,7.8627633291432115,1365798
1998-11-11,7.449881076812744,7.808911481333162,7.288317724203873,7.790959997709955,2364257
1998-11-12,7.431927680969238,7.449879159973566,7.2524121588698875,7.431927680969238,2290495
1998-11-13,7.449881076812744,7.719154063217123,7.39602662594312,7.539638494928783,1077699
1998-11-16,7.898670196533203,7.9166216831043235,7.611445679338901,7.611445679338901,2076291
1998-11-17,8.11408805847168,8.11408805847168,7.790960596368515,7.844815051376323,2177714
1998-11-18,8.419266700744629,8.544927135541457,8.042284664297597,8.11409062703864,2879521
1998-11-19,8.616730690002441,8.832149250075041,8.167942816245567,8.491070290326293,3832413
1998-11-20,8.50901985168457,8.832147252690229,8.311552821937044,8.832147252690229,2445903
1998-11-23,8.491072654724121,8.616733089391285,8.365412220056957,8.598781598724548,1550203
1998-11-24,8.401311874389648,8.509020775736309,8.293602240986731,8.491069292178532,1091596
1998-11-25,8.25770378112793,8.401316460033714,8.185897807703366,8.401316460033714,888885
1998-11-27,8.36540699005127,8.401309948938417,8.25769738133374,8.25769738133374,748710
1998-11-30,8.275650024414062,8.383359648276612,8.185892614575433,8.365408166308885,1060194
1998-12-01,8.203842163085938,8.347454717037756,8.132036252138038,8.239745118559886,970664
1998-12-02,8.185891151428223,8.239745587705452,8.042279321355611,8.132036715150994,940732
1998-12-03,7.862763404846191,8.2397451718152,7.8627634048461905,8.2397451718152,1472299
1998-12-04,7.898670196533203,8.024331334587425,7.844815736819843,7.970476142817684,1239655
1998-12-07,7.880721092224121,8.024333760262115,7.862769600226447,7.898672584221795,1221615
1998-12-08,8.078184127807617,8.078184127807617,7.46783224618963,7.808911152734242,2712354
1998-12-09,7.814690589904785,8.067359782182841,7.760547349269883,8.04931203530454,1683162
1998-12-10,7.670305252075195,7.922973597596944,7.598113560230313,7.832734902767748,2523540
1998-12-11,7.670305252075195,7.814687163801909,7.652256777127831,7.724448468972713,1287760
1998-12-14,7.941019535064697,7.977115004807764,7.670303511991692,7.688351246863226,1414171
1998-12-15,8.139548301696777,8.193691525914867,7.9590701516548545,7.977117893060885,1524948
1998-12-16,8.356121063232422,8.428312763668941,8.12150042875398,8.12150042875398,1786989
1998-12-17,8.626839637756348,8.662935127188122,8.265884007456842,8.320027241604505,1943333
1998-12-18,8.699027061462402,8.807314221484202,8.662931586782289,8.789266484144145,3093324
1998-12-21,8.64488410949707,8.73512279891191,8.626836371614104,8.680979585263007,1681157
1998-12-22,8.66292953491211,8.680977267977445,8.410261271997406,8.626834068781438,1355643
1998-12-23,8.897555351257324,8.951698578144033,8.62683848084212,8.66293396543326,1301657
1998-12-24,9.005839347839355,9.0599825599534,8.897552923611265,8.933648398353963,666931
1998-12-28,9.204364776611328,9.204364776611328,9.02388667511825,9.078029884771746,1870506
1998-12-29,8.987789154052734,9.204362679299566,8.915598224297543,9.204362679299566,832494
1998-12-30,8.969747543334961,9.023890777603317,8.915604309066605,9.023890777603317,484129
1998-12-31,9.005839347839355,9.023887085210704,8.915600660982614,8.96974387309666,831826
1999-01-04,8.71707534790039,8.969744422558541,8.608788917038972,8.95169668408164,2419311
1999-01-05,8.626839637756348,8.771222331465205,8.590744148324573,8.662935127188122,2414634
1999-01-06,8.897555351257324,8.933650835848464,8.753173412892767,8.807316639779478,2392051
1999-01-07,8.897555351257324,8.933650835848464,8.68098170772883,8.771221155188337,1840173
1999-01-08,8.897555351257324,8.987794062735173,8.771221155188337,8.879507608961756,1381299
1999-01-11,8.590740203857422,8.861456986276972,8.590740203857422,8.843409249847763,1247806
1999-01-12,8.536600112915039,8.644886571046385,8.464409140827474,8.608791085002602,1221882
1999-01-13,8.66292953491211,8.66292953491211,8.301974137624105,8.320021870689441,1805029
1999-01-14,8.60878849029541,8.717074915788997,8.446358852055031,8.590740752713145,2830480
1999-01-15,8.66292953491211,8.66292953491211,8.482452204258749,8.626834068781438,2306664
1999-01-19,8.60878849029541,8.662931703042204,8.482454327219559,8.590740752713145,1354440
1999-01-20,8.518548965454102,8.662930851926992,8.320023135572479,8.446358022217655,1970459
1999-01-21,8.807315826416016,9.150223634345657,8.626837684145977,8.626837684145977,4770739
1999-01-22,9.384839057922363,9.529221638863726,8.843406403340511,8.879501864580556,3450642
1999-01-25,9.511183738708496,9.673613482171046,9.240466763622301,9.420944256358467,3696648
1999-01-26,9.493131637573242,9.601418083574039,9.420939937591102,9.529227119573507,2615475
1999-01-27,9.547274589538574,9.601417811001914,9.493131368075233,9.511179108563013,2874176
1999-01-28,9.529223442077637,9.565318910148024,9.457031769955542,9.493127974007251,2476770
1999-01-29,9.529223442077637,9.529223442077637,9.384840833814769,9.529223442077637,1486730
1999-02-01,9.438980102539062,9.511171744577691,9.276550563909439,9.511171744577691,1414839
1999-02-02,9.511183738708496,9.511183738708496,9.384848757811234,9.40289650708485,1692649
1999-02-03,9.817986488342285,9.890178155329792,9.493127298814228,9.511175031565788,2751106
1999-02-04,10.088706016540527,10.106753754302709,9.763846000839791,9.836037687869993,3785510
1999-02-05,9.926271438598633,10.088700997653447,9.926271438598633,10.052605540085711,3064861
1999-02-08,10.413567543029785,10.720379865480322,9.99846877829609,9.99846877829609,5786168
1999-02-09,10.142849922180176,10.521853177038297,10.070658966203682,10.467709960055926,2820057
1999-02-10,10.269186019897461,10.37747246639761,10.070660131998912,10.106755614165627,1633586
1999-02-11,10.305281639099121,10.377472604392516,10.178946713854058,10.178946713854058,3429662
1999-02-12,10.251136779785156,10.39551868733898,10.196993564452471,10.30527999511784,1052176
1999-02-16,9.980415344238281,10.34137068191079,9.962367614153715,10.178940375168523,1706680
1999-02-17,9.944326400756836,10.034565110314647,9.90823091693371,9.98042188457996,1723650
1999-02-18,9.763850212097168,9.944328403542709,9.637515993272544,9.944328403542709,1920349
1999-02-19,9.745797157287598,9.854084307555546,9.529224328714488,9.745797157287598,1838569
1999-02-22,10.287233352661133,10.323328833395152,9.745799669687692,9.799942890788719,2277667
1999-02-23,10.034563064575195,10.377470826968153,9.90822889694992,10.323327612271607,1643742
1999-02-24,10.39551830291748,10.413566040694311,10.124801500283539,10.178944713614031,2001728
1999-02-25,10.44965648651123,10.503799673780964,10.269179195612116,10.32332238288185,2076558
1999-02-26,10.684282302856445,10.70233003972032,10.485756461372395,10.521851935100141,3225481
1999-03-01,10.269186019897461,10.684284800796307,10.233090537730744,10.684284800796307,2474499
1999-03-02,9.709698677062988,10.251132052681724,9.637507756575468,10.251132052681724,2693780
1999-03-03,9.836034774780273,9.872130239614421,9.673604447045355,9.709699911879502,1746501
1999-03-04,9.817986488342285,9.926273620832909,9.74579555733605,9.872130422578234,1571182
1999-03-05,9.836034774780273,9.998464366533936,9.817986306381941,9.962368901699788,1740487
1999-03-08,9.817986488342285,9.944321353584469,9.817986488342285,9.90822588808135,773030
1999-03-09,9.781891822814941,10.088704040664211,9.74579635435989,9.854083495706377,1496485
1999-03-10,10.532391548156738,10.695544320092907,9.771013917133812,9.771013917133812,2856270
1999-03-11,10.514263153076172,10.768055933719928,10.3511111264689,10.67741591893811,2202969
1999-03-12,10.351117134094238,10.695550129423298,10.187964273540949,10.659294102468143,1614611
1999-03-15,10.332987785339355,10.641164713889186,10.278603751934385,10.586779941229215,2007741
1999-03-16,10.749929428100586,10.768057433581966,10.532392623069274,10.58677663951341,2988293
1999-03-17,11.456924438476562,11.529436468744418,10.876826717824006,10.876826717824006,5671918
1999-03-18,11.583823204040527,11.620079227664565,11.1850062049211,11.311902287605227,2923484
1999-03-19,11.438796997070312,11.456925005534517,11.130620113923923,11.311900198565981,2636855
1999-03-22,11.221254348754883,11.366279080666777,11.02184635885098,11.239382347837056,2522738
1999-03-23,11.239384651184082,11.275640656778563,10.822439847592872,11.058104623211669,2659171
1999-03-24,11.438796997070312,11.547565047855546,11.185004139316542,11.239388164709158,2052372
1999-03-25,11.456924438476562,11.601948499012273,11.366284400641742,11.529436468744418,2029388
1999-03-26,11.257513999938965,11.384410773946199,11.185001980080404,11.384410773946199,1889481
1999-03-29,11.746976852416992,11.89200169607947,11.420671878245264,11.438799891296188,2536902
1999-03-30,11.71071720123291,11.728845208672265,11.529436387584518,11.728845208672265,1332525
1999-03-31,11.456924438476562,11.674460529280129,11.34815639307478,11.638204514146201,1347491
1999-04-01,11.456924438476562,11.511308461177453,11.275643623552067,11.511308461177453,1274665
1999-04-05,11.420668601989746,11.511308641242397,11.348156570587626,11.475052625541338,1109235
1999-04-06,11.311903953552246,11.52944086658898,11.257519910106847,11.45692880866178,1225223
1999-04-07,12.073275566101074,12.182043588005952,11.456921963464042,11.511305974416482,2161679
1999-04-08,11.982641220092773,12.109537305717506,11.783232346284576,12.018896505301937,1764941
1999-04-09,12.254558563232422,12.345198597916692,11.80135691130141,11.89199768524051,1950014
1999-04-12,13.269731521606445,13.777315805810957,12.09140790482613,12.218303975877259,4778089
1999-04-13,13.922345161437988,14.321161493478474,13.269735139588688,13.342247199959685,7056290
1999-04-14,12.852787017822266,13.886086650532862,12.834659005968046,13.886086650532862,4827531
1999-04-15,12.508354187011719,12.907170428496215,12.182048510923506,12.834658384589943,2268446
1999-04-16,13.0159330368042,13.106573053681885,12.399580182781257,12.580860955791312,1776166
1999-04-19,12.907164573669434,13.414750129277133,12.508348513092134,13.378494123770107,3491130
1999-04-20,12.707763671875,12.834659762332697,12.363330687091889,12.816531749410169,1445306
1999-04-21,12.617118835449219,12.979678956779006,12.254557974864635,12.780270890047623,2129475
1999-04-22,13.052191734313965,13.160961255499805,12.780271627623552,12.798399634736246,1976071
1999-04-23,12.852787017822266,13.215348733416702,12.76214695855117,13.052195148218672,1240189
1999-04-26,13.305987358093262,13.305987358093262,12.653377523192919,12.870913641989732,2839433
1999-04-27,13.922345161437988,14.067369282179984,13.704807501814672,13.994857221808987,2996177
1999-04-28,13.61416244506836,13.922340067396387,13.487266385849082,13.922340067396387,1972597
1999-04-29,13.777313232421875,14.194258866506503,13.469137117431668,13.487265124195797,1490071
1999-04-30,13.704801559448242,14.085491189840267,13.432881450960856,13.777313588378213,2291029
1999-05-03,13.813568115234375,13.849824125794882,13.50539202547006,13.632288062431837,1149590
1999-05-04,13.34224796295166,13.904217941474121,13.088454258629357,13.831704398446028,1858480
1999-05-05,13.50539493560791,13.632290999913206,12.997809199876878,13.305986834556728,2115310
1999-05-06,13.577898025512695,13.849817984134408,13.487258039305457,13.487258039305457,2257890
1999-05-07,14.50243091583252,14.556814920878699,13.686669361630594,13.741053366676773,4229284
1999-05-10,14.049239158630371,14.50243946793451,14.01298313388604,14.50243946793451,2668792
1999-05-11,14.19426155090332,14.303029612058147,14.103621499940965,14.212389561095792,3075685
1999-05-12,13.994847297668457,14.24863932899587,13.940463290955442,14.24863932899587,1057922
1999-05-13,14.031111717224121,14.35741595320135,13.958599664784737,13.958599664784737,5088236
1999-05-14,13.86795711517334,14.212389302564885,13.596035488722748,13.86795711517334,1929970
1999-05-17,13.88608169555664,14.049233744027,13.68667215780556,13.795440190119132,2417306
1999-05-18,13.831696510314941,13.976722035153557,13.704800469777021,13.922338017780165,2183460
1999-05-19,14.466179847717285,14.647461404892717,13.795442078144474,13.795442078144474,3264500
1999-05-20,14.50243091583252,14.774352419572649,14.41179090742222,14.4661749124684,2721708
1999-05-21,14.176136016845703,14.647465842686696,14.12175197676907,14.629337829327818,1674609
1999-05-24,14.067362785339355,14.357410892868149,13.831697219462567,14.212386839103752,2379624
1999-05-25,13.577898025512695,14.284891396438017,13.577898025512695,14.067355429540646,2020302
1999-05-26,14.176136016845703,14.429928203869984,13.6322941375692,13.922343829821422,3134481
1999-05-27,14.97376537322998,15.300069511052579,14.375539642045498,14.502435695643175,4743079
1999-05-28,15.028154373168945,15.191306496112361,14.82874622290477,14.901258277546289,1482454
1999-06-01,14.97376537322998,15.100661426827656,14.719973266034625,15.082533419170845,1508244
1999-06-02,14.466179847717285,15.118789609423528,14.411795824117576,15.010021562224109,2310672
1999-06-03,14.64746379852295,14.75623186349681,14.339286135920362,14.429926190065247,2013754
1999-06-04,15.06440544128418,15.372583050568704,14.719973295124108,14.719973295124108,1918612
1999-06-07,15.118791580200195,15.372585201924613,15.064407549511378,15.082535559740984,1298183
1999-06-08,15.408844947814941,15.590125093939513,14.955643103993225,14.973771118605681,1642940
1999-06-09,14.9979829788208,15.63426120633761,14.943444972121874,15.561543864072373,3404808
1999-06-10,14.598037719726562,14.888908603484804,14.288988981098095,14.834370590785662,2236376
1999-06-11,14.488965034484863,14.688939276511478,14.361709642183879,14.616220426785846,1606193
1999-06-14,13.743607521057129,14.688936050194384,13.743607521057129,14.688936050194384,2225686
1999-06-15,13.398200988769531,13.743608429113179,12.798281320213244,13.670891073251358,3946263
1999-06-16,13.99812126159668,14.107197300098004,13.761788362147476,13.816326381398138,3188466
1999-06-17,13.961762428283691,14.143555823783137,13.77996755008793,13.961762428283691,1657505
1999-06-18,13.5254545211792,14.16173278109084,13.234585137309223,14.070836098631473,4046616
1999-06-21,14.252633094787598,14.325350459281774,13.779968742879001,13.816327425126088,3908714
1999-06-22,14.179910659790039,14.579856021494113,13.96175864431509,13.96175864431509,2799345
1999-06-23,13.70724868774414,14.107195596651671,13.598172662413765,14.052657583986484,3074082
1999-06-24,13.634527206420898,13.834499858937201,13.616347874373961,13.743603198702518,1926763
1999-06-25,13.5254545211792,13.88904125101667,13.470916511703578,13.689068549606061,669737
1999-06-28,13.4163818359375,13.87086536116464,13.380023153919328,13.598175246028356,1146517
1999-06-29,13.034616470336914,13.47092221351215,13.01643712615031,13.43456352513894,2429066
1999-06-30,12.380159378051758,13.034616512220873,12.14382716151813,12.83464372552564,3896554
1999-07-01,12.852821350097656,13.107332135475094,12.398337063432551,12.398337063432551,2669861
1999-07-02,13.034616470336914,13.380025492579122,12.998257781963703,12.998257781963703,1516529
1999-07-06,13.107331275939941,13.48909891166755,13.070972594698874,13.089151935319409,2339001
1999-07-07,12.416518211364746,13.234590935977536,11.94385451413282,13.198232247063416,4257078
1999-07-08,12.852821350097656,12.961897400973701,12.398337063432551,12.507413855656848,3897489
1999-07-09,12.78010368347168,12.834641707632144,12.616489610990289,12.7982830248585,1287760
1999-07-12,12.452872276306152,12.761920998922509,12.289257505337687,12.725562325673526,1970593
1999-07-13,12.634672164916992,12.707389548953676,12.361981233431006,12.416519271458519,2261231
1999-07-14,12.78010368347168,13.125511169821282,12.671027635150754,12.761924342084859,1534702
1999-07-15,12.816458702087402,13.161866089686853,12.798279365897956,13.161866089686853,988971
1999-07-16,12.72556209564209,12.780100104529717,12.471051387499827,12.72556209564209,1436219
1999-07-19,12.652841567993164,12.889172880397075,12.543765577652897,12.725558894886676,1173509
1999-07-20,12.452872276306152,12.780100335547,12.452872276306152,12.67102431580005,1835763
1999-07-21,12.162006378173828,12.507415397902312,12.089289001956606,12.507415397902312,1497955
1999-07-22,12.089288711547852,12.28926223268979,12.071108626581927,12.125647398783054,1220412
1999-07-23,12.016571044921875,12.325620620255583,11.98021235857065,12.107467760799933,1736612
1999-07-26,11.634803771972656,12.052929421325674,11.598445084320074,11.998392131195134,1707081
1999-07-27,11.634803771972656,11.743880576278732,11.234857466445929,11.634803771972656,3451310
1999-07-28,12.071105003356934,12.34379655846736,11.634800146146077,11.634800146146077,2536635
1999-07-29,12.14382266998291,12.216540020067631,11.852952528295953,12.071104578550115,1768148
1999-07-30,12.234718322753906,12.489230509219473,12.034745626934981,12.216538986770367,1495416
1999-08-02,11.99838924407959,12.252899996405942,11.99838924407959,12.234720656954059,974005
1999-08-03,11.99838924407959,12.107465280790883,11.871133126568258,11.99838924407959,1707348
1999-08-04,12.016571044921875,12.416517336133643,11.998391701746263,11.998391701746263,1887076
1999-08-05,11.907495498657227,12.14382697011765,11.871136069391898,12.071108852935335,2325371
1999-08-06,11.962031364440918,12.071106667092124,11.798416557093597,11.871133919759872,794544
1999-08-09,12.14382266998291,12.271078773979248,11.94384995724993,11.94384995724993,849064
1999-08-10,11.889312744140625,12.452874504376547,11.85295406438634,12.452874504376547,1685567
1999-08-11,11.471183776855469,11.8165918732283,11.216672352857605,11.8165918732283,2986022
1999-08-12,11.634803771972656,11.889315326889058,11.562086396667492,11.634803771972656,1997986
1999-08-13,11.907495498657227,11.96203353053271,11.780239349599428,11.92567484261572,1243797
1999-08-16,11.871138572692871,11.962036053001492,11.780241833732745,11.962036053001492,938995
1999-08-17,12.125639915466309,12.125639915466309,11.907487926687198,11.925667259085458,1492075
1999-08-18,12.107461929321289,12.161999932580256,11.943847919544384,12.089282594901633,1187540
1999-08-19,12.162006378173828,12.198365066282438,11.99839228168508,12.071108916553959,1194890
1999-08-20,12.525588989257812,12.580126996372746,12.143821456757275,12.198359463872208,1584278
1999-08-23,12.743742942810059,12.870998311968327,12.580128896749429,12.580128896749429,1815185
1999-08-24,12.852821350097656,12.889180033723004,12.507413855656848,12.671027931970915,1508111
1999-08-25,13.206700325012207,13.224943074562143,12.969563921569609,12.987805183372886,1404283
1999-08-26,12.98780632019043,13.206701480989556,12.91484126659072,13.206701480989556,1072889
1999-08-27,12.73242473602295,13.07900863455474,12.714183478205486,12.951319829832501,705816
1999-08-30,12.422322273254395,12.768906906284943,12.404081015930322,12.75066564896087,1469760
1999-08-31,12.039259910583496,12.51353427725621,12.039259910583496,12.385844681364276,4327901
1999-09-01,12.495290756225586,12.550014540065526,12.130464042879362,12.148705304159343,2062929
1999-09-02,11.92981243133545,12.258155960993626,11.747399028692687,11.820364836073889,4307456
1999-09-03,12.312877655029297,12.422325224980078,12.002775462962092,12.166946817888263,1545927
1999-09-07,12.185192108154297,12.531777681998152,12.075744502018493,12.331122993542273,1525215
1999-09-08,11.893330574035645,12.25815665613645,11.820365506390191,12.14870905466827,1866364
1999-09-09,11.984530448913574,12.0392542167548,11.76563463367558,11.893323425305107,1692515
1999-09-10,12.112221717834473,12.166946244102412,11.911567849054087,12.057498679313111,1595369
1999-09-13,11.984530448913574,12.075736728648952,11.948047937019425,12.0392542167548,1294308
1999-09-14,11.984530448913574,12.148701752437253,11.893323425305107,11.9662891929665,1332659
1999-09-15,11.966294288635254,12.075741870924332,11.911569753617306,11.984535552350101,1014627
1999-09-16,11.820363998413086,11.984536123544716,11.802122733828844,11.984536123544716,1003536
1999-09-17,11.966294288635254,12.075741870924332,11.78388090761338,12.075741870924332,1380096
1999-09-20,11.92981243133545,12.057502036347433,11.856847367827744,11.9662957069628,1074759
1999-09-21,11.346088409423828,11.929810300995612,11.218399571087096,11.875086513137013,1690377
1999-09-22,11.108953475952148,11.601468376194445,11.017746406825198,11.291366126459124,1961372
1999-09-23,10.57995319366455,11.035986216813699,10.196885960053121,11.035986216813699,2971456
1999-09-24,10.452265739440918,10.70764417675162,9.977992136326822,10.41578321180702,2202702
1999-09-27,10.689399719238281,10.87181230290795,10.324573808025754,10.415780099860587,1938789
1999-09-28,10.488748550415039,10.780609523243895,10.251611370515326,10.725885730314753,1658040
1999-09-29,11.20016098022461,11.455539461691028,10.452267546669809,10.48875008061165,2676943
1999-09-30,10.981264114379883,11.346090167162847,10.616438061596918,11.346090167162847,3292695
1999-10-01,11.072466850280762,11.455534018527015,10.689399682034509,10.926536039979739,3408549
1999-10-04,10.999499320983887,11.218395129628933,10.908293043995563,11.072465086447615,3083168
1999-10-05,11.58322525024414,11.58322525024414,11.017744636772711,11.090710429126666,3480173
1999-10-06,11.382573127746582,11.637951597497253,11.291366797076167,11.546745266826838,1472700
1999-10-07,11.181912422180176,11.455531992206138,11.090706146795872,11.273118697564477,1262772
1999-10-08,11.017746925354004,11.145436530591812,10.926540595808067,11.108953998773437,1669933
1999-10-11,10.817084312438965,11.054221322671522,10.76236055866366,10.79884306118053,1816788
1999-10-12,11.181912422180176,11.346083717871918,10.926534107231074,10.926534107231074,1840440
1999-10-13,10.780607223510742,11.108950654916377,10.725883442255348,11.108950654916377,1221348
1999-10-14,10.707647323608398,10.780612400319809,10.269855375592675,10.762371131141956,3031455
1999-10-15,10.050956726074219,10.361058940473066,10.032715463102132,10.215128092822997,2678547
1999-10-18,10.361056327819824,10.434021361309242,9.905023380764582,10.123919225106027,1937453
1999-10-19,10.050956726074219,10.598195359110191,9.959750411213786,10.543471570193931,1307002
1999-10-20,9.977994918823242,10.196890145668476,9.66789260358554,10.160407607860936,3242451
1999-10-21,9.923260688781738,10.032708939318754,9.63140067101075,9.977985185986693,3098134
1999-10-22,10.178641319274902,10.361054616747056,9.667885425324393,9.850297978923479,4245453
1999-10-25,10.196885108947754,10.506987271011425,10.142161329267092,10.196885108947754,2968650
1999-10-26,10.14216136932373,10.39753975271536,9.95974876966775,10.178643889254927,2181990
1999-10-27,10.616434097290039,10.908294979306667,10.03271307712998,10.215125663469623,3481643
1999-10-28,10.94477653503418,11.127189849221317,10.817087735814377,11.090707335158516,1853001
1999-10-29,10.94477653503418,11.236637391409719,10.871811506908578,11.181913620315518,1962308
1999-11-01,11.03598403930664,11.090707812757408,10.871811975081165,10.96301826416578,1320499
1999-11-02,10.981264114379883,11.108953716371682,10.908299052597986,11.072471185480733,1822000
1999-11-03,10.488748550415039,10.817092051863321,10.379300964556755,10.725885730314753,3178711
1999-11-04,10.488748550415039,10.76236825893418,10.379300964556755,10.652919929202465,2580732
1999-11-05,10.215126991271973,10.616435477256042,10.142161947251832,10.452264128210727,2317086
1999-11-08,10.452265739440918,10.579954586159563,9.905026337185612,9.923267601002562,2269248
1999-11-09,10.233367919921875,10.652917653285014,10.196885399096669,10.561711351222,1524547
1999-11-10,10.14216136932373,10.288091449048515,10.032713809530142,10.16040262928933,1394929
1999-11-11,10.178641319274902,10.342813361387147,10.050952531755541,10.196882574634811,1197429
1999-11-12,10.488748550415039,10.63467866489275,10.233370106205612,10.616437400583036,1528288
1999-11-15,10.397541046142578,10.707643248006915,10.397541046142578,10.470506095081635,1739953
1999-11-16,10.652915954589844,10.652915954589844,10.251607545631238,10.397538349535465,2263636
1999-11-17,10.434019088745117,10.835327429403812,10.342812816748376,10.652914141537298,1870239
1999-11-18,10.506988525390625,10.543471049533208,10.050956229735004,10.506988525390625,3994502
1999-11-19,10.488748550415039,10.543472343344181,10.288093899134754,10.45226602179561,1867700
1999-11-22,9.977994918823242,10.470509923098637,9.959753649919472,10.415786116387329,1939591
1999-11-23,9.558436393737793,9.959745467680127,9.412506362393678,9.923262215971091,2742687
1999-11-24,9.923260688781738,9.923260688781738,9.649641922121438,9.704365675453497,2157002
1999-11-26,9.667889595031738,9.959750550541361,9.631407068577209,9.959750550541361,705014
1999-11-29,9.923260688781738,10.014467688208066,9.503711169363049,9.686124424342811,2396060
1999-11-30,9.850303649902344,10.01447578653114,9.740856054732145,9.850303649902344,1443435
1999-12-01,9.667889595031738,9.850302227304384,9.649648331804475,9.777337174395326,1127809
1999-12-02,9.905022621154785,9.977988392921695,9.759092565367231,9.92326387812823,1869571
1999-12-03,9.832056045532227,10.1421581091387,9.777332283226322,9.996228076322955,1921151
1999-12-06,9.832056045532227,9.959745568119018,9.759091029124354,9.923262316042067,1757992
1999-12-07,9.266578674316406,9.795575915580914,9.047682828074391,9.777334657050178,3812770
1999-12-08,9.127283096313477,9.255578724999575,8.87069258634525,9.090627415947154,3536430
1999-12-09,9.347224235534668,9.475519203419232,9.053977847251186,9.273912825314916,1881597
1999-12-10,9.053979873657227,9.292242757602425,8.870700559682925,9.27391490094546,1389450
1999-12-13,9.090633392333984,9.1822726534955,8.68741989581885,8.870698418141883,5055631
1999-12-14,8.96233081817627,9.237248368270764,8.797379540715744,9.053970001541101,2859076
1999-12-15,8.797383308410645,8.998990345560255,8.724071930321387,8.907351122948683,5018350
1999-12-16,8.504137992858887,8.797384285179033,8.339187373843684,8.760728592064543,6506149
1999-12-17,8.522465705871582,8.742399841824405,8.485809269141958,8.632432773847993,4309327
1999-12-20,8.476649284362793,8.614108930589877,8.33919038554021,8.5407975178845,3247395
1999-12-21,8.375843048095703,8.559122260659636,8.375843048095703,8.504137973707495,2711419
1999-12-22,8.229217529296875,8.522463723079666,8.2108896888982,8.467479454479658,2183460
1999-12-23,8.870692253112793,8.98066003748473,8.265872802384886,8.302528481374216,3161073
1999-12-27,8.815710067749023,9.127284133678815,8.797382225482805,8.852365752281463,2037940
1999-12-28,9.127283096313477,9.34721792591538,8.944004694481865,8.944004694481865,1783515
1999-12-29,9.072305679321289,9.20060064691617,8.980666416753518,9.090633531834843,984160
1999-12-30,9.017321586608887,9.127288695163742,8.870698027797983,8.998993735183078,1749440
1999-12-31,8.96233081817627,9.200592694924833,8.779051704042777,8.779051704042777,1058858
2000-01-03,9.090633392333984,9.32889621875839,8.889027017778648,9.090633392333984,2366796
2000-01-04,8.88902473449707,9.200598142413844,8.650761969274091,8.650761969274091,3364720
2000-01-05,9.438863754272461,9.457191607324413,8.944010974465245,8.944010974465245,2731730
2000-01-06,9.64046573638916,9.71377710944223,9.438858713089123,9.438858713089123,8654732
2000-01-07,9.89706039428711,9.95204395103359,9.677126167301184,9.677126167301184,2319625
2000-01-10,9.71378231048584,10.08034011942107,9.695454457409303,9.93371654740428,1683429
2000-01-11,9.603809356689453,9.713777164294122,9.512170139855648,9.677121477560599,1411766
2000-01-12,9.475513458251953,9.768759668735198,9.29223504382744,9.677120461522941,3164012
2000-01-13,9.695454597473145,9.8420774242036,9.530503169996873,9.530503169996873,2522471
2000-01-14,10.245287895202637,10.263615743087936,9.878730190092353,9.897058037977652,3368060
2000-01-18,10.721813201904297,10.776796744364688,10.318599062386227,10.501878284658465,2556145
2000-01-19,10.501882553100586,10.685161102461285,10.465226843228447,10.685161102461285,2139096
2000-01-20,11.143348693847656,11.216660045981389,10.501872867869734,10.501872867869734,2515522
2000-01-21,11.491584777832031,11.949781731811068,11.308305547797836,11.87647033875911,4951135
2000-01-24,11.015057563781738,11.729845032840677,10.88676264532651,11.729845032840677,2783310
2000-01-25,10.85011100769043,11.015061678754632,10.703487441562228,11.015061678754632,2112905
2000-01-26,11.913126945495605,12.023094790879826,10.831781573147216,10.850109422810526,5487780
2000-01-27,11.381614685058594,11.89479582952042,11.1616805494928,11.876467984889937,2717298
2000-01-28,11.088367462158203,11.418268614666294,10.74013772044007,11.363285089248278,2277132
2000-01-31,11.16168212890625,11.436599837265222,10.795124437023363,11.16168212890625,2711552
2000-02-01,11.143348693847656,11.436594102382584,11.07003659431004,11.381610588282285,3587342
2000-02-02,11.32663631439209,11.381619873347685,10.996734213254019,11.051717772209615,2302788
2000-02-03,11.198333740234375,11.39993998618825,11.125022378069328,11.180005899693112,1977541
2000-02-04,11.015057563781738,11.25332030260278,10.960074027300927,11.180008920628364,2406483
2000-02-07,11.271651268005371,11.43660192310492,11.015060612668346,11.015060612668346,1858079
2000-02-08,12.169717788696289,12.243029940464263,11.509914402019854,11.729848615110527,4547984
2000-02-09,12.004773139953613,12.316346745112803,11.601558744349878,12.298018885985792,3414830
2000-02-10,12.389650344848633,12.572929556538373,11.986436228612051,12.279682518873098,4474623
2000-02-11,12.316337585449219,12.609584608202995,12.114731284986757,12.591256762706408,3937043
2000-02-14,12.29801082611084,12.609585721879446,12.22469943764964,12.389650809091593,1993977
2000-02-15,12.64623737335205,12.756204420889507,12.298006894675408,12.298006894675408,4551191
2000-02-16,13.196077346801758,13.251060890302789,12.79286469446086,13.122765955467049,4316008
2000-02-17,12.737874031066895,13.104430782851866,12.572923492763659,13.06777510767337,2144975
2000-02-18,12.316337585449219,12.774535217672284,11.986435619106455,12.664568144692758,3043882
2000-02-22,12.059745788574219,12.371319858784078,11.949777986062227,12.316335583826048,1979145
2000-02-23,11.949785232543945,12.682901620045529,11.931457378911745,12.243031638063675,2283546
2000-02-24,11.784834861755371,11.94978630667672,11.47326132200149,11.94978630667672,1665256
2000-02-25,11.50991439819336,11.766504313380507,11.253323735601796,11.711520760126119,1375152
2000-02-28,12.023096084594727,12.096407491136457,11.619881853806332,11.693193260348062,2554942
2000-02-29,12.261360168457031,12.481295171587188,11.82149090960128,12.023098058087637,1933979
2000-03-01,13.10444164276123,13.159425201094935,12.352998184058288,12.389654637018575,3182186
2000-03-02,13.214405059814453,14.039161193532422,13.104437973934338,13.196077212167769,3121385
2000-03-03,13.837554931640625,13.91086633047652,13.269390095853728,13.287719440371422,3876643
2000-03-06,14.075820922851562,14.259099451844687,13.562639546861835,13.764245928754272,3712817
2000-03-07,14.277421951293945,14.588995333754966,14.05748779896852,14.07581564499564,3718296
2000-03-08,13.567780494689941,14.395083945676339,13.218473726826122,14.321545994426712,4353691
2000-03-09,13.402318954467773,13.531010358112981,12.997858757869164,13.531010358112981,2355437
2000-03-10,14.321542739868164,14.413465158040905,13.531008444154836,13.531008444154836,5945986
2000-03-13,13.622930526733398,13.917082257639889,13.439085694916841,13.806775358549954,1969123
2000-03-14,13.494240760803223,13.62293215848948,13.255240951386567,13.567778702338227,2563628
2000-03-15,13.365551948547363,13.714857238408197,13.089783115018523,13.567781326887845,2103150
2000-03-16,13.549394607543945,13.825161896249776,12.758860213825962,13.825161896249776,2564964
2000-03-17,13.383936882019043,13.531012798424348,13.089783549780204,13.347167902917718,2159407
2000-03-20,12.979473114013672,13.475855697515783,12.905935175632296,13.273624867539173,1925427
2000-03-21,13.475859642028809,13.475859642028809,12.869169973370765,12.979476913230725,1848458
2000-03-22,13.181709289550781,13.457478201109845,13.016248842272507,13.402324718683753,1393058
2000-03-23,13.0897855758667,13.236861515036974,12.722095727941015,13.144939053055552,1966851
2000-03-24,12.703710556030273,13.218476315591696,12.55663387501282,13.01624691004971,1935048
2000-03-27,13.236862182617188,13.29201566258762,12.740480862883308,12.740480862883308,4413154
2000-03-28,12.22571086883545,13.163321322107793,12.060250465215896,13.10816785423461,2579128
2000-03-29,12.9059419631958,13.163324882894846,12.280867658783789,12.354405635840658,3611662
2000-03-30,12.777239799499512,13.383929101406917,12.630163968595259,13.053006982444987,3380488
2000-03-31,12.924327850341797,13.034634827815115,12.244099989827557,12.6485604066585,2061993
2000-04-03,12.832403182983398,13.016248114119072,12.519866050338493,12.942710141664802,1842578
2000-04-04,11.986712455749512,12.979477184370271,10.442412266593317,12.850785751845304,3094927
2000-04-05,11.747714042663574,11.876406232694928,11.47194592084118,11.839636500032974,2101547
2000-04-06,12.17055606842041,12.207324293262712,11.968325958646599,12.207324293262712,1257427
2000-04-07,12.427939414978027,12.905936825268487,12.244093795811537,12.795629903596998,2361718
2000-04-10,11.986712455749512,12.501479685277676,11.913174494306674,12.464710704556257,1425529
2000-04-11,11.508712768554688,12.060248873943076,11.34325163705257,11.931556716171649,1553811
2000-04-12,11.012328147888184,11.76609347355191,10.957174697187991,11.692555539284985,2050635
2000-04-13,11.398408889770508,11.747715006136284,11.049102773404732,11.1777949739906,2794401
2000-04-14,10.699792861938477,11.398404846879936,10.479179024407903,11.214559982271126,2908518
2000-04-17,10.883638381958008,11.049098758672276,10.074719485260287,10.29533332087931,2409289
2000-04-18,10.791722297668457,11.067489754386576,10.663030068152244,11.030720760157493,2932170
2000-04-19,11.288103103637695,11.43517906275813,10.865258971452112,10.883643466342166,2179986
2000-04-20,11.141021728515625,11.32486658804339,11.049098549037772,11.196175186373955,1709887
2000-04-24,10.736562728881836,11.122638476136414,10.644640288923153,10.95717733449673,1177919
2000-04-25,11.085865020751953,11.104249502558485,10.773328830040933,10.883635720880118,2264838
2000-04-26,11.03071117401123,11.17778777282631,10.902019806047587,11.085864617424221,1772558
2000-04-27,10.865253448486328,11.030713818390913,10.55271644450816,10.571100930053113,1340944
2000-04-28,11.03071117401123,11.214556735101638,10.883635324909923,10.902019806047587,1730866
2000-05-01,11.288103103637695,11.50871779203268,11.085872910132764,11.122642649627206,2707811
2000-05-02,11.508712768554688,11.692557637208147,11.232944715860494,11.306482663321878,2734403
2000-05-03,10.99394416809082,11.747709528293916,10.663022699012156,11.729325043884764,2513384
2000-05-04,11.141021728515625,11.141021728515625,10.736561538126603,10.993945091179443,1650156
2000-05-05,11.067482948303223,11.085867434112,10.938791547641777,11.049098462494445,1262638
2000-05-08,11.269709587097168,11.563862019576877,10.88363475375309,10.993941634790332,1330521
2000-05-09,11.049097061157227,11.269711612596376,10.865252226386158,10.957174643771692,1437957
2000-05-10,10.442412376403809,11.067485804955238,10.148259777825054,11.0491013144012,4518319
2000-05-11,11.003135681152344,11.710939783428614,10.79171412445732,11.306480403515582,5277719
2000-05-12,11.619016647338867,11.674170093493125,11.416786595059445,11.582247683236028,2062127
2000-05-15,11.784477233886719,11.986707290423457,11.527094479748467,11.655785856817593,2034332
2000-05-16,11.747714042663574,12.133789863043443,11.619022602346414,12.115405371569564,1525348
2000-05-17,11.692558288574219,11.710942776463723,11.517905653623929,11.545482385458186,1354039
2000-05-18,11.802863121032715,11.986708717011231,11.655787244021033,11.655787244021033,1410830
2000-05-19,11.563872337341309,11.710948309951553,11.39841111844038,11.692563813375271,1934781
2000-05-22,11.435175895690918,11.637406033186528,11.380022426295968,11.600637053589894,2680284
2000-05-23,11.582250595092773,11.729326488480009,11.471942925338348,11.6925575151332,2249605
2000-05-24,11.214558601379395,11.527095582444481,11.049097493891338,11.508711098247353,3006199
2000-05-25,11.508712768554688,11.527097255420035,11.177791255264458,11.177791255264458,1650022
2000-05-26,11.416784286499023,11.619014297886002,11.306477416495396,11.490322949548435,1515193
2000-05-30,11.968327522277832,12.00509650163793,11.545483509922587,11.545483509922587,2079766
2000-05-31,12.22571086883545,12.299248825999694,11.858020333300114,11.986711758337545,2603315
2000-06-01,12.795635223388672,12.795635223388672,12.13379191877004,12.35440585383337,2885133
2000-06-02,12.648553848266602,12.942705635675035,12.575015151700493,12.795629741970817,2129207
2000-06-05,12.40955638885498,12.740477942538721,12.299248704484336,12.648555496991598,1117787
2000-06-06,12.648553848266602,12.795629741970817,12.336016074717142,12.40955477128325,1352703
2000-06-07,12.139363288879395,12.69283003866441,12.084016764368569,12.65593235565719,1570915
2000-06-08,12.545238494873047,12.729727661373621,12.13936323137782,12.213158597042703,2618682
2000-06-09,12.305408477783203,12.545244279113625,12.176266528326128,12.545244279113625,913873
2000-06-12,12.489893913269043,12.582138134697567,12.342302406644922,12.342302406644922,962780
2000-06-13,12.526796340942383,12.655939052137702,12.360755927216621,12.545245192207604,1785520
2000-06-14,12.785073280334473,12.951112841323502,12.600584126897239,12.692829079785014,2616143
2000-06-15,12.619035720825195,12.914217979338607,12.416097682991449,12.840422602794874,1639198
2000-06-16,12.526796340942383,12.692836754668146,12.360755927216621,12.692836754668146,1908456
2000-06-19,12.434544563293457,12.988011304637352,12.434544563293457,12.840420574859438,2816449
2000-06-20,12.729731559753418,12.803526948017558,12.3976508078876,12.692833865621349,1837233
2000-06-21,13.135598182678223,13.246291197553267,12.785070302240582,12.95110982455315,2003999
2000-06-22,13.024910926818848,13.32009243033463,12.692831735363592,13.26474589842542,2177046
2000-06-23,12.840418815612793,13.06180487994789,12.748174622139835,13.043356041253297,1464682
2000-06-26,12.858874320983887,13.209402437912237,12.582140844754438,12.914220865762047,1441565
2000-06-27,11.143123626708984,12.102466462123814,10.718799489766598,12.102466462123814,9018865
2000-06-28,11.871854782104492,11.89952879949486,11.2907154636757,11.456755053987226,8045395
2000-06-29,11.807287216186523,12.21316339134773,11.512104885314129,11.936429909133693,3946664
2000-06-30,12.305408477783203,12.36075502755052,11.77039032535504,11.807288025199918,4129599
2000-07-03,12.397650718688965,12.397650718688965,12.213162249355976,12.305406484022472,692721
2000-07-05,12.102468490600586,12.545241544564375,11.80728545150666,12.545241544564375,1999456
2000-07-06,12.010218620300293,12.305400786909214,11.991769781908374,12.102463564598123,1336534
2000-07-07,12.084022521972656,12.15781792314796,11.73349286171251,12.065572919340102,1713228
2000-07-10,12.434544563293457,12.526789521743012,12.157811944959867,12.157811944959867,1147185
2000-07-11,12.434544563293457,12.619033727854209,12.286953833515543,12.619033727854209,1895093
2000-07-12,12.545238494873047,12.655932295708737,12.397647011204914,12.508340812040604,1713361
2000-07-13,12.37919807434082,12.489891874323025,12.065567020344902,12.416095756888769,1513589
2000-07-14,12.655933380126953,12.692831066120958,12.21315964352204,12.397648073492062,1713361
2000-07-17,12.27773666381836,12.674388489025537,12.010227555773566,12.674388489025537,1841509
2000-07-18,12.305408477783203,12.489897729346309,12.12091997855881,12.139368828481249,945409
2000-07-19,12.545238494873047,12.582136177705488,12.250055527536778,12.32385164554003,953426
2000-07-20,12.37919807434082,12.619033763240843,12.342300391792872,12.619033763240843,967992
2000-07-21,12.360753059387207,12.545242281574682,12.157815742553439,12.397650753356984,1114313
2000-07-24,12.655933380126953,13.24629635603102,12.508341883812506,12.692831066120958,3200492
2000-07-25,12.98801326751709,13.006462111527505,12.452996038876586,12.84042251543377,2461938
2000-07-26,12.637492179870605,12.914224992184563,12.37920671703314,12.840429575567509,1367402
2000-07-27,12.323858261108398,12.785081048779583,12.323858261108398,12.471449824005134,1592964
2000-07-28,12.107083320617676,12.563693498119964,12.04712418043897,12.3607553906727,2117582
2000-07-31,12.37919807434082,12.526789556870973,12.250055433084642,12.250055433084642,2764335
2000-08-01,12.895770072937012,12.914218918414479,12.39764974036832,12.39764974036832,2256821
2000-08-02,13.227849960327148,13.33854303878856,12.840424185712209,12.840424185712209,2240786
2000-08-03,12.932668685913086,13.098708307047918,12.766629064778256,13.024912919876881,2152458
2000-08-04,13.011073112487793,13.061807806434109,12.748177478357464,12.96956359229392,1131684
2000-08-07,13.490750312805176,13.670626983642578,13.209404210585523,13.209404210585523,2840903
2000-08-08,13.776703834533691,13.947355272951498,13.356990734027365,13.633724911007713,3809563
2000-08-09,13.855110168457031,14.002700917640473,13.670621731977729,13.87355901210496,2450045
2000-08-10,13.76747989654541,13.98425421882555,13.57837959632012,13.855112293482913,1914737
2000-08-11,13.707517623901367,13.744415306364473,13.430785005428076,13.744415306364473,1583476
2000-08-14,13.928911209106445,14.205645481073377,13.70752499527492,13.70752499527492,2518061
2000-08-15,13.873558044433594,14.021148783322682,13.836660359711322,14.021148783322682,1871842
2000-08-16,13.804377555847168,13.947356491868668,13.689072641813055,13.947356491868668,1295644
2000-08-17,13.965801239013672,14.05804544410057,13.762863987822495,13.836659351892013,1947742
2000-08-18,13.633724212646484,13.873559183024295,13.55992883714562,13.873559183024295,1618219
2000-08-21,13.689072608947754,13.762867994500759,13.541481837841747,13.707521455336005,1441164
2000-08-22,13.449236869812012,13.744418395868482,13.33854229286378,13.652174168975836,2020168
2000-08-23,13.64173698425293,13.84534457083445,13.512168520064689,13.58620764245797,1555014
2000-08-24,13.586214065551758,13.771311959042864,13.36409508371482,13.604723854900868,1434883
2000-08-25,13.845345497131348,13.882365060804712,13.54918898774443,13.678757460601206,1886675
2000-08-28,13.99342155456543,14.01193133349569,13.808323765262823,13.845343323123345,2401004
2000-08-29,13.82683277130127,14.048950106048489,13.789813215510065,14.030440328152887,1292304
2000-08-30,13.544554710388184,13.771300574706236,13.382593810059964,13.660241930420549,1710822
2000-08-31,13.646360397338867,13.771301760328521,13.364085186575855,13.401104737858233,1149858
2000-09-01,14.016557693481445,14.122987773261457,13.808321581217397,13.919380237232946,1312214
2000-09-05,13.919384956359863,14.178523417899088,13.826836044969795,14.160013635621073,1495817
2000-09-06,14.104475975036621,14.141495521734146,13.900868468200237,13.919378241549,1452789
2000-09-07,13.974912643432617,14.215541294115035,13.900873523113981,14.178521733955717,1014360
2000-09-08,13.60472297668457,13.919389375307007,13.345584432877404,13.919389375307007,1946272
2000-09-11,13.933272361755371,14.197037980261134,13.623233026797923,13.623233026797923,1486062
2000-09-12,14.011935234069824,14.048954802235672,13.808327609157661,14.030445018152747,1056987
2000-09-13,13.3455810546875,13.937895635337755,13.17899300346787,13.90087606840006,2811772
2000-09-14,13.461273193359375,13.734292975501601,13.456646123233494,13.623234234594358,2194684
2000-09-15,13.60472297668457,13.715781705610135,13.456644671450482,13.456644671450482,2339268
2000-09-18,13.257664680480957,13.77131170277221,13.17899694497546,13.549194234716271,2490400
2000-09-19,12.864324569702148,13.382598421629675,12.753265887146249,13.308559299925744,1548867
2000-09-20,12.5681734085083,13.012409108475262,12.43860412801774,12.919860161570437,1910461
2000-09-21,12.012872695922852,12.58667741264097,11.88330347498654,12.58667741264097,2333523
2000-09-22,11.841656684875488,12.10542143615492,11.753734849507861,11.920322875108518,2059588
2000-09-25,11.878677368164062,11.901814218715684,11.735226177379342,11.84628487160357,1761333
2000-09-26,12.234993934631348,12.327542862548345,11.772247785399053,11.88330649889945,2081235
2000-09-27,12.309026718139648,12.475614702331136,12.086908651061071,12.216477838033267,1374751
2000-09-28,12.406211853027344,12.51264351491031,12.142446988013218,12.197976353824215,1914870
2000-09-29,12.512640953063965,12.531150737877924,12.2905220256492,12.364561919728661,1392924
2000-10-02,12.771777153015137,12.95687497880308,12.512639442088487,12.697738022699959,2165019
2000-10-03,13.012405395507812,13.197503236501532,12.753268418116603,12.845817338613465,2169563
2000-10-04,12.7162446975708,13.012401146454188,12.512636384140128,13.012401146454188,1616883
2000-10-05,12.808802604675293,12.827312395760575,12.56817456574274,12.697743858163596,1462009
2000-10-06,12.549654006958008,12.845811165041294,12.438594600912257,12.660712658180529,1772023
2000-10-09,12.88283634185791,12.901346125145569,12.549659487856513,12.549659487856513,1027455
2000-10-10,13.049421310424805,13.308558215268725,12.845813742333153,12.882833300167999,1726590
2000-10-11,12.82730484008789,13.067931982459863,12.549657382527569,12.975383081547566,1680890
2000-10-12,12.642210960388184,13.178995539084795,12.475622122293574,12.882838946603195,2030858
2000-10-13,12.364562034606934,12.69773967400099,12.234993539705398,12.642209564219563,3339598
2000-10-16,12.43860149383545,12.697739999937564,12.272012669862274,12.43860149383545,2074287
2000-10-17,12.346049308776855,12.512638088792231,12.272009431645884,12.43859821166126,2369869
2000-10-18,12.123936653137207,12.346054106373176,11.957347808386489,12.346054106373176,1859281
2000-10-19,12.142443656921387,12.290521170304162,12.049893984468854,12.142443656921387,1596972
2000-10-20,11.92032241821289,12.327539085942021,11.883302858387227,12.216480406465033,1905383
2000-10-23,11.938833236694336,12.105421259869045,11.901812921165407,12.068401699163555,1603520
2000-10-24,11.846291542053223,12.19797911477307,11.846291542053223,12.012880432016516,1273061
2000-10-25,11.476094245910645,11.957350339438467,11.253976745658328,11.846290834488407,2530756
2000-10-26,11.439066886901855,12.068400886145415,11.420557107796068,11.994361769722264,2932304
2000-10-27,11.624168395996094,11.735227098941714,11.420560019105544,11.513108938226894,1625168
2000-10-30,11.846291542053223,11.920330713226265,11.47609493136406,11.642683821327353,1790597
2000-10-31,12.38306713104248,12.438596464975435,11.846282060043903,11.846282060043903,1646949
2000-11-01,12.697735786437988,12.75326512439482,12.346048469731256,12.383068028369145,1670601
2000-11-02,12.512640953063965,12.679229771213228,12.420091274170542,12.623699661947727,1160147
2000-11-03,12.25350284576416,12.64220907009984,12.16095392445176,12.401581119864002,1242862
2000-11-06,12.364562034606934,12.642209564219563,12.253503324691332,12.272012354853638,1247405
2000-11-07,12.7162446975708,12.808793587846859,12.438596517095938,12.438596517095938,3817179
2000-11-08,12.975384712219238,13.160482537305862,12.697737974589304,12.697737974589304,1838970
2000-11-09,12.531146049499512,12.938361917875314,12.531146049499512,12.845813028431573,1306067
2000-11-10,12.420093536376953,12.864329962472844,12.364564171820906,12.549662808498153,2029255
2000-11-13,12.142443656921387,12.716248455868099,12.105423335046233,12.420090409808278,1489136
2000-11-14,12.290519714355469,12.45710850117688,12.160951999847223,12.19797156251343,2716497
2000-11-15,12.364562034606934,12.494131284332095,12.234993539705398,12.364562034606934,1452656
2000-11-16,12.346049308776855,12.43859821166126,12.23499062531557,12.383068869930618,1002334
2000-11-17,12.420093536376953,12.475622900932999,12.25350544270881,12.401583748191603,1231503
2000-11-20,12.160953521728516,12.401580709172126,12.049894065007893,12.383070925522617,868707
2000-11-21,12.27200698852539,12.290516765417332,12.068399442714044,12.142439305105105,955698
2000-11-22,11.994365692138672,12.253503439186725,11.901816011520603,12.253503439186725,1693184
2000-11-24,12.031381607055664,12.17946059816071,11.92032217502103,11.994362047985254,407428
2000-11-27,12.0869140625,12.160953954556808,11.994365140958491,12.142444170248506,1025451
2000-11-28,11.975854873657227,12.068403791466187,11.864795417462906,12.049894007904395,1072354
2000-11-29,10.791218757629395,11.309493873274324,10.661650356129703,11.253964558345885,5677530
2000-11-30,10.476563453674316,10.661661361161636,8.995777174480308,10.661661361161636,8150826
2000-12-01,10.3469877243042,10.606125388339558,10.143380152780512,10.43953662045133,1960437
2000-12-04,10.902281761169434,10.939301316743183,10.346986917916514,10.346986917916514,1521340
2000-12-05,11.0503568649292,11.30949443563724,10.88376891186032,11.03184709236599,2047428
2000-12-06,10.834776878356934,11.262221554822252,10.816192393107997,10.946284547720438,1699731
2000-12-07,10.797614097595215,11.22505826122317,10.648938130375166,10.834783089400226,1238853
2000-12-08,10.871953964233398,10.983460951188492,10.463093496323935,10.797615215059608,1482053
2000-12-11,10.9462890625,11.187887470383062,10.593182939262253,10.797612361317151,2028987
2000-12-12,11.020627975463867,11.113550447971086,10.890536513953762,10.946289997458093,1202506
2000-12-13,11.094961166381836,11.39231370797797,10.890531815070073,11.039207706933174,2016827
2000-12-14,10.24007797241211,11.206473228817464,10.054232264413985,10.94629029863848,2389913
2000-12-15,10.314413070678711,10.463088989241836,9.886969046939658,9.886969046939658,2997647
2000-12-18,10.407339096069336,10.79761427427842,10.240078630209869,10.630353808418953,1545125
2000-12-19,10.27724552154541,10.630351635152348,10.147154074695024,10.147154074695024,1376087
2000-12-20,10.054230690002441,10.10998416631025,9.756878816360798,9.961308229489427,2051570
2000-12-21,9.459525108337402,9.62678551822628,8.994911342905922,9.36660190052906,3590014
2000-12-22,9.775461196899414,9.775461196899414,9.292262990865414,9.422355165353029,4098998
2000-12-26,11.132131576538086,11.206469532066883,10.332997038863471,10.332997038863471,5206362
2000-12-27,11.50382137298584,11.78258944617932,11.373729959168207,11.745420470802856,3920473
2000-12-28,11.987021446228027,11.987021446228027,11.485238684308142,11.745422310567708,3089582
2000-12-29,11.875518798828125,12.17287229070605,11.540997067803488,12.117118037309925,2314280
2001-01-02,11.28081226348877,11.838347886408961,11.187889028110154,11.838347886408961,1991037
2001-01-03,11.150714874267578,11.559574343870395,10.704686430870865,11.448067422488704,3135015
2001-01-04,10.518852233886719,11.113557175821656,10.16574586672787,11.076388164317642,3544982
2001-01-05,10.92770004272461,11.150713865308859,10.630347521409064,10.686100977055126,3376479
2001-01-08,11.057798385620117,11.280813106169656,10.964875901170458,11.150720870069776,1756923
2001-01-09,10.27724552154541,10.704689604781139,9.701124741181921,10.556013665523555,4863343
2001-01-10,10.425924301147461,10.593185536249555,10.295832818856129,10.40733980367727,2447773
2001-01-11,10.686108589172363,10.779031081441321,10.351586859133693,10.556017099995822,4130534
2001-01-12,10.779027938842773,11.187887543494618,10.648936487594069,10.779027938842773,3122989
2001-01-16,10.741856575012207,10.964871199943442,10.370166038706836,10.797610041777508,4159130
2001-01-17,10.964874267578125,11.132134714668357,10.853366544981059,10.853366544981059,20020482
2001-01-18,11.262223243713379,11.355145683892781,10.927701701197536,11.039208629412819,5206897
2001-01-19,11.355145454406738,11.37372994206703,10.909116992689793,11.225053282914727,3136084
2001-01-22,11.596746444702148,11.596746444702148,11.262225590354245,11.52240847706928,2628837
2001-01-23,11.6710844039917,11.745422366744236,11.336562813735176,11.52240772061652,2681353
2001-01-24,11.6710844039917,11.819760329496773,11.540992211304655,11.745422366744236,2827273
2001-01-25,11.912684440612793,11.987023171579827,11.633917041499702,11.671086028048114,2156200
2001-01-26,11.578163146972656,11.91268479369348,11.46665618402246,11.91268479369348,2268313
2001-01-29,11.620535850524902,11.730556624468814,11.46591289991935,11.46591289991935,2442161
2001-01-30,11.685952186584473,11.81976098164391,11.451044271955181,11.596746323211514,1472967
2001-01-31,11.63540267944336,11.965464234591877,11.522408783745163,11.864364353401895,2282744
2001-02-01,11.584854125976562,11.724609949987178,11.332105150608536,11.63540407262422,2073752
2001-02-02,11.626484870910645,11.680007946893546,11.552146886443673,11.572961037057416,1989701
2001-02-05,12.078459739685059,12.152798477071919,11.81976299498593,11.968438954019103,3627830
2001-02-06,12.042778968811035,12.295528732273391,11.93870518015225,12.078461020875006,2552938
2001-02-07,12.369868278503418,12.414471228139343,11.89410373501037,12.146854288194245,2976267
2001-02-08,12.667214393615723,12.682081530466153,12.191450857000888,12.191450857000888,3957888
2001-02-09,12.783185005187988,12.949701219131121,12.5720643392631,12.86049686238895,3602441
2001-02-12,13.077569007873535,13.098384680952368,12.77129683733673,12.857528866545778,3408282
2001-02-13,13.404648780822754,13.594954513623332,13.30949667229258,13.38086075369021,5336648
2001-02-14,13.425461769104004,13.440329662037527,13.276784355508692,13.291652248442215,4089912
2001-02-15,13.199477195739746,13.425464978276787,12.943753620227724,13.425464978276787,3209846
2001-02-16,12.90510082244873,13.187586376933941,12.839682971497778,13.086486475211737,2463140
2001-02-20,12.566112518310547,13.232181666173929,12.485827566976553,13.232181666173929,4478097
2001-02-21,12.384735107421875,12.726690793289972,12.334185149647817,12.637485654162603,2798811
2001-02-22,12.426361083984375,12.637481742582043,12.230108322907874,12.563143770716602,2768344
2001-02-23,12.396626472473145,12.51854126587037,12.191453572135112,12.280658686714546,3068202
2001-02-26,12.470967292785645,12.637485060407318,12.42933747194503,12.473941176218716,1986494
2001-02-27,12.18847942352295,12.607746105446932,12.117114575545806,12.459070159853939,2600642
2001-02-28,12.3996000289917,12.3996000289917,11.894100572760518,12.176586097974589,3096664
2001-03-01,12.854549407958984,12.875363556270468,12.580985534120266,12.622614588613477,4690697
2001-03-02,13.157845497131348,13.232183453141573,12.851572027036363,12.860493673090442,2917872
2001-03-05,13.371940612792969,13.470066603578898,13.083508889343904,13.166766984247676,2003064
2001-03-06,13.232192993164062,13.440340632653086,13.160828867720422,13.321398907839193,3052167
2001-03-07,13.64989185333252,13.64989185333252,13.202353842076574,13.2321902164494,2621488
2001-03-08,13.694643020629883,13.784150610636647,13.473858747249055,13.754314240345368,3045218
2001-03-09,13.429101943969727,13.855753755037316,13.426118003266653,13.754311938067387,3084104
2001-03-12,12.88907241821289,13.372411436213405,12.889072418212889,13.366445076440538,2284882
2001-03-13,12.844320297241211,12.948746061184158,12.572815136029845,12.829403634563858,2549463
2001-03-14,12.47137451171875,12.75183153963505,12.277441897344852,12.53104649483649,2394857
2001-03-15,12.903992652893066,12.92189325592756,12.501208552914255,12.531044158694135,2789189
2001-03-16,12.587735176086426,12.898027831108323,12.53104713143981,12.605637304234715,3191940
2001-03-19,12.662321090698242,12.769730027750034,12.575797457094508,12.587731698940996,1575592
2001-03-20,12.97262191772461,13.232194504633455,12.60862502840445,12.724984340692881,2797875
2001-03-21,12.363960266113281,13.023331937776955,12.32219042808674,12.975594980032335,3698920
2001-03-22,11.397284507751465,11.994000476459984,10.8900746035906,11.785149697303627,4808288
2001-03-23,12.05068302154541,12.202845695329954,11.65088301039976,11.65088301039976,3123256
2001-03-26,12.247605323791504,12.366948520217424,12.128262127365584,12.158097736363686,2009077
2001-03-27,12.829407691955566,12.829407691955566,12.387836771643222,12.456459068868915,2634316
2001-03-28,12.486285209655762,12.829397956278129,12.232681524682317,12.829397956278129,2364390
2001-03-29,12.232686042785645,12.352028460663803,11.934326956356648,12.337111038645734,3131274
2001-03-30,12.784650802612305,12.874158395043775,12.232688583340831,12.232688583340831,2969853
2001-04-02,12.993496894836426,13.178479906133104,12.531042408328046,13.053169618927821,3412692
2001-04-03,11.979084968566895,13.163567628785051,11.779185207461795,13.097928515366291,5512635
2001-04-04,12.011905670166016,12.217773334325274,11.785153453737767,11.934332303356221,3792325
2001-04-05,12.489274978637695,12.644420897425055,12.113343283969385,12.158097075249742,2932437
2001-04-06,12.17003059387207,12.563863629525931,11.635969071248015,12.531044083149204,3277060
2001-04-09,12.232686042785645,12.611600881065698,12.143178468943626,12.143178468943626,2948072
2001-04-10,12.799564361572266,12.84431738117781,12.32219096130254,12.32219096130254,2783043
2001-04-11,12.79658031463623,12.889071814147236,12.650384735786528,12.799564254816131,1875851
2001-04-12,12.739900588989258,12.901014452759513,12.605639923020112,12.754818778734172,1266246
2001-04-16,12.930839538574219,12.94277377717704,12.680219767481764,12.784644735473053,1651626
2001-04-17,12.933834075927734,12.978588648008287,12.799573401421359,12.859244643327788,2285016
2001-04-18,12.769732475280762,13.005434937575274,12.629504726490861,12.933829472771977,3291893
2001-04-19,12.456457138061523,12.796585390076327,12.352031357279644,12.724979162123997,3498346
2001-04-20,12.277440071105957,12.587732664209083,12.202850673628951,12.531044630874543,3215191
2001-04-23,12.560880661010742,12.575798083845601,12.30727610805026,12.560880661010742,2556011
2001-04-24,12.951607704162598,13.175862587588131,12.672099722000869,12.919106776004257,3690505
2001-04-25,13.097860336303711,13.221363863081889,12.88660582452384,12.951607680722882,2321639
2001-04-26,13.894134521484375,13.894134521484377,13.4553719464542,13.487872877937916,4506256
2001-04-27,14.121638298034668,14.121638298034668,13.861630896684398,13.97538413477514,3418180
2001-04-30,13.705625534057617,14.20613974799317,13.676374703373073,14.072885963763575,2020854
2001-05-01,14.098882675170898,14.150884137090559,13.793374086392893,13.87787646201234,2202282
2001-05-02,13.084859848022461,13.848631651529413,13.032859884395371,13.845381558748532,3470191
2001-05-03,13.214859008789062,13.289611117008814,12.844350080218511,13.08485534231993,1754048
2001-05-04,13.543121337890625,13.598372908669788,13.140109880442626,13.214862005614433,1260304
2001-05-07,12.766355514526367,12.870358509894722,12.187838852789898,12.350343533052952,14357213
2001-05-08,12.850851058959961,12.867101518274444,12.519341688944523,12.685096373952243,4164745
2001-05-09,13.11736011505127,13.11736011505127,12.880104874865589,12.919105986271497,3422596
2001-05-10,13.276619911193848,13.487876014972331,13.13686587330962,13.487876014972331,3340407
2001-05-11,13.075116157531738,13.224618962521898,12.997113900562477,13.162867175754567,2382483
2001-05-14,13.062112808227539,13.179114646182379,12.935359169503615,13.075113181429993,1735280
2001-05-15,13.02635669708252,13.21161042203645,13.000355960826997,13.15960894952541,2195658
2001-05-16,13.146613121032715,13.299367499281256,12.951609052646432,13.07836268566118,2503189
2001-05-17,13.166110038757324,13.302613913483427,12.854102703107273,12.87035316438419,2401987
2001-05-18,13.572368621826172,13.595119262670849,13.179107544368197,13.231109009156029,3247056
2001-05-21,13.695876121520996,13.71537667654139,13.487870201303469,13.650374826473412,3225098
2001-05-22,13.536620140075684,13.796627512519882,13.422866914631348,13.796627512519882,2663518
2001-05-23,13.611373901367188,13.715376862889016,13.487870384560017,13.650375011937873,3128435
2001-05-24,13.68613338470459,13.699133761881045,13.562629801528258,13.611381215939968,2435844
2001-05-25,13.42287540435791,13.686133035463364,13.325372578022558,13.686133035463364,2427748
2001-05-29,13.019859313964844,13.419619199026668,12.873605141064061,13.37411790079087,3388003
2001-05-30,12.789104461669922,13.104361978407544,12.763103716300453,12.919108188517265,3111016
2001-05-31,12.805355072021484,12.876857122594354,12.724101981391444,12.837856004100061,3587831
2001-06-01,12.691595077514648,12.698094500049157,12.53884077777356,12.545340960741266,3799804
2001-06-04,12.740352630615234,12.821605722413555,12.642850593411191,12.70785169806935,2076914
2001-06-05,12.415338516235352,12.750097211395346,12.269084385150915,12.724096476980334,5005643
2001-06-06,12.072736740112305,12.376186916549097,11.615930786326869,12.333769149950404,6290113
2001-06-07,12.027052879333496,12.137991624098504,11.828016483039075,12.075996443200411,2944185
2001-06-08,12.288090705871582,12.42186984016572,11.9422234635669,12.007480814425344,2607581
2001-06-11,12.379454612731934,12.399032051046593,12.203257667899996,12.24567545091509,4089794
2001-06-12,12.062947273254395,12.35008290618853,11.9095915054594,12.235881233998818,5038641
2001-06-13,11.958539009094238,12.268514314899836,11.942224479134394,12.196730383076522,3871075
2001-06-14,11.6061429977417,11.958536779162788,11.332058945525297,11.958536779162788,3983072
2001-06-15,11.690980911254883,11.97485297382321,11.371216118749379,11.371216118749379,4122547
2001-06-18,11.472360610961914,11.762759107422696,11.472360610961914,11.746444585149618,2606354
2001-06-19,11.48868179321289,11.635512578788255,11.172180641070852,11.635512578788255,2889966
2001-06-20,11.436470985412598,11.61266786175827,11.354898357474786,11.61266786175827,2085500
2001-06-21,11.009028434753418,11.485411699753627,10.881775166884795,11.33858100605906,3312071
2001-06-22,11.116704940795898,11.211328407842087,10.865461294356214,11.041658137313915,2590285
2001-06-25,10.571800231933594,11.142808537796132,10.441284047736442,11.116705300956701,6125123
2001-06-26,10.571800231933594,10.682738988501173,10.408655765118274,10.539171185884305,2744603
2001-06-27,10.712105751037598,10.832833228419789,10.473913701067328,10.60442989283186,3082188
2001-06-28,10.7186279296875,10.796937618218788,10.669684374355445,10.767571485019555,3645608
2001-06-29,10.751264572143555,10.865466282039286,10.640325768244844,10.718635512173346,2921614
2001-07-02,10.809992790222168,10.995978361686317,10.721894361633888,10.995978361686317,2141560
2001-07-03,10.767572402954102,10.940506313203299,10.718628843449613,10.940506313203299,952282
2001-07-05,11.084074974060059,11.119966920566693,10.761047455500343,10.767573263956093,2752576
2001-07-06,10.99924373626709,11.119971239589342,10.881779138440034,10.995980830771893,3042198
2001-07-09,10.685999870300293,11.044919308900822,10.646845022452961,10.999238653078937,2604637
2001-07-10,10.842617988586426,10.963345421940293,10.800200241732366,10.83282927777395,3342861
2001-07-11,10.620747566223145,10.862202592587332,10.493494241517693,10.842625158017263,2640088
2001-07-12,10.575060844421387,10.604426979500712,10.359709950603957,10.539168901546656,1856600
2001-07-13,10.695789337158203,10.849145835383966,10.444545712405358,10.451071520840497,1740554
2001-07-16,10.617484092712402,10.85893910616526,10.506545302747575,10.751263221787633,1351447
2001-07-17,10.80020523071289,10.80020523071289,10.558750252468927,10.617482544474216,2419897
2001-07-18,10.761054039001465,10.930725162654044,10.604434540245236,10.930725162654044,3255029
2001-07-19,10.826312065124512,10.878518564235616,10.715373254513414,10.76105394123563,1386654
2001-07-20,10.721895217895508,10.995979239836572,10.588116111948084,10.979664714721032,1798700
2001-07-23,10.555488586425781,10.813258120485344,10.500019193020558,10.761051632574546,2066241
2001-07-24,9.880064964294434,10.186777989247037,9.788703637712807,10.144360230476996,6273430
2001-07-25,10.225932121276855,10.307504728534996,9.870275553631364,9.880064266502341,4340775
2001-07-26,10.630535125732422,10.656638368982934,10.379292172877557,10.441286612166214,1834274
2001-07-27,10.796940803527832,10.81651823143638,10.558748763973844,10.630532666305184,2141560
2001-07-30,10.816518783569336,10.865462355839046,10.555486398130888,10.796941354661453,2187071
2001-07-31,10.9307222366333,11.12975946302284,10.686004335334687,10.816520549360614,1949460
2001-08-01,10.966614723205566,11.093868038004294,10.881779180006415,10.93072276262131,1626104
2001-08-02,11.028606414794922,11.227642823929704,10.947033803087598,11.09386450416078,4234912
2001-08-03,10.933978080749512,11.110174855895487,10.78388453155109,11.110174855895487,1895240
2001-08-06,10.69252872467041,10.855673970515804,10.607693196830805,10.852411065598897,1974730
2001-08-07,10.588118553161621,10.734949313055012,10.506545908776404,10.659902480220612,1529563
2001-08-08,10.35971450805664,10.702318804603197,10.229198294731749,10.669689751271973,2373651
2001-08-09,10.35971450805664,10.382554845388498,10.082367554741243,10.278141874728583,2308023
2001-08-10,10.562009811401367,10.597901756255798,10.248771783375524,10.441282360527378,2575932
2001-08-13,10.460862159729004,10.604429971738261,10.424970970157858,10.522857351278455,1902969
2001-08-14,10.53917407989502,10.588117662408642,10.490230497381395,10.493493402882304,1962341
2001-08-15,10.604430198669434,10.731683489309907,10.297717902608198,10.441284954258572,2994603
2001-08-16,10.53917407989502,10.6501128669259,10.44454982036868,10.643587055924083,1845069
2001-08-17,10.411918640136719,10.53917115593622,10.333608929840953,10.53917115593622,1847522
2001-08-20,10.35971450805664,10.470652525951511,10.323822549392295,10.438023472620287,2356232
2001-08-21,10.317294120788574,10.438020824049298,10.287927980241914,10.392340924407813,1702404
2001-08-22,10.41574478149414,10.583104912529139,10.369802573970226,10.43543429900439,2620093
2001-08-23,10.540440559387207,10.632324941903137,10.386206827965886,10.501061538308951,1736997
2001-08-24,10.76688003540039,10.776724799909353,10.487945808782326,10.533887275354923,1460378
2001-08-27,10.845632553100586,10.90470110966396,10.780000823585723,10.799690342440181,1303606
2001-08-28,10.671706199645996,10.94407781918983,10.645453513424902,10.927669890301647,2466143
2001-08-29,10.77999496459961,10.825937150290185,10.632323653451333,10.74717911767777,1679342
2001-08-30,10.569975852966309,10.865318539770836,10.524033657241159,10.783278904547357,1576178
2001-08-31,10.681549072265625,10.763588702230999,10.484654728150597,10.668422731471164,1180447
2001-09-04,10.701244354248047,10.957208137771948,10.589670397327371,10.589670397327371,1430079
2001-09-05,10.704523086547852,10.763591636224119,10.507627920960292,10.635609778592205,2228410
2001-09-06,10.491219520568848,10.648735645983386,10.386209538094535,10.573259169222254,1989941
2001-09-07,10.327139854431152,10.491218365876993,10.32057668326124,10.33698461118602,1966879
2001-09-10,10.32386302947998,10.43871857791668,10.218852242337856,10.327144616578172,1951914
2001-09-17,9.956317901611328,10.274631614417624,9.893967792917312,10.008823256301026,1989941
2001-09-18,9.283598899841309,10.008828741115238,9.25406462164364,10.008828741115238,2333170
2001-09-19,8.791362762451172,9.444397780556688,8.20395871382056,9.385329217007241,3392664
2001-09-20,8.702756881713867,8.971846142892995,8.532114424311205,8.79135969613448,3141315
2001-09-21,8.53211498260498,9.18843140160505,8.269588107884136,8.285996037554188,2825932
2001-09-24,8.633845329284668,8.86027478974931,8.538679324161848,8.86027478974931,1696148
2001-09-25,8.3811616897583,8.761825642666418,8.302403630535931,8.722446613055233,2387512
2001-09-26,8.200671195983887,8.446790032772682,8.121913936013177,8.446790032772682,3839794
2001-09-27,8.371310234069824,8.440223480748612,8.118629097382332,8.364747067719463,2945289
2001-09-28,8.958720207214355,9.044041439793771,8.4730462664874,8.532114812119303,3278091
2001-10-01,8.86027717590332,9.004666247862477,8.729013685211035,8.958724026120178,2599362
2001-10-02,8.99809741973877,9.162176680011585,8.79463990480235,8.79463990480235,2555201
2001-10-03,9.29344367980957,9.388609687546023,8.975129791863505,9.063732626652616,3811212
2001-10-04,9.496904373168945,9.621604689788951,9.28688278728262,9.621604689788951,2110648
2001-10-05,9.467367172241211,9.598630622998462,9.25406406476068,9.500183034930524,1852184
2001-10-08,9.63144588470459,9.680669675667092,9.385326929892083,9.46736658149625,1753189
2001-10-09,9.680665969848633,9.877560290524208,9.483770881371276,9.877560290524208,1833660
2001-10-10,9.926789283752441,10.12696606232303,9.713486159046077,9.713486159046077,2352674
2001-10-11,9.985852241516113,10.0744550282461,9.844744099686874,9.844744099686874,2207188
2001-10-12,9.926789283752441,10.0875870239157,9.615039330829939,9.979294668295546,1660206
2001-10-15,9.565814971923828,9.923507115348068,9.516591176800933,9.844749043151435,1498160
2001-10-16,9.841465950012207,9.893971323437688,9.549405578134994,9.549405578134994,3063297
2001-10-17,9.431262969970703,10.071171066400156,9.41813663429417,10.071171066400156,2493989
2001-10-18,9.040760040283203,9.67738771188324,9.011225766858459,9.483774141654362,2214426
2001-10-19,9.336099624633789,9.490334111592663,8.968562123795623,9.027630650716041,2073724
2001-10-22,9.437830924987793,9.55924959158328,9.385325555649205,9.45095726732244,1866290
2001-10-23,9.204841613769531,9.549408222281693,9.122801945076159,9.490339660822466,2283979
2001-10-24,8.499299049377441,9.270470969363808,8.450075260795204,9.270470969363808,5351938
2001-10-25,9.057165145874023,9.178583787649872,8.466480629360893,8.466480629360893,5230741
2001-10-26,9.188429832458496,9.254061539930508,8.843864136032355,9.057166417514475,3840162
2001-10-29,9.300004959106445,9.385326190048929,9.083420295944759,9.221246899774924,2597154
2001-10-30,9.467367172241211,9.713485374608933,9.300006272525717,9.300006272525717,4857826
2001-10-31,9.473928451538086,9.713483433496007,9.385325639983057,9.713483433496007,3245829
2001-11-01,9.618313789367676,9.67738230320383,9.221242113024642,9.401729238635111,2538395
2001-11-02,9.447675704956055,9.618318155725815,9.286878010961473,9.618318155725815,1743744
2001-11-05,9.519869804382324,9.64785163192531,9.450956512628409,9.51658821906071,2557164
2001-11-06,9.519869804382324,9.565811998884934,9.35250895297996,9.43783017134195,1800049
2001-11-07,9.516586303710938,9.559246904305873,9.372196578620384,9.500178380405192,1772571
2001-11-08,9.697074890136719,9.795521676687743,9.401732227078067,9.418140152803549,2411923
2001-11-09,9.779112815856934,9.976007905735058,9.70035554770747,9.729889043387402,2107826
2001-11-12,9.693798065185547,9.765992206027141,9.516592380332511,9.516592380332511,1312439
2001-11-13,9.907094955444336,9.953037144618284,9.605189908674486,9.775831557804484,1942713
2001-11-14,9.510026931762695,9.907098066511322,9.467366314133283,9.907098066511322,1815383
2001-11-15,9.2901611328125,9.388608716843983,8.962002519374224,9.3853271307096,3275515
2001-11-16,9.368916511535645,9.427985045004242,9.050602747843758,9.27046895575465,2146099
2001-11-19,9.332818031311035,9.342662785788812,9.024349057674028,9.319691692007334,2062193
2001-11-20,9.601908683776855,9.670821970121825,9.303284442948659,9.319692368268889,2389720
2001-11-21,9.106389045715332,9.601908374421603,8.87667886643477,9.601908374421603,4173332
2001-11-23,9.270469665527344,9.286877592747079,8.896369692719306,9.10639039332999,1661065
2001-11-26,9.270469665527344,9.270469665527344,8.758543104073528,9.122798320549725,2680447
2001-11-27,9.467367172241211,9.611756968074186,9.139208545348085,9.139208545348085,3145608
2001-11-28,8.87668228149414,9.336103584606791,8.794642625973648,9.336103584606791,6239696
2001-11-29,8.86027717590332,8.942316089783642,7.90861763618661,8.236775595114967,17140456
2001-11-30,8.768388748168945,8.906215350769102,8.620717388240204,8.794641434378498,4942223
2001-12-03,8.683066368103027,8.90949575667474,8.335218321891409,8.614153075929028,4538027
2001-12-04,8.955439567565918,8.955439567565918,8.617436955205807,8.860274335128178,4155545
2001-12-05,9.168739318847656,9.303284304470868,8.942309952798837,9.011223238118044,3544774
2001-12-06,9.119515419006348,9.204836628235686,8.925902673556974,9.057165304569523,3774166
2001-12-07,9.122798919677734,9.303286130948088,8.958719636704686,9.089983063083125,2422841
2001-12-10,8.791362762451172,9.02435466198284,8.607593898075114,9.007946727663551,3401251
2001-12-11,8.249897956848145,8.791359594254885,8.121916883081262,8.791359594254885,10871565
2001-12-12,7.826491355895996,8.173821197411904,7.426235836299149,8.170513294159372,18054465
2001-12-13,7.958806991577148,8.187052301822744,7.608169268591162,7.6743273295319145,10651619
2001-12-14,8.041502952575684,8.170511145498189,7.611475642834002,7.773562859582789,7579612
2001-12-17,7.591629505157471,8.008425275457611,7.532087252257451,8.00511737251872,8631992
2001-12-18,7.310455322265625,7.542007652448026,6.880428128859852,7.442770607815925,19230864
2001-12-19,8.170506477355957,8.203585482282861,7.029281581336701,7.029281581336701,15722277
2001-12-20,8.061347007751465,8.402060037229516,7.872796650509571,8.302823007102203,8873405
2001-12-21,7.8364105224609375,8.220127077293382,7.823178917121887,8.064655714559546,7515947
2001-12-24,7.690864086151123,7.786793240106635,7.624706048940425,7.641245558243099,4872424
2001-12-26,8.00180721282959,8.038194134895173,7.796717288459935,7.905878054656687,4979269
2001-12-27,8.329291343688965,8.349138761934979,7.9124963344822055,8.038196650040293,11064033
2001-12-28,8.497993469238281,8.59061474425509,8.378908972788098,8.395448486183957,6991413
2001-12-31,8.441756248474121,8.597227621442451,8.269745367743202,8.597227621442451,4509936
2002-01-02,8.590611457824707,8.633614176202789,8.296208232005528,8.626998373375391,5185721
2002-01-03,8.468218803405762,8.71631140058221,8.35575015935244,8.71631140058221,3569063
2002-01-04,8.243282318115234,8.299516645618578,8.127506535449905,8.243282318115234,7007115
2002-01-07,8.269749641418457,8.431836901255945,8.107663155540553,8.144050091422438,7090775
2002-01-08,8.42521858215332,8.43514228897983,8.266439272929176,8.269747175204678,8273430
2002-01-09,8.468218803405762,8.564147940980655,8.382213369717926,8.501297816362621,5187561
2002-01-10,8.421908378601074,8.574071841695723,8.325979238824013,8.53437702523625,3776987
2002-01-11,8.435135841369629,8.521141234792301,8.40205684389937,8.488062237322044,4077282
2002-01-14,8.316054344177246,8.43513877650746,8.173815379519633,8.402059767526845,4276497
2002-01-15,8.177125930786133,8.431833608533639,8.087812577590247,8.316057039576009,6523553
2002-01-16,7.9455742835998535,8.114277315732618,7.809950277375473,7.988577017280754,6203263
2002-01-17,7.899259090423584,8.021651415679235,7.823177374724126,7.972032905440458,3067100
2002-01-18,8.04481029510498,8.08781302308651,7.8397203616546145,7.872799383178867,2733317
2002-01-22,7.737175464630127,8.104352606857063,7.7338675624479025,8.104352606857063,2506869
2002-01-23,8.00511360168457,8.157277065196428,7.690862970518776,7.723941984325702,3040236
2002-01-24,8.322673797607422,8.395447649294836,8.038194969515997,8.18705057524025,3280545
2002-01-25,8.193666458129883,8.322673877029295,8.044810850985126,8.322673877029295,2427012
2002-01-28,7.985263347625732,8.220124261955569,7.91579744338733,8.137426756909852,1896835
2002-01-29,6.212233066558838,7.475849940709017,5.854980077665647,7.475849940709017,32392174
2002-01-30,6.103072643280029,6.25192822462037,4.918844957111293,5.95421744891931,38135182
2002-01-31,5.848364353179932,6.251927970307017,5.74251149964375,5.9575251083891185,12190383
2002-02-01,6.285007953643799,6.53310061727479,5.639967802162552,5.848365252632919,14125981
2002-02-04,5.411723613739014,5.7557451211794195,5.391876196753236,5.491113281682124,12719455
2002-02-05,4.806378364562988,5.358797385778596,4.779915140842024,5.292639326476186,14428484
2002-02-06,4.912228107452393,5.0974705692291185,4.647596406179465,4.862609977884595,9999019
2002-02-07,5.04123592376709,5.193399364650972,4.869225464530042,5.07762283354367,5835746
2002-02-08,4.981693744659424,5.176859898542689,4.855993896934466,5.028004357445283,8268155
2002-02-11,5.246326923370361,5.259558529811988,4.793144789724232,5.041237023525141,4787046
2002-02-12,5.441489219665527,5.689581293356835,5.173549749120567,5.249631437059568,7922473
2002-02-13,5.501034259796143,5.6631214180631195,5.424952532446337,5.454723643148435,6438788
2002-02-14,5.5142669677734375,5.623427728853888,5.299253347463459,5.501035360369746,3724730
2002-02-15,5.497726917266846,5.623427175226702,5.375334560832249,5.557269144721515,4288886
2002-02-19,5.530806541442871,5.65650681324191,5.3753351526387965,5.415029975312177,3781281
2002-02-20,5.33233118057251,5.593655368701914,5.1900918195828805,5.530805247506235,4728042
2002-02-21,5.378642559051514,5.606887768397666,5.282713800074031,5.332331936865338,2968229
2002-02-22,5.391876697540283,5.474574275995148,5.028007739318657,5.378645084987505,5875491
2002-02-25,4.908920764923096,5.160321277369177,4.763373486802317,5.12724226257364,13798086
2002-02-26,5.375334739685059,5.4249532642149,4.9221526026254425,4.942000012437378,6762758
2002-02-27,5.3257155418396,5.454723689307041,5.24632629960842,5.292636529668461,5257115
2002-02-28,5.110700607299805,5.3422532265742735,5.054466305781003,5.259556111320162,5112365
2002-03-01,5.292638778686523,5.299254583932027,5.028006955846112,5.0445464689598705,3638984
2002-03-04,5.494416236877441,5.557266334070211,5.375331842196404,5.507647836286445,5288027
2002-03-05,6.318084239959717,6.384242254950625,5.494417727281912,5.494417727281912,9869603
2002-03-06,6.708417892456055,6.76465222312051,6.367704780624769,6.516560361795388,10811703
2002-03-07,7.310455322265625,7.52877604649708,6.767959478276803,6.78119108422775,11384691
2002-03-08,7.5519304275512695,7.601548943761138,7.237680598847842,7.591625240519164,9392419
2002-03-11,7.601552963256836,7.7074058538100365,7.360076830641832,7.551934420810023,5150515
2002-03-12,7.628013610839844,7.634629414266064,7.34022693575848,7.376613854602692,5022203
2002-03-13,7.4411540031433105,7.714774390321504,7.427806629098969,7.628016459033281,2718229
2002-03-14,7.431141376495361,7.494541385322638,7.311015043980523,7.4444887467747884,3533489
2002-03-15,7.477856159210205,7.587971168364093,7.374414053561243,7.431140369562287,2484298
2002-03-18,7.62467622756958,7.694749910165799,7.474519117022439,7.507886756575882,2756624
2002-03-19,7.698087692260742,7.804866650208781,7.591308734312704,7.624677158671466,3159961
2002-03-20,7.80486536026001,7.891623249253885,7.597981163428462,7.698086419959856,1821394
2002-03-21,8.141889572143555,8.175258004026551,7.6446999370869175,7.674731525781614,3881992
2002-03-22,7.824891090393066,8.145228102836308,7.77483843219881,8.145228102836308,3045020
2002-03-25,7.824891090393066,7.968375377216602,7.758154212800725,7.8048700271153635,1953631
2002-03-26,7.811539173126221,7.911644431312006,7.678065495545175,7.821549698944799,2521099
2002-03-27,7.834898471832275,7.938340590509141,7.758151093459116,7.811540574066531,2424804
2002-03-28,7.861590385437012,7.998400880302183,7.761485145291765,7.824885130717088,2130152
2002-04-01,7.9249958992004395,7.99173277251841,7.841574807552977,7.874943244211962,1736874
2002-04-02,8.065140724182129,8.145224946257311,7.904972280031764,7.904972280031764,2324706
2002-04-03,7.701424598693848,7.884950934192105,7.140835845538836,7.541256160440824,8381133
2002-04-04,7.658044338226318,7.858254851834965,7.611328551717635,7.6747285476937055,3052502
2002-04-05,7.467846870422363,7.574625055153733,7.371078432972435,7.4244679157034295,3206698
2002-04-08,7.4845290184021,7.574622964918394,7.347718506657113,7.4678448096527115,1895976
2002-04-09,7.307676792144775,7.474518888462556,7.284318898660286,7.457834678830777,2382360
2002-04-10,7.337707996368408,7.377750097448583,7.210908009614521,7.224255376641246,2515824
2002-04-11,7.200899124145508,7.507887854937773,7.200899124145508,7.341046509840722,1830594
2002-04-12,7.024048328399658,7.257627366332378,6.840521941452522,7.204237871947756,2429833
2002-04-15,7.114140510559082,7.257624724488138,7.044066824686753,7.124151037112272,1826914
2002-04-16,7.434474945068359,7.481190720473641,7.197559226941571,7.197559226941571,3157875
2002-04-17,7.794853687286377,7.841569466791622,7.47451769426644,7.47451769426644,3376227
2002-04-18,7.758151531219482,7.868267341185656,7.694751519420778,7.794856801208208,1702772
2002-04-19,7.7915191650390625,7.811540219357721,7.591308621852478,7.794856007425506,1571394
2002-04-22,7.774833679199219,7.8649284088711475,7.694749475046394,7.8115389394359305,1192223
2002-04-23,7.741464614868164,7.874938277319402,7.641359368029736,7.774833030480974,1764475
2002-04-24,7.424468994140625,7.661384077441768,7.357732131033055,7.658047234286389,2700932
2002-04-25,7.1575188636779785,7.391097797159394,7.084108341726677,7.174203073212365,5158243
2002-04-26,6.673679351806641,7.1575207769057485,6.440100355888826,7.154183934106923,8019014
2002-04-29,6.272584915161133,6.707385703935155,6.245620525159643,6.707385703935155,5470805
2002-04-30,6.437737941741943,6.710752226718153,6.252357871696369,6.286063338977383,5581207
2002-05-01,6.511892795562744,6.596156106022683,6.370329771551937,6.589415009641216,4321026
2002-05-02,6.350105285644531,6.714124421639433,6.329882000311482,6.656825113195791,4810599
2002-05-03,6.4815568923950195,6.535485655380592,6.319770603438303,6.370328818737277,2425662
2002-05-06,6.23887825012207,6.481557714331716,6.2321371538940245,6.481557714331716,2024411
2002-05-07,5.696222305297852,6.188321672030004,5.595105835020631,6.168098772283054,11594578
2002-05-08,5.982715129852295,6.029902788794644,5.487245105265905,5.696219023439162,8528337
2002-05-09,5.898451805114746,6.147872302978,5.847893596088411,5.898451805114746,3591389
2002-05-10,5.558028697967529,5.898453686343662,5.443430054291542,5.898453686343662,6168425
2002-05-13,5.24119758605957,5.443430093824554,4.988406458467817,5.392871868306203,10001472
2002-05-14,5.517581462860107,5.534434202576593,5.291755144967574,5.34231336411703,5958538
2002-05-15,5.227714538574219,5.372648094716747,5.123227556238908,5.349054259995871,7983072
2002-05-16,5.295125484466553,5.406353167908473,5.1265980939358355,5.224343980443652,6350466
2002-05-17,5.153560161590576,5.443426748795369,5.06255541158069,5.359163485686985,6336359
2002-05-20,5.3928728103637695,5.409725555147152,5.173787522488277,5.187269718314983,4681183
2002-05-21,5.3928728103637695,5.6928516675079885,5.3254622255387245,5.578253002980984,5727552
2002-05-22,5.96923303604126,5.96923303604126,5.510839021941578,5.561397228751279,7690628
2002-05-23,5.952383041381836,6.114169377671992,5.810819997127949,5.969235784745393,5105005
2002-05-24,5.871488094329834,6.0568682151636555,5.733296034925684,6.033274381602988,2329490
2002-05-28,5.766999244689941,5.932155620390656,5.52769045549338,5.729923235096108,4653091
2002-05-29,5.214230060577393,5.446797363666935,5.126595855760859,5.325458089767608,7107581
2002-05-30,4.7187604904174805,5.173783885384742,4.617644092800709,5.055814754831841,13225711
2002-05-31,4.786173343658447,4.887289781870255,4.614275398698375,4.786173343658447,7986506
2002-06-03,3.690746545791626,4.465971804435524,3.555924624528903,4.465971804435524,28178852
2002-06-04,3.7783803939819336,3.8255676671121304,3.6738934160823202,3.6941167021274066,14307777
2002-06-05,3.129775047302246,3.603359282870079,3.0302535958858976,3.4317709750025567,29353778
2002-06-06,3.06457257270813,3.2258658237484346,2.8826886682496267,3.06800434827783,21420633
2002-06-07,2.985640287399292,3.002799156930508,2.741984741526999,2.934163879541132,19593229
2002-06-10,2.947892904281616,3.1366406054951046,2.8689622481461545,2.8998482356174526,11651006
2002-06-11,2.5738279819488525,3.002799345729578,2.566964433704825,2.9170051934147336,15130765
2002-06-12,2.549805164337158,2.7248256171888556,2.5051923084633714,2.659621919067635,10155299
2002-06-13,2.6596221923828125,2.745416340097135,2.5909867136229625,2.6287362269408803,9010059
2002-06-14,2.522351026535034,2.6596217610572923,2.491465066102048,2.5841227466655488,7305692
2002-06-17,2.590986490249634,2.608145358460301,2.4365568770891,2.522351218142437,7084151
2002-06-18,2.625304698944092,2.7110990554312067,2.5395103424569774,2.580691633570792,6637144
2002-06-19,2.587555170059204,2.8483698118318945,2.587555170059204,2.738553236774477,10174436
2002-06-20,2.522351026535034,2.68021240134595,2.4193978250917474,2.6218722538614205,5715530
2002-06-21,2.446852445602417,2.5429419165695792,2.40223938374047,2.4296935756555142,5107704
2002-06-24,2.24094820022583,2.4846041694604395,2.137994888970782,2.4468546220002554,10838690
2002-06-25,2.0384721755981445,2.3130139523647637,2.0350404008793674,2.2992868534896562,10555201
2002-06-26,1.9732674360275269,2.120833672663039,1.8359967189624824,1.9114957237527443,12257974
2002-06-27,1.8771787881851196,2.0865168256271,1.8188386234471285,2.0659261792489856,6103656
2002-06-28,2.055631637573242,2.0659269646763936,1.8703159504521154,1.8771795018542161,8625859
2002-07-01,1.942381739616394,2.199764544221613,1.8874735658791748,2.127697503461682,6952159
2002-07-02,1.7124539613723755,1.9355189143535765,1.5957736221204197,1.9114966923019427,9794161
2002-07-03,1.8394293785095215,1.8394293785095215,1.6644090746898388,1.7158856936766658,6370584
2002-07-05,1.8703147172927856,1.9389499853247354,1.839428756347451,1.9080642251148614,2099730
2002-07-08,1.8531562089920044,1.9389503608311114,1.7673618564173978,1.8874739500218471,3789622
2002-07-09,1.7502036094665527,1.8874746224929602,1.7502036094665527,1.8497250939106982,3806305
2002-07-10,1.746771216392517,1.815406698632675,1.719317224231954,1.8016796021846433,4438052
2002-07-11,1.9080638885498047,1.9698355988090475,1.7227483563012262,1.7261801291342633,6604392
2002-07-12,1.9526771306991577,2.1139704865665205,1.9458135836409722,2.045335015984664,8239205
2002-07-15,2.01788067817688,2.0247442247263066,1.7536343367594107,1.952676985957328,6134446
2002-07-16,2.035040855407715,2.110539916083596,1.8909064857620679,2.0521997328340515,7888248
2002-07-17,2.1276984214782715,2.2649692161513535,2.1139713219374086,2.1791748440209613,6299313
2002-07-18,2.1688790321350098,2.3095817708205257,2.1276979434991397,2.162015483906448,5867517
2002-07-19,1.7707933187484741,2.1345609081476447,1.7673615452496998,2.1345609081476447,9036433
2002-07-22,0.6897862553596497,1.2663241064209203,0.6829227537233095,1.2011203641286263,60943204
2002-07-23,0.4083808660507202,0.6897861442481424,0.33974543418002795,0.6897861442481424,64242640
2002-07-24,0.42897146940231323,0.4461302940533622,0.2848370462485651,0.343177145411518,42389230
2002-07-25,0.3019958436489105,0.39465365133011826,0.29170054562429826,0.39465365133011826,33683145
2002-07-26,0.339745432138443,0.5113340233300435,0.2676782002515411,0.30199592852663976,38177012
2002-07-29,0.6829226613044739,0.6829226613044739,0.43240325450365746,0.5044704886795477,34947498
2002-07-30,0.8270571231842041,1.0260999088193226,0.566242426445522,0.682922697398487,49049926
2002-07-31,1.0123727321624756,1.0295316090411255,0.7000814740744079,0.8751018175010632,39943449
2002-08-01,1.4241849184036255,1.4756614321401667,1.0981666635130145,1.3692766303934645,40984544
2002-08-02,1.1668020486831665,1.3727081862966999,1.1153254390039735,1.3727081862966999,20939524
2002-08-05,0.7927387952804565,1.0878709852903294,0.7721482065494544,0.9952132105411672,18384691
2002-08-06,0.8785335421562195,1.0260997744253475,0.8133299141495525,0.8785335421562195,12297228
2002-08-07,0.9059872627258301,0.9780544028381893,0.8270565759010816,0.9506003163563603,7068817
2002-08-08,0.9677596092224121,0.995213811006816,0.8922606546830839,0.9265784069135888,6590285
2002-08-09,0.9677596092224121,0.9711913844454626,0.8819653290139324,0.9437372830288413,4878680
2002-08-12,0.9608957171440125,1.0192357687323899,0.8922602442544668,0.9677591640652307,3946271
2002-08-13,0.8956921100616455,0.9952134556240506,0.8956921100616455,0.974622811638502,4264230
2002-08-14,0.9540319442749023,0.9746224809054124,0.878532941948086,0.9025553517793458,7078876
2002-08-15,0.8991240859031677,0.9574642569589791,0.8991240859031677,0.9540324821909901,5473258
2002-08-16,0.8682380318641663,0.8853969041008066,0.8133297410746768,0.8648062574168381,6925908
2002-08-19,0.9608957171440125,0.9608957171440126,0.8270566453771347,0.8853966969655122,4333783
2002-08-20,0.9677596092224121,1.008940911899018,0.8922606546830839,0.9094195307983364,4812316
2002-08-21,1.2432782649993896,1.2570542148464674,1.0331952312813502,1.0331952312813502,15228656
2002-08-22,1.2983814477920532,1.4292528186167546,1.2570537153960328,1.2777175312315885,18379907
2002-08-23,1.2260586023330688,1.3603740427043793,1.1743987788344987,1.3087142192058092,7154073
2002-08-26,1.2880499362945557,1.291493923582574,1.2053943421070616,1.2846059490065374,5475098
2002-08-27,1.2914941310882568,1.339709960867399,1.246722389875442,1.3362659730260318,6019382
2002-08-28,1.167510986328125,1.2846063931563334,1.1399590784979683,1.2846063931563334,5688297
2002-08-29,1.0848556756973267,1.1675114306438041,1.0400839091596685,1.0641918376857245,5997792
2002-08-30,1.1089626550674438,1.1537344840101207,1.0366390321157433,1.0504149794827207,4007360
2002-09-03,0.9918673038482666,1.0917428316713556,0.9643155070427167,1.0435271117179374,5171614
2002-09-04,1.077966570854187,1.077966570854187,0.9884230305262758,0.9918670167206152,4515947
2002-09-05,1.1124069690704346,1.2053945404204431,1.0056434463019122,1.0676352276852248,5531526
2002-09-06,1.0331952571868896,1.1675106708386709,1.0331952571868896,1.1468467455499427,3937929
2002-09-09,1.0745233297348022,1.0882992840644126,0.9712037729877069,0.9987556816469275,4393032
2002-09-10,1.019419550895691,1.0745232641245233,1.019419550895691,1.0745232641245233,3040726
2002-09-11,1.0297516584396362,1.057303569227316,1.0194196918942564,1.0194196918942564,2535819
2002-09-12,0.9884233474731445,1.0331951823560492,0.9643155371072941,1.0194192331613092,3507851
2002-09-13,0.9643158912658691,0.9815357333585789,0.9402079713211016,0.9643158912658691,3675662
2002-09-16,0.8954360485076904,1.033195479326171,0.8851040836419314,0.9677598025680038,4668670
2002-09-17,0.8300001621246338,0.9574275958942752,0.8231121872870883,0.9470956336379571,6858072
2002-09-18,0.7817843556404114,0.8093362034656925,0.7404565083587821,0.7748963810934731,9240432
2002-09-19,0.7921159863471985,0.8575517213506019,0.7542321901287347,0.7714521203927882,5802993
2002-09-20,0.8058920502662659,0.8368879293457139,0.7748962215492793,0.7921161040087333,4858317
2002-09-23,0.6853529810905457,0.7921164617110732,0.6474691117748108,0.7748965714754961,8717493
2002-09-24,0.6061412692070007,0.6819089530391165,0.5785894162259921,0.6819089530391165,8327282
2002-09-25,0.7129043340682983,0.7404561692765773,0.6474686562002686,0.6474686562002686,5298209
2002-09-26,0.7611203193664551,0.8644398719184822,0.7301244888545719,0.7301244888545719,4957556
2002-09-27,0.7094605565071106,0.7680082801586626,0.6887966362668698,0.761120306745249,2855618
2002-09-30,0.7783401012420654,0.7990039674286078,0.6543567026729931,0.6887965132255334,5940996
2002-10-01,0.7886723279953003,0.8196681630079001,0.7301245948715257,0.7852283407314035,3088445
2002-10-02,0.737012505531311,0.8058921441153346,0.7301245316004152,0.764564350892427,3557409
2002-10-03,0.7335686087608337,0.7748964070651468,0.7060167096496426,0.7370125961497326,2356232
2002-10-04,0.6578007936477661,0.7439003589385189,0.654356807007139,0.7266804760978459,4669897
2002-10-07,0.6199169754981995,0.6853526696752213,0.6164729889434898,0.6543567906828346,4217738
2002-10-08,0.5751453638076782,0.6681329264387903,0.5338175637896813,0.6371370386534358,5822866
2002-10-09,0.5097097754478455,0.5751455041555046,0.5028217987036194,0.5751455041555046,6434495
2002-10-10,0.5303735733032227,0.5751453606034985,0.513153635740626,0.5165976232531454,5795756
2002-10-11,0.5958089828491211,0.6302488433808303,0.5854770750520623,0.6199168852213175,4940751
2002-10-14,0.6440249681472778,0.6646888918753874,0.578589310399875,0.6026971710535308,3129539
2002-10-15,0.6371370553970337,0.7060167574787982,0.6026972295373899,0.6646889563747302,4605864
2002-10-16,0.6061412692070007,0.6646890134494353,0.5889213296173196,0.6405810980238817,3175908
2002-10-17,0.5338175296783447,0.678464845679501,0.5303735423667121,0.6715768710562356,4879293
2002-10-18,0.551037609577179,0.582033506277686,0.5372616554880647,0.551037609577179,3793057
2002-10-21,0.5544813275337219,0.5682572749006994,0.5338174568457212,0.5338174568457212,3787046
2002-10-22,0.547593355178833,0.5579253157291341,0.5269294844406966,0.547593355178833,3700442
2002-10-23,0.5028217434883118,0.547593537046862,0.4511619739419104,0.547593537046862,5730005
2002-10-24,0.5062656998634338,0.5303736143152541,0.49248974874810797,0.5131536754210968,3230496
2002-10-25,0.48215794563293457,0.48904587239752034,0.4477180599975524,0.48904587239752034,5483808
2002-10-28,0.4649379253387451,0.5097097188415526,0.4580499493594698,0.4890457909037266,4111874
2002-10-29,0.5372616648674011,0.5441496420322063,0.464938005361929,0.46838199394433155,5353533
2002-10-30,0.5200415253639221,0.5579253314178426,0.48560165589447885,0.5475933705770096,6609298
2002-10-31,0.647469162940979,0.647469162940979,0.5028218015739773,0.5200417435328423,7827036
2002-11-01,0.7163485884666443,0.7576763819623223,0.6199170535225731,0.6543568730418935,8052502
2002-11-04,0.7611203193664551,0.8575518983908493,0.7404563987835567,0.7576763326026387,8281035
2002-11-05,0.8196682333946228,0.8541081089910194,0.757676507683585,0.7611204952432247,5196026
2002-11-06,0.9470955729484558,0.9505395601465392,0.8368880833347292,0.8437760073684252,10224975
2002-11-07,1.053858995437622,1.067634943185164,0.8782157623813958,0.9470955011191056,11509936
2002-11-08,0.8988795876502991,1.0607468556081594,0.8093360376145333,0.9918671242537835,11643891
2002-11-11,0.8954360485076904,0.8954360485076904,0.6991289175082153,0.7404567266087648,10846295
2002-11-12,0.9367639422416687,1.022863551881256,0.9126560233395906,0.9884236677354303,12080839
2002-11-13,0.8368881940841675,0.9574276612437114,0.7921163545842107,0.9367637353206545,9256869
2002-11-14,0.9608712792396545,0.9815350964881556,0.7232364239951891,0.8162239541506503,10033243
2002-11-15,0.8678839802742004,0.9470956961328203,0.8300002168928585,0.9023238567344699,10498405
2002-11-18,0.8851041197776794,0.9229879924987971,0.8403323709231542,0.8747721544901019,4735280
2002-11-19,0.8816600441932678,0.9126559369919467,0.8609962163857828,0.88510403228201,4025147
2002-11-20,0.8816600441932678,0.88510403228201,0.8609962163857828,0.8678840918382995,3090530
2002-11-21,0.9229876399040222,0.9884232943363258,0.8782158074280142,0.8885477687686315,6511654
2002-11-22,1.009087085723877,1.009087085723877,0.8575518738944865,0.9229875198128697,8741781
2002-11-25,0.967759370803833,1.0676348858885754,0.9574274105476602,0.9987551508474232,9271712
2002-11-26,0.9780910611152649,1.0159749088336034,0.9677592033715381,0.9746470749590523,6290604
2002-11-27,0.8885474801063538,0.9918669592222045,0.8747715361275861,0.9780910152434368,6438911
2002-11-29,0.9264314770698547,0.9539833695187516,0.8885476249526214,0.8885476249526214,2804956
2002-12-02,0.8954360485076904,0.9643158142794175,0.8541082897696276,0.9643158142794175,4851202
2002-12-03,0.8713280558586121,0.8954359718138811,0.8437762022722156,0.8713280558586121,3563543
2002-12-04,0.8300001621246338,0.8609960488935879,0.7921163005181342,0.8437760614372506,4875123
2002-12-05,0.8196682333946228,0.8541081089910194,0.7921163329175056,0.8300001960735418,4105496
2002-12-06,0.8162238597869873,0.8403317613021922,0.7783400649112604,0.7886720227034911,2739696
2002-12-09,0.7680084109306335,0.8162241826719642,0.7542324617581185,0.7852283473962774,3847277
2002-12-10,0.7921159863471985,0.8162238887168733,0.7404562459174918,0.7714521203927882,3863592
2002-12-11,0.7609845399856567,0.792115756751518,0.7609845399856567,0.7886567326664223,2156526
2002-12-12,0.8094112277030945,0.8197883051008028,0.7506078396984653,0.7575258912969375,3699706
2002-12-13,0.9754441380500793,0.978903163403617,0.8336243008845448,0.8336243008845448,9608317
2002-12-16,0.9235591888427734,1.0204118321765778,0.909723082485831,0.9789035131057505,7369603
2002-12-17,0.8682149648666382,0.9270183225111813,0.8682149648666382,0.920100268533611,3312807
2002-12-18,0.8370835185050964,0.885509783412741,0.8128703354688842,0.8370835185050964,4055201
2002-12-19,0.8128705024719238,0.8647559053521575,0.8128705024719238,0.8301656367653351,3522203
2002-12-20,0.7782801985740662,0.8440016510534036,0.7609850661893998,0.8128704127610042,6656894
2002-12-23,0.7886571884155273,0.79903421608513,0.7609849797435497,0.7609849797435497,4338935
2002-12-24,0.7782801985740662,0.7921163044817993,0.7609850661893998,0.7817392250509995,2392787
2002-12-26,0.7748212218284607,0.7851983019253057,0.7609851150326673,0.7782802485274091,4611138
2002-12-27,0.7609845399856567,0.795574730254254,0.747148443645274,0.795574730254254,4213322
2002-12-30,0.7851982116699219,0.7851982116699219,0.7540669749577975,0.7609850275604918,5869112
2002-12-31,0.9339364171028137,0.9477725256596448,0.7782803475856781,0.7817393747248859,11118008
2003-01-02,0.9754441380500793,1.0377065944137587,0.9339359349723828,0.9581491124471471,10862488
2003-01-03,0.9477724432945251,0.9754445568385639,0.9062641212312672,0.9754445568385639,4369725
2003-01-06,0.9373952746391296,0.9754444651213676,0.9235591685856649,0.9477723541792283,3375368
2003-01-07,1.0307891368865967,1.0307891368865967,0.961608691169885,0.9789037267254519,9427748
2003-01-08,1.0861331224441528,1.148395594528935,1.0307888039780173,1.0342478302049498,14393032
2003-01-09,1.106887698173523,1.1587731111885173,1.0550023863233489,1.0965106155705242,8549436
2003-01-10,1.1656904220581055,1.1933625235015497,1.089591864885556,1.089591864885556,11946394
2003-01-13,1.1103464365005493,1.2071990810702473,1.1034283832337999,1.1899039479033737,4509936
2003-01-14,1.1691497564315796,1.172608782671947,1.1103463103453335,1.1103463103453335,4203508
2003-01-15,1.2037397623062134,1.2071987881001314,1.1414773991804597,1.1414773991804597,4999755
2003-01-16,1.3351831436157227,1.3455602249014083,1.2071992422570739,1.2106582693523025,12828999
2003-01-17,1.4112812280654907,1.4389534367786747,1.3144285987341249,1.3386417813581608,16106845
2003-01-21,1.2244938611984253,1.4043629919455378,1.1068870907361548,1.4009039663094487,9673700
2003-01-22,1.0965102910995483,1.2037400117684474,1.08959223807802,1.1829858527038624,8112242
2003-01-23,1.259084939956665,1.3040522014323568,1.1103468416182285,1.1103468416182285,11426521
2003-01-24,1.1760673522949219,1.2729199482566456,1.1760673522949219,1.262542873564524,5973626
2003-01-27,1.1968214511871338,1.30405112638102,1.17606740208892,1.2106575513624414,8049190
2003-01-28,1.2141172885894775,1.269461721754932,1.1587729565888298,1.2106582615166366,4931305
2003-01-29,1.1795271635055542,1.2106584110051157,1.162232127170617,1.1795271635055542,4208292
2003-01-30,1.2071987390518188,1.2210348416653318,1.179526533824793,1.2037397133984407,4917076
2003-01-31,1.1207231283187866,1.2106576884793658,1.0722968733852867,1.0722968733852867,9016928
2003-02-03,1.0411657094955444,1.1276412496217425,0.9581491950209851,1.1138051470151884,13756256
2003-02-04,1.1241828203201294,1.1587730951857644,1.0204120968880435,1.0411662618074244,6033734
2003-02-05,1.072297215461731,1.141477645078207,1.0480840296882874,1.131100565461017,5010918
2003-02-06,1.037706971168518,1.0999693489727118,1.0031167050746364,1.0757561627069947,6637267
2003-02-07,1.0100349187850952,1.0377071360572374,0.9892807558309886,1.0377071360572374,6544529
2003-02-10,1.0031166076660156,1.0100346602130077,0.9512313147283585,0.9927395288455275,4693940
2003-02-11,1.048084020614624,1.0653791531602104,0.9858215434505135,1.0238708350508032,4351079
2003-02-12,0.9685268402099609,1.0653795141144746,0.9546907294857698,0.992739932812471,3962831
2003-02-13,0.8993462324142456,0.9581496994498586,0.88205109505083,0.9477726170318093,4774779
2003-02-14,0.8993462324142456,0.9443135895591261,0.868215086324916,0.9443135895591261,4050049
2003-02-18,1.0307891368865967,1.0307891368865967,0.9235593903850454,0.951231609137656,3989573
2003-02-19,1.0031166076660156,1.096510215885625,0.9927395288455275,1.030788817853984,4884323
2003-02-20,1.2694611549377441,1.29713325800001,1.0792148520416922,1.158772439194396,21570167
2003-02-21,1.2383307218551636,1.3490195088094952,1.2210355830865451,1.2971340925036399,9149657
2003-02-24,1.2244938611984253,1.2417889893788716,1.1760676034579403,1.1760676034579403,6263248
2003-02-25,1.3075107336044312,1.3386419728603056,1.23141224992153,1.23141224992153,8840162
2003-02-26,1.2867560386657715,1.331723365546142,1.2660019889626586,1.3144282398229226,3642910
2003-02-27,1.3317242860794067,1.355937478828899,1.286756928116064,1.3040520657942727,4856968
2003-02-28,1.3178871870040894,1.3697725611043163,1.3075101121840438,1.3490184114642254,4818572
2003-03-03,1.3386421203613281,1.3559372551869582,1.3144289316054458,1.3317240664310759,4058513
2003-03-04,1.3075107336044312,1.3421009994442918,1.2625434891774048,1.3248058665243614,4169774
2003-03-05,1.349019169807434,1.3697733311143547,1.2763797063980127,1.3075108471935926,4529318
2003-03-06,1.466625690460205,1.4700847166554105,1.3213466914263543,1.3490189009879985,10134814
2003-03-07,1.4770032167434692,1.480462243987148,1.4009046173825364,1.4527900260377178,5954367
2003-03-10,1.3836091756820679,1.5185111072362176,1.3663141444469933,1.4770028906413335,6840407
2003-03-11,1.2798385620117188,1.4147405019523513,1.2556254763114376,1.3939863417822853,6319921
2003-03-12,1.2763701677322388,1.3388012753421852,1.2451545632077918,1.2729017672295224,4919529
2003-03-13,1.404700517654419,1.404700517654419,1.3041170235472164,1.3179906229328897,4471663
2003-03-14,1.3873587846755981,1.4185743892840676,1.3526748809940243,1.3769536845783896,3899779
2003-03-17,1.4428527355194092,1.4428527355194092,1.3526744522293106,1.3873583449169387,4779563
2003-03-18,1.4601954221725464,1.4810058284763665,1.4185746095649063,1.4567270211219099,4434372
2003-03-19,1.4393854141235352,1.4775378362367007,1.4047013940206576,1.4671326302058372,3036923
2003-03-20,1.404700517654419,1.4185741170400923,1.3179906229328897,1.342269421857818,6467370
2003-03-21,1.4948793649673462,1.5226265739984708,1.4393850483440631,1.4428534494729537,6658734
2003-03-24,1.4914109706878662,1.5434369878601581,1.3492067266282017,1.4047010435063465,4945780
2003-03-25,1.6440198421478271,1.6509566415789267,1.491410356102559,1.491410356102559,7537414
2003-03-26,1.522626519203186,1.6648308589311769,1.508752915186898,1.6440204529067448,11479882
2003-03-27,1.6301469802856445,1.6301469802856445,1.4601955202653953,1.4740691253999414,7385059
2003-03-28,1.6301469802856445,1.678704598256556,1.5989313687329156,1.5989313687329156,5128435
2003-03-31,1.5885260105133057,1.6232099163253912,1.5711840068877858,1.6128047141500792,3087463
2003-04-01,1.7341994047164917,1.7515412121159093,1.6058685286637033,1.6058685286637033,9237856
2003-04-02,1.6891095638275146,1.8209085911350866,1.682172762238805,1.8174401903407318,9729269
2003-04-03,1.6891095638275146,1.7341987741541278,1.6648307582670308,1.699514664771623,3486506
2003-04-04,1.6995152235031128,1.7480727491488643,1.6474892959227372,1.734199344288346,3878189
2003-04-07,1.7654138803482056,1.7862242816006508,1.7237932807211933,1.7688822805569464,7043057
2003-04-08,1.7064515352249146,1.7619457439973534,1.6821727301278875,1.7550089425410598,5634078
2003-04-09,1.7931610345840454,1.8139714352859977,1.7168564348880928,1.7446036358240293,6098994
2003-04-10,1.838249683380127,1.838249683380127,1.7584765046755044,1.8000972935648727,5609666
2003-04-11,1.8729338645935059,1.9249598559961167,1.8486550686056207,1.859060266886143,6914009
2003-04-14,1.8729338645935059,1.9249598559961167,1.84518666917878,1.921491456569276,6156403
2003-04-15,1.8694666624069214,1.8902770722953286,1.8486562525185142,1.8868086706472609,2964058
2003-04-16,1.768882393836975,1.8798712076244573,1.702982988528549,1.8590608050393045,7095069
2003-04-17,2.046354293823242,2.0810382992910763,1.8070348589730836,1.8070348589730836,17170510
2003-04-21,2.2856736183166504,2.289142018695973,2.063696196917909,2.0983802007111323,15604882
2003-04-22,2.379321336746216,2.5458046326959773,2.2093698416754837,2.2371170576671107,23162782
2003-04-23,2.2752676010131836,2.4209401618123567,2.223241613985688,2.4035981661365247,12774043
2003-04-24,2.3446364402770996,2.3931938430309767,2.2613948306226423,2.2752684322317185,6494971
2003-04-25,2.334230899810791,2.39666189509996,2.306483700625445,2.3931934952017917,4257974
2003-04-28,2.414003372192383,2.4278769687827633,2.3619773849784567,2.3689141832736467,5979269
2003-04-29,2.414003372192383,2.5145869474726403,2.3758509815688367,2.4278769687827633,8534470
2003-04-30,2.4105350971221924,2.455624288361803,2.396661499817697,2.427877093752812,10262880
2003-05-01,2.355041980743408,2.424409795903796,2.21977434556871,2.4174729940999655,7514843
2003-05-02,2.44868803024292,2.4590932305181776,2.375851628316114,2.375851628316114,7421124
2003-05-05,2.4348151683807373,2.4937779878245703,2.4278783660932275,2.4764359821057957,5332924
2003-05-06,2.379321336746216,2.472968190717957,2.3654477287504023,2.44522097472633,5454858
2003-05-07,2.403599262237549,2.403599262237549,2.2960790428933127,2.3411682522122765,5927748
2003-05-08,2.334230899810791,2.3931934952017917,2.2891417011346036,2.3931934952017917,6232458
2003-05-09,2.351574182510376,2.351574182510376,2.2752693431125923,2.323826968183909,4928974
2003-05-12,2.427877426147461,2.4764350233610952,2.355041233204864,2.3585096330058377,7381011
2003-05-13,2.455624580383301,2.459092980121885,2.3203571934563736,2.3238255931949574,9377699
2003-05-14,2.7608447074890137,2.76778150986314,2.4972464201501587,2.514588426085474,18183881
2003-05-15,2.8406171798706055,2.8822379860268126,2.774717570123277,2.774717570123277,11897080
2003-05-16,2.8787708282470703,2.8787708282470703,2.746971754734119,2.8614288181956313,6441241
2003-05-19,2.726161479949951,2.823276538250314,2.7157562733951273,2.809402929510549,5251472
2003-05-20,2.5874245166778564,2.726160557111684,2.4625622831653367,2.726160557111684,18835132
2003-05-21,2.5596768856048584,2.6117026851688396,2.490308882349049,2.5874238840293065,14229760
2003-05-22,2.670665740966797,2.691476143915208,2.566613726224741,2.5770189276989464,12848135
2003-05-23,2.740034341812134,2.7573763480097626,2.656792712063516,2.670666317021619,7256501
2003-05-27,2.833679676055908,2.844084875014338,2.708817491432595,2.7400330883078845,8760059
2003-05-28,2.8024649620056152,2.875301377659357,2.798996561260199,2.8440857709506107,16244848
2003-05-29,2.757375955581665,2.847554172097286,2.7157551466308045,2.7747177564332803,6313175
2003-05-30,2.7435028553009033,2.802465475907333,2.7261608483937336,2.7296292497751677,4314279
2003-06-02,2.7885916233062744,2.8961120566041796,2.75737621651707,2.8961120566041796,7992763
2003-06-03,2.7608447074890137,2.7920601152946456,2.7088186896830684,2.7851233129205193,4053852
2003-06-04,2.9758858680725098,2.9758858680725098,2.753908358438473,2.757376760196473,9901987
2003-06-05,3.0348470211029053,3.0521890214701677,2.906516421263032,2.9550740222913676,7101079
2003-06-06,3.027911901473999,3.1354323634258385,2.9862910774926417,3.1111535494367133,8219455
2003-06-09,2.979353904724121,3.0695323455218286,2.8787704620969436,3.0695323455218286,5894382
2003-06-10,2.9169211387634277,3.0521885163648688,2.864895146271398,2.9897573253744327,6620339
2003-06-11,3.045405387878418,3.045405387878418,2.9238670559768107,2.9585923516971038,4221173
2003-06-12,3.0349884033203125,3.0731862362164617,2.9933180401608777,3.066241175689889,3735402
2003-06-13,2.9238674640655518,3.0384607528170644,2.833581682591463,3.0349882227603686,5162169
2003-06-16,2.9516470432281494,2.9863721328958044,2.8544162234243924,2.8995591040475652,4127453
2003-06-17,2.892613172531128,2.9759538500687572,2.8821955878389245,2.9516461524536157,3397571
2003-06-18,2.9551215171813965,2.9551215171813965,2.8127477230626536,2.8891434174678325,6425294
2003-06-19,2.9447014331817627,2.982899044974406,2.913448675526485,2.965536604951948,3837463
2003-06-20,2.8648345470428467,2.9655379219891986,2.8648345470428467,2.9447027409658157,4057900
2003-06-23,2.6182847023010254,2.830108806759938,2.5696692874469815,2.8127461585977795,10449460
2003-06-24,2.6391193866729736,2.6877347924376442,2.569668807009159,2.6148116837906388,4062193
2003-06-25,2.708571195602417,2.7710767456675462,2.63912058441894,2.63912058441894,3647694
2003-06-26,2.7432963848114014,2.7849665466341795,2.691208428633595,2.691208428633595,3917934
2003-06-27,2.7328786849975586,2.8092741479036545,2.7328786849975586,2.753713866640892,2731722
2003-06-30,2.7432963848114014,2.767604097694378,2.7224612023402788,2.729406263163986,3907753
2003-07-01,2.6356468200683594,2.708569927674455,2.621756704333865,2.6842622251390895,4965530
2003-07-02,2.6912078857421875,2.725933182855668,2.6217572915152267,2.6217572915152267,3317223
2003-07-03,2.6391193866729736,2.6877347924376442,2.6043940968410664,2.6703721475216904,1903705
2003-07-07,2.715515613555908,2.7398233217128896,2.649537548558388,2.649537548558388,2822130
2003-07-08,2.7050981521606445,2.743295981069305,2.656482733549622,2.656482733549622,3874632
2003-07-09,2.6912078857421875,2.718988123432972,2.6773177668967953,2.6773177668967953,4194921
2003-07-10,2.6807894706726074,2.6842619993140895,2.5870311973525855,2.673844413389643,5326178
2003-07-11,2.7050981521606445,2.729405861466156,2.687735502656708,2.6946805624582826,3542198
2003-07-14,2.6877355575561523,2.753713627018774,2.6842630275844357,2.7294059172167553,3203508
2003-07-15,2.625229835510254,2.715515608496541,2.600922127398561,2.680790311194123,3648430
2003-07-16,2.402987241744995,2.6217563302270372,2.3613171036069387,2.61828380178892,9875613
2003-07-17,2.3543736934661865,2.423824107685354,2.2328351131235293,2.326593446530722,8090898
2003-07-18,2.3752071857452393,2.4238225873892256,2.340482101976044,2.3786797144340954,3665236
2003-07-21,2.396042823791504,2.4272955880683433,2.361317733269977,2.3717351182428508,3737242
2003-07-22,2.5245261192321777,2.5314711771597285,2.396042547572485,2.396042547572485,5315873
2003-07-23,2.427295684814453,2.5384166288944496,2.399515448794454,2.5384166288944496,4027355
2003-07-24,2.378680467605591,2.444658533584768,2.3509004324179994,2.430768414431257,3798086
2003-07-25,2.413404703140259,2.4307673444393405,2.3439543410632733,2.3786794205420954,3620584
2003-07-28,2.368262767791748,2.434240830693905,2.368262767791748,2.430768301067476,3155422
2003-07-29,2.3752071857452393,2.413405001322657,2.3439546306649,2.3752071857452393,2771712
2003-07-30,2.2779762744903564,2.409932143527294,2.2571411052025234,2.4029870870980163,3947988
2003-07-31,2.2050540447235107,2.2745046361892465,2.187691396857077,2.2571419883228128,6866781
2003-08-01,2.2675607204437256,2.3265937529565797,2.198110093958015,2.2050551566065857,5169774
2003-08-04,2.1529667377471924,2.2745050941647693,2.100878783659891,2.2571424428023357,6199828
2003-08-05,2.191164493560791,2.2779777553624934,2.1217140872388995,2.1425492700713082,4336482
2003-08-06,2.3335368633270264,2.337009391746133,2.2015807834009613,2.253668709687566,6707188
2003-08-07,2.437713623046875,2.448131213048927,2.3474280461485333,2.3613181661512694,6057164
2003-08-08,2.6391193866729736,2.7085699663367886,2.6043940968410664,2.680789734471263,10266070
2003-08-11,2.7294068336486816,2.7432969581993296,2.6391210240694707,2.67384633544609,5343842
2003-08-12,2.8995590209960938,2.8995590209960938,2.7294052943325986,2.833580966590483,14949951
2003-08-13,2.8752503395080566,2.8995580355011126,2.812744835525913,2.8821953955060726,5494848
2003-08-14,2.8648345470428467,2.8995598487484853,2.8439993660194633,2.878724667725102,5880397
2003-08-15,2.8092734813690186,2.861361423118847,2.7814932457691097,2.861361423118847,3276006
2003-08-18,2.8474724292755127,2.861362552558188,2.7919119361448126,2.8058020594274877,3609176
2003-08-19,2.8752503395080566,2.913448147497145,2.8370525315189687,2.8509426435150007,3658857
2003-08-20,2.9586944580078125,2.9899848254371406,2.878729665977556,2.8822063960658277,3121443
2003-08-21,2.9656472206115723,3.0282281441152064,2.948263574259154,2.9865073928694024,3082188
2003-08-22,2.9586944580078125,3.031705586496405,2.9378340774781804,3.024752126319861,3829735
2003-08-25,3.0038907527923584,3.017797668548229,2.95869347995083,2.9899838370364873,2253435
2003-08-26,3.035181760787964,3.038658490239584,2.993461007368525,3.017798113529864,3009691
2003-08-27,3.122098684310913,3.1290521402903915,3.035180484567431,3.0386572125571703,4639352
2003-08-28,3.1603434085845947,3.163820137362439,3.08733210424987,3.1290528495839984,4197620
2003-08-29,3.1742496490478516,3.1812031051256673,3.097761632191879,3.16034273689222,3452404
2003-09-02,3.1985878944396973,3.215971541984703,3.12905350762476,3.174250991241775,4104637
2003-09-03,3.1951093673706055,3.1985860949236087,3.1812026605235633,3.1985860949236087,3917444
2003-09-04,3.1672966480255127,3.191633544429426,3.132529362641309,3.1777268336407736,4384200
2003-09-05,3.108191728591919,3.146435735940616,2.951739174621334,2.955215902562125,5768400
2003-09-08,3.1533899307250977,3.163820116991473,3.097762270637764,3.129052829436889,3881379
2003-09-09,3.108191728591919,3.212493363450644,3.076901177124803,3.2090166355098533,4610893
2003-09-10,3.0873327255249023,3.146437126642042,3.0525654307501147,3.1221000202996905,3257851
2003-09-11,3.0525641441345215,3.142959072448698,3.0421339600982704,3.1186219763641123,4894136
2003-09-12,3.0595157146453857,3.073422618123197,2.972597771273938,3.010841552473046,5416462
2003-09-15,3.014319658279419,3.0560403878123448,3.00041274843511,3.0490869328901904,3913763
2003-09-16,3.0525641441345215,3.0664710561828565,3.0177968640136847,3.0317037760620194,2882851
2003-09-17,3.108191728591919,3.118621912414291,3.0317037138945246,3.0386571697761062,4588935
2003-09-18,3.17077374458313,3.1985873727536815,3.104715894686069,3.11166935256997,6025761
2003-09-19,3.22640061378479,3.22640061378479,3.1533895227315667,3.170773164259719,5691241
2003-09-22,3.268122673034668,3.3028899701290957,3.153390795988153,3.2264019165213544,6374755
2003-09-23,3.271599292755127,3.288982940717914,3.229878537644437,3.2681225631625694,3204367
2003-09-24,3.215970754623413,3.3272260716729782,3.19511038267662,3.2681216844903966,4953018
2003-09-25,3.122098684310913,3.2264003206380942,3.0942848603929987,3.215970136668876,3249755
2003-09-26,3.0769007205963135,3.1394818142452103,3.05951708347162,3.104714539995823,2546001
2003-09-29,3.118622064590454,3.129052248921777,3.0177969493876673,3.073424599154722,868989
2003-09-30,3.275074005126953,3.30288782473601,3.129051655544372,3.1881560222136174,9938543
2003-10-01,3.4037139415740967,3.4176210597451813,3.27507518298321,3.302889012595302,10086605
2003-10-02,3.375900983810425,3.4593424891694777,3.3550406074706616,3.4176217364899513,5555079
2003-10-03,3.428051233291626,3.4489116054242763,3.4141443185365254,3.441958148046726,4787659
2003-10-06,3.41414475440979,3.4558655040014497,3.3932843796139602,3.4558655040014497,3629907
2003-10-07,3.466295003890991,3.469771732334052,3.3863302497005985,3.4141440772450826,7113101
2003-10-08,3.441957712173462,3.5114918704134106,3.4280507991794673,3.47324826640995,6303361
2003-10-09,3.4767255783081055,3.490632493636701,3.448911747650915,3.466295391811659,3603901
2003-10-10,3.581026077270508,3.5949329888737713,3.480201374876831,3.480201374876831,4827527
2003-10-13,3.6922824382781982,3.7305264562512113,3.6018874867056208,3.6088409445188963,5814156
2003-10-14,3.626223087310791,3.7200947289145927,3.5601652654414493,3.7200947289145927,4899902
2003-10-15,3.5045390129089355,3.6575150819894025,3.4489117581552238,3.636654708932975,5071516
2003-10-16,3.563643217086792,3.563643217086792,3.476725407288634,3.476725407288634,3970437
2003-10-17,3.452388048171997,3.563642950268133,3.4315276777670887,3.563642950268133,3745707
2003-10-20,3.4941086769104004,3.4941086769104004,3.4245741111243184,3.448911209149447,3586973
2003-10-21,3.5462582111358643,3.5601651204366687,3.4767240713617587,3.4767240713617587,2782753
2003-10-22,3.4767255783081055,3.560166663549585,3.4315281034901703,3.511492459899501,2691119
2003-10-23,3.4732491970062256,3.497586301266417,3.393284425865597,3.4245749884858427,3602061
2003-10-24,3.462817907333374,3.497585188068047,3.4210971704517665,3.462817907333374,2039745
2003-10-27,3.4767255783081055,3.5462597482209897,3.4767255783081055,3.49410922246885,2904686
2003-10-28,3.490633010864258,3.5045395215233697,3.441958800001831,3.494109740211574,2178729
2003-10-29,3.490633010864258,3.5010627921760538,3.445435529349147,3.4767260934749933,1792321
2003-10-30,3.4941086769104004,3.521922096494804,3.466294850595968,3.511491911626892,2202036
2003-10-31,3.5462582111358643,3.5497349384610652,3.4662938893861557,3.50106075590825,3186825
2003-11-03,3.6088407039642334,3.633177804688457,3.563643231190675,3.563643231190675,3893278
2003-11-04,3.5393059253692627,3.615793951784463,3.5323524684224266,3.5914568524705355,2902601
2003-11-05,3.553213357925415,3.5740737318109126,3.4906326429990324,3.553213357925415,3795633
2003-11-06,3.424575090408325,3.6227482528377952,3.4071912406257425,3.6227482528377952,4977674
2003-11-07,3.2020645141601562,3.4071913447929965,3.056042083153835,3.4071913447929965,12356109
2003-11-10,3.1638200283050537,3.38980718771006,3.1394829276990492,3.1846804002530575,4746443
2003-11-11,3.1638200283050537,3.1951103828620235,3.132529470383048,3.1394829276990492,2379171
2003-11-12,3.191633462905884,3.191633462905884,3.1429594679763024,3.146436196425917,1903582
2003-11-13,3.1672966480255127,3.1846802907176146,3.1255759055644683,3.1742501051023533,2726816
2003-11-14,3.156867265701294,3.1812043716630147,3.142960348008882,3.167297453970603,2902233
2003-11-17,3.184680223464966,3.188156951929966,3.083855097979955,3.156866395744963,5027233
2003-11-18,3.1638200283050537,3.191633654204023,3.1464363850150505,3.181203671595057,2730250
2003-11-19,3.1151459217071533,3.167296853161106,3.094285549125572,3.1360062942887343,3291217
2003-11-20,3.108191728591919,3.163819375644569,3.0664709933024312,3.0942848168287562,2403459
2003-11-21,3.1603434085845947,3.163820137362439,3.0629950028049615,3.1081924769169342,3139107
2003-11-24,3.1672966480255127,3.191633544429426,3.153389733871831,3.153389733871831,3654195
2003-11-25,3.233353853225708,3.25421422165839,3.1533893109320945,3.160342767076322,2850098
2003-11-26,3.2611680030822754,3.268121459920063,3.202063619961076,3.250737817825593,1460868
2003-11-28,3.2611680030822754,3.285505102014534,3.215970533636652,3.2611680030822754,865554
2003-12-01,3.3932840824127197,3.396760607875802,3.2785520310844776,3.2855054887407347,3476447
2003-12-02,3.424575090408325,3.4384820075423335,3.337656858320775,3.393284526856807,3581820
2003-12-03,3.382854461669922,3.4523890498613135,3.3759010028507825,3.4350054028134656,3355373
2003-12-04,3.4558656215667725,3.466295809319513,3.3550404732902845,3.3724241195448514,3357826
2003-12-05,3.3793764114379883,3.4767247968575195,3.3654694992351986,3.455864428553334,2483072
2003-12-08,3.4071905612945557,3.4071905612945557,3.3237492784922384,3.344609650034076,2234176
2003-12-09,3.3689463138580322,3.438480876658819,3.3515626731578356,3.4210972359586225,1582311
2003-12-10,3.3097808361053467,3.37590691157625,3.302820196582094,3.37590691157625,1623773
2003-12-11,3.4037492275238037,3.407229547245992,3.278457921100108,3.278457921100108,2070658
2003-12-12,3.452474594116211,3.4837974778479293,3.4037499047361863,3.4176713899698576,3088935
2003-12-15,3.3759067058563232,3.4733556532435523,3.3689460667572355,3.4733556532435523,2588567
2003-12-16,3.4281129837036133,3.442034267930644,3.3585065625684605,3.400270211674385,2725221
2003-12-17,3.448993444442749,3.469875361909817,3.4002687667778435,3.4281115269756812,2341511
2003-12-18,3.4768362045288086,3.50815867541223,3.410709925104992,3.4385526869321787,4061703
2003-12-19,3.431591749191284,3.490757180335982,3.3933082349211854,3.4803162218986823,3271467
2003-12-22,3.44551420211792,3.44551420211792,3.3828684301302796,3.4176716367900797,3164622
2003-12-23,3.4559550285339355,3.473356631181147,3.4176715027100713,3.4559550285339355,1905299
2003-12-24,3.4420325756073,3.4629144916809604,3.4211506595336396,3.4559538529897402,982336
2003-12-26,3.4559550285339355,3.4698763106517045,3.428112464298398,3.445514066945609,1016438
2003-12-29,3.4803173542022705,3.5081595119432247,3.3933093389171574,3.445514148088225,3130520
2003-12-30,3.435072660446167,3.483797141547556,3.4176710600528137,3.480316821468885,2712586
2003-12-31,3.4176714420318604,3.4559549671760292,3.3933091987582986,3.448994326240726,2605373
2004-01-02,3.4246320724487305,3.4489943156474663,3.3933091883360706,3.417671431534806,3304956
2004-01-05,3.6438918113708496,3.647372131787013,3.4315926731351354,3.448994275215953,11918057
2004-01-06,3.6752138137817383,3.6960957312711313,3.5882058242426,3.6508515767107794,7171737
2004-01-07,3.692614793777466,3.7030557507750013,3.6125674567963624,3.6647722417840387,3954980
2004-01-08,3.765702247619629,3.7831038461037845,3.6299697794432175,3.6891352142893457,7231109
2004-01-09,3.7796247005462646,3.817908229104173,3.6926166810964722,3.7343805304323725,4632115
2004-01-12,3.82138729095459,3.8387888891117217,3.7413399394317848,3.7970250535346057,4801766
2004-01-13,3.6960952281951904,3.8283473542938284,3.6960952281951904,3.8248670351859695,3299068
2004-01-14,3.7552616596221924,3.7831042199482288,3.657812698481066,3.7030568590108746,3920756
2004-01-15,3.664773464202881,3.807466590765799,3.650852183562596,3.7761437093251584,3814647
2004-01-16,3.828348159790039,3.8527103986709412,3.6717337669842394,3.7343795241065596,6652969
2004-01-20,3.82138729095459,3.8944740032145426,3.814426651691737,3.831828249848869,5301153
2004-01-21,3.9327588081359863,3.9919242673871986,3.793546369989359,3.8353102235784498,7521467
2004-01-22,3.8422698974609375,3.9327578169475994,3.8144273354188134,3.9188365359265376,3819185
2004-01-23,3.835310459136963,3.9257984069872727,3.821389173752243,3.835310459136963,2961114
2004-01-26,3.7970242500305176,3.8353077578748747,3.737858828816511,3.8283471200849917,4410819
2004-01-27,3.7935445308685303,3.8074658086491535,3.741339739191193,3.8039854892039977,3619112
2004-01-28,3.654332160949707,3.7796236749600416,3.515119367604891,3.7796236749600416,5610280
2004-01-29,3.5290415287017822,3.5951676220627626,3.428112635459,3.584726659953134,7886776
2004-01-30,3.5290415287017822,3.567325056437087,3.480317446007142,3.5081596044825254,2985893
2004-02-02,3.4803173542022705,3.5290414356116515,3.4524747893110344,3.5151201531660337,3691855
2004-02-03,3.567323684692383,3.591685920246827,3.4559538721650602,3.480316107719504,3120461
2004-02-04,3.549923896789551,3.6195303195570534,3.5394829333744253,3.556884539066301,5569921
2004-02-05,3.4559550285339355,3.5499232756786028,3.4211518232395135,3.5255610319725075,3239205
2004-02-06,3.448993444442749,3.4733556814876616,3.3759067333080117,3.4455131248649042,4481477
2004-02-09,3.549923896789551,3.5673255024814265,3.4455146697886403,3.4489949909270154,4768768
2004-02-10,3.6230101585388184,3.633451120564442,3.5360021416586207,3.5777659897611156,2720437
2004-02-11,3.5464422702789307,3.6230093071404372,3.490757559711666,3.6230093071404372,3617763
2004-02-12,3.6299703121185303,3.6543325535713533,3.508159104854415,3.532521346307238,3614818
2004-02-13,3.5290415287017822,3.6299708290948574,3.487278087413561,3.6299708290948574,7849117
2004-02-17,3.5951664447784424,3.598646764341976,3.51859941438071,3.5464419708889765,3437684
2004-02-18,3.4698750972747803,3.5812449081218682,3.4698750972747803,3.577764588809455,7058759
2004-02-19,3.268016815185547,3.5220797363466096,3.2192923412628467,3.4803163087058837,17274043
2004-02-20,3.198411464691162,3.281939161454431,3.1148839715030396,3.2680178786605527,11953263
2004-02-23,3.118363618850708,3.187970017789932,3.076599779487174,3.1427258584794364,8383832
2004-02-24,3.045276403427124,3.1183631103963996,2.9547883031354707,3.107922152257932,6921860
2004-02-25,3.2053720951080322,3.226254019227318,3.1044429987732967,3.1148839608329393,10942713
2004-02-26,3.264537811279297,3.292380379027543,3.1844906325782505,3.2123329967513348,4738346
2004-02-27,3.2958600521087646,3.3237026143838286,3.0800803980521394,3.0800803980521394,5258342
2004-03-01,3.3063011169433594,3.358505922850919,3.2888995149741733,3.2958601557618477,4281403
2004-03-02,3.2575762271881104,3.306300706655479,3.2506155872642006,3.306300706655479,2372301
2004-03-03,3.268016815185547,3.271497134751454,3.233213619526475,3.2645364956196397,1842125
2004-03-04,3.3898277282714844,3.4037488018441517,3.2610559146549725,3.2645362339419055,4892051
2004-03-05,3.4942386150360107,3.5081594902452458,3.3515454708509824,3.3759077149801335,7902478
2004-03-08,3.438553810119629,3.4942389448131053,3.4072307182793895,3.4698766983847094,2466757
2004-03-09,3.372426748275757,3.445513466660715,3.361985788506477,3.4385528268145285,2289009
2004-03-10,3.2713937759399414,3.379395169051461,3.2435224486853556,3.3550077577036985,3686335
2004-03-11,3.1111345291137695,3.3445567421872267,3.0867471124270143,3.118102362452843,9848258
2004-03-12,3.2679100036621094,3.2818456679018935,3.159908809589235,3.163392725649181,5361997
2004-03-15,3.313199520111084,3.327135178494583,3.2504890573853378,3.327135178494583,4152110
2004-03-16,3.3201680183410645,3.4037817817054816,3.257457542978697,3.3375875948306106,4533121
2004-03-17,3.33410382270813,3.361975146288274,3.292296837337913,3.3132003300230215,2396222
2004-03-18,3.3793954849243164,3.4002989823191103,3.306233244042538,3.3166849927399347,2369603
2004-03-19,3.361976146697998,3.4281705598980463,3.361976146697998,3.3724278961506373,2123037
2004-03-22,3.2574567794799805,3.3619742139199498,3.240037207073319,3.327135069106627,3258955
2004-03-23,3.23655366897583,3.3097158815919556,3.2261019243163838,3.2679089029541695,2507237
2004-03-24,3.1668756008148193,3.2504893549857545,3.1633916858999727,3.2261019505818282,3874264
2004-03-25,3.2400383949279785,3.247006226445172,3.170360283541478,3.170360283541478,4248037
2004-03-26,3.3480396270751953,3.3689431206504836,3.250489990390518,3.2748773995616873,2907139
2004-03-29,3.33758807182312,3.379395061372892,3.309716745456606,3.3515237350063773,2632974
2004-03-30,3.33410382270813,3.3410716536031657,3.3062324991279852,3.3097164145755036,3443572
2004-03-31,3.33410382270813,3.35152339994572,3.3027485836804673,3.3166842454705394,3281158
2004-04-01,3.4943652153015137,3.497849132027206,3.330621129193977,3.344556796096746,6427257
2004-04-02,3.483912467956543,3.55359037495615,3.4490733106713085,3.50133204659916,3615432
2004-04-05,3.4978487491607666,3.4978487491607666,3.4560417530285563,3.483913083783363,2285942
2004-04-06,3.5048162937164307,3.515267634319338,3.4664932170791345,3.4908806294846864,2732826
2004-04-07,3.529202699661255,3.5605579388618356,3.4943639525647736,3.529202699661255,3816364
2004-04-08,3.5117828845977783,3.5988807653699757,3.4699763093979272,3.5710094435228728,4282998
2004-04-12,3.5187506675720215,3.564041564962338,3.4839119233041145,3.525718497939762,2897816
2004-04-13,3.4734597206115723,3.5048149531397548,3.4490723175340974,3.4908792942383404,3699706
2004-04-14,3.4455885887145996,3.501331227327837,3.428169014147963,3.459524248367909,2974239
2004-04-15,3.564042091369629,3.6197847425447196,3.5396546814805268,3.5501064285758566,7984053
2004-04-16,3.5919132232666016,3.6163006318406357,3.560557983671415,3.5988810542877543,8362488
2004-04-19,3.5744946002960205,3.5884302660598975,3.5222358536814804,3.553591101650204,4141438
2004-04-20,3.5048162937164307,3.5814620394201224,3.4839127973688147,3.536171130666954,4253803
2004-04-21,3.4769442081451416,3.5292025300639835,3.469976377546521,3.5048155305396236,3197743
2004-04-22,3.529202699661255,3.5570740233951046,3.4769443752311178,3.4804282906978488,3081943
2004-04-23,3.6128156185150146,3.616299532966945,3.504814678075897,3.508298184957114,2989818
2004-04-26,3.619783878326416,3.65462302699305,3.612816048593089,3.6162999634597526,3120707
2004-04-27,3.6511387825012207,3.6894618425747088,3.626751380636274,3.63720312429268,3443940
2004-04-28,3.6615917682647705,3.692947009870501,3.6232686951910997,3.685979178402561,2633096
2004-04-29,3.6232688426971436,3.668559749082582,3.59539751569072,3.647656253827764,5512390
2004-04-30,3.588430643081665,3.6232698111517676,3.550107558204552,3.6232698111517676,4463077
2004-05-03,3.658106803894043,3.658106803894043,3.543137617630219,3.567525020777091,3473871
2004-05-04,3.7835283279418945,3.8148835654784623,3.6232682249772146,3.6302360555408963,8154931
2004-05-05,3.8113982677459717,3.9193991947386917,3.7661073855097147,3.8148821817641454,7471786
2004-05-06,3.745206832885742,3.790497750572551,3.59191449609962,3.7800460003371334,8227429
2004-05-07,3.619783878326416,3.7452048135262985,3.591912559393109,3.6929460905263474,3496811
2004-05-10,3.584944248199463,3.713849080954007,3.52920161781912,3.6581064505736633,8020608
2004-05-11,3.692946195602417,3.7800440697472135,3.5779770017312855,3.5814609166970777,6640334
2004-05-12,3.692946195602417,3.7103657704313764,3.6058483214576205,3.7068818554655842,4134691
2004-05-13,3.842754602432251,3.8950133277799743,3.6929462564354436,3.6964301714586254,8057777
2004-05-14,3.8915297985076904,3.912433290718855,3.8148836604000884,3.8462388987168348,4133955
2004-05-17,3.800947904586792,3.863658379663816,3.7556570059200522,3.8497227185355882,4345314
2004-05-18,3.8183672428131104,3.8357868181367882,3.7626246017773415,3.8113994126836395,3515579
2004-05-19,3.793980121612549,3.839271020847396,3.783528375635276,3.8288192748701233,3524289
2004-05-20,3.7870125770568848,3.804432155001662,3.7556573367562867,3.769592999112108,2212831
2004-05-21,3.7730777263641357,3.842756053132419,3.7417224793184083,3.8148847224251057,3228042
2004-05-24,3.867143154144287,3.8984983986492794,3.787013084853751,3.787013084853751,3727184
2004-05-25,4.1597900390625,4.177209612407433,3.853205955762426,3.8671416144383723,12269750
2004-05-26,4.086629390716553,4.163275542687022,4.076177642720579,4.1597916266883646,4655790
2004-05-27,4.156306743621826,4.163274573997903,4.076176694296943,4.093596270237135,4148921
2004-05-28,4.149339199066162,4.166758776206273,4.135403537354073,4.14585528363814,2973381
2004-06-01,4.2608256340026855,4.288696964892053,4.1423724777228745,4.145856394084045,7684372
2004-06-02,4.138888835906982,4.292181165966857,4.128437086130173,4.2782454995977774,6579735
2004-06-03,4.048305988311768,4.14933954412639,4.00649899969882,4.138887796973153,4704490
2004-06-04,4.076174259185791,4.111013390253238,4.034367301904854,4.076174259185791,2844946
2004-06-07,4.128436088562012,4.180694824818602,4.058757773553224,4.0935969310576175,4441364
2004-06-08,4.1249542236328125,4.163277315940903,4.111018553702598,4.111018553702598,2584887
2004-06-09,4.079622745513916,4.138899374590282,4.062188442844397,4.117978211386859,3227306
2004-06-10,4.117979526519775,4.156335004642063,4.086597771692449,4.097058356634891,2915481
2004-06-14,4.083109378814697,4.121464842553083,4.079622518474844,4.090083099494404,2064524
2004-06-15,4.208634376525879,4.208634376525879,4.131923485038802,4.149357778558592,3355128
2004-06-16,4.16330623626709,4.19817483187362,4.135411359781867,4.180740534070354,3570780
2004-06-17,4.191202163696289,4.250478791091004,4.114491234126659,4.114491234126659,4937929
2004-06-18,4.184229850769043,4.191203573985582,4.145874373078073,4.177256127552503,2794161
2004-06-21,4.180741310119629,4.299294557188251,4.159820148872225,4.23653107344604,4562561
2004-06-22,4.194690704345703,4.219098737167404,4.170282671524003,4.184230118850689,2901742
2004-06-23,4.264426231384277,4.267913091818078,4.159820418370268,4.194689022708271,3952650
2004-06-24,4.264426231384277,4.309755417023682,4.250478789649076,4.267913091818078,3270731
2004-06-25,4.215610027313232,4.306268395194235,4.187715144888308,4.278373512769311,2844823
2004-06-28,4.177257537841797,4.2818634214060225,4.173770675056322,4.243507930765806,2661801
2004-06-29,4.142386436462402,4.233044814750301,4.100544108021834,4.191202486309732,2895363
2004-06-30,4.149360179901123,4.177255065676283,4.121465294125963,4.173768204954388,4160574
2004-07-01,4.229557037353516,4.236530757248827,4.128438098871498,4.149359258557433,3367149
2004-07-02,4.215610027313232,4.253965490647502,4.191202005191424,4.2295574685256945,2202772
2004-07-06,4.243505477905273,4.267913503295096,4.2121237309755015,4.2190974525154505,2799681
2004-07-07,4.25396728515625,4.271401594026378,4.212124943867941,4.240019838060147,2240064
2004-07-08,4.19817590713501,4.330676604376675,4.194689046681281,4.257452534848387,4238469
2004-07-09,4.250479698181152,4.253966559360263,4.194689919315387,4.194689919315387,1900638
2004-07-12,4.2330451011657715,4.250479405862311,4.198176491772691,4.21909765740854,1206820
2004-07-13,4.240018367767334,4.267913252286551,4.208636622683215,4.229557786072627,2662659
2004-07-14,4.25396728515625,4.264427870478327,4.2225855291900185,4.2225855291900185,2099485
2004-07-15,4.288835525512695,4.302782971381532,4.236532603504556,4.253966910840602,2309495
2004-07-16,4.351597785949707,4.38646639390659,4.281860977951335,4.3062690035211535,3901006
2004-07-19,4.362057685852051,4.417847449854234,4.323702631015881,4.369031406352324,4073724
2004-07-20,4.299294948577881,4.372518611694441,4.288834367001892,4.3515974485424636,2284102
2004-07-21,4.170280933380127,4.348110404761782,4.152846631488264,4.306268488136657,2897080
2004-07-22,4.170280933380127,4.20166267678548,4.121464888082911,4.149359771109892,2614818
2004-07-23,4.201663970947266,4.2190982782091,4.159821633518864,4.177255940780698,2469455
2004-07-26,4.062189102172852,4.281861351463505,4.062189102172852,4.236532157165433,4106354
2004-07-27,4.145873546600342,4.177255294818836,4.062188884684357,4.079623189250187,2414377
2004-07-28,4.097057342529297,4.166794558217522,4.027320126841071,4.090083620960474,2888371
2004-07-29,4.184229850769043,4.194690435593853,4.107518895387104,4.128440065036724,1808881
2004-07-30,4.236529350280762,4.253963644229043,4.166792174487637,4.184226468435918,1437193
2004-08-02,4.184229850769043,4.219098466851742,4.117979480211914,4.166795542727693,3133955
2004-08-03,4.170280933380127,4.20166267678548,4.145872910731519,4.191202095650362,5030545
2004-08-04,4.107516288757324,4.152845460898941,4.097055710570797,4.149358601503432,3900393
2004-08-05,4.177257537841797,4.299297735333393,4.114494007703262,4.114494007703262,6043302
2004-08-06,4.1284403800964355,4.166795860714483,4.097058623227124,4.166795860714483,2881747
2004-08-09,4.1005449295043945,4.163308434738972,4.0970580681024735,4.128439820719763,3211482
2004-08-10,4.062189102172852,4.107518296470923,4.0203467689746315,4.100544574271219,3177134
2004-08-11,4.051727294921875,4.079622175294164,3.9994243942238334,4.023832414549586,3071026
2004-08-12,4.027318477630615,4.065673930552357,4.0168578995610495,4.034292196343659,2442223
2004-08-13,3.9924509525299072,4.055214437744142,3.96106920992279,4.023832695137025,3892910
2004-08-16,4.02383279800415,4.062188262171164,3.96455617156422,3.971529892321859,2544774
2004-08-17,4.037779331207275,4.048239909990591,3.9610684201296276,3.975015858507382,2922350
2004-08-18,4.142386436462402,4.149360157869164,4.034293754657601,4.037780615360982,2999509
2004-08-19,4.166794776916504,4.198176525623312,4.111005001437734,4.1319261672422725,2880765
2004-08-20,4.16330623626709,4.201661691434272,4.1388982193425194,4.159819376706437,1655054
2004-08-23,4.107516288757324,4.163306039085469,4.090081991779779,4.163306039085469,1521344
2004-08-24,4.065673351287842,4.128436810762895,4.041265339269765,4.128436810762895,3022571
2004-08-25,4.097084045410156,4.131982581424341,4.062185509395972,4.062185509395972,2323602
2004-08-26,4.131984233856201,4.149433508841476,4.076146553903324,4.079636408900378,1614082
2004-08-27,4.1110429763793945,4.14245165509867,4.100573416806303,4.128492242334548,979146
2004-08-30,4.086614608764648,4.1284928532540075,4.065675486519969,4.100574023594435,1643768
2004-08-31,4.149432182312012,4.149432182312012,4.083124958565685,4.118023497379542,1375736
2004-09-01,4.131984233856201,4.208761043791408,4.111045103873872,4.128494378859147,2719210
2004-09-02,4.173860549926758,4.1843301100419295,4.131982309466073,4.135472162837797,1566977
2004-09-03,4.1703715324401855,4.205270073152285,4.163391824297766,4.194800510938655,1141683
2004-09-07,4.145942687988281,4.191310792380851,4.145942687988281,4.156412250540413,3869848
2004-09-08,4.159902572631836,4.187821409244508,4.142453299748916,4.1668822817850035,2141315
2004-09-09,4.2541279792785645,4.271577249425957,4.145942504364734,4.166881628541604,3268768
2004-09-10,4.271576404571533,4.2785561112500075,4.240167724518398,4.268086551232296,2060721
2004-09-13,4.2960052490234375,4.306474808726958,4.264596569912874,4.278555982850902,2396590
2004-09-14,4.306473731994629,4.309963584356581,4.2436563894795,4.309963584356581,2060967
2004-09-15,4.201780319213867,4.306475943845171,4.18782090259636,4.306475943845171,2243376
2004-09-16,4.205269813537598,4.22969879052793,4.166881421124217,4.180840836547264,1871443
2004-09-17,4.1878204345703125,4.198289995863377,4.159901604455475,4.173861019512893,2836114
2004-09-20,4.166880130767822,4.198288805743364,4.159900425217701,4.177349689093003,2009814
2004-09-21,4.166880130767822,4.187819247418184,4.145941014117461,4.170369983542883,2653582
2004-09-22,4.166880130767822,4.180839541868063,4.107552633591797,4.156410572442641,3977920
2004-09-23,4.243657112121582,4.247146965077812,4.166880347084517,4.180839758909438,3700687
2004-09-24,4.264597415924072,4.271577123777721,4.194800337387582,4.2401684384363,1970927
2004-09-27,4.208759307861328,4.275066525456528,4.205269454303686,4.222718722091896,1698356
2004-09-28,4.226210117340088,4.247149246324382,4.215740552847941,4.222720262509372,3699706
2004-09-29,4.173860549926758,4.208759083643995,4.135472162837797,4.205269230272272,4435353
2004-09-30,4.222718715667725,4.222718715667725,4.152921644621067,4.201779594353727,4467002
2004-10-01,4.35533332824707,4.35882318226884,4.201780159554778,4.2331888457507025,7233072
2004-10-04,4.327414035797119,4.379761427351622,4.306474915869126,4.358822307423629,4216143
2004-10-05,4.432110786437988,4.446070204634397,4.320435849132339,4.337884713612228,5329490
2004-10-06,4.519354820251465,4.53680408400116,4.3972099740036,4.435598354252929,5741413
2004-10-07,4.47747802734375,4.533315689301845,4.449559196364703,4.522846127684702,2738714
2004-10-08,4.484457969665527,4.519356510214841,4.453049283171146,4.456539137226077,2586727
2004-10-11,4.44257926940918,4.487947367511528,4.39023146390647,4.467008245310444,3364818
2004-10-12,4.421642303466797,4.4425814358790605,4.379764038642269,4.42513215886884,2107581
2004-10-13,4.309963703155518,4.43210813092522,4.285534735948501,4.421638573550784,3257115
2004-10-14,4.404191493988037,4.421640764926664,4.3099658391850335,4.3099658391850335,2710623
2004-10-15,4.390232563018799,4.432110817905356,4.351844162706122,4.4007021267404385,2703754
2004-10-18,4.372781753540039,4.439088967143189,4.355332486802368,4.39023102027771,2352674
2004-10-19,4.397212028503418,4.407681591644907,4.365803339078953,4.372783047839945,2713567
2004-10-20,4.498417377471924,4.526336209859158,4.425130442455433,4.4321101505522424,9842370
2004-10-21,4.5019073486328125,4.529826181746326,4.460029098962541,4.5019073486328125,2610525
2004-10-22,4.473987102508545,4.522845045026484,4.463517543397558,4.512375485915497,1807532
2004-10-25,4.44955587387085,4.491434089068859,4.414657361205842,4.484454386535857,2528214
2004-10-26,4.47747802734375,4.484457735088512,4.421640365385655,4.456538904109465,5406403
2004-10-27,4.397212028503418,4.512377223059788,4.379762756600938,4.477478679254828,5022080
2004-10-28,4.362313270568848,4.4286205005434995,4.3413741453136945,4.39721181266077,4244848
2004-10-29,4.365802764892578,4.379762180578632,4.341373787441982,4.344863641363496,2402110
2004-11-01,4.369290351867676,4.4181482814196,4.344861387091713,4.369290351867676,2031526
2004-11-02,4.334396839141846,4.418152970427756,4.316947560068578,4.411173258798449,3242640
2004-11-03,4.46002721786499,4.467006923199551,4.379760606517539,4.397209869853942,3813911
2004-11-04,4.575195789337158,4.606604486913314,4.508888538898608,4.519358104757327,8793180
2004-11-05,4.627542018890381,4.676399976007548,4.554255083214631,4.6449912892893686,4554588
2004-11-08,4.665929794311523,4.672909501544481,4.575193600283074,4.627541404530256,5317468
2004-11-09,4.7357282638549805,4.739218118501094,4.589154368718184,4.648481897702125,6244971
2004-11-10,5.028873920440674,5.056792748030551,4.7985435928241875,4.854381248003942,13111384
2004-11-11,5.123098373413086,5.147527339971794,5.028872359543786,5.060281030833552,8484176
2004-11-12,5.1161208152771,5.147529499745157,5.021894761872928,5.105651253787747,5121933
2004-11-15,5.000955581665039,5.119610610519854,4.941628067237632,5.119610610519854,4376472
2004-11-16,4.980016708374023,5.02538480991452,4.941628314762834,4.973037000444716,4975589
2004-11-17,4.983506679534912,5.01840522000215,4.924179160740606,4.980016825488188,4146835
2004-11-18,5.220816135406494,5.25920452836869,5.04283399448368,5.088202095257184,7850589
2004-11-19,5.370880603790283,5.444167546048962,5.273164680778712,5.315042933497956,10036801
2004-11-22,5.479063987731934,5.496513253003216,5.339469865561672,5.388327808321264,6668425
2004-11-23,5.496513843536377,5.594229331288445,5.472084869531987,5.527922524399164,6405299
2004-11-24,5.737313747406006,5.768722430598286,5.496514251197374,5.513963519637531,6964426
2004-11-26,5.835029125213623,5.904826192688867,5.7268436706269945,5.775701617859665,3464303
2004-11-29,5.96764612197876,5.995564552719872,5.779193958683033,5.96764612197876,12475834
2004-11-30,5.8175787925720215,5.932743932808072,5.705903505070396,5.880396141791685,7463077
2004-12-01,5.702414512634277,5.894356441985134,5.643087007198558,5.842008643071264,10422350
2004-12-02,5.461616516113281,5.702416047672647,5.273164389293757,5.702416047672647,11598381
2004-12-03,5.55933141708374,5.601209251564262,5.308061960607566,5.391818446099625,7865677
2004-12-06,5.493025779724121,5.646578972370693,5.4825562160255625,5.594231153877899,4054220
2004-12-07,5.384837627410889,5.541881005290839,5.325510129100686,5.538391152449062,4078631
2004-12-08,5.321817874908447,5.416350260691086,5.230786688599241,5.377837066483345,7192100
2004-12-09,5.4093451499938965,5.4268511385851514,5.311311613882865,5.35682718422013,4011531
2004-12-10,5.426852226257324,5.493374996236864,5.377835448377663,5.423351027837349,3050417
2004-12-13,5.570400714874268,5.570400714874268,5.440856388372436,5.458362378440251,2944676
2004-12-14,5.563399791717529,5.6754377482201415,5.531889001253205,5.601912570470051,3033243
2004-12-15,5.741959571838379,5.7979787455567795,5.54939407177407,5.580904856990671,6580716
2004-12-16,5.654428482055664,5.846994353200787,5.619416505483824,5.843493155543603,3965407
2004-12-17,5.689443111419678,5.7139515064473905,5.587908741611959,5.598411929888175,4083047
2004-12-20,5.7314558029174805,5.794477371439087,5.671935432647074,5.7314558029174805,3059985
2004-12-21,5.759465217590332,5.794477199060774,5.720952037972846,5.776971208325553,2450196
2004-12-22,5.657930850982666,5.818985976553767,5.601911676870978,5.811983579789806,6095927
2004-12-23,5.643923759460449,5.720950092501782,5.6369213655476,5.654427350329722,1718597
2004-12-27,5.633424282073975,5.699947072820462,5.608915885483164,5.682441075255597,2593106
2004-12-28,5.598410129547119,5.657930498330957,5.556396161174729,5.640424507512181,2002576
2004-12-29,5.636922836303711,5.654428825653403,5.55289449701783,5.556395694887768,2260182
2004-12-30,5.633424282073975,5.710450671359381,5.615918284509109,5.636925481586948,1934249
2004-12-31,5.7034454345703125,5.7034454345703125,5.6334214791514405,5.6334214791514405,1589549
2005-01-03,5.437355995178223,5.68944187987502,5.402344009860235,5.685940681343221,6279073
2005-01-04,5.391842842102051,5.531890846434772,5.356830841018871,5.461866844268411,3866413
2005-01-05,5.353328227996826,5.458364203524029,5.321817435338665,5.3953426182077076,3728901
2005-01-06,5.426852226257324,5.493374996236864,5.314813876818099,5.335821067337954,4184495
2005-01-07,5.367334842681885,5.46886965341529,5.339325239720945,5.42685524897388,2446394
2005-01-10,5.496874809265137,5.549392772328535,5.349824512687624,5.381335290525663,2938911
2005-01-11,5.503877639770508,5.559896804803329,5.43035248566493,5.524884826657816,2768155
2005-01-12,5.598410129547119,5.629920913020916,5.493374594227136,5.507379386882157,4304220
2005-01-13,5.601912498474121,5.689442470861195,5.584406913589464,5.61241609516057,3284102
2005-01-14,5.549394607543945,5.63692416533685,5.503879024503413,5.629921767945998,3655299
2005-01-18,5.587907314300537,5.657930872615176,5.514382147997831,5.517883346393198,3807655
2005-01-19,5.531888008117676,5.612415159698987,5.528386809805763,5.601911564763248,2147694
2005-01-20,5.493376731872559,5.552897123817651,5.440858738979831,5.5318899266605595,2840530
2005-01-21,5.563399791717529,5.615917366231973,5.531889001253205,5.556397393836568,3734789
2005-01-24,5.528388977050781,5.643928157045017,5.521386577681867,5.573904572948724,2413150
2005-01-25,5.507380485534668,5.587908059365266,5.447860104877269,5.535390076432267,3248528
2005-01-26,5.563399791717529,5.594910582181853,5.496877011848401,5.510881807610323,2261286
2005-01-27,5.822487831115723,5.920521396859316,5.38833959241541,5.563399531243256,10431796
2005-01-28,5.8575005531311035,5.861001752346543,5.703447787651767,5.846996955484785,3993621
2005-01-31,5.885509490966797,5.952032268646773,5.81898671328682,5.868003496840487,7449092
2005-02-01,5.938027858734131,5.983543446416577,5.882008673894196,5.927524261576643,3294406
2005-02-02,6.144599437713623,6.183112635091214,5.98704585803452,5.997549457319318,7494480
2005-02-03,6.16210412979126,6.19711611998264,6.078075353331949,6.16210412979126,3682164
2005-02-04,6.176109313964844,6.214622505595471,6.109586528421035,6.137596122334218,3934985
2005-02-07,6.036062717437744,6.218125119287638,6.001051126674886,6.197117919074189,3715898
2005-02-08,6.022055625915527,6.1305927857201805,5.987044048474504,6.022055625915527,2608072
2005-02-09,5.969537734985352,6.050064891253938,5.934525749828264,6.036060097191103,3366536
2005-02-10,6.263637542724609,6.284644732282848,6.008050479358721,6.0185536645451565,6073847
2005-02-11,6.207618713378906,6.291647476252267,6.144597141223886,6.2321271025503036,2824092
2005-02-14,6.172609806060791,6.23563140963378,6.127094203480299,6.197118207450287,2254661
2005-02-15,6.22162389755249,6.246132288261609,6.144597526752402,6.144597526752402,2749755
2005-02-16,6.564740180969238,6.578744974002737,6.162102790848856,6.162102790848856,8371320
2005-02-17,6.519224643707275,6.610255798984905,6.477210264348369,6.547234229946547,5845805
2005-02-18,6.596251964569092,6.718793922176234,6.561239976681337,6.5787459706252145,6611016
2005-02-22,6.4982194900512695,6.690785455781063,6.4176923139752615,6.631265066373672,6893891
2005-02-23,6.5892510414123535,6.69428702857863,6.512224650823751,6.51572585039596,9125981
2005-02-24,6.652270317077637,6.662773912136417,6.494716391195935,6.603253540136662,4082311
2005-02-25,6.7538065910339355,6.764310188459315,6.641768218496563,6.652271815921941,3677134
2005-02-28,6.592750549316406,6.785316476376421,6.4036862305229425,6.753805688312054,6983562
2005-03-01,6.400186061859131,6.631264801926931,6.249634494656014,6.582248012604986,7283857
2005-03-02,6.568246841430664,6.568246841430664,6.298654760933727,6.393187192523714,4333170
2005-03-03,6.669777870178223,6.6767802685232756,6.561240695829904,6.6067562850727475,5468597
2005-03-04,6.715291976928711,6.7468027625250135,6.655771604135697,6.701287183330355,4208415
2005-03-07,6.732800483703613,6.820330476386781,6.631265692191139,6.792320878728168,3931796
2005-03-08,6.610257625579834,6.757307993970042,6.592751629342904,6.732799599238341,3824583
2005-03-09,6.526004314422607,6.666424129060751,6.5189833236907,6.610256203205493,6206820
2005-03-10,6.245167255401611,6.52249607453176,6.192509806703395,6.5154750813719975,6617517
2005-03-11,6.280270099639893,6.350480007519654,6.210060191760131,6.210060191760131,4575564
2005-03-14,6.529517650604248,6.540049141284074,6.350482719727701,6.406650670020107,6739328
2005-03-15,6.4768595695495605,6.634831914438265,6.469838576443396,6.599726948907442,5394504
2005-03-16,6.410158157348633,6.53302508024684,6.399626671613332,6.476857156325234,3035942
2005-03-17,6.617278575897217,6.645362544689933,6.473348235834547,6.473348235834547,4755397
2005-03-18,6.627810955047607,6.680468403611709,6.529517051061283,6.617279465334787,5664132
2005-03-21,6.599725723266602,6.652383161783777,6.49441084623225,6.652383161783777,3449338
2005-03-22,6.4628190994262695,6.6418544656327185,6.420693541587659,6.599728497113554,4015579
2005-03-23,6.4312238693237305,6.511964883686488,6.368034927985544,6.420692379100699,5349239
2005-03-24,6.582174777984619,6.613769248459206,6.455796896086271,6.473349379683264,4554220
2005-03-28,6.469837665557861,6.655893956676443,6.469837665557861,6.603236515793825,3816855
2005-03-29,6.297824382781982,6.536537727354176,6.276761404377338,6.455796310136374,4697375
2005-03-30,6.389098167419434,6.396119161186056,6.150384379354254,6.318888229753204,4635550
2005-03-31,6.603235721588135,6.652382660500752,6.427711350437711,6.473347383033362,5087463
2005-04-01,6.690999984741211,6.705041971216822,6.5611116098418085,6.645363528695475,3872792
2005-04-04,6.5751495361328125,6.778758214299892,6.564618052779343,6.715569314179074,4314892
2005-04-05,6.617278575897217,6.631320560293575,6.5681316305099635,6.599726095401769,3589794
2005-04-06,6.669933795928955,6.698017755368169,6.533024493662788,6.648870826349545,2938052
2005-04-07,6.578662395477295,6.750676685419552,6.550578429772437,6.687487762583621,3662905
2005-04-08,6.424198150634766,6.617274918695603,6.413666668157982,6.582169977106328,2069063
2005-04-11,6.441752910614014,6.490899849437444,6.329417461126523,6.403137869361668,3514720
2005-04-12,6.3610124588012695,6.41015940177373,6.2592080769297445,6.399627913993918,4783489
2005-04-13,6.255698204040527,6.406649543918539,6.231124730106898,6.343460610946348,4237488
2005-04-14,6.090705871582031,6.297825185631354,6.020496345296651,6.276762204541593,6713690
2005-04-15,5.809867858886719,6.136343729524917,5.774762882400828,6.090707260093259,8358072
2005-04-18,6.002946853637695,6.020499346629413,5.715085968573526,5.823911425122175,5245339
2005-04-19,6.206549644470215,6.245165093481202,6.0275143808738205,6.031024876238456,3999264
2005-04-20,6.080175876617432,6.290805739325041,6.069644383482051,6.231127278224552,4300049
2005-04-21,6.311864376068115,6.318885366653514,6.104745153798875,6.143360602018564,3827159
2005-04-22,6.31888484954834,6.455793744079367,6.245164454434561,6.31888484954834,4786433
2005-04-25,6.413670539855957,6.4944115435715,6.336439621738075,6.37154458451893,3050049
2005-04-26,6.283782482147217,6.452285900982407,6.27325099280249,6.413670850732186,2744480
2005-04-27,6.15740442276001,6.2872927873949935,6.059110525198401,6.2872927873949935,4431060
2005-04-28,6.038045406341553,6.139849764149593,6.013472351344037,6.111765803374961,2773675
2005-04-29,5.974855899810791,6.164422192458439,5.88358304265293,6.073149335300577,5736629
2005-05-02,6.1222991943359375,6.139851675283593,5.974858765056048,6.020495215519952,3242885
2005-05-03,6.013476371765137,6.1258118792873635,5.974860899882929,6.090706904848992,2733562
2005-05-04,6.132833003997803,6.132833003997803,5.939756051180177,5.967840031325369,3591634
2005-05-05,6.217082500457764,6.273250438668166,6.080173151069908,6.0907046394843585,3627208
2005-05-06,6.238144397735596,6.304843812817685,6.224102415613051,6.287291335164504,2620829
2005-05-09,6.241655349731445,6.3188862570535,6.185487417133587,6.220592375007249,2461237
2005-05-10,6.255698204040527,6.2872926705266226,6.2100617524495005,6.241656218935596,2490064
2005-05-11,6.329418659210205,6.336439651799686,6.174956822241636,6.255698237020661,2994480
2005-05-12,5.953794956207275,6.308354611139513,5.82741711103843,6.308354611139513,6916340
2005-05-13,5.757207870483398,5.981879621508143,5.669445467739357,5.946774660410527,5855864
2005-05-16,5.718590259552002,5.7291217439149404,5.4833875194599635,5.718590259552002,7220805
2005-05-17,5.897627353668213,5.911669337247245,5.651892641035149,5.70455007945652,4008219
2005-05-18,6.006452560424805,6.038046611924184,5.953795123458557,5.967837106649556,5373896
2005-05-19,6.136340618133545,6.178466568556926,5.981879210594858,6.002942185806549,3613714
2005-05-20,6.150381565093994,6.231122956464923,6.0836821548310525,6.157402555647987,3609544
2005-05-23,6.206549644470215,6.389095403431244,6.178465681553133,6.248675588845837,7323970
2005-05-24,6.311864376068115,6.311864376068115,6.196018031409049,6.217081003165243,3644627
2005-05-25,6.339950084686279,6.371544551022954,6.217082715599212,6.276761152012931,6156035
2005-05-26,6.424198150634766,6.4312191389526205,6.353988267456214,6.382072220727634,3842370
2005-05-27,6.452286243438721,6.476859719880659,6.385587218062497,6.420692184408124,2149289
2005-05-31,6.4628190994262695,6.522497554828419,6.332931107172733,6.452287607296478,2691732
2005-06-01,6.564619541168213,6.627808455615783,6.452283693261422,6.466325674249771,4438420
2005-06-02,6.547067165374756,6.620787566694571,6.487388745258715,6.564619641879474,2097154
2005-06-03,6.599725723266602,6.634830682278052,6.5295158052437,6.5575997724528605,1981845
2005-06-06,6.610256671905518,6.662914106128495,6.557599237682541,6.589193698216327,2287905
2005-06-07,6.554089069366455,6.6523829514912896,6.529515598835246,6.596215018848527,2911555
2005-06-08,6.543528079986572,6.684324952897082,6.508328861758945,6.561127689100386,4520854
2005-06-09,6.663206100463867,6.687845555732202,6.476650224860762,6.511849446672669,3632483
2005-06-10,6.599848747253418,6.666727281322703,6.5857690558704105,6.64208782140244,1996933
2005-06-13,6.6702470779418945,6.691366614616743,6.575209162905074,6.613928313475631,2279563
2005-06-14,6.6702470779418945,6.701926382954167,6.642087695708763,6.65968730960447,1917198
2005-06-15,6.663206100463867,6.708965088819346,6.585767812477673,6.687845555732202,2550908
2005-06-16,6.726566314697266,6.758245621933822,6.6244885469350265,6.673767469303004,2747669
2005-06-17,6.761765003204346,6.828643535345405,6.716006007528884,6.821603689856872,3657753
2005-06-20,6.758245468139648,6.825124004117123,6.698406778054539,6.7195263157316365,2880520
2005-06-21,6.603370666503906,6.76880709027083,6.603370666503906,6.740647698991354,3925294
2005-06-22,6.645608901977539,6.666728442731278,6.561130738962581,6.620969437764843,3596418
2005-06-23,6.684326648712158,6.7160059531540695,6.6139281943968005,6.635047730691408,4443572
2005-06-24,6.6068902015686035,6.7054480652461965,6.547051498621494,6.7019281415434255,2621075
2005-06-27,6.5787248611450195,6.663202953596666,6.55056549699447,6.599844384257931,2761654
2005-06-28,6.5118513107299805,6.652648238281589,6.430893489171051,6.624488852771267,3795756
2005-06-29,6.57520866394043,6.610407889060725,6.452011787802564,6.494250446163751,3636531
2005-06-30,6.6878461837768555,6.737125098941227,6.613927811030298,6.624487578565521,4035574
2005-07-01,6.74416446685791,6.789923456273383,6.670246099340608,6.684325788391523,3508342
2005-07-05,6.937762260437012,6.958881800312108,6.75120632487366,6.7688059414362405,6143768
2005-07-06,6.775844097137451,6.987039443184245,6.772324174703338,6.965919908579566,3489328
2005-07-07,7.02224063873291,7.02224063873291,6.656168602825346,6.72304714784692,5474853
2005-07-08,7.004641532897949,7.039840769689058,6.923683288278397,7.004641532897949,4487120
2005-07-11,7.046879768371582,7.096157870377827,6.9236824544397,6.958881686991667,3993376
2005-07-12,7.163033962249756,7.226392559172717,7.043357436072613,7.060957046328991,4129907
2005-07-13,7.113753318786621,7.212311112188236,7.085593949243303,7.13487284594411,1745461
2005-07-14,6.976482391357422,7.173597300825028,6.916643686686313,7.163037529412479,4512512
2005-07-15,6.97999906539917,7.075036963864166,6.955359610241578,6.997598676226021,3138003
2005-07-18,6.976482391357422,7.07152033407036,6.958882772336508,7.050400791245263,2796614
2005-07-19,7.194714546203613,7.208794236924359,6.9905598543191765,7.071518075963463,2983072
2005-07-20,7.254554748535156,7.286234059280283,7.117277735306272,7.198235973877153,2476202
2005-07-21,7.089117527008057,7.353111752645076,7.060958966506558,7.296792984509179,9358930
2005-07-22,7.321433067321777,7.321433067321777,7.057439642832271,7.089118129032474,4939769
2005-07-25,7.331989765167236,7.437587420144617,7.205272579194379,7.279190937678545,3943940
2005-07-26,7.346071243286133,7.391830238264564,7.247513407947974,7.374230624811322,2367763
2005-07-27,7.434073448181152,7.441113297480663,7.303836236140216,7.374234729135317,2865922
2005-07-28,7.564306735992432,7.613585655523963,7.4446293599872835,7.479828588224092,4472890
2005-07-29,7.476306915283203,7.567824887275602,7.469267071283787,7.564304965275895,2319553
2005-08-01,7.624144554138184,7.691023080157789,7.465748045144382,7.476307812410636,2811948
2005-08-02,7.754379749298096,7.786059043193936,7.624142652170749,7.634702416802696,6137635
2005-08-03,7.648784160614014,7.754381835340811,7.539666563396324,7.754381835340811,3500736
2005-08-04,7.821259498596191,7.8846180964325825,7.567825107250624,7.567825107250624,6626717
2005-08-05,7.701584339141846,7.838861340192286,7.662865184999414,7.824781647776857,5041094
2005-08-08,7.652303695678711,7.768461131997287,7.63470408411529,7.715662297307025,4768278
2005-08-09,7.5572686195373535,7.729744877362318,7.42703144526136,7.6699061756679425,4382605
2005-08-10,7.641745090484619,7.694543933201678,7.522067713659285,7.567826710680737,4918057
2005-08-11,7.814218997955322,7.884617434081907,7.701581500152788,7.708621343765446,6442713
2005-08-12,7.719184398651123,7.8564614075974255,7.691025012200599,7.81422232792164,4587218
2005-08-15,7.68398380279541,7.708623261569689,7.532627127467701,7.708623261569689,4888248
2005-08-16,7.536144256591797,7.712140325454161,7.507984885573819,7.641741897909215,4402355
2005-08-17,7.2967939376831055,7.581907738615258,7.254554856063527,7.497429575376102,5045756
2005-08-18,7.2967939376831055,7.310873631556298,7.194716157102458,7.254554856063527,5211237
2005-08-19,7.4551897048950195,7.504468628236807,7.32847247344471,7.32847247344471,3802134
2005-08-22,7.462227821350098,7.620624323946842,7.370709842071979,7.529106344668723,5723749
2005-08-23,7.522067546844482,7.567826542851149,7.388310481594226,7.472788628068073,4843597
2005-08-24,7.598012924194336,7.675723964627969,7.492043323603019,7.523834203780414,5079367
2005-08-25,7.537962436676025,7.615673466313944,7.477913004683089,7.615673466313944,1635059
2005-08-26,7.414331912994385,7.587415585318663,7.414331912994385,7.537963107511726,2861261
2005-08-29,7.45672082901001,7.506173313965478,7.3366219369753,7.414332984762465,2901374
2005-08-30,7.661594390869141,7.693385269827946,7.400202719430078,7.456719837579064,4761163
2005-08-31,7.926517963409424,7.9441795618978635,7.587415272431376,7.661593986082824,5335500
2005-09-01,8.177311897277832,8.194973495899749,7.926518023313565,7.947711115192919,5565383
2005-09-02,7.845273971557617,8.180843489047138,7.838209332737482,8.17731116963707,4552134
2005-09-06,7.919447422027588,7.972431351539573,7.781687056483986,7.8488010807231765,3160574
2005-09-07,7.891193389892578,7.990097497708068,7.834676284588416,7.91945194254466,4666953
2005-09-08,8.014822959899902,8.046613828573813,7.859401761738609,7.859401761738609,5442223
2005-09-09,8.29741096496582,8.378654320556121,8.067810177428015,8.067810177428015,7733685
2005-09-12,8.06781005859375,8.297410842749667,8.032486861031302,8.297410842749667,5192100
2005-09-13,8.085472106933594,8.40338090267161,8.032487307643924,8.40338090267161,4057655
2005-09-14,8.202038764953613,8.223232684926801,8.053681325141298,8.124327725051925,3327527
2005-09-15,8.120795249938965,8.286814286557764,7.997164052456881,8.23736180756493,3269259
2005-09-16,8.332734107971191,8.406912823454642,8.138456519800254,8.20557059571385,6323970
2005-09-19,8.481090545654297,8.654174194844561,8.360991687032481,8.36805632577494,5947743
2005-09-20,8.290348052978516,8.555272093806696,8.26915412971226,8.4528347980198,4861874
2005-09-21,8.470491409301758,8.477556046227503,8.371586492341327,8.371586492341327,4740677
2005-09-22,8.318603515625,8.64357688453667,8.096067404305051,8.565865861536054,5014475
2005-09-23,8.205568313598633,8.290343964859236,8.145518893955705,8.279747008451661,2601570
2005-09-26,8.308009147644043,8.368058593226252,8.110199209255592,8.202039537793087,3660574
2005-09-27,8.45283317565918,8.481091734590493,8.25502326313999,8.364525178998827,3711973
2005-09-28,8.76014518737793,8.767209827258613,8.495221191852288,8.51994743143468,6994112
2005-09-29,8.834322929382324,8.908501646867691,8.654175441956273,8.76014503836394,5194799
2005-09-30,8.8484525680542,8.943825208692191,8.767210033977742,8.876711128243233,4110893
2005-10-03,8.97208309173584,9.085117323961002,8.731886174724321,8.830790301454385,5735034
2005-10-04,8.703628540039062,8.96855172345563,8.654176058194121,8.936760842269596,7797228
2005-10-05,8.194973945617676,8.689498734169513,8.14905378668072,8.594126096377373,10305937
2005-10-06,7.912385940551758,8.244423050514861,7.647462055102484,8.053677852991385,13286801
2005-10-07,8.106667518615723,8.110199839218463,7.824082696863711,7.965374694506142,3736261
2005-10-10,7.845273971557617,8.184375808457206,7.771095263946203,8.159649572586735,4452772
2005-10-11,7.958308219909668,8.018357656322383,7.86293641207408,7.922985848486796,4010304
2005-10-12,7.813483715057373,8.212635013508319,7.746369640956136,8.004228151825531,5006011
2005-10-13,7.52383279800415,7.771095153184626,7.265973484744512,7.75343355638602,7578018
2005-10-14,7.7710981369018555,7.7816950990497284,7.389607499578448,7.54149729036462,4970069
2005-10-17,7.912385940551758,8.018354668264815,7.809948704844705,7.809948704844705,2800662
2005-10-18,7.594480514526367,7.922986272481639,7.594480514526367,7.877066112767461,3785329
2005-10-19,7.7710981369018555,7.788759740481643,7.311896443827384,7.523835686784833,7438788
2005-10-20,7.541493892669678,7.799353188760346,7.343684021696014,7.767562316639579,7147939
2005-10-21,7.615675449371338,7.732242024181165,7.357816056610205,7.541496719946902,9023553
2005-10-24,8.011290550231934,8.050146055947934,7.4955728462862705,7.615671682135726,5778214
2005-10-25,8.03602123260498,8.163184776298149,7.845276743532391,8.011294987997976,5398921
2005-10-26,7.951243877410889,8.297411229664961,7.94418006403596,8.060745794960646,6352920
2005-10-27,7.612140655517578,8.028953506572247,7.612140655517578,7.965371759153711,3940137
2005-10-28,7.809951305389404,7.8947269769616355,7.4743809387493245,7.718110994519488,5174804
2005-10-31,7.877068996429443,8.004231735723064,7.735776145583968,7.841745783718074,3712954
2005-11-01,7.79582405090332,7.993633176130797,7.718112998451862,7.827614935997098,4202650
2005-11-02,7.6015424728393555,7.855869421535853,7.573283922984189,7.735770584651395,6946026
2005-11-03,7.944177150726318,7.961837917387523,7.559154420538239,7.559154420538239,6012390
2005-11-04,7.72517728805542,7.908857949127888,7.601546073872028,7.8911963471016895,4751963
2005-11-07,7.368411064147949,7.718110695851042,7.212989005613242,7.718110695851042,6945167
2005-11-08,7.248312950134277,7.435525903634213,7.195328151973919,7.294233108539922,5781158
2005-11-09,7.25537633895874,7.364878236277129,7.064631924935484,7.248311700422071,6380275
2005-11-10,7.054033279418945,7.181195916187895,6.962193000415462,7.135275776686154,8803729
2005-11-11,7.142343997955322,7.181199520110489,6.902146637866002,6.9763257752139385,6088077
2005-11-14,7.220053672790527,7.654528974479417,7.064632440116685,7.654528974479417,6080839
2005-11-15,7.216520309448242,7.403733217243352,7.174132481268217,7.205923352403236,4187193
2005-11-16,7.393139839172363,7.467318574396881,7.223588444373465,7.273040934523143,5393646
2005-11-17,7.682788848876953,7.7534352515167715,7.55915764425727,7.735773650856817,7891070
2005-11-18,7.682788848876953,7.7675645320447355,7.548560683861297,7.7675645320447355,15742640
2005-11-21,7.7816925048828125,7.795821783036394,7.629802764731813,7.658061321038976,4859789
2005-11-22,7.958308219909668,7.965372859487634,7.8382101735511975,7.877065691230014,3895486
2005-11-23,7.760496139526367,7.947708189536506,7.718108318437285,7.898256558065884,4167689
2005-11-25,7.8947296142578125,7.8947296142578125,7.767566064419488,7.824083197680966,2434740
2005-11-28,7.612140655517578,7.827612132880395,7.576817462507281,7.806418217074216,4799068
2005-11-29,7.682788848876953,7.749902931384781,7.626271726765098,7.739305970988808,4920633
2005-11-30,7.594480514526367,7.7393056336249275,7.541495714856162,7.6580622741306135,8916340
2005-12-01,7.82408332824707,7.841744932686014,7.668661209184366,7.675725850959943,4984544
2005-12-02,7.817017555236816,7.877067001639207,7.718112584691701,7.792291312600537,3354269
2005-12-05,7.834678649902344,7.9406482543402035,7.795823128275129,7.887663452121274,5573602
2005-12-06,8.120795249938965,8.173780048859857,7.848807441945373,7.912389200650445,7802748
2005-12-07,8.101300239562988,8.29266973242785,8.005615493130557,8.147370673030455,3857336
2005-12-08,8.221794128417969,8.331654419376685,8.147372640994321,8.15091652134783,6954612
2005-12-09,8.058775901794434,8.232426044926418,8.044600379906107,8.21116276209393,3947988
2005-12-12,8.381269454956055,8.505305277845535,8.274953035336498,8.505305277845535,10695044
2005-12-13,8.427339553833008,8.515936566507015,8.395444629270365,8.45569059788869,7571516
2005-12-14,8.72502613067627,8.760464938240833,8.480498358480785,8.484042239237242,8827527
2005-12-15,8.61516284942627,8.781725187408046,8.508846463480456,8.778181307876519,4458047
2005-12-16,8.413166999816895,8.675414249847998,8.398991472788186,8.675414249847998,6727061
2005-12-19,8.395441055297852,8.480494151257458,8.381265539304584,8.398984934296168,5625859
2005-12-20,8.501758575439453,8.558460647083676,8.356459516851134,8.360003396328898,5891438
2005-12-21,8.476954460144043,8.547832075126177,8.360006395423524,8.452147294900296,5888616
2005-12-22,8.44151496887207,8.593901828739993,8.416707805637756,8.5549191436575,4958170
2005-12-23,8.445059776306152,8.455691418859269,8.232426925243823,8.42025261034888,3285083
2005-12-27,8.20407485961914,8.416707684275835,8.111933968934574,8.41316380386489,4548209
2005-12-28,8.239514350891113,8.2855848000756,8.119022406870148,8.267865396543105,3768032
2005-12-29,8.158005714416504,8.342287525154592,8.133198547586376,8.23951497685835,3012390
2005-12-30,8.211165428161621,8.260779770879946,8.062322400006646,8.119024505970446,3021835
2006-01-03,8.469865798950195,8.501760722304176,8.239513574726995,8.257232976590318,5929097
2006-01-04,8.523024559020996,8.569095006862833,8.36000605127296,8.45569082755985,4872056
2006-01-05,8.434427261352539,8.53365591491808,8.324566966333547,8.52302427346463,5100589
2006-01-06,8.466322898864746,8.53720051452472,8.434427971817758,8.469866779647745,3366781
2006-01-09,8.604538917541504,8.608082800247132,8.42025701684884,8.462783609316377,5170020
2006-01-10,8.678954124450684,8.689585764813486,8.519479519008636,8.52302339912957,3713445
2006-01-11,8.629345893859863,8.671872485328857,8.501766119452881,8.65060918959436,4276742
2006-01-12,8.668323516845703,8.764008291510969,8.579726503266755,8.647060233586755,7084519
2006-01-13,8.717938423156738,8.749833350162382,8.647060807588641,8.68249961537269,4122424
2006-01-17,8.902220726013184,8.96246670825737,8.788817353313815,8.852606387694442,6790113
2006-01-18,8.774638175964355,8.91284866029814,8.710848338961826,8.859690462796031,6920265
2006-01-19,8.888045310974121,8.905764717736215,8.710852072525226,8.788817462278443,4298700
2006-01-20,8.866780281066895,9.065237597817346,8.831341474504313,9.019167149285991,9382237
2006-01-23,8.689589500427246,8.930572623076534,8.671870092205083,8.930572623076534,5898798
2006-01-24,8.671865463256836,8.774637976086519,8.611619507460125,8.678953222762331,5236261
2006-01-25,8.42379379272461,8.767550125156585,8.328109040398182,8.74274296714603,7064769
2006-01-26,8.374183654785156,8.491131743754558,8.026883269360871,8.476956217818874,8518768
2006-01-27,8.469865798950195,8.576182210130133,8.391900430751575,8.452146397086873,4448479
2006-01-30,8.547835350036621,8.625800756387655,8.427343358403203,8.434431122616934,3623773
2006-01-31,8.448601722717285,8.59035692430176,8.391899642083494,8.469865002954956,5312929
2006-02-01,8.42025089263916,8.590357138787782,8.367092690717715,8.388355971486293,4267296
2006-02-02,8.228883743286133,8.43088496895166,8.101304021813169,8.374182870519231,5518523
2006-02-03,8.168635368347168,8.317478333085875,8.122564926880425,8.21470580981391,4005152
2006-02-06,8.303304672241211,8.391901694904044,8.204076006858838,8.204076006858838,3301889
2006-02-07,7.977269172668457,8.211165357763841,7.902848488401125,8.204077594579132,6448479
2006-02-08,7.956007957458496,7.980814303315238,7.761094439373652,7.8496914930485815,5546492
2006-02-09,7.842604160308838,8.08713121273497,7.814253101572789,7.9666400422790495,5250859
2006-02-10,7.761092662811279,7.945374492271876,7.697302798767227,7.8674091028847,5450074
2006-02-13,7.782352924346924,7.902844842905369,7.736282484898107,7.796528444177329,3779441
2006-02-14,7.60161828994751,7.743373548735319,7.509477371735435,7.6902153266898905,7259323
2006-02-15,7.711477279663086,7.8355131096159205,7.629968019979795,7.6370557816913855,5077159
2006-02-16,7.84968900680542,7.934742151394349,7.711477646848412,7.711477646848412,4725098
2006-02-17,7.885128974914551,7.991444592090275,7.8319707517406405,7.849690159465277,6024534
2006-02-21,8.041056632995605,8.150916929454901,7.977266783438596,8.062319916181275,4423945
2006-02-22,7.8071608543396,8.030424484524945,7.79652921341783,8.009161202681407,4931673
2006-02-23,7.739827632904053,7.846144049050355,7.598072411375649,7.725652110751212,8676766
2006-02-24,7.924108028411865,7.973721518056518,7.831967150610035,7.831967150610035,4247547
2006-02-27,7.842604160308838,7.973726977790777,7.782358160494734,7.927657336516983,4234666
2006-02-28,7.644142150878906,7.761090197815866,7.371263374692664,7.601615588356375,13526251
2006-03-01,7.743373870849609,7.913480188471181,7.732742225998261,7.817795384809047,7355128
2006-03-02,7.768180847167969,7.870953411484478,7.707934861189326,7.849690122315545,5649166
2006-03-03,7.679582595825195,7.771723501001796,7.672494833888534,7.771723501001796,5038763
2006-03-06,7.186983585357666,7.5520033476526836,7.094843503659092,7.548459466465354,14132851
2006-03-07,6.907017707824707,7.1940712509653055,6.857403371869443,7.190527369825644,14823970
2006-03-08,7.136479377746582,7.193399670290894,6.937255440529353,6.97283072741641,13107704
2006-03-09,7.051098346710205,7.232533616903955,7.0368680641557955,7.122249759482254,5833783
2006-03-10,7.100903034210205,7.239647431311908,7.026194064492077,7.068884904331007,6099239
2006-03-13,7.239650726318359,7.268111299164335,7.13292441052115,7.136481982126896,4702036
2006-03-14,7.307241916656494,7.325029768185293,7.1827269559549025,7.239648080847059,4272203
2006-03-15,7.264551639556885,7.310800057138721,7.182727516142867,7.264551639556885,5559617
2006-03-16,7.456661701202393,7.492237412999045,7.221862003344488,7.268110428680136,7327404
2006-03-17,7.431758880615234,7.485122449585972,7.357049884056202,7.460219450732961,7658857
2006-03-20,7.339261531829834,7.524255225095312,7.271667682367448,7.431758378462574,6837954
2006-03-21,7.154270648956299,7.374839281073017,7.143597932932492,7.275227264850818,5580103
2006-03-22,7.253878116607666,7.364162792354319,7.147151843421256,7.168496432158644,4157630
2006-03-23,7.371279716491699,7.467334134740935,7.264552585103659,7.293013153473803,6125000
2006-03-24,7.403296947479248,7.513581636380964,7.310800111626195,7.381951523820851,6349362
2006-03-27,7.389068126678467,7.424643839813058,7.296571272528529,7.360607556170793,3877821
2006-03-28,7.453099727630615,7.5029056947265715,7.392621053299811,7.406851329612941,5403705
2006-03-29,7.463778018951416,7.499353736350503,7.403299299372968,7.463778018951416,5389720
2006-03-30,7.6238694190979,7.648772423471829,7.413972667946214,7.413972667946214,10493253
2006-03-31,7.6096367835998535,7.648770064116324,7.559830790215257,7.620309496467982,5916217
2006-04-03,7.6096367835998535,7.737709338017391,7.549158077347128,7.648770064116324,4855741
2006-04-04,7.595404148101807,7.652325265774686,7.542040600283482,7.574058728974476,5771099
2006-04-05,7.815975666046143,7.826648378596104,7.652327406946743,7.65588497779673,7126472
2006-04-06,7.993850231170654,8.004522106035754,7.823086915335308,7.83731719165492,8670510
2006-04-07,7.815975666046143,8.004526088720429,7.748381819896391,8.000969350245464,9372424
2006-04-10,7.897800445556641,7.944048870412551,7.826649022701393,7.86578230527178,4412659
2006-04-11,7.791072845458984,7.9796241047522365,7.691460859417267,7.897799973360826,4121565
2006-04-12,7.798186779022217,7.851550334704674,7.687902097278472,7.791071638264556,3787537
2006-04-13,7.766170978546143,7.805304264468794,7.659443835120729,7.705692263938408,2713199
2006-04-17,7.912029266357422,7.915586836842014,7.755496165035389,7.8088597223042635,3420020
2006-04-18,8.189518928527832,8.203749210460547,7.958277679496159,7.986738243361588,6102184
2006-04-19,8.267788887023926,8.289134318721283,8.047219426151225,8.20375259193185,5143278
2006-04-20,8.136157035827637,8.303362882745082,8.022314757075332,8.25355688579095,2866413
2006-04-21,8.0899076461792,8.214422623728682,8.011641088862381,8.210865052941553,5179588
2006-04-24,7.976064205169678,8.13615401790836,7.8906825277758195,8.104135888885665,4889352
2006-04-25,7.919145584106445,8.032987024155204,7.880012302960757,7.990297004371333,6722890
2006-04-26,7.89068603515625,8.114812205563572,7.826649748646967,7.968952607556485,4365064
2006-04-27,7.883570671081543,7.968952384032351,7.645213389093874,7.826649529114339,4989818
2006-04-28,7.8017425537109375,7.944045336111,7.773281997230925,7.915584779630988,4208783
2006-05-01,7.855111598968506,7.91559032384889,7.815978306398846,7.8373237387095696,5477306
2006-05-02,8.011642456054688,8.043660598602758,7.919146432179855,7.919146432179855,7180692
2006-05-03,8.00096607208252,8.146825584795273,7.95116010058925,8.011637947884967,5102306
2006-05-04,7.837319374084473,8.018754615308524,7.630980309991615,7.826646663872773,9073970
2006-05-05,8.068563461303711,8.100581603307898,7.9404917256621,7.997412867002876,6915604
2006-05-08,8.210864067077637,8.21797920779759,7.944047122454276,8.036543119438768,5271222
2006-05-09,8.278460502624512,8.30692107443844,8.129042500601392,8.225096930473399,5232949
2006-05-10,8.296250343322754,8.349613928231049,8.2144261797967,8.2144261797967,2963322
2006-05-11,8.139713287353516,8.3496099547727,8.086349727840163,8.3496099547727,3955962
2006-05-12,7.869339466094971,8.093465604027623,7.858666753223175,8.075677749241297,6090162
2006-05-15,7.695018768310547,7.8373216117629045,7.5954067778938965,7.787515616554579,7154073
2006-05-16,7.602522850036621,7.798189283718291,7.577619849386227,7.737710567853048,9729146
2006-05-17,7.435314655303955,7.638096168395179,7.399738951252862,7.559829619482777,5470805
2006-05-18,7.360604286193848,7.648767434566445,7.325028588863898,7.428198111120754,6256624
2006-05-19,7.410410404205322,7.4673315210220546,7.228974344351988,7.364161996791728,6045633
2006-05-22,7.321471214294434,7.396180180678796,7.150708694933533,7.381949901367489,6773675
2006-05-23,7.271667957305908,7.542043365378224,7.253880101511677,7.4032980901832195,5378435
2006-05-24,7.2574381828308105,7.41041375341459,7.1186937302578865,7.275226039875436,6313543
2006-05-25,7.50291109085083,7.566947380315078,7.2183053598986175,7.293014364273573,5884323
2006-05-26,7.591848373413086,7.595405944108863,7.417527409320016,7.47089096975667,3496811
2006-05-30,7.840878963470459,8.182404945825535,7.808860824589509,8.075677816222369,10261408
2006-05-31,8.040103912353516,8.047219055925291,7.890686729721479,7.9262624475803545,5570412
2006-06-01,8.139713287353516,8.157501140524632,7.933375022943529,8.04010130959526,5713935
2006-06-02,8.274900436401367,8.27845800680556,8.111252197808536,8.164615753871416,8944308
2006-06-05,8.032988548278809,8.303363996584547,8.018758261525875,8.289133709831614,4796614
2006-06-06,7.915585994720459,8.114809088287753,7.798186181218838,7.976064686524324,7548332
2006-06-07,7.715557098388672,7.933450358495936,7.6869809331287025,7.858437924688517,6859053
2006-06-08,7.597675800323486,7.679832225527437,7.297626247404709,7.679832225527437,12598135
2006-06-09,7.67983865737915,7.711986850687362,7.579822055975826,7.579822055975826,4849239
2006-06-12,7.508378505706787,7.711983645368051,7.486946385742443,7.651259305469077,8031158
2006-06-13,7.261908531188965,7.472657693572834,7.247620452383279,7.454797595065727,6704367
2006-06-14,7.429793357849121,7.440509416810155,7.165464739232609,7.2476203555115495,4415726
2006-06-15,7.7441301345825195,7.769134269081909,7.483372731946025,7.5012328280170175,5694063
2006-06-16,7.747703552246094,7.79056779055341,7.597678718170487,7.744131532387151,4099730
2006-06-19,7.454795837402344,7.740557346140304,7.397643535654751,7.733413308421855,6543670
2006-06-20,7.397645473480225,7.547670304866906,7.365497295325936,7.454797790198961,4113837
2006-06-21,7.529810428619385,7.661975164940812,7.4369379112043275,7.476230130110698,4022571
2006-06-22,7.376211643218994,7.515520382897308,7.340491453557888,7.497660288066755,4664622
2006-06-23,7.947734832763672,8.090614758438516,7.769133880975734,8.090614758438516,13822130
2006-06-26,7.947734832763672,7.965594927942465,7.822714166512115,7.940590794692154,6563665
2006-06-27,8.151339530944824,8.179915684804598,7.951307289681964,7.965595366611851,7912905
2006-06-28,8.23349380493164,8.258497932973894,8.097757109845121,8.147765365929628,4663273
2006-06-29,8.344231605529785,8.426388077769097,8.194206743179738,8.269219174354761,7106845
2006-06-30,8.344231605529785,8.41209999564052,8.251359071694042,8.376379790319081,4965775
2006-07-03,8.476395606994629,8.47996762720725,8.147769747433387,8.147769747433387,3253557
2006-07-05,8.354947090148926,8.397811333574527,8.212066278730253,8.365663151005327,4603165
2006-07-06,8.244211196899414,8.390663970613721,8.187058894962124,8.354943781902914,5530177
2006-07-07,8.16562557220459,8.30493428754167,8.07632511365518,8.269214104121906,5226938
2006-07-10,8.162055015563965,8.222779338252376,8.097758673893882,8.140622901673938,2717615
2006-07-11,8.251358032226562,8.283506212965982,8.115621269104574,8.187061670747726,3827159
2006-07-12,8.222779273986816,8.276359558293127,8.147766875957982,8.269215520385618,3450810
2006-07-13,8.140625,8.25135761697423,8.065612582049715,8.215637417950285,5946271
2006-07-14,8.27278995513916,8.287078035126546,8.09061693529999,8.179917435221151,4285819
2006-07-17,8.08347225189209,8.254929198093388,8.001316634259632,8.219209000968117,3983317
2006-07-18,8.16562557220459,8.190629700598425,8.069181076971228,8.144193462152732,4983194
2006-07-19,8.279932022094727,8.319224232697035,8.122763179685492,8.215635677472767,4202527
2006-07-20,8.101332664489746,8.287077696741258,8.094188624787765,8.197777200466493,3162414
2006-07-21,8.044180870056152,8.197777733638473,8.029893625478664,8.197777733638473,5366781
2006-07-24,8.276361465454102,8.347801860991527,8.015604857498174,8.022748897051915,4061212
2006-07-25,8.444243431091309,8.526399857122966,8.294218653120454,8.301362690166686,4021344
2006-07-26,8.608558654785156,8.669282986407481,8.376377386817444,8.44424575745416,4832802
2006-07-27,8.54426383972168,8.715720806891165,8.47639545688376,8.665712524800066,4621565
2006-07-28,8.519258499145508,8.615703029598738,8.444246086570773,8.612131009952323,3963567
2006-07-31,8.662137985229492,8.77287057765272,8.54426135458541,8.554977411916692,5570412
2006-08-01,8.726436614990234,8.805021056003762,8.640708133884567,8.662140254160985,5282507
2006-08-02,8.687143325805664,8.88360356841553,8.56926667878636,8.776443815971804,5163886
2006-08-03,8.819303512573242,8.901459085490727,8.740719121668926,8.872883779098913,5671982
2006-08-04,8.7335786819458,8.912178808143238,8.644278200969305,8.90860678890418,4238960
2006-08-07,8.797873497009277,8.937181387330998,8.790729459774553,8.9086052383921,5308513
2006-08-08,8.72286319732666,8.869315995750162,8.654994827325524,8.715719158379171,4111874
2006-08-09,8.73000717163086,8.894319230450787,8.66928284102686,8.751439288314625,4444921
2006-08-10,8.662137985229492,8.737150386548453,8.576409526579251,8.683570099892052,3288273
2006-08-11,8.69786262512207,8.765731022933549,8.619278164498253,8.644282311060376,3111506
2006-08-14,8.78715991973877,8.808592037488271,8.619274997367683,8.662139232866684,6089794
2006-08-15,8.869317054748535,8.894320358294534,8.75501241794073,8.794304636843414,4754293
2006-08-16,8.951469421386719,9.072918053828726,8.880029049362008,8.9193212539756,5544774
2006-08-17,8.840736389160156,8.947896095789273,8.772868045650036,8.872884551875476,3380888
2006-08-18,8.905034065246582,8.908606084203083,8.740722029003026,8.869314711437061,3733440
2006-08-21,8.894320487976074,9.005053106498146,8.8836044281191,8.905036547833049,4093106
2006-08-22,8.958617210388184,8.962189230485354,8.790733101576965,8.790733101576965,10919406
2006-08-23,8.8223876953125,9.03389493005191,8.790123751896537,8.92276356939693,2274411
2006-08-24,8.87975025177002,8.894089789338734,8.768618835612482,8.872580482985663,4873773
2006-08-25,9.023144721984863,9.094842409298387,8.883335070489137,8.904844376683194,3187071
2006-08-28,9.037487030029297,9.094845197464151,8.897677335672743,8.976543977129765,3973871
2006-08-29,9.044647216796875,9.05540186179475,8.926346121820261,8.990873991807506,2593351
2006-08-30,8.833145141601562,9.044652443349918,8.700504443313212,9.044652443349918,4811580
2006-08-31,8.829557418823242,8.879745775011086,8.786538827805092,8.836727183992934,2713567
2006-09-01,8.901259422302246,8.940692311248869,8.79012800784042,8.886919884952333,1817223
2006-09-05,8.951446533203125,8.980125606521906,8.822391542034206,8.897674109496007,3063665
2006-09-06,8.68616771697998,8.94786347567131,8.68616771697998,8.944278590774637,6407753
2006-09-07,8.779375076293945,8.858242547182856,8.65390409987977,8.78295996133435,4232458
2006-09-08,8.585787773132324,8.815220321896566,8.557108704536793,8.76503195185439,4966143
2006-09-11,8.399375915527344,8.596544561141991,8.30258403495288,8.510507333964691,4778705
2006-09-12,8.374279022216797,8.435222038470137,8.291826706109337,8.334845305817577,5781035
2006-09-13,8.359940528869629,8.506920762822249,8.338431226339978,8.392204482664107,4985402
2006-09-14,8.148433685302734,8.44239420003333,8.065981345805127,8.370696513513673,10187316
2006-09-15,8.259562492370605,8.28465667473179,8.058809872246497,8.2201287772316,7462341
2006-09-18,8.417299270629883,8.438808574697052,8.216545766002971,8.288243446226868,4703754
2006-09-19,8.24522590637207,8.463903859387615,8.202207292664093,8.388621285398658,3065873
2006-09-20,8.069564819335938,8.33484621307975,8.065979935636697,8.22729970210253,10561580
2006-09-21,8.230883598327637,8.367109162555554,8.108997567176344,8.108997567176344,6958170
2006-09-22,8.180696487426758,8.270318582903116,8.06598020521702,8.241639512350682,4090162
2006-09-25,8.116168975830078,8.20579107569189,8.00503841076699,8.173527119741637,6511163
2006-09-26,8.363524436950684,8.388618620307835,8.065979120001607,8.11616748671591,5241290
2006-09-27,8.456731796264648,8.54276900034013,8.324091106648282,8.424467844736343,5427870
2006-09-28,8.582201957702637,8.596541490443416,8.42805198073926,8.44239151348004,6432041
2006-09-29,8.557110786437988,8.614468937583993,8.45673402193248,8.567865439777863,4073970
2006-10-02,8.553522109985352,8.61805000141766,8.481824452838342,8.600125587130908,4772080
2006-10-03,8.255975723266602,8.553520960438215,8.245221076139917,8.549936078062654,5584642
2006-10-04,8.227300643920898,8.410129733511493,8.14843319350927,8.316922746661385,10370461
2006-10-05,8.488996505737305,8.578618601317883,8.35994068810127,8.35994068810127,7782507
2006-10-06,8.528433799743652,8.535603570393004,8.359944189483917,8.438811666626773,4336359
2006-10-09,8.463898658752441,8.643142772399285,8.428049836023073,8.532011421938243,2773553
2006-10-10,8.546354293823242,8.567863595873941,8.37786476109276,8.42088336519416,3003189
2006-10-11,8.467490196228027,8.661073991117888,8.445980885684708,8.661073991117888,2590407
2006-10-12,8.689749717712402,8.739938089608088,8.43522297452714,8.46748692788865,5522080
2006-10-13,8.693334579467773,8.811635741494598,8.653900858792166,8.718428765352252,3627208
2006-10-16,8.811636924743652,8.815221808922821,8.632392715785157,8.661071789218516,3154686
2006-10-17,8.765035629272461,8.808054250214452,8.657489076917484,8.800884480057453,3940751
2006-10-18,8.643148422241211,8.854656614602884,8.585790268380418,8.775789153044295,4130275
2006-10-19,8.790124893188477,8.808049308524614,8.58220167528928,8.603710973692646,4725343
2006-10-20,8.797300338745117,8.836734077942527,8.657489808863392,8.81522476565303,4608194
2006-10-23,8.743525505065918,8.89767554909507,8.657488271189182,8.729185966086462,4062561
2006-10-24,8.825976371765137,8.829561255907874,8.682581006055615,8.686165890198353,5250736
2006-10-25,8.865407943725586,8.976538486388732,8.707673079762506,8.825974227734816,5623773
2006-10-26,8.818808555603027,8.919184495053226,8.696922467769342,8.865412059774732,12403214
2006-10-27,8.786542892456055,9.00163510828315,8.775788239726419,8.818806850644961,4677502
2006-10-30,8.675410270690918,8.793711434213817,8.639561433259736,8.793711434213817,9927870
2006-10-31,8.75786304473877,8.772202580444695,8.503336285958586,8.71125955369451,4091021
2006-11-01,8.725601196289062,8.825977970467576,8.592960458981741,8.815223316091307,5125981
2006-11-02,8.75786304473877,8.922766866591374,8.65748629479729,8.725599089400436,4991781
2006-11-03,8.872575759887695,8.96219698321885,8.775783932823625,8.854651347468423,4999632
2006-11-06,8.976536750793457,8.976536750793457,8.840312051565865,8.908424820562274,5559617
2006-11-07,8.962202072143555,8.980126494740688,8.883335451481855,8.976541610221261,6129539
2006-11-08,9.227483749389648,9.256162826237551,8.88333566598053,8.955032519334583,7496933
2006-11-09,9.489177703857422,9.528611423628126,9.252575385233198,9.27408468692631,9525638
2006-11-10,9.50710678100586,9.510691666378193,9.345786939250816,9.49993701026119,4386899
2006-11-13,9.546536445617676,9.625403890148222,9.403141091925773,9.464084117244832,3848135
2006-11-14,9.52144718170166,9.59314489561828,9.435409925001716,9.55729603865997,2824215
2006-11-15,9.535786628723145,9.697106483415508,9.521447086083823,9.568050599661618,5323479
2006-11-16,9.467666625976562,9.657665421954198,9.438987562432768,9.607477060752558,5060967
2006-11-17,9.575212478637695,9.628985719212698,9.399553226092685,9.435402053142687,4353042
2006-11-20,9.499931335449219,9.643326664684968,9.496346452218324,9.553704583912625,3940996
2006-11-21,9.654082298278809,9.675591599856304,9.499932303640096,9.535781139602587,4163150
2006-11-22,9.571627616882324,9.704268277257645,9.446156721932697,9.618231092149328,2725834
2006-11-24,9.53936767578125,9.682763044472765,9.535782791563962,9.58955605482328,1119971
2006-11-27,9.553705215454102,9.765212501293005,9.52144126424327,9.564459865857712,3561212
2006-11-28,9.775972366333008,9.808236334753877,9.578804509193573,9.58238939457367,5834028
2006-11-29,10.005401611328125,10.152381861681807,9.786723677875086,9.822572519424766,7991904
2006-11-30,9.951626777648926,10.087852354027785,9.879929105870579,10.008984915071602,5166830
2006-12-01,10.019737243652344,10.019737243652344,9.865587285054874,9.955209354006891,5317713
2006-12-04,9.96596622467041,10.00181506024543,9.912192971307878,10.00181506024543,2646835
2006-12-05,9.987475395202637,10.037663764350315,9.922947492012765,9.983890511692088,4271099
2006-12-06,9.991071701049805,10.088177247690947,9.962299687230207,9.991071701049805,3876840
2006-12-07,9.9335298538208,10.070196949462323,9.893968326135097,9.98028438654027,3279931
2006-12-08,9.86159610748291,9.969491142551695,9.825631095793316,9.969491142551695,2979146
2006-12-11,9.793267250061035,9.868793810584453,9.757303062724423,9.822039273117575,3274289
2006-12-12,9.840018272399902,9.890369294762062,9.750106573951234,9.818439262816119,3809004
2006-12-13,9.951512336730957,10.01265287933564,9.86519627658317,9.911950809163221,2681551
2006-12-14,9.947916030883789,10.077390123665026,9.908354502533967,9.911951005111224,3287659
2006-12-15,9.764497756958008,9.955111601184322,9.760901253454035,9.955111601184322,4287291
2006-12-18,9.52712631225586,9.793266668233123,9.519933306919068,9.782478001711949,4399166
2006-12-19,9.660194396972656,9.71054542122661,9.40484277397046,9.51273782594322,6905299
2006-12-20,9.5523042678833,9.724936440007573,9.548707764297378,9.635023850359515,2685231
2006-12-21,9.494760513305664,9.624234646527924,9.379672394885876,9.599059120623597,3228288
2006-12-22,9.501951217651367,9.60624979968971,9.426424658244292,9.527126737453726,2309127
2006-12-26,9.4515962600708,9.577473806902498,9.368876729295684,9.462385764084946,2934372
2006-12-27,9.483965873718262,9.523527393032042,9.408439336846499,9.494755378985657,2967002
2006-12-28,9.52712631225586,9.59186336028698,9.487564782903508,9.541512322929442,3411310
2006-12-29,9.39405632019043,9.537916436216696,9.368880799885833,9.494758401408816,3130643
2007-01-03,9.239407539367676,9.39405717822124,9.135108945722248,9.39405717822124,11185599
2007-01-04,9.214232444763184,9.563093274195522,9.091951329292055,9.401250621366087,5996811
2007-01-05,9.26457691192627,9.322120925393634,9.14948888499154,9.189050394250353,5845559
2007-01-08,9.325721740722656,9.433616815890952,9.25379169061046,9.264581198127289,4716757
2007-01-09,9.207038879394531,9.307740968378969,9.066775255451923,9.286161949310875,6088322
2007-01-10,9.106331825256348,9.207033859333816,9.052384307000562,9.207033859333816,7153582
2007-01-11,9.120720863342285,9.394055046739208,9.063176824732407,9.106334853689816,5975098
2007-01-12,9.289756774902344,9.329318302716315,9.10633514594666,9.120721156060831,5579858
2007-01-16,9.232213973999023,9.350898573375998,9.185459434850518,9.30054753121607,4224607
2007-01-17,9.347301483154297,9.376073505438187,9.189055360592901,9.232213394018737,4881501
2007-01-18,9.257389068603516,9.498354759267922,9.22502054299188,9.386863171050063,4925662
2007-01-19,9.476773262023926,9.491159269641908,9.304141170608133,9.31493067632162,4572866
2007-01-22,9.54870319366455,9.609843725359381,9.48396616010532,9.527124182478142,5061335
2007-01-23,9.757301330566406,9.782476846271614,9.559493707168352,9.559493707168352,3757974
2007-01-24,9.764497756958008,9.775287267469924,9.537918036207763,9.714146707902398,3468474
2007-01-25,9.563089370727539,9.760896976777834,9.545106861086603,9.735721463280525,2768400
2007-01-26,9.537919044494629,9.653007168788106,9.501954005652918,9.584673594988853,2888862
2007-01-29,9.494760513305664,9.599059120623597,9.422830439293296,9.512743031808755,4492395
2007-01-30,9.696159362792969,9.732124379926184,9.512737775413575,9.530720283980182,5216511
2007-01-31,9.706948280334473,9.793263474745412,9.570281223501233,9.692562274352026,3810476
2007-02-01,9.811248779296875,9.858003312069002,9.714144052715667,9.757302082966861,5008587
2007-02-02,9.86159610748291,9.890368116834585,9.74291241039091,9.840017100469153,4091021
2007-02-05,9.840018272399902,9.95510632351341,9.638615024435023,9.678176542005291,6864818
2007-02-06,9.800461769104004,9.904760368788596,9.7321290452776,9.901163865351196,4252331
2007-02-07,9.83642292022705,9.915545964613425,9.786072733465035,9.800457900051425,5875859
2007-02-08,10.016252517700195,10.027042028596616,9.79686579613963,9.872392372414579,4897939
2007-02-09,10.001860618591309,10.134931174688633,9.951509597365295,10.063001144365755,4899289
2007-02-12,9.911951065063477,10.005460132637735,9.850810520880307,10.005460132637735,3086359
2007-02-13,9.96949577331543,10.005460801710537,9.893969213685702,9.93353074492032,3790726
2007-02-14,9.919142723083496,10.048616799063206,9.879581199867474,10.023441284289374,5151987
2007-02-15,9.843615531921387,10.034230131254798,9.768089834046691,10.034230131254798,3609176
2007-02-16,9.89037036895752,9.893966870945434,9.778879648816035,9.807650823235496,4140702
2007-02-20,9.973088264465332,9.973088264465332,9.836421211538445,9.890368732430638,4186457
2007-02-21,10.18887996673584,10.206862476556775,9.893966805672498,9.973089848884614,5567468
2007-02-22,10.073793411254883,10.1924779938322,9.929933311161166,10.178091983822828,6805569
2007-02-23,10.037826538085938,10.091774065688366,9.92633498104092,9.969493003122862,5508832
2007-02-26,10.17809009552002,10.325546670759016,10.066598538631998,10.070195040467096,8059985
2007-02-27,9.688968658447266,10.052214576203026,9.541512053211328,10.041425068502836,11735157
2007-02-28,9.699751853942871,9.818435519926469,9.516330342402902,9.692558853490324,7303852
2007-03-01,9.67098617553711,9.75370573482785,9.365283456419153,9.620635139447092,10041708
2007-03-02,9.433616638183594,9.635020774703762,9.404844618680713,9.5954592478873,5490186
2007-03-05,9.343707084655762,9.509146250046518,9.314935055892152,9.390461631396628,5440137
2007-03-06,9.455196380615234,9.53072293762388,9.379669823606589,9.386862829035984,6568204
2007-03-07,9.808863639831543,9.913519644209966,9.523763948401012,9.653682795128848,8342493
2007-03-08,9.848555564880371,9.924341522976661,9.812467857780105,9.837728999438044,4199338
2007-03-09,9.89908218383789,9.992912442760455,9.790817344840084,9.866602478826234,4041953
2007-03-12,9.866602897644043,9.902691460299994,9.783600047909774,9.826905478722496,3272694
2007-03-13,9.603157043457031,9.97486838703914,9.592330474875775,9.7727732845634,6627208
2007-03-14,9.751123428344727,9.754732285752745,9.527374269047572,9.603160274615963,3899534
2007-03-15,9.704206466674805,9.765557031134271,9.617593905084968,9.653682472414067,4050294
2007-03-16,9.595939636230469,9.779991307964883,9.567068785762325,9.743902744879705,4612610
2007-03-19,9.7402925491333,9.7402925491333,9.585111749206742,9.585111749206742,2925662
2007-03-20,9.816080093383789,9.819688949774047,9.68255240694423,9.772773816700688,3923086
2007-03-21,10.108399391174316,10.148096822363312,9.790820786037036,9.870214804040346,4946516
2007-03-22,10.314099311828613,10.397102991751412,10.18418050847119,10.19861593106646,8782875
2007-03-23,10.18057632446289,10.353801475095299,10.108399178366053,10.31771290204688,5137758
2007-03-26,10.306885719299316,10.418760289119216,10.137269436023985,10.285232576753529,6167934
2007-03-27,10.249140739440918,10.306882434494062,10.15891934092038,10.241923027559274,4659102
2007-03-28,10.292448043823242,10.393496020308817,10.249141768186568,10.321318894247693,5001595
2007-03-29,10.444021224975586,10.483718648932797,10.281622672423358,10.292449242593507,9388616
2007-03-30,10.270795822143555,10.44762979676662,10.158921266769779,10.444020940141659,5278337
2007-04-02,10.425975799560547,10.465673219170306,10.241924126824395,10.288839259090473,6257360
2007-04-03,10.292448043823242,10.429584583339379,10.263577193398792,10.429584583339379,6490309
2007-04-04,10.238317489624023,10.37545405981808,10.216664346961805,10.292450346279573,4407385
2007-04-05,10.259970664978027,10.310494664684194,10.140878379956352,10.270797236343634,5988469
2007-04-09,10.220272064208984,10.314102338613747,10.169748070298729,10.259969487995615,5247301
2007-04-10,10.32853889465332,10.375454036984882,10.205837753170771,10.205837753170771,5352184
2007-04-11,10.176960945129395,10.375447969692884,10.166134380153204,10.375447969692884,4516192
2007-04-12,10.285231590270996,10.516198421940112,10.144486177222628,10.516198421940112,4765211
2007-04-13,10.274409294128418,10.498158505386188,9.964047484964413,9.964047484964413,2626840
2007-04-16,10.324931144714355,10.368237434587313,10.198621132584897,10.274407139862573,7078140
2007-04-17,10.386281967163086,10.425979400483536,10.292451670223839,10.303278242947599,6776865
2007-04-18,10.314099311828613,10.353796723965603,10.23831334320345,10.23831334320345,4747179
2007-04-19,10.209444046020508,10.498152541701337,10.191399765040456,10.498152541701337,3165972
2007-04-20,10.47288990020752,10.494543036043563,10.267185109765105,10.494543036043563,7932777
2007-04-23,10.635289192199707,10.700247760056197,10.465672949152351,10.519805792678103,5437561
2007-04-24,10.660552978515625,10.721902700453589,10.624464410096497,10.638899837464148,3497669
2007-04-25,10.902344703674316,10.909562416802778,10.501762469419134,10.501762469419134,5740064
2007-04-26,10.819339752197266,10.902343443581016,10.743553773107756,10.86625488210982,8608685
2007-04-27,10.859036445617676,10.898733860588537,10.682202506202016,10.754379624330857,5844087
2007-04-30,10.646117210388184,10.909562907040918,10.642508353661782,10.8301680590601,4880643
2007-05-01,10.613638877868652,10.729121463732595,10.483720018850253,10.620856592258564,4635427
2007-05-02,10.78325080871582,10.81212165686999,10.541458299799007,10.63167970028079,4549681
2007-05-03,10.537846565246582,10.718288472546016,10.480104884711041,10.718288472546016,9169284
2007-05-04,10.599202156066895,10.671379291160944,10.49093645342582,10.570331302029274,4551889
2007-05-07,10.671380996704102,10.69303329631834,10.519808988781746,10.599203850074408,4974362
2007-05-08,10.545064926147461,10.628068597040228,10.40071071589917,10.628068597040228,5347154
2007-05-09,10.501761436462402,10.646115684832921,10.34297176325483,10.566720848229135,11178484
2007-05-10,10.1950101852417,10.498154152211551,10.16974818799421,10.411541590220164,9426398
2007-05-11,10.321321487426758,10.389889774412257,10.213055771133865,10.227491199972917,7330962
2007-05-14,10.368237495422363,10.433196930612944,10.278016057657666,10.303278060231781,4318204
2007-05-15,10.37545394897461,10.512590517703604,10.299667950466482,10.36823623483098,6395118
2007-05-16,10.299667358398438,10.44041277610861,10.191401652467535,10.379062209414432,4941487
2007-05-17,10.288835525512695,10.433189726256327,10.198614150047927,10.299662090568468,5533611
2007-05-18,10.447627067565918,10.45484477893038,10.288837417547777,10.288837417547777,4236138
2007-05-21,11.20909595489502,11.43645388686572,10.830166068277185,11.007000015365508,27657262
2007-05-22,11.320975303649902,11.71073107970753,11.169403284592873,11.403979028371609,10024166
2007-05-23,11.386136054992676,11.49474795070296,11.313728124519152,11.313728124519152,9526865
2007-05-24,11.161677360534668,11.491133618043053,11.118232579324772,11.368040071281678,9389352
2007-05-25,11.223220825195312,11.357175527767946,11.096506917356333,11.357175527767946,4310353
2007-05-29,11.30286979675293,11.331832976275606,11.078405155452186,11.154433501699213,6842002
2007-05-30,11.654046058654785,11.675768440607628,11.172534105774758,11.248562442609705,8731109
2007-05-31,11.498373031616211,11.708355268460796,11.480271041623155,11.708355268460796,7943940
2007-06-01,11.603360176086426,11.621462160540608,11.45492475063674,11.574397000959733,5768646
2007-06-04,11.740938186645508,11.748178982233355,11.552678348436324,11.58526108150681,7444185
2007-06-05,11.578020095825195,11.711974812001019,11.498372192741407,11.65042805051483,4909225
2007-06-06,11.371661186218262,11.55630151799409,11.292012415648298,11.55630151799409,4890947
2007-06-07,10.890146255493164,11.378899989239171,10.843081081132437,11.375279591211422,8639107
2007-06-08,10.958929061889648,10.984271837085224,10.719982895759934,10.868419150476878,7877453
2007-06-11,11.024096488952637,11.147189971721547,10.901003006183725,10.980651730328315,3945167
2007-06-12,10.756189346313477,11.002376362255367,10.709125028575762,10.951690800149684,6539500
2007-06-13,11.110986709594727,11.143570280625708,10.814114173534682,10.846697744565663,5755520
2007-06-14,11.324589729309082,11.407858852406717,11.143569896488136,11.16529227642665,5796860
2007-06-15,11.505615234375,11.603365145214262,11.389762484254424,11.603365145214262,8460378
2007-06-18,11.48388671875,11.530951873384094,11.393376805992128,11.509229494322204,3640947
2007-06-19,11.556299209594727,11.585261546032571,11.407862894092132,11.469409659056623,3950687
2007-06-20,11.25942325592041,11.683008842718204,11.226839684084071,11.346312780817312,5251227
2007-06-21,11.704733848571777,11.755419416127195,11.353556120441182,11.400621290314069,7667689
2007-06-22,11.570780754089355,11.809726170018294,11.39700165372296,11.6287062738033,7332066
2007-06-25,11.559920310974121,11.726457779231378,11.436826773554694,11.679392603159243,6069921
2007-06-26,11.320974349975586,11.585262575949049,11.230464393452163,11.559920635197422,6324583
2007-06-27,11.61784553527832,11.639567923675317,10.99875831303882,10.99875831303882,5783489
2007-06-28,11.473029136657715,11.715594932043706,11.389759990738343,11.621464593178327,5508096
2007-06-29,11.447688102722168,11.690253935180658,11.36441894407637,11.549059252377921,5559985
2007-07-02,11.603360176086426,11.614221366758935,11.444063559964231,11.534573482235144,5215039
2007-07-03,11.675771713256836,11.733698081367498,11.530956640055058,11.603363753118511,2434372
2007-07-05,11.856790542602539,12.124699970914623,11.654048272528529,11.654048272528529,7949460
2007-07-06,11.943678855895996,12.001605212803868,11.777140579785863,11.89299329360161,4085868
2007-07-09,12.160904884338379,12.207970057801917,11.89661583335082,11.979884986401695,6047964
2007-07-10,12.092114448547363,12.273134303451444,11.965400550114508,12.019706506585731,8889598
2007-07-11,12.081253051757812,12.186244565816333,11.972641140662791,12.063151066575308,7748528
2007-07-12,12.200729370117188,12.23331295203484,12.001607480620423,12.08487663440998,8368131
2007-07-13,12.32744026184082,12.388987012517784,12.146420406908572,12.193485569190956,4643768
2007-07-16,12.081253051757812,12.320199256166859,12.030567493246803,12.291236079874853,5001472
2007-07-17,12.037814140319824,12.334686841657685,11.969026563180563,12.117462913849494,3419406
2007-07-18,12.262273788452148,12.309338953322971,11.969021607333948,12.04142955328906,6638126
2007-07-19,12.450529098510742,12.504835038339007,12.17537985045527,12.182620642432372,5435721
2007-07-20,12.5700101852417,12.975494794640596,12.51208381247043,12.971874396342391,14394995
2007-07-23,12.41795539855957,12.620696874057774,12.410714601324813,12.598974482353501,7677134
2007-07-24,12.005229949951172,12.305723035037756,11.969025963796161,12.240555859958738,8226079
2007-07-25,12.05953311920166,12.150043063499536,11.76628089967654,12.005227152622934,7861261
2007-07-26,11.549055099487305,12.019705849431327,11.07840350246867,11.99074267423018,14612488
2007-07-27,11.368038177490234,11.538196875549076,11.11823072714853,11.52009488639388,13296614
2007-07-30,11.516477584838867,11.603366309069544,11.161678502007105,11.364420835053826,10085500
2007-07-31,11.675771713256836,11.987125941851637,11.65404932521534,11.83868962356807,8516070
2007-08-01,11.871264457702637,12.2369243869466,11.494744189515774,11.766272992870212,11880765
2007-08-02,12.005229949951172,12.229694664112236,11.755422445481601,12.128323502878207,11575810
2007-08-03,11.871264457702637,12.39984217720381,11.806097341599752,12.197100038217059,9338690
2007-08-06,11.53095531463623,11.965402178454076,11.042201639882032,11.892994226638638,15120707
2007-08-07,11.574397087097168,11.6576662162061,11.320970149927204,11.530953171158428,9956943
2007-08-08,11.947299003601074,12.063151714996437,11.57439808879725,11.603361266646091,11446026
2007-08-09,11.462172508239746,11.947305139278644,11.45493171005894,11.603367225690343,11616045
2007-08-10,11.487510681152344,11.585260570199324,10.861181890446213,11.382519149762299,8787291
2007-08-13,11.864032745361328,12.034191456501782,11.541818160702176,11.62146607203345,6735034
2007-08-14,11.621463775634766,11.979883117638945,11.603361788664857,11.911095567153295,6289500
2007-08-15,11.183399200439453,11.715596896978893,11.147195217880652,11.693874507443613,9279195
2007-08-16,11.20511531829834,11.24493967682271,10.557065240294392,11.078401450266249,12010427
2007-08-17,11.360797882080078,11.784383599888653,11.172537186576326,11.76628160993637,9775270
2007-08-20,11.288385391235352,11.458544028486987,11.067541202461951,11.284764994698083,6458292
2007-08-21,11.20874309539795,11.328216249643205,11.096510738379678,11.110992332833648,4320167
2007-08-22,11.441195487976074,11.521102327272546,11.328599487149228,11.328599487149228,4194063
2007-08-23,11.412137985229492,11.557423141599754,11.324966891407335,11.444827145412802,3832924
2007-08-24,11.579217910766602,11.622802615370043,11.419404211214966,11.441196988426553,3387758
2007-08-27,11.266851425170898,11.495675517945855,11.24142652597368,11.470250618748638,3461973
2007-08-28,10.925435066223145,11.25959099789767,10.900010158378343,11.139730718057894,6546860
2007-08-29,11.390345573425293,11.433931121720242,10.954490090475794,11.001707767795322,6597031
2007-08-30,11.266851425170898,11.466618490291893,11.208737369862972,11.393975921156986,3060967
2007-08-31,11.259590148925781,11.524735596458195,11.223268854743258,11.441196619838394,4955471
2007-09-04,11.575586318969727,11.673652971157775,11.2632231644263,11.2632231644263,5453140
2007-09-05,11.6736478805542,11.699072777394953,11.488410196248113,11.550156374289942,6950810
2007-09-06,11.808040618896484,11.906108111342515,11.63369841010354,11.63369841010354,5999509
2007-09-07,11.590113639831543,11.724501575169187,11.499310406617132,11.622801953969047,6105986
2007-09-10,11.459357261657715,11.608274567737546,11.259590143745745,11.568321144155153,6143523
2007-09-11,11.633695602416992,11.713602428828972,11.332229788954912,11.510204084145233,5282507
2007-09-12,11.778985023498535,11.898845306690703,11.575586604871015,11.58648299425212,4921124
2007-09-13,11.935162544250488,11.956955315598737,11.742659730674303,11.797141659044922,6004907
2007-09-14,11.942428588867188,12.022335429104269,11.80077555390145,11.811671941206507,4512022
2007-09-17,11.978752136230469,12.105876678734944,11.913373800085308,11.938798708586203,4526497
2007-09-18,12.225732803344727,12.265686217399686,11.924266133657301,12.058654890023984,4041094
2007-09-19,12.28384780883789,13.166454264941972,12.203940974556739,12.421868704414429,6055692
2007-09-20,12.21120548248291,12.545360491960189,12.145827162185698,12.309272962928729,3523553
2007-09-21,12.163989067077637,12.407341728954332,12.138564162105444,12.222103135585504,5908857
2007-09-24,12.193046569824219,12.254792769986299,12.025968616444475,12.084082687185255,2994971
2007-09-25,12.138561248779297,12.374649595429917,11.437561315466926,12.374649595429917,2732336
2007-09-26,12.302014350891113,12.378289092909355,12.113143561131658,12.222107478300574,4011040
2007-09-27,12.450925827026367,12.556256714082672,12.065920168100742,12.367386863297222,7527846
2007-09-28,12.371017456054688,12.618001337896949,12.280214245884935,12.4400278957837,3743131
2007-10-01,12.567157745361328,12.62527182856438,12.30927735096768,12.37102356437092,3773921
2007-10-02,12.6216402053833,12.705179203343498,12.396448973745295,12.639800857113778,4024289
2007-10-03,12.392812728881836,12.618003885754494,12.352859308339653,12.548993432090725,5635304
2007-10-04,12.53083324432373,12.56715453705306,12.207574588852365,12.378284664680216,3453018
2007-10-05,12.654321670532227,12.694275080002967,12.574414851590747,12.60710400479408,3198356
2007-10-08,12.654321670532227,12.70880359253778,12.534461442120008,12.603471876660377,2731477
2007-10-09,12.723334312438965,12.81413753153497,12.64342747963448,12.712437926147445,7797350
2007-10-10,12.64342975616455,12.730600862192428,12.621636979657582,12.679751050342833,3284593
2007-10-11,12.647062301635742,12.875886462486605,12.548994804128231,12.730601280993994,4152969
2007-10-12,12.67612075805664,12.82140595582574,12.599846029227862,12.694281407777778,2407998
2007-10-15,12.68701457977295,12.785082068416187,12.588947091129711,12.763289293162135,4190751
2007-10-16,12.72696590423584,12.785079962005376,12.618002045917958,12.687012489519283,2978533
2007-10-17,12.668859481811523,12.814144713796752,12.570791950221494,12.766927013401553,3418793
2007-10-18,12.716066360473633,12.82866231943983,12.5853097629645,12.636159550884718,3101816
2007-10-19,12.28384780883789,12.690645388086013,12.243894391697316,12.650691970945436,6696884
2007-10-22,12.233000755310059,12.298379088965094,12.022337235754943,12.113140476942492,3447866
2007-10-23,12.374654769897461,12.403711809327751,12.116773544953631,12.338333470609596,3307287
2007-10-24,12.71243667602539,12.7305973180587,12.28747850226539,12.40370661127858,5268155
2007-10-25,12.995745658874512,13.050227597413512,12.73060022465138,12.78508216319038,8321394
2007-10-26,13.206409454345703,13.264523523439832,13.021170859108166,13.075652798883912,8017787
2007-10-29,13.195512771606445,13.308108777960959,13.162823608471266,13.213673417792657,3519995
2007-10-30,13.04296588897705,13.300847115146777,12.952162640325739,13.235468776117832,4700442
2007-10-31,13.253625869750977,13.417070823649388,13.119237097805057,13.18461541929226,6615922
2007-11-01,12.948529243469238,13.391648203712151,12.88678304042772,13.148296370956503,8982090
2007-11-02,13.184618949890137,13.217308119387296,12.879520034583317,13.075655051566272,5633587
2007-11-05,13.210041046142578,13.275419371213205,12.981216908395382,13.05385949180719,5567959
2007-11-06,13.496976852416992,13.507873238678723,13.206407401923737,13.206407401923737,5424313
2007-11-07,13.180984497070312,13.707642396336608,13.162823850550106,13.544196577654754,4797105
2007-11-08,12.952164649963379,13.315377700924198,12.741501080406104,12.897682692319258,8456452
2007-11-09,12.839567184448242,13.05023073071169,12.788717362936376,12.82140653390829,6668548
2007-11-12,12.472718238830566,12.817770493834015,12.443662056649883,12.817770493834015,7976079
2007-11-13,12.548989295959473,12.654321006308024,12.29837331770814,12.381912260398371,8192468
2007-11-14,12.647062301635742,12.90131136924781,12.548994804128231,12.650694431173058,5626472
2007-11-15,12.51267147064209,12.636163854795885,12.36012290474229,12.51993572853349,10372669
2007-11-16,12.679747581481934,12.741493764692807,12.46908413288013,12.570783728756863,7519750
2007-11-19,12.479987144470215,12.723339878099006,12.432770299705448,12.574422533639597,7207434
2007-11-20,12.559889793395996,12.835931607477107,12.38191631571597,12.530832760334826,6201791
2007-11-21,12.363755226135254,12.592578503456485,12.331066065115134,12.530832310418482,4354637
2007-11-23,12.690649032592773,12.795980798939885,12.381918843119326,12.469089110276435,2323111
2007-11-26,12.472718238830566,12.810506235833943,12.450926314649955,12.723335139833072,5683881
2007-11-27,12.29111099243164,12.538094881534578,12.011437096887121,12.538094881534578,6074951
2007-11-28,12.341963768005371,12.41097422640565,12.127668134025564,12.38554932067923,11089426
2007-11-29,12.447296142578125,12.657958807880405,12.16762216560579,12.414606976438503,8054097
2007-11-30,12.607109069824219,12.628901847381904,12.421871310403647,12.567155644301797,6723871
2007-12-03,12.752391815185547,12.883148455529964,12.385547646261065,12.385547646261065,7576055
2007-12-04,12.650691032409668,12.930364931645117,12.614369746794674,12.676115932340164,4147203
2007-12-05,12.752391815185547,12.810505877560843,12.668852850521056,12.741495428490177,5188175
2007-12-06,12.88315200805664,12.93763395655687,12.723338292455972,12.748763201756079,4006379
2007-12-07,12.919468879699707,12.992111452806217,12.763287347520714,12.912204622389057,2867517
2007-12-10,13.035697937011719,13.057490710515712,12.886780651401095,12.941262585161079,2722522
2007-12-11,12.752391815185547,13.148293865117259,12.71243839730253,13.028433611468207,3435721
2007-12-12,12.9927978515625,13.127570487812822,12.60669246122374,12.803387660075561,6074460
2007-12-13,13.040151596069336,13.058364116152822,12.825243859084209,12.901736443434848,4757851
2007-12-14,12.752391815185547,13.054719602020123,12.748749311729709,12.93451698797746,3286923
2007-12-17,12.610335350036621,12.817958066276741,12.52291525898815,12.734180479021957,4416462
2007-12-18,12.646759033203125,12.868951740815836,12.573908965133382,12.679541563834508,5100343
2007-12-19,12.84709644317627,12.97458405954735,12.675898786906533,12.675898786906533,4462218
2007-12-20,12.909016609191895,12.989151667499923,12.737818984624743,12.989151667499923,3008955
2007-12-21,13.105717658996582,13.131215189040752,12.384502661422898,13.040152581740143,5512635
2007-12-24,13.08750057220459,13.127568105440043,13.0182930147979,13.08021556616178,4668425
2007-12-26,13.142142295837402,13.18949485017057,12.992799624478945,12.992799624478945,2725098
2007-12-27,13.072932243347168,13.196777362020823,13.05471972589516,13.09842976777998,2346663
2007-12-28,13.22591781616211,13.34612043521901,13.102072693497425,13.102072693497425,3369112
2007-12-31,13.032864570617676,13.204062232901949,12.989154529183393,13.160352191467666,2233440
2008-01-02,13.032864570617676,13.174922205279094,12.967299508466251,13.091144625863386,4440873
2008-01-03,13.367977142333984,13.433542219720685,12.938162487268318,13.051080120545413,5445289
2008-01-04,12.963652610778809,13.357042850341522,12.949082601906115,13.265980294887191,4283489
2008-01-07,12.898088455200195,13.094783588467818,12.792455883630547,13.018291036641521,7467125
2008-01-08,12.967302322387695,13.222277619417648,12.923592271468275,12.960017313901126,6463077
2008-01-09,13.112993240356445,13.112993240356445,12.807023099795176,12.98550568178925,4958415
2008-01-10,13.105717658996582,13.1530702147929,12.887167401475118,12.981872513067753,4587341
2008-01-11,12.7997465133667,13.09478934292359,12.741466448269042,12.970944204591069,5738837
2008-01-14,13.007365226745605,13.062002770894786,12.847095097241345,12.876235120787575,4971050
2008-01-15,12.457355499267578,12.90538277391493,12.410002933010416,12.872600228044586,6495952
2008-01-16,12.340795516967773,12.511992406773627,12.144100238864098,12.304370465467093,8024657
2008-01-17,11.557655334472656,12.475565587251909,11.521230290622402,12.140455183829566,10138862
2008-01-18,11.572224617004395,12.002039254890613,11.375529392706092,11.561297104543378,8348994
2008-01-22,11.306319236755371,11.437449356399298,9.769184538756502,11.025846480850303,11766806
2008-01-23,11.277181625366211,11.280824129469757,10.28642136144879,10.330131410691342,12663518
2008-01-24,11.634147644042969,11.798059485141634,11.244399684309602,11.291752240165058,12145118
2008-01-25,11.608649253845215,11.783488594879197,11.484804116937795,11.612291757871905,7803484
2008-01-28,11.619569778442383,11.692418962920879,11.393734664594684,11.64870894088584,5743499
2008-01-29,11.590438842773438,11.83812830941217,11.546728786499443,11.670573093695191,6901742
2008-01-30,11.652355194091797,11.8964028956897,11.524868441026303,11.524868441026303,6738714
2008-01-31,11.645072937011719,11.717923014387198,11.419238549394777,11.448378580344968,7869235
2008-02-01,11.834484100341797,11.841769108671622,11.550369627725718,11.670571412920724,5283366
2008-02-04,11.980181694030762,12.060316768448741,11.725206457246285,11.790771518133722,4684495
2008-02-05,11.728849411010742,12.118597287918847,11.692424375785686,11.794414474415845,8056428
2008-02-06,11.699710845947266,12.023893699991213,11.656000798211004,11.819913477221988,5285697
2008-02-07,11.743416786193848,11.852691867313407,11.528509978905486,11.623215049209104,5049681
2008-02-08,11.983824729919434,12.027534772453333,11.637787745439711,11.637787745439711,5282262
2008-02-11,12.457355499267578,12.493780550234625,12.005684867276189,12.005684867276189,7521712
2008-02-12,12.333503723144531,12.70868069500394,12.195088603571339,12.508343021937478,5041708
2008-02-13,12.552057266235352,12.584839805541645,12.366290395746853,12.45006799619627,4085868
2008-02-14,12.511984825134277,12.741462510536524,12.497415665609536,12.533839842791634,3612610
2008-02-15,12.420928001403809,12.526559776151677,12.26794281747997,12.482850575849172,3929833
2008-02-19,12.763319969177246,12.883522589281444,12.613977319956879,12.664972370910174,5384446
2008-02-20,13.065649032592773,13.065649032592773,12.69775612948539,12.745108681370498,6767419
2008-02-21,12.941802978515625,13.386187581655873,12.87623791132734,13.298768344318507,7391928
2008-02-22,12.95637321472168,13.26598603728741,12.624905369386605,13.218633487953827,8829612
2008-02-25,13.295122146606445,13.309692157488975,12.967296901749533,12.967296901749533,8344701
2008-02-26,13.444466590881348,13.477249121913994,13.12756964314606,13.185849698315208,7450074
2008-02-27,13.182209014892578,13.448110951067093,13.171281503039637,13.415328415508268,7916094
2008-02-28,13.338836669921875,13.386188368984795,13.036508842327361,13.062006369955814,9745707
2008-02-29,13.120290756225586,13.338841065052945,13.025585622400397,13.218638395197896,5560476
2008-03-03,13.269628524780273,13.295126051313185,13.065648312516974,13.113000861792383,8558636
2008-03-04,13.01101303100586,13.327910916190651,12.766965234369296,13.280558358634302,9505397
2008-03-05,13.47360897064209,13.477251474726057,13.040151836897058,13.040151836897058,7073356
2008-03-06,12.861664772033691,13.513671929550892,12.85073726349016,13.491816912463829,13810967
2008-03-07,12.694110870361328,12.883521036792136,12.515628213532299,12.814313475980878,7417198
2008-03-10,12.43185043334961,12.715964806551018,12.384497895774905,12.679539777647399,5876472
2008-03-11,12.58847713470459,12.839809832728335,12.446420375024935,12.686824712192141,9259200
2008-03-12,12.489851951599121,12.672504854083792,12.435055824437589,12.603096426345852,5208292
2008-03-13,12.5811767578125,12.639625954461131,12.303543928451857,12.489850742769367,10523307
2008-03-14,12.310843467712402,12.676149895894316,12.12088368060346,12.676149895894316,7336850
2008-03-17,11.788459777832031,12.095318044484952,11.543704634150606,12.040521925439787,10993989
2008-03-18,12.15742301940918,12.186647622739699,11.857870835271353,12.033218455254472,11504784
2008-03-19,11.507174491882324,12.32546239117064,11.492562192703598,12.193951698562104,11468842
2008-03-20,11.58388900756836,11.627725904896392,11.123601585624005,11.565623633681678,12915849
2008-03-24,11.7665376663208,11.832292988699946,11.594844068161965,11.678863903148608,9985034
2008-03-25,11.930930137634277,12.007644707192789,11.7482764005902,11.759235624812845,9265334
2008-03-26,11.927277565002441,12.033216736947784,11.890746816055772,11.901706040739773,7209764
2008-03-27,12.000337600708008,12.10262368529558,11.927276111716886,12.018602972955788,10778705
2008-03-28,11.861517906188965,12.139151497286136,11.795762581981739,12.05513080524357,5554097
2008-03-31,12.047821044921875,12.10261713199434,11.86882049381849,11.876126638761486,6123773
2008-04-01,12.292580604553223,12.329111340275762,11.971110130194885,12.073396190217993,5821762
2008-04-02,12.329113960266113,12.420440818979815,12.139154094141615,12.223174804158221,6354760
2008-04-03,12.325460433959961,12.427746511968618,12.230480504380495,12.230480504380495,4407139
2008-04-04,12.453314781188965,12.592130710392764,12.332763363570932,12.369294096182458,5312684
2008-04-07,12.449665069580078,12.643277149980202,12.38390973312411,12.511767331788493,5776497
2008-04-08,12.628664016723633,12.690766274819655,12.365643543037125,12.387561987071015,5598871
2008-04-09,12.701728820800781,12.888035643844193,12.599442721874988,12.632320396529707,4510304
2008-04-10,12.62135124206543,12.880719360289206,12.486188429541773,12.84053556732496,5562561
2008-04-11,12.65058422088623,12.745564158248042,12.489849796994221,12.497155946022053,9143768
2008-04-14,12.800360679626465,12.88438139609619,12.577523127250236,12.621360022799658,6452282
2008-04-15,12.986663818359375,13.019541480736997,12.730948666533429,12.858806242446402,7963935
2008-04-16,13.034151077270508,13.140090189670731,12.946477329077219,13.070681805684378,8804342
2008-04-17,13.107217788696289,13.246034612319756,12.972054039378703,12.972054039378703,7391438
2008-04-18,13.362929344177246,13.3885008573415,13.067030406133735,13.235071778355977,6222645
2008-04-21,13.490790367126465,13.523668037417247,13.260647529811271,13.315443646962574,4839671
2008-04-22,13.713627815246582,13.823220048790303,13.49444334815914,13.49444334815914,7045633
2008-04-23,13.647870063781738,13.790339942216654,13.611339325721504,13.790339942216654,8686580
2008-04-24,13.567503929138184,13.680749229554046,13.297177292543116,13.64056541327745,7212218
2008-04-25,13.837831497192383,13.867056091010156,13.604034746650191,13.680749305421848,5854882
2008-04-28,13.826872825622559,14.031444990500818,13.772076710030166,13.823219751249733,7255888
2008-04-29,13.28622055053711,13.757466356499497,13.278914400759081,13.731894832276403,9348258
2008-04-30,12.968399047851562,13.479828520345944,12.873419129940299,13.32274720313589,14731109
2008-05-01,13.162012100219727,13.22046128110686,12.89168463861673,13.0962567717217,12135550
2008-05-02,13.614992141723633,13.640563657881593,13.224114106600636,13.224114106600636,5933145
2008-05-05,13.571154594421387,13.881665846896517,13.5492361530702,13.62595069779935,8773430
2008-05-06,13.611340522766113,13.699014301821117,13.370238485085052,13.534625966092985,8027233
2008-05-07,13.337359428405762,13.783033570783243,13.26064487972503,13.644216768408583,14334028
2008-05-08,13.381197929382324,13.567503858243729,13.267952629558204,13.3702387068187,8367885
2008-05-09,13.322747230529785,13.410420146369571,13.151052763183314,13.169318132049959,5967861
2008-05-12,13.38850212097168,13.494440402216508,13.198542290965623,13.330052942508278,5721663
2008-05-13,13.541929244995117,13.596725345293939,13.30813340510683,13.446949337810493,4950687
2008-05-14,13.322747230529785,13.658829162955954,13.308134935436469,13.618645351449333,5227061
2008-05-15,13.731898307800293,13.790347520817924,13.286223913261447,13.359285429533486,9642051
2008-05-16,14.184871673583984,14.243320853492738,13.768421266734112,13.823217372898569,12202282
2008-05-19,14.327343940734863,14.469814703759148,14.173915663435492,14.246977154873433,6305447
2008-05-20,14.422322273254395,14.46981223458522,14.246974723725192,14.316382274027012,5367885
2008-05-21,14.257929801940918,14.586706361759353,14.243317510393432,14.418665008963263,7325932
2008-05-22,14.027793884277344,14.367529848616332,13.823221690696878,14.290814421303281,9995829
2008-05-23,13.823219299316406,14.246975912710022,13.702667848954428,13.936464601171597,6201178
2008-05-27,13.673439979553223,13.819562914686257,13.636909245769965,13.808603694551278,4908243
2008-05-28,14.031442642211914,14.064320306064975,13.636910675975194,13.68440063487406,5994112
2008-05-29,13.790336608886719,14.100847807343529,13.761112025502548,14.024133275960082,6192959
2008-05-30,13.896279335021973,13.972993886342012,13.68440105042377,13.808605562084784,4596295
2008-06-02,13.837831497192383,13.969342169372364,13.720933121921286,13.881668387919042,6543180
2008-06-03,13.97664737701416,14.151994928117603,13.797646751929397,13.874361305537153,7606354
2008-06-04,13.932812690734863,14.0752825985178,13.881669646915347,13.929159616176326,6556428
2008-06-05,14.382136344909668,14.40040171196635,13.943767535549338,13.972992122840028,5597645
2008-06-06,14.31273365020752,14.824163307295075,14.31273365020752,14.440592132879937,15707556
2008-06-09,14.50634765625,14.630552210589062,14.005876363766133,14.407714627804275,3860402
2008-06-10,14.199484825134277,14.466159224554897,14.002218831042311,14.429628484908237,4872792
2008-06-11,14.34968376159668,14.43760720235076,14.16284912857476,14.25443515316676,6264720
2008-06-12,14.005317687988281,14.324036117267422,13.997990807840589,14.324036117267422,5980864
2008-06-13,14.206808090209961,14.247105934420878,14.001655428772562,14.019972630686615,4608440
2008-06-16,14.166513442993164,14.364338411162999,13.972351058887066,14.155523119364517,5680815
2008-06-17,14.536519050598145,14.576816898484793,14.236116911806763,14.265424437542507,6060476
2008-06-18,14.56216812133789,14.738013335957348,14.375331723658725,14.56216812133789,6834642
2008-06-19,14.181172370910645,14.727025309867516,14.181172370910645,14.61345859102414,9203754
2008-06-20,13.976018905639648,14.327708515470704,13.965028578546612,14.228796428779468,7620093
2008-06-23,14.335031509399414,14.397310869835565,13.965024788173487,13.965024788173487,8494480
2008-06-24,14.335031509399414,14.441272166275775,14.012649525983717,14.338694950769431,7703631
2008-06-25,14.60612678527832,14.928507906192523,14.221465447816763,14.877219727864315,11868867
2008-06-26,14.382660865783691,14.749003384301547,14.250776941972088,14.653755598063096,6662291
2008-06-27,14.34968376159668,14.536520108910121,14.29473300398724,14.507212581040681,10131501
2008-06-30,14.767315864562988,14.869892216884807,14.47057884535219,14.5218670215131,8873896
2008-07-01,14.61711597442627,14.800286311372304,14.496222420609469,14.675731030822293,8951914
2008-07-02,14.104231834411621,14.836918200574482,14.104231834411621,14.664738215959016,9806305
2008-07-03,13.847796440124512,14.24711160066317,13.477788814304287,14.195823414905911,6307900
2008-07-07,13.408183097839355,13.869775871932125,13.2360013465043,13.715911328185907,9178606
2008-07-08,13.181050300598145,13.353232059468626,12.75242762426099,13.27996322590672,12301276
2008-07-09,13.023520469665527,13.45214222834019,13.005203263861235,13.221346292351896,7779195
2008-07-10,13.221346855163574,13.221346855163574,12.770743573196494,13.001540376155242,8045756
2008-07-11,13.320259094238281,13.510757175891747,13.122433273177512,13.144413919962041,8064769
2008-07-14,13.792845726013184,13.902748988486088,13.360560417432445,13.466799380676902,10131133
2008-07-15,13.129759788513184,13.877100901156124,13.111442583371304,13.877100901156124,9075687
2008-07-16,12.825695037841797,13.199366047636993,12.613215444036685,13.122433780914452,9377331
2008-07-17,12.228551864624023,13.07480572669263,11.950130398562203,12.98688315846258,13983930
2008-07-18,12.499651908874512,12.682823148869767,12.01974101436446,12.01974101436446,10053729
2008-07-21,12.67548942565918,12.807373264440196,12.459347324802483,12.649845345896205,6387390
2008-07-22,12.034394264221191,12.730447346256444,11.972115753873398,12.730447346256444,10133096
2008-07-23,11.803598403930664,12.10033721296914,11.492206683690629,12.001424276622982,12580226
2008-07-24,11.807258605957031,12.147958626545867,11.433588472779578,11.829239252446634,10358317
2008-07-25,11.799932479858398,12.074690578583176,11.686366656197997,11.851220658287025,8256624
2008-07-28,11.679043769836426,11.96845487570979,11.679043769836426,11.865878483753512,6044161
2008-07-29,11.726664543151855,11.770625842282856,11.411609423192251,11.635079360441507,7776129
2008-07-30,12.188254356384277,12.191917796828047,11.631412266076856,11.712007098694162,9036310
2008-07-31,11.741315841674805,12.675492394712329,11.642403796565832,12.177265299760322,11478901
2008-08-01,11.635075569152832,11.89884242084452,11.620421807550759,11.73032416242068,8730005
2008-08-04,10.895061492919922,11.704681887175095,10.788822569823987,11.55448081855762,13088322
2008-08-05,10.993977546691895,11.122198007916692,10.708229947393999,10.935362478703416,12359421
2008-08-06,11.360321044921875,11.448243641667325,11.048928514781737,11.048928514781737,8342002
2008-08-07,10.759521484375,11.580131834756545,10.72655049835826,11.580131834756545,9945412
2008-08-08,10.35654067993164,10.79981718040839,10.184358898754722,10.79981718040839,17281281
2008-08-11,10.220991134643555,10.6239696852684,9.869301620334998,10.349211582569643,20157262
2008-08-12,9.993855476379395,10.352872648186018,9.975538273736198,10.220988789155014,14962218
2008-08-13,10.327231407165527,10.448124977887852,9.982867902683752,10.092771148794958,16047596
2008-08-14,10.297926902770996,10.506743131780569,10.191687066959108,10.312580673227808,10489696
2008-08-15,10.290597915649414,10.378520520431765,10.023166659436429,10.297924799381276,10751227
2008-08-18,10.272276878356934,10.470102665397468,10.18801774683967,10.294257521361438,8118744
2008-08-19,10.660604476928711,10.770507721904787,10.111088252048335,10.14772266704036,13511899
2008-08-20,11.142337799072266,11.215884657054126,10.811377798552325,10.837119198845977,13938665
2008-08-21,11.340909957885742,11.488003617328816,11.109237444262899,11.245299079247744,11438420
2008-08-22,11.142337799072266,11.392397116210592,11.046726883695847,11.370333058816033,5758342
2008-08-25,11.168078422546387,11.396073666431459,11.061435485890465,11.396073666431459,8711237
2008-08-26,11.528456687927246,11.550520741272901,11.197495887742418,11.260010705555109,13665113
2008-08-27,11.741743087768555,11.89619060803537,11.686582951816723,11.763806281750973,6962095
2008-08-28,11.521102905273438,11.929287063719704,11.274720956961827,11.796902733283614,7038150
2008-08-29,11.359296798706055,11.605678681166419,11.263685918945317,11.602001339637159,4878803
2008-09-02,10.634861946105957,11.16439829421654,10.579701820219631,10.895952348236413,11831820
2008-09-03,10.42525577545166,10.752539261490684,10.292871444020145,10.719443178632806,11602674
2008-09-04,10.351706504821777,10.601765739071428,10.153130054094113,10.366415871542344,11242272
2008-09-05,10.241387367248535,10.450995865792724,9.99132896622564,10.311256866763264,11034838
2008-09-08,10.112682342529297,10.49880333528114,10.013394087250251,10.395837737213983,10395240
2008-09-09,9.443404197692871,10.292869285869001,9.421340147080551,10.086938146820687,18411555
2008-09-10,9.594175338745117,9.814815847824269,9.410308247845824,9.469145716933598,10720069
2008-09-11,9.708173751831055,9.719205778213114,9.119799871852832,9.52798398759076,13396590
2008-09-12,9.836877822875977,10.127386904793141,9.667720134945627,9.689784181197412,11082924
2008-09-15,8.781486511230469,9.653015944929987,8.726326366034394,9.564759712616267,15034102
2008-09-16,9.325729370117188,9.36250278823429,8.00556538050957,8.645421995348972,25890702
2008-09-17,8.777804374694824,9.425015531157644,8.68587084957255,9.211729752873968,15062929
2008-09-18,9.14185905456543,9.60520395938711,8.825608630719934,9.035217040044028,16400761
2008-09-19,9.884687423706055,10.480416063259428,9.329408692269563,9.329408692269563,15510182
2008-09-22,9.601529121398926,10.11267872573585,9.535336974886476,10.11267872573585,9800049
2008-09-23,9.174960136413574,9.741270885320382,9.15657342378673,9.546371731475832,10483317
2008-09-24,9.197021484375,9.38824323940707,9.01315527262687,9.178634777160378,8883096
2008-09-25,9.572113037109375,9.638305201929521,9.208056130598573,9.244829555498654,17171369
2008-09-26,9.373536109924316,9.524307145054378,9.208055705513273,9.41766421776726,9596418
2008-09-29,8.034984588623047,9.12715431068043,7.270098307099501,9.013156707797858,18886040
2008-09-30,8.696906089782715,8.711615459243628,8.156337622492408,8.156337622492408,14684985
2008-10-01,8.274015426635742,8.553493571670108,8.02395689410895,8.553493571670108,9478656
2008-10-02,7.211259841918945,8.222528390663472,7.1708095129602825,8.222528390663472,20081084
2008-10-03,7.009007930755615,7.556931103556336,6.961202478194624,7.2480351935605745,17863469
2008-10-06,6.505210876464844,6.534629609441445,5.556457598367603,6.523597584575219,30732336
2008-10-07,6.439015865325928,6.828813473813951,6.376501085536519,6.593464144805642,25886776
2008-10-08,6.538308620452881,6.8435276228158886,5.916838157844718,6.196316192479971,24444799
2008-10-09,5.7366461753845215,6.76262298944398,5.6520673352157145,6.619207125443678,15906403
2008-10-10,5.295366287231445,5.648390620340403,4.552544208168949,5.3799451367739834,24239328
2008-10-13,6.689077854156494,6.872944502218632,5.626327002204889,5.880063140006282,20092861
2008-10-14,6.681722640991211,7.3546756638454145,6.446372799486257,7.332611616204325,16705594
2008-10-15,6.008769989013672,6.611853564894954,5.968319232508283,6.45372788037389,15777478
2008-10-16,6.347085952758789,6.398568741681406,5.578522321383663,5.858000318392159,16282753
2008-10-17,6.744235992431641,7.082550886648322,6.045541730902672,6.196312690696588,17783734
2008-10-20,7.615766525268555,7.704022721527577,6.861912375954175,6.96855527976716,15228901
2008-10-21,7.259065628051758,7.564284128561747,7.078875884865025,7.409835777258833,11280054
2008-10-22,6.218379974365234,7.189197077173148,5.924192582424208,6.994298360211376,12541708
2008-10-23,6.402244567871094,6.766300915997625,5.7918067898646735,6.343407108747773,15760182
2008-10-24,6.166898727416992,6.247800280490664,5.611620316065147,5.806519512106266,13417812
2008-10-27,5.846969127655029,6.446375109646501,5.821227729515589,5.997739743701144,10807409
2008-10-28,6.350763320922852,6.3912140838139955,5.58219968638935,6.067608410883961,13228533
2008-10-29,6.5603718757629395,6.972233762166942,6.36547274379896,6.409600849149295,11514230
2008-10-30,7.100941181182861,7.281130955990782,6.659660530219758,6.7037886383359835,10891683
2008-10-31,7.711379528045654,7.722411555615942,6.895010348242746,6.924429088430179,16492026
2008-11-03,7.398806571960449,7.759185293373428,7.21861678105477,7.630478299869372,12049436
2008-11-04,7.72976541519165,7.9467286009042,7.490738176694774,7.553252992917034,11119357
2008-11-05,7.203904151916504,7.715054152384496,6.98694144967413,7.715054152384496,14567100
2008-11-06,6.648627281188965,7.431899765690911,6.472114881166618,6.505210956170808,15898307
2008-11-07,7.163455486297607,7.207583161043972,6.685401446253987,6.729529551199471,12205348
2008-11-10,7.137714862823486,7.652541949071944,6.9869438213054975,7.380419466242687,6390211
2008-11-11,6.714820384979248,7.03474872526372,6.604500119295246,6.990620618990119,6984298
2008-11-12,5.9205169677734375,6.685403979833277,5.82490646769033,6.549342271354491,10024043
2008-11-13,6.350763320922852,6.3765047154899435,5.394655670456801,5.98302954302066,13372915
2008-11-14,6.049223899841309,6.494182023221589,5.894775476284767,6.067610616931373,9157017
2008-11-17,6.137476921081543,6.36914900464145,5.865354081151025,5.865354081151025,10800785
2008-11-18,6.141157150268555,6.273541506094957,5.813874034119203,6.218381357833956,9980250
2008-11-19,5.343170642852783,6.097024593242386,5.32478394015065,6.027155122974278,12927625
2008-11-20,4.4606122970581055,5.210789331306225,4.387065444641784,5.037954228127868,18810967
2008-11-21,5.177692890167236,5.1924022596347275,4.460611989025323,4.5709318298323565,16500736
2008-11-24,5.556459903717041,5.692521600185186,5.067373695260521,5.251240852649906,12029809
2008-11-25,5.527040481567383,5.810195869265374,5.4461389422251,5.777099784988986,9126472
2008-11-26,6.152188777923584,6.19631689364896,5.31007809656279,5.44981669949392,8097522
2008-11-28,5.964642524719238,6.119090884149126,5.663100919840937,6.119090884149126,4442959
2008-12-01,5.1409196853637695,5.795486224334971,5.133565000316912,5.7918088818115425,12434985
2008-12-02,5.25123929977417,5.47187939319537,5.0784042229382536,5.258593983894847,11133832
2008-12-03,5.409363746643066,5.42039577025088,4.879827043667031,5.14459518005554,10360402
2008-12-04,4.835700511932373,5.43878423385199,4.64447870760203,5.317431934950042,7769872
2008-12-05,4.787892818450928,4.82834356580656,4.298806939713597,4.7437647304266015,15543180
2008-12-08,5.0820817947387695,5.332141066145957,4.90189245583567,5.1188552170045325,9798209
2008-12-09,5.122531414031982,5.332139874086518,4.949696798221144,4.990147553670265,6957924
2008-12-10,5.511725902557373,5.659990368990724,5.226317238296438,5.2559701315831076,8636531
2008-12-11,5.35605001449585,5.782310030746025,5.255971474090756,5.556206661682664,9348626
2008-12-12,5.456126689910889,5.578444430528054,5.022453596681816,5.107705223892802,10986997
2008-12-15,5.482070446014404,5.678520323022214,5.363458937708993,5.589561691793156,10570658
2008-12-16,5.559911251068115,5.634043476243714,5.259676172730155,5.556204639809335,10072252
2008-12-17,5.293036460876465,5.574738524795931,5.137358764865999,5.218904224681005,7181183
2008-12-18,5.026161193847656,5.4079418031900675,4.937202504224575,5.3338095618375,10673822
2008-12-19,5.155891418457031,5.31898232526162,5.0298670604585505,5.0298670604585505,11671737
2008-12-22,4.977975368499756,5.27821052028735,4.86677700353275,5.167012155320343,7380275
2008-12-23,4.940907001495361,5.141063533853395,4.863068181391577,5.01133260063688,5597031
2008-12-24,4.9890947341918945,5.040987299612898,4.8297104261130945,4.903842662428816,2242640
2008-12-26,5.089173793792725,5.115120081470009,4.940909726403035,5.003922139333583,1963077
2008-12-29,5.159600734710693,5.189253642401455,5.015043243341709,5.159600734710693,4488224
2008-12-30,5.307860851287842,5.311567461661281,5.063224566640842,5.185542708964342,4628067
2008-12-31,5.36716890335083,5.4413011423954485,5.204077977452668,5.307863112115135,8295878
2009-01-02,5.645162582397461,5.708174965674858,5.374580429005918,5.385700261348988,7143891
2009-01-05,5.782306671142578,5.967636760219557,5.559910043902456,5.656281915706509,9930447
2009-01-06,6.045478343963623,6.253048624296331,5.893507679486212,6.045478343963623,14532630
2009-01-07,5.882386684417725,6.078836655987021,5.786014787530822,5.960225090587756,9026251
2009-01-08,5.975052833557129,5.97875944578063,5.734123472652889,5.830495390463917,8878925
2009-01-09,5.871267795562744,6.10107730690489,5.804548779282452,6.045478126671313,9319063
2009-01-12,5.589562892913818,5.9861697754124075,5.47095179274353,5.786013245759151,13536433
2009-01-13,5.630337238311768,5.700762856898249,5.4598335427256375,5.5784446772480445,10264107
2009-01-14,5.326395034790039,5.559911104305954,5.178130588352502,5.519138381535631,10829244
2009-01-15,5.2596755027771,5.33751432929673,5.022452846054721,5.315274664576836,14173332
2009-01-16,5.189250946044922,5.441300530450369,4.963148076010343,5.333808795924516,13425049
2009-01-20,4.792644023895264,5.192957642650288,4.774110965914788,5.167011361477622,11749387
2009-01-21,5.155891418457031,5.174424476048462,4.8556563190991024,4.863069542135674,16468229
2009-01-22,4.90755033493042,5.0854673069186775,4.781525505955512,5.037281776522236,14533366
2009-01-23,5.081757068634033,5.170715707970766,4.685150235214168,4.688856845186533,13697988
2009-01-26,5.074345111846924,5.300448376445043,4.974267051303717,5.1595971624331005,8361874
2009-01-27,5.192956447601318,5.241142387261582,4.992799901097225,5.0409858407574895,16025761
2009-01-28,5.493191242218018,5.522844126856715,5.267088430471083,5.267088430471083,14578140
2009-01-29,5.274503231048584,5.430180922018484,5.23002389077147,5.38570158174137,7970191
2009-01-30,5.2448506355285645,5.415354782945081,5.192958068923538,5.326396097336464,13335746
2009-02-02,5.052106857299805,5.2189043941560564,4.9853882761806,5.141065543623139,9923700
2009-02-03,5.141064643859863,5.19666381308126,5.055812584387055,5.089172085919893,10977061
2009-02-04,5.289330005645752,5.3449291844382385,5.0780531262343,5.126239081187789,14111997
2009-02-05,5.552495956420898,5.622921544055672,5.181835402492511,5.263380819753828,15391560
2009-02-06,5.841614246368408,5.93057249117364,5.463540296670589,5.467246908271776,13202650
2009-02-09,5.789722919464111,5.9305737567431756,5.7118840592285665,5.8564419425231495,9369235
2009-02-10,5.5636162757873535,5.904624414352081,5.4783646747692645,5.771186447087622,11635672
2009-02-11,5.611804485321045,5.723002836491921,5.448714003893696,5.622924320438132,9921614
2009-02-12,5.634042263031006,5.6525753153340705,5.36716674349,5.563616664279361,12765334
2009-02-13,5.693348407745361,5.815666561052607,5.559910422319276,5.615509582913478,8448356
2009-02-17,5.248557090759277,5.593271553579637,5.237437255390128,5.437594292034821,10782262
2009-02-18,5.133652687072754,5.359756030988792,5.0150415304450435,5.296743623667929,11106232
2009-02-19,4.6332597732543945,5.278209764032082,4.588780867263797,5.144771745190507,26233440
2009-02-20,4.295958518981934,4.614726683761133,4.066149032826676,4.510941992323126,30824951
2009-02-23,4.025375843048096,4.425689417280277,4.010549398312711,4.37379686070643,24066855
2009-02-24,4.370091438293457,4.399744335830534,4.040203386816802,4.080976120930282,23307164
2009-02-25,4.43681001663208,4.5554215949877,4.184760412626388,4.31819843827646,21174926
2009-02-26,4.307077407836914,4.6369653349900855,4.303370797041675,4.5220608339608175,12147326
2009-02-27,4.188466548919678,4.384916953267515,4.043909137834125,4.221826051544782,10955471
2009-03-02,3.7103140354156494,4.1365738545458415,3.699194202735127,4.025375527740616,23998405
2009-03-03,3.728848457336426,3.8141001055276367,3.554637681454532,3.78074059525238,24054833
2009-03-04,3.865992546081543,3.9771909098981704,3.7510875701376944,3.81409997630045,13619971
2009-03-05,3.6473023891448975,3.8178060911659704,3.584289991189382,3.743673858277129,11688297
2009-03-06,3.6435961723327637,3.83633956510681,3.528691198903571,3.6954887409782056,13172228
2009-03-09,3.7066092491149902,3.9030592895510132,3.573171191263315,3.591704254853825,10727674
2009-03-10,4.062443733215332,4.147695827762774,3.7436750318640284,3.7585014830896704,14909961
2009-03-11,4.06244421005249,4.272118515373717,3.9613510302274313,4.096141936660843,9433636
2009-03-12,4.200976848602295,4.227185738154606,3.995046417681868,4.04746507282525,11411310
2009-03-13,4.107372760772705,4.260884122954585,4.013768004552383,4.249651552208147,17374632
2009-03-16,4.174769401550293,4.361978530513967,4.107373957436323,4.156048444851968,8044284
2009-03-17,4.2646284103393555,4.35448897835763,4.0849077123222655,4.171024090006445,11108317
2009-03-18,4.317047595977783,4.354489503837045,4.099884968413575,4.253396352617037,12125613
2009-03-19,4.534209728240967,4.654023370708685,4.373209557586374,4.425628217799497,14465039
2009-03-20,4.395674705505371,4.612837726775028,4.369465375352137,4.609093536753137,14933268
2009-03-23,4.811278820037842,4.815023009639593,4.444348677085547,4.526720848324085,15207679
2009-03-24,4.478047847747803,4.736396576724996,4.444350130313449,4.7289081950729175,13999387
2009-03-25,4.51548957824707,4.672745148730528,4.343256807029546,4.545443103676205,15519504
2009-03-26,4.511744499206543,4.702697748199109,4.410651370788437,4.5866282980347695,23163150
2009-03-27,4.324536323547363,4.485536540223503,4.305815368119905,4.421885291770145,8565137
2009-03-30,4.144814491271973,4.257139756055979,4.054953929029223,4.234674615495292,8943940
2009-03-31,4.2608842849731445,4.388186758273412,4.197233486342476,4.298326188884988,11960991
2009-04-01,4.317047595977783,4.470559418200756,4.230931207901481,4.455582655057052,10043670
2009-04-02,4.56041955947876,4.642791748865308,4.403163561558985,4.421884513692292,11615309
2009-04-03,4.672744274139404,4.717674553873568,4.537953872956331,4.556674822845566,7761286
2009-04-06,4.545442581176758,4.642791527631167,4.493023917701307,4.609093815396948,7466634
2009-04-07,4.3320231437683105,4.459325594774978,4.313302195090859,4.444348835833018,8172228
2009-04-08,4.620326519012451,4.695209888111418,4.2384191027084634,4.347000623030185,12056305
2009-04-09,4.818768501281738,4.889908122937081,4.695210211038247,4.792559166987664,15791585
2009-04-13,4.785071849822998,4.8037928070531954,4.61283948132477,4.747629935362603,10837341
2009-04-14,4.818768501281738,4.976024507046181,4.64653617108303,4.747628879626395,10404318
2009-04-15,4.8599534034729,4.893651110711094,4.747627712678923,4.7925579889965135,6844210
2009-04-16,4.972280025482178,5.013466119820023,4.818768219313843,4.912372979172583,7366658
2009-04-17,5.2306294441223145,5.283048116853161,4.991001663943685,4.991001663943685,11202036
2009-04-20,4.751370906829834,5.133277737490045,4.7438825290125886,5.1145567929469316,9931919
2009-04-21,4.983510971069336,5.050906376183591,4.624069248479296,4.706440972266286,10461237
2009-04-22,4.949815273284912,5.077117756727408,4.826256980531901,4.927350129148,11118867
2009-04-23,5.0097222328186035,5.084606045240622,4.841233654869063,4.987257089091998,9818695
2009-04-24,5.155745506286621,5.215652559445904,5.002234120585474,5.050908601277391,8646467
2009-04-27,5.024699687957764,5.148257557467051,4.942327482938537,5.043420643643952,7196516
2009-04-28,4.919858932495117,4.9909985148873774,4.848719350102856,4.961045006511689,7295142
2009-04-29,5.099584102630615,5.155746981032227,4.964793632486389,4.96853782437983,10657139
2009-04-30,5.279302597045898,5.470256285355986,5.148255948205642,5.148255948205642,13377453
2009-05-01,5.410351276397705,5.503956060699308,5.249351047398948,5.301769726607845,7565137
2009-05-04,5.679931640625,5.679931640625,5.324233959453032,5.503955114412935,7816241
2009-05-05,5.518931865692139,5.713629345135431,5.298024613186274,5.668699056490171,11497669
2009-05-06,5.728607177734375,5.844677111741995,5.548885989593544,5.635002392244359,9091634
2009-05-07,5.713630199432373,5.971979397770766,5.620025417425709,5.8671420419233025,10163273
2009-05-08,6.050604343414307,6.10676718817624,5.807232454131975,5.855906919592317,11908857
2009-05-11,5.792254447937012,5.945766190554786,5.777277692559668,5.945766190554786,7312684
2009-05-12,5.7360944747924805,5.893350484648833,5.526420233003512,5.855908577540178,9538518
2009-05-13,5.5900702476501465,5.75481461566336,5.515186882027218,5.653721480746161,10744603
2009-05-14,5.78851318359375,5.8222109002177,5.545140785754115,5.590071074586048,10592125
2009-05-15,5.635000228881836,5.900837717614416,5.5563722392567065,5.73234916841771,10328386
2009-05-18,5.957001686096191,5.964490067466839,5.661210621955635,5.694908338123547,6362610
2009-05-19,5.994443416595459,6.095536569512046,5.923304228488491,6.0019317982929845,5626595
2009-05-20,6.069326400756836,6.323931343536596,6.039372878076864,6.121745065446786,7045633
2009-05-21,5.848421096801758,5.994444118994218,5.792258227489439,5.994444118994218,6122301
2009-05-22,5.923303604125977,6.069326593816229,5.848419795044066,5.874629128222734,5874387
2009-05-26,6.080556869506836,6.088045247587843,5.777277995245387,5.870882721257966,6443449
2009-05-27,5.80723237991333,6.114255489335314,5.7959998111045,6.035627507673503,10905667
2009-05-28,6.08430290222168,6.155442515548069,5.807233267285708,5.8259542181610735,7585623
2009-05-29,6.282746315002441,6.327676606639694,6.0880483845743445,6.103025148453429,8804465
2009-06-01,6.672140121459961,6.735791352526052,6.417535635215026,6.428767767383732,9002699
2009-06-02,6.57479190826416,6.683373432112755,6.492419717758329,6.683373432112755,6114696
2009-06-03,6.3276753425598145,6.623465932062103,6.237814777236755,6.462465752524957,6272571
2009-06-04,6.477439880371094,6.541091088267754,6.3052076381993984,6.413789110493701,6598258
2009-06-05,6.383838653564453,6.604745454468373,6.305210653269684,6.514884882702923,7829612
2009-06-08,6.368860721588135,6.439999889814085,6.256535027516535,6.372604911390521,5597031
2009-06-09,6.350140571594238,6.477442602873999,6.286489336944633,6.428768129318417,6721909
2009-06-10,6.425513744354248,6.500885971119387,6.282305675830454,6.455662811411889,6932164
2009-06-11,6.647860527038574,6.7571508598426595,6.4255116701435675,6.429280302309226,7605618
2009-06-12,6.523497581481934,6.621482046566464,6.482042615484633,6.583795713841645,6165604
2009-06-15,6.289839744567871,6.466965423473144,6.1993925893821995,6.4104359514821,5956084
2009-06-16,6.105180740356445,6.387828282609352,6.052419865802569,6.357679211435708,7502085
2009-06-17,5.943126678466797,6.075028351948308,5.79615003675104,6.067491088270577,8765088
2009-06-18,5.984582424163818,6.044880100721639,5.8489116599313276,5.912978409707781,6069921
2009-06-19,5.830067157745361,6.105176814416288,5.766000422699548,6.07125913115674,10658979
2009-06-22,5.464511394500732,5.747158368365699,5.4569741301075645,5.732083839579363,8155422
2009-06-23,5.532346725463867,5.649173881653371,5.407981864068553,5.5135035646463955,8569185
2009-06-24,5.619025707244873,5.754696486448183,5.543653493010813,5.573802555055993,6972522
2009-06-25,5.867754936218262,5.91674715759229,5.566264784026164,5.607719299694569,7240064
2009-06-26,5.758464813232422,5.882829687560762,5.717009855122975,5.845143362006719,13707311
2009-06-29,5.894133567810059,5.950663036792476,5.766000104783246,5.773537367314235,7741045
2009-06-30,5.882828235626221,5.999655816009662,5.758463391992235,5.879059604000949,6103901
2009-07-01,5.796152591705322,6.003427434210044,5.784846691205065,5.94312929820867,7558881
2009-07-02,5.513505458831787,5.713242591238605,5.513505458831787,5.713242591238605,5463567
2009-07-06,5.490893363952637,5.494661997208985,5.238394935777275,5.3853716327748735,7557287
2009-07-07,5.212014198303223,5.483355776898466,5.193171033122997,5.483355776898466,9362120
2009-07-08,5.227087497711182,5.355220990718203,5.121566238466571,5.132871694029548,9935476
2009-07-09,5.38914155960083,5.505969218590084,5.208247119875533,5.279851168933463,10041585
2009-07-10,5.381601333618164,5.434362182874673,5.208244257489635,5.309997323912902,7739696
2009-07-13,5.464511394500732,5.479585923287067,5.2986915778510415,5.381601486175887,12680201
2009-07-14,5.536114692687988,5.611486886026146,5.396675319386675,5.543651956109681,10922228
2009-07-15,5.754695415496826,5.811224896311377,5.63786782181342,5.641636453867723,9398675
2009-07-16,5.920516490936279,5.9468969209531695,5.652943557907824,5.668018089346047,5954858
2009-07-17,5.909209728240967,5.954433315942492,5.796150758987156,5.905441095932506,6487733
2009-07-20,6.059955596923828,6.0863360275112655,5.943128416629801,5.958202948394051,5176398
2009-07-21,6.097641468048096,6.2031631824670495,5.901673010720346,6.116484631337195,6487120
2009-07-22,5.965738773345947,6.056185501206555,5.909209292883815,6.0034250936540365,6866658
2009-07-23,6.165478229522705,6.267231333953858,5.973278362031727,5.973278362031727,9077772
2009-07-24,6.225776672363281,6.240851207096137,6.0674940576683,6.139098097649363,4753803
2009-07-27,6.372753143310547,6.41797674578683,6.199396000484793,6.229545068802316,7047718
2009-07-28,6.259693145751953,6.316222639894549,6.097641929209846,6.316222639894549,5591757
2009-07-29,6.131558895111084,6.214468809974718,6.0373430827660455,6.154170690073893,5920510
2009-07-30,6.301147937774658,6.376520594593789,6.165477155500224,6.25592434368318,4723626
2009-07-31,6.289839744567871,6.361443742423194,6.135325854459016,6.267227955771453,5535083
2009-08-03,6.5423407554626465,6.606407521169443,6.380289965436173,6.433050831312358,7807532
2009-08-04,6.561182975769043,6.595100670370175,6.429281270976861,6.48957895383332,6909593
2009-08-05,6.417975425720215,6.5762575609523255,6.350140035958357,6.542339866071397,9068081
2009-08-06,6.165478229522705,6.497117536419338,6.063725125091552,6.425513940846763,8232458
2009-08-07,6.3802900314331055,6.4066704646440735,6.173015199061211,6.259693765325822,6898430
2009-08-10,6.493349552154541,6.527267257022828,6.05241982974583,6.05241982974583,6609053
2009-08-11,6.323760509490967,6.5046544671377715,6.304917342977867,6.497117200532531,5838199
2009-08-12,6.470735549926758,6.51972777364279,6.342602482625237,6.3576770129994005,4782875
2009-08-13,6.474503517150879,6.557413425688325,6.39159404949226,6.51972710362585,4674313
2009-08-14,6.3426032066345215,6.500885352752306,6.252156014064975,6.474504921586188,4620339
2009-08-17,6.075029373168945,6.2521550993707,6.063723475751812,6.1993942447574115,6567713
2009-08-18,6.146635055541992,6.173015489996274,6.063725118685678,6.09010555313996,6775025
2009-08-19,6.25215482711792,6.286072517892359,6.0335741532382,6.090103637862265,7563665
2009-08-20,6.391595363616943,6.399132629579116,6.218238246486989,6.240850044373506,5489205
2009-08-21,6.54987907409668,6.557416341861101,6.444357766273805,6.463200935684858,5217247
2009-08-24,6.564952373504639,6.670474102337753,6.500885609570248,6.59887007205814,4999387
2009-08-25,6.538570880889893,6.700622081031181,6.50088455527564,6.572488573942721,6331698
2009-08-26,6.549950122833252,6.610632988178596,6.40962144041413,6.538572085581,4173577
2009-08-27,6.470304489135742,6.527194233317342,6.329975359047538,6.527194233317342,5067836
2009-08-28,6.371694087982178,6.565120260530197,6.345145336733555,6.485474450476275,5996565
2009-08-31,6.235156536102295,6.367900268567377,6.182059043116262,6.2768759948770345,7085132
2009-09-01,6.109999179840088,6.329974544649883,6.0948284650256195,6.22757221965222,6856354
2009-09-02,6.125170707702637,6.174475537394326,5.996220058354833,6.075865878010948,12231722
2009-09-03,6.216197490692139,6.269295020791807,6.1289658340998265,6.132758514821232,6788763
2009-09-04,6.352730751037598,6.352730751037598,6.174474848202929,6.257913781444689,3453631
2009-09-08,6.5613250732421875,6.565117750541967,6.398240393043437,6.47409393903903,6142542
2009-09-09,6.493059158325195,6.6599365629279905,6.455132374621856,6.565119603669641,6572743
2009-09-10,6.701655864715576,6.7585460389099214,6.413412759156115,6.5575340900899,6840653
2009-09-11,6.902667999267578,6.914046034412599,6.720619436947241,6.743375507237283,8346050
2009-09-14,6.940596103668213,7.00507120473241,6.796474297742625,6.8344010887756745,11654686
2009-09-15,7.103679180145264,7.15677667502461,6.959557408329896,6.993691512180904,9724853
2009-09-16,7.137816905975342,7.247804629751337,7.06954866363162,7.168158347016996,7840285
2009-09-17,7.0392045974731445,7.285728714000824,7.00127781031504,7.236423890695288,7866290
2009-09-18,6.967144966125488,7.107474104074493,6.883706462928914,7.0771326688422755,6958047
2009-09-21,6.98610782623291,7.024034617358343,6.781303597847561,6.84957182187334,5290481
2009-09-22,7.198495864868164,7.2136665771209305,7.077130166846026,7.08471552297241,5612610
2009-09-23,6.97852087020874,7.2402156690567,6.974728191964567,7.21745959959166,6385059
2009-09-24,6.823023319244385,7.016449517412217,6.77751116821854,7.012656838160064,5829367
2009-09-25,6.72441291809082,6.910254180978603,6.697864166249709,6.781303100607489,5738224
2009-09-28,6.826812744140625,6.868532196026565,6.686483678706098,6.762337227589626,5472767
2009-09-29,6.891290187835693,6.967143314239698,6.773717154187016,6.80785126073018,5726079
2009-09-30,6.777509689331055,6.959557810018589,6.690278085565905,6.929216826313923,10994848
2009-10-01,6.405827522277832,6.811643662087527,6.394449487226385,6.7585461651807766,13441364
2009-10-02,6.405827522277832,6.5347781425023275,6.284461815062402,6.292047171763366,9400515
2009-10-05,6.69407320022583,6.743378037689223,6.383073899918033,6.402037298942415,13721663
2009-10-06,6.93680477142334,7.0050725648458,6.773719538316401,6.81543901655306,8920388
2009-10-07,7.00127649307251,7.00127649307251,6.879911240692563,6.9633497130500706,6035329
2009-10-08,7.36537504196167,7.403301829505608,6.9974852027854695,7.016448596557439,13094946
2009-10-09,7.353998184204102,7.407095695274689,7.28952263504696,7.331242108030993,5591879
2009-10-12,7.395717620849609,7.558802832622245,7.357790827414113,7.399510300193159,4365186
2009-10-13,7.460193157196045,7.498119950568023,7.2819372283477435,7.407095646475274,6719333
2009-10-14,7.4981207847595215,7.5322549025918395,7.399511111021714,7.509498824036961,5872669
2009-10-15,7.672580718994141,7.680166076092953,7.437435092622878,7.463984286160644,7831084
2009-10-16,7.562592029571533,7.661200759712813,7.498116510420636,7.60431148313976,7155299
2009-10-19,7.630865097045898,7.657412969787375,7.5170846965073395,7.520877376525291,4856845
2009-10-20,7.532251834869385,7.664994684992106,7.391922740933956,7.664994684992106,6264230
2009-10-21,7.524667739868164,7.7067154372973015,7.448814162862726,7.452606841712997,9268278
2009-10-22,7.505702972412109,7.524666363194024,7.376751915095084,7.520873685037642,7419529
2009-10-23,7.255387306213379,7.592935712941197,7.206082482758753,7.55121624694113,7796492
2009-10-26,7.15677547454834,7.5094944885103985,7.111263343714526,7.281933834341329,10667566
2009-10-27,7.175741195678711,7.319862990182145,7.1340217288487695,7.171948516875989,6980373
2009-10-28,6.921632289886475,7.225046156123978,6.914046932138238,7.111265789900429,9791708
2009-10-29,7.4033026695251465,7.4450221405571995,7.0202420718672025,7.251595502135862,11461973
2009-10-30,7.149192810058594,7.357790154887326,7.0316197611551265,7.3502047968935535,11475834
2009-11-02,7.008864879608154,7.28573049348462,6.891292254393759,7.198498861715323,10713322
2009-11-03,7.2250471115112305,7.240217829013768,6.902669808274326,6.921633205152498,9325687
2009-11-04,7.293314456939697,7.4298504542339,7.270558383442003,7.3160705304373925,7819676
2009-11-05,7.460193157196045,7.48674191255643,7.285729907684941,7.34262009774291,6442100
2009-11-06,7.42226505279541,7.520875147731383,7.346411918607364,7.380546028653368,5022816
2009-11-09,7.6536149978637695,7.661200352654965,7.513286821610233,7.513286821610233,5726816
2009-11-10,7.649825096130371,7.695337241391167,7.505704190188414,7.634654381043439,5178729
2009-11-11,7.64224100112915,7.767399421273232,7.555010262352167,7.767399421273232,5956698
2009-11-12,7.524667739868164,7.7218861526983895,7.490533630215717,7.608106674574146,6438297
2009-11-13,7.604313850402832,7.6801665385747855,7.441228219265804,7.532252953624774,6124877
2009-11-16,7.835665702819824,7.835665702819824,7.585349812133899,7.585349812133899,7774043
2009-11-17,7.786362648010254,7.812911403217885,7.6877529858104845,7.797740685956382,5321762
2009-11-18,7.733260154724121,7.831869753385502,7.608102705345051,7.831869753385502,5904073
2009-11-19,7.517078876495361,7.68774845778005,7.448810689028086,7.68774845778005,6485402
2009-11-20,7.528459548950195,7.551215619422802,7.376752412466152,7.460191337532375,8913150
2009-11-23,7.608104228973389,7.763603124466001,7.5550067421376,7.664993506056677,5467247
2009-11-24,7.695335865020752,7.725677289767817,7.486739457268417,7.619483190536827,6049190
2009-11-25,7.786362648010254,7.809118723902509,7.638448154710599,7.7180944203334905,6211727
2009-11-27,7.573973655700684,7.6232784878549396,7.414680677356451,7.6232784878549396,4551889
2009-11-30,7.543629169464111,7.646030584368214,7.445019545038836,7.611897370989302,9043180
2009-12-01,7.6536149978637695,7.710505158797734,7.577762337335392,7.630859820873758,9006379
2009-12-02,7.6536149978637695,7.699127126610941,7.58155501473099,7.657407675259368,10413273
2009-12-03,7.566386699676514,7.771190456469279,7.56259402108065,7.702922241743739,7174190
2009-12-04,7.490533351898193,7.786361403843729,7.399509062873757,7.630862464144199,9024534
2009-12-07,7.4867401123046875,7.570179037659426,7.429849492234549,7.50949618285598,8368989
2009-12-08,7.372960090637207,7.463984376929899,7.335033304681919,7.376752769232736,6242395
2009-12-09,7.376776218414307,7.475946592934197,7.300490971693674,7.403476054766529,6587218
2009-12-10,7.4797563552856445,7.506456621791336,7.376771780387489,7.453056534996617,6604882
2009-12-11,7.472131252288818,7.544602672431942,7.437803342435354,7.483574037645595,5633096
2009-12-14,7.750570774078369,7.819227476099853,7.586558433905096,7.586558433905096,6169406
2009-12-15,7.8535566329956055,7.903142033988168,7.70480043001792,7.712428953247544,5432164
2009-12-16,7.92221212387085,7.987054561351899,7.861183947418098,7.941283429012335,4419529
2009-12-17,7.861187934875488,7.960358771913976,7.803973990430208,7.926030405246807,3976079
2009-12-18,7.887882709503174,7.9908677433609645,7.819226020264647,7.97942496182121,8015456
2009-12-21,7.998499870300293,8.029013968162781,7.9145861011784495,7.9145861011784495,4007851
2009-12-22,8.048083305358887,8.059526089250728,7.97179807941328,8.006126431088802,4656281
2009-12-23,8.101484298706055,8.116741346409652,7.979427917077279,8.082412989076559,3546369
2009-12-24,8.151067733764648,8.173953299788982,8.090039557699761,8.090039557699761,1009323
2009-12-28,8.105298042297363,8.208283107710738,8.070969687159572,8.208283107710738,3177625
2009-12-29,8.128181457519531,8.189209628251925,8.116738675507207,8.15106702154418,5045756
2009-12-30,8.124368667602539,8.14725423577016,8.059526224460948,8.097668838073648,7580103
2009-12-31,8.04045295715332,8.215908936990365,8.0290101758596,8.162509290953004,5162414
2010-01-04,8.2426118850708,8.25786893258024,8.162512385646243,8.177769433155683,7020240
2010-01-05,8.345595359802246,8.398995015873481,8.204467697328267,8.204467697328267,7415481
2010-01-06,8.616409301757812,8.63929487473549,8.315083483318867,8.379925940088956,12157139
2010-01-07,8.555381774902344,8.608780551347408,8.456210961270168,8.604966289284631,6181305
2010-01-08,8.624032974243164,8.624032974243164,8.475277726011083,8.547748666335254,4703754
2010-01-11,8.570638656616211,8.742279553672153,8.509610464797642,8.665994313898942,6130152
2010-01-12,8.31889533996582,8.509608392966001,8.30745255678581,8.509608392966001,6533366
2010-01-13,8.326522827148438,8.402808038866711,8.292194481875214,8.334151348320265,8901987
2010-01-14,8.276938438415527,8.387552008756177,8.200653217490942,8.200653217490942,8519259
2010-01-15,8.151067733764648,8.26930982489037,8.097668079707871,8.261681302882259,6786678
2010-01-19,8.81093692779541,9.062678237856378,8.677437748217624,8.681252010491274,27213690
2010-01-20,8.826191902160645,8.974948095865651,8.692692753963843,8.746092413242565,15715775
2010-01-21,8.627850532531738,8.963505542348015,8.601150702205443,8.85289195956765,12856600
2010-01-22,8.437138557434082,8.688878928515885,8.421881511160416,8.536309358212911,14050417
2010-01-25,8.654550552368164,8.72320726042488,8.536309336481946,8.578266213627717,8727674
2010-01-26,8.463839530944824,8.635480432259648,8.307454785529407,8.307454785529407,10327895
2010-01-27,8.38374137878418,8.49816925973081,8.212099557364235,8.440955319257494,8085378
2010-01-28,8.276938438415527,8.555379494790266,8.212096000629629,8.452394446542076,13746811
2010-01-29,7.948913097381592,8.482909718350818,7.895513435284669,8.292196639433238,12808759
2010-02-01,8.1968412399292,8.1968412399292,8.00612813448868,8.051899279794405,10441855
2010-02-02,8.37611198425293,8.425697394184647,8.131999196896787,8.25405559057486,12138984
2010-02-03,8.26168155670166,8.395180695945028,8.234981728852986,8.330338256883964,5698847
2010-02-04,7.807785511016846,8.19302593497138,7.8001569877702215,8.19302593497138,11911310
2010-02-05,7.727685451507568,7.8421132918344725,7.441616743123941,7.731499712851798,17596173
2010-02-08,7.8192291259765625,7.918399938710659,7.7238725752707005,7.754386671496576,11890088
2010-02-09,8.032827377319336,8.162512279462538,7.910770998831616,7.929842307970322,13006011
2010-02-10,8.067154884338379,8.12436880573016,7.899327381589152,8.032826531503309,11099730
2010-02-11,8.273122787475586,8.288379829097304,7.983238996662954,8.040452902744395,8861629
2010-02-12,8.25405216217041,8.273123465761149,8.055710604826725,8.154881383498568,8074338
2010-02-16,8.532492637634277,8.532492637634277,8.40662204215164,8.40662204215164,8519750
2010-02-17,8.54012393951416,8.585894187615061,8.460024443578577,8.54012393951416,6692223
2010-02-18,8.452397346496582,8.56682521714281,8.250241441688246,8.437140297077086,10930569
2010-02-19,8.482911109924316,8.490539634332436,8.349411932782226,8.418068652455302,8264598
2010-02-22,8.231167793273926,8.570637046490193,8.189210919280905,8.509608866136707,10017174
2010-02-23,8.093852043151855,8.250236710011956,8.025195360140103,8.196837067669483,8221786
2010-02-24,8.238797187805176,8.246425711156759,8.074783935746163,8.109112290828282,9145363
2010-02-25,8.288382530212402,8.303639576806265,8.029012738116743,8.10911223273452,6039500
2010-02-26,8.215909957885742,8.337966306851945,8.16251030521303,8.315080741420783,8651619
2010-03-01,8.414255142211914,8.414255142211914,8.242613327690032,8.250241852779894,8197252
2010-03-02,8.498167991638184,8.55919618570312,8.42569701118607,8.429511273315129,8182655
2010-03-03,8.616409301757812,8.66218044771317,8.49435380497735,8.501982329303242,6656281
2010-03-04,8.601149559020996,8.715577388067867,8.498165405312356,8.616406602893912,6666585
2010-03-05,8.82237720489502,8.83000572727222,8.665992496162433,8.696506585671232,7665481
2010-03-08,8.719392776489258,8.84907766617783,8.669807377490685,8.818563574486403,6240677
2010-03-09,8.696508407592773,8.738465289457352,8.627851691814374,8.662180049703574,6430569
2010-03-10,8.7080078125,8.799993905247575,8.662014766126212,8.7080078125,9951178
2010-03-11,8.742497444152832,8.765493953784794,8.593021028304923,8.658176908835634,4784838
2010-03-12,8.769328117370605,8.834484905152292,8.692673072921563,8.784659126260415,5441732
2010-03-15,8.700339317321777,8.76932886319341,8.54703011214489,8.646680781643841,5897203
2010-03-16,8.857481956481934,8.872812966302934,8.677342591085191,8.753997640190187,5918670
2010-03-17,8.853652954101562,8.945639051989415,8.799994397000315,8.84598744594424,7794406
2010-03-18,8.746332168579102,8.876645752553733,8.65051335683305,8.876645752553733,7276987
2010-03-19,8.635183334350586,8.776995191950332,8.516368890959603,8.635183334350586,6814401
2010-03-22,8.627519607543945,8.673512651925007,8.432050065684777,8.535534415542164,6466021
2010-03-23,8.750168800354004,8.769332571199293,8.577695759506863,8.600692284521209,6442345
2010-03-24,8.765496253967285,8.803823780078208,8.650513675634516,8.688841201745438,6081084
2010-03-25,8.700339317321777,8.872813182000858,8.688841059676506,8.815321893774499,10525638
2010-03-26,8.719503402709961,8.784660198444152,8.669677617736754,8.719503402709961,10923700
2010-03-29,8.807657241821289,8.872814041455836,8.734834936347383,8.746333195106422,9234176
2010-03-30,8.865147590637207,8.87664584817059,8.765496025347893,8.87664584817059,5644259
2010-03-31,8.853652954101562,8.934140789753434,8.807659905157635,8.83832193778692,6534470
2010-04-01,8.960968971252441,9.00312926095621,8.891979406282637,8.914975927939238,5592861
2010-04-05,9.133437156677246,9.183262922357303,8.983959859637078,8.983959859637078,4926153
2010-04-06,9.229262351989746,9.30975018326527,9.141109012973693,9.19860032102764,5574460
2010-04-07,9.095114707946777,9.2254283215029,9.05678717454792,9.210097308143355,4698356
2010-04-08,9.171770095825195,9.202432123617683,8.97246691517402,9.052954738129303,4255520
2010-04-09,9.244588851928711,9.286749123908317,9.190930323954667,9.210094083945398,4575564
2010-04-12,9.282918930053711,9.390236015575741,9.210096622020906,9.267587917836279,4607336
2010-04-13,9.19093132019043,9.263753616048655,9.10277801467784,9.24075710156711,3718106
2010-04-14,9.275251388549805,9.28674964518966,9.121941300018404,9.206261848710675,4480741
2010-04-15,9.286751747131348,9.332744784100724,9.202431179354157,9.233093204000408,4608317
2010-04-16,9.03378963470459,9.286751326580791,8.945636317838641,9.24075829169421,9026497
2010-04-19,9.068284034729004,9.068284034729004,8.88047915006536,8.937970441288925,4650761
2010-04-20,9.167933464050293,9.213926486282649,9.121940441817939,9.152602456639508,4687684
2010-04-21,9.075949668884277,9.221594275381934,9.014625624043159,9.221594275381934,4729637
2010-04-22,9.098946571350098,9.129608595070238,8.88814515827413,8.972465723504516,7282630
2010-04-23,9.390233993530273,9.401732250217371,9.087446567436686,9.095112071894752,5650393
2010-04-26,9.37490177154541,9.451556806207261,9.325075999015208,9.451556806207261,4729146
2010-04-27,9.018461227416992,9.340412564595818,8.999297457346824,9.313583286497582,6666094
2010-04-28,9.075949668884277,9.110444444107406,8.953301579202039,8.995461860030309,6426030
2010-04-29,9.110445976257324,9.23692684001306,9.07211844178589,9.144940757281615,4894995
2010-04-30,9.049120903015137,9.194765517620578,8.96480033666462,9.14110697539752,7097767
2010-05-03,9.248421669006348,9.325076709508675,9.114275348127274,9.114275348127274,6584396
2010-05-04,8.941802024841309,9.121941380454142,8.880477988888003,9.060617344500837,8267910
2010-05-05,8.51636791229248,8.807656203074329,8.451211120342318,8.776994183333077,11712709
2010-05-06,8.067938804626465,8.539367529416392,7.707660838539258,8.443548682914374,17138371
2010-05-07,7.79197883605957,8.217414422220926,7.680829894993815,8.064104301081699,18445167
2010-05-10,8.232745170593262,8.27107269965022,8.056438536931253,8.156090112479344,11284347
2010-05-11,8.359225273132324,8.439713076994513,8.060270573072767,8.060270573072767,12617885
2010-05-12,8.589189529418945,8.642847162959553,8.405217425531207,8.43587944284583,9175908
2010-05-13,8.527867317199707,8.650514515907993,8.435881245598363,8.558529341066823,7895731
2010-05-14,8.294071197509766,8.512538165299103,8.15225930613774,8.435883088881791,10199460
2010-05-17,8.102431297302246,8.378389497163326,7.933790175164919,8.32473095830145,9815873
2010-05-18,7.987448215484619,8.340061448854064,7.929956927435253,8.217413367682083,8394382
2010-05-19,7.742153167724609,7.960620093763365,7.608007706390835,7.914627056702574,14981722
2010-05-20,7.32438325881958,7.56584667968443,7.282222978986034,7.56584667968443,13756011
2010-05-21,7.435534477233887,7.489192576852935,7.090586668667675,7.125081449524296,11619112
2010-05-24,7.286057472229004,7.458531385476779,7.286057472229004,7.389541820177669,8953018
2010-05-25,7.332047462463379,7.339712966526676,6.96027096377348,6.96027096377348,11963445
2010-05-26,7.389540195465088,7.585010587501837,7.358878173184814,7.458529745595706,9893278
2010-05-27,7.711493492126465,7.719158102986584,7.550517832096248,7.581179862578194,8193695
2010-05-28,7.569677829742432,7.78047828751932,7.539015814537077,7.692325890563848,7677502
2010-06-01,7.240063190460205,7.539017922294108,7.2285649315435165,7.466195615821747,7611261
2010-06-02,7.47002649307251,7.47002649307251,7.2630578845418725,7.320549164689272,10869603
2010-06-03,7.707656383514404,7.726819244978296,7.4010362519343635,7.4546947749608705,9564769
2010-06-04,7.374208450317383,7.69232689981063,7.339713678685585,7.523685794055173,10600343
2010-06-07,7.205568790435791,7.4853597720367375,7.190237777745328,7.431701227620118,8857336
2010-06-08,7.370377540588379,7.385708554035431,7.148077845606118,7.186405379223749,10456575
2010-06-09,7.395450592041016,7.700219067383557,7.356872304022972,7.480322825680711,9189156
2010-06-10,7.700221538543701,7.707937198623425,7.5034722065107555,7.553623545715195,9499632
2010-06-11,7.7233662605285645,7.727224089440425,7.542047850357445,7.55362133709303,5642174
2010-06-14,7.692506313323975,7.862249942046029,7.680932822550136,7.819813809208621,6912291
2010-06-15,8.132296562194824,8.155443539479004,7.7928075620268675,7.800523221121594,10435844
2010-06-16,8.06285285949707,8.17087204970183,8.008843264394692,8.058995031275472,10857826
2010-06-17,8.128438949584961,8.197879883290787,8.03199320832687,8.167017246088196,8436825
2010-06-18,8.263463020324707,8.36376659163342,8.151585960018835,8.271178679656147,11254048
2010-06-21,8.170873641967773,8.413916867290547,8.113006207367114,8.390769893450283,7150393
2010-06-22,7.819812297821045,8.224884396614387,7.788949661722505,8.174732612954259,10145976
2010-06-23,7.773517608642578,7.858389849888407,7.673214953433914,7.839100704150718,7836114
2010-06-24,7.634638786315918,7.785093262306907,7.59991831432702,7.758089353387553,7301644
2010-06-25,7.646212100982666,7.731084363890873,7.507330216223781,7.657785591379239,12830839
2010-06-28,7.495757102966309,7.669359467649487,7.472610121008551,7.61920767340768,7790972
2010-06-29,7.140836715698242,7.410884838642774,7.079111430453778,7.410884838642774,13977306
2010-06-30,7.0521063804626465,7.252713086593525,7.013528080954064,7.214134787084943,9527110
2010-07-01,6.905506610870361,7.11768673828949,6.7781982636307205,7.063677587743854,14321394
2010-07-02,6.81677770614624,7.017384832770053,6.762768095132137,6.905507781383696,8865554
2010-07-06,6.878503322601318,7.0251008456005675,6.801346731549081,6.9402285954431076,10147571
2010-07-07,7.244997501373291,7.25271316135454,6.866930613605816,6.866930613605816,13413027
2010-07-08,7.36844539642334,7.383876710805415,7.21413225260259,7.341440596254709,9143646
2010-07-09,7.3800201416015625,7.407024946378532,7.291290068762949,7.364588824586152,4407139
2010-07-12,7.414741039276123,7.434030186675434,7.279717007480944,7.349157938118464,6963567
2010-07-13,7.511190891265869,7.561342250665719,7.449465585771969,7.495759564892394,7587831
2010-07-14,7.441744327545166,7.503469586631224,7.3800190684591085,7.4494599849309235,5814156
2010-07-15,7.4378886222839355,7.472609090432138,7.252712792160192,7.4378886222839355,6448602
2010-07-16,7.202559471130371,7.376161774904707,7.160123352429978,7.345299143122603,7913027
2010-07-19,7.233424186706543,7.310580788388962,7.129262774435277,7.256571167211268,4554956
2010-07-20,7.418600082397461,7.445604893174332,7.090684522964017,7.113831503629907,6581575
2010-07-21,7.333727836608887,7.461036230560367,7.2449977438548245,7.461036230560367,6899902
2010-07-22,7.530478000640869,7.592203289343017,7.395453931604921,7.437890067587647,5637390
2010-07-23,7.584486484527588,7.615349124224629,7.426315456080257,7.507329885284988,4584274
2010-07-26,7.650069236755371,7.700221023921824,7.549765211108733,7.549765211108733,6340039
2010-07-27,7.615347862243652,7.6925044487002125,7.54590648311907,7.669357472763244,6132728
2010-07-28,7.503471374511719,7.661642388607747,7.472608737614933,7.5999171148141755,6753189
2010-07-29,7.383878707885742,7.480324448858903,7.160124588828009,7.160124588828009,10275025
2010-07-30,7.488039493560791,7.538190823436981,7.229564928966852,7.279716710156721,8090530
2010-08-02,7.788950443267822,7.815955252563715,7.607633340622893,7.696363428309397,6833170
2010-08-03,7.8159565925598145,7.850677067607139,7.715653900606304,7.785093948073305,5664745
2010-08-04,7.904686450958252,7.93169126404866,7.781235876830668,7.823672011687025,5919774
2010-08-05,8.024275779724121,8.028133608523818,7.7696590789441355,7.8583891413371605,9549436
2010-08-06,8.03971004486084,8.062857026152132,7.896970326897869,7.91240164775873,9798822
2010-08-09,8.012704849243164,8.101434939939596,7.977984378970647,8.06671446966708,4567100
2010-08-10,7.900827407836914,7.935547876481132,7.8082394914523325,7.9085430675356285,5323234
2010-08-11,7.5690531730651855,7.750371595700804,7.526617503431155,7.742655937346678,5958538
2010-08-12,7.503471374511719,7.565196196991579,7.437888271106048,7.480324396839129,4526251
2010-08-13,7.499612808227539,7.592200709823172,7.47260800359548,7.47260800359548,3605250
2010-08-16,7.499612808227539,7.549764136944839,7.380020101999848,7.491897149761236,3747424
2010-08-17,7.596056938171387,7.63077739395234,7.545904717396437,7.580625624490963,4951300
2010-08-18,7.476468086242676,7.60763431970344,7.445605443075437,7.572913846140296,6809372
2010-08-19,7.291289806365967,7.449460800081713,7.268142831675857,7.441745141851677,10198111
2010-08-20,7.194845676422119,7.275860105830315,7.136978226844835,7.233423976140307,6178484
2010-08-23,7.133120059967041,7.310580230289048,7.1292622301774315,7.2141344855488265,4758342
2010-08-24,6.978809833526611,7.07911299287281,6.947947184092736,7.021245976498189,7092125
2010-08-25,7.054558277130127,7.073981639172912,6.88363269115362,6.96132613932476,6569185
2010-08-26,7.054558277130127,7.221598736244122,7.023480897861671,7.105059018441367,8288150
2010-08-27,7.190520286560059,7.19828963022059,6.930247728386128,7.101173288917829,7101202
2010-08-30,7.058443546295166,7.237138037742566,7.058443546295166,7.174983273950777,6194185
2010-08-31,7.042904376983643,7.1205978264463345,6.980749617413489,7.027365687091104,7683759
2010-09-01,7.3264851570129395,7.3459085197602265,7.124482638895131,7.163328909935733,7804711
2010-09-02,7.431369781494141,7.44302379673631,7.283752255093338,7.314829629072455,4397448
2010-09-03,7.505177974700928,7.5517940321292665,7.4158305312966135,7.489639288891482,6208047
2010-09-07,7.380870819091797,7.450794927316218,7.338139419621317,7.419717545883142,7804465
2010-09-08,7.462447643280029,7.493525019290618,7.392523547256205,7.400292891258853,9150515
2010-09-09,7.489640712738037,7.571218828746346,7.443024646447575,7.555680139982859,5080103
2010-09-10,7.481872081756592,7.540142170175752,7.47021806407276,7.509064789685533,5014230
2010-09-13,7.645030498504639,7.652799845831641,7.5129515939455995,7.567337025234616,7471295
2010-09-14,7.512949466705322,7.652797678994299,7.505180121578157,7.606181153777333,5594455
2010-09-15,7.419718265533447,7.470219015260344,7.3731021888624655,7.431372284701192,6011899
2010-09-16,7.163328647613525,7.279868819829526,7.0467889298514805,7.159443975206326,16485893
2010-09-17,7.147791385650635,7.217715502946546,7.058444356893238,7.178868771115484,10110157
2010-09-20,7.3264851570129395,7.3614472099580555,7.159444237386276,7.163328909935733,7689769
2010-09-21,7.307062149047852,7.388640276547346,7.237138039762572,7.349793549166634,6281403
2010-09-22,7.244903564453125,7.369213026513619,7.244903564453125,7.28763494203642,5857213
2010-09-23,7.186635494232178,7.279867616595347,7.1361347612854615,7.147788776580858,5969823
2010-09-24,7.322597980499268,7.431368774689872,7.194403830203198,7.283751268288337,7148553
2010-09-27,7.2759833335876465,7.365330788959538,7.2759833335876465,7.310945381341865,3299558
2010-09-28,7.338138580322266,7.353677269261567,7.186636363164074,7.295407185739186,3519750
2010-09-29,7.404177665710449,7.439139714206124,7.287637504058197,7.303176192278498,4302134
2010-09-30,7.4236040115356445,7.497412810265746,7.342025865570796,7.462450747709382,6911801
2010-10-01,7.52460241317749,7.575103149314672,7.388638892808156,7.423600940903127,6852184
2010-10-04,7.388640880584717,7.5246044375325205,7.334255457805596,7.49741172614296,5808145
2010-10-05,7.485757827758789,7.528489232060428,7.415833711628835,7.481873154640459,8053729
2010-10-06,7.505177974700928,7.571217389391074,7.4080611883918905,7.462446588724951,6823356
2010-10-07,7.505177974700928,7.563448046486351,7.404176516939529,7.563448046486351,6447620
2010-10-08,7.6605658531188965,7.6838738849375,7.501294302358432,7.536256350086338,6397326
2010-10-11,7.656680107116699,7.738258207038536,7.633372078567603,7.683872807090644,3159470
2010-10-12,7.61783504486084,7.652797551805986,7.516834014340286,7.625604844312846,4497792
2010-10-13,8.363691329956055,8.63950306484645,7.777106718181554,7.815953441405553,41932287
2010-10-14,8.270458221435547,8.406421736727324,8.18888011226048,8.352036330610614,8861629
2010-10-15,8.25103759765625,8.348154426491337,8.157805441974565,8.344269753337933,15534593
2010-10-18,8.355921745300293,8.386999122986843,8.18499616802427,8.266574284451462,7696271
2010-10-19,8.161686897277832,8.297650404041592,8.103416822950507,8.22384164322698,12355864
2010-10-20,8.305421829223633,8.43361602487847,8.196650996546802,8.196650996546802,10601693
2010-10-21,8.231613159179688,8.406423428302299,8.138381015647628,8.348153338594761,8471418
2010-10-22,8.153919219970703,8.317075461421851,8.126726513062179,8.266574720020305,5544529
2010-10-25,8.091764450073242,8.297652087808698,8.083995105253036,8.235497329247051,7963935
2010-10-26,7.940261363983154,8.10730225948149,7.924722676029821,7.932492020006487,13894872
2010-10-27,8.045149803161621,8.06845784174202,7.847031475228233,7.878108860002098,12584519
2010-10-28,8.216073036193848,8.410306634689453,7.9169532945106145,7.940261326330088,19669406
2010-10-29,8.355921745300293,8.39476846740848,8.12284141265117,8.142264773705264,12426153
2010-11-01,8.227727890014648,8.425846180656515,8.173342476897274,8.406422818828881,9450074
2010-11-02,8.379228591918945,8.449152681811201,8.25880377043784,8.285996472062605,7738346
2010-11-03,8.324844360351562,8.3947684600853,8.150034111017215,8.37534509904815,6781649
2010-11-04,8.635618209838867,8.643387554319307,8.40253787542565,8.437499925587632,9257728
2010-11-05,8.678350448608398,8.690004466462623,8.54627157959384,8.623965031955345,7289500
2010-11-08,8.779349327087402,8.798772686415202,8.620078689507233,8.65504073629727,8559004
2010-11-09,8.915316581726074,9.051280154047761,8.69777577491954,8.837623111827968,13768400
2010-11-10,8.822080612182617,8.930851423118456,8.756041191257287,8.857042658554851,11540236
2010-11-11,9.171699523925781,9.222200249029138,8.682231866447019,8.721078578064985,22848871
2010-11-12,8.954160690307617,9.307665874656502,8.895890604975383,9.136740291015283,14436335
2010-11-15,8.868696212768555,9.128969211114446,8.849272854683042,8.981351689664537,10672350
2010-11-16,8.818195343017578,8.926966146585267,8.705540776801612,8.794887313681645,12454122
2010-11-17,8.996893882751465,9.039625287194538,8.779352187404916,8.814314245585612,10206452
2010-11-18,9.12508487701416,9.167816266382832,9.020198739472876,9.043506770037606,8513126
2010-11-19,9.132853507995605,9.136738179453314,8.934735263652476,9.082352779045396,7376472
2010-11-22,9.094008445739746,9.097893117903274,8.892005493236308,9.043507707613887,7555937
2010-11-23,8.915316581726074,9.000779398613991,8.837623111827968,8.981356031139464,8527846
2010-11-24,9.039621353149414,9.051275367471149,8.930850552813215,8.950273910016108,5189279
2010-11-26,8.895893096923828,9.016317973677612,8.860931035930793,8.942509178247875,2707679
2010-11-29,8.880351066589355,8.880351066589355,8.736619112085226,8.759926235082053,8882974
2010-11-30,8.860929489135742,8.923084253384514,8.705543487421803,8.77158201552813,11044897
2010-12-01,9.062931060791016,9.167817209117839,9.016314994867983,9.016314994867983,11634568
2010-12-02,9.233855247497559,9.26881729168316,9.0163136392316,9.0512756834172,7572252
2010-12-03,9.214432716369629,9.264933451391054,9.140623949799854,9.179470669047104,6361506
2010-12-06,9.296011924743652,9.428090785784175,9.128971012251226,9.198895115155032,10600957
2010-12-07,9.179473876953125,9.420323620454658,9.128973124283448,9.38147688763183,11810353
2010-12-08,9.173614501953125,9.232194474107459,9.075981215029232,9.185330496383992,6615432
2010-12-09,9.34544849395752,9.392312468707402,9.169708588645454,9.208761900937025,8412414
2010-12-10,9.364975929260254,9.427461234125483,9.263437308854257,9.372786592368408,9673209
2010-12-13,9.427460670471191,9.564147266691585,9.3805966946242,9.39621801990653,12342738
2010-12-14,9.35325813293457,9.493850041799938,9.329826148123676,9.446986072178149,11126472
2010-12-15,9.243908882141113,9.357163475536593,9.12284362713215,9.310299505855705,10173700
2010-12-16,9.236100196838379,9.286869508189461,9.161898895632952,9.275153513262287,6104146
2010-12-17,9.333733558654785,9.454798840486667,9.2165736084949,9.232194935182884,7709764
2010-12-20,9.540715217590332,9.579768530545737,9.329827327631142,9.329827327631142,6460623
2010-12-21,9.587577819824219,9.642252450130261,9.560240504671198,9.583672489088073,3637144
2010-12-22,9.622725486755371,9.673494784691329,9.583672180650789,9.657873462249496,3478656
2010-12-23,9.614913940429688,9.665683233692057,9.599292619425881,9.62272460093159,2357704
2010-12-27,9.61882209777832,9.642254086170997,9.54462080120151,9.591484777986864,2320658
2010-12-28,9.614913940429688,9.661777903441106,9.587576628673027,9.638345921935397,2159102
2010-12-29,9.66568374633789,9.685210398628298,9.587577137176265,9.650062424505565,2540972
2010-12-30,9.630534172058105,9.720355843928363,9.556332905683439,9.579764884538596,2863346
2010-12-31,9.653968811035156,9.720358522343739,9.57976752421455,9.587578185985139,3787905
2011-01-03,9.653968811035156,9.841423779787888,9.630536825723386,9.7516011694261,8968229
2011-01-04,9.583670616149902,9.685209195445998,9.489942696799663,9.64615589571673,7622301
2011-01-05,9.599295616149902,9.661780919671891,9.474325009105923,9.528999649687664,6443327
2011-01-06,9.579767227172852,9.638347188635878,9.474323296539405,9.638347188635878,3980618
2011-01-07,9.732075691223145,9.74379168529503,9.525094043028032,9.614916664245825,7489082
2011-01-10,9.66568374633789,9.696926390002542,9.517281188930802,9.517281188930802,8738101
2011-01-11,9.90781307220459,9.935150384724698,9.611008878584732,9.673494164344978,7811948
2011-01-12,10.11089038848877,10.114795718901918,9.954677171962802,9.978109154441697,9573479
2011-01-13,10.356926918029785,10.567814774868394,10.204619021424122,10.259293650974874,18079980
2011-01-14,10.33349609375,10.356928080473143,10.239768146857426,10.321780100388429,9349730
2011-01-18,10.251483917236328,10.380359841410405,10.231957262058438,10.337401200019046,8962341
2011-01-19,10.165568351745605,10.31787628786287,10.110893708011204,10.259296312433152,8070167
2011-01-20,10.200716972351074,10.271012947245092,10.064030354501597,10.134326329395615,13993744
2011-01-21,10.310065269470215,10.438941210978061,10.22414797513165,10.24367463293587,11888003
2011-01-24,10.364736557006836,10.376452547897749,10.243671317800734,10.259292638988619,5797841
2011-01-25,10.290541648864746,10.360837637707423,10.22024566002207,10.360837637707423,6756992
2011-01-26,10.493614196777344,10.524856844333527,10.337400958996424,10.337400958996424,6377208
2011-01-27,10.532670021057129,10.56391267607297,10.395983405362824,10.493616702287328,8946516
2011-01-28,10.38817310333252,10.610777028071617,10.345214451189888,10.528765055799319,13649779
2011-01-31,10.54047679901123,10.599056755570137,10.427222216330678,10.427222216330678,8620584
2011-02-01,10.688882827758789,10.712314819996989,10.58343977642859,10.59515577254769,8053852
2011-02-02,10.599058151245117,10.724027827952023,10.57562616553605,10.595152820293606,3934249
2011-02-03,10.778705596923828,10.845096242413327,10.61077723089799,10.638113641769596,9872915
2011-02-04,10.724028587341309,10.848999186639075,10.696691268744923,10.794324549446301,6060353
2011-02-07,10.770891189575195,10.91148309586997,10.747459205192733,10.770891189575195,5238224
2011-02-08,10.833378791809082,10.962254733399337,10.727934839598872,10.833378791809082,11060231
2011-02-09,10.642019271850586,10.82947521730529,10.552197545061947,10.79042189533556,5656894
2011-02-10,10.68497371673584,10.727932353979245,10.575625372039461,10.575625372039461,5691487
2011-02-11,10.54047679901123,10.71621575494662,10.513139485950408,10.622488738193699,8127944
2011-02-14,10.54828929901123,10.638111000987571,10.485804001120567,10.540478636774898,9215653
2011-02-15,10.55610179901123,10.630303103174462,10.438941845069284,10.517048481030582,9787659
2011-02-16,10.8411865234375,10.927103794598645,10.700594625173807,10.794322557349602,28043057
2011-02-17,11.747225761413574,12.086989616029513,11.501190780433301,11.880007037930147,60248896
2011-02-18,11.860477447509766,12.001069352594165,11.778465502877198,11.813613479148298,19925172
2011-02-22,11.669116020202637,11.997163792459197,11.602725399626905,11.899530526906648,12945535
2011-02-23,11.676931381225586,11.895629984085994,11.524624339403827,11.618351398316548,12128925
2011-02-24,11.610535621643066,11.727695535873949,11.512903273525335,11.688642231130322,8224975
2011-02-25,11.817520141601562,11.833141466149138,11.618348253619974,11.673022889536488,12064524
2011-02-28,11.856575965881348,11.880007957668942,11.727700011049572,11.837049306058352,9093965
2011-03-01,11.723791122436523,12.036217584823595,11.70816979931717,11.977637623126018,11130152
2011-03-02,11.868289947509766,11.989355217865356,11.661307388514723,11.727698020645208,8951791
2011-03-03,12.016697883605957,12.032319215763579,11.762851236044591,11.965928554093685,10228042
2011-03-04,12.044025421142578,12.063552070461284,11.891717556456669,11.977634813458977,8003189
2011-03-07,11.825332641601562,12.106516527155552,11.704267357543594,12.051841882742275,10694308
2011-03-08,11.727696418762207,11.919057626412098,11.67692711877346,11.860477664886622,6979514
2011-03-09,11.702203750610352,11.823775026094884,11.647300593939917,11.690438788466686,7018768
2011-03-10,11.513971328735352,11.729661497233783,11.345340115997905,11.635541750589628,13432777
2011-03-11,11.757110595703125,11.812013769597698,11.482595643791162,11.549263783520287,7383219
2011-03-14,11.686515808105469,11.761027226558975,11.54925884956741,11.702202422516734,6977184
2011-03-15,11.545341491699219,11.60024466256675,11.266903982299597,11.37671032403466,9308881
2011-03-16,11.380629539489746,11.706125922297137,11.255136604408092,11.59239886744004,12648184
2011-03-17,11.619848251342773,11.710046288511686,11.494356247624836,11.61200494376287,9545388
2011-03-18,11.643383026123047,11.780640965969639,11.604167389442097,11.761032688848697,10544652
2011-03-21,12.059075355529785,12.12966513475214,11.764951275436644,11.796324510646578,8486261
2011-03-22,11.961039543151855,12.110062479517417,11.878684762528783,12.066924261095807,3980128
2011-03-23,11.945350646972656,11.976723890768493,11.784562772518992,11.933585680549218,6090285
2011-03-24,12.01986026763916,12.062998471278712,11.890445656720505,11.984565373752254,5404073
2011-03-25,12.208101272583008,12.290456035582807,12.012018503535867,12.047313401964352,6399902
2011-03-28,12.015941619873047,12.333595744351339,12.01201996401529,12.25908428305396,5473871
2011-03-29,12.059075355529785,12.070840318733511,11.878679253072658,11.992407230708674,5474362
2011-03-30,12.33359432220459,12.396340808693603,12.063000099220721,12.13358989652086,8682287
2011-03-31,12.22771167755127,12.459089385294975,12.21202505329746,12.364969639772111,8583415
2011-04-01,12.266926765441895,12.506147756592089,12.239475176293512,12.408106366776435,6383955
2011-04-04,12.196334838867188,12.29829786650259,12.129666705413271,12.266924627230159,7323970
2011-04-05,12.125741958618164,12.235548268072678,12.098290381254536,12.157115189890883,6896467
2011-04-06,12.03162956237793,12.239477345626186,11.902214904883731,12.208104095324563,5344578
2011-04-07,12.164957046508789,12.180643660273837,11.933579493474328,12.004169255417045,7345437
2011-04-08,12.090449333190918,12.313983647788517,12.012016240349656,12.212020627094876,5225834
2011-04-11,12.03162956237793,12.278693908503216,11.972804718062385,12.16496587615983,8741781
2011-04-12,11.929661750793457,11.961034988608272,11.710049086089752,11.949270024427717,10651619
2011-04-13,11.906135559082031,12.102218356963714,11.73358269694615,11.964960398446536,7086482
2011-04-14,12.051230430603027,12.125741854234306,11.780636313205227,11.851226082961174,6133342
2011-04-15,12.176725387573242,12.239471860054337,12.062997406201255,12.070840715261392,7197620
2011-04-18,11.874761581420898,12.012019531500155,11.784563499940244,11.968881318618102,5970559
2011-04-19,11.980644226074219,12.023782431540017,11.851229609676821,11.882602850015584,4897203
2011-04-20,12.463011741638184,12.46693339792199,12.219869052042261,12.239477333461288,9615800
2011-04-21,12.537517547607422,12.576734095600722,12.431633785586294,12.510066881572897,4518278
2011-04-25,12.557127952575684,12.604187818153806,12.388497685148355,12.561049608040527,4129293
2011-04-26,12.764975547790527,12.800270446574794,12.53359879554348,12.631639263494403,8228778
2011-04-27,12.839481353759766,12.878697890716415,12.549278980280556,12.776734894629126,6231968
2011-04-28,12.808112144470215,12.92968344719525,12.71791408115809,12.827720419103285,6988224
2011-04-29,13.00811767578125,13.070864160058049,12.780661670277855,12.823799878218153,12161187
2011-05-02,12.823802947998047,13.125770475865549,12.745369823876617,13.055180664156262,12709028
2011-05-03,12.510066986083984,12.788503561601742,12.376730721792848,12.753208668112912,12550540
2011-05-04,12.306139945983887,12.541438299441776,12.039467438829464,12.541438299441776,11159225
2011-05-05,12.062999725341797,12.266925800110634,11.91005516926517,12.192414349714328,11552012
2011-05-06,12.09829330444336,12.357122524981586,11.976722003887526,12.239472879282392,8058759
2011-05-09,12.400259971618652,12.435554863174369,12.09044925685181,12.125744148407527,6516683
2011-05-10,12.443400382995605,12.517911833961398,12.341437344831888,12.435557072367628,5164868
2011-05-11,12.094367980957031,12.463003425661608,11.988483331946142,12.439473503659189,8228901
2011-05-12,11.968875885009766,12.110055426713142,11.882599498413258,12.047308963733864,10038518
2011-05-13,11.866915702819824,12.141431543592368,11.733579437301731,12.031625207283351,9091389
2011-05-16,11.678675651550293,11.953191477805769,11.635537450281575,11.827698528660408,10276374
2011-05-17,11.721813201904297,11.753186437448475,11.525731397313889,11.600242831731311,8756501
2011-05-18,12.012015342712402,12.117900010135529,11.710047957839045,11.74926450132909,9231845
2011-05-19,12.012015342712402,12.137508281880551,11.9257389470343,12.05123188620245,7989082
2011-05-20,12.062999725341797,12.215944281418425,11.862995305856977,11.968879998525411,10823970
2011-05-23,11.89828872680664,12.00809506113186,11.823777285657386,11.894367072009311,7011776
2011-05-24,12.023780822753906,12.184568657976598,12.004172550165773,12.015937513718653,7611384
2011-05-25,12.176725387573242,12.294375023475297,11.890444606878242,11.937504461239064,10791462
2011-05-26,12.039470672607422,12.161041995287519,11.953194250060255,12.117903784013937,9305201
2011-05-27,12.157115936279297,12.243392327576228,12.059074582532785,12.059074582532785,4864328
2011-05-31,12.310066223144531,12.443402526791841,12.149278327569835,12.38457768694744,10540849
2011-06-01,12.039470672607422,12.38065470722576,12.015940739185467,12.310064906959896,8207188
2011-06-02,11.992409706115723,12.145354259334127,11.81201356642222,12.035547913433733,7262267
2011-06-03,11.945350646972656,12.066921966681525,11.753189528723155,11.819857671789308,5675049
2011-06-06,11.655142784118652,11.937501848483791,11.6394561694317,11.910050272781625,7398675
2011-06-07,11.698288917541504,11.89045007793238,11.623777447185859,11.725740511883059,6303116
2011-06-08,11.765398979187012,11.887790838458034,11.694332738319966,11.72986585875349,8791462
2011-06-09,11.808834075927734,11.887796604077083,11.733819674185852,11.824626581557604,6359053
2011-06-10,11.58379077911377,11.796988662675364,11.548257644561113,11.749611149938488,6808023
2011-06-13,11.414020538330078,11.682493091214871,11.208717997888767,11.631167456104542,12033857
2011-06-14,11.706185340881348,11.781199758973806,11.512728028502792,11.552209301183034,8833906
2011-06-15,11.358744621276855,11.591683997944648,11.319263370994179,11.556150872690239,13191487
2011-06-16,11.177132606506348,11.496930783481318,11.023155706481361,11.378487014231329,15317100
2011-06-17,11.177132606506348,11.323213255248,11.102118219314688,11.267939496264672,12106845
2011-06-20,11.267940521240234,11.283733025243446,11.058689843197667,11.121859859210517,6650883
2011-06-21,11.599583625793457,11.611428004327337,11.267941026844834,11.331111045692191,8617640
2011-06-22,11.575892448425293,11.737764664122851,11.51272244278559,11.56799619772033,7047964
2011-06-23,11.540362358093262,11.556154863660346,11.098172202214922,11.374541049638886,12288518
2011-06-24,11.271888732910156,11.674597588052762,11.228459346571247,11.390332513834453,30518032
2011-06-27,11.370590209960938,11.504826475249265,11.196872690176042,11.30742020276643,9099362
2011-06-28,11.714079856872559,11.757509250375252,11.433763786200574,11.4416600395647,7447620
2011-06-29,11.773303985595703,11.90359219076519,11.654861086469014,11.749615221019432,6915481
2011-06-30,11.943069458007812,11.958861962426742,11.816729422656389,11.836470053180047,6344455
2011-07-01,12.140474319458008,12.176007450174875,11.887794278804725,11.99044554532012,8705594
2011-07-05,12.112842559814453,12.164168214766253,11.950969340351085,12.081257541382575,7986016
2011-07-06,11.919381141662598,12.085202444186521,11.90358863666032,12.069409939184244,7896835
2011-07-07,11.950966835021973,12.13258065293283,11.860159926066544,12.100995641122246,6866290
2011-07-08,11.67854118347168,11.899635231670741,11.646956187478388,11.75750274970093,11116413
2011-07-11,11.287681579589844,11.552206031681843,11.21661530887856,11.524569148627455,12157507
2011-07-12,11.212667465209961,11.358748136463381,11.188978707709406,11.271889358961348,7865677
2011-07-13,11.3666410446167,11.492981047447305,11.303471043201396,11.303471043201396,8787782
2011-07-14,11.489035606384277,11.635116268783982,11.386384330103404,11.390332456114207,15616045
2011-07-15,11.990445137023926,12.03387451753236,11.587737259699926,11.61932226370606,18656281
2011-07-18,11.860159873962402,11.994396173567656,11.76540483894693,11.86805612688036,11956820
2011-07-19,12.097046852111816,12.148372493493,11.793041130084807,11.947018054228359,11131869
2011-07-20,12.065461158752441,12.132579301373024,11.872002982963703,12.132579301373024,8486752
2011-07-21,12.247072219848633,12.290501596545981,12.124680340065195,12.140472840682413,7562193
2011-07-22,12.274714469909668,12.290506977440987,12.132581902127786,12.270766343026837,4211237
2011-07-25,12.124683380126953,12.247075290598117,12.029928352665406,12.081253992540411,8627453
2011-07-26,12.08914852142334,12.203644163283766,12.014134135376855,12.124681651655886,6375981
2011-07-27,12.673476219177246,13.091977730107065,11.895696032996309,12.014139856844372,34162537
2011-07-28,12.551080703735352,12.740589830374848,12.503703191136893,12.633990427028316,9292689
2011-07-29,12.515549659729004,12.689266311184493,12.286558310588571,12.357624591356291,10757360
2011-08-01,12.480011940002441,12.677417279279075,12.404997560050742,12.570818820996603,8346786
2011-08-02,11.986498832702637,12.507651477985647,11.962810076098863,12.377363316664894,10923209
2011-08-03,11.868057250976562,11.99044918279737,11.552208028096745,11.93517540713636,12436457
2011-08-04,10.675722122192383,11.710129245939077,10.628344612058553,11.686440490872162,22443449
2011-08-05,10.679671287536621,11.003416714541743,10.055867343390263,10.865232296534638,19923822
2011-08-08,9.49128532409668,10.462523361308836,9.270190276071796,10.320390830435697,26397816
2011-08-09,10.671773910522461,10.675722036335195,9.5465589776476,9.807135281288033,18403582
2011-08-10,10.415145874023438,11.070533844076282,10.367768363627741,10.450679006820211,22678606
2011-08-11,10.86523151397705,11.078430314975437,10.375664820623962,10.663878014566224,18112610
2011-08-12,10.9284029006958,11.125809222692713,10.766529716658335,11.06658732609364,9506379
2011-08-15,11.319262504577637,11.382432500194662,11.027101274848887,11.06658252210953,8602061
2011-08-16,11.113961219787598,11.342952478643923,11.015258090970217,11.05473934249717,9515088
2011-08-17,11.113961219787598,11.42981123200322,11.038946841886387,11.224508724063066,7866658
2011-08-18,9.992700576782227,10.782325155839377,9.897945516444807,10.754688263240963,20001963
2011-08-19,9.763699531555176,10.174303424617332,9.664996450589829,9.870297935244066,16486016
2011-08-22,9.412323951721191,10.13483014778035,9.297828287925599,10.051919494686992,15148430
2011-08-23,10.067712783813477,10.138779063426037,9.262295871958937,9.479442837441761,21026497
2011-08-24,10.167196273803711,10.210968982872096,9.888643601698154,10.031898809410517,12284347
2011-08-25,9.864767074584961,10.405955973451817,9.793139008859765,10.13138172150523,13372056
2011-08-26,10.035873413085938,10.127398125242266,9.669775495517083,9.761300207673411,10400393
2011-08-29,10.537277221679688,10.54125655984559,10.19903347757803,10.203012815743932,6470437
2011-08-30,10.704405784606934,10.768075173610542,10.413914197277965,10.485542259907024,11196639
2011-08-31,10.740216255187988,10.974996118244771,10.608898183904286,10.783988945615889,9260059
2011-09-01,10.700425148010254,10.943163733044171,10.672569793704772,10.736239174974443,7575319
2011-09-02,10.322388648986816,10.48156210913502,10.059752439742281,10.059752439742281,8091266
2011-09-06,10.159235000610352,10.175152345290702,9.797116340189042,9.940371511255535,10501472
2011-09-07,10.533292770385742,10.776032280673826,10.382077993484968,10.42983002829574,15257605
2011-09-08,10.636757850646973,10.736241278371184,10.401976961217834,10.513398400268951,11979269
2011-09-09,10.230865478515625,10.54523311052308,10.147299399121238,10.421873659988508,12033243
2011-09-12,10.29055404663086,10.362182104321729,9.976186460098704,10.115463238942064,7912782
2011-09-13,10.501458168029785,10.537272194436333,10.167193921568671,10.378098743740564,9057532
2011-09-14,10.756135940551758,10.923267136632075,10.358202304511229,10.585024477054331,11432655
2011-09-15,10.843679428100586,11.002852868112036,10.748176295150337,10.923266148106311,7775883
2011-09-16,10.7640962600708,10.978979525350955,10.644716150994688,10.95112416656653,9435844
2011-09-19,10.835721969604492,10.959081399428525,10.278615798230103,10.616859396134707,11099975
2011-09-20,10.688488960266113,10.998876315786896,10.50941879493286,10.875516868557321,10601693
2011-09-21,10.493502616882324,11.245596464080267,10.493502616882324,10.7004281643387,13239082
2011-09-22,9.880682945251465,10.167194234258764,9.721509489660349,10.111483524801873,19144872
2011-09-23,9.952309608459473,10.047813677392694,9.72946771200529,9.785178418883003,8876963
2011-09-26,10.409934043884277,10.449727408890043,9.781199807849912,10.027917739828922,11465285
2011-09-27,10.326369285583496,10.81184840015748,10.2467825454894,10.692468290016336,11134078
2011-09-28,9.996085166931152,10.469626310887497,9.964250468177784,10.302494142432316,8930692
2011-09-29,9.964251518249512,10.318412579203603,9.733450859021858,10.294536552622429,12048945
2011-09-30,9.685690879821777,9.9483260262369,9.657835538271781,9.777215573486052,9782139
2011-10-03,9.291742324829102,9.777221425265282,9.291742324829102,9.566316570157761,11225834
2011-10-04,9.395203590393066,9.395203590393066,8.714738021634355,9.120629388713171,24043180
2011-10-05,9.848846435546875,9.880681120786834,9.220111402057686,9.399181506532456,19923822
2011-10-06,10.123419761657715,10.242799832451107,9.677735095085595,9.81303250865144,9716879
2011-10-07,9.936391830444336,10.222904024753042,9.912515814251943,10.222904024753042,10774902
2011-10-10,10.501458168029785,10.501458168029785,10.17515259410346,10.17515259410346,10662537
2011-10-11,10.509418487548828,10.56114986713204,10.290554958542932,10.366162359472241,6614328
2011-10-12,10.636757850646973,10.82378669476849,10.59298514244832,10.652675199082847,9879416
2011-10-13,10.620841979980469,10.700428733233428,10.35422635658305,10.501461850101027,6921860
2011-10-14,10.871536254882812,10.895412274123435,10.720322397415613,10.851639572182293,7012144
2011-10-17,10.959081649780273,11.48833340918018,10.903370938264493,11.428643361127559,16943695
2011-10-18,11.563940048217773,11.643526773757333,10.907349562516407,10.974998279225032,18629539
2011-10-19,11.731071472167969,11.93799601517242,11.603732718899609,11.607712054939245,25790113
2011-10-20,11.862391471862793,11.9181021897623,11.599756161393406,11.71515693418524,10611629
2011-10-21,12.001664161682129,12.037478182368055,11.830552729516038,11.98972615478682,12002208
2011-10-24,12.136964797973633,12.184716838242663,11.89024592325031,12.065336737570087,10918302
2011-10-25,11.766889572143555,12.117070333864678,11.707199510874563,12.037483585506024,11078386
2011-10-26,11.878304481506348,12.053395245241893,11.595772589262321,11.973808534453008,12471418
2011-10-27,12.387661933898926,12.495104015176207,12.029521662974659,12.19267445306238,13985525
2011-10-28,12.435418128967285,12.459294155014085,12.172781842452483,12.252368595941817,10398307
2011-10-31,11.981770515441895,12.284200099984464,11.961873832248305,12.18869602065523,8697620
2011-11-01,11.683323860168457,11.961876557278933,11.548026383629976,11.647509822261211,15136040
2011-11-02,12.017583847045898,12.574690944102073,11.834534372298869,12.574690944102073,14755765
2011-11-03,12.347864151000977,12.3836781652751,11.977786003501706,12.240422108178608,14639230
2011-11-04,12.443374633789062,12.554796069238627,12.125027675361736,12.2364491108113,11231845
2011-11-07,12.463271141052246,12.52296119490661,12.192676230245798,12.431436445663252,6685108
2011-11-08,12.45133113861084,12.518979855491605,12.18869494366199,12.511021182917396,8204612
2011-11-09,12.05339527130127,12.371742115145071,11.997684573628604,12.041457264657126,9591757
2011-11-10,12.236446380615234,12.320012438557148,11.953913518049719,12.240425716707707,6900638
2011-11-11,12.471227645874023,12.530917689346953,12.33195087777052,12.39562025747498,5546369
2011-11-14,12.176759719848633,12.447354649261708,12.113090324692616,12.403581940091946,8060231
2011-11-15,12.443374633789062,12.51102336245487,12.125027675361736,12.125027675361736,7408243
2011-11-16,12.184715270996094,12.53091751841665,12.148901245400864,12.196653279527837,8668302
2011-11-17,12.05339527130127,12.272258726443884,11.87432517163913,12.125023311166125,9102306
2011-11-18,12.1170654296875,12.232466168101052,12.04543738515495,12.172776130990593,7521958
2011-11-21,11.965851783752441,12.037479834957898,11.735051216480416,11.882285724012744,8976570
2011-11-22,11.941976547241211,12.132984696273859,11.86636915491579,11.965852565870293,7502944
2011-11-23,11.687302589416504,11.902185874618807,11.611695179991957,11.790764429151054,9127331
2011-11-25,11.81861400604248,11.914118055414415,11.587813484450121,11.6196481675741,4144872
2011-11-28,12.244409561157227,12.455314451712832,12.12502943442764,12.18074016023478,11668057
2011-11-29,12.375725746154785,12.43541580009318,12.216552268985735,12.320015029145617,7952282
2011-11-30,12.845284461975098,12.932829860032381,12.526938491005298,12.741821718816489,12702772
2011-12-01,12.897017478942871,13.064149623829326,12.682134223717089,12.837327427197708,12929097
2011-12-02,12.881099700927734,13.088025206722474,12.845285671078644,13.008438473724498,14429465
2011-12-05,12.968646049499512,13.11986085318261,12.813451908877383,13.05221212521912,9879416
2011-12-06,12.789575576782227,13.01241843995844,12.737844197830606,12.948749050479522,11465530
2011-12-07,12.913901329040527,13.018175172554983,12.629154463952952,12.729417775024542,12104024
2011-12-08,12.480768203735352,12.889841687307714,12.444673401800497,12.805621421149052,12760795
2011-12-09,12.693321228027344,12.785563461459557,12.54493154815813,12.581026335153345,11120093
2011-12-12,12.568999290466309,12.61712569055218,12.452693823592117,12.597073023849735,12299190
2011-12-13,12.581027030944824,12.789574700673088,12.48878479241117,12.609100755715936,10951668
2011-12-14,12.268207550048828,12.520871114666837,12.20804955847311,12.448681524775978,11456084
2011-12-15,12.191999435424805,12.452683894705318,12.175957314853695,12.396536472706437,8761654
2011-12-16,12.432638168334961,12.440659233087839,12.183985160995773,12.332374858923998,13840407
2011-12-19,12.34841537475586,12.520868244406813,12.296278460675339,12.448678671064553,7171124
2011-12-20,12.713376998901367,12.781556057689368,12.55295568410607,12.581029414195246,6003435
2011-12-21,12.837699890136719,12.861763082315004,12.5970689067095,12.713374335571217,4757974
2011-12-22,12.929943084716797,12.949995746350941,12.825669244219242,12.849732438180217,6299068
2011-12-23,13.118440628051758,13.118440628051758,12.94598770481835,12.990103568901315,4354514
2011-12-27,13.162554740905762,13.23474432707333,13.0783335570436,13.086354622173328,4328263
2011-12-28,12.885824203491211,13.206666714302742,12.86577154656549,13.190624588762166,6397939
2011-12-29,13.054269790649414,13.078332984986059,12.877806365514022,12.925932754187311,7196394
2011-12-30,13.242764472961426,13.278859263539703,13.050258923210613,13.078332649215941,8067223
2012-01-03,13.194599151611328,13.735764858742694,12.894497972364096,13.553736043865912,18725000
2012-01-04,13.2733154296875,13.278235229337975,13.06668853614678,13.189680712341117,11200600
2012-01-05,13.55373477935791,13.652128876331389,13.263473225477368,13.59801202916041,11763700
2012-01-06,13.475025177001953,13.642294644632457,13.45042711226171,13.607856978653711,7258600
2012-01-09,13.666887283325195,13.681645739954206,13.401223803735995,13.538975341858794,8696000
2012-01-10,13.937475204467773,14.011270332232526,13.7603661471476,13.839081075210796,15125200
2012-01-11,13.69640827178955,13.89319555820921,13.666890413415551,13.883355959299278,8873400
2012-01-12,13.84399700164795,13.966989159625221,13.711166184182826,13.725924642592451,7920600
2012-01-13,13.883354187011719,13.907953181146352,13.71608478031893,13.770201629059443,5666900
2012-01-17,13.98666763305664,14.114579583350459,13.824318030444418,14.026025084042766,7677500
2012-01-18,14.291686058044434,14.33596330278602,14.04078292231617,14.10965821931173,11798800
2012-01-19,14.139176368713379,14.409759641007296,13.991586175357108,14.321205149651307,13195200
2012-01-20,14.188374519348145,14.23757156708959,13.937470420386846,14.144097270216408,7713200
2012-01-23,14.281852722167969,14.380245906204792,14.178538799820025,14.178538799820025,7570600
2012-01-24,14.296607971191406,14.31628716659034,14.173615815015125,14.198214809263792,4899500
2012-01-25,14.468794822692871,14.498312672631517,14.099818414215449,14.281847188607411,6829100
2012-01-26,14.203131675720215,14.601625916718241,14.109657393585447,14.577026927548308,6524200
2012-01-27,14.04570484161377,14.17853660477285,13.873516561617647,14.149018747967192,6325700
2012-01-30,14.124420166015625,14.124420166015625,13.848917971590534,13.96699034062986,7173500
2012-01-31,14.1785306930542,14.276924759188786,14.030940532207678,14.25232577347746,5346000
2012-02-01,14.360564231872559,14.562271290320531,14.281849328007771,14.30644738358214,6619200
2012-02-02,14.188374519348145,14.41959942387061,14.149017068826115,14.399921167787413,4051400
2012-02-03,14.611469268798828,14.650826723233505,14.316287891360885,14.35072554669676,7613700
2012-02-06,14.468794822692871,14.6065463529991,14.41467798250908,14.54750971476628,7010600
2012-02-07,14.365485191345215,14.44420010156992,14.232653428457617,14.429440704019383,7646900
2012-02-08,14.370403289794922,14.468797391533679,14.291688383746195,14.370403289794922,4755400
2012-02-09,14.360564231872559,14.439279135737344,14.242491876075379,14.404841482590959,5048600
2012-02-10,14.296607971191406,14.33596542363359,14.099820708980493,14.222812865156774,4427900
2012-02-13,14.522916793823242,14.562274253764937,14.331048355546102,14.390085014636574,5086700
2012-02-14,14.355640411376953,14.56226721072477,14.25232654252534,14.498310782779626,4543000
2012-02-15,14.252336502075195,14.45404364496847,14.193300768638954,14.45404364496847,5433800
2012-02-16,14.203131675720215,14.296605019499493,14.124415848731918,14.212970333032699,5825900
2012-02-17,14.321208000183105,14.449119964451079,14.291689204951899,14.429440767630275,6576900
2012-02-21,14.493396759033203,14.552433413088746,14.355646130163242,14.449120441436275,3912200
2012-02-22,14.414682388305664,14.621309277742018,14.375324930239493,14.458959645924585,4592600
2012-02-23,14.296607971191406,14.424519926217421,14.026025602945861,14.25233071989949,10453700
2012-02-24,14.419604301452637,14.49339942884896,14.27201404665999,14.33596957350855,5146000
2012-02-27,14.321208000183105,14.498316079791588,14.286770344102449,14.355645656263762,4060500
2012-02-28,14.26709270477295,14.414682943617915,14.198217385092747,14.335968024453154,5488800
2012-02-29,14.700021743774414,14.759058390211752,14.429439381962796,14.498314687509973,10284000
2012-03-01,14.886971473693848,15.029641894364744,14.675424803885113,14.729541655702901,8196200
2012-03-02,14.886971473693848,14.99520423897369,14.823015023662693,14.867292277267113,5393200
2012-03-05,14.931244850158691,14.985360749568677,14.70001904396475,14.827930972456922,3731000
2012-03-06,14.621313095092773,14.823020237638332,14.562277361758301,14.680349766783307,4834300
2012-03-07,14.715108871459961,14.804441894112085,14.556295029680703,14.66051720497657,4603400
2012-03-08,14.779623031616211,14.888807277540419,14.665474789735363,14.819326479825458,3825700
2012-03-09,14.819326400756836,14.997991443442737,14.794511154130413,14.809400302106267,4493900
2012-03-12,14.725032806396484,14.85406927050538,14.59599634228759,14.81436581590303,3523400
2012-03-13,15.002959251403809,15.012885353202737,14.675405464880525,14.809404999350551,5777700
2012-03-14,14.90866470336914,15.092292860757892,14.854072087959143,15.052589398624768,4233800
2012-03-15,14.898736000061035,14.993031114536267,14.749847333101917,14.903699050286844,4051000
2012-03-16,15.117100715637207,15.13695291153083,14.918583489724975,14.943398734592005,6646900
2012-03-19,15.097250938415527,15.146880486383946,14.87888149531742,15.112140086787521,3096700
2012-03-20,15.5339937210083,15.926066230929074,15.414883336712231,15.529031616608838,16513200
2012-03-21,15.390068054199219,15.563771041946955,15.350364595280174,15.533992737803827,5695600
2012-03-22,14.993032455444336,15.25606846130665,14.844144721774422,15.231254154563374,8202100
2012-03-23,14.978137969970703,15.11213744205308,14.91361928492153,14.983101018559465,7905500
2012-03-26,15.191551208496094,15.30569853793562,15.032737368127163,15.251105925331865,6764900
2012-03-27,15.380139350891113,15.459546255295578,15.261028994284418,15.370213251189314,5872500
2012-03-28,15.22629165649414,15.399994649816575,15.077402970815555,15.305698576880655,6947500
2012-03-29,15.181628227233887,15.211405591772172,14.99303604307892,15.087332135156403,6613100
2012-03-30,15.290809631347656,15.603475212882131,15.216365760803077,15.573696907380162,21687800
2012-04-02,15.414883613586426,15.469476229012969,15.241180611724413,15.310662380432342,6103900
2012-04-03,15.603472709655762,15.603472709655762,15.216363319679704,15.29080717828144,10015500
2012-04-04,15.583621978759766,15.608437231703853,15.365252485877356,15.419845095749237,7262600
2012-04-05,15.613398551940918,15.727546816543587,15.454584727491191,15.524066485641743,6281700
2012-04-09,15.38510799407959,15.48436713397384,15.290811905840581,15.350367579098195,5443500
2012-04-10,15.166730880737305,15.524062848637909,15.141916581457469,15.375174213144376,8339900
2012-04-11,15.395030975341797,15.469474841862922,15.265994498289457,15.350364466108099,6226000
2012-04-12,15.792062759399414,15.79702580916764,15.419842546227128,15.449619898231525,6419200
2012-04-13,15.931029319763184,15.985621937582634,15.66303117518777,15.68784643174445,8775900
2012-04-16,15.553841590881348,16.13946819377019,15.543915491637994,16.05509729680662,9322700
2012-04-17,15.757323265075684,15.777175465291853,15.548879895830956,15.553842945884996,5726600
2012-04-18,16.020362854003906,16.02532685207661,15.672957770731573,15.737475546597558,6030300
2012-04-19,15.970731735229492,16.074952959932748,15.881398715995198,16.04021255169833,5784300
2012-04-20,16.030284881591797,16.12954399249532,15.985618376345714,16.08983959084988,4733600
2012-04-23,16.03525161743164,16.065028030541846,15.782140746732528,15.816882104106561,5367000
2012-04-24,16.03525161743164,16.184139362613852,16.025325515324774,16.05510192843498,6654900
2012-04-25,16.357837677001953,16.377689876677408,16.074950457861593,16.104728757374776,5303700
2012-04-26,16.81939125061035,16.85413165414755,16.253616800764515,16.377690211457374,6942300
2012-04-27,16.69035530090332,16.933538119316935,16.67050310134018,16.80450260857644,7114200
2012-04-30,16.888874053955078,16.89383805116714,16.640727203238324,16.670505506880016,7660700
2012-05-01,17.062576293945312,17.186649707004115,16.873984175997123,17.097316698144976,8301000
2012-05-02,16.74991226196289,16.94346650074305,16.680431447345416,16.92361429850657,7445600
2012-05-03,16.357837677001953,16.873983509303997,16.342949473850343,16.73502189799574,8290200
2012-05-04,16.22880744934082,16.333028691754585,16.000512758374313,16.268509968408196,7186600
2012-05-07,16.45709800720215,16.51665271745168,16.124582157331314,16.313172388656515,5825100
2012-05-08,16.16925048828125,16.3578407408919,15.876436167852873,16.3578407408919,7120800
2012-05-09,15.995545387268066,16.203989721351707,15.92110246976048,15.990583283384966,13992000
2012-05-10,16.144433975219727,16.2982857087313,16.050138850737955,16.124583665420072,7167500
2012-05-11,16.149391174316406,16.28835275046801,15.995539505570356,16.045169992202702,4658100
2012-05-14,15.717617988586426,16.045172627933933,15.68287758884174,15.995542133148815,6279600
2012-05-15,15.504212379455566,15.73250793400775,15.424805476986533,15.64317493207885,5591400
2012-05-16,15.146883010864258,15.702731390258238,15.127030809726234,15.568732818996775,8040600
2012-05-17,14.784587860107422,15.21139974306705,14.769698710260405,15.161770190181981,10295600
2012-05-18,14.725032806396484,15.04762349336621,14.670440201341368,14.873920524504042,11048500
2012-05-21,15.390068054199219,15.42480846242774,14.769700916960964,14.769700916960964,10841400
2012-05-22,15.52902603149414,15.792061013902117,15.285841352755103,15.30569354963374,8819900
2012-05-23,15.578657150268555,15.618360603842858,15.206436918032601,15.578657150268555,7625400
2012-05-24,15.409918785095215,15.687843934660316,15.221327598309342,15.583621766922128,20422900
2012-05-25,15.27095890045166,15.494290519780376,15.246143645011667,15.434735799934801,20409400
2012-05-29,15.578657150268555,15.628286703887683,15.330510328777919,15.335473378800332,18425500
2012-05-30,15.22629165649414,15.444661160859635,15.186588196300882,15.439698110009832,5921900
2012-05-31,15.151849746704102,15.33547791887153,14.839184128962383,15.206441419902516,7772300
2012-06-01,14.397481918334961,14.8540722099173,14.39251886720192,14.784591387265165,11584100
2012-06-04,14.228740692138672,14.536443208597847,14.020297296241845,14.427257986658239,11863900
2012-06-05,14.54140567779541,14.566220931861638,14.149334129600547,14.174148437061621,8845300
2012-06-06,14.817191123962402,14.89240605916437,14.586534794776076,14.586534794776076,8661600
2012-06-07,14.967618942260742,15.183233033740699,14.807162210851722,14.817190039266617,6934700
2012-06-08,14.726932525634766,14.852289455365952,14.661746386591961,14.847275063409008,6869900
2012-06-11,14.67679214477539,14.96762023466568,14.651720180579373,14.892406254872917,5757800
2012-06-12,14.812171936035156,14.897413710889184,14.606585737749022,14.752000202517731,6557200
2012-06-13,14.772065162658691,14.96260829621353,14.631665965721227,14.7469941507478,5598800
2012-06-14,14.767044067382812,14.887386583662938,14.62664398685735,14.807158239476188,8818600
2012-06-15,15.077932357788086,15.077932357788086,14.72693350503638,14.807161868888057,9911600
2012-06-18,14.787102699279785,14.992687978948373,14.782088307532085,14.967616976607301,7042800
2012-06-19,15.062888145446777,15.138102107061982,14.85730191431568,14.89741609093695,5420800
2012-06-20,14.807161331176758,15.163174563290523,14.706875401805203,15.103003770785593,8685200
2012-06-21,14.250575065612793,14.847274287751528,14.23051749883287,14.817187937581645,9879400
2012-06-22,14.255592346191406,14.365906116643695,14.075078034180736,14.285677746060646,20625200
2012-06-25,13.719061851501465,14.130232402691055,13.663904499767158,14.07006065930841,10737000
2012-06-26,13.919636726379395,13.979807530616336,13.71405139184075,13.7591799732173,9333200
2012-06-27,14.145277976989746,14.19542094897137,13.939692652622973,13.939692652622973,8657200
2012-06-28,14.060033798217773,14.185390728844974,13.919633691612212,14.0500050142322,9319800
2012-06-29,14.451147079467773,14.451147079467775,14.165333425325516,14.260604962172101,8737600
2012-07-02,14.561461448669434,14.561461448669434,14.290690020783796,14.451146738169,5707500
2012-07-03,14.681805610656738,14.686820003179351,14.566476495431825,14.60157724309011,3261000
2012-07-05,14.59154987335205,14.721921222392586,14.511321498003674,14.676792641709413,3842700
2012-07-06,14.511319160461426,14.53137577286888,14.310748254399254,14.421062013634067,5541600
2012-07-09,14.616618156433105,14.636675724728896,14.36590429112071,14.456161435656773,5539600
2012-07-10,14.4310884475708,14.827215802974592,14.345845706828614,14.782087236911236,6235300
2012-07-11,14.491257667541504,14.5664716173978,14.36590076564859,14.486243276698115,4860100
2012-07-12,14.511319160461426,14.606589743092504,14.275647508990543,14.395990052627846,4851300
2012-07-13,14.9876708984375,15.002714070981884,14.541400633323992,14.556443805868376,5839400
2012-07-16,15.03781795501709,15.123060709907318,14.812176043647098,14.937532979874046,4690500
2012-07-17,15.378788948059082,15.38881773247535,14.887389988432206,15.077932110353691,5860800
2012-07-18,15.474061012268066,15.534231808012281,15.283517927483752,15.308589889375138,7548800
2012-07-19,15.569331169128418,15.639531704091821,15.408874443036403,15.529216987605414,4278500
2012-07-20,15.699702262878418,15.87520216306033,15.36876003117425,15.509160142599281,7057300
2012-07-23,15.77993106842041,15.955430973537009,14.892404671020683,14.99268964794621,12349500
2012-07-24,15.529215812683105,15.76488744814795,15.25844534698839,15.644544912683914,8361400
2012-07-25,15.348708152770996,15.70973589241555,15.248422191337493,15.614464324693502,5560800
2012-07-26,15.609448432922363,15.66962019528726,15.448991675146255,15.60443499608986,6554300
2012-07-27,15.845117568969727,15.92033154245773,15.599418078830212,15.714746235271656,10349400
2012-07-30,15.92534351348877,15.990528692227864,15.82505759315448,15.845115159780304,6448000
2012-07-31,15.940385818481445,16.020614167811296,15.82505672947209,15.82505672947209,7224100
2012-08-01,15.970476150512695,16.100847497600686,15.850133589292474,16.070761139997384,13321400
2012-08-02,15.509162902832031,15.659590868961692,14.987677501640201,15.00272068081224,9368500
2012-08-03,15.805002212524414,15.885230572474489,15.669616496459607,15.805002212524416,5146700
2012-08-06,15.915311813354492,15.985511370884476,15.83508347434959,15.860154471639657,4687700
2012-08-07,16.030643463134766,16.125914995343106,15.985514892951732,16.07075764147552,4514100
2012-08-08,15.86015510559082,15.995540791722107,15.739812592273218,15.955426620616239,5051100
2012-08-09,15.850132942199707,16.035660691190795,15.75486139314077,15.875203949447924,5709600
2012-08-10,15.970476150512695,15.99053276585057,15.659590483395542,15.734804464608473,3906800
2012-08-13,15.93537425994873,16.01058823126667,15.865173724507457,15.975488441744801,2597600
2012-08-14,16.120899200439453,16.191098763161985,15.980499118597072,16.045684290211238,4820400
2012-08-15,16.231216430664062,16.241245215631203,16.055717475726937,16.09081726671436,3811400
2012-08-16,16.376628875732422,16.441815013390677,16.211158726655196,16.256285384116786,18650100
2012-08-17,16.20113182067871,16.386659558660508,16.100845884841615,16.381644209831332,4944500
2012-08-20,16.130931854248047,16.30643273678182,16.100847409604487,16.191104569125784,3072300
2012-08-21,16.186084747314453,16.386656582561347,16.14095618002364,16.17104252914911,3139300
2012-08-22,16.334444046020508,16.369889441829486,16.10659279029012,16.202797168893778,5079600
2012-08-23,16.14203643798828,16.34963566757458,16.040769533989238,16.34963566757458,3705400
2012-08-24,16.25849151611328,16.304061951787066,16.02051235964758,16.136970676237127,2609400
2012-08-27,16.435712814331055,16.45596677546663,16.187607584992385,16.293938949430114,4339300
2012-08-28,16.486352920532227,16.54711289159175,16.339514553240782,16.354704063124498,5453200
2012-08-29,16.425582885742188,16.51166123935724,16.339506463650828,16.501534260607016,4255900
2012-08-30,16.22304916381836,16.32431702016213,16.157224767466353,16.30912558622016,4411100
2012-08-31,16.33950424194336,16.380010219912897,16.248363377107605,16.33443978749502,4562700
2012-09-04,16.390140533447266,16.516724879093495,16.273683167235593,16.339507567798304,3824800
2012-09-05,16.268619537353516,16.450901291736546,16.212922120011626,16.410393376752005,3995200
2012-09-06,16.800275802612305,16.800275802612305,16.40026877599678,16.410395756211294,4987700
2012-09-07,17.159778594970703,17.164843051928,16.79015242958837,16.866103831752632,4945300
2012-09-10,17.0230655670166,17.17496642498163,16.957243085197085,17.17496642498163,3664400
2012-09-11,17.083824157714844,17.18002756516681,17.05850574333774,17.088886681675966,2867900
2012-09-12,17.200281143188477,17.210408122410307,17.048378386384805,17.15471070245213,2489700
2012-09-13,17.564844131469727,17.7218094245789,17.08888765941537,17.19015552814632,7093900
2012-09-14,17.772443771362305,17.9192820958327,17.569909949718674,17.59522643598362,6119600
2012-09-17,17.4888916015625,17.7471227864454,17.42812973210003,17.736995808201655,11364100
2012-09-18,17.255977630615234,17.473700911785336,17.164836754067895,17.438257452186225,4449500
2012-09-19,17.195213317871094,17.301543681575843,17.109136908640604,17.28635418148185,4549500
2012-09-20,17.397754669189453,17.4028171936961,17.05344505701622,17.124331989253523,5917600
2012-09-21,17.37750244140625,17.53446775810514,17.316742483645875,17.529403301569307,7153800
2012-09-24,17.46358299255371,17.524342957877103,17.20028723411971,17.28636369070081,4164500
2012-09-25,17.590158462524414,17.71167833156317,17.448382706614545,17.499017594983602,6308700
2012-09-26,17.205341339111328,17.645854252277616,17.154708381376732,17.59015877137897,6950300
2012-09-27,17.71168327331543,17.71168327331543,17.281297225475253,17.35218415744667,5026900
2012-09-28,17.706619262695312,17.721808766407452,17.45345056603235,17.676238323747164,5509800
2012-10-01,18.02561378479004,18.121819143603354,17.721812064859286,17.721812064859286,6587800
2012-10-02,18.000293731689453,18.10156159545129,17.752189493572985,18.045864173806088,6616400
2012-10-03,18.471179962158203,18.582574759046757,17.9850967364095,18.01041320892334,9869600
2012-10-04,18.32434844970703,19.018032026884544,18.31422147067629,18.572454607150767,11459200
2012-10-05,18.202829360961914,18.537011957505513,18.147131939617342,18.43068157031524,4894600
2012-10-08,18.24839973449707,18.258526713933055,18.035737029389054,18.13194236826899,3752400
2012-10-09,18.202829360961914,18.496504039609885,18.1825754020141,18.253462326807615,4067300
2012-10-10,18.000293731689453,18.253462425332128,17.95472328957282,18.197765003686925,5120500
2012-10-11,18.045862197875977,18.31422036566573,17.944594345202454,18.223081422935554,3515900
2012-10-12,17.792699813842773,18.045868569148503,17.782572831847624,18.010425097927644,4779300
2012-10-15,18.152193069458008,18.202827962938656,17.77750451531964,17.828137477276606,4424500
2012-10-16,18.61802864074707,18.93195732520065,18.218021583678922,18.218021583678922,12650500
2012-10-17,18.304094314575195,18.820556664981243,18.2382699242201,18.658528882202184,8464900
2012-10-18,17.980045318603516,18.26359503829322,17.883841880693794,18.207897599468062,9035700
2012-10-19,17.706619262695312,17.98003998713317,17.49395655310601,17.87877405368708,10840900
2012-10-22,17.706619262695312,17.873709598100458,17.534464471703544,17.686365303396546,4028100
2012-10-23,17.43825340270996,17.57496468578415,17.255973623467618,17.377493476295847,5487600
2012-10-24,17.54964828491211,17.777500424332104,17.407874478838888,17.569902237643497,4435100
2012-10-25,17.57497215270996,17.74712696029457,17.34711991744738,17.686367008065897,3146800
2012-10-26,17.630666732788086,17.762315528131808,17.41800596857341,17.605350251075446,2998300
2012-10-31,17.716751098632812,17.828144042261886,17.47877184045017,17.76232155378429,4831600
2012-11-01,17.058500289916992,17.9243384062808,16.850902106448956,17.372430757813603,13208400
2012-11-02,16.74458122253418,17.180031788132897,16.638250809499414,17.134461335185957,9631800
2012-11-05,16.81546974182129,16.845850690477036,16.653441878706275,16.76483675891953,4690000
2012-11-06,16.942049026489258,17.002810905495096,16.552168994726046,16.90154303867594,7291800
2012-11-07,16.633180618286133,16.76482940653398,16.466090302769885,16.70913199085402,6976000
2012-11-08,16.30406379699707,16.648373365160925,16.278747314651685,16.612929903572628,5472900
2012-11-09,16.23824119567871,16.476220405428204,16.116720328593907,16.217987234950243,4895300
2012-11-12,16.025571823120117,16.28886642716541,16.025571823120117,16.248360456476792,4131200
2012-11-13,16.13697624206543,16.385081496440485,15.873680515305812,15.873680515305812,5682700
2012-11-14,15.792665481567383,16.217988054989007,15.767348029376656,16.172418572569804,5525900
2012-11-15,15.681269645690918,15.898994892145259,15.468607889359006,15.742030561398034,6996400
2012-11-16,16.040769577026367,16.08127653188706,15.610382578030258,15.985072151932169,8272200
2012-11-19,16.54203987121582,16.552166849737777,16.182540825542855,16.192667804064808,7016600
2012-11-20,16.607864379882812,16.71925921286555,16.435709606874802,16.628118337065796,5456100
2012-11-21,16.724321365356445,16.764829278823708,16.567358029479863,16.663561426679173,4581000
2012-11-23,16.931921005249023,16.94711243982808,16.749641174014435,16.86103408229272,1763300
2012-11-26,16.60280418395996,16.845845909657697,16.53191725540528,16.77495898110302,4548100
2012-11-27,16.55216407775879,16.678748390798766,16.481277171500135,16.587607530888118,4343600
2012-11-28,16.709135055541992,16.71419757993069,16.3850794119935,16.455966342579234,3625900
2012-11-29,16.496477127075195,16.82559535213737,16.400271763275644,16.774962373366062,4211200
2012-11-30,16.628122329711914,16.658503272781278,16.39014310447888,16.53698143202795,5102200
2012-12-03,16.501537322998047,16.78002252997815,16.461029400479603,16.70913559709493,3998700
2012-12-04,16.32431983947754,16.4762206844656,16.27874939282872,16.455966723394116,4855900
2012-12-05,16.51101303100586,16.57750774633627,16.291071599211595,16.454748421971917,4673200
2012-12-06,16.142738342285156,16.57750811354943,16.08647470760154,16.49055513489323,5708200
2012-12-07,15.968833923339844,16.23481089748208,15.907455221982016,16.20412154680317,6872900
2012-12-10,15.968833923339844,16.132512736686746,15.886995004464827,15.973948977719141,4485900
2012-12-11,16.05066680908203,16.12227656787861,15.93813858182527,15.979058025881955,4100300
2012-12-12,15.922797203063965,16.15808479392294,15.64659113403452,15.692625641472217,9507100
2012-12-13,15.866530418395996,16.23480542929156,15.856300313083095,16.025093148359794,46308200
2012-12-14,16.106931686401367,16.21434583863786,15.912564567701951,15.958599065003803,13056600
2012-12-17,16.3115291595459,16.326874317413274,16.096701827385335,16.14785137801338,8621800
2012-12-18,16.562166213989258,16.608200724096573,16.265498937476874,16.393372359864575,8985600
2012-12-19,16.638883590698242,16.771872998642053,16.449631534524435,16.557044705499333,5497600
2012-12-20,16.80256462097168,16.817910756368928,16.592852315013502,16.67469121609003,5565400
2012-12-21,16.77698516845703,16.77698516845703,16.521238437379356,16.684916189173652,10849100
2012-12-24,16.638883590698242,16.77698707532008,16.57750491459729,16.684918085572185,1516900
2012-12-26,16.516124725341797,16.70026268796745,16.408711564207753,16.669572377132255,2987700
2012-12-27,16.37802505493164,16.557047031708446,16.23992155090673,16.51612855895655,4953400
2012-12-28,16.260377883911133,16.480320232165052,16.229687573273583,16.393365327621698,4629800
2012-12-31,16.74630355834961,16.75653171466514,16.188774406268692,16.224578806953534,5212400
2013-01-02,17.4061279296875,17.421474065685665,16.97647319441325,17.089002419497316,9398100
2013-01-03,17.27313804626465,17.493080436864457,17.16572486514189,17.401011438418344,7694000
2013-01-04,17.46238899230957,17.5902623762031,17.24244661591726,17.25779274879572,6857900
2013-01-07,17.38567352294922,17.43170803876685,17.303834600517188,17.344753086136294,4013500
2013-01-08,17.17084312438965,17.406129754971914,17.104348397940367,17.406129754971914,7692700
2013-01-09,17.27313804626465,17.370321121871935,17.170838942303067,17.170838942303067,5638000
2013-01-10,17.293598175048828,17.4419298263349,17.15549467803647,17.37032103926029,5646600
2013-01-11,17.12992286682129,17.395897842644022,17.099232545983252,17.36520947299938,5475000
2013-01-14,17.119688034057617,17.196410888183596,17.007158839908094,17.145262318766278,3603500
2013-01-15,17.032739639282227,17.094118336297644,16.930440510127465,17.02250953124739,7038600
2013-01-16,17.104341506958008,17.140145894961183,16.940663747174128,16.996928342948486,5551000
2013-01-17,17.28848648071289,17.411245825895715,17.07366006563494,17.170843165142546,6934700
2013-01-18,17.769283294677734,17.779511446618493,17.23732963889584,17.27824810023686,8918400
2013-01-22,17.979001998901367,18.01480639715269,17.71813915313504,17.73859936676247,6435300
2013-01-23,17.938077926635742,18.025032841286436,17.82554872574413,17.938077926635742,4795500
2013-01-24,17.713024139404297,18.106874450551935,17.66187360803841,17.938080623834406,5235400
2013-01-25,17.815322875976562,17.846011242956923,17.580034339032224,17.77440245174512,4451700
2013-01-28,17.83578109741211,18.014805026238484,17.62095472425232,17.93296612915001,4894100
2013-01-29,17.84601593017578,17.88693636515489,17.585154986362046,17.7795211989316,4822100
2013-01-30,17.953420639038086,18.13244453046119,17.799972982956007,17.897157994389143,7522500
2013-01-31,17.92784881591797,18.055722205405534,17.80509145467803,17.876700240600176,4160300
2013-02-01,18.122220993041992,18.15802539406156,17.95342714435529,18.07107240621218,4158400
2013-02-04,17.94320297241211,18.106880828046027,17.92274275265938,18.081304577758143,3277900
2013-02-05,18.280778884887695,18.337041531920917,18.014802025850628,18.096640909308736,4249600
2013-02-06,18.301239013671875,18.301239013671875,18.03526212743849,18.173365623243885,4317100
2013-02-07,18.347272872924805,18.413767579964276,18.22962959197375,18.296124299013222,4280700
2013-02-08,18.41377067565918,18.52629989861453,18.311471559444627,18.331931772926207,5508000
2013-02-11,18.280778884887695,18.4291105197104,18.17847979276684,18.4291105197104,2789700
2013-02-12,18.331926345825195,18.352386553249605,18.13244420141913,18.24497143986784,3701200
2013-02-13,18.229629516601562,18.383077188894884,18.183595019794264,18.383077188894884,3761800
2013-02-14,18.13756561279297,18.27055506364187,18.13245153446504,18.20406033821742,5304200
2013-02-15,17.958538055419922,18.193824609688022,17.892043350537907,18.137560009495008,8840400
2013-02-19,18.1324462890625,18.188710890361154,17.912503911909393,18.01991708646519,5283900
2013-02-20,17.81020164489746,18.147787241423426,17.77951133568868,18.142673165484958,6629200
2013-02-21,17.431699752807617,17.9329631583332,17.15549278919366,17.46750414240281,12465600
2013-02-22,17.615835189819336,17.615835189819336,17.46750355981206,17.498191920617028,16989200
2013-02-25,17.17084312438965,17.77440583845274,17.16061301638256,17.677222739175786,20997000
2013-02-26,17.283369064331055,17.329403565984702,16.92532315715748,17.262908852219827,19850900
2013-02-27,17.569801330566406,17.651640214316853,17.20664140587334,17.24244579556461,5569700
2013-02-28,17.753944396972656,17.82555319688589,17.5135437045773,17.54423207528671,7025200
2013-03-01,17.303831100463867,17.723255736990048,17.237336379689687,17.66187509418615,15129400
2013-03-04,17.17084312438965,17.329406871709136,17.078774103519443,17.262912145259858,10185500
2013-03-05,17.242443084716797,17.37543246939832,17.053191061646658,17.221982879197704,8435000
2013-03-06,17.422773361206055,17.520943672364243,17.29360096551743,17.355603163563956,6943400
2013-03-07,17.727624893188477,17.78445910638469,17.35560766636321,17.448611973069525,7672200
2013-03-08,17.934293746948242,17.970461857645077,17.77928727667406,17.7896213041609,10559000
2013-03-11,18.09963607788086,18.171972306600907,17.87229336318723,17.90329544878771,6474900
2013-03-12,17.975627899169922,18.135800380236034,17.939459792412155,18.13063435256235,4679400
2013-03-13,17.980796813964844,18.011798898026836,17.836124363704165,17.93429467337901,4942400
2013-03-14,18.301145553588867,18.414817901702797,17.980798538284926,17.985966538298012,10414200
2013-03-15,18.30631446838379,18.425152851434763,18.18747608533282,18.228810232430522,7030900
2013-03-18,18.182310104370117,18.32698456281597,17.991135464405552,18.161644014033406,4623900
2013-03-19,18.233976364135742,18.301144592663128,18.08930193658311,18.218474335924935,4663200
2013-03-20,18.590492248535156,18.678330508661674,18.34248146802445,18.414817699296595,5201100
2013-03-21,18.885007858276367,19.003846250976768,18.49232455939744,18.55432677058574,9469600
2013-03-22,19.05034637451172,19.262189046954624,18.921173965192516,19.024512286850786,6168100
2013-03-25,19.112346649169922,19.282853169742292,18.988340294287536,19.164014813946,4844800
2013-03-26,19.210521697998047,19.25185584583067,19.019347075866083,19.210521697998047,4645300
2013-03-27,19.112346649169922,19.634202209059218,18.87466796656319,19.091678594853832,6257100
2013-03-28,19.355192184448242,19.468864528591123,19.12268146734436,19.12268146734436,6465100
2013-04-01,19.60320281982422,19.758211277469087,19.44303030441233,19.551534647952202,5159500
2013-04-02,19.463703155517578,19.696213951783836,19.355198774265023,19.634211729784532,5803000
2013-04-03,18.983173370361328,19.499862877795056,18.983173370361328,19.479194824454336,6695500
2013-04-04,19.055513381958008,19.16918375594737,18.869504806866125,18.93667500809696,3713900
2013-04-05,19.071012496948242,19.148516723077314,18.657661223293317,18.859169846011696,3324800
2013-04-08,19.220853805541992,19.241521862898725,19.009011145171574,19.009011145171574,3532900
2013-04-09,19.45853614807129,19.561874493559003,19.205357300177134,19.246693426778222,4618700
2013-04-10,19.52570343017578,19.711712029861175,19.49986934044497,19.53603746027105,4242800
2013-04-11,19.536033630371094,19.73237425064587,19.489531489566158,19.5980358277729,4579800
2013-04-12,19.49470329284668,19.52053738516552,19.081351902700472,19.107185995019318,3611800
2013-04-15,18.817838668823242,19.412032635624215,18.812672638866346,19.32936235920985,6517500
2013-04-16,19.381025314331055,19.448195511739062,18.83850164853242,18.97800807191167,4893700
2013-04-17,19.102012634277344,19.282853182123876,18.885002005847358,19.282853182123876,4445600
2013-04-18,19.313859939575195,19.520534619863064,19.060681140280376,19.169185495257604,3808900
2013-04-19,19.257020950317383,19.448195543700457,19.138182583024424,19.38102534618206,5764300
2013-04-22,19.49470329284668,19.603207663194762,19.158856150671905,19.36553086023756,3711000
2013-04-23,19.66004180908203,19.840884378580462,19.375862881029867,19.53603739041167,4672900
2013-04-24,19.83055305480957,19.89255527260623,19.63937642916284,19.747882774075702,3312800
2013-04-25,19.58770751953125,19.928722661342867,19.56187342732118,19.892554538045793,5521700
2013-04-26,19.65487289428711,19.71170906575711,19.396528093797574,19.603202751580557,4212500
2013-04-29,19.747882843017578,19.866721248798957,19.727214780008214,19.758216874522258,3150900
2013-04-30,19.701379776000977,19.778882052180865,19.577373374692325,19.71687983703398,4555300
2013-05-01,19.381025314331055,19.63937010480796,19.35519122948623,19.618704019540697,6281400
2013-05-02,19.277685165405273,19.437857642399408,19.231183033468344,19.406857535117414,5318500
2013-05-03,19.396530151367188,19.510200535350855,19.375862092092117,19.422364239953723,5937700
2013-05-06,19.272523880004883,19.463698501886388,19.231189732226415,19.386196235671274,5796900
2013-05-07,19.107181549072266,19.427528555518894,19.055513376456968,19.391360440485297,8396200
2013-05-08,18.39414405822754,18.50781637058848,18.094465195203995,18.332141874673336,28178100
2013-05-09,19.045177459716797,19.07617757180705,18.326979288083614,18.409649538681368,20140100
2013-05-10,18.859172821044922,19.02968135702086,18.79200261253792,18.89534094000685,6542400
2013-05-13,18.84883689880371,18.905673071756095,18.64216223563031,18.85917092761455,8058500
2013-05-14,18.92634391784668,18.967678068165448,18.802337524860878,18.843673646194397,5968500
2013-05-15,18.983173370361328,19.081343667208678,18.7609967244837,18.90566915584065,4487300
2013-05-16,18.99350357055664,19.122675934796323,18.85916517899347,18.926335360281985,8400800
2013-05-17,19.226016998291016,19.23635102544498,19.050342478701893,19.06067650585586,5733500
2013-05-20,19.572200775146484,19.64970302531222,19.220851722221987,19.226017750494012,8739900
2013-05-21,19.50503158569336,19.737542290189257,19.350025106367532,19.608369895582015,7183300
2013-05-22,19.12784767150879,19.54636692300637,19.086511560786647,19.530864895978446,9450600
2013-05-23,19.241519927978516,19.257019983930167,18.85400276107333,18.921170984206643,13511900
2013-05-24,18.94700813293457,19.158852777287404,18.90567398670529,19.133016718502727,14538300
2013-05-28,18.8075008392334,19.241520150016147,18.78683278371654,19.184683982851915,14786400
2013-05-29,18.538820266723633,18.704160753099046,18.29080953716051,18.667992644892802,12393500
2013-05-30,18.502660751342773,18.605997125057325,18.383822344759047,18.569829000054234,4848300
2013-05-31,18.177141189575195,18.512990234681713,18.15647313150398,18.430318002396845,7227100
2013-06-03,18.058303833007812,18.264978512359615,17.96013153712719,18.197810276352953,8421500
2013-06-04,17.80512237548828,18.14097138941768,17.743120178044844,18.011798994985497,7135100
2013-06-05,17.82182502746582,18.061954592282152,17.71220092066122,17.874028405483667,11237600
2013-06-06,18.19246482849121,18.202905506836995,17.748746951252215,17.780068986289564,8889800
2013-06-07,18.390832901000977,18.437814955750202,18.223786037749445,18.260327414625987,6363300
2013-06-10,18.12459945678711,18.46391246798513,18.09849677093274,18.45869312562746,4571600
2013-06-11,17.790508270263672,17.97321514860536,17.74874556015379,17.921013752323628,5605300
2013-06-12,17.764402389526367,18.124598729772885,17.7226416782741,17.93667055074953,4822600
2013-06-13,17.59214210510254,17.879253811838986,16.98659665419522,17.753967653457227,20606200
2013-06-14,17.388551712036133,17.57125859631949,17.35201033517946,17.56603925306383,8973100
2013-06-17,17.560819625854492,17.623461707791392,17.388553402689052,17.477296186153335,7457200
2013-06-18,17.352008819580078,17.4772929603299,17.263264061139736,17.30502676896002,7176100
2013-06-19,17.023134231567383,17.40942931682485,17.01269355475563,17.383328620473208,6435100
2013-06-20,16.57419776916504,16.82998941408257,16.532436050833628,16.819548735580238,9034800
2013-06-21,16.856090545654297,16.887410590606297,16.490674754152707,16.694263011764146,11573700
2013-06-24,16.52199363708496,16.772564916434714,16.313185067358337,16.704701508974935,10898300
2013-06-25,16.65250015258789,16.89263076945614,16.589858075615556,16.65772049161523,7561700
2013-06-26,17.044017791748047,17.717424606765324,16.997035735690496,17.378111527554765,8251400
2013-06-27,17.00748062133789,17.29981171681074,16.960498553657434,17.111883446088918,4815800
2013-06-28,16.950050354003906,17.148417226121882,16.950050354003906,16.991811067108348,7983600
2013-07-01,16.976158142089844,17.19540645805048,16.892634689625385,17.044021569516026,5306700
2013-07-02,17.216278076171875,17.352004854215334,16.950047844402103,16.9970298842856,5346000
2013-07-03,17.132762908935547,17.19540499511544,16.944834659039856,17.1640849477035,1861700
2013-07-05,17.059677124023438,17.237164662918886,16.955272337963354,17.184961274211012,3490700
2013-07-08,17.362451553344727,17.362451553344727,17.12754323682958,17.12754323682958,3335300
2013-07-09,17.503393173217773,17.55559655655014,17.388549712597484,17.47729247722932,3236200
2013-07-10,17.320682525634766,17.59213408558862,17.284141160963575,17.529492030631584,4709300
2013-07-11,17.639122009277344,17.712204763001044,17.451193790356,17.492954510474252,5769300
2013-07-12,17.654781341552734,17.68610337393607,17.503394505400014,17.665222019013846,3107200
2013-07-15,17.649564743041992,17.75396755117674,17.550379287415694,17.633902728737045,3472300
2013-07-16,17.477298736572266,17.701768386904657,17.378115259752256,17.675667681568463,5053000
2013-07-17,17.487733840942383,17.633899337304545,17.378109718670757,17.560816589123466,4739600
2013-07-18,17.748746871948242,17.79572892861645,17.550377966976264,17.566039980102847,6609200
2013-07-19,17.89491081237793,18.09327969991235,17.722644613974676,17.811387384682742,5624200
2013-07-22,18.004545211791992,18.0724066589555,17.842717624969335,17.853158307153684,3473200
2013-07-23,17.900127410888672,18.145476294693523,17.88446540328257,18.00453216572407,3951600
2013-07-24,17.456411361694336,17.905350507691022,17.362447261771518,17.88446915407362,6650700
2013-07-25,17.649564743041992,17.65478408690636,17.419873785891337,17.456415167009684,4064300
2013-07-26,17.701765060424805,17.73308709575597,17.513836831149415,17.618241624230834,3423300
2013-07-29,17.7435245513916,17.76440391313087,17.65477979641684,17.696542502606242,3402500
2013-07-30,17.649564743041992,17.905354410870412,17.57126064558501,17.795730267515374,4821500
2013-07-31,17.837493896484375,17.936679368258304,17.592144867797206,17.670446986646038,6595500
2013-08-01,18.844989776611328,19.027698636261306,18.161142362690182,18.161142362690182,13886000
2013-08-02,18.907634735107422,18.97027680844295,18.745807221688736,18.78234859708076,7018000
2013-08-05,18.8919677734375,18.970271838107436,18.782343675983654,18.860647740653594,4061000
2013-08-06,18.818893432617188,18.902416876206836,18.6936092629107,18.84499413535971,3923100
2013-08-07,18.709264755249023,18.798007521352936,18.594419301368198,18.730146108928352,4276200
2013-08-08,18.490015029907227,18.907634149490992,18.41171293850193,18.704045923939457,23870100
2013-08-09,18.47435188293457,18.615298013234266,18.369947120710144,18.4952332336505,13143900
2013-08-12,18.526559829711914,18.61530260511217,18.364732308777942,18.37517298671133,12695700
2013-08-13,18.44825553894043,18.55787966900743,18.369951450975044,18.51611894908672,3504400
2013-08-14,18.432594299316406,18.516117724991798,18.396052925043147,18.396052925043147,3309500
2013-08-15,18.453474044799805,18.516118108871755,18.14548103285727,18.28120784699091,3841600
2013-08-16,18.26554298400879,18.45346915233406,18.228999627310895,18.359505072493896,3765800
2013-08-19,17.91057586669922,18.265550992544316,17.88969450838929,18.23944829897894,4195200
2013-08-20,18.103717803955078,18.218563247469696,17.759183464766533,17.884467592823107,4131300
2013-08-21,18.182029724121094,18.338635947454254,17.94711939344327,18.114166297179462,3901500
2013-08-22,18.73014259338379,18.86064804235121,18.23944083079901,18.260322180559026,7785400
2013-08-23,18.95461654663086,18.975495909906474,18.60486082630283,18.78234835795685,6157000
2013-08-26,18.907634735107422,19.194746395197164,18.876312702761854,19.05380023667552,5072700
2013-08-27,18.855430603027344,18.92329400808416,18.630961025140248,18.65184237921243,3392300
2013-08-28,18.902408599853516,19.03291404778074,18.855426558945513,18.855426558945513,3592400
2013-08-29,18.907634735107422,18.97549615148941,18.792789274529284,18.8710933597154,2477900
2013-08-30,18.918079376220703,19.032922869504937,18.865875978040577,18.965061438904808,2987200
2013-09-03,18.756248474121094,19.126883573805443,18.599642290303613,19.10600221826827,5026700
2013-09-04,18.343856811523438,18.8554382455128,18.286434060228125,18.834558874333325,8753500
2013-09-05,18.3386287689209,18.58919902644114,18.317747416288697,18.396051492981755,5267700
2013-09-06,18.33340835571289,18.50045520244812,18.24466558960283,18.416931779080507,14184900
2013-09-09,18.583980560302734,18.641403293224506,18.411714352893124,18.422155030820328,13366700
2013-09-10,18.8919677734375,18.928509139255446,18.54743347332893,18.60485618857287,17816400
2013-09-11,18.852951049804688,18.921507798716544,18.668377508542832,18.895140437350666,6493100
2013-09-12,18.620912551879883,18.86876812413895,18.61563787340818,18.86876812413895,4910900
2013-09-13,18.947874069213867,19.00588346789951,18.652554408496346,18.663101754775607,4186300
2013-09-16,18.742202758789062,19.090257081870504,18.700013380621485,19.069162392786712,3430300
2013-09-17,18.56290054321289,18.77384138324819,18.478523804858746,18.715834010136067,5685400
2013-09-18,18.947874069213867,18.963694082782457,18.568177649962855,18.568177649962855,6865900
2013-09-19,19.427766799926758,19.464681505178607,18.995335671233157,18.995335671233157,7763400
2013-09-20,19.31702423095703,19.48050307824829,19.222100120794043,19.475230410661776,6088900
2013-09-23,19.253738403320312,19.343389837765034,19.148268967550816,19.22737104437794,3876200
2013-09-24,19.30120849609375,19.422502018827522,19.153549615132814,19.253746425541824,3279200
2013-09-25,19.106082916259766,19.380307922830454,19.0955355685031,19.353940559289228,3041300
2013-09-26,19.158815383911133,19.211550099237275,19.079711299221483,19.190455408426644,2924900
2013-09-27,19.111356735229492,19.14827144486478,18.937328522633894,19.016432621395676,2989700
2013-09-30,19.17462921142578,19.332835318075542,18.968961071611115,19.00587576277273,4825300
2013-10-01,19.38031005859375,19.50160155361075,19.127179719640743,19.153547086087723,6824000
2013-10-02,19.290651321411133,19.417215424093357,19.137717853278318,19.295923987481167,3915800
2013-10-03,19.14299964904785,19.227376428310443,18.85822726464869,19.21682907943998,5393000
2013-10-04,18.94260597229004,19.158823628594057,18.895145915093128,19.106086878873086,4752100
2013-10-07,18.73166275024414,18.9689730661254,18.657833321236872,18.77385013323355,3185800
2013-10-08,18.483802795410156,18.816037196477616,18.483802795410156,18.71584041405446,4774800
2013-10-09,18.436336517333984,18.536535288518632,18.283403033094512,18.489073242089155,5849500
2013-10-10,18.852951049804688,18.86877106428407,18.5470840251985,18.584000745151595,3880500
2013-10-11,19.063892364501953,19.14299444196221,18.810760083867585,18.831854775870543,4333400
2013-10-14,18.863494873046875,18.895136907795724,18.678919354562453,18.810758148465464,7193200
2013-10-15,18.736927032470703,18.85294580424085,18.605088250622863,18.837125794163164,6263600
2013-10-16,18.958425521850586,19.021707601532324,18.763304602672946,18.86877406490883,5118900
2013-10-17,19.000606536865234,19.058615928675316,18.84767506319363,18.94259714505515,3811000
2013-10-18,19.111356735229492,19.169364127727228,18.94260119042431,19.090262040666246,4206800
2013-10-21,19.074440002441406,19.164091448430984,18.884593786588546,19.069167334654157,3069800
2013-10-22,19.496322631835938,19.66507613701268,19.090258881348014,19.148268275946354,6723000
2013-10-23,19.338117599487305,19.527965826552702,19.195733440889043,19.459411086990812,5011600
2013-10-24,19.448862075805664,19.53323883487139,19.290655904020007,19.306475917688385,2304900
2013-10-25,19.670351028442383,19.696718389414286,19.417220742050873,19.52796486515328,3260600
2013-10-28,19.607070922851562,19.7230897367847,19.47523209309151,19.707267709256886,4309200
2013-10-29,19.665077209472656,19.71781192832867,19.554333092854687,19.61234047891607,4215800
2013-10-30,19.48577880859375,19.760003807000604,19.422496735638575,19.723089096801683,4088100
2013-10-31,18.831850051879883,19.496318601386456,18.47324842458746,19.45940390549165,13617200
2013-11-01,18.73166275024414,18.932058351621766,18.55763451469753,18.821312196409803,7714600
2013-11-04,18.842403411865234,18.953147534911714,18.68419723441302,18.88986546627097,4863200
2013-11-05,18.462705612182617,18.78439262252576,18.42051824010676,18.721110558561705,6996100
2013-11-06,18.404705047607422,18.547089241367313,18.304506229856244,18.499629184581543,6336600
2013-11-07,18.193754196166992,18.510166507941904,18.08828275500855,18.467979138498777,6300500
2013-11-08,18.346691131591797,18.388878508959603,18.056646122697956,18.177937598718987,6202100
2013-11-11,18.42052459716797,18.49962871319787,18.209581628889055,18.378335198831692,3660400
2013-11-12,18.230667114257812,18.36778057785218,18.11992301714713,18.320318534561856,5009200
2013-11-13,18.13574981689453,18.288683348270443,18.04610037472995,18.20957924260677,7343500
2013-11-14,18.48907470703125,18.573451461624586,18.16738770148776,18.1832077143176,6813000
2013-11-15,18.578725814819336,18.61036785505127,18.330868195587602,18.436339651326684,7550700
2013-11-18,18.605091094970703,18.747477242538395,18.48907431716406,18.610365773603103,4839700
2013-11-19,18.473251342773438,18.694741564830718,18.415241951003665,18.605090137995514,6227400
2013-11-20,18.34141731262207,18.678924394202326,18.27813523775099,18.525992880905633,3793400
2013-11-21,18.409969329833984,18.467978721747098,18.209573797325145,18.330865247825123,4573400
2013-11-22,18.599821090698242,18.647283146681907,18.367785490167407,18.37833082554088,4682600
2013-11-25,18.87932014465332,18.95842424771494,18.525993044166803,18.589275119595555,6889100
2013-11-26,18.816036224365234,19.1060812209849,18.810761545104477,18.905685654791014,5408200
2013-11-27,18.55235481262207,18.78439036034691,18.51544011211358,18.758023004512317,4852300
2013-11-29,18.573450088500977,18.736928906858132,18.531260708473088,18.657826836856387,2326300
2013-12-02,18.55235481262207,18.8213050608554,18.46797806693119,18.63673155831295,3687700
2013-12-03,19.127174377441406,19.158816415360864,18.42579095798093,18.42579095798093,9415900
2013-12-04,19.396121978759766,19.464678712262202,18.89513619031197,19.142991745481854,14296600
2013-12-05,19.137720108032227,19.33811362950559,19.011153978738186,19.30119892756574,7099600
2013-12-06,19.09552574157715,19.322288572396747,19.02169635697539,19.24845918779499,5796700
2013-12-09,18.900409698486328,19.195729322979997,18.87404234187269,19.100805229810614,4440600
2013-12-10,18.710567474365234,18.932057766239584,18.620918030971545,18.900415721200105,5273900
2013-12-11,18.30543327331543,18.721222893124455,18.198819976741976,18.721222893124455,9694100
2013-12-12,18.31609535217285,18.39072405195449,18.11353028599444,18.34274816874064,7504200
2013-12-13,18.257465362548828,18.390731533078384,18.15618380499931,18.316102802938694,6821600
2013-12-16,18.83316993713379,18.89713710835748,18.33741978482085,18.4067167063633,12500200
2013-12-17,19.638097763061523,19.899300282766703,19.014411192958868,19.302266533006247,21486300
2013-12-18,19.536815643310547,19.760701767610396,19.238298777430966,19.62210588592189,11968900
2013-12-19,19.664756774902344,19.686079851281665,19.328925439109717,19.54215213594197,6595900
2013-12-20,19.72871208190918,19.8833012422821,19.63276236298313,19.72871208190918,8972100
2013-12-23,20.043222427368164,20.27244030264032,19.835327618046787,19.883303499696297,8121000
2013-12-24,20.096525192260742,20.133839531836788,20.00590320080535,20.01123498273278,3750300
2013-12-26,20.37905502319336,20.480336543318828,20.149837131901318,20.16583044922191,6959700
2013-12-27,20.416364669799805,20.469672326118364,20.128509426117088,20.379050327116396,4079000
2013-12-30,20.47500991821289,20.581623238210376,20.389719668910896,20.47500991821289,4259100
2013-12-31,20.560298919677734,20.61893634379155,20.432364570229247,20.517654814354845,6645100
2014-01-02,20.40570068359375,20.597604156294956,20.28309613902996,20.46433808175011,6257600
2014-01-03,20.272441864013672,20.464345405392024,20.133845991618,20.389716702295917,4621500
2014-01-06,20.469675064086914,20.51765094445116,20.229795662265694,20.389714585653362,6996100
2014-01-07,20.79485321044922,20.810846534337582,20.347078777703906,20.384395177789777,8347700
2014-01-08,20.87480926513672,20.912123623762024,20.485672358415624,20.538978004028912,10443500
2014-01-09,20.922779083251953,21.24794871410634,20.709552495763344,20.981416496485295,9394100
2014-01-10,20.97609519958496,21.07737879434068,20.81084644347693,20.981426985351295,7248800
2014-01-13,20.810834884643555,21.104019901055647,20.762859006795807,20.896125108208516,9007900
2014-01-14,20.87480926513672,20.997413876831306,20.757534404611445,20.90679387259271,6162600
2014-01-15,20.84815788269043,20.960100966300296,20.757535838710893,20.944109678207507,6001200
2014-01-16,20.986745834350586,21.002739149860084,20.74686643650215,20.842818195641524,7425900
2014-01-17,20.906789779663086,21.045385651212694,20.77352365823939,21.03472411748124,7221300
2014-01-21,21.029394149780273,21.151998736204025,20.880134712563855,21.05604696709333,4329900
2014-01-22,20.7681941986084,21.098695680827838,20.64558959719662,21.061379291852212,5340200
2014-01-23,20.928102493286133,21.018724477235185,20.60826474241862,20.720207751874366,5460100
2014-01-24,20.773523330688477,20.89612791644753,20.538973659254115,20.800176147857037,7231400
2014-01-27,20.72554588317871,20.91211762276614,20.496328012554475,20.7735217638554,5885000
2014-01-28,21.215965270996094,21.295925754027458,20.73620847324657,20.73620847324657,5858500
2014-01-29,21.17331886291504,21.381213655956095,20.944101005593016,21.03472097856811,5999100
2014-01-30,21.402545928955078,21.46651311584133,21.21597208643988,21.26394798497462,7431600
2014-01-31,21.583776473999023,21.797000994383453,21.13067055540876,21.29058945406686,8390800
2014-02-03,20.965425491333008,21.727705773006495,20.94410242560634,21.583780163050147,6638400
2014-02-04,21.279932022094727,21.322578154473838,20.970755696264202,21.04538439444814,6240000
2014-02-05,21.24262237548828,21.54113926778631,21.050720837739508,21.29059826829546,17500200
2014-02-06,21.892948150634766,22.036875739297802,21.16265071199227,21.285255243043295,13595900
2014-02-07,22.079526901245117,22.14349609459404,21.855640824961934,22.004898209150724,11088000
2014-02-10,21.812997817993164,22.09019159507311,21.64774912855602,22.042215709934666,6808200
2014-02-11,22.260765075683594,22.335395788496044,21.765017129614417,21.818322748144308,9482200
2014-02-12,21.690397262573242,22.047551592442904,21.65841468885478,21.935608517468243,10733100
2014-02-13,21.775684356689453,22.020895576019907,21.49316081792578,21.63708847922418,14208000
2014-02-14,21.76502227783203,21.866303790387175,21.658408982075336,21.834319191616324,14015200
2014-02-18,21.610435485839844,21.935605158721533,21.562459599128122,21.871635954119434,8695000
2014-02-19,21.589113235473633,21.797008074606612,21.535807596432278,21.594442985985854,9630200
2014-02-20,22.38870620727539,22.639247141736895,21.557124958952567,21.64241518697444,13289300
2014-02-21,22.420698165893555,22.548632533186584,22.27143869274488,22.426027917247385,9407900
2014-02-24,22.266103744506836,22.585941621569702,22.17015197469205,22.553959053951193,7691600
2014-02-25,22.143503189086914,22.367389337100327,21.999575508158287,22.010237043798927,5145500
2014-02-26,21.972923278808594,22.22346225594523,21.717052516967744,22.20214121756853,7366700
2014-02-27,21.994239807128906,22.516644793096628,21.930272638155575,22.042215692228815,6072600
2014-02-28,22.01555824279785,22.223453023332283,21.89828546326617,22.079525398313244,5219300
2014-03-03,22.196800231933594,22.2021320144277,21.797001951002574,21.935599827140354,6070300
2014-03-04,22.724538803100586,22.74053008640101,22.335401986113673,22.340731736053957,7464600
2014-03-05,22.62858772277832,22.772515377286858,22.564620554156622,22.639249256461873,4624400
2014-03-06,22.735198974609375,22.831150735623467,22.60726261543077,22.6125923650518,6849400
2014-03-07,22.756519317626953,22.889785422392,22.585938866206043,22.847141326276464,5073600
2014-03-10,22.43134880065918,22.697880975381008,22.33539705508099,22.6818876621319,2993200
2014-03-11,22.17548179626465,22.330070985184385,22.090191559874384,22.266103816261598,6568600
2014-03-12,22.16632843017578,22.22015550651036,21.951016018094794,22.080203876017656,3458300
2014-03-13,22.069440841674805,22.295517054922374,21.96716856235399,22.198628715938845,3715000
2014-03-14,22.290142059326172,22.370884762375603,22.069447664812934,22.085595384073926,3527700
2014-03-17,22.354719161987305,22.397782454022938,22.128643038912585,22.343953338978398,4103100
2014-03-18,22.387025833129883,22.521595595999532,22.225542528360627,22.376260005695713,2365700
2014-03-19,22.413936614990234,22.532358648812025,22.268601042582954,22.36549142418781,4778900
2014-03-20,21.994075775146484,22.112497788031707,21.773381512369212,22.03713701859592,6386700
2014-03-21,21.859508514404297,22.279365438831892,21.794915615270337,22.15556152658712,8840500
2014-03-24,21.940258026123047,22.112509249314517,21.59575968648426,21.59575968648426,3087200
2014-03-25,21.951021194458008,22.085590970399263,21.74109267252915,22.02637994044562,3710500
2014-03-26,21.531166076660156,22.123272322419506,21.509634417774212,22.021000022769293,6152000
2014-03-27,21.875659942626953,22.037143244584275,21.455802946863592,21.57960688014326,4814600
2014-03-28,22.026378631591797,22.06406005571832,21.85412949289215,21.972551545762546,3607400
2014-03-31,21.84336280822754,22.139415847588616,21.638816213259105,22.107118368371044,6639700
2014-04-01,22.085590362548828,22.085590362548825,21.509631901641825,21.51501584241952,6724300
2014-04-02,21.854127883911133,22.139417167242893,21.789534974997256,22.12326739998576,5230000
2014-04-03,21.854127883911133,22.031760950138732,21.762621434064105,21.913338905986997,3589000
2014-04-04,21.671110153198242,22.166327867055312,21.654962441382356,21.977931051299045,4459300
2014-04-07,21.33738136291504,21.80568356475114,21.15975034292409,21.671113801308564,5514900
2014-04-08,21.8487548828125,21.913347817995884,21.342773126026636,21.358920846479386,5628500
2014-04-09,21.956403732299805,22.010230817887855,21.778770653790197,21.967169560091754,2996500
2014-04-10,21.66034698486328,22.06405621848741,21.53654101291843,21.940250246542558,3630400
2014-04-11,21.606521606445312,21.730325546514212,21.477335779143722,21.4880995536091,4768100
2014-04-14,21.757238388061523,21.961785003628997,21.606520909944248,21.698029416923763,2214000
2014-04-15,21.907958984375,21.977935839775622,21.617287788130934,21.730325902213046,2940100
2014-04-16,22.220157623291016,22.263220931158134,21.945636222438527,22.069440152499183,2730000
2014-04-17,22.494686126708984,22.57004487902005,22.150187799931544,22.166335517320487,3449500
2014-04-21,22.6400203704834,22.677699744354133,22.45162144775784,22.48930082162858,3745700
2014-04-22,22.59157371520996,22.72614348563009,22.45162000408485,22.532362687685627,3408500
2014-04-23,22.634632110595703,22.83379477067832,22.575421090561864,22.607718570590727,2891900
2014-04-24,22.247074127197266,22.656165301807146,22.101738537259493,22.618485932568273,5136500
2014-04-25,22.209394454956055,22.376261712859094,22.117887994841723,22.23631005228077,3384600
2014-04-28,22.44623565673828,22.62386666647193,22.150182604934525,22.62386666647193,4861400
2014-04-29,22.715375900268555,22.779968810129045,22.521595117315503,22.55927448584842,4950100
2014-04-30,22.699228286743164,22.75305742787783,22.52159725442821,22.699228286743164,4810800
2014-05-01,23.291336059570312,23.447437485724066,22.026378988376035,22.46776972348672,6677600
2014-05-02,23.059885025024414,23.404383444464482,23.02220563873394,23.291345285593064,3399200
2014-05-05,23.42591094970703,23.47973804817273,22.887631751561294,23.02220155109773,3864300
2014-05-06,23.404367446899414,23.60891401364314,23.334390611602927,23.398985561124828,3613500
2014-05-07,23.904970169067383,23.953415360920957,23.5335584004376,23.582003592291173,6576300
2014-05-08,23.67350959777832,23.894203900275453,23.630448346578852,23.775781866077008,3408400
2014-05-09,23.51741600036621,23.72734659973379,23.37208037928345,23.668135562992067,4429900
2014-05-12,23.7058048248291,24.4540122170324,23.646593813353242,23.878053920010963,3775600
2014-05-13,23.958805084228516,23.97495485570984,23.625072571947772,23.705815269238123,5800800
2014-05-14,24.378658294677734,24.416337663332072,24.01801026893705,24.217174992820354,7052400
2014-05-15,24.46478843688965,24.50246781413441,24.179499083415266,24.340984475460864,8860900
2014-05-16,24.545530319213867,24.690865947371858,24.271008834941323,24.432492181770595,6974800
2014-05-19,24.728532791137695,24.84157292465085,24.513222455634452,24.53475410519611,4079100
2014-05-20,24.93846893310547,24.981530188594185,24.66932941284336,24.674711299765104,5313500
2014-05-21,25.073040008544922,25.191460007379778,24.87925921525119,24.943852128558536,3927300
2014-05-22,25.12148666381836,25.196847468807693,25.08380728800968,25.116104775862254,3879600
2014-05-23,25.229141235351562,25.256054780096754,25.126868943971097,25.17531414586118,3503900
2014-05-27,25.21837043762207,25.358324128114823,25.056887147598573,25.29911310931954,4312300
2014-05-28,25.143009185791016,25.25604727214069,24.933080724464133,25.212986024023724,4035600
2014-05-29,25.180696487426758,25.293736662789435,25.024597103741705,25.229141690190225,3390400
2014-05-30,25.2775821685791,25.304495708779363,25.14839635426924,25.153778240960694,4065300
2014-06-02,25.25066566467285,25.34217415465906,25.13224363764526,25.27219731565446,3664000
2014-06-03,25.20223045349121,25.304502756083643,25.121487757032085,25.234527942749274,3403600
2014-06-04,25.24529266357422,25.35294684962813,25.16993185861571,25.229142892968547,3004000
2014-06-05,25.503664016723633,25.579022761249767,25.245290298331827,25.293735498866027,3178400
2014-06-06,25.692058563232422,25.810480610173478,25.514427546192437,25.530575260458363,3772100
2014-06-09,25.70820426940918,25.837392133560414,25.616697824554443,25.67590884339995,3369800
2014-06-10,25.643613815307617,25.815862948393704,25.519809879237723,25.546723421275242,3241300
2014-06-11,25.407360076904297,25.646336151193402,25.298736848796814,25.505122639685244,4318300
2014-06-12,25.44537353515625,25.581154615006295,25.293299388717756,25.51054994521977,2594700
2014-06-13,25.624603271484375,25.63546600552692,25.315022602763282,25.43451060537657,1976500
2014-06-16,30.42581558227539,32.41364991784409,29.681736065873615,29.746910384719765,37458000
2014-06-17,31.12645721435547,31.745618641261675,30.089089789729904,30.089089789729904,18427800
2014-06-18,31.14816665649414,31.609823389797505,30.974367108288227,31.468609961971424,31927500
2014-06-19,31.463191986083984,31.484917456103418,30.681093712078034,31.077574216585866,9690700
2014-06-20,31.316545486450195,31.631558559161185,31.28938968718141,31.484914756884137,7958600
2014-06-23,31.96829605102539,32.00631458558906,31.365427757437626,31.452327560990966,7254600
2014-06-24,31.235078811645508,32.04433496213593,31.18076720824824,31.778203133037643,8561200
2014-06-25,31.495773315429688,31.713021752633054,31.22421121503467,31.43602932184608,7680900
2014-06-26,31.555511474609375,31.577236937295577,31.235068151477424,31.425162842200468,4933300
2014-06-27,31.80535316467285,31.85423442442019,31.44689128381049,31.49577254355783,16052100
2014-06-30,31.615272521972656,31.85424859677391,31.55009817059744,31.566391240477426,5364600
2014-07-01,31.799928665161133,31.865103003735943,31.501210702183812,31.740184658194696,4287000
2014-07-02,31.691301345825195,31.886826420815428,31.4957783426897,31.827082417695664,4048600
2014-07-03,31.560958862304688,31.79450251743956,31.349140680171924,31.79450251743956,2543300
2014-07-07,31.338274002075195,31.713029040878425,31.25137419285177,31.321978863445576,4355000
2014-07-08,31.305688858032227,31.441469952712698,31.191633235745854,31.436039620541717,7854000
2014-07-09,31.42516326904297,31.674999877765323,31.30024496468179,31.479474854642024,6395000
2014-07-10,31.403453826904297,31.52294186240547,31.14818468628096,31.256809984749733,4827400
2014-07-11,31.615272521972656,31.626135259177737,31.224224341866076,31.414317063316826,2722400
2014-07-14,31.680444717407227,31.88683048119552,31.474056881763943,31.528368488686123,2925100
2014-07-15,31.43060302734375,31.691302445760787,31.213354547923625,31.62069777767302,4330200
2014-07-16,31.713037490844727,31.75105603801912,31.365438161332886,31.58811911129237,3671800
2014-07-17,31.283960342407227,31.952005086481773,31.235079070203113,31.604403777555348,3635000
2014-07-18,31.620708465576172,31.734764111212026,31.316558005358374,31.408890246008,4489800
2014-07-21,31.539230346679688,31.696736902967476,31.311119117729042,31.588111620291244,3965700
2014-07-22,31.74561882019043,31.957436986183275,31.647856270985272,31.647856270985272,3115900
2014-07-23,31.859682083129883,31.96287498900996,31.528375817073464,31.68588241435528,3144100
2014-07-24,31.810800552368164,31.96830714843973,31.51208250344808,31.843388766958803,4513800
2014-07-25,31.60983657836914,31.83251747190799,31.5718180408275,31.72932252270505,3298700
2014-07-28,31.48491668701172,31.65871629921203,31.169903594989403,31.56638408981229,3542800
2014-07-29,31.539230346679688,31.702167234766566,31.338274920434365,31.40888166495216,3576300
2014-07-30,30.789718627929688,31.837948788234957,30.713681550494897,31.620700291543407,5424900
2014-07-31,30.757129669189453,31.64785318911552,30.154261365083332,30.257454236148742,13266600
2014-08-01,30.170557022094727,30.75169990687771,29.77950890162657,30.556174810716154,8759600
2014-08-04,30.50728416442871,30.653927941498942,29.850104404556216,30.04562944064986,4466400
2014-08-05,29.87726593017578,30.404097148278147,29.687173259651587,30.23572787448906,5681400
2014-08-06,29.96959686279297,30.241158993067025,29.665446531018365,29.82295306382243,5997900
2014-08-07,29.52967071533203,30.05650200471128,29.480789440318954,29.92072091543663,4751200
2014-08-08,30.550748825073242,30.5887673689738,29.627436890655535,29.698043645837394,5301700
2014-08-11,30.789718627929688,31.16447575507969,30.713681550494897,30.72454428610772,6668300
2014-08-12,30.96351432800293,31.028690733415818,30.474703718534503,30.70824732496059,4704900
2014-08-13,30.849468231201172,31.4143181543513,30.746275331951868,30.876624039229377,6225100
2014-08-14,30.83859634399414,31.104728156163656,30.719110409749735,30.914633412655505,5325300
2014-08-15,31.387163162231445,31.45776785056907,30.9798198156535,30.9798198156535,5148000
2014-08-18,31.560958862304688,31.675014487783073,31.235082982838396,31.414315027323127,3581500
2014-08-19,31.8325252532959,31.85425072916041,31.468630784059297,31.58811882945869,3735500
2014-08-20,31.8542423248291,31.935709730043772,31.620698700541627,31.81622378802462,3297100
2014-08-21,31.67500114440918,31.87052617535128,31.53378977309226,31.78905672184065,3692600
2014-08-22,31.778207778930664,31.843384198761846,31.452333967195408,31.707603098562963,3345400
2014-08-25,31.67500114440918,31.951995628861912,31.620689556638272,31.886819237311702,3290300
2014-08-26,31.95743179321289,32.142094125942876,31.729318524850136,31.843376194958836,4218100
2014-08-27,32.1095085144043,32.12580365250839,31.71846042143781,31.908553100528824,3167800
2014-08-28,31.919418334960938,32.20184324590948,31.881399796165457,32.049767018872586,2644800
2014-08-29,32.28330993652344,32.294172671916684,31.91941762419681,32.07692417961651,3493800
2014-09-02,32.201847076416016,32.462546547105276,31.990028885971938,32.21814014587933,4711300
2014-09-03,32.1964111328125,32.40279896803322,32.06606244772414,32.40279896803322,3057900
2014-09-04,31.8542423248291,32.42995278035695,31.76734251615387,32.22899736126826,3961600
2014-09-05,32.11494064331055,32.13666404083904,31.609834875350632,31.892259761768905,3405500
2014-09-08,31.4794921875,31.935716802037184,31.414317834524777,31.935716802037184,6586900
2014-09-09,31.207921981811523,31.5446605417164,30.968948034139657,31.501209602946172,7191500
2014-09-10,31.16403579711914,31.4053616159697,31.032404293107934,31.284699752666935,5311800
2014-09-11,31.50409698486328,31.56991485145725,30.867872253508487,31.015959314976296,4956200
2014-09-12,30.823986053466797,31.47118022528272,30.621052926039965,31.47118022528272,6302400
2014-09-15,31.059839248657227,31.147594315701145,30.659456624503967,30.74721169154789,4640000
2014-09-16,31.43827247619629,31.679598309924067,30.933681525971355,30.961104583310508,3310300
2014-09-17,31.295682907104492,31.597340833987285,31.169535122853357,31.520555408116675,6595100
2014-09-18,30.9885311126709,31.405367070766637,30.77462831231615,31.356004725127434,6067600
2014-09-19,30.94465446472168,31.076288092019382,30.736237518848135,30.933686913671934,14027400
2014-09-22,30.516847610473633,30.999501434832283,30.429092559885284,30.972078373819443,7313600
2014-09-23,30.511367797851562,30.791086404103854,30.467489220735914,30.483944733277138,4152500
2014-09-24,30.813026428222656,30.9775669118428,30.056137692875094,30.511368526211438,6644300
2014-09-25,30.319398880004883,30.813022357904725,30.242613470608347,30.714297662324757,4574000
2014-09-26,30.994020462036133,31.218892945447276,30.154862527495055,30.248103460358383,5140300
2014-09-29,30.708818435668945,30.8349662115412,30.407158436576818,30.675909501519133,4069900
2014-09-30,30.357797622680664,30.911753201640536,30.220680195130626,30.6813948353886,4269200
2014-10-01,30.039688110351562,30.714305643961914,29.886117251650482,30.352315696847917,9262400
2014-10-02,30.034198760986328,30.302949824817198,29.392490239562296,29.95741334053345,7252800
2014-10-03,30.621063232421875,30.78011784948258,30.06710768407741,30.187771683171412,5676300
2014-10-06,30.259065628051758,30.659450261353875,30.03967905209699,30.659450261353875,3482000
2014-10-07,29.617361068725586,30.24261613430604,29.617361068725586,30.143891430030635,6248500
2014-10-08,29.535091400146484,29.617362688958575,28.322973910755874,29.617362688958575,9292200
2014-10-09,27.522207260131836,29.54605951952314,27.33572749506425,29.37054939854726,16859500
2014-10-10,27.50575828552246,28.460094461035297,26.79274595004646,27.648359497270054,14298300
2014-10-13,26.26620864868164,27.922587081626048,26.24975523030077,27.423479832366795,10482900
2014-10-14,26.28265953063965,27.198604756614532,25.459955215064188,26.381384215888325,17603400
2014-10-15,27.264427185058594,27.302819895130227,25.31187647085865,25.98649392357618,14328400
2014-10-16,27.9993839263916,29.55703830076408,26.45269919950194,26.534970509499903,13002500
2014-10-17,28.575265884399414,29.22246019249175,28.339423784387183,28.339423784387183,12866900
2014-10-20,29.24441146850586,29.293773837402572,28.152957667256622,28.52043145285164,6991300
2014-10-21,30.023221969604492,30.100007366428432,29.34311885499433,29.551537855120127,9428600
2014-10-22,29.129222869873047,30.27552449938075,29.11276945021723,30.138407089593926,6118800
2014-10-23,29.123743057250977,29.81481611792249,29.04695762656438,29.33216214929036,5854100
2014-10-24,29.200525283813477,29.354096117332105,28.728841046868332,29.173100127331704,4631500
2014-10-27,29.299243927001953,29.6667196331642,28.59720353489491,29.45281683195942,7283400
2014-10-28,29.639297485351562,29.67769018971184,28.937254979380526,29.54605656601556,5190300
2014-10-29,30.549758911132812,30.68139045111341,29.990319635601267,29.990319635601267,11541200
2014-10-30,30.165834426879883,31.262773860584602,29.83126756484059,30.19325749427331,8034100
2014-10-31,30.44554901123047,30.533304070561556,29.89159559149903,30.226162409025573,6104000
2014-11-03,30.53879165649414,31.158562974770863,30.297465752820248,30.45103659222675,5049900
2014-11-04,29.710599899291992,30.396186960939815,29.315703174509906,30.176800356559916,5849100
2014-11-05,29.92998695373535,30.00128859006337,29.4857258089546,29.913533534677175,3944600
2014-11-06,30.006763458251953,30.089034713611973,29.65025956693004,29.940947709310894,5277900
2014-11-07,30.374250411987305,30.440066185478454,30.00129087512791,30.023230163706867,4675200
2014-11-10,30.006763458251953,30.769135667907733,29.96837076368259,30.604595249432624,3818500
2014-11-11,30.231651306152344,30.407161454546138,29.721574283556,30.006778797757416,3106000
2014-11-12,30.00128936767578,30.28100796014266,29.825779252354288,29.935473597491622,3938500
2014-11-13,29.551544189453125,29.946440899513977,29.23343080042947,29.940957123813316,7030900
2014-11-14,29.644784927368164,29.809325408155743,29.299248453142226,29.69414728082901,3365100
2014-11-17,29.787385940551758,30.03968146467277,29.27730902442917,29.41991020564022,4835700
2014-11-18,29.913536071777344,30.20971019341769,29.743509722188463,29.858687849855574,5106600
2014-11-19,30.286500930786133,30.511373449543225,29.754484592063662,30.05614254275057,4270400
2014-11-20,30.418123245239258,30.604602991282277,30.242613142168825,30.25906656050497,3705800
2014-11-21,30.42909049987793,30.988529694097444,30.231641126359833,30.84044266395887,4193500
2014-11-24,30.039688110351562,30.604611276784272,29.913540320383383,30.440070772140825,6532300
2014-11-25,30.11646270751953,30.511361450424847,29.919013336066868,30.237126677239548,5340300
2014-11-26,30.083560943603516,30.29198000667191,29.836751262774325,30.03968445741562,3683100
2014-11-28,28.3832950592041,29.162120701961673,28.25714733223259,29.074365670492583,7422200
2014-12-01,27.500276565551758,28.366859889385076,27.023108405802933,28.16392454864153,15046200
2014-12-02,27.80740737915039,28.3284538846343,27.29733051604192,27.582534941067276,8961600
2014-12-03,28.037769317626953,28.229734960028594,27.494785508759914,27.653840125069443,5935200
2014-12-04,28.04324722290039,28.32845162517805,27.84579786038161,27.851281635009272,5453700
2014-12-05,27.445425033569336,28.11455666296731,27.401546452102757,27.928076876226186,6028100
2014-12-08,25.59708023071289,27.29733757837823,25.432539737002283,27.066979213386666,20347600
2014-12-09,25.904216766357422,25.991971811246653,25.02118045027153,25.531257302516856,11331600
2014-12-10,24.832733154296875,25.643280170645323,24.616217373554836,25.58221330048514,16585400
2014-12-11,24.49964141845703,25.44898117330556,24.38860704599302,24.888260663178826,13387700
2014-12-12,23.739059448242188,24.527401656603253,23.72240503212766,24.133231611325066,25538000
2014-12-15,23.394851684570312,24.122124780883055,23.145024886767885,24.04995212422804,12630700
2014-12-16,23.228307723999023,23.98333909509998,22.878550108720344,22.961826437340747,11683400
2014-12-17,24.2220516204834,24.416360144428108,23.26715917640294,23.322675292443122,20588400
2014-12-18,24.871606826782227,25.249122463399313,24.272024538969916,25.082571945551713,14451300
2014-12-19,25.53780174255371,25.576663445346327,24.899355851868282,25.049251898841487,12110400
2014-12-22,25.33794403076172,25.44897839108686,24.849394116013656,25.44897839108686,7062800
2014-12-23,25.387914657592773,25.571121707834,25.171398774802025,25.526707107361684,8440000
2014-12-24,25.17694664001465,25.41566979553534,25.043707089559295,25.188050288853344,4328300
2014-12-26,25.332401275634766,25.537813530613008,25.088125182120695,25.260228600932432,4291100
2014-12-29,25.33794403076172,25.61552887267244,25.138082605737317,25.410116682643704,6846700
2014-12-30,25.19915771484375,25.47119185765625,25.099226978121184,25.349053819927605,4966700
2014-12-31,24.94932746887207,25.215808691171116,24.877156927156673,24.971534766848116,6528200
2015-01-02,25.104766845703125,25.29907533424733,24.8882510676671,24.8882510676671,7433500
2015-01-05,24.11102294921875,24.893812229450386,24.011092222567513,24.72726172429985,8826800
2015-01-06,23.783483505249023,24.210964670539127,23.433725803137932,24.027757549212424,8068100
2015-01-07,23.65577507019043,24.29421878756362,23.522533445197368,24.049944945847415,8252000
2015-01-08,23.883407592773438,24.366404777208185,23.79458050002906,23.95002738288049,7745700
2015-01-09,23.5836124420166,24.07771321662304,23.289373130802584,23.850093687271603,6264400
2015-01-12,22.91741371154785,23.34489480579395,22.64538163563091,23.34489480579395,6567400
2015-01-13,22.728647232055664,23.16168104724039,22.428857197302403,22.945165198550217,7258000
2015-01-14,23.05619239807129,23.13946868370394,22.24564530483635,22.5010228079974,9703200
2015-01-15,23.111711502075195,23.489227007031136,22.97291909930622,23.378192661255152,7674800
2015-01-16,23.317127227783203,23.561401131569472,23.03399161470831,23.261611105314973,9881600
2015-01-20,23.367095947265625,23.40040689622205,22.839684236714305,23.26161445227721,8936200
2015-01-21,23.744609832763672,23.94447127631909,23.36154347781876,23.42261036974561,7294200
2015-01-22,24.049951553344727,24.18319321494468,23.478127432462895,24.01664060849365,7013100
2015-01-23,24.066604614257812,24.416362103221527,23.716849243098345,24.01108849376387,6276300
2015-01-26,24.288681030273438,24.38861177307953,23.994441686347127,24.149888567243302,7027200
2015-01-27,24.405263900756836,24.671745150631516,24.160989951156225,24.17209360129326,7887000
2015-01-28,23.600263595581055,24.438571049168463,23.550298236640053,24.399709338637063,9390100
2015-01-29,24.199848175048828,24.305329659419783,23.328231884233936,23.833436244628583,9570500
2015-01-30,24.349746704101562,24.716158671397285,23.689093315540827,23.966678203425605,15053500
2015-02-02,24.88825798034668,24.954877749522,24.210950287350702,24.799428797707215,11948500
2015-02-03,25.58221435546875,25.648834109720465,24.899353932624425,25.143629894553715,11402800
2015-02-04,25.1825008392334,25.54335991522724,24.999293800528317,25.18805160504056,6519400
2015-02-05,25.75987434387207,25.943079239465728,25.37680590415065,25.609978274129464,7437000
2015-02-06,25.74877166748047,26.098527058938423,25.648840950548372,26.031907286918486,6867100
2015-02-09,25.565568923950195,26.03746452569458,25.465638190301018,25.809844991894728,3895200
2015-02-10,26.287288665771484,26.42608111304125,25.42122515020315,25.654395445070108,10771500
2015-02-11,26.17070960998535,26.431640149285723,25.793193896114452,26.03747001556337,10203300
2015-02-12,26.631500244140625,26.76473983148533,26.359466066787178,26.581534869435096,5187100
2015-02-13,27.430938720703125,27.530869450438665,26.736976496320022,26.85356164174327,13487400
2015-02-17,27.56418228149414,27.625249182453146,27.00901246408483,27.403182526172294,7170700
2015-02-18,27.02566909790039,27.397631889531475,26.87577298076691,27.31990844756707,11322300
2015-02-19,27.430938720703125,28.14155536077394,26.88687259092333,27.3199043412409,13620600
2015-02-20,27.186662673950195,27.480901956596117,27.01455929322655,27.325455108074422,8858500
2015-02-23,27.286590576171875,27.469795469025293,26.820247960993743,26.820247960993743,5623800
2015-02-24,27.369871139526367,27.369871139526364,26.947943016838217,27.147804486776458,7144100
2015-02-25,27.414287567138672,27.508665424338904,27.09228804016282,27.308803941085603,5146000
2015-02-26,27.097837448120117,27.408731166357565,26.903526756417087,27.225526242082584,6584300
2015-02-27,27.225526809692383,27.297697357042363,26.98125074849347,27.258835641452475,6442300
2015-03-02,27.219966888427734,27.3421048874497,26.88131306772437,27.22551977082189,6012200
2015-03-03,27.286590576171875,27.536415237535238,27.053418209680682,27.331003049243755,6631400
2015-03-04,27.147802352905273,27.308799975207677,26.648148717333434,27.286594794141383,6131800
2015-03-05,26.63704490661621,27.28104174534032,26.631494140834395,27.13669853916275,6173000
2015-03-06,26.531566619873047,26.842460368526837,26.39277416270837,26.47604836632428,6994300
2015-03-09,26.820253372192383,27.15335439975214,26.587080958656802,26.637046324571234,6374600
2015-03-10,26.476051330566406,26.82025818769147,26.431638840559824,26.503811519351217,5246700
2015-03-11,25.987106323242188,26.498530672948586,25.942144904249844,26.41422908427717,6729700
2015-03-12,26.060163497924805,26.18942435220973,25.987104413249607,26.082644205768695,7687300
2015-03-13,25.930906295776367,25.970246468104737,25.683624906301084,25.818504884604472,5697300
2015-03-16,26.268104553222656,26.296204363653192,25.745439932477872,25.745439932477872,4483700
2015-03-17,26.296205520629883,26.37488585084839,25.992722409320024,26.037683823089576,5191100
2015-03-18,27.234752655029297,27.38087510661401,26.054543408245543,26.178185152835958,6451500
2015-03-19,26.936891555786133,27.212272720711795,26.7570501824817,26.9818508271731,3758800
2015-03-20,27.133588790893555,27.380872254314557,26.95374744142991,27.105488982016983,6107700
2015-03-23,27.577577590942383,27.69559809393991,27.133593248566918,27.2122735838986,5269900
2015-03-24,27.352764129638672,27.785507949102428,27.31904522414637,27.66186838916815,5215200
2015-03-25,27.571958541870117,28.746548756843644,27.482037852182692,27.56633729283308,6325700
2015-03-26,27.684356689453125,27.959739996544627,27.521376919825776,27.914778581558966,5134400
2015-03-27,27.695594787597656,27.937257013768303,27.420213646812183,27.52137467841283,4975500
2015-03-30,28.459922790527344,28.555464721550617,27.93725815388677,27.965357965171904,5089600
2015-03-31,28.431827545166016,28.600428583830976,28.11710403414717,28.207024731027055,5412300
2015-04-01,28.128341674804688,28.662246698953005,28.08900150770855,28.59480671877081,5393800
2015-04-02,28.268831253051758,28.420572753937197,27.8979082988465,27.95972914852695,3200800
2015-04-06,28.268831253051758,28.53859320666673,28.24073145152722,28.53859320666673,4670600
2015-04-07,28.398113250732422,28.549854864873602,28.16207216909883,28.201412349371097,3912400
2015-04-08,28.263219833374023,28.52174150788024,28.139578100402343,28.409340127349445,2504700
2015-04-09,28.504892349243164,28.63415323319491,28.274470400654607,28.38686967791436,3584300
2015-04-10,28.594806671142578,28.617285235246992,28.43744385914181,28.549845255177125,3075800
2015-04-13,28.280075073242188,28.802739592479348,28.263215619033797,28.72405928100325,3379400
2015-04-14,28.54422378540039,28.62290411294342,28.32504226042248,28.409341692556527,5046000
2015-04-15,29.123090744018555,29.235492141206144,28.69034675836726,28.791507801448255,5410300
2015-04-16,29.26919937133789,29.465900115549577,28.858934143906687,29.078117729584832,4466700
2015-04-17,29.066890716552734,29.123090342432405,28.84770917419237,29.033169654697943,4139000
2015-04-20,29.347896575927734,29.55021868303025,29.16805517936518,29.16805517936518,3880900
2015-04-21,28.97134780883789,29.39285142044235,28.948867101688208,29.347892150021224,4035500
2015-04-22,29.53897476196289,29.572693679823892,29.038788660282282,29.156811304430683,3811400
2015-04-23,29.533349990844727,29.718812592474688,29.443429314142392,29.6401322683449,3921400
2015-04-24,29.544584274291992,29.61202423199554,29.37036206102376,29.39846400862137,3199500
2015-04-27,29.094989776611328,29.70757511591266,29.055649610737884,29.685094408591194,4384900
2015-04-28,29.179285049438477,29.31416713024169,28.999443704286154,29.089364376862314,4069000
2015-04-29,29.533349990844727,29.57831140113491,29.021925740123073,29.128708017623246,5123600
2015-04-30,28.7690372467041,29.640146774440232,28.549855623965524,29.494024263361784,6192700
2015-05-01,28.73531150817871,28.858951129937132,28.538608504312688,28.763411324765688,4392800
2015-05-04,28.600421905517578,29.016306371400407,28.471161067928083,28.83084377146025,4877200
2015-05-05,27.819232940673828,28.78026047318461,27.796752237908265,28.78026047318461,8646900
2015-05-06,27.785511016845703,28.10585351765599,27.61129093556017,28.10585351765599,6134600
2015-05-07,27.9316463470459,28.089007046459745,27.206659449525695,27.740564578952483,6632100
2015-05-08,28.62852668762207,28.68472845973517,27.830480818521668,28.184544479259788,4527300
2015-05-11,27.897920608520508,28.628526489918148,27.73493868633565,28.544227048148255,6479300
2015-05-12,28.15643310546875,28.2744557154991,27.84733096578798,27.881052017779176,4422200
2015-05-13,29.90427017211914,30.595535709715275,28.156435177050554,28.156435177050554,36493500
2015-05-14,29.915510177612305,29.960471583055213,29.488387545293765,29.488387545293765,15642800
2015-05-15,30.235857009887695,30.623641683692327,29.606412250855673,29.904274100920468,15511600
2015-05-18,30.174028396606445,30.438171263856976,29.960468176667042,30.426930913774232,9484300
2015-05-19,29.831214904785156,30.190897622813324,29.7131922710312,30.106596047828802,9421700
2015-05-20,29.887414932250977,29.909895638403192,29.567072373155316,29.803113356119216,7768100
2015-05-21,29.84807586669922,30.16279718889809,29.67385360342612,30.100978460522036,5561600
2015-05-22,29.780635833740234,29.943615599339495,29.623273029057955,29.69633425466479,5056400
2015-05-26,29.37599754333496,29.679480715881475,29.280455591735365,29.555838946945048,5753900
2015-05-27,29.156818389892578,29.437820874372207,29.061276430352514,29.398480698055362,6477900
2015-05-28,28.819610595703125,29.12871500591048,28.594809921954248,29.100613045798134,7945500
2015-05-29,28.718446731567383,28.881428651202775,28.594807123463248,28.858947942864443,5847800
2015-06-01,28.842092514038086,29.0668953410794,28.561090052175768,28.679110571627067,7471800
2015-06-02,28.797121047973633,28.909520270048127,28.51049745760154,28.84208030802788,4427900
2015-06-03,28.04964828491211,28.724054204466988,27.875426094664924,28.656614255674693,10138900
2015-06-04,27.268478393554688,27.970984528558017,27.24599768270372,27.81924294613187,10708200
2015-06-05,27.40897560119629,27.695597118939773,27.009952689559537,27.150453895956556,8302200
2015-06-08,27.223512649536133,27.549476473485647,27.105492152124718,27.212272295895296,7286500
2015-06-09,27.0717716217041,27.498896492912895,27.05491216285159,27.465175431329584,7051400
2015-06-10,27.077465057373047,27.549712214623476,27.071776273992516,27.447298920533232,6469700
2015-06-11,27.04901123046875,27.344877825988824,26.92383631723958,27.219702912759658,8190500
2015-06-12,26.736085891723633,26.957985376867484,26.656427718435708,26.9295371144963,6704700
2015-06-15,27.0546932220459,27.15710863980704,26.33209651693651,26.457271398747224,6077400
2015-06-16,27.270910263061523,27.339186500955464,26.849868760046895,27.071770331511512,9386800
2015-06-17,27.623676300048828,27.69764349841563,27.20263692264976,27.458673384639305,9786900
2015-06-18,27.862640380859375,27.999192841625046,27.52694583998894,27.62936127079431,9940500
2015-06-19,27.50418472290039,27.90815546991704,27.344872804744433,27.748843551761087,8163600
2015-06-22,34.62774658203125,34.92361322503812,27.50419418783992,27.50419418783992,101131000
2015-06-23,33.53531265258789,34.42860128267176,33.35893217598114,34.235150117340446,34777700
2015-06-24,32.64202117919922,33.484102010684715,32.488398016835575,33.273582345428956,27072400
2015-06-25,31.435802459716797,32.82409775077931,31.31062752913001,32.43150661002457,32031000
2015-06-26,32.49977493286133,32.91512544524604,31.430106012115335,31.45286330902101,26016100
2015-06-29,32.07874298095703,32.35753892340638,31.964947788534474,32.1754674837154,8502500
2015-06-30,32.65340805053711,32.93220618475194,32.334784091963506,32.334784091963506,9778700
2015-07-01,32.7216796875,33.165480692212235,32.482711752277176,32.522539741480976,8993700
2015-07-02,32.77288055419922,32.9265036963221,32.5908091643785,32.88098693409801,5519500
2015-07-06,32.505462646484375,33.00615785592226,32.226664625158826,32.533910892628924,5696400
2015-07-07,32.36892318725586,32.47702961188678,31.652017064504157,32.442890398246,10035600
2015-07-08,31.86821174621582,32.642016222639164,31.589415885731075,32.459944836476275,5937300
2015-07-09,32.11857223510742,32.69323483225656,32.107192498371624,32.37461088550569,6973100
2015-07-10,32.93788528442383,33.023232202785884,32.277875916539095,32.277875916539095,5573300
2015-07-13,33.13134765625,33.28497085913233,32.807032729208316,32.94927619441829,5110900
2015-07-14,33.017547607421875,33.43858915769443,32.76719992673664,33.12565401422221,8264900
2015-07-15,32.710304260253906,33.074447139895156,32.55668107594349,32.721681826087774,4903000
2015-07-16,32.97772216796875,33.091517366343176,32.659098217075815,32.7899619355444,6215500
2015-07-17,32.812713623046875,33.27927407357782,32.68754087967456,33.0459949335436,9044800
2015-07-20,31.82839584350586,32.727375552959444,31.737360115880694,32.64771956259529,8322600
2015-07-21,31.122865676879883,31.862531144352673,30.929414508113517,31.67476875828708,10924000
2015-07-22,30.462860107421875,31.185457149253388,30.28647743453824,30.889590490124213,6150200
2015-07-23,30.121469497680664,30.724582453127102,30.058884208464733,30.451475313999264,5747200
2015-07-24,29.95077133178711,30.440088997525955,29.831287391212406,30.115774204273396,5346300
2015-07-27,29.52404022216797,29.854045957192238,29.23955341768308,29.757319315027097,8251000
2015-07-28,30.21819305419922,30.55957640036477,29.211109361409754,29.603700426546375,6248800
2015-07-29,30.730266571044922,30.804233754934074,29.967841776118583,30.064568427429364,5606200
2015-07-30,30.144222259521484,30.679056683303823,30.093014546678123,30.679056683303823,3934900
2015-07-31,29.859752655029297,30.502693826678588,29.780096649251455,30.127171106252078,6839000
2015-08-03,29.387495040893555,30.00767651489991,29.199732661666012,29.882501595414876,6339100
2015-08-04,29.16558837890625,29.728873248083854,28.84127357165504,29.56956132044108,5661900
2015-08-05,27.970746994018555,29.95646616122953,27.680571362137826,29.74594432958061,12589700
2015-08-06,27.61229133605957,28.34057910497161,26.656415402863125,27.72039772177228,9119500
2015-08-07,27.76591682434082,28.260923348062903,27.498500654528584,27.509878218807852,5060000
2015-08-10,28.38610076904297,28.4998959560572,27.83988647592987,27.83988647592987,4340400
2015-08-11,28.43730926513672,28.46575752004537,27.606608067212946,27.85126696626022,4698800
2015-08-12,29.08024787902832,29.131455601883953,27.93092067640604,28.47144615755718,5340000
2015-08-13,29.19974136352539,29.33629605915508,28.755942401039597,29.006290144153564,5337000
2015-08-14,29.717496871948242,29.93939627350897,29.359042823793434,29.450078531368668,6144400
2015-08-17,31.23666000366211,31.532524446122174,29.899570377734786,29.9678466205746,12598000
2015-08-18,30.644922256469727,31.293551893905803,30.52543830651304,30.86113285910252,5548500
2015-08-19,30.161293029785156,30.935097561539646,29.791461449774044,30.63923099525338,6665500
2015-08-20,28.84697723388672,30.43441493963862,28.818528972910524,30.08734051252478,6294100
2015-08-21,28.249549865722656,29.08593987070182,28.249549865722656,28.5738647561057,10073600
2015-08-24,26.59383773803711,27.817130168825727,24.65363706682944,26.11589963457871,14258600
2015-08-25,25.416046142578125,27.600904550150908,25.39897763149499,27.498491313190346,10094500
2015-08-26,25.98502540588379,26.25813466633719,25.31932728099193,26.076063273009733,9124500
2015-08-27,27.128671646118164,27.202638849724913,26.389006121439227,26.525558621445537,12760900
2015-08-28,27.834197998046875,28.164203852688427,26.84987355819634,27.02625622227677,7964900
2015-08-31,27.42453384399414,27.94229984437503,27.049011274162538,27.475741565810385,6625400
2015-09-01,26.178476333618164,27.18555994119078,25.979336426949367,26.667794013389713,8615900
2015-09-02,26.861255645751953,26.872635383507525,25.73468765350697,26.536940716338837,8015100
2015-09-03,26.94091033935547,27.5781626001341,26.770218622185922,27.00918876259364,7266800
2015-09-04,26.411762237548828,26.929530469065273,26.263830007446096,26.54262811899628,5117800
2015-09-08,26.781600952148438,26.9010849486882,26.3662502709889,26.855568165919166,4604700
2015-09-09,26.178476333618164,27.191250893074,26.121579837559135,27.014868282551497,6767300
2015-09-10,25.18846893310547,26.09882609239363,24.573976222738953,25.83709868040612,14694200
2015-09-11,24.448802947998047,24.903981517926002,23.674998293889214,24.841394057599167,13822000
2015-09-14,24.050514221191406,24.448796173441252,23.680680514717537,24.420345757203243,8120600
2015-09-15,24.790191650390625,24.898295905667595,24.14725056156958,24.181389775560618,6790300
2015-09-16,26.093143463134766,26.423147197276272,24.653640187270263,25.051920181843947,15726100
2015-09-17,26.007781982421875,26.77020667117573,25.785882632117584,26.411752705820042,9227600
2015-09-18,26.25245475769043,26.70763343248319,25.592445136625148,26.15003928455417,16578000
2015-09-21,26.383312225341797,26.656419365358015,26.047617625443454,26.252448523071273,8946700
2015-09-22,25.685224533081055,26.44101247256111,25.569836742199048,25.967922309860967,7616200
2015-09-23,24.502498626708984,26.048688923617625,24.392879261844016,25.8352207924798,9137100
2015-09-24,24.12749481201172,24.739048561926488,22.8582335164213,24.623660771265712,13031400
2015-09-25,24.000560760498047,24.739041076786098,23.671707087159465,24.38710941213012,6449400
2015-09-28,21.092803955078125,23.077465167151242,20.931260202337832,22.82938224053728,31172900
2015-09-29,20.15239715576172,21.44473400615827,19.985085000760805,21.242807061045884,19871800
2015-09-30,21.260122299194336,21.450512518399034,20.19855839432669,20.61972423665718,17620600
2015-10-01,22.488985061645508,22.558216827121694,21.277419262040624,21.48511675930732,13848600
2015-10-02,23.665939331054688,23.723632110073172,21.790895402054183,22.038978313342863,9374300
2015-10-05,23.97748374938965,24.392876567764358,23.625552102649568,23.890942386774185,9150900
2015-10-06,24.30057144165039,24.75058353188524,23.88517854406882,24.02941270870489,10089300
2015-10-07,25.131357192993164,25.17174257588038,24.346723124033044,24.57749642612594,12978700
2015-10-08,25.269824981689453,25.679449477449786,24.860200485929123,24.912124872774708,10213500
2015-10-09,25.287141799926758,25.506376206254224,24.865975985871895,25.465990805044463,8062300
2015-10-12,24.542879104614258,25.4659766192546,24.410183974437086,25.339049885677277,6248800
2015-10-13,23.88518524169922,24.82559067422106,23.850568240177697,24.352502657623518,6764600
2015-10-14,23.637104034423828,24.219809298992136,23.49863821862372,23.937111467957823,10312400
2015-10-15,24.029407501220703,24.115946660744974,23.365929607343563,23.70055385318441,8209600
2015-10-16,24.392879486083984,24.583269626280625,23.95440862510886,24.21403054317767,5130700
2015-10-19,24.19095802307129,24.508272794347608,23.614021274991053,24.017877438815024,4977200
2015-10-20,23.9197940826416,24.32941859480929,23.82748430242298,23.925564681877066,5247600
2015-10-21,23.354400634765625,24.03518621252896,23.13516404171324,23.91979841614143,5873000
2015-10-22,22.967851638793945,23.446707972443317,22.77169306576146,23.31401279080942,9198900
2015-10-23,22.61591339111328,23.16977195558831,22.529372027547304,22.86976468295476,6829000
2015-10-26,21.67551612854004,22.63323116069938,21.583206325470677,22.63323116069938,8646100
2015-10-27,21.617816925048828,21.65243171542447,21.115880456215507,21.36396339115465,7152200
2015-10-28,22.096668243408203,22.604372996497894,21.612041479285807,21.669736451704043,9034700
2015-10-29,22.096668243408203,22.37936810616217,21.721660826461378,21.9408951191362,6413700
2015-10-30,22.754383087158203,23.065929439266956,22.021673200164166,22.217831769917208,8266600
2015-11-02,22.829376220703125,23.256310182087006,22.529368988537858,22.558215372222634,6542500
2015-11-03,23.2390079498291,23.515937282400923,22.817844452323712,22.94477122173364,4931000
2015-11-04,22.460142135620117,23.24477626800067,22.13705684556975,23.22169827567454,11144300
2015-11-05,22.06782341003418,22.517833222362693,21.48511845306619,22.402447671085458,8281100
2015-11-06,21.91205406188965,21.981285844789063,21.42165878169085,21.854361276279917,4950500
2015-11-09,21.317811965942383,22.096675647441618,21.254348575436435,21.813977890800995,5565400
2015-11-10,21.23703384399414,21.427421748921482,20.8793316211932,21.23703384399414,3488300
2015-11-11,20.971643447875977,21.2716507285012,20.53317262286272,21.213957951812578,6219200
2015-11-12,20.25047492980957,20.769718779635905,20.10047237365896,20.68894800318261,5755200
2015-11-13,20.25047492980957,20.463943068537393,19.315838200960762,20.112011370414944,7550600
2015-11-16,21.5255069732666,21.588968155382467,20.146626545829754,20.25047531778464,6843500
2015-11-17,21.66973876953125,22.062055820585435,21.029338812638727,21.49665603460151,7904900
2015-11-18,21.981285095214844,22.171675242744193,21.583199606069773,21.756280157835516,5445400
2015-11-19,21.762042999267578,22.113974576214723,21.340879666460655,21.76781139524013,10321800
2015-11-20,21.242809295654297,21.98705817308215,21.087036121250406,21.681282423792407,10599600
2015-11-23,21.144733428955078,21.65820680037529,21.023575035029218,21.196657826112126,11006800
2015-11-24,21.42742919921875,21.68705116060648,21.144731441915706,21.162038839061918,13254700
2015-11-25,21.02357292175293,21.45050705555565,20.804338556539673,21.288965481011378,5348000
2015-11-27,20.85049057006836,20.9889563370353,20.683178410227924,20.821644177194866,2312300
2015-11-30,21.092803955078125,21.14472833973776,20.712025867853672,20.8908748143624,5604400
2015-12-01,21.150495529174805,21.329346666303017,20.83894923901797,21.167802922792923,6501600
2015-12-02,20.423555374145508,20.988952946314225,20.08893110852248,20.937028567194734,8632600
2015-12-03,19.18891143798828,20.55048224348996,19.119679658289147,20.544713845531113,11994800
2015-12-04,17.948497772216797,19.090831963010544,17.746569744449605,19.090831963010544,16569500
2015-12-07,15.559980392456055,17.14078661416114,14.786885226308556,17.048476842121374,25801400
2015-12-08,15.715753555297852,16.40230844814155,14.723422955037677,15.069585150613785,18099100
2015-12-09,17.098268508911133,17.228248027297262,15.78074387668478,15.934356649447803,16909200
2015-12-10,17.53547477722168,17.689087560535373,16.838309501757873,16.87966657286239,11899100
2015-12-11,15.609408378601074,17.139626772455617,15.503060980279805,17.068728131276217,12372700
2015-12-14,15.10721206665039,15.5444171352847,14.817711458780199,15.49124343925797,8904700
2015-12-15,15.266731262207031,15.72166121542056,15.178108822113668,15.266731262207031,12860800
2015-12-16,15.249008178710938,15.449886335040123,14.983140826083917,15.018589581055066,9425100
2015-12-17,14.002384185791016,15.355356542979314,13.925577230444448,15.219468701237755,13430400
2015-12-18,12.726212501525879,14.291879021533692,12.70257925502543,14.13235798834131,31978000
2015-12-21,12.997994422912598,13.051168126612538,12.377636048940985,12.785299608112837,20453800
2015-12-22,13.334759712219238,13.825138520080658,12.980268749777025,12.992085378134096,25095000
2015-12-23,14.971325874328613,15.03040789048983,13.588811879876477,13.600628508487867,27406800
2015-12-24,14.717272758483887,15.243100291706494,14.622741991317927,15.024498315221074,10222100
2015-12-28,14.658188819885254,14.782261139786156,14.161901794072612,14.569566378182028,10681300
2015-12-29,14.693636894226074,15.18992273221695,14.415951850244886,14.835433008922802,9578200
2015-12-30,14.421862602233887,14.705454879601367,14.07918831869096,14.33324015641849,10638100
2015-12-31,15.184017181396484,15.254914682929444,14.209166956706834,14.250525147312441,10001200
2016-01-04,15.503067016601562,15.709853579752897,14.959514312239028,15.077678384581535,10992700
2016-01-05,15.556234359741211,15.763020838127783,15.308090811056454,15.603499743924228,12394300
2016-01-06,13.5297269821167,15.207649573110611,13.529726982116697,15.08948669285056,16953300
2016-01-07,12.176753044128418,13.470642983705707,12.170844731956038,13.122060453802606,12550600
2016-01-08,11.999510765075684,12.543063256934275,11.503223658296289,12.442624172779025,18822000
2016-01-11,11.042384147644043,12.105855655034823,10.817872769862262,11.999508278916657,17669600
2016-01-12,9.772128105163574,11.355519049272543,8.97452319228931,11.184182453055529,49491600
2016-01-13,8.041029930114746,9.772126800945934,7.544743459128493,9.736676922132428,52053600
2016-01-14,10.80605411529541,10.894676527213157,7.822424650167199,7.928771995226537,42552100
2016-01-15,9.512166023254395,10.634719525574878,9.228573209579586,9.323103959655283,24055800
2016-01-19,9.323104858398438,10.427934092446703,9.104502336913272,9.783942591165875,23623400
2016-01-20,9.151766777038574,9.281746839303516,8.348254842973244,8.974521340031421,15921800
2016-01-21,9.476716041564941,9.919829297518271,9.009969537717698,9.12222464797558,17366200
2016-01-22,11.662744522094727,11.727734847863715,9.967097880283202,9.990730008901968,29937000
2016-01-25,10.817873001098633,12.873919687242633,10.776515937700976,11.408690768254797,20556900
2016-01-26,12.064498901367188,12.206295030856182,10.800149234918715,11.190088872737316,18496800
2016-01-27,11.38506031036377,12.070408930450535,10.782425829181939,11.975878164017576,24832100
2016-01-28,11.396878242492676,12.454441735606576,11.24326544773115,12.058593683269967,17344800
2016-01-29,11.402787208557129,11.721829476722636,10.977398644565719,11.49141081208928,14964300
2016-02-01,11.526856422424316,11.7277345821632,10.69971165538542,11.160548858519403,14102100
2016-02-02,11.042384147644043,11.497312962189453,10.930128458753153,11.136914898216759,10517900
2016-02-03,10.87695598602295,11.361426418563939,10.032086322344881,11.23735521716003,15426500
2016-02-04,11.077835083007812,11.290529877208172,10.516557654710486,10.947855557049623,11564700
2016-02-05,10.114799499511719,10.971484486653305,10.014360445637704,10.93603574025522,11478000
2016-02-08,6.593527793884277,8.862268661338625,6.038159205690786,8.820911587889029,62368000
2016-02-09,7.077999114990234,7.1784382164538565,6.498997766268586,6.652610575971528,27066200
2016-02-10,7.592008590698242,8.141468735160538,6.670332619053779,6.8298536878461364,18373600
2016-02-11,7.851970672607422,8.259634817440547,6.948019350796286,7.13708091785537,16261500
2016-02-12,7.958315372467041,8.566857506545979,7.680630867937775,8.035121748760146,8546300
2016-02-16,8.868175506591797,8.89180819656918,8.15919424382251,8.20055131042099,12197900
2016-02-17,9.269932746887207,9.453086546645524,8.89771795994716,9.116320518724594,9776300
2016-02-18,9.405821800231934,9.624424937360546,8.750014079189809,9.28765832303262,12024500
2016-02-19,9.16358470916748,9.30538085361413,8.862267479632505,9.210850090649696,8547000
2016-02-22,9.541707992553711,9.68350414044103,9.240391319155112,9.423544535980946,8700300
2016-02-23,9.216757774353027,9.529890482688375,9.104502078418115,9.482625104436124,8999400
2016-02-24,9.825300216674805,9.866658412207316,8.685022164753638,9.03360478168702,7289700
2016-02-25,9.470809936523438,9.955280362289374,8.815001804286572,9.30538054340277,19206600
2016-02-26,9.240391731262207,9.919832622891272,9.157677026248422,9.659872443389563,10844700
2016-02-29,9.44717788696289,9.778035588469407,9.187218264350626,9.305381729174382,11488400
2016-03-01,9.778034210205078,9.801667463286446,9.323104793896302,9.535799000598718,6202200
2016-03-02,10.120709419250488,10.18569974428554,9.642147269444518,9.801668361678386,7216400
2016-03-03,10.68789291381836,10.723341662379411,10.085258553803483,10.091166866379558,7095700
2016-03-04,11.31415843963623,11.43232242736579,10.930127169858114,11.006932973055616,17004800
2016-03-07,11.260988235473633,11.757275334169025,11.10737545474452,11.414601016202745,14092700
2016-03-08,10.197516441345215,11.195998944439086,10.132526115867638,11.160549061326423,17389300
2016-03-09,10.611087799072266,10.752885071452843,10.221148117264658,10.445659526120911,13623600
2016-03-10,9.734999656677246,10.5988346755494,9.091717638083063,10.568202671452363,36169600
2016-03-11,9.808517456054688,10.206739349473633,9.753378914200491,10.05357699288665,12225400
2016-03-14,10.10871696472168,10.274132613684,9.62472387281179,9.753380293915336,9264100
2016-03-15,9.894287109375,9.912667011180599,9.514444569412174,9.8881604754398,9076500
2016-03-16,10.684606552124023,10.745871729781546,9.924921387364517,9.924921387364517,9942400
2016-03-17,10.880650520324707,11.156341974104494,10.519187379304734,10.892903785435545,9464100
2016-03-18,11.119588851928711,11.260497964851705,10.917414551658599,11.101210113699954,15621200
2016-03-21,10.629467964172363,11.039943133646466,10.54369624839982,11.02156322986605,6479700
2016-03-22,10.801008224487305,10.850020128913844,10.384407621129712,10.5191900661687,6745500
2016-03-23,9.961679458618164,10.954170839649935,9.771757886121911,10.86840029694092,9482600
2016-03-24,9.404169082641602,9.679861212173694,9.09784436443527,9.67373457758524,16644300
2016-03-28,9.2755126953125,9.728873138898097,9.238753471979708,9.661481911100681,9758300
2016-03-29,9.6185941696167,9.673732701684429,8.975312269273065,9.134601232075854,6597700
2016-03-30,9.594088554382324,10.102587458964523,9.587961920768576,9.74112425550461,7785000
2016-03-31,9.845276832580566,9.875910007316268,9.44092827435838,9.612469963001839,7605800
2016-04-01,9.508318901062012,9.99843795017408,9.434800459427208,9.61859539497823,8541400
2016-04-04,9.318397521972656,9.624722226068709,9.312270887666413,9.447053921063718,7176000
2016-04-05,9.073338508605957,9.312271417462794,8.9569347872369,9.244880189064103,7657100
2016-04-06,9.489937782287598,9.679859327679148,8.9446802639637,9.183613123717167,12888400
2016-04-07,9.624723434448242,9.814645031910285,9.41642251602796,9.42867578617884,11966100
2016-04-08,9.949426651000977,10.261878002033486,9.759505653974333,9.89428810855194,16719200
2016-04-11,10.451799392700195,10.727492115328625,10.02907210938474,10.02907210938474,28315000
2016-04-12,10.85002326965332,10.94192163952374,10.292512257218599,10.531446382930847,10749700
2016-04-13,11.242119789123535,11.26662516416676,10.672355504798754,10.801011352982382,9298400
2016-04-14,10.88677978515625,11.3830254567739,10.782629343603315,11.3830254567739,8663400
2016-04-15,10.751996994018555,10.9909310655438,10.635594444044152,10.764250263027243,6345700
2016-04-18,10.218992233276367,10.954170816062003,9.385788670916643,10.390533318325014,34744700
2016-04-19,11.033819198608398,11.058324574441754,10.317019135303406,10.353777783321615,16079400
2016-04-20,11.536191940307617,11.73223962566552,10.764253302808592,10.923542339295983,20954600
2016-04-21,11.726107597351074,12.001800258447602,11.407530839405558,11.579071900944871,15719700
2016-04-22,11.971168518066406,12.142709583305159,11.726107850235271,11.80575291784115,10089400
2016-04-25,11.67709732055664,12.130457739583766,11.40140578970101,12.00180192555834,5983500
2016-04-26,11.879267692565918,12.06918978716655,11.62195498012419,11.793497177930549,8527200
2016-04-27,12.2529878616333,12.602197828724092,11.983421801487292,11.983421801487292,16189700
2016-04-28,12.032432556152344,12.60219662422694,11.995673923270848,12.320378491242357,8025900
2016-04-29,11.879267692565918,12.338754595602174,11.42590742179442,12.17946566232533,8848200
2016-05-02,11.523933410644531,11.867017872042831,11.309505914404555,11.867017872042831,9313900
2016-05-03,11.879267692565918,11.922152949883602,11.303378282106125,11.548437730018337,9217300
2016-05-04,11.787376403808594,11.903780137618599,11.242118715152376,11.707732481856192,9709200
2016-05-05,12.602195739746094,12.638954370047696,11.278873363530487,11.284999996670052,14791200
2016-05-06,12.069191932678223,12.865635572108715,12.063065299324347,12.571564182337687,9335800
2016-05-09,11.603581428527832,11.91603280220952,11.364647337749986,11.860894255763567,9273100
2016-05-10,11.726107597351074,11.995673625030363,11.542313268977283,11.652590333415894,5430300
2016-05-11,11.946666717529297,12.191726313925196,11.530064819388103,11.83638960701706,5567600
2016-05-12,11.670974731445312,12.240739061977525,11.572950886250137,12.1488418531741,6455900
2016-05-13,11.854767799377441,12.17334581285705,11.548443056078469,11.59132833317454,13797400
2016-05-16,12.61445140838623,12.651210045688337,11.916031456966135,11.916031456966135,17362000
2016-05-17,13.178091049194336,13.459909261803523,12.522556263003555,12.61445345543976,11858700
2016-05-18,12.761488914489746,13.33125313092961,12.657338453758415,13.171964122250152,7545300
2016-05-19,13.196465492248535,13.227097487534692,12.320376872050113,12.516424446367242,10950500
2016-05-20,13.570184707641602,13.63757651920512,13.269986625687107,13.386390345150623,12608400
2016-05-23,13.447654724121094,13.606942538941258,12.80437215650556,13.453780189776033,11343400
2016-05-24,13.557933807373047,13.662084275924707,13.14133310170267,13.496669788196051,14955500
2016-05-25,13.018795013427734,13.680456077956991,12.828874095715923,13.662076181971111,15269800
2016-05-26,12.749234199523926,13.178089264184852,12.66346365400616,13.129077356955264,9040400
2016-05-27,13.159707069396973,13.208718968092581,12.57156428504968,12.675714715844828,7897000
2016-05-31,13.576313018798828,14.090938699570382,13.269988264460341,13.269988264460341,10498400
2016-06-01,13.839752197265625,13.907144015704333,13.269987979466816,13.380265075626092,7214200
2016-06-02,13.84587574005127,14.011291347345594,13.4844125249426,13.637574864614548,5449200
2016-06-03,13.986784934997559,14.035796837381795,13.613068448982805,13.913266497153241,4765200
2016-06-06,14.323742866516113,14.519791661679834,14.048051329771932,14.213466952940058,8687700
2016-06-07,14.440150260925293,14.636197937486218,14.250229220323941,14.507542087944234,7338400
2016-06-08,14.201217651367188,14.476909265128059,13.96228468573383,14.342126776302946,7498000
2016-06-09,14.262478828430176,14.452399820243729,13.95615412035979,14.04192466468797,7747100
2016-06-10,13.50279712677002,14.005169588806726,13.386393380908533,13.962284305735738,8063400
2016-06-13,13.355758666992188,13.655957951077395,13.251608204982432,13.331253294567876,5986300
2016-06-14,12.97591495513916,13.5027938324054,12.859511237677447,13.276113031931121,9003500
2016-06-15,13.337379455566406,13.796866565411987,12.79212062394507,12.865639075676269,11693000
2016-06-16,13.968585014343262,14.044330246525467,12.971279813533695,13.217450915178643,13474700
2016-06-17,14.221063613891602,14.404112624880733,14.01276579921888,14.075885400569407,11845700
2016-06-20,14.088515281677246,14.460926853342901,13.665607286934708,14.322061990863892,17733700
2016-06-21,13.678231239318848,14.454614169809458,12.649366201830844,14.044330595447486,36802500
2016-06-22,13.103826522827148,13.652974641939522,13.097514323260127,13.640351446734442,8879700
2016-06-23,13.747658729553223,13.77921852873486,13.047020111572566,13.318438718679639,11725600
2016-06-24,13.450994491577148,13.697165558169598,12.92078155358804,12.939718159919597,20533700
2016-06-27,12.624114036560059,13.350000352876396,12.371631996614724,13.179574524439795,15859200
2016-06-28,13.028092384338379,13.255326945809859,12.845043257320789,12.983908153814477,8736900
2016-06-29,13.154327392578125,13.242695808735165,12.598865680915482,13.20482380237206,17280000
2016-06-30,13.652978897094727,13.716099708508537,12.971276782470138,13.00914999167603,14657000
2016-07-01,12.977590560913086,13.255321442523357,12.762980498386444,12.939718551034705,17743600
2016-07-05,12.680926322937012,12.964969452691074,12.422132006463169,12.838727794149339,10259900
2016-07-06,12.901848793029785,12.901848793029785,12.485252999866985,12.624117862944686,13481000
2016-07-07,12.84503173828125,13.469925018012264,12.725102360172599,12.889215929182093,9616300
2016-07-08,13.249008178710938,13.331065598124056,12.901845507459905,12.971277319352478,7719300
2016-07-11,13.084895133972168,13.482555437523192,13.015463318948065,13.375250410017456,8230000
2016-07-12,13.817095756530762,14.02539364015933,13.286882742943567,13.305819351975119,11458900
2016-07-13,14.031702995300293,14.517731693099275,13.634043917783456,14.340993656464361,13111400
2016-07-14,14.89645767211914,15.010074912952955,14.025392961679609,14.202131025635493,17948300
2016-07-15,14.795463562011719,15.331988706431346,14.43567646632134,15.035321224495485,15355900
2016-07-18,15.508721351623535,15.628650752354458,14.726026554504768,15.111062354576656,14771100
2016-07-19,15.77383041381836,15.780142615336015,15.237305324111068,15.45822756151164,13940700
2016-07-20,15.862198829650879,16.00106485520201,15.363546948972687,15.704397403473205,12277500
2016-07-21,15.571846961975098,16.057875711544032,15.54028715389587,16.051563509142284,16315000
2016-07-22,15.477166175842285,15.704399440338408,15.300428122185751,15.565534600705805,6445400
2016-07-25,14.915392875671387,15.464542464338107,14.820712244226655,15.395109439444848,10230500
2016-07-26,14.871210098266602,15.054260380153536,14.744969645451507,14.864897895036396,6191800
2016-07-27,14.69447135925293,15.193123311878496,14.58085412338319,15.016386459574022,8034200
2016-07-28,14.568232536315918,14.757593830105456,14.448303074820014,14.70078640511239,7244000
2016-07-29,15.130003929138184,15.27518219094936,14.277876987006692,14.51142247943708,9698200
2016-08-01,14.221063613891602,14.94063766386478,14.13269400492826,14.94063766386478,13007200
2016-08-02,15.12369155883789,15.388798063481891,14.606102955468558,14.858586258123502,36320100
2016-08-03,16.203052520751953,16.537592019631127,15.041633782070068,15.294115854842328,26952700
2016-08-04,15.76751708984375,16.253545736739763,15.634964479197155,16.158865128573733,15330700
2016-08-05,16.177804946899414,16.316671000475534,15.540288115940173,15.944259463224345,14012400
2016-08-08,16.36716651916504,16.556527776812704,16.203052867369955,16.322982305975884,11629700
2016-08-09,16.304040908813477,16.5249631137859,16.272481109787055,16.386097108639664,11038400
2016-08-10,16.026309967041016,16.36084937196863,15.792764566788787,16.253544370684615,8524100
2016-08-11,16.61333656311035,16.663832979256327,16.10837240165058,16.34823007736159,11634100
2016-08-12,16.543901443481445,16.720639479566103,16.38610001252601,16.569150250320412,7407700
2016-08-15,16.783763885498047,16.903693335796724,16.62596242076334,16.68908324744315,6664200
2016-08-16,16.59440040588379,17.036243726112577,16.556527192547158,16.802698263517374,7913300
2016-08-17,16.449222564697266,16.69539364168479,16.20305269163924,16.48078357658259,5567600
2016-08-18,17.743194580078125,18.361775945739264,16.493406240483232,16.50603064482639,22242900
2016-08-19,17.471771240234375,17.673756840063582,17.313969839876666,17.642197041563698,13763300
2016-08-22,17.31397247314453,17.616950918968083,16.973120818646038,17.194043053532543,11178700
2016-08-23,18.027238845825195,18.10929628101249,17.301352354805648,17.402345195090298,13232300
2016-08-24,17.711631774902344,17.98305042113621,17.59170355758035,17.926241811276594,10596100
2016-08-25,17.591705322265625,17.831562984899918,17.49702349371551,17.67376154255567,6170300
2016-08-26,17.56645965576172,17.80000636193526,17.358161762765718,17.699013517084452,6801800
2016-08-29,17.711631774902344,17.80631239002526,17.433902131065715,17.5033339400602,6221900
2016-08-30,17.680070877075195,17.91361629966393,17.566453664386938,17.91361629966393,6001700
2016-08-31,17.635887145996094,17.73687995910993,17.389716110592985,17.635887145996094,8161400
2016-09-01,17.768444061279297,17.818940480055158,17.358160508234224,17.528586373076354,12462500
2016-09-02,17.926244735717773,18.14716700966482,17.781067688583544,17.926244735717773,5900200
2016-09-06,18.405961990356445,18.49433042170165,17.970429628571566,17.970429628571566,12124500
2016-09-07,19.283035278320312,19.39743713123253,18.437734180099994,18.5394244466345,13727100
2016-09-08,19.79784393310547,19.975802519405818,19.263969386448107,19.441927972748456,13071000
2016-09-09,19.092378616333008,19.48007255236029,18.92713152382778,18.97162089253219,14000800
2016-09-12,19.33388328552246,19.47370711973098,18.76187514817735,18.888987394118608,8581700
2016-09-13,18.90805435180664,19.244904159860024,18.86356500611433,18.990677249200395,8797400
2016-09-14,18.90169906616211,19.168636359738787,18.634761772585435,18.774586819657465,9018600
2016-09-15,18.965255737304688,19.244904618346318,18.888987419841047,19.02245667234147,5372900
2016-09-16,18.914411544799805,19.066946975131597,18.62205106081432,18.641118444197236,13203000
2016-09-19,19.066946029663086,19.39108425763661,18.997033506302976,19.174992105654262,5223400
2016-09-20,18.90805435180664,19.162280050222517,18.888986969834043,18.990677249200395,5819900
2016-09-21,19.696155548095703,19.77242386732447,19.219481886586387,19.22583768087577,8335300
2016-09-22,19.486421585083008,19.893182771741586,19.39744287856243,19.87411659876944,4939800
2016-09-23,19.283035278320312,19.702507930836042,19.168633425408093,19.39743713123253,4607400
2016-09-26,19.295753479003906,19.727937866043924,19.213129351470016,19.46100052182768,6612300
2016-09-27,19.48006248474121,19.51819603645917,18.958899499701978,19.09236874908047,6915100
2016-09-28,19.7025146484375,19.74700400368461,19.079661250489977,19.594468551875664,9112500
2016-09-29,19.314815521240234,19.62624215416807,19.098723373944384,19.607175984387926,10114800
2016-09-30,19.530912399291992,19.683447855698898,19.314820199654534,19.569047172576756,6703500
2016-10-03,19.467355728149414,19.658025958547135,19.32753186231966,19.581757623939236,4293900
2016-10-04,19.200414657592773,19.581753832305086,19.028813059379477,19.52455289548605,4527700
2016-10-05,19.40380096435547,19.638959348562665,19.35295581002061,19.43557873122322,5005600
2016-10-06,19.391088485717773,19.59446909375412,19.187707877681426,19.44193363772686,5901500
2016-10-07,19.308460235595703,19.530908182756246,19.263970888612352,19.435573694614238,4270300
2016-10-10,19.429222106933594,19.549979797921285,19.33388759815133,19.530912411267213,4721500
2016-10-11,19.25762176513672,19.352957498546115,18.88263826460866,19.333890109415396,5611100
2016-10-12,18.997037887573242,19.314820394690862,18.793657276977015,19.314820394690862,5578000
2016-10-13,18.55849838256836,19.219485348556862,18.367828156273273,18.920770236611794,11575700
2016-10-14,18.51400375366211,18.88898711632507,18.475870201664925,18.76823066629336,6552800
2016-10-17,18.47587013244629,18.55849424241503,18.348757888850642,18.5267152723333,5038700
2016-10-18,18.583921432495117,18.793657845042574,18.361473428340158,18.73010109924914,4194400
2016-10-19,19.098724365234375,19.41015222657015,18.58391714630634,18.711030608575793,9650400
2016-10-20,19.18134880065918,19.27668329283616,18.800009619707428,19.022457576282935,7060000
2016-10-21,19.21312713623047,19.36566257073211,18.933479445766057,19.003390762260224,6062000
2016-10-24,19.098724365234375,19.225837827503828,18.800009304818122,19.213126238828117,4377800
2016-10-25,18.539430618286133,19.200417570798518,18.5140074370675,19.035171741853425,5431200
2016-10-26,18.787302017211914,18.80636940459067,18.25342729304775,18.323339834525754,3523400
2016-10-27,18.660186767578125,19.092371114744534,18.59027423722947,18.88263352369857,5161900
2016-10-28,18.857210159301758,19.003389791702872,18.374180701927646,18.685607349660202,7247000
2016-10-31,18.55849838256836,19.302109476957945,18.151735960485254,18.736455805750943,8394600
2016-11-01,18.15809440612793,18.90170560904898,17.67506479282292,18.831793061312514,7882000
2016-11-02,17.865726470947266,18.107240555544816,17.382697089508543,17.935637772880344,6742300
2016-11-03,18.081823348999023,18.323337497100567,17.961065668826283,17.96742146380842,4136600
2016-11-04,18.17715835571289,18.67289825569304,17.961066169274986,18.04368908185702,3625200
2016-11-07,18.590274810791016,18.75552184346732,18.437739368069185,18.45680675300089,3908300
2016-11-08,18.965255737304688,19.03516826062604,18.41866956350599,18.437736945932844,3309000
2016-11-09,19.524559020996094,20.242748247602407,19.047885206118067,19.098730364548622,11014900
2016-11-10,19.473711013793945,19.816916692176445,19.289397796037584,19.499134195412214,8756500
2016-11-11,19.130508422851562,19.327533250729676,18.514009542862798,19.276688094753254,4936200
2016-11-14,19.155927658081055,19.492777525954693,18.819079002451385,19.098726714248855,8376000
2016-11-15,19.683448791503906,19.829629671557235,19.352955893031766,19.441934610438405,8040300
2016-11-16,19.25126075744629,19.64531030337857,19.07965794926104,19.556331608279756,6026100
2016-11-17,19.18134880065918,19.683444439321317,19.086014308482202,19.549976392722314,5716100
2016-11-18,19.16228485107422,19.384732847510858,19.1177954942357,19.20041841232951,6956000
2016-11-21,19.39744758605957,19.638961796189335,19.0097524782848,19.441936950116823,13312000
2016-11-22,19.48006248474121,19.645309491844046,19.257614543939557,19.51819603645917,6245700
2016-11-23,19.460996627807617,19.677087565845206,19.270326441665595,19.3338831703796,5890600
2016-11-25,19.1241512298584,19.448289530122242,19.041527099779586,19.378376991170025,3218000
2016-11-28,18.583921432495117,19.23219805754874,18.558499461524203,19.23219805754874,6203500
2016-11-29,18.386892318725586,18.552139334310272,17.941996414286525,18.266134651136046,8627200
2016-11-30,19.511842727661133,19.740645265139722,18.952544942171624,18.952544942171624,13158300
2016-12-01,19.07965660095215,19.90589039996598,18.977966324527177,19.855045261753492,6998600
2016-12-02,19.594465255737305,19.645310397787227,18.977967756851523,19.0923696295248,6815100
2016-12-05,19.963096618652344,20.121987869174724,19.626246731137044,19.77878339841328,8336000
2016-12-06,19.950382232666016,20.039362144818597,19.524553692433944,19.75971324364909,4463300
2016-12-07,20.21263313293457,20.302182381910463,19.58578595006927,19.93758761677487,7348600
2016-12-08,19.91840362548828,20.225431974911785,19.36831365697328,20.17426078667743,8274400
2016-12-09,19.317138671875,20.007950187265628,19.23398474482757,19.982363988168842,8616600
2016-12-12,19.144437789916992,19.700924266994704,19.099663156131115,19.66894273429544,7663400
2016-12-13,19.4450626373291,19.58578426793904,19.189206790788635,19.32992720138166,6318800
2016-12-14,18.690292358398438,19.297951236471203,18.683895807890412,19.240383501916217,11452500
2016-12-15,18.626327514648438,18.735066422866463,18.41524624810958,18.63911939442568,11653800
2016-12-16,19.707321166992188,19.80326698680858,18.651914708977305,18.67750091160423,15661300
2016-12-19,19.675336837768555,20.052724732766094,19.57939103158651,20.0015535548012,6497200
2016-12-20,19.4130916595459,19.841650892808328,19.361920462440725,19.68174074935246,6797900
2016-12-21,19.585786819458008,19.713714149385392,19.432272071517836,19.52182254448578,6616600
2016-12-22,19.381103515625,19.700923713704732,19.246779618039785,19.60497789828426,10499200
2016-12-23,20.187047958374023,20.25740878328512,19.32992984043135,19.349119489048128,5986900
2016-12-27,20.327770233154297,20.430112588889354,20.007950066477957,20.212634777948075,4152400
2016-12-28,19.85443878173828,20.602816885311412,19.835249130357976,20.404528701117265,5190200
2016-12-29,19.83524513244629,20.014344849178773,19.66254196488465,19.777677409925744,3432900
2016-12-30,19.91840362548828,20.24462040798882,19.758493509753745,19.790476264911067,3982200
2017-01-03,20.123088836669922,20.481288382484728,19.73930552618139,20.0527292137563,5750600
2017-01-04,20.05912208557129,20.199842525604154,19.87362579551158,20.123085145575303,4273900
2017-01-05,20.30218505859375,20.410923969551,19.99515797589699,20.09750033679591,7443700
2017-01-06,20.737138748168945,20.90984193357744,20.32777053908488,20.410923246864638,5847100
2017-01-09,20.423715591430664,20.711554223136297,20.276598610788717,20.50686951615322,6145300
2017-01-10,18.229751586914062,20.423718376612094,18.204165385043446,20.423718376612094,105693000
2017-01-11,18.408851623535156,18.45362625748121,18.07623831419692,18.274526501679713,21372100
2017-01-12,18.35767936706543,18.498399811252717,18.261732334192477,18.447228629728503,13638900
2017-01-13,18.26812744140625,18.42803752354045,18.22974936329883,18.306506739530775,7703700
2017-01-17,18.191373825073242,18.38966201299988,17.903535149036767,18.38966201299988,9665900
2017-01-18,18.127408981323242,18.293715631245696,17.941912680249924,18.236147897810337,9571600
2017-01-19,18.197769165039062,18.261732226554418,17.999479770286438,18.121011783196565,6709800
2017-01-20,18.044254302978516,18.287318327473606,17.903533860387856,18.261732126993202,11521700
2017-01-23,18.044254302978516,18.21695749616968,17.935516610988362,18.197769065826567,9476700
2017-01-24,18.216955184936523,18.306505655239246,17.954702763370975,18.095424408125098,10927400
2017-01-25,18.42803955078125,18.447229201954535,18.14020210328539,18.18497673600582,7551400
2017-01-26,18.530380249023438,18.69668688417039,18.440830991643203,18.523983699208117,11389900
2017-01-27,18.229751586914062,18.472814404598658,17.97389566829416,18.408851339956623,7952200
2017-01-30,18.01866340637207,18.19776309087879,17.750014489620387,18.16578035077931,7033300
2017-01-31,18.447229385375977,18.485607468086904,18.057048347760244,18.140202283654048,13708900
2017-02-01,18.121009826660156,18.690289308798295,18.037857123657925,18.549568880634112,8534800
2017-02-02,18.319293975830078,18.344880168094896,17.92911430392601,18.184970126490185,4913600
2017-02-03,18.479209899902344,18.54317418090927,18.300111377103573,18.376867538298136,4755400
2017-02-06,18.66470718383789,18.990923936278477,18.549571715915654,18.74146334910788,9897700
2017-02-07,18.24893569946289,18.683890019092264,18.20415985977952,18.50479154042631,5653600
2017-02-08,18.101821899414062,18.255336661120385,17.845965996598828,18.133804649776703,7745000
2017-02-09,18.338491439819336,18.607140473071645,18.101823940518628,18.101823940518628,5639600
2017-02-10,18.191373825073242,18.50479748341447,18.159391072170703,18.50479748341447,6219700
2017-02-13,18.57515525817871,18.600740236266486,18.14659620005908,18.152991529568215,4798100
2017-02-14,18.479209899902344,18.69029117321317,18.32569635749603,18.55596728111409,10654600
2017-02-15,18.543170928955078,18.61992829670573,18.38965741347075,18.447225134279496,5023500
2017-02-16,17.903532028198242,18.677497433284724,17.884342379801744,18.6135331586468,11752900
2017-02-17,18.037858963012695,18.210560936092243,17.87794887014917,17.884344200248584,6406300
2017-02-21,18.466415405273438,18.53037845720741,18.152990594715334,18.223351415863114,7566200
2017-02-22,17.90993309020996,18.42164497620901,17.724436769024447,18.274527961486456,15363500
2017-02-23,18.082632064819336,18.248938693737266,17.877947358464063,18.159388219694023,9523000
2017-02-24,17.89073944091797,18.063442621374325,17.70524438118185,18.00587489455554,8715700
2017-02-27,18.005876541137695,18.184976287620607,17.877949196521797,17.935516928604976,9119400
2017-02-28,18.127408981323242,18.440832630017283,17.96749888178441,17.98668853293528,10093400
2017-03-01,18.41524887084961,18.575158981002797,18.31290527793563,18.4088523200414,8215900
2017-03-02,18.57515525817871,18.811821490563194,18.14659620005908,18.415245180074624,9409000
2017-03-03,18.9653377532959,19.11245475355681,18.530382082944282,18.581553266514046,6797500
2017-03-06,19.080472946166992,19.106059147591512,18.73506776705659,18.882184765195888,6454600
2017-03-07,18.818222045898438,19.144438821074136,18.664708484642343,19.086871083100934,7527500
2017-03-08,18.449874877929688,18.8699255659648,18.424026306445995,18.80530228837582,8697600
2017-03-09,18.64373779296875,18.656662690208087,18.165527688387773,18.34647131939428,7369000
2017-03-10,18.68897819519043,18.831148401255167,18.533883088778076,18.766526364689774,7794400
2017-03-13,18.64373779296875,18.811757759321967,18.553264744879456,18.60496433383679,4649200
2017-03-14,18.165525436401367,18.52741388613699,18.15260054076434,18.43047963403104,4882100
2017-03-15,18.63727569580078,18.695436501888505,18.275387194377423,18.391707573966812,6635800
2017-03-16,18.50156593322754,18.70189813774938,18.462792475049707,18.676048343906817,6554200
2017-03-17,18.462791442871094,18.643736291895127,18.398168194463512,18.52095224317932,12353300
2017-03-20,18.572654724121094,18.753599613369488,18.38524861792295,18.4110971834806,5279200
2017-03-21,18.327085494995117,18.792370709670646,18.094442271364322,18.66312420041219,7804100
2017-03-22,18.3787841796875,18.501567009826328,18.159065849584426,18.34000948666737,5845800
2017-03-23,18.352935791015625,18.47571986315142,18.249539066875855,18.385248037675662,4897800
2017-03-24,18.540340423583984,18.688973038814087,18.424018817721816,18.469254723871327,4886300
2017-03-27,18.520952224731445,18.55326323261008,18.255998015851624,18.35293227207347,4361100
2017-03-28,18.475717544555664,18.72774687394486,18.346471039307552,18.62435016278078,10944900
2017-03-29,18.960390090942383,19.070249250630862,18.430481638063608,18.475717545126038,8425500
2017-03-30,18.779443740844727,19.05086039428123,18.7600576294045,19.05086039428123,13720700
2017-03-31,19.1219482421875,19.18657149696284,18.77944585468843,18.77944585468843,9239800
2017-04-03,19.283504486083984,19.28996693439225,18.9151535606147,19.12840942444355,8659100
2017-04-04,19.335205078125,19.380440988933195,19.089638176915027,19.296431616373134,4858800
2017-04-05,19.167190551757812,19.60016490098522,19.10902972629544,19.406296304501627,7594400
2017-04-06,19.548460006713867,19.55492245545286,19.147796812998724,19.27058087386747,5870000
2017-04-07,19.613086700439453,19.774644249483295,19.554925884176768,19.645397717213708,6736900
2017-04-10,19.722938537597656,19.768174437268733,19.619541843324956,19.729400985062927,4685000
2017-04-11,19.619543075561523,19.832798924966067,19.516146374794832,19.722939776328218,4207900
2017-04-12,19.632471084594727,19.832803315188734,19.490300897715965,19.697094345025498,5303800
2017-04-13,19.425676345825195,19.72940527988143,19.38690288517894,19.65831957487489,3898700
2017-04-17,19.50322723388672,19.748794162520788,19.45799131802673,19.48383988455261,5114500
2017-04-18,19.658313751220703,19.748785543455615,19.348123692770393,19.496756275037953,5411700
2017-04-19,19.535533905029297,19.76171466660761,19.399826187633902,19.68416651910596,5757500
2017-04-20,19.55492401123047,19.710019095547388,19.412753825419834,19.56138646048361,4967200
2017-04-21,19.393362045288086,19.54199464638173,19.20595475753758,19.496758744534613,7497400
2017-04-24,19.37397575378418,19.593694059758153,19.36105085753019,19.50968469927914,4966100
2017-04-25,19.910350799560547,19.942663046974467,19.302895339213347,19.35459370248941,10917500
2017-04-26,19.890960693359375,20.046055752073844,19.729403186458562,19.76171419480434,7149100
2017-04-27,19.87157440185547,19.96850866461561,19.61308262363309,19.768177690566517,5240100
2017-04-28,19.79402732849121,19.929736289804055,19.671244497524942,19.929736289804055,5962500
2017-05-01,19.903884887695312,19.94265957784696,19.69062902220522,19.79402573077096,4483700
2017-05-02,19.600160598754883,19.91681322755237,19.548462235534604,19.865114864332092,5965900
2017-05-03,19.84572982788086,19.97497636728155,19.490303693408485,19.54200206265149,10180600
2017-05-04,19.083171844482422,19.710014484352218,18.895764557744084,19.587230442440404,13769000
2017-05-05,19.548460006713867,19.57430980166984,19.044400098346955,19.076712342041922,5970600
2017-05-08,19.79402732849121,19.81341467513193,19.438601268180694,19.65831959976446,5142200
2017-05-09,19.425676345825195,19.76817874052768,19.309354731300346,19.735867728753487,4637600
2017-05-10,19.87803840637207,19.936199215097997,19.50968743949862,19.567848248224546,7436200
2017-05-11,19.56138038635254,19.92326880405303,19.522605702873864,19.871570458667247,7316700
2017-05-12,19.59369468688965,19.671242834309687,19.367513925549357,19.58076979022198,6050200
2017-05-15,19.890960693359375,20.194688362601966,19.826337444081858,19.923271701705154,6649000
2017-05-16,19.787565231323242,20.00082110453336,19.703554632206085,19.94912274837897,2899200
2017-05-17,19.44506072998047,19.78756307250262,19.419210938430464,19.78756307250262,4518300
2017-05-18,19.322275161743164,19.490295095812247,19.212416021489755,19.231803363623584,5336500
2017-05-19,19.51614761352539,19.671242674519636,19.39336356135187,19.45152436329796,7059800
2017-05-22,19.541994094848633,19.658315686364503,19.361049259981073,19.61954223338783,3610800
2017-05-23,19.70355796813965,19.858653062861375,19.580773889265107,19.600161238325164,4019700
2017-05-24,19.56785011291504,19.832804385654423,19.412755019061713,19.645397043548584,4757800
2017-05-25,19.296432495117188,19.787567552489154,19.22534678484648,19.54199940751008,7004100
2017-05-26,19.186573028564453,19.322280765098323,18.99916569801445,19.309355866594288,5106300
2017-05-30,18.540340423583984,19.102559875136457,18.514490630020834,19.031475408009797,7473700
2017-05-31,18.48218536376953,18.533883734374474,18.159070239342043,18.38525107295856,10644600
2017-06-01,18.617891311645508,18.753600291636584,18.482183564240692,18.482183564240692,3667900
2017-06-02,18.66312026977539,18.676045164496337,18.404628538285444,18.559723577179412,5130800
2017-06-05,18.73421287536621,18.811761039739114,18.495108397673423,18.559730429966873,4525700
2017-06-06,18.90222930908203,18.947465216197696,18.604964072272804,18.643737530859653,5110300
2017-06-07,18.758583068847656,19.058929986853915,18.582292567758685,18.869580653382325,5110400
2017-06-08,18.889169692993164,19.130751875394562,18.660645098162405,18.758583854415914,7809300
2017-06-09,19.18951988220215,19.235224562823902,18.895703544479808,18.915290553112477,4767800
2017-06-12,19.241756439208984,19.33316705749055,19.01976118037552,19.254815276871966,5977500
2017-06-13,19.29398536682129,19.385395960572158,19.189517184270837,19.22216426966721,5917000
2017-06-14,18.797760009765625,19.31357144746819,18.647585924537843,19.293983198431828,5931800
2017-06-15,18.477828979492188,18.94140768111148,18.425594882373304,18.699824203587212,5195100
2017-06-16,19.013229370117188,19.071991637642146,18.60841419751158,18.621473032676708,8328100
2017-06-19,18.849994659423828,19.07198859502025,18.765113489750934,19.026283924592786,3869400
2017-06-20,18.56270980834961,18.641060329840222,18.288480492414294,18.641060329840222,8115800
2017-06-21,18.184009552001953,18.765113939110368,18.10565779699371,18.660645762671976,7249500
2017-06-22,18.3929443359375,18.41253258435838,18.053422168794945,18.22971266850652,5991800
2017-06-23,18.771644592285156,18.79123284366721,18.32765419049715,18.42559295668945,9003000
2017-06-26,18.915283203125,18.967517281447222,18.660642226974012,18.77816921453867,3844600
2017-06-27,19.045873641967773,19.248280588898652,18.96752188279768,18.987110133929946,7548300
2017-06-28,19.42456817626953,19.48333167542308,19.039341346422376,19.065459010650073,8364000
2017-06-29,19.45722007751465,19.751037664888052,19.40498597813262,19.470278913699946,11878100
2017-06-30,19.770626068115234,19.868564849524507,19.48333789667009,19.561688423653838,6854400
2017-07-03,20.129735946655273,20.25379240431885,19.88162427668733,19.9077407046717,3062100
2017-07-05,19.81632423400879,20.110140481627855,19.731443071433524,20.070965231017066,6948900
2017-07-06,19.894678115844727,20.09055689290101,19.78368051578719,19.914266367158046,5590600
2017-07-07,19.855501174926758,19.95343993247068,19.72491533462895,19.888147012321774,6245900
2017-07-10,19.875091552734375,19.966500903515314,19.757564532953737,19.84244446648475,4915600
2017-07-11,19.86856460571289,19.92079870484747,19.705332890247433,19.875094023774608,3698100
2017-07-12,20.103614807128906,20.260317074387547,20.03179246762577,20.123201812186913,4098000
2017-07-13,20.34520149230957,20.3974355929238,20.110147416865946,20.195028608713564,3801400
2017-07-14,20.521488189697266,20.652072793995984,20.312551826532147,20.319081243550926,4441100
2017-07-17,20.52802085876465,20.645547893003396,20.462727923592105,20.501903186551967,2592700
2017-07-18,20.338672637939453,20.73695844451466,20.332143219511753,20.658606668741466,4599700
2017-07-19,20.403963088989258,20.462726602314273,20.21461371375108,20.338670158032677,5844600
2017-07-20,20.521488189697266,20.80224689471,20.410490591095925,20.547604612413426,6070900
2017-07-21,20.5345458984375,20.665130495580154,20.430077722579817,20.528016481776532,5769600
2017-07-24,20.678194046020508,20.743486982165933,20.586784682632416,20.586784682632416,4586100
2017-07-25,20.63248634338379,20.9850661543708,20.625956926189343,20.874068552783243,4716100
2017-07-26,20.63901138305664,20.939357038143967,20.59983488819929,20.71736188205389,4663000
2017-07-27,20.880596160888672,20.90671382740362,20.580250468120088,20.60636688927615,4622600
2017-07-28,20.887130737304688,21.01118719317882,20.808780209122535,20.8414260549719,3464900
2017-07-31,20.75001335144043,20.939361468545453,20.61942749833704,20.893656793566965,3355600
2017-08-01,20.710832595825195,20.854477253816764,20.625952680487327,20.808772588222624,5497200
2017-08-02,20.65860366821289,20.723896597647304,20.482314377706736,20.56719431422014,3942200
2017-08-03,20.279905319213867,20.560664032225436,19.91426667325785,20.06443953289134,5006700
2017-08-04,20.22766876220703,20.410488685588057,20.181964092701485,20.325607517627322,4362300
2017-08-07,20.2537841796875,20.279900597066547,20.012200780798125,20.168903021148516,5057300
2017-08-08,19.907733917236328,20.312548998527785,19.84244100149786,20.181963167050853,5710400
2017-08-09,19.9991455078125,20.19502427712159,19.881619740657754,19.933853830068394,3547100
2017-08-10,19.620454788208008,20.06444532339626,19.59433835721071,20.005681796953144,3679900
2017-08-11,19.640037536621094,19.751035139284323,19.561685774887458,19.620449284847933,2391800
2017-08-14,19.659629821777344,20.01220970851672,19.600866299760906,19.724921517031824,3854300
2017-08-15,19.568212509155273,19.692268929324616,19.418039668894863,19.600859590967644,6760200
2017-08-16,19.339693069458008,19.600863549913537,19.222166041913248,19.58780471455099,3488400
2017-08-17,18.98710823059082,19.39845150026207,18.97404939781171,19.222162239179443,3442500
2017-08-18,18.980575561523438,19.071984884594826,18.77816866956881,18.99363439206467,4842800
2017-08-21,18.941404342651367,19.019754851840702,18.830406750167402,18.960992592628145,5400500
2017-08-22,19.261343002319336,19.346222948947783,19.000172498817353,19.013231335332254,2909900
2017-08-23,19.254810333251953,19.463746700778593,19.196046824215212,19.196046824215212,4670600
2017-08-24,19.241756439208984,19.346224649794223,19.202581171579343,19.215640009242325,2182400
2017-08-25,19.18951988220215,19.320105751429285,19.18951988220215,19.293988079440197,3668400
2017-08-28,19.045873641967773,19.25481000594274,18.88264195194246,19.22869358312535,3011000
2017-08-29,19.045873641967773,19.08504889887334,18.804290192772367,18.902230203074726,2918200
2017-08-30,19.01975440979004,19.09157674601007,18.90222864873753,19.000167405627387,2932400
2017-08-31,19.411514282226562,19.450690788534175,19.00017092886936,19.071992033048463,3758600
2017-09-01,19.626977920532227,19.731446101777667,19.3527486334232,19.463746231666352,4311900
2017-09-05,19.685741424560547,19.809797856776484,19.535568569717494,19.698800258553582,3707700
2017-09-06,19.659629821777344,19.927329757470343,19.640041565985445,19.737980354226423,6601800
2017-09-07,19.659622192382812,19.7783319561422,19.540912428623425,19.67940757230664,2912200
2017-09-08,19.580482482910156,19.738761742921994,19.48815197115111,19.59367147782567,3272000
2017-09-11,19.949804306030273,20.0553238314804,19.593674964217126,19.613460346948514,4822900
2017-09-12,19.923425674438477,20.121275746733076,19.87066590673833,19.956401315433617,3205900
2017-09-13,20.06191635131836,20.108080980465605,19.92342120598482,20.002561468731386,3078500
2017-09-14,20.055322647094727,20.299337321470105,19.9827775059225,20.055322647094727,6581200
2017-09-15,19.982778549194336,20.17403347394557,19.916829789658557,20.147652963817695,6718500
2017-09-18,20.16744041442871,20.187225799053458,19.9036415755592,19.949806215124852,6099900
2017-09-19,20.11467742919922,20.28614696150991,20.101487174892576,20.207006693561944,3955500
2017-09-20,20.042131423950195,20.272955832793006,20.00256192062886,20.127866815353556,5193500
2017-09-21,19.778337478637695,20.055326585453066,19.646438682658843,20.00916194396586,4455500
2017-09-22,19.784929275512695,19.85087929134279,19.633245119627826,19.778334148140495,2886600
2017-09-25,20.17403793334961,20.28615261039175,19.837693902223194,19.844289031212995,5957400
2017-09-26,19.936614990234375,20.207008944177034,19.9300198623465,20.114679669530865,6027700
2017-09-27,19.77174186706543,20.01575658339703,19.72557722670618,19.98937607011054,3561800
2017-09-28,19.784929275512695,19.784929275512695,19.593674355394615,19.74535976917141,3270100
2017-09-29,19.791526794433594,19.837691433725478,19.679412131342414,19.692602387680687,2996200
2017-10-02,19.817907333374023,19.930022003729984,19.62005850704805,19.679413406524272,3343400
2017-10-03,19.97618293762207,20.03553656445022,19.72557314482836,19.811308537375837,3966600
2017-10-04,19.811311721801758,20.00256540272532,19.751956827541193,19.969591020532583,3600200
2017-10-05,20.009153366088867,20.04872286212996,19.75194975498437,19.837683872722003,2629800
2017-10-06,19.857481002807617,19.98937982030922,19.738771186531533,19.89045539270993,2652000
2017-10-09,19.824501037597656,19.962996212388813,19.80471691112183,19.877260804686653,2257600
2017-10-10,19.804712295532227,20.035535436569518,19.73876228756795,19.95639643332581,3374800
2017-10-11,19.890445709228516,19.903635961924824,19.758545698048877,19.824495703638696,3809100
2017-10-12,19.897045135498047,19.98277928076848,19.745360970385434,19.745360970385434,2561600
2017-10-13,19.69919776916504,20.042135633125536,19.692602640911094,20.03554050487159,3711700
2017-10-16,19.745359420776367,19.83109355931841,19.69259966062159,19.7717386719078,2241800
2017-10-17,19.7321720123291,19.758551267265343,19.62665247679997,19.686007372771616,2661000
2017-10-18,19.580482482910156,19.837686123192924,19.435392217813835,19.738761742921994,4727000
2017-10-19,19.52113151550293,19.620055915599824,19.32987658514254,19.468371751591786,3766600
2017-10-20,19.34306526184082,19.60026893267856,19.29690062942296,19.593673805491452,3634900
2017-10-23,19.019908905029297,19.35625279696947,18.986934531618026,19.323277165666486,4587900
2017-10-24,18.9737491607666,19.171597967921283,18.848444245359552,19.171597967921283,4541700
2017-10-25,18.690162658691406,19.00012608737073,18.334033339964964,18.934176073766736,8670000
2017-10-26,18.736330032348633,18.861634950741664,18.58464585938932,18.690165393438587,5617400
2017-10-27,18.874820709228516,19.026504846042524,18.531881676342415,18.670375560070397,6612200
2017-10-30,18.822065353393555,19.105648313664375,18.795684841056513,18.934178757149795,4330500
2017-10-31,18.795682907104492,18.828657286240883,18.64399875044999,18.74951827315677,5526700
2017-11-01,18.9869384765625,19.19797752918265,18.920988458145708,19.019912856824906,6665800
2017-11-02,18.538480758666992,18.98034426820056,18.43296122724632,18.828658841127815,7214200
2017-11-03,18.637407302856445,18.756117103812883,18.406582829651388,18.551671887546934,3826200
2017-11-06,18.9869384765625,19.006722601563155,18.591239623953726,18.65059451473964,4539200
2017-11-07,18.9737491607666,19.006723542661703,18.59124054448006,18.91439426704179,8228100
2017-11-08,18.716543197631836,18.96055788739425,18.617618799362955,18.953962759790727,6688700
2017-11-09,18.907798767089844,19.079268316933337,18.61102430430456,18.61102430430456,4398900
2017-11-10,18.874820709228516,19.026504846042524,18.69016093969944,18.9011999575088,5926200
2017-11-13,18.61762046813965,18.815470540303526,18.584646085058377,18.78909002752484,3943200
2017-11-14,18.28127670288086,18.57805118583838,18.24830231939318,18.558265801010513,5536300
2017-11-15,18.13619041442871,18.28787461418251,17.944935438997344,18.13619041442871,4466100
2017-11-16,17.81962776184082,18.142781476747736,17.793247250636007,18.116400965542923,4871700
2017-11-17,17.9779052734375,18.03726015987311,17.687725968406944,17.826221122720664,4270400
2017-11-20,18.017473220825195,18.136182983433994,17.78664882218495,17.977903719252854,3588800
2017-11-21,17.964717864990234,18.215327704727574,17.931743481921043,18.09661791305116,4742700
2017-11-22,18.301061630249023,18.393390908020315,18.017477410931985,18.024072539043086,4854600
2017-11-24,18.51209831237793,18.742922734949335,18.37360441357023,18.380199540831345,3377400
2017-11-27,18.452739715576172,18.57804459256494,18.327436096479058,18.465929967446915,8213200
2017-11-28,18.703353881835938,18.729733133908866,18.340629417170558,18.46593432371983,8732900
2017-11-29,18.676977157592773,18.789091831884644,18.498912452912947,18.696762544076822,6372700
2017-11-30,19.15840721130371,19.283712123435937,18.70335471516228,18.775898605013985,8075500
2017-12-01,19.316686630249023,19.534320802833044,19.204571980257747,19.316686630249023,6037000
2017-12-04,19.15840721130371,19.448586544386544,19.125432830270395,19.343067015609513,5973500
2017-12-05,19.171592712402344,19.283707341160497,19.105642708799014,19.23094758985617,3888700
2017-12-06,18.92098617553711,19.11883494902723,18.82865565773547,19.072670319072326,4161000
2017-12-07,18.974306106567383,19.027623390638713,18.78103142850293,18.907660454866463,4848000
2017-12-08,19.027624130249023,19.12759515405496,18.807690166007834,19.060948228579125,8941800
2017-12-11,19.260883331298828,19.38751233364047,18.940979687557505,19.014291415942257,6743700
2017-12-12,19.380849838256836,19.514143674716113,19.160915897927985,19.280880096504493,4870600
2017-12-13,19.36751937866211,19.460825568698567,19.2608848224926,19.354191012529057,4760800
2017-12-14,19.780731201171875,19.90736022588982,19.354192934144223,19.360856482280262,6172900
2017-12-15,19.814054489135742,19.99400080143288,19.714084739365447,19.860706954282925,10207000
2017-12-18,20.087303161621094,20.273914269517867,19.86070441316936,19.86070441316936,7266200
2017-12-19,20.03398895263672,20.227264908762795,20.013995764888758,20.187277262082503,4810200
2017-12-20,20.02732276916504,20.093969689883224,19.754071538286343,20.08730487069298,7750900
2017-12-21,20.207263946533203,20.253916397843458,19.993994871295484,20.033982505106568,5162500
2017-12-22,20.20060157775879,20.300571309996844,20.140619484179133,20.193936759451702,4144300
2017-12-26,20.32056427001953,20.453858083987146,20.227259362952612,20.27391181648607,2427100
2017-12-27,20.253917694091797,20.373881874386697,20.187272057202666,20.360552238535252,4036000
2017-12-28,20.33389663696289,20.360554640626784,20.180609620138974,20.27391453973889,2961100
2017-12-29,20.32056427001953,20.473851266253476,20.26724699866929,20.38721117700334,2914900
2018-01-02,20.75377082824707,20.787094923062664,20.353891859933842,20.440531964085913,4480300
2018-01-03,21.326929092407227,21.366917999707994,20.753767466269892,20.773761919920275,8969500
2018-01-04,21.69348907470703,21.726811898926385,21.20696872247261,21.366921838041435,7298600
2018-01-05,21.633508682250977,21.76013898359862,21.36025743428793,21.72681361437952,6366700
2018-01-08,21.71348762512207,21.72015117388456,21.50021592918965,21.626846236996606,5546000
2018-01-09,21.813457489013672,21.906762431796917,21.640177244183214,21.766805017622048,3928200
2018-01-10,21.8267822265625,21.846775411990762,21.61351310743289,21.8267822265625,4201200
2018-01-11,22.060041427612305,22.073371063478685,21.726808158057025,21.873431610219136,5733100
2018-01-12,22.13335418701172,22.246654825981476,21.880098720831235,22.053378910447787,4371400
2018-01-16,21.72015380859375,22.279986040199383,21.680164884061504,22.213340375014802,5560100
2018-01-17,21.673494338989258,21.82011780591303,21.486884502808707,21.82011780591303,5128700
2018-01-18,21.51354217529297,21.666829196337495,21.4868854420793,21.666829196337495,4128000
2018-01-19,21.526870727539062,21.54686645440155,21.286943615320002,21.460225084312977,4335200
2018-01-22,21.8934268951416,21.8934268951416,21.553530046198723,21.57352323073409,5515700
2018-01-23,22.09337043762207,22.20666854764762,21.793459937012514,21.940080871023902,6036400
2018-01-24,22.060041427612305,22.439927151515878,22.033384698247627,22.12002351782698,6536800
2018-01-25,21.593517303466797,22.040048673005654,21.50687593983682,21.793456760609093,8226700
2018-01-26,21.680156707763672,21.82678016671623,21.586851794745936,21.70015243367333,4727600
2018-01-29,21.3136043548584,21.640174150278963,21.286946348382134,21.52020994317497,4984800
2018-01-30,21.0003604888916,21.17364193903606,20.85373831008507,21.120324667544228,5362800
2018-01-31,20.920387268066406,21.193638486750345,20.840411983721182,21.073675560232505,5094200
2018-02-01,21.11366081237793,21.186972540715825,20.907056534825053,21.020355900809033,4304600
2018-02-02,20.46053123474121,20.960381333917123,20.40054912114534,20.913727590199027,4370800
2018-02-05,19.64743423461914,20.50051190428138,19.327530585189837,20.193936620190225,8692400
2018-02-06,20.107303619384766,20.13396163065058,19.12093305004296,19.294214572416717,11131700
2018-02-07,19.994001388549805,20.453863776418075,19.994001388549805,20.047318674738563,7717400
2018-02-08,19.03428840637207,20.16061747407866,19.03428840637207,20.020660078641964,9151800
2018-02-09,19.06761360168457,19.320870400422294,18.367822770653376,19.167583357207764,10986200
2018-02-12,19.607450485229492,19.73407951493856,19.27421713318357,19.30753995991442,6354000
2018-02-13,19.840709686279297,19.91402014306766,19.40084186081283,19.44082949825958,5151500
2018-02-14,19.980669021606445,20.16728013338464,19.56746042784758,19.620777706757888,4899500
2018-02-15,19.980669021606445,20.213932593533137,19.680759804430014,19.700752989531257,5296100
2018-02-16,19.267549514770508,19.92735130343562,19.227561874265277,19.88069884431549,6909100
2018-02-20,19.387516021728516,19.68742653927805,19.220899350019735,19.240893808251144,4534100
2018-02-21,19.07427406311035,19.540799906013177,19.067609244773784,19.440830173332866,3613000
2018-02-22,19.03428840637207,19.56746252376905,18.967641482799404,19.214234718662965,4361600
2018-02-23,19.15424919128418,19.240890557799244,18.914320817776755,19.027620186245915,6177300
2018-02-26,18.93431854248047,19.254222248279866,18.6743969404165,19.24755742884434,5405400
2018-02-27,18.900991439819336,19.167577800999176,18.80768526001836,18.9343142582728,9133100
2018-02-28,18.501115798950195,19.03428865204441,18.49445097938847,18.960978179234175,5773300
2018-03-01,18.247852325439453,18.507775126479203,18.087900516975598,18.46112267457524,8853500
2018-03-02,18.06791114807129,18.201203714326383,17.761335830434515,18.101233971839,6907900
2018-03-05,18.154552459716797,18.40781051345441,17.994600606864566,17.994600606864566,5235500
2018-03-06,18.414470672607422,18.46778794707871,18.15454911845792,18.294507758435103,6333200
2018-03-07,18.30117416381836,18.33449826005768,18.10789949036747,18.22786369446044,8283300
2018-03-08,18.32141876220703,18.422641814283566,18.024496693944375,18.409146351228717,6149100
2018-03-09,18.895017623901367,18.895017623901367,18.523866006851677,18.658829646178415,6732600
2018-03-12,19.070472717285156,19.151450648568858,18.861278226494417,18.89501881667579,8858000
2018-03-13,18.90851402282715,19.151449083952187,18.84777993576566,19.090716284011606,6944200
2018-03-14,18.989492416381836,19.083968380321885,18.793794687667823,18.96250020319963,9613600
2018-03-15,18.011005401611328,19.09746829993052,16.70859831183718,19.02998710766716,30585800
2018-03-16,18.361906051635742,18.557605049980808,18.078482046508388,18.08522913386024,13132500
2018-03-19,17.680335998535156,18.38889854696438,17.531874342472108,18.253933639110837,11062600
2018-03-20,17.680335998535156,17.95026452712149,17.62635029281789,17.747817165341175,7520600
2018-03-21,18.220195770263672,18.274181484024062,17.74781980951957,17.842295773940958,6103700
2018-03-22,17.869279861450195,18.139208307505868,17.80179742815619,18.01099310007965,7102600
2018-03-23,17.302440643310547,17.95701899528705,17.28894517764185,17.92327711331233,7161300
2018-03-26,17.174217224121094,17.552117113518797,16.93802931057731,17.464389549029683,9415200
2018-03-27,16.97177505493164,17.35642343460035,16.830063035946736,17.147228950189838,9061600
2018-03-28,16.722091674804688,17.201214735764793,16.715343299522306,17.012264089221116,8600300
2018-03-29,16.776071548461914,16.992014333822173,16.593869340643995,16.83680561773455,20019600
2018-04-02,16.55339241027832,16.88405520135934,16.35094493665712,16.776083730276618,9270500
2018-04-03,16.499401092529297,16.668106619908446,16.29020531185201,16.60737252708227,9186100
2018-04-04,16.506147384643555,16.587126600212077,16.26996068740404,16.323946402076068,12327900
2018-04-05,16.735584259033203,16.843555670733746,16.438663520417087,16.62761284733266,16241900
2018-04-06,16.452163696289062,16.776079311336996,16.195731841793954,16.69510008579473,9889200
2018-04-09,16.452163696289062,16.62086923630775,16.29695490838094,16.526394545776046,9834400
2018-04-10,16.917789459228516,17.039257640426356,16.53988945215155,16.641112507442756,13884200
2018-04-11,17.106740951538086,17.11348932717372,16.76258151684695,16.836812361717893,9256400
2018-04-12,16.92453384399414,17.14722502797614,16.863799767715353,17.12023282025261,7900700
2018-04-13,16.97177505493164,17.07299810950957,16.863803625099056,16.998768555950274,5677900
2018-04-16,17.268695831298828,17.39691237724885,16.87055073107577,17.032507863639594,8199500
2018-04-17,17.363170623779297,17.444149834182543,17.234955364062074,17.30243653775708,7042900
2018-04-18,17.390167236328125,17.66009584079632,17.369922108322594,17.511635430119092,4544400
2018-04-19,17.241701126098633,17.51163094860852,17.18771541902081,17.4576452415307,5279700
2018-04-20,17.214706420898438,17.437397591206107,17.15397234834902,17.32942619270061,5213700
2018-04-23,17.444150924682617,17.457647675113705,17.16747397645013,17.214711315837974,5244800
2018-04-24,17.241701126098633,17.51837803576256,17.13372971194299,17.46439232868474,6723400
2018-04-25,17.2889461517334,17.2889461517334,16.944786658927793,17.140484436922396,4803600
2018-04-26,17.261947631835938,17.376667429456994,17.113487247258465,17.35642230501061,3357800
2018-04-27,17.24845314025879,17.33618073722361,17.072999233450204,17.221460924584193,5576800
2018-04-30,17.363170623779297,17.558869631433296,17.248450826528547,17.2619475761159,6435100
2018-05-01,17.51838493347168,17.51838493347168,17.241707914868623,17.28219817646026,4769600
2018-05-02,17.64659309387207,17.801801827823457,17.41040516253001,17.484635986211405,8865200
2018-05-03,17.61285400390625,17.734322166717867,17.24170114119067,17.423903385408092,10326300
2018-05-04,17.6735897064209,17.714078668698356,17.383416021337162,17.552121532467623,6664400
2018-05-07,17.727571487426758,18.125716508376062,17.660089040514556,17.788305560935676,7700600
2018-05-08,17.626354217529297,17.72757727739756,17.369921092933915,17.714080526182848,6790100
2018-05-09,17.896286010742188,18.05149481614008,17.673594724308302,17.7613210486702,5398000
2018-05-10,18.011005401611328,18.044745997743007,17.774817367325856,17.99076027165958,4778900
2018-05-11,18.314672470092773,18.361909813959517,17.95701755960396,18.051492247337443,6754200
2018-05-14,18.388900756835938,18.53061276870361,18.321418294799514,18.382152381920204,8070800
2018-05-15,18.395648956298828,18.422641168583407,18.26068403351324,18.368655456893354,5919400
2018-05-16,18.46987533569336,18.550853240127726,18.280924746812197,18.39564451736137,7033300
2018-05-17,18.901765823364258,18.96249991098948,18.267432734345796,18.321418446999225,24265400
2018-05-18,18.760051727294922,19.050225403166692,18.652080306568802,19.029981566231083,12971700
2018-05-21,18.638582229614258,18.888265622346374,18.618337108397863,18.814034798340277,11940900
2018-05-22,18.712818145751953,19.002991879837897,18.591349951286105,18.685825928715722,7322900
2018-05-23,18.685827255249023,18.780301952264413,18.517121703652283,18.58460418171522,4938800
2018-05-24,18.34841537475586,18.57110664194477,18.3146734935932,18.496875790508078,8112800
2018-05-25,18.213449478149414,18.280931949847822,17.930024126712972,18.125723165926246,7210700
2018-05-29,17.99075698852539,18.27418232052141,17.88278555606224,18.10547679640761,6871800
2018-05-30,18.34841537475586,18.38890434502989,18.031248127432665,18.112227355101886,8116700
2018-05-31,18.125720977783203,18.37540441966803,18.125720977783203,18.25393624269879,9735300
2018-06-01,18.00425148010254,18.38889982087509,17.950265770645355,18.24043944164804,7680500
2018-06-04,17.90977668762207,18.159460109480506,17.842294229482743,18.112222774919225,10067200
2018-06-05,17.88278579711914,18.04474294799702,17.80855495362973,17.869289046099063,7578600
2018-06-06,17.6735897064209,18.011000728681818,17.666841331521173,17.930021517006,11523800
2018-06-07,18.056461334228516,18.124831384658226,17.7282866570262,17.7282866570262,5373200
2018-06-08,17.85818862915039,18.11115610640474,17.741959941099694,18.09748183626932,6404800
2018-06-11,18.288921356201172,18.32994287074451,17.789822133097505,17.878702298616478,5497100
2018-06-12,18.275243759155273,18.411983854827934,18.227385116884903,18.302592299909886,7920400
2018-06-13,18.200037002563477,18.31626568706556,18.145341227741916,18.206872833372305,7610600
2018-06-14,18.603418350219727,18.740158445350747,18.23422217984628,18.28891795708865,8796900
2018-06-15,18.234222412109375,18.699137176616585,18.193200904667624,18.55555994449514,13225900
2018-06-18,18.521373748779297,18.541885152505824,18.234220616858295,18.247894886009316,11647500
2018-06-19,18.59658432006836,18.671790206028454,18.31626827154813,18.370964054087434,7096800
2018-06-20,18.94526481628418,18.96577621909718,18.651275866931304,18.72648173581226,6790900
2018-06-21,18.931594848632812,18.986290627409044,18.82220329108035,18.88373620520989,9841100
2018-06-22,18.89740753173828,19.28711508470204,18.87006029674878,19.246093580192728,12653400
2018-06-25,18.3983097076416,18.90424597853776,18.343613929816346,18.856387335946938,7797300
2018-06-26,18.57607650756836,18.630772300692776,18.37096760936445,18.48035919561328,7716100
2018-06-27,18.5008602142334,18.815361848234,18.453001581766983,18.733317546827344,6920100
2018-06-28,18.57607650756836,18.692305230964063,18.329944786483207,18.528217851590817,6425600
2018-06-29,18.53504753112793,18.692297710084407,18.405144585705163,18.678623441292526,9774800
2018-07-02,18.254732131958008,18.466678088891577,18.124829182330938,18.329938004647286,6812900
2018-07-03,18.487192153930664,18.651279496213743,18.39147355956116,18.405147830763987,2978900
2018-07-05,18.74699592590332,18.924757531228614,18.569234320578026,18.699137282940782,5304900
2018-07-06,18.85638999938965,18.93159719354113,18.66495409793606,18.67179123413623,5491200
2018-07-09,18.84954833984375,19.061494294986566,18.82903824021546,18.965777019254343,5042500
2018-07-10,18.80853271484375,18.986294356795927,18.72648837853871,18.90425002049089,5314700
2018-07-11,18.794851303100586,18.911079974692548,18.658112533260034,18.73331840025484,8128700
2018-07-12,18.57607650756836,18.95210992229239,18.329944786483207,18.7743482686254,8308600
2018-07-13,18.67862319946289,18.781177605974136,18.487188655055235,18.53504729115715,6637800
2018-07-16,18.630765914916992,18.70597309370444,18.405145682604775,18.500862961752343,5967300
2018-07-17,18.4393310546875,18.685462704786396,18.425658088387713,18.63076692743666,8014900
2018-07-18,18.97945213317871,18.986289268042498,18.364124339989335,18.377797305666775,9016900
2018-07-19,19.615293502807617,19.916119645821578,19.232421732343937,19.328140326984997,13741400
2018-07-20,19.690500259399414,19.79989182608105,19.64264161198249,19.669990155678068,7394200
2018-07-23,19.690500259399414,19.827240369776632,19.512739941579508,19.724685939018887,7160100
2018-07-24,19.95030403137207,20.059695586117137,19.663150874153718,19.71784665152625,10811600
2018-07-25,20.128067016601562,20.24429571450914,19.909283892081483,19.909283892081483,8461000
2018-07-26,20.14173698425293,20.196434061287512,19.90928092710641,20.09387834589776,6734200
2018-07-27,19.895605087280273,20.244291101549774,19.779376415857108,19.998159490524248,8670300
2018-07-30,20.21694564819336,20.230619918457823,19.943466763155016,20.03918404690589,7056900
2018-07-31,20.340007781982422,20.449399316149762,20.01183317948041,20.24429051559849,12497200
2018-08-01,20.558794021606445,20.592979696338258,20.08704214270867,20.26480373916363,9095000
2018-08-02,21.18096160888672,21.447604688976146,20.1280674722846,20.640840921006166,17680600
2018-08-03,21.29034996032715,21.345045734440347,21.051056763613225,21.180958412100747,8950400
2018-08-06,21.427091598510742,21.509134613593687,21.242492858498792,21.290351501305548,10412600
2018-08-07,21.584341049194336,21.994558718488424,21.550156678103217,21.645873960398482,20794800
2018-08-08,21.570667266845703,21.632200179441096,21.4134170697909,21.48862425275198,12480700
2018-08-09,21.73475456237793,22.02874483685377,21.584340205734406,21.59801447525657,24107200
2018-08-10,21.73475456237793,21.912514849965532,21.502297196701686,21.69373175381145,121608100
2018-08-13,20.982683181762695,21.85097828638756,20.866454518364893,21.76209815745978,23159000
2018-08-14,20.722885131835938,21.1125927665819,20.319503224700547,21.030549740346114,23139900
2018-08-15,20.510934829711914,20.65451074757584,20.203270285646187,20.61348924305045,15256400
2018-08-16,20.517770767211914,20.82543398927461,20.469912130716608,20.763902388102107,19432600
2018-08-17,20.832277297973633,20.900647357823534,20.517776848334687,20.538288257504785,16070200
2018-08-20,20.7980899810791,20.873297166691447,20.60665410136142,20.818601387350718,9952200
2018-08-21,20.866458892822266,21.228817922165955,20.83227321756803,20.866458892822266,12620100
2018-08-22,20.845947265625,20.941664547216963,20.750229984033037,20.921154446333063,6546800
2018-08-23,20.57246971130371,20.87329714945443,20.517773932008147,20.818601370158866,6834700
2018-08-24,20.56563377380371,20.784416903729763,20.463079344657164,20.6545139313173,5797000
2018-08-27,20.729719161987305,20.743393432327846,20.360522991144098,20.469914545768024,9552900
2018-08-28,20.56563377380371,20.839112686211276,20.463079344657164,20.66135106713378,12462500
2018-08-29,20.44940185546875,20.647674850798957,20.340010307717638,20.56563053796057,6713100
2018-08-30,20.292150497436523,20.449400675246906,20.18959609034497,20.422053441912507,6071000
2018-08-31,20.230619430541992,20.257966666361177,20.059694968509056,20.196435059755466,7121100
2018-09-04,19.96397590637207,20.27847626251661,19.875094463774673,20.223780491706687,8682500
2018-09-05,20.14857292175293,20.155410055976024,19.738355300767402,19.95030124548326,13903100
2018-09-06,19.712818145751953,20.176242344405374,19.59523286193629,20.162408471186883,9822400
2018-09-07,19.768152236938477,19.788903046679703,19.560649416609245,19.588315843660123,7790300
2018-09-10,19.72665023803711,20.058655249682765,19.68514862212842,19.86498499992081,12801200
2018-09-11,19.761232376098633,19.927234871651184,19.609063751659765,19.66439791684395,8099000
2018-09-12,19.636735916137695,19.86498957916962,19.491484184785993,19.802738460227193,11792100
2018-09-13,19.498397827148438,19.692066769554113,19.36006173748376,19.595232298351274,11741200
2018-09-14,19.429231643676758,19.567567746594317,19.283978603686233,19.470731946843685,8683200
2018-09-17,19.53297996520996,19.768150511332266,19.429228564102036,19.47072886069108,15991100
2018-09-18,19.429231643676758,19.740487215605846,19.353146655145014,19.519149187083578,9852000
2018-09-19,19.498397827148438,19.55373199916016,19.366978673894067,19.55373199916016,9115100
2018-09-20,19.53989601135254,19.664398214720556,19.415393807984522,19.60906404869817,11124400
2018-09-21,19.28398323059082,19.595238877201066,19.21481648180736,19.595238877201066,24802700
2018-09-24,19.06264305114746,19.436149760126586,18.986559377269845,19.33239833627825,11393200
2018-09-25,18.855140686035156,19.187145778555642,18.696055077444626,19.104145165061006,13543300
2018-09-26,18.744470596313477,18.95197343021908,18.723719785214577,18.779053962207463,8351100
2018-09-27,18.855140686035156,18.910474868121902,18.751389259531372,18.834389873026012,8746700
2018-09-28,18.806720733642578,19.000389683424366,18.751386559523386,18.813637670316325,8727700
2018-10-01,19.131805419921875,19.166388777834523,18.813634305459757,18.91738569846825,7681500
2018-10-02,19.12489128112793,19.297810734518364,19.062640172365715,19.159475963368457,8486200
2018-10-03,19.353145599365234,19.498398631431716,19.111058092101622,19.277061934254967,8274100
2018-10-04,19.207895278930664,19.42923199215189,19.159478037822378,19.380814751043605,9273500
2018-10-05,19.104145050048828,19.27014759530969,19.041893930667133,19.207896475927996,6873800
2018-10-08,19.152563095092773,19.214814217077674,19.021143913205652,19.041894726957622,11377300
2018-10-09,19.111059188842773,19.173310303405035,18.90355635314914,19.173310303405035,9053900
2018-10-10,18.813636779785156,19.290893514246015,18.785969034399805,19.180225171246043,11782700
2018-10-11,18.39171600341797,18.806723019386702,18.10812816168137,18.779055269329017,15980600
2018-10-12,18.453962326049805,18.668382056190755,18.149623750859988,18.61996482544318,8339100
2018-10-15,18.516216278076172,18.689135739800594,18.398630991332734,18.46779903987666,6792400
2018-10-16,18.633800506591797,18.758302723046132,18.481630544582845,18.599215824648528,8683500
2018-10-17,18.592300415039062,18.751387326500712,18.377880646465748,18.668385402291555,5858900
2018-10-18,18.433218002319336,18.88972536603373,18.41246850714117,18.49546912639594,6108100
2018-10-19,18.495466232299805,18.77213711864178,18.46779980330103,18.481632358164994,8688300
2018-10-22,18.177295684814453,18.57155187668506,18.149627935567654,18.48163301090386,7324500
2018-10-23,17.91445541381836,18.03204069690596,17.43028172760588,17.955955713946114,9683500
2018-10-24,17.471778869628906,18.004371015537824,17.457944998996606,17.92136911101454,10671200
2018-10-25,17.3057804107666,17.64470240457758,17.208944613055735,17.589368228430295,9662900
2018-10-26,16.821603775024414,17.18819348156701,16.600267091553675,17.18127654529971,14959300
2018-10-29,16.621021270751953,17.174363091634977,16.43426791147732,16.932275550272042,12794400
2018-10-30,16.73860740661621,16.787024653447045,16.282100051824045,16.579520470823585,10581700
2018-10-31,16.828519821166992,17.04293955702895,16.75243484552184,16.93918815704869,10325000
2018-11-01,17.810707092285156,17.859124337375004,17.10519527142203,17.16744639204354,14426500
2018-11-02,17.693119049072266,17.9974576672879,17.499448779431265,17.900621872832012,10799800
2018-11-05,17.78995132446289,17.90753659519243,17.34036104906312,17.90753659519243,11007700
2018-11-06,17.80378532409668,17.914453659782126,17.540948356661403,17.824536131764187,6005700
2018-11-07,18.315631866455078,18.35713349348219,17.955959014512754,18.0942951327278,11705700
2018-11-08,17.67237091064453,18.33638242174641,17.596287234041604,18.177296811529132,10376100
2018-11-09,17.52019691467285,17.610114439435318,17.29886025131548,17.464862748833507,6699900
2018-11-12,17.17435646057129,17.582446390634544,17.160522590572764,17.568612520636023,11147800
2018-11-13,16.821603775024414,17.354195994170063,16.787020412958622,17.160525736497817,7333000
2018-11-14,17.119028091430664,17.188196145553253,16.828523319532522,17.119028091430664,9073500
2018-11-15,17.291942596435547,17.333442889271247,16.95993761520891,17.08443981298653,10583400
2018-11-16,17.38186264038086,17.451030684660232,17.16744289045845,17.34727927787653,8644300
2018-11-19,17.52019691467285,17.637782181990275,17.2366091498374,17.264275573121783,11469000
2018-11-20,17.04986000061035,17.40261588853247,16.932274704636313,17.368032521181064,10971000
2018-11-21,17.312698364257812,17.51328426984313,17.084444709338847,17.16744531879798,9480100
2018-11-23,16.973773956298828,17.22277706882382,16.946106210867875,16.946106210867875,4871300
2018-11-26,17.160526275634766,17.298862366785468,16.987606821331756,17.077525676360935,11071800
2018-11-27,17.2850284576416,17.41644761203266,17.10519206723035,17.153609303250548,9618700
2018-11-28,17.527118682861328,17.582452863957325,17.063694421455757,17.31269889602321,11260300
2018-11-29,17.679288864135742,17.866042236044578,17.56170355433437,17.610120802028277,9026500
2018-11-30,17.513282775878906,17.73461947458341,17.464865537946142,17.589367760785127,10366000
2018-12-03,17.776121139526367,17.85220480535219,17.513282819703953,17.78303675701625,8634700
2018-12-04,17.326528549194336,17.96978912121655,17.30577905930376,17.831454351286744,8248600
2018-12-06,16.96685791015625,17.09135881331569,16.455016466264837,17.084443195865816,15062000
2018-12-07,16.932270050048828,17.271191970154263,16.890769756781165,17.146691090351265,10062400
2018-12-10,16.65559959411621,16.787018731489898,16.42042906166669,16.738601501739215,10920100
2018-12-11,16.55185317993164,16.939192453768324,16.42043400301044,16.856191840438804,11328300
2018-12-12,16.731687545776367,17.04985872323887,16.57951757458056,16.738604482582613,11010800
2018-12-13,16.73870277404785,16.87199407574963,16.570333757626134,16.731687231103862,10150100
2018-12-14,16.451074600219727,16.745720756399365,16.380920498638254,16.591381465304483,7154900
2018-12-17,16.121347427368164,16.65451661704392,15.981040590976388,16.380917148713724,10240900
2018-12-18,15.728489875793457,16.324797741488037,15.616243846730736,16.093290139286403,12544300
2018-12-19,15.658337593078613,16.191506962135925,15.518030709481451,15.78461472497092,14508500
2018-12-20,15.32159423828125,15.798640423492754,15.118147520085438,15.525039618399148,15131300
2018-12-21,15.279502868652344,15.707440271708643,15.160241318077778,15.307563701569793,19351800
2018-12-24,14.43765640258789,15.19531762081404,14.43765640258789,15.07605607081187,6961800
2018-12-26,15.202333450317383,15.20934899316491,14.283318746538955,14.542887141507574,13473800
2018-12-27,15.055009841918945,15.118148389952028,14.325410775204857,15.005902379688322,16582100
2018-12-28,15.069043159484863,15.265474375577304,14.85156664964986,15.174273642432238,13425600
2018-12-31,15.468916893005371,15.475932435628344,14.865594946286874,15.055009244795436,13561900
2019-01-02,15.728489875793457,15.840735904856176,15.104121171872302,15.293535509616758,12113000
2019-01-03,15.861778259277344,16.06522363030644,15.70743900738163,15.826700548356566,10314700
2019-01-04,16.521223068237305,16.535254152521183,16.044178245286027,16.093285702201758,8971900
2019-01-07,16.942150115966797,17.01931975914949,16.486150476777933,16.61944313189036,11363800
2019-01-08,17.4472599029541,17.55950593544431,17.082459628321804,17.18067457223117,12797200
2019-01-09,17.643688201904297,17.741904475047242,17.50338134296573,17.622642909006487,10321500
2019-01-10,17.643688201904297,17.678765920197538,17.44024278811603,17.53845772318084,9839300
2019-01-11,17.566516876220703,17.720854795929093,17.41217761843441,17.48233170487564,9324400
2019-01-14,17.75593376159668,17.82608785827693,17.419195703225185,17.419195703225185,8192800
2019-01-15,17.854148864746094,18.02251788292265,17.755932600584597,17.812055606643447,5959600
2019-01-16,18.141780853271484,18.30313434101788,18.064611212141415,18.261042417709717,8669400
2019-01-17,18.35224151611328,18.415380069110764,17.938333818942258,17.952364905847944,9095400
2019-01-18,18.520612716674805,18.66092092602952,18.408366684422337,18.513597172399244,11163800
2019-01-22,18.35224151611328,18.464487535202565,18.289102963115795,18.345225972660437,9441300
2019-01-23,18.11371612548828,18.492547396091545,17.924300490186653,18.457469683214615,7168300
2019-01-24,18.590763092041016,18.75913210664486,18.05759387675652,18.141779053097434,9589100
2019-01-25,18.710023880004883,18.913469262557555,18.56971570453013,18.731070507749475,9622100
2019-01-28,18.646886825561523,18.66091791184629,18.380302876541133,18.471502261236047,7490500
2019-01-29,18.717039108276367,18.8012229416852,18.562699850230327,18.73808439758962,6079600
2019-01-30,18.955562591552734,19.025716679562155,18.7240550377762,18.80122333031642,6270700
2019-01-31,18.892427444458008,19.06079648311951,18.289104052362323,19.06079648311951,10331900
2019-02-01,19.243196487426758,19.299319499957832,18.836304312056924,18.97661117434553,9693300
2019-02-04,19.20110511779785,19.208119323748672,18.934519797007614,19.11691992752772,5365300
2019-02-05,19.18706703186035,19.250205567015602,19.06078996154985,19.11691295523477,5067600
2019-02-06,18.983623504638672,19.173039141646232,18.955562672162333,19.04676205030786,5883300
2019-02-07,18.717039108276367,18.96257774219496,18.499562644212656,18.87839257070822,6726000
2019-02-08,18.857351303100586,18.86436684755832,18.394336073516477,18.688982250349845,7757200
2019-02-11,18.74510383605957,18.822273481121627,18.660919985153857,18.766150467825092,9768300
2019-02-12,18.752113342285156,18.983620864853698,18.632851810169377,18.948544494616367,10090600
2019-02-13,18.96257972717285,19.123933206494975,18.843318168961275,18.857347917279423,9230400
2019-02-14,18.843318939208984,18.955564958810683,18.639872192382093,18.787195929408135,11008300
2019-02-15,19.13094711303711,19.243193118447923,18.97660785203879,19.08183965292962,11116500
2019-02-19,19.236181259155273,19.355442829999973,19.018704749289597,19.067812218800086,7137100
2019-02-20,19.18706703186035,19.313344102170852,19.151989324508705,19.25722110848593,5360200
2019-02-21,18.983623504638672,19.173039141646232,18.88540858385458,19.151992513730523,7616700
2019-02-22,19.018699645996094,19.20811392927122,18.990637477761066,19.116914558663037,6697200
2019-02-25,19.18706703186035,19.21512785966395,18.969590598591,18.969590598591,6535500
2019-02-26,18.92048454284668,19.327376640389257,18.899439253471765,19.22214617928095,7273800
2019-02-27,19.00467300415039,19.08885685237748,18.759134327011452,18.941534448941002,4630300
2019-02-28,18.724056243896484,19.032732110096767,18.688978528593257,19.018702362053496,8638700
2019-03-01,19.243196487426758,19.25021203125291,18.76615021187354,18.787196843352007,10921000
2019-03-04,19.22214698791504,19.32737745345016,18.96959413824634,19.271254449292897,7259800
2019-03-05,19.25020980834961,19.271255099319717,19.039747532102425,19.243194265333567,5494400
2019-03-06,19.18706703186035,19.25722110848593,19.02571359227592,19.18005149039002,6044500
2019-03-07,19.165727615356445,19.243983188407807,19.087470685373994,19.222641376180658,8585600
2019-03-08,19.15861701965332,19.187073227235114,18.774448040313867,19.023446302078547,5278600
2019-03-11,19.464523315429688,19.50720829268466,19.2582101043239,19.2582101043239,6013900
2019-03-12,19.585466384887695,19.727750103212852,19.492980678891854,19.507209457803683,4899900
2019-03-13,19.706409454345703,19.7775506392397,19.592581930197966,19.706409454345703,4867100
2019-03-14,19.72774887084961,19.813120182056515,19.65660633766568,19.7064070607461,3739200
2019-03-15,19.6068115234375,19.706411635790566,19.557012145726603,19.59969713277433,9076800
2019-03-18,19.770437240600586,19.798893442645603,19.549895229328985,19.692180310347368,7510100
2019-03-19,20.01232147216797,20.239977893261067,19.77755201763463,19.84869456441802,10028400
2019-03-20,20.16883659362793,20.311120339061684,19.912723952143352,20.03366588207426,8682600
2019-03-21,20.58146095275879,20.666830925275423,20.104807642591968,20.168835800445066,9138700
2019-03-22,20.254207611083984,20.46052088442994,20.197293838597407,20.432063319720964,7949600
2019-03-25,20.417835235595703,20.481863397193905,20.040780656954215,20.23286514174882,8932300
2019-03-26,20.35380744934082,20.766432633398807,20.23286551486186,20.60991874352524,8385200
2019-03-27,20.268434524536133,20.389376449534776,19.77755243402031,20.15460699005873,6329000
2019-03-28,20.389371871948242,20.417829427644254,20.14748807625591,20.14748807625591,5378600
2019-03-29,20.432056427001953,20.63125524197129,20.282658333473137,20.595684655016118,5596500
2019-04-01,20.823347091674805,20.84468890868389,20.389378720071488,20.54589125817415,8310500
2019-04-02,20.880258560180664,20.944286718002335,20.730859072953013,20.787772840246582,8204900
2019-04-03,20.567235946655273,21.02254616879604,20.488978993375518,21.02254616879604,6675100
2019-04-04,20.503206253051758,20.602805017509024,20.42494930558882,20.602805017509024,4332600
2019-04-05,20.709514617919922,20.809113358752416,20.4747451881497,20.488972610460717,5675900
2019-04-08,20.631256103515625,20.830454926803338,20.524542981262943,20.773541171139843,6099900
2019-04-09,20.424943923950195,20.545885830466972,20.325345185735568,20.53877279796396,6457800
2019-04-10,20.389371871948242,20.602798111944562,20.346686895335168,20.54588435748348,5593800
2019-04-11,20.46051788330078,20.474746663568204,20.247090250082945,20.353804745157447,4528800
2019-04-12,20.588573455810547,20.702400980018297,20.4960877443098,20.64548721791442,5062000
2019-04-15,20.296894073486328,20.54589098144795,20.133265789342634,20.51032038229097,5459900
2019-04-16,20.368032455444336,20.417833187081925,20.1617205663848,20.311118690503996,4019600
2019-04-17,20.197290420532227,20.545887387634536,20.183062997516874,20.47474620176434,4753000
2019-04-18,20.14748764038086,20.1830595842313,19.96963199192138,20.154602029150947,6097400
2019-04-22,20.46051788330078,20.481861053701916,20.19729087607813,20.289776590885214,4138800
2019-04-23,20.503206253051758,20.55300563528039,20.29689433282865,20.55300563528039,5431600
2019-04-24,20.40360450744629,20.531660818427692,20.346690742224688,20.517432037889492,4326300
2019-04-25,20.254207611083984,20.375149547234386,20.1688376308198,20.368035156057143,4900200
2019-04-26,20.268434524536133,20.268434524536133,20.069235660735057,20.168835771101218,5641200
2019-04-29,20.12614631652832,20.268430024569835,20.119031927586605,20.247086857744684,3664500
2019-04-30,20.154603958129883,20.254202696581803,19.948292091775038,20.232860885159845,7990900
2019-05-01,19.905607223510742,20.254204190739596,19.905607223510742,20.168834224891913,8314000
2019-05-02,19.535667419433594,19.941179513382995,19.421839891741847,19.870036969342863,10917200
2019-05-03,19.62815284729004,19.898492882379497,19.62815284729004,19.749094763313753,7141700
2019-05-06,19.47875213623047,19.720635952941098,19.443181545450518,19.500095304857073,6112900
2019-05-07,19.578351974487305,19.585466363935605,19.300896213727636,19.379153140727933,6422600
2019-05-08,19.272441864013672,19.64238200927253,19.25821308375037,19.507211310633494,7052000
2019-05-09,19.17995834350586,19.27244406886694,18.94518887002737,19.17995834350586,5626100
2019-05-10,19.59969711303711,19.635269066317125,19.130158185191092,19.165730138471105,5480400
2019-05-13,19.3791561126709,19.514326819056052,19.172844214754747,19.46452744221185,6293000
2019-05-14,19.549898147583008,19.749097019357354,19.443184999355477,19.47875559645422,4055000
2019-05-15,19.713518142700195,19.82023261038502,19.44317817166133,19.48586314457677,5142200
2019-05-16,19.65660285949707,19.848687258025716,19.599689114406807,19.848687258025716,5804700
2019-05-17,19.564123153686523,19.734864429286972,19.514323784586107,19.549894374820393,6336400
2019-05-20,19.535667419433594,19.613924353570855,19.400498078381624,19.613924353570855,5700700
2019-05-21,19.841577529907227,19.891376898939846,19.564123127050625,19.57835190589738,6248700
2019-05-22,19.65660285949707,19.83445848252047,19.400491685056256,19.777544737430212,7515900
2019-05-23,19.215530395507812,19.42184230624843,18.895389585993176,19.42184230624843,12596500
2019-05-24,19.2012996673584,19.443183508490318,19.09458652731342,19.393384133598076,6490500
2019-05-28,18.767333984375,19.243987343032643,18.745992167540322,19.19418796117655,7269500
2019-05-29,18.710418701171875,18.738876263896522,18.425849858581792,18.568134958342473,6075300
2019-05-30,18.9451847076416,19.009212855152985,18.66773030637964,18.696187863909596,8568900
2019-05-31,18.767333984375,18.90961909561931,18.69619278568423,18.760220950051032,5463600
2019-06-03,19.115928649902344,19.229756173966255,18.77444472077949,18.90250102458417,7411400
2019-06-04,19.699291229248047,19.706405617738582,19.179951724885814,19.20840927884796,6966100
2019-06-05,19.813121795654297,19.9625199062698,19.450296068105274,19.734864867085566,9042000
2019-06-06,19.870824813842773,20.00786537396434,19.777061088939842,19.914101649061408,7550100
2019-06-07,20.022289276123047,20.166541254095538,19.914099948718196,19.950162599285836,7688800
2019-06-10,19.820337295532227,20.08720561996449,19.78427464052613,20.03671735267511,5668000
2019-06-11,19.928518295288086,20.007857753936957,19.748202344323584,19.89966845849856,4720200
2019-06-12,19.625595092773438,19.914101827338918,19.445279071521043,19.856400755566234,5207400
2019-06-13,19.748207092285156,19.942948696315923,19.64001777083535,19.805908155438512,6288500
2019-06-14,19.466917037963867,19.784273613206423,19.29381382665939,19.784273613206423,4805000
2019-06-17,19.50298309326172,19.56068416969199,19.32987848826873,19.44528064112927,5665900
2019-06-18,19.66166114807129,19.704936612433702,19.517407765926965,19.618385683708876,8083200
2019-06-19,19.438068389892578,19.74821080280124,19.308240629478565,19.66165987965998,8215800
2019-06-20,19.71214485168457,19.979013134105866,19.452489374269458,19.733783266703124,7851700
2019-06-21,19.979013442993164,19.99343767752665,19.719357961563624,19.827547286925295,9916500
2019-06-24,19.582319259643555,20.130480118887498,19.51740538317374,19.957376906868678,6609100
2019-06-25,19.322660446166992,19.63280276605001,19.27938362187491,19.582314513410953,6368600
2019-06-26,19.834760665893555,20.0727777388562,19.5534681366746,19.63280624386085,8269300
2019-06-27,19.86361312866211,19.979015269692802,19.7698480292609,19.827549099776245,6886300
2019-06-28,20.224241256713867,20.245878294163855,19.827545269808947,19.88524632917853,8299800
2019-07-01,20.238670349121094,20.49832586647885,20.195394888128835,20.44062479325514,5511900
2019-07-02,20.33964729309082,20.418985405191773,20.195393929031212,20.23866938796828,6771300
2019-07-03,20.476686477661133,20.483899283435015,20.318008877741804,20.440623824493752,3105300
2019-07-05,20.44783592224121,20.462261533289478,20.20981884275277,20.411771894620546,3503400
2019-07-08,20.51274871826172,20.613725238889042,20.3684953667639,20.433409237367727,4869100
2019-07-09,20.7291259765625,20.830102490403,20.37570680241892,20.42619505933917,5811500
2019-07-10,20.786832809448242,20.95993604225067,20.743557345173183,20.830108273723297,6074800
2019-07-11,20.707487106323242,20.873378858451233,20.64978604601405,20.830102031442994,4450600
2019-07-12,20.808467864990234,20.909444390539566,20.700278533944235,20.757979602215567,3864300
2019-07-15,20.77240753173828,20.808471565635347,20.635368330036123,20.808471565635347,5132700
2019-07-16,20.33964729309082,20.519963310314314,20.195393929031212,20.519963310314314,9328600
2019-07-17,19.993436813354492,20.43340827660399,19.993436813354492,20.33964456553045,6688900
2019-07-18,19.87803840637207,19.9501650922221,19.733786410374115,19.935739479911675,6281300
2019-07-19,19.885250091552734,19.950163967588217,19.769847950978995,19.914101314547185,5383300
2019-07-22,19.921314239501953,19.993439546015605,19.755422457695254,19.928525669591686,4301400
2019-07-23,19.697721481323242,20.05114071259911,19.683297245372714,19.928525764956298,5686600
2019-07-24,19.402002334594727,19.676083439251748,19.373152488458288,19.625593801034526,7909300
2019-07-25,18.983665466308594,19.502976350337583,18.911538801782154,19.481337938269142,9290500
2019-07-26,18.125368118286133,18.933184599855625,18.096518266641993,18.853845100355322,20259900
2019-07-29,17.88014030456543,18.183069950029825,17.822437847483876,18.096519015812085,10763500
2019-07-30,18.0460262298584,18.13978994776935,17.78637074071737,17.800796351381194,8156400
2019-07-31,17.771944046020508,18.168640060866743,17.613266465503134,18.031599519323365,18840700
2019-08-01,18.406658172607422,18.954818994441403,18.399445367302796,18.69516350628269,14781800
2019-08-02,18.03881072998047,18.630246921832004,17.966684063137215,18.457143746829242,12022300
2019-08-05,17.151660919189453,17.663757773612538,17.01462035398664,17.584418281805313,14376400
2019-08-06,16.97134780883789,17.339192730825207,16.682841016587364,17.1516638661433,10998900
2019-08-07,17.036258697509766,17.122809619371633,16.639562615919562,16.762177568308957,13704000
2019-08-08,17.331974029541016,17.331974029541016,16.906428168955106,17.029043101254466,10279400
2019-08-09,17.303117752075195,17.483433695355306,17.130014611610466,17.34639319326601,7444700
2019-08-12,17.093957901000977,17.36803762452223,16.96413015670598,17.24542268554384,5845200
2019-08-13,17.230995178222656,17.36082290822697,17.01461654535,17.029042154395324,7823300
2019-08-14,16.668413162231445,17.01461958699862,16.625136327359016,16.978556933640306,9292800
2019-08-15,16.531370162963867,16.776600021567056,16.51694455346913,16.66119789701283,10311300
2019-08-16,16.79102897644043,16.855942856398098,16.55301187516302,16.625137185602995,10550700
2019-08-19,16.992979049682617,17.065105723103464,16.848727078542797,16.9641292057354,10423800
2019-08-20,16.97134780883789,17.12281263663731,16.87036988126927,17.00019766264154,7362500
2019-08-21,17.22378158569336,17.353609309757914,17.014615766912925,17.101166665821474,10310700
2019-08-22,17.021831512451172,17.295911240624427,17.021831512451172,17.26706139457028,5790900
2019-08-23,16.502521514892578,16.964131460725262,16.444820443626252,16.94249304311212,8263800
2019-08-26,16.538585662841797,16.798241173253228,16.47367178523894,16.747751531793842,5756600
2019-08-27,16.531370162963867,16.697260545047836,16.415968038409645,16.59628402998835,8321000
2019-08-28,16.827089309692383,16.928065830936298,16.524158370258707,16.58907224125892,5692400
2019-08-29,17.101165771484375,17.216569256830088,16.87757435601173,16.978552233726525,6322100
2019-08-30,17.021831512451172,17.230997367375135,16.913642182269676,17.166083494125843,5842800
2019-09-03,16.98576545715332,17.021829480042417,16.74774840889251,16.877576139889644,4491500
2019-09-04,17.093957901000977,17.267061101493656,17.065106679734555,17.158871773148476,6720100
2019-09-05,17.360822677612305,17.469011992611485,17.158869656467637,17.194932302900106,8855600
2019-09-06,17.39688491821289,17.461797400003594,17.20935614942409,17.324758257032332,4950700
2019-09-09,17.800798416137695,17.84407387744684,17.49065462940093,17.505080241738014,7065500
2019-09-10,17.923412322998047,18.147003798358252,17.800797376696895,17.836860029731692,9107100
2019-09-11,18.002748489379883,18.089300773293118,17.80079545308547,17.945047425338352,7274200
2019-09-12,17.790342330932617,17.936824338863747,17.62188599620636,17.87823125629744,6851300
2019-09-13,18.09063720703125,18.141905994260114,17.86358772506104,17.892884973174493,6009900
2019-09-16,18.303037643432617,18.522762825084687,18.0833138587503,18.376279370649975,9808500
2019-09-17,18.310361862182617,18.500789793185685,18.032044976544128,18.229795822958696,7963900
2019-09-18,18.193178176879883,18.295715770474185,18.054019016309088,18.21515111706578,4729800
2019-09-19,18.171205520629883,18.412902278571636,18.149233977070608,18.339661937414107,4554700
2019-09-20,18.09796142578125,18.259093508073065,17.95880367812713,18.222471945293208,11242900
2019-09-23,18.02472496032715,18.200504308464456,17.995427703819225,18.017400646200166,5322600
2019-09-24,17.790342330932617,18.054010503996366,17.643858926032205,18.002741731372005,7468300
2019-09-25,17.87091064453125,17.907532201819397,17.69513136045686,17.724428606287375,6603700
2019-09-26,17.67316436767578,17.863592338685955,17.431467596195567,17.812323538215917,7394800
2019-09-27,17.72443389892578,17.870915980910215,17.607247674550237,17.65119215944857,5016900
2019-09-30,17.621891021728516,17.84894050377249,17.54132638332971,17.75372584434252,5806600
2019-10-01,17.44611358642578,17.812320845240663,17.402169106519548,17.702458946990163,7417800
2019-10-02,17.116527557373047,17.394844453969853,17.079905994024916,17.372871515960973,7412300
2019-10-03,17.255685806274414,17.299631683563224,16.86750700234548,17.050610633472665,6231300
2019-10-04,17.321598052978516,17.416812695036505,17.197087565112284,17.314273742284097,6041500
2019-10-07,17.197099685668945,17.446120836912108,17.18245105395572,17.365554759459787,5424400
2019-10-08,16.779617309570312,17.145824586334342,16.772292996398644,17.07258285158756,5989500
2019-10-09,16.640457153320312,16.948071303196304,16.625809924827028,16.867506657088892,7513800
2019-10-10,16.655109405517578,16.845537387095067,16.55989611321389,16.728351151812014,7867000
2019-10-11,16.911453247070312,17.050612412397285,16.801591336325856,16.801591336325856,8371100
2019-10-14,16.933425903320312,17.02863918517277,16.69172914495795,16.823562597452902,8261200
2019-10-15,16.95539665222168,17.175121856688055,16.87483200119025,16.904127856937162,6955700
2019-10-16,16.70637321472168,16.977367175910622,16.64778011459565,16.88947682723673,8198400
2019-10-17,16.699052810668945,16.808916121465078,16.633135382979276,16.699052810668945,7695800
2019-10-18,16.779617309570312,16.896803526377212,16.64778246642008,16.64778246642008,10633000
2019-10-21,16.874834060668945,16.896805605918157,16.735674887220302,16.816239548084198,11109900
2019-10-22,16.999338150024414,17.21173900402376,16.808911628674892,16.882151953669485,8032500
2019-10-23,17.18244743347168,17.32893092579781,16.838213042566423,16.999343766549075,7606100
2019-10-24,17.006664276123047,17.30695411093752,16.852857900863352,17.25568531918429,7089000
2019-10-25,17.021312713623047,17.06525719221658,16.816236151903567,16.992016860217284,8602900
2019-10-28,16.823558807373047,17.23371189041183,16.779614333108054,17.101877070647195,7113800
2019-10-29,17.006664276123047,17.18976790208162,16.779616171085962,16.823560650164477,11210400
2019-10-30,16.764970779418945,17.050613440949476,16.655108862047236,16.99202032521989,8800700
2019-10-31,16.340164184570312,16.764964462798147,16.186357837594333,16.706371369144982,16999100
2019-11-01,16.764970779418945,16.830888209235987,16.34017034113695,16.384116225661693,8401500
2019-11-04,17.087230682373047,17.248361373738035,16.786940841165215,16.84553394684065,11191100
2019-11-05,16.808914184570312,17.16779714009878,16.472002771093262,17.065258154969314,15448800
2019-11-06,16.288902282714844,16.84553760602873,16.230309164311812,16.72102705480102,11405000
2019-11-07,16.20833396911621,16.398761926711195,16.142417942419815,16.354817443256948,9710800
2019-11-08,16.179035186767578,16.274248449862405,16.047200363274982,16.142415023339495,15215300
2019-11-11,16.171714782714844,16.310873951915944,16.07650149661095,16.113121668888596,8674200
2019-11-12,16.14241600036621,16.29622237243698,16.09114581270618,16.201009103579327,8502600
2019-11-13,16.14241600036621,16.515946160243725,16.098470125229042,16.113118750274765,12945600
2019-11-14,16.07649803161621,16.347490600791364,16.039876470261646,16.208331461583466,8826700
2019-11-15,16.376789093017578,16.479326678654417,16.13509235760944,16.13509235760944,7442900
2019-11-18,16.33284568786621,16.398763116314345,16.20101222793998,16.30354982909484,12688600
2019-11-19,16.21565818786621,16.34749303442934,16.186362331391035,16.325521491315442,17917200
2019-11-20,16.391441345214844,16.508628989389997,16.14974453573347,16.193690426163,15700100
2019-11-21,16.691730499267578,16.721026358764547,16.332846092396668,16.45003232432469,14929400
2019-11-22,16.91877555847168,17.03596176899342,16.750320555467905,16.77961640961343,9703000
2019-11-25,16.911453247070312,16.962722045619728,16.735673910485186,16.830887193938384,8603400
2019-11-26,16.75031852722168,17.035959706159755,16.67707680527176,16.933422133611657,10252500
2019-11-27,16.633136749267578,16.786944558834314,16.391439960208544,16.779620244381597,9131400
2019-11-29,16.640457153320312,16.684403029709607,16.49397508959877,16.56721681994445,4829000
2019-12-02,16.515945434570312,16.80158802253232,16.508622519338978,16.7503192340947,8354400
2019-12-03,16.259605407714844,16.479329238777186,16.23030815185584,16.406087496099723,13590300
2019-12-04,16.20833396911621,16.574541257498115,16.193686739278093,16.347493129852918,9406600
2019-12-05,16.252281188964844,16.47932933532211,16.13509495878238,16.252281188964844,15031500
2019-12-06,16.39876365661621,16.58186732012276,16.281577423729626,16.332846225996246,14488900
2019-12-09,16.772293090820312,16.80159034367192,16.36214132968717,16.36946564290007,10747700
2019-12-10,16.801591873168945,16.933426729062667,16.706377189703467,16.772294617650328,8633400
2019-12-11,16.984689712524414,17.05060711789662,16.78693749640779,16.845530590408693,10547000
2019-12-12,16.865554809570312,17.074047834156225,16.828324571721147,16.947463037129516,14161700
2019-12-13,16.91023063659668,17.103830989445918,16.828323832876116,16.93256963047091,9795900
2019-12-16,16.992141723632812,17.11872653643061,16.940018816053023,16.999588056178883,17778600
2019-12-17,17.081497192382812,17.37189707574029,17.051711860631897,17.051711860631897,13414300
2019-12-18,17.185739517211914,17.3718935420605,17.096384960377893,17.155955611762238,16494100
2019-12-19,17.49848175048828,17.535711994626254,17.193189203780037,17.215528202408485,18020100
2019-12-20,17.721864700317383,17.77398902646362,17.535710653380256,17.654849129800606,23030600
2019-12-23,17.826112747192383,17.8410039922436,17.610173361158324,17.654849936797437,8580100
2019-12-24,17.751649856567383,17.855895667358723,17.669741622235527,17.855895667358723,3207600
2019-12-26,17.729307174682617,17.91546118111217,17.669737949434857,17.855891955864408,5160500
2019-12-27,17.565494537353516,17.751648568974268,17.55804820565958,17.729309573892458,6782600
2019-12-30,17.275094985961914,17.602725064415733,17.20063308804329,17.535709498313228,8948800
2019-12-31,17.66229248046875,17.66973881151831,17.200631317335336,17.230415221291157,8600200
2020-01-02,17.491031646728516,17.826109452702084,17.4314624168046,17.826109452702084,6970000
2020-01-03,17.565494537353516,17.59527844388671,17.327217604117763,17.36444784234489,7542700
2020-01-06,17.79632568359375,17.90801782193629,17.55804874306497,17.617617978197163,12104200
2020-01-07,17.79632568359375,17.833557343202994,17.543156079221273,17.766541776148948,8952900
2020-01-08,17.52082061767578,17.81866682927344,17.513374284855495,17.79632783081258,7396400
2020-01-09,17.625062942504883,17.625062942504883,17.27509389078936,17.52081714417313,11794800
2020-01-10,17.49848175048828,17.69952847741599,17.446358840598013,17.63251290177342,7634400
2020-01-13,17.70697021484375,17.744200449319447,17.371892423592858,17.491030878205972,7317700
2020-01-14,17.751649856567383,17.751649856567383,17.572942143678233,17.669741622235527,9979100
2020-01-15,17.729307174682617,17.870784617236936,17.699523272179917,17.77398515880021,8308100
2020-01-16,17.900569915771484,17.99736937407729,17.796322706547127,17.833554359928097,6574700
2020-01-17,17.766544342041016,17.92291307425525,17.751651676046478,17.91546674125798,10783700
2020-01-21,17.133617401123047,17.669740505920018,17.126171069359437,17.6176176038173,14177600
2020-01-22,16.858110427856445,17.230418530381492,16.83577285066027,17.155958046070644,12649400
2020-01-23,16.709186553955078,16.880447925037416,16.679401226683765,16.75386312461948,18374100
2020-01-24,16.52303123474121,16.753861822178898,16.448569342594144,16.70918525498764,11813100
2020-01-27,16.091150283813477,16.31453448891425,16.039027397306107,16.29219550030732,11809000
2020-01-28,16.113492965698242,16.247524099389537,16.0315861552978,16.165615868746503,9035000
2020-01-29,15.756074905395508,16.232628704801204,15.71884467240782,16.165613149229486,11649800
2020-01-30,15.837986946105957,15.860324523194706,15.443339848039965,15.711402135046502,20132400
2020-01-31,15.406105995178223,15.68905946051102,15.32419777773662,15.622043904466501,15468300
2020-02-03,15.726293563842773,15.733738475458722,15.331646496796159,15.38376939956329,12666100
2020-02-04,15.994357109069824,16.22518917491643,15.919895198159399,15.942234197505373,10581900
2020-02-05,16.120939254760742,16.31453962288456,16.083709015608793,16.195401153307223,8917300
2020-02-06,15.964570045471191,16.225185972091115,15.942231050534899,16.173061650573096,6453300
2020-02-07,15.681612014770508,15.927335229380791,15.651828114336485,15.882658668608629,7454700
2020-02-10,15.957121849060059,16.0092447442444,15.592260162527294,15.607151403835408,15350600
2020-02-11,15.986906051635742,16.336876503421518,15.912445582972081,16.09859959511604,8698000
2020-02-12,16.046478271484375,16.158171835796242,15.830540315649603,16.061370936091645,7426700
2020-02-13,16.098602294921875,16.12093987117012,15.92733949564369,16.001801397037337,7657300
2020-02-14,16.039030075073242,16.150722196270987,15.949675525969623,16.11349054237682,6068600
2020-02-18,16.001800537109375,16.068816102738015,15.9198923079538,15.957123966771135,6607300
2020-02-19,16.046478271484375,16.195402077071755,15.905002218443295,16.046478271484375,8204500
2020-02-20,16.418785095214844,16.977247192606406,16.1656154974446,16.34432461842335,15277600
2020-02-21,16.024139404296875,16.463463033131372,15.905000937518967,16.299646576129835,13704900
2020-02-24,15.190168380737305,15.636938331397157,15.175275717658723,15.55503010470747,13015300
2020-02-25,14.33385944366455,15.339091428957047,14.3115204501274,15.249736875050901,20907600
2020-02-26,14.311519622802734,14.765735856770142,14.229612825052984,14.438104405044026,17381100
2020-02-27,14.073243141174316,14.639151512829295,13.633919555550614,14.058350479231246,23786900
2020-02-28,14.1849365234375,14.192382855069509,13.589244195302093,13.864752784716305,29171200
2020-03-02,14.594474792480469,14.59447479248047,13.760504195663415,14.2742896653118,21628600
2020-03-03,14.13281536102295,15.033801715949384,13.805185250361257,14.668939942547013,21729400
2020-03-04,14.460444450378418,14.475337112960162,14.140259306083259,14.37108989513042,10981600
2020-03-05,13.820075988769531,14.237062074728136,13.566906372381329,14.036015364024095,18141400
2020-03-06,12.993552207946777,13.403090516750455,12.747828938616054,13.388197853095848,23905700
2020-03-09,11.161792755126953,11.496869785651112,9.806591973392258,10.930962211705884,37463600
2020-03-10,12.129796028137207,12.390410507121151,10.558655722158843,11.750040965470617,33543100
2020-03-11,11.928750991821289,12.494659432832917,11.593673158247762,11.72025795979303,24863000
2020-03-12,10.149364471435547,11.050512192128567,10.14172745352653,11.050512192128567,22845500
2020-03-13,12.073850631713867,12.073850631713867,10.561755147599762,10.981781711426246,28506300
2020-03-16,10.302103042602539,10.85195604982889,9.943171875939585,10.393745089089222,17948900
2020-03-17,9.2634916305542,10.45483885727204,9.080207553875482,10.401381183650628,28707600
2020-03-18,7.064080238342285,8.66018064656158,6.644053700130973,8.553264575358618,44538500
2020-03-19,8.263065338134766,8.499807832995215,6.422585969767779,7.033533662282463,31158400
2020-03-20,8.805281639099121,9.599513450100943,8.400529078341162,8.90456070651263,25383800
2020-03-23,8.515081405639648,8.980929390602908,8.400529028393153,8.71363953928608,19182800
2020-03-24,9.866802215576172,9.927896907511752,8.851102051764464,9.011475800171901,17570900
2020-03-25,10.225732803344727,10.890138041624207,9.416227143560414,9.996627372967575,20759500
2020-03-26,10.882502555847168,11.310166134636937,9.935534087184479,10.416655340208148,16218700
2020-03-27,10.622849464416504,11.149792087282508,9.84389178615768,10.309738989415106,17717100
2020-03-30,10.554118156433105,10.760313293658472,9.882075798214931,10.500660481584838,19610600
2020-03-31,10.806135177612305,10.974145968334224,10.500661674759982,10.683945776471376,22671900
2020-04-01,10.179912567138672,10.882502243960623,10.080633511902292,10.500660059962005,18135200
2020-04-02,10.981781005859375,11.615638956101419,10.386107418658472,10.607575850329715,23678200
2020-04-03,10.42429256439209,11.508724553434226,10.065361393374362,11.1879770226862,27093600
2020-04-06,10.309741020202637,11.06578852022398,10.30210400020897,10.79086235520885,25110100
2020-04-07,11.569818496704102,12.127308493592267,10.798497797681712,11.195613311356798,30594200
2020-04-08,11.714920997619629,12.280047384234653,11.424720784094157,11.600367879269232,13552700
2020-04-09,12.669523239135742,12.761164543668723,11.921112211823747,12.2342234010734,20871100
2020-04-13,13.059002876281738,13.20410331285496,12.677160695434976,12.921539458118932,15167800
2020-04-14,13.219375610351562,13.36447604382164,12.98263387114102,13.051365578752515,13708800
2020-04-15,12.837535858154297,12.974999299295654,12.425146991342793,12.539699373423067,13693600
2020-04-16,12.669523239135742,12.913901993373388,12.501513209750428,12.707706873255772,10492400
2020-04-17,13.807414054870605,13.82268809263583,12.906266219296057,12.921540257061285,13609400
2020-04-20,14.120521545410156,14.349627693366662,12.913900493997968,13.379748350558632,19199500
2020-04-21,13.761595726013184,13.91433175966408,13.593584195400739,13.61649525592407,19287900
2020-04-22,13.486665725708008,14.303807760554543,13.463754670451744,14.21980347117289,15214500
2020-04-23,13.372115135192871,13.807415046476823,13.249925737520622,13.669951609942414,15783700
2020-04-24,13.960150718688965,14.051792026799902,13.349202352629291,13.631766208631394,11483200
2020-04-27,14.14343547821045,14.235076790770725,13.570672176565331,13.883782664935671,11262600
2020-04-28,14.441268920898438,14.739105309599948,14.235073825668731,14.425994886449104,9803400
2020-04-29,14.861296653747559,15.044582178356773,14.548186188842944,14.861296653747559,10785600
2020-04-30,14.79256820678711,14.930030182089526,14.372540891868018,14.76202013008937,15052100
2020-05-01,14.166345596313477,14.494730134328456,14.044156204021267,14.456546495466812,13346500
2020-05-04,14.609281539916992,14.66274067004,13.830324579799521,13.914328871053819,14933200
2020-05-05,14.510004043579102,15.136225037665051,14.39545167139965,15.029309684512555,12698800
2020-05-06,14.212166786193848,14.7467449785378,14.089977401851668,14.51000322845137,10324800
2020-05-07,14.670378684997559,14.930031533989782,14.403090272751978,14.448910935335133,10776000
2020-05-08,14.868936538696289,15.044585078927168,14.54818899370902,14.960579318669469,8302400
2020-05-11,14.914756774902344,15.067492780100523,14.624555888784746,14.63982992628828,7670900
2020-05-12,14.571100234985352,15.044585266975337,14.502368513299505,14.77729540004289,11739900
2020-05-13,14.112884521484375,14.563458343312696,13.876142812992036,14.494726644619421,12659900
2020-05-14,14.120521545410156,14.173979209616377,13.501937713490593,13.837959189859538,10973900
2020-05-15,14.326722145080566,14.494732219498683,14.005974580018588,14.105252929308234,8071900
2020-05-18,14.952939987182617,15.136224062180112,14.754381875115579,15.044582752987539,8632000
2020-05-19,14.830750465393066,15.00639752021597,14.655103410570161,14.952939847583984,10702500
2020-05-20,15.059854507446289,15.388239003368628,14.945302148932333,15.082765561793988,7978100
2020-05-21,14.868936538696289,15.189684083683558,14.777295215335682,15.151500441718733,6457600
2020-05-22,15.006399154663086,15.029310212548904,14.487093495484466,14.70092566591463,5256800
2020-05-26,15.602069854736328,15.647890503042573,15.204953685116482,15.372963699980811,7778200
2020-05-27,15.632617950439453,15.961002450433059,15.235503199775179,15.846450090498898,10471900
2020-05-28,15.243139266967773,15.884634251811342,15.189681594332866,15.792992943469308,10025200
2020-05-29,15.602069854736328,15.66316453801537,14.975848986973112,15.136221984351042,15328700
2020-06-01,15.609704971313477,15.76244093260522,15.27368352589249,15.56388287197518,8675200
2020-06-02,15.533339500427246,15.81590188885625,15.418787141425968,15.663165895725303,14894200
2020-06-03,15.777715682983398,15.854084395407027,15.441694222286653,15.724258021270469,8659500
2020-06-04,15.815902709960938,15.81590270996094,15.540977325407189,15.69371332646764,8332900
2020-06-05,16.144289016723633,16.419215888413063,15.945730882349324,16.419215888413063,10104700
2020-06-08,16.480310440063477,16.510858517362273,16.228294628798402,16.31993740408229,11338600
2020-06-09,15.678438186645508,16.213016288011197,15.670801169347298,16.098463941762272,11051500
2020-06-10,15.380600929260254,15.731896455411244,15.266048578611167,15.609707087170595,10851300
2020-06-11,14.157322883605957,14.749484060640425,14.102781976769458,14.414445363069637,12346800
2020-06-12,14.20407485961914,14.73390346531398,13.845662265254129,14.718319921351533,9381300
2020-06-15,14.8975248336792,15.139063774034659,13.619702711456974,13.720994241563892,13572900
2020-06-16,15.084525108337402,15.388396771556389,14.601445669713529,15.388396771556389,9298500
2020-06-17,14.788445472717285,15.248149650582237,14.77286192760659,15.139067807064675,6779700
2020-06-18,15.154646873474121,15.248145144249143,14.648192209951246,14.694942831466975,8987900
2020-06-19,14.975439071655273,15.528642868413309,14.936481706671955,15.513059327968696,15272900
2020-06-22,15.224773406982422,15.310479919255446,14.76506930194844,14.936483812622912,8896300
2020-06-23,15.131271362304688,15.489683872408845,15.07673045738694,15.388393832722775,10361600
2020-06-24,14.67935848236084,14.905313862727418,14.32094450112429,14.819607366926093,12459300
2020-06-25,14.881940841674805,15.07673063937702,14.437820340694271,14.515735070872584,7881200
2020-06-26,14.422242164611816,14.835197224346778,14.281993220319611,14.835197224346778,14199200
2020-06-29,14.31315803527832,14.601446165001226,14.094992880414296,14.422239869646065,13203300
2020-06-30,14.819607734680176,14.874148638669418,14.056032106574428,14.211863048525382,9757100
2020-07-01,14.655985832214355,14.99102456477332,14.58586137720767,14.780651199753262,7828200
2020-07-02,14.866360664367676,15.107899652045285,14.741695284525777,14.842985348349114,5848300
2020-07-06,15.04556655883789,15.583186923825867,14.874152037682071,15.302689083635878,10831000
2020-07-07,14.73390007019043,15.061146987351787,14.679359165018239,14.77285743499108,6266300
2020-07-08,14.757275581359863,14.991022745597759,14.632610228949222,14.757275581359863,6807900
2020-07-09,14.235239028930664,14.718316903693983,14.219655488163268,14.679359537903737,9883000
2020-07-10,14.453404426574707,14.468987969252026,14.094991861766918,14.21186545958996,7559300
2020-07-13,14.461197853088379,14.741695708871166,14.375491330810325,14.500156714240765,6721600
2020-07-14,14.881940841674805,14.920898206763962,14.289779678324688,14.367695894631218,8186200
2020-07-15,15.645514488220215,15.692263617565517,15.092312246938043,15.224769351856425,9250700
2020-07-16,15.505267143249512,15.684473395187258,15.279311757355872,15.606558667303489,9979600
2020-07-17,15.40398120880127,15.801352668602885,15.3182732019435,15.567603964298575,5599600
2020-07-20,15.02998161315918,15.427351495563695,14.983230991358932,15.326061453919612,6013800
2020-07-21,15.668893814086914,15.67668558533059,15.201397942365185,15.201397942365185,7278500
2020-07-22,15.154646873474121,15.45072671243265,14.959857075543235,15.419561117550382,6712100
2020-07-23,15.053357124328613,15.19360603318471,14.83519347599993,15.084524209020366,6739200
2020-07-24,14.967652320861816,15.240358425582158,14.936486715649364,15.115693032474924,5652700
2020-07-27,14.671566009521484,14.913104917961103,14.500151540004346,14.897522865189048,8464100
2020-07-28,14.702737808227539,14.83519495915314,14.54690534144617,14.601446258981087,6791500
2020-07-29,15.40398120880127,15.46631389939004,14.687154523966143,14.687154523966143,9819700
2020-07-30,15.068940162658691,15.146856385653589,14.874150348235625,15.092315475395665,6398400
2020-07-31,14.905316352844238,15.068940574215189,14.585861167355851,15.029983204717926,17654800
2020-08-03,15.365018844604492,15.58318395498038,14.80402475723136,14.959857191232457,7576400
2020-08-04,16.62725830078125,16.705174522008274,15.435144128554196,15.450727670025262,15004600
2020-08-05,16.588300704956055,17.009045915986714,16.494800943544636,16.923337925203604,8890300
2020-08-06,16.222095489501953,16.5805095204323,16.136387495689153,16.533758895009857,10072900
2020-08-07,16.245473861694336,16.25326563406549,15.941600683733935,16.027308693687974,7113000
2020-08-10,16.783092498779297,16.884382556679746,16.21430506461556,16.21430506461556,6601100
2020-08-11,16.689592361450195,17.032422871538248,16.650634990677467,16.962298415244593,9427800
2020-08-12,16.837629318237305,17.032419101239114,16.728546029189182,16.89996198935276,6549300
2020-08-13,16.80646514892578,16.9778811387626,16.650634187225826,16.767507780032883,4896200
2020-08-14,17.242795944213867,17.398628410315624,16.681801741278907,16.7441344304939,6429500
2020-08-17,17.406415939331055,17.476540383370804,17.079169029188296,17.24279174119559,6200800
2020-08-18,16.98567771911621,17.383049270842484,16.93113678800006,17.34409188751064,5900300
2020-08-19,16.868797302246094,17.211627785048748,16.845423476094123,17.024629745191387,4776500
2020-08-20,16.674009323120117,16.814258239950313,16.510386577570543,16.68180109473607,5617900
2020-08-21,16.681800842285156,16.72075821364689,16.455845413355892,16.681800842285156,4976900
2020-08-24,16.89217185974121,16.899963630153152,16.502592255913704,16.75971473499473,7129900
2020-08-25,16.666215896606445,17.024629924708606,16.448052257536574,17.024629924708606,6430300
2020-08-26,16.40129852294922,16.666212736847356,16.27663318536516,16.635047145515365,6302800
2020-08-27,16.3311767578125,16.58830073055868,16.159762262110007,16.370135611014174,8596000
2020-08-28,16.416887283325195,16.57271974793423,16.206513901941555,16.393513453923806,5386200
2020-08-31,16.17534637451172,16.5259671489368,16.159762832680823,16.487009780487906,7016800
2020-09-01,16.3311767578125,16.401301207447222,15.926015087413127,16.050680445401902,6669800
2020-09-02,16.58051109313965,16.635052008510844,16.25326411478398,16.331178858955127,7579800
2020-09-03,16.284427642822266,16.674007258612885,16.151970514008323,16.549341900450152,7085100
2020-09-04,16.120803833007812,16.45584251782861,15.894846957708877,16.36234276243259,5648700
2020-09-08,15.957178115844727,16.167551430893347,15.754596570182503,15.949386346458327,8801100
2020-09-09,16.377925872802734,16.611673025965153,16.136385463589658,16.136385463589658,10455300
2020-09-10,16.028446197509766,16.41764019401061,16.020503277382346,16.393811433628354,8165800
2020-09-11,16.068161010742188,16.37792886918745,15.972848988880008,16.11581853663055,8056300
2020-09-14,16.560611724853516,16.671809590142036,16.01256228958227,16.163474760300467,9825100
2020-09-15,16.576496124267578,16.854490763293235,16.489125514883995,16.616209211283483,11782900
2020-09-16,17.013347625732422,17.18808734478895,16.62415358218109,16.719465605318362,15080500
2020-09-17,16.92597770690918,16.949806471155064,16.544726568719184,16.72740921639889,14878500
2020-09-18,16.47323989868164,16.822720826023446,16.306443112992234,16.687694207388464,20268100
2020-09-21,16.417640686035156,16.44941085253985,15.901362981937378,16.12375869234169,13688700
2020-09-22,16.528839111328125,16.68769449420208,16.369985243411374,16.385869569733007,15377200
2020-09-23,15.81399154663086,16.65592136693796,15.806048626680395,16.568552277397018,13384100
2020-09-24,15.829878807067871,16.028447278777286,15.36125709263707,15.74250819472942,9753200
2020-09-25,15.869592666625977,15.909307271872159,15.551883399442945,15.63925401602726,7983400
2020-09-28,16.203187942504883,16.39381350477467,15.901364514317045,16.036391143627807,7699200
2020-09-29,16.091989517211914,16.385870014053243,15.956962892594822,16.2429019835386,7138700
2020-09-30,15.607481002807617,16.282614084930305,15.59159516206187,16.17935914999726,11834100
2020-10-01,14.916463851928711,15.57571110466544,14.821150320768993,15.4565688119765,14455300
2020-10-02,15.162689208984375,15.305658756553116,14.543155007838914,14.646411465508459,11696900
2020-10-05,15.520112037658691,15.63925281432805,15.234172961686495,15.34537081791694,6172400
2020-10-06,15.353313446044922,15.790163457167795,15.313600359563619,15.71868020449288,11579000
2020-10-07,15.40096664428711,15.551879072318453,15.202398218177345,15.456565561204746,7281200
2020-10-08,15.877535820007324,15.89342166233825,15.32154497304066,15.464513009147078,6586400
2020-10-09,15.424798965454102,15.972848372358419,15.361257115012819,15.925190848309548,10103800
2020-10-12,15.448627471923828,15.535996567987054,15.273886249883,15.520112241857406,9509000
2020-10-13,15.424798965454102,15.575711428361101,15.30565818524635,15.345371273663195,9032900
2020-10-14,15.631311416625977,16.02050546630336,15.432742931180945,15.432742931180945,8339500
2020-10-15,15.655138969421387,15.70279649762325,15.099148108349086,15.289773676284504,10619700
2020-10-16,15.305657386779785,15.869591090657183,15.297714466519341,15.694851389798792,8206300
2020-10-19,15.321544647216797,15.62336807029937,15.194459426229251,15.432742511253965,8062100
2020-10-20,15.639257431030273,15.782227011220932,15.432745983527948,15.456573236921313,7906000
2020-10-21,15.329483032226562,15.726619914045457,15.329483032226562,15.59953623305997,8004700
2020-10-22,16.13170051574707,16.139643435572413,15.273884869051908,15.297713628527932,7531900
2020-10-23,15.853707313537598,16.23495996087432,15.615425734539812,16.195245354403134,9174900
2020-10-26,15.2500581741333,15.62336632963576,14.972062030055804,15.615423409524162,8787200
2020-10-27,15.424798965454102,15.543939745661854,15.202401731431006,15.361257115012819,7731400
2020-10-28,14.98000717163086,15.305659369713501,14.852923460913601,15.091205039769129,8483100
2020-10-29,15.170635223388672,15.234177089158523,14.551100895914425,14.916467760309262,7855800
2020-10-30,15.24211311340332,15.250056032399407,14.781434416328594,15.019715926383597,8927900
2020-11-02,14.908523559570312,15.488343224380406,14.78143983892584,15.488343224380406,11362000
2020-11-03,15.07532024383545,15.273888744986992,14.654355990966934,15.11503485304022,6950100
2020-11-04,15.162689208984375,15.59159633673333,14.876750113846889,15.194459377912278,6642500
2020-11-05,15.178574562072754,15.52805398381041,15.138859958495368,15.178574562072754,7951600
2020-11-06,14.503438949584961,15.464509466054363,14.503438949584961,15.194456268130061,9441900
2020-11-09,15.36920166015625,15.941078374573074,15.265945195427074,15.710739710486424,14373000
2020-11-10,15.877535820007324,15.901364583503714,15.289773288378807,15.575712390506256,10901800
2020-11-11,15.901365280151367,16.05227624403474,15.67896802264697,16.02844899445177,8656000
2020-11-12,15.361258506774902,15.86959335636136,15.14680417399661,15.734566722570289,8294200
2020-11-13,15.91724967956543,16.012561699167737,15.464512284104146,15.50422688806947,6460400
2020-11-16,16.068161010742188,16.401756117174358,16.0205049998111,16.385870275211573,9347500
2020-11-17,16.544719696044922,16.552662614160727,15.869586805768568,15.972843226317336,12104300
2020-11-18,15.88547420501709,16.64797623967861,15.877531286119757,16.608263160148816,13813600
2020-11-19,16.012561798095703,16.076103649875556,15.543940073110312,15.77428023266056,11611900
2020-11-20,16.15553092956543,16.179359691481544,15.869591846400914,15.98873262606706,7399100
2020-11-23,16.902151107788086,16.94186420143483,16.163476052282345,16.369987472151713,8201700
2020-11-24,17.44225311279297,17.489910634818873,17.100716628016897,17.235743243842656,10427000
2020-11-25,17.172199249267578,17.370767688012798,16.941859133143783,17.370767688012798,7386900
2020-11-27,17.045114517211914,17.23574155674192,16.949802512403913,17.10865787369325,4241400
2020-11-30,16.66386604309082,17.172202368794416,16.57649694434206,17.005404062169994,11549000
2020-12-01,16.600326538085938,16.99746354385334,16.42558680093296,16.94980752734934,7958800
2020-12-02,17.19603157043457,17.354886974324472,16.497071126225304,16.56061298478978,9128700
2020-12-03,17.124547958374023,17.47402896179809,16.973636980836993,17.14837672507027,12486000
2020-12-04,17.863218307495117,17.91087431324743,17.299284613714285,17.346940619466597,11615400
2020-12-07,17.15631675720215,17.83144988362319,17.045117379642814,17.71230758516981,11536600
2020-12-08,17.553455352783203,17.75202384882157,17.005405879529235,17.005405879529235,11912900
2020-12-09,17.791732788085938,18.149156603487718,17.672592021271026,17.791732788085938,11935900
2020-12-10,17.791736602783203,17.953480279809316,17.589557777751576,17.718952102371656,11989300
2020-12-11,17.735124588012695,17.74321192511529,17.40355147931539,17.460161296531737,10224100
2020-12-14,17.395465850830078,17.945392487806885,17.160937679324444,17.89686846042518,19693000
2020-12-15,18.058610916137695,18.220354578170582,17.500596978876306,17.5491210029873,11672300
2020-12-16,17.58955955505371,18.042439736984367,17.573384877216355,18.034352398065693,6837000
2020-12-17,17.62999153137207,17.872607027722378,17.411639589909264,17.791735195605607,9335200
2020-12-18,17.128591537475586,17.64616887324375,16.999197203533548,17.62999419587546,16225000
2020-12-21,16.74040985107422,16.885977331320788,16.562491471046876,16.74040985107422,11493700
2020-12-22,16.667619705200195,16.983018119533842,16.667619705200195,16.853623819166103,8429600
2020-12-23,16.78084373474121,17.047719742075564,16.740408583706547,16.86171557931268,6606700
2020-12-24,16.77275276184082,16.845537251934537,16.611010650245074,16.821275241069362,2684800
2020-12-28,16.28752326965332,16.91832166682775,16.27943593273421,16.829362503219336,6105700
2020-12-29,16.239002227783203,16.465443054052788,16.109607910629705,16.425006365878613,6035800
2020-12-30,16.12578582763672,16.392661853228148,16.08534913133363,16.247092831541508,6792400
2020-12-31,16.214738845825195,16.263262867537193,16.052996734290605,16.109606550452803,6848600
2021-01-04,16.255172729492188,16.594833110436856,16.069168639153844,16.416914813155365,10902400
2021-01-05,16.748491287231445,17.112413749352154,16.36839569318459,16.392657704826586,9363900
2021-01-06,17.387378692626953,17.43590117800814,16.76466755064402,16.91832388727012,10285000
2021-01-07,17.419727325439453,17.54912164278239,17.201373836485025,17.53294696748904,8601600
2021-01-08,17.22563362121582,17.508684257574213,16.92640985270982,17.48442378810187,13048500
2021-01-11,17.395465850830078,17.549122185868182,16.813191404767448,16.902149036629943,5131900
2021-01-12,18.139482498168945,18.244614797295945,17.5167714131422,17.573381231326113,10469600
2021-01-13,17.985828399658203,18.212269242896546,17.840259396326555,18.09904805002635,7347400
2021-01-14,18.349748611450195,18.503403391290217,17.993913485896,18.107133122094304,15296100
2021-01-15,18.19609260559082,18.252702424674577,17.83217013647825,18.220354617698952,10453400
2021-01-19,18.155656814575195,18.374008745763565,18.12330746624991,18.317398928696143,12455300
2021-01-20,18.139482498168945,18.30931195272068,17.79982204656362,18.228441665316154,8888300
2021-01-21,17.524860382080078,18.276965847983,17.468250558625364,18.147571525085937,7693800
2021-01-22,17.468250274658203,17.557207906140068,17.071979974415044,17.23372210415606,9705900
2021-01-25,17.516773223876953,17.654254886178933,17.152850722929948,17.468250737918027,10399200
2021-01-26,17.338851928710938,17.929213573094113,17.136673156593275,17.68659966355357,7628100
2021-01-27,17.15285301208496,17.314596710203116,17.023458670591324,17.257986878612428,10041100
2021-01-28,17.355026245117188,17.51676989087387,17.16902213224821,17.257981291664557,9058500
2021-01-29,17.169025421142578,17.524860584469945,17.03154375866396,17.185200097317008,9268500
2021-02-01,17.217548370361328,17.42781297744013,17.04771736617993,17.33076801148098,7655200
2021-02-02,17.322681427001953,17.815998243330608,17.27415894191287,17.565295394949363,8737100
2021-02-03,17.727041244506836,17.856435582295035,17.363118705413672,17.363118705413672,5783100
2021-02-04,17.807910919189453,17.87260808019233,17.60573209824271,17.791736243313235,5773500
2021-02-05,17.864521026611328,18.058612512709395,17.767474512311285,17.99391535067671,6574000
2021-02-08,18.19609260559082,18.268877099413334,17.896867292931386,18.01008847360079,7582800
2021-02-09,18.002002716064453,18.228443554773534,17.832171701407137,18.17183218821975,6286400
2021-02-10,18.44679069519043,18.45487803115739,17.937300869284947,18.15565431288799,9794300
2021-02-11,18.018177032470703,18.543841657101385,17.896868506208094,18.462969820426977,10640800
2021-02-12,18.471057891845703,18.487232568323293,17.86452140645454,17.945393246340437,10700400
2021-02-16,18.527666091918945,18.84306454305751,18.495318284303103,18.681322419974464,7325800
2021-02-17,18.67323112487793,18.7541029405306,18.28504826074703,18.681318460693355,6177800
2021-02-18,18.002002716064453,18.6166265275588,17.977740701827116,18.6166265275588,10228400
2021-02-19,18.30931282043457,18.37400997892543,17.93730454473761,17.98582702798027,6130800
2021-02-22,18.527666091918945,18.754106915237504,18.38209710139287,18.438706921597028,7998700
2021-02-23,19.27977180480957,19.32020695056343,18.196093239585228,18.600450867131567,13979900
2021-02-24,19.336380004882812,19.47386164842346,19.085678728721096,19.27977018857228,11354700
2021-02-25,18.96436882019043,19.49003330197043,18.899671676932915,19.45768395909089,7961700
2021-02-26,18.471057891845703,18.875415548773145,18.196094561734878,18.78645637064845,10419000
2021-03-01,19.077594757080078,19.255511574369816,18.69749910730115,18.69749910730115,7913400
2021-03-02,19.18272590637207,19.368731593268212,19.037158451521414,19.06950626065423,6193800
2021-03-03,19.19890022277832,19.708391703974677,19.150377738736463,19.28785939560669,8137700
2021-03-04,19.498125076293945,19.918655831947714,19.231249106791665,19.433427918308603,8005200
2021-03-05,19.61943244934082,19.8863084242112,19.239336831344197,19.773088781084965,11503400
2021-03-08,19.50621223449707,19.967179673716824,19.215074254989055,19.667954356722266,11163200
2021-03-09,19.053329467773438,19.603256044445473,18.988632314194483,19.570908238906902,13657300
2021-03-10,19.73265266418457,19.813524501261547,19.10185572848854,19.223162712853007,12505500
2021-03-11,19.65862274169922,19.77377892265916,19.42831351750719,19.666848295258067,10179300
2021-03-12,19.68330192565918,19.740879239088258,19.4365399938521,19.732653684474943,8036900
2021-03-15,19.469440460205078,19.82313143242753,19.321383628217635,19.675074600440084,9864800
2021-03-16,19.09929847717285,19.370735480906152,18.967692752263616,19.247355309911743,8884700
2021-03-17,19.23090362548828,19.304932039638157,19.017045505570806,19.058171705047872,7009500
2021-03-18,18.720930099487305,19.362509105875567,18.68802788788923,19.165098974014718,9859700
2021-03-19,18.877216339111328,19.0993000374989,18.688031721342785,18.819637457003612,11920700
2021-03-22,18.910114288330078,19.049945558610556,18.72915681985224,18.827860323071462,8169500
2021-03-23,18.926565170288086,19.148650403188586,18.581099775397494,18.68802883075854,10829100
2021-03-24,19.321382522583008,19.477664899500525,19.008819337611868,19.099297287310307,11231200
2021-03-25,19.691526412963867,19.740878169104697,18.8936649162229,19.247355901104275,11257800
2021-03-26,20.201494216918945,20.217945321993636,19.73264870433639,19.84780330213176,9224700
2021-03-29,19.773780822753906,20.152146909635157,19.76555526840465,20.152146909635157,7723100
2021-03-30,19.4776668548584,19.716201652018416,19.337835570708023,19.609272584780626,9783200
2021-03-31,19.485891342163086,19.617497064879423,19.41186292702715,19.47766578838532,7789300
2021-04-01,19.65862274169922,19.666848295258067,19.288482244734627,19.494116377114043,6510900
2021-04-05,19.535242080688477,19.73265065450335,19.4036363648119,19.724425101153077,5919400
2021-04-06,19.551694869995117,19.782004108167452,19.50234154564617,19.56814597811143,5834000
2021-04-07,19.839582443237305,19.864257535871992,19.584594981009698,19.69152561197327,6119100
2021-04-08,19.4776668548584,19.666849895513593,19.34606112493617,19.535244165591365,6966200
2021-04-09,19.411863327026367,19.518792390612774,19.21445473888408,19.42831443492089,7007500
2021-04-12,19.28847885131836,19.601041987245804,19.247351090759715,19.50233693076871,4012400
2021-04-13,19.494115829467773,19.568144240553803,19.148650434020926,19.28025614953745,7022700
2021-04-14,19.452987670898438,19.765552415600673,19.395410367627985,19.601044490087514,7365600
2021-04-15,19.609270095825195,19.64217073969773,19.313156456653118,19.469438829423254,6771200
2021-04-16,19.42831802368164,19.72443017616033,19.40364135728163,19.71620462069366,5061800
2021-04-19,19.485891342163086,19.543468649743488,19.26380609675528,19.494116895940852,7243900
2021-04-20,19.28847885131836,19.518788034992166,19.107519842587628,19.518788034992166,6373900
2021-04-21,19.37895965576172,19.477664726851522,19.10752267134461,19.115748224674086,4871900
2021-04-22,19.115747451782227,19.46121283333279,19.091070792791538,19.41186108421523,7324300
2021-04-23,19.420087814331055,19.477665119935473,19.132199717445054,19.214453683535897,6690900
2021-04-26,19.716196060180664,19.740872715866395,19.4365335711968,19.51878752128563,7732000
2021-04-27,19.691526412963867,19.847807235553837,19.658624196293953,19.716201506602264,8468400
2021-04-28,20.094566345214844,20.176820306528324,19.75732651580702,19.814903818067307,7424600
2021-04-29,20.21794891357422,20.357780193821696,20.0287658781994,20.152146050449762,5355900
2021-04-30,20.036991119384766,20.382456537610846,19.99586335003405,20.06989176600135,6404400
2021-05-03,20.374229431152344,20.472932932344534,20.127467540444137,20.201495950770212,6534200
2021-05-04,20.21794891357422,20.83485134369003,20.135694942452645,20.431808610944714,12489100
2021-05-05,20.497610092163086,20.670342007895563,20.308427069542592,20.497610092163086,8266000
2021-05-06,20.53873634338379,20.59631521764005,20.259073801023277,20.58808966417487,8022400
2021-05-07,20.810176849365234,20.810176849365234,20.291979444390613,20.308430554101342,6432200
2021-05-10,21.00758171081543,21.14741140137102,20.85129934584937,20.96645394694869,7826300
2021-05-11,21.098058700561523,21.221438848860913,20.637438748107407,20.826621746757382,13758100
2021-05-12,20.793724060058594,21.311921384078822,20.752596292206874,21.1227383585527,12930600
2021-05-13,20.8759765625,21.007583851420147,20.563413369582477,20.620990675999078,7489500
2021-05-14,21.287246704101562,21.336600030115846,21.04048634948643,21.04048634948643,7795400
2021-05-17,21.82189178466797,21.830117337130588,21.28724185664371,21.37772136486881,8393300
2021-05-18,21.65738868713379,21.986403014453092,21.575134713087948,21.7972199723525,8564600
2021-05-19,21.41062355041504,21.542229251940128,21.081607727738604,21.36949578814863,6997700
2021-05-20,21.665611267089844,21.772540320464977,21.27901968167039,21.369497628722012,7218500
2021-05-21,21.70673370361328,21.94526999738922,21.66560751379295,21.78898765211752,5021400
2021-05-24,21.805442810058594,21.871245667324544,21.64916043572801,21.84656900752586,5356300
2021-05-25,21.336597442626953,21.84656919868438,21.303695229274147,21.82189410753366,10240300
2021-05-26,21.402402877807617,21.534008609339413,21.24612048328958,21.336600012041718,6713800
2021-05-27,21.632709503173828,21.65738616317097,21.435300929788344,21.443526483120724,8198700
2021-05-28,21.665611267089844,21.7396396766818,21.509328894744172,21.690287926575113,5670400
2021-06-01,22.11800765991211,22.208487183808543,21.895923980410654,21.97817638155579,8058000
2021-06-02,22.447023391723633,22.570403561490608,22.109781960026734,22.24138925249068,6025500
2021-06-03,22.71845817565918,22.874738976642696,22.290738831268477,22.38944232990398,9207800
2021-06-04,22.989898681640625,23.031024884245436,22.553953717254917,22.81716517919947,7807100
2021-06-07,23.220203399658203,23.318908463077005,22.915865794439103,22.915865794439103,7765300
2021-06-08,23.170852661132812,23.2942328191299,22.932316329323125,23.187303767229444,7260800
2021-06-09,23.13795280456543,23.286009636780815,23.088601050114963,23.170855020108398,8199700
2021-06-10,23.12960433959961,23.438444949471148,22.92092872516626,23.37166881653522,6808000
2021-06-11,23.196380615234375,23.288196797241493,23.071173980742724,23.112910056262773,7263400
2021-06-14,22.97101402282715,23.32993636569456,22.79572566353595,23.229771361518342,5690700
2021-06-15,23.16299057006836,23.279848391410415,22.937620549992896,23.146296140714234,5064200
2021-06-16,22.929277420043945,23.271505322427537,22.854154066635967,23.137953047939728,6889700
2021-06-17,22.47853660583496,22.979358380270295,22.11126709230658,22.920927873063537,7706600
2021-06-18,21.752347946166992,22.411763723009177,21.74400072964217,22.086228646816114,12814300
2021-06-21,22.328292846679688,22.40341620231439,21.877552712871477,21.90259436210596,5160100
2021-06-22,22.311595916748047,22.395066479452236,22.019449743317665,22.269861431430236,6108400
2021-06-23,22.311595916748047,22.52027152747424,22.30324870127077,22.37837204849769,4742000
2021-06-24,22.344985961914062,22.39506766536118,22.178044827665477,22.311597098236888,5522000
2021-06-25,22.35333251953125,22.41176143717694,22.244820307844744,22.38671979015653,6228100
2021-06-28,21.9025936126709,22.378373787365213,21.752346906542446,22.35333373105626,6297500
2021-06-29,21.819122314453125,22.052839581962647,21.7356533401206,21.910940096701264,6842900
2021-06-30,22.16135025024414,22.194739113701978,21.810775144280036,21.90259292672045,8916200
2021-07-01,22.370023727416992,22.545312059639294,22.153002504008022,22.486883146254687,6158100
2021-07-02,22.486888885498047,22.52027616220978,22.144660940841113,22.26986601463067,6366500
2021-07-06,22.052837371826172,22.50357583790959,21.86085620279191,22.486882999957224,6681900
2021-07-07,21.93598175048828,22.20308628939314,21.794082265186493,21.99441066936514,6011000
2021-07-08,21.9025936126709,22.077881967176992,21.61879463266575,21.727306850233497,6653700
2021-07-09,22.286556243896484,22.303249083068227,21.910939501331928,22.077880629598084,6406300
2021-07-12,22.119617462158203,22.286558608134072,21.961023532688007,22.19474081864047,4374200
2021-07-13,21.869205474853516,22.14465722783293,21.852511043262368,22.061186661945825,5167100
2021-07-14,21.368383407592773,22.019450310917293,21.309954489814277,21.885898043975413,6407900
2021-07-15,21.33499526977539,21.552018108947426,21.184748566343316,21.218137430247626,6254400
2021-07-16,21.101280212402344,21.501937038646187,21.042849698848332,21.468548173758183,5134200
2021-07-19,20.633846282958984,20.825829077757444,20.325007233710107,20.658887932385415,9980300
2021-07-20,20.892606735229492,21.059546300660042,20.592113288558085,20.73401279481193,8503300
2021-07-21,21.101280212402344,21.326648682121565,21.042849698848332,21.134667485221645,6576000
2021-07-22,21.084583282470703,21.20978832683267,20.867560462611323,21.084583282470703,4817800
2021-07-23,20.992767333984375,21.084585117472738,20.77574449523739,21.04284903767409,5224300
2021-07-26,21.36003875732422,21.460202173526344,21.001116399784216,21.076239757970207,6158600
2021-07-27,21.09292984008789,21.201440450600277,20.951030369683405,21.17640039774967,5859400
2021-07-28,21.11797332763672,21.26822003745086,20.75905257783138,21.11797332763672,6173800
2021-07-29,21.243179321289062,21.360037162154182,21.09293261613752,21.284913809578413,4885800
2021-07-30,20.909292221069336,21.334990590062734,20.85086331412151,21.22647999031225,11042400
2021-08-02,20.817480087280273,21.30995467288496,20.734009521707364,20.909296276548716,7714500
2021-08-03,20.96772575378418,20.984418592421385,20.233186723416832,20.708966854050765,9148600
2021-08-04,20.775747299194336,21.13466967356064,20.542031589053575,20.70897115457285,7579800
2021-08-05,20.93433952331543,21.042850152402863,20.809134461424165,20.825828894227996,5389600
2021-08-06,20.917646408081055,21.126322055066893,20.83417583087295,21.026158636072243,4401100
2021-08-09,20.667232513427734,20.934337038307486,20.65053808260561,20.750703075469794,4380100
2021-08-10,20.850866317749023,20.9092952331137,20.692274002350196,20.74235570236727,4354300
2021-08-11,20.850866317749023,20.992765794521187,20.68392678700259,20.867560748444227,4862100
2021-08-12,20.86756134033203,20.992766389960305,20.75070350628812,20.850866909163305,3501200
2021-08-13,20.725662231445312,20.959379495795645,20.683927744843178,20.825827228186487,3476400
2021-08-16,20.54203224182129,20.80078961144351,20.466908877726304,20.57541951915855,6424000
2021-08-17,20.433517456054688,20.650540303880685,20.191454551370626,20.375088533960906,4758100
2021-08-18,20.066247940063477,20.425168661196086,20.04955350873584,20.37508695928177,7219500
2021-08-19,19.941041946411133,19.991125242024648,19.640550133073308,19.865918595059515,10351600
2021-08-20,20.066247940063477,20.149716912564465,19.7657545444404,19.84087789334617,6514200
2021-08-23,20.450214385986328,20.516990532543527,20.26658038097126,20.400132674085658,6017600
2021-08-24,20.567068099975586,20.625497017430515,20.40847577890324,20.600456962560457,6019400
2021-08-25,20.525333404541016,20.717314586240832,20.366739493017064,20.575415105839102,5497500
2021-08-26,20.158065795898438,20.50029370608441,20.149718579544057,20.44186478367247,6885500
2021-08-27,20.54203224182129,20.73401346470007,20.274927654847524,20.28327328013015,8325500
2021-08-30,20.500293731689453,20.76739828708834,20.491946515324646,20.592111519633594,5092600
2021-08-31,20.60880470275879,20.73400975650168,20.400129082497756,20.450210785581184,12842400
2021-09-01,20.575416564941406,20.675581566709344,20.47525315524216,20.608805429553616,6823900
2021-09-02,20.959379196166992,21.00946089778732,20.675580233537477,20.675580233537477,7834700
2021-09-03,20.842519760131836,20.98441924138194,20.70062027888173,20.900950269408952,6012000
2021-09-07,20.550376892089844,20.83417428624678,20.466906321070173,20.750705307295828,9528700
2021-09-08,20.658885955810547,21.017808269571766,20.59210982246441,20.800785438179666,11157900
2021-09-09,20.489133834838867,20.743763650655694,20.353331913957867,20.446696341646028,10767600
2021-09-10,20.60796356201172,20.74376549496676,20.455185982715612,20.658888882148176,6503200
2021-09-13,21.057802200317383,21.17663007953597,20.803174037066547,20.803174037066547,8858100
2021-09-14,21.006877899169922,21.244532050121272,20.9474647661537,21.1596554520039,7916000
2021-09-15,21.898080825805664,21.90656864855011,21.185119904138812,21.21058337237215,13461000
2021-09-16,21.567062377929688,21.915054992537247,21.558574555757975,21.898079348193818,9267100
2021-09-17,21.456722259521484,21.75378791800621,21.422770973473845,21.49915974819461,15800700
2021-09-20,21.193607330322266,21.261508292120652,20.89654163425846,21.14268201369513,12340300
2021-09-21,20.972925186157227,21.439745634614592,20.955951162797195,21.40579435012183,7820500
2021-09-22,21.244535446166992,21.42277487370813,21.134195365310056,21.134195365310056,5552200
2021-09-23,21.61798667907715,21.736814565026453,21.25302005611466,21.261506259002175,5306900
2021-09-24,21.558574676513672,21.719840060906446,21.499161539865426,21.56706249873293,5090700
2021-09-27,22.101783752441406,22.16968471065177,21.84715394498764,21.864129589261868,8818900
2021-09-28,22.1357364654541,22.58558138724916,22.025398000274734,22.356415014699596,10531300
2021-09-29,22.2969970703125,22.41582333321476,21.974466329740054,22.161195164456654,7010900
2021-09-30,22.016908645629883,22.41582659985461,21.974469532061306,22.41582659985461,11118200
2021-10-01,22.407339096069336,22.483727882693383,21.974469844828622,22.093297745625293,5015600
2021-10-04,23.205171585083008,23.74837917719177,22.61103706704931,22.712889300012865,18168800
2021-10-05,23.154253005981445,23.52770752462783,22.992987598132856,23.52770752462783,12639000
2021-10-06,22.96752166748047,23.09483576787592,22.72138128923414,22.959033844935888,9209600
2021-10-07,23.459802627563477,23.527703584937125,22.942058434671857,23.018447214078027,10614600
2021-10-08,24.03696060180664,24.062424066873593,23.604091408987212,23.697455828679576,8617200
2021-10-11,24.300081253051758,24.631099886779534,24.223694080992633,24.444371011628796,13623700
2021-10-12,24.554710388183594,24.63109917692801,24.14730459413785,24.223693382882267,10309100
2021-10-13,24.554710388183594,24.622611353857884,24.274618702416305,24.35949531423085,7151600
2021-10-14,24.92816734313965,25.0045545155539,24.732950643766607,24.885728226368652,6499500
2021-10-15,25.080942153930664,25.250695375437868,24.9790915161357,25.131869091714844,9714000
2021-10-18,24.86026382446289,25.369520222369594,24.800849067079607,25.24220612289292,11909200
2021-10-19,24.614120483398438,24.783873686010967,24.529243882092175,24.741434575914575,7529300
2021-10-20,24.749921798706055,24.76689744233361,24.50378144165244,24.580168600203475,6224800
2021-10-21,24.206714630126953,24.70748479479007,24.07091271620677,24.665045684885943,11107000
2021-10-22,24.317054748535156,24.452856671784087,24.087888395970104,24.23217814178292,10540300
2021-10-25,24.444368362426758,24.4952952967959,24.26612894879454,24.435882158918492,8081000
2021-10-26,24.26612663269043,24.60563140164738,24.249150989520974,24.452853850895142,5873100
2021-10-27,24.019987106323242,24.359493528695815,23.960573968074023,24.198228139957504,7602900
2021-10-28,24.12183952331543,24.16427701696163,23.87569752728496,23.892673172298082,4886200
2021-10-29,23.84174919128418,24.121840874139433,23.714435084329374,24.079403378116734,6447400
2021-11-01,24.22368812561035,24.257637791636036,23.94359488174504,24.03695929636681,5903200
2021-11-02,24.096376419067383,24.5547091280118,24.01150143049543,24.27461745661909,7510200
2021-11-03,24.019987106323242,24.181252495061553,23.83325986912761,23.89267300737683,5980300
2021-11-04,24.003013610839844,24.240666169089433,23.76535943370362,24.206716497433764,6537900
2021-11-05,24.24066162109375,24.274612905266167,23.986033465345955,24.266125084223063,5431300
2021-11-08,24.17276382446289,24.376466699407143,24.087887221847815,24.376466699407143,4181600
2021-11-09,24.2152042388916,24.266129555647705,23.892673455367486,24.138815454314134,5467600
2021-11-10,23.89267349243164,24.35100620060745,23.77384721352086,24.172765163354644,6720500
2021-11-11,24.520755767822266,24.614120190035045,23.892671515860165,23.969060294236712,10805800
2021-11-12,24.308568954467773,24.58017282363038,24.29159492681018,24.393445568302777,7553200
2021-11-15,24.283105850219727,24.46134527307572,24.104864808477057,24.30856769983534,5145200
2021-11-16,23.952089309692383,24.36798295126299,23.87570051645627,24.36798295126299,5587600
2021-11-17,23.94359588623047,24.376465073700704,23.88418275402824,23.892670575612335,7147600
2021-11-18,23.739891052246094,24.1048592556036,23.697453566738325,23.969057359315176,4909800
2021-11-19,23.273075103759766,23.578630217501534,23.230637613022964,23.46829015136745,7006800
2021-11-22,23.425853729248047,23.74838288266545,23.205175205799687,23.25610052078421,6393900
2021-11-23,23.833255767822266,23.95208202387269,23.53618850880988,23.68047822782239,6450000
2021-11-24,24.232179641723633,24.25764311099145,23.73989723475296,23.748385057842228,5738300
2021-11-26,23.969064712524414,24.121842297439446,23.35795599175109,23.35795599175109,5522300
2021-11-29,23.773847579956055,24.325543107685267,23.773847579956055,24.257642144563004,8074800
2021-11-30,22.738357543945312,23.536193457886554,22.68743060731247,23.451316849051814,15416900
2021-12-01,22.611038208007812,23.578628803884303,22.602550386592025,23.179709291774323,10227200
2021-12-02,23.128787994384766,23.21366460438003,22.5261671393031,22.687430917518746,7697700
2021-12-03,23.009960174560547,23.459803425376638,22.82323132126791,23.324001506011037,6904200
2021-12-06,23.188199996948242,23.4258541694865,22.942059620825233,23.298540070189315,10094000
2021-12-07,23.561656951904297,23.790823310342077,23.32400277068512,23.42585502517524,10437100
2021-12-08,23.459802627563477,23.756869923155634,23.391901670189828,23.595604542310774,12322000
2021-12-09,22.934261322021484,23.365032557915292,22.839491124281054,23.365032557915292,10289800
2021-12-10,22.95149040222168,23.132415171691314,22.62410499340009,23.089337063121487,8062700
2021-12-13,22.60687828063965,22.899802904572518,22.296722409825517,22.813648313428352,8127800
2021-12-14,22.29671859741211,22.830875656563148,22.245026508869064,22.641336903064065,10045100
2021-12-15,22.38287353515625,22.494874979279757,21.909025822128193,22.30533457945902,9794100
2021-12-16,22.520721435546875,22.899800612684405,22.45179809818205,22.5896447729117,8970000
2021-12-17,22.219181060791016,22.47764314414574,21.85733315813729,22.33979648058831,15674600
2021-12-20,21.840105056762695,21.96072049391431,21.417949383469963,21.95210487079461,7364000
2021-12-21,22.107181549072266,22.227796979396576,21.857335065791627,21.91764278095378,5918400
2021-12-22,22.12441062927246,22.27948853494915,21.84871730507472,22.03825605464521,5314100
2021-12-23,22.270875930786133,22.417338234519043,22.219183836310417,22.270875930786133,6560800
2021-12-27,22.624109268188477,22.624109268188477,22.07272252040562,22.2450300574567,4454800
2021-12-28,22.537952423095703,22.744722432826805,22.46902908651867,22.641338249592238,4304400
2021-12-29,22.434568405151367,22.589644681145767,22.305335710263066,22.529336966604284,5463600
2021-12-30,22.331180572509766,22.693028470526016,22.322564950740116,22.486258477839847,4714400
2021-12-31,22.434568405151367,22.529336966604284,22.24502799572158,22.28810610843834,3581000
2022-01-03,22.83087921142578,22.856726081352704,22.41733915216777,22.512107722042238,8747600
2022-01-04,23.037647247314453,23.227186013922314,22.91703181795145,23.0290316247511,10912100
2022-01-05,23.089338302612305,23.752726420843526,23.05487745716832,23.235800593088523,12981700
2022-01-06,23.640731811523438,23.701039536742826,23.13242149429963,23.47703824074062,9677000
2022-01-07,24.131807327270508,24.174883798009397,23.56318936855467,23.70103604683354,8981500
2022-01-10,24.08011817932129,24.27827259817856,23.813038769631337,24.19211800289994,10025000
2022-01-11,24.87273406982422,25.010580745965832,24.088728839783556,24.717656148349405,16557500
2022-01-12,25.15704345703125,25.3465822290165,24.993349910207332,25.01058115582291,11654100
2022-01-13,24.924427032470703,25.3035062267217,24.84688806902704,25.157043922801684,7387600
2022-01-14,25.234582901000977,25.277659372600617,24.864119329500653,24.933042670017315,6066300
2022-01-18,25.493045806884766,25.579200396015132,24.976119915364677,25.389659971275904,11849900
2022-01-19,25.01058006286621,25.708429047180918,24.83827090076438,25.682582179887056,12231600
2022-01-20,24.786579132080078,25.381042298219292,24.726271417538012,24.864118091709013,10087700
2022-01-21,24.77796173095703,24.872731928870166,24.39888258256635,24.78657735288203,10631400
2022-01-24,24.35580825805664,24.72627181710094,23.537342179086114,24.48503931177251,16526700
2022-01-25,24.958885192871094,25.105347481016334,23.925035197076948,24.217959773367426,11686800
2022-01-26,25.165653228759766,25.67396338659318,24.93303802489197,25.19150009286141,10902700
2022-01-27,25.303508758544922,25.77735656632448,24.976121626077912,25.544739652718274,9786300
2022-01-28,25.53611946105957,25.544735083347796,25.03642487117588,25.17427154126366,10018900
2022-01-31,25.794586181640625,25.97550934082139,25.182890074563016,25.432738220016972,12169000
2022-02-01,26.294273376464844,26.354581079098214,25.570577658341104,25.665347844343056,9972300
2022-02-02,26.43212890625,26.457974134200384,26.0185888264218,26.19951199512331,8451700
2022-02-03,26.11335563659668,26.389049004520906,25.932432480119687,26.34597253200603,9004200
2022-02-04,26.345972061157227,26.638896670157166,26.13058641590798,26.2512018514037,10042600
2022-02-07,26.457969665527344,26.725049026495235,26.130584235106667,26.320122995533172,9752300
2022-02-08,26.199506759643555,26.54412342396855,26.018583627096135,26.509662579166985,8710800
2022-02-09,26.251197814941406,26.535506757223736,26.00135135936569,26.25981343661806,9038700
2022-02-10,25.96689224243164,26.53551020078693,25.846276809829615,26.13058578900726,8306500
2022-02-11,26.457969665527344,26.51827902150398,25.94966109696254,26.04442965554483,10069200
2022-02-14,25.91520118713379,26.483819168268912,25.725662407842776,26.45797229884928,7712000
2022-02-15,25.72566032409668,25.854891374203095,25.587813651548245,25.742889925718767,6430100
2022-02-16,25.85489273071289,26.18227818437663,25.708430428038103,25.829045862030735,6700800
2022-02-17,25.579200744628906,25.846278495637094,25.449969680803147,25.777355152045878,7221000
2022-02-18,25.518892288208008,25.768738785295117,25.25181290164258,25.38965958484831,9173000
2022-02-22,25.424123764038086,26.4924364513905,24.933044717129384,26.4924364513905,10928100
2022-02-23,25.949661254882812,26.277046687295837,25.46719626370518,25.58781333313056,12221600
2022-02-24,25.81181526184082,26.36320363801699,25.23458330286019,26.320125522469276,11162600
2022-02-25,26.44074249267578,26.45797209556106,25.85489326976224,26.001355575490624,9646100
2022-02-28,26.949052810668945,26.974898036684948,26.182278788039916,26.268433375704785,11149800
2022-03-01,27.28505516052246,27.638289150658494,27.009361781817205,27.121361600692907,16933100
2022-03-02,28.1638240814209,28.379209713606347,27.397051756684522,27.56936091973767,10298900
2022-03-03,28.258596420288086,28.353366631453152,27.879518862152008,28.000134299444206,8648200
2022-03-04,28.835832595825195,28.887523049744193,28.11213666224067,28.17244438282902,7636900
2022-03-07,28.775524139404297,29.628449472500044,28.361980799481522,29.05983148826148,11715300
2022-03-08,28.310287475585938,29.283831434559076,28.01736288998888,29.171829987750943,14065000
2022-03-09,28.000131607055664,28.542904309203735,27.612436819807044,28.069056585466026,13870000
2022-03-10,28.362415313720703,28.502088502024716,28.01323067792493,28.30130517189568,8910800
2022-03-11,27.84736442565918,28.47589368913792,27.742610380930483,28.29257327834494,7684900
2022-03-14,27.12281036376953,27.821177906213485,26.82600444961208,27.56801923500571,10455000
2022-03-15,27.096620559692383,27.341047765104907,26.503008777915472,26.686329181974862,10979800
2022-03-16,27.288671493530273,27.5505582679549,26.93075879146671,27.157728106317958,11576400
2022-03-17,27.524368286132812,27.751337581989933,27.28866920985403,27.67277122323034,8989400
2022-03-18,27.4632625579834,27.67277397889579,27.114079631521967,27.40215575398209,15365600
2022-03-21,28.371137619018555,28.440975863899357,27.733878619799867,27.733878619799867,8606700
2022-03-22,28.03941535949707,28.37114039499695,27.725151551961286,28.222739105211108,6998800
2022-03-23,28.554460525512695,28.73778093932508,28.20527926064212,28.31876142343773,6738200
2022-03-24,28.746511459350586,28.851265502428838,28.580650613637435,28.68540465671569,5432100
2022-03-25,29.575820922851562,29.60200859984144,28.676671828706095,28.76396963545707,6097300
2022-03-28,29.069507598876953,29.270287586683565,28.868727611070344,29.15680541753501,5988000
2022-03-29,29.19171905517578,29.26155730493524,28.449705966872223,28.685405064703843,6716100
2022-03-30,29.37504005432129,29.53217277154456,29.052043174434157,29.357580493510845,8372000
2022-03-31,29.165531158447266,29.698036153632366,29.121883917709525,29.20917839918501,8997600
2022-04-01,29.53217887878418,29.61947337081813,29.19172236768037,29.21791337934769,5615100
2022-04-04,29.44487762451172,29.715495846387313,29.252825768337363,29.680576721615424,4767300
2022-04-05,28.790157318115234,29.741681766427796,28.75523819540797,29.505982683260005,9952400
2022-04-06,29.156803131103516,29.305204416077892,28.763971303125725,29.043317640783037,5861900
2022-04-07,29.37504005432129,29.453606412932924,28.67667094218642,29.24409501327832,6711200
2022-04-08,30.047218322753906,30.134516136953422,29.418690710872937,29.636930251265063,7596700
2022-04-11,30.029766082763672,30.28292145242421,29.5845554963284,29.87263332638317,11895200
2022-04-12,30.370216369628906,30.66702228880301,30.195624064808037,30.396404049827105,9649300
2022-04-13,30.597183227539062,30.815422770289086,30.27418963668895,30.623374237117446,6918300
2022-04-14,31.007478713989258,31.251905968412142,30.422594930813883,30.605918701702635,6861700
2022-04-18,30.82415008544922,31.269357227756434,30.658285923944597,31.068577274945675,7337600
2022-04-19,30.911449432373047,31.051122609830806,30.562264823693035,30.771776254915288,5135600
2022-04-20,31.356657028198242,31.592356142427917,30.90272169346472,31.033663425767028,6421100
2022-04-21,31.14714813232422,31.749488077766635,31.103500889333525,31.4003068037699,6568300
2022-04-22,30.64082908630371,31.295547684986023,30.579722283499045,31.04239235768282,8992800
2022-04-25,29.593286514282227,30.012306081855996,28.825082308694558,29.99484651694815,11747500
2022-04-26,29.951194763183594,30.61464147950036,29.67184842683222,29.70676422132289,8123600
2022-04-27,29.959924697875977,30.274190177865147,29.514717487938785,30.047219184507988,8569100
2022-04-28,30.40513801574707,30.605918017401248,29.61947424399462,30.34402787343609,7221200
2022-04-29,29.93373680114746,30.509889066931898,29.82025130529064,30.21308315243257,9088000
2022-05-02,30.029766082763672,30.256733769717975,29.48852955297681,29.846442313605383,8887700
2022-05-03,30.82415008544922,30.998739032192,29.92500102538453,30.667017369324157,9940300
2022-05-04,32.203426361083984,32.3430995350924,31.042393726527408,31.382846880043463,12111300
2022-05-05,31.34792137145996,32.29071760161297,30.972549168351318,32.28198615685018,9480800
2022-05-06,32.01137161254883,32.1073975354122,30.824151405528635,31.566164451175112,9013500
2022-05-09,30.326566696166992,31.583625196033083,30.248000331795925,31.443952029381293,10008900
2022-05-10,29.83771514892578,30.789239835140553,29.287750484030948,30.440055180905684,12158000
2022-05-11,30.082134246826172,31.01619911388732,29.977380211006718,30.178160167190157,8117900
2022-05-12,30.22180938720703,30.282916189616312,29.671848165523503,30.082136220261393,6730300
2022-05-13,30.370216369628906,30.920177634218472,30.221811745006235,30.544808674449776,7885400
2022-05-16,30.937639236450195,31.225717057899196,30.544810687305493,30.68448387435219,6573500
2022-05-17,31.33919906616211,31.382846307855598,30.728127692239994,31.155875322935714,6236800
2022-05-18,30.754314422607422,31.57489386337548,30.40513316975911,31.470139820528086,7358600
2022-05-19,30.570995330810547,30.920176598686798,30.090869006186246,30.19562305354201,7484200
2022-05-20,30.885265350341797,30.990019413121026,30.352760258600654,30.797967522966093,7984400
2022-05-23,31.443952560424805,31.662192095133413,30.902719446767346,31.147146660018258,8473900
2022-05-24,31.60982322692871,31.670930049223035,30.911457164942107,31.339208251074435,7783700
2022-05-25,32.02883529663086,32.107401668170894,31.592356194757645,31.836786756255112,7096200
2022-05-26,32.2296142578125,32.404206559017666,32.07248484980613,32.20342657815663,6360100
2022-05-27,32.70100784301758,32.823221437539765,32.01137018241873,32.159774782960454,6783600
2022-05-31,32.35183334350586,32.98909245457232,31.915354226605157,32.91052608032734,18874900
2022-06-01,32.67481994628906,32.901787573143714,32.22960947774282,32.52641534675009,7744500
2022-06-02,32.945438385009766,32.96289461560732,32.308176075866086,32.51768747381439,6264500
2022-06-03,32.74466323852539,33.14622657353139,32.648640626097034,32.989093818544596,4672100
2022-06-06,32.657371520996094,32.97163705769723,32.587536585102406,32.866882988820784,4837600
2022-06-07,33.01527786254883,33.08511611487818,32.58753022228059,32.58753022228059,8248200
2022-06-08,32.72719955444336,33.032733547334345,32.378014993935864,32.9541671877237,8499100
2022-06-09,31.424821853637695,32.634486708641134,31.424821853637695,32.58151080017307,7553400
2022-06-10,30.80674934387207,31.274721250779045,30.559519410903132,31.098130366232787,9886600
2022-06-13,29.243886947631836,30.14451433396479,29.067292748070713,30.056218918311327,9711100
2022-06-14,28.555177688598633,29.79133390836236,28.16667139998354,29.676547155665297,11928900
2022-06-15,28.03422737121582,28.828899730615205,27.5044463596587,28.634645738705395,10122600
2022-06-16,26.886367797851562,27.477956238721234,26.61264659156885,27.442636721474194,11099000
2022-06-17,26.259462356567383,27.195407759664775,25.623726142334192,26.76275373668459,21633500
2022-06-21,27.310192108154297,27.477956448101526,26.639136432492666,26.780411134302767,10693400
2022-06-22,26.992324829101562,27.27487424991072,26.31243923269991,26.44488574731567,10968200
2022-06-23,26.851049423217773,27.25721546820622,26.47137301729184,27.115939077333504,10532300
2022-06-24,26.533178329467773,27.33667879017314,26.43605302907218,27.107108673509217,14787800
2022-06-27,27.009984970092773,27.204237278608467,26.683286145092268,26.798072901495452,13659000
2022-06-28,28.02539825439453,28.210822371346318,27.548596509898072,27.583914346762366,10088800
2022-06-29,27.822311401367188,28.440387758059728,27.654547073008604,28.32560438644293,8584800
2022-06-30,27.55742645263672,27.87529542519953,27.345514365637367,27.433811489585654,10472700
2022-07-01,27.62805938720703,27.742844444057717,26.86870664701467,27.63688758193408,7945000
2022-07-05,26.630306243896484,27.28370215321314,25.82680575513362,27.142427453043446,12064200
2022-07-06,26.24180030822754,26.59498874724557,25.659041741625998,26.383075010183834,9154800
2022-07-07,27.53093719482422,27.645722271649603,26.727436604664067,26.727436604664067,9804700
2022-07-08,27.654550552368164,27.990079251299896,27.43380860774948,27.689870071888297,5643600
2022-07-11,28.043058395385742,28.149013591543714,27.319025046505516,27.416150362295745,9980000
2022-07-12,27.327852249145508,27.734016601498727,27.089450554958717,27.407319480541105,7154100
2022-07-13,27.495615005493164,27.8134839322106,26.83338919758339,26.83338919758339,5732000
2022-07-14,27.504444122314453,27.539763639471325,26.44488386951737,26.665625799366005,7761100
2022-07-15,27.70752716064453,27.998906449797857,27.34551051909426,27.963588615663046,5499300
2022-07-18,28.17550277709961,28.431564251241696,28.043057941979804,28.104865419427217,6074000
2022-07-19,28.564006805419922,28.643474041656916,28.157842428321885,28.157842428321885,5582400
2022-07-20,28.696453094482422,28.846556001598945,28.22847956080961,28.52869042742487,5356400
2022-07-21,28.61698341369629,28.634643172128378,27.725185822402906,27.972417388070376,8082000
2022-07-22,28.555177688598633,29.040809286271983,28.334435747087593,28.846555299900754,4920100
2022-07-25,29.5352725982666,29.56176055354133,28.440391080762964,28.749431821405356,5632100
2022-07-26,29.6147403717041,30.0473927009265,29.508781812165928,29.81782255843673,5710600
2022-07-27,29.83548355102539,30.003246224843146,29.226233597401283,29.65888931275384,5373700
2022-07-28,29.826650619506836,30.056224129214137,29.367506968347012,30.02973280532189,5597400
2022-07-29,30.100372314453125,30.3211142635564,29.861970605231004,30.171007986673658,9145400
2022-08-01,30.020902633666992,30.10919805881713,29.42931587500104,29.81782046121803,7414800
2022-08-02,29.014320373535156,30.31228402462323,28.431561801909726,30.15334956252042,13590300
2022-08-03,28.81123924255371,29.411657594870995,28.55517778118948,29.376338075733567,7317200
2022-08-04,28.17550277709961,28.64347464013143,28.087205658977254,28.634646444033898,7105300
2022-08-05,28.44922637939453,28.502202296898464,27.725191297834947,27.85763614397755,5472800
2022-08-08,28.652305603027344,28.873047551635793,28.449223414498153,28.449223414498153,4399800
2022-08-09,28.987831115722656,29.155593765618384,28.837724855706938,28.93485184131926,4298000
2022-08-10,29.155595779418945,29.385165914514666,28.775919373939548,29.208575057481664,4997900
2022-08-11,29.967924118041992,30.197497618464936,29.5264402445798,29.544100003708845,6737600
2022-08-12,30.16217803955078,30.188665994063758,29.64122693518284,29.92377634417006,4997100
2022-08-15,29.694210052490234,30.003247455954856,29.146767554559933,29.491127849034186,6250100
2022-08-16,30.303457260131836,30.480051509130142,29.817825601577862,29.817825601577862,6038500
2022-08-17,30.28579330444336,30.56834271641127,29.96792437391579,30.23281739485855,6168400
2022-08-18,31.115787506103516,31.239402462170524,30.559516835547043,30.612492749144373,9115100
2022-08-19,30.842069625854492,31.151107049658528,30.780262141093687,31.036323645534342,5880700
2022-08-22,30.630146026611328,30.824399984032393,30.418235680564916,30.727273005321862,5839500
2022-08-23,31.009817123413086,31.433641111931404,30.87737402164379,30.99215736952645,7684800
2022-08-24,31.415996551513672,31.433652943792655,30.939193121863077,31.204082793361767,9491800
2022-08-25,31.433650970458984,31.601417000871617,31.177592879429454,31.433650970458984,4657900
2022-08-26,30.93035888671875,31.50428926562106,30.91269912770972,31.424822034207736,4041600
2022-08-29,31.115787506103516,31.43365309245228,30.683131791614052,30.903873746949408,5904900
2022-08-30,30.303457260131836,30.8244084421365,30.162182534584225,30.736113001764924,5196000
2022-08-31,30.04738998413086,30.321111185806544,29.738352634057097,29.844307815760317,7422600
2022-09-01,29.650056838989258,29.79133153557404,29.208572991130012,29.74718045618455,5003300
2022-09-02,29.773672103881836,30.294623184797185,29.64122560077025,30.15334848666359,6298900
2022-09-06,29.28803825378418,30.020903093113578,29.173254872983243,29.959095620911654,7318400
2022-09-07,29.393993377685547,29.491120356456733,28.775915359531453,29.049636538954413,9141400
2022-09-08,28.620351791381836,29.022826170810504,28.244709605883713,28.897612677613097,10793500
2022-09-09,29.309030532836914,29.514738909760233,28.951274757084743,28.987051017022345,9274300
2022-09-12,30.292856216430664,30.34652061062059,29.532629397040477,29.604178510814844,8553900
2022-09-13,29.326919555664062,30.23024796981283,29.192760282719536,29.95299047638513,6645700
2022-09-14,29.917211532592773,30.185526642609176,29.425299928927416,29.631008293667048,7518800
2022-09-15,29.362693786621094,29.69361564870983,29.264310781505355,29.496849638478352,6061900
2022-09-16,28.343093872070312,29.20170535108336,28.01217028916073,29.174871450053043,15579900
2022-09-19,28.67401695251465,28.682959311493416,27.690190286067292,27.815405488547363,7489500
2022-09-20,28.468307495117188,28.62035318967357,28.03900260668952,28.52197017969415,6232400
2022-09-21,28.146329879760742,29.03177191175198,28.146329879760742,28.843951650074796,8149400
2022-09-22,27.869068145751953,28.477250910093332,27.860124080875647,28.477250910093332,4907800
2022-09-23,26.071353912353516,27.153561957118566,25.776206573945966,27.14461789160245,11183000
2022-09-26,25.41844940185547,26.062406687806977,25.36478672116931,25.892474581316492,9044900
2022-09-27,25.52577781677246,26.04452163987483,25.311123670883386,25.901418307313463,7283700
2022-09-28,26.303892135620117,26.39333107684242,25.47211288229278,25.64204670002456,7915000
2022-09-29,25.90142059326172,26.21445606891234,25.44528518423225,26.017691741372058,9026600
2022-09-30,25.606271743774414,25.865644515922888,25.52577856907613,25.749375080553367,10985700
2022-10-03,26.321781158447266,26.554321731155664,26.18762359501326,26.393331972672467,7637200
2022-10-04,27.466594696044922,27.48448282640986,26.634817104947413,26.76003060568996,6496800
2022-10-05,27.243000030517578,27.564979575283665,26.80475104231158,27.323494916709098,7109000
2022-10-06,26.929967880249023,27.359272828536355,26.81369672389648,26.983630572308382,5950400
2022-10-07,26.643760681152344,27.028345241504404,26.393331978357214,26.92101987309647,7169200
2022-10-10,26.25023078918457,27.037289759003066,26.1429037130745,26.74214243208288,5571500
2022-10-11,26.607982635498047,27.001512940365778,25.97296941496467,26.125013392355037,7521900
2022-10-12,26.25917625427246,26.545379531282606,26.13396104115095,26.455940580740414,6608500
2022-10-13,27.198280334472656,27.323493838761355,25.90141984668865,25.91036391212442,8315100
2022-10-14,26.303892135620117,27.439762765559728,26.277059941481653,27.216166265456934,6948300
2022-10-17,26.795804977416992,27.09989636791903,26.54537797764307,26.67059147753003,6089000
2022-10-18,27.225109100341797,27.4934242059823,26.90312960884852,27.001512610339432,6239900
2022-10-19,27.618637084960938,27.806459019488802,27.117781436062963,27.19827630715979,5948600
2022-10-20,27.63652801513672,27.940619402131787,27.332436628141647,27.940619402131787,9037800
2022-10-21,28.19104766845703,28.40570010785268,27.448707342499016,27.699134335507633,8867500
2022-10-24,27.815406799316406,28.316262515121103,27.708079721548103,28.316262515121103,5646900
2022-10-25,28.48619842529297,28.513028917265725,27.66336312197406,27.725969877785364,5810000
2022-10-26,28.7545108795166,28.924442988987856,28.504082188745326,28.691904133300255,5633700
2022-10-27,29.067546844482422,29.39846873017377,28.995994322272377,29.165929856615215,5166100
2022-10-28,29.219593048095703,29.416359087254534,28.817122021543266,29.37164046339452,6079600
2022-10-31,29.27325439453125,29.64889830181304,29.022827397551353,29.094376505911917,10473300
2022-11-01,29.908267974853516,30.266023755883406,29.57734609507866,29.76516634480396,7498500
2022-11-02,29.550518035888672,30.18553135821923,29.496853640777204,29.908270434528358,7056100
2022-11-03,29.648897171020508,29.827771641005718,29.139097425576654,29.40741254236629,6386400
2022-11-04,29.997709274291992,30.25708205055332,29.595234864888564,30.158699038053363,5524100
2022-11-07,30.266021728515625,30.47173009469425,29.95298799994201,30.113974337628616,5816400
2022-11-08,30.373348236083984,30.516449861943283,29.988761976872397,30.292853358299887,4776900
2022-11-09,29.219593048095703,30.248138455937564,29.14804393228214,30.2302503240311,5655700
2022-11-10,30.069257736206055,30.096091637462038,29.532627476454106,29.80094260633008,9389200
2022-11-11,30.480674743652344,30.623776358851156,30.015593641303283,30.462786615276038,5767700
2022-11-14,30.20341682434082,30.883148710035524,30.19447105337228,30.48067772356222,5136800
2022-11-15,30.319686889648438,30.59694436723123,30.15869713604018,30.462788513765574,4467700
2022-11-16,30.20341682434082,30.301799834122992,29.935101696087962,30.140810074808886,4642700
2022-11-17,29.604177474975586,29.97087562624562,29.148042081663927,29.845662122662496,7848100
2022-11-18,29.87249183654785,29.92615280952463,29.28219725112201,29.407410737149977,8510300
2022-11-21,29.648897171020508,29.684670017930458,28.92444328505786,29.478961647998013,6415100
2022-11-22,30.59694480895996,30.68638545770683,29.845660418545723,30.006650174478196,6366200
2022-11-23,30.257078170776367,30.498559373641932,30.0066477860306,30.3196849140099,4032400
2022-11-25,30.319686889648438,30.543283390569705,30.23919201284431,30.35545973681884,2108100
2022-11-28,29.944042205810547,30.07820146755688,29.684669452733907,29.809886355875967,5807500
2022-11-29,30.695337295532227,30.838438965905755,30.158706884584724,30.1944797433184,6392000
2022-11-30,31.035192489624023,31.169348332193834,30.63271813829146,30.95469761935751,12459400
2022-12-01,31.231952667236328,31.71492185161082,31.097796835006505,31.35716955385332,6139700
2022-12-02,31.26773452758789,31.28562265745522,30.81159915731272,30.909982165677068,6715200
2022-12-05,30.561168670654297,31.50027672125513,30.34651793643438,31.4466123317942,6331700
2022-12-06,29.935102462768555,30.659552986424284,29.62206529527959,30.418068341268356,6560100
2022-12-07,30.22130584716797,30.605892126688346,29.970875429830844,29.988763560484358,9084600
2022-12-08,29.80917739868164,30.678724136581963,29.446864530254043,30.57003165816232,7624600
2022-12-09,29.519325256347656,30.099023018189982,29.510268990500027,29.736713644674136,5991400
2022-12-12,30.06279182434082,30.07185154569475,29.347229324588998,29.637078213031298,5708600
2022-12-13,30.60626220703125,30.823647153720678,30.27112161003862,30.59720248534419,8547800
2022-12-14,30.54285430908203,30.968567884930593,30.1896012216726,30.669662755303772,4883800
2022-12-15,30.343585968017578,30.470394431159885,29.999389100008827,30.316413713136075,6735600
2022-12-16,29.301939010620117,29.791060328666518,28.812819420209443,29.70048384248228,15936800
2022-12-19,29.048322677612305,29.519328016975095,28.867167973912917,29.437807795637852,4805800
2022-12-20,29.301939010620117,29.4287509286581,28.957743871267105,29.08455406166936,5047100
2022-12-21,29.863525390625,30.02656583602728,29.510272244010586,29.736716923150244,5515900
2022-12-22,29.501209259033203,29.836346379617392,28.98491572411903,29.827290113772936,4830000
2022-12-23,30.180545806884766,30.262066027553537,29.5283840415346,29.591788273691254,5307500
2022-12-27,30.26206398010254,30.379816169828743,30.04467558793657,30.2439479928161,4938100
2022-12-28,29.63707733154297,30.35263981001199,29.51026887853001,30.198659104288023,3688200
2022-12-29,29.863525390625,29.9631616022899,29.51932851085667,29.573676477747963,3551500
2022-12-30,29.80011749267578,29.917866223554515,29.57367284137968,29.754825798199626,3479200
2023-01-03,29.12078285217285,29.637076368533023,28.722238063915118,29.628016647742935,5544600
2023-01-04,29.301939010620117,29.46497944996892,28.731299200535044,28.839993402646154,5761600
2023-01-05,29.003032684326172,29.25664959973598,28.9305704616897,29.16607311716714,6009300
2023-01-06,29.492155075073242,29.818232497559936,29.22041870676048,29.329114636194166,6347300
2023-01-09,29.555561065673828,29.954102464840908,29.483097108404362,29.827293994891004,6715100
2023-01-10,29.111724853515625,29.84540679371543,28.930570162615002,29.727654603376163,6282200
2023-01-11,29.374401092529297,29.50120954721766,29.184188410496752,29.41063306680347,6675100
2023-01-12,29.85446548461914,29.945045428880032,29.437808106833746,29.591788829169907,6560800
2023-01-13,29.718595504760742,29.863519934722355,29.33816671656716,29.78199972691451,4659700
2023-01-17,29.691423416137695,29.963159778785165,29.582730944241536,29.854463851617624,5565800
2023-01-18,28.695068359375,29.809175701751034,28.613548141383024,29.709539495841803,7924100
2023-01-19,28.921512603759766,29.21136149566716,28.532027507395828,28.577315748892982,7480800
2023-01-20,28.49579429626465,29.039263536474976,28.414275810632255,28.939627336339523,7368500
2023-01-23,28.695068359375,28.93057101939229,28.541085917349683,28.676952371457737,8740400
2023-01-24,28.477680206298828,29.48309329652069,28.079137131023746,28.559200420051358,6451300
2023-01-25,28.441450119018555,28.45050811310699,27.635307649140785,28.27840968069817,7189500
2023-01-26,28.468626022338867,28.695070706923,28.16971910779325,28.658838728124337,7382800
2023-01-27,28.541088104248047,28.713186547377287,28.359931666466125,28.40522163972952,6375900
2023-01-30,28.106313705444336,28.731299765046806,28.088197716797254,28.350872641636894,6201800
2023-01-31,29.20230484008789,29.20230484008789,28.14254203577457,28.278408486090036,11984600
2023-02-01,28.858108520507812,29.13889769237256,28.53202765164559,28.88528077448921,10077300
2023-02-02,29.175128936767578,29.22041717735883,28.5139109493758,28.90339603794882,8034400
2023-02-03,29.05738067626953,29.383458087008265,28.98491672592448,29.22041765400323,7436800
2023-02-06,28.71318244934082,29.111723791362635,28.468621811530447,29.00303132631508,5668800
2023-02-07,29.084552764892578,29.193245234521743,28.46862301154177,28.749413906992054,8534500
2023-02-08,28.812816619873047,29.12078320798377,28.71318214922678,28.984915036641063,5770800
2023-02-09,28.368988037109375,28.93057157997629,28.27840982340365,28.876223615171416,6871300
2023-02-10,28.82187843322754,28.876224672386407,28.45956729277545,28.649779993649375,6550900
2023-02-13,28.812816619873047,28.939626797950538,28.64977619637025,28.695066162696342,4800300
2023-02-14,28.912452697753906,29.06643512735025,28.568257593286784,28.695066043200637,5128900
2023-02-15,29.075490951538086,29.093606937718057,28.59542941121758,28.7312958522963,6898000
2023-02-16,29.06644058227539,29.356289509409294,28.92151611870844,28.957746370782235,6285700
2023-02-17,28.31464195251465,28.84905151585881,28.24217972668675,28.740357313299093,11956500
2023-02-21,27.88892364501953,28.314638960823398,27.599073044697466,28.19688677652228,9590900
2023-02-22,27.99761390686035,28.31463673429539,27.64436083700625,27.970439929319486,8341900
2023-02-23,28.124425888061523,28.359928540162667,27.907039223268693,28.242178077929914,5820300
2023-02-24,28.24217987060547,28.260295859063696,27.771174536506066,27.86175275116145,5462000
2023-02-27,27.807405471801758,28.28746705451219,27.74399951457305,28.12442661976688,7790500
2023-02-28,27.263938903808594,27.89798294997788,27.254880909595865,27.879868689188168,8399900
2023-03-01,27.119014739990234,27.34545941480864,26.974090286317317,27.227707216427042,7374800
2023-03-02,27.55378532409668,27.626247543630285,27.010317813776833,27.082780033310442,5558500
2023-03-03,28.051963806152344,28.142542015509314,27.37262982742855,27.426977789624118,5713900
2023-03-06,27.807405471801758,28.097254365733118,27.74399951457305,27.90703994931836,5722000
2023-03-07,27.508499145507812,27.789290051281103,27.372630962022807,27.73494381446853,5586400
2023-03-08,27.508499145507812,27.707769832244384,27.27299648247238,27.508499145507812,6794400
2023-03-09,27.0737247467041,27.861752974599078,27.046552491434603,27.71682852104254,8255800
2023-03-10,26.575319290161133,27.191425386596073,26.391408095865305,27.090273089682857,9144700
2023-03-13,26.676475524902344,26.99832235483405,25.9040438346359,26.2166948404068,11855300
2023-03-14,26.89716911315918,27.2925807687839,26.464975916086892,26.832800100182887,9676000
2023-03-15,26.464977264404297,26.805213994305692,25.99600074806732,26.15232625351298,11603600
2023-03-16,26.501758575439453,26.575323415361787,25.80289171921522,26.069565360136263,10961900
2023-03-17,26.023584365844727,26.43738765682551,25.885650520159135,26.400604362549885,13152100
2023-03-20,26.56612777709961,26.81440977129706,26.07876136692403,26.14313038306615,6859400
2023-03-21,26.832799911499023,26.943146288989855,26.501757271178434,26.869581452687953,7843400
2023-03-22,26.336233139038086,26.989122526190524,26.317843247369176,26.85118869209247,6225800
2023-03-23,26.023584365844727,26.63049469000054,25.830477332669698,26.336235351491542,5478400
2023-03-24,26.428192138671875,26.474171257047765,25.563804006369452,25.66495631287238,7071200
2023-03-27,26.602907180786133,26.860383207671468,26.510950705216846,26.74084101717812,6324100
2023-03-28,26.547739028930664,26.704064540851565,25.986806000169043,26.152327336782257,6613500
2023-03-29,26.915559768676758,26.915559768676758,26.667277795842672,26.851190758073255,7478800
2023-03-30,27.04429817199707,27.21901531319233,26.933951796238816,27.21901531319233,4213500
2023-03-31,27.458101272583008,27.47649116579723,27.05349380516198,27.05349380516198,5821900
2023-04-03,27.44890594482422,27.963859796528237,27.24660133049747,27.87190331310008,9085100
2023-04-04,27.283382415771484,27.522468551751615,26.933949911753697,27.448903721751876,6509000
2023-04-05,27.531667709350586,27.559253427739208,27.145451866592897,27.42131957402377,5629200
2023-04-06,27.264991760253906,27.669599216912715,27.099470448260575,27.65120757026369,6628800
2023-04-10,27.439708709716797,27.54086101167736,27.136253557759044,27.292579045369035,5824900
2023-04-11,27.7431640625,27.890293727912795,27.467296378332,27.632815936478426,5019000
2023-04-12,27.890296936035156,28.184556300708362,27.84431956802653,27.936274304043785,7357200
2023-04-13,28.046619415283203,28.065011062071044,27.78914162202535,27.881098102040582,6207400
2023-04-14,27.945466995239258,28.304097090409464,27.77075161325589,28.12937995450213,6877800
2023-04-17,27.881099700927734,28.110990037187264,27.81673068740292,28.046621023662446,4779000
2023-04-18,27.73396873474121,27.945467413310816,27.63281643024097,27.77075202871366,4022400
2023-04-19,27.660404205322266,27.669600028916644,27.46729717161235,27.522470359254612,3800400
2023-04-20,27.43051528930664,27.43051528930664,27.154647582970178,27.421319465238877,5165300
2023-04-21,27.522472381591797,27.56844974901807,27.209821372105537,27.448907541355272,3903300
2023-04-24,27.890296936035156,27.982253425976573,27.36614722347049,27.522472730193652,4571300
2023-04-25,27.522472381591797,27.78914426972764,27.46729918989544,27.76155855084153,4029300
2023-04-26,27.071884155273438,27.550054680489993,26.878775377421967,27.33855601030537,5513600
2023-04-27,27.41212272644043,27.4764917388427,26.96153788570051,27.04429854562458,6626300
2023-04-28,27.825927734375,27.991449064384977,27.32016792001961,27.366147041646908,5428300
2023-05-01,27.917882919311523,28.055816769900503,27.586840274758718,27.586840274758718,4671800
2023-05-02,26.943145751953125,27.706381571093907,26.59371322496506,27.678795854233066,7298500
2023-05-03,26.630496978759766,27.127060970613922,26.62130290832468,26.694867749274465,6094000
2023-05-04,26.759235382080078,27.347754079244616,26.510953398992264,26.906365056371214,10485800
2023-05-05,27.752361297607422,27.954664159360288,27.0626902981795,27.23740744246664,9884100
2023-05-08,27.182231903076172,28.028228380629645,27.081081351381872,27.991446840174632,5642200
2023-05-09,27.08108139038086,27.2833842479848,26.869580955244903,26.943145790184882,5122700
2023-05-10,26.814409255981445,27.366146425620084,26.54773737224264,27.366146425620084,6260900
2023-05-11,26.66727638244629,26.814406042863116,26.44658189182105,26.56612408318826,4746300
2023-05-12,26.924758911132812,27.02590947429663,26.722454276956753,26.887975612582906,4245000
2023-05-15,26.759235382080078,27.01671143512753,26.373019548584836,27.007517365167892,9341000
2023-05-16,26.345430374145508,26.915559140617486,26.235084002521223,26.759233652546456,9360000
2023-05-17,26.621301651000977,26.759235502026687,26.382215490725176,26.63969154492675,6372800
2023-05-18,26.86038589477539,26.897169190252452,26.363823683303554,26.437388520333606,6379400
2023-05-19,26.887971878051758,27.117862200286048,26.759233858856224,26.97992835773027,5157200
2023-05-22,26.878774642944336,27.09027330734964,26.63968850990726,26.84199310535918,5575800
2023-05-23,27.01671028137207,27.219014890325962,26.81440742634217,26.86038478987315,5559400
2023-05-24,26.915559768676758,27.081081083899484,26.658081972338742,27.062689436891628,5658900
2023-05-25,26.740842819213867,26.786820183134928,26.32703952822828,26.648886337447735,8775600
2023-05-26,26.437387466430664,26.8787764710154,26.327039338322482,26.805211636917946,5960200
2023-05-30,26.26267433166504,26.400608197386298,26.097152991229823,26.207501136161387,6014800
2023-05-31,26.35462760925293,26.41899662180267,25.995999251376347,26.005195075158316,12283000
2023-06-01,26.768430709838867,26.897168733976567,26.271866752866533,26.400604777004233,8113900
2023-06-02,27.798337936401367,28.074207381319546,27.0075164037202,27.127058602104608,11368900
2023-06-05,27.715576171875,28.138575268959908,27.70638034868577,28.138575268959908,5154200
2023-06-06,27.9086856842041,27.954663047434213,27.4581008596379,27.476490752575554,5664000
2023-06-07,28.874225616455078,28.88342144029133,28.065012412029716,28.12018560112316,11279200
2023-06-08,29.150096893310547,29.168486788209403,28.53399068913256,28.87422742273768,9968000
2023-06-09,28.346065521240234,29.101588800632683,28.336737875672448,29.07360586392932,8944100
2023-06-12,28.504634857177734,28.597909543342233,28.07557379151437,28.122210245063286,8073700
2023-06-13,28.430015563964844,28.905714863915435,28.392706756807936,28.541945543568907,9090100
2023-06-14,28.168846130371094,28.672526547181075,28.15951848462525,28.579251868789147,6328300
2023-06-15,28.51396369934082,28.775132475739348,28.18750317360935,28.243469055094796,7153200
2023-06-16,28.476652145385742,28.709837958560666,28.457996853355773,28.625890923492367,14134900
2023-06-20,28.579256057739258,28.607238999078337,28.206159068552083,28.42068961495136,7009800
2023-06-21,28.747150421142578,28.95235510144794,28.383381075607502,28.485983415760185,5718500
2023-06-22,28.51396369934082,28.83109657815805,28.40203549450341,28.793787769567828,6707300
2023-06-23,28.53261947631836,28.57925593261253,28.224814239203237,28.318088930858345,11263800
2023-06-26,28.980335235595703,29.138901674265355,28.53261886019907,28.560601800811384,7466900
2023-06-27,29.26015853881836,29.446706134151885,28.821768042697872,28.924370376524656,8499700
2023-06-28,29.866439819335938,30.043659759037237,29.33477644209886,29.418723478406463,15800700
2023-06-29,30.34213638305664,30.360791674786167,29.82912831396046,29.866438897419513,8950000
2023-06-30,30.4354190826416,30.556673166547668,30.239540258382174,30.528692002282238,7552600
2023-07-03,30.519365310668945,30.70591114492033,30.3794523768467,30.454073557054222,2930300
2023-07-05,30.27684783935547,30.538018393024423,30.155593767504534,30.538018393024423,10043600
2023-07-06,30.192899703979492,30.286176169104333,30.03433505046725,30.146263250483734,6686100
2023-07-07,30.528688430786133,30.827166008478386,30.10895322523972,30.1462638119846,6676000
2023-07-10,30.69658088684082,30.81783850827131,30.35146687306672,30.454069202113043,7988700
2023-07-11,31.293535232543945,31.33084581638462,30.62196251407736,30.761871866280224,10206000
2023-07-12,31.815876007080078,31.899823050296654,31.37748549715646,31.536053715735985,13714600
2023-07-13,31.955781936645508,31.983766653463427,31.759906709585568,31.806543160104635,11050600
2023-07-14,31.13497543334961,31.759911798328563,30.911115453603706,31.759911798328563,6643400
2023-07-17,30.78985023498535,31.153623057267968,30.780524368936828,30.948418422872564,5001200
2023-07-18,31.0976619720459,31.340173666087125,30.752547945017994,30.82716555928709,5126500
2023-07-19,31.079002380371094,31.321517599003087,30.957744771055093,31.106983537085227,5400500
2023-07-20,31.340177536010742,31.396143422223304,31.032374057176103,31.3868175535881,4864300
2023-07-21,31.5733585357666,31.685290290977992,31.27488097146936,31.480085631223677,4344700
2023-07-24,31.67595863342285,31.965110310142425,31.66663276687905,31.703943349320216,5640600
2023-07-25,31.69461441040039,31.815872026126108,31.461428603768724,31.657303827387395,4576000
2023-07-26,31.778566360473633,32.030407497581265,31.424122883270275,31.526725223366004,4586900
2023-07-27,31.75991439819336,32.09570261623298,31.629330881874388,31.75991439819336,7467900
2023-07-28,31.769237518310547,31.918476301351664,31.49874111213188,31.918476301351664,5400300
2023-07-31,32.13300704956055,32.31022699371841,31.834529481435045,31.946457679948786,6831200
2023-08-01,31.80654525756836,32.1703181351253,31.526722977868147,32.1703181351253,5521100
2023-08-02,31.414793014526367,31.64797882754504,31.03236842350107,31.629323535527572,6000500
2023-08-03,32.12367630004883,32.496775023894145,31.685289391383684,31.74125170926729,8534700
2023-08-04,32.0490608215332,32.71130772017388,32.03973139584341,32.207625476926026,7617900
2023-08-07,32.15166091918945,32.459464341011106,32.01174800864035,32.21695266194354,4119700
2023-08-08,32.48745346069336,32.49677932886502,31.713274751502553,31.815877092058788,5682200
2023-08-09,32.888526916503906,33.07507628656552,32.61803406595452,32.61803406595452,8472600
2023-08-10,32.70198059082031,33.065749899752255,32.52475709088602,32.925836984870784,5949600
2023-08-11,33.00045394897461,33.02843510513133,32.692646998719546,32.729957579017025,4572100
2023-08-14,32.67399978637695,33.03776913887808,32.627363328541826,33.00978797580374,5002300
2023-08-15,32.422157287597656,32.57139608130535,32.291573787870114,32.50610433144158,4711800
2023-08-16,32.15166091918945,32.4221537571136,32.1330056272407,32.31955498859513,6196900
2023-08-17,32.28224563598633,32.69265140011301,32.28224563598633,32.36619267389102,4924500
2023-08-18,32.43148422241211,32.55274184490186,31.965112583133475,32.01174903543469,4328000
2023-08-21,32.48745346069336,32.62736283206983,32.170320570852994,32.4781240343881,5960600
2023-08-22,32.300899505615234,32.77659699402923,32.29157008062947,32.61803235060226,5780800
2023-08-23,32.36619186401367,32.422154182460986,31.86250964918883,32.160987208018405,6137000
2023-08-24,32.198299407958984,32.636689901169476,32.18896998232755,32.2262805685866,4446700
2023-08-25,32.33820724487305,32.6087036453005,32.22627904950531,32.3941731216235,4247500
2023-08-28,32.52476119995117,32.74862118041656,32.310230645994245,32.45946944692661,4003800
2023-08-29,32.534088134765625,32.59937988278967,32.31022817144503,32.543414002426175,3932000
2023-08-30,32.646018981933594,32.65534485034961,32.459469590410094,32.599382523586144,4164200
2023-08-31,32.20762634277344,32.71130859956193,32.20762634277344,32.673998012066455,10242300
2023-09-01,32.35686111450195,32.711304535404835,32.23560705740685,32.5340846040199,5250200
2023-09-05,32.12367630004883,32.52475618283595,32.10502100804325,32.36619153798822,6534700
2023-09-06,31.564035415649414,32.021081227207155,31.29353898754654,31.983770638889474,8081700
2023-09-07,31.890491485595703,32.04905969354096,31.545377468020607,31.592013920428066,6450200
2023-09-08,31.964214324951172,32.285557844936434,31.935861651397513,32.002020293273105,6114500
2023-09-11,31.841346740722656,32.27610816581203,31.709029456929375,32.15324057141445,5282500
2023-09-12,32.28555679321289,32.31390946584295,31.879151660429986,31.935860611065554,4599200
2023-09-13,32.38006591796875,32.41787188250496,32.08707870625117,32.332810264986094,4134900
2023-09-14,32.81482696533203,32.92824125241089,32.55964211537321,32.63525043830072,4744200
2023-09-15,32.45568084716797,32.91879494210767,32.408425189817116,32.47458383118342,10846500
2023-09-18,32.540740966796875,32.64470557138335,32.21939746415477,32.587996621961075,4554900
2023-09-19,32.408424377441406,32.78647323214732,32.21939814740072,32.78647323214732,5109500
2023-09-20,32.408424377441406,32.635252969189864,32.31390945973333,32.31390945973333,4624500
2023-09-21,31.61451530456543,32.53128651945691,31.52945368613475,32.50293384843844,5504300
2023-09-22,31.77518653869629,32.03037140435783,31.65232255570679,31.756283555457426,5599700
2023-09-25,32.096527099609375,32.162685732190646,31.652319653045854,31.680672322616378,4871000
2023-09-26,31.73738670349121,32.011470968829876,31.652325074834195,31.831898021832036,7772700
2023-09-27,32.22884750366211,32.39897074840435,31.85079865286024,31.954763258577767,5594800
2023-09-28,32.52183532714844,32.75811718904443,32.25720079554497,32.27610377714166,5824400
2023-09-29,31.841346740722656,32.56909540696127,31.661773799199715,32.53128943862731,7513300
2023-10-02,31.12305450439453,31.82244696214725,31.02854317941474,31.69958296074871,6753100
2023-10-03,31.160856246948242,31.1703059360132,30.707195458945755,31.000182689840337,7948300
2023-10-04,31.12305450439453,31.368786112567555,30.801710951936922,31.14195749046568,8409900
2023-10-05,31.529457092285156,31.66177437849938,30.839514381756967,30.84896407132556,6924200
2023-10-06,31.83189582824707,32.03037174631093,31.11359687900342,31.39713802523801,5788500
2023-10-09,32.47458267211914,32.56909398344761,32.16268885505944,32.3611683774499,4680300
2023-10-10,32.531288146972656,32.66360903088772,32.295006262330354,32.44623012966185,4625200
2023-10-11,32.78647232055664,32.80537530357268,32.31390856128175,32.36116782150953,4290600
2023-10-12,32.890438079833984,33.03220865474672,32.67305917557648,32.975499703706525,4564100
2023-10-13,33.259037017822266,33.457516542400626,33.02275513152106,33.16452570545197,5212200
2023-10-16,33.7694091796875,33.92062945355177,33.306298668330065,33.46696863195897,6400100
2023-10-17,33.930076599121094,34.23251709203456,33.703244426748455,33.769403059237334,8399300
2023-10-18,33.69379806518555,34.024591260288176,33.268489953356855,33.958432621267654,7404900
2023-10-19,33.618186950683594,34.10965371350406,33.523675637030834,33.72215155892693,5424100
2023-10-20,33.003849029541016,33.57092766630769,32.87153176257466,33.55202468454462,9725800
2023-10-23,32.928245544433594,33.06056283083499,32.57854934389053,32.76757197853501,4343800
2023-10-24,32.569095611572266,33.12672102918685,32.46513100068852,33.07946537116031,8847000
2023-10-25,32.569095611572266,32.871536149392824,32.55019262728653,32.6163512695988,5239700
2023-10-26,32.68251037597656,32.85263000744577,32.247748989943354,32.313907625896725,5014200
2023-10-27,32.18159484863281,32.63525567512016,32.030374573137024,32.606903000144634,5468800
2023-10-30,32.351715087890625,32.5501910049351,31.879151320427354,32.370618071234205,5000400
2023-10-31,32.512393951416016,32.68251722390621,32.25720904268073,32.512393951416016,6446900
2023-11-01,32.81482696533203,33.1550734319438,32.408421864142994,32.62580074995047,6094700
2023-11-02,33.826114654541016,33.85446732629387,31.945309311802312,32.76756924101329,8445100
2023-11-03,34.10020065307617,34.22306462760308,33.78830685918059,34.0245887253287,5508000
2023-11-06,33.78831100463867,34.32703343712174,33.71269906761444,34.270324484353566,4660000
2023-11-07,33.36300277709961,33.55202901374512,33.21178250885831,33.55202901374512,6088700
2023-11-08,33.19287872314453,33.49531925232405,33.003852491063455,33.34409898773429,5837200
2023-11-09,32.928245544433594,33.43861531087524,32.909342559894014,33.31574771405582,6702900
2023-11-10,32.96604919433594,33.26848971494105,32.79592595082364,33.22123405960439,6033600
2023-11-13,33.0133056640625,33.14562294441939,32.72976811967268,32.92824404020801,4202800
2023-11-14,33.35354995727539,33.56147555323248,33.07001243160644,33.0794621201328,5335700
2023-11-15,33.4386100769043,33.80720920429204,33.315742499316684,33.40080411374271,9133300
2023-11-16,32.84318161010742,33.5142212899447,32.74867029942274,33.2779394078576,7654000
2023-11-17,33.485862731933594,33.712691279856855,32.966043403786784,33.09836065763782,9538000
2023-11-20,33.65599060058594,33.873369491317966,33.438611709853916,33.53312301699818,4795000
2023-11-21,33.97733688354492,33.99623986760165,33.38190550457228,33.64654007061543,5281800
2023-11-22,34.241973876953125,34.26087686234986,33.51422516336984,33.637092765760734,4168300
2023-11-24,34.32703399658203,34.48770756268938,34.052946128465514,34.251425663701134,2022500
2023-11-27,34.3931884765625,34.40264177038807,34.1474569177259,34.25142151755588,4607500
2023-11-28,34.33647918701172,34.67672201273073,34.33647918701172,34.50659879718382,5705100
2023-11-29,34.44044876098633,34.629475003789906,34.289228487818605,34.43099907126522,5032300
2023-11-30,34.771244049072266,35.0358786140653,34.44990053213406,34.55386514134577,13200800
2023-12-01,35.23435592651367,35.39502949400323,34.66728080621383,34.72398976039409,6282300
2023-12-04,34.96026611328125,35.27215629833702,34.87520449819783,34.969715801457134,5203800
2023-12-05,34.27032470703125,34.969720707547474,34.194716374891335,34.93191473878971,6247600
2023-12-06,33.87337112426758,34.43099651620109,33.78830950158702,34.09075002547889,7445800
2023-12-07,33.43119430541992,34.12987040980444,33.14406768938715,34.02458979868939,9664600
2023-12-08,33.99588394165039,34.12030683486491,33.55562281306192,33.60347664860178,5501600
2023-12-11,33.39291000366211,33.93845167303305,33.182348780040684,33.90016715037224,8260400
2023-12-12,32.93350601196289,33.28762871180833,32.78037157546111,33.22063262402711,8969800
2023-12-13,33.17277908325195,33.18234838829767,32.55066837590388,32.96221786211636,7446800
2023-12-14,33.17277908325195,33.641755352777686,33.13449456104312,33.49819022000106,10269300
2023-12-15,33.134498596191406,33.182352429273635,32.627241393695606,33.01964866659137,19467100
2023-12-18,33.21106719970703,33.814035711206564,33.17278267335488,33.52690541457881,6104800
2023-12-19,33.565185546875,33.64175458955556,33.10578224383034,33.258916678178565,5047600
2023-12-20,33.182350158691406,33.785318637105526,33.12492702332742,33.46948043956406,5585200
2023-12-21,33.469482421875,33.48862468513447,33.07707515258937,33.31634796681264,5959200
2023-12-22,33.63218307495117,33.86188656182342,33.55561768000246,33.6608946416803,5506000
2023-12-26,33.613040924072266,33.86188667325384,33.57476005197847,33.71832153710962,3461900
2023-12-27,33.52690505981445,33.76617787046346,33.40248582700658,33.52690505981445,4289100
2023-12-28,33.43119430541992,33.699178660248776,33.325913694304866,33.498190394127136,4064100
2023-12-29,33.33548355102539,33.52689884324161,33.24934520912303,33.52689884324161,3686500
2024-01-02,33.99588394165039,33.99588394165039,33.440769226549925,33.45034218426607,6379100
2024-01-03,34.751983642578125,34.96254122907684,33.87145781835702,33.99588069970623,8678400
2024-01-04,34.28300857543945,35.11567694776047,34.196870216163944,35.029538588484954,5408900
2024-01-05,34.02458953857422,34.41699676272212,33.75660518579408,34.35000067452709,6265700
2024-01-08,34.12030029296875,34.13943890270434,33.23020524873388,33.68960855365947,6596000
2024-01-09,33.90016555786133,34.13943833673165,33.57475808357003,34.01501912044834,10481700
2024-01-10,33.718318939208984,33.986303278283486,33.63218059436178,33.8810263243705,6185300
2024-01-11,33.287628173828125,33.78531599716874,32.90479391426735,33.737462171100255,7040800
2024-01-12,33.4216194152832,33.938449484842295,33.26848498552638,33.73746123035136,6629100
2024-01-16,33.086639404296875,33.4407620929667,33.01007401396876,33.32591218196811,7966500
2024-01-17,32.53152847290039,33.12492393950182,32.49324395221311,32.76122829499837,7429700
2024-01-18,32.39753723144531,32.62724073703578,32.16783737686821,32.48367558966507,7417400
2024-01-19,32.4071044921875,32.598523438031066,32.04340886018599,32.598523438031066,7492100
2024-01-22,32.51239013671875,32.60809779897577,32.21569054210074,32.40710951762806,6714500
2024-01-23,32.49324417114258,32.63680564816788,32.273113652226826,32.45495965019735,4441700
2024-01-24,32.5698127746582,32.79951627197431,32.5123896385891,32.64638182410132,5476000
2024-01-25,32.96221923828125,32.96221923828125,32.52195816753784,32.79951548862035,6070400
2024-01-26,33.3737678527832,33.41205237557072,32.91436453237216,32.971791316553436,6289600
2024-01-29,33.31634521484375,33.39291061054384,32.92393797797142,33.32591452017635,6037700
2024-01-30,33.689613342285156,33.69918264851313,33.17278318165203,33.17278318165203,4792400
2024-01-31,33.17277908325195,33.8714551840047,33.15363682214754,33.80445909564574,5998500
2024-02-01,33.3737678527832,33.69917899445099,33.134495061880806,33.26848724062406,4693100
2024-02-02,33.30677032470703,33.45033545345231,32.780370937662475,33.23977423822934,5021700
2024-02-05,32.9526481628418,33.21106320814039,32.722944683349844,33.077071033025476,5766600
2024-02-06,32.828224182128906,33.09621217430605,32.73251653200246,33.03878539362248,4966800
2024-02-07,32.81865692138672,32.981360666937036,32.63680726340336,32.89522231605362,7186600
2024-02-08,32.579383850097656,32.80908368313686,32.435818716188386,32.70380307173847,7093500
2024-02-09,32.5698127746582,32.79951627197431,32.397536064424436,32.56024346898443,6003600
2024-02-12,33.067501068115234,33.105785593328974,32.55067093076954,32.56981319337641,6092800
2024-02-13,32.579383850097656,33.20149091134077,32.31139584353456,33.077071689699956,9527800
2024-02-14,31.631864547729492,32.68466709554551,31.249030244807287,32.68466709554551,15469800
2024-02-15,32.72294235229492,32.80908069459163,31.61271685770001,31.61271685770001,10586700
2024-02-16,32.837799072265625,33.02921438379504,32.46453045235197,32.77080298302772,7773300
2024-02-20,32.64638137817383,33.00050409947807,32.39753562189601,32.971792531835696,7615200
2024-02-21,33.19192123413086,33.20149053914479,32.66552183405297,32.8282255763807,8076600
2024-02-22,33.40248107910156,33.78531533111503,32.78993970405693,32.97178935095019,9328500
2024-02-23,33.440765380859375,33.56518825976526,33.18235031744556,33.30677319635144,5749600
2024-02-26,33.23020935058594,33.6896127122191,33.19192482436316,33.35462858428989,5804200
2024-02-27,33.536476135253906,33.57476065905301,33.067499846247756,33.39291099651384,8672800
2024-02-28,33.74703598022461,33.8236050329644,33.402486195935715,33.58433221967264,8243100
2024-02-29,34.397857666015625,34.67541500036428,33.86188891115015,33.89060047987128,12210600
2024-03-01,34.83811950683594,34.84768881194143,34.35957392927507,34.531850629278026,8114200
2024-03-04,34.80940246582031,34.962536896576516,34.47442203948262,34.83811768165842,7064300
2024-03-05,35.11567306518555,35.46979942028268,34.71369653368675,34.82854644968455,6770800
2024-03-06,34.96253967285156,35.51765431030588,34.9433974111104,35.33580464927141,7420800
2024-03-07,34.83163070678711,35.02557149383886,34.657088067464656,34.96739184710232,6180800
2024-03-08,34.95769119262695,35.03526898358511,34.69587169681217,34.79284393550987,4432000
2024-03-11,35.529815673828125,35.55890549687979,34.80254050463422,34.87041922449663,7265800
2024-03-12,35.617088317871094,35.733451307477864,35.40375308766473,35.529815150887835,6283800
2024-03-13,35.82072448730469,36.22800049974353,35.71406057127601,35.859513383558436,8015900
2024-03-14,35.762542724609375,35.888601081301275,35.46193434511038,35.78193717158794,9116000
2024-03-15,35.87890625,36.10193684495784,35.57829786595461,35.597692313226496,9965400
2024-03-18,36.09224319458008,36.11163764277821,35.72375607704107,35.96618113084859,4364300
2024-03-19,36.60618209838867,36.68375988900569,36.03405883948246,36.12133200437028,5246200
2024-03-20,36.7225456237793,36.78072896759539,36.46072612527597,36.56739373938244,7844400
2024-03-21,37.26557922363281,37.58557836816971,36.76133467246877,36.84860783899933,12240000
2024-03-22,37.091033935546875,37.42073216293847,37.071639486981155,37.304369170656976,6820700
2024-03-25,37.052242279052734,37.59527570111353,36.984363563684205,37.178304335785384,5784600
2024-03-26,36.935882568359375,37.18800300505274,36.82921494929618,37.05224556228609,5946100
2024-03-27,37.372249603271484,37.40133942789639,36.90679391370805,37.03285228649129,5065500
2024-03-28,37.78921890258789,37.90558189368426,37.34315398834502,37.55648922128236,6721200
2024-04-01,37.6922492980957,37.80861599644711,37.40133995044329,37.77952247230273,5728500
2024-04-02,38.10921859741211,38.10921859741211,37.701946273199034,37.77952036866745,5833200
2024-04-03,38.15769958496094,38.28376164074799,38.002547708266306,38.20618755195694,8990500
2024-04-04,37.92497253417969,38.555275396852586,37.750426215504135,38.283760545185025,5239000
2024-04-05,38.04133605957031,38.13830829306651,37.44012300834379,38.04133605957031,5382400
2024-04-08,37.76982116699219,38.225577717084015,37.760122094095834,38.138308255691676,5938900
2024-04-09,38.0510368347168,38.12861092587161,37.537093221976505,37.83770161059393,6305000
2024-04-10,37.701942443847656,37.98315267286035,37.53709149666266,37.895883211489576,8515400
2024-04-11,37.430423736572266,37.80860989652944,37.07163572232374,37.798910823675115,8341500
2024-04-12,36.926185607910156,38.01224880252142,36.761334649405754,37.61467186615668,7906100
2024-04-15,36.69345474243164,37.27527336735003,36.5673926840247,37.26557799321685,7809600
2024-04-16,36.509212493896484,36.74193846073132,36.053452235102164,36.66436437149056,8086700
2024-04-17,36.53830337524414,36.78072842221412,36.29587832827416,36.68375988307119,6399500
2024-04-18,36.44133377075195,36.65466529045226,36.1407253896168,36.25708837300902,7216400
2024-04-19,37.3431510925293,37.391639059246124,36.32496667638852,36.59648523337523,6745900
2024-04-22,37.488609313964844,37.624366749128804,36.94557587419632,37.38194170087525,5977300
2024-04-23,37.6049690246582,37.67284773632556,37.27527083979719,37.41103196224425,5142600
2024-04-24,38.06072998046875,38.10921424699081,37.16860763930306,37.47891138397917,5667700
2024-04-25,38.25467300415039,38.32255172111119,37.80861180723297,38.08012667507616,3903300
2024-04-26,38.07042694091797,38.16739917711635,37.74072873606861,38.16739917711635,5723200
2024-04-29,38.021942138671875,38.361339411933336,37.837700441149956,38.21588290923378,5019600
2024-04-30,37.19770050048828,37.97345992560067,37.178306052471385,37.97345992560067,7907200
2024-05-01,36.741939544677734,37.343152625702444,36.54799876718544,37.168609994983306,7780300
2024-05-02,37.372249603271484,37.711643220938676,36.85830594051588,36.94557911350359,5948900
2024-05-03,37.49830627441406,37.71164150961704,37.25588121590625,37.49830627441406,4420800
2024-05-06,37.876487731933594,37.915272925114344,37.45951638756352,37.54678954566685,6769100
2024-05-07,37.92497253417969,38.77830968113656,37.71163732266236,38.43891241743969,8726200
2024-05-08,38.12860870361328,38.22557723668333,37.58557530072875,37.7213364257842,6449400
2024-05-09,38.380733489990234,38.50679184539817,38.17709364834571,38.27406588225084,6390100
2024-05-10,38.43891525268555,38.58437176201482,38.14800593313969,38.42921987831619,4673700
2024-05-13,38.458309173583984,38.67164439791376,38.37103600900477,38.535886963926686,5889700
2024-05-14,39.1370964050293,39.1758852965954,38.4389111532885,38.45830559907156,5973400
2024-05-15,39.243770599365234,39.476496589630116,39.040130733992314,39.243770599365234,7829800
2024-05-16,39.70922088623047,39.87406813202133,39.137097664117476,39.137097664117476,7362500
2024-05-17,40.019527435302734,40.09710152725512,39.544372712810905,39.87407092661208,6116900
2024-05-20,40.18437576293945,40.27164893065579,39.98073960463892,40.05831739777023,4991700
2024-05-21,40.514076232910156,40.620743854826365,40.1164992688398,40.27165116459621,4967800
2024-05-22,39.48619079589844,40.37831314712229,39.331038921811135,40.31043443340362,6253600
2024-05-23,38.894676208496094,39.64134581780502,38.80740304119732,39.49588930593614,5879900
2024-05-24,38.91407012939453,39.17588962774317,38.67164507897313,39.07891738810698,4226000
2024-05-28,39.43770217895508,39.52497533788362,38.88497340544513,38.95285211804373,5163000
2024-05-29,38.88497543334961,39.36013014543215,38.846190237779425,39.33104032397637,3977700
2024-05-30,39.40861892700195,39.41831800133961,38.89467896049676,38.95285861007062,3774500
2024-05-31,40.252254486083984,40.30074245635191,39.18558572421951,39.447405227392665,9789500
2024-06-03,39.73831558227539,40.24256015339216,39.476496072323634,40.20377125581867,7033400
2024-06-04,40.06800842285156,40.14558620756157,39.3601277833784,39.68012689752626,6443300
2024-06-05,40.32013702392578,40.38801574356637,39.75770911934625,40.13589161423321,4827100
2024-06-06,40.16497802734375,40.33952434849064,39.83528353085792,40.184372474039236,4894600
2024-06-07,39.92464828491211,40.29741016962948,39.81674323338664,39.98350286427099,6157200
2024-06-10,40.670169830322266,40.876168349818464,40.15026773577687,40.31702737288548,7248100
2024-06-11,40.58188247680664,40.66036023821863,40.17969330463426,40.4543617275506,4131900
2024-06-12,40.75845718383789,40.98407515415497,40.532839213520816,40.90560112805709,6120900
2024-06-13,40.72903060913086,40.87617081391557,40.45436589991193,40.65055283962487,5157300
2024-06-14,40.38569259643555,40.68978831475033,40.23855240398055,40.591694853113665,3602100
2024-06-17,40.47397994995117,40.768267831573134,40.140456927202024,40.307220309589525,5588800
2024-06-18,41.01350402832031,41.15083637327873,40.729027746891745,40.76826662888722,4812600
2024-06-20,41.592262268066406,41.78844918374434,40.88597739714407,41.190073103685755,8130700
2024-06-21,41.25873947143555,42.377021361102074,41.24892788038903,42.35740192103461,15441600
2024-06-24,42.28873825073242,42.36721227361389,41.219503027038655,41.23912246826547,7541900
2024-06-25,42.07292556762695,42.39664071504417,41.866927060375396,42.200450056793635,5304000
2024-06-26,41.48435974121094,42.07292800807702,41.33721580348153,41.98464239384453,4933200
2024-06-27,41.43531036376953,41.739402327357,41.16064194701323,41.56283111016565,4534600
2024-06-28,41.69035720825195,41.788450669578744,41.07235792422126,41.641310477588554,8506800
2024-07-01,41.58245086669922,41.98464003291401,41.32740562993946,41.876734983583724,3161400
2024-07-02,41.49416732788086,41.79826305098292,41.27836096047769,41.76883576043379,4386200
2024-07-03,41.984642028808594,42.22007157872355,41.43531264904994,41.513786671004425,3176600
2024-07-05,41.67073440551758,42.01406897651191,41.45492431757974,41.866925054367854,3182200
2024-07-08,41.543212890625,42.02387982754942,41.51378560090383,41.61187906132482,4004500
2024-07-09,41.58245086669922,41.886546574627694,41.288166749814714,41.4058796481634,3906700
2024-07-10,41.69035720825195,41.71978449824485,41.18026297689614,41.58245215557707,4251700
2024-07-11,41.85711669921875,41.93559446163507,41.49416640310746,41.64131033662522,3021900
2024-07-12,42.16121292114258,42.38683087775661,41.96502225477473,42.1317856308964,4332100
2024-07-15,41.74921798706055,42.53397694993227,41.70016751148501,42.53397694993227,5491100
2024-07-16,41.543212890625,42.02387982754942,41.44511943020401,41.91597477587094,4849900
2024-07-17,41.837501525878906,42.10235462229483,41.62169141855037,41.68054974110153,6105700
2024-07-18,42.45549774169922,42.965591985759794,41.5432143089405,41.68055039705455,7509800
2024-07-19,43.161781311035156,43.33835253394235,42.46530801069325,42.80863886522076,8859200
2024-07-22,43.9171142578125,44.240825681556906,43.18140205418111,43.26968766829791,8500700
2024-07-23,43.24026107788086,43.93673441051183,43.181402753507854,43.750351587676896,8738200
2024-07-24,41.68054962158203,43.201020733882714,41.53340568663892,43.16178185229446,10198500
2024-07-25,41.023311614990234,41.74921595915302,40.90559871178368,41.68054978711372,7779200
2024-07-26,41.70997619628906,41.86692797792411,41.04293018883371,41.131215799880025,5567500
2024-07-29,42.11216735839844,42.22007241499571,41.670739282330416,41.827691071373955,5811900
2024-07-30,42.13178634643555,42.26911869261769,41.54321433733607,41.84731006247209,7504600
2024-07-31,42.12197494506836,42.66150022468594,41.92578801650829,42.524164135857774,8295900
2024-08-01,42.28873825073242,42.56340294385625,42.0140735576086,42.28873825073242,6838400
2024-08-02,41.39607620239258,42.22988191259378,40.885981932589424,42.141596293935045,5833900
2024-08-05,40.45436477661133,40.621124419142106,39.64017477971146,40.218935216656575,7767700
2024-08-06,42.01407241821289,42.46530832811502,40.473978130893556,40.95464507285065,9960300
2024-08-07,42.18083190917969,43.446257764541244,42.13178517862066,42.5437822057473,9581100
2024-08-08,43.024452209472656,43.1029262355494,42.25931268060122,42.38683344072916,5601600
2024-08-09,42.435874938964844,43.00482746143307,42.28873475496565,43.00482746143307,6048500
2024-08-12,42.484928131103516,42.700734496534665,42.24949858278459,42.386830926793245,5210100
2024-08-13,42.298545837402344,42.39664304292664,41.97483441423659,42.298545837402344,4640300
2024-08-14,42.56340026855469,42.66149746852291,42.00425932582526,42.29854344167882,4215700
2024-08-15,43.0440673828125,43.112733552079746,42.62225877615625,42.73016382558351,4121200
2024-08-16,43.289306640625,43.41682739361487,42.85768642427244,42.90673689760394,6779300
2024-08-19,44.162349700927734,44.19177699031998,43.30892463032219,43.32854032856661,5635200
2024-08-20,43.475685119628906,44.20158945587772,43.12254267183357,44.064253371270674,4247300
2024-08-21,43.65225601196289,43.8778739647794,43.37759132888639,43.64244816272115,4053600
2024-08-22,43.81901931762695,44.03482943929814,43.613020788045894,43.65225967235447,2959500
2024-08-23,44.427207946777344,44.48606252743666,43.887686419254464,44.03482661292849,3351200
2024-08-26,44.62339782714844,44.91768195133502,44.446826604231354,44.67244455750859,3214500
2024-08-27,44.5154914855957,44.67244326341694,44.19177633895002,44.5154914855957,4070900
2024-08-28,44.074066162109375,44.60377984821879,43.79940146947151,44.44682806070775,3495500
2024-08-29,44.62339782714844,44.633205676410206,43.838635173283336,44.23101650021589,4050900
2024-08-30,44.89806365966797,44.93730254177043,44.34873053631082,44.42720830051574,7265100
2024-09-03,44.682254791259766,44.819587140407265,43.8778763959451,44.59396917508982,4528700
2024-09-04,43.60321044921875,44.564540607752654,43.25987584415437,44.505682284649275,7726700
2024-09-05,43.97597122192383,44.23101646480785,43.652256066159765,43.88768561053596,4430600
2024-09-06,43.41682815551758,44.43701664949372,43.28930740028991,43.9857807263209,4602900
2024-09-09,43.671875,43.78958789980953,43.2500663884881,43.56396994933059,4289400
2024-09-10,43.93673324584961,44.10349288078062,43.485497330361966,43.848447632643264,4512300
2024-09-11,43.73073196411133,43.887683739662926,43.1421599992737,43.70130093355287,4642500
2024-09-12,44.23101806640625,44.51549435140418,43.64244979719228,43.769970552238966,5540800
2024-09-13,44.6424446105957,44.68210125514848,44.25580178087057,44.4045123070106,2685700
2024-09-16,45.04891586303711,45.24719530437729,44.72175799941172,45.06874418535771,4222600
2024-09-17,45.13813781738281,45.39590220509726,44.91011780170649,45.07865663703755,3585100
2024-09-18,44.79115295410156,45.425644108564676,44.711839668860875,45.1877118165738,5345600
2024-09-19,44.50364685058594,45.29676077375277,44.47390626030015,45.11830966830705,4787700
2024-09-20,44.98943328857422,45.13814002858764,44.12691831266053,44.275628834539624,9237800
2024-09-23,45.82220458984375,45.89160182594822,44.99934624479686,45.048915158890665,4099200
2024-09-24,45.63383483886719,46.07996260419269,45.4752120536254,46.07996260419269,5356700
2024-09-25,45.1083984375,45.80237455445004,44.939863379512516,45.60409512362637,6262400
2024-09-26,44.354942321777344,45.138140232530986,44.17649120746242,44.65235958501366,7325100
2024-09-27,44.771324157714844,44.8803780328308,44.265715206200156,44.50364749566628,4605300
2024-09-30,45.257110595703125,45.35624842377383,44.39459560765197,44.76141389161816,6280600
2024-10-01,45.96099853515625,46.00065517872296,44.850638988348166,44.90020790187371,6520100
2024-10-02,47.22998046875,47.24980879036307,46.1295332013515,46.59548930459445,6614900
2024-10-03,47.795074462890625,47.91404439273008,47.11101438470926,47.557142166943045,5932700
2024-10-04,49.20285415649414,49.24250701719273,47.99335303134576,48.10240690746446,7784600
2024-10-07,49.25242233276367,49.51018294184782,49.07397122575713,49.192937369806316,4998700
2024-10-08,48.51879119873047,49.00457562438804,48.09249173801025,48.97483503285219,5605100
2024-10-09,49.15328598022461,49.2623360761106,48.29077100993386,48.38991261782882,4044300
2024-10-10,49.04423141479492,49.26233538537438,48.746810377146005,49.20285420333707,4400100
2024-10-11,50.045536041259766,50.095104952571965,48.875691581337335,49.08388327796789,9246600
2024-10-14,50.58089065551758,50.74942571466912,49.81751729978653,49.95631176776206,5247300
2024-10-15,50.4619255065918,50.61063224727743,49.8571749282861,50.015797720803526,5434000
2024-10-16,50.92787551879883,51.185639908596166,50.36278160975957,50.56106103686548,6041000
2024-10-17,51.09641647338867,51.720991589141875,50.957622003221296,51.05675982995066,5336700
2024-10-18,51.909358978271484,51.98866848362367,50.89813725743774,51.24512343435171,5837600
2024-10-21,51.55245590209961,52.36539817339116,51.24512259198085,51.95892703774539,4334400
2024-10-22,51.84987258911133,52.13737757458298,51.53262701268247,51.61194029772248,4283700
2024-10-23,51.8003044128418,52.28608883594961,51.59211270945229,51.72099112667495,5866700
2024-10-24,52.167118072509766,52.296000269537146,51.671421387490454,52.10763689070142,5267700
2024-10-25,52.048152923583984,52.39513909699495,51.76064793312024,52.355486235652016,5595900
2024-10-28,51.839962005615234,52.11755094855324,51.433490861227845,51.55245701079189,5026500
2024-10-29,51.39383316040039,51.83996093942218,51.01710261568581,51.79039202661212,7903400
2024-10-30,52.03824234008789,52.27617464331862,51.30460954441731,51.47314461071693,5524300
2024-10-31,51.91926956176758,52.256343457763116,51.730906183542196,51.90935729212016,5902500
2024-11-01,51.11624526977539,52.38522761665029,51.05676030406599,52.25634541521278,5640800
2024-11-04,51.69124984741211,51.7309064899678,51.03693037270559,51.18564089135663,6719300
2024-11-05,52.59341812133789,52.84126646666169,51.86970140681626,52.04815251799865,5662900
2024-11-06,54.853797912597656,55.309837962924945,53.852488473981616,54.49689568821434,8219500
2024-11-07,54.96284866333008,55.27018197840361,53.89214575928722,54.10033746536976,5682800
2024-11-08,55.82536315917969,56.311143802494165,54.913279273698315,54.913279273698315,7120100
2024-11-11,56.41028594970703,56.83658541408217,56.07321204257007,56.20209046157414,6114200
2024-11-12,56.25166320800781,56.72753158642069,55.676653220426196,56.5292521499489,4933300
2024-11-13,55.1214714050293,56.60856150173188,54.94302029087573,56.54908031825781,6133300
2024-11-14,55.101646423339844,55.63699597964271,54.87362261563182,55.250353162698445,6026500
2024-11-15,56.06329345703125,56.20208792160344,54.72491394081025,55.05207178132105,7461800
2024-11-18,57.362022399902344,57.609870748479956,56.16243730043443,56.42019791893426,8605100
2024-11-19,58.09564971923828,58.19479132493097,57.044775171954704,57.14391299578183,6664200
2024-11-20,58.194793701171875,58.660746030424065,57.85771979178427,58.29393152904705,6926800
2024-11-21,59.2258415222168,59.5331710461824,58.01634040195957,58.194791510911145,5397000
2024-11-22,59.13661575317383,59.84050413489246,59.007733556761856,59.245665846590285,6594700
2024-11-25,57.689178466796875,59.384463992781996,56.449936762288615,59.295238438782775,14299900
2024-11-26,57.86763000488281,58.17496331135664,57.51072778623335,57.82797714426166,7363000
2024-11-27,57.639610290527344,57.83788972215201,57.34219303402314,57.5305564140405,5547500
2024-11-29,58.01634216308594,58.38315666179217,57.78832213514068,57.84780331868642,3638500
2024-12-02,55.96415710449219,58.18487615971718,55.80553431483326,58.09565060416743,7952300
2024-12-03,56.11286544799805,56.42019876632184,55.71631035343731,56.21200705803752,6948100
2024-12-04,55.81544876098633,56.112866030460566,55.04216310398017,55.95424323461659,7847400
2024-12-05,56.66804504394531,57.30253619750568,55.85510278071288,55.85510278071288,7330400
2024-12-06,56.360713958740234,56.925807901023816,55.983987185128335,56.55899339751087,8371400
2024-12-09,54.1994743347168,56.50942272820013,54.090424239552306,56.43010944240891,8365100
2024-12-10,54.080509185791016,55.08181863712042,53.93180244498697,54.78439759178095,8270900
2024-12-11,54.91328048706055,55.57751603968862,54.139994835876756,54.34818654475458,7856100
2024-12-12,54.71500015258789,55.25035349396626,54.40767062028472,55.2106968504866,8321200
2024-12-13,54.43000030517578,54.880001068115234,54.13999938964844,54.880001068115234,7224200
2024-12-16,53.970001220703125,54.41999816894531,53.689998626708984,54.400001525878906,7352800
2024-12-17,53.689998626708984,53.810001373291016,52.79999923706055,53.63999938964844,7504000
2024-12-18,52.0099983215332,53.810001373291016,51.939998626708984,53.470001220703125,8961900
2024-12-19,52.56999969482422,52.97999954223633,51.88999938964844,52.709999084472656,8455500
2024-12-20,53.4900016784668,53.65999984741211,52.34000015258789,52.47999954223633,16843400
2024-12-23,54.04999923706055,54.11000061035156,52.72999954223633,53.349998474121094,6356400
2024-12-24,54.599998474121094,54.599998474121094,53.970001220703125,54.36000061035156,2070900
2024-12-26,53.959999084472656,54.63999938964844,53.70000076293945,54.63999938964844,3230600
